[node08] network interface=eth0
[node08] region=ap-southeast applying per-destination WAN shaping from /config/tc.rules
[node08] tc rules applied:
qdisc htb 1: root refcnt 257 r2q 10 default 0x1 direct_packets_stat 0 direct_qlen 1000
qdisc netem 120: parent 1:20 limit 1000 delay 85ms  4.2ms loss 0.1%
qdisc netem 122: parent 1:22 limit 1000 delay 1ms  99us
qdisc netem 113: parent 1:13 limit 1000 delay 1ms  99us
qdisc netem 111: parent 1:11 limit 1000 delay 85ms  4.2ms loss 0.1%
qdisc netem 115: parent 1:15 limit 1000 delay 110ms  5.5ms loss 0.1%
qdisc netem 117: parent 1:17 limit 1000 delay 80ms  4ms loss 0.1%
qdisc netem 119: parent 1:19 limit 1000 delay 110ms  5.5ms loss 0.1%
qdisc netem 121: parent 1:21 limit 1000 delay 80ms  4ms loss 0.1%
qdisc netem 123: parent 1:23 limit 1000 delay 160ms  8ms loss 0.1%
qdisc netem 110: parent 1:10 limit 1000 delay 110ms  5.5ms loss 0.1%
qdisc netem 112: parent 1:12 limit 1000 delay 80ms  4ms loss 0.1%
qdisc netem 114: parent 1:14 limit 1000 delay 160ms  8ms loss 0.1%
qdisc netem 118: parent 1:18 limit 1000 delay 160ms  8ms loss 0.1%
qdisc netem 116: parent 1:16 limit 1000 delay 85ms  4.2ms loss 0.1%
Setting logging level to INFO
2026-10-07 10:17:35.553+00:00 | main | INFO  | Besu | Starting Besu
2026-10-07 10:17:35.907+00:00 | main | WARN  | Besu | --graphql-http-host has been ignored because --graphql-http-enabled was not defined on the command line.
2026-10-07 10:17:36.002+00:00 | main | INFO  | Besu | Connecting to 0 static nodes.
2026-10-07 10:17:36.006+00:00 | main | INFO  | Besu | Forcing price bump for transaction replacement to 0, since min-gas-price is set to 0
2026-10-07 10:17:36.007+00:00 | main | WARN  | Besu | Forcing tx-pool-min-gas-price=0, since it cannot be greater than the value of min-gas-price
2026-10-07 10:17:36.489+00:00 | main | INFO  | Besu | 
####################################################################################################
#                                                                                                  #
# Besu version 24.7.0                                                                              #
#                                                                                                  #
# Configuration:                                                                                   #
# Network: Custom genesis file                                                                     #
# /config/genesis.json                                                                             #
# Network Id: 1337                                                                                 #
# Data storage: Bonsai                                                                             #
# Sync mode: Full                                                                                  #
# RPC HTTP APIs: ETH,QBFT,NET,ADMIN,WEB3                                                           #
# RPC HTTP port: 8545                                                                              #
# Using LAYERED transaction pool implementation                                                    #
# Using STACKED worldstate update mode                                                             #
# Limit trie logs enabled: retention: 512; prune window: 30000                                     #
#                                                                                                  #
# Host:                                                                                            #
# Java: openjdk-java-21                                                                            #
# Maximum heap size: 29.50 GB                                                                      #
# OS: linux-x86_64                                                                                 #
# glibc: 2.39                                                                                      #
# jemalloc: 5.3.0-0-g54eaed1d8b56b1aa528be3bdd1877e59c56fa90c                                      #
# Total memory: 1007.68 GB                                                                         #
# CPU cores: 256                                                                                   #
#                                                                                                  #
# Plugin Registration Summary:                                                                     #
# No plugins have been registered.                                                                 #
# TOTAL = 0 of 0 plugins successfully registered.                                                  #
#                                                                                                  #
####################################################################################################
2026-10-07 10:17:36.490+00:00 | main | INFO  | Besu | Security Module: localfile
2026-10-07 10:17:36.492+00:00 | main | INFO  | VersionMetadata | Lookup version metadata file in data directory: /data
2026-10-07 10:17:36.492+00:00 | main | INFO  | VersionMetadata | No version data detected. Writing Besu version 24.7.0 to metadata file
2026-10-07 10:17:36.614+00:00 | main | INFO  | Besu | Using the native implementation of alt bn128
2026-10-07 10:17:36.706+00:00 | main | INFO  | Besu | Using the native implementation of modexp
2026-10-07 10:17:36.706+00:00 | main | INFO  | Besu | Using the native implementation of the signature algorithm
2026-10-07 10:17:36.715+00:00 | main | INFO  | Besu | Using the native implementation of the blake2bf algorithm
2026-10-07 10:17:36.808+00:00 | main | INFO  | Besu | Forcing price bump for transaction replacement to 0, since min-gas-price is set to 0
2026-10-07 10:17:36.810+00:00 | main | WARN  | Besu | Forcing tx-pool-min-gas-price=0, since it cannot be greater than the value of min-gas-price
2026-10-07 10:17:36.812+00:00 | main | INFO  | KeyPairUtil | Attempting to load public key from /data/key.priv
2026-10-07 10:17:36.844+00:00 | main | INFO  | KeyPairUtil | Loaded public key 0x31c34dd020f71a2a8a19ab5e1d826e812c9ba56c0d57a0676b8f9ea2808189a7e5239553e37ab09239cb15daef70442b35305ff0476d1da79407e623160eea24 from /data/key.priv
2026-10-07 10:17:37.081+00:00 | main | INFO  | ProtocolScheduleBuilder | Protocol schedule created with milestones: [Berlin:0]
2026-10-07 10:17:37.087+00:00 | main | INFO  | RocksDBKeyValueStorageFactory | No existing database at /data. Using default metadata for new db versionedStorageFormat=BaseVersionedStorageFormat{format=BONSAI, version=2}
2026-10-07 10:17:37.404+00:00 | main | INFO  | FlatDbStrategyProvider | Bonsai flat db mode found FULL
2026-10-07 10:17:37.408+00:00 | main | INFO  | FlatDbStrategyProvider | Bonsai db mode with code stored using code hash enabled = true
2026-10-07 10:17:37.419+00:00 | main | INFO  | FlatDbStrategyProvider | Bonsai flat db mode found FULL
2026-10-07 10:17:37.421+00:00 | main | INFO  | FlatDbStrategyProvider | Bonsai db mode with code stored using code hash enabled = true
2026-10-07 10:17:37.904+00:00 | main | INFO  | TransactionPoolFactory | Enabling transaction pool
2026-10-07 10:17:37.920+00:00 | main | INFO  | BesuControllerBuilder | TTD difficulty is not present, creating initial sync phase for PoW
2026-10-07 10:17:37.958+00:00 | main | INFO  | TrieLogPruner | Loading first 30000 trie logs from database...
2026-10-07 10:17:37.959+00:00 | main | INFO  | TrieLogPruner | Loaded 1 trie logs from database
2026-10-07 10:17:37.966+00:00 | main | INFO  | RunnerBuilder | Resolved 5 bootnodes.
2026-10-07 10:17:37.974+00:00 | main | INFO  | RunnerBuilder | Detecting NAT service.
2026-10-07 10:17:38.180+00:00 | main | INFO  | Runner | Starting external services ... 
2026-10-07 10:17:38.181+00:00 | main | INFO  | JsonRpcHttpService | Starting JSON-RPC service on 0.0.0.0:8545
2026-10-07 10:17:38.373+00:00 | vert.x-eventloop-thread-1 | INFO  | JsonRpcHttpService | JSON-RPC service started and listening on 0.0.0.0:8545
2026-10-07 10:17:38.377+00:00 | main | INFO  | WebSocketService | Starting Websocket service on 0.0.0.0:8546
2026-10-07 10:17:38.380+00:00 | vert.x-eventloop-thread-1 | INFO  | WebSocketService | Websocket service started and listening on 0.0.0.0:8546
2026-10-07 10:17:38.384+00:00 | main | INFO  | AutoTransactionLogBloomCachingService | Starting auto transaction log bloom caching service.
2026-10-07 10:17:38.386+00:00 | main | INFO  | LogBloomCacheMetadata | Lookup cache metadata file in data directory: /data/caches
2026-10-07 10:17:38.396+00:00 | main | INFO  | Runner | Starting Ethereum main loop ... 
2026-10-07 10:17:38.396+00:00 | main | INFO  | NatService | No NAT environment detected so no service could be started
2026-10-07 10:17:38.396+00:00 | main | INFO  | NetworkRunner | Starting Network.
2026-10-07 10:17:38.414+00:00 | nioEventLoopGroup-2-1 | INFO  | RlpxAgent | P2P RLPx agent started and listening on /[0:0:0:0:0:0:0:0]:30303.
2026-10-07 10:17:38.414+00:00 | main | INFO  | PeerDiscoveryAgent | Starting peer discovery agent on host=0.0.0.0, port=30303. IPv6 available.
2026-10-07 10:17:38.428+00:00 | vert.x-eventloop-thread-1 | INFO  | VertxPeerDiscoveryAgent | Started peer discovery agent successfully, on effective host=0:0:0:0:0:0:0:0%0 and port=30303
2026-10-07 10:17:38.432+00:00 | vert.x-eventloop-thread-1 | INFO  | PeerDiscoveryAgent | P2P peer discovery agent started and listening on /[0:0:0:0:0:0:0:0%0]:30303
2026-10-07 10:17:38.483+00:00 | vert.x-eventloop-thread-1 | INFO  | PeerDiscoveryAgent | Writing node record to disk. NodeRecord{seq=1, publicKey=0x0231c34dd020f71a2a8a19ab5e1d826e812c9ba56c0d57a0676b8f9ea2808189a7, udpAddress=Optional[/0.0.0.0:30303], tcpAddress=Optional[/0.0.0.0:30303], asBase64=-Je4QEoSFKGK-H4e6MuJLAYfDCaGhgHd8fWRw8KTItsEPgBBU5ehAbPbOlurCmdWfprXmHs-NhxFdrOngMbEVFWkmRIBg2V0aMfGhMIV8HKAgmlkgnY0gmlwhAAAAACJc2VjcDI1NmsxoQIxw03QIPcaKooZq14dgm6BLJulbA1XoGdrj56igIGJp4N0Y3CCdl-DdWRwgnZf, nodeId=0xbb4ce65a3ec1e3d71b9451bc94523e095435d70fc78171c763305a24f0e8e070, customFields={tcp=30303, udp=30303, ip=0x00000000, eth=[[0xc215f072, 0x]], id=V4, secp256k1=0x0231c34dd020f71a2a8a19ab5e1d826e812c9ba56c0d57a0676b8f9ea2808189a7}}
2026-10-07 10:17:38.525+00:00 | main | INFO  | DefaultP2PNetwork | Enode URL enode://31c34dd020f71a2a8a19ab5e1d826e812c9ba56c0d57a0676b8f9ea2808189a7e5239553e37ab09239cb15daef70442b35305ff0476d1da79407e623160eea24@0.0.0.0:30303
2026-10-07 10:17:38.525+00:00 | main | INFO  | DefaultP2PNetwork | Node address 0x94523e095435d70fc78171c763305a24f0e8e070
2026-10-07 10:17:38.551+00:00 | main | INFO  | NetworkRunner | Supported capabilities: [eth/62, eth/63, eth/64, eth/65, eth/66, eth/67, eth/68], [istanbul/100], [snap/1]
2026-10-07 10:17:38.552+00:00 | main | INFO  | DefaultSynchronizer | Starting synchronizer.
2026-10-07 10:17:38.553+00:00 | main | INFO  | TransactionPoolFactory | Enabling transaction handling following initial sync
2026-10-07 10:17:38.553+00:00 | main | INFO  | QbftBesuControllerBuilder | Starting QBFT mining coordinator following initial sync
2026-10-07 10:17:38.564+00:00 | main | INFO  | FullSyncDownloader | Starting full sync.
2026-10-07 10:17:38.565+00:00 | main | INFO  | FullSyncTargetManager | Unable to find sync target. Currently checking 0 peers for usefulness
2026-10-07 10:17:38.586+00:00 | main | INFO  | Runner | Ethereum main loop is up.
2026-10-07 10:17:38.741+00:00 | nioEventLoopGroup-3-4 | INFO  | FullSyncTargetManager | Unable to find sync target. Currently checking 1 peers for usefulness
2026-10-07 10:17:39.178+00:00 | nioEventLoopGroup-3-3 | INFO  | FullSyncTargetManager | Unable to find sync target. Currently checking 2 peers for usefulness
2026-10-07 10:17:39.199+00:00 | nioEventLoopGroup-3-5 | INFO  | FullSyncTargetManager | Unable to find sync target. Currently checking 3 peers for usefulness
2026-10-07 10:17:39.338+00:00 | nioEventLoopGroup-3-1 | INFO  | FullSyncTargetManager | Unable to find sync target. Currently checking 4 peers for usefulness
2026-10-07 10:17:39.650+00:00 | nioEventLoopGroup-3-2 | INFO  | FullSyncTargetManager | Unable to find sync target. Currently checking 5 peers for usefulness
2026-10-07 10:17:39.759+00:00 | nioEventLoopGroup-3-10 | INFO  | FullSyncTargetManager | Unable to find sync target. Currently checking 6 peers for usefulness
2026-10-07 10:17:39.816+00:00 | nioEventLoopGroup-3-1 | INFO  | FullSyncTargetManager | Unable to find sync target. Currently checking 7 peers for usefulness
2026-10-07 10:17:40.003+00:00 | nioEventLoopGroup-3-2 | INFO  | FullSyncTargetManager | Unable to find sync target. Currently checking 8 peers for usefulness
2026-10-07 10:17:43.066+00:00 | nioEventLoopGroup-3-7 | INFO  | FullSyncTargetManager | Unable to find sync target. Currently checking 9 peers for usefulness
2026-10-07 10:17:44.359+00:00 | nioEventLoopGroup-3-9 | INFO  | FullSyncTargetManager | Unable to find sync target. Currently checking 10 peers for usefulness
2026-10-07 10:17:46.070+00:00 | nioEventLoopGroup-3-2 | INFO  | FullSyncTargetManager | Unable to find sync target. Currently checking 11 peers for usefulness
2026-10-07 10:17:47.732+00:00 | nioEventLoopGroup-3-4 | INFO  | FullSyncTargetManager | Unable to find sync target. Currently checking 12 peers for usefulness
2026-10-07 10:17:49.460+00:00 | nioEventLoopGroup-3-5 | INFO  | FullSyncTargetManager | Unable to find sync target. Currently checking 13 peers for usefulness
2026-10-07 10:17:51.545+00:00 | BftProcessorExecutor-QBFT-0 | INFO  | QbftRound | Importing proposed block to chain. round=ConsensusRoundIdentifier{Sequence=1, Round=1}, hash=0xfdad758664adf2779d480c8b833d239570ecb37d98226a0317cad9a0dca90f8e
2026-10-07 10:17:51.562+00:00 | BftProcessorExecutor-QBFT-0 | INFO  | QbftBesuControllerBuilder | Imported #1 / 0 tx / 0 pending / 0 (0.0%) gas / (0xfdad758664adf2779d480c8b833d239570ecb37d98226a0317cad9a0dca90f8e)
2026-10-07 10:17:53.422+00:00 | BftProcessorExecutor-QBFT-0 | INFO  | QbftBesuControllerBuilder | Imported #2 / 0 tx / 0 pending / 0 (0.0%) gas / (0x8271c3f6f4b629f143bbcf2de92d9cb590e7bb87f3be875eab5494f021fb1f19)
2026-10-07 10:17:53.429+00:00 | EthScheduler-Workers-0 | INFO  | PersistBlockTask | Block 2 (0x8271c3f6f4b629f143bbcf2de92d9cb590e7bb87f3be875eab5494f021fb1f19) is already imported
2026-10-07 10:17:55.313+00:00 | BftProcessorExecutor-QBFT-0 | INFO  | QbftBesuControllerBuilder | Imported #3 / 0 tx / 0 pending / 0 (0.0%) gas / (0xd50dd76ab58a807bf7d4a29ba190c14860e06ca68b0ec1649af26e729a809c78)
2026-10-07 10:17:57.410+00:00 | BftProcessorExecutor-QBFT-0 | INFO  | QbftBesuControllerBuilder | Imported #4 / 0 tx / 0 pending / 0 (0.0%) gas / (0x9d917885238dbb3dc2d332aeb8e516c339b14da8dfc67050332144d20f6032d7)
2026-10-07 10:17:59.337+00:00 | BftProcessorExecutor-QBFT-0 | INFO  | QbftBesuControllerBuilder | Imported #5 / 0 tx / 0 pending / 0 (0.0%) gas / (0x1ee9e19f08a8fc91354e772a0ec154480f0df6823de1bb505c067d95e8b02eb4)
2026-10-07 10:18:01.397+00:00 | BftProcessorExecutor-QBFT-0 | INFO  | QbftBesuControllerBuilder | Imported #6 / 0 tx / 1 pending / 0 (0.0%) gas / (0x182521bd541865653ba1d3444e2d20b267c8051b0836553dc759ab2c8b6a6d6b)
2026-10-07 10:18:03.420+00:00 | EthScheduler-Workers-0 | INFO  | PersistBlockTask | Block 7 (0x52599a20c1021c4b96dc78711a1607814e90ee13cae94b25502042044b428204) is already imported
2026-10-07 10:18:03.421+00:00 | BftProcessorExecutor-QBFT-0 | INFO  | QbftBesuControllerBuilder | Imported #7 / 0 tx / 1 pending / 0 (0.0%) gas / (0x52599a20c1021c4b96dc78711a1607814e90ee13cae94b25502042044b428204)
2026-10-07 10:18:05.346+00:00 | BftProcessorExecutor-QBFT-0 | INFO  | QbftBesuControllerBuilder | Produced #8 / 0 tx / 1 pending / 0 (0.0%) gas / (0x3b5303afcc1e350208b83d6cb7aafbac48da5c2ec4507d37ae7685bddbd58180)
2026-10-07 10:18:07.422+00:00 | BftProcessorExecutor-QBFT-0 | INFO  | QbftBesuControllerBuilder | Imported #9 / 0 tx / 1 pending / 0 (0.0%) gas / (0x820bacd07cc45fbc64cdd6815b6e1d16bfd7b33f4db73ef1f6a4319079742e49)
2026-10-07 10:18:09.407+00:00 | BftProcessorExecutor-QBFT-0 | INFO  | QbftBesuControllerBuilder | Imported #10 / 0 tx / 1 pending / 0 (0.0%) gas / (0xf4c0052c7654c363b5f2a0b4a26145d609da90f5d312b8066c2f31f4bc088ae9)
2026-10-07 10:18:11.428+00:00 | BftProcessorExecutor-QBFT-0 | INFO  | QbftBesuControllerBuilder | Imported #11 / 0 tx / 1 pending / 0 (0.0%) gas / (0x782a8a7e7ea3392f585371fc0c2621864c676c67d6cef8ad3e9f8bb12a82d54c)
2026-10-07 10:18:13.448+00:00 | BftProcessorExecutor-QBFT-0 | INFO  | QbftBesuControllerBuilder | Imported #12 / 0 tx / 1 pending / 0 (0.0%) gas / (0x1c649d04769545baaab3480d866b57b366a07a8c5576e91466a128618eca53ee)
2026-10-07 10:18:15.333+00:00 | EthScheduler-Workers-0 | INFO  | PersistBlockTask | Block 13 (0xdb77ab7d789b74a45fd97d21de91c7a8d3b2129ef9d4c30801d638d0b28a8105) is already imported
2026-10-07 10:18:15.334+00:00 | BftProcessorExecutor-QBFT-0 | INFO  | QbftBesuControllerBuilder | Imported #13 / 0 tx / 1 pending / 0 (0.0%) gas / (0xdb77ab7d789b74a45fd97d21de91c7a8d3b2129ef9d4c30801d638d0b28a8105)
2026-10-07 10:18:17.503+00:00 | BftProcessorExecutor-QBFT-0 | INFO  | QbftBesuControllerBuilder | Imported #14 / 0 tx / 1 pending / 0 (0.0%) gas / (0x14de18c0f325ea6a546e985f93892bb5816b517bb53b81e3e872106d17e9054e)
2026-10-07 10:18:19.382+00:00 | BftProcessorExecutor-QBFT-0 | INFO  | QbftBesuControllerBuilder | Imported #15 / 1 tx / 0 pending / 465,218 (0.0%) gas / (0x670d6b29411bba43e53d861e3db0d9c38c7c40978b072dcd930a78ecf5735139)
2026-10-07 10:18:21.358+00:00 | BftProcessorExecutor-QBFT-0 | INFO  | QbftBesuControllerBuilder | Imported #16 / 0 tx / 1 pending / 0 (0.0%) gas / (0x9701b18496e8dcf402da2c847cb6da5b3582641c8c8ddde937644371f3706c6b)
2026-10-07 10:18:23.341+00:00 | BftProcessorExecutor-QBFT-0 | INFO  | QbftBesuControllerBuilder | Imported #17 / 0 tx / 1 pending / 0 (0.0%) gas / (0x3565c7e783ff44acb97ce512810be0008cc420427294c9d3a463b341039432f3)
2026-10-07 10:18:25.274+00:00 | BftProcessorExecutor-QBFT-0 | INFO  | QbftBesuControllerBuilder | Imported #18 / 0 tx / 1 pending / 0 (0.0%) gas / (0x489e482736bea5f5deb9b54c539a07eb2f8ea5f4777d76599a9404a076056cfe)
2026-10-07 10:18:27.347+00:00 | BftProcessorExecutor-QBFT-0 | INFO  | QbftBesuControllerBuilder | Imported #19 / 0 tx / 1 pending / 0 (0.0%) gas / (0x17cf3f7e08f4c0908f24d27cdcebabdd5ed4f1f996033cbe7907f7719fd17878)
2026-10-07 10:18:27.347+00:00 | EthScheduler-Workers-0 | INFO  | PersistBlockTask | Block 19 (0x17cf3f7e08f4c0908f24d27cdcebabdd5ed4f1f996033cbe7907f7719fd17878) is already imported
2026-10-07 10:18:29.304+00:00 | EthScheduler-Workers-0 | INFO  | PersistBlockTask | Block 20 (0x7c8c3f437a45705a8912a1eb9066c634bc87b7de80b4ecbcc44f40f33fb4304a) is already imported
2026-10-07 10:18:29.304+00:00 | BftProcessorExecutor-QBFT-0 | INFO  | QbftBesuControllerBuilder | Imported #20 / 0 tx / 1 pending / 0 (0.0%) gas / (0x7c8c3f437a45705a8912a1eb9066c634bc87b7de80b4ecbcc44f40f33fb4304a)
2026-10-07 10:18:31.334+00:00 | EthScheduler-Workers-0 | INFO  | PersistBlockTask | Block 21 (0xd5fe559e80e5f23fdee2d3700c971ea76ceb5f9ec92cb3fde7a5e92a0736b472) is already imported
2026-10-07 10:18:31.335+00:00 | BftProcessorExecutor-QBFT-0 | INFO  | QbftBesuControllerBuilder | Imported #21 / 0 tx / 1 pending / 0 (0.0%) gas / (0xd5fe559e80e5f23fdee2d3700c971ea76ceb5f9ec92cb3fde7a5e92a0736b472)
2026-10-07 10:18:33.346+00:00 | EthScheduler-Workers-0 | INFO  | PersistBlockTask | Block 22 (0x7f65c242cae7541c214b78a5d355054565f2759d4ccca339a00bdfcdd36410c3) is already imported
2026-10-07 10:18:33.346+00:00 | BftProcessorExecutor-QBFT-0 | INFO  | QbftBesuControllerBuilder | Imported #22 / 0 tx / 1 pending / 0 (0.0%) gas / (0x7f65c242cae7541c214b78a5d355054565f2759d4ccca339a00bdfcdd36410c3)
2026-10-07 10:18:35.295+00:00 | BftProcessorExecutor-QBFT-0 | INFO  | QbftBesuControllerBuilder | Produced #23 / 0 tx / 1 pending / 0 (0.0%) gas / (0x7dbad27c3c885617f9b6f1af553b4043d06f68c6587ece7ff5bde1bb0dbab867)
2026-10-07 10:18:37.349+00:00 | BftProcessorExecutor-QBFT-0 | INFO  | QbftBesuControllerBuilder | Imported #24 / 0 tx / 1 pending / 0 (0.0%) gas / (0x8daa59be7776b674115e28f714ba0a67a3841bc845d48daed1c5ac9547fef9e2)
2026-10-07 10:18:39.302+00:00 | EthScheduler-Workers-0 | INFO  | PersistBlockTask | Block 25 (0xc7f20ba92a93228e894067d9e16461c7b9bd3e443d9a877bc0f0be19c6958439) is already imported
2026-10-07 10:18:39.302+00:00 | BftProcessorExecutor-QBFT-0 | INFO  | QbftBesuControllerBuilder | Imported #25 / 0 tx / 1 pending / 0 (0.0%) gas / (0xc7f20ba92a93228e894067d9e16461c7b9bd3e443d9a877bc0f0be19c6958439)
2026-10-07 10:18:41.328+00:00 | BftProcessorExecutor-QBFT-0 | INFO  | QbftBesuControllerBuilder | Imported #26 / 0 tx / 1 pending / 0 (0.0%) gas / (0xa53ca5acbd830cd4eb9bd25ea5ea0aba065cd83044fd654377cf6040feeb2df0)
2026-10-07 10:18:43.341+00:00 | BftProcessorExecutor-QBFT-0 | INFO  | QbftBesuControllerBuilder | Imported #27 / 0 tx / 1 pending / 0 (0.0%) gas / (0x5247ddb44e4ec2bb867b3e7a8efd2a523a2380a7cec253762ee63fde1088f87d)
2026-10-07 10:18:45.292+00:00 | EthScheduler-Workers-0 | INFO  | PersistBlockTask | Block 28 (0x24120f01a8dcf1e642f1ff2bb8e8fdced21d837f5486d5575c05a1dd8e84a225) is already imported
2026-10-07 10:18:45.292+00:00 | BftProcessorExecutor-QBFT-0 | INFO  | QbftBesuControllerBuilder | Imported #28 / 0 tx / 1 pending / 0 (0.0%) gas / (0x24120f01a8dcf1e642f1ff2bb8e8fdced21d837f5486d5575c05a1dd8e84a225)
2026-10-07 10:18:47.349+00:00 | BftProcessorExecutor-QBFT-0 | INFO  | QbftBesuControllerBuilder | Imported #29 / 0 tx / 1 pending / 0 (0.0%) gas / (0xa5bdf49f3712df60393393ccf8c88d2383bfaaf4f1630fe3487c1bc7966233fa)
2026-10-07 10:18:49.337+00:00 | BftProcessorExecutor-QBFT-0 | INFO  | QbftBesuControllerBuilder | Imported #30 / 1 tx / 0 pending / 1,832,981 (0.0%) gas / (0x950c32ea7ceb447bf5fb3846df073f8280f09a9e4403760b34dddef5ca51f286)
2026-10-07 10:18:51.337+00:00 | BftProcessorExecutor-QBFT-0 | INFO  | QbftBesuControllerBuilder | Imported #31 / 0 tx / 0 pending / 0 (0.0%) gas / (0xa7314f1305d2c081cbe5269ee23962e3ebea09b8dd67f023b9bdd41489acf8de)
2026-10-07 10:18:51.341+00:00 | EthScheduler-Workers-0 | INFO  | PersistBlockTask | Block 31 (0xa7314f1305d2c081cbe5269ee23962e3ebea09b8dd67f023b9bdd41489acf8de) is already imported
2026-10-07 10:18:53.339+00:00 | BftProcessorExecutor-QBFT-0 | INFO  | QbftBesuControllerBuilder | Imported #32 / 0 tx / 0 pending / 0 (0.0%) gas / (0xe8a4db5172f66679dcbbe5ce1220993c6d893445e6cae1427144366176e52c4d)
2026-10-07 10:18:55.296+00:00 | BftProcessorExecutor-QBFT-0 | INFO  | QbftBesuControllerBuilder | Imported #33 / 0 tx / 0 pending / 0 (0.0%) gas / (0xe91b0ff96b3bab8e2e57f5fe7a30f92d10955cb8e399a748eb77c74fb7228b3b)
2026-10-07 10:18:55.297+00:00 | EthScheduler-Workers-0 | INFO  | PersistBlockTask | Block 33 (0xe91b0ff96b3bab8e2e57f5fe7a30f92d10955cb8e399a748eb77c74fb7228b3b) is already imported
2026-10-07 10:18:57.341+00:00 | BftProcessorExecutor-QBFT-0 | INFO  | QbftBesuControllerBuilder | Imported #34 / 0 tx / 0 pending / 0 (0.0%) gas / (0x05c591c3b29902911fe6c64f2431527d10d0036258f7e331a171346dbbe15a1b)
2026-10-07 10:18:59.323+00:00 | BftProcessorExecutor-QBFT-0 | INFO  | QbftBesuControllerBuilder | Imported #35 / 0 tx / 0 pending / 0 (0.0%) gas / (0xc249c96cb7f397caa3dfb522e3383d2ecbe3ef4a7b51ae8ee21f3421b5a6ff8d)
2026-10-07 10:19:01.319+00:00 | BftProcessorExecutor-QBFT-0 | INFO  | QbftBesuControllerBuilder | Imported #36 / 0 tx / 0 pending / 0 (0.0%) gas / (0x7f7622a8dc7e1236182711f6ca7247f61b1a449c38eb66486cf537e900f71507)
2026-10-07 10:19:03.359+00:00 | BftProcessorExecutor-QBFT-0 | INFO  | QbftBesuControllerBuilder | Imported #37 / 0 tx / 0 pending / 0 (0.0%) gas / (0x4abf0475c893ac5d8ff01733c96df3c744f1dc8e4bca5bc4068f34359796bb19)
2026-10-07 10:19:05.282+00:00 | BftProcessorExecutor-QBFT-0 | INFO  | QbftBesuControllerBuilder | Produced #38 / 0 tx / 0 pending / 0 (0.0%) gas / (0x54dede42c0e386e997265c9093d22c1b517b37409d736cc53700072143fa6244)
2026-10-07 10:19:07.366+00:00 | BftProcessorExecutor-QBFT-0 | INFO  | QbftBesuControllerBuilder | Imported #39 / 0 tx / 0 pending / 0 (0.0%) gas / (0x9e00286cd0b0800e15e3a5aec5fb31cb7f5891c2fc2e3bcddbe9d97f6053dc87)
2026-10-07 10:19:09.305+00:00 | BftProcessorExecutor-QBFT-0 | INFO  | QbftBesuControllerBuilder | Imported #40 / 0 tx / 0 pending / 0 (0.0%) gas / (0xff06b530414a433bf84d05dbe4d1a982e0c69239329308e41cc30516639e1c4b)
2026-10-07 10:19:11.323+00:00 | BftProcessorExecutor-QBFT-0 | INFO  | QbftBesuControllerBuilder | Imported #41 / 0 tx / 0 pending / 0 (0.0%) gas / (0xcf32bf3ee82301f318904472c75619c9ec0cbcf409ca9594aeee6a1cc6a6147b)
2026-10-07 10:19:13.347+00:00 | BftProcessorExecutor-QBFT-0 | INFO  | QbftBesuControllerBuilder | Imported #42 / 0 tx / 0 pending / 0 (0.0%) gas / (0xb7fea77efdd555c49f4937e4c0ab272a36796a3555abba875fdb37842f08ab65)
2026-10-07 10:19:15.297+00:00 | BftProcessorExecutor-QBFT-0 | INFO  | QbftBesuControllerBuilder | Imported #43 / 0 tx / 0 pending / 0 (0.0%) gas / (0x18d5f5d4b0e069713bb24eac98442c9588b10041b4ae9babbb9e4b3384dbf1a8)
2026-10-07 10:19:17.351+00:00 | BftProcessorExecutor-QBFT-0 | INFO  | QbftBesuControllerBuilder | Imported #44 / 0 tx / 0 pending / 0 (0.0%) gas / (0xeb5aa046e8cfb3bf6e9fadef790b9d84e6d0eb30015b9eeb51bee64cdfe87c7e)
2026-10-07 10:19:19.314+00:00 | BftProcessorExecutor-QBFT-0 | INFO  | QbftBesuControllerBuilder | Imported #45 / 0 tx / 0 pending / 0 (0.0%) gas / (0x7455cad8e53e51e30c7deb1d772444533251eefc49690ec4916319830821b42c)
2026-10-07 10:19:19.316+00:00 | EthScheduler-Workers-0 | INFO  | PersistBlockTask | Block 45 (0x7455cad8e53e51e30c7deb1d772444533251eefc49690ec4916319830821b42c) is already imported
2026-10-07 10:19:21.335+00:00 | BftProcessorExecutor-QBFT-0 | INFO  | QbftBesuControllerBuilder | Imported #46 / 0 tx / 0 pending / 0 (0.0%) gas / (0xf94b8a96d78ae4817c75c27629d5695b5532f6cb0f52943a02810d70d3d5fed8)
2026-10-07 10:19:21.336+00:00 | EthScheduler-Workers-0 | INFO  | PersistBlockTask | Block 46 (0xf94b8a96d78ae4817c75c27629d5695b5532f6cb0f52943a02810d70d3d5fed8) is already imported
2026-10-07 10:19:23.342+00:00 | BftProcessorExecutor-QBFT-0 | INFO  | QbftBesuControllerBuilder | Imported #47 / 0 tx / 0 pending / 0 (0.0%) gas / (0x3dfa5cb53bfc033049e89d32cdbe6753846d7417c3334658d915010a602bf8fb)
2026-10-07 10:19:25.282+00:00 | BftProcessorExecutor-QBFT-0 | INFO  | QbftBesuControllerBuilder | Imported #48 / 0 tx / 0 pending / 0 (0.0%) gas / (0x85183714a292c361c07b647c833acadca272723d22a42a5adac16a9034a82dac)
2026-10-07 10:19:25.283+00:00 | EthScheduler-Workers-0 | INFO  | PersistBlockTask | Block 48 (0x85183714a292c361c07b647c833acadca272723d22a42a5adac16a9034a82dac) is already imported
2026-10-07 10:19:27.358+00:00 | EthScheduler-Workers-0 | INFO  | PersistBlockTask | Block 49 (0xcecfb52ca6b3e7dd10944d21185e38d6162d27b458fbe84298ae5f2ae3942daa) is already imported
2026-10-07 10:19:27.359+00:00 | BftProcessorExecutor-QBFT-0 | INFO  | QbftBesuControllerBuilder | Imported #49 / 0 tx / 0 pending / 0 (0.0%) gas / (0xcecfb52ca6b3e7dd10944d21185e38d6162d27b458fbe84298ae5f2ae3942daa)
2026-10-07 10:19:29.314+00:00 | EthScheduler-Workers-0 | INFO  | PersistBlockTask | Block 50 (0x9a384d3fe2b5ef2930799aeb01fa8c57006bed7c301a9e6da22378590d4247df) is already imported
2026-10-07 10:19:29.315+00:00 | BftProcessorExecutor-QBFT-0 | INFO  | QbftBesuControllerBuilder | Imported #50 / 0 tx / 0 pending / 0 (0.0%) gas / (0x9a384d3fe2b5ef2930799aeb01fa8c57006bed7c301a9e6da22378590d4247df)
2026-10-07 10:19:31.327+00:00 | BftProcessorExecutor-QBFT-0 | INFO  | QbftBesuControllerBuilder | Imported #51 / 0 tx / 0 pending / 0 (0.0%) gas / (0x165859d04df15daf717b48322cab0a480a8aac9691b95fc7a1922004c2864b1b)
2026-10-07 10:19:33.344+00:00 | EthScheduler-Workers-0 | INFO  | PersistBlockTask | Block 52 (0x2c14fbcf082ad2bf7baa985cd3e493af294ee3db0180006018a17e148a3a4ad0) is already imported
2026-10-07 10:19:33.344+00:00 | BftProcessorExecutor-QBFT-0 | INFO  | QbftBesuControllerBuilder | Imported #52 / 0 tx / 0 pending / 0 (0.0%) gas / (0x2c14fbcf082ad2bf7baa985cd3e493af294ee3db0180006018a17e148a3a4ad0)
2026-10-07 10:19:35.297+00:00 | BftProcessorExecutor-QBFT-0 | INFO  | QbftBesuControllerBuilder | Produced #53 / 0 tx / 0 pending / 0 (0.0%) gas / (0xa58966a9b69f3669210c97666472a78517e6fa4967c79baf542eaa1948f51113)
2026-10-07 10:19:37.356+00:00 | BftProcessorExecutor-QBFT-0 | INFO  | QbftBesuControllerBuilder | Imported #54 / 0 tx / 0 pending / 0 (0.0%) gas / (0xb44ebb37cf04b68d5a32177b945febaba2e1e363fe6822ec1d09e5985a02c7b1)
2026-10-07 10:19:39.300+00:00 | BftProcessorExecutor-QBFT-0 | INFO  | QbftBesuControllerBuilder | Imported #55 / 0 tx / 0 pending / 0 (0.0%) gas / (0xede3b2f3cd7ae20802153c885239cf4f89a41b88f6d9357ac8dc9be4018e608e)
2026-10-07 10:19:41.318+00:00 | BftProcessorExecutor-QBFT-0 | INFO  | QbftBesuControllerBuilder | Imported #56 / 0 tx / 0 pending / 0 (0.0%) gas / (0x352a60d6b31ce6f893a5521e7547a26379b37b0140451af70ff0acfbde03ac05)
2026-10-07 10:19:43.349+00:00 | EthScheduler-Workers-0 | INFO  | PersistBlockTask | Block 57 (0x8ae5fb776df8845102b6962ea442656852adcc293fb7b6b1f32d1dc49374284f) is already imported
2026-10-07 10:19:43.350+00:00 | BftProcessorExecutor-QBFT-0 | INFO  | QbftBesuControllerBuilder | Imported #57 / 0 tx / 0 pending / 0 (0.0%) gas / (0x8ae5fb776df8845102b6962ea442656852adcc293fb7b6b1f32d1dc49374284f)
2026-10-07 10:19:45.278+00:00 | BftProcessorExecutor-QBFT-0 | INFO  | QbftBesuControllerBuilder | Imported #58 / 0 tx / 0 pending / 0 (0.0%) gas / (0xcb2b27be8f4fac4cc148fe24d98fad642d1d0d105de07cab4f6e4cbcc2174667)
2026-10-07 10:19:47.359+00:00 | BftProcessorExecutor-QBFT-0 | INFO  | QbftBesuControllerBuilder | Imported #59 / 0 tx / 0 pending / 0 (0.0%) gas / (0xb46813e6e8f9d3c741ab6dc9d4f213e53dcf27fe77d75f501f0643d48f4c5871)
2026-10-07 10:19:50.092+00:00 | EthScheduler-Workers-0 | INFO  | PersistBlockTask | Block 60 (0xcedead90cc54bb1f791b29d7109715b982d5b02de21575a9c0a2744dc2f91c63) is already imported
2026-10-07 10:19:50.092+00:00 | BftProcessorExecutor-QBFT-0 | INFO  | QbftBesuControllerBuilder | Imported #60 / 29 tx / 743 pending / 7,017,130 (0.0%) gas / (0xcedead90cc54bb1f791b29d7109715b982d5b02de21575a9c0a2744dc2f91c63)
2026-10-07 10:19:53.006+00:00 | EthScheduler-Workers-0 | INFO  | PersistBlockTask | Block 61 (0x2d1925f9d7158abef8490f850f310a27960e19f37368512f53eca1c870fae8a1) is already imported
2026-10-07 10:19:53.011+00:00 | BftProcessorExecutor-QBFT-0 | INFO  | QbftBesuControllerBuilder | Imported #61 / 74 tx / 1603 pending / 17,905,780 (0.0%) gas / (0x2d1925f9d7158abef8490f850f310a27960e19f37368512f53eca1c870fae8a1)
2026-10-07 10:19:55.258+00:00 | BftProcessorExecutor-QBFT-0 | INFO  | QbftBesuControllerBuilder | Imported #62 / 118 tx / 2317 pending / 28,552,460 (0.0%) gas / (0xbf1c2c86a3afe15a53cdc03c1efb6ecd6aeb799b6fab49c63ee780591457ebce)
2026-10-07 10:19:58.108+00:00 | BftProcessorExecutor-QBFT-0 | INFO  | QbftBesuControllerBuilder | Imported #63 / 174 tx / 3165 pending / 42,102,780 (0.0%) gas / (0x13cb615076b98173ef77ab8a6807c7d5d40768883e745faf1a4b318a5513735d)
2026-10-07 10:20:01.898+00:00 | BftProcessorExecutor-QBFT-0 | INFO  | QbftBesuControllerBuilder | Imported #64 / 243 tx / 4333 pending / 58,798,710 (0.0%) gas / (0x0decc443782fbf32d80b6a50b9bad7f877e392be44178457db63aebc633b7d28)
2026-10-07 10:20:06.494+00:00 | EthScheduler-Workers-0 | INFO  | PersistBlockTask | Block 65 (0x2ffbddb64169a0a2b2eda4b00ad77e917d05fd78ab515527a0cdf553aea49217) is already imported
2026-10-07 10:20:06.499+00:00 | BftProcessorExecutor-QBFT-0 | INFO  | QbftBesuControllerBuilder | Imported #65 / 293 tx / 5691 pending / 70,897,210 (0.0%) gas / (0x2ffbddb64169a0a2b2eda4b00ad77e917d05fd78ab515527a0cdf553aea49217)
2026-10-07 10:20:11.481+00:00 | BftProcessorExecutor-QBFT-0 | INFO  | QbftBesuControllerBuilder | Imported #66 / 336 tx / 6925 pending / 81,301,920 (0.0%) gas / (0x6a1dea397d5d7ff7c4e4715e8ddb1d2a2f0188debf24a3cf25c8a7e1d00cb571)
2026-10-07 10:20:16.193+00:00 | EthScheduler-Workers-0 | INFO  | PersistBlockTask | Block 67 (0x0e9caa0eafc45ea7ed7dc25c06a6c4a70134f3a9a5ab6704ddce26d44ad497ee) is already imported
2026-10-07 10:20:16.198+00:00 | BftProcessorExecutor-QBFT-0 | INFO  | QbftBesuControllerBuilder | Imported #67 / 306 tx / 6619 pending / 74,042,820 (0.0%) gas / (0x0e9caa0eafc45ea7ed7dc25c06a6c4a70134f3a9a5ab6704ddce26d44ad497ee)
2026-10-07 10:20:17.707+00:00 | BftProcessorExecutor-QBFT-0 | WARN  | BlockTransactionSelector | Interrupting the selection of transactions for block inclusion as it exceeds the maximum configured duration of 1500ms
java.util.concurrent.TimeoutException
	at java.base/java.util.concurrent.CompletableFuture.timedGet(CompletableFuture.java:1960)
	at java.base/java.util.concurrent.CompletableFuture.get(CompletableFuture.java:2095)
	at org.hyperledger.besu.ethereum.blockcreation.txselection.BlockTransactionSelector.timeLimitedSelection(BlockTransactionSelector.java:186)
	at org.hyperledger.besu.ethereum.blockcreation.txselection.BlockTransactionSelector.buildTransactionListForBlock(BlockTransactionSelector.java:169)
	at org.hyperledger.besu.ethereum.blockcreation.AbstractBlockCreator.selectTransactions(AbstractBlockCreator.java:376)
	at org.hyperledger.besu.ethereum.blockcreation.AbstractBlockCreator.createBlock(AbstractBlockCreator.java:218)
	at org.hyperledger.besu.ethereum.blockcreation.AbstractBlockCreator.createBlock(AbstractBlockCreator.java:146)
	at org.hyperledger.besu.consensus.common.bft.blockcreation.BftBlockCreator.createBlock(BftBlockCreator.java:92)
	at org.hyperledger.besu.consensus.qbft.statemachine.QbftRound.createAndSendProposalMessage(QbftRound.java:137)
	at org.hyperledger.besu.consensus.qbft.statemachine.QbftBlockHeightManager.handleBlockTimerExpiry(QbftBlockHeightManager.java:140)
	at org.hyperledger.besu.consensus.common.bft.statemachine.BaseBftController.handleBlockTimerExpiry(BaseBftController.java:167)
	at org.hyperledger.besu.consensus.common.bft.EventMultiplexer.handleBftEvent(EventMultiplexer.java:65)
	at java.base/java.util.Optional.ifPresent(Optional.java:178)
	at org.hyperledger.besu.consensus.common.bft.BftProcessor.run(BftProcessor.java:65)
	at java.base/java.util.concurrent.ThreadPoolExecutor.runWorker(ThreadPoolExecutor.java:1144)
	at java.base/java.util.concurrent.ThreadPoolExecutor$Worker.run(ThreadPoolExecutor.java:642)
	at java.base/java.lang.Thread.run(Thread.java:1583)
2026-10-07 10:20:21.284+00:00 | EthScheduler-Workers-0 | INFO  | PersistBlockTask | Block 68 (0x918a74025a5894973586147d931c32251b0e6eba645f924040c179979993433d) is already imported
2026-10-07 10:20:21.289+00:00 | BftProcessorExecutor-QBFT-0 | INFO  | QbftBesuControllerBuilder | Produced #68 / 335 tx / 6284 pending / 81,059,950 (0.0%) gas / (0x918a74025a5894973586147d931c32251b0e6eba645f924040c179979993433d)
2026-10-07 10:20:26.324+00:00 | EthScheduler-Workers-0 | INFO  | PersistBlockTask | Block 69 (0x9c5eac0e10c6c31b4419c0dec2cb3eb29135568155b0666c72b57f08e2ae1d87) is already imported
2026-10-07 10:20:26.332+00:00 | BftProcessorExecutor-QBFT-0 | INFO  | QbftBesuControllerBuilder | Imported #69 / 336 tx / 5948 pending / 81,301,920 (0.0%) gas / (0x9c5eac0e10c6c31b4419c0dec2cb3eb29135568155b0666c72b57f08e2ae1d87)
2026-10-07 10:20:31.231+00:00 | EthScheduler-Workers-0 | INFO  | PersistBlockTask | Block 70 (0x21ce8b2db8e47977e0b935969b4cbf88b329292c27851f8ca289e214558206fa) is already imported
2026-10-07 10:20:31.238+00:00 | BftProcessorExecutor-QBFT-0 | INFO  | QbftBesuControllerBuilder | Imported #70 / 334 tx / 5614 pending / 80,817,980 (0.0%) gas / (0x21ce8b2db8e47977e0b935969b4cbf88b329292c27851f8ca289e214558206fa)
2026-10-07 10:20:36.353+00:00 | BftProcessorExecutor-QBFT-0 | INFO  | QbftBesuControllerBuilder | Imported #71 / 336 tx / 5278 pending / 81,301,920 (0.0%) gas / (0xf131040e6b6d6d2605e1d798259da768034c5a4abb8d1c965a5801f7c0a766da)
2026-10-07 10:20:41.398+00:00 | EthScheduler-Workers-0 | INFO  | PersistBlockTask | Block 72 (0x1970409046e4ee0936790984a90959e0608ca96cdb2706c3a8fb350ab0843ed7) is already imported
2026-10-07 10:20:41.404+00:00 | BftProcessorExecutor-QBFT-0 | INFO  | QbftBesuControllerBuilder | Imported #72 / 331 tx / 4947 pending / 80,092,070 (0.0%) gas / (0x1970409046e4ee0936790984a90959e0608ca96cdb2706c3a8fb350ab0843ed7)
2026-10-07 10:20:46.044+00:00 | BftProcessorExecutor-QBFT-0 | INFO  | QbftBesuControllerBuilder | Imported #73 / 303 tx / 4644 pending / 73,316,910 (0.0%) gas / (0x11a1e944ba521aae808d359d631b80610fc1a607f79f23ea728df93315559ed5)
2026-10-07 10:20:51.084+00:00 | BftProcessorExecutor-QBFT-0 | INFO  | QbftBesuControllerBuilder | Imported #74 / 340 tx / 4304 pending / 82,269,800 (0.0%) gas / (0xd33927ba7f35683e720ec26ef8625c09542cf3a5c0dd308032cb33c62ee22ac2)
2026-10-07 10:20:55.998+00:00 | BftProcessorExecutor-QBFT-0 | INFO  | QbftBesuControllerBuilder | Imported #75 / 330 tx / 3974 pending / 79,850,100 (0.0%) gas / (0xe675c41c87c9f0e04c4c5988b3bd7f6b36e9a54ddd8b0bf09f901b342265c8fc)
2026-10-07 10:21:00.945+00:00 | EthScheduler-Workers-0 | INFO  | PersistBlockTask | Block 76 (0xde29e09449e5ddd82114c54de955590aab94641b94916827baf0b2740215df45) is already imported
2026-10-07 10:21:00.951+00:00 | BftProcessorExecutor-QBFT-0 | INFO  | QbftBesuControllerBuilder | Imported #76 / 330 tx / 3644 pending / 79,850,100 (0.0%) gas / (0xde29e09449e5ddd82114c54de955590aab94641b94916827baf0b2740215df45)
2026-10-07 10:21:06.068+00:00 | BftProcessorExecutor-QBFT-0 | INFO  | QbftBesuControllerBuilder | Imported #77 / 349 tx / 3295 pending / 84,447,530 (0.0%) gas / (0xaa7f11cbe396943d5bcb140f0a7aae3f4006f4f7ceb423bcdb8ecb8a31f686dc)
2026-10-07 10:21:11.138+00:00 | BftProcessorExecutor-QBFT-0 | INFO  | QbftBesuControllerBuilder | Imported #78 / 341 tx / 2954 pending / 82,511,770 (0.0%) gas / (0x29c27de723379673542f44fd4ca0730cceeba4c60891a050f1e79004c5a56965)
2026-10-07 10:21:15.775+00:00 | EthScheduler-Workers-0 | INFO  | PersistBlockTask | Block 79 (0x5db1ba38cc817c839448026c5a8d16918b6f507e5d2e993d082a08b1c8aa2b13) is already imported
2026-10-07 10:21:15.778+00:00 | BftProcessorExecutor-QBFT-0 | INFO  | QbftBesuControllerBuilder | Imported #79 / 306 tx / 2648 pending / 74,042,820 (0.0%) gas / (0x5db1ba38cc817c839448026c5a8d16918b6f507e5d2e993d082a08b1c8aa2b13)
2026-10-07 10:21:19.606+00:00 | EthScheduler-Workers-0 | INFO  | PersistBlockTask | Block 80 (0x5f3f6f82f1389dcfd079374a879c4e4d7114adb16e3ab8ef5c5739c2d958377b) is already imported
2026-10-07 10:21:19.609+00:00 | BftProcessorExecutor-QBFT-0 | INFO  | QbftBesuControllerBuilder | Imported #80 / 252 tx / 2396 pending / 60,976,440 (0.0%) gas / (0x5f3f6f82f1389dcfd079374a879c4e4d7114adb16e3ab8ef5c5739c2d958377b)
2026-10-07 10:21:22.900+00:00 | BftProcessorExecutor-QBFT-0 | INFO  | QbftBesuControllerBuilder | Imported #81 / 209 tx / 2187 pending / 50,571,730 (0.0%) gas / (0xcd67dbed2233ec6321887cf5d1d7432e033397e8cfc8936c00c3b90964065811)
2026-10-07 10:21:26.540+00:00 | EthScheduler-Workers-0 | INFO  | PersistBlockTask | Block 82 (0x512ec13f5ee682e064354f36105ebeba480acafe2af8e1d49d66704311cdd676) is already imported
2026-10-07 10:21:26.543+00:00 | BftProcessorExecutor-QBFT-0 | INFO  | QbftBesuControllerBuilder | Imported #82 / 239 tx / 1948 pending / 57,830,830 (0.0%) gas / (0x512ec13f5ee682e064354f36105ebeba480acafe2af8e1d49d66704311cdd676)
2026-10-07 10:21:29.918+00:00 | EthScheduler-Workers-0 | INFO  | PersistBlockTask | Block 83 (0x78f4ad20e5e8646feb2799c4cd17202a95e65d87bcc06971b1070a84e62d4001) is already imported
2026-10-07 10:21:29.919+00:00 | BftProcessorExecutor-QBFT-0 | INFO  | QbftBesuControllerBuilder | Produced #83 / 210 tx / 1738 pending / 50,813,700 (0.0%) gas / (0x78f4ad20e5e8646feb2799c4cd17202a95e65d87bcc06971b1070a84e62d4001)
2026-10-07 10:21:33.119+00:00 | EthScheduler-Workers-0 | INFO  | PersistBlockTask | Block 84 (0xa294ae8ae15e4a87dfd0569f03a2f9e9ee83ec2959a9f837307d7f178b4c27f2) is already imported
2026-10-07 10:21:33.121+00:00 | BftProcessorExecutor-QBFT-0 | INFO  | QbftBesuControllerBuilder | Imported #84 / 209 tx / 1529 pending / 50,571,730 (0.0%) gas / (0xa294ae8ae15e4a87dfd0569f03a2f9e9ee83ec2959a9f837307d7f178b4c27f2)
2026-10-07 10:21:36.329+00:00 | BftProcessorExecutor-QBFT-0 | INFO  | QbftBesuControllerBuilder | Imported #85 / 211 tx / 1318 pending / 51,055,670 (0.0%) gas / (0xd7d31b183b5eeff6d7d76233492a7c1b3171e5b59174a06c90a9dae0942f7626)
2026-10-07 10:21:39.734+00:00 | EthScheduler-Workers-0 | INFO  | PersistBlockTask | Block 86 (0xea9b6a4a013a9cc7ee1084c0f8e8053022c0fa0287f96e2dd68116130a574686) is already imported
2026-10-07 10:21:39.739+00:00 | BftProcessorExecutor-QBFT-0 | INFO  | QbftBesuControllerBuilder | Imported #86 / 209 tx / 1109 pending / 50,571,730 (0.0%) gas / (0xea9b6a4a013a9cc7ee1084c0f8e8053022c0fa0287f96e2dd68116130a574686)
2026-10-07 10:21:42.938+00:00 | EthScheduler-Workers-0 | INFO  | PersistBlockTask | Block 87 (0xa729d4f418e7a8247defe21cb250c12b54fb2962b2cbecf2ab6c578a0ea44ec1) is already imported
2026-10-07 10:21:42.940+00:00 | BftProcessorExecutor-QBFT-0 | INFO  | QbftBesuControllerBuilder | Imported #87 / 213 tx / 896 pending / 51,539,610 (0.0%) gas / (0xa729d4f418e7a8247defe21cb250c12b54fb2962b2cbecf2ab6c578a0ea44ec1)
2026-10-07 10:21:46.607+00:00 | EthScheduler-Workers-0 | INFO  | PersistBlockTask | Block 88 (0x9e9f7f4eab432c30dd0b89fc66c49c8f6cf8feca036010ab91e4dc538899be8d) is already imported
2026-10-07 10:21:46.608+00:00 | BftProcessorExecutor-QBFT-0 | INFO  | QbftBesuControllerBuilder | Imported #88 / 241 tx / 655 pending / 58,314,770 (0.0%) gas / (0x9e9f7f4eab432c30dd0b89fc66c49c8f6cf8feca036010ab91e4dc538899be8d)
2026-10-07 10:21:49.692+00:00 | EthScheduler-Workers-0 | INFO  | PersistBlockTask | Block 89 (0xd2ebdb6b05c3da4b0862fb1e9b2fb2048771249349655a08b5296b988dd8fa29) is already imported
2026-10-07 10:21:49.694+00:00 | BftProcessorExecutor-QBFT-0 | INFO  | QbftBesuControllerBuilder | Imported #89 / 204 tx / 451 pending / 49,361,880 (0.0%) gas / (0xd2ebdb6b05c3da4b0862fb1e9b2fb2048771249349655a08b5296b988dd8fa29)
2026-10-07 10:21:52.630+00:00 | EthScheduler-Workers-0 | INFO  | PersistBlockTask | Block 90 (0x68279c9039cb381b5b943c657fbf5a019e4aa393233756db24717881a855f5fb) is already imported
2026-10-07 10:21:52.631+00:00 | BftProcessorExecutor-QBFT-0 | INFO  | QbftBesuControllerBuilder | Imported #90 / 190 tx / 261 pending / 45,974,300 (0.0%) gas / (0x68279c9039cb381b5b943c657fbf5a019e4aa393233756db24717881a855f5fb)
2026-10-07 10:21:54.863+00:00 | BftProcessorExecutor-QBFT-0 | INFO  | QbftBesuControllerBuilder | Imported #91 / 145 tx / 116 pending / 35,085,650 (0.0%) gas / (0xe23bd9024d2968eed07af6186f1c72e02c3be6a7bcf480b3f185e1786dbfcd64)
2026-10-07 10:21:56.444+00:00 | EthScheduler-Workers-0 | INFO  | PersistBlockTask | Block 92 (0x2536ae339accc90b8cf673ed6a8e75e01bcf7d992df951056fcdf684a94cd382) is already imported
2026-10-07 10:21:56.445+00:00 | BftProcessorExecutor-QBFT-0 | INFO  | QbftBesuControllerBuilder | Imported #92 / 82 tx / 34 pending / 19,841,540 (0.0%) gas / (0x2536ae339accc90b8cf673ed6a8e75e01bcf7d992df951056fcdf684a94cd382)
2026-10-07 10:21:57.842+00:00 | EthScheduler-Workers-0 | INFO  | PersistBlockTask | Block 93 (0xdb768b8ac28808bad5f0e910407809f5e8ff69981af3359f7c736847598132e5) is already imported
2026-10-07 10:21:57.842+00:00 | BftProcessorExecutor-QBFT-0 | INFO  | QbftBesuControllerBuilder | Imported #93 / 34 tx / 0 pending / 8,226,980 (0.0%) gas / (0xdb768b8ac28808bad5f0e910407809f5e8ff69981af3359f7c736847598132e5)
2026-10-07 10:21:59.358+00:00 | BftProcessorExecutor-QBFT-0 | INFO  | QbftBesuControllerBuilder | Imported #94 / 0 tx / 0 pending / 0 (0.0%) gas / (0x77b0abb7ff54cf0bef94747d774599fff54d287f734d28b9ec59e6c0288ab5a2)
2026-10-07 10:22:01.316+00:00 | BftProcessorExecutor-QBFT-0 | INFO  | QbftBesuControllerBuilder | Imported #95 / 0 tx / 0 pending / 0 (0.0%) gas / (0x0c53a3b8f48c35b7b58d61a3b230e38cdc6d6e0c1615619c51ca766adbbeb489)
2026-10-07 10:22:03.333+00:00 | EthScheduler-Workers-0 | INFO  | PersistBlockTask | Block 96 (0x70cd92d63545b505853e72fcaa0af9866cd46641bc7e5698877f3eea9bfad0b5) is already imported
2026-10-07 10:22:03.333+00:00 | BftProcessorExecutor-QBFT-0 | INFO  | QbftBesuControllerBuilder | Imported #96 / 0 tx / 0 pending / 0 (0.0%) gas / (0x70cd92d63545b505853e72fcaa0af9866cd46641bc7e5698877f3eea9bfad0b5)
2026-10-07 10:22:05.350+00:00 | BftProcessorExecutor-QBFT-0 | INFO  | QbftBesuControllerBuilder | Imported #97 / 0 tx / 0 pending / 0 (0.0%) gas / (0x972624df7abafc98d7df096fd657e2f5ae6f402d948b71ae88931f64f6703b19)
2026-10-07 10:22:07.287+00:00 | BftProcessorExecutor-QBFT-0 | INFO  | QbftBesuControllerBuilder | Produced #98 / 0 tx / 0 pending / 0 (0.0%) gas / (0x4ee70ca088f9bed544fb2d902e97fb6084ac539887d26345986d114f8559e22c)
2026-10-07 10:22:09.370+00:00 | EthScheduler-Workers-0 | INFO  | PersistBlockTask | Block 99 (0x7e9aadf8dc28a6849d83a603edaffcf812910c98800966137a1ce13fef6098eb) is already imported
2026-10-07 10:22:09.371+00:00 | BftProcessorExecutor-QBFT-0 | INFO  | QbftBesuControllerBuilder | Imported #99 / 0 tx / 0 pending / 0 (0.0%) gas / (0x7e9aadf8dc28a6849d83a603edaffcf812910c98800966137a1ce13fef6098eb)
2026-10-07 10:22:11.313+00:00 | EthScheduler-Workers-0 | INFO  | PersistBlockTask | Block 100 (0x24b7034a9da13b2586329b56dd24680e7049c360c75b7765fb880b2fb20f966d) is already imported
2026-10-07 10:22:11.313+00:00 | BftProcessorExecutor-QBFT-0 | INFO  | QbftBesuControllerBuilder | Imported #100 / 0 tx / 0 pending / 0 (0.0%) gas / (0x24b7034a9da13b2586329b56dd24680e7049c360c75b7765fb880b2fb20f966d)
2026-10-07 10:22:13.334+00:00 | BftProcessorExecutor-QBFT-0 | INFO  | QbftBesuControllerBuilder | Imported #101 / 0 tx / 0 pending / 0 (0.0%) gas / (0xb16c933550efa3ce0b0a72e7eca40b01f81464e108b22bc5d42da3f279b76c93)
2026-10-07 10:22:13.335+00:00 | EthScheduler-Workers-0 | INFO  | PersistBlockTask | Block 101 (0xb16c933550efa3ce0b0a72e7eca40b01f81464e108b22bc5d42da3f279b76c93) is already imported
2026-10-07 10:22:15.343+00:00 | BftProcessorExecutor-QBFT-0 | INFO  | QbftBesuControllerBuilder | Imported #102 / 0 tx / 0 pending / 0 (0.0%) gas / (0x0618118a6351ddf8fce39d31b45d2a6a02ff2aedd632c3d16b60946b5692c176)
2026-10-07 10:22:15.345+00:00 | EthScheduler-Workers-0 | INFO  | PersistBlockTask | Block 102 (0x0618118a6351ddf8fce39d31b45d2a6a02ff2aedd632c3d16b60946b5692c176) is already imported
2026-10-07 10:22:17.304+00:00 | EthScheduler-Workers-0 | INFO  | PersistBlockTask | Block 103 (0xa49cebcd164bdd9b71b134ea9d873586064b639c8e06dfbd031a28d28731acf1) is already imported
2026-10-07 10:22:17.305+00:00 | BftProcessorExecutor-QBFT-0 | INFO  | QbftBesuControllerBuilder | Imported #103 / 0 tx / 0 pending / 0 (0.0%) gas / (0xa49cebcd164bdd9b71b134ea9d873586064b639c8e06dfbd031a28d28731acf1)
2026-10-07 10:22:19.344+00:00 | BftProcessorExecutor-QBFT-0 | INFO  | QbftBesuControllerBuilder | Imported #104 / 0 tx / 0 pending / 0 (0.0%) gas / (0x15002b2d92a94c9556d062ec5b1b6bc7b473c54c7b93ebd8f3a13917b50b5e0d)
2026-10-07 10:22:21.316+00:00 | BftProcessorExecutor-QBFT-0 | INFO  | QbftBesuControllerBuilder | Imported #105 / 0 tx / 0 pending / 0 (0.0%) gas / (0x21f02138d2c572acee92649bd873f5281d1d524af6be29840a5defb95dade9d8)
2026-10-07 10:22:23.319+00:00 | BftProcessorExecutor-QBFT-0 | INFO  | QbftBesuControllerBuilder | Imported #106 / 0 tx / 0 pending / 0 (0.0%) gas / (0x87e3849fc6896cdbef13b268c176298e6d94ff47642cdf7cde207f9259428dfc)
2026-10-07 10:22:25.346+00:00 | BftProcessorExecutor-QBFT-0 | INFO  | QbftBesuControllerBuilder | Imported #107 / 0 tx / 0 pending / 0 (0.0%) gas / (0x3314b2a9fc4679d947956c2774af9b2f02d1de319d944a0eb0b7f7fb016414ae)
2026-10-07 10:22:27.285+00:00 | EthScheduler-Workers-0 | INFO  | PersistBlockTask | Block 108 (0x9b13866641028f3088f9b93111565b46a599dfd3c95089c8ab4f95a042cdcb92) is already imported
2026-10-07 10:22:27.285+00:00 | BftProcessorExecutor-QBFT-0 | INFO  | QbftBesuControllerBuilder | Imported #108 / 0 tx / 0 pending / 0 (0.0%) gas / (0x9b13866641028f3088f9b93111565b46a599dfd3c95089c8ab4f95a042cdcb92)
2026-10-07 10:22:29.368+00:00 | BftProcessorExecutor-QBFT-0 | INFO  | QbftBesuControllerBuilder | Imported #109 / 0 tx / 0 pending / 0 (0.0%) gas / (0xc14d3753729dd92ed755972e36907bd8cd29b52320cccc5939a02314727ed4f1)
2026-10-07 10:22:29.370+00:00 | EthScheduler-Workers-0 | INFO  | PersistBlockTask | Block 109 (0xc14d3753729dd92ed755972e36907bd8cd29b52320cccc5939a02314727ed4f1) is already imported
2026-10-07 10:22:31.310+00:00 | EthScheduler-Workers-0 | INFO  | PersistBlockTask | Block 110 (0x3e32f662295497dc9f98e71833a3ab071296b7b482949cd7c73f01da44aad12c) is already imported
2026-10-07 10:22:31.310+00:00 | BftProcessorExecutor-QBFT-0 | INFO  | QbftBesuControllerBuilder | Imported #110 / 0 tx / 0 pending / 0 (0.0%) gas / (0x3e32f662295497dc9f98e71833a3ab071296b7b482949cd7c73f01da44aad12c)
2026-10-07 10:22:33.328+00:00 | BftProcessorExecutor-QBFT-0 | INFO  | QbftBesuControllerBuilder | Imported #111 / 0 tx / 0 pending / 0 (0.0%) gas / (0xfc0eea7ff43ab63d6bdbac7e6e6e6dc2b0319b618ceffd2ba89b377663306456)
2026-10-07 10:22:35.338+00:00 | BftProcessorExecutor-QBFT-0 | INFO  | QbftBesuControllerBuilder | Imported #112 / 0 tx / 0 pending / 0 (0.0%) gas / (0x1858c26ef2972081117dcd5244ef52daaec893113b7a83b7ecc4cca622d3dac7)
2026-10-07 10:22:37.282+00:00 | BftProcessorExecutor-QBFT-0 | INFO  | QbftBesuControllerBuilder | Produced #113 / 0 tx / 0 pending / 0 (0.0%) gas / (0x486112da0afe5d80846155b0a27a371b9fda44491c1c02b6641e9c8c7d043e29)
2026-10-07 10:22:39.366+00:00 | BftProcessorExecutor-QBFT-0 | INFO  | QbftBesuControllerBuilder | Imported #114 / 0 tx / 0 pending / 0 (0.0%) gas / (0x0a80f6b2bb5d18dfdb0dc31ba143df86d01edf6ec6b8d55334afdaec63b83808)
2026-10-07 10:22:39.368+00:00 | EthScheduler-Workers-0 | INFO  | PersistBlockTask | Block 114 (0x0a80f6b2bb5d18dfdb0dc31ba143df86d01edf6ec6b8d55334afdaec63b83808) is already imported
2026-10-07 10:22:41.312+00:00 | BftProcessorExecutor-QBFT-0 | INFO  | QbftBesuControllerBuilder | Imported #115 / 0 tx / 0 pending / 0 (0.0%) gas / (0xcdb85ce6a5bce1784fd9004e5b8c6719545fd669a1c547a7c50672304f5fea8a)
2026-10-07 10:22:41.314+00:00 | EthScheduler-Workers-0 | INFO  | PersistBlockTask | Block 115 (0xcdb85ce6a5bce1784fd9004e5b8c6719545fd669a1c547a7c50672304f5fea8a) is already imported
2026-10-07 10:22:43.330+00:00 | BftProcessorExecutor-QBFT-0 | INFO  | QbftBesuControllerBuilder | Imported #116 / 0 tx / 0 pending / 0 (0.0%) gas / (0x82a8e78a4c0d4a634ca20e48ce453c4bedcd912d70d7105fa4d00624a7bdcee3)
2026-10-07 10:22:45.339+00:00 | BftProcessorExecutor-QBFT-0 | INFO  | QbftBesuControllerBuilder | Imported #117 / 0 tx / 0 pending / 0 (0.0%) gas / (0x17c7d3bb7b1043fa9849928373a2252d29de511c7b48eb300818ce6a7efdaad6)
2026-10-07 10:22:47.282+00:00 | BftProcessorExecutor-QBFT-0 | INFO  | QbftBesuControllerBuilder | Imported #118 / 0 tx / 0 pending / 0 (0.0%) gas / (0xf6ac8690afb7c60582b29ccf1152076cdefbedfb2afeae714bbb4fe3de7b1df1)
2026-10-07 10:22:49.362+00:00 | BftProcessorExecutor-QBFT-0 | INFO  | QbftBesuControllerBuilder | Imported #119 / 0 tx / 0 pending / 0 (0.0%) gas / (0xff11a4cbbd3a3a4883bd282ebf2ebfc5c2e11fe551d0baf0431b9a652eb883d7)
2026-10-07 10:22:51.325+00:00 | BftProcessorExecutor-QBFT-0 | INFO  | QbftBesuControllerBuilder | Imported #120 / 0 tx / 0 pending / 0 (0.0%) gas / (0x4d072ed50549823e2a24e4b2392be16b6f376ab574b9bb4e4d4ed222f0500ab4)
2026-10-07 10:22:53.335+00:00 | EthScheduler-Workers-0 | INFO  | PersistBlockTask | Block 121 (0x7367b44c1665676740391cd717186921aadfa2a5f50fe53a0a7eb19460de6988) is already imported
2026-10-07 10:22:53.335+00:00 | BftProcessorExecutor-QBFT-0 | INFO  | QbftBesuControllerBuilder | Imported #121 / 0 tx / 0 pending / 0 (0.0%) gas / (0x7367b44c1665676740391cd717186921aadfa2a5f50fe53a0a7eb19460de6988)
2026-10-07 10:22:55.350+00:00 | EthScheduler-Workers-0 | INFO  | PersistBlockTask | Block 122 (0x9ec3d3f633d9dc939ea46fc8098856e978aa39b1c65bd58c9c5bdfa2541cb233) is already imported
2026-10-07 10:22:55.351+00:00 | BftProcessorExecutor-QBFT-0 | INFO  | QbftBesuControllerBuilder | Imported #122 / 0 tx / 0 pending / 0 (0.0%) gas / (0x9ec3d3f633d9dc939ea46fc8098856e978aa39b1c65bd58c9c5bdfa2541cb233)
2026-10-07 10:22:57.265+00:00 | BftProcessorExecutor-QBFT-0 | INFO  | QbftBesuControllerBuilder | Imported #123 / 0 tx / 0 pending / 0 (0.0%) gas / (0x130272f8a52f339fa745862d7de9cfaf2f8b2786fcd97211db18fb6bd7c50404)
2026-10-07 10:22:59.364+00:00 | BftProcessorExecutor-QBFT-0 | INFO  | QbftBesuControllerBuilder | Imported #124 / 0 tx / 0 pending / 0 (0.0%) gas / (0x6ccf4ca73387ac043528a7aa9eefd0d6a314ff5f8afea396c965183e35c732f9)
2026-10-07 10:23:01.295+00:00 | BftProcessorExecutor-QBFT-0 | INFO  | QbftBesuControllerBuilder | Imported #125 / 0 tx / 0 pending / 0 (0.0%) gas / (0x65cce66ee8c64acd0a371b55ae35336eacc2c33544f0df255277ddf03c4b17d1)
2026-10-07 10:23:03.314+00:00 | BftProcessorExecutor-QBFT-0 | INFO  | QbftBesuControllerBuilder | Imported #126 / 0 tx / 0 pending / 0 (0.0%) gas / (0xfa9eb3c8b74470cdf10c340cce0bf65d07b2920632b653fc8688943f60b8743b)
2026-10-07 10:23:05.339+00:00 | BftProcessorExecutor-QBFT-0 | INFO  | QbftBesuControllerBuilder | Imported #127 / 0 tx / 0 pending / 0 (0.0%) gas / (0x57428ace5bc3c54d51d97846fb99135d1f262789b998f3a04bea6110b0a88b78)
2026-10-07 10:23:07.273+00:00 | BftProcessorExecutor-QBFT-0 | INFO  | QbftBesuControllerBuilder | Produced #128 / 0 tx / 0 pending / 0 (0.0%) gas / (0xa7ccacd14e1dcb2f9f7126bec287487142121711ba70b3a280ee16cc1b868056)
2026-10-07 10:23:09.354+00:00 | BftProcessorExecutor-QBFT-0 | INFO  | QbftBesuControllerBuilder | Imported #129 / 0 tx / 0 pending / 0 (0.0%) gas / (0x3af58784f7cee59eb6ef3e02c8a1a05f4695a87c3d1a08017d1c35bcd487b6d6)
2026-10-07 10:23:11.300+00:00 | BftProcessorExecutor-QBFT-0 | INFO  | QbftBesuControllerBuilder | Imported #130 / 0 tx / 0 pending / 0 (0.0%) gas / (0x6cebf9a078ec1c3cedce9b53e3e69cc9b03ccbc978fa5c58fc553823dede4c0e)
2026-10-07 10:23:13.322+00:00 | BftProcessorExecutor-QBFT-0 | INFO  | QbftBesuControllerBuilder | Imported #131 / 0 tx / 0 pending / 0 (0.0%) gas / (0xa0e1d006e9fb72a086e1ebd84157b31772e98e6abbf0873f4c737afd6c85f522)
2026-10-07 10:23:15.348+00:00 | BftProcessorExecutor-QBFT-0 | INFO  | QbftBesuControllerBuilder | Imported #132 / 0 tx / 0 pending / 0 (0.0%) gas / (0x1e57cd2f0561c4709291c4e811022c3635aca7f3cebd4043f12e443378f6f003)
2026-10-07 10:23:17.262+00:00 | BftProcessorExecutor-QBFT-0 | INFO  | QbftBesuControllerBuilder | Imported #133 / 0 tx / 0 pending / 0 (0.0%) gas / (0x3b8e37f8b89bc6df4f21e2d4438e2c1f4a04c5650b5182de3a879039b918a685)
2026-10-07 10:23:19.342+00:00 | BftProcessorExecutor-QBFT-0 | INFO  | QbftBesuControllerBuilder | Imported #134 / 0 tx / 0 pending / 0 (0.0%) gas / (0x4cbec6d13ca791924074a04448bd8536a577cddf9324a53ed7e10a6158f2c4c7)
2026-10-07 10:23:21.286+00:00 | EthScheduler-Workers-0 | INFO  | PersistBlockTask | Block 135 (0xff2cc58df69a6a64a8716920847b183b13099556be8dc6d44772c914bfe9d374) is already imported
2026-10-07 10:23:21.287+00:00 | BftProcessorExecutor-QBFT-0 | INFO  | QbftBesuControllerBuilder | Imported #135 / 0 tx / 0 pending / 0 (0.0%) gas / (0xff2cc58df69a6a64a8716920847b183b13099556be8dc6d44772c914bfe9d374)
2026-10-07 10:23:23.326+00:00 | BftProcessorExecutor-QBFT-0 | INFO  | QbftBesuControllerBuilder | Imported #136 / 0 tx / 0 pending / 0 (0.0%) gas / (0x2d0f2a5e0e394c7801d6e13f70bbcf4790e3b9b984b02e9302f02b5328d4523f)
2026-10-07 10:23:23.326+00:00 | EthScheduler-Workers-0 | INFO  | PersistBlockTask | Block 136 (0x2d0f2a5e0e394c7801d6e13f70bbcf4790e3b9b984b02e9302f02b5328d4523f) is already imported
2026-10-07 10:23:25.349+00:00 | BftProcessorExecutor-QBFT-0 | INFO  | QbftBesuControllerBuilder | Imported #137 / 0 tx / 0 pending / 0 (0.0%) gas / (0x9b4abf80a575dac7d1fce65181c1bf47048e5d8694142821b2d82c30d7e641d2)
2026-10-07 10:23:27.284+00:00 | BftProcessorExecutor-QBFT-0 | INFO  | QbftBesuControllerBuilder | Imported #138 / 0 tx / 0 pending / 0 (0.0%) gas / (0x3aed8d641d26af577e11b75897f24a4e4056509d3c465a2d7ba32a80b07ec2fb)
2026-10-07 10:23:27.284+00:00 | EthScheduler-Workers-0 | INFO  | PersistBlockTask | Block 138 (0x3aed8d641d26af577e11b75897f24a4e4056509d3c465a2d7ba32a80b07ec2fb) is already imported
2026-10-07 10:23:29.363+00:00 | BftProcessorExecutor-QBFT-0 | INFO  | QbftBesuControllerBuilder | Imported #139 / 0 tx / 0 pending / 0 (0.0%) gas / (0xfae3b7d1e49d9bb829c4004a3357c800b5bb151d78e3d24a9a52043cb26d07c2)
2026-10-07 10:23:31.298+00:00 | BftProcessorExecutor-QBFT-0 | INFO  | QbftBesuControllerBuilder | Imported #140 / 0 tx / 0 pending / 0 (0.0%) gas / (0xccd6d9ce22fbcf4b6c85aecd99a1589ad93054b72eccd66c61e1224c848a8ba2)
2026-10-07 10:23:33.338+00:00 | BftProcessorExecutor-QBFT-0 | INFO  | QbftBesuControllerBuilder | Imported #141 / 0 tx / 0 pending / 0 (0.0%) gas / (0x21eb352c546786811afe3bad98864142785f22268d4141feb587857242956f07)
2026-10-07 10:23:35.342+00:00 | BftProcessorExecutor-QBFT-0 | INFO  | QbftBesuControllerBuilder | Imported #142 / 0 tx / 0 pending / 0 (0.0%) gas / (0xa97a9f9c1f9431f83f384beccfec8c0a240da2083c2dc54b82ba0c3b31348961)
2026-10-07 10:23:37.288+00:00 | BftProcessorExecutor-QBFT-0 | INFO  | QbftBesuControllerBuilder | Produced #143 / 0 tx / 0 pending / 0 (0.0%) gas / (0x36bab0471804b374c08a42b1355b950e22aec30825d81a3c5c99523b0bae1a44)
2026-10-07 10:23:39.355+00:00 | BftProcessorExecutor-QBFT-0 | INFO  | QbftBesuControllerBuilder | Imported #144 / 0 tx / 0 pending / 0 (0.0%) gas / (0x9dc579dc893fb6735d04f51a854c0142d7e9237df84ed22ec785936cab516c47)
2026-10-07 10:23:41.301+00:00 | BftProcessorExecutor-QBFT-0 | INFO  | QbftBesuControllerBuilder | Imported #145 / 0 tx / 0 pending / 0 (0.0%) gas / (0x9ff14dff60cdaabc25211213e8827c76696151b1482b98f25604844564918a86)
2026-10-07 10:23:43.325+00:00 | BftProcessorExecutor-QBFT-0 | INFO  | QbftBesuControllerBuilder | Imported #146 / 0 tx / 0 pending / 0 (0.0%) gas / (0xa63246cd234ad843d2e03c82017d0bf84f6e6223ed5739d07c4269b9358a2abf)
2026-10-07 10:23:43.330+00:00 | EthScheduler-Workers-0 | INFO  | PersistBlockTask | Block 146 (0xa63246cd234ad843d2e03c82017d0bf84f6e6223ed5739d07c4269b9358a2abf) is already imported
2026-10-07 10:23:45.351+00:00 | BftProcessorExecutor-QBFT-0 | INFO  | QbftBesuControllerBuilder | Imported #147 / 0 tx / 0 pending / 0 (0.0%) gas / (0x411671f572fa1c52a3ce4ba0bf2565435be2a9d919e31eb154935cafb649fc33)
2026-10-07 10:23:47.288+00:00 | BftProcessorExecutor-QBFT-0 | INFO  | QbftBesuControllerBuilder | Imported #148 / 0 tx / 0 pending / 0 (0.0%) gas / (0x01b559a6919c63cc88bfe62295eccc4ea2f6bd3864d639a9887db299542d1e91)
2026-10-07 10:23:49.366+00:00 | EthScheduler-Workers-0 | INFO  | PersistBlockTask | Block 149 (0x2d2e5d54182118bcfb566708840f1dfbf063e937f6e087e03b41c95ab59e879e) is already imported
2026-10-07 10:23:49.366+00:00 | BftProcessorExecutor-QBFT-0 | INFO  | QbftBesuControllerBuilder | Imported #149 / 0 tx / 0 pending / 0 (0.0%) gas / (0x2d2e5d54182118bcfb566708840f1dfbf063e937f6e087e03b41c95ab59e879e)
2026-10-07 10:23:51.310+00:00 | BftProcessorExecutor-QBFT-0 | INFO  | QbftBesuControllerBuilder | Imported #150 / 0 tx / 0 pending / 0 (0.0%) gas / (0x019ce62520045747ed7112df9302b7cb30f30b441cd50f032e3061a6fdf74711)
2026-10-07 10:23:51.310+00:00 | EthScheduler-Workers-0 | INFO  | PersistBlockTask | Block 150 (0x019ce62520045747ed7112df9302b7cb30f30b441cd50f032e3061a6fdf74711) is already imported
2026-10-07 10:23:53.321+00:00 | BftProcessorExecutor-QBFT-0 | INFO  | QbftBesuControllerBuilder | Imported #151 / 0 tx / 0 pending / 0 (0.0%) gas / (0x9fe59e9e175e1264ca423fdaa2879a584b57bab5f32a4a90586de479073193be)
2026-10-07 10:23:55.334+00:00 | BftProcessorExecutor-QBFT-0 | INFO  | QbftBesuControllerBuilder | Imported #152 / 0 tx / 0 pending / 0 (0.0%) gas / (0xe650af322bcb88ccfafc215c4ff32c3a21c29f5c62178df2454230d90043fdac)
2026-10-07 10:23:57.285+00:00 | BftProcessorExecutor-QBFT-0 | INFO  | QbftBesuControllerBuilder | Imported #153 / 0 tx / 0 pending / 0 (0.0%) gas / (0xb50ca643ca3bfeb72c6a63542f45ff054765ee016727b669de403843fb649261)
2026-10-07 10:23:57.286+00:00 | EthScheduler-Workers-0 | INFO  | PersistBlockTask | Block 153 (0xb50ca643ca3bfeb72c6a63542f45ff054765ee016727b669de403843fb649261) is already imported
2026-10-07 10:23:59.358+00:00 | BftProcessorExecutor-QBFT-0 | INFO  | QbftBesuControllerBuilder | Imported #154 / 0 tx / 0 pending / 0 (0.0%) gas / (0x62f4fb34a41e0edaf953d591763d5475fad205502e2210410d01beb69bd65052)
2026-10-07 10:24:01.306+00:00 | BftProcessorExecutor-QBFT-0 | INFO  | QbftBesuControllerBuilder | Imported #155 / 0 tx / 0 pending / 0 (0.0%) gas / (0x580b0b3a8c0b7eae70f018a7e5a6081a7392e48ebf3246af40c2747b518056ea)
2026-10-07 10:24:03.330+00:00 | BftProcessorExecutor-QBFT-0 | INFO  | QbftBesuControllerBuilder | Imported #156 / 0 tx / 0 pending / 0 (0.0%) gas / (0xebdcd5bf8c4378842b678aede4df010f8cfb7283982c0b34e559673beaa1bc1d)
2026-10-07 10:24:05.344+00:00 | BftProcessorExecutor-QBFT-0 | INFO  | QbftBesuControllerBuilder | Imported #157 / 0 tx / 0 pending / 0 (0.0%) gas / (0xd99c88dffd1a9790c8369f100d0135953a4ff140c00dc76edb62ed2433f1f549)
2026-10-07 10:24:05.345+00:00 | EthScheduler-Workers-0 | INFO  | PersistBlockTask | Block 157 (0xd99c88dffd1a9790c8369f100d0135953a4ff140c00dc76edb62ed2433f1f549) is already imported
2026-10-07 10:24:07.267+00:00 | BftProcessorExecutor-QBFT-0 | INFO  | QbftBesuControllerBuilder | Produced #158 / 0 tx / 0 pending / 0 (0.0%) gas / (0x7174d96fe412c677ae3f766ae5560e8111eeced3d9b9122beff91482b523f623)
2026-10-07 10:24:09.364+00:00 | BftProcessorExecutor-QBFT-0 | INFO  | QbftBesuControllerBuilder | Imported #159 / 0 tx / 0 pending / 0 (0.0%) gas / (0xc6a59d83b81709fc985f52a6bd872870725dbdbdb263594455133842572551b4)
2026-10-07 10:24:11.316+00:00 | BftProcessorExecutor-QBFT-0 | INFO  | QbftBesuControllerBuilder | Imported #160 / 0 tx / 0 pending / 0 (0.0%) gas / (0x9ffe795810902c77e6037e8e5680d405754688273499c7a2635939271b29513f)
2026-10-07 10:24:13.329+00:00 | BftProcessorExecutor-QBFT-0 | INFO  | QbftBesuControllerBuilder | Imported #161 / 0 tx / 0 pending / 0 (0.0%) gas / (0x2b02c67020e41a86f2e2e91516d9a0acaa27f205cd3a1b21ce656db827a7a8ce)
2026-10-07 10:24:13.332+00:00 | EthScheduler-Workers-0 | INFO  | PersistBlockTask | Block 161 (0x2b02c67020e41a86f2e2e91516d9a0acaa27f205cd3a1b21ce656db827a7a8ce) is already imported
2026-10-07 10:24:15.340+00:00 | BftProcessorExecutor-QBFT-0 | INFO  | QbftBesuControllerBuilder | Imported #162 / 0 tx / 0 pending / 0 (0.0%) gas / (0x770684a8b6b152ed530a5f57d429dae880da7539c3cb86b27ee8c8fd745e7ba4)
2026-10-07 10:24:15.345+00:00 | EthScheduler-Workers-0 | INFO  | PersistBlockTask | Block 162 (0x770684a8b6b152ed530a5f57d429dae880da7539c3cb86b27ee8c8fd745e7ba4) is already imported
2026-10-07 10:24:17.284+00:00 | BftProcessorExecutor-QBFT-0 | INFO  | QbftBesuControllerBuilder | Imported #163 / 0 tx / 0 pending / 0 (0.0%) gas / (0x56bf8f553f7c7a51a51452a20addfe063f2626408861fe5e00764593e5301493)
2026-10-07 10:24:19.354+00:00 | BftProcessorExecutor-QBFT-0 | INFO  | QbftBesuControllerBuilder | Imported #164 / 0 tx / 0 pending / 0 (0.0%) gas / (0x4fa75d36f656e1dec3e6da9ca4814d015d1c184cbcc1301a99c9a2120f180bdc)
2026-10-07 10:24:19.356+00:00 | EthScheduler-Workers-0 | INFO  | PersistBlockTask | Block 164 (0x4fa75d36f656e1dec3e6da9ca4814d015d1c184cbcc1301a99c9a2120f180bdc) is already imported
2026-10-07 10:24:21.309+00:00 | BftProcessorExecutor-QBFT-0 | INFO  | QbftBesuControllerBuilder | Imported #165 / 0 tx / 0 pending / 0 (0.0%) gas / (0x6c53a21c3c9ff8dd3150def33cf3a3dde65beae776b045005518b4c78f3d62a0)
2026-10-07 10:24:23.322+00:00 | EthScheduler-Workers-0 | INFO  | PersistBlockTask | Block 166 (0x0c8d006e734fef87cf720ce0c3b2fe6b4abf695b7cd77b5d1e62391e10f6052d) is already imported
2026-10-07 10:24:23.322+00:00 | BftProcessorExecutor-QBFT-0 | INFO  | QbftBesuControllerBuilder | Imported #166 / 0 tx / 0 pending / 0 (0.0%) gas / (0x0c8d006e734fef87cf720ce0c3b2fe6b4abf695b7cd77b5d1e62391e10f6052d)
2026-10-07 10:24:25.340+00:00 | EthScheduler-Workers-0 | INFO  | PersistBlockTask | Block 167 (0x4e69f9ff6e7cbe19df19485be5fdb83e0e8d33c402e7d19f974ecef97188830e) is already imported
2026-10-07 10:24:25.339+00:00 | BftProcessorExecutor-QBFT-0 | INFO  | QbftBesuControllerBuilder | Imported #167 / 0 tx / 0 pending / 0 (0.0%) gas / (0x4e69f9ff6e7cbe19df19485be5fdb83e0e8d33c402e7d19f974ecef97188830e)
2026-10-07 10:24:27.277+00:00 | BftProcessorExecutor-QBFT-0 | INFO  | QbftBesuControllerBuilder | Imported #168 / 0 tx / 0 pending / 0 (0.0%) gas / (0xc6c3ce77d1df7896c7d715c2ec8c760b60809e5e5b6c45e5cd020b742ab658cb)
2026-10-07 10:24:29.349+00:00 | BftProcessorExecutor-QBFT-0 | INFO  | QbftBesuControllerBuilder | Imported #169 / 0 tx / 0 pending / 0 (0.0%) gas / (0x8f2c656f436c4037843e89b51c91aa23c2164cbf45e03fe4af359937ea7189de)
2026-10-07 10:24:29.350+00:00 | EthScheduler-Workers-0 | INFO  | PersistBlockTask | Block 169 (0x8f2c656f436c4037843e89b51c91aa23c2164cbf45e03fe4af359937ea7189de) is already imported
2026-10-07 10:24:31.297+00:00 | BftProcessorExecutor-QBFT-0 | INFO  | QbftBesuControllerBuilder | Imported #170 / 0 tx / 0 pending / 0 (0.0%) gas / (0x1dfef3633eebbcba44a11621eb6d1d58c50dfefc4a6bb9ce4949340480f29772)
2026-10-07 10:24:33.328+00:00 | BftProcessorExecutor-QBFT-0 | INFO  | QbftBesuControllerBuilder | Imported #171 / 0 tx / 0 pending / 0 (0.0%) gas / (0x5adb66d23e69cca2f033748b009cd06b67ce88897c9baa6d547fc935eeb23e8b)
2026-10-07 10:24:33.332+00:00 | EthScheduler-Workers-0 | INFO  | PersistBlockTask | Block 171 (0x5adb66d23e69cca2f033748b009cd06b67ce88897c9baa6d547fc935eeb23e8b) is already imported
2026-10-07 10:24:35.359+00:00 | BftProcessorExecutor-QBFT-0 | INFO  | QbftBesuControllerBuilder | Imported #172 / 1 tx / 7 pending / 153,650 (0.0%) gas / (0x950a374a0a1b6f7a5bad19e28fc59d58f8c6a6a7202927b50724355cd8149f1d)
2026-10-07 10:24:37.278+00:00 | BftProcessorExecutor-QBFT-0 | INFO  | QbftBesuControllerBuilder | Produced #173 / 0 tx / 7 pending / 0 (0.0%) gas / (0x8d39e56e3f4422208bf2f244ded6f4e36735cb790c8ce3ff80390a7ab988d7ee)
2026-10-07 10:24:39.367+00:00 | EthScheduler-Workers-0 | INFO  | PersistBlockTask | Block 174 (0x4457e9fc53eb475de33c93ffe164e860f1ae0fb03cf1506472bc1503cd574a58) is already imported
2026-10-07 10:24:39.367+00:00 | BftProcessorExecutor-QBFT-0 | INFO  | QbftBesuControllerBuilder | Imported #174 / 0 tx / 7 pending / 0 (0.0%) gas / (0x4457e9fc53eb475de33c93ffe164e860f1ae0fb03cf1506472bc1503cd574a58)
2026-10-07 10:24:41.309+00:00 | BftProcessorExecutor-QBFT-0 | INFO  | QbftBesuControllerBuilder | Imported #175 / 0 tx / 7 pending / 0 (0.0%) gas / (0x170ce95310c25c0aa34f6d52d99a2861af8772130ccf999b2f2cc29c9de2ca08)
2026-10-07 10:24:43.325+00:00 | EthScheduler-Workers-0 | INFO  | PersistBlockTask | Block 176 (0x39086e8a3a7ea528c1b3dea86c5bf24d9fd407b1cfa17cf2d0d5823d2eabcdcf) is already imported
2026-10-07 10:24:43.326+00:00 | BftProcessorExecutor-QBFT-0 | INFO  | QbftBesuControllerBuilder | Imported #176 / 0 tx / 7 pending / 0 (0.0%) gas / (0x39086e8a3a7ea528c1b3dea86c5bf24d9fd407b1cfa17cf2d0d5823d2eabcdcf)
2026-10-07 10:24:45.347+00:00 | BftProcessorExecutor-QBFT-0 | INFO  | QbftBesuControllerBuilder | Imported #177 / 0 tx / 7 pending / 0 (0.0%) gas / (0x1e78045ea378d9e1709330799a13ed36f83ee8f1c1dbc7737645ff9f30d8142d)
2026-10-07 10:24:47.280+00:00 | BftProcessorExecutor-QBFT-0 | INFO  | QbftBesuControllerBuilder | Imported #178 / 0 tx / 7 pending / 0 (0.0%) gas / (0x9d3de3538c6b7ca7f2ca589605319224008b68260b1ceaba7c2908f4e1fa179b)
2026-10-07 10:24:49.372+00:00 | BftProcessorExecutor-QBFT-0 | INFO  | QbftBesuControllerBuilder | Imported #179 / 0 tx / 7 pending / 0 (0.0%) gas / (0xc6f72c7ec66bc3b10351087d69e0fc5a805a5f898a61e64d298f8b3abc593e6f)
2026-10-07 10:24:49.374+00:00 | EthScheduler-Workers-0 | INFO  | PersistBlockTask | Block 179 (0xc6f72c7ec66bc3b10351087d69e0fc5a805a5f898a61e64d298f8b3abc593e6f) is already imported
2026-10-07 10:24:51.311+00:00 | BftProcessorExecutor-QBFT-0 | INFO  | QbftBesuControllerBuilder | Imported #180 / 1 tx / 6 pending / 153,650 (0.0%) gas / (0xcc134f0697387907c5882a85ef369da7d19610afcfdf87c828692206b0c572e7)
2026-10-07 10:24:53.353+00:00 | EthScheduler-Workers-0 | INFO  | PersistBlockTask | Block 181 (0xb37c8acc884cac478b7964587f4a0ed97865732d3b085e7330955ce50fc57039) is already imported
2026-10-07 10:24:53.353+00:00 | BftProcessorExecutor-QBFT-0 | INFO  | QbftBesuControllerBuilder | Imported #181 / 1 tx / 5 pending / 153,650 (0.0%) gas / (0xb37c8acc884cac478b7964587f4a0ed97865732d3b085e7330955ce50fc57039)
2026-10-07 10:24:55.345+00:00 | BftProcessorExecutor-QBFT-0 | INFO  | QbftBesuControllerBuilder | Imported #182 / 1 tx / 4 pending / 153,650 (0.0%) gas / (0x9d1a038c0a989ec7ff2fbee668719b7c89e0c0d4e5c261f51ce429b9d29643e4)
2026-10-07 10:24:57.282+00:00 | BftProcessorExecutor-QBFT-0 | INFO  | QbftBesuControllerBuilder | Imported #183 / 1 tx / 3 pending / 153,630 (0.0%) gas / (0x1c4b2e11bd91aaa521ebe117f00335c755b161bd401719046f8d11194a994134)
2026-10-07 10:24:59.383+00:00 | EthScheduler-Workers-0 | INFO  | PersistBlockTask | Block 184 (0x71242a5bb1de8d1374de5f728858e7070e055e35692282cb310c9883a0ea2101) is already imported
2026-10-07 10:24:59.383+00:00 | BftProcessorExecutor-QBFT-0 | INFO  | QbftBesuControllerBuilder | Imported #184 / 1 tx / 2 pending / 153,618 (0.0%) gas / (0x71242a5bb1de8d1374de5f728858e7070e055e35692282cb310c9883a0ea2101)
2026-10-07 10:25:01.344+00:00 | EthScheduler-Workers-0 | INFO  | PersistBlockTask | Block 185 (0x16b45d72a7f3e1325168b3aa54178ddd01eb6c328de1ff2d30b2968d2a2f20d9) is already imported
2026-10-07 10:25:01.345+00:00 | BftProcessorExecutor-QBFT-0 | INFO  | QbftBesuControllerBuilder | Imported #185 / 1 tx / 1 pending / 153,630 (0.0%) gas / (0x16b45d72a7f3e1325168b3aa54178ddd01eb6c328de1ff2d30b2968d2a2f20d9)
2026-10-07 10:25:03.353+00:00 | BftProcessorExecutor-QBFT-0 | INFO  | QbftBesuControllerBuilder | Imported #186 / 1 tx / 0 pending / 153,618 (0.0%) gas / (0x1a9ebce1f3aad4e1cf5cb8994251fe3f8194c59daa593b2250af8dc8b7efe793)
2026-10-07 10:25:05.345+00:00 | BftProcessorExecutor-QBFT-0 | INFO  | QbftBesuControllerBuilder | Imported #187 / 0 tx / 0 pending / 0 (0.0%) gas / (0xaf8f5a7204be887836fde97d81bfb32914cc1897b2e710827c79e9b45177215b)
2026-10-07 10:25:07.281+00:00 | EthScheduler-Workers-0 | INFO  | PersistBlockTask | Block 188 (0x38e2c7f3b086658bf3ea69bfa7b3b2810af44d17b3e06cd8d8c66c4030b8702c) is already imported
2026-10-07 10:25:07.281+00:00 | BftProcessorExecutor-QBFT-0 | INFO  | QbftBesuControllerBuilder | Produced #188 / 0 tx / 0 pending / 0 (0.0%) gas / (0x38e2c7f3b086658bf3ea69bfa7b3b2810af44d17b3e06cd8d8c66c4030b8702c)
2026-10-07 10:25:09.360+00:00 | BftProcessorExecutor-QBFT-0 | INFO  | QbftBesuControllerBuilder | Imported #189 / 0 tx / 0 pending / 0 (0.0%) gas / (0x9ede8fe3e79882346387f3796709a697fde052e8e681d8606c19cc4358bff0cf)
2026-10-07 10:25:11.313+00:00 | BftProcessorExecutor-QBFT-0 | INFO  | QbftBesuControllerBuilder | Imported #190 / 0 tx / 0 pending / 0 (0.0%) gas / (0x07dcfb399bbb8cb2008b8eb405010136daeaf036dc08b6b29a006d52cac7d24c)
2026-10-07 10:25:13.323+00:00 | BftProcessorExecutor-QBFT-0 | INFO  | QbftBesuControllerBuilder | Imported #191 / 0 tx / 0 pending / 0 (0.0%) gas / (0x5d93b25acc5b4925be472ebe0b1f8a6b54e6cb7a844b3dfcde94eea166c9b1e6)
2026-10-07 10:25:15.339+00:00 | BftProcessorExecutor-QBFT-0 | INFO  | QbftBesuControllerBuilder | Imported #192 / 0 tx / 0 pending / 0 (0.0%) gas / (0x1155755ea85ee0da469f8e6c10cf7f8ebc3d40b4d8c64799ee07f4dbbd28dcd7)
2026-10-07 10:25:17.261+00:00 | BftProcessorExecutor-QBFT-0 | INFO  | QbftBesuControllerBuilder | Imported #193 / 0 tx / 0 pending / 0 (0.0%) gas / (0xca2551d5f71d2364894dbc6d35d173ad9fde6004024e49ffb7e6e676ffa2b88c)
2026-10-07 10:25:19.362+00:00 | BftProcessorExecutor-QBFT-0 | INFO  | QbftBesuControllerBuilder | Imported #194 / 0 tx / 0 pending / 0 (0.0%) gas / (0xb735b7d15f9090c7b7642b0669337588d460390ff99832f6956848ca984f2125)
2026-10-07 10:25:19.362+00:00 | EthScheduler-Workers-0 | INFO  | PersistBlockTask | Block 194 (0xb735b7d15f9090c7b7642b0669337588d460390ff99832f6956848ca984f2125) is already imported
2026-10-07 10:25:21.305+00:00 | BftProcessorExecutor-QBFT-0 | INFO  | QbftBesuControllerBuilder | Imported #195 / 0 tx / 0 pending / 0 (0.0%) gas / (0xfe5200a47270b9bc3c775245578f3b8daadd03fd433c88586fa4d5c4642a678b)
2026-10-07 10:25:23.320+00:00 | EthScheduler-Workers-0 | INFO  | PersistBlockTask | Block 196 (0x9805e5bdcd28d718d06dc8f981f6d0ee8e01fb3cbe71e476e98e8d4d5d11fcde) is already imported
2026-10-07 10:25:23.321+00:00 | BftProcessorExecutor-QBFT-0 | INFO  | QbftBesuControllerBuilder | Imported #196 / 0 tx / 0 pending / 0 (0.0%) gas / (0x9805e5bdcd28d718d06dc8f981f6d0ee8e01fb3cbe71e476e98e8d4d5d11fcde)
2026-10-07 10:25:25.337+00:00 | BftProcessorExecutor-QBFT-0 | INFO  | QbftBesuControllerBuilder | Imported #197 / 0 tx / 0 pending / 0 (0.0%) gas / (0x1ea522674eec48b1f09707f7b5ef47f691be7cb0d8eaed0a0f621a7bc5e1702c)
2026-10-07 10:25:27.282+00:00 | BftProcessorExecutor-QBFT-0 | INFO  | QbftBesuControllerBuilder | Imported #198 / 0 tx / 0 pending / 0 (0.0%) gas / (0xe49be080fafca6490068536da28f21614491f90187f1c9738b7c818c932f8d56)
2026-10-07 10:25:29.370+00:00 | BftProcessorExecutor-QBFT-0 | INFO  | QbftBesuControllerBuilder | Imported #199 / 0 tx / 0 pending / 0 (0.0%) gas / (0x167df7dad5311483fe035304c7ef410caef1463b47c48cb65d1039a2acc2792a)
2026-10-07 10:25:31.293+00:00 | BftProcessorExecutor-QBFT-0 | INFO  | QbftBesuControllerBuilder | Imported #200 / 0 tx / 0 pending / 0 (0.0%) gas / (0x2541de235a1bdfb238ffcc69cd5f1ebfbc4da5af9fc95fdcdca11972f9600612)
2026-10-07 10:25:33.318+00:00 | BftProcessorExecutor-QBFT-0 | INFO  | QbftBesuControllerBuilder | Imported #201 / 0 tx / 0 pending / 0 (0.0%) gas / (0xe986c538cc0f5ff380a28bfcd3c0878b1a91ae02e7d2ed2efcac52df7504f92d)
2026-10-07 10:25:35.346+00:00 | BftProcessorExecutor-QBFT-0 | INFO  | QbftBesuControllerBuilder | Imported #202 / 0 tx / 0 pending / 0 (0.0%) gas / (0xc90a1f33b4c602b469330316b0af87eab9fbb44ddf87ee3e91e138c473fa8d58)
2026-10-07 10:25:37.561+00:00 | EthScheduler-Workers-0 | INFO  | PersistBlockTask | Block 203 (0xaa0bb817248c62b059b5c8fd39f0a01772524a32c46fa9089cc08f0ba2d05487) is already imported
2026-10-07 10:25:37.562+00:00 | BftProcessorExecutor-QBFT-0 | INFO  | QbftBesuControllerBuilder | Produced #203 / 8 tx / 219 pending / 1,935,760 (0.0%) gas / (0xaa0bb817248c62b059b5c8fd39f0a01772524a32c46fa9089cc08f0ba2d05487)
2026-10-07 10:25:39.910+00:00 | BftProcessorExecutor-QBFT-0 | INFO  | QbftBesuControllerBuilder | Imported #204 / 32 tx / 671 pending / 7,743,040 (0.0%) gas / (0x60272c6e195e9246ae2f0eb8f70acc5c1f9acdd29379061fa23dd752dbe19e54)
2026-10-07 10:25:42.292+00:00 | BftProcessorExecutor-QBFT-0 | INFO  | QbftBesuControllerBuilder | Imported #205 / 61 tx / 1111 pending / 14,760,170 (0.0%) gas / (0xd270fda65c33a7615c03dc575054cf2e285bc49678722907030d4ed2b42e78ec)
2026-10-07 10:25:44.683+00:00 | EthScheduler-Workers-0 | INFO  | PersistBlockTask | Block 206 (0x7e11a10597da3d362dcf6bbd2313e87283b0dfbc99db31b4eb7e81e8c3a602cc) is already imported
2026-10-07 10:25:44.684+00:00 | BftProcessorExecutor-QBFT-0 | INFO  | QbftBesuControllerBuilder | Imported #206 / 91 tx / 1615 pending / 22,019,270 (0.0%) gas / (0x7e11a10597da3d362dcf6bbd2313e87283b0dfbc99db31b4eb7e81e8c3a602cc)
2026-10-07 10:25:47.167+00:00 | EthScheduler-Workers-0 | INFO  | PersistBlockTask | Block 207 (0x6c7767bb8b3bd1236c3af26bf092df0135aabf7dc1c63455456616f04e68557c) is already imported
2026-10-07 10:25:47.172+00:00 | BftProcessorExecutor-QBFT-0 | INFO  | QbftBesuControllerBuilder | Imported #207 / 129 tx / 2185 pending / 31,214,130 (0.0%) gas / (0x6c7767bb8b3bd1236c3af26bf092df0135aabf7dc1c63455456616f04e68557c)
2026-10-07 10:25:49.922+00:00 | EthScheduler-Workers-0 | INFO  | PersistBlockTask | Block 208 (0xb2af90ac20dd0e02e92f282a543f70df7a7c1bc87b20baf887a1a4b32ce5c323) is already imported
2026-10-07 10:25:49.925+00:00 | BftProcessorExecutor-QBFT-0 | INFO  | QbftBesuControllerBuilder | Imported #208 / 171 tx / 2961 pending / 41,376,870 (0.0%) gas / (0xb2af90ac20dd0e02e92f282a543f70df7a7c1bc87b20baf887a1a4b32ce5c323)
2026-10-07 10:25:53.364+00:00 | EthScheduler-Workers-0 | INFO  | PersistBlockTask | Block 209 (0x60d84f7227ac25654b64510075b4411b532a54e2f7afce5720d1474752c1b30f) is already imported
2026-10-07 10:25:53.373+00:00 | BftProcessorExecutor-QBFT-0 | INFO  | QbftBesuControllerBuilder | Imported #209 / 232 tx / 4080 pending / 56,137,040 (0.0%) gas / (0x60d84f7227ac25654b64510075b4411b532a54e2f7afce5720d1474752c1b30f)
2026-10-07 10:25:58.039+00:00 | EthScheduler-Workers-0 | INFO  | PersistBlockTask | Block 210 (0xea01a14b4c7271bec67a44443340d9f727dfecdf0d3f0e1f660cb866a4445991) is already imported
2026-10-07 10:25:58.044+00:00 | BftProcessorExecutor-QBFT-0 | INFO  | QbftBesuControllerBuilder | Imported #210 / 326 tx / 5516 pending / 78,882,220 (0.0%) gas / (0xea01a14b4c7271bec67a44443340d9f727dfecdf0d3f0e1f660cb866a4445991)
2026-10-07 10:26:02.922+00:00 | EthScheduler-Workers-0 | INFO  | PersistBlockTask | Block 211 (0x9010ec14982a7e866926b44d1d3586985ff52872844d2f98016c90d56b636246) is already imported
2026-10-07 10:26:02.936+00:00 | BftProcessorExecutor-QBFT-0 | INFO  | QbftBesuControllerBuilder | Imported #211 / 328 tx / 6814 pending / 79,366,160 (0.0%) gas / (0x9010ec14982a7e866926b44d1d3586985ff52872844d2f98016c90d56b636246)
2026-10-07 10:26:07.809+00:00 | BftProcessorExecutor-QBFT-0 | INFO  | QbftBesuControllerBuilder | Imported #212 / 322 tx / 6492 pending / 77,914,340 (0.0%) gas / (0x5bd6eed7e36c504cc9ca6463d38d32e5f0a2224c4067f0d8a5f8686b7fc612e6)
2026-10-07 10:26:12.790+00:00 | EthScheduler-Workers-0 | INFO  | PersistBlockTask | Block 213 (0x77bfaf774ec6efafba8501dbf796aad7249daef268794bb9fc70451348b6517e) is already imported
2026-10-07 10:26:12.794+00:00 | BftProcessorExecutor-QBFT-0 | INFO  | QbftBesuControllerBuilder | Imported #213 / 314 tx / 6178 pending / 75,978,580 (0.0%) gas / (0x77bfaf774ec6efafba8501dbf796aad7249daef268794bb9fc70451348b6517e)
2026-10-07 10:26:17.819+00:00 | EthScheduler-Workers-0 | INFO  | PersistBlockTask | Block 214 (0xc3015c3123591fdea9904b6f54389f1b36fd60238d8b40484447e7d256b533cc) is already imported
2026-10-07 10:26:17.823+00:00 | BftProcessorExecutor-QBFT-0 | INFO  | QbftBesuControllerBuilder | Imported #214 / 343 tx / 5835 pending / 82,995,710 (0.0%) gas / (0xc3015c3123591fdea9904b6f54389f1b36fd60238d8b40484447e7d256b533cc)
2026-10-07 10:26:22.655+00:00 | BftProcessorExecutor-QBFT-0 | INFO  | QbftBesuControllerBuilder | Imported #215 / 322 tx / 5513 pending / 77,914,340 (0.0%) gas / (0x02bd1ad2ca9e69e768a6632de84bddaa75480f921424a479088207f8b6e0ff9a)
2026-10-07 10:26:27.661+00:00 | EthScheduler-Workers-0 | INFO  | PersistBlockTask | Block 216 (0x0a26e37863da0e1f1702d049cead1a4d3f1704716f44b28b088e7b815e86702d) is already imported
2026-10-07 10:26:27.666+00:00 | BftProcessorExecutor-QBFT-0 | INFO  | QbftBesuControllerBuilder | Imported #216 / 338 tx / 5175 pending / 81,785,860 (0.0%) gas / (0x0a26e37863da0e1f1702d049cead1a4d3f1704716f44b28b088e7b815e86702d)
2026-10-07 10:26:32.616+00:00 | EthScheduler-Workers-0 | INFO  | PersistBlockTask | Block 217 (0xc9d2622d5b4080e46045af27617bf67e594e179c3696a8c9087d7d22e346062d) is already imported
2026-10-07 10:26:32.621+00:00 | BftProcessorExecutor-QBFT-0 | INFO  | QbftBesuControllerBuilder | Imported #217 / 336 tx / 4839 pending / 81,301,920 (0.0%) gas / (0xc9d2622d5b4080e46045af27617bf67e594e179c3696a8c9087d7d22e346062d)
2026-10-07 10:26:34.124+00:00 | BftProcessorExecutor-QBFT-0 | WARN  | BlockTransactionSelector | Interrupting the selection of transactions for block inclusion as it exceeds the maximum configured duration of 1500ms
java.util.concurrent.TimeoutException
	at java.base/java.util.concurrent.CompletableFuture.timedGet(CompletableFuture.java:1960)
	at java.base/java.util.concurrent.CompletableFuture.get(CompletableFuture.java:2095)
	at org.hyperledger.besu.ethereum.blockcreation.txselection.BlockTransactionSelector.timeLimitedSelection(BlockTransactionSelector.java:186)
	at org.hyperledger.besu.ethereum.blockcreation.txselection.BlockTransactionSelector.buildTransactionListForBlock(BlockTransactionSelector.java:169)
	at org.hyperledger.besu.ethereum.blockcreation.AbstractBlockCreator.selectTransactions(AbstractBlockCreator.java:376)
	at org.hyperledger.besu.ethereum.blockcreation.AbstractBlockCreator.createBlock(AbstractBlockCreator.java:218)
	at org.hyperledger.besu.ethereum.blockcreation.AbstractBlockCreator.createBlock(AbstractBlockCreator.java:146)
	at org.hyperledger.besu.consensus.common.bft.blockcreation.BftBlockCreator.createBlock(BftBlockCreator.java:92)
	at org.hyperledger.besu.consensus.qbft.statemachine.QbftRound.createAndSendProposalMessage(QbftRound.java:137)
	at org.hyperledger.besu.consensus.qbft.statemachine.QbftBlockHeightManager.handleBlockTimerExpiry(QbftBlockHeightManager.java:140)
	at org.hyperledger.besu.consensus.common.bft.statemachine.BaseBftController.handleBlockTimerExpiry(BaseBftController.java:167)
	at org.hyperledger.besu.consensus.common.bft.EventMultiplexer.handleBftEvent(EventMultiplexer.java:65)
	at java.base/java.util.Optional.ifPresent(Optional.java:178)
	at org.hyperledger.besu.consensus.common.bft.BftProcessor.run(BftProcessor.java:65)
	at java.base/java.util.concurrent.ThreadPoolExecutor.runWorker(ThreadPoolExecutor.java:1144)
	at java.base/java.util.concurrent.ThreadPoolExecutor$Worker.run(ThreadPoolExecutor.java:642)
	at java.base/java.lang.Thread.run(Thread.java:1583)
2026-10-07 10:26:37.716+00:00 | EthScheduler-Workers-0 | INFO  | PersistBlockTask | Block 218 (0x998af7b731872d0ff94640688777a642e57daa4e6fbf9ba4ad52b95ea94c52da) is already imported
2026-10-07 10:26:37.718+00:00 | BftProcessorExecutor-QBFT-0 | INFO  | QbftBesuControllerBuilder | Produced #218 / 340 tx / 4499 pending / 82,269,800 (0.0%) gas / (0x998af7b731872d0ff94640688777a642e57daa4e6fbf9ba4ad52b95ea94c52da)
2026-10-07 10:26:42.906+00:00 | EthScheduler-Workers-0 | INFO  | PersistBlockTask | Block 219 (0xeda0614385decc41eee2390dcd57f9ff2a79c51bdee5eafdd7fad2dc845680aa) is already imported
2026-10-07 10:26:42.911+00:00 | BftProcessorExecutor-QBFT-0 | INFO  | QbftBesuControllerBuilder | Imported #219 / 346 tx / 4153 pending / 83,721,620 (0.0%) gas / (0xeda0614385decc41eee2390dcd57f9ff2a79c51bdee5eafdd7fad2dc845680aa)
2026-10-07 10:26:47.737+00:00 | BftProcessorExecutor-QBFT-0 | INFO  | QbftBesuControllerBuilder | Imported #220 / 338 tx / 3815 pending / 81,785,860 (0.0%) gas / (0x4acb539f8e26da757eb0977598093090e3f25b77a261bc54f0f23b1adf4573e3)
2026-10-07 10:26:52.888+00:00 | EthScheduler-Workers-0 | INFO  | PersistBlockTask | Block 221 (0x7b2a3a03669c91d95b081022b7541ea40f9e71596b246c00fa73f9cee65dd8dc) is already imported
2026-10-07 10:26:52.917+00:00 | BftProcessorExecutor-QBFT-0 | INFO  | QbftBesuControllerBuilder | Imported #221 / 340 tx / 3475 pending / 82,269,800 (0.0%) gas / (0x7b2a3a03669c91d95b081022b7541ea40f9e71596b246c00fa73f9cee65dd8dc)
2026-10-07 10:26:57.897+00:00 | BftProcessorExecutor-QBFT-0 | INFO  | QbftBesuControllerBuilder | Imported #222 / 342 tx / 3133 pending / 82,753,740 (0.0%) gas / (0xa09b6bccb8aa5c6ebcf85ccc747f1f162cac86f6cace63c28702e81899ab28b4)
2026-10-07 10:27:03.136+00:00 | EthScheduler-Workers-0 | INFO  | PersistBlockTask | Block 223 (0xccb0b2c008d86661e888682727bfae647e026ed95c15908e4a2b132585dc08c3) is already imported
2026-10-07 10:27:03.142+00:00 | BftProcessorExecutor-QBFT-0 | INFO  | QbftBesuControllerBuilder | Imported #223 / 342 tx / 2791 pending / 82,753,740 (0.0%) gas / (0xccb0b2c008d86661e888682727bfae647e026ed95c15908e4a2b132585dc08c3)
2026-10-07 10:27:07.668+00:00 | EthScheduler-Workers-0 | INFO  | PersistBlockTask | Block 224 (0x5912b2ea15cbdaae61d03b85c34972a8e3b575b2ddecd6007b65a5d2cac41701) is already imported
2026-10-07 10:27:07.671+00:00 | BftProcessorExecutor-QBFT-0 | INFO  | QbftBesuControllerBuilder | Imported #224 / 312 tx / 2479 pending / 75,494,640 (0.0%) gas / (0x5912b2ea15cbdaae61d03b85c34972a8e3b575b2ddecd6007b65a5d2cac41701)
2026-10-07 10:27:11.064+00:00 | EthScheduler-Workers-0 | INFO  | PersistBlockTask | Block 225 (0x405f71eb325305400bf25bf083967f9d37f46373ddd453633585c71fe1648133) is already imported
2026-10-07 10:27:11.065+00:00 | BftProcessorExecutor-QBFT-0 | INFO  | QbftBesuControllerBuilder | Imported #225 / 223 tx / 2256 pending / 53,959,310 (0.0%) gas / (0x405f71eb325305400bf25bf083967f9d37f46373ddd453633585c71fe1648133)
2026-10-07 10:27:14.475+00:00 | EthScheduler-Workers-0 | INFO  | PersistBlockTask | Block 226 (0x438538e0df734fda6b946e4a992cf4667a94d4de05172f30156fd00607a085d5) is already imported
2026-10-07 10:27:14.477+00:00 | BftProcessorExecutor-QBFT-0 | INFO  | QbftBesuControllerBuilder | Imported #226 / 221 tx / 2035 pending / 53,475,370 (0.0%) gas / (0x438538e0df734fda6b946e4a992cf4667a94d4de05172f30156fd00607a085d5)
2026-10-07 10:27:17.929+00:00 | BftProcessorExecutor-QBFT-0 | INFO  | QbftBesuControllerBuilder | Imported #227 / 227 tx / 1808 pending / 54,927,190 (0.0%) gas / (0xbe808adc84d2796db7046c7c1e7e26018cf45504c648b8fc14106ebc77c13239)
2026-10-07 10:27:21.615+00:00 | EthScheduler-Workers-0 | INFO  | PersistBlockTask | Block 228 (0x318726c5b759e56aa9f8fb71d7a93d5e0ce50a897285a0b4e804c93dfe9bf88c) is already imported
2026-10-07 10:27:21.617+00:00 | BftProcessorExecutor-QBFT-0 | INFO  | QbftBesuControllerBuilder | Imported #228 / 235 tx / 1573 pending / 56,862,950 (0.0%) gas / (0x318726c5b759e56aa9f8fb71d7a93d5e0ce50a897285a0b4e804c93dfe9bf88c)
2026-10-07 10:27:24.820+00:00 | BftProcessorExecutor-QBFT-0 | INFO  | QbftBesuControllerBuilder | Imported #229 / 206 tx / 1367 pending / 49,845,820 (0.0%) gas / (0x7d823acc830477b8f5dd52946f35bb4c82e4d4d413425d0029af2e71e73d7684)
2026-10-07 10:27:28.189+00:00 | EthScheduler-Workers-0 | INFO  | PersistBlockTask | Block 230 (0x42b2f55ffc396800bc7215ce95d767550bfdbc77a76aa4d6092ef7b847932c69) is already imported
2026-10-07 10:27:28.191+00:00 | BftProcessorExecutor-QBFT-0 | INFO  | QbftBesuControllerBuilder | Imported #230 / 223 tx / 1144 pending / 53,959,310 (0.0%) gas / (0x42b2f55ffc396800bc7215ce95d767550bfdbc77a76aa4d6092ef7b847932c69)
2026-10-07 10:27:31.496+00:00 | EthScheduler-Workers-0 | INFO  | PersistBlockTask | Block 231 (0xa8db17b4900e20410dd0145bd210b331434dfb0f921b6451e415cb6c74712c19) is already imported
2026-10-07 10:27:31.497+00:00 | BftProcessorExecutor-QBFT-0 | INFO  | QbftBesuControllerBuilder | Imported #231 / 207 tx / 937 pending / 50,087,790 (0.0%) gas / (0xa8db17b4900e20410dd0145bd210b331434dfb0f921b6451e415cb6c74712c19)
2026-10-07 10:27:34.732+00:00 | EthScheduler-Workers-0 | INFO  | PersistBlockTask | Block 232 (0x44c8e6210ca91331a21ac3659cbe400a60fe1927a181fd7b4ade506859af8648) is already imported
2026-10-07 10:27:34.735+00:00 | BftProcessorExecutor-QBFT-0 | INFO  | QbftBesuControllerBuilder | Imported #232 / 209 tx / 728 pending / 50,571,730 (0.0%) gas / (0x44c8e6210ca91331a21ac3659cbe400a60fe1927a181fd7b4ade506859af8648)
2026-10-07 10:27:37.877+00:00 | EthScheduler-Workers-0 | INFO  | PersistBlockTask | Block 233 (0xe4fd74fffe61a257240d117b0b716eea450db3f242f86072de04664af70c5f35) is already imported
2026-10-07 10:27:37.877+00:00 | BftProcessorExecutor-QBFT-0 | INFO  | QbftBesuControllerBuilder | Produced #233 / 197 tx / 531 pending / 47,668,090 (0.0%) gas / (0xe4fd74fffe61a257240d117b0b716eea450db3f242f86072de04664af70c5f35)
2026-10-07 10:27:40.512+00:00 | BftProcessorExecutor-QBFT-0 | INFO  | QbftBesuControllerBuilder | Imported #234 / 167 tx / 364 pending / 40,408,990 (0.0%) gas / (0xc2f128da06fc5c39954cd6aa177d02b6168af8fe7214260406b1b52a4cf6837b)
2026-10-07 10:27:40.512+00:00 | EthScheduler-Workers-0 | INFO  | PersistBlockTask | Block 234 (0xc2f128da06fc5c39954cd6aa177d02b6168af8fe7214260406b1b52a4cf6837b) is already imported
2026-10-07 10:27:42.855+00:00 | EthScheduler-Workers-0 | INFO  | PersistBlockTask | Block 235 (0xe8b6810cb324d2af5d63d58668dcf7791961d41cb03f5baee1950958db46e559) is already imported
2026-10-07 10:27:42.856+00:00 | BftProcessorExecutor-QBFT-0 | INFO  | QbftBesuControllerBuilder | Imported #235 / 146 tx / 218 pending / 35,327,620 (0.0%) gas / (0xe8b6810cb324d2af5d63d58668dcf7791961d41cb03f5baee1950958db46e559)
2026-10-07 10:27:44.895+00:00 | BftProcessorExecutor-QBFT-0 | INFO  | QbftBesuControllerBuilder | Imported #236 / 114 tx / 104 pending / 27,584,580 (0.0%) gas / (0xa58575936d878401943f568f4eae45faf798721ca70ba54215e6de31c2941318)
2026-10-07 10:27:46.325+00:00 | EthScheduler-Workers-0 | INFO  | PersistBlockTask | Block 237 (0xc23337ffd5070e2baf6bc6b99331c50d7c7d3550756926a9f7c8109d56c30032) is already imported
2026-10-07 10:27:46.326+00:00 | BftProcessorExecutor-QBFT-0 | INFO  | QbftBesuControllerBuilder | Imported #237 / 73 tx / 31 pending / 17,663,810 (0.0%) gas / (0xc23337ffd5070e2baf6bc6b99331c50d7c7d3550756926a9f7c8109d56c30032)
2026-10-07 10:27:47.804+00:00 | BftProcessorExecutor-QBFT-0 | INFO  | QbftBesuControllerBuilder | Imported #238 / 31 tx / 0 pending / 7,501,070 (0.0%) gas / (0x0b9d609f1ae22b3d39a45c712844a76769a351351c713c3b5afb0083370362ee)
2026-10-07 10:27:47.804+00:00 | EthScheduler-Workers-0 | INFO  | PersistBlockTask | Block 238 (0x0b9d609f1ae22b3d39a45c712844a76769a351351c713c3b5afb0083370362ee) is already imported
2026-10-07 10:27:49.340+00:00 | BftProcessorExecutor-QBFT-0 | INFO  | QbftBesuControllerBuilder | Imported #239 / 0 tx / 0 pending / 0 (0.0%) gas / (0x08ce24fe7087e9f4a0b500284b181aa1941251627fe455b8da3b37c490824486)
2026-10-07 10:27:51.300+00:00 | BftProcessorExecutor-QBFT-0 | INFO  | QbftBesuControllerBuilder | Imported #240 / 0 tx / 0 pending / 0 (0.0%) gas / (0x5fd8496d11d0a6c2f9e9faa6c22c671e3623dd107ee1cb0dacb61ce21dd788b0)
2026-10-07 10:27:53.336+00:00 | BftProcessorExecutor-QBFT-0 | INFO  | QbftBesuControllerBuilder | Imported #241 / 0 tx / 0 pending / 0 (0.0%) gas / (0xcf19bfe5434f0cd9103d4cf6f1519f5451f3c0509755c0148b45ec04e19e5895)
2026-10-07 10:27:53.336+00:00 | EthScheduler-Workers-0 | INFO  | PersistBlockTask | Block 241 (0xcf19bfe5434f0cd9103d4cf6f1519f5451f3c0509755c0148b45ec04e19e5895) is already imported
2026-10-07 10:27:55.338+00:00 | BftProcessorExecutor-QBFT-0 | INFO  | QbftBesuControllerBuilder | Imported #242 / 0 tx / 0 pending / 0 (0.0%) gas / (0x549bf4c8e7f969057ad72135e824209fe6f98d7428be071580d55d69e5fabd40)
2026-10-07 10:27:57.277+00:00 | BftProcessorExecutor-QBFT-0 | INFO  | QbftBesuControllerBuilder | Imported #243 / 0 tx / 0 pending / 0 (0.0%) gas / (0x7eaf03c87608e7306307d88c36ab17785345232c90ca9c3823f92925a5901952)
2026-10-07 10:27:59.360+00:00 | EthScheduler-Workers-0 | INFO  | PersistBlockTask | Block 244 (0xce8a3f1661f4f3cb5dcec9a36d412f5f51970c3b9d10c3ce2dfdec7d323adb4f) is already imported
2026-10-07 10:27:59.360+00:00 | BftProcessorExecutor-QBFT-0 | INFO  | QbftBesuControllerBuilder | Imported #244 / 0 tx / 0 pending / 0 (0.0%) gas / (0xce8a3f1661f4f3cb5dcec9a36d412f5f51970c3b9d10c3ce2dfdec7d323adb4f)
2026-10-07 10:28:01.297+00:00 | BftProcessorExecutor-QBFT-0 | INFO  | QbftBesuControllerBuilder | Imported #245 / 0 tx / 0 pending / 0 (0.0%) gas / (0x9f1484dc66f681cc1289e067fbd94e3d948f46ef2e0731f5e1c2626948dbd866)
2026-10-07 10:28:03.329+00:00 | BftProcessorExecutor-QBFT-0 | INFO  | QbftBesuControllerBuilder | Imported #246 / 0 tx / 0 pending / 0 (0.0%) gas / (0xf10ec212ded42b6282861a9fb2079058baf28315225c978264c32c7224bd60f1)
2026-10-07 10:28:05.349+00:00 | BftProcessorExecutor-QBFT-0 | INFO  | QbftBesuControllerBuilder | Imported #247 / 0 tx / 0 pending / 0 (0.0%) gas / (0xc0a657381e43b086915a0c0ef73aa2f372b1fc3fef426a0dd036a783d6e0210f)
2026-10-07 10:28:05.351+00:00 | EthScheduler-Workers-0 | INFO  | PersistBlockTask | Block 247 (0xc0a657381e43b086915a0c0ef73aa2f372b1fc3fef426a0dd036a783d6e0210f) is already imported
2026-10-07 10:28:07.278+00:00 | EthScheduler-Workers-0 | INFO  | PersistBlockTask | Block 248 (0x27b53a558f71890e11395ab6512e6f88b8e4c19b68770c85c768c1bdd65dcee2) is already imported
2026-10-07 10:28:07.278+00:00 | BftProcessorExecutor-QBFT-0 | INFO  | QbftBesuControllerBuilder | Produced #248 / 0 tx / 0 pending / 0 (0.0%) gas / (0x27b53a558f71890e11395ab6512e6f88b8e4c19b68770c85c768c1bdd65dcee2)
2026-10-07 10:28:09.327+00:00 | BftProcessorExecutor-QBFT-0 | INFO  | QbftBesuControllerBuilder | Imported #249 / 0 tx / 0 pending / 0 (0.0%) gas / (0x46fe8dc3228235a069952adf956c79d619e55989deb3c071f59436a41b6a3760)
2026-10-07 10:28:11.313+00:00 | BftProcessorExecutor-QBFT-0 | INFO  | QbftBesuControllerBuilder | Imported #250 / 0 tx / 0 pending / 0 (0.0%) gas / (0x26711141658753e4541d87925575200cf7b6f4aa4b6b319176efd43439e97243)
2026-10-07 10:28:11.317+00:00 | EthScheduler-Workers-0 | INFO  | PersistBlockTask | Block 250 (0x26711141658753e4541d87925575200cf7b6f4aa4b6b319176efd43439e97243) is already imported
2026-10-07 10:28:13.320+00:00 | EthScheduler-Workers-0 | INFO  | PersistBlockTask | Block 251 (0xf8c21c8dd009f97020e10b0d88fad08cd196cf0bba1c2890796d5c20e63fe0a3) is already imported
2026-10-07 10:28:13.321+00:00 | BftProcessorExecutor-QBFT-0 | INFO  | QbftBesuControllerBuilder | Imported #251 / 0 tx / 0 pending / 0 (0.0%) gas / (0xf8c21c8dd009f97020e10b0d88fad08cd196cf0bba1c2890796d5c20e63fe0a3)
2026-10-07 10:28:15.338+00:00 | BftProcessorExecutor-QBFT-0 | INFO  | QbftBesuControllerBuilder | Imported #252 / 0 tx / 0 pending / 0 (0.0%) gas / (0x5236c3cb716346500bb2aa06aa7f632696a56a5e30cd0c057fc6cc5d15870a31)
2026-10-07 10:28:17.305+00:00 | EthScheduler-Workers-0 | INFO  | PersistBlockTask | Block 253 (0xf40799548ae88ca8080bccb4d03963a807983be741cd05fc69f49c73a0181ffc) is already imported
2026-10-07 10:28:17.305+00:00 | BftProcessorExecutor-QBFT-0 | INFO  | QbftBesuControllerBuilder | Imported #253 / 0 tx / 0 pending / 0 (0.0%) gas / (0xf40799548ae88ca8080bccb4d03963a807983be741cd05fc69f49c73a0181ffc)
2026-10-07 10:28:19.342+00:00 | BftProcessorExecutor-QBFT-0 | INFO  | QbftBesuControllerBuilder | Imported #254 / 0 tx / 0 pending / 0 (0.0%) gas / (0xe4f7e61debc7642b7a4a830893c3f6e0946588a1ef3c0d632187173e849c932a)
2026-10-07 10:28:21.303+00:00 | EthScheduler-Workers-0 | INFO  | PersistBlockTask | Block 255 (0x35595a20c388834b5002df969d556cfd4200c99ccaa3f3d4eb4a569f719b828f) is already imported
2026-10-07 10:28:21.303+00:00 | BftProcessorExecutor-QBFT-0 | INFO  | QbftBesuControllerBuilder | Imported #255 / 0 tx / 0 pending / 0 (0.0%) gas / (0x35595a20c388834b5002df969d556cfd4200c99ccaa3f3d4eb4a569f719b828f)
2026-10-07 10:28:23.324+00:00 | BftProcessorExecutor-QBFT-0 | INFO  | QbftBesuControllerBuilder | Imported #256 / 0 tx / 0 pending / 0 (0.0%) gas / (0x62372c514ae52224966ed4399e42c1a00f69ed2b30c79b0ac7584917740e3aa4)
2026-10-07 10:28:25.337+00:00 | BftProcessorExecutor-QBFT-0 | INFO  | QbftBesuControllerBuilder | Imported #257 / 0 tx / 0 pending / 0 (0.0%) gas / (0xcbeda0d79a8f016a970b9ed20f051b78ebda55dcd9a3ac126d835e4ffb6e0863)
2026-10-07 10:28:25.337+00:00 | EthScheduler-Workers-0 | INFO  | PersistBlockTask | Block 257 (0xcbeda0d79a8f016a970b9ed20f051b78ebda55dcd9a3ac126d835e4ffb6e0863) is already imported
2026-10-07 10:28:27.284+00:00 | EthScheduler-Workers-0 | INFO  | PersistBlockTask | Block 258 (0x18b74c8304eabc1f56adf356a5e1ef32bdabab15f6d161596d262ab33cea5fe0) is already imported
2026-10-07 10:28:27.284+00:00 | BftProcessorExecutor-QBFT-0 | INFO  | QbftBesuControllerBuilder | Imported #258 / 0 tx / 0 pending / 0 (0.0%) gas / (0x18b74c8304eabc1f56adf356a5e1ef32bdabab15f6d161596d262ab33cea5fe0)
2026-10-07 10:28:29.373+00:00 | EthScheduler-Workers-0 | INFO  | PersistBlockTask | Block 259 (0x50f900cf74953d0bff4541254e90103e1127b46bfab3cbf8d9ed6e0a15bbfc7a) is already imported
2026-10-07 10:28:29.373+00:00 | BftProcessorExecutor-QBFT-0 | INFO  | QbftBesuControllerBuilder | Imported #259 / 0 tx / 0 pending / 0 (0.0%) gas / (0x50f900cf74953d0bff4541254e90103e1127b46bfab3cbf8d9ed6e0a15bbfc7a)
2026-10-07 10:28:31.311+00:00 | BftProcessorExecutor-QBFT-0 | INFO  | QbftBesuControllerBuilder | Imported #260 / 0 tx / 0 pending / 0 (0.0%) gas / (0x0205f36d457c5e5d8c0aa8b8e3c63506821acd2f047bd2fe2aadff66307653fd)
2026-10-07 10:28:33.319+00:00 | BftProcessorExecutor-QBFT-0 | INFO  | QbftBesuControllerBuilder | Imported #261 / 0 tx / 0 pending / 0 (0.0%) gas / (0xfe0358f7d71ad856059ecbd73ce2412d3cfd80e02531318790a5f272dabb6371)
2026-10-07 10:28:35.342+00:00 | BftProcessorExecutor-QBFT-0 | INFO  | QbftBesuControllerBuilder | Imported #262 / 0 tx / 0 pending / 0 (0.0%) gas / (0x518e928bc6396cac0e88687a28f54e2c90ff36041c479c7066425e41c2949e56)
2026-10-07 10:28:37.267+00:00 | BftProcessorExecutor-QBFT-0 | INFO  | QbftBesuControllerBuilder | Produced #263 / 0 tx / 0 pending / 0 (0.0%) gas / (0x816fb13d04cf4b9f94fbbe622020dad675abcec3a9a317c9c390609dc1378f32)
2026-10-07 10:28:39.352+00:00 | BftProcessorExecutor-QBFT-0 | INFO  | QbftBesuControllerBuilder | Imported #264 / 0 tx / 0 pending / 0 (0.0%) gas / (0xe86f79294a402f1b702e40a9911b53c51e7b8bf581cc55cd1b14005a687c5396)
2026-10-07 10:28:41.310+00:00 | BftProcessorExecutor-QBFT-0 | INFO  | QbftBesuControllerBuilder | Imported #265 / 0 tx / 0 pending / 0 (0.0%) gas / (0x08e7302795545b19158f45fd1c1318d21e9955551612a60e80c43b36a15c70a4)
2026-10-07 10:28:43.313+00:00 | BftProcessorExecutor-QBFT-0 | INFO  | QbftBesuControllerBuilder | Imported #266 / 0 tx / 0 pending / 0 (0.0%) gas / (0x09c282c09fd185e743e8dead87ecabbea4fb9896516e7606a36c164e7417836b)
2026-10-07 10:28:45.347+00:00 | BftProcessorExecutor-QBFT-0 | INFO  | QbftBesuControllerBuilder | Imported #267 / 0 tx / 0 pending / 0 (0.0%) gas / (0xf91f91f4a59af1fc9354cad76d75faaf20f2e19a0d6e52b15b0ace3eef622aaa)
2026-10-07 10:28:47.285+00:00 | BftProcessorExecutor-QBFT-0 | INFO  | QbftBesuControllerBuilder | Imported #268 / 0 tx / 0 pending / 0 (0.0%) gas / (0x171c94aa871eb355d764d3a2486311955ca7a448282a65516167950e1c33c22e)
2026-10-07 10:28:49.362+00:00 | BftProcessorExecutor-QBFT-0 | INFO  | QbftBesuControllerBuilder | Imported #269 / 0 tx / 0 pending / 0 (0.0%) gas / (0xbd6ae359126995fba884e1ec334db70ef91645c84f07ba096616294f16bb1aae)
2026-10-07 10:28:49.362+00:00 | EthScheduler-Workers-0 | INFO  | PersistBlockTask | Block 269 (0xbd6ae359126995fba884e1ec334db70ef91645c84f07ba096616294f16bb1aae) is already imported
2026-10-07 10:28:51.305+00:00 | BftProcessorExecutor-QBFT-0 | INFO  | QbftBesuControllerBuilder | Imported #270 / 0 tx / 0 pending / 0 (0.0%) gas / (0x918971eb48c88307a9b579deb4a8422fd5116514a824d7f7fa862e5f75bfc2c4)
2026-10-07 10:28:53.337+00:00 | BftProcessorExecutor-QBFT-0 | INFO  | QbftBesuControllerBuilder | Imported #271 / 0 tx / 0 pending / 0 (0.0%) gas / (0x2ede3a43dfca4c198a83af2fedab81607bea15cbe7dd097504df2a64957dff58)
2026-10-07 10:28:55.334+00:00 | BftProcessorExecutor-QBFT-0 | INFO  | QbftBesuControllerBuilder | Imported #272 / 0 tx / 0 pending / 0 (0.0%) gas / (0x0a355301520ce5885106c246948c59fb0e6fb86e51015c935235b04bd146811c)
2026-10-07 10:28:57.282+00:00 | BftProcessorExecutor-QBFT-0 | INFO  | QbftBesuControllerBuilder | Imported #273 / 0 tx / 0 pending / 0 (0.0%) gas / (0x993cd08f8e9ed19ec2b142b5eddefaddaef3a458c0a97e458e56446a3ed5f874)
2026-10-07 10:28:59.354+00:00 | BftProcessorExecutor-QBFT-0 | INFO  | QbftBesuControllerBuilder | Imported #274 / 0 tx / 0 pending / 0 (0.0%) gas / (0x6feec610e45b91213fac8cfa6e4c431491e51d3a16e61fea46349741f36c9448)
2026-10-07 10:29:01.307+00:00 | BftProcessorExecutor-QBFT-0 | INFO  | QbftBesuControllerBuilder | Imported #275 / 0 tx / 0 pending / 0 (0.0%) gas / (0x6dd61e99d47a69d9ffb3148858830c21b52ddabb5817590b0d7eb2974d411caf)
2026-10-07 10:29:03.326+00:00 | BftProcessorExecutor-QBFT-0 | INFO  | QbftBesuControllerBuilder | Imported #276 / 0 tx / 0 pending / 0 (0.0%) gas / (0x06bf1e7db8f7bff39de7eb1125f11a686304837d738a6943753b81d0e28f081d)
2026-10-07 10:29:05.336+00:00 | BftProcessorExecutor-QBFT-0 | INFO  | QbftBesuControllerBuilder | Imported #277 / 0 tx / 0 pending / 0 (0.0%) gas / (0xa3e925f79c2fcdfaca3affed3a3d40bd5653efcb072bc41b8865aac1fbb61d88)
2026-10-07 10:29:07.283+00:00 | BftProcessorExecutor-QBFT-0 | INFO  | QbftBesuControllerBuilder | Produced #278 / 0 tx / 0 pending / 0 (0.0%) gas / (0x06d017a8d650b49d886b9b3cda83e4e46f2e39d2127dba3ad870f15f2d830155)
2026-10-07 10:29:09.347+00:00 | BftProcessorExecutor-QBFT-0 | INFO  | QbftBesuControllerBuilder | Imported #279 / 0 tx / 0 pending / 0 (0.0%) gas / (0xcfb94ec362e2915deb116a3485ca1732806faa05603a8fe8b46d328347694a77)
2026-10-07 10:29:11.314+00:00 | BftProcessorExecutor-QBFT-0 | INFO  | QbftBesuControllerBuilder | Imported #280 / 0 tx / 0 pending / 0 (0.0%) gas / (0xf411369a2afa96a62ec616ffd25c95d238c1d867a7e8c0040fad43d6524652f2)
2026-10-07 10:29:13.328+00:00 | BftProcessorExecutor-QBFT-0 | INFO  | QbftBesuControllerBuilder | Imported #281 / 0 tx / 0 pending / 0 (0.0%) gas / (0xb63e1649594ed0123de81fed643d9d07f7b6ffba6b8ca6ae5316a438334e670f)
2026-10-07 10:29:15.342+00:00 | BftProcessorExecutor-QBFT-0 | INFO  | QbftBesuControllerBuilder | Imported #282 / 0 tx / 0 pending / 0 (0.0%) gas / (0xb6bfe5f746b9aed35098b2217addd7a5ef72643f5ebb24e280c1ba69625049e1)
2026-10-07 10:29:17.287+00:00 | BftProcessorExecutor-QBFT-0 | INFO  | QbftBesuControllerBuilder | Imported #283 / 0 tx / 0 pending / 0 (0.0%) gas / (0xd96a41cb36615971a4dab37a798259d69ee7e76074fcfdc38f4738efb6433c5f)
2026-10-07 10:29:17.291+00:00 | EthScheduler-Workers-0 | INFO  | PersistBlockTask | Block 283 (0xd96a41cb36615971a4dab37a798259d69ee7e76074fcfdc38f4738efb6433c5f) is already imported
2026-10-07 10:29:19.365+00:00 | BftProcessorExecutor-QBFT-0 | INFO  | QbftBesuControllerBuilder | Imported #284 / 0 tx / 0 pending / 0 (0.0%) gas / (0x91db77265322cee6f5214ce3dd6fa03d66c8485b57ea06cf56fefa4fc488d9ba)
2026-10-07 10:29:21.299+00:00 | BftProcessorExecutor-QBFT-0 | INFO  | QbftBesuControllerBuilder | Imported #285 / 0 tx / 0 pending / 0 (0.0%) gas / (0x1ec950a1e1bfdc7f38c4a62150f6166cb972c2d1a4c09c281261441ac84ace34)
2026-10-07 10:29:21.299+00:00 | EthScheduler-Workers-0 | INFO  | PersistBlockTask | Imported #285 / 0 tx / 0 om / 0 (0.0%) gas / (0x1ec950a1e1bfdc7f38c4a62150f6166cb972c2d1a4c09c281261441ac84ace34) in 0.006s. Peers: 14
2026-10-07 10:29:23.335+00:00 | BftProcessorExecutor-QBFT-0 | INFO  | QbftBesuControllerBuilder | Imported #286 / 0 tx / 0 pending / 0 (0.0%) gas / (0xb309beabf51e30f68022a05e8f502e057b2cff7214a286b1b373de87439efa9d)
2026-10-07 10:29:23.335+00:00 | EthScheduler-Workers-0 | INFO  | PersistBlockTask | Block 286 (0xb309beabf51e30f68022a05e8f502e057b2cff7214a286b1b373de87439efa9d) is already imported
2026-10-07 10:29:25.343+00:00 | BftProcessorExecutor-QBFT-0 | INFO  | QbftBesuControllerBuilder | Imported #287 / 0 tx / 0 pending / 0 (0.0%) gas / (0x78da4245b6408e1dd1dcfc03875304150ee707e25c4c95688f0180deaafd266a)
2026-10-07 10:29:27.292+00:00 | BftProcessorExecutor-QBFT-0 | INFO  | QbftBesuControllerBuilder | Imported #288 / 0 tx / 0 pending / 0 (0.0%) gas / (0x2c7f0d7eb936122bd27151745baa6b83cbc5e0435d1c218a3d473e4468856244)
2026-10-07 10:29:29.362+00:00 | BftProcessorExecutor-QBFT-0 | INFO  | QbftBesuControllerBuilder | Imported #289 / 0 tx / 0 pending / 0 (0.0%) gas / (0xdc3870313dccd92683371743d386668e03cc2639d9f168c436b444aed6112b75)
2026-10-07 10:29:31.307+00:00 | EthScheduler-Workers-0 | INFO  | PersistBlockTask | Block 290 (0xf55ad7a1047336571e9e11344167654c6e7fa262ce3466411745c00575465a10) is already imported
2026-10-07 10:29:31.308+00:00 | BftProcessorExecutor-QBFT-0 | INFO  | QbftBesuControllerBuilder | Imported #290 / 0 tx / 0 pending / 0 (0.0%) gas / (0xf55ad7a1047336571e9e11344167654c6e7fa262ce3466411745c00575465a10)
2026-10-07 10:29:33.331+00:00 | BftProcessorExecutor-QBFT-0 | INFO  | QbftBesuControllerBuilder | Imported #291 / 0 tx / 0 pending / 0 (0.0%) gas / (0xd4915e1efa0a673373db2190bf44e3bb703fee4b56069d0cd16bd4011e529e6d)
2026-10-07 10:29:33.334+00:00 | EthScheduler-Workers-0 | INFO  | PersistBlockTask | Block 291 (0xd4915e1efa0a673373db2190bf44e3bb703fee4b56069d0cd16bd4011e529e6d) is already imported
2026-10-07 10:29:35.331+00:00 | BftProcessorExecutor-QBFT-0 | INFO  | QbftBesuControllerBuilder | Imported #292 / 0 tx / 0 pending / 0 (0.0%) gas / (0x355af61b61dea004b4d2168b9953253d62ac56ee4158430a406546cb54c2eb3a)
2026-10-07 10:29:37.281+00:00 | BftProcessorExecutor-QBFT-0 | INFO  | QbftBesuControllerBuilder | Produced #293 / 0 tx / 0 pending / 0 (0.0%) gas / (0x203803d70f76c305e685fb69e4c9626570023c6eb85bf1afe6dfffa8adaf6fb6)
2026-10-07 10:29:39.356+00:00 | BftProcessorExecutor-QBFT-0 | INFO  | QbftBesuControllerBuilder | Imported #294 / 0 tx / 0 pending / 0 (0.0%) gas / (0x7ac0967ef5dfc45728d0a5ffe5587c784763069cfde136997d321f0c79545e6c)
2026-10-07 10:29:41.308+00:00 | BftProcessorExecutor-QBFT-0 | INFO  | QbftBesuControllerBuilder | Imported #295 / 0 tx / 0 pending / 0 (0.0%) gas / (0x95910d0fe9761add4a403b397871954c88543e1b58a811dbaf7bf92ca53cdb0d)
2026-10-07 10:29:43.331+00:00 | BftProcessorExecutor-QBFT-0 | INFO  | QbftBesuControllerBuilder | Imported #296 / 0 tx / 0 pending / 0 (0.0%) gas / (0x8e501134a47fdce932aab6febac53f760d3bba3a9f8f210d8d03a357d02bf66e)
2026-10-07 10:29:45.346+00:00 | BftProcessorExecutor-QBFT-0 | INFO  | QbftBesuControllerBuilder | Imported #297 / 0 tx / 0 pending / 0 (0.0%) gas / (0xf57562bb58e3defcdd3717abbb3628fca2f67286c91c903c7c27f9bacf9a3b22)
2026-10-07 10:29:47.292+00:00 | EthScheduler-Workers-0 | INFO  | PersistBlockTask | Block 298 (0x4de5636e8780cc53e160f60a4f2899b4f4bf6d032db230c32fae1b22fb826c2e) is already imported
2026-10-07 10:29:47.292+00:00 | BftProcessorExecutor-QBFT-0 | INFO  | QbftBesuControllerBuilder | Imported #298 / 0 tx / 0 pending / 0 (0.0%) gas / (0x4de5636e8780cc53e160f60a4f2899b4f4bf6d032db230c32fae1b22fb826c2e)
2026-10-07 10:29:49.366+00:00 | BftProcessorExecutor-QBFT-0 | INFO  | QbftBesuControllerBuilder | Imported #299 / 0 tx / 0 pending / 0 (0.0%) gas / (0xa3047c9bfc39b5c75700c39e803cbeaf3469e74dbda2277f95a45a4bb64938b8)
2026-10-07 10:29:51.304+00:00 | EthScheduler-Workers-0 | INFO  | PersistBlockTask | Block 300 (0x04c765547b51c80c3a9d7671221bdc9bade5a15a045d9c4ad616796ed2347343) is already imported
2026-10-07 10:29:51.304+00:00 | BftProcessorExecutor-QBFT-0 | INFO  | QbftBesuControllerBuilder | Imported #300 / 0 tx / 0 pending / 0 (0.0%) gas / (0x04c765547b51c80c3a9d7671221bdc9bade5a15a045d9c4ad616796ed2347343)
2026-10-07 10:29:53.330+00:00 | BftProcessorExecutor-QBFT-0 | INFO  | QbftBesuControllerBuilder | Imported #301 / 0 tx / 0 pending / 0 (0.0%) gas / (0x931fcb4c201a541bd0550b93d0628fa255e6334999a5ce6b3ed9c285c249032b)
2026-10-07 10:29:55.348+00:00 | BftProcessorExecutor-QBFT-0 | INFO  | QbftBesuControllerBuilder | Imported #302 / 0 tx / 0 pending / 0 (0.0%) gas / (0xa580d841b8346d54f02b7f2c91ba7917f91b60ed8857bb0b7a3038b42870918c)
2026-10-07 10:29:55.349+00:00 | EthScheduler-Workers-0 | INFO  | PersistBlockTask | Block 302 (0xa580d841b8346d54f02b7f2c91ba7917f91b60ed8857bb0b7a3038b42870918c) is already imported
2026-10-07 10:29:57.281+00:00 | BftProcessorExecutor-QBFT-0 | INFO  | QbftBesuControllerBuilder | Imported #303 / 0 tx / 0 pending / 0 (0.0%) gas / (0x3c10c9fc245d3de32c63107008c0a613dbd20fa20c710998aa6dafebc7149635)
2026-10-07 10:29:59.354+00:00 | BftProcessorExecutor-QBFT-0 | INFO  | QbftBesuControllerBuilder | Imported #304 / 0 tx / 0 pending / 0 (0.0%) gas / (0xe34be874751c82519894f68fddd42271aef7b9b7d0a41cab26133221de605543)
2026-10-07 10:29:59.354+00:00 | EthScheduler-Workers-0 | INFO  | PersistBlockTask | Block 304 (0xe34be874751c82519894f68fddd42271aef7b9b7d0a41cab26133221de605543) is already imported
2026-10-07 10:30:01.312+00:00 | BftProcessorExecutor-QBFT-0 | INFO  | QbftBesuControllerBuilder | Imported #305 / 0 tx / 0 pending / 0 (0.0%) gas / (0x79781f7385321097abd814a4b0c1fc5f84b1a1935d6481cb2cf997a627b8154c)
2026-10-07 10:30:03.328+00:00 | BftProcessorExecutor-QBFT-0 | INFO  | QbftBesuControllerBuilder | Imported #306 / 0 tx / 0 pending / 0 (0.0%) gas / (0x5b2c2009d4928b1a2dc6a6b92e7d73a8ab0bcda3a4dca6fff0443c6e5a3cd96a)
2026-10-07 10:30:05.338+00:00 | BftProcessorExecutor-QBFT-0 | INFO  | QbftBesuControllerBuilder | Imported #307 / 0 tx / 0 pending / 0 (0.0%) gas / (0x5fef690429844ed7272834f28ece6a7a8a58e028740d724062ef1632968ac7cd)
2026-10-07 10:30:07.280+00:00 | BftProcessorExecutor-QBFT-0 | INFO  | QbftBesuControllerBuilder | Produced #308 / 0 tx / 0 pending / 0 (0.0%) gas / (0x50a3c2ce7bcf90cc6be4b05d779155834ad9a6fc1f24efa1bf4796283b24501b)
2026-10-07 10:30:09.364+00:00 | EthScheduler-Workers-0 | INFO  | PersistBlockTask | Block 309 (0x27bab17e71615b81ac81b4951d5ef0dd4780365c264db45fec76025894b6465c) is already imported
2026-10-07 10:30:09.364+00:00 | BftProcessorExecutor-QBFT-0 | INFO  | QbftBesuControllerBuilder | Imported #309 / 0 tx / 0 pending / 0 (0.0%) gas / (0x27bab17e71615b81ac81b4951d5ef0dd4780365c264db45fec76025894b6465c)
2026-10-07 10:30:11.309+00:00 | EthScheduler-Workers-0 | INFO  | PersistBlockTask | Block 310 (0x4fce403d08dac93174ae357fa74c773ed19c0f46d46a86be3d72007e13bc50df) is already imported
2026-10-07 10:30:11.310+00:00 | BftProcessorExecutor-QBFT-0 | INFO  | QbftBesuControllerBuilder | Imported #310 / 0 tx / 0 pending / 0 (0.0%) gas / (0x4fce403d08dac93174ae357fa74c773ed19c0f46d46a86be3d72007e13bc50df)
2026-10-07 10:30:13.332+00:00 | BftProcessorExecutor-QBFT-0 | INFO  | QbftBesuControllerBuilder | Imported #311 / 0 tx / 0 pending / 0 (0.0%) gas / (0xa538aaa2f3ab4f8d61029f8746bd885e957361fe351fb82e3936298cbdb43228)
2026-10-07 10:30:15.347+00:00 | BftProcessorExecutor-QBFT-0 | INFO  | QbftBesuControllerBuilder | Imported #312 / 0 tx / 0 pending / 0 (0.0%) gas / (0x1b90716bbaa516a8f439299adcc7417134cf6174818b1e21a6f86e54e9879c64)
2026-10-07 10:30:17.295+00:00 | BftProcessorExecutor-QBFT-0 | INFO  | QbftBesuControllerBuilder | Imported #313 / 0 tx / 0 pending / 0 (0.0%) gas / (0x5f143e6bf3af979154279889d2684143e244b20405c918781180074fbb8b3581)
2026-10-07 10:30:19.363+00:00 | EthScheduler-Workers-0 | INFO  | PersistBlockTask | Block 314 (0x0f9c064b3ba2d67104c0d78fe01f3df5de6d4845b37bf04abecc0fa631144838) is already imported
2026-10-07 10:30:19.363+00:00 | BftProcessorExecutor-QBFT-0 | INFO  | QbftBesuControllerBuilder | Imported #314 / 0 tx / 0 pending / 0 (0.0%) gas / (0x0f9c064b3ba2d67104c0d78fe01f3df5de6d4845b37bf04abecc0fa631144838)
2026-10-07 10:30:21.309+00:00 | BftProcessorExecutor-QBFT-0 | INFO  | QbftBesuControllerBuilder | Imported #315 / 0 tx / 0 pending / 0 (0.0%) gas / (0xfd88274e13774e6a9ad35d5c9eef8dfbdaa353e2e828cd04ec458cb62ae324ea)
2026-10-07 10:30:23.319+00:00 | BftProcessorExecutor-QBFT-0 | INFO  | QbftBesuControllerBuilder | Imported #316 / 0 tx / 0 pending / 0 (0.0%) gas / (0x75a56b3e66ce47e64f8afee2662a8146d4515bc480fb84f5e65c6aed9738ce3f)
2026-10-07 10:30:25.341+00:00 | BftProcessorExecutor-QBFT-0 | INFO  | QbftBesuControllerBuilder | Imported #317 / 0 tx / 0 pending / 0 (0.0%) gas / (0xe393922f05b82e60ff4c7063b7031f2c50ee4fbc333000ca158020e327a056d8)
2026-10-07 10:30:25.342+00:00 | EthScheduler-Workers-0 | INFO  | PersistBlockTask | Block 317 (0xe393922f05b82e60ff4c7063b7031f2c50ee4fbc333000ca158020e327a056d8) is already imported
2026-10-07 10:30:27.305+00:00 | EthScheduler-Workers-0 | INFO  | PersistBlockTask | Block 318 (0x303eed35cc85dcc195a171cbfee37b44d20aeb6b960a883dabc4261764b2f6b4) is already imported
2026-10-07 10:30:27.305+00:00 | BftProcessorExecutor-QBFT-0 | INFO  | QbftBesuControllerBuilder | Imported #318 / 1 tx / 7 pending / 153,614 (0.0%) gas / (0x303eed35cc85dcc195a171cbfee37b44d20aeb6b960a883dabc4261764b2f6b4)
2026-10-07 10:30:29.387+00:00 | BftProcessorExecutor-QBFT-0 | INFO  | QbftBesuControllerBuilder | Imported #319 / 1 tx / 6 pending / 153,638 (0.0%) gas / (0xed0777014385119728e2a2079f6f6dfdb9c2f95b0f51fa5ffd2f147753e718e9)
2026-10-07 10:30:29.388+00:00 | EthScheduler-Workers-0 | INFO  | PersistBlockTask | Block 319 (0xed0777014385119728e2a2079f6f6dfdb9c2f95b0f51fa5ffd2f147753e718e9) is already imported
2026-10-07 10:30:31.321+00:00 | BftProcessorExecutor-QBFT-0 | INFO  | QbftBesuControllerBuilder | Imported #320 / 1 tx / 5 pending / 153,650 (0.0%) gas / (0x61ece5b9ed113df991186eef1eecaa1c7ed7759401d2a97afce799d6fcd13c02)
2026-10-07 10:30:33.357+00:00 | EthScheduler-Workers-0 | INFO  | PersistBlockTask | Block 321 (0xcb904887bb92a3839169a8c09187c6ff543c70eb6c3cbeb8b4deb72d7c7ce627) is already imported
2026-10-07 10:30:33.357+00:00 | BftProcessorExecutor-QBFT-0 | INFO  | QbftBesuControllerBuilder | Imported #321 / 1 tx / 4 pending / 153,638 (0.0%) gas / (0xcb904887bb92a3839169a8c09187c6ff543c70eb6c3cbeb8b4deb72d7c7ce627)
2026-10-07 10:30:35.336+00:00 | BftProcessorExecutor-QBFT-0 | INFO  | QbftBesuControllerBuilder | Imported #322 / 1 tx / 3 pending / 153,630 (0.0%) gas / (0xc7dffd029e15724e12feebd6d4e3e85c4a551213809fec703fc3bdb9350a1ab9)
2026-10-07 10:30:37.286+00:00 | BftProcessorExecutor-QBFT-0 | INFO  | QbftBesuControllerBuilder | Produced #323 / 0 tx / 3 pending / 0 (0.0%) gas / (0xc050b41fdaaa5670fb0d453c4ba2ad7f76a7d4747ae93c6248559c0d63ba4f89)
2026-10-07 10:30:39.356+00:00 | EthScheduler-Workers-0 | INFO  | PersistBlockTask | Imported #324 / 0 tx / 0 om / 0 (0.0%) gas / (0xc14bb1add5838dea2b6118be824c229cadf5fdaf92bb59051d25a0937fa9ec9b) in 0.004s. Peers: 14
2026-10-07 10:30:39.357+00:00 | BftProcessorExecutor-QBFT-0 | INFO  | QbftBesuControllerBuilder | Imported #324 / 0 tx / 3 pending / 0 (0.0%) gas / (0xc14bb1add5838dea2b6118be824c229cadf5fdaf92bb59051d25a0937fa9ec9b)
2026-10-07 10:30:41.313+00:00 | BftProcessorExecutor-QBFT-0 | INFO  | QbftBesuControllerBuilder | Imported #325 / 0 tx / 3 pending / 0 (0.0%) gas / (0x35c435c9155065eda1b8af51991b9432162f6de80834ee6f96340b0f3aedb328)
2026-10-07 10:30:43.318+00:00 | BftProcessorExecutor-QBFT-0 | INFO  | QbftBesuControllerBuilder | Imported #326 / 0 tx / 3 pending / 0 (0.0%) gas / (0xcdd0e74d5e961f347851466df00edb27f5c167739b7b88c33fbbee24c2e11084)
2026-10-07 10:30:45.349+00:00 | BftProcessorExecutor-QBFT-0 | INFO  | QbftBesuControllerBuilder | Imported #327 / 0 tx / 3 pending / 0 (0.0%) gas / (0x1006ee029177cd2c9cad4068e0f7a1ac983989f0786eb08c57d0a2603f326921)
2026-10-07 10:30:45.351+00:00 | EthScheduler-Workers-0 | INFO  | PersistBlockTask | Block 327 (0x1006ee029177cd2c9cad4068e0f7a1ac983989f0786eb08c57d0a2603f326921) is already imported
2026-10-07 10:30:47.276+00:00 | BftProcessorExecutor-QBFT-0 | INFO  | QbftBesuControllerBuilder | Imported #328 / 0 tx / 3 pending / 0 (0.0%) gas / (0x08998308152b4e8e93468e353caba2b6d4dd7f6dbd6a6659947d201dc0422188)
2026-10-07 10:30:49.368+00:00 | BftProcessorExecutor-QBFT-0 | INFO  | QbftBesuControllerBuilder | Imported #329 / 0 tx / 3 pending / 0 (0.0%) gas / (0x48246eeb2314a4f94adee6e01d6b270926c58f0337172188dc10d43befefe630)
2026-10-07 10:30:51.307+00:00 | BftProcessorExecutor-QBFT-0 | INFO  | QbftBesuControllerBuilder | Imported #330 / 1 tx / 2 pending / 153,630 (0.0%) gas / (0x388486c16d3c1c47478240b6b4451ac9a0cc14b6f8142d912009d36d4295b8ee)
2026-10-07 10:30:53.347+00:00 | BftProcessorExecutor-QBFT-0 | INFO  | QbftBesuControllerBuilder | Imported #331 / 1 tx / 1 pending / 153,630 (0.0%) gas / (0xa4daa337b7560d28a18d6651a42aa24f206c16198e1beaabe4a6047ccf271f94)
2026-10-07 10:30:55.379+00:00 | BftProcessorExecutor-QBFT-0 | INFO  | QbftBesuControllerBuilder | Imported #332 / 1 tx / 0 pending / 153,650 (0.0%) gas / (0x2614a75abcedaccf68b9b50d8d251484c090cd4257b99bcdd4515921ec5f6a11)
2026-10-07 10:30:55.379+00:00 | EthScheduler-Workers-0 | INFO  | PersistBlockTask | Block 332 (0x2614a75abcedaccf68b9b50d8d251484c090cd4257b99bcdd4515921ec5f6a11) is already imported
2026-10-07 10:30:57.281+00:00 | BftProcessorExecutor-QBFT-0 | INFO  | QbftBesuControllerBuilder | Imported #333 / 0 tx / 0 pending / 0 (0.0%) gas / (0xf5ccd20be05924c9b1551a4f825457722e35b533b2324232e29b2ae5fc56a359)
2026-10-07 10:30:59.346+00:00 | BftProcessorExecutor-QBFT-0 | INFO  | QbftBesuControllerBuilder | Imported #334 / 0 tx / 0 pending / 0 (0.0%) gas / (0xb4d9a9f6d3c4c437e9e5036fc284a8a4880bd304c1754f751bb22d4ba0c1b396)
2026-10-07 10:31:01.303+00:00 | BftProcessorExecutor-QBFT-0 | INFO  | QbftBesuControllerBuilder | Imported #335 / 0 tx / 0 pending / 0 (0.0%) gas / (0x980ac1562f36b02fde521c10b0d4589e49640cb48b46a0194a83c0ca879df673)
2026-10-07 10:31:03.327+00:00 | BftProcessorExecutor-QBFT-0 | INFO  | QbftBesuControllerBuilder | Imported #336 / 0 tx / 0 pending / 0 (0.0%) gas / (0x1666334272e9db97e4a37206ebbd18b66f541cd4b287fdfebbc17f681cf4ac44)
2026-10-07 10:31:05.327+00:00 | BftProcessorExecutor-QBFT-0 | INFO  | QbftBesuControllerBuilder | Imported #337 / 0 tx / 0 pending / 0 (0.0%) gas / (0xf1e2bf64f857f808e927ecd8d38f3434ea8ea1b4991141358f1143f2186c1b35)
2026-10-07 10:31:07.258+00:00 | BftProcessorExecutor-QBFT-0 | INFO  | QbftBesuControllerBuilder | Produced #338 / 0 tx / 0 pending / 0 (0.0%) gas / (0x18e37b180cff4af0c025788524c2ecd355dc5f0f34f22082d115e1a694517719)
2026-10-07 10:31:09.350+00:00 | BftProcessorExecutor-QBFT-0 | INFO  | QbftBesuControllerBuilder | Imported #339 / 0 tx / 0 pending / 0 (0.0%) gas / (0x635fb705fbef4e07eb2b8354f851c048e148853f8fa9ad4eaba5b606fe989d1a)
2026-10-07 10:31:11.308+00:00 | BftProcessorExecutor-QBFT-0 | INFO  | QbftBesuControllerBuilder | Imported #340 / 0 tx / 0 pending / 0 (0.0%) gas / (0x161fe586ca022497e67115aff9d304e5f6f16d59a997fe97ca3a348194fa12b7)
2026-10-07 10:31:13.332+00:00 | BftProcessorExecutor-QBFT-0 | INFO  | QbftBesuControllerBuilder | Imported #341 / 0 tx / 0 pending / 0 (0.0%) gas / (0x8f7da9d1e9a95c136a194abcdcb83950d3063b4c9bf2789a5c649ab2db787ce6)
2026-10-07 10:31:15.329+00:00 | BftProcessorExecutor-QBFT-0 | INFO  | QbftBesuControllerBuilder | Imported #342 / 0 tx / 0 pending / 0 (0.0%) gas / (0x52a14963bc502d7033d8848a402b6c28e36f9bcb4eb339cbd30d7d2816cc85c6)
2026-10-07 10:31:17.276+00:00 | BftProcessorExecutor-QBFT-0 | INFO  | QbftBesuControllerBuilder | Imported #343 / 0 tx / 0 pending / 0 (0.0%) gas / (0x7f274197f4e7a333824990d6dcce2784c19daeef33141019ed25df63b4682542)
2026-10-07 10:31:19.348+00:00 | BftProcessorExecutor-QBFT-0 | INFO  | QbftBesuControllerBuilder | Imported #344 / 0 tx / 0 pending / 0 (0.0%) gas / (0x03400b3a2e37d15b045fa5e0ee6c80787bdc0142126ecba2a130a7c4bbb8340c)
2026-10-07 10:31:21.309+00:00 | BftProcessorExecutor-QBFT-0 | INFO  | QbftBesuControllerBuilder | Imported #345 / 0 tx / 0 pending / 0 (0.0%) gas / (0x6c5fc939708631e448d69e7eb3c105c6eed6fbfc7acd61fdb4df0096bfdbd750)
2026-10-07 10:31:23.329+00:00 | BftProcessorExecutor-QBFT-0 | INFO  | QbftBesuControllerBuilder | Imported #346 / 0 tx / 0 pending / 0 (0.0%) gas / (0xbdd51da7c6d9bfc41f79b57aaee29c30703808ad6e64e6e1444205ffacd3909d)
2026-10-07 10:31:23.331+00:00 | EthScheduler-Workers-0 | INFO  | PersistBlockTask | Block 346 (0xbdd51da7c6d9bfc41f79b57aaee29c30703808ad6e64e6e1444205ffacd3909d) is already imported
2026-10-07 10:31:25.342+00:00 | EthScheduler-Workers-0 | INFO  | PersistBlockTask | Block 347 (0x54920dfb2d570e253a3cb19b12804cd2ded2d778c1d06cbc85f2d5faaf6c2785) is already imported
2026-10-07 10:31:25.343+00:00 | BftProcessorExecutor-QBFT-0 | INFO  | QbftBesuControllerBuilder | Imported #347 / 0 tx / 0 pending / 0 (0.0%) gas / (0x54920dfb2d570e253a3cb19b12804cd2ded2d778c1d06cbc85f2d5faaf6c2785)
2026-10-07 10:31:27.338+00:00 | BftProcessorExecutor-QBFT-0 | INFO  | QbftBesuControllerBuilder | Imported #348 / 1 tx / 47 pending / 241,970 (0.0%) gas / (0x81b2dd8e86bd0a4665c3fca881a62a67706e940430148e8f7e99b225a2c9a1ab)
2026-10-07 10:31:29.904+00:00 | EthScheduler-Workers-0 | INFO  | PersistBlockTask | Block 349 (0xfbbf6984e4a4db7f5c62faaf6358c2a24005b16543aaf7503ff03eaae053ace0) is already imported
2026-10-07 10:31:29.905+00:00 | BftProcessorExecutor-QBFT-0 | INFO  | QbftBesuControllerBuilder | Imported #349 / 20 tx / 424 pending / 4,839,400 (0.0%) gas / (0xfbbf6984e4a4db7f5c62faaf6358c2a24005b16543aaf7503ff03eaae053ace0)
2026-10-07 10:31:31.998+00:00 | BftProcessorExecutor-QBFT-0 | INFO  | QbftBesuControllerBuilder | Imported #350 / 41 tx / 737 pending / 9,920,770 (0.0%) gas / (0x93af9c44fa6a7c07b06e61b12b953a1a40ae67821e1718b66525d171d76119c7)
2026-10-07 10:31:34.383+00:00 | EthScheduler-Workers-0 | INFO  | PersistBlockTask | Block 351 (0xd0f78dc84b8c2f6ea69b2c0a1b32902c02360fe5c61ee1eed56ecb2d810f728c) is already imported
2026-10-07 10:31:34.384+00:00 | BftProcessorExecutor-QBFT-0 | INFO  | QbftBesuControllerBuilder | Imported #351 / 68 tx / 1286 pending / 16,453,960 (0.0%) gas / (0xd0f78dc84b8c2f6ea69b2c0a1b32902c02360fe5c61ee1eed56ecb2d810f728c)
2026-10-07 10:31:36.915+00:00 | EthScheduler-Workers-0 | INFO  | PersistBlockTask | Block 352 (0xd0df9f857d0d9a00befa8727c6afc03616698fd4d889d5a0d604b016df0d80cc) is already imported
2026-10-07 10:31:36.918+00:00 | BftProcessorExecutor-QBFT-0 | INFO  | QbftBesuControllerBuilder | Imported #352 / 109 tx / 1922 pending / 26,374,730 (0.0%) gas / (0xd0df9f857d0d9a00befa8727c6afc03616698fd4d889d5a0d604b016df0d80cc)
2026-10-07 10:31:39.498+00:00 | EthScheduler-Workers-0 | INFO  | PersistBlockTask | Block 353 (0x0176683daa53a12e5c3e0b79efdd8dc48ccb7e8cb6e126f8544b0c1cc6ef723a) is already imported
2026-10-07 10:31:39.500+00:00 | BftProcessorExecutor-QBFT-0 | INFO  | QbftBesuControllerBuilder | Produced #353 / 150 tx / 2804 pending / 36,295,500 (0.0%) gas / (0x0176683daa53a12e5c3e0b79efdd8dc48ccb7e8cb6e126f8544b0c1cc6ef723a)
2026-10-07 10:31:42.773+00:00 | EthScheduler-Workers-0 | INFO  | PersistBlockTask | Block 354 (0x9d3aef58c89e73ad638533258f46ff1ae9b8d2cbf58ce67e55900465427bc33a) is already imported
2026-10-07 10:31:42.787+00:00 | BftProcessorExecutor-QBFT-0 | INFO  | QbftBesuControllerBuilder | Imported #354 / 214 tx / 3889 pending / 51,781,580 (0.0%) gas / (0x9d3aef58c89e73ad638533258f46ff1ae9b8d2cbf58ce67e55900465427bc33a)
2026-10-07 10:31:47.230+00:00 | EthScheduler-Workers-0 | INFO  | PersistBlockTask | Block 355 (0xc27baba2e174ba8b83811c3ef9069f3e623bdc53d0339a20f20259d1f5531fd3) is already imported
2026-10-07 10:31:47.236+00:00 | BftProcessorExecutor-QBFT-0 | INFO  | QbftBesuControllerBuilder | Imported #355 / 304 tx / 5356 pending / 73,558,880 (0.0%) gas / (0xc27baba2e174ba8b83811c3ef9069f3e623bdc53d0339a20f20259d1f5531fd3)
2026-10-07 10:31:52.205+00:00 | EthScheduler-Workers-0 | INFO  | PersistBlockTask | Block 356 (0x315ba9351a6af23797b01cbc5085bd881992794135fae8220551dad1f541a8a3) is already imported
2026-10-07 10:31:52.211+00:00 | BftProcessorExecutor-QBFT-0 | INFO  | QbftBesuControllerBuilder | Imported #356 / 336 tx / 6849 pending / 81,301,920 (0.0%) gas / (0x315ba9351a6af23797b01cbc5085bd881992794135fae8220551dad1f541a8a3)
2026-10-07 10:31:57.214+00:00 | EthScheduler-Workers-0 | INFO  | PersistBlockTask | Block 357 (0x8e1ab068facab52d2f6d0b573a8a377e872365ff5dbc1ecf80e99c813061c7cb) is already imported
2026-10-07 10:31:57.219+00:00 | BftProcessorExecutor-QBFT-0 | INFO  | QbftBesuControllerBuilder | Imported #357 / 343 tx / 6606 pending / 82,995,710 (0.0%) gas / (0x8e1ab068facab52d2f6d0b573a8a377e872365ff5dbc1ecf80e99c813061c7cb)
2026-10-07 10:32:02.254+00:00 | EthScheduler-Workers-0 | INFO  | PersistBlockTask | Block 358 (0x4af294d947718a3669b740ee47df2001f85493e8b17cfdaddcf538528aa49076) is already imported
2026-10-07 10:32:02.265+00:00 | BftProcessorExecutor-QBFT-0 | INFO  | QbftBesuControllerBuilder | Imported #358 / 339 tx / 6267 pending / 82,027,830 (0.0%) gas / (0x4af294d947718a3669b740ee47df2001f85493e8b17cfdaddcf538528aa49076)
2026-10-07 10:32:07.471+00:00 | BftProcessorExecutor-QBFT-0 | INFO  | QbftBesuControllerBuilder | Imported #359 / 365 tx / 5902 pending / 88,319,050 (0.0%) gas / (0xa86951f38b39112ebb6111943f3b083593aed172c1a0b11cff32fb8f578856e7)
2026-10-07 10:32:12.532+00:00 | EthScheduler-Workers-0 | INFO  | PersistBlockTask | Block 360 (0xd5e585384ac74929604c2d9e30e6f3c360d8809706f419cce0cd6c63e2087819) is already imported
2026-10-07 10:32:12.540+00:00 | BftProcessorExecutor-QBFT-0 | INFO  | QbftBesuControllerBuilder | Imported #360 / 359 tx / 5543 pending / 86,867,230 (0.0%) gas / (0xd5e585384ac74929604c2d9e30e6f3c360d8809706f419cce0cd6c63e2087819)
2026-10-07 10:32:17.563+00:00 | EthScheduler-Workers-0 | INFO  | PersistBlockTask | Block 361 (0xfb97794d0c0327b1c7e4b8c214f26f813808d26ce51e40eb03815aba8640a16d) is already imported
2026-10-07 10:32:17.567+00:00 | BftProcessorExecutor-QBFT-0 | INFO  | QbftBesuControllerBuilder | Imported #361 / 332 tx / 5211 pending / 80,334,040 (0.0%) gas / (0xfb97794d0c0327b1c7e4b8c214f26f813808d26ce51e40eb03815aba8640a16d)
2026-10-07 10:32:22.562+00:00 | BftProcessorExecutor-QBFT-0 | INFO  | QbftBesuControllerBuilder | Imported #362 / 345 tx / 4866 pending / 83,479,650 (0.0%) gas / (0xbaea548b0a518d9dc8a924649e8abf05cf5cb97f181e03bbf369e8d2c00a0703)
2026-10-07 10:32:27.757+00:00 | EthScheduler-Workers-0 | INFO  | PersistBlockTask | Block 363 (0xaffda4d61b79afc2f232bfcbcd2a440ad11bd591e2d50cdf3d03eb338b954578) is already imported
2026-10-07 10:32:27.768+00:00 | BftProcessorExecutor-QBFT-0 | INFO  | QbftBesuControllerBuilder | Imported #363 / 341 tx / 4525 pending / 82,511,770 (0.0%) gas / (0xaffda4d61b79afc2f232bfcbcd2a440ad11bd591e2d50cdf3d03eb338b954578)
2026-10-07 10:32:32.845+00:00 | BftProcessorExecutor-QBFT-0 | INFO  | QbftBesuControllerBuilder | Imported #364 / 348 tx / 4177 pending / 84,205,560 (0.0%) gas / (0x8d37724d26c2ab5ccaa44e0c3cb873b6428cf53d957e0d9ca7700b30895f01df)
2026-10-07 10:32:37.888+00:00 | EthScheduler-Workers-0 | INFO  | PersistBlockTask | Block 365 (0x2fb6dbeefe075433147aba8479863eeca87f1286351ed1493693218e45711e37) is already imported
2026-10-07 10:32:37.892+00:00 | BftProcessorExecutor-QBFT-0 | INFO  | QbftBesuControllerBuilder | Imported #365 / 345 tx / 3832 pending / 83,479,650 (0.0%) gas / (0x2fb6dbeefe075433147aba8479863eeca87f1286351ed1493693218e45711e37)
2026-10-07 10:32:42.987+00:00 | BftProcessorExecutor-QBFT-0 | INFO  | QbftBesuControllerBuilder | Imported #366 / 347 tx / 3485 pending / 83,963,590 (0.0%) gas / (0x88f612a1a03b3834580791a856336ccca5267419379e6039aefdc2cb6a31c4b5)
2026-10-07 10:32:48.110+00:00 | BftProcessorExecutor-QBFT-0 | INFO  | QbftBesuControllerBuilder | Imported #367 / 345 tx / 3140 pending / 83,479,650 (0.0%) gas / (0x0daef543e682dd2006076681aafdcbfaf28ce97522f89ebb76abc24399347dda)
2026-10-07 10:32:49.613+00:00 | BftProcessorExecutor-QBFT-0 | WARN  | BlockTransactionSelector | Interrupting the selection of transactions for block inclusion as it exceeds the maximum configured duration of 1500ms
java.util.concurrent.TimeoutException
	at java.base/java.util.concurrent.CompletableFuture.timedGet(CompletableFuture.java:1960)
	at java.base/java.util.concurrent.CompletableFuture.get(CompletableFuture.java:2095)
	at org.hyperledger.besu.ethereum.blockcreation.txselection.BlockTransactionSelector.timeLimitedSelection(BlockTransactionSelector.java:186)
	at org.hyperledger.besu.ethereum.blockcreation.txselection.BlockTransactionSelector.buildTransactionListForBlock(BlockTransactionSelector.java:169)
	at org.hyperledger.besu.ethereum.blockcreation.AbstractBlockCreator.selectTransactions(AbstractBlockCreator.java:376)
	at org.hyperledger.besu.ethereum.blockcreation.AbstractBlockCreator.createBlock(AbstractBlockCreator.java:218)
	at org.hyperledger.besu.ethereum.blockcreation.AbstractBlockCreator.createBlock(AbstractBlockCreator.java:146)
	at org.hyperledger.besu.consensus.common.bft.blockcreation.BftBlockCreator.createBlock(BftBlockCreator.java:92)
	at org.hyperledger.besu.consensus.qbft.statemachine.QbftRound.createAndSendProposalMessage(QbftRound.java:137)
	at org.hyperledger.besu.consensus.qbft.statemachine.QbftBlockHeightManager.handleBlockTimerExpiry(QbftBlockHeightManager.java:140)
	at org.hyperledger.besu.consensus.common.bft.statemachine.BaseBftController.handleBlockTimerExpiry(BaseBftController.java:167)
	at org.hyperledger.besu.consensus.common.bft.EventMultiplexer.handleBftEvent(EventMultiplexer.java:65)
	at java.base/java.util.Optional.ifPresent(Optional.java:178)
	at org.hyperledger.besu.consensus.common.bft.BftProcessor.run(BftProcessor.java:65)
	at java.base/java.util.concurrent.ThreadPoolExecutor.runWorker(ThreadPoolExecutor.java:1144)
	at java.base/java.util.concurrent.ThreadPoolExecutor$Worker.run(ThreadPoolExecutor.java:642)
	at java.base/java.lang.Thread.run(Thread.java:1583)
2026-10-07 10:32:53.267+00:00 | BftProcessorExecutor-QBFT-0 | INFO  | QbftBesuControllerBuilder | Produced #368 / 343 tx / 2797 pending / 82,995,710 (0.0%) gas / (0x4adc06beebc16dab013206f450149de79fbca0a7d2b2b15d02655ee1bd90d02e)
2026-10-07 10:32:58.206+00:00 | EthScheduler-Workers-0 | INFO  | PersistBlockTask | Block 369 (0x8da69ec532be3ec271b82b1de0000b54d70f9d04400f34856e6f070d62bc9f15) is already imported
2026-10-07 10:32:58.209+00:00 | BftProcessorExecutor-QBFT-0 | INFO  | QbftBesuControllerBuilder | Imported #369 / 331 tx / 2466 pending / 80,092,070 (0.0%) gas / (0x8da69ec532be3ec271b82b1de0000b54d70f9d04400f34856e6f070d62bc9f15)
2026-10-07 10:33:01.928+00:00 | EthScheduler-Workers-0 | INFO  | PersistBlockTask | Block 370 (0x80645bdebfc51c801dd661977a250c2b61e75eabcda51d4da1dcd778896730a0) is already imported
2026-10-07 10:33:01.930+00:00 | BftProcessorExecutor-QBFT-0 | INFO  | QbftBesuControllerBuilder | Imported #370 / 241 tx / 2225 pending / 58,314,770 (0.0%) gas / (0x80645bdebfc51c801dd661977a250c2b61e75eabcda51d4da1dcd778896730a0)
2026-10-07 10:33:05.315+00:00 | EthScheduler-Workers-0 | INFO  | PersistBlockTask | Block 371 (0xedfdf3124dac16937d34f3ffdf403e05676d0c47f8718bfbbd49911a261b4db7) is already imported
2026-10-07 10:33:05.317+00:00 | BftProcessorExecutor-QBFT-0 | INFO  | QbftBesuControllerBuilder | Imported #371 / 209 tx / 2016 pending / 50,571,730 (0.0%) gas / (0xedfdf3124dac16937d34f3ffdf403e05676d0c47f8718bfbbd49911a261b4db7)
2026-10-07 10:33:08.390+00:00 | EthScheduler-Workers-0 | INFO  | PersistBlockTask | Block 372 (0xd59bbfd83c6fdb43e519314b05dd483c5e2b50ae3ac32d3cae3ec735064e0140) is already imported
2026-10-07 10:33:08.392+00:00 | BftProcessorExecutor-QBFT-0 | INFO  | QbftBesuControllerBuilder | Imported #372 / 201 tx / 1815 pending / 48,635,970 (0.0%) gas / (0xd59bbfd83c6fdb43e519314b05dd483c5e2b50ae3ac32d3cae3ec735064e0140)
2026-10-07 10:33:11.501+00:00 | EthScheduler-Workers-0 | INFO  | PersistBlockTask | Block 373 (0x09b7e43211f607294c5dff83cc976fe712f45179c3baf9f2e104a679185c1d82) is already imported
2026-10-07 10:33:11.503+00:00 | BftProcessorExecutor-QBFT-0 | INFO  | QbftBesuControllerBuilder | Imported #373 / 205 tx / 1610 pending / 49,603,850 (0.0%) gas / (0x09b7e43211f607294c5dff83cc976fe712f45179c3baf9f2e104a679185c1d82)
2026-10-07 10:33:14.254+00:00 | EthScheduler-Workers-0 | INFO  | PersistBlockTask | Block 374 (0x2398fb543e5fffa2cb6b072ba5d8604d3512ec47fcab974d7bda5cede1888d87) is already imported
2026-10-07 10:33:14.256+00:00 | BftProcessorExecutor-QBFT-0 | INFO  | QbftBesuControllerBuilder | Imported #374 / 179 tx / 1431 pending / 43,312,630 (0.0%) gas / (0x2398fb543e5fffa2cb6b072ba5d8604d3512ec47fcab974d7bda5cede1888d87)
2026-10-07 10:33:17.155+00:00 | EthScheduler-Workers-0 | INFO  | PersistBlockTask | Block 375 (0x18792c2b4ae200b3bf9359af6d23a9306b7972cc1e4e4c8c3f361b12c03c85e3) is already imported
2026-10-07 10:33:17.157+00:00 | BftProcessorExecutor-QBFT-0 | INFO  | QbftBesuControllerBuilder | Imported #375 / 190 tx / 1241 pending / 45,974,300 (0.0%) gas / (0x18792c2b4ae200b3bf9359af6d23a9306b7972cc1e4e4c8c3f361b12c03c85e3)
2026-10-07 10:33:20.648+00:00 | EthScheduler-Workers-0 | INFO  | PersistBlockTask | Block 376 (0xe87b620be9128d770629febcc7aa8b67afae30d1ed01beec541ac2732136cb1f) is already imported
2026-10-07 10:33:20.649+00:00 | BftProcessorExecutor-QBFT-0 | INFO  | QbftBesuControllerBuilder | Imported #376 / 217 tx / 1024 pending / 52,507,490 (0.0%) gas / (0xe87b620be9128d770629febcc7aa8b67afae30d1ed01beec541ac2732136cb1f)
2026-10-07 10:33:24.067+00:00 | EthScheduler-Workers-0 | INFO  | PersistBlockTask | Block 377 (0xbdfa20583d84332431fd2cfb06298be46ccacdedf9302cdf0498307b3d490b23) is already imported
2026-10-07 10:33:24.069+00:00 | BftProcessorExecutor-QBFT-0 | INFO  | QbftBesuControllerBuilder | Imported #377 / 204 tx / 820 pending / 49,361,880 (0.0%) gas / (0xbdfa20583d84332431fd2cfb06298be46ccacdedf9302cdf0498307b3d490b23)
2026-10-07 10:33:27.321+00:00 | BftProcessorExecutor-QBFT-0 | INFO  | QbftBesuControllerBuilder | Imported #378 / 207 tx / 613 pending / 50,087,790 (0.0%) gas / (0x6e28a2260180de8926acbcc95bf50aeddb313b2772d70a3c12193cdf712c4c85)
2026-10-07 10:33:30.131+00:00 | BftProcessorExecutor-QBFT-0 | INFO  | QbftBesuControllerBuilder | Imported #379 / 181 tx / 432 pending / 43,796,570 (0.0%) gas / (0xa9f3d06df24cce889dd28432ea0022b8f63705c2cb580c249aa3467f416b9ebe)
2026-10-07 10:33:32.498+00:00 | EthScheduler-Workers-0 | INFO  | PersistBlockTask | Block 380 (0x9d61469e374038d9b1777ab2feb1092d27aa33b7cc18f5429b1758631232996e) is already imported
2026-10-07 10:33:32.498+00:00 | BftProcessorExecutor-QBFT-0 | INFO  | QbftBesuControllerBuilder | Imported #380 / 159 tx / 273 pending / 38,473,230 (0.0%) gas / (0x9d61469e374038d9b1777ab2feb1092d27aa33b7cc18f5429b1758631232996e)
2026-10-07 10:33:34.548+00:00 | BftProcessorExecutor-QBFT-0 | INFO  | QbftBesuControllerBuilder | Imported #381 / 130 tx / 143 pending / 31,456,100 (0.0%) gas / (0x4fb76d6605c6449f1035740f6efc629f96a31ac5d0917968c9a687230928a4c0)
2026-10-07 10:33:36.113+00:00 | EthScheduler-Workers-0 | INFO  | PersistBlockTask | Block 382 (0x291843ecb4b35954a7c421520deab7358a85f2fc89db42fd9d69d93a5d9ccc5f) is already imported
2026-10-07 10:33:36.114+00:00 | BftProcessorExecutor-QBFT-0 | INFO  | QbftBesuControllerBuilder | Imported #382 / 91 tx / 52 pending / 22,019,270 (0.0%) gas / (0x291843ecb4b35954a7c421520deab7358a85f2fc89db42fd9d69d93a5d9ccc5f)
2026-10-07 10:33:38.145+00:00 | EthScheduler-Workers-0 | INFO  | PersistBlockTask | Block 383 (0x7227e2ec2ae83201c4a2364b96694a98816aa1bd8228ef42d1fec7112e463e4c) is already imported
2026-10-07 10:33:38.145+00:00 | BftProcessorExecutor-QBFT-0 | INFO  | QbftBesuControllerBuilder | Produced #383 / 52 tx / 0 pending / 12,582,440 (0.0%) gas / (0x7227e2ec2ae83201c4a2364b96694a98816aa1bd8228ef42d1fec7112e463e4c)
2026-10-07 10:33:39.349+00:00 | BftProcessorExecutor-QBFT-0 | INFO  | QbftBesuControllerBuilder | Imported #384 / 0 tx / 0 pending / 0 (0.0%) gas / (0x6223f6db1eff1dff470a44fd2e3cc14164b33e967cae727443482ba8145f4846)
2026-10-07 10:33:39.352+00:00 | EthScheduler-Workers-0 | INFO  | PersistBlockTask | Block 384 (0x6223f6db1eff1dff470a44fd2e3cc14164b33e967cae727443482ba8145f4846) is already imported
2026-10-07 10:33:41.295+00:00 | EthScheduler-Workers-0 | INFO  | PersistBlockTask | Imported #385 / 0 tx / 0 om / 0 (0.0%) gas / (0xc2b75cd0db58a4f70fca0bb2493ae4addcd1cc88a8fef347b58cb4b59cd08a70) in 0.001s. Peers: 14
2026-10-07 10:33:41.295+00:00 | BftProcessorExecutor-QBFT-0 | INFO  | QbftBesuControllerBuilder | Imported #385 / 0 tx / 0 pending / 0 (0.0%) gas / (0xc2b75cd0db58a4f70fca0bb2493ae4addcd1cc88a8fef347b58cb4b59cd08a70)
2026-10-07 10:33:43.321+00:00 | BftProcessorExecutor-QBFT-0 | INFO  | QbftBesuControllerBuilder | Imported #386 / 0 tx / 0 pending / 0 (0.0%) gas / (0xa6aa71a7b8b0c4d96108bccf2dca040fc8bae16d5bf559066bb453257cdd3a85)
2026-10-07 10:33:43.323+00:00 | EthScheduler-Workers-0 | INFO  | PersistBlockTask | Block 386 (0xa6aa71a7b8b0c4d96108bccf2dca040fc8bae16d5bf559066bb453257cdd3a85) is already imported
2026-10-07 10:33:45.337+00:00 | BftProcessorExecutor-QBFT-0 | INFO  | QbftBesuControllerBuilder | Imported #387 / 0 tx / 0 pending / 0 (0.0%) gas / (0xfb1780b4ed962206c859a84a67c3fc95adbca8dfa6ff20ea2ce60b1d58f684a7)
2026-10-07 10:33:45.341+00:00 | EthScheduler-Workers-0 | INFO  | PersistBlockTask | Block 387 (0xfb1780b4ed962206c859a84a67c3fc95adbca8dfa6ff20ea2ce60b1d58f684a7) is already imported
2026-10-07 10:33:47.277+00:00 | BftProcessorExecutor-QBFT-0 | INFO  | QbftBesuControllerBuilder | Imported #388 / 0 tx / 0 pending / 0 (0.0%) gas / (0x01dc8eb1672f412c462a9b6f92ffc62649d296bd07b712f4706ecfd5295a5edc)
2026-10-07 10:33:49.358+00:00 | BftProcessorExecutor-QBFT-0 | INFO  | QbftBesuControllerBuilder | Imported #389 / 0 tx / 0 pending / 0 (0.0%) gas / (0x3cb1fab1d2919b92dc8ffa813b8e7653289385e0a85265fdeb8fe661f1253244)
2026-10-07 10:33:51.310+00:00 | BftProcessorExecutor-QBFT-0 | INFO  | QbftBesuControllerBuilder | Imported #390 / 0 tx / 0 pending / 0 (0.0%) gas / (0x3eb4c95bc884bacb94a0358d2d8e894822d5881bc97faaebf9b3e89809612675)
2026-10-07 10:33:53.329+00:00 | BftProcessorExecutor-QBFT-0 | INFO  | QbftBesuControllerBuilder | Imported #391 / 0 tx / 0 pending / 0 (0.0%) gas / (0xcc6efc22bd9f0945e2b4b72daa4de96f9c5b750f641d253fe6866727b84f3159)
2026-10-07 10:33:53.330+00:00 | EthScheduler-Workers-0 | INFO  | PersistBlockTask | Block 391 (0xcc6efc22bd9f0945e2b4b72daa4de96f9c5b750f641d253fe6866727b84f3159) is already imported
2026-10-07 10:33:55.337+00:00 | BftProcessorExecutor-QBFT-0 | INFO  | QbftBesuControllerBuilder | Imported #392 / 0 tx / 0 pending / 0 (0.0%) gas / (0x83fd775180beb08059e42c91c37fe6680265530db071e39df9f10c6f71573fbe)
2026-10-07 10:33:57.283+00:00 | BftProcessorExecutor-QBFT-0 | INFO  | QbftBesuControllerBuilder | Imported #393 / 0 tx / 0 pending / 0 (0.0%) gas / (0xc1d452cb03016ab9a7ff13ed8cdd7ca386798d6d4ce304f5a2badf801d90e30c)
2026-10-07 10:33:59.365+00:00 | BftProcessorExecutor-QBFT-0 | INFO  | QbftBesuControllerBuilder | Imported #394 / 0 tx / 0 pending / 0 (0.0%) gas / (0x175ec4c37e2512b2f4324403b994f9a18f64a9e0328f6f31b7a387b8aa25d63c)
2026-10-07 10:34:01.303+00:00 | BftProcessorExecutor-QBFT-0 | INFO  | QbftBesuControllerBuilder | Imported #395 / 0 tx / 0 pending / 0 (0.0%) gas / (0x216f68fbd366d0dd7eaebaf9feee9e6d625f136b10464e70b75ea5981943fa5e)
2026-10-07 10:34:03.326+00:00 | BftProcessorExecutor-QBFT-0 | INFO  | QbftBesuControllerBuilder | Imported #396 / 0 tx / 0 pending / 0 (0.0%) gas / (0x57fff908cd480c6cba7ace62ce4d0402c1f6b8e55e4fad5c1fb94bb0fe187dac)
2026-10-07 10:34:03.327+00:00 | EthScheduler-Workers-0 | INFO  | PersistBlockTask | Block 396 (0x57fff908cd480c6cba7ace62ce4d0402c1f6b8e55e4fad5c1fb94bb0fe187dac) is already imported
2026-10-07 10:34:05.348+00:00 | EthScheduler-Workers-0 | INFO  | PersistBlockTask | Block 397 (0x1b09d50e03c1e586b8909953156d385ee23a15d2aba049a6bc6514ebd678fe00) is already imported
2026-10-07 10:34:05.349+00:00 | BftProcessorExecutor-QBFT-0 | INFO  | QbftBesuControllerBuilder | Imported #397 / 0 tx / 0 pending / 0 (0.0%) gas / (0x1b09d50e03c1e586b8909953156d385ee23a15d2aba049a6bc6514ebd678fe00)
2026-10-07 10:34:07.263+00:00 | BftProcessorExecutor-QBFT-0 | INFO  | QbftBesuControllerBuilder | Produced #398 / 0 tx / 0 pending / 0 (0.0%) gas / (0x3b516e11f49fd6bd0c9e3790278f67aee994acb7b686161885a531a42105d5c9)
2026-10-07 10:34:09.365+00:00 | BftProcessorExecutor-QBFT-0 | INFO  | QbftBesuControllerBuilder | Imported #399 / 0 tx / 0 pending / 0 (0.0%) gas / (0x37f1a75325d9ffaad903670cb072c4485d0974cd0e69fe5289c55fd951c216e6)
2026-10-07 10:34:09.365+00:00 | EthScheduler-Workers-0 | INFO  | PersistBlockTask | Block 399 (0x37f1a75325d9ffaad903670cb072c4485d0974cd0e69fe5289c55fd951c216e6) is already imported
2026-10-07 10:34:11.313+00:00 | BftProcessorExecutor-QBFT-0 | INFO  | QbftBesuControllerBuilder | Imported #400 / 0 tx / 0 pending / 0 (0.0%) gas / (0x95ec0840384cf3b750126affb80593f02f2cfea66349e107e17486fdadf74d3e)
2026-10-07 10:34:13.328+00:00 | BftProcessorExecutor-QBFT-0 | INFO  | QbftBesuControllerBuilder | Imported #401 / 0 tx / 0 pending / 0 (0.0%) gas / (0x55e75024f505071de3e3ead3aeb4b2bb1f3b702a17fa9e754e0dc7b2399181c7)
2026-10-07 10:34:15.344+00:00 | BftProcessorExecutor-QBFT-0 | INFO  | QbftBesuControllerBuilder | Imported #402 / 0 tx / 0 pending / 0 (0.0%) gas / (0x93db89538c528974cdea865cb52898b83b43770ef60bec27a4cf53ff753a243d)
2026-10-07 10:34:17.281+00:00 | BftProcessorExecutor-QBFT-0 | INFO  | QbftBesuControllerBuilder | Imported #403 / 0 tx / 0 pending / 0 (0.0%) gas / (0xd28873c94548da309857256f289955abf5e532eee5d06fb3bd599decdfcc7f29)
2026-10-07 10:34:19.359+00:00 | BftProcessorExecutor-QBFT-0 | INFO  | QbftBesuControllerBuilder | Imported #404 / 0 tx / 0 pending / 0 (0.0%) gas / (0x6a1d3e54757c0a0e382ebd8c7532db413899292d443f30dc648a8339c92b507c)
2026-10-07 10:34:21.318+00:00 | EthScheduler-Workers-0 | INFO  | PersistBlockTask | Block 405 (0x78e5485c4b95d0286bddd6dcd81744da47586889a5f35412b9303bf95e554305) is already imported
2026-10-07 10:34:21.318+00:00 | BftProcessorExecutor-QBFT-0 | INFO  | QbftBesuControllerBuilder | Imported #405 / 0 tx / 0 pending / 0 (0.0%) gas / (0x78e5485c4b95d0286bddd6dcd81744da47586889a5f35412b9303bf95e554305)
2026-10-07 10:34:23.335+00:00 | BftProcessorExecutor-QBFT-0 | INFO  | QbftBesuControllerBuilder | Imported #406 / 0 tx / 0 pending / 0 (0.0%) gas / (0xda515078c52ee88dbc390364e8077d93a8ee01cc717e60118351b307e1d406f8)
2026-10-07 10:34:25.348+00:00 | EthScheduler-Workers-0 | INFO  | PersistBlockTask | Block 407 (0x85b372bd45672e90ddc3da90105df940a6022f748234ab0e95cc80ea0d64efd0) is already imported
2026-10-07 10:34:25.349+00:00 | BftProcessorExecutor-QBFT-0 | INFO  | QbftBesuControllerBuilder | Imported #407 / 0 tx / 0 pending / 0 (0.0%) gas / (0x85b372bd45672e90ddc3da90105df940a6022f748234ab0e95cc80ea0d64efd0)
2026-10-07 10:34:27.284+00:00 | BftProcessorExecutor-QBFT-0 | INFO  | QbftBesuControllerBuilder | Imported #408 / 0 tx / 0 pending / 0 (0.0%) gas / (0xa75f52b270a84f15badd09b02880c84f13866c0d8c83e414ca69d45123882e84)
2026-10-07 10:34:27.286+00:00 | EthScheduler-Workers-0 | INFO  | PersistBlockTask | Block 408 (0xa75f52b270a84f15badd09b02880c84f13866c0d8c83e414ca69d45123882e84) is already imported
2026-10-07 10:34:29.363+00:00 | BftProcessorExecutor-QBFT-0 | INFO  | QbftBesuControllerBuilder | Imported #409 / 0 tx / 0 pending / 0 (0.0%) gas / (0x280cd62ce0140e1f058200ab8318ce6665fd58ddadbb9621357765b6625db049)
2026-10-07 10:34:31.306+00:00 | BftProcessorExecutor-QBFT-0 | INFO  | QbftBesuControllerBuilder | Imported #410 / 0 tx / 0 pending / 0 (0.0%) gas / (0xe66f365bcb55702e84758f6fc24bef17f00baaec1bf26d661accbfefe37ee72c)
2026-10-07 10:34:33.318+00:00 | BftProcessorExecutor-QBFT-0 | INFO  | QbftBesuControllerBuilder | Imported #411 / 0 tx / 0 pending / 0 (0.0%) gas / (0x04616c0a3d5553f2b7212d92f43c57c0725652219c3dc5e035eea84da7664a66)
2026-10-07 10:34:35.333+00:00 | BftProcessorExecutor-QBFT-0 | INFO  | QbftBesuControllerBuilder | Imported #412 / 0 tx / 0 pending / 0 (0.0%) gas / (0x0d79a1c22ecaf459e66c3fe3692416c5992d6818fc3b78032dd5a644c9d3fdb3)
2026-10-07 10:34:37.277+00:00 | BftProcessorExecutor-QBFT-0 | INFO  | QbftBesuControllerBuilder | Produced #413 / 0 tx / 0 pending / 0 (0.0%) gas / (0x15f5cad629de1b5cb475330b55b7acaa777c5f5dcfe25665ca6d18ee38480988)
2026-10-07 10:34:39.354+00:00 | BftProcessorExecutor-QBFT-0 | INFO  | QbftBesuControllerBuilder | Imported #414 / 0 tx / 0 pending / 0 (0.0%) gas / (0x5514622b42abbf366308c6bf21b35c037a42e8194bd0881c907e82e4d9515961)
2026-10-07 10:34:41.312+00:00 | BftProcessorExecutor-QBFT-0 | INFO  | QbftBesuControllerBuilder | Imported #415 / 0 tx / 0 pending / 0 (0.0%) gas / (0x4c9da15dd33260a7562427edf7501e5947b7d38ba6a95455f9f03748189fb549)
2026-10-07 10:34:41.315+00:00 | EthScheduler-Workers-0 | INFO  | PersistBlockTask | Block 415 (0x4c9da15dd33260a7562427edf7501e5947b7d38ba6a95455f9f03748189fb549) is already imported
2026-10-07 10:34:43.332+00:00 | EthScheduler-Workers-0 | INFO  | PersistBlockTask | Block 416 (0x11b11fc74b3084dec2541aae92aa883df45e009dd0f0a7f30edd86e897695d58) is already imported
2026-10-07 10:34:43.332+00:00 | BftProcessorExecutor-QBFT-0 | INFO  | QbftBesuControllerBuilder | Imported #416 / 0 tx / 0 pending / 0 (0.0%) gas / (0x11b11fc74b3084dec2541aae92aa883df45e009dd0f0a7f30edd86e897695d58)
2026-10-07 10:34:45.345+00:00 | BftProcessorExecutor-QBFT-0 | INFO  | QbftBesuControllerBuilder | Imported #417 / 0 tx / 0 pending / 0 (0.0%) gas / (0x7095bf3c9ba2702f724b493cf8f9d29951eec6781cf1c70432bfeeb72d7d83b4)
2026-10-07 10:34:47.274+00:00 | BftProcessorExecutor-QBFT-0 | INFO  | QbftBesuControllerBuilder | Imported #418 / 0 tx / 0 pending / 0 (0.0%) gas / (0x87e214a30d291a657f9379f9f051bb168d47bfa9b0bb8a5eb28056ed9a15942c)
2026-10-07 10:34:49.364+00:00 | EthScheduler-Workers-0 | INFO  | PersistBlockTask | Block 419 (0xd14e08da72c0182e5f9e9fceb162f351c23e1e7062f76e8db323cb819d7bf8e7) is already imported
2026-10-07 10:34:49.364+00:00 | BftProcessorExecutor-QBFT-0 | INFO  | QbftBesuControllerBuilder | Imported #419 / 0 tx / 0 pending / 0 (0.0%) gas / (0xd14e08da72c0182e5f9e9fceb162f351c23e1e7062f76e8db323cb819d7bf8e7)
2026-10-07 10:34:51.295+00:00 | BftProcessorExecutor-QBFT-0 | INFO  | QbftBesuControllerBuilder | Imported #420 / 0 tx / 0 pending / 0 (0.0%) gas / (0xd25c11a550b50adbcbe73c80190546cb8da440413553ea171ceb86e8d4802aa2)
2026-10-07 10:34:53.326+00:00 | BftProcessorExecutor-QBFT-0 | INFO  | QbftBesuControllerBuilder | Imported #421 / 0 tx / 0 pending / 0 (0.0%) gas / (0x2b74e043966d6b55f454726c3204edacfa501c19cf8542777f2eb93c39a5965b)
2026-10-07 10:34:53.329+00:00 | EthScheduler-Workers-0 | INFO  | PersistBlockTask | Block 421 (0x2b74e043966d6b55f454726c3204edacfa501c19cf8542777f2eb93c39a5965b) is already imported
2026-10-07 10:34:55.345+00:00 | BftProcessorExecutor-QBFT-0 | INFO  | QbftBesuControllerBuilder | Imported #422 / 0 tx / 0 pending / 0 (0.0%) gas / (0x585de4fc4c4d540367887e92fdfa3f8a881a63f3f36eba41660a8cd0c3f5061e)
2026-10-07 10:34:57.282+00:00 | BftProcessorExecutor-QBFT-0 | INFO  | QbftBesuControllerBuilder | Imported #423 / 0 tx / 0 pending / 0 (0.0%) gas / (0xd6889b770a2ecd3f129abb63c0375993c7089b08fb261e5666093a44de9649a0)
2026-10-07 10:34:59.353+00:00 | BftProcessorExecutor-QBFT-0 | INFO  | QbftBesuControllerBuilder | Imported #424 / 0 tx / 0 pending / 0 (0.0%) gas / (0x3cda69226007041fdfd8ea22b4a532c73ebc1046e7fd44297a4845a66b5d20b9)
2026-10-07 10:35:01.310+00:00 | BftProcessorExecutor-QBFT-0 | INFO  | QbftBesuControllerBuilder | Imported #425 / 0 tx / 0 pending / 0 (0.0%) gas / (0x6ec8e6c6a0830dac4ee137522205b7c24ec85e29e9d7f8614fae6cf6834a6b15)
2026-10-07 10:35:03.330+00:00 | BftProcessorExecutor-QBFT-0 | INFO  | QbftBesuControllerBuilder | Imported #426 / 0 tx / 0 pending / 0 (0.0%) gas / (0x49584878c918c10c6c39100ade7fc8ffc0030c59f779178affe63c4302fa8444)
2026-10-07 10:35:05.337+00:00 | BftProcessorExecutor-QBFT-0 | INFO  | QbftBesuControllerBuilder | Imported #427 / 0 tx / 0 pending / 0 (0.0%) gas / (0xe8af1bc4daec1f0ad39e776b47172597c3ed2be9ec9489a559ee53367c5ad8a2)
2026-10-07 10:35:07.273+00:00 | BftProcessorExecutor-QBFT-0 | INFO  | QbftBesuControllerBuilder | Produced #428 / 0 tx / 0 pending / 0 (0.0%) gas / (0x5fdfd9912b8399f12821d04f24f450775b7b463e8c8f6ff5aa83cc26aca32354)
2026-10-07 10:35:09.348+00:00 | BftProcessorExecutor-QBFT-0 | INFO  | QbftBesuControllerBuilder | Imported #429 / 0 tx / 0 pending / 0 (0.0%) gas / (0x550b8a1b46708afa869c210e82ec9c45099705bf36501ab110ce2dd1b8a270e4)
2026-10-07 10:35:11.301+00:00 | BftProcessorExecutor-QBFT-0 | INFO  | QbftBesuControllerBuilder | Imported #430 / 0 tx / 0 pending / 0 (0.0%) gas / (0xef45ad1d2e28087da1b956115b9be4392beb39fbf87882f4dd2b6507e45d4630)
2026-10-07 10:35:13.323+00:00 | BftProcessorExecutor-QBFT-0 | INFO  | QbftBesuControllerBuilder | Imported #431 / 0 tx / 0 pending / 0 (0.0%) gas / (0xabfd856f6ace8a28bc9f2699b68185ea69157967fdaed65d804a1fd4a5013558)
2026-10-07 10:35:15.338+00:00 | BftProcessorExecutor-QBFT-0 | INFO  | QbftBesuControllerBuilder | Imported #432 / 0 tx / 0 pending / 0 (0.0%) gas / (0xb39b10450f0e545133a3bb89dd159b64da285f5c2cc54e9fab36a8479094f8ff)
2026-10-07 10:35:17.285+00:00 | BftProcessorExecutor-QBFT-0 | INFO  | QbftBesuControllerBuilder | Imported #433 / 0 tx / 0 pending / 0 (0.0%) gas / (0x4fedf7263358ade56d1ab25becc553a075410c750cd59721842aa9b3cf6abc73)
2026-10-07 10:35:19.368+00:00 | BftProcessorExecutor-QBFT-0 | INFO  | QbftBesuControllerBuilder | Imported #434 / 0 tx / 0 pending / 0 (0.0%) gas / (0x8bff4e635a56295f4217c70063c7cc477e94d92e45fde207abd10d839003315d)
2026-10-07 10:35:21.313+00:00 | BftProcessorExecutor-QBFT-0 | INFO  | QbftBesuControllerBuilder | Imported #435 / 0 tx / 0 pending / 0 (0.0%) gas / (0x3b1a35424f84d5be7d05a5c0d3224ff69508a370a4fbb53062b4d16c4092f781)
2026-10-07 10:35:23.328+00:00 | BftProcessorExecutor-QBFT-0 | INFO  | QbftBesuControllerBuilder | Imported #436 / 0 tx / 0 pending / 0 (0.0%) gas / (0x16e69abcdb0e0b72f3b5f0e4269c467b8b7c5289b26050a79313b5ff3d2b1dae)
2026-10-07 10:35:25.336+00:00 | BftProcessorExecutor-QBFT-0 | INFO  | QbftBesuControllerBuilder | Imported #437 / 0 tx / 0 pending / 0 (0.0%) gas / (0x6a427395812a341ba92fb11c65250d727af72fa5bbc3d0add0db9a0e13916f34)
2026-10-07 10:35:27.274+00:00 | BftProcessorExecutor-QBFT-0 | INFO  | QbftBesuControllerBuilder | Imported #438 / 0 tx / 0 pending / 0 (0.0%) gas / (0xf3a85a830076f859883a415a3fa720ab486d1ee7ea9e14298732eaf56b7aa84f)
2026-10-07 10:35:29.368+00:00 | BftProcessorExecutor-QBFT-0 | INFO  | QbftBesuControllerBuilder | Imported #439 / 0 tx / 0 pending / 0 (0.0%) gas / (0xe9f1daf88bb678cff5b906e8fe00de956ab1a437ace266cae74092f69302fb63)
2026-10-07 10:35:29.370+00:00 | EthScheduler-Workers-0 | INFO  | PersistBlockTask | Block 439 (0xe9f1daf88bb678cff5b906e8fe00de956ab1a437ace266cae74092f69302fb63) is already imported
2026-10-07 10:35:31.312+00:00 | EthScheduler-Workers-0 | INFO  | PersistBlockTask | Imported #440 / 0 tx / 0 om / 0 (0.0%) gas / (0x44e9b49cb353f85d0885f99aab80e0953db90c32d550669e7290a51f4955aae6) in 0.003s. Peers: 14
2026-10-07 10:35:31.313+00:00 | BftProcessorExecutor-QBFT-0 | INFO  | QbftBesuControllerBuilder | Imported #440 / 0 tx / 0 pending / 0 (0.0%) gas / (0x44e9b49cb353f85d0885f99aab80e0953db90c32d550669e7290a51f4955aae6)
2026-10-07 10:35:33.327+00:00 | BftProcessorExecutor-QBFT-0 | INFO  | QbftBesuControllerBuilder | Imported #441 / 0 tx / 0 pending / 0 (0.0%) gas / (0x745f724292fae4b0d34d99a186901947e44e5f7e66245fcb3b2b3d15ab22db9d)
2026-10-07 10:35:35.346+00:00 | BftProcessorExecutor-QBFT-0 | INFO  | QbftBesuControllerBuilder | Imported #442 / 0 tx / 0 pending / 0 (0.0%) gas / (0x0c4a949a16eaf69fa4139ede5efc8f452c6202f8d1acf1e464e08664bb0c4dd4)
2026-10-07 10:35:35.346+00:00 | EthScheduler-Workers-0 | INFO  | PersistBlockTask | Block 442 (0x0c4a949a16eaf69fa4139ede5efc8f452c6202f8d1acf1e464e08664bb0c4dd4) is already imported
2026-10-07 10:35:37.284+00:00 | BftProcessorExecutor-QBFT-0 | INFO  | QbftBesuControllerBuilder | Produced #443 / 0 tx / 0 pending / 0 (0.0%) gas / (0x61aa2ee3c3c02cfa310776ec3476f4d2159b2d49e6e1fc725beae117974f93fa)
2026-10-07 10:35:39.359+00:00 | BftProcessorExecutor-QBFT-0 | INFO  | QbftBesuControllerBuilder | Imported #444 / 0 tx / 0 pending / 0 (0.0%) gas / (0xf4d191e899b7d1f2099ef09c25c7d73260aa2fd3b9fbdef99c2e394739943e2a)
2026-10-07 10:35:41.313+00:00 | BftProcessorExecutor-QBFT-0 | INFO  | QbftBesuControllerBuilder | Imported #445 / 0 tx / 0 pending / 0 (0.0%) gas / (0xbbc43e56e3e7dde7b747c5ffff7a25f3ab680195e7e336f54a02646539ddcd8b)
2026-10-07 10:35:43.325+00:00 | BftProcessorExecutor-QBFT-0 | INFO  | QbftBesuControllerBuilder | Imported #446 / 0 tx / 0 pending / 0 (0.0%) gas / (0x38e081487c59fcfc5c6455a541480f687cbcb1ebe52ca504b3f8a84c69f8777f)
2026-10-07 10:35:45.336+00:00 | BftProcessorExecutor-QBFT-0 | INFO  | QbftBesuControllerBuilder | Imported #447 / 0 tx / 0 pending / 0 (0.0%) gas / (0x96e7b493b37955df821991483f01188590477c7fed12f3205221589efb039e81)
2026-10-07 10:35:47.283+00:00 | BftProcessorExecutor-QBFT-0 | INFO  | QbftBesuControllerBuilder | Imported #448 / 0 tx / 0 pending / 0 (0.0%) gas / (0x7c47b1aea7fe439cd5dde1c429fc6bfe181d40abab2992f87b8be5414c5b23a6)
2026-10-07 10:35:47.288+00:00 | EthScheduler-Workers-0 | INFO  | PersistBlockTask | Block 448 (0x7c47b1aea7fe439cd5dde1c429fc6bfe181d40abab2992f87b8be5414c5b23a6) is already imported
2026-10-07 10:35:49.363+00:00 | BftProcessorExecutor-QBFT-0 | INFO  | QbftBesuControllerBuilder | Imported #449 / 0 tx / 0 pending / 0 (0.0%) gas / (0xeb8a8bdb5a4a53e6d7530b5b9db94b7ef59cc7eff0a4171717d558ae2d4c6992)
2026-10-07 10:35:51.310+00:00 | BftProcessorExecutor-QBFT-0 | INFO  | QbftBesuControllerBuilder | Imported #450 / 0 tx / 0 pending / 0 (0.0%) gas / (0xa8f4092f1fb40a70c0d98f45a1cbdcd9ceedaa77d1661301ecc00a2eb418901f)
2026-10-07 10:35:53.333+00:00 | BftProcessorExecutor-QBFT-0 | INFO  | QbftBesuControllerBuilder | Imported #451 / 0 tx / 0 pending / 0 (0.0%) gas / (0xcdf266af00249230854ec24bce0bd345f5c5d20623786f384d94008509aeddbe)
2026-10-07 10:35:55.344+00:00 | BftProcessorExecutor-QBFT-0 | INFO  | QbftBesuControllerBuilder | Imported #452 / 0 tx / 0 pending / 0 (0.0%) gas / (0x5d56bee98d76ab47933607c8a0021e2864179d4c4135c8423dc02b9d931e3eed)
2026-10-07 10:35:57.284+00:00 | BftProcessorExecutor-QBFT-0 | INFO  | QbftBesuControllerBuilder | Imported #453 / 0 tx / 0 pending / 0 (0.0%) gas / (0xbc9dbfd0adc10b9d2503cfb7e05a2e1fab361989e980ec0be52625c01f26745f)
2026-10-07 10:35:57.286+00:00 | EthScheduler-Workers-0 | INFO  | PersistBlockTask | Block 453 (0xbc9dbfd0adc10b9d2503cfb7e05a2e1fab361989e980ec0be52625c01f26745f) is already imported
2026-10-07 10:35:59.355+00:00 | BftProcessorExecutor-QBFT-0 | INFO  | QbftBesuControllerBuilder | Imported #454 / 0 tx / 0 pending / 0 (0.0%) gas / (0x8dc0a1c34d64ff77bb9559159c3d1197202fd5b9a5874dea0c9ccb082d224da7)
2026-10-07 10:36:01.315+00:00 | BftProcessorExecutor-QBFT-0 | INFO  | QbftBesuControllerBuilder | Imported #455 / 0 tx / 0 pending / 0 (0.0%) gas / (0xffe3141b86156f8559aeb8d5df3f8df9715f92bf4368520d7390915bd94f56c7)
2026-10-07 10:36:03.328+00:00 | BftProcessorExecutor-QBFT-0 | INFO  | QbftBesuControllerBuilder | Imported #456 / 0 tx / 0 pending / 0 (0.0%) gas / (0x5d1d892e50a58bc2435c49a3c5ed859ca8762a5a4039bd858df436e103272d1a)
2026-10-07 10:36:05.348+00:00 | BftProcessorExecutor-QBFT-0 | INFO  | QbftBesuControllerBuilder | Imported #457 / 0 tx / 0 pending / 0 (0.0%) gas / (0x752bdcbea0ba4c3896a383a0e436a3963674d1c9795a630313750b5f4f610f95)
2026-10-07 10:36:07.276+00:00 | BftProcessorExecutor-QBFT-0 | INFO  | QbftBesuControllerBuilder | Produced #458 / 0 tx / 0 pending / 0 (0.0%) gas / (0x6ed689d7f06fb20a9f9ea972e69346f2a1662b088a4142f41e60c067032e79b6)
2026-10-07 10:36:09.361+00:00 | BftProcessorExecutor-QBFT-0 | INFO  | QbftBesuControllerBuilder | Imported #459 / 0 tx / 0 pending / 0 (0.0%) gas / (0x6f84fdf72a4dbbe9dbb873c68d3b28c1228c2b9e11a0ec85aff5e51def6bad69)
2026-10-07 10:36:11.314+00:00 | BftProcessorExecutor-QBFT-0 | INFO  | QbftBesuControllerBuilder | Imported #460 / 0 tx / 0 pending / 0 (0.0%) gas / (0x53e2c5e83dbd2bac9c7fcb48b4ddb9aebc9e922b7fecb821345319898b24f760)
2026-10-07 10:36:13.333+00:00 | BftProcessorExecutor-QBFT-0 | INFO  | QbftBesuControllerBuilder | Imported #461 / 0 tx / 0 pending / 0 (0.0%) gas / (0x83e79b135ca55b271a3387ccafd6def72bd699866d065927ec17a752811389ef)
2026-10-07 10:36:15.337+00:00 | BftProcessorExecutor-QBFT-0 | INFO  | QbftBesuControllerBuilder | Imported #462 / 0 tx / 0 pending / 0 (0.0%) gas / (0xdbd40ec7492ba0ed3a92892cfbab76d4343ec79d0acee4a7171c44a1df2f286c)
2026-10-07 10:36:17.249+00:00 | BftProcessorExecutor-QBFT-0 | INFO  | QbftBesuControllerBuilder | Imported #463 / 0 tx / 8 pending / 0 (0.0%) gas / (0x160b77776e4c1e84206ef527d502367cdaac207e04cdbf641075e15917de77e1)
2026-10-07 10:36:19.361+00:00 | BftProcessorExecutor-QBFT-0 | INFO  | QbftBesuControllerBuilder | Imported #464 / 0 tx / 8 pending / 0 (0.0%) gas / (0x586ebbee9cd49ed0c5eb2ab0853ce6c34fe72a815f7eca74aba4a49dbd83a10d)
2026-10-07 10:36:21.304+00:00 | BftProcessorExecutor-QBFT-0 | INFO  | QbftBesuControllerBuilder | Imported #465 / 1 tx / 7 pending / 153,638 (0.0%) gas / (0xc141e2835e831dbb4e10358d8de5504aa2df69576c6aeb531435214e9f728f63)
2026-10-07 10:36:23.335+00:00 | BftProcessorExecutor-QBFT-0 | INFO  | QbftBesuControllerBuilder | Imported #466 / 1 tx / 6 pending / 153,618 (0.0%) gas / (0x543bc85e16acf8929f05b2483d57a030a9293fc246eff4da97bc7dbcb82768e1)
2026-10-07 10:36:25.350+00:00 | BftProcessorExecutor-QBFT-0 | INFO  | QbftBesuControllerBuilder | Imported #467 / 1 tx / 5 pending / 153,650 (0.0%) gas / (0x9cb91246727d67015eaf3c8374acf94cc714f53a2fea4d8c3047a2e27fe4defd)
2026-10-07 10:36:27.306+00:00 | BftProcessorExecutor-QBFT-0 | INFO  | QbftBesuControllerBuilder | Imported #468 / 1 tx / 4 pending / 153,650 (0.0%) gas / (0xc4d7693c38ea72506d217decdfcd86f329686c7bfc903b9daac262b13b7b953f)
2026-10-07 10:36:29.381+00:00 | BftProcessorExecutor-QBFT-0 | INFO  | QbftBesuControllerBuilder | Imported #469 / 1 tx / 3 pending / 153,630 (0.0%) gas / (0xa3663bae1a37f6276193636a21af3c9f6614407a5f179dc83aba1d95add6ceda)
2026-10-07 10:36:31.342+00:00 | BftProcessorExecutor-QBFT-0 | INFO  | QbftBesuControllerBuilder | Imported #470 / 1 tx / 2 pending / 153,618 (0.0%) gas / (0xb4e7b2189bb6dee9788032c9da0e70ca1d202ccec080c8637d33ed5c9bf12333)
2026-10-07 10:36:33.364+00:00 | BftProcessorExecutor-QBFT-0 | INFO  | QbftBesuControllerBuilder | Imported #471 / 1 tx / 1 pending / 153,630 (0.0%) gas / (0x9bb3ca2bd7152b587b202b3b72bab33b1090f60298184125f20f46ebd3798b5c)
2026-10-07 10:36:33.369+00:00 | EthScheduler-Workers-0 | INFO  | PersistBlockTask | Block 471 (0x9bb3ca2bd7152b587b202b3b72bab33b1090f60298184125f20f46ebd3798b5c) is already imported
2026-10-07 10:36:35.380+00:00 | BftProcessorExecutor-QBFT-0 | INFO  | QbftBesuControllerBuilder | Imported #472 / 1 tx / 0 pending / 153,630 (0.0%) gas / (0x446f99140311486dce0ef519dfdf3037efa3c089acc3a7a438d67398c54f765c)
2026-10-07 10:36:37.264+00:00 | BftProcessorExecutor-QBFT-0 | INFO  | QbftBesuControllerBuilder | Produced #473 / 0 tx / 0 pending / 0 (0.0%) gas / (0x1cf142c03c6e22965d6096d53b4d96ab6bd1afd934d114353ce8f4dc184922ff)
2026-10-07 10:36:39.355+00:00 | BftProcessorExecutor-QBFT-0 | INFO  | QbftBesuControllerBuilder | Imported #474 / 0 tx / 0 pending / 0 (0.0%) gas / (0xca879f7d5800215f72c6cf6851ddfe396aad844b6d26261d210e13b0e1ff8264)
2026-10-07 10:36:39.355+00:00 | EthScheduler-Workers-0 | INFO  | PersistBlockTask | Block 474 (0xca879f7d5800215f72c6cf6851ddfe396aad844b6d26261d210e13b0e1ff8264) is already imported
2026-10-07 10:36:41.302+00:00 | BftProcessorExecutor-QBFT-0 | INFO  | QbftBesuControllerBuilder | Imported #475 / 0 tx / 0 pending / 0 (0.0%) gas / (0xeeae0e38d7edad44b76557650428c32d7b8479ac4b12d0bf51a0302fdfc617c5)
2026-10-07 10:36:43.324+00:00 | BftProcessorExecutor-QBFT-0 | INFO  | QbftBesuControllerBuilder | Imported #476 / 0 tx / 0 pending / 0 (0.0%) gas / (0x6f461d79cde9b82267bbd32ca9237d01a2c84439dff14b2bc25082ec73a1ddb8)
2026-10-07 10:36:45.336+00:00 | BftProcessorExecutor-QBFT-0 | INFO  | QbftBesuControllerBuilder | Imported #477 / 0 tx / 0 pending / 0 (0.0%) gas / (0xa16715e62fbb0c951d97f4e66f74d482ae5a545a50ca063a0bb74655ac42bab3)
2026-10-07 10:36:47.281+00:00 | BftProcessorExecutor-QBFT-0 | INFO  | QbftBesuControllerBuilder | Imported #478 / 0 tx / 0 pending / 0 (0.0%) gas / (0xd4ffb87bece702476749868e62178abc6d11df31e50c6cd6ea94d31cce2ace12)
2026-10-07 10:36:49.360+00:00 | BftProcessorExecutor-QBFT-0 | INFO  | QbftBesuControllerBuilder | Imported #479 / 0 tx / 0 pending / 0 (0.0%) gas / (0x8da80988bbc624e6c3673e8c9217975d2ce5718a185e9e402254243d322f624d)
2026-10-07 10:36:51.317+00:00 | EthScheduler-Workers-0 | INFO  | PersistBlockTask | Block 480 (0xa57a4e365c3af34a562001a3e4ba0d7893614eafaba0215fcdf15b35a4fe597c) is already imported
2026-10-07 10:36:51.318+00:00 | BftProcessorExecutor-QBFT-0 | INFO  | QbftBesuControllerBuilder | Imported #480 / 0 tx / 0 pending / 0 (0.0%) gas / (0xa57a4e365c3af34a562001a3e4ba0d7893614eafaba0215fcdf15b35a4fe597c)
2026-10-07 10:36:53.311+00:00 | BftProcessorExecutor-QBFT-0 | INFO  | QbftBesuControllerBuilder | Imported #481 / 0 tx / 0 pending / 0 (0.0%) gas / (0x43fb88970d23a7f4cdad1274272501f3aa783bee25fc7864c9f15e816496d2e7)
2026-10-07 10:36:55.349+00:00 | EthScheduler-Workers-0 | INFO  | PersistBlockTask | Block 482 (0x042355c52bf198b771fd48132e320d29fe579a9b5f6c2e2c39b6311bbd7f05eb) is already imported
2026-10-07 10:36:55.350+00:00 | BftProcessorExecutor-QBFT-0 | INFO  | QbftBesuControllerBuilder | Imported #482 / 0 tx / 0 pending / 0 (0.0%) gas / (0x042355c52bf198b771fd48132e320d29fe579a9b5f6c2e2c39b6311bbd7f05eb)
2026-10-07 10:36:57.269+00:00 | BftProcessorExecutor-QBFT-0 | INFO  | QbftBesuControllerBuilder | Imported #483 / 0 tx / 0 pending / 0 (0.0%) gas / (0xbc6f805155017cbe14319e81c4b82b9f95c8ef42d05ef70c8504f60eec5d3267)
2026-10-07 10:36:57.275+00:00 | EthScheduler-Workers-0 | INFO  | PersistBlockTask | Block 483 (0xbc6f805155017cbe14319e81c4b82b9f95c8ef42d05ef70c8504f60eec5d3267) is already imported
2026-10-07 10:36:59.357+00:00 | BftProcessorExecutor-QBFT-0 | INFO  | QbftBesuControllerBuilder | Imported #484 / 0 tx / 0 pending / 0 (0.0%) gas / (0xa2b42cf877f110ac667d2698a0de223fa9407f16d8024c28fe295856b4545bae)
2026-10-07 10:37:01.314+00:00 | EthScheduler-Workers-0 | INFO  | PersistBlockTask | Block 485 (0x6fd538fdba8125052c38adde6e101c70d1b1484d2d857d9cefcdb664545c34b0) is already imported
2026-10-07 10:37:01.315+00:00 | BftProcessorExecutor-QBFT-0 | INFO  | QbftBesuControllerBuilder | Imported #485 / 0 tx / 0 pending / 0 (0.0%) gas / (0x6fd538fdba8125052c38adde6e101c70d1b1484d2d857d9cefcdb664545c34b0)
2026-10-07 10:37:03.336+00:00 | BftProcessorExecutor-QBFT-0 | INFO  | QbftBesuControllerBuilder | Imported #486 / 0 tx / 0 pending / 0 (0.0%) gas / (0x89790702385dfc6bb37745c5e20ee9dba793934e4d9e03e730aadd92d48968a7)
2026-10-07 10:37:05.357+00:00 | BftProcessorExecutor-QBFT-0 | INFO  | QbftBesuControllerBuilder | Imported #487 / 0 tx / 0 pending / 0 (0.0%) gas / (0x9b1f87cbaafc063538f3bdd1a8585fac27385c7e27b103c9cda4249168b7dc70)
2026-10-07 10:37:07.278+00:00 | BftProcessorExecutor-QBFT-0 | INFO  | QbftBesuControllerBuilder | Produced #488 / 0 tx / 0 pending / 0 (0.0%) gas / (0x88a42e4ec59fdae80e5089e5475c3ee47b6819805a016e01f6b825a770d0d9ee)
2026-10-07 10:37:09.776+00:00 | BftProcessorExecutor-QBFT-0 | INFO  | QbftBesuControllerBuilder | Imported #489 / 20 tx / 408 pending / 4,839,400 (0.0%) gas / (0x93ddc5d5232cbc5348c2c4b1d3a81998047f955e5b9e4361402f7d085f739f5e)
2026-10-07 10:37:11.955+00:00 | BftProcessorExecutor-QBFT-0 | INFO  | QbftBesuControllerBuilder | Imported #490 / 39 tx / 720 pending / 9,436,830 (0.0%) gas / (0x13568b234b6f233243b8b285e328114e774ea03e581af1c1f5d6cba47bf0cfa6)
2026-10-07 10:37:14.419+00:00 | EthScheduler-Workers-0 | INFO  | PersistBlockTask | Block 491 (0x00a9182bc15b1a6b04691a023a678be823f9e0b6c02235358b8f5445fa15a47f) is already imported
2026-10-07 10:37:14.421+00:00 | BftProcessorExecutor-QBFT-0 | INFO  | QbftBesuControllerBuilder | Imported #491 / 68 tx / 1192 pending / 16,453,960 (0.0%) gas / (0x00a9182bc15b1a6b04691a023a678be823f9e0b6c02235358b8f5445fa15a47f)
2026-10-07 10:37:16.827+00:00 | BftProcessorExecutor-QBFT-0 | INFO  | QbftBesuControllerBuilder | Imported #492 / 98 tx / 1752 pending / 23,713,060 (0.0%) gas / (0x8e41299999524b9f8a2f662dc0d848df37f45860d7ae7b9599e99b3187c3478a)
2026-10-07 10:37:19.218+00:00 | BftProcessorExecutor-QBFT-0 | INFO  | QbftBesuControllerBuilder | Imported #493 / 136 tx / 2393 pending / 32,907,920 (0.0%) gas / (0x0f14cf71bf0bf577d24f1805169763f2b447ea6ac1031abbb54dd62a1e5d7efb)
2026-10-07 10:37:21.994+00:00 | BftProcessorExecutor-QBFT-0 | INFO  | QbftBesuControllerBuilder | Imported #494 / 187 tx / 3182 pending / 45,248,390 (0.0%) gas / (0xbf1f250b26fe67fcee3412b480de1d06a6e7acccd9a986e5a48e54dd21f0e7df)
2026-10-07 10:37:25.888+00:00 | EthScheduler-Workers-0 | INFO  | PersistBlockTask | Block 495 (0x7c383f431795a09a42ee5604b06a662d3732c21b60c52dc09effc209d071aeeb) is already imported
2026-10-07 10:37:25.897+00:00 | BftProcessorExecutor-QBFT-0 | INFO  | QbftBesuControllerBuilder | Imported #495 / 256 tx / 4435 pending / 61,944,320 (0.0%) gas / (0x7c383f431795a09a42ee5604b06a662d3732c21b60c52dc09effc209d071aeeb)
2026-10-07 10:37:30.753+00:00 | EthScheduler-Workers-0 | INFO  | PersistBlockTask | Block 496 (0x8016df386fd839a4364647351d9fc09725c5dd9c402d6f23225bd90065450566) is already imported
2026-10-07 10:37:30.757+00:00 | BftProcessorExecutor-QBFT-0 | INFO  | QbftBesuControllerBuilder | Imported #496 / 321 tx / 5941 pending / 77,672,370 (0.0%) gas / (0x8016df386fd839a4364647351d9fc09725c5dd9c402d6f23225bd90065450566)
2026-10-07 10:37:35.636+00:00 | BftProcessorExecutor-QBFT-0 | INFO  | QbftBesuControllerBuilder | Imported #497 / 337 tx / 6730 pending / 81,543,890 (0.0%) gas / (0xfae3eb2ee439ca86d7b1bb3b8079f49c341c04d953067dba874421c708e743ce)
2026-10-07 10:37:40.728+00:00 | EthScheduler-Workers-0 | INFO  | PersistBlockTask | Block 498 (0xdaa45bfe988953388c74f088ba95550f6364f19ba3c3a18340dc64f3ffda4988) is already imported
2026-10-07 10:37:40.733+00:00 | BftProcessorExecutor-QBFT-0 | INFO  | QbftBesuControllerBuilder | Imported #498 / 341 tx / 6389 pending / 82,511,770 (0.0%) gas / (0xdaa45bfe988953388c74f088ba95550f6364f19ba3c3a18340dc64f3ffda4988)
2026-10-07 10:37:45.655+00:00 | EthScheduler-Workers-0 | INFO  | PersistBlockTask | Block 499 (0xb183b23ed613654462087a09dc9663a3eaac497171482d4996157f955f0f13ee) is already imported
2026-10-07 10:37:45.659+00:00 | BftProcessorExecutor-QBFT-0 | INFO  | QbftBesuControllerBuilder | Imported #499 / 324 tx / 6065 pending / 78,398,280 (0.0%) gas / (0xb183b23ed613654462087a09dc9663a3eaac497171482d4996157f955f0f13ee)
2026-10-07 10:37:50.688+00:00 | EthScheduler-Workers-0 | INFO  | PersistBlockTask | Block 500 (0x3d5e1b3de929f0b1ad8432a16e67fcc25ca167cbec2d9033308fe0471294d501) is already imported
2026-10-07 10:37:50.692+00:00 | BftProcessorExecutor-QBFT-0 | INFO  | QbftBesuControllerBuilder | Imported #500 / 345 tx / 5720 pending / 83,479,650 (0.0%) gas / (0x3d5e1b3de929f0b1ad8432a16e67fcc25ca167cbec2d9033308fe0471294d501)
2026-10-07 10:37:55.730+00:00 | EthScheduler-Workers-0 | INFO  | PersistBlockTask | Block 501 (0x2be0465139e7f1d83a1d4a264a826e7386de46dec3cf45b4ae05beeee6dd599a) is already imported
2026-10-07 10:37:55.735+00:00 | BftProcessorExecutor-QBFT-0 | INFO  | QbftBesuControllerBuilder | Imported #501 / 345 tx / 5375 pending / 83,479,650 (0.0%) gas / (0x2be0465139e7f1d83a1d4a264a826e7386de46dec3cf45b4ae05beeee6dd599a)
2026-10-07 10:38:00.768+00:00 | EthScheduler-Workers-0 | INFO  | PersistBlockTask | Block 502 (0x524aff5ea63c00c8383f56fb5652971597a7c54279186786453d967f48c641e0) is already imported
2026-10-07 10:38:00.773+00:00 | BftProcessorExecutor-QBFT-0 | INFO  | QbftBesuControllerBuilder | Imported #502 / 340 tx / 5035 pending / 82,269,800 (0.0%) gas / (0x524aff5ea63c00c8383f56fb5652971597a7c54279186786453d967f48c641e0)
2026-10-07 10:38:02.275+00:00 | BftProcessorExecutor-QBFT-0 | WARN  | BlockTransactionSelector | Interrupting the selection of transactions for block inclusion as it exceeds the maximum configured duration of 1500ms
java.util.concurrent.TimeoutException
	at java.base/java.util.concurrent.CompletableFuture.timedGet(CompletableFuture.java:1960)
	at java.base/java.util.concurrent.CompletableFuture.get(CompletableFuture.java:2095)
	at org.hyperledger.besu.ethereum.blockcreation.txselection.BlockTransactionSelector.timeLimitedSelection(BlockTransactionSelector.java:186)
	at org.hyperledger.besu.ethereum.blockcreation.txselection.BlockTransactionSelector.buildTransactionListForBlock(BlockTransactionSelector.java:169)
	at org.hyperledger.besu.ethereum.blockcreation.AbstractBlockCreator.selectTransactions(AbstractBlockCreator.java:376)
	at org.hyperledger.besu.ethereum.blockcreation.AbstractBlockCreator.createBlock(AbstractBlockCreator.java:218)
	at org.hyperledger.besu.ethereum.blockcreation.AbstractBlockCreator.createBlock(AbstractBlockCreator.java:146)
	at org.hyperledger.besu.consensus.common.bft.blockcreation.BftBlockCreator.createBlock(BftBlockCreator.java:92)
	at org.hyperledger.besu.consensus.qbft.statemachine.QbftRound.createAndSendProposalMessage(QbftRound.java:137)
	at org.hyperledger.besu.consensus.qbft.statemachine.QbftBlockHeightManager.handleBlockTimerExpiry(QbftBlockHeightManager.java:140)
	at org.hyperledger.besu.consensus.common.bft.statemachine.BaseBftController.handleBlockTimerExpiry(BaseBftController.java:167)
	at org.hyperledger.besu.consensus.common.bft.EventMultiplexer.handleBftEvent(EventMultiplexer.java:65)
	at java.base/java.util.Optional.ifPresent(Optional.java:178)
	at org.hyperledger.besu.consensus.common.bft.BftProcessor.run(BftProcessor.java:65)
	at java.base/java.util.concurrent.ThreadPoolExecutor.runWorker(ThreadPoolExecutor.java:1144)
	at java.base/java.util.concurrent.ThreadPoolExecutor$Worker.run(ThreadPoolExecutor.java:642)
	at java.base/java.lang.Thread.run(Thread.java:1583)
2026-10-07 10:38:05.893+00:00 | EthScheduler-Workers-0 | INFO  | PersistBlockTask | Block 503 (0x7c4fecfc5d988e4873c8036e98bcd6ecb73650189eb581cc8090d103fa9c34cd) is already imported
2026-10-07 10:38:05.918+00:00 | BftProcessorExecutor-QBFT-0 | INFO  | QbftBesuControllerBuilder | Produced #503 / 342 tx / 4693 pending / 82,753,740 (0.0%) gas / (0x7c4fecfc5d988e4873c8036e98bcd6ecb73650189eb581cc8090d103fa9c34cd)
2026-10-07 10:38:10.522+00:00 | EthScheduler-Workers-0 | INFO  | PersistBlockTask | Block 504 (0x536a546fef1feb8a117deb7d9dc23432f29fd6236155f6fbe53b2f682a1af55a) is already imported
2026-10-07 10:38:10.525+00:00 | BftProcessorExecutor-QBFT-0 | INFO  | QbftBesuControllerBuilder | Imported #504 / 292 tx / 4401 pending / 70,655,240 (0.0%) gas / (0x536a546fef1feb8a117deb7d9dc23432f29fd6236155f6fbe53b2f682a1af55a)
2026-10-07 10:38:15.601+00:00 | EthScheduler-Workers-0 | INFO  | PersistBlockTask | Block 505 (0x90ee2a831ea4c4051ab6804da13b007026c66700bab967b934b11f5f3f8d9b20) is already imported
2026-10-07 10:38:15.605+00:00 | BftProcessorExecutor-QBFT-0 | INFO  | QbftBesuControllerBuilder | Imported #505 / 347 tx / 4054 pending / 83,963,590 (0.0%) gas / (0x90ee2a831ea4c4051ab6804da13b007026c66700bab967b934b11f5f3f8d9b20)
2026-10-07 10:38:20.787+00:00 | EthScheduler-Workers-0 | INFO  | PersistBlockTask | Block 506 (0xdd3b8591cfd03d675d4dbdee40e55f464cef69793f2527f48f7addc360a67ab3) is already imported
2026-10-07 10:38:20.791+00:00 | BftProcessorExecutor-QBFT-0 | INFO  | QbftBesuControllerBuilder | Imported #506 / 355 tx / 3699 pending / 85,899,350 (0.0%) gas / (0xdd3b8591cfd03d675d4dbdee40e55f464cef69793f2527f48f7addc360a67ab3)
2026-10-07 10:38:25.850+00:00 | BftProcessorExecutor-QBFT-0 | INFO  | QbftBesuControllerBuilder | Imported #507 / 341 tx / 3358 pending / 82,511,770 (0.0%) gas / (0xfb07f855faa07113d14c6d25f9be089a942e7d303443b7da3a069f7049de03b8)
2026-10-07 10:38:31.288+00:00 | BftProcessorExecutor-QBFT-0 | INFO  | QbftBesuControllerBuilder | Imported #508 / 367 tx / 2991 pending / 88,802,990 (0.0%) gas / (0xa9f4b0a8204c8c224e86e97d4bfcedfecc39a6b265dc06f85e34e853ee4921d4)
2026-10-07 10:38:36.561+00:00 | EthScheduler-Workers-0 | INFO  | PersistBlockTask | Block 509 (0x8eceaacb487429e245f94785d2a333c0effc89c0733dc3a8509b21de06ee42f0) is already imported
2026-10-07 10:38:36.564+00:00 | BftProcessorExecutor-QBFT-0 | INFO  | QbftBesuControllerBuilder | Imported #509 / 357 tx / 2634 pending / 86,383,290 (0.0%) gas / (0x8eceaacb487429e245f94785d2a333c0effc89c0733dc3a8509b21de06ee42f0)
2026-10-07 10:38:40.796+00:00 | BftProcessorExecutor-QBFT-0 | INFO  | QbftBesuControllerBuilder | Imported #510 / 293 tx / 2341 pending / 70,897,210 (0.0%) gas / (0x9df4d574b61bd953511e24174f89bcfdca094d78c35a656627de25ea034a452f)
2026-10-07 10:38:44.413+00:00 | BftProcessorExecutor-QBFT-0 | INFO  | QbftBesuControllerBuilder | Imported #511 / 228 tx / 2113 pending / 55,169,160 (0.0%) gas / (0xef14151220ef2b0b95b8af22d44fcaf8e92905cbf1c753ad7d72ae37d4438659)
2026-10-07 10:38:47.716+00:00 | EthScheduler-Workers-0 | INFO  | PersistBlockTask | Block 512 (0x151672fcf68cc96017660c672fb15f4037952ce24c1b6dca4362f2d6a8a50b2e) is already imported
2026-10-07 10:38:47.718+00:00 | BftProcessorExecutor-QBFT-0 | INFO  | QbftBesuControllerBuilder | Imported #512 / 212 tx / 1901 pending / 51,297,640 (0.0%) gas / (0x151672fcf68cc96017660c672fb15f4037952ce24c1b6dca4362f2d6a8a50b2e)
2026-10-07 10:38:51.076+00:00 | EthScheduler-Workers-0 | INFO  | PersistBlockTask | Block 513 (0xc79503c7ae44c29d1b01ee1fcf95def46ec485b629cbee88fb40920d3380e507) is already imported
2026-10-07 10:38:51.080+00:00 | BftProcessorExecutor-QBFT-0 | INFO  | QbftBesuControllerBuilder | Imported #513 / 208 tx / 1693 pending / 50,329,760 (0.0%) gas / (0xc79503c7ae44c29d1b01ee1fcf95def46ec485b629cbee88fb40920d3380e507)
2026-10-07 10:38:54.549+00:00 | BftProcessorExecutor-QBFT-0 | INFO  | QbftBesuControllerBuilder | Imported #514 / 225 tx / 1468 pending / 54,443,250 (0.0%) gas / (0xeb5f586e0b5cff685e7ea71ce776d60c21c596acdeb6e47a07f5af1cad4a43e1)
2026-10-07 10:38:57.586+00:00 | EthScheduler-Workers-0 | INFO  | PersistBlockTask | Block 515 (0x8dc5f873c2f91fe94a4c43b692e6414330904a00389437fb5a20215387d985dd) is already imported
2026-10-07 10:38:57.588+00:00 | BftProcessorExecutor-QBFT-0 | INFO  | QbftBesuControllerBuilder | Imported #515 / 200 tx / 1268 pending / 48,394,000 (0.0%) gas / (0x8dc5f873c2f91fe94a4c43b692e6414330904a00389437fb5a20215387d985dd)
2026-10-07 10:39:00.747+00:00 | EthScheduler-Workers-0 | INFO  | PersistBlockTask | Block 516 (0x3ec351f684e68f7d833c311995931bd2f41f9330ea3c2b443cb558c73456da51) is already imported
2026-10-07 10:39:00.748+00:00 | BftProcessorExecutor-QBFT-0 | INFO  | QbftBesuControllerBuilder | Imported #516 / 200 tx / 1068 pending / 48,394,000 (0.0%) gas / (0x3ec351f684e68f7d833c311995931bd2f41f9330ea3c2b443cb558c73456da51)
2026-10-07 10:39:03.880+00:00 | EthScheduler-Workers-0 | INFO  | PersistBlockTask | Block 517 (0xf6664f5336519e791d80a1f84b46e885366df64443567c797270c4ff19287246) is already imported
2026-10-07 10:39:03.881+00:00 | BftProcessorExecutor-QBFT-0 | INFO  | QbftBesuControllerBuilder | Imported #517 / 205 tx / 863 pending / 49,603,850 (0.0%) gas / (0xf6664f5336519e791d80a1f84b46e885366df64443567c797270c4ff19287246)
2026-10-07 10:39:07.111+00:00 | EthScheduler-Workers-0 | INFO  | PersistBlockTask | Block 518 (0x029bf00687e5d28bab88c646aea1ed3d1c161a18535e1f3cd77b391c86b39d51) is already imported
2026-10-07 10:39:07.112+00:00 | BftProcessorExecutor-QBFT-0 | INFO  | QbftBesuControllerBuilder | Produced #518 / 203 tx / 660 pending / 49,119,910 (0.0%) gas / (0x029bf00687e5d28bab88c646aea1ed3d1c161a18535e1f3cd77b391c86b39d51)
2026-10-07 10:39:10.692+00:00 | EthScheduler-Workers-0 | INFO  | PersistBlockTask | Block 519 (0x7fb84511d659877a05b4657dc8e9c57fc663fdcd6e6a1c2b85ccc97706b005ba) is already imported
2026-10-07 10:39:10.696+00:00 | BftProcessorExecutor-QBFT-0 | INFO  | QbftBesuControllerBuilder | Imported #519 / 233 tx / 427 pending / 56,379,010 (0.0%) gas / (0x7fb84511d659877a05b4657dc8e9c57fc663fdcd6e6a1c2b85ccc97706b005ba)
2026-10-07 10:39:13.182+00:00 | BftProcessorExecutor-QBFT-0 | INFO  | QbftBesuControllerBuilder | Imported #520 / 159 tx / 268 pending / 38,473,230 (0.0%) gas / (0x53db8a17b34e1e9e136fc4972bd7747748454c0a6912e4366272685fdfcf659e)
2026-10-07 10:39:15.298+00:00 | EthScheduler-Workers-0 | INFO  | PersistBlockTask | Block 521 (0x762f553397a07ed3658b3693e901ece127d824b5d180089277e0fe21d115d264) is already imported
2026-10-07 10:39:15.300+00:00 | BftProcessorExecutor-QBFT-0 | INFO  | QbftBesuControllerBuilder | Imported #521 / 122 tx / 146 pending / 29,520,340 (0.0%) gas / (0x762f553397a07ed3658b3693e901ece127d824b5d180089277e0fe21d115d264)
2026-10-07 10:39:16.901+00:00 | BftProcessorExecutor-QBFT-0 | INFO  | QbftBesuControllerBuilder | Imported #522 / 105 tx / 41 pending / 25,406,850 (0.0%) gas / (0x56480cfb743e97da2c1fb007837e2e8fd13bfd59f8e6f0349df9eac04d2a96c2)
2026-10-07 10:39:17.903+00:00 | EthScheduler-Workers-0 | INFO  | PersistBlockTask | Block 523 (0x18318eef505f3d9d288e16a4492a8b64d598e921a32cefaf013c3fdbe07381b1) is already imported
2026-10-07 10:39:17.903+00:00 | BftProcessorExecutor-QBFT-0 | INFO  | QbftBesuControllerBuilder | Imported #523 / 41 tx / 0 pending / 9,920,770 (0.0%) gas / (0x18318eef505f3d9d288e16a4492a8b64d598e921a32cefaf013c3fdbe07381b1)
2026-10-07 10:39:19.356+00:00 | BftProcessorExecutor-QBFT-0 | INFO  | QbftBesuControllerBuilder | Imported #524 / 0 tx / 0 pending / 0 (0.0%) gas / (0x13490a0ab8613221c7fbbf613046fab7dd0b59417e944d9227e311a62ce919c1)
2026-10-07 10:39:21.312+00:00 | BftProcessorExecutor-QBFT-0 | INFO  | QbftBesuControllerBuilder | Imported #525 / 0 tx / 0 pending / 0 (0.0%) gas / (0xb91fa2cdc532a95a1e647ad40207756450b6b92ba220ee56b44669506b3be5a0)
2026-10-07 10:39:23.316+00:00 | BftProcessorExecutor-QBFT-0 | INFO  | QbftBesuControllerBuilder | Imported #526 / 0 tx / 0 pending / 0 (0.0%) gas / (0x92897d26abc1c40ee27ab6a19f527275a7c08e8d14b111f859bf191c89882114)
2026-10-07 10:39:25.343+00:00 | EthScheduler-Workers-0 | INFO  | PersistBlockTask | Block 527 (0x7645fbdb44a8b97b461582c4d6cf1cf975d93da313dfb384d2fc979c0db389fd) is already imported
2026-10-07 10:39:25.343+00:00 | BftProcessorExecutor-QBFT-0 | INFO  | QbftBesuControllerBuilder | Imported #527 / 0 tx / 0 pending / 0 (0.0%) gas / (0x7645fbdb44a8b97b461582c4d6cf1cf975d93da313dfb384d2fc979c0db389fd)
2026-10-07 10:39:27.284+00:00 | BftProcessorExecutor-QBFT-0 | INFO  | QbftBesuControllerBuilder | Imported #528 / 0 tx / 0 pending / 0 (0.0%) gas / (0xfef1e27cc56d7419ba64579d0006de93eee656b4bdbab139ea8a17c8dc3965ed)
2026-10-07 10:39:29.359+00:00 | BftProcessorExecutor-QBFT-0 | INFO  | QbftBesuControllerBuilder | Imported #529 / 0 tx / 0 pending / 0 (0.0%) gas / (0x5c35b00878d469126ccab2c8145854daadde9a94b45d2df0b1f5862e6e49052b)
2026-10-07 10:39:31.311+00:00 | BftProcessorExecutor-QBFT-0 | INFO  | QbftBesuControllerBuilder | Imported #530 / 0 tx / 0 pending / 0 (0.0%) gas / (0x479f708a021d6c8a382f9d7822df4161c264a177bfab4ea6071b35fe966c46a3)
2026-10-07 10:39:33.323+00:00 | BftProcessorExecutor-QBFT-0 | INFO  | QbftBesuControllerBuilder | Imported #531 / 0 tx / 0 pending / 0 (0.0%) gas / (0x37f057b3a81bd2a66ae1a246d16f7e6551106e4d0a890882f6ac7b20c978b7bc)
2026-10-07 10:39:35.335+00:00 | BftProcessorExecutor-QBFT-0 | INFO  | QbftBesuControllerBuilder | Imported #532 / 0 tx / 0 pending / 0 (0.0%) gas / (0x96e42e0eb46a9682282a776b455143fa4a927ebd9b01d929fef19a59dd86a353)
2026-10-07 10:39:37.285+00:00 | BftProcessorExecutor-QBFT-0 | INFO  | QbftBesuControllerBuilder | Produced #533 / 0 tx / 0 pending / 0 (0.0%) gas / (0x81c3569099b89a37fedd57661f8bb1d9d4ffd84e7490ec21aa5549e36e10c864)
2026-10-07 10:39:39.359+00:00 | BftProcessorExecutor-QBFT-0 | INFO  | QbftBesuControllerBuilder | Imported #534 / 0 tx / 0 pending / 0 (0.0%) gas / (0x424de1c5b2437e6e43cef6c73d5e07a89dbf602fa73c8a0914599ecf82d541db)
2026-10-07 10:39:41.310+00:00 | BftProcessorExecutor-QBFT-0 | INFO  | QbftBesuControllerBuilder | Imported #535 / 0 tx / 0 pending / 0 (0.0%) gas / (0x0c3c8aa5ac3f853e44bf80ed89d257dd745cb9863cbc5cd814fd843cf9337a30)
2026-10-07 10:39:41.315+00:00 | EthScheduler-Workers-0 | INFO  | PersistBlockTask | Block 535 (0x0c3c8aa5ac3f853e44bf80ed89d257dd745cb9863cbc5cd814fd843cf9337a30) is already imported
2026-10-07 10:39:43.331+00:00 | BftProcessorExecutor-QBFT-0 | INFO  | QbftBesuControllerBuilder | Imported #536 / 0 tx / 0 pending / 0 (0.0%) gas / (0x2c54614e70dfec02b1cd85370f0f1441172fa656fc0861c40ad019376f781c14)
2026-10-07 10:39:43.334+00:00 | EthScheduler-Workers-0 | INFO  | PersistBlockTask | Block 536 (0x2c54614e70dfec02b1cd85370f0f1441172fa656fc0861c40ad019376f781c14) is already imported
2026-10-07 10:39:45.356+00:00 | BftProcessorExecutor-QBFT-0 | INFO  | QbftBesuControllerBuilder | Imported #537 / 0 tx / 0 pending / 0 (0.0%) gas / (0x978713688ada1b49d3818d5ef110aec5b04c35f5ab1bf744012f6eb83690d577)
2026-10-07 10:39:47.271+00:00 | BftProcessorExecutor-QBFT-0 | INFO  | QbftBesuControllerBuilder | Imported #538 / 0 tx / 0 pending / 0 (0.0%) gas / (0xd6f3aff3c135793dca254a6f73110d762da22ccbdb4df2120face9b5d9d93bf1)
2026-10-07 10:39:47.276+00:00 | EthScheduler-Workers-0 | INFO  | PersistBlockTask | Block 538 (0xd6f3aff3c135793dca254a6f73110d762da22ccbdb4df2120face9b5d9d93bf1) is already imported
2026-10-07 10:39:49.353+00:00 | BftProcessorExecutor-QBFT-0 | INFO  | QbftBesuControllerBuilder | Imported #539 / 0 tx / 0 pending / 0 (0.0%) gas / (0x56039b8fcf073a20a6112e76db7076be7aa2bdd4cfa96675c07c30dbc7dd4306)
2026-10-07 10:39:51.312+00:00 | EthScheduler-Workers-0 | INFO  | PersistBlockTask | Block 540 (0xb9d128152d5f8b7bbdfccc76363ba48d373b33ab842dc207e7b74405fcb51d8a) is already imported
2026-10-07 10:39:51.313+00:00 | BftProcessorExecutor-QBFT-0 | INFO  | QbftBesuControllerBuilder | Imported #540 / 0 tx / 0 pending / 0 (0.0%) gas / (0xb9d128152d5f8b7bbdfccc76363ba48d373b33ab842dc207e7b74405fcb51d8a)
2026-10-07 10:39:53.332+00:00 | BftProcessorExecutor-QBFT-0 | INFO  | QbftBesuControllerBuilder | Imported #541 / 0 tx / 0 pending / 0 (0.0%) gas / (0x3324b440ad0fc66b723ea8af54c289d12f98e23398629f0c8e3050d9fcfec709)
2026-10-07 10:39:55.338+00:00 | BftProcessorExecutor-QBFT-0 | INFO  | QbftBesuControllerBuilder | Imported #542 / 0 tx / 0 pending / 0 (0.0%) gas / (0x974fe2b686a09d121258d9861f0ce363121e154c899ea968416c8377fc30bfea)
2026-10-07 10:39:55.343+00:00 | EthScheduler-Workers-0 | INFO  | PersistBlockTask | Block 542 (0x974fe2b686a09d121258d9861f0ce363121e154c899ea968416c8377fc30bfea) is already imported
2026-10-07 10:39:57.275+00:00 | BftProcessorExecutor-QBFT-0 | INFO  | QbftBesuControllerBuilder | Imported #543 / 0 tx / 0 pending / 0 (0.0%) gas / (0x0f724dbec4cf41265eace5cf1f83a686b8260587a4cda55ec8b8e7acb322b9d7)
2026-10-07 10:39:59.348+00:00 | BftProcessorExecutor-QBFT-0 | INFO  | QbftBesuControllerBuilder | Imported #544 / 0 tx / 0 pending / 0 (0.0%) gas / (0x1c46437db686d5a891a607899818318009822dda83e5ef38d5abecada25a827b)
2026-10-07 10:40:01.309+00:00 | BftProcessorExecutor-QBFT-0 | INFO  | QbftBesuControllerBuilder | Imported #545 / 0 tx / 0 pending / 0 (0.0%) gas / (0x1488f3b65bb88a13517aa7877c14698de3b86cdaf2a4054c82d74fb1e3a3c122)
2026-10-07 10:40:01.309+00:00 | EthScheduler-Workers-0 | INFO  | PersistBlockTask | Block 545 (0x1488f3b65bb88a13517aa7877c14698de3b86cdaf2a4054c82d74fb1e3a3c122) is already imported
2026-10-07 10:40:03.330+00:00 | EthScheduler-Workers-0 | INFO  | PersistBlockTask | Block 546 (0xf132c53b24e0eb74f1d17f90286d2640c070fa787834ac7b934921b935ad004f) is already imported
2026-10-07 10:40:03.330+00:00 | BftProcessorExecutor-QBFT-0 | INFO  | QbftBesuControllerBuilder | Imported #546 / 0 tx / 0 pending / 0 (0.0%) gas / (0xf132c53b24e0eb74f1d17f90286d2640c070fa787834ac7b934921b935ad004f)
2026-10-07 10:40:05.336+00:00 | BftProcessorExecutor-QBFT-0 | INFO  | QbftBesuControllerBuilder | Imported #547 / 0 tx / 0 pending / 0 (0.0%) gas / (0xf6765887c341236ba0cf47963d78c1222e75792bfdeea944e32a312c769fd6b2)
2026-10-07 10:40:07.280+00:00 | BftProcessorExecutor-QBFT-0 | INFO  | QbftBesuControllerBuilder | Produced #548 / 0 tx / 0 pending / 0 (0.0%) gas / (0xb2ff7e5a3ac9e4f8cc8b19fa7644488b6f42e49867ec63362f72bb92072ea6b8)
2026-10-07 10:40:09.358+00:00 | BftProcessorExecutor-QBFT-0 | INFO  | QbftBesuControllerBuilder | Imported #549 / 0 tx / 0 pending / 0 (0.0%) gas / (0xd785c10dd15ed676419e4f9473c0809525a655d6f7fa47996c7098d0cf9c6ea1)
2026-10-07 10:40:11.296+00:00 | BftProcessorExecutor-QBFT-0 | INFO  | QbftBesuControllerBuilder | Imported #550 / 0 tx / 0 pending / 0 (0.0%) gas / (0xb0289065f1f98da2b80e89eafc9ea0e2ece63e6d04d78a4d5c6311eef8be42c8)
2026-10-07 10:40:13.332+00:00 | BftProcessorExecutor-QBFT-0 | INFO  | QbftBesuControllerBuilder | Imported #551 / 0 tx / 0 pending / 0 (0.0%) gas / (0x916231929bd73c3f23d78deb88f283e37733db1e58289b2ae7a35b781e0d6b45)
2026-10-07 10:40:15.343+00:00 | BftProcessorExecutor-QBFT-0 | INFO  | QbftBesuControllerBuilder | Imported #552 / 0 tx / 0 pending / 0 (0.0%) gas / (0x3aab2db455af53643518dcef7229f501c04e3a56630e661c35587151dd351a25)
2026-10-07 10:40:17.288+00:00 | BftProcessorExecutor-QBFT-0 | INFO  | QbftBesuControllerBuilder | Imported #553 / 0 tx / 0 pending / 0 (0.0%) gas / (0x0c7fbbb0c143657191a688888af484b04c677225c0eae325313184e34d81cf1e)
2026-10-07 10:40:19.348+00:00 | BftProcessorExecutor-QBFT-0 | INFO  | QbftBesuControllerBuilder | Imported #554 / 0 tx / 0 pending / 0 (0.0%) gas / (0x772ee6c4f0567242d8a45a285f480636fcb8a09eb45e65f16e5a4af255476051)
2026-10-07 10:40:21.294+00:00 | BftProcessorExecutor-QBFT-0 | INFO  | QbftBesuControllerBuilder | Imported #555 / 0 tx / 0 pending / 0 (0.0%) gas / (0x4a0e9baf26bbbd3cd783fabdcaae0ad3a954fd314c3821010d2512bbb79823b9)
2026-10-07 10:40:23.313+00:00 | BftProcessorExecutor-QBFT-0 | INFO  | QbftBesuControllerBuilder | Imported #556 / 0 tx / 0 pending / 0 (0.0%) gas / (0xb8d9aa6088d3a55e08358b2dc7df0b730a3ce0853963a145ad84190620af189c)
2026-10-07 10:40:25.346+00:00 | BftProcessorExecutor-QBFT-0 | INFO  | QbftBesuControllerBuilder | Imported #557 / 0 tx / 0 pending / 0 (0.0%) gas / (0x9d4565f9b0371aadc63792e53eb2edb7b508d087522fba423e2bf636be08d491)
2026-10-07 10:40:25.351+00:00 | EthScheduler-Workers-0 | INFO  | PersistBlockTask | Block 557 (0x9d4565f9b0371aadc63792e53eb2edb7b508d087522fba423e2bf636be08d491) is already imported
2026-10-07 10:40:27.281+00:00 | BftProcessorExecutor-QBFT-0 | INFO  | QbftBesuControllerBuilder | Imported #558 / 0 tx / 0 pending / 0 (0.0%) gas / (0x7ab45c40473d18c89e2d2fc38c2f21386c67109aad4d928f284193ff85e5146d)
2026-10-07 10:40:27.285+00:00 | EthScheduler-Workers-0 | INFO  | PersistBlockTask | Block 558 (0x7ab45c40473d18c89e2d2fc38c2f21386c67109aad4d928f284193ff85e5146d) is already imported
2026-10-07 10:40:29.363+00:00 | BftProcessorExecutor-QBFT-0 | INFO  | QbftBesuControllerBuilder | Imported #559 / 0 tx / 0 pending / 0 (0.0%) gas / (0x4c8dab7b31a89f65cbdf35b15b0b4cafdfab2744884e6c168c7d4eb62e32f7bd)
2026-10-07 10:40:31.311+00:00 | BftProcessorExecutor-QBFT-0 | INFO  | QbftBesuControllerBuilder | Imported #560 / 0 tx / 0 pending / 0 (0.0%) gas / (0xb34851a8805034cc65ed92f4e880cc0d8f1712c717124d77aad328168e2e7128)
2026-10-07 10:40:33.337+00:00 | BftProcessorExecutor-QBFT-0 | INFO  | QbftBesuControllerBuilder | Imported #561 / 0 tx / 0 pending / 0 (0.0%) gas / (0x1fbc35d4df0def7905e876db6ed086ddec695505aa1395696a36f5b21adb3f38)
2026-10-07 10:40:35.340+00:00 | BftProcessorExecutor-QBFT-0 | INFO  | QbftBesuControllerBuilder | Imported #562 / 0 tx / 0 pending / 0 (0.0%) gas / (0x581acecf75d2955ba17a8b5ffe02173de2c3f9f6b3b0bf301892508f52dac15c)
2026-10-07 10:40:37.279+00:00 | BftProcessorExecutor-QBFT-0 | INFO  | QbftBesuControllerBuilder | Produced #563 / 0 tx / 0 pending / 0 (0.0%) gas / (0x7014d2003b87190be1cc9f014f7be7da1735e05a41e392894907f81964ebacac)
2026-10-07 10:40:39.368+00:00 | BftProcessorExecutor-QBFT-0 | INFO  | QbftBesuControllerBuilder | Imported #564 / 0 tx / 0 pending / 0 (0.0%) gas / (0x672c80e0a1e76a0a48062400e38be38d3e4e823f0722659cd500d1935b714464)
2026-10-07 10:40:41.305+00:00 | BftProcessorExecutor-QBFT-0 | INFO  | QbftBesuControllerBuilder | Imported #565 / 0 tx / 0 pending / 0 (0.0%) gas / (0x542e7d2d524578f2fe666e5c40036e80a223ad12f519d5339f7d64c75ca9500b)
2026-10-07 10:40:43.322+00:00 | BftProcessorExecutor-QBFT-0 | INFO  | QbftBesuControllerBuilder | Imported #566 / 0 tx / 0 pending / 0 (0.0%) gas / (0x9ec77b66f47d1a8734c8a7b65469ddfcee3251d97c1cbae30b930c4ccea8c0e2)
2026-10-07 10:40:45.336+00:00 | BftProcessorExecutor-QBFT-0 | INFO  | QbftBesuControllerBuilder | Imported #567 / 0 tx / 0 pending / 0 (0.0%) gas / (0xa032faa9e9b7174d6c3255fb4ff1160e71d0b1619a0d38db433ccdb7a0793f56)
2026-10-07 10:40:47.276+00:00 | BftProcessorExecutor-QBFT-0 | INFO  | QbftBesuControllerBuilder | Imported #568 / 0 tx / 0 pending / 0 (0.0%) gas / (0xf9672309f2890881d3d1975332d5f6013b36ef67af4d6b1f64862936ef67ea7c)
2026-10-07 10:40:49.347+00:00 | BftProcessorExecutor-QBFT-0 | INFO  | QbftBesuControllerBuilder | Imported #569 / 0 tx / 0 pending / 0 (0.0%) gas / (0x884be8b21e2d5acad062fd96191483dae2d6d28095e55832175df5ba0c14725c)
2026-10-07 10:40:51.307+00:00 | BftProcessorExecutor-QBFT-0 | INFO  | QbftBesuControllerBuilder | Imported #570 / 0 tx / 0 pending / 0 (0.0%) gas / (0x42a0b9e11ac237b9637759f1c33e5d0588d184e823bdfba519930a5a68af98bd)
2026-10-07 10:40:51.311+00:00 | EthScheduler-Workers-0 | INFO  | PersistBlockTask | Block 570 (0x42a0b9e11ac237b9637759f1c33e5d0588d184e823bdfba519930a5a68af98bd) is already imported
2026-10-07 10:40:53.331+00:00 | BftProcessorExecutor-QBFT-0 | INFO  | QbftBesuControllerBuilder | Imported #571 / 0 tx / 0 pending / 0 (0.0%) gas / (0xe491b0826ef6f56e586776c2339a2133d4e7c7c4b05f87c9794a3c35595b1e09)
2026-10-07 10:40:55.338+00:00 | BftProcessorExecutor-QBFT-0 | INFO  | QbftBesuControllerBuilder | Imported #572 / 0 tx / 0 pending / 0 (0.0%) gas / (0x19e3da7fd47828c25446bc2dcb8d6fd4680e42c8f4dcc4a872ebdb753a8a85d4)
2026-10-07 10:40:57.288+00:00 | BftProcessorExecutor-QBFT-0 | INFO  | QbftBesuControllerBuilder | Imported #573 / 0 tx / 0 pending / 0 (0.0%) gas / (0x6a23045a93a4a33b93c134fb1fe1abb3a34fcd8be5a83fec02b0ab380737981c)
2026-10-07 10:40:59.360+00:00 | BftProcessorExecutor-QBFT-0 | INFO  | QbftBesuControllerBuilder | Imported #574 / 0 tx / 0 pending / 0 (0.0%) gas / (0x64560cb01c5c323a3100985e01afdec55e2ceba3b280bfd4c61344f125406906)
2026-10-07 10:40:59.363+00:00 | EthScheduler-Workers-0 | INFO  | PersistBlockTask | Block 574 (0x64560cb01c5c323a3100985e01afdec55e2ceba3b280bfd4c61344f125406906) is already imported
2026-10-07 10:41:01.307+00:00 | BftProcessorExecutor-QBFT-0 | INFO  | QbftBesuControllerBuilder | Imported #575 / 0 tx / 0 pending / 0 (0.0%) gas / (0x2686420a2dfbc6298ddeb110c48efabee43b117271ecb7479fdb36b692742982)
2026-10-07 10:41:03.330+00:00 | BftProcessorExecutor-QBFT-0 | INFO  | QbftBesuControllerBuilder | Imported #576 / 0 tx / 0 pending / 0 (0.0%) gas / (0xe5ec69309305e351b5b0d77d4e20ae3b087b2f4e319ed99d3929cf6e35699a2e)
2026-10-07 10:41:05.334+00:00 | BftProcessorExecutor-QBFT-0 | INFO  | QbftBesuControllerBuilder | Imported #577 / 0 tx / 0 pending / 0 (0.0%) gas / (0xe385acc1fea96069680fe74c4e4271765f1adcd859d2e4b8c42b5169c11d895e)
2026-10-07 10:41:07.273+00:00 | BftProcessorExecutor-QBFT-0 | INFO  | QbftBesuControllerBuilder | Produced #578 / 0 tx / 0 pending / 0 (0.0%) gas / (0x9b14d010ff62e6fc1c9f8d19a2390a6fcee0cb48607a302e56373f10fcaf0db7)
2026-10-07 10:41:09.358+00:00 | EthScheduler-Workers-0 | INFO  | PersistBlockTask | Block 579 (0x367f22e9aeb66db80f4aa5b96ecee46319310ff19f9c399908a96bb0a10ee2dd) is already imported
2026-10-07 10:41:09.358+00:00 | BftProcessorExecutor-QBFT-0 | INFO  | QbftBesuControllerBuilder | Imported #579 / 0 tx / 0 pending / 0 (0.0%) gas / (0x367f22e9aeb66db80f4aa5b96ecee46319310ff19f9c399908a96bb0a10ee2dd)
2026-10-07 10:41:11.296+00:00 | BftProcessorExecutor-QBFT-0 | INFO  | QbftBesuControllerBuilder | Imported #580 / 0 tx / 0 pending / 0 (0.0%) gas / (0x65bf0550c80861f9a0e23478228089a68893c9348a0f3912761e87714cfa612e)
2026-10-07 10:41:13.329+00:00 | BftProcessorExecutor-QBFT-0 | INFO  | QbftBesuControllerBuilder | Imported #581 / 0 tx / 0 pending / 0 (0.0%) gas / (0x65b324cbd80eb839b77be7b5d829138e90ed759835aaef69d0ae05fc22edd6db)
2026-10-07 10:41:15.347+00:00 | BftProcessorExecutor-QBFT-0 | INFO  | QbftBesuControllerBuilder | Imported #582 / 0 tx / 0 pending / 0 (0.0%) gas / (0xfdd0cf5cfa2a60438b69e690b668ed1691ac0759239e87e6f8afb45d8ec7570e)
2026-10-07 10:41:17.281+00:00 | BftProcessorExecutor-QBFT-0 | INFO  | QbftBesuControllerBuilder | Imported #583 / 0 tx / 0 pending / 0 (0.0%) gas / (0x0ffac2297f188e7640bfcc72a305b881009231a589c1faa208f12c4c3301525a)
2026-10-07 10:41:19.353+00:00 | BftProcessorExecutor-QBFT-0 | INFO  | QbftBesuControllerBuilder | Imported #584 / 0 tx / 0 pending / 0 (0.0%) gas / (0x4af1bf991931685b6e3e9169aeae6d62154cd568d3225379bb8d7085849f6e16)
2026-10-07 10:41:21.297+00:00 | BftProcessorExecutor-QBFT-0 | INFO  | QbftBesuControllerBuilder | Imported #585 / 0 tx / 0 pending / 0 (0.0%) gas / (0x3307791b89179befef38d26a9550412a814cf6d32728edf0b7a8f4cb4aa5aa81)
2026-10-07 10:41:23.323+00:00 | BftProcessorExecutor-QBFT-0 | INFO  | QbftBesuControllerBuilder | Imported #586 / 0 tx / 0 pending / 0 (0.0%) gas / (0xc7f2f76b573d2c51c14d8ec68ceb69a2088488590b69727cc8189a4e5692328d)
2026-10-07 10:41:25.339+00:00 | BftProcessorExecutor-QBFT-0 | INFO  | QbftBesuControllerBuilder | Imported #587 / 0 tx / 0 pending / 0 (0.0%) gas / (0xd2ce836e533b0a010cfa5e2401c4baf7ae8d3522f62f1c0ad9f3f76d68e33519)
2026-10-07 10:41:27.286+00:00 | BftProcessorExecutor-QBFT-0 | INFO  | QbftBesuControllerBuilder | Imported #588 / 0 tx / 0 pending / 0 (0.0%) gas / (0xda9642bfb6793918c798b54bf0b9aaac965c2d88b6ef1bbe36c24641815f9b3d)
2026-10-07 10:41:29.364+00:00 | BftProcessorExecutor-QBFT-0 | INFO  | QbftBesuControllerBuilder | Imported #589 / 0 tx / 0 pending / 0 (0.0%) gas / (0x3c1a9da03fce22b9110e9a2f368c543575436ef334b9b6fef0c0c1b345a146e6)
2026-10-07 10:41:29.366+00:00 | EthScheduler-Workers-0 | INFO  | PersistBlockTask | Block 589 (0x3c1a9da03fce22b9110e9a2f368c543575436ef334b9b6fef0c0c1b345a146e6) is already imported
2026-10-07 10:41:31.310+00:00 | BftProcessorExecutor-QBFT-0 | INFO  | QbftBesuControllerBuilder | Imported #590 / 0 tx / 0 pending / 0 (0.0%) gas / (0xb5165601164d3cce1acbfde5bc9b56dd22e0958a1b46f069d6dff381fb01eb12)
2026-10-07 10:41:33.320+00:00 | BftProcessorExecutor-QBFT-0 | INFO  | QbftBesuControllerBuilder | Imported #591 / 0 tx / 0 pending / 0 (0.0%) gas / (0x9a1259e6d436ff3584374dc069bcce8fd2296dd570fa0a38bd435fb2dd2cf2ea)
2026-10-07 10:41:35.338+00:00 | BftProcessorExecutor-QBFT-0 | INFO  | QbftBesuControllerBuilder | Imported #592 / 0 tx / 0 pending / 0 (0.0%) gas / (0x4a187e35a0d79dd665633b28ff0f61edcf691bc50f44e10835073048416744e5)
2026-10-07 10:41:37.275+00:00 | BftProcessorExecutor-QBFT-0 | INFO  | QbftBesuControllerBuilder | Produced #593 / 0 tx / 0 pending / 0 (0.0%) gas / (0x02199a3de447af344f677735b235732a8f339a778908bea1551aef9673352ab6)
2026-10-07 10:41:39.354+00:00 | BftProcessorExecutor-QBFT-0 | INFO  | QbftBesuControllerBuilder | Imported #594 / 0 tx / 0 pending / 0 (0.0%) gas / (0xecd89f1808c499895827547bdee28d5126e7138fb013a831d57843b520c1cb27)
2026-10-07 10:41:41.311+00:00 | BftProcessorExecutor-QBFT-0 | INFO  | QbftBesuControllerBuilder | Imported #595 / 0 tx / 0 pending / 0 (0.0%) gas / (0x226c140a6293ef78e7dbc24abca8d3eea5404e659bc02d2b3c713d72c09a1a1b)
2026-10-07 10:41:43.330+00:00 | BftProcessorExecutor-QBFT-0 | INFO  | QbftBesuControllerBuilder | Imported #596 / 0 tx / 0 pending / 0 (0.0%) gas / (0xeb261badc80c462a935d7bcd2655bdac17e99d8abe10a49ae9d918cb641fbb0f)
2026-10-07 10:41:45.346+00:00 | BftProcessorExecutor-QBFT-0 | INFO  | QbftBesuControllerBuilder | Imported #597 / 0 tx / 0 pending / 0 (0.0%) gas / (0xa59e9c55bfa5259b56a48b18022a5bf839c8b03d7c44a5192a00d9d481a6f2c1)
2026-10-07 10:41:45.348+00:00 | EthScheduler-Workers-0 | INFO  | PersistBlockTask | Block 597 (0xa59e9c55bfa5259b56a48b18022a5bf839c8b03d7c44a5192a00d9d481a6f2c1) is already imported
2026-10-07 10:41:47.290+00:00 | BftProcessorExecutor-QBFT-0 | INFO  | QbftBesuControllerBuilder | Imported #598 / 0 tx / 0 pending / 0 (0.0%) gas / (0xfb6f5f3989265eb159414e1a7ea2106e9899f73fb176d189f1838df3c428f51f)
2026-10-07 10:41:49.349+00:00 | BftProcessorExecutor-QBFT-0 | INFO  | QbftBesuControllerBuilder | Imported #599 / 0 tx / 0 pending / 0 (0.0%) gas / (0xedfe6acd4420a830493212ed426726351a76c9709ffab80f9f0c188c9d4033ba)
2026-10-07 10:41:51.310+00:00 | BftProcessorExecutor-QBFT-0 | INFO  | QbftBesuControllerBuilder | Imported #600 / 0 tx / 0 pending / 0 (0.0%) gas / (0x2aabe7bfe2d86f2f1c1b6fbc06dcb835215ed4c09c8fd84e721e4dc02e0954d8)
2026-10-07 10:41:53.313+00:00 | BftProcessorExecutor-QBFT-0 | INFO  | QbftBesuControllerBuilder | Imported #601 / 0 tx / 0 pending / 0 (0.0%) gas / (0x863d5eb31a8045b62c11f26d0944b18ba1e7d0751784f0231ffd915eaf6b8a4f)
2026-10-07 10:41:55.332+00:00 | BftProcessorExecutor-QBFT-0 | INFO  | QbftBesuControllerBuilder | Imported #602 / 1 tx / 7 pending / 153,630 (0.0%) gas / (0xf9b3c499733ca98d4e10632f04e73464dc4ca83958991624c3c276fb74623050)
2026-10-07 10:41:57.294+00:00 | BftProcessorExecutor-QBFT-0 | INFO  | QbftBesuControllerBuilder | Imported #603 / 1 tx / 6 pending / 153,630 (0.0%) gas / (0xa407bf2f61f2313742e84d60d5f3e3e19d27acf6a4d394f3c0efab6a484b6df3)
2026-10-07 10:41:57.298+00:00 | EthScheduler-Workers-0 | INFO  | PersistBlockTask | Block 603 (0xa407bf2f61f2313742e84d60d5f3e3e19d27acf6a4d394f3c0efab6a484b6df3) is already imported
2026-10-07 10:41:59.376+00:00 | BftProcessorExecutor-QBFT-0 | INFO  | QbftBesuControllerBuilder | Imported #604 / 1 tx / 5 pending / 153,618 (0.0%) gas / (0x2a08ca4c33f13791f1e74f71c9a94de0273a445eeacb62691179e85b0883eb4c)
2026-10-07 10:42:01.319+00:00 | BftProcessorExecutor-QBFT-0 | INFO  | QbftBesuControllerBuilder | Imported #605 / 1 tx / 4 pending / 153,650 (0.0%) gas / (0x1659261b359319c8e3044d2c8397191406066dedd1d5a86af14a47ca0e73cfd3)
2026-10-07 10:42:03.343+00:00 | BftProcessorExecutor-QBFT-0 | INFO  | QbftBesuControllerBuilder | Imported #606 / 1 tx / 3 pending / 153,638 (0.0%) gas / (0x4bb400d805ee4ee93011c8cb7bbd42c07f4410987df7238a3cdd22561596106a)
2026-10-07 10:42:05.394+00:00 | BftProcessorExecutor-QBFT-0 | INFO  | QbftBesuControllerBuilder | Imported #607 / 1 tx / 2 pending / 153,618 (0.0%) gas / (0xc4141fd30982196c3c1ac0918c354045823941fe4d1762238923aaba6003fc89)
2026-10-07 10:42:07.284+00:00 | BftProcessorExecutor-QBFT-0 | INFO  | QbftBesuControllerBuilder | Produced #608 / 0 tx / 2 pending / 0 (0.0%) gas / (0xa031e082d024fc9753368aac6e03402889344b81361424e454185e30c7c069f9)
2026-10-07 10:42:09.361+00:00 | BftProcessorExecutor-QBFT-0 | INFO  | QbftBesuControllerBuilder | Imported #609 / 0 tx / 2 pending / 0 (0.0%) gas / (0x076f0d2a5fdb9db8e2f4f174464371a02dd2f852e07086a3759dc238ae715de1)
2026-10-07 10:42:11.312+00:00 | BftProcessorExecutor-QBFT-0 | INFO  | QbftBesuControllerBuilder | Imported #610 / 0 tx / 2 pending / 0 (0.0%) gas / (0x060f0ff38d27bf7827a6c6fb27e685c54ef4617d39e481dd39ee7eb02975bf43)
2026-10-07 10:42:13.313+00:00 | BftProcessorExecutor-QBFT-0 | INFO  | QbftBesuControllerBuilder | Imported #611 / 0 tx / 2 pending / 0 (0.0%) gas / (0xb73c9105c160c487350c5dadc1f82d2620a785d2d0d1296f49c3b5084a853572)
2026-10-07 10:42:15.341+00:00 | BftProcessorExecutor-QBFT-0 | INFO  | QbftBesuControllerBuilder | Imported #612 / 0 tx / 2 pending / 0 (0.0%) gas / (0x9c79e4d0ada36f29bb548a933f19c2bde101b3c72d8a931e1193b849887f6a84)
2026-10-07 10:42:17.285+00:00 | EthScheduler-Workers-0 | INFO  | PersistBlockTask | Block 613 (0xf7bcb89778682c09ed3983ec8dec942c1f66610d5dc8de3aa0bf1c8d73bfead6) is already imported
2026-10-07 10:42:17.285+00:00 | BftProcessorExecutor-QBFT-0 | INFO  | QbftBesuControllerBuilder | Imported #613 / 0 tx / 2 pending / 0 (0.0%) gas / (0xf7bcb89778682c09ed3983ec8dec942c1f66610d5dc8de3aa0bf1c8d73bfead6)
2026-10-07 10:42:19.343+00:00 | BftProcessorExecutor-QBFT-0 | INFO  | QbftBesuControllerBuilder | Imported #614 / 0 tx / 2 pending / 0 (0.0%) gas / (0xb4ead04ac75f05a6610f1d33a26882fc588bb1cf8b6c99da7f5a73593635a2f4)
2026-10-07 10:42:21.334+00:00 | BftProcessorExecutor-QBFT-0 | INFO  | QbftBesuControllerBuilder | Imported #615 / 1 tx / 1 pending / 153,650 (0.0%) gas / (0x032479dc16e6e6bb803d42b22ed257bdbbcee81d77ccc8a42e036e5ac9d627de)
2026-10-07 10:42:23.336+00:00 | EthScheduler-Workers-0 | INFO  | PersistBlockTask | Block 616 (0xe85d4f5798c5b3e723b38dbac7830efa3b130f27634f049dbf152f21a127e1a9) is already imported
2026-10-07 10:42:23.336+00:00 | BftProcessorExecutor-QBFT-0 | INFO  | QbftBesuControllerBuilder | Imported #616 / 1 tx / 0 pending / 153,626 (0.0%) gas / (0xe85d4f5798c5b3e723b38dbac7830efa3b130f27634f049dbf152f21a127e1a9)
2026-10-07 10:42:25.341+00:00 | BftProcessorExecutor-QBFT-0 | INFO  | QbftBesuControllerBuilder | Imported #617 / 0 tx / 0 pending / 0 (0.0%) gas / (0x2dad2f0022730b18b55ba84f651971860cca515958ac66c37bbdcaa047161bef)
2026-10-07 10:42:25.341+00:00 | EthScheduler-Workers-0 | INFO  | PersistBlockTask | Block 617 (0x2dad2f0022730b18b55ba84f651971860cca515958ac66c37bbdcaa047161bef) is already imported
2026-10-07 10:42:27.280+00:00 | EthScheduler-Workers-0 | INFO  | PersistBlockTask | Block 618 (0x12e668f9994682e683df18f2ae9c05c438f469d42b46d603d4bedc0db0d365aa) is already imported
2026-10-07 10:42:27.281+00:00 | BftProcessorExecutor-QBFT-0 | INFO  | QbftBesuControllerBuilder | Imported #618 / 0 tx / 0 pending / 0 (0.0%) gas / (0x12e668f9994682e683df18f2ae9c05c438f469d42b46d603d4bedc0db0d365aa)
2026-10-07 10:42:29.350+00:00 | BftProcessorExecutor-QBFT-0 | INFO  | QbftBesuControllerBuilder | Imported #619 / 0 tx / 0 pending / 0 (0.0%) gas / (0x45d5928872496019ec37cbccb0fa85e0ec0b4a4c4a4a2360963699f6794094e8)
2026-10-07 10:42:31.301+00:00 | EthScheduler-Workers-0 | INFO  | PersistBlockTask | Imported #620 / 0 tx / 0 om / 0 (0.0%) gas / (0x0127d369ce16d4539a67d43ca77aa8da80157be051c424ade4c7743faf6b21db) in 0.001s. Peers: 14
2026-10-07 10:42:31.305+00:00 | BftProcessorExecutor-QBFT-0 | INFO  | QbftBesuControllerBuilder | Imported #620 / 0 tx / 0 pending / 0 (0.0%) gas / (0x0127d369ce16d4539a67d43ca77aa8da80157be051c424ade4c7743faf6b21db)
2026-10-07 10:42:33.329+00:00 | EthScheduler-Workers-0 | INFO  | PersistBlockTask | Block 621 (0xac12a1477fb5217be1b487ea3c61b3fe7f63dd374714f0ca46984692f706ed8e) is already imported
2026-10-07 10:42:33.329+00:00 | BftProcessorExecutor-QBFT-0 | INFO  | QbftBesuControllerBuilder | Imported #621 / 0 tx / 0 pending / 0 (0.0%) gas / (0xac12a1477fb5217be1b487ea3c61b3fe7f63dd374714f0ca46984692f706ed8e)
2026-10-07 10:42:35.341+00:00 | BftProcessorExecutor-QBFT-0 | INFO  | QbftBesuControllerBuilder | Imported #622 / 0 tx / 0 pending / 0 (0.0%) gas / (0xe5cd0a32c71f45d48c0a70d9b981c1cef95b9226984bd206cd4a948b54d85e23)
2026-10-07 10:42:37.283+00:00 | BftProcessorExecutor-QBFT-0 | INFO  | QbftBesuControllerBuilder | Produced #623 / 0 tx / 0 pending / 0 (0.0%) gas / (0x7af5bc907ea66b8941741dad9504364b012bd09941337729235d91858487bd03)
2026-10-07 10:42:39.359+00:00 | EthScheduler-Workers-0 | INFO  | PersistBlockTask | Block 624 (0xc8fe5a28f9c7c8eea478ee06c549f62df875fc0975afee6ee9bbd41ece9009f4) is already imported
2026-10-07 10:42:39.360+00:00 | BftProcessorExecutor-QBFT-0 | INFO  | QbftBesuControllerBuilder | Imported #624 / 0 tx / 0 pending / 0 (0.0%) gas / (0xc8fe5a28f9c7c8eea478ee06c549f62df875fc0975afee6ee9bbd41ece9009f4)
2026-10-07 10:42:41.310+00:00 | EthScheduler-Workers-0 | INFO  | PersistBlockTask | Block 625 (0x53fc0250319f0a78b5497364714027e030a2c497209deb8d179ac7b93aad27ab) is already imported
2026-10-07 10:42:41.310+00:00 | BftProcessorExecutor-QBFT-0 | INFO  | QbftBesuControllerBuilder | Imported #625 / 0 tx / 0 pending / 0 (0.0%) gas / (0x53fc0250319f0a78b5497364714027e030a2c497209deb8d179ac7b93aad27ab)
2026-10-07 10:42:43.326+00:00 | BftProcessorExecutor-QBFT-0 | INFO  | QbftBesuControllerBuilder | Imported #626 / 0 tx / 0 pending / 0 (0.0%) gas / (0x6dd770aea0c52c2afd94d6cd92b4e2bef2fbb8d548e5426815a02e55b54482c6)
2026-10-07 10:42:45.338+00:00 | BftProcessorExecutor-QBFT-0 | INFO  | QbftBesuControllerBuilder | Imported #627 / 0 tx / 0 pending / 0 (0.0%) gas / (0x5dc2790d940df81dce42ae2da8e9976a07ab52a53100f33bef695a5ec823e67f)
2026-10-07 10:42:47.276+00:00 | BftProcessorExecutor-QBFT-0 | INFO  | QbftBesuControllerBuilder | Imported #628 / 0 tx / 0 pending / 0 (0.0%) gas / (0xd75c9e796277f2167d0d3db2bbbb08974729727c22e4ee94513e3afa6a122d2d)
2026-10-07 10:42:49.366+00:00 | EthScheduler-Workers-0 | INFO  | PersistBlockTask | Block 629 (0x93a41392ce5e3e6601a917a0d00cce8a5cc06f4c270e1a42ecfa545cbb054314) is already imported
2026-10-07 10:42:49.367+00:00 | BftProcessorExecutor-QBFT-0 | INFO  | QbftBesuControllerBuilder | Imported #629 / 0 tx / 0 pending / 0 (0.0%) gas / (0x93a41392ce5e3e6601a917a0d00cce8a5cc06f4c270e1a42ecfa545cbb054314)
2026-10-07 10:42:51.316+00:00 | EthScheduler-Workers-0 | INFO  | PersistBlockTask | Block 630 (0xf4d8b2b250ce29638ffc1e5ed7439320e804401511391e609f9916c2ba812618) is already imported
2026-10-07 10:42:51.316+00:00 | BftProcessorExecutor-QBFT-0 | INFO  | QbftBesuControllerBuilder | Imported #630 / 0 tx / 0 pending / 0 (0.0%) gas / (0xf4d8b2b250ce29638ffc1e5ed7439320e804401511391e609f9916c2ba812618)
2026-10-07 10:42:53.355+00:00 | EthScheduler-Workers-0 | INFO  | PersistBlockTask | Block 631 (0xffa1b7b925d7e83637120945bcca48e1582000270c9de2f9d987a19071330cd6) is already imported
2026-10-07 10:42:53.358+00:00 | BftProcessorExecutor-QBFT-0 | INFO  | QbftBesuControllerBuilder | Imported #631 / 0 tx / 0 pending / 0 (0.0%) gas / (0xffa1b7b925d7e83637120945bcca48e1582000270c9de2f9d987a19071330cd6)
2026-10-07 10:42:55.336+00:00 | BftProcessorExecutor-QBFT-0 | INFO  | QbftBesuControllerBuilder | Imported #632 / 0 tx / 0 pending / 0 (0.0%) gas / (0x6a2f8a0456d9894de8a7622784061a8dcd7a964635a4d615c5a3f2ed5d76930b)
2026-10-07 10:42:57.286+00:00 | BftProcessorExecutor-QBFT-0 | INFO  | QbftBesuControllerBuilder | Imported #633 / 0 tx / 0 pending / 0 (0.0%) gas / (0xb5b0bdf2f0e1f993a8ef3b11ca866d4a0617ba404b2314ad79e8ec112a58bfeb)
2026-10-07 10:42:59.775+00:00 | BftProcessorExecutor-QBFT-0 | INFO  | QbftBesuControllerBuilder | Imported #634 / 23 tx / 507 pending / 5,565,310 (0.0%) gas / (0x8574839803e613a1e22be42266eb98c36eed4a57ab505fe97d0146a7d44d7185)
2026-10-07 10:43:02.074+00:00 | BftProcessorExecutor-QBFT-0 | INFO  | QbftBesuControllerBuilder | Imported #635 / 48 tx / 871 pending / 11,614,560 (0.0%) gas / (0x77a17b61e6f0075d43fb1ea07e8af8fc968ae077ef496562db44535989b9fa72)
2026-10-07 10:43:04.397+00:00 | BftProcessorExecutor-QBFT-0 | INFO  | QbftBesuControllerBuilder | Imported #636 / 74 tx / 1328 pending / 17,905,780 (0.0%) gas / (0x796e70e50074671a2417734713a28361e89cab954186e9af0b226e7ead69c670)
2026-10-07 10:43:06.900+00:00 | BftProcessorExecutor-QBFT-0 | INFO  | QbftBesuControllerBuilder | Imported #637 / 109 tx / 1925 pending / 26,374,730 (0.0%) gas / (0xf69c9053356e52d492f970d5d6dfbd7bc8d389d4f277ba7fea581e6f16085641)
2026-10-07 10:43:09.459+00:00 | EthScheduler-Workers-0 | INFO  | PersistBlockTask | Block 638 (0xf232978edb2fb2bf5ad1c2f6376ed8347edad830a79c484217060513726946aa) is already imported
2026-10-07 10:43:09.461+00:00 | BftProcessorExecutor-QBFT-0 | INFO  | QbftBesuControllerBuilder | Produced #638 / 153 tx / 2773 pending / 37,021,410 (0.0%) gas / (0xf232978edb2fb2bf5ad1c2f6376ed8347edad830a79c484217060513726946aa)
2026-10-07 10:43:12.794+00:00 | EthScheduler-Workers-0 | INFO  | PersistBlockTask | Block 639 (0xca789860299873d1383783452ea0ce9314770f90b680285f6d3d63eda4395994) is already imported
2026-10-07 10:43:12.798+00:00 | BftProcessorExecutor-QBFT-0 | INFO  | QbftBesuControllerBuilder | Imported #639 / 217 tx / 3872 pending / 52,507,490 (0.0%) gas / (0xca789860299873d1383783452ea0ce9314770f90b680285f6d3d63eda4395994)
2026-10-07 10:43:17.277+00:00 | EthScheduler-Workers-0 | INFO  | PersistBlockTask | Block 640 (0x557b17e954c73866c0387bb39477f93c6fd73071c977fdc4e544da1d6ea93238) is already imported
2026-10-07 10:43:17.283+00:00 | BftProcessorExecutor-QBFT-0 | INFO  | QbftBesuControllerBuilder | Imported #640 / 304 tx / 5393 pending / 73,558,880 (0.0%) gas / (0x557b17e954c73866c0387bb39477f93c6fd73071c977fdc4e544da1d6ea93238)
2026-10-07 10:43:22.018+00:00 | EthScheduler-Workers-0 | INFO  | PersistBlockTask | Block 641 (0xdefaf340f792d047ea2b37540abdf3353702d904a2f971968ce383a93b9cfb5e) is already imported
2026-10-07 10:43:22.024+00:00 | BftProcessorExecutor-QBFT-0 | INFO  | QbftBesuControllerBuilder | Imported #641 / 325 tx / 6939 pending / 78,640,250 (0.0%) gas / (0xdefaf340f792d047ea2b37540abdf3353702d904a2f971968ce383a93b9cfb5e)
2026-10-07 10:43:26.954+00:00 | EthScheduler-Workers-0 | INFO  | PersistBlockTask | Block 642 (0xd6fa1bf8956fbd4096a7baf9da828f6da71c0e55b445a2eb5fe80753e42329bb) is already imported
2026-10-07 10:43:26.960+00:00 | BftProcessorExecutor-QBFT-0 | INFO  | QbftBesuControllerBuilder | Imported #642 / 328 tx / 6611 pending / 79,366,160 (0.0%) gas / (0xd6fa1bf8956fbd4096a7baf9da828f6da71c0e55b445a2eb5fe80753e42329bb)
2026-10-07 10:43:31.994+00:00 | EthScheduler-Workers-0 | INFO  | PersistBlockTask | Block 643 (0x07fe8e45cf3ece3f2a910aced2f5dc0670389adc5446388b77d69c8ef61f97e5) is already imported
2026-10-07 10:43:32.006+00:00 | BftProcessorExecutor-QBFT-0 | INFO  | QbftBesuControllerBuilder | Imported #643 / 334 tx / 6277 pending / 80,817,980 (0.0%) gas / (0x07fe8e45cf3ece3f2a910aced2f5dc0670389adc5446388b77d69c8ef61f97e5)
2026-10-07 10:43:37.021+00:00 | BftProcessorExecutor-QBFT-0 | INFO  | QbftBesuControllerBuilder | Imported #644 / 348 tx / 5929 pending / 84,205,560 (0.0%) gas / (0xfc23e1b4e3fb7278d23921973d42db87f3c889df6567cb4703d864e02fd597c2)
2026-10-07 10:43:41.894+00:00 | BftProcessorExecutor-QBFT-0 | INFO  | QbftBesuControllerBuilder | Imported #645 / 341 tx / 5588 pending / 82,511,770 (0.0%) gas / (0x68e55261c25e32a1af83f3a6782241fb5354da968cf8261bf2a712a9abeced0c)
2026-10-07 10:43:46.806+00:00 | EthScheduler-Workers-0 | INFO  | PersistBlockTask | Block 646 (0x9b6b39542e265c63e77891d9c3fd8d44f51f5ca5d5e28abe36e9b7e07da6266a) is already imported
2026-10-07 10:43:46.816+00:00 | BftProcessorExecutor-QBFT-0 | INFO  | QbftBesuControllerBuilder | Imported #646 / 323 tx / 5265 pending / 78,156,310 (0.0%) gas / (0x9b6b39542e265c63e77891d9c3fd8d44f51f5ca5d5e28abe36e9b7e07da6266a)
2026-10-07 10:43:51.641+00:00 | EthScheduler-Workers-0 | INFO  | PersistBlockTask | Block 647 (0x08793aa899290bbc697e2f7495b569827e90987d2ad0b6b4d2b0ac4fc0ab3a5d) is already imported
2026-10-07 10:43:51.647+00:00 | BftProcessorExecutor-QBFT-0 | INFO  | QbftBesuControllerBuilder | Imported #647 / 301 tx / 4964 pending / 72,832,970 (0.0%) gas / (0x08793aa899290bbc697e2f7495b569827e90987d2ad0b6b4d2b0ac4fc0ab3a5d)
2026-10-07 10:43:56.757+00:00 | EthScheduler-Workers-0 | INFO  | PersistBlockTask | Block 648 (0x42d965b1015d4dbcf3b7191048dbf43da4e5ff5e83eced233c33667280be1059) is already imported
2026-10-07 10:43:56.762+00:00 | BftProcessorExecutor-QBFT-0 | INFO  | QbftBesuControllerBuilder | Imported #648 / 341 tx / 4623 pending / 82,511,770 (0.0%) gas / (0x42d965b1015d4dbcf3b7191048dbf43da4e5ff5e83eced233c33667280be1059)
2026-10-07 10:44:01.658+00:00 | BftProcessorExecutor-QBFT-0 | INFO  | QbftBesuControllerBuilder | Imported #649 / 325 tx / 4298 pending / 78,640,250 (0.0%) gas / (0xc74404f6b191d5b74e88d63bd5dde0c26a810c6497f64c2694cd2b0b628747c3)
2026-10-07 10:44:06.626+00:00 | EthScheduler-Workers-0 | INFO  | PersistBlockTask | Block 650 (0x778e32a8c21bfc7b6c2dc9295edcd67904cd47cd3a08bf3482ed24352700c896) is already imported
2026-10-07 10:44:06.631+00:00 | BftProcessorExecutor-QBFT-0 | INFO  | QbftBesuControllerBuilder | Imported #650 / 349 tx / 3949 pending / 84,447,530 (0.0%) gas / (0x778e32a8c21bfc7b6c2dc9295edcd67904cd47cd3a08bf3482ed24352700c896)
2026-10-07 10:44:11.556+00:00 | BftProcessorExecutor-QBFT-0 | INFO  | QbftBesuControllerBuilder | Imported #651 / 324 tx / 3625 pending / 78,398,280 (0.0%) gas / (0x81e65f3a4eec70dfdd8ff74ff78b043fa46158c813be51fffb22bc6e52a4b959)
2026-10-07 10:44:16.761+00:00 | EthScheduler-Workers-0 | INFO  | PersistBlockTask | Block 652 (0xe79e205d107833b7f561e9e0917bcfa7b4b8103bd63ae2690b260604a5b53f1e) is already imported
2026-10-07 10:44:16.776+00:00 | BftProcessorExecutor-QBFT-0 | INFO  | QbftBesuControllerBuilder | Imported #652 / 350 tx / 3275 pending / 84,689,500 (0.0%) gas / (0xe79e205d107833b7f561e9e0917bcfa7b4b8103bd63ae2690b260604a5b53f1e)
2026-10-07 10:44:18.280+00:00 | BftProcessorExecutor-QBFT-0 | WARN  | BlockTransactionSelector | Interrupting the selection of transactions for block inclusion as it exceeds the maximum configured duration of 1500ms
java.util.concurrent.TimeoutException
	at java.base/java.util.concurrent.CompletableFuture.timedGet(CompletableFuture.java:1960)
	at java.base/java.util.concurrent.CompletableFuture.get(CompletableFuture.java:2095)
	at org.hyperledger.besu.ethereum.blockcreation.txselection.BlockTransactionSelector.timeLimitedSelection(BlockTransactionSelector.java:186)
	at org.hyperledger.besu.ethereum.blockcreation.txselection.BlockTransactionSelector.buildTransactionListForBlock(BlockTransactionSelector.java:169)
	at org.hyperledger.besu.ethereum.blockcreation.AbstractBlockCreator.selectTransactions(AbstractBlockCreator.java:376)
	at org.hyperledger.besu.ethereum.blockcreation.AbstractBlockCreator.createBlock(AbstractBlockCreator.java:218)
	at org.hyperledger.besu.ethereum.blockcreation.AbstractBlockCreator.createBlock(AbstractBlockCreator.java:146)
	at org.hyperledger.besu.consensus.common.bft.blockcreation.BftBlockCreator.createBlock(BftBlockCreator.java:92)
	at org.hyperledger.besu.consensus.qbft.statemachine.QbftRound.createAndSendProposalMessage(QbftRound.java:137)
	at org.hyperledger.besu.consensus.qbft.statemachine.QbftBlockHeightManager.handleBlockTimerExpiry(QbftBlockHeightManager.java:140)
	at org.hyperledger.besu.consensus.common.bft.statemachine.BaseBftController.handleBlockTimerExpiry(BaseBftController.java:167)
	at org.hyperledger.besu.consensus.common.bft.EventMultiplexer.handleBftEvent(EventMultiplexer.java:65)
	at java.base/java.util.Optional.ifPresent(Optional.java:178)
	at org.hyperledger.besu.consensus.common.bft.BftProcessor.run(BftProcessor.java:65)
	at java.base/java.util.concurrent.ThreadPoolExecutor.runWorker(ThreadPoolExecutor.java:1144)
	at java.base/java.util.concurrent.ThreadPoolExecutor$Worker.run(ThreadPoolExecutor.java:642)
	at java.base/java.lang.Thread.run(Thread.java:1583)
2026-10-07 10:44:21.963+00:00 | EthScheduler-Workers-0 | INFO  | PersistBlockTask | Block 653 (0x39d6439c93508b4d56d8fe5d394704372d1ac03195ff0063fa8b0bc8a3459cae) is already imported
2026-10-07 10:44:21.965+00:00 | BftProcessorExecutor-QBFT-0 | INFO  | QbftBesuControllerBuilder | Produced #653 / 335 tx / 2940 pending / 81,059,950 (0.0%) gas / (0x39d6439c93508b4d56d8fe5d394704372d1ac03195ff0063fa8b0bc8a3459cae)
2026-10-07 10:44:26.789+00:00 | BftProcessorExecutor-QBFT-0 | INFO  | QbftBesuControllerBuilder | Imported #654 / 328 tx / 2612 pending / 79,366,160 (0.0%) gas / (0xc15704416ea77e64edf13b970fa63883d5cc297338982abf7f1cf16d97d35fa6)
2026-10-07 10:44:26.787+00:00 | EthScheduler-Workers-0 | INFO  | PersistBlockTask | Block 654 (0xc15704416ea77e64edf13b970fa63883d5cc297338982abf7f1cf16d97d35fa6) is already imported
2026-10-07 10:44:30.499+00:00 | EthScheduler-Workers-0 | INFO  | PersistBlockTask | Block 655 (0x9d6360c8e6a9255b50357d507de17a92ae62657bafb80edd399e357d6b9cdec0) is already imported
2026-10-07 10:44:30.501+00:00 | BftProcessorExecutor-QBFT-0 | INFO  | QbftBesuControllerBuilder | Imported #655 / 241 tx / 2371 pending / 58,314,770 (0.0%) gas / (0x9d6360c8e6a9255b50357d507de17a92ae62657bafb80edd399e357d6b9cdec0)
2026-10-07 10:44:34.104+00:00 | EthScheduler-Workers-0 | INFO  | PersistBlockTask | Block 656 (0xe9bd0af2fdd90da9f6544d99239b829a60dda820f79246c14373665da9004266) is already imported
2026-10-07 10:44:34.106+00:00 | BftProcessorExecutor-QBFT-0 | INFO  | QbftBesuControllerBuilder | Imported #656 / 220 tx / 2151 pending / 53,233,400 (0.0%) gas / (0xe9bd0af2fdd90da9f6544d99239b829a60dda820f79246c14373665da9004266)
2026-10-07 10:44:37.432+00:00 | EthScheduler-Workers-0 | INFO  | PersistBlockTask | Block 657 (0xb9c798381a31175d38c37d667a09b9e78fa4fe2fd5848b96a580ca8a1e40676b) is already imported
2026-10-07 10:44:37.434+00:00 | BftProcessorExecutor-QBFT-0 | INFO  | QbftBesuControllerBuilder | Imported #657 / 216 tx / 1935 pending / 52,265,520 (0.0%) gas / (0xb9c798381a31175d38c37d667a09b9e78fa4fe2fd5848b96a580ca8a1e40676b)
2026-10-07 10:44:40.748+00:00 | EthScheduler-Workers-0 | INFO  | PersistBlockTask | Block 658 (0xf299c006a004ef94270a5b84d3a6945e10617d20aa9903c91536185f6b9ae547) is already imported
2026-10-07 10:44:40.755+00:00 | BftProcessorExecutor-QBFT-0 | INFO  | QbftBesuControllerBuilder | Imported #658 / 210 tx / 1725 pending / 50,813,700 (0.0%) gas / (0xf299c006a004ef94270a5b84d3a6945e10617d20aa9903c91536185f6b9ae547)
2026-10-07 10:44:43.768+00:00 | EthScheduler-Workers-0 | INFO  | PersistBlockTask | Block 659 (0x3fffa407bfe61be256352c8551d7911e4f0e426349f81f891a05371dfd3b85da) is already imported
2026-10-07 10:44:43.770+00:00 | BftProcessorExecutor-QBFT-0 | INFO  | QbftBesuControllerBuilder | Imported #659 / 196 tx / 1529 pending / 47,426,120 (0.0%) gas / (0x3fffa407bfe61be256352c8551d7911e4f0e426349f81f891a05371dfd3b85da)
2026-10-07 10:44:46.804+00:00 | BftProcessorExecutor-QBFT-0 | INFO  | QbftBesuControllerBuilder | Imported #660 / 208 tx / 1321 pending / 50,329,760 (0.0%) gas / (0x4560bbafc6f21c0e110d11b6514d8491639664fcb74539bb7b5edc7861beabb6)
2026-10-07 10:44:50.339+00:00 | EthScheduler-Workers-0 | INFO  | PersistBlockTask | Block 661 (0x8cb07ffb7a19bf29b31523182ac7f4fde07e60adf437d68b0ab0f7ae7b4c6976) is already imported
2026-10-07 10:44:50.341+00:00 | BftProcessorExecutor-QBFT-0 | INFO  | QbftBesuControllerBuilder | Imported #661 / 226 tx / 1095 pending / 54,685,220 (0.0%) gas / (0x8cb07ffb7a19bf29b31523182ac7f4fde07e60adf437d68b0ab0f7ae7b4c6976)
2026-10-07 10:44:54.268+00:00 | EthScheduler-Workers-0 | INFO  | PersistBlockTask | Block 662 (0xe16ee6daa9e10ba511161e38a65fabbf92de6d76d4e4a8ec154f07223c6f6b5a) is already imported
2026-10-07 10:44:54.274+00:00 | BftProcessorExecutor-QBFT-0 | INFO  | QbftBesuControllerBuilder | Imported #662 / 248 tx / 847 pending / 60,008,560 (0.0%) gas / (0xe16ee6daa9e10ba511161e38a65fabbf92de6d76d4e4a8ec154f07223c6f6b5a)
2026-10-07 10:44:57.566+00:00 | EthScheduler-Workers-0 | INFO  | PersistBlockTask | Block 663 (0xc22ec5caf2266c931a28b5fca514eef06f235a5412ea35eb64f2f4bffd01a20e) is already imported
2026-10-07 10:44:57.568+00:00 | BftProcessorExecutor-QBFT-0 | INFO  | QbftBesuControllerBuilder | Imported #663 / 208 tx / 639 pending / 50,329,760 (0.0%) gas / (0xc22ec5caf2266c931a28b5fca514eef06f235a5412ea35eb64f2f4bffd01a20e)
2026-10-07 10:45:00.662+00:00 | EthScheduler-Workers-0 | INFO  | PersistBlockTask | Block 664 (0xd802c80e3e9375aee35a229c18142be95f31e0d2af196f7e3e13f2fadc7d0556) is already imported
2026-10-07 10:45:00.665+00:00 | BftProcessorExecutor-QBFT-0 | INFO  | QbftBesuControllerBuilder | Imported #664 / 201 tx / 438 pending / 48,635,970 (0.0%) gas / (0xd802c80e3e9375aee35a229c18142be95f31e0d2af196f7e3e13f2fadc7d0556)
2026-10-07 10:45:02.981+00:00 | BftProcessorExecutor-QBFT-0 | INFO  | QbftBesuControllerBuilder | Imported #665 / 148 tx / 290 pending / 35,811,560 (0.0%) gas / (0x5c99dbf0d6ddd35feaca76ffb748afe49b44d0e52f29e1d6c9a9e6fa7c185c61)
2026-10-07 10:45:05.369+00:00 | EthScheduler-Workers-0 | INFO  | PersistBlockTask | Block 666 (0xc72cdf1d40c088029b241648db72017b31f5479b1cca6afa64d9e5b259891b1f) is already imported
2026-10-07 10:45:05.370+00:00 | BftProcessorExecutor-QBFT-0 | INFO  | QbftBesuControllerBuilder | Imported #666 / 147 tx / 143 pending / 35,569,590 (0.0%) gas / (0xc72cdf1d40c088029b241648db72017b31f5479b1cca6afa64d9e5b259891b1f)
2026-10-07 10:45:06.740+00:00 | BftProcessorExecutor-QBFT-0 | INFO  | QbftBesuControllerBuilder | Imported #667 / 86 tx / 57 pending / 20,809,420 (0.0%) gas / (0x208dbcc92827eca6b2b4b5eb1d13223d1f493ca557b42687a4623f253be21f19)
2026-10-07 10:45:08.155+00:00 | EthScheduler-Workers-0 | INFO  | PersistBlockTask | Block 668 (0x0ffadabccd63530b301b7c16eee219bc33ca0ef789206f0fbe2044949ec81917) is already imported
2026-10-07 10:45:08.156+00:00 | BftProcessorExecutor-QBFT-0 | INFO  | QbftBesuControllerBuilder | Produced #668 / 57 tx / 0 pending / 13,792,290 (0.0%) gas / (0x0ffadabccd63530b301b7c16eee219bc33ca0ef789206f0fbe2044949ec81917)
2026-10-07 10:45:09.341+00:00 | BftProcessorExecutor-QBFT-0 | INFO  | QbftBesuControllerBuilder | Imported #669 / 0 tx / 0 pending / 0 (0.0%) gas / (0x1e74a0150c7f913db9e11eb6cb7b3067b164aa60c96fe88806dd93e2c7eaa890)
2026-10-07 10:45:11.307+00:00 | EthScheduler-Workers-0 | INFO  | PersistBlockTask | Block 670 (0x55d0fd3db43695375393d6e05b2e16eb7778fa47b688290f99bb149bba7e5c66) is already imported
2026-10-07 10:45:11.308+00:00 | BftProcessorExecutor-QBFT-0 | INFO  | QbftBesuControllerBuilder | Imported #670 / 0 tx / 0 pending / 0 (0.0%) gas / (0x55d0fd3db43695375393d6e05b2e16eb7778fa47b688290f99bb149bba7e5c66)
2026-10-07 10:45:13.329+00:00 | BftProcessorExecutor-QBFT-0 | INFO  | QbftBesuControllerBuilder | Imported #671 / 0 tx / 0 pending / 0 (0.0%) gas / (0xf8a65489ebd56b7661b049714a3f3679feebfdc86edc51d25d6566c8e2e9d059)
2026-10-07 10:45:15.336+00:00 | BftProcessorExecutor-QBFT-0 | INFO  | QbftBesuControllerBuilder | Imported #672 / 0 tx / 0 pending / 0 (0.0%) gas / (0x4a06f2edc1b0ffd49cc7720f17f83a7a08159f339e3cde72fb0be26450d9c9ea)
2026-10-07 10:45:17.287+00:00 | BftProcessorExecutor-QBFT-0 | INFO  | QbftBesuControllerBuilder | Imported #673 / 0 tx / 0 pending / 0 (0.0%) gas / (0x3c448f377391dadef49e38d969810e68355922cd7d7bc4c9fe5225a9bde73ab9)
2026-10-07 10:45:19.358+00:00 | BftProcessorExecutor-QBFT-0 | INFO  | QbftBesuControllerBuilder | Imported #674 / 0 tx / 0 pending / 0 (0.0%) gas / (0x1b946941ff9c5a5c43dfdc1e6d9d3898b25ffb479229d676e45fa583010b68bc)
2026-10-07 10:45:21.316+00:00 | BftProcessorExecutor-QBFT-0 | INFO  | QbftBesuControllerBuilder | Imported #675 / 0 tx / 0 pending / 0 (0.0%) gas / (0xdf6514734d1a036383ec3a05ee475170fec52264adee89cd926dea56c2663ea6)
2026-10-07 10:45:23.321+00:00 | BftProcessorExecutor-QBFT-0 | INFO  | QbftBesuControllerBuilder | Imported #676 / 0 tx / 0 pending / 0 (0.0%) gas / (0xe7a64f117cb03238b2480489656835b2a2a7229962749245d642916c4f5c18c7)
2026-10-07 10:45:25.343+00:00 | BftProcessorExecutor-QBFT-0 | INFO  | QbftBesuControllerBuilder | Imported #677 / 0 tx / 0 pending / 0 (0.0%) gas / (0x1d839dff086f567882750c2ab6ea1da10af9da3f007d0cc746cc1860a215993b)
2026-10-07 10:45:27.277+00:00 | BftProcessorExecutor-QBFT-0 | INFO  | QbftBesuControllerBuilder | Imported #678 / 0 tx / 0 pending / 0 (0.0%) gas / (0xd2b563575e9fdd3431f70357d910a3126ee445447af3b3b9267f7ed560250d26)
2026-10-07 10:45:29.352+00:00 | BftProcessorExecutor-QBFT-0 | INFO  | QbftBesuControllerBuilder | Imported #679 / 0 tx / 0 pending / 0 (0.0%) gas / (0x98ee002211e7726c421d509bbf4b31d3246b987d6a7c08641ea79ecf773c80bb)
2026-10-07 10:45:29.355+00:00 | EthScheduler-Workers-0 | INFO  | PersistBlockTask | Block 679 (0x98ee002211e7726c421d509bbf4b31d3246b987d6a7c08641ea79ecf773c80bb) is already imported
2026-10-07 10:45:31.315+00:00 | BftProcessorExecutor-QBFT-0 | INFO  | QbftBesuControllerBuilder | Imported #680 / 0 tx / 0 pending / 0 (0.0%) gas / (0xb5050193506bdb60070a2ce0e6b305433e16f2bf9466f102817337f7a1b160fd)
2026-10-07 10:45:33.327+00:00 | BftProcessorExecutor-QBFT-0 | INFO  | QbftBesuControllerBuilder | Imported #681 / 0 tx / 0 pending / 0 (0.0%) gas / (0x86710acf56b4d6fafbfad2f74621f501d2c378e097c72358027a33ee84da0b8c)
2026-10-07 10:45:35.345+00:00 | BftProcessorExecutor-QBFT-0 | INFO  | QbftBesuControllerBuilder | Imported #682 / 0 tx / 0 pending / 0 (0.0%) gas / (0x4e74f465871fde6775d40efe085502503f2a7562a000764ebef04ee79be545fe)
2026-10-07 10:45:37.282+00:00 | BftProcessorExecutor-QBFT-0 | INFO  | QbftBesuControllerBuilder | Produced #683 / 0 tx / 0 pending / 0 (0.0%) gas / (0x71cccd699bb8947ddcf1d5b8c22fb9535a63d072212303f4a4ebc6fad8618af7)
2026-10-07 10:45:39.360+00:00 | BftProcessorExecutor-QBFT-0 | INFO  | QbftBesuControllerBuilder | Imported #684 / 0 tx / 0 pending / 0 (0.0%) gas / (0xaea5f145352f7aeaf5981374e3560611b77ee32ea690a6cd7d004d0ee3bee02a)
2026-10-07 10:45:41.301+00:00 | BftProcessorExecutor-QBFT-0 | INFO  | QbftBesuControllerBuilder | Imported #685 / 0 tx / 0 pending / 0 (0.0%) gas / (0xf2312736795de1553e67149e5a561547f41a531005fddf0483ff5525bfea939c)
2026-10-07 10:45:43.318+00:00 | BftProcessorExecutor-QBFT-0 | INFO  | QbftBesuControllerBuilder | Imported #686 / 0 tx / 0 pending / 0 (0.0%) gas / (0x5cd1a0427857c561df21ef03500c717c82ebe399f9f8cd503afc116d6f36bff0)
2026-10-07 10:45:45.338+00:00 | BftProcessorExecutor-QBFT-0 | INFO  | QbftBesuControllerBuilder | Imported #687 / 0 tx / 0 pending / 0 (0.0%) gas / (0x6e2d7b749c427302d57570fe84e2c9ccf8b4f711968ddb543287332d99f75c4a)
2026-10-07 10:45:47.282+00:00 | BftProcessorExecutor-QBFT-0 | INFO  | QbftBesuControllerBuilder | Imported #688 / 0 tx / 0 pending / 0 (0.0%) gas / (0xd53bd660b77b9bb706c092fa7a7f5f5cd91eb22479127b5d2b0737c816bd29a3)
2026-10-07 10:45:49.360+00:00 | BftProcessorExecutor-QBFT-0 | INFO  | QbftBesuControllerBuilder | Imported #689 / 0 tx / 0 pending / 0 (0.0%) gas / (0x30f8d63331ebeb8828303552638eceb030c4d9b754fb478443918224e4ee6f7f)
2026-10-07 10:45:51.311+00:00 | BftProcessorExecutor-QBFT-0 | INFO  | QbftBesuControllerBuilder | Imported #690 / 0 tx / 0 pending / 0 (0.0%) gas / (0x1c0392382d00ca3a7e2cc1f0762e34ea7f7acecc46a17da784708e466886fd8f)
2026-10-07 10:45:51.313+00:00 | EthScheduler-Workers-0 | INFO  | PersistBlockTask | Block 690 (0x1c0392382d00ca3a7e2cc1f0762e34ea7f7acecc46a17da784708e466886fd8f) is already imported
2026-10-07 10:45:53.319+00:00 | EthScheduler-Workers-0 | INFO  | PersistBlockTask | Block 691 (0x54a5cf4ff311c24d10086c47b3a369192f73465c7d3e2abadb148b06da38781d) is already imported
2026-10-07 10:45:53.319+00:00 | BftProcessorExecutor-QBFT-0 | INFO  | QbftBesuControllerBuilder | Imported #691 / 0 tx / 0 pending / 0 (0.0%) gas / (0x54a5cf4ff311c24d10086c47b3a369192f73465c7d3e2abadb148b06da38781d)
2026-10-07 10:45:55.346+00:00 | BftProcessorExecutor-QBFT-0 | INFO  | QbftBesuControllerBuilder | Imported #692 / 0 tx / 0 pending / 0 (0.0%) gas / (0x51a7593e91993a21fda71b653b245d88ba2e33bf2b2a0a37cfea5531f3dbd1d9)
2026-10-07 10:45:55.346+00:00 | EthScheduler-Workers-0 | INFO  | PersistBlockTask | Block 692 (0x51a7593e91993a21fda71b653b245d88ba2e33bf2b2a0a37cfea5531f3dbd1d9) is already imported
2026-10-07 10:45:57.289+00:00 | BftProcessorExecutor-QBFT-0 | INFO  | QbftBesuControllerBuilder | Imported #693 / 0 tx / 0 pending / 0 (0.0%) gas / (0x63d615834ffe80cd0909b4caef35900bea5a70c87bf71fd965f796777f3da356)
2026-10-07 10:45:59.357+00:00 | BftProcessorExecutor-QBFT-0 | INFO  | QbftBesuControllerBuilder | Imported #694 / 0 tx / 0 pending / 0 (0.0%) gas / (0x3a15c196d3f15dfb59e51dce3e7a3a8e0eab3be08599190c416f9337e226bf78)
2026-10-07 10:45:59.362+00:00 | EthScheduler-Workers-0 | INFO  | PersistBlockTask | Block 694 (0x3a15c196d3f15dfb59e51dce3e7a3a8e0eab3be08599190c416f9337e226bf78) is already imported
2026-10-07 10:46:01.299+00:00 | BftProcessorExecutor-QBFT-0 | INFO  | QbftBesuControllerBuilder | Imported #695 / 0 tx / 0 pending / 0 (0.0%) gas / (0x2768e9b03a4b99ea7ae85af8ffa67330d02be0e8fa20ef091f8f99ffaf8731b8)
2026-10-07 10:46:03.329+00:00 | BftProcessorExecutor-QBFT-0 | INFO  | QbftBesuControllerBuilder | Imported #696 / 0 tx / 0 pending / 0 (0.0%) gas / (0x3e79d8ffe533c5ebe00bfa4066892208ad026039da23904bce555f6aefe78d50)
2026-10-07 10:46:05.337+00:00 | BftProcessorExecutor-QBFT-0 | INFO  | QbftBesuControllerBuilder | Imported #697 / 0 tx / 0 pending / 0 (0.0%) gas / (0xdf334e5f989df7ae58254b689b42f6770dec4e413a07c01dfee955de244498b1)
2026-10-07 10:46:07.273+00:00 | BftProcessorExecutor-QBFT-0 | INFO  | QbftBesuControllerBuilder | Produced #698 / 0 tx / 0 pending / 0 (0.0%) gas / (0xb8d4d3cccf5f74388815aa631e0808ba91664bed3114a26439462af9750bd56c)
2026-10-07 10:46:09.356+00:00 | BftProcessorExecutor-QBFT-0 | INFO  | QbftBesuControllerBuilder | Imported #699 / 0 tx / 0 pending / 0 (0.0%) gas / (0x1c78af693f8ceeec929aa21ff9543b4ae5493c3dfb63ead3278c687ca8dfbdef)
2026-10-07 10:46:11.291+00:00 | BftProcessorExecutor-QBFT-0 | INFO  | QbftBesuControllerBuilder | Imported #700 / 0 tx / 0 pending / 0 (0.0%) gas / (0x96169411bb2d4081a52e30507faad01343c6ed3127aef1f0deda302ec0d9f03d)
2026-10-07 10:46:13.323+00:00 | BftProcessorExecutor-QBFT-0 | INFO  | QbftBesuControllerBuilder | Imported #701 / 0 tx / 0 pending / 0 (0.0%) gas / (0x811d1cf8ea86921b34b56eab642422575e079fe29420397cd8e5bde77ff8998f)
2026-10-07 10:46:13.325+00:00 | EthScheduler-Workers-0 | INFO  | PersistBlockTask | Block 701 (0x811d1cf8ea86921b34b56eab642422575e079fe29420397cd8e5bde77ff8998f) is already imported
2026-10-07 10:46:15.350+00:00 | BftProcessorExecutor-QBFT-0 | INFO  | QbftBesuControllerBuilder | Imported #702 / 0 tx / 0 pending / 0 (0.0%) gas / (0xd0814937e38ddd7a809d3fa1b6c847873d5525a1a0e58f02ac6e1781ef7d0bfc)
2026-10-07 10:46:17.286+00:00 | BftProcessorExecutor-QBFT-0 | INFO  | QbftBesuControllerBuilder | Imported #703 / 0 tx / 0 pending / 0 (0.0%) gas / (0xa025f0dcfdfdbdce8752e4385cbfe99da0a66118353e525435d0a83ccde5e8cc)
2026-10-07 10:46:19.360+00:00 | BftProcessorExecutor-QBFT-0 | INFO  | QbftBesuControllerBuilder | Imported #704 / 0 tx / 0 pending / 0 (0.0%) gas / (0x7229001c1e05dae9679973d2d87e2a99a0cf72d73616bfe963016fed7a52cc0f)
2026-10-07 10:46:21.304+00:00 | EthScheduler-Workers-0 | INFO  | PersistBlockTask | Imported #705 / 0 tx / 0 om / 0 (0.0%) gas / (0x424968a480dba614e50f7e19a5aa9fb3073e24fe3b356381348a599a32b7959e) in 0.002s. Peers: 14
2026-10-07 10:46:21.305+00:00 | BftProcessorExecutor-QBFT-0 | INFO  | QbftBesuControllerBuilder | Imported #705 / 0 tx / 0 pending / 0 (0.0%) gas / (0x424968a480dba614e50f7e19a5aa9fb3073e24fe3b356381348a599a32b7959e)
2026-10-07 10:46:23.315+00:00 | BftProcessorExecutor-QBFT-0 | INFO  | QbftBesuControllerBuilder | Imported #706 / 0 tx / 0 pending / 0 (0.0%) gas / (0xd179972c4155a01692a170fbaa68679d3ca52f08912bf825ace6b0cca09351bc)
2026-10-07 10:46:25.336+00:00 | BftProcessorExecutor-QBFT-0 | INFO  | QbftBesuControllerBuilder | Imported #707 / 0 tx / 0 pending / 0 (0.0%) gas / (0xc24045e17a5b4b68962b995d54b5cb5e72c3320bd5b70bcbfb3755d172b218f5)
2026-10-07 10:46:27.286+00:00 | BftProcessorExecutor-QBFT-0 | INFO  | QbftBesuControllerBuilder | Imported #708 / 0 tx / 0 pending / 0 (0.0%) gas / (0xc619049634762289d3161df589247171e43b09be764ffce764c6e2f7a37476bd)
2026-10-07 10:46:27.286+00:00 | EthScheduler-Workers-0 | INFO  | PersistBlockTask | Block 708 (0xc619049634762289d3161df589247171e43b09be764ffce764c6e2f7a37476bd) is already imported
2026-10-07 10:46:29.359+00:00 | BftProcessorExecutor-QBFT-0 | INFO  | QbftBesuControllerBuilder | Imported #709 / 0 tx / 0 pending / 0 (0.0%) gas / (0xd96088c0022d12b9f4dec04a766a191395087456d53228927290055aee15cb9b)
2026-10-07 10:46:31.312+00:00 | BftProcessorExecutor-QBFT-0 | INFO  | QbftBesuControllerBuilder | Imported #710 / 0 tx / 0 pending / 0 (0.0%) gas / (0xd65bfc9e95ccfc271a45742db675f3259bfa75cdeca688f8f913dd6a74f7bf01)
2026-10-07 10:46:33.327+00:00 | BftProcessorExecutor-QBFT-0 | INFO  | QbftBesuControllerBuilder | Imported #711 / 0 tx / 0 pending / 0 (0.0%) gas / (0xb47dd59dffddd93007aef13d70898399726f1307ce7447c78f74da3dddef1c30)
2026-10-07 10:46:35.342+00:00 | BftProcessorExecutor-QBFT-0 | INFO  | QbftBesuControllerBuilder | Imported #712 / 0 tx / 0 pending / 0 (0.0%) gas / (0xa2120b9ea5f9dab139d976b9f03b9fd99e063b3ea68233255e1f705a082460de)
2026-10-07 10:46:37.271+00:00 | BftProcessorExecutor-QBFT-0 | INFO  | QbftBesuControllerBuilder | Produced #713 / 0 tx / 0 pending / 0 (0.0%) gas / (0xaa5aebfbe7082dede6758161ffe14dc682b0e805060d6d648ee7acde64225094)
2026-10-07 10:46:39.366+00:00 | BftProcessorExecutor-QBFT-0 | INFO  | QbftBesuControllerBuilder | Imported #714 / 0 tx / 0 pending / 0 (0.0%) gas / (0x87071144bdd746c611777dcc2a6000de3a78cf9747e3029f0c73003759dd24eb)
2026-10-07 10:46:39.370+00:00 | EthScheduler-Workers-0 | INFO  | PersistBlockTask | Block 714 (0x87071144bdd746c611777dcc2a6000de3a78cf9747e3029f0c73003759dd24eb) is already imported
2026-10-07 10:46:41.308+00:00 | BftProcessorExecutor-QBFT-0 | INFO  | QbftBesuControllerBuilder | Imported #715 / 0 tx / 0 pending / 0 (0.0%) gas / (0x05121ac868b0c6d99c10dbcc7bfb4694025257017044adfe41687a037f0d2ec1)
2026-10-07 10:46:41.312+00:00 | EthScheduler-Workers-0 | INFO  | PersistBlockTask | Block 715 (0x05121ac868b0c6d99c10dbcc7bfb4694025257017044adfe41687a037f0d2ec1) is already imported
2026-10-07 10:46:43.328+00:00 | BftProcessorExecutor-QBFT-0 | INFO  | QbftBesuControllerBuilder | Imported #716 / 0 tx / 0 pending / 0 (0.0%) gas / (0xc90aade319e2fe1f0f5129b0221322bfd3d1a72ac6c81f470773643e15e3fa0d)
2026-10-07 10:46:45.336+00:00 | BftProcessorExecutor-QBFT-0 | INFO  | QbftBesuControllerBuilder | Imported #717 / 0 tx / 0 pending / 0 (0.0%) gas / (0xc707e45f780999134ad4b34a444f4a5854d83372ca308f12341660429b1b083d)
2026-10-07 10:46:47.282+00:00 | BftProcessorExecutor-QBFT-0 | INFO  | QbftBesuControllerBuilder | Imported #718 / 0 tx / 0 pending / 0 (0.0%) gas / (0x5c41e73c744eeb1d00d321e4e1397eb0e1d5dc769d74e6da30f5732cbd97cc53)
2026-10-07 10:46:49.354+00:00 | BftProcessorExecutor-QBFT-0 | INFO  | QbftBesuControllerBuilder | Imported #719 / 0 tx / 0 pending / 0 (0.0%) gas / (0xcb5b09c7c784c60fbe3dc9367e5419ca09d6586d0e61dec23d4c7010bcffcf47)
2026-10-07 10:46:51.308+00:00 | BftProcessorExecutor-QBFT-0 | INFO  | QbftBesuControllerBuilder | Imported #720 / 0 tx / 0 pending / 0 (0.0%) gas / (0x708ce374710d4ffbbb62d871301145b4b7f9e2354a7084bc458a7ef1c0335c3f)
2026-10-07 10:46:53.325+00:00 | BftProcessorExecutor-QBFT-0 | INFO  | QbftBesuControllerBuilder | Imported #721 / 0 tx / 0 pending / 0 (0.0%) gas / (0x72550436ff2d5dad182aa91f7fc05e0907faefd6f0129fcbbefb0b9542e21a06)
2026-10-07 10:46:55.347+00:00 | BftProcessorExecutor-QBFT-0 | INFO  | QbftBesuControllerBuilder | Imported #722 / 0 tx / 0 pending / 0 (0.0%) gas / (0xeeed0839dea905bb093874bf558f133086194e10700794b8ea68236c983e06f4)
2026-10-07 10:46:57.283+00:00 | BftProcessorExecutor-QBFT-0 | INFO  | QbftBesuControllerBuilder | Imported #723 / 0 tx / 0 pending / 0 (0.0%) gas / (0xa0694376b5854feae6456d23fb36a8e91ea86601ddffc7d3d6adf937090f1063)
2026-10-07 10:46:59.351+00:00 | EthScheduler-Workers-0 | INFO  | PersistBlockTask | Imported #724 / 0 tx / 0 om / 0 (0.0%) gas / (0xcc42be252680c24658bfc021f06af6db435078baa376af6d7b3f9605e9509924) in 0.002s. Peers: 14
2026-10-07 10:46:59.352+00:00 | BftProcessorExecutor-QBFT-0 | INFO  | QbftBesuControllerBuilder | Imported #724 / 0 tx / 0 pending / 0 (0.0%) gas / (0xcc42be252680c24658bfc021f06af6db435078baa376af6d7b3f9605e9509924)
2026-10-07 10:47:01.291+00:00 | BftProcessorExecutor-QBFT-0 | INFO  | QbftBesuControllerBuilder | Imported #725 / 0 tx / 0 pending / 0 (0.0%) gas / (0xfdaa691b3ae362726a4257115a2fa3d3441b92f63beec9e834c7ad01e743bd9d)
2026-10-07 10:47:03.327+00:00 | BftProcessorExecutor-QBFT-0 | INFO  | QbftBesuControllerBuilder | Imported #726 / 0 tx / 0 pending / 0 (0.0%) gas / (0x45d1eec7e0dd62fde3e337b396412c953dec91441dfe1127f5010a0827437fef)
2026-10-07 10:47:05.343+00:00 | BftProcessorExecutor-QBFT-0 | INFO  | QbftBesuControllerBuilder | Imported #727 / 0 tx / 0 pending / 0 (0.0%) gas / (0xeebbaf6ff0e2b273579aca602879c61d3e51cd174eb3e14f9331831862539342)
2026-10-07 10:47:07.278+00:00 | BftProcessorExecutor-QBFT-0 | INFO  | QbftBesuControllerBuilder | Produced #728 / 0 tx / 0 pending / 0 (0.0%) gas / (0xe3bf2af86df1db4be3eda295402491667794b60b18ab7a7e3fdf81d7190da9fb)
2026-10-07 10:47:09.349+00:00 | BftProcessorExecutor-QBFT-0 | INFO  | QbftBesuControllerBuilder | Imported #729 / 0 tx / 0 pending / 0 (0.0%) gas / (0x2e48179754572e10fcf0563c551ec53f45a29b0dfa0a3e9230a77a239282fc47)
2026-10-07 10:47:11.309+00:00 | BftProcessorExecutor-QBFT-0 | INFO  | QbftBesuControllerBuilder | Imported #730 / 0 tx / 0 pending / 0 (0.0%) gas / (0x6a2b5cd3b1476353b529050a91f32c27a87fd576f3eccdfb2138475a2f530ec7)
2026-10-07 10:47:11.313+00:00 | EthScheduler-Workers-0 | INFO  | PersistBlockTask | Block 730 (0x6a2b5cd3b1476353b529050a91f32c27a87fd576f3eccdfb2138475a2f530ec7) is already imported
2026-10-07 10:47:13.328+00:00 | BftProcessorExecutor-QBFT-0 | INFO  | QbftBesuControllerBuilder | Imported #731 / 0 tx / 0 pending / 0 (0.0%) gas / (0xbc7a88a59c66ba40bb162aa681ff4cb7525f4bad6302fab9576a2d08654d816d)
2026-10-07 10:47:15.338+00:00 | BftProcessorExecutor-QBFT-0 | INFO  | QbftBesuControllerBuilder | Imported #732 / 0 tx / 0 pending / 0 (0.0%) gas / (0x73b794ef97e25326042653741e6231fd956f6c159c36a585d9b5432afe5cb77a)
2026-10-07 10:47:17.283+00:00 | EthScheduler-Workers-0 | INFO  | PersistBlockTask | Block 733 (0x62226712a001628f139f2b5ed2eb5197fbddcafab8131a50a690f51e1f293f2c) is already imported
2026-10-07 10:47:17.283+00:00 | BftProcessorExecutor-QBFT-0 | INFO  | QbftBesuControllerBuilder | Imported #733 / 0 tx / 0 pending / 0 (0.0%) gas / (0x62226712a001628f139f2b5ed2eb5197fbddcafab8131a50a690f51e1f293f2c)
2026-10-07 10:47:19.346+00:00 | BftProcessorExecutor-QBFT-0 | INFO  | QbftBesuControllerBuilder | Imported #734 / 0 tx / 0 pending / 0 (0.0%) gas / (0x0e36cdd3a497fc7622b010ee6cb927d2a942144719a0db24406061d2f9776d2a)
2026-10-07 10:47:21.312+00:00 | BftProcessorExecutor-QBFT-0 | INFO  | QbftBesuControllerBuilder | Imported #735 / 0 tx / 0 pending / 0 (0.0%) gas / (0xc04b6ccbad1579ce6ab9de8ec4974e5b5a889edd2093df6004ffd34ccb85d48e)
2026-10-07 10:47:23.325+00:00 | BftProcessorExecutor-QBFT-0 | INFO  | QbftBesuControllerBuilder | Imported #736 / 0 tx / 0 pending / 0 (0.0%) gas / (0xd7f798b9e9a7a8200d74c870fcd71e999a49978761c54ce602a5d8bc0024115d)
2026-10-07 10:47:25.345+00:00 | BftProcessorExecutor-QBFT-0 | INFO  | QbftBesuControllerBuilder | Imported #737 / 0 tx / 0 pending / 0 (0.0%) gas / (0x0316df764adfd1880807a7f49958f0b1c551a86d4b0d6a3067d2a250a29354d1)
2026-10-07 10:47:27.282+00:00 | BftProcessorExecutor-QBFT-0 | INFO  | QbftBesuControllerBuilder | Imported #738 / 0 tx / 0 pending / 0 (0.0%) gas / (0x2bd64da41b11bf98118686eaece0b5f7c2812b38f0ab127013c2d0dddabc20bd)
2026-10-07 10:47:29.362+00:00 | BftProcessorExecutor-QBFT-0 | INFO  | QbftBesuControllerBuilder | Imported #739 / 0 tx / 0 pending / 0 (0.0%) gas / (0x9b829d4b754a5ddfcd61250fd4bbca5f7c2c6bca99792b3baf28b1989c134f36)
2026-10-07 10:47:31.309+00:00 | BftProcessorExecutor-QBFT-0 | INFO  | QbftBesuControllerBuilder | Imported #740 / 0 tx / 0 pending / 0 (0.0%) gas / (0x7c9b58ca2cc3040466e24f1d93a027259564ff9811e9747aa9e0c9304abfe00a)
2026-10-07 10:47:33.321+00:00 | BftProcessorExecutor-QBFT-0 | INFO  | QbftBesuControllerBuilder | Imported #741 / 0 tx / 0 pending / 0 (0.0%) gas / (0xae52cbb50a2dcc78e699640d79b4a6acf1e23243c8bef6a5999f1924a0bbd346)
2026-10-07 10:47:35.343+00:00 | BftProcessorExecutor-QBFT-0 | INFO  | QbftBesuControllerBuilder | Imported #742 / 0 tx / 0 pending / 0 (0.0%) gas / (0x79fb5c079776832bc32b91f1bae51d64518cc9a414c5edb131d5013a911a87d4)
2026-10-07 10:47:35.346+00:00 | EthScheduler-Workers-0 | INFO  | PersistBlockTask | Block 742 (0x79fb5c079776832bc32b91f1bae51d64518cc9a414c5edb131d5013a911a87d4) is already imported
2026-10-07 10:47:37.265+00:00 | BftProcessorExecutor-QBFT-0 | INFO  | QbftBesuControllerBuilder | Produced #743 / 0 tx / 0 pending / 0 (0.0%) gas / (0x699bc6112412dac8cb1df6e318239102709c0951403cff3edeafd006a2a0f19e)
2026-10-07 10:47:39.360+00:00 | BftProcessorExecutor-QBFT-0 | INFO  | QbftBesuControllerBuilder | Imported #744 / 0 tx / 0 pending / 0 (0.0%) gas / (0x92c5b2bc9490976ae15e1e1de20310daf81404d50fe208e51c121479929c7c96)
2026-10-07 10:47:41.319+00:00 | BftProcessorExecutor-QBFT-0 | INFO  | QbftBesuControllerBuilder | Imported #745 / 0 tx / 0 pending / 0 (0.0%) gas / (0xb2b1fda2dfa9e49b73bf2f3bd1ba6276fa2582830857c04b1c8198fd4ded96df)
2026-10-07 10:47:41.320+00:00 | EthScheduler-Workers-0 | INFO  | PersistBlockTask | Block 745 (0xb2b1fda2dfa9e49b73bf2f3bd1ba6276fa2582830857c04b1c8198fd4ded96df) is already imported
2026-10-07 10:47:43.326+00:00 | BftProcessorExecutor-QBFT-0 | INFO  | QbftBesuControllerBuilder | Imported #746 / 0 tx / 0 pending / 0 (0.0%) gas / (0x9dd0c7534f7f7d25d2282a8b2de7f9c72703d5200c34593ce34b32288a44f2b2)
2026-10-07 10:47:45.336+00:00 | BftProcessorExecutor-QBFT-0 | INFO  | QbftBesuControllerBuilder | Imported #747 / 0 tx / 8 pending / 0 (0.0%) gas / (0x6132bef89ae6d2514534f33ed057e5998b6cacf18dac67f377b88ca4b8a71b2a)
2026-10-07 10:47:47.286+00:00 | BftProcessorExecutor-QBFT-0 | INFO  | QbftBesuControllerBuilder | Imported #748 / 0 tx / 8 pending / 0 (0.0%) gas / (0x4c7547ef6416b228d1f174076286f67106f20aa94acebd0decbaccfc8ec54077)
2026-10-07 10:47:49.364+00:00 | BftProcessorExecutor-QBFT-0 | INFO  | QbftBesuControllerBuilder | Imported #749 / 0 tx / 8 pending / 0 (0.0%) gas / (0xc8e7b2e9f830bc4d1de5d76ebd3ce58aff5662f62341107507b14a507911705a)
2026-10-07 10:47:51.340+00:00 | BftProcessorExecutor-QBFT-0 | INFO  | QbftBesuControllerBuilder | Imported #750 / 1 tx / 7 pending / 153,638 (0.0%) gas / (0xb0cbf3d0791d4586ca1f58741dca9b30b3364adcce8cd2082fc63bf4251e8b95)
2026-10-07 10:47:53.333+00:00 | BftProcessorExecutor-QBFT-0 | INFO  | QbftBesuControllerBuilder | Imported #751 / 1 tx / 6 pending / 153,630 (0.0%) gas / (0x1ffdc3184e86d50429f4f7a5bfe364fccf9317dd7e179ac28cf0d2a486ea2b6f)
2026-10-07 10:47:55.358+00:00 | EthScheduler-Workers-0 | INFO  | PersistBlockTask | Block 752 (0x51dc3face5a1cab056659e9a0f9646d0fa22074e5465b71712d25f545629d371) is already imported
2026-10-07 10:47:55.358+00:00 | BftProcessorExecutor-QBFT-0 | INFO  | QbftBesuControllerBuilder | Imported #752 / 1 tx / 5 pending / 153,638 (0.0%) gas / (0x51dc3face5a1cab056659e9a0f9646d0fa22074e5465b71712d25f545629d371)
2026-10-07 10:47:57.311+00:00 | EthScheduler-Workers-0 | INFO  | PersistBlockTask | Block 753 (0x046bd35691bab12d3f0ac16a44ef6f851cb27733b4e4cebe78910c670681600c) is already imported
2026-10-07 10:47:57.311+00:00 | BftProcessorExecutor-QBFT-0 | INFO  | QbftBesuControllerBuilder | Imported #753 / 1 tx / 4 pending / 153,630 (0.0%) gas / (0x046bd35691bab12d3f0ac16a44ef6f851cb27733b4e4cebe78910c670681600c)
2026-10-07 10:47:59.383+00:00 | EthScheduler-Workers-0 | INFO  | PersistBlockTask | Block 754 (0x9637c971b785b919ce1ca974caeda6379147097cefd3831b9d69b48ad5dc5823) is already imported
2026-10-07 10:47:59.383+00:00 | BftProcessorExecutor-QBFT-0 | INFO  | QbftBesuControllerBuilder | Imported #754 / 1 tx / 3 pending / 153,630 (0.0%) gas / (0x9637c971b785b919ce1ca974caeda6379147097cefd3831b9d69b48ad5dc5823)
2026-10-07 10:48:01.324+00:00 | EthScheduler-Workers-0 | INFO  | PersistBlockTask | Block 755 (0x41d20bd6b748ce16988aabf9eee40efc33695984825bbd0033ca8d4f9f8a6b5c) is already imported
2026-10-07 10:48:01.325+00:00 | BftProcessorExecutor-QBFT-0 | INFO  | QbftBesuControllerBuilder | Imported #755 / 1 tx / 2 pending / 153,630 (0.0%) gas / (0x41d20bd6b748ce16988aabf9eee40efc33695984825bbd0033ca8d4f9f8a6b5c)
2026-10-07 10:48:03.355+00:00 | EthScheduler-Workers-0 | INFO  | PersistBlockTask | Block 756 (0xfa3c5257aa68c5a25e1093a1ba46f1d4e35e968c8fed02c724d2ce6bdd2b67df) is already imported
2026-10-07 10:48:03.355+00:00 | BftProcessorExecutor-QBFT-0 | INFO  | QbftBesuControllerBuilder | Imported #756 / 1 tx / 1 pending / 153,626 (0.0%) gas / (0xfa3c5257aa68c5a25e1093a1ba46f1d4e35e968c8fed02c724d2ce6bdd2b67df)
2026-10-07 10:48:05.369+00:00 | EthScheduler-Workers-0 | INFO  | PersistBlockTask | Block 757 (0x609ad7a15dc03ccfaa0106d45eaef096c04508d29c6978f6de9e65bad672f0de) is already imported
2026-10-07 10:48:05.370+00:00 | BftProcessorExecutor-QBFT-0 | INFO  | QbftBesuControllerBuilder | Imported #757 / 1 tx / 0 pending / 153,650 (0.0%) gas / (0x609ad7a15dc03ccfaa0106d45eaef096c04508d29c6978f6de9e65bad672f0de)
2026-10-07 10:48:07.281+00:00 | BftProcessorExecutor-QBFT-0 | INFO  | QbftBesuControllerBuilder | Produced #758 / 0 tx / 0 pending / 0 (0.0%) gas / (0xbf9746a42af15c391e3817f947d68132bf91cf5fbb9fc5c471b034cfd79ad34d)
2026-10-07 10:48:09.362+00:00 | BftProcessorExecutor-QBFT-0 | INFO  | QbftBesuControllerBuilder | Imported #759 / 0 tx / 0 pending / 0 (0.0%) gas / (0x47becb07927c91c0fe2a5cbb40d4ae5d4c06d8f09cf2d8e5200106d7f598992d)
2026-10-07 10:48:11.313+00:00 | BftProcessorExecutor-QBFT-0 | INFO  | QbftBesuControllerBuilder | Imported #760 / 0 tx / 0 pending / 0 (0.0%) gas / (0xe495f20c117da7d4dbde298bc7cd1c3c27170d3331384fe43afe8736571625f9)
2026-10-07 10:48:13.323+00:00 | BftProcessorExecutor-QBFT-0 | INFO  | QbftBesuControllerBuilder | Imported #761 / 0 tx / 0 pending / 0 (0.0%) gas / (0xa7b5594f7cdbd64ea01d33a24416764679247b3be3c169f3f1f4f350f10fca5e)
2026-10-07 10:48:15.336+00:00 | BftProcessorExecutor-QBFT-0 | INFO  | QbftBesuControllerBuilder | Imported #762 / 0 tx / 0 pending / 0 (0.0%) gas / (0xa9be94e3db8e056ef67f755dcd75f748f637f451ec4c2488ebea1177cc130e54)
2026-10-07 10:48:17.278+00:00 | BftProcessorExecutor-QBFT-0 | INFO  | QbftBesuControllerBuilder | Imported #763 / 0 tx / 0 pending / 0 (0.0%) gas / (0xcf9cf80d819b8b79c4fa0f6db8adc2889693f5af861b84a6ebe59d0da983ee6f)
2026-10-07 10:48:19.356+00:00 | BftProcessorExecutor-QBFT-0 | INFO  | QbftBesuControllerBuilder | Imported #764 / 0 tx / 0 pending / 0 (0.0%) gas / (0xcd81c5c8fd11946af105f601d1fbcb25b503afffd3447536de37af190ea64e2f)
2026-10-07 10:48:21.309+00:00 | BftProcessorExecutor-QBFT-0 | INFO  | QbftBesuControllerBuilder | Imported #765 / 0 tx / 0 pending / 0 (0.0%) gas / (0xa257eb55e61fb06e4191db7d665d99664683ae4fa61aa9b5e0db196f66213705)
2026-10-07 10:48:23.328+00:00 | BftProcessorExecutor-QBFT-0 | INFO  | QbftBesuControllerBuilder | Imported #766 / 0 tx / 0 pending / 0 (0.0%) gas / (0xfdc5b38a2818b7123c7fd77d3710ce198ff7272dfc58537c46a4b1099b186125)
2026-10-07 10:48:25.332+00:00 | BftProcessorExecutor-QBFT-0 | INFO  | QbftBesuControllerBuilder | Imported #767 / 0 tx / 0 pending / 0 (0.0%) gas / (0xb15311c8d0a9a640cc5213f738db109f0a7b77f7ce744aef93fe063b7694ddc7)
2026-10-07 10:48:27.256+00:00 | EthScheduler-Workers-0 | INFO  | PersistBlockTask | Block 768 (0x8b37cd1dc51b1bed04924502f40292bdf713773a9742817d3618086892506f1d) is already imported
2026-10-07 10:48:27.256+00:00 | BftProcessorExecutor-QBFT-0 | INFO  | QbftBesuControllerBuilder | Imported #768 / 0 tx / 0 pending / 0 (0.0%) gas / (0x8b37cd1dc51b1bed04924502f40292bdf713773a9742817d3618086892506f1d)
2026-10-07 10:48:29.343+00:00 | BftProcessorExecutor-QBFT-0 | INFO  | QbftBesuControllerBuilder | Imported #769 / 0 tx / 0 pending / 0 (0.0%) gas / (0x49f406be1481250be98a01fdb5d5ba503be407cc1fee3f36984025202989fee9)
2026-10-07 10:48:31.289+00:00 | BftProcessorExecutor-QBFT-0 | INFO  | QbftBesuControllerBuilder | Imported #770 / 0 tx / 0 pending / 0 (0.0%) gas / (0xe21a33517137932ab4f18090605659faf3842b624692348236e09cad97c49480)
2026-10-07 10:48:33.317+00:00 | BftProcessorExecutor-QBFT-0 | INFO  | QbftBesuControllerBuilder | Imported #771 / 0 tx / 0 pending / 0 (0.0%) gas / (0xe64cfa1c3e2d6ec49e99ab90b569ba480c2a73d59fe76baa0a3f20dcd329e5f2)
2026-10-07 10:48:35.337+00:00 | BftProcessorExecutor-QBFT-0 | INFO  | QbftBesuControllerBuilder | Imported #772 / 0 tx / 0 pending / 0 (0.0%) gas / (0x9a61c8054e755618bd39f8903c6fbc6bb16766546b6449b5f061931fae41001f)
2026-10-07 10:48:35.337+00:00 | EthScheduler-Workers-0 | INFO  | PersistBlockTask | Block 772 (0x9a61c8054e755618bd39f8903c6fbc6bb16766546b6449b5f061931fae41001f) is already imported
2026-10-07 10:48:37.266+00:00 | BftProcessorExecutor-QBFT-0 | INFO  | QbftBesuControllerBuilder | Produced #773 / 0 tx / 0 pending / 0 (0.0%) gas / (0xbc9cf18d12a613d4571c53e13b7c0d1c187388f349a465f37ed6f4ced8b74398)
2026-10-07 10:48:39.363+00:00 | BftProcessorExecutor-QBFT-0 | INFO  | QbftBesuControllerBuilder | Imported #774 / 0 tx / 0 pending / 0 (0.0%) gas / (0xe67af3da947e00c673840849213b641a69c4fb29f37f31f8e48383d079c2119a)
2026-10-07 10:48:39.368+00:00 | EthScheduler-Workers-0 | INFO  | PersistBlockTask | Block 774 (0xe67af3da947e00c673840849213b641a69c4fb29f37f31f8e48383d079c2119a) is already imported
2026-10-07 10:48:41.290+00:00 | BftProcessorExecutor-QBFT-0 | INFO  | QbftBesuControllerBuilder | Imported #775 / 0 tx / 0 pending / 0 (0.0%) gas / (0xc9351819e3004f35160279d18d1ccd18f3242e184002d9bf4722ba0eeba71170)
2026-10-07 10:48:43.337+00:00 | EthScheduler-Workers-0 | INFO  | PersistBlockTask | Block 776 (0x82211605997f9ed979d2e791c2f83c7b1633d4a450c213277e00f4237fd2ff1c) is already imported
2026-10-07 10:48:43.337+00:00 | BftProcessorExecutor-QBFT-0 | INFO  | QbftBesuControllerBuilder | Imported #776 / 0 tx / 0 pending / 0 (0.0%) gas / (0x82211605997f9ed979d2e791c2f83c7b1633d4a450c213277e00f4237fd2ff1c)
2026-10-07 10:48:45.336+00:00 | BftProcessorExecutor-QBFT-0 | INFO  | QbftBesuControllerBuilder | Imported #777 / 0 tx / 0 pending / 0 (0.0%) gas / (0xcf0f780feb5dd3a804b087112fd1e6f6daa8988ffc861a3beb2fa7e34ea75127)
2026-10-07 10:48:47.271+00:00 | EthScheduler-Workers-0 | INFO  | PersistBlockTask | Block 778 (0xf157007b6d13865efcfb4997a47040b1c06d7064e979be7d2d5e52d3457118ee) is already imported
2026-10-07 10:48:47.271+00:00 | BftProcessorExecutor-QBFT-0 | INFO  | QbftBesuControllerBuilder | Imported #778 / 0 tx / 0 pending / 0 (0.0%) gas / (0xf157007b6d13865efcfb4997a47040b1c06d7064e979be7d2d5e52d3457118ee)
2026-10-07 10:48:49.352+00:00 | EthScheduler-Workers-0 | INFO  | PersistBlockTask | Block 779 (0xf9db6be6b68da007481353db42ec897b9ca7248557cc02f7c998ea458991b597) is already imported
2026-10-07 10:48:49.353+00:00 | BftProcessorExecutor-QBFT-0 | INFO  | QbftBesuControllerBuilder | Imported #779 / 0 tx / 0 pending / 0 (0.0%) gas / (0xf9db6be6b68da007481353db42ec897b9ca7248557cc02f7c998ea458991b597)
