tx_index,sender,rpc_node,tx_hash,nonce,submit_ts,confirm_ts,latency_s,block_number,gas_used,status,error
0,0x2299A058339dF95bd4De24EC1C162072270aEb4b,node00,caec3f3079f2f562075e3171126de5a6a61c673138cfd7bfbe138a4912293bdd,7,1791393951.2483006,1791393963.8166797,12.568379163742065,150,153626,confirmed,
1,0x8BA6a0F9744f9D39fa7afa7b855A2bFF98601075,node01,a73b6f19c7f845f704dbb9d7df8fc08fce81cbb12d6a82e9d7f4868950ba2e7a,5,1791393951.2599795,1791393967.0642352,15.804255723953247,151,153638,confirmed,
2,0x1a7d5794320780Fbb474A88265d3270370B34b98,node02,e2ac06e37c1f47d22c00863698b6c927e9145ecf1254846e9bd9591e4467754b,5,1791393951.2650588,1791393967.1567128,15.891654014587402,152,153618,confirmed,
3,0xB7cCf0F20DB6ae67204967c874d800f4d7792B8e,node03,8f4356c65b0487643d81c4eba6827fd1f8a316251236f187b3cafb4a8d2e538e,5,1791393951.2694833,1791393970.7024817,19.432998418807983,153,153638,confirmed,
4,0xcf7f017960f3a5d6Abe5dC5de086bb04045dd6D9,node04,e04f0e711df02fdace5d627f7cefbcfab695ceeefb314f974cf467f64c8d5b3c,5,1791393951.2760227,1791393973.747835,22.47181224822998,154,153638,confirmed,
5,0x435f3e6f30277838858Ab54f4BCc9914ce8b71Cd,node05,b2bd411deb3c5161419a979766103fb5491d1ff27c0168584dd94510736264bd,5,1791393951.2788012,1791393973.674443,22.395641803741455,155,153650,confirmed,
6,0x7B23FB3677376199e6b8d6B90b34A60c24ab8caB,node06,2728a87957c807c47b0557b373cc3395a1c414c1d77ba94bc81634ab0b7f5e49,5,1791393951.2806792,1791393976.8211877,25.54050850868225,156,153618,confirmed,
7,0x2Ae1bAA6ddA833740f0615Ee2353d4a4A22C878c,node07,e868cb28a6ee9a35b64489c7c3b61c45a85d888fd843c8c43a8da3b74ca6042d,5,1791393951.2828119,1791393979.0422914,27.759479522705078,157,153618,confirmed,
8,0x425E6E63219A5a627D394D49dc7925C200635068,node08,4b4da60b3ed1cad2598b30988999d117968fb35dd397093a0ef36e6b1cb2f5a9,5,1791393951.290779,1791393979.0342813,27.743502140045166,158,153650,confirmed,
9,0x98a7de73F947cf5Ab92072ba272d6E417C72Aae6,node09,ec8137f0c68742171f89e24ee57e39d6a1d1a572f19e384bada345d4d16fa56a,5,1791393951.2959142,1791393981.3685684,30.072654247283936,159,153650,confirmed,
10,0x4D2806435ec1E30eDAd9abe73fB6600d6d9D3da9,node10,c8244692ce6f13f9554c8534889f7df6f077aed69db9ac72bd9edda04fea14a9,5,1791393951.3059812,1791393954.3211682,3.0151870250701904,145,153638,confirmed,
11,0xf330BE48D412DaF8cF707B4E279C5B2247B53Bca,node11,294a05c61a558fb3464482da1dbb1cdaa04607b9665e531ea7a26ddfe2e5a3d3,5,1791393951.306865,1791393959.1808076,7.873942613601685,146,153638,confirmed,
12,0x7C929e00175ed8a7235Bf82fC0b7b0f194b3b38C,node12,99a51ddcaab77ad1071dad0794cb682a3a63475d4c63c61bfefe968ea4b3edce,5,1791393951.3129435,1791393959.2183044,7.90536093711853,147,153630,confirmed,
13,0x9ab09C5238a16c804352243F9E8702Ce09F1CB7c,node13,984f6041860600235143a39b6f3f3cf5c3fe16833d7f3ef5bf2474521cb7ed68,5,1791393951.3148997,1791393959.1683948,7.853495121002197,148,153618,confirmed,
14,0x7489344970c097B31403368Eba638387f4AC6158,node14,a7208bd922a4e32397605d27802b951ce2626c4c2f64eb2e705547f620969f32,5,1791393951.3205812,1791393964.0054705,12.684889316558838,149,153618,confirmed,
15,0x8Ead6E8E612dE7e7393c019BB93f2f7945dCCf10,node00,c8bb17f23ace6bbca667d0f753b0fa5831d2e10f11d6b12ea8cdf00b81188209,5,1791393951.3285706,1791393963.8814871,12.552916526794434,150,153630,confirmed,
16,0xbCD128155481Ea4DfB2f0150494214506a34DaCE,node01,7dcbc0ee7cf1f4553c668ba87466b52cd77076f98235d8dd87f57b8160f77a2b,5,1791393951.3408847,1791393967.085925,15.74504041671753,151,153606,confirmed,
17,0x3e99fD704366E5dC40e901dB4F2249D6CdB6695b,node02,96e4dc87127760dc29cf816f0c477497eadc3b16a00a6973e82ad58157a79d78,5,1791393951.3443546,1791393967.1114893,15.767134666442871,152,153630,confirmed,
18,0xb2b6F98CB3e974b5070a6c37cEd21123a181730A,node03,7a0ac66818e89579e3ea288313ba35a4fb2c84edf8b0d11fb0a122be1fdf2909,5,1791393951.347364,1791393970.6887314,19.341367483139038,153,153650,confirmed,
19,0xa1FdC49D6c7613dfF9c34E71a7Fc960782C8507b,node04,459128bef1246b7d14f9088dbe7c051300323deab9156d1165a2dde9b0c6169e,5,1791393951.3498003,1791393973.7703762,22.420575857162476,154,153638,confirmed,
20,0xfeE6325d9f4Eb56734fEdd23222f5AA2e3cEd5E1,node05,f29e1998c9921068915e6c3350215681a7978c8086a9a191bc72e4544171fd2b,5,1791393951.3519905,1791393973.8882802,22.53628969192505,155,153630,confirmed,
21,0x712aa738eC55b581f80ec068AdCb3278DEc6E1D5,node06,fd4fae6e4ece28289e82ee8608a597f7974522c9ffdb9cf1de8dfe738286c5fe,5,1791393951.355469,1791393976.8830297,25.527560710906982,156,153650,confirmed,
22,0x0B8120B1032AD40d8D9A4e1c2733e8716F889309,node07,82349e57cb04a6a286f2e57b5d6b6736578af3260dab9c8cef0076cd99f3f52a,5,1791393951.3583703,1791393979.0719395,27.713569164276123,157,153650,confirmed,
23,0xfD7e8540e37De4588F6e54E038A50D3Ad6bEC1Bd,node08,e502966468713f54477907f00d00f99e3b548398b3e0af9d3c4a003cd115944b,5,1791393951.3607438,1791393979.0221543,27.661410570144653,158,153650,confirmed,
24,0xeA74959804ffFE500Ec13d39B2179071f7c9DE50,node09,568cf18f962f4fbaa16a55aa98a533e0d8257fb964c031fe6edf86930bf5f405,5,1791393951.3632312,1791393981.431287,30.068055868148804,159,153638,confirmed,
25,0xA0Ba09c0824c7A83F1a87d748F379caDf2D9b8e7,node10,eee7f926f39c405e6f85291f4724cd84547c3476319b0fa22c2ba7c78021008c,5,1791393951.3676708,1791393954.3716242,3.003953456878662,145,153618,confirmed,
26,0x2e1E89d0c98827cE1f01f3407BB706e61C84D67c,node11,b1b11a5ff05c13b8bfd14a9364aa06c7cd0fe4cbbbb4d52b551f763615063705,5,1791393951.388128,1791393959.6956193,8.307491302490234,146,153650,confirmed,
27,0x4a31c18bbb51063C3Cc765D64ed1DF41F901d289,node12,dec051b9ccda39fd66f08758e214d2ffeab932ee9010e1078ee3b51c64286cd2,5,1791393951.3921604,1791393959.3664095,7.9742491245269775,147,153638,confirmed,
28,0x1723E1170D7def300E2B93E5EC59F359Bba04A11,node13,0c458e401a7be315a78b40f5b9616e1d1cf51998e809d21451d9068d610c0826,5,1791393951.394894,1791393959.3253822,7.930488348007202,148,153638,confirmed,
29,0xFA8350f4c07A350dB1a2e5F6E78B35d3C20d3069,node14,be012e9b6045e24ebf5845412636777fb10ed499021b8f9b1a3aa6155c4a8304,5,1791393951.3981779,1791393963.962024,12.563846111297607,149,153614,confirmed,
30,0x78b4d9f3aC42f16d7e076d3e09C628F5985B7471,node00,76760aa0424b23983450a0d143854c5c0a7606bd036ff6212585ebf27d2c0cf1,5,1791393951.4011004,1791393963.9815595,12.580459117889404,150,153630,confirmed,
31,0x48b4439225e3A0fa89B9d4abC31fe57773241310,node01,36a783ba0cfd7a2b9f1e36fcfa9287ae783c3071cc32c419186fb74d961b6448,5,1791393951.403931,1791393967.3068116,15.902880668640137,151,153626,confirmed,
32,0x8dd3E06B90f905c24c0aB4A1e2071A1d874c4458,node02,5337c44115adf47d8cc06f9d487e01c7d1607fbaa337d3cdeaa81977105ca8bf,5,1791393951.4091358,1791393967.3029888,15.893852949142456,152,153618,confirmed,
33,0xF1b7ae76EcC7bD49066aBaFE5BAe1862f13992C1,node03,339bd7ee0046d11bfdc734ba6833ec808baaa7d825d51c54c860a483a689817d,5,1791393951.412687,1791393970.7561913,19.343504190444946,153,153650,confirmed,
34,0x7D6A9BaE3074972637C03674371ed037089Ca1C2,node04,5a76f07d3d336ed916c99bebc43b369ff69011bad2e142f6a6a4ab8841e489e0,5,1791393951.4153502,1791393973.7811754,22.365825176239014,154,153650,confirmed,
35,0xA491608Be8b695049e13D087e7c66421f35a8C7E,node05,cffb2e453ac64f90b65528a61fc9660406fb2c412760448b2b74923d09655b7c,5,1791393951.4171586,1791393973.8999972,22.48283863067627,155,153650,confirmed,
36,0x5BEbE689cc875EC31fd2149151c71bCD3218737c,node06,1d07150957d702b141305730b84d37dbb220c3878c5bac7f5018bf9c113dfbe5,5,1791393951.4204965,1791393976.9195955,25.499099016189575,156,153650,confirmed,
37,0xEe6b406A43d016b4DdFDa301811dCe0Eb4b374e3,node07,494f82463ed188afe9515c399c544901c6065bef92eee789cde8234bfa6bb98e,5,1791393951.422927,1791393979.2379901,27.81506323814392,157,153618,confirmed,
38,0xcE02a02087a25daa974CA4439676A0F3A0fC2472,node08,f4e5a2b9b63a24434c62eb41746d4b00109496d8b93eb76cdc037ce219663875,5,1791393951.427901,1791393979.0298982,27.601997137069702,158,153650,confirmed,
39,0xA27dba7349400BEA66Db834aa57964D545686e63,node09,686bea94d29fec93529562b2064f96733780cb547806abaed462bcd2e84a4364,5,1791393951.4402902,1791393981.3791676,29.93887734413147,159,153650,confirmed,
40,0xD574200EDf97c231D1124901EB7C74e4edf8271D,node10,14f848dcfc8388b440239ea2fcba92cbf4e572e627b45f6cb0a7f61e611bc5d5,5,1791393951.441613,1791393954.4442894,3.002676486968994,145,153650,confirmed,
41,0xC7e4870270f274a248c25Be72436E4106805C7EB,node11,20f12540fd8bf64d7b4cadc355a0cbce835f6eca696bf21d43e3bf991f9bf4f3,5,1791393951.4455585,1791393959.4086797,7.963121175765991,146,153638,confirmed,
42,0x9Bd1e5c8BDB00916404ca9663fe5Aa4DFAbF5118,node12,16d52ab2f789ade14f5aabae09d989e2f6e85c5c723ad754d05f6e9f1c01d9f6,5,1791393951.449184,1791393959.7016716,8.252487659454346,147,153630,confirmed,
43,0xD51C64eF3F53206c092192502dE2B5203f6aE0eA,node13,59fedf4baa58cd6541f535bc11b795eb28cf3a3d6109ded94dc87f717e6948f9,5,1791393951.4514182,1791393959.4846559,8.03323769569397,148,153638,confirmed,
44,0xb08304993fEE91c7a1209501976dA992D0728a97,node14,b7b319950b484209047c2a148df526b4e5f7998829969e0da239a986b8edd9a7,5,1791393951.459988,1791393964.0797703,12.619782209396362,149,153650,confirmed,
45,0xc2A289414717FcA567b4E72efd4fEe9CcEdbf9fc,node00,448237b53d0ee6f4527930013d8d0521e6f99678469907b2d94f6d039ea61e7d,5,1791393951.4633753,1791393964.0086765,12.54530119895935,150,153650,confirmed,
46,0x76A21Ea6E5e65AC81c1d3451f63202A262115186,node01,202960283719b73b491009de640582c33ca1a1dd9780f9e45020d42a5ca904f9,5,1791393951.4659672,1791393967.3301256,15.864158391952515,151,153630,confirmed,
47,0x44EC8730E970d3DF745c40f0eA5cB0B06dA6E2a0,node02,418a1d3f1b9804c0c5dee85f19a9a1b32e18fc35991400ca1ed24792ea37d5b8,5,1791393951.4671113,1791393967.2903044,15.823193073272705,152,153638,confirmed,
48,0x09B9397926995493651049f255BDBa30bD011A92,node03,7f149a803352232883e73cee5123e5b8b9e8861ea6495c70b057bd46e3c0e13b,5,1791393951.4679759,1791393970.784901,19.316925048828125,153,153630,confirmed,
49,0x5e70c56619D13bbF7B71D3F7115791BC5Ed62302,node04,11cf22c266c65e26dc8cfe3426fee8615d55d7ce4868cc6b6b6e3ded5376639f,5,1791393951.4872048,1791393970.7436314,19.256426572799683,154,153650,confirmed,
50,0x7BA583924F26cab633DeEfB3CE6BDF48Ec7228f8,node05,c060d49f85314220404dc8e20ed162fa8efe828ddac5683640a463f4e88dacd6,5,1791393951.4914272,1791393973.8827288,22.39130163192749,155,153630,confirmed,
51,0xeD9F6bA71D98b49F3bc13d42CEbAf6625885aB82,node06,f5b92149dfdd371da0cdb8059fa7281c4b91c5924d7f9bf6dc0264335a67cba5,5,1791393951.4986053,1791393976.8382597,25.339654445648193,156,153630,confirmed,
52,0x65df2e2F75e75a1e8023A5530b0116b6aaE9ED7a,node07,21bb42df77f574c2a6ab7a5cc6b4165c9a48985bb66933969cc48e3714a17f4d,5,1791393951.5015867,1791393979.5674314,28.065844774246216,157,153630,confirmed,
53,0x009d4FAAc8D3b899C911866cb17A48C0396E2d89,node08,a6107e704cf6776061e75e05f6f69c07d4bd4f3a4d643708a496ed0891a6c24b,5,1791393951.5061264,1791393979.0832696,27.57714319229126,158,153630,confirmed,
54,0x39dDeAeb3dF33a933732EBc4afdf1a14a38691FF,node09,6f3f533eb1e92a7c5de628ece65ec2762b1cbd76aaf1a0aea74932a3af46be59,5,1791393951.509519,1791393981.553162,30.0436429977417,159,153618,confirmed,
55,0x9b7cEBcD31aeEf50C071bfb7f40Ba1cB33341656,node10,469a6eeb5bb983a567256952db6648c58036c067a55b2d714693ba971c405b3f,5,1791393951.5125036,1791393954.4746435,2.962139844894409,145,153638,confirmed,
56,0x04B3D69791eca179855988cE1e1ba5D2a7C9dcaE,node11,585e893c74220c9552e98ea56a7bb0d5156953a8c9d49271903267db3b92624e,5,1791393951.515302,1791393959.5810435,8.065741539001465,146,153606,confirmed,
57,0x437E17bac775BE87f1C295a25dd4AB8a57BBccfe,node12,334ef2287ccf201ddb5d3ea0d53dcdd649734d6b9510d7fe740254d9ad67f6a6,5,1791393951.5209184,1791393959.7096806,8.188762187957764,147,153650,confirmed,
58,0x54662657E39f964e8d1cC765DAEaEDAa94341184,node13,70c65a4cee35aae34fa96ed900ae73e378971193b6d59cd6bb517be319ee918a,5,1791393951.5244765,1791393959.4097598,7.8852832317352295,148,153638,confirmed,
59,0x2b62Fbf32b4572D08A7A004093d8bE5411233D3E,node14,ca845af5147d407462b0d76b5a95e8528c783f3df7a163f3f460ac3ea2a17096,5,1791393951.5283792,1791393964.17522,12.646840810775757,149,153650,confirmed,
60,0x39d8ebF5Fc339dB66140ccb11e1e24599359FEbC,node00,cc3066d8756e2cfc3ec17e67e09bd6b2e5d6214c2fada4504163cf9d8d3b1174,5,1791393951.5395093,1791393964.0329776,12.493468284606934,150,153626,confirmed,
61,0x9481fd677411F263081277370955A76F9A02feDA,node01,aa0c0308dbfa9b3e19189f506b7d2d1734c7817b10fb89176c4482e06e19812c,5,1791393951.549201,1791393967.276714,15.727513074874878,151,153606,confirmed,
62,0x231564F73D359A9fca567DB22F3Eac1541086db3,node02,0e9f6a3017c9179986910c3b2cd4536153bf8f7950915c1881bbc3499f263c04,5,1791393951.5522423,1791393967.3721378,15.819895505905151,152,153650,confirmed,
63,0x082D1025db4fD50776f4aB1Bb7F62492Db9418f4,node03,2747542669646a15007d0c1973f853249224a50342a9e5be096645d6beaf04a1,5,1791393951.554545,1791393970.76416,19.209614992141724,153,153618,confirmed,
64,0x26F221ac40286a2c96Ffd3f4eb3BF6BdfbAC83C4,node04,8213a86a74740eda3ab2679d4cde0d89730714dd6e35404513df9b47b65b957d,5,1791393951.557554,1791393970.7609236,19.203369617462158,154,153650,confirmed,
65,0xe1702Ea0bb723401Ac99F9395B0eF278f34A96dC,node05,b41a847b28d172a67c443e64cee6aa2bafafb6bc1da2c249bd815a53945718db,5,1791393951.5630977,1791393973.955827,22.39272928237915,155,153650,confirmed,
66,0xB2DCdF65Ba107fb4808a7A0495924Fd7207aE1A3,node06,066c45048beb82c0c16634ef67f66f342895ea42a6d4f68b723dd6125a1dd2b7,5,1791393951.5655227,1791393976.8649046,25.299381971359253,156,153606,confirmed,
67,0xFb5f05cE1220E1582f221BD6aaC0dCfFfD104A52,node07,09bb8b96b1b2e975384342207c795296ddfb3b450205bf4be1770e4434507fbe,5,1791393951.570811,1791393976.9255896,25.3547785282135,157,153650,confirmed,
68,0xC86850c5B3ca54a974feCd16F90Ad3727DECC2EC,node08,cf0d6cc9e22ec12dba6d470758f1160fc017acbe3c9770995a419b58242cd300,5,1791393951.5744174,1791393979.1049426,27.53052520751953,158,153618,confirmed,
69,0x658c483C50d7D38840314A1a86e1A1c3deD34578,node09,cf18f546e31538c392a4cc47bd9a6c8f06643a65f2be3b499d47fee1a855559a,5,1791393951.5771723,1791393981.4021068,29.824934482574463,159,153650,confirmed,
70,0xa657e4de3a898Bcfc9748cC42e98BeDFf8ce58b4,node10,a26923b6bed193a3c08f49ef2494fd4079a51ea51299555ac42b9443d60d14fd,5,1791393951.5796866,1791393954.499711,2.9200243949890137,145,153650,confirmed,
71,0xc54E4053c8476F18D2a794049Cf9fB54EfC63aF7,node11,cd17665f117bd39e5968d8237f8cd63039872729d035f325d0a4e4542c75767d,5,1791393951.5828803,1791393959.7873206,8.204440355300903,146,153638,confirmed,
72,0x51148dA46f349cc20F7A91Daa51e180Af60745dA,node12,6bedb3ffa4bff5bd9f83c8ec307838d10ff39a585e54691bd1484e401084287b,5,1791393951.5838754,1791393959.6860375,8.10216212272644,147,153638,confirmed,
73,0x6dA9f9427Fd9De56Caf89f04270aeD8a621678fF,node13,dd31d2beda44f6c1f52af7fb43609dc4d40a7b082e1007ff6d8021621841da95,5,1791393951.5867927,1791393959.7168467,8.130053997039795,148,153638,confirmed,
74,0x5Cea8EeEf48CD0e0B32BEff993d458549baFeA08,node14,e74145b6fd8ab23fb48072096cd599443c0fd15c40c69723e976f6dba7d6a7aa,5,1791393951.596577,1791393964.0720615,12.475484609603882,149,153618,confirmed,
75,0xd395DE142FaFE0276D35F60CCf2289b65ecDa2Db,node00,22ba007c5806b5f947fba0f43ba387e69d05793096b618304910130e8b4e0d52,5,1791393951.5988603,1791393964.183879,12.585018634796143,150,153606,confirmed,
76,0xf3D3aBbdceacf4E1892Fef81d354B55f191Fa7C6,node01,99b29772e4d7e56715e9cf4ea210e4a9ea854d56fb7c43baa4150c65e65383ec,5,1791393951.6025517,1791393967.48984,15.887288331985474,151,153630,confirmed,
77,0xf8e4c0A3b025Fd7b91ddcad82659dA47438E2FF9,node02,2d418178b9e79301f3c25dd3b60e1289d02509a3a3fb2b3a4982b550c09a60a3,5,1791393951.6053176,1791393967.364806,15.759488344192505,152,153650,confirmed,
78,0x771af368485A7918F7a957d301B96b892545A82e,node03,0c1e59a89c39242c03bea6b28a40867281499f44ab0764552fa19d9cd172a442,5,1791393951.6080205,1791393970.7793381,19.17131757736206,153,153618,confirmed,
79,0x0E33391a9D2A4A3Ef513Eda58E0a6E1FC7572757,node04,f5e2e14449bdc7eac9dcd756c8a039d68e069648bad5a65d01cd80c407fdf9ad,5,1791393951.6097212,1791393970.8757455,19.266024351119995,154,153618,confirmed,
80,0x740Eb899A10Ee6f46eFC244ee3B30eBE8D6b6d7E,node05,b19af3a338a6580e9640db6c03caea4b6831f3718da4f1b63b2431a6cd4a21f6,5,1791393951.6165247,1791393973.9419575,22.325432777404785,155,153626,confirmed,
81,0x3D9d3db49c8908286DE7c2d789d685A02589536E,node06,33851751f6f3031f0498b1dd75d034697ca79cdbc19f7f8c7ddd83460a85b982,5,1791393951.6202607,1791393976.946339,25.326078176498413,156,153638,confirmed,
82,0xa1873877E52037D45A4e0B3f2f35a8e50b6Db47e,node07,0b85019a3b8a77484b9e5f04059e3069b48e88f2d95b34e450088716bc8c8f1a,5,1791393951.6281364,1791393976.9230044,25.294867992401123,157,153630,confirmed,
83,0x630022dcA488bb49C04d6673092f03E64e73596a,node08,44d24ea3f5a39791d56bf1e565cbbc0c86c127e85c33c60a0f10c92ca65e7792,5,1791393951.6308296,1791393979.1112754,27.480445861816406,158,153618,confirmed,
84,0xdF10d58f7FA8490eAdd032294Bb84b0A0D52bF17,node09,8036210f486fefea3fb891a95070c2b4e68165d6085619f01322deeeef6770a9,5,1791393951.6343825,1791393981.406877,29.772494554519653,159,153606,confirmed,
85,0x3763b15BED5FFAee8d9EfC4Fac6f0b45832F4ea8,node10,13d687b2a10d77e984fd4773d121a129be291162bc91a9c6398ad24b091144b8,5,1791393951.6378202,1791393954.5265172,2.8886969089508057,145,153650,confirmed,
86,0xac8DbB8168e40Bd6c3D60F15eE6DeE9ee89C58eC,node11,f41a82bd68f05b792746b5d73e3f25e50393cf8784ec38afd20b1f0f349fb795,5,1791393951.6419914,1791393959.9409568,8.298965454101562,146,153650,confirmed,
87,0xcB4f6CdEC9D2C198dC170Cfb7F4a88ccA7879F6e,node12,7eca011d54ef08378712e72e6928975e4bc1bff2d38fdcf9ceec3284b58915b3,5,1791393951.647095,1791393960.221288,8.574193000793457,147,153630,confirmed,
88,0x5e1Cd397bBE7A470E42D3407bFCC41C31D28f52a,node13,54760de631eb86193d532328859050ad8243ef56a15875b0de20b0304f2ec83a,5,1791393951.6499317,1791393959.9148393,8.264907598495483,148,153606,confirmed,
89,0x9D6A02A7aEcf22EA91FE25ee1E1364f420381778,node14,e3feddf13bf209eba8ea8f35730baa185f3c066bd2fdf226e66437b0a6ea35f2,5,1791393951.651757,1791393964.3153555,12.663598537445068,149,153606,confirmed,
90,0xf0dC51824368D473f08691911632331eeFEA0c30,node00,ef55fb5d9d7db4f0c4efe0cb07c4383a8d613e77f945cbcc2826dd6e36080ec5,5,1791393951.6750405,1791393964.163007,12.487966537475586,150,153630,confirmed,
91,0x5c1Eb02d668F843c512c05Be48460eE8752dfB48,node01,e92b8b483b3e7887523112578d8f28fe9b32ae46bc0132a415356bc70c1557a5,5,1791393951.678044,1791393967.611241,15.933197021484375,151,153630,confirmed,
92,0x60025d9c396c8A4241Ac890bE0Af14126bF9d65e,node02,162d2b06ab7f1951d6ae2c8f28425e8689f4e40b2fee4b7aa448c6e24be7a2a6,5,1791393951.681279,1791393967.5422177,15.860938787460327,152,153618,confirmed,
93,0xAC1A9aF6D6e852472703d94d0dCbc16568BBC324,node03,12f1a25e8c0f6855a8d1e9e00a3af77b62a137ee8a0c8cce2230424af981bb42,5,1791393951.68897,1791393970.781774,19.092803955078125,153,153618,confirmed,
94,0x01ca015F19B7a975F730FD142B328Bb99f8af73d,node04,fe3195b206c3329184d9f5648761f1425f8f1e06f8c2a3b7110392de0daaa9c2,5,1791393951.6909332,1791393970.8245027,19.133569478988647,154,153638,confirmed,
95,0x9E3476989b35e875d4F6E0404dc0185c3Ff7A2d1,node05,1b26342d397154f30535196ce24e3f47854b982a445d5c36cea7a3f7c690e4ca,5,1791393951.6928911,1791393974.083806,22.390914916992188,155,153638,confirmed,
96,0x0613720ACa9439C2155E6766a3B79c55eFE3CEa3,node06,5dd72566831d48d303e6fa730ce43e09b8c3606a20fa629d89e372ecc633ed5a,5,1791393951.6958404,1791393977.1839056,25.488065242767334,156,153618,confirmed,
97,0xDc2DC7f17FC140cc34da169303b12e67dc8e17ed,node07,739f97ad51da3bd459b8e58e66e29826d763f4bb514136b3e840311ab6d607ca,5,1791393951.7084146,1791393976.9743817,25.26596713066101,157,153630,confirmed,
98,0xe6D33059DD316beAbE82E66278538753d35E3a94,node08,aa52b38fc004c80a9109fadd16e892e8ecba947611f157f782bafac8a318f707,5,1791393951.7110858,1791393979.1311238,27.420037984848022,158,153630,confirmed,
99,0xC2CA221224D73B3450A0d6E7FB233761c5522fe5,node09,16ae7a906df87136475c33e53556edd7433a5bc4eb15afca454a72325b58ea87,5,1791393951.7185655,1791393981.442559,29.72399353981018,159,153630,confirmed,
100,0x34F67b6B733cA85aD8e850BdC742a6Ac0D5d167f,node10,6c534fcae980d187a74e8c1f7db091e2f7c482fb178888fc52e7a7faa4229feb,5,1791393951.720832,1791393954.5413914,2.82055926322937,145,153630,confirmed,
101,0xa0d9F7b05E13C64F0a6075b952A5Adc4EB200D2F,node11,f5da60557a3b6283159db7783feb8a0afa6f0de116939dae7401152db0d13f64,5,1791393951.7222142,1791393960.0189598,8.296745538711548,146,153650,confirmed,
102,0x32462D5B8ad31dfBB270847e885A96c7D3B06478,node12,987f8bb6d26c069ccd81fe2d0515c75a5f2d5504b61a90461ace698895849376,5,1791393951.72609,1791393959.782551,8.056461095809937,147,153650,confirmed,
103,0x473cCb03825CE2aA53449F14994eF7010D5067d9,node13,78449546427372acbc73b739909e3f90f565d802538699026ff7c0d8ddae8534,5,1791393951.7307234,1791393959.9234767,8.192753314971924,148,153638,confirmed,
104,0x09F2ef25272C26d0d19A7Dbbb31B76FCd46a385E,node14,299938db47ec9f8154ac02b193d0f304a384f8167c3651d287a1e7f875aab5fb,5,1791393951.7336948,1791393964.1804717,12.446776866912842,149,153630,confirmed,
105,0x1737A364B33cb122294496530404ff6098870E85,node00,732e59d6306dc659f13492a6197cfc6f5992296a95fec230e332aab802dc7a6d,5,1791393951.7354486,1791393964.2255213,12.49007272720337,150,153638,confirmed,
106,0xF30233751d42c042fdf552fFC9C5EA0456f0d709,node01,16bfbc5e0bc8a00067dee1298b3aa9ae70499cec90aaa5f32bfd384fe4e85652,5,1791393951.7429376,1791393967.518401,15.775463342666626,151,153638,confirmed,
107,0x0329f2E0e165B164ca0515caeaD52bb07859A4aC,node02,438a5dfa08a57188a324288c7705dfb24a32074310356dc83416ba658fffd8c0,5,1791393951.74493,1791393967.7743464,16.02941632270813,152,153650,confirmed,
108,0xA1e47cA51AD997Bd520eaded54eeF3C862bb6f2E,node03,538f0553595000ba879b1bb9e451b586cdb54c0baa7d03e88c117ba70af117c4,5,1791393951.747841,1791393970.8335767,19.08573579788208,153,153650,confirmed,
109,0x4fc68baF4edE53b22899C0e93003e29E0E4E5fd6,node04,83fa2ed9e5ead0028d3eb39194af2f4b458868fc2dcabf532d5bd1a26124bfa8,5,1791393951.7497091,1791393970.8266387,19.076929569244385,154,153638,confirmed,
110,0x0Be927FFD7EE94ee0FF484c208Dc96A047dE5B99,node05,69d94235cead172ffbf6f311fe55b244a5da8ea737f89ba0df038d2012591820,5,1791393951.7529328,1791393974.0247552,22.271822452545166,155,153638,confirmed,
111,0x0A2acc27529eC7B4614703FE6780Ec5f260cB988,node06,ea4205b7954bfcb434a7285829bcca286b04661b39f4719b2bf1bf5025e1f15d,5,1791393951.7548995,1791393976.9024744,25.14757490158081,156,153650,confirmed,
112,0x0E26719eaBb1A9B271f62856cD7076D40e4F663A,node07,3c65ee03a942e2c67b6c8ce6e2b6a52a3bfb6a69031cb3b2851123014e5c7aeb,5,1791393951.7567227,1791393977.0084095,25.251686811447144,157,153618,confirmed,
113,0x63278f70795c67129bF135c371FF74acBa4F0b90,node08,9abd5fca939bddeb3bf73630f9617701f5700f9c7a4d6df57f318dac6686f4a4,5,1791393951.7580097,1791393979.0871537,27.32914400100708,158,153606,confirmed,
114,0xE668af293f00aAddc66Cf629C687EB60725d7cb9,node09,48d9e5dcc60a34138d906436db81259e899647df78badfd3ed31a90cc699ddc0,5,1791393951.7601082,1791393981.4846501,29.724541902542114,159,153618,confirmed,
115,0x378ad7A069c7921f0cC4a92d69B09c70255946ad,node10,3dcd0d206bca20f9cf7b6b803f6e79047ac4c2bf9523998b528f2d6c412f91e7,5,1791393951.7632403,1791393954.598557,2.8353166580200195,145,153650,confirmed,
116,0x90772503514888e2ca63d4BF83676ccdafaCe4C5,node11,81253e3eb602681dfbe24ab499dc34e8ee6ab264b373efce5cdc9ca0d6863b33,5,1791393951.77087,1791393954.6076524,2.836782455444336,146,153630,confirmed,
117,0xfA8CD8dCf49098B95B9f29723379E9Fa61727F88,node12,e8bf301ef1aeacfa02c480a5b93a0ffe903f294ea310f4ff48816473db4086f0,5,1791393951.7728357,1791393959.841325,8.06848931312561,147,153618,confirmed,
118,0x6094F53AB0a475Ac7A83A7e632A3bEfc09De3147,node13,04cdfcf8df7369de0aee2e25d014caadffb7905c1afa227328717beb3b0899d6,5,1791393951.7756233,1791393959.9717464,8.196123123168945,148,153630,confirmed,
119,0x27d7FeD61EB09DE5CCfD3f8541B06874eca3Aac0,node14,289c98170eb6913266cbdf7204fd7fef1fd3e0c9c3d43d70c948c98d8d595a7c,5,1791393951.7766507,1791393964.4237015,12.647050857543945,149,153650,confirmed,
120,0xC9D6B5A442A52C19316BAfcED8ba7b7d98ca0a12,node00,b41be7f6faf28660efc7165b92145c01b3a31d9e2494cdea45dbf97031f3163b,5,1791393951.7800617,1791393964.2353837,12.455322027206421,150,153630,confirmed,
121,0x85DFA2B1A1b764affd984977504a05e6A2409aA4,node01,12258ddae0c53441f9cf0f2d60b6eefe2fbfa1fb0bf1c15861ee563a10b3ccf0,5,1791393951.7824216,1791393967.5232723,15.740850687026978,151,153650,confirmed,
122,0xc1f5FC3fAc92F5a5601eb523f3006eDcf58B376D,node02,6dabf42bda5bef4ea1792df10d274c7b960f2a36a0a3be3d68c10de97c77ea33,5,1791393951.7847464,1791393968.1389043,16.3541579246521,152,153650,confirmed,
123,0xA03DD62D9071f9B42234508425130ef7551c8D69,node03,d055f41daac552a5d45df76a32d2db3895df31f2198499bafcf20c8c63c61d86,5,1791393951.7866051,1791393970.84348,19.056874990463257,153,153618,confirmed,
124,0xB9cf01E32c0EEe1583C354f32cA0C85adcC5edaA,node04,37fe33f2b35eee9b28d3e789fbd5c34c4e009217fbc5cdeaaa74613d20ad982c,5,1791393951.7898438,1791393970.8643377,19.074493885040283,154,153650,confirmed,
125,0xC0B46a507DC6A7Bc367EC62823fCF747A80129BC,node05,4d794f68a3a16ae0f3d3e7c75940134dc3406d7f71f4691dc8262d30b6e042eb,5,1791393951.796291,1791393974.1062016,22.309910535812378,155,153630,confirmed,
126,0xdeb16f75f05b8f66f83C88892167AD438C2304ce,node06,7596fcaf50456b1ff89ff868dd04544bdca29c0265eda738c756485f2dad1805,5,1791393951.7973442,1791393976.9300795,25.13273525238037,156,153618,confirmed,
127,0x437fc17eA45C772C6C32d73929dDdbAb1Fa7Fad4,node07,12102600dce069c8bc9779e78a3fd879cbb4d5d1c9757ecca3119a3c1ff564ee,5,1791393951.8066895,1791393976.9178288,25.11113929748535,157,153630,confirmed,
128,0x94a39c6Ef26DcDA2B5DA3b4255141268B8aFB699,node08,f7c10184ce705550ab4a69f381fe6ab39265b18a971fb25c628264dfe47ee31e,5,1791393951.8082557,1791393979.399233,27.590977430343628,158,153630,confirmed,
129,0xd05d912A37078F7111351Be0c7ca7053350D9043,node09,7730900a49ce844a4e75808ce7d70b30c4807dbcce2edb9c1d3ead5656ec394b,5,1791393951.810946,1791393981.602853,29.79190707206726,159,153626,confirmed,
130,0xC6539cfa250413BA2A30BAf10b0D854c17477c7F,node10,30adcbc8e3d3bc1c4a8036e87511f5f70863dad15e99018bd2825af821052838,5,1791393951.8135498,1791393954.6422987,2.828748941421509,145,153638,confirmed,
131,0x101bf7842a1474477c9B757C8a037BcB66D70748,node11,f7e328f67416763ffc6f800864596d563a3e8b5a35b1501faba599eda9ecc8f5,5,1791393951.815176,1791393954.6161826,2.801006555557251,146,153630,confirmed,
132,0xf69e71f787f2c588c6f67C614a916F65d2636E88,node12,a615e0afae94cde01d37a10e9e20fb15c752e12455583185d593dbafe78c4f42,5,1791393951.8186421,1791393959.961845,8.143202781677246,147,153618,confirmed,
133,0xa7ECCe612bcdC9F00bcE6697C97e3D2Fe6899c32,node13,308b66e340fc0ebe1fbc5b9185a8f2effb5493e72ff9ad5e12c622d1d8acfb60,5,1791393951.820124,1791393960.0990133,8.278889417648315,148,153650,confirmed,
134,0xd0085e1399603B074C5DB17bb24C2abACA757102,node14,3b01f221ce50bd022949bab83259018d599de2a900bc718324ed1c1c5656b52e,5,1791393951.8237205,1791393964.2824607,12.458740234375,149,153618,confirmed,
135,0x8165Fe35F38735a56fC64Ea7FB39eD7C02a5D626,node00,d77005e2ee8a5124961888c05376b4474e826de9a4c6654d00c9e03419617fb7,5,1791393951.8288689,1791393964.3205886,12.491719722747803,150,153650,confirmed,
136,0xDeBaD9a48e8f0EbD3cfE1e2C670fD0d6060979A7,node01,7c8e363cfee13a9e10eb777a74d5756706765eb252cd1cec792501fa7358a390,5,1791393951.8363333,1791393968.0814426,16.24510931968689,151,153630,confirmed,
137,0x3f5B73e1D8d04800423fCf816b2b829b37e0FbA3,node02,bdd4fa264c564656519019a38c7c5e4e88fc8e4e25afe846ecd2038309817b94,5,1791393951.8382955,1791393967.6208727,15.782577276229858,152,153630,confirmed,
138,0xC9B83350f8aD15eF55e99BFf4c63acEAe3Ad6509,node03,593902eed5d4964d601bc99327b69c905c1bf49312873600b02b637082b8773e,5,1791393951.8393738,1791393970.8542194,19.014845609664917,153,153618,confirmed,
139,0x9830fe80Ef1B9B8d6D90F47E76ED4EE938439D9a,node04,0d3aa370218f6cea2f59c3186c3b8089608623b0bdfb35ea2451f7d68c62ec1f,5,1791393951.8419983,1791393970.9126494,19.070651054382324,154,153630,confirmed,
140,0x5a917d390531579F422b5b9FAdA50CA5d4CB9f1e,node05,78c0fdd85bc16ffe676952c5927daac31c8792c24c2c39d4abf58fac36bb43a8,5,1791393951.8516762,1791393974.2356076,22.383931398391724,155,153650,confirmed,
141,0x45f5aA50E281616aD78EFC992EAc2c6aAe2A6e21,node06,a77f9273f4af6d50c2f60a99f9fc3198e33639f73ae2df413db9f75754b443db,5,1791393951.854784,1791393977.2899585,25.435174465179443,156,153650,confirmed,
142,0x664d78c14fADAFa217F2A1d38474F8c6B0aD99F0,node07,fc7500106a41877bad49a7f67b9ae69dfb4ba4583fcba6480ad7e60884e06084,5,1791393951.859117,1791393977.0757527,25.216635704040527,157,153630,confirmed,
143,0x9D5B38977651a4C63c20D16C6096440cE2d9D335,node08,fa1a8df6517940843c83f9d0529de10c4288512a3b3eb5a4f6085d7841c2d32e,5,1791393951.8623092,1791393979.17363,27.311320781707764,158,153650,confirmed,
144,0xAEa27B06b268dc9C421a4011fb7fa14f2bbCAA88,node09,4dbf991f659640bab5bd5efa46d8267a6dd84c7890e9418a47c57ea634e0a32c,5,1791393951.8644729,1791393981.519125,29.65465211868286,159,153626,confirmed,
145,0xf694B5F330db998D94c6a05ED744d75921D237eE,node10,068e7af38e30dadcdfb418f22b610ab422ed45b9068a4aa9b3557c4674bf5cad,5,1791393951.8677492,1791393954.6448703,2.777121067047119,145,153630,confirmed,
146,0x6b37C0753bBafCF7d307f7b6fD5e990515F1FD48,node11,57171739feabdac127e18cbaba38864eb85a30c0c436e2a1345e908e56f24de4,5,1791393951.870431,1791393954.721982,2.851551055908203,146,153638,confirmed,
147,0xc92f092F9Dd8d6d2ff7252Fa2CEFAcD898693aed,node12,d17be2f25880728bb7bba808dc96ce908b4ac75c7895c22520bab770c54cb485,5,1791393951.872213,1791393959.991859,8.119646072387695,147,153618,confirmed,
148,0x5c18571378d1A74427D4Ac92d4E9012Af5D10601,node13,70d203e7a5de618415c80538a2fdbceb92af970ff00969a4bd6b0847aa323dec,5,1791393951.8746336,1791393960.0520673,8.177433729171753,148,153618,confirmed,
149,0xB3478FDE2c6de4Cbb3A9F0775116c03508408Df2,node14,93d8fd69aab537cb920cc1f17fe288f8942d4c9a4d275fbb34955efd39e0c07e,5,1791393951.8771424,1791393964.4871645,12.610022068023682,149,153626,confirmed,
150,0xBd8c8b61745Db7513320B5f677723f4db9CBE399,node00,eba23628905c96a2e9c570b0530288c85e9ae73fcf18b324989ca13b75567f0f,5,1791393951.8872197,1791393964.3821023,12.494882583618164,150,153650,confirmed,
151,0x5793C73E0a00853E149fD886b491E11dE43ACdf7,node01,e4626acc4880bdac587405a32318e14c60f0b759c1cc45abed9cedbd64aa541e,5,1791393951.8885584,1791393967.8244567,15.935898303985596,151,153618,confirmed,
152,0x2f6be63883C427b6B76D682fde248cEaDa560B02,node02,a2e734a33d07adb78ceb40eb10b71cace35744266cad2c401b46e29339cb90b3,5,1791393951.8935938,1791393967.8388348,15.94524097442627,152,153626,confirmed,
153,0x2D7F24296447FBD0Dc3E3006eB363fd756D272B5,node03,7bb3f19908c91ee63516202ebd0ae285782f501de9d6dc232e14f9ceddbc8891,5,1791393951.895943,1791393970.9654675,19.06952452659607,153,153630,confirmed,
154,0x3E1460e1d30627A48382A0b0ab24D5689F6146A6,node04,253ee828d07e0091f88a91592f4e23a59703f3c557d6f23d7d06b118349c2808,5,1791393951.8987424,1791393970.8830104,18.984267950057983,154,153638,confirmed,
155,0xA50CCc123b4F9426476fa3eF5bB832108Bec71eF,node05,e17b71bab7333486bf59f30df98efaf64ca17f3a0bdafcf9aff0d904fa3f4bbd,5,1791393951.9017498,1791393974.0429394,22.141189575195312,155,153630,confirmed,
156,0xCD10B9ea54ffF5C6f977330819c4fF8Ae38d2ABF,node06,a746490f2c4f0374b84950378133e9ee9173e1958c4b4696fffe9169968ffc5f,5,1791393951.90267,1791393976.9909863,25.088316440582275,156,153630,confirmed,
157,0x5434637c9b9765701723E7364De70bdc03ce518c,node07,f3eab8232fc4a294d5fe1e946fc4c1122b54b6c4f3d449292ace56d3ce2c92d1,5,1791393951.904704,1791393977.1985142,25.29381012916565,157,153638,confirmed,
158,0x79dDF58e3944Db8eb347cA2DfA5f5ffdFcEFcD21,node08,32f721817aa4c86c275172c77d622e7750b26e64b5710ef4b89e3bc0505e011e,5,1791393951.9057424,1791393979.128902,27.223159551620483,158,153618,confirmed,
159,0xddd03903957Cf7CEE1D44Ffa5f18e029A33c4236,node09,8efb4aa71d603ca6244e48b4b7ab5b0c77ee0d887a909346ae155d31f2a0c446,5,1791393951.9080489,1791393981.4885855,29.580536603927612,159,153638,confirmed,
160,0xEb82108dfC4656E41756FCb33C842434FB1F0ad2,node10,2f0a1d9aa5cf916f4bb05f2c3e97d4919358a9c70b5413243a5910bbac09e13b,5,1791393951.93655,1791393954.6603868,2.723836898803711,145,153630,confirmed,
161,0x99Edb68785d152200553a59D4d446F99Ff682183,node11,f074d148fd933502f9116868bf1d67f8bc2ee0814806240706c982abf4802ce3,5,1791393951.939323,1791393954.7093077,2.769984722137451,146,153650,confirmed,
162,0x6FcaeB260025Fbd53ED2C74910B8a3f238E26876,node12,3fe7d83acd6dcd52bfb3ffc35a0ed5cd0d5ce38cdbbf19a29d36690318e39e84,5,1791393951.9440968,1791393960.1744983,8.230401515960693,147,153650,confirmed,
163,0xb896cb4EE6905Ae217898A8d4fBAdB21150Ecc80,node13,e17a035be525473983d70ddb67c80b4b1f65207bb50765caa0a3c31ec7e3b9d1,5,1791393951.948259,1791393960.1662054,8.217946290969849,148,153630,confirmed,
164,0xCBb4Aa4F9bd457bB7F8C354367C345cBE74977aF,node14,9e8a8a14cae7b5b085dab35034cf576dc9cfddb0c72083f20e5dc43295d75a76,5,1791393951.9493105,1791393964.41949,12.470179557800293,149,153650,confirmed,
165,0x2D8ACA13B0c43293c4137fB735A25A0457af6c76,node00,f7ae943717229b876c6d78da0c45dc2544304f4ad1753ae5d1f1266c2332b103,5,1791393951.952389,1791393964.4572272,12.504838228225708,150,153650,confirmed,
166,0xb72fF8914352B3f1630b0471487d6f8800fAf007,node01,f56821a54dd6e0b1aa2069bbfd81252ea97d14738a44d24252e4b6578022ad8c,5,1791393951.956304,1791393968.1956403,16.239336252212524,151,153650,confirmed,
167,0x8D20c0c8E68cD9Eec4030Ae689EB275b577fDaa5,node02,e706239f3ddf23f8867fb83c324a03468258c72d18032821b63c615cf6939580,5,1791393951.9591315,1791393967.8130379,15.853906393051147,152,153638,confirmed,
168,0x0442eC3f5411628B9f9Fb213e08C65cF481ffF7E,node03,b435f902c0558c371d87201756794fd3de484147a0e1889ca86e52f7d80afad1,5,1791393951.9627833,1791393971.0392275,19.076444149017334,153,153650,confirmed,
169,0xF91385B05B8dBE20321C084479A626E28974bAe8,node04,59ad31e3c92b1bf859fe79b7573d3a00fe25248d9db0031ed900280579c955cd,5,1791393951.9651852,1791393970.9725792,19.007394075393677,154,153630,confirmed,
170,0xb4c0F347d35401C07829bFFB27b208Fc5D7DAfc2,node05,7b08a4c37154d27c5dd0fbb8bb4d46533edec8f05a2940207e345b695e7995f2,5,1791393951.9675786,1791393974.2119327,22.244354009628296,155,153638,confirmed,
171,0xBa234522e7D7Bc0D71CD4252A8bcD98e3a32befe,node06,352ba3f0eff45b56b571cfa3d7939094298a7ccfbbde83bdd817de5b9f4ad9f0,5,1791393951.970926,1791393977.3904927,25.41956663131714,156,153630,confirmed,
172,0xe59De83B5d137d9E679575f3110fF076188d5249,node07,bf2b70841a3b13ae6b94e38b4edfda16c3c65acaebf78e7f4d44861f60efe209,5,1791393951.975655,1791393977.053307,25.077651977539062,157,153606,confirmed,
173,0xDCc2c4621338615E4816Ddc1fB0937E83C94B445,node08,e0a9209cea32cfa542f999dcdaa0670e5195e0df59c5fc3611950d1296c942e7,5,1791393951.9773533,1791393979.124163,27.146809577941895,158,153630,confirmed,
174,0x2ffB7616796CC2684E5FD2AfBD1Bf12aeCb9E695,node09,cd535f4eb2feef952d8bf2c8b653c3b57c53100e6583bbba32507125ead0aa50,5,1791393951.9814892,1791393981.421843,29.440353870391846,159,153650,confirmed,
175,0x9ADAA6979cAD67e77140fAD958d6BE8ee94Dd200,node10,f687e39f60c50a337feadd9eaa619752467f34b08d28dccc00c1666a868ed3a5,5,1791393951.9837112,1791393982.9591837,30.975472450256348,160,153630,confirmed,
176,0xeDE0A159870556c6AD95b8ce88504a22ca3149FC,node11,13b94229bcbc853648a2dee577b60cc524b9c50bb596058b38d671a73c9c2ff3,5,1791393951.9936323,1791393954.760454,2.7668216228485107,146,153650,confirmed,
177,0xc09AFcb35cBeb04D91D8c254f1db5B920fF72AD9,node12,d12a232fa63c09152d0f2ee81edaa904a8eeef11e6f052001bf7ecf94b01dd47,5,1791393951.9959433,1791393960.1562035,8.160260200500488,147,153618,confirmed,
178,0xDcf2048F1912fbE68E9B81429cA2C6798a8aA25F,node13,2e77603faf3819ffacc7234603fa7fe230e44c4ef7d7a2a0cf468be822d8edb8,5,1791393951.9988801,1791393960.2817178,8.282837629318237,148,153650,confirmed,
179,0x381bB6a06d989F14b2F2A1Dd6F9eE2E3C68E2aB8,node14,5e2a9bbfe657990a6ccd6641d70f2104216f5b961c7a66e147c34f43d9d33f8c,5,1791393952.001497,1791393964.372684,12.371186971664429,149,153630,confirmed,
180,0xBeA1bC96C1C8c90B8CFd8d528e71C36078d5AD22,node00,d9a7467c0846cf41e37306a1d964a4e4a07126aa0050f534dcd0b4a948c43e54,5,1791393952.003153,1791393964.4684463,12.465293169021606,150,153630,confirmed,
181,0x4e6425C02610036f2ba4eE4a8a760dA69b09174F,node01,6c743f9cc3781e10d657ffd0adf395982346bc8c08413735aced00a2bb79024e,5,1791393952.005674,1791393967.9147258,15.909051895141602,151,153618,confirmed,
182,0x21cdFb9c17D6aCCd1770a229E360A6276882a0e3,node02,e490661b2b9f62cfd5c993973fdfd6d3062a61337918dbd6db87500165d5de45,5,1791393952.0081787,1791393968.2362263,16.228047609329224,152,153618,confirmed,
183,0xF971073bEc672332Ab2FFB738c1E0c503c6F1C71,node03,c3b27dc6362d8a0235b5677b9685665f39d0675905a7881df89e1ef660f41e41,5,1791393952.010332,1791393971.2856283,19.275296211242676,153,153606,confirmed,
184,0x6c8c6533C02A62cf243a05ec0706b41AC930d54f,node04,d2a81dc7e21a0a37cd0446fdabb609e2e143d731262bcc89f1e33fd2f62b7fbe,5,1791393952.0120747,1791393970.9699688,18.95789408683777,154,153618,confirmed,
185,0xFE0dbF2Cff49b69A619919589F78cEFc80322f00,node05,de70a0a6c48ba00df1f21c97e3f15434f39f7b8c4170ec6b6c9f0cfe44447a71,5,1791393952.0150864,1791393974.2383509,22.223264455795288,155,153650,confirmed,
186,0x1f6674116707Fc39401e361f61EC3Ec66E6177e4,node06,8277a533ea049afc9052435f925c8ccf9a2bea8e4dec7e75e1b4d44db0cfba09,5,1791393952.0179396,1791393977.039992,25.022052526474,156,153630,confirmed,
187,0x786f505877Bf68B83632Ea353dA1915bb5b8aC9c,node07,4c1178c5781820a921f8bd5c491d69843415b05e847bafbd866b5177d6e8b0a7,5,1791393952.0241687,1791393977.36702,25.342851161956787,157,153650,confirmed,
188,0x2D4594E3713B79c03eD27dd2002308a6754c6289,node08,ebb97ca9ed7695d09078ee26a081b2365ea621eb3e6042c22481d8ef124212f5,5,1791393952.0266018,1791393979.1901627,27.16356086730957,158,153650,confirmed,
189,0xA4efa2D2654701c0a8B577DBaf607EC2Dd22AC7c,node09,b3f5fdf0541a108c20bed2bc4d2482f742ee84d31b5870adcc9d51b23a6999c7,5,1791393952.0286846,1791393981.4574406,29.42875599861145,159,153618,confirmed,
190,0x4dB56F774a48c54365d22d81F27E0cFAf33c1536,node10,6d472e74779813d4526bc054de1e9ffce8c3cd5f9fa63322b69394ee6536327d,5,1791393952.0335588,1791393983.0574462,31.023887395858765,160,153650,confirmed,
191,0x276CE75b6c869fCB4F767957E7acDDD8202c5F6A,node11,1b2bffbea1778346bfff586ff1642f260e6eeb79f1e035f11629c5d8545ac5b3,5,1791393952.0349352,1791393954.8131046,2.7781693935394287,146,153630,confirmed,
192,0xaDC306D64681840C10a6C85d80ccfbEf5F08dfA7,node12,ab7bd586d1b91ff1d375b5b63bb0948166f48e358f13cf8993bd97770f8b02e5,4,1791393952.0373144,1791393960.5795972,8.542282819747925,147,153618,confirmed,
193,0x37e1AB5006cC8af117bFF6b3eACE6DD6e0892074,node13,64b103d10d1cf780460241b1387052e6f7d6f8211c0cd59d35400854a6f10ee6,4,1791393952.0388677,1791393960.2913601,8.252492427825928,148,153618,confirmed,
194,0xe9e58dC226BA5FBEcFe68F023E1401Cda05c4b44,node14,85bcdcd51a03724eadb228a56c9c96f2d292d26ccf0432fb6ff69c06b432ba9b,4,1791393952.0405998,1791393964.6073139,12.56671404838562,149,153630,confirmed,
195,0x5FD8227a4DC75d50daAe5c25a06001dD3A006ea4,node00,cbef2452a7ee208017f8afc27ca784b63caebd172d6f02b1a5bf3d759de89c74,4,1791393952.0462303,1791393964.49168,12.445449590682983,150,153638,confirmed,
196,0x095b67d2c56745973aEAF554d4F28E43bDE4A9C8,node01,2f1c5f1b882b9a57b49ff91f37ddbd7dfc61aa745eb53139be3a29e11f574a55,4,1791393952.048416,1791393967.984083,15.935667037963867,151,153650,confirmed,
197,0x04a38876eCE946bc12e30Ea96e8406aa2D1A48b9,node02,aa15cbb5bfca55f0092f7c941bf51e26f34fae0c04714f0e1c288710c16ef812,4,1791393952.0502799,1791393968.104656,16.054376125335693,152,153630,confirmed,
198,0xBEc569bd31f0D5E20FeF689Ec6872025fBdc43E3,node03,3e2d88813e232b354f4a991fe47721d0219dde9577fd02b6ea70790625036a1d,4,1791393952.0525746,1791393970.9246843,18.87210965156555,153,153618,confirmed,
199,0x8322df572453ECbf90169b52C5D44A3e9Fb40454,node04,7f2f615443f4929bc3d960fee289b71a609f36ceb5190c80a4885beef90ade7a,4,1791393952.0539556,1791393971.2408464,19.186890840530396,154,153606,confirmed,
200,0x6872f18C4580C8ED9886A5046f0Fa57B67C8331B,node05,837f3f8cba9936eaa3d9bfb586b8269e48faa2f49ea00b3a436607b57b020feb,4,1791393952.0558035,1791393974.7126858,22.656882286071777,155,153650,confirmed,
201,0x9664BD1c0B021e866aF3Ead6C3801DA6f18Ae91A,node06,e9e0fea76c0deec8564587bab7e5768425f52f7d10fb703fa7073946b5f38e5f,4,1791393952.0606341,1791393977.4665136,25.405879497528076,156,153650,confirmed,
202,0x1057c340B315dbfB2b7350d2d06a1E4D67012c10,node07,c4533b0a1b49e1c22c6724d81510f68269a7c66a56f2805f253e8eb62f4c550b,4,1791393952.0718548,1791393977.3221807,25.250325918197632,157,153650,confirmed,
203,0x5223D65ba0Afe412857E85385621f98658f9dF62,node08,86e1c27893658dfac45da4aa38d43e03100dc0f20641aa7e4f3654e78a46cc93,4,1791393952.0746877,1791393979.236312,27.16162419319153,158,153650,confirmed,
204,0xDDadEfE894f5D7DC8F56CF6f988bF3f6937eB4F4,node09,22489cf3a1aca0adf8a624513742e690ffe16e4d0d3ff1131423a78a021fd040,4,1791393952.0766318,1791393981.513226,29.436594247817993,159,153618,confirmed,
205,0x0ab134a7eF4b9Ff4ff32c944069973D2481B0b06,node10,1a8b01350f06f8a5e99019d3df01e9f56ebdbec0fd9ea604bf09a44472f11191,4,1791393952.0778568,1791393982.9801462,30.902289390563965,160,153618,confirmed,
206,0x5367fCb95490192d8Dc3e2d821fc3CdF360E2Fad,node11,3ba8091fbbb7e830558c681bf8ae2ece2bbf232aa3a3b577ff041262b4e01177,4,1791393952.0796232,1791393954.805844,2.7262208461761475,146,153626,confirmed,
207,0x96c777ACAcFc01AdA19c7A283Ed8ece6D141BF43,node12,7bb9c8ed0c53981f915ec466dbdc301f9849c695f751181d2bfae6997190e898,4,1791393952.0813468,1791393960.5022545,8.420907735824585,147,153594,confirmed,
208,0xA1C547e7Bc4ca290508F0027843a62360EddF40D,node13,3d39e852bea67c5aced4e1957a6591d64ec14a676c3802021818cd7d03eab857,4,1791393952.0839992,1791393960.4112148,8.327215671539307,148,153630,confirmed,
209,0xE13307941994A595803B8Ea67c02AD9c952Fe023,node14,46a3926e42f0b4d173fd2486b083afdf5362559466fded49f780e4cfc11befd3,4,1791393952.0851514,1791393964.609878,12.524726629257202,149,153650,confirmed,
210,0xDb65eabf32c3D904599CB7dcc5014a5A6f1BDE23,node00,41bb184516e7b726d59581fba1f4e20a9db9e0e6b852e1086db290cc5164d504,4,1791393952.0871673,1791393964.7132478,12.626080513000488,150,153630,confirmed,
211,0xAcF463AeDC8B779874699916A625b8393248d143,node01,23fbcaaf59e7896b38b8d7ef431fb6ce3e67a0292e1e9939aa0eefe013bf28d9,4,1791393952.0913656,1791393968.277225,16.185859441757202,151,153630,confirmed,
212,0x478225984224fEceB154FfDe5194fc7491e9979C,node02,c867f8ee9de86a597405c06699ace85ed544c36ede0899229506cf35462137db,4,1791393952.0930681,1791393968.0320883,15.939020156860352,152,153650,confirmed,
213,0xC897912533BC691A880236935792b378522555B5,node03,f32ac7233ecbac00a1ffbb3923543ed3a0dedfd513ac03c1a4ff0f33dcc23e63,4,1791393952.0947144,1791393971.0752976,18.98058319091797,153,153638,confirmed,
214,0x3C92D9b8a0C76a78D4B9f657acBa161B981BAcd1,node04,cb84791103da92b19e19204881d6896c4d3b5f8aa13a8f01a1584d4777d5534e,4,1791393952.096916,1791393971.008842,18.91192603111267,154,153630,confirmed,
215,0xfB6Fd7193F8c3Bbb9C29e7c790150c721d2aE96A,node05,490d743c03566b6233c76f0daa282fbbdd18850505b0eab2d14b7838055d7903,4,1791393952.098421,1791393974.37399,22.275568962097168,155,153618,confirmed,
216,0xa124c561333C806b4c9ae64c04bf94d6459d6736,node06,a3709ab1c97d0c4eeaf3c93c730381261e1338e548a5afd31321af503b5bb8de,4,1791393952.1006556,1791393977.3444889,25.243833303451538,156,153650,confirmed,
217,0xaC2C972d31Fc12a6Dd942d4015F706e5441801e8,node07,4913c7bab3520b82a40a23aea068d030fb416101c6b455d707759ccf75fe220a,4,1791393952.102619,1791393977.0365562,24.933937311172485,157,153630,confirmed,
218,0xA21E6bd1b0d07dc323d860ffaE45596ABf412076,node08,69fe5897ea245a88371301f886ec3f0a09452c5ef136c2c0e28b0b807fa244a4,4,1791393952.1042728,1791393979.1991615,27.09488868713379,158,153650,confirmed,
219,0xE9dbee8Fb8AdfE9edE262c7BcA2D3349b2dE33eb,node09,9e431d39beab1575794bdc9be3f9cd192c0d290968c459a6ad584d5d037f9a59,4,1791393952.1075509,1791393981.623505,29.51595425605774,159,153630,confirmed,
220,0x149F6B7c78e7528e6d2958B1D948db2218578455,node10,0ff77f4ef457c731192b3b182fd5fd9a4196447e883ca8f92f0550e0f58a3939,4,1791393952.1089706,1791393983.0008554,30.891884803771973,160,153630,confirmed,
221,0xd82CaE93D5e10260cCf455ccCce0fb9b52b78Af3,node11,fbed4f9eb6f832a4c67650a0a64e67597bb18412f063026b0f83ba3bd70e45a4,4,1791393952.1126502,1791393954.8862996,2.7736494541168213,146,153618,confirmed,
222,0x39F7F4F8088262Be8a295C5D39A885Fe14aE27c0,node12,2a39bb9798b8c2eb2a9d32aebf8e6be2dd72149473512e28fea411e861f556a9,4,1791393952.1157963,1791393960.6023092,8.486512899398804,147,153618,confirmed,
223,0xfb1DE686CF6C96262B5d6A38bECdB2D6c17990D6,node13,2b3c370c712658baf831d8f98ec019a75b74338a94a90e47781908d769cba24b,4,1791393952.1170034,1791393960.393281,8.276277542114258,148,153626,confirmed,
224,0xc0089f1168C98222bB8e5B8DE7498c6bbbB399e0,node14,9b6167d8160203592ede99290f69d2cae131068a24e2f3e3a69e0cbcd6ad2342,4,1791393952.120193,1791393964.6985927,12.578399658203125,149,153618,confirmed,
225,0x9cd9D15c3d04Cc216e69BB0E6C1Bfbd311b33793,node00,1c12deaf32ad5dc629d2cd5ebab0b0d3fed8981fb79d1b7f13c73fb907db6b04,4,1791393952.1213987,1791393964.6086302,12.487231492996216,150,153618,confirmed,
226,0x84F7a2Ea4074A8423bf73ce1cAC43BB8FcdbAC36,node01,1c6d67639bc86369f85dc88f0726ceb43338ef47a38a2ecea9e530043f3cb384,4,1791393952.1233835,1791393968.016609,15.89322543144226,151,153626,confirmed,
227,0x159ecd6F298Fc4Be180Aae9B7758350613C93843,node02,fa10aa70490d1c1c432839a4b19e216782f946cd0fda9ce2c8e0df9ce056da67,4,1791393952.125924,1791393968.3063803,16.180456161499023,152,153618,confirmed,
228,0x594459147B3837A38f4aE7E2DDE1D976B493F57E,node03,bb7761812ac30ca505e246da4737922b71d669a6def2ec2e84b243bd4b760d08,4,1791393952.1285179,1791393971.2715347,19.143016815185547,153,153618,confirmed,
229,0xe1d3cf5E2b2e07847CA4c98faA029f0673433360,node04,a5231b488b7d0fab8c66f39eeeff793dba65fb27aba7a06adbb3cdfa150e6cea,4,1791393952.1304142,1791393970.9858813,18.855467081069946,154,153650,confirmed,
230,0x1d2c3a2Cb8C6e42deafd1C6C2B06c473F2b0FAcE,node05,1a2a1bb3bb6cd6102ebe42648a7c6651459cd429662f75b3c33e8fc96fb4c449,4,1791393952.1342242,1791393974.6506102,22.516386032104492,155,153630,confirmed,
231,0x437aA4527A7D1681a0fDED3d6eAFDd421Cec566B,node06,8b5e7e5880e192de436e929415dc41c0834719849cd4a95681150fe53b366a4c,4,1791393952.13559,1791393977.2252302,25.089640140533447,156,153630,confirmed,
232,0xAD1dBF9E84C03D173236f4c393494EBd381410D0,node07,8cdab2a1bbdb87b225f46dfad72977d3aeeb89721132a11d9120e78041ed6140,4,1791393952.1371975,1791393977.2080731,25.070875644683838,157,153638,confirmed,
233,0x5dC8AE8493e670a6806dA0d0225d00e94b0a893a,node08,b5d95a6833a1b38fe91520b1aab6c00b647c8a9fcf5a9bb60f0c3d382fae2dcd,4,1791393952.1408062,1791393979.2624683,27.121662139892578,158,153650,confirmed,
234,0x922521a33eb5Cc4571f3F622D5caBaCdaE968F5f,node09,4891f039effa33e473db971005695fceabdd75aacad918fe5d64638c41a2e73c,4,1791393952.1433616,1791393981.7236378,29.580276250839233,159,153618,confirmed,
235,0x975642E8e717a1A2aF2FF86B6BA49D5DAda695aE,node10,31e476dd9b05b52ba710ecc40bb2cc71cb894901bfab342beb119f5201324bc1,4,1791393952.1491184,1791393983.1098855,30.960767030715942,160,153630,confirmed,
236,0xEC441cE38E09B2C6D2C0e895008283E7C577149D,node11,9eabc1802930b74f7b4c9b86a00790d9b5ef75591f23ff5c81279f37fe8b2fc8,4,1791393952.1513808,1791393955.2774732,3.1260924339294434,146,153650,confirmed,
237,0xa499cF1a204D2cE5560B99D74411dC10ac1Bb6e6,node12,9182e9ebf4c1bdb2191ef56ae81aaf3500256c92a8fa49d6ffb9298aec7ae5e4,4,1791393952.1765466,1791393960.5917614,8.415214776992798,147,153630,confirmed,
238,0x9Ad046410C2164a31c3dd6577f7217d68115d75a,node13,0ea5512f3aeecd9b50142a4fd8b71cb4130c4ce7a39bd61d84c8c4451e146115,4,1791393952.1791298,1791393960.5942729,8.415143013000488,148,153618,confirmed,
239,0x3533B5197f39C6BBfA8d63b14428A640dD2a4cb3,node14,489de40ff5a099ab05c8e3d742371a0927460bbfd850346cc09f22d0e76f2f90,4,1791393952.1821017,1791393964.693199,12.511097192764282,149,153630,confirmed,
240,0x5bCd985337C1300Ec3B2A22329AD403B8bA64D39,node00,6fe24b9e86428c4d054d0f48b331606f2115261a0f8da61ba25e1b1edd2b95c9,4,1791393952.182873,1791393964.7405567,12.55768370628357,150,153606,confirmed,
241,0xD712938ECfD1D4C2079295f06D821b7eeAf99401,node01,0f937e90eee777a2524789971f6449087a1dd4a21ca8ca5de7b368ef4c6ce3d6,4,1791393952.1868787,1791393968.2467122,16.059833526611328,151,153618,confirmed,
242,0xaA756b639294FC15ED184cec087428746086A8E0,node02,c8d30456bb64600b923339eb3fa1e779a0023b6b1ced1e3f81ea6d875af54a50,4,1791393952.1912634,1791393968.050163,15.858899593353271,152,153618,confirmed,
243,0x3E154DAC7B857C31a25E9B359fA93Ce2e07cABA9,node03,a5ff99e6aeafd1b42d3f38debed3e9a01172f5a5b0a7d9d9d529a889b4bba7d4,4,1791393952.1931977,1791393971.1777768,18.98457908630371,153,153618,confirmed,
244,0x62313E3fEEedF3098B7C1627892b4BFb358354B5,node04,d74e71e0ac68a7528cf3956efd0e58a89dc7d8c0bd7da3d3affa3e1dd630ffa3,4,1791393952.1960804,1791393971.275755,19.07967448234558,154,153638,confirmed,
245,0x9574dFb501d59767C27F517d29567a9605b262e7,node05,e38fac3d9722ec38b48db845320919f683f4ea69133fbf0df48beb7435a22beb,4,1791393952.1981964,1791393974.4727294,22.27453303337097,155,153630,confirmed,
246,0x336308E3D0f8cc1C3E71b1b59217453Cd70f5a14,node06,00ce9c2f499169cf08c6ea5755a2c49cdb0e2a0fc15b97ccfea718db31069f40,4,1791393952.2001843,1791393977.7083626,25.508178234100342,156,153630,confirmed,
247,0x3AA3bCafd5c731C5bf3Ba5A893e650b0555ca197,node07,10b5963985e9f75f6f48c4ebeb672ca25cd3b9022a14eff9af4e59d58b0a0dd7,4,1791393952.201955,1791393977.2712448,25.069289684295654,157,153618,confirmed,
248,0x8899a917b948DBB7C4510a8625CaaE6F11aa1205,node08,54590e87b28edc2a22b761bba538c5734c13a8d6bdd6225358a1a7aee5ec2075,4,1791393952.2043457,1791393979.1926086,26.98826289176941,158,153618,confirmed,
249,0x7EEB3Cb23BC48baEdDA4Cd6d1e3457AA7CbC6551,node09,ccafa490382bd098250622d98fe2dfad73324384c0ed78d17ef953f52b1aaee7,4,1791393952.2068717,1791393981.6490228,29.442151069641113,159,153606,confirmed,
250,0x1Fd5d5891421ad96CF99daA82B40FcD95D10A5c2,node10,ceec6adf0686f9146740624a62c7eacc0396a2979e4150274f3e72dbac8b929b,4,1791393952.2094738,1791393983.1039565,30.894482612609863,160,153618,confirmed,
251,0xBFF159c17151E84398CA2AF39aeC305120Ded7F7,node11,cedb0a861841324bb1be711330ba6d06c999c401570fd520724675c501b1f621,4,1791393952.2101803,1791393955.3102853,3.100105047225952,146,153650,confirmed,
252,0xd9c18e94F14c74983243c63d8cf1E15c9DaF4bdd,node12,8249c5489e84b2f58e89965bf48a593453d86a382c3777c4a7a09bac51bf3b79,4,1791393952.2108798,1791393960.7584338,8.547554016113281,147,153630,confirmed,
253,0x39EC18326A87DEC66847A5422fF0D6F2f6761C36,node13,befc727c20d996ee4bbc25e1e150643cd7a4b458484c8d618966d93125f5395f,4,1791393952.2138104,1791393960.6766121,8.462801694869995,148,153638,confirmed,
254,0xA7975591AB73EBf20fF46d5a0E5358D004B6b781,node14,de5cf45fb43e2bb67b6f554cbdcd1f9f47db5799ee5c179428694aebaa5e8c96,4,1791393952.2179856,1791393964.8845913,12.666605710983276,149,153618,confirmed,
255,0xb57E66A877dCeC3e3b310701F9F226dC64bD79be,node00,719e22694a81f6ac24181414f3be2c4a8420a1732dfe40dfa9a327f10d4b9633,4,1791393952.2195163,1791393964.5781307,12.358614444732666,150,153630,confirmed,
256,0x006E256827f3b43f5f87484f43ca07aA3Abc1080,node01,43decc53adf5884b8561e85eee3de05aefa4be36f9d2e80fb4cd15f4e2172220,4,1791393952.220648,1791393968.0690088,15.848360776901245,151,153638,confirmed,
257,0xF98A1164Cb84d96A8fB61E337eAbF8e39fE6Be99,node02,5c41fb275ab6a1096ef426df73d4a7c9c3e0caee2c7eb83b93d7ec64d5f39b02,4,1791393952.222137,1791393968.1853032,15.963166236877441,152,153638,confirmed,
258,0x0Af582545B4201eec3a324748bC0381157c4f91A,node03,883bb5518b3ffe61dfc55aa33f3977a1f45d7c8081c0dd65a7b7c451b92a1198,4,1791393952.2245097,1791393971.485169,19.260659217834473,153,153630,confirmed,
259,0x1C5C8de1515c87bc8a303fB97ccC56754ce0b4d1,node04,48e6242275533bf9bf9a8b21d46927a6a3d034042d78c733dfce043796a573e7,4,1791393952.2283914,1791393971.4930015,19.264610052108765,154,153630,confirmed,
260,0x3eC504902e191966A35d39a22Ebe06ae237647De,node05,5af6829440cf390c3739d7315e371dc3b9a871d540ce920d7306d3cf80a9c81e,4,1791393952.2306015,1791393974.5147605,22.284158945083618,155,153650,confirmed,
261,0xf9DF50aD18d6909aD8b1d31293401D23888a6C5d,node06,118cb785326933168b60d2020925115a2e3d1d1d89005e8225f47a317c72b754,4,1791393952.2323623,1791393977.3259935,25.093631267547607,156,153618,confirmed,
262,0x10a56cb47C92D0B4086754c6F571f42a0Edd5477,node07,774ed1e40cd6a8e815ed099f845392db795e4fa91758a07c8fbc1617f6826d05,4,1791393952.2344124,1791393977.5643063,25.329893827438354,157,153650,confirmed,
263,0x81507f45d974b8Fc4dd6f40A3f6E12c35B3FA738,node08,15e734c01167132b3c3744f9eb44226ac64452b897a5d1f3e7eeae7955de4856,4,1791393952.2361984,1791393979.3001978,27.06399941444397,158,153606,confirmed,
264,0x29BBDfacC358744df982884F4cA99434F697F3c1,node09,639100f7ba468f1532eb74e6a5dced3c4c930646aac5cefec21e71ee42a27233,4,1791393952.238025,1791393981.6950245,29.45699954032898,159,153650,confirmed,
265,0xf3a85528183B29760Fc48875Af5112c34b8Bb9A2,node10,124fc63cd43f71b550a331aadc05ad599defea965d800684b1d5cc62b3d42b11,4,1791393952.240795,1791393983.2108586,30.97006368637085,160,153650,confirmed,
266,0xc600a6d29775DF893Cf9F9d7E6157E46d5F1e54d,node11,dcb82b5a73456057d820eea674c8ba07e83d52308d12bfc44c58ed7c052604be,4,1791393952.2422469,1791393955.489706,3.2474591732025146,146,153630,confirmed,
267,0x29398A4782f2280D87a1754d8A70aDFc71ac29DA,node12,535406342b5ff27a8e503524b86f1e756157ad25c11d9cf7a4cc33c020af3cf2,4,1791393952.2441769,1791393960.719653,8.475476026535034,147,153638,confirmed,
268,0x8499ad7388A2714be917243F51cE0AD0FdE5b4C6,node13,12ef38bf4ef74d4bbec8e9663417b09af9c2ec47c71c3bdb5915797cb5f23198,4,1791393952.2454984,1791393960.8662584,8.620759963989258,148,153630,confirmed,
269,0xBeA7e0c9C2455702799644e84775a5d81aAD2057,node14,bc93d0a8cb8dc583ad574d9256441026f91cf9ed3d131e4dc38f838e056ad7d3,4,1791393952.248722,1791393964.733976,12.485253810882568,149,153630,confirmed,
270,0x6bfC14337703556131E506AB1FBB228BCFe3EDcD,node00,a3eb274f35b738ce992a38d7ef8230fefed37962661152c57113807f1f755f84,4,1791393952.2506669,1791393964.6146183,12.363951444625854,150,153638,confirmed,
271,0x93E58C97b8230159E071926DeBca2F36D335d77F,node01,1e14527e7342ca8975dcccf676994994cb903c45978fad8112e34977a9c192c8,4,1791393952.2524137,1791393968.2647748,16.0123610496521,151,153650,confirmed,
272,0x54b80f73E7c1d1Be7E811CE97578023b6D88BB9D,node02,30bee9f9bacde3623702e772352be553896eb41c64a25dbe587e92b3b171cb10,4,1791393952.2546704,1791393968.269766,16.015095710754395,152,153630,confirmed,
273,0x8800625605B7f5e7f223C737515b2Eb335aCA53b,node03,4750df2c199fcb370de95efeda2297a589711a0d88e9bc76299bc77e0a29e352,4,1791393952.257488,1791393971.1419144,18.88442635536194,153,153650,confirmed,
274,0x11C9bFB280F2614452F991d57259a140673980eA,node04,8f39229931d9a1590409f4a56d0d2a0d20cf93b00bd62cb88bdabe0f72c8e39c,4,1791393952.2606251,1791393971.5099893,19.249364137649536,154,153626,confirmed,
275,0xDbEAD4f7DB6A7f5c41871bb842668166cB3de2E1,node05,9bd62616bf51a640e487a5753c9e75d9b67f441c3356024f70947a70184a1d8f,4,1791393952.2621863,1791393974.4225883,22.160402059555054,155,153638,confirmed,
276,0x1Be0004a8D04BF7a549529b7ff276fb053C51227,node06,60f2ff12a1cad3112d106aed9b23b36c39dfc01ce2203269140cb501e7832ad4,4,1791393952.2652242,1791393977.7543848,25.489160537719727,156,153630,confirmed,
277,0x690c276f3E7707F58fD2cfF42A32E2a62432F7aD,node07,682577b740b7636b43311d8bdd459c7c1a01af7ab9591cf64eb7beb03199f820,4,1791393952.2670026,1791393977.1762989,24.90929627418518,157,153630,confirmed,
278,0x18d668B4B973d2D7ed572a7862F8E6eE7Bc7D6aF,node08,2d9bce4fffc154349b7840e2c71e1ab406d305f5c00c3126198c6d4ec7554607,4,1791393952.2702043,1791393979.2200017,26.94979739189148,158,153630,confirmed,
279,0xF6c5aCf16b8598b48F900F7dD5Ae7E0c9c9100B1,node09,033efc6db3f7234d92b58de2f6253c8369694acbc4c83eb7b732ae648985e72b,4,1791393952.2733617,1791393981.6098719,29.336510181427002,159,153650,confirmed,
280,0x0BeEEd1C155eb3f8F8868A4DF933Ff374fb62fE7,node10,9d302625e814c02b6062642e4c9d0d1c55149c95d91cd4ef91ed011179006e39,4,1791393952.2752922,1791393983.1920729,30.916780710220337,160,153630,confirmed,
281,0x3148BD3680e2cb08870f88235f3578701CEc0656,node11,b619e44ac038f852a309839d06aaa249b5d3354aa322e7c97b174e26dc1572b8,4,1791393952.2764966,1791393955.314602,3.0381052494049072,146,153630,confirmed,
282,0xA7750505E70CbCF13f037bCC92De17f053eBfA37,node12,a29143a792bbb53fe34149e96ed87e0f5c7edc01db33659fb864748e422a2a8b,4,1791393952.2786837,1791393960.8002148,8.521531105041504,147,153650,confirmed,
283,0x7C0B85FD1C3DC9290696D06285aFF62f0463ED23,node13,dba2148a57b32cf3b1e71c7179b46ba2db50c0b8b4c3ea4763f85fcc7da7c7e4,4,1791393952.2834756,1791393960.6583416,8.374866008758545,148,153618,confirmed,
284,0x5B8Fc8D4c65Fc339617Ef205ceb4a1564e711914,node14,860bc00709b29f925352db069536a018e6bc38dbd4f00ecc95d18126acbad02b,4,1791393952.2847025,1791393964.7583435,12.47364091873169,149,153638,confirmed,
285,0xC96C23cc6717aFAfaE26c2d2d8FEa2e6F0495A1C,node00,aa802b277f1c4ba176df121d73bb43c9ac7b722894935cb910a42b946450199e,4,1791393952.2863793,1791393964.8908021,12.604422807693481,150,153626,confirmed,
286,0xE40043a88fE34a90E301d731e63dBFAe04c52F46,node01,896de87381310195bb25520853f429b36facf8a164f695c471d19980fac29246,4,1791393952.2895317,1791393968.4130847,16.123553037643433,151,153650,confirmed,
287,0x43e0b44cFD3ff0DB70C0A484CDEBc4697ABc82EF,node02,92a67d2f36521a50b40a9c4b2f0344bf15fe2ed4298b12f0e5d345c28860f048,4,1791393952.290314,1791393968.7786043,16.488290309906006,152,153638,confirmed,
288,0xeA4f8a005dF02Fa1e544d4439d90282a51e44D4b,node03,1b9ea0963f96598e945a222e5da414376a7a779be73b94b4c5a1630d49bfa638,4,1791393952.2926738,1791393971.472392,19.179718255996704,153,153618,confirmed,
289,0x96c157525444B9bD3D333c7E4c3de310e4c30162,node04,3a825c7180df1ff8cefacca2d16bbd041c5dc2ad308cc98f099095ef42816385,4,1791393952.2936494,1791393971.258986,18.965336561203003,154,153638,confirmed,
290,0xBa95666dF6b04546356A1AD6c2891452dA0E5454,node05,de932c417f7e235e493083e64a9eceaf7dc1813f0d7fc4559934d09189e0b1c9,4,1791393952.2957315,1791393974.7006044,22.40487289428711,155,153650,confirmed,
291,0x87B30B9a8d1dAbaf256870AD48f58895cc93a739,node06,ea184d779a0d1cfe8253c1d81a03e367b4b7ec00d939be39410281c1efb0ed6b,4,1791393952.3006887,1791393977.5064046,25.205715894699097,156,153638,confirmed,
292,0x2cdaE981C62a63EF834094Dbf5b95026790C794F,node07,04b874aa24f6e354473ccfff139dcadb4b44e792bd179c190aa767e87797be59,4,1791393952.3013227,1791393977.775782,25.474459409713745,157,153618,confirmed,
293,0x0A530a760894A22689F0DC3e15fF1FF6dB9758d7,node08,dd4eb5117315f58abe21728e1142a18b62a2e98cbcda813f5110e10fc463a139,4,1791393952.3035765,1791393979.2334707,26.92989420890808,158,153650,confirmed,
294,0x8aE346D1a7cad1EB1f06514e3F8Bd69F1cC74D09,node09,5425fc69307f42388fbdfa4fb98f470dd7be3b4c28e75b0054413d47c9b158f0,4,1791393952.306287,1791393981.6909077,29.384620666503906,159,153606,confirmed,
295,0xa6A0D508882E2ed8b0bC87f55B77d7Bfe82B8999,node10,7a775a09dd550a3e910365b931a6971a71fe0dd43038133afede219419a5fa50,4,1791393952.307894,1791393983.1456587,30.837764739990234,160,153650,confirmed,
296,0xb5Ce318b915bD4890a7f1Ba1dfBA2337A3356e59,node11,53dab50458f61b4961f864c3d89b2023f5bfdfc6dfb64d50bed1da99cbebc530,4,1791393952.31006,1791393955.4083376,3.0982775688171387,146,153650,confirmed,
297,0xC203FbA41e681Ca305b755F4B79A79A293D829EE,node12,6ad74d1694e7923a25493a52bfe9858ce388f9582e69c54254a66a90c781cd06,4,1791393952.3108563,1791393960.8945694,8.583713054656982,147,153618,confirmed,
298,0x0ad9254E71d55Fdc5269A00bf009285E5919F97c,node13,e3bf169083bd53d577aa3044aa35ea1208d352fa2b1d48824d8651b206d8feb3,4,1791393952.311909,1791393960.7738466,8.461937665939331,148,153638,confirmed,
299,0xbf9105B06cCa4Be0820a7BC760C66af40666dA36,node14,ccdb4f14b62110d30329b2e1f64e0faefb02714f3f3c2a3f08d8927fe8cd019c,4,1791393952.3135774,1791393964.9024715,12.588894128799438,149,153650,confirmed,
300,0xd01c660A907ce36927d3eAF167daDEDdBd676571,node00,d5c0c6db0536281bf25282a4a7451d3123986899225c58f51a3bae4fd9a5b3f8,4,1791393952.317463,1791393964.8651447,12.54768180847168,150,153606,confirmed,
301,0xeF6fEB6f5c8a2b81d35BA57dcC1Ab7e214B09db5,node01,a834a5089c5c570b574808e28b3881fdd12ed600e0b0345c8f2899b990012adf,4,1791393952.3199573,1791393965.0067012,12.686743974685669,151,153650,confirmed,
302,0x11e647802a058da27Cd69a7c92F1BaE26aef43Ee,node02,4debaa38085656c7072c5e94515ae28ed6451b0aa795ca2a07b414033c19ae05,4,1791393952.3253148,1791393968.2107399,15.885425090789795,152,153630,confirmed,
303,0x15F38Af3569e1b22657BC67F8da0Fc4Af2b643f3,node03,fce27836ad8db8b00e3102d799672264e31620ea8ea66079f6a96f237bc4c506,4,1791393952.3274977,1791393971.5032623,19.175764560699463,153,153618,confirmed,
304,0x2308EeD2ED708B982Ca486C2fB86CAD54245C8FB,node04,90fe205b1539d015d9ef9357246b2a86454baa962d18ce87d4eda96212b476e5,4,1791393952.331187,1791393971.560281,19.2290940284729,154,153638,confirmed,
305,0xE3C01ceD457506d5576352E32A4223cc4B7BF41B,node05,ede6fc6a1890351ae996db4e42c7733eecf5c946b9f6870861c6eaf57d6228d9,4,1791393952.3324583,1791393974.463059,22.130600690841675,155,153626,confirmed,
306,0x5C4FF8073A9D5294eb2918db377a857Ed9215cA6,node06,1713a552576bb692d71e5da2adde517517720f589595a7c5a134621d13086246,4,1791393952.3351316,1791393977.940405,25.605273246765137,156,153650,confirmed,
307,0x85C6B5718a70308763587f51509CdA967eC9edE5,node07,82dd2bf4dcf83a77ca61c8605824b5d3a2c711ad0f09fa049cdbd8a64231bb26,4,1791393952.337214,1791393977.8051677,25.4679536819458,157,153650,confirmed,
308,0xEFD01f8956103b77Dd4b1EA2e83448C5cB08C1f6,node08,8f019afbcfcd6d84f345d74f62a3bdb975679faaadba15f6045cfcf57926e444,4,1791393952.339156,1791393979.5987883,27.259632349014282,158,153638,confirmed,
309,0x2588a3e696552e2845cFD1C9248e65a363641383,node09,804ad2e1a52f0b2ddbc29c81534ff006b01d964d1b12fd279d17eef7fb7d69af,4,1791393952.3400755,1791393981.682218,29.342142581939697,159,153630,confirmed,
310,0x9035BBaFC6088F794f294D0C2b2d361B1710CBD6,node10,5cfa29ffbd44e04c9cb5ea0b2963205a13e241af90608ea46969ee725af14557,4,1791393952.3416474,1791393983.0313454,30.689697980880737,160,153638,confirmed,
311,0xe5d467Ef400496f4590De560193f7A2212965448,node11,0e890671f20b215df0f27d8f28a8651bc14eb6347b3b51007c23c8d37e203020,4,1791393952.3435862,1791393955.600333,3.256746768951416,146,153650,confirmed,
312,0xBB0243A674134898F35627EBcE8AdA0077D76fc3,node12,149dd59d8a868da4d4490edb4b2fdc17dc07bb80aa950cf62a07563fdbee153d,4,1791393952.3458753,1791393960.751577,8.405701637268066,147,153650,confirmed,
313,0x20f50F37f478f77e7cA3F84D1A4ff1A760d5a226,node13,0fa76c1ea954a061491cad2cf4e5994f8725eb5aa5b3280f23a44b42b671f26e,4,1791393952.3480518,1791393960.9716177,8.623565912246704,148,153618,confirmed,
314,0x41158E535e6568c347bb047Dc400ce93B009af46,node14,0ae0defc252b3c7308820a97c7e353a75100e0a06505a5130797d8fbaa3b744b,4,1791393952.3503776,1791393964.7850552,12.434677600860596,149,153650,confirmed,
315,0x79a7a89763f2eB34Fe2c591640Fa55ba3D560a6D,node00,0be275fed669a50ba0174cd3f10daaa55f22281b8c7fa4bf5773ef00f7da8fcf,4,1791393952.3511865,1791393965.0013185,12.650131940841675,150,153638,confirmed,
316,0x3BE9C728c183e2668e693d5Ff39f6cA21213e9f5,node01,ab3cb30a59c539b10e2011503b57e82118774ce9d1cb381c13e11e70ca5f6bb9,4,1791393952.3526766,1791393965.0152283,12.662551641464233,151,153630,confirmed,
317,0x5AcBB05C04d1D76dbfDf3c301e79a94Cb7A34363,node02,0fd09e2a0fc5efd95a9e4605f128fabdeded9fa1e0491ff120ceee3e74551367,4,1791393952.3547828,1791393968.2619824,15.907199621200562,152,153638,confirmed,
318,0x6881Dd69bdE36f1BA23009ff7ad511A92C460B0D,node03,3f240ed897077e122115d7d83b87e89d22afac422c66b1cf02f225743e7fcaf2,4,1791393952.3571727,1791393971.3469946,18.989821910858154,153,153614,confirmed,
319,0xA8c41D23628e685413d8229f5abA09c68aaed043,node04,26e28016e07fed7f33b1e7c8c305e8c4ab3b2927c5ceecb9a084c2bd7a7d9345,4,1791393952.3618014,1791393971.7565434,19.394742012023926,154,153630,confirmed,
320,0x277F163F7030BCa615888ab7a3837b810644067E,node05,48b319c8e532861c9539155c8abc6408bdf2891458f2a3019ef7b544e0f1fd01,4,1791393952.365188,1791393974.531914,22.166726112365723,155,153626,confirmed,
321,0x2DF281bC0872534aD86Ac0d4d123d82E05AABf01,node06,7ac1126ebd6acbab31d14b934f122d0808f79c22b4e3e621e3b122914d14f221,4,1791393952.3663788,1791393977.73641,25.370031118392944,156,153630,confirmed,
322,0x23C26Cd839F4aB15B71b1492898E1f137B9e98CF,node07,a985d1349fea5cb8f0325adc66d1f3ba9535798eae809a4b077684d36614f154,4,1791393952.368776,1791393977.5389328,25.170156717300415,157,153650,confirmed,
323,0x24ce30118381bb402858D815A004EC90C40a0B19,node08,268bf29cd74b56c8339be47d96084e99b47dc8beea47cd6af507e9f4baa21727,4,1791393952.3717794,1791393979.3234,26.95162057876587,158,153650,confirmed,
324,0xC5b37Fcd2A3adc831c947ffCDf9f7934Bdf8AEd8,node09,08df23af23c0f9564630506a04307c555ead6a309c8785ddb043db351a18265f,4,1791393952.373554,1791393981.6127732,29.239219188690186,159,153638,confirmed,
325,0x7Bce70b4C81aA0Aa195678d7686517F8fAd5E3c6,node10,0c1e199e56abacfee8f566ace54225d2f32c63dd5d5078573c726e05764f6ba9,4,1791393952.3750997,1791393983.0485017,30.673402070999146,160,153638,confirmed,
326,0x7B36D08a0196780486275E5057654cc2DFf81e6F,node11,968fa98fd31e37aea815945ff6234b333c3ec545e08f200c05dff887a2045dd9,4,1791393952.377362,1791393955.9621449,3.584782838821411,146,153630,confirmed,
327,0x00C699e2Eb82611f5A7a5429f1F11C2f665bBa8a,node12,c7d475c96837bf6fe0238be35a8dace754a35a0835b85452505b035db2e1c34a,4,1791393952.3786342,1791393961.113126,8.73449182510376,147,153630,confirmed,
328,0x89d241d3137099dd53DcC377FaAC3A8E16294777,node13,c8039f7e94dac51e7a35e6d6d20c3e1cea85416d31408fb312864c6c0f8e6f62,4,1791393952.3799489,1791393960.878032,8.498083114624023,148,153618,confirmed,
329,0x9aE396c8f79dD63eb5416aDf9B6302642E3A7954,node14,ef3599a2f35df7fe38e1891aafbb21f423697641b78db716efe9af6f1e3cce17,4,1791393952.3816562,1791393964.8706386,12.488982439041138,149,153626,confirmed,
330,0xE99ab8Ae8C09ce33846D991385b6060528Cbb894,node00,1de83ca7710b778488a191bf3fd94d38e68c0c435b3d739ab2b0197bf80e8d83,4,1791393952.3849382,1791393965.2088473,12.823909044265747,150,153618,confirmed,
331,0x28CF51512D0712bDEf77385E392D72089E7bC53f,node01,ce5e130385ec430ccf425d1a5e79f630022af627be9a5d81f90fbe2688f2f168,4,1791393952.3878014,1791393964.8874617,12.49966025352478,151,153630,confirmed,
332,0x5353E24E1839CEd13C4bB22E6c46d7c2a21E821a,node02,ce4d9258aca06175332396e4808ca2e9a7a0eb9e825f5654b528fbe196bd5405,4,1791393952.3920307,1791393968.4252715,16.033240795135498,152,153650,confirmed,
333,0x14071eE95277985FE144743e8b373C5Cf9A592B0,node03,fc10663bb99570cab9789f27fdff6c51afd7ac53c4a9c3dfe9002efef4bd7909,4,1791393952.3952384,1791393971.5425332,19.147294759750366,153,153618,confirmed,
334,0x987b5BBc6Af58Cd192a8fd4CB4Cc7Ff0a7CdC9a7,node04,ce4e339f976f5099478fdccb21cbb35b41489c8f5a8cb197ea3242624f91d255,4,1791393952.3965008,1791393971.8350713,19.438570499420166,154,153626,confirmed,
335,0xB8FEEf602035921FE56E9F9b955d573B61472810,node05,f36f9c2d36e831f1f5374ab274b6d69b9b5ce202cff28c0449c0ba4c3e6dd716,4,1791393952.398949,1791393974.7645013,22.36555242538452,155,153630,confirmed,
336,0xEeDEc6E96A478da869b90aF7D0E78349bb044db6,node06,4d3cfa1ee79605a8642894961478fb6b823247baaab070275bc4913e27737960,4,1791393952.3997722,1791393977.510729,25.11095690727234,156,153650,confirmed,
337,0x8970B2ca21a5fD0ac765598de37442c913F61ed4,node07,8c6086ba42c9c0f4a232d62eeda14071a19bf5c900d980cf61cbad591f3288f7,4,1791393952.4025612,1791393977.6919696,25.289408445358276,157,153638,confirmed,
338,0xE0b50F78379274d040A6ADE6F9185F175755164D,node08,7164d61cc536e8123de741d556168d203b17e93c704350bbb8bdfb53d9b78fad,4,1791393952.4051423,1791393979.2855275,26.880385160446167,158,153638,confirmed,
339,0xCD2e33Ba1DAe017717Aee5b31aeCC583aeDe6389,node09,7e6852112014a904be328f4d11e1009a1143fb640af1ad0b282179ca6a9b476a,4,1791393952.4073465,1791393981.9337497,29.526403188705444,159,153650,confirmed,
340,0xfF28d343DE51121007737b6b4ffE6Ec22bF8D8Fe,node10,c927210e7ee921623ec382ca0314136423d71cb52b2f6d7ebbe78820cd92d570,4,1791393952.40879,1791393983.1702652,30.761475086212158,160,153650,confirmed,
341,0xD1ef4643AAeA29A8f69f23eE0764170F08250b4B,node11,f0add33ac9791c06781c9df6ab53bb41bffcc82fccba1d8949476fa32a93fa15,4,1791393952.4105787,1791393956.1841393,3.7735605239868164,146,153630,confirmed,
342,0xE202CAAa9c34a8cB745c3ff4454f20ACc4721F2F,node12,09ea3145632d697f191a03bbc4eab631539e562f9a6c2a659ac9fe09a8694db4,4,1791393952.4129093,1791393961.0116525,8.598743200302124,147,153650,confirmed,
343,0xD61D69Dfd7B5b24A87D6b5F953D68b2b4a7ed236,node13,f4b5a8d6bf12f24d18a91b645e563e4a46ad2fa7a19ba90b1c26891e682fd5d2,4,1791393952.414775,1791393960.8492332,8.434458255767822,148,153618,confirmed,
344,0xc2B212165E314C7ae8f85F01c9c41a6e6b060d60,node14,476cd550111d54bc5a5a3ddb9777efc89f696feb697b8962829afe470be30262,4,1791393952.416802,1791393961.0098186,8.593016624450684,149,153630,confirmed,
345,0xAfad6116cC17D0b56F74E2Fe2DcBF215e9AE2278,node00,e4c37c69fdaff7d6800c67ac483db260f104a40475b1f362aed68e1509de4c49,4,1791393952.4217489,1791393965.0129862,12.591237306594849,150,153638,confirmed,
346,0x59aeD827a226825ef9FD717dcF224DbCfa89273D,node01,a711b96df06fa28101d25d3281a54f6aeda63559b13e15b7ad2917fa4d841af2,4,1791393952.4247327,1791393964.8279405,12.403207778930664,151,153650,confirmed,
347,0x110a3dFAf16E61BFE5EdB249389554b562298224,node02,5f0c9a4a175c6bfc81237bc905ad58f6be07e9d1f6a022e93a09bf558e18a40e,4,1791393952.4259825,1791393968.6262774,16.200294971466064,152,153606,confirmed,
348,0xD8F33c56cc8BeBC3d84B238FB9f65aaAE1F2Bee2,node03,47c025151b827d6c94cf944dc071dcbfbc105469ed45157abe7eaad38a346ea3,4,1791393952.4283926,1791393971.4542735,19.025880813598633,153,153630,confirmed,
349,0xC6757AF924271d90ffAa8118426Ea92B966A33D9,node04,c45d58d0f832577204cd9980b83aabc72ddcfc403bea6b1ac1b425569bdc793d,4,1791393952.4306648,1791393971.4581163,19.027451515197754,154,153638,confirmed,
350,0xBbA39FD61683B844C021D3B59c4353a39AE61403,node05,2e0099f40133981307ebc513fcd51213bddfaf6a93f92b9f5b35d97c4d690b90,4,1791393952.4420562,1791393974.657318,22.215261936187744,155,153630,confirmed,
351,0x5f0e4992321D66762Bffe7b755e006E1D8079629,node06,99afaa9ce141914e8147aaf322f5518dec7f2cf42e8f9c87e945c45b16be3a5d,4,1791393952.4430115,1791393977.7521312,25.309119701385498,156,153630,confirmed,
352,0xe35Da7a2C3324A028377A495A1A29847940dF876,node07,5d641c22f15a5a5bb7eb21f4b702f4a8e9fd1a5902817877c4ff5e1fa0d540af,4,1791393952.4447253,1791393977.704971,25.26024580001831,157,153650,confirmed,
353,0x96CDb81F63a817A7f05A4E4b70C9ba0F2bfFfb29,node08,61041525a03a404b7580ca6a37f4898864936fd1e8f8d0430dd7052f6659e5aa,4,1791393952.4494948,1791393979.3172357,26.867740869522095,158,153626,confirmed,
354,0xC0495dE1a00ABbde57F978b203a714B74547EBc8,node09,21c3924853362def3368abb4b00873d3112cee2a2bb3868ddd54b708fa15d435,4,1791393952.4516675,1791393981.6341758,29.18250823020935,159,153638,confirmed,
355,0x42349ad9dA59156D5135e25bECebA30c2d8e4944,node10,6e58233adeeafcef6a51695abd9dfaeb224819b4b4231c716855119d9cdf394e,4,1791393952.45379,1791393983.0912783,30.63748836517334,160,153630,confirmed,
356,0x03F61c4B84d6258d32F1e440A0A21e104F35B195,node11,dd2aa653822d1ff560cba7cdf2a5505f16768edb8eb3560112e6254dd277ee49,4,1791393952.4552522,1791393955.9405358,3.485283613204956,146,153618,confirmed,
357,0x09dAd23B9Dbb8ECdbaF027d89E076a6b18159069,node12,c9c79016f3d226465b367e72e685046ae56ace17ec9fde1488c5b968af113b55,4,1791393952.4579954,1791393960.9249468,8.466951370239258,147,153618,confirmed,
358,0x789a82098Fc135f2Cf3bF74fdf7018156C9B7706,node13,fa95b23f73a91e0c63da60137fe2599254efa260cb2c549447824b3ba475cf36,4,1791393952.4608307,1791393961.1053267,8.644495964050293,148,153638,confirmed,
359,0x197b6e615f595E7c9928b17C4F1DaA193bf48A74,node14,ff6aa191abfe8f90ae1ffb4be9409ba3713075f90aca506ef000b4dd9689de9b,4,1791393952.4666348,1791393964.9266913,12.46005654335022,149,153618,confirmed,
360,0x980c23a2Fa357dA55a4E72a83eD6020d5eEb86ea,node00,b3f1040bbbffa4fd098d219356d629312e39b3837bed7ed29d81e0258756e75d,4,1791393952.4688473,1791393965.0907981,12.62195086479187,150,153650,confirmed,
361,0xafde195908094941F5310553d935134e26418350,node01,3d0447daf3ac8e0bc6c96a43f5d26f6a60cf876569ff376d285322f78ecf14d2,4,1791393952.4710007,1791393964.9766774,12.505676746368408,151,153650,confirmed,
362,0x535Edf46dDe58A671fE6917570AF2156cDCa6E85,node02,04dd3b9b2d7749c5a55b30d8563604a784c03f9b925bf89030e96745b9742206,4,1791393952.4727962,1791393968.5604901,16.08769392967224,152,153650,confirmed,
363,0x4C0e3fFC2D0F6925D0D772980DDaeF5D46ec8854,node03,e0a7ffaefbf83f01931788512cdf756f99767218373cc32f0479b7b7fe169ac4,4,1791393952.485481,1791393971.6670535,19.181572437286377,153,153650,confirmed,
364,0xB657E421e4f4d84B24EfFDb2C582eF557f9F2Df8,node04,4204c9f819d2a14986986c80b65ff1b99626c91569f310a03a2af2072e6e06b0,4,1791393952.4887218,1791393971.7790484,19.290326595306396,154,153630,confirmed,
365,0xc1AB6428f8e8AD917f8198Ad2910a59e3d51E470,node05,ded98e01f4e3268f4e7a27db8493cf145adc051860871239ead6838098269f2a,4,1791393952.4905438,1791393974.6411505,22.150606632232666,155,153630,confirmed,
366,0xe326a0c1185332d4061D7631E50535ffd1935c34,node06,1423c49c0471b49283e2f57924e256fc016a1e4723d32bcf391d21f518f3f232,4,1791393952.4934442,1791393978.2546268,25.7611825466156,156,153650,confirmed,
367,0x1C0f8fc9Bdd6B85755c58b8C3ADEce1ebd72762B,node07,dc24623431c7a6e65909cee71c04c65380f9f932939b52287503fbbeaa20c10a,4,1791393952.497675,1791393978.0388184,25.5411434173584,157,153650,confirmed,
368,0x4eb63B1aDb58DBB8f88C1F7FECfFcdDE156014Bf,node08,8996e90dfbee2f3f013c8b2fdef7b3d274ed7712f2c3235a825051d23d33f284,4,1791393952.4990323,1791393979.3855011,26.8864688873291,158,153650,confirmed,
369,0x9F954Dea6122875D71c0fAB8C674294e211A3877,node09,562e6b2523d972a34405ba8b3cb2c201e8593355c0d4f2d6790ea1dd189d2c0e,4,1791393952.501506,1791393981.812359,29.310853004455566,159,153630,confirmed,
370,0x39c30ceECE2a16C05E92fD7ffd12066A36bef6c4,node10,a7bb70a75bc5e994a867f50e49264d1865f527fba22de094a07cf6fe28e4491d,4,1791393952.5046208,1791393983.224232,30.719611167907715,160,153650,confirmed,
371,0x0918aCAD3E0FEeac5454573FB963a05a150A8F89,node11,367320859c7c6478077bcdb91f631a46b3f2a92751e8737acebcefdbb7303636,4,1791393952.5054407,1791393955.906733,3.401292324066162,146,153618,confirmed,
372,0x34a306349eff4240141BbF78f9652f4934193671,node12,ade8c881691de66772f9dc56e392d4ef0d67c2e465c260fbd8d7eaa80d0f72e4,4,1791393952.5078838,1791393961.074617,8.566733121871948,147,153626,confirmed,
373,0x8002E73d57553F2190B5F77e002930F3bd26478a,node13,51080c16bff7896d228714dfa8231bb428573ffb2e7eb4e3a1e5506ae15c42cc,4,1791393952.5132802,1791393960.9879625,8.474682331085205,148,153650,confirmed,
374,0x730e7b498B6AF598b054E99531b798e475076ad3,node14,70375eb283d94a0e7614a57ca43292887b679533997660bf335a8019d1955d37,4,1791393952.5146172,1791393961.0569258,8.542308568954468,149,153630,confirmed,
375,0x7e03D94C4D947bF921D5059f7Ea5167fCEf9903d,node00,01852482a47796655d821b4888a068d8b36d2547dd183f08867df5d8648c3c7c,4,1791393952.5157583,1791393965.050012,12.5342538356781,150,153650,confirmed,
376,0x929dcA1e86DBa86B0B064fF65F0Dd27606117b68,node01,f1b704cf950d21f91087678fd4c90b6233b9e5edc0fe98be1556130aeceacce1,4,1791393952.5186384,1791393965.423343,12.904704570770264,151,153650,confirmed,
377,0x57CDe35aA3BE215FA529692e7Ea68dE3D8B0E545,node02,6dc0a57670a4247ca363e1119e1bdae4d50827a47ff079b41a845f712e170764,4,1791393952.522857,1791393968.6214488,16.098591804504395,152,153630,confirmed,
378,0x1a39027feaD4b2b0f56CBAA68dbeC0d51c945396,node03,22afd1998cd2cea46c740cf70ce47155d5926e3638e21332819c88cf5111a9e6,4,1791393952.5245564,1791393971.5951753,19.070618867874146,153,153638,confirmed,
379,0xAFC551607195874337243D473c168B2F16d22CB4,node04,17cdb696c84daba89f513eeacb969094b2abac0bf08c20375ac7b6fbf1a940e9,4,1791393952.5278986,1791393971.7259092,19.198010683059692,154,153650,confirmed,
380,0x6080e9a0BC6734Ff3353a4b6e38d62C14092795F,node05,0a4c55e47edd183ab43a96f8ebb4b68955994c2b2d7b3b9e66b103745c58f840,4,1791393952.5314791,1791393974.7336082,22.202129125595093,155,153630,confirmed,
381,0x09e1A57755aa4abaF9f1EBFF7E0F94ce82119430,node06,e114cf13b621baaa9b74416a79949bdfaef89b84e46819973bf928dc1d3e438d,4,1791393952.532786,1791393978.1649828,25.63219690322876,156,153638,confirmed,
382,0xabC398410E1242355c9Aa8068145dD841Ab38089,node07,0f2b85567a68d03d403921ff18993abd8db1eae5ae50f49b7c1bbb33045c5c3e,4,1791393952.5394146,1791393977.792619,25.253204345703125,157,153650,confirmed,
383,0x4e9e1dd9E9D46BBBb4c5C8213CF92281a42A0BD9,node08,62ba7336167de55a8e3eea20a9393d975de86873e7091c1b26b88e8627bcb0dd,4,1791393952.5419433,1791393979.3417242,26.79978084564209,158,153630,confirmed,
384,0x15052a0c1b1De7Bc89aC09f24B372D90877c4eF0,node09,0dfc3030d7282e2a55377a42147738fedace08d1471aa1e5be8b79d7abfcc7c5,4,1791393952.5458634,1791393981.746387,29.200523614883423,159,153630,confirmed,
385,0x1891C6e52B3D8AC5568b07826193F2BF07574b70,node10,52b8b037106e3a39eb2629b5b8082fe6230e1b14bca17a957123788886281ed5,4,1791393952.5496435,1791393983.220012,30.670368432998657,160,153650,confirmed,
386,0x94251830FDCDb13C8eA9fAAef2B359f43D3863Ce,node11,879e6b976672bad1ce1635c6574ad0cef35cab3d62fa060988d1d19cda7bb870,4,1791393952.5544803,1791393956.1762855,3.621805191040039,146,153630,confirmed,
387,0x0956CDF5b91f81D6201dD5A460a0BB4d23C24209,node12,669bb50eba9011e78f6f00cb02b97caf14a2f2afb802aa14ba10fcf039125df2,4,1791393952.5558293,1791393960.9849293,8.429100036621094,147,153650,confirmed,
388,0x7b7C4B787eC78A51a73d08b6700D511C59CC7B27,node13,155d792d8146b0f2c82c70b6f60a1938be2fb2a4702725d42325976031956cb8,4,1791393952.556995,1791393961.3449125,8.787917613983154,148,153650,confirmed,
389,0xe7D33b1C566FE6B94E33d215C932AD123D110b86,node14,ba55bc94875f96312362e04fcf4c5e87ae2f6cd4e63cf0d2ceee1aa286c3e24a,4,1791393952.5589383,1791393960.998757,8.439818620681763,149,153638,confirmed,
390,0x092Ec4EC88584ff205379358055Fb064622633fF,node00,e6cffcdf389c58d28780b73939ce3e2d80f4699b19fb9a8613f959f7cb25a497,4,1791393952.5618386,1791393965.316801,12.75496244430542,150,153650,confirmed,
391,0xa06158783608E703FF15309e890579cF6B193cbB,node01,811cbed39e49ca12c320d524e10713cdd9b41cd583b64b4f1547a6b5183ee799,4,1791393952.5631487,1791393965.0823672,12.519218444824219,151,153638,confirmed,
392,0xCd274D812eaDFe93Ba00176F794C4D7b9099EC6B,node02,51dc5fa86fed2c3132f3c7df863baab2dc3afb0dd6ae30809a858352f4ca3703,4,1791393952.566461,1791393968.7379405,16.17147946357727,152,153650,confirmed,
393,0xaa87B6b582ffe172cCEE363f2e510C7ba59d900c,node03,f96b983dc2b0d851175fa6a7e9becc9af91a26c819d57dc19bd358d98275a11a,4,1791393952.5748866,1791393971.6198666,19.0449800491333,153,153630,confirmed,
394,0x44a9CD98D697ca5c128c58539b693294056b8449,node04,c6798a610945244b8eacf63b746739afa517d92d1ab8de0589136017fc9e8cd2,4,1791393952.576319,1791393972.1239717,19.54765272140503,154,153650,confirmed,
395,0xeCaC8926AB07df3e8Cf7194AfaD7B8cAdD11aD41,node05,c54ddf93965dcd189caf1494bb8d091dbcf752e1e840c5fa75873c86fa73acae,4,1791393952.5776114,1791393974.7477112,22.17009973526001,155,153638,confirmed,
396,0x96daf665DfeDdB0d1497FFd1a2E2c0176216510F,node06,b7e903276edffd290a2b2a0b42fa886d120e71ff095d1c8b6575e68e26c35622,4,1791393952.5807996,1791393978.1929245,25.612124919891357,156,153650,confirmed,
397,0x6bB099F03818C732A7c229B6Ba0387853BB101b1,node07,fcfdb81f529f907b894b23f3242fb1f6b2101228de75d5f19a768be40fb9df23,4,1791393952.5868323,1791393977.930994,25.34416174888611,157,153618,confirmed,
398,0xa74e9C67f286dFdC14A30f947D8900b24042b55E,node08,21b801e9dea2467b9f090df56cb940b51c708f07d83d1b04289ac96bbd77b739,4,1791393952.589385,1791393980.2570114,27.66762638092041,158,153638,confirmed,
399,0xb80E1F9d655E5F62536CC1ab3Fa0dbf4ef6216CB,node09,b691d86c4091d7f99b7d8bcdcdb07b8e9a84623c4da4b76a861ea615531f62e7,4,1791393952.5904324,1791393981.6780362,29.08760380744934,159,153650,confirmed,
400,0xbE804f23C15Eac98809Cf60739bA88673b9b08eF,node10,19ddb012625790a5b39c0c1d5f7e90adbd36fef992c0589ee71ed46084a32c02,4,1791393952.5953722,1791393983.2453632,30.649991035461426,160,153618,confirmed,
401,0xF20DB2670f6b6711827aEe716AB83b13b0EBD316,node11,d5cdf00a9c9318ac02b757429703fb7a2ac1ea8e38558dcb6a143c8489136535,4,1791393952.5983934,1791393956.159689,3.561295509338379,146,153630,confirmed,
402,0x501dE014f4C59B053b00EB242dAF51391603f6ad,node12,ab98918ecad7bc845da88516968042b52dc01db77f0eaa446f459ad2fe30b09b,4,1791393952.6018534,1791393961.698231,9.096377611160278,147,153618,confirmed,
403,0x47F4470B319fC5eC945e5192039108FC2e9d2143,node13,29a144c29422c215496c47530429da6c6f5ced515f3a700a4f74f7fbffed125b,4,1791393952.6038566,1791393961.058277,8.454420328140259,148,153650,confirmed,
404,0xd00ef9aF76c58D93f9250Ce1abbA6FAd8BF2FCB3,node14,b120eefcfb1b9d633632ce3bdf05da77d6fc5c24fcb9ee7f3488264a6e0e059d,4,1791393952.6057982,1791393961.0252702,8.419471979141235,149,153650,confirmed,
405,0x3339649B238229fCf3C0618A95C34E4Fe55A618a,node00,37b53282eab0b48451ed3c26613525ad6f4e392d5b51d7ea9318b894c35f00cc,4,1791393952.6076689,1791393965.0228167,12.41514778137207,150,153630,confirmed,
406,0xAE5ad8e8572CD680dCA3D6B9C7888Cca45c56f65,node01,42d25bd9938b3aafd2d9b9ee0ef3d67e380ba7689c1b979977099f86c0692096,4,1791393952.6099865,1791393965.312263,12.702276468276978,151,153630,confirmed,
407,0xFAF323154123275AD0589d030fc16FCc4b7d68Bd,node02,9a02f1dcd2c9c6b5b9fed663f05073038e719799a1e15e2f41263bc83cf77035,4,1791393952.6164033,1791393968.748142,16.131738662719727,152,153630,confirmed,
408,0x578107391Bc56e40022deC6A2490CB6969EdfB3e,node03,f77ff11767ee7cde11993d6fe4fdc179d76d23d8e4b299c44da094939c6ded3d,4,1791393952.6189091,1791393971.733362,19.114452838897705,153,153638,confirmed,
409,0xdA969CCea1DDFdcABAb17A95724699eDE009D6A9,node04,d0d8068b8c9e183f33f30b3af2dcb24a094ffdbf3a75f2c7835419f5efe21d70,4,1791393952.6207047,1791393972.2843497,19.663645029067993,154,153650,confirmed,
410,0x894C893860CA864b89921b47FfaC562092C6a287,node05,401fce489ac2d506768d6adae5b746ea4703047ba815e42b21b992286423b4e0,4,1791393952.6253936,1791393974.6900318,22.064638137817383,155,153630,confirmed,
411,0x8228e380583F25840d7206A6F1aA9f74e08aDE50,node06,58f94f982c0a503d8db2b3198bd1d62ad47b6b70d7f1aa3928442315dacf2e9f,4,1791393952.6266675,1791393977.8472955,25.220628023147583,156,153650,confirmed,
412,0x947B9621493dbCE6fFf02dEd3Bd6F11D4CC6C90a,node07,d2dfce77ebf7c7867f76d0ac8a695955426313438a4ce673dd5b0ec0ac7a77c4,4,1791393952.6294143,1791393977.8190293,25.18961501121521,157,153638,confirmed,
413,0x4b1B95b439dB715CF7C06121e99FE78E310Bf62e,node08,b302e81c086d1bb22820573878cef7aa32601a9386eeed92e480d33117c019b7,4,1791393952.6314623,1791393979.3390405,26.70757818222046,158,153630,confirmed,
414,0x248485bc66471F8D8954165B662A56289eA978D9,node09,93f250cf69858f433961ad46bbc05da0a3cabf75d689a52a0cba75ed7d17597e,4,1791393952.6341484,1791393981.704236,29.070087671279907,159,153650,confirmed,
415,0x571E6289e66ea367F53573b9634baB465516CB11,node10,6991573c5923bf9de6323561c3b67fb466ac7b39339778241f71f49f82937692,4,1791393952.6383257,1791393983.1673276,30.52900195121765,160,153650,confirmed,
416,0x5e2694d3c881a7e3c614B9a14cAf98aC9Ad64e67,node11,15051f56f07f45ed33775b667576be5784298fd64f8df5b0f41c948b7c34970b,4,1791393952.6418996,1791393956.3846042,3.7427046298980713,146,153638,confirmed,
417,0x8a62E41960C36DF106d48712026675F93C919968,node12,2062586cb337585b14af49b4ad6d3650b7d52d63fa619e1d48368543b9ab3e0f,4,1791393952.6448584,1791393961.092845,8.447986602783203,147,153630,confirmed,
418,0x66760419fAe8780DE1994DBa00cB15ec57f9307e,node13,9fe37a446ded5c19a2deaba0a4767bdc545a81d32976e8f0ccc459c12bf72312,4,1791393952.6465583,1791393961.4195962,8.773037910461426,148,153630,confirmed,
419,0x902c5Ce96927E3Ab5A884f1FEa8dc213789Cc990,node14,070d1a13bee806488fd7ad73590c1691b0146e6ad1e8eb1579e1c317856a135a,4,1791393952.6488793,1791393961.0657632,8.416883945465088,149,153630,confirmed,
420,0xb3131454CE74830E62bc7fcdb2B4fd3438307af5,node00,9b3e5d55435aae0cc7ad452cd6a7f3382a013a95e35721a5728b0f8d13cbb5bc,4,1791393952.6502247,1791393965.05349,12.403265237808228,150,153626,confirmed,
421,0x67fe1A01776b9475F022D6337716CcB34c1704cE,node01,29800af9bc808fc434857ec1e135815e02db4f4f0d0263ce463d37a6519ffe43,4,1791393952.6525161,1791393965.0593429,12.406826734542847,151,153618,confirmed,
422,0x90A07A9419A34B243ce9fDB9d044cD2382b6dF55,node02,5ec244b2472be5f31a6c3aaaef8e3351fe960d85ce1414255ba46be53b48446c,4,1791393952.6548193,1791393968.7192059,16.06438660621643,152,153630,confirmed,
423,0x01F5ac208ed7279885fa71e65F1A5791057c5495,node03,00b3983d55adbb7a3be6ce847bc1cf40d09804e6a57bec794a7c1ef5ef69661d,4,1791393952.6569817,1791393971.7605348,19.10355305671692,153,153650,confirmed,
424,0x53C719C66a8876d007Aad952C1c74B1CEBEcFDBD,node04,327956fa977841afbbcebac3cbe54f261f72edeb7a470bdc5680acbf701ef590,4,1791393952.6595411,1791393971.8781338,19.218592643737793,154,153630,confirmed,
425,0x03DE2e98819d1B06a83Ed0c64B6a4fD894aFeBeb,node05,db9ce4d8d9ff1d10edb36473b8b97a57b2d8e69f01ed3781ebe77c63f9082931,4,1791393952.672983,1791393974.8848329,22.21184992790222,155,153650,confirmed,
426,0xDe30C91725BA5227f2691F75df3ECF747632aC62,node06,2f16dd05dacf15bde0974651173048fdd1fe8d57ec0bde432b51a77e25ce7b0a,4,1791393952.6744995,1791393977.902216,25.22771644592285,156,153650,confirmed,
427,0x1759ddC66CFCc3c2842f339D0beb4D42b3A9d8B5,node07,0f30478bc7e5a8a152a7540a877e1512f6b284584ad28eb3a575af5d5369742f,4,1791393952.6770236,1791393978.016911,25.339887380599976,157,153630,confirmed,
428,0xc8D3e9E937835143b50E6393De4812E55D4Fa9e8,node08,c619a455fe1580432905c9046def202f9f6ad5ca7b09ca3157e7b38a90e7c0db,4,1791393952.682465,1791393979.4117105,26.72924542427063,158,153582,confirmed,
429,0x948acccF9eF4cf4ce901a4C2873509d4e3F0E6E5,node09,999416812cbedb2f231e15cd0777dd9bac3085f15dff1b5aaa3e889ef7a3924d,4,1791393952.6859052,1791393981.856448,29.17054271697998,159,153630,confirmed,
430,0x0A065aaA3A2696Edb984caF7748CA222de1eb43C,node10,f055d0e334847c0d9bf778dad2672e5afa602d9ef3c5974664fd7961197ad30b,4,1791393952.689532,1791393983.119098,30.429565906524658,160,153630,confirmed,
431,0xf53533a11042C79a548Af4066DFC12480468b8D2,node11,6663d3cc9bfc01418665e6299057bc4e0bd7e5191e049fce9d4ffd5e68653191,4,1791393952.692132,1791393956.332833,3.6407010555267334,146,153638,confirmed,
432,0xE1fD04658791e952C1e2fAAE7eB56b645A87713e,node12,966f7d86e2a15b3871ba885d959b7f2e2397769b7de00614532a7d1f9cf8ce02,4,1791393952.6932352,1791393961.4938054,8.800570249557495,147,153650,confirmed,
433,0x1B57B62Aeb020E056371048F4C7108d80AD23C2C,node13,0c6b472c84b4c02068dd2972b1fceed7b31991928bbfea8bff5bfd691b5786a8,4,1791393952.6949136,1791393961.1404474,8.445533752441406,148,153650,confirmed,
434,0x2922c2347Be436DdD50d7f49C581C6C142F7466A,node14,68e2a6864761ca90ba6ec0eb2e904603eb24bf5f16f283ba582703ee67f0c901,4,1791393952.6983776,1791393961.1206222,8.422244548797607,149,153650,confirmed,
435,0xe32cD2C609007B911871109639Af4E5158D38B17,node00,cfd869678a79214eea83db735a26656cb91f13dd7b552a45adb45817c25abacf,4,1791393952.7010624,1791393965.0687773,12.367714881896973,150,153630,confirmed,
436,0xA18aC1DE23B1151103B535cb9bE628286aBB0E68,node01,eb8bd67ef870c4caad8a0ff1d615f4cc6823650a418d39fb9710959a43d9e6e7,4,1791393952.7036104,1791393965.3619819,12.658371448516846,151,153650,confirmed,
437,0x58f4ABD6f2Ae961EadCfd76330a72617938F442a,node02,3b3e2787715217c18eb2c4a13410a5863b99b350b0f85f1ea1073b0d8ee2d2cc,4,1791393952.7087605,1791393968.7260654,16.01730489730835,152,153630,confirmed,
438,0xf5805667BBd5108308B9Da1a8C8ca30541d15407,node03,dafb9fc366e1f9a411df269e48f651341d0236d1bb767671644e04aab195d7b7,4,1791393952.711393,1791393972.4683893,19.756996154785156,153,153630,confirmed,
439,0xA3562BF4D8d3e6495e9f9b1dE60FB350E905D3f4,node04,38c30cb5073f380c8ae5097fa8ce3cf673c8e648984c068b1645277650bdedc4,4,1791393952.712583,1791393972.168406,19.455822944641113,154,153618,confirmed,
440,0x68c0F478C1550100e49615E6863Fe7c3E02679A6,node05,3126690fb66ce1168e3add528f3577fbe2de698c58f14e5f623894b336c2aade,4,1791393952.7203047,1791393974.9354494,22.215144634246826,155,153638,confirmed,
441,0x26d65fBD6147D72984B72b816a1865C4fcC411fb,node06,5d8c6e3f72f6354ecc2f444b60081113395188d788c095d92bb25c26fb4afac8,4,1791393952.721732,1791393978.5913923,25.86966037750244,156,153630,confirmed,
442,0xf0525A7c2bFcF645efF92498239F270A1f03857a,node07,6848f33e880ff77a7592183aeedad7095ef001e2fd44ab4fab1914d8e5a412de,4,1791393952.7234635,1791393977.9088168,25.18535327911377,157,153618,confirmed,
443,0xBE298001d4eB70EB98b92dE63BE806Cff013820b,node08,301f05477a61ac59cc145eba8027d113574fafa5439e758213097a3050bbbe1f,4,1791393952.7261841,1791393979.706985,26.98080086708069,158,153614,confirmed,
444,0x03d306801b3fD1a08510960261d55CBD17C4c2c6,node09,a243dfe06aeecc27265ed74d38850e9a440310fc28f6cf1e31ef721cbca25dea,4,1791393952.7284946,1791393982.0577662,29.3292715549469,159,153618,confirmed,
445,0xdFb3AfBe3132E23E1e7a52BeaC8eFb224eb37C13,node10,ef065bd9456a34f2fd764b67b92f37e600f409fe66675cf7b4187dc92d4d78a9,4,1791393952.7303622,1791393983.1974921,30.467129945755005,160,153650,confirmed,
446,0x81e3871A5Dfa05114593bD54cbD857dAE0b0567A,node11,5dc09c722c631c7a56d37dd3ca8f30d63091206c7c7d48c05627a09060c8d39c,4,1791393952.7321355,1791393956.330701,3.5985655784606934,146,153630,confirmed,
447,0xd4E6ecDD7a0d57153B9B41caf05f8342877b4c9D,node12,5881075d4239973a214c2d1ac6dc4bf7d1b6e13af421199488ee8070e4e2d450,4,1791393952.7344432,1791393961.194216,8.459772825241089,147,153650,confirmed,
448,0x943B39aB0561651436E25aC433F9eC35a6a51ea9,node13,7b2d0bd3e36beec2d142b17d4f3f5686680b0efe52af8134993c7eac410c862b,4,1791393952.7388277,1791393961.2783144,8.539486646652222,148,153638,confirmed,
449,0x0Ef87137516173140eB16dD350129d86D57AcCC4,node14,c040cecb124e903f407ec59d387e229d22b8198dde05314144c329a5d8ab7bcd,4,1791393952.740171,1791393961.3084328,8.568261861801147,149,153650,confirmed,
450,0xC6327A471E53F035599Fa1a1bd43A21C599f963A,node00,48aba58694bc1731e6498513f577581597a21b5cb8823e4402e38f464cf8c8f2,4,1791393952.7430232,1791393965.5436778,12.800654649734497,150,153650,confirmed,
451,0x3fcEF1d3017E6D376764631ddB60DE16CF058FD2,node01,b40b87563312ae29137f669288d1c87d0eef643b65778eee03bbea33ad6c5fbf,4,1791393952.7463796,1791393965.1921113,12.44573163986206,151,153630,confirmed,
452,0x013f4DFd639235e3D2862eC628F9e9A00478e953,node02,e0ed4ad489dde2b6897ee1d278f89ca538f2f70e82d6c1b58c28bde04405df36,4,1791393952.7481341,1791393968.9001286,16.151994466781616,152,153630,confirmed,
453,0xd4f6D577C9366810c5Abab73683013871590425b,node03,8ecee98ca31bcb1cfe44a25cf42ea38b310bc3910518a23c8d990f3031c709a9,4,1791393952.7503276,1791393971.8841715,19.133843898773193,153,153650,confirmed,
454,0x962341c20cAED6D6B9BA7d5D6167e1B6bE56C9aF,node04,6cfc04c8bc6ade73e9ff9bbc97ff7d4e315d6aeed22e39c5e6d6c52149c03b82,4,1791393952.7517128,1791393972.2577531,19.506040334701538,154,153650,confirmed,
455,0xc69d82641f8bfC26C0306b71D436f04E8A77180d,node05,8a2beb4498063387ec66026c5738d90669dcdd845867a17bee226ed2f22295be,4,1791393952.7540731,1791393974.755856,22.00178289413452,155,153606,confirmed,
456,0xc89b0426937252fEF6263CB77263b393Cd6Dc749,node06,c96d1241fbfdf59b897b4fdfa811e1fbf44270d306ccecd5f040875b045b0995,4,1791393952.75755,1791393974.878006,22.120455980300903,156,153650,confirmed,
457,0xA7C4a46Bf35d685915fD746F8C044b7e8f567A8d,node07,66f832e092f026864648e7a2f147b006e5a5196e77c448723a809dfee7efe849,4,1791393952.7594938,1791393978.1434863,25.383992433547974,157,153618,confirmed,
458,0xF7484F27A50D1cBA34994f1Af6376Cf3409A2a9c,node08,61fdffff1346d3e4fea83100ada5d15d5a75c320351d96c9283c4d793849264d,4,1791393952.7615461,1791393979.3734837,26.611937522888184,158,153650,confirmed,
459,0x26F2Ac37b433e50fdf30d019F32E398Dc7703e41,node09,2be5c2f047697ac24f89a99abec8a85b8e5f7ad4abe419efce15ce5b4740fd25,4,1791393952.7639616,1791393981.7346926,28.970731019973755,159,153570,confirmed,
460,0xFD0Dc9f3dbFA1336Af2BB1f13BaDce27D0113AFA,node10,3dbf80c98ab826a2d5ffef131910c789ec5d1cfcd6982fb0f7999b06ed1290db,4,1791393952.7654321,1791393983.1720157,30.406583547592163,160,153650,confirmed,
461,0x5f8297F202B5f7f82b51Ad7c9e7E16ea20618969,node11,fac5e99dd289b426f33996900dbb973ff49d48f275399bc96ff30329bf46eb11,4,1791393952.7670364,1791393956.488984,3.72194766998291,146,153630,confirmed,
462,0x335e21D1888daaae1fcFF68A5AbEb6e2FfBdFa3B,node12,e3c05d377c319535c5d22a438cd6e138973f0e19c79577b22b114d3078cb1968,4,1791393952.7688477,1791393961.3160686,8.547220945358276,147,153638,confirmed,
463,0x2d31fca596eDf1231322021E37C2Cb08f97cf124,node13,834da7f76c213aa7fb5b4fe2b4e2f0ebe26f1d489be08874b0bd61d9974bdef9,4,1791393952.7741585,1791393961.3695855,8.5954270362854,148,153650,confirmed,
464,0xB3C6339B8d98bF7172248E36AacE6449CfFb517e,node14,cac9784dedfc2766043cd706df9c2f06884a0eca5839ffb92b7543a663e53f1d,4,1791393952.775785,1791393961.2818604,8.506075382232666,149,153630,confirmed,
465,0x4250ed527F26a731359aC944DB04623542560841,node00,abfee202de82c2fb2a644b8f8d875567a2752e1173ea14e60b81051b85af5626,4,1791393952.7787762,1791393965.2862873,12.507511138916016,150,153638,confirmed,
466,0x1AF93FE81Ace64f1Ab8b8902FABF2697a7da79C4,node01,0f0cf0ea5e03d64c4f42c356cf636ba9466e8a3634db3626ad33f75e4e1e7129,4,1791393952.781932,1791393965.5851696,12.803237438201904,151,153606,confirmed,
467,0x74Ba1D7378be4A31acFC09837Ee62caBc0db3622,node02,51202c89f5c2f0c1a0678094325a23e1f51a10cb77945c333e1c28af6032d154,4,1791393952.7837532,1791393968.782035,15.998281955718994,152,153630,confirmed,
468,0x50bA3C61B52e7197D008C9cf4adc81f52CA2869B,node03,f7d1b1737f783c06dfd472b48f558a026ed1cabc2857250ff9b7c2e9fb6f0ae7,4,1791393952.7862878,1791393971.9534664,19.167178630828857,153,153650,confirmed,
469,0xD82B94fA297BC50D630FBB152c979720eEa25731,node04,9863ed5bde7010baae36e1e5942a38a286b90e8389d67b8764a005b6245f6397,4,1791393952.7882996,1791393972.3169692,19.528669595718384,154,153618,confirmed,
470,0xAfC344ad6235326b77b87C992fD616298A81949D,node05,b2f3bc1e4362d42bfce6f4acfbcc57f2c7a96a0262ca501ad582602dc8481715,4,1791393952.790008,1791393974.8807585,22.090750455856323,155,153630,confirmed,
471,0x2401249f61AC0946b07687b425863c7732974dC3,node06,21761eb1a6c64de486f9dce6b8777ef9636d3d787ec2f1ad2ff90a7b446d19ee,4,1791393952.7919304,1791393974.7984688,22.00653839111328,156,153650,confirmed,
472,0xC882f153eF93bd3A4aa43137081dE70Af021EF7f,node07,1750ca8699ce1e95bdfcca76d57b1c89cff5466d08116801c6a96dc255f7109b,4,1791393952.7936413,1791393978.3943605,25.600719213485718,157,153618,confirmed,
473,0xE6377a3203621B8C8624cE5e464972edB1c67242,node08,12343b74f7fb942a2a05624a0bf80262bd626abebb98aa0a742d49188011ba78,4,1791393952.795358,1791393979.355151,26.55979299545288,158,153650,confirmed,
474,0x8659A436950D030Ba740750DD0515E1C62F37E17,node09,f104fc72c4faeb384e8243e92a636e60507e826aca570e1e95a922fc6db4eaea,4,1791393952.7968178,1791393982.0066502,29.209832429885864,159,153650,confirmed,
475,0x767A4dBA5f3b8BfB155083145957E5AB28163305,node10,a8668f010ab30a1c017d383d93238a7bb0c6991d4b17d825e2e11e555fbecc89,4,1791393952.7994716,1791393983.3733993,30.573927640914917,160,153618,confirmed,
476,0x1B0a9004609FfDc6cEd03A60E282d12B37176beF,node11,ce01f23671725865661ae6662d4ba7b49ea7d2b930c837fb08dcbae70de54850,4,1791393952.8014212,1791393956.8034358,4.002014636993408,146,153630,confirmed,
477,0xd987823DC33068F66EdD62Bcf2287E7203B912da,node12,a9bb19f8553249879638ef46a6b3268d6ea2220c474bd99ab55e122cf871849b,4,1791393952.8071897,1791393961.7735693,8.966379642486572,147,153606,confirmed,
478,0x4D344a729722554744D4BF90cA71620088F30055,node13,852e8f17ddee60a86e7e0bba41dc45d44b861c3bace23514791349391fe03dd0,4,1791393952.808933,1791393961.4992795,8.690346479415894,148,153630,confirmed,
479,0x703aA8BEB6f77f6e1D485d57C51DA5C39c3cF560,node14,94514fc5c5dc728b4701c49d8149aa32909a25b1a3ee9ed3e611158a3b006696,4,1791393952.8113396,1791393961.205439,8.394099473953247,149,153606,confirmed,
480,0x76C72Ba08c1C7179b12F08Ff3307e21D417b4437,node00,a4fa97540b106cbaa35edf1592382d923975e4c43b59975622a85992bc758f69,4,1791393952.8147767,1791393965.2527647,12.437988042831421,150,153650,confirmed,
481,0xbe32F5d88dCb0Af1bFBCc4Dfe856BD55ee9572D0,node01,cfbc02540372bc7a6e70510e4e86e06db53edb8760efadca0853ebdfa86a8094,4,1791393952.8188083,1791393965.6709712,12.852162837982178,151,153618,confirmed,
482,0x8E7FB910e64B975D1EB83C6E4052fEB8EDD416AE,node02,9c84a3e9153855e13409bbc9fb9dc7f5c109681ee74a2c506dd51718b1f199ae,4,1791393952.820927,1791393968.936467,16.115540027618408,152,153618,confirmed,
483,0x377fF7E2E45684bD5779A7A984a2acB514336688,node03,2f24ad26e388656b555582442cc64b718e75e0e63e8044f02cb3995d57bf8be1,4,1791393952.824884,1791393972.1826212,19.35773730278015,153,153618,confirmed,
484,0x33d3e700deE420D9f6CcAf4B845BE2FE9113641D,node04,227c666a10cb22bc952e9f17f642b8a84ae148d03354bef44e8ff7ef0c463567,4,1791393952.8268962,1791393972.2930937,19.46619749069214,154,153650,confirmed,
485,0x18867e3Ef8f1207bf227BF369edd84d1DbcbE55F,node05,4b264f02a9ea2301e426ce8285f5e7e7491475ba3b601ffb75425e2daf397f0b,4,1791393952.8287635,1791393975.3143938,22.48563027381897,155,153618,confirmed,
486,0x10f69E6e1eD81bdF397571Ee1Ff4569aDa7E6C86,node06,e20f3aeeb1d7cf0a2ce3009136e38c62a024ce964d70414d4cfcde3254bf6577,4,1791393952.8307874,1791393974.8446226,22.013835191726685,156,153650,confirmed,
487,0xFF3d807C17A2c82ea123b511a6C18226B16ff3E8,node07,2c573f01818eaec3167df23dec9fc17d7dfc38c67a9b8d2980f39285cb63afbd,4,1791393952.831359,1791393978.3613775,25.53001856803894,157,153618,confirmed,
488,0x6f6C423726bD35D004277e20479B705F350f6f2B,node08,abe8e364c29d3b9d9402a7b60cb5c6e2c696340403153694e2a81939b0abf0b3,4,1791393952.833521,1791393979.426617,26.593096017837524,158,153618,confirmed,
489,0xCd5b959a3a42a771E1ECF5F723ff5F7FBf43fd08,node09,97367a770aedc68bb756f4602e0b66095c81d62d63a7d5b99c18ddf4a7f86d91,4,1791393952.8372774,1791393981.778917,28.94163966178894,159,153626,confirmed,
490,0x5bcaF2d1C9181F5d1751BE3B2154D3A844d11DB0,node10,2e562ba4f295ffc986bf1c57b8a27d8be8aebc775f587579332b282958a02870,4,1791393952.8397524,1791393983.444897,30.605144500732422,160,153630,confirmed,
491,0x5c5Bb5dE8BcC1cfA2105DeD5Ea073e25206f34e1,node11,02a6e5efa936eff638fad1648817277d6e85e0ef1a93c5b18425b75b135a1fa8,4,1791393952.8419049,1791393956.5072343,3.6653294563293457,146,153614,confirmed,
492,0xd71a151830ef09F7D7718319F87eD8E04225A375,node12,23e9630d3820228428280bb12ebbc76adb4fe45c0518111f1e481a5642b4b445,4,1791393952.8441749,1791393961.3635993,8.519424438476562,147,153618,confirmed,
493,0x3a6C36fff50530A32Aa6fE2101da785E5F561be7,node13,9c2fa7be62e0fa4e426ba7d5992292d90f4f84a78b408bd3320f180d9912c47b,4,1791393952.8460586,1791393961.2826192,8.43656063079834,148,153650,confirmed,
494,0x0Ad2729B52390628D2f1d14AA885f3D6E3ECcc56,node14,b5718ad4a263e8f9e5458dca515b9eebb8069e85c6e568424e754f00861be7a3,4,1791393952.8479035,1791393961.5906212,8.742717742919922,149,153618,confirmed,
495,0xB8f0572ae2bD45006615fcaA994AbcC7Ff763B0d,node00,4140efac03cbccbecf12237ac4f64791a663b89d38cd545a56e44643765e40f3,4,1791393952.8499932,1791393965.4399357,12.589942455291748,150,153638,confirmed,
496,0x6E69F6D1A30b96cc8e35c3AE0e3b6D8b15D97b29,node01,4f4cd5f1a79ce71f902d8af44b51f3762807ced397de7da36c6718822ff0d8aa,4,1791393952.8514905,1791393965.825424,12.973933458328247,151,153618,confirmed,
497,0x38a9d58AF2BF38B046865e6F57f58d9F728c3088,node02,3de64a7c669962539d444882813b1ba755ba415dddee354a91ccce0391e2c131,4,1791393952.854288,1791393968.8322458,15.977957725524902,152,153618,confirmed,
498,0x860B0BAF05f22C5da6ff5b13b7f670621be81F97,node03,d9e6534157495f0dfbaa2343c508f85e8e3abc987d6d4f037ac42bb8d564e14b,4,1791393952.8563545,1791393972.1751173,19.31876277923584,153,153618,confirmed,
499,0xca0611B81632A8eC84cc76A768335BEF574467C4,node04,73f9e5c37f2738a519d4efc9289c69b96f81f1619902af031f4ed3567d4ff6e4,4,1791393952.857777,1791393972.2804253,19.422648191452026,154,153626,confirmed,
500,0x24A4d4902613E37cBE0a3aF39823C211c1a88d99,node05,b183f17cf666f5d13ec201dddb83ed733e8db528f692d23021f2f55eb7666748,4,1791393952.859436,1791393975.0424364,22.183000326156616,155,153638,confirmed,
501,0xB04770b595Be12AA3EF0931f1cB406A3a3A2dA8D,node06,dab3fc369aa77ad64fa28b44b1868602d6e0a83b81ad84e713dcd241939c620f,4,1791393952.8667617,1791393974.8213098,21.954548120498657,156,153650,confirmed,
502,0x9a3B052f42392A4c126512185c37E6b43F6b965a,node07,83ff063ec63d0f8f6c904e56bed1010fd1ac55a52a64af67f4f8827e144f5355,4,1791393952.8683693,1791393978.2539272,25.385557889938354,157,153638,confirmed,
503,0x9B5C631Ae5584283057B4d0bd73E5D25fF902551,node08,1c270cfb0976b1b9ffefc2a56a81baf02765e25cd13607a5ccee71e9f8159ac7,4,1791393952.8703206,1791393979.3705401,26.500219583511353,158,153626,confirmed,
504,0x0dFCF3dA4C452c10c2a50E2124b96719Cd2956E0,node09,6f6bc21f08f3a0ffc98e2e6023c5a96436bb99c31bbeacb2f3e129693b17d0cf,4,1791393952.8725762,1791393981.9196925,29.04711627960205,159,153630,confirmed,
505,0x8bCf52ddcDd737996958bb7642f34e5584311383,node10,556ff55b3ca26383c97fefc178f69dae5e77ec692e895dc331d843f619c72e56,4,1791393952.8747902,1791393983.3909273,30.51613712310791,160,153618,confirmed,
506,0xE3c6d788B9F7e357a78085d467DeD97F061fC3a9,node11,079bc499fc252c10ec24059e018c0b19f65a9ee00a031145f6b88edc14d4bbd1,4,1791393952.8767526,1791393956.6786623,3.8019096851348877,146,153638,confirmed,
507,0xDb03501ba12325C5B6427854b4e08F0655Feb25e,node12,8b66b871d388db4c8b1ce1f516332bd1c9210a595918a329d49447db3b573d64,4,1791393952.8789513,1791393961.9781358,9.099184513092041,147,153630,confirmed,
508,0x5F29c670717884B99D1127706d5D42f32608734C,node13,a1a106165f41ad86453ebe3eebe301ca3cd803c5d71f548590c33994596f7da4,4,1791393952.880702,1791393961.4584186,8.577716588973999,148,153630,confirmed,
509,0xfb611300A2e81fAEd572bD611a3b7b2F0152bDF6,node14,8bf156bcc043f422ec046c01563f9c71df35d60bf7d8c08646d4bb2ca2002c3d,4,1791393952.8825927,1791393961.5430424,8.660449743270874,149,153638,confirmed,
510,0x1AD7FDd83bf2864907f537e9B4BD6bF8E7fC382B,node00,d7cd26dfabc4404688e4b20ad313dc1013e5313cfdd0a4e3f992b8fe9911395e,4,1791393952.8861556,1791393965.800364,12.91420841217041,150,153630,confirmed,
511,0xf38086fDb03e260e2Ce7b68482CaC3F9866A5709,node01,af256e4ae06d730abecdeda55462b6f1829a99b2d9f288d588052c59e7c711bb,4,1791393952.888567,1791393965.2773771,12.388810157775879,151,153638,confirmed,
512,0x2b236C40d6816FF5265a5240AbbEb39c442eb0B2,node02,c30266e614b76a1066e959637b8db89fd439977b6d8d047d01224d48285cd316,4,1791393952.8916895,1791393968.8400025,15.948312997817993,152,153650,confirmed,
513,0xb60074b3199cd9e2814a8E2c965D2410eB3a86bC,node03,0f7c9ab55bd4b965c8f1899d3a5cdc8badef164a7330d8ebf899818e4bee631c,4,1791393952.8945637,1791393972.178037,19.283473253250122,153,153618,confirmed,
514,0x901119467bf35edc0CC5370CCA0E258C21A9Ae4c,node04,72307efea842b61b2f5b44b7704a96c3116f2e11896129462a265369e4141004,4,1791393952.8975646,1791393972.1052058,19.207641124725342,154,153638,confirmed,
515,0x8eAc7a07df21280C952DF5C32619B5d72d6dD843,node05,ce2005904230f33c1e3099966b07c7f54ed35bde06a2dcf1fe4ad5615ad2a506,4,1791393952.8991668,1791393975.3846958,22.48552894592285,155,153618,confirmed,
516,0x4a45F37947936E87Dca3E5B9b5C1285291De9cF7,node06,e257c39cbeb817d9fc0f83c145c1118c83607425453ebafb229de9c6c2548e67,4,1791393952.9009283,1791393975.4813037,22.58037543296814,156,153650,confirmed,
517,0x13C7Cd39ccd37FCA7516011e4F4385252A498108,node07,3fd19b9acaf5b9bf7c5727d066a3d12cd601a087cc3b2f2d35b1d6ad4a87bc8e,4,1791393952.904094,1791393978.221463,25.317368984222412,157,153638,confirmed,
518,0x2dbb849408e19840b92B5c8Bd2E3fD756AC5d05C,node08,d5bace5b8a94d6f47c214a28255f86564e9e89b3364b677dfe2ac3580d1b3f76,4,1791393952.9061723,1791393979.3955166,26.489344358444214,158,153630,confirmed,
519,0xC31F4EcEd1426D2e1A58FBb81b29d07ECE90A39A,node09,14c70886c5136db49a79a0a9399d1664e619b6066223924198e7362b44b6f096,4,1791393952.9080448,1791393981.766727,28.85868215560913,159,153618,confirmed,
520,0x10D3B99e41572E6eE4EBbBA3422b1Eef9f470EAa,node10,a1bd323f3a7b5edb12c3fa7b408afcc86ab9decbfae9308e236f12649eb1e553,4,1791393952.9102404,1791393983.271265,30.361024618148804,160,153618,confirmed,
521,0xB9811028c26b5BdD5ae9c3933C1a861D62c71601,node11,2de67bd38e045e8792ac96ce10f7822e01b3b70beb9949a35c7c617bae3077ce,4,1791393952.912757,1791393956.6841018,3.7713449001312256,146,153638,confirmed,
522,0x598EfCe50219Ef057d1c478bE5C430729D6F5933,node12,6167697e8a82c224a14ea9883e7bc66300264e226391aa70a842dcc2042f7433,4,1791393952.9144123,1791393961.7402184,8.825806140899658,147,153650,confirmed,
523,0x60B11299C9244a18E94662D8fbefBaD0ecFB19bE,node13,db599016fca75082fd6a1c676996ff266b14df2c6a08ab63455c95857874b64f,4,1791393952.9161491,1791393961.5971494,8.681000232696533,148,153618,confirmed,
524,0x3C00D2CB2a0Bd4a7730006f22ca12Db83Bd6d0bC,node14,65337c199efd5c18b77c4ced6e12807b33b131520f8b67a0cad86750182480a5,4,1791393952.918034,1791393961.6425812,8.724547147750854,149,153630,confirmed,
525,0x9b403Bfa2f5B0A7dc8E7b11135657c2E23aad41f,node00,eb50b41fb2c1c63da7f810da790bf57056d8cf789d813c8e92062073ea958073,4,1791393952.9203475,1791393965.3923304,12.471982955932617,150,153630,confirmed,
526,0x2eE62c3338f681eaADeFb6674edafC706A886386,node01,99ddcc71bd349de6de25229ab12b15b11cec97a9e7ed1ddcaf0543a81eb2d3c8,4,1791393952.9217145,1791393965.3808582,12.45914363861084,151,153630,confirmed,
527,0x888C2FA4A90Eba207cAbF4a617c475F4f03F42c2,node02,82e0354a9bef28f17343ab5fc869f8884127a0a2fdf9e821635e46d1d7b4e53c,4,1791393952.9234202,1791393968.7924979,15.869077682495117,152,153630,confirmed,
528,0x42FD344C71835EB1b3be2A8B3cAD71513214035b,node03,926e0b63fe04f411462b1b361ee598adcc634c3d780397cf2e0c353c4e25ea87,4,1791393952.9253078,1791393968.9774523,16.052144527435303,153,153638,confirmed,
529,0xF03264d92bCF1ba141C5563c623f2C4284AA8453,node04,e0fede480187a9866f87c331cc3cc1046a06bc4947ee8d57010b9a0e55696db6,4,1791393952.9269989,1791393972.260465,19.333466053009033,154,153650,confirmed,
530,0x45D2E810F17c2cb1396561E502a557d15Da07D77,node05,69bf7f4378bce6f2aed8963233d7a70fa1a0a50b594080470daee64a8a18b412,4,1791393952.930438,1791393974.9222157,21.991777658462524,155,153618,confirmed,
531,0x0931494A100D30Da0e0Ad440d13584c121b63675,node06,ef88b08cc52d12f247dc9e6ba5cacebd20c93c5b20c7dfa0efef5446ea525b21,4,1791393952.9318738,1791393974.8971922,21.96531844139099,156,153630,confirmed,
532,0x7c7Af2D5EAf5c733DdfeBEd92F0E605e178eef21,node07,73084f83742c32bda0b37e4097ce9047d29cde7b3ac7d7bbb210e2e0e953aeaf,4,1791393952.933453,1791393978.1711614,25.23770833015442,157,153630,confirmed,
533,0x0256d5823279508Ea96dECB3097Ab1e559BA5972,node08,2cda052f60c85326580a997d9d613178df972f0d042717af975cbf1d5ad1923e,4,1791393952.9352672,1791393979.46834,26.53307271003723,158,153630,confirmed,
534,0x7A551baA14f799A3e0405A31723B2E4F9E6eea3E,node09,f4ae1c12554d348ba4562d7ba0d89a72a71ee5d54d400da6855a644b779df20e,4,1791393952.9380004,1791393981.8756835,28.93768310546875,159,153650,confirmed,
535,0x94dA013eFEE56934Ea304244d89f592EA2ADe8d4,node10,62c5a45933439122aadcb445558e11eb951ba5c51ada2d74f512b9d16a86268b,4,1791393952.939752,1791393983.2559743,30.316222190856934,160,153618,confirmed,
536,0x1CBBAeAE1c7898a703FBF4fC026e6b526E9A0C92,node11,2274d6e51dce08ffdd595df1311759ccfef58b016d03b241c8177725a0bd7f96,4,1791393952.9435003,1791393956.5774055,3.6339051723480225,146,153650,confirmed,
537,0x3CFe0C97A1e6bAB73C04301285aCCA88028ED6c1,node12,3d42c409574e6dba8f34b02ec9f477695b079fd73a909b1e8d4ac95c27f80d3e,4,1791393952.9447234,1791393961.7704005,8.825677156448364,147,153650,confirmed,
538,0x566d4cAD7DB4274Fc37CAA0f8C7AAA34F9E98eCE,node13,6610d2b63fe1a6887cfa2e76cc7d854b2b7085b7e8cd7a442afbf496004c137c,4,1791393952.9495134,1791393961.786447,8.836933612823486,148,153618,confirmed,
539,0x6E514Cab6956328881A8E0129bFCCa4FcaFe790E,node14,47f695a82f8f3d5f4f204812ae7fd87e0f295fcb176bfe6b63610398ace8f73a,4,1791393952.9540634,1791393961.9524326,8.998369216918945,149,153638,confirmed,
540,0x40e4990B05D1E3F639B8d4fE739460B626AD1Bd9,node00,fcf66139c56cf3ef6d804b59088b8b7a5ecf06964d5b2a41cbf51768da6b6b7a,4,1791393952.9562998,1791393965.5908644,12.634564638137817,150,153638,confirmed,
541,0xA2B2145FD9B5f6c00c4E145f752b1b7B74F50345,node01,549f33f977aff1534ab2fd95a60a70ad960550537dad68d485451b1cbf63e12c,4,1791393952.9591331,1791393965.6536357,12.694502592086792,151,153618,confirmed,
542,0xc4a393937f3b160Dbc91900B69597B55f94a2F9a,node02,0a3e8b15995f6ff9b576fe5b82428d3d8420556280ad54c989398758c9e58b48,4,1791393952.9611278,1791393968.914367,15.95323920249939,152,153638,confirmed,
543,0x8ddD8BC3641c62DF184929F18772C008d9B89885,node03,fd1463aa99dc28523e218535c33b1d2d3e24a7c2b9a0a72cfd94c587db750436,4,1791393952.962825,1791393972.2709868,19.308161735534668,153,153618,confirmed,
544,0xbE656Cbd4E5b014fd7B459661E7f8Dc0db665D61,node04,a90e40febb5a05a2e96b301e6a57f2acab8fa4c0c8feed41c2b2f7ef7121a715,4,1791393952.9648283,1791393972.3817024,19.416874170303345,154,153630,confirmed,
545,0xd2a504ffc3c2B1795f70F7B1D329Af68F307a8D8,node05,253eeec8916a88c99d80c853526196dcc5f14a5dfcc1eac9c27af9563133220c,4,1791393952.966725,1791393975.309963,22.34323787689209,155,153650,confirmed,
546,0x11cf4a681fe127fb10df47c94FFD07c1c38b4c14,node06,d619cd9a3529780df5961d9ffced920e8874be71d6f0cff0db99c0e98e208da9,4,1791393952.9684825,1791393975.185462,22.216979503631592,156,153638,confirmed,
547,0x0d418629369d32bA4545fcE8Cb282d624779f908,node07,9ff37abd973ecaf8641c7e8ae61198dc769f5fc475ad6353fb9b0226e3dddd1c,4,1791393952.9702277,1791393978.4576578,25.487430095672607,157,153650,confirmed,
548,0xb24a06A2129C7051ACBD817f5094205c74693d40,node08,4495f35d6c522b38c116007736b48dc230a6809f053f64e4bafaf1c0ccd0b5c6,4,1791393952.9718034,1791393979.8245046,26.85270118713379,158,153638,confirmed,
549,0x993CC5c12257674f862e9a149F45Beb679f891e7,node09,cdee4419c68e2ad2d58ae566938499d62aea9452b03e8823730441155ec3de87,4,1791393952.9727476,1791393981.7530353,28.780287742614746,159,153626,confirmed,
550,0x94d52E14757dc7eB64F6dc62E4872b2CEb957d54,node10,85b402a7f66affe736428ce531697e12aa7c5c8613a988e57b6b4cf49c66ebab,4,1791393952.9743605,1791393983.3686423,30.39428186416626,160,153626,confirmed,
551,0x0603173dB17792ae24284413f4E3003d178758AC,node11,fb869aba781f96a8a421fd9812bde18f591c842fe7e9b1f7dfdb72a54d537a10,4,1791393952.9760501,1791393956.7365541,3.7605040073394775,146,153650,confirmed,
552,0x9d343667F71547aAC196F2349B960fe4ee3b3db4,node12,aacdb562ab08cd787115e775c37d01a48b4c11614481fbdcd4ab71488734cec6,4,1791393952.9785795,1791393961.7796726,8.801093101501465,147,153630,confirmed,
553,0x0917e86780F41a438eedE984c049ab2AD4170BB7,node13,5fc39f18fb10820919e8945404b29fce26df19e5a11d4c9b646ff0d5c57019e9,4,1791393952.9815807,1791393961.657882,8.67630124092102,148,153650,confirmed,
554,0x7EDe1370827b6E77B4D4c9f4ed89d66BC9a132f0,node14,f9fb45e376129f7f517fa46d8c44991fa9bd57d124dfe1a0950f3d71a40bb1e0,4,1791393952.9843662,1791393961.538862,8.554495811462402,149,153630,confirmed,
555,0x8F55F659177505F88F4919f214fc20558c4cBBD1,node00,67870e766cc376db8868ce0105b8d5c356722b378d239a40f58c1f74d46a8ae2,4,1791393952.9854178,1791393965.788615,12.803197145462036,150,153618,confirmed,
556,0xdE5D98B21A6E7d0483aA7931ACBB4380908cf137,node01,b526495e14e388cb3d06f2d2f31b909962813dcc255053e19fe51bd89b9e93a4,4,1791393952.98759,1791393966.3048475,13.317257404327393,151,153638,confirmed,
557,0x0612e33a677230856bb97204A4d1EE0Fc0ac7bF6,node02,1f9fa1ba69123d89d5578ce5e0c4e12e11dfe01c8d8b75d017870e7163c1159d,4,1791393952.9892864,1791393968.8634531,15.87416672706604,152,153606,confirmed,
558,0x528FFd6A83FB7e0D7aeDDc0DE4fA649519260f02,node03,61566b6ae67701e7cb6fe489f6b9dc9da84fbca6da681d2eedd5326270934965,4,1791393952.9905648,1791393969.4149816,16.4244167804718,153,153650,confirmed,
559,0xa552208619202E05a6fcFA6F586F78AD9d928552,node04,fb0e1cdba56d93163d22030735a4c1622c0560e795ac724630f913221dc9a8a4,4,1791393952.9938538,1791393972.431123,19.43726921081543,154,153650,confirmed,
560,0xAA9B9ED147030504C2Cca393FF38A0a42Fe3CaC0,node05,da7048aa15af180bda92e68d1bd6d2ee8117f95b75ac2f848e1d45b75a0e0f3b,4,1791393952.9959447,1791393975.7883596,22.792414903640747,155,153650,confirmed,
561,0x70D8bd1702a1153FE0D2c0640344131aD481d66E,node06,fb9a264a1e6e55bade0b71f553d4f031b139879900ae83ec57ac8335283ba608,4,1791393952.9980683,1791393974.9726963,21.97462797164917,156,153638,confirmed,
562,0x49cf46144202CBf04746E28D4a2133994Bc68D1b,node07,245313504c8e648636915c4a498e6bad6f80e3142cc407dfe5580f12ecafc81f,4,1791393952.9994605,1791393978.3740852,25.374624729156494,157,153630,confirmed,
563,0x4B5d5066497bBeC77e7C2B90FbbAcB01e32f87Cd,node08,24e0c63c10ca653bd56371ec4215b84f2534739d6a069864934f7bfde9c65486,4,1791393953.0013301,1791393979.8390892,26.837759017944336,158,153614,confirmed,
564,0x81e53Cd508dE31Dda77D31945635cd77088335C6,node09,3f128414d0af07601abeebae5493b8b88be7235a858936ca66ace94d1e2782ef,4,1791393953.0030193,1791393982.1103616,29.10734224319458,159,153618,confirmed,
565,0x607966B23bDd74203f1BCE6B41310A13e0DbDcBe,node10,75ef7228e4e0c0d1086d1e1d2bef2e6e6f015edc1f1d7b412e7b5bb7861cdf4b,4,1791393953.0058215,1791393983.3223374,30.316515922546387,160,153630,confirmed,
566,0x7209B397e9917DC4643bc1D15D43dE20EC7452e5,node11,e22789bf292d3754148926fc4099e00fddc91626250454420bf5f57648678ac5,4,1791393953.008318,1791393956.8187273,3.8104093074798584,146,153638,confirmed,
567,0x23D0992d4b1734e466434A469a0E014Ec1eC6eb1,node12,d11e333cd72b3858e4cf38cd806b6e1aec473167d6d2e2c62b700b0ba44fb185,4,1791393953.010368,1791393962.18496,9.174591779708862,147,153650,confirmed,
568,0x213aAa76691FE7d535dC1D8c2F20935C0B7309d7,node13,3ca4f28597c7c84c9173958b0651fcbaa438fad600c15e1ae924b7651f0e4300,4,1791393953.0130944,1791393962.0348616,9.021767139434814,148,153650,confirmed,
569,0xcFEafEAd1bd08D6bEf367c86D8E98e265618b3Dc,node14,e11ffdd795d00437147cf7ebd49569382b4608ef88d348faf2895ac50bedf43c,4,1791393953.0145562,1791393961.8271577,8.812601566314697,149,153626,confirmed,
570,0xfE09ddbfCEEc5868B3A9f87da69CE3986C10E186,node00,1d83fc41148dc63e68b00b0f5d2ed349eac6f8bc8deeac56ff70af6abe2391e0,4,1791393953.0173187,1791393965.6953523,12.678033590316772,150,153638,confirmed,
571,0x32164487ef7cE880b0EE1100e734A308e6e062cc,node01,6209d2d37ab7acfcd103a2d7bb0bfd5c109c28873388c383771946d275787776,4,1791393953.0190709,1791393965.632597,12.613526105880737,151,153650,confirmed,
572,0x458d90c8337Da6755da8A9A715C373a5C27E4C17,node02,22fe9c187dac84dbbea7ff954be975842963a057e2992c5f8c5c7db76b76f0e8,4,1791393953.0197322,1791393969.1352215,16.11548924446106,152,153638,confirmed,
573,0x05018664A16Af35857C9ec24Adc9B0b7BEa3cA2D,node03,c1d910ffbd1d4b3f86c9bc50f1652bd46cd46cf8702b157d7b71c36be4e63361,4,1791393953.0220082,1791393972.845263,19.823254823684692,153,153650,confirmed,
574,0x02f9873ab1811c6d2a5aceF0DC4317415cb94c79,node04,5d4894595f2fd5885f6e6cd141a45167c50c38e0c4758f0cc412d3dfee46de99,4,1791393953.02395,1791393972.2247884,19.200838327407837,154,153630,confirmed,
575,0x767a90061E2A533bc379E14Ec1F110be89D05B64,node05,b2f93d7be74075192be55bbba3afbb811bf3d7e980ba65143f6354e1bf53e57c,4,1791393953.0267057,1791393975.9527562,22.926050424575806,155,153614,confirmed,
576,0x69Cd570348D3A9f26fCf520E0ce8Fdf69b3941b4,node06,852294c87297cd2d0f47dd96657a392ba45aefc4d1d3034a279be458e8774236,4,1791393953.0299149,1791393975.275003,22.24508810043335,156,153626,confirmed,
577,0xbfdC27aeD4558DeD44fce9A27dBe45ED6d4c14C7,node07,e71e5fa2008df6bfb3041ed52d33b5f5c892270f83481b2d573506780cd40e59,4,1791393953.0316703,1791393978.1624606,25.13079023361206,157,153630,confirmed,
578,0x95Fc84c4BC2164E7c5AF325e0F2882393E331B2C,node08,460921478baf5b391ceb44e7104a83d8d318f9b875628acf1f07041921b69095,4,1791393953.0326223,1791393979.5712385,26.538616180419922,158,153630,confirmed,
579,0x000DF469491B58a0dbd53F093f230BAca91Ca099,node09,bc57a50e8ea309fbc8ab37e21dd1f49b270128b300ec91c7cf78fbf6d3dfd1ea,4,1791393953.0358229,1791393981.996959,28.96113610267639,159,153650,confirmed,
580,0xe05238Cb4c7A99c5C3c3645C996d8E4f9f6bae50,node10,4b73213caabce404f52d2986bd841e381aa0e485365c6479da343924a94d191a,4,1791393953.0377617,1791393983.2961805,30.258418798446655,160,153606,confirmed,
581,0x2d5Ec8cf6B2D26eec4bf26Dfa7FBe12861F01e0a,node11,dc96f44d8d82a443480a8face3a90dd7d217aedc890fe22c4399a39b7ca1faa8,4,1791393953.0401256,1791393956.6826148,3.642489194869995,146,153630,confirmed,
582,0xeC5ca21Dc7Ff9bDB50346A7ddfEcc62a4012325b,node12,f43f922327dbcc7a0f16d5c61c5c9b63631f37a5dfcb646bb2c7447c26ced614,4,1791393953.0411253,1791393956.8397794,3.798654079437256,147,153630,confirmed,
583,0x4cD95fBcAEA853B53Ce4eFb922cf4691cfFee6E0,node13,af80c75be3177fba5a64448eaee0a7661213396b28d6b1ecd3e6ed309673bb2d,4,1791393953.0429235,1791393961.708794,8.665870666503906,148,153618,confirmed,
584,0xCbC84ff92048a3236fEAe5dB6075ae1b325764b2,node14,9f258a83b51ce849d23197221efc9f4eeee363aca707d4d801d244e655d88f35,4,1791393953.0443275,1791393961.9291785,8.884850978851318,149,153630,confirmed,
585,0x24790F511860F11Fe65b4aB5ebFd358e634707d1,node00,ed4aff18962c552877766f6a5ba17654fc18000384d976a761eae6c529e4a6cb,4,1791393953.0491369,1791393966.3765101,13.327373266220093,150,153650,confirmed,
586,0x14f67854f774F73e078faF56EdF76c6233cbA1B1,node01,48f5f6aafc0bdad45f79ba4c77c19c45704e91f9bafe33d7d2067f3467be3a6c,4,1791393953.056749,1791393965.953535,12.896785974502563,151,153630,confirmed,
587,0x3dF2a0dE1Fb625fC015A3F5AE392d53c67C292c3,node02,58db1df3f46561fab7ef090fc461aee24b9bfe640567140efbcef4c1ba647641,4,1791393953.059068,1791393969.0646305,16.00556254386902,152,153650,confirmed,
588,0x92B48472db8Bb082a7fd437BA2bEb3a76f4582dD,node03,52fe2680c3fbbe5bdcc9bdf23125c75d394e5eab7224c0e1aa35e98a6500be92,4,1791393953.0608819,1791393968.9809065,15.920024633407593,153,153630,confirmed,
589,0x57F65B795dC037ce83461603f087B19606BA8aed,node04,4f30d434911d9dbeef7b702ad536593654c207b14a249652562d459bd3a4aa8f,4,1791393953.0635903,1791393972.233898,19.170307636260986,154,153650,confirmed,
590,0xfdA1Dd78E26bEf90c6D4b90B089E3E2c26cB5dE8,node05,ed1f2b56b8e24e549a971d63e01a2066070f469ad2465eaa30772e9c24fa9e7d,4,1791393953.0653305,1791393975.2398543,22.17452383041382,155,153618,confirmed,
591,0xb0B833b2407462CBAc4f3307d03F9d675bafe8ec,node06,adf8a7f6136cd932c1b9b30360cec5d2251bd86ad06665a5c17372c6e75fa3d3,4,1791393953.067007,1791393975.3538258,22.286818742752075,156,153650,confirmed,
592,0x66bB8bA631ADe6d78B0aCb6E2e891a264c3FF1b5,node07,9d3f62fe9a3bb0af616faee69c89244e616ce2d8425bf805b3138238f7daa729,4,1791393953.0689156,1791393978.4293876,25.360471963882446,157,153630,confirmed,
593,0x8159AF6894D5F211b8F2c3ECea6B4212D24ebB0B,node08,8941be267cf681182257f19dac7d22ee57e46b320c4dcb6356c669591d63e5b9,4,1791393953.0708945,1791393979.8709257,26.800031185150146,158,153630,confirmed,
594,0x8Ada5b77090b720E9B5B2EDd6B2Ce90d603f044f,node09,5b413bd68a07656a333a61dab5784f8f2019fd301d3e060245a4446c4cb5eb63,4,1791393953.0758233,1791393982.0696578,28.993834495544434,159,153630,confirmed,
595,0x500d6B80c8f28AAF8f892E9c2e5392082fFd3227,node10,cd95ce38875ded21fa0b54b656e75d5d54fdd63727627c35bbd3616a60bc3c0a,4,1791393953.0780237,1791393983.2072737,30.129250049591064,160,153606,confirmed,
596,0x45A0FF12B17947080628D3c826E9B1f4505a8BA6,node11,474af52892f197b75ed220cd722729d81f293bf7da083b5acd6bde302af14d37,4,1791393953.0808012,1791393956.8246005,3.7437992095947266,146,153626,confirmed,
597,0x589f873a23F87292AFE1b985491A2DD1766DeC6C,node12,c4f9b203d88aaac5b1627ce37731265f6259a5c9f59f3c16ea833d87d32dda00,4,1791393953.0828052,1791393956.8672588,3.7844536304473877,147,153630,confirmed,
598,0xF0fbE448405d51b70eca6b2D2689A0c1052F9b77,node13,7b3786895c3d89be8c0f9578d4fe4efed2404aea22085a36714b27209baac239,4,1791393953.084785,1791393962.0528305,8.968045473098755,148,153618,confirmed,
599,0x07F85Fa5e8F0722f083355c816456321b722f667,node14,e83150f323f7e191450e7f1d1654d3da3fbe18f59e168b535c49f9a888855898,4,1791393953.0868933,1791393961.9538798,8.866986513137817,149,153630,confirmed,
600,0xf4557eEF9DA671b9ddc8E32de93387FAB1F2de07,node00,ef7d6c1db780e4c5d0c5137692cb54321c682705c2d60bdea615a0786c7ac5d7,4,1791393953.0896177,1791393965.7726398,12.683022022247314,150,153626,confirmed,
601,0xB42bD606517354cE109FBADF697C4d71674975F5,node01,cbcbed2df472e1ac66f967b7d1b5449bafcf550165a543a7de64fb93e728ff74,4,1791393953.0915442,1791393965.6515048,12.55996060371399,151,153618,confirmed,
602,0xEe3Dd0d72FD5e60368C6C905fbE332947c10f484,node02,f8dc917a69ea87c54d781358d2a6b4bb94fdd614ee550b3fd2ede8fd530646b2,4,1791393953.0938218,1791393969.0217972,15.927975416183472,152,153650,confirmed,
603,0xa210e29e2A4c59d8067F939597b7c0f451225cb4,node03,c404ff3830b7246b7c12b81ad7ea7f1318c4e85122d121b35d60f87b68deea36,4,1791393953.0981061,1791393969.5536964,16.45559024810791,153,153638,confirmed,
604,0x4F1C7607DBc17C82531f19d65C069c347791592c,node04,490c90ecf56eb7023d55315dfc8f5e9c4c62917e38bc666ac9c7e29a50cb0e4d,4,1791393953.099323,1791393972.4159408,19.316617727279663,154,153650,confirmed,
605,0xEEa55a7F83603410c9e5850851A33B25CE29B7Df,node05,3b37037fa4e1d03265c1e36b2201f72bbc3230f56c02978cea2b4bad644ed1e2,4,1791393953.1006725,1791393975.2244682,22.123795747756958,155,153650,confirmed,
606,0xC4980C7c992F4907A33acdEa89629A97732F4DCA,node06,c4fc504378aee5ed8e7e65b84f10dd5082dacad17def5fc716087e37cc9c7d1c,4,1791393953.103616,1791393975.1110444,22.007428407669067,156,153650,confirmed,
607,0x69F1270feDbC1542d6EEd48C354Fb29EDA9Bf4b5,node07,5c239f5cf28c6e86d5d2da55399bf428b628f2a6d266091c793fc3a192695d35,4,1791393953.104585,1791393978.3322878,25.227702856063843,157,153630,confirmed,
608,0x5c8a987DC99D802a88B02Ad8391C5EB384ad27B0,node08,f777aea6272e81720ee4047f31a20c44b3a96518ccdcc04dbafcc3397b140dfd,4,1791393953.1065378,1791393979.8609822,26.754444360733032,158,153630,confirmed,
609,0x01735fb667aAaD9E81dfefcdB114beA00B7BA440,node09,569a5caef983af753a05be296fb6073bea48b60aa2bcc2697aaebae2689c917b,4,1791393953.1110826,1791393981.8456202,28.734537601470947,159,153650,confirmed,
610,0x011968324dF2CEAE2a750d0B12B8C3a3FC441C21,node10,4bef2891283bd257e005d6ee1ab167e4e1de4ad16fe61a6145ccebbbaaf6c068,4,1791393953.1132157,1791393983.4540386,30.34082293510437,160,153582,confirmed,
611,0x1a5769cd0493817Df230D463D2bB3Ba02C747123,node11,db0734c6a96b7c2fe2de944abbab396d30797b62efc743e3fb3cb3d9c1edfaab,4,1791393953.1185756,1791393956.9177852,3.7992095947265625,146,153626,confirmed,
612,0x556175592317E6F911cE7599475Bf26694FBA394,node12,12ea538de156eb37452e5d3b31102830634ef6a6037b897df9b31036f2e255e2,4,1791393953.121247,1791393956.8614337,3.7401866912841797,147,153618,confirmed,
613,0x1db2c1eE7b652A34a236B629B78423dc0C0a4ef8,node13,d95fe337136f71c50d05642f86f9f40df7990a36a99149bde2de088d722ee84d,4,1791393953.123514,1791393962.2995791,9.17606520652771,148,153638,confirmed,
614,0x4db025844Fd3480D15ad78aE390e8080955bFC20,node14,3cbdd247b86ea4b00b628a6c33d44499be4f9ac48f008623c36e8e2ae8ba08d9,4,1791393953.127095,1791393962.1993086,9.072213649749756,149,153630,confirmed,
615,0xc478f75844D35c5D9e1CdE641A2572FfDf0dAfda,node00,3afa441128e48e38ae2fdfc26b044e574521288f54f06810d2cdf385afcfe5f7,4,1791393953.1295671,1791393965.9588027,12.829235553741455,150,153638,confirmed,
616,0x7E952b60AfEF1Cf3552445a3e7ad11386C6fF97A,node01,445bdbf841062657b40c7800fd7a7f04bd6f839b2917987495fde0720a14460b,4,1791393953.1311877,1791393966.4523096,13.32112193107605,151,153638,confirmed,
617,0x2Bc8f718e7297D5f288932E79F5DDadEB2f6E7E7,node02,7255bd6cae36e8e00f5428442f930db1990b56fd02f8da08a14fa60198d87c67,4,1791393953.133565,1791393969.1675704,16.034005403518677,152,153638,confirmed,
618,0x56C6a5147f452510ade9161fC9752b40DbAe9de9,node03,92d6f24640937ab21ca21b93a302aa02335667afbb7cc49215a981a083da1fa1,4,1791393953.135506,1791393969.1469762,16.011470317840576,153,153618,confirmed,
619,0x18707f96dA3D6BB0595606aebEf49854cF0B4dCA,node04,3cecb015a45892f9364b636168cc6718c97d1175b5f8651dd27d14cc6146fbaf,4,1791393953.1400738,1791393972.3736253,19.233551502227783,154,153618,confirmed,
620,0x4658EbcD59F3Daf10bff00AD8Aae8aD82C09FBa7,node05,9573378dac5446d59f6850648b2fc1443cf1aa3c8184cf17f01f87d44caf06fa,4,1791393953.1433454,1791393975.295143,22.15179753303528,155,153630,confirmed,
621,0x239C4Fffe33Da7DaA0057aB232c2EC76243f109b,node06,ab25114826770e47ea16c1e2f437cbba1894caa9885a5fee03c4a8f16abe4bbe,4,1791393953.146112,1791393975.243191,22.097079038619995,156,153650,confirmed,
622,0xcA5e293654C8303E845622504B46C80032cFe9e2,node07,d15f519dc0dc974e93c470b46e3db9139a8b52972e897056f0329915c12caf5f,4,1791393953.1473982,1791393978.5087607,25.36136245727539,157,153630,confirmed,
623,0x6840e9e02e71C34dc7De1B626cE62Cc396773f16,node08,ed28403c9575108be100f5919b83adc4881db04673700fbdecf78eeb4debe9f7,4,1791393953.1496844,1791393979.7683496,26.61866521835327,158,153638,confirmed,
624,0x4B350cAF47250F45Ec7cB760F70D55408ED6D93f,node09,0c74f11aacfe8e40904363ffb1a6a767e9c3a887bbe3b41a08df321c601058fb,4,1791393953.1506875,1791393982.134658,28.983970642089844,159,153650,confirmed,
625,0xaa71D19E61fe6b280331deCEe7AeeD0130BD2296,node10,4bb42968da29b2e5349decefee7d93fb8283c20c65e5d3bf1550339e3db334e7,4,1791393953.1535392,1791393983.4120522,30.2585129737854,160,153630,confirmed,
626,0x1Ab99e960308Fd5F543bf327E19B81C658CF97D6,node11,131ca392fa48e3f0ff9f4590f149d8d256b7384a12c09385eecb5816d53a3e8e,4,1791393953.1566586,1791393956.7877986,3.6311399936676025,146,153650,confirmed,
627,0x0904ab3BBB3Fc3Ed477C71f24d1899130Be9EB59,node12,9ede7e43e328fdc6be02eb79e0a1e3a1039c62ea3cf35b4ea465d80f79c0717c,4,1791393953.1646194,1791393956.8523347,3.6877152919769287,147,153650,confirmed,
628,0x561D988Ba44D360F103a9Ccb320A8A7C489caAF4,node13,f234862d19e28f80b36b88f3745650ebd2cd9b07790dea9258867d751b307bc6,4,1791393953.1656137,1791393962.2497804,9.084166765213013,148,153650,confirmed,
629,0x7811Ba38b6323627A39df901a75536C452340219,node14,8206da6221895a6dda99931f153b406f546da2b3de1cb99eafc163f4cb128b14,4,1791393953.1676471,1791393961.9363549,8.768707752227783,149,153618,confirmed,
630,0xf046bb74fB4a76Fb35558DB846B3c272965CbeC7,node00,b67c1006e4d41f271d7946da7590a9dc066d09e970180b2065d8e15a01036890,4,1791393953.169856,1791393966.1824098,13.012553691864014,150,153618,confirmed,
631,0x60dA2D592c3F5c98DCdB246D00c65b74b85D71a7,node01,f4d853933a6b0442d130e62b09288e21a0411c13cfdd2a6eb5b465ba7ceb27c9,4,1791393953.1724014,1791393966.1340818,12.96168041229248,151,153630,confirmed,
632,0x5A57C7a9289E10C2847b7aEa44a1B6a2aCF029b1,node02,9b0c7b3a1ee79884213d876a316cbedf2f9566c0f5c7566e3fc38866080af9ca,4,1791393953.1735644,1791393969.4020534,16.22848892211914,152,153650,confirmed,
633,0x4D668dd8e01033dC5f0E8673A61EB671641Bbf50,node03,9a78553ac2f90640d9ac559834b0f91a5a548a5f970ae4f30148d6a15af791ea,4,1791393953.1743135,1791393969.633612,16.459298372268677,153,153618,confirmed,
634,0x07d52964F76228E72424f28eE81eFD4970744088,node04,22ea33f4a8cc0962563133e72ab7b44f0d3f54fd2760366a824124a32e35cd2e,4,1791393953.1770916,1791393972.6558342,19.478742599487305,154,153638,confirmed,
635,0xdA5400531A10A2A0409615292a6d77D86acc441E,node05,f225af4e4a9641ee66597a7e483477c813e9e8d8dae2c63183277dca155a8374,4,1791393953.1786833,1791393975.1953335,22.016650199890137,155,153638,confirmed,
636,0xE11224634E97bb111DeFC3207486D3496D98c43f,node06,6c22a1972c84c218e608fcf2fe13c4ed23c2ac3044132d996d1541a592cd7f4d,4,1791393953.1800323,1791393975.117765,21.937732696533203,156,153630,confirmed,
637,0xEe94C4666a77bD00C003F525575Ab709a9b04ea6,node07,4b3d6295fe94640c8bea2354dc9d8d1e38b32d586cc9cfe1b2a01ac976623232,4,1791393953.182947,1791393978.4408147,25.25786781311035,157,153606,confirmed,
638,0xD5DC79Bc6f693414838B7B7A3aDe085a9fF7805F,node08,219771f4b7c7dcff1019177d582bd45b47cd014aa3a92c8fe5d76615d60690a7,4,1791393953.186117,1791393980.1306384,26.94452142715454,158,153618,confirmed,
639,0x5AFC91c22CbF7502f295481646206b65C2b8dE85,node09,004036df4678079465874cc1c54dd64b37b8dd4c4321ce5d6f8bf22f3c367599,4,1791393953.1881247,1791393981.8666384,28.678513765335083,159,153630,confirmed,
640,0x31dD451c50b01226B9e458999499C3848582190C,node10,9a06071c9e29327afb61f26e4fd4b9950fa5938f57b66b450288f5c173fce5bf,4,1791393953.1901705,1791393982.6501439,29.459973335266113,160,153618,confirmed,
641,0x94c022a06593E3692c51bFeA6c3577D67C00c0f5,node11,1589a3a40eb8e6abd7e5edf2e5961def559785ef35c0482851c8a9faff12ae25,4,1791393953.1919677,1791393956.9945805,3.802612781524658,146,153606,confirmed,
642,0x2f072bF3433122e8Df1d3e0D58c76f91e68c54b9,node12,a18a5b6c43f4e60400e8f546b5a778a0762e29937fa23500ecf2adc3e1772944,4,1791393953.1945698,1791393957.764547,4.569977283477783,147,153618,confirmed,
643,0x5977Ac745e0c8b955da96a65dd6C7a6b230a18C4,node13,4b87bd5dad3b45586444cd96ee02ef535c1229669ed1b33c59592194c1acab33,4,1791393953.1978483,1791393961.9604774,8.76262903213501,148,153650,confirmed,
644,0xeaca984de8211848DaA156317eC2C24AC69e91e6,node14,cc58778e40f62f56f58d743320633fc7a3063bacb70063bac29e687ee493e8a8,4,1791393953.2031271,1791393962.0592225,8.856095314025879,149,153650,confirmed,
645,0xf2bF1A0761b07Bace2324097c576Df6dA43Ac452,node00,8cc47c5e2b329f3583a42ac55687aa7b40f0b61f9d8bc75b5ce85aa139088f45,4,1791393953.2055912,1791393965.9360428,12.730451583862305,150,153650,confirmed,
646,0xF6Abb8812cb8249DaFf90558DAA01445157075C2,node01,d565d72fa37cd41487cb68601c7e80b5ae1593c32389d46db72e0989ade4cc16,4,1791393953.2066104,1791393965.8972275,12.690617084503174,151,153638,confirmed,
647,0xEEB0384DC70273248227bbD0F4855Db53F560731,node02,4ecdc8a622fb7f6cb9d95fd6517ef1cdcabfae5cff64ded126e89f5a8cb72dc4,4,1791393953.2082071,1791393969.6472702,16.43906307220459,152,153638,confirmed,
648,0x1616CdD5a2f17C145067aE72EDA6D131f3dBE1A9,node03,d1170db0670f9561cac6819f42e73aa60059e216599891a5e2fc52d45d1e53b3,4,1791393953.2117255,1791393969.100623,15.88889741897583,153,153630,confirmed,
649,0xfF4B3C75f32ae1037Bc9a01180533810e49a5D77,node04,5c617916f10b4d4ad81f47cbef2073b3d75581a21fc7152f7ea773d5e8772728,4,1791393953.2167394,1791393972.681281,19.46454167366028,154,153618,confirmed,
650,0x95b67f0414EdCB5bAf3219069921110eccac5936,node05,b6b42aa16b83d61204a7c9314c84377ebeac729d0e0936915b382d6ba8ae4e7d,4,1791393953.2206302,1791393975.408056,22.1874258518219,155,153630,confirmed,
651,0xe0699467c7142F673791EdD1c86bC9242639E9cC,node06,009a8472046afa72d7369fa49d15deccc18acc2213a4af415a78a945689ce794,4,1791393953.2227683,1791393975.8239107,22.601142406463623,156,153630,confirmed,
652,0xd272dE0a8Dc71c4f708785C6cBF363cCDc708ccD,node07,43be29d2635b3bcee7fd103326c64642012bbf131ddcc707ea59167d7704fca8,4,1791393953.22485,1791393978.4224174,25.197567462921143,157,153650,confirmed,
653,0x476659366602937B8ba260b93911458b261f1cc6,node08,bceb4f1d5214639f77debf548257ff41098222e05680969d9e1c7940c8c12be3,4,1791393953.2277095,1791393979.8747776,26.64706802368164,158,153606,confirmed,
654,0xcF239C052F91D7F55310E481404327a934E20201,node09,c861e0db6de645bc26858c96bcd97884c44fa59b3a54f0f52a537db947938769,4,1791393953.2333987,1791393981.0765567,27.84315800666809,159,153630,confirmed,
655,0x9AE53e63Cc0E1543D36447d23714Ae1802520bE3,node10,61d401b7805dd38fae47df8b7ed20035a38d3bd5ea2f9eba9b551542e3169fd1,4,1791393953.2341995,1791393983.4388695,30.204669952392578,160,153650,confirmed,
656,0x40468f751D195D56F315bF78966E4758013396e9,node11,c41c416f45bb9c0b325de75372d394fea9599d30daf1d2c8bf886a85d6b0200e,4,1791393953.236633,1791393957.03008,3.7934470176696777,146,153638,confirmed,
657,0x4d94529b74775D29796A503fae5992487500104d,node12,516bdad922bf48c4523cbffd423ce0fe12611b2964a95e2825f274c34d553706,4,1791393953.2400393,1791393957.1288395,3.8888001441955566,147,153650,confirmed,
658,0x819B1A6307f9C6f4aA09187c7761287cc3C07650,node13,066d74234ee0dfa1f00960f1556a04cfd20efc3ad0277e95ca018054821b4c3f,4,1791393953.2453523,1791393962.0770564,8.831704139709473,148,153650,confirmed,
659,0xBe874AD20Fd5533796129B4687a7f0F263369eA4,node14,c3499cd3587a70411b95c3b4f283c2b011d1a2bb1009ee61c3bd496ed437eece,4,1791393953.2482533,1791393962.3466349,9.098381519317627,149,153626,confirmed,
660,0xBFc4f3A61eD09595bC7f8C542cCA8aD111E49DD4,node00,c8d9c573cc926b984e3b874494ed2dd684e0150b7dcf6a1545e66ae47c6dc264,4,1791393953.2500744,1791393966.11884,12.868765592575073,150,153630,confirmed,
661,0xC1381Dc7432BAc0886484C9BAeB618890687ee05,node01,01a0f4e09b1f6be1ebd0deacae48ea1d98efa0ef305a25765f02864c7d369aa4,4,1791393953.2527502,1791393965.9977221,12.744971990585327,151,153650,confirmed,
662,0x2A78628a15f45f92dF38007F468034932d29De6e,node02,58a9ad49f936bb49dc5736269fc7929bb97735392965526f48010bb236e6ba51,4,1791393953.2571728,1791393969.424239,16.16706609725952,152,153630,confirmed,
663,0xDD39637ccfD58b7124c856809493870f39554e28,node03,d7152f8bc5a8a95d96046d803fb026fe4f32430fc0f4befe984d249691e54f4c,4,1791393953.2591512,1791393969.3648038,16.105652570724487,153,153650,confirmed,
664,0x199F40D3f1A95Af77368eEf5241f5c8aF5469669,node04,30b1b6a4640f47f202373061fff42b331fd19531e7fe0b85fa5f44c932091509,4,1791393953.2596705,1791393972.5614514,19.301780939102173,154,153650,confirmed,
665,0xBE96CBb830EFD71Bae640995b642cacF20a052fb,node05,521e61ca2568c0520855ada126f1dded765125a70a8e58016d1fc0c8550cf4b9,4,1791393953.2630067,1791393975.4859538,22.222947120666504,155,153618,confirmed,
666,0x43A5341A06Bff253A56B121B8F4aC3578fb33463,node06,86b5b24bfcf11fcf614501bba16ec2e8ea3d9b5b66b31f82914c7497494bd072,4,1791393953.2649124,1791393975.9109054,22.64599299430847,156,153638,confirmed,
667,0xe1D09D684986d8CfDB8618778d6C2cEFF4B65Cdb,node07,cdec80df8a753cc68812da39442fee042ee17cd7524178207a9be7541797b6cc,4,1791393953.2672985,1791393978.5327227,25.265424251556396,157,153650,confirmed,
668,0x5f3e9f59adb3e1fBf6231c17a6e251b7de2189D7,node08,a2c4a22a04709f0cf7de3c3810e50e898ae45ee83705f8b9e30e1789be4186c0,4,1791393953.2714033,1791393980.1588483,26.887444972991943,158,153650,confirmed,
669,0x35f0Fb57aa652af797bD8b49eB1753652A602f5C,node09,16c2fd647f5bcb985845e6c63050de3c39c3c6348ed368cf1ebcb0ec7c25024f,4,1791393953.2749896,1791393981.8911846,28.6161949634552,159,153650,confirmed,
670,0x7FE4E1F99F68C8D972B7242D2066B542659c064a,node10,e4514c6cb58146905e33da918469895565fb0f6b96598da001c01984b962c0e3,4,1791393953.278213,1791393983.4627478,30.184534788131714,160,153606,confirmed,
671,0x0886F2F2541ed44064b97BcBf32FaC1708285331,node11,08c67d3e0ad0135ecc2ea974ecf68cef5d7debda985dcb4d119307363437e555,4,1791393953.2806926,1791393957.3208833,4.040190696716309,146,153650,confirmed,
672,0x606933233f5307e49F5e1E660687953D2cA10750,node12,058ee13dc7a5bd57e318d76f75eac6e0ee68fcadae6bf795b7e1bde73b310595,4,1791393953.297081,1791393957.211951,3.914870023727417,147,153650,confirmed,
673,0x864199d250B8bE6c0cE8700F7a27564662A80c9e,node13,3aaa5312f7ffde411fcac787fa17dc7ce6be2e224b52c544297ad4e1b1d66115,4,1791393953.2984486,1791393962.5341983,9.2357497215271,148,153650,confirmed,
674,0x93Be340F4866079231909156749f141A6BC139a7,node14,d11463ad1dba6ea317c33f579cbed8dbe53fb86b1cc43f732c7fcea9faec5a48,4,1791393953.299969,1791393962.0939884,8.7940194606781,149,153638,confirmed,
675,0x0ad425633Ea6DD05880E2c848cd7bd4e058fe0ab,node00,daf65c1a1ec97933546ab42ca62c22f68e57bb997fe59afe9e9b3e3af12112eb,4,1791393953.3018556,1791393966.4853225,13.183466911315918,150,153630,confirmed,
676,0xe2f205dF9640Ee8bAB0ae7618a21D3D28d207D67,node01,14657f0c74ab61d269c1b4a9ed9bf28a4fb0f92fc7d57f643a96aa4154682263,4,1791393953.3027804,1791393966.3387659,13.035985469818115,151,153618,confirmed,
677,0x3b75FBf35119C854D0d8AfE431F72ad411dC8aa9,node02,8d9a17f25b38a27c40b8765d9f776cd0010f8265042d1765a828211bbb3e977a,4,1791393953.3046672,1791393969.4619663,16.157299041748047,152,153650,confirmed,
678,0x4051f8e5B3FCa542C9863EE113AD959E1c39fdB8,node03,87b13bb8b3e41da0f7a36b4ab3b42b766b6270a91ef63b9bcfb0fc23e9719c21,4,1791393953.3096056,1791393969.7739801,16.464374542236328,153,153650,confirmed,
679,0x631a82BedB175A9c565489adAe3880c68407Fff8,node04,6311a66186a973703ba46fa3c775cc9f4e27a572f854535290d717ce96ccb687,4,1791393953.3125007,1791393972.5549111,19.24241042137146,154,153618,confirmed,
680,0xE28Ea3c3B2FF678bB8e0baBD21e9205748613Fc8,node05,f3d5845569b68d782817241c1c45211f6135a646c9a3ad4f38426ed116a34641,4,1791393953.3152783,1791393975.4427683,22.127490043640137,155,153650,confirmed,
681,0xeDb5A90E36f87d8CC3059e84Cf11515A550F64Aa,node06,b53444e8b0fbfddf0aaf9486802f78fdb77da9cc981d1e256ac5f675a92bef2c,4,1791393953.3162708,1791393975.3786602,22.062389373779297,156,153638,confirmed,
682,0x46c2fc33dA3924a12D267cF893F0b50D2d363faD,node07,65c08aeb5195ac7b1815d6258c495ded18644d7e11f532d9dfc72013ef56a2a7,4,1791393953.3204758,1791393978.3916256,25.071149826049805,157,153638,confirmed,
683,0x293ce882BB1c9e7a1e1F91cf67C1cC47aE1e905A,node08,2ebcaf9843c282a36db574207703e91c4ca4f490296434f00a1b7ac24d4ea5af,4,1791393953.3216965,1791393979.7172894,26.39559292793274,158,153618,confirmed,
684,0x6e0B3159d13e0125762B297Fe925DF1a21A29b5e,node09,f1419a0a8a5de4ce119f236a36c459e6a5f5b87e54c736cbd0b2e53f0d8774ef,4,1791393953.3236895,1791393981.9564352,28.63274574279785,159,153650,confirmed,
685,0x3DdF7ec7dC63Fa420F23Eea72c268b8A7F9Cd721,node10,086a95fd9eb9ab0585fcd80696b6ff7a0e255b3b3166ece2a57d810612dedc4d,4,1791393953.3281856,1791393983.407078,30.078892469406128,160,153650,confirmed,
686,0x2e7D5115CEe42B5f90dE1EbcB4bB07D73ed25968,node11,ea1e67a728c5c683338f1315e3d705f09b724b7b8d530ed19abc4ace463416d0,4,1791393953.329858,1791393956.999178,3.6693198680877686,146,153650,confirmed,
687,0x0da8522bbD736d2E7D7b1F59114924e7d005a8D6,node12,532aef38d2e0103a321d0348366283ec9e074e791f8c5ca1f1a9d6ad41f7da3d,4,1791393953.3318982,1791393957.422701,4.0908026695251465,147,153630,confirmed,
688,0x425cF37c5e47d8d61Cf6A00166725f93b7b0e883,node13,22e229decaf9abb62e149a7e72ba85936d617707274e413081e5814d40f6fa40,4,1791393953.33625,1791393962.2557771,8.919527053833008,148,153638,confirmed,
689,0xB51FE5f877467cddb0B2C310036B5378CeBb40Ad,node14,daea702ff19f9e5003e109144909f15d357369863f0fed1722b03e8f48e5dd1b,4,1791393953.338176,1791393962.3871615,9.048985481262207,149,153630,confirmed,
690,0x29948C9303d06B3d6a03cF657C141Ca10b2672C1,node00,47ce7d5071e2f786e8fc1b87ab85cb4b168cbb9a1ebacdf137ea41999c70e286,4,1791393953.3400598,1791393966.1897376,12.849677801132202,150,153618,confirmed,
691,0x5839b847F2D202D9Ad930F25025AF2a6358D6C27,node01,694071293a940ad799343ec9682f43a3f84edc114b694db7c928f4399ebc87f9,4,1791393953.3409164,1791393966.4986012,13.157684803009033,151,153630,confirmed,
692,0x7E8bD165233457a90de45fC9E8CF78B17b8ff724,node02,f5f695970804c4e85dbc54f58b2efa8902dcc32f94bead4dcf6967dcf4e9abe4,4,1791393953.3427548,1791393969.239659,15.896904230117798,152,153638,confirmed,
693,0x9BD7d381b4cf7a721EC83002f363E1A2b0D2D2d1,node03,0a88ac69596d404d1b7ab33635854648e00eb5aa371c86943b7f02ff0eb0ce51,4,1791393953.3448672,1791393969.6510181,16.306150913238525,153,153630,confirmed,
694,0x36bbEeE41F380C41BBAc4d2Aa61d712971f34B4B,node04,150eb0f2b4a48e7a531bbab7340cd234bc2f0647bb9649a4e3ef9bbadc5d1753,4,1791393953.3464687,1791393972.553331,19.206862211227417,154,153650,confirmed,
695,0x31F79e87E9e32557CDcAE06c8BAafF561A97E47F,node05,6a9f226f40dc55e75f93d5916130c096c5d5e551fccc06a070bb26dd366a7649,4,1791393953.3491576,1791393975.7549253,22.405767679214478,155,153638,confirmed,
696,0x4fA4EcFEdb0ec5F6c94DE0f6ca3B4dF77e3c3B8B,node06,e4da738342f61c7bc4c6dd92d8c224418dba433a222ac09fe217794295500367,4,1791393953.3559217,1791393975.5501342,22.194212436676025,156,153650,confirmed,
697,0x5683bc7B7D82032704327e9D20aEA286Ecaa92E1,node07,bc43eebe7cc325fe99fb5111f25cb85bb14e13b8c1ee55f096ca926fe36d75cb,4,1791393953.360509,1791393978.6091142,25.248605251312256,157,153650,confirmed,
698,0xd918f0Ecc003b97c4c19DF592471fC5e77c50401,node08,4350d14a2ea88259fd22b2ec7e4e43eba647b218bf1a51eb7c044ef65be0a6ea,4,1791393953.3625736,1791393979.7773435,26.414769887924194,158,153630,confirmed,
699,0xcD5F5dE00ab5443Cd91De4C38366f481e2cc9003,node09,ea930cd430473331a885912d36e7f98b3321ca127efd08a1cb05c8b9714f40a6,4,1791393953.363677,1791393981.9012165,28.5375394821167,159,153638,confirmed,
700,0x194ae498Ea79F7ff279A0c219a3De83B0F71460F,node10,3e234a430050473a01b94e80dd7761313898e1018a09b5dd630716ccb5247fdf,4,1791393953.3658452,1791393983.482247,30.11640191078186,160,153594,confirmed,
701,0x74e473C435a76D311D8D57842FE8f477545DE102,node11,58808bf5a6af2806d6be413116c77d7519cb4cb3c20d703d4cc5579482dbbbf9,4,1791393953.3676314,1791393957.2697005,3.902069091796875,146,153618,confirmed,
702,0xfD83df956Da7a66A4A3f4873CB37Ff0Aa38D6806,node12,51fa4f64955df155857d22a1ef279a446cb4a44aadf3460bda572e69b68822fe,4,1791393953.369524,1791393957.2392864,3.869762420654297,147,153630,confirmed,
703,0xC8518F56F89fBe5d4B9df40f70bdb054B51AdC5C,node13,b95a34bb1adf1f1fecd73c92d3d1167a0369734192bc5db2a23b7ebeec2b335b,4,1791393953.3716671,1791393962.2194288,8.847761631011963,148,153618,confirmed,
704,0x9A8F99F0e69c50F49DE06f1491fE65529637bF78,node14,ef41fdf0245d7cfb3a0993b07a1ed187623452c763503ecc6f2d729feab900ed,4,1791393953.3748295,1791393962.2466197,8.871790170669556,149,153638,confirmed,
705,0x90CD9fbae75Ff86e9c218670e09Afd2FDb76cF52,node00,185310b129091267e5f2a3f6df29bc380a6c622dc14f9c810ba09ef64530519f,4,1791393953.379964,1791393966.0345845,12.65462040901184,150,153626,confirmed,
706,0x1121Fa335286946dBDA6bFe9712942fF7F9f007D,node01,46ed7147ef7e16d8bdcb19779b5ee27c2a99e6fa668812c5204831db41c1f563,4,1791393953.3833165,1791393966.3239555,12.940639019012451,151,153650,confirmed,
707,0x41833232D6Ec05fBcE186A1494beEDC47c9dfDa7,node02,e1bc3f685479a7819f2c742c3134fa802eca2b3afd7f4e3aef91d4d39ec9a70a,4,1791393953.3859427,1791393969.2716482,15.885705471038818,152,153650,confirmed,
708,0xDe8F730fac75Fa2bD2741DA751AFBa85D7e1af95,node03,9865113415af3d8f858332b670b9ebd1894391f01062f15dc080f4cbcf3fea19,4,1791393953.3880148,1791393969.4715886,16.083573818206787,153,153650,confirmed,
709,0x43CC4A39C19891631CaDa5cb867A5478170AA3Df,node04,4fa954745b265cabe611dc77e13f61d2c25fe55261e81a3ff51903acc66d8bf4,4,1791393953.3899775,1791393972.4716067,19.081629276275635,154,153630,confirmed,
710,0x862a100A0416dffbB455ECfFF76c7DD2E87753F6,node05,e3165a9356932e62c5eeee94beb5381e5c0f3f02960faf822265d180ed14d983,4,1791393953.391458,1791393975.8504908,22.459032773971558,155,153630,confirmed,
711,0x4307a6E7b78297022d10F549566316F093D2FeEc,node06,b97ca6d7d759f6229a5af8b154cf1fea74553c0adc0841fa5b9c4ec19093b942,4,1791393953.3932228,1791393975.5851095,22.19188666343689,156,153630,confirmed,
712,0xA5A8e9614B79DF90bc64Bc38262B1B67438254E4,node07,b23dbef2677e76972a7fa1a5ad9bd8a7c83a230730c92fd3778ca83616cb2330,4,1791393953.3947897,1791393978.6707242,25.27593445777893,157,153626,confirmed,
713,0xC058708cC4EbcC01ed53D1f67685636ACaF8D4E5,node08,347bb64a0c65c65b865205c746acfdc8ce2b75b3d998d76bc5f5a65725cf2841,4,1791393953.3966057,1791393980.1973436,26.800737857818604,158,153630,confirmed,
714,0x68C057f299418357c94bB2d63f17bc788F214B52,node09,d043e80539b368aef4ef532fd9c7d9da50e17eac33d0f1df4c256e7ce924ea14,4,1791393953.398318,1791393982.070481,28.672163009643555,159,153630,confirmed,
715,0x3aAe25e0DF238acF428F20A1D6981E42ea6C088C,node10,133239109f58b9b9ac768191f61f33b71886ece6cf0114941b11a01028913c69,4,1791393953.4004655,1791393983.3611102,29.960644721984863,160,153650,confirmed,
716,0x97F581150731D15d24a5Feec06Cca1102d945b89,node11,2cd48424b8edcab206066df8dc7e7e7bf0e636515afca6e22a95d7220f7f452a,4,1791393953.402734,1791393957.3750572,3.972323179244995,146,153630,confirmed,
717,0x45Ea60491E59D638c4E345a4faA94778a59fab40,node12,42b77558c69256f3f248cda5f7248829f67cc232a296574b02db1b659039a0af,4,1791393953.4043803,1791393958.123924,4.719543695449829,147,153630,confirmed,
718,0xAe7d97a089C7A443EaF085e5469aD07506f8a2cf,node13,5dbd2bebdca647487c842ea1374a33b46c2149f1844ce4acf0717b0bd9ac9480,4,1791393953.406472,1791393962.4671419,9.060669898986816,148,153630,confirmed,
719,0xE4e6Fc56A3a7606949561335A0F9DfC32E9e0099,node14,7c3c0f81924675b661fb1bf4112a4f194430d5d87e2a2ea0aeee28d627ca433e,4,1791393953.411879,1791393962.847927,9.436048030853271,149,153606,confirmed,
720,0xFa31246467969E91F5c18b22db991B273fDA0B9E,node00,ced2c6e07c723d9412340bb1851fd4299d84f345952a15a8c663e0f7f4ce4b0f,4,1791393953.42323,1791393966.3535318,12.930301904678345,150,153630,confirmed,
721,0xEAb233f66A9f27AAC85b2d7Cf433618D60f0bF8e,node01,502d2f6f13f3a148c71dd5bdad5e689489ac95db12b78afa18ef27571598d22a,4,1791393953.4251251,1791393966.3406146,12.915489435195923,151,153630,confirmed,
722,0xf0AAbAB8707a9B7b98ec4F0e9BD5a4d715867C19,node02,291dcb1878c82b68aff234598ccd8b586b858b8facddcf25708acd1c189ad703,4,1791393953.4289706,1791393969.2655373,15.836566686630249,152,153630,confirmed,
723,0x74Ccc149fCB8c5dfC06e2F7068b447186c98ce4B,node03,e2558b8db498af58feec0c5d7bca0dca0adcf796e691358a039d8c2f0c1aa705,4,1791393953.4345405,1791393969.52054,16.085999488830566,153,153630,confirmed,
724,0x14C26f3cDC099c0E4F38fCa20A2e31040e2030BA,node04,c2c5d8b2141db0458bb59d00313bac74ad9e85afc555030f0f61df9f4cf3e67a,4,1791393953.4375079,1791393972.6134365,19.175928592681885,154,153630,confirmed,
725,0xe84df619F27Ee77AeFB4AC82344537D4102B7E20,node05,dce04ee81576fcb8d8e642c65fad6ee67f11f390daae265c6fb20714db54f399,4,1791393953.4436474,1791393975.517485,22.073837518692017,155,153650,confirmed,
726,0xE153961f0E65f4CF148849115E07c70463450aa7,node06,c02901a1977903b85b3f0d78226f87448be080b21e6efb3222a4457d5fea026f,4,1791393953.4448357,1791393975.7806013,22.335765600204468,156,153650,confirmed,
727,0xCAD903d56Fffe32eEfeCE142B40760FD334B072C,node07,199a52d414de5748c68a6c90c42f06ddcc1428675bcd020dee12e1e48b85a4a6,4,1791393953.4469757,1791393978.6187801,25.171804428100586,157,153618,confirmed,
728,0x61cF3aDFBa6bf4BB4fAcF54B6cC09bb9025Fe58F,node08,e2c5a07e8ce66c30e5a5199f4fd5f2db6bf21bb1a34ab159ded8a20595b3b785,4,1791393953.4495199,1791393980.0497708,26.600250959396362,158,153650,confirmed,
729,0x9978d00A1ACb4aEe90DB5e81FdFEe2fbd5EC0EDF,node09,2ddec12213cd8376909ebf308569137f3fd5ce88939993f9682b3571ccf552e9,4,1791393953.4521143,1791393982.081735,28.62962055206299,159,153606,confirmed,
730,0x86874D43Bb3A7070Db9222Ada1734c2F45D55a90,node10,b43a35504e224743889010fe899e33696cbf3919898c4b08e1bf50c1bc6ca7ca,4,1791393953.4539874,1791393983.3485575,29.894570112228394,160,153650,confirmed,
731,0xAfD6e5038545dd0a5DaD87A0C4B9CB472eedB456,node11,2a15e369880f2ec7d77c3373edef96db2772628abc71315de95659104d6ba5fc,4,1791393953.4565432,1791393957.4971054,4.040562152862549,146,153618,confirmed,
732,0x1b09FA2F5f0438cD56E4260741253A71212dB37c,node12,7e53ed965c785103573560110b5cb924e29a144ed95a72c95f735261f9b006c9,4,1791393953.4583118,1791393957.668916,4.210604190826416,147,153630,confirmed,
733,0x3F341670C0a17268053527D7E8962bD418ec33Aa,node13,fd99914454e407eb2ec0ac9bd056d4ca7efe72e3bfc0b74b8a97779ba9461540,4,1791393953.4604025,1791393962.3307624,8.870359897613525,148,153650,confirmed,
734,0x477BDfe44962920ebD462eb611C30e1a7079E7Bd,node14,4a752ebf5489a91696763fd587e201cbeb2f784120a3447ef2f543426b31bcbb,4,1791393953.4628577,1791393962.3457723,8.882914543151855,149,153630,confirmed,
735,0xE7d7bAbC004bd4FC1740EE0770D7e006a80951E7,node00,5ee84289252861e6741a6fe7541b6ace5379b1bddb2fbe0599a5ed133b25e9ef,4,1791393953.4648693,1791393966.3753633,12.910494089126587,150,153630,confirmed,
736,0xFE3d4B1b423D33831Cd89D082B14D95187BA8878,node01,6084b13c8c8dd3731155f3939b3851fed6557e807517342e4b01f3d8e7dc6b50,4,1791393953.467331,1791393966.4682622,13.00093126296997,151,153630,confirmed,
737,0xb7BC8c521bF77FbD278c932F4c45B69726F0376A,node02,1726b247c7439550b59f5a8c48a633d1296bd5eb90340401595ef1547739c3a3,4,1791393953.470648,1791393969.7066462,16.235998153686523,152,153618,confirmed,
738,0x10571d740BF7243a029674C68218997cF420e041,node03,36f64ea07c5b6751c0fc87dc24cc2f884ce5b3648a2a9fef6619b44b9c7d9a00,4,1791393953.4808204,1791393969.7638512,16.28303074836731,153,153650,confirmed,
739,0x8F957352f4965330b1101A283F7Fc54C32b7A091,node04,40e9814f37bc0edc1c7690ce7df3df4b1048687827033ea72bb13bf4979958eb,4,1791393953.4828303,1791393972.6109157,19.128085374832153,154,153626,confirmed,
740,0x04F7A308d5F5a8fC091c38D29bE9697634eBB96F,node05,89546e2cc64c0e656d481f2107147e946aef5076529139a7e397303d35430f23,4,1791393953.4840853,1791393976.23295,22.74886465072632,155,153638,confirmed,
741,0x99bb7236456Afb59daDb2DC46f40d86a262dcD42,node06,81e134276a736e3a2c84802e2a30160e4f994105512fed55f9860b0e7d365813,4,1791393953.486337,1791393976.335714,22.849377155303955,156,153638,confirmed,
742,0x8C9DEaeA04cf5DD97128380ad2E997631edAb9C0,node07,97a82d283a979048c13897553979311251642f65047c3b784f9a7db2fc77c5ad,4,1791393953.4885867,1791393978.530643,25.04205632209778,157,153638,confirmed,
743,0xcF69028F12B6628437abdfd5b5940C3A148b32Cd,node08,89fdb47e115bf7aa60da371d93901570e35b9ee62f26ba23505dc38c3154018b,4,1791393953.4903493,1791393979.7636724,26.27332305908203,158,153618,confirmed,
744,0x14A5c8cF5887272eeCca12AA1C7bF0AcF1e0138B,node09,2417dd40755e13e4becbdca356cd95fa2e8c2476126ebdec32fd80ecaa313e58,4,1791393953.4924278,1791393982.0325954,28.540167570114136,159,153638,confirmed,
745,0xCa5D0E05E17550C5bd5785bc0Cf36F9eA380e4e0,node10,15568eaf38804fa7872df94009ed34ee2e627a2f1b6bc8b3b15fe830d909c27d,4,1791393953.4944932,1791393982.6252189,29.130725622177124,160,153618,confirmed,
746,0x786222911379467c0D33F8164b356252DB8dA27f,node11,da2fa7ba4b1ae88ef028d8f98e73c6f76acacef55f49631192e4c01b342f4475,4,1791393953.4978344,1791393958.2663038,4.768469333648682,146,153650,confirmed,
747,0xD3734CD481643326760a90EAc535E019A81fD07d,node12,e64be1caf05ce7ec22fd077360c2a0386f7bdb696f5fa4d7aef570878257f878,4,1791393953.4999633,1791393957.9084873,4.408524036407471,147,153650,confirmed,
748,0x1AEFF24A63CfAD5f10E0cf79F7efC8561C9C9EE4,node13,e1d1633a4ac4b35a6c4fc235f8b6b1918533d6228b2ea5b536a8f574e67f3e2a,4,1791393953.502703,1791393962.3982089,8.895505905151367,148,153638,confirmed,
749,0xD09F1CBDdfb6FC9ccc1bf94181BC06148B616729,node14,5a5dbd88796ddf97b95c6c9a1c2d1bf20c5c5f356e7467bb0725f4651bf372e8,4,1791393953.5070853,1791393962.644282,9.137196779251099,149,153630,confirmed,
750,0x9F460dF7639FF9bB8CB2C3323288956A1915d117,node00,af29c6c9886b2482e55c88ee7600abd25a9d88ad9f52aa6bafb9863b20b054a4,4,1791393953.509671,1791393966.2780554,12.768384456634521,150,153650,confirmed,
751,0xa06d2D122AB0DfB9FA5D5fa9c466cc3C9e50F3Be,node01,4931f7bd5cecc334f2329941f124d96ecbc614b8194677351aa03931b434cd75,4,1791393953.5115736,1791393966.575863,13.064289331436157,151,153630,confirmed,
752,0x058644576c4Bd79a5DED0Ca3db45e983af3C574C,node02,529a207b093e07c1fd4c66e35fb437138807d84cb2e19ef53863128ca88872aa,4,1791393953.5130727,1791393969.665336,16.152263164520264,152,153638,confirmed,
753,0xaF34b4BFfa1D0C42849f8E29b3e084Bb04435653,node03,f800077fa112b71583548b7599ddab8d80e6d8c5d84acd458622ed1468716f8b,4,1791393953.5141902,1791393969.7191439,16.20495367050171,153,153650,confirmed,
754,0x1CCe25fA6ba27c8fD8Bd388C8b820e7Fcb33b561,node04,b6ab6b816ce55bf08e58922ad32276573f80d398963fb9db9f7eea3f8b1daaa6,4,1791393953.515002,1791393972.6338916,19.118889570236206,154,153638,confirmed,
755,0x9B2aE4f4238cC326d8E433BD2E2A3AEB00962182,node05,9d2d2fab1e298a5465582e5046a86a81e11e843d05d3bc94868a07d89d59c819,4,1791393953.5170822,1791393975.7180948,22.20101261138916,155,153618,confirmed,
756,0xC8Dc86566cDc89702c7313C20A422AEe210Faa8a,node06,15a0f29f1add7f2b6bbd92eeb2fbe71decc416618cb95cb6c817135dcdfd1f9d,4,1791393953.5262315,1791393976.478866,22.952634572982788,156,153638,confirmed,
757,0xBc6749be7F9b559e9b2923cF060fB29388e7cd13,node07,447d758b1d6f4c60d27312389a51b9fb2911f100a7223465ff395665d5bbe93a,4,1791393953.5278466,1791393978.4247916,24.896944999694824,157,153630,confirmed,
758,0xABB59713e006FB5f71528D9C73e74d08db635fBB,node08,fddec743347238328359223c8fde425546b741bb30204f5ee02fb5f94895618d,4,1791393953.5303333,1791393980.0582922,26.527958869934082,158,153630,confirmed,
759,0xa84B829bC901A9a01feA39B46f81d24a91a7ED02,node09,4d663091e6b13fd5bb39617b0d7f20688e1abd1f3680cb42ce7dd00bb78d4366,4,1791393953.5325837,1791393981.9465158,28.41393208503723,159,153630,confirmed,
760,0x0d974Ee03b943D1211CcA572a6a246AFb928E720,node10,2ca57c8070f78a03796a7dfc254cec328e648f3d1483b8b2880da6e8bce28540,4,1791393953.5348873,1791393983.5007355,29.965848207473755,160,153618,confirmed,
761,0xaC6c281760F0C58D617229903Ae0b5fF469Dc864,node11,97fd366231ff67cdcba3af438172387f64695d779fc5814895c1fc80f7a98029,4,1791393953.5363662,1791393957.5360403,3.999674081802368,146,153650,confirmed,
762,0xBcB33a79d64A5FB621908Fde6866d96F56e4Cc92,node12,22a26efaad58ffc1e134f1d0e3cf33c693dcf1a09ecc83a303b90fd8e99d96e2,4,1791393953.5383184,1791393958.0568876,4.518569231033325,147,153630,confirmed,
763,0x45782091ea5381Db7766B3F150407256bcA6EaB5,node13,25dda23c6643430f88ffe8311f0a857a5191c98a7dfea5e8ab11578c0c07c4b2,4,1791393953.5402994,1791393962.620433,9.08013367652893,148,153650,confirmed,
764,0x50BFD32319cc7A18D5cb0EeC8aFEFb42eF7af636,node14,9cd895bd3686d48fcf3192f48fd9730489a99cb20a3cf11ca9574dabbb8690d8,4,1791393953.5429678,1791393962.5275817,8.98461389541626,149,153650,confirmed,
765,0xcc40685fCF6bC05C13Bb6968550C28ac9f1C11a2,node00,4d2670bbf1213bf6b3a55688fd15d04ef4249138758bf7cc0f624ce729589a44,4,1791393953.5464187,1791393966.4039893,12.85757064819336,150,153638,confirmed,
766,0x48BAe0dbc0A2e853EFaB9c2eF021610B57522dCf,node01,45929229c11574572f69186dd83b2591aed874350b21579d4872922cf5f74cf1,4,1791393953.5484767,1791393966.3826082,12.834131479263306,151,153630,confirmed,
767,0x2A2E2979B420ED7b020069AF2a80b3307Ca13EA3,node02,661c9a208380f7756e428c2190034a37c6aa671854b2f4c8a8be242c506292b5,4,1791393953.5498831,1791393969.742157,16.19227385520935,152,153606,confirmed,
768,0x1f31Ec4b7Ff4B53ED6807916FA70D78bf20dFeC2,node03,6ec541a9ed7c6c2b356a4cb909e408739dd7f3e3e998f9f7124a936f732107f0,4,1791393953.5510497,1791393970.1896105,16.63856077194214,153,153650,confirmed,
769,0x7362287aC90784225da1AB4D3CE167bA799FF4DE,node04,cf27cc92df04346fa8829a1b3f980f2df6586be79fd8ebe6de313f56ea0690eb,4,1791393953.553372,1791393973.006791,19.45341920852661,154,153630,confirmed,
770,0xfFA2B4856CDD78e0931745d1151bcD980f3D041d,node05,2c6333487a1e34e013fc2e35e2efde5a560c7520fba38765fedbe8f31c146d7d,4,1791393953.5569625,1791393973.14749,19.590527534484863,155,153638,confirmed,
771,0x7D3Ed3Bc66f53FD2A510A356da86f0B2f6456003,node06,0d8fa9e251333225bfc6861ef35f2a74e280cd44cc9c3f07a069f366e1b4936a,4,1791393953.558688,1791393975.691791,22.133103132247925,156,153594,confirmed,
772,0x0cBF2C8A8469416bFB7793e668977fE381Ca6cD9,node07,d25fe89f64eca71ac2448effc7d7e678918be7d6e1636ba28bcff3f33ed7afcc,4,1791393953.5611653,1791393978.406301,24.84513568878174,157,153638,confirmed,
773,0xC8c827859E7aa9496b15FcbD4993277E408BBA42,node08,80b9a4d385c43f6c0ecb5122f0f2f7375583903bdba473697ae0330330e3af42,4,1791393953.5656981,1791393979.8893898,26.323691606521606,158,153630,confirmed,
774,0x1c7f3dFbF7275caC01A1B499A53a16Dbda227C8a,node09,b5f267515b4ed9290d79c572ef5e0eca6ed1e1aedb76e39c36f839c8b5ec9b5a,4,1791393953.566956,1791393981.9749796,28.408023595809937,159,153618,confirmed,
775,0xf49D18b7A28dB5E9dcd1c1E9363F1e274dEAd1dB,node10,e566669a5fac2285ce7655b106a700df0c0fe7d137a957b18e6b5c19d87edcd4,4,1791393953.5698528,1791393982.640718,29.070865154266357,160,153638,confirmed,
776,0x0c8fD2a2946e40B3A4F6Cbf6e03a14B0Fed05f60,node11,c2c0733402d33d17d0a089e0ad9c73a873f43bf6a6ae12c05460c03f8fab1a7d,4,1791393953.5718858,1791393958.090439,4.518553256988525,146,153626,confirmed,
777,0x22C6aB5039Df5D2EA96F504C09A9Ee7d2fAE502b,node12,92b5d84fda35a41b6c5a067461b0bdb18f45992fd4d33a4c7edda05b0bb9c760,4,1791393953.5735657,1791393957.5493045,3.975738763809204,147,153650,confirmed,
778,0xBEB5ed7A31C1ca2624eAdd60800DA5B0ae11F5c5,node13,a44ed704d9083f162332126971e24002df805bc52db7289d5a04192b07c3d7a2,4,1791393953.5752804,1791393962.5292554,8.953974962234497,148,153650,confirmed,
779,0x93432bD0F60937c945059dd1f58C286F456f1108,node14,f9c66f717053656cec696fe082d6c6ebf6dbe728f90b72b1fca4537aa43fec9c,4,1791393953.5783362,1791393962.4988484,8.920512199401855,149,153630,confirmed,
780,0xC0Ab4B79ecA0256a4F9807Cc82E8768A9b40d785,node00,40f4ab8e559793d582342e374d2e39b1a958fe79591787812c2f2f53d2ff0b07,4,1791393953.5810654,1791393966.472113,12.891047477722168,150,153638,confirmed,
781,0x84F211C6318d3698e899c493a99E241641d4e364,node01,c377e777ba93bee29c7414d8ac41ba7b100e55663142feb080a5e5b6649e874d,4,1791393953.5828846,1791393966.4913383,12.908453702926636,151,153650,confirmed,
782,0xC60733d0dC7196533532F1d8f183b764846F57F0,node02,bda7facb03484a42b0366611ef30f9ee5c31eeadcfaa2d07f68909ea434dca61,4,1791393953.584666,1791393969.8334389,16.248772859573364,152,153606,confirmed,
783,0x2c2c7564A00c081Ca581E24b98F6F7ec28EF150B,node03,7cd037199b55b2eb59a724ffc5baa0a690e233fe2b1645f35bb0286caa750a5c,4,1791393953.5887623,1791393969.9131792,16.324416875839233,153,153650,confirmed,
784,0xf104a439146300fE34Ac07a9FC0Cc9cf5223b59F,node04,d5be906fef059f2e4af82b7fcb004f868e8fc79e36251aa4da8027801f635900,4,1791393953.5911417,1791393972.958012,19.366870403289795,154,153618,confirmed,
785,0x78fb5a59ef2E28b9512869A69f3F24C6990dd5eE,node05,b96a56c81b8006cf1ae73ffcb01565977ee24d8735bf80c5cc696fef37cf3f93,4,1791393953.5930517,1791393976.222661,22.62960934638977,155,153630,confirmed,
786,0x9Bd1cE274b652901e4F2BF52d73199f56136Dee6,node06,80be50ef5af96ed5264736d95e67627fc0ffb1ba36c6918cb5720c07cc6a6507,4,1791393953.5951493,1791393976.2791467,22.68399739265442,156,153618,confirmed,
787,0xdf3c9fF6B7989B7D4543572dc191b1A36570bd56,node07,adef6debb8f581edabeb62ebbcbcbc2ce838fc5754aff066a15dcb3ac1eb6f09,4,1791393953.597939,1791393978.4727044,24.874765396118164,157,153650,confirmed,
788,0x7fBa32B4F4A2915ED2cc6a38f3315D2664fa5873,node08,47055853111e875dd4a5d14c6546226672c6da481aea8d16a46a98467ed9e4ea,4,1791393953.6005268,1791393979.9655068,26.3649799823761,158,153650,confirmed,
789,0xbb09802F7c4aaeA7a4eaBa5E3Fe6b4BC654581D1,node09,9e59c3abe3d4136537667e09669f485212da9fdbbe199f7e4a019642c8fe9c6e,4,1791393953.6023383,1791393982.1330473,28.53070902824402,159,153630,confirmed,
790,0x2579F0Cc3e6E67c2417617Bf597CfE47F4084010,node10,a551a09a245269df26fdea6409ab4731b7fc6d2aa8d950a9139669914ba2232f,4,1791393953.6041105,1791393983.4414475,29.837337017059326,160,153638,confirmed,
791,0x91413dAEdd7FC89dD13a229c1348be38edACDade,node11,1d2df888b8d8edb7d8d2192752d7f0d4b5985b8e35f898f726f5cc2e0a1b13b5,4,1791393953.6062326,1791393957.9612477,4.35501503944397,146,153650,confirmed,
792,0xfBb2583d280c0bB797DFA37D92862e71B39d9488,node12,be84eff55a6d60d2e0e9acd845ce224a0ba481517ea68397c9defaf3d6f6495d,4,1791393953.6078262,1791393957.9215772,4.313750982284546,147,153630,confirmed,
793,0x3f9b4F43AA0168F8a3ED5fb58D6068bd682962a3,node13,cd407bfac43dfca4239c3c7458d3b1a43d20aa4c7d4e69e618792033535ffca4,4,1791393953.6093156,1791393962.5934005,8.984084844589233,148,153650,confirmed,
794,0xA762464aa24D29792986B5012C9853b830eE7bae,node14,97891f7f4c8666734d8e496d4e8e1490f48165196b7b6aea12f98670da001b83,4,1791393953.6112206,1791393962.4751165,8.863895893096924,149,153650,confirmed,
795,0x52F73C11d023860f934FbCC8bd2a77baF2B795B5,node00,5b567cc1f5cc58e7e13d5f78738f3b60886dea097e0017154992420e4699775d,4,1791393953.6133196,1791393966.5218937,12.908574104309082,150,153650,confirmed,
796,0x956219ed89AE872467701C534C29EB3C250E4E91,node01,a3152e277be17aca0c07ec8d7a922503da1b8cea1fd0429f77223a27a3a5cc7c,4,1791393953.6151438,1791393966.7506497,13.13550591468811,151,153650,confirmed,
797,0x0968D36d2F37a718C099175C54b5757910B5B9B8,node02,acfafed6afbade669b5178b3ee1aa0b64c1473f639b6d3fd30f4e3bcfded40b4,4,1791393953.6164746,1791393969.7786756,16.162200927734375,152,153638,confirmed,
798,0x5a9e123e6Acb9A23133862d2e3A883F30280eccc,node03,82bba5b4ecd73911ec215264950c443937b5f268fb15184b43ebee03e2a20d27,4,1791393953.6186001,1791393969.925463,16.306862831115723,153,153630,confirmed,
799,0xd1aefA1E4e2158017bbFE5D18937599529ea1c4b,node04,da6c5f83566b46c12c73597ce206f74d5a4bad74458f4ad420bf97fcb47066ee,4,1791393953.620324,1791393972.580278,18.959954023361206,154,153630,confirmed,
800,0x3C138bAa17433e81c2056D5B04237c70BB8f81Ee,node05,d003d39ddf0b35c9eb1b08c0cc8202b156ca180d52dd447c8bb08ac19a36409c,4,1791393953.6223273,1791393975.9419322,22.319604873657227,155,153626,confirmed,
801,0xCabBE94E36277C3aA24510B78a5CBf3227fE91f4,node06,135ed9fb74454b529db3867ff6bda5467f13dc90a2a423cf69f4450f9bc4fca9,4,1791393953.625237,1791393976.240525,22.615288019180298,156,153638,confirmed,
802,0xeb2DbE66Aa0AdFE42970AABDEf390A2ccFBe2082,node07,ef4f7fc6689bad8b6f75ad539d06da03f1f8f2d171abfc3728f6fdcb72303676,4,1791393953.6269307,1791393978.5001526,24.87322187423706,157,153650,confirmed,
803,0xB7272Acc6f6ec10d9D4eC44b5d6c836175397627,node08,e0e9ff7f5a19ef2bab7ae7e5f3e1b409cafc12a7bd2984a77c420d8a620c1522,4,1791393953.6285224,1791393980.0419788,26.413456439971924,158,153650,confirmed,
804,0xE0d996F2E825067e0a4569B65c061E3Bd1853449,node09,e2d66a0d801cece620ba591f06014ade199f2e76ca7c38c0a7d66eef872b9eef,4,1791393953.6300917,1791393981.0457973,27.415705680847168,159,153650,confirmed,
805,0x5C5616D68e2912e7BD82C3BDcC34c550D410ea19,node10,6c065e4a5f77ef93b285288d7a3f03db0c4baece16fe548331468c98cffa37d4,4,1791393953.6320097,1791393982.622158,28.990148305892944,160,153650,confirmed,
806,0x1B9b5FAdacC193e9dE8696b09276Da10dB6e0800,node11,b1bc3fcc0220796c59ae8720a6e2840463e4ab032724a681c643602c3e11502a,4,1791393953.6363251,1791393958.134767,4.498441934585571,146,153618,confirmed,
807,0x34885884D697FF769f305E63B5D9D04B6C2ba70f,node12,3851390d348877117da8993dddc063a3805f3dcc9ab21c7769ca31d43343f1f1,4,1791393953.6372237,1791393957.9712694,4.334045648574829,147,153650,confirmed,
808,0xF7730c9cef5afF78E51a713522957c3708ED4aF4,node13,0e3de667f5854e469b09c04fca18edf180dae206c8aaf8b90aacad71dd55dd05,4,1791393953.6398518,1791393962.4820783,8.842226505279541,148,153630,confirmed,
809,0xc6754Db989C7dF0b88eB7cDa8495bC2657db283a,node14,4307b7b998d011833ce5088532d05cf395e8cf9afa82c7e5468143c2f6855703,4,1791393953.641971,1791393962.918732,9.276760816574097,149,153638,confirmed,
810,0x76c8aad1bc60a77d7EF6b70Ac285122d01d81626,node00,5ec79b1341e35f0dac7f39284c539c10b0455c48e1555fd8f7adbdf531f9b6f3,4,1791393953.6437392,1791393966.5956576,12.951918363571167,150,153638,confirmed,
811,0xba2e6a3dE0DA09bB28C0C64cfb0e2a03d545603A,node01,9f69c8ff87a8b2b72737fd05aae0f8ede39e94511c5ecc3359d78bf0689a16ab,4,1791393953.645396,1791393966.454296,12.808900117874146,151,153638,confirmed,
812,0x1033ddb6983DeAc3F0a45c5311D89f97043dE9b2,node02,0f26ba7700ec3fa9511431077031dd3b35ef225517dcd999b4cefcc0f3b6bc65,4,1791393953.649769,1791393969.8547788,16.205009698867798,152,153650,confirmed,
813,0x3e9bcffc507fC81aA707713E15f95920981D4c4D,node03,e6308c1fab4dbccf8007852b2f9529a31ec390653bafe86467832be8045d0058,4,1791393953.651822,1791393969.8668225,16.21500039100647,153,153650,confirmed,
814,0xa3488a41CE20085A08Af8524CD2cFf8c66515fe5,node04,b6d17892a29c70cac260fa9fa3060f3596b4a7a9b6b36aa7274846744380ff3b,4,1791393953.6533606,1791393972.7791822,19.125821590423584,154,153650,confirmed,
815,0xf720C7dd5AD2b309284F62A8e4CdE6a91658E04E,node05,477fbecc5817742358d83c446e8ac0ba397d78237b9363eadf630ceb880d2590,4,1791393953.656128,1791393976.0401766,22.38404870033264,155,153630,confirmed,
816,0xD0995C3364284585cfE859722ddab86Ee8815530,node06,491dadea08379c26ca12b5a7314e272b10f71a2884a95bf68ef464565398568e,4,1791393953.6576893,1791393976.0877194,22.43003010749817,156,153630,confirmed,
817,0xFCa011ee233e2492A14d6FE987cd7a1791fF0223,node07,fc83c036b5dc6459616acfdd69ae98efc0dbcedd591bc86e75b296ceca905752,4,1791393953.6595492,1791393978.6777644,25.01821517944336,157,153618,confirmed,
818,0x60Bee1035fD8399e183ece4B2535831C86Ac1061,node08,db5a931f8b49c956cd622246424e33ae065b72f99bff609ab6e2bc68a9ec7909,4,1791393953.660448,1791393980.2880168,26.62756872177124,158,153650,confirmed,
819,0x53fB5562fECf05ADf7f70B2EB708F2845Ed32a26,node09,abdab2e4c8389bc8b3bebadfbed31ed427ce786179a7cbac7f0620f9d5769e54,4,1791393953.6623588,1791393981.0142848,27.35192608833313,159,153638,confirmed,
820,0x236b8C0fA9EE2b07e064B5cf64C1570e3cd42869,node10,d8d36166bddd1c66dcea6b6a7181db4ec358310212784a52e57b73571323025c,4,1791393953.6636717,1791393982.6519063,28.988234519958496,160,153630,confirmed,
821,0xC6f0c1ca68f9d8c20223cd1a8F55bE99693C9007,node11,88c4e743918007c62e623ac34523e2978f06082a9789168ca4ecb9d335937491,4,1791393953.6689034,1791393958.005349,4.336445569992065,146,153630,confirmed,
822,0x091e3DFdB65A2c8a867004c38F20938C17681209,node12,c98003e7789e1767518d9cca9615a608448e862bb1667bb35f2ed50094aa9d91,4,1791393953.6708565,1791393958.2994602,4.62860369682312,147,153630,confirmed,
823,0xC36722d126F553AD357ea2e363C86D7278EECeE1,node13,b5214859013c386d6dbcc116f79d0b66ae7e8e2045a86299f971674393b205b1,4,1791393953.6728148,1791393962.9283688,9.255553960800171,148,153618,confirmed,
824,0x299e257872B9e8737F067755e17C577C7C7b7c46,node14,99b293fd6ce1513b29eae0d9db0379f1814b3211e0c90d05563011704acafb70,4,1791393953.6746147,1791393963.304727,9.630112409591675,149,153606,confirmed,
825,0xCE1Ad1359B076638825E2a90F2Bcd827F201810F,node00,29c9e9002aa247da20cfc078569dac91c3ba34f1b7ee676cc400f9b5885e5181,4,1791393953.6762195,1791393962.8951924,9.21897292137146,150,153630,confirmed,
826,0xB471dD3a87C6Cc3aC7C4d842c5552Db8Cb1Ea08d,node01,1e7ef4516e0a650c471233e0261d002e6857783b37791233da74dd34a65aa98b,4,1791393953.678715,1791393966.6684403,12.989725351333618,151,153618,confirmed,
827,0xc215DF0037D21468dC2CE8f7A4fA40bB4431E0aB,node02,dc3faa68869e3af12888919e799c3f906bf70616ab42c0a40e7b9627bacbd0d8,4,1791393953.6807473,1791393970.3158844,16.63513708114624,152,153638,confirmed,
828,0xffcA28FcB1375310452d512454e1f8b276785dA0,node03,a63f1ad71bb2a0588263c8b7bfcacb84f542f9144bce501084fb94e8068aef83,4,1791393953.6852555,1791393969.9074597,16.222204208374023,153,153630,confirmed,
829,0x7D426C530c484Ac90B361c0A91eA9689167C87bF,node04,6f10ae493738ec0ffc7abddc28b7e4bf5dddead7b8aff6c3353b45da3ece5648,4,1791393953.6877487,1791393973.2448432,19.55709457397461,154,153638,confirmed,
830,0xe45650FbEa56a9fB772512f0D64D3478c0B5c5Dc,node05,cdc01381d971ef02e77c1479520bb6075d3299bffb4650b1261fbc97b5b50e15,4,1791393953.6891758,1791393972.9637797,19.274603843688965,155,153650,confirmed,
831,0x0d5f35e20A31b22bf00d843F73e78d928228Cd59,node06,58ef240586f744b28386fae514126b5c554a03807d91334ac260aa056430d5fc,4,1791393953.6921678,1791393976.2096028,22.51743507385254,156,153638,confirmed,
832,0x0d2400b52b3d7D45a005a1bD7885ad4BBF1F0C45,node07,077d6f05d3aef07d83083d84f3745665c8e2eb2d95808d82ad410fee6a796723,4,1791393953.693126,1791393978.4777153,24.784589290618896,157,153650,confirmed,
833,0x543925F2f89114170aEDed9dD3cE6184D8E312b7,node08,828c3f80071f0e92ca8ddd59b5343efcba8fdab74ba9e8ed0d55e9e911b942b2,4,1791393953.6950212,1791393980.301189,26.606167793273926,158,153650,confirmed,
834,0x6EE4D38521d845Cd81D3cb3AF2364CDC09bA2336,node09,83cb9c2a9ade89d5015fb9b4218b4619a76d5ad4aedd302e3d9a27bc9a807abd,4,1791393953.69804,1791393982.1198525,28.421812534332275,159,153650,confirmed,
835,0x2A6992509A959E2812BfbF53b257bF88Af0Bd9eE,node10,3b23f751a883e1a559015dc84b827c0c840976056d8e711ab5da06808691b59a,4,1791393953.7039273,1791393983.496823,29.792895793914795,160,153650,confirmed,
836,0x5aD61718127C96dC6901ae1F671b26BDdb65105D,node11,794e4202c4cdcc13f563ff1d39d65bea58d52aec24bd822a84602907e83a7899,4,1791393953.7053263,1791393958.1441147,4.438788414001465,146,153618,confirmed,
837,0x196d29dc0Efc9780f30b26ae1742D4773dD93cC2,node12,983fb88a995920e9ae12a018d54d5323542bf745bd89ff0ef498a34b5c605253,4,1791393953.7077427,1791393958.210109,4.502366304397583,147,153626,confirmed,
838,0xCb14Fc8C8d482C323850FE2197f896bBE3301212,node13,f1d063c660af238884aed15d8a86aaf18da54bd16aa104005e6fe1c88b11327f,4,1791393953.710376,1791393962.5713365,8.860960483551025,148,153638,confirmed,
839,0xf49d8e8696a80d1CA1a7C176B685f3cF25333cA4,node14,ba7673276c55f83695ff0d70eb11fec023efbf65c4f8999de86a09d7efcb020e,4,1791393953.711725,1791393962.7713785,9.059653520584106,149,153606,confirmed,
840,0x51dF186439e786B8A967d955112Bb31649663241,node00,b9b2fe933515db2e6b1173a7603a11023fcd6881da9910f59c2731e54b50cd3b,4,1791393953.712686,1791393966.6208189,12.908132791519165,150,153650,confirmed,
841,0xe7C1d19e4A269656E8e07C8890ad04e1D40FFB77,node01,db3aa11185fd0219efeefc1b5462e8d55d3fead10fb5ddf0bd34ece0f6687013,4,1791393953.715745,1791393966.5138316,12.798086643218994,151,153618,confirmed,
842,0xE939A923F5dF0eF9B4655122688d0159568e59aB,node02,110e1395290396ed5c7a8a645d334e5e70b37b45ad49a765cec0c30ed4260537,4,1791393953.7177289,1791393970.057751,16.340022087097168,152,153650,confirmed,
843,0xBaD07f866e117040d16801a86261ec5a90950d84,node03,99e0606a9c0c2ae07ed52803e4e980181de3dddcef886688ebee8015e2ab448a,4,1791393953.7227392,1791393970.295365,16.572625875473022,153,153630,confirmed,
844,0xDb356a55adAA51E0E44701f80f125CDD5FBb5360,node04,943293881dcfebfacf80dcc846762c11efffbfac5ca173204622dfc63904f879,4,1791393953.7257562,1791393972.919223,19.193466901779175,154,153630,confirmed,
845,0x49A8F5943f25A1a6568083D4E0472B6633Df3dC8,node05,00979721182f34146561fcafc57671b38a0d93fa873d5fab57b3a1829560c48a,4,1791393953.7288826,1791393973.059965,19.331082344055176,155,153638,confirmed,
846,0x99D74F582bE1E8343e8D71Fa8404E2D7d80F41AB,node06,f563693cb4ee682204d1891de939abc62e1bc5dae15e191d425a7415edc8f495,4,1791393953.7317357,1791393976.4869683,22.755232572555542,156,153650,confirmed,
847,0xB4611Ce9d1D33958b64B0e14b0f9E533AAEe7E1c,node07,ea57bffd6a08b2522d58b96a567639dd453c8dc0c9c1e7a122680b017967d091,4,1791393953.7363327,1791393978.4607449,24.724412202835083,157,153650,confirmed,
848,0x28f6028d3D9C1652038D180c3090b36486c5777c,node08,e5e97011ab09e4ba7f47437f1ebd74adad8047d50e6fae2bf1692957acc3870c,4,1791393953.7380445,1791393980.3243926,26.586348056793213,158,153650,confirmed,
849,0x2FDA0DB0E3155D9CD26996a23b9E8444809EF136,node09,06c75159d82f4264dc144287bc1454641551c2d9bb0cc6679e20270d530f5e58,4,1791393953.7409275,1791393981.0465074,27.305579900741577,159,153650,confirmed,
850,0xBB0fA539404FC6755Adf45E57273732426f3286A,node10,e89384d7ae0748b06e41746eb1ef60126b00e9d4054a65f2c7dda024377a3432,4,1791393953.742774,1791393982.641127,28.898353099822998,160,153638,confirmed,
851,0x4c5Bba85a802a450299eFcb23A96677A082F3FBA,node11,7251da71896b0dca1e9e0303d0edb094f3d702504004ab3cf606ffa60c71b03f,4,1791393953.7455132,1791393958.198283,4.452769756317139,146,153650,confirmed,
852,0x3f02e51d67eC24dd7b3294130e5Bd1E54E7DB571,node12,05cc073eafe8296ead3324a69dbf74b631036b52529a832e8ca962b91aaa29cb,4,1791393953.7477548,1791393958.3284779,4.58072304725647,147,153650,confirmed,
853,0x7F19987669583FFab6f8040C523a2015d4cE200A,node13,d920446a9a0ae4fa7aa3e6f5c5efc367e61e2f38257b0e0c27e8b5fe7f60f9c7,4,1791393953.7512395,1791393962.7261684,8.974928855895996,148,153638,confirmed,
854,0x4172dd7c1Cd85A39e24760f3aC1041A19DAf9058,node14,65155c31172cca4d0f673de176c62d423c9aa8030c3795ff6b2c7931926baefd,4,1791393953.7537751,1791393962.8330512,9.079276084899902,149,153618,confirmed,
855,0x42087B76C1Ae1069ac3e7301CA4c780b2c01a688,node00,23aa8098a44a56e534fe93991d5c987aa709778e8efd307f9fd2113c9e00f512,4,1791393953.7551758,1791393962.8362265,9.081050634384155,150,153618,confirmed,
856,0x65CDbf8795C0a5CF6482dE9dc6f48fd0CB45698b,node01,c75d2a434eb643f84d9be0d83c06a4d32b8065850ec6313c16e4020b15c9262d,4,1791393953.7587063,1791393966.6164606,12.857754230499268,151,153630,confirmed,
857,0x75949d701e86a08Cf35aC43188faeeD181982EAb,node02,eead9875952c4254014168efb2060331dace6deb975baa1bc21c7aaeb32e2b23,4,1791393953.7609951,1791393969.8884168,16.127421617507935,152,153650,confirmed,
858,0x07435777f14c44690207176f93dD15330b82d49e,node03,0f50d6f543e957ef8a84dbce11d5f34c9eef80cf7bfe3d31489c305a64441ad4,4,1791393953.7630053,1791393970.2747061,16.511700868606567,153,153650,confirmed,
859,0x6213e4c66dDe3A63194D3613Ac94Bc7F1003f44b,node04,00fe61b83ade270bb39faee39992d8092a19efc2ae555c3986ad29b22feaa829,4,1791393953.765627,1791393973.1789708,19.413343906402588,154,153650,confirmed,
860,0xe31aD994B056e5BEc2E9D196E3A73586a64A2859,node05,c9c4c94e0f240e64d8ed4b4da46412b3f85bbc40cc2c7f6da1107fc189f7bb4e,4,1791393953.7698236,1791393973.176785,19.40696144104004,155,153630,confirmed,
861,0xc49Fa66E422AFCc96Bd1Df58eE42c2dFca7c3D8D,node06,cd3978faa80fdb6d3fc1bfd3a2498a187ca20f5ac04ffe1b8ae352b262ab7d62,4,1791393953.7715547,1791393976.4631503,22.691595554351807,156,153650,confirmed,
862,0xA2FDbAADa870BaAcE3238F6Cc42a8f5b1D82a21a,node07,d80982fee15052b58a6c47845d4eb74d592d27e91dd29008647ca10ddab01823,4,1791393953.7731862,1791393978.6378276,24.864641427993774,157,153618,confirmed,
863,0x5994C68831174Ea3cBf411150fB26C9965DF129d,node08,a800736b4ee9c2198b5621e3ac1fa025b42b30850092aca2f722d6106b6fa464,4,1791393953.773737,1791393980.2648735,26.49113655090332,158,153650,confirmed,
864,0x775c18dD7E306bdd74bD4f8389Cbc1FB22DA05E0,node09,75b2121d3f9f1e19be1ffc34ecdfedc5bf6d8e9f3c03648f46f63587adffeecc,4,1791393953.776184,1791393981.0054054,27.22922134399414,159,153638,confirmed,
865,0x49AEC6179a19FC4D052b8815508a12D08eb8E8eB,node10,3e6eedbeb7e5770fccdb25c6b07a6ca76317d4898ffb8e758422fe63c799b3f8,4,1791393953.779139,1791393983.499834,29.72069501876831,160,153630,confirmed,
866,0xAF572418843b756ee563a5Cb33C68659C01d384e,node11,20c9343e5d9220292047de6f91de3d7a5e558ed3be9f94e71ad9c0db51d98edb,4,1791393953.7810912,1791393958.2687416,4.487650394439697,146,153618,confirmed,
867,0xe859332A9C97eB20AcE2987524E7BbaC722e11CF,node12,5a3d2e0e40033fdaf13973ebb87c38b09511d11ca8ae4fc40084a4bf6ba7a0fa,4,1791393953.7842803,1791393958.2506635,4.466383218765259,147,153618,confirmed,
868,0xd935538fAA6c7fD72d0eDAdaC985B093Ba392cb5,node13,40165bfb96e613d64bc3dc04c648341a2d669cbe94128a04a9a6fd8343bcc557,4,1791393953.7856166,1791393963.176474,9.390857458114624,148,153650,confirmed,
869,0xfEF6145e667A10aCf08Eb10213E6ea0034E6a75d,node14,5bea8100cad24d0954bfa5a0d1fd983a986f6afde83d9484878f5df469334fd5,4,1791393953.7864194,1791393962.6901991,8.903779745101929,149,153618,confirmed,
870,0xC90e321e3EF4B852a5EC9a74F74A9c8FD0B6e7F0,node00,790b7f52b14f16c1842a22596b5ec584abdd192b63575939f1278599a466ebd2,4,1791393953.7892354,1791393962.9997816,9.210546255111694,150,153606,confirmed,
871,0x65Fc44Fd2A995c6891f59E77DC780D84713F64Af,node01,18e23e7c3db531786290888b3e08697f0fd0dd24fb76fb8503c8c581de16b109,4,1791393953.7906246,1791393966.599147,12.808522462844849,151,153630,confirmed,
872,0xA22A7f6De821151C7F288bFeAA0771f726E64293,node02,802898ed617d4821b5c4384e8ac512948366c6ab60ff0e1f25e9dc73f65194fb,4,1791393953.7927086,1791393970.3858583,16.593149662017822,152,153650,confirmed,
873,0x3a3298d6fF0E1677caE2BA89f36e90736cbAdC13,node03,416e1e6cf190f26a9d31727fb8f9f17e651a25f8a8201ea6fe5f47eb6ae20e31,4,1791393953.7935753,1791393970.3053718,16.511796474456787,153,153650,confirmed,
874,0x61f34e0379a2dDeE27ac5a2df4A5560e4B55e75E,node04,927adfff6251f24fee009dfaa990bcb227199107dac7091e3347485927848dec,4,1791393953.7951772,1791393973.272264,19.477086782455444,154,153650,confirmed,
875,0x231dB9AFEae8F81C5236d246449Fd593Fd64dFB8,node05,ec0822d2ca430a6ca0616a6791c4bfd44b3e02ecc826c21a1fb1e17a924b8cbe,4,1791393953.7965813,1791393972.750098,18.953516721725464,155,153630,confirmed,
876,0xd00388a0b2C0eCe2375B0183Fc4355846f62A6c8,node06,7500de16df79ae18b6841662d26c9eeaca18ff2c747a465fa5b1db7a9d8f3376,4,1791393953.7974713,1791393976.347578,22.55010676383972,156,153650,confirmed,
877,0x61e28cAded1e663D14A8aF8b06d35B1bBE23967F,node07,0b1a31cfe06ecf9bf885a01953fdd289f8bfa34e9ceb89fcdef652e456ea97ea,4,1791393953.800648,1791393978.6713297,24.870681762695312,157,153650,confirmed,
878,0xBA8f0E38F41EEE2279cb0f376E910de306f010b2,node08,7f435beb5ab41950e0a84b7a4046cfcdb0e2e2130bc3383766081b495d9f87f4,4,1791393953.803319,1791393980.302472,26.49915313720703,158,153630,confirmed,
879,0x942a85d27c63628d6e8EEfBd6133927032aC3f09,node09,da44416e3abf7e3d5f0be436552676b260f678e08a5590e3aa23dff6507aecb7,4,1791393953.8070457,1791393981.050336,27.243290185928345,159,153650,confirmed,
880,0x905EEF3383D4853B386C687cDC17bd07F036bBBf,node10,308dbd47d524191113355579a984e0d040f48ebfc4d1365dabb4b5b590ebe141,4,1791393953.810488,1791393983.4720998,29.661611795425415,160,153650,confirmed,
881,0xff85468568856b5DAf29c9a642C58f378A370d63,node11,e5bc918daf534a173b4d665f27affeb20d12dfcd6353e916a32463acc423e766,4,1791393953.8129416,1791393958.427546,4.614604473114014,146,153630,confirmed,
882,0x142B91F070c7D68A6544dcE37E8731594969eF67,node12,f055504f2350d9b9614cb764d0f8a7154cac8147af042f8e790684e08a7dd54d,4,1791393953.827212,1791393958.394557,4.567344903945923,147,153650,confirmed,
883,0xF52A9e038720CD9b46eC83B66b1B17BD80b74d50,node13,0b1d0f529a1dac374897cbff4a2cc4131419305e472e66f4f696ab77d5832de5,4,1791393953.830935,1791393963.1552448,9.324309825897217,148,153650,confirmed,
884,0x9D1a69e432Be77e27f058EA3871b06C11098352b,node14,d8680a156e3987dbec787c36097eed97f44c5f8509dc2b2ed55a7d98a4c81543,4,1791393953.8324928,1791393962.7792535,8.946760654449463,149,153650,confirmed,
885,0x674a7c8Ca3EfAd2D2c5d0fd8De7D9B5C22b73bb5,node00,138e3146926e017c79c279ec293ff407a7c26a2a5a6bf1ae60d9bd3ce9174b8d,4,1791393953.8351,1791393962.93227,9.097170114517212,150,153638,confirmed,
886,0x147B59c49a2Fc852439C3DE86049d2c593cfc752,node01,e13c5826a9549ce3797beb0ccc7b2c24493ef65d8b20f83ca88aaacd895e475f,4,1791393953.8400002,1791393966.69077,12.850769758224487,151,153638,confirmed,
887,0xd4bEDC249dC7635352E5B8270D71fC9ab37ba68B,node02,eb2e628406731b21b13b0ce96506920b7a4580f7cf9084efcc979d056700cad1,4,1791393953.8418121,1791393970.0030434,16.16123127937317,152,153650,confirmed,
888,0xD2069d248E56D2A0C3b507e21AB66Cc413A5c4fA,node03,2dd22615ebe4730d5daa00d3f551f7a77a429fffb550b7c0b96161c4d857ad8c,4,1791393953.8438683,1791393970.328439,16.484570741653442,153,153618,confirmed,
889,0x1069547cD04434E60475A1a89a538332090FB30f,node04,d6aa79007be57268fd05b4bf84ef3d67da7d66b79090e773dde47918952a96a7,4,1791393953.8479779,1791393972.9936507,19.14567279815674,154,153618,confirmed,
890,0x98312113c3dDfD46351930392a4EAA6636A8eE32,node05,e05e75dc3b29f6a445e86468e80e2c9730d562ffe8fbf03d5123a2e8c4043a1f,4,1791393953.8498034,1791393972.9788764,19.129072904586792,155,153630,confirmed,
891,0xCbd4e3109F3322D0ADFD084F2156799EFCAaf1CC,node06,a0ca571863da7bab63e8cc7bf0e3e732b8e8a41250bfae81c62d1412dc0fe616,4,1791393953.8514998,1791393976.3183188,22.466819047927856,156,153626,confirmed,
892,0x669a32645459BB57547E8C89f9C1474fdbB70578,node07,9b264886c2e9cc5b4abb0f5f7c1eb86378d5f81fdc90776c78bdbb9aa610eb92,4,1791393953.8534496,1791393978.6700974,24.81664776802063,157,153638,confirmed,
893,0xF7cbE833C0ea9b917e3B22440435cD4398A2F89f,node08,4c45f76aca5f6b5e6be0034ccf079f4ce63903a7ac7a49d83b7611b03ecb4b71,4,1791393953.8573961,1791393980.290795,26.433398962020874,158,153606,confirmed,
894,0xCa86C4A4190745485DFa8c5cc69a8d89A014C24B,node09,76ed3f737755d5690f49caafd0723a448bb4f4d2ab1229a6cb051028473f2e67,4,1791393953.8598065,1791393981.061498,27.201691389083862,159,153606,confirmed,
895,0xD33d9e6a1FC8b00E06C2b8E8e2ebA8b5AF162D20,node10,88ccc22ce63fde1cec7bdf92658f2f09c27b1a94876ca702a86ceaae2c45d111,4,1791393953.8609517,1791393982.6379855,28.777033805847168,160,153606,confirmed,
896,0x4843926d9990F4DdE5bd49b6268625C37d50d177,node11,aac72527154e9e282f44f3515cf50c825f1333cb3f49a93d098dafddc6d7e4ff,4,1791393953.8623962,1791393958.274091,4.411694765090942,146,153650,confirmed,
897,0x9a8678D05213aE97Ee47088be017de4414a4A92B,node12,b04c20594b6fecae1d157546e315f2b2261ea24dcc628c86d104bc3043505e28,4,1791393953.863437,1791393958.3527727,4.489335775375366,147,153630,confirmed,
898,0x3F0F2bbe8B6A0B431da3CD4FA36Ca799DdA37F7b,node13,fb014173b058f24d636386e779a6be49c661d0fa642b28d2571b50b4b1d12366,4,1791393953.867053,1791393962.7246823,8.857629299163818,148,153626,confirmed,
899,0x34d2ec7f0261887013733017fE4f98Cf7B3e5581,node14,e535e4c75064f2ea74a7d047b7330235842a5dfb2ec3945dfd146891b2deab6b,4,1791393953.8707473,1791393963.067654,9.196906566619873,149,153630,confirmed,
900,0xcB744167a9A6A81EB44d8A51D5Ccf181dD028254,node00,d04a2135ec55763997495134a939858675ee08d24228107d07b802859c0681c5,4,1791393953.8775203,1791393962.8737595,8.996239185333252,150,153650,confirmed,
901,0x6CE4dd53731311679A8A92aEEA39F7E734F3aE60,node01,16e244be28fa7ef1366b15df334ba3530f5a53a4bba6c5b5820d1229b3f0a63c,4,1791393953.8807607,1791393966.6450896,12.764328956604004,151,153618,confirmed,
902,0xA5Fb12fD175761A761B7b51e373327D1C6aFE40b,node02,a02a4443ca5992d46bd5fb60c8aa3e895cf50a71d199014519690f8932c44837,4,1791393953.8862338,1791393970.088292,16.20205807685852,152,153626,confirmed,
903,0x07DcFC81709EbC38E868909ae638Cf10Fd203648,node03,bdd8812d4802c98e685c32b62ded08ee6ad3d1b7f43560beefd81dbfc24556f2,4,1791393953.8879313,1791393969.9320557,16.044124364852905,153,153638,confirmed,
904,0x2F28E5EE5EeC63510D63b9E883F9A743BE8a84C3,node04,43c1d6c99385e97d7b8d26e128ea8f081090fb4689b22995fc774aadbd0084f7,4,1791393953.8909466,1791393973.276948,19.386001348495483,154,153626,confirmed,
905,0x7E87d7C8224Afd21BdF783cB3a6E8e22045b8c8A,node05,d0d16bf9fd66087f0541bbc1ffa875cc854efab1e15f8e557fa0f3a8b624f63d,4,1791393953.8931453,1791393973.318116,19.424970626831055,155,153630,confirmed,
906,0x865EB7068F7aEeca1e6165239868bE90fAB62553,node06,ccb09cd7b471e048ffa67c8f4cb33bd7a0a1c0e9c3eef56b792ad3b87e4ec7fb,4,1791393953.895168,1791393976.3717628,22.47659468650818,156,153630,confirmed,
907,0xc5Fa9e585C9C3774c6d7c5e542f564206C96B351,node07,e622782e686ae2807c63b6a6455486ff8e779adf690ed0fa3d549fbea10983e4,4,1791393953.8973372,1791393978.6197872,24.722450017929077,157,153630,confirmed,
908,0x3C90d1F52d1BA5558D47cA2059aaA723B9bE255F,node08,e1793fa0cc0c28ca20ceee4e3a64fab3d1b2010d0edffb6cdf303cc781ba60ca,4,1791393953.89913,1791393980.3086896,26.40955948829651,158,153650,confirmed,
909,0x159E3Ce014BF51f5ede1216d642AF02E0aE24Bba,node09,be7a6efc4737857b74b4087c89fafe5d70e9fb8cd4bbfe6a8f9566d4b4da8959,4,1791393953.900909,1791393981.04561,27.14470100402832,159,153630,confirmed,
910,0x6b86966e0Af173356aB3D4c215c822f41d46Cfc1,node10,825bcd91156061ff924cd6c6ade14de09767daaab49cd8befa34e39b4d6f4875,4,1791393953.902857,1791393982.643692,28.740834951400757,160,153630,confirmed,
911,0xF9D37159148f54AA57A7eFBDBf5458c70DE3121c,node11,8bafb9e45fc1899bbb6e5a1a1983d794705f0e879d24c8be4edccc48b21cc4da,4,1791393953.9042666,1791393984.4893308,30.58506417274475,161,153638,confirmed,
912,0xfFcF45a3DC06a401c604e163f9B213F00e262E9e,node12,23e2933cdf7b5e460c1eafeff1a124969c89614513b544aaf5b6ad247e9e0433,4,1791393953.9070613,1791393958.4290395,4.521978139877319,147,153650,confirmed,
913,0x95B242A97D355767f6F8EC404F4728D5a99DBd95,node13,48a7c3adc7bc51c34452c80e128376851afe86f28dcb85053f51214172940df6,4,1791393953.9090054,1791393962.758906,8.849900484085083,148,153630,confirmed,
914,0x814eE0e9E561890766458b99AfB6A7cD75F08977,node14,dc6630cd910c87fa7e6961d453230de5ef29a00f808b6cc0df0a76171d2c7bcc,4,1791393953.9106805,1791393962.7616806,8.8510000705719,149,153606,confirmed,
915,0x9a562f144210F89C7f92C7C761ad24DEE0C8a8aB,node00,2bd828ff0d5f082e89071b69b05509530eb6541e6b62283014e3fee676d99d9e,4,1791393953.9130323,1791393962.9968438,9.083811521530151,150,153650,confirmed,
916,0x9d997EF8436712F4dAdF916dF77bE02c848cA192,node01,679270ec18fc632eefafea39cccd7c636b067666bae521c6e7d128881ef1f1bc,4,1791393953.9155173,1791393966.648751,12.73323369026184,151,153650,confirmed,
917,0xD2fb2bCc4A31122937A28897858a0B07b626b52B,node02,0844a80b14114bed118b6541db9ea83c8436acf0c7d72fc23d7650b050ff9428,4,1791393953.9182036,1791393970.0256476,16.107444047927856,152,153630,confirmed,
918,0xa0a5DB66c2359f3431FCD01Df4233e5217c7EF11,node03,edfb24ef87b1e6f80f776d2321d61032fd0655df03f6d805931f64f3d8c720bf,4,1791393953.923296,1791393969.986024,16.06272792816162,153,153630,confirmed,
919,0x2E8018b18A03051718cFBA7B1c61633EE2Aa0691,node04,ed34d746f949754d5819cc1790e19e87c5b2d30067902da252edf9f093065d41,4,1791393953.9250069,1791393973.2148488,19.289841890335083,154,153630,confirmed,
920,0x7643f2F119715E8da4BBCD2AF3916Ef0c372c8DC,node05,e37be1578d60a7be3c4b24b681c06dc667c869984ecb19a00c830dabe6917efc,4,1791393953.9279985,1791393972.8963757,18.968377113342285,155,153630,confirmed,
921,0x10b770207072Ad38e560B7d523717f4e0506f9BD,node06,a5039728893178ed6742c2855603b1a119b19af74a3ae29dfdc8d395e1e0e166,4,1791393953.930358,1791393976.5100517,22.57969379425049,156,153630,confirmed,
922,0x73acE2760dA3ba7fedF384060590C06c09C2C3E2,node07,001c4b24ad3c15e5c02740f2ecfc42bf1b20ec63068116e929ff764e06c2f92a,4,1791393953.932667,1791393978.5883408,24.65567374229431,157,153630,confirmed,
923,0x281632CFE7835DC5a221245E142A349c2A7b9D8e,node08,189acb2ccb804d8c7cd09fafd2a3d4edc3e0264811a973a8e105f37d913ca563,4,1791393953.9342315,1791393980.2822008,26.34796929359436,158,153638,confirmed,
924,0x7b6f68eAe4b5cb9Cd38Dfd03a656eA5C04602CE0,node09,a6a93e325131e3938923d7853b58bfe2f3193fa9a470caf135561bbbb3afae40,4,1791393953.937607,1791393981.0515664,27.113959312438965,159,153630,confirmed,
925,0xe33D341B9097FF841868d7C2F6e4F2962e9208E3,node10,b25c328d80b9ac4432da738020da9cedb20933c5bf8d862647b4fa333cf77cd8,4,1791393953.9402037,1791393982.6355903,28.6953866481781,160,153650,confirmed,
926,0x6DD7ecF97020B246Dd4b615b93B0F6b74C5FC056,node11,a732f600ef4bced695bc867a299180ebf62486d58d9454dd45476578a26e9675,4,1791393953.941547,1791393984.5032086,30.56166172027588,161,153650,confirmed,
927,0x02741F67AB7bDA32c5463C21d1B3452ecFE76468,node12,ffdedf2aa0fafd07471e00a730e70d0e7a8088116f574ad38458355c82ef2427,4,1791393953.943909,1791393958.382517,4.438608169555664,147,153638,confirmed,
928,0xD5bCa3a978471F73b10565a4eb7f5Fc9898D4163,node13,07f6f4af46bad82f1ae2875115641a76284b30f46a4d13d233e8ea32ad75e9e8,4,1791393953.94673,1791393963.3460612,9.399331331253052,148,153638,confirmed,
929,0x4Bef8433A199812E534fb5A1Da26Dbb0ad500F15,node14,c00bda7a544dc698197c31c37af4e5aa3073b6a535f6e6c48984176415996cca,4,1791393953.948928,1791393963.3407142,9.391786098480225,149,153630,confirmed,
930,0xd4A9eBFAb23f051b71Bf81922910F0aD8E517BAe,node00,463789b4ecedd6173aad6eabe211849a4ead5ca3bad2ba4b5884c57b07691424,4,1791393953.9508445,1791393963.262093,9.311248540878296,150,153638,confirmed,
931,0x9406822d122853E67278d5262B8CB1bc35dCac31,node01,de294ed03c27e13696903b6279dfbf346d23dfbc475271df284b52f8d7a37131,4,1791393953.9528418,1791393966.7781994,12.825357675552368,151,153618,confirmed,
932,0xB8eEBbA655537e29a525C15582F42738CF87a748,node02,2f9954abc7e88d1ae2f75651b4644310eb8559752bdfcd8e8494db7578f6d8c0,4,1791393953.9551234,1791393970.0952277,16.140104293823242,152,153618,confirmed,
933,0x2Ec2e9417BDc156fc357d5ABd798B5f0F76f225a,node03,c224f7613c79d6c6e985174336ee3ca25c6b502e03a87b3a38e9a7fee2390736,4,1791393953.9574137,1791393970.004613,16.047199249267578,153,153650,confirmed,
934,0xda1BC1C492d10D884F45AB0855e4CB173ec163f1,node04,cd949d0efbab2c00824863561ed9e821722561bbfcb24c19017e81bb97637fe7,4,1791393953.9596963,1791393973.1172168,19.157520532608032,154,153650,confirmed,
935,0xA0010c4c473C1Fb410e5044aB2F9F688e7b25a26,node05,546808036a1e72b725f07139ab639209c347af9e20f6fd1c13359abe11746ba1,4,1791393953.9623196,1791393973.2009308,19.238611221313477,155,153618,confirmed,
936,0x012c2b18fF2B32B20C188D9B9c25D9fbaA6D27F7,node06,a072246e18091807297b795509d1a2c4f348d7424f62f988caf3bdcc7502eb0f,4,1791393953.9636936,1791393976.4622242,22.498530626296997,156,153618,confirmed,
937,0xa49c07194DB570c220043f28A86d8479ff2C7A8C,node07,f005c09da89f220f96dcd748342fa7b6527dbe1048979946efc3febaa03b9678,4,1791393953.9661646,1791393978.6836114,24.71744680404663,157,153618,confirmed,
938,0xDB5b8eb82857dfe7E7830ce5E8fd7E61FEcfE44C,node08,ec77136798e7593846192f50d6b9e1b53f964f15dac724866099d9863a53b31c,4,1791393953.9683206,1791393980.2969236,26.3286030292511,158,153618,confirmed,
939,0x206593CC29ce5Ede6050d6001059E0A6E807D16c,node09,01a29c4608fe7b23b68927f197a3486ee697a338ee9f11008a0a0a11d6682f26,4,1791393953.970559,1791393981.077976,27.107417106628418,159,153650,confirmed,
940,0x6A202B228Ba33C74aD0df4ec59ec9c3471E885d4,node10,49037deb98f3d58f5c091de21c251256b32a806e9514d1505c8b1cb0260b0acb,4,1791393953.9734683,1791393982.64537,28.67190170288086,160,153650,confirmed,
941,0x58cf875e755F1F9Fa493a042dE4FF5f20902dD9D,node11,08503d6ec3e0df25a238479513fdb95996d3edb6f5b75b90b70b19daeda9ba61,4,1791393953.9745393,1791393984.5081472,30.533607959747314,161,153630,confirmed,
942,0xeb373C8985c538463dd5390aDf224FA69aFCd293,node12,983c13c9f627366a7f32057a0ab0ae056419a3e009034a8f94e22f82d1a66f81,4,1791393953.9761353,1791393958.4460545,4.469919204711914,147,153630,confirmed,
943,0xf70D8F8e2859C56443b123214451fd8255474b60,node13,e8aa63bb275e61042ede7c7f27610b32ecb6f3d1e609580767d7885300875391,4,1791393953.9774368,1791393963.416425,9.438988208770752,148,153618,confirmed,
944,0xAb25AdD6Cf52336EE89D27fEBa9f68743e12c8E6,node14,35b8a7d5fa00f8e97414d84e1bffba860c8423c01feacd146ab7570668ba70d2,4,1791393953.9795907,1791393963.43951,9.459919452667236,149,153582,confirmed,
945,0x67311C80DCfD3B66F625681a7a8D166b12d900E1,node00,654db540124d4a22f70a78d2a6a753ae47b4c686d4dab3785476769c999de5a8,4,1791393953.9809303,1791393963.3543062,9.37337589263916,150,153618,confirmed,
946,0xd524F06557de683bC8ca3441D5B9367a68B781A0,node01,98442a5eebc789829d3a0f872d41c67e62d3169741e1e55126e3b7615f8ea130,4,1791393953.985048,1791393966.7950995,12.810051441192627,151,153650,confirmed,
947,0x91389e8fdf05f0221bCE50B703CB7B33E27710a6,node02,13c24075d7467201561ec4e2fd92919e0639895e55a5afe8b47f16e57a81f4b5,4,1791393953.9865541,1791393970.1286001,16.142045974731445,152,153630,confirmed,
948,0x908199D0D969526ce9FA19D2Fe0d9a5a2e62D520,node03,2bb58741e3ab322ddda73c31d1573ed967a30f9c167505a0b30b651ad2a0bb1e,4,1791393953.9911976,1791393970.244417,16.25321936607361,153,153618,confirmed,
949,0x30c1ee064B3c05A6038Dfb483097614e5cf6C406,node04,dfcaefe32e6749cd0ca640a7405b39b9448442dd11ca191ce2ed1049bff038dd,4,1791393953.9935062,1791393973.235413,19.241906881332397,154,153638,confirmed,
950,0x57b25091c6bbc0DdAf5B6E5839835beb3B0622D8,node05,b7e3c818aa8ca28ac29af3a09c4ba9087b062acf8c2907c965d5c08f4b943f34,4,1791393953.9975793,1791393973.1377134,19.14013409614563,155,153626,confirmed,
951,0x6d8565C60a49B2108E7A31aE4b5A3f0a9B0FE39A,node06,72109a7ef6e920f65b787ef1089de33eb5dc9bbfa37f03dfe35b0638392c39a2,4,1791393953.999159,1791393976.455165,22.456005811691284,156,153650,confirmed,
952,0x4a3DCB681e0a49ff12DA11369a202a3ba5d977db,node07,1a4ad39efbb186112ad2ecbed4a628726a114bb64c7a0a258ebd53aa34a424b0,4,1791393954.0024421,1791393978.651681,24.64923882484436,157,153626,confirmed,
953,0x2dA7e724525003Ca050C946FA0BA0Dc4541612D7,node08,2fb8bac56a1034fe1d551fa36b5cac01f0399de5ce5fe60bb6fad9444b953f85,4,1791393954.0044608,1791393980.3184133,26.313952445983887,158,153650,confirmed,
954,0xDdC89d06A4b4Bfc6C040A2667B4D9B06853A7fb5,node09,fa85b3d17ad0b423f02e7b47913205f8cc46146f1191d481bb77ee0c073a0623,4,1791393954.006081,1791393981.065707,27.05962586402893,159,153650,confirmed,
955,0xfB62876b9C5138f4CdF215d2159B86c0cCc281c9,node10,4960d1bbe6f2691d3bf468af4ac6a063a5272c7294491ada60e2d32582c66238,4,1791393954.010422,1791393982.6467063,28.636284351348877,160,153650,confirmed,
956,0x2D4C65A4bBb9442e093a8536D05DaA8A162e63e9,node11,de8db940f53dc848151213252301094d14753002bb82f6aabb52053db459bbfd,4,1791393954.0123415,1791393984.5057034,30.493361949920654,161,153630,confirmed,
957,0x53D92570767363822d00C5141e7813b9Ea03A61c,node12,aae34154230050decae9a455855032c4ff60f79fe3950750263e9fec51fdfef7,4,1791393954.0154817,1791393958.531389,4.515907287597656,147,153618,confirmed,
958,0x13Aa37a103813b24Bf49ff0cD3f50eA79E04BaDe,node13,d984fd64243a691d872ec45538c868a8bce176cb29bd10713ea2fbd90144fe3b,4,1791393954.019331,1791393963.1577632,9.138432264328003,148,153630,confirmed,
959,0xcAd27efEFB076465ef215Cbf77B3fa3F06fc20A0,node14,7a7a112c02637b00bedaed95ecbfea22b6d24484665da30395284a84a9ccf3cc,4,1791393954.0212243,1791393963.0304782,9.009253978729248,149,153606,confirmed,
960,0x07b0611b27A0912D6C796393c7Ba6D1B74751979,node00,c3238345c49e6640b6100a65f0fae4ae79858fb576b20b38dd7b2584c31d3969,4,1791393954.0354724,1791393963.1327846,9.097312211990356,150,153618,confirmed,
961,0xc57d56Bda455583E2cc6d43702Eea34d2EAA99ab,node01,509c9759d68bc79590b5a292206a996a9dc78cb0a1deb9085cac81ae9bf87ddc,4,1791393954.036619,1791393966.7523198,12.71570086479187,151,153618,confirmed,
962,0x72D93D100a03e7DE6987Cecf8300b4dd5550B5bc,node02,e1056ff444f556cd76256a4105d8c48133d880fbf2d4d57e4cffa83430041847,4,1791393954.0399308,1791393970.2415104,16.201579570770264,152,153650,confirmed,
963,0x417c7f43fE26163e281377e2C93CA1cEc3df6c4d,node03,a442fdcca1dc9c2a4d17221c1a04ee3fb00015518cade68607f46fc92b94f1e7,4,1791393954.0413039,1791393970.3136694,16.27236557006836,153,153630,confirmed,
964,0x9bf71853341e4C32b08a5BA4629A1eF76C6Bb063,node04,5dd4f7feffb0335bc2781b52034e1017aa553def3c91c106588dc6dfe3d5d41c,4,1791393954.043329,1791393973.196555,19.153225898742676,154,153650,confirmed,
965,0x1b8fFd828A2666Aaff87F450b98D7E0e627CBe6D,node05,d9301596846c8444418bba2cd925b148bf64b0be1d303c76696056ea132b0fe7,4,1791393954.0454159,1791393973.36087,19.31545400619507,155,153630,confirmed,
966,0x9916EB1a43B2181601293F48631e4160786F0C5e,node06,484711f3769ae45ba62f6c4d5c8c1d5e1087199d115c40a796f70312f91ce6fe,4,1791393954.0474608,1791393976.5142376,22.466776847839355,156,153638,confirmed,
967,0xB7587527183ea05E35342495831e1502B1Ea6326,node07,9d25b22e2cdf956d7c10a9646c1770b7c7ea79a952ebb743375571d1211b21d5,4,1791393954.0493708,1791393978.6827369,24.633366107940674,157,153626,confirmed,
968,0x8D27A364870E4b855d66079719e5E3487d0374A4,node08,ec68bde54014b56bd26253edbc82d94b463f0467a68713e62b36f79029c155d7,4,1791393954.0506673,1791393980.2697709,26.219103574752808,158,153630,confirmed,
969,0xcE95e1Ab0E7AeAC0e6309BD990D342Ec48397705,node09,b9e723a449c0e41db6fe7ae9d25dae44a6e2b9f1eda419c1a2a0130c1f62d673,4,1791393954.0547457,1791393981.0810623,27.02631664276123,159,153638,confirmed,
970,0x985a653A01e19E977aB4e5467458dfC5b021110f,node10,f83b87a77f1ea87ee0ebbde0cb7eb008edddd8ca8cbc4d79dc050c47b6a8692b,4,1791393954.057906,1791393982.6386764,28.58077049255371,160,153650,confirmed,
971,0xB80C7Fd1E2FFD8fD86c6d9C7401fF6BBBC1a1Ec8,node11,0119f5eab364d60e750924356a3af429a7b1926c4e01aabb6da7dc901fe8b32e,4,1791393954.0628502,1791393984.4978325,30.434982299804688,161,153630,confirmed,
972,0x6116Cc10708D43928F9e58Ee00549a38d2028ec5,node12,4ec9bf8f5f1edb9ee50b5619863dd6c0c83627dfd024a6603fc354ce0998e907,4,1791393954.065939,1791393958.5466795,4.480740547180176,147,153638,confirmed,
973,0x68D72c6e88B3e82A420822347D2610fF74914248,node13,10cebfe30f01855848a8e65b0191e51ae2bf9b75fa787472c566b3ec74161c74,4,1791393954.067086,1791393963.1107497,9.043663740158081,148,153650,confirmed,
974,0xa5C8179F7fCfE8779a24e44c953eA54d5872210E,node14,627a2032cf2aeb20be81d5b7f51db6575f2256110015363af87443207c35772d,4,1791393954.0694213,1791393963.458314,9.388892650604248,149,153630,confirmed,
975,0xB72C7923076C87Fe22124D4040fF3dee231ca7a9,node00,249c9a0ff1ab22868e4bbe2cad066a43252e258a3fcb1630731f5b147029751d,4,1791393954.0754085,1791393963.3147829,9.23937439918518,150,153618,confirmed,
976,0x89d31A9DA70F7b9893322dc08AD8D7E14D131125,node01,a000654554b06da46e3771b503d2d7a5b97444eec075df4a3f21aeb0c3c6e7d7,4,1791393954.0784614,1791393966.7753983,12.696936845779419,151,153650,confirmed,
977,0x5764Cf9545557500C6EBB2174a1E21a5c1f2Ff8f,node02,8a98bc0a4166d40cd363ed56cc65bc99dd7e43a671c4220f03472857cc33230f,4,1791393954.0806522,1791393970.1110625,16.030410289764404,152,153618,confirmed,
978,0x03e588442EE30eCAffD3247Fa9a0975f8bAAC045,node03,740b578c11f7d6e637d4cbcec004fa2fee59ff7fa73ff4656f392e6bc4a3ef74,4,1791393954.0829873,1791393970.2290533,16.146065950393677,153,153638,confirmed,
979,0x680Bc8147A5ABf3Ec5d5aD85b987B5549A2E84e0,node04,344b06ba099de435395255dd379e3f11cd9901df89faccb73dfe9e6642971935,4,1791393954.0848234,1791393973.2846713,19.19984793663025,154,153638,confirmed,
980,0x22C66E1B560244eE319241a5177b42aaeF395630,node05,140075ebe02b5ceb672401a7de4f81e34999e964c828e71830893bd3a83622fc,4,1791393954.0888696,1791393973.273268,19.184398412704468,155,153630,confirmed,
981,0xf5b40580cBE085403CC5fceEab33f3d981921cBA,node06,ea197aad077fdebdf3b24cba46502307d7f3085afb5afbdaf984ba82559882f5,4,1791393954.0905113,1791393976.5319014,22.44139003753662,156,153650,confirmed,
982,0xD53487498853391146e08737F81ef2A7DDC2e7F1,node07,9afa3ab23f33881f3448c5c2a3f80141a60c90b4afe96c3863eeca8a88813394,4,1791393954.0932684,1791393978.68142,24.588151693344116,157,153630,confirmed,
983,0x6A01047c872a0b89D4EbBbca1c1f6cb1996ac320,node08,ee2b190e134cd99fd75f325e17aaf1265e744fac56576de38275ba89b6558340,4,1791393954.0981393,1791393980.217426,26.11928677558899,158,153630,confirmed,
984,0x91Df0dC1533d09f3155ed5Cf0b1D8167298042c7,node09,452286f095447f79fe8665d9eda19a1abec9aca6aa89648100e98e5be4d6460e,4,1791393954.100817,1791393981.082994,26.982177019119263,159,153630,confirmed,
985,0xFaFeB249cAad1E59AabF009f1d99e60F0c552e43,node10,77b7bca2fe6117b42dd94e801ca36efd84c79bf320b045b23b8a31e222fe2796,4,1791393954.104819,1791393982.6473234,28.54250431060791,160,153650,confirmed,
986,0xDbf5d7EE89d5353f4B2B1F9B7aEB8FbD369D5811,node11,7c8fbb77ee24677012d7747451cebb6e92ce5ce7f977c6101a320ea557da095a,4,1791393954.107572,1791393984.4511068,30.34353470802307,161,153630,confirmed,
987,0xfbBe535Eece7ebF622B0fFF875a9238f9e80357d,node12,7aa4867821e5ec3cc7299ca8b8f7119d791ef7d52220031896ec1b8218192523,4,1791393954.1097248,1791393958.6305683,4.520843505859375,147,153618,confirmed,
988,0x7Ef94532Be16328cE1FBEa44F0E541F4024AfBAD,node13,9643a4914b58dd3263a56a666583beabbb2c6bf7c3d54ae64393c5e42bf5ff67,4,1791393954.1117578,1791393963.28572,9.173962354660034,148,153630,confirmed,
989,0x5f48E21606096291475B5C6454fbA57cb5D3E632,node14,c6a54428d268a914089fc1363d661e8cbc6ba93b86a583604d05aab2c7555c71,4,1791393954.1142418,1791393963.277335,9.163093090057373,149,153618,confirmed,
990,0xB677f89A55c012D83De867410bDEC9584addE19f,node00,3373200d03090a9cb882ae527a2f7cd6588badfa08581618ee81f0beda84c397,4,1791393954.116656,1791393963.4318266,9.315170526504517,150,153630,confirmed,
991,0x23CCD1273387B3D07A89620d73dc90f59072D401,node01,514d099c9e27c7785e3972f68c93deb7fbd2babf7537a503426420626a5d2d31,4,1791393954.1186984,1791393966.7965996,12.677901268005371,151,153630,confirmed,
992,0xBe66a2fEb4f072b2c4d89202e5716D56e6D3CeAD,node02,dba520a497ffaa173cc2fcea3893799a6ee82b3c13e00ce1060ee15badff5661,4,1791393954.120143,1791393970.372368,16.252225160598755,152,153618,confirmed,
993,0x10285AD6126A6E23647891d5c22B2AB6227c4045,node03,7b4a90d11696970149d68de4f58145fb359988734a704f7940848ff15f04f639,4,1791393954.1218486,1791393970.313511,16.191662311553955,153,153630,confirmed,
994,0x018E887b38C69BE9FF76dC08494B11B4F286920E,node04,16c4f4c577aeb9560ea07f5920869a2bc88230e714686cfcdee688b0e145b436,4,1791393954.1239803,1791393973.3531258,19.229145526885986,154,153638,confirmed,
995,0x8Ee7fCd12630382901Cf6c4f83F9d9D3bBa90fD2,node05,9b302ace521f4bd60eec7da99b37e90c5cd776ed852eb737162e64f11af58aea,4,1791393954.1272514,1791393973.3385046,19.21125316619873,155,153630,confirmed,
996,0x00B836F9C92f3E34AC16573c8a9E1f543CC03D51,node06,d718c67eda12ac3a8acc6eda317d584fe3bdcfe07deb07ada9355648fec4d84b,4,1791393954.1298394,1791393976.5291133,22.39927387237549,156,153626,confirmed,
997,0x9D14bC8DC4BBae0272b3F705F1Fa5D240b3a83C8,node07,99a7ef1564119245eac4771b8f63f30c7372248f48920acdfcebbc952fadb3d0,4,1791393954.1333365,1791393978.672617,24.5392804145813,157,153650,confirmed,
998,0x50331772339eBcc35e20897a5D54c63AE5f5a7F3,node08,f97fd233d1e2f3ec5175dccebef9cf07180abe6ca498a4510fdfa926846f0f7a,4,1791393954.1376858,1791393980.3276067,26.189920902252197,158,153630,confirmed,
999,0xefbeA4bbd9dC4d0AB9B0fFa441096dac7a9a51de,node09,cfa017493d6e511e9189c6bc67813960a0902c37bc57b29c565fc0b74ffbf8b5,4,1791393954.1381896,1791393981.0747077,26.93651819229126,159,153650,confirmed,
1000,0xAA928de067C4894C6A166fE0261e8360dfBB009c,node10,2665491b8820271f358440f4809328d1c190e5b6fdb2e4e5c433723fd4db4528,4,1791393954.140185,1791393982.6507757,28.51059055328369,160,153630,confirmed,
1001,0x2E9870243d32392762a9FBF1a87E689FEb732b8B,node11,a770b8415ec0651eee5c075e988094f55afb8f78a1cde588808947b26686af07,4,1791393954.1442645,1791393984.5024881,30.35822367668152,161,153606,confirmed,
1002,0xebB2bF4181287b1471b05E39FC3c8bcb1516c3bD,node12,628b45dcdb6248b91b44ca474296d5a4e8e725e86a5e07245499f8c16915c62c,4,1791393954.1470947,1791393958.6529775,4.505882740020752,147,153638,confirmed,
1003,0x81c5b8F7629abD2f41262a3D9600D1c8B160f009,node13,2687b175af54c85efe9c650eba95d675423ee656338d28ca7fd9d075f670b116,4,1791393954.147752,1791393963.3536253,9.205873250961304,148,153630,confirmed,
1004,0x7A9A8Dd492aA9F37B24E73029069CB484eee4aa6,node14,9a8c9ae91ca352e2714440c8be744ff15dae3005b1f03e39c8be63ec929e9fdc,4,1791393954.1516855,1791393963.4540083,9.30232286453247,149,153638,confirmed,
1005,0xc6cAeeDA53497c0e00Fc911A4e7A0Fdc77539386,node00,165e70770d526c29ad07f9ae2e43d5aa1076ea9b3ea478cbcfdd602e4a5d4e73,4,1791393954.1536899,1791393963.4015284,9.247838497161865,150,153638,confirmed,
1006,0xC349b4f04831aFD9Ae5d72Ce24808119425e74b2,node01,7802b93e7863a73e7eef81d324bb0d084fa53fc5368ebc63b7d4f6b19f451e4c,4,1791393954.1555083,1791393966.795441,12.639932632446289,151,153650,confirmed,
1007,0x9c1d8A667a2B68844E54d75d07A4965f28E39511,node02,7be55736eb2d2629d306c507eed19594b59c015a43bda2a70a6580670d0f07e8,4,1791393954.1575546,1791393966.7921498,12.634595155715942,152,153650,confirmed,
1008,0x0222Da9ab0B57dFE7E5cD6bac58C1A768D340D77,node03,5abe1253e1e82f86ebf12c2fd9f7c6399fec911ba7a7f8512c67afc8b3081dce,4,1791393954.1592093,1791393970.3626888,16.203479528427124,153,153650,confirmed,
1009,0xfaB21eA4629aCb5783149970344f40Bf9bba3480,node04,590fe6fc9ab2378365fcf1136a8f8b7bdac64b1c109ce908c780a2578c258aae,4,1791393954.1610417,1791393973.3201475,19.15910577774048,154,153650,confirmed,
1010,0x88aC05b972Ec1bE74Cb432bEAaDfda289578917b,node05,b087920f1419983a002bf1380a816e0c63c6f2ba793b09aae67e420fd0f2a115,4,1791393954.1626608,1791393973.32314,19.160479068756104,155,153638,confirmed,
1011,0x436755Fb88f9Ce2D68EfdE7f0857F0c1e18fF533,node06,0c994173f0631545bd4a6c4d3a3f629b34e0563db5755dfd202ba8d19393db18,4,1791393954.16426,1791393976.4990838,22.334823846817017,156,153618,confirmed,
1012,0xEb462DE398c81A28a5197d83B52311a14843240C,node07,0b6a517e96a8d45f6755fe97901462dfd7a4f619d45edd83a9fcc30d99dd2bc8,4,1791393954.1659546,1791393978.627784,24.46182942390442,157,153638,confirmed,
1013,0x8873F4A19A70903c37Dc32d22207bDF603fF7E41,node08,d590d83e10626a53cb3f8cfcb4f0164e3b9d8199918ae7505b4c795e541be76e,4,1791393954.1676073,1791393980.3231716,26.155564308166504,158,153630,confirmed,
1014,0xdC237565C777ef6630d6CC101eee51813F180927,node09,8c2afaa6828c3cd5b3cdd01c1a021a985a82f1fe059ece58da7fa208f823f279,4,1791393954.1691651,1791393981.083623,26.91445779800415,159,153606,confirmed,
1015,0x471E858E4FBBb624BfB4aE7dCF3AAE35924B87Ad,node10,bff69bb948e8bcffef207513b4cde56b185634a0f5aa12ffd64a01f94c4aef85,4,1791393954.171464,1791393982.6495078,28.478043794631958,160,153650,confirmed,
1016,0xDc1F5198fe523dCBE9Df85486C4E73d768B8487E,node11,d70dac1bcab65e417146576e5a6284b994d3f51b78a33c405a4c3eb841b31cc2,4,1791393954.1733134,1791393984.510796,30.337482690811157,161,153650,confirmed,
1017,0x92E09AC6eBA4456Ec8Db9aA7463cD313689C6167,node12,73f947f17f975e4e40ca27be5c1e56edf9850edb6100f7462aa65eb483a377df,4,1791393954.1760466,1791393958.6562603,4.480213642120361,147,153650,confirmed,
1018,0x4a29d84de2845fCd729c39ae3cEbDc27aF22356E,node13,9b8a1f007cf45c993007a59d2a94b2782e99b2f19add886317f6c818af41b359,4,1791393954.1802971,1791393963.4425287,9.262231588363647,148,153630,confirmed,
1019,0xaFb901CafD9d969bc9Ff3E806ED7928535C6466c,node14,8a56e2389728d85002cf8ccc0f2cee733e21eb44603a28bf6376f4523215a65e,4,1791393954.1848557,1791393963.4246635,9.239807844161987,149,153650,confirmed,
1020,0x7A9D8E24CccfF909B84d901909E9Fd9c0B893AEd,node00,b02bfbd67de4b095132fbca0f5425d427b1410b6670cab7c0a2bb96d1d1088da,4,1791393954.1876554,1791393963.3827472,9.195091724395752,150,153650,confirmed,
1021,0x3270e16c36ee7F710e827DC906b24d5F476c081F,node01,1b924f57972ab7ed8bf52e70b8affdddcd367eb0211cbfd1b6e685777834f051,4,1791393954.1909924,1791393966.7931101,12.602117776870728,151,153650,confirmed,
1022,0x4363733Ef25CAf884646688dA55A8A779e448cc0,node02,c567e71bfa216e069c9b23acf952fe2cf5db1030c7e7c1362532c705268eb19c,4,1791393954.1932263,1791393966.7977982,12.60457181930542,152,153650,confirmed,
1023,0x3928d2001825746EC31cB367ffC578fAc8103214,node03,974dbe63dba1025251ae7f7a7f3b1753755a92adbc41265b3c6ec7e68a996114,4,1791393954.19573,1791393970.3814237,16.185693740844727,153,153638,confirmed,
