Setting logging level to INFO
2026-10-07 22:07:41.420+00:00 | main | INFO  | Besu | Starting Besu
2026-10-07 22:07:41.770+00:00 | main | WARN  | Besu | --graphql-http-host has been ignored because --graphql-http-enabled was not defined on the command line.
2026-10-07 22:07:41.879+00:00 | main | INFO  | Besu | Connecting to 0 static nodes.
2026-10-07 22:07:41.885+00:00 | main | INFO  | Besu | Forcing price bump for transaction replacement to 0, since min-gas-price is set to 0
2026-10-07 22:07:41.886+00:00 | main | WARN  | Besu | Forcing tx-pool-min-gas-price=0, since it cannot be greater than the value of min-gas-price
2026-10-07 22:07:42.307+00:00 | main | INFO  | Besu | 
####################################################################################################
#                                                                                                  #
# Besu version 24.7.0                                                                              #
#                                                                                                  #
# Configuration:                                                                                   #
# Network: Custom genesis file                                                                     #
# /config/genesis.json                                                                             #
# Network Id: 1337                                                                                 #
# Data storage: Bonsai                                                                             #
# Sync mode: Full                                                                                  #
# RPC HTTP APIs: ETH,QBFT,NET,ADMIN,WEB3                                                           #
# RPC HTTP port: 8545                                                                              #
# Using LAYERED transaction pool implementation                                                    #
# Using STACKED worldstate update mode                                                             #
# Limit trie logs enabled: retention: 512; prune window: 30000                                     #
#                                                                                                  #
# Host:                                                                                            #
# Java: openjdk-java-21                                                                            #
# Maximum heap size: 29.50 GB                                                                      #
# OS: linux-x86_64                                                                                 #
# glibc: 2.39                                                                                      #
# jemalloc: 5.3.0-0-g54eaed1d8b56b1aa528be3bdd1877e59c56fa90c                                      #
# Total memory: 1007.68 GB                                                                         #
# CPU cores: 256                                                                                   #
#                                                                                                  #
# Plugin Registration Summary:                                                                     #
# No plugins have been registered.                                                                 #
# TOTAL = 0 of 0 plugins successfully registered.                                                  #
#                                                                                                  #
####################################################################################################
2026-10-07 22:07:42.308+00:00 | main | INFO  | Besu | Security Module: localfile
2026-10-07 22:07:42.310+00:00 | main | INFO  | VersionMetadata | Lookup version metadata file in data directory: /data
2026-10-07 22:07:42.310+00:00 | main | INFO  | VersionMetadata | No version data detected. Writing Besu version 24.7.0 to metadata file
2026-10-07 22:07:42.428+00:00 | main | INFO  | Besu | Using the native implementation of alt bn128
2026-10-07 22:07:42.505+00:00 | main | INFO  | Besu | Using the native implementation of modexp
2026-10-07 22:07:42.505+00:00 | main | INFO  | Besu | Using the native implementation of the signature algorithm
2026-10-07 22:07:42.512+00:00 | main | INFO  | Besu | Using the native implementation of the blake2bf algorithm
2026-10-07 22:07:42.593+00:00 | main | INFO  | Besu | Forcing price bump for transaction replacement to 0, since min-gas-price is set to 0
2026-10-07 22:07:42.593+00:00 | main | WARN  | Besu | Forcing tx-pool-min-gas-price=0, since it cannot be greater than the value of min-gas-price
2026-10-07 22:07:42.595+00:00 | main | INFO  | KeyPairUtil | Attempting to load public key from /data/key.priv
2026-10-07 22:07:42.617+00:00 | main | INFO  | KeyPairUtil | Loaded public key 0x212d6de58a79265003973c6ac6561dba8e8d6c099952c8a24fd8a6bfd20a0dcec3a8423899f6e149dae3174a27b8e2a49804b35d96fd7bce0ee27b79d6ed1403 from /data/key.priv
2026-10-07 22:07:42.783+00:00 | main | INFO  | ProtocolScheduleBuilder | Protocol schedule created with milestones: [Berlin:0]
2026-10-07 22:07:42.787+00:00 | main | INFO  | RocksDBKeyValueStorageFactory | No existing database at /data. Using default metadata for new db versionedStorageFormat=BaseVersionedStorageFormat{format=BONSAI, version=2}
2026-10-07 22:07:43.085+00:00 | main | INFO  | FlatDbStrategyProvider | Bonsai flat db mode found FULL
2026-10-07 22:07:43.090+00:00 | main | INFO  | FlatDbStrategyProvider | Bonsai db mode with code stored using code hash enabled = true
2026-10-07 22:07:43.101+00:00 | main | INFO  | FlatDbStrategyProvider | Bonsai flat db mode found FULL
2026-10-07 22:07:43.103+00:00 | main | INFO  | FlatDbStrategyProvider | Bonsai db mode with code stored using code hash enabled = true
2026-10-07 22:07:43.542+00:00 | main | INFO  | TransactionPoolFactory | Enabling transaction pool
2026-10-07 22:07:43.561+00:00 | main | INFO  | BesuControllerBuilder | TTD difficulty is not present, creating initial sync phase for PoW
2026-10-07 22:07:43.610+00:00 | main | INFO  | TrieLogPruner | Loading first 30000 trie logs from database...
2026-10-07 22:07:43.612+00:00 | main | INFO  | TrieLogPruner | Loaded 1 trie logs from database
2026-10-07 22:07:43.619+00:00 | main | INFO  | RunnerBuilder | Resolved 3 bootnodes.
2026-10-07 22:07:43.630+00:00 | main | INFO  | RunnerBuilder | Detecting NAT service.
2026-10-07 22:07:43.825+00:00 | main | INFO  | Runner | Starting external services ... 
2026-10-07 22:07:43.826+00:00 | main | INFO  | JsonRpcHttpService | Starting JSON-RPC service on 0.0.0.0:8545
2026-10-07 22:07:43.966+00:00 | vert.x-eventloop-thread-1 | INFO  | JsonRpcHttpService | JSON-RPC service started and listening on 0.0.0.0:8545
2026-10-07 22:07:43.968+00:00 | main | INFO  | WebSocketService | Starting Websocket service on 0.0.0.0:8546
2026-10-07 22:07:43.971+00:00 | vert.x-eventloop-thread-1 | INFO  | WebSocketService | Websocket service started and listening on 0.0.0.0:8546
2026-10-07 22:07:43.974+00:00 | main | INFO  | AutoTransactionLogBloomCachingService | Starting auto transaction log bloom caching service.
2026-10-07 22:07:43.975+00:00 | main | INFO  | LogBloomCacheMetadata | Lookup cache metadata file in data directory: /data/caches
2026-10-07 22:07:43.983+00:00 | main | INFO  | Runner | Starting Ethereum main loop ... 
2026-10-07 22:07:43.984+00:00 | main | INFO  | NatService | No NAT environment detected so no service could be started
2026-10-07 22:07:43.984+00:00 | main | INFO  | NetworkRunner | Starting Network.
2026-10-07 22:07:43.997+00:00 | nioEventLoopGroup-2-1 | INFO  | RlpxAgent | P2P RLPx agent started and listening on /[0:0:0:0:0:0:0:0]:30303.
2026-10-07 22:07:43.997+00:00 | main | INFO  | PeerDiscoveryAgent | Starting peer discovery agent on host=0.0.0.0, port=30303. IPv6 available.
2026-10-07 22:07:44.010+00:00 | vert.x-eventloop-thread-1 | INFO  | VertxPeerDiscoveryAgent | Started peer discovery agent successfully, on effective host=0:0:0:0:0:0:0:0%0 and port=30303
2026-10-07 22:07:44.011+00:00 | vert.x-eventloop-thread-1 | INFO  | PeerDiscoveryAgent | P2P peer discovery agent started and listening on /[0:0:0:0:0:0:0:0%0]:30303
2026-10-07 22:07:44.071+00:00 | vert.x-eventloop-thread-1 | INFO  | PeerDiscoveryAgent | Writing node record to disk. NodeRecord{seq=1, publicKey=0x03212d6de58a79265003973c6ac6561dba8e8d6c099952c8a24fd8a6bfd20a0dce, udpAddress=Optional[/0.0.0.0:30303], tcpAddress=Optional[/0.0.0.0:30303], asBase64=-Je4QAddkwT7D5Tt61zbkCmdx1PWSF24tySxtRfq3FWx70TickGAMNeAcfDqntU3OnncFDRgG0Vqtr-K0eGdFhD-yBIBg2V0aMfGhCesXbKAgmlkgnY0gmlwhAAAAACJc2VjcDI1NmsxoQMhLW3linkmUAOXPGrGVh26jo1sCZlSyKJP2Ka_0goNzoN0Y3CCdl-DdWRwgnZf, nodeId=0x6db75885918b9711fc43b754c49c0ae61cc133ef8fad57e303d8c6b30a435bf1, customFields={tcp=30303, udp=30303, ip=0x00000000, eth=[[0x27ac5db2, 0x]], id=V4, secp256k1=0x03212d6de58a79265003973c6ac6561dba8e8d6c099952c8a24fd8a6bfd20a0dce}}
2026-10-07 22:07:44.109+00:00 | main | INFO  | DefaultP2PNetwork | Enode URL enode://212d6de58a79265003973c6ac6561dba8e8d6c099952c8a24fd8a6bfd20a0dcec3a8423899f6e149dae3174a27b8e2a49804b35d96fd7bce0ee27b79d6ed1403@0.0.0.0:30303
2026-10-07 22:07:44.109+00:00 | main | INFO  | DefaultP2PNetwork | Node address 0xc49c0ae61cc133ef8fad57e303d8c6b30a435bf1
2026-10-07 22:07:44.140+00:00 | main | INFO  | NetworkRunner | Supported capabilities: [eth/62, eth/63, eth/64, eth/65, eth/66, eth/67, eth/68], [istanbul/100], [snap/1]
2026-10-07 22:07:44.140+00:00 | main | INFO  | DefaultSynchronizer | Starting synchronizer.
2026-10-07 22:07:44.146+00:00 | main | INFO  | TransactionPoolFactory | Enabling transaction handling following initial sync
2026-10-07 22:07:44.146+00:00 | main | INFO  | QbftBesuControllerBuilder | Starting QBFT mining coordinator following initial sync
2026-10-07 22:07:44.172+00:00 | main | INFO  | FullSyncDownloader | Starting full sync.
2026-10-07 22:07:44.173+00:00 | main | INFO  | FullSyncTargetManager | Unable to find sync target. Currently checking 0 peers for usefulness
2026-10-07 22:07:44.183+00:00 | main | INFO  | Runner | Ethereum main loop is up.
2026-10-07 22:07:44.668+00:00 | nioEventLoopGroup-3-1 | INFO  | FullSyncTargetManager | Unable to find sync target. Currently checking 3 peers for usefulness
2026-10-07 22:07:46.885+00:00 | nioEventLoopGroup-3-9 | INFO  | FullSyncTargetManager | Unable to find sync target. Currently checking 4 peers for usefulness
2026-10-07 22:07:46.891+00:00 | nioEventLoopGroup-3-8 | INFO  | FullSyncTargetManager | Unable to find sync target. Currently checking 5 peers for usefulness
2026-10-07 22:07:46.910+00:00 | nioEventLoopGroup-3-7 | INFO  | FullSyncTargetManager | Unable to find sync target. Currently checking 6 peers for usefulness
2026-10-07 22:07:47.233+00:00 | nioEventLoopGroup-3-10 | INFO  | FullSyncTargetManager | Unable to find sync target. Currently checking 7 peers for usefulness
2026-10-07 22:07:47.261+00:00 | nioEventLoopGroup-3-1 | INFO  | FullSyncTargetManager | Unable to find sync target. Currently checking 8 peers for usefulness
2026-10-07 22:07:47.270+00:00 | nioEventLoopGroup-3-3 | INFO  | FullSyncTargetManager | Unable to find sync target. Currently checking 9 peers for usefulness
2026-10-07 22:07:47.271+00:00 | nioEventLoopGroup-3-2 | INFO  | FullSyncTargetManager | Unable to find sync target. Currently checking 10 peers for usefulness
2026-10-07 22:07:47.538+00:00 | nioEventLoopGroup-3-2 | INFO  | FullSyncTargetManager | Unable to find sync target. Currently checking 11 peers for usefulness
2026-10-07 22:07:52.515+00:00 | BftProcessorExecutor-QBFT-0 | INFO  | QbftRound | Importing proposed block to chain. round=ConsensusRoundIdentifier{Sequence=1, Round=1}, hash=0xfb6a04556e853047c3f284387cb4bf8a2d1e4a2818d389c79a306f98e49b56af
2026-10-07 22:07:52.534+00:00 | BftProcessorExecutor-QBFT-0 | INFO  | QbftBesuControllerBuilder | Imported #1 / 0 tx / 0 pending / 0 (0.0%) gas / (0xfb6a04556e853047c3f284387cb4bf8a2d1e4a2818d389c79a306f98e49b56af)
2026-10-07 22:07:52.540+00:00 | EthScheduler-Timer-0 | INFO  | FullSyncTargetManager | Unable to find sync target. Currently checking 11 peers for usefulness
2026-10-07 22:07:52.994+00:00 | nioEventLoopGroup-3-3 | INFO  | FullSyncTargetManager | Unable to find sync target. Currently checking 12 peers for usefulness
2026-10-07 22:07:54.317+00:00 | BftProcessorExecutor-QBFT-0 | INFO  | QbftBesuControllerBuilder | Imported #2 / 0 tx / 0 pending / 0 (0.0%) gas / (0xc4245003b9ac62a71ea892505aa244d4655baad1cfc8c1575e52bbb8211cb1ca)
2026-10-07 22:07:56.287+00:00 | BftProcessorExecutor-QBFT-0 | INFO  | QbftBesuControllerBuilder | Imported #3 / 0 tx / 0 pending / 0 (0.0%) gas / (0xce808f68ebe15a0311819525dfec36f010fa4e63985c96383d127845bd6613eb)
2026-10-07 22:07:56.293+00:00 | EthScheduler-Workers-0 | INFO  | PersistBlockTask | Block 3 (0xce808f68ebe15a0311819525dfec36f010fa4e63985c96383d127845bd6613eb) is already imported
2026-10-07 22:07:58.295+00:00 | BftProcessorExecutor-QBFT-0 | INFO  | QbftBesuControllerBuilder | Imported #4 / 0 tx / 0 pending / 0 (0.0%) gas / (0x9775ca3c635662ee5b0339c1d3642fbd1c340939df6c3a29b88c2c7caf820f90)
2026-10-07 22:08:00.315+00:00 | BftProcessorExecutor-QBFT-0 | INFO  | QbftBesuControllerBuilder | Imported #5 / 0 tx / 0 pending / 0 (0.0%) gas / (0xcdf45fe613467cb72b269f0f0f529ac433c2d54b10939249173a823b90b7293b)
2026-10-07 22:08:02.360+00:00 | BftProcessorExecutor-QBFT-0 | INFO  | QbftBesuControllerBuilder | Imported #6 / 0 tx / 1 pending / 0 (0.0%) gas / (0xab96db66abb456b428619abf8ddadfbc6b58fd36e570e52d539cb536fda905af)
2026-10-07 22:08:04.406+00:00 | EthScheduler-Workers-0 | INFO  | PersistBlockTask | Block 7 (0x8a8997c1390f18966406cade2dd77f9b4cf9850119c35ef84948da15a8048913) is already imported
2026-10-07 22:08:04.407+00:00 | BftProcessorExecutor-QBFT-0 | INFO  | QbftBesuControllerBuilder | Imported #7 / 0 tx / 1 pending / 0 (0.0%) gas / (0x8a8997c1390f18966406cade2dd77f9b4cf9850119c35ef84948da15a8048913)
2026-10-07 22:08:06.386+00:00 | BftProcessorExecutor-QBFT-0 | INFO  | QbftBesuControllerBuilder | Imported #8 / 0 tx / 1 pending / 0 (0.0%) gas / (0xbc7d76b975e912f0889071f5c790df550019f478a8348c4ffa83aa74a51d5866)
2026-10-07 22:08:08.412+00:00 | BftProcessorExecutor-QBFT-0 | INFO  | QbftBesuControllerBuilder | Imported #9 / 0 tx / 1 pending / 0 (0.0%) gas / (0xcf41dc641c3da0645d9efcb2f3fc25cc081fe34ad5bb0bdd163a44f69215ce7d)
2026-10-07 22:08:10.392+00:00 | BftProcessorExecutor-QBFT-0 | INFO  | QbftBesuControllerBuilder | Produced #10 / 0 tx / 1 pending / 0 (0.0%) gas / (0x7d436e51bf08f4b810a7f998dd9c286a5daf99d2bb714cf2f2ccdafdda8ce12a)
2026-10-07 22:08:12.443+00:00 | BftProcessorExecutor-QBFT-0 | INFO  | QbftBesuControllerBuilder | Imported #11 / 0 tx / 1 pending / 0 (0.0%) gas / (0x52033536072012369f3bbe5106f22c6c5d472e843bae75c33922dfea431560e0)
2026-10-07 22:08:14.574+00:00 | BftProcessorExecutor-QBFT-0 | INFO  | QbftBesuControllerBuilder | Imported #12 / 0 tx / 1 pending / 0 (0.0%) gas / (0xec29e7b22fb247c39a109116c5b8f7abff4be4c7d76f49a79c31b1fa4a6b832f)
2026-10-07 22:08:16.501+00:00 | BftProcessorExecutor-QBFT-0 | INFO  | QbftBesuControllerBuilder | Imported #13 / 0 tx / 1 pending / 0 (0.0%) gas / (0x5fdcbb2f02e39ef07969f829c800f331d7a45e154681252396f46ef564c1a682)
2026-10-07 22:08:18.574+00:00 | BftProcessorExecutor-QBFT-0 | INFO  | QbftBesuControllerBuilder | Imported #14 / 0 tx / 1 pending / 0 (0.0%) gas / (0x121fbec5fc03c5440f1f07f88980dd83a278789cd96e3a1519c7dedd6e41b1ef)
2026-10-07 22:08:20.391+00:00 | BftProcessorExecutor-QBFT-0 | INFO  | QbftBesuControllerBuilder | Imported #15 / 1 tx / 0 pending / 465,218 (0.0%) gas / (0xedd85d130e4f78f22d0346a4999da9d292a560cc14533c4e330c7c11e0c686d5)
2026-10-07 22:08:22.259+00:00 | BftProcessorExecutor-QBFT-0 | INFO  | QbftBesuControllerBuilder | Imported #16 / 0 tx / 1 pending / 0 (0.0%) gas / (0xf02d460da28d8afabccc17f181559cdd78fd2cf1a983c3b80be04c038885441e)
2026-10-07 22:08:22.259+00:00 | EthScheduler-Workers-0 | INFO  | PersistBlockTask | Block 16 (0xf02d460da28d8afabccc17f181559cdd78fd2cf1a983c3b80be04c038885441e) is already imported
2026-10-07 22:08:24.270+00:00 | EthScheduler-Workers-0 | INFO  | PersistBlockTask | Block 17 (0x46ef92029b1ce4d474bc272749e6a0fdbb4aab5e2e1f98c791198052ce5e489c) is already imported
2026-10-07 22:08:24.270+00:00 | BftProcessorExecutor-QBFT-0 | INFO  | QbftBesuControllerBuilder | Imported #17 / 0 tx / 1 pending / 0 (0.0%) gas / (0x46ef92029b1ce4d474bc272749e6a0fdbb4aab5e2e1f98c791198052ce5e489c)
2026-10-07 22:08:26.257+00:00 | BftProcessorExecutor-QBFT-0 | INFO  | QbftBesuControllerBuilder | Imported #18 / 0 tx / 1 pending / 0 (0.0%) gas / (0xacb4b6f05dec0652686b083f2ff24abde456e06d9ed39ade5ab5ebf4dfeab898)
2026-10-07 22:08:28.247+00:00 | BftProcessorExecutor-QBFT-0 | INFO  | QbftBesuControllerBuilder | Imported #19 / 0 tx / 1 pending / 0 (0.0%) gas / (0x7c6cbf2e00ee2eb93d22382b8a8b5e7de489f1bd7125bf807b1aaa0b4e70cb6c)
2026-10-07 22:08:30.254+00:00 | BftProcessorExecutor-QBFT-0 | INFO  | QbftBesuControllerBuilder | Imported #20 / 0 tx / 1 pending / 0 (0.0%) gas / (0x2f2f3080e84efc1e1ab876aeb42f0480a4ff6e9eb8a48423b8b085dcb29ccdd5)
2026-10-07 22:08:32.347+00:00 | EthScheduler-Workers-0 | INFO  | PersistBlockTask | Block 21 (0x1eec3107c7091c88dc5cbbc96d633afd670d981a74af2546843969a83d68d432) is already imported
2026-10-07 22:08:32.349+00:00 | BftProcessorExecutor-QBFT-0 | INFO  | QbftBesuControllerBuilder | Imported #21 / 0 tx / 1 pending / 0 (0.0%) gas / (0x1eec3107c7091c88dc5cbbc96d633afd670d981a74af2546843969a83d68d432)
2026-10-07 22:08:34.341+00:00 | BftProcessorExecutor-QBFT-0 | INFO  | QbftBesuControllerBuilder | Imported #22 / 0 tx / 1 pending / 0 (0.0%) gas / (0x6c2ac339384b0b4190fcf0089630175b45f675b512b278b3f3b720cd64cdf162)
2026-10-07 22:08:36.345+00:00 | BftProcessorExecutor-QBFT-0 | INFO  | QbftBesuControllerBuilder | Imported #23 / 0 tx / 1 pending / 0 (0.0%) gas / (0x7fecc796b7f1b56b083d8de77383f14935eb9b4c675243d1c4b64226d4f0308b)
2026-10-07 22:08:38.342+00:00 | BftProcessorExecutor-QBFT-0 | INFO  | QbftBesuControllerBuilder | Imported #24 / 0 tx / 1 pending / 0 (0.0%) gas / (0xa31cd86aba9c453a820e9a4f48aeb76ef095d52558d08dc661612b9bec758843)
2026-10-07 22:08:40.333+00:00 | BftProcessorExecutor-QBFT-0 | INFO  | QbftBesuControllerBuilder | Produced #25 / 0 tx / 1 pending / 0 (0.0%) gas / (0xce5b4f072c72f25c6cf389ee00ddf5751bfa73fa508737065ccaefee5904aae2)
2026-10-07 22:08:42.344+00:00 | BftProcessorExecutor-QBFT-0 | INFO  | QbftBesuControllerBuilder | Imported #26 / 0 tx / 1 pending / 0 (0.0%) gas / (0x5afdda2c97d49a8e767c84a98106d300056fc16e237826be88ee956e95d2717b)
2026-10-07 22:08:44.453+00:00 | BftProcessorExecutor-QBFT-0 | INFO  | QbftBesuControllerBuilder | Imported #27 / 0 tx / 1 pending / 0 (0.0%) gas / (0x0b24670325a3a7602718feb21fa8b34c9c8ffaca5648952e438ddfa03395415e)
2026-10-07 22:08:46.406+00:00 | BftProcessorExecutor-QBFT-0 | INFO  | QbftBesuControllerBuilder | Imported #28 / 0 tx / 1 pending / 0 (0.0%) gas / (0xb387d2817b044021b712122af8ac8ca7fdb090f2d41a7aff171ebce46a176329)
2026-10-07 22:08:48.499+00:00 | BftProcessorExecutor-QBFT-0 | INFO  | QbftBesuControllerBuilder | Imported #29 / 0 tx / 1 pending / 0 (0.0%) gas / (0xd2792c30aba3082acb6926f5faefdc3a3900a3796399bb98c5137d766d8bbdc6)
2026-10-07 22:08:50.340+00:00 | EthScheduler-Workers-0 | INFO  | PersistBlockTask | Block 30 (0xf1e2c734c22cd56cf5e42d12e3b4f8f1315fc93e845ea4ca1f947fcef12086df) is already imported
2026-10-07 22:08:50.340+00:00 | BftProcessorExecutor-QBFT-0 | INFO  | QbftBesuControllerBuilder | Imported #30 / 1 tx / 0 pending / 1,832,981 (0.0%) gas / (0xf1e2c734c22cd56cf5e42d12e3b4f8f1315fc93e845ea4ca1f947fcef12086df)
2026-10-07 22:08:52.254+00:00 | BftProcessorExecutor-QBFT-0 | INFO  | QbftBesuControllerBuilder | Imported #31 / 0 tx / 0 pending / 0 (0.0%) gas / (0xc8e5bfb0f7a38a040398ca0a846bfeeb176f42758d8d81b3e04133d2c7c6f8c2)
2026-10-07 22:08:54.259+00:00 | BftProcessorExecutor-QBFT-0 | INFO  | QbftBesuControllerBuilder | Imported #32 / 0 tx / 0 pending / 0 (0.0%) gas / (0x76209f7135fa8bc2c71eb907d5eb0783c3df77ac32cb0db3f49508f29c9af99d)
2026-10-07 22:08:56.264+00:00 | EthScheduler-Workers-0 | INFO  | PersistBlockTask | Block 33 (0x8e763da5583a1547479f4ebf366296dbb51c3a9ee67919965ca4c26dfa63da60) is already imported
2026-10-07 22:08:56.264+00:00 | BftProcessorExecutor-QBFT-0 | INFO  | QbftBesuControllerBuilder | Imported #33 / 0 tx / 0 pending / 0 (0.0%) gas / (0x8e763da5583a1547479f4ebf366296dbb51c3a9ee67919965ca4c26dfa63da60)
2026-10-07 22:08:58.261+00:00 | BftProcessorExecutor-QBFT-0 | INFO  | QbftBesuControllerBuilder | Imported #34 / 0 tx / 0 pending / 0 (0.0%) gas / (0xe287293fcc9597a7c6fe847aa2ad31e9230bd1966aec81614f2ce424011cb448)
2026-10-07 22:08:58.261+00:00 | EthScheduler-Workers-0 | INFO  | PersistBlockTask | Block 34 (0xe287293fcc9597a7c6fe847aa2ad31e9230bd1966aec81614f2ce424011cb448) is already imported
2026-10-07 22:09:00.255+00:00 | BftProcessorExecutor-QBFT-0 | INFO  | QbftBesuControllerBuilder | Imported #35 / 0 tx / 0 pending / 0 (0.0%) gas / (0xfb774dfafb44c536cb4fc48cc1cbeeb757836012d6b537b3a7e8fd16adb58471)
2026-10-07 22:09:02.347+00:00 | BftProcessorExecutor-QBFT-0 | INFO  | QbftBesuControllerBuilder | Imported #36 / 0 tx / 0 pending / 0 (0.0%) gas / (0xba6672f611106e5da3c49b02ff79ea3bdedd833112e77fd67480d078fe98578f)
2026-10-07 22:09:02.350+00:00 | EthScheduler-Workers-0 | INFO  | PersistBlockTask | Block 36 (0xba6672f611106e5da3c49b02ff79ea3bdedd833112e77fd67480d078fe98578f) is already imported
2026-10-07 22:09:04.348+00:00 | EthScheduler-Workers-0 | INFO  | PersistBlockTask | Block 37 (0x44edffb0ce45fedd05778b880d68cc8b48c4c0626e7f982a2e026aa9a9a59fae) is already imported
2026-10-07 22:09:04.348+00:00 | BftProcessorExecutor-QBFT-0 | INFO  | QbftBesuControllerBuilder | Imported #37 / 0 tx / 0 pending / 0 (0.0%) gas / (0x44edffb0ce45fedd05778b880d68cc8b48c4c0626e7f982a2e026aa9a9a59fae)
2026-10-07 22:09:06.337+00:00 | BftProcessorExecutor-QBFT-0 | INFO  | QbftBesuControllerBuilder | Imported #38 / 0 tx / 0 pending / 0 (0.0%) gas / (0xde06fff9b7835645f6c380e500b13ab6aed7d4c53abcdc99fb9ed3c3b1b7dc40)
2026-10-07 22:09:08.328+00:00 | BftProcessorExecutor-QBFT-0 | INFO  | QbftBesuControllerBuilder | Imported #39 / 0 tx / 0 pending / 0 (0.0%) gas / (0xdf43a3146441dd2d019dd780f38ad9461149dca5878da57614f2273f97aed37e)
2026-10-07 22:09:10.315+00:00 | BftProcessorExecutor-QBFT-0 | INFO  | QbftBesuControllerBuilder | Produced #40 / 0 tx / 0 pending / 0 (0.0%) gas / (0x6dd67e7d6e802b9e26a4fd374f705cbca49e8396f0047a1432153d995c1c4e8d)
2026-10-07 22:09:12.336+00:00 | BftProcessorExecutor-QBFT-0 | INFO  | QbftBesuControllerBuilder | Imported #41 / 0 tx / 0 pending / 0 (0.0%) gas / (0x96e401a9e92d75e877e9aa3a3cc20d3496aadcea6762bb93cf5a83682c218893)
2026-10-07 22:09:14.498+00:00 | BftProcessorExecutor-QBFT-0 | INFO  | QbftBesuControllerBuilder | Imported #42 / 0 tx / 0 pending / 0 (0.0%) gas / (0x5e0c7f6e7bd9104beb48750a6e8655f55463841f8e3690c0aa89afbd7e28a932)
2026-10-07 22:09:16.503+00:00 | BftProcessorExecutor-QBFT-0 | INFO  | QbftBesuControllerBuilder | Imported #43 / 0 tx / 0 pending / 0 (0.0%) gas / (0xdc90307c97354d7daed228794e8894161c7011de7fd087f8f9abcb2b8294dcbf)
2026-10-07 22:09:18.518+00:00 | EthScheduler-Workers-0 | INFO  | PersistBlockTask | Block 44 (0x48f693fe1a01cc48ce461ebe1674241448f70904099342e6182a35b665984469) is already imported
2026-10-07 22:09:18.519+00:00 | BftProcessorExecutor-QBFT-0 | INFO  | QbftBesuControllerBuilder | Imported #44 / 0 tx / 0 pending / 0 (0.0%) gas / (0x48f693fe1a01cc48ce461ebe1674241448f70904099342e6182a35b665984469)
2026-10-07 22:09:20.247+00:00 | BftProcessorExecutor-QBFT-0 | INFO  | QbftBesuControllerBuilder | Imported #45 / 0 tx / 0 pending / 0 (0.0%) gas / (0x441f8d01e7dced1737ddd7f701ad8bea5479b2e962b39f7064a1b3d3834a80ea)
2026-10-07 22:09:22.252+00:00 | BftProcessorExecutor-QBFT-0 | INFO  | QbftBesuControllerBuilder | Imported #46 / 0 tx / 0 pending / 0 (0.0%) gas / (0x96f6024f14d67f1d370b2ad5fd3ed1836a3b381a1957f1f3beceaabec717b19e)
2026-10-07 22:09:22.253+00:00 | EthScheduler-Workers-0 | INFO  | PersistBlockTask | Block 46 (0x96f6024f14d67f1d370b2ad5fd3ed1836a3b381a1957f1f3beceaabec717b19e) is already imported
2026-10-07 22:09:24.247+00:00 | BftProcessorExecutor-QBFT-0 | INFO  | QbftBesuControllerBuilder | Imported #47 / 0 tx / 0 pending / 0 (0.0%) gas / (0xf9aa8cba5d84375e591e86825f010a5b37614c0967a1a683cde7ece311062799)
2026-10-07 22:09:26.253+00:00 | BftProcessorExecutor-QBFT-0 | INFO  | QbftBesuControllerBuilder | Imported #48 / 0 tx / 0 pending / 0 (0.0%) gas / (0xa56867aa790574fbaa03f0fc9d7d763f44e6c1a32c498f1079ec4c1542bfe24e)
2026-10-07 22:09:28.250+00:00 | EthScheduler-Workers-0 | INFO  | PersistBlockTask | Block 49 (0x4709419c247ec40cd289d656a20e3ab1487fb3a35c7a69908d113dfab5d01bd6) is already imported
2026-10-07 22:09:28.250+00:00 | BftProcessorExecutor-QBFT-0 | INFO  | QbftBesuControllerBuilder | Imported #49 / 0 tx / 0 pending / 0 (0.0%) gas / (0x4709419c247ec40cd289d656a20e3ab1487fb3a35c7a69908d113dfab5d01bd6)
2026-10-07 22:09:30.244+00:00 | BftProcessorExecutor-QBFT-0 | INFO  | QbftBesuControllerBuilder | Imported #50 / 0 tx / 0 pending / 0 (0.0%) gas / (0x4fd5bc4cfdd92e5d5763c3a8d93111bbe8d1acf05dcee8e73bc23749ebe35af2)
2026-10-07 22:09:32.341+00:00 | EthScheduler-Workers-0 | INFO  | PersistBlockTask | Block 51 (0xb309825eefb6155965ebb585d7eff44ed3772f26b88965561bd8cb69f52912e5) is already imported
2026-10-07 22:09:32.342+00:00 | BftProcessorExecutor-QBFT-0 | INFO  | QbftBesuControllerBuilder | Imported #51 / 0 tx / 0 pending / 0 (0.0%) gas / (0xb309825eefb6155965ebb585d7eff44ed3772f26b88965561bd8cb69f52912e5)
2026-10-07 22:09:34.342+00:00 | EthScheduler-Workers-0 | INFO  | PersistBlockTask | Block 52 (0x9b2a2f856ec267ed239faa7d4481ef7ac9e4ce11bce71fce34127d01bd39fb28) is already imported
2026-10-07 22:09:34.343+00:00 | BftProcessorExecutor-QBFT-0 | INFO  | QbftBesuControllerBuilder | Imported #52 / 0 tx / 0 pending / 0 (0.0%) gas / (0x9b2a2f856ec267ed239faa7d4481ef7ac9e4ce11bce71fce34127d01bd39fb28)
2026-10-07 22:09:36.323+00:00 | BftProcessorExecutor-QBFT-0 | INFO  | QbftBesuControllerBuilder | Imported #53 / 0 tx / 0 pending / 0 (0.0%) gas / (0x06b1be5293790ea72ea4ef620c0ff924dbc6bf381ffd7d3760cdf6a536770f7b)
2026-10-07 22:09:38.336+00:00 | EthScheduler-Workers-0 | INFO  | PersistBlockTask | Block 54 (0x875eacc8c87c5b80b39d5891b93ef01fbe29b553790c55f24d2e1a25e2cf9557) is already imported
2026-10-07 22:09:38.337+00:00 | BftProcessorExecutor-QBFT-0 | INFO  | QbftBesuControllerBuilder | Imported #54 / 0 tx / 0 pending / 0 (0.0%) gas / (0x875eacc8c87c5b80b39d5891b93ef01fbe29b553790c55f24d2e1a25e2cf9557)
2026-10-07 22:09:40.349+00:00 | BftProcessorExecutor-QBFT-0 | INFO  | QbftBesuControllerBuilder | Produced #55 / 0 tx / 0 pending / 0 (0.0%) gas / (0x31347c0db0b8eb2ee5672e0bea4b76c8455f34b366099d8760e42fb67e6c84a6)
2026-10-07 22:09:43.488+00:00 | EthScheduler-Workers-0 | INFO  | PersistBlockTask | Block 56 (0xa42b7e1003eedc429dfe68e59f54f4c1e4ca608dd0416ea86b594423b73a1911) is already imported
2026-10-07 22:09:43.491+00:00 | BftProcessorExecutor-QBFT-0 | INFO  | QbftBesuControllerBuilder | Imported #56 / 40 tx / 974 pending / 9,678,800 (0.0%) gas / (0xa42b7e1003eedc429dfe68e59f54f4c1e4ca608dd0416ea86b594423b73a1911)
2026-10-07 22:09:48.856+00:00 | EthScheduler-Workers-0 | INFO  | PersistBlockTask | Block 57 (0x17c5b18f4a9e79167796438df0b1ee87701c3bd688a2199e77249679cef38e21) is already imported
2026-10-07 22:09:48.863+00:00 | BftProcessorExecutor-QBFT-0 | INFO  | QbftBesuControllerBuilder | Imported #57 / 93 tx / 2600 pending / 22,503,210 (0.0%) gas / (0x17c5b18f4a9e79167796438df0b1ee87701c3bd688a2199e77249679cef38e21)
2026-10-07 22:09:55.512+00:00 | BftProcessorExecutor-QBFT-0 | INFO  | QbftBesuControllerBuilder | Imported #58 / 197 tx / 4348 pending / 47,668,090 (0.0%) gas / (0x6dd73e5ebff70ae2106ed313e2ee50e32289a1bcc70510eb18b7d4d7f0071f5a)
2026-10-07 22:10:00.872+00:00 | BftProcessorExecutor-QBFT-0 | INFO  | QbftBesuControllerBuilder | Imported #59 / 297 tx / 6093 pending / 71,865,090 (0.0%) gas / (0x439706fe551e92716b4910fd52e929a4178463e6b583071c0f38e586d41bac5e)
2026-10-07 22:10:05.700+00:00 | EthScheduler-Workers-0 | INFO  | PersistBlockTask | Block 60 (0xc6aaddb11646625139f791c8234fd392057bf3deca134352e40004d4ac09ebe8) is already imported
2026-10-07 22:10:05.706+00:00 | BftProcessorExecutor-QBFT-0 | INFO  | QbftBesuControllerBuilder | Imported #60 / 328 tx / 7210 pending / 79,366,160 (0.0%) gas / (0xc6aaddb11646625139f791c8234fd392057bf3deca134352e40004d4ac09ebe8)
2026-10-07 22:10:10.602+00:00 | BftProcessorExecutor-QBFT-0 | INFO  | QbftBesuControllerBuilder | Imported #61 / 324 tx / 6913 pending / 78,398,280 (0.0%) gas / (0xfd4d561825ab814d846799f213e7d371e6619ef77cbfe23566e2727d3c42de70)
2026-10-07 22:10:15.278+00:00 | BftProcessorExecutor-QBFT-0 | INFO  | QbftBesuControllerBuilder | Imported #62 / 316 tx / 6597 pending / 76,462,520 (0.0%) gas / (0x29737c07761e7a26db9c3800ccab73821f147d6f0a1eccb9145b395f2dc1e2fb)
2026-10-07 22:10:20.337+00:00 | BftProcessorExecutor-QBFT-0 | INFO  | QbftBesuControllerBuilder | Imported #63 / 334 tx / 6263 pending / 80,817,980 (0.0%) gas / (0x420124108205f758eaaa3fb51d9bf30b23980525e7a39a6fe9a686864d761664)
2026-10-07 22:10:25.250+00:00 | BftProcessorExecutor-QBFT-0 | INFO  | QbftBesuControllerBuilder | Imported #64 / 330 tx / 5933 pending / 79,850,100 (0.0%) gas / (0xca692ad54c00e2d21f589936bd2ca1ed20d6918ca39aa2491d73fbae3734f55a)
2026-10-07 22:10:30.257+00:00 | BftProcessorExecutor-QBFT-0 | INFO  | QbftBesuControllerBuilder | Imported #65 / 332 tx / 5601 pending / 80,334,040 (0.0%) gas / (0x28f5bed82cc8674a530b5ac49dd5ccf165696d644d2c6433092176dfc1e688cb)
2026-10-07 22:10:35.335+00:00 | BftProcessorExecutor-QBFT-0 | INFO  | QbftBesuControllerBuilder | Imported #66 / 331 tx / 5270 pending / 80,092,070 (0.0%) gas / (0xf039a6a9296fad466dd911940ccb56a88171412f029a6c210791a239e24bf903)
2026-10-07 22:10:40.444+00:00 | BftProcessorExecutor-QBFT-0 | INFO  | QbftBesuControllerBuilder | Imported #67 / 324 tx / 4946 pending / 78,398,280 (0.0%) gas / (0x761f4b94f0ff69f71da26a5d68cb5942829f9e9becbfd624ade38b28e1dd4382)
2026-10-07 22:10:45.557+00:00 | BftProcessorExecutor-QBFT-0 | INFO  | QbftBesuControllerBuilder | Imported #68 / 329 tx / 4617 pending / 79,608,130 (0.0%) gas / (0xf9e3b3bf49f3ae91cce5c9699118ec77fa77d6ec9ef9327cb96ae58d0ddee3e2)
2026-10-07 22:10:50.680+00:00 | BftProcessorExecutor-QBFT-0 | INFO  | QbftBesuControllerBuilder | Imported #69 / 329 tx / 4288 pending / 79,608,130 (0.0%) gas / (0x622da0354663a5dafc469016f28b36bac036f9251955ac9ab9373eaed4eda609)
2026-10-07 22:10:52.189+00:00 | BftProcessorExecutor-QBFT-0 | WARN  | BlockTransactionSelector | Interrupting the selection of transactions for block inclusion as it exceeds the maximum configured duration of 1500ms
java.util.concurrent.TimeoutException
	at java.base/java.util.concurrent.CompletableFuture.timedGet(CompletableFuture.java:1960)
	at java.base/java.util.concurrent.CompletableFuture.get(CompletableFuture.java:2095)
	at org.hyperledger.besu.ethereum.blockcreation.txselection.BlockTransactionSelector.timeLimitedSelection(BlockTransactionSelector.java:186)
	at org.hyperledger.besu.ethereum.blockcreation.txselection.BlockTransactionSelector.buildTransactionListForBlock(BlockTransactionSelector.java:169)
	at org.hyperledger.besu.ethereum.blockcreation.AbstractBlockCreator.selectTransactions(AbstractBlockCreator.java:376)
	at org.hyperledger.besu.ethereum.blockcreation.AbstractBlockCreator.createBlock(AbstractBlockCreator.java:218)
	at org.hyperledger.besu.ethereum.blockcreation.AbstractBlockCreator.createBlock(AbstractBlockCreator.java:146)
	at org.hyperledger.besu.consensus.common.bft.blockcreation.BftBlockCreator.createBlock(BftBlockCreator.java:92)
	at org.hyperledger.besu.consensus.qbft.statemachine.QbftRound.createAndSendProposalMessage(QbftRound.java:137)
	at org.hyperledger.besu.consensus.qbft.statemachine.QbftBlockHeightManager.handleBlockTimerExpiry(QbftBlockHeightManager.java:140)
	at org.hyperledger.besu.consensus.common.bft.statemachine.BaseBftController.handleBlockTimerExpiry(BaseBftController.java:167)
	at org.hyperledger.besu.consensus.common.bft.EventMultiplexer.handleBftEvent(EventMultiplexer.java:65)
	at java.base/java.util.Optional.ifPresent(Optional.java:178)
	at org.hyperledger.besu.consensus.common.bft.BftProcessor.run(BftProcessor.java:65)
	at java.base/java.util.concurrent.ThreadPoolExecutor.runWorker(ThreadPoolExecutor.java:1144)
	at java.base/java.util.concurrent.ThreadPoolExecutor$Worker.run(ThreadPoolExecutor.java:642)
	at java.base/java.lang.Thread.run(Thread.java:1583)
2026-10-07 22:10:55.911+00:00 | BftProcessorExecutor-QBFT-0 | INFO  | QbftBesuControllerBuilder | Produced #70 / 339 tx / 3949 pending / 82,027,830 (0.0%) gas / (0x0c6b44ba259b4637602fd91ba9b6ee2ee29173737eeba315f1bda236bb53c19e)
2026-10-07 22:11:01.060+00:00 | BftProcessorExecutor-QBFT-0 | INFO  | QbftBesuControllerBuilder | Imported #71 / 334 tx / 3615 pending / 80,817,980 (0.0%) gas / (0x38310482475bc2bb10ea613f6958fb7ef3796e3f978a87b2fa1449891729d270)
2026-10-07 22:11:06.726+00:00 | BftProcessorExecutor-QBFT-0 | INFO  | QbftBesuControllerBuilder | Imported #72 / 332 tx / 3283 pending / 80,334,040 (0.0%) gas / (0x548b898e1521e1ed8bb09b1ecb976da30a4f34ab1af851886fa96c17e67ebc18)
2026-10-07 22:11:12.862+00:00 | BftProcessorExecutor-QBFT-0 | INFO  | QbftBesuControllerBuilder | Imported #73 / 330 tx / 2953 pending / 79,850,100 (0.0%) gas / (0x4520341e5b9ae9b20388999f95d4cd9a8c5af477febd563e380a35263b4aeda0)
2026-10-07 22:11:17.344+00:00 | BftProcessorExecutor-QBFT-0 | INFO  | QbftBesuControllerBuilder | Imported #74 / 247 tx / 2706 pending / 59,766,590 (0.0%) gas / (0x3662017ed95df8b6ce9f7404d7ece6be5b8f9f9ecb157c7fd2cc4e3d1299c852)
2026-10-07 22:11:20.824+00:00 | BftProcessorExecutor-QBFT-0 | INFO  | QbftBesuControllerBuilder | Imported #75 / 221 tx / 2485 pending / 53,475,370 (0.0%) gas / (0x90e4d62baebad5f933aed98edda6c9ae357c7ab11d87eddaecc93550f6bfb471)
2026-10-07 22:11:24.309+00:00 | BftProcessorExecutor-QBFT-0 | INFO  | QbftBesuControllerBuilder | Imported #76 / 225 tx / 2260 pending / 54,443,250 (0.0%) gas / (0xd43525b9e84258d9e5823eafc99424999ba95b9220c6345f8839e0bf2e8cffda)
2026-10-07 22:11:27.824+00:00 | BftProcessorExecutor-QBFT-0 | INFO  | QbftBesuControllerBuilder | Imported #77 / 233 tx / 2027 pending / 56,379,010 (0.0%) gas / (0xfde699ca03855b9ab21f32580145cb530d394a8a276b4bed3669d48ec9b0d487)
2026-10-07 22:11:31.084+00:00 | BftProcessorExecutor-QBFT-0 | INFO  | QbftBesuControllerBuilder | Imported #78 / 215 tx / 1812 pending / 52,023,550 (0.0%) gas / (0x801b6b6835491b3c45fe4b6a386bb88bdf6045cab536f4429ef7bccb54cdfc67)
2026-10-07 22:11:34.576+00:00 | EthScheduler-Workers-0 | INFO  | PersistBlockTask | Block 79 (0xfbeff4509a772c4609cc84b4f6007a05f1e752ba7a60ea91676a30e783f093e4) is already imported
2026-10-07 22:11:34.578+00:00 | BftProcessorExecutor-QBFT-0 | INFO  | QbftBesuControllerBuilder | Imported #79 / 219 tx / 1593 pending / 52,991,430 (0.0%) gas / (0xfbeff4509a772c4609cc84b4f6007a05f1e752ba7a60ea91676a30e783f093e4)
2026-10-07 22:11:37.832+00:00 | BftProcessorExecutor-QBFT-0 | INFO  | QbftBesuControllerBuilder | Imported #80 / 213 tx / 1380 pending / 51,539,610 (0.0%) gas / (0x71dd5c577225039be4a11ad80db6d37e9018c700254ec6744419cbef55bef062)
2026-10-07 22:11:41.320+00:00 | BftProcessorExecutor-QBFT-0 | INFO  | QbftBesuControllerBuilder | Imported #81 / 214 tx / 1166 pending / 51,781,580 (0.0%) gas / (0xe0b7861cd79e7733a21462de6f0444af75969f17b1c68c71aa7175ed92e4ebd9)
2026-10-07 22:11:44.781+00:00 | BftProcessorExecutor-QBFT-0 | INFO  | QbftBesuControllerBuilder | Imported #82 / 221 tx / 945 pending / 53,475,370 (0.0%) gas / (0x2c2b8e95ff07d1fb0f7ee437a2890c621c1ea86572531e9f939c27e86a451c63)
2026-10-07 22:11:48.296+00:00 | BftProcessorExecutor-QBFT-0 | INFO  | QbftBesuControllerBuilder | Imported #83 / 216 tx / 729 pending / 52,265,520 (0.0%) gas / (0x3fef2f3e52bd152f157be3be5ead2df882397c941289ef7fb589cb97502e9e6a)
2026-10-07 22:11:51.725+00:00 | BftProcessorExecutor-QBFT-0 | INFO  | QbftBesuControllerBuilder | Imported #84 / 216 tx / 513 pending / 52,265,520 (0.0%) gas / (0x5c9a3a8af75c0192483d2679634789c75b6d026e2a5e8f5dbe3fb17f954b4375)
2026-10-07 22:11:55.063+00:00 | EthScheduler-Workers-0 | INFO  | PersistBlockTask | Block 85 (0xad9d2b8ca6f6a567d30bc5c7666537964d41de3135741e5ab7243cf4af64cf68) is already imported
2026-10-07 22:11:55.064+00:00 | BftProcessorExecutor-QBFT-0 | INFO  | QbftBesuControllerBuilder | Produced #85 / 206 tx / 307 pending / 49,845,820 (0.0%) gas / (0xad9d2b8ca6f6a567d30bc5c7666537964d41de3135741e5ab7243cf4af64cf68)
2026-10-07 22:11:57.788+00:00 | BftProcessorExecutor-QBFT-0 | INFO  | QbftBesuControllerBuilder | Imported #86 / 171 tx / 136 pending / 41,376,870 (0.0%) gas / (0x1f599644dc4facbe7f4a2273bc5832e89cbb191c751b3124cbeeb284b504c06c)
2026-10-07 22:12:00.097+00:00 | EthScheduler-Workers-0 | INFO  | PersistBlockTask | Block 87 (0x620974c45d7beb9070519eb683024752ddbdfc7ecd01ed6bf871991f9a531295) is already imported
2026-10-07 22:12:00.098+00:00 | BftProcessorExecutor-QBFT-0 | INFO  | QbftBesuControllerBuilder | Imported #87 / 119 tx / 17 pending / 28,794,430 (0.0%) gas / (0x620974c45d7beb9070519eb683024752ddbdfc7ecd01ed6bf871991f9a531295)
2026-10-07 22:12:01.051+00:00 | EthScheduler-Workers-0 | INFO  | PersistBlockTask | Block 88 (0xe95783131b2dc008ae8b3868ecb55a2e07fe964e01df74a9320ce5a81fce9ff2) is already imported
2026-10-07 22:12:01.051+00:00 | BftProcessorExecutor-QBFT-0 | INFO  | QbftBesuControllerBuilder | Imported #88 / 17 tx / 0 pending / 4,113,490 (0.0%) gas / (0xe95783131b2dc008ae8b3868ecb55a2e07fe964e01df74a9320ce5a81fce9ff2)
2026-10-07 22:12:02.441+00:00 | BftProcessorExecutor-QBFT-0 | INFO  | QbftBesuControllerBuilder | Imported #89 / 0 tx / 0 pending / 0 (0.0%) gas / (0x93f125647a6e7b779a9166ca54d5005b2effbd4a43401bc8abc9bee439d72d6c)
2026-10-07 22:12:04.255+00:00 | BftProcessorExecutor-QBFT-0 | INFO  | QbftBesuControllerBuilder | Imported #90 / 0 tx / 0 pending / 0 (0.0%) gas / (0x9ca3fcd0375e730940732992faaccffdce4dea9d93a7aa82cb7f8574996ac557)
2026-10-07 22:12:06.265+00:00 | BftProcessorExecutor-QBFT-0 | INFO  | QbftBesuControllerBuilder | Imported #91 / 0 tx / 0 pending / 0 (0.0%) gas / (0x61fcb5a5d69c58a834fb56efe7ffbe5751f6630aaa0ce31c28e3cc39e91d6c90)
2026-10-07 22:12:08.254+00:00 | BftProcessorExecutor-QBFT-0 | INFO  | QbftBesuControllerBuilder | Imported #92 / 0 tx / 0 pending / 0 (0.0%) gas / (0x1ebf09a87b49d89a9e44d8ca4af0d656c49978ac49c98e962c637fcfcaeb0ac2)
2026-10-07 22:12:10.261+00:00 | EthScheduler-Workers-0 | INFO  | PersistBlockTask | Block 93 (0x5434b1c02cc83446c5ee175551bf629fdc0b9fd3d717c842df9bae704bca3621) is already imported
2026-10-07 22:12:10.261+00:00 | BftProcessorExecutor-QBFT-0 | INFO  | QbftBesuControllerBuilder | Imported #93 / 0 tx / 0 pending / 0 (0.0%) gas / (0x5434b1c02cc83446c5ee175551bf629fdc0b9fd3d717c842df9bae704bca3621)
2026-10-07 22:12:12.258+00:00 | BftProcessorExecutor-QBFT-0 | INFO  | QbftBesuControllerBuilder | Imported #94 / 0 tx / 0 pending / 0 (0.0%) gas / (0x28fc4ecb74e54fb37dd604f5aa2a2366b1d2ff9766492fdbaa43d9579d886147)
2026-10-07 22:12:14.254+00:00 | BftProcessorExecutor-QBFT-0 | INFO  | QbftBesuControllerBuilder | Imported #95 / 0 tx / 0 pending / 0 (0.0%) gas / (0x1cae4f85e5fb3c7bf8930a479fe56353aef9a02877878c9c2db7373bf42a2521)
2026-10-07 22:12:16.341+00:00 | BftProcessorExecutor-QBFT-0 | INFO  | QbftBesuControllerBuilder | Imported #96 / 0 tx / 0 pending / 0 (0.0%) gas / (0x0f61f4542ed2bd2feeffb774a6da127d977fbce57a787129c5b6db78f505da79)
2026-10-07 22:12:18.343+00:00 | BftProcessorExecutor-QBFT-0 | INFO  | QbftBesuControllerBuilder | Imported #97 / 0 tx / 0 pending / 0 (0.0%) gas / (0x4c58d2454651bc2137663835c3bfd98b572e0bc86a9abb20f2734acc88356383)
2026-10-07 22:12:20.332+00:00 | BftProcessorExecutor-QBFT-0 | INFO  | QbftBesuControllerBuilder | Imported #98 / 0 tx / 0 pending / 0 (0.0%) gas / (0x7449063cab80b6ebb58eca77100930252faea3089794496be552186b43b39fe6)
2026-10-07 22:12:22.322+00:00 | BftProcessorExecutor-QBFT-0 | INFO  | QbftBesuControllerBuilder | Imported #99 / 0 tx / 0 pending / 0 (0.0%) gas / (0x8ea0d10dcccc20f4e9abf76cf9a76f533a95cd4cb20b74efdf7354404f1f36d9)
2026-10-07 22:12:24.345+00:00 | BftProcessorExecutor-QBFT-0 | INFO  | QbftBesuControllerBuilder | Produced #100 / 0 tx / 0 pending / 0 (0.0%) gas / (0xcd313e302c2941094e89e5a84adf882c20c01c9abd619d97abda8fb7047d59f8)
2026-10-07 22:12:26.347+00:00 | BftProcessorExecutor-QBFT-0 | INFO  | QbftBesuControllerBuilder | Imported #101 / 0 tx / 0 pending / 0 (0.0%) gas / (0xc607df6eff9292d80dd165a70a042c5263e8f73e328eaa0e54be8da077053cee)
2026-10-07 22:12:26.347+00:00 | EthScheduler-Workers-0 | INFO  | PersistBlockTask | Block 101 (0xc607df6eff9292d80dd165a70a042c5263e8f73e328eaa0e54be8da077053cee) is already imported
2026-10-07 22:12:28.500+00:00 | BftProcessorExecutor-QBFT-0 | INFO  | QbftBesuControllerBuilder | Imported #102 / 0 tx / 0 pending / 0 (0.0%) gas / (0x5c9cd9f4f1b089cb5c3dbe597ffffa0e2e91d0d58ab3d076d90df05b6e964ce2)
2026-10-07 22:12:30.518+00:00 | BftProcessorExecutor-QBFT-0 | INFO  | QbftBesuControllerBuilder | Imported #103 / 0 tx / 0 pending / 0 (0.0%) gas / (0xb714b37ba21001e92bb82dc576b786d2defeac456833ecc577310b3e58c176d9)
2026-10-07 22:12:32.523+00:00 | BftProcessorExecutor-QBFT-0 | INFO  | QbftBesuControllerBuilder | Imported #104 / 0 tx / 0 pending / 0 (0.0%) gas / (0x0d5304ec09db10ef406db6f4d22e9981fe45111120532c18394a014ea793c687)
2026-10-07 22:12:34.248+00:00 | BftProcessorExecutor-QBFT-0 | INFO  | QbftBesuControllerBuilder | Imported #105 / 0 tx / 0 pending / 0 (0.0%) gas / (0x14257469a672b9152ab9cac5d4c3c6d9c21fd26c9319c7aee6a5bed4fe401133)
2026-10-07 22:12:36.258+00:00 | BftProcessorExecutor-QBFT-0 | INFO  | QbftBesuControllerBuilder | Imported #106 / 0 tx / 0 pending / 0 (0.0%) gas / (0x27b280e2ac522f46ca429c80f84c02a32557adb7e4a9b638b2940906a108a539)
2026-10-07 22:12:36.259+00:00 | EthScheduler-Workers-0 | INFO  | PersistBlockTask | Block 106 (0x27b280e2ac522f46ca429c80f84c02a32557adb7e4a9b638b2940906a108a539) is already imported
2026-10-07 22:12:38.249+00:00 | BftProcessorExecutor-QBFT-0 | INFO  | QbftBesuControllerBuilder | Imported #107 / 0 tx / 0 pending / 0 (0.0%) gas / (0xdb9c308c4344ac7007a2b915b8a5b5351599c4dcfbf5d21d1be711ac3601a4d3)
2026-10-07 22:12:38.253+00:00 | EthScheduler-Workers-0 | INFO  | PersistBlockTask | Block 107 (0xdb9c308c4344ac7007a2b915b8a5b5351599c4dcfbf5d21d1be711ac3601a4d3) is already imported
2026-10-07 22:12:40.245+00:00 | BftProcessorExecutor-QBFT-0 | INFO  | QbftBesuControllerBuilder | Imported #108 / 0 tx / 0 pending / 0 (0.0%) gas / (0xa5ad8566f99fd3d66749b7e84f12a36c094ac5848ff9da4bb44fab52d0cf8790)
2026-10-07 22:12:42.260+00:00 | BftProcessorExecutor-QBFT-0 | INFO  | QbftBesuControllerBuilder | Imported #109 / 0 tx / 0 pending / 0 (0.0%) gas / (0x4cda848b873d1c3b91ce1466bea739a1954728fe93206c66951df30385425da4)
2026-10-07 22:12:42.259+00:00 | EthScheduler-Workers-0 | INFO  | PersistBlockTask | Block 109 (0x4cda848b873d1c3b91ce1466bea739a1954728fe93206c66951df30385425da4) is already imported
2026-10-07 22:12:44.248+00:00 | BftProcessorExecutor-QBFT-0 | INFO  | QbftBesuControllerBuilder | Imported #110 / 0 tx / 0 pending / 0 (0.0%) gas / (0x77eb815ad6959d520d5954ceaae310ed7f6e27339544d4462b211b9eadaa77e2)
2026-10-07 22:12:46.328+00:00 | BftProcessorExecutor-QBFT-0 | INFO  | QbftBesuControllerBuilder | Imported #111 / 0 tx / 0 pending / 0 (0.0%) gas / (0xc8ddad4fea56ad7d1d904221aa3131c3289253fa6947839519a140193b64c72e)
2026-10-07 22:12:48.342+00:00 | BftProcessorExecutor-QBFT-0 | INFO  | QbftBesuControllerBuilder | Imported #112 / 0 tx / 0 pending / 0 (0.0%) gas / (0x8c6b8c0edd572ba7a7ee654b9f93082cece7024732c462ab17d9425540ada0b3)
2026-10-07 22:12:50.342+00:00 | BftProcessorExecutor-QBFT-0 | INFO  | QbftBesuControllerBuilder | Imported #113 / 0 tx / 0 pending / 0 (0.0%) gas / (0x4cf92715f78948ff43d23c6cea4dc1209c699160f897e9a8d18cc2a1110aa047)
2026-10-07 22:12:52.342+00:00 | EthScheduler-Workers-0 | INFO  | PersistBlockTask | Block 114 (0x1a208840a15825e9b43022b9bf91525bed9a8fef0501b7c99650eef30d7cea45) is already imported
2026-10-07 22:12:52.343+00:00 | BftProcessorExecutor-QBFT-0 | INFO  | QbftBesuControllerBuilder | Imported #114 / 0 tx / 0 pending / 0 (0.0%) gas / (0x1a208840a15825e9b43022b9bf91525bed9a8fef0501b7c99650eef30d7cea45)
2026-10-07 22:12:54.339+00:00 | BftProcessorExecutor-QBFT-0 | INFO  | QbftBesuControllerBuilder | Produced #115 / 0 tx / 0 pending / 0 (0.0%) gas / (0x823bac865c299d2b84810e86ecf30b93f69727f94bb020f6b1ca466d3ba9b74f)
2026-10-07 22:12:56.325+00:00 | BftProcessorExecutor-QBFT-0 | INFO  | QbftBesuControllerBuilder | Imported #116 / 0 tx / 0 pending / 0 (0.0%) gas / (0x310f717037e4220d19c8cf928e8545197d8a3e3e62c97507a627f4787455a2d0)
2026-10-07 22:12:58.471+00:00 | BftProcessorExecutor-QBFT-0 | INFO  | QbftBesuControllerBuilder | Imported #117 / 0 tx / 0 pending / 0 (0.0%) gas / (0xe031541608f7151bebca5315b6f92ffa0eee2f3d2607e32090da3d6031927c71)
2026-10-07 22:12:58.474+00:00 | EthScheduler-Workers-0 | INFO  | PersistBlockTask | Block 117 (0xe031541608f7151bebca5315b6f92ffa0eee2f3d2607e32090da3d6031927c71) is already imported
2026-10-07 22:13:00.506+00:00 | EthScheduler-Workers-0 | INFO  | PersistBlockTask | Block 118 (0x67ab422eb40e1bd446ae619c707746bdbcf6355f32f93457eb3a2def7dfbfe89) is already imported
2026-10-07 22:13:00.507+00:00 | BftProcessorExecutor-QBFT-0 | INFO  | QbftBesuControllerBuilder | Imported #118 / 0 tx / 0 pending / 0 (0.0%) gas / (0x67ab422eb40e1bd446ae619c707746bdbcf6355f32f93457eb3a2def7dfbfe89)
2026-10-07 22:13:02.481+00:00 | BftProcessorExecutor-QBFT-0 | INFO  | QbftBesuControllerBuilder | Imported #119 / 0 tx / 0 pending / 0 (0.0%) gas / (0x0537a1f6c8678d023b2cab4658dee739301c35813c3c35c6c89377d36de17ca5)
2026-10-07 22:13:04.249+00:00 | EthScheduler-Workers-0 | INFO  | PersistBlockTask | Block 120 (0x8b147129c2996df237b61a25444001721edb45fe4954b5495d27f62c130974cc) is already imported
2026-10-07 22:13:04.249+00:00 | BftProcessorExecutor-QBFT-0 | INFO  | QbftBesuControllerBuilder | Imported #120 / 0 tx / 0 pending / 0 (0.0%) gas / (0x8b147129c2996df237b61a25444001721edb45fe4954b5495d27f62c130974cc)
2026-10-07 22:13:06.251+00:00 | BftProcessorExecutor-QBFT-0 | INFO  | QbftBesuControllerBuilder | Imported #121 / 0 tx / 0 pending / 0 (0.0%) gas / (0xa46f5ceab5758b3a8b5a5b0530f4dbc1a5e62abd8069a5c89e19d4ea663c265d)
2026-10-07 22:13:08.249+00:00 | BftProcessorExecutor-QBFT-0 | INFO  | QbftBesuControllerBuilder | Imported #122 / 0 tx / 0 pending / 0 (0.0%) gas / (0xe83dc0d03312d0d3d074440e96c9c666673a44d9cf4bb54e8d7aa1b28c600e83)
2026-10-07 22:13:10.272+00:00 | BftProcessorExecutor-QBFT-0 | INFO  | QbftBesuControllerBuilder | Imported #123 / 0 tx / 0 pending / 0 (0.0%) gas / (0x90b6ca9e1c1c7c4dcea2ced4e88da327cf07fce50c15402b025027d9ff28a646)
2026-10-07 22:13:12.253+00:00 | BftProcessorExecutor-QBFT-0 | INFO  | QbftBesuControllerBuilder | Imported #124 / 0 tx / 0 pending / 0 (0.0%) gas / (0x9b5af5b1ed6f8ee8488d66b58449841b0792c95c45af59db1d8a35f658cfaab3)
2026-10-07 22:13:14.263+00:00 | BftProcessorExecutor-QBFT-0 | INFO  | QbftBesuControllerBuilder | Imported #125 / 0 tx / 0 pending / 0 (0.0%) gas / (0x1b82f0a10ce96ffc48c86f81734e5ceb98eaf7154b1231471da7561d06e5197f)
2026-10-07 22:13:16.327+00:00 | EthScheduler-Workers-0 | INFO  | PersistBlockTask | Block 126 (0xc1488bbba6e0ad7e99f7fd2e3bac2acf05a38aeeee4f3bc471154dc9f0a0cf88) is already imported
2026-10-07 22:13:16.327+00:00 | BftProcessorExecutor-QBFT-0 | INFO  | QbftBesuControllerBuilder | Imported #126 / 0 tx / 0 pending / 0 (0.0%) gas / (0xc1488bbba6e0ad7e99f7fd2e3bac2acf05a38aeeee4f3bc471154dc9f0a0cf88)
2026-10-07 22:13:18.342+00:00 | EthScheduler-Workers-0 | INFO  | PersistBlockTask | Block 127 (0x470963c61c226ffd6b5f6552aa188d38b0aa211fc4fe1768845cfe6465ea74ad) is already imported
2026-10-07 22:13:18.343+00:00 | BftProcessorExecutor-QBFT-0 | INFO  | QbftBesuControllerBuilder | Imported #127 / 0 tx / 0 pending / 0 (0.0%) gas / (0x470963c61c226ffd6b5f6552aa188d38b0aa211fc4fe1768845cfe6465ea74ad)
2026-10-07 22:13:20.323+00:00 | BftProcessorExecutor-QBFT-0 | INFO  | QbftBesuControllerBuilder | Imported #128 / 0 tx / 0 pending / 0 (0.0%) gas / (0x3368365e95a9bc228dc31aac63a39a431e7a023e6d939f9942df6006ff5f79c5)
2026-10-07 22:13:22.325+00:00 | BftProcessorExecutor-QBFT-0 | INFO  | QbftBesuControllerBuilder | Imported #129 / 0 tx / 0 pending / 0 (0.0%) gas / (0x7f6c19fa064d8b7329a029bf2486359bb38706918a26630f34af509517d86783)
2026-10-07 22:13:24.316+00:00 | BftProcessorExecutor-QBFT-0 | INFO  | QbftBesuControllerBuilder | Produced #130 / 0 tx / 0 pending / 0 (0.0%) gas / (0x4a73d80b6ef75c102d903535d705f4b050d3a1fdca6c14fe5d1dc8c3a44dcacc)
2026-10-07 22:13:26.342+00:00 | BftProcessorExecutor-QBFT-0 | INFO  | QbftBesuControllerBuilder | Imported #131 / 0 tx / 0 pending / 0 (0.0%) gas / (0x342182305bf7eccb1f9ba144e7cea24bcf2e7426eec8694a4a58bb99667f05dd)
2026-10-07 22:13:28.499+00:00 | EthScheduler-Workers-0 | INFO  | PersistBlockTask | Block 132 (0xfda0b098f7ee3b2d2296b3a43064861918dff1c23d01858d23871c002c5823f6) is already imported
2026-10-07 22:13:28.500+00:00 | BftProcessorExecutor-QBFT-0 | INFO  | QbftBesuControllerBuilder | Imported #132 / 0 tx / 0 pending / 0 (0.0%) gas / (0xfda0b098f7ee3b2d2296b3a43064861918dff1c23d01858d23871c002c5823f6)
2026-10-07 22:13:30.481+00:00 | BftProcessorExecutor-QBFT-0 | INFO  | QbftBesuControllerBuilder | Imported #133 / 0 tx / 0 pending / 0 (0.0%) gas / (0x79b0d4abdd1716593f6255194c6489a9bd195b9cab6b53d399b8de68833406a7)
2026-10-07 22:13:32.462+00:00 | BftProcessorExecutor-QBFT-0 | INFO  | QbftBesuControllerBuilder | Imported #134 / 0 tx / 0 pending / 0 (0.0%) gas / (0x7f3df22de91b545d26f1a68e5103f46a190196f816aa40f0ba078efbf5008a10)
2026-10-07 22:13:34.263+00:00 | EthScheduler-Workers-0 | INFO  | PersistBlockTask | Block 135 (0xcb0d636499183984c31f7f80c9a9cca682dc18fd846d4a0f6e309357cc6d0c50) is already imported
2026-10-07 22:13:34.264+00:00 | BftProcessorExecutor-QBFT-0 | INFO  | QbftBesuControllerBuilder | Imported #135 / 0 tx / 0 pending / 0 (0.0%) gas / (0xcb0d636499183984c31f7f80c9a9cca682dc18fd846d4a0f6e309357cc6d0c50)
2026-10-07 22:13:36.254+00:00 | EthScheduler-Workers-0 | INFO  | PersistBlockTask | Block 136 (0x1cb2c8ca466e2679e7c4eaff9f6409cfa8211016218db4c86e48275a2f79ff03) is already imported
2026-10-07 22:13:36.255+00:00 | BftProcessorExecutor-QBFT-0 | INFO  | QbftBesuControllerBuilder | Imported #136 / 0 tx / 0 pending / 0 (0.0%) gas / (0x1cb2c8ca466e2679e7c4eaff9f6409cfa8211016218db4c86e48275a2f79ff03)
2026-10-07 22:13:38.248+00:00 | EthScheduler-Workers-0 | INFO  | PersistBlockTask | Block 137 (0x736c300551ddae43042bc7ae0dbc9a4b71400d4c65af1dee6557c61653490ec3) is already imported
2026-10-07 22:13:38.248+00:00 | BftProcessorExecutor-QBFT-0 | INFO  | QbftBesuControllerBuilder | Imported #137 / 0 tx / 0 pending / 0 (0.0%) gas / (0x736c300551ddae43042bc7ae0dbc9a4b71400d4c65af1dee6557c61653490ec3)
2026-10-07 22:13:40.253+00:00 | EthScheduler-Workers-0 | INFO  | PersistBlockTask | Block 138 (0xb16ac9bd5cbf879c339da60ab3cce5f8a4eb2ce8b1fcc356282f450697fc37ea) is already imported
2026-10-07 22:13:40.254+00:00 | BftProcessorExecutor-QBFT-0 | INFO  | QbftBesuControllerBuilder | Imported #138 / 0 tx / 0 pending / 0 (0.0%) gas / (0xb16ac9bd5cbf879c339da60ab3cce5f8a4eb2ce8b1fcc356282f450697fc37ea)
2026-10-07 22:13:42.246+00:00 | BftProcessorExecutor-QBFT-0 | INFO  | QbftBesuControllerBuilder | Imported #139 / 0 tx / 0 pending / 0 (0.0%) gas / (0x50fa96fbd8ad3bd38bf3800e0efc6ae2b3ff1814e2a6325da34195b13aaab1e6)
2026-10-07 22:13:44.261+00:00 | BftProcessorExecutor-QBFT-0 | INFO  | QbftBesuControllerBuilder | Imported #140 / 0 tx / 0 pending / 0 (0.0%) gas / (0x75eb79db6019daba32a504583ea7f263fe6f664ed3d813c45786949903ec32ce)
2026-10-07 22:13:44.264+00:00 | EthScheduler-Workers-0 | INFO  | PersistBlockTask | Block 140 (0x75eb79db6019daba32a504583ea7f263fe6f664ed3d813c45786949903ec32ce) is already imported
2026-10-07 22:13:46.345+00:00 | BftProcessorExecutor-QBFT-0 | INFO  | QbftBesuControllerBuilder | Imported #141 / 0 tx / 0 pending / 0 (0.0%) gas / (0x753ea14e14e2b72e8d050bfbbe8e3958455dca2a963d42bcbadfe4592525d356)
2026-10-07 22:13:48.323+00:00 | BftProcessorExecutor-QBFT-0 | INFO  | QbftBesuControllerBuilder | Imported #142 / 0 tx / 0 pending / 0 (0.0%) gas / (0xa772b0c37776162ef5fba0c8729302f526e90db53de140b19b38740d2f151281)
2026-10-07 22:13:50.338+00:00 | BftProcessorExecutor-QBFT-0 | INFO  | QbftBesuControllerBuilder | Imported #143 / 0 tx / 0 pending / 0 (0.0%) gas / (0xd0c6af0cea791281435565cbb7d5c9491ef7720f0df917c511d9a1e0b6586aea)
2026-10-07 22:13:52.336+00:00 | BftProcessorExecutor-QBFT-0 | INFO  | QbftBesuControllerBuilder | Imported #144 / 0 tx / 0 pending / 0 (0.0%) gas / (0xf877dc5fb01632878504627ca14239584e620ce03307f5eba0604b14ce6329ea)
2026-10-07 22:13:52.340+00:00 | EthScheduler-Workers-0 | INFO  | PersistBlockTask | Block 144 (0xf877dc5fb01632878504627ca14239584e620ce03307f5eba0604b14ce6329ea) is already imported
2026-10-07 22:13:54.312+00:00 | BftProcessorExecutor-QBFT-0 | INFO  | QbftBesuControllerBuilder | Produced #145 / 0 tx / 0 pending / 0 (0.0%) gas / (0x0dd4f943a7988f0baba87f2df528d8765afb9c8f33e05b214aa3a27a37cb51d5)
2026-10-07 22:13:56.328+00:00 | BftProcessorExecutor-QBFT-0 | INFO  | QbftBesuControllerBuilder | Imported #146 / 0 tx / 0 pending / 0 (0.0%) gas / (0x22b0d0376423a9c944958b545de5f55ecbe4d694a573b42ad9c3bc69a29c0291)
2026-10-07 22:13:58.493+00:00 | BftProcessorExecutor-QBFT-0 | INFO  | QbftBesuControllerBuilder | Imported #147 / 0 tx / 0 pending / 0 (0.0%) gas / (0x76d0f05c2c0f5b4291f1ff476d920864f8860af346688c4d0546555c27395a17)
2026-10-07 22:14:00.464+00:00 | BftProcessorExecutor-QBFT-0 | INFO  | QbftBesuControllerBuilder | Imported #148 / 0 tx / 0 pending / 0 (0.0%) gas / (0x8761ecd69627c46cc717b7fdf6853f2e89d4ca75c049dd845e368dabf12803ed)
2026-10-07 22:14:02.758+00:00 | BftProcessorExecutor-QBFT-0 | INFO  | QbftBesuControllerBuilder | Imported #149 / 7 tx / 258 pending / 1,075,450 (0.0%) gas / (0x0a8558405f91ecf5e9c43ee9fc393df58e96c37d661ad61a95bcb65f650d7fd3)
2026-10-07 22:14:04.499+00:00 | EthScheduler-Workers-0 | INFO  | PersistBlockTask | Block 150 (0x9e012e75c1d272a3e4fcc19ad017113aeef05721ed47e08b08634e3c62d5863d) is already imported
2026-10-07 22:14:04.501+00:00 | BftProcessorExecutor-QBFT-0 | INFO  | QbftBesuControllerBuilder | Imported #150 / 48 tx / 730 pending / 7,374,308 (0.0%) gas / (0x9e012e75c1d272a3e4fcc19ad017113aeef05721ed47e08b08634e3c62d5863d)
2026-10-07 22:14:06.437+00:00 | BftProcessorExecutor-QBFT-0 | INFO  | QbftBesuControllerBuilder | Imported #151 / 69 tx / 852 pending / 10,600,826 (0.0%) gas / (0x447b5d67c3650de46057bddc401db562fe519bdb5131bf05bf88f20b7a6bdbd3)
2026-10-07 22:14:08.526+00:00 | BftProcessorExecutor-QBFT-0 | INFO  | QbftBesuControllerBuilder | Imported #152 / 69 tx / 831 pending / 10,600,602 (0.0%) gas / (0x946af011117ec2b2f07e7cd50d57f98bcc90aa26e52e09b65ae43d8858853fd5)
2026-10-07 22:14:10.564+00:00 | BftProcessorExecutor-QBFT-0 | INFO  | QbftBesuControllerBuilder | Imported #153 / 69 tx / 762 pending / 10,600,730 (0.0%) gas / (0xa84aa31c262988052226b2a7897064184cdd54e066c5f3094ec58e84035f1dfb)
2026-10-07 22:14:12.696+00:00 | EthScheduler-Workers-0 | INFO  | PersistBlockTask | Block 154 (0x2b7c6b670bc0a49c65aeefde748391e3963c399ba021ff903aedaaf86f4589d2) is already imported
2026-10-07 22:14:12.697+00:00 | BftProcessorExecutor-QBFT-0 | INFO  | QbftBesuControllerBuilder | Imported #154 / 68 tx / 694 pending / 10,447,180 (0.0%) gas / (0x2b7c6b670bc0a49c65aeefde748391e3963c399ba021ff903aedaaf86f4589d2)
2026-10-07 22:14:14.635+00:00 | EthScheduler-Workers-0 | INFO  | PersistBlockTask | Block 155 (0x888db719d9dcfda2aefd2ce1a827806f1c524cc171a8b058decf1bf285be30d0) is already imported
2026-10-07 22:14:14.635+00:00 | BftProcessorExecutor-QBFT-0 | INFO  | QbftBesuControllerBuilder | Imported #155 / 68 tx / 626 pending / 10,447,256 (0.0%) gas / (0x888db719d9dcfda2aefd2ce1a827806f1c524cc171a8b058decf1bf285be30d0)
2026-10-07 22:14:16.772+00:00 | EthScheduler-Workers-0 | INFO  | PersistBlockTask | Block 156 (0x9725c3da8a3654c4154680975f31c25e46b009af52d8d7fee775127ee3cd1a23) is already imported
2026-10-07 22:14:16.772+00:00 | BftProcessorExecutor-QBFT-0 | INFO  | QbftBesuControllerBuilder | Imported #156 / 68 tx / 558 pending / 10,447,248 (0.0%) gas / (0x9725c3da8a3654c4154680975f31c25e46b009af52d8d7fee775127ee3cd1a23)
2026-10-07 22:14:18.787+00:00 | EthScheduler-Workers-0 | INFO  | PersistBlockTask | Block 157 (0x54d1c36a75784131c5e2a1c25ca6f4ab27790883432e326b361f0630f0ca12e8) is already imported
2026-10-07 22:14:18.788+00:00 | BftProcessorExecutor-QBFT-0 | INFO  | QbftBesuControllerBuilder | Imported #157 / 68 tx / 490 pending / 10,447,140 (0.0%) gas / (0x54d1c36a75784131c5e2a1c25ca6f4ab27790883432e326b361f0630f0ca12e8)
2026-10-07 22:14:20.771+00:00 | BftProcessorExecutor-QBFT-0 | INFO  | QbftBesuControllerBuilder | Imported #158 / 68 tx / 422 pending / 10,447,228 (0.0%) gas / (0xd5c183335e26f80ea4060183541ca9a626341fe403875cd18b52932a8fc110bc)
2026-10-07 22:14:22.837+00:00 | BftProcessorExecutor-QBFT-0 | INFO  | QbftBesuControllerBuilder | Imported #159 / 68 tx / 354 pending / 10,447,196 (0.0%) gas / (0xb00e7a2949bfeb33c4adbdbd2763fb94f57d51ef821fa45edf28dafa62bb8b98)
2026-10-07 22:14:24.889+00:00 | EthScheduler-Workers-0 | INFO  | PersistBlockTask | Block 160 (0xf19297b89929c07eda3f251c8e9c4a7060e3f14d11c2f9b3bf48acd82a57c322) is already imported
2026-10-07 22:14:24.890+00:00 | BftProcessorExecutor-QBFT-0 | INFO  | QbftBesuControllerBuilder | Produced #160 / 68 tx / 286 pending / 10,447,144 (0.0%) gas / (0xf19297b89929c07eda3f251c8e9c4a7060e3f14d11c2f9b3bf48acd82a57c322)
2026-10-07 22:14:26.939+00:00 | EthScheduler-Workers-0 | INFO  | PersistBlockTask | Block 161 (0x8083ff2f7b892649f705c2ddf36de02f351607dbf4e00bcab04381f92eceb323) is already imported
2026-10-07 22:14:26.939+00:00 | BftProcessorExecutor-QBFT-0 | INFO  | QbftBesuControllerBuilder | Imported #161 / 68 tx / 218 pending / 10,447,104 (0.0%) gas / (0x8083ff2f7b892649f705c2ddf36de02f351607dbf4e00bcab04381f92eceb323)
2026-10-07 22:14:29.072+00:00 | EthScheduler-Workers-0 | INFO  | PersistBlockTask | Block 162 (0xb207c48b908de5013eb3f973d6f4487e920193ee8c164916827e3b8c7712acad) is already imported
2026-10-07 22:14:29.072+00:00 | BftProcessorExecutor-QBFT-0 | INFO  | QbftBesuControllerBuilder | Imported #162 / 68 tx / 150 pending / 10,447,104 (0.0%) gas / (0xb207c48b908de5013eb3f973d6f4487e920193ee8c164916827e3b8c7712acad)
2026-10-07 22:14:31.295+00:00 | EthScheduler-Workers-0 | INFO  | PersistBlockTask | Block 163 (0x7eb7a5464a76bf1bfed3bc520df078a60b14669c494972f90e460b7757b0f903) is already imported
2026-10-07 22:14:31.295+00:00 | BftProcessorExecutor-QBFT-0 | INFO  | QbftBesuControllerBuilder | Imported #163 / 68 tx / 82 pending / 10,447,212 (0.0%) gas / (0x7eb7a5464a76bf1bfed3bc520df078a60b14669c494972f90e460b7757b0f903)
2026-10-07 22:14:33.277+00:00 | BftProcessorExecutor-QBFT-0 | INFO  | QbftBesuControllerBuilder | Imported #164 / 61 tx / 21 pending / 9,371,710 (0.0%) gas / (0xa7fbd076206a59f6e229411e81297dedee70d425a4e7186deeea586807967936)
2026-10-07 22:14:33.277+00:00 | EthScheduler-Workers-0 | INFO  | PersistBlockTask | Block 164 (0xa7fbd076206a59f6e229411e81297dedee70d425a4e7186deeea586807967936) is already imported
2026-10-07 22:14:34.383+00:00 | EthScheduler-Workers-0 | INFO  | PersistBlockTask | Block 165 (0xacb6a4638851830048a1cd77462c4018afeeef7e01c3098590a9015bce43bf84) is already imported
2026-10-07 22:14:34.383+00:00 | BftProcessorExecutor-QBFT-0 | INFO  | QbftBesuControllerBuilder | Imported #165 / 21 tx / 0 pending / 3,226,354 (0.0%) gas / (0xacb6a4638851830048a1cd77462c4018afeeef7e01c3098590a9015bce43bf84)
2026-10-07 22:14:36.255+00:00 | BftProcessorExecutor-QBFT-0 | INFO  | QbftBesuControllerBuilder | Imported #166 / 0 tx / 0 pending / 0 (0.0%) gas / (0x0337816c332e3d5577a5322b87e8ab8f424ed1398c9f35494cd471693efe1156)
2026-10-07 22:14:38.244+00:00 | EthScheduler-Workers-0 | INFO  | PersistBlockTask | Block 167 (0x8d0f9b67273e8da0c635b2d930954470c6ff6f1089f601f3391f08a0a9186869) is already imported
2026-10-07 22:14:38.244+00:00 | BftProcessorExecutor-QBFT-0 | INFO  | QbftBesuControllerBuilder | Imported #167 / 0 tx / 0 pending / 0 (0.0%) gas / (0x8d0f9b67273e8da0c635b2d930954470c6ff6f1089f601f3391f08a0a9186869)
2026-10-07 22:14:40.256+00:00 | BftProcessorExecutor-QBFT-0 | INFO  | QbftBesuControllerBuilder | Imported #168 / 0 tx / 0 pending / 0 (0.0%) gas / (0x664874f8a04665f25de30bff6bf2766e41c4bf4b9bb28eb33452693571dcdfc8)
2026-10-07 22:14:42.251+00:00 | BftProcessorExecutor-QBFT-0 | INFO  | QbftBesuControllerBuilder | Imported #169 / 0 tx / 0 pending / 0 (0.0%) gas / (0xc585bcb5fab448e35fbf05adb77324bda8c06f671f0e6adfb80d2777de6372dc)
2026-10-07 22:14:44.249+00:00 | BftProcessorExecutor-QBFT-0 | INFO  | QbftBesuControllerBuilder | Imported #170 / 0 tx / 0 pending / 0 (0.0%) gas / (0xb66007e5dacd1300a37aabcd01ef9a3ee45bfb244183b1e80d4fee78153b8c84)
2026-10-07 22:14:46.335+00:00 | BftProcessorExecutor-QBFT-0 | INFO  | QbftBesuControllerBuilder | Imported #171 / 0 tx / 0 pending / 0 (0.0%) gas / (0xe516ba9c4855d667550ca9345117485adf30ef495835740ccee7b9f133c4fd02)
2026-10-07 22:14:48.337+00:00 | EthScheduler-Workers-0 | INFO  | PersistBlockTask | Block 172 (0x257d784ed0244c0ba9204166cdcb264eee4382021b1dbea05462f7243497d7b0) is already imported
2026-10-07 22:14:48.338+00:00 | BftProcessorExecutor-QBFT-0 | INFO  | QbftBesuControllerBuilder | Imported #172 / 0 tx / 0 pending / 0 (0.0%) gas / (0x257d784ed0244c0ba9204166cdcb264eee4382021b1dbea05462f7243497d7b0)
2026-10-07 22:14:50.347+00:00 | BftProcessorExecutor-QBFT-0 | INFO  | QbftBesuControllerBuilder | Imported #173 / 0 tx / 0 pending / 0 (0.0%) gas / (0x5ed592a0bc70bc59846c468636934a47e357dec8e29ebec68115c78ef2612b91)
2026-10-07 22:14:50.347+00:00 | EthScheduler-Workers-0 | INFO  | PersistBlockTask | Block 173 (0x5ed592a0bc70bc59846c468636934a47e357dec8e29ebec68115c78ef2612b91) is already imported
2026-10-07 22:14:52.334+00:00 | BftProcessorExecutor-QBFT-0 | INFO  | QbftBesuControllerBuilder | Imported #174 / 0 tx / 0 pending / 0 (0.0%) gas / (0xba66809032c120b1d5b1551c2475cf6924be9a55aa77d5579ae92d08c5174d28)
2026-10-07 22:14:52.338+00:00 | EthScheduler-Workers-0 | INFO  | PersistBlockTask | Block 174 (0xba66809032c120b1d5b1551c2475cf6924be9a55aa77d5579ae92d08c5174d28) is already imported
2026-10-07 22:14:54.318+00:00 | BftProcessorExecutor-QBFT-0 | INFO  | QbftBesuControllerBuilder | Produced #175 / 0 tx / 0 pending / 0 (0.0%) gas / (0x8f00b9850fede46dc934f88ccdca8e441d576421d5f304a0b5d2fb487a4474f0)
2026-10-07 22:14:56.335+00:00 | BftProcessorExecutor-QBFT-0 | INFO  | QbftBesuControllerBuilder | Imported #176 / 0 tx / 0 pending / 0 (0.0%) gas / (0x3855629c8fe9cdb9a917d6bce15e28b05a6382a59439495de4837ac1d2e3dad0)
2026-10-07 22:14:58.505+00:00 | EthScheduler-Workers-0 | INFO  | PersistBlockTask | Block 177 (0x1e7f4b7e75d2aabfeddc0a38872f798b369c5dc4e41ac9b7dc1f91005fd3b062) is already imported
2026-10-07 22:14:58.506+00:00 | BftProcessorExecutor-QBFT-0 | INFO  | QbftBesuControllerBuilder | Imported #177 / 0 tx / 0 pending / 0 (0.0%) gas / (0x1e7f4b7e75d2aabfeddc0a38872f798b369c5dc4e41ac9b7dc1f91005fd3b062)
2026-10-07 22:15:00.491+00:00 | EthScheduler-Workers-0 | INFO  | PersistBlockTask | Block 178 (0xc2a76128c5c5ae80f514fa52f3e0eef9eee8055a901b3d391638d1b707a9207e) is already imported
2026-10-07 22:15:00.491+00:00 | BftProcessorExecutor-QBFT-0 | INFO  | QbftBesuControllerBuilder | Imported #178 / 0 tx / 0 pending / 0 (0.0%) gas / (0xc2a76128c5c5ae80f514fa52f3e0eef9eee8055a901b3d391638d1b707a9207e)
2026-10-07 22:15:02.469+00:00 | BftProcessorExecutor-QBFT-0 | INFO  | QbftBesuControllerBuilder | Imported #179 / 0 tx / 0 pending / 0 (0.0%) gas / (0x5eca92a02e4ad85a6372ef031ad2af2241848573970477a6b4ecfc67062ba3d6)
2026-10-07 22:15:04.239+00:00 | BftProcessorExecutor-QBFT-0 | INFO  | QbftBesuControllerBuilder | Imported #180 / 0 tx / 0 pending / 0 (0.0%) gas / (0xecea5d1f6807db42b5d38beb263675cab3d1c4d675181cfeb61409955d5e80f4)
2026-10-07 22:15:06.246+00:00 | BftProcessorExecutor-QBFT-0 | INFO  | QbftBesuControllerBuilder | Imported #181 / 0 tx / 0 pending / 0 (0.0%) gas / (0xbe5b4e1525677467138249034e0faa37e3e3fe864d994fc1a60eada81ae3d0dd)
2026-10-07 22:15:06.250+00:00 | EthScheduler-Workers-0 | INFO  | PersistBlockTask | Block 181 (0xbe5b4e1525677467138249034e0faa37e3e3fe864d994fc1a60eada81ae3d0dd) is already imported
2026-10-07 22:15:08.248+00:00 | EthScheduler-Workers-0 | INFO  | PersistBlockTask | Block 182 (0x41e41526a8a421b1d8e63f8ee23b34d39421bdc53885c251826e3f620057be41) is already imported
2026-10-07 22:15:08.248+00:00 | BftProcessorExecutor-QBFT-0 | INFO  | QbftBesuControllerBuilder | Imported #182 / 0 tx / 0 pending / 0 (0.0%) gas / (0x41e41526a8a421b1d8e63f8ee23b34d39421bdc53885c251826e3f620057be41)
2026-10-07 22:15:10.259+00:00 | BftProcessorExecutor-QBFT-0 | INFO  | QbftBesuControllerBuilder | Imported #183 / 0 tx / 0 pending / 0 (0.0%) gas / (0x21ea296e84b7ff3eb710aaf6a22f3be05a2a215438844ed5cd2dbd9a83e5210b)
2026-10-07 22:15:12.254+00:00 | EthScheduler-Workers-0 | INFO  | PersistBlockTask | Block 184 (0xfa748a2cb35e64a0904ba863c8abcd2b0160c84efff89aa1d622e9eb377c0858) is already imported
2026-10-07 22:15:12.254+00:00 | BftProcessorExecutor-QBFT-0 | INFO  | QbftBesuControllerBuilder | Imported #184 / 0 tx / 0 pending / 0 (0.0%) gas / (0xfa748a2cb35e64a0904ba863c8abcd2b0160c84efff89aa1d622e9eb377c0858)
2026-10-07 22:15:14.252+00:00 | EthScheduler-Workers-0 | INFO  | PersistBlockTask | Block 185 (0x63f1f326a48a83d15db8d16a2af7b337d2b34a03d09477fb27bfde76dac5daf2) is already imported
2026-10-07 22:15:14.252+00:00 | BftProcessorExecutor-QBFT-0 | INFO  | QbftBesuControllerBuilder | Imported #185 / 0 tx / 0 pending / 0 (0.0%) gas / (0x63f1f326a48a83d15db8d16a2af7b337d2b34a03d09477fb27bfde76dac5daf2)
2026-10-07 22:15:16.337+00:00 | EthScheduler-Workers-0 | INFO  | PersistBlockTask | Block 186 (0xab6394212596653f70582d1f52d912f2526f2a95161db4fa24ae5d74163152f6) is already imported
2026-10-07 22:15:16.338+00:00 | BftProcessorExecutor-QBFT-0 | INFO  | QbftBesuControllerBuilder | Imported #186 / 0 tx / 0 pending / 0 (0.0%) gas / (0xab6394212596653f70582d1f52d912f2526f2a95161db4fa24ae5d74163152f6)
2026-10-07 22:15:18.335+00:00 | EthScheduler-Workers-0 | INFO  | PersistBlockTask | Block 187 (0xccd45e629420db234153184610b8a4a78871bb193d8d845d7bf826b3b48856ce) is already imported
2026-10-07 22:15:18.336+00:00 | BftProcessorExecutor-QBFT-0 | INFO  | QbftBesuControllerBuilder | Imported #187 / 0 tx / 0 pending / 0 (0.0%) gas / (0xccd45e629420db234153184610b8a4a78871bb193d8d845d7bf826b3b48856ce)
2026-10-07 22:15:20.335+00:00 | BftProcessorExecutor-QBFT-0 | INFO  | QbftBesuControllerBuilder | Imported #188 / 0 tx / 0 pending / 0 (0.0%) gas / (0xb184598b4637c2ca8a112f565f0f240588fd87a3ded24f5986938c7eadb90942)
2026-10-07 22:15:22.925+00:00 | EthScheduler-Workers-0 | INFO  | PersistBlockTask | Block 189 (0x3d205b87e4ecc6f877d588162bd7644e7a197caa18cd6c485a57ae1b6f07d22f) is already imported
2026-10-07 22:15:22.926+00:00 | BftProcessorExecutor-QBFT-0 | INFO  | QbftBesuControllerBuilder | Imported #189 / 30 tx / 611 pending / 7,259,100 (0.0%) gas / (0x3d205b87e4ecc6f877d588162bd7644e7a197caa18cd6c485a57ae1b6f07d22f)
2026-10-07 22:15:25.515+00:00 | EthScheduler-Workers-0 | INFO  | PersistBlockTask | Block 190 (0x237e89141e407e99354343921c3b6524cb7a32ef6b9b936326910154a90df771) is already imported
2026-10-07 22:15:25.516+00:00 | BftProcessorExecutor-QBFT-0 | INFO  | QbftBesuControllerBuilder | Produced #190 / 71 tx / 1265 pending / 17,179,870 (0.0%) gas / (0x237e89141e407e99354343921c3b6524cb7a32ef6b9b936326910154a90df771)
2026-10-07 22:15:28.023+00:00 | EthScheduler-Workers-0 | INFO  | PersistBlockTask | Block 191 (0xdde78ce6d407127521375d96c3cbd28887ce868f46a5e5273f6c8f7899236b8f) is already imported
2026-10-07 22:15:28.025+00:00 | BftProcessorExecutor-QBFT-0 | INFO  | QbftBesuControllerBuilder | Imported #191 / 111 tx / 1872 pending / 26,858,670 (0.0%) gas / (0xdde78ce6d407127521375d96c3cbd28887ce868f46a5e5273f6c8f7899236b8f)
2026-10-07 22:15:34.903+00:00 | EthScheduler-Workers-0 | INFO  | PersistBlockTask | Block 192 (0x20f34d6879306dbc034881c7ba3409605911d19d62261f3717a731a34fe827b3) is already imported
2026-10-07 22:15:34.905+00:00 | BftProcessorExecutor-QBFT-0 | INFO  | QbftBesuControllerBuilder | Imported #192 / 155 tx / 3600 pending / 37,505,350 (0.0%) gas / (0x20f34d6879306dbc034881c7ba3409605911d19d62261f3717a731a34fe827b3)
2026-10-07 22:15:41.183+00:00 | BftProcessorExecutor-QBFT-0 | INFO  | QbftBesuControllerBuilder | Imported #193 / 287 tx / 5260 pending / 69,445,390 (0.0%) gas / (0x201bd27109667732f69ce55f10d5dd0482213b80b161e6f56f7e344911b15b63)
2026-10-07 22:15:50.056+00:00 | EthScheduler-Workers-0 | INFO  | PersistBlockTask | Block 194 (0x7fcd0654ec48a573b9885c015369171d9025a7acdae8dcca0ec5c73dc928a491) is already imported
2026-10-07 22:15:50.061+00:00 | BftProcessorExecutor-QBFT-0 | INFO  | QbftBesuControllerBuilder | Imported #194 / 329 tx / 7144 pending / 79,608,130 (0.0%) gas / (0x7fcd0654ec48a573b9885c015369171d9025a7acdae8dcca0ec5c73dc928a491)
2026-10-07 22:15:54.774+00:00 | BftProcessorExecutor-QBFT-0 | INFO  | QbftBesuControllerBuilder | Imported #195 / 334 tx / 6875 pending / 80,817,980 (0.0%) gas / (0x5a722f42605cec0cba5de2f4f51e4adda23cc5bbdeb84bc6a8b36573f5a7616f)
2026-10-07 22:15:59.782+00:00 | BftProcessorExecutor-QBFT-0 | INFO  | QbftBesuControllerBuilder | Imported #196 / 341 tx / 6534 pending / 82,511,770 (0.0%) gas / (0x779e6548b585756d900aaa7fea683f6a2ff29485775bab246cc77e75cdcc5be5)
2026-10-07 22:16:04.791+00:00 | BftProcessorExecutor-QBFT-0 | INFO  | QbftBesuControllerBuilder | Imported #197 / 332 tx / 6202 pending / 80,334,040 (0.0%) gas / (0xf3ee8a7dad37ab603944dd38e0081d25b8f872bf14817b76c5fb44aec3dfe4a1)
2026-10-07 22:16:09.630+00:00 | BftProcessorExecutor-QBFT-0 | INFO  | QbftBesuControllerBuilder | Imported #198 / 333 tx / 5869 pending / 80,576,010 (0.0%) gas / (0x414700921527f32c048dea17559c90c6bb38d4290e5c72eff712bed07b7138f6)
2026-10-07 22:16:14.532+00:00 | BftProcessorExecutor-QBFT-0 | INFO  | QbftBesuControllerBuilder | Imported #199 / 339 tx / 5530 pending / 82,027,830 (0.0%) gas / (0x707e1f284435dd802d43477431b0e973c6a527401e4d6fb455609ab5e09acf88)
2026-10-07 22:16:19.431+00:00 | BftProcessorExecutor-QBFT-0 | INFO  | QbftBesuControllerBuilder | Imported #200 / 336 tx / 5194 pending / 81,301,920 (0.0%) gas / (0x4261bcb7b06612e2bda611c5d25387704de4cd34a95df0f68f215ec3698a12cf)
2026-10-07 22:16:24.747+00:00 | BftProcessorExecutor-QBFT-0 | INFO  | QbftBesuControllerBuilder | Imported #201 / 347 tx / 4847 pending / 83,963,590 (0.0%) gas / (0x57568bed6a2cd868d4d4fa26ff8796286e2c8cc831cb2d6d0b14c2e6447d9b78)
2026-10-07 22:16:29.998+00:00 | BftProcessorExecutor-QBFT-0 | INFO  | QbftBesuControllerBuilder | Imported #202 / 343 tx / 4504 pending / 82,995,710 (0.0%) gas / (0x2b7a47a083131a8ed0da68683495198eb75483900ac9e5e9ec03f07e281cf5da)
2026-10-07 22:16:34.970+00:00 | BftProcessorExecutor-QBFT-0 | INFO  | QbftBesuControllerBuilder | Imported #203 / 326 tx / 4178 pending / 78,882,220 (0.0%) gas / (0x5925555ac971ffbd6f01178223349768c1bfb764bce261b42856f2a162b82368)
2026-10-07 22:16:39.880+00:00 | BftProcessorExecutor-QBFT-0 | INFO  | QbftBesuControllerBuilder | Imported #204 / 321 tx / 3857 pending / 77,672,370 (0.0%) gas / (0x9b63a3f1c6b85a41a71d03679f71eb88ca2ce9bc98cf3e28faf919d86b98f22e)
2026-10-07 22:16:41.387+00:00 | BftProcessorExecutor-QBFT-0 | WARN  | BlockTransactionSelector | Interrupting the selection of transactions for block inclusion as it exceeds the maximum configured duration of 1500ms
java.util.concurrent.TimeoutException
	at java.base/java.util.concurrent.CompletableFuture.timedGet(CompletableFuture.java:1960)
	at java.base/java.util.concurrent.CompletableFuture.get(CompletableFuture.java:2095)
	at org.hyperledger.besu.ethereum.blockcreation.txselection.BlockTransactionSelector.timeLimitedSelection(BlockTransactionSelector.java:186)
	at org.hyperledger.besu.ethereum.blockcreation.txselection.BlockTransactionSelector.buildTransactionListForBlock(BlockTransactionSelector.java:169)
	at org.hyperledger.besu.ethereum.blockcreation.AbstractBlockCreator.selectTransactions(AbstractBlockCreator.java:376)
	at org.hyperledger.besu.ethereum.blockcreation.AbstractBlockCreator.createBlock(AbstractBlockCreator.java:218)
	at org.hyperledger.besu.ethereum.blockcreation.AbstractBlockCreator.createBlock(AbstractBlockCreator.java:146)
	at org.hyperledger.besu.consensus.common.bft.blockcreation.BftBlockCreator.createBlock(BftBlockCreator.java:92)
	at org.hyperledger.besu.consensus.qbft.statemachine.QbftRound.createAndSendProposalMessage(QbftRound.java:137)
	at org.hyperledger.besu.consensus.qbft.statemachine.QbftBlockHeightManager.handleBlockTimerExpiry(QbftBlockHeightManager.java:140)
	at org.hyperledger.besu.consensus.common.bft.statemachine.BaseBftController.handleBlockTimerExpiry(BaseBftController.java:167)
	at org.hyperledger.besu.consensus.common.bft.EventMultiplexer.handleBftEvent(EventMultiplexer.java:65)
	at java.base/java.util.Optional.ifPresent(Optional.java:178)
	at org.hyperledger.besu.consensus.common.bft.BftProcessor.run(BftProcessor.java:65)
	at java.base/java.util.concurrent.ThreadPoolExecutor.runWorker(ThreadPoolExecutor.java:1144)
	at java.base/java.util.concurrent.ThreadPoolExecutor$Worker.run(ThreadPoolExecutor.java:642)
	at java.base/java.lang.Thread.run(Thread.java:1583)
2026-10-07 22:16:45.104+00:00 | BftProcessorExecutor-QBFT-0 | INFO  | QbftBesuControllerBuilder | Produced #205 / 342 tx / 3515 pending / 82,753,740 (0.0%) gas / (0x97580c880e3cc36ff74b2072a38f1302f530157d8d110584d02423535e529fcc)
2026-10-07 22:16:50.303+00:00 | BftProcessorExecutor-QBFT-0 | INFO  | QbftBesuControllerBuilder | Imported #206 / 344 tx / 3171 pending / 83,237,680 (0.0%) gas / (0x597c34d125ca04e996b64130a41d46db55868e14211e6a13d47c7b4cfe41d25d)
2026-10-07 22:16:55.952+00:00 | BftProcessorExecutor-QBFT-0 | INFO  | QbftBesuControllerBuilder | Imported #207 / 313 tx / 2858 pending / 75,736,610 (0.0%) gas / (0x4aa1757508d3e87ca4d86efbe713ba0697ecd22a02af62bb6553cf3ae8a268d8)
2026-10-07 22:17:00.587+00:00 | EthScheduler-Workers-0 | INFO  | PersistBlockTask | Block 208 (0xba9764f695860884c6b57c9652c6631bfe688c2d9100e83778f666ea2c77715e) is already imported
2026-10-07 22:17:00.589+00:00 | BftProcessorExecutor-QBFT-0 | INFO  | QbftBesuControllerBuilder | Imported #208 / 257 tx / 2601 pending / 62,186,290 (0.0%) gas / (0xba9764f695860884c6b57c9652c6631bfe688c2d9100e83778f666ea2c77715e)
2026-10-07 22:17:04.365+00:00 | BftProcessorExecutor-QBFT-0 | INFO  | QbftBesuControllerBuilder | Imported #209 / 215 tx / 2386 pending / 52,023,550 (0.0%) gas / (0x383bf855ce3096e8cc0415a8c5e718da2a9afc7dc311d4f450b0b281a7080334)
2026-10-07 22:17:07.660+00:00 | BftProcessorExecutor-QBFT-0 | INFO  | QbftBesuControllerBuilder | Imported #210 / 215 tx / 2171 pending / 52,023,550 (0.0%) gas / (0xc9e2e1cc1d568f94de22606ff962211c0eed9a7b36ce423f051d87f5952de25e)
2026-10-07 22:17:10.848+00:00 | BftProcessorExecutor-QBFT-0 | INFO  | QbftBesuControllerBuilder | Imported #211 / 208 tx / 1963 pending / 50,329,760 (0.0%) gas / (0x4d337d91aa65b9c12010be4e88211c8fb2cf65e8facb0639cc189f8a18316f98)
2026-10-07 22:17:14.133+00:00 | BftProcessorExecutor-QBFT-0 | INFO  | QbftBesuControllerBuilder | Imported #212 / 217 tx / 1746 pending / 52,507,490 (0.0%) gas / (0x86aa29668ed599fd2385e1b59d2658a4e52215d85154550b98cff6d9b497d073)
2026-10-07 22:17:17.659+00:00 | BftProcessorExecutor-QBFT-0 | INFO  | QbftBesuControllerBuilder | Imported #213 / 216 tx / 1530 pending / 52,265,520 (0.0%) gas / (0x9d445578c095a36ea42684a6cfe6ec52320b8511e93b2fff502546f0c79fdaf1)
2026-10-07 22:17:20.960+00:00 | BftProcessorExecutor-QBFT-0 | INFO  | QbftBesuControllerBuilder | Imported #214 / 210 tx / 1320 pending / 50,813,700 (0.0%) gas / (0xff495a6fb569678bca46ac2712b28689fbd1af1ef2208f0c5d9dacecf2048c02)
2026-10-07 22:17:24.195+00:00 | BftProcessorExecutor-QBFT-0 | INFO  | QbftBesuControllerBuilder | Imported #215 / 209 tx / 1111 pending / 50,571,730 (0.0%) gas / (0x4097b85d987735bc44441b7fdc719e49a58d22a3c9637f7dd459d9a8ed850701)
2026-10-07 22:17:27.522+00:00 | EthScheduler-Workers-0 | INFO  | PersistBlockTask | Block 216 (0x120c6c6261e121d7c9b271a851c8db1262e495863033cd82f3e791f92c056838) is already imported
2026-10-07 22:17:27.524+00:00 | BftProcessorExecutor-QBFT-0 | INFO  | QbftBesuControllerBuilder | Imported #216 / 198 tx / 913 pending / 47,910,060 (0.0%) gas / (0x120c6c6261e121d7c9b271a851c8db1262e495863033cd82f3e791f92c056838)
2026-10-07 22:17:30.756+00:00 | BftProcessorExecutor-QBFT-0 | INFO  | QbftBesuControllerBuilder | Imported #217 / 202 tx / 711 pending / 48,877,940 (0.0%) gas / (0xb8955036420a0b94ac44397731708dde8cdd854509de2780f4d079a9b95f6567)
2026-10-07 22:17:34.296+00:00 | BftProcessorExecutor-QBFT-0 | INFO  | QbftBesuControllerBuilder | Imported #218 / 219 tx / 492 pending / 52,991,430 (0.0%) gas / (0x5c84ffca03049c1ac776fca72a08e56d738071c48d5422017bcbdd4c6effcbed)
2026-10-07 22:17:37.452+00:00 | BftProcessorExecutor-QBFT-0 | INFO  | QbftBesuControllerBuilder | Imported #219 / 194 tx / 298 pending / 46,942,180 (0.0%) gas / (0x508891985430e250c3cd0510ad023860237553a9297c3aaf7546f75a61e46fe3)
2026-10-07 22:17:39.694+00:00 | EthScheduler-Workers-0 | INFO  | PersistBlockTask | Block 220 (0xdf22f079835a5df68f6b4490792a819a7fad2daf7f0dab6ce76f130b4ab9ae28) is already imported
2026-10-07 22:17:39.695+00:00 | BftProcessorExecutor-QBFT-0 | INFO  | QbftBesuControllerBuilder | Produced #220 / 132 tx / 166 pending / 31,940,040 (0.0%) gas / (0xdf22f079835a5df68f6b4490792a819a7fad2daf7f0dab6ce76f130b4ab9ae28)
2026-10-07 22:17:41.336+00:00 | EthScheduler-Workers-0 | INFO  | PersistBlockTask | Block 221 (0xe79a0019a3cd6cfe2c5309658bce231a03d109aa5ab558f3c0e83c05afbe2663) is already imported
2026-10-07 22:17:41.336+00:00 | BftProcessorExecutor-QBFT-0 | INFO  | QbftBesuControllerBuilder | Imported #221 / 90 tx / 76 pending / 21,777,300 (0.0%) gas / (0xe79a0019a3cd6cfe2c5309658bce231a03d109aa5ab558f3c0e83c05afbe2663)
2026-10-07 22:17:43.751+00:00 | EthScheduler-Workers-0 | INFO  | PersistBlockTask | Block 222 (0x4cce4f037a52e0207d191a518f24acc1f333c9d9e5156cbbad44876ed5a003e0) is already imported
2026-10-07 22:17:43.752+00:00 | BftProcessorExecutor-QBFT-0 | INFO  | QbftBesuControllerBuilder | Imported #222 / 76 tx / 0 pending / 18,389,720 (0.0%) gas / (0x4cce4f037a52e0207d191a518f24acc1f333c9d9e5156cbbad44876ed5a003e0)
2026-10-07 22:17:44.536+00:00 | BftProcessorExecutor-QBFT-0 | INFO  | QbftBesuControllerBuilder | Imported #223 / 0 tx / 0 pending / 0 (0.0%) gas / (0x60344b66b3c307b5507d6c18c6bc2d1ce30bb61799c070b5c23cee3ca3c91a72)
2026-10-07 22:17:46.510+00:00 | BftProcessorExecutor-QBFT-0 | INFO  | QbftBesuControllerBuilder | Imported #224 / 0 tx / 0 pending / 0 (0.0%) gas / (0xe1fa981ad48c747a590fc7556b0ec61be94ee547f358e339227368ef0ef37dd8)
2026-10-07 22:17:46.514+00:00 | EthScheduler-Workers-0 | INFO  | PersistBlockTask | Block 224 (0xe1fa981ad48c747a590fc7556b0ec61be94ee547f358e339227368ef0ef37dd8) is already imported
2026-10-07 22:17:48.262+00:00 | BftProcessorExecutor-QBFT-0 | INFO  | QbftBesuControllerBuilder | Imported #225 / 0 tx / 0 pending / 0 (0.0%) gas / (0x5c01dd7fd4b2cdbc3d70cece6cfb6a23407fc4c5b66c5ae38bb530c63604e21d)
2026-10-07 22:17:50.261+00:00 | BftProcessorExecutor-QBFT-0 | INFO  | QbftBesuControllerBuilder | Imported #226 / 0 tx / 0 pending / 0 (0.0%) gas / (0x057a983df12c6dae208fab0017c802bbc8fc3a5f74a4bcad2f8e7b857efee0c9)
2026-10-07 22:17:50.264+00:00 | EthScheduler-Workers-0 | INFO  | PersistBlockTask | Block 226 (0x057a983df12c6dae208fab0017c802bbc8fc3a5f74a4bcad2f8e7b857efee0c9) is already imported
2026-10-07 22:17:52.261+00:00 | BftProcessorExecutor-QBFT-0 | INFO  | QbftBesuControllerBuilder | Imported #227 / 0 tx / 0 pending / 0 (0.0%) gas / (0x8eb8877d1e3cf8e1d7cd7dcb078f29692d56e54e3c601403a7aab6d755eaaba6)
2026-10-07 22:17:52.264+00:00 | EthScheduler-Workers-0 | INFO  | PersistBlockTask | Block 227 (0x8eb8877d1e3cf8e1d7cd7dcb078f29692d56e54e3c601403a7aab6d755eaaba6) is already imported
2026-10-07 22:17:54.259+00:00 | BftProcessorExecutor-QBFT-0 | INFO  | QbftBesuControllerBuilder | Imported #228 / 0 tx / 0 pending / 0 (0.0%) gas / (0xff797747501a44300fabe5c94622466c070127e11a893fba2e4e5bf4326c3fb7)
2026-10-07 22:17:56.258+00:00 | BftProcessorExecutor-QBFT-0 | INFO  | QbftBesuControllerBuilder | Imported #229 / 0 tx / 0 pending / 0 (0.0%) gas / (0x2cdde6dcc79cb3dc4b4a7bd1e581dfef22bdee3b36f3fdaf296d39752d2ecf3c)
2026-10-07 22:17:56.261+00:00 | EthScheduler-Workers-0 | INFO  | PersistBlockTask | Block 229 (0x2cdde6dcc79cb3dc4b4a7bd1e581dfef22bdee3b36f3fdaf296d39752d2ecf3c) is already imported
2026-10-07 22:17:58.247+00:00 | BftProcessorExecutor-QBFT-0 | INFO  | QbftBesuControllerBuilder | Imported #230 / 0 tx / 0 pending / 0 (0.0%) gas / (0xdf1feeb3a686d9d5bed2758d72fc2741e2a8238c624cfac2db10ba26fa739679)
2026-10-07 22:18:00.348+00:00 | EthScheduler-Workers-0 | INFO  | PersistBlockTask | Block 231 (0xa2feaa4a04ff2fe207572d26bab21e0f96c59d811ec0c21cb2cd8dcf49ba8315) is already imported
2026-10-07 22:18:00.349+00:00 | BftProcessorExecutor-QBFT-0 | INFO  | QbftBesuControllerBuilder | Imported #231 / 0 tx / 0 pending / 0 (0.0%) gas / (0xa2feaa4a04ff2fe207572d26bab21e0f96c59d811ec0c21cb2cd8dcf49ba8315)
2026-10-07 22:18:02.333+00:00 | BftProcessorExecutor-QBFT-0 | INFO  | QbftBesuControllerBuilder | Imported #232 / 0 tx / 0 pending / 0 (0.0%) gas / (0x3cd1f2ab95033099dd667716cde81d0bc6edfa2d10d846390d304e3b3b01effb)
2026-10-07 22:18:02.333+00:00 | EthScheduler-Workers-0 | INFO  | PersistBlockTask | Block 232 (0x3cd1f2ab95033099dd667716cde81d0bc6edfa2d10d846390d304e3b3b01effb) is already imported
2026-10-07 22:18:04.334+00:00 | EthScheduler-Workers-0 | INFO  | PersistBlockTask | Block 233 (0xa7a2617a0f551728f9cb4783c70865d08842358b7ee9675fe3dd2ff56181bfee) is already imported
2026-10-07 22:18:04.334+00:00 | BftProcessorExecutor-QBFT-0 | INFO  | QbftBesuControllerBuilder | Imported #233 / 0 tx / 0 pending / 0 (0.0%) gas / (0xa7a2617a0f551728f9cb4783c70865d08842358b7ee9675fe3dd2ff56181bfee)
2026-10-07 22:18:06.352+00:00 | EthScheduler-Workers-0 | INFO  | PersistBlockTask | Block 234 (0xf57f37a362a8efd58d68e201f60db1de0099e4a4e1be5bbe140abae67d7626bc) is already imported
2026-10-07 22:18:06.352+00:00 | BftProcessorExecutor-QBFT-0 | INFO  | QbftBesuControllerBuilder | Imported #234 / 0 tx / 0 pending / 0 (0.0%) gas / (0xf57f37a362a8efd58d68e201f60db1de0099e4a4e1be5bbe140abae67d7626bc)
2026-10-07 22:18:08.328+00:00 | BftProcessorExecutor-QBFT-0 | INFO  | QbftBesuControllerBuilder | Produced #235 / 0 tx / 0 pending / 0 (0.0%) gas / (0x6987e534bf0712e0d4c702d392d175ddfc62651b75cbb449c4b62f7516babf1b)
2026-10-07 22:18:10.331+00:00 | BftProcessorExecutor-QBFT-0 | INFO  | QbftBesuControllerBuilder | Imported #236 / 0 tx / 0 pending / 0 (0.0%) gas / (0xf4cc20aaf1ec780677a3948e6c6a1ae1ed4c1acb4fb168e4f339ef54e8451ac5)
2026-10-07 22:18:12.409+00:00 | BftProcessorExecutor-QBFT-0 | INFO  | QbftBesuControllerBuilder | Imported #237 / 0 tx / 0 pending / 0 (0.0%) gas / (0xef4a82872fde197a5697da0a46916b01f87ad11a43e31318fb4fdad5f3b8c4dd)
2026-10-07 22:18:14.420+00:00 | BftProcessorExecutor-QBFT-0 | INFO  | QbftBesuControllerBuilder | Imported #238 / 0 tx / 0 pending / 0 (0.0%) gas / (0x0db41d78dfd068ee984f94e58cf04540da3d6fabb180f9bfe7fd64261b080342)
2026-10-07 22:18:16.459+00:00 | BftProcessorExecutor-QBFT-0 | INFO  | QbftBesuControllerBuilder | Imported #239 / 0 tx / 0 pending / 0 (0.0%) gas / (0xa653ad0f262c1c19a4f1b0f72841029a667d226d86234a5150351c811363c270)
2026-10-07 22:18:18.266+00:00 | EthScheduler-Workers-0 | INFO  | PersistBlockTask | Block 240 (0x46b5e77acb72c566da9274a8ae564c19f212123e1a71e46184b36e3d66330604) is already imported
2026-10-07 22:18:18.266+00:00 | BftProcessorExecutor-QBFT-0 | INFO  | QbftBesuControllerBuilder | Imported #240 / 0 tx / 0 pending / 0 (0.0%) gas / (0x46b5e77acb72c566da9274a8ae564c19f212123e1a71e46184b36e3d66330604)
2026-10-07 22:18:20.245+00:00 | BftProcessorExecutor-QBFT-0 | INFO  | QbftBesuControllerBuilder | Imported #241 / 0 tx / 0 pending / 0 (0.0%) gas / (0xe0d2d1c06d32f5e157e5145012e11d4ede512aae91458512bf8b4fd3cb3ff48d)
2026-10-07 22:18:22.267+00:00 | EthScheduler-Workers-0 | INFO  | PersistBlockTask | Block 242 (0x0fd76ee09603f844901cfcf750824e1b3f4ddb085d1ae54eee20298cbc885ace) is already imported
2026-10-07 22:18:22.267+00:00 | BftProcessorExecutor-QBFT-0 | INFO  | QbftBesuControllerBuilder | Imported #242 / 0 tx / 0 pending / 0 (0.0%) gas / (0x0fd76ee09603f844901cfcf750824e1b3f4ddb085d1ae54eee20298cbc885ace)
2026-10-07 22:18:24.254+00:00 | EthScheduler-Workers-0 | INFO  | PersistBlockTask | Block 243 (0x560a026b8a819df854d9e8d5bc89d043f56128132588fa7f6c17b960e8404bfd) is already imported
2026-10-07 22:18:24.255+00:00 | BftProcessorExecutor-QBFT-0 | INFO  | QbftBesuControllerBuilder | Imported #243 / 0 tx / 0 pending / 0 (0.0%) gas / (0x560a026b8a819df854d9e8d5bc89d043f56128132588fa7f6c17b960e8404bfd)
2026-10-07 22:18:26.251+00:00 | EthScheduler-Workers-0 | INFO  | PersistBlockTask | Block 244 (0x4deea234e5f220055ef9ca7b4d948ba8ac78c6b177a25ac9004cd72324fc6ab0) is already imported
2026-10-07 22:18:26.251+00:00 | BftProcessorExecutor-QBFT-0 | INFO  | QbftBesuControllerBuilder | Imported #244 / 0 tx / 0 pending / 0 (0.0%) gas / (0x4deea234e5f220055ef9ca7b4d948ba8ac78c6b177a25ac9004cd72324fc6ab0)
2026-10-07 22:18:28.249+00:00 | BftProcessorExecutor-QBFT-0 | INFO  | QbftBesuControllerBuilder | Imported #245 / 0 tx / 0 pending / 0 (0.0%) gas / (0xef7b34b19c7692a31357f8d6db2d8ece43c6824643ebc33626422d19e802d2eb)
2026-10-07 22:18:30.338+00:00 | EthScheduler-Workers-0 | INFO  | PersistBlockTask | Block 246 (0x70c670c2e5e5e8c27541c5249a2cdd1a7933b360d9bbcf205c8ecd9259b0a939) is already imported
2026-10-07 22:18:30.338+00:00 | BftProcessorExecutor-QBFT-0 | INFO  | QbftBesuControllerBuilder | Imported #246 / 0 tx / 0 pending / 0 (0.0%) gas / (0x70c670c2e5e5e8c27541c5249a2cdd1a7933b360d9bbcf205c8ecd9259b0a939)
2026-10-07 22:18:32.336+00:00 | BftProcessorExecutor-QBFT-0 | INFO  | QbftBesuControllerBuilder | Imported #247 / 0 tx / 0 pending / 0 (0.0%) gas / (0x08420eaa9464362f515eadcf58d49cf278dee5ff37d065b1c3556eae9163f7ad)
2026-10-07 22:18:34.336+00:00 | EthScheduler-Workers-0 | INFO  | PersistBlockTask | Block 248 (0xa65b6a174d95eb3015ac38b5e85e151b23886d01da0eda3067ed112b4678da3a) is already imported
2026-10-07 22:18:34.336+00:00 | BftProcessorExecutor-QBFT-0 | INFO  | QbftBesuControllerBuilder | Imported #248 / 0 tx / 0 pending / 0 (0.0%) gas / (0xa65b6a174d95eb3015ac38b5e85e151b23886d01da0eda3067ed112b4678da3a)
2026-10-07 22:18:36.332+00:00 | BftProcessorExecutor-QBFT-0 | INFO  | QbftBesuControllerBuilder | Imported #249 / 0 tx / 0 pending / 0 (0.0%) gas / (0xa81dd5a2049c435e78a799df1101e65ce630332f0567fa4dc6153a1616941544)
2026-10-07 22:18:38.322+00:00 | BftProcessorExecutor-QBFT-0 | INFO  | QbftBesuControllerBuilder | Produced #250 / 0 tx / 0 pending / 0 (0.0%) gas / (0x5556d6ca2dfc35a06f232a4daeaded4f42c321e2e40801f0388209f6a9fc4dc1)
2026-10-07 22:18:40.335+00:00 | BftProcessorExecutor-QBFT-0 | INFO  | QbftBesuControllerBuilder | Imported #251 / 0 tx / 0 pending / 0 (0.0%) gas / (0xd6f725055424c3eb6ba1f11640ea084ef84953544146412da4b914c896f84b9b)
2026-10-07 22:18:40.335+00:00 | EthScheduler-Workers-0 | INFO  | PersistBlockTask | Block 251 (0xd6f725055424c3eb6ba1f11640ea084ef84953544146412da4b914c896f84b9b) is already imported
2026-10-07 22:18:42.473+00:00 | BftProcessorExecutor-QBFT-0 | INFO  | QbftBesuControllerBuilder | Imported #252 / 0 tx / 0 pending / 0 (0.0%) gas / (0xc59e8c132325ec95f24018ae1a3bc6d5c7c3aa54f48bfbdfe8cd52b9143fe60b)
2026-10-07 22:18:44.506+00:00 | BftProcessorExecutor-QBFT-0 | INFO  | QbftBesuControllerBuilder | Imported #253 / 0 tx / 0 pending / 0 (0.0%) gas / (0x0db97fbc98bdb52f79b5a7232cdb48de12936e6ce34db8fc32be5f8ab1ab1371)
2026-10-07 22:18:46.519+00:00 | BftProcessorExecutor-QBFT-0 | INFO  | QbftBesuControllerBuilder | Imported #254 / 0 tx / 0 pending / 0 (0.0%) gas / (0x2a94551e0a4e358ef932787cf40da36f3b578ca9ac4911525795fc9feb4014e7)
2026-10-07 22:18:48.241+00:00 | BftProcessorExecutor-QBFT-0 | INFO  | QbftBesuControllerBuilder | Imported #255 / 0 tx / 0 pending / 0 (0.0%) gas / (0xaaa947470d9d6341c452ee5092d71fbeaf1a8314e95a94eebb2b1937e1ecf07d)
2026-10-07 22:18:50.242+00:00 | BftProcessorExecutor-QBFT-0 | INFO  | QbftBesuControllerBuilder | Imported #256 / 0 tx / 0 pending / 0 (0.0%) gas / (0xdc84d328e841c18c3517db823e5704bdf43ded2bb8197dbed7b8c56070d42c01)
2026-10-07 22:18:52.255+00:00 | BftProcessorExecutor-QBFT-0 | INFO  | QbftBesuControllerBuilder | Imported #257 / 0 tx / 0 pending / 0 (0.0%) gas / (0xad1c75d8de44480cf3f53b4b4042b583d7b25966671824fa06a899f07ac8c07b)
2026-10-07 22:18:54.241+00:00 | BftProcessorExecutor-QBFT-0 | INFO  | QbftBesuControllerBuilder | Imported #258 / 0 tx / 0 pending / 0 (0.0%) gas / (0x3a09cfd3f3aa37de77b751b9b71e46fced7cc0cf314287932680c03f1b950efe)
2026-10-07 22:18:56.246+00:00 | BftProcessorExecutor-QBFT-0 | INFO  | QbftBesuControllerBuilder | Imported #259 / 0 tx / 0 pending / 0 (0.0%) gas / (0x62b5ad2de5a3ec662ae4b218c9e704b56913f9d21d86db722d7493c851001359)
2026-10-07 22:18:58.243+00:00 | EthScheduler-Workers-0 | INFO  | PersistBlockTask | Block 260 (0x9c0dc08dc8d0653bda040fd1014e79afe6955ef5c25fcde750c279828329f195) is already imported
2026-10-07 22:18:58.243+00:00 | BftProcessorExecutor-QBFT-0 | INFO  | QbftBesuControllerBuilder | Imported #260 / 0 tx / 0 pending / 0 (0.0%) gas / (0x9c0dc08dc8d0653bda040fd1014e79afe6955ef5c25fcde750c279828329f195)
2026-10-07 22:19:00.323+00:00 | BftProcessorExecutor-QBFT-0 | INFO  | QbftBesuControllerBuilder | Imported #261 / 0 tx / 0 pending / 0 (0.0%) gas / (0x9177696f6a30e5e43827fb7950a86ce73714392ca17b0f8d99db8891e2e09ab4)
2026-10-07 22:19:02.331+00:00 | BftProcessorExecutor-QBFT-0 | INFO  | QbftBesuControllerBuilder | Imported #262 / 0 tx / 0 pending / 0 (0.0%) gas / (0xbca0550f951595902b664855239dab2046a5276dcc40c73ffb1c5e788d492b6b)
2026-10-07 22:19:02.332+00:00 | EthScheduler-Workers-0 | INFO  | PersistBlockTask | Block 262 (0xbca0550f951595902b664855239dab2046a5276dcc40c73ffb1c5e788d492b6b) is already imported
2026-10-07 22:19:04.331+00:00 | BftProcessorExecutor-QBFT-0 | INFO  | QbftBesuControllerBuilder | Imported #263 / 0 tx / 0 pending / 0 (0.0%) gas / (0xa9ef8d82eaa75706db8d7c9e129d85adb6adf5c3ca6212735a0684f84e4bc751)
2026-10-07 22:19:06.330+00:00 | BftProcessorExecutor-QBFT-0 | INFO  | QbftBesuControllerBuilder | Imported #264 / 0 tx / 0 pending / 0 (0.0%) gas / (0xe04752ab0b8c03b4b8c942ff2109c746a2514a777f614f95bcd47a828e859c2e)
2026-10-07 22:19:08.333+00:00 | BftProcessorExecutor-QBFT-0 | INFO  | QbftBesuControllerBuilder | Produced #265 / 0 tx / 0 pending / 0 (0.0%) gas / (0x41ba2a96f63feab53a28615f0a250ec6b053463c9a743d42ea6276193bd0154c)
2026-10-07 22:19:10.331+00:00 | BftProcessorExecutor-QBFT-0 | INFO  | QbftBesuControllerBuilder | Imported #266 / 0 tx / 0 pending / 0 (0.0%) gas / (0xc2026cdd28a8fb8af85777884ff24058ab3014af8a3fe52f1804476a0b8dfbfe)
2026-10-07 22:19:12.493+00:00 | BftProcessorExecutor-QBFT-0 | INFO  | QbftBesuControllerBuilder | Imported #267 / 0 tx / 0 pending / 0 (0.0%) gas / (0xb4d16619d39d025928fbd01b0b645a4c24d9c3c72910d658614483827d30ba58)
2026-10-07 22:19:14.463+00:00 | EthScheduler-Workers-0 | INFO  | PersistBlockTask | Block 268 (0x3b07a707ebf79dcc3cadcd7495acd68106b0b34e7e38ce88309c486c823da5c1) is already imported
2026-10-07 22:19:14.464+00:00 | BftProcessorExecutor-QBFT-0 | INFO  | QbftBesuControllerBuilder | Imported #268 / 0 tx / 0 pending / 0 (0.0%) gas / (0x3b07a707ebf79dcc3cadcd7495acd68106b0b34e7e38ce88309c486c823da5c1)
2026-10-07 22:19:16.489+00:00 | BftProcessorExecutor-QBFT-0 | INFO  | QbftBesuControllerBuilder | Imported #269 / 0 tx / 0 pending / 0 (0.0%) gas / (0x123dfb9834d95bc6be2f84313b6e8401fb489e93b963da9eb45ccbd915b1f00d)
2026-10-07 22:19:18.242+00:00 | BftProcessorExecutor-QBFT-0 | INFO  | QbftBesuControllerBuilder | Imported #270 / 0 tx / 0 pending / 0 (0.0%) gas / (0xda0e9b529b400c4a7cfd10bc9c361b896bdd7a6e6ca654d404bb357dcc811400)
2026-10-07 22:19:20.255+00:00 | BftProcessorExecutor-QBFT-0 | INFO  | QbftBesuControllerBuilder | Imported #271 / 0 tx / 0 pending / 0 (0.0%) gas / (0x68ea267c78a2d98cb5cb165a5c0c79550522d47bbe24e5dbc10b94079709a420)
2026-10-07 22:19:22.262+00:00 | EthScheduler-Workers-0 | INFO  | PersistBlockTask | Block 272 (0xcab89de63976bad6d2599513007241ab6dc45296a9ce4301fa8ed2bf355f57ab) is already imported
2026-10-07 22:19:22.263+00:00 | BftProcessorExecutor-QBFT-0 | INFO  | QbftBesuControllerBuilder | Imported #272 / 0 tx / 0 pending / 0 (0.0%) gas / (0xcab89de63976bad6d2599513007241ab6dc45296a9ce4301fa8ed2bf355f57ab)
2026-10-07 22:19:24.259+00:00 | EthScheduler-Workers-0 | INFO  | PersistBlockTask | Block 273 (0x2f1d7110ce0e79d05bedb6da2d906d1644a495d73bd665973d05218a2a0a0fbf) is already imported
2026-10-07 22:19:24.260+00:00 | BftProcessorExecutor-QBFT-0 | INFO  | QbftBesuControllerBuilder | Imported #273 / 0 tx / 0 pending / 0 (0.0%) gas / (0x2f1d7110ce0e79d05bedb6da2d906d1644a495d73bd665973d05218a2a0a0fbf)
2026-10-07 22:19:26.267+00:00 | BftProcessorExecutor-QBFT-0 | INFO  | QbftBesuControllerBuilder | Imported #274 / 0 tx / 0 pending / 0 (0.0%) gas / (0x532806be4d12a579c6ddc9ab7860b644500e422bbd2bb9cc2fa82e61ea64f87a)
2026-10-07 22:19:26.267+00:00 | EthScheduler-Workers-0 | INFO  | PersistBlockTask | Block 274 (0x532806be4d12a579c6ddc9ab7860b644500e422bbd2bb9cc2fa82e61ea64f87a) is already imported
2026-10-07 22:19:28.252+00:00 | BftProcessorExecutor-QBFT-0 | INFO  | QbftBesuControllerBuilder | Imported #275 / 0 tx / 0 pending / 0 (0.0%) gas / (0xf9db344fdaab399beaa1eb46f535c7ae31e91c321e6d9e7d90b58e92cc3ad776)
2026-10-07 22:19:28.254+00:00 | EthScheduler-Workers-0 | INFO  | PersistBlockTask | Block 275 (0xf9db344fdaab399beaa1eb46f535c7ae31e91c321e6d9e7d90b58e92cc3ad776) is already imported
2026-10-07 22:19:30.319+00:00 | BftProcessorExecutor-QBFT-0 | INFO  | QbftBesuControllerBuilder | Imported #276 / 0 tx / 0 pending / 0 (0.0%) gas / (0xcfacac77b5cdd354b1d600f28b55b01653a1bb07abc8ba67a65cd90b3c8d6b0a)
2026-10-07 22:19:32.322+00:00 | BftProcessorExecutor-QBFT-0 | INFO  | QbftBesuControllerBuilder | Imported #277 / 0 tx / 0 pending / 0 (0.0%) gas / (0x224ea0c9787399baaa48560f5740578bfd450e5a24a989db2a9ec95bb8fb376c)
2026-10-07 22:19:34.327+00:00 | BftProcessorExecutor-QBFT-0 | INFO  | QbftBesuControllerBuilder | Imported #278 / 0 tx / 0 pending / 0 (0.0%) gas / (0x41e1f0ecdc7f303653c8f2bcb246bdba3fd16083f5aa5b02d903da2155d319c8)
2026-10-07 22:19:36.311+00:00 | BftProcessorExecutor-QBFT-0 | INFO  | QbftBesuControllerBuilder | Imported #279 / 0 tx / 0 pending / 0 (0.0%) gas / (0xb04d4a38a99ba3f731bb9af05600f13256067fa45b2d8ae372584dfa09493170)
2026-10-07 22:19:38.431+00:00 | BftProcessorExecutor-QBFT-0 | INFO  | QbftBesuControllerBuilder | Produced #280 / 21 tx / 343 pending / 3,226,370 (0.0%) gas / (0x26707358fd99419d0f3cedd2474385dd246516df82f79dfc1df62066bd1520f0)
2026-10-07 22:19:40.561+00:00 | EthScheduler-Workers-0 | INFO  | PersistBlockTask | Block 281 (0x6986aaf20417cec97721f306f2f7321bde742732441b81a4703c99037c112624) is already imported
2026-10-07 22:19:40.562+00:00 | BftProcessorExecutor-QBFT-0 | INFO  | QbftBesuControllerBuilder | Imported #281 / 63 tx / 836 pending / 9,679,026 (0.0%) gas / (0x6986aaf20417cec97721f306f2f7321bde742732441b81a4703c99037c112624)
2026-10-07 22:19:43.563+00:00 | BftProcessorExecutor-QBFT-0 | INFO  | QbftBesuControllerBuilder | Imported #282 / 68 tx / 867 pending / 10,447,136 (0.0%) gas / (0xc8f5d74b7f94571117fe3c2959b2b7bb9684af22f275867c985869d929b2bee9)
2026-10-07 22:19:45.174+00:00 | EthScheduler-Workers-0 | INFO  | PersistBlockTask | Block 283 (0x679a874c3dffdae9c994d7b94891bb3aad0ecdf959b7b287f152048254e818cd) is already imported
2026-10-07 22:19:45.175+00:00 | BftProcessorExecutor-QBFT-0 | INFO  | QbftBesuControllerBuilder | Imported #283 / 68 tx / 804 pending / 10,447,052 (0.0%) gas / (0x679a874c3dffdae9c994d7b94891bb3aad0ecdf959b7b287f152048254e818cd)
2026-10-07 22:19:48.021+00:00 | EthScheduler-Workers-0 | INFO  | PersistBlockTask | Block 284 (0x59f48469b628a9fff7e874c13ad28df12ac0170e3a5d848eb29c5920254f410d) is already imported
2026-10-07 22:19:48.021+00:00 | BftProcessorExecutor-QBFT-0 | INFO  | QbftBesuControllerBuilder | Imported #284 / 68 tx / 736 pending / 10,447,320 (0.0%) gas / (0x59f48469b628a9fff7e874c13ad28df12ac0170e3a5d848eb29c5920254f410d)
2026-10-07 22:19:48.497+00:00 | EthScheduler-Workers-0 | INFO  | PersistBlockTask | Block 285 (0x5b62195228a51474efe281a7967091d2bf30cd2c3117e07e4992fc09a9ba98ea) is already imported
2026-10-07 22:19:48.498+00:00 | BftProcessorExecutor-QBFT-0 | INFO  | QbftBesuControllerBuilder | Imported #285 / 69 tx / 667 pending / 10,600,766 (0.0%) gas / (0x5b62195228a51474efe281a7967091d2bf30cd2c3117e07e4992fc09a9ba98ea)
2026-10-07 22:19:50.647+00:00 | BftProcessorExecutor-QBFT-0 | INFO  | QbftBesuControllerBuilder | Imported #286 / 69 tx / 598 pending / 10,600,854 (0.0%) gas / (0xd5ba847a80bbfda1f142bdfb16ae6970da30d1b572588382c53854a82559e810)
2026-10-07 22:19:52.783+00:00 | EthScheduler-Workers-0 | INFO  | PersistBlockTask | Block 287 (0x03b40d876d95ff256b009d70376d186db675afa41349e0ab1d2953b1ef81ab98) is already imported
2026-10-07 22:19:52.785+00:00 | BftProcessorExecutor-QBFT-0 | INFO  | QbftBesuControllerBuilder | Imported #287 / 69 tx / 529 pending / 10,600,726 (0.0%) gas / (0x03b40d876d95ff256b009d70376d186db675afa41349e0ab1d2953b1ef81ab98)
2026-10-07 22:19:54.706+00:00 | EthScheduler-Workers-0 | INFO  | PersistBlockTask | Block 288 (0x4adbdf762c6a23c40158b57c2070ef0a092b9ce51d5f495b547329b2f68b7a01) is already imported
2026-10-07 22:19:54.707+00:00 | BftProcessorExecutor-QBFT-0 | INFO  | QbftBesuControllerBuilder | Imported #288 / 69 tx / 460 pending / 10,600,886 (0.0%) gas / (0x4adbdf762c6a23c40158b57c2070ef0a092b9ce51d5f495b547329b2f68b7a01)
2026-10-07 22:19:56.754+00:00 | BftProcessorExecutor-QBFT-0 | INFO  | QbftBesuControllerBuilder | Imported #289 / 68 tx / 392 pending / 10,447,156 (0.0%) gas / (0x673c5f3c51baecde97be54ff092973aadf88f451a9bcce80f1985b77cec92441)
2026-10-07 22:19:56.754+00:00 | EthScheduler-Workers-0 | INFO  | PersistBlockTask | Block 289 (0x673c5f3c51baecde97be54ff092973aadf88f451a9bcce80f1985b77cec92441) is already imported
2026-10-07 22:19:58.700+00:00 | BftProcessorExecutor-QBFT-0 | INFO  | QbftBesuControllerBuilder | Imported #290 / 68 tx / 324 pending / 10,446,880 (0.0%) gas / (0x7123d2233b758026906e6dafb9ccaaeffc4a1e087463f5d153ae9350f4980664)
2026-10-07 22:19:58.700+00:00 | EthScheduler-Workers-0 | INFO  | PersistBlockTask | Block 290 (0x7123d2233b758026906e6dafb9ccaaeffc4a1e087463f5d153ae9350f4980664) is already imported
2026-10-07 22:20:00.917+00:00 | EthScheduler-Workers-0 | INFO  | PersistBlockTask | Block 291 (0xc3abe85f419d5b60c3986b0a76a8f95f565606f99e248e5435f4a89fec6cc75d) is already imported
2026-10-07 22:20:00.917+00:00 | BftProcessorExecutor-QBFT-0 | INFO  | QbftBesuControllerBuilder | Imported #291 / 68 tx / 256 pending / 10,447,080 (0.0%) gas / (0xc3abe85f419d5b60c3986b0a76a8f95f565606f99e248e5435f4a89fec6cc75d)
2026-10-07 22:20:02.876+00:00 | EthScheduler-Workers-0 | INFO  | PersistBlockTask | Block 292 (0x09406068219db8972f3fd41e79aa7c24c3c5b0c5ed773950c8980f204ff203bc) is already imported
2026-10-07 22:20:02.877+00:00 | BftProcessorExecutor-QBFT-0 | INFO  | QbftBesuControllerBuilder | Imported #292 / 68 tx / 188 pending / 10,446,924 (0.0%) gas / (0x09406068219db8972f3fd41e79aa7c24c3c5b0c5ed773950c8980f204ff203bc)
2026-10-07 22:20:04.912+00:00 | BftProcessorExecutor-QBFT-0 | INFO  | QbftBesuControllerBuilder | Imported #293 / 68 tx / 120 pending / 10,447,272 (0.0%) gas / (0x43e8a95865fcb3c210c8245619a1151a31decab0d1300c218b92650d2c0e3199)
2026-10-07 22:20:04.913+00:00 | EthScheduler-Workers-0 | INFO  | PersistBlockTask | Block 293 (0x43e8a95865fcb3c210c8245619a1151a31decab0d1300c218b92650d2c0e3199) is already imported
2026-10-07 22:20:06.975+00:00 | BftProcessorExecutor-QBFT-0 | INFO  | QbftBesuControllerBuilder | Imported #294 / 68 tx / 52 pending / 10,447,140 (0.0%) gas / (0x9df5b173d5acf975641cea20b66432897c40220638179c64c8363d26b0c9dbb0)
2026-10-07 22:20:06.975+00:00 | EthScheduler-Workers-0 | INFO  | PersistBlockTask | Block 294 (0x9df5b173d5acf975641cea20b66432897c40220638179c64c8363d26b0c9dbb0) is already imported
2026-10-07 22:20:08.590+00:00 | EthScheduler-Workers-0 | INFO  | PersistBlockTask | Block 295 (0x31ffd93e31f038a2acd3c75992073e514af112b426ed6c50c609cdd1416c0f9e) is already imported
2026-10-07 22:20:08.590+00:00 | BftProcessorExecutor-QBFT-0 | INFO  | QbftBesuControllerBuilder | Produced #295 / 47 tx / 5 pending / 7,220,798 (0.0%) gas / (0x31ffd93e31f038a2acd3c75992073e514af112b426ed6c50c609cdd1416c0f9e)
2026-10-07 22:20:10.372+00:00 | BftProcessorExecutor-QBFT-0 | INFO  | QbftBesuControllerBuilder | Imported #296 / 5 tx / 0 pending / 768,146 (0.0%) gas / (0x5af1069cafee02e8baa11aa799baf559a0a8c966385e2cb67e8af834da0ec04a)
2026-10-07 22:20:10.372+00:00 | EthScheduler-Workers-0 | INFO  | PersistBlockTask | Block 296 (0x5af1069cafee02e8baa11aa799baf559a0a8c966385e2cb67e8af834da0ec04a) is already imported
2026-10-07 22:20:12.496+00:00 | BftProcessorExecutor-QBFT-0 | INFO  | QbftBesuControllerBuilder | Imported #297 / 0 tx / 0 pending / 0 (0.0%) gas / (0x4a3887224e2d74aeaae60ffa7406499f8a60b9860848676a321572e907c4a370)
2026-10-07 22:20:14.492+00:00 | BftProcessorExecutor-QBFT-0 | INFO  | QbftBesuControllerBuilder | Imported #298 / 0 tx / 0 pending / 0 (0.0%) gas / (0x7da8240f14704170493b01b07c93d20a35f63e2391fd2fb2ca3a06a08e2361cf)
2026-10-07 22:20:16.473+00:00 | BftProcessorExecutor-QBFT-0 | INFO  | QbftBesuControllerBuilder | Imported #299 / 0 tx / 0 pending / 0 (0.0%) gas / (0x5454ac62b094141acf39b19402340b5646e5c3d12c199bb26e914a0ada274869)
2026-10-07 22:20:16.474+00:00 | EthScheduler-Workers-0 | INFO  | PersistBlockTask | Block 299 (0x5454ac62b094141acf39b19402340b5646e5c3d12c199bb26e914a0ada274869) is already imported
2026-10-07 22:20:18.247+00:00 | BftProcessorExecutor-QBFT-0 | INFO  | QbftBesuControllerBuilder | Imported #300 / 0 tx / 0 pending / 0 (0.0%) gas / (0x99a5ba032d01d7d8dce74145526167f2c2365caf8786943b1331f79f6d191031)
2026-10-07 22:20:20.243+00:00 | BftProcessorExecutor-QBFT-0 | INFO  | QbftBesuControllerBuilder | Imported #301 / 0 tx / 0 pending / 0 (0.0%) gas / (0x35a403223ec05c268ec4022ee4dd5062a41892f95fa1c60f505abff057551d99)
2026-10-07 22:20:22.256+00:00 | BftProcessorExecutor-QBFT-0 | INFO  | QbftBesuControllerBuilder | Imported #302 / 0 tx / 0 pending / 0 (0.0%) gas / (0x79008f6996b62d89670e04584f7511a5f05bd349240b38354a719c917d0934b3)
2026-10-07 22:20:24.243+00:00 | BftProcessorExecutor-QBFT-0 | INFO  | QbftBesuControllerBuilder | Imported #303 / 0 tx / 0 pending / 0 (0.0%) gas / (0x238289318975e8dc7ce2dfdb7bb4398179f00456e03a3520f9e37e997b226285)
2026-10-07 22:20:26.236+00:00 | BftProcessorExecutor-QBFT-0 | INFO  | QbftBesuControllerBuilder | Imported #304 / 0 tx / 0 pending / 0 (0.0%) gas / (0xe96732f18ef2ea6c0d1e2cf5a9d6af09d6663811222ad57193bba8c084704cc6)
2026-10-07 22:20:28.253+00:00 | BftProcessorExecutor-QBFT-0 | INFO  | QbftBesuControllerBuilder | Imported #305 / 0 tx / 0 pending / 0 (0.0%) gas / (0x01937740997f4235a69ec5efc44d3059181b05881293d70fafcd19a877b0aacc)
2026-10-07 22:20:30.335+00:00 | BftProcessorExecutor-QBFT-0 | INFO  | QbftBesuControllerBuilder | Imported #306 / 0 tx / 0 pending / 0 (0.0%) gas / (0x6cecd49d8947b76bb8fdb92abe86059b91a57f884df11449a18d78c46ecdd85a)
2026-10-07 22:20:32.324+00:00 | BftProcessorExecutor-QBFT-0 | INFO  | QbftBesuControllerBuilder | Imported #307 / 0 tx / 0 pending / 0 (0.0%) gas / (0x2704438fdab2a3072e2b6de31c78547875f2d1b7011eb94efe204720068f6fe4)
2026-10-07 22:20:34.333+00:00 | BftProcessorExecutor-QBFT-0 | INFO  | QbftBesuControllerBuilder | Imported #308 / 0 tx / 0 pending / 0 (0.0%) gas / (0xbd9e44d6b44a7d1362f7824aba7fd77d2b89f4a286a80aebda285b819c348c09)
2026-10-07 22:20:34.338+00:00 | EthScheduler-Workers-0 | INFO  | PersistBlockTask | Block 308 (0xbd9e44d6b44a7d1362f7824aba7fd77d2b89f4a286a80aebda285b819c348c09) is already imported
2026-10-07 22:20:36.332+00:00 | BftProcessorExecutor-QBFT-0 | INFO  | QbftBesuControllerBuilder | Imported #309 / 0 tx / 0 pending / 0 (0.0%) gas / (0x8d720f31deec7de7b67465a3299104531adb492bd60792d15a67cccd8a800176)
2026-10-07 22:20:38.333+00:00 | BftProcessorExecutor-QBFT-0 | INFO  | QbftBesuControllerBuilder | Produced #310 / 0 tx / 0 pending / 0 (0.0%) gas / (0xd2ecc698a2c6086702a64de1626ea0e457ac8d0129e2be340b17110e94389f77)
2026-10-07 22:20:40.322+00:00 | BftProcessorExecutor-QBFT-0 | INFO  | QbftBesuControllerBuilder | Imported #311 / 0 tx / 0 pending / 0 (0.0%) gas / (0x1594b4f1700239e5da9b1d65e08583d5b949f8e63ca7eefc7c2eee4be25bea0d)
2026-10-07 22:20:42.431+00:00 | BftProcessorExecutor-QBFT-0 | INFO  | QbftBesuControllerBuilder | Imported #312 / 0 tx / 0 pending / 0 (0.0%) gas / (0x6fc402fc9a8bed1d7e4c58fcd3f26a517df63c29091ae33031074acdcbd12018)
2026-10-07 22:20:44.498+00:00 | BftProcessorExecutor-QBFT-0 | INFO  | QbftBesuControllerBuilder | Imported #313 / 0 tx / 0 pending / 0 (0.0%) gas / (0xf3eddbd5110177c69630e87418eeed7cec2699abe1d9e7996d1fd1338862b37a)
2026-10-07 22:20:46.485+00:00 | BftProcessorExecutor-QBFT-0 | INFO  | QbftBesuControllerBuilder | Imported #314 / 0 tx / 0 pending / 0 (0.0%) gas / (0x4c4a889050d19adac201dfd60aaef64e319f037c9cdac4eb9e3ad7bf79db2c03)
2026-10-07 22:20:48.244+00:00 | BftProcessorExecutor-QBFT-0 | INFO  | QbftBesuControllerBuilder | Imported #315 / 0 tx / 0 pending / 0 (0.0%) gas / (0xdb3252ec92b428e96faa8534fb6bd1448f26b8885b32510265293e90d925dbfb)
2026-10-07 22:20:50.250+00:00 | BftProcessorExecutor-QBFT-0 | INFO  | QbftBesuControllerBuilder | Imported #316 / 0 tx / 0 pending / 0 (0.0%) gas / (0x481078acd4313a8990d037c1169df791269532e7092564ccf357bc631f5285c8)
2026-10-07 22:20:52.254+00:00 | BftProcessorExecutor-QBFT-0 | INFO  | QbftBesuControllerBuilder | Imported #317 / 0 tx / 0 pending / 0 (0.0%) gas / (0x5172cdef5726878f5fe323af12b255fff939cb6f064d267b9a07a43406689ecf)
2026-10-07 22:20:54.240+00:00 | BftProcessorExecutor-QBFT-0 | INFO  | QbftBesuControllerBuilder | Imported #318 / 0 tx / 0 pending / 0 (0.0%) gas / (0x662d1b730eff2579424473abf8f93fe5e0bed44ff11cb4c6634c8bb810374ae5)
2026-10-07 22:20:56.295+00:00 | EthScheduler-Workers-0 | INFO  | PersistBlockTask | Block 319 (0x750f86abad7d3218b95d6a3f43726665fb5fada7268abe6d11d693c120dd7461) is already imported
2026-10-07 22:20:56.295+00:00 | BftProcessorExecutor-QBFT-0 | INFO  | QbftBesuControllerBuilder | Imported #319 / 1 tx / 60 pending / 241,970 (0.0%) gas / (0x750f86abad7d3218b95d6a3f43726665fb5fada7268abe6d11d693c120dd7461)
2026-10-07 22:20:58.952+00:00 | EthScheduler-Workers-0 | INFO  | PersistBlockTask | Block 320 (0x3fb469fadc935644ad099bba6878939803d3b428cf3a75c4cbf486571f4b06b7) is already imported
2026-10-07 22:20:58.953+00:00 | BftProcessorExecutor-QBFT-0 | INFO  | QbftBesuControllerBuilder | Imported #320 / 36 tx / 693 pending / 8,710,920 (0.0%) gas / (0x3fb469fadc935644ad099bba6878939803d3b428cf3a75c4cbf486571f4b06b7)
2026-10-07 22:21:01.523+00:00 | EthScheduler-Workers-0 | INFO  | PersistBlockTask | Block 321 (0x973e3c2047584f29208c778dd9013a23f5ebb7c3e025fc2f53536552ca99484d) is already imported
2026-10-07 22:21:01.524+00:00 | BftProcessorExecutor-QBFT-0 | INFO  | QbftBesuControllerBuilder | Imported #321 / 71 tx / 1331 pending / 17,179,870 (0.0%) gas / (0x973e3c2047584f29208c778dd9013a23f5ebb7c3e025fc2f53536552ca99484d)
2026-10-07 22:21:04.158+00:00 | EthScheduler-Workers-0 | INFO  | PersistBlockTask | Block 322 (0xb201a82b0de55a937831084cac2bb4df130f57caba9422de9a493af136e65ca5) is already imported
2026-10-07 22:21:04.160+00:00 | BftProcessorExecutor-QBFT-0 | INFO  | QbftBesuControllerBuilder | Imported #322 / 117 tx / 2086 pending / 28,310,490 (0.0%) gas / (0xb201a82b0de55a937831084cac2bb4df130f57caba9422de9a493af136e65ca5)
2026-10-07 22:21:06.885+00:00 | BftProcessorExecutor-QBFT-0 | INFO  | QbftBesuControllerBuilder | Imported #323 / 166 tx / 2805 pending / 40,167,020 (0.0%) gas / (0x5ef5f0cfd0fec7da655ccba5660692107eef3fee3d17e4b5c78233d28b4a6bb6)
2026-10-07 22:21:10.535+00:00 | EthScheduler-Workers-0 | INFO  | PersistBlockTask | Block 324 (0x04a01455d51c3823d39f01fda4041006b5ab3077d2d305e96dca0ba43b94fbd7) is already imported
2026-10-07 22:21:10.540+00:00 | BftProcessorExecutor-QBFT-0 | INFO  | QbftBesuControllerBuilder | Imported #324 / 230 tx / 3771 pending / 55,653,100 (0.0%) gas / (0x04a01455d51c3823d39f01fda4041006b5ab3077d2d305e96dca0ba43b94fbd7)
2026-10-07 22:21:15.246+00:00 | EthScheduler-Workers-0 | INFO  | PersistBlockTask | Block 325 (0x99082c38be1848c3f31b673ed07de112f8998520853529e8f4b4f9b7fc38b498) is already imported
2026-10-07 22:21:15.250+00:00 | BftProcessorExecutor-QBFT-0 | INFO  | QbftBesuControllerBuilder | Produced #325 / 311 tx / 5008 pending / 75,252,670 (0.0%) gas / (0x99082c38be1848c3f31b673ed07de112f8998520853529e8f4b4f9b7fc38b498)
2026-10-07 22:21:20.216+00:00 | EthScheduler-Workers-0 | INFO  | PersistBlockTask | Block 326 (0x7b304fbd0cdae7798d3f43c53a8f09f32d109b3460ea90a1539440466f959d05) is already imported
2026-10-07 22:21:20.217+00:00 | BftProcessorExecutor-QBFT-0 | INFO  | QbftBesuControllerBuilder | Imported #326 / 327 tx / 7009 pending / 79,124,190 (0.0%) gas / (0x7b304fbd0cdae7798d3f43c53a8f09f32d109b3460ea90a1539440466f959d05)
2026-10-07 22:21:26.711+00:00 | BftProcessorExecutor-QBFT-0 | INFO  | QbftBesuControllerBuilder | Imported #327 / 329 tx / 6604 pending / 79,608,130 (0.0%) gas / (0x9289870159b094f7025bdfba742364fb08cf1f2b41bb3e80bd55946bb7e61579)
2026-10-07 22:21:32.433+00:00 | BftProcessorExecutor-QBFT-0 | INFO  | QbftBesuControllerBuilder | Imported #328 / 330 tx / 6274 pending / 79,850,100 (0.0%) gas / (0xa87fe7b7e7c91244b6e2b06887a21230b39ecbbd03bad572eab7bfeb4ab22d41)
2026-10-07 22:21:38.303+00:00 | BftProcessorExecutor-QBFT-0 | INFO  | QbftBesuControllerBuilder | Imported #329 / 344 tx / 5930 pending / 83,237,680 (0.0%) gas / (0x6f253fe536828248f18bb9835aab1ff43b68cd70eacc6c0b6b9bc7602567d999)
2026-10-07 22:21:43.267+00:00 | BftProcessorExecutor-QBFT-0 | INFO  | QbftBesuControllerBuilder | Imported #330 / 336 tx / 5594 pending / 81,301,920 (0.0%) gas / (0x2a187ad55a30a874da236b7ae86d682fa5f933f1ec8bfbfba09a7990c88e6358)
2026-10-07 22:21:48.345+00:00 | BftProcessorExecutor-QBFT-0 | INFO  | QbftBesuControllerBuilder | Imported #331 / 345 tx / 5249 pending / 83,479,650 (0.0%) gas / (0xabc8cad1fccbec1fcd9a7c2614afb53d130459d2b54c96efcfa9737d43c04fb1)
2026-10-07 22:21:53.343+00:00 | BftProcessorExecutor-QBFT-0 | INFO  | QbftBesuControllerBuilder | Imported #332 / 336 tx / 4913 pending / 81,301,920 (0.0%) gas / (0xd6a6e67209a0e2ed6e905f0e61d5c30b7aa029c00f201433b7dae3f48aed3dfd)
2026-10-07 22:21:58.079+00:00 | BftProcessorExecutor-QBFT-0 | INFO  | QbftBesuControllerBuilder | Imported #333 / 315 tx / 4598 pending / 76,220,550 (0.0%) gas / (0x8d8bb69969cf9513a19a0cf7dffb2b08e398960c701ef5d6ebd46972b49743f1)
2026-10-07 22:22:03.192+00:00 | BftProcessorExecutor-QBFT-0 | INFO  | QbftBesuControllerBuilder | Imported #334 / 341 tx / 4257 pending / 82,511,770 (0.0%) gas / (0x8273a8a2fd2f0137851711c8075016e78f6efce8e6032ec9363dd90a0e9b4cd2)
2026-10-07 22:22:08.120+00:00 | BftProcessorExecutor-QBFT-0 | INFO  | QbftBesuControllerBuilder | Imported #335 / 338 tx / 3919 pending / 81,785,860 (0.0%) gas / (0xa81f84a0745a31d1fbad864de5bac2d2dfb377892778cb1f77ea8765a7bf3b7d)
2026-10-07 22:22:13.322+00:00 | BftProcessorExecutor-QBFT-0 | INFO  | QbftBesuControllerBuilder | Imported #336 / 345 tx / 3574 pending / 83,479,650 (0.0%) gas / (0x459eac90a8aa3603e2cf20ccf4cddaf8f1491fb3ef25c6d0419769461d31fa0e)
2026-10-07 22:22:18.568+00:00 | BftProcessorExecutor-QBFT-0 | INFO  | QbftBesuControllerBuilder | Imported #337 / 342 tx / 3232 pending / 82,753,740 (0.0%) gas / (0x6e8f6ed11856cbf63630220a53ce46490b9b272eee71b28aaaf54daa03313aac)
2026-10-07 22:22:23.730+00:00 | BftProcessorExecutor-QBFT-0 | INFO  | QbftBesuControllerBuilder | Imported #338 / 327 tx / 2905 pending / 79,124,190 (0.0%) gas / (0xcd53095340232bc8c4b40798e85d57ac65c6578afc70b43a8ca907c9ab14e131)
2026-10-07 22:22:28.682+00:00 | BftProcessorExecutor-QBFT-0 | INFO  | QbftBesuControllerBuilder | Imported #339 / 315 tx / 2590 pending / 76,220,550 (0.0%) gas / (0xa93b94e45f6fbb700dd7aec5251e2068e3f587641b1f8639ba307683f7690dce)
2026-10-07 22:22:32.515+00:00 | BftProcessorExecutor-QBFT-0 | INFO  | QbftBesuControllerBuilder | Produced #340 / 234 tx / 2356 pending / 56,620,980 (0.0%) gas / (0xd0558b64d34bd112e4c8e3b062722349963e940c27a1f98bf2cfe5d742163b69)
2026-10-07 22:22:36.065+00:00 | BftProcessorExecutor-QBFT-0 | INFO  | QbftBesuControllerBuilder | Imported #341 / 218 tx / 2138 pending / 52,749,460 (0.0%) gas / (0x7c4cea2971278706570cea68297c03e1adb8fcdc1be4ca7cbceeeb950a9bbe7b)
2026-10-07 22:22:39.949+00:00 | BftProcessorExecutor-QBFT-0 | INFO  | QbftBesuControllerBuilder | Imported #342 / 215 tx / 1923 pending / 52,023,550 (0.0%) gas / (0x2a619b8bf5d65bf360f4e6018942286c21cf37e04fe304f0b913680099502c4d)
2026-10-07 22:22:44.318+00:00 | BftProcessorExecutor-QBFT-0 | INFO  | QbftBesuControllerBuilder | Imported #343 / 214 tx / 1709 pending / 51,781,580 (0.0%) gas / (0x0dfbb6ca228351e15c58b74cd28c7c278498e9f0c8623128c54e2368a991405a)
2026-10-07 22:22:47.764+00:00 | BftProcessorExecutor-QBFT-0 | INFO  | QbftBesuControllerBuilder | Imported #344 / 200 tx / 1509 pending / 48,394,000 (0.0%) gas / (0x493cd20007bb83cc517fdad1972a770da7569d648815e5892970601feaa16a10)
2026-10-07 22:22:51.263+00:00 | BftProcessorExecutor-QBFT-0 | INFO  | QbftBesuControllerBuilder | Imported #345 / 213 tx / 1296 pending / 51,539,610 (0.0%) gas / (0xb28c09bd22b96c25cca020dff166450259c0b871d5a42b79fda196ef58b73f62)
2026-10-07 22:22:54.406+00:00 | BftProcessorExecutor-QBFT-0 | INFO  | QbftBesuControllerBuilder | Imported #346 / 204 tx / 1092 pending / 49,361,880 (0.0%) gas / (0x05a0acc19baa4cb35b5411088c76950a27d2199d9e94372bb0fb8c04ae927bc7)
2026-10-07 22:22:57.746+00:00 | BftProcessorExecutor-QBFT-0 | INFO  | QbftBesuControllerBuilder | Imported #347 / 213 tx / 879 pending / 51,539,610 (0.0%) gas / (0x49f6d5694036efe19ddc69582fcc0a823657f2df84151018c5527e53c40d0097)
2026-10-07 22:23:01.280+00:00 | BftProcessorExecutor-QBFT-0 | INFO  | QbftBesuControllerBuilder | Imported #348 / 234 tx / 645 pending / 56,620,980 (0.0%) gas / (0x1c58dda7245bf37ba41eac0d979a96d12fcfdba2410045fbfaa17a083c7f2449)
2026-10-07 22:23:04.520+00:00 | BftProcessorExecutor-QBFT-0 | INFO  | QbftBesuControllerBuilder | Imported #349 / 207 tx / 438 pending / 50,087,790 (0.0%) gas / (0xc93125f68db02c64b5b69316984c0dfe1146c97225dcf40649c443bdbfc9de88)
2026-10-07 22:23:07.162+00:00 | BftProcessorExecutor-QBFT-0 | INFO  | QbftBesuControllerBuilder | Imported #350 / 171 tx / 267 pending / 41,376,870 (0.0%) gas / (0xfd58ea1659e7510b4a241dcba22cc68bad17b973597181927d7722781c010112)
2026-10-07 22:23:09.402+00:00 | EthScheduler-Workers-0 | INFO  | PersistBlockTask | Block 351 (0x65108fc86f97fb1b0603892b7485f1754c95d90141e182960d75404ad6d788cd) is already imported
2026-10-07 22:23:09.402+00:00 | BftProcessorExecutor-QBFT-0 | INFO  | QbftBesuControllerBuilder | Imported #351 / 129 tx / 138 pending / 31,214,130 (0.0%) gas / (0x65108fc86f97fb1b0603892b7485f1754c95d90141e182960d75404ad6d788cd)
2026-10-07 22:23:11.000+00:00 | EthScheduler-Workers-0 | INFO  | PersistBlockTask | Block 352 (0xe92114c8144075aeedb99e978d41ab045007f4cbb89d56254468b68197707c70) is already imported
2026-10-07 22:23:11.000+00:00 | BftProcessorExecutor-QBFT-0 | INFO  | QbftBesuControllerBuilder | Imported #352 / 86 tx / 52 pending / 20,809,420 (0.0%) gas / (0xe92114c8144075aeedb99e978d41ab045007f4cbb89d56254468b68197707c70)
2026-10-07 22:23:12.136+00:00 | EthScheduler-Workers-0 | INFO  | PersistBlockTask | Block 353 (0xac840e66b6755f26a2d03e5bb3fdad355a2067f59b2a2d43cdc442fa6b88d02d) is already imported
2026-10-07 22:23:12.136+00:00 | BftProcessorExecutor-QBFT-0 | INFO  | QbftBesuControllerBuilder | Imported #353 / 52 tx / 0 pending / 12,582,440 (0.0%) gas / (0xac840e66b6755f26a2d03e5bb3fdad355a2067f59b2a2d43cdc442fa6b88d02d)
2026-10-07 22:23:13.322+00:00 | BftProcessorExecutor-QBFT-0 | INFO  | QbftBesuControllerBuilder | Imported #354 / 0 tx / 0 pending / 0 (0.0%) gas / (0xdb80c0640b576448ee241806795d76ad354615be4322859ee9055e876459c9c4)
2026-10-07 22:23:15.319+00:00 | BftProcessorExecutor-QBFT-0 | INFO  | QbftBesuControllerBuilder | Produced #355 / 0 tx / 0 pending / 0 (0.0%) gas / (0x7f924e3d88f35c5295f9ce9a1dc37eb6e06e145cc1e5a900ff09932609d11818)
2026-10-07 22:23:17.340+00:00 | EthScheduler-Workers-0 | INFO  | PersistBlockTask | Block 356 (0xb9bcc8ea8b8fe482897dd8bb4145905ebe577120f18862a986189ef73126fb31) is already imported
2026-10-07 22:23:17.341+00:00 | BftProcessorExecutor-QBFT-0 | INFO  | QbftBesuControllerBuilder | Imported #356 / 0 tx / 0 pending / 0 (0.0%) gas / (0xb9bcc8ea8b8fe482897dd8bb4145905ebe577120f18862a986189ef73126fb31)
2026-10-07 22:23:19.527+00:00 | BftProcessorExecutor-QBFT-0 | INFO  | QbftBesuControllerBuilder | Imported #357 / 0 tx / 0 pending / 0 (0.0%) gas / (0x0d2dd6e1dfc7d2acf97df2c3fc42c062fc0928499a220669d86bc0a29338cbc5)
2026-10-07 22:23:21.515+00:00 | BftProcessorExecutor-QBFT-0 | INFO  | QbftBesuControllerBuilder | Imported #358 / 0 tx / 0 pending / 0 (0.0%) gas / (0xd3568becfdbcd55f0cd13f8217e6fad09accb192d58abe8d6920c27a9a475717)
2026-10-07 22:23:23.521+00:00 | BftProcessorExecutor-QBFT-0 | INFO  | QbftBesuControllerBuilder | Imported #359 / 0 tx / 0 pending / 0 (0.0%) gas / (0xf408831faac004aa0922ff1c9fcc933ac21ba908a07f041d2fc0478a4ad9ce3c)
2026-10-07 22:23:25.246+00:00 | BftProcessorExecutor-QBFT-0 | INFO  | QbftBesuControllerBuilder | Imported #360 / 0 tx / 0 pending / 0 (0.0%) gas / (0xe2b9a9bbe4bacd690ab55c860fc430309d35c472728fdf99bc2d7c7c103a52af)
2026-10-07 22:23:27.260+00:00 | EthScheduler-Workers-0 | INFO  | PersistBlockTask | Block 361 (0x0265df5930233717c7d3dd74581ad0554263717d08b082435c5c8eac2a53cc29) is already imported
2026-10-07 22:23:27.260+00:00 | BftProcessorExecutor-QBFT-0 | INFO  | QbftBesuControllerBuilder | Imported #361 / 0 tx / 0 pending / 0 (0.0%) gas / (0x0265df5930233717c7d3dd74581ad0554263717d08b082435c5c8eac2a53cc29)
2026-10-07 22:23:29.249+00:00 | EthScheduler-Workers-0 | INFO  | PersistBlockTask | Block 362 (0xf55c0d965e06a81deb9af62e7c6d927277c7f673b1db0f01cc491775a5b6997c) is already imported
2026-10-07 22:23:29.249+00:00 | BftProcessorExecutor-QBFT-0 | INFO  | QbftBesuControllerBuilder | Imported #362 / 0 tx / 0 pending / 0 (0.0%) gas / (0xf55c0d965e06a81deb9af62e7c6d927277c7f673b1db0f01cc491775a5b6997c)
2026-10-07 22:23:31.252+00:00 | BftProcessorExecutor-QBFT-0 | INFO  | QbftBesuControllerBuilder | Imported #363 / 0 tx / 0 pending / 0 (0.0%) gas / (0xc283b52acc433b290e3e130885937b470b665161d1f873711018ca20267af1cc)
2026-10-07 22:23:33.243+00:00 | BftProcessorExecutor-QBFT-0 | INFO  | QbftBesuControllerBuilder | Imported #364 / 0 tx / 0 pending / 0 (0.0%) gas / (0x53de7e0a3c38ec577850678f638ab4e4b89d7075b7902acb131a478532145ab7)
2026-10-07 22:23:35.243+00:00 | BftProcessorExecutor-QBFT-0 | INFO  | QbftBesuControllerBuilder | Imported #365 / 0 tx / 0 pending / 0 (0.0%) gas / (0x23ad21a2e364cc068c24ac952009492a413b0fa9fd04ffc8617a145aff7e9c67)
2026-10-07 22:23:37.323+00:00 | BftProcessorExecutor-QBFT-0 | INFO  | QbftBesuControllerBuilder | Imported #366 / 0 tx / 0 pending / 0 (0.0%) gas / (0x99f221c638ff877ef608784db5d52a69f36fa5ff42be3191b7626671e082596e)
2026-10-07 22:23:39.314+00:00 | BftProcessorExecutor-QBFT-0 | INFO  | QbftBesuControllerBuilder | Imported #367 / 0 tx / 0 pending / 0 (0.0%) gas / (0xd41c91d58e5123827dd96467fb1b15e9422c3a46ec220c6f1cecb9dd298b14bc)
2026-10-07 22:23:41.339+00:00 | BftProcessorExecutor-QBFT-0 | INFO  | QbftBesuControllerBuilder | Imported #368 / 0 tx / 0 pending / 0 (0.0%) gas / (0xd70f1112007dd78f42c8b4cd0bb6e9f7d9ace650813f23bf5ed6aa1f17eaa411)
2026-10-07 22:23:43.334+00:00 | BftProcessorExecutor-QBFT-0 | INFO  | QbftBesuControllerBuilder | Imported #369 / 0 tx / 0 pending / 0 (0.0%) gas / (0x4ecad8b9ca3032f6b737e2e1cefcceefbd7e21a4564c5dcf119b3f145df54197)
2026-10-07 22:23:45.330+00:00 | EthScheduler-Workers-0 | INFO  | PersistBlockTask | Block 370 (0x29dbe1c98e102325d6cbbd07aa649f1a4f1e66d01e7618f02d8f97bb6f62c063) is already imported
2026-10-07 22:23:45.331+00:00 | BftProcessorExecutor-QBFT-0 | INFO  | QbftBesuControllerBuilder | Produced #370 / 0 tx / 0 pending / 0 (0.0%) gas / (0x29dbe1c98e102325d6cbbd07aa649f1a4f1e66d01e7618f02d8f97bb6f62c063)
2026-10-07 22:23:47.333+00:00 | BftProcessorExecutor-QBFT-0 | INFO  | QbftBesuControllerBuilder | Imported #371 / 0 tx / 0 pending / 0 (0.0%) gas / (0x57e005427e8a064635a226b1cbde869c8470754df45e27e3e8a26cfa7b6989d6)
2026-10-07 22:23:49.502+00:00 | BftProcessorExecutor-QBFT-0 | INFO  | QbftBesuControllerBuilder | Imported #372 / 0 tx / 0 pending / 0 (0.0%) gas / (0x1f7b18b040b9916cff2cf06be39b7fd1fc1d9bd79e5843068f6ea313c6edc3bb)
2026-10-07 22:23:51.448+00:00 | BftProcessorExecutor-QBFT-0 | INFO  | QbftBesuControllerBuilder | Imported #373 / 0 tx / 0 pending / 0 (0.0%) gas / (0x150b3140b52a0fc44dd6938b6ff5dc0689f01258022a9765d85bc8e24c668658)
2026-10-07 22:23:53.463+00:00 | BftProcessorExecutor-QBFT-0 | INFO  | QbftBesuControllerBuilder | Imported #374 / 0 tx / 0 pending / 0 (0.0%) gas / (0xc5197ff35c59b790f2e5c31b1189472ab06d0e66bb4812777f76bf6f12509585)
2026-10-07 22:23:55.249+00:00 | BftProcessorExecutor-QBFT-0 | INFO  | QbftBesuControllerBuilder | Imported #375 / 0 tx / 0 pending / 0 (0.0%) gas / (0x6587c56e6f75a2757151945244b907b43d6f6e4e4a25368432b09a5d6ccf855c)
2026-10-07 22:23:57.247+00:00 | EthScheduler-Workers-0 | INFO  | PersistBlockTask | Block 376 (0x4f39495d8276875b932473eaea5c89239d8414d983b8ea8f0f760acf450173dc) is already imported
2026-10-07 22:23:57.247+00:00 | BftProcessorExecutor-QBFT-0 | INFO  | QbftBesuControllerBuilder | Imported #376 / 0 tx / 0 pending / 0 (0.0%) gas / (0x4f39495d8276875b932473eaea5c89239d8414d983b8ea8f0f760acf450173dc)
2026-10-07 22:23:59.240+00:00 | BftProcessorExecutor-QBFT-0 | INFO  | QbftBesuControllerBuilder | Imported #377 / 0 tx / 0 pending / 0 (0.0%) gas / (0x3fa4d8e3a6bd6149fb06c87bfabdfe699b741579abe570ee21f236013a027d8a)
2026-10-07 22:24:01.281+00:00 | BftProcessorExecutor-QBFT-0 | INFO  | QbftBesuControllerBuilder | Imported #378 / 0 tx / 0 pending / 0 (0.0%) gas / (0x14b694a2c52d8861b16d33c6a0483e761678cc474c2b37c266659e5a13493a2b)
2026-10-07 22:24:03.256+00:00 | EthScheduler-Workers-0 | INFO  | PersistBlockTask | Block 379 (0x7158ff19d3154ec149cd0eca802d401ab84fca6ba1d03c4a88d2b01efba8f627) is already imported
2026-10-07 22:24:03.257+00:00 | BftProcessorExecutor-QBFT-0 | INFO  | QbftBesuControllerBuilder | Imported #379 / 0 tx / 0 pending / 0 (0.0%) gas / (0x7158ff19d3154ec149cd0eca802d401ab84fca6ba1d03c4a88d2b01efba8f627)
2026-10-07 22:24:05.259+00:00 | BftProcessorExecutor-QBFT-0 | INFO  | QbftBesuControllerBuilder | Imported #380 / 0 tx / 0 pending / 0 (0.0%) gas / (0x20192fec9ea2049d2f4eac5e0d53301d8fe755fdd2da34a1ce2313acc21556c6)
2026-10-07 22:24:07.335+00:00 | BftProcessorExecutor-QBFT-0 | INFO  | QbftBesuControllerBuilder | Imported #381 / 0 tx / 0 pending / 0 (0.0%) gas / (0x538e3d4e9b9ec1c45d9d4b93144409aed1f2b47a5133cf56c75eb8c1040e3141)
2026-10-07 22:24:09.342+00:00 | BftProcessorExecutor-QBFT-0 | INFO  | QbftBesuControllerBuilder | Imported #382 / 0 tx / 0 pending / 0 (0.0%) gas / (0xa9af43442aaf6627f1c38857c89677b5c7ddb38a32830da5b212eaab07265aab)
2026-10-07 22:24:11.324+00:00 | BftProcessorExecutor-QBFT-0 | INFO  | QbftBesuControllerBuilder | Imported #383 / 0 tx / 0 pending / 0 (0.0%) gas / (0xa69e12eddb91a3479f0582b5e5e1338b5c16bfb6d3f765f74ccebc3f29f48133)
2026-10-07 22:24:13.337+00:00 | BftProcessorExecutor-QBFT-0 | INFO  | QbftBesuControllerBuilder | Imported #384 / 0 tx / 0 pending / 0 (0.0%) gas / (0xb92d430d8870d83096ff006ac3fae97344683bd59341c862ec273ff33c2f10d6)
2026-10-07 22:24:15.335+00:00 | BftProcessorExecutor-QBFT-0 | INFO  | QbftBesuControllerBuilder | Produced #385 / 0 tx / 0 pending / 0 (0.0%) gas / (0x3e338aefe003802666096c4442e630fb458d4c92a5a660971d4fb8bb3f4e365f)
2026-10-07 22:24:15.337+00:00 | EthScheduler-Workers-0 | INFO  | PersistBlockTask | Block 385 (0x3e338aefe003802666096c4442e630fb458d4c92a5a660971d4fb8bb3f4e365f) is already imported
2026-10-07 22:24:17.325+00:00 | BftProcessorExecutor-QBFT-0 | INFO  | QbftBesuControllerBuilder | Imported #386 / 0 tx / 0 pending / 0 (0.0%) gas / (0xb9745350e75950104e8ff715606363f6b71aee1caa275571070e1ee79673604c)
2026-10-07 22:24:19.508+00:00 | BftProcessorExecutor-QBFT-0 | INFO  | QbftBesuControllerBuilder | Imported #387 / 0 tx / 0 pending / 0 (0.0%) gas / (0x52ea6fcdddf545fc0cd554de4363f2b2a1a59548ceedeb07e90d88cf873664b7)
2026-10-07 22:24:21.466+00:00 | BftProcessorExecutor-QBFT-0 | INFO  | QbftBesuControllerBuilder | Imported #388 / 0 tx / 0 pending / 0 (0.0%) gas / (0xdd8305c49ff0bd444ff26f9b311d82b753973c9cf49a92440c645129ab49d700)
2026-10-07 22:24:23.459+00:00 | BftProcessorExecutor-QBFT-0 | INFO  | QbftBesuControllerBuilder | Imported #389 / 0 tx / 0 pending / 0 (0.0%) gas / (0xc42487b82fa2642f024429a7f1d77c04479b7814703e5ef97200000e8f5e8589)
2026-10-07 22:24:25.251+00:00 | BftProcessorExecutor-QBFT-0 | INFO  | QbftBesuControllerBuilder | Imported #390 / 0 tx / 0 pending / 0 (0.0%) gas / (0xdbb265b66994abb58655fe5177da45fdb8d5ab68285be0accb1956dfc5e00781)
2026-10-07 22:24:27.248+00:00 | BftProcessorExecutor-QBFT-0 | INFO  | QbftBesuControllerBuilder | Imported #391 / 0 tx / 0 pending / 0 (0.0%) gas / (0x7f64fd9db0cfefb2ed0da57054f5718d9be6c6deedcd83ac0af8cd2d15c5fa3e)
2026-10-07 22:24:29.253+00:00 | BftProcessorExecutor-QBFT-0 | INFO  | QbftBesuControllerBuilder | Imported #392 / 0 tx / 0 pending / 0 (0.0%) gas / (0x5bbf4b8984b007535eda0101f42e8c73d40e2c1ba8de173e66b4ebfb99ace210)
2026-10-07 22:24:31.255+00:00 | EthScheduler-Workers-0 | INFO  | PersistBlockTask | Block 393 (0xe08c68ead5d7f1df3776bccfe2bebdad46c7469f918b63099301a8ab6bc93939) is already imported
2026-10-07 22:24:31.255+00:00 | BftProcessorExecutor-QBFT-0 | INFO  | QbftBesuControllerBuilder | Imported #393 / 0 tx / 0 pending / 0 (0.0%) gas / (0xe08c68ead5d7f1df3776bccfe2bebdad46c7469f918b63099301a8ab6bc93939)
2026-10-07 22:24:33.244+00:00 | BftProcessorExecutor-QBFT-0 | INFO  | QbftBesuControllerBuilder | Imported #394 / 0 tx / 0 pending / 0 (0.0%) gas / (0xce9c4223a554ae4130eaffe55c833f0f190ef602943b55c0e2a4229d9c290432)
2026-10-07 22:24:35.262+00:00 | EthScheduler-Workers-0 | INFO  | PersistBlockTask | Block 395 (0xfddf280cd2b5c269e78c1e5850599958b6009ba9b5a05e97bf2b151ba3d1d6ff) is already imported
2026-10-07 22:24:35.262+00:00 | BftProcessorExecutor-QBFT-0 | INFO  | QbftBesuControllerBuilder | Imported #395 / 0 tx / 0 pending / 0 (0.0%) gas / (0xfddf280cd2b5c269e78c1e5850599958b6009ba9b5a05e97bf2b151ba3d1d6ff)
2026-10-07 22:24:37.330+00:00 | BftProcessorExecutor-QBFT-0 | INFO  | QbftBesuControllerBuilder | Imported #396 / 0 tx / 0 pending / 0 (0.0%) gas / (0x7613abb893d611d4bd9acec0e60755167e746169af351be214b4f25705a2e199)
2026-10-07 22:24:39.319+00:00 | BftProcessorExecutor-QBFT-0 | INFO  | QbftBesuControllerBuilder | Imported #397 / 0 tx / 0 pending / 0 (0.0%) gas / (0x3fee81747054eb873100822e7b27b17fd38a682406da13f229771e8ec91aa0cb)
2026-10-07 22:24:41.331+00:00 | BftProcessorExecutor-QBFT-0 | INFO  | QbftBesuControllerBuilder | Imported #398 / 0 tx / 0 pending / 0 (0.0%) gas / (0x70368ad7bbbffc84544046d4962692eb61eb3f266f0a04c5151f5883a94d1f2f)
2026-10-07 22:24:43.337+00:00 | BftProcessorExecutor-QBFT-0 | INFO  | QbftBesuControllerBuilder | Imported #399 / 0 tx / 0 pending / 0 (0.0%) gas / (0x589e210bd75b65b3405abb31b139d1f73819a07b9a78fb02e682d1c515393580)
2026-10-07 22:24:45.332+00:00 | BftProcessorExecutor-QBFT-0 | INFO  | QbftBesuControllerBuilder | Produced #400 / 0 tx / 0 pending / 0 (0.0%) gas / (0x975b267a91a24c6264b5a9b317346d2123f480d1fd6eaa5243d09aeb7fe02cdf)
2026-10-07 22:24:47.318+00:00 | BftProcessorExecutor-QBFT-0 | INFO  | QbftBesuControllerBuilder | Imported #401 / 0 tx / 0 pending / 0 (0.0%) gas / (0x4fda737a1faf8321d4142c28d77f6942cee9f8f7af9db101503f3b8839638d1b)
2026-10-07 22:24:49.499+00:00 | BftProcessorExecutor-QBFT-0 | INFO  | QbftBesuControllerBuilder | Imported #402 / 0 tx / 0 pending / 0 (0.0%) gas / (0xa67cc43cea88720940a0b79eb64791bafb982be43ee8fde8fe3069ae2301e6e5)
2026-10-07 22:24:51.533+00:00 | EthScheduler-Workers-0 | INFO  | PersistBlockTask | Block 403 (0xd7cb728d777a9759776151464d01796409bc5ff157f493409ee72c09e40d236a) is already imported
2026-10-07 22:24:51.534+00:00 | BftProcessorExecutor-QBFT-0 | INFO  | QbftBesuControllerBuilder | Imported #403 / 0 tx / 0 pending / 0 (0.0%) gas / (0xd7cb728d777a9759776151464d01796409bc5ff157f493409ee72c09e40d236a)
2026-10-07 22:24:53.493+00:00 | BftProcessorExecutor-QBFT-0 | INFO  | QbftBesuControllerBuilder | Imported #404 / 0 tx / 0 pending / 0 (0.0%) gas / (0xc272c5a07a52f1cdbdf008572e9b16f68fb20619c0550ff9171d49ed857d2f04)
2026-10-07 22:24:55.256+00:00 | EthScheduler-Workers-0 | INFO  | PersistBlockTask | Block 405 (0xaa948cff4f5bb6f0fcde2167403ccf8e2ac0f9a31f44797542c7a369069aee8c) is already imported
2026-10-07 22:24:55.257+00:00 | BftProcessorExecutor-QBFT-0 | INFO  | QbftBesuControllerBuilder | Imported #405 / 0 tx / 0 pending / 0 (0.0%) gas / (0xaa948cff4f5bb6f0fcde2167403ccf8e2ac0f9a31f44797542c7a369069aee8c)
2026-10-07 22:24:57.242+00:00 | BftProcessorExecutor-QBFT-0 | INFO  | QbftBesuControllerBuilder | Imported #406 / 0 tx / 0 pending / 0 (0.0%) gas / (0x3162275071d8c903d8f12c18ce052d1292fbd0612077d4caec441434ec26bf5c)
2026-10-07 22:24:59.237+00:00 | BftProcessorExecutor-QBFT-0 | INFO  | QbftBesuControllerBuilder | Imported #407 / 0 tx / 0 pending / 0 (0.0%) gas / (0x14827b17f833283b1da15fb94189ca91fee50535bcbaac0f494d3302406b6990)
2026-10-07 22:25:01.280+00:00 | EthScheduler-Workers-0 | INFO  | PersistBlockTask | Block 408 (0x52a10be08e834bcca75c1e33d4ace423f0382698866bfb534482e49e16025738) is already imported
2026-10-07 22:25:01.281+00:00 | BftProcessorExecutor-QBFT-0 | INFO  | QbftBesuControllerBuilder | Imported #408 / 2 tx / 80 pending / 307,244 (0.0%) gas / (0x52a10be08e834bcca75c1e33d4ace423f0382698866bfb534482e49e16025738)
2026-10-07 22:25:03.448+00:00 | EthScheduler-Workers-0 | INFO  | PersistBlockTask | Block 409 (0x39060c05bb2355aa919c9fdd79db305ee86c89b8cc9aed693604428476077f8e) is already imported
2026-10-07 22:25:03.449+00:00 | BftProcessorExecutor-QBFT-0 | INFO  | QbftBesuControllerBuilder | Imported #409 / 33 tx / 528 pending / 5,069,818 (0.0%) gas / (0x39060c05bb2355aa919c9fdd79db305ee86c89b8cc9aed693604428476077f8e)
2026-10-07 22:25:05.500+00:00 | EthScheduler-Workers-0 | INFO  | PersistBlockTask | Block 410 (0x02a6f85d8e5fb97ed503d8ee5a4873ac7e98ab8f5af48f5cc4d61296ca7dd9e9) is already imported
2026-10-07 22:25:05.500+00:00 | BftProcessorExecutor-QBFT-0 | INFO  | QbftBesuControllerBuilder | Imported #410 / 68 tx / 842 pending / 10,446,984 (0.0%) gas / (0x02a6f85d8e5fb97ed503d8ee5a4873ac7e98ab8f5af48f5cc4d61296ca7dd9e9)
2026-10-07 22:25:07.680+00:00 | BftProcessorExecutor-QBFT-0 | INFO  | QbftBesuControllerBuilder | Imported #411 / 68 tx / 835 pending / 10,447,304 (0.0%) gas / (0x706893db325a1a9ef69c7c5d11db0c8ba87b0c3f87ad6c302f6920e63d85f56e)
2026-10-07 22:25:09.616+00:00 | EthScheduler-Workers-0 | INFO  | PersistBlockTask | Block 412 (0x16c19c8cd22e3ff52dfaf4f1aa43e950264f45a6b0a9225d9c8aacfdbf7b28bd) is already imported
2026-10-07 22:25:09.617+00:00 | BftProcessorExecutor-QBFT-0 | INFO  | QbftBesuControllerBuilder | Imported #412 / 68 tx / 784 pending / 10,447,180 (0.0%) gas / (0x16c19c8cd22e3ff52dfaf4f1aa43e950264f45a6b0a9225d9c8aacfdbf7b28bd)
2026-10-07 22:25:11.758+00:00 | EthScheduler-Workers-0 | INFO  | PersistBlockTask | Block 413 (0x7a8b08631220e91bf3516b6889a4d744dbf939d299552540c6380ca06fb5eb31) is already imported
2026-10-07 22:25:11.758+00:00 | BftProcessorExecutor-QBFT-0 | INFO  | QbftBesuControllerBuilder | Imported #413 / 68 tx / 717 pending / 10,446,980 (0.0%) gas / (0x7a8b08631220e91bf3516b6889a4d744dbf939d299552540c6380ca06fb5eb31)
2026-10-07 22:25:13.846+00:00 | EthScheduler-Workers-0 | INFO  | PersistBlockTask | Block 414 (0x5c98477e3d408b79d582130c0f66827b8c6b1279f00817448770a85d1e7b0e07) is already imported
2026-10-07 22:25:13.847+00:00 | BftProcessorExecutor-QBFT-0 | INFO  | QbftBesuControllerBuilder | Imported #414 / 68 tx / 649 pending / 10,447,180 (0.0%) gas / (0x5c98477e3d408b79d582130c0f66827b8c6b1279f00817448770a85d1e7b0e07)
2026-10-07 22:25:15.819+00:00 | EthScheduler-Workers-0 | INFO  | PersistBlockTask | Block 415 (0xaa6267e4126b95fcedeb8f6d5c1eac61b382fb62c5f6e04ea4af5be6df4dd64e) is already imported
2026-10-07 22:25:15.820+00:00 | BftProcessorExecutor-QBFT-0 | INFO  | QbftBesuControllerBuilder | Produced #415 / 68 tx / 581 pending / 10,447,216 (0.0%) gas / (0xaa6267e4126b95fcedeb8f6d5c1eac61b382fb62c5f6e04ea4af5be6df4dd64e)
2026-10-07 22:25:17.741+00:00 | BftProcessorExecutor-QBFT-0 | INFO  | QbftBesuControllerBuilder | Imported #416 / 68 tx / 513 pending / 10,447,080 (0.0%) gas / (0xe659189cb8003b27f00a03bd193676f1714542477892c653a11ae45a81410a26)
2026-10-07 22:25:20.090+00:00 | BftProcessorExecutor-QBFT-0 | INFO  | QbftBesuControllerBuilder | Imported #417 / 68 tx / 445 pending / 10,447,000 (0.0%) gas / (0xab422b28b26adce84e7e56dd9a6d1fbfbecab5542648d9d0ef065e3d5c4f9c85)
2026-10-07 22:25:22.113+00:00 | EthScheduler-Workers-0 | INFO  | PersistBlockTask | Block 418 (0x5776d0833474660f3f935993461609cb0ed31eaa1676e596262b9710de187295) is already imported
2026-10-07 22:25:22.114+00:00 | BftProcessorExecutor-QBFT-0 | INFO  | QbftBesuControllerBuilder | Imported #418 / 68 tx / 377 pending / 10,447,020 (0.0%) gas / (0x5776d0833474660f3f935993461609cb0ed31eaa1676e596262b9710de187295)
2026-10-07 22:25:24.100+00:00 | EthScheduler-Workers-0 | INFO  | PersistBlockTask | Block 419 (0xa38d6922afbe62f2ad93afe25ae65b28ac5d0a10146e0d86b52d65123574d58e) is already imported
2026-10-07 22:25:24.100+00:00 | BftProcessorExecutor-QBFT-0 | INFO  | QbftBesuControllerBuilder | Imported #419 / 68 tx / 309 pending / 10,447,184 (0.0%) gas / (0xa38d6922afbe62f2ad93afe25ae65b28ac5d0a10146e0d86b52d65123574d58e)
2026-10-07 22:25:25.587+00:00 | BftProcessorExecutor-QBFT-0 | INFO  | QbftBesuControllerBuilder | Imported #420 / 69 tx / 240 pending / 10,600,706 (0.0%) gas / (0x94d8f404349848aad2291f59f32b789faf7b6a99769e7cfb74f2a2da4f7abb97)
2026-10-07 22:25:27.615+00:00 | BftProcessorExecutor-QBFT-0 | INFO  | QbftBesuControllerBuilder | Imported #421 / 69 tx / 171 pending / 10,600,942 (0.0%) gas / (0x2650c8f3d82e05d843d24d698e9a10641f22d577f90153105d76d90d43325fb0)
2026-10-07 22:25:29.648+00:00 | EthScheduler-Workers-0 | INFO  | PersistBlockTask | Block 422 (0x0c60291b01a71279ee808710ec0f6df28b3b14ba05833e71be68a07eac6c4d3c) is already imported
2026-10-07 22:25:29.649+00:00 | BftProcessorExecutor-QBFT-0 | INFO  | QbftBesuControllerBuilder | Imported #422 / 69 tx / 102 pending / 10,600,606 (0.0%) gas / (0x0c60291b01a71279ee808710ec0f6df28b3b14ba05833e71be68a07eac6c4d3c)
2026-10-07 22:25:31.730+00:00 | EthScheduler-Workers-0 | INFO  | PersistBlockTask | Block 423 (0x55dd54cedf4460c535469bb0585aca44fcc58987a7f12d4a4547a03310d4708f) is already imported
2026-10-07 22:25:31.730+00:00 | BftProcessorExecutor-QBFT-0 | INFO  | QbftBesuControllerBuilder | Imported #423 / 67 tx / 35 pending / 10,293,606 (0.0%) gas / (0x55dd54cedf4460c535469bb0585aca44fcc58987a7f12d4a4547a03310d4708f)
2026-10-07 22:25:33.430+00:00 | BftProcessorExecutor-QBFT-0 | INFO  | QbftBesuControllerBuilder | Imported #424 / 35 tx / 0 pending / 5,377,174 (0.0%) gas / (0xf62f45cafb1910bbf648ec72006f4b7769e84c984c20b79bd1ac4a8c2eeedab9)
2026-10-07 22:25:35.248+00:00 | BftProcessorExecutor-QBFT-0 | INFO  | QbftBesuControllerBuilder | Imported #425 / 0 tx / 0 pending / 0 (0.0%) gas / (0x530f78c2c3b0b3075a9bd8f7a84cf83929698bd4a474bae28814e8c9db1300ed)
2026-10-07 22:25:35.252+00:00 | EthScheduler-Workers-0 | INFO  | PersistBlockTask | Block 425 (0x530f78c2c3b0b3075a9bd8f7a84cf83929698bd4a474bae28814e8c9db1300ed) is already imported
2026-10-07 22:25:37.320+00:00 | BftProcessorExecutor-QBFT-0 | INFO  | QbftBesuControllerBuilder | Imported #426 / 0 tx / 0 pending / 0 (0.0%) gas / (0x89521ad594d4eed86217ac2733e074bd44143e7ef22023e4abbc3b294e6ed0ca)
2026-10-07 22:25:39.329+00:00 | BftProcessorExecutor-QBFT-0 | INFO  | QbftBesuControllerBuilder | Imported #427 / 0 tx / 0 pending / 0 (0.0%) gas / (0x0f520febe75ac124962dc01f9f3907ef611e40f242955c946a7f66883ca2df53)
2026-10-07 22:25:41.338+00:00 | BftProcessorExecutor-QBFT-0 | INFO  | QbftBesuControllerBuilder | Imported #428 / 0 tx / 0 pending / 0 (0.0%) gas / (0x683eec9ccde5d3e930eac8d8aae353299025327916bdee1fe7b6413dc549780e)
2026-10-07 22:25:43.327+00:00 | BftProcessorExecutor-QBFT-0 | INFO  | QbftBesuControllerBuilder | Imported #429 / 0 tx / 0 pending / 0 (0.0%) gas / (0xd416b667425223e22fce07267de52e890362570b78293c1735298169cc973f86)
2026-10-07 22:25:45.335+00:00 | BftProcessorExecutor-QBFT-0 | INFO  | QbftBesuControllerBuilder | Produced #430 / 0 tx / 0 pending / 0 (0.0%) gas / (0x4fa65b9e427a0b4341a368162881f0f913c43ed558375f37039c13e2daca6ef2)
2026-10-07 22:25:47.331+00:00 | EthScheduler-Workers-0 | INFO  | PersistBlockTask | Block 431 (0x2c17eb2679b420c8b51c5c517f2356759fb77f570cb6a88308d185022ac4bb77) is already imported
2026-10-07 22:25:47.331+00:00 | BftProcessorExecutor-QBFT-0 | INFO  | QbftBesuControllerBuilder | Imported #431 / 0 tx / 0 pending / 0 (0.0%) gas / (0x2c17eb2679b420c8b51c5c517f2356759fb77f570cb6a88308d185022ac4bb77)
2026-10-07 22:25:49.530+00:00 | EthScheduler-Workers-0 | INFO  | PersistBlockTask | Block 432 (0x785d53e072ffe2056d404c9460bdae76279b84281acbd0af805eec93bbed3862) is already imported
2026-10-07 22:25:49.530+00:00 | BftProcessorExecutor-QBFT-0 | INFO  | QbftBesuControllerBuilder | Imported #432 / 0 tx / 0 pending / 0 (0.0%) gas / (0x785d53e072ffe2056d404c9460bdae76279b84281acbd0af805eec93bbed3862)
2026-10-07 22:25:51.446+00:00 | BftProcessorExecutor-QBFT-0 | INFO  | QbftBesuControllerBuilder | Imported #433 / 0 tx / 0 pending / 0 (0.0%) gas / (0xd478148e04cfb7339a86af2e681d170af6ecff4fbc76867194b404c545c3eec3)
2026-10-07 22:25:53.478+00:00 | BftProcessorExecutor-QBFT-0 | INFO  | QbftBesuControllerBuilder | Imported #434 / 0 tx / 0 pending / 0 (0.0%) gas / (0xce933c7a432fc4174bb214c741b79712869a9589e1a52728609f6b2e99da3db2)
2026-10-07 22:25:53.479+00:00 | EthScheduler-Workers-0 | INFO  | PersistBlockTask | Block 434 (0xce933c7a432fc4174bb214c741b79712869a9589e1a52728609f6b2e99da3db2) is already imported
2026-10-07 22:25:55.249+00:00 | BftProcessorExecutor-QBFT-0 | INFO  | QbftBesuControllerBuilder | Imported #435 / 0 tx / 0 pending / 0 (0.0%) gas / (0xf541c646442a133f9086d4e1b89ebfa00064cbbc6a6e31678e02ddee78995541)
2026-10-07 22:25:57.237+00:00 | BftProcessorExecutor-QBFT-0 | INFO  | QbftBesuControllerBuilder | Imported #436 / 0 tx / 0 pending / 0 (0.0%) gas / (0x5a0ade492eae003040ebf406d5f1bfd30a216c6add5d15aa4029c95c662f5751)
2026-10-07 22:25:59.259+00:00 | EthScheduler-Workers-0 | INFO  | PersistBlockTask | Block 437 (0xf51648d40f57a76327aa94a0a00915e525374c7ce89d1781d238f47b601f428a) is already imported
2026-10-07 22:25:59.259+00:00 | BftProcessorExecutor-QBFT-0 | INFO  | QbftBesuControllerBuilder | Imported #437 / 0 tx / 0 pending / 0 (0.0%) gas / (0xf51648d40f57a76327aa94a0a00915e525374c7ce89d1781d238f47b601f428a)
2026-10-07 22:26:01.255+00:00 | BftProcessorExecutor-QBFT-0 | INFO  | QbftBesuControllerBuilder | Imported #438 / 0 tx / 0 pending / 0 (0.0%) gas / (0x6531819b701ddb89c8bc8080b1a0a00d90c84631380ef5662a8109883df00eef)
2026-10-07 22:26:01.258+00:00 | EthScheduler-Workers-0 | INFO  | PersistBlockTask | Block 438 (0x6531819b701ddb89c8bc8080b1a0a00d90c84631380ef5662a8109883df00eef) is already imported
2026-10-07 22:26:03.247+00:00 | BftProcessorExecutor-QBFT-0 | INFO  | QbftBesuControllerBuilder | Imported #439 / 0 tx / 0 pending / 0 (0.0%) gas / (0x48473cda10df80f7348883b1b5766a1aa0af145d9bba6861b77f175ef261ce56)
2026-10-07 22:26:05.237+00:00 | BftProcessorExecutor-QBFT-0 | INFO  | QbftBesuControllerBuilder | Imported #440 / 0 tx / 0 pending / 0 (0.0%) gas / (0x101681981f5e179751060f3da152ed9338bda66204011299b4a0031d242b37eb)
2026-10-07 22:26:07.325+00:00 | BftProcessorExecutor-QBFT-0 | INFO  | QbftBesuControllerBuilder | Imported #441 / 0 tx / 0 pending / 0 (0.0%) gas / (0x1cba26a4d419655f38ac1b5c3a12928147d525c5396fe545e47599ac45376775)
2026-10-07 22:26:09.320+00:00 | BftProcessorExecutor-QBFT-0 | INFO  | QbftBesuControllerBuilder | Imported #442 / 0 tx / 0 pending / 0 (0.0%) gas / (0xb19d4f41f60609564e2194e940d2ee395f34594dc5d8f8ab1aae66fe498b486f)
2026-10-07 22:26:11.337+00:00 | BftProcessorExecutor-QBFT-0 | INFO  | QbftBesuControllerBuilder | Imported #443 / 0 tx / 0 pending / 0 (0.0%) gas / (0xe8cbca83a64d78aa835101572c7ed67bb795fc0f6fab6f83b1ed7b14fc0a2443)
2026-10-07 22:26:11.341+00:00 | EthScheduler-Workers-0 | INFO  | PersistBlockTask | Block 443 (0xe8cbca83a64d78aa835101572c7ed67bb795fc0f6fab6f83b1ed7b14fc0a2443) is already imported
2026-10-07 22:26:13.323+00:00 | BftProcessorExecutor-QBFT-0 | INFO  | QbftBesuControllerBuilder | Imported #444 / 0 tx / 0 pending / 0 (0.0%) gas / (0x955ecee58d4ad14511f1d2b3aa0a936330d0e94f52cb7f77cfb9d73869376370)
2026-10-07 22:26:15.315+00:00 | BftProcessorExecutor-QBFT-0 | INFO  | QbftBesuControllerBuilder | Produced #445 / 0 tx / 0 pending / 0 (0.0%) gas / (0x88d84d64797bf5b5434f071560158ccb120b8bf0b19d97b0ee3b62322c2f9d82)
2026-10-07 22:26:17.327+00:00 | BftProcessorExecutor-QBFT-0 | INFO  | QbftBesuControllerBuilder | Imported #446 / 0 tx / 0 pending / 0 (0.0%) gas / (0x11c6caedbd38c09eb2f51f6f3e7b4f449c89554f3dd924cecfb20e7d7351623a)
2026-10-07 22:26:17.331+00:00 | EthScheduler-Workers-0 | INFO  | PersistBlockTask | Block 446 (0x11c6caedbd38c09eb2f51f6f3e7b4f449c89554f3dd924cecfb20e7d7351623a) is already imported
2026-10-07 22:26:19.468+00:00 | BftProcessorExecutor-QBFT-0 | INFO  | QbftBesuControllerBuilder | Imported #447 / 0 tx / 0 pending / 0 (0.0%) gas / (0x894f14025aa55681752984b96e30f93b51c12f2b7bbf207d301ad32007fe0461)
2026-10-07 22:26:22.660+00:00 | BftProcessorExecutor-QBFT-0 | INFO  | QbftBesuControllerBuilder | Imported #448 / 26 tx / 788 pending / 6,291,220 (0.0%) gas / (0xd75b5f3ebaef799d222d5731625767185a3874b9e7c355253c5d9bfb654bf50a)
2026-10-07 22:26:26.433+00:00 | EthScheduler-Workers-0 | INFO  | PersistBlockTask | Block 449 (0xaeb8f462e185c3bfe938aa7062d5402b45d1dbaaf9be94b8afe069e499c92071) is already imported
2026-10-07 22:26:26.435+00:00 | BftProcessorExecutor-QBFT-0 | INFO  | QbftBesuControllerBuilder | Imported #449 / 68 tx / 2057 pending / 16,453,960 (0.0%) gas / (0xaeb8f462e185c3bfe938aa7062d5402b45d1dbaaf9be94b8afe069e499c92071)
2026-10-07 22:26:28.878+00:00 | EthScheduler-Workers-0 | INFO  | PersistBlockTask | Block 450 (0xcce81e30b727f357e8e5c20ae767bd8bf46d5ce8fbef5a3ab6610cccbff0fb83) is already imported
2026-10-07 22:26:28.880+00:00 | BftProcessorExecutor-QBFT-0 | INFO  | QbftBesuControllerBuilder | Imported #450 / 158 tx / 2800 pending / 38,231,260 (0.0%) gas / (0xcce81e30b727f357e8e5c20ae767bd8bf46d5ce8fbef5a3ab6610cccbff0fb83)
2026-10-07 22:26:32.351+00:00 | EthScheduler-Workers-0 | INFO  | PersistBlockTask | Block 451 (0xd59550f48ba2a507a10f67797760f511c20dbc818556345c43f1b5a327622176) is already imported
2026-10-07 22:26:32.355+00:00 | BftProcessorExecutor-QBFT-0 | INFO  | QbftBesuControllerBuilder | Imported #451 / 226 tx / 3725 pending / 54,685,220 (0.0%) gas / (0xd59550f48ba2a507a10f67797760f511c20dbc818556345c43f1b5a327622176)
2026-10-07 22:26:36.900+00:00 | EthScheduler-Workers-0 | INFO  | PersistBlockTask | Block 452 (0xc6e6e918623bf0714130c768dcc06cb0b81664610c1c9c5e977aa9dc8cbf48b3) is already imported
2026-10-07 22:26:36.908+00:00 | BftProcessorExecutor-QBFT-0 | INFO  | QbftBesuControllerBuilder | Imported #452 / 311 tx / 4896 pending / 75,252,670 (0.0%) gas / (0xc6e6e918623bf0714130c768dcc06cb0b81664610c1c9c5e977aa9dc8cbf48b3)
2026-10-07 22:26:41.830+00:00 | EthScheduler-Workers-0 | INFO  | PersistBlockTask | Block 453 (0x281571b921308f18f5f91c45fbab51f777181232cf8aeb5cfa6ecb4e2b34e139) is already imported
2026-10-07 22:26:41.835+00:00 | BftProcessorExecutor-QBFT-0 | INFO  | QbftBesuControllerBuilder | Imported #453 / 338 tx / 6291 pending / 81,785,860 (0.0%) gas / (0x281571b921308f18f5f91c45fbab51f777181232cf8aeb5cfa6ecb4e2b34e139)
2026-10-07 22:26:46.739+00:00 | BftProcessorExecutor-QBFT-0 | INFO  | QbftBesuControllerBuilder | Imported #454 / 336 tx / 6729 pending / 81,301,920 (0.0%) gas / (0x7e72fb0a060e44944488eb7ada0b097aa4bece7417c3d6225164d1332f128ac8)
2026-10-07 22:26:51.725+00:00 | BftProcessorExecutor-QBFT-0 | INFO  | QbftBesuControllerBuilder | Imported #455 / 337 tx / 6392 pending / 81,543,890 (0.0%) gas / (0x753ce33f9d476378735b0cd76d9bf2f938ee0ef594c33764ec27efd3b82fe7b8)
2026-10-07 22:26:56.948+00:00 | BftProcessorExecutor-QBFT-0 | INFO  | QbftBesuControllerBuilder | Imported #456 / 330 tx / 6062 pending / 79,850,100 (0.0%) gas / (0x20d5512774e8e896fa9a444786d11946524b221b1ec59f1d7b56bc3b9b68bd4b)
2026-10-07 22:27:02.080+00:00 | BftProcessorExecutor-QBFT-0 | INFO  | QbftBesuControllerBuilder | Imported #457 / 334 tx / 5728 pending / 80,817,980 (0.0%) gas / (0xd5511a2112f7f4c396e4dd0d283601d40f2e767a2c98ef109cf0760bc9ee5728)
2026-10-07 22:27:07.350+00:00 | BftProcessorExecutor-QBFT-0 | INFO  | QbftBesuControllerBuilder | Imported #458 / 333 tx / 5395 pending / 80,576,010 (0.0%) gas / (0xe6996ced945e5c35399412f97de8eff5784819a8a83f6943c86d596ed387b4b4)
2026-10-07 22:27:12.468+00:00 | BftProcessorExecutor-QBFT-0 | INFO  | QbftBesuControllerBuilder | Imported #459 / 325 tx / 5070 pending / 78,640,250 (0.0%) gas / (0x987ec2b98aba2e94426fb466bc477a6ab1f4a87f4009bd056bcc61cd2cae4b7e)
2026-10-07 22:27:13.974+00:00 | BftProcessorExecutor-QBFT-0 | WARN  | BlockTransactionSelector | Interrupting the selection of transactions for block inclusion as it exceeds the maximum configured duration of 1500ms
java.util.concurrent.TimeoutException
	at java.base/java.util.concurrent.CompletableFuture.timedGet(CompletableFuture.java:1960)
	at java.base/java.util.concurrent.CompletableFuture.get(CompletableFuture.java:2095)
	at org.hyperledger.besu.ethereum.blockcreation.txselection.BlockTransactionSelector.timeLimitedSelection(BlockTransactionSelector.java:186)
	at org.hyperledger.besu.ethereum.blockcreation.txselection.BlockTransactionSelector.buildTransactionListForBlock(BlockTransactionSelector.java:169)
	at org.hyperledger.besu.ethereum.blockcreation.AbstractBlockCreator.selectTransactions(AbstractBlockCreator.java:376)
	at org.hyperledger.besu.ethereum.blockcreation.AbstractBlockCreator.createBlock(AbstractBlockCreator.java:218)
	at org.hyperledger.besu.ethereum.blockcreation.AbstractBlockCreator.createBlock(AbstractBlockCreator.java:146)
	at org.hyperledger.besu.consensus.common.bft.blockcreation.BftBlockCreator.createBlock(BftBlockCreator.java:92)
	at org.hyperledger.besu.consensus.qbft.statemachine.QbftRound.createAndSendProposalMessage(QbftRound.java:137)
	at org.hyperledger.besu.consensus.qbft.statemachine.QbftBlockHeightManager.handleBlockTimerExpiry(QbftBlockHeightManager.java:140)
	at org.hyperledger.besu.consensus.common.bft.statemachine.BaseBftController.handleBlockTimerExpiry(BaseBftController.java:167)
	at org.hyperledger.besu.consensus.common.bft.EventMultiplexer.handleBftEvent(EventMultiplexer.java:65)
	at java.base/java.util.Optional.ifPresent(Optional.java:178)
	at org.hyperledger.besu.consensus.common.bft.BftProcessor.run(BftProcessor.java:65)
	at java.base/java.util.concurrent.ThreadPoolExecutor.runWorker(ThreadPoolExecutor.java:1144)
	at java.base/java.util.concurrent.ThreadPoolExecutor$Worker.run(ThreadPoolExecutor.java:642)
	at java.base/java.lang.Thread.run(Thread.java:1583)
2026-10-07 22:27:17.685+00:00 | BftProcessorExecutor-QBFT-0 | INFO  | QbftBesuControllerBuilder | Produced #460 / 339 tx / 4731 pending / 82,027,830 (0.0%) gas / (0xa6ae55409d3956b2db948bcdd69eff459487babed26f314ff7669c2be2ac82af)
2026-10-07 22:27:22.839+00:00 | BftProcessorExecutor-QBFT-0 | INFO  | QbftBesuControllerBuilder | Imported #461 / 342 tx / 4389 pending / 82,753,740 (0.0%) gas / (0xab5600b0800134c8f5bf8cd67869581503a359f3f17466017bc835223dc36cd8)
2026-10-07 22:27:28.454+00:00 | BftProcessorExecutor-QBFT-0 | INFO  | QbftBesuControllerBuilder | Imported #462 / 323 tx / 4066 pending / 78,156,310 (0.0%) gas / (0x0a0f8e72f1315f3c279d5412018b3cf397b282e2d09f85998e39523bf2d89f27)
2026-10-07 22:27:34.220+00:00 | BftProcessorExecutor-QBFT-0 | INFO  | QbftBesuControllerBuilder | Imported #463 / 345 tx / 3721 pending / 83,479,650 (0.0%) gas / (0x17e8aee6e347ee9770d80e795072917d187de3ea30c7b29a619fbdf6dff6aef5)
2026-10-07 22:27:40.295+00:00 | BftProcessorExecutor-QBFT-0 | INFO  | QbftBesuControllerBuilder | Imported #464 / 344 tx / 3377 pending / 83,237,680 (0.0%) gas / (0xcae88b6718112916724c643d9a63d3334f7c5b54512a77dbf5d57096c338d7c7)
2026-10-07 22:27:45.334+00:00 | BftProcessorExecutor-QBFT-0 | INFO  | QbftBesuControllerBuilder | Imported #465 / 339 tx / 3038 pending / 82,027,830 (0.0%) gas / (0x8c3450aa6632a05fd50d63ea83704424eaf7ba250647ce6bec6a7f3963029468)
2026-10-07 22:27:50.237+00:00 | BftProcessorExecutor-QBFT-0 | INFO  | QbftBesuControllerBuilder | Imported #466 / 323 tx / 2715 pending / 78,156,310 (0.0%) gas / (0xb089f42dca43d8f54ce50b32afacfff5cb2d3fa94ba5bc7a9698d2bf06ec4621)
2026-10-07 22:27:53.955+00:00 | BftProcessorExecutor-QBFT-0 | INFO  | QbftBesuControllerBuilder | Imported #467 / 238 tx / 2477 pending / 57,588,860 (0.0%) gas / (0xfbcc73abddcf8a831f2c3b6fcac29bef94a03e1b6c4fe089758bb88e956913c3)
2026-10-07 22:27:57.423+00:00 | BftProcessorExecutor-QBFT-0 | INFO  | QbftBesuControllerBuilder | Imported #468 / 211 tx / 2266 pending / 51,055,670 (0.0%) gas / (0xb063f6570e56902a47adc9b458b4bb82c78c6841b84cc2dd8e7841c0a8a5a3c2)
2026-10-07 22:28:00.572+00:00 | BftProcessorExecutor-QBFT-0 | INFO  | QbftBesuControllerBuilder | Imported #469 / 213 tx / 2053 pending / 51,539,610 (0.0%) gas / (0x29a08158c12e193b8758d5d9d5c6d5c950f199957a192aef06730558879279c1)
2026-10-07 22:28:03.739+00:00 | BftProcessorExecutor-QBFT-0 | INFO  | QbftBesuControllerBuilder | Imported #470 / 208 tx / 1845 pending / 50,329,760 (0.0%) gas / (0x8d674c355f0e9d7c6330b965f479fad2375541480a0dc52a5d9f699c951ad011)
2026-10-07 22:28:07.213+00:00 | BftProcessorExecutor-QBFT-0 | INFO  | QbftBesuControllerBuilder | Imported #471 / 215 tx / 1630 pending / 52,023,550 (0.0%) gas / (0x77d942266376827814887ac9bdd2883db0e72e6bb3bf603d9d3fe3677300efe6)
2026-10-07 22:28:10.701+00:00 | BftProcessorExecutor-QBFT-0 | INFO  | QbftBesuControllerBuilder | Imported #472 / 211 tx / 1419 pending / 51,055,670 (0.0%) gas / (0x6906abef65ddd4e363f9c8ac9ccfbc7def7793601356d6064f120158457fbafd)
2026-10-07 22:28:14.076+00:00 | BftProcessorExecutor-QBFT-0 | INFO  | QbftBesuControllerBuilder | Imported #473 / 212 tx / 1207 pending / 51,297,640 (0.0%) gas / (0x4693578a094856dc350fbbf85d41ac2fce78ab76c8b2aa3b4f65ce43068e9435)
2026-10-07 22:28:17.607+00:00 | BftProcessorExecutor-QBFT-0 | INFO  | QbftBesuControllerBuilder | Imported #474 / 220 tx / 987 pending / 53,233,400 (0.0%) gas / (0x8e6652b921e889347bbad466800f8c057a50f30d1c2d7a13e8e384cda3d5ec3d)
2026-10-07 22:28:20.947+00:00 | BftProcessorExecutor-QBFT-0 | INFO  | QbftBesuControllerBuilder | Produced #475 / 206 tx / 781 pending / 49,845,820 (0.0%) gas / (0x03149649f15e7d5f8a8efa22caa043329b957a3985f50c5839d8ee45da5866c9)
2026-10-07 22:28:24.280+00:00 | BftProcessorExecutor-QBFT-0 | INFO  | QbftBesuControllerBuilder | Imported #476 / 203 tx / 578 pending / 49,119,910 (0.0%) gas / (0xea03aa3adba75f95f4a456d4261c49a52d1d573d0d98656452117e8198192b13)
2026-10-07 22:28:28.360+00:00 | BftProcessorExecutor-QBFT-0 | INFO  | QbftBesuControllerBuilder | Imported #477 / 221 tx / 357 pending / 53,475,370 (0.0%) gas / (0xdd10b4700e28c58f0107d5700b95baf19e818c47283f133e87fcaaa118267d28)
2026-10-07 22:28:31.491+00:00 | BftProcessorExecutor-QBFT-0 | INFO  | QbftBesuControllerBuilder | Imported #478 / 173 tx / 184 pending / 41,860,810 (0.0%) gas / (0x026d11343ecb30f7beaf2142b4f180c8adff1b46e533f7c87352aa6ad154311f)
2026-10-07 22:28:34.035+00:00 | EthScheduler-Workers-0 | INFO  | PersistBlockTask | Block 479 (0x65b9d489808f17f3853652026f769b40ba762778597b03e8008ce3e60c8d96e7) is already imported
2026-10-07 22:28:34.036+00:00 | BftProcessorExecutor-QBFT-0 | INFO  | QbftBesuControllerBuilder | Imported #479 / 132 tx / 52 pending / 31,940,040 (0.0%) gas / (0x65b9d489808f17f3853652026f769b40ba762778597b03e8008ce3e60c8d96e7)
2026-10-07 22:28:35.005+00:00 | BftProcessorExecutor-QBFT-0 | INFO  | QbftBesuControllerBuilder | Imported #480 / 52 tx / 0 pending / 12,582,440 (0.0%) gas / (0xd52a529fc00ccdcf50eb470db56fad6efcf555c5427e7e38dd433a9557e5abb7)
2026-10-07 22:28:35.005+00:00 | EthScheduler-Workers-0 | INFO  | PersistBlockTask | Block 480 (0xd52a529fc00ccdcf50eb470db56fad6efcf555c5427e7e38dd433a9557e5abb7) is already imported
2026-10-07 22:28:36.251+00:00 | BftProcessorExecutor-QBFT-0 | INFO  | QbftBesuControllerBuilder | Imported #481 / 0 tx / 0 pending / 0 (0.0%) gas / (0xe36043ee5897442fe39df7d9e184ef8cd2902cf6dec5db503b390e51aedaa583)
2026-10-07 22:28:38.265+00:00 | BftProcessorExecutor-QBFT-0 | INFO  | QbftBesuControllerBuilder | Imported #482 / 0 tx / 0 pending / 0 (0.0%) gas / (0x3f02eecc5f36d5f6129839f7d049b518c914da6150d70894b130b1cb4398bead)
2026-10-07 22:28:38.268+00:00 | EthScheduler-Workers-0 | INFO  | PersistBlockTask | Block 482 (0x3f02eecc5f36d5f6129839f7d049b518c914da6150d70894b130b1cb4398bead) is already imported
2026-10-07 22:28:40.244+00:00 | BftProcessorExecutor-QBFT-0 | INFO  | QbftBesuControllerBuilder | Imported #483 / 0 tx / 0 pending / 0 (0.0%) gas / (0x52c7f7425838043e8f53e2e5c6e3754d8ab5d0072eda15e1adb70fd09fa15d86)
2026-10-07 22:28:42.256+00:00 | BftProcessorExecutor-QBFT-0 | INFO  | QbftBesuControllerBuilder | Imported #484 / 0 tx / 0 pending / 0 (0.0%) gas / (0x6a8755e00a2e078508c1c0bbe19632ace8fe0959943816c1d2c1e0cbfb16f682)
2026-10-07 22:28:42.258+00:00 | EthScheduler-Workers-0 | INFO  | PersistBlockTask | Block 484 (0x6a8755e00a2e078508c1c0bbe19632ace8fe0959943816c1d2c1e0cbfb16f682) is already imported
2026-10-07 22:28:44.255+00:00 | BftProcessorExecutor-QBFT-0 | INFO  | QbftBesuControllerBuilder | Imported #485 / 0 tx / 0 pending / 0 (0.0%) gas / (0xb1d36f8ddcf6e6eba84b8859eb365318471073c1d31341175665a1f8249af3eb)
2026-10-07 22:28:46.338+00:00 | BftProcessorExecutor-QBFT-0 | INFO  | QbftBesuControllerBuilder | Imported #486 / 0 tx / 0 pending / 0 (0.0%) gas / (0xaa594e5f8cb41877c93e61b4b722438572d350ab1043873fbf4754c8358deab1)
2026-10-07 22:28:48.341+00:00 | BftProcessorExecutor-QBFT-0 | INFO  | QbftBesuControllerBuilder | Imported #487 / 0 tx / 0 pending / 0 (0.0%) gas / (0x78c4fe09e3ad1479f128404aa280ed23246c34dc49a60a1d30280d272526b2ef)
2026-10-07 22:28:48.344+00:00 | EthScheduler-Workers-0 | INFO  | PersistBlockTask | Block 487 (0x78c4fe09e3ad1479f128404aa280ed23246c34dc49a60a1d30280d272526b2ef) is already imported
2026-10-07 22:28:50.331+00:00 | BftProcessorExecutor-QBFT-0 | INFO  | QbftBesuControllerBuilder | Imported #488 / 0 tx / 0 pending / 0 (0.0%) gas / (0xd01a6a45828761f120938f4d1db5199518dcb8e9c5fb50c03582a6f0bdc55d03)
2026-10-07 22:28:52.343+00:00 | BftProcessorExecutor-QBFT-0 | INFO  | QbftBesuControllerBuilder | Imported #489 / 0 tx / 0 pending / 0 (0.0%) gas / (0x95156b4ca53d37500f14e014145105354e1054b85cee27d93c552e73d84d43e5)
2026-10-07 22:28:54.337+00:00 | BftProcessorExecutor-QBFT-0 | INFO  | QbftBesuControllerBuilder | Produced #490 / 0 tx / 0 pending / 0 (0.0%) gas / (0xa4649cc0cb4481949638f52152cb7a810b81668063a88df8c97ccfc1a5dec882)
2026-10-07 22:28:56.315+00:00 | BftProcessorExecutor-QBFT-0 | INFO  | QbftBesuControllerBuilder | Imported #491 / 0 tx / 0 pending / 0 (0.0%) gas / (0xef1a5f3f3ecf9aecc2a4f0b071e8f3390022049689e7bced607f4b143ccdd693)
2026-10-07 22:28:58.421+00:00 | BftProcessorExecutor-QBFT-0 | INFO  | QbftBesuControllerBuilder | Imported #492 / 0 tx / 0 pending / 0 (0.0%) gas / (0xbb6827e4cb8250ead13d036173072db461363cc4e5ef217e612431a1fb9c0b67)
2026-10-07 22:29:00.471+00:00 | BftProcessorExecutor-QBFT-0 | INFO  | QbftBesuControllerBuilder | Imported #493 / 0 tx / 0 pending / 0 (0.0%) gas / (0x7ea2ba8436933c2956b1092684070f505fdf4bbbf62310f95d00f97678177ca9)
2026-10-07 22:29:02.484+00:00 | BftProcessorExecutor-QBFT-0 | INFO  | QbftBesuControllerBuilder | Imported #494 / 0 tx / 0 pending / 0 (0.0%) gas / (0x75c597a620bfda9768c05631a8394083004b11f4abd848daa73094af719c10ba)
2026-10-07 22:29:04.263+00:00 | BftProcessorExecutor-QBFT-0 | INFO  | QbftBesuControllerBuilder | Imported #495 / 0 tx / 0 pending / 0 (0.0%) gas / (0xaf5491d7a8ecd856a140d72a03b29a8338be8a58de6c9c452d4517391e0cc13a)
2026-10-07 22:29:04.263+00:00 | EthScheduler-Workers-0 | INFO  | PersistBlockTask | Block 495 (0xaf5491d7a8ecd856a140d72a03b29a8338be8a58de6c9c452d4517391e0cc13a) is already imported
2026-10-07 22:29:06.249+00:00 | BftProcessorExecutor-QBFT-0 | INFO  | QbftBesuControllerBuilder | Imported #496 / 0 tx / 0 pending / 0 (0.0%) gas / (0x880dd7bfc23795ddeffbc8940c728937643b10c7e048f3ce75ea66a8e3bc22ef)
2026-10-07 22:29:08.249+00:00 | BftProcessorExecutor-QBFT-0 | INFO  | QbftBesuControllerBuilder | Imported #497 / 0 tx / 0 pending / 0 (0.0%) gas / (0x2547fa99d0a615906340d1a56ded9b377650e1cb0b8d00a684b01251e9b7b98f)
2026-10-07 22:29:08.254+00:00 | EthScheduler-Workers-0 | INFO  | PersistBlockTask | Block 497 (0x2547fa99d0a615906340d1a56ded9b377650e1cb0b8d00a684b01251e9b7b98f) is already imported
2026-10-07 22:29:10.247+00:00 | BftProcessorExecutor-QBFT-0 | INFO  | QbftBesuControllerBuilder | Imported #498 / 0 tx / 0 pending / 0 (0.0%) gas / (0x42850b6c97464c139953f1682b7b498c7ca193ba59f3c80afa5202e577159c07)
2026-10-07 22:29:12.240+00:00 | BftProcessorExecutor-QBFT-0 | INFO  | QbftBesuControllerBuilder | Imported #499 / 0 tx / 0 pending / 0 (0.0%) gas / (0x2a2787a469cfda7f657c8574096f8c252b215dcfe3c1c684ceecee74fcc89e81)
2026-10-07 22:29:14.250+00:00 | BftProcessorExecutor-QBFT-0 | INFO  | QbftBesuControllerBuilder | Imported #500 / 0 tx / 0 pending / 0 (0.0%) gas / (0x1e48be8c8029c51bae231658cfdd57e675a6f9272b3afcdf29f9aeca7ea0aebf)
2026-10-07 22:29:14.254+00:00 | EthScheduler-Workers-0 | INFO  | PersistBlockTask | Block 500 (0x1e48be8c8029c51bae231658cfdd57e675a6f9272b3afcdf29f9aeca7ea0aebf) is already imported
2026-10-07 22:29:16.335+00:00 | EthScheduler-Workers-0 | INFO  | PersistBlockTask | Block 501 (0x823f31aab0e0840fa5017c7979b1df6f3ae0de4b9349aaddfe1f2ea77c351542) is already imported
2026-10-07 22:29:16.336+00:00 | BftProcessorExecutor-QBFT-0 | INFO  | QbftBesuControllerBuilder | Imported #501 / 0 tx / 0 pending / 0 (0.0%) gas / (0x823f31aab0e0840fa5017c7979b1df6f3ae0de4b9349aaddfe1f2ea77c351542)
2026-10-07 22:29:18.342+00:00 | BftProcessorExecutor-QBFT-0 | INFO  | QbftBesuControllerBuilder | Imported #502 / 0 tx / 0 pending / 0 (0.0%) gas / (0x78779f72853799e77f0ff32388d1cb32ff907ffe2a0d9aa817d762a65579aeb0)
2026-10-07 22:29:20.318+00:00 | BftProcessorExecutor-QBFT-0 | INFO  | QbftBesuControllerBuilder | Imported #503 / 0 tx / 0 pending / 0 (0.0%) gas / (0x17c3da46079d9f891a59bddac015e9ec6c0684d8bdbada6d762bbb13db370a3e)
2026-10-07 22:29:22.334+00:00 | BftProcessorExecutor-QBFT-0 | INFO  | QbftBesuControllerBuilder | Imported #504 / 0 tx / 0 pending / 0 (0.0%) gas / (0x6d1a47b6e171ec8feced5496e1fa7df42fb9932d7b8173da38290b5a3d4f6c6f)
2026-10-07 22:29:24.324+00:00 | BftProcessorExecutor-QBFT-0 | INFO  | QbftBesuControllerBuilder | Produced #505 / 0 tx / 0 pending / 0 (0.0%) gas / (0x4d1a8689efe6a40c8412ea1009fdce6cabcd2817f3ce464b5f5f3df961be7154)
2026-10-07 22:29:26.332+00:00 | BftProcessorExecutor-QBFT-0 | INFO  | QbftBesuControllerBuilder | Imported #506 / 0 tx / 0 pending / 0 (0.0%) gas / (0x288ff99a627a102bdc7cb66f1497f04d577c3941ddb3ec7f1c25a7c10c9ccd54)
2026-10-07 22:29:28.487+00:00 | BftProcessorExecutor-QBFT-0 | INFO  | QbftBesuControllerBuilder | Imported #507 / 0 tx / 0 pending / 0 (0.0%) gas / (0x7f23ab803d4d29755ce670b9c9e5570f25834c221aff786af455ee6257a66a27)
2026-10-07 22:29:30.466+00:00 | BftProcessorExecutor-QBFT-0 | INFO  | QbftBesuControllerBuilder | Imported #508 / 0 tx / 0 pending / 0 (0.0%) gas / (0x4ebc172f3823c941eda28b55d69d288ee54a8c59497747405dbfbdcc62b19446)
2026-10-07 22:29:30.469+00:00 | EthScheduler-Workers-0 | INFO  | PersistBlockTask | Block 508 (0x4ebc172f3823c941eda28b55d69d288ee54a8c59497747405dbfbdcc62b19446) is already imported
2026-10-07 22:29:32.478+00:00 | BftProcessorExecutor-QBFT-0 | INFO  | QbftBesuControllerBuilder | Imported #509 / 0 tx / 0 pending / 0 (0.0%) gas / (0x871345a26a2b021f37501d1f3e896cc3c06088cd14f06209656c44978a93901f)
2026-10-07 22:29:34.253+00:00 | BftProcessorExecutor-QBFT-0 | INFO  | QbftBesuControllerBuilder | Imported #510 / 0 tx / 0 pending / 0 (0.0%) gas / (0x86522e9bed308ef285045035cc47510d842e8bb5dd1ef598d28084e2de1c113d)
2026-10-07 22:29:34.256+00:00 | EthScheduler-Workers-0 | INFO  | PersistBlockTask | Block 510 (0x86522e9bed308ef285045035cc47510d842e8bb5dd1ef598d28084e2de1c113d) is already imported
2026-10-07 22:29:36.263+00:00 | EthScheduler-Workers-0 | INFO  | PersistBlockTask | Block 511 (0x9d6abe7752951ff52554b8db9102fd617d9678e5e7f2b5c523fc328690429566) is already imported
2026-10-07 22:29:36.263+00:00 | BftProcessorExecutor-QBFT-0 | INFO  | QbftBesuControllerBuilder | Imported #511 / 0 tx / 0 pending / 0 (0.0%) gas / (0x9d6abe7752951ff52554b8db9102fd617d9678e5e7f2b5c523fc328690429566)
2026-10-07 22:29:38.277+00:00 | EthScheduler-Workers-0 | INFO  | PersistBlockTask | Block 512 (0xeda5ec3008048cb1c99c74e625b8a6a4333bbf82d6403732b55e2d968d923c58) is already imported
2026-10-07 22:29:38.278+00:00 | BftProcessorExecutor-QBFT-0 | INFO  | QbftBesuControllerBuilder | Imported #512 / 0 tx / 0 pending / 0 (0.0%) gas / (0xeda5ec3008048cb1c99c74e625b8a6a4333bbf82d6403732b55e2d968d923c58)
2026-10-07 22:29:40.249+00:00 | BftProcessorExecutor-QBFT-0 | INFO  | QbftBesuControllerBuilder | Imported #513 / 0 tx / 0 pending / 0 (0.0%) gas / (0xc59604b8e389c116213a722442d5cb3421fd2cd801e12244ea00bf9cbf2b7bdf)
2026-10-07 22:29:40.251+00:00 | EthScheduler-Workers-0 | INFO  | PersistBlockTask | Block 513 (0xc59604b8e389c116213a722442d5cb3421fd2cd801e12244ea00bf9cbf2b7bdf) is already imported
2026-10-07 22:29:42.263+00:00 | BftProcessorExecutor-QBFT-0 | INFO  | QbftBesuControllerBuilder | Imported #514 / 0 tx / 0 pending / 0 (0.0%) gas / (0x2339d4cd194591fce09c514d74b633935a8111c9e8dcd4e5cd3f6532828ab8d0)
2026-10-07 22:29:42.263+00:00 | EthScheduler-Workers-0 | INFO  | PersistBlockTask | Block 514 (0x2339d4cd194591fce09c514d74b633935a8111c9e8dcd4e5cd3f6532828ab8d0) is already imported
2026-10-07 22:29:44.249+00:00 | BftProcessorExecutor-QBFT-0 | INFO  | QbftBesuControllerBuilder | Imported #515 / 0 tx / 0 pending / 0 (0.0%) gas / (0x069fef2e4b96afc9f71adc12192eeb4daeb54f607ad203f941a8d98e9aa4584e)
2026-10-07 22:29:44.250+00:00 | EthScheduler-Workers-0 | INFO  | PersistBlockTask | Block 515 (0x069fef2e4b96afc9f71adc12192eeb4daeb54f607ad203f941a8d98e9aa4584e) is already imported
2026-10-07 22:29:46.333+00:00 | BftProcessorExecutor-QBFT-0 | INFO  | QbftBesuControllerBuilder | Imported #516 / 0 tx / 0 pending / 0 (0.0%) gas / (0x30b25b90ba74d694fb7a69e4f287588f0b14937fddb48d555e6356bb027f52b2)
2026-10-07 22:29:48.329+00:00 | BftProcessorExecutor-QBFT-0 | INFO  | QbftBesuControllerBuilder | Imported #517 / 0 tx / 0 pending / 0 (0.0%) gas / (0xff539d3b061e09c4e506d4bef247689248354e30d655675a5d20fa4f6d33981c)
2026-10-07 22:29:50.336+00:00 | BftProcessorExecutor-QBFT-0 | INFO  | QbftBesuControllerBuilder | Imported #518 / 0 tx / 0 pending / 0 (0.0%) gas / (0xa9b2cdb43d621c94838a688deff44375c239cc6c1f428c9b07e147309e25310c)
2026-10-07 22:29:52.334+00:00 | BftProcessorExecutor-QBFT-0 | INFO  | QbftBesuControllerBuilder | Imported #519 / 0 tx / 0 pending / 0 (0.0%) gas / (0x56e499767bb80a2ee8b244fa3ddb9ac09b6099a35ab0f8013174e3c511cbafe0)
2026-10-07 22:29:54.329+00:00 | BftProcessorExecutor-QBFT-0 | INFO  | QbftBesuControllerBuilder | Produced #520 / 0 tx / 0 pending / 0 (0.0%) gas / (0x15ef369db037349130a4631d31c358a571d772e2ba8d276d1ef1e6d29ca8803f)
2026-10-07 22:29:56.343+00:00 | BftProcessorExecutor-QBFT-0 | INFO  | QbftBesuControllerBuilder | Imported #521 / 0 tx / 0 pending / 0 (0.0%) gas / (0x9332a7903ed9f6edb4eaf622e32c488d3c83adbebbd02a1e35c917b37bfb4b38)
2026-10-07 22:29:58.465+00:00 | BftProcessorExecutor-QBFT-0 | INFO  | QbftBesuControllerBuilder | Imported #522 / 0 tx / 0 pending / 0 (0.0%) gas / (0x28b30906ac69a68861ca151b786a638c8641cdb292a20f2122a1f82c7bb31d99)
2026-10-07 22:30:00.449+00:00 | BftProcessorExecutor-QBFT-0 | INFO  | QbftBesuControllerBuilder | Imported #523 / 0 tx / 0 pending / 0 (0.0%) gas / (0xc56deddbb6d347889a61736e4350aa1549164b36f0d62766ee8b254f56c2c9bd)
2026-10-07 22:30:02.464+00:00 | BftProcessorExecutor-QBFT-0 | INFO  | QbftBesuControllerBuilder | Imported #524 / 0 tx / 0 pending / 0 (0.0%) gas / (0x7bb99e815ca29449b244df63c79a0952a68794d37481562f80a1f8c0f434e29b)
2026-10-07 22:30:04.241+00:00 | BftProcessorExecutor-QBFT-0 | INFO  | QbftBesuControllerBuilder | Imported #525 / 0 tx / 0 pending / 0 (0.0%) gas / (0x733cbcc41de8d0578324da61e63935f922c0dbd686ed1d5fd7aa09d7b66b419d)
2026-10-07 22:30:06.256+00:00 | BftProcessorExecutor-QBFT-0 | INFO  | QbftBesuControllerBuilder | Imported #526 / 0 tx / 0 pending / 0 (0.0%) gas / (0xe6d7241684c6ad10d9ba3722b66c14acba2454fcfd74d967817dea5dfb2f42af)
2026-10-07 22:30:08.255+00:00 | EthScheduler-Workers-0 | INFO  | PersistBlockTask | Block 527 (0xd5a52d8a3acc9cd54315f3852ee35a01e0c3ae96e51d9f3656f6a78634a943e2) is already imported
2026-10-07 22:30:08.256+00:00 | BftProcessorExecutor-QBFT-0 | INFO  | QbftBesuControllerBuilder | Imported #527 / 0 tx / 0 pending / 0 (0.0%) gas / (0xd5a52d8a3acc9cd54315f3852ee35a01e0c3ae96e51d9f3656f6a78634a943e2)
2026-10-07 22:30:10.252+00:00 | BftProcessorExecutor-QBFT-0 | INFO  | QbftBesuControllerBuilder | Imported #528 / 0 tx / 0 pending / 0 (0.0%) gas / (0xb3cb6879089052bcef3a167d5dd036c97b37455b47b08727b7f961d9c239afe7)
2026-10-07 22:30:12.241+00:00 | BftProcessorExecutor-QBFT-0 | INFO  | QbftBesuControllerBuilder | Imported #529 / 0 tx / 0 pending / 0 (0.0%) gas / (0xb7450d96b693fd6ea4770c834fec914b73f2cec0638baabc710b6b2ccc3c3d47)
2026-10-07 22:30:14.253+00:00 | BftProcessorExecutor-QBFT-0 | INFO  | QbftBesuControllerBuilder | Imported #530 / 0 tx / 0 pending / 0 (0.0%) gas / (0x201e16ab7ce44280ef6d9b845203d56bc982baf336876bf3cd096e83da9a25cb)
2026-10-07 22:30:16.343+00:00 | EthScheduler-Workers-0 | INFO  | PersistBlockTask | Block 531 (0x9b00c51090fd33d128af0d10a3e7077ee63ed09682a917d6464cb5025d0872ad) is already imported
2026-10-07 22:30:16.343+00:00 | BftProcessorExecutor-QBFT-0 | INFO  | QbftBesuControllerBuilder | Imported #531 / 0 tx / 0 pending / 0 (0.0%) gas / (0x9b00c51090fd33d128af0d10a3e7077ee63ed09682a917d6464cb5025d0872ad)
2026-10-07 22:30:18.328+00:00 | BftProcessorExecutor-QBFT-0 | INFO  | QbftBesuControllerBuilder | Imported #532 / 0 tx / 0 pending / 0 (0.0%) gas / (0xb3d61372215b3ac57d96a6cf9705ce8d565c742047ec70ba281f1613b2b31e4e)
2026-10-07 22:30:20.339+00:00 | BftProcessorExecutor-QBFT-0 | INFO  | QbftBesuControllerBuilder | Imported #533 / 0 tx / 0 pending / 0 (0.0%) gas / (0x463a428013ff561b45bc4157cb4fa180209da49a61dc8a8d393ff5f7a8aabe6f)
2026-10-07 22:30:22.325+00:00 | BftProcessorExecutor-QBFT-0 | INFO  | QbftBesuControllerBuilder | Imported #534 / 0 tx / 0 pending / 0 (0.0%) gas / (0xea80fc56345d0781330f8ad5f446e84d51ecf5b660b1f75b7e97a1eeb3eb8c72)
2026-10-07 22:30:24.327+00:00 | BftProcessorExecutor-QBFT-0 | INFO  | QbftBesuControllerBuilder | Produced #535 / 0 tx / 0 pending / 0 (0.0%) gas / (0x3b49c8d335aa1c670fa2a18b2430750463252b40a6e2e5ea931f5f28d0b926ff)
2026-10-07 22:30:26.332+00:00 | BftProcessorExecutor-QBFT-0 | INFO  | QbftBesuControllerBuilder | Imported #536 / 0 tx / 0 pending / 0 (0.0%) gas / (0xf5297c7ef1d7c622451332172f0d97b09ded9c4f0604ea76dff7f81ba3748b02)
2026-10-07 22:30:28.484+00:00 | BftProcessorExecutor-QBFT-0 | INFO  | QbftBesuControllerBuilder | Imported #537 / 0 tx / 0 pending / 0 (0.0%) gas / (0x66e879cc8cc7913b39459fb343adec4c288dbbf8f277ba80bc2469f827bf701b)
2026-10-07 22:30:30.472+00:00 | BftProcessorExecutor-QBFT-0 | INFO  | QbftBesuControllerBuilder | Imported #538 / 0 tx / 0 pending / 0 (0.0%) gas / (0xe9776ba90ed8fbf6ef2e1dfe0d43494cc0f2222847156eb6ccb372b4664b3776)
2026-10-07 22:30:33.217+00:00 | BftProcessorExecutor-QBFT-0 | INFO  | QbftBesuControllerBuilder | Imported #539 / 20 tx / 665 pending / 3,072,692 (0.0%) gas / (0x842f209c0b2665451c8fd49a6dec5fe2d39b0dff522380a63be98b2da0b0d6db)
2026-10-07 22:30:34.431+00:00 | BftProcessorExecutor-QBFT-0 | INFO  | QbftBesuControllerBuilder | Imported #540 / 69 tx / 833 pending / 10,600,750 (0.0%) gas / (0x7fb1c81ab1f9e2d126c2e9b27c58e5b935b8200c7b1e85496bec712ffac707ab)
2026-10-07 22:30:36.499+00:00 | BftProcessorExecutor-QBFT-0 | INFO  | QbftBesuControllerBuilder | Imported #541 / 69 tx / 837 pending / 10,600,742 (0.0%) gas / (0x6f181fe7dae21cc0439530fb74cce56b24a0b7f7de61f5fff7c6234a149f1e56)
2026-10-07 22:30:38.651+00:00 | EthScheduler-Workers-0 | INFO  | PersistBlockTask | Block 542 (0x55b24fcbd922b920af0bc1fa955c1261673182b1876bdbd573968cb51d225b76) is already imported
2026-10-07 22:30:38.653+00:00 | BftProcessorExecutor-QBFT-0 | INFO  | QbftBesuControllerBuilder | Imported #542 / 69 tx / 797 pending / 10,600,870 (0.0%) gas / (0x55b24fcbd922b920af0bc1fa955c1261673182b1876bdbd573968cb51d225b76)
2026-10-07 22:30:40.649+00:00 | BftProcessorExecutor-QBFT-0 | INFO  | QbftBesuControllerBuilder | Imported #543 / 69 tx / 728 pending / 10,600,858 (0.0%) gas / (0x3d33f5c2e2c7b7dfd99eedae6b2f0e85a96e35d5e90d486307f69b8e5159ca6a)
2026-10-07 22:30:42.632+00:00 | BftProcessorExecutor-QBFT-0 | INFO  | QbftBesuControllerBuilder | Imported #544 / 68 tx / 660 pending / 10,447,004 (0.0%) gas / (0xfa27d63b6b6f31834ced0b5938b1572f190590e0d620dceb0acb63d4878d31e3)
2026-10-07 22:30:44.822+00:00 | EthScheduler-Workers-0 | INFO  | PersistBlockTask | Block 545 (0xea77aebd158d144cce39ee9098a036a5990f9f0c7129a2ad126718e9db93e3c8) is already imported
2026-10-07 22:30:44.823+00:00 | BftProcessorExecutor-QBFT-0 | INFO  | QbftBesuControllerBuilder | Imported #545 / 68 tx / 592 pending / 10,447,108 (0.0%) gas / (0xea77aebd158d144cce39ee9098a036a5990f9f0c7129a2ad126718e9db93e3c8)
2026-10-07 22:30:46.832+00:00 | EthScheduler-Workers-0 | INFO  | PersistBlockTask | Block 546 (0x77df5029a0da2e426e3547c7dc11670fdec855beb6ff69c11d47636f99d45dc5) is already imported
2026-10-07 22:30:46.832+00:00 | BftProcessorExecutor-QBFT-0 | INFO  | QbftBesuControllerBuilder | Imported #546 / 68 tx / 524 pending / 10,447,024 (0.0%) gas / (0x77df5029a0da2e426e3547c7dc11670fdec855beb6ff69c11d47636f99d45dc5)
2026-10-07 22:30:48.878+00:00 | BftProcessorExecutor-QBFT-0 | INFO  | QbftBesuControllerBuilder | Imported #547 / 68 tx / 456 pending / 10,447,100 (0.0%) gas / (0xa51eaddfce8ca6ab963a3c8c61069916e5161907db392442c074026459a24688)
2026-10-07 22:30:50.874+00:00 | EthScheduler-Workers-0 | INFO  | PersistBlockTask | Block 548 (0x32fff5400a7ae7645ba80604b960e5ec0497cc0533f2e5ef86c063b9716913ce) is already imported
2026-10-07 22:30:50.874+00:00 | BftProcessorExecutor-QBFT-0 | INFO  | QbftBesuControllerBuilder | Imported #548 / 68 tx / 388 pending / 10,447,028 (0.0%) gas / (0x32fff5400a7ae7645ba80604b960e5ec0497cc0533f2e5ef86c063b9716913ce)
2026-10-07 22:30:52.883+00:00 | EthScheduler-Workers-0 | INFO  | PersistBlockTask | Block 549 (0xc7255343b83cc7b808e1b5a7aeb15dc81d7d890c7719b799487b9cd0a78dcaaa) is already imported
2026-10-07 22:30:52.885+00:00 | BftProcessorExecutor-QBFT-0 | INFO  | QbftBesuControllerBuilder | Imported #549 / 68 tx / 320 pending / 10,447,264 (0.0%) gas / (0xc7255343b83cc7b808e1b5a7aeb15dc81d7d890c7719b799487b9cd0a78dcaaa)
2026-10-07 22:30:54.897+00:00 | BftProcessorExecutor-QBFT-0 | INFO  | QbftBesuControllerBuilder | Produced #550 / 68 tx / 252 pending / 10,447,120 (0.0%) gas / (0x06520509e235e1be246fb72573fc0198af573cfa46b4d051c970a9f0795d9528)
2026-10-07 22:30:56.904+00:00 | EthScheduler-Workers-0 | INFO  | PersistBlockTask | Block 551 (0x3e247c8498866b9ffc7f0ac7743248f89b2ffd4f548989814d33e17f9ab77b5a) is already imported
2026-10-07 22:30:56.904+00:00 | BftProcessorExecutor-QBFT-0 | INFO  | QbftBesuControllerBuilder | Imported #551 / 68 tx / 184 pending / 10,447,040 (0.0%) gas / (0x3e247c8498866b9ffc7f0ac7743248f89b2ffd4f548989814d33e17f9ab77b5a)
2026-10-07 22:30:59.427+00:00 | EthScheduler-Workers-0 | INFO  | PersistBlockTask | Block 552 (0xd30cb137de0f1bc77981ffe9c7b8214afe5b7a06f7d09d5b1abd82cce4e1c619) is already imported
2026-10-07 22:30:59.429+00:00 | BftProcessorExecutor-QBFT-0 | INFO  | QbftBesuControllerBuilder | Imported #552 / 68 tx / 116 pending / 10,447,152 (0.0%) gas / (0xd30cb137de0f1bc77981ffe9c7b8214afe5b7a06f7d09d5b1abd82cce4e1c619)
2026-10-07 22:31:01.014+00:00 | BftProcessorExecutor-QBFT-0 | INFO  | QbftBesuControllerBuilder | Imported #553 / 68 tx / 48 pending / 10,447,072 (0.0%) gas / (0x910cd62c15cb6c5c2d183b8b997774121a1922b3b4666aada30af082766e5ab9)
2026-10-07 22:31:02.903+00:00 | EthScheduler-Workers-0 | INFO  | PersistBlockTask | Block 554 (0xb18e9de1a82de3f052591521cc583b4ace3b006a06e7019ac1e713be5828038d) is already imported
2026-10-07 22:31:02.903+00:00 | BftProcessorExecutor-QBFT-0 | INFO  | QbftBesuControllerBuilder | Imported #554 / 48 tx / 0 pending / 7,374,396 (0.0%) gas / (0xb18e9de1a82de3f052591521cc583b4ace3b006a06e7019ac1e713be5828038d)
2026-10-07 22:31:04.250+00:00 | BftProcessorExecutor-QBFT-0 | INFO  | QbftBesuControllerBuilder | Imported #555 / 0 tx / 0 pending / 0 (0.0%) gas / (0xac40f070cd5253d3dff02215ae39dc610b4fe72f45258b8b7e60a3b730da772e)
2026-10-07 22:31:06.254+00:00 | BftProcessorExecutor-QBFT-0 | INFO  | QbftBesuControllerBuilder | Imported #556 / 0 tx / 0 pending / 0 (0.0%) gas / (0xe694ff559f1331f58c2601fcd2880abfd33950340132a6d34407c7b32836fde2)
2026-10-07 22:31:08.256+00:00 | BftProcessorExecutor-QBFT-0 | INFO  | QbftBesuControllerBuilder | Imported #557 / 0 tx / 0 pending / 0 (0.0%) gas / (0xa51a8267acba536a8933f2355b286f304f0b81092f94d694292524c138c9a83a)
2026-10-07 22:31:10.252+00:00 | BftProcessorExecutor-QBFT-0 | INFO  | QbftBesuControllerBuilder | Imported #558 / 0 tx / 0 pending / 0 (0.0%) gas / (0x9b918ec7236ef81a3f88895e171414ccebac404e12db217bde3c037081fc7f05)
2026-10-07 22:31:12.259+00:00 | EthScheduler-Workers-0 | INFO  | PersistBlockTask | Block 559 (0x455fc1070fbfd65e74280791c4a2e15a8d5a38b8d332efe36ad86e96a7a81864) is already imported
2026-10-07 22:31:12.259+00:00 | BftProcessorExecutor-QBFT-0 | INFO  | QbftBesuControllerBuilder | Imported #559 / 0 tx / 0 pending / 0 (0.0%) gas / (0x455fc1070fbfd65e74280791c4a2e15a8d5a38b8d332efe36ad86e96a7a81864)
2026-10-07 22:31:14.247+00:00 | BftProcessorExecutor-QBFT-0 | INFO  | QbftBesuControllerBuilder | Imported #560 / 0 tx / 0 pending / 0 (0.0%) gas / (0xe874cce4bb881e4609d3380366f37449a350ded09d3fe14905bc7524424bfa43)
2026-10-07 22:31:16.350+00:00 | BftProcessorExecutor-QBFT-0 | INFO  | QbftBesuControllerBuilder | Imported #561 / 0 tx / 0 pending / 0 (0.0%) gas / (0x9a364d60d6494eb63eb99d691dbcdeba3f75cbcb6f6f26bec3c556f92ad5c9de)
2026-10-07 22:31:16.354+00:00 | EthScheduler-Workers-0 | INFO  | PersistBlockTask | Block 561 (0x9a364d60d6494eb63eb99d691dbcdeba3f75cbcb6f6f26bec3c556f92ad5c9de) is already imported
2026-10-07 22:31:18.336+00:00 | EthScheduler-Workers-0 | INFO  | PersistBlockTask | Block 562 (0xe0a4102eca721b47cea34f92cf42c243dc5f75027c17f0523165bee66d611d60) is already imported
2026-10-07 22:31:18.336+00:00 | BftProcessorExecutor-QBFT-0 | INFO  | QbftBesuControllerBuilder | Imported #562 / 0 tx / 0 pending / 0 (0.0%) gas / (0xe0a4102eca721b47cea34f92cf42c243dc5f75027c17f0523165bee66d611d60)
2026-10-07 22:31:20.322+00:00 | BftProcessorExecutor-QBFT-0 | INFO  | QbftBesuControllerBuilder | Imported #563 / 0 tx / 0 pending / 0 (0.0%) gas / (0x92de580a155e6c63cbd230269e3167968dc6cfdd1169c69e62d3c2c02d99b657)
2026-10-07 22:31:22.330+00:00 | BftProcessorExecutor-QBFT-0 | INFO  | QbftBesuControllerBuilder | Imported #564 / 0 tx / 0 pending / 0 (0.0%) gas / (0xe526e9db22c4f31a7a9564645c5cf6915fe9feb20d290534df7cbe7b87e92d22)
2026-10-07 22:31:24.328+00:00 | BftProcessorExecutor-QBFT-0 | INFO  | QbftBesuControllerBuilder | Produced #565 / 0 tx / 0 pending / 0 (0.0%) gas / (0x7e2d29913338219e108c5a3027b267ef6749c72939405d7dd6c44a43266ff12c)
2026-10-07 22:31:26.340+00:00 | EthScheduler-Workers-0 | INFO  | PersistBlockTask | Block 566 (0x0a974c6531ef9be2ca617b045d7b8bd7b5d72846a9903784376487a4233bcfed) is already imported
2026-10-07 22:31:26.340+00:00 | BftProcessorExecutor-QBFT-0 | INFO  | QbftBesuControllerBuilder | Imported #566 / 0 tx / 0 pending / 0 (0.0%) gas / (0x0a974c6531ef9be2ca617b045d7b8bd7b5d72846a9903784376487a4233bcfed)
2026-10-07 22:31:28.481+00:00 | BftProcessorExecutor-QBFT-0 | INFO  | QbftBesuControllerBuilder | Imported #567 / 0 tx / 0 pending / 0 (0.0%) gas / (0xe332b91629d381d8bc74325dfc8dd55d84697dc5c792f323b6b5da63d6421419)
2026-10-07 22:31:30.500+00:00 | BftProcessorExecutor-QBFT-0 | INFO  | QbftBesuControllerBuilder | Imported #568 / 0 tx / 0 pending / 0 (0.0%) gas / (0x73dfe9e5bb2c2ed518a0ee91d339f91a584bc950d035cfdc40d9c75de2b95002)
2026-10-07 22:31:32.468+00:00 | BftProcessorExecutor-QBFT-0 | INFO  | QbftBesuControllerBuilder | Imported #569 / 0 tx / 0 pending / 0 (0.0%) gas / (0x9333092b796ef108593172c3009c4c67a3fd019d9563e0e8f5ab9ccd50313ce5)
2026-10-07 22:31:34.232+00:00 | BftProcessorExecutor-QBFT-0 | INFO  | QbftBesuControllerBuilder | Imported #570 / 0 tx / 0 pending / 0 (0.0%) gas / (0x853d39dbf33698e040aedb393e9713694f5e8769890ce3ba233c0306fd923dac)
2026-10-07 22:31:36.243+00:00 | BftProcessorExecutor-QBFT-0 | INFO  | QbftBesuControllerBuilder | Imported #571 / 0 tx / 0 pending / 0 (0.0%) gas / (0xedb678c7d95b2c3455eae4670ef428c9b931a94f7f66029734dcaed31823fc76)
2026-10-07 22:31:38.246+00:00 | BftProcessorExecutor-QBFT-0 | INFO  | QbftBesuControllerBuilder | Imported #572 / 0 tx / 0 pending / 0 (0.0%) gas / (0x442924bd7272619be249a48cb8aa36b6cb317ed3bfdd0047b50300b2e372c523)
2026-10-07 22:31:40.241+00:00 | BftProcessorExecutor-QBFT-0 | INFO  | QbftBesuControllerBuilder | Imported #573 / 0 tx / 0 pending / 0 (0.0%) gas / (0xd592c199481c430c0a4ff06a55650a1cbc8b8a0f2bcb2edbd14204dd04bf1cf1)
2026-10-07 22:31:42.248+00:00 | BftProcessorExecutor-QBFT-0 | INFO  | QbftBesuControllerBuilder | Imported #574 / 0 tx / 0 pending / 0 (0.0%) gas / (0xed8c92023a3b51bac9301b92cd050ede9b41471faf13d316a62dc7efe82d4ea9)
2026-10-07 22:31:44.249+00:00 | EthScheduler-Workers-0 | INFO  | PersistBlockTask | Block 575 (0x876c83b41ccb2939497744d9729b4e1ea986f6cbf8824c0d15286494d647645a) is already imported
2026-10-07 22:31:44.249+00:00 | BftProcessorExecutor-QBFT-0 | INFO  | QbftBesuControllerBuilder | Imported #575 / 0 tx / 0 pending / 0 (0.0%) gas / (0x876c83b41ccb2939497744d9729b4e1ea986f6cbf8824c0d15286494d647645a)
2026-10-07 22:31:46.316+00:00 | BftProcessorExecutor-QBFT-0 | INFO  | QbftBesuControllerBuilder | Imported #576 / 0 tx / 0 pending / 0 (0.0%) gas / (0x7c4f2126bb3388cd137610090f200cf3ef24f288b0c33aadc6b8d3987ebb2b09)
2026-10-07 22:31:48.499+00:00 | EthScheduler-Workers-0 | INFO  | PersistBlockTask | Block 577 (0xea27ef7b2deb7e69bdfb7b91c91333dc6d88688a18f76af72889fad7a928cf67) is already imported
2026-10-07 22:31:48.499+00:00 | BftProcessorExecutor-QBFT-0 | INFO  | QbftBesuControllerBuilder | Imported #577 / 4 tx / 132 pending / 967,880 (0.0%) gas / (0xea27ef7b2deb7e69bdfb7b91c91333dc6d88688a18f76af72889fad7a928cf67)
2026-10-07 22:31:51.218+00:00 | EthScheduler-Workers-0 | INFO  | PersistBlockTask | Block 578 (0x01770822925cb3af6932c656b34a46a4602a348d3eef32884991a0c2f0f15649) is already imported
2026-10-07 22:31:51.219+00:00 | BftProcessorExecutor-QBFT-0 | INFO  | QbftBesuControllerBuilder | Imported #578 / 47 tx / 903 pending / 11,372,590 (0.0%) gas / (0x01770822925cb3af6932c656b34a46a4602a348d3eef32884991a0c2f0f15649)
2026-10-07 22:31:53.678+00:00 | EthScheduler-Workers-0 | INFO  | PersistBlockTask | Block 579 (0xddf48ae5653183f4405f51c1a138394c14d5553f85c0d457391a044d44a2f46e) is already imported
2026-10-07 22:31:53.681+00:00 | BftProcessorExecutor-QBFT-0 | INFO  | QbftBesuControllerBuilder | Imported #579 / 88 tx / 1593 pending / 21,293,360 (0.0%) gas / (0xddf48ae5653183f4405f51c1a138394c14d5553f85c0d457391a044d44a2f46e)
2026-10-07 22:31:56.385+00:00 | BftProcessorExecutor-QBFT-0 | INFO  | QbftBesuControllerBuilder | Produced #580 / 135 tx / 2361 pending / 32,665,950 (0.0%) gas / (0xdbe9c08bea0afed7b3cac8fa475bfb192424f4636035e42d7764878ce0271487)
2026-10-07 22:31:59.559+00:00 | BftProcessorExecutor-QBFT-0 | INFO  | QbftBesuControllerBuilder | Imported #581 / 194 tx / 3274 pending / 46,942,180 (0.0%) gas / (0xd75ca8fe77e2da99f17776ff32b301cc2c5b09f7cd2536c73d254f211223b592)
2026-10-07 22:32:06.338+00:00 | BftProcessorExecutor-QBFT-0 | INFO  | QbftBesuControllerBuilder | Imported #582 / 272 tx / 5290 pending / 65,815,840 (0.0%) gas / (0x36e4b14b6980c202bd6dcc9385e8f5d2e65cf47678af80e8dbcf15b633dbac12)
2026-10-07 22:32:12.322+00:00 | BftProcessorExecutor-QBFT-0 | INFO  | QbftBesuControllerBuilder | Imported #583 / 329 tx / 6925 pending / 79,608,130 (0.0%) gas / (0xbdbb3081660066314b24cf5cf3302f06a76db635e64a7c8054cd63300259e955)
2026-10-07 22:32:17.783+00:00 | BftProcessorExecutor-QBFT-0 | INFO  | QbftBesuControllerBuilder | Imported #584 / 341 tx / 6782 pending / 82,511,770 (0.0%) gas / (0x07f0eda5ee22b35406c6c7fb15d013aea9cf31770b2a578b86b10742749eda26)
2026-10-07 22:32:22.864+00:00 | BftProcessorExecutor-QBFT-0 | INFO  | QbftBesuControllerBuilder | Imported #585 / 342 tx / 6440 pending / 82,753,740 (0.0%) gas / (0xb54e14b7591d7801c710762519a2a06df07465b5cd8a9f1e31d9fdd134331dd2)
2026-10-07 22:32:27.917+00:00 | BftProcessorExecutor-QBFT-0 | INFO  | QbftBesuControllerBuilder | Imported #586 / 338 tx / 6102 pending / 81,785,860 (0.0%) gas / (0x6af680584e8f09b44f0cbed91906723573abf0160147eed4087e9de4aa3a7253)
2026-10-07 22:32:32.922+00:00 | EthScheduler-Workers-0 | INFO  | PersistBlockTask | Block 587 (0xce63fa4a9823e2598d06ce6fb0cbfffd5a082fb4c761a5b41e0346533f6a0b69) is already imported
2026-10-07 22:32:32.926+00:00 | BftProcessorExecutor-QBFT-0 | INFO  | QbftBesuControllerBuilder | Imported #587 / 329 tx / 5773 pending / 79,608,130 (0.0%) gas / (0xce63fa4a9823e2598d06ce6fb0cbfffd5a082fb4c761a5b41e0346533f6a0b69)
2026-10-07 22:32:37.770+00:00 | BftProcessorExecutor-QBFT-0 | INFO  | QbftBesuControllerBuilder | Imported #588 / 338 tx / 5435 pending / 81,785,860 (0.0%) gas / (0xf89ce458e1cf4fc09696d1531d000d56bf62f00afa30c7a88e0f95e9263d3d30)
2026-10-07 22:32:42.681+00:00 | BftProcessorExecutor-QBFT-0 | INFO  | QbftBesuControllerBuilder | Imported #589 / 336 tx / 5099 pending / 81,301,920 (0.0%) gas / (0x2be9282cc0fc875853f6c3c62efcace5d09909265db11f0acb228add7d3ef429)
2026-10-07 22:32:47.617+00:00 | BftProcessorExecutor-QBFT-0 | INFO  | QbftBesuControllerBuilder | Imported #590 / 328 tx / 4771 pending / 79,366,160 (0.0%) gas / (0xc1b55def7b08d9f87e71c6a38b1861bfb707b374baed6a9fb7ce8b83af049d46)
2026-10-07 22:32:52.684+00:00 | BftProcessorExecutor-QBFT-0 | INFO  | QbftBesuControllerBuilder | Imported #591 / 340 tx / 4431 pending / 82,269,800 (0.0%) gas / (0xd44f522d6923edc7b708a4a2c022d23c691359b5e41f3ce2cd8700d169ec06c8)
2026-10-07 22:32:57.987+00:00 | BftProcessorExecutor-QBFT-0 | INFO  | QbftBesuControllerBuilder | Imported #592 / 343 tx / 4088 pending / 82,995,710 (0.0%) gas / (0x7bd65b048ff0b0ca4377b3135b9b311038386edf8a904710929362760e59d247)
2026-10-07 22:33:03.177+00:00 | BftProcessorExecutor-QBFT-0 | INFO  | QbftBesuControllerBuilder | Imported #593 / 346 tx / 3742 pending / 83,721,620 (0.0%) gas / (0x96fb74c3602f68bc279457057c9838c328e5016c53aa8e510bf7d9b2cb684a36)
2026-10-07 22:33:08.322+00:00 | BftProcessorExecutor-QBFT-0 | INFO  | QbftBesuControllerBuilder | Imported #594 / 334 tx / 3408 pending / 80,817,980 (0.0%) gas / (0xf8d3fda5aa54db3e0cc11a3362aae0a058d1d3dccd506c1f892c77eb1615bcb6)
2026-10-07 22:33:09.827+00:00 | BftProcessorExecutor-QBFT-0 | WARN  | BlockTransactionSelector | Interrupting the selection of transactions for block inclusion as it exceeds the maximum configured duration of 1500ms
java.util.concurrent.TimeoutException
	at java.base/java.util.concurrent.CompletableFuture.timedGet(CompletableFuture.java:1960)
	at java.base/java.util.concurrent.CompletableFuture.get(CompletableFuture.java:2095)
	at org.hyperledger.besu.ethereum.blockcreation.txselection.BlockTransactionSelector.timeLimitedSelection(BlockTransactionSelector.java:186)
	at org.hyperledger.besu.ethereum.blockcreation.txselection.BlockTransactionSelector.buildTransactionListForBlock(BlockTransactionSelector.java:169)
	at org.hyperledger.besu.ethereum.blockcreation.AbstractBlockCreator.selectTransactions(AbstractBlockCreator.java:376)
	at org.hyperledger.besu.ethereum.blockcreation.AbstractBlockCreator.createBlock(AbstractBlockCreator.java:218)
	at org.hyperledger.besu.ethereum.blockcreation.AbstractBlockCreator.createBlock(AbstractBlockCreator.java:146)
	at org.hyperledger.besu.consensus.common.bft.blockcreation.BftBlockCreator.createBlock(BftBlockCreator.java:92)
	at org.hyperledger.besu.consensus.qbft.statemachine.QbftRound.createAndSendProposalMessage(QbftRound.java:137)
	at org.hyperledger.besu.consensus.qbft.statemachine.QbftBlockHeightManager.handleBlockTimerExpiry(QbftBlockHeightManager.java:140)
	at org.hyperledger.besu.consensus.common.bft.statemachine.BaseBftController.handleBlockTimerExpiry(BaseBftController.java:167)
	at org.hyperledger.besu.consensus.common.bft.EventMultiplexer.handleBftEvent(EventMultiplexer.java:65)
	at java.base/java.util.Optional.ifPresent(Optional.java:178)
	at org.hyperledger.besu.consensus.common.bft.BftProcessor.run(BftProcessor.java:65)
	at java.base/java.util.concurrent.ThreadPoolExecutor.runWorker(ThreadPoolExecutor.java:1144)
	at java.base/java.util.concurrent.ThreadPoolExecutor$Worker.run(ThreadPoolExecutor.java:642)
	at java.base/java.lang.Thread.run(Thread.java:1583)
2026-10-07 22:33:13.442+00:00 | BftProcessorExecutor-QBFT-0 | INFO  | QbftBesuControllerBuilder | Produced #595 / 336 tx / 3072 pending / 81,301,920 (0.0%) gas / (0x0ef5dedbd7fe9fbf0470a3bd805de08408670a05de201164605f479606a58435)
2026-10-07 22:33:18.581+00:00 | BftProcessorExecutor-QBFT-0 | INFO  | QbftBesuControllerBuilder | Imported #596 / 332 tx / 2740 pending / 80,334,040 (0.0%) gas / (0x00facf7d43583ad2a069696944fab11c725425269701e3ffe14cbf2d670ff5de)
2026-10-07 22:33:23.658+00:00 | BftProcessorExecutor-QBFT-0 | INFO  | QbftBesuControllerBuilder | Imported #597 / 272 tx / 2468 pending / 65,815,840 (0.0%) gas / (0xfe35966bfb46812e634f75b961990bedb4a64ed2141436c4f6e1c92f75670788)
2026-10-07 22:33:27.491+00:00 | BftProcessorExecutor-QBFT-0 | INFO  | QbftBesuControllerBuilder | Imported #598 / 215 tx / 2253 pending / 52,023,550 (0.0%) gas / (0x16fd2d22f408c2310e82afab5617f676a7a1edb7c9caa2cd035451d2e7b856de)
2026-10-07 22:33:31.240+00:00 | BftProcessorExecutor-QBFT-0 | INFO  | QbftBesuControllerBuilder | Imported #599 / 203 tx / 2050 pending / 49,119,910 (0.0%) gas / (0xd2c1a2ccb9cd0da380eeaaa69d6db5340bf4385d31532b3c96be50362bccf7e4)
2026-10-07 22:33:34.550+00:00 | BftProcessorExecutor-QBFT-0 | INFO  | QbftBesuControllerBuilder | Imported #600 / 207 tx / 1843 pending / 50,087,790 (0.0%) gas / (0x0c94d03bb3bb794d56a32bcaaf62298770cabe0376eebdc22c253e2b44e6362c)
2026-10-07 22:33:37.735+00:00 | BftProcessorExecutor-QBFT-0 | INFO  | QbftBesuControllerBuilder | Imported #601 / 211 tx / 1632 pending / 51,055,670 (0.0%) gas / (0x4b3bb25c7affeb29ee514eae5811b56c89e155d79fdc5aea6188a97bbafc89d3)
2026-10-07 22:33:41.117+00:00 | BftProcessorExecutor-QBFT-0 | INFO  | QbftBesuControllerBuilder | Imported #602 / 220 tx / 1412 pending / 53,233,400 (0.0%) gas / (0x3f649e2dfde09b49766ba10a1fb434a55c7f1d280800d293868d5a09959ae62d)
2026-10-07 22:33:44.314+00:00 | BftProcessorExecutor-QBFT-0 | INFO  | QbftBesuControllerBuilder | Imported #603 / 211 tx / 1201 pending / 51,055,670 (0.0%) gas / (0x5f871d84eabec64dfd541dc57a07dd1b3834670e81e6a586f9576832898079b2)
2026-10-07 22:33:47.602+00:00 | BftProcessorExecutor-QBFT-0 | INFO  | QbftBesuControllerBuilder | Imported #604 / 213 tx / 988 pending / 51,539,610 (0.0%) gas / (0xbb0f17ee060a2bc5f520e1f8a3818669a2b28e1ba03a55c2f63df5313569873e)
2026-10-07 22:33:50.932+00:00 | BftProcessorExecutor-QBFT-0 | INFO  | QbftBesuControllerBuilder | Imported #605 / 217 tx / 771 pending / 52,507,490 (0.0%) gas / (0x7d10618f8173221fb3b8e9ab7cf85e5ea13c8013db704394442ecc4c8b9ca92f)
2026-10-07 22:33:54.265+00:00 | BftProcessorExecutor-QBFT-0 | INFO  | QbftBesuControllerBuilder | Imported #606 / 205 tx / 566 pending / 49,603,850 (0.0%) gas / (0xb0fe873a662db0b49a462f36ce9888bd25e07321ce7913076c106af14652337d)
2026-10-07 22:33:57.544+00:00 | BftProcessorExecutor-QBFT-0 | INFO  | QbftBesuControllerBuilder | Imported #607 / 198 tx / 368 pending / 47,910,060 (0.0%) gas / (0x2f3114f1e2df7152025394762b9687d7d8bd202222c1dc05c9bb0b4134cdc1cf)
2026-10-07 22:33:59.982+00:00 | BftProcessorExecutor-QBFT-0 | INFO  | QbftBesuControllerBuilder | Imported #608 / 152 tx / 216 pending / 36,779,440 (0.0%) gas / (0xebc644f530d9c3682d9aa43cb161944214790855eda7645f1ce2bde3a6b8fbee)
2026-10-07 22:34:02.034+00:00 | EthScheduler-Workers-0 | INFO  | PersistBlockTask | Block 609 (0xe717234819d823bcfbb45b31d793540129b256ddae0c2e91c5590291bb54cdd4) is already imported
2026-10-07 22:34:02.034+00:00 | BftProcessorExecutor-QBFT-0 | INFO  | QbftBesuControllerBuilder | Imported #609 / 123 tx / 93 pending / 29,762,310 (0.0%) gas / (0xe717234819d823bcfbb45b31d793540129b256ddae0c2e91c5590291bb54cdd4)
2026-10-07 22:34:03.447+00:00 | EthScheduler-Workers-0 | INFO  | PersistBlockTask | Block 610 (0x877adc27180765e5203b6a287ba7eb991f7ad4e77fdf64521748476b6306ba59) is already imported
2026-10-07 22:34:03.448+00:00 | BftProcessorExecutor-QBFT-0 | INFO  | QbftBesuControllerBuilder | Produced #610 / 74 tx / 19 pending / 17,905,780 (0.0%) gas / (0x877adc27180765e5203b6a287ba7eb991f7ad4e77fdf64521748476b6306ba59)
2026-10-07 22:34:04.745+00:00 | BftProcessorExecutor-QBFT-0 | INFO  | QbftBesuControllerBuilder | Imported #611 / 19 tx / 0 pending / 4,597,430 (0.0%) gas / (0xf89821292311858b3bc90005a763f93a649b1685c75d2395c03b2641871f7ba5)
2026-10-07 22:34:04.745+00:00 | EthScheduler-Workers-0 | INFO  | PersistBlockTask | Block 611 (0xf89821292311858b3bc90005a763f93a649b1685c75d2395c03b2641871f7ba5) is already imported
2026-10-07 22:34:06.500+00:00 | BftProcessorExecutor-QBFT-0 | INFO  | QbftBesuControllerBuilder | Imported #612 / 0 tx / 0 pending / 0 (0.0%) gas / (0x56fbfd8874b5f92f3a19e4604df209618fa337b5a4b42914e864965487680e4c)
2026-10-07 22:34:08.462+00:00 | BftProcessorExecutor-QBFT-0 | INFO  | QbftBesuControllerBuilder | Imported #613 / 0 tx / 0 pending / 0 (0.0%) gas / (0x8d35b0229e5db8da6e932ed86540f082a0e43718077f06d7d238db253ab0a7cd)
2026-10-07 22:34:10.500+00:00 | EthScheduler-Workers-0 | INFO  | PersistBlockTask | Block 614 (0x7c98fbf23a80bea85c3a39dc859bfa1e89edace603ff3d900dae99f898e572d5) is already imported
2026-10-07 22:34:10.500+00:00 | BftProcessorExecutor-QBFT-0 | INFO  | QbftBesuControllerBuilder | Imported #614 / 0 tx / 0 pending / 0 (0.0%) gas / (0x7c98fbf23a80bea85c3a39dc859bfa1e89edace603ff3d900dae99f898e572d5)
2026-10-07 22:34:12.260+00:00 | BftProcessorExecutor-QBFT-0 | INFO  | QbftBesuControllerBuilder | Imported #615 / 0 tx / 0 pending / 0 (0.0%) gas / (0xe6ab17ff3fa1cc9a6dbd740fb7190d6a4a42f95ba69d9e9dad4cbce4a3cdbed2)
2026-10-07 22:34:14.259+00:00 | BftProcessorExecutor-QBFT-0 | INFO  | QbftBesuControllerBuilder | Imported #616 / 0 tx / 0 pending / 0 (0.0%) gas / (0x2baf6e3a851e245f3a9d0789cc52402f21135e1c02faff570b6d4a564a1f7de6)
2026-10-07 22:34:14.261+00:00 | EthScheduler-Workers-0 | INFO  | PersistBlockTask | Block 616 (0x2baf6e3a851e245f3a9d0789cc52402f21135e1c02faff570b6d4a564a1f7de6) is already imported
2026-10-07 22:34:16.256+00:00 | BftProcessorExecutor-QBFT-0 | INFO  | QbftBesuControllerBuilder | Imported #617 / 0 tx / 0 pending / 0 (0.0%) gas / (0x5a4d8ff867f204878b4c78645edf0ae2a475e28ebabd19641124293a03221b47)
2026-10-07 22:34:18.251+00:00 | BftProcessorExecutor-QBFT-0 | INFO  | QbftBesuControllerBuilder | Imported #618 / 0 tx / 0 pending / 0 (0.0%) gas / (0xfaff0b606e248d98e2d03227e0ba143666524a623bbb68bed6102a57eae6e33a)
2026-10-07 22:34:18.254+00:00 | EthScheduler-Workers-0 | INFO  | PersistBlockTask | Block 618 (0xfaff0b606e248d98e2d03227e0ba143666524a623bbb68bed6102a57eae6e33a) is already imported
2026-10-07 22:34:20.244+00:00 | BftProcessorExecutor-QBFT-0 | INFO  | QbftBesuControllerBuilder | Imported #619 / 0 tx / 0 pending / 0 (0.0%) gas / (0x012c745c9b5f130e1120ed0b8ccab610c4f468e16e00adc49e020283346e6e97)
2026-10-07 22:34:22.256+00:00 | BftProcessorExecutor-QBFT-0 | INFO  | QbftBesuControllerBuilder | Imported #620 / 0 tx / 0 pending / 0 (0.0%) gas / (0x53882727764f6bdd545d6472dd5c210a9cc202ee740ab241a726c2f53f0586e7)
2026-10-07 22:34:24.345+00:00 | EthScheduler-Workers-0 | INFO  | PersistBlockTask | Block 621 (0xefe5be92b2fbc3bb682e93173e011f94370c943d51e7073e98e4ef260522d95e) is already imported
2026-10-07 22:34:24.345+00:00 | BftProcessorExecutor-QBFT-0 | INFO  | QbftBesuControllerBuilder | Imported #621 / 0 tx / 0 pending / 0 (0.0%) gas / (0xefe5be92b2fbc3bb682e93173e011f94370c943d51e7073e98e4ef260522d95e)
2026-10-07 22:34:26.351+00:00 | BftProcessorExecutor-QBFT-0 | INFO  | QbftBesuControllerBuilder | Imported #622 / 0 tx / 0 pending / 0 (0.0%) gas / (0x0fd0c2ce9bc2595a0628dcf1244a60da266a39b411badba518133bfaa1a1409b)
2026-10-07 22:34:28.336+00:00 | BftProcessorExecutor-QBFT-0 | INFO  | QbftBesuControllerBuilder | Imported #623 / 0 tx / 0 pending / 0 (0.0%) gas / (0xe7787aef2b0fd2a5bc1c21152dd3e07936538bfba74288966c867e1e85e1bc67)
2026-10-07 22:34:30.353+00:00 | BftProcessorExecutor-QBFT-0 | INFO  | QbftBesuControllerBuilder | Imported #624 / 0 tx / 0 pending / 0 (0.0%) gas / (0x97f8d61fe1e2773faec998a1f9b3c6abf7f14b058e6a62ecbb383a90dc005ad6)
2026-10-07 22:34:32.339+00:00 | BftProcessorExecutor-QBFT-0 | INFO  | QbftBesuControllerBuilder | Produced #625 / 0 tx / 0 pending / 0 (0.0%) gas / (0x783985dd6d29a73fa2947256f2f6a3ae43c7fe1718df842d42f9b589316e4fc5)
2026-10-07 22:34:34.342+00:00 | BftProcessorExecutor-QBFT-0 | INFO  | QbftBesuControllerBuilder | Imported #626 / 0 tx / 0 pending / 0 (0.0%) gas / (0x754ca8156395c47f25a3b13c63d44d9b3b809ba82a0c571098b257c700a1d46c)
2026-10-07 22:34:36.503+00:00 | BftProcessorExecutor-QBFT-0 | INFO  | QbftBesuControllerBuilder | Imported #627 / 0 tx / 0 pending / 0 (0.0%) gas / (0xc9c8dde42d26eb259640e7b62be37a8ae082bd6bcc8b62eecd9c55da309222b8)
2026-10-07 22:34:38.454+00:00 | BftProcessorExecutor-QBFT-0 | INFO  | QbftBesuControllerBuilder | Imported #628 / 0 tx / 0 pending / 0 (0.0%) gas / (0x6ec6fd3f5844130624772be7aaf4335872edbb14e1cab642793ca501c038a57f)
2026-10-07 22:34:40.518+00:00 | BftProcessorExecutor-QBFT-0 | INFO  | QbftBesuControllerBuilder | Imported #629 / 0 tx / 0 pending / 0 (0.0%) gas / (0x819b5ed6028d6c75a6555477ca333a07b07d5a13d837d2f3af9f684f71c0b57d)
2026-10-07 22:34:42.250+00:00 | BftProcessorExecutor-QBFT-0 | INFO  | QbftBesuControllerBuilder | Imported #630 / 0 tx / 0 pending / 0 (0.0%) gas / (0x3be59cf50a9f1a6a3e619879897aabb1408252c9031fdb4402365a4e2ea3c733)
2026-10-07 22:34:44.254+00:00 | BftProcessorExecutor-QBFT-0 | INFO  | QbftBesuControllerBuilder | Imported #631 / 0 tx / 0 pending / 0 (0.0%) gas / (0x4963a58eb97550f61379e5f97e4c6067dc0c332651b6ad31c2f4a53eb542feda)
2026-10-07 22:34:46.261+00:00 | BftProcessorExecutor-QBFT-0 | INFO  | QbftBesuControllerBuilder | Imported #632 / 0 tx / 0 pending / 0 (0.0%) gas / (0x4b3634b7346652a861b04412676dff8ad0a975a073695b3f596117d93b4e32dc)
2026-10-07 22:34:46.264+00:00 | EthScheduler-Workers-0 | INFO  | PersistBlockTask | Block 632 (0x4b3634b7346652a861b04412676dff8ad0a975a073695b3f596117d93b4e32dc) is already imported
2026-10-07 22:34:48.257+00:00 | BftProcessorExecutor-QBFT-0 | INFO  | QbftBesuControllerBuilder | Imported #633 / 0 tx / 0 pending / 0 (0.0%) gas / (0xffae415f714895fb171ddac2df38bc3d630a797201653bd92e7bc23084aba1e4)
2026-10-07 22:34:50.255+00:00 | BftProcessorExecutor-QBFT-0 | INFO  | QbftBesuControllerBuilder | Imported #634 / 0 tx / 0 pending / 0 (0.0%) gas / (0x49be350c17774099f4db46ee6577bda087ba2b7a63983ede79fa30be8d86b451)
2026-10-07 22:34:52.255+00:00 | EthScheduler-Workers-0 | INFO  | PersistBlockTask | Block 635 (0x0e4b4f776f777de813f81cd518dada1a3574627455c76c76db76090e02a9d3a6) is already imported
2026-10-07 22:34:52.256+00:00 | BftProcessorExecutor-QBFT-0 | INFO  | QbftBesuControllerBuilder | Imported #635 / 0 tx / 0 pending / 0 (0.0%) gas / (0x0e4b4f776f777de813f81cd518dada1a3574627455c76c76db76090e02a9d3a6)
2026-10-07 22:34:54.335+00:00 | BftProcessorExecutor-QBFT-0 | INFO  | QbftBesuControllerBuilder | Imported #636 / 0 tx / 0 pending / 0 (0.0%) gas / (0x2dc5c15970bb3ba98e43bb3da10949686bbc20ff7c0ea8b348c36134d4144343)
2026-10-07 22:34:56.342+00:00 | BftProcessorExecutor-QBFT-0 | INFO  | QbftBesuControllerBuilder | Imported #637 / 0 tx / 0 pending / 0 (0.0%) gas / (0x8cb49f8792ba7ac193fad2fbaaf0712e1f11f82f51bd346962c5d16074132efc)
2026-10-07 22:34:56.345+00:00 | EthScheduler-Workers-0 | INFO  | PersistBlockTask | Block 637 (0x8cb49f8792ba7ac193fad2fbaaf0712e1f11f82f51bd346962c5d16074132efc) is already imported
2026-10-07 22:34:58.331+00:00 | BftProcessorExecutor-QBFT-0 | INFO  | QbftBesuControllerBuilder | Imported #638 / 0 tx / 0 pending / 0 (0.0%) gas / (0x9a47cd9dc9f541de3f02b4924724700c93e509abe0755d993688421d5a197d38)
2026-10-07 22:34:58.332+00:00 | EthScheduler-Workers-0 | INFO  | PersistBlockTask | Block 638 (0x9a47cd9dc9f541de3f02b4924724700c93e509abe0755d993688421d5a197d38) is already imported
2026-10-07 22:35:00.334+00:00 | BftProcessorExecutor-QBFT-0 | INFO  | QbftBesuControllerBuilder | Imported #639 / 0 tx / 0 pending / 0 (0.0%) gas / (0xb045ea2d0df4ea3c8a203d2356c5f584405b9cb1788d407576bc051ef620815c)
2026-10-07 22:35:02.328+00:00 | BftProcessorExecutor-QBFT-0 | INFO  | QbftBesuControllerBuilder | Produced #640 / 0 tx / 0 pending / 0 (0.0%) gas / (0xbd3dfc9107c3759a17c04e576f472b4a775d65454207bc3ed84a91279a30c968)
2026-10-07 22:35:04.335+00:00 | BftProcessorExecutor-QBFT-0 | INFO  | QbftBesuControllerBuilder | Imported #641 / 0 tx / 0 pending / 0 (0.0%) gas / (0x2feeb8a0c7c3aae39af7dc9abafe39595ccfa714f894402a2a821f20554253b1)
2026-10-07 22:35:06.429+00:00 | BftProcessorExecutor-QBFT-0 | INFO  | QbftBesuControllerBuilder | Imported #642 / 0 tx / 0 pending / 0 (0.0%) gas / (0x4d5a0372a674ac3fe40773e44a5ee6455e2fae14ac283071fdbf040d6a3d6582)
2026-10-07 22:35:08.425+00:00 | BftProcessorExecutor-QBFT-0 | INFO  | QbftBesuControllerBuilder | Imported #643 / 0 tx / 0 pending / 0 (0.0%) gas / (0x9487e431116a8fe0ff76e5cecfa37c4dd349873686dd0c46ebaea6dd0863e06f)
2026-10-07 22:35:10.475+00:00 | EthScheduler-Workers-0 | INFO  | PersistBlockTask | Block 644 (0xf98d7d73913a21065f7bdbd98ca8d08892f5956229ba5addf4be77442ddeab67) is already imported
2026-10-07 22:35:10.476+00:00 | BftProcessorExecutor-QBFT-0 | INFO  | QbftBesuControllerBuilder | Imported #644 / 0 tx / 0 pending / 0 (0.0%) gas / (0xf98d7d73913a21065f7bdbd98ca8d08892f5956229ba5addf4be77442ddeab67)
2026-10-07 22:35:12.247+00:00 | EthScheduler-Workers-0 | INFO  | PersistBlockTask | Block 645 (0xe79928e4545f7bf5ee7298387754177073c0d2b5563be3676c01a6d90d3441e2) is already imported
2026-10-07 22:35:12.247+00:00 | BftProcessorExecutor-QBFT-0 | INFO  | QbftBesuControllerBuilder | Imported #645 / 0 tx / 0 pending / 0 (0.0%) gas / (0xe79928e4545f7bf5ee7298387754177073c0d2b5563be3676c01a6d90d3441e2)
2026-10-07 22:35:14.248+00:00 | BftProcessorExecutor-QBFT-0 | INFO  | QbftBesuControllerBuilder | Imported #646 / 0 tx / 0 pending / 0 (0.0%) gas / (0x155ce2f528e8639a7e2c7db1921356b7deaa25889550ff34c154fbdef701f1b9)
2026-10-07 22:35:16.256+00:00 | BftProcessorExecutor-QBFT-0 | INFO  | QbftBesuControllerBuilder | Imported #647 / 0 tx / 0 pending / 0 (0.0%) gas / (0xd946adc2e1ef1200b70c42fd399ddf25082ae026c5bdcb79c780009793640ed2)
2026-10-07 22:35:18.256+00:00 | BftProcessorExecutor-QBFT-0 | INFO  | QbftBesuControllerBuilder | Imported #648 / 0 tx / 0 pending / 0 (0.0%) gas / (0x4c3158155993a9b152f77f508ae4e07dceb9e042987e3db9796aede4a1703a38)
2026-10-07 22:35:18.256+00:00 | EthScheduler-Workers-0 | INFO  | PersistBlockTask | Block 648 (0x4c3158155993a9b152f77f508ae4e07dceb9e042987e3db9796aede4a1703a38) is already imported
2026-10-07 22:35:20.244+00:00 | BftProcessorExecutor-QBFT-0 | INFO  | QbftBesuControllerBuilder | Imported #649 / 0 tx / 0 pending / 0 (0.0%) gas / (0x0fabf16a70156b8f05a9f5cf03a4ad62b3ac2e6de6ee269dc42803cf74298d68)
2026-10-07 22:35:22.249+00:00 | BftProcessorExecutor-QBFT-0 | INFO  | QbftBesuControllerBuilder | Imported #650 / 0 tx / 0 pending / 0 (0.0%) gas / (0x3cc16f7204cf5ded8fa4902f121266de3088545014b555b6c8d6825cb22a549e)
2026-10-07 22:35:24.334+00:00 | BftProcessorExecutor-QBFT-0 | INFO  | QbftBesuControllerBuilder | Imported #651 / 0 tx / 0 pending / 0 (0.0%) gas / (0x9dbc685ac6167a2774217da0018d4971b27ca16205df808be99673d034aae593)
2026-10-07 22:35:26.335+00:00 | EthScheduler-Workers-0 | INFO  | PersistBlockTask | Block 652 (0x7b207d7c0424319e21435ae6fbb82c8e8deda4bf93cddb8a3c909496a2e9b1d3) is already imported
2026-10-07 22:35:26.335+00:00 | BftProcessorExecutor-QBFT-0 | INFO  | QbftBesuControllerBuilder | Imported #652 / 0 tx / 0 pending / 0 (0.0%) gas / (0x7b207d7c0424319e21435ae6fbb82c8e8deda4bf93cddb8a3c909496a2e9b1d3)
2026-10-07 22:35:28.335+00:00 | BftProcessorExecutor-QBFT-0 | INFO  | QbftBesuControllerBuilder | Imported #653 / 0 tx / 0 pending / 0 (0.0%) gas / (0xdd112d8fc78780d1fddf3888c44ce4b32544074d0bd73c380a9ae2885d3b02f7)
2026-10-07 22:35:30.333+00:00 | BftProcessorExecutor-QBFT-0 | INFO  | QbftBesuControllerBuilder | Imported #654 / 0 tx / 0 pending / 0 (0.0%) gas / (0x5d1ba30102b2d94a2e89627ce8467d839a315084c78488d07b7f9b4ba308757b)
2026-10-07 22:35:32.329+00:00 | BftProcessorExecutor-QBFT-0 | INFO  | QbftBesuControllerBuilder | Produced #655 / 0 tx / 0 pending / 0 (0.0%) gas / (0x965276771ca80ff3240f34c6c14d3cf7087369d084df6fe02ac00e1897cd23d7)
2026-10-07 22:35:34.336+00:00 | BftProcessorExecutor-QBFT-0 | INFO  | QbftBesuControllerBuilder | Imported #656 / 0 tx / 0 pending / 0 (0.0%) gas / (0x5982e9a1b4d12c420dc64f4ec8da9d80c7c5575b37dc127722138d094b6a80d5)
2026-10-07 22:35:36.476+00:00 | BftProcessorExecutor-QBFT-0 | INFO  | QbftBesuControllerBuilder | Imported #657 / 0 tx / 0 pending / 0 (0.0%) gas / (0x0f25d71981b752e06d3f034677d326f8b2b67d5edbffed204103beeb33b6b770)
2026-10-07 22:35:38.476+00:00 | BftProcessorExecutor-QBFT-0 | INFO  | QbftBesuControllerBuilder | Imported #658 / 0 tx / 0 pending / 0 (0.0%) gas / (0xd0cf665489e06050d23dd0343292de7d4d78bde2176b2ef0c0d939b94af69d48)
2026-10-07 22:35:40.515+00:00 | BftProcessorExecutor-QBFT-0 | INFO  | QbftBesuControllerBuilder | Imported #659 / 0 tx / 0 pending / 0 (0.0%) gas / (0x81a1803b2ebab4b8aa9a1539e6ed911235006e3c66f766e9fbcd49585caeb0a2)
2026-10-07 22:35:40.519+00:00 | EthScheduler-Workers-0 | INFO  | PersistBlockTask | Block 659 (0x81a1803b2ebab4b8aa9a1539e6ed911235006e3c66f766e9fbcd49585caeb0a2) is already imported
2026-10-07 22:35:42.256+00:00 | BftProcessorExecutor-QBFT-0 | INFO  | QbftBesuControllerBuilder | Imported #660 / 0 tx / 0 pending / 0 (0.0%) gas / (0x825be2466d41579f582907e804d6d6af0f0d2cecd77fe8aba072d920804d6528)
2026-10-07 22:35:44.256+00:00 | BftProcessorExecutor-QBFT-0 | INFO  | QbftBesuControllerBuilder | Imported #661 / 0 tx / 0 pending / 0 (0.0%) gas / (0x74bfee8a767e42ef9e99da6b3f2b3c636251f6080af216a0c06b4555949b7cfc)
2026-10-07 22:35:44.259+00:00 | EthScheduler-Workers-0 | INFO  | PersistBlockTask | Block 661 (0x74bfee8a767e42ef9e99da6b3f2b3c636251f6080af216a0c06b4555949b7cfc) is already imported
2026-10-07 22:35:46.257+00:00 | BftProcessorExecutor-QBFT-0 | INFO  | QbftBesuControllerBuilder | Imported #662 / 0 tx / 0 pending / 0 (0.0%) gas / (0xd09ae7d262a38a8fd573b79191b8e33e5ce77e1f850d7e6f2262abe5b3dea8a4)
2026-10-07 22:35:46.261+00:00 | EthScheduler-Workers-0 | INFO  | PersistBlockTask | Block 662 (0xd09ae7d262a38a8fd573b79191b8e33e5ce77e1f850d7e6f2262abe5b3dea8a4) is already imported
2026-10-07 22:35:48.265+00:00 | BftProcessorExecutor-QBFT-0 | INFO  | QbftBesuControllerBuilder | Imported #663 / 0 tx / 0 pending / 0 (0.0%) gas / (0x97e5b9a8bfc5daa20909ae2986131f3a879cde85dbc10cc1c62c567a32a73c03)
2026-10-07 22:35:48.265+00:00 | EthScheduler-Workers-0 | INFO  | PersistBlockTask | Block 663 (0x97e5b9a8bfc5daa20909ae2986131f3a879cde85dbc10cc1c62c567a32a73c03) is already imported
2026-10-07 22:35:50.255+00:00 | BftProcessorExecutor-QBFT-0 | INFO  | QbftBesuControllerBuilder | Imported #664 / 0 tx / 0 pending / 0 (0.0%) gas / (0x3ae1d172071596b8c19f78299441866060106ef2e57e0d447704bf3632a936fd)
2026-10-07 22:35:52.255+00:00 | EthScheduler-Workers-0 | INFO  | PersistBlockTask | Block 665 (0x90e599d04057e10b99946e3d886cfa08cdb9e4d764d453f623d1ec2bcfc80078) is already imported
2026-10-07 22:35:52.255+00:00 | BftProcessorExecutor-QBFT-0 | INFO  | QbftBesuControllerBuilder | Imported #665 / 0 tx / 0 pending / 0 (0.0%) gas / (0x90e599d04057e10b99946e3d886cfa08cdb9e4d764d453f623d1ec2bcfc80078)
2026-10-07 22:35:54.339+00:00 | BftProcessorExecutor-QBFT-0 | INFO  | QbftBesuControllerBuilder | Imported #666 / 0 tx / 0 pending / 0 (0.0%) gas / (0x512c0c24bd9c6121a169d4d771f45ec4e660831ee4e531dbf4a727fcb46cca6d)
2026-10-07 22:35:56.336+00:00 | BftProcessorExecutor-QBFT-0 | INFO  | QbftBesuControllerBuilder | Imported #667 / 0 tx / 0 pending / 0 (0.0%) gas / (0x3105fcf8f7daa9b0fe17aa683aff9a1a021c7af91e22954e0fcd4faf70b8043e)
2026-10-07 22:35:56.338+00:00 | EthScheduler-Workers-0 | INFO  | PersistBlockTask | Block 667 (0x3105fcf8f7daa9b0fe17aa683aff9a1a021c7af91e22954e0fcd4faf70b8043e) is already imported
2026-10-07 22:35:58.318+00:00 | BftProcessorExecutor-QBFT-0 | INFO  | QbftBesuControllerBuilder | Imported #668 / 0 tx / 0 pending / 0 (0.0%) gas / (0xb80a8e0c24a3c6fcae79628273021b25d3033813e538cced262ecb281bce2cd3)
2026-10-07 22:36:00.338+00:00 | BftProcessorExecutor-QBFT-0 | INFO  | QbftBesuControllerBuilder | Imported #669 / 0 tx / 0 pending / 0 (0.0%) gas / (0xb843011ad9321cb110e1a36a4606777cbd1efdc47be9c0623920bba84e604dc1)
2026-10-07 22:36:00.340+00:00 | EthScheduler-Workers-0 | INFO  | PersistBlockTask | Block 669 (0xb843011ad9321cb110e1a36a4606777cbd1efdc47be9c0623920bba84e604dc1) is already imported
2026-10-07 22:36:02.313+00:00 | BftProcessorExecutor-QBFT-0 | INFO  | QbftBesuControllerBuilder | Produced #670 / 0 tx / 0 pending / 0 (0.0%) gas / (0xdd99e34ce62200de66865a41a0eddf84ce65e565e38f7dd5778f86e3bc029d32)
2026-10-07 22:36:04.346+00:00 | BftProcessorExecutor-QBFT-0 | INFO  | QbftBesuControllerBuilder | Imported #671 / 0 tx / 4 pending / 0 (0.0%) gas / (0xfd1f08b1e4399a51c845db3c598cdb8c7975b18c346a1b08ee35bbd00dfb09a1)
2026-10-07 22:36:04.346+00:00 | EthScheduler-Workers-0 | INFO  | PersistBlockTask | Block 671 (0xfd1f08b1e4399a51c845db3c598cdb8c7975b18c346a1b08ee35bbd00dfb09a1) is already imported
2026-10-07 22:36:08.124+00:00 | EthScheduler-Workers-0 | INFO  | PersistBlockTask | Block 672 (0x90b03ade37808b5d9cb21a1dc9075ac5fccb47269e18784ac09262778f6e88dd) is already imported
2026-10-07 22:36:08.125+00:00 | BftProcessorExecutor-QBFT-0 | INFO  | QbftBesuControllerBuilder | Imported #672 / 34 tx / 911 pending / 5,223,612 (0.0%) gas / (0x90b03ade37808b5d9cb21a1dc9075ac5fccb47269e18784ac09262778f6e88dd)
2026-10-07 22:36:09.669+00:00 | BftProcessorExecutor-QBFT-0 | INFO  | QbftBesuControllerBuilder | Imported #673 / 68 tx / 896 pending / 10,447,208 (0.0%) gas / (0x8854ffc1b94afed0671dbf6136c18c3338c1c91568bf851bd9d31aa71e7c7706)
2026-10-07 22:36:11.959+00:00 | BftProcessorExecutor-QBFT-0 | INFO  | QbftBesuControllerBuilder | Imported #674 / 68 tx / 854 pending / 10,447,232 (0.0%) gas / (0x94f1a0b1f56447fd6ec67f70543ec710f67091e0c26d52023eb21531c9effb3b)
2026-10-07 22:36:12.475+00:00 | EthScheduler-Workers-0 | INFO  | PersistBlockTask | Block 675 (0xb3b31e59c76e2e9db8b04a6317b7dc28455701d6aebdc3f224fbfbc45cf9cd4d) is already imported
2026-10-07 22:36:12.478+00:00 | BftProcessorExecutor-QBFT-0 | INFO  | QbftBesuControllerBuilder | Imported #675 / 69 tx / 785 pending / 10,600,742 (0.0%) gas / (0xb3b31e59c76e2e9db8b04a6317b7dc28455701d6aebdc3f224fbfbc45cf9cd4d)
2026-10-07 22:36:14.687+00:00 | BftProcessorExecutor-QBFT-0 | INFO  | QbftBesuControllerBuilder | Imported #676 / 69 tx / 716 pending / 10,600,766 (0.0%) gas / (0xf528a889888876bc05c962da171f33c2434f11f981e660838cef8f012ac2e9c2)
2026-10-07 22:36:16.719+00:00 | BftProcessorExecutor-QBFT-0 | INFO  | QbftBesuControllerBuilder | Imported #677 / 69 tx / 647 pending / 10,600,602 (0.0%) gas / (0x8cb07c4dead88961457b893dcf656ae884e925fe70d4961593c0420a64dc725d)
2026-10-07 22:36:18.823+00:00 | EthScheduler-Workers-0 | INFO  | PersistBlockTask | Block 678 (0x74b47423751c96703381331b8963eb8e6f912146d059a09d3eb98b470ef70961) is already imported
2026-10-07 22:36:18.826+00:00 | BftProcessorExecutor-QBFT-0 | INFO  | QbftBesuControllerBuilder | Imported #678 / 69 tx / 578 pending / 10,600,778 (0.0%) gas / (0x74b47423751c96703381331b8963eb8e6f912146d059a09d3eb98b470ef70961)
2026-10-07 22:36:20.788+00:00 | EthScheduler-Workers-0 | INFO  | PersistBlockTask | Block 679 (0xb4333456623512c213c20dcd82c353d9fc546a3a416fe6bd44eaa56a17d23e8d) is already imported
2026-10-07 22:36:20.789+00:00 | BftProcessorExecutor-QBFT-0 | INFO  | QbftBesuControllerBuilder | Imported #679 / 68 tx / 510 pending / 10,447,232 (0.0%) gas / (0xb4333456623512c213c20dcd82c353d9fc546a3a416fe6bd44eaa56a17d23e8d)
2026-10-07 22:36:22.603+00:00 | BftProcessorExecutor-QBFT-0 | INFO  | QbftBesuControllerBuilder | Imported #680 / 68 tx / 442 pending / 10,447,020 (0.0%) gas / (0xd0fd6c62f26ac5b81448ed2c3d602cbc3e2de6063a3f5b99035a4cbc3db5cb57)
2026-10-07 22:36:24.924+00:00 | EthScheduler-Workers-0 | INFO  | PersistBlockTask | Block 681 (0x75b11ff1290e1c8d767101be6daaf9cad4e5a926bf2c2af772cf548d93b3672d) is already imported
2026-10-07 22:36:24.925+00:00 | BftProcessorExecutor-QBFT-0 | INFO  | QbftBesuControllerBuilder | Imported #681 / 68 tx / 374 pending / 10,447,092 (0.0%) gas / (0x75b11ff1290e1c8d767101be6daaf9cad4e5a926bf2c2af772cf548d93b3672d)
2026-10-07 22:36:26.871+00:00 | EthScheduler-Workers-0 | INFO  | PersistBlockTask | Block 682 (0x3332cdd39f5032c6c40de870ade298be160f8949ae94757482003d74e7b747d8) is already imported
2026-10-07 22:36:26.872+00:00 | BftProcessorExecutor-QBFT-0 | INFO  | QbftBesuControllerBuilder | Imported #682 / 68 tx / 306 pending / 10,447,196 (0.0%) gas / (0x3332cdd39f5032c6c40de870ade298be160f8949ae94757482003d74e7b747d8)
2026-10-07 22:36:28.854+00:00 | BftProcessorExecutor-QBFT-0 | INFO  | QbftBesuControllerBuilder | Imported #683 / 68 tx / 238 pending / 10,446,916 (0.0%) gas / (0x5bce2d7b9df009699c615b1fb46a406400938c61f8bd72c3befd4c5dbcd8f4b8)
2026-10-07 22:36:30.891+00:00 | BftProcessorExecutor-QBFT-0 | INFO  | QbftBesuControllerBuilder | Imported #684 / 68 tx / 170 pending / 10,447,156 (0.0%) gas / (0xf956040918374752235cbc407ca68b116499728800b22be0f1ab232e56668ffe)
2026-10-07 22:36:32.901+00:00 | EthScheduler-Workers-0 | INFO  | PersistBlockTask | Block 685 (0xc3b4979360ecbc84c730f58cb24c4d1f6a66af6b4798918b50af15e370cbee88) is already imported
2026-10-07 22:36:32.902+00:00 | BftProcessorExecutor-QBFT-0 | INFO  | QbftBesuControllerBuilder | Produced #685 / 68 tx / 102 pending / 10,447,220 (0.0%) gas / (0xc3b4979360ecbc84c730f58cb24c4d1f6a66af6b4798918b50af15e370cbee88)
2026-10-07 22:36:34.860+00:00 | EthScheduler-Workers-0 | INFO  | PersistBlockTask | Block 686 (0xb8dc201233765436d075a5914e9a35cd24a593be8bf2ea4e65ae3f93e757e5bb) is already imported
2026-10-07 22:36:34.860+00:00 | BftProcessorExecutor-QBFT-0 | INFO  | QbftBesuControllerBuilder | Imported #686 / 68 tx / 34 pending / 10,447,124 (0.0%) gas / (0xb8dc201233765436d075a5914e9a35cd24a593be8bf2ea4e65ae3f93e757e5bb)
2026-10-07 22:36:36.748+00:00 | BftProcessorExecutor-QBFT-0 | INFO  | QbftBesuControllerBuilder | Imported #687 / 34 tx / 0 pending / 5,223,504 (0.0%) gas / (0xcb45c07a5622f271f06cb0467216c8ca43888461def0dc097bc2d1cf7311f874)
2026-10-07 22:36:36.748+00:00 | EthScheduler-Workers-0 | INFO  | PersistBlockTask | Block 687 (0xcb45c07a5622f271f06cb0467216c8ca43888461def0dc097bc2d1cf7311f874) is already imported
2026-10-07 22:36:38.502+00:00 | BftProcessorExecutor-QBFT-0 | INFO  | QbftBesuControllerBuilder | Imported #688 / 0 tx / 0 pending / 0 (0.0%) gas / (0xb19d8ffad287d9c0db663dd3dedfd6c3f75c80486b3079e1e08791f0142ee695)
2026-10-07 22:36:40.482+00:00 | BftProcessorExecutor-QBFT-0 | INFO  | QbftBesuControllerBuilder | Imported #689 / 0 tx / 0 pending / 0 (0.0%) gas / (0x001b8948dbe4b8a01fb1f6a1a3f7fc679027ac6535a6bcf0b1207512055637a9)
2026-10-07 22:36:42.247+00:00 | BftProcessorExecutor-QBFT-0 | INFO  | QbftBesuControllerBuilder | Imported #690 / 0 tx / 0 pending / 0 (0.0%) gas / (0xddb53b4a62f459615e1d292646b6ab4d427c6287b0fda570aa31cb9743143f37)
2026-10-07 22:36:44.244+00:00 | BftProcessorExecutor-QBFT-0 | INFO  | QbftBesuControllerBuilder | Imported #691 / 0 tx / 0 pending / 0 (0.0%) gas / (0x1f8bd04f24c47f284624596390669ea7bf054f5b7f80778dbd7abe57e98be5ba)
2026-10-07 22:36:46.246+00:00 | BftProcessorExecutor-QBFT-0 | INFO  | QbftBesuControllerBuilder | Imported #692 / 0 tx / 0 pending / 0 (0.0%) gas / (0xe0df28a030e39cd83d00eaba287dc869642f1c29fe275fee388e748da62c5146)
2026-10-07 22:36:48.246+00:00 | BftProcessorExecutor-QBFT-0 | INFO  | QbftBesuControllerBuilder | Imported #693 / 0 tx / 0 pending / 0 (0.0%) gas / (0xe3854b52e528e06e60f534eeced4d48ffa1e1e6bc2bc9521620e3bc788fd7e67)
2026-10-07 22:36:50.257+00:00 | EthScheduler-Workers-0 | INFO  | PersistBlockTask | Block 694 (0xc4d43e7fd62a3b45d99cb4bcd6c33bf16302836c4bf29f13d41f4bb2c7bf7694) is already imported
2026-10-07 22:36:50.257+00:00 | BftProcessorExecutor-QBFT-0 | INFO  | QbftBesuControllerBuilder | Imported #694 / 0 tx / 0 pending / 0 (0.0%) gas / (0xc4d43e7fd62a3b45d99cb4bcd6c33bf16302836c4bf29f13d41f4bb2c7bf7694)
2026-10-07 22:36:52.248+00:00 | BftProcessorExecutor-QBFT-0 | INFO  | QbftBesuControllerBuilder | Imported #695 / 0 tx / 0 pending / 0 (0.0%) gas / (0x0798c123197efd7e8b9f9d56a0b5e65be542fdcbcfbcdabf4dc3de1aa75c4607)
2026-10-07 22:36:54.322+00:00 | BftProcessorExecutor-QBFT-0 | INFO  | QbftBesuControllerBuilder | Imported #696 / 0 tx / 0 pending / 0 (0.0%) gas / (0x52349cd527bff387aeb64b5d0dff39ec76f82da59e70ebf24546dac45bbf5c93)
2026-10-07 22:36:56.331+00:00 | BftProcessorExecutor-QBFT-0 | INFO  | QbftBesuControllerBuilder | Imported #697 / 0 tx / 0 pending / 0 (0.0%) gas / (0x46aec73cc8be5d0311e3a9b108a8bf7941ba30cad11a0a8ea2bb5d27a359b4be)
2026-10-07 22:36:58.343+00:00 | BftProcessorExecutor-QBFT-0 | INFO  | QbftBesuControllerBuilder | Imported #698 / 0 tx / 0 pending / 0 (0.0%) gas / (0x157ef6e1968d8c0947daa3ed6754964334db73db761d281a855acf63ba5ed0e6)
2026-10-07 22:37:00.318+00:00 | BftProcessorExecutor-QBFT-0 | INFO  | QbftBesuControllerBuilder | Imported #699 / 0 tx / 0 pending / 0 (0.0%) gas / (0xcd2a64e2d544f1a346ac80199c4c5c6637554000918233d53fcee5ec71644c64)
2026-10-07 22:37:02.328+00:00 | BftProcessorExecutor-QBFT-0 | INFO  | QbftBesuControllerBuilder | Produced #700 / 0 tx / 0 pending / 0 (0.0%) gas / (0x61b7120aa3b193068adbe89e17ac1190615a5b7a79f05ab7c607c7910007fa46)
2026-10-07 22:37:04.321+00:00 | BftProcessorExecutor-QBFT-0 | INFO  | QbftBesuControllerBuilder | Imported #701 / 0 tx / 0 pending / 0 (0.0%) gas / (0x9c1c26d6b105563fecd984944cde08ec8067020eb2526acf7a814815749e8d23)
2026-10-07 22:37:06.511+00:00 | EthScheduler-Workers-0 | INFO  | PersistBlockTask | Block 702 (0x78a25bf5f5f9919570ba097205a3f9d4e456c7b37e97de494542c76db13e958b) is already imported
2026-10-07 22:37:06.511+00:00 | BftProcessorExecutor-QBFT-0 | INFO  | QbftBesuControllerBuilder | Imported #702 / 0 tx / 0 pending / 0 (0.0%) gas / (0x78a25bf5f5f9919570ba097205a3f9d4e456c7b37e97de494542c76db13e958b)
2026-10-07 22:37:08.462+00:00 | BftProcessorExecutor-QBFT-0 | INFO  | QbftBesuControllerBuilder | Imported #703 / 0 tx / 0 pending / 0 (0.0%) gas / (0x34b1c1db0a2922d4271fca629f80f9b61a7e0f84af7ee5c03d002ab7b862ca02)
2026-10-07 22:37:10.452+00:00 | BftProcessorExecutor-QBFT-0 | INFO  | QbftBesuControllerBuilder | Imported #704 / 0 tx / 0 pending / 0 (0.0%) gas / (0x13b4239dbe05f547c817f2d147b2e2be7a228b78db06717cee3215db23ea1a00)
2026-10-07 22:37:12.235+00:00 | BftProcessorExecutor-QBFT-0 | INFO  | QbftBesuControllerBuilder | Imported #705 / 0 tx / 0 pending / 0 (0.0%) gas / (0xab4df1e8042565821844126a28d526725efd418d1bb70ec347df2d41667971ee)
2026-10-07 22:37:14.234+00:00 | BftProcessorExecutor-QBFT-0 | INFO  | QbftBesuControllerBuilder | Imported #706 / 0 tx / 0 pending / 0 (0.0%) gas / (0x223dc21ea446ae2a78747552fd891b4c5929010f930e98bd9c9adbe952f72b6a)
2026-10-07 22:37:16.247+00:00 | BftProcessorExecutor-QBFT-0 | INFO  | QbftBesuControllerBuilder | Imported #707 / 0 tx / 0 pending / 0 (0.0%) gas / (0x1ee2c53eae4dd51ab7933427c45e392b2428c503ae7b7575ea6e6a41e2e64796)
2026-10-07 22:37:16.250+00:00 | EthScheduler-Workers-0 | INFO  | PersistBlockTask | Block 707 (0x1ee2c53eae4dd51ab7933427c45e392b2428c503ae7b7575ea6e6a41e2e64796) is already imported
2026-10-07 22:37:18.247+00:00 | BftProcessorExecutor-QBFT-0 | INFO  | QbftBesuControllerBuilder | Imported #708 / 0 tx / 0 pending / 0 (0.0%) gas / (0xdaf47f10ccc050cb3e6161f73132e1c4a6c3a59913602b9f0c779ca4ba330885)
2026-10-07 22:37:20.241+00:00 | EthScheduler-Workers-0 | INFO  | PersistBlockTask | Block 709 (0xf52d145fc6b83492e3005778d82f318af58301ac370ae34d456109c4dda5f8d6) is already imported
2026-10-07 22:37:20.241+00:00 | BftProcessorExecutor-QBFT-0 | INFO  | QbftBesuControllerBuilder | Imported #709 / 0 tx / 0 pending / 0 (0.0%) gas / (0xf52d145fc6b83492e3005778d82f318af58301ac370ae34d456109c4dda5f8d6)
2026-10-07 22:37:22.231+00:00 | BftProcessorExecutor-QBFT-0 | INFO  | QbftBesuControllerBuilder | Imported #710 / 0 tx / 0 pending / 0 (0.0%) gas / (0xcb590697dfae24149648b94dc6b35d1301388124a3c8f475e636fb6ea58e930e)
