[node12] network interface=eth0
[node12] region=eu-west applying per-destination WAN shaping from /config/tc.rules
[node12] tc rules applied:
qdisc htb 1: root refcnt 257 r2q 10 default 0x1 direct_packets_stat 0 direct_qlen 1000
qdisc netem 120: parent 1:20 limit 1000 delay 40ms  2ms loss 0.1%
qdisc netem 122: parent 1:22 limit 1000 delay 80ms  4ms loss 0.1%
qdisc netem 113: parent 1:13 limit 1000 delay 80ms  4ms loss 0.1%
qdisc netem 111: parent 1:11 limit 1000 delay 70ms  3.5ms loss 0.1%
qdisc netem 115: parent 1:15 limit 1000 delay 40ms  2ms loss 0.1%
qdisc netem 117: parent 1:17 limit 1000 delay 1ms  99us
qdisc netem 119: parent 1:19 limit 1000 delay 95ms  4.8ms loss 0.1%
qdisc netem 121: parent 1:21 limit 1000 delay 70ms  3.5ms loss 0.1%
qdisc netem 123: parent 1:23 limit 1000 delay 95ms  4.8ms loss 0.1%
qdisc netem 110: parent 1:10 limit 1000 delay 40ms  2ms loss 0.1%
qdisc netem 112: parent 1:12 limit 1000 delay 1ms  99us
qdisc netem 114: parent 1:14 limit 1000 delay 95ms  4.8ms loss 0.1%
qdisc netem 118: parent 1:18 limit 1000 delay 80ms  4ms loss 0.1%
qdisc netem 116: parent 1:16 limit 1000 delay 70ms  3.5ms loss 0.1%
Setting logging level to INFO
2026-10-07 09:45:23.739+00:00 | main | INFO  | Besu | Starting Besu
2026-10-07 09:45:24.100+00:00 | main | WARN  | Besu | --graphql-http-host has been ignored because --graphql-http-enabled was not defined on the command line.
2026-10-07 09:45:24.205+00:00 | main | INFO  | Besu | Connecting to 0 static nodes.
2026-10-07 09:45:24.209+00:00 | main | INFO  | Besu | Forcing price bump for transaction replacement to 0, since min-gas-price is set to 0
2026-10-07 09:45:24.209+00:00 | main | WARN  | Besu | Forcing tx-pool-min-gas-price=0, since it cannot be greater than the value of min-gas-price
2026-10-07 09:45:24.656+00:00 | main | INFO  | Besu | 
####################################################################################################
#                                                                                                  #
# Besu version 24.7.0                                                                              #
#                                                                                                  #
# Configuration:                                                                                   #
# Network: Custom genesis file                                                                     #
# /config/genesis.json                                                                             #
# Network Id: 1337                                                                                 #
# Data storage: Bonsai                                                                             #
# Sync mode: Full                                                                                  #
# RPC HTTP APIs: ETH,QBFT,NET,ADMIN,WEB3                                                           #
# RPC HTTP port: 8545                                                                              #
# Using LAYERED transaction pool implementation                                                    #
# Using STACKED worldstate update mode                                                             #
# Limit trie logs enabled: retention: 512; prune window: 30000                                     #
#                                                                                                  #
# Host:                                                                                            #
# Java: openjdk-java-21                                                                            #
# Maximum heap size: 29.50 GB                                                                      #
# OS: linux-x86_64                                                                                 #
# glibc: 2.39                                                                                      #
# jemalloc: 5.3.0-0-g54eaed1d8b56b1aa528be3bdd1877e59c56fa90c                                      #
# Total memory: 1007.68 GB                                                                         #
# CPU cores: 256                                                                                   #
#                                                                                                  #
# Plugin Registration Summary:                                                                     #
# No plugins have been registered.                                                                 #
# TOTAL = 0 of 0 plugins successfully registered.                                                  #
#                                                                                                  #
####################################################################################################
2026-10-07 09:45:24.657+00:00 | main | INFO  | Besu | Security Module: localfile
2026-10-07 09:45:24.663+00:00 | main | INFO  | VersionMetadata | Lookup version metadata file in data directory: /data
2026-10-07 09:45:24.664+00:00 | main | INFO  | VersionMetadata | No version data detected. Writing Besu version 24.7.0 to metadata file
2026-10-07 09:45:24.776+00:00 | main | INFO  | Besu | Using the native implementation of alt bn128
2026-10-07 09:45:24.856+00:00 | main | INFO  | Besu | Using the native implementation of modexp
2026-10-07 09:45:24.856+00:00 | main | INFO  | Besu | Using the native implementation of the signature algorithm
2026-10-07 09:45:24.862+00:00 | main | INFO  | Besu | Using the native implementation of the blake2bf algorithm
2026-10-07 09:45:24.969+00:00 | main | INFO  | Besu | Forcing price bump for transaction replacement to 0, since min-gas-price is set to 0
2026-10-07 09:45:24.970+00:00 | main | WARN  | Besu | Forcing tx-pool-min-gas-price=0, since it cannot be greater than the value of min-gas-price
2026-10-07 09:45:24.972+00:00 | main | INFO  | KeyPairUtil | Attempting to load public key from /data/key.priv
2026-10-07 09:45:24.995+00:00 | main | INFO  | KeyPairUtil | Loaded public key 0xb72e19d141be15bae64296fd4fab513351c70022d9d8256475b5379b1803b16bf85f43b63d1cee5794004f6f65a77a33170da847067eeda91d86d77c911167c9 from /data/key.priv
2026-10-07 09:45:25.186+00:00 | main | INFO  | ProtocolScheduleBuilder | Protocol schedule created with milestones: [Berlin:0]
2026-10-07 09:45:25.191+00:00 | main | INFO  | RocksDBKeyValueStorageFactory | No existing database at /data. Using default metadata for new db versionedStorageFormat=BaseVersionedStorageFormat{format=BONSAI, version=2}
2026-10-07 09:45:25.540+00:00 | main | INFO  | FlatDbStrategyProvider | Bonsai flat db mode found FULL
2026-10-07 09:45:25.545+00:00 | main | INFO  | FlatDbStrategyProvider | Bonsai db mode with code stored using code hash enabled = true
2026-10-07 09:45:25.558+00:00 | main | INFO  | FlatDbStrategyProvider | Bonsai flat db mode found FULL
2026-10-07 09:45:25.561+00:00 | main | INFO  | FlatDbStrategyProvider | Bonsai db mode with code stored using code hash enabled = true
2026-10-07 09:45:26.060+00:00 | main | INFO  | TransactionPoolFactory | Enabling transaction pool
2026-10-07 09:45:26.079+00:00 | main | INFO  | BesuControllerBuilder | TTD difficulty is not present, creating initial sync phase for PoW
2026-10-07 09:45:26.128+00:00 | main | INFO  | TrieLogPruner | Loading first 30000 trie logs from database...
2026-10-07 09:45:26.129+00:00 | main | INFO  | TrieLogPruner | Loaded 1 trie logs from database
2026-10-07 09:45:26.136+00:00 | main | INFO  | RunnerBuilder | Resolved 5 bootnodes.
2026-10-07 09:45:26.143+00:00 | main | INFO  | RunnerBuilder | Detecting NAT service.
2026-10-07 09:45:26.365+00:00 | main | INFO  | Runner | Starting external services ... 
2026-10-07 09:45:26.365+00:00 | main | INFO  | JsonRpcHttpService | Starting JSON-RPC service on 0.0.0.0:8545
2026-10-07 09:45:26.485+00:00 | vert.x-eventloop-thread-1 | INFO  | JsonRpcHttpService | JSON-RPC service started and listening on 0.0.0.0:8545
2026-10-07 09:45:26.488+00:00 | main | INFO  | WebSocketService | Starting Websocket service on 0.0.0.0:8546
2026-10-07 09:45:26.490+00:00 | vert.x-eventloop-thread-1 | INFO  | WebSocketService | Websocket service started and listening on 0.0.0.0:8546
2026-10-07 09:45:26.492+00:00 | main | INFO  | AutoTransactionLogBloomCachingService | Starting auto transaction log bloom caching service.
2026-10-07 09:45:26.493+00:00 | main | INFO  | LogBloomCacheMetadata | Lookup cache metadata file in data directory: /data/caches
2026-10-07 09:45:26.506+00:00 | main | INFO  | Runner | Starting Ethereum main loop ... 
2026-10-07 09:45:26.506+00:00 | main | INFO  | NatService | No NAT environment detected so no service could be started
2026-10-07 09:45:26.506+00:00 | main | INFO  | NetworkRunner | Starting Network.
2026-10-07 09:45:26.517+00:00 | nioEventLoopGroup-2-1 | INFO  | RlpxAgent | P2P RLPx agent started and listening on /[0:0:0:0:0:0:0:0]:30303.
2026-10-07 09:45:26.518+00:00 | main | INFO  | PeerDiscoveryAgent | Starting peer discovery agent on host=0.0.0.0, port=30303. IPv6 available.
2026-10-07 09:45:26.529+00:00 | vert.x-eventloop-thread-1 | INFO  | VertxPeerDiscoveryAgent | Started peer discovery agent successfully, on effective host=0:0:0:0:0:0:0:0%0 and port=30303
2026-10-07 09:45:26.529+00:00 | vert.x-eventloop-thread-1 | INFO  | PeerDiscoveryAgent | P2P peer discovery agent started and listening on /[0:0:0:0:0:0:0:0%0]:30303
2026-10-07 09:45:26.568+00:00 | vert.x-eventloop-thread-1 | INFO  | PeerDiscoveryAgent | Writing node record to disk. NodeRecord{seq=1, publicKey=0x03b72e19d141be15bae64296fd4fab513351c70022d9d8256475b5379b1803b16b, udpAddress=Optional[/0.0.0.0:30303], tcpAddress=Optional[/0.0.0.0:30303], asBase64=-Je4QKkEuTSARKpHDwo_Hz31-88ZGKOfO3BtwrW-nXRIeuf-KWnmSP-_sJOGzpeGzHvrLbPPUQTC-SjNzlSr5qfxfKYBg2V0aMfGhKE2gnuAgmlkgnY0gmlwhAAAAACJc2VjcDI1NmsxoQO3LhnRQb4VuuZClv1Pq1EzUccAItnYJWR1tTebGAOxa4N0Y3CCdl-DdWRwgnZf, nodeId=0xf02f5b6b537c960ab73e02e6df89cf0aecd56cf3f18a1e7a68cfa133abae0d24, customFields={tcp=30303, udp=30303, ip=0x00000000, eth=[[0xa136827b, 0x]], id=V4, secp256k1=0x03b72e19d141be15bae64296fd4fab513351c70022d9d8256475b5379b1803b16b}}
2026-10-07 09:45:26.596+00:00 | main | INFO  | DefaultP2PNetwork | Enode URL enode://b72e19d141be15bae64296fd4fab513351c70022d9d8256475b5379b1803b16bf85f43b63d1cee5794004f6f65a77a33170da847067eeda91d86d77c911167c9@0.0.0.0:30303
2026-10-07 09:45:26.596+00:00 | main | INFO  | DefaultP2PNetwork | Node address 0xdf89cf0aecd56cf3f18a1e7a68cfa133abae0d24
2026-10-07 09:45:26.619+00:00 | main | INFO  | NetworkRunner | Supported capabilities: [eth/62, eth/63, eth/64, eth/65, eth/66, eth/67, eth/68], [istanbul/100], [snap/1]
2026-10-07 09:45:26.620+00:00 | main | INFO  | DefaultSynchronizer | Starting synchronizer.
2026-10-07 09:45:26.621+00:00 | main | INFO  | TransactionPoolFactory | Enabling transaction handling following initial sync
2026-10-07 09:45:26.621+00:00 | main | INFO  | QbftBesuControllerBuilder | Starting QBFT mining coordinator following initial sync
2026-10-07 09:45:26.632+00:00 | main | INFO  | FullSyncDownloader | Starting full sync.
2026-10-07 09:45:26.633+00:00 | main | INFO  | FullSyncTargetManager | Unable to find sync target. Currently checking 0 peers for usefulness
2026-10-07 09:45:26.646+00:00 | main | INFO  | Runner | Ethereum main loop is up.
2026-10-07 09:45:26.813+00:00 | nioEventLoopGroup-3-1 | INFO  | FullSyncTargetManager | Unable to find sync target. Currently checking 1 peers for usefulness
2026-10-07 09:45:26.967+00:00 | nioEventLoopGroup-3-2 | INFO  | FullSyncTargetManager | Unable to find sync target. Currently checking 2 peers for usefulness
2026-10-07 09:45:27.079+00:00 | nioEventLoopGroup-3-9 | INFO  | FullSyncTargetManager | Unable to find sync target. Currently checking 3 peers for usefulness
2026-10-07 09:45:27.167+00:00 | nioEventLoopGroup-3-4 | INFO  | FullSyncTargetManager | Unable to find sync target. Currently checking 4 peers for usefulness
2026-10-07 09:45:27.203+00:00 | nioEventLoopGroup-3-5 | INFO  | FullSyncTargetManager | Unable to find sync target. Currently checking 5 peers for usefulness
2026-10-07 09:45:27.318+00:00 | nioEventLoopGroup-3-3 | INFO  | FullSyncTargetManager | Unable to find sync target. Currently checking 6 peers for usefulness
2026-10-07 09:45:27.416+00:00 | nioEventLoopGroup-3-3 | INFO  | FullSyncTargetManager | Unable to find sync target. Currently checking 7 peers for usefulness
2026-10-07 09:45:27.417+00:00 | nioEventLoopGroup-3-2 | INFO  | FullSyncTargetManager | Unable to find sync target. Currently checking 8 peers for usefulness
2026-10-07 09:45:27.618+00:00 | nioEventLoopGroup-3-5 | INFO  | FullSyncTargetManager | Unable to find sync target. Currently checking 9 peers for usefulness
2026-10-07 09:45:27.625+00:00 | nioEventLoopGroup-3-4 | INFO  | FullSyncTargetManager | Unable to find sync target. Currently checking 10 peers for usefulness
2026-10-07 09:45:27.702+00:00 | nioEventLoopGroup-3-6 | INFO  | FullSyncTargetManager | Unable to find sync target. Currently checking 11 peers for usefulness
2026-10-07 09:45:27.832+00:00 | nioEventLoopGroup-3-8 | INFO  | FullSyncTargetManager | Unable to find sync target. Currently checking 12 peers for usefulness
2026-10-07 09:45:31.221+00:00 | BftProcessorExecutor-QBFT-0 | INFO  | QbftRound | Importing proposed block to chain. round=ConsensusRoundIdentifier{Sequence=1, Round=1}, hash=0xc9f5e48e7fe1e000584288faaf9f3fab4a5f4daad33a3e3bd6d5ef34994479ab
2026-10-07 09:45:31.243+00:00 | BftProcessorExecutor-QBFT-0 | INFO  | QbftBesuControllerBuilder | Imported #1 / 0 tx / 0 pending / 0 (0.0%) gas / (0xc9f5e48e7fe1e000584288faaf9f3fab4a5f4daad33a3e3bd6d5ef34994479ab)
2026-10-07 09:45:32.302+00:00 | BftProcessorExecutor-QBFT-0 | INFO  | QbftBesuControllerBuilder | Imported #2 / 0 tx / 0 pending / 0 (0.0%) gas / (0x3c614b281c7511896e19cd715733440dd3f3d13b11f150d758bccde9fceb0581)
2026-10-07 09:45:34.394+00:00 | BftProcessorExecutor-QBFT-0 | INFO  | QbftBesuControllerBuilder | Imported #3 / 0 tx / 0 pending / 0 (0.0%) gas / (0xef7084d3efca1f0b219b69a3c94e7a80da2bc2441152eb09434bbb9ed98552d7)
2026-10-07 09:45:34.403+00:00 | EthScheduler-Workers-0 | INFO  | PersistBlockTask | Block 3 (0xef7084d3efca1f0b219b69a3c94e7a80da2bc2441152eb09434bbb9ed98552d7) is already imported
2026-10-07 09:45:36.375+00:00 | BftProcessorExecutor-QBFT-0 | INFO  | QbftBesuControllerBuilder | Imported #4 / 0 tx / 0 pending / 0 (0.0%) gas / (0x5b2cdb7864273d1dc39fa1feca5321675f2fe3b8dbb00010db43dde1b805efac)
2026-10-07 09:45:38.279+00:00 | BftProcessorExecutor-QBFT-0 | INFO  | QbftBesuControllerBuilder | Imported #5 / 0 tx / 1 pending / 0 (0.0%) gas / (0x80e90d4146250987c16e5ba217558827a34fc93fe1450eed21d30a9cdfdf8084)
2026-10-07 09:45:40.361+00:00 | EthScheduler-Workers-0 | INFO  | PersistBlockTask | Block 6 (0x224e58671115c40b43a5f44a9c3eb83226bd48f9bd61cd6e1f744cb2e8bac263) is already imported
2026-10-07 09:45:40.361+00:00 | BftProcessorExecutor-QBFT-0 | INFO  | QbftBesuControllerBuilder | Imported #6 / 0 tx / 1 pending / 0 (0.0%) gas / (0x224e58671115c40b43a5f44a9c3eb83226bd48f9bd61cd6e1f744cb2e8bac263)
2026-10-07 09:45:42.342+00:00 | BftProcessorExecutor-QBFT-0 | INFO  | QbftBesuControllerBuilder | Imported #7 / 0 tx / 1 pending / 0 (0.0%) gas / (0xfe7cac17bf8051b4727d26c53c40ddbdc73490094a8e7d28f6c4344a16557480)
2026-10-07 09:45:44.436+00:00 | EthScheduler-Workers-0 | INFO  | PersistBlockTask | Block 8 (0xe1e070e32726053d5248688861afbcc30f83d898aa15fb35c91d3c633b583a7e) is already imported
2026-10-07 09:45:44.437+00:00 | BftProcessorExecutor-QBFT-0 | INFO  | QbftBesuControllerBuilder | Imported #8 / 0 tx / 1 pending / 0 (0.0%) gas / (0xe1e070e32726053d5248688861afbcc30f83d898aa15fb35c91d3c633b583a7e)
2026-10-07 09:45:46.391+00:00 | BftProcessorExecutor-QBFT-0 | INFO  | QbftBesuControllerBuilder | Imported #9 / 0 tx / 1 pending / 0 (0.0%) gas / (0xce404a41638a4936b2d34236348893fea47e00c8f66a08118adb1749b9b795aa)
2026-10-07 09:45:48.383+00:00 | BftProcessorExecutor-QBFT-0 | INFO  | QbftBesuControllerBuilder | Imported #10 / 0 tx / 1 pending / 0 (0.0%) gas / (0xe48bfa5a14beb92740a5c20dd2f3b922df71bc2f716f3cb9179fb585eb7bef36)
2026-10-07 09:45:50.366+00:00 | BftProcessorExecutor-QBFT-0 | INFO  | QbftBesuControllerBuilder | Imported #11 / 0 tx / 1 pending / 0 (0.0%) gas / (0xf0e9c65036235df0da24fa1111aa339eff850da6b012ca64fe76de9207cdb4bb)
2026-10-07 09:45:52.337+00:00 | BftProcessorExecutor-QBFT-0 | INFO  | QbftBesuControllerBuilder | Produced #12 / 0 tx / 1 pending / 0 (0.0%) gas / (0x39e153e071a8ec81ede71b260b533ada92cb6e66553bb39782c29ea5b69bae79)
2026-10-07 09:45:54.403+00:00 | BftProcessorExecutor-QBFT-0 | INFO  | QbftBesuControllerBuilder | Imported #13 / 0 tx / 1 pending / 0 (0.0%) gas / (0xc6f0a1d4e902a8aed711fd532b308074535c702f89919c6ffbc2b4b761ea6f8c)
2026-10-07 09:45:56.367+00:00 | BftProcessorExecutor-QBFT-0 | INFO  | QbftBesuControllerBuilder | Imported #14 / 0 tx / 1 pending / 0 (0.0%) gas / (0x9407d38a8eec5dcd25418b48fb233a1110d30be21d66d030312afd4f3b1bc14d)
2026-10-07 09:45:58.456+00:00 | BftProcessorExecutor-QBFT-0 | INFO  | QbftBesuControllerBuilder | Imported #15 / 1 tx / 0 pending / 465,218 (0.0%) gas / (0xaa2ccec8074d4529f9220e673f8c6b742eb7462dc7b1773cae188e4ba1bd8e3f)
2026-10-07 09:46:00.285+00:00 | BftProcessorExecutor-QBFT-0 | INFO  | QbftBesuControllerBuilder | Imported #16 / 0 tx / 1 pending / 0 (0.0%) gas / (0x383eb9c6f19d5fc28412867c9346543cf6e1ffac301ea7967fa4d1ef6b7a4695)
2026-10-07 09:46:00.285+00:00 | EthScheduler-Workers-0 | INFO  | PersistBlockTask | Block 16 (0x383eb9c6f19d5fc28412867c9346543cf6e1ffac301ea7967fa4d1ef6b7a4695) is already imported
2026-10-07 09:46:02.272+00:00 | BftProcessorExecutor-QBFT-0 | INFO  | QbftBesuControllerBuilder | Imported #17 / 0 tx / 1 pending / 0 (0.0%) gas / (0xcf9ac58f93390a947955bc0675d7d8490288c6d683ceb98f2df08be8df6ab525)
2026-10-07 09:46:04.303+00:00 | EthScheduler-Workers-0 | INFO  | PersistBlockTask | Block 18 (0xbfa42239c81c58396a99ca873f9f53105c6c9c4d089c9cfa343cec3ab78595bf) is already imported
2026-10-07 09:46:04.303+00:00 | BftProcessorExecutor-QBFT-0 | INFO  | QbftBesuControllerBuilder | Imported #18 / 0 tx / 1 pending / 0 (0.0%) gas / (0xbfa42239c81c58396a99ca873f9f53105c6c9c4d089c9cfa343cec3ab78595bf)
2026-10-07 09:46:06.306+00:00 | EthScheduler-Workers-0 | INFO  | PersistBlockTask | Block 19 (0x5be7688d99097fdef6f66ce086c92630f7b5b2ce9a69c471bbeab767727b32a5) is already imported
2026-10-07 09:46:06.306+00:00 | BftProcessorExecutor-QBFT-0 | INFO  | QbftBesuControllerBuilder | Imported #19 / 0 tx / 1 pending / 0 (0.0%) gas / (0x5be7688d99097fdef6f66ce086c92630f7b5b2ce9a69c471bbeab767727b32a5)
2026-10-07 09:46:08.261+00:00 | BftProcessorExecutor-QBFT-0 | INFO  | QbftBesuControllerBuilder | Imported #20 / 0 tx / 1 pending / 0 (0.0%) gas / (0xf3f76aaff927de66b9a2ad8b14945e292d45549b4f79ede35b2655b1dc95d168)
2026-10-07 09:46:10.295+00:00 | BftProcessorExecutor-QBFT-0 | INFO  | QbftBesuControllerBuilder | Imported #21 / 0 tx / 1 pending / 0 (0.0%) gas / (0x2d2db6d13d77cb65ed0a006259a0893004c3c6bf0d93e05be2237676ff5b19ff)
2026-10-07 09:46:12.286+00:00 | EthScheduler-Workers-0 | INFO  | PersistBlockTask | Block 22 (0x52f5e1be2d2f3f34ec06d5c454ecb8482461e5e1238c7bd0affca5e9e44dd149) is already imported
2026-10-07 09:46:12.287+00:00 | BftProcessorExecutor-QBFT-0 | INFO  | QbftBesuControllerBuilder | Imported #22 / 0 tx / 1 pending / 0 (0.0%) gas / (0x52f5e1be2d2f3f34ec06d5c454ecb8482461e5e1238c7bd0affca5e9e44dd149)
2026-10-07 09:46:14.344+00:00 | BftProcessorExecutor-QBFT-0 | INFO  | QbftBesuControllerBuilder | Imported #23 / 0 tx / 1 pending / 0 (0.0%) gas / (0x291476aad48d523b1503ddac51dd2775ebec5d932a1eb27f72e2f4d5252cd86a)
2026-10-07 09:46:16.330+00:00 | EthScheduler-Workers-0 | INFO  | PersistBlockTask | Block 24 (0x1bc4270be06c3c88b839958706b34aac20cf3c121bf11dd4eff7864c6387b256) is already imported
2026-10-07 09:46:16.331+00:00 | BftProcessorExecutor-QBFT-0 | INFO  | QbftBesuControllerBuilder | Imported #24 / 0 tx / 1 pending / 0 (0.0%) gas / (0x1bc4270be06c3c88b839958706b34aac20cf3c121bf11dd4eff7864c6387b256)
2026-10-07 09:46:18.261+00:00 | BftProcessorExecutor-QBFT-0 | INFO  | QbftBesuControllerBuilder | Imported #25 / 0 tx / 1 pending / 0 (0.0%) gas / (0x60c1269868da7c3a9e8ed1f89cca9f34ffa8b4d606332dd1f1034292fed6b713)
2026-10-07 09:46:20.302+00:00 | BftProcessorExecutor-QBFT-0 | INFO  | QbftBesuControllerBuilder | Imported #26 / 0 tx / 1 pending / 0 (0.0%) gas / (0x7662a33e6d536cf2834cce14581ff5f54b9f68e49e0a6ad43923f33303a167cf)
2026-10-07 09:46:20.303+00:00 | EthScheduler-Workers-0 | INFO  | PersistBlockTask | Block 26 (0x7662a33e6d536cf2834cce14581ff5f54b9f68e49e0a6ad43923f33303a167cf) is already imported
2026-10-07 09:46:22.283+00:00 | BftProcessorExecutor-QBFT-0 | INFO  | QbftBesuControllerBuilder | Produced #27 / 0 tx / 1 pending / 0 (0.0%) gas / (0x1525e624d370c5a9b8c08436709047147baaf1f006e2d907e429a524d05a16be)
2026-10-07 09:46:24.320+00:00 | BftProcessorExecutor-QBFT-0 | INFO  | QbftBesuControllerBuilder | Imported #28 / 0 tx / 1 pending / 0 (0.0%) gas / (0x3aec6397e0640f8edc077b3ed5041754c06e50f5f7e4fe0c11aa6ae85cdd0dca)
2026-10-07 09:46:26.327+00:00 | BftProcessorExecutor-QBFT-0 | INFO  | QbftBesuControllerBuilder | Imported #29 / 0 tx / 1 pending / 0 (0.0%) gas / (0x56760f36d2769abf52fddd7971a1cdbadb91d87d5280fe2ef5cdd5044e4b7729)
2026-10-07 09:46:28.365+00:00 | BftProcessorExecutor-QBFT-0 | INFO  | QbftBesuControllerBuilder | Imported #30 / 1 tx / 0 pending / 1,832,981 (0.0%) gas / (0x50548080f5619dfc55500d92c111df806174c9b9b4e2096a65723fe263c467f1)
2026-10-07 09:46:30.295+00:00 | BftProcessorExecutor-QBFT-0 | INFO  | QbftBesuControllerBuilder | Imported #31 / 0 tx / 0 pending / 0 (0.0%) gas / (0xc78638173edffb0ad2895b396f833a4039988af0e71853c534efcdcb0927b410)
2026-10-07 09:46:32.253+00:00 | BftProcessorExecutor-QBFT-0 | INFO  | QbftBesuControllerBuilder | Imported #32 / 0 tx / 0 pending / 0 (0.0%) gas / (0x5fcb6cf5620ae4557a82481fd67bf3a889d0275662cf371602cd0917e3a4438d)
2026-10-07 09:46:34.323+00:00 | BftProcessorExecutor-QBFT-0 | INFO  | QbftBesuControllerBuilder | Imported #33 / 0 tx / 0 pending / 0 (0.0%) gas / (0xdb07cdb9ed42f856eacc3472768ec47902b4d3bbe7f4550cdbe1dd76d2b97719)
2026-10-07 09:46:36.328+00:00 | BftProcessorExecutor-QBFT-0 | INFO  | QbftBesuControllerBuilder | Imported #34 / 0 tx / 0 pending / 0 (0.0%) gas / (0xacdc854f846bdcb986edc10dd066ab9a943ec7be890e6427ee68d1b2a3f4826f)
2026-10-07 09:46:38.265+00:00 | BftProcessorExecutor-QBFT-0 | INFO  | QbftBesuControllerBuilder | Imported #35 / 0 tx / 0 pending / 0 (0.0%) gas / (0x8a552f4b7e24f7ecde902d2aa3586004f53aaea5a305456b8af1ebdc36ff87da)
2026-10-07 09:46:40.334+00:00 | BftProcessorExecutor-QBFT-0 | INFO  | QbftBesuControllerBuilder | Imported #36 / 0 tx / 0 pending / 0 (0.0%) gas / (0xfe2158fe9af0f624a4f32a869a68d98ce9c7cd828e1cfcd583d77aebac388d9e)
2026-10-07 09:46:40.336+00:00 | EthScheduler-Workers-0 | INFO  | PersistBlockTask | Block 36 (0xfe2158fe9af0f624a4f32a869a68d98ce9c7cd828e1cfcd583d77aebac388d9e) is already imported
2026-10-07 09:46:42.290+00:00 | BftProcessorExecutor-QBFT-0 | INFO  | QbftBesuControllerBuilder | Imported #37 / 0 tx / 0 pending / 0 (0.0%) gas / (0x909a6104d98e300c383ac64850bc34cb6f9a61bc7d03cad0fa144ff9e16fc8be)
2026-10-07 09:46:44.338+00:00 | BftProcessorExecutor-QBFT-0 | INFO  | QbftBesuControllerBuilder | Imported #38 / 0 tx / 0 pending / 0 (0.0%) gas / (0x5625ddabb198532075bf887a98ab2aa8d917df3ca89c19c5cc6d93a59f246a8e)
2026-10-07 09:46:46.317+00:00 | BftProcessorExecutor-QBFT-0 | INFO  | QbftBesuControllerBuilder | Imported #39 / 0 tx / 0 pending / 0 (0.0%) gas / (0x0ca3596e15171a335d8cc4796f9745b8479703aa4aef6d27c55a1b62b3c8361f)
2026-10-07 09:46:48.281+00:00 | BftProcessorExecutor-QBFT-0 | INFO  | QbftBesuControllerBuilder | Imported #40 / 0 tx / 0 pending / 0 (0.0%) gas / (0x8c74eeea9c12aa470100d5ebb8b0d08563e55fb7b8c528be99a44c06c0569b51)
2026-10-07 09:46:50.321+00:00 | BftProcessorExecutor-QBFT-0 | INFO  | QbftBesuControllerBuilder | Imported #41 / 0 tx / 0 pending / 0 (0.0%) gas / (0x7ffab27941e8101b5b3d860547c8131f2a533f75ded55f7dbff62a9ece8420e3)
2026-10-07 09:46:50.321+00:00 | EthScheduler-Workers-0 | INFO  | PersistBlockTask | Block 41 (0x7ffab27941e8101b5b3d860547c8131f2a533f75ded55f7dbff62a9ece8420e3) is already imported
2026-10-07 09:46:52.275+00:00 | BftProcessorExecutor-QBFT-0 | INFO  | QbftBesuControllerBuilder | Produced #42 / 0 tx / 0 pending / 0 (0.0%) gas / (0xe3cbed62ccd0c79a8a086a07f49fb83e5f8e2aa95b1d69036692399ceaf8a33a)
2026-10-07 09:46:54.339+00:00 | BftProcessorExecutor-QBFT-0 | INFO  | QbftBesuControllerBuilder | Imported #43 / 0 tx / 0 pending / 0 (0.0%) gas / (0x2f9dc8b4d93fec3498799f9489f2a37b02922704e6451f82d87e238177b17ce8)
2026-10-07 09:46:56.310+00:00 | BftProcessorExecutor-QBFT-0 | INFO  | QbftBesuControllerBuilder | Imported #44 / 0 tx / 0 pending / 0 (0.0%) gas / (0x7c9633f9ab76bf57dece3165d3a3b5fc03372169b3cf2c6b42b4bc0d9894b5cc)
2026-10-07 09:46:58.262+00:00 | BftProcessorExecutor-QBFT-0 | INFO  | QbftBesuControllerBuilder | Imported #45 / 0 tx / 0 pending / 0 (0.0%) gas / (0x4ffecbf289243c1d7ab7dc76a7bbf2e2a9fbf5c81ddcf6c501af9a9e87969dd1)
2026-10-07 09:47:00.304+00:00 | EthScheduler-Workers-0 | INFO  | PersistBlockTask | Block 46 (0x8256bef4f4700eba0df9a7418f6a19389adb37196221bfff10c761d1ac040fe2) is already imported
2026-10-07 09:47:00.304+00:00 | BftProcessorExecutor-QBFT-0 | INFO  | QbftBesuControllerBuilder | Imported #46 / 0 tx / 0 pending / 0 (0.0%) gas / (0x8256bef4f4700eba0df9a7418f6a19389adb37196221bfff10c761d1ac040fe2)
2026-10-07 09:47:02.278+00:00 | BftProcessorExecutor-QBFT-0 | INFO  | QbftBesuControllerBuilder | Imported #47 / 0 tx / 0 pending / 0 (0.0%) gas / (0x06a007897fd6afd7525d56ffb4cc01aa470fc670140b88526cd99cb7bfc535c6)
2026-10-07 09:47:02.279+00:00 | EthScheduler-Workers-0 | INFO  | PersistBlockTask | Block 47 (0x06a007897fd6afd7525d56ffb4cc01aa470fc670140b88526cd99cb7bfc535c6) is already imported
2026-10-07 09:47:04.935+00:00 | EthScheduler-Workers-0 | INFO  | PersistBlockTask | Block 48 (0x36ef7927f73919d8ad6e110002a2c6d92f9bce0b1bc38bdfcb473eb737e9d9a6) is already imported
2026-10-07 09:47:04.942+00:00 | BftProcessorExecutor-QBFT-0 | INFO  | QbftBesuControllerBuilder | Imported #48 / 20 tx / 594 pending / 4,839,400 (0.0%) gas / (0x36ef7927f73919d8ad6e110002a2c6d92f9bce0b1bc38bdfcb473eb737e9d9a6)
2026-10-07 09:47:07.861+00:00 | EthScheduler-Workers-0 | INFO  | PersistBlockTask | Block 49 (0xb13398bcf1bc90615747fcb72dc0d3b54861797a739d4dacb9635eb73208d294) is already imported
2026-10-07 09:47:07.868+00:00 | BftProcessorExecutor-QBFT-0 | INFO  | QbftBesuControllerBuilder | Imported #49 / 73 tx / 1565 pending / 17,663,810 (0.0%) gas / (0xb13398bcf1bc90615747fcb72dc0d3b54861797a739d4dacb9635eb73208d294)
2026-10-07 09:47:10.061+00:00 | BftProcessorExecutor-QBFT-0 | INFO  | QbftBesuControllerBuilder | Imported #50 / 117 tx / 1838 pending / 28,310,490 (0.0%) gas / (0xe7a61d383b42ef59207d6f53d3f99b759d5119d435ee7a17dcfcb0f7aeee6796)
2026-10-07 09:47:12.319+00:00 | EthScheduler-Workers-0 | INFO  | PersistBlockTask | Block 51 (0x6899443b09cf056d54861156f371d8ce55b781434cf4a8af5726b9fd5ae21848) is already imported
2026-10-07 09:47:12.324+00:00 | BftProcessorExecutor-QBFT-0 | INFO  | QbftBesuControllerBuilder | Imported #51 / 136 tx / 1702 pending / 32,907,920 (0.0%) gas / (0x6899443b09cf056d54861156f371d8ce55b781434cf4a8af5726b9fd5ae21848)
2026-10-07 09:47:14.521+00:00 | BftProcessorExecutor-QBFT-0 | INFO  | QbftBesuControllerBuilder | Imported #52 / 136 tx / 1566 pending / 32,907,920 (0.0%) gas / (0x4f46701e49652ef52d8c1af1816e7272a67c2b37b8c1df9d2893d0591fccdaea)
2026-10-07 09:47:16.835+00:00 | EthScheduler-Workers-0 | INFO  | PersistBlockTask | Block 53 (0x1298072b75b27200137b90f952b58840cf880a61c9c1290bea1f4e29d035ec49) is already imported
2026-10-07 09:47:16.837+00:00 | BftProcessorExecutor-QBFT-0 | INFO  | QbftBesuControllerBuilder | Imported #53 / 136 tx / 1430 pending / 32,907,920 (0.0%) gas / (0x1298072b75b27200137b90f952b58840cf880a61c9c1290bea1f4e29d035ec49)
2026-10-07 09:47:19.338+00:00 | BftProcessorExecutor-QBFT-0 | INFO  | QbftBesuControllerBuilder | Imported #54 / 136 tx / 1294 pending / 32,907,920 (0.0%) gas / (0xff028975900976e77fa9b4b0064384afacfdbe4a525bd1179a9eedc2cab403e2)
2026-10-07 09:47:19.336+00:00 | EthScheduler-Workers-0 | INFO  | PersistBlockTask | Block 54 (0xff028975900976e77fa9b4b0064384afacfdbe4a525bd1179a9eedc2cab403e2) is already imported
2026-10-07 09:47:21.555+00:00 | EthScheduler-Workers-0 | INFO  | PersistBlockTask | Block 55 (0x718416da9bc683d9932a6e9401cbf3d4a166bd197324667e6a6efc71d13c2530) is already imported
2026-10-07 09:47:21.557+00:00 | BftProcessorExecutor-QBFT-0 | INFO  | QbftBesuControllerBuilder | Imported #55 / 136 tx / 1158 pending / 32,907,920 (0.0%) gas / (0x718416da9bc683d9932a6e9401cbf3d4a166bd197324667e6a6efc71d13c2530)
2026-10-07 09:47:23.700+00:00 | BftProcessorExecutor-QBFT-0 | INFO  | QbftBesuControllerBuilder | Imported #56 / 136 tx / 1022 pending / 32,907,920 (0.0%) gas / (0x5290adebce9925b68eb98e19a74893bdf959f929ad998e188ca8ff888a597f88)
2026-10-07 09:47:25.921+00:00 | EthScheduler-Workers-0 | INFO  | PersistBlockTask | Block 57 (0x403554ac1e36d39714027231de500ed3fe641e292bd00def858f85dc9d0116ea) is already imported
2026-10-07 09:47:25.923+00:00 | BftProcessorExecutor-QBFT-0 | INFO  | QbftBesuControllerBuilder | Produced #57 / 136 tx / 886 pending / 32,907,920 (0.0%) gas / (0x403554ac1e36d39714027231de500ed3fe641e292bd00def858f85dc9d0116ea)
2026-10-07 09:47:28.290+00:00 | EthScheduler-Workers-0 | INFO  | PersistBlockTask | Block 58 (0xd505e390021e4d8b87253edfbc63251765644fad8d028cfa0b465467f1d4587a) is already imported
2026-10-07 09:47:28.292+00:00 | BftProcessorExecutor-QBFT-0 | INFO  | QbftBesuControllerBuilder | Imported #58 / 136 tx / 750 pending / 32,907,920 (0.0%) gas / (0xd505e390021e4d8b87253edfbc63251765644fad8d028cfa0b465467f1d4587a)
2026-10-07 09:47:30.747+00:00 | EthScheduler-Workers-0 | INFO  | PersistBlockTask | Block 59 (0x22bfbe62c4babc03a70bd0008652a4c4dc4863d4875e3a0a4b1ffaf7f0882b36) is already imported
2026-10-07 09:47:30.749+00:00 | BftProcessorExecutor-QBFT-0 | INFO  | QbftBesuControllerBuilder | Imported #59 / 136 tx / 614 pending / 32,907,920 (0.0%) gas / (0x22bfbe62c4babc03a70bd0008652a4c4dc4863d4875e3a0a4b1ffaf7f0882b36)
2026-10-07 09:47:32.845+00:00 | BftProcessorExecutor-QBFT-0 | INFO  | QbftBesuControllerBuilder | Imported #60 / 138 tx / 476 pending / 33,391,860 (0.0%) gas / (0x3482166dfb0302d2a6af2ada49dbc140cb406b178cde079b490d00f1f4ffd064)
2026-10-07 09:47:35.307+00:00 | EthScheduler-Workers-0 | INFO  | PersistBlockTask | Block 61 (0x1f6b196955784e2bd62bd675dd3284bf83323a5620a747584a643cabff265262) is already imported
2026-10-07 09:47:35.308+00:00 | BftProcessorExecutor-QBFT-0 | INFO  | QbftBesuControllerBuilder | Imported #61 / 138 tx / 338 pending / 33,391,860 (0.0%) gas / (0x1f6b196955784e2bd62bd675dd3284bf83323a5620a747584a643cabff265262)
2026-10-07 09:47:37.448+00:00 | EthScheduler-Workers-0 | INFO  | PersistBlockTask | Block 62 (0x18839e504bf10da259ff2d220cff827738f91528035cb20abb2dd9a8499252f5) is already imported
2026-10-07 09:47:37.449+00:00 | BftProcessorExecutor-QBFT-0 | INFO  | QbftBesuControllerBuilder | Imported #62 / 138 tx / 200 pending / 33,391,860 (0.0%) gas / (0x18839e504bf10da259ff2d220cff827738f91528035cb20abb2dd9a8499252f5)
2026-10-07 09:47:39.372+00:00 | BftProcessorExecutor-QBFT-0 | INFO  | QbftBesuControllerBuilder | Imported #63 / 117 tx / 83 pending / 28,310,490 (0.0%) gas / (0x41685751eaed5378e989ec6971ea905d54d9a8f7d5e0bac3d6e465be0b578635)
2026-10-07 09:47:40.636+00:00 | EthScheduler-Workers-0 | INFO  | PersistBlockTask | Block 64 (0x58d33a151c3cb99ca73cd7fc469dc8861458713fef97292063da7164cb5f8b8f) is already imported
2026-10-07 09:47:40.636+00:00 | BftProcessorExecutor-QBFT-0 | INFO  | QbftBesuControllerBuilder | Imported #64 / 64 tx / 19 pending / 15,486,080 (0.0%) gas / (0x58d33a151c3cb99ca73cd7fc469dc8861458713fef97292063da7164cb5f8b8f)
2026-10-07 09:47:41.633+00:00 | BftProcessorExecutor-QBFT-0 | INFO  | QbftBesuControllerBuilder | Imported #65 / 19 tx / 0 pending / 4,597,430 (0.0%) gas / (0x56508e99521db6a33b4739f4b4c38ff934439a7c3824a3211deaba5a91fda0b7)
2026-10-07 09:47:43.323+00:00 | BftProcessorExecutor-QBFT-0 | INFO  | QbftBesuControllerBuilder | Imported #66 / 0 tx / 0 pending / 0 (0.0%) gas / (0xe878b67e405b4c791562bcf3e1c682e125b2629fd1237f48c725d48ac4a11d8f)
2026-10-07 09:47:45.286+00:00 | BftProcessorExecutor-QBFT-0 | INFO  | QbftBesuControllerBuilder | Imported #67 / 0 tx / 0 pending / 0 (0.0%) gas / (0x421ad265d5273df565ef18b2eeefa74c8d37eb73f6ecd67a224821a675f241fb)
2026-10-07 09:47:47.328+00:00 | BftProcessorExecutor-QBFT-0 | INFO  | QbftBesuControllerBuilder | Imported #68 / 0 tx / 0 pending / 0 (0.0%) gas / (0x7dd81552731e365e11ba503b90efebb053abbb76ebfb28d4a12138120532e91d)
2026-10-07 09:47:47.328+00:00 | EthScheduler-Workers-0 | INFO  | PersistBlockTask | Block 68 (0x7dd81552731e365e11ba503b90efebb053abbb76ebfb28d4a12138120532e91d) is already imported
2026-10-07 09:47:49.309+00:00 | BftProcessorExecutor-QBFT-0 | INFO  | QbftBesuControllerBuilder | Imported #69 / 0 tx / 0 pending / 0 (0.0%) gas / (0x303797c5b4af7f567c0037f73d3ad9f2c6a49ab7b67f96e061bfa8c7b11aadab)
2026-10-07 09:47:51.258+00:00 | BftProcessorExecutor-QBFT-0 | INFO  | QbftBesuControllerBuilder | Imported #70 / 0 tx / 0 pending / 0 (0.0%) gas / (0x1d283192196a0e9d3207e19e2ea10550343d9c0d8be75af824c964947b12e916)
2026-10-07 09:47:53.333+00:00 | EthScheduler-Workers-0 | INFO  | PersistBlockTask | Block 71 (0x85d74f96ea708c7fb255315f11ef1eb0b1419fdb05144789c6e9fa94e9c9184f) is already imported
2026-10-07 09:47:53.334+00:00 | BftProcessorExecutor-QBFT-0 | INFO  | QbftBesuControllerBuilder | Imported #71 / 0 tx / 0 pending / 0 (0.0%) gas / (0x85d74f96ea708c7fb255315f11ef1eb0b1419fdb05144789c6e9fa94e9c9184f)
2026-10-07 09:47:55.284+00:00 | BftProcessorExecutor-QBFT-0 | INFO  | QbftBesuControllerBuilder | Produced #72 / 0 tx / 0 pending / 0 (0.0%) gas / (0xfda8b689652b5363034c6b2f0e6b6701f236e4de9430d096b48167d53823ebf5)
2026-10-07 09:47:57.335+00:00 | BftProcessorExecutor-QBFT-0 | INFO  | QbftBesuControllerBuilder | Imported #73 / 0 tx / 0 pending / 0 (0.0%) gas / (0x954d5b4c908bfa5231c0e4f03d64248d2cff353f99c46db20fa85a5aaf568893)
2026-10-07 09:47:59.312+00:00 | BftProcessorExecutor-QBFT-0 | INFO  | QbftBesuControllerBuilder | Imported #74 / 0 tx / 0 pending / 0 (0.0%) gas / (0xbb827cc2a336f09f84754176d657769a224899d94a4a981b9713ea6be5d20484)
2026-10-07 09:48:01.278+00:00 | EthScheduler-Workers-0 | INFO  | PersistBlockTask | Block 75 (0x99610ad874370bbdf149a4ce12123de5bb3f6d6f5c133827b3c55af9735aab3f) is already imported
2026-10-07 09:48:01.278+00:00 | BftProcessorExecutor-QBFT-0 | INFO  | QbftBesuControllerBuilder | Imported #75 / 0 tx / 0 pending / 0 (0.0%) gas / (0x99610ad874370bbdf149a4ce12123de5bb3f6d6f5c133827b3c55af9735aab3f)
2026-10-07 09:48:03.308+00:00 | EthScheduler-Workers-0 | INFO  | PersistBlockTask | Block 76 (0x1a7c7e1c44bd34d6125f3d01581e83bb781197803140c02d767ef0f961095a70) is already imported
2026-10-07 09:48:03.309+00:00 | BftProcessorExecutor-QBFT-0 | INFO  | QbftBesuControllerBuilder | Imported #76 / 0 tx / 0 pending / 0 (0.0%) gas / (0x1a7c7e1c44bd34d6125f3d01581e83bb781197803140c02d767ef0f961095a70)
2026-10-07 09:48:05.277+00:00 | EthScheduler-Workers-0 | INFO  | PersistBlockTask | Block 77 (0x8cbc892400ae82f0a6d90fd00237ea07f7d075c122a60264d8428488746307bc) is already imported
2026-10-07 09:48:05.277+00:00 | BftProcessorExecutor-QBFT-0 | INFO  | QbftBesuControllerBuilder | Imported #77 / 0 tx / 0 pending / 0 (0.0%) gas / (0x8cbc892400ae82f0a6d90fd00237ea07f7d075c122a60264d8428488746307bc)
2026-10-07 09:48:07.309+00:00 | EthScheduler-Workers-0 | INFO  | PersistBlockTask | Block 78 (0xf46b3472516af632b8e94520323aae666c4843306b8a2df527376902f8ad65b6) is already imported
2026-10-07 09:48:07.310+00:00 | BftProcessorExecutor-QBFT-0 | INFO  | QbftBesuControllerBuilder | Imported #78 / 0 tx / 0 pending / 0 (0.0%) gas / (0xf46b3472516af632b8e94520323aae666c4843306b8a2df527376902f8ad65b6)
2026-10-07 09:48:09.312+00:00 | BftProcessorExecutor-QBFT-0 | INFO  | QbftBesuControllerBuilder | Imported #79 / 0 tx / 0 pending / 0 (0.0%) gas / (0xc6ee13ce168d46941c264a299014bac49734860930a02899cfe14386bc15aa97)
2026-10-07 09:48:09.314+00:00 | EthScheduler-Workers-0 | INFO  | PersistBlockTask | Block 79 (0xc6ee13ce168d46941c264a299014bac49734860930a02899cfe14386bc15aa97) is already imported
2026-10-07 09:48:11.274+00:00 | BftProcessorExecutor-QBFT-0 | INFO  | QbftBesuControllerBuilder | Imported #80 / 0 tx / 0 pending / 0 (0.0%) gas / (0x2d0f08e50ee435ff98413db4d318855b9f63f13939f1e1ba9347c5a5b2093109)
2026-10-07 09:48:13.320+00:00 | EthScheduler-Workers-0 | INFO  | PersistBlockTask | Block 81 (0x324ffc47ca69c6787ebe59886dfcf5f6f634898f887a44e6d7c2dac3cc8c05df) is already imported
2026-10-07 09:48:13.320+00:00 | BftProcessorExecutor-QBFT-0 | INFO  | QbftBesuControllerBuilder | Imported #81 / 0 tx / 0 pending / 0 (0.0%) gas / (0x324ffc47ca69c6787ebe59886dfcf5f6f634898f887a44e6d7c2dac3cc8c05df)
2026-10-07 09:48:15.275+00:00 | BftProcessorExecutor-QBFT-0 | INFO  | QbftBesuControllerBuilder | Imported #82 / 0 tx / 0 pending / 0 (0.0%) gas / (0x46ed660e74453df1def17c4a98a21d48f1eec42068d22e9e2a31d040c1e728ec)
2026-10-07 09:48:17.330+00:00 | BftProcessorExecutor-QBFT-0 | INFO  | QbftBesuControllerBuilder | Imported #83 / 0 tx / 0 pending / 0 (0.0%) gas / (0xae313c02644604c4876f08f1ae3ecdf5e9bea70db9781f689296f7ffcdf8b17a)
2026-10-07 09:48:19.312+00:00 | BftProcessorExecutor-QBFT-0 | INFO  | QbftBesuControllerBuilder | Imported #84 / 0 tx / 0 pending / 0 (0.0%) gas / (0xcc4186ac1f2381dbaa446f51b352f86b114a2fe6d523ef066d7749760d2eee67)
2026-10-07 09:48:21.266+00:00 | BftProcessorExecutor-QBFT-0 | INFO  | QbftBesuControllerBuilder | Imported #85 / 0 tx / 8 pending / 0 (0.0%) gas / (0x15f1bce612c9cd0f69a2febee16fb9673f3453d94ee58a7922b64470a16315ba)
2026-10-07 09:48:23.305+00:00 | EthScheduler-Workers-0 | INFO  | PersistBlockTask | Block 86 (0x4a4eaeefb06de27d7d7bec7adeea68402a895a47c1f8f7d40b2129975bcaee91) is already imported
2026-10-07 09:48:23.306+00:00 | BftProcessorExecutor-QBFT-0 | INFO  | QbftBesuControllerBuilder | Imported #86 / 0 tx / 8 pending / 0 (0.0%) gas / (0x4a4eaeefb06de27d7d7bec7adeea68402a895a47c1f8f7d40b2129975bcaee91)
2026-10-07 09:48:25.286+00:00 | BftProcessorExecutor-QBFT-0 | INFO  | QbftBesuControllerBuilder | Produced #87 / 0 tx / 8 pending / 0 (0.0%) gas / (0x9320f34df4ef609ef87be7bddc1a88b3ef0ec2a118ae0d63638b4472b1a558b7)
2026-10-07 09:48:27.344+00:00 | BftProcessorExecutor-QBFT-0 | INFO  | QbftBesuControllerBuilder | Imported #88 / 0 tx / 8 pending / 0 (0.0%) gas / (0xda432d015ecbb51634aabacaf400f070d861f684b1c6565ecaca9eacb40233ad)
2026-10-07 09:48:29.315+00:00 | BftProcessorExecutor-QBFT-0 | INFO  | QbftBesuControllerBuilder | Imported #89 / 0 tx / 8 pending / 0 (0.0%) gas / (0xb6cd56634b2d568d7314e99e2065d6691874cbd8fd5a82cd60920a98f914495f)
2026-10-07 09:48:31.291+00:00 | BftProcessorExecutor-QBFT-0 | INFO  | QbftBesuControllerBuilder | Imported #90 / 1 tx / 7 pending / 153,630 (0.0%) gas / (0xec5f03e7fb399508770ef45b45c9849813d52f295a7e60971c109bfdce3a0e5d)
2026-10-07 09:48:33.316+00:00 | EthScheduler-Workers-0 | INFO  | PersistBlockTask | Block 91 (0xecc9c02b983ffee45347ae64e14b28de88adc828de31e0905c49dd7e6eb72fc6) is already imported
2026-10-07 09:48:33.316+00:00 | BftProcessorExecutor-QBFT-0 | INFO  | QbftBesuControllerBuilder | Imported #91 / 1 tx / 6 pending / 153,638 (0.0%) gas / (0xecc9c02b983ffee45347ae64e14b28de88adc828de31e0905c49dd7e6eb72fc6)
2026-10-07 09:48:35.288+00:00 | BftProcessorExecutor-QBFT-0 | INFO  | QbftBesuControllerBuilder | Imported #92 / 1 tx / 5 pending / 153,650 (0.0%) gas / (0xb747bb0d004dd841f909997904aae2dd39797a041638dac4670df9e6837810d3)
2026-10-07 09:48:37.332+00:00 | EthScheduler-Workers-0 | INFO  | PersistBlockTask | Block 93 (0x5a57db47864ad2a7c7ad089cb5a666a8ef3ec668140829c27365da6976b39182) is already imported
2026-10-07 09:48:37.333+00:00 | BftProcessorExecutor-QBFT-0 | INFO  | QbftBesuControllerBuilder | Imported #93 / 1 tx / 4 pending / 153,618 (0.0%) gas / (0x5a57db47864ad2a7c7ad089cb5a666a8ef3ec668140829c27365da6976b39182)
2026-10-07 09:48:39.353+00:00 | EthScheduler-Workers-0 | INFO  | PersistBlockTask | Block 94 (0xe1168e468ae5c50eb60634565f14966c1a9dc2b5fff1e64fc868cf9c7eb5e88b) is already imported
2026-10-07 09:48:39.353+00:00 | BftProcessorExecutor-QBFT-0 | INFO  | QbftBesuControllerBuilder | Imported #94 / 1 tx / 3 pending / 153,650 (0.0%) gas / (0xe1168e468ae5c50eb60634565f14966c1a9dc2b5fff1e64fc868cf9c7eb5e88b)
2026-10-07 09:48:41.276+00:00 | BftProcessorExecutor-QBFT-0 | INFO  | QbftBesuControllerBuilder | Imported #95 / 1 tx / 2 pending / 153,650 (0.0%) gas / (0xaea8a2ba97378cf75d0a880c892fe360399a080a99c1c73cb22c161eb41afdee)
2026-10-07 09:48:43.334+00:00 | EthScheduler-Workers-0 | INFO  | PersistBlockTask | Block 96 (0xeabd45e5d1502c3f485d11299dac06137a53f8f933913ca9540043ba817e4399) is already imported
2026-10-07 09:48:43.334+00:00 | BftProcessorExecutor-QBFT-0 | INFO  | QbftBesuControllerBuilder | Imported #96 / 1 tx / 1 pending / 153,630 (0.0%) gas / (0xeabd45e5d1502c3f485d11299dac06137a53f8f933913ca9540043ba817e4399)
2026-10-07 09:48:45.301+00:00 | BftProcessorExecutor-QBFT-0 | INFO  | QbftBesuControllerBuilder | Imported #97 / 1 tx / 0 pending / 153,638 (0.0%) gas / (0xfa6922921450149adc485cc9f4661336ae5b58b2c77accfcac4570d32a18daf9)
2026-10-07 09:48:47.299+00:00 | BftProcessorExecutor-QBFT-0 | INFO  | QbftBesuControllerBuilder | Imported #98 / 0 tx / 0 pending / 0 (0.0%) gas / (0x489bc22d7b1c2e81188663cca276dbd58495d70431b1e25babc368106a518ace)
2026-10-07 09:48:49.306+00:00 | BftProcessorExecutor-QBFT-0 | INFO  | QbftBesuControllerBuilder | Imported #99 / 0 tx / 0 pending / 0 (0.0%) gas / (0xe9ea2a0bdf817790285820de0ad768412ad6360dd865c6a265c401bad0b9d7c4)
2026-10-07 09:48:51.270+00:00 | BftProcessorExecutor-QBFT-0 | INFO  | QbftBesuControllerBuilder | Imported #100 / 0 tx / 0 pending / 0 (0.0%) gas / (0xab1867c64e313b083ad4919faa9881bc17f6c7a1205851e7ef2d4f2d3287d6bb)
2026-10-07 09:48:51.270+00:00 | EthScheduler-Workers-0 | INFO  | PersistBlockTask | Block 100 (0xab1867c64e313b083ad4919faa9881bc17f6c7a1205851e7ef2d4f2d3287d6bb) is already imported
2026-10-07 09:48:53.299+00:00 | BftProcessorExecutor-QBFT-0 | INFO  | QbftBesuControllerBuilder | Imported #101 / 0 tx / 0 pending / 0 (0.0%) gas / (0x8793c39b2eb9f89309f477c3c81b017c227bd2bea3994d6feec81a9946711f60)
2026-10-07 09:48:55.374+00:00 | EthScheduler-Workers-0 | INFO  | PersistBlockTask | Block 102 (0x5ea5e4ba32cb2855f193d337612bdfea27251166797b9910ebafecc028da7a4a) is already imported
2026-10-07 09:48:55.374+00:00 | BftProcessorExecutor-QBFT-0 | INFO  | QbftBesuControllerBuilder | Produced #102 / 4 tx / 140 pending / 967,880 (0.0%) gas / (0x5ea5e4ba32cb2855f193d337612bdfea27251166797b9910ebafecc028da7a4a)
2026-10-07 09:48:57.937+00:00 | EthScheduler-Workers-0 | INFO  | PersistBlockTask | Block 103 (0x3d8485e04d728d7b356d0913079af612b963e44516c417386d29da72fa8e4e72) is already imported
2026-10-07 09:48:57.938+00:00 | BftProcessorExecutor-QBFT-0 | INFO  | QbftBesuControllerBuilder | Imported #103 / 38 tx / 738 pending / 9,194,860 (0.0%) gas / (0x3d8485e04d728d7b356d0913079af612b963e44516c417386d29da72fa8e4e72)
2026-10-07 09:49:00.396+00:00 | BftProcessorExecutor-QBFT-0 | INFO  | QbftBesuControllerBuilder | Imported #104 / 72 tx / 1443 pending / 17,421,840 (0.0%) gas / (0x44379c5e890e795a81b86dbd7925ad003d638233352fd5682e8dbf0e3d433f48)
2026-10-07 09:49:03.059+00:00 | BftProcessorExecutor-QBFT-0 | INFO  | QbftBesuControllerBuilder | Imported #105 / 121 tx / 1813 pending / 29,278,370 (0.0%) gas / (0xcfc3fb9e2f9787cf54efd87cb7b07786129d9abdf293bec0f29de015e1a14755)
2026-10-07 09:49:05.273+00:00 | BftProcessorExecutor-QBFT-0 | INFO  | QbftBesuControllerBuilder | Imported #106 / 138 tx / 1675 pending / 33,391,860 (0.0%) gas / (0x89a92d238aeb98cb5d1c4206715109faa6f8b742bdf061a4569790157d8e538e)
2026-10-07 09:49:07.575+00:00 | EthScheduler-Workers-0 | INFO  | PersistBlockTask | Block 107 (0x5014e281d9e885e2f2d56597105086090f89515fd2b8880b8337930a89b9fba9) is already imported
2026-10-07 09:49:07.576+00:00 | BftProcessorExecutor-QBFT-0 | INFO  | QbftBesuControllerBuilder | Imported #107 / 138 tx / 1537 pending / 33,391,860 (0.0%) gas / (0x5014e281d9e885e2f2d56597105086090f89515fd2b8880b8337930a89b9fba9)
2026-10-07 09:49:09.866+00:00 | EthScheduler-Workers-0 | INFO  | PersistBlockTask | Block 108 (0x7042800bb6e9b5fe69e991577b32a4843c9ce8bdd0b34bd57928aedbce1ac888) is already imported
2026-10-07 09:49:09.867+00:00 | BftProcessorExecutor-QBFT-0 | INFO  | QbftBesuControllerBuilder | Imported #108 / 137 tx / 1400 pending / 33,149,890 (0.0%) gas / (0x7042800bb6e9b5fe69e991577b32a4843c9ce8bdd0b34bd57928aedbce1ac888)
2026-10-07 09:49:12.220+00:00 | EthScheduler-Workers-0 | INFO  | PersistBlockTask | Block 109 (0xde9553956ec6480e87722b5496c47b062c8c2ed027965c8e6743bd45799c3087) is already imported
2026-10-07 09:49:12.222+00:00 | BftProcessorExecutor-QBFT-0 | INFO  | QbftBesuControllerBuilder | Imported #109 / 137 tx / 1263 pending / 33,149,890 (0.0%) gas / (0xde9553956ec6480e87722b5496c47b062c8c2ed027965c8e6743bd45799c3087)
2026-10-07 09:49:14.476+00:00 | EthScheduler-Workers-0 | INFO  | PersistBlockTask | Block 110 (0x10574d7201f701f1e31241819b2494e24c64b1e7af36b64933b2be5e9d1d0453) is already imported
2026-10-07 09:49:14.483+00:00 | BftProcessorExecutor-QBFT-0 | INFO  | QbftBesuControllerBuilder | Imported #110 / 136 tx / 1127 pending / 32,907,920 (0.0%) gas / (0x10574d7201f701f1e31241819b2494e24c64b1e7af36b64933b2be5e9d1d0453)
2026-10-07 09:49:16.658+00:00 | EthScheduler-Workers-0 | INFO  | PersistBlockTask | Block 111 (0x42e96379fd8d0e4e5c36448212f617d7dad8aed7e3358131def16e5d1f6c2055) is already imported
2026-10-07 09:49:16.662+00:00 | BftProcessorExecutor-QBFT-0 | INFO  | QbftBesuControllerBuilder | Imported #111 / 136 tx / 991 pending / 32,907,920 (0.0%) gas / (0x42e96379fd8d0e4e5c36448212f617d7dad8aed7e3358131def16e5d1f6c2055)
2026-10-07 09:49:18.876+00:00 | BftProcessorExecutor-QBFT-0 | INFO  | QbftBesuControllerBuilder | Imported #112 / 136 tx / 855 pending / 32,907,920 (0.0%) gas / (0x737f5d60b33ff5095452bd76b5ffc7ea08a1234b97d3c91a1f66abcf336dde16)
2026-10-07 09:49:21.258+00:00 | BftProcessorExecutor-QBFT-0 | INFO  | QbftBesuControllerBuilder | Imported #113 / 136 tx / 719 pending / 32,907,920 (0.0%) gas / (0xf80306615c39ab7688fe9ea15d676cbcee649bf59d0c78485b6bd6e6e4546f8f)
2026-10-07 09:49:23.602+00:00 | EthScheduler-Workers-0 | INFO  | PersistBlockTask | Block 114 (0xe2967338fd5af33cc606a98f6f4935dde479bef100d129a5129c358f1b3e78d3) is already imported
2026-10-07 09:49:23.603+00:00 | BftProcessorExecutor-QBFT-0 | INFO  | QbftBesuControllerBuilder | Imported #114 / 136 tx / 583 pending / 32,907,920 (0.0%) gas / (0xe2967338fd5af33cc606a98f6f4935dde479bef100d129a5129c358f1b3e78d3)
2026-10-07 09:49:25.742+00:00 | EthScheduler-Workers-0 | INFO  | PersistBlockTask | Block 115 (0x032d98e1e88b8d353ae6f5fe449c62b06e1fd14841a64bff0f76f07c20f51c90) is already imported
2026-10-07 09:49:25.743+00:00 | BftProcessorExecutor-QBFT-0 | INFO  | QbftBesuControllerBuilder | Imported #115 / 136 tx / 447 pending / 32,907,920 (0.0%) gas / (0x032d98e1e88b8d353ae6f5fe449c62b06e1fd14841a64bff0f76f07c20f51c90)
2026-10-07 09:49:28.192+00:00 | BftProcessorExecutor-QBFT-0 | INFO  | QbftBesuControllerBuilder | Imported #116 / 136 tx / 311 pending / 32,907,920 (0.0%) gas / (0x58d6b2768c0d1b8eac2e2e3243e78335445464315e9178a905ac7e5d107191d9)
2026-10-07 09:49:30.347+00:00 | EthScheduler-Workers-0 | INFO  | PersistBlockTask | Block 117 (0x4fcb375a1e0122316c48ab60f4f87a7c0b558329c550b8b509b4c72e3af0b45e) is already imported
2026-10-07 09:49:30.348+00:00 | BftProcessorExecutor-QBFT-0 | INFO  | QbftBesuControllerBuilder | Produced #117 / 132 tx / 179 pending / 31,940,040 (0.0%) gas / (0x4fcb375a1e0122316c48ab60f4f87a7c0b558329c550b8b509b4c72e3af0b45e)
2026-10-07 09:49:31.992+00:00 | EthScheduler-Workers-0 | INFO  | PersistBlockTask | Block 118 (0x851c9cd638a4d1b9a4f234ca3fc36ce3ad5d3803ea263beb481e86dab5c0f744) is already imported
2026-10-07 09:49:31.992+00:00 | BftProcessorExecutor-QBFT-0 | INFO  | QbftBesuControllerBuilder | Imported #118 / 98 tx / 81 pending / 23,713,060 (0.0%) gas / (0x851c9cd638a4d1b9a4f234ca3fc36ce3ad5d3803ea263beb481e86dab5c0f744)
2026-10-07 09:49:33.316+00:00 | BftProcessorExecutor-QBFT-0 | INFO  | QbftBesuControllerBuilder | Imported #119 / 64 tx / 17 pending / 15,486,080 (0.0%) gas / (0xb327f17ca6d7ffa0b068fee45d9104c082db36fa7ea91aec8f3ad0a1c5f03e3c)
2026-10-07 09:49:34.649+00:00 | BftProcessorExecutor-QBFT-0 | INFO  | QbftBesuControllerBuilder | Imported #120 / 17 tx / 0 pending / 4,113,490 (0.0%) gas / (0x4bb7fb2425899a899e096282d607b94301c273963dd4f55aae56bae30acdc95d)
2026-10-07 09:49:36.297+00:00 | BftProcessorExecutor-QBFT-0 | INFO  | QbftBesuControllerBuilder | Imported #121 / 0 tx / 0 pending / 0 (0.0%) gas / (0x00a666c0db503537e4f491af155ae017fe890eca28b82008642d57f8e5323e0b)
2026-10-07 09:49:38.278+00:00 | BftProcessorExecutor-QBFT-0 | INFO  | QbftBesuControllerBuilder | Imported #122 / 0 tx / 0 pending / 0 (0.0%) gas / (0xbe03cc680aa6b68544438313f8a79df51bd9c74b64c11f8df5de9a6e33f1e38e)
2026-10-07 09:49:38.282+00:00 | EthScheduler-Workers-0 | INFO  | PersistBlockTask | Block 122 (0xbe03cc680aa6b68544438313f8a79df51bd9c74b64c11f8df5de9a6e33f1e38e) is already imported
2026-10-07 09:49:40.299+00:00 | BftProcessorExecutor-QBFT-0 | INFO  | QbftBesuControllerBuilder | Imported #123 / 0 tx / 0 pending / 0 (0.0%) gas / (0xa567d26b5a2c694b79d1416ab5c2d0a07a3f4af9e779f06ce1c3a9143b632d60)
2026-10-07 09:49:42.300+00:00 | BftProcessorExecutor-QBFT-0 | INFO  | QbftBesuControllerBuilder | Imported #124 / 0 tx / 0 pending / 0 (0.0%) gas / (0x2ba83111a2f474ff4ade382cbca8c54f9b8fd422476a7059bf08d8eb233c1e2d)
2026-10-07 09:49:44.272+00:00 | BftProcessorExecutor-QBFT-0 | INFO  | QbftBesuControllerBuilder | Imported #125 / 0 tx / 0 pending / 0 (0.0%) gas / (0x54d7a2b9d8c868cd23b398860f18a11e413f432caa0d6138ff131e635a2ab51e)
2026-10-07 09:49:44.274+00:00 | EthScheduler-Workers-0 | INFO  | PersistBlockTask | Block 125 (0x54d7a2b9d8c868cd23b398860f18a11e413f432caa0d6138ff131e635a2ab51e) is already imported
2026-10-07 09:49:46.298+00:00 | EthScheduler-Workers-0 | INFO  | PersistBlockTask | Block 126 (0x3c8bbd95fced468410d85892748ab5710145d0638f4c75a347ab31a5b491905f) is already imported
2026-10-07 09:49:46.298+00:00 | BftProcessorExecutor-QBFT-0 | INFO  | QbftBesuControllerBuilder | Imported #126 / 0 tx / 0 pending / 0 (0.0%) gas / (0x3c8bbd95fced468410d85892748ab5710145d0638f4c75a347ab31a5b491905f)
2026-10-07 09:49:48.278+00:00 | BftProcessorExecutor-QBFT-0 | INFO  | QbftBesuControllerBuilder | Imported #127 / 0 tx / 0 pending / 0 (0.0%) gas / (0x4ddc73cba2fc146d75013994027b94433ba9d7bf43300e2ea08ea4d1cbe00d26)
2026-10-07 09:49:50.332+00:00 | BftProcessorExecutor-QBFT-0 | INFO  | QbftBesuControllerBuilder | Imported #128 / 0 tx / 0 pending / 0 (0.0%) gas / (0xa967b0398f9b028132d64746670f4d4de68c12647818c4a8499dbcf9fca3c271)
2026-10-07 09:49:52.316+00:00 | BftProcessorExecutor-QBFT-0 | INFO  | QbftBesuControllerBuilder | Imported #129 / 0 tx / 0 pending / 0 (0.0%) gas / (0x1f046d62615f8590dd69325ae50319836e1f50a9e3faa444fdb3e953e460678a)
2026-10-07 09:49:54.284+00:00 | BftProcessorExecutor-QBFT-0 | INFO  | QbftBesuControllerBuilder | Imported #130 / 0 tx / 0 pending / 0 (0.0%) gas / (0x9e7f75e61c3f09db224587817a1855d4a23c1c58a0efd8c94f4ea990648b3707)
2026-10-07 09:49:56.291+00:00 | BftProcessorExecutor-QBFT-0 | INFO  | QbftBesuControllerBuilder | Imported #131 / 0 tx / 0 pending / 0 (0.0%) gas / (0xeaf5b27213efa6549845604de3f6114c336f30765e9ebd9832e8b0a03d64c89d)
2026-10-07 09:49:58.278+00:00 | BftProcessorExecutor-QBFT-0 | INFO  | QbftBesuControllerBuilder | Produced #132 / 0 tx / 0 pending / 0 (0.0%) gas / (0x74abf47340af5cc8764d0d2093a610b4d10f851b5ba22e710f31791703fbe2f0)
2026-10-07 09:50:00.308+00:00 | BftProcessorExecutor-QBFT-0 | INFO  | QbftBesuControllerBuilder | Imported #133 / 0 tx / 0 pending / 0 (0.0%) gas / (0x7dc4f82c3163ed08269b4e0d58eec5e45df54dcbf5143f79c37d4861aaea3bf5)
2026-10-07 09:50:00.312+00:00 | EthScheduler-Workers-0 | INFO  | PersistBlockTask | Block 133 (0x7dc4f82c3163ed08269b4e0d58eec5e45df54dcbf5143f79c37d4861aaea3bf5) is already imported
2026-10-07 09:50:02.319+00:00 | BftProcessorExecutor-QBFT-0 | INFO  | QbftBesuControllerBuilder | Imported #134 / 0 tx / 0 pending / 0 (0.0%) gas / (0xa40467cb18673576e6bebec10cef2c330aada62943b2e723d937ff594300b186)
2026-10-07 09:50:02.321+00:00 | EthScheduler-Workers-0 | INFO  | PersistBlockTask | Block 134 (0xa40467cb18673576e6bebec10cef2c330aada62943b2e723d937ff594300b186) is already imported
2026-10-07 09:50:04.276+00:00 | EthScheduler-Workers-0 | INFO  | PersistBlockTask | Block 135 (0x32365f8ae51129d166c33ac84a8426a4de0a3afb72d3a0239e26977e1337f9cc) is already imported
2026-10-07 09:50:04.278+00:00 | BftProcessorExecutor-QBFT-0 | INFO  | QbftBesuControllerBuilder | Imported #135 / 0 tx / 0 pending / 0 (0.0%) gas / (0x32365f8ae51129d166c33ac84a8426a4de0a3afb72d3a0239e26977e1337f9cc)
2026-10-07 09:50:06.328+00:00 | BftProcessorExecutor-QBFT-0 | INFO  | QbftBesuControllerBuilder | Imported #136 / 0 tx / 0 pending / 0 (0.0%) gas / (0xca054e824feea0632a3827a55f21fbae4e6b8b99fbc7ddf4a6940c947aaf1cf3)
2026-10-07 09:50:06.328+00:00 | EthScheduler-Workers-0 | INFO  | PersistBlockTask | Block 136 (0xca054e824feea0632a3827a55f21fbae4e6b8b99fbc7ddf4a6940c947aaf1cf3) is already imported
2026-10-07 09:50:08.278+00:00 | BftProcessorExecutor-QBFT-0 | INFO  | QbftBesuControllerBuilder | Imported #137 / 0 tx / 0 pending / 0 (0.0%) gas / (0x9bc17098c1bb041fb8938beefc3abc8f3255913ae918f02b78ae99c135c61863)
2026-10-07 09:50:10.302+00:00 | BftProcessorExecutor-QBFT-0 | INFO  | QbftBesuControllerBuilder | Imported #138 / 0 tx / 0 pending / 0 (0.0%) gas / (0x098e8b80e32d87f382d0ff4512ae274642df14e1fdd9f3b7caa840ff191fda4b)
2026-10-07 09:50:12.300+00:00 | BftProcessorExecutor-QBFT-0 | INFO  | QbftBesuControllerBuilder | Imported #139 / 0 tx / 0 pending / 0 (0.0%) gas / (0x37cefbe663a95709c1070a6ff765b73563eeb88eb88c5d431f794b3fb5828b83)
2026-10-07 09:50:12.300+00:00 | EthScheduler-Workers-0 | INFO  | PersistBlockTask | Block 139 (0x37cefbe663a95709c1070a6ff765b73563eeb88eb88c5d431f794b3fb5828b83) is already imported
2026-10-07 09:50:14.276+00:00 | BftProcessorExecutor-QBFT-0 | INFO  | QbftBesuControllerBuilder | Imported #140 / 1 tx / 7 pending / 153,630 (0.0%) gas / (0xd571f89fc861e8ebdf47dc8ff44950fa940adbb3e33b17f6f87cdb7b6dee792d)
2026-10-07 09:50:16.350+00:00 | BftProcessorExecutor-QBFT-0 | INFO  | QbftBesuControllerBuilder | Imported #141 / 1 tx / 6 pending / 153,638 (0.0%) gas / (0x59e7c8215b7e0ccd6a95b9d167454c9e963bfda4f224ef1da838849438aa7272)
2026-10-07 09:50:16.351+00:00 | EthScheduler-Workers-0 | INFO  | PersistBlockTask | Block 141 (0x59e7c8215b7e0ccd6a95b9d167454c9e963bfda4f224ef1da838849438aa7272) is already imported
2026-10-07 09:50:18.304+00:00 | BftProcessorExecutor-QBFT-0 | INFO  | QbftBesuControllerBuilder | Imported #142 / 1 tx / 5 pending / 153,630 (0.0%) gas / (0x2f8724d23ce47f88b1ce752ba0cd695747ba3f3e3ff20a38779903d9bead6385)
2026-10-07 09:50:20.336+00:00 | BftProcessorExecutor-QBFT-0 | INFO  | QbftBesuControllerBuilder | Imported #143 / 0 tx / 5 pending / 0 (0.0%) gas / (0x94cf18e411631a003d2adcd7eea3a0f3ce4c214b9681c3c04e5d03d34aabd721)
2026-10-07 09:50:20.336+00:00 | EthScheduler-Workers-0 | INFO  | PersistBlockTask | Block 143 (0x94cf18e411631a003d2adcd7eea3a0f3ce4c214b9681c3c04e5d03d34aabd721) is already imported
2026-10-07 09:50:22.301+00:00 | EthScheduler-Workers-0 | INFO  | PersistBlockTask | Block 144 (0x82cb6b4c5eb8775ffceeb9004c4a3d4469a78fe638f04cda3797d3e63dd9c244) is already imported
2026-10-07 09:50:22.302+00:00 | BftProcessorExecutor-QBFT-0 | INFO  | QbftBesuControllerBuilder | Imported #144 / 0 tx / 5 pending / 0 (0.0%) gas / (0x82cb6b4c5eb8775ffceeb9004c4a3d4469a78fe638f04cda3797d3e63dd9c244)
2026-10-07 09:50:24.258+00:00 | EthScheduler-Workers-0 | INFO  | PersistBlockTask | Block 145 (0xd1969ad1a8c19f09a589481805c4d46c282466456376fa9391bb567a4aa5bf3e) is already imported
2026-10-07 09:50:24.258+00:00 | BftProcessorExecutor-QBFT-0 | INFO  | QbftBesuControllerBuilder | Imported #145 / 0 tx / 5 pending / 0 (0.0%) gas / (0xd1969ad1a8c19f09a589481805c4d46c282466456376fa9391bb567a4aa5bf3e)
2026-10-07 09:50:26.334+00:00 | BftProcessorExecutor-QBFT-0 | INFO  | QbftBesuControllerBuilder | Imported #146 / 0 tx / 5 pending / 0 (0.0%) gas / (0x70eb19dcb5ee65a088be64e470629a4c74facb719bc93311d800d919df081eb0)
2026-10-07 09:50:26.337+00:00 | EthScheduler-Workers-0 | INFO  | PersistBlockTask | Block 146 (0x70eb19dcb5ee65a088be64e470629a4c74facb719bc93311d800d919df081eb0) is already imported
2026-10-07 09:50:28.280+00:00 | BftProcessorExecutor-QBFT-0 | INFO  | QbftBesuControllerBuilder | Produced #147 / 0 tx / 5 pending / 0 (0.0%) gas / (0x056bbfbfe6a21f1fad6693d761ac34191d886d74d3c9dc8deecef05b8ae4def6)
2026-10-07 09:50:30.333+00:00 | BftProcessorExecutor-QBFT-0 | INFO  | QbftBesuControllerBuilder | Imported #148 / 0 tx / 5 pending / 0 (0.0%) gas / (0x37b773405f39970407d0f14d3cb10e761d12627fc1c0ad3a82f9d14eeeafe76c)
2026-10-07 09:50:32.314+00:00 | BftProcessorExecutor-QBFT-0 | INFO  | QbftBesuControllerBuilder | Imported #149 / 0 tx / 5 pending / 0 (0.0%) gas / (0x47341194b8d1f7ebc9a0c5dce4a96de0beb0e5c8e785ec505494c769523995d0)
2026-10-07 09:50:32.315+00:00 | EthScheduler-Workers-0 | INFO  | PersistBlockTask | Block 149 (0x47341194b8d1f7ebc9a0c5dce4a96de0beb0e5c8e785ec505494c769523995d0) is already imported
2026-10-07 09:50:34.286+00:00 | BftProcessorExecutor-QBFT-0 | INFO  | QbftBesuControllerBuilder | Imported #150 / 1 tx / 4 pending / 153,630 (0.0%) gas / (0x1e44aeda9378772f53cdbedf8020260367844d681be09f396f471202bf01ac68)
2026-10-07 09:50:34.291+00:00 | EthScheduler-Workers-0 | INFO  | PersistBlockTask | Block 150 (0x1e44aeda9378772f53cdbedf8020260367844d681be09f396f471202bf01ac68) is already imported
2026-10-07 09:50:36.328+00:00 | EthScheduler-Workers-0 | INFO  | PersistBlockTask | Block 151 (0x9ec1b72efaf9ec51ddd0932a5aff599dac325ef2668bc3bbf74bfb710da4d4d2) is already imported
2026-10-07 09:50:36.329+00:00 | BftProcessorExecutor-QBFT-0 | INFO  | QbftBesuControllerBuilder | Imported #151 / 1 tx / 3 pending / 153,630 (0.0%) gas / (0x9ec1b72efaf9ec51ddd0932a5aff599dac325ef2668bc3bbf74bfb710da4d4d2)
2026-10-07 09:50:38.307+00:00 | BftProcessorExecutor-QBFT-0 | INFO  | QbftBesuControllerBuilder | Imported #152 / 1 tx / 2 pending / 153,618 (0.0%) gas / (0xfac47085eb6954a63e349cf18238f9eff5f8925914da5ae8b99d22fcd279c697)
2026-10-07 09:50:38.310+00:00 | EthScheduler-Workers-0 | INFO  | PersistBlockTask | Block 152 (0xfac47085eb6954a63e349cf18238f9eff5f8925914da5ae8b99d22fcd279c697) is already imported
2026-10-07 09:50:40.346+00:00 | BftProcessorExecutor-QBFT-0 | INFO  | QbftBesuControllerBuilder | Imported #153 / 1 tx / 1 pending / 153,630 (0.0%) gas / (0x31e4025b08aaa25fc82729eb8675537e7f0fe2d4d0610ae15eb5da6024a47604)
2026-10-07 09:50:42.338+00:00 | BftProcessorExecutor-QBFT-0 | INFO  | QbftBesuControllerBuilder | Imported #154 / 1 tx / 0 pending / 153,638 (0.0%) gas / (0x103f9eb131645a3d23b4a5ccc6f363adb27d1d42a567d2983fe554216ef94e0a)
2026-10-07 09:50:44.266+00:00 | EthScheduler-Workers-0 | INFO  | PersistBlockTask | Block 155 (0x95cc6269eee8203bf5549c9bb69bb3ade4958d9143501dfc1fe29150982bf70c) is already imported
2026-10-07 09:50:44.266+00:00 | BftProcessorExecutor-QBFT-0 | INFO  | QbftBesuControllerBuilder | Imported #155 / 0 tx / 0 pending / 0 (0.0%) gas / (0x95cc6269eee8203bf5549c9bb69bb3ade4958d9143501dfc1fe29150982bf70c)
2026-10-07 09:50:46.310+00:00 | BftProcessorExecutor-QBFT-0 | INFO  | QbftBesuControllerBuilder | Imported #156 / 0 tx / 0 pending / 0 (0.0%) gas / (0xc56cef49654959ed0f28727b9966374d813025a15f3912393e32f0e75bf696e0)
2026-10-07 09:50:48.284+00:00 | BftProcessorExecutor-QBFT-0 | INFO  | QbftBesuControllerBuilder | Imported #157 / 0 tx / 0 pending / 0 (0.0%) gas / (0x33b114542b03568e18b74c5319ae3e9415f090a009288125265e1d72126d237c)
2026-10-07 09:50:48.284+00:00 | EthScheduler-Workers-0 | INFO  | PersistBlockTask | Block 157 (0x33b114542b03568e18b74c5319ae3e9415f090a009288125265e1d72126d237c) is already imported
2026-10-07 09:50:50.307+00:00 | BftProcessorExecutor-QBFT-0 | INFO  | QbftBesuControllerBuilder | Imported #158 / 0 tx / 0 pending / 0 (0.0%) gas / (0xd914bcbc85edadd5506f341330805f299564aed3ae9335c728b9067a85fb9403)
2026-10-07 09:50:50.310+00:00 | EthScheduler-Workers-0 | INFO  | PersistBlockTask | Block 158 (0xd914bcbc85edadd5506f341330805f299564aed3ae9335c728b9067a85fb9403) is already imported
2026-10-07 09:50:52.472+00:00 | EthScheduler-Workers-0 | INFO  | PersistBlockTask | Block 159 (0x27c41d58f90f1f6cc7ace86f1c07efe469569d2d72013f6ea4bfdd2ab2822ea3) is already imported
2026-10-07 09:50:52.472+00:00 | BftProcessorExecutor-QBFT-0 | INFO  | QbftBesuControllerBuilder | Imported #159 / 5 tx / 156 pending / 1,209,850 (0.0%) gas / (0x27c41d58f90f1f6cc7ace86f1c07efe469569d2d72013f6ea4bfdd2ab2822ea3)
2026-10-07 09:50:54.828+00:00 | EthScheduler-Workers-0 | INFO  | PersistBlockTask | Block 160 (0xf067b6ce8b12102ded1f18229344d62b47ddd71fc0926a5ccc8eaec03bff445d) is already imported
2026-10-07 09:50:54.828+00:00 | BftProcessorExecutor-QBFT-0 | INFO  | QbftBesuControllerBuilder | Imported #160 / 24 tx / 514 pending / 5,807,280 (0.0%) gas / (0xf067b6ce8b12102ded1f18229344d62b47ddd71fc0926a5ccc8eaec03bff445d)
2026-10-07 09:50:57.081+00:00 | EthScheduler-Workers-0 | INFO  | PersistBlockTask | Block 161 (0xca097cecd253feb93b0f689ac6d77b1c800e1fd56b5e4bc0677d96d9d11d872d) is already imported
2026-10-07 09:50:57.082+00:00 | BftProcessorExecutor-QBFT-0 | INFO  | QbftBesuControllerBuilder | Imported #161 / 52 tx / 1006 pending / 12,582,440 (0.0%) gas / (0xca097cecd253feb93b0f689ac6d77b1c800e1fd56b5e4bc0677d96d9d11d872d)
2026-10-07 09:50:59.691+00:00 | BftProcessorExecutor-QBFT-0 | INFO  | QbftBesuControllerBuilder | Produced #162 / 95 tx / 1818 pending / 22,987,150 (0.0%) gas / (0xddf9eb1fd5a13c280f4fd9ca6d5a3caef10daca3fc2a67eb4d99a3b6190a68dc)
2026-10-07 09:51:02.191+00:00 | EthScheduler-Workers-0 | INFO  | PersistBlockTask | Block 163 (0x4d2f8bf2bdc1baf2a1e44783bb0612d877b1989516a745b61a8b7cf821873ee4) is already imported
2026-10-07 09:51:02.192+00:00 | BftProcessorExecutor-QBFT-0 | INFO  | QbftBesuControllerBuilder | Imported #163 / 136 tx / 1736 pending / 32,907,920 (0.0%) gas / (0x4d2f8bf2bdc1baf2a1e44783bb0612d877b1989516a745b61a8b7cf821873ee4)
2026-10-07 09:51:04.430+00:00 | BftProcessorExecutor-QBFT-0 | INFO  | QbftBesuControllerBuilder | Imported #164 / 136 tx / 1600 pending / 32,907,920 (0.0%) gas / (0x9d70593345cbe9a34bc71c5d1884c0685885b8d799923c76784e52d0c5fc638d)
2026-10-07 09:51:06.705+00:00 | EthScheduler-Workers-0 | INFO  | PersistBlockTask | Block 165 (0xec17f5ea221f7a46e2924b33c7832bb6c5ef3f542059e93cc381e0f889711389) is already imported
2026-10-07 09:51:06.706+00:00 | BftProcessorExecutor-QBFT-0 | INFO  | QbftBesuControllerBuilder | Imported #165 / 138 tx / 1462 pending / 33,391,860 (0.0%) gas / (0xec17f5ea221f7a46e2924b33c7832bb6c5ef3f542059e93cc381e0f889711389)
2026-10-07 09:51:08.958+00:00 | EthScheduler-Workers-0 | INFO  | PersistBlockTask | Block 166 (0xe74379b10f992fd8c20423221119ad81a292b721407c6a6197ebb38e06a37970) is already imported
2026-10-07 09:51:08.960+00:00 | BftProcessorExecutor-QBFT-0 | INFO  | QbftBesuControllerBuilder | Imported #166 / 138 tx / 1324 pending / 33,391,860 (0.0%) gas / (0xe74379b10f992fd8c20423221119ad81a292b721407c6a6197ebb38e06a37970)
2026-10-07 09:51:11.221+00:00 | BftProcessorExecutor-QBFT-0 | INFO  | QbftBesuControllerBuilder | Imported #167 / 138 tx / 1186 pending / 33,391,860 (0.0%) gas / (0x0e43a54454b414abbe3b82cfe4523849a1961c973cda74dbde9dcd0653f67ebb)
2026-10-07 09:51:13.536+00:00 | EthScheduler-Workers-0 | INFO  | PersistBlockTask | Block 168 (0x7b5549923c4d148f99e2799b26b7c98d71edb6e882d72228661301222123a03d) is already imported
2026-10-07 09:51:13.538+00:00 | BftProcessorExecutor-QBFT-0 | INFO  | QbftBesuControllerBuilder | Imported #168 / 137 tx / 1049 pending / 33,149,890 (0.0%) gas / (0x7b5549923c4d148f99e2799b26b7c98d71edb6e882d72228661301222123a03d)
2026-10-07 09:51:15.844+00:00 | BftProcessorExecutor-QBFT-0 | INFO  | QbftBesuControllerBuilder | Imported #169 / 137 tx / 912 pending / 33,149,890 (0.0%) gas / (0x704ee76f1cc69d848aa0950924036974d0c845b7e46055a40e9d4454571df9ec)
2026-10-07 09:51:18.284+00:00 | EthScheduler-Workers-0 | INFO  | PersistBlockTask | Block 170 (0xca13ff33b82ce9c9647db4cc370362657b453706d664122923ab2a28a4012a10) is already imported
2026-10-07 09:51:18.285+00:00 | BftProcessorExecutor-QBFT-0 | INFO  | QbftBesuControllerBuilder | Imported #170 / 136 tx / 776 pending / 32,907,920 (0.0%) gas / (0xca13ff33b82ce9c9647db4cc370362657b453706d664122923ab2a28a4012a10)
2026-10-07 09:51:20.480+00:00 | EthScheduler-Workers-0 | INFO  | PersistBlockTask | Block 171 (0x1b886226275d5337ea57db5f6bb9aeabfcd6132c7096dbc4d3d439de40e02ce7) is already imported
2026-10-07 09:51:20.481+00:00 | BftProcessorExecutor-QBFT-0 | INFO  | QbftBesuControllerBuilder | Imported #171 / 136 tx / 640 pending / 32,907,920 (0.0%) gas / (0x1b886226275d5337ea57db5f6bb9aeabfcd6132c7096dbc4d3d439de40e02ce7)
2026-10-07 09:51:22.733+00:00 | EthScheduler-Workers-0 | INFO  | PersistBlockTask | Block 172 (0x8b6c5117d250386c5b7d89b397665747ab3478c8d867845b93c59745caf8f7c9) is already imported
2026-10-07 09:51:22.734+00:00 | BftProcessorExecutor-QBFT-0 | INFO  | QbftBesuControllerBuilder | Imported #172 / 136 tx / 504 pending / 32,907,920 (0.0%) gas / (0x8b6c5117d250386c5b7d89b397665747ab3478c8d867845b93c59745caf8f7c9)
2026-10-07 09:51:24.962+00:00 | EthScheduler-Workers-0 | INFO  | PersistBlockTask | Block 173 (0xdaed73c3f50898c717f9368e92aa4e6e6a464dc7bebd670256bf4c6f3ec8b830) is already imported
2026-10-07 09:51:24.963+00:00 | BftProcessorExecutor-QBFT-0 | INFO  | QbftBesuControllerBuilder | Imported #173 / 136 tx / 368 pending / 32,907,920 (0.0%) gas / (0xdaed73c3f50898c717f9368e92aa4e6e6a464dc7bebd670256bf4c6f3ec8b830)
2026-10-07 09:51:27.208+00:00 | EthScheduler-Workers-0 | INFO  | PersistBlockTask | Block 174 (0x23864b6bfc6ef3c431dd431c8209c701e3ae05f159414b9996bcf16535b386e7) is already imported
2026-10-07 09:51:27.208+00:00 | BftProcessorExecutor-QBFT-0 | INFO  | QbftBesuControllerBuilder | Imported #174 / 131 tx / 237 pending / 31,698,070 (0.0%) gas / (0x23864b6bfc6ef3c431dd431c8209c701e3ae05f159414b9996bcf16535b386e7)
2026-10-07 09:51:29.061+00:00 | EthScheduler-Workers-0 | INFO  | PersistBlockTask | Block 175 (0x3140dc719e04380435fc35202db52f296ac0e76654bf48810d06cad9b1e26c54) is already imported
2026-10-07 09:51:29.062+00:00 | BftProcessorExecutor-QBFT-0 | INFO  | QbftBesuControllerBuilder | Imported #175 / 112 tx / 125 pending / 27,100,640 (0.0%) gas / (0x3140dc719e04380435fc35202db52f296ac0e76654bf48810d06cad9b1e26c54)
2026-10-07 09:51:30.652+00:00 | BftProcessorExecutor-QBFT-0 | INFO  | QbftBesuControllerBuilder | Imported #176 / 84 tx / 41 pending / 20,325,480 (0.0%) gas / (0x818eb2460aea3a5c57745be430decacff4c766fd7da9ba86fa8a79f1712ff72a)
2026-10-07 09:51:30.652+00:00 | EthScheduler-Workers-0 | INFO  | PersistBlockTask | Block 176 (0x818eb2460aea3a5c57745be430decacff4c766fd7da9ba86fa8a79f1712ff72a) is already imported
2026-10-07 09:51:31.982+00:00 | BftProcessorExecutor-QBFT-0 | INFO  | QbftBesuControllerBuilder | Produced #177 / 41 tx / 0 pending / 9,920,770 (0.0%) gas / (0xda1e8dc64dc3780a8613d57919ef549a6475a66322dc3b8577fc12f197ff6c5c)
2026-10-07 09:51:31.982+00:00 | EthScheduler-Workers-0 | INFO  | PersistBlockTask | Block 177 (0xda1e8dc64dc3780a8613d57919ef549a6475a66322dc3b8577fc12f197ff6c5c) is already imported
2026-10-07 09:51:33.310+00:00 | BftProcessorExecutor-QBFT-0 | INFO  | QbftBesuControllerBuilder | Imported #178 / 0 tx / 0 pending / 0 (0.0%) gas / (0x9866449c95102934ed282e373e4b7f6cb36037d916c680aeee2cd8383ff2993e)
2026-10-07 09:51:35.310+00:00 | EthScheduler-Workers-0 | INFO  | PersistBlockTask | Block 179 (0x848da5619d1efb4f4e9f055993d8bc80375b7f44b08fdb96d33ab8c9dc16f587) is already imported
2026-10-07 09:51:35.310+00:00 | BftProcessorExecutor-QBFT-0 | INFO  | QbftBesuControllerBuilder | Imported #179 / 0 tx / 0 pending / 0 (0.0%) gas / (0x848da5619d1efb4f4e9f055993d8bc80375b7f44b08fdb96d33ab8c9dc16f587)
2026-10-07 09:51:37.273+00:00 | EthScheduler-Workers-0 | INFO  | PersistBlockTask | Block 180 (0x87008f8270157fa0268fd5037a692d1c0d782274d4565a97e00ff9316b25f37b) is already imported
2026-10-07 09:51:37.273+00:00 | BftProcessorExecutor-QBFT-0 | INFO  | QbftBesuControllerBuilder | Imported #180 / 0 tx / 0 pending / 0 (0.0%) gas / (0x87008f8270157fa0268fd5037a692d1c0d782274d4565a97e00ff9316b25f37b)
2026-10-07 09:51:39.321+00:00 | BftProcessorExecutor-QBFT-0 | INFO  | QbftBesuControllerBuilder | Imported #181 / 0 tx / 0 pending / 0 (0.0%) gas / (0x37400eb19e7b7efc24d3affe809110939731f54decabdceeec824d63c4db3c39)
2026-10-07 09:51:41.272+00:00 | EthScheduler-Workers-0 | INFO  | PersistBlockTask | Block 182 (0xf5997ee86d55cc83d6dfc97504e301a82d83f1bb31d84bf2ec4efc43c2a97f7a) is already imported
2026-10-07 09:51:41.273+00:00 | BftProcessorExecutor-QBFT-0 | INFO  | QbftBesuControllerBuilder | Imported #182 / 0 tx / 0 pending / 0 (0.0%) gas / (0xf5997ee86d55cc83d6dfc97504e301a82d83f1bb31d84bf2ec4efc43c2a97f7a)
2026-10-07 09:51:43.331+00:00 | BftProcessorExecutor-QBFT-0 | INFO  | QbftBesuControllerBuilder | Imported #183 / 0 tx / 0 pending / 0 (0.0%) gas / (0x5d462d9b345c570eae14caa411d2c170d3d42d419890268d399cc72ef2f49a47)
2026-10-07 09:51:45.324+00:00 | BftProcessorExecutor-QBFT-0 | INFO  | QbftBesuControllerBuilder | Imported #184 / 0 tx / 0 pending / 0 (0.0%) gas / (0xe4275fc0ddcb9edaf2d6539eabfc66005d1978c54889fbe1bb855bc317cadf68)
2026-10-07 09:51:47.265+00:00 | BftProcessorExecutor-QBFT-0 | INFO  | QbftBesuControllerBuilder | Imported #185 / 0 tx / 0 pending / 0 (0.0%) gas / (0x84d08accc090c1c93e87d44090d0a66478517a05e05d7d883535fe0e464c529c)
2026-10-07 09:51:49.295+00:00 | BftProcessorExecutor-QBFT-0 | INFO  | QbftBesuControllerBuilder | Imported #186 / 0 tx / 0 pending / 0 (0.0%) gas / (0xb8137b13b56668f0c0f7ace0ffee9fc12c6806dda39f54208d565f7289a6eb42)
2026-10-07 09:51:51.276+00:00 | BftProcessorExecutor-QBFT-0 | INFO  | QbftBesuControllerBuilder | Imported #187 / 0 tx / 0 pending / 0 (0.0%) gas / (0x23858c12740ff3fb09be4f4a8e05795f72d5e2a0eae76ee5200c5e8d36a09303)
2026-10-07 09:51:53.334+00:00 | EthScheduler-Workers-0 | INFO  | PersistBlockTask | Block 188 (0x2641cf3fec7631bc25ffb66c053aa9a47931e15e51904be3f054e170077bc6c6) is already imported
2026-10-07 09:51:53.335+00:00 | BftProcessorExecutor-QBFT-0 | INFO  | QbftBesuControllerBuilder | Imported #188 / 0 tx / 0 pending / 0 (0.0%) gas / (0x2641cf3fec7631bc25ffb66c053aa9a47931e15e51904be3f054e170077bc6c6)
2026-10-07 09:51:55.313+00:00 | BftProcessorExecutor-QBFT-0 | INFO  | QbftBesuControllerBuilder | Imported #189 / 0 tx / 0 pending / 0 (0.0%) gas / (0x25aecf74e037e3bc775f2521828ac8669d4e3b7ad9f4f5ffbe91eb0413c4239c)
2026-10-07 09:51:57.270+00:00 | BftProcessorExecutor-QBFT-0 | INFO  | QbftBesuControllerBuilder | Imported #190 / 0 tx / 0 pending / 0 (0.0%) gas / (0x1dfd6c52817ba1fe7e69d367b36106e8cb1c1f4de2a96563b1c3dbc2eb2e18a0)
2026-10-07 09:51:59.317+00:00 | BftProcessorExecutor-QBFT-0 | INFO  | QbftBesuControllerBuilder | Imported #191 / 0 tx / 0 pending / 0 (0.0%) gas / (0x7feced1a0e252b40e9948b3ccf8f8a8eef3fdda11bb90d1c78b4dd3275a8d755)
2026-10-07 09:51:59.317+00:00 | EthScheduler-Workers-0 | INFO  | PersistBlockTask | Block 191 (0x7feced1a0e252b40e9948b3ccf8f8a8eef3fdda11bb90d1c78b4dd3275a8d755) is already imported
2026-10-07 09:52:01.271+00:00 | BftProcessorExecutor-QBFT-0 | INFO  | QbftBesuControllerBuilder | Produced #192 / 0 tx / 0 pending / 0 (0.0%) gas / (0x2de4086a11bc999dc7fc8e220c71923a7dd45034e5d5fa5ff58fb56d7beca01e)
2026-10-07 09:52:03.334+00:00 | BftProcessorExecutor-QBFT-0 | INFO  | QbftBesuControllerBuilder | Imported #193 / 0 tx / 0 pending / 0 (0.0%) gas / (0x4be99ef8729f63dd8f5fe9a0f38a93cc765f45339fa248a2c5c6a2e2772e0507)
2026-10-07 09:52:03.334+00:00 | EthScheduler-Workers-0 | INFO  | PersistBlockTask | Block 193 (0x4be99ef8729f63dd8f5fe9a0f38a93cc765f45339fa248a2c5c6a2e2772e0507) is already imported
2026-10-07 09:52:05.311+00:00 | BftProcessorExecutor-QBFT-0 | INFO  | QbftBesuControllerBuilder | Imported #194 / 0 tx / 0 pending / 0 (0.0%) gas / (0x59d7d057b7598aca1a473c90eb4ef16d6e828150c423c230dfe37660e78acabb)
2026-10-07 09:52:07.272+00:00 | EthScheduler-Workers-0 | INFO  | PersistBlockTask | Block 195 (0x5c0f2c93212a7d71086276ac5a60c8d3516403232c186f35a90b066e17e79bcf) is already imported
2026-10-07 09:52:07.272+00:00 | BftProcessorExecutor-QBFT-0 | INFO  | QbftBesuControllerBuilder | Imported #195 / 0 tx / 0 pending / 0 (0.0%) gas / (0x5c0f2c93212a7d71086276ac5a60c8d3516403232c186f35a90b066e17e79bcf)
2026-10-07 09:52:09.308+00:00 | BftProcessorExecutor-QBFT-0 | INFO  | QbftBesuControllerBuilder | Imported #196 / 0 tx / 0 pending / 0 (0.0%) gas / (0x4d45d187eaec1c35893e8a21c66cde9bf059fbd2cf36c5bc30a28a33f82951bf)
2026-10-07 09:52:09.313+00:00 | EthScheduler-Workers-0 | INFO  | PersistBlockTask | Block 196 (0x4d45d187eaec1c35893e8a21c66cde9bf059fbd2cf36c5bc30a28a33f82951bf) is already imported
2026-10-07 09:52:11.288+00:00 | BftProcessorExecutor-QBFT-0 | INFO  | QbftBesuControllerBuilder | Imported #197 / 1 tx / 7 pending / 153,630 (0.0%) gas / (0x7a4334a7ba3634384943a31708f104480f41d818f84489d0a566bcfc6ea66574)
2026-10-07 09:52:13.315+00:00 | BftProcessorExecutor-QBFT-0 | INFO  | QbftBesuControllerBuilder | Imported #198 / 1 tx / 6 pending / 153,630 (0.0%) gas / (0x02c146422c0697b5916487fd68e066ab2c7f1ee2967fb670c3fc76e2f83ece95)
2026-10-07 09:52:15.334+00:00 | EthScheduler-Workers-0 | INFO  | PersistBlockTask | Block 199 (0xe10ac898d7e8253740ceca54083c6f193cd57a7f76fe04c7459ea05b5be8ef41) is already imported
2026-10-07 09:52:15.334+00:00 | BftProcessorExecutor-QBFT-0 | INFO  | QbftBesuControllerBuilder | Imported #199 / 1 tx / 5 pending / 153,618 (0.0%) gas / (0xe10ac898d7e8253740ceca54083c6f193cd57a7f76fe04c7459ea05b5be8ef41)
2026-10-07 09:52:17.275+00:00 | EthScheduler-Workers-0 | INFO  | PersistBlockTask | Block 200 (0x97d1bb96eb3b5ea8aaf125753b493eac509c61ce15d00a5fcbdfea9d25231981) is already imported
2026-10-07 09:52:17.276+00:00 | BftProcessorExecutor-QBFT-0 | INFO  | QbftBesuControllerBuilder | Imported #200 / 1 tx / 4 pending / 153,630 (0.0%) gas / (0x97d1bb96eb3b5ea8aaf125753b493eac509c61ce15d00a5fcbdfea9d25231981)
2026-10-07 09:52:19.320+00:00 | EthScheduler-Workers-0 | INFO  | PersistBlockTask | Block 201 (0x07d0c3b418b9489a8e1fa6ba45da4bf24c68f6e29d935fc4a7d8a48713415a7b) is already imported
2026-10-07 09:52:19.321+00:00 | BftProcessorExecutor-QBFT-0 | INFO  | QbftBesuControllerBuilder | Imported #201 / 1 tx / 3 pending / 153,606 (0.0%) gas / (0x07d0c3b418b9489a8e1fa6ba45da4bf24c68f6e29d935fc4a7d8a48713415a7b)
2026-10-07 09:52:21.300+00:00 | BftProcessorExecutor-QBFT-0 | INFO  | QbftBesuControllerBuilder | Imported #202 / 1 tx / 2 pending / 153,618 (0.0%) gas / (0xc9b6d03c01c21308c36c4d11a5e435ce0c50bd88a4351656021bf1f6967ca731)
2026-10-07 09:52:23.329+00:00 | BftProcessorExecutor-QBFT-0 | INFO  | QbftBesuControllerBuilder | Imported #203 / 0 tx / 2 pending / 0 (0.0%) gas / (0x2bc84abd19bae067dc80120f544eb092eb37710904a7a291038a8b84105593df)
2026-10-07 09:52:25.306+00:00 | BftProcessorExecutor-QBFT-0 | INFO  | QbftBesuControllerBuilder | Imported #204 / 0 tx / 2 pending / 0 (0.0%) gas / (0x5b9f0c8653045d943e3c41095bdbe8e87601f64bf61b5fee5b8e5bd0790afe68)
2026-10-07 09:52:25.309+00:00 | EthScheduler-Workers-0 | INFO  | PersistBlockTask | Block 204 (0x5b9f0c8653045d943e3c41095bdbe8e87601f64bf61b5fee5b8e5bd0790afe68) is already imported
2026-10-07 09:52:27.267+00:00 | BftProcessorExecutor-QBFT-0 | INFO  | QbftBesuControllerBuilder | Imported #205 / 0 tx / 2 pending / 0 (0.0%) gas / (0x53a488e028e11d7190bd76461da84962aee1495733c71b6dbd34ec6f9b977ca1)
2026-10-07 09:52:29.324+00:00 | BftProcessorExecutor-QBFT-0 | INFO  | QbftBesuControllerBuilder | Imported #206 / 0 tx / 2 pending / 0 (0.0%) gas / (0x1c8b09bcc5fc7df65edd8bb1f731cee4569ddc14f6918901112d7959b99ca343)
2026-10-07 09:52:31.272+00:00 | BftProcessorExecutor-QBFT-0 | INFO  | QbftBesuControllerBuilder | Produced #207 / 0 tx / 2 pending / 0 (0.0%) gas / (0x83f5e85790a4c5fb2e557499e5d8609e25ab70c81549ff0f2716f9486d02254f)
2026-10-07 09:52:33.310+00:00 | BftProcessorExecutor-QBFT-0 | INFO  | QbftBesuControllerBuilder | Imported #208 / 0 tx / 2 pending / 0 (0.0%) gas / (0xc839800345ed389eda375cc0ca3a7554a39b3d39b169533663b0ba32613af14b)
2026-10-07 09:52:35.300+00:00 | BftProcessorExecutor-QBFT-0 | INFO  | QbftBesuControllerBuilder | Imported #209 / 0 tx / 2 pending / 0 (0.0%) gas / (0x84df77c37dbbd2086391d3947b0edbb7fb17e2687d778d6b37271d6de53ceacb)
2026-10-07 09:52:37.276+00:00 | EthScheduler-Workers-0 | INFO  | PersistBlockTask | Block 210 (0xcd7862f90f852b6c3c07a930e6d4d6d88fa705b37b8d91352b406d3b84d86e76) is already imported
2026-10-07 09:52:37.277+00:00 | BftProcessorExecutor-QBFT-0 | INFO  | QbftBesuControllerBuilder | Imported #210 / 1 tx / 1 pending / 153,614 (0.0%) gas / (0xcd7862f90f852b6c3c07a930e6d4d6d88fa705b37b8d91352b406d3b84d86e76)
2026-10-07 09:52:39.320+00:00 | BftProcessorExecutor-QBFT-0 | INFO  | QbftBesuControllerBuilder | Imported #211 / 1 tx / 0 pending / 153,650 (0.0%) gas / (0x27a2182b939f262a5eca7e1a9e4eb52e6848aa05fe1a8593606f44fd45501097)
2026-10-07 09:52:41.270+00:00 | BftProcessorExecutor-QBFT-0 | INFO  | QbftBesuControllerBuilder | Imported #212 / 0 tx / 0 pending / 0 (0.0%) gas / (0xb4afb00df5ad48afab088b223ba5cb8d34647922c10f04c844801378ff54782a)
2026-10-07 09:52:43.320+00:00 | EthScheduler-Workers-0 | INFO  | PersistBlockTask | Block 213 (0x0c4657bbe06db9246123fcdbb021c8154685f6ea36773e953f4af288e76434e8) is already imported
2026-10-07 09:52:43.320+00:00 | BftProcessorExecutor-QBFT-0 | INFO  | QbftBesuControllerBuilder | Imported #213 / 0 tx / 0 pending / 0 (0.0%) gas / (0x0c4657bbe06db9246123fcdbb021c8154685f6ea36773e953f4af288e76434e8)
2026-10-07 09:52:45.311+00:00 | EthScheduler-Workers-0 | INFO  | PersistBlockTask | Block 214 (0xa1829d4ed48db053cd48a643729c5eaef662c9b9ee366e85adc0c5dd39bb517d) is already imported
2026-10-07 09:52:45.312+00:00 | BftProcessorExecutor-QBFT-0 | INFO  | QbftBesuControllerBuilder | Imported #214 / 0 tx / 0 pending / 0 (0.0%) gas / (0xa1829d4ed48db053cd48a643729c5eaef662c9b9ee366e85adc0c5dd39bb517d)
2026-10-07 09:52:47.267+00:00 | BftProcessorExecutor-QBFT-0 | INFO  | QbftBesuControllerBuilder | Imported #215 / 0 tx / 0 pending / 0 (0.0%) gas / (0x74521576d93ff440a5d80ea2d2200357cf0aa63385e96b9b1ecb122f3faeca11)
2026-10-07 09:52:47.267+00:00 | EthScheduler-Workers-0 | INFO  | PersistBlockTask | Block 215 (0x74521576d93ff440a5d80ea2d2200357cf0aa63385e96b9b1ecb122f3faeca11) is already imported
2026-10-07 09:52:49.373+00:00 | BftProcessorExecutor-QBFT-0 | INFO  | QbftBesuControllerBuilder | Imported #216 / 3 tx / 114 pending / 725,910 (0.0%) gas / (0x269d7cf02e0f02a0c3a5e6778df66d73a7d7d4370ea28dbd14e89aeacaad8dae)
2026-10-07 09:52:51.754+00:00 | BftProcessorExecutor-QBFT-0 | INFO  | QbftBesuControllerBuilder | Imported #217 / 24 tx / 491 pending / 5,807,280 (0.0%) gas / (0x444c38e530a7edd406164f1e453039e257703843dfda2f6faa3df162cfb1ac64)
2026-10-07 09:52:54.105+00:00 | EthScheduler-Workers-0 | INFO  | PersistBlockTask | Block 218 (0xb49f937366a0d13b8f6e62e6a2d0129a99e436d21c1eff363e0fa43919a852ec) is already imported
2026-10-07 09:52:54.106+00:00 | BftProcessorExecutor-QBFT-0 | INFO  | QbftBesuControllerBuilder | Imported #218 / 50 tx / 1038 pending / 12,098,500 (0.0%) gas / (0xb49f937366a0d13b8f6e62e6a2d0129a99e436d21c1eff363e0fa43919a852ec)
2026-10-07 09:52:56.546+00:00 | BftProcessorExecutor-QBFT-0 | INFO  | QbftBesuControllerBuilder | Imported #219 / 85 tx / 1618 pending / 20,567,450 (0.0%) gas / (0x4dac3cea9f893bf49a69031317891dc7a7b15e2a0990a7731cf772a997e3a1da)
2026-10-07 09:52:59.179+00:00 | EthScheduler-Workers-0 | INFO  | PersistBlockTask | Block 220 (0x65c995e3ff0667356387bee975ec475a00f159993e41419e10a3468ca7940614) is already imported
2026-10-07 09:52:59.181+00:00 | BftProcessorExecutor-QBFT-0 | INFO  | QbftBesuControllerBuilder | Imported #220 / 131 tx / 1755 pending / 31,698,070 (0.0%) gas / (0x65c995e3ff0667356387bee975ec475a00f159993e41419e10a3468ca7940614)
2026-10-07 09:53:01.398+00:00 | BftProcessorExecutor-QBFT-0 | INFO  | QbftBesuControllerBuilder | Imported #221 / 136 tx / 1619 pending / 32,907,920 (0.0%) gas / (0x23556934dd2e040256e532b9d90eceda95b96721359c97e610360f825e26a85c)
2026-10-07 09:53:03.645+00:00 | EthScheduler-Workers-0 | INFO  | PersistBlockTask | Block 222 (0xd955f5447f3b577d883fee6d35d533d2e90002a95e532847414e633de8dbb54f) is already imported
2026-10-07 09:53:03.645+00:00 | BftProcessorExecutor-QBFT-0 | INFO  | QbftBesuControllerBuilder | Produced #222 / 136 tx / 1483 pending / 32,907,920 (0.0%) gas / (0xd955f5447f3b577d883fee6d35d533d2e90002a95e532847414e633de8dbb54f)
2026-10-07 09:53:05.811+00:00 | EthScheduler-Workers-0 | INFO  | PersistBlockTask | Block 223 (0x5095594db3e7b427052eaf3fc0c0d3c442cd09b0a392a1f818d8dd27a2d799ba) is already imported
2026-10-07 09:53:05.812+00:00 | BftProcessorExecutor-QBFT-0 | INFO  | QbftBesuControllerBuilder | Imported #223 / 136 tx / 1347 pending / 32,907,920 (0.0%) gas / (0x5095594db3e7b427052eaf3fc0c0d3c442cd09b0a392a1f818d8dd27a2d799ba)
2026-10-07 09:53:08.344+00:00 | EthScheduler-Workers-0 | INFO  | PersistBlockTask | Block 224 (0xe081e78c91f7120046e42e2644c8dadc1ff3753be92f9d5488b50a5df6061f0e) is already imported
2026-10-07 09:53:08.345+00:00 | BftProcessorExecutor-QBFT-0 | INFO  | QbftBesuControllerBuilder | Imported #224 / 136 tx / 1211 pending / 32,907,920 (0.0%) gas / (0xe081e78c91f7120046e42e2644c8dadc1ff3753be92f9d5488b50a5df6061f0e)
2026-10-07 09:53:10.476+00:00 | BftProcessorExecutor-QBFT-0 | INFO  | QbftBesuControllerBuilder | Imported #225 / 138 tx / 1073 pending / 33,391,860 (0.0%) gas / (0xc2568c705a166b5cc9fd6e59b8258dab507b146d4d1f022ff304867d6808a2e4)
2026-10-07 09:53:12.654+00:00 | BftProcessorExecutor-QBFT-0 | INFO  | QbftBesuControllerBuilder | Imported #226 / 138 tx / 935 pending / 33,391,860 (0.0%) gas / (0x018a47f1ad67802afb938c8dab5ce0f94cf69e5f5f89fca616409be1f48ce6dc)
2026-10-07 09:53:14.921+00:00 | EthScheduler-Workers-0 | INFO  | PersistBlockTask | Block 227 (0xb9ae9dbc877f8ee1864fc5b78d5dd5906df8da769d79bfe5acd7f51da63dba14) is already imported
2026-10-07 09:53:14.922+00:00 | BftProcessorExecutor-QBFT-0 | INFO  | QbftBesuControllerBuilder | Imported #227 / 138 tx / 797 pending / 33,391,860 (0.0%) gas / (0xb9ae9dbc877f8ee1864fc5b78d5dd5906df8da769d79bfe5acd7f51da63dba14)
2026-10-07 09:53:17.340+00:00 | BftProcessorExecutor-QBFT-0 | INFO  | QbftBesuControllerBuilder | Imported #228 / 137 tx / 660 pending / 33,149,890 (0.0%) gas / (0xb206dc406fc22702c992e2f187bc45be7d786a6477981e181bafc04e66278009)
2026-10-07 09:53:19.593+00:00 | BftProcessorExecutor-QBFT-0 | INFO  | QbftBesuControllerBuilder | Imported #229 / 137 tx / 523 pending / 33,149,890 (0.0%) gas / (0x4e9adf5a9a3f5f0f78808da645e0449c53fae1d39f2b9e4c3ef12edf527f565e)
2026-10-07 09:53:21.796+00:00 | EthScheduler-Workers-0 | INFO  | PersistBlockTask | Block 230 (0x5538785a30df828841181a108e3dc77d1b6956cb44cc5cf0ded35d535d9072a6) is already imported
2026-10-07 09:53:21.796+00:00 | BftProcessorExecutor-QBFT-0 | INFO  | QbftBesuControllerBuilder | Imported #230 / 136 tx / 387 pending / 32,907,920 (0.0%) gas / (0x5538785a30df828841181a108e3dc77d1b6956cb44cc5cf0ded35d535d9072a6)
2026-10-07 09:53:24.443+00:00 | BftProcessorExecutor-QBFT-0 | INFO  | QbftBesuControllerBuilder | Imported #231 / 133 tx / 254 pending / 32,182,010 (0.0%) gas / (0xf09e4a55bed3ec07c9a579fa3c8b9fecd811bcffc8fac7a1159163a22555d083)
2026-10-07 09:53:26.295+00:00 | BftProcessorExecutor-QBFT-0 | INFO  | QbftBesuControllerBuilder | Imported #232 / 112 tx / 142 pending / 27,100,640 (0.0%) gas / (0x8b59d357082b7e0c8381ca9ea42ae15d7b42c6138b0155a047e8c769377fe8b8)
2026-10-07 09:53:27.921+00:00 | BftProcessorExecutor-QBFT-0 | INFO  | QbftBesuControllerBuilder | Imported #233 / 86 tx / 56 pending / 20,809,420 (0.0%) gas / (0x94b5dbc48c2ee48c80d87ea840b5a15cf4d76f3dd47403b257d409544b1df470)
2026-10-07 09:53:27.921+00:00 | EthScheduler-Workers-0 | INFO  | PersistBlockTask | Block 233 (0x94b5dbc48c2ee48c80d87ea840b5a15cf4d76f3dd47403b257d409544b1df470) is already imported
2026-10-07 09:53:29.061+00:00 | EthScheduler-Workers-0 | INFO  | PersistBlockTask | Block 234 (0x34887f437cd758fb441b7f7f29ac08f5741eda39f4d03f13710cdef67a42f846) is already imported
2026-10-07 09:53:29.062+00:00 | BftProcessorExecutor-QBFT-0 | INFO  | QbftBesuControllerBuilder | Imported #234 / 51 tx / 5 pending / 12,340,470 (0.0%) gas / (0x34887f437cd758fb441b7f7f29ac08f5741eda39f4d03f13710cdef67a42f846)
2026-10-07 09:53:30.339+00:00 | BftProcessorExecutor-QBFT-0 | INFO  | QbftBesuControllerBuilder | Imported #235 / 5 tx / 0 pending / 1,209,850 (0.0%) gas / (0xe8786501310b5d8c9d98b6fe8a551ac8ad72a2dedc6fddfbd22940a3d2a07da4)
2026-10-07 09:53:32.331+00:00 | BftProcessorExecutor-QBFT-0 | INFO  | QbftBesuControllerBuilder | Imported #236 / 0 tx / 0 pending / 0 (0.0%) gas / (0x75589ea71f2e6ae75fbe760bc767f0a4d2506e8af1c2869cba8f8ea6b1e8b678)
2026-10-07 09:53:34.275+00:00 | BftProcessorExecutor-QBFT-0 | INFO  | QbftBesuControllerBuilder | Produced #237 / 0 tx / 0 pending / 0 (0.0%) gas / (0xd34fb0213bf9d6442b2785e19cf28e566ed8f22b133f54d74454e50bb39ea5d6)
2026-10-07 09:53:36.308+00:00 | BftProcessorExecutor-QBFT-0 | INFO  | QbftBesuControllerBuilder | Imported #238 / 0 tx / 0 pending / 0 (0.0%) gas / (0x58734c77654eab143ed94e4b03bc5f6fcccd58e29293b14c1b9403b658155238)
2026-10-07 09:53:36.309+00:00 | EthScheduler-Workers-0 | INFO  | PersistBlockTask | Block 238 (0x58734c77654eab143ed94e4b03bc5f6fcccd58e29293b14c1b9403b658155238) is already imported
2026-10-07 09:53:38.315+00:00 | BftProcessorExecutor-QBFT-0 | INFO  | QbftBesuControllerBuilder | Imported #239 / 0 tx / 0 pending / 0 (0.0%) gas / (0x8a9065dc152eb9a7622fcdb06055b245f03fa7e463ad10a84e5c73011cff166d)
2026-10-07 09:53:38.316+00:00 | EthScheduler-Workers-0 | INFO  | PersistBlockTask | Block 239 (0x8a9065dc152eb9a7622fcdb06055b245f03fa7e463ad10a84e5c73011cff166d) is already imported
2026-10-07 09:53:40.256+00:00 | BftProcessorExecutor-QBFT-0 | INFO  | QbftBesuControllerBuilder | Imported #240 / 0 tx / 0 pending / 0 (0.0%) gas / (0x23c1bf511a0680ab1580e939d7ae10e9883c3ab04de8525a41437e55c63994d6)
2026-10-07 09:53:42.303+00:00 | BftProcessorExecutor-QBFT-0 | INFO  | QbftBesuControllerBuilder | Imported #241 / 0 tx / 0 pending / 0 (0.0%) gas / (0xaed3a1a17c6f2501f2d80780cb403fff419721dfe940ae3f0da1d7b4d71c00d8)
2026-10-07 09:53:44.285+00:00 | BftProcessorExecutor-QBFT-0 | INFO  | QbftBesuControllerBuilder | Imported #242 / 0 tx / 0 pending / 0 (0.0%) gas / (0x59bf6cb37d2c02f54a87ed3640f25609b1c480b4fe77539bb46ef5244e555f72)
2026-10-07 09:53:44.285+00:00 | EthScheduler-Workers-0 | INFO  | PersistBlockTask | Block 242 (0x59bf6cb37d2c02f54a87ed3640f25609b1c480b4fe77539bb46ef5244e555f72) is already imported
2026-10-07 09:53:46.313+00:00 | BftProcessorExecutor-QBFT-0 | INFO  | QbftBesuControllerBuilder | Imported #243 / 0 tx / 0 pending / 0 (0.0%) gas / (0x85abfa4a1dff56c4811f7113a604dc816949159a6a588f3545a68687b04d054d)
2026-10-07 09:53:46.314+00:00 | EthScheduler-Workers-0 | INFO  | PersistBlockTask | Block 243 (0x85abfa4a1dff56c4811f7113a604dc816949159a6a588f3545a68687b04d054d) is already imported
2026-10-07 09:53:48.325+00:00 | EthScheduler-Workers-0 | INFO  | PersistBlockTask | Block 244 (0x0f9446113030a951ed72c0c145ff102c723045b8229fcbe0b5109d6ebd2e20f6) is already imported
2026-10-07 09:53:48.325+00:00 | BftProcessorExecutor-QBFT-0 | INFO  | QbftBesuControllerBuilder | Imported #244 / 0 tx / 0 pending / 0 (0.0%) gas / (0x0f9446113030a951ed72c0c145ff102c723045b8229fcbe0b5109d6ebd2e20f6)
2026-10-07 09:53:50.260+00:00 | BftProcessorExecutor-QBFT-0 | INFO  | QbftBesuControllerBuilder | Imported #245 / 0 tx / 0 pending / 0 (0.0%) gas / (0x974337c504404676a5b4402cbc50ec84786e677167b2ec6ba7d782c752aa109d)
2026-10-07 09:53:52.309+00:00 | BftProcessorExecutor-QBFT-0 | INFO  | QbftBesuControllerBuilder | Imported #246 / 0 tx / 0 pending / 0 (0.0%) gas / (0xb7cba21b1b9eb63fd2b61434958d483733798d81b3ee85bb4d9844c8a9e78911)
2026-10-07 09:53:52.313+00:00 | EthScheduler-Workers-0 | INFO  | PersistBlockTask | Block 246 (0xb7cba21b1b9eb63fd2b61434958d483733798d81b3ee85bb4d9844c8a9e78911) is already imported
2026-10-07 09:53:54.278+00:00 | EthScheduler-Workers-0 | INFO  | PersistBlockTask | Block 247 (0x1b143032ac25444426a4640428e98b7a45e922210aa19c077890ed606506614c) is already imported
2026-10-07 09:53:54.278+00:00 | BftProcessorExecutor-QBFT-0 | INFO  | QbftBesuControllerBuilder | Imported #247 / 0 tx / 0 pending / 0 (0.0%) gas / (0x1b143032ac25444426a4640428e98b7a45e922210aa19c077890ed606506614c)
2026-10-07 09:53:56.311+00:00 | BftProcessorExecutor-QBFT-0 | INFO  | QbftBesuControllerBuilder | Imported #248 / 0 tx / 0 pending / 0 (0.0%) gas / (0xbbec4668456035c8d6d980a222ad2e23813cb6706102d793b839006f4aab0202)
2026-10-07 09:53:56.314+00:00 | EthScheduler-Workers-0 | INFO  | PersistBlockTask | Block 248 (0xbbec4668456035c8d6d980a222ad2e23813cb6706102d793b839006f4aab0202) is already imported
2026-10-07 09:53:58.308+00:00 | BftProcessorExecutor-QBFT-0 | INFO  | QbftBesuControllerBuilder | Imported #249 / 0 tx / 0 pending / 0 (0.0%) gas / (0x681bb7079f145e03e34f8a8cd2fbdb5fe1b436ec5b0d3a2733666dac7f576a0b)
2026-10-07 09:53:58.310+00:00 | EthScheduler-Workers-0 | INFO  | PersistBlockTask | Block 249 (0x681bb7079f145e03e34f8a8cd2fbdb5fe1b436ec5b0d3a2733666dac7f576a0b) is already imported
2026-10-07 09:54:00.267+00:00 | EthScheduler-Workers-0 | INFO  | PersistBlockTask | Block 250 (0xd53c63bb51939fc285c1679ffbe156a014c016161072dd681aa511e83fdb631b) is already imported
2026-10-07 09:54:00.267+00:00 | BftProcessorExecutor-QBFT-0 | INFO  | QbftBesuControllerBuilder | Imported #250 / 0 tx / 0 pending / 0 (0.0%) gas / (0xd53c63bb51939fc285c1679ffbe156a014c016161072dd681aa511e83fdb631b)
2026-10-07 09:54:02.297+00:00 | BftProcessorExecutor-QBFT-0 | INFO  | QbftBesuControllerBuilder | Imported #251 / 0 tx / 0 pending / 0 (0.0%) gas / (0xbd60b3a1fdc875417027fa48ed825ad6d0166164b6ec0d01e4afc924c3669e16)
2026-10-07 09:54:02.297+00:00 | EthScheduler-Workers-0 | INFO  | PersistBlockTask | Block 251 (0xbd60b3a1fdc875417027fa48ed825ad6d0166164b6ec0d01e4afc924c3669e16) is already imported
2026-10-07 09:54:04.270+00:00 | BftProcessorExecutor-QBFT-0 | INFO  | QbftBesuControllerBuilder | Produced #252 / 0 tx / 0 pending / 0 (0.0%) gas / (0x11cfb042467fbe61cbaad3c0d99166103bdf40e7aefe1a86bb7d1f0d1307d982)
2026-10-07 09:54:04.277+00:00 | EthScheduler-Workers-0 | INFO  | PersistBlockTask | Block 252 (0x11cfb042467fbe61cbaad3c0d99166103bdf40e7aefe1a86bb7d1f0d1307d982) is already imported
2026-10-07 09:54:06.325+00:00 | BftProcessorExecutor-QBFT-0 | INFO  | QbftBesuControllerBuilder | Imported #253 / 0 tx / 0 pending / 0 (0.0%) gas / (0x2adbbb902a5a9de7f814e3e07a5e15ee487fc2459ecd90ae8d7b441a9fb10c09)
2026-10-07 09:54:06.328+00:00 | EthScheduler-Workers-0 | INFO  | PersistBlockTask | Block 253 (0x2adbbb902a5a9de7f814e3e07a5e15ee487fc2459ecd90ae8d7b441a9fb10c09) is already imported
2026-10-07 09:54:08.307+00:00 | BftProcessorExecutor-QBFT-0 | INFO  | QbftBesuControllerBuilder | Imported #254 / 0 tx / 0 pending / 0 (0.0%) gas / (0xb4adbe88bc76faeed17452f9cfbd57cf5601c52e81d67d545a280ab4e899c597)
2026-10-07 09:54:10.274+00:00 | EthScheduler-Workers-0 | INFO  | PersistBlockTask | Block 255 (0xccc7f0f0e32f4cc029984a2517ec2137b97eed09c3474dbb107968f6e84f9946) is already imported
2026-10-07 09:54:10.274+00:00 | BftProcessorExecutor-QBFT-0 | INFO  | QbftBesuControllerBuilder | Imported #255 / 1 tx / 7 pending / 153,650 (0.0%) gas / (0xccc7f0f0e32f4cc029984a2517ec2137b97eed09c3474dbb107968f6e84f9946)
2026-10-07 09:54:12.294+00:00 | BftProcessorExecutor-QBFT-0 | INFO  | QbftBesuControllerBuilder | Imported #256 / 1 tx / 6 pending / 153,650 (0.0%) gas / (0xbc9d102c28cb1219dc4b3e77850288e6b2c6b9e2c56fa2cbeae6e952804d527c)
2026-10-07 09:54:14.309+00:00 | BftProcessorExecutor-QBFT-0 | INFO  | QbftBesuControllerBuilder | Imported #257 / 1 tx / 5 pending / 153,618 (0.0%) gas / (0x2555e2fe32c98ef072aa31e06e32ad55680b1f44b241d9a46a48467a29c260cf)
2026-10-07 09:54:16.342+00:00 | BftProcessorExecutor-QBFT-0 | INFO  | QbftBesuControllerBuilder | Imported #258 / 1 tx / 4 pending / 153,638 (0.0%) gas / (0x6b495903f2c2f9960de5bf2df723b1c39f889598df5afd12ebaba9ce8c5c6611)
2026-10-07 09:54:18.300+00:00 | BftProcessorExecutor-QBFT-0 | INFO  | QbftBesuControllerBuilder | Imported #259 / 1 tx / 3 pending / 153,630 (0.0%) gas / (0x9b73188c7a408dbda93cdd52918f506f58672940e8d6403484fa180830880232)
2026-10-07 09:54:20.269+00:00 | BftProcessorExecutor-QBFT-0 | INFO  | QbftBesuControllerBuilder | Imported #260 / 1 tx / 2 pending / 153,618 (0.0%) gas / (0xaa135a99e5fd47226cc935f99517edebf8ae5d03497fe038497338d0ac9af850)
2026-10-07 09:54:22.330+00:00 | BftProcessorExecutor-QBFT-0 | INFO  | QbftBesuControllerBuilder | Imported #261 / 1 tx / 1 pending / 153,638 (0.0%) gas / (0x309ccf620a9d0088eaae6255b906a70a99a7ac06dee8a0c950d9cdaddd87fb39)
2026-10-07 09:54:22.331+00:00 | EthScheduler-Workers-0 | INFO  | PersistBlockTask | Block 261 (0x309ccf620a9d0088eaae6255b906a70a99a7ac06dee8a0c950d9cdaddd87fb39) is already imported
2026-10-07 09:54:24.296+00:00 | EthScheduler-Workers-0 | INFO  | PersistBlockTask | Block 262 (0xf2417ee497b8b471b71b93992da45dae5f41930fea16e85295e1c375959a764d) is already imported
2026-10-07 09:54:24.297+00:00 | BftProcessorExecutor-QBFT-0 | INFO  | QbftBesuControllerBuilder | Imported #262 / 1 tx / 0 pending / 153,650 (0.0%) gas / (0xf2417ee497b8b471b71b93992da45dae5f41930fea16e85295e1c375959a764d)
2026-10-07 09:54:26.308+00:00 | BftProcessorExecutor-QBFT-0 | INFO  | QbftBesuControllerBuilder | Imported #263 / 0 tx / 0 pending / 0 (0.0%) gas / (0x9dfea040c5071208f1398ff5470932eb9669c0fa410c565eb33ec688f5539b48)
2026-10-07 09:54:26.308+00:00 | EthScheduler-Workers-0 | INFO  | PersistBlockTask | Block 263 (0x9dfea040c5071208f1398ff5470932eb9669c0fa410c565eb33ec688f5539b48) is already imported
2026-10-07 09:54:28.313+00:00 | BftProcessorExecutor-QBFT-0 | INFO  | QbftBesuControllerBuilder | Imported #264 / 0 tx / 0 pending / 0 (0.0%) gas / (0x9b4456c796fa70d7d1ba6c39275dede87a0e4609e68e1e33d160b82876bdf17a)
2026-10-07 09:54:30.269+00:00 | BftProcessorExecutor-QBFT-0 | INFO  | QbftBesuControllerBuilder | Imported #265 / 0 tx / 0 pending / 0 (0.0%) gas / (0x89704bafc8b75105a806d0f11dfaeab9b38737ed2529429592ddd1e2f7c55525)
2026-10-07 09:54:32.305+00:00 | BftProcessorExecutor-QBFT-0 | INFO  | QbftBesuControllerBuilder | Imported #266 / 0 tx / 0 pending / 0 (0.0%) gas / (0xaa96dfaffd8ae6d988d23525de78aa67edb7de0d715db29023d135a07faa0271)
2026-10-07 09:54:34.326+00:00 | BftProcessorExecutor-QBFT-0 | INFO  | QbftBesuControllerBuilder | Produced #267 / 1 tx / 75 pending / 241,970 (0.0%) gas / (0xe9b68e81d861c96468d98fd5b5a1b830f90dd5e84641d8dfbdf147b6e6733b0f)
2026-10-07 09:54:36.746+00:00 | BftProcessorExecutor-QBFT-0 | INFO  | QbftBesuControllerBuilder | Imported #268 / 19 tx / 392 pending / 4,597,430 (0.0%) gas / (0x3ddfcb3939af2b0a26b5265bb2fd45d4d1ac6ddfeed043f6e6ab52fbdeba23fe)
2026-10-07 09:54:38.990+00:00 | BftProcessorExecutor-QBFT-0 | INFO  | QbftBesuControllerBuilder | Imported #269 / 39 tx / 758 pending / 9,436,830 (0.0%) gas / (0xa8ef41a1dead38e51e3b6ad0c591ebadb8610894d849363a2d2caffb49868d28)
2026-10-07 09:54:41.218+00:00 | BftProcessorExecutor-QBFT-0 | INFO  | QbftBesuControllerBuilder | Imported #270 / 64 tx / 1182 pending / 15,486,080 (0.0%) gas / (0xa2715e7bf379e927c9c6388e1b80fd88aa5a6dcfa3f7c30d9efb85254d959a20)
2026-10-07 09:54:43.771+00:00 | EthScheduler-Workers-0 | INFO  | PersistBlockTask | Block 271 (0x4f7efad8309cdf00b02ee4fec5bc53e44b66bd7125c52ee20e11f36158f45182) is already imported
2026-10-07 09:54:43.772+00:00 | BftProcessorExecutor-QBFT-0 | INFO  | QbftBesuControllerBuilder | Imported #271 / 100 tx / 1795 pending / 24,197,000 (0.0%) gas / (0x4f7efad8309cdf00b02ee4fec5bc53e44b66bd7125c52ee20e11f36158f45182)
2026-10-07 09:54:46.228+00:00 | BftProcessorExecutor-QBFT-0 | INFO  | QbftBesuControllerBuilder | Imported #272 / 138 tx / 1687 pending / 33,391,860 (0.0%) gas / (0x755f195a439230ada3db4c75a50f4b6b6f209623ffb0364da3af7879adb3efed)
2026-10-07 09:54:48.467+00:00 | EthScheduler-Workers-0 | INFO  | PersistBlockTask | Block 273 (0x7573aac0ae8bad7555eecf151fbf7a0db3e22b0fd10f8fe55039f35f912255cf) is already imported
2026-10-07 09:54:48.469+00:00 | BftProcessorExecutor-QBFT-0 | INFO  | QbftBesuControllerBuilder | Imported #273 / 137 tx / 1550 pending / 33,149,890 (0.0%) gas / (0x7573aac0ae8bad7555eecf151fbf7a0db3e22b0fd10f8fe55039f35f912255cf)
2026-10-07 09:54:50.690+00:00 | BftProcessorExecutor-QBFT-0 | INFO  | QbftBesuControllerBuilder | Imported #274 / 137 tx / 1413 pending / 33,149,890 (0.0%) gas / (0x583e6d16c6d0fae4a13d472f64f0e5d0bf6176cece1806225968aed96c2d62b1)
2026-10-07 09:54:52.795+00:00 | BftProcessorExecutor-QBFT-0 | INFO  | QbftBesuControllerBuilder | Imported #275 / 136 tx / 1277 pending / 32,907,920 (0.0%) gas / (0xf4dd74e3f343bf70f2def3789f1082234b7cb756c045d506289db3e370d5f613)
2026-10-07 09:54:55.233+00:00 | EthScheduler-Workers-0 | INFO  | PersistBlockTask | Block 276 (0x90415a4f1bbe81477f06b7b17b77857c33a071cd7556f38ad96c76407215f050) is already imported
2026-10-07 09:54:55.234+00:00 | BftProcessorExecutor-QBFT-0 | INFO  | QbftBesuControllerBuilder | Imported #276 / 136 tx / 1141 pending / 32,907,920 (0.0%) gas / (0x90415a4f1bbe81477f06b7b17b77857c33a071cd7556f38ad96c76407215f050)
2026-10-07 09:54:57.434+00:00 | EthScheduler-Workers-0 | INFO  | PersistBlockTask | Block 277 (0x2851ebcb1914ecb3feb7cdf818ba889da7a26d3cc541c94e20c1772dfbe4d509) is already imported
2026-10-07 09:54:57.435+00:00 | BftProcessorExecutor-QBFT-0 | INFO  | QbftBesuControllerBuilder | Imported #277 / 136 tx / 1005 pending / 32,907,920 (0.0%) gas / (0x2851ebcb1914ecb3feb7cdf818ba889da7a26d3cc541c94e20c1772dfbe4d509)
2026-10-07 09:54:59.675+00:00 | BftProcessorExecutor-QBFT-0 | INFO  | QbftBesuControllerBuilder | Imported #278 / 136 tx / 869 pending / 32,907,920 (0.0%) gas / (0xc6cd5e9baf28469339b147bc89b93f519d565fb0bbe8bea5d06fe194ac7d9f13)
2026-10-07 09:55:01.919+00:00 | EthScheduler-Workers-0 | INFO  | PersistBlockTask | Block 279 (0xc4aa7bf2f5f8067cd462b06ae29ffd89d9c8e28b948bf8735e0dee6fa78a49c3) is already imported
2026-10-07 09:55:01.920+00:00 | BftProcessorExecutor-QBFT-0 | INFO  | QbftBesuControllerBuilder | Imported #279 / 136 tx / 733 pending / 32,907,920 (0.0%) gas / (0xc4aa7bf2f5f8067cd462b06ae29ffd89d9c8e28b948bf8735e0dee6fa78a49c3)
2026-10-07 09:55:04.227+00:00 | BftProcessorExecutor-QBFT-0 | INFO  | QbftBesuControllerBuilder | Imported #280 / 136 tx / 597 pending / 32,907,920 (0.0%) gas / (0x4c90994e18b66790f996f879f3f36ad05cd76a8214d1d69469fcf14befab5e7c)
2026-10-07 09:55:06.414+00:00 | BftProcessorExecutor-QBFT-0 | INFO  | QbftBesuControllerBuilder | Imported #281 / 136 tx / 461 pending / 32,907,920 (0.0%) gas / (0xbb1d7140f07a365737e1c0a4866042ef7f9f05b85a4b51f19005534ac3775997)
2026-10-07 09:55:08.643+00:00 | EthScheduler-Workers-0 | INFO  | PersistBlockTask | Block 282 (0xc5948956ae24d4f1ec735c1ec48cfc62905c6f427241aae6dd65643893b45477) is already imported
2026-10-07 09:55:08.644+00:00 | BftProcessorExecutor-QBFT-0 | INFO  | QbftBesuControllerBuilder | Produced #282 / 135 tx / 326 pending / 32,665,950 (0.0%) gas / (0xc5948956ae24d4f1ec735c1ec48cfc62905c6f427241aae6dd65643893b45477)
2026-10-07 09:55:10.499+00:00 | BftProcessorExecutor-QBFT-0 | INFO  | QbftBesuControllerBuilder | Imported #283 / 117 tx / 209 pending / 28,310,490 (0.0%) gas / (0xfbadfcbb6644f779888d9e390d672a54beb4c66adc4f9ae398ce211314173a8c)
2026-10-07 09:55:12.736+00:00 | EthScheduler-Workers-0 | INFO  | PersistBlockTask | Block 284 (0x03f515b05c66d49058ff80affc39cf21658569a72fd686fb996afe2000604577) is already imported
2026-10-07 09:55:12.736+00:00 | BftProcessorExecutor-QBFT-0 | INFO  | QbftBesuControllerBuilder | Imported #284 / 97 tx / 112 pending / 23,471,090 (0.0%) gas / (0x03f515b05c66d49058ff80affc39cf21658569a72fd686fb996afe2000604577)
2026-10-07 09:55:14.325+00:00 | EthScheduler-Workers-0 | INFO  | PersistBlockTask | Block 285 (0x25eb52cd2d5ec52a9ade0ebae74c308e669ec3463634d76106eb3f935a7d5073) is already imported
2026-10-07 09:55:14.326+00:00 | BftProcessorExecutor-QBFT-0 | INFO  | QbftBesuControllerBuilder | Imported #285 / 74 tx / 38 pending / 17,905,780 (0.0%) gas / (0x25eb52cd2d5ec52a9ade0ebae74c308e669ec3463634d76106eb3f935a7d5073)
2026-10-07 09:55:15.891+00:00 | EthScheduler-Workers-0 | INFO  | PersistBlockTask | Block 286 (0x829e49a299bba4c9ae3959326296a7bfffc4b6bf6a5c2b0dad156e7d6ff1e7b3) is already imported
2026-10-07 09:55:15.891+00:00 | BftProcessorExecutor-QBFT-0 | INFO  | QbftBesuControllerBuilder | Imported #286 / 38 tx / 0 pending / 9,194,860 (0.0%) gas / (0x829e49a299bba4c9ae3959326296a7bfffc4b6bf6a5c2b0dad156e7d6ff1e7b3)
2026-10-07 09:55:17.269+00:00 | EthScheduler-Workers-0 | INFO  | PersistBlockTask | Block 287 (0xa3fcc1a73324bc061b68151805d86a5a44e7bf34148abb65de778447d98f4587) is already imported
2026-10-07 09:55:17.270+00:00 | BftProcessorExecutor-QBFT-0 | INFO  | QbftBesuControllerBuilder | Imported #287 / 0 tx / 0 pending / 0 (0.0%) gas / (0xa3fcc1a73324bc061b68151805d86a5a44e7bf34148abb65de778447d98f4587)
2026-10-07 09:55:19.342+00:00 | BftProcessorExecutor-QBFT-0 | INFO  | QbftBesuControllerBuilder | Imported #288 / 0 tx / 0 pending / 0 (0.0%) gas / (0xcd42ff6e63619240ad654545b4f677d8bf0083e435b78480978dcf404d4ed194)
2026-10-07 09:55:19.342+00:00 | EthScheduler-Workers-0 | INFO  | PersistBlockTask | Block 288 (0xcd42ff6e63619240ad654545b4f677d8bf0083e435b78480978dcf404d4ed194) is already imported
2026-10-07 09:55:21.314+00:00 | BftProcessorExecutor-QBFT-0 | INFO  | QbftBesuControllerBuilder | Imported #289 / 0 tx / 0 pending / 0 (0.0%) gas / (0x1bde49ae1b67aff68bfe9670b5bb63287132a2669a7f161dc16d2281bf445328)
2026-10-07 09:55:23.262+00:00 | BftProcessorExecutor-QBFT-0 | INFO  | QbftBesuControllerBuilder | Imported #290 / 0 tx / 0 pending / 0 (0.0%) gas / (0xc039e99b1ea093d102bfb3e27306aafea48524e8010db9a54c43a6d3c1709729)
2026-10-07 09:55:25.302+00:00 | BftProcessorExecutor-QBFT-0 | INFO  | QbftBesuControllerBuilder | Imported #291 / 0 tx / 0 pending / 0 (0.0%) gas / (0x8413a4c9c6986d9f8d819b63b5beaebaf326bc908f90da28157179f8a46e4bb4)
2026-10-07 09:55:27.283+00:00 | BftProcessorExecutor-QBFT-0 | INFO  | QbftBesuControllerBuilder | Imported #292 / 0 tx / 0 pending / 0 (0.0%) gas / (0x000d53c87f85ed179bf8247a3059b93ffdb2b2faaba30ca157a6cac93c1079ec)
2026-10-07 09:55:27.288+00:00 | EthScheduler-Workers-0 | INFO  | PersistBlockTask | Block 292 (0x000d53c87f85ed179bf8247a3059b93ffdb2b2faaba30ca157a6cac93c1079ec) is already imported
2026-10-07 09:55:29.306+00:00 | BftProcessorExecutor-QBFT-0 | INFO  | QbftBesuControllerBuilder | Imported #293 / 0 tx / 0 pending / 0 (0.0%) gas / (0xcd9f5dd297d79587f61ebb20aaa9f3df221204ce60ad9cef4bca1e2dd296a3f6)
2026-10-07 09:55:29.308+00:00 | EthScheduler-Workers-0 | INFO  | PersistBlockTask | Block 293 (0xcd9f5dd297d79587f61ebb20aaa9f3df221204ce60ad9cef4bca1e2dd296a3f6) is already imported
2026-10-07 09:55:31.309+00:00 | BftProcessorExecutor-QBFT-0 | INFO  | QbftBesuControllerBuilder | Imported #294 / 0 tx / 0 pending / 0 (0.0%) gas / (0x6a982ba4b81d7b5b84ba647eef8031d448e970cd8235aad8d7b5cd044b2cd139)
2026-10-07 09:55:33.280+00:00 | BftProcessorExecutor-QBFT-0 | INFO  | QbftBesuControllerBuilder | Imported #295 / 0 tx / 0 pending / 0 (0.0%) gas / (0x1558a7b3425e6641e99b3a7fe302532cc2f3ec1720896d500d560b41693c0176)
2026-10-07 09:55:35.292+00:00 | BftProcessorExecutor-QBFT-0 | INFO  | QbftBesuControllerBuilder | Imported #296 / 0 tx / 0 pending / 0 (0.0%) gas / (0x4db2dfb6987a495a7f8245610d056945da587dc2fc987fe2d8afe881bb91a240)
2026-10-07 09:55:37.272+00:00 | BftProcessorExecutor-QBFT-0 | INFO  | QbftBesuControllerBuilder | Produced #297 / 0 tx / 0 pending / 0 (0.0%) gas / (0x703e8b5f1422569a9e32154552dded9f34b85cf4cf76352e4c9e8c0289696c49)
2026-10-07 09:55:39.322+00:00 | BftProcessorExecutor-QBFT-0 | INFO  | QbftBesuControllerBuilder | Imported #298 / 0 tx / 0 pending / 0 (0.0%) gas / (0x01a09558df4568ad6f6198e9e77c72b6005bf3c6e3ad2068cd5080a53a8645a4)
2026-10-07 09:55:41.312+00:00 | BftProcessorExecutor-QBFT-0 | INFO  | QbftBesuControllerBuilder | Imported #299 / 0 tx / 0 pending / 0 (0.0%) gas / (0xdeab5965e987323ee60e443d58a2e06fdcf38dde2ba06ad9e21242f2e63f92d1)
2026-10-07 09:55:43.265+00:00 | BftProcessorExecutor-QBFT-0 | INFO  | QbftBesuControllerBuilder | Imported #300 / 0 tx / 0 pending / 0 (0.0%) gas / (0xdf901543b4405dbf06a854618bc84054e9fc4bb14e54c4cd26404af30dbfbaa8)
2026-10-07 09:55:45.289+00:00 | EthScheduler-Workers-0 | INFO  | PersistBlockTask | Block 301 (0x7b98b2e47a0577c001478dd01ea2cd1ebb8d9ae8e1828dd14b2647af6527cbc5) is already imported
2026-10-07 09:55:45.290+00:00 | BftProcessorExecutor-QBFT-0 | INFO  | QbftBesuControllerBuilder | Imported #301 / 0 tx / 0 pending / 0 (0.0%) gas / (0x7b98b2e47a0577c001478dd01ea2cd1ebb8d9ae8e1828dd14b2647af6527cbc5)
2026-10-07 09:55:47.282+00:00 | BftProcessorExecutor-QBFT-0 | INFO  | QbftBesuControllerBuilder | Imported #302 / 0 tx / 0 pending / 0 (0.0%) gas / (0xef4171f9637c8c0dc96f60aa24cdbea8bbca8d2bdbe916838437910c464b2a8c)
2026-10-07 09:55:49.331+00:00 | BftProcessorExecutor-QBFT-0 | INFO  | QbftBesuControllerBuilder | Imported #303 / 0 tx / 0 pending / 0 (0.0%) gas / (0xba1eb86472047876734527a46fa57401c8a224f082492be448dcb279b44926fb)
2026-10-07 09:55:51.278+00:00 | EthScheduler-Workers-0 | INFO  | PersistBlockTask | Block 304 (0xa3c54ced6c4745515ddcd0d10924f83091e303e792c4087f34c5e8b61038a543) is already imported
2026-10-07 09:55:51.278+00:00 | BftProcessorExecutor-QBFT-0 | INFO  | QbftBesuControllerBuilder | Imported #304 / 0 tx / 0 pending / 0 (0.0%) gas / (0xa3c54ced6c4745515ddcd0d10924f83091e303e792c4087f34c5e8b61038a543)
2026-10-07 09:55:53.264+00:00 | BftProcessorExecutor-QBFT-0 | INFO  | QbftBesuControllerBuilder | Imported #305 / 0 tx / 0 pending / 0 (0.0%) gas / (0x456c9f6b24412a40dfc35904751d2d5d064749d72cd4640a9124ba0c882986e3)
2026-10-07 09:55:55.351+00:00 | BftProcessorExecutor-QBFT-0 | INFO  | QbftBesuControllerBuilder | Imported #306 / 1 tx / 7 pending / 153,618 (0.0%) gas / (0x6368258fd391ace80d62f061936b57a6242ac2908effd55e7aaad568172a22d1)
2026-10-07 09:55:57.299+00:00 | EthScheduler-Workers-0 | INFO  | PersistBlockTask | Block 307 (0x3c554e6b28feba36041ef21873e3bfe12bfef5dc1b226fb9879b10e4570cd3f7) is already imported
2026-10-07 09:55:57.299+00:00 | BftProcessorExecutor-QBFT-0 | INFO  | QbftBesuControllerBuilder | Imported #307 / 1 tx / 6 pending / 153,638 (0.0%) gas / (0x3c554e6b28feba36041ef21873e3bfe12bfef5dc1b226fb9879b10e4570cd3f7)
2026-10-07 09:55:59.341+00:00 | BftProcessorExecutor-QBFT-0 | INFO  | QbftBesuControllerBuilder | Imported #308 / 0 tx / 6 pending / 0 (0.0%) gas / (0xfb409881723cec244558288d866e041861d2da5007fcb99585441e4ccc8754ef)
2026-10-07 09:55:59.341+00:00 | EthScheduler-Workers-0 | INFO  | PersistBlockTask | Block 308 (0xfb409881723cec244558288d866e041861d2da5007fcb99585441e4ccc8754ef) is already imported
2026-10-07 09:56:01.321+00:00 | BftProcessorExecutor-QBFT-0 | INFO  | QbftBesuControllerBuilder | Imported #309 / 0 tx / 6 pending / 0 (0.0%) gas / (0xe7e6e67cfea82cc83a63c857f199671f99eb385284446b0cb4a0065161b91048)
2026-10-07 09:56:01.321+00:00 | EthScheduler-Workers-0 | INFO  | PersistBlockTask | Block 309 (0xe7e6e67cfea82cc83a63c857f199671f99eb385284446b0cb4a0065161b91048) is already imported
2026-10-07 09:56:03.279+00:00 | BftProcessorExecutor-QBFT-0 | INFO  | QbftBesuControllerBuilder | Imported #310 / 0 tx / 6 pending / 0 (0.0%) gas / (0xab48f7da5bc24cbdb5c109c1a164958974299a77797216ff9b2b215147ce198a)
2026-10-07 09:56:05.302+00:00 | BftProcessorExecutor-QBFT-0 | INFO  | QbftBesuControllerBuilder | Imported #311 / 0 tx / 6 pending / 0 (0.0%) gas / (0x601ce10dd98e2c48eb96c556119cf8587eab5ed9110ef4c0fdae3240793e2445)
2026-10-07 09:56:05.307+00:00 | EthScheduler-Workers-0 | INFO  | PersistBlockTask | Block 311 (0x601ce10dd98e2c48eb96c556119cf8587eab5ed9110ef4c0fdae3240793e2445) is already imported
2026-10-07 09:56:07.276+00:00 | BftProcessorExecutor-QBFT-0 | INFO  | QbftBesuControllerBuilder | Produced #312 / 0 tx / 6 pending / 0 (0.0%) gas / (0xf87f884e44a1164bfe4eee6ee17c77de9d4bcf5e9a5ececcb5787a69337f1dbd)
2026-10-07 09:56:07.279+00:00 | EthScheduler-Workers-0 | INFO  | PersistBlockTask | Block 312 (0xf87f884e44a1164bfe4eee6ee17c77de9d4bcf5e9a5ececcb5787a69337f1dbd) is already imported
2026-10-07 09:56:09.321+00:00 | BftProcessorExecutor-QBFT-0 | INFO  | QbftBesuControllerBuilder | Imported #313 / 0 tx / 6 pending / 0 (0.0%) gas / (0x4d7d8582539ebad1770283ecdf7600ab2a885b5c775a6132ba2f86e39690d973)
2026-10-07 09:56:09.325+00:00 | EthScheduler-Workers-0 | INFO  | PersistBlockTask | Block 313 (0x4d7d8582539ebad1770283ecdf7600ab2a885b5c775a6132ba2f86e39690d973) is already imported
2026-10-07 09:56:11.320+00:00 | BftProcessorExecutor-QBFT-0 | INFO  | QbftBesuControllerBuilder | Imported #314 / 0 tx / 6 pending / 0 (0.0%) gas / (0x0b7aa596428d8446ce6c0cffb2614457ad77847113f61f788fc655734aa1535d)
2026-10-07 09:56:13.282+00:00 | BftProcessorExecutor-QBFT-0 | INFO  | QbftBesuControllerBuilder | Imported #315 / 1 tx / 5 pending / 153,650 (0.0%) gas / (0x7c6128830a665ccec0c387e3df0a584f4ca6e318063b36a9521563a0440f7e42)
2026-10-07 09:56:13.287+00:00 | EthScheduler-Workers-0 | INFO  | PersistBlockTask | Block 315 (0x7c6128830a665ccec0c387e3df0a584f4ca6e318063b36a9521563a0440f7e42) is already imported
2026-10-07 09:56:15.318+00:00 | EthScheduler-Workers-0 | INFO  | PersistBlockTask | Block 316 (0x9e9cdb3c760a0cee901e2acf2fd018e5c19dca6fe0abe90a2337198e7a2be7b1) is already imported
2026-10-07 09:56:15.319+00:00 | BftProcessorExecutor-QBFT-0 | INFO  | QbftBesuControllerBuilder | Imported #316 / 1 tx / 4 pending / 153,630 (0.0%) gas / (0x9e9cdb3c760a0cee901e2acf2fd018e5c19dca6fe0abe90a2337198e7a2be7b1)
2026-10-07 09:56:17.297+00:00 | BftProcessorExecutor-QBFT-0 | INFO  | QbftBesuControllerBuilder | Imported #317 / 1 tx / 3 pending / 153,650 (0.0%) gas / (0x0c8ea5853e26a0544559217e587064d3dde6adf24fbfc98ca85cb114a76b7f72)
2026-10-07 09:56:19.325+00:00 | BftProcessorExecutor-QBFT-0 | INFO  | QbftBesuControllerBuilder | Imported #318 / 1 tx / 2 pending / 153,650 (0.0%) gas / (0xd434ce061b06e6892bfd96b69d177608832572f7ec10e6179a844febde68873f)
2026-10-07 09:56:19.329+00:00 | EthScheduler-Workers-0 | INFO  | PersistBlockTask | Block 318 (0xd434ce061b06e6892bfd96b69d177608832572f7ec10e6179a844febde68873f) is already imported
2026-10-07 09:56:21.328+00:00 | BftProcessorExecutor-QBFT-0 | INFO  | QbftBesuControllerBuilder | Imported #319 / 1 tx / 1 pending / 153,638 (0.0%) gas / (0x3ace59fc090dda960e3104eb9de2e54c6e77dc97ca22a6f48e458212d9da8bbf)
2026-10-07 09:56:23.295+00:00 | BftProcessorExecutor-QBFT-0 | INFO  | QbftBesuControllerBuilder | Imported #320 / 1 tx / 0 pending / 153,618 (0.0%) gas / (0xa59ced6bb574519b4b30403a4e8dc3166b46105c73b4464e9c3fe5ecd8f16f4b)
2026-10-07 09:56:25.327+00:00 | BftProcessorExecutor-QBFT-0 | INFO  | QbftBesuControllerBuilder | Imported #321 / 0 tx / 0 pending / 0 (0.0%) gas / (0x4bd25067ca588f2e1724514092b68d18423594b8af2cb19755bbd919e71960b9)
2026-10-07 09:56:27.287+00:00 | BftProcessorExecutor-QBFT-0 | INFO  | QbftBesuControllerBuilder | Imported #322 / 0 tx / 0 pending / 0 (0.0%) gas / (0xd566ac1701a20ff309dbf29a918bf54daac11db02acf1c46616ed903de9311d3)
2026-10-07 09:56:29.330+00:00 | BftProcessorExecutor-QBFT-0 | INFO  | QbftBesuControllerBuilder | Imported #323 / 0 tx / 0 pending / 0 (0.0%) gas / (0x9ca6a629ede811b5cc7e963df1edb1778f9656bb5f4f173a02acd67de5c2e494)
2026-10-07 09:56:31.290+00:00 | BftProcessorExecutor-QBFT-0 | INFO  | QbftBesuControllerBuilder | Imported #324 / 0 tx / 0 pending / 0 (0.0%) gas / (0xef82365c6a74ea5d49b4e3e1274a7b00ed7eaaec458fba59dd793d58420880c8)
2026-10-07 09:56:33.274+00:00 | BftProcessorExecutor-QBFT-0 | INFO  | QbftBesuControllerBuilder | Imported #325 / 0 tx / 0 pending / 0 (0.0%) gas / (0xaf084dc423b63893772b806b110b56cee0c4f8ae227e3a1b05db98b2df49195b)
2026-10-07 09:56:33.274+00:00 | EthScheduler-Workers-0 | INFO  | PersistBlockTask | Block 325 (0xaf084dc423b63893772b806b110b56cee0c4f8ae227e3a1b05db98b2df49195b) is already imported
2026-10-07 09:56:35.292+00:00 | BftProcessorExecutor-QBFT-0 | INFO  | QbftBesuControllerBuilder | Imported #326 / 0 tx / 0 pending / 0 (0.0%) gas / (0x8d80dc24c3baef044af0c71969c48b40ad9d0529e32342ebbc35d9b694b642aa)
2026-10-07 09:56:35.293+00:00 | EthScheduler-Workers-0 | INFO  | PersistBlockTask | Block 326 (0x8d80dc24c3baef044af0c71969c48b40ad9d0529e32342ebbc35d9b694b642aa) is already imported
2026-10-07 09:56:37.275+00:00 | BftProcessorExecutor-QBFT-0 | INFO  | QbftBesuControllerBuilder | Produced #327 / 0 tx / 0 pending / 0 (0.0%) gas / (0x5b3385500724f13d112eecfca118023d8c6416b3e78706f8b69eca1767f1fc0b)
2026-10-07 09:56:39.309+00:00 | BftProcessorExecutor-QBFT-0 | INFO  | QbftBesuControllerBuilder | Imported #328 / 0 tx / 0 pending / 0 (0.0%) gas / (0xaeb020d80221ed77ffabfe768a46ae8fc83a65662ed257892bbd0864d2605e02)
2026-10-07 09:56:41.308+00:00 | BftProcessorExecutor-QBFT-0 | INFO  | QbftBesuControllerBuilder | Imported #329 / 0 tx / 0 pending / 0 (0.0%) gas / (0xbf47b1bdf87c68145ab7d6bb8385028c3a6d477cf49f88dbec2dfece6a153b3a)
2026-10-07 09:56:41.310+00:00 | EthScheduler-Workers-0 | INFO  | PersistBlockTask | Block 329 (0xbf47b1bdf87c68145ab7d6bb8385028c3a6d477cf49f88dbec2dfece6a153b3a) is already imported
2026-10-07 09:56:43.261+00:00 | BftProcessorExecutor-QBFT-0 | INFO  | QbftBesuControllerBuilder | Imported #330 / 0 tx / 0 pending / 0 (0.0%) gas / (0xb194ea3fad7edbee04bd6b6561f6ab9605ea8d3a5712f6cc52b3ed2f9aa50dd7)
2026-10-07 09:56:45.296+00:00 | EthScheduler-Workers-0 | INFO  | PersistBlockTask | Block 331 (0x9cb543d2b0783cb0ccc93a6034707e0fbb8732d10735a10cd9ac5dc6aa32aaa9) is already imported
2026-10-07 09:56:45.296+00:00 | BftProcessorExecutor-QBFT-0 | INFO  | QbftBesuControllerBuilder | Imported #331 / 0 tx / 0 pending / 0 (0.0%) gas / (0x9cb543d2b0783cb0ccc93a6034707e0fbb8732d10735a10cd9ac5dc6aa32aaa9)
2026-10-07 09:56:47.273+00:00 | BftProcessorExecutor-QBFT-0 | INFO  | QbftBesuControllerBuilder | Imported #332 / 0 tx / 0 pending / 0 (0.0%) gas / (0x235b8829594183eaafe8455a04246b995cab7a6159483f4eca4b31325b3792c0)
2026-10-07 09:56:49.314+00:00 | EthScheduler-Workers-0 | INFO  | PersistBlockTask | Block 333 (0x3eb434016c1d772bcac0078975eb78b3ec8e78b6072499d86c4f96819cc12fa6) is already imported
2026-10-07 09:56:49.317+00:00 | BftProcessorExecutor-QBFT-0 | INFO  | QbftBesuControllerBuilder | Imported #333 / 0 tx / 0 pending / 0 (0.0%) gas / (0x3eb434016c1d772bcac0078975eb78b3ec8e78b6072499d86c4f96819cc12fa6)
2026-10-07 09:56:51.314+00:00 | EthScheduler-Workers-0 | INFO  | PersistBlockTask | Block 334 (0xead5a186502ba6e23719ff5ba1812ae4088e8934e5fcd4e635331b869196144d) is already imported
2026-10-07 09:56:51.314+00:00 | BftProcessorExecutor-QBFT-0 | INFO  | QbftBesuControllerBuilder | Imported #334 / 0 tx / 0 pending / 0 (0.0%) gas / (0xead5a186502ba6e23719ff5ba1812ae4088e8934e5fcd4e635331b869196144d)
2026-10-07 09:56:53.275+00:00 | BftProcessorExecutor-QBFT-0 | INFO  | QbftBesuControllerBuilder | Imported #335 / 0 tx / 0 pending / 0 (0.0%) gas / (0x8b88075f054301a97c76396077c18d841889bd4879b6773e3b14552a4d6e60fa)
2026-10-07 09:56:55.325+00:00 | EthScheduler-Workers-0 | INFO  | PersistBlockTask | Block 336 (0x9ee5938fcdfe3aaa6f043105fb64c9814a999f006f01f44422ea68c176f692c5) is already imported
2026-10-07 09:56:55.325+00:00 | BftProcessorExecutor-QBFT-0 | INFO  | QbftBesuControllerBuilder | Imported #336 / 0 tx / 0 pending / 0 (0.0%) gas / (0x9ee5938fcdfe3aaa6f043105fb64c9814a999f006f01f44422ea68c176f692c5)
2026-10-07 09:56:57.265+00:00 | BftProcessorExecutor-QBFT-0 | INFO  | QbftBesuControllerBuilder | Imported #337 / 0 tx / 0 pending / 0 (0.0%) gas / (0x41b21601ddcd321a2f67e83d199447be9760e795063c0b2853facedf404376bd)
2026-10-07 09:56:59.298+00:00 | EthScheduler-Workers-0 | INFO  | PersistBlockTask | Block 338 (0x30f6575f01c31fc5938ff1482a32a55c98cc89913ad7fda720edfd60276deb68) is already imported
2026-10-07 09:56:59.298+00:00 | BftProcessorExecutor-QBFT-0 | INFO  | QbftBesuControllerBuilder | Imported #338 / 0 tx / 0 pending / 0 (0.0%) gas / (0x30f6575f01c31fc5938ff1482a32a55c98cc89913ad7fda720edfd60276deb68)
