tx_index,sender,rpc_node,tx_hash,nonce,submit_ts,confirm_ts,latency_s,block_number,gas_used,status,error
0,0x3105daad8FF149D1D3Bc8B4f707613D4BE0EC948,node00,e21314a8038e50f0690c1c67069812086ab6736801ddf09fa1f107e70a5341ce,31,1791412564.280874,1791412573.975891,9.695017099380493,675,153650,confirmed,
1,0x7253C5851158e5a266eC61D943c5360478E8f8f6,node01,1e7820107ac3156453367abcda4d496f1f81ea42f2a3126489e3deacc11106f9,29,1791412564.2890286,1791412578.9949207,14.705892086029053,676,153606,confirmed,
2,0x11174012Bd0d686f9Ae2850bA45eEA5dEeb2ebcE,node02,bd6a12eae937399f8b1e06bfa3cd765fb86893149e2fdb53b871e576ce09af65,29,1791412564.296183,1791412579.0380414,14.74185824394226,677,153618,confirmed,
3,0x8FEF8EdD18092d04CCf375Fa12C0c2941fB02fAb,node03,20535682192bf2b4fbbb74a3f87230f1ae5971dc8a868585fe3ecda0cba2573b,29,1791412564.3035119,1791412579.021358,14.717846155166626,678,153630,confirmed,
4,0xa540896c4b20884BFEF4acD79E878FfFB1267e25,node04,7c3432bbe20f5ec3ae2ae3791c01fb75fa5f40b24dc777d725ff2ff19035a867,29,1791412564.304229,1791412583.206118,18.901889085769653,679,153630,confirmed,
5,0x5BefF6eb1Ad91FB3f89E78B4776F26b717BEa980,node05,cb3b3e4d9d361d7ab35df43b0783493ba3ee15b056d574d93ad5f9e7a3678d83,29,1791412564.305867,1791412583.2905173,18.984650373458862,680,153638,confirmed,
6,0xc81775eCc64d384D2ED960062DE28b7B474B4AF7,node06,48f8782a986bf04f9fa999429e50715956a32a3bfc6fa0ed05f5099d6adcd18e,29,1791412564.307815,1791412587.0603292,22.752514123916626,681,153650,confirmed,
7,0x09A6353bCF96B90aE400d5F0cdF9b91623A3F807,node07,fb06822cdb2ea6a6271332095599f1fce97ff227287f0961dbfa8633d82c11cc,29,1791412564.31569,1791412587.077975,22.762284994125366,682,153626,confirmed,
8,0x7A4c0e2bE5492B01E2b6068175eB4042E71B8e7e,node08,3b1476fe38888717ee601db07736ae1d1e6e14141767f63c7207f86196ab9534,29,1791412564.3199744,1791412589.5097387,25.189764261245728,683,153638,confirmed,
9,0x5031d7e15582189ac2F5293B69ef079455bdD769,node09,780e353bfde6c6d39bd4ee81ca8e5ab446607e3bd7ee035d0c10948f3ae523da,29,1791412564.3229253,1791412591.2145586,26.89163327217102,684,153626,confirmed,
10,0xB3490bAbfc80aD35ee5e17D9701fb1cAcA176E0D,node10,bb99129329fddd48abd89801af9aa42072a8d7993a35014a1498ce787c206004,29,1791412564.3306174,1791412593.2381709,28.90755343437195,685,153638,confirmed,
11,0x9b3FF3C5cF6ac26505C347d3f2e5Dc4eB15AB75E,node11,ed6e5157faa6e5e5eeae010bda02bbaf56dc94b48f00086e6b47b8b9208e0d8b,29,1791412564.3333616,1791412595.762816,31.42945432662964,686,153630,confirmed,
12,0x06393DbbBa2E9CF11F8C5eB8B21f371d7a892DdE,node12,188c9b757a24710d6e9c3d6ad19f8a3a12568da51330cf9ceeb7428cb3e0df94,29,1791412564.343113,1791412574.2218194,9.878706455230713,672,153650,confirmed,
13,0xd60eac65A2a8c0cC7AA29d3BBf1102C797830c83,node13,bc7d6ec224894532b82aa5e9b1c1f12bc8e4cfc43b59028327d20d9fe175d0c0,29,1791412564.3455079,1791412574.0651996,9.719691753387451,673,153618,confirmed,
14,0xB6d4f8f35C4BBA9490Fa103763BA90CF0aCFaa91,node14,dba72dcf1a5b00d0e60a8fe026df48995979762f1dea397617df774c86fbca17,29,1791412564.3467393,1791412574.0478628,9.701123476028442,674,153630,confirmed,
15,0x26B0597784041D01170CC0071DC7dA1e338A2fA0,node00,b1f75e74bd90b74399068ac69190e5b24c5ae99c12bb614f889f55b03aa93b00,29,1791412564.3482022,1791412574.128312,9.780109882354736,675,153630,confirmed,
16,0xbA222b176A4536095d1df2Fd9042f3cACD347daE,node01,84f9dbbd3f888d5f419308bdbc8c14026f19ba28ff94bb10e87e5002300c5b78,29,1791412564.3489983,1791412579.1625643,14.813565969467163,676,153606,confirmed,
17,0x9dd8108feC752a816de3C51cFA5c9DB18F150a56,node02,0d1227a4ef91909041ce6b300c546f621f5ee3d949b31068eaf4648da2bae810,29,1791412564.3518155,1791412579.1243522,14.772536754608154,677,153626,confirmed,
18,0x88294555fC6Ee16B4905d5CB406F156c47a3B57F,node03,75957de6cc418d64dafeaf82d464b482b56c12ded6144d161c3e974edeb634b5,29,1791412564.3542678,1791412579.160433,14.806165218353271,678,153618,confirmed,
19,0x329B4D87A2868BAf1404998d1D168614e2BB5661,node04,acd988517529d4d58b81547320ff169179a48a8fe28f071ee45dce1284fff6de,29,1791412564.35817,1791412583.2638164,18.905646324157715,679,153618,confirmed,
20,0xb895E2F36A1664B108B466Fa7Ac195D629304656,node05,b0495b5f7ed6679468104b1d1572d90a163c399a7c5629b187d0bf7a017b0e0d,29,1791412564.3647637,1791412583.331861,18.967097282409668,680,153638,confirmed,
21,0xc3878eE3BFd19C722D2126031A08C316cF4f2d93,node06,a5e002e990003cab7fc7d71848c27354010242dddd1a9caae3470fc9a9f68a07,29,1791412564.368043,1791412587.0830717,22.715028762817383,681,153618,confirmed,
22,0xAEf2BC5572AE6a119895B5fbD4417d42AEE29f63,node07,27b22d5655b636e3334b8812ebcd87c9a860012b46e900741377cb052690a335,29,1791412564.3719056,1791412587.121284,22.749378442764282,682,153650,confirmed,
23,0x9d1a6a35Fd135cF56E66A54aC2C90071ED025f46,node08,41861985d81a8f93782e158c76282b846f4b6aeba1902a4fb0a793d6691bbf27,29,1791412564.374834,1791412589.4597533,25.084919214248657,683,153630,confirmed,
24,0xB4b91AED3B5AB901F871AaDA2cEc6885345EC5b2,node09,4f4ed3f131c746ce6a6780632efc8a69623f28b326af3a1f4b375e7410a1aa5b,29,1791412564.3781686,1791412591.272335,26.894166469573975,684,153650,confirmed,
25,0xC01cC7C3a95ddf0D0Bf816415B85237bB772fC99,node10,32405d8fb90538d9553e81091c40cfb7dc07c8b6f07972023119d8fc27736ce8,29,1791412564.380833,1791412593.267847,28.887014150619507,685,153650,confirmed,
26,0x6426FC5d3212Ff521eCA722c11628EBD2B40d935,node11,05afe8afd63f5bd0a9277474d65acd193407c22c6cb7258e52e33ce6e513c139,29,1791412564.3874032,1791412595.6292362,31.241832971572876,686,153638,confirmed,
27,0xc0F26F888ED77B67d57A4d6B4b23B66916c0Bf76,node12,39eeb9c76d355bd6c2764c0d2454d387bdfdfe8471982d2ac30575017b5f6893,29,1791412564.3897917,1791412574.0533144,9.663522720336914,672,153630,confirmed,
28,0xa2FE8431d8bc496cA604d52d77b99f8136b6a633,node13,a8dfa32515965be35dc61f053e45cd46d7885f2cca29a3e69090174ac60a76d1,29,1791412564.3917701,1791412574.38239,9.990619897842407,673,153630,confirmed,
29,0x42D78915Abbd26f3F83B0dd6991bFd7f44397e9b,node14,96766e5c0696cbe648d674a7d8dfe692075b8be587ad91ecde94e539a8bc5e68,29,1791412564.3943715,1791412574.4319952,10.037623643875122,674,153630,confirmed,
30,0x709B386721025dCf922b39180296fbfa95Af2547,node00,7f11a2b9605ae8cc84df06232bf6608452a7a503295f5cc712031c24160da7a8,29,1791412564.3969142,1791412574.2513463,9.854432106018066,675,153638,confirmed,
31,0x773F2E5f3146e57ef3465516BcF9c220E98eF8B2,node01,4d737e770f7dfd269b5dc415dc9847d2c07bcc055a89ed6e94b3f9b8774a6c79,29,1791412564.4040608,1791412579.3002176,14.896156787872314,676,153618,confirmed,
32,0x1AbB7065b97038e1B5d54a6d4E8f4fb92Ef9F17b,node02,3a1e070be27cf2830d1a32052740444124bdeb36a5ac48693c73baf4dbc14cdb,29,1791412564.4056146,1791412579.1717346,14.766119956970215,677,153630,confirmed,
33,0xb332774f2B493AeA2A9a3307fa38F0D2aEC9553d,node03,daa250d0a54b0d218934671815939cb69dfa869c623e2b8709f30ec40e96680e,29,1791412564.4072673,1791412579.2323325,14.82506513595581,678,153630,confirmed,
34,0xe1d9746F5eCEC0c64c3AbBD3122f68922E8B2c92,node04,cf5967737453c2032c37eb8e19f4256469ebfdc223311ed7631377c3e9748b8b,29,1791412564.4094276,1791412583.332339,18.922911405563354,679,153630,confirmed,
35,0x05d3edAc81229116F0E67937c72bB8a6DFC3B2BF,node05,8e9cd31574a4805ad2b68649cd74a1db6029868c0cf421676fe45a79b5a913c7,29,1791412564.4109523,1791412583.4112673,19.000314950942993,680,153630,confirmed,
36,0xb494F777252F4C332E2941706053836a0207D0f1,node06,b74c2968ef29e82f2bdd8bbeb286721f1d747089413ebdf3260b3a491f97df82,29,1791412564.4129033,1791412587.1734095,22.76050615310669,681,153630,confirmed,
37,0xA4c08dDd768F42cbA9F538f00A773A3F7cd7BCe7,node07,a55ce40eb8f886bcf8c31b54b325e246f2aa67366aa5e6587281804fe97bde6a,29,1791412564.4234266,1791412587.15852,22.735093355178833,682,153650,confirmed,
38,0xd18672f804D71d3271909237D47117f6575A1864,node08,b8ae978743b53e850cb21b12df63a3513de6aa1d8c34cdb1580e44cc954ce8ba,29,1791412564.428836,1791412589.4717531,25.042917013168335,683,153630,confirmed,
39,0x91033E1E28620D495b6EaCb7348709b455bc75ff,node09,752e4f123f8b740ffd291c7787023ca972bfaae86504ec70ab4d82a430afd4a6,29,1791412564.4314425,1791412591.2177362,26.786293745040894,684,153650,confirmed,
40,0xe5cbba79f77014f05A402543722607C78111c505,node10,21353d230324cfedfa9f68e08f26e8b50ec7e6fc3bece80102331413adfde919,29,1791412564.4329283,1791412593.0572426,28.624314308166504,685,153630,confirmed,
41,0xa2FD247D913a56D2F20ca673d5B4f9885b210948,node11,9bda08012e9f69c9e6e8ae9727dceacb75713c0653145953fa5264ef72167086,29,1791412564.4346254,1791412595.7298517,31.295226335525513,686,153638,confirmed,
42,0xA1589382116835e0393628DB8d8B9b288EB5c880,node12,49e3253158ea84e794c32bf98db19beb7d251465603469bf23c8c3746b9cd236,29,1791412564.4363213,1791412574.367326,9.931004762649536,672,153650,confirmed,
43,0xaB20de5d0106F1728315f83759d386C322D3D7C6,node13,3f9a60630d0699e2efa9e01adb17aef8adbda92d3ba9cedb57ac00490646a3d3,29,1791412564.4376993,1791412574.2870002,9.849300861358643,673,153650,confirmed,
44,0x12cf57e326254260C2b4D56b9e961ed048779B61,node14,6491ee9ad0cb296b378a4ff207e740c78cf46b5450af232fd1620bb7e2e815bc,29,1791412564.4394913,1791412574.2115722,9.772080898284912,674,153650,confirmed,
45,0xE5d6dE5F49fb8bc675a76395682d584E1d534965,node00,c9606d7bf86749a3a1e039a08c6d658f337424624b9298c5949fb5bcaa47bf95,29,1791412564.4435625,1791412574.3184528,9.874890327453613,675,153650,confirmed,
46,0x0a3D0598A0c9EEc17596446b024D2b3eaF21Ec42,node01,1888bbb0caec701b0b5b5bfe168ab3c99507cd3f6ded6468fce315d59eaee2c0,29,1791412564.4452512,1791412579.2016318,14.756380558013916,676,153638,confirmed,
47,0x334C6f3a40B1016f4e3e544Efe776973cfB6CD93,node02,2ee0d14d46062a4349feeb5371296fbee2a3e4666906b7a25623cd2a1831b51b,29,1791412564.446474,1791412579.197889,14.751415014266968,677,153618,confirmed,
48,0xd6107Dd1629403EaDF928826F1031A65A923cF5B,node03,f8c8772482ddf047ada3235d0aa4debbd5b5beba28bd25b0e197837396950dbb,29,1791412564.4502516,1791412579.1958823,14.745630741119385,678,153630,confirmed,
49,0x7b6F166f12A1C7d3f049F550099C79fC378b4391,node04,01905d0459e7f2902faf1a113a07b73324c02383dbc12f2127e235706f5c098e,29,1791412564.454726,1791412583.3608496,18.906123638153076,679,153618,confirmed,
50,0x3657cb1da6dAe12356ECe589b2Bb4e7F5a652a69,node05,7efafd44ec232872b475cd9fb05dfa5fa1083a2e50f61d52967744f140f17606,29,1791412564.4565527,1791412583.4901016,19.033548831939697,680,153618,confirmed,
51,0xCcf6dBC40d2199B17D7a84ec9ff8DBa10cF4E008,node06,219dee86895c64f9482b9e1c8d7c0bee0fbba1f7ba7fd621c46a24cd93d04e5c,29,1791412564.4613183,1791412587.2113955,22.75007724761963,681,153650,confirmed,
52,0x88f77F80d7F94e563c849294b039B53cE5741F81,node07,958d81f5104a452f806b671eeafc69f6e569ef7e4ddb0e3f1ca11bdc3ff3cead,29,1791412564.4649994,1791412587.31139,22.84639048576355,682,153630,confirmed,
53,0x3102a389660c323eea70F5fdD352505203b10D0F,node08,86099a019ce91edfc69641117f4abf0f9abff3be7210a76a0175a22530ef071f,29,1791412564.4670763,1791412589.8373303,25.370254039764404,683,153638,confirmed,
54,0xf6070851DE878582FC5495807B78f5672E4AED28,node09,5c3101540d488ef48153e5db2c8428238fbe8bfb68da5a4e0df1c77c8ddab348,29,1791412564.4690998,1791412591.2590845,26.789984703063965,684,153650,confirmed,
55,0xe7c91605EBe09a755A76495F15632322aE97653d,node10,af04e278b2865731bc7138292066c6ee1f75f7e62722b4f9f778e73e54851fb9,29,1791412564.4742355,1791412593.1146991,28.64046359062195,685,153650,confirmed,
56,0xea416f7a78C58f240CE4ae9f3A7D4231F2ae9ABB,node11,28836a94e0c60aa0103cfd6ace966b6f79506d1bd9ea6c15fbbbfec6ad0de5f9,29,1791412564.4811099,1791412595.8812823,31.400172472000122,686,153626,confirmed,
57,0xA38752E58846EA2Ea68669c7b35fe25999447521,node12,e38e62f862b6f487ebc00caceadb83fc27a088c1651f475fbcd6aa162810e86c,29,1791412564.4842937,1791412574.495054,10.010760307312012,672,153630,confirmed,
58,0x0D496e063698d5B679c6af68Cd3BfD482749A11e,node13,d3a20031ed702366eb73b52bcf7c72ae5ecbf04b0387cdc4ec0258189041f1e6,29,1791412564.487057,1791412574.2968616,9.809804677963257,673,153650,confirmed,
59,0xf683A53A8ddbE985fB3DDa4c9c03966F49450335,node14,ac6d83034b236e7dc3f8d6c0c22dbaa8c375f4b3067e335494bdf07f7140f554,29,1791412564.4899638,1791412574.400176,9.910212278366089,674,153618,confirmed,
60,0x0D7DeC5F5DBB4A28525A015EBE43c4D2368D9764,node00,613a259953b64d8b934516c66968795e5a038abc2c891d0e29107d68e23e4b74,29,1791412564.501366,1791412574.3043473,9.80298137664795,675,153618,confirmed,
61,0x6ACF2A6F220807027e2DCf8978A8939652A929f9,node01,15e0cb10c12fcad8214c2e63872f8672323a6b3c075c19144d07ab727888666b,29,1791412564.5056338,1791412579.2622647,14.756630897521973,676,153650,confirmed,
62,0x354b34364a2A8DC64D4f4CFC7886C6fbd867d1D7,node02,b7f9a5ce77153b773660af163f1ac48711f4ba94711c49844028250e1edd4c1f,29,1791412564.5072086,1791412579.2481716,14.740962982177734,677,153650,confirmed,
63,0x52801c45EcB5F8F1aCf5ea8Fb8cEBF63068d44cC,node03,ab0b5fc05d9016dbf8172e94158afc9554114049a067500cdb44b48b629e3d86,29,1791412564.5115833,1791412579.437372,14.925788640975952,678,153618,confirmed,
64,0x5011c82d7E502e12Fe2B674d31dEc22B465733cB,node04,342068eecdcec1bc5c69f5164071e4471e78bf04f40e5ae09e3422ee6bb5f1f0,29,1791412564.5140574,1791412583.4282002,18.914142847061157,679,153630,confirmed,
65,0x910AfB8E2c64eDf0FE50EbC7526D5Cd32082e0D5,node05,2746d98311a4c5e0ade5b8d84cc2fe099288aa58f7a8b0502625e4f32b843421,29,1791412564.5189335,1791412583.454071,18.935137510299683,680,153618,confirmed,
66,0xD2Ce334A5B464CDf79a19dc59F3DFE019084e616,node06,736a97794329d3fc79d1e9d688826dc6ccbb3dc97446c715154c8011108d1ae3,29,1791412564.522042,1791412587.2922235,22.77018141746521,681,153650,confirmed,
67,0x0e4D4c339d3Be8789aF38A39904A91De1A51fCb6,node07,ea97777e836ee59e9f69ca781ab33e10e10ec3cbb8b008c8731608c26b1bca42,29,1791412564.5250032,1791412587.1702375,22.64523434638977,682,153618,confirmed,
68,0xA707819E36A753F1f17d7D925e80246f1dF4734C,node08,191f68d0b3e9895b0ab4eb3c77a74026265fe3cab0e09a0cb8cbdd297066e850,29,1791412564.527253,1791412589.5627384,25.03548550605774,683,153618,confirmed,
69,0xEBa666A08aBe4ccD9CEDC90633A21C84644a0637,node09,091678eadbba4f48a1f6c33cd1949a924aa61598c0cc4b8fdfc5788c70846810,29,1791412564.5309155,1791412591.2209008,26.689985275268555,684,153630,confirmed,
70,0x1043A7a98809DC9C92dF3ED40e3aDAe8c6a58783,node10,e45f76536a47768159baa0151cd8aa3a75b06543c45268b4fb5e6dc8e09897cf,29,1791412564.5329468,1791412593.0912912,28.55834436416626,685,153630,confirmed,
71,0xe8c193dC0A032Cf219cDd9D0B4815ADd3561b24B,node11,63d66236c85f754b28ac9ac0ded0ea6fc79cae5424ce5964f85f85cf03718031,29,1791412564.5358782,1791412595.6529016,31.117023468017578,686,153650,confirmed,
72,0x2Abe4e6Cd9e09db1D906340A681ad2F84cb08e19,node12,6125b021e00c2f6e74e0974a9cddfebe8a0e1bfee6f966da878ed76e86b1ae0d,29,1791412564.540535,1791412574.5404036,9.999868631362915,672,153618,confirmed,
73,0xe1d5066459686E0efF127409E975BFA5a19b353b,node13,d423e847e2f2b8c623fce573a7444652f26c89e55dcb8fd8c3b514036cc2f9af,29,1791412564.5446985,1791412574.4712794,9.926580905914307,673,153638,confirmed,
74,0xd376Fd44aa8F3a84C454e1C1668eF5C766F3Db36,node14,768ee11cc451676f637b213f91347b9584b0d791fa44e41e1ba5ffaba029317c,29,1791412564.5496194,1791412574.3622766,9.812657117843628,674,153650,confirmed,
75,0x8890470935834533C07F2C3c78e283Bd34126A17,node00,787fa4dc373eeaec37712955ad0e76470abb2eb35fbd5c646b2b6022bb485d9d,29,1791412564.551856,1791412574.4511003,9.89924430847168,675,153630,confirmed,
76,0xE051845887Ba5659aE04aFc92c6Cd8585996d84D,node01,44361f5d87b8d7f00d03ec9e0e1164ecd4201f1c729364fc798522fbd714d595,29,1791412564.5540912,1791412579.2721193,14.71802806854248,676,153650,confirmed,
77,0x1416EeB2F60F9D707Be60a08561650f256718C55,node02,8e9a56194fe98b900f86983c604d4a7566f2c7eb713d6dc367d5799cf872dc43,29,1791412564.5577216,1791412579.6705172,15.11279559135437,677,153638,confirmed,
78,0xa5dd2087797663fb55328Fb2CA8eD5Da7A0EdC6D,node03,33cc1e970f5b4a40b7441cd6c7c00230207a265d41c0025180e3bd253137aa6e,29,1791412564.5602484,1791412579.3050075,14.74475908279419,678,153650,confirmed,
79,0xF7C27C548841C3eA294014999dE9E54eF1Ec4859,node04,9c6125e9c4de6210f6f469e2f0f966a714275c3c706ffd283858f8d7b6637b91,29,1791412564.5632014,1791412583.599279,19.03607749938965,679,153630,confirmed,
80,0x4b23A288B965Ac70316376Dad27cfa2a4dD8e3EB,node05,da31940be1a5bc2b83bc1cf16ab099c2a3869652d8aad7992b144275fd0d089f,29,1791412564.5739653,1791412583.652456,19.078490734100342,680,153626,confirmed,
81,0xd7C0f6e8621E7F0AE9908503dcec0a590268d886,node06,f56de7f0d20894e10758f717e06ae3982a554bf6bc8d8a9619b9f15046c6aa1a,29,1791412564.578309,1791412587.2719493,22.69364023208618,681,153638,confirmed,
82,0x63D8720A1Da109eb3516c76a87126d1798aA097A,node07,50b37131bb2113a22f586d2fa8da895733cd09c5792a4b8ef9ef23fe5804c002,29,1791412564.5842097,1791412587.233833,22.64962339401245,682,153626,confirmed,
83,0xBE1551d7a2464992fb329b577507F43581f213c4,node08,280e398bb0240d4512ed59ecc3379528c68a5a2602efc25af0d6ab16f2837385,29,1791412564.589104,1791412589.8318455,25.242741584777832,683,153630,confirmed,
84,0xE86863CD4eB93e558d69e4c65d16512fbe3d8BC8,node09,ac71299433a353d6c59d426f56b61fa1eb2b304c0ab9ecf5b8ccd438826907cd,29,1791412564.5948682,1791412591.1993632,26.60449504852295,684,153626,confirmed,
85,0xfa662E10e06ba63C817ADD97216B4E6E1B1Aa69b,node10,c7c9e8aecbb155a46fb3d84f997c294f1b908aa0607ec6a008aab820c598f182,29,1791412564.5964925,1791412593.1766472,28.58015465736389,685,153650,confirmed,
86,0x95Ff3D25cEb433f2E7CE0529a70fE851c39f9eb6,node11,1ced66e7d4b19349868d708c7a7f63a55661dd52122be7496ca3f4573713c710,29,1791412564.6008644,1791412595.6303082,31.029443740844727,686,153638,confirmed,
87,0x24103c188993C2469617922F5039c8EE33d010Fb,node12,c2dbcf4ee268178c5be744c41ad2a12706c5690e1e048f648f67b4c4ec67e72f,29,1791412564.606788,1791412574.6734054,10.066617488861084,672,153650,confirmed,
88,0xeF8BC43B45649CeAbAbA4B85FF77D65Df0c6C115,node13,5faeed9a1a43d0579e74c2d0a17d82078ed238790b6a70521dd2889af2b397ee,29,1791412564.608438,1791412574.4856682,9.877230167388916,673,153638,confirmed,
89,0x560062eCa622b0843BcffbEa20a02C217866eBf9,node14,cee0d4b6f2fd31bc3a341506c934ec00235434a7065ab7f482b8e10d41285fad,29,1791412564.6097534,1791412574.4481664,9.838413000106812,674,153630,confirmed,
90,0x33A3608fa49Ac6E182E8216e4676A9486953c1c4,node00,8a40c4c71a64fb507284ea9726f4a50f2ff3c89fce27a5c551c2fa9b0251164a,29,1791412564.6135397,1791412574.4186852,9.805145502090454,675,153618,confirmed,
91,0x755dd88Fb60C915910BD97A6C71cD3749Fb90Cf9,node01,72c84297284ad84370b5fde59bf3c3e2dfe9d99edc068891f445189e8fb09eae,29,1791412564.6169183,1791412579.5459988,14.929080486297607,676,153650,confirmed,
92,0x3e78c2Bf2952e993f95583F26FFCd1a37093635D,node02,80bff5120c1f4509ece9d5254bbd86ed584b3c6d8e53a274db9f70ec510322a5,29,1791412564.6214364,1791412579.3150332,14.693596839904785,677,153650,confirmed,
93,0xEd8EbdaF75000122F28Ce552b5A51010724C0643,node03,6687f3bfd76b1c2228f5c67c494fe11a32532809da3090e58f27583dd769a3b6,29,1791412564.62762,1791412579.4314356,14.803815603256226,678,153638,confirmed,
94,0x48b44CEede9d6e9bFB050c1A32325a5909EBb1A5,node04,2d08f8a87ec6bacf2e2003276f75536517f06d411ec1f8629dd414aea6e7b7ef,29,1791412564.6320987,1791412583.5396059,18.907507181167603,679,153650,confirmed,
95,0xfEa432E0A9BA9eF687784552c7aFF156A2e40736,node05,a8348ef030ae4b66697d0128727c85763d30825ca73e86b2870a0e32ff55dd51,29,1791412564.6351757,1791412583.7020297,19.066854000091553,680,153630,confirmed,
96,0x90Dd0D55f8aB785bfbAB34d81D150aB53C711a61,node06,f79be30c1a299635340a38d487e58d2496b5f279b8540ef52a7890782f74e6f1,29,1791412564.638769,1791412587.2140226,22.57525372505188,681,153650,confirmed,
97,0x4345d2252e759Dd093B1B9815d058546a0c33351,node07,5b53fe271d213aaa6886648842ce92dfa3d3da1bae6df5e69f95f9c469481404,29,1791412564.6438553,1791412587.2782714,22.634416103363037,682,153650,confirmed,
98,0xE2AA3CE74755ee06B5Eb59d6DF4524E877e07d60,node08,216958d8b818e018e6aa44a1aed2a2bbfa22b8c2cae8bff2ca9e9460af8d27ba,29,1791412564.6463387,1791412589.5669215,24.92058277130127,683,153630,confirmed,
99,0x20d0ce50143D7E99ce894e5fde0A066DFbFE401E,node09,db12dd521806518e0e0be0489c7cf79b048ecc99e6cfe01153968ccf87da31ee,29,1791412564.6481578,1791412591.4346027,26.786444902420044,684,153618,confirmed,
100,0xaD6E42E516B80c46a18bB0F348356894dc02613b,node10,52a3caf3e9a0a51916b3446bad3db869cbc77937372d240f5740ac184caad06f,29,1791412564.6586785,1791412593.1018763,28.44319772720337,685,153650,confirmed,
101,0x958f4C2e2F43b1641fC917582c0a17D4F6E489Ee,node11,edb476ecd11e91ee69b3c98caa4e869c88110095092547178de9ad41dab58ef5,29,1791412564.6646836,1791412595.8322816,31.167598009109497,686,153630,confirmed,
102,0x73E03A5eFc4B9687b822F7eC58C06770A5E5154E,node12,a4ada9dcda84389b92b33640509a32c338ffeeb5de0557254cc8dfe24a7308ce,29,1791412564.669341,1791412574.8922584,10.222917318344116,672,153630,confirmed,
103,0x8983c0fFD85C78F8853c5290E4f39453Bfb15099,node13,ea9f0288df165a7e6c0f7bc2389870407816c3cc37b294bbb46100c5071b5c49,29,1791412564.6724827,1791412574.7084804,10.03599762916565,673,153650,confirmed,
104,0xC8AaC443418979E994Ae1EAb380f3aD846EfeAFA,node14,57a5fcbf4dbd65096ac7b4674fbde106630418a94433f88947bd1b9763a4b8d4,29,1791412564.6766007,1791412574.7025967,10.025995969772339,674,153650,confirmed,
105,0x5cDBD0f6dCE0CBc3C356Fd7bc27fE08E29AC3A44,node00,75d26239b12fbf05a81e52b4eda961bf96d365cb38338b0e4fb9f83caf4e0eff,29,1791412564.67849,1791412574.7099497,10.03145980834961,675,153618,confirmed,
106,0x3F878d9B234d2C59842A7eCd654f3852E4E71eD1,node01,66f5f6e821fcfbf1617571089eae749ff7031f3187bd95ea903d80c1d1ac0279,29,1791412564.6869605,1791412574.8783078,10.191347360610962,676,153630,confirmed,
107,0x4A0Eedf49F1EE15dF5F6c448A26De51c8Ed7Bcf3,node02,8630edc9b4fa08c4518383db2f248f49d7f3a1c3b96bd66b938a986798dec535,29,1791412564.6922545,1791412579.4828699,14.790615320205688,677,153630,confirmed,
108,0x00Fa81f1Aae9D907Ccbbd7BE6cC8B22745730448,node03,f72a4a9b78c7539e0faf5a373a1e92611c9542d47099dfe7a256f5c3cff3b51b,29,1791412564.6945767,1791412579.5957975,14.901220798492432,678,153630,confirmed,
109,0xA369EA646c0Af18d93C0cD6348F70Bd1955e9686,node04,c135aa4ba1f097a0b6d4fe9ecbfbbf8353e38168b2ab0df9566c00ec81de700e,29,1791412564.6971529,1791412583.7247298,19.02757692337036,679,153630,confirmed,
110,0xF3eC14524cc3D8AD0a0Bed10E4c1a2419Ae6AC7C,node05,ddf219cff357e67377df06c227ab6187f345031a6f9bb6bd2efa1271c105b655,29,1791412564.7029154,1791412583.6589956,18.956080198287964,680,153606,confirmed,
111,0x335b105b74E884Cb3c954Be53068dBFbb15e9362,node06,1c271802f233876ce9735f6c339f096feeb8e1b1c5988d15615278d0e3d508a7,29,1791412564.705037,1791412587.276671,22.57163381576538,681,153630,confirmed,
112,0x90eDd182E9d677e1fb5530B08b24E20AADED2f6d,node07,f1e356eb86bf18e34d28125f64d7c2b1a91dc38c686753f1832482e6ce8fb632,29,1791412564.7092488,1791412587.2468088,22.537559986114502,682,153630,confirmed,
113,0x97aC1F6191733596c291f3312ca25C63Af003f82,node08,4873b2673721b82af1f1cb12ac79a9e7c9e2905016fa06fd54b2d4a2db903448,29,1791412564.7179902,1791412589.664223,24.946232795715332,683,153618,confirmed,
114,0x51D87098f3fC7c24d85f487D93D41c7A297586F1,node09,cdd0baf4be265749979b759b6626821d54df8f20f5ce394264253adb4b29568a,29,1791412564.7214353,1791412591.3586864,26.637251138687134,684,153630,confirmed,
115,0x0195DcAdC43d1A74172bE22da25e9d0976278CA2,node10,a6addf9b8c10a4cfeed551a3170807d9626c758108d92e2d5b422deedfb5e0fb,29,1791412564.7306921,1791412593.2490406,28.518348455429077,685,153650,confirmed,
116,0xf240a7658D86e892B9c66E94C142F910fD467895,node11,77ae184d57e54246a47b6c518aa50cec8100febc651856faaecb5f145f2f1e0f,29,1791412564.7336583,1791412595.7124746,30.978816270828247,686,153650,confirmed,
117,0xEe1C83Be6cC48183be9421469B868E8A554f619A,node12,44f76390ed6b602b21b2302ce6b98edd3b8d2eb7508ae296f7da02057c3589dd,29,1791412564.7376773,1791412574.5811465,9.843469142913818,672,153618,confirmed,
118,0x05cCE621c66fB9b46007b4CAA08514ACF18780a0,node13,3fe564f58b36c30067f82f277c7ec45fd62105d212de0142e71bf2bb5d05347e,29,1791412564.740837,1791412574.917549,10.176711797714233,673,153650,confirmed,
119,0x0c3Bd23640603D1cC271EA6a500D521bC701ea07,node14,bd1542b3505190f065f357bc1d95f7e1c9ab59090a81bc3175e93c7bd02386d8,29,1791412564.743933,1791412574.6708713,9.92693829536438,674,153630,confirmed,
120,0x4Ba23d9f70ad1089837aD91f3Db7B6734b5c7792,node00,bd4bd85b572d28bba1723d8d01b0c226ebe76a66bc3bbbf6fc6739a750a1376f,29,1791412564.7466586,1791412574.7278154,9.981156826019287,675,153650,confirmed,
121,0xD401e39c2272dAB14b7f5e63D5D32f43EB204EB8,node01,a473317d17a030fec2ca38a8a687d2e7f1c2daee5303a564ce72156bc20806ef,29,1791412564.7484372,1791412579.9947822,15.246345043182373,676,153650,confirmed,
122,0xb0F0CF92832BFF817bE9FA51528D32F1F9Ff28B7,node02,d29d8a6cf7322468c793c3c987c19d8a0dcbf12535ed06a05cba41b13a48653d,29,1791412564.751982,1791412579.557372,14.805390119552612,677,153638,confirmed,
123,0xc56788397d2b50Ef2f38816BdE727f23e6be73B2,node03,7b4a02ce2ed7611e45914f1c780734f10a18e37cf4cf670459a6ef52281c9da3,29,1791412564.7649214,1791412579.5488763,14.783954858779907,678,153614,confirmed,
124,0x4cF01B275170AE017218883f0fD4cBa59207019f,node04,9a18c0cb6c889b05332256e1e61f005fa87a4a05a4f60a42e878743f9fa4990b,29,1791412564.7676332,1791412583.741129,18.973495721817017,679,153630,confirmed,
125,0x8D18b46df7Ae4E8D9bd37bD1B0b8deAF5AcA69F8,node05,905bdb13fb94b4cf22d23a4a80d2f4b70a1cb7d0493cfbae4d1bf494404f8309,29,1791412564.7695014,1791412583.721037,18.95153546333313,680,153650,confirmed,
126,0xF5E6664109ed5665E2259Cf45daE3e33d0f9a747,node06,737f6305708958547615682537f88dedd0779ee91475b50c40c06d02a94a1109,29,1791412564.7721376,1791412587.4364884,22.664350748062134,681,153630,confirmed,
127,0x5C26B5a13C1F22Ce3B98E6C43831338eF1B36194,node07,f775af4dd706dd949f82e5df6669786cba68f0b12ebdaec01556cc3b851a3a94,29,1791412564.7753522,1791412587.2843604,22.509008169174194,682,153650,confirmed,
128,0xF6CAc961dfBa1193c6A516BCE0a858AF67F9bBf1,node08,a3e65bc09ba723ee288a400eb7d39377f8b1714ebd7402682085ebd60db67486,29,1791412564.7782547,1791412589.752501,24.97424626350403,683,153650,confirmed,
129,0x5af365EBf00485DA44dd44185c9a1919828B8930,node09,a1736160e9edf2bddeefd2e989999a1a33ea3612eaf32c12ed620fcead15eec1,29,1791412564.7804503,1791412591.509652,26.729201555252075,684,153626,confirmed,
130,0x920Ce34682Fb890151c277a34D1D9Ed1351fb66e,node10,4967b115b1b71541d1c9b575df85ca06f93a91800393bc8eccf28b210e6ab991,29,1791412564.7839499,1791412593.2622583,28.47830843925476,685,153630,confirmed,
131,0xCA1257a121B7A461d46f25165D2886503bd83ca1,node11,d136af9f8155b76f48ad6a131402b79f03b74834383fcacd77878a2b8371c620,29,1791412564.7878547,1791412594.8785455,30.090690851211548,686,153626,confirmed,
132,0x9FFF00Fd4c8a4978988CDB754F5Adc9086AD09C9,node12,ae42b475196aec9c3605c63cd3d380da622dca0723806a6cb5bacf2226e85daf,29,1791412564.7901843,1791412568.2043164,3.4141321182250977,672,153650,confirmed,
133,0xc9A19b6B560Ff319f34D997d4D36Ad47edFc2A24,node13,a5d21029e25dc8f0c42c471485e7af6138f678b309e7a387d828c1400d9dca73,29,1791412564.796868,1791412574.7894518,9.992583751678467,673,153638,confirmed,
134,0x3a0d283Dd943960e7a58bBfa454bD6264E640B6f,node14,d251855d74d9f59b38271e9be94501182157922996c5043af31f92dca7da9e1d,29,1791412564.7989237,1791412574.806075,10.007151365280151,674,153630,confirmed,
135,0x91587CC92e45D87ACa087d43D66b0706bdEF98A8,node00,e3ad36c532b9cbde47416ba5675c0f6ca00284b2da0c3afabc5830321128a67b,29,1791412564.8006203,1791412574.6342537,9.833633422851562,675,153630,confirmed,
136,0xd80474FD1469a1119001152977324318e86B1664,node01,896cebac19c8fb4fb592d89cfc773ce456e42e2897e1c1225bca8ccc143d885b,29,1791412564.8092203,1791412579.6094236,14.800203323364258,676,153630,confirmed,
137,0x8620Ea13839CB72ef547F6373f7688E413025be3,node02,22c0c501f93dbc6241a9b2a2d585837934327788e320d3929b81c6b19a006b7d,29,1791412564.8112426,1791412580.048106,15.236863374710083,677,153630,confirmed,
138,0x2bDDE4D925fA19F5681EE7342E2Ecb5DDe8d0cAB,node03,be8c830d8937b05adbc2f46684b375524a45412f7de92471116da778f351528b,29,1791412564.8133392,1791412579.509147,14.695807695388794,678,153638,confirmed,
139,0x0B7fBBb5Eb25DbcD8ce2131769B30aB374819F48,node04,7efc42a5c3b76e777be3a2743410b87094ebda4bd961c5180b4b0be0355a73ca,29,1791412564.8182735,1791412583.859724,19.04145050048828,679,153626,confirmed,
140,0x426529E6BeF7dF89A30a1b1bBed125c880cbB591,node05,641198ba554c506a44b64746e6a9e3746b57ebb629b8ec56b83f4847a164f2de,29,1791412564.8221002,1791412583.7874913,18.965391159057617,680,153650,confirmed,
141,0x6B0424EA511312E01cB7eED3332BD21eB444048C,node06,cd485f95f1006cb35a42e87373f81bcd16fca3d9215fc0ce3312c909b677060a,29,1791412564.8243856,1791412587.339916,22.515530347824097,681,153630,confirmed,
142,0x06D080782EE03DBD8e8f7B8BcF8A2EBb6821bdBD,node07,25839dd3241ffe33214f6b24c0061aae20ea5a7437922ecd71b17dea0626dcd9,29,1791412564.8256354,1791412587.3495817,22.523946285247803,682,153638,confirmed,
143,0xFA2548C0698d6a5144a192EDD35E9e933c8963d5,node08,f551e8712e1a9ae1191b7b4a52e35729835ad65062ba97df1faf5d8cfa89f4ff,29,1791412564.8281732,1791412589.7242684,24.896095275878906,683,153638,confirmed,
144,0x61F372df61B05565013e6c30Ba27e10340345F5a,node09,f0d904f4f6cb2e358103381c8c4b9f82aecc0b0d3336dfff34f527ae9f1d3a0f,29,1791412564.8302197,1791412591.5820508,26.7518310546875,684,153638,confirmed,
145,0x2b18475960A87CCC96Dd11389Cf3d3f450db2c2c,node10,41662088d464067ffa12ec226bbea94d632186302dda8fc99705f92d4c0081a9,29,1791412564.8370814,1791412593.4837313,28.646649837493896,685,153630,confirmed,
146,0x90d447658f2Ef8901893DdB7fcEEF536A79F40C4,node11,86057f77408026e3126277fe8fe64bfe054599f4a31996d9f401652f8a285a06,29,1791412564.8399146,1791412595.769985,30.930070400238037,686,153638,confirmed,
147,0x4Fca9456B9CCE8b7c433BCd787105dEDD7d2D6Fb,node12,69b616b6e143e91d4bf2125b3979f3ebd6fc08e70dd662546a2699a10ae888b2,29,1791412564.8414397,1791412568.3785965,3.537156820297241,672,153630,confirmed,
148,0x2140135283e3A9eE7795ae3502326e49cd417529,node13,84d78d5120efce2b76d804c3238d6a500298a41b29fc301f19ffafcdd61fccce,29,1791412564.8432755,1791412574.7863677,9.943092107772827,673,153638,confirmed,
149,0xf6078850F8Dd121c3A3B6cf213ef1E194963a2Df,node14,2b3de2f64755b3c35a5d62e013bfab21bcea8f107184072aa8db55a605d0d3ca,29,1791412564.8461273,1791412574.778245,9.932117700576782,674,153638,confirmed,
150,0xA84C80E02d1c1b8927c7874f332AF70f427915Ed,node00,345bf23817a7fd0c026827f7667677224d3eecc56e5b266271e37860364cd573,29,1791412564.847694,1791412574.8888288,10.04113483428955,675,153630,confirmed,
151,0x2C1534a537Ce36ca76f5db53046035c3Ba58599B,node01,0a8d382f9f142d5fff83c6d47ca1dfb43f446b10ac029b0b441d880105e10412,29,1791412564.8495858,1791412579.9126143,15.063028573989868,676,153650,confirmed,
152,0x2af3CbD953613197d645C008016011925121c272,node02,de2e36ce4d9777c052a369e77465fa1d2368ea53644e80f038b68f61aca3f630,29,1791412564.8577847,1791412579.7486534,14.890868663787842,677,153618,confirmed,
153,0x73b0CA3edA6f22aDcC952cf27675429A02288ff5,node03,62d6c209226ef1b3b00729143dc10692eb7ec4c881b8fa3f90de089087ec5075,29,1791412564.861895,1791412579.572862,14.71096682548523,678,153606,confirmed,
154,0x9fDBA9b74BedEbCAA36DBF795bE802c0d975A46b,node04,22662a1f81ca2239ff32a803e4de62589bcf6665aca90b06b292fa956a27b62c,29,1791412564.8645396,1791412583.8258355,18.96129584312439,679,153630,confirmed,
155,0x8cE2DAc64A635dA4b6ce52E494800C8568429e66,node05,afefa27251c6d7d562a92e951bd22e720d4cffe853c02dba16141167f24d259f,29,1791412564.8674405,1791412583.953313,19.085872650146484,680,153630,confirmed,
156,0xC17A8fFAeA320870537f080F4DA8d4b69E61eb28,node06,9f85f8d5a599f5b41601f18988467556c466ce86edcfa48a95d70b2368de28c6,29,1791412564.8746545,1791412587.3291662,22.454511642456055,681,153630,confirmed,
157,0x6Db0c43B0D1A16371AC331DB8A378e3839fFaC23,node07,015358fdb0d9bdf334f89278a9f4d9dd961b21ba38786aae60c6ee46581e43f0,29,1791412564.8788025,1791412587.457286,22.57848334312439,682,153630,confirmed,
158,0x4fe5e0836DC17AC263B232d46E4eDb7361b8d600,node08,d59c8455fb5fde248a28909c71fb827121cb780dd11d4e5e18f56b1b03251a7d,29,1791412564.8834946,1791412589.6614015,24.777906894683838,683,153630,confirmed,
159,0x7645607c641665829f4405fa4399b4F52BccE936,node09,186663428d2a017c7e354c5283bf06d0f44b9dd3b933c0d5a6db17e0ad2fb2fc,29,1791412564.886084,1791412591.4647014,26.578617334365845,684,153618,confirmed,
160,0x985a21425d6463d5c4d1087e92F269e5fBdC13D6,node10,d7da30f35262e1d8c6f839663ddf867435e5538355b13bf7fafb3b885a89b5f5,29,1791412564.8897312,1791412593.2871346,28.397403478622437,685,153638,confirmed,
161,0xC28630dC8A31ACd41A926b50D658a738138B9B39,node11,b3e2a5e961f793ab4c89804336c1e13a27e67854efee7464f2a60d1332344461,29,1791412564.8925848,1791412595.6496706,30.7570858001709,686,153630,confirmed,
162,0xbA261fF2a9164ed70C167C173a21C0275C8926AA,node12,92fb996a996e6971afbb2971a615873012472a45b2caecb679ba309eec3adcb2,29,1791412564.895823,1791412568.2564409,3.3606178760528564,672,153630,confirmed,
163,0x2922Dbab181B8a8566b175f5DbABF111f2d4C5c5,node13,b8c5781d130cd9dba228e5fcb59ba4e2da37aa4f61dcc5845de24b0fe1d2ac4d,29,1791412564.9068935,1791412575.2232318,10.316338300704956,673,153650,confirmed,
164,0xB2F145D0C474d63Fe0b0019909a7BdeB5Ac6f925,node14,c2382f297c6f52944cf89d9cae9b9e70a5852c6b9aa1bd74015ef75a764aaa79,29,1791412564.90887,1791412574.759157,9.850286960601807,674,153606,confirmed,
165,0x8Ad5e419FE190F7B49F837f2DB17b556fd41A699,node00,ec80b68ab3c1e785320bf22f1fef3bfb3412d4ca1d6cb42d475ac15f288007cf,29,1791412564.9096446,1791412574.792184,9.882539510726929,675,153650,confirmed,
166,0x73a42B925e0649700f9840a05A24Df0109D4e080,node01,6cd90f49073ce6d15411a037b955485fc3e956d13822ad717617eeea84143633,29,1791412564.912455,1791412579.9662418,15.053786754608154,676,153638,confirmed,
167,0x881Cbf3ED2001c5337220459547b6b8565a234B6,node02,1ca75cf84ed59330113f6896f931f889b3d5fc4e2967becad3abeb8f57e37536,29,1791412564.9143288,1791412579.7622154,14.847886562347412,677,153630,confirmed,
168,0x73bD1C6800C448B4c893671859E7eC12B4279668,node03,1f8e88135944abe474aa8bfc58b4abe76cfcc640ddda1357dd49d894f97b4e72,29,1791412564.9193234,1791412579.8117378,14.892414331436157,678,153650,confirmed,
169,0x792F7B18C1F29d048a20b4B9f941e6183379AB0A,node04,fc77b4496265472965a5c23d8fa81089c5209633e6e9497ad546a9af3ed9f8c4,29,1791412564.9216874,1791412583.8929102,18.97122287750244,679,153650,confirmed,
170,0x225be6a9ea72B69aEcb1b9232742fF4Bd0204BD3,node05,966ccd58d2ed5e386a4674e3ff8e2236179830a35ab27c34b53ef63ffc1c3537,29,1791412564.9240513,1791412583.9715178,19.04746651649475,680,153650,confirmed,
171,0xF6A8cBB0F3133eeA2AD0a12F04FEDEe44952884C,node06,0fc09ee69a35994fcd0d0e7c990be31c1c8a453182088b5b129c09efe3644865,29,1791412564.927273,1791412587.4441237,22.51685070991516,681,153650,confirmed,
172,0x4510ab809B6952535979AB73238CADec1360c121,node07,0bc5d8ddb09fc1735d26577d229f59eac46307b970ab07381bb6af90ae2352b8,29,1791412564.929068,1791412587.3731794,22.444111347198486,682,153650,confirmed,
173,0x6c99D23132345b6cD71BF26A291e8bB34A453A65,node08,5c9af0f248d6fdbd869e2b680eac3d12d535d63c034651fc7eff8033747b7c8d,29,1791412564.930755,1791412589.7056012,24.77484631538391,683,153630,confirmed,
174,0x001A2114DAEF8C6D5aa29797128DfC426d40A068,node09,2cd0c9ee60a6f3808137f4e8597d92168889fd1cf192515850db3d564c55fed6,29,1791412564.9359214,1791412591.672808,26.736886501312256,684,153650,confirmed,
175,0x3AE2fc592A2726D02231eB90CEC9870Dd65c9993,node10,440646378eac04ad4268809bfabd3a1883ce9d8dae76b3176fa205cd5171dfd4,29,1791412564.9402955,1791412593.1382391,28.197943687438965,685,153630,confirmed,
176,0xD1dE8bCb5773a4eA6F780dCA6A7490755DBfA53c,node11,564033c75ed19a6b6b200968f391e35835755cebc992b9a0c0564e227551a9df,29,1791412564.94116,1791412595.6648881,30.72372817993164,686,153626,confirmed,
177,0x89EBfAe3aE902472754B31F14D70B01E47CD44B5,node12,78165969533b31153b738fa488cb82406271ff2127820cb72377cce18ee67279,29,1791412564.9442797,1791412568.3137522,3.3694725036621094,672,153638,confirmed,
178,0x9c5949888669473D7FCFE47bDcD9a2424443606D,node13,5d547b32f569cde4b4db0be2f583a1be786c9e4be3b244d9ca8b8b9cdde50ac4,29,1791412564.9471457,1791412574.9573078,10.010162115097046,673,153630,confirmed,
179,0xFd69E94B40f4C6EE00b973Ae2bf0775A489e609A,node14,994efbc1774c1eb35fe6a9e4b9c57696a532632f3cd7da0a16d3b4634ad7485f,29,1791412564.9492557,1791412574.8502076,9.900951862335205,674,153650,confirmed,
180,0x6EE4D81BEA185e445C810aC502Cc95265acA856e,node00,c51e0ca4b09ca3a94896b4fb9325123317aad4b211121233b4f9a9798364f3ed,29,1791412564.9521976,1791412574.9595795,10.007381916046143,675,153630,confirmed,
181,0x3a86F36563386a39De994A86e9C89ADA7C91122f,node01,e5033bdbaa61a190f0a29399837be5eeaab2562180e7f25b9116eb067afcb7b9,29,1791412564.9558275,1791412574.9548848,9.999057292938232,676,153618,confirmed,
182,0xb6fa823C43264E69787B3AdAEe2Bf4EF3923e78a,node02,66626c389c7a2eb82755720e78d41f5900eb7d5f0da8c5d7b2f24f6d1481181b,29,1791412564.9608936,1791412579.9299395,14.969045877456665,677,153630,confirmed,
183,0x19AFcC9373A4502E3dA8D86aa25478752573A63a,node03,b0fb0ca58fe7f67c1f8350d1c656cbbfea696b0b67e5006cd0ef8b2c6e86b88d,29,1791412564.9654274,1791412579.8462749,14.880847454071045,678,153638,confirmed,
184,0x441022D23BaB7b52BDc21FCa6CE2A4e4b3B482A3,node04,415422c2b6cfd4734e1d3a1a38ee1643f34a3a4781b92dbc0ae127f56edf3ede,29,1791412564.968549,1791412583.94384,18.97529101371765,679,153638,confirmed,
185,0x02c619f91B7037756EfB775B1f2c8B24161B81d5,node05,7b634410fe59c5d904d550ad11ada14f466a855c99ab1f735a9a79060ff04e82,29,1791412564.9709713,1791412583.976209,19.005237579345703,680,153618,confirmed,
186,0x667d586e2259a8cD414c70ebA49bDaA5ECDC8350,node06,6bd3a37ab8645883b7dd60650ccdde29bd495f414618cf4f145e58e10b01e30f,29,1791412564.9745548,1791412588.1774561,23.202901363372803,681,153638,confirmed,
187,0xE18cF2C32581b53a2Acef04A744129e3A7E8373f,node07,b07b35f2c88658ae8a3dbf4fe8d496de9f0da5745e8ab3056b7b6cda569f580e,29,1791412564.9963603,1791412587.769153,22.77279281616211,682,153650,confirmed,
188,0xbc444156D5F343B96903FCA1cDD3873578C43Ed9,node08,ef0ff1ea3d135e46e6f79004747b511754cd79edbf006626c8d0dae6a02e1f0d,29,1791412564.9989977,1791412589.711076,24.712078332901,683,153638,confirmed,
189,0xbD03AF61a218D613EeB7C85167d5Be1770E97737,node09,bae8c6f90158bd131bb172bf55bbe9fc4e1e7cf3406cb36d2379679359092982,29,1791412565.0001278,1791412591.349897,26.349769115447998,684,153630,confirmed,
190,0x2B958Bf63feDC22e501189695a365A86Ece686fa,node10,265b96b9ed432a8ba130319988a1ed4c55cf444dfe1aee63131722d0c09ba449,29,1791412565.0022109,1791412593.180314,28.17810320854187,685,153650,confirmed,
191,0xE76012d167989f9f40982Bf8b83A5E8c52a6a777,node11,8372d71b98a1ba360370c2c686e0df77de5872d94e3b39f2e98769b529e00396,29,1791412565.0043364,1791412594.88482,29.880483627319336,686,153630,confirmed,
192,0xBF8014a79d360c27247d3937450911365bbE0a72,node12,b8305d45f7dfc910f2abc78156baeeb66c2d640a2f000379dd5d025e4318d1ee,24,1791412565.0054474,1791412568.515937,3.5104897022247314,672,153638,confirmed,
193,0x0cf9425D3f4EB485034188793614a5B4E55376E2,node13,befbbb04ea271863545dd34bc704692a8abd84b55f9d6b388fd826797bc5174c,24,1791412565.007453,1791412575.8163865,10.80893349647522,673,153630,confirmed,
194,0x546e525802b910003EEe5dB23dDDd0e211B59351,node14,80a9fe1bcf43a7da1aa75f8ee123ec402fad4b870ad42ad7a9d5d99e2e146c67,24,1791412565.0110471,1791412575.3294952,10.318448066711426,674,153630,confirmed,
195,0xBb96E591CaeCCd14c385E64fd1F6372E38569939,node00,3a7f4c2d26a4f36ecdc1991f9899e776b242749259d63eee9614d8a4f544a15f,24,1791412565.0181022,1791412574.9196794,9.901577234268188,675,153630,confirmed,
196,0x7Af32AA5277c212473B0198c4b640dE6A9976C4e,node01,93103ad1581b0f8b2337bf7f2b5b458583ff00baf2bfaa170c192871f24eca2f,24,1791412565.020622,1791412575.0038657,9.983243703842163,676,153630,confirmed,
197,0x3140F628c636867848106F16774a971F38ccD58d,node02,428c96e317f706041687dea45e8da1172594c4e299190a56b5d5dd159fabefae,24,1791412565.021528,1791412579.8813083,14.859780311584473,677,153618,confirmed,
198,0x6E932a88345cfc9fDBBcb7eE636277f78c1dC2D9,node03,6c8eb74bd3965eabb9ba277abf54b79435eb761c3c23a0a948dba191ec1d81f8,24,1791412565.026443,1791412580.4504933,15.424050331115723,678,153606,confirmed,
199,0x8A61AB6fd5710A06d15f2E814855d847aAf36aE7,node04,200bb0ee254266df5ffbbdb3b021e9385c93f9772e013557ac83d6f0729198a2,24,1791412565.029647,1791412584.0710819,19.04143476486206,679,153626,confirmed,
200,0x50435E1576521bb498656Ae168A30A67A7d9e0F5,node05,d0e69c88c58b41796ca824b81694be7f64dea227c43eee49fcb66661839e1eba,24,1791412565.033756,1791412584.0694358,19.035679817199707,680,153650,confirmed,
201,0x497b67DC6aFedc65592089d4A97334ded892bF40,node06,5dc64ee377b696a98f05cb7d539559aab8f19b640bce39b8989a3189a1d08833,24,1791412565.0353627,1791412587.401344,22.365981340408325,681,153626,confirmed,
202,0x4e11dfcB98DA1bC3aF8474AE8A20639EBFBa4883,node07,b065884bf45c91a175c67d9047bdde6a04585e87170e8545ca4a5ad01114d9a3,24,1791412565.0373156,1791412587.3874848,22.35016918182373,682,153630,confirmed,
203,0x1A53e480F8C2EC07b201A9BC62D6e5bc2c14CF90,node08,0fcc9d9b67082bcc76af044494145b373fe849261d1fb1dd80227450dd012428,24,1791412565.038687,1791412589.9437425,24.9050555229187,683,153618,confirmed,
204,0x1E332ce3c0D1cb5427d024D06f72aED8b5D30c42,node09,eb89ab746afb1e90d61bb095f6ed91ecfdb3e181ab5250cd06f809de4bcfbecb,24,1791412565.0406632,1791412592.0261319,26.98546862602234,684,153618,confirmed,
205,0x6958D822fD2A334aA170DEFBF50101bCb18de8cA,node10,434f406e4d1df4ea8c5233566cae818a5e21ed9f780e0f7b98e48363c18e47d3,24,1791412565.0445962,1791412593.3548906,28.31029438972473,685,153650,confirmed,
206,0xd7530aEC1b8F38E0A7a0B7Bd70A3A8C2bfb4F716,node11,2d422e19697745dc71f1505788f67f06a1af9ac9a8208901d5799ec14e3a44f3,24,1791412565.0498238,1791412595.6666174,30.616793632507324,686,153650,confirmed,
207,0x099008c2e058f9DDbA22751B603794A3E48dfB07,node12,db041c4f4d9470a8eee0cad4c73cda93f79814289a6f570d7e16b4d05cee3e19,24,1791412565.0521972,1791412568.7549183,3.702721118927002,672,153650,confirmed,
208,0x45C050fE153b733ba5739Af1b5D2D381Ee386A27,node13,89e73510f86a08e325e9857a79261cf5680e3553f0a2b0ea75ba279f6301ef70,24,1791412565.0579572,1791412575.2429972,10.18503999710083,673,153618,confirmed,
209,0x9E31DA30f5417AAF13e83Ef2464b1927368c97A4,node14,9b00bfbe1d83a2b562818247095f85313cf45a0f33411e32578d1169ef5ac6cf,24,1791412565.0595798,1791412574.9738843,9.914304494857788,674,153650,confirmed,
210,0x3f35F1165AC77FC362D6Ab0ff7255Ab30Ab91c43,node00,04062678d598cdd22a20206666631aa7ea6fa9b4d078b80c10d3f6ed019587af,24,1791412565.0612106,1791412574.9860091,9.924798488616943,675,153630,confirmed,
211,0x02De9881ED72c5A1286Ffb9C49575E878DaD2A8a,node01,a852f82af177fdfdef5fa25cdef32339ce9f6afa3debdaaf831ad79de4f4edfd,24,1791412565.0952754,1791412574.9360678,9.840792417526245,676,153618,confirmed,
212,0x1629C7a4b07782Cf2c6424cDb2f664B12FbDbFab,node02,ffae943cd4bc09126363ab4d233fdf7b6a8a754553a75dce648f42c2c4ff4653,24,1791412565.0978873,1791412579.8835995,14.785712242126465,677,153638,confirmed,
213,0x01De0a59Bf7802261a1dA106e7e34436e4080120,node03,261d4af0a6830c85dcc577b9a51ac9be3d88d95426b2976166efdee79be724b3,24,1791412565.1004946,1791412580.182225,15.081730365753174,678,153650,confirmed,
214,0xF3962E2ea0e8A8F28A000e58Cf38bA4bcCD2Eda5,node04,1f8e64a75044c628916509028a7cef8335aacff1d26f3ed390fc77a24bebb270,24,1791412565.1011577,1791412584.1184433,19.017285585403442,679,153626,confirmed,
215,0x48d53D64b0a4DBa9C68A06361Bc26a055aa08ea8,node05,36e1787b1560ad3fb5fb1512f1138f5351aef41f893608047d09f347b6e97d3e,24,1791412565.10613,1791412584.1346667,19.028536796569824,680,153606,confirmed,
216,0x9dA42979D1c2C4036C57eE1288d6567E3EC47e39,node06,544ba4dc7f069af6165a0844a14e42c0dc5887f8975b8975a89b7d0c08cbad4e,24,1791412565.1165247,1791412587.764654,22.64812922477722,681,153606,confirmed,
217,0x626FFD74274F3D3a1CdCedc8f75c3af4E4674735,node07,397fb19eb87b69f582d1e6a35dd2e41171edb94a79ddd1037ed8687e59a23ae6,24,1791412565.1199641,1791412587.5110168,22.391052722930908,682,153650,confirmed,
218,0xd8e2bDC36cecf22B7b84Ee950994A2cfdB09CE01,node08,a240055b8eb91f272bca5b95b31b9ab88b027bcaf4265850d5629c76e1017a89,24,1791412565.121981,1791412589.9536629,24.831681966781616,683,153618,confirmed,
219,0xc157Bf9FDc4Ad1F4591B8DEa78bF8F50a5E7DF9B,node09,88422e7ea7b5cdfab1251c9bf684706d8649983856fd09b8f1e0b6821db644ae,24,1791412565.1260514,1791412591.4933717,26.36732029914856,684,153650,confirmed,
220,0x022e8E0791dcc0B108B26d5cF03166884BD6D787,node10,5093db846609961b4668018faffaec82531336149e56d1cd4fd13eb0b6d5277e,24,1791412565.1333961,1791412593.382147,28.248750925064087,685,153650,confirmed,
221,0xEF7fDe1cbf297983cC083dBee7438aE58B6a74fC,node11,d42483d01c05f28922beaa289470746b2184d7daf990444a2788dabe606c12ca,24,1791412565.1379917,1791412595.8803697,30.742377996444702,686,153618,confirmed,
222,0xF912fD094b41C14b1048B371A92c11537D2C5dC9,node12,6940b337ec8627a36c3447da9ab85dc5c0cf94f891a7446f14235be91bbf31d9,24,1791412565.1401494,1791412568.89399,3.753840684890747,672,153630,confirmed,
223,0xDDD73d58B0CB6a3b0F75c9984aE047A379dF6c7D,node13,47da15cd9a4025bbd1bb0121abf562c09cabb803aa264d6142ce62c441b21df6,24,1791412565.1438959,1791412575.212539,10.06864309310913,673,153606,confirmed,
224,0x995011DD0D984d93FA678FD4131c2CAe8a8603f4,node14,3960692d7582949ff2358f815911c8b4cf78b68e1b0559ecf203a56a49a0e14e,24,1791412565.145222,1791412575.029553,9.884330987930298,674,153618,confirmed,
225,0x783dD6FEB850dE2Bd41063883F1901bbEA6f3287,node00,f93ee0a172236f67ffd3b6300c38790449dfe31c7ed4f115b6d4a2f6739ceef1,24,1791412565.1471725,1791412575.0406864,9.893513917922974,675,153618,confirmed,
226,0xD837De436393E0bee3cDe84a2c8B88b3C1a153A3,node01,2e2e66d10f25f4b5d6e8b0e7193f0ede13c0ca23a7f0d3fc5ef92679ad030dc9,24,1791412565.152184,1791412575.1863139,10.034129858016968,676,153630,confirmed,
227,0x1FfE4D5b074E886Ae1F5b0c25A65c9B91994FbdD,node02,77f55114c004de9e965f29474501d05cf76a5fb555c16575f9e6fbcbba70e34b,24,1791412565.159604,1791412580.253204,15.093600034713745,677,153650,confirmed,
228,0x9B92840790C5698665489B3ec9894Bd82E125c7C,node03,a2df362ae25c37ee522d41bd51232216f793bbee22204b70dc9c98aa2b45ff18,24,1791412565.1616662,1791412580.05613,14.894463777542114,678,153630,confirmed,
229,0x6F7D85a07577356D17550C511761c1b36Ca1f85a,node04,0ca040e2e6104b8584cabd43d34a997adcb3844810eb9ff0f00ed79817358af4,24,1791412565.1655085,1791412584.223476,19.0579674243927,679,153626,confirmed,
230,0x6346CbeC295f11b3bd4c7711c5298112773BFb79,node05,80647ac1ea91e346ee996c25303e23b0f38af7c75309584b013db06fe8c4f19f,24,1791412565.167733,1791412584.1790671,19.01133418083191,680,153650,confirmed,
231,0x7f0fb9aE33BF4071Bdd6E12f37A427fE1552Ab3C,node06,e16192b190ad1f6acd4cf797ad814f5db160b9a577454f919ba520358ff46f7f,24,1791412565.1693811,1791412587.4630814,22.293700218200684,681,153618,confirmed,
232,0xe7B1038936a1087d7553164F0fFb52c18bd599F9,node07,679ff92c564d8b1baee2e0e57a61507c053179d4ced65e07d83b7a4a5ae54773,24,1791412565.1721077,1791412587.4773962,22.305288553237915,682,153650,confirmed,
233,0x4c02A7334bBa41782Ed0E1f707cc106a6c4B4e7f,node08,ff4cadcfdff3bec433289140c67dc4beccabd54c8bff3ae6d3180f6302335228,24,1791412565.1786747,1791412589.9371192,24.7584445476532,683,153650,confirmed,
234,0xa762bbA22fAe1C920E24feB6a9dfC346149D8743,node09,ec1770bcb45c6cf016060a46891a76cd15b7e91e3e560a14c242dd5fa2a6dbce,24,1791412565.1796336,1791412591.6778154,26.49818181991577,684,153650,confirmed,
235,0xA97B40A28A2F5b9499eE2099CC2a9De0820f476d,node10,640335e5f5323966c2e97c320bfb03688acc653f031f768e59ece3eb2da7d4fa,24,1791412565.1812243,1791412593.318877,28.13765263557434,685,153618,confirmed,
236,0x7046470EbeDd7ed66d4381C46D6D3D122D314a7F,node11,f9121b55bc316cfea41b0097ba0a688e5615843954ded969206b4d7137993b56,24,1791412565.1847055,1791412594.9408536,29.756148099899292,686,153618,confirmed,
237,0x03282133D9046305a01cB094e557010373607890,node12,4f04bc1f5e16a238e1bb16d8bdcc69a19eef5bffd9fb41dca7db72005ec52dfa,24,1791412565.1900463,1791412568.641428,3.4513816833496094,672,153638,confirmed,
238,0xe20d6CFaa65A757eeD2a328473536756c4DBcB61,node13,4d17881cca6288b4cb5d28c4a95e2be661fd5cebdc28875ba73fdd3236921169,24,1791412565.1927166,1791412575.0345318,9.84181523323059,673,153618,confirmed,
239,0xc247c4BF2A4951fcAedE3937a5eD85F344f2bA85,node14,2c9d37a09110137d9679fa5c7977146f03288760ea4be9de926a220eeebbea78,24,1791412565.194722,1791412575.1077197,9.912997722625732,674,153626,confirmed,
240,0x2fFcfdC31B1Aaa4552eE34A2066c0B4AE2b9ec82,node00,67cf8c4dc2598a7d3ac5dc9aa4c5be1fb0162d132da606a32632c089d24ed316,24,1791412565.1991794,1791412575.0880897,9.888910293579102,675,153630,confirmed,
241,0x1250bFa84a17B1a82F1aeA7EbE8cA5798dA3DD99,node01,b24c38d55d000eea5135c635e8158c0517a1e2fb2c9d6c03c369dd2874bc55b4,24,1791412565.2018106,1791412575.587746,10.385935306549072,676,153618,confirmed,
242,0x2917002cf89D4A648A64478fe9811FCa8d1802b2,node02,9e6d7d16c2acfe7b026cd30f4e2b69270449ca4b6ab998db96d1cf967b46cd52,24,1791412565.202812,1791412580.0415475,14.838735580444336,677,153618,confirmed,
243,0x553892ed8a25A8C19fCFD9862F51DE91686CE386,node03,8ebbaa58fcb1362042c7c3aa25c483a1717e676e1222cdec9113ef35d02f551a,24,1791412565.2046485,1791412580.2495816,15.044933080673218,678,153630,confirmed,
244,0xb6A41b4c57F68012926b6B2B1aD0138D6A7Be047,node04,93dc44c20f21cd8c2686906663fe56dbca04595393de43cfdc40164f69e18cc6,24,1791412565.2075756,1791412584.2441819,19.036606311798096,679,153630,confirmed,
245,0x8595FF96e404B9241c66Cc9Fe200135801feeea0,node05,e401fcb17bfd1fc9e56a689d2df4884835d0f5082ac20e52b5868673ad8a60bf,24,1791412565.213568,1791412584.304519,19.090950965881348,680,153630,confirmed,
246,0x7c5A90a363936dc3BF46e95fA6C6dC734C2fa112,node06,32c479a28c5342190ec0213ca415f92589b9294a346abd13aa73239a3a8c3b64,24,1791412565.2157016,1791412587.6086502,22.392948627471924,681,153630,confirmed,
247,0xb8042DF6D0760C6036f8A05F6a1D4DBe6733DE79,node07,190fffd3b5e4590ebe882c83127781570a48a20939e329900dd108db75bcfc44,24,1791412565.2183876,1791412587.6779003,22.45951271057129,682,153650,confirmed,
248,0xeABfD7927c992A239B2ec88d8Dcf6E63fFB115fa,node08,9544edc0a0caa0bc2c85005910c6e46e769b0a801240c1daf25deb9117df8889,24,1791412565.2204432,1791412589.9192574,24.698814153671265,683,153630,confirmed,
249,0x55254Ad79BF86C1cFfE759F335F19407225D96Af,node09,dcc5a045bf52f89d5ac943fe2391f6abe375c5887ee8c7827130cc6a22a1d4bb,24,1791412565.222059,1791412591.637953,26.415894031524658,684,153626,confirmed,
250,0xB45D7660Fed27CE9bE93Ad65c95A7e8798b85B33,node10,4aacd95791acb99d3a1907134e7b80cd7f2da38ab4bcfc9f976041f202b6dc9c,24,1791412565.2244148,1791412593.5131302,28.288715362548828,685,153650,confirmed,
251,0x2e83B4ea067f2d0D3756E8130EBaf279314E712c,node11,0b3db39af0fabc748ea9b825054aa98095da03ecfbb2a8c4fcf0cfe3b7585d5e,24,1791412565.227853,1791412595.678002,30.450149059295654,686,153638,confirmed,
252,0x3169B046846717668c19ee613BfB770d5C4C9283,node12,15d9e41d747422b4f0d4f0ce0ee4ed1cb956c7ed003bc816f39c008daf9ef3ca,24,1791412565.2297707,1791412568.9421875,3.712416887283325,672,153638,confirmed,
253,0xe8f658d810Ca05502c574EDb9A2F7dab9270C40b,node13,4c05efd7a3684b77569e257f99bd10107e72a722c1a03e3ee40bd893faaf3430,24,1791412565.2318234,1791412575.1531324,9.921308994293213,673,153630,confirmed,
254,0x7B035233D6F3244b51527Abedd3B57a0D744a73C,node14,3171d7719fcf7bd837845b67a634e5b07da092c68f98690659dfd7c270c79c58,24,1791412565.2349892,1791412575.1707463,9.935757160186768,674,153650,confirmed,
255,0x14Dfa2d9efdB365308be35987b56B6543a75798c,node00,254f357c8e3249ff5314ba760fef84bd8123621b5f4452d7dc77489c8003156a,24,1791412565.2366571,1791412575.23881,10.002152919769287,675,153630,confirmed,
256,0x0DE350A716A7EA48cAfc706Dc27aBF672725dfE9,node01,b83d0ab12f57802047b5ce88602fd4371c820dfd9a53e72601fde7e790d67f4a,24,1791412565.2401845,1791412575.4990318,10.2588472366333,676,153630,confirmed,
257,0x73184d93cC178574E6e343957AF5a862AB9193C5,node02,3d7f0f0eb62d85fbee89cc7c3c611c965ec0d50d792144f80c35d2e6430bb57d,24,1791412565.2419434,1791412580.2812119,15.039268493652344,677,153638,confirmed,
258,0xa5c5f9825C3B16FaF12317f04beE25e950D1828A,node03,49d54c5f664f07b97ef814ca699923ae329098785bc263d9e5cec905c573633d,24,1791412565.244221,1791412580.3816066,15.137385606765747,678,153630,confirmed,
259,0x4e2E2E78CE4E928D625A8de562c9E4c11df00f0B,node04,e8f1c12328859c53c1f1c3d079e991c636f3c58b1afa7bb9dfc400ddce86b490,24,1791412565.2470274,1791412584.3656247,19.118597269058228,679,153618,confirmed,
260,0x422aefaBCF756363e43ce5b8aAaa4711ec00D663,node05,12ef855e0fb60460ae7d38f611a79f609787f368a6109003d135432afe7501b4,24,1791412565.2480311,1791412584.2847052,19.03667402267456,680,153650,confirmed,
261,0x68ab59A33D89C4561d0AF17CAC03082B54f1a26d,node06,a08b2f88c01169522e6a4a70c41670a7fd474e833b7178b668720d41be9f568f,24,1791412565.250832,1791412587.7272365,22.476404428482056,681,153626,confirmed,
262,0x5377441578F5C0a58E2C8C2bE123129ECF351fc3,node07,410180965ae73594582cab8cc2d249339e4cfb90a4a273d3ab8a4a976ceb95eb,24,1791412565.2546854,1791412587.5448496,22.29016423225403,682,153630,confirmed,
263,0x57F91a12781858c4aB100a38525CB06f558A57EB,node08,0ed7918eccb38be4cc736024277748cad09bb0009e402eed796714ba91db8803,24,1791412565.2590995,1791412589.9277763,24.66867685317993,683,153606,confirmed,
264,0xdB33326C8D0157463c8470c98F835Df781152EC9,node09,5e97fe5811f77e0efbd5b511b504616c9e5925d2d4fb10fd113b1e0bfa5335ed,24,1791412565.2610738,1791412591.62992,26.36884617805481,684,153618,confirmed,
265,0x07467e028D56E180505B5d54128f21C1716b6506,node10,3125f507fcd5d2196e7cea7628926c26180fc1bc477aaa0621eed328205b3001,24,1791412565.263927,1791412593.5079305,28.244003534317017,685,153618,confirmed,
266,0xaBf1A51A26f715e06c867725DAE22325612D3cDB,node11,11c9f080124a3b37fcc2537dd894280549aef5ee219da2ace7233eb5b235aaf6,24,1791412565.2673655,1791412594.8943977,29.62703227996826,686,153650,confirmed,
267,0x726FFc6fc9a2f91c20eFD096CE5C27A23a94D927,node12,9fa35a0a96ecce1433b71c35ec5cc13a6a69b28abdf96eb8a63afe4a89eaead6,24,1791412565.2701528,1791412569.323845,4.053692102432251,672,153650,confirmed,
268,0x119132568Ba6F48c4F543851557924Fd64C4e22F,node13,c223a2bddda02a539517aae741de267fcc73ff530fe5ca3297044cd360b8c4e4,24,1791412565.2796936,1791412575.3642557,10.084562063217163,673,153638,confirmed,
269,0x55Fb510A22DEc0ED57f09398e27435B604b9B65d,node14,45689e4d7a4c4cff6f0f54ffd4062e4a44a559e2af195ffa0bfbec391cf7ceae,24,1791412565.2828379,1791412575.2141855,9.931347608566284,674,153650,confirmed,
270,0x2E13e6240b084d3367007Cbf970C232c33fcB457,node00,56a11b01a2bb1e041e3cd8611ee5bf7b7a17f761ceaa757f86022ef6768a3884,24,1791412565.2840538,1791412575.3333669,10.049313068389893,675,153626,confirmed,
271,0xC10ec7e0570fA94c35266aB07f458609Da59A601,node01,f1003b18ab6b199b1fe5540eac4ae1a091add1335dd3ba6b43e1e6da432cd6c2,24,1791412565.2868962,1791412576.0647979,10.777901649475098,676,153630,confirmed,
272,0xa5BdcbfeaA1172F55821F6ad865fa8f73757E82c,node02,41b2d9f9aa8f65e270c58d10f70e4194dbce8df889984553bb55920a9f6ce9fc,24,1791412565.2888775,1791412580.4457471,15.156869649887085,677,153630,confirmed,
273,0xcfC3017CA51A58e1965ac869C287856cF923c15E,node03,3d0276e88305d1afe1180bfd892d8fabfe59e626fee010924db850417b38be17,24,1791412565.2917721,1791412580.5254018,15.233629703521729,678,153630,confirmed,
274,0xb8EC6273A8F11189875911A523B6f4c4548e3ec5,node04,5f967ae9c80c0fd81e90193eb9950fb4d6b403983a1d46188f4f6f24c2883818,24,1791412565.293855,1791412584.3617303,19.067875385284424,679,153630,confirmed,
275,0x4F11957eC38473eD388622F9286dB6B70eBA0d34,node05,95758d20aaf7dc79a9403f3f39edc7565858ac832aadd3de134f0d4eaa762223,24,1791412565.2976353,1791412584.3559346,19.05829930305481,680,153618,confirmed,
276,0xbf67451115EcF2cC476a6346681A51a10445FB6e,node06,9c04b394e36f16501deb583f415f5b9fc4c2be78d849f9c5c895575b44e4295a,24,1791412565.300787,1791412587.8031292,22.502342224121094,681,153618,confirmed,
277,0x36c579d8715513DbcA646B2B1Bb0dBe23520EA10,node07,1d1006db410aea02d1be3c97d648f5a553016133e857cefa4b6417ce7b67ab2a,24,1791412565.3079345,1791412587.5590682,22.251133680343628,682,153650,confirmed,
278,0x08A03FAc1E3dfAA6f00ac063718d92b49819d05d,node08,651a460476b725d4ed81513f8d425548dadb948b3ac45c16f6aa5180b9fc1054,24,1791412565.3116105,1791412590.2729304,24.96131992340088,683,153630,confirmed,
279,0x8845f3c6533221f1273667a631d400D521B12C3E,node09,16490d49a01cfe700184ee85d2582bc0a59de85c1792b3d2ee63ce30563e4c57,24,1791412565.3157222,1791412591.5610073,26.245285034179688,684,153638,confirmed,
280,0xa5A6F7509FF971A89dD9DE6356e4b9c1f74A190B,node10,e01275826a3480b1737aa9341f54d41fc68ff921bc0fd21b58dbc9d37f6f49ce,24,1791412565.319922,1791412593.301718,27.98179602622986,685,153618,confirmed,
281,0xfDac2A9B84e929c24bb0d0A068dFa0d2Be3061a4,node11,fbd70150038cfdf4d80d046bc73808d239bd9b69b5b1cc6bc9470483458d31be,24,1791412565.3216488,1791412594.8564255,29.53477668762207,686,153638,confirmed,
282,0x4D39bE67383e22d183457df192B1c6f8FABb5E67,node12,429117177bc315875ce547660b673e5ee6d780988ffc760b2042b73d3c4b8eb0,24,1791412565.3242676,1791412568.9337778,3.6095101833343506,672,153638,confirmed,
283,0xD9388758ddb84A1B02100Af13336A3A18b425c31,node13,c2c40d5137902474cfa8fe7bc75693166c4b9701032d03b0b1194635fb9b0ca9,24,1791412565.3271852,1791412575.5378823,10.210697174072266,673,153638,confirmed,
284,0xFf00fEdD2836269d8fc5A12fb25e0acC904eE510,node14,ad844960f0714cd893231ef83f9a02d511b0175e985fbca082b5e57a48f6dc91,24,1791412565.3303254,1791412575.3247957,9.994470357894897,674,153618,confirmed,
285,0xddA2579e2ad75A8f24007d133402E2DFAf982ADa,node00,80d91b6545d50842f2cc4699e8d405af77eac691e3c78e2f6c661cef75b35659,24,1791412565.3324032,1791412575.5290859,10.196682691574097,675,153650,confirmed,
286,0xE4C573d1A711D3e352d9bF9e1B7B945cD9713aa5,node01,63838a59760fd91d52733825baed3539733acf2d4050877aa4eeb7ebc89896e6,24,1791412565.3342896,1791412575.385762,10.051472425460815,676,153650,confirmed,
287,0x610ba0630763E05a4EC6B37c3a35fa51502D9FE6,node02,9239c8918facc98794a5e78eb40a53d248111ff478d1014b2af09a46cf31b0d1,24,1791412565.3357003,1791412580.700931,15.365230798721313,677,153630,confirmed,
288,0x8d9bdd8CB1a4da97578B51eBb2E069c6333FFA0C,node03,986b004440811e33517ed4d9a0294fc32c3765001b02bae273fe2831d7d3d6c4,24,1791412565.3408642,1791412580.3297703,14.988906145095825,678,153650,confirmed,
289,0xfc34032D530bd395EF2F053f1a8304dE9C7e999D,node04,7ce83b61d7bc9440bf0152a5e39742b5e6665e7f2f23bf2874932cf5c1993ae9,24,1791412565.3445709,1791412584.441366,19.096795082092285,679,153650,confirmed,
290,0xD87ab98e39F68fbeB64726A7B5430753F4147D78,node05,6994d8964024ffd77cf7debc9eeeed05c6cdf45f24bc12be58dc67cb17bc0572,24,1791412565.3472638,1791412584.4880831,19.140819311141968,680,153650,confirmed,
291,0x6E5c3676dD432a1dE2b9e903598459014FD485cc,node06,9da03dc65ba32323f4c84bcbc565548bd8411fe1345b91a291b60638baed9997,24,1791412565.3493423,1791412587.6699646,22.320622205734253,681,153630,confirmed,
292,0xc11bBb4B3C7Cf5467e4b53465dCcD9b693941de7,node07,55021a821d60f3aa15d501bcc1c225b245b9fab2ee308fe5dd4f4fa5876f1203,24,1791412565.3513312,1791412587.6045702,22.253238916397095,682,153650,confirmed,
293,0x8b8A7eb9bc3c628B683d99bAFE2d93Fbb5aa4db3,node08,b56a47d146f5102c3ccb01c43aae5ccdb8683b39a7589be0c1127762e4760f82,24,1791412565.3531034,1791412589.9293149,24.57621145248413,683,153630,confirmed,
294,0xcd82b196292c220E54A6d847Ada1456C9E177ccf,node09,75a1ecd4b753dfb74fed6ef710c9c0755c7e00072209d2d076ee245601fde602,24,1791412565.3541176,1791412591.6219513,26.267833709716797,684,153638,confirmed,
295,0xBb7942d1e3d2F0707FE3884180A2F5fE93222A71,node10,1bd855e4fc0d9ee815836798d31e8459f1066cb3d2c101ed0fc00b4b9d18537c,24,1791412565.3569653,1791412593.3134649,27.956499576568604,685,153630,confirmed,
296,0xB225c088E30255acC7a8eF9Cde7eE7Fd234CD4e6,node11,f0c034203dfceca0c31f07cc88c602a92d8fb64184289ae6c0ce32492c4e131b,24,1791412565.3623657,1791412594.8640776,29.50171184539795,686,153650,confirmed,
297,0x04954436f3695EF0f210B356Eb21fEc8E7F12D4e,node12,ba0b5ca8be6a21a8809384f6712d3b037b7fea57dae00a501d81345f57c07636,24,1791412565.3668866,1791412569.172692,3.8058054447174072,672,153630,confirmed,
298,0xac2208365Fea6311B06F1Abd8DBa4e5AA31378b4,node13,c43ad5b7f211a498e3785e5f15a9f5a88caf54441eb89976961c89cfc87efdf8,24,1791412565.3695242,1791412575.4758787,10.106354475021362,673,153618,confirmed,
299,0x0A366AAFFd42F2144f8E021a3111dB8434280195,node14,f0dd0ddc0b1a316b6a659c589468a3491a0ca990bad7fb851d80ee6637e04a51,24,1791412565.3746455,1791412575.6991167,10.324471235275269,674,153630,confirmed,
300,0x362aB5C7beE7D4B317a3366eB9fCB98aA26df2eA,node00,183cced8182feb1f51cd6b0af6346f442b384de9133dfac5541e976d64fdb353,24,1791412565.3775182,1791412575.5094917,10.131973505020142,675,153650,confirmed,
301,0x1A9dbc3d2B07745AC8A265B04a9D8617E5b65D59,node01,eae7cdee902946de331ce210f76cc3892fb7839f69aaf1bda3bf59c69c27275c,24,1791412565.379989,1791412576.2886682,10.908679246902466,676,153650,confirmed,
302,0xd709320DcBd46363E0f998F229089cf8b9d7826C,node02,838a2c6c6972f8c29579e172272fd014d8683f57c49cd412b37c68d4bf37ccbc,24,1791412565.3822658,1791412580.6169667,15.234700918197632,677,153630,confirmed,
303,0x2C38b68B728201b39B4ed17ED321705a04443031,node03,3c81b7ac07244cae86decb6b667273b79234b86d3b3f24760f20572f4f2489c8,24,1791412565.3841784,1791412580.3499827,14.9658043384552,678,153650,confirmed,
304,0xe54d9454961fF6C9BdE5533244731f1142CC36C4,node04,e057c4ff55e691d6fbb4b3959710b228266be9f24e15a35488245bba7f36a3cf,24,1791412565.3868716,1791412584.524408,19.13753652572632,679,153630,confirmed,
305,0x262b270fFf7E1891536cD174f7F6569C32bA3fDc,node05,7abbdd92eff005504b98bd1a2ee2646fcf06d7bd0103e91a196298a4f13452f7,24,1791412565.3891203,1791412584.5384336,19.14931321144104,680,153650,confirmed,
306,0xbfF29Ec1760854C1a430A5DC2C787651a8A72a0b,node06,46e08821be29964775d98bb6adb1f4bf787e7f9dbf59c54d5afb10ede3a68449,24,1791412565.390791,1791412587.6466517,22.255860805511475,681,153650,confirmed,
307,0x373a38bB265611F337FB7f4712df4752CA3B2Fc3,node07,3fbe53220f57508fda076b18cea1f270e82d00fa055c6be12c0ba5a1489d20b2,24,1791412565.394129,1791412587.6283956,22.23426651954651,682,153638,confirmed,
308,0x2751330120903770453E2E3C9Ef4D875464d258f,node08,5956d31d903d4d2dc071dddfa33bba38f4d9cee935904bef10318923c19a951f,24,1791412565.3972497,1791412590.143939,24.746689319610596,683,153614,confirmed,
309,0x7925B5dcEE4897a0D5325372501F6a4759059397,node09,02926754f5cdb8e6d80e5782707a9a8b05d59c178c626c3cb9389edfe5a7a8b1,24,1791412565.398807,1791412591.6168385,26.218031406402588,684,153618,confirmed,
310,0x795A18b716B0bfe793a4a228b05D5Cf2F11f565b,node10,4b90f3801c50313704ad0e9587305f9400f689b1db230cb8fed894756b911869,24,1791412565.4021552,1791412593.7084239,28.3062686920166,685,153650,confirmed,
311,0xbe91762BfDbC762c7ad49A6Ba08E13ecc017686A,node11,77c0ed320e6e509fedf6165d9e15269cedfbeeebc7045e01f6d8838e4cd0cf16,24,1791412565.4063547,1791412594.8962996,29.48994493484497,686,153638,confirmed,
312,0xCc589F66b0497B376dd586a550e7adF872F23568,node12,9f891fc4f3638a64dabb7ee97e93106e0b895a71cad5e8972a77f660165b0b2d,24,1791412565.4078877,1791412569.1819508,3.7740631103515625,672,153618,confirmed,
313,0xfbf5e923367e307bd3F024927088D79FE014B224,node13,fc3465c9a5bd79aa3423c1ef2dfaf21372dabc66ed54406960d495dd481947e5,24,1791412565.4154139,1791412575.6377964,10.222382545471191,673,153638,confirmed,
314,0x897729db8aAeE2938c84692C1302Ee7b7D73148A,node14,8f7068064d27e42e35855c107f48ec26f12023db19283b9dcedefe0d2c73d891,24,1791412565.4174013,1791412575.4798648,10.062463521957397,674,153630,confirmed,
315,0xf06cdC75dcAF1050BCbCdb320Ac48A73aD6D1e32,node00,ada1bf9fd61c31af27476a79d6ba64279fb7be7b9409a1a808f869a28ae371a7,24,1791412565.4197211,1791412575.390674,9.970952987670898,675,153650,confirmed,
316,0x4B8aEd789B643A4F4fcf23D177c2ccE8BF9122cD,node01,79b69cd33f1cf2ad9ccd49a7a45fcb09660f31be193c7689e17e28f09a9428eb,24,1791412565.4222045,1791412575.4030254,9.980820894241333,676,153630,confirmed,
317,0x8D5900793d77B69474673356a09dC264211A5727,node02,86fadecbafa2255a792697e77e43f5597c0bcb93062d0dcf3fe87030f2274fc2,24,1791412565.4245658,1791412580.7039607,15.27939486503601,677,153618,confirmed,
318,0xD71086598AFE36B851C947F25A46de32d176633a,node03,85c239362739d731cde2bc34e0659fa4a45fa3618cd405eaa0a229c2b5eb2d0d,24,1791412565.427945,1791412580.7437084,15.315763473510742,678,153650,confirmed,
319,0xd030F557C256a2BA072dCdae8c4157E538b66794,node04,5743645edf974207f498411b894bcb73b62d2e94005021e307f6f7a9312d1beb,24,1791412565.4387727,1791412584.546734,19.107961416244507,679,153650,confirmed,
320,0xE31C6D956Bbae078372cb11e1Aea4817fF5117BE,node05,8f670187f23477ac17024826d2468fd6b26c585958cf52ba21610e0443789842,24,1791412565.4460402,1791412584.5540674,19.10802721977234,680,153630,confirmed,
321,0xd0FAF2b82e7FBa33F9FCf59b81aCc44ee127ef41,node06,c8cf72b4788c1f63bd8016acd4d54e6047dff9b77467b857b1750553a6fccc7b,24,1791412565.4489753,1791412587.857979,22.409003734588623,681,153618,confirmed,
322,0x3B26Aa7b655e8D94ca4c4bC016b9797c17CaE68a,node07,5168c8adc3148e242fd8393031a385db33fa0e959c880592753c42980fc19e03,24,1791412565.4509296,1791412587.9938636,22.54293394088745,682,153618,confirmed,
323,0xfD2b93046a16D9b6e580808Cb1Dd1dDa8bfA6880,node08,84da0646475e7b3bb6101f6e1a7adbe73080863243775700ce54886e790c4e43,24,1791412565.4528499,1791412589.960941,24.50809121131897,683,153650,confirmed,
324,0xc35a7Ea1A6B337Fc528F53C5331771163864D945,node09,dee0ccbaf185598d8183a07fb95ed26a1efe90432da01ab40488ce69c0c3bc0b,24,1791412565.4546335,1791412592.2634404,26.808806896209717,684,153638,confirmed,
325,0x27B8BA9e535AdDD4071E0Ab0bCB2F54735BA4238,node10,d4979b3384ee4983f7a17fad2d70f0bf7130236774355a29cfd68a509207151f,24,1791412565.4561882,1791412593.4090896,27.952901363372803,685,153650,confirmed,
326,0x8F04Dfa4c92a299ac29f07B610Ef7D2b8689a596,node11,6be59a2019a0d4494ceb7262855c6621a4eeff26189b3d952e66b6f85f303919,24,1791412565.459776,1791412594.9336598,29.473883867263794,686,153638,confirmed,
327,0xC9525D073Bf88a4526064F6c1e601B2065A247E7,node12,f2455ea58661c2139db9143bcfe78532d3fc6e145a3cb9ba02c48849c47b6585,24,1791412565.4611645,1791412569.3597214,3.89855694770813,672,153638,confirmed,
328,0x56BA7981F696Fb84ae74c3B779f7efF148Bcc9a3,node13,86f9f30f718871d45b01842e7f7e5df88c3f5c675d5e17ce2c9dc5567fde6391,24,1791412565.4635625,1791412575.6221988,10.158636331558228,673,153638,confirmed,
329,0x91Db6b3D142647164B431BB0A7cAe1057015254f,node14,f0f46c65f1ea0b2eb489a3c9fc95a43b6f15d08390124bef50b9b90ca1e90d83,24,1791412565.4649324,1791412575.6681132,10.20318078994751,674,153630,confirmed,
330,0xC58c8FC72eF5E7a5A2678f419C1BC6e6b05D095C,node00,599211a329666b60ac60fe61cae78b2c57e10170c36d53da44e7658d71dcc86f,24,1791412565.4661021,1791412575.7335696,10.267467498779297,675,153650,confirmed,
331,0xCAE970A7Cd356fc712C829190933112d9a9A6D7D,node01,9ef10b3b5254f6cf65db36624fec1ad4e1e4ae4192901854583122463648d93f,24,1791412565.4677975,1791412575.9613209,10.493523359298706,676,153650,confirmed,
332,0x5B43eF21A749Fd22C9C51c6c8eB6E2227c7cD9Ac,node02,5600506a2aff4e555703ea3621cdd9865ee2fcfea868a4e1724fe50b52e11b41,24,1791412565.4696202,1791412580.6063542,15.136734008789062,677,153618,confirmed,
333,0x03fc83CFcf3FB395897f3DbA3ECd7Db028e0DF40,node03,d529a6080dba1a872b588d11ac9c44927f0af915199e3814b38bb5874ab8509d,24,1791412565.4728172,1791412580.651027,15.178209781646729,678,153626,confirmed,
334,0xdDdD21153B295411930622B50c2fb5dd5e1fd387,node04,5b75ae2c8a54144d4a618dc91b18c917c9bfaf9a89142fd881236ae5790f7572,24,1791412565.4740224,1791412584.597455,19.123432636260986,679,153650,confirmed,
335,0x3e70baB65f8a3f8674992EBC2e29192b1d62d28D,node05,5abe43fbc81f088cde7f41eead5a4347aa702fa659cf4fb8118f71174f9190ae,24,1791412565.476085,1791412584.6117127,19.13562774658203,680,153618,confirmed,
336,0x6DD95402b62217607768E6409FAcfc89B8fA6503,node06,6239ca8298678273d4a24ae9b0ff11c12f28b046c2fb17ead518470732dcc110,24,1791412565.4780412,1791412587.9547288,22.47668766975403,681,153630,confirmed,
337,0x42A6e9c7fd094e74Bca3Ef7c37623352330d5F8c,node07,c4c9030358b7fc419af4cfb8b0862caf430a38c06aa41b54e66706e206bf1dec,24,1791412565.479629,1791412587.9084396,22.428810596466064,682,153630,confirmed,
338,0x6091f6a1eA443742c775d5dA28BA5917EECD716B,node08,cdb217044d3b85423c0f303fee4e86c3c83a07d0fa26329bfeec104126432f3e,24,1791412565.4824853,1791412590.1047995,24.62231421470642,683,153650,confirmed,
339,0x759eE46daFbBe799545fE5c6223e728E8D2d8afb,node09,14b936187236936d50afeba6c8325f61e6f34dd4343abfa8acd3eda81d5933bf,24,1791412565.485306,1791412592.0419579,26.556651830673218,684,153630,confirmed,
340,0xac450f203c80a679B282A92F175234BB1337F4c7,node10,dfde92f95ae214ed6d2c29e9ce57877b06de92e025744992f644a236935d3189,24,1791412565.4872105,1791412593.5745258,28.087315320968628,685,153638,confirmed,
341,0x31adff483c2C5008F9D9abB937ad31a819Fc3F8B,node11,76e47ddffa3ead2d6a0e9e2eaeb21dcfc576c1ed3fdbc6d953f52a97c0d124b8,24,1791412565.4898832,1791412594.9832597,29.49337649345398,686,153638,confirmed,
342,0x05341646a05762aA9ba939c4D8Cd436BF3d23304,node12,a38bacb64b0a5a8e333c6de80e135df6270c0fc9d0f2332784aa32c3d613d811,24,1791412565.4911427,1791412569.2533991,3.762256383895874,672,153626,confirmed,
343,0x1DFBa7B802580E64bD5B9E1Ab2F269c3Fb70f98C,node13,72124be07bcc15b081de717c862eb56ac85b828ae1b9840c3ab2f1b2fa92641e,24,1791412565.4929698,1791412575.756187,10.263217210769653,673,153650,confirmed,
344,0x61F280CaAA76cD62ee76fdDb0D196f3C05FFD967,node14,226c40ce3ce9b2bf867287ede606e4e5edf010b8d48f41856d73a477c0859005,24,1791412565.4946654,1791412575.9111657,10.416500329971313,674,153650,confirmed,
345,0x7d9fC9b86D86170915F16646aEd1bC1e324d545D,node00,a0d4c9474481473ea5658b14fb45c2e4193e5f1709729646a04a9de71a587ca6,24,1791412565.4963958,1791412575.6288393,10.13244342803955,675,153630,confirmed,
346,0xF02AF10Ad36aa6266b1a406Fa4988F1C548F9E68,node01,dbaf08a6ceb9a404fbcb7d8e1dfd9fadffe663fbd57176935160e09b3858b5dc,24,1791412565.49828,1791412575.790429,10.292149066925049,676,153650,confirmed,
347,0x5D872779D879F089AB0fdEA7fBEdD77BF98c7A26,node02,3699fed1fa2488e5c3ad86741d3c20effbc362b289677cbf438af22c4b98c6e5,24,1791412565.5055344,1791412580.9630792,15.457544803619385,677,153650,confirmed,
348,0x859255FCFfe1dAf2c4888602b0a307f65223C700,node03,eed8e26d479ce6df49286d9a9f3dd05cf62ebcfd56fbf1e6f6f1d72f347e084a,24,1791412565.5086684,1791412580.6028686,15.094200134277344,678,153650,confirmed,
349,0x3814C7a6DcA68a970E70F9037ACA981236D8152e,node04,656663524f09efa989e73a8e52e7476bb69c6c989551399633e85f1334598198,24,1791412565.510583,1791412584.6617348,19.15115189552307,679,153618,confirmed,
350,0x0bD26Fb63C2bff6526F19d8DD1F28bcd785271ea,node05,3b9ca785d36b834b30d16a8f90006eb6506064e91dee65e421ccd7f1589367c4,24,1791412565.5127013,1791412584.6536198,19.140918493270874,680,153650,confirmed,
351,0x11DB8eef8CA937e3814B81E506A756Bc2f031E0b,node06,d4848c87224f5c33bb6e4a9f5dcf3cd594b43f76a15831e4566fc97df6504a2a,24,1791412565.5146015,1791412587.8608916,22.346290111541748,681,153630,confirmed,
352,0x6B869478cb74ee7D60f99d04735D45c13bcccFA4,node07,6f4ecda62a92a21f826f55ac115c358f97cc77ada3ddb1fce786f9b20c8f351c,24,1791412565.5167563,1791412587.9403272,22.42357087135315,682,153630,confirmed,
353,0xd5d12854E60f0ec404Db4D44494A4820adfD06b2,node08,7b299a69041d59cc814fb2ca2528d0a3137efb639d60ec12ec36873ac5effdbf,24,1791412565.518351,1791412590.0811,24.562748908996582,683,153630,confirmed,
354,0xA2b34c39B21D5dB92b0e93f6d57648601A52D5Ae,node09,6932d5e1fd2a02a4b459e7913a87ff2a6518247a51cd3e62b93165ccecbbafc3,24,1791412565.5208685,1791412591.9120166,26.39114809036255,684,153650,confirmed,
355,0xA0c239Dee4fB919f8Bba765ece2527d1F05700Ae,node10,ce05a12b1edb82b8664a227a4ab05cde955b609a537030debe78837064e2baed,24,1791412565.5216606,1791412593.4462135,27.92455291748047,685,153650,confirmed,
356,0x7CAc2453344C4a12755433890E63C646A86b7a6F,node11,2a3af929d890bbb98776a8385bbb7028a0718f7031ba9fdbbfa5aaac555e1f26,24,1791412565.5234478,1791412594.9375632,29.41411542892456,686,153650,confirmed,
357,0x7765D0a755C81F9a37bB5Db5713843cB075b1959,node12,931bba2ac34d30b10d35c999a0974ab3124a16eac2ce74af714d3eec9fd92d2d,24,1791412565.5258725,1791412569.2896898,3.763817310333252,672,153618,confirmed,
358,0x8fD2D51066512bc69C079327CEf34036F1Eb7b6C,node13,896192f458234c5b1dff7b75ab5124a5265ff14dfed825bd27e567f2e785ac18,24,1791412565.5288763,1791412575.984251,10.455374717712402,673,153638,confirmed,
359,0xb7f203c93DaFaeB9057cd3E2C3b849789b2d486f,node14,a4c51999b933e8e9bee8ce7cffd38053e8d15e64d4741c1ea891e72323ad5ab7,24,1791412565.5321946,1791412575.9393523,10.40715765953064,674,153638,confirmed,
360,0xab3488a1960496A766A6166Be2F85c90D58fb9CE,node00,edcbb2d2493ba53ae378aee06ed5f96122cb028ceaf101a0834e4ae29305b181,24,1791412565.535358,1791412576.210783,10.675425052642822,675,153630,confirmed,
361,0x9826927A87DDcA56208f076fA462D1A241e0e94E,node01,1a0ef71d1d949bab2cbce6422499912c3f70290ba99072b4ed35f28b5dcbb6ef,24,1791412565.5418355,1791412575.8039894,10.26215386390686,676,153618,confirmed,
362,0x7775DC793170A16101fe3f03F340922B0955cE96,node02,c76d7f432c8864115229f82b1d7e95caf6461800ed9de4474129f4bd8c324cfb,24,1791412565.5427825,1791412580.824248,15.281465530395508,677,153630,confirmed,
363,0x6b286a498477D2370076E1ee9d2b03F894424B7A,node03,358c10bbcd71b810cf08862d8c06e05ae98f7e5158514e1b9fbe9bbd64b6bacb,24,1791412565.544811,1791412581.0252483,15.480437278747559,678,153630,confirmed,
364,0x4F3191D7EF0699B2795Cf461E0E408E77BA70768,node04,1a3a4dbf73d314212ad1124e58eea45429c3be375d2cd2176f7b8db966068a7b,24,1791412565.5464272,1791412584.7141268,19.167699575424194,679,153650,confirmed,
365,0x2Eacd6E017ccE6e495f68DC3EeeC3d4a8b6B6d09,node05,179e1c8a87bc5045a14e546ab6d539a1c782f74898214158a9e999c4554155a1,24,1791412565.549579,1791412584.6801805,19.13060164451599,680,153650,confirmed,
366,0xcD1d62B29848377E8B677E591e4ecd84A8D01381,node06,e2a32bf4cb053010f2ca111a9de51f8dd26072659297e67124546b39ca719d9b,24,1791412565.5515687,1791412587.962246,22.410677194595337,681,153650,confirmed,
367,0xA76664E3237Bf6f79349cD3160BC912A82BaAdc6,node07,93614046cce33271844210407e22e73501f0502417b815f9045f3f32f0d7d143,24,1791412565.5534012,1791412588.1125135,22.559112310409546,682,153618,confirmed,
368,0xd56A8D4f85300EA77BD812A19b832504A647060c,node08,c66d9f50c4aefebf0648d81f77c3481e41397648169119de0f53569e4f47271e,24,1791412565.5551686,1791412589.9903164,24.435147762298584,683,153618,confirmed,
369,0xb07330c9cBd337F3F9768A6240e928265F0Eba87,node09,a0990831c476eb859e6476f310dc762beba16c7b70490b48f31ce2fa6429ec58,24,1791412565.556855,1791412591.8025696,26.24571466445923,684,153650,confirmed,
370,0x20127E4160D0C13fA3f4908fF233C86A96A59566,node10,3d1a5c3c2dddd03fc63648cf85820766e29dde8d557dae66c791dedc8439dc57,24,1791412565.5601063,1791412593.716709,28.15660262107849,685,153650,confirmed,
371,0x992ac78E8E82eB44d087671beF37b6Dc32d7aC10,node11,ed5532bf90cbc3e05d209fdcb342fe65288eea6c80e082a6293179c1d02646fd,24,1791412565.5627828,1791412594.9238741,29.361091375350952,686,153650,confirmed,
372,0x3573Ae72D69914184802B66bA379ED1Fad8b67cF,node12,d77862a73130a44865ffe55dc136c68f3cacd90c93b8a2537b9e2fbafd3f71cc,24,1791412565.5644372,1791412569.445989,3.881551742553711,672,153630,confirmed,
373,0x1520737ED08F91809ed102168F44bdB2AA0037aE,node13,f405562033d9add8587e8bfa029e80e71ad2157134194ea99c9935d20be59494,24,1791412565.5679402,1791412576.1418576,10.573917388916016,673,153650,confirmed,
374,0x1791796b1a91FAcC7839e8d8c70AEF974aD01980,node14,792a1e97547296ceb74cd04bba54f56f4d51bdce318cbb3984d9ae9e1ff2deeb,24,1791412565.5693936,1791412576.2087305,10.639336824417114,674,153650,confirmed,
375,0x8813c96D3460c53415d371F2764b02E7C04Da8a4,node00,c70fb7dd240ec62fafe7ab14f7cb6650000db0b60e5efd1a550b9698d3a95741,24,1791412565.571486,1791412575.8327742,10.261288166046143,675,153630,confirmed,
376,0xE2fcDeaF90975f03c13b3D2183df16a4C5Cb3687,node01,d097ac8fa017c1eb82c664a54f233ee8294f29f6856b5bd785223cde76be39df,24,1791412565.5734987,1791412576.1891453,10.615646600723267,676,153650,confirmed,
377,0x4A6564Ee5225f236fE7A9c9B9B25B5c3A2dDC36a,node02,115c0462ed0396326c8f0760bede1dc2ab79fdfbfcaf33d324961dd8b0a9f0f2,24,1791412565.5767639,1791412580.8048759,15.228111982345581,677,153618,confirmed,
378,0xcb754edA9216eF607b519F9fa004A3f4905a7212,node03,cd2af801055ecdb693486efc04f9d0349af6c628340839a4d915cc8f761fc07d,24,1791412565.5786908,1791412580.8103147,15.231623888015747,678,153630,confirmed,
379,0x42BE78fA296791135445b135B275D8e5B96cf056,node04,ef87ccd7139afd24424bf83b86807a97598497e759fefeef46efc12ba1973e95,24,1791412565.580101,1791412584.7279007,19.147799730300903,679,153650,confirmed,
380,0xCd67780939AFc3fbD1f7769EE39EE00EC5533162,node05,84d1597b499788daa28a01f91b8aedc55576969dd971d96e71a2feb2c1155ff2,24,1791412565.5825894,1791412584.7898324,19.207242965698242,680,153618,confirmed,
381,0x281202df8E45891401b99136D0f68FF991B8aaa9,node06,aba6f9d6c97191fbf29675c0bed6f8ad7493b0e1643b388abfecacd5fd7d4f7e,24,1791412565.5848978,1791412588.0447369,22.45983910560608,681,153630,confirmed,
382,0x3F462691b815EC799EbFEe08332300008AcE7CDE,node07,9cf3f96ea67ba9c2f80bb924a43915027773a82ee8caadd2df3b9c222da97ba6,24,1791412565.5877192,1791412588.209323,22.6216037273407,682,153618,confirmed,
383,0x18F63Bd0417b0DF096Fc43EAfdB7B8bf9953aeb6,node08,09bb3a2adf1c96afce6e3b4af45b3e99742afee93f8b562368688ab0fcfab68a,24,1791412565.5931237,1791412590.0188358,24.42571210861206,683,153630,confirmed,
384,0x4A1D5c320e66015F08AdB3cE84FA6dBD5e9Fe729,node09,198a79035f31932cc2c41ee0fcb66bb95084dd82f003dd3e0af4637044bc71a4,24,1791412565.5952618,1791412591.695922,26.1006600856781,684,153630,confirmed,
385,0x192DF42c9b713769743Aef46cdF2EAA3d5f1d7Da,node10,93b28929c996030ab49dd0ce681fa6acd7ccf0612f8a2052bb472880ec47d135,24,1791412565.6020339,1791412593.548552,27.946518182754517,685,153650,confirmed,
386,0x92eA32A1d7DAE03eeB0Be240e59BdDA482DeB68D,node11,6caf0d372b5c57389c56dd6c65fdf540c36162fc32b6f36d3ae0b69327e623b0,24,1791412565.6056814,1791412594.913339,29.307657480239868,686,153650,confirmed,
387,0xC292c682ceDdcC018872e495f94e53d2f690e13B,node12,a0fd92ba95a0d78a1a2d48af6cb24b6f625e3b5d9fc7534cdc609fc35d890139,24,1791412565.6113548,1791412569.5219104,3.910555601119995,672,153650,confirmed,
388,0xC49659B89b51EEa1D265857681A255C2B2CF033d,node13,89b7b10ff76462958d0e80c1dbb44a93bc067840467ac8e6e6926af4a60a7595,24,1791412565.612564,1791412576.0287976,10.416233539581299,673,153630,confirmed,
389,0xD4D17962ee6923f6F146675D91dcA788F541a214,node14,1fb070b6e4fc89b21128334300021160a42606e6e7e7c69474ec198e6544e3bc,24,1791412565.615266,1791412575.9378943,10.322628259658813,674,153630,confirmed,
390,0xd5672419e37d512E40C088cbB926B77F3b08F3d3,node00,de61cca967c28e6debc5e2c2eb6e71f501c71ae554735e2c4ce9fd8feeda4b1d,24,1791412565.6202855,1791412576.2001781,10.579892635345459,675,153650,confirmed,
391,0xBFEd2aE268249A91C1c0eC24B4Cee2D94ce01696,node01,073f354b68e49fbc4ae465ff79e84edec5895cbcbf3683c059718d6e36453a61,24,1791412565.6222434,1791412575.823439,10.201195478439331,676,153650,confirmed,
392,0xb80974a1aA1a89293DD60E0acDa29Db9334ec819,node02,c9599c2d772fc2ad11c0913c541ec2b1f07897b534fe2056627b4d5e5ecfa9da,24,1791412565.6249237,1791412580.5974803,14.972556591033936,677,153638,confirmed,
393,0xC24Ed8c591F07e9661935d911CCe7b8345Fe4d7e,node03,db60209d217ffc5cb5df23a830b1fd964f862bd3b19520ed9662f40c0be87024,24,1791412565.627798,1791412580.6463673,15.018569231033325,678,153626,confirmed,
394,0x7f3f7142206302779dDd1C0F880A8065632326EA,node04,d624ae83ffcd7e643cd9d88a23e46b75829368398d918148c9f4b90ce708967e,24,1791412565.6300044,1791412584.7809236,19.150919198989868,679,153650,confirmed,
395,0x6d84A0e03efaec75A1749224E961FA00a1fA1502,node05,f220147effa1034cc75dac95e2ad141b018e4b954db32b543bc03f4cc3507531,24,1791412565.6356514,1791412584.7842538,19.14860248565674,680,153630,confirmed,
396,0x8d9B4ce1310CC1D0868c9e425774214205647f4E,node06,1129fd10bb28b6d91436cf8cc8b99e1baaa8dffd23b8776265aa934d74acf01f,24,1791412565.6382315,1791412588.7308292,23.092597723007202,681,153630,confirmed,
397,0xebf21f68eBB2e402Ce050764cBdbAF8D5040BCE6,node07,cf67eef3061fd33c2dd1c75c1a74d2001f405be0ba52cdbd048d82a190276c89,24,1791412565.6406295,1791412587.8743227,22.23369312286377,682,153630,confirmed,
398,0x12d442dFA8D47cbb977B249625C82728dD45150e,node08,b40c5da456bf5a76ea3b6c3e64b516915b3ab9bf54cae107b9658701103babb4,24,1791412565.6422105,1791412589.979534,24.337323427200317,683,153630,confirmed,
399,0xAa0D6Cc758cfcE0B4a13B70Da19d3198F413Fe9f,node09,1ff78e23f047d5b1cb15b17be1be9a19e17117980e68daaf89c8ea84d5ffc096,24,1791412565.6445174,1791412591.682729,26.038211584091187,684,153630,confirmed,
400,0x8409A181b955Eb01c65AefC08A58da486C2BDC0F,node10,18be69b14afeaa28dfcb10d0ba0248844533838917b6be45299769aaa9b2b98e,24,1791412565.6471622,1791412593.9265924,28.279430150985718,685,153618,confirmed,
401,0xBa8CC7862961a483E9d87fF4f1B266c63b195E2B,node11,88ed76ab56cee12194f4ba92c6cae85e40b5b8a20216dd8a4be1e072e132c592,24,1791412565.649775,1791412594.976928,29.327152967453003,686,153618,confirmed,
402,0x29fF819296E6fe276E8abdc653012B2bEAF0b7dC,node12,b201712058cf77ffc4126905cd664cf9eecb54ab82360da747dfd3c46496b7f9,24,1791412565.6530745,1791412597.1584659,31.505391359329224,687,153626,confirmed,
403,0x5382CE6E37C76dB7B95F570139cD709dEae9fbB5,node13,32d9244b41cdbd70535fdd4aae660f1794a8a713c3c7298dec039600ee7e4244,24,1791412565.6559134,1791412576.0739307,10.418017387390137,673,153638,confirmed,
404,0x906D979646EDEf19A9f78f6408b0709c76BCf6cC,node14,64724be2f74af7ade32cf4c60ba66475d4ec6ce96b398cfe3e99a934d26a51d1,24,1791412565.659003,1791412576.0011425,10.342139482498169,674,153650,confirmed,
405,0x86CCEcb7401aB510993D44aa4DB38A00bAcd972E,node00,703c863539f310b36d80c5229d2e41f6c9aa17ff9dc3da6c473962e39be037a5,24,1791412565.6626008,1791412575.9910598,10.328459024429321,675,153650,confirmed,
406,0xbBB8Be34C655De0214F287485751C4e4C7532329,node01,6bf8c9d53564c2c6a19e47ae7748ff5aceaa4091a1550dc3849d72d5331b7393,24,1791412565.6663713,1791412575.9965074,10.330136060714722,676,153650,confirmed,
407,0x5B113f16FD372D26D6068DcFA1f620bcB06991DD,node02,85da2adc1eedb4662e87b6223051107a4f83644e2c0b8487a20d5b55569b1bb7,24,1791412565.6692448,1791412580.6401694,14.970924615859985,677,153650,confirmed,
408,0x792595023661327c49b0bb83BdE23c962EBA4Bef,node03,a47dcf92e2275e670ca1a55e9ab4efc92ac8fe14af9b9f2f321ce66009c584ad,24,1791412565.6716762,1791412580.9011335,15.229457378387451,678,153630,confirmed,
409,0x483f3a6804f321261feB6AF85bD7A03566fAa298,node04,6ef50425c58bf118b06283726691313de2e63af9c4614e2bb5bde4e3de71880d,24,1791412565.6780405,1791412584.885746,19.2077054977417,679,153630,confirmed,
410,0x398885244D0734708034d37F674A7f02d38291F3,node05,fca9bc85ad5a4ad4a337b867954eb890699a2d930d4c9a811ee3da942e2df92f,24,1791412565.6810648,1791412584.8239038,19.142838954925537,680,153618,confirmed,
411,0x99EC1E063EF9A34dEf3cDA70717880D57b58E19B,node06,65df9945fb8785a25dffe51e8473df30629cf7f7dee4a354568fd3174aae0a8f,24,1791412565.6824584,1791412588.4387915,22.756333112716675,681,153630,confirmed,
412,0x6BF7Ce43a46474D6A1d99A7A3c1EBBf93dc7567a,node07,c5595419aa39f8f33d380d5500e2a74ba2395e34c1c1309c74db7d1dc3f6848b,24,1791412565.684927,1791412588.477015,22.7920880317688,682,153638,confirmed,
413,0xE3A736420c22b8ea11FC936B7541f8a17Ba9112f,node08,95f50e0e5a7f9846e361a4fab89d3880eba49f36f99c0fa4539c9e934ba59287,24,1791412565.687025,1791412590.1087718,24.421746730804443,683,153650,confirmed,
414,0x8C4F536C99dceb3155b66b5146D76A7B50907D8e,node09,bcb25d78d71a0b49b585cb90aa005091c8ba9dcdda0a978865ab3d42b89da95b,24,1791412565.689798,1791412591.6520207,25.962222576141357,684,153626,confirmed,
415,0x8D329b4983712912C530e8DFe0ED56737F876cfB,node10,64bea5600da93d600c1cfec16f23b25582806fc173070bebfdad21214935985c,24,1791412565.6921835,1791412593.6550543,27.962870836257935,685,153594,confirmed,
416,0xDe8912c7C4F8cC987b1eb2759650A729E0bb5FcD,node11,811974939fa322fa5d141e8b91448b987111f815d053c18088f8e0b51a333607,24,1791412565.6958776,1791412595.194512,29.498634338378906,686,153630,confirmed,
417,0xeB73374fAb4b74672C2095a36babE6D380397ffd,node12,da39300be06a4e2dd51f7c646e1d3ff3487c3de9b60204bf67c40f48ec9476c7,24,1791412565.6986876,1791412569.6902556,3.991568088531494,672,153630,confirmed,
418,0x50BbfE467C90F7372cfED632cf1E662c924236B6,node13,5a355df196a9ff6cc4790ef4cbc415f28021c916a7d938b49cd472a1988ff2b5,24,1791412565.7005684,1791412575.982421,10.28185248374939,673,153630,confirmed,
419,0x0fCd6AB5bF0Ad50f79A1E1250D975BCa0bf1100E,node14,f201aa162a14fd1bbd0fca3fbeffe70017a8f0cb29f858211a7fe82dd21034e6,24,1791412565.7036965,1791412576.2228322,10.51913571357727,674,153630,confirmed,
420,0x9EA457cC58e6a341f8770f620539504a8cC3B40c,node00,d20bc1955012cbde8d5ab0d9b0c683f1258b4a590537069169d6cf4a164b3cb9,24,1791412565.707861,1791412576.0043073,10.296446323394775,675,153630,confirmed,
421,0x4756a5DCe623E56f5D4f1c23f889bbce87D48A4c,node01,4141d773fb5c461944c7aaf7c87216fc9d5bae7417d9160158727e74c3d8fdbb,24,1791412565.7093973,1791412576.6251836,10.915786266326904,676,153650,confirmed,
422,0x18B68da187c1f48b413A445E120B072aB4F19189,node02,4058da19799a5968a4bb31d5a22458ce37f11b16632e47dfab81098fb774a04a,24,1791412565.7114081,1791412580.7306342,15.01922607421875,677,153650,confirmed,
423,0xB130a1Ec3d5a7219E947051C3abc44fd0Fbb2c29,node03,9434460289c254a6bcb0cf1350fd48d34c99e552b18465d922078998c1560737,24,1791412565.7127995,1791412580.795137,15.082337379455566,678,153618,confirmed,
424,0x3ee0720Bf1196399DB17EE692CAF40b9Dcb2766c,node04,a1d3c4c5a75921044ef6e7431269fcde1c820e40c42412a86bc75c70d02bb3a6,24,1791412565.714947,1791412584.950493,19.235546112060547,679,153630,confirmed,
425,0x7aA54Cc9BDa143f9a433dDaBA8e8A9A4196064cF,node05,ed569d0521d8d51c5cb22469d4abe80e45fbc67530c48fbe51951bc6d867d1b3,24,1791412565.7168472,1791412584.9043415,19.1874942779541,680,153630,confirmed,
426,0x50BA770d44Ea1cA125FF0391a97D5E7a58EA7054,node06,f6939c1aa89bf2aa428d1c56319bcbab304b90960fbc6a08e4be941a9bc5f9e6,24,1791412565.7189083,1791412587.978932,22.260023593902588,681,153618,confirmed,
427,0xDf7b8639cC84F58f3894C89F4e21E473d8C3B4a9,node07,1d865ea1b12b03ae074957decc4e3828f29c1a64610be212fb3351d2acb4c663,24,1791412565.7207608,1791412588.1486921,22.427931308746338,682,153650,confirmed,
428,0x17f8aBA7C5144255B3248B00A1Cb3a990e3F7Cf4,node08,48f9d648c5cccade36613d8e44785dddc096c519b15c509c9b847554b2ff1623,24,1791412565.7221148,1791412590.7479079,25.025793075561523,683,153618,confirmed,
429,0x23CCc4D7323fC0E1283fCD4839d876bC5abE784F,node09,2721723014f926be82b42d8997b938e24bbe5243dee0c11ce8cc5abf02208c60,24,1791412565.7249618,1791412592.050102,26.325140237808228,684,153650,confirmed,
430,0x651525c8119BB08C442b7F13ED0f88C423C11b39,node10,8fbfe6d365f2b401e0e81c83d0cb0e8db0b2bc381e0c3d0e5f52984334be14b1,24,1791412565.7267041,1791412593.7151248,27.988420724868774,685,153630,confirmed,
431,0x9fe87D4b8b315fefd3D747FcA46375d0F1537EBC,node11,d4fccb27c909a6d4236e90c27f4a218fb208b1d52e68fd24aec729b44b19675b,24,1791412565.729085,1791412594.9026258,29.173540830612183,686,153606,confirmed,
432,0x6C19D30C27c5282976d19ff1956aA3F9F0D08AD0,node12,570d34c735b7ef5e4bfe787c76dcc0e652e10c4af9706afa39cedc172ea3b66c,24,1791412565.7314224,1791412569.7582133,4.0267908573150635,672,153650,confirmed,
433,0x353Cd7Ef6aE894228e2C0fF8f364bdAA487f1b58,node13,901fa68fde37e9ec241b520e98cc7ab98ef657a4d68282b333602612aa08e8fb,24,1791412565.734346,1791412569.7730212,4.038675308227539,673,153630,confirmed,
434,0x24FeCd54fe7164B4ce5b27211d746d1aEfDF4671,node14,b7c7603087187ce47f5d04e93d6ef91fd76e5e227ef0e2c5798ee7285fef9317,24,1791412565.7364128,1791412576.0201414,10.28372859954834,674,153650,confirmed,
435,0xebb471c8030bB72B02Ada99ce5FE60Da53E0dC9e,node00,5940100634719ccd3b9f8c9338263cd14b53ac5ffe9d61771a767cd440758ca7,24,1791412565.7397468,1791412575.9992325,10.259485721588135,675,153630,confirmed,
436,0x15812F28035ad9342cb13FD21c3c483315eFeB93,node01,8117343345dd721e05ef0a78986984d3633a77b9ba80787ba361d0fb438a694c,24,1791412565.741407,1791412576.040904,10.299497127532959,676,153650,confirmed,
437,0xCC74DcC74c4BB8c22461FE46DF30d106d47136fA,node02,0350c95810458110e9cc7cbefb5daf59b2bc2bf71862d575596818303d36e5cd,24,1791412565.7441978,1791412580.7983756,15.05417776107788,677,153638,confirmed,
438,0xDFf622dB225105F2c77C762df79712C9066b851f,node03,dd163c70148b8a02bff28263157a343a5d6e9fbf4f20110aba321283d51645ed,24,1791412565.7463908,1791412580.885174,15.13878321647644,678,153630,confirmed,
439,0x8bfE7FA0AcFa66Cba32F1F4c4b6251A09Ea3737C,node04,50229a0b4f008c579ad8e2200e6f9dcc74d9a7abe6983b5c40d134c98cbe3a5b,24,1791412565.7503352,1791412585.021938,19.271602869033813,679,153650,confirmed,
440,0x90D45A5a43a00F8866B7174f845a45BC484c2f53,node05,ebd3a487f28933dba08c51ba16554fa8a565e259c075523c6c5ba5a406393b87,24,1791412565.7535162,1791412584.9431376,19.189621448516846,680,153630,confirmed,
441,0x07fD32493159c699A38c792c6e05fb6812952e58,node06,8d82e8b1457763b24ea9ca2a8de1b14e626be379fcc0f0527e49e37fe4878bc5,24,1791412565.7550504,1791412588.064144,22.309093475341797,681,153618,confirmed,
442,0x7531b68452Ac86D3549350f3327Fb2c381e857F4,node07,6020f940b3f635e1b2f23d6cabce7f1f4a7a455df121751ca2517c24646a23e5,24,1791412565.7582612,1791412588.4369354,22.67867422103882,682,153606,confirmed,
443,0x0A1b02ceDFB73e53Ff5228252412a902eF773832,node08,4cdff83c6e91f44dd2a0f71b5cf08ffed4b8c969dc01a66d382260a4a4c5afe4,24,1791412565.7604105,1791412590.0509741,24.290563583374023,683,153638,confirmed,
444,0x4710b5363aaC68F7aB32cc0513f4899C0F7A026d,node09,3a1615c35710e56b68bfa5e978c5048f28064bbbfe8ce936b34298bc0aca5206,24,1791412565.7622757,1791412592.063944,26.301668405532837,684,153650,confirmed,
445,0x00A3A511c5Fb2A69e5c6128851B4bc8975593762,node10,98a22fcb4a67c041f442f3ac687024e448402b267386375efb2a334f9d823235,24,1791412565.7648914,1791412593.504501,27.739609718322754,685,153650,confirmed,
446,0xfC1c897a400ec352A2Ff62aFa52f02A4972984EF,node11,2e78d98f571fda2e8477bf5accc4d3b87a8f607f584f8df036a23ccdf3105fca,24,1791412565.7684917,1791412594.9906101,29.222118377685547,686,153630,confirmed,
447,0xa75228780f222B070c77Ff7A9b4D480b9F2cC67c,node12,6a775ad222a4daf3af1e1d527489caae91d2234e3c988b5483903470c9f5f0a7,24,1791412565.7713723,1791412569.8015723,4.030200004577637,672,153638,confirmed,
448,0xdbc2E6aCFAAA925c4873ADBAD75831812F93eBd8,node13,378667b73c169e56964e3a667e74ba49ab92810264160bc06f7f2b1dff1c7557,24,1791412565.7741227,1791412569.804897,4.030774354934692,673,153650,confirmed,
449,0x1087b28c3cFb6a2e354CFE3D2190D35D2b881Aa3,node14,a9df027c621e5210b1b23709569c58e0377cf74cc4e6db0ac1df33e3960b0ab1,24,1791412565.78154,1791412576.1601098,10.378569841384888,674,153618,confirmed,
450,0x4B19e4e493bdfdDB2872Ce1642BeD93a321d6972,node00,86b196536c8bd8709b77606beb9eb193f6be2fe1327ec7e91b5b42a401be532f,24,1791412565.784759,1791412576.4105904,10.625831365585327,675,153650,confirmed,
451,0x1427EAF8CAcf69521968Ed45157Ce22F14a40301,node01,841c37819d11d4665f5b31a40b027d48ac55711f6d1e5f766b0f7c5828d3ae97,24,1791412565.7965808,1791412576.2260957,10.42951488494873,676,153606,confirmed,
452,0xa7AEb69a2F50c920507cF4aAFE96FBD9EeB2Fe98,node02,4237c1224cbab7fa8a90be9a7c82309a27645c2a0e1fa3eac336709680dc3084,24,1791412565.7989063,1791412580.9420419,15.14313554763794,677,153626,confirmed,
453,0x24bA4F08f76c15ab4Db186C79771290EFdaABb7c,node03,e22a457a270f8321603cebb2eec8aa5b59d598c9028aa58369392011379d0028,24,1791412565.8003106,1791412580.817944,15.017633438110352,678,153650,confirmed,
454,0x8c1FE4F683B229cf3D89Aa799Af923A3455429FB,node04,4347b02ac2911bcab0225cdfe04dd972991ea8638df25a0ca18761ad598ccddc,24,1791412565.802675,1791412581.446413,15.643738031387329,679,153618,confirmed,
455,0x9956DB9f2C0d4d3BB6523290D43543301870B7da,node05,0af4745f94f82d1f5d706f4c533ff48098bde96a1f354f85722b14e8703899f3,24,1791412565.8050141,1791412585.0168557,19.211841583251953,680,153630,confirmed,
456,0x33655c91583909f2c4004fA86b6e6C0C7e53eCf1,node06,7a786a7794f57e7f048ba355697d35737441d9a8cbc926cfb38d915dc94b69bc,24,1791412565.8065283,1791412588.5536227,22.74709439277649,681,153650,confirmed,
457,0x98F6e22703104fdedAC7aAdDE2391543291D73F0,node07,12982a1189062ba34986c2bea5b5937c2a5c4a53318757e2cdb6d6e37ebf36a4,24,1791412565.8105695,1791412588.8074434,22.99687385559082,682,153630,confirmed,
458,0xa511a74048040746F271CFF9a9E777604c34F331,node08,96496142b4de01db39c692ccc2cff1d7879f0c58e8f9f0941606a422223b8066,24,1791412565.8127642,1791412590.0613194,24.248555183410645,683,153638,confirmed,
459,0x36F726fCFaa4a45eE08640BCF72FF93Df33F6B33,node09,167767ccaf328a7a0ba06cd5d8fddc63471e26533d35a7f415c0d8ff3228c509,24,1791412565.8145065,1791412591.7496324,25.935125827789307,684,153630,confirmed,
460,0xE0EbAf0df40297baF65e8C22Ec4B20C9b3513c80,node10,57c64249c48f27c40ac10f03ad941dc303976aa8d19177021b805d4f75ba0252,24,1791412565.815499,1791412593.5435686,27.7280695438385,685,153618,confirmed,
461,0x80019e9EBb6Aa081CccC8f5008Ac8753EF03Cf23,node11,73d895964b3d0add01bdfc8b902acd671da6f20d40d063107085c4bc5e92b6cf,24,1791412565.8171182,1791412594.9750478,29.15792965888977,686,153630,confirmed,
462,0x9Df06BF7F2a8Fecf9Fb13DC51D794416390E449f,node12,02806d0d1f7db3fb209c8ed5f9bf0a22eb08901d64dff5466d5f0082511461b0,24,1791412565.8195524,1791412569.943716,4.124163627624512,672,153630,confirmed,
463,0x16Bf0DeaB814c669f666ff5872d7D232FF28B018,node13,f7390807f43e42f5f763aaec50c294cc9daef699f7cd97976e8737a600ffd723,24,1791412565.8217924,1791412569.913054,4.091261625289917,673,153630,confirmed,
464,0x014722050C9cF51C49042AACB927c13aE72ff04e,node14,e386143d9ef0d6014a22caeeca750fbb12b832557fa280af08185c1cbfd04bbc,24,1791412565.8240101,1791412576.3365204,10.512510299682617,674,153650,confirmed,
465,0x464dfD2118daDDcC52c48eFDB5dF22f24Ee11bC4,node00,28f26996245af72f67bac437255cb407416e189baa8b0527349a43511c655af9,24,1791412565.8260188,1791412576.354986,10.528967142105103,675,153618,confirmed,
466,0x73D5829dfD24ABd181f38640aD620ABba6162D6C,node01,2cfa19a6f6b1a77892ed0e1972d35464a17b436f3674f24e0e385581bd45ed68,24,1791412565.8282764,1791412576.3679252,10.53964877128601,676,153630,confirmed,
467,0x98dB385F75A3c03300d32DB338104b4CccEB44c4,node02,f6ba2ebc0747178f9bf7f7e3d2c8233b920ac692ae2583dbe00d3cb76b59fc2d,24,1791412565.8315485,1791412581.0681007,15.236552238464355,677,153638,confirmed,
468,0xbA52aBd78983cF907bF5B6e16FaB0f87A88694b0,node03,ca306f003d3e27b9e466f474352f586f819d8354a9a10c6973d8f6344abcc76c,24,1791412565.834502,1791412581.0598712,15.225369215011597,678,153638,confirmed,
469,0xc615818A1c4356E766CA69aDfd81844489B71a5c,node04,b1e67a687de790eea6865d40a63b2242ccbf6770abd7b6b5e2768cd6b88cfdec,24,1791412565.839443,1791412585.074378,19.23493504524231,679,153650,confirmed,
470,0x0018d7Bfe943D98DbcB20BD99DE70c5E99eBDce9,node05,c48de395d7bf689481b8b4b0a3f7eb356857166539a23f87ef59319158466311,24,1791412565.841111,1791412585.0367987,19.195687770843506,680,153650,confirmed,
471,0x33d5711BDbF401932e64ad3fC5853599Cf048D53,node06,5f2d4802e24a12e21f6d0efb92076b28996bb81afab85ae70682d4f7f59f36c8,24,1791412565.8429291,1791412585.0520701,19.20914101600647,681,153650,confirmed,
472,0x6d83169DC3025e94C8300FeCFaDF69CD53e10416,node07,dbcc87ca68996bf6ceae288f0f94c11fbe982610983becad7ecf035b2070bf7d,24,1791412565.8456697,1791412588.3753853,22.529715538024902,682,153630,confirmed,
473,0xB537eFaf1524E8BF759F67c514Eba2E177837FD7,node08,a8299f81657187452ddd10cc6f1d6c8674ddd32dc881ade64f38079a5d504ced,24,1791412565.853075,1791412590.3166304,24.463555335998535,683,153650,confirmed,
474,0xb73FB4176478546477d509A46f0F83cFF95673a4,node09,84480b27ccd05eda48c3ffdd016d6e1ce1e0cb0f45b864223cc76f3e62c9baf4,24,1791412565.8543992,1791412591.906309,26.051909685134888,684,153630,confirmed,
475,0x894AA73fAe23F6537A0438D9506696518678a89A,node10,a27e00183789cfcbb80622a8063642e2eaf85cf0893e9835d2170f28e6009cc3,24,1791412565.8573015,1791412593.421045,27.563743591308594,685,153630,confirmed,
476,0xD820eb32110CD345e2a7847ec7BD1C9210Deccb1,node11,848efc5d8b479ae7b576d7bf5a1a16168968fbee7c0171448504d8f23f476c4e,24,1791412565.8601317,1791412595.1140785,29.253946781158447,686,153638,confirmed,
477,0x79E7F585afC8198F2185B5F45906029356943954,node12,7810fda3a90bb739ed4453776e6b74fb1c4964deb8541381916e28e7db9fb8f9,24,1791412565.8618474,1791412570.0216715,4.1598241329193115,672,153630,confirmed,
478,0xF0E231Ea4cDB73A5d34946b4966b829491B9Ba9C,node13,7ce54b6ab40b522d27233ae477e5741babff6a183eb60ced60771d1a3999e387,24,1791412565.86474,1791412570.0444055,4.179665565490723,673,153638,confirmed,
479,0xD4ef02D512A614e2Cefe2Df245b718631A40027f,node14,2284ee4afb153bc60220341c3024db1af5048614a780dd1ff898e3994a30f879,24,1791412565.8667405,1791412576.6166592,10.749918699264526,674,153630,confirmed,
480,0xB8e01042d3B751f3D50F9403517748f53DBD3093,node00,b62069dee90ec7dc0ad284510a37e2b669c900905c03031aec228672d96b473d,24,1791412565.8717136,1791412576.3240907,10.452377080917358,675,153650,confirmed,
481,0x29fbe4cc8Ea31008eA59D781B2f0127811f29255,node01,66f14ed31197d24a17731bdfd8006263d67f1ca6fa01fac97cb77541b91b81cf,24,1791412565.873955,1791412576.231023,10.357068061828613,676,153650,confirmed,
482,0xD712D7f0570a8C7bCd37ca6Ba1beF5EF60D75FfB,node02,57a52880793fc9c7b4553d0e196d663ddfd56813f3d48dd29dd4499ffa8ad4e6,24,1791412565.8809488,1791412581.2971199,15.416171073913574,677,153650,confirmed,
483,0x6572735e32dcCc3Aab4b62BBF3a47Be7658720D8,node03,1d1128a12f446847fdef77f1e93e17cf60bf10fd5019930a6dd191ed3a33046c,24,1791412565.8839805,1791412581.3791192,15.49513864517212,678,153650,confirmed,
484,0x044B455B7B4558354e7fb303c1be69CefB566a0A,node04,1d09b051ecaf5481882f53c25a88fc75514a2c7f3d9a5937170a0922dc35e7e5,24,1791412565.886313,1791412581.1849458,15.298632860183716,679,153630,confirmed,
485,0xce268bb471F737f652FA599FaE17A35459e37DCF,node05,ba77bc1791066717353fdb6846e9d6ccacfc6752164481530b32ab0528e78e8f,24,1791412565.888302,1791412585.0807068,19.192404747009277,680,153618,confirmed,
486,0x45f8DaE3eA03F039Fd6Cb6009a102b18a1c2F188,node06,3df44a5ac57dcdaeb7ed86b475ab4f8f8db25b0c478954083ea6b10934415d93,24,1791412565.8900895,1791412585.0854843,19.19539475440979,681,153626,confirmed,
487,0x16FBbFA8eF77253348625DABD360374dcba3e7f8,node07,9164ed9e8e6dc62f959249da8c1473f36237e48441421efc735e8b40ad09e082,24,1791412565.8919287,1791412588.5214732,22.629544496536255,682,153650,confirmed,
488,0x90eC1bf25E2533045a81D230A925160e6e884272,node08,9e6c8f144431482950d063b10013bcf94a854e00b58709e361ca3eded4c54fe0,24,1791412565.8961284,1791412590.231357,24.33522868156433,683,153650,confirmed,
489,0x06a50C7d8ecAD855969BcfE7C8Ec3D6DAB9b2644,node09,568e8401641d324b374b2852b70ebe66d55c3ed3819373164554586c8a766d16,24,1791412565.897246,1791412591.8226,25.92535400390625,684,153650,confirmed,
490,0x1cf70f924173e9A8F8BCb8Be5Cc6d2973b7c9CAb,node10,cc7a6cd8b38b1f52645bd44a642ab46e3262e2d89915e83cb9f6762fd25f4111,24,1791412565.8998716,1791412593.4781296,27.57825803756714,685,153650,confirmed,
491,0x1dc2a9722D5E2Bb7f930FBC655f83adDEeDe7C17,node11,b0d6cab359fcc74b14150c41ed44ba72baaacc351f577c8b5e2ed6a6761bec69,24,1791412565.9026966,1791412595.033844,29.131147384643555,686,153618,confirmed,
492,0x6962f907644782bd3522427Ab92b7af59E639738,node12,690aaa1f8c5d4307c64851ce707966ac44eb502043252a18044c71be0894ebcf,24,1791412565.9048574,1791412570.1168158,4.211958408355713,672,153650,confirmed,
493,0xf1EbA40f4Fff524D4C6b71d7e2EA3D653D470CBf,node13,7016e782dde3e68fcd2bbd1c14eabbf6e6a2d2eb6a71fa0260753bc6a3336cce,24,1791412565.90741,1791412570.1804545,4.273044586181641,673,153650,confirmed,
494,0xC57A645aA7c05825035597ed63E7c67662A0Ae12,node14,902a9598e81a24591ef8bab5f17bf1528e1527976adaaf63a0e91bad017c9438,24,1791412565.9096873,1791412576.5100884,10.600401163101196,674,153630,confirmed,
495,0x807d551A0A8bAb6456c215932208E42AdD4F5b3B,node00,20de89d8f087d65f5f0099e012c35cc8978390e14f18a65a983282df6b5c60c2,24,1791412565.912369,1791412576.3970444,10.484675407409668,675,153630,confirmed,
496,0x7D0fD057372b7619009dC0CD1e115b9f9E270237,node01,9c24e94bf2a74cc8aa8b64491c0682391e8c63353010388737ab4da1cfd62ea5,24,1791412565.9156663,1791412576.4027033,10.487036943435669,676,153638,confirmed,
497,0x47779751d84229E8FF8f872aee02D345F28cC4D3,node02,4a4bc3914231ea93ded4566752b48980afb0dc804ad7089617d80c2919a39f97,24,1791412565.9176965,1791412580.989672,15.071975469589233,677,153630,confirmed,
498,0xF5B6bA815dEc4D4F57c7Cc3c71e2Bf066aCb53eD,node03,0cbf6ffa4faa00f10b8b547c348fe6c06bcba20aa4bcfc9a051bc93bf7bddcc8,24,1791412565.9201221,1791412581.1904662,15.270344018936157,678,153650,confirmed,
499,0x9bE8c14819323bB14878088F77fd3A4491B29E17,node04,5e6922fc8904bd8f4668c7caa51428fbada30e8f47461c56e20b129894a2d477,24,1791412565.9218025,1791412581.1244798,15.202677249908447,679,153630,confirmed,
500,0x58ed63819249119568e5bfa2F6b9FEc8063AfA42,node05,c945a059ab534cbb5a40751443bf65ad2e8a895cf76fdf7601a7a3e8b704634a,24,1791412565.9241362,1791412585.1868691,19.262732982635498,680,153618,confirmed,
501,0x12081Dda8ac1Db90A10d3C693b5f5CeCe96dA8e9,node06,d3d1cd36274fab9d7200c98c12ef4d80efe446866d26accb51de35791ea71bda,24,1791412565.927075,1791412585.1343656,19.207290649414062,681,153606,confirmed,
502,0x57609bC567591545A553A7A4464B89d9af37EF38,node07,724026367fabcdaaaf122cf808081b122ca8f1f102a6e3b730e1147c3338b411,24,1791412565.9293444,1791412588.546912,22.617567539215088,682,153638,confirmed,
503,0x60E9ee31b1732f775B4fbE086B8dff92E3a0726C,node08,d6166bae704122bcd63de282e2939aabe73301d25b737ee3c8ab8e11231dec48,24,1791412565.9331694,1791412590.054274,24.12110471725464,683,153594,confirmed,
504,0x534c6C945281D9845C849cc2946CA428368c9714,node09,cd2b43e4d96e37b0bcd848d6953483a80f86d31ac15e52adcfd589204460587c,24,1791412565.9341934,1791412591.8565724,25.92237901687622,684,153650,confirmed,
505,0x99DE5837F933EB3A0d4E3EF18E5B6F514bB09C98,node10,5585b575faaacd47b167eb757062e82a02395bb62c25ca96b4f9cfbf4a97bb6d,24,1791412565.9375305,1791412593.562384,27.624853372573853,685,153630,confirmed,
506,0xb5f5157cE42Ca1F1b1aE5fBcA59C80e17A232B36,node11,43cc701dd905ace0ce27f939a1cd7e746a12cc8c610facc4a866b4990c669e36,24,1791412565.940929,1791412594.9696176,29.028688669204712,686,153618,confirmed,
507,0x45De1E254216dD54FC1455BaD6DB201DCDbd784A,node12,ce4d181ab709268968b5e3805af7d17376ea64f886986f4ee37e6ac1c3a84681,24,1791412565.9428523,1791412570.2313468,4.28849458694458,672,153618,confirmed,
508,0x2eda90dcC3655Ac204A5a48f4869f98CE71Ce1b9,node13,865438ac9c63687e134e34809340501caa3f56e85803ec67668033b7ee3ef922,24,1791412565.9503646,1791412570.2804554,4.330090761184692,673,153630,confirmed,
509,0x337260290634583E6B42d8b3825Cbfc1D1195AB3,node14,c198fae26f78474f1a11a1d22abf9d6c0201d65f5ca6ab732cf23eb5d3f10573,24,1791412565.9522412,1791412576.3432949,10.391053676605225,674,153618,confirmed,
510,0x7c03B1c6132E8b4750347670F40bfD2C77d6574A,node00,3b90eec73a667b4635e6b4ea63f35fe7de1237ae81ac934f9421487e7fe44f00,24,1791412565.9533393,1791412576.358948,10.405608654022217,675,153630,confirmed,
511,0x38c71Dd7498506bA5213cD250721f028705C8218,node01,efc2813a2dd98056fc959af7e00da4a421de9357c08c75ca261460fbd5acc95f,24,1791412565.9548073,1791412576.5558116,10.601004362106323,676,153650,confirmed,
512,0x04934C54A052968B7d0F15b4B68a0f4425df92Ec,node02,ff8851e8d5d338d65ea02f0e7b3d00d01736904068eef03302d2afc6166e94b2,24,1791412565.9594166,1791412581.3654187,15.406002044677734,677,153606,confirmed,
513,0x834494E14d45e466a02d59F9B5D49d3f0593635d,node03,91e29a6ce07c38d95bbc2a1255d6173a41de5aec3ea74ea9b9944f8fbc770f11,24,1791412565.9611423,1791412581.339618,15.378475666046143,678,153630,confirmed,
514,0xf56472F50be547F2ef7AB3b46bC9b4E5Dcdd9219,node04,16edb14c3525906ab062c1f03e717a0070eef938b0d0963b4cfd85077a10870d,24,1791412565.964375,1791412581.6241453,15.659770250320435,679,153630,confirmed,
515,0xC5F04E9aa2DC8c92D2772F961d8F61B654B7C2c7,node05,caafaff2958e21d2312bdf4a0ca83cd42061f90b4bfb5a652c42843ee45fc235,24,1791412565.9663815,1791412585.2468696,19.28048801422119,680,153630,confirmed,
516,0x70d43826Bd8f6Da56Ea27F7C0bB0d7693E3E53B1,node06,f90b4cebf27bc2291a6f3543d3bf4094512af97d233f30975d4d85fbc4f2779c,24,1791412565.969112,1791412585.324137,19.355025053024292,681,153638,confirmed,
517,0xAA9538e2D499a3011Ce38Ad5593267b4c8B4C1DF,node07,b632e2554a60560e5e5e90651869c84e966ba65425029390b8066dbf6893096d,24,1791412565.9735532,1791412588.7391894,22.765636205673218,682,153630,confirmed,
518,0x7a166495C6e5dB479FF79d0465365863Db643Fc3,node08,c21a6b2286b37c77938accf60a284700d68432fc77527af4ff55647a0feb7d7c,24,1791412565.9755127,1791412590.5751128,24.599600076675415,683,153630,confirmed,
519,0x27A3007E5589cD7681e9bc8c39677B2a9f0e5CF6,node09,eb170fab68dc48d221cf947ba4b83c4a8247a6fb1ad64dec320615b1a047d4e2,24,1791412565.9765384,1791412592.1457675,26.16922903060913,684,153630,confirmed,
520,0xA3aa347B247d6DBbD2d4e0De8c93Ef2e412e8B1a,node10,5ec8455a5b307f1f3df71df06646fc851fedb0304a32cf8140946f753b764f86,24,1791412565.9785442,1791412593.870252,27.8917076587677,685,153630,confirmed,
521,0x5F0c8D6adAc6834715961Cb56Fae52375c593019,node11,aad0fa90b7ad86b851dd158baa1b7b79ed9b86f069bc060feb8765ee738af02a,24,1791412565.9803622,1791412594.959536,28.9791738986969,686,153630,confirmed,
522,0x873F6280945496952d41eEcd38B583bf0b841eec,node12,72c404db4a987c55d93a788a4003db3753f725bb6d050ffb46b10a5f0f4e1c9d,24,1791412565.983628,1791412570.360385,4.376756906509399,672,153650,confirmed,
523,0x4A61B9CB8Ba9921a8090B7dB819bf69d2129BBec,node13,89206141c71f4977d34058a5db9d125c5fb3f968049c82277f099a468216a469,24,1791412565.9858074,1791412570.3613286,4.375521183013916,673,153650,confirmed,
524,0x5920A4e5b52A19a22e38CDEd31A8BA2FB5b346a0,node14,c3fcb94a9de9307bd41eea014054c69ab276f1a4acd82d107de0f56a886bf4cc,24,1791412565.9878461,1791412576.5652668,10.577420711517334,674,153650,confirmed,
525,0xcb5487E54D314502a768491271634ADb22F756D2,node00,1b8189030f70572802ecfd46d58bb5da862da1f0a69e535cd48ec49296e1a8f7,24,1791412565.9916477,1791412576.7478213,10.756173610687256,675,153630,confirmed,
526,0x5d6680C29aeD2A5acb139E7428200fa7AA5920b9,node01,fcd3c3afa77bc5f05a14d7217903c1ac29952622d0327de4e8027def1427b065,24,1791412565.9948025,1791412576.4361663,10.44136381149292,676,153630,confirmed,
527,0xF28EB4CE94293B8AEf62E61A4c6d6524a02B01e0,node02,fc01888db5adf93ae76dfa95d210922c94bc0baecdf05405add6eb76a2c8117a,24,1791412565.9977956,1791412581.208437,15.210641384124756,677,153638,confirmed,
528,0x7B699180AE62c1b3bA771fA08776Ade833BDdC6E,node03,56810fd3f80121a7b3fb05fe16550cdc0f8817cbc1b39263172defccf3044809,24,1791412565.999133,1791412581.0339766,15.034843444824219,678,153638,confirmed,
529,0xa5c98A16D2832ce6c01bdD1aBd66A7227Caf5255,node04,e117680ad6e64c47f7791b54f3ec70b04843591a3c96a655b56026b6aa6964ca,24,1791412566.0017998,1791412580.9812107,14.979410886764526,679,153638,confirmed,
530,0x694A65C8FeAc4d24d50aCb6Eb7538E9E4137e609,node05,ba319cf89be95671105ece93d3e1760d92b8c3f796f2cd61037eee5a1895478e,24,1791412566.0042944,1791412585.2697995,19.265505075454712,680,153650,confirmed,
531,0xdBB8AFD88F5282034d0540df37b5773302fF0014,node06,abacc6238051112b438ddaccb02cd60802e89bed6d901e9eca61caa2025e3670,24,1791412566.0065238,1791412585.3111,19.30457615852356,681,153650,confirmed,
532,0xf6699da9f4aA6339F34C70E60878A047a2fB4e5f,node07,acc712dd667aaa9de23c2b04326918167c3b9865e7f5ae9fbddb6ba650b0dd4a,24,1791412566.009134,1791412588.5325253,22.523391246795654,682,153638,confirmed,
533,0xe3ee6d1Aa7a38217fB4ECd69c5EB8a3EE1161cE9,node08,7db6ffa9759a8344471d34ea31b8a4d20f3280b472b48eea20097a4559e71dce,24,1791412566.013826,1791412590.2073686,24.19354271888733,683,153606,confirmed,
534,0xD0944A96f782dAeBF8dD153492DD3C4Cc5d08083,node09,710a619131d937cc923fbf879839717ffe1ff34b91c7851a9ba68763a6783276,24,1791412566.0162838,1791412591.9367237,25.920439958572388,684,153650,confirmed,
535,0x4F77Ff64F948A3AFf3dc31D0EA177446f1431D68,node10,11894f611af6475e13595560e041876d5b027e21fe57bc8e3ef95914fc5fc742,24,1791412566.0184538,1791412593.8367367,27.81828284263611,685,153626,confirmed,
536,0x816654aA5d1356C0EB1bb164c4707C99786F0737,node11,4b22c802922497e57c923638c8abc99b5b98d41fd38f5640a761689402430e9a,24,1791412566.0206084,1791412594.9438837,28.923275232315063,686,153638,confirmed,
537,0x5E18758270A2823A3f96fdA41C02E7C7763C945B,node12,3d6e46397e6cecb5cf67ee790bbf4a504727e5222810fa8ef8ddaeb7bcbade1b,24,1791412566.0230212,1791412596.6846695,30.661648273468018,687,153630,confirmed,
538,0x5cE201c8Ffde51e98FE0b0704f63E91E08DE23fd,node13,35a325e899cc9c3cf1238586dff6814e33d16669209b4e674c06bac2273a1a83,24,1791412566.0256584,1791412570.6473105,4.621652126312256,673,153630,confirmed,
539,0x5661F3be0e2bdA431a32407f067EBDA1C67873f1,node14,32cb5f5edfaae50bc8f595aa4ab6e2accdd130fcb159bf203463a8db32ec734a,24,1791412566.027729,1791412576.4391522,10.411423206329346,674,153630,confirmed,
540,0xda63A4CB6BD649ced01bD2a6623A468C8310e11A,node00,17378fcf27718ceb6c71415ed1fbc5ee5a98e0f82fb275428c15546f320b7e9f,24,1791412566.0306566,1791412576.7102096,10.679553031921387,675,153618,confirmed,
541,0x9fD3DF696bD4B25acBb671BF2D85DA7d307Bed94,node01,f7cedbdaf4527f3c8a118d0e0c56d29b1a3b52d8bc4172372c03263f29b3205b,24,1791412566.0330262,1791412576.7378595,10.704833269119263,676,153650,confirmed,
542,0x978BdEAA53BEae86a7E587FECd434E2B14705C1d,node02,7792b9d2167b7a82b1f450a3c654d1b57707171717df51ab920ca35629bed33c,24,1791412566.0348682,1791412581.2448168,15.209948539733887,677,153650,confirmed,
543,0x95e28931165d41E9B7366e31A5Be053ea07B74d2,node03,bea8455926f27e145026494a786d5df17cf122b1452111e5d10dc6b4975b76d6,24,1791412566.0366654,1791412581.3342173,15.29755187034607,678,153630,confirmed,
544,0x113CA7391753fDB9bFcCe8bBdEbaB1e10Da0816B,node04,88c49a4e66dcb62df836c29a1c5fd3057fe0af849a4f609139ea9aad286d7c4a,24,1791412566.0392287,1791412581.6164246,15.577195882797241,679,153630,confirmed,
545,0x5627D3bCC7c1CDEf318e09A6B51Fab046bdC3d20,node05,3c1012241cec3a11ac764cb9212bb7a8f880eb57fa4f6f7c33c28886cc549f6d,24,1791412566.0422375,1791412585.698942,19.656704425811768,680,153630,confirmed,
546,0x1c77B8D5051E1877F322739CdF4A648B73E8Ed34,node06,abc935438169e5d4e7076b1c17e6f172aa8620b99bed17fb3dd5af54e2637912,24,1791412566.0450494,1791412585.3461237,19.301074266433716,681,153630,confirmed,
547,0x80de2e5D0088b62e276ff1E76012AD7061a5Dc10,node07,573cc608d7cdab08e5e2e8a52b46a4195ae94cd052da75ea74c3f739b352e6a9,24,1791412566.0517817,1791412588.504681,22.45289945602417,682,153618,confirmed,
548,0x52010e5b06600579c5E690849a835BE8C400289D,node08,f84f22163cee59aa47cc61c35d4117f0e09f63917ef1223f74e54c4933bf51f5,24,1791412566.0574589,1791412590.2261076,24.168648719787598,683,153630,confirmed,
549,0x747AaED0cF0A19508abEA75d8Ff008AF16c11dAc,node09,1c906f0c48d69cf19df875a4e5b7e8ed278c63f7514c7158a573779ed3b7785f,24,1791412566.062781,1791412592.228168,26.16538691520691,684,153618,confirmed,
550,0x6317D9De61DBB01D6f6C7b893025d1F6A4a316Fe,node10,14d98ca3a83e958ae47ab4c1dffe81b955d557d1487a4c04b5c4cd00770200c7,24,1791412566.0658476,1791412593.5655117,27.499664068222046,685,153650,confirmed,
551,0xfA752767458c17EAc77bFF7a319c69D809Cd6F16,node11,f58c69cdaf0e0f71ae5607b0b0f3f6784c60f23a0146550580f844a6e50e6c95,24,1791412566.0680556,1791412595.275843,29.20778727531433,686,153650,confirmed,
552,0xC2170EAE3Ae5D27f6D8dB190ab4db65FFDCf1a9d,node12,864249302e1352e8e391190b190411adaa6e846a5f8617d3c95a1c45edc72a66,24,1791412566.0703194,1791412597.1925051,31.122185707092285,687,153614,confirmed,
553,0xC206394f91Dc49785368F240DCdc95b8E0014524,node13,c4a650817fd8dc28214f8cb9775d2cde6e7ebb49811dad08d9034e8b59879f26,24,1791412566.0726068,1791412570.6798968,4.607290029525757,673,153650,confirmed,
554,0x860b70A36c8126FF847b88972109233bb0F7f323,node14,95ba111e9be72f8bccc54a142239a15eb54a9dae4d7cf7b69a621bd67d90410f,24,1791412566.0751603,1791412576.6852977,10.610137462615967,674,153638,confirmed,
555,0x6377567074909252d3416d20f5E48A41B4059F59,node00,43f503cfbe86669323b46cfb1a768631062e21ddaa3ccce0d76c3c80a970bf66,24,1791412566.0782108,1791412576.5166945,10.438483715057373,675,153638,confirmed,
556,0xC7427a5d1370F0D961dFDc5F4028ce649f9CbD8C,node01,96a257843aaeda900267ce0c5467a263e86c5ea0a5a6f03afa1a76afbe6ac2ff,24,1791412566.080625,1791412576.6138227,10.53319764137268,676,153618,confirmed,
557,0xc6B1b7609e76D57FF8D872ba6FDC2031dEE16A49,node02,b789317714c1d652aa21371fe9439c3965675bc391249f6f69e4ed85b50617d6,24,1791412566.0848784,1791412581.5415804,15.45670199394226,677,153618,confirmed,
558,0x0438dA5822A74572dCB4EC8a9BB858062DAB17b4,node03,f308ed2b6bceeac920621571babd7fbe00e83e246732b53a0da9813087ec1cb3,24,1791412566.0879135,1791412581.3112743,15.223360776901245,678,153618,confirmed,
559,0xD7B231690BF64e9c97bC0340bf6Ee8eDb3B0B740,node04,3b5e81258986ca67377eddce0cc90ba977671199c44e9856cd8245442185b775,24,1791412566.090231,1791412581.575378,15.48514699935913,679,153618,confirmed,
560,0x2280591666488629911B5991F401D8A1A6E3a5AE,node05,2c42633d4cbc10673a53663dd6565ac55939029e566a5f3f36d56abb2b37e445,24,1791412566.0924067,1791412585.3832364,19.2908296585083,680,153650,confirmed,
561,0x83e080E0c0DAD91a77205A0fd6723102C3560448,node06,834eb23d4a006393f5eea9348dac411098b9c3b3117dec3821c39a3603343468,24,1791412566.094006,1791412585.711283,19.617276906967163,681,153650,confirmed,
562,0xc96e076b012946be677d80E47460920C3Fa1F787,node07,9060ec2d2e94dde66c9f8711acc1e90325f3a8e0ba07dd810c794ba475870359,24,1791412566.0972376,1791412588.5012715,22.40403389930725,682,153650,confirmed,
563,0x1F49aDA9e03a45e4E952D6947eb36975F9D58861,node08,cebe0849dfc4d8e6573adf872cff3c5dbb866cfb08719de8ff19dd4aee8444fa,24,1791412566.0997536,1791412590.2048755,24.105121850967407,683,153638,confirmed,
564,0x8cBC18e9F4dD201F6151C679c7E198BE54Faff52,node09,5c3fc58e3f7c3f456dddc3f9750616ef825cc75fc2b23b5fb30af291360cfabc,24,1791412566.1043377,1791412592.0598726,25.95553493499756,684,153618,confirmed,
565,0xAC4E1B997fA242441004Ac2d24630d500Be56d2A,node10,eb201b3b69f4605ef12d3fade2a3a04fdcea9acdfa58cf898b956cd08cd75fe5,24,1791412566.1062133,1791412593.9149263,27.80871295928955,685,153650,confirmed,
566,0x7D08450f39080ccF61cFAb4A2a581B7f749E2818,node11,c14cb579d2d2bc53f7c2db1e8971f63433ebfe6d281b1c9f10d835b73256a771,24,1791412566.1083696,1791412594.966486,28.858116388320923,686,153618,confirmed,
567,0x948115BbB76788e349C6a8AaE20233aAf29fE20d,node12,fb473db08bfa97159e6f7f89857e648b1815d5e48ade05bddca5e906a65f10da,24,1791412566.1096926,1791412597.1393254,31.029632806777954,687,153618,confirmed,
568,0xFADb7af764d958CA99f81E50a6F1815F08C8809A,node13,c0b758adba2552fac6db2de2aea8c779ca3a7609e5e386ae2ee35e559b595911,24,1791412566.1114273,1791412570.7635586,4.6521313190460205,673,153606,confirmed,
569,0xD1A1c80cDBa7De00c404A87e382732F29BD6ffcE,node14,c53f9a1059f04acab192509f108e3885ec115fd5f3fc78e5de340b5d81eebb65,24,1791412566.1138349,1791412576.5757442,10.461909294128418,674,153630,confirmed,
570,0x0A944A07ee8A1C5df345520B6eb50941a731ae21,node00,b8383fb776341d58eafcaedee41fde98a1f23a5e12d874eb99c7bfa14842a6bc,24,1791412566.1160283,1791412576.780051,10.66402268409729,675,153606,confirmed,
571,0x414084A064EC4c198BDFd34Af96Dea4530Eb178E,node01,21b0f2a167565ed07401a5e12f82c9ebaeb2e98dfd21eea76bc8cf6ce8e5f33e,24,1791412566.1196,1791412576.601962,10.482362031936646,676,153630,confirmed,
572,0x886680A9F1146Eb627120D1194f2A45fF16d6Ccb,node02,47f6d6f40585a9dccee04bebef1b3709b4e082ec6434d9b9546d7900f7c06095,24,1791412566.1220036,1791412581.4879613,15.365957736968994,677,153650,confirmed,
573,0xF28a3aB365b7b87D05820D5Fe191A50854313699,node03,3501230fbd5f321b55e0ce08fac8d9c86722b0b9b964f66803591273ba40dcb5,24,1791412566.1256626,1791412581.6915143,15.56585168838501,678,153630,confirmed,
574,0x7e0c6057decC66e0Ea25b185D8B3E7c6b33f853f,node04,b3b2a1849df2c72ba7d5d6e28e37924e11ae17b85714db2ba9bc0cb13cfdbf2c,24,1791412566.128685,1791412581.5549474,15.426262378692627,679,153630,confirmed,
575,0xA3B61441bCc9e0A5C6116371964DF785a39a6AF4,node05,56262d123502b1458a2c5c06ad9aea8b9e27706c8d30385044858eb8087020c3,24,1791412566.1323254,1791412585.6766505,19.54432511329651,680,153618,confirmed,
576,0xDA3E3C55504E4BBCDd112ab010748c1e00d83723,node06,b4809243a092cb0dbb05e308563c43328ad7046cdfabc94c2604ab36be43d33e,24,1791412566.15079,1791412585.4461596,19.295369625091553,681,153630,confirmed,
577,0xb66EE450472334787970013953eF1EbDe7b49661,node07,abd95b0050a66ced994177ffccbb4c632ac7e602b30ba96ec90f9d1da55e0448,24,1791412566.1521707,1791412588.4792392,22.327068567276,682,153618,confirmed,
578,0x4312f5AAcb29a164E613160835171113116E9706,node08,1f72875f93b36481e655827ad9ac8c65a7d3bd89bcc3341fea5345ee48d61bfc,24,1791412566.1550064,1791412590.4465766,24.29157018661499,683,153630,confirmed,
579,0xCDdDF2CaC3d2c74bD9eE0Cc91c3C8562A79199ad,node09,0e3794d76636b0de260987ee91325226d53124476f4bf76614bc3ca3189afc7d,24,1791412566.1571066,1791412592.4181077,26.261001110076904,684,153650,confirmed,
580,0x4778820FF46E00E9434564B3955c1fb99a8197B7,node10,48f75f85690efe21ed81456cb8364a39f7290b548d3c75231700b36fe60f0f13,24,1791412566.1599228,1791412593.5832384,27.42331552505493,685,153650,confirmed,
581,0xD591e98d62A1c1DEeC4a1823BBba402aA2fF64Fc,node11,7fde845b27f7efd3eb0a4a3d471e620ad3d0aa6b13bb715d424a027f5465f411,24,1791412566.1619978,1791412595.045799,28.883801221847534,686,153630,confirmed,
582,0x17fd579F8aA6Be86C9aB559A09A6C5FCbC8141A1,node12,ce284081b8ea36a053a6918bfc4bfa8d1bc859aff9264268027bdfd90f08e627,24,1791412566.1640432,1791412597.2439654,31.079922199249268,687,153630,confirmed,
583,0x3f488B68Cb70F34C14e6e2f361c484860d8A621e,node13,af0eaea949aea39d6b6e7787031afc858189d7cee900e9f47eff934ee50d5586,24,1791412566.165274,1791412570.9249663,4.759692430496216,673,153630,confirmed,
584,0xA5d9C8d4401c86Ec6c306b6AB03271746D22e2fC,node14,766f94bdb839ff7eabcb5da6f55d6e1eb7ab113db43a8fd90c65f62a4d893f09,24,1791412566.1682844,1791412576.5876002,10.419315814971924,674,153618,confirmed,
585,0x5820004400c4554F4204Bb34334783FfE2ef8cEa,node00,8c9f80522484dd1a02988dff52f661b5b1bd19fea6d55e0fbc4b8e6149da82e8,24,1791412566.1729865,1791412576.7545056,10.58151912689209,675,153630,confirmed,
586,0x838c8E06BD2f2EAa4C1459670F3B6075E4008B69,node01,5457cebf85917d0b7ae6a4f56ff3e60e8c14e777024c7184bfbfe1f4e2cc896d,24,1791412566.175809,1791412576.6076703,10.431861400604248,676,153638,confirmed,
587,0x17D887B120E1131c8512535bd446AD73585f3135,node02,4f7ae71c972936f266a662b84185ebb291254c2b74c033764c6899f9d6d5c855,24,1791412566.1801093,1791412581.9781585,15.798049211502075,677,153650,confirmed,
588,0x386dA1B1e9cd76eb52A500CcB88487485191D47a,node03,fe2e89f6d7bd582a475f497262f358515d425a89bbed2c0ce8a542fabe2e02ce,24,1791412566.1857624,1791412581.3976276,15.211865186691284,678,153650,confirmed,
589,0xc0F43F5A8a7f200C5abc2B044f8dc5A667e0D015,node04,965e1772d82dee04af8f75e03e7830e59a944a99703b13b356bf2ee9cdf9f242,24,1791412566.1877654,1791412581.516615,15.32884955406189,679,153638,confirmed,
590,0xAEca9E8E38dC58b2D46894048912460e15BC2762,node05,8d42fa04c7e597d40be7fe1589b0144ee693a442b7b8e269a505cf994561ed0a,24,1791412566.1951153,1791412585.6173968,19.422281503677368,680,153618,confirmed,
591,0x89f389c3Af28B98d3B47647f6589f2FF86cCAeCc,node06,2e892f56bcfb76a86c054db4719051027ea47e07e8dfa537d5d65c63f65fae9e,24,1791412566.1973462,1791412585.7248914,19.52754521369934,681,153650,confirmed,
592,0x330C72827BC6f1D3B21489f58369e889817d3811,node07,0ec56454fff7df4544a2c16baa209e2701fcf4cefdb81a82baafdebb90d91c26,24,1791412566.199677,1791412588.6046667,22.40498971939087,682,153606,confirmed,
593,0x696Eccb83594597C4785F9e6ff366980d1312d98,node08,c9256cf9f4881424fb7f5be808f7e3c2c8c28460464a2ebaa7cdd10ad60b24ba,24,1791412566.203301,1791412590.6326156,24.429314613342285,683,153638,confirmed,
594,0x463dE780e34F3f8D7d82B45247E0eA2094Bfc8A6,node09,a7f6b04b8e33ebbecdf9fd11fb5afbf464b6d1b4dd9045b8636f505bbe5ad5da,24,1791412566.205666,1791412592.4311252,26.225459098815918,684,153630,confirmed,
595,0x71dfbaB316722F1F22acd8804330d939764fcB17,node10,795121598e639226a278153051c3e449c55141aec20328fd132ae556ae0a387a,24,1791412566.2082217,1791412593.6360836,27.42786192893982,685,153618,confirmed,
596,0xaC1CA2ABfa066a5fB335033871a5Dfe0020a7333,node11,63d28bf96bd4cf3c9de9856e4bd86dbb26c5061e72408eecd864c2495abb2515,24,1791412566.2121136,1791412595.0931332,28.881019592285156,686,153630,confirmed,
597,0x560C7f0811f6f433144DBd99689d507f93Af1740,node12,bc775c3d34e56011675deaef90cf5ce11dd3e0ef02f1f75482c3c63b921d69f1,24,1791412566.2160344,1791412596.7978837,30.581849336624146,687,153638,confirmed,
598,0xf788B6a48F889Dcfc6735dfd707744127B619C37,node13,f4711ddde4170dfe0383138829434c967c8d2e770f929eb8e433b4e0fa860e44,24,1791412566.217975,1791412571.0260549,4.808079957962036,673,153650,confirmed,
599,0x43Ef79ED9513c42C9d30BA2a1Be76E9E86CC2eAf,node14,7bf98f95ee54b0a1cad6f217cce2c3fd6230b440afe0bcfe61b96ed9c0cc42ba,24,1791412566.2222095,1791412576.7190998,10.496890306472778,674,153650,confirmed,
600,0xF97CE5fE106Bc17EB9cc53f623A736737B18e610,node00,f19328f5b59c1c364265eea79673c15f0ae31dbdb178addbd4b4dec45d76470b,24,1791412566.2232785,1791412576.8328574,10.609578847885132,675,153630,confirmed,
601,0x81ca38a359c86DC253D7EDBA167a9c9ECB2Ce8cE,node01,a7f20f6e0aba21d0bf0953c5e39229edf14df9ac5d0bbba01afa109cd2fbcb43,24,1791412566.2252228,1791412576.8352864,10.610063552856445,676,153650,confirmed,
602,0x5e2f7510F2fc1B481D47Fe0144ef21dd1A283D28,node02,b10021c70312f7e055471ca706ef26bc6c02f9a1a6790a103aabde14cd58f02c,24,1791412566.227238,1791412576.8497813,10.622543334960938,677,153638,confirmed,
603,0x646B3De114B96D7196d5DED3Dfbb8455C64c50D3,node03,1e20b2cb0d9eb09d9d4640382bc2660a9cb2656c94aefa388889d48abc8bdc4c,24,1791412566.2292376,1791412581.6333375,15.404099941253662,678,153630,confirmed,
604,0x37c37189Be1C29a2A1A9d82d5513aa7d8559089c,node04,52a9e7936d3b6aab2e7d3cb354c589f4a4b87afce969955020bf7ea733583726,24,1791412566.2311537,1791412581.6998744,15.46872067451477,679,153638,confirmed,
605,0xe0c288D07ba11978417553080B939Aa5BFA02CEa,node05,5cae98a82b0579fc58041a90c5a0b1abfdafcd86cfd14c2870f9aa62868aef4e,24,1791412566.2328577,1791412585.8835075,19.650649785995483,680,153650,confirmed,
606,0x3322bEbf90bb0FA7e2679B3471a8A41374bE1719,node06,3be9e15f5252c90edee22bac20d326a6e0e46acc4dcc2fbdac0aaeec63d73ae3,24,1791412566.2348,1791412585.8598852,19.62508511543274,681,153638,confirmed,
607,0x946D3CAC46fb5993886410Bf6bE6740997270dCB,node07,5fec31f3c2c27fb5785ab9cd84291efca7a0abb2fbedf0f95c8da78ad700974b,24,1791412566.2361827,1791412588.4821749,22.245992183685303,682,153650,confirmed,
608,0x965FeFe3391687953678f86Fd3234cF178510448,node08,2c03a651f183e657f7bd2b6b537530fa7bbe61a1a13a61824b8377617ceb4455,24,1791412566.242771,1791412590.3528724,24.110101461410522,683,153630,confirmed,
609,0xD4B64b6F7114d9Cea9A0c8D4EF028ecbc19693Fb,node09,2e43ff2a7c7b27b5c47dc0213ca38127ab8d30b3d241c9b246c3b55156537b1f,24,1791412566.2455094,1791412592.5444853,26.298975944519043,684,153638,confirmed,
610,0x6a63190a9a15A8dAb2B7007ec6A749B938775913,node10,3da7da86bc62abf45c11ffae4e3af5fb2d30b74a307d846cb45caf6e0753bf60,24,1791412566.2468133,1791412593.8545413,27.607728004455566,685,153618,confirmed,
611,0x496B0A1Aca0aB5a994957649921945A302082834,node11,32b40107051a5ba0c5734394f31db9d13acddca5e2f414333e952894fb986879,24,1791412566.2489989,1791412595.0841494,28.835150480270386,686,153650,confirmed,
612,0x31Ba661F94F1853AfB7D1aCc57997e5648449f88,node12,1d31a67268405b0af92d469b6022891683c852c9b0800c4b8236983d0afa8c10,24,1791412566.2507312,1791412597.2498019,30.999070644378662,687,153630,confirmed,
613,0x65a763CcD1Bba4304C7A18B5b46Be17F3e710e34,node13,bd18ec0ed2b9e1a7da64f27365117216280877a28c97bb69a66205c277f7a3dd,24,1791412566.2525215,1791412571.1833377,4.930816173553467,673,153650,confirmed,
614,0x841fA53D68dfE21F1c26280655B71868862605f5,node14,1fb3eacde32e37670b81ae9689422dc7e10b8039c4f78fa12eb2351456bd8901,24,1791412566.2556946,1791412577.0585208,10.802826166152954,674,153650,confirmed,
615,0x0bdD58CDc5DBEe39bFf31e0Dd9367be86442163b,node00,5ab6eb90755f8c513f501674574231d2b5424206262f896d4bd43f35fa434b32,24,1791412566.2573507,1791412576.8773766,10.620025873184204,675,153618,confirmed,
616,0x0945115f55874698f857DB7fE8a74a81C9502603,node01,7915107feb8a6085006ffda327cbda670b1c8db6c3be08209829a2ff37266daa,24,1791412566.2592103,1791412576.8251035,10.565893173217773,676,153630,confirmed,
617,0xE39d0cbFabA3CfCe1E186b0d08F9f16a3275daa9,node02,14c54308f25ff5c915497d327a130af0ed058299863cd3add7fdcfd6563306bd,24,1791412566.261058,1791412581.7270005,15.4659423828125,677,153618,confirmed,
618,0xe19528Bc1C05e13a9579e7740701A1cC64A8fC28,node03,cd5340abb3eaa4604f86b25deeba7e9f798a1f79f34d416a61799d505f83b2c5,24,1791412566.2677462,1791412582.0776005,15.80985426902771,678,153650,confirmed,
619,0xCAd670Cf9075885fdC46B43eBbdBa6631FC14F77,node04,8d66c80751c2f5cfcee6252b967be7587635e3f895e17df347ec65759060c9dd,24,1791412566.2693834,1791412581.7574935,15.488110065460205,679,153630,confirmed,
620,0x6590F5cb92Cd7Ed96B7b8652c804d915Db5e50d3,node05,3605486a4e6ad6eec60e196770e04fda191db6997458ce3bd776fd69cdfe0a5a,24,1791412566.2714894,1791412585.5562341,19.28474473953247,680,153650,confirmed,
621,0x6b105a87Ab04818803Ec58dBB0A2237C1403Ef4E,node06,87d1305fcd02ccd7820ddd0b6fd180c3995b050d6aaa03ffdea9244f558bf9f5,24,1791412566.27354,1791412585.5445855,19.271045446395874,681,153650,confirmed,
622,0xd70FB012C8824Bd5A9032fe02550c40d5F88dAa0,node07,261b87779cf0d8d7a18cbf251bc55eb8df9960d5ed72d4575662768c2476a8dd,24,1791412566.275694,1791412588.6340642,22.358370304107666,682,153638,confirmed,
623,0x71da2c567b7CfBc617Cc9F1618967eA1fc245FD6,node08,750c6ff66d3cd83e829adff2714f0ea2c3708fe35e020335df8835f6942279b8,24,1791412566.2774167,1791412590.400842,24.123425245285034,683,153630,confirmed,
624,0x5e1270EE742E99c4Ac9B03DC653b2d9313ad7C69,node09,e22cf46e97dad63eaefb8432b12544807a49b25fe2c9e43d79cc94bb4fb385f8,24,1791412566.2793365,1791412592.0147407,25.73540425300598,684,153650,confirmed,
625,0x3348097F67F40cdb94C9754aB7232bc9BeE7eaFc,node10,a4787bfce64bec8fdf39648f1001ab9fb8cf41218c14ee17642f0a89993d2118,24,1791412566.281166,1791412593.8918335,27.61066746711731,685,153618,confirmed,
626,0x605b4aA1a0fe18a2631d6Bbf5cae575f270CcaB7,node11,c35f048e8e51ac114b04176c58173db47337eeeea67a432fd854ddff310b6940,24,1791412566.2827675,1791412595.0885236,28.805756092071533,686,153618,confirmed,
627,0xD847efc746B57CcfB84f3e035cf32674d8e5AB10,node12,7820a4d0591fc559da7eb1aa1e4309d1d7ad908956ee29075a5b2d43b68fd030,24,1791412566.2843635,1791412597.210341,30.9259774684906,687,153650,confirmed,
628,0x7d8e88649f73c611CFde6D543dC62570e8530979,node13,e6b682bf2917ac37adfa2c79d56b2806a5951c1ee1ee9f85e6bff2308fde4398,24,1791412566.2862308,1791412571.3214254,5.035194635391235,673,153638,confirmed,
629,0xFcd722fcE87989736A66F468de8f8d27e0b919b4,node14,30895c483b2b564f206903017211b464794faa20518aefae1d3c9e2197f82a95,24,1791412566.2877061,1791412576.8702989,10.582592725753784,674,153630,confirmed,
630,0x705603B9800548A23B2692F841fC9B4D556b30D7,node00,49c517f92d8da4218bf8e6343048f4cccd2292cb5abdab5bcf859421f6cd77f0,24,1791412566.2912643,1791412576.6497598,10.358495473861694,675,153630,confirmed,
631,0x235B2E963Bb3F61110bA05c9a43af454948d75e2,node01,0e532c14aca39c03b2fda04201aa7dad688108a8b5bca96aaec057654a80f990,24,1791412566.2937317,1791412576.9274411,10.63370943069458,676,153606,confirmed,
632,0x5e0CF3f76f02F530F93d18511e5d15A23D27D3Ba,node02,8e417162e6b31a805a41f49ec6401e5995ec5c62641cbcb1925f7cdadafaab68,24,1791412566.294507,1791412581.8473136,15.552806615829468,677,153630,confirmed,
633,0x153F7D5807E0c667224C9e82F1ce9A5ce355FF68,node03,517c04f9cb8f98cbc5502e1846f4a3098d0f15e837271c13285d505b04526636,24,1791412566.2964916,1791412581.5810478,15.284556150436401,678,153638,confirmed,
634,0x3b66a468d5131582C97E872A422ccA5F6A0ad3a0,node04,6ca7180eeca19c365226ba786cbd846d600638ac02ad12654a292379e51d5873,24,1791412566.3007011,1791412581.552808,15.25210690498352,679,153650,confirmed,
635,0xabc1B7248824B17a532c81480613d8756F97DA5c,node05,bbac244fd9a8e5a24a5107c7f2513915e9a5da90af56f6199c6d541bc4015086,24,1791412566.301501,1791412585.5867724,19.285271406173706,680,153630,confirmed,
636,0xCee4095592bCa05E0aB3161e172F33753534BB98,node06,4d38786b6ef7edcd05ba84e6a6981d5c57c3eb11f1ccde6ee85d123f57a21411,24,1791412566.303823,1791412585.8165562,19.512733221054077,681,153630,confirmed,
637,0x0420F96750638C55C047817b66b2d88D4048f221,node07,2d8737dceebcd48f5f6191a5e7889a04dc6098b8c9e90a498ea40f2ed78b12d0,24,1791412566.3059905,1791412588.7604258,22.454435348510742,682,153650,confirmed,
638,0x7a8ff48B5F03a0766EC9543e5b4538b97F66b4E5,node08,b072e16dec9c30e7f49ba7cc732c366c9d89b2f8b57d63cec380fd1e72dd1873,24,1791412566.3079844,1791412590.455454,24.147469758987427,683,153630,confirmed,
639,0xDFF64B5b94bceaB1DF2f8B1d488DBf027fBd4c92,node09,ed83f947859e6013f0a87be7ad7c960c10742ef7d50b3169a1039e7da2867a27,24,1791412566.3102105,1791412592.3409743,26.030763864517212,684,153618,confirmed,
640,0xdd2256B4201A68b762E2Ec963bf772Be5CeEBeFe,node10,5388c3a0eef55693c17a0d6856d07e008eb86b159de8e14382ebac904fe54891,24,1791412566.3122885,1791412593.6485898,27.33630132675171,685,153630,confirmed,
641,0x4251A8Ccb29936580CBDBE1A160133E68fE9940d,node11,fa1bf02223d0ead423bcec620dc38c9b325e4f7b9e3adb07b3a75721865570c0,24,1791412566.3158033,1791412595.1228719,28.807068586349487,686,153618,confirmed,
642,0x474aeF636dc07B7e7297778392DdFA9FAe4A2647,node12,8fc2586bff6b95b93cf2840ebe4ce9091febf84684236440a7ad8a296243a8c0,24,1791412566.317884,1791412597.2345722,30.916688203811646,687,153630,confirmed,
643,0x5821c303d981f92Bbe0Db3383001Fa983c188035,node13,06e74fe1267d8954bae1a0285d79bca8e8f4eed9b09f41a0619489867e0fe58c,24,1791412566.3198276,1791412571.5325844,5.212756872177124,673,153630,confirmed,
644,0x0E58e3b49B35285AE15BdAf354d35a6792c7cD20,node14,45e760162fe3cc1ff043b5131e7f8e7c636a9a31b4fbd2a5129d1815890558ac,24,1791412566.3223069,1791412576.774892,10.452585220336914,674,153630,confirmed,
645,0x3Ef154D41E0d0411E3df5c1c58F8e8B61348A509,node00,482a5453b9a23a3243b09b1783298ce130c765513d4ef45e0ebe237a3324b6dd,24,1791412566.32499,1791412576.8556855,10.53069543838501,675,153606,confirmed,
646,0x218CFB6b9E9c8893dA552C73753e87E1f80Ce053,node01,3b9fbbbbfb362fddbafe9b699ee3d73ebe54d3748ad79f9b3725ce7b4a3ae6f9,24,1791412566.326959,1791412576.896497,10.569538116455078,676,153618,confirmed,
647,0xe41144f346754496A9Faed16bc4fb32B07d16BbE,node02,31444ae27cd174658afe0d12b0f5cacb3366055f333f147517bce9161edfafa1,24,1791412566.3286433,1791412581.8438954,15.515252113342285,677,153630,confirmed,
648,0xEfFed4425A906A8C9e56dC9E28f7e6216989CF1A,node03,50054a662419e6e75e64182069249cd6fcd14d36c8e5f15816f2eb272e5c3587,24,1791412566.3304906,1791412582.2119145,15.881423950195312,678,153630,confirmed,
649,0x9A7895F3a037A5B56184fA79E27070E5931E94f3,node04,ad795a0749f65332cdea1cbf9d6be8bc7c92c2f74678b710c5b68556adfcdbee,24,1791412566.333581,1791412582.010296,15.67671513557434,679,153630,confirmed,
650,0xbc11716fD765Db50cDEDe4D618d115c97D166097,node05,de97c91fa9e6e55ea68b00880d9b55543c8bd4b2da38db566922c626295f2d0a,24,1791412566.3349938,1791412585.879988,19.544994115829468,680,153650,confirmed,
651,0xE617498d775b36AE1aB9a2Cb6F2239B85240cB14,node06,633a66ab16b0ae6d09db1e81ef070f6914ddf6604146df5285d169f7b37da183,24,1791412566.3388362,1791412585.9904742,19.65163803100586,681,153630,confirmed,
652,0x24eAd42e25DF13cc5114b1aDD185E96518Ef758D,node07,d521c2d3d82eca7f7afd09ba9308174c18835de6728ebb4507c420d2f33765db,24,1791412566.3400047,1791412588.67906,22.33905529975891,682,153618,confirmed,
653,0x0EA558003642dD140bA0FA3Dbb49ac6f4E9397A2,node08,81e9aca87a85224e43e3fe90ae617d10f82438080a176af0c068307c583f5fdc,24,1791412566.3421428,1791412590.5666666,24.224523782730103,683,153618,confirmed,
654,0x34522421B5EF2bfB6e1a6890A15437B87718E8B7,node09,7fa3d83301b02b6ba0119eb58a8a627b9ebff4c72ccef6e7d0de1570418ee27b,24,1791412566.346524,1791412592.098932,25.752408027648926,684,153618,confirmed,
655,0x3233EE6339433812Bc4f16E523CaEc64b364e9A1,node10,947ab446328f8c5301246faa3744f2eedd830065e1fe239dd26db4e0366ce5ee,24,1791412566.3489797,1791412593.607427,27.25844717025757,685,153638,confirmed,
656,0x9aFA48c707c68693DCBB1F16e5dA1cE92735E554,node11,ba0e16e5e72468e7a54324a2a5740f8e9534225f6468e19531214a77ea461206,24,1791412566.350842,1791412595.0276687,28.67682671546936,686,153638,confirmed,
657,0x5DCB9De3Be5C3a7a828A86B7A869ED5BC4026978,node12,d864af03a35621882c69d749174eef01ca1be472565aefd6252ad2c85bce6cd4,24,1791412566.3525052,1791412597.1882503,30.835745096206665,687,153638,confirmed,
658,0xDc4ba77668DAED2B50A95274D99C7C10F4bf7449,node13,eff7911dd3128bd75b4f28fb61ea1899b932f9eb0586ea2202b13dafc1913438,24,1791412566.3541524,1791412571.605428,5.251275539398193,673,153638,confirmed,
659,0x99B298Cee75313a7e93d70087eDdef57cC8040fe,node14,8be0121ce546006ac0c976651de6a039a6872f6ad1c70bc7a6b2c6a29016e0e1,24,1791412566.3573928,1791412577.1271935,10.769800662994385,674,153630,confirmed,
660,0xB7D7Ab748061Cd1b582921b3acbDeF5480f06408,node00,245a6634a80b3668ab30da503e10570bb25d8173e6d9048bbdc9ba720362e0e3,24,1791412566.3601844,1791412576.8589654,10.498780965805054,675,153630,confirmed,
661,0x233BCeA3d8d6d8d987447F2A53cc735977d7d408,node01,9659853e5a55a0a1189e2d60a3f52438c8fd6c41a10b686aa9167c2fd5307c9b,24,1791412566.3613746,1791412577.296643,10.93526840209961,676,153630,confirmed,
662,0xeb7468fE1691494Dc89322d923ca51e7763261F9,node02,f42a911ea3067ff966faf72a51989568fb498a218343442f81f44d4b159e78e6,24,1791412566.3634887,1791412576.970366,10.606877326965332,677,153638,confirmed,
663,0x0AAE8096e7cD9354fE0108C2a0E269DDEC80102E,node03,e3dbd59428862f87e9503dcd26173775d11d2271e0e7811d522722672fb52196,24,1791412566.3648515,1791412581.6041336,15.239282131195068,678,153638,confirmed,
664,0x797138aa0600b66aC73408147098FF5a7F2A111C,node04,3074cdc528fab9a39c5c03ec57ef66dfee16887b42f66b9e72eaf18bef58a6ad,24,1791412566.3668525,1791412582.1129541,15.74610161781311,679,153618,confirmed,
665,0xb505107Ebbdf0fF9ff1bD7D9468b402dD0522717,node05,224b3ef81b8e6636c10163baf150b2d8e92660f6d6d44113fdf4944187d15f89,24,1791412566.3692126,1791412586.1743767,19.805164098739624,680,153650,confirmed,
666,0x332f092822c7Bc53030F5d392EAA44e754cDd66d,node06,ca3f9c984fdda5dc1136755d43d704f64274b08b26010cdaa3c7c25e6eab1089,24,1791412566.3707418,1791412585.7740192,19.40327739715576,681,153630,confirmed,
667,0xC390da0b0779CDB120C4351651c55F5083aF24B1,node07,5d130b99738912be19532c769e1b3235229d352a8a4f3735c407d66118aa9ba4,24,1791412566.3765504,1791412588.667885,22.291334629058838,682,153650,confirmed,
668,0x949d2A41e7746306591e6B3b6Acc10DD47d6fF0b,node08,fa595a0f9b318c766e94aeab84d9b034fee6ae9d8fb40604c4fd38d35882960c,24,1791412566.3799667,1791412590.6111567,24.231189966201782,683,153650,confirmed,
669,0x3AcAb932f0F3f050D3Cbacd296eCb4AE813Ed864,node09,960126194a66778d864914562e9d484f62453ed9694018bc888d8adde37ff565,24,1791412566.3841007,1791412592.4325106,26.048409938812256,684,153630,confirmed,
670,0xd87518e28C7aF2D2ad0dFE7FA12703C54Eff3658,node10,b3562d28e2fc0a4373eeb7a28d5b1c5593a01304f00cfd3b77fbbb9afd0fa31e,24,1791412566.3863585,1791412593.7041657,27.3178071975708,685,153630,confirmed,
671,0x6c80a518b206e3bFF53Adb473e2280037D28310F,node11,23c701cde3921c4eae2d5b6d517e5a9bc89b186be1796e517afb929928875061,24,1791412566.3957467,1791412595.1539586,28.758211851119995,686,153626,confirmed,
672,0x5892d1A682D1667D0A629B3ED312A6129FA6fb1e,node12,4c2b4bc1beeee9f04943fbd63f90a8b0a45064cb7b8a5ac130693af863a66ad0,24,1791412566.3980484,1791412597.251304,30.8532555103302,687,153630,confirmed,
673,0x16dd38436Fab07423C99Fa6202b8Fd262D360309,node13,405990f344a39bbcf1bf77f255b7d28c61f346a16885ec7ea3496efdad002f06,24,1791412566.4018958,1791412571.7068098,5.3049139976501465,673,153650,confirmed,
674,0x0215800a86D44F9c4570706eFB2ef076522a14a4,node14,67842e61e4b55b61b502ff1ef78858b2531eee9eb9765cf3e73e52cfbcee87da,24,1791412566.4040177,1791412576.8848383,10.480820655822754,674,153630,confirmed,
675,0x4357e52ae5D925Dc460b81A6cb4C772113e44873,node00,76e921de2fe4808d57d713b4ba12cf3ee07db8e0fbb947ed8ce6efba4042db51,24,1791412566.4065993,1791412577.0280294,10.621430158615112,675,153630,confirmed,
676,0xda084404f5DB7415c45C9a2B67CdaBd161B6a82F,node01,d2c9117cae6d7270d9e1315794d01587773d016f172fb9e293608bea1577d002,24,1791412566.40835,1791412577.881951,11.47360110282898,676,153630,confirmed,
677,0xE72EDf5c7064013A97Aac40cBD233a94e4ba21E9,node02,a46082dac50b3d9d74c0e454da6c383ee322e4c603d21f7cf4ddb170097c6cec,24,1791412566.410296,1791412577.1103234,10.700027465820312,677,153638,confirmed,
678,0x4f6122d2ca6A1274dc4787BD5Fa713E0A2c314fc,node03,e7ed0b23a77975ddd70b4516e045e7753ec94d55b31c99ef2a9eeec845da5328,24,1791412566.412229,1791412581.744658,15.332428932189941,678,153606,confirmed,
679,0x872c174999853c13fF17a4D596E386cf44c79C3a,node04,5618d30ff2d1a0f49797f2bd92585f2e6a96e12d75fdbd50dcdba7ce7990374b,24,1791412566.4155915,1791412581.9343493,15.518757820129395,679,153618,confirmed,
680,0x3Ba5330cc812DB6BeFfc043C19EAD30cc83B8B87,node05,9a2e6532f628c177dfe0d7605df5d02aa685c6ab69be9c88efd6079bf33ca9db,24,1791412566.418174,1791412585.8329043,19.414730310440063,680,153630,confirmed,
681,0x47a5edF0206EE12BBc6673A256f6c483a62E30D7,node06,6ac7ff13f0f3aa58b69a4320a8a7d31c80708de9db34554891469224f034d0c9,24,1791412566.4193532,1791412586.0322382,19.612884998321533,681,153650,confirmed,
682,0x732d717F7E8e27F97e8e59e2073b888637606869,node07,ebf5137b2be7488d3e36fccc09681305e854a5d44d61a1d6d99dca33c81c69a9,24,1791412566.4260807,1791412588.7186713,22.292590618133545,682,153630,confirmed,
683,0xe4E35CFe820Bca5C16AE6a9b50eD620b6e108B54,node08,35da93be56da53ed38a9774279fbc72840f2e8c71a6dc6529365aa4fa7f927df,24,1791412566.4321904,1791412590.6935885,24.26139807701111,683,153626,confirmed,
684,0x655aADCc2ca4A4CE9AaD8710DC0b71081d27F2b6,node09,7dad6c83b0a8f1735cc553d5369dc92264eea87ac6a12b5d5bc65c13e636de5c,24,1791412566.4354491,1791412592.48222,26.046770811080933,684,153630,confirmed,
685,0x84494A04D6c61B6C478f9185785Ea23c01624D7d,node10,9798666ac10f8c7b83377b8c8fcb9f7e35512ab7581db8ea6bdc450d179a9561,24,1791412566.4380205,1791412593.8238916,27.385871171951294,685,153638,confirmed,
686,0x5210A7a29a0c5f54b66429c4f4cFffCF6f6a8e37,node11,5130bf69f662e667ffbbb354631c67159944d37e302319a2e13a2c41b286c5a6,24,1791412566.4401917,1791412595.0663228,28.626131057739258,686,153630,confirmed,
687,0x4DD612234F3dc3747216f0D5718165E0290F8A0b,node12,aee8f30f928faccc66346c168d866099901b113ac292ff8c427a5f1859dc600f,24,1791412566.4420726,1791412597.2199898,30.77791714668274,687,153638,confirmed,
688,0xd59c7497fb759Fc15c8751D61662E64A0f92F928,node13,d83a46c69c0be985d76009b32a334c76b4153c1382c1f8b8434f7942819fb8af,24,1791412566.4440804,1791412571.9103951,5.466314792633057,673,153630,confirmed,
689,0x377c54091F6EA4aB66bF142f7751b609E108d72f,node14,b67fb5576ff67de1935e5e58a3481d3b90c88729e27ba5c615405ad5b5225c1f,24,1791412566.4489715,1791412576.9581606,10.509189128875732,674,153650,confirmed,
690,0x97D588f4Bdc1be977e3f0A30cd86A56B62202a9D,node00,99e697341cc600de6b761af66df28dd60dfe54e4a5e344224f6c03943087f680,24,1791412566.451048,1791412577.1594906,10.708442687988281,675,153630,confirmed,
691,0x997C7749B7Ce79fFd7ECfD2202e4f4Ca244e6d39,node01,2e5ac9d69188887deeb75a548a0ff46736d29d958ed021a3ee366537c523a994,24,1791412566.4541676,1791412576.9256365,10.471468925476074,676,153618,confirmed,
692,0x78Be9069DAe7184ebE180631C4c614c726495B1a,node02,7550e031a2d8ae2befa587831cc2eb932daba495df5b163967a3e4975cb75fda,24,1791412566.462044,1791412576.922586,10.46054196357727,677,153638,confirmed,
693,0x480dD99359605Ee101b73485F3e74E7aee8848aF,node03,fbba08a7b853dacd2c5cecd755e20a4f72aca2d8127e4e31347419addbb63284,24,1791412566.4656606,1791412581.825259,15.359598398208618,678,153594,confirmed,
694,0x75e4A115f909900Fd9F2D3c7435AD8A77E88bb37,node04,b0319f9e0a9a05b8d3d7e87f04cead161d0b3690f295a0a29adb006f4d84a184,24,1791412566.4666967,1791412581.90446,15.437763214111328,679,153650,confirmed,
695,0xE7B1Bcfa045ecD4d4599A771408659bAB562e89E,node05,3c015da400f541d7c7fcca49adc3224193a3f0e7037ea1f81ad5d2be82a7aaeb,24,1791412566.468507,1791412586.1409726,19.672465562820435,680,153630,confirmed,
696,0xF574112a0bb73D37D7c745c488F97879603DA14e,node06,2ccedcaec2b8b6f3bc418c074cfd11446c35577044b99cd8f18fe9d3aeeb1589,24,1791412566.470626,1791412586.093678,19.62305188179016,681,153650,confirmed,
697,0x1B6822CaA7c925aDbf2f60784EEa1Bc66072e05f,node07,e396c49078f5464d82bfee9bbda6e6c565338e78d3f026df669526129d0f508c,24,1791412566.472583,1791412588.8783946,22.405811548233032,682,153650,confirmed,
698,0xb4e838BB733064b983F0512807A41379Fc746F70,node08,e610e6abb66ea101c3063b44713ca704231a224279d14408dd7b053c5e84f2a8,24,1791412566.4743726,1791412590.5866811,24.112308502197266,683,153630,confirmed,
699,0xeD1555562a25D48D81695099CdBCe4b4775e098B,node09,5e43eb0accbe17034f90caaeed4ffb289a4d079819cc9bda6d992f57128e44c8,24,1791412566.4752138,1791412592.1799674,25.704753637313843,684,153618,confirmed,
700,0x29e07875848B37C072aF88712C5de87C2865F00A,node10,40c45e45364e53da3eea1c4213593921cf4689eb3cb9d4f17ee9a007517a98b0,24,1791412566.477289,1791412593.6765075,27.19921851158142,685,153650,confirmed,
701,0xf85b364F2DE09b7aA4240F0a9b7be1a2c0348274,node11,968536df93172851ea41bb9a742b7f829a3883f8987cdf016f47856c7e1fbb66,24,1791412566.4820094,1791412595.1723392,28.690329790115356,686,153630,confirmed,
702,0x937C6C31Ee4458817b4Cb2E6B3D83f5f60F60DC4,node12,1758141a14cf15cde1defa12ca75dda9c2921177f7537bff01fba8e2f200d5f4,24,1791412566.4848983,1791412597.2537894,30.768891096115112,687,153630,confirmed,
703,0xE2fAc02dEb85D7Afed84975b794a1D3110852d5F,node13,9bf834d37df992d076a22c58df02c1b97798071e8263c554d4049fb506d1cfe5,24,1791412566.490543,1791412571.9574487,5.466905832290649,673,153630,confirmed,
704,0x832224113Eea638A2AfD393dB364C514Bf2511bd,node14,d2517eb7daff43de72e0e641cf21059ead4fd89704444e226495c85fb783c7b2,24,1791412566.4932714,1791412577.3737838,10.880512475967407,674,153650,confirmed,
705,0x5Eff5649bd8C5Cd626606177F0bdF81fA49b0279,node00,c4c739df562c411b3afe56f1eeabc33004faa756a05806fc6ea681caf16a97e6,24,1791412566.495126,1791412577.0680733,10.572947263717651,675,153630,confirmed,
706,0xD48a6146FADAe9e48F1B62f19428a001dA205243,node01,8fb21f4eb1f40b7a110282e9e58e8d13920550779910e3edf062c80e65954843,24,1791412566.4973779,1791412577.0404868,10.543108940124512,676,153630,confirmed,
707,0x2fdCf29617f09224d64109E0b72C3F33872A0983,node02,926c79c25d63f2ed5f91e4d52dc3db95cfd6a9946b413585df04e9bd75d810b0,24,1791412566.5000901,1791412577.1511104,10.651020288467407,677,153630,confirmed,
708,0x095975a3E4132d64C9d10677440E33781D9Bcf5E,node03,ed116c1cde949ba05b4122cfecab43ab8794c6e62ba480debd6acfb3f4764ce9,24,1791412566.5016003,1791412581.7364316,15.2348313331604,678,153638,confirmed,
709,0x18513bBfF7d3e039be1c232439FCF3296Ff6C0Bb,node04,8eb91804b3e429edd6c874ac1ae02659e9a5b52e9c905807364f447c19c9e1a3,24,1791412566.5031414,1791412581.8232725,15.320131063461304,679,153630,confirmed,
710,0x230aA747Cc6960c4294DB018F6CeAb555DFc6745,node05,45fa725805fdc5b194f2150218b43c1f114fc3ba3091a8024eb6d6cfe70140ee,24,1791412566.5051124,1791412586.0889575,19.583845138549805,680,153630,confirmed,
711,0x41f8Fec980C4E960897046f7d41F4366948f252C,node06,38641396fd2724a286b11135c728f5b97372f4cf61ac58f46d0c62c6ca3afaa4,24,1791412566.5066001,1791412586.063876,19.557275772094727,681,153638,confirmed,
712,0x54A1D51b1FBd815dc1d15b67E4FC41298295Bc88,node07,6bc1f5939162e893c2e13ce04f43e83bcacf760c5ed01406853ef28fd71674db,24,1791412566.508737,1791412589.0631406,22.55440354347229,682,153618,confirmed,
713,0xdE824D0a6Ae8900C1a38a7e3b6508Ab2A0670c56,node08,1935143d6e6c9abb19f4081412c3961b0c99f174cb6ba365e2b5a31d86bc6b0b,24,1791412566.5143619,1791412590.7859392,24.27157735824585,683,153638,confirmed,
714,0x31271e0b2749D1dEE3cE61a7FC47786C53B0a2b7,node09,27c94bda2ff0e09128a652f4d9fe59871fe44dc896602df4541a384f0b4bc2bc,24,1791412566.5167046,1791412592.7054799,26.188775300979614,684,153650,confirmed,
715,0x48534ce05EED91AeD235B04e5DAbA63B05E04f12,node10,7c48b8ff07316814ee03c927a862c8f30c05898db2e157d0a9de08b7ea1708da,24,1791412566.5183809,1791412593.8120854,27.293704509735107,685,153650,confirmed,
716,0x22656f2D72F80bCb879ddD185ECffFAbB8d96202,node11,0d0faca12a74cf08c34e8e9f25501decbae5fb39a5f0752f399f261e796b1249,24,1791412566.5199866,1791412595.0909836,28.5709969997406,686,153650,confirmed,
717,0x132390be93b691fE0C1641f92A094C99BcC79243,node12,32cddf86df7d1fce108e15a67f5f79ce0e29d18e7dace69a1c229b799450c6a4,24,1791412566.5206065,1791412597.2412956,30.720689058303833,687,153630,confirmed,
718,0x844Af456E5F69163E900Ff85bb3a9906C3FD6B35,node13,8dd885caa1bb9991f364e3a76e77e0bb734099ac89705c7d4e7813ccece7b0cd,24,1791412566.5249836,1791412571.979864,5.454880237579346,673,153650,confirmed,
719,0x7FA9F374912e91C377F01BCe7536dD5FD3DF8598,node14,645003d86f11d2cdfc27da0194aa5fc84dfdf9a68d1991e925facb691253520a,24,1791412566.5273402,1791412577.017789,10.490448713302612,674,153630,confirmed,
720,0x11358E070c8e8687aeD58961c3d5Efa30066C73A,node00,a21fca2bcdc38695f3b8b54664d469baf64bb952004d907f002bb47bd5612272,24,1791412566.5290635,1791412577.1673648,10.638301372528076,675,153638,confirmed,
721,0xdF28aFbFd6D9e91A7CF3d8709a91dDe0b5985826,node01,c21e9a12e212b96d6538104a08af856dab5f6aeefc0af55a3570f57a4eedfda6,24,1791412566.5306878,1791412577.1809509,10.65026307106018,676,153650,confirmed,
722,0xfF8265f83a146ae2865068237dF6b18a6FF1e78b,node02,066836a106d70228b4de40b3842b3da3947426cf8401144b1f1d9c0385e17df3,24,1791412566.5327833,1791412577.5566764,11.023893117904663,677,153638,confirmed,
723,0x4a896b665Ff8730B606842f8a29d58101a27e03F,node03,7df7996578cdf7ff6ef5c0e0b91c782774bddebcc77c29edcbeb9eb32af7c2e9,24,1791412566.5349953,1791412582.5672886,16.03229331970215,678,153630,confirmed,
724,0x7Da22a3D9eF833E9E12Cac9cC766fa56519dBa3E,node04,0f05fd085d13c78108a48b5a793afd00f8b2fafb6ba3b9b90ec0c4d90bb94ba1,24,1791412566.5366225,1791412581.7735052,15.23688268661499,679,153650,confirmed,
725,0x7D7e7dd3A5c479d3C30fe1C073740a494F1Ae508,node05,76e1d10423c98fe0a50a19dee2b9ffcdf3f2560976ee5477af9be7da39dd5584,24,1791412566.5399773,1791412586.2584023,19.718425035476685,680,153630,confirmed,
726,0xf58ADDB00cbE632bB38810793f211b7B3d8E8c4f,node06,4826d649459d7f471b613e5f8c989d4fdfc2ec636c30dabca05481773255ee1b,24,1791412566.5417166,1791412586.4720535,19.930336952209473,681,153630,confirmed,
727,0x2227FEDc4cDC127a0c2E5E9065f598292Cce10D0,node07,d4ffec8e295ff4b8d1f0ff8d853fb8520c90c21e5ef9e29a34bb63b2de18ccb8,24,1791412566.5427308,1791412588.8463476,22.303616762161255,682,153650,confirmed,
728,0x277374cee6D9BF2f0847adAa93fD95879e52113b,node08,49c4f7f87cb79961fa94c11787f20a0b3c9b30e7e87c34dd63f873f446fd2069,24,1791412566.5450375,1791412589.1026037,22.557566165924072,683,153650,confirmed,
729,0xCAfF73c67545b54E3cEcD8D9fE8a7F9C379286c6,node09,10b2ff70d986e5e60cde170488be16dbc1f363770d1f2fc858fdf714337de4f2,24,1791412566.5470808,1791412592.2760096,25.728928804397583,684,153630,confirmed,
730,0x756c969acf08C37c45eC5042b05ca1201e0f28f4,node10,d61019f37f6aea27cbde97342fac2fb8c986ab58a3b2a20649c7a4bb73f3c332,24,1791412566.548822,1791412593.7702363,27.22141432762146,685,153630,confirmed,
731,0x821f2E21E90B20AaFa169D34554bF15b4362c200,node11,ad905258219194623abf45ae1d99502e1daf42681968ed0cdc01bfa86638986a,24,1791412566.551625,1791412595.1626863,28.611061334609985,686,153650,confirmed,
732,0x73951b7394b9D7eF584CDCE16CFD4E4f4D63d3e8,node12,65a67de8a4f334848d7d8db95158a37b226a982afc70f704145d3a436cf8c42e,24,1791412566.5539358,1791412596.7627926,30.20885682106018,687,153626,confirmed,
733,0xaD8ef75ba2C7905d8Df89DA11A410F2484f6f3dB,node13,3f116066e272a18768f6352de575aec1a7385e526fafd36790d55f8bdf94adce,24,1791412566.5565183,1791412572.0546308,5.498112440109253,673,153650,confirmed,
734,0xF4cA4A7E03f130fd8b739DD22eA6490E86128286,node14,d5b3c09e8b1868cf7971331a0c71f2e77be6a53f96f749be00f82991bdd999d5,24,1791412566.5591848,1791412572.144829,5.585644245147705,674,153650,confirmed,
735,0x36607FeE4B8201594Cda102E9B13fBc261D7fB4f,node00,ec0839ccf1264f1b0f00fe8574bb51b6457a8048ac3d8c1115c606f638d93098,24,1791412566.5610125,1791412577.4422483,10.881235837936401,675,153650,confirmed,
736,0xfE684679Ba6eEf4995A024f5E38e1Ce34C3f64B2,node01,3717a3de8afcd113115052c32de69215a5558cd61e739ef905b30e2d9d2c8e96,24,1791412566.5620255,1791412577.7229223,11.16089677810669,676,153650,confirmed,
737,0x720f3c0B564CE23eb3F0809FB780F8A75619009F,node02,cc469c4206a83d95a156880ad6dec075741ae6a4a0c02578ac7872814a6e8a13,24,1791412566.5636396,1791412577.329445,10.7658052444458,677,153630,confirmed,
738,0x387F7580DEBd72b6C726279324419DCa37a9457d,node03,00cab2cbe9d612d30a072f76db7e0934138cefb41978e62275ea63dcfafa1a5d,24,1791412566.5654972,1791412582.0227826,15.457285404205322,678,153650,confirmed,
739,0x44F240e213688C6D22f6ea47Be9b2D369867Fe97,node04,c8c7c9dd852deee501ac39f3927290a7233bd170648451a5fe5148f758a25d8f,24,1791412566.5670302,1791412582.1091394,15.542109251022339,679,153618,confirmed,
740,0x7DEC133d60Be7d088f772A878aE69b77626716C3,node05,ef964a87d488e461b60fc47c096f610e259a356386154e8bec4e683105ea2a9e,24,1791412566.5697622,1791412586.0853252,19.515563011169434,680,153630,confirmed,
741,0x2b790601191543Bae69245188aC549572001a0e9,node06,3ec4ee552386895e241986413d8dae051558fe0cd3faf8af9553cd874483ed40,24,1791412566.571741,1791412586.4133856,19.841644525527954,681,153650,confirmed,
742,0xBf40BAB56A929dA7890bB2cA0134887BFa43b6f3,node07,6af7105e395f9eaa54cf75c96502b1f0eb959b25aaa5174268f36eea8477c818,24,1791412566.5735586,1791412588.8739688,22.300410270690918,682,153650,confirmed,
743,0x6D2ce50Bb306bEFcA60B77C9518B3141C9470330,node08,a34de01c7d0450a9b9d6a072d346527aa578352b1caef947f05d1d9e6d7fcd4a,24,1791412566.5756388,1791412590.585042,24.009403228759766,683,153630,confirmed,
744,0x81d2117df8e60FC5dC18c725fe764dFe2023c90b,node09,36bb70a936ffa32517a730747ac188a443f5d1e52e4134d33cfe62e51c039b07,24,1791412566.5781949,1791412592.466235,25.88804006576538,684,153638,confirmed,
745,0x9cf5AFAC59cC7B684bA1Ee51cE89Ec801D7dABF1,node10,86f624d7ee8d5c7d79ab26ad31714c357ad2bd0ec69e100147364bad86b7b0e8,24,1791412566.5797322,1791412593.743735,27.164002895355225,685,153630,confirmed,
746,0x74aC55E21506cD1D8c2230DA75570C4E405eb8a1,node11,c5c69cdeda4174e13a338f72d31092eee7c0d0f5ec6f3f0650b6285e41c0ce97,24,1791412566.5817246,1791412595.2135465,28.631821870803833,686,153650,confirmed,
747,0x6584cB19d4aAc895727b6E24425ddfC1afa55678,node12,62122082bb77edf0108ab867afcf5595efbc1eee346e24d1c021cdaa892fea3e,24,1791412566.584687,1791412596.7440276,30.159340620040894,687,153618,confirmed,
748,0x254Ce2634cacc39F347b587BE5cDef0592cDCf98,node13,4c2dbdd57db72661b29b9b160738db427919152fdb2a748f936f20ba729b1490,24,1791412566.5863132,1791412572.1369789,5.550665616989136,673,153630,confirmed,
749,0xa1Df85f2CD5DAd510C6733Af774E327DB359115c,node14,54b726a79c5430bfa20b7a05aac2c6e76e133e090e150570abad05fa2d656c75,24,1791412566.5881672,1791412572.0675757,5.479408502578735,674,153650,confirmed,
750,0x53279FA7483a8CE9A06D52A5CD528C43Fd9E98d7,node00,8c2079663353f9ab88dece703154bcb5b8b409711e5b28db819f4b92b9e5ec3e,24,1791412566.5904408,1791412577.115285,10.5248441696167,675,153630,confirmed,
751,0x56F0150860cF7faA2083a95720247CaaC64EabF3,node01,bb92127a93090165230e7339de18f16fdcf93cb2226e9e2afab9392b23147bb8,24,1791412566.5921469,1791412577.1300142,10.537867307662964,676,153618,confirmed,
752,0xb63BC43c8A989644EBD691D14cE2C5CaA58E40fa,node02,910eb7db94b22c9f4107d4327b8ed70cc357c67539321e75ff92a05b613d4f49,24,1791412566.593997,1791412577.3256965,10.731699466705322,677,153650,confirmed,
753,0x0425d748bEba2B049b371eB4E16EDad48FEDC9F1,node03,2ec3d82c1bbeff6e0ec0cb1fde0821096f26f3177f3f5de473f6d08c1a080795,24,1791412566.595692,1791412582.1522408,15.556548833847046,678,153614,confirmed,
754,0xd81E83D7c36bc14545feF248826f632eF5635D7e,node04,4606ecc111133f7b1d077ea5d7a64e52e672250673bae14ee937a634118c8a44,24,1791412566.5972772,1791412582.2561681,15.658890962600708,679,153650,confirmed,
755,0x8699fdC562579EdC889E82514EE10786814011EB,node05,e859ec7eaac8509714a719937f87d296ccdc74e4026d0726d66e3889e4683668,24,1791412566.5993652,1791412586.1086302,19.509264945983887,680,153618,confirmed,
756,0xCE6AB47E60811B7Bd569d1fe78e36c63687DEFEe,node06,1517c501960462372206c0d45af77aec7c151bb13cf726b5c74ee9598e05bd06,24,1791412566.600946,1791412586.0546613,19.453715324401855,681,153638,confirmed,
757,0xBE9161e42b8691B6755cbe56A0b115304B72124c,node07,0fee7a9c8f7847a1b91e777450b789cb70c5647d6e87cca3d244ef0525226eb9,24,1791412566.6025522,1791412588.8264704,22.223918199539185,682,153630,confirmed,
758,0x8851855bA4e8540945F8dCb177bBb4CF0D6423b3,node08,7a295fc6c08d668f8035260738dab08e8ce358da09efbbb0b8c2037e333d837e,24,1791412566.6038396,1791412590.724443,24.120603322982788,683,153618,confirmed,
759,0xfafF42Dd10Ec8AA0Ae1Fe9BEB0ED1110C1b3c663,node09,3bc40deb65a7550e25b3314d65d96bf2b3daa976bdbadb188dfa1bfcd854a9c7,24,1791412566.6056628,1791412592.5663316,25.960668802261353,684,153618,confirmed,
760,0xE4a3CA9c45e9c23352c90E93a87Ab0bDf0B213cD,node10,5cd5022f3773df7b21b2ef65ac704a8d1cd0d289f0788c8a314f673e5a10a5eb,24,1791412566.61154,1791412593.7951677,27.183627605438232,685,153630,confirmed,
761,0xB6a013831e8B111372231112ce4524f0200D2661,node11,ddfa82d95de281a3c0e306da7da4c2d91fb3c781392d6dac428fc67c6b579680,24,1791412566.6131814,1791412595.2329555,28.619774103164673,686,153638,confirmed,
762,0x9b8F5aca7Dc2cc8e8f7E9174f2663ef1Da394A49,node12,c3466bb868fb0c30d7ca3a072a01494eac040dbf97de357893adc28c7e9ef3f5,24,1791412566.6141353,1791412596.819652,30.205516815185547,687,153630,confirmed,
763,0x481018A0112705f9ba246C446FF64b4e529D19cC,node13,5d5f67d68df8714aef1c352daa463dafd49db529934f6ac00f330b2dc2c90b26,24,1791412566.6197643,1791412572.1996741,5.579909801483154,673,153618,confirmed,
764,0x51C8c18bC57b386cc8ff44ef4ecd7B021d5e840f,node14,d91b43b96cd2484b81a2ab81eca3608795e93bc01c08dc43a09e3befc1b465ef,24,1791412566.6212163,1791412572.1716216,5.550405263900757,674,153650,confirmed,
765,0x6157A858a8616748445Cf8C92C8a09Ad871802d8,node00,a15e7c7591e3f38dea6c5b4d9ea10e6da798c7325de91af4997dbc482faef444,24,1791412566.6231914,1791412577.7005134,11.077322006225586,675,153630,confirmed,
766,0xBBE646959B3337E63969332df5Ea51A02c00aD4C,node01,9ca1d6c2b5955e0720566532879f8c65553d4050b5137be686a96348bcf01be6,24,1791412566.624841,1791412577.2835712,10.658730268478394,676,153618,confirmed,
767,0x56C4C53C3512dEAD8f06319e4bf618B76B18d800,node02,9a7b78e94fffc5747a2f36ca3d2d1468e5b2926c60d0575dc9d5a52ee6f9318d,24,1791412566.6271124,1791412577.5625672,10.935454845428467,677,153638,confirmed,
768,0xa4C01Cde9331856BB1b53519c9526252D4462F9E,node03,3e37657ca9f6cf84a80ab03de31e2edac50a23ad8abeaeffdc0881b25fbaf4cb,24,1791412566.6458387,1791412582.1493752,15.503536462783813,678,153650,confirmed,
769,0x82791954B8AD78bA8285d54918e7Da4a89653b7e,node04,a1bbd628a6d309f6999c61b6bdae9caf131f3ddba706891f2563279d36007b6d,24,1791412566.646961,1791412582.3557858,15.708824872970581,679,153630,confirmed,
770,0xf13D810737A55f7083B5b4426cee36db4c07dB48,node05,a03c62b349d41f6b21d0542e6d8ea9a4e5296251e4b8760dbc18885d47d4edd5,24,1791412566.6502864,1791412586.430699,19.780412673950195,680,153638,confirmed,
771,0x56BcAAb537fA9e7bed97db17867374A9AF1b70da,node06,a5242a1a9e127944b7410bc938cfa1456e827f1d20f6c6d386f1e1a69976bba3,24,1791412566.6511164,1791412586.1277645,19.476648092269897,681,153618,confirmed,
772,0xBBf56517Ab9E55D6cacf6048BA084c027888Be54,node07,5a2d30f0751d64c53dfb6dccfa708ba1c3024930855fa8ee12068bc8d897a1a9,24,1791412566.6523423,1791412588.940038,22.28769564628601,682,153638,confirmed,
773,0xDD5545c132eE9B597E2707Bff72F644fdf7B8E85,node08,9d77d729aac756d680f1f8563374a63355923387313e54e7fe3a1468e8460079,24,1791412566.6539783,1791412590.6651382,24.011159896850586,683,153606,confirmed,
774,0x546A147dd0dC49caBd9D6B7B1e8c982e8F41071b,node09,852ca103d325154fb255340b1fc7b0c906147e3889e78ac3cf305b64c1ff548a,24,1791412566.6589181,1791412592.6137176,25.95479941368103,684,153650,confirmed,
775,0x52989fe50d210c971C19cb01ad1b7C9843181895,node10,fb540a557e7a03ea6f5bca94b3736f2ee85da9ea81765e30c6d9962b3080852d,24,1791412566.66521,1791412593.6987858,27.033575773239136,685,153650,confirmed,
776,0xf5Cc865696eD512c6b2148EF781301AFb6d01898,node11,460b7fc08284eb06174e619e5bbb9f8789514652ad4257ec77e46bad66daeded,24,1791412566.6676273,1791412595.2076793,28.54005193710327,686,153650,confirmed,
777,0x9c91ae0d05c76f9b409E4A070eD76dcC5cC65712,node12,5070b1fe1ae83f5cc74c828e4d1417528c2e5e7a1f6cb082652ef16060a8008b,24,1791412566.669109,1791412596.7691472,30.100038051605225,687,153626,confirmed,
778,0x75F1Cd00A506C8aD766bE226b4B8BbdB2a050037,node13,327ecc038482641bb35ffb47a7ce4887cf01f5b364df5f2126e24b912e1d8661,24,1791412566.670707,1791412572.4655235,5.794816493988037,673,153630,confirmed,
779,0x56D15D8c198400B84d9fFEEe4fC92a719B68Ef0d,node14,88c9c6f4f16a74dfc26ae122df5d0a705dcacf2e279a0b736f46d7789cc34657,24,1791412566.672964,1791412572.1796374,5.506673336029053,674,153630,confirmed,
780,0xAB058aEcE2949e1B9F494aAc7bbD6A8c196EB324,node00,30d1b75622479741b3b2adf269128b16ded8f46a90106438bf93e7b3cf30b23b,24,1791412566.6760666,1791412577.2046866,10.52862000465393,675,153618,confirmed,
781,0xe508f9333872dE65B0dc80fBF5e6EF30866e8501,node01,8bc2a13b3ad65f63ae814b3ad25506bb66fa27bb0dbf1fdf5323d07edf9c204c,24,1791412566.6807885,1791412577.8289442,11.148155689239502,676,153650,confirmed,
782,0xDb57cf0ae5866622f9570201e320D481Daa0DE51,node02,475b08cbfcb35ccbe30545432a7ca6e55fa824231a2f5f4ac37783f58df2c3e6,24,1791412566.6838057,1791412577.4940717,10.810266017913818,677,153650,confirmed,
783,0x5C1453c1aA5d12747F749cD691524E7943B9e77c,node03,81cd64821570a84827fa642df630cb07f82f0d2c14b9845f1e8520e74dd00e77,24,1791412566.6857421,1791412582.3202138,15.634471654891968,678,153630,confirmed,
784,0x833dfC744E99f91aC439355152f7c2c9BAbE57fb,node04,24f146a096d4863e9c6babc75a0d2795149b9b14f073f2263600c45ee3046b42,24,1791412566.6871405,1791412582.2395809,15.552440404891968,679,153618,confirmed,
785,0xF318ac0681380AF218fe0faDB2924048bAB6726d,node05,e4d81d3435e46bb5bd5e3defe7ec1711f565227a87af2e420eb2981a7b078743,24,1791412566.689482,1791412586.192118,19.502635955810547,680,153650,confirmed,
786,0x3Cd6eec92477A48d6Bb111E1ba4839b1e7eA3e6f,node06,07ef8514ebd61c90008a172a46fa05a423c612a91b54f7cd059d28e5055b0760,24,1791412566.6912754,1791412586.1649702,19.473694801330566,681,153618,confirmed,
787,0xEDe6Ef0770fBb7E389D21D6F2973f3e473f924e2,node07,5dec2cbc88bb0e9de56d36ee3acb2e90b6a17623e94c39dec18793d993a4aa29,24,1791412566.6939125,1791412588.7512019,22.057289361953735,682,153630,confirmed,
788,0x9AfBcb55c1b8e9E9cc3a62c2d8FF559459a9f247,node08,988f25a63899b1c6b82a3db8ca8d132b2562333a2c8623a34908ed858ef089c7,24,1791412566.6957176,1791412590.6200714,23.92435383796692,683,153630,confirmed,
789,0xed7E8d860Fa16fc77289d77cF39f7afB30BF77aC,node09,7c0a8a8e97774f9f9ba9c69c6e2b037b463b40645dccce5b3d420023aa346902,24,1791412566.6969364,1791412592.4957256,25.798789262771606,684,153638,confirmed,
790,0xF0eAcac1a193d063F851adD28c530e7872bf1D19,node10,ec4c565301306e2731f84bbb340681340e9648fbfca11a370bf26a57e6634629,24,1791412566.699294,1791412593.752415,27.053120851516724,685,153650,confirmed,
791,0x19c8f7FAE073c921c816721cA64C90F802072F67,node11,920ed05fdf0d7cffa9798670f54bd32fcc473e8098a411e4ce6bc4e96e92b131,24,1791412566.7042785,1791412595.1571417,28.452863216400146,686,153630,confirmed,
792,0xE628fF0C5bdd7d0E5B6a50B19C5D329dC6a8c867,node12,89575d2503a11c33f3b49ade999fe89e242fa0836be01e47f1f9c69edd1fe817,24,1791412566.7065852,1791412596.8347712,30.128185987472534,687,153630,confirmed,
793,0x96bD9aF5aB2c85ddb10FAae4813B8cf36F9B854D,node13,156b5a79be90abead8e99feedf31615db959f3af4c87b8a7a54d9d8c6d515778,24,1791412566.7077985,1791412572.2593756,5.551577091217041,673,153630,confirmed,
794,0x82cf49980A76Da1773fCAD97e6F40d4dd6F60b25,node14,8697eae10f61adf49d27f2386408d86e089772b22b0b29a5d0be96340087cec7,24,1791412566.7090054,1791412572.3296983,5.62069296836853,674,153618,confirmed,
795,0x197F01d501C26E508AEFF78c28f0E2eDfa6Bf901,node00,45852943ae9818744c7613a057b63472a4f69fbddfdbc5f21f1c25cfa868ef64,24,1791412566.7110765,1791412577.5018575,10.790781021118164,675,153630,confirmed,
796,0xdf2e422E159a304df32A9E826044Ab1cAf24b1C0,node01,48784738b6234edddd08adec62c7c37e91407a98cdea1301f3bdbcd7b9649f5c,24,1791412566.717846,1791412577.3847198,10.666873931884766,676,153638,confirmed,
797,0xd1477E9C34164a45Fc8dF98D1Ec39c2ec833A21e,node02,f628ffafdde2a7d138577594a98633f3d6a608be9f18272710625df872b029df,24,1791412566.7207105,1791412577.4562504,10.73553991317749,677,153618,confirmed,
798,0xd65D8fB676E48B35e8A9858f9AEB3116322A700E,node03,d520d0c7caf332227d21fd7cf67e133758f4b127100532cb90fd4681625d26e6,24,1791412566.725814,1791412582.340043,15.614228963851929,678,153650,confirmed,
799,0x457cA377c2e9252A5fdFAc1fb0DECcB2E85B2A4c,node04,6bf2ee7933b131f1d9b3aac9b03e20cbaa88bafbf4920ee7a554d0fa7cfd91ce,24,1791412566.7275891,1791412582.287745,15.560155868530273,679,153650,confirmed,
800,0xB7899a77AC20002a4c286147c90739eDd0d97274,node05,c232243cf286797303a588276a216612f87db1c9c85a2d3770f33f5fe3169800,24,1791412566.730185,1791412586.3381023,19.607917308807373,680,153630,confirmed,
801,0x53fD59105c26b0C38718e3d3a75DEA5Ba8A05cE3,node06,7792c587701b9e8d1c1f90009d4229c1279a6e7d7337249ae4599f8648efea55,24,1791412566.7319276,1791412586.5118115,19.779883861541748,681,153630,confirmed,
802,0x1b1833d0777731ec9320F488E20730fe1f28aaA1,node07,b7ea71008c44b43f30f4285451ab8dff07be30bc05307cdc9caa45feed7fad6f,24,1791412566.733903,1791412589.0483837,22.314480781555176,682,153638,confirmed,
803,0x846e0eE15F2aeC8bA894203D3FB51823427aBc4b,node08,21609c98d8c576d421186fddd65411d246f3af82cb8b3dfe6248cf5dc50516ef,24,1791412566.7361112,1791412590.7158842,23.97977304458618,683,153606,confirmed,
804,0x77aE363C33c1D3D5E94435620994Dca0E792F10C,node09,82f30822bc7084bae3c9a8782b3f15e8e091b951db4712c5f70af8aaa854485c,24,1791412566.7381628,1791412592.657163,25.919000148773193,684,153618,confirmed,
805,0x19FFF0d622d8B5A60B0CBa692b05D3773dD198AB,node10,e08013b2a9ec5a9f0d05da09ffe65760ee80c7cc0486a29a9ece033b43e697f6,24,1791412566.7401369,1791412593.843578,27.10344123840332,685,153638,confirmed,
806,0x053a9f2Ab69e9e5aC9B3A4D60Dae8c1B652faBc5,node11,28ed0eb3c3adfb29a7b3318522a05352218b2563c500d811f1ed8b7015fb7f74,24,1791412566.7417846,1791412595.3134212,28.57163667678833,686,153630,confirmed,
807,0xEe35351C4A8D849Bbad85bFa32472c8067624BBe,node12,bfabf564ebde631bb67a3ad299f673862eb976121526780ce3a32dd94b57bd20,24,1791412566.7434936,1791412596.7502596,30.006766080856323,687,153630,confirmed,
808,0x3C76946979417860Bc7536452B212026696ACF2C,node13,5ef587a5f99b1e6c228f8742652d7f3fb0bfb49ed67f266d907cfd3afa140dcb,24,1791412566.7450361,1791412572.327248,5.582211971282959,673,153638,confirmed,
809,0x1D834cF423A2DC096237A0562c6467799A5D4c57,node14,f1bcfe70c007db7ea6991bcf61a6a0f5e19b48cf192391addcf62693a67f293b,24,1791412566.7502265,1791412572.2778208,5.527594327926636,674,153638,confirmed,
810,0xad46c5AF46c57d5dF7BdCf42a66A3C1E5174E6c8,node00,3b922c3173641b6b122a00e4893af6b295d3002fe3a4f8a9e1291e316e199184,24,1791412566.7519052,1791412577.6737387,10.921833515167236,675,153638,confirmed,
811,0x16b3Fef3A2085CD23fa9d7744989a771B8D8827E,node01,e6535933e1dfd4f0002ffddb4918365cdc6c246ef3b9414890c14ce619a6f234,24,1791412566.754531,1791412577.778226,11.02369499206543,676,153630,confirmed,
812,0xf3D79aed8983442972B08434a75D6C755a23E8FE,node02,8ce94ff4b5312ad32d437bd768c7085db48d2604f1ef8ac231ef94d9c4ce3b1d,24,1791412566.758205,1791412578.1940043,11.435799360275269,677,153618,confirmed,
813,0x8A6B28B3a61e103A3e9553C79Bf68c987fe1D5BB,node03,79dee88f853a5e88d5ef5203f374efa2307af6225ec16eb7479ecd0ed40504bb,24,1791412566.7599566,1791412582.5950804,15.835123777389526,678,153638,confirmed,
814,0x311e406B2e3835006B637d6852Bd4C5066eb1617,node04,8c4d5c522e761814ba17b10aad06260c4e8e3af412acd1ebe2e8c62585dd0002,24,1791412566.762661,1791412582.2335727,15.470911741256714,679,153650,confirmed,
815,0x096D5247C2FfA621E914B934ED7ff6B2B0494C4E,node05,a51e06a7d1bab32eff83b15c272c3b0b3fe7d10ce932a93f07a1478162a9fbd8,24,1791412566.7655559,1791412586.3469386,19.581382751464844,680,153606,confirmed,
816,0xC763a3dFa155Db6174e8E9eAE4792E514278FC57,node06,eb200ab6e99e2d244f4a2d8fbee7522d541354ad31bad85cbf4fbcef92f64893,24,1791412566.7770274,1791412586.452031,19.67500352859497,681,153650,confirmed,
817,0x56f3B9244ea228E243d9b19e759Eb378B61353C2,node07,b6845fb27a7a34c1aa3e709dbc8eaf2cf999e91bdf56dc9df1e99923c02d8ded,24,1791412566.7838933,1791412589.0828211,22.298927783966064,682,153618,confirmed,
818,0x47F4f2fe03Dc039B80B086118b8193e29549f831,node08,0ebb1b2454a9a3f180b63ac31fe26a134fb0060d45e68167b3395b261ab0c565,24,1791412566.7870777,1791412590.6767483,23.889670610427856,683,153630,confirmed,
819,0x386a4f9bdb5aeddd8bFD021363e59fBaBAD11886,node09,efe2024af67f379d9353f4addb3e6d9db42c190eb296433f12da69481d2bfe9a,24,1791412566.7887607,1791412592.4741926,25.685431957244873,684,153630,confirmed,
820,0x0AbBDA92d0b0c50a1a6782E18BC3388288fdE9D0,node10,0092788a673af8a03fd2d73734fd9bb93378df15ae0467e2b3f92f3e17d1ecfc,24,1791412566.7929096,1791412593.917034,27.12412428855896,685,153638,confirmed,
821,0x44997C34bBE96dA53A4EdaeE1F1d8C6Abf579D94,node11,d6b52f06e70cc73d368ecc8b79037191b70ce1c413a0bb4037ea649ca3e20adc,24,1791412566.7965376,1791412595.327793,28.53125524520874,686,153626,confirmed,
822,0x35e86f8EBAF37fC9ea53cBC175cb9b6Ba8E0ABA2,node12,36cc603e249a52cbda3222eb0d10c729196255a7d967733797bb1a590d05b653,24,1791412566.8091986,1791412596.7202117,29.91101312637329,687,153630,confirmed,
823,0x6f37A07B7E4fc3C3CaDa7bD701bdD3b87095E090,node13,12c49d586c6f052899ebd3838b73c23c92707570f9a2fe335c4ed63359099f2a,24,1791412566.812021,1791412572.5126066,5.700585603713989,673,153626,confirmed,
824,0x289119b7C96f7Ebb682f5f1dBF5B52404D424562,node14,be444d625b5cde992e9261a9ad7fe8652f7b2ebb7b26be49080aed76ff3dbf85,24,1791412566.8154447,1791412572.434,5.618555307388306,674,153650,confirmed,
825,0xfd3a3Ff49348513e1722bA1f084504c9285310bC,node00,1c2476ca89c35f7cc8b90a388d30c4ca929ed7e1a42ed57f6b421008790225d1,24,1791412566.8169897,1791412577.8029406,10.985950946807861,675,153638,confirmed,
826,0xE7eCA762D44e10680D95410DB2d3A615D1131326,node01,768dccbb157c4f22f7b01792bebefc2c1678f8bc95fcbc0db524600f637c6a43,24,1791412566.8216877,1791412577.7430675,10.921379804611206,676,153650,confirmed,
827,0x8cd3b4429104b40680e2eACc7795b984927C7733,node02,352cdf1606ed3edb472cb04cc96a6a148e310fec70b5b9a3b79e6ec14b709cd1,24,1791412566.8238306,1791412577.6307936,10.806962966918945,677,153618,confirmed,
828,0x0953a823953e725C97afa2ABAC88c2977712144d,node03,fc3ceaa4d5d838dbec6240fc11cb605098593e8f682320e89f49d9d66bb9a929,24,1791412566.825356,1791412582.4569864,15.631630420684814,678,153630,confirmed,
829,0x4208c8CF0FF16f71259f97e99EE89845C6C150fc,node04,241fe2b529146e92a7bb421a20c740ca5e0d90e1600c4cc9ddd851c30e17060a,24,1791412566.8313081,1791412582.685057,15.853748798370361,679,153650,confirmed,
830,0x5da1b236528c9D62d80b6FcfC208283cb4f448CB,node05,b1d2c927c1371f13b091332930531df8faa18e07915485647a5134c629e8e42a,24,1791412566.8350735,1791412586.3295755,19.494502067565918,680,153606,confirmed,
831,0x399916CC72454e99D436D23E5349633b800094f2,node06,99ac0f950d0d956b12fb83fdc03b8b41a7c06bb9fff67d0f8871375d93061597,24,1791412566.8387468,1791412586.3182049,19.47945809364319,681,153630,confirmed,
832,0x6369ac7Ee5D5AD2b98398Aa4f75Ff0d34fCa4cE3,node07,ac7e4ae74d011bc5ead98a84e461fb5d77738e7f9364fd7005b2d06721d56571,24,1791412566.8398793,1791412588.837661,21.99778175354004,682,153650,confirmed,
833,0x1d8b567Aa0E9C20C1A7677B73D91b3917Ff628bc,node08,30d68ec9286aef75fc97c4e215272ec413a2f3a7c34cf2ec4101ec5f7f23117e,24,1791412566.844311,1791412590.7659614,23.921650409698486,683,153650,confirmed,
834,0x3ae95a8c66dEFd35Bf089309119642D5DAa17c8f,node09,4714b8d62f0ec7d0e0acc5ef86824eebf28e160504f978a85120ccc3e3b240b6,24,1791412566.8465626,1791412592.5708716,25.724308967590332,684,153638,confirmed,
835,0x410e1586861a011cc5438A125e4237E76EF02255,node10,e39b6182b2d55e549ec010f9ba0ba29f919863f5ded72478c749eba2e1904eb2,24,1791412566.8518286,1791412593.7877913,26.935962677001953,685,153638,confirmed,
836,0x2d1B0E8D0a9D6702F8b059aD725d310fd0f3419d,node11,a6e166e3e6e35b9726db2bf45eadf54fb542e8d1551bb021e087bcef42a8d504,24,1791412566.8543305,1791412595.3136353,28.459304809570312,686,153618,confirmed,
837,0xAf7D773D15aDdbc97B30e0C59e6EF117a11Ecaac,node12,07800f815e5b018add33eb7499586d3debf34e1ccf71fef25c125be2ed150ecf,24,1791412566.855482,1791412596.8118873,29.95640516281128,687,153650,confirmed,
838,0x5b277fcE40df3e06711389b0FAf114f226EDB8b9,node13,c2e00a5016068cf5532fef6f403b221dd24e065a1339520af6bf0ebfa529e1f7,24,1791412566.8576663,1791412572.4981372,5.6404709815979,673,153630,confirmed,
839,0x74fC0f5B4c4DC35b5207F739A036EE3Bd7416147,node14,6bd61a3fab05e4c46ca036d1f65f229066a295c58cd0e6a6026bab03821bc48c,24,1791412566.8587205,1791412572.6059608,5.747240304946899,674,153630,confirmed,
840,0x1bF27932060855Ba4414f93F5e840c33C936d2D6,node00,a660fe59c7b2a218a26b3862720908d2e02ea14325b4d495a316a60a7ef71512,24,1791412566.859995,1791412577.9376411,11.077646255493164,675,153638,confirmed,
841,0x1112eDDeD70163a8AC72D7d5933C5285301A0EC2,node01,0b2be69ecd5f22071933c1a8e5d16791b9082a6642644240d2439c0e55aa169c,24,1791412566.8679152,1791412577.9067957,11.038880586624146,676,153618,confirmed,
842,0xffc7aBC78b4f7DB6fD9e25A97C054De01E1c015d,node02,ee63faeb9f2cb81eb36a37a0c38b51f83a3cc7f2d398e41c2c0541931d068bbb,24,1791412566.871483,1791412578.1210973,11.249614238739014,677,153630,confirmed,
843,0xEbED55dFd21e401c662C86dEC19F787EA8f4f8f3,node03,dbb602bbb843894782fd7823533fcce3be9a24a2e21134eaa9680be543f2b909,24,1791412566.8738375,1791412582.6287932,15.754955768585205,678,153638,confirmed,
844,0x42579aEf876F03d35D556CAa8E7f9B9F19A9f9Db,node04,4a93b249628949bba53adf704c8d42eb93e67053de7efe374173753e794234e0,24,1791412566.8752384,1791412582.4140518,15.538813352584839,679,153638,confirmed,
845,0x736DC92FC6cc2bEC7bb05745A23d1893A9b0746D,node05,1a01ab10d5876391d7d54d81c1d43d1de412213ef4a24b4a36f0083f88846083,24,1791412566.8774538,1791412586.5423298,19.664875984191895,680,153618,confirmed,
846,0xD9135Bb914bAC90669383243dB7B8575613031a3,node06,59c3fc256377c95f9187576cb4bc24f44dfeeaab73a90c439b24a833c47ff521,24,1791412566.880938,1791412586.3637075,19.48276948928833,681,153630,confirmed,
847,0xdA076d79605D1a43692a95E587575C1dc3608728,node07,7142ca86f2ce650014f0f9bd80827b231c858f8ef500e168edbb7257ef3b2d65,24,1791412566.8874867,1791412589.0389383,22.151451587677002,682,153618,confirmed,
848,0xc324F60F4183Aac8C1932f091ad550E98c9c7330,node08,c743ce735a856de25807caa4e6a70178c1d58486722fddaa478980cf3ad3b925,24,1791412566.8895977,1791412590.774327,23.884729385375977,683,153650,confirmed,
849,0x0818147703A2B45d96ACE464ad5940B0B06e1Df4,node09,80ef69a30760319ef01dd2984519cd66faee0671f35b1f96c2103186c11ba4b9,24,1791412566.8960392,1791412592.547953,25.6519136428833,684,153650,confirmed,
850,0x0829C1E88a05fa5883011F48c3d51960432293B9,node10,f0d1bdc4722e18bce7d3ee604f91e277e0fdac80855bca31e78ca9c9369b9c57,24,1791412566.9006429,1791412593.8907235,26.99008059501648,685,153618,confirmed,
851,0xAF0100ca4e0Cf75Db80fEB0d82fcb25cA45a6a91,node11,547f2d2adab3cf39ce18fe8ba13b836ddb9b7522ab3ca5bcb1601b9070d8fbb5,24,1791412566.9089622,1791412595.2370136,28.328051328659058,686,153650,confirmed,
852,0xc5Ee8dd5014d63254844Fa51e21F4A6fDdF1C7a1,node12,84f5a5d7a0001a04af95b1af457e4e9ca44d184ef5fbd00a725497462cced967,24,1791412566.9100893,1791412596.7756872,29.86559796333313,687,153650,confirmed,
853,0x98C6463c7411afDD96e992ec469c8f2c5F34D3F6,node13,953750cc586b683420927d667d9ca5238722fc80603e2f81a42ec002ae399e7b,24,1791412566.9126225,1791412572.505674,5.593051433563232,673,153650,confirmed,
854,0x87a94364757be0e48AeB9b3ce41a93183d0d2927,node14,4e72a91d8a6f2cff058efd72be4cd7568cf98cb38088e112182ce5851f3c4835,24,1791412566.9145927,1791412572.5496786,5.635085821151733,674,153650,confirmed,
855,0xFd140D0cDbCF9163Fc52c2aC2F1e7e6903E82e6a,node00,221c05eb97f4e78e45b04b77ffc8e698220fbb5f36d6b99cb01be07d344f9460,24,1791412566.917843,1791412578.2083576,11.290514469146729,675,153630,confirmed,
856,0x4fdbF869bbba83aDA6A64Ae2492def74051adb36,node01,89f4b55eed938959f21a89d9641c1602c6f0d03955b63986004415ac6e49908d,24,1791412566.9201608,1791412578.1724787,11.252317905426025,676,153618,confirmed,
857,0xC716717f2BCFc74ae33BE6ad6b5A5E8214385e22,node02,1bf7e969c5fac0b7f8ce3a67a870379f541a53f45c93b24d6e6abb30b5c6435c,24,1791412566.9226658,1791412578.0324235,11.109757661819458,677,153630,confirmed,
858,0x61cDf46Dd8A92f24a3bB5c0534DD11316b52b5a4,node03,222c669e673c7b8ff8b766e88c820c3538f2148df59d7572d606728452188e70,24,1791412567.0368798,1791412582.3606813,15.323801517486572,678,153638,confirmed,
859,0x77a7016D271F285f85fAa942BEC7b8a1cA72aaa5,node04,8e2f9037dac684a9b39e1c0e35b5fe67d48155119b98b85a23f64c6a007bf844,24,1791412566.9321198,1791412582.6934292,15.761309385299683,679,153650,confirmed,
860,0xAa3a0863d03d727Da79e91A6a15e1168A7e99902,node05,a44342286a14c0d49b44858c3c0971c1ad11afb5fd06b479df9500354a5826f2,24,1791412566.9346538,1791412586.3895392,19.454885482788086,680,153630,confirmed,
861,0xb7DC86eF9228a7A2eBC440c57Bd9B4265d18E834,node06,d5a6755c27fe062fa532be62dd6316a036ccdb273f7bb80bcb2d8530ee75ca71,24,1791412566.9465501,1791412586.3533497,19.40679955482483,681,153594,confirmed,
862,0x006ae84b914F667A3AbfFAB00d96B6b74E3315B2,node07,cfafcf47781cf98b4f891ac6645c9609f3ff9e8e58a127a1efd3557ad215a0fe,24,1791412566.9516406,1791412589.0580404,22.10639977455139,682,153618,confirmed,
863,0xd3C79bd4729dc72f883c180692d7cf7C792EF2Bf,node08,086d7dbd79dee6fd3cceb5099dd4347fb2decee0bc3318df730bbe9da8ca5904,24,1791412566.952878,1791412590.7120538,23.759175777435303,683,153630,confirmed,
864,0x8D0467893566b6871f44495fCAA285ff01c241DC,node09,44d7209174999b8fccf5fc69c5e08176f152ebe6c2edcab4f98ea4a401b1f10b,24,1791412566.9570317,1791412592.6696684,25.712636709213257,684,153630,confirmed,
865,0xCe2D65573542399831b931eb2DdB0412D3798983,node10,ac43d1c8a8b8b2134f10b7be5c1bc70429798882c6bc1a35ee4e08e428168f55,24,1791412566.959227,1791412593.7964144,26.83718729019165,685,153630,confirmed,
866,0x3D2708aa2A748D3A03BC2a9bbbfd79C3b8407700,node11,59ca357f8c230eb8fce924e4c33ad8882c89e5628bab106930846d5e51ff31a6,24,1791412566.9614468,1791412595.2872114,28.325764656066895,686,153630,confirmed,
867,0x707fE5Fd61949102AA83212cF2dbC575CdAD4DB1,node12,db2035adf4d551ce669e7df85e3dbfb72def663c0e8975d3d45fb5943c77e547,24,1791412566.964763,1791412596.8147557,29.849992752075195,687,153638,confirmed,
868,0x08a6e6644bB13358A2Be9a87ccaB5bFbF55c8028,node13,2c04ceeea43e7a7556d47f8e6a755bab1f00b4df6f59a90386f43594bc1874af,24,1791412566.969893,1791412573.1520746,6.1821815967559814,673,153650,confirmed,
869,0x1cf8CE0BA6abd8076337D193FaA42Fc7b40fcE9d,node14,b8ba881a4ad6bd20c5bb3405b7fc953e5501686ee9eb2ec5be96be1fd63329b4,24,1791412566.972818,1791412572.4784787,5.505660772323608,674,153630,confirmed,
870,0x7e1dD8827911c449a146417384A4B756E5Aa5E07,node00,1d9ea9e728fb7bf94c5055899d54de884c45316b2a539439cb0e42abfab5c286,24,1791412566.9751632,1791412572.578886,5.603722810745239,675,153618,confirmed,
871,0x1ad8f3C5da68fB2e8F94cDe8b1ce49844Bfd4824,node01,a355a4d67b9735abe776271a10f3c1b4341a207d6c34ed38c64ddbf276a6c46e,24,1791412566.9777095,1791412577.9762082,10.998498678207397,676,153626,confirmed,
872,0x04eBab28b48d2031bDD2C17Dcaf39a1f0E2249B8,node02,2de3cd276f1ab887d1c06abd31c48a72c2c7ccbec43b4271cbbdada89c5e1878,24,1791412566.9803712,1791412577.89685,10.916478872299194,677,153630,confirmed,
873,0x9a75a30fa646189084218efE25D70693Ac2D9C65,node03,dbfea8052f2d00b8ecc2b6d0fd14d279ecd39b5b53530b00edee190e31a51f68,24,1791412566.982588,1791412582.5855749,15.602986812591553,678,153650,confirmed,
874,0x5348cf37C6ef4CA981334e2C9468a143Eeb56894,node04,2235214925124869d8346a64f22ebb192d27ff4504778b4832723e8d29068d2f,24,1791412566.9911077,1791412582.5730305,15.581922769546509,679,153650,confirmed,
875,0x215a59AD3f33a18f239B8Bb85FC73B7EB63953D0,node05,6137669b8375770ab30620db40e9a503a61e41d0f5e55a64afe08dcc4f2c4040,24,1791412566.9933083,1791412586.4000847,19.406776428222656,680,153638,confirmed,
876,0xa284F16d39Cdf627B393c520f6a1D7C910494f09,node06,972143049558444742997f6e776f9c34c7cd321a85b2ee0daacbf1c3f0df1d0d,24,1791412566.9961896,1791412586.6536472,19.65745759010315,681,153650,confirmed,
877,0x8C73ccDe570D3b24DE9CDabd4b6092406996AF1A,node07,c7db5bddc1f3ec1a71fb5c37747fa7f5c8fa5da1857b77e1e0fff41888749730,24,1791412566.9981287,1791412588.9643579,21.96622920036316,682,153650,confirmed,
878,0xfAc97e50d738Fc6316c189Abc37869964E25b2dC,node08,0721557abd2ba00599262705e3fa53726704bb517021bf25ef1fadfce92b3caa,24,1791412566.9999373,1791412590.767431,23.767493724822998,683,153606,confirmed,
879,0x590337114b2057b3AFD48FABb2a91AC67f1eE81a,node09,6cad5c2554ea92d7d16f9c55b7f020df5c1bba12e2348e720278f68927f291e9,24,1791412567.002024,1791412592.5061424,25.5041184425354,684,153626,confirmed,
880,0xd6E138F6e6fCd14345665bCB1E170c80861a858a,node10,34878b5d9e770d778849d008571470fe8c989b11cea3e7862a00287d1b01f6f7,24,1791412567.003851,1791412593.9061835,26.902332544326782,685,153618,confirmed,
881,0x45DB766AFbE5F97fDAB407083f32fA510523c49F,node11,2840b7839a1cf20293308d0b63bdff6a3516d62c3e33396fe33d45d2540418cf,24,1791412567.0064614,1791412595.274387,28.26792550086975,686,153630,confirmed,
882,0x0dc7B0A49626b704c538A803c8c1DB3Ba9B9607D,node12,19bfc275537a4d7d83ee5683c593b33b4e71716f5fad53c2eabae5c3f2fe84e9,24,1791412567.0083234,1791412596.7789347,29.77061128616333,687,153618,confirmed,
883,0xF2282Ec0dF6b60FA7c77084fae67b971A344dc11,node13,44e59111b58807de7cab515a7cba1348ca94cbddf95d5561c6d514f0733210e3,24,1791412567.0105503,1791412572.5419607,5.531410455703735,673,153650,confirmed,
884,0x2AD68239A6eB428A8333fc32d0c35431f6704Fe8,node14,691a54087ca38f2d68be8bcdb9ea58e145922589a9d06ad9161e88ecd739421d,24,1791412567.0130506,1791412572.5209453,5.50789475440979,674,153630,confirmed,
885,0x7EF3cc75928f595E7BC4E74D37AA8105A5977Ee4,node00,689220ab12588308b30e155398343b187044efc0f940e9f6e14834a8f6d1167a,24,1791412567.0150673,1791412572.7932081,5.7781407833099365,675,153650,confirmed,
886,0x83e5BEC6509F69b25A1641071B47f83F8B4557De,node01,76729fe04b255c88f5b07cbfde4ece04a83c00f57ba2e8fae8cdbd4f09c752d5,24,1791412567.0192893,1791412578.1587925,11.139503240585327,676,153618,confirmed,
887,0x3e159eD73A807F0eB990C3b6527499704A692Bb7,node02,9e643bf223ee91314bcb000acbcf93a81ef7a6f388f7dc9a68f72ce7c61086ff,24,1791412567.0242257,1791412578.4302015,11.405975818634033,677,153618,confirmed,
888,0x954453fBc0FBd224D2509e5D3744E66CE7faeED3,node03,1b448a7897ee2565f511c32fcae47da00021d59de565928ab3dd4aae03cd41f2,24,1791412567.026658,1791412582.7825048,15.755846738815308,678,153630,confirmed,
889,0x0Ae4bA3e3Aff3B49A7752DF744A4e2ecd9916908,node04,e45bc15186171f241771bf6289fc46c72e33da5e0629de53d081aa928a4e4c01,24,1791412567.0299468,1791412582.5211694,15.491222620010376,679,153650,confirmed,
890,0xBE062E973E7E71F6BBf7fcEcE55FE6fe6bf1965C,node05,518026fb518887e476a808cb1c10aced8b1a417d2a4d4fd19014315ecf0f949b,24,1791412567.0342615,1791412586.6909597,19.65669822692871,680,153650,confirmed,
891,0x11Ecf6377bBc45f89F9EA3b00320b078Cb6C7A06,node06,93cd6a28e696d46d9c73e2789c1bc125ab8e9f01b2886bc4cc8f60feba27022b,24,1791412567.039199,1791412586.4163437,19.37714457511902,681,153650,confirmed,
892,0x92D765843ab0f9f6A856B90e39D479fC28E0296E,node07,9047b4835519b7f73304ebfac76851bb5ed9bcd61fa73d48ed899b3bd7ebae71,24,1791412567.040968,1791412589.0316353,21.99066734313965,682,153630,confirmed,
893,0xAf55A9247af68Eaa2c98D36ad5fFD261F9986cDD,node08,62c5fd76c85447f9f91953e43e227fb2b73f66a5b2f84648b917e9f599175861,24,1791412567.0431907,1791412589.0368152,21.993624448776245,683,153630,confirmed,
894,0x48e47B9DF2dBE7458F753cDAAc21c8C2dB92f73C,node09,fd0f3a82d8c9356b3159d5cea2058434b8d1d2b40fb1932b46371e6dc892246f,24,1791412567.0442805,1791412592.6630392,25.61875867843628,684,153650,confirmed,
895,0x7d0913cbBb761390baD804fB05F753702882E199,node10,5f55a7831a8ec346b1d585e94829f553d116595234255c330168426e8791cabf,24,1791412567.0464914,1791412593.9068973,26.860405921936035,685,153630,confirmed,
896,0x49e69AbBf13A8BE3fEA6184454517bA7b41Ec7E1,node11,be4d5bdbd53746f84212586825dc33728d8cc534a3c06ef7838993ce5b91b1e7,24,1791412567.0524874,1791412595.246376,28.193888664245605,686,153650,confirmed,
897,0x39C5Ec85fC47D16a7df3192e804C0b6C6f1DB3fB,node12,2ba6df66e8d8e726d8cb13b0d242fc4d2d702e4b54d1ffe712841fe9aa697682,24,1791412567.055071,1791412596.7928267,29.73775553703308,687,153650,confirmed,
898,0x9382663D0B7c1652bbC887d5de10168836aa0eBF,node13,08102e637ffa6f45e15deeb7090174b8df3162fe55900c6113c7079ec35f7728,24,1791412567.058046,1791412572.8410175,5.782971382141113,673,153638,confirmed,
899,0x42137ad9053c56014Eb3219516a73c1b6AE3235B,node14,d69d3b3cc63573050cd3558721ca1e1579db377319d36bc6e360112d223aac27,24,1791412567.0610983,1791412572.9898171,5.92871880531311,674,153650,confirmed,
900,0xCE31D0d18db6FD040aBb9c7AD417208DAC8Ad433,node00,6c1a0b67319ebd6542e5581dc0e1a984cfd7f7e5d3e0b5acf4fa17f6a4a5694d,24,1791412567.0652614,1791412573.051108,5.985846519470215,675,153618,confirmed,
901,0x4BFA50e2C1816ef48eC15767E7c3264BEa36d6EE,node01,1f8aa4945c83c228142a559a049ddc5afc46b20b595c988ddca809f98960bbbd,24,1791412567.0666394,1791412578.4522982,11.385658740997314,676,153638,confirmed,
902,0x00867e1288a2eC8213A4a219E82500EAE6A7F18b,node02,4b5d892f1928bcc5c9b3fd354011b7967d104b26e565394415772f83aad79486,24,1791412567.0674398,1791412578.6463675,11.578927755355835,677,153650,confirmed,
903,0x4B31b36CFFa8d2a6f401A4b104A9583A23C736E5,node03,bc3d264ed48ddfc3c8a32c9034e8dbcff78eb0a11599eb08d8caa47397d61724,24,1791412567.0715673,1791412582.5182073,15.446640014648438,678,153650,confirmed,
904,0x46C88f9Af5A1E7118280dE60426eACbc2d847F7F,node04,1f46c8c3fe8a3f58a65875445251a75b59d85a7e1e67ca5305f83aeb33f2f917,24,1791412567.0758657,1791412582.806192,15.730326175689697,679,153650,confirmed,
905,0xe8356E649C555117c1227e18b6804278D3b6a8F9,node05,d15c2ee3db627c4acf5c22a07013e0d61795a8d9fe90c75e3884853c15dd71fa,24,1791412567.091359,1791412586.7384133,19.647054433822632,680,153650,confirmed,
906,0x8B91599262239203f235D35274b45046fF442A86,node06,af7a3a7c501daa2ef24be62df3460f409a1b9e04c1688cccd86b3c8f0b0b2cfe,24,1791412567.0937119,1791412586.6830049,19.589293003082275,681,153650,confirmed,
907,0x7D1e158581Ba83E564e9A976f341db81c816E8bA,node07,e45948264014adf6e23fa8b1c3268580db3a2177a7a0253570f7c5c97e584d53,24,1791412567.095322,1791412589.024912,21.929590225219727,682,153650,confirmed,
908,0x5c1D7a392E4B54E3a3b4cF2c74b2717F26335CD7,node08,ac3e208d75a1d5ad7e0577840dbcf30d9164caa3c8a79fabaa904b547ace6ace,24,1791412567.105024,1791412589.0442467,21.93922257423401,683,153630,confirmed,
909,0x2D0383C9A6Ecd225EeB8F36C35AfB2E26DA538fd,node09,f792658b23e7989401d81da2a93c37086b7dd095a74a5355622a8b23e4c1a59b,24,1791412567.1101415,1791412592.5419025,25.431761026382446,684,153650,confirmed,
910,0xe339EF1e6dC017A5d6395f8D375C6017d71bd6f8,node10,d8baae46d525827d882b45937fcb866fb543e9944e21e060769b7b475ee28b6f,24,1791412567.1129096,1791412593.926912,26.814002513885498,685,153650,confirmed,
911,0xd329d7211Cd71F6FFD4e9c16E56419d9816914c8,node11,706895da6176f193cc4234691a82d5d45218f3166680d0e25244e7892ec9c4b9,24,1791412567.1181026,1791412595.3217583,28.20365571975708,686,153650,confirmed,
912,0x9E9c16053C9106e022aa9D47875F4408a99077AB,node12,570a96c82e39b83bb6b1ff6a356bd87d12fe0cf63f516878a887d3ee3f66b0af,24,1791412567.120347,1791412596.7584026,29.638055562973022,687,153650,confirmed,
913,0x263102C9CB9f9704ccfE99D0cA8C83C03b674feE,node13,6c57e08d0defe9b5dcd6674d38935d33f00775029ccdfeafee89700be3b805cd,24,1791412567.122239,1791412572.9528656,5.830626487731934,673,153618,confirmed,
914,0xf3232c3FE4A5646532a94D15EF462ca8215BF205,node14,8a64dbff2f8b26326748bb8f2dd762b0574ba281f6a1b30b170ff15055e49efe,24,1791412567.1248796,1791412572.7820678,5.657188177108765,674,153606,confirmed,
915,0x03eEa3D450239B76a6466C2b88fF42103Be5C715,node00,d2608e9c3e1ff1bc46fe954701c58d3ba45d3073bfe06fb9e4cbee2f8fca570e,24,1791412567.1277266,1791412572.773835,5.646108388900757,675,153638,confirmed,
916,0x6f9364626116980e4B5eA0E2C1836B1Bc4e15Fea,node01,749dcbcbe0a12d774985b1ef587b7ac439dfe5545131e081e044e95d9b1da627,24,1791412567.1295915,1791412578.5807931,11.451201677322388,676,153650,confirmed,
917,0xbab2b6fE0ce7d6ABb347B3171d7AB160e70BBcDD,node02,f081d7ae035cbce604e94fb5a06cd01f9794851b8f6b454651eb395df8e5ddb5,24,1791412567.1402273,1791412578.5310228,11.390795469284058,677,153638,confirmed,
918,0xeA6BCD4C2837E513E554842c76262c038900a618,node03,b4674ebdf6fd3c371184423844e18c1a71ae1a21947f835a0dd3a5efc008a74a,24,1791412567.1469045,1791412582.9080126,15.761108160018921,678,153650,confirmed,
919,0x09534D2b7Dd0b0F080997b66c07e9Fe1731B936a,node04,8d8a5a0a1684484a4fcb77827a41a2a9cced87367423b990f3d1b45a544f0fbf,24,1791412567.1551645,1791412582.8141656,15.659001111984253,679,153650,confirmed,
920,0x9a9302F1b73D9B08Fc0f562911eB5aDaA973f138,node05,5fb49912fef539e60d4222e97a4bf794e3e632f6313bd97d5189b49a3361b523,24,1791412567.1571176,1791412586.618495,19.461377382278442,680,153618,confirmed,
921,0xb6Bcf69c696c15f686D8a57bF8783212CfF59AAA,node06,274d511ef94928faa24d7ba4607e5852f74911ab3642be956f9aa719e51a0f76,24,1791412567.1631193,1791412586.7391963,19.576076984405518,681,153618,confirmed,
922,0xA5772Caf51C9887B872e152f67b8CB4F8Bf3E987,node07,875e2e3e154189d411705a72927063282e5b96953dfe9eb8981a4cf2298a8535,24,1791412567.1654508,1791412589.0042255,21.83877468109131,682,153630,confirmed,
923,0xcDD9e5E9325Da188e156D3b6B2B850dA150890A9,node08,99d8d89067bacc08cafea4d664da5e178f05dac5dd4c9db2344a9b237b612756,24,1791412567.1691694,1791412589.0348825,21.865713119506836,683,153650,confirmed,
924,0x4cAea85188bC3450dAefbbD094BD8ccF4b5277ac,node09,ad6df2ae98bedc5e89b92033b3901f354d4aa4ad75263e5fdf218b76cb45e12e,24,1791412567.1711874,1791412592.5766938,25.405506372451782,684,153650,confirmed,
925,0xD96fcA5Bd8674f3FB8987d0fc654E7cd779440Ee,node10,efe84421dc73dc04f0ec6401203cfb56a0df42cdceec4d64b07b86c91c137ba9,24,1791412567.1720433,1791412593.918988,26.746944665908813,685,153630,confirmed,
926,0xaF5dF0B394009Cd36d12EaF8FE563A6B0E5bdaF5,node11,0320a2f091f4a0a8089aa670c84433093a58ad26f7d38625ebc0cbe328751055,24,1791412567.1747322,1791412595.3375633,28.16283106803894,686,153626,confirmed,
927,0xA9E3f67352e9BeCd23f20915Bfb69bcc66EacD73,node12,7178e33feec7e2b311ade5d4742ef7ea0e0ba12dca40ef5db78eee6b562ca9c9,24,1791412567.1762621,1791412596.8407001,29.664438009262085,687,153650,confirmed,
928,0xb0D126e83853A3781046e0720A39A222e4f97276,node13,5b665be1a27d6d998b68a61ac68bc18ef191c58f95f4e6d3750e417098cb9cc7,24,1791412567.1798134,1791412573.0453658,5.8655524253845215,673,153630,confirmed,
929,0x7bA62F35057CdBDBe2Fe1f11cf3E894bc3259366,node14,5db5c3e406913b8e4aa15d7b9e7b3b0583be04b6e2ccb5d5264a81319076adae,24,1791412567.1812117,1791412573.0167434,5.835531711578369,674,153630,confirmed,
930,0xF416c6E0901FD9cfe0949A4346AdaC86117b84a9,node00,1d052ea05a796db6834e1a7fc4f9848a500065986c25c08db78b92a838273f87,24,1791412567.1872623,1791412572.8425543,5.65529203414917,675,153650,confirmed,
931,0x964B38339970816038dd6F313E9e0b31CfdA20c5,node01,938e31cc813eff035160b3e4add5a5fe17357fadcbd7a62ff6287baaa598e56c,24,1791412567.191846,1791412578.4016583,11.20981240272522,676,153650,confirmed,
932,0x98b60C15e8cc858feBf1bcd53393426D543e5e42,node02,b5243faf1f0e701a4865ac5d6498b799e0d2f8f348c6f9c18f96ef9ea17add2e,24,1791412567.1957088,1791412578.4592242,11.26351547241211,677,153618,confirmed,
933,0xFA266D9bf340887ec76c4De28220E7BFE09f643b,node03,38db6e3b21702cbc6b8d143b8ff0c62b96b306f2b852af52ffb73b6dfb7733fa,24,1791412567.1981602,1791412582.881799,15.68363881111145,678,153638,confirmed,
934,0xC9da8360278C9a50e39B6831d637734Ee50E622e,node04,9965e01aded4fb9c2204e2779747a40aa43d656a1867df1b35b6831c052e9716,24,1791412567.200958,1791412582.8871784,15.686220407485962,679,153650,confirmed,
935,0x72F64a254e6d01D7392fe9D6dF5BAfdf1430703F,node05,913a122444cc46c2d1205cd1c0ab71e9a21f496308cc2b6ddfd7f2601242dfa0,24,1791412567.20232,1791412586.6528804,19.450560331344604,680,153650,confirmed,
936,0x86cBF24C540bb6a609c14E7497cd9f690e60F254,node06,39d0124bbe76305eb847dc02de3c752c2982edd8e8baa8201d992540236d1e3e,24,1791412567.2090006,1791412586.6926546,19.483654022216797,681,153602,confirmed,
937,0x3839cc97A4B80AF9a45E2b52a3c746596851546C,node07,9995448bb04aceec09c35f814a517fb58088fee66e5783b18d1c8c79b711acef,24,1791412567.2101731,1791412589.0812595,21.871086359024048,682,153638,confirmed,
938,0x14B22969073b2A72c4e260D6b435B0BA827b49f8,node08,9649cdec84d6739637f01e812abff0b058e26ce15f7ea7abe828cca40fba2581,24,1791412567.2127268,1791412589.0562553,21.843528509140015,683,153650,confirmed,
939,0x7369aDF8A789EAC67c307e5A611003C53Df80eD8,node09,7f36eb239b929c02331a4dcb70919f2823b738e3dbe53ba0e2691b2a24546cf7,24,1791412567.2151325,1791412592.685985,25.470852613449097,684,153630,confirmed,
940,0xcF3c19B7f02542ffCB105d9b6C8aEc22415fcb51,node10,549a532d579c167995de0d79ac500d0efcb235eb5c47eed40a0eb8f90359b2cb,24,1791412567.224638,1791412593.9524364,26.727798461914062,685,153630,confirmed,
941,0xa889c1AE6C2540aAa6221289BB43CFFBEC89Db6D,node11,f420594155be2ee2fef2f696753e60536f86606b615b145c4d0aee52bb9b9f08,24,1791412567.228546,1791412595.2768135,28.048267602920532,686,153618,confirmed,
942,0x717294E90E9e8D5Be6dC549176445067Fa186C74,node12,950effe4381fc59aa0978ea8f521758f29f228c85d1ff52a293ad7b62800e73c,24,1791412567.2330801,1791412596.830336,29.59725594520569,687,153630,confirmed,
943,0x0E0c89BF952ECCd69caF3d3b489A23383fDfcCd5,node13,7216ab4875d8168535358d3ccbcd1885eab4152718644abe4e657cf9d9a8757f,24,1791412567.2366698,1791412573.430927,6.1942572593688965,673,153614,confirmed,
944,0x3691a4cEb5C6644EDc2B476BD7b27C881fA9B2D1,node14,45744d141befe01b036a793663fb903e500070d9c271c52eec5756271f89bab3,24,1791412567.2403674,1791412573.324399,6.084031581878662,674,153630,confirmed,
945,0x7a44e40416E687A027505b989eC12348bfFF0cf0,node00,d04ed214e5a5f7880ac3d42b153afa101e21f4a487190c1476f26e7aa2dc3d46,24,1791412567.2418551,1791412573.3128793,6.071024179458618,675,153638,confirmed,
946,0x4ced04987e084758b4e9A15B178D1F2D5fD0F744,node01,5d1f96109f0a0e3a88c4f739e9e1496f69daf9721e3be4903eb41eb6b32bf2dd,24,1791412567.2446685,1791412578.4543707,11.209702253341675,676,153630,confirmed,
947,0x9dfaC5330E0AbD206D4C16d1DdAa062A76082bF5,node02,9854ce3445aa17f95e181aa97c5b67fc8b4caea65345927a408003f5ca17f189,24,1791412567.2471108,1791412578.6287358,11.381624937057495,677,153594,confirmed,
948,0x12a28377403Acb3a19e7a97e80274785b49cd68F,node03,fd285b3b68253a1013e62f4be9320e5b5839b8623a2719698f54942448231bf0,24,1791412567.2490118,1791412582.6312935,15.38228178024292,678,153630,confirmed,
949,0x0a41dc25759d9917821A2a5679BfA85BB543D66c,node04,22dc143657c88f0083b605729cb7b249516d4b6a14bee8586ae959b87c386e44,24,1791412567.2510047,1791412582.7212744,15.470269680023193,679,153630,confirmed,
950,0xe2E00A7b7efFD776fA09633f1c705348A7C0c311,node05,4b22b4a817c77a37869bb024a62d589d6a4da6fdab47fff02d982b71fa49f47a,24,1791412567.25235,1791412586.7734337,19.52108359336853,680,153650,confirmed,
951,0x804062dF01215083C04a5c3D15b50C6f992F3F96,node06,ce5f0ec1c32102b945d5dd5891a02dd436a8cbae0ad2d1b94fff52181e2d3952,24,1791412567.262184,1791412586.6330452,19.370861291885376,681,153638,confirmed,
952,0xE56e4c546e16eE9c3DFE300e6cd3e616D3c4ED4E,node07,78185f7ffcd95d672fce06112c53b297d09ab7f832b277015d9f81ff9c9d4b73,24,1791412567.2659755,1791412589.1010814,21.835105895996094,682,153638,confirmed,
953,0x2bF2D9Fe1e2eF089F5977ad0842CAdcFFeca68bc,node08,c99d4c7906056f412de66cd042d853443ee43c0acb65269500c618ea706a20db,24,1791412567.2669265,1791412589.0786107,21.811684131622314,683,153630,confirmed,
954,0x09f27457Df1fFa9Eae2da31764dade8cfB8aF5B9,node09,22821f02cb47fd798a6f3b6d8c95477fe885be256bfae798d349f638e2656b9e,24,1791412567.2708101,1791412592.6217003,25.350890159606934,684,153618,confirmed,
955,0xd2f3cF0D46c371935C0d446f30fC30F2d135037D,node10,24f1ddcb6ac90b40101e4af3631adcf80d0eacbe87742f3fc4ffa678f5737740,24,1791412567.2745273,1791412593.9334908,26.658963441848755,685,153638,confirmed,
956,0xA8890AF0C9CA06c1F0767DFEcF338A3A7C34C5c3,node11,309ad03040aeaeb6f8c20b9ef21222a3d58f86fe30ac3ac1dfb5364d6c25faf6,24,1791412567.2794828,1791412595.338392,28.05890917778015,686,153630,confirmed,
957,0xC338f539e0e081209f4a3E3C6AFBd08ad29623A8,node12,ff124296d2cb6debe460aaf5c10455095858d81f7bb5557345a09a49169bd4ba,24,1791412567.281569,1791412596.8166666,29.53509759902954,687,153630,confirmed,
958,0x73d9cdaB0370eDca2730e9b1db13D4B6D61f51bD,node13,ce231db5b3b63fda079f6d3a5e586e696996babb5e55d57e28fd487e1b8c1a6c,24,1791412567.2876496,1791412573.2013102,5.913660526275635,673,153630,confirmed,
959,0x1A9E646bF890c22fA236FB01da8aCc990f0CC51d,node14,812b1403a242ebce261886dda78c6d396e94823c20dcdb7853196d6c100daeb0,24,1791412567.2891397,1791412573.0345693,5.745429515838623,674,153618,confirmed,
960,0x695440fb1BDD69d42929ca5080Bb8420e1Cf07bA,node00,bc9e5fe6e4edae3b7b7ce2c7e9370c8343a716a1f3a16afeb241a25138d2d298,24,1791412567.2918575,1791412573.0615184,5.769660949707031,675,153650,confirmed,
961,0xFe6E0103d5E35061CeA598455eDDBCA47647137D,node01,bf53383e13e1c1d9b82c79d125e5e3b91756308c7773d1f392ea852c6e471f7e,24,1791412567.2930582,1791412578.5696416,11.276583433151245,676,153630,confirmed,
962,0x813810968989E8Cf1048044aaEA73e880b30C7B9,node02,543d1bf8aa26f766a5fd54b0e7ec983c68e884c33a1623fb353bf3999b5128b1,24,1791412567.296886,1791412578.589954,11.293067932128906,677,153606,confirmed,
963,0xaBcED7e5366b235c050aedCB54e14FC6844265A3,node03,31319c614339933e4f02be164b90e477c2033791fa077f6141986be8a7d3f0f2,24,1791412567.300149,1791412582.857333,15.557183980941772,678,153630,confirmed,
964,0x83136C3A4C47268D37185bD8e1790f7a087d0bAd,node04,4e9a081cb04b5dc44d5caac7cfa83077b3696b09fec57dee174cb199cfe806c4,24,1791412567.3091156,1791412582.8661773,15.557061672210693,679,153630,confirmed,
965,0xb620bf3Dd340fD2978ba2b495bbEc07392a4D00F,node05,68fee26909dbef799d729a22b8b705511e99004a156fcac1b51e7a4170afc871,24,1791412567.3115032,1791412582.9363225,15.624819278717041,680,153618,confirmed,
966,0x1355fbed4f2fd1d1BED9DA4C026028ecC53c1A7f,node06,ca96ac8f1a2ba243eab32a8e30c715fe06c8f109fc2adb4153db697887d87477,24,1791412567.3138516,1791412586.7673984,19.45354676246643,681,153650,confirmed,
967,0xE6225537bEc3929DcCF6F614Dcd1CBFD6a4F9F82,node07,7508a334d2aeb82e4ab6a8539f16f7f01ad3b3f93b2e6006268a63cfadee17b6,24,1791412567.3169522,1791412589.0658212,21.748868942260742,682,153638,confirmed,
968,0xB973E30bD1F115B99CbA5076f03F8A8077449D70,node08,21342dec5850262b4a8741dee78e4810f9410649aa087b7700782d87cd510b9f,24,1791412567.3189025,1791412589.0272796,21.70837712287903,683,153650,confirmed,
969,0x95E71F589E33d25bC591e6aB6C4099a15A05E974,node09,12977d03c87d3cb0d632cf42a1ecf6c41624d85eaf749e6279f42e874ed10ce0,24,1791412567.3245502,1791412592.6869533,25.36240315437317,684,153626,confirmed,
970,0x0064f7951356Ab8FBFb333f7d2ef5cf62C6442dF,node10,7e72efc48ce7919a94bdb5604762dfc6807f1edeb4c611877a0990047613b356,24,1791412567.3257742,1791412593.957098,26.63132381439209,685,153630,confirmed,
971,0xdBAfa25d9CB6cB69739801012b1221BFcC76aB00,node11,e7c8ab7aaa5369ff5c1fecc2f193947f3b45e0eb3ececbb2c16259417baec746,24,1791412567.3310277,1791412595.2957854,27.964757680892944,686,153630,confirmed,
972,0x00f7086e5E5C653a9260AC81Af47abfA56b2a612,node12,8646e0cecb55faf2c99b9ed00841caa65a0f785d575a3c01a87b3ceb8fc27193,24,1791412567.3319063,1791412596.8093965,29.477490186691284,687,153618,confirmed,
973,0x5Fd6609B16Ea589A8C16FF5924E7AA1a32cBE2b4,node13,a2b0fc7b2c4186679fc327e44a320c00bcf56ceba8595ebffd5747c0c915f4a3,24,1791412567.3346689,1791412573.2642283,5.9295594692230225,673,153638,confirmed,
974,0xE5Aa209FE1E0397FDC0c47857878ffA53EAAf92C,node14,a359384fe7618e383ef980908dcf07a1c0e99a88240c1b5823bb64bd7e1843df,24,1791412567.3366098,1791412573.4001923,6.063582420349121,674,153650,confirmed,
975,0x8a756B2d9204e02f5CAaF8fcA793ce54608F779E,node00,985b9802f82c73c20fbe1e3571e970b610ddc3c5ca268704a823d27316a9dd47,24,1791412567.3388991,1791412573.4929018,6.154002666473389,675,153650,confirmed,
976,0x7ea11300dEd5c2B80bbcBCd37017019100Ee40d3,node01,a8d6b43d87fbebe3baf0d710c6b5320b2b8a70e1677dd268621593370fd8faea,24,1791412567.3411953,1791412578.6341147,11.292919397354126,676,153650,confirmed,
977,0x9DAc3d86fa822C6458F7DB34a0a7Fd08dE875691,node02,09f8c29310cad4adb6f3188f8c593794b525b3dfa02211a3d11ae20fde46ba75,24,1791412567.3419495,1791412578.7012677,11.359318256378174,677,153638,confirmed,
978,0xbE8608Bfb106DA26406a284fCab04A6032397055,node03,c4816e2b8463579ba57caabf6e40177c8af31072478209b2b6fa890bdec86cdd,24,1791412567.3443635,1791412582.7468963,15.402532815933228,678,153650,confirmed,
979,0x11dC75B2e3B4639d6524180Eb979c2e2977Ee01d,node04,fe7053b575362b18ff2925418b7076c219ffd91c5126097419d5d2702ef4e568,24,1791412567.3472466,1791412582.7201538,15.372907161712646,679,153650,confirmed,
980,0xd1009dBD842b014f8dF6c8d632631187Aa0a29D4,node05,3a628cc12fe25df8c10035de40e6329350c1dc758f1b6f6d3ad740ae33129a19,24,1791412567.3491266,1791412582.8204136,15.47128701210022,680,153618,confirmed,
981,0x0168c5fAE93ef33eAe173A579Ec1aE0ED1987c34,node06,15332731682e32c9fdbfd8cb0088bafa5097afa2b3167d12f5185cf3f11e7021,24,1791412567.3610682,1791412586.7117996,19.350731372833252,681,153618,confirmed,
982,0xCEEc27b0707F178Ba68Ee3158e4EbD5d6cBB40F5,node07,b765b72a9b6fc3bc1db55e804dbd5d7b60b856e29b9e132ff9b1680fb7e115fd,24,1791412567.3627763,1791412589.0413885,21.678612232208252,682,153630,confirmed,
983,0x451E567Bee393F041d0a1cC05c3B875615781AF7,node08,0e1266a236f1cdbf82be12341196fb80f3a984f163f5d4565d86deb632512106,24,1791412567.3651953,1791412589.088571,21.72337579727173,683,153618,confirmed,
984,0xa43325442f7C3D7756B71aAC5e1fbf98a1688f7a,node09,ceb09d26eaff280f16b7e0f225015aa826d7ad4d0bcdb4b51a13a5327c3440ef,24,1791412567.3686628,1791412592.7011046,25.332441806793213,684,153626,confirmed,
985,0xcB68bccb1D2F30d94D1de65e17D0df7F04D87Eea,node10,286adbf48809693a5f03b53b34251fc47de6b800930c84e17f696638d0c2028b,24,1791412567.3753438,1791412593.9227421,26.547398328781128,685,153630,confirmed,
986,0xB9Eea216B84977318541253131e9Fce21C741fd8,node11,b325ad2f78ff65535538d3f36de2236f6ec557de50a5df6e2b206d6394b5ccc6,24,1791412567.3815315,1791412595.3169203,27.935388803482056,686,153630,confirmed,
987,0xd5776dEb8c85a247c0E19d885f9F865eA547C438,node12,88aa992e847212c558e66c004a0c402cb4e660ab83081eb3fee07499e6a758d8,24,1791412567.3843553,1791412596.8150535,29.43069815635681,687,153630,confirmed,
988,0x693d5fb358cF26CA2F30e7260075e4E194A99a2D,node13,8fd8eeb60b9c248280a0f7d74622d3fd7f48d97acb5e94937a62cb7f72e5f1de,24,1791412567.38767,1791412573.4092162,6.021546125411987,673,153630,confirmed,
989,0xB4bD342BA206bE53ef9e655468DcE17154C6d793,node14,357f987cb0f00623b8ec78a90e8e34ac2eca2e977f95b71bae54e469233ace8c,24,1791412567.388997,1791412573.3925653,6.003568172454834,674,153638,confirmed,
990,0x74837D07396f6FB39b87F8aa9929b3073d8AB9f4,node00,ee0b0ae2bbc136f67b65b45b3d135a9ab25fa2d220df68163cbdba4f54802097,24,1791412567.391104,1791412573.4372034,6.046099424362183,675,153650,confirmed,
991,0x1e729c8D52df855B618C6D071AaCaCd34462BC53,node01,52412e5b05ca0a07158b4c33317eb10b61e9644d333976f2c1f18cc79a4a2f42,24,1791412567.394148,1791412578.6827323,11.288584232330322,676,153650,confirmed,
992,0x2e3Ec003aF10Fa8C5f527eAd4D512a8eCB470903,node02,df4491ec68a521e557dad70c9d6885eab661e5a7a261adc1038464b419a5b9fa,24,1791412567.4054945,1791412578.684409,11.278914451599121,677,153618,confirmed,
993,0x8Ee8Dd1bA19403f223Fc2d3Ae5e5396BA27F0b09,node03,c7c041fce20c07dfbb5144fbc07c6731e33baea6bb35233b434fc607890d6a68,24,1791412567.4079266,1791412582.8876371,15.479710578918457,678,153638,confirmed,
994,0x7f82c580338A0A8eF134442a4eE7D90276D9b8d8,node04,93817b774fb268a81319bb5d880319eed934429423fe882572903e1a590df9a2,24,1791412567.4122443,1791412582.8319442,15.419699907302856,679,153618,confirmed,
995,0xCAf87972bb4151723099d5dEB5520E14f41f858B,node05,d1ec88173caccc9fc8a922c00deb7c55f7a55a4fdfe9f3399e2cd4e479415dae,24,1791412567.4191446,1791412582.8925633,15.473418712615967,680,153630,confirmed,
996,0x63C3DCa4ac0Cfdbf531E262563473741757dF6Aa,node06,21a971132255ceb24562bcb95f84a54caea24fe7033925d7f343bfd576736d92,24,1791412567.420076,1791412586.7002156,19.280139684677124,681,153630,confirmed,
997,0xdB643128f45fa5c987005d7d5C3a0758A6BfCc8c,node07,07af10e0035d2f96f20796ab670fb9172c0f0fa7751992ea94efd5292f736d93,24,1791412567.4232984,1791412589.0894945,21.66619610786438,682,153630,confirmed,
998,0xC0194e6F870d47745F1E054FD38082F655ceD234,node08,320608f22f2b8735219682b28433b6856da19eaa24582ac4baed56942e41d893,24,1791412567.4277802,1791412589.1000662,21.67228603363037,683,153618,confirmed,
999,0x5A09B7FAD54Ba0985FE90F903B63d372064D8727,node09,a318a0e25f3e1694817085895aab4c8b7dc69865d63d198937c6480ce19274c7,24,1791412567.4295945,1791412592.6380637,25.20846915245056,684,153630,confirmed,
1000,0x2e9ffA1DA04eCFB5Da4145DBC689d0158f9948e0,node10,c5b05edb28bab78020f9abcdf715644c08b36f18a2d1f320fef9689225e19559,24,1791412567.4311488,1791412593.9564435,26.5252947807312,685,153618,confirmed,
1001,0x64ca97F266e8f0c0663bEb7C411A2Eb239243D43,node11,d66be9a1f4de8e543b1438d3a7341809c9ca5000c5f5d5e6ac30b008a8c76204,24,1791412567.433698,1791412595.315075,27.88137698173523,686,153638,confirmed,
1002,0x1dC4EeF51A2B3F75c44bD4A13474393e8921F000,node12,7b235970a3722b1e340322943353777109924e7a43548577a2f78c99a84c1f91,24,1791412567.4427814,1791412596.818458,29.37567663192749,687,153630,confirmed,
1003,0x26e16D530EBc4026393B8C6Fa8F8434F192bC7D1,node13,60334a2d818831b5709bc4aa848b1b7b580d06b2b78c1766e9b1c338908729e8,24,1791412567.4449785,1791412573.4559476,6.010969161987305,673,153630,confirmed,
1004,0xfC6d8A35B9ed223E96586b0341626742290f8d08,node14,07654322bb120cad00e4ce5351784f76a568ca238068e866d66d552619a68d86,24,1791412567.4478872,1791412573.4947066,6.046819448471069,674,153650,confirmed,
1005,0xCD693A051dA51Eb112e3E1BA8656786D05897035,node00,3d7c80fd0f6afe29f6423a1ae5a7008eb312be8876fb5fc4a56e85b5e20cffd1,24,1791412567.453921,1791412573.472975,6.019053936004639,675,153630,confirmed,
1006,0x2D4AD33b6615bdCBAF8Cc91027913Ed3349Ecc54,node01,98b0ffe1c14cc191949ed59c1ef87da835338dc436b4ae9c6a1b75b8f22ad355,24,1791412567.4582999,1791412578.6628668,11.204566955566406,676,153626,confirmed,
1007,0x4cd5520166359aD8ADc8AA0fd8A044bD0411Fff3,node02,efc01843b1a914bb25eba4209dac0ac0932a95dbb1c11fc0ef2d6940ba8ce33e,24,1791412567.46414,1791412578.578723,11.114583015441895,677,153638,confirmed,
1008,0x48F822EaDe603d8f6a5CfDCE1aaC90960F0C742A,node03,86b422e169e2bc589d3b5c53a1466cd70a2cddce293d093efb87138bbb4c40b1,24,1791412567.4759223,1791412582.824876,15.34895372390747,678,153650,confirmed,
1009,0xCAeF76E5157487e835589970415a1E9234108132,node04,a901b3373a0ec2ed634e449424cbb21a46500125e91af4aee7e23b98497211f8,24,1791412567.4780097,1791412582.9310958,15.453086137771606,679,153650,confirmed,
1010,0x794bf55DB2416Fa4836913DA3F18d48E627e7308,node05,1fdec1db2e2dfb04e7c9ba43b82a45cde704e74d99b52a308d3917d38200abfe,24,1791412567.4848645,1791412582.9146519,15.429787397384644,680,153630,confirmed,
1011,0x1A46a985fdA1010002E0A30eD4aa9A7a6f502BbD,node06,0f6cf526029f984ae4697884926190200c5fbec8a24e76f0c19c6f92a4a8142c,24,1791412567.4859223,1791412586.7583678,19.27244544029236,681,153650,confirmed,
1012,0x332B0C97757f8136Efe6E0B0fA69056DEa3860C3,node07,a9d4ec2be9ca78b0d622b76c0c5e842d81e90579fb818be1346df05bcddb482e,24,1791412567.4924045,1791412589.0568638,21.564459323883057,682,153626,confirmed,
1013,0xddf203b21e23491c9366Bb92775244B566ceEa1f,node08,26de915ab9cfc4dea10394d9593ab68cd548827280e4bd19cf0a8f416d562395,24,1791412567.4933724,1791412589.0694022,21.576029777526855,683,153650,confirmed,
1014,0xd118d201dbC7baE075eA7368Ba1ECCD8cCbb96C7,node09,ee1b43768bd8080a4757f56acfb2a4631209103d7ad314915f7b0eec0d329c3d,24,1791412567.4959097,1791412592.6508348,25.154925107955933,684,153650,confirmed,
1015,0xc105f563eE15BaC69A9ef8E85BCE42FAe605e863,node10,5db6de173898f214187bbd29d14d0de18fee0eeb4f844b2e25cd6efdcbe7698f,24,1791412567.4985762,1791412593.9236248,26.42504858970642,685,153630,confirmed,
1016,0x9C5FB6b5ad9Dd700288cA4e5B83590618eE51C88,node11,c402967976d8fe5496ab4585466829198cfd28dca346fcccdae18a647be0ccb9,24,1791412567.4994175,1791412595.2643292,27.764911651611328,686,153630,confirmed,
1017,0xbb8998337716D5B1432a3C6B00C8D1a630B0af01,node12,facb4107443e538e191c7b01d8b460f184e468261d4f21677112a9eb89de52e3,24,1791412567.5017223,1791412596.8327312,29.331008911132812,687,153638,confirmed,
1018,0x80dFcECD90035Fa78e34D0De18a3a4C2E602E1de,node13,6d68793394745556a941c2ef246870a8447a932145f5dded0d46435e5b2a6cb2,24,1791412567.505156,1791412573.4569075,5.951751470565796,673,153630,confirmed,
1019,0x43A54780273c503BdBD569328A10Dc751e978cc5,node14,7489faf457f4a64d78543c650023427bf7ee2e85d8d834fb5be96410990e0c53,24,1791412567.5122244,1791412573.3718767,5.859652280807495,674,153630,confirmed,
1020,0xd4ab19685eb2D1bfc69a253CEdd933Af5C0F1ef8,node00,42dc1a767189a3b75dd1c1d3f58a0c5adc4a0cd3d993e40025d8e6065a850d36,24,1791412567.5139933,1791412573.4998152,5.985821962356567,675,153650,confirmed,
1021,0x6a9a6235DF8F1d15FEe2CaDA1092020d00208228,node01,a91aaa43f3a56b4bb9e6dbf0ac5a8049cb00459baecd7a94d7b718799abd014c,24,1791412567.5243492,1791412578.6647983,11.140449047088623,676,153618,confirmed,
1022,0x24F47ccCc665254ee6f677388b3a63472f2eE634,node02,7774730e5a77675d68b61771bae07578187eeab9f34d2184e9bfc28a5b076470,24,1791412567.5359213,1791412578.6045501,11.068628787994385,677,153650,confirmed,
1023,0xf739AdED172571B908d9eD09F4422631751DAD34,node03,903a52973bcd776b42413ee8f9b28f7a79644919906b4fe5148805cbd4cb714d,24,1791412567.5385914,1791412582.8226352,15.284043788909912,678,153630,confirmed,
