tx_index,sender,rpc_node,tx_hash,nonce,submit_ts,confirm_ts,latency_s,block_number,gas_used,status,error
0,0x509A56fb566d2963a8c5Eb34445330874A71E9fF,node00,1ea30866a033d9300592934746547616e08c1189394d1c2efa2a2a42dbc794c0,8,1791383496.680473,1791383512.3762417,15.695768594741821,165,241970,confirmed,
1,0x74741378001BbC3facB32e2F918394D2Ae9F2a4D,node01,47d4a7b89affc546a6e48b15597df90fa54445406f018298d2f2f4f69bbd1da4,6,1791383496.6948757,1791383512.3779085,15.683032751083374,166,241970,confirmed,
2,0xA1bdDB13e392d27a6ABca3c7124342981b32Bf7b,node02,ef4450521c53337eb1592df7937412b58c3b3bae04931d14706bdec828c15779,6,1791383496.6977108,1791383515.443618,18.745907306671143,167,241970,confirmed,
3,0x8F9bF7aD5688dD7F22b854836a1E74dC8C410e4a,node03,7ec66864b85bbc4bf1fa11f79b83b05c8cfdfcff8eb17b6bc5362c3fc587de9a,6,1791383496.7027488,1791383518.0520604,21.349311590194702,168,241970,confirmed,
4,0x57Ca30270C0BdB0F02cb99C6086f3DdE3956a4ED,node04,221070ebadae15781f19651cf44334dfcff8d69f78dff53b519c3239581eb4ab,6,1791383496.7073765,1791383520.223199,23.515822410583496,169,241970,confirmed,
5,0xA4CE42eA20dF4b19E3e51ce1cb0c0547D6F6be7D,node05,f689c7f112bc8c6b3a2dce91bae362276d88e4ba0e5a49121a25275c0850b83a,6,1791383496.710867,1791383522.1112356,25.400368690490723,170,241970,confirmed,
6,0x17C3d113C9494c86423EB21A2A8aF390B3B28A11,node06,08f556c8cfd41352e469bcab730ca35999c63f36671951046aea7381ea1b0ba5,6,1791383496.7126863,1791383523.7679114,27.055225133895874,171,241970,confirmed,
7,0xE13a0cDB17049afc0061344B8AB39613bf80278D,node07,ba83a9577c958600c9800eb6f4a163aad5894f8a1b990ed0dbaed4204a68b124,6,1791383496.7142112,1791383525.1982124,28.48400115966797,172,241970,confirmed,
8,0x7708D824B6Cd6d040943D35F7F8F5111f75033C6,node08,159f0be6ace9f8e6a8bb868c9749f40395f1d5aeee189212c02c0d6335fa875d,3,1791383496.7231567,1791383527.4631386,30.73998188972473,173,241970,confirmed,
9,0xb2993B25e03b973B7B972ec0F81d2A756eed6fff,node09,5c7399752b8a139d9b86b93891fd3b707e7f35c587fb256197ef41cffa599297,3,1791383496.7250912,1791383529.1593556,32.43426442146301,174,241970,confirmed,
10,0x8452514C55976580E17EE54d5AAADFE1048F2ED7,node10,f0c5688f95f79cdd3f42b88ca6b642276b2bed2f4fe745eb573a25bd8320fb3f,3,1791383496.728517,1791383500.173996,3.445478916168213,160,241970,confirmed,
11,0x259baF89c23b8aa227D2743c5cB3Ef612232B02f,node11,6bd020090504d2269cad944eac84521560e11aa479851cad64d0c7ce67571494,3,1791383496.7322583,1791383500.1840475,3.451789140701294,161,241970,confirmed,
12,0x0744Df1cEa54B260D62995c2Ce1F0c290E65D98a,node12,6901c9a478a9ca8d822308002e1ce41cb46e3d235107ef767fa545fb6e5d7647,3,1791383496.7346303,1791383504.975089,8.240458726882935,162,241970,confirmed,
13,0x53370B448650D1B35d3d603B4787cb30F896a3b0,node13,a32e0c36f0fdff028fd9693e4c63a37de21afe8f9128ac83c79249873cfe4709,3,1791383496.7407684,1791383508.9855018,12.244733333587646,163,241970,confirmed,
14,0x166444Cb82A0Bbb39Af4dfdFCb80FB47d5D5ee2e,node14,070323781d89b5ee6235bbe50813230fc3aef6862330d8b73506e53e2c6fc29f,3,1791383496.7444394,1791383508.8509634,12.106523990631104,164,241970,confirmed,
15,0x2758BcCbe2C1a5c74fe65D87428b5456A11C0cCf,node00,133d528aa9b3a8e5dd4d0a5deb1437b27736e1d6c22b8c766d66e287052ef93d,3,1791383496.745385,1791383512.4088128,15.663427829742432,165,241970,confirmed,
16,0xD8886Aa308Bb6a1626950b85DF84a2bA643067F9,node01,7df23346953184bf66bd1740a2be90ff5a2fae22d9a706b82e9f763780c7fe84,3,1791383496.746245,1791383512.4643297,15.718084812164307,166,241970,confirmed,
17,0xc07E8A8250A227bB962ee229EA4E1A78899288D5,node02,668b04f89a37714eeed1da2de72364bdeb40acaa03f7a1033adaf70b732975d7,3,1791383496.7546465,1791383515.4814408,18.726794242858887,167,241970,confirmed,
18,0x39351b082f0770e123d98063E32aF30e2b36331e,node03,b38d123839ceb71535e0e78811889ff22ddfbf8b2b4c299b1862a63220aa5e00,3,1791383496.757597,1791383518.0821402,21.324543237686157,168,241970,confirmed,
19,0x5d5785Ea157c1405086f55fD59274918B6b14895,node04,6f5cf4e0762e84e573d6296aa15938b63fb48f2de07e343b69c86c2976e85ac3,3,1791383496.766364,1791383520.3094409,23.543076753616333,169,241970,confirmed,
20,0x9728FA174d89999E421D30A5dDa9047614a9A900,node05,d66df1ded59ed6fbcb54c9438f9756a299bb5d87dbca1d2bde03a7ce166fb924,3,1791383496.7707129,1791383522.2138605,25.443147659301758,170,241970,confirmed,
21,0xF0A1A86f5a3c76052F0AAc534E2c6c250D274140,node06,828e25842f9495cebf9c333b13b49a8487c5a6b6c405822c08fe1787654cf06d,3,1791383496.7733462,1791383523.8153543,27.0420081615448,171,241970,confirmed,
22,0xcA1092782c58764419Cffc8104CED1528dc4317c,node07,78982f3140f00547042e490fc06a3a713b004c05772572ecbc904c80e1b46ca8,3,1791383496.7761297,1791383525.172514,28.396384239196777,172,241970,confirmed,
23,0x8Ca43273D190EC0fCc5D2201da500114e688C9fe,node08,56e190d9c14ad4bafdbe7e24fa04e11e58ac9e7655f226f72a2fb9782f39ddf4,3,1791383496.7797315,1791383527.4393938,30.6596622467041,173,241970,confirmed,
24,0x4abB15507A2512F1288466B48f418D23953E0a18,node09,87ac5a7e748d8bb037ef231618abed360b5f524119c59f7d7a8849916bd757f8,3,1791383496.7837307,1791383529.2080648,32.42433404922485,174,241970,confirmed,
25,0x45b4cE8c5754eFBcB68A8f758Ff88BC29dfc5cD2,node10,ce9424d53fe091e0a375aef5fcaec510b4d5930fbb6f25f45a4f2450d603bc85,3,1791383496.7856236,1791383500.2784283,3.492804765701294,160,241970,confirmed,
26,0xfF45A75E453D690cf91df86CeADA902EA7f50F77,node11,5066c2391d1bec531bf3c0a60b5c39eb20c859d23a7d26875d5aae7f4070620b,3,1791383496.7889485,1791383500.2415597,3.452611207962036,161,241970,confirmed,
27,0x67f71562f69118325b5DBc0e0021feFafF3F7b02,node12,574a0e08e689ac37abb592e9098cd590448e4ba0258eee9edda515ebfb2a1be1,3,1791383496.7927053,1791383504.9530942,8.160388946533203,162,241970,confirmed,
28,0xB168078C2f5f338CEaee97F69F3f626f251525B3,node13,1dec5617699267938e11b8719557a1838aadfaf5c334a17a3317444ef45ab1eb,3,1791383496.7974725,1791383508.9360251,12.13855266571045,163,241970,confirmed,
29,0xD330aAC4e11953d9A55CC56e9b1c4D9C25Cb0761,node14,0d4992ca356fa98be7f2a4d93ecfabc66631f0447b0fdf8052aff539944b7232,3,1791383496.8043866,1791383508.9651954,12.160808801651001,164,241970,confirmed,
30,0x0Cee5BD5c64698B34a13a67ddC362D9a654b2609,node00,ca6d1140c23a59119f118986d0005a333aa74d3679d5710766d9078b449f182f,3,1791383496.812512,1791383512.4507744,15.638262510299683,165,241970,confirmed,
31,0x671B7827473873F9dA50fBaDD731BFa066030cB8,node01,a5a9c46eff0d22b58cb864cfdf8db7bb6fdfdec414127aa625adb43ceb52074e,3,1791383496.8181493,1791383512.4237518,15.605602502822876,166,241970,confirmed,
32,0xE051Dee1612999B501Bc8AA62a42cD98588d5324,node02,e504251cdf5b4241864796361aed7e4611e25a1ce5185021ec5c8cec0ad76204,3,1791383496.8203247,1791383515.5126662,18.692341566085815,167,241970,confirmed,
33,0x523D62D6e45D4e984dbD2405186dA2101CC40F1D,node03,d86efa2812f6128f9e05ac8582e42e6b6d912d64f5dc199c6b08b1248b0a6a1e,3,1791383496.8252556,1791383518.1137228,21.288467168807983,168,241970,confirmed,
34,0x98CB805a155e3B1F67e6A1F2b5F6CCF5DBEA9619,node04,5f92aa66d820f85169b898b64d2907780da7c3d82fa88bf06afc423a8b200c75,3,1791383496.8269653,1791383520.2803793,23.45341396331787,169,241970,confirmed,
35,0xd48E25e35Cb33A639e225929Da6044F29Af513e3,node05,2279b3d54ef03703f0cb75097183a9dc503bfb414ddccf2b0f3091f92030ebd6,3,1791383496.835573,1791383522.1141696,25.27859663963318,170,241970,confirmed,
36,0x7dcCdE81977C6d85d11cF86f983Af16c6dCa906C,node06,647934b30d92ef49de2f7fc34e478f6aa900f3b9db0b5903587f2332636676aa,3,1791383496.8435774,1791383523.8863192,27.042741775512695,171,241970,confirmed,
37,0x92C6d99E1ED3B68B7b30A6231Fea4897aDC583E7,node07,f51f6940171fa6e2c9d8cdee324f47c960fcb45d6571410150d59f8b01c5f901,3,1791383496.8519278,1791383525.1808283,28.328900575637817,172,241970,confirmed,
38,0x9527fB2105d37D9d9b9728342EF9E8257217b6FC,node08,235fc4390fff785de5a4fe32acf0f59ee845380536ec07690ce61874f40db66b,3,1791383496.8561451,1791383527.4987667,30.642621517181396,173,241970,confirmed,
39,0x401D52999f4aede101C9A3BA69cBA3c45517b60c,node09,b394acfe8a200450899ada82bfa7c55aca08fae35adfce4eda966c36b84ea409,3,1791383496.8589108,1791383529.1357918,32.276880979537964,174,241970,confirmed,
40,0x60Ef404015c8273A055078C43980216339b56ab3,node10,ac3440237ae34d4a67b4ec140dffb6721ab64e37def121a7c85fe12cc300c5b3,3,1791383496.861403,1791383500.2986805,3.4372775554656982,160,241970,confirmed,
41,0x50e265dCA1C821758Fa44484184760976Ab688Cb,node11,b0f264d69bf15f4d716eac61f75c1e8e3a773a81d705d2d0a288c7689750f29c,3,1791383496.8642983,1791383500.3355749,3.4712765216827393,161,241970,confirmed,
42,0x7e503546EA937848DF14759AbE8b62D824E57E20,node12,9a3bc906e99d70a0a4a2f0279fbc08abfd1516c21c5c7847ec6964607817210a,3,1791383496.8682716,1791383505.012432,8.144160509109497,162,241970,confirmed,
43,0x1869077b15DD5dFd550a22C833Fc03d46D0599d8,node13,63ce3ace9bdf9c0e6f2f22a62114a21b005c8bf68eb680462666576910f2540c,3,1791383496.8782222,1791383509.0523858,12.174163579940796,163,241970,confirmed,
44,0x5020E4cFF5bD496136f0D530f73Da4aDFC8CACEa,node14,cac7f7826827e784bc03db5568af25b6a075477a9091039944eee4f4a829dfee,3,1791383496.8839104,1791383509.1009154,12.217005014419556,164,241970,confirmed,
45,0x6BC99877B1287941423917BAbEa77940a2F4A041,node00,6ff3e3f14215d2f046306e04cc7d86894d257af738bdeb552f5f1f33af9eb52d,3,1791383496.8888237,1791383512.5337012,15.644877433776855,165,241970,confirmed,
46,0x4Ad034483ED6dd0F3CbcFB3E2F25C22e2f76F888,node01,c28e105df16da9642fe2ca3ecd6a84cd9ecc4c54eb77913f3624b77a566e383e,3,1791383496.894808,1791383512.5001605,15.605352401733398,166,241970,confirmed,
47,0xe89829848B80099Bb07408B01e2118746a223B00,node02,cfb426bafc6c56dca0cf3892fa590731633e685564c3479d909758c0a716d714,3,1791383496.9022045,1791383515.5189595,18.61675500869751,167,241970,confirmed,
48,0x70eA86590fb24531B30822cfCA0d0F0961c5314e,node03,042843a4f0b986d6899d7af1c8cdc44d7f09b9297e5fb73ab00ec67d751775d1,3,1791383496.903069,1791383518.0834515,21.18038249015808,168,241970,confirmed,
49,0x99C21a25669763b8bDcf09E3EA7f4eCd28141877,node04,155eb6a3bce4def5f01f7d9f17c5f71318de0fe0a71ff627942b65d3c4c366d6,3,1791383496.9072485,1791383520.2660878,23.35883927345276,169,241970,confirmed,
50,0xB22cD3ae509B47FD7f4Ea6211669CC49fB64B270,node05,5d826fde608c7e1d01f3bcf67030aca0a70bee69cbb5f0896f830a5cb59440fc,3,1791383496.9106183,1791383522.1589413,25.2483229637146,170,241970,confirmed,
51,0xC535E29A13DB41188E41092BD507879d09b4C8C7,node06,e29491deaa038f73ffd57540b159090a7231acc205337ee45c07769e3cf0dd07,3,1791383496.9185398,1791383523.8046546,26.886114835739136,171,241970,confirmed,
52,0xC9AFaa8Ae68B4d926fab83D3E6245bdF444d5585,node07,2b3615d04d13f96b94314226ad756c680c7e24db7ff4c3645204a60fa91e4cab,3,1791383496.9236124,1791383525.2131417,28.28952932357788,172,241970,confirmed,
53,0xcA4dDe74dB2Ac78956fAEA75A0b4d37d30C0675b,node08,a24aaeeadf70323937974b9ecfb8e3a0b34a9e71b4fd4abde0805f6c2da2e2d6,3,1791383496.9286208,1791383527.494263,30.56564211845398,173,241970,confirmed,
54,0x8ff27c9c5679fC780262efb4040DcCb46917959c,node09,d0523611c74e3efcef5e2dd09a720302b83f77d4291cad660d7bdc631f272865,3,1791383496.9370046,1791383529.1383564,32.20135188102722,174,241970,confirmed,
55,0x6eeeabd2fAA8F982a06D4Dc5c6437bF48F74334f,node10,5784f5850308f3488d4636101c3257f62a4b4acb6a99c2966f7a984048f56107,3,1791383496.9430547,1791383530.485138,33.54208326339722,175,241970,confirmed,
56,0x3d6b7C60478FdfB74c7573AA7fEC344E54d90BcE,node11,146b574e53c648e36b7abe9e4b2a5795225d179b37f1f11cee6f2eaa0cf519e8,3,1791383496.9465907,1791383500.4183123,3.471721649169922,161,241970,confirmed,
57,0x703B89a4E812241739D9C71D471dF09376bb3D90,node12,e2aafcb63f12ed757adebeb3f827d4fe9239a83ffa118f73adf9b395d53def0d,3,1791383496.954433,1791383505.2573435,8.302910566329956,162,241970,confirmed,
58,0xAC59AaCC41ee9876Bcd5e3796Af22C0E26B0392B,node13,c735495d474a6788504484ba83a5107df771d3299bd8c00ba11d875a0b7f242b,3,1791383496.9578774,1791383509.2171514,12.259274005889893,163,241970,confirmed,
59,0x68B54b442D05bCeBf23B3350b3f50ac39F656814,node14,c84ebf6f83dfdb39ea9e082b7cdaa20ad210fc0bcbf2e79922f49b40ab46f84a,3,1791383496.962004,1791383509.1030617,12.14105772972107,164,241970,confirmed,
60,0x09D03d1031082e0Eb6df935b885E52004dAAc096,node00,6013e94c21cf5bbf49c852b38d279466bfc8dcb081d43c748c8aff3263567220,3,1791383496.9644792,1791383512.5810018,15.616522550582886,165,241970,confirmed,
61,0x4879d4008DE8F2aFEABA7736c00367d75855653c,node01,e55cdd8401b475d09be2d4f31b8e3c1f2818bc88139f0213fc6be2ac37dba230,3,1791383496.970645,1791383512.5362773,15.565632343292236,166,241970,confirmed,
62,0x659534315BEEDB38e2f579c8393792B3245c46E7,node02,38a50cf60c89795212c594baeaf0b9c61c697bd5b65daccbc5ef6f63e7c8ee43,3,1791383496.9738789,1791383515.537074,18.56319522857666,167,241970,confirmed,
63,0x0adE04BABEA871b7FBdB6c86703430E4da6b24a2,node03,aa40b56d0d203242fb014479345cf83c69b328e36571702951fa833891b75646,3,1791383496.979077,1791383518.148741,21.169663906097412,168,241970,confirmed,
64,0x5B65FE399206D351B6bb0e55EEEC83557662AAA0,node04,66e054c391aac3a947d20147cc2b8e657b8688c4fffda097fc6c43beb430699f,3,1791383496.9801612,1791383520.3015172,23.321356058120728,169,241970,confirmed,
65,0x8adbfDb246C02604772649c28439286a2F82e742,node05,56c6283689a228be0da2e74a6b56f629d8b6e980b35da36b7f765941e9900a1d,3,1791383496.983466,1791383522.1318338,25.148367881774902,170,241970,confirmed,
66,0xDC699DA54aE07DE508e916Ce8fe49d94F165aa01,node06,db8752c3c497f183c5b040335c56a32a6b0cf2f07925a0a6f992f3501b90e71d,3,1791383497.0136006,1791383523.8533895,26.839788913726807,171,241970,confirmed,
67,0xAC9AaAE4393aA9a5307C22fF314Ea902Ee9b444C,node07,114c3ca4da70f33de6e48d9335574a83b7e2ab6bb00d327a27ac4407ee89f3f6,3,1791383497.0169806,1791383525.1503167,28.133336067199707,172,241970,confirmed,
68,0x89aCfaf385F38E5a6990cd4413F1E9E42462d44d,node08,c389b42015a90b4439c2c49822aff653c446c7d6d4bd7e0a8ccf72c03a67eda9,3,1791383497.020105,1791383527.5387795,30.518674612045288,173,241970,confirmed,
69,0x5c46253FfD393a761f74F438AD9E37E8c8463e08,node09,c49d6fcd7b0709498b39b512ebfe697e835d1ea4e1f8f457babfd335ce68ea8e,3,1791383497.0319767,1791383529.176041,32.14406418800354,174,241970,confirmed,
70,0x8CC283eE55e83c8674F1F015618fcDeb528ab474,node10,0b36469be5ec43f6cc5f3d85302273ed35f33d96adb4ab6e7a7048985a407517,3,1791383497.0365188,1791383530.4614556,33.42493677139282,175,241970,confirmed,
71,0xE389Ed88166Bf1b16aC8cA746B62e0bbaccC92D2,node11,3b45cac1e61d2f5045374ecf2ffaca5791dcb1a84a1b9b9e02a61ada7543a92d,3,1791383497.038421,1791383500.4845822,3.4461612701416016,161,241970,confirmed,
72,0x27b632e90775884373ff80b2c6794ed91A9019D0,node12,476b100bba4d6b967c47f185b2ef1aeab0b559b5bf4e8fe37a5e02cb86291b84,3,1791383497.041885,1791383505.8311634,8.789278507232666,162,241970,confirmed,
73,0x710Cd6ce5557a49e1722Eb626D4024D74D637f33,node13,d8883ecb9e7edd555bb207160982b88317e2be3641d45bdb48357a8fbb4aeb85,3,1791383497.0447414,1791383509.1901722,12.14543080329895,163,241970,confirmed,
74,0x63D8D1B0449De9B7e757741f1f346D81602fF4ff,node14,9d0313a20f74cc7292c56345cb5655e872c0179de4de1cbab80d86e694332ae4,3,1791383497.0496676,1791383509.221114,12.171446323394775,164,241970,confirmed,
75,0x44f48faA1da93A4FC5A2877408eE5206913D4F8E,node00,d9d27dd50ce71185eac58968531f580bcfd63ab7966dc35f96ed60e0bf727c23,3,1791383497.0517406,1791383512.5568233,15.505082607269287,165,241970,confirmed,
76,0xEe38cC2f362DC627bFcb5eeFB02a992f32E3CF92,node01,d35b48ee0067ea433d4e7bb95aae78346586919d3083921ea8482a050bdfd89d,3,1791383497.0539668,1791383512.5629268,15.508960008621216,166,241970,confirmed,
77,0xa191af0267aF17116eCF2d00251c790ABc123a98,node02,94c86f12e790793d10abd39fc1cc4afc1bd18fbfac642b69975aaeefb2ca50c4,3,1791383497.0563805,1791383515.578387,18.522006511688232,167,241970,confirmed,
78,0x5C990cFD8FFb153d41583A70b10BCf13a5A87c5b,node03,1d34bbf9c380f0656306af602d87fedc9c2b72e51c270c4ebeb83b669ac04589,3,1791383497.0577257,1791383518.1641355,21.106409788131714,168,241970,confirmed,
79,0x70B253B03F20352593F1f3de38cF1eE89101dF38,node04,f751e91b590ff59b3592c999ed3dc67eb30887eed4858846bc1275fb2161830e,3,1791383497.0630708,1791383520.3773637,23.314292907714844,169,241970,confirmed,
80,0x34f31e363F22E30B1CEe17D9DfdF9D98fbB92EC9,node05,21675be9eaf52a8a96cd268179bcb1d7f1f2ea55b02179f85d8d3c52a5979b17,3,1791383497.0655575,1791383522.1907432,25.12518572807312,170,241970,confirmed,
81,0xc23CAe38758b07E881175160C8851Cf30F6b8bAC,node06,0405dc3cf5ef795c22b835132f1da3804d8a83ca0369087b131bae1b90236be9,3,1791383497.0673878,1791383523.8629518,26.79556393623352,171,241970,confirmed,
82,0x96D010739E79AA1fD7a0a1B4695f7B97BC4CBE14,node07,b81a769d238814810b8840a00c48662adf938e8ff58c02e2dd8dd4fcff6149ce,3,1791383497.069789,1791383525.2614484,28.191659450531006,172,241970,confirmed,
83,0x70E587eE27FB98B3c17dE4d6779F9056489E9A4C,node08,96624c1bd3a8fc630ba5a4a44de317dcad582ef0e101be12b59b48dfe2cae20f,3,1791383497.0760467,1791383527.5099976,30.433950901031494,173,241970,confirmed,
84,0xae83BF10D06A3FadF1F5e164476749DAd6BDb713,node09,8694e1f6cb4912e01f01bbd88ca158571bafc4b4008fa15df662f0bc221b4bd7,3,1791383497.0779,1791383529.2817464,32.20384645462036,174,241970,confirmed,
85,0x1B9C41Cb0217290c5983a5Ae7896D6D897E30e58,node10,8303cee1af4cf504fa42da6cfc9aa4c5764dd2fb05272cce88e25181e991f97d,3,1791383497.0849216,1791383530.464268,33.37934637069702,175,241970,confirmed,
86,0xe5F8DF0e00B80aA05F5878377C3ABD0bFf3f867d,node11,6a1ba0102b6acf836bedd650a9bc8e1c03b68c7c2e8793c83aa6bf48748aea5f,3,1791383497.0882668,1791383500.5610723,3.4728055000305176,161,241970,confirmed,
87,0xa36F11A308d691EDE8265593bABbFB36803DC7f7,node12,9da3ca80368b79d1bc6e47a462ee8987dc6024bcfa4bce9183c753e83d78fe9a,3,1791383497.0895119,1791383505.5196724,8.430160522460938,162,241970,confirmed,
88,0x4B8afBd39979D9273a9F6855157a230a3f7E2500,node13,ca2b61ab981363ffaf854dadb3bbf3a3f341213de952d282f21b40e26ec70f82,3,1791383497.0921206,1791383509.214944,12.122823238372803,163,241970,confirmed,
89,0x3a9753C52b1E620F753122464f71D162BA694872,node14,d3f95c5abc108df6640d35fd467b03d1c50868cab57971a7b04bfb892d1b2f19,3,1791383497.1010342,1791383509.4269352,12.32590103149414,164,241970,confirmed,
90,0x3E1F3F0DF6c77694294e04bB272B8b783c40a902,node00,223c223e3a9732ae14d34ba6896b8006d9a7290c02986e3c35e8731b18800afa,3,1791383497.1080334,1791383512.6417413,15.533707857131958,165,241970,confirmed,
91,0x69E317F8846dAF486A46844c8Dd270a2E052298c,node01,319d239e979b9beb02473b8a01d87b13cb4543254a194d42b14b35b0826a07f4,3,1791383497.108913,1791383512.6584597,15.549546718597412,166,241970,confirmed,
92,0x64091FC31B72BEb1A9E8aA497f46D0555870A4a4,node02,f41149e19d885a6fbb07176f2d63ab953f335feabfa1c51d73baffa5939442cb,3,1791383497.111091,1791383515.5985913,18.487500429153442,167,241970,confirmed,
93,0xCbcbF1aDb7cB8D5b9F9dC2D3942bc5a66abE66F5,node03,e47a1cc1f9319db02c116454eadd4751f81262faa48cd50193ffccd0aefcf435,3,1791383497.1164699,1791383518.1355417,21.01907181739807,168,241970,confirmed,
94,0xd0e4bd2c62BC09f65E71c2A85B7f220294a9DeFb,node04,1f48d6a5cb825b636101bd72d27949aaf612ee46d1376c15cb3f10cc70351151,3,1791383497.1196406,1791383520.3526115,23.23297095298767,169,241970,confirmed,
95,0x0769FE0382285A7217cd27a36b6D0eE0a5eBCf87,node05,f675375c27fd0cad54d23d92db423b826ebe4456dc2c12ccc1bf46e925c191d3,3,1791383497.121477,1791383522.1684687,25.04699182510376,170,241970,confirmed,
96,0xF7cc136f51b3bEe5B32C06DCD5cf98B608b9c953,node06,8307e5e8d18a946909329417c834e5f853a734cec3db9af62d5b2351dd552cd6,3,1791383497.1226203,1791383523.873871,26.751250743865967,171,241970,confirmed,
97,0x40D52144BF107F87F22EDb1616A32Fed59C7EDE9,node07,fed950f025c56d6c9f6a375d3afd62541ca5fb7f9dcf4f239781821f13197dba,3,1791383497.1310854,1791383525.2578418,28.12675642967224,172,241970,confirmed,
98,0xD69D234573d9E91Ab9afd481aE4Cd537395D1Bd4,node08,148af90e4f981104b1c4cd34abcbcf054b179464b1935cb690fa44dcb0a3f88c,3,1791383497.1407778,1791383527.5181587,30.377380847930908,173,241970,confirmed,
99,0xDD0B68B7C12Cbe9E37eCD4eb485CB20a75B58748,node09,a99c1f1d3c1de560783fc4bae2cabf3babaa5f2f597d650c1ff3840dd6897649,3,1791383497.1427553,1791383529.2333653,32.09061002731323,174,241970,confirmed,
100,0xAC21B0aaCA55B3970eb23c985115a1211D2FBCB5,node10,200df119822c01e7626b67c375650a61cbd5720a32c9ff2dbfe1c33d29d16142,3,1791383497.1438382,1791383530.4480526,33.30421447753906,175,241970,confirmed,
101,0x1783C694b79DF752947b5D97AbCAE9Fe193709f2,node11,8aad4eb649c48eb6144f65af1db799c9eae699beb453319eac0fa0c1488c7697,3,1791383497.146357,1791383500.615709,3.4693520069122314,161,241970,confirmed,
102,0x688014ED98A68c1Cd25932eF1b99c8261A30bB26,node12,ed565f850ad8f913ed7b0d921dc80e5996a6cc9d512a861fdb220c13a860d670,3,1791383497.1561234,1791383505.5655284,8.409404993057251,162,241970,confirmed,
103,0x761B27F383a266481cb19FadD4CCE04fE187442b,node13,598c1863629fd7c5f0915130f06b7d9a3c327d309a94cec97f8eb7d2253252bc,3,1791383497.1592448,1791383509.2434154,12.084170579910278,163,241970,confirmed,
104,0x4Ac5aABDfE080653a4Dcd6D80ae57683048424AE,node14,e573b305efe9026c3ce842984958dc688fbf7f44ba5176d5b69155796235ac73,3,1791383497.1608677,1791383509.271421,12.11055326461792,164,241970,confirmed,
105,0x10727AeB770c13e0FC1B1AE7fA90fa6B8Cb8c06E,node00,a240777a80d5d95d72fb2aac282439561d5e6c0a4ddbbf7313a77644bc7ab3f4,3,1791383497.1657457,1791383513.0323067,15.866560935974121,165,241970,confirmed,
106,0x779F925aeB0fb53EbB79daeEF79f5AbE4adA53A6,node01,770aa672439378317192debcb820b88bb19d653f8c6e6b0a8aa9d0998eebeb97,3,1791383497.1678894,1791383512.6866767,15.518787384033203,166,241970,confirmed,
107,0xc9d4AbE9Bf29c194E283E1B9f561966e73366299,node02,719f0a9a7a37d28d19c451b16460b493c6fdf75f81030814e3a951230c8ce0e2,3,1791383497.185731,1791383515.6649914,18.479260444641113,167,241970,confirmed,
108,0x3c2F64AF9683A76Da47D6795c3c60B81E70Da2d5,node03,df3d627f3344e5b54b233f526975cfbbe794de70107f5e1c925999538730467a,3,1791383497.186922,1791383518.1773937,20.990471601486206,168,241970,confirmed,
109,0x9436F20104cb5b71E41D76e0f16F9F533859A2d1,node04,73bc72cac007b40b833d6b1fd4a1f7853cc5af00480628bee7fedbe9399f7a9c,3,1791383497.192883,1791383520.4236398,23.230756759643555,169,241970,confirmed,
110,0xF11B14f2F33484CFFdb2eBeBdE012803F97F6D91,node05,cb847f3d7501414f728eb06e2fb6139384984c26c44c436841f5ee321daa0f8b,3,1791383497.1944995,1791383522.249244,25.054744482040405,170,241970,confirmed,
111,0x0fD143CbdE431332E9B6108DeAeF8A30A19F223D,node06,8e9da4eb6f8cbb8fd15708211243d2efabf8ee9e22ba5d0f74f3877f75f7437d,3,1791383497.197076,1791383523.9504762,26.753400087356567,171,241970,confirmed,
112,0xDAF0cFd860966728AD54dE9711c697338574C03D,node07,83ccff2d257e1c6be129b418f68b357d55875e69be191b2e91ef315a94b3460a,3,1791383497.1990433,1791383525.3638246,28.16478133201599,172,241970,confirmed,
113,0x4429DaC5Fa009E639A91471b2738a0Fe7b5e08fc,node08,c004e6f8fdcda8a54df3551834c1468ef562ee8687a9f49271310c50f2247ba1,3,1791383497.2003136,1791383527.586535,30.386221408843994,173,241970,confirmed,
114,0xCD608fc37DE5651F6FF33D417Fdf574f9A9AFCE1,node09,f4cc05812eb3b6647ce09ed00bf80007e1d09fabaf8515a2841aa5c3be9c53f6,3,1791383497.2011652,1791383529.2544696,32.05330443382263,174,241970,confirmed,
115,0xBa377D221026e7383f32C8A150AC6Aa06B9db753,node10,047287dc54732904a8c8a9897b449ef9ffbb18e58916d01668dbe951b25eba7d,3,1791383497.2043834,1791383530.5007339,33.29635047912598,175,241970,confirmed,
116,0xDbc7F702C7aB2909cd7221FeBEE7FE5b13d44c7E,node11,69ca67753e21915cef06d34549b960d0f29154fc25abedda6aedc2dc786fe8a9,3,1791383497.2067611,1791383500.8552215,3.6484603881835938,161,241970,confirmed,
117,0xE4F41569364a98c9eEAa4302e6195d9E6184494D,node12,2e823b3acb3fb2f0deae9049534b775b1023c679fec76b542cc2e1679c0ce7da,3,1791383497.2093186,1791383505.7911189,8.58180022239685,162,241970,confirmed,
118,0x6E4e1Ed27Dd5bdFf17Ae6c12144564F565dB90F7,node13,8970d8d4c8f3c63836bc14afb0caca611a95f388217be7ded4378f7fa321932c,3,1791383497.2122512,1791383509.4081454,12.195894241333008,163,241970,confirmed,
119,0xefc7739505D2B4f3Bc0F5d251171A935Be7b81f1,node14,45f6c3a2326293def7f0827f2d86707f2fdb12c4287a02ffdb2f85a2700c9ec0,3,1791383497.2154763,1791383509.500531,12.285054683685303,164,241970,confirmed,
120,0x48046e42199062a6cCdFb5551BC22adE463Fdd4b,node00,a86384db843e72026d383249b7ddaf4234a2e5d649fd891c34916b213628ee13,3,1791383497.2206643,1791383512.7079222,15.487257957458496,165,241970,confirmed,
121,0x4ab75f06E3E2d103f86d852477eBcB8378C8f473,node01,cf389535c715f62d1ca3b35d07881bc3cbc89bf7c9293b889883e7e7a4cb1abf,3,1791383497.2218392,1791383512.6799965,15.458157300949097,166,241970,confirmed,
122,0xa5E6f22B92093000167490d9d68e8AA925497E3d,node02,d1c6c54e8105995bbbe1236227e40f71c1ac20c4c40ea8625fa5d67e6a1b1dfd,3,1791383497.2248073,1791383515.6234255,18.39861822128296,167,241970,confirmed,
123,0xBc2Da0DE22FB247adeE0d4036e926c90Aa05d063,node03,d12453c2f53c8a01dd2d087eb73ae4aa068d7fadfd4748df8781d4bd54c4c6b0,3,1791383497.2360032,1791383518.1833322,20.94732904434204,168,241970,confirmed,
124,0x4bA75B4DE5DfF2FF44cCF23BAA1CfEf258C80988,node04,2ffeb4103ea29e23a495cf2fead9994426821a6742813a4587780b1ec71a3a8b,3,1791383497.2387953,1791383520.3607957,23.122000455856323,169,241970,confirmed,
125,0x772F47C51553ad1f4B20ee2707e09205bF17795d,node05,4c78b930e5b3fe688584f002b0b3f3a4f0c71ea892c95e4fd757764892f83c1b,3,1791383497.2428448,1791383522.2062154,24.96337056159973,170,241970,confirmed,
126,0x8Ef6e62475F7Ff7BD70BaC7fd9D78096bC68e1Db,node06,7259bbd1c719f8fefd0c4ef3e8c38e662d27bcdd2f3ed75b705c3ade9a204a52,3,1791383497.2440875,1791383523.919644,26.675556659698486,171,241970,confirmed,
127,0xb5B953e58FE85C31eDd7448899f3Ae88D83Bb7F3,node07,033bfa8df01da8808c6017e684a4a310f639f9246ad458d09ed80d7a21467381,3,1791383497.246719,1791383525.3325448,28.08582592010498,172,241970,confirmed,
128,0x065f28e539Bf2F992D823F69DE4d380A5334700e,node08,0dbbe3c848c0cc928cda3d9aee2af05cae2f5e4ae55d53879c60e74e496ad4fb,3,1791383497.248635,1791383527.564897,30.316262006759644,173,241970,confirmed,
129,0x04Bf9E5706FFB4cb29c469081AFF7e8E6b593DdC,node09,d4ac53349da26aa0bc9ceef8bb7ea40c214bee1edc2ce2e46cb6b386baa83159,3,1791383497.2508702,1791383529.213416,31.96254587173462,174,241970,confirmed,
130,0x404943a6cC72D234A9312d788883f549E8555Fe2,node10,9c5e4f60c6a7ea15b1af78f66b8e71835fa75edb48569878b3a951de3fc7b41e,3,1791383497.2537537,1791383530.5121882,33.258434534072876,175,241970,confirmed,
131,0x913A61589a248a6314feac2591dBF5AE5F1DfA6E,node11,b2d5e05c5c099d2a367f41bdd8a1a16dcbc92583b6a0d426a9004eeca7b1afa3,3,1791383497.2577841,1791383501.114591,3.856806755065918,161,241970,confirmed,
132,0xCB0E618D940C86a5acF8029f44220D1B3B5eB6a9,node12,c7c7554074cf41e45546547506ef23cb64975f990009b0ead260dd0cca37bf89,3,1791383497.2604434,1791383505.8634932,8.603049755096436,162,241970,confirmed,
133,0xff0bA63BC97BE3767D769c09ac8517C830097479,node13,53b29475c5e402df70a003bf496981573f21792ea0c78867b3c185b0683d45e4,3,1791383497.261934,1791383509.452509,12.190574884414673,163,241970,confirmed,
134,0x672C84B26CB3E8D7c287cbe83B876b0A5d8c5624,node14,423a47d5f489e5e3b8aa1dccb6c6384763a686e11d27d2ff97833c3bb962bfb4,3,1791383497.26702,1791383509.5598881,12.29286813735962,164,241970,confirmed,
135,0xCdC0436227CcDd203a74CaFEBB3E843b7135929d,node00,a1aa9bd6a2fb7fb54581783de74f6f308f4fcd5c5797e2d9006fb9173675a58f,3,1791383497.2789373,1791383512.9726257,15.69368839263916,165,241970,confirmed,
136,0x5647c75a17Df5845581255203cbfeADC273666D7,node01,c88435604f51fae30e366ff340425ffdf606bae038d78783ed93c153796c089f,3,1791383497.2814076,1791383512.8086803,15.527272701263428,166,241970,confirmed,
137,0x13bfcfedaa5654e2C0874fefF7dAB8D9a43CBd46,node02,ff7625c0e3172bb6121985bf0986a499d4a52c281fd9f42a0318eab5b79d3205,3,1791383497.2974658,1791383515.7075028,18.41003704071045,167,241970,confirmed,
138,0x93357AFb929505ba8c280A4f85B297e2c541b754,node03,f51f90883609cca80d7e87761b8403b59d05e81129e59bf53e21c04208245fd4,3,1791383497.299327,1791383518.2084022,20.909075260162354,168,241970,confirmed,
139,0x4142aa45e3764161761aEb9C3949e525E33BF432,node04,eaa7d7cca8a62cddc4e6ea93333f3707edb089e8dfdd9057584821b943f132ba,3,1791383497.3021681,1791383520.4172347,23.115066528320312,169,241970,confirmed,
140,0x91C4181bD193EF4B3c3068C55e8Cf5e1bf94a2BE,node05,1f500781914008b86786131f7c0db7864bce3fb39b97b51049f08a35ca533b68,3,1791383497.3032753,1791383522.2102191,24.906943798065186,170,241970,confirmed,
141,0x6b81DEDB6ECFB5F562169e28139FF008cAb30f49,node06,2ac43fe76c4b623aa6e41c08aa96bb6b14eed4fb0a1ca28b05ebff274362357e,3,1791383497.3051202,1791383523.9417942,26.63667392730713,171,241970,confirmed,
142,0x60046E39A2F0d27A9c91E3872828960A897EDa59,node07,5ff70e7f4f1bf9f48cdfc97048d39d53864e6e0e143308fc314a2b1532c7245d,3,1791383497.305982,1791383525.3466594,28.040677309036255,172,241970,confirmed,
143,0x841f2c87E091998d4AE436c5f58B9Eb6E63a5bfa,node08,24050da4eac20ded89024c4f2830f3231ce9be5e6fa0be049c163ea9b00fe853,3,1791383497.3104196,1791383527.5755672,30.26514768600464,173,241970,confirmed,
144,0xf3342aC9Ae8651C293e5B174eFF114737143446E,node09,f8e146b3ad72dd0cd5b82fc9a62951a4704665a3bc7d2b150e064f9579fcf41c,3,1791383497.3142936,1791383529.250028,31.935734272003174,174,241970,confirmed,
145,0xa51d120AEA00757b8d7629d9B2914c255fceC330,node10,c0982b8e13b6fada4e70040deb80df47c391d82f2a77ce09246e4deb0b205764,3,1791383497.3154511,1791383530.560802,33.24535083770752,175,241970,confirmed,
146,0x982D217FaB8c4fE11126Fb791389eEf599c64293,node11,5e98fe7e5975173606889f43a819b8c9447525b1f887b5ec826acccaa52af630,3,1791383497.318025,1791383501.022956,3.7049307823181152,161,241970,confirmed,
147,0xb61FFfc63FF12c02e085d7e6C99a374439e79D81,node12,c68adf301e818da8388f3ea69f73d4bd58a8d9bebc1477b235bda9c8d0afab6d,3,1791383497.3203762,1791383505.7371137,8.41673755645752,162,241970,confirmed,
148,0x0CE8fEDD1deBDA192824dcbC9bB8cC4783C56160,node13,b8eb8e9bb92a06bf5d7b140c4b0f6325f22586a003849da6c4c36729f15ade9c,3,1791383497.3235462,1791383509.4253056,12.101759433746338,163,241970,confirmed,
149,0xE4d05bF40BE4D483B72E0BfF5f97aD35faC92aF3,node14,9f4520d3a4df1c094b78899dc82c9534360a4af3eb047048b0a2a1ea79115ab5,3,1791383497.3254473,1791383509.4757524,12.150305032730103,164,241970,confirmed,
150,0x7581162DeaDd8dF553C9095fa7905D134FFa4e2D,node00,1e85d6388f18f14075cb76c0e44738f4c823ee186a3146eeece64362a74b9149,3,1791383497.329488,1791383512.9260867,15.596598625183105,165,241970,confirmed,
151,0x6819C1942D178FE5C3A03fb0445962C5F9Ba24fA,node01,43bd6122ae779ddc8c53f3e10ed51900d984d49b6ff647abd119b795a48286f9,3,1791383497.3310556,1791383512.7748632,15.443807601928711,166,241970,confirmed,
152,0x48380C23eDC1E9e9f69C0Df12811A8D389011BdA,node02,85d3c6221a1a9a8f68d81bf3b92b9f5407fe2dc7d37683d201a005e617fda62a,3,1791383497.3357847,1791383515.845658,18.509873390197754,167,241970,confirmed,
153,0x3807F8201c94EC1fF2cf4e44A4E8977C856b4678,node03,38aa03c286813abd79e1f7762bdaba30c8eba00d699da84a42e1d40e4b90fe94,3,1791383497.3388243,1791383518.2238228,20.884998559951782,168,241970,confirmed,
154,0x12f7107a7F55b080D29121ff771A86BE73Fa0C8e,node04,d5be151dbb615215c812d7c25af77f0eae60a8613344ec2f761676abdbbd0e22,3,1791383497.341339,1791383520.4119885,23.07064938545227,169,241970,confirmed,
155,0xB55247baa835b9c54055bC2d979468386A06B96e,node05,035c134483611669723c4dec63b73e136aa43f1e7f66cb8c781530e34269e282,3,1791383497.3514528,1791383522.2410774,24.88962459564209,170,241970,confirmed,
156,0xDd8D7b6318D0d1996EE7Bf064E9f96d1B350C07d,node06,1d90b985cc5adaefb4fd4a88df3556c4661024395067a17aafa568b8ba04b390,3,1791383497.3534663,1791383523.9673388,26.613872528076172,171,241970,confirmed,
157,0xa9Cc69b876b937548a0029cDeb9e8080F2C02291,node07,6c24220b11f53a88027d1e3281f6748640d6ceb55f1680ca2465b77a5f36a24c,3,1791383497.3556035,1791383525.384558,28.02895450592041,172,241970,confirmed,
158,0xaEff50c8B9c629Fe37CA30f5d52BC13aa2A527db,node08,bde40cb7670adc2d8039bbd53f9e80ff9072fa6525bc45dc18812ab0dbd8ce02,3,1791383497.356563,1791383527.5775654,30.221002340316772,173,241970,confirmed,
159,0x061DdA6800e4F9251636d629410A3103a51a39Bd,node09,b48ffcce1bbec074158b432812df20391793988024a936cc51b0890e713e226b,3,1791383497.357408,1791383529.3453865,31.98797845840454,174,241970,confirmed,
160,0x5b7e9c4e31B8bBA1Bd78b4Ba7D84022DDE88DC38,node10,a5c5d7d7efcdfb6ebbf09c273b6ee2c31c0cd48749f5410c1153d280e343a726,3,1791383497.3585274,1791383530.4927163,33.13418889045715,175,241970,confirmed,
161,0xb6F7692B303253Da2299Da6905C57a88b10C5317,node11,3a077b85a27d6a0d990bc40c031c1f4e20632797a50640686eb52de9ac024b5e,3,1791383497.3639376,1791383501.0393903,3.675452709197998,161,241970,confirmed,
162,0x6e75Bd62491d6937c2F0f10021B27081427Fb07f,node12,7f7c6c0cbd9b77ad146cf395d4ea3aa943c8503d8e83c79a7a15828eaee0aa9a,3,1791383497.3668084,1791383506.016595,8.649786472320557,162,241970,confirmed,
163,0x30152386f2eC64aAFeca487F70B6727667b0f32e,node13,e59b98d5526b7e24cd575d8a95b54be0699baf5c1d9b27ca8f72f4260ef2b75c,3,1791383497.369482,1791383509.5422661,12.172784090042114,163,241970,confirmed,
164,0x1835251E810A048bF655945E3f383Bef4F1d5386,node14,d7fba977658e24e6bcfc48bee3cec7876036e50d8ceef61c4621372b4efcc2f1,3,1791383497.371712,1791383509.5331817,12.16146969795227,164,241970,confirmed,
165,0x1CCcF5DE330924D13Cf09a4Cf4a1746e40d22227,node00,9432e112ee71fc5b25176f0ece3d823324c490dcd3aced323cffb57d01e0e6d6,3,1791383497.3754213,1791383513.042159,15.666737794876099,165,241970,confirmed,
166,0xCEcA4f5397595a9B083AdF0AE6556d71A1bdc103,node01,a8f6831f805904de82329115ba5d956d64f7068d3a518abc27b4ba9733a350d7,3,1791383497.3823748,1791383513.0056334,15.623258590698242,166,241970,confirmed,
167,0xc20775C6e01838817897e7b8Fd4f8Ebf43467D6D,node02,c974399fd0d2614970b97b4a086e900bd9f1407452f937ded2a9cf0caa2e171f,3,1791383497.3843756,1791383515.7540238,18.369648218154907,167,241970,confirmed,
168,0x13C2494e126945EBfcBa0ec9c4a1329067894A2D,node03,c771f122a6f238726a494bacfdcba500784bfc9ec8ded0d60cca4cbe75e7f9c4,3,1791383497.3861482,1791383518.2674773,20.88132905960083,168,241970,confirmed,
169,0xD5d333c1D285040fe41c29F29Be0A0F0B259D0B0,node04,c1438374fa3ef530d4b8fa00a49fae0a72878045b7cb9fc05834ae4970a0d6f4,3,1791383497.3883562,1791383520.4001577,23.01180148124695,169,241970,confirmed,
170,0x106c21CF090957bE5D0D61Aeb703D93649d67b57,node05,723effaa32abf00a73c7da7bfdfd6d8cfbe0e1edb36865cc090201161742f069,3,1791383497.3958778,1791383522.2913468,24.895468950271606,170,241970,confirmed,
171,0x920ae6c782C0C6669f67f33563bB4472Eb4326F2,node06,4aab907a29f7c94350a908a3bbada0e6723e8bb717c87c14cd8e75443ad3ffc5,3,1791383497.3980715,1791383523.9241993,26.526127815246582,171,241970,confirmed,
172,0x9Ec368FaCc43a80838cE9e1220352A66F3120e51,node07,31d33cec7bce88c0a0d6e1a0de1dbd30bb1f2e138fca0ee247b139f079306ea5,3,1791383497.4003913,1791383525.504044,28.103652715682983,172,241970,confirmed,
173,0x3F18c3AB3Bb1234B3c950dF6324e87De39Ce59d7,node08,069864e452980b97dc03cb34ced2d149354c73668412d196dd8fe767a3b8c704,3,1791383497.405021,1791383527.6242898,30.219268798828125,173,241970,confirmed,
174,0x003B0376790Cd2662B8bFf17A282FC7A84D9c60D,node09,569bdad9930b18dd7668844ba9c2147ae6018d4b7115279d245438ee44085826,3,1791383497.418883,1791383529.239563,31.820679903030396,174,241970,confirmed,
175,0x4F1113e6dBBB4bC49AEC14EC719D3c8F658e9120,node10,67cf33cf656452441036206cc22ce85c51347b0f555acd9154963e961f4d2e2f,3,1791383497.4200916,1791383530.4909203,33.070828676223755,175,241970,confirmed,
176,0xF745D0807964A3835da1177985d1BD6e415c5669,node11,225f0761178c5cda452eaffde9e2d6ddaf3c057273898ef86997471ca9985df9,3,1791383497.4226565,1791383501.0320113,3.6093547344207764,161,241970,confirmed,
177,0x181A973c3013519b5D3A3f46f4AbD251FC20E13C,node12,957d5149d1e8b1627739366f23f92cbc15f31cc9da76c9424c085463782a20ab,3,1791383497.4247847,1791383506.0259013,8.60111665725708,162,241970,confirmed,
178,0xdaA4360909271F3B8abd2A3fCba3A3FCFABec834,node13,0c45a9d811e74819d78b91287f9cc00fffdd2f58d41dbb889936c733334c648c,3,1791383497.4267395,1791383509.5738454,12.147105932235718,163,241970,confirmed,
179,0x63BAc9E3341496Ed9625402E08E5d15B4F1dF096,node14,9885aa3007666ceed24bd84347ed2061e4a1c6d82ef82b4d598af15e8166d69f,3,1791383497.4287481,1791383509.658611,12.229862928390503,164,241970,confirmed,
180,0x65ab2fB7C4A16900452407bF1Fa30267ECb4C868,node00,daae9d073aec3f9b655c5b9d905546a6a341865465aa862943feaec604e658ce,3,1791383497.432406,1791383512.858544,15.426138162612915,165,241970,confirmed,
181,0xeCd1cf452CC8e382A09d96596593dA75bD7F1225,node01,bb49e64da82f5d31be0897781e1964a50ee1fe82757098d93de6dbee645edaa3,3,1791383497.4342904,1791383513.4106326,15.97634220123291,166,241970,confirmed,
182,0x2cbB75dE33ACCca73aB97546bB544847a15b9493,node02,3e38383eec6545dfebcaccdd42d7b34420629e3007f5a61f902a16e85774f490,3,1791383497.438088,1791383515.801614,18.363526105880737,167,241970,confirmed,
183,0x0AbeE1b68FDA82c06b07225847404FAE49ACB2bF,node03,b161a3537473fe2c196191aec6bf8ea230521864171fd7b2f35c8b50f434f04b,3,1791383497.448513,1791383518.2360556,20.787542581558228,168,241970,confirmed,
184,0x4fB96a6Dc53C1629699CA66494499E3DC6cAcca2,node04,a86f266491a17dfb4abf074b8421bd624ea9e4101e4d829263a56b89b4cea7a9,3,1791383497.4504883,1791383518.295232,20.844743728637695,169,241970,confirmed,
185,0x012854Ce675546fb725b42a53e6A5Ba626B8EEa8,node05,82f04e633672f497564321937cd64f6a91de72daa26afe7544daf8bb3774ab17,3,1791383497.452487,1791383522.3574944,24.905007362365723,170,241970,confirmed,
186,0x519A491e002f530d65329Bc0006606653E48e707,node06,24dad5e73ca7f19cd246716000f1cd915aa9a33fb0d22896fc187e89da0481b7,3,1791383497.4556234,1791383523.9328017,26.47717833518982,171,241970,confirmed,
187,0x45cb1f847379da07aEdB26df8823D00416eFBA51,node07,95ce00950726d743c4f452e167f4141c18484a8db3157e7cb82c883e1d5e1850,3,1791383497.4574652,1791383525.3666937,27.909228563308716,172,241970,confirmed,
188,0x2DFf6003006FaAA49a4340f63685f4af5A01697F,node08,f60339ec911c914240037f7b4f2cbe601dbec01a9f7c9c31e040fec64239e0ae,3,1791383497.458692,1791383526.3815758,28.92288374900818,173,241970,confirmed,
189,0xCFC2a376345122E5afCd593bBD4a9Ef90F157fC7,node09,88709356e3147917b5e4846edf52eefb70505124eda03eed49e74e239e0bae4a,3,1791383497.4605846,1791383529.2579677,31.797383069992065,174,241970,confirmed,
190,0xC9F43eBE2A6e4fF0A2E4106352C9746185144523,node10,496573799aff29996a1327f15d5575aaa5f746e973d4c84694789895eee98be8,3,1791383497.4631324,1791383530.4882863,33.02515387535095,175,241970,confirmed,
191,0xB7e575b5afC6E0b88bc3f10B1cbFaf13d9aDF3Ed,node11,50464b65f1c734ab5d9807af1ca8b8ad96b2d0066a6e72998ac376564012dfd9,3,1791383497.4670787,1791383501.0248783,3.5577995777130127,161,241970,confirmed,
192,0x0D5a39f0618416eAc5880F74e5C89AB633765bEC,node12,9a91ad0197a1dba255b30e8175e00de90b406f4ff2ee9f20d0303c3c89b852c2,3,1791383497.470404,1791383505.9442353,8.473831415176392,162,241970,confirmed,
193,0xDeE853C3909Fee836674C7869530a0C086dB7be3,node13,8d31e890cfb2509d9491151b2b05486d6dff210196c08e30917aa3d942413db8,3,1791383497.4737089,1791383509.5575075,12.08379864692688,163,241970,confirmed,
194,0xa237FB280c9311840e0a240F87CD40bed0e23495,node14,4c8144371afc39e89d3abe85bb4c7055e230d0205608b942859fdcde943fa601,3,1791383497.4771857,1791383509.5561116,12.078925848007202,164,241970,confirmed,
195,0x6Eb2b20129D9cf35b27FC526465C3Dc82FF6B7DB,node00,685baa841ff7ed2bcf0673d9f35e0fc34e2deaa4408b51430da560380eeb5903,3,1791383497.4812615,1791383513.1225278,15.641266345977783,165,241970,confirmed,
196,0x69d9fE5e466858ED0a9B44d8609098ceAeA7F864,node01,4c68d317f80d01754459fadcb2fbd9e0e965f7718900c5c9978d453cd1d4d99c,3,1791383497.4841068,1791383512.9887025,15.504595756530762,166,241970,confirmed,
197,0xf3B82A7E382524BF4C0a633670b2805cC87798e4,node02,ed013e0d0bfa377c4941292fa5dc0b42e0e331346274adb216b906d0c442a3fd,3,1791383497.4866254,1791383515.8242052,18.33757972717285,167,241970,confirmed,
198,0x4e7e9F0f929EA5375dFA4b3Fb59080394D5F20A0,node03,ba91d38b51597ba6609a85e432e0a3326793880a5703ff22532dbf4dea7c13d0,3,1791383497.4897175,1791383518.516446,21.026728630065918,168,241970,confirmed,
199,0xfd8f25f8f6cd9edb162eaC1ab54D3023164ed3d9,node04,0983465ff1c57cc97519450ccb60daab357deb77278fc4d6ae517a51c32a9f6b,3,1791383497.4920378,1791383518.3000255,20.807987689971924,169,241970,confirmed,
200,0xbBE3c23c290F6F66366b46FbAc5aC56A1e332fBa,node05,c1913109151f4794958c398425f6fe9eb81d9c046debc78635328890343c39ac,3,1791383497.4963489,1791383522.2854185,24.789069652557373,170,241970,confirmed,
201,0xac1670e480a3569e3382f79B58E278dEd4927D98,node06,43e3e69a113f1aa6af4085f980a3b4b93fe3e7837dd0b52cd34f95c2a242b0fc,3,1791383497.4986892,1791383524.2004375,26.701748371124268,171,241970,confirmed,
202,0x20072854E449929167FFAAC51A5162f82eb03acb,node07,838ce56cb342c95dc95cd1fa034ebf400d482148976593528c20afc3dbdccf43,3,1791383497.5008538,1791383525.3726022,27.871748447418213,172,241970,confirmed,
203,0xBb20BD02fef2e52e6355C7EFF6001F2c3E51F37a,node08,9e51c1096d8580dff1e9efe373943e2936b5558aece58363031d14c7cae3371c,3,1791383497.5025952,1791383527.5877697,30.085174560546875,173,241970,confirmed,
204,0xe20Ca17dF6D884F676C96705a4904578332c7789,node09,283b24dab87755a38e739376b7f67e366fddc267d9614f15731359566952ba63,3,1791383497.5059123,1791383529.2718768,31.76596450805664,174,241970,confirmed,
205,0xa7D48562cA233fb4662a02FE9408fa7F6a395A55,node10,49ab335982506611444178454377289acca102a28f0b4066d53234cba2946df4,3,1791383497.5076122,1791383530.4970922,32.98948001861572,175,241970,confirmed,
206,0x1F2c9155289f90ec7dD34A6dBD6eDF254c06e696,node11,1b158a0f33b26f6f6376e094a5d9f1b4f59fdd8216b1432629013a7563e41b74,3,1791383497.5093067,1791383501.1372733,3.6279666423797607,161,241970,confirmed,
207,0x3372C7480CD290FE52Ea6bf1F287C5DF4A724C8c,node12,82c4c67964aa057aa26d03742116afdc5f65c8c1714d21f0f4122e636b86b5d6,3,1791383497.5211236,1791383505.9743104,8.453186750411987,162,241970,confirmed,
208,0x256318e60a8AA493848Fa6b8e8326B503ad0065f,node13,9641f325b7d409ce60c06598258d77f6123c93a5bf7df96b8659f6ad502d5526,3,1791383497.5227358,1791383509.6296449,12.106909036636353,163,241970,confirmed,
209,0x43C14082e778B7F807048ba693b16437d6bf5819,node14,0ae972c2c549cb903584d74a15bf459778b77c2efecf128bd781d7616c9d1ba0,3,1791383497.5238683,1791383509.5614254,12.037557125091553,164,241970,confirmed,
210,0x6F23146822C45170aa281b5eB94792F42a1fEF81,node00,acc6a90384a559fc9f1b1a48cd0ef0b38f6e56528fb141ef069ff0e662c6cc4a,3,1791383497.5309987,1791383513.3614755,15.830476760864258,165,241970,confirmed,
211,0xcaA1436f3eaC87DAb00A79389721105f0917A456,node01,9df4d10c933d7b6caa503804d6c3154e517e49d59c2461d9a9aac9d58e1f40d4,3,1791383497.5320182,1791383513.0859656,15.553947448730469,166,241970,confirmed,
212,0x7Eb3FbF215Ca166D27d289bB8CDB547DbDA9F50b,node02,39148fd546f012e11df73815fbbb5da76907c565bc46ab84f8ea4764fe4ea426,3,1791383497.534639,1791383515.8287017,18.294062852859497,167,241970,confirmed,
213,0xCAcEc6ad1aB86AB289DD9269aef8AdCdD1787880,node03,4c11da55fd4a5c7d0d5deddae7f0c14eb4f5c6d3e5028a7c5bf00c6b8a66bb2c,3,1791383497.5373447,1791383518.383441,20.84609627723694,168,241970,confirmed,
214,0x54213FEF058991409Fa26BfdAC49Ff36203DEC02,node04,6b93451f31348b931c86c59426849c1f5e591bfd20d29d972e00663c8ba345a9,3,1791383497.5408819,1791383518.3526227,20.81174087524414,169,241970,confirmed,
215,0xA76bE2BC2cACAEE2151310D330c974b8688a269d,node05,3aaf7f13a9940547fa13383a6b288ad9922caae1bbe787e54b2866795d9d7e89,3,1791383497.543429,1791383520.554911,23.011482000350952,170,241970,confirmed,
216,0x59Ce7FA818D6D64127a8eF6D60C0fCb87c53D10f,node06,7d3b13c4d39e193fd564b85852f4946178357f5da628d1ab9dfb3d3b7ab9d94b,3,1791383497.5467165,1791383524.012253,26.46553659439087,171,241970,confirmed,
217,0x387E2280762ddb7DDDA14C0943aBDf69c1fF70c4,node07,c9c91fa48275634745b4a7f165fe929c8d360d58fb03450d60e479911046eaa1,3,1791383497.549065,1791383525.6330142,28.083949089050293,172,241970,confirmed,
218,0x0a254a0D40E05Df5d7625E0Be55E48670C3D9781,node08,84573bdbfcaa22dfe3d3ef2521be44382aa057e7d48aa4557e5652dc445f33e0,3,1791383497.550737,1791383526.3759677,28.825230836868286,173,241970,confirmed,
219,0x377928Ba1fc2Fc40d9f27241a924b2384e4ad91A,node09,66f194f73a2d37908b7199d057a2e6a429945d4158db5a1c4c1d9f7e6bb535cb,3,1791383497.5535169,1791383529.3539746,31.80045771598816,174,241970,confirmed,
220,0x26269c64953f51e7B711277eFe838315a3182627,node10,4e925d7cf1ffffb4b47aae61e0b07fae949ba66f03de7bb0a957a60c289dc835,3,1791383497.5542145,1791383530.520112,32.96589756011963,175,241970,confirmed,
221,0x53aBE5aCaba8CeF7B6D52c04c95166C56357AFa5,node11,c60ff80ad3c8d5efaf29913e1e877afc8ca3342db6c1f30d36190599f2cfe742,3,1791383497.5586238,1791383501.2092166,3.650592803955078,161,241970,confirmed,
222,0xAB4FFD5e25AAD34ad528cEecE4cbAC83dF07df0c,node12,197ba4d24aa3d12f2985281f94c1f42f288b4fba010a0e51a46bbeae7163cf80,3,1791383497.5593529,1791383506.1069064,8.547553539276123,162,241970,confirmed,
223,0xe89a0C4A7B27EA3A929cb06909E9135a8f201a16,node13,2301689a24eaa29219755619bbd84fbda4a51f101c7c21146578663731ef0bb3,3,1791383497.5624223,1791383509.6756325,12.113210201263428,163,241970,confirmed,
224,0xf6fB1569BC765664F6Aa2a2f9Eb479544e5e712A,node14,f9e3ba086d7e95f0b3a07606ad8d12e94feb42280d31e5887feb6a6c7fa91926,3,1791383497.565472,1791383509.6289766,12.063504695892334,164,241970,confirmed,
225,0xd59B9988C307Ca8B02Ec7930e7f545c9c928BFA0,node00,e941ddfe474864b79400c5fb51bcdb38d3f5c7f72c32114346385941fa0c80af,3,1791383497.572934,1791383513.1583924,15.585458517074585,165,241970,confirmed,
226,0x5390e4430CC9F169Cbd7555615faC9E8ccA1Ed43,node01,77428c573e5af87feb5e8f59c42c14ae88d448de0d0f846c42cc710feb88cf8c,3,1791383497.5760772,1791383513.11681,15.540732860565186,166,241970,confirmed,
227,0x34439790d8c3eef35A930F1db4a3E4eB57dD0b68,node02,c9a4a408376e59cc6beb42f496e5cbb5bb00624f7892eafabf5074e40afc492b,3,1791383497.5782418,1791383515.8415902,18.26334834098816,167,241970,confirmed,
228,0x46aB44C1318F3A3FA29CA8403c7e054B963Bd7f5,node03,7b708e9e50b7be4020ec9d05abd47f6c3ef746f6d6aa41e9569039dc8d17ed34,3,1791383497.580557,1791383518.3264844,20.745927333831787,168,241970,confirmed,
229,0x4461e021a6EC9242B5f61E93d93abca7CC8364Da,node04,93bcf1635d6bc79491483fa1e59f7aca4367cb1c1bf5faeea64ca6de7ea302bc,3,1791383497.5849369,1791383518.3044636,20.719526767730713,169,241970,confirmed,
230,0x9e8b6a4Fee9B258bFaE1619D221443f7F5Bca0ef,node05,dc4cebc5a7a71c89961172c756f1db734931899be7920a443a858a2385bc1d20,3,1791383497.5864012,1791383520.6655457,23.07914447784424,170,241970,confirmed,
231,0xB2AD064FCE9cE08ecfC50d248a07E1402CBea122,node06,7010ec9311dd686274d502a422fffb99ffb3ed7b933fc70180af07a24bb609a9,3,1791383497.5907257,1791383522.3727977,24.782072067260742,171,241970,confirmed,
232,0xCDd5ab4A4A9f262A147e0f6eaD29930F13FeC150,node07,81c97d19b56844b459dd84562b496981caa15542c7ff61a9911eba8c255a3c93,3,1791383497.5946722,1791383525.4090714,27.814399242401123,172,241970,confirmed,
233,0x863ad1A08Ac9f37FC31644FA0A5782674ac39276,node08,bb8f6165ed7ca6b9a81a9515ab4bc4110c6fb5a2179338ae5bf147d8128bd9a0,3,1791383497.596026,1791383526.3606539,28.764627933502197,173,241970,confirmed,
234,0x2FB056A523171300FcEA9a531A4C9756863572f3,node09,3b831e7c64096ef253cf45b54d5312be9b1b21ed4597267247a344c7d67f0dc3,3,1791383497.597307,1791383529.3325326,31.735225677490234,174,241970,confirmed,
235,0x1b7E9Bb319cDE689d2592563F7EABb8e753E126F,node10,d2773b1aeeb49343e6452aec57b763c805b164bfc64aef4664eab233d72bedc2,3,1791383497.600956,1791383530.571713,32.97075700759888,175,241970,confirmed,
236,0x0CCCe8444520b8dF914d216c72f48e5AEf4Fa8d0,node11,1274ae8168d043d47fff4fbc32dd56887b536ae9ec4f1688c11c8f4fe439fc54,3,1791383497.6033902,1791383501.2742484,3.670858144760132,161,241970,confirmed,
237,0xb8EA80bD85cE8bf18b7A4119C93790014Eb44D5f,node12,b1de0fdb0b61473a596b00a889690e67d206054357b5c7176ea99aab66f12dce,3,1791383497.6053958,1791383506.0486822,8.443286418914795,162,241970,confirmed,
238,0xd1cB440AfF192963943c934404D668cd74278F5d,node13,7ef79e7b1702816fb04f2f4076e78fa5ef18d56efad8dce19a48f22e844ae588,3,1791383497.6073785,1791383509.6403525,12.032974004745483,163,241970,confirmed,
239,0x7d603F6Ed84fD21A697d90A40eCC45189adBDa5e,node14,92f6f85aca094451d32126d9773514bd8a75989725c2bfd55cb386144c7fcb40,3,1791383497.6105683,1791383509.5852523,11.974684000015259,164,241970,confirmed,
240,0x81cE9a994f1b8294C05afA7815FC7E841A4D1388,node00,bbec247e21602d29b8141bdb0da0b8596b4cb519b074c955c7f89830ec357c27,3,1791383497.6124296,1791383513.1185913,15.5061616897583,165,241970,confirmed,
241,0x4e7eBEc21F523D2a889ECBF8ACd01989640fd2dC,node01,7664856882295db7f7f91c61c4fde0e1906e361039d8371eed88555e687ca7cf,3,1791383497.6144543,1791383513.146902,15.532447814941406,166,241970,confirmed,
242,0xE06CFBfeB6F7D07cF7Ee885C78223A3aC1a46FdC,node02,a0058dbe70a20fbba4d2ff415264a14718dce5aa021e85303b55e398f2d4eeb4,3,1791383497.6180625,1791383515.9459968,18.32793426513672,167,241970,confirmed,
243,0x0741b808E591DD06Ae1e83828d8792479971f958,node03,c556a190f614d933e7ffe184222719f5e622964697c97ad94b2abcec0f5f1410,3,1791383497.620072,1791383518.3561401,20.73606824874878,168,241970,confirmed,
244,0x0dfc2850ec2f56EeAeE3E4B27095e3EA6A5dDf6c,node04,5b11abb3d0100537cdb1930aa735254336a8f91bf61c564fa32c1d73e01bf34b,3,1791383497.62428,1791383518.4601495,20.835869550704956,169,241970,confirmed,
245,0x9a664337042E6De368d69ff6A793C980074D85D7,node05,c254943462bf6af8b5ef7920b162453aabfa937bfab9aa7a1a769e4e2bbf3828,3,1791383497.6285746,1791383520.4597323,22.831157684326172,170,241970,confirmed,
246,0xCA92Bda18ed4FDF752e6F46F6088321234a34847,node06,82b234b7ff81bfa0583d26cf5796de7d04acd0bf10c40f0431701d54f1517090,3,1791383497.631696,1791383524.025537,26.3938410282135,171,241970,confirmed,
247,0xF474841BD75d4aBCadB24128750796bA3C1Df2bb,node07,b209ed44216d3e7602d23104887ac60db8b23f8032df2da6cdc0a655afd38d98,3,1791383497.6348386,1791383525.4780102,27.8431715965271,172,241970,confirmed,
248,0x94DFCF29F0de593C0cf1dAA7a68300Ae98fF3238,node08,a94fd672d35f3056bfd8184caf0c1a4bfe6858a3a242182ef85fc3429f43cd75,3,1791383497.637392,1791383526.3547502,28.717358112335205,173,241970,confirmed,
249,0x9Fa33EdDa062187E122fdc649fa2F5Fd26074cb5,node09,8918a49075d7974e6d2cce96a65149eb9b1e04083aa77f45c02c8fdbb9967499,3,1791383497.6382332,1791383529.2905886,31.652355432510376,174,241970,confirmed,
250,0xC5fF493d882924B8018D090B624016b91Bc3a8ed,node10,fff0410966a98ad442337ac9da07865f37981f86198190afb8eb4cc0c993c20d,3,1791383497.6423585,1791383530.7448974,33.10253882408142,175,241970,confirmed,
251,0x548E196C8512ab8C14B178c51973073D76eAC997,node11,51a9ca92a9a88facd64ab438043478c1ab869b9a0f1c4374578868fefba11e50,3,1791383497.6446707,1791383501.325848,3.6811773777008057,161,241970,confirmed,
252,0xde3d9Fe95fCb59e726be24d00b8A2823C0487D1F,node12,00791a4d1bcbf002d5d7bfb569a18ecdeda5d9dfe875943e68c7a1743322922a,3,1791383497.6462615,1791383506.1632907,8.517029285430908,162,241970,confirmed,
253,0x831Fc2DC0FED7554da36d40496f053C25C7c31EE,node13,32a181dbc0c20ba102936c6cbcd34d00b335e536f83e0d6df392556190a2efa5,3,1791383497.6490636,1791383509.8645065,12.215442895889282,163,241970,confirmed,
254,0xe8883Ec53e3239c8d7219F67413Fe388AB0f39F7,node14,fcdae1b2ceb6732aa0f967e58063be6e2ae14db9731a5aaacb9da341eb20d29a,3,1791383497.6511528,1791383509.6935651,12.042412281036377,164,241970,confirmed,
255,0x141e1980d5BC3aED001028a3F51d9aDFd78Fa49B,node00,127463454ea2c5dd4825689810c81cd2e56f9fb3bde9fe93a971b1cc0fbe39d3,3,1791383497.6527007,1791383513.3521955,15.6994948387146,165,241970,confirmed,
256,0xE4565db1978A6239E2Ae6C1C97d4a00030120C0C,node01,1daf02cf0ba2a00d70c17f156257a1d3e72362cf68510dbede16ae22e3566a5c,3,1791383497.6554658,1791383513.2668486,15.611382722854614,166,241970,confirmed,
257,0x2E76DE9098ce70b42B0728B248BBA7953bC4A392,node02,9d0efead5846b04475e94559e9370019944840e880d1e8f7e5806cc792893b3d,3,1791383497.6570609,1791383515.983398,18.326337099075317,167,241970,confirmed,
258,0x7420139eb9F615fA0B792367053690fE31b266f6,node03,c7fe3126953ebf13c441eee7ee4e45f8acaf55662cda5213818f1e7c07c1805a,3,1791383497.6588266,1791383518.5202281,20.861401557922363,168,241970,confirmed,
259,0xe8c9cbee9aad7A087D66683645339aA2B8a8a08a,node04,29002e762a98e19213ec6cbe2166c91753ec95cd05b611a06745123ac29f6951,3,1791383497.6608274,1791383518.354636,20.693808555603027,169,241970,confirmed,
260,0x9C923e7bf6b118d9989f86081402ABc74E32DcA9,node05,ae7f25de31413abb40c4db711fd1f4fe52c0ca93cd840110aa2240ef5705a35d,3,1791383497.663141,1791383520.748514,23.085372924804688,170,241970,confirmed,
261,0xc1CA687011B43f3Ba69ffab0deE0C23FBC1a988A,node06,380e9e2d7d5b8193fc789a678546909cd582f79c7ebcde3e06445712daea1a7a,3,1791383497.6643894,1791383522.414494,24.750104665756226,171,241970,confirmed,
262,0xfBef05479893541Be873d1930E215CFcF0Fd64F8,node07,61befaa05f5b1cb6d79f217cb900656858c9323d3dec18ee41b4fe3d6cbb76e3,3,1791383497.6677303,1791383525.5239677,27.856237411499023,172,241970,confirmed,
263,0x760dD4C8e5Fd6Bb1F45463d6E0e42C12605B096b,node08,0cd3666b52cd6c5fffafdf6f5e61cc730e9a3fe34f14598372dad469c2733074,3,1791383497.6706467,1791383526.347635,28.67698836326599,173,241970,confirmed,
264,0x3427db913129044e5e69eFadEb71067d0cb8d298,node09,08d49b871466a32c5f11358276f9a52411980f4df618afb697edbc23514693cb,3,1791383497.6739645,1791383529.3259966,31.652032136917114,174,241970,confirmed,
265,0x618c9AD13492485e9B957b2F83873C4b85E349B6,node10,e53eb7954279621639280c37be34047fa8b07c59e1b625204c0b8f77fbed04f3,3,1791383497.6753104,1791383530.5834746,32.908164262771606,175,241970,confirmed,
266,0x86b7824157edf670dc3F746A8324Df575A0743cD,node11,211acefb5e69e06b6c711c51eb739a9e301c0ef0ff2031416ba59e31794410d0,3,1791383497.676738,1791383501.5234735,3.8467354774475098,161,241970,confirmed,
267,0x2E4EAC52DE873D980F7EF4C935C2Ecb82Ee4D1F5,node12,351480b4da0e32a254c95f20996a01cb4e75f822a3a958306915f3bb42abc529,3,1791383497.6940067,1791383506.2729442,8.578937530517578,162,241970,confirmed,
268,0xAF079815ce43396B2D50179F91a87738228d6f99,node13,2601037bee004ff20035898a940b481a87f81ea76ec6cb416b22736dfca8844e,3,1791383497.6969218,1791383509.7355647,12.038642883300781,163,241970,confirmed,
269,0x2C8e934bB812DD271Fb7c1e30576efe0a04F9570,node14,c44dc12e7aabd5efa0fd1b33b6066ea3932aa6eb85f9c8212ab2375063cc7042,3,1791383497.6993937,1791383509.7707837,12.07138991355896,164,241970,confirmed,
270,0x5248737E4505eAee4599305a6365737c9564D615,node00,b60dbb8eb3f1c7d547aba0f11d26aab224a3b1f70a07dabcee1ea92ec68887e1,3,1791383497.7015245,1791383513.4123592,15.710834741592407,165,241970,confirmed,
271,0x1CA49B904fb937Ec04C35e02C81aCFCd980f3134,node01,169f3e31ff3d7d35bb86b5fc22a29cd97c99eda8e0fe667456580ca0b0e590ea,3,1791383497.7035654,1791383513.2360587,15.532493352890015,166,241970,confirmed,
272,0x87B641c9ad7e17835Fe59698fFB7D2d11ba95f78,node02,dd0e64233a147c9843249d8bf1088b3f79d923f874656ae61b3fb1c98974f5b3,3,1791383497.7053752,1791383516.1589053,18.453530073165894,167,241970,confirmed,
273,0xf8fD32ca517889d6039edd3E6340ed6C34De96CE,node03,c546728b8e6ca7568f42ec1b16880184f8a59628e8b891a4d30043b7d6449c68,3,1791383497.7084498,1791383518.4226825,20.714232683181763,168,241970,confirmed,
274,0x236a9eB82144e4Bc4124774aC8a650Bc98E740A9,node04,026e71ea44e05e0eb8e9ea9339a1d558298eae750f2094b063fa27b0384d1fbc,3,1791383497.7098784,1791383518.4818203,20.771941900253296,169,241970,confirmed,
275,0xc766707180F91C98F6790d8Be5aa29e4E1777715,node05,b8eb43fcfe090abd435b82bad2994e34b0bbb4574e1932f85c60e8f59f6b6674,3,1791383497.7158856,1791383520.60653,22.890644311904907,170,241970,confirmed,
276,0x8f0C1978aDaBd2F7AB2F295efEE10e287e885348,node06,4f55c1fc868815ddcd68cbca3e7fe0dffbedac608f1900deb97c9318eba61f92,3,1791383497.718809,1791383524.061567,26.342758178710938,171,241970,confirmed,
277,0x501df0A542A4EA0AaE3Be2204AA65CF899102c25,node07,8861de55ed94099fa633ebc13971e62334a8809f006bbb625e8b995a8316bb6c,3,1791383497.7205431,1791383525.5330918,27.812548637390137,172,241970,confirmed,
278,0x163c1a8f83F9f3946f6a551e707B2597F6bDf033,node08,bf298ee770e60aae05813facc9fd53eeab465106637e8db6c7306226cc1dfc02,3,1791383497.7227602,1791383526.3510458,28.6282856464386,173,241970,confirmed,
279,0x4BE5a4a3A86a260e3886603d2F273F8426D1d731,node09,3991b0f207fca6ed585fcc06d06cd8c8ff992fdb4eea6a9e85d669206e43d2bb,3,1791383497.7249408,1791383529.3109233,31.58598256111145,174,241970,confirmed,
280,0x5151Fb526857Dd50541911D48E601219F2Ae5a49,node10,a5e78820dc327cf3fe59d78565668fb4f769ae5b0f2298a5a0c790a61de72d7f,3,1791383497.7263038,1791383530.517543,32.7912392616272,175,241970,confirmed,
281,0x75efbb19d8c1454F775F5049808b6dDca486Db10,node11,68d3b5de5a2cb6b451e492db9402fdecfac6d49c0d99c925bc8a92906c5a2beb,3,1791383497.7320325,1791383501.5029395,3.770906925201416,161,241970,confirmed,
282,0x47eAB0356e5215fa56541E97E0cD804FF6b8f314,node12,b676df5ddc102193dd06987bbd4a1797d0bf6640586d55df1a30676d29450372,3,1791383497.7373776,1791383506.1111908,8.373813152313232,162,241970,confirmed,
283,0xCD86e50730a54f1685c492cd786edD353E3857f1,node13,26f68ed764dbb178d20541ca2b64ffcfab4579295e94fd0b8e388aed6f52b42f,3,1791383497.7437987,1791383509.781421,12.037622213363647,163,241970,confirmed,
284,0x43d4a47314a15c491d49c8e2F0f54Aa7E2E83715,node14,babe2a980f4b7e63c5ebec1415f187a5c5173d5115ced7f208631900bbbfb162,3,1791383497.7460034,1791383510.0361044,12.290101051330566,164,241970,confirmed,
285,0x22effD94152e122A05FEE97a284fBeB20fDB62c0,node00,45929222120d81dcfa9d03f971eb05b4ce9b5888285531de9b467490ec79428a,3,1791383497.7478197,1791383513.4629638,15.715144157409668,165,241970,confirmed,
286,0x21343B53CFc3f6191e07F7e4D421556eE02b2b29,node01,11afb967d8adfaed501334a6d96d4181c0077d10d25b4f6f29ecb7f30f741dcf,3,1791383497.7501864,1791383513.2334075,15.483221054077148,166,241970,confirmed,
287,0x471e0832643f07721DEAc5f05517652428F09474,node02,64c46d2531307292a803e5ae6d0313b41a4c3bbfedbecb153037997153794316,3,1791383497.7520509,1791383516.1072996,18.35524868965149,167,241970,confirmed,
288,0xe4933d6d1A0115C8de3e266caf8E0C0590E264Bc,node03,50cab8e8fd14a62c17e7f60b59f9338fbea809a89285ffef80ecca2f32b9f27f,3,1791383497.7555153,1791383518.457185,20.701669692993164,168,241970,confirmed,
289,0xB8DdA83DE3409A6E72eBE040bB2D85854b352b17,node04,1f01409f618f431d0d582cc82530c7d8b07006290aa6ccf3edf01d704dc821e5,3,1791383497.7576902,1791383518.4079127,20.650222539901733,169,241970,confirmed,
290,0x5a13d426370324bfF5aF004fB3B11e95C89BEf92,node05,2c1cfb306568c9c2513733b96b5ce8a9be7792fd48b5f62d09824f6cfafc7c49,3,1791383497.759509,1791383520.5233781,22.763869047164917,170,241970,confirmed,
291,0x7EBd598CE9A539D270447334D02614E4E421b06A,node06,226f714bbb372559bd8c853d31e0fc2ecd82fa67f3cc37bb62964d7a3bf55e7b,3,1791383497.7621348,1791383524.2367988,26.474663972854614,171,241970,confirmed,
292,0x73F9F9EC851d8b4bDA61ACa41a9536c48E1Ddb2e,node07,3fd3c11db38f902066ae49c3c3b9f294c8d07650bacf000373768dd10405101d,3,1791383497.7656045,1791383525.4794965,27.713891983032227,172,241970,confirmed,
293,0x8cE4F5d4fb61b960ace207AC129ae737c985D543,node08,37b342d7fd36d03b09146ce45de55ebabc1da99878e1ff7f20e94fb9896b26ac,3,1791383497.767869,1791383526.391441,28.62357211112976,173,241970,confirmed,
294,0x2737Ef765C0683b63d93Dc10D71729CE1a90cfAf,node09,0d115eb4d57bf3033c99e73c5cf9c9654086811d602e845b8fe5ec5e00849a6a,3,1791383497.7693589,1791383529.3621533,31.59279441833496,174,241970,confirmed,
295,0xD1ADD827ac13cB0200dD1592E80fC80E24EAa202,node10,94ab66022761e1aec1f208966ebfef029e7c8ac6ce046ccc2809a85a8c9dd819,3,1791383497.7717707,1791383530.525381,32.753610372543335,175,241970,confirmed,
296,0x14f406Db3d638fc26a9E27A95B81Bbd227895Ef9,node11,de57740eb3665b32a629095ef8cc67b4cec54ded9ae468aa9c302040c017c608,3,1791383497.7740452,1791383501.7283974,3.9543521404266357,161,241970,confirmed,
297,0x0873fB5FF2351F8869d24edB3D73C89e9B1a3130,node12,4bb5a8275f8a38821b620b6ec5d6dd03330814918ca8c7a6134bf51a849aeb13,3,1791383497.7764106,1791383506.1603239,8.383913278579712,162,241970,confirmed,
298,0xB6255a50D94e8B4A0a8f029311aFE1950F90a50A,node13,4d4051bf70caefd98dcd212f495e3fe7979a0fe1d83265dabb95d5c64ff10e9b,3,1791383497.781441,1791383509.8737385,12.092297554016113,163,241970,confirmed,
299,0xb5B9691d556b384B2CdB00a7F7DC019cCfF37848,node14,4bd793669cf598756bd1a6c9cd853da3e837ad8fe5d858a99cb5b6e41b7bf486,3,1791383497.7849753,1791383509.8446445,12.059669256210327,164,241970,confirmed,
300,0x0101abF9Ace26dEbabb1e8d4f93B51F56500AefB,node00,4a209ddb4ec5fd0c14048744ec52410e0b1a8506ce394120bf9d345fe8bf4637,3,1791383497.7863917,1791383513.3106685,15.524276733398438,165,241970,confirmed,
301,0x0865f07EAb6D83e25a2A30f9C7EA91536e22B440,node01,2f6986dcbb5f781a2998aa440497d8d5fcdbbf259a8f862eadbe5ac79926b129,3,1791383497.7909222,1791383513.64115,15.85022783279419,166,241970,confirmed,
302,0xf5e49C01530b7eb881b90fc1914B12E15f97326b,node02,a6ff09df7a4c141a73d74340ec41ab919f6ce87a62947ed5ef3ef329fb0a5ae2,3,1791383497.7923443,1791383516.2044046,18.412060260772705,167,241970,confirmed,
303,0x19229f22Bf4A4e06a2fE50A8832668e798F4335d,node03,a367e5e6ea0fede91404f525fc357120696f99c69806806ea1297032d7e558f8,3,1791383497.7934275,1791383518.8192825,21.02585506439209,168,241970,confirmed,
304,0x1974fdC7884C7AD702FFfe2b410d89BF5E3a0Cd1,node04,7734dc64265267a14fa275487bb6d95b58dfbe8b90ed14904083e8169017ba1c,3,1791383497.7957432,1791383518.416992,20.621248722076416,169,241970,confirmed,
305,0x597A1fe96d40Ff2a6040D528F85f408D8564d79F,node05,f039074d31263ebe7cad83134ca1af14056d5cef32f25a03a0a6f4ed2fd472d7,3,1791383497.7986245,1791383520.641668,22.843043565750122,170,241970,confirmed,
306,0xeB52Ee3dDf6463c4ef50b7D81051bf2e7FC9A42e,node06,c02ffe2395d130ccbe585b82b631731ed48fc046d597989f236e1cdaef98a090,3,1791383497.8028018,1791383524.1121461,26.30934429168701,171,241970,confirmed,
307,0x6f7bA88BA0De4f6A988d318d369F5708c6d5E32E,node07,6fcfef702ce83b7208028a8014285a202325bd9f719de8ec39d12f648289e3ed,3,1791383497.8037426,1791383525.6352644,27.83152174949646,172,241970,confirmed,
308,0x58F6e1C6f5176C5CDBec05C0A029f4f2B3b93771,node08,dce93c36cb8f4f5a3ca9fa2a0aa78633f3ac2bb4514388d7809e151ae7ce6c54,3,1791383497.8080938,1791383526.4397714,28.631677627563477,173,241970,confirmed,
309,0x2bD5f8540191f744d82c17aB8824C93D21651088,node09,7fc7fc4eff4ea49103c83983c7c8702608f8e8a0d53da414001416b5745fbfa9,3,1791383497.8096886,1791383529.321867,31.512178421020508,174,241970,confirmed,
310,0x72810FC87dF2499fb4676413B5f4862be0F60965,node10,cbe4e2eb8b90b3d98226be7fd74b39692064da7d426d78e7c07835f6d0c804fd,3,1791383497.8120255,1791383530.6918902,32.87986469268799,175,241970,confirmed,
311,0x3f04e2251A3d238604B2137E280D82087F82a1E1,node11,b89a23e3da23c50861d9a73d31d4bdd202e6a3bb5e97bdfda7e8cae98b9b5ef1,3,1791383497.8149018,1791383501.6667118,3.8518099784851074,161,241970,confirmed,
312,0xDe8F48115fC6f3e2ee769a6eDbb1aEDc9ee76544,node12,53a9b01ecf361e6fb8451dfbced82ac4768925e1fd29966462917cb820f7806d,3,1791383497.8188195,1791383506.3850513,8.566231727600098,162,241970,confirmed,
313,0x79E63d5243733587c1767aEca0c418e1169A4985,node13,94c816025517123968585daa2e531f4ee71493f4b6a52f81a2fcbe706e82f826,3,1791383497.8199558,1791383509.8233614,12.003405570983887,163,241970,confirmed,
314,0xb156D8BE7c5fcB6456217D640a3CE119e556A659,node14,d26c22fb4270c32d94c82b044b2966730f77a16cc718f4a2b33ee5a9b622aaae,3,1791383497.822061,1791383509.9484646,12.126403570175171,164,241970,confirmed,
315,0x838FcD57D37e8706de96d64313fBB53Ed0439E18,node00,d90a82ce7548f624a070f752b92c58a94c33d3b6dab0fa0a155cd25b4b289f59,3,1791383497.8238528,1791383513.3713388,15.547486066818237,165,241970,confirmed,
316,0xA41f43d9Fd04F4Cb9AD83af484C8f74CFAB465fd,node01,cb9bafc1e1ecd8c1526cd04458a37031a7111a099d92cc528fcb872d0182d0df,3,1791383497.8258343,1791383513.4891498,15.663315534591675,166,241970,confirmed,
317,0x34c316Ad8aF7a0dae350dE1A947ebC5830D16b03,node02,e2991f472deee1a8152a9b856b80773729f268a53ed2a14ad6b00b7ad0660625,3,1791383497.8303478,1791383516.1845245,18.35417675971985,167,241970,confirmed,
318,0x025b4cCd675268D0a6B6F177B5E2E801ae98Ce90,node03,69801ff5765047def7009ff5060a1dc518cbd0ab0b3786633a9363b12bceefee,3,1791383497.834747,1791383518.660136,20.82538890838623,168,241970,confirmed,
319,0x4326595eF9B97a79fAE1f466262a67F61F35cCaE,node04,19f5badcb3e1ed7e3af19e0d515e8953547fe01e2bf75906c99a18c9296754c9,3,1791383497.8365765,1791383518.5050871,20.668510675430298,169,241970,confirmed,
320,0x1E2f86037Bb62d73348c759E6d7AF06cfC4c772F,node05,0600387150497f50d80202e7221af99fb7989005e642366509cc7b5ee1e3603d,3,1791383497.8396218,1791383520.689771,22.850149154663086,170,241970,confirmed,
321,0xD449D9e689C1F781b911183F066040E3C9920A48,node06,cef479d5e6e3c137b6eeaadc7b4649f69316c63004ccf7fd064fc8b29d7679c8,3,1791383497.841676,1791383522.4959202,24.65424418449402,171,241970,confirmed,
322,0xd69E81DC0ec744B6BD1eC8Deb3eA1ACf7aD879aF,node07,b08ee41d2445c658d92d6c552cec2d92bba536d03c4b80994713a530b0c1db01,3,1791383497.8446932,1791383525.4587321,27.614038944244385,172,241970,confirmed,
323,0x4D41CDEBBea99D83102F4c975eaa7a5069a60DF6,node08,a664d5c0060f4ca60573145c41a0152b59901ac9645217750a000514c8990a5e,3,1791383497.846183,1791383526.4235964,28.577413320541382,173,241970,confirmed,
324,0x37A81A8Fd5659fc1C3Ae7560E670356e4577F64D,node09,74d2b8213a32790f7560629a413477a7463a838f3f3baf506b01fa596aab6459,3,1791383497.8483207,1791383529.3405025,31.4921817779541,174,241970,confirmed,
325,0x8BBCb821fAbECCf9079681A8B45D8848F55554d7,node10,34ea0526aba82f1fe5991b9d09096d8f30f8c349055f4465ddc54c3ccb46a8ae,3,1791383497.8513508,1791383530.6303399,32.77898907661438,175,241970,confirmed,
326,0x0467Ac6ace4496dC8485d227a3498B76969Be22a,node11,f7b2c87b7f013fe747a4314328efcd9240fc3cd464a830a8fb8e8b955b90c5ae,3,1791383497.8533902,1791383501.8961396,4.042749404907227,161,241970,confirmed,
327,0x3cd3914D1B9663662834e2bd0eF59ceEa67f24a8,node12,5eebf3022cd0663da75441db771085e6c8b4fc0d8cfc4056f96708def50c1c88,3,1791383497.8570013,1791383506.2654958,8.408494472503662,162,241970,confirmed,
328,0xb67392DBD63E1740B98100d48E5a3bbD1280E6a2,node13,0247a49fcc2df145bab551d38b52e679d200a40d87fe028362392a309164e6ec,3,1791383497.8613126,1791383509.9348016,12.07348895072937,163,241970,confirmed,
329,0x1fbb701E1691B3561d09978851358B910346B727,node14,c98dd679e2b5dccefc3dd4d10191f98ed1ccd60c7ca02fcfe1fcc21362dd0b3c,3,1791383497.8720713,1791383509.785612,11.913540840148926,164,241970,confirmed,
330,0x88Ec597C201a2b33acA2c23a1f7C9c9ac2DD2392,node00,31065b53ff4b35cd641d6aace237c5e2f5c03c5800c0a23d20f3a1f5d0f19f49,3,1791383497.8736293,1791383513.3991556,15.525526285171509,165,241970,confirmed,
331,0x2Fe15Ecd82bb065A811612d7170a24CDdc0Cab0E,node01,f8ab607bcf6e6ece7a0410e1a1250abba0c03af4ca2f0e9f54a9b91e47ce9647,3,1791383497.876594,1791383513.5870285,15.710434436798096,166,241970,confirmed,
332,0xBB9330Bda035884fC44dFB7B060ff9De89EDf441,node02,0606e29a00d77ca6e9c27fc8dbec3f57d45dfce927cf88880fc041bbfe33656b,3,1791383497.8798537,1791383516.0293858,18.149532079696655,167,241970,confirmed,
333,0x4B628165A9c2b8aae78959B29d2D3C6726788181,node03,73a1bc7ef13fda8f46c73d369d771257317d081bfc1c287ee66af5bc7614d02e,3,1791383497.883596,1791383518.5781274,20.694531440734863,168,241970,confirmed,
334,0x51580c364C93DfEC1772CA26AfccEc2642c90dB8,node04,b9e0c9bc9f92455b418a9818ee1b34097caac182756ea0b1c6b67421ec3f6cdb,3,1791383497.88484,1791383518.7430449,20.85820484161377,169,241970,confirmed,
335,0xD4513D28281a0Ab24B4B9bcBDD5afb04c511aD8a,node05,0144ee71385b74b328e48236428e5aa3bb461b9278073fb89242a19b042ba155,3,1791383497.885963,1791383520.5930836,22.707120656967163,170,241970,confirmed,
336,0xc9AfcD2060c0846aB4270895425C3FDc554f04da,node06,60ec0d610be1834233746e97c5592bc7b7ff1ec36129c41544b3c6c72c0f6998,3,1791383497.888934,1791383522.4371598,24.54822587966919,171,241970,confirmed,
337,0xa9F308cBAD4aB2AEddb0809aDD66875C509834D7,node07,a8cdc25cd328ad24a261e2d189d7982f3f996927f24a03a8575f147b857a00fe,3,1791383497.890562,1791383525.485296,27.594733953475952,172,241970,confirmed,
338,0x02AF9C21eBe24233CA17b354EFe3E89984c4CdCa,node08,6e16b3ec335dffb71d25e09ee604134b061ad96bb00cca6e9e7c8b5e0bd7d6ad,3,1791383497.8925984,1791383526.4360359,28.543437480926514,173,241970,confirmed,
339,0xed7Dd4dC7d69610CC00E3bbA596384e46E5EdE46,node09,cbe42144c92081d5220aa806dcfa13c4d34ce949cd66bee0ddae4531a5dbe956,3,1791383497.8940365,1791383529.3509638,31.45692729949951,174,241970,confirmed,
340,0x5aA4635672ebd82025b0355FD9f217301A6A2A4B,node10,b05a23281374efb2cf18606430c18e12e85dd6951d1e84dcc7925fda68fef96e,3,1791383497.903328,1791383530.7914307,32.888102769851685,175,241970,confirmed,
341,0x29B91183361653743b72cA5dFfa3E01EcAD56b45,node11,60bdd828bb9a5b76e9a29b4ce9182372703284f553e5d57dd4ae859bcdb831cb,3,1791383497.9070687,1791383501.9448688,4.037800073623657,161,241970,confirmed,
342,0xaD274fC1f54A6bc9E80B3a6db8cC5e06bdD6Ed09,node12,e0aa820ce427f85385d04f7f01513830ee10adb11633cf17f627b8efcbf5f9cd,3,1791383497.909224,1791383506.3153987,8.406174659729004,162,241970,confirmed,
343,0xeE40ecA74f192C495842Dff3d04AaC1E49E1C964,node13,4f770aa602141ae950885faaf14a03e8becd569c7ad9f73dffe173c155f296eb,3,1791383497.9118922,1791383509.943183,12.031290769577026,163,241970,confirmed,
344,0x4A6F095D2Fa235dC8994DcCBBc3DDAd0b164DF1b,node14,0f440b96f05e6524077aa7ed04e2a27cf97332c0789f0424284c3ea563aec97c,3,1791383497.912746,1791383509.9744692,12.061723232269287,164,241970,confirmed,
345,0x78545Fb2b38e076Ff96E6eE79Ab1447B34B26181,node00,1db1b47e24281eeeb453ce5e7475b1346a9c3c19b1fe1ac3f4ebf64b601f208f,3,1791383497.9156125,1791383513.6954837,15.779871225357056,165,241970,confirmed,
346,0x5e45310Fa475E9e5fcdf975a417FDAa515264949,node01,469555b15c7e166dff09b142f6d97d605aff97b9079c08979f35ce650327e243,3,1791383497.9217384,1791383513.502702,15.580963611602783,166,241970,confirmed,
347,0xCE5C66E3A70956b79eFde3e75eAdA8194b88e1C6,node02,53405e307ab9b628e32a0a0bd181f4a6e3f81aec1ba35fc4307ab7731d334568,3,1791383497.9246376,1791383516.114179,18.189541339874268,167,241970,confirmed,
348,0x84a580028f7Bfce7DC3Fa5aB0D4b7AFde3e4C704,node03,5a573c9d596076f4eef1a5687b52346b7f07cd7e1ce4accbeb50a22b2057d4e8,3,1791383497.9268425,1791383518.6064003,20.67955780029297,168,241970,confirmed,
349,0x0905ba08F117F291C2BD777563d45333C1F800F0,node04,016e8cd636f251ccfcce491f080bbf4a3e3edd09b98392d1f3734d38b3d7722d,3,1791383497.9296448,1791383518.4997554,20.5701105594635,169,241970,confirmed,
350,0x35EF0C019D29082fF7BE647592686E207b16c0e5,node05,41751cd5a28344353bd14bb078250ec0672acd3b35b2998048ecd869545da645,3,1791383497.9327626,1791383520.6175663,22.68480372428894,170,241970,confirmed,
351,0x3d99b320798891e958DC79CC502a8dc7a4f91261,node06,03d44aaad8706183442965b220bdc6a228d139a2cf587099752fc867a363f5aa,3,1791383497.933898,1791383522.4175818,24.483683824539185,171,241970,confirmed,
352,0x2869dAC8C28De73458cCf361da85aa3CeF8316c0,node07,fe5aab724fc1bc97a0b53fc307a111f048c6483c696caf0dfe98d3b49a758de6,3,1791383497.945186,1791383525.567557,27.622371196746826,172,241970,confirmed,
353,0x8AD1bc5D867C2CD069603308ad8627E6F31295c9,node08,4ffd2f1f39096b800af99fef252c4448869051504d462d71b46d7eee6d60e1ba,3,1791383497.946158,1791383526.3972313,28.45107340812683,173,241970,confirmed,
354,0x27C84b3A16288347e950f61781DB8Ed6eB37f2c0,node09,631f351372aa23454411d2e8c289ca3f01363746dcdfcd12fedc8308a5b7606a,3,1791383497.9474902,1791383529.4578803,31.510390043258667,174,241970,confirmed,
355,0xFC48f8448C56Db7a15Fe367520277DC90df0eDD5,node10,f83e9800ef79ceb57876fe0e90ccd201565fda8d39fd1d7bb8a8576a9f85a91f,3,1791383497.9528182,1791383530.6016564,32.64883828163147,175,241970,confirmed,
356,0xd6Eb6D424AeB1350ef865e3178c8606659215E1a,node11,b97745854736fdb3a48adabe0e6f6965183740ca6cb0b2d56b17127fa31ff0c4,3,1791383497.954586,1791383502.0163298,4.06174373626709,161,241970,confirmed,
357,0x52dA1b48c41bE3383785CF35DC7c54608299A6e0,node12,09d535c07a9cdaf5c7a6862dfdc791cc4df6929ab8be21ec2207ef06842636a2,3,1791383497.9564154,1791383506.5458162,8.58940076828003,162,241970,confirmed,
358,0xb757bb9Cdc753F3f6F877A40C1064324620dE5Ef,node13,afc4fb531c252826cb94246f764d1c364e0ddc4bd2342ef42db31e6209bbab5d,3,1791383497.9574196,1791383510.0652068,12.107787132263184,163,241970,confirmed,
359,0x137b85609Aa2f2C7Eb9e683837e3544F4405D243,node14,ec6b25b995a69843525c21cc9e5d1c55778d90f7b7a420ad7fb95fe6289bad2b,3,1791383497.9591718,1791383510.3359253,12.376753568649292,164,241970,confirmed,
360,0x294eE542F411A33D280C49D962EbeBBd0E989120,node00,d3a3a1149f8785a808667408e96851a5a0fa8c693d23a985568a74fa8f76e92d,3,1791383497.9632115,1791383513.5209806,15.557769060134888,165,241970,confirmed,
361,0x070bb44666ec31A74b05A6cd786a9735e4C850E1,node01,2745640eff18d46a61d67a27dea5761c7d8959c681ef4a9b5864c6cfc2bc0316,3,1791383497.964327,1791383513.5421624,15.577835321426392,166,241970,confirmed,
362,0xb0A3670F208d891343435CE5290F2651FBa565C4,node02,7a5f2b5fddc0b79dd84697588debf0d3067a30d9628857d761fb1697adbec164,3,1791383497.966764,1791383516.3010046,18.334240674972534,167,241970,confirmed,
363,0xB2f0687F5B15f60447ECaF0bC306e804D7159b7d,node03,f14d49cb39b08f0cb823ead57da5bd964a55feff0cbe3613dc0c93bc799b9a8a,3,1791383497.9694688,1791383518.571538,20.60206913948059,168,241970,confirmed,
364,0xdddDfB5504460266dC540b9aBb7D58ab066941e8,node04,e8f588a673da404ca8619d0bd0a9dca796c66a82aeda80dc38ea23f75ca6c6e6,3,1791383497.9701655,1791383518.6426818,20.672516345977783,169,241970,confirmed,
365,0x1E21d40649A6D671c99A3D1171bD3fB1ABfDb8e9,node05,761714eed0d32e21c90c5f979546c820bd3300e608071454660206f6d15e4c72,3,1791383497.9723835,1791383520.5980117,22.625628232955933,170,241970,confirmed,
366,0x20bd4686f1eBcbEeD9186c9Db8584bb4579CC288,node06,c43807aa2a49a676c6475ea7e129569c75a17ddef6235060093c33f29a8b964a,3,1791383497.9783115,1791383522.4244668,24.446155309677124,171,241970,confirmed,
367,0x76B676fd181944c8E9b98B715E8b677142931632,node07,56485655f5c20850a1bdac0d19537c0bfb777ee96298e2df4cc494880517c516,3,1791383497.982877,1791383525.5017693,27.518892288208008,172,241970,confirmed,
368,0xeaCd907a3A1F88a0c864f5481c582561882d7a28,node08,c6b9ef294bdc01dd87cc906e02557b5284c11e064aaa1402899f1bb25c4d9c11,3,1791383497.9856703,1791383526.4009721,28.41530179977417,173,241970,confirmed,
369,0xbe625b3172B62E7eb52C44e8c1e632277a04b0A2,node09,960e82724fe279a6cf217e0d8f52989b8454b68c802899b37eec4f755f0fd402,3,1791383497.9893572,1791383529.3635085,31.3741512298584,174,241970,confirmed,
370,0x75D3222a5eb0B07f61E50127443eDDBc76A73F0A,node10,ec99419ea6f411f06cf0167b6465d6c4c0fec4c4d4ceda9855e382441f44fea1,3,1791383497.9913087,1791383530.6445925,32.6532838344574,175,241970,confirmed,
371,0xF2ac582fceA406c249BED77f28952DfA40454433,node11,008b84fd418df087692ae734e43020584faf222060dcc668fae9c3d03bd351e6,3,1791383497.993333,1791383502.0628145,4.069481372833252,161,241970,confirmed,
372,0xaE572b848B04738b1bB9830e7c59750d87fC9269,node12,c2f54c4c7b19eac99f9367cac77161ec8547f47f8bbc8f42052f7dd0d4dc872f,3,1791383497.9946804,1791383506.4029934,8.408313035964966,162,241970,confirmed,
373,0x7b158cb6Ba6173ffECb0735faD87aeeD2FA91341,node13,efbae7a08db3ea6b7dad6650f1528328e50971f597aa12091c96aed1be9049de,3,1791383497.996256,1791383510.1746082,12.178352117538452,163,241970,confirmed,
374,0x18B94E06089C489579f6633457b68Bc185EFD9a9,node14,b79165c9fc489766c1285f888ec9f0c7a7167a41a2a4158b6a4f2908bc2037ca,3,1791383498.0004873,1791383510.1198354,12.119348049163818,164,241970,confirmed,
375,0xBab6B83d4828658Fdaf8E57Bb6a760881FF3f90F,node00,0045dadbc1bc1dd26a15cf94f9822d8d876e06bc173ff00a286af7ff7db39c7b,3,1791383498.0038705,1791383513.7134364,15.709565877914429,165,241970,confirmed,
376,0x1f0Ee30A183E3E73BE6EA9EB724De1ec0E36E83B,node01,2ec92b529ad3e6ffe8fed63dea933ba5b2b6ead0d472a6c9a750ede80192b6bd,3,1791383498.005483,1791383513.6006935,15.595210552215576,166,241970,confirmed,
377,0x4C8c5b4E213bb5c89E28881d343D034F24003e3d,node02,e4cb20ec953a36ff153dddc67709c525e878b188bd5741431583f4e13c671a05,3,1791383498.0062292,1791383516.1742382,18.168009042739868,167,241970,confirmed,
378,0x793AB0C3e16c1E3AdC7fD0473466eB0Ce7CCf773,node03,8c199424d363a2ccf4969420b5c7b0daf385ef73d93a334719723ac3b038ec2c,3,1791383498.0084674,1791383518.856371,20.84790349006653,168,241970,confirmed,
379,0x0C9f08Cc85DAEd5c3E9C4fe5AD652FC3543669CC,node04,a26a0b8795e6fd5d967de4c73ea6e2ca49ad4d91aed5838a57bc13bedcafdef1,3,1791383498.0125656,1791383518.6189222,20.606356620788574,169,241970,confirmed,
380,0x7d64b3a3D1a776c1Aa969c8842A83E6F3d476a28,node05,2978f4d3e96f45c16c85117f6d49f20473a888e75d360c6a85dd882c61c02bb2,3,1791383498.0135772,1791383520.6216037,22.6080265045166,170,241970,confirmed,
381,0xdC0Dd3b24b5efed584c8cC69d9c649031e6fE769,node06,413d23947ac4aaf8046f1615bc2e33bd9b8656094aafb65ecb20e9b20d8d9e23,3,1791383498.015558,1791383522.4051466,24.389588594436646,171,241970,confirmed,
382,0x76c2C73bA6D70A1172dF3B2a6EbFc7070c2589F8,node07,8f260ac20a8d88011e52da63a271fb5677759e049ac1cd016c7c7a4a5edd15b7,3,1791383498.0214412,1791383525.505106,27.483664751052856,172,241970,confirmed,
383,0x97A3Dd48330c8Fe2D1b9EcE5B47c1c72C04B4a25,node08,f4b34334f03a97ad45e4dd40dbecb514dbb48e66d3a351af2e8a5ac7d5f23a65,3,1791383498.0236533,1791383526.4213643,28.397711038589478,173,241970,confirmed,
384,0x84728aE4EeBde5e563C67D6bF83e4C765d8cf9B8,node09,32fdbbf6942b1ae47c19f5c70801e9a68c66dde0f5beab4e5b26285d9ff8edd1,3,1791383498.0249636,1791383529.3759189,31.35095524787903,174,241970,confirmed,
385,0x6C1735a049A4b89A08c8Bf34B5C7EBD471827a29,node10,5afff1a4d863c5d50c33e109130eba196d527a2a242d8fb701ffc36240ec4477,3,1791383498.0272753,1791383530.8125079,32.78523254394531,175,241970,confirmed,
386,0xf92DBb2907F36Cb8B6c45b403c026f36509287d9,node11,fe9762f7226cd663779977dbf6cf63ccaa33991e048a7a5407dc3e0fc8c37227,3,1791383498.0294604,1791383502.266209,4.236748456954956,161,241970,confirmed,
387,0xFA7218Cc6704920bd8bE9dB9ab12961659795ccd,node12,7b156dcbaa7dad335e25f826ab5235006b46bd81124cb8084d6d41019d9244aa,3,1791383498.0305245,1791383506.4192212,8.388696670532227,162,241970,confirmed,
388,0x216203cf74966F75da8c7414A9B8858A52720906,node13,825af61de159f4d37632efe8d50c4f19b2b7038b2f6195ba6374388ad807f9ed,3,1791383498.0328927,1791383510.1422365,12.109343767166138,163,241970,confirmed,
389,0xC2F11a5cfe35f922983B5Bd35E503234Aec5037C,node14,d2bd1349ee5fea96ffa17f5887efef048a2553e31cebb3e0ac119385ac225c2b,3,1791383498.0339568,1791383510.0617092,12.02775239944458,164,241970,confirmed,
390,0x4ADEC441bEf7D09bcb9AAe0f8CaE6287dE19FEA0,node00,4d4b5639ad4ca641b53c5a433ace69dd926e13d3eb1e399e366f6a0a69dd1188,3,1791383498.0370727,1791383513.929597,15.892524242401123,165,241970,confirmed,
391,0xD51F604A781e498849e03219B138A5c2395571c3,node01,b44464afe89492089622d45d9e1493c5b601f5c10a2116fc74476705fe840372,3,1791383498.0387115,1791383513.6213303,15.582618713378906,166,241970,confirmed,
392,0x551D3956a6197B48c889736156d706E578Ddfb1D,node02,76e56d928a9ddd1bcb70d870e293399d740e9ed2b08efa43ded17f11cd6994db,3,1791383498.04031,1791383516.155932,18.11562204360962,167,241970,confirmed,
393,0xcFEB3aF9704213e58a5F1Ba75373d61ea7F5F2CD,node03,7cf180431a56effb39c154fcdf4038a0ab4f300038ed986d894a020e5123e1fb,3,1791383498.047701,1791383518.7406466,20.69294571876526,168,241970,confirmed,
394,0x654B1063CFE70050D9CBb08794593741dB8DAeBD,node04,b57bdc32db0d1a7b7e73d366e6796384540aeb8fe223d11f793968102b175725,3,1791383498.0506375,1791383518.6834528,20.63281536102295,169,241970,confirmed,
395,0xa592D53aC2d67FAD51F0511FcF098884EcC46Ac0,node05,38949291a779894d2487b1d7ed5f5e278ce4897e323fa102a5e6b9fc161802df,3,1791383498.0531993,1791383520.8615026,22.808303356170654,170,241970,confirmed,
396,0xd069449769576A4D0Bc13CEF40FD1165EB8c5Ae2,node06,e041376be724bc38f0bf267d919824a67431a5f5ce8a755c3195633c1f62f32e,3,1791383498.0547688,1791383522.4711943,24.416425466537476,171,241970,confirmed,
397,0x9F06ef8aB2451D0956579843222A774Ac9dd4AaD,node07,72fc4e13f6fb7eb6867887d6ae2d72d7396cc64be04554744993189b302dce43,3,1791383498.0654922,1791383525.5109296,27.44543743133545,172,241970,confirmed,
398,0x277eff2CB8E9b52E0F4549B9DAc92a3c45DF479e,node08,54c531a7fae476c968a5b1db9cc25b05efc8cf8d3e6825271595b8041720f860,3,1791383498.0687675,1791383526.4248343,28.356066703796387,173,241970,confirmed,
399,0x849588a2c925A36a4d76B6fdf393013AB351a1cF,node09,8e3e83e53a70ad1874fea1d7263373900ecc6f4460b2525c6f0041ac6cdc6473,3,1791383498.071698,1791383529.471848,31.400150060653687,174,241970,confirmed,
400,0x3D20ec2F092e2f23E74a59F167c4F71C3e154d8b,node10,ffd0c3f5cef76924767090dfb8bf4fe225804386f7b4af0b690b94cd92c249d2,3,1791383498.073964,1791383530.758349,32.68438482284546,175,241970,confirmed,
401,0x9ca5B621cFDecD965830fdE42c7f8b00d6c0e00F,node11,9db0df815277681b9d4ce0ae2fdfd6f4b92802ee9d31ea8e96f4b262d9a3f497,3,1791383498.0751452,1791383502.4726849,4.3975396156311035,161,241970,confirmed,
402,0x3a6cd5C6dcC2Bd804B8913CFF5882faE65708BCE,node12,3fd38c44a88bd7af3c66151e4ab5b1cf01a9931be8d134d8cd6c6bc3f869abf5,3,1791383498.0783203,1791383506.5553153,8.47699499130249,162,241970,confirmed,
403,0xF93baaEF63d30D1B3bcC2bd80F00978d36BD3219,node13,6743d6d11922d734bbd536dd3919b03f599221da89ad09227dbd5fc37fac98a0,3,1791383498.0827298,1791383510.2183752,12.135645389556885,163,241970,confirmed,
404,0x92150B1b480A97FF7bE255b734AB8A7d23A61cb4,node14,90938d091cba92ce7fae2c3fb5972e752a3fd3292d6932738ef1d65de75539c4,3,1791383498.0860395,1791383510.235906,12.149866342544556,164,241970,confirmed,
405,0xd6BB7BF2de441B109221DB5912479d2754621Ccb,node00,f683a2e63ad0bbb7df544d30656abac5337778a6d3f560c19048416b9bdaa85a,3,1791383498.087096,1791383513.5602624,15.473166465759277,165,241970,confirmed,
406,0x5e8209F99A8921F63FC3E7fD9A2Ef7c8C8e79b35,node01,309e50d32003d6312f50f9d49a3bbb36a80a0fc35b175c9c93e35dac77095f3d,3,1791383498.0892286,1791383513.5552056,15.46597695350647,166,241970,confirmed,
407,0xF5BBee0b2646695121C08F36EBF9B66613424aDa,node02,a77f75c4b0eb21f56c16a00a31ac0102b9e8022774f882f0afcfe2ecc634de4c,3,1791383498.0974367,1791383516.1656506,18.068213939666748,167,241970,confirmed,
408,0xA5f456B912cB92b13a659291C6AdBc4C4295159e,node03,016f2c76add2238af672c4232f110dc2548ee4ede646af1441186642fd885d21,3,1791383498.1009574,1791383519.364455,21.263497591018677,168,241970,confirmed,
409,0x1c5E4201Fd9139b60437b73939e5484661c2Df99,node04,4d520cd304e9a91db9439cd80885e3bd65cd7dc68b40bc31dfff8cf2989fdb58,3,1791383498.1058006,1791383518.6459,20.540099382400513,169,241970,confirmed,
410,0xA47B7D02a3AB9a8476C8905cdC8a67C1A0BDaEeB,node05,c1b8d14b07e27afae04211632c531aa83582b55b3fd5633067ab9709d8a5ff86,3,1791383498.1077323,1791383520.6753871,22.567654848098755,170,241970,confirmed,
411,0x077990328BC62dF45C5E6617Ccc10Cff6DbA89e0,node06,eb5737deb1c148d69e925c7aa8299ab20c71ae91e2c4c5d4dc616fbb93791041,3,1791383498.113474,1791383522.5665884,24.45311450958252,171,241970,confirmed,
412,0x59d2244f317bF374955880257567691DB1C41416,node07,0c9227c701d5d1623e8a1bb7cec771df71a9e3dcaab8bd3905187aed0a569dc3,3,1791383498.1163404,1791383525.6049206,27.488580226898193,172,241970,confirmed,
413,0xA9ffdeF770e8A460195c21EdbBcA4FB7478fa82d,node08,bbf760f19d2fcc83b9c354b0f2eca4922b0a3ad9b3b985fc5e005dca6119dc70,3,1791383498.1182919,1791383526.4533823,28.335090398788452,173,241970,confirmed,
414,0x62fBE07c176c9021A6A03a4e34b88003347e435A,node09,d704eaa1ec4912f2cfe5aa74ac9b0d0dc9a65209baaefe52044c8d2e87084600,3,1791383498.1195035,1791383529.381473,31.261969566345215,174,241970,confirmed,
415,0x497d590Aa1955f2Be70510801DED1186a944FC20,node10,a20ada51062d9617d5f4214975fe7d368895605338f969e114e1016f8d641823,3,1791383498.125212,1791383530.5863483,32.46113634109497,175,241970,confirmed,
416,0xfe0FA7539d4BedD9FD157DC728229211F6487905,node11,615e61838dbc558a5e89886549ed93b7b8fa46621fe9d1580e4486f44c42a049,3,1791383498.1276646,1791383502.3571358,4.229471206665039,161,241970,confirmed,
417,0xa89553A6C17aD6cA025C1498B248a4599FaC9C9C,node12,b64bfd4bdbf8f44ea928d094b3900173db515071869bfc0b186ad69d64ebebfc,3,1791383498.1301742,1791383506.532605,8.402430772781372,162,241970,confirmed,
418,0xD671c44580FD80F8C5Bc57543BEef7357daCB8f8,node13,1fe8dae64695835af6ceaa72291aff31d1d009750e17047b525ac3d3c72a49ac,3,1791383498.1334307,1791383510.2969558,12.163525104522705,163,241970,confirmed,
419,0xA27b178B37A5C1ff467Aa8433E9DC1f0922459e2,node14,8481844ce1ea8e1b07651e7de3a872c68bbd55524240af9d1905bb260eb1bf2b,3,1791383498.1345649,1791383510.169488,12.034923076629639,164,241970,confirmed,
420,0x1Ce7B5E9021b99747542B4bF7B53ed465EF57EEc,node00,45a876c08c4eb6ecf92c5c5a3e546f6d60888f4f92e1f36a81c66e43d45f0cd9,3,1791383498.142764,1791383513.783999,15.641234874725342,165,241970,confirmed,
421,0x28458369E5F0588111Bdf332fdBb7864ac2d5f60,node01,f4443f84e8419ded91f92e535b8c6ff3f86ffa97004d7d65e2b927637c2d0d57,3,1791383498.1458502,1791383513.6876543,15.541804075241089,166,241970,confirmed,
422,0x7A755C94785Be079aa8E16D31bA5c2F2227FC22c,node02,7b81649a46482e53b4d17fa448591aade57020823ce81813957c8d5ced47008e,3,1791383498.147839,1791383516.6297286,18.481889486312866,167,241970,confirmed,
423,0x45b84AEFe204358538f6aA1f757f4917bD169cBf,node03,98b4e2323aa4afc9220a4c42aa9ab2c303651cb4d6d8f839cfc420828b80c4b4,3,1791383498.152773,1791383519.2262812,21.073508262634277,168,241970,confirmed,
424,0x41e6648a80C40e70652Fa122766f5103CD605FC1,node04,b2104e98857f3b63a8aac0c411bedeaab2c7c6f6436da5bd6d8bc5704da744c6,3,1791383498.1609335,1791383518.860129,20.699195623397827,169,241970,confirmed,
425,0xc536a686f372aB08A1fBf1F14027706dfFAB1Ca7,node05,818ad07bf969f8fdbfe7e8a6fe9445d251efcd6a6399892b1d48d151a40851ac,3,1791383498.162488,1791383520.702629,22.540141105651855,170,241970,confirmed,
426,0xc9886E77157d1bd9246e37CF3E0339B2BFF2C6DA,node06,93f8298c3804171078042d44a5ed026c502ad165b4e208c756d8b4ef42e3bec5,3,1791383498.1685617,1791383522.5545683,24.386006593704224,171,241970,confirmed,
427,0x15D6ED1f974472A5cE3Ea90415D890b07D036810,node07,e85f1d027caf915641c50812b1cec3999537ad0c70af34774da3d428f043e85a,3,1791383498.1712167,1791383525.9193141,27.74809741973877,172,241970,confirmed,
428,0xd29C3497460eC601cE7a4056604daE275825fC21,node08,ea5ddf6c4189258be4ef348914fd4d49b3c53dbcee131ef843672dca8c51681f,3,1791383498.174512,1791383526.4548318,28.280319929122925,173,241970,confirmed,
429,0x0ca3b68C3c277Ae3d48a6E3388aAd8cEc6327397,node09,9c5d549403888a6629d150c72356dd3b4b09b5566548aead513ae1473c8881e8,3,1791383498.1786456,1791383529.3865285,31.20788288116455,174,241970,confirmed,
430,0x0C05c3a2a3F48C4DAaa1bf2b8E620a05Abb3C8Cb,node10,674b9444f351309ba0e75cd10f2c65174d1ef704aa449f7b69d0ea62790ca260,3,1791383498.179877,1791383530.8285286,32.64865159988403,175,241970,confirmed,
431,0xBd9862fa6EFb4AcFEDf930bE3a24ec40ed50d5bf,node11,b450f7bcc4aeb9376de13396cc5e435213563dae99b696cdb322ad8b9c6bb020,3,1791383498.1855388,1791383502.6332033,4.447664499282837,161,241970,confirmed,
432,0x071b2bc94aFca82AB94DecaC72FE76e6F77dC27C,node12,3ffaadb7cdb91cdb18e6fb854e127f3a9ecf4e84c15007e82839365ae2968f53,3,1791383498.1898673,1791383506.8082123,8.618345022201538,162,241970,confirmed,
433,0x3fd8626DE2f2207d265ed1BF4AF21099e15ae441,node13,6b51798b0181aaaf3faba5281f25fc02534711eb773748a11777feb02ee93e22,3,1791383498.1940944,1791383510.3340282,12.139933824539185,163,241970,confirmed,
434,0x5c9670A896c8868F6dB88DA72826b1CAc0cF50D1,node14,1254b9b5122c2164e8b54e838464d16c2c3ad6eb08517fd8a861b70db3ece958,3,1791383498.1953492,1791383510.727494,12.532144784927368,164,241970,confirmed,
435,0x0B9Bb7D8471be4F6957964de2347a9143bc7998E,node00,ce4d54c0e7ae04d258a5e7f9ace604b084cdcb27f36c11e67e9f0f09af769495,3,1791383498.1984663,1791383513.6760688,15.477602481842041,165,241970,confirmed,
436,0x5a1166d66e988ccdF259c6B138eF72174800623b,node01,327eee4a11fb12fcf6ea4f84da13029e57279f7995b48aeafcda4a843359fb08,3,1791383498.2019074,1791383513.7431707,15.541263341903687,166,241970,confirmed,
437,0x86FfB1e0Ad2f51EB1D975fA6a028E2214aF6c31F,node02,3ada8b093f86ee4d2cd54645bcc64f0b0c9eea2f28bc066170fac2e4c31e0e35,3,1791383498.2030425,1791383516.2348998,18.03185725212097,167,241970,confirmed,
438,0x1184C4BdD4B06e58bFec9de6B6BBecB1aE4Cfc83,node03,b54d40fcbac04c881983684442a0262b0c5d55d7483a4de751e58caab887068d,3,1791383498.2070713,1791383518.751651,20.54457974433899,168,241970,confirmed,
439,0x21c29d188090153CD847b8373F228B98c6837078,node04,7eb5c9584de5a2001272e3acd0a24a5cbbc5987453b5c1df12bb0237dc7bf0aa,3,1791383498.2089396,1791383519.1006954,20.89175581932068,169,241970,confirmed,
440,0x55a07eF9025c17524E4A27a29AFFc9198BA1EA7B,node05,1ca22ae11ace8b575eab7208623d730ebb7a79f1470e6a685a6d379b79f07899,3,1791383498.2133625,1791383520.9249709,22.711608409881592,170,241970,confirmed,
441,0x359D2B4532728879a9307FfbF5b5AA33Fdb0Bf6e,node06,103f07e6be8f1c8bb2764aa74d194e700afbd0daf0371fb32f4f053a3afc95a9,3,1791383498.2150574,1791383522.9910734,24.776015996932983,171,241970,confirmed,
442,0xB6139AA67Bce56E50708f8bCCA93Fa5Fbc474fDd,node07,b04d9c01a94d5923ed8634b8cb29b82ef88b0f739bf8529df45c5829e5c39068,3,1791383498.2167723,1791383525.6767714,27.459999084472656,172,241970,confirmed,
443,0xafa4e8Eb4eA4dD7F13E9e1e780465163bdE6F247,node08,14b7a11f5f099ce09b910f53f351b02997c5af2e948778e5cf24e3726a6acc84,3,1791383498.2188485,1791383526.42902,28.210171461105347,173,241970,confirmed,
444,0xb749fcd28ee7E00FB7e5847dA30c1232B72D7574,node09,c2f8bf9c1670823729242e7a1427df3a3415b3e2012e6d93daad94f122c83503,3,1791383498.2233126,1791383529.3743687,31.151056051254272,174,241970,confirmed,
445,0xb08d4ABCfD2733913382189af49d3d743f3BC29b,node10,21fe9b860eb862d33b90a42b8a2f2d5159bbccce0f23015440910d15f94f0623,3,1791383498.2280474,1791383530.706117,32.4780695438385,175,241970,confirmed,
446,0xa0258ED7a142a65Fe7d6AE6A2a1b2e448B7a3B47,node11,b5284b1632a99eab48d9f92540bb339c47bc4cee2087a228e84badb5f816d721,3,1791383498.2293565,1791383502.6446218,4.415265321731567,161,241970,confirmed,
447,0x176fd9310Ab7bAa0976b9F11bee7111dE550e71e,node12,46b9107af6fe673cc7c848b9c6a4493982aef71c9c18d1e2914ec2c7592c2f45,3,1791383498.230609,1791383506.7092652,8.47865629196167,162,241970,confirmed,
448,0xbb2Cee8d3332bA3778725a08BfEFA2f711345339,node13,155a6267b8e257b74344f2c0ead21643617cd02aa3070962979225bcba3933c4,3,1791383498.2324607,1791383510.292947,12.060486316680908,163,241970,confirmed,
449,0x0c57A4a77C826aC268D2EbF97D711c74eb1E981e,node14,813c40428b39fa2dd29a6d8c353d37ae277b540496db97f3a97232c24af918d4,3,1791383498.240291,1791383510.9684653,12.728174209594727,164,241970,confirmed,
450,0x234690431Ef7178A131ad388a3b7b285f0C50eA7,node00,41e7719d0356c3ae7b8a7c333abf558703614164faf54fb1e137f982216d3102,3,1791383498.2438443,1791383513.6909943,15.447149991989136,165,241970,confirmed,
451,0xb47fa10bc26818801f175bA96182f29071D836f5,node01,b78a7a963ba7745ba08ac41146b5915d3733fe374574492f1e64f8a5dad7e899,3,1791383498.248592,1791383513.6707983,15.422206401824951,166,241970,confirmed,
452,0xCd8AeA5b71c226B85DEbe9608aBEd834C8719C5C,node02,f9c5fc0fc837b5abf98251d6306947fe3e1a0848214f461b390a5052e4b48b73,3,1791383498.2524657,1791383516.2242804,17.97181463241577,167,241970,confirmed,
453,0xf79090E96Ad718B245868241254a55a021b730F8,node03,e3949d0447a96a2c0f18d4329972bfd86f28da26d7eacc041b845448a9ffbef3,3,1791383498.255929,1791383519.0206578,20.764728784561157,168,241970,confirmed,
454,0x85a71793Db0B1F05c5cbdb03c450ad5Eb8AF119B,node04,381aa116bda253aaaa13046d2594155e0af88dd1239ee04af5411914a065115c,3,1791383498.2580369,1791383518.7815568,20.52351999282837,169,241970,confirmed,
455,0xb894e163aAB761F80729672AA508783D5B1811f4,node05,ffdcc9ffc649b3edb6c819b5279b7bfb45e60c82bb30fb79e051ace9d6ff16d9,3,1791383498.260244,1791383520.8893406,22.629096746444702,170,241970,confirmed,
456,0x04185Bed57140c5367411738B2e1727505ace372,node06,031af748ca12514a8a2a3a810a8378737816cf73ab245b8549b1cfb7d7b3095c,3,1791383498.2617123,1791383522.4881308,24.226418495178223,171,241970,confirmed,
457,0x8DeEda270F2E72CB33c6453cE697A5FF14553d5a,node07,012f0fc968a66f6f4d56365fe7d35e6751b7bd477ead70296878db1af5ec21ef,3,1791383498.264072,1791383525.6476588,27.383586883544922,172,241970,confirmed,
458,0x12A48371951268425e4e9aD14D497bE74b32f07C,node08,cac6993366b1c6b83613fc080bb405f5b14500c0c6faed5df22920351336439c,3,1791383498.2680128,1791383526.440673,28.17266035079956,173,241970,confirmed,
459,0xA4fca293d54C3c24d1607a22c52Bcd3c70e2aE03,node09,4b2002d2168a5c48ce63c06a82d857f1f255917da87f547c73a1f27abee07eca,3,1791383498.275578,1791383529.449168,31.173589944839478,174,241970,confirmed,
460,0xFAC7d6bCef78B60E176b495995A1726f8D1e9c2C,node10,7bf2024d605c8b3824fc78feb12eff359199b12e22e731d1843d1bce33647f03,3,1791383498.2771301,1791383530.6701205,32.39299035072327,175,241970,confirmed,
461,0xeEF85Ecf32201C45222Bb85C17653c875d4A3255,node11,1afbd7a805bd146c7f4e6642fa35e26f041b2e2044e532875d64f2e57bf2f2ef,3,1791383498.2824721,1791383502.4855301,4.2030580043792725,161,241970,confirmed,
462,0xCEe6A46f0B16d797C144139C44DF18dE7d1c087c,node12,ed56712f81469b165679695a0b80b3aa318f3369d1e5177de8c4510e4fd82db0,3,1791383498.2838092,1791383506.752629,8.468819856643677,162,241970,confirmed,
463,0x113859a2D54cB65622655235CB3d3478c326edA0,node13,bdbc91e9ad2d263e919d9adc9ef7aea25c9a63f5b14f793254fc9a78f2e62879,3,1791383498.2974546,1791383510.6491876,12.351732969284058,163,241970,confirmed,
464,0xC5a76a1168DC3dAF5B02DcaD0D1d8Df9b38A8c99,node14,55d7fc13c9c929c4b1c8b6aab89dafe94a2b9f383390f0939a652c574ca50138,3,1791383498.3124776,1791383510.237859,11.925381422042847,164,241970,confirmed,
465,0x08bf96c5cb767284ac0B314F189A19FEa06509Da,node00,cdfa7aaa7c3369b69e389c0fa744dcba865fc2d0fd79e43277660a4450baf954,3,1791383498.3182895,1791383513.8809376,15.562648057937622,165,241970,confirmed,
466,0xF9053D14ceC01CB820a123F0919D155Bd73aad1b,node01,8c5cb35f79b10f4821294dc82efb430bf4fd968a294a231b23b312d2980a8bfd,3,1791383498.320462,1791383514.0465415,15.72607946395874,166,241970,confirmed,
467,0x617EC3c00b48D2Ccb8148ACCFAc55163F5965550,node02,a59a7271dde8bdca66a21a97763a884cd5a4ec99a87245f907469d1130ddfe4b,3,1791383498.3226812,1791383516.403922,18.08124089241028,167,241970,confirmed,
468,0x586C17AdDE4eb135E64D4DCbdacDF376e6bc8e16,node03,623efaf92d23520d26194cb1de6200cd7f8152cbfa23d44c1f06e463a5dbe531,3,1791383498.3253236,1791383518.8108964,20.485572814941406,168,241970,confirmed,
469,0xEdd9CA33f5cFdC483A5D5c38d5d75342404fb4FC,node04,21e7997e883e694c2328052178d8b33abc00f96a3dddd032bf76d1c5674d6f82,3,1791383498.3316474,1791383518.9412866,20.609639167785645,169,241970,confirmed,
470,0x6fD810FaeBB557449B2dcc0651a78f671eE38aea,node05,829e089c703b0e2c1a0adee5d770e3c76886042df3f802b98007630615dd0de5,3,1791383498.3333423,1791383521.4539058,23.120563507080078,170,241970,confirmed,
471,0xd489A1deCadB8296cADb9d9F0CC12a6dEad3e838,node06,931998b81b93f066bf2aae0c43180acd0c21ebef3fbe3214ad54ad2d59c8198c,3,1791383498.3359363,1791383522.533702,24.197765588760376,171,241970,confirmed,
472,0xa22935ea018bdb2D70029d58e0b1658586AD6B51,node07,793621bd9ed24fcc3e31f5dfdb95e9c9d974cbd9b8ff6f6d26c1194855ce1d7b,3,1791383498.337492,1791383525.5633101,27.225818157196045,172,241970,confirmed,
473,0x674DCd22527C606Ffa00a063968AF0f5DB369e08,node08,1fb8b0c67308f47e75711367387edd8cb0495c7c4f01cfa488f75315f2fb5e10,3,1791383498.3403182,1791383526.4613636,28.121045351028442,173,241970,confirmed,
474,0xcfd1097f91E72848F8749a22D0438062DBFDE7f6,node09,f583a62ceda5f58a641a071fdbf763e15ffa8cfe89ef4831f5cd4bd3814f2528,3,1791383498.3423588,1791383529.452582,31.110223054885864,174,241970,confirmed,
475,0xed79FaB039E650f9ad0570631f8cba191F3DfF3f,node10,c91c8e34c31608983301c30016b2862be6b76ca8c07438c9cd12623eaf67a577,3,1791383498.3460362,1791383530.8176877,32.471651554107666,175,241970,confirmed,
476,0x4AF2029BEc67f38E145Ba0Dd1F84F169f304B978,node11,8ae281b38a4adb6f9b6c39fd24b7a84aac118d5a9c74324fca1cd838191a6ffb,3,1791383498.3474412,1791383502.5566802,4.2092390060424805,161,241970,confirmed,
477,0xCDe01afD2a6D0b0fB642812F00B4A81337488bD7,node12,608b4bff9c591e302594439827c7b93cb03cdbaeea1e1a5597b5be6fa4d22726,3,1791383498.350373,1791383506.6902325,8.33985948562622,162,241970,confirmed,
478,0x6baFb25d5793eBfaB9c7b6f86ee1764FEf75a701,node13,c1181073cbd18d44c41bceeb5bd83861b0ccfee92e2d64513117edbf44ee50fd,3,1791383498.3584323,1791383510.3370419,11.978609561920166,163,241970,confirmed,
479,0x002311c848CE13D29C219116b08D0dd240BdDcb8,node14,ece9215a160b671ca39cdb3385bc85a72d36e4275e51906b8cb49817f774d9be,3,1791383498.3668072,1791383510.3290555,11.9622483253479,164,241970,confirmed,
480,0x8D55Bc4747074790FE61e8308BA99d3028327C99,node00,02b7c5aef81b995237ac222ab0b7850249544b3dc8e8d45fe888b90613e1589f,3,1791383498.3698614,1791383513.8024106,15.432549238204956,165,241970,confirmed,
481,0xa962d8311192a464234aEb149B4733b46c09Df7a,node01,0e68cfd6d5426bd371cf618f35a1ab9f352d44056c95def871a8b32c9d2a7afa,3,1791383498.3718674,1791383513.737962,15.366094589233398,166,241970,confirmed,
482,0x27d5f3D73A0e6b47838170192ff5778C92e371e0,node02,f3fa97208e0f2cbfaa9a6ce5da00f7f75b4764dbe621867f7ea16f46df18f9cf,3,1791383498.3758576,1791383516.3305075,17.954649925231934,167,241970,confirmed,
483,0xd3665E0CB42893D20C331730d4Ad40093bE6487f,node03,d28eac201de84e4ff3d2e862f91383f6930b19ffb8e01ed055f379872bc904b9,3,1791383498.3830135,1791383516.355496,17.972482442855835,168,241970,confirmed,
484,0x432841a921572C37bf81E31a69265058437D00EF,node04,9f4e9df6f26b927569d9b33105062ded436262e1ad0b003092bd0bc91d8a42fb,3,1791383498.3846233,1791383518.908171,20.523547649383545,169,241970,confirmed,
485,0x4A46284574de63a991850eF771a3578960579045,node05,413bd8d953b42f8860f25192ffc9b730cb80db387765a9d28f8f81abd14b4619,3,1791383498.3872323,1791383520.8132336,22.42600131034851,170,241970,confirmed,
486,0x5Fd605D10e4e6AD34bf2270d8De4f252068Aad97,node06,f3d0ac9f6bd2f128b7baaa417f6bc9aa0efdf80d85b2f23311ad48a7a025e55d,3,1791383498.391314,1791383522.8204913,24.429177284240723,171,241970,confirmed,
487,0x9BDe718cb70e9eaCE3f1BceAc20c50B43E3733f8,node07,eb2e7cae67a1088a7a15e466361beab81c99ee8ada4d0261a4c31ee32bca2332,3,1791383498.394646,1791383525.704576,27.309930086135864,172,241970,confirmed,
488,0x39147B828420e3a917CA345D037E3F020F513E53,node08,4804e49b259002509f354226550d0fc9e13676c75b9b1cd1f805218b13d0c622,3,1791383498.3959675,1791383526.5207708,28.12480330467224,173,241970,confirmed,
489,0x11d17a771c471C7D01E4953dbe3D1b35365883F9,node09,a421dda4166def90ad27e110b99b629f0793f39d636216041a2654afef21b287,3,1791383498.3985631,1791383529.5230289,31.124465703964233,174,241970,confirmed,
490,0x96A52C8bE3136A1aF58D2458c3BE5D26d0de81DF,node10,2cf52d14190404fbb7687612498a2209c3dcd638925bb57955476f6dabf425ab,3,1791383498.400706,1791383530.664647,32.263941049575806,175,241970,confirmed,
491,0x64536C7b8cE289CfEcfE9B7983ef2962CDD878ae,node11,038557bd304898312feeb28cbfee56f4673d35afa47fd7fc1ef5aa7e5e31278e,3,1791383498.4052494,1791383503.1530948,4.747845411300659,161,241970,confirmed,
492,0x1c390E9889b5b472ddD898f6F0f2e788B6E7cA30,node12,bfa1a9e07649c2a9c233eeb08b36d48408d07976787ccf38daead0b2caccb8d9,3,1791383498.4105659,1791383506.6524417,8.241875886917114,162,241970,confirmed,
493,0x8879EA0d2d4C265b63F17444Deb06eDA2010860D,node13,cf0405e33c6d87ce6080f1f9843b87ba4b937ac7ce67ab035b1167ec44d70036,3,1791383498.4120867,1791383506.7787511,8.366664409637451,163,241970,confirmed,
494,0x342fd94991B77072De1F17dfb65eA4f4Ae094491,node14,93cb8a75910597bf139d938758496942b366aecf421679f4705bc1f2eba1f3ee,3,1791383498.4142375,1791383510.286844,11.8726065158844,164,241970,confirmed,
495,0x6A819569DD9542a7d8aA172E86c15bf5Eaa63066,node00,3f2b2aac7082203c4536c24ecf6a0b5ed95c66679af620b2d931b5d380b92559,3,1791383498.4186277,1791383513.7763252,15.357697486877441,165,241970,confirmed,
496,0x2217c75DA0E4F90CC5A2a525479565ed23621EE4,node01,a593a76a21ec9ac94916d4ae6ac20e14ff4bc0b5a468c51676d86be997336586,3,1791383498.4216774,1791383514.2505863,15.828908920288086,166,241970,confirmed,
497,0xAC649507C4c2EBEA7fAcdafb59397D7fa7069a6A,node02,e10ce7f3b422fa6721cf758156e5e2337bc4705066d7eb9dd9ed3cb58fd99418,3,1791383498.4250822,1791383516.2420082,17.81692600250244,167,241970,confirmed,
498,0xd205468317E79e7A60522D07436aa1718D8EEaa2,node03,b49877bc4bdd12543ee60b10c0e4475c50900e485d2124be5cc4a3367d98f6c2,3,1791383498.42627,1791383519.0613914,20.63512134552002,168,241970,confirmed,
499,0x3cd9243597180F92aaCFDa5B6322cd5652cbC8aE,node04,6187704c7fd980954b42ab224f56209021e951992427e59b863172ff264a0d98,3,1791383498.4290612,1791383519.0068676,20.57780647277832,169,241970,confirmed,
500,0xD60358A9bCA65e77832b55f20F204a80e150ED9C,node05,de9dd3bbeb938524c58d40591cf6e2afb2216dc245d8ad64a3d6c64b6b334b9f,3,1791383498.4338315,1791383521.0750854,22.64125394821167,170,241970,confirmed,
501,0xe13238d9F03FF3FC53032D59218eB023E8F05D64,node06,c20a691683942eff0b6a76e2326255c1ab012d6eb96f3fbba659c69b3aa62d95,3,1791383498.4350314,1791383522.7301595,24.295128107070923,171,241970,confirmed,
502,0xB1B7aE227Ae416F8995791896678f047541f57cA,node07,fd582d5310b9a557cafd9bd85e534f2c76251a8fd376a65336245fc2e25b3b4e,3,1791383498.4414632,1791383525.7269812,27.285517930984497,172,241970,confirmed,
503,0xC5e98E8b6131675e5f308d99B041b45F7a2C5C75,node08,28e0b715d9dcc26b44a3caa79905fb782684f2f198156bc36664868fe4c55a39,3,1791383498.4424562,1791383526.5480828,28.105626583099365,173,241970,confirmed,
504,0xBCaCf4b2B08a6b5a774A8630FDb49a9dF50CB1eB,node09,a392abfb06e942278733731aae07160ab702381b47311536ee91fcec3243f16f,3,1791383498.4459085,1791383529.436002,30.99009346961975,174,241970,confirmed,
505,0x0304BAC54C8c600e84e97Af8496D805D822B0805,node10,41921b15746ceaf1b2f7e61b69f8e33032f793910926f828a851d058bafeb307,3,1791383498.4566293,1791383530.7199192,32.26328992843628,175,241970,confirmed,
506,0x423D1b4b2067D040ac887AB62ce5961aA25f57a2,node11,a173f10aa445343da4d55fa99d7c2d456e99f30f676bd9beadf89b51bd875e04,3,1791383498.4578273,1791383502.8553593,4.397531986236572,161,241970,confirmed,
507,0x47fC790CbC99fCFab61c5852BE0Bc8f0ab7c5439,node12,cda2bbc3da5697800b2625535deeca21b1eca0f1a17d300f06448e43cd28beb3,3,1791383498.4592552,1791383507.0446777,8.58542251586914,162,241970,confirmed,
508,0x690d97F5c6bf324aF012B695e8dAF2E4c7518908,node13,34bce715f4c4957eb182d354ebb929292182f716168658a598d76eff6163c7be,3,1791383498.4616647,1791383506.766756,8.305091381072998,163,241970,confirmed,
509,0xfDB5bAdA4762e7e27aC68E5702f402D82a0aD8c2,node14,f5b4155037e51099dd139b12df6be1ef7463c11d4500cef817304035f173bb46,3,1791383498.4639075,1791383510.280512,11.816604614257812,164,241970,confirmed,
510,0xd8966b754D2C3330EB5AF785faA9e1E29eB0CaAb,node00,095406b9e053e0b8bb1240f0f59062ca60081a2037cedf68103772a5f905cf8b,3,1791383498.4689107,1791383513.9146187,15.44570803642273,165,241970,confirmed,
511,0xc4183948138b149Ef7E1F9ED0ea06e40cf6217d1,node01,40399353f47762c16bc9bb11398173484fc7d0d5309f4d357b1f3541450462ea,3,1791383498.4700394,1791383513.8988488,15.428809404373169,166,241970,confirmed,
512,0x50AD4b90541a1B2e86Fb1A5D36bEbA210D3CCE6d,node02,e315005e5475a5ff26218a7f5ed7af69505c81a3d87d4dfaadd2288a8fe324cc,3,1791383498.4722784,1791383516.307066,17.834787607192993,167,241970,confirmed,
513,0x362e7D8aD3860C1FAa2f777634AAaA08997b5051,node03,f6aba464e0851e6bd35e5624b48ed38bb7ce1ac27650174ee347bd1bf6644789,3,1791383498.4745626,1791383519.0460272,20.57146453857422,168,241970,confirmed,
514,0xF658e2173eDc7Ab732D55276623E9F15BCb559A2,node04,f100fb2073c2baa76e25bc59abde9906070c1a94db623fadc2bdf8bd9e7234a3,3,1791383498.477717,1791383518.9133515,20.43563461303711,169,241970,confirmed,
515,0xfb222f7c6F6721f792D8dF769a36Ef40441e0A9a,node05,ae029e0f4b3ebf6d9ec66c00259e51539a4f8e58855ae48c042221385cffd1f0,3,1791383498.479005,1791383520.8091817,22.33017659187317,170,241970,confirmed,
516,0xD9300E449B642E57BbcD79cFE3aA8Fb0E53a180E,node06,1ea5068f1d84b6e7d0dd2fd36d362d5000164f977c136b88cf2ae4cefc8f2090,3,1791383498.4811385,1791383522.727099,24.245960474014282,171,241970,confirmed,
517,0xc677021b750a2e8C070c66a730e30ceeb6C0402F,node07,623a17e0726cd748f576cc9df1be7fb1d7ef32759bbd7d199ffb3519744d9dcf,3,1791383498.4840155,1791383525.6728432,27.188827753067017,172,241970,confirmed,
518,0xf2506c4a17357eB768cD4dc3cFa18E98E9fFe053,node08,88e1942b786ea1f14f50d403838926eefed5980f381dc0e4a4a638cc7be46972,3,1791383498.4854813,1791383526.6650398,28.179558515548706,173,241970,confirmed,
519,0x52457C778e97B2ECf6264CFF507F5b173c3565ED,node09,11e2c2a8b728c7cc8821d54b2b0e36ab6f0e0eb41190d0f85d875242a54be8b1,3,1791383498.4928675,1791383529.4650996,30.97223210334778,174,241970,confirmed,
520,0xFbf3E0Ea7C0377dDf835951Ac0051637B2E9f17d,node10,571c7f8d76b1161c70e90033728e8483e500176db7b0182ab92eb4715c56d584,3,1791383498.4949656,1791383530.7144349,32.21946930885315,175,241970,confirmed,
521,0xC37d6ac114c2B4aAcC842B9e8dE630e0070B0870,node11,3de26092d4df4ad4de2c35a1d5540440e733208b5df4ca9ebf60a9277be5d33c,3,1791383498.4967694,1791383503.0064855,4.509716033935547,161,241970,confirmed,
522,0x77958d76b41C572816db86f7807A204728613D25,node12,9d7ec95d23aa0cd617ca18070cc3929302b290df0064bea7d56fe89288bb2782,3,1791383498.4998672,1791383507.0403981,8.540530920028687,162,241970,confirmed,
523,0x9a7B4969cd2B846eb4BE39Aec9DB0F8A1D089EDB,node13,b7e354a47d3f5be61d5f86f604a63512ab604a026ed36543593141d9a8d7ee2f,3,1791383498.5039406,1791383510.4152138,11.91127324104309,163,241970,confirmed,
524,0x2912D18e7170D79828d6A78530A7049dD8D24D0c,node14,e9af769b9aca3affa73dde27a5fb456724a8e5ffc0f2ae8f0f33ccf377ae6a8e,3,1791383498.5055897,1791383510.3557084,11.850118637084961,164,241970,confirmed,
525,0x510bBF0F1C3c27c6A5Ca7C5E8D2d292a01465b2D,node00,0a169818c85c3b73bd13e9d721da11a687f957ba7ceb059fe463852def02b249,3,1791383498.510004,1791383513.8895009,15.379496812820435,165,241970,confirmed,
526,0xb868AA436b8841B2864b34C41Ac44A8650d06AEB,node01,4186b8851899c53d793334b27a649aecf3057c08efa1d2965d2d075dc59a5c44,3,1791383498.5130703,1791383513.840888,15.327817678451538,166,241970,confirmed,
527,0x08D8818aA881C6Def89cFF896bE90c0e578cFEB8,node02,e2cde92cf2cec674642c09cf8e13ee9c9a61c0fff8f3bc7f95815365f222ff75,3,1791383498.5173671,1791383516.5271802,18.00981307029724,167,241970,confirmed,
528,0x79e93E9970AB15023101d46033502A3A8c93fB9B,node03,b13b10f7cd1c144733740ff2bd2b334d7b7c78580023ea3b59d89ef60bfa422e,3,1791383498.527018,1791383516.428848,17.901829957962036,168,241970,confirmed,
529,0x65d8A4a4345D4670011466490F83D50a201aBcCC,node04,22baf85270056c1bfbd969f1cab2438b69b33ad5618b09d0bf270b0f09282ef5,3,1791383498.5282545,1791383519.0382574,20.510002851486206,169,241970,confirmed,
530,0x99e33CA97F57F684d6403b830e7395F93f0CdEEb,node05,d0e1abdb4836f7ce10963e903e0c29db6c739b16216f0e06c6f4ad45b4bc1fab,3,1791383498.530997,1791383521.5358174,23.004820346832275,170,241970,confirmed,
531,0x5feCF7ddd74b395B34EAA93AF0B4B503Bd711D31,node06,db5cb65d616230ed138c3b8158e4ce6f3850ca230412dd1babbf043831cc004c,3,1791383498.533518,1791383522.56155,24.028031826019287,171,241970,confirmed,
532,0xa4ba348AB7C162C29A1d83138DD9bF6dB2350EE3,node07,9deb71217112b160bba2f92e363e92025a6c97c1efccfe2ae77e039c8949df00,3,1791383498.5356367,1791383525.644144,27.10850739479065,172,241970,confirmed,
533,0x8d81BF655b9fD4995d46e78BD16466AEE235819e,node08,2ad9853edf42ca46c21e1e702b980c526249bf7bc6c5dd6a3db68ff041b38c74,3,1791383498.5383246,1791383526.4747226,27.936398029327393,173,241970,confirmed,
534,0x9f56D265b0abF26263677E57d4F3eCEaafd3d716,node09,024814608f4efb1bbae73d74586c880bd67a9922c0e00ebb24fe5971ec88db33,3,1791383498.5399964,1791383529.455425,30.915428638458252,174,241970,confirmed,
535,0xcD3183c70209ca0Ed83Db47bB3367Ab40c1F628C,node10,0ba4f613a4d2ec3b4ee7c301599749f289863eec573ea4e3ccc018f0e3058853,3,1791383498.5424078,1791383531.019375,32.476967334747314,175,241970,confirmed,
536,0xA957a75364F71F7e7CDe5F72AC703AC3B3c7F177,node11,3ba51327262a6cfdb2a896c15e411d7aa134cb0b24ecbb3174b0301afcc70927,3,1791383498.544819,1791383503.4112072,4.8663880825042725,161,241970,confirmed,
537,0x67Cc224788BC308E2C8B6C46880756658811a258,node12,671e76bb926370f1a120ca61bba7cc819a8dd1a238cb723cedf4d4dd4186ff35,3,1791383498.5476139,1791383506.9395058,8.391891956329346,162,241970,confirmed,
538,0x030d7D89546699B3aD6Df2277d65A50947992ea9,node13,1530f1bd9ae975dc1f8738720df86865860abea64daebfcacb23b8f6ac3d1b79,3,1791383498.5493445,1791383507.1418872,8.59254264831543,163,241970,confirmed,
539,0x68FAF01Dac3283767E914A9d4b74093Ec6292959,node14,9d7eb6fa71b2543be3bd013ed9dd1784639c81d69bc86f6eb5aa8ee688b96638,3,1791383498.551722,1791383511.0277762,12.476054191589355,164,241970,confirmed,
540,0xfb5902C85A9Ca0b252eD3298a9a33d0EDc1AD1dB,node00,dc0f86c1917613b0fb12024dc86f7842d66387358ab9eb9f6af7f52f63fe99ec,3,1791383498.5566156,1791383513.9891586,15.4325430393219,165,241970,confirmed,
541,0x4Af741b8640D0aB083b8c6CA1821460E66EA32Ec,node01,7e4c6d4fd40f5b37fd7a2a1b28390d112affc305031d7aa39504717a02320dee,3,1791383498.5597663,1791383513.8714504,15.311684131622314,166,241970,confirmed,
542,0xAe790800958634e6E0BB43F0297ffDaC57f9a420,node02,69a58d38bb55a5fadff0dc7536c74b68c903edb2e31c7bd661ff51771a3af316,3,1791383498.5645485,1791383516.4664927,17.901944160461426,167,241970,confirmed,
543,0x3bc1Db7785b6C456dD25bd8E6518F199C707e1C0,node03,726ff83dc22a1814a49a3e9f1f1f550cd9431f1a5d76b403379c2c1cf7811f6a,3,1791383498.5684173,1791383516.379119,17.810701608657837,168,241970,confirmed,
544,0xA91cdFc1475aAFCAdfd74BEE6218Ee3253439A12,node04,832885899a25f54f1df973ea151a921d4d133f1ae9449eb0ff6f2463b92c87bf,3,1791383498.570491,1791383519.1050143,20.534523248672485,169,241970,confirmed,
545,0xc5C8033551C3592F8188C1aa5061FCa4B76226db,node05,d5404486abdfb55f21c35346157528d415382b28176f44f71bbc182d17f48349,3,1791383498.5811484,1791383521.4580133,22.876864910125732,170,241970,confirmed,
546,0xC5a901637205db6334dbE37087051dC20503fE2F,node06,cbe40cd0444bb88188b820992040e5fa71ca1a33e1a40ffbe7b6e79fc2fb751a,3,1791383498.582577,1791383522.5966365,24.01405954360962,171,241970,confirmed,
547,0x1231E9E8aE8e7af8d40162e2CAb4F70f0A507A7b,node07,c5d13bad8f30ba4828c554402c0a3bec35d5bf2190a3d488142399b9a041694b,3,1791383498.5833478,1791383525.6294127,27.046064853668213,172,241970,confirmed,
548,0xE018D8124f695EAbdeE94cE80bFC6344458B0A5c,node08,1132895cc98f11c77f55227ace63beeb82542c91590205abe5bfa11362a3f984,3,1791383498.5857284,1791383526.5549562,27.96922779083252,173,241970,confirmed,
549,0x73804CfCe1EB830322b88a30E24917a31Bb36500,node09,9d2bf9a93c02a681f71ef0754da43f7ffd72823827d628d246169f5cbf75762a,3,1791383498.587751,1791383529.4281707,30.84041976928711,174,241970,confirmed,
550,0x17c1FD4e60c69150F5C60787C9f05B77519397C3,node10,731fce300316249be5725321d062d046cc893860549ae142877814474d809297,3,1791383498.5906794,1791383530.9810352,32.390355825424194,175,241970,confirmed,
551,0xFbF2630e0e79ff01dD207161197aFA76CB0676eF,node11,5c44094ac12d3183423e9973d07ae1df438426a3cf4dd48f2d330901111fcbda,3,1791383498.5944412,1791383502.9917212,4.397279977798462,161,241970,confirmed,
552,0x29d39bd8b9229f7E0f0F52ad5eC42aEF3F7D3F28,node12,879d648453f1e99abdeb3a04ff0e70578333af2a44406f8e92b8e02e7b431d9d,3,1791383498.6011028,1791383506.7872057,8.186102867126465,162,241970,confirmed,
553,0xCd819c6E7a145fCf554214c8AB2165252B3AE62d,node13,116a00db2f1d6e6d2508b936834b0f2f4426ca380b86cd9b2a0a940e6377ca08,3,1791383498.6022768,1791383507.0881522,8.485875368118286,163,241970,confirmed,
554,0x6f797a627eA8Eba777fD56312213690641279513,node14,ef367cd0134e85924bddbd4bb4383fce562f073c9c3789fc7810f09bf205430c,3,1791383498.610304,1791383510.4917934,11.881489276885986,164,241970,confirmed,
555,0x49906f21d349b4a105Dd60D63ba4fBF3EB94C8d8,node00,e2b439e904e95ddaaee64242cefc74731b7d80a55013b6213ac077db347023ed,3,1791383498.6124697,1791383510.4453828,11.832913160324097,165,241970,confirmed,
556,0x70eB838Ea2AC660F185871D70fd3a633053A3181,node01,121a9d14ced5eac7d39c1e54c6208b2bd99d26355f807de5c664f762222e50f1,3,1791383498.6146252,1791383514.097929,15.483303785324097,166,241970,confirmed,
557,0xA9c3485CBAc6Ea5CB43f743A600cffd8BD8F2bE5,node02,5409c3dd40e332cd6fe3a258c239bd6bb37e5e1540da752eb4b34e918d402cc8,3,1791383498.6184688,1791383516.733617,18.115148305892944,167,241970,confirmed,
558,0x359f4DA363950bF05BA916f58b605ff289D9BFeB,node03,edf0afb5b3d18ca3b7b4fced8ecf21c93a0a5ef25c99e8ecf8bb412df450ff9d,3,1791383498.6216943,1791383516.6407318,18.01903748512268,168,241970,confirmed,
559,0x2c8daf7BE175a6408b30DB5D6BA3eFaAf93b68C6,node04,841c646813968169f0190ad963ad90bf341085721a103ca3da90c78286d98989,3,1791383498.6298735,1791383519.5168383,20.886964797973633,169,241970,confirmed,
560,0xD84c7918F96561D21a1233486bA6f98cf766a6E5,node05,4fb28f214a373002afe6b7c5af5a9aea3f824cd9296f6f55a75fc81eba345f6b,3,1791383498.6319668,1791383521.2003899,22.56842303276062,170,241970,confirmed,
561,0xc00e5ABE206a900dD94Ab629Fd44d30dD78b1C2A,node06,9bc3318f9068dcae3fbbb6687439a5c4dc21e9b02f22e6534d77e0b192ab1944,3,1791383498.636053,1791383523.0482156,24.41216254234314,171,241970,confirmed,
562,0x4481cEA4c067d6E875E5e9caE0b3ddEFd791DE5c,node07,81c10bbe6885db2af13ea828af26dcdfffb1f8cded95d3702c8a6441b931abed,3,1791383498.6381102,1791383525.845113,27.207002878189087,172,241970,confirmed,
563,0x07a831a9f88dAD350E3E87C71Feaa059C46EFdcF,node08,ba05c3bdf75cea2c957ae78ee5998927a75083024163785c00e8a2ca7a15a96b,3,1791383498.6390753,1791383526.515895,27.876819610595703,173,241970,confirmed,
564,0x688DA217d12E28A79ea8ba53Cf2E8aF7EfdA3a68,node09,529aad2fc6dfa4b169e6f794158b5761753ae0e9d2ead7a19e3fbc65c9670c1f,3,1791383498.6422727,1791383529.5280056,30.885732889175415,174,241970,confirmed,
565,0x031f7DBFDA668471Df844ee0bEC01CF1E2465493,node10,7f01a6dfb15a2f716ae39acfbdf29e915b50dfa94d8643f49f41803958dc1f50,3,1791383498.647244,1791383530.891753,32.24450898170471,175,241970,confirmed,
566,0xAA16d85c931Cb00025E393d2F1126094781Ee65f,node11,cd83f3bb227218a251244418e6af07dcf4c5b1c9843e533ca6b8861a159f6428,3,1791383498.6499705,1791383503.2038953,4.553924798965454,161,241970,confirmed,
567,0x2B769a62d9f7899e990c3846626AE5a523954D80,node12,4dff29fa376ea12026d829710d407960490dd60a5f1d7e42b0d20cb3186a13b0,3,1791383498.651392,1791383506.905565,8.254173040390015,162,241970,confirmed,
568,0x1f50a831c89305E8C4801F1868544F0A4764FEdF,node13,4416b765d4b2c5eef8aba5d422114ddb19dbe6704d9f91ee154694522cceb21d,3,1791383498.652949,1791383507.0074399,8.354490756988525,163,241970,confirmed,
569,0x33357180F05Ec9C6ADBdfC5df2489abD916fACbB,node14,4e593b0825536923b5d0ff0a25abf7d7a5b5000b3d26c5b62b26480c8bce603a,3,1791383498.659688,1791383510.789696,12.130007982254028,164,241970,confirmed,
570,0x21C0142c3Ee4692215AE27E8942817A4Cf99fEf2,node00,1bcb710e2b417e033919740013dfcda2f6cd9aed7922d30bd7e7668be843d9e0,3,1791383498.6711142,1791383511.0357115,12.36459732055664,165,241970,confirmed,
571,0xB222D3dF086f3608d905Aca80d9BC12779F22204,node01,c97782eed88a12a0d818d737ef909677302a52718014dca63b3977c8aa81fb63,3,1791383498.6759968,1791383514.0148373,15.33884048461914,166,241970,confirmed,
572,0x1773057fA21a26Be1E1BDC6738A766C4caa9b7F0,node02,5b99215e2d4256d3fdee5d303927ddd5dc9dbcff6128cb6ade471300ec33e430,3,1791383498.685289,1791383517.0376604,18.35237145423889,167,241970,confirmed,
573,0x5441bA79937b652de8C1E5F26C28C195730D6520,node03,4b06fdbf4eccbb6b111720f37d4b4700e5faa8b31b8a0770569c9a34703281a5,3,1791383498.6979997,1791383516.455908,17.7579083442688,168,241970,confirmed,
574,0xbC30907769EFE368f15a95B7318368c3104B59Cf,node04,2f330207f05a6037a5854562c32559280b0046d128b45ddbbd1a060595ecbbe8,3,1791383498.6990042,1791383519.1812518,20.482247591018677,169,241970,confirmed,
575,0xc2418574b575F48Fb28cA9870245DdEA9DE93ada,node05,6f9378c4c9ba1ce76187037737b3a4ed348878a9f52262679015a044e34b4165,3,1791383498.703006,1791383521.2101088,22.507102727890015,170,241970,confirmed,
576,0xe4Fe9B45c1FECb152e949dfD258C1E4bF4Bd8911,node06,b23b27038ee1a16ed950dbb7e941b26a8b4e6658cb3b6845df9a1141a370c760,3,1791383498.7056324,1791383522.6137428,23.90811038017273,171,241970,confirmed,
577,0xe6e16564344F2FB1E4722f2b959607cD51DAfA4B,node07,91ddacf541f6d925d87d61e9af379ba5af215e2f23c7025d61088ebc31c58679,3,1791383498.7074723,1791383525.7735257,27.06605339050293,172,241970,confirmed,
578,0x60c19415A6447cb3f0cC73fa250DFDa84A5381ee,node08,003969775f5fe5a99e7bc40fcde5bcffdf839ec77955ee00a0eede2b5b445099,3,1791383498.7104595,1791383526.5928442,27.882384777069092,173,241970,confirmed,
579,0x521f2c59F75e3f546754d49A344d800fD794f0C1,node09,b2254adb5c1246f94a63a664f1341fa3562d80705254eff1175f3819ba97e6f4,3,1791383498.712066,1791383529.5203397,30.808273792266846,174,241970,confirmed,
580,0xd98dCF803aa2823f11E6d2Fe955d1DaDE8ba98DF,node10,bfb0ebed0b48b5f8c26bed47eea8c423d80a667e98d3b5b3798f0e0e473ae8c9,3,1791383498.7239177,1791383530.9229844,32.19906663894653,175,241970,confirmed,
581,0xc9d16063bB11b7F718B178b6BF772E1c40acC0D9,node11,3f3e2a248e265c0c0796ae53f688ef553e978f11aad9b5e2ae45ca47b1dbe115,3,1791383498.7284534,1791383503.0524435,4.323990106582642,161,241970,confirmed,
582,0xF63a5f8d41f3F00e11dfC028f545Bf26f8e8631D,node12,123327ec6fde563f2ea78bd7dcb94529ded836831f6585f1dc0da7ef8e9aac48,3,1791383498.7359917,1791383506.9762175,8.240225791931152,162,241970,confirmed,
583,0x5cF9F436533a9843e51C6874719fB46bb379a5bC,node13,cad9e7a0bfb139c769347ddb132895f8002cf983c3550a016245a042c131502c,3,1791383498.7382898,1791383507.3300095,8.591719627380371,163,241970,confirmed,
584,0x67ec206Fa399ad25FD2bdFFc684a3f4A8Ebb54E9,node14,2490845c6aa1b8b0da8450e932b41c64c3fc006c705ac221a8448ec11c27a121,3,1791383498.7402914,1791383510.4782534,11.737962007522583,164,241970,confirmed,
585,0xbC2B4191c858F6a5E6F4Ab770cD19490877Ab9a8,node00,8709cde41c3475b64656b51c4fb2e903b8d7e27f56b2aae841736486ea82d3a5,3,1791383498.7426596,1791383511.0270066,12.28434705734253,165,241970,confirmed,
586,0x7656E320f13A31e11ecb44813fa76Bce5e043F7e,node01,62d8bf21c1cde5a7b8c1a2219a85fc5ff11bf4895c08ed2bfc12f953a0632946,3,1791383498.7448947,1791383513.9818556,15.236960887908936,166,241970,confirmed,
587,0xBd06dB5F78b51828148172bf61978313C818Dac2,node02,f38c05172f4da4c2fe3f948da30ae018802a341e2e53f893e3823f9511af9506,3,1791383498.7474167,1791383516.6464102,17.898993492126465,167,241970,confirmed,
588,0xe98e98b30798b04179e9f9EBE8d992db4bd65B8b,node03,cbf52253d880f955ef24d6e8c7ac8e89033d12a0fb41f70e14bf76fe04426b8e,3,1791383498.7510958,1791383516.8237147,18.07261896133423,168,241970,confirmed,
589,0x16705f23F850A7b542Eb2c535014B1dbf2Ddc37D,node04,b12ef9e2135c61f02baed90d9f9e57ffdd436b8d108d938451962a8199b0b804,3,1791383498.7537956,1791383519.1428123,20.38901662826538,169,241970,confirmed,
590,0xf636EC17e286a56bC2C79cB71B28b1E5Bf0CE0f2,node05,4702fdf5d1a65827a1693e0a5fa08f005996bb3b1ccb7097de43d95c2fc0430b,3,1791383498.75998,1791383521.2514262,22.491446256637573,170,241970,confirmed,
591,0xfF02c27b1f8D10Fd971D68dD8B5dD8facD0cf10E,node06,5af71d746400c22a6c91d678a9054be2030f496b501a149f11b72c30c792647f,3,1791383498.76131,1791383523.1053662,24.344056129455566,171,241970,confirmed,
592,0x5C66e647937B66209C05F80c4a3DD2c77C79e050,node07,3104265d7d9821552d492c988bcf226f27afacd86f0adf4e0617d3e0042667b4,3,1791383498.764451,1791383525.7027972,26.93834614753723,172,241970,confirmed,
593,0xa85fcCa2057AE81DB5328370a36EC53B0Cf222cE,node08,7f0d6705829e977bda7506c9889d4b2e2e070229e872c545e39a4d1043ebc46f,3,1791383498.767881,1791383526.7584612,27.990580320358276,173,241970,confirmed,
594,0x4142A4eA2dCB1cb9cF2d45C6004D8B19D2A291C9,node09,c7598b3379eb22d479befa5ee878b38e8e45d6288488261bf3108aacd7f22e93,3,1791383498.7708952,1791383529.5924625,30.82156729698181,174,241970,confirmed,
595,0xF11F2290b275af6aCE0163889BDB3440ABD227c3,node10,bfa1a42b1d73c135d5a41d00d6310a94bd72fa1bd9dc168a8b983e152358d9fb,3,1791383498.7739978,1791383530.863124,32.089126110076904,175,241970,confirmed,
596,0x768cEA11aD25F97CeD74a504a61Ba2F39D58A603,node11,8dc584efb93ea5f28403bef88cda893382c23b63aa701355661b95beda3f5511,3,1791383498.7802,1791383531.8797255,33.099525451660156,176,241970,confirmed,
597,0x8ff665828Da7103A9D70d8eA43e5FDf7a7149C79,node12,6c9ace691b6cee2a8e79302d4efaf9574f806fefb9411adbf17eb97d5601e3a1,3,1791383498.7842953,1791383507.4477086,8.663413286209106,162,241970,confirmed,
598,0x75281863a55d001177b04bdc219c781436Db8f1e,node13,c9b7c95755a3a41ed95f1dcfdef2fb76ab9db6c8c639ab65f6bbff8b5cfed2a6,3,1791383498.7876334,1791383507.0473268,8.259693384170532,163,241970,confirmed,
599,0x7d71147C9091Fbbe3C398973db291beDdDD55d8a,node14,d10cd7a8c4896eb0adf8fd9c789dd8a09e06ed4216c3bc8b9c71a1505013a5c8,3,1791383498.7910173,1791383510.7213395,11.930322170257568,164,241970,confirmed,
600,0xFE8a2bf1681cce883E31772F70876a0A80EFa22E,node00,890180e4b1ffddff835a1222681fb6218ee5e2358077bf8827fd56c41a86990c,3,1791383498.7951226,1791383510.9993567,12.20423412322998,165,241970,confirmed,
601,0xAD754915B06847ecfd9a6c43Ff355B11377ac20A,node01,b292e8c40991b104cc64a9232ad6505d87db01634bd46d2e37794a7df320c219,3,1791383498.8045108,1791383514.2005072,15.395996332168579,166,241970,confirmed,
602,0x327BF8AB074d704cBA4a9aF751aDF05Ea32Ab740,node02,b3904ea2069b38743308819240d9876feb40709239ef6e29bb6385fe18f59cb8,3,1791383498.8087687,1791383516.7841036,17.975334882736206,167,241970,confirmed,
603,0x4c9631ebB661cd2E159A3bCD85796c6ba4c4070f,node03,56c01eeb22e0eaed890cfc01258d88661f1ef3e22f0e48d07685e7e39395ec7f,3,1791383498.8126361,1791383516.510438,17.6978018283844,168,241970,confirmed,
604,0x505762349618611c3B1BBe2fD9422a28769038E2,node04,c5acaca5ad531d5ce21b3a7305f4fa27f30d791ae19866c5d0e46089da2bfd61,3,1791383498.8183143,1791383519.2859905,20.467676162719727,169,241970,confirmed,
605,0xE81C0277bFa2451A262165353070C778F3b87165,node05,f6a706c77c452c5adc80020f48e65c21a20999f629ac5e61deb7b6d2309ff1f4,3,1791383498.8266187,1791383521.1691735,22.342554807662964,170,241970,confirmed,
606,0x8c0C8ad1F64eb28e974BFED4687a9273B82298eb,node06,8b7d4643f13458a14e87ed12a49e4b3510adc96fb370107105d8921bcadde292,3,1791383498.8361833,1791383522.8083491,23.972165822982788,171,241970,confirmed,
607,0x4b0Ac6265364EA33858E3f12E384D6cbA698aa81,node07,dc0c21b3cb2be764db6da5b4c09f6ec332a715853b01922b4663c3790a49d0f5,3,1791383498.8382215,1791383525.9172242,27.079002618789673,172,241970,confirmed,
608,0xaCd6e4763aD2a26E081d13316B9A93D6DC53f33d,node08,f090485f15ab759b8130e2bfa14939ba8716c3ebe9fcb2071bc7b9cb4dc89bbb,3,1791383498.840372,1791383526.5886297,27.748257637023926,173,241970,confirmed,
609,0x9054bB0455E828879FB01aBac60DF41B39C87E22,node09,be1ecfc84d892ab8f9b03420aacc8002a10ea35406a985c3886c8bfd7c705bef,3,1791383498.84303,1791383529.4693377,30.626307725906372,174,241970,confirmed,
610,0x67415Ffe116F28B8B285ba8cAc3d5E2EB62c0c91,node10,dcae699025ff1854ce7015f22057b1654127834d07ce22f3c4dd8a2c45f8dafc,3,1791383498.848442,1791383530.8466315,31.998189449310303,175,241970,confirmed,
611,0xB957fc430E7406a90BbE2BD2A86f3f4b1754BE52,node11,dfe6dc46b410cf06b0ec97c50987c6925efca0efcbb14feb1b8eea14ebf62956,3,1791383498.8533573,1791383503.1787448,4.325387477874756,161,241970,confirmed,
612,0xf517B6Ba019f46753Ee18727E71d60B562e5280D,node12,d1a0b74e1a9ecb6a43b1863efcf99864d5a5c1ffbfd63cf79533bb172736d814,3,1791383498.8575835,1791383507.1362634,8.278679847717285,162,241970,confirmed,
613,0x2eb0B9e9ec6C850A72102EbB0754c4ffABB7842f,node13,9bfdadae09aa5a6dc1aa528d8762e3c8b5fe43f4f364574911b24244aa1bf45d,3,1791383498.861874,1791383507.1389499,8.27707576751709,163,241970,confirmed,
614,0x3CEadA3554300BE6a3730c3c93E3d0B3C7e11866,node14,ab50ec6aa107cb8c3fd40de304ace4c3ab53245b723d603dfd3000961a611194,3,1791383498.8656352,1791383511.018611,12.152975797653198,164,241970,confirmed,
615,0x7ec487F316ED10b029d8AC25096bE2dbeC12f09A,node00,8c4ba629a7a634e0bd4d768f5d7a1c8fd976bf595dce86d2acfb1af1b07bdc77,3,1791383498.875141,1791383511.418254,12.543112993240356,165,241970,confirmed,
616,0xAaDb595f16651C35a221C0aA4d119a385Eccffd0,node01,226e98b2d29f1536792dff0b35c049bd104f4cdf78a4702d863d0ac9cec34d1d,3,1791383498.8788235,1791383514.1298516,15.251028060913086,166,241970,confirmed,
617,0xf3AE23D91898696fbBD587A5941995e0b80AA64B,node02,7945aa172d37deb949da032ee526534fffc8d1aa6d2c65a0ac34085c26b4383a,3,1791383498.8811057,1791383516.7442515,17.86314582824707,167,241970,confirmed,
618,0x361bf8465f3517109C49761fd77D9beD6Eb4EE27,node03,e3cec0ca8cbcbc8aed63dbae38f07f1d984804f1a132a7cefdea13a70dc576b6,3,1791383498.8870769,1791383516.8306856,17.94360876083374,168,241970,confirmed,
619,0x159564e4A05FF6A679df71ae97e346661459e2c8,node04,6e6e976732d283f56c579067425c14487ed29270376f3b6a5b1fff16583ef00d,3,1791383498.8887131,1791383519.5864208,20.697707653045654,169,241970,confirmed,
620,0x3684b5D1bFaBE746a0fb64112f0d9A9d441E97D4,node05,0b06d6dc2a8ca94f4e8b5f394f3b7d1029ea7259801d41cf93ef43d1887243a0,3,1791383498.8916552,1791383521.255236,22.36358070373535,170,241970,confirmed,
621,0x933e26BBEE99CC6132FFd4225E1c0c09Da6F15a0,node06,90896c41e9726b7e766ac36be7600d06c1c09178c16e921a5b4d99119f6609a6,3,1791383498.8933067,1791383522.9085083,24.015201568603516,171,241970,confirmed,
622,0x13561f2a0D7873054356ee4228355f239018b60B,node07,449bd726d4f5f69eccefe48a0647ee95f036669dd868e7a91daa85de90b2f332,3,1791383498.896264,1791383525.8305376,26.93427348136902,172,241970,confirmed,
623,0x830FB30a8d081C2C8637FC9633CdF058a746a075,node08,94c772e5f7ddba9e5b0329a28bf4410e590729df15a5022aa800bdf44f8b1580,3,1791383498.8976176,1791383526.5617583,27.664140701293945,173,241970,confirmed,
624,0x566B4975bf8D85c73B818b1Ea38346e6bAf69F3D,node09,c2b7ac1e30a8c5ec118d42fe1dada8f25c244f1d80cab43e68cfa8b37c83268e,3,1791383498.9011388,1791383529.5464785,30.645339727401733,174,241970,confirmed,
625,0xdAF126dC6faa3328D89d3e9c061F8961d378bF0b,node10,081c387c5fdba16ffe66d9b3bc04e8814677c1f841b7810f41c32cd1040c48f7,3,1791383498.9022293,1791383530.7993202,31.897090911865234,175,241970,confirmed,
626,0x4956B8Fe2080431123731f0E34CfA0678BCe8e11,node11,4d0b2fe3a726f067625524be58ce33b89852ddde9fdaf9dae893172a18503f99,3,1791383498.905515,1791383503.7697227,4.864207744598389,161,241970,confirmed,
627,0x20C37B7F5f01F1C8ea5169B175440a01008FE9E1,node12,b91a6fb152f4b6c34fa15b21145289aa23b61ad92bd48787f1d927904df04c91,3,1791383498.9145236,1791383507.2877362,8.373212575912476,162,241970,confirmed,
628,0xa93F9aB4F8a2243C740f9DcfF9586C9Fbac68d62,node13,babb66ee2f0ca54869c23fef709882a40b88ef9d7fc2b36f381964e0452abde6,3,1791383498.9177032,1791383507.441582,8.523878812789917,163,241970,confirmed,
629,0xb1c0f200329145B50D633eAaf4C5eAc902eA7580,node14,a5ac345daf09a31eb324785de5a89a7aaab8e9b122f2aac83c9dc5f09410b4d5,3,1791383498.9200552,1791383511.1264908,12.206435680389404,164,241970,confirmed,
630,0x33CDd66377cc6Ed64e211775FEbdeD064869bDC5,node00,7323002b367af9ce01113187549783b61742d347077653c43990a5a2dc4e0629,3,1791383498.9230635,1791383511.0379503,12.11488676071167,165,241970,confirmed,
631,0x51A184950C5539C3D715128d160B4634Daa5A4C0,node01,03baf6637e97adcc84a486b4e34949b3ce8878e85b7d375977f8f7374fc90ae6,3,1791383498.9252932,1791383514.205347,15.280053853988647,166,241970,confirmed,
632,0x6eFA8095F54c72979318142673b19dC5193e2731,node02,112386383552f34c4d5ba4f1577dad5e94f3a51e3c90ccef7c27a962092e96c8,3,1791383498.9265668,1791383517.222341,18.295774221420288,167,241970,confirmed,
633,0x3f775c6419f8F1836dD3077fdb3e44fE62A22b7c,node03,de3a45eea43d79f42f3f0fc3a6974f195446bd9b8d7023754e026f5c9ec9d3cc,3,1791383498.9336932,1791383516.7247088,17.791015625,168,241970,confirmed,
634,0x38E51684A015Ab6caD14440ab227563275Fec980,node04,d4b9802b75421206c06ac31489579d3e3eb04e2ee86bb987448e78f20f7ccaf8,3,1791383498.93803,1791383519.3024497,20.36441969871521,169,241970,confirmed,
635,0x4aDbeCE7e3d0542e54E63dBd29D06290E1a031D7,node05,064d1dcac76cbe1a20b5b59e93f0d8f4b9f87bb49adf31991d00909812234e33,3,1791383498.9424617,1791383521.439215,22.496753215789795,170,241970,confirmed,
636,0x5f6777a62Ef69a66CE7110eEC5E9a07c32af8a10,node06,8ade6ce3ef7cfa299b2fa73dce1b9d339db1ae61f822102595a704a914fb3960,3,1791383498.9446452,1791383523.027165,24.08251976966858,171,241970,confirmed,
637,0x0Da571413421f31FFeE25a4C397b6bF3054C0f9c,node07,5fd7ffe0ac60e506f4978d19c0903c91ba5e30e22ee9fa8e80929c877825f842,3,1791383498.9485097,1791383525.671174,26.72266435623169,172,241970,confirmed,
638,0x3C8959a30f4C78Cd118C3682DeeB8e8db204D163,node08,6ec3c9f44b30605d1135cd23d0915ac3db9076ffe8bb46460386f3c8675075e9,3,1791383498.951385,1791383526.8886735,27.937288522720337,173,241970,confirmed,
639,0x7760976b4279Df8404D9DFFA078ff10E68B42eFB,node09,24c5998e4f9246881e5bf305ed5e5d1952ffbef246270359faa1a11011a67c74,3,1791383498.9528234,1791383529.5853171,30.63249373435974,174,241970,confirmed,
640,0x82B8F0E53fF465321Cd60017F6031F58c00E4b3d,node10,86e0c367b19d527bc155f2a4f595a26bc1a62917c2c5963c2fc077be0f9ce5e1,3,1791383498.9602075,1791383530.9383106,31.978103160858154,175,241970,confirmed,
641,0xd15c96b9Dfdfb75Cc113AE7164ca7fc938d229c0,node11,262f75017e8dcdd03cb9e110cf91f25a7bd441dacd93dd899f7bfac624d83782,3,1791383498.9615812,1791383531.8719342,32.91035294532776,176,241970,confirmed,
642,0xd8130FbD8644a98667bDBD904c782CD76CD44B66,node12,2116055a064e7bc314ccd7d699f50c81bffbafcd58a9892945a44cf6a00e6064,3,1791383498.9641194,1791383507.381657,8.417537450790405,162,241970,confirmed,
643,0x036Fa29B5Bb0603445D96aEb9cf721274c2fBb87,node13,8ff6c5906d19acea81ee186d0da17b42ad52819ede6f627b51d593cd222fd073,3,1791383498.9680932,1791383507.4897394,8.52164626121521,163,241970,confirmed,
644,0x5A5E8201D1d24b4718387061FE589BFa75D882DB,node14,3340de4870b4b44121f12fe6b7332c934ae9dad7788093a05b8a91bd8d7e502d,3,1791383498.9772344,1791383511.0538998,12.07666540145874,164,241970,confirmed,
645,0x74864faaA98b7Db2751d5D76f86Da7be243DE2be,node00,bae52ce68f4d6aa6301fa38a029c7fe70b1971c11c15678b8661c333fcdfad4e,3,1791383498.9789872,1791383511.0336924,12.054705142974854,165,241970,confirmed,
646,0x720A3C6EBa3C9504756477E75462e9c587a8858e,node01,948581db4784e7f7f45bd0588cb3f009c352097d7184a2977347b07e259252f3,3,1791383498.9808772,1791383514.1018755,15.12099838256836,166,241970,confirmed,
647,0xA142989510E1386ceE1133d66EAB22D156dDbC6e,node02,a4502927ad4db24dab5050cf99f1a97fb16139b34507e7c4a2ce233cc7a9cf3e,3,1791383498.9840283,1791383516.9614506,17.97742223739624,167,241970,confirmed,
648,0x48532f099dEbCca9b972d8A8B76BeB6DB2dBBBD1,node03,ceb9294cf9e871d15f19ebadae791a40723dc1d460b87cbfa70e0d27c1c58718,3,1791383498.986534,1791383516.8092995,17.822765350341797,168,241970,confirmed,
649,0x622E23F12490C9A3FD4cE5375941eA450189a565,node04,2f91266e7af1433c9eef40f6783b20091017ecfc7e808fc33409b5aeba671785,3,1791383498.989655,1791383519.5913951,20.60174012184143,169,241970,confirmed,
650,0x78eA4600183DA9A393740d8c53dbE2101AC17887,node05,5717cc23e63d1cd4f44766ecd6efe315e2a181b55588066b048905a312f2a5d0,3,1791383498.99154,1791383521.2867217,22.29518175125122,170,241970,confirmed,
651,0xA21bc92D7Bab80A58512c4A2037df1F253536a64,node06,8da7d0ff0ba666346146da3a3d2caee85628de9ce650aba2a78e7c6389fd8ee6,3,1791383498.9924653,1791383523.2989268,24.306461572647095,171,241970,confirmed,
652,0xE4391F7b8aB6381205584C6F61F908640FD5745C,node07,7aff43306448be703f80ac27d5d05cc42dcd102b97df1b9bc8521fddcedab7f6,3,1791383498.9950376,1791383524.4966283,25.501590728759766,172,241970,confirmed,
653,0x99261E881c993820d8CC4506036Cb2Bc67C972Dc,node08,03f2d7a40affe30bd7b26af65d397ceeac858214fcbd87f8a30c8d4b40b1ddef,3,1791383498.997683,1791383526.5415962,27.54391312599182,173,241970,confirmed,
654,0xe6009d238Dde411c5F4FF3b59895508b602b7c0B,node09,d0c62ac3617f95e70fc1ddf7711f7ff9316fe02c43cf3b5ef085e6ee97e3a97b,3,1791383499.0037122,1791383529.5178292,30.514117002487183,174,241970,confirmed,
655,0xcbDd7ad32a5a3df8533a37B2523640d1228759bb,node10,47a8be3ac1a4c551c2028824735e9a354d0290f53b638897e320e9f4eb46c85d,3,1791383499.0063546,1791383531.1626768,32.15632224082947,175,241970,confirmed,
656,0xdEEE20453A90540fd54BaDC53D7e79a93d785684,node11,4a434004055212aa01ae8ed27a68fa1042717317027c4b7d45096a43f992953a,3,1791383499.0093553,1791383531.9131942,32.903838872909546,176,241970,confirmed,
657,0x607e03bB677414b2bdFF398eCdaC929BCfA57bcf,node12,14d09c87c6dc68bdf81f7fb9b150f80f267c54fd48d51a677222881ab72c68a3,3,1791383499.0126128,1791383507.3398075,8.327194690704346,162,241970,confirmed,
658,0xA70D7F53355A86F501e3C8cc1f50aB2275F4a042,node13,e60be68b8e24d47c55cf242627fbf7c4fd5606cbc44183310f896a9f98040910,3,1791383499.015066,1791383507.3736062,8.358540296554565,163,241970,confirmed,
659,0x066C67A3cc138cD4b9593dA0E0Df9dc80a07C759,node14,e06f0f051b6553484d8b7e6ac8d89680d031f1d426637f1cafa20607712a4b9b,3,1791383499.0169392,1791383510.9053688,11.888429641723633,164,241970,confirmed,
660,0x8E0FdEfEa3A32A7C6f4Bc4D2792EB7e36A4fD1Db,node00,6b55027d40c37da9444aa209919599a8e63681a9378d94aacde614e7250bdcd4,3,1791383499.0207207,1791383511.2814217,12.260700941085815,165,241970,confirmed,
661,0x51dD42EF50e2456f14DCCcF3D24A64A3EB1Cce98,node01,729f9a17583d8e06c7f325b7afa1e54e9675edef6582af3959082d1da5da74c5,3,1791383499.0232158,1791383514.2201602,15.19694447517395,166,241970,confirmed,
662,0xADcb3D7eDe0c3c03e5F5b316dcEAb1168c3cCD8a,node02,6dcdee1f83cd5f1d0f3821bf2969f7c33bf8787a4ecfa7a05aecd0821e34b7cc,3,1791383499.0257032,1791383516.8595412,17.83383798599243,167,241970,confirmed,
663,0xCF4e5ef640b9838eBE2b33c7eB5290b3e4487eb3,node03,e7f1614692ab3414cea36d7683209dce6c0b1dc3568dc2ec1c8b186d05cc459d,3,1791383499.0297816,1791383517.095174,18.06539249420166,168,241970,confirmed,
664,0x9DcC6F093547cFF35Ec7C361050f867E513e8C7f,node04,e46c6f3e397976f523f835e7b9d45fbda0c0882a6b10eb4b450857f3894996db,3,1791383499.0329342,1791383519.429014,20.396079778671265,169,241970,confirmed,
665,0x7e4046baA5fE7b11bD875Dfdd722b0cDd683BDd2,node05,045c62719fbbf30d6c972226a434610802e099c46fa0f05793ae2811fd1b36c5,3,1791383499.0376773,1791383521.2966135,22.258936166763306,170,241970,confirmed,
666,0x18Cb7b7DA3D762D6c27E9F257e189b5F033b92bA,node06,31240560299192f3b460a0da1bc817d637e2398ee707de5317ced705a9235075,3,1791383499.0424871,1791383523.371636,24.329148769378662,171,241970,confirmed,
667,0x91184a2C8814Fd1018Cb21b5bb8aB31081CC0BC4,node07,13c0680202c108e857a27090181a31dfe510ab0a40eb66056fbcad808cb19a94,3,1791383499.0467026,1791383524.3698747,25.323172092437744,172,241970,confirmed,
668,0xb5288914f37579FEf737A6Ac4962DAcd9a9A19C3,node08,9982f0ef4a5b8f69b8baaae6eb8655bd067acca9cc22f2050cd1b00b23274ead,3,1791383499.0491445,1791383526.8423166,27.793172121047974,173,241970,confirmed,
669,0x45e2fAdb7b0963D1e43827D185432a7146D5Ba5C,node09,98d4bedcd27adc4047c49e25a117a97e8d9c3ff4871c2229fd047421b6e46bac,3,1791383499.0512912,1791383529.5427494,30.49145817756653,174,241970,confirmed,
670,0xe667722E33e1497C43F7bD1f25a263ef5bABd2ca,node10,11bea6137374344735900ff7ad06e6976833bf8eca51e4faf417c6f49fadde42,3,1791383499.0528781,1791383531.129357,32.07647895812988,175,241970,confirmed,
671,0x183787bB4d04498Fd8b5783F4eF828EEe9B6CEeb,node11,4ee95639096edc259c84b0aaadd26928f98f8343eea71893ee228dc5bd1c374e,3,1791383499.0542815,1791383531.9547608,32.900479316711426,176,241970,confirmed,
672,0x9D1Fa2C48F0669A21527dDBE60893186Ef4Fa0F4,node12,92467a45570e665ef086f5001d9c8a2a7d0966e62a9e566ae777745f0307343f,3,1791383499.0578883,1791383507.3784955,8.32060718536377,162,241970,confirmed,
673,0x346f8034B6596001684cDdF4e12bFbADA5a20683,node13,d7fbf86ef62b64ad3209541532bf5c50a02409b000353bb32b1674b7694300df,3,1791383499.0601122,1791383507.433262,8.373149871826172,163,241970,confirmed,
674,0x046Cd71D479508230059e02FD215E2B1B6b8b0Be,node14,f7c53e2b53132da3bef25196279d92b2f3b7cde1daff0794bbb53d49d4f2dbe4,3,1791383499.0626483,1791383511.1118646,12.049216270446777,164,241970,confirmed,
675,0xe9d5e6815a1F8664BE2b8F31f9BFc0041fA18BAF,node00,4727378b08edcc9df1609c350aa6767adafd7e892605f88173cce757f5664a4a,3,1791383499.0658739,1791383511.1666076,12.100733757019043,165,241970,confirmed,
676,0x668ab7175F16f3633931f50d942508271173a697,node01,1368ae6ac44b43ee558bc71d4ad690cd5baca034dfae4609adc123a943629e5d,3,1791383499.0691402,1791383514.2597995,15.190659284591675,166,241970,confirmed,
677,0x905E62440179a280b90F5019F0e633dAf75F9a7b,node02,2311735f3325a8ac7e709acf58e2cc179f0d6716eee9d0a4576b68518aa72d8b,3,1791383499.071777,1791383516.9999819,17.928204774856567,167,241970,confirmed,
678,0xeA8641fafd4bD4ee0c92FF168C4110dd5ee0c820,node03,1434cb1e13702d06e32b4c11a9ebfe733ac0a10687d661416846cef0dcc1d76a,3,1791383499.0739517,1791383516.8809786,17.807026863098145,168,241970,confirmed,
679,0xaA9c2a82C01e24f6c84Fa34C6B9CF775eEa97042,node04,26c0d17da69c0811b71cb58593098e98593b9f56310fb9ac608244b7e5ffc6fd,3,1791383499.076518,1791383519.821399,20.74488091468811,169,241970,confirmed,
680,0xdE9F129CcA359297acc053A11494379Be3504575,node05,22289c6a764acfe5243300c6681f2dde6de29c265c6d6d1e4c48dc49f0e2c70f,3,1791383499.078344,1791383521.4913006,22.412956476211548,170,241970,confirmed,
681,0x25e71779065F5256fD0787cB7487251eF951F58E,node06,78ea7b186360533ea827bd6db990157fc70c64db84b13e951c1b09c6130115fe,3,1791383499.0805264,1791383522.8948162,23.814289808273315,171,241970,confirmed,
682,0xB6040814D940EB3A8107336e6073D7Ce0d16Eaa6,node07,14a4039eac68aa02450771290e785830095d49b58071fa0cf1fb3946d8b98915,3,1791383499.0847208,1791383524.3677056,25.282984733581543,172,241970,confirmed,
683,0x43105d7a2353A9f696082d95Bd1D703da9D644F1,node08,f48940695807b3e3462ad96fd0ffcdb4aea0bdaed78e3b95c251702a13cc45aa,3,1791383499.0875573,1791383526.976754,27.889196634292603,173,241970,confirmed,
684,0x98C119Ef9Df7d4024C51025F1FD97B5b297fc4e4,node09,a54d50a881dae4d21b2286159fdf11eb2f4662fe8388ca5506e5241a4f80e51b,3,1791383499.088386,1791383529.538913,30.45052695274353,174,241970,confirmed,
685,0x579e6c4c7c6c3E27D1A9665aaf9124a5C5698f06,node10,ebfbd3b2ce85bd061a435fc0e898e164f908803d610eb8ed179f94a7933c9803,3,1791383499.0916436,1791383530.7690203,31.677376747131348,175,241970,confirmed,
686,0xA868EB73E49a2E9AB2a5a16a4bb3E813BE978bC1,node11,ef6717c751dab4d8e55c5d91bf903eb9eb44cbfa34a35a6d221ead23680c8515,3,1791383499.0932245,1791383531.8855085,32.79228401184082,176,241970,confirmed,
687,0xDD5B488D6D3C5D3b68e1246141DE42A6CBa0cCD1,node12,baba1b6ad01f5036ea0e0cb6aadeb7d6ba16513ff6c40f6fadf0759ff7e8005f,3,1791383499.0990076,1791383507.4367752,8.337767601013184,162,241970,confirmed,
688,0x93Be2dB8b5D453Ed6438f93C37449823F2C900B4,node13,996e896f482c234c3387ab0cd78602d199c6fb6fbe392b93b869da41eb81640c,3,1791383499.1003458,1791383507.5874116,8.48706579208374,163,241970,confirmed,
689,0x2b5d917c5C1D90E2BdE427d9c6C15744A5c00545,node14,1a007d14d7ba22850418fa41ecee3f72db40554db49205e037eef2ba1e791a50,3,1791383499.1037855,1791383511.1988478,12.095062255859375,164,241970,confirmed,
690,0x36533D7D1bc7a3FFA25B108e9244bA6404d57b89,node00,80ff59a7e538e57254c7e18c5f2608546d57834cb188da0d1ecc09a88af78445,3,1791383499.1051514,1791383511.1579988,12.052847385406494,165,241970,confirmed,
691,0xFeb9a36D17170dDF68881bF460e92ef319a67b19,node01,caee2a541d9b21cfba0375f5c42cd31ab02de32cf17d7ea20a1c300c66970de0,3,1791383499.111319,1791383514.400594,15.28927493095398,166,241970,confirmed,
692,0x53d09feeF5602aB457BeC17453BEC1593576a3A2,node02,4f91cabb256c51747a1bfc9a3c8caf047324b2d70e2a84d94f419f3bec4ba7be,3,1791383499.1157293,1791383517.3938706,18.278141260147095,167,241970,confirmed,
693,0xD74e3EFdccFe01DfD4Aa738a36Bc52Af01f8fd26,node03,6886e16a50d6d143ce71e37eacd6c161e770b97771a817ca3adf65d807c961b6,3,1791383499.1187787,1791383517.1047366,17.985957860946655,168,241970,confirmed,
694,0x07F40933561696A8083A73a7627d1719fAc95D4e,node04,cdc2046193bf4695241787c3fb712d59f0311ff368f57799f68f4a0138bc27ee,3,1791383499.120917,1791383519.9034948,20.782577753067017,169,241970,confirmed,
695,0x70E3F6D36248BE5A439A7ecBCb867fe1C3500041,node05,751fb0658e1f1bf12b57b2c99383b0c08104c0a2224b09dccc24042d24dbddd3,3,1791383499.12262,1791383521.5325387,22.409918546676636,170,241970,confirmed,
696,0x8bF929b6B312ABA7274E07F1504E45F89dDA91b6,node06,5f7823efa4e24c7fb01466849186ed1e18d0a59123c676d52652e9519c3b1a5a,3,1791383499.1250699,1791383522.9751513,23.85008144378662,171,241970,confirmed,
697,0x08fe664625FE64F127b673fC7e8D116f19dc1465,node07,fc9f4b6a47134b346033237f6c6ccb2e8543a29a6ee3d65f0d44d943967fdae5,3,1791383499.127055,1791383524.5255253,25.398470401763916,172,241970,confirmed,
698,0x2FB3cEb93cBe4bcd06da1e8c912aFF08dF67C949,node08,12d55e8d8dc413ffcb5e935d3f85a724ead6152b492f440066dad5c2658f4f2e,3,1791383499.1292133,1791383526.859201,27.729987621307373,173,241970,confirmed,
699,0x6D75F13ac9b6BE3B45070f9Eb846c941c362b9B3,node09,7a7da18616ac5d2e23375231469456edab91ee396dbad532869ac7d9c6c8d0fb,3,1791383499.1309257,1791383529.549046,30.41812038421631,174,241970,confirmed,
700,0x2A5828Ed0192e1b51605bE3f27e96F860F6f135E,node10,4edeacbfa2d352e4d72e26ab32b52c884b5089167c78c59dbdc178691f5a3ed1,3,1791383499.1328497,1791383531.072717,31.9398672580719,175,241970,confirmed,
701,0xef097158A409BCC62EE5E556D86a2Ef8D16F5735,node11,146e887d926a2c7cca5d51164a1c2730bdaed7b5fb855ea0da671a955f634fa8,3,1791383499.145384,1791383531.8774316,32.73204755783081,176,241970,confirmed,
702,0xf49155f267c4c9a0c8Ad162219a817faCfa0Fd7f,node12,5d68a4699dcc6d4c1e7b9f71569c9ac9cdbc00706eeb267a48d0a48a2263dcfb,3,1791383499.1471105,1791383507.633533,8.486422538757324,162,241970,confirmed,
703,0x673EF75690eFc7A400DDC075026e55FDE886eD4D,node13,f97668a21f619870d9307547dc251aab294c997024bc606f8765b61daaf8fb2d,3,1791383499.1491718,1791383507.4781854,8.329013586044312,163,241970,confirmed,
704,0x0A08CB2a17490C16d686C8F7b82dCfe9Bf86cF6E,node14,7572d01228ecf74c859d274f1361fa1dafa672f19e4f815e4e913ae87c5f75cb,3,1791383499.1526196,1791383511.1465218,11.993902206420898,164,241970,confirmed,
705,0x1EBd3a36f4F96c052598675882Eeb4B1C41e456A,node00,2af173f5e648e8003a25a66fd411f6b7f9852fabf959b8049f3a573179751859,3,1791383499.1562612,1791383511.161913,12.005651712417603,165,241970,confirmed,
706,0xef611f755719464A3966076abFd17e373467501F,node01,48e3200298a24cc2a996d0eb38404726160c2ab566a47cbc724ed14cdc8e38b1,3,1791383499.1638281,1791383514.4546432,15.290815114974976,166,241970,confirmed,
707,0x47ea3ac70C44a6983d3d9f42968Fc400f9434ed4,node02,e0704ae1b9569296883dadc95c17c16ae3f0eee68f555a09a9a14e21210e1b67,3,1791383499.1658416,1791383516.9444818,17.778640270233154,167,241970,confirmed,
708,0x1F15a64705F19b91dc9DEFd13d9ba2cFB86ff3Bc,node03,6d854dbb36ae9149df19ad5494fd38fd5be449d0d176ac3ff74c3fd4b033aa4c,3,1791383499.1678233,1791383517.4080694,18.240246057510376,168,241970,confirmed,
709,0x4A82e9D7c717EA262be53bA2D4aD9C7Ef3D0a90f,node04,80ee3266c446a53a67772815ddd51c369791b74a07206247e67c1dbc14828d6e,3,1791383499.170886,1791383519.4941115,20.323225498199463,169,241970,confirmed,
710,0x78b025508F88521A53B42bFA89A7034464949169,node05,62501f79986eadef164b34f0782ce374cd45ba547291997dff30c61360bc65f0,3,1791383499.1720746,1791383521.4161265,22.244051933288574,170,241970,confirmed,
711,0xfdd12EE90BDF3DC565FC29a5809FE1eA2F6b3306,node06,fab2d6b71794422610f3da0cab47b72b634410cbab39ec1624dc938f3cc35a5f,3,1791383499.178167,1791383523.0243979,23.84623074531555,171,241970,confirmed,
712,0xE15AC2a542eFFDcA6638d61b81dca10800E60441,node07,9ef20e20049e5f1d811b524b5aafa3f9b438c1a6cea6533fa74d621fea697ba3,3,1791383499.1807532,1791383524.492712,25.31195878982544,172,241970,confirmed,
713,0x3B2dcce57a35f835F3136a8948C24b4db5220C7c,node08,6e9a0268998e33c105527afe1920cfab418551c33bf9a6f1e4c340fc96bbdeed,3,1791383499.1828249,1791383526.9034214,27.72059655189514,173,241970,confirmed,
714,0xF7897C37B897823684af8FEB35DA4b4a653b8685,node09,4a03785a5e3e45e3d5e5f619d1f83ff03923280f5833647aac396f7315eaaf0e,3,1791383499.1859436,1791383529.590715,30.404771327972412,174,241970,confirmed,
715,0xfF37119cEB49CE951E5f1604d033A98A8281CAF3,node10,8b4a27d7aef0bbcc3089a0fd0d61d6af22ca65192d6d412f169fc7360bdaa7c3,3,1791383499.1882498,1791383531.1556945,31.96744465827942,175,241970,confirmed,
716,0xfa1fac62652380c0971C55567AECe33cA4F8b35a,node11,fd25c704a72f0f6b037307e2b9508b51bbac50f1d0282ed9a0055511dda0a326,3,1791383499.1943374,1791383531.9541147,32.759777307510376,176,241970,confirmed,
717,0x9723E748Da69DBCA7a15fa5Fb0091f0Ef2606D23,node12,785e22ce39306819609da531eb91dd640ba721561a602a693896ec0e99e6bc1d,3,1791383499.1963487,1791383507.6637967,8.467447996139526,162,241970,confirmed,
718,0xFB54e73D5D7a2D58E344A8a1845A01bA496eD9fD,node13,17f20cce15fca78f9a2f75c6f7bb538e56138cb5dccb536c0173d58d4319c9f0,3,1791383499.2001102,1791383507.7509983,8.550888061523438,163,241970,confirmed,
719,0xEb7bAf04AcBF5bDF854e0304F1AAee6DbD414515,node14,2862edbbc2434bee4510a2b31273afa7e7793c6ce1e3ee8567723327033b731d,3,1791383499.2074723,1791383511.4292207,12.221748352050781,164,241970,confirmed,
720,0x40c9cc8BE76EeC9aC6f7b27fD4b34e0c44963F72,node00,f067be94e95ddbf0095e77b981f3274d34a1b548d55ef22169ae8ab32aae39ba,3,1791383499.2135158,1791383511.4843333,12.270817518234253,165,241970,confirmed,
721,0xBDEF3F6d05A208254e8F5bcf8D0431E10ad6E7c0,node01,828db46f6fa4669c4a6b2e4c17d59404ce64e1f910725dbe150a00c5612b8cb6,3,1791383499.2158265,1791383514.227941,15.012114524841309,166,241970,confirmed,
722,0x4dA96d6299E96be7D8860FE203591CAc7fA503A6,node02,ba4a85861c450aa4c6547a5418f3cdc1f1c19840938373f8347f950047dafa91,3,1791383499.217745,1791383517.1267204,17.90897536277771,167,241970,confirmed,
723,0xdB8b1722895A12C731ca346F70a420ABF8Cf4C4c,node03,ee49c78d96ef4b2ec0aaddf5e425ce475ac30df310334392d6762993fdc9d795,3,1791383499.2265627,1791383517.246675,18.02011227607727,168,241970,confirmed,
724,0x1ED61Fef549d31d51637770e85630Ba3F4B093e5,node04,abf234e439066ba8caddf12bcd8f42af23f26f1cf058f3fa54f942f9b73b105c,3,1791383499.2274752,1791383519.5682583,20.34078311920166,169,241970,confirmed,
725,0xe816B69C4829AAe966Cb9E4416164147969a6C8A,node05,62875beb9e72ce5853e9bd4ed46d5ae18e5e4547f5430f762ad9af3b081c692f,3,1791383499.2303693,1791383521.705283,22.474913597106934,170,241970,confirmed,
726,0xd732AC7620A7E2D2411074a082C13a80014c5670,node06,a4a1f34a4a2c884ad3175198c3ed1d3f81c0b9586c2756b2159fdbd96896788c,3,1791383499.2328155,1791383523.1576018,23.92478632926941,171,241970,confirmed,
727,0xbdB0BE6bcA354DA196d9aa9E928825fdD707b79F,node07,76b1e4ef986763e6826d929a88a283f7b9fe8337657b3798053f58a306fd4e0c,3,1791383499.235011,1791383524.425159,25.190147876739502,172,241970,confirmed,
728,0xB9709f56CE96408BE1b3C084c9D5a26dd05b6475,node08,4970a49ccaf82da0df683188e3db521206e795a01d8b69c347c5ad7e11c6cc95,3,1791383499.2399628,1791383526.7022598,27.462296962738037,173,241970,confirmed,
729,0x95103f10dE714BC8249932B8f1Fc8d92c3c04552,node09,a299538141f665aa0fbe232e3c873c45fa342a34fc113383cd1ddb897ed77d6f,3,1791383499.2414098,1791383529.6091917,30.3677818775177,174,241970,confirmed,
730,0x5e12a0C068aa7AA8F0be65C359Fa9afc6638F824,node10,6877f56f9215b22607861dcd097f1635a5d62aaf6caf78c756f1e748d467fd2d,3,1791383499.2448297,1791383530.8970137,31.652184009552002,175,241970,confirmed,
731,0x794BF6c96F91f0E983e2784FA6A198EC784BaAE1,node11,0c7e7fbe4153759630a07186eee75632e89bb04f152240293ad153524e7ccf7b,3,1791383499.2477894,1791383531.9014351,32.653645753860474,176,241970,confirmed,
732,0x91d32d77a41330a10EdB312f6E675Eb311BE5c53,node12,8e9c33cb0857aa9e3fa469bc1e413f1576089c9c1daedeeb6d064013c13c1e3a,3,1791383499.253655,1791383507.7195795,8.465924501419067,162,241970,confirmed,
733,0xaF0eF6009E2949c5B61De6432f9DbF882033cB83,node13,00c3327e7acfcf5b38e15995ebf23c5803baf05166188560a5d240a72015f490,3,1791383499.2548974,1791383507.5650342,8.310136795043945,163,241970,confirmed,
734,0xc5FfB128655a85a5508FF0CA36CADc5ac49B6DB1,node14,ea9c9cc87ca4db045041865e3d4f89350c73dd9fb1ee3e7fb091da7f0bb666a3,3,1791383499.2568362,1791383511.269688,12.01285171508789,164,241970,confirmed,
735,0x86D2bA350E6A61dbcB144Fab297aef50F18C9803,node00,0f28fa2985d370d96f2d7ef61bc49f91e9fdff4308f6738dca4963fcc2502ba5,3,1791383499.262422,1791383511.4426813,12.180259227752686,165,241970,confirmed,
736,0x0392a132E1ed219A0e13e5b0D078a07eAff050aD,node01,bde39bda79e8cb19914d5f830fa0c788fc50de9b234679ae1ebe57be1fc63588,3,1791383499.2644694,1791383514.3556743,15.09120488166809,166,241970,confirmed,
737,0xa8DFb767e365753213c35ebb34560cf8AdA4fA0C,node02,fab8b3bd618d7211880814165be6b65dc446da32e75189110e6e4ff1c71e32a5,3,1791383499.268567,1791383517.03114,17.76257300376892,167,241970,confirmed,
738,0x0D3f80EcBB3c2DaD795EEe0b2Fd3A00f0F9E6A75,node03,848a9e2f4b2c5a138e3a6341de4467b3e44a0aa6dfac3fbd3d43a29e9e4258da,3,1791383499.2706795,1791383517.129686,17.859006643295288,168,241970,confirmed,
739,0xa8aaFB3e82e4042456f3AD23A89714eFa9faF2b9,node04,346937ca7de2ed5769cac4c8af6096662b043b1c685f6365889fad3c8385d3c3,3,1791383499.2727754,1791383519.6756766,20.40290117263794,169,241970,confirmed,
740,0xC573EbF1a375bE4F20BA766B64702aD2C01bF9db,node05,87631322bf6d99dfbd212754aceb07447054e992c8f95d3c2725b239a9ad15ac,3,1791383499.2743719,1791383521.751194,22.47682213783264,170,241970,confirmed,
741,0x2027AD6336f29B43Aac03E1Eb2d5262ca98D9207,node06,4f48197e8adfaf304f65d3737a2cdfc1e9aa8b1aaebfb94e46234bd173c58872,3,1791383499.2759037,1791383523.224523,23.94861936569214,171,241970,confirmed,
742,0x4C2900E8E33b5671FC3BeDda9E8dEA5E12730f77,node07,3eeac73f0177ef149cc6885994dc52aabf63b69aab9cee448ad7886d4092d01c,3,1791383499.2775278,1791383524.463781,25.186253309249878,172,241970,confirmed,
743,0x9C5B473fb4c64a24Ff7c98D579383aa02cd0f43b,node08,4a9d5149002a3c42c575bce43720981db43490454db8dc17625edd7d350c3a0d,3,1791383499.2805111,1791383526.674495,27.393983840942383,173,241970,confirmed,
744,0xE279f86FAE2d232f1B187e5EC1f83dab38CD0C41,node09,4f405d6863df49dcd7cadb52f4463bd7a70609364a33938fcdbe57f4a1bea909,3,1791383499.283898,1791383528.6790667,29.39516854286194,174,241970,confirmed,
745,0x44a32ED1F6987D24A99688E80D2d18F4885Ff19b,node10,f531e308dc1555fbc00c1b2d5a26dfd5a484c357d023dc72d4fc3581b1a93146,3,1791383499.2889917,1791383531.0254512,31.736459493637085,175,241970,confirmed,
746,0x57Ba4e1aD6A28a60B413f2d8f88992bcA6963127,node11,e5066bb598b68baff69fd79df3657292d7b1ed4c594bc0b63a00880c838fe402,3,1791383499.2907772,1791383531.9668956,32.67611837387085,176,241970,confirmed,
747,0x815760967C2eefB9cB956eDF369638F3C8aC0Dc8,node12,4f3396c947ee8b7af357745df7442580c8a3d2c36585e8d26ee35a82393654d1,3,1791383499.293278,1791383507.717834,8.424556016921997,162,241970,confirmed,
748,0x3fb013362f31960A8F733c9E04e5414CDeA81e7a,node13,19c59ef832400fa1723935bb463660fe10e352acd9c6cc13b921aa02798adb9b,3,1791383499.29724,1791383507.736862,8.439621925354004,163,241970,confirmed,
749,0x96AA7e5e2E03AC5FeDB4bA573853f06e1dE1B843,node14,7fbede943e3d3706b3d1e07685f5f72d08f0de14c94ebe7df040a3ebd2615634,3,1791383499.2996964,1791383511.3874333,12.08773684501648,164,241970,confirmed,
750,0x8322a4BA94B6EF024baC247aFC8e9D219EfBd624,node00,861b475dd80aa6e253e4787b711286ea1d467c5f97acd471d24378c76b55c3ee,3,1791383499.302594,1791383511.3401384,12.03754448890686,165,241970,confirmed,
751,0x5Cc361AbCcA8dF326284D211027e3b1cB12973a2,node01,4c1ff42243a154511285b3a7f6beeed81f1ce4feac0a044c8fd408256b49e837,3,1791383499.3051057,1791383514.5295033,15.224397659301758,166,241970,confirmed,
752,0x4d6cAAbf184bCfdC53F0AF7F7edf08663981AfBc,node02,f1dd0d019d4a1184143c56b14ceba5655df10a49622e41715ec7a016a66fb3dc,3,1791383499.3077316,1791383517.5046043,18.19687271118164,167,241970,confirmed,
753,0x6bEF3c24378dB93059468D0D42b4f434423E01Ef,node03,17e1f18904e958ad619555ace3a43d6e17a3312de4247cdb89cfe08a72c45a53,3,1791383499.3106763,1791383517.154507,17.843830585479736,168,241970,confirmed,
754,0xFDfd39c897C93754AC7Df1380A9D119243fF6e75,node04,9d4ac665316aef85bfdf21e909a427f8f17ad961b89020ee8be61e7cc2a615a8,3,1791383499.3190594,1791383519.6811326,20.362073183059692,169,241970,confirmed,
755,0x20Be2FFcDf66ae30b41072a2fd80f99A7682a927,node05,cc516500cba10c68827a000d461a894c7cf0df2240663eedd6322898984ffe0a,3,1791383499.320513,1791383521.4725292,22.152016162872314,170,241970,confirmed,
756,0xA6C49036fb02310FaFd0FedE3701d8f93D8E2B6A,node06,a3f26ae063ea65d76a30a68f1159adbc1e16dd468a597fab6a3e181404812dda,3,1791383499.3224435,1791383523.4714072,24.148963689804077,171,241970,confirmed,
757,0xE7d0Acd13eD791D75D10E34f1bAFBAA2D20A78dC,node07,5c7dcdb46fded6d47c400937900eedccc734a3152d610274fb3e1fdc8969fcfc,3,1791383499.3240266,1791383524.5409796,25.21695303916931,172,241970,confirmed,
758,0xf08aF8bB36056Cec88bA3256d2fE6C42Cef65C9E,node08,2f61574d4f54a015f78fe79b205f9550962184cff255e2a03df7bb9f317f7aa4,3,1791383499.326067,1791383526.735203,27.409136056900024,173,241970,confirmed,
759,0xC36EF5EfD5B1884893B359935FeCD737b70DC30c,node09,68198ea50b49dd6497ac750b0b80d41fdc176b956f6f8c87412031459ff4ed5c,3,1791383499.3281202,1791383529.5655131,30.237392902374268,174,241970,confirmed,
760,0x9f56C43903E9Cb7641dcdbDc2fBF8f824F221c41,node10,dc427f6f0af0f3dedfc728d84dd0bb8e51874813f396300bf3ce7445fe96a02f,3,1791383499.3302324,1791383531.066349,31.736116647720337,175,241970,confirmed,
761,0xb58D31eF69e02B6A6E5a5a9F09E9B1C26223207A,node11,99707a22be51c87e34ed0bf7b65cb6c940f9e3fc0ba3db94339606dc542cf48a,3,1791383499.3323045,1791383531.9072871,32.57498264312744,176,241970,confirmed,
762,0x6b9F74b2f60E69e749a52082730a36e220d9455a,node12,8af71e72750de2641aff3ca2e9ce06c0f5a0e59105f4877a0244ad6385c9f1ba,3,1791383499.3349872,1791383507.8618162,8.52682900428772,162,241970,confirmed,
763,0x512E06764e388B654CADf5eb648e839a24E50ae1,node13,7374b5cb714109c56720b2fcb838d1afae970b986e85a3d174193e46a878a780,3,1791383499.337423,1791383507.8923466,8.55492353439331,163,241970,confirmed,
764,0x3aE9e0EE0e3ff2F96bc76A6F724223D9191411d1,node14,606e07a0bcfb7d6c942d146dd332239825777251f03cb56e488b266e81848009,3,1791383499.3392248,1791383511.3241968,11.98497200012207,164,241970,confirmed,
765,0xF5a2AE9BE53F943C8eF9418Cc92a1aA2083bcc36,node00,67109a74df504223859ea0c73867731a37679ddec721ff4c059bd170efb03943,3,1791383499.3415852,1791383511.5048122,12.163227081298828,165,241970,confirmed,
766,0x63Ba5fF3200f87b4E576F091Fc4Cd045BFc9dDCa,node01,80acfb2f11079dece428aa707f456374a9610c406af9fd536327bff41b8d7ca8,3,1791383499.3437104,1791383514.3370466,14.993336200714111,166,241970,confirmed,
767,0x2b75a396D5f40E68Bc2444d7556Ffc49a77aF323,node02,221388f563404515673adc7d5d8b704b9db1f094c2144f992c3653c53af61b8f,3,1791383499.3447936,1791383517.4030871,18.05829358100891,167,241970,confirmed,
768,0xc68A926cb55FDe359378035681688BAD4421C973,node03,88787e7230380b0da6ded29e75a3ab1d6d787165f2d9bc03581acec2156c38b0,3,1791383499.3475075,1791383517.6034007,18.255893230438232,168,241970,confirmed,
769,0x753a890b42A3f9a7C8C3EFC64Edd858a76A666FD,node04,9f316d11098e9316798c0cc8581162c2a7549e5e0da07ce7e8806183b1b2c52d,3,1791383499.3496907,1791383519.8761444,20.526453733444214,169,241970,confirmed,
770,0x3cdD1487b3E14DAb3664e95028e4C0139494fB54,node05,db37bf4c5f26e812b57852803ecd0e99242961ba953ecc114e11c0cdf35624a5,3,1791383499.3517423,1791383521.6407502,22.289007902145386,170,241970,confirmed,
771,0x575a5E2aAFF081Be889818817436f43D5558Db2a,node06,ab529216b272bc1c371ea22482634c7a1183c4d5065832b2dd99463097b85c78,3,1791383499.3545837,1791383523.2060835,23.851499795913696,171,241970,confirmed,
772,0x1dEd87Def58eb90D5b61eF10eCb6532a8EC0300e,node07,0e49ce5132168b396947a3b1cbc57e950a7e1c29ffc6a1abf66fda5d4a630522,3,1791383499.3566933,1791383524.781499,25.424805641174316,172,241970,confirmed,
773,0xBD5b7C061D207AC890F4Cad6b90D3172Ea5858F7,node08,20d627ef5213c9d8cebf3fb179b1099c098dbb8ef808d20ddeabc24085e61794,3,1791383499.358757,1791383527.1463957,27.787638664245605,173,241970,confirmed,
774,0xEB36c0544C328F31aCb229bbBA97851f0b4470f1,node09,1855ec74ab8d4893cb978b469c66ba4bb035ce20479814799935360fcc8c4327,3,1791383499.3606489,1791383528.4615815,29.100932598114014,174,241970,confirmed,
775,0x2ac2b6B97C3B8A876766c4F7d2792416aee9A01c,node10,63dda66125f2d6e7b19db6dd667c0550d08b0c5e22585e5129202a34d6daf7d9,3,1791383499.3623943,1791383531.059911,31.697516679763794,175,241970,confirmed,
776,0x431636f1f9fCe55F303add8d12177B9f2C6e22Ff,node11,3e3c3bb43eba40a33a26786563973bfb4cd80eb390dbf7a7ece9b1be9a373d8b,3,1791383499.3666544,1791383531.8915656,32.52491116523743,176,241970,confirmed,
777,0x8bC9c0ceF4fFf3970971823f9e02f774813303f6,node12,660ba3e09ded7a505b9a95c5381cb235eaf5ee5c0f97c90cadb186205e4d63f8,3,1791383499.36939,1791383507.91051,8.541120052337646,162,241970,confirmed,
778,0x5082FCec62ac182Bf4593e8441F38928f282195F,node13,c219cbee5e9b211dff470ec0bb93750c99d15869d5713a21230c689ddae4617f,3,1791383499.3715558,1791383507.8217535,8.450197696685791,163,241970,confirmed,
779,0xFB7596ab6b1dc9c4b55AD8aC9D361C926ccFf1D8,node14,aa89d1f15785ecc2e74a1e84a966a19d1b5223f1722175d45d84ff96ceb53584,3,1791383499.373684,1791383511.71092,12.337236166000366,164,241970,confirmed,
780,0x8B18d6E78E31A4a946d977B9d49d166673b3D0bb,node00,13f9bc073aada06c58eeb4025ad2dd313d518952f080f60f7ef96ab364b20a28,3,1791383499.3745615,1791383511.4600673,12.085505723953247,165,241970,confirmed,
781,0xCbfA187e1E2D0Bc4BD42bF3D3e2dFfcF49065E89,node01,664fd9f1dab6d1749e2c29e7019bde0a56f93c28cc6f01421c072aca5adad0ee,3,1791383499.3799987,1791383514.5607731,15.180774450302124,166,241970,confirmed,
782,0xc3b7BA8B5EC7E1792662b42aE31708BAEB718d80,node02,6139ff8c31045c72cd596eaa2f92301737bd5e838abd5fa6ec67f9df869c1067,3,1791383499.3812835,1791383514.7707977,15.389514207839966,167,241970,confirmed,
783,0xB7d28A937A37207cdbe39E01AcEe760242Dd70e9,node03,df1f0a90175b8875013e7784a6ebf8c124b11d518f33c8cce3aa24845a4cd753,3,1791383499.3831267,1791383517.2736034,17.8904767036438,168,241970,confirmed,
784,0x54Db6f2c042e278786F8a8b81fB963c58Ef15d04,node04,fb40214c6820f60955a6cbf49084354ab011b07923967fb4b522bc5588f962a3,3,1791383499.386049,1791383519.7513518,20.365302801132202,169,241970,confirmed,
785,0xb63C5343d3BFD2cAe356256946b7D0Be3d2bD36A,node05,459b9784853d2272f38cd1c97a57bfb9f9c1d2710c83b514375351b9b6ee1251,3,1791383499.3878741,1791383521.6535163,22.265642166137695,170,241970,confirmed,
786,0x7A0e448047E3D8522cA48D4849d9E9a343D7D942,node06,0735c214e3b706d899ea2046acea7901079c4634b07b9187b2b7ff505123b63e,3,1791383499.39077,1791383523.1906261,23.799856185913086,171,241970,confirmed,
787,0x2AfBa47483d6471c8017A3CdF3EBBBB175BE2A47,node07,6c78a7b07036aeb5f284e29b0da88e5f3e8cfda1fc961139f0a7795fd0e3c52a,3,1791383499.3928876,1791383524.5817149,25.18882727622986,172,241970,confirmed,
788,0x1A9Cac5c4184ABCD7c8C57CdbE9044E7c8616BFe,node08,943903182babb13b31150c25920ecb50b3cf87a6af8a47a3b8d096bac3754f3e,3,1791383499.3948977,1791383526.7434113,27.34851360321045,173,241970,confirmed,
789,0xDB9B05aBC68bee17c56707d7e8D6086FB93C9c77,node09,aaee1a844d9370da25c94f8eabfe9f04a520d118669664e4896b09a8c0322be6,3,1791383499.3999143,1791383528.7581484,29.358234167099,174,241970,confirmed,
790,0x0FC3D7E074ea828A254A43a2D32201b889Eddac4,node10,b3bc0c9b036d8d9357fe17062eac843589064340fc1cd1950b331eb980bd0188,3,1791383499.4019704,1791383531.1781976,31.776227235794067,175,241970,confirmed,
791,0x44B9D4b08F21466afF5dcBEA8aC5c2FB609f1218,node11,7d002ede07839394054fdbcd8f4a41cbf6cd09109d8e2706fddf340abd8415b9,3,1791383499.4056683,1791383531.9420602,32.53639197349548,176,241970,confirmed,
792,0x96D99f704Cb0863824e1b2f9E2C2d010aC4fe1F8,node12,aaf39bc36ff8bc8700b9091c071fbdc99be0020012e4a799abb8d9ac9ba41051,3,1791383499.4072075,1791383508.0831447,8.675937175750732,162,241970,confirmed,
793,0xC1f310bD006A6a8a4A1849B2eA7ADa2934643A04,node13,667abc5a88d468c62054a74b2557cb1bcc13ad636db3ff42809c6be585d17978,3,1791383499.4094994,1791383507.819599,8.410099506378174,163,241970,confirmed,
794,0x002437488f1A6a291671d5c2A775a666e5DB7862,node14,77362491c316d530bf65dc2f10243204703b0b96f3fd2afc855543f16a07de90,3,1791383499.4107354,1791383511.5749526,12.164217233657837,164,241970,confirmed,
795,0xDFC3C5AA1f5361Fd606359DE01Ef6211537B782E,node00,93b4b20d9ca5f11314044a3a80a778e1b53aba63d9432eb6ee5582c8f5e7ff34,3,1791383499.4126437,1791383511.639696,12.227052211761475,165,241970,confirmed,
796,0x1E15005629bEaAF48210eF09e0106666304e5667,node01,c0052acb40fb9c01fbf0a6194f2494fe5d2bd50226597be3b1f385fe15c3d09e,3,1791383499.4143305,1791383514.7848327,15.370502233505249,166,241970,confirmed,
797,0xfBC7c8D756352c6Bd9Ff61F11fcf356070b22be6,node02,fe0529f76cd7b905251b1e33eca65f3099f3fd1bbc267f26d1932892a5836f9b,3,1791383499.4182436,1791383514.4049816,14.986737966537476,167,241970,confirmed,
798,0x26ae7C4fbFDD44dE365D278956acbc972C574d53,node03,1756a9388255dcc348ebc777a6709c55c2fa5d347f58730d8d151765838d280c,3,1791383499.421971,1791383517.414589,17.99261784553528,168,241970,confirmed,
799,0xc7fD0ec27726192C6b3A342d24074A55F7f323e0,node04,3cdad63abe6616e12f17795d75da37b44f2678dc4cb76c1880f7e535fdf85d67,3,1791383499.424542,1791383519.6314294,20.2068874835968,169,241970,confirmed,
800,0x0C213Ca64ac136463da4eEF2bC7543beDadbaF06,node05,48b9435b6cea9deb58ed4fcd267b4ab2a38f6a503a6a64fbc534688ccea34646,3,1791383499.4278355,1791383521.7114975,22.28366208076477,170,241970,confirmed,
801,0x92e8a22b41426B2B251AB3716f9BDB060633B6B7,node06,f78a449b8b199db82a6dc30a0c8c0af428dd7cbddd748e775d2fa7823af1938e,3,1791383499.4299266,1791383523.181673,23.75174641609192,171,241970,confirmed,
802,0x09170CD640a6438C21e60D91a43a1634791A2F72,node07,558c238f0b8884ce8bd207a9ecea7b9a5d727f6c95e354f2698b15347a024ac6,3,1791383499.4325898,1791383524.5883234,25.155733585357666,172,241970,confirmed,
803,0x6E058212c9DE24bD0149094dE8BDEE4d267f02DC,node08,d7c9713bb1e24ff04872b7561d24d3ce772bb25dfdfc1533b7e18c84e5ebdb60,3,1791383499.4357316,1791383526.9104357,27.474704027175903,173,241970,confirmed,
804,0x268282b0c4411A60f0986D7a24EC2419d4Db060d,node09,b04c02c051be5711638d9efc2f80baf6fd0ed96c869383d6552a53ec0f548a20,3,1791383499.4397922,1791383528.5663345,29.126542329788208,174,241970,confirmed,
805,0x7c0a3AC783a212Ead8673019742BD11d436597cf,node10,1374b7e253e65f2d675d30cb85b39cbec7d2a5c3033c35acc8cd7943406d6245,3,1791383499.441683,1791383531.138438,31.696754932403564,175,241970,confirmed,
806,0x7796385e15A0E69Eb9393a925967Ee531A065AA5,node11,05577c56fe5cc8e649e15abb2df721f77c30238f317dc05dc85ec54512be9073,3,1791383499.4450805,1791383531.8973408,32.4522602558136,176,241970,confirmed,
807,0x226A656C3295E390c5D3e6f877209Fd421763585,node12,309b0639ed84c81e04e291fd2b885f83527204e54dfb18501487e8a8dcdadb04,3,1791383499.4470136,1791383507.987237,8.540223360061646,162,241970,confirmed,
808,0xE3a9c7529175420d1F3eA446e058059Dc94A2351,node13,60c59f84deb1d98bea2882b6fd11dac128fca01f9ad3b038a75c73aeaf55ee13,3,1791383499.4490814,1791383507.8307018,8.381620407104492,163,241970,confirmed,
809,0xF2975B6883320AE9e2D96F6508C34f3fa10709cF,node14,3de67d836c1732bddd89558ddcec5df00679f188327bb2b1822da171c77d5ee2,3,1791383499.4519253,1791383511.6176016,12.165676355361938,164,241970,confirmed,
810,0x77Bc7B1226889A4D6BD8A9B5c7Df1c2e24276715,node00,69340e95c54d8827717a02d55be72a9a7c9979ffcbd180966a0373a02554ce79,3,1791383499.4543364,1791383511.6672251,12.212888717651367,165,241970,confirmed,
811,0x64837F02C23588BAfA5FAc52e17e9c051DA28311,node01,231ade2827ab0db7b25ca0b53441dc38d2397a2b4a83201359d53e1762c2054a,3,1791383499.455946,1791383514.5468671,15.09092116355896,166,241970,confirmed,
812,0xDD65bcfE78029122BeC4E93dBFA0a142cA4AFC45,node02,6e5b1e503d987bdadda84092a9ad8c1b2ed98acfdbb71afad880d67bcafdbf5f,3,1791383499.458283,1791383514.4446998,14.986416816711426,167,241970,confirmed,
813,0xe9fb1dBA31BB370630f97B86CfA044Cea6C08E43,node03,57968e4fb69d6762a6460ad33621d4d643c3c81d160b22157cf97234d94dd34a,3,1791383499.4606857,1791383517.449452,17.988766193389893,168,241970,confirmed,
814,0x97D41AA21118C1a3095154Cd097bA8E9E93C7136,node04,010d94aaada954b93df73f85835a7a175434b6df121adb84eb31e90a58bb8fc9,3,1791383499.4632597,1791383519.6476722,20.184412479400635,169,241970,confirmed,
815,0x3F9fE09DdCbB348aF3015b2129C3947d02c3bdaA,node05,b19fb9c8a23cd39883e7fb5a225aed57c39cd03988ff987751a6d10b32894ea1,3,1791383499.468023,1791383521.656956,22.1889328956604,170,241970,confirmed,
816,0x6aD527bD33ff9E7286dC2f4Ad0b5A39F7A7ad9A3,node06,9a4e056a9efdce0f13e5733e3ebfed12bc250e88f7ae53fecba6c1dec37fa782,3,1791383499.4775505,1791383523.151417,23.673866510391235,171,241970,confirmed,
817,0x0B29e38A8EC412C873113e00e28729CeC4A34AA7,node07,a02f6d4076e280b3bc544202adccd28395bde40654ad03fc0408a7de78c1ed5f,3,1791383499.481439,1791383524.7398643,25.25842523574829,172,241970,confirmed,
818,0xB9a904F988b6Eb9b783EBaBae77203C5497A336E,node08,d55eef8485030bafedce87aba776a83954c9cb92718496be0a0541d0ec29268d,3,1791383499.4838324,1791383527.0398452,27.556012868881226,173,241970,confirmed,
819,0x7F99f5277BdACc4893Fe61B2d48022D519133269,node09,b5853ddb83035533778344d1d1ea92f7753dc04eebfbe86a65a96179b011cf55,3,1791383499.4856915,1791383528.7197266,29.2340350151062,174,241970,confirmed,
820,0xA0A3c3f9de5cA59dD20aCde8f80cfa91d78f3089,node10,1180d39492c21ca73ea8acf4add4fbb7dd485a565389cd90559aedf002d4db41,3,1791383499.4866407,1791383531.091933,31.605292320251465,175,241970,confirmed,
821,0xa8Ab270E2fcAe0D7EECC4489E27083c7DE6745Ce,node11,f80337f9f342e07311c5b52d351f0effde24d40d61b7009843052db699f37823,3,1791383499.4896312,1791383531.926428,32.43679690361023,176,241970,confirmed,
822,0xc1a8c90Eb6EBAcD6c1caF1bf54d5E6C126D0e75f,node12,927e69d9505af87e6d2f1eaa37e2b72fbed42d11b62f81b5231bd289e67fd573,3,1791383499.49254,1791383508.0089848,8.51644492149353,162,241970,confirmed,
823,0xe66861a35140949B9A967AcD97c090bBC8739543,node13,fcdfd0da3c738341ca9b2ba10f59420132dd61ab679e26731f560dfe9e799282,3,1791383499.4944384,1791383507.9280086,8.433570146560669,163,241970,confirmed,
824,0x4f640Dab17680a8CD41e25D0f91Ee97c64699720,node14,a7cc1caf8d9b4a1d09665a1dbf89643702e1535fb1bd7951a7fae52285e0ae98,3,1791383499.4958625,1791383511.7493908,12.253528356552124,164,241970,confirmed,
825,0x26E5E3a0E17310922e76aa795Ee8d0a7939e65F4,node00,3c9f733a65167dcc9dee3b21c2e4a6c1400eb2ad7d65fc2f5942aa402c196e1a,3,1791383499.4982898,1791383511.6321974,12.133907556533813,165,241970,confirmed,
826,0xafd4C8bc194142aDe2C7c75f28Cf244776a05970,node01,b7c9badd8d04923bd296ce611bf1a7df429860e9c51ac5ac23048a65584e1d29,3,1791383499.5008574,1791383514.8740299,15.373172521591187,166,241970,confirmed,
827,0xddc4176F1baf743931e1E7473E3823ac0adBa2cA,node02,a152942cd54dfc70a939d13e66808b83366411a8a8cd4fe3335378cf151752b5,3,1791383499.5037494,1791383514.5754044,15.071655035018921,167,241970,confirmed,
828,0x0834eF7c68183ef194857aBbBE6cEd5d8E6cFada,node03,851ed6efe86e07aa19ada57eb5f6322c06bacf3cf56447e83d3c3023af59a9de,3,1791383499.5058331,1791383517.3372462,17.83141303062439,168,241970,confirmed,
829,0x92C4Cd7064501F8Ef05e7401b1c4941c4885BeaB,node04,057a566cc816e1838bd4628b04501a12ad0a8b4f19dce19d6e945e3d8fe89e54,3,1791383499.508068,1791383519.7403862,20.23231816291809,169,241970,confirmed,
830,0x1510a43d337C4FF26FDB0069eD2420575B126D10,node05,bc6fb993fabae5922e4001ee2750a0f9e6d6f64afef94ae5f5530699809f94cf,3,1791383499.509223,1791383521.7454581,22.23623514175415,170,241970,confirmed,
831,0xb6397E8147e9d72B419C95253cbFE1f06Ede917c,node06,b9937b586b0855392bb43df6b62c07c37c2a7de1eec93724b112d2a52184a91e,3,1791383499.5117521,1791383523.2830443,23.771292209625244,171,241970,confirmed,
832,0x87A60425Da5c68d059F59c2d1609B2497bE81340,node07,0c3a1cca349a8892226ee92343b5d77d759a12247cb6900127bc7d0b38b5cc84,3,1791383499.51388,1791383524.544708,25.03082799911499,172,241970,confirmed,
833,0x801cD222e9cbd4A93F586b7bC0F8e1aAbE9EE898,node08,f4efdb54db4f41ae0f4c4b982557756d169d441a419fc9e8133bfb464ca504fb,3,1791383499.51887,1791383527.0048606,27.485990524291992,173,241970,confirmed,
834,0xCc395a1fABc2D5Eb76Eb652bc3A1d011921bf5E4,node09,59c0a9417bcdb0347b31b47a08195bc0878e7f24d4cf74d32a126da21e0f22e9,3,1791383499.5217237,1791383528.8520713,29.330347537994385,174,241970,confirmed,
835,0x4e9dDd9Cb96Cd70A3c96CBCbBc25Fe499548f24D,node10,b355dfac5f612c6b523349c14583c1642dc3022a32704fff9c5325bc656df294,3,1791383499.524083,1791383531.148129,31.624046087265015,175,241970,confirmed,
836,0x9eaE0Ff68593035b9494347e8FC77b02EeBD5B26,node11,78f4cdb25f2987c5fff47ae645e97ca21b79a90b09300757f0b9ee1dc2962d66,3,1791383499.5263736,1791383531.9110167,32.38464307785034,176,241970,confirmed,
837,0xF4279C179aA4a128900733a6C32AaBb74e0E992A,node12,284d3f88e39d1d1aa1c3e73c2bdcf60fb0582d95c4498ececf858ab068b9f246,3,1791383499.5284886,1791383507.9470646,8.418576002120972,162,241970,confirmed,
838,0x4B661aaD4478227F330D4359879901390D7d1e68,node13,ffe5bb693e670f43a55be7a5766c37cdc6c97889895f24a076ab8ce3dcbdb02e,3,1791383499.5310824,1791383508.2960265,8.764944076538086,163,241970,confirmed,
839,0x32d6bd602988235C7E7DAb25C65879eB17A111FB,node14,4329b80aaee17320644703d39b0b1179074e5c4cc550c83b8628d711c841e06b,3,1791383499.5333183,1791383511.6575193,12.12420105934143,164,241970,confirmed,
840,0xb36A77CC085Ec94ed6827cc5b39dE882Ff60E85D,node00,7cc94181ab03deaaaa7af70eafa2c872ff373596b49be61e4a46b93a3a26cf45,3,1791383499.5362337,1791383511.6912236,12.154989957809448,165,241970,confirmed,
841,0x7d47C2B1e74661AE5C031f95a6a8d3Dc2bE80093,node01,25796b541532a805fe58a84bcb067506c422921fefc6b4b24f2838abeaf99e83,3,1791383499.5381029,1791383514.4970934,14.958990573883057,166,241970,confirmed,
842,0x96AEc6dF5535beBd8124Ac4F1193e93821a67Ab2,node02,526aaa96eac16353e89c9bacc0d7f4536d3efda2bca2dc202bcc8b1717e7474b,3,1791383499.5409017,1791383514.4754353,14.934533596038818,167,241970,confirmed,
843,0xFE9B134Cb87A0CC9374C8b74513A506a43AEE825,node03,23aa0f19f9ace48d605feb83a9f557d463575076fa3406f1dfb40db73a20e49e,3,1791383499.5439394,1791383517.465978,17.922038555145264,168,241970,confirmed,
844,0x7930B531180F5CE8a61c2B2Aa9aAAAEeD1078FCF,node04,c9132c995008eefdb5e1d522d347a33c53ddb08d8ed4d60e1467bef894e402ed,3,1791383499.5470874,1791383519.673432,20.126344680786133,169,241970,confirmed,
845,0x086559CD22Dd50A5f709C31e15b9cE8E284a130E,node05,f592d80bcccc58f79ebd823a05447d2e56976f7fb71ac57510debe67be03dc12,3,1791383499.5481248,1791383521.745644,22.197519302368164,170,241970,confirmed,
846,0x6EA8Ab41c299f8c1e3339c1494Ca397bB9559C72,node06,5436549812b0413a925b1e7b21eb619137f62312fd731a33617c05934d32de9f,3,1791383499.550821,1791383523.3298247,23.779003620147705,171,241970,confirmed,
847,0x4F3a4C319C3Cb5dD54F162567EFf3784b9824D34,node07,3f81b4d7b53835ab5211a0aad0a8db737ad6d9cd7dd65ff67a7c488425dfa74a,3,1791383499.552888,1791383524.5932684,25.040380477905273,172,241970,confirmed,
848,0x49d4dd8AF1f9438F5F75E6A5B5EdcCeB7Dbf8d06,node08,a626bd5ee65b144291dc48e8758b24fc6184f91f243902aecba80099a528b4bc,3,1791383499.5553367,1791383527.0723863,27.517049551010132,173,241970,confirmed,
849,0xFA2B93ab06c5F903fcf929f6fbf057bbC1980107,node09,c824086b17c51c757851166817a50dbd3fa2c5ddfdbd0e67ea0a387957d1cb38,3,1791383499.5586684,1791383528.8420317,29.283363342285156,174,241970,confirmed,
850,0x2E372623488b9c064aFA4Fe6b2A3EeA7A45A4120,node10,73e12149f4e5932d7d39a5e4c93c009ab0120b6e9ee5d2fa8d80b6c807dd1f08,3,1791383499.559886,1791383531.0525901,31.492704153060913,175,241970,confirmed,
851,0x5b2baC6061E085D4FFC617f5Cb83879D0b9efCF1,node11,ea336c3a00ec9b103218203cea8ab85a98701e8af7a7e248c77c2d9d76cb1bc7,3,1791383499.5616012,1791383531.9556923,32.39409112930298,176,241970,confirmed,
852,0x78403B6563B8d983341e9923f1A5d20474e71f03,node12,e2657b02a71e00ae7da286ef37d2a3cce8190e790cdb5e8bcbbf72c09a5452fb,3,1791383499.5636475,1791383508.2586722,8.695024728775024,162,241970,confirmed,
853,0xaadC9F2CfB6f965db1A1891414DbC511Bb2ea8eb,node13,7145bd7511b4db398161c475db544e305bbfb9a55549ef941e3f6943cfd4d333,3,1791383499.5669827,1791383508.0024397,8.435456991195679,163,241970,confirmed,
854,0xd214B745Fa897c6A022E4d81FbD7ECd157c662dE,node14,7467dff522850f7cff07d996c82d34ae9889cc5cb4ef569497352cf99bc54298,3,1791383499.5692713,1791383511.6716914,12.102420091629028,164,241970,confirmed,
855,0x67218f851b2c5d177E22302E35863F0FF3910056,node00,5eb7b5a813256405918adb772b2c183bca4782ce34053892a8286edc6d1bb0ec,3,1791383499.573676,1791383511.7827046,12.209028482437134,165,241970,confirmed,
856,0x4D7f9a4aea479E45A291A59bc86206AFc22F832D,node01,e391c6874f50e971dc4cf968e364e3ca2eb8723fdc228c539169cc9995f8ba3e,3,1791383499.5781224,1791383514.8205225,15.242400169372559,166,241970,confirmed,
857,0xb111257b44E2a86cDd7267bfb5F6A82Bf7e4D071,node02,692e8292e83846f20c808f2bbd7f58cd0ce2faeacb9034aa51dfcddfb9b77e7c,3,1791383499.582445,1791383514.7464595,15.1640145778656,167,241970,confirmed,
858,0x32a417C62E43d69a486bCBC33fE5f2f60fF5b764,node03,76c4445b66a48d2c41ded8ba133243528f9e4c4ccef067ce16000ab52f3b5564,3,1791383499.5876975,1791383517.443567,17.85586953163147,168,241970,confirmed,
859,0xf98A3C73786100598ba8f6E82A7D2894E31468FA,node04,4ebda12f0de9a3408256a98451800d8b693e27ca7dc5a116880d139378e89828,3,1791383499.589777,1791383519.717088,20.12731099128723,169,241970,confirmed,
860,0x75dD5A87d57B92C5d7767F9609D7254E89ACBE93,node05,2a91e96206fd51dd788fbc2237aa6fe19dbcf5c950979c4b4c45d26748b93ac3,3,1791383499.591577,1791383521.6849563,22.093379259109497,170,241970,confirmed,
861,0xD624476A0C096DB9FC20e22ac673A3e4D97696f7,node06,4ffd98d0de73d60250abcd21b9dbf9235ab79836a0788527a5056aaa6111421b,3,1791383499.5937152,1791383523.4830406,23.889325380325317,171,241970,confirmed,
862,0x6296CC3862d61EE1823804de64606578E8A20C9C,node07,8d0c02d26a1c3dc8f5f716ebdbbc2e1cba769101a0368ad38eae6fdf1c592bcd,3,1791383499.597315,1791383524.78416,25.18684482574463,172,241970,confirmed,
863,0x52aa452DDAf05B577dDB6982fF52628D55a68F2A,node08,86aceb50a4cc179c063296648d0bd58886cf50d14f67ba2d0d87311193ad1e4e,3,1791383499.5989566,1791383527.1199949,27.5210382938385,173,241970,confirmed,
864,0xE012e7863C05Eb88E40D1C4Bb0264F0d96858e14,node09,f6b3ab1a2196ea6d4f78fccd08192d699576167ed263b9f5fd67efeb510e9f7c,3,1791383499.6004703,1791383528.7913399,29.190869569778442,174,241970,confirmed,
865,0x66eeA9CD09d240f4C7F43702BF3BB5853D6d6114,node10,922e6a6382a338a03db010fa594d7c7cb827ed932c51b1a658d24295927e8e14,3,1791383499.6039667,1791383531.1918654,31.58789873123169,175,241970,confirmed,
866,0x6DD16688B89fAE731FF706E4db8E54c9703e7210,node11,b40e23fea5241193757bb3c4ef71f0ba20e2fbd6bac4bdb81267dcbf754bd059,3,1791383499.60637,1791383531.9095926,32.30322265625,176,241970,confirmed,
867,0x5be6A7bfB8284e04f0d56236637F115b192FaD76,node12,8f79dacbb51fc237ab38347d42e0c72d581e142aa432eba8cd29d8468690d0c0,3,1791383499.6074243,1791383508.0806606,8.473236322402954,162,241970,confirmed,
868,0x6A2c3F598A8E649559a5BDD70d82207Cd2963D90,node13,72c9ed719b5eebdc863ede4a2055a79c93e6d90b53de7cd8f3b385bca87c06b8,3,1791383499.6097746,1791383508.2915382,8.681763648986816,163,241970,confirmed,
869,0xF399c7B0572C819d997F7A085312C673da1f2C3e,node14,31e59bd8dd11c4bbb58e3a776af7ce2370f8ca21dfd5c97d5283f8b24f875d9d,3,1791383499.6113305,1791383511.860259,12.248928546905518,164,241970,confirmed,
870,0x291a3137538c6b214698638AC7E8e4f68D0e073C,node00,928390f09c0b7464328aceac66c719178997db5f0fd04d20209146aa5c3826a1,3,1791383499.6126401,1791383511.9908676,12.378227472305298,165,241970,confirmed,
871,0x3540F9497dDF622B61fc333F7aC42408C1F475a3,node01,ee65a9339bb32046c3808d513ddb30625fa3aba145d188f8e07a2bd334705fa8,3,1791383499.6155972,1791383514.6771622,15.061564922332764,166,241970,confirmed,
872,0x0F6f205c5016B6f87ea1333781985d8faccFDa6a,node02,fb441b9afab0c43cc8ff896c0d9933d2f872d01dd5cc4677bed7fbdad61cfea8,3,1791383499.6188436,1791383515.157865,15.539021492004395,167,241970,confirmed,
873,0x8827B158968FA67CC89711838B2324E11c7Cc404,node03,a0f8171fa67d772ae961ca18841c7b7d78fc9932cfa3b5747eef98fb30ce114a,3,1791383499.6286922,1791383517.6060472,17.977355003356934,168,241970,confirmed,
874,0x1eb4E0b24eF94A07432477F05fa6C799d2F4cDc7,node04,8bd478100636958331363f2af1c058cab29d66014a9bf099b0cea47092f5cf57,3,1791383499.6333647,1791383519.8395424,20.206177711486816,169,241970,confirmed,
875,0x4e381574e309D7f6C395109Fd97da8eedAd6420C,node05,86734e5db8246588995ef0c3b8f9137d18b48441a8a1710eac32d9e6d0f99e76,3,1791383499.6376936,1791383521.6284316,21.990737915039062,170,241970,confirmed,
876,0x8827002617198a6eaB71D5f6b56F7b9A129FF02F,node06,6af884ec90886ca128245009bc34b147d0521f7c17480eb5a6c3aa16968a68a7,3,1791383499.6416197,1791383523.318269,23.67664933204651,171,241970,confirmed,
877,0x6354d63Beb91E2F8c18830C0f25C7BAbA5B412f8,node07,0f67e6938c3c6c338d683fa8c19e7c8d5a23d82d979ef5870cece696ac751114,3,1791383499.6432884,1791383524.7783127,25.135024309158325,172,241970,confirmed,
878,0x6753e83CBBda742334041A2C5f49Ca24B4fff077,node08,6b2c207645e5c0c71f3f9029048ea31dc08bf473952039f520df53daeeab185c,3,1791383499.645171,1791383527.0951648,27.44999384880066,173,241970,confirmed,
879,0xe21c95FdEB9D11C2A8aa2f217372176EAc8ED9d5,node09,f999a5404be1b5e5c37f3e8dc747e3b8746d610b45e5dc440b40189de41b1f36,3,1791383499.6465287,1791383528.6543736,29.007844924926758,174,241970,confirmed,
880,0x2fed8381E6C49DDa185fD7e658D801b422B05c5d,node10,8fab22a9baf5f05e56b277efc58882b4ac3236cfd07570ac78194bbe0eb7d01f,3,1791383499.6479433,1791383531.1428745,31.4949312210083,175,241970,confirmed,
881,0x61cE8C0254d25197934Cdfe1fEf6D02144eE877d,node11,d929b62a7fa8b10dddab1c84b7745f8dfe21d03ffb9bbef0f282441cbabb5b55,3,1791383499.654567,1791383531.932873,32.278306007385254,176,241970,confirmed,
882,0x0De4704Fdc1C032c7644f87EC87f047Ac23a8A1F,node12,b6c552baec46ad0144fa32daa8ba7905344c9f4a711fc46b53511d47b602d01f,3,1791383499.6590953,1791383508.1615741,8.502478837966919,162,241970,confirmed,
883,0x06339377b32dceee466467bD04795A12732a61a1,node13,8aa7a8da31d17cea1f6e093c829ddc4f0b19010abef6de92e90d40821f4573a7,3,1791383499.6659842,1791383508.2022636,8.536279439926147,163,241970,confirmed,
884,0x2718961bcEE31A450C61B080BFE775da971a794b,node14,e54c174195a34f1f7844a6a7fd487c93a5f74156755365a64cddaf922904d20e,3,1791383499.6690595,1791383511.7092133,12.040153741836548,164,241970,confirmed,
885,0x20Abde28F56edCC7cc18C7535076783199428A07,node00,555fbb26ff66fc8e4b39efada5784936b87b4af494e84efb166043322f7cc799,3,1791383499.6716313,1791383511.684898,12.013266563415527,165,241970,confirmed,
886,0xd0fC12193b7AeC5eb4ffa41e45aDf1f6E10572DE,node01,54c32a88d70de668289bf973f93a4d9a1e95f7892c1a79f71b16bdea1b0a03dd,3,1791383499.675185,1791383514.7104821,15.035297155380249,166,241970,confirmed,
887,0xEb7D0d918f5BCb25C82b7dBf4E60df200e554710,node02,ec201eb4ec11cb1e6d1aacd2f5f5911d43e9c0208476144ef5ba7a7bfc8ede86,3,1791383499.6798666,1791383514.6898978,15.01003122329712,167,241970,confirmed,
888,0xf1067512C3Ce47321Bee81D86420d5e35Fa58278,node03,5ffbb90859e5f9ca60e3a271dee4b1e64d2ea5c2db676717a75fc17c11059148,3,1791383499.6840253,1791383517.5755005,17.891475200653076,168,241970,confirmed,
889,0x7e658835620d74dAe35F638b7e4dDB799D3442Fa,node04,0f2df9bfb3b698eb87f595d885986ccc54d4d4782c5564a80501e3b3c05ac14f,3,1791383499.6864343,1791383519.788225,20.1017906665802,169,241970,confirmed,
890,0x5FaE215b4243E7A2c2f24A5e6B801C506c14eE11,node05,27b1b96b48215d01c3c3a1c1579d9f4a01fb3a8830b1846177b5d0b3d5962e90,3,1791383499.6890824,1791383521.6942737,22.005191326141357,170,241970,confirmed,
891,0x8D33e2572DC271550ABa3F74e4c9CcA9a71d94d5,node06,c288aed0fd31f8095cd2afbe1f029ce88b02f1aa91b687417751234c3688bff9,3,1791383499.6909037,1791383523.429184,23.738280296325684,171,241970,confirmed,
892,0x49A84ce2E7e1C2aD8E13695A592A4E3e3b45c161,node07,2556f25ec7e2cf27af7caa0fbcb235245c6014c147a8e270f55f41502be97e1e,3,1791383499.691689,1791383524.7319899,25.040300846099854,172,241970,confirmed,
893,0x7bd1ce8025cCed84e8bBbC99eDF613Ef03af406a,node08,6340cc4a52d55744884272b7bf25634ecc8e23f8feb1ccc7e4f06990a6a5fdd0,3,1791383499.694575,1791383527.001993,27.30741786956787,173,241970,confirmed,
894,0xCb987452854c8057632F179A891cC8D0156b6D30,node09,25a5d36fa471e0998e1a24f2f1ef2b6bb79e30f17e8116471b1df9fe8278c319,3,1791383499.703893,1791383528.6200051,28.916112184524536,174,241970,confirmed,
895,0x334a7cCC5552EE3a832aB6e62E0AB86c0AC5aD9B,node10,46ddd46c2e347d3f0db5b0dc2b93a1ad71e87bf4445bf732576f09ee70bb2761,3,1791383499.7078748,1791383531.174486,31.46661114692688,175,241970,confirmed,
896,0x1A9cBf129adf1eFb7fF0010E026285864d0F32b5,node11,a58054cc51877799d83ade4b1ceaa333224ff83efef595711f28f9ec2f3234b3,3,1791383499.7109697,1791383531.9719217,32.26095199584961,176,241970,confirmed,
897,0x23863F2f036d2fCBEC3671692099a5157Ccc9974,node12,6d39d7b7e12c2c1ca45c0ec7cc5ad37d0c5e7b7f42e300045c81788e2d09b983,3,1791383499.713205,1791383508.1660728,8.45286774635315,162,241970,confirmed,
898,0x3286B3C64a2b86334e82F652db9FdC645ce2783D,node13,238695892b2bd8e76d8d249cd42823a24983824c48112662c86185d8a01a0775,3,1791383499.7141879,1791383508.2881732,8.57398533821106,163,241970,confirmed,
899,0xbB9A462c69c2b6FD40E623Fa4eEFF3F1ae44c24E,node14,f5e7e59aaf77c2311bf40bffca32d1f510caf0d61e105f44594eb3147318a3c8,3,1791383499.7178535,1791383511.7347353,12.016881704330444,164,241970,confirmed,
900,0xC4F5fF48A28497bbC49B54724aF1bCe06BE0d404,node00,992b036ce328978a455271ba488fe2447522dd9423a5a0ae973b334984c05fe3,3,1791383499.7207978,1791383511.9634898,12.242691993713379,165,241970,confirmed,
901,0x28b94bd2C826Ab9c088EC527C1076240489BF3b1,node01,4dbd8a30aabb3948a22196b35d46f8f239a2893c9149c778188e8f1dd1cb3393,3,1791383499.7229865,1791383515.1346507,15.411664247512817,166,241970,confirmed,
902,0x3cE7f74b47cFbDAB8caa1a90090a11cf42e72685,node02,09b671992f8315e68b7efe777bbcfb97e2d8001f5af47a1d91ee24a3c9ba5837,3,1791383499.7279575,1791383514.7516973,15.0237398147583,167,241970,confirmed,
903,0x9225db032D82e0fd1e30A6Aa063DB9A685C114ec,node03,269021b152370d49c1415fe75a8fcc48d40c2523d09e7372f5e1863861801420,3,1791383499.7300546,1791383517.7258582,17.995803594589233,168,241970,confirmed,
904,0x93dd929A1119ec539AF61EE66585f345cC4595Ff,node04,ca67502f82017951b5bc5cc05faf477206642884352bbd8d63ce145a952ad5bf,3,1791383499.7317042,1791383519.750261,20.018556833267212,169,241970,confirmed,
905,0x770F0Fb876e7Ba540A5Bf1a44f7dfF858C259110,node05,1e4c97fde7100060dff1feb943281f28d7dae5ca2fbb11312f61d6bdf06c9e21,3,1791383499.7338204,1791383521.699028,21.96520757675171,170,241970,confirmed,
906,0x4e1573901846C4738b7E4B0E1FDb1e304Edd6Ee4,node06,fcc213d47299dbbb0c82b60c7e8bf9caa678c2abfee4cea538c10b65f0fb8414,3,1791383499.736806,1791383523.3640842,23.627278327941895,171,241970,confirmed,
907,0xb38C0a609CbD80a5321b85bD672e85A57258B57a,node07,54f1a79249d967e50d242b37f57e6c2451261407482be610ab8ba041915e24b4,3,1791383499.7381697,1791383524.649581,24.91141128540039,172,241970,confirmed,
908,0xAfAfE5f5707c188C9B3a84c92c3D38a9083ce7D1,node08,8041fb1e02df0bc6908a59aef7728f9aed8b413dc28a0c56e07224a1e8f29f85,3,1791383499.743217,1791383527.141757,27.398540019989014,173,241970,confirmed,
909,0x8fab657b58f94d39a9F407608a31Bcf89b168437,node09,533c03d7da29ef0165ffb820bf518a67078286820aa0d897dc84225e2fef7ffd,3,1791383499.7459652,1791383528.7983077,29.052342414855957,174,241970,confirmed,
910,0xC512C8264611BC257ab3210Da70CCe1d100838D1,node10,0efdbf7cebac012b6ced5353cf7610f61195d04846d14a7e5303c205f11e204d,3,1791383499.749386,1791383531.1911178,31.441731691360474,175,241970,confirmed,
911,0x81e678D67Ad08e5abef7046912dbF890aac85d14,node11,6ab78d47246b9543c2a4c125305d8234a0ee6336fe2680b04518388fa5ab647c,3,1791383499.750242,1791383531.9301388,32.17989683151245,176,241970,confirmed,
912,0x9bEA8919D9f8ff311A31d7b684620585E90c3245,node12,ed18bb24660e907ff892ab2abe3b1e7bb99980918ae2d85ee0383f7e0c8da5f7,3,1791383499.7974918,1791383508.1531186,8.355626821517944,162,241970,confirmed,
913,0x6C814A10ea51C001EC6CcF2EBB40b623418A66c5,node13,72201a1d457f5601d5412f9ffc3e8527864eec5ed2356b3a709c807b776d4379,3,1791383499.799415,1791383508.478841,8.679425954818726,163,241970,confirmed,
914,0x4D074aE9A6B5BAD5D3AF7BFc92f9FB3a1A4c3827,node14,56222ea2ac3ad1e318a3c42508892187338018f9095f79d75f98d6bf42a3268d,3,1791383499.801974,1791383511.7726393,11.970665216445923,164,241970,confirmed,
915,0xAB90F4Ed5F4e7672773cC6D2e28be8272152AeF9,node00,1cda6f7be77ae9862aadf0ad505c207e474ffb0443adc01a4cde8b7b6eab3347,3,1791383499.8040562,1791383511.8276734,12.023617267608643,165,241970,confirmed,
916,0x59e0125b6381340dA06fCD34068C9a8B9599A61a,node01,835400955ebe6b63d7e52ce0dfd17327c6dd6de9b5580b34b81b2caa9c864763,3,1791383499.8065336,1791383515.1407015,15.334167957305908,166,241970,confirmed,
917,0xEb2f9301817B2144c86a54E108099cCAc24c7f50,node02,5f080181823631b97b1f10b7886b526fc566e70e4cb004109fc4df95aa35e351,3,1791383499.8110416,1791383515.155355,15.344313383102417,167,241970,confirmed,
918,0x3de1B2f19f4e39A85d00a882D288F8C51E357E75,node03,0d319de4bb541ce80ea87abcbaedc57fe2458b253ccb85c520b8537d869b193e,3,1791383499.8129413,1791383517.6143515,17.80141019821167,168,241970,confirmed,
919,0xa321134163c2Ae591E1Ba09f6b041F3Faeb56C9D,node04,2ac92fd48a92f7bb1639c137c9c166c944dd5d0cdea5c4cab6558904d98985c3,3,1791383499.8168519,1791383519.8104932,19.99364137649536,169,241970,confirmed,
920,0xD1a5F9b8cDC0Cc9137654bcAac18984b7F01aBFD,node05,c50211698f9e8f7bbd585104f7e57789929197608cca4b4b2316ddcb018d2a19,3,1791383499.8196602,1791383521.768024,21.948363780975342,170,241970,confirmed,
921,0x1ad44fF3A5AfB2D205997C4138F0fC6E28B32356,node06,0b82218cf49511506c066e6dd0c62b5f3942a492f1f0b558d8d9d923f18dac3a,3,1791383499.8213673,1791383523.4945436,23.673176288604736,171,241970,confirmed,
922,0x5F80FD0a96E7D929ee15eb0aF06836dD61367371,node07,1728e919b4363fd0e444544d00782d5919171b57f9fc5d87032f52212d54dfa1,3,1791383499.8237896,1791383524.7813156,24.957525968551636,172,241970,confirmed,
923,0xf696ed784eDC88Ee9FF15E38b7fC68c2eD48f006,node08,82b5e1623c898838b002f108cbe3688fa26c2c54ff1e72e59c396ca79edd3825,3,1791383499.8260076,1791383527.1212542,27.295246601104736,173,241970,confirmed,
924,0x3F8F4707FC75e9784fC0489e473197850c8938E1,node09,360026646fef1e3fdd5748ad046a10bc386eb91bad2d44b3889360d5df0ff5a3,3,1791383499.8282022,1791383528.8430948,29.014892578125,174,241970,confirmed,
925,0x64B889B4b38da79Fae6b0D18989f91A7DC1C2E2e,node10,84a245ed2ae0a64f065c3ef5ed88036bc9aa73e380a400fecf0872278aad9735,3,1791383499.8359928,1791383531.1841383,31.348145484924316,175,241970,confirmed,
926,0xb0B8dF7d60B9952075117a67b0D8ff22703D5E33,node11,a4346f87aacffcdadefb4fff99929ca34b0fad2a5ccc5b69bc125e364c95c099,3,1791383499.8390136,1791383531.9155097,32.07649612426758,176,241970,confirmed,
927,0x60b2174f50391667a689Ed0559088FD5a7ECc1c3,node12,1eec7ee48eb66ec9ac4395773977afc83f8020c5bb8bd749e69c216da669f4ad,3,1791383499.8440456,1791383508.4365456,8.59249997138977,162,241970,confirmed,
928,0x7aC07B49A7659404A6E5D7B93fdA00b0Cbb2273D,node13,1e03ac79a7200952a519e8a0e0f91315cbd1f96de2de0d12e784daefb24a491a,3,1791383499.845624,1791383508.3551855,8.509561538696289,163,241970,confirmed,
929,0x99864a04Fd047674dCd69f77Fed7a44E7cc6e595,node14,68626c81811c1e076fac2f823ed33d204573cabcaf351a65eca8f65980b78679,3,1791383499.8476005,1791383512.0639656,12.216365098953247,164,241970,confirmed,
930,0xaD6209ddE99156f2439b108690F2f18cf04eEd23,node00,a3d5968b19aba0af4c1c074e521cbf754c06459e8db7f05e87e1341f96837380,3,1791383499.850388,1791383512.1002269,12.249838829040527,165,241970,confirmed,
931,0xC264C108C395830A64d3eD38e707b4CDD23de6f5,node01,0a9feb71c9781020bcf94bb3e62cc8949c360a2fa1df10c488965cf0a8012863,3,1791383499.853049,1791383514.9283319,15.07528281211853,166,241970,confirmed,
932,0xF59B62c8f9C5a939f8b04D6E6ec4243d45a3Aa70,node02,2fd7d79b4661ce4306bdcff9e48e1e98f648ccd97c88fba6a20e70d2694bd7dd,3,1791383499.8595362,1791383514.9642606,15.104724407196045,167,241970,confirmed,
933,0x0D3606f49638aEbe1D959f18DB8d8C17E01F6ACa,node03,fbf0d2c57a7614ed95c4013f8db7d9e16cbad7b348b7301cdaf556812e35b5a7,3,1791383499.865318,1791383517.7388132,17.87349510192871,168,241970,confirmed,
934,0x09129DE99be7D37399eA3C6e2Ca68F254C23764a,node04,00ee037d90d74f117e83db97f0397044bad4c08801b84f3217cd673abd0a558f,3,1791383499.867705,1791383519.7797933,19.91208815574646,169,241970,confirmed,
935,0xdaeAb7455a84316baBD78e6eB651EC5D2814CDC6,node05,302f7c93a4d5651f17a11d864edecd3257958429795e33eafb3d188ad0c7b71c,3,1791383499.8691394,1791383521.7510648,21.881925344467163,170,241970,confirmed,
936,0x74A62CB595989697061d135761C8a47483BF746c,node06,64018dcfa67a5974d48d8f58e39bc6a27d796f231047c07f9650a1654eb4bbab,3,1791383499.8719392,1791383523.4772,23.605260848999023,171,241970,confirmed,
937,0x1BC26139b5bC273eBFCf31c8727e5BC9e8438ff6,node07,7f36b523ba58a11f56461b7f561ef268c4a3c1e6c0b41cf2b61a7eac6df90549,3,1791383499.8727539,1791383524.659057,24.78630304336548,172,241970,confirmed,
938,0xf41c9550142e28a2AE80c3DEe609199800950BD3,node08,fbbca70dd94d018c8ccfb1d6c61271074719ecc7ef8c8470c100e7255ac971e9,3,1791383499.8762147,1791383527.1177475,27.241532802581787,173,241970,confirmed,
939,0x0fA0Bbb1F95F23956B3704E545080657802d09dE,node09,cae0a13de87c0ec310cd42cc3e55cb71187b5e20229d85fb41633c0cdf9d0e2c,3,1791383499.8806949,1791383528.7704072,28.8897123336792,174,241970,confirmed,
940,0xf14DcF91Ad2f153406df7c477BcC72a33F5B25E1,node10,48613ee4a6e10e6429fd812b09aa018dd09dfd9cdd114431d8ce37c5aefe586a,3,1791383499.8827522,1791383531.0997708,31.217018604278564,175,241970,confirmed,
941,0x3357735bC5901C2Db332BE5c6f1d1EddF8A2c48e,node11,a04113dc9151d8c1ed375969aa4999200565a8faa7b957df224ca3dbde0c0217,3,1791383499.8844295,1791383531.9490175,32.06458806991577,176,241970,confirmed,
942,0xb4E9A4731245Cd0Ae9a0D57737C7B17632bE5c24,node12,ed09fc038f7404d85a3b2e855c4125c8a3c4cb4a91d6034cd5396faacaeeaec3,3,1791383499.886988,1791383508.3925042,8.505516290664673,162,241970,confirmed,
943,0x76c5DCE6ea8ADc8F7d68467857A410d7fDEfaEe6,node13,2777ef876e55ae9686389eef790da02e37e1c59e449f984ffaaa13e795443b4c,3,1791383499.8907313,1791383508.4573545,8.566623210906982,163,241970,confirmed,
944,0xba727A9E7075d474406D51033f7a0F422788638C,node14,f96052702e85d046c9840f8ff684e1e568e0ab06925be8c691b3e37a0c2c64d9,3,1791383499.8937426,1791383512.000753,12.10701036453247,164,241970,confirmed,
945,0xAC51a110737B10fa5C2e49BD3DDA2c97e81A5432,node00,8c1f6fb3bdbd07cf824f980460742c7fbf02e3456bf40a9ed8ce862a25c1befa,3,1791383499.8975966,1791383511.8159933,11.918396711349487,165,241970,confirmed,
946,0xa44Bf3a7482D3CAd13Beec3F982f47b0BF9cF2F7,node01,d79de19081eb48bb14918bdf2f77a8bfe19070ebe6ca2096bc1d0285f1ae77e9,3,1791383499.9002328,1791383514.8705528,14.970319986343384,166,241970,confirmed,
947,0xBc565B203a11ECd2073b8D426775A5B321D42f18,node02,23f09a1762c80a513489ce4e348932025b227c6cf895d426840f70e6e3849d84,3,1791383499.90094,1791383514.984528,15.083588123321533,167,241970,confirmed,
948,0xC1142ee681b22bF980C20afC099f0b0680B3eDA7,node03,51a256b0d0d220f41b41565f39a3b207f7a0fb12b80bb1595a84a5a6e5e5c654,3,1791383499.9030638,1791383517.7383642,17.83530044555664,168,241970,confirmed,
949,0x11C782c1C616AdE6a2D2d694f6316BD663968367,node04,74edc92d317945513dfcf1f38aead61d4381d6ac2d10358dea92d74e6e9d476e,3,1791383499.9076362,1791383519.9118884,20.004252195358276,169,241970,confirmed,
950,0x9b40cC617C06fffAF50A4AcA832CF02e675a7f10,node05,49fa34e78ed83a33aa8162259443cb287a7e9834f486bac1fe51da030abc459d,3,1791383499.9159632,1791383521.7442946,21.828331470489502,170,241970,confirmed,
951,0x1504AbA91322b2646A88954d020B1c05154E7928,node06,0d5b712a8390da268f490de776665ea1e38ba6f3af8f1d1e5c6b4371a852d72f,3,1791383499.9182694,1791383523.4970791,23.57880973815918,171,241970,confirmed,
952,0x24130a6e7ecF1DdFda55BAE64F735Cd7C5168404,node07,477b560fddd0203d8b7509b78964219125e0c7b447a80663d22d4b16b3c4f80d,3,1791383499.920075,1791383524.7511683,24.831093311309814,172,241970,confirmed,
953,0xdF27D97F95B3dFA22731496f603975D2a438Ba87,node08,80d40800008e49e6a81635f879a0fdf0aa6d3e73e18311f6eb9fa43271c9b520,3,1791383499.9216912,1791383527.0946536,27.172962427139282,173,241970,confirmed,
954,0xBc229795A45f4b2ca1622cCA744a5059337aC9A3,node09,76abeee2f352906352cc4222fa1164218ad0cb75eab36428be11d78ef46d35bf,3,1791383499.924931,1791383528.8145428,28.88961172103882,174,241970,confirmed,
955,0x284E0CD97B2118356b5Ae433142657172011928A,node10,7892a0b3d4cec9c94450fed6da2d2f0347bd19a51a2a1b3b3025d955ce0ceb00,3,1791383499.9292648,1791383531.1397448,31.210479974746704,175,241970,confirmed,
956,0x814a6b114E127111716197F9c7927e7C1Dc250Bc,node11,1712d7f417ec18878a004ca97578ca3caa07f4f5997eed1f8ee0bd1e263b0b02,3,1791383499.9318717,1791383531.9587333,32.02686166763306,176,241970,confirmed,
957,0x162BAd48c2BdcF1c4762F2318A24F29641Cb563B,node12,d07c6445cfab1a7b9f084b79cf68ed3a215c53a93ba91b84649cbb5839bd6a6a,3,1791383499.9348793,1791383508.351473,8.416593790054321,162,241970,confirmed,
958,0x1EAc223F7d0Dd25d00253fb639E8b0b32f257a59,node13,8b44def98b8e54a378c3a224c4dd6372601fa8c8c6461e5bb530efd0cc075f4b,3,1791383499.9369445,1791383508.421351,8.484406471252441,163,241970,confirmed,
959,0xb5eB4E8b2Bc3276FB626Db358c5e3526C1173C73,node14,f2a652cfa2dadd84e3f1c1e5683beefcd6649f7275c0807fc3047c4c8741932e,3,1791383499.9388516,1791383512.0085428,12.069691181182861,164,241970,confirmed,
960,0x804a8c69F3F82fBf54b2739124EE22845B57A58B,node00,45cd4cb3057dd42ad65234eca94902d0114465fa7aa814834482dec3a1269cc3,3,1791383499.9412606,1791383511.922055,11.980794429779053,165,241970,confirmed,
961,0xA44E58857C746b1409b083E901517c419123d245,node01,7d932fa9d1d9098cae017b6da5d525fb9eb5953d241dbfe3f80bbcd169b96f21,3,1791383499.9446049,1791383514.9422634,14.997658491134644,166,241970,confirmed,
962,0x606E6A2C6778025C686D4BBa6334e92ed9D67ea6,node02,06929688bf0c27537297214a0346f5fc1a2216a86a15f3ea1271168bccb1ddab,3,1791383499.946306,1791383515.0847456,15.138439655303955,167,241970,confirmed,
963,0x4Ae318104b064A4f37fba142e0a64774522720cC,node03,9b8b7fa8c51d3e197547841b58832c06270683e838e597817371a2b8c1f5853a,3,1791383499.948808,1791383517.7408664,17.79205846786499,168,241970,confirmed,
964,0xFfE330b19Ac100130aC7D5b41E5bF617548f27De,node04,85f97c635a00c3251420589c8d10ef48e91e89f28906a97fb039743aa7fac388,3,1791383499.951606,1791383519.90304,19.951433897018433,169,241970,confirmed,
965,0xAaD1D5C29FF6165444b47474DC033f61e6a37709,node05,651bd20e222f8bc741a3d306bca576cd0a6cc916b0d9ea58a75d231723cf02ba,3,1791383499.953104,1791383521.740871,21.787766933441162,170,241970,confirmed,
966,0xc837d6CBdCb9FA4C2Eff4f6e2658E2e44E21198B,node06,b36b5ef3fc19d67cbd7ff470d6ec408048d85264c1bafa37e33bb3c466c3d7b3,3,1791383499.9546275,1791383523.457588,23.502960443496704,171,241970,confirmed,
967,0x4C95b73e84eB0879BDb872f039c5280D4EBa83E8,node07,9d7f95e143f2f84aa84cd860d918d8be2d47a1d237451415a0dc74dbc65cdcf7,3,1791383499.9568005,1791383524.767597,24.81079649925232,172,241970,confirmed,
968,0xdB4f915881c9f56CE54e54DEc0D97AB233D345F5,node08,ad419467fe84ef4eac2d7146e3ab7f1e0034a5d525cf8405a825feb1c3ca5af2,3,1791383499.9580762,1791383527.0787191,27.12064290046692,173,241970,confirmed,
969,0xcdE81b8bB7FC51503D7606B74D6b056E1A7120Fd,node09,77f4524a7fd776089c9af061518f7546a605a81dd041e370fe16bc25fd9ddbab,3,1791383499.9591098,1791383528.8494077,28.890297889709473,174,241970,confirmed,
970,0x984D911B526Bbad1bFfA0fd79C5B1bb0E1340660,node10,84822868b0c8f59dbc93c1805da75399e5292dbadb42e5e9717768050b9f8d9f,3,1791383499.9615948,1791383531.1520448,31.190449953079224,175,241970,confirmed,
971,0x145d70FBa19717bd9b1894803969870966B88f0A,node11,74f9403291f5d482f5f3ce8d1d32df24e9e3caf28f53b67b1204e91485100f1a,3,1791383499.9634492,1791383531.9657502,32.00230097770691,176,241970,confirmed,
972,0xAC894FBb9eF6D1a008CBC9A6100D21D5ead6C5C3,node12,ebaa0447f547a7cc92113a78c00b86bf3a9ec781151e6d5a1c8b7cf01a88be86,3,1791383499.9677098,1791383508.399298,8.431588172912598,162,241970,confirmed,
973,0xD953C801Dd09C1FB8ab367155D27eBE65f260A53,node13,1d1f3fd6498b692ffe2ca9f190e0f5456d8056986899c802ff2ff90a8820f4e5,3,1791383499.969502,1791383508.4753995,8.505897521972656,163,241970,confirmed,
974,0x83064Ef0d44C414Edc151b5ccb9e304ba9C983bC,node14,56898605c8807f0c88e41f17a842058644df08a3e9e65126c5d90943792f7645,3,1791383499.972915,1791383511.8763082,11.903393268585205,164,241970,confirmed,
975,0x479CDf83e462b3Fa3125bd1cE80851AD81Ab2E9f,node00,ecbada6238a830682c97001a2abaf0e1eb8b32ef13ad6dd3bb73cfac9f150a18,3,1791383499.9743648,1791383512.0327382,12.05837345123291,165,241970,confirmed,
976,0x8e6E6A8C482c1Fb48A287Cb771786B9C9cE23faf,node01,e92d731a0a30825f9eab132b422c75c46dc80dfb493910cd60dd9db867fa8154,3,1791383499.9769998,1791383515.0720851,15.095085382461548,166,241970,confirmed,
977,0x84D1A1152894fa647f3990250B4D6625F5a78406,node02,27fed293c5339aa3d15e12f69c081f7497946cebdab4ab0297ef0dd9902d9a54,3,1791383499.979821,1791383515.0684118,15.088590860366821,167,241970,confirmed,
978,0xCc6713226fc51968e4497438Bd7FFf9de0773faA,node03,74ecc387fede7a3a27cd98c37959e41039a4725601a7f96a3c0fa021c1a56824,3,1791383499.9842212,1791383517.7216632,17.737442016601562,168,241970,confirmed,
979,0xb71a0f2d352D5d9476654D8329863dC28AD38876,node04,9d489575c22c1966bc6f2226acc8c9ee4eeceed0f9da4cbe99f3eb20db7fba0f,3,1791383499.9860427,1791383519.9153028,19.92926001548767,169,241970,confirmed,
980,0xD7c56E11b9E3f6F34e57E972db74C32A4ba51094,node05,06a4c4a50a446386ae8c747b3186e6fe456ab150650922094af196136bb5c38d,3,1791383499.9906063,1791383521.7612004,21.770594120025635,170,241970,confirmed,
981,0x575B9B1E2aaf61fe272532a1ac790CaC7b8e759f,node06,50fa8ab25fbc8db037166a4392b28c65b8d0107cb202ab6c031329d81f9c2bc8,3,1791383499.992194,1791383523.4637003,23.471506357192993,171,241970,confirmed,
982,0x7CE0bfc071d7A435Ff173DA12f73A1313E49Dc4A,node07,066cdc4570774b130536fdd3d09d92b1b4ce514606f6890b91ba8515a3fd9f69,3,1791383499.9962273,1791383524.800661,24.804433822631836,172,241970,confirmed,
983,0x6C7Ad7416eBF0509D721dE20aff213AC8A0AbA83,node08,f16714e2e0fce096fa8dbca0c0feec00f6f046d28ff5013f3a288880046011b9,3,1791383499.9969378,1791383527.1535454,27.156607627868652,173,241970,confirmed,
984,0x2285606A3EB8Aaf7c81D319107f15A7aa4006d90,node09,944b7d739dbb26a283d8834c573f4328b843f2ae5f74a73739294084f5374630,3,1791383499.9988973,1791383528.855269,28.856371641159058,174,241970,confirmed,
985,0x2D050f8EE482E66572429EC08d8Ac45b3e191e89,node10,b73218b0d90067bb7d1787095cfb0838a50a14fb2606b47d55df11a79027cf05,3,1791383500.0011344,1791383531.1272285,31.126094102859497,175,241970,confirmed,
986,0x70A586ac2B3c42F8144c0A56b5E6612D90852524,node11,066e7b368afdccf3103242a92a5786c5323cbb9213e351e6b99a357b75a8f281,3,1791383500.0019124,1791383531.9713678,31.96945548057556,176,241970,confirmed,
987,0x544AaE1755Dc3C0AE3a5ebb55c59551358661ed1,node12,a74c4c6ed9adc3c8707c45c3cfca9871094e2a2ad20b80f9a56e3bf41c7946b2,3,1791383500.0041409,1791383508.476755,8.472614049911499,162,241970,confirmed,
988,0xA89d56EB20A6e26f910884De4938b1C882277a47,node13,68d9c73a183e061cad4b9dc612cc450fba4294cfea58296e3974933b92c9fbde,3,1791383500.0049443,1791383508.4818554,8.476911067962646,163,241970,confirmed,
989,0xE5c73E2c7Ef3f543CEF23d019aD489ccC22B35b9,node14,a57b1aad027647f4c2a4d1b04e47f0ec49499868987eb995d11ac34f5ca34f3c,3,1791383500.007686,1791383512.088312,12.080626010894775,164,241970,confirmed,
990,0xFac764d7A0BE0Fa1C1ddaAEdDb9f41c997b40966,node00,dcb27b354863bac21fff40c81b2acc00539dd6af8b9542d17985f03f1d08f5d7,3,1791383500.0111928,1791383512.0481336,12.036940813064575,165,241970,confirmed,
991,0xB6aBc195BA43ccC531ffb852c57cDD50C87A6dE7,node01,9d43821723cdc73c3e12adb71c1ef62dd9fcce0defcc4afa9bbade467169472b,3,1791383500.014525,1791383515.0852702,15.07074522972107,166,241970,confirmed,
992,0x72CF2bAE86C5a086F026e65899b0614969725D45,node02,c0dd8894a60a91e45150579eb54e3ca8e240565a3d57c7c414da0ce21a759ee0,3,1791383500.016441,1791383515.126984,15.11054277420044,167,241970,confirmed,
993,0xcC5eaDfaF4dDF9ff4de93755E6a4F1EBB97a3852,node03,a9d47663449a613e0d48e45f75078e2d1548c577e37a15d7ec9066dcd6498980,3,1791383500.017556,1791383517.7150803,17.697524309158325,168,241970,confirmed,
994,0x325ebb95B14f98bfC519311c2208d0F8228a83Fb,node04,7fcfa15f14dd98dc03aa4a63d155257976e1100457cf39abd9d87ccae38b152a,3,1791383500.0190306,1791383519.9222982,19.90326762199402,169,241970,confirmed,
995,0xe524d17EF2B3B99047Cf6864089fb4266053291D,node05,f56af042085aae690c566be856b54848551365fc5ea8f6e7d0ec9136823affba,3,1791383500.0212927,1791383521.7529986,21.731705904006958,170,241970,confirmed,
996,0x05131CC615e2c2367099867BBE71e34D32456025,node06,26c672ac3ea5aa0918d4863db6ba288ff9983df4f2b8d0d2d11b97de811f7822,3,1791383500.023478,1791383523.478643,23.455164909362793,171,241970,confirmed,
997,0x11D4015dC3499655D7De486Aef3CBCC39E57605f,node07,5bf9b109bdbf9e94424a29913eb85f1721d2d8c691b9f5cb3d0343fc44f61952,3,1791383500.0279887,1791383524.8032982,24.775309562683105,172,241970,confirmed,
998,0xe0B06Ef6156290631055a41c5dc046CB0166b206,node08,5f0339661a9ae7a1ac83ad1d51d5582c6ce8f583436162de7b8ba4f9c727890c,3,1791383500.031594,1791383527.0737684,27.042174339294434,173,241970,confirmed,
999,0xdf04e5A79377a79b0FA4e6fb64565682bf34535d,node09,09ae1bc712ff229fd132bacfa0f50a32fa8d78721bd568e5196e39cced134aea,3,1791383500.0337312,1791383528.8096905,28.775959253311157,174,241970,confirmed,
1000,0x8893414037dC3354f0b45F5CCa0950121903851b,node10,4ddbfbb2bf3262982ed6a5331cd0522c55c78bbfd5944da3a960b086d2f6b488,3,1791383500.0361402,1791383531.1568432,31.120702981948853,175,241970,confirmed,
1001,0x54225b0bc970723E36Da1B18CD2F4f2c3433e60d,node11,548004777633ac90bfe201ba409d37bb9f49b33a49d371ed7f55b822bc812985,3,1791383500.0381632,1791383531.9568937,31.91873049736023,176,241970,confirmed,
1002,0xcfbF8C55529b0686c1819c74e74Facc9a2c4088C,node12,c129423e509e2812ef490e7fcfc069972f117466337d8e6fd331320992389eef,3,1791383500.039739,1791383508.4663513,8.426612377166748,162,241970,confirmed,
1003,0x217FC5dB6b342ac325DCE5e2e7E1A125Edba8f35,node13,2df4ac33c5e7f1e90ef9d79123793bc7e04dfad2ca404bdfb397dc4cb1291cf0,3,1791383500.044087,1791383508.4639976,8.419910669326782,163,241970,confirmed,
1004,0x3403F0bE8cE45dA01567F7eFb5289A173cC75c2A,node14,87aa51e9c30a6f109b8b264be691917c75e4110c089a4b63f8cad3a8aa689ec4,3,1791383500.0475082,1791383512.078319,12.030810832977295,164,241970,confirmed,
1005,0xcbCfEfc3ffa6B6734632ceF3C7C6e7848F1118E0,node00,3200ed066c94ca3e455921c82ffc07c3477c4a2445598da791eb4d963083ef69,3,1791383500.0496483,1791383512.091035,12.041386604309082,165,241970,confirmed,
1006,0x02121165AEb717FC69c1b6916488DFf52C171b89,node01,831511cbd600e4af95c21969cea16388c1f4a98a96ed8b0c33b8bfac1c08d917,3,1791383500.0523138,1791383515.0533202,15.001006364822388,166,241970,confirmed,
1007,0xb24F8CD6F69Dd669D2827f39291885870bDE8230,node02,3eec720710ca65297b787827c3766bdfd78b4515efe84f67a89fcc748349001f,3,1791383500.0569592,1791383515.117139,15.060179948806763,167,241970,confirmed,
1008,0xB0039CD644d42B4288508A957b30eEaC438EbAdA,node03,59ff0a351fd33e9ec8ddf51b63bcd12be325ebde337dd8f739a919500ba0af9a,3,1791383500.058866,1791383517.7404547,17.681588649749756,168,241970,confirmed,
1009,0xEF513330Eb7f07455B221Ce67Ae39BfdF1e60Da0,node04,9c1781d2179774585acc4e8b1ce01891afe9725f44b01fc2ba840c1ed6b81951,3,1791383500.0600975,1791383519.8822498,19.822152376174927,169,241970,confirmed,
1010,0xD25D7945C041b21a4843e2898700018D5F6a518F,node05,e39621075828e4383493ab86c5b4b0a768076ccc26db00f6017d05fd0c9b97ee,3,1791383500.061313,1791383521.7690074,21.70769453048706,170,241970,confirmed,
1011,0x2a3d8280EEA64A3c38F314a37104D63016E748d4,node06,dbc54d02b3198836bc0ac66503e256f7362161662f5f82439e6b08bcd8a3c4c9,3,1791383500.0639164,1791383523.4922976,23.428381204605103,171,241970,confirmed,
1012,0x4453Dc2d2021a9655Db1F5c6FC718b2b26c77af7,node07,430544d221b679ab7204df149832918cf60d26f01173d7445ebfbe2f4bad1cf1,3,1791383500.0666206,1791383524.805479,24.738858461380005,172,241970,confirmed,
1013,0xc59F351c074d1bE4628D0ab93B72705B83D09a08,node08,c2fb6e9b8531fe0e7dbe4b7cf7fa8a3e50e5d349f15805ba3e4a4bfb8e87e54b,3,1791383500.0701096,1791383527.1563063,27.086196660995483,173,241970,confirmed,
1014,0xF6C01Afb3f281eA36627BC0D35036935581f2794,node09,7597185ac7ed58708085578ad5a9b7fa246852f1ad6a6005f8686daf68866b0f,3,1791383500.0728362,1791383528.856003,28.783166885375977,174,241970,confirmed,
1015,0x69FFC2B6e5bCFE4D15E4458c951589ce3516Cd1F,node10,da14a5fcda1539c59453c4c9e24cefeb7021258cf384b360b40d4c909bc6a967,3,1791383500.0743709,1791383531.1926098,31.118238925933838,175,241970,confirmed,
1016,0x2C24DCcA49f7953aB81AB8a042D1BA3F3e6B984F,node11,c49d950e93178db19b4037cb977a3d52972e3973745b6bbe1112be491782ed25,3,1791383500.0769117,1791383531.9679456,31.89103388786316,176,241970,confirmed,
1017,0xfA6BF7A21CFeFbB69aF81ba11a5BC5b0BfF9043D,node12,0685936a64681091dbb81b337054e0f2c479e5ab1efa74fae833e090a3510034,3,1791383500.0798326,1791383508.4798548,8.400022268295288,162,241970,confirmed,
1018,0x5d0246A5C087F010f3AcaC7b1b85179da7B06b0F,node13,f4f6c9215258bfb45d26a6f20d26f7ddd47ca5f5ace88b1eba49f22a52b774d2,3,1791383500.0811942,1791383508.473553,8.392358779907227,163,241970,confirmed,
1019,0x041250160a9064d271D0e6289dBE7851667C9628,node14,3f989194a25e302febc6c9a78df30b7674d70d9f91a9185cb4bd4cefdea6c800,3,1791383500.0865273,1791383512.0937145,12.007187128067017,164,241970,confirmed,
1020,0xf9B3C4560BcC7Ab952eD05d26052Ea59B9a0522A,node00,7f84651374af7ce7152cf6ea048f86b0fc3c4aa3f4fb7599c5d51ae12da35263,3,1791383500.0886014,1791383512.0680313,11.979429960250854,165,241970,confirmed,
1021,0xA6b02DB71E4E5E9F509EB56937e5999c64C2Bd96,node01,9329b47bc20fe6391844abb4383016d6a7783c61d6305b9ecd0162878be41b49,3,1791383500.0902479,1791383515.1498663,15.059618473052979,166,241970,confirmed,
1022,0xaB7F62b1064aA42D7fB892cbA95bb765008cC15b,node02,ca4effd4620598af9e203d66afc0f9e2081bc850ad0a0b970111f205561fef1a,3,1791383500.0931873,1791383515.1618974,15.068710088729858,167,241970,confirmed,
1023,0x5E3ca57128E9eDeD5021F3940783656fC0cff327,node03,1cf5993b65d0d088c130eca84280addfdbc7761f3383f06f8ce233905ea14afb,3,1791383500.0950496,1791383517.7359064,17.640856742858887,168,241970,confirmed,
