[node04] network interface=eth0
[node04] region=sa-east applying per-destination WAN shaping from /config/tc.rules
[node04] tc rules applied:
qdisc htb 1: root refcnt 257 r2q 10 default 0x1 direct_packets_stat 0 direct_qlen 1000
qdisc netem 120: parent 1:20 limit 1000 delay 87.5ms  4.4ms loss 0.1%
qdisc netem 122: parent 1:22 limit 1000 delay 160ms  8ms loss 0.1%
qdisc netem 113: parent 1:13 limit 1000 delay 160ms  8ms loss 0.1%
qdisc netem 111: parent 1:11 limit 1000 delay 87.5ms  4.4ms loss 0.1%
qdisc netem 115: parent 1:15 limit 1000 delay 87.5ms  4.4ms loss 0.1%
qdisc netem 117: parent 1:17 limit 1000 delay 160ms  8ms loss 0.1%
qdisc netem 119: parent 1:19 limit 1000 delay 60ms  3ms loss 0.1%
qdisc netem 121: parent 1:21 limit 1000 delay 95ms  4.8ms loss 0.1%
qdisc netem 123: parent 1:23 limit 1000 delay 1ms  99us
qdisc netem 110: parent 1:10 limit 1000 delay 60ms  3ms loss 0.1%
qdisc netem 112: parent 1:12 limit 1000 delay 95ms  4.8ms loss 0.1%
qdisc netem 114: parent 1:14 limit 1000 delay 60ms  3ms loss 0.1%
qdisc netem 118: parent 1:18 limit 1000 delay 1ms  99us
qdisc netem 116: parent 1:16 limit 1000 delay 95ms  4.8ms loss 0.1%
Setting logging level to INFO
2026-10-07 17:49:53.357+00:00 | main | INFO  | Besu | Starting Besu
2026-10-07 17:49:53.753+00:00 | main | WARN  | Besu | --graphql-http-host has been ignored because --graphql-http-enabled was not defined on the command line.
2026-10-07 17:49:53.867+00:00 | main | INFO  | Besu | Connecting to 0 static nodes.
2026-10-07 17:49:53.871+00:00 | main | INFO  | Besu | Forcing price bump for transaction replacement to 0, since min-gas-price is set to 0
2026-10-07 17:49:53.872+00:00 | main | WARN  | Besu | Forcing tx-pool-min-gas-price=0, since it cannot be greater than the value of min-gas-price
2026-10-07 17:49:54.355+00:00 | main | INFO  | Besu | 
####################################################################################################
#                                                                                                  #
# Besu version 24.7.0                                                                              #
#                                                                                                  #
# Configuration:                                                                                   #
# Network: Custom genesis file                                                                     #
# /config/genesis.json                                                                             #
# Network Id: 1337                                                                                 #
# Data storage: Bonsai                                                                             #
# Sync mode: Full                                                                                  #
# RPC HTTP APIs: ETH,QBFT,NET,ADMIN,WEB3                                                           #
# RPC HTTP port: 8545                                                                              #
# Using LAYERED transaction pool implementation                                                    #
# Using STACKED worldstate update mode                                                             #
# Limit trie logs enabled: retention: 512; prune window: 30000                                     #
#                                                                                                  #
# Host:                                                                                            #
# Java: openjdk-java-21                                                                            #
# Maximum heap size: 29.50 GB                                                                      #
# OS: linux-x86_64                                                                                 #
# glibc: 2.39                                                                                      #
# jemalloc: 5.3.0-0-g54eaed1d8b56b1aa528be3bdd1877e59c56fa90c                                      #
# Total memory: 1007.68 GB                                                                         #
# CPU cores: 256                                                                                   #
#                                                                                                  #
# Plugin Registration Summary:                                                                     #
# No plugins have been registered.                                                                 #
# TOTAL = 0 of 0 plugins successfully registered.                                                  #
#                                                                                                  #
####################################################################################################
2026-10-07 17:49:54.356+00:00 | main | INFO  | Besu | Security Module: localfile
2026-10-07 17:49:54.357+00:00 | main | INFO  | VersionMetadata | Lookup version metadata file in data directory: /data
2026-10-07 17:49:54.358+00:00 | main | INFO  | VersionMetadata | No version data detected. Writing Besu version 24.7.0 to metadata file
2026-10-07 17:49:54.474+00:00 | main | INFO  | Besu | Using the native implementation of alt bn128
2026-10-07 17:49:54.560+00:00 | main | INFO  | Besu | Using the native implementation of modexp
2026-10-07 17:49:54.560+00:00 | main | INFO  | Besu | Using the native implementation of the signature algorithm
2026-10-07 17:49:54.570+00:00 | main | INFO  | Besu | Using the native implementation of the blake2bf algorithm
2026-10-07 17:49:54.675+00:00 | main | INFO  | Besu | Forcing price bump for transaction replacement to 0, since min-gas-price is set to 0
2026-10-07 17:49:54.675+00:00 | main | WARN  | Besu | Forcing tx-pool-min-gas-price=0, since it cannot be greater than the value of min-gas-price
2026-10-07 17:49:54.677+00:00 | main | INFO  | KeyPairUtil | Attempting to load public key from /data/key.priv
2026-10-07 17:49:54.702+00:00 | main | INFO  | KeyPairUtil | Loaded public key 0xd4344fd9b13c8435767e3e5d982a18a9459b7c1374616cab118e109d36b368cd69bd05109e2f91876d1658d46fe0a4c2b1064c090095f45982eae025f97e70e7 from /data/key.priv
2026-10-07 17:49:54.884+00:00 | main | INFO  | ProtocolScheduleBuilder | Protocol schedule created with milestones: [Berlin:0]
2026-10-07 17:49:54.889+00:00 | main | INFO  | RocksDBKeyValueStorageFactory | No existing database at /data. Using default metadata for new db versionedStorageFormat=BaseVersionedStorageFormat{format=BONSAI, version=2}
2026-10-07 17:49:55.225+00:00 | main | INFO  | FlatDbStrategyProvider | Bonsai flat db mode found FULL
2026-10-07 17:49:55.229+00:00 | main | INFO  | FlatDbStrategyProvider | Bonsai db mode with code stored using code hash enabled = true
2026-10-07 17:49:55.239+00:00 | main | INFO  | FlatDbStrategyProvider | Bonsai flat db mode found FULL
2026-10-07 17:49:55.241+00:00 | main | INFO  | FlatDbStrategyProvider | Bonsai db mode with code stored using code hash enabled = true
2026-10-07 17:49:55.675+00:00 | main | INFO  | TransactionPoolFactory | Enabling transaction pool
2026-10-07 17:49:55.691+00:00 | main | INFO  | BesuControllerBuilder | TTD difficulty is not present, creating initial sync phase for PoW
2026-10-07 17:49:55.734+00:00 | main | INFO  | TrieLogPruner | Loading first 30000 trie logs from database...
2026-10-07 17:49:55.736+00:00 | main | INFO  | TrieLogPruner | Loaded 1 trie logs from database
2026-10-07 17:49:55.743+00:00 | main | INFO  | RunnerBuilder | Resolved 5 bootnodes.
2026-10-07 17:49:55.749+00:00 | main | INFO  | RunnerBuilder | Detecting NAT service.
2026-10-07 17:49:55.965+00:00 | main | INFO  | Runner | Starting external services ... 
2026-10-07 17:49:55.966+00:00 | main | INFO  | JsonRpcHttpService | Starting JSON-RPC service on 0.0.0.0:8545
2026-10-07 17:49:56.140+00:00 | vert.x-eventloop-thread-1 | INFO  | JsonRpcHttpService | JSON-RPC service started and listening on 0.0.0.0:8545
2026-10-07 17:49:56.142+00:00 | main | INFO  | WebSocketService | Starting Websocket service on 0.0.0.0:8546
2026-10-07 17:49:56.145+00:00 | vert.x-eventloop-thread-1 | INFO  | WebSocketService | Websocket service started and listening on 0.0.0.0:8546
2026-10-07 17:49:56.149+00:00 | main | INFO  | AutoTransactionLogBloomCachingService | Starting auto transaction log bloom caching service.
2026-10-07 17:49:56.150+00:00 | main | INFO  | LogBloomCacheMetadata | Lookup cache metadata file in data directory: /data/caches
2026-10-07 17:49:56.162+00:00 | main | INFO  | Runner | Starting Ethereum main loop ... 
2026-10-07 17:49:56.162+00:00 | main | INFO  | NatService | No NAT environment detected so no service could be started
2026-10-07 17:49:56.162+00:00 | main | INFO  | NetworkRunner | Starting Network.
2026-10-07 17:49:56.174+00:00 | nioEventLoopGroup-2-1 | INFO  | RlpxAgent | P2P RLPx agent started and listening on /[0:0:0:0:0:0:0:0]:30303.
2026-10-07 17:49:56.174+00:00 | main | INFO  | PeerDiscoveryAgent | Starting peer discovery agent on host=0.0.0.0, port=30303. IPv6 available.
2026-10-07 17:49:56.188+00:00 | vert.x-eventloop-thread-1 | INFO  | VertxPeerDiscoveryAgent | Started peer discovery agent successfully, on effective host=0:0:0:0:0:0:0:0%0 and port=30303
2026-10-07 17:49:56.189+00:00 | vert.x-eventloop-thread-1 | INFO  | PeerDiscoveryAgent | P2P peer discovery agent started and listening on /[0:0:0:0:0:0:0:0%0]:30303
2026-10-07 17:49:56.243+00:00 | vert.x-eventloop-thread-1 | INFO  | PeerDiscoveryAgent | Writing node record to disk. NodeRecord{seq=1, publicKey=0x03d4344fd9b13c8435767e3e5d982a18a9459b7c1374616cab118e109d36b368cd, udpAddress=Optional[/0.0.0.0:30303], tcpAddress=Optional[/0.0.0.0:30303], asBase64=-Je4QPaOUlRZQfb5RxcyXnZObc_BxvPK_hFt8uFntjykv62RGtEet78Xcr5zwhUoV7zbGba2nWcMm41D02LLRJrycLEBg2V0aMfGhGL9EECAgmlkgnY0gmlwhAAAAACJc2VjcDI1NmsxoQPUNE_ZsTyENXZ-Pl2YKhipRZt8E3RhbKsRjhCdNrNozYN0Y3CCdl-DdWRwgnZf, nodeId=0x2ea756f4032e0f8fcfb923a987a819fd2853cffd2d606f7a24fb46e4200d58fe, customFields={tcp=30303, udp=30303, ip=0x00000000, eth=[[0x62fd1040, 0x]], id=V4, secp256k1=0x03d4344fd9b13c8435767e3e5d982a18a9459b7c1374616cab118e109d36b368cd}}
2026-10-07 17:49:56.279+00:00 | main | INFO  | DefaultP2PNetwork | Enode URL enode://d4344fd9b13c8435767e3e5d982a18a9459b7c1374616cab118e109d36b368cd69bd05109e2f91876d1658d46fe0a4c2b1064c090095f45982eae025f97e70e7@0.0.0.0:30303
2026-10-07 17:49:56.279+00:00 | main | INFO  | DefaultP2PNetwork | Node address 0x87a819fd2853cffd2d606f7a24fb46e4200d58fe
2026-10-07 17:49:56.300+00:00 | main | INFO  | NetworkRunner | Supported capabilities: [eth/62, eth/63, eth/64, eth/65, eth/66, eth/67, eth/68], [istanbul/100], [snap/1]
2026-10-07 17:49:56.301+00:00 | main | INFO  | DefaultSynchronizer | Starting synchronizer.
2026-10-07 17:49:56.302+00:00 | main | INFO  | TransactionPoolFactory | Enabling transaction handling following initial sync
2026-10-07 17:49:56.302+00:00 | main | INFO  | QbftBesuControllerBuilder | Starting QBFT mining coordinator following initial sync
2026-10-07 17:49:56.311+00:00 | main | INFO  | FullSyncDownloader | Starting full sync.
2026-10-07 17:49:56.315+00:00 | main | INFO  | FullSyncTargetManager | Unable to find sync target. Currently checking 0 peers for usefulness
2026-10-07 17:49:56.321+00:00 | main | INFO  | Runner | Ethereum main loop is up.
2026-10-07 17:49:56.858+00:00 | nioEventLoopGroup-3-3 | INFO  | FullSyncTargetManager | Unable to find sync target. Currently checking 1 peers for usefulness
2026-10-07 17:49:56.967+00:00 | nioEventLoopGroup-3-1 | INFO  | FullSyncTargetManager | Unable to find sync target. Currently checking 2 peers for usefulness
2026-10-07 17:49:56.974+00:00 | nioEventLoopGroup-3-4 | INFO  | FullSyncTargetManager | Unable to find sync target. Currently checking 3 peers for usefulness
2026-10-07 17:49:57.363+00:00 | nioEventLoopGroup-3-2 | INFO  | FullSyncTargetManager | Unable to find sync target. Currently checking 4 peers for usefulness
2026-10-07 17:49:58.886+00:00 | nioEventLoopGroup-3-6 | INFO  | FullSyncTargetManager | Unable to find sync target. Currently checking 5 peers for usefulness
2026-10-07 17:50:00.990+00:00 | nioEventLoopGroup-3-8 | INFO  | FullSyncTargetManager | Unable to find sync target. Currently checking 6 peers for usefulness
2026-10-07 17:50:03.313+00:00 | nioEventLoopGroup-3-10 | INFO  | FullSyncTargetManager | Unable to find sync target. Currently checking 7 peers for usefulness
2026-10-07 17:50:05.844+00:00 | nioEventLoopGroup-3-2 | INFO  | FullSyncTargetManager | Unable to find sync target. Currently checking 8 peers for usefulness
2026-10-07 17:50:06.948+00:00 | nioEventLoopGroup-3-4 | INFO  | FullSyncTargetManager | Unable to find sync target. Currently checking 9 peers for usefulness
2026-10-07 17:50:09.341+00:00 | nioEventLoopGroup-3-6 | INFO  | FullSyncTargetManager | Unable to find sync target. Currently checking 10 peers for usefulness
2026-10-07 17:50:11.732+00:00 | nioEventLoopGroup-3-8 | INFO  | FullSyncTargetManager | Unable to find sync target. Currently checking 11 peers for usefulness
2026-10-07 17:50:13.764+00:00 | nioEventLoopGroup-3-10 | INFO  | FullSyncTargetManager | Unable to find sync target. Currently checking 12 peers for usefulness
2026-10-07 17:50:16.902+00:00 | nioEventLoopGroup-3-2 | INFO  | FullSyncTargetManager | Unable to find sync target. Currently checking 13 peers for usefulness
2026-10-07 17:50:17.213+00:00 | BftProcessorExecutor-QBFT-0 | INFO  | QbftRound | Importing proposed block to chain. round=ConsensusRoundIdentifier{Sequence=1, Round=1}, hash=0xf6b5dc2a0ed73ade8fcb0726c01d980771b8b8cf2eb4e7732da2b1a852c1a658
2026-10-07 17:50:17.235+00:00 | BftProcessorExecutor-QBFT-0 | INFO  | QbftBesuControllerBuilder | Imported #1 / 0 tx / 0 pending / 0 (0.0%) gas / (0xf6b5dc2a0ed73ade8fcb0726c01d980771b8b8cf2eb4e7732da2b1a852c1a658)
2026-10-07 17:50:18.343+00:00 | BftProcessorExecutor-QBFT-0 | INFO  | QbftBesuControllerBuilder | Imported #2 / 0 tx / 0 pending / 0 (0.0%) gas / (0xc8374367948b30b21b498cfa235a451ea56acafc5faf06fa131068a8a846ec3a)
2026-10-07 17:50:20.339+00:00 | BftProcessorExecutor-QBFT-0 | INFO  | QbftBesuControllerBuilder | Imported #3 / 0 tx / 0 pending / 0 (0.0%) gas / (0x693f454ceb7d3720d91b049e1c8d2d7ed8c4078a4358d00c2a5e7efe4bac9d67)
2026-10-07 17:50:22.328+00:00 | BftProcessorExecutor-QBFT-0 | INFO  | QbftBesuControllerBuilder | Produced #4 / 0 tx / 0 pending / 0 (0.0%) gas / (0x50aab6c2a2f2082af7d7c6f5eaeeb442217cfe7d17e0bfb59d4782004854adf6)
2026-10-07 17:50:24.332+00:00 | BftProcessorExecutor-QBFT-0 | INFO  | QbftBesuControllerBuilder | Imported #5 / 0 tx / 1 pending / 0 (0.0%) gas / (0x406c0eaef6321b2b96592d779efb0b42b305a7b3c58bbbff235fa29dda04a7d9)
2026-10-07 17:50:26.355+00:00 | BftProcessorExecutor-QBFT-0 | INFO  | QbftBesuControllerBuilder | Imported #6 / 0 tx / 1 pending / 0 (0.0%) gas / (0x952b0d9569f17edc7907227e0519ac610dc7d5825be059323fd810e0c5c9caad)
2026-10-07 17:50:28.318+00:00 | BftProcessorExecutor-QBFT-0 | INFO  | QbftBesuControllerBuilder | Imported #7 / 0 tx / 1 pending / 0 (0.0%) gas / (0xa864bd3d16ffaab405d0e25ba54d93b4014715f376061ce00945ec5435c63697)
2026-10-07 17:50:30.368+00:00 | BftProcessorExecutor-QBFT-0 | INFO  | QbftBesuControllerBuilder | Imported #8 / 0 tx / 1 pending / 0 (0.0%) gas / (0x10514d698832f4dcc72985a18a9b724db8642859c05f6babff3b0e781f0b8d59)
2026-10-07 17:50:32.305+00:00 | BftProcessorExecutor-QBFT-0 | INFO  | QbftBesuControllerBuilder | Imported #9 / 0 tx / 1 pending / 0 (0.0%) gas / (0x8b0e4252048a8bb25e52ff857dcc1223ba441fcdad06fc2b252876f0adf87f1f)
2026-10-07 17:50:34.344+00:00 | BftProcessorExecutor-QBFT-0 | INFO  | QbftBesuControllerBuilder | Imported #10 / 0 tx / 1 pending / 0 (0.0%) gas / (0xe0daf3d2630cca6084af92225042686a4c2b40bfcb4de38da9fca320ee373e20)
2026-10-07 17:50:34.350+00:00 | EthScheduler-Workers-0 | INFO  | PersistBlockTask | Block 10 (0xe0daf3d2630cca6084af92225042686a4c2b40bfcb4de38da9fca320ee373e20) is already imported
2026-10-07 17:50:36.376+00:00 | BftProcessorExecutor-QBFT-0 | INFO  | QbftBesuControllerBuilder | Imported #11 / 0 tx / 1 pending / 0 (0.0%) gas / (0x6909d5852588e03a25632a2a1f0a45031d28f9cda1f58e3bf202cf17d30fd678)
2026-10-07 17:50:38.312+00:00 | BftProcessorExecutor-QBFT-0 | INFO  | QbftBesuControllerBuilder | Imported #12 / 0 tx / 1 pending / 0 (0.0%) gas / (0x8e8e3fd474bb87120d7f1bf48c6f5f46f153eee40c4a158d2dc1ba76464556a5)
2026-10-07 17:50:40.355+00:00 | EthScheduler-Workers-0 | INFO  | PersistBlockTask | Block 13 (0x38cef893b6eb72922d2209583152090696cbc498edac4b6f61baba8f5128f4eb) is already imported
2026-10-07 17:50:40.355+00:00 | BftProcessorExecutor-QBFT-0 | INFO  | QbftBesuControllerBuilder | Imported #13 / 0 tx / 1 pending / 0 (0.0%) gas / (0x38cef893b6eb72922d2209583152090696cbc498edac4b6f61baba8f5128f4eb)
2026-10-07 17:50:42.359+00:00 | BftProcessorExecutor-QBFT-0 | INFO  | QbftBesuControllerBuilder | Imported #14 / 0 tx / 1 pending / 0 (0.0%) gas / (0xc4931e86ecc14d94e93c3b239cda2e1fcdf6e10cff9810394e4038c4fb996a68)
2026-10-07 17:50:44.426+00:00 | BftProcessorExecutor-QBFT-0 | INFO  | QbftBesuControllerBuilder | Imported #15 / 1 tx / 0 pending / 465,218 (0.0%) gas / (0xb38316c4a537513787771507a8618f4c0477e62ddbdcf6433f6d10b96d52d704)
2026-10-07 17:50:46.283+00:00 | BftProcessorExecutor-QBFT-0 | INFO  | QbftBesuControllerBuilder | Imported #16 / 0 tx / 1 pending / 0 (0.0%) gas / (0x3bc834454bd26beb9916e2c03642b234aa4fbbcc161ef0c51c0c86ce097bde6d)
2026-10-07 17:50:48.285+00:00 | BftProcessorExecutor-QBFT-0 | INFO  | QbftBesuControllerBuilder | Imported #17 / 0 tx / 1 pending / 0 (0.0%) gas / (0x6450acf5f3376d8d267e9a8c02e92ea5b074b41e9c816190cdcc3797ebe1940f)
2026-10-07 17:50:50.298+00:00 | BftProcessorExecutor-QBFT-0 | INFO  | QbftBesuControllerBuilder | Imported #18 / 0 tx / 1 pending / 0 (0.0%) gas / (0x3a328951d8747a60427638afe2ccc0b90c7c47ca4ec91cbc378179a7c8f54bd6)
2026-10-07 17:50:52.272+00:00 | BftProcessorExecutor-QBFT-0 | INFO  | QbftBesuControllerBuilder | Produced #19 / 0 tx / 1 pending / 0 (0.0%) gas / (0x2c4240acd9728eb864dfad10e47ca2de7f5e1becffe8098b6d467adc3b60986f)
2026-10-07 17:50:54.276+00:00 | BftProcessorExecutor-QBFT-0 | INFO  | QbftBesuControllerBuilder | Imported #20 / 0 tx / 1 pending / 0 (0.0%) gas / (0x2512b8cac5d9e9f61145dd05679afbd4530b87b045f4e30872f9f8e8c86eac97)
2026-10-07 17:50:54.276+00:00 | EthScheduler-Workers-0 | INFO  | PersistBlockTask | Block 20 (0x2512b8cac5d9e9f61145dd05679afbd4530b87b045f4e30872f9f8e8c86eac97) is already imported
2026-10-07 17:50:56.283+00:00 | BftProcessorExecutor-QBFT-0 | INFO  | QbftBesuControllerBuilder | Imported #21 / 0 tx / 1 pending / 0 (0.0%) gas / (0x56c33d9513c0aa6883d4124bff01eb8c9d55ddee89154fdc95034cc75a6491c6)
2026-10-07 17:50:58.295+00:00 | EthScheduler-Workers-0 | INFO  | PersistBlockTask | Block 22 (0xd8015d741c4050de2528a39c961efbce36cade74a95682d9103fcb794abd1b22) is already imported
2026-10-07 17:50:58.295+00:00 | BftProcessorExecutor-QBFT-0 | INFO  | QbftBesuControllerBuilder | Imported #22 / 0 tx / 1 pending / 0 (0.0%) gas / (0xd8015d741c4050de2528a39c961efbce36cade74a95682d9103fcb794abd1b22)
2026-10-07 17:51:00.308+00:00 | BftProcessorExecutor-QBFT-0 | INFO  | QbftBesuControllerBuilder | Imported #23 / 0 tx / 1 pending / 0 (0.0%) gas / (0x31cd40c567eef947564369d0d972542b237e4b837a4c8787578aa0643c0c0bf3)
2026-10-07 17:51:00.308+00:00 | EthScheduler-Workers-0 | INFO  | PersistBlockTask | Block 23 (0x31cd40c567eef947564369d0d972542b237e4b837a4c8787578aa0643c0c0bf3) is already imported
2026-10-07 17:51:02.280+00:00 | BftProcessorExecutor-QBFT-0 | INFO  | QbftBesuControllerBuilder | Imported #24 / 0 tx / 1 pending / 0 (0.0%) gas / (0x4ef667e6ff1cd1ff5e141e3d0cee70837d00d43d7c68c4ba74c84492552d60cb)
2026-10-07 17:51:04.308+00:00 | EthScheduler-Workers-0 | INFO  | PersistBlockTask | Block 25 (0xc978d7ab1a5583cefbe53fa945f88bd69b7164bb26fd5198078b165f080d4b61) is already imported
2026-10-07 17:51:04.309+00:00 | BftProcessorExecutor-QBFT-0 | INFO  | QbftBesuControllerBuilder | Imported #25 / 0 tx / 1 pending / 0 (0.0%) gas / (0xc978d7ab1a5583cefbe53fa945f88bd69b7164bb26fd5198078b165f080d4b61)
2026-10-07 17:51:06.282+00:00 | BftProcessorExecutor-QBFT-0 | INFO  | QbftBesuControllerBuilder | Imported #26 / 0 tx / 1 pending / 0 (0.0%) gas / (0x24601e7ee90b7f6604aeed08d200ea1d6c31b793397d4e977c2a48144cec479b)
2026-10-07 17:51:08.292+00:00 | BftProcessorExecutor-QBFT-0 | INFO  | QbftBesuControllerBuilder | Imported #27 / 0 tx / 1 pending / 0 (0.0%) gas / (0xcf1c35b7b8f28a1fe1f141b624e54ce97f8d4080cd49edc314e439bc572ad5c7)
2026-10-07 17:51:10.300+00:00 | BftProcessorExecutor-QBFT-0 | INFO  | QbftBesuControllerBuilder | Imported #28 / 0 tx / 1 pending / 0 (0.0%) gas / (0x2e982c85ac72719ba098defb16e203e2ecb3598fd7d2411409781e7b17b46abd)
2026-10-07 17:51:12.284+00:00 | BftProcessorExecutor-QBFT-0 | INFO  | QbftBesuControllerBuilder | Imported #29 / 0 tx / 1 pending / 0 (0.0%) gas / (0xcc125500df974fc80bc17dfa8fc97b42d9e057847324f9086e3f9a7d26fe9fd2)
2026-10-07 17:51:14.332+00:00 | BftProcessorExecutor-QBFT-0 | INFO  | QbftBesuControllerBuilder | Imported #30 / 1 tx / 0 pending / 1,832,981 (0.0%) gas / (0x0eeab52bb11add207a7960b4d79e7d3dabdea8200c76c9c571d3515e0a46a203)
2026-10-07 17:51:16.275+00:00 | BftProcessorExecutor-QBFT-0 | INFO  | QbftBesuControllerBuilder | Imported #31 / 0 tx / 0 pending / 0 (0.0%) gas / (0x635a4951d182210e0fc3e3e7f9f531f2d2c16557f173519c2b8329d3ed735e38)
2026-10-07 17:51:18.273+00:00 | BftProcessorExecutor-QBFT-0 | INFO  | QbftBesuControllerBuilder | Imported #32 / 0 tx / 0 pending / 0 (0.0%) gas / (0xea2a91fecbbbe058649e2edb86787fe93a3e152a9398735e369c8711f3a25e79)
2026-10-07 17:51:20.304+00:00 | BftProcessorExecutor-QBFT-0 | INFO  | QbftBesuControllerBuilder | Imported #33 / 0 tx / 0 pending / 0 (0.0%) gas / (0x2b534ece55c1607ccc6db46dd227d527b85d313b73ef4ce40a46c606869acf04)
2026-10-07 17:51:22.280+00:00 | BftProcessorExecutor-QBFT-0 | INFO  | QbftBesuControllerBuilder | Produced #34 / 0 tx / 0 pending / 0 (0.0%) gas / (0x16fbf8ce7c82599e754e8bbe8cc28c0665905b960f9f88667d5ba151b42808f2)
2026-10-07 17:51:24.279+00:00 | BftProcessorExecutor-QBFT-0 | INFO  | QbftBesuControllerBuilder | Imported #35 / 0 tx / 0 pending / 0 (0.0%) gas / (0xfe1aae6226bef3d108b7352bbd5a7dab2aa28343a2993f1b2e8ac580b6f20e9e)
2026-10-07 17:51:26.277+00:00 | BftProcessorExecutor-QBFT-0 | INFO  | QbftBesuControllerBuilder | Imported #36 / 0 tx / 0 pending / 0 (0.0%) gas / (0x3c4b69beb1772bfe00a4dd58dd74e289cb2eeb57ad4903115e9b519c59191a72)
2026-10-07 17:51:28.277+00:00 | BftProcessorExecutor-QBFT-0 | INFO  | QbftBesuControllerBuilder | Imported #37 / 0 tx / 0 pending / 0 (0.0%) gas / (0xe6085947effc98a0dddfe1e6cca25f0bd8460d32a02fcb19ea33b088ee068c36)
2026-10-07 17:51:30.294+00:00 | BftProcessorExecutor-QBFT-0 | INFO  | QbftBesuControllerBuilder | Imported #38 / 0 tx / 0 pending / 0 (0.0%) gas / (0x5c2fd6349b83e6612467ada0648e8a94433edf41eecb0b2cc0b00001fe5f47fe)
2026-10-07 17:51:32.290+00:00 | BftProcessorExecutor-QBFT-0 | INFO  | QbftBesuControllerBuilder | Imported #39 / 0 tx / 0 pending / 0 (0.0%) gas / (0x4b37835da4ff8cc35170c7d091148450d7a20bfa756ef8e140d5e6df51346673)
2026-10-07 17:51:34.278+00:00 | BftProcessorExecutor-QBFT-0 | INFO  | QbftBesuControllerBuilder | Imported #40 / 0 tx / 0 pending / 0 (0.0%) gas / (0xe4b71d958580a6e0f24fe964bf0686c9b301b0df96ae5513308f87c90cbd7ad1)
2026-10-07 17:51:36.272+00:00 | BftProcessorExecutor-QBFT-0 | INFO  | QbftBesuControllerBuilder | Imported #41 / 0 tx / 0 pending / 0 (0.0%) gas / (0xaa3cb5518236cea19e1f77cc479ab551e993ebdb604ed8229c0c7b5cdcd51d28)
2026-10-07 17:51:38.297+00:00 | EthScheduler-Workers-0 | INFO  | PersistBlockTask | Block 42 (0x575e84be959e304540723d1bc21d4cc2e6486810d2731ae00a23a31f93e373ac) is already imported
2026-10-07 17:51:38.297+00:00 | BftProcessorExecutor-QBFT-0 | INFO  | QbftBesuControllerBuilder | Imported #42 / 0 tx / 0 pending / 0 (0.0%) gas / (0x575e84be959e304540723d1bc21d4cc2e6486810d2731ae00a23a31f93e373ac)
2026-10-07 17:51:40.315+00:00 | EthScheduler-Workers-0 | INFO  | PersistBlockTask | Block 43 (0xc50b7955f17e160e56da28ffc4b81f2a9b00dffdaadad3bc09f02b9b9d564b98) is already imported
2026-10-07 17:51:40.316+00:00 | BftProcessorExecutor-QBFT-0 | INFO  | QbftBesuControllerBuilder | Imported #43 / 0 tx / 0 pending / 0 (0.0%) gas / (0xc50b7955f17e160e56da28ffc4b81f2a9b00dffdaadad3bc09f02b9b9d564b98)
2026-10-07 17:51:42.284+00:00 | BftProcessorExecutor-QBFT-0 | INFO  | QbftBesuControllerBuilder | Imported #44 / 0 tx / 0 pending / 0 (0.0%) gas / (0x6d6042f345ddae59c306096dae1a354e1db324c595f99b9fbfa51c3bee90d289)
2026-10-07 17:51:44.272+00:00 | BftProcessorExecutor-QBFT-0 | INFO  | QbftBesuControllerBuilder | Imported #45 / 0 tx / 0 pending / 0 (0.0%) gas / (0xeb6ffb86d2a723dcd44e12df0904644cfaf423446d695d5e12e8063584a77469)
2026-10-07 17:51:46.274+00:00 | BftProcessorExecutor-QBFT-0 | INFO  | QbftBesuControllerBuilder | Imported #46 / 0 tx / 0 pending / 0 (0.0%) gas / (0xf7801969d2f34e2c3f44f2833ba627b2c985eb0d40dbaffc97a6c25a1267b6f5)
2026-10-07 17:51:48.313+00:00 | EthScheduler-Workers-0 | INFO  | PersistBlockTask | Block 47 (0xabfb9dc7068b126e3daadf8eabbf1d2ff3c7eb7226ffc235562d68bacea42f8b) is already imported
2026-10-07 17:51:48.314+00:00 | BftProcessorExecutor-QBFT-0 | INFO  | QbftBesuControllerBuilder | Imported #47 / 0 tx / 0 pending / 0 (0.0%) gas / (0xabfb9dc7068b126e3daadf8eabbf1d2ff3c7eb7226ffc235562d68bacea42f8b)
2026-10-07 17:51:50.308+00:00 | BftProcessorExecutor-QBFT-0 | INFO  | QbftBesuControllerBuilder | Imported #48 / 0 tx / 0 pending / 0 (0.0%) gas / (0xa3e1b67f6fb643114ad2824cafe14e672d7b5f86c7e52bb1b7a10f5986ca37e2)
2026-10-07 17:51:52.289+00:00 | BftProcessorExecutor-QBFT-0 | INFO  | QbftBesuControllerBuilder | Produced #49 / 0 tx / 0 pending / 0 (0.0%) gas / (0xa1e3c9b4e9c37b17fb47b318bab90852cbf5badef183bf0a39d3d012c7e412e8)
2026-10-07 17:51:54.278+00:00 | BftProcessorExecutor-QBFT-0 | INFO  | QbftBesuControllerBuilder | Imported #50 / 0 tx / 0 pending / 0 (0.0%) gas / (0x3733195daabfaaf4869fd371eb00b0678ed39337dee6338d74a85f93cad2c288)
2026-10-07 17:51:56.289+00:00 | BftProcessorExecutor-QBFT-0 | INFO  | QbftBesuControllerBuilder | Imported #51 / 0 tx / 0 pending / 0 (0.0%) gas / (0x6282661c68462defac02feb2929a7dfa02c2552e0bdb311f20e8731a4e532447)
2026-10-07 17:51:58.287+00:00 | BftProcessorExecutor-QBFT-0 | INFO  | QbftBesuControllerBuilder | Imported #52 / 0 tx / 0 pending / 0 (0.0%) gas / (0x59c0eb751c1df6a2b14ad94df750a9890c5cded4cbc84f826428607a7525ad99)
2026-10-07 17:51:58.293+00:00 | EthScheduler-Workers-0 | INFO  | PersistBlockTask | Block 52 (0x59c0eb751c1df6a2b14ad94df750a9890c5cded4cbc84f826428607a7525ad99) is already imported
2026-10-07 17:52:00.295+00:00 | BftProcessorExecutor-QBFT-0 | INFO  | QbftBesuControllerBuilder | Imported #53 / 0 tx / 0 pending / 0 (0.0%) gas / (0x89f50e7f910a04c009be560e99a7f0216e2b497463e8a59d6fddd5393f0b6fc7)
2026-10-07 17:52:02.292+00:00 | BftProcessorExecutor-QBFT-0 | INFO  | QbftBesuControllerBuilder | Imported #54 / 0 tx / 0 pending / 0 (0.0%) gas / (0x38583f98891c11c795b3396ae2600945895bdf10a733b84b0d33224412b0bd5a)
2026-10-07 17:52:02.292+00:00 | EthScheduler-Workers-0 | INFO  | PersistBlockTask | Block 54 (0x38583f98891c11c795b3396ae2600945895bdf10a733b84b0d33224412b0bd5a) is already imported
2026-10-07 17:52:04.279+00:00 | BftProcessorExecutor-QBFT-0 | INFO  | QbftBesuControllerBuilder | Imported #55 / 0 tx / 0 pending / 0 (0.0%) gas / (0xaa8a71d2e2ead9d7bad529e065d57fb87ac9c8c667d2189350ead0bf25fdf35c)
2026-10-07 17:52:06.298+00:00 | BftProcessorExecutor-QBFT-0 | INFO  | QbftBesuControllerBuilder | Imported #56 / 0 tx / 0 pending / 0 (0.0%) gas / (0x020c7a3be0f64be984cdcdf33b1c0ad967daaeaa379f70adad042606b0eac435)
2026-10-07 17:52:06.298+00:00 | EthScheduler-Workers-0 | INFO  | PersistBlockTask | Block 56 (0x020c7a3be0f64be984cdcdf33b1c0ad967daaeaa379f70adad042606b0eac435) is already imported
2026-10-07 17:52:08.295+00:00 | BftProcessorExecutor-QBFT-0 | INFO  | QbftBesuControllerBuilder | Imported #57 / 0 tx / 0 pending / 0 (0.0%) gas / (0xf3df44db18272b20ecefeaf0a433b96cf7b1fef935e17eb47705b5fb335e2254)
2026-10-07 17:52:10.304+00:00 | BftProcessorExecutor-QBFT-0 | INFO  | QbftBesuControllerBuilder | Imported #58 / 0 tx / 0 pending / 0 (0.0%) gas / (0x397022d69e36ebe9d1c7cad6f003359dd41e9ed9c3e04319aff854c0dd5938ea)
2026-10-07 17:52:12.276+00:00 | BftProcessorExecutor-QBFT-0 | INFO  | QbftBesuControllerBuilder | Imported #59 / 0 tx / 0 pending / 0 (0.0%) gas / (0xc0c9e66870ac2812d28371ffca26aa1ca0f3eecca6203e5fa7659b7bcfb40c70)
2026-10-07 17:52:14.297+00:00 | BftProcessorExecutor-QBFT-0 | INFO  | QbftBesuControllerBuilder | Imported #60 / 0 tx / 0 pending / 0 (0.0%) gas / (0x3e2f897bf1a4217eeeb18b58d56f2411ef814aa6b292a6c5ad4c9e00420401f6)
2026-10-07 17:52:14.297+00:00 | EthScheduler-Workers-0 | INFO  | PersistBlockTask | Block 60 (0x3e2f897bf1a4217eeeb18b58d56f2411ef814aa6b292a6c5ad4c9e00420401f6) is already imported
2026-10-07 17:52:16.297+00:00 | BftProcessorExecutor-QBFT-0 | INFO  | QbftBesuControllerBuilder | Imported #61 / 0 tx / 0 pending / 0 (0.0%) gas / (0xd722537bbef509e0f396f3056fc62e063b01a7d14af7a3f30e3fe191f290f41a)
2026-10-07 17:52:16.297+00:00 | EthScheduler-Workers-0 | INFO  | PersistBlockTask | Block 61 (0xd722537bbef509e0f396f3056fc62e063b01a7d14af7a3f30e3fe191f290f41a) is already imported
2026-10-07 17:52:18.293+00:00 | BftProcessorExecutor-QBFT-0 | INFO  | QbftBesuControllerBuilder | Imported #62 / 0 tx / 0 pending / 0 (0.0%) gas / (0x4ac5db356c76564db7009c9be1c3f79ff96363b7c044a7b7ddca677d57c4ea0c)
2026-10-07 17:52:20.312+00:00 | BftProcessorExecutor-QBFT-0 | INFO  | QbftBesuControllerBuilder | Imported #63 / 0 tx / 0 pending / 0 (0.0%) gas / (0xf87507ea111c73d14f169df9ac2cdc651ff8ff29e0f449f77855bc170d0e9e83)
2026-10-07 17:52:22.272+00:00 | BftProcessorExecutor-QBFT-0 | INFO  | QbftBesuControllerBuilder | Produced #64 / 0 tx / 0 pending / 0 (0.0%) gas / (0xbf8e57a9fc096996ab888a7796081ec0fe63eb20bfe9e78f9d6eb5119fb2b328)
2026-10-07 17:52:24.280+00:00 | BftProcessorExecutor-QBFT-0 | INFO  | QbftBesuControllerBuilder | Imported #65 / 0 tx / 0 pending / 0 (0.0%) gas / (0x4f1daa19b14eb1764805211cc766ac80048a3f9a66417785328348d549fc88de)
2026-10-07 17:52:26.293+00:00 | EthScheduler-Workers-0 | INFO  | PersistBlockTask | Block 66 (0xbe4dcef5228556f7ef91ab1e7e5e2ea1f29784749e9c0c4c1d871fe7b598bfe3) is already imported
2026-10-07 17:52:26.293+00:00 | BftProcessorExecutor-QBFT-0 | INFO  | QbftBesuControllerBuilder | Imported #66 / 0 tx / 0 pending / 0 (0.0%) gas / (0xbe4dcef5228556f7ef91ab1e7e5e2ea1f29784749e9c0c4c1d871fe7b598bfe3)
2026-10-07 17:52:28.274+00:00 | BftProcessorExecutor-QBFT-0 | INFO  | QbftBesuControllerBuilder | Imported #67 / 0 tx / 0 pending / 0 (0.0%) gas / (0x6a3010884913ada360a9f21f3c9736d55de3f2713fa35de2b72d58ba9da491a5)
2026-10-07 17:52:30.307+00:00 | EthScheduler-Workers-0 | INFO  | PersistBlockTask | Block 68 (0xf38f754e651e24046e5fbfac006991946eb3721b2514dd1b4fe62a554e10bf9f) is already imported
2026-10-07 17:52:30.308+00:00 | BftProcessorExecutor-QBFT-0 | INFO  | QbftBesuControllerBuilder | Imported #68 / 0 tx / 0 pending / 0 (0.0%) gas / (0xf38f754e651e24046e5fbfac006991946eb3721b2514dd1b4fe62a554e10bf9f)
2026-10-07 17:52:32.685+00:00 | EthScheduler-Workers-0 | INFO  | PersistBlockTask | Block 69 (0x524884ae2181bed742c5290ec318611c85e0b622ee969b60d8493869621cddfa) is already imported
2026-10-07 17:52:32.687+00:00 | BftProcessorExecutor-QBFT-0 | INFO  | QbftBesuControllerBuilder | Imported #69 / 14 tx / 423 pending / 3,387,580 (0.0%) gas / (0x524884ae2181bed742c5290ec318611c85e0b622ee969b60d8493869621cddfa)
2026-10-07 17:52:35.695+00:00 | EthScheduler-Workers-0 | INFO  | PersistBlockTask | Block 70 (0xe4e3c2e24ca7f88c277d45979e51a929c8baa3f2c4577c8360fe3900e90d7008) is already imported
2026-10-07 17:52:35.701+00:00 | BftProcessorExecutor-QBFT-0 | INFO  | QbftBesuControllerBuilder | Imported #70 / 64 tx / 1459 pending / 15,486,080 (0.0%) gas / (0xe4e3c2e24ca7f88c277d45979e51a929c8baa3f2c4577c8360fe3900e90d7008)
2026-10-07 17:52:38.161+00:00 | BftProcessorExecutor-QBFT-0 | INFO  | QbftBesuControllerBuilder | Imported #71 / 113 tx / 2241 pending / 27,342,610 (0.0%) gas / (0x47496101ce89a457ec2b4ce2e0aacf3fd6adea7318df2a3fc6cf43c833d82e6a)
2026-10-07 17:52:41.032+00:00 | EthScheduler-Workers-0 | INFO  | PersistBlockTask | Block 72 (0xe82035b960e7547d972e986a1351fd29425381a148a799adae387ba2c1a29b32) is already imported
2026-10-07 17:52:41.037+00:00 | BftProcessorExecutor-QBFT-0 | INFO  | QbftBesuControllerBuilder | Imported #72 / 166 tx / 3085 pending / 40,167,020 (0.0%) gas / (0xe82035b960e7547d972e986a1351fd29425381a148a799adae387ba2c1a29b32)
2026-10-07 17:52:45.054+00:00 | EthScheduler-Workers-0 | INFO  | PersistBlockTask | Block 73 (0xd1947e5696f9519bf5cd4a6c37e54a25632e2720519185653bd719e83a6413d9) is already imported
2026-10-07 17:52:45.062+00:00 | BftProcessorExecutor-QBFT-0 | INFO  | QbftBesuControllerBuilder | Imported #73 / 237 tx / 4155 pending / 57,346,890 (0.0%) gas / (0xd1947e5696f9519bf5cd4a6c37e54a25632e2720519185653bd719e83a6413d9)
2026-10-07 17:52:49.906+00:00 | BftProcessorExecutor-QBFT-0 | INFO  | QbftBesuControllerBuilder | Imported #74 / 317 tx / 5483 pending / 76,704,490 (0.0%) gas / (0xc9174b29eb305091bfe3267eb4b7dbab079b4604b5301e2ff34d51eb3847577b)
2026-10-07 17:52:54.826+00:00 | EthScheduler-Workers-0 | INFO  | PersistBlockTask | Block 75 (0xbbc4fd79e835a35d76f2d8497f1e0c5cf874f439de991bfacc8aaf2a9e6a7ea9) is already imported
2026-10-07 17:52:54.832+00:00 | BftProcessorExecutor-QBFT-0 | INFO  | QbftBesuControllerBuilder | Imported #75 / 324 tx / 6851 pending / 78,398,280 (0.0%) gas / (0xbbc4fd79e835a35d76f2d8497f1e0c5cf874f439de991bfacc8aaf2a9e6a7ea9)
2026-10-07 17:52:59.685+00:00 | EthScheduler-Workers-0 | INFO  | PersistBlockTask | Block 76 (0x3d1cc9bdf5215e53467d82f550665b128ae85e5ee88e071b0748504d00652aef) is already imported
2026-10-07 17:52:59.693+00:00 | BftProcessorExecutor-QBFT-0 | INFO  | QbftBesuControllerBuilder | Imported #76 / 329 tx / 8241 pending / 79,608,130 (0.0%) gas / (0x3d1cc9bdf5215e53467d82f550665b128ae85e5ee88e071b0748504d00652aef)
2026-10-07 17:53:04.403+00:00 | BftProcessorExecutor-QBFT-0 | INFO  | QbftBesuControllerBuilder | Imported #77 / 317 tx / 9803 pending / 76,704,490 (0.0%) gas / (0xa1318b9d491b9fc2b5bc218b74547f4f15891c8c20a28bfefd51d51f1ca1c0f7)
2026-10-07 17:53:09.327+00:00 | BftProcessorExecutor-QBFT-0 | INFO  | QbftBesuControllerBuilder | Imported #78 / 329 tx / 11226 pending / 79,608,130 (0.0%) gas / (0xd2083d073d29051bde40c4db8ee079c0aa6a019705f64c2d7a28ce59a6213493)
2026-10-07 17:53:10.837+00:00 | BftProcessorExecutor-QBFT-0 | WARN  | BlockTransactionSelector | Interrupting the selection of transactions for block inclusion as it exceeds the maximum configured duration of 1500ms
java.util.concurrent.TimeoutException
	at java.base/java.util.concurrent.CompletableFuture.timedGet(CompletableFuture.java:1960)
	at java.base/java.util.concurrent.CompletableFuture.get(CompletableFuture.java:2095)
	at org.hyperledger.besu.ethereum.blockcreation.txselection.BlockTransactionSelector.timeLimitedSelection(BlockTransactionSelector.java:186)
	at org.hyperledger.besu.ethereum.blockcreation.txselection.BlockTransactionSelector.buildTransactionListForBlock(BlockTransactionSelector.java:169)
	at org.hyperledger.besu.ethereum.blockcreation.AbstractBlockCreator.selectTransactions(AbstractBlockCreator.java:376)
	at org.hyperledger.besu.ethereum.blockcreation.AbstractBlockCreator.createBlock(AbstractBlockCreator.java:218)
	at org.hyperledger.besu.ethereum.blockcreation.AbstractBlockCreator.createBlock(AbstractBlockCreator.java:146)
	at org.hyperledger.besu.consensus.common.bft.blockcreation.BftBlockCreator.createBlock(BftBlockCreator.java:92)
	at org.hyperledger.besu.consensus.qbft.statemachine.QbftRound.createAndSendProposalMessage(QbftRound.java:137)
	at org.hyperledger.besu.consensus.qbft.statemachine.QbftBlockHeightManager.handleBlockTimerExpiry(QbftBlockHeightManager.java:140)
	at org.hyperledger.besu.consensus.common.bft.statemachine.BaseBftController.handleBlockTimerExpiry(BaseBftController.java:167)
	at org.hyperledger.besu.consensus.common.bft.EventMultiplexer.handleBftEvent(EventMultiplexer.java:65)
	at java.base/java.util.Optional.ifPresent(Optional.java:178)
	at org.hyperledger.besu.consensus.common.bft.BftProcessor.run(BftProcessor.java:65)
	at java.base/java.util.concurrent.ThreadPoolExecutor.runWorker(ThreadPoolExecutor.java:1144)
	at java.base/java.util.concurrent.ThreadPoolExecutor$Worker.run(ThreadPoolExecutor.java:642)
	at java.base/java.lang.Thread.run(Thread.java:1583)
2026-10-07 17:53:14.145+00:00 | EthScheduler-Workers-0 | INFO  | PersistBlockTask | Block 79 (0x14895359eb56868c050cd5cb0a179310646d5458a8ed62688b647273cbbe3507) is already imported
2026-10-07 17:53:14.150+00:00 | BftProcessorExecutor-QBFT-0 | INFO  | QbftBesuControllerBuilder | Produced #79 / 329 tx / 12807 pending / 79,608,130 (0.0%) gas / (0x14895359eb56868c050cd5cb0a179310646d5458a8ed62688b647273cbbe3507)
2026-10-07 17:53:19.041+00:00 | EthScheduler-Workers-0 | INFO  | PersistBlockTask | Block 80 (0xf1af53bef77e2f34bd1bb15e4243cd33362745d1ddcbf5c50cf9163fa99706e6) is already imported
2026-10-07 17:53:19.048+00:00 | BftProcessorExecutor-QBFT-0 | INFO  | QbftBesuControllerBuilder | Imported #80 / 334 tx / 13511 pending / 80,817,980 (0.0%) gas / (0xf1af53bef77e2f34bd1bb15e4243cd33362745d1ddcbf5c50cf9163fa99706e6)
2026-10-07 17:53:24.020+00:00 | BftProcessorExecutor-QBFT-0 | INFO  | QbftBesuControllerBuilder | Imported #81 / 335 tx / 13176 pending / 81,059,950 (0.0%) gas / (0xf7a27013231f6ca90d19ac01617340e319e3245637591870c20d7796b66f1249)
2026-10-07 17:53:29.009+00:00 | BftProcessorExecutor-QBFT-0 | INFO  | QbftBesuControllerBuilder | Imported #82 / 338 tx / 12838 pending / 81,785,860 (0.0%) gas / (0x6fd50fea5742b763e37a08081163d7dd2d8260c6f91232509e925b98a769c078)
2026-10-07 17:53:34.046+00:00 | BftProcessorExecutor-QBFT-0 | INFO  | QbftBesuControllerBuilder | Imported #83 / 334 tx / 12838 pending / 80,817,980 (0.0%) gas / (0x69f5bf36b483df78910b1cf7678c19f84bb8c498dc3169162bb41b5c672d824d)
2026-10-07 17:53:39.230+00:00 | EthScheduler-Workers-0 | INFO  | PersistBlockTask | Block 84 (0x6d86ff2b52cec58c78ac613efa98c0845290215298f7ef104ed8d1c6ff51114d) is already imported
2026-10-07 17:53:39.237+00:00 | BftProcessorExecutor-QBFT-0 | INFO  | QbftBesuControllerBuilder | Imported #84 / 344 tx / 12160 pending / 83,237,680 (0.0%) gas / (0x6d86ff2b52cec58c78ac613efa98c0845290215298f7ef104ed8d1c6ff51114d)
2026-10-07 17:53:44.118+00:00 | BftProcessorExecutor-QBFT-0 | INFO  | QbftBesuControllerBuilder | Imported #85 / 346 tx / 11814 pending / 83,721,620 (0.0%) gas / (0x85b60f99ed3bb8805e60ca18550f60f86d70930cf1deb9e4789ac2c8bd6f809a)
2026-10-07 17:53:49.108+00:00 | BftProcessorExecutor-QBFT-0 | INFO  | QbftBesuControllerBuilder | Imported #86 / 331 tx / 11483 pending / 80,092,070 (0.0%) gas / (0xe1e9e7251b6024995f09adff2989d54cab0f4a31ba176ece3c288d42724fe13e)
2026-10-07 17:53:54.127+00:00 | EthScheduler-Workers-0 | INFO  | PersistBlockTask | Block 87 (0xd07268e702d59a5c6105a9a8feb30a93d8d23e92307c7073bdde94830ae7390e) is already imported
2026-10-07 17:53:54.135+00:00 | BftProcessorExecutor-QBFT-0 | INFO  | QbftBesuControllerBuilder | Imported #87 / 342 tx / 11141 pending / 82,753,740 (0.0%) gas / (0xd07268e702d59a5c6105a9a8feb30a93d8d23e92307c7073bdde94830ae7390e)
2026-10-07 17:53:59.332+00:00 | EthScheduler-Workers-0 | INFO  | PersistBlockTask | Block 88 (0x49baf69f278b56f16abea8bf910a262894753e25ab6fa72964a5c15d9cb1a255) is already imported
2026-10-07 17:53:59.338+00:00 | BftProcessorExecutor-QBFT-0 | INFO  | QbftBesuControllerBuilder | Imported #88 / 345 tx / 10796 pending / 83,479,650 (0.0%) gas / (0x49baf69f278b56f16abea8bf910a262894753e25ab6fa72964a5c15d9cb1a255)
2026-10-07 17:54:04.356+00:00 | BftProcessorExecutor-QBFT-0 | INFO  | QbftBesuControllerBuilder | Imported #89 / 342 tx / 10454 pending / 82,753,740 (0.0%) gas / (0x9fda0643b7925f43f1e0651a6b9824102fe6d83f049195db0bbf5370fb26c72c)
2026-10-07 17:54:09.398+00:00 | EthScheduler-Workers-0 | INFO  | PersistBlockTask | Block 90 (0x96f92ca0d8950cf4c25ad785849481c98738a4411cbed3cf7f7050163fdc4f35) is already imported
2026-10-07 17:54:09.405+00:00 | BftProcessorExecutor-QBFT-0 | INFO  | QbftBesuControllerBuilder | Imported #90 / 344 tx / 10110 pending / 83,237,680 (0.0%) gas / (0x96f92ca0d8950cf4c25ad785849481c98738a4411cbed3cf7f7050163fdc4f35)
2026-10-07 17:54:14.461+00:00 | EthScheduler-Workers-0 | INFO  | PersistBlockTask | Block 91 (0x14988c74b90282f30607944f1b1dfc6dc6fa759b6b34f096e099ac4e5a7418bc) is already imported
2026-10-07 17:54:14.467+00:00 | BftProcessorExecutor-QBFT-0 | INFO  | QbftBesuControllerBuilder | Imported #91 / 344 tx / 9766 pending / 83,237,680 (0.0%) gas / (0x14988c74b90282f30607944f1b1dfc6dc6fa759b6b34f096e099ac4e5a7418bc)
2026-10-07 17:54:19.575+00:00 | BftProcessorExecutor-QBFT-0 | INFO  | QbftBesuControllerBuilder | Imported #92 / 348 tx / 9418 pending / 84,205,560 (0.0%) gas / (0xe9e874c8e5618d8cf4c1225ba33e7d340b0b60f8009b1fecbd4400df2ac8dc48)
2026-10-07 17:54:24.694+00:00 | EthScheduler-Workers-0 | INFO  | PersistBlockTask | Block 93 (0x9e836d9c5437522c3d98444ca6843cf8bdf092456549205f6ff7457a1b3ca9d9) is already imported
2026-10-07 17:54:24.702+00:00 | BftProcessorExecutor-QBFT-0 | INFO  | QbftBesuControllerBuilder | Imported #93 / 335 tx / 9083 pending / 81,059,950 (0.0%) gas / (0x9e836d9c5437522c3d98444ca6843cf8bdf092456549205f6ff7457a1b3ca9d9)
2026-10-07 17:54:26.208+00:00 | BftProcessorExecutor-QBFT-0 | WARN  | BlockTransactionSelector | Interrupting the selection of transactions for block inclusion as it exceeds the maximum configured duration of 1500ms
java.util.concurrent.TimeoutException
	at java.base/java.util.concurrent.CompletableFuture.timedGet(CompletableFuture.java:1960)
	at java.base/java.util.concurrent.CompletableFuture.get(CompletableFuture.java:2095)
	at org.hyperledger.besu.ethereum.blockcreation.txselection.BlockTransactionSelector.timeLimitedSelection(BlockTransactionSelector.java:186)
	at org.hyperledger.besu.ethereum.blockcreation.txselection.BlockTransactionSelector.buildTransactionListForBlock(BlockTransactionSelector.java:169)
	at org.hyperledger.besu.ethereum.blockcreation.AbstractBlockCreator.selectTransactions(AbstractBlockCreator.java:376)
	at org.hyperledger.besu.ethereum.blockcreation.AbstractBlockCreator.createBlock(AbstractBlockCreator.java:218)
	at org.hyperledger.besu.ethereum.blockcreation.AbstractBlockCreator.createBlock(AbstractBlockCreator.java:146)
	at org.hyperledger.besu.consensus.common.bft.blockcreation.BftBlockCreator.createBlock(BftBlockCreator.java:92)
	at org.hyperledger.besu.consensus.qbft.statemachine.QbftRound.createAndSendProposalMessage(QbftRound.java:137)
	at org.hyperledger.besu.consensus.qbft.statemachine.QbftBlockHeightManager.handleBlockTimerExpiry(QbftBlockHeightManager.java:140)
	at org.hyperledger.besu.consensus.common.bft.statemachine.BaseBftController.handleBlockTimerExpiry(BaseBftController.java:167)
	at org.hyperledger.besu.consensus.common.bft.EventMultiplexer.handleBftEvent(EventMultiplexer.java:65)
	at java.base/java.util.Optional.ifPresent(Optional.java:178)
	at org.hyperledger.besu.consensus.common.bft.BftProcessor.run(BftProcessor.java:65)
	at java.base/java.util.concurrent.ThreadPoolExecutor.runWorker(ThreadPoolExecutor.java:1144)
	at java.base/java.util.concurrent.ThreadPoolExecutor$Worker.run(ThreadPoolExecutor.java:642)
	at java.base/java.lang.Thread.run(Thread.java:1583)
2026-10-07 17:54:29.844+00:00 | BftProcessorExecutor-QBFT-0 | INFO  | QbftBesuControllerBuilder | Produced #94 / 347 tx / 8736 pending / 83,963,590 (0.0%) gas / (0x2465a0833e9afb547c761f96877dfadeb1051e3f65c3c98a8681e61d2cb737ac)
2026-10-07 17:54:34.815+00:00 | BftProcessorExecutor-QBFT-0 | INFO  | QbftBesuControllerBuilder | Imported #95 / 345 tx / 8391 pending / 83,479,650 (0.0%) gas / (0xefc140d57fd709c4b662f0df2622f2e5ec31814942155503480739e9258804a0)
2026-10-07 17:54:39.991+00:00 | EthScheduler-Workers-0 | INFO  | PersistBlockTask | Block 96 (0x641735a0f271e05bd436fb2e686241189e85c77672f4915e19271c07496a791b) is already imported
2026-10-07 17:54:39.996+00:00 | BftProcessorExecutor-QBFT-0 | INFO  | QbftBesuControllerBuilder | Imported #96 / 348 tx / 8043 pending / 84,205,560 (0.0%) gas / (0x641735a0f271e05bd436fb2e686241189e85c77672f4915e19271c07496a791b)
2026-10-07 17:54:44.966+00:00 | BftProcessorExecutor-QBFT-0 | INFO  | QbftBesuControllerBuilder | Imported #97 / 345 tx / 7698 pending / 83,479,650 (0.0%) gas / (0x56058585b2033e03d839eaf565a0c9763d0d94ae809eaf56f0cebcaab5f574c4)
2026-10-07 17:54:50.144+00:00 | EthScheduler-Workers-0 | INFO  | PersistBlockTask | Block 98 (0x35a12c5340159fff136c617bb2d19da94b085dd420f8ca7ae671e97382e39b5f) is already imported
2026-10-07 17:54:50.148+00:00 | BftProcessorExecutor-QBFT-0 | INFO  | QbftBesuControllerBuilder | Imported #98 / 336 tx / 7362 pending / 81,301,920 (0.0%) gas / (0x35a12c5340159fff136c617bb2d19da94b085dd420f8ca7ae671e97382e39b5f)
2026-10-07 17:54:55.294+00:00 | EthScheduler-Workers-0 | INFO  | PersistBlockTask | Block 99 (0xa0410da7bd47b6ec8ba096844cff7a6c9e4c0ec5e4d22cbd59c97fbae352be16) is already imported
2026-10-07 17:54:55.298+00:00 | BftProcessorExecutor-QBFT-0 | INFO  | QbftBesuControllerBuilder | Imported #99 / 343 tx / 7019 pending / 82,995,710 (0.0%) gas / (0xa0410da7bd47b6ec8ba096844cff7a6c9e4c0ec5e4d22cbd59c97fbae352be16)
2026-10-07 17:55:00.189+00:00 | BftProcessorExecutor-QBFT-0 | INFO  | QbftBesuControllerBuilder | Imported #100 / 344 tx / 6675 pending / 83,237,680 (0.0%) gas / (0xeec59caafef294469f6a41dfdb76a0a9601f7f8534ad7de4b21625fd4107eb58)
2026-10-07 17:55:05.320+00:00 | BftProcessorExecutor-QBFT-0 | INFO  | QbftBesuControllerBuilder | Imported #101 / 344 tx / 6331 pending / 83,237,680 (0.0%) gas / (0x0863ebbbe0ac7ae722c4ed88f2dad6b1d61b8f3943be582eb0520281f46b7149)
2026-10-07 17:55:10.412+00:00 | BftProcessorExecutor-QBFT-0 | INFO  | QbftBesuControllerBuilder | Imported #102 / 344 tx / 5987 pending / 83,237,680 (0.0%) gas / (0x5c5c3d3374d8b68aca9661df6667379ab9e05bd84760fc0f77e6d4201e9453f1)
2026-10-07 17:55:15.507+00:00 | BftProcessorExecutor-QBFT-0 | INFO  | QbftBesuControllerBuilder | Imported #103 / 329 tx / 5658 pending / 79,608,130 (0.0%) gas / (0xee0cd96eabb2caf04d27b040ddad0f000de32c9c7293926595b19a6b0722aa02)
2026-10-07 17:55:20.679+00:00 | BftProcessorExecutor-QBFT-0 | INFO  | QbftBesuControllerBuilder | Imported #104 / 347 tx / 5311 pending / 83,963,590 (0.0%) gas / (0x1829b6416cf8c6063d6d09c4be812310bbe192a3a24bb3b7a2dee95f315d92a4)
2026-10-07 17:55:25.667+00:00 | EthScheduler-Workers-0 | INFO  | PersistBlockTask | Block 105 (0x339b2b728a8ddc6f260adb23f25e1c30629f21a78ae048ff6cb8a9f2ea2f864b) is already imported
2026-10-07 17:55:25.675+00:00 | BftProcessorExecutor-QBFT-0 | INFO  | QbftBesuControllerBuilder | Imported #105 / 338 tx / 4973 pending / 81,785,860 (0.0%) gas / (0x339b2b728a8ddc6f260adb23f25e1c30629f21a78ae048ff6cb8a9f2ea2f864b)
2026-10-07 17:55:30.697+00:00 | EthScheduler-Workers-0 | INFO  | PersistBlockTask | Block 106 (0x1d915e82e67d4db103105c379766f26db78b07f71946116cd35a2e23b996a865) is already imported
2026-10-07 17:55:30.700+00:00 | BftProcessorExecutor-QBFT-0 | INFO  | QbftBesuControllerBuilder | Imported #106 / 347 tx / 4626 pending / 83,963,590 (0.0%) gas / (0x1d915e82e67d4db103105c379766f26db78b07f71946116cd35a2e23b996a865)
2026-10-07 17:55:35.867+00:00 | EthScheduler-Workers-0 | INFO  | PersistBlockTask | Block 107 (0x89a2ded077f3a23dc2b5a42fda0e3e0160cbfa7a1528a96d23f49c19eda51aee) is already imported
2026-10-07 17:55:35.871+00:00 | BftProcessorExecutor-QBFT-0 | INFO  | QbftBesuControllerBuilder | Imported #107 / 345 tx / 4281 pending / 83,479,650 (0.0%) gas / (0x89a2ded077f3a23dc2b5a42fda0e3e0160cbfa7a1528a96d23f49c19eda51aee)
2026-10-07 17:55:40.941+00:00 | BftProcessorExecutor-QBFT-0 | INFO  | QbftBesuControllerBuilder | Imported #108 / 332 tx / 3949 pending / 80,334,040 (0.0%) gas / (0x2ff94f150e6bb90fd689ffb4efe4f1d4e651baa0f1a98ff100edbfa5df4068cb)
2026-10-07 17:55:42.445+00:00 | BftProcessorExecutor-QBFT-0 | WARN  | BlockTransactionSelector | Interrupting the selection of transactions for block inclusion as it exceeds the maximum configured duration of 1500ms
java.util.concurrent.TimeoutException
	at java.base/java.util.concurrent.CompletableFuture.timedGet(CompletableFuture.java:1960)
	at java.base/java.util.concurrent.CompletableFuture.get(CompletableFuture.java:2095)
	at org.hyperledger.besu.ethereum.blockcreation.txselection.BlockTransactionSelector.timeLimitedSelection(BlockTransactionSelector.java:186)
	at org.hyperledger.besu.ethereum.blockcreation.txselection.BlockTransactionSelector.buildTransactionListForBlock(BlockTransactionSelector.java:169)
	at org.hyperledger.besu.ethereum.blockcreation.AbstractBlockCreator.selectTransactions(AbstractBlockCreator.java:376)
	at org.hyperledger.besu.ethereum.blockcreation.AbstractBlockCreator.createBlock(AbstractBlockCreator.java:218)
	at org.hyperledger.besu.ethereum.blockcreation.AbstractBlockCreator.createBlock(AbstractBlockCreator.java:146)
	at org.hyperledger.besu.consensus.common.bft.blockcreation.BftBlockCreator.createBlock(BftBlockCreator.java:92)
	at org.hyperledger.besu.consensus.qbft.statemachine.QbftRound.createAndSendProposalMessage(QbftRound.java:137)
	at org.hyperledger.besu.consensus.qbft.statemachine.QbftBlockHeightManager.handleBlockTimerExpiry(QbftBlockHeightManager.java:140)
	at org.hyperledger.besu.consensus.common.bft.statemachine.BaseBftController.handleBlockTimerExpiry(BaseBftController.java:167)
	at org.hyperledger.besu.consensus.common.bft.EventMultiplexer.handleBftEvent(EventMultiplexer.java:65)
	at java.base/java.util.Optional.ifPresent(Optional.java:178)
	at org.hyperledger.besu.consensus.common.bft.BftProcessor.run(BftProcessor.java:65)
	at java.base/java.util.concurrent.ThreadPoolExecutor.runWorker(ThreadPoolExecutor.java:1144)
	at java.base/java.util.concurrent.ThreadPoolExecutor$Worker.run(ThreadPoolExecutor.java:642)
	at java.base/java.lang.Thread.run(Thread.java:1583)
2026-10-07 17:55:46.017+00:00 | EthScheduler-Workers-0 | INFO  | PersistBlockTask | Block 109 (0x4cf432b3821ae93de4f1a5ecf88995fd95e639e803dedd1ebcb6a33055b074c2) is already imported
2026-10-07 17:55:46.019+00:00 | BftProcessorExecutor-QBFT-0 | INFO  | QbftBesuControllerBuilder | Produced #109 / 338 tx / 3611 pending / 81,785,860 (0.0%) gas / (0x4cf432b3821ae93de4f1a5ecf88995fd95e639e803dedd1ebcb6a33055b074c2)
2026-10-07 17:55:50.933+00:00 | EthScheduler-Workers-0 | INFO  | PersistBlockTask | Block 110 (0xcef3312f6b626be2c828dc943413c00cef8d6a1c80b0d3159ae3a9a058b911b7) is already imported
2026-10-07 17:55:50.939+00:00 | BftProcessorExecutor-QBFT-0 | INFO  | QbftBesuControllerBuilder | Imported #110 / 334 tx / 3277 pending / 80,817,980 (0.0%) gas / (0xcef3312f6b626be2c828dc943413c00cef8d6a1c80b0d3159ae3a9a058b911b7)
2026-10-07 17:55:56.050+00:00 | BftProcessorExecutor-QBFT-0 | INFO  | QbftBesuControllerBuilder | Imported #111 / 344 tx / 2933 pending / 83,237,680 (0.0%) gas / (0x31bc9e0a1043aceabaaa1c9c134247187b69a9751423ec317f47aad0e18d7cc6)
2026-10-07 17:56:01.094+00:00 | EthScheduler-Workers-0 | INFO  | PersistBlockTask | Block 112 (0x9b11cecfb6d6eca577d9bb471cc57daa21583c9e96a93e5db3c5d8adb97a5faa) is already imported
2026-10-07 17:56:01.097+00:00 | BftProcessorExecutor-QBFT-0 | INFO  | QbftBesuControllerBuilder | Imported #112 / 351 tx / 2582 pending / 84,931,470 (0.0%) gas / (0x9b11cecfb6d6eca577d9bb471cc57daa21583c9e96a93e5db3c5d8adb97a5faa)
2026-10-07 17:56:06.289+00:00 | BftProcessorExecutor-QBFT-0 | INFO  | QbftBesuControllerBuilder | Imported #113 / 346 tx / 2236 pending / 83,721,620 (0.0%) gas / (0x49237c95fe17bba973e827ff44cf52fe739ee39db6dc95b6d52b3e0a176aa0f4)
2026-10-07 17:56:11.473+00:00 | EthScheduler-Workers-0 | INFO  | PersistBlockTask | Block 114 (0xbdfe131cece586271764f06cbc9551e88c1f213f49850e99d3c2c09a449e9bfb) is already imported
2026-10-07 17:56:11.476+00:00 | BftProcessorExecutor-QBFT-0 | INFO  | QbftBesuControllerBuilder | Imported #114 / 345 tx / 1891 pending / 83,479,650 (0.0%) gas / (0xbdfe131cece586271764f06cbc9551e88c1f213f49850e99d3c2c09a449e9bfb)
2026-10-07 17:56:16.325+00:00 | BftProcessorExecutor-QBFT-0 | INFO  | QbftBesuControllerBuilder | Imported #115 / 335 tx / 1556 pending / 81,059,950 (0.0%) gas / (0xf16b71c4f5eaf8cc9d9d7c51d4ec2295bd9ec9bd184aab9ad2569da4b363288a)
2026-10-07 17:56:20.963+00:00 | EthScheduler-Workers-0 | INFO  | PersistBlockTask | Block 116 (0x20ffb2d052a382dc342ee5a4d574da059180925dfb99b1392454c610242e9a55) is already imported
2026-10-07 17:56:20.968+00:00 | BftProcessorExecutor-QBFT-0 | INFO  | QbftBesuControllerBuilder | Imported #116 / 301 tx / 1255 pending / 72,832,970 (0.0%) gas / (0x20ffb2d052a382dc342ee5a4d574da059180925dfb99b1392454c610242e9a55)
2026-10-07 17:56:24.508+00:00 | BftProcessorExecutor-QBFT-0 | INFO  | QbftBesuControllerBuilder | Imported #117 / 237 tx / 1018 pending / 57,346,890 (0.0%) gas / (0x23e2e2ebe66a62a7c1d84bc70fcbf53d4b55c93e46a63175defb8414a843ca8e)
2026-10-07 17:56:27.287+00:00 | EthScheduler-Workers-0 | INFO  | PersistBlockTask | Block 118 (0x8684708039f05f804cfaea602f3c7356e7a1273d71d6dad4e7e91ae841812bc0) is already imported
2026-10-07 17:56:27.288+00:00 | BftProcessorExecutor-QBFT-0 | INFO  | QbftBesuControllerBuilder | Imported #118 / 178 tx / 840 pending / 43,070,660 (0.0%) gas / (0x8684708039f05f804cfaea602f3c7356e7a1273d71d6dad4e7e91ae841812bc0)
2026-10-07 17:56:28.717+00:00 | EthScheduler-Workers-0 | INFO  | PersistBlockTask | Block 119 (0xc062a7c6d364a1b33a048e9db263852e535041433dfed0e0177c033a30afe901) is already imported
2026-10-07 17:56:28.718+00:00 | BftProcessorExecutor-QBFT-0 | INFO  | QbftBesuControllerBuilder | Imported #119 / 83 tx / 757 pending / 20,083,510 (0.0%) gas / (0xc062a7c6d364a1b33a048e9db263852e535041433dfed0e0177c033a30afe901)
2026-10-07 17:56:30.565+00:00 | EthScheduler-Workers-0 | INFO  | PersistBlockTask | Block 120 (0x78578ff6bdbf7c7bc0c4e1d231cf7a3acd86c425342a903ae1cd1985d20fa490) is already imported
2026-10-07 17:56:30.567+00:00 | BftProcessorExecutor-QBFT-0 | INFO  | QbftBesuControllerBuilder | Imported #120 / 92 tx / 665 pending / 22,261,240 (0.0%) gas / (0x78578ff6bdbf7c7bc0c4e1d231cf7a3acd86c425342a903ae1cd1985d20fa490)
2026-10-07 17:56:32.402+00:00 | BftProcessorExecutor-QBFT-0 | INFO  | QbftBesuControllerBuilder | Imported #121 / 78 tx / 587 pending / 18,873,660 (0.0%) gas / (0x2fadfcc05dd993ec36e7d1ee7666bd389db876558be5aca6827fad4f6e74870c)
2026-10-07 17:56:34.536+00:00 | EthScheduler-Workers-0 | INFO  | PersistBlockTask | Block 122 (0x87c394bfe5c044f8a7a2ee36bee2b2ef295cece12c7f176cfe8feb9d45c7bbc9) is already imported
2026-10-07 17:56:34.537+00:00 | BftProcessorExecutor-QBFT-0 | INFO  | QbftBesuControllerBuilder | Imported #122 / 88 tx / 499 pending / 21,293,360 (0.0%) gas / (0x87c394bfe5c044f8a7a2ee36bee2b2ef295cece12c7f176cfe8feb9d45c7bbc9)
2026-10-07 17:56:36.731+00:00 | EthScheduler-Workers-0 | INFO  | PersistBlockTask | Block 123 (0xbedb1a98d134e2273f0c4ccddbd2180ee4ac95d5933484784c0923b9933504cf) is already imported
2026-10-07 17:56:36.732+00:00 | BftProcessorExecutor-QBFT-0 | INFO  | QbftBesuControllerBuilder | Imported #123 / 102 tx / 397 pending / 24,680,940 (0.0%) gas / (0xbedb1a98d134e2273f0c4ccddbd2180ee4ac95d5933484784c0923b9933504cf)
2026-10-07 17:56:38.386+00:00 | BftProcessorExecutor-QBFT-0 | INFO  | QbftBesuControllerBuilder | Produced #124 / 84 tx / 313 pending / 20,325,480 (0.0%) gas / (0x2db13ad4335ed5014273426d1ab55d628b33fadd8d9c8ae70c1ab5137455bbb0)
2026-10-07 17:56:40.363+00:00 | BftProcessorExecutor-QBFT-0 | INFO  | QbftBesuControllerBuilder | Imported #125 / 77 tx / 236 pending / 18,631,690 (0.0%) gas / (0xab9b89ef9f7aa90fa1854a38641966d0477d5e452fe81182a120bb3cfc4317f4)
2026-10-07 17:56:40.363+00:00 | EthScheduler-Workers-0 | INFO  | PersistBlockTask | Block 125 (0xab9b89ef9f7aa90fa1854a38641966d0477d5e452fe81182a120bb3cfc4317f4) is already imported
2026-10-07 17:56:42.187+00:00 | BftProcessorExecutor-QBFT-0 | INFO  | QbftBesuControllerBuilder | Imported #126 / 63 tx / 173 pending / 15,244,110 (0.0%) gas / (0x7eda3e48c344b32d5d96af06e4478e48ed37bed432b37c01e4127a91455ba1ac)
2026-10-07 17:56:42.188+00:00 | EthScheduler-Workers-0 | INFO  | PersistBlockTask | Block 126 (0x7eda3e48c344b32d5d96af06e4478e48ed37bed432b37c01e4127a91455ba1ac) is already imported
2026-10-07 17:56:44.103+00:00 | EthScheduler-Workers-0 | INFO  | PersistBlockTask | Block 127 (0xb5cf51ec8aac799a62f72db07380fcd07a597568d822c7b44657f73d6f649a3f) is already imported
2026-10-07 17:56:44.104+00:00 | BftProcessorExecutor-QBFT-0 | INFO  | QbftBesuControllerBuilder | Imported #127 / 56 tx / 117 pending / 13,550,320 (0.0%) gas / (0xb5cf51ec8aac799a62f72db07380fcd07a597568d822c7b44657f73d6f649a3f)
2026-10-07 17:56:46.321+00:00 | EthScheduler-Workers-0 | INFO  | PersistBlockTask | Block 128 (0x7b3ba75e2dd2038d63ab3c785d2b9525f6be8b55faabaf571e0f6b1680ab814e) is already imported
2026-10-07 17:56:46.322+00:00 | BftProcessorExecutor-QBFT-0 | INFO  | QbftBesuControllerBuilder | Imported #128 / 74 tx / 43 pending / 17,905,780 (0.0%) gas / (0x7b3ba75e2dd2038d63ab3c785d2b9525f6be8b55faabaf571e0f6b1680ab814e)
2026-10-07 17:56:47.842+00:00 | BftProcessorExecutor-QBFT-0 | INFO  | QbftBesuControllerBuilder | Imported #129 / 43 tx / 0 pending / 10,404,710 (0.0%) gas / (0xc9e59962928ecfa18bf459ff8557867397f52aea4a163a866f9e0d42a4da62ec)
2026-10-07 17:56:49.273+00:00 | EthScheduler-Workers-0 | INFO  | PersistBlockTask | Block 130 (0x683c81aa3238a941e50d17ebc571a8793f577034bd53dd379aa82638161af16f) is already imported
2026-10-07 17:56:49.273+00:00 | BftProcessorExecutor-QBFT-0 | INFO  | QbftBesuControllerBuilder | Imported #130 / 0 tx / 0 pending / 0 (0.0%) gas / (0x683c81aa3238a941e50d17ebc571a8793f577034bd53dd379aa82638161af16f)
2026-10-07 17:56:51.293+00:00 | BftProcessorExecutor-QBFT-0 | INFO  | QbftBesuControllerBuilder | Imported #131 / 0 tx / 0 pending / 0 (0.0%) gas / (0x9fb1782bf2f13bc54de2cb83f9463100d1d4f8b33c7b8c3965c2365a58e6a456)
2026-10-07 17:56:51.293+00:00 | EthScheduler-Workers-0 | INFO  | PersistBlockTask | Block 131 (0x9fb1782bf2f13bc54de2cb83f9463100d1d4f8b33c7b8c3965c2365a58e6a456) is already imported
2026-10-07 17:56:53.301+00:00 | EthScheduler-Workers-0 | INFO  | PersistBlockTask | Block 132 (0xfa375609f2cd342c14955b958bdea2331f4cd827754ea81c56e4aca4c645b125) is already imported
2026-10-07 17:56:53.302+00:00 | BftProcessorExecutor-QBFT-0 | INFO  | QbftBesuControllerBuilder | Imported #132 / 0 tx / 0 pending / 0 (0.0%) gas / (0xfa375609f2cd342c14955b958bdea2331f4cd827754ea81c56e4aca4c645b125)
2026-10-07 17:56:55.301+00:00 | EthScheduler-Workers-0 | INFO  | PersistBlockTask | Imported #133 / 0 tx / 0 om / 0 (0.0%) gas / (0xcf56e16bb8de12f89e41edbf0253915115312ac0d9a8b0cad336d2a33578db60) in 0.001s. Peers: 14
2026-10-07 17:56:55.302+00:00 | BftProcessorExecutor-QBFT-0 | INFO  | QbftBesuControllerBuilder | Imported #133 / 0 tx / 0 pending / 0 (0.0%) gas / (0xcf56e16bb8de12f89e41edbf0253915115312ac0d9a8b0cad336d2a33578db60)
2026-10-07 17:56:57.446+00:00 | EthScheduler-Workers-0 | INFO  | PersistBlockTask | Block 134 (0xb6fd3daf97382026cea95e2975e9bebcb2150e8583aaa830aabe08756c73ae0d) is already imported
2026-10-07 17:56:57.447+00:00 | BftProcessorExecutor-QBFT-0 | INFO  | QbftBesuControllerBuilder | Imported #134 / 20 tx / 383 pending / 3,072,724 (0.0%) gas / (0xb6fd3daf97382026cea95e2975e9bebcb2150e8583aaa830aabe08756c73ae0d)
2026-10-07 17:56:59.497+00:00 | EthScheduler-Workers-0 | INFO  | PersistBlockTask | Block 135 (0xa892760c863bc79450871d1d04362f71fe71d907dc779aec2212aee9fb16c60a) is already imported
2026-10-07 17:56:59.498+00:00 | BftProcessorExecutor-QBFT-0 | INFO  | QbftBesuControllerBuilder | Imported #135 / 54 tx / 848 pending / 8,296,304 (0.0%) gas / (0xa892760c863bc79450871d1d04362f71fe71d907dc779aec2212aee9fb16c60a)
2026-10-07 17:57:01.622+00:00 | EthScheduler-Workers-0 | INFO  | PersistBlockTask | Block 136 (0xfc192195a62e69bcc49f993c86740ff50ce0ee6c0d199db5ac8e1dc7258a7d6d) is already imported
2026-10-07 17:57:01.623+00:00 | BftProcessorExecutor-QBFT-0 | INFO  | QbftBesuControllerBuilder | Imported #136 / 90 tx / 1330 pending / 13,827,120 (0.0%) gas / (0xfc192195a62e69bcc49f993c86740ff50ce0ee6c0d199db5ac8e1dc7258a7d6d)
2026-10-07 17:57:03.646+00:00 | BftProcessorExecutor-QBFT-0 | INFO  | QbftBesuControllerBuilder | Imported #137 / 132 tx / 1752 pending / 20,279,944 (0.0%) gas / (0x5891a5f1c3922c7e515618efcbd7cbf2b3e95cb94dcd9be402f08f592e422e41)
2026-10-07 17:57:05.947+00:00 | EthScheduler-Workers-0 | INFO  | PersistBlockTask | Block 138 (0x4ff5ebb844d697aec65989cd90bcb7e0a37de4c1d768d5d8ca9c570efe0a894f) is already imported
2026-10-07 17:57:05.948+00:00 | BftProcessorExecutor-QBFT-0 | INFO  | QbftBesuControllerBuilder | Imported #138 / 137 tx / 1615 pending / 21,047,722 (0.0%) gas / (0x4ff5ebb844d697aec65989cd90bcb7e0a37de4c1d768d5d8ca9c570efe0a894f)
2026-10-07 17:57:07.929+00:00 | BftProcessorExecutor-QBFT-0 | INFO  | QbftBesuControllerBuilder | Produced #139 / 137 tx / 1478 pending / 21,047,754 (0.0%) gas / (0x88caa8acdced13ee072cf86b3b0204b43add7b9aa725f923ef08cd8ee88d1461)
2026-10-07 17:57:09.808+00:00 | EthScheduler-Workers-0 | INFO  | PersistBlockTask | Block 140 (0x3c08cc7a4cd850d83153dd747330367065b5455f8a3c247c3151bfbe456636ed) is already imported
2026-10-07 17:57:09.809+00:00 | BftProcessorExecutor-QBFT-0 | INFO  | QbftBesuControllerBuilder | Imported #140 / 136 tx / 1342 pending / 20,894,228 (0.0%) gas / (0x3c08cc7a4cd850d83153dd747330367065b5455f8a3c247c3151bfbe456636ed)
2026-10-07 17:57:11.904+00:00 | BftProcessorExecutor-QBFT-0 | INFO  | QbftBesuControllerBuilder | Imported #141 / 136 tx / 1206 pending / 20,894,152 (0.0%) gas / (0x37714fd369ae126facda9a7b4e52b4905b7f4049a9b63393ac8660f9c65fd6e4)
2026-10-07 17:57:13.966+00:00 | EthScheduler-Workers-0 | INFO  | PersistBlockTask | Block 142 (0x32c8e4f894af7a24c853be0ef025f38b0a961dcc44694c33de975bf8397fef33) is already imported
2026-10-07 17:57:13.967+00:00 | BftProcessorExecutor-QBFT-0 | INFO  | QbftBesuControllerBuilder | Imported #142 / 136 tx / 1070 pending / 20,894,128 (0.0%) gas / (0x32c8e4f894af7a24c853be0ef025f38b0a961dcc44694c33de975bf8397fef33)
2026-10-07 17:57:16.058+00:00 | BftProcessorExecutor-QBFT-0 | INFO  | QbftBesuControllerBuilder | Imported #143 / 136 tx / 934 pending / 20,893,980 (0.0%) gas / (0x625b60e957b7ebe05f70ac2088ac32b2cf441302178a80370a02dfa1c6528c09)
2026-10-07 17:57:18.022+00:00 | EthScheduler-Workers-0 | INFO  | PersistBlockTask | Block 144 (0xc5036172ecd2c1eb93da3c750a4fb373cf1acf5a93f169960c6473899c54680e) is already imported
2026-10-07 17:57:18.023+00:00 | BftProcessorExecutor-QBFT-0 | INFO  | QbftBesuControllerBuilder | Imported #144 / 136 tx / 798 pending / 20,894,280 (0.0%) gas / (0xc5036172ecd2c1eb93da3c750a4fb373cf1acf5a93f169960c6473899c54680e)
2026-10-07 17:57:19.784+00:00 | EthScheduler-Workers-0 | INFO  | PersistBlockTask | Block 145 (0x48ccb79ddc63ea0471ce884257518732e3d107647db44365da3641cee434c5f7) is already imported
2026-10-07 17:57:19.785+00:00 | BftProcessorExecutor-QBFT-0 | INFO  | QbftBesuControllerBuilder | Imported #145 / 136 tx / 662 pending / 20,894,140 (0.0%) gas / (0x48ccb79ddc63ea0471ce884257518732e3d107647db44365da3641cee434c5f7)
2026-10-07 17:57:21.991+00:00 | BftProcessorExecutor-QBFT-0 | INFO  | QbftBesuControllerBuilder | Imported #146 / 136 tx / 526 pending / 20,894,276 (0.0%) gas / (0x349b76f195b9ecc1992ebbad57f9a1e8435f2ce0a280f045a6f03a150c199120)
2026-10-07 17:57:24.011+00:00 | BftProcessorExecutor-QBFT-0 | INFO  | QbftBesuControllerBuilder | Imported #147 / 136 tx / 390 pending / 20,894,268 (0.0%) gas / (0x8a4b30d82815035c4d8ecbc77a7167109e035650253dacbc75f561665022497a)
2026-10-07 17:57:26.050+00:00 | EthScheduler-Workers-0 | INFO  | PersistBlockTask | Block 148 (0x3f5c40d99d4f7efc4d1bf1219b289ce1fb717349b471171734d2bb21f6cb08fe) is already imported
2026-10-07 17:57:26.051+00:00 | BftProcessorExecutor-QBFT-0 | INFO  | QbftBesuControllerBuilder | Imported #148 / 136 tx / 254 pending / 20,894,248 (0.0%) gas / (0x3f5c40d99d4f7efc4d1bf1219b289ce1fb717349b471171734d2bb21f6cb08fe)
2026-10-07 17:57:27.935+00:00 | BftProcessorExecutor-QBFT-0 | INFO  | QbftBesuControllerBuilder | Imported #149 / 116 tx / 138 pending / 17,821,396 (0.0%) gas / (0x49d1a884271779fefaa4f7d9291e25cab8c390b9522ce7ec389f59a95252b219)
2026-10-07 17:57:27.935+00:00 | EthScheduler-Workers-0 | INFO  | PersistBlockTask | Block 149 (0x49d1a884271779fefaa4f7d9291e25cab8c390b9522ce7ec389f59a95252b219) is already imported
2026-10-07 17:57:29.885+00:00 | EthScheduler-Workers-0 | INFO  | PersistBlockTask | Block 150 (0x5eaf3e54bb092b6cedf9c50dffa2d82fd8bcf32d01c8c96e069c2e518a3fa6d1) is already imported
2026-10-07 17:57:29.886+00:00 | BftProcessorExecutor-QBFT-0 | INFO  | QbftBesuControllerBuilder | Imported #150 / 84 tx / 54 pending / 12,905,296 (0.0%) gas / (0x5eaf3e54bb092b6cedf9c50dffa2d82fd8bcf32d01c8c96e069c2e518a3fa6d1)
2026-10-07 17:57:31.582+00:00 | BftProcessorExecutor-QBFT-0 | INFO  | QbftBesuControllerBuilder | Imported #151 / 48 tx / 6 pending / 7,374,500 (0.0%) gas / (0x47177101a7c169b01cf6a55f494689d789de991c5f959fffd49340eae5d4e3f0)
2026-10-07 17:57:33.338+00:00 | BftProcessorExecutor-QBFT-0 | INFO  | QbftBesuControllerBuilder | Imported #152 / 6 tx / 0 pending / 921,832 (0.0%) gas / (0xb33b88b97f263e57209a5b46f835eccf919d6515087db6a529ffd7f6079ce8a4)
2026-10-07 17:57:35.294+00:00 | BftProcessorExecutor-QBFT-0 | INFO  | QbftBesuControllerBuilder | Imported #153 / 0 tx / 0 pending / 0 (0.0%) gas / (0x5b10b17c77a41bd3fdf372fc69e7922f080acac8afc517bc5b9384d339709fa8)
2026-10-07 17:57:35.296+00:00 | EthScheduler-Workers-0 | INFO  | PersistBlockTask | Block 153 (0x5b10b17c77a41bd3fdf372fc69e7922f080acac8afc517bc5b9384d339709fa8) is already imported
2026-10-07 17:57:37.270+00:00 | BftProcessorExecutor-QBFT-0 | INFO  | QbftBesuControllerBuilder | Produced #154 / 0 tx / 0 pending / 0 (0.0%) gas / (0xb2b6d61489d005c7bc1c2b4505896427cb979a1e57b7cfa97b512e938fbd6729)
2026-10-07 17:57:39.276+00:00 | BftProcessorExecutor-QBFT-0 | INFO  | QbftBesuControllerBuilder | Imported #155 / 0 tx / 0 pending / 0 (0.0%) gas / (0xf587809f2b0542e7948abcefcf3547999f8e70359844ae90077ce2608d36de8d)
2026-10-07 17:57:41.280+00:00 | BftProcessorExecutor-QBFT-0 | INFO  | QbftBesuControllerBuilder | Imported #156 / 0 tx / 0 pending / 0 (0.0%) gas / (0xbddc20816e0b1b169218620efb1fb10e5c91453123723953b43fa86025eadc4a)
2026-10-07 17:57:41.279+00:00 | EthScheduler-Workers-0 | INFO  | PersistBlockTask | Block 156 (0xbddc20816e0b1b169218620efb1fb10e5c91453123723953b43fa86025eadc4a) is already imported
2026-10-07 17:57:43.296+00:00 | BftProcessorExecutor-QBFT-0 | INFO  | QbftBesuControllerBuilder | Imported #157 / 0 tx / 0 pending / 0 (0.0%) gas / (0x22b24e2ce55fb4a77c9c199140ff2d6cee368cd4ebf3844b1da9d77f21a9e8e3)
2026-10-07 17:57:43.297+00:00 | EthScheduler-Workers-0 | INFO  | PersistBlockTask | Block 157 (0x22b24e2ce55fb4a77c9c199140ff2d6cee368cd4ebf3844b1da9d77f21a9e8e3) is already imported
2026-10-07 17:57:45.301+00:00 | BftProcessorExecutor-QBFT-0 | INFO  | QbftBesuControllerBuilder | Imported #158 / 0 tx / 0 pending / 0 (0.0%) gas / (0x9190850d1e756938d378b063ec5e6a6278054437c9a27c70fb25b3b68750e549)
2026-10-07 17:57:47.280+00:00 | BftProcessorExecutor-QBFT-0 | INFO  | QbftBesuControllerBuilder | Imported #159 / 0 tx / 0 pending / 0 (0.0%) gas / (0x19f9c718000e4e385a434f52d0c79809ae8435a90643a783066d7b36458c43b4)
2026-10-07 17:57:47.283+00:00 | EthScheduler-Workers-0 | INFO  | PersistBlockTask | Block 159 (0x19f9c718000e4e385a434f52d0c79809ae8435a90643a783066d7b36458c43b4) is already imported
2026-10-07 17:57:49.279+00:00 | BftProcessorExecutor-QBFT-0 | INFO  | QbftBesuControllerBuilder | Imported #160 / 0 tx / 0 pending / 0 (0.0%) gas / (0x8257e731f98b8587042a524b5f23199468841f705ce0fa89c7811941f85e8cec)
2026-10-07 17:57:51.287+00:00 | BftProcessorExecutor-QBFT-0 | INFO  | QbftBesuControllerBuilder | Imported #161 / 0 tx / 0 pending / 0 (0.0%) gas / (0xb6141988c592a3f3d93c959657363a7b28e1d8c4d2b375079d9cff1985767d91)
2026-10-07 17:57:51.290+00:00 | EthScheduler-Workers-0 | INFO  | PersistBlockTask | Block 161 (0xb6141988c592a3f3d93c959657363a7b28e1d8c4d2b375079d9cff1985767d91) is already imported
2026-10-07 17:57:53.276+00:00 | BftProcessorExecutor-QBFT-0 | INFO  | QbftBesuControllerBuilder | Imported #162 / 0 tx / 0 pending / 0 (0.0%) gas / (0x4c85625bbc9f4bc78c4ecfcf2420dfee8501f358a1817f953d5f547164d11468)
2026-10-07 17:57:55.296+00:00 | BftProcessorExecutor-QBFT-0 | INFO  | QbftBesuControllerBuilder | Imported #163 / 0 tx / 0 pending / 0 (0.0%) gas / (0xe0461f074a6b540fa2458d26babd6c60856a194866249d21a60d9611f5568c32)
2026-10-07 17:57:57.279+00:00 | BftProcessorExecutor-QBFT-0 | INFO  | QbftBesuControllerBuilder | Imported #164 / 0 tx / 0 pending / 0 (0.0%) gas / (0x42a2b993114bb8d05ec5eb891300c9fb1bce9e2dad9e8d285610b50c868c3bb8)
2026-10-07 17:57:59.268+00:00 | BftProcessorExecutor-QBFT-0 | INFO  | QbftBesuControllerBuilder | Imported #165 / 0 tx / 0 pending / 0 (0.0%) gas / (0x71465bc0a78e91089412d7dfcde40b281b5f12ec6c1cda983421b98fe85f0303)
2026-10-07 17:58:01.285+00:00 | BftProcessorExecutor-QBFT-0 | INFO  | QbftBesuControllerBuilder | Imported #166 / 0 tx / 0 pending / 0 (0.0%) gas / (0xcb9aa8a0862b4c9afc2fbdc5d2be6e5dcf8b93d0ee74b59b603d9ecaf76eedbf)
2026-10-07 17:58:03.281+00:00 | BftProcessorExecutor-QBFT-0 | INFO  | QbftBesuControllerBuilder | Imported #167 / 0 tx / 0 pending / 0 (0.0%) gas / (0xeca12b858b4ff23cce8793cb0afc472e563e664623a8714b5fad4448b655b015)
2026-10-07 17:58:05.310+00:00 | BftProcessorExecutor-QBFT-0 | INFO  | QbftBesuControllerBuilder | Imported #168 / 0 tx / 0 pending / 0 (0.0%) gas / (0x0a9f2896d77f58df12b8d7d4df66282a629a7a3ecddbd7b843ab10d60367a399)
2026-10-07 17:58:07.271+00:00 | BftProcessorExecutor-QBFT-0 | INFO  | QbftBesuControllerBuilder | Produced #169 / 0 tx / 0 pending / 0 (0.0%) gas / (0xd07f48fc430452d4b414ba7baf7e5e7cbbd4d21211a7fa22561eb2f73bd2facf)
2026-10-07 17:58:09.273+00:00 | EthScheduler-Workers-0 | INFO  | PersistBlockTask | Block 170 (0x8b732ed597fcab232325624fc549bd224a552dfb70543e5d1829aac71c611d8e) is already imported
2026-10-07 17:58:09.274+00:00 | BftProcessorExecutor-QBFT-0 | INFO  | QbftBesuControllerBuilder | Imported #170 / 0 tx / 0 pending / 0 (0.0%) gas / (0x8b732ed597fcab232325624fc549bd224a552dfb70543e5d1829aac71c611d8e)
2026-10-07 17:58:11.279+00:00 | BftProcessorExecutor-QBFT-0 | INFO  | QbftBesuControllerBuilder | Imported #171 / 0 tx / 0 pending / 0 (0.0%) gas / (0x4ebb5d0a82abe6f6683ba7b99a336a934ee9cad96745fb0bf630c9f441a6a93d)
2026-10-07 17:58:13.277+00:00 | BftProcessorExecutor-QBFT-0 | INFO  | QbftBesuControllerBuilder | Imported #172 / 0 tx / 0 pending / 0 (0.0%) gas / (0xe6e65a01453f05b8ce10b43ed91f69d2438e3b0afff1a3e785d8ab6e7289f290)
2026-10-07 17:58:15.306+00:00 | EthScheduler-Workers-0 | INFO  | PersistBlockTask | Block 173 (0xfd88728b58989c02487b9f395ed55929a32c22455f52f0e5bfd1b15b277a6de6) is already imported
2026-10-07 17:58:15.306+00:00 | BftProcessorExecutor-QBFT-0 | INFO  | QbftBesuControllerBuilder | Imported #173 / 0 tx / 0 pending / 0 (0.0%) gas / (0xfd88728b58989c02487b9f395ed55929a32c22455f52f0e5bfd1b15b277a6de6)
2026-10-07 17:58:17.280+00:00 | EthScheduler-Workers-0 | INFO  | PersistBlockTask | Block 174 (0x941cd33075c22b451463724125ad77fc025ad93f7e7b88177b167d0cffa9d682) is already imported
2026-10-07 17:58:17.280+00:00 | BftProcessorExecutor-QBFT-0 | INFO  | QbftBesuControllerBuilder | Imported #174 / 0 tx / 0 pending / 0 (0.0%) gas / (0x941cd33075c22b451463724125ad77fc025ad93f7e7b88177b167d0cffa9d682)
2026-10-07 17:58:19.289+00:00 | EthScheduler-Workers-0 | INFO  | PersistBlockTask | Block 175 (0xd253cfc401e29b7cc4e09e08acd1bd06d3a064285bc3fd5126416cba496b3496) is already imported
2026-10-07 17:58:19.290+00:00 | BftProcessorExecutor-QBFT-0 | INFO  | QbftBesuControllerBuilder | Imported #175 / 0 tx / 0 pending / 0 (0.0%) gas / (0xd253cfc401e29b7cc4e09e08acd1bd06d3a064285bc3fd5126416cba496b3496)
2026-10-07 17:58:21.283+00:00 | BftProcessorExecutor-QBFT-0 | INFO  | QbftBesuControllerBuilder | Imported #176 / 0 tx / 0 pending / 0 (0.0%) gas / (0xd3ff9c38a6953a7b40668411aeed971f4f2c1eee90c1c3a7e22eb957b0cd7e82)
2026-10-07 17:58:21.285+00:00 | EthScheduler-Workers-0 | INFO  | PersistBlockTask | Block 176 (0xd3ff9c38a6953a7b40668411aeed971f4f2c1eee90c1c3a7e22eb957b0cd7e82) is already imported
2026-10-07 17:58:23.284+00:00 | BftProcessorExecutor-QBFT-0 | INFO  | QbftBesuControllerBuilder | Imported #177 / 0 tx / 0 pending / 0 (0.0%) gas / (0x76abd2a6a4b6a3bb2c5b7d93fa6936e5abb552928a35a9efb20e82aaeff33056)
2026-10-07 17:58:25.307+00:00 | BftProcessorExecutor-QBFT-0 | INFO  | QbftBesuControllerBuilder | Imported #178 / 0 tx / 0 pending / 0 (0.0%) gas / (0x6191d9d16eda73aa306e9b7adb9e022341d8acad5346f27d5fa45e06d750ba62)
2026-10-07 17:58:27.277+00:00 | BftProcessorExecutor-QBFT-0 | INFO  | QbftBesuControllerBuilder | Imported #179 / 0 tx / 0 pending / 0 (0.0%) gas / (0x89ee697bb665b85fa23807619a95500960f960e883a2ef2e1734808b5d07ef8d)
2026-10-07 17:58:29.287+00:00 | EthScheduler-Workers-0 | INFO  | PersistBlockTask | Block 180 (0x37e8157d0ca7b9938258cd501ec0b03f66092e384ba156c8961049bb2e948f8b) is already imported
2026-10-07 17:58:29.287+00:00 | BftProcessorExecutor-QBFT-0 | INFO  | QbftBesuControllerBuilder | Imported #180 / 0 tx / 0 pending / 0 (0.0%) gas / (0x37e8157d0ca7b9938258cd501ec0b03f66092e384ba156c8961049bb2e948f8b)
2026-10-07 17:58:31.276+00:00 | BftProcessorExecutor-QBFT-0 | INFO  | QbftBesuControllerBuilder | Imported #181 / 0 tx / 0 pending / 0 (0.0%) gas / (0x1e311f77db9e2cecb05ae880dbcc955cb0831ea304bb95d7e14bf452666aaa0f)
2026-10-07 17:58:33.277+00:00 | BftProcessorExecutor-QBFT-0 | INFO  | QbftBesuControllerBuilder | Imported #182 / 0 tx / 0 pending / 0 (0.0%) gas / (0x655c17e1e0de91b9be41c63a66c6ff603a402c2f56b9084c4dafa3e4a3811e95)
2026-10-07 17:58:35.291+00:00 | BftProcessorExecutor-QBFT-0 | INFO  | QbftBesuControllerBuilder | Imported #183 / 0 tx / 0 pending / 0 (0.0%) gas / (0xbf171a2b1c22fc2d3f87209c469f5688534abc084ca0f33a415836056fdc70bf)
2026-10-07 17:58:37.278+00:00 | BftProcessorExecutor-QBFT-0 | INFO  | QbftBesuControllerBuilder | Produced #184 / 0 tx / 0 pending / 0 (0.0%) gas / (0x1e1c786de9031cfc05732290b26e2ae37c13562d74bd858d3f3aeb1111b72269)
2026-10-07 17:58:37.280+00:00 | EthScheduler-Workers-0 | INFO  | PersistBlockTask | Block 184 (0x1e1c786de9031cfc05732290b26e2ae37c13562d74bd858d3f3aeb1111b72269) is already imported
2026-10-07 17:58:39.264+00:00 | BftProcessorExecutor-QBFT-0 | INFO  | QbftBesuControllerBuilder | Imported #185 / 0 tx / 0 pending / 0 (0.0%) gas / (0x12a56f56a3aca2731c1690f2bd31f5b8b51464a7145b36d6206b9804cd606ac7)
2026-10-07 17:58:41.288+00:00 | BftProcessorExecutor-QBFT-0 | INFO  | QbftBesuControllerBuilder | Imported #186 / 0 tx / 0 pending / 0 (0.0%) gas / (0xd704348c2729b87bd3b18cd7427781c03cef87609c2899fc0570b7b2f85a8194)
2026-10-07 17:58:43.284+00:00 | BftProcessorExecutor-QBFT-0 | INFO  | QbftBesuControllerBuilder | Imported #187 / 0 tx / 0 pending / 0 (0.0%) gas / (0x1cded23f1a3e2a35926a979994c3bee386347d1936943058e59ee5cf2adbf37c)
2026-10-07 17:58:43.288+00:00 | EthScheduler-Workers-0 | INFO  | PersistBlockTask | Block 187 (0x1cded23f1a3e2a35926a979994c3bee386347d1936943058e59ee5cf2adbf37c) is already imported
2026-10-07 17:58:45.310+00:00 | EthScheduler-Workers-0 | INFO  | PersistBlockTask | Imported #188 / 0 tx / 0 om / 0 (0.0%) gas / (0xd43337b863fabdcd6c42df138c226bca4ff4831bdc57e5bb10c75e7906947053) in 0.004s. Peers: 14
2026-10-07 17:58:45.311+00:00 | BftProcessorExecutor-QBFT-0 | INFO  | QbftBesuControllerBuilder | Imported #188 / 0 tx / 0 pending / 0 (0.0%) gas / (0xd43337b863fabdcd6c42df138c226bca4ff4831bdc57e5bb10c75e7906947053)
2026-10-07 17:58:47.274+00:00 | BftProcessorExecutor-QBFT-0 | INFO  | QbftBesuControllerBuilder | Imported #189 / 0 tx / 0 pending / 0 (0.0%) gas / (0xf7a434a70a2c353fefd41c80d7d88bc1c070d66b67b6b5438678e56fa87f09d4)
2026-10-07 17:58:49.258+00:00 | BftProcessorExecutor-QBFT-0 | INFO  | QbftBesuControllerBuilder | Imported #190 / 0 tx / 0 pending / 0 (0.0%) gas / (0x645ca2f0d3978aabd7644388dab9530d399593dd9bd88c7dc2d97175c1d15e90)
2026-10-07 17:58:51.289+00:00 | BftProcessorExecutor-QBFT-0 | INFO  | QbftBesuControllerBuilder | Imported #191 / 0 tx / 0 pending / 0 (0.0%) gas / (0xb1f0fa87825f670f104dc52658d2fb88a7dc32115d6fcc2966729b7ce5211c62)
2026-10-07 17:58:53.272+00:00 | BftProcessorExecutor-QBFT-0 | INFO  | QbftBesuControllerBuilder | Imported #192 / 0 tx / 0 pending / 0 (0.0%) gas / (0xabba9bc580c1693f8937cc7859b81fb46c94b9809003da9c0ecedcbb919db998)
2026-10-07 17:58:55.285+00:00 | BftProcessorExecutor-QBFT-0 | INFO  | QbftBesuControllerBuilder | Imported #193 / 0 tx / 0 pending / 0 (0.0%) gas / (0xd41d50c0135ad306849db80e07d38dd3a38c5fcfd813185a9bfc35aaab5c1674)
2026-10-07 17:58:57.281+00:00 | BftProcessorExecutor-QBFT-0 | INFO  | QbftBesuControllerBuilder | Imported #194 / 0 tx / 0 pending / 0 (0.0%) gas / (0x1f996ff50db4905e78727c8db99fc6de9a66760c8a5d7e6fabdb7469e4b07275)
2026-10-07 17:58:59.265+00:00 | BftProcessorExecutor-QBFT-0 | INFO  | QbftBesuControllerBuilder | Imported #195 / 0 tx / 0 pending / 0 (0.0%) gas / (0x45163d9f6f720cf7377d21d77064e969e30fc3e57f29c8638be9ec0d90f12533)
2026-10-07 17:59:01.290+00:00 | EthScheduler-Workers-0 | INFO  | PersistBlockTask | Block 196 (0xe5b3b6b993afa225964b56af501ad4d811bdd1b2195efbee94f9033772887c90) is already imported
2026-10-07 17:59:01.290+00:00 | BftProcessorExecutor-QBFT-0 | INFO  | QbftBesuControllerBuilder | Imported #196 / 0 tx / 0 pending / 0 (0.0%) gas / (0xe5b3b6b993afa225964b56af501ad4d811bdd1b2195efbee94f9033772887c90)
2026-10-07 17:59:03.274+00:00 | BftProcessorExecutor-QBFT-0 | INFO  | QbftBesuControllerBuilder | Imported #197 / 0 tx / 0 pending / 0 (0.0%) gas / (0x6a9e8d4eabcc359ffb5795bd59dc3f315d530d4fae15f27cc4232aaa625f99ef)
2026-10-07 17:59:05.315+00:00 | BftProcessorExecutor-QBFT-0 | INFO  | QbftBesuControllerBuilder | Imported #198 / 0 tx / 0 pending / 0 (0.0%) gas / (0xc28bb5becc9a96e7552519aa73acddf44b2b75d8f56c29921091da4b42c55229)
2026-10-07 17:59:05.315+00:00 | EthScheduler-Workers-0 | INFO  | PersistBlockTask | Block 198 (0xc28bb5becc9a96e7552519aa73acddf44b2b75d8f56c29921091da4b42c55229) is already imported
2026-10-07 17:59:07.357+00:00 | BftProcessorExecutor-QBFT-0 | INFO  | QbftBesuControllerBuilder | Produced #199 / 3 tx / 100 pending / 725,910 (0.0%) gas / (0x260cde0e10a7c139065f00b299cbc8d37301c545ca6279a9483aa45f6e5b3161)
2026-10-07 17:59:10.153+00:00 | EthScheduler-Workers-0 | INFO  | PersistBlockTask | Block 200 (0x426bb3d50b0c1e302e7fe8f106f238583975307107ac5b9d0692e21f24143f60) is already imported
2026-10-07 17:59:10.154+00:00 | BftProcessorExecutor-QBFT-0 | INFO  | QbftBesuControllerBuilder | Imported #200 / 46 tx / 979 pending / 11,130,620 (0.0%) gas / (0x426bb3d50b0c1e302e7fe8f106f238583975307107ac5b9d0692e21f24143f60)
2026-10-07 17:59:12.636+00:00 | EthScheduler-Workers-0 | INFO  | PersistBlockTask | Block 201 (0xd53224aafd9dd6c1543ca610981cb2558ce40fc5b891bdd42579a230a6d90a83) is already imported
2026-10-07 17:59:12.638+00:00 | BftProcessorExecutor-QBFT-0 | INFO  | QbftBesuControllerBuilder | Imported #201 / 89 tx / 1806 pending / 21,535,330 (0.0%) gas / (0xd53224aafd9dd6c1543ca610981cb2558ce40fc5b891bdd42579a230a6d90a83)
2026-10-07 17:59:15.306+00:00 | EthScheduler-Workers-0 | INFO  | PersistBlockTask | Block 202 (0x9d48dbeba556976a806a49cc723c5c13e5ab22fe8dc972dd2ec94d098ae2b7a4) is already imported
2026-10-07 17:59:15.308+00:00 | BftProcessorExecutor-QBFT-0 | INFO  | QbftBesuControllerBuilder | Imported #202 / 140 tx / 2569 pending / 33,875,800 (0.0%) gas / (0x9d48dbeba556976a806a49cc723c5c13e5ab22fe8dc972dd2ec94d098ae2b7a4)
2026-10-07 17:59:18.329+00:00 | EthScheduler-Workers-0 | INFO  | PersistBlockTask | Block 203 (0x1f68ff3d3cb5d255d0847b464080f8370a4ca1e00b01d9564bfed0454a647120) is already imported
2026-10-07 17:59:18.333+00:00 | BftProcessorExecutor-QBFT-0 | INFO  | QbftBesuControllerBuilder | Imported #203 / 192 tx / 3445 pending / 46,458,240 (0.0%) gas / (0x1f68ff3d3cb5d255d0847b464080f8370a4ca1e00b01d9564bfed0454a647120)
2026-10-07 17:59:22.249+00:00 | EthScheduler-Workers-0 | INFO  | PersistBlockTask | Block 204 (0xc0942731aad0a88854a3aa492b7eff09ffe2b7d7a95988a71083f6c9985a850b) is already imported
2026-10-07 17:59:22.253+00:00 | BftProcessorExecutor-QBFT-0 | INFO  | QbftBesuControllerBuilder | Imported #204 / 263 tx / 4631 pending / 63,638,110 (0.0%) gas / (0xc0942731aad0a88854a3aa492b7eff09ffe2b7d7a95988a71083f6c9985a850b)
2026-10-07 17:59:27.111+00:00 | EthScheduler-Workers-0 | INFO  | PersistBlockTask | Block 205 (0x63221cec779cf6bdda8d75c3cd4d777c726db0eaede662e2530460ee24f74e01) is already imported
2026-10-07 17:59:27.116+00:00 | BftProcessorExecutor-QBFT-0 | INFO  | QbftBesuControllerBuilder | Imported #205 / 329 tx / 6036 pending / 79,608,130 (0.0%) gas / (0x63221cec779cf6bdda8d75c3cd4d777c726db0eaede662e2530460ee24f74e01)
2026-10-07 17:59:31.851+00:00 | EthScheduler-Workers-0 | INFO  | PersistBlockTask | Block 206 (0x43b33422193efc3a236cc6308a49c3da7a1ce323dee1c98ce308f37ea2726065) is already imported
2026-10-07 17:59:31.856+00:00 | BftProcessorExecutor-QBFT-0 | INFO  | QbftBesuControllerBuilder | Imported #206 / 319 tx / 7301 pending / 77,188,430 (0.0%) gas / (0x43b33422193efc3a236cc6308a49c3da7a1ce323dee1c98ce308f37ea2726065)
2026-10-07 17:59:36.825+00:00 | EthScheduler-Workers-0 | INFO  | PersistBlockTask | Block 207 (0x4e58650c31f44e4eb0ae0fe41d4e17da88af7f0d479f9b68ccbd74b585e3d1d3) is already imported
2026-10-07 17:59:36.835+00:00 | BftProcessorExecutor-QBFT-0 | INFO  | QbftBesuControllerBuilder | Imported #207 / 340 tx / 8680 pending / 82,269,800 (0.0%) gas / (0x4e58650c31f44e4eb0ae0fe41d4e17da88af7f0d479f9b68ccbd74b585e3d1d3)
2026-10-07 17:59:41.653+00:00 | EthScheduler-Workers-0 | INFO  | PersistBlockTask | Block 208 (0x27ad730a86f248552f264a01c00da5563089b71d00f288f99dbe5f8318da8216) is already imported
2026-10-07 17:59:41.656+00:00 | BftProcessorExecutor-QBFT-0 | INFO  | QbftBesuControllerBuilder | Imported #208 / 333 tx / 10091 pending / 80,576,010 (0.0%) gas / (0x27ad730a86f248552f264a01c00da5563089b71d00f288f99dbe5f8318da8216)
2026-10-07 17:59:46.541+00:00 | EthScheduler-Workers-0 | INFO  | PersistBlockTask | Block 209 (0xf17b072f3dd3029e128c49793f49e49805e9126f521b013a3517760d3b7c78ec) is already imported
2026-10-07 17:59:46.545+00:00 | BftProcessorExecutor-QBFT-0 | INFO  | QbftBesuControllerBuilder | Imported #209 / 334 tx / 11691 pending / 80,817,980 (0.0%) gas / (0xf17b072f3dd3029e128c49793f49e49805e9126f521b013a3517760d3b7c78ec)
2026-10-07 17:59:51.377+00:00 | EthScheduler-Workers-0 | INFO  | PersistBlockTask | Block 210 (0x794d521a1b242a54c166c8da70ba6abc187cd0e3e7060e9e556680e6760b9920) is already imported
2026-10-07 17:59:51.384+00:00 | BftProcessorExecutor-QBFT-0 | INFO  | QbftBesuControllerBuilder | Imported #210 / 334 tx / 13114 pending / 80,817,980 (0.0%) gas / (0x794d521a1b242a54c166c8da70ba6abc187cd0e3e7060e9e556680e6760b9920)
2026-10-07 17:59:56.260+00:00 | EthScheduler-Workers-0 | INFO  | PersistBlockTask | Block 211 (0x3509bd9bf38e2619262bf5180daa0c1bc9ffab802f1b70feaf44af0b9c470504) is already imported
2026-10-07 17:59:56.266+00:00 | BftProcessorExecutor-QBFT-0 | INFO  | QbftBesuControllerBuilder | Imported #211 / 341 tx / 13321 pending / 82,511,770 (0.0%) gas / (0x3509bd9bf38e2619262bf5180daa0c1bc9ffab802f1b70feaf44af0b9c470504)
2026-10-07 18:00:01.176+00:00 | EthScheduler-Workers-0 | INFO  | PersistBlockTask | Block 212 (0x20c39a490903378d5e9fbbea5bee480515138cdd30f8fb7293c357244c5971d0) is already imported
2026-10-07 18:00:01.180+00:00 | BftProcessorExecutor-QBFT-0 | INFO  | QbftBesuControllerBuilder | Imported #212 / 330 tx / 12991 pending / 79,850,100 (0.0%) gas / (0x20c39a490903378d5e9fbbea5bee480515138cdd30f8fb7293c357244c5971d0)
2026-10-07 18:00:06.254+00:00 | EthScheduler-Workers-0 | INFO  | PersistBlockTask | Block 213 (0xa9808f3860fc54f04d0c27cda2e48b6cf83b5765452a3776b3bf683bd6f0ebeb) is already imported
2026-10-07 18:00:06.257+00:00 | BftProcessorExecutor-QBFT-0 | INFO  | QbftBesuControllerBuilder | Imported #213 / 338 tx / 12653 pending / 81,785,860 (0.0%) gas / (0xa9808f3860fc54f04d0c27cda2e48b6cf83b5765452a3776b3bf683bd6f0ebeb)
2026-10-07 18:00:07.760+00:00 | BftProcessorExecutor-QBFT-0 | WARN  | BlockTransactionSelector | Interrupting the selection of transactions for block inclusion as it exceeds the maximum configured duration of 1500ms
java.util.concurrent.TimeoutException
	at java.base/java.util.concurrent.CompletableFuture.timedGet(CompletableFuture.java:1960)
	at java.base/java.util.concurrent.CompletableFuture.get(CompletableFuture.java:2095)
	at org.hyperledger.besu.ethereum.blockcreation.txselection.BlockTransactionSelector.timeLimitedSelection(BlockTransactionSelector.java:186)
	at org.hyperledger.besu.ethereum.blockcreation.txselection.BlockTransactionSelector.buildTransactionListForBlock(BlockTransactionSelector.java:169)
	at org.hyperledger.besu.ethereum.blockcreation.AbstractBlockCreator.selectTransactions(AbstractBlockCreator.java:376)
	at org.hyperledger.besu.ethereum.blockcreation.AbstractBlockCreator.createBlock(AbstractBlockCreator.java:218)
	at org.hyperledger.besu.ethereum.blockcreation.AbstractBlockCreator.createBlock(AbstractBlockCreator.java:146)
	at org.hyperledger.besu.consensus.common.bft.blockcreation.BftBlockCreator.createBlock(BftBlockCreator.java:92)
	at org.hyperledger.besu.consensus.qbft.statemachine.QbftRound.createAndSendProposalMessage(QbftRound.java:137)
	at org.hyperledger.besu.consensus.qbft.statemachine.QbftBlockHeightManager.handleBlockTimerExpiry(QbftBlockHeightManager.java:140)
	at org.hyperledger.besu.consensus.common.bft.statemachine.BaseBftController.handleBlockTimerExpiry(BaseBftController.java:167)
	at org.hyperledger.besu.consensus.common.bft.EventMultiplexer.handleBftEvent(EventMultiplexer.java:65)
	at java.base/java.util.Optional.ifPresent(Optional.java:178)
	at org.hyperledger.besu.consensus.common.bft.BftProcessor.run(BftProcessor.java:65)
	at java.base/java.util.concurrent.ThreadPoolExecutor.runWorker(ThreadPoolExecutor.java:1144)
	at java.base/java.util.concurrent.ThreadPoolExecutor$Worker.run(ThreadPoolExecutor.java:642)
	at java.base/java.lang.Thread.run(Thread.java:1583)
2026-10-07 18:00:11.210+00:00 | BftProcessorExecutor-QBFT-0 | INFO  | QbftBesuControllerBuilder | Produced #214 / 328 tx / 12325 pending / 79,366,160 (0.0%) gas / (0x782176c95cc28a75aead1f1d5dabfc4929edc14e7bb748ce808652ef258a136d)
2026-10-07 18:00:16.354+00:00 | BftProcessorExecutor-QBFT-0 | INFO  | QbftBesuControllerBuilder | Imported #215 / 348 tx / 11977 pending / 84,205,560 (0.0%) gas / (0xab2ba2e7da69efb019e79c1863ccbe5e571241c6cfcd5031e3d0dd4fea4db8d5)
2026-10-07 18:00:21.506+00:00 | EthScheduler-Workers-0 | INFO  | PersistBlockTask | Block 216 (0xc2b72a5f0729ef8e5a92aa58cde64855ad5d60f8e63ba0cd35df14916b152166) is already imported
2026-10-07 18:00:21.517+00:00 | BftProcessorExecutor-QBFT-0 | INFO  | QbftBesuControllerBuilder | Imported #216 / 346 tx / 11631 pending / 83,721,620 (0.0%) gas / (0xc2b72a5f0729ef8e5a92aa58cde64855ad5d60f8e63ba0cd35df14916b152166)
2026-10-07 18:00:26.461+00:00 | BftProcessorExecutor-QBFT-0 | INFO  | QbftBesuControllerBuilder | Imported #217 / 344 tx / 11287 pending / 83,237,680 (0.0%) gas / (0x55719f7ff07da22f17e969e64d6c4eccf15640c71154ebab2c4d2e0d84c17d4f)
2026-10-07 18:00:31.587+00:00 | BftProcessorExecutor-QBFT-0 | INFO  | QbftBesuControllerBuilder | Imported #218 / 339 tx / 10948 pending / 82,027,830 (0.0%) gas / (0x78cef4fd6bd55dd4c710d1b288125d2050f6edcf708c42bc359f226998202d99)
2026-10-07 18:00:36.669+00:00 | BftProcessorExecutor-QBFT-0 | INFO  | QbftBesuControllerBuilder | Imported #219 / 347 tx / 10601 pending / 83,963,590 (0.0%) gas / (0x7ae2cef48b45173f580727dfd10b65d3e1e80969f9b0b8f0ddaabf34cce13e34)
2026-10-07 18:00:41.734+00:00 | EthScheduler-Workers-0 | INFO  | PersistBlockTask | Block 220 (0x9b56253c01a5592ae4a227bc3e50777b79ad84ce42cf002d78cab4381310b7f6) is already imported
2026-10-07 18:00:41.740+00:00 | BftProcessorExecutor-QBFT-0 | INFO  | QbftBesuControllerBuilder | Imported #220 / 344 tx / 10257 pending / 83,237,680 (0.0%) gas / (0x9b56253c01a5592ae4a227bc3e50777b79ad84ce42cf002d78cab4381310b7f6)
2026-10-07 18:00:46.883+00:00 | BftProcessorExecutor-QBFT-0 | INFO  | QbftBesuControllerBuilder | Imported #221 / 343 tx / 9914 pending / 82,995,710 (0.0%) gas / (0x5e975ef9b9e8c8293dc7e1eba042993622bdfea425a92fc8e5ff42df21bcc772)
2026-10-07 18:00:51.912+00:00 | BftProcessorExecutor-QBFT-0 | INFO  | QbftBesuControllerBuilder | Imported #222 / 336 tx / 9578 pending / 81,301,920 (0.0%) gas / (0x246f43508217bf21824bb17b81441d3276bf58eca03b86a115926393cd0e914c)
2026-10-07 18:00:57.024+00:00 | BftProcessorExecutor-QBFT-0 | INFO  | QbftBesuControllerBuilder | Imported #223 / 345 tx / 9233 pending / 83,479,650 (0.0%) gas / (0x09669d35c29c81f7050976cb48a7771a86d0f8b0c760aca99ee8c1e8d8c206f7)
2026-10-07 18:01:02.186+00:00 | EthScheduler-Workers-0 | INFO  | PersistBlockTask | Block 224 (0x217e54bd532b09184a13449c6201877dc74bab72d2123e585c9eaa7e8e702b04) is already imported
2026-10-07 18:01:02.192+00:00 | BftProcessorExecutor-QBFT-0 | INFO  | QbftBesuControllerBuilder | Imported #224 / 342 tx / 8891 pending / 82,753,740 (0.0%) gas / (0x217e54bd532b09184a13449c6201877dc74bab72d2123e585c9eaa7e8e702b04)
2026-10-07 18:01:07.202+00:00 | EthScheduler-Workers-0 | INFO  | PersistBlockTask | Block 225 (0x4009be05bbac546614a6eb6dd1d737acfd40ae62b49aae1b5a6fc678449b2f86) is already imported
2026-10-07 18:01:07.206+00:00 | BftProcessorExecutor-QBFT-0 | INFO  | QbftBesuControllerBuilder | Imported #225 / 347 tx / 8544 pending / 83,963,590 (0.0%) gas / (0x4009be05bbac546614a6eb6dd1d737acfd40ae62b49aae1b5a6fc678449b2f86)
2026-10-07 18:01:12.312+00:00 | BftProcessorExecutor-QBFT-0 | INFO  | QbftBesuControllerBuilder | Imported #226 / 347 tx / 8197 pending / 83,963,590 (0.0%) gas / (0x9e08fad684d419f55624210c0681cf181e4d373a548bc456c51026f87b0ecfd5)
2026-10-07 18:01:17.360+00:00 | BftProcessorExecutor-QBFT-0 | INFO  | QbftBesuControllerBuilder | Imported #227 / 346 tx / 7851 pending / 83,721,620 (0.0%) gas / (0x64856fb8b24f9a3f11d4d586b670448194a0b7d147833ec6445988bce2836db8)
2026-10-07 18:01:22.462+00:00 | BftProcessorExecutor-QBFT-0 | INFO  | QbftBesuControllerBuilder | Imported #228 / 340 tx / 7511 pending / 82,269,800 (0.0%) gas / (0x2d579e6a1c11bb2104db3caa77164d8c5cbae977c0c959c498e4f9f6f072b6d9)
2026-10-07 18:01:23.966+00:00 | BftProcessorExecutor-QBFT-0 | WARN  | BlockTransactionSelector | Interrupting the selection of transactions for block inclusion as it exceeds the maximum configured duration of 1500ms
java.util.concurrent.TimeoutException
	at java.base/java.util.concurrent.CompletableFuture.timedGet(CompletableFuture.java:1960)
	at java.base/java.util.concurrent.CompletableFuture.get(CompletableFuture.java:2095)
	at org.hyperledger.besu.ethereum.blockcreation.txselection.BlockTransactionSelector.timeLimitedSelection(BlockTransactionSelector.java:186)
	at org.hyperledger.besu.ethereum.blockcreation.txselection.BlockTransactionSelector.buildTransactionListForBlock(BlockTransactionSelector.java:169)
	at org.hyperledger.besu.ethereum.blockcreation.AbstractBlockCreator.selectTransactions(AbstractBlockCreator.java:376)
	at org.hyperledger.besu.ethereum.blockcreation.AbstractBlockCreator.createBlock(AbstractBlockCreator.java:218)
	at org.hyperledger.besu.ethereum.blockcreation.AbstractBlockCreator.createBlock(AbstractBlockCreator.java:146)
	at org.hyperledger.besu.consensus.common.bft.blockcreation.BftBlockCreator.createBlock(BftBlockCreator.java:92)
	at org.hyperledger.besu.consensus.qbft.statemachine.QbftRound.createAndSendProposalMessage(QbftRound.java:137)
	at org.hyperledger.besu.consensus.qbft.statemachine.QbftBlockHeightManager.handleBlockTimerExpiry(QbftBlockHeightManager.java:140)
	at org.hyperledger.besu.consensus.common.bft.statemachine.BaseBftController.handleBlockTimerExpiry(BaseBftController.java:167)
	at org.hyperledger.besu.consensus.common.bft.EventMultiplexer.handleBftEvent(EventMultiplexer.java:65)
	at java.base/java.util.Optional.ifPresent(Optional.java:178)
	at org.hyperledger.besu.consensus.common.bft.BftProcessor.run(BftProcessor.java:65)
	at java.base/java.util.concurrent.ThreadPoolExecutor.runWorker(ThreadPoolExecutor.java:1144)
	at java.base/java.util.concurrent.ThreadPoolExecutor$Worker.run(ThreadPoolExecutor.java:642)
	at java.base/java.lang.Thread.run(Thread.java:1583)
2026-10-07 18:01:27.434+00:00 | BftProcessorExecutor-QBFT-0 | INFO  | QbftBesuControllerBuilder | Produced #229 / 328 tx / 7183 pending / 79,366,160 (0.0%) gas / (0x64877d23e46c69462331d91992b8615c10ac1e56f5339caa53f5e65b3a5aa6af)
2026-10-07 18:01:32.474+00:00 | EthScheduler-Workers-0 | INFO  | PersistBlockTask | Block 230 (0x451d28093e6e1555f1ebeb5acdfa1d9bb0bc795eb16feb77c7573ca80ec24b82) is already imported
2026-10-07 18:01:32.484+00:00 | BftProcessorExecutor-QBFT-0 | INFO  | QbftBesuControllerBuilder | Imported #230 / 344 tx / 6839 pending / 83,237,680 (0.0%) gas / (0x451d28093e6e1555f1ebeb5acdfa1d9bb0bc795eb16feb77c7573ca80ec24b82)
2026-10-07 18:01:37.384+00:00 | EthScheduler-Workers-0 | INFO  | PersistBlockTask | Block 231 (0xa5e592d0dffc3ee215c9549d312512c60ed13d67d5976664f94aad602859c644) is already imported
2026-10-07 18:01:37.388+00:00 | BftProcessorExecutor-QBFT-0 | INFO  | QbftBesuControllerBuilder | Imported #231 / 331 tx / 6508 pending / 80,092,070 (0.0%) gas / (0xa5e592d0dffc3ee215c9549d312512c60ed13d67d5976664f94aad602859c644)
2026-10-07 18:01:42.339+00:00 | BftProcessorExecutor-QBFT-0 | INFO  | QbftBesuControllerBuilder | Imported #232 / 333 tx / 6175 pending / 80,576,010 (0.0%) gas / (0xd14898d8bbae09d8c51909a3443bd06cf591e52cc9380f6c96bab2bd47a4be87)
2026-10-07 18:01:47.390+00:00 | BftProcessorExecutor-QBFT-0 | INFO  | QbftBesuControllerBuilder | Imported #233 / 337 tx / 5838 pending / 81,543,890 (0.0%) gas / (0x32787c38a13bc1a374b8e0c7148e17fb66c834a9a223f8e163afe754a6d30d1f)
2026-10-07 18:01:52.527+00:00 | EthScheduler-Workers-0 | INFO  | PersistBlockTask | Block 234 (0x8c25b17198db9afbabec49b7e599f8e89a0d6bf6b77a458abddb13f7b6ae6116) is already imported
2026-10-07 18:01:52.535+00:00 | BftProcessorExecutor-QBFT-0 | INFO  | QbftBesuControllerBuilder | Imported #234 / 343 tx / 5495 pending / 82,995,710 (0.0%) gas / (0x8c25b17198db9afbabec49b7e599f8e89a0d6bf6b77a458abddb13f7b6ae6116)
2026-10-07 18:01:57.460+00:00 | BftProcessorExecutor-QBFT-0 | INFO  | QbftBesuControllerBuilder | Imported #235 / 342 tx / 5153 pending / 82,753,740 (0.0%) gas / (0x8d5ea0c97a267ed1c8c9f5b34235d7955efffb18aa291b30937f13173aa7ca61)
2026-10-07 18:02:02.564+00:00 | BftProcessorExecutor-QBFT-0 | INFO  | QbftBesuControllerBuilder | Imported #236 / 346 tx / 4807 pending / 83,721,620 (0.0%) gas / (0xf4ac5b39f8cef34fc42ed6628d80df7ffc8d3a3b005fba4ae6270b4ee873668c)
2026-10-07 18:02:07.684+00:00 | BftProcessorExecutor-QBFT-0 | INFO  | QbftBesuControllerBuilder | Imported #237 / 348 tx / 4459 pending / 84,205,560 (0.0%) gas / (0x0662987a543bc52ebc82a3d43e9c19225d419f7a6aa79ec32d959db10821d7ed)
2026-10-07 18:02:12.560+00:00 | BftProcessorExecutor-QBFT-0 | INFO  | QbftBesuControllerBuilder | Imported #238 / 315 tx / 4144 pending / 76,220,550 (0.0%) gas / (0x43261204fda1a3a6a02b67d2c51ddfba655626edd66cf36733da14845776476a)
2026-10-07 18:02:17.791+00:00 | EthScheduler-Workers-0 | INFO  | PersistBlockTask | Block 239 (0xf79a07027b0799587201008ee16705be91a88eb5cebca435902a856e1f588e4b) is already imported
2026-10-07 18:02:17.794+00:00 | BftProcessorExecutor-QBFT-0 | INFO  | QbftBesuControllerBuilder | Imported #239 / 346 tx / 3798 pending / 83,721,620 (0.0%) gas / (0xf79a07027b0799587201008ee16705be91a88eb5cebca435902a856e1f588e4b)
2026-10-07 18:02:22.824+00:00 | EthScheduler-Workers-0 | INFO  | PersistBlockTask | Block 240 (0x748b4597ab6967040f5fd1917f8c68761bd8dbb095318b961aa03b85d3d8fa22) is already imported
2026-10-07 18:02:22.827+00:00 | BftProcessorExecutor-QBFT-0 | INFO  | QbftBesuControllerBuilder | Imported #240 / 346 tx / 3452 pending / 83,721,620 (0.0%) gas / (0x748b4597ab6967040f5fd1917f8c68761bd8dbb095318b961aa03b85d3d8fa22)
2026-10-07 18:02:27.880+00:00 | BftProcessorExecutor-QBFT-0 | INFO  | QbftBesuControllerBuilder | Imported #241 / 349 tx / 3103 pending / 84,447,530 (0.0%) gas / (0x847e53e334b19ae5dd4f1aaa76d991c17f56ca79d993e3eac8884ee520be4a31)
2026-10-07 18:02:32.922+00:00 | EthScheduler-Workers-0 | INFO  | PersistBlockTask | Block 242 (0x09a1c8f3a34abb92db26e211e39e62298fe4734361b67aeb8110e60633354446) is already imported
2026-10-07 18:02:32.925+00:00 | BftProcessorExecutor-QBFT-0 | INFO  | QbftBesuControllerBuilder | Imported #242 / 336 tx / 2767 pending / 81,301,920 (0.0%) gas / (0x09a1c8f3a34abb92db26e211e39e62298fe4734361b67aeb8110e60633354446)
2026-10-07 18:02:38.105+00:00 | BftProcessorExecutor-QBFT-0 | INFO  | QbftBesuControllerBuilder | Imported #243 / 347 tx / 2420 pending / 83,963,590 (0.0%) gas / (0xb30f4b3197e1fc4290913ae327ace523590b4ca66c8e607f83764410fc7e9434)
2026-10-07 18:02:39.608+00:00 | BftProcessorExecutor-QBFT-0 | WARN  | BlockTransactionSelector | Interrupting the selection of transactions for block inclusion as it exceeds the maximum configured duration of 1500ms
java.util.concurrent.TimeoutException
	at java.base/java.util.concurrent.CompletableFuture.timedGet(CompletableFuture.java:1960)
	at java.base/java.util.concurrent.CompletableFuture.get(CompletableFuture.java:2095)
	at org.hyperledger.besu.ethereum.blockcreation.txselection.BlockTransactionSelector.timeLimitedSelection(BlockTransactionSelector.java:186)
	at org.hyperledger.besu.ethereum.blockcreation.txselection.BlockTransactionSelector.buildTransactionListForBlock(BlockTransactionSelector.java:169)
	at org.hyperledger.besu.ethereum.blockcreation.AbstractBlockCreator.selectTransactions(AbstractBlockCreator.java:376)
	at org.hyperledger.besu.ethereum.blockcreation.AbstractBlockCreator.createBlock(AbstractBlockCreator.java:218)
	at org.hyperledger.besu.ethereum.blockcreation.AbstractBlockCreator.createBlock(AbstractBlockCreator.java:146)
	at org.hyperledger.besu.consensus.common.bft.blockcreation.BftBlockCreator.createBlock(BftBlockCreator.java:92)
	at org.hyperledger.besu.consensus.qbft.statemachine.QbftRound.createAndSendProposalMessage(QbftRound.java:137)
	at org.hyperledger.besu.consensus.qbft.statemachine.QbftBlockHeightManager.handleBlockTimerExpiry(QbftBlockHeightManager.java:140)
	at org.hyperledger.besu.consensus.common.bft.statemachine.BaseBftController.handleBlockTimerExpiry(BaseBftController.java:167)
	at org.hyperledger.besu.consensus.common.bft.EventMultiplexer.handleBftEvent(EventMultiplexer.java:65)
	at java.base/java.util.Optional.ifPresent(Optional.java:178)
	at org.hyperledger.besu.consensus.common.bft.BftProcessor.run(BftProcessor.java:65)
	at java.base/java.util.concurrent.ThreadPoolExecutor.runWorker(ThreadPoolExecutor.java:1144)
	at java.base/java.util.concurrent.ThreadPoolExecutor$Worker.run(ThreadPoolExecutor.java:642)
	at java.base/java.lang.Thread.run(Thread.java:1583)
2026-10-07 18:02:43.203+00:00 | EthScheduler-Workers-0 | INFO  | PersistBlockTask | Block 244 (0xa7154959295d8640991406372bd35c9195dbf66c44728c86f2cd46ff7f6c4a6a) is already imported
2026-10-07 18:02:43.205+00:00 | BftProcessorExecutor-QBFT-0 | INFO  | QbftBesuControllerBuilder | Produced #244 / 340 tx / 2080 pending / 82,269,800 (0.0%) gas / (0xa7154959295d8640991406372bd35c9195dbf66c44728c86f2cd46ff7f6c4a6a)
2026-10-07 18:02:48.140+00:00 | EthScheduler-Workers-0 | INFO  | PersistBlockTask | Block 245 (0x0fc976c3c1e594cb799e0cb6ef3135a4cb7b6ff43cebbb2bdb3cc26647a1606f) is already imported
2026-10-07 18:02:48.143+00:00 | BftProcessorExecutor-QBFT-0 | INFO  | QbftBesuControllerBuilder | Imported #245 / 349 tx / 1731 pending / 84,447,530 (0.0%) gas / (0x0fc976c3c1e594cb799e0cb6ef3135a4cb7b6ff43cebbb2bdb3cc26647a1606f)
2026-10-07 18:02:52.986+00:00 | BftProcessorExecutor-QBFT-0 | INFO  | QbftBesuControllerBuilder | Imported #246 / 324 tx / 1407 pending / 78,398,280 (0.0%) gas / (0xdfa699442322e356191d7cfa44502fc55937bde4983bab4207a8d944271b2a93)
2026-10-07 18:02:57.065+00:00 | BftProcessorExecutor-QBFT-0 | INFO  | QbftBesuControllerBuilder | Imported #247 / 273 tx / 1134 pending / 66,057,810 (0.0%) gas / (0xe750511addf4aab18ba1accc137816b807dcdf6d484b4c0bf1a72e29dd8cc40e)
2026-10-07 18:03:00.579+00:00 | BftProcessorExecutor-QBFT-0 | INFO  | QbftBesuControllerBuilder | Imported #248 / 222 tx / 912 pending / 53,717,340 (0.0%) gas / (0x92af52e5bcca9f050fee4837e6d956c004f6a35776dc837430d1309edf133925)
2026-10-07 18:03:02.765+00:00 | EthScheduler-Workers-0 | INFO  | PersistBlockTask | Block 249 (0x7556715ffef4eed5eeb0cbd8db2ad2c7851c26a40983b23f3ec3912b48be3ba7) is already imported
2026-10-07 18:03:02.767+00:00 | BftProcessorExecutor-QBFT-0 | INFO  | QbftBesuControllerBuilder | Imported #249 / 136 tx / 776 pending / 32,907,920 (0.0%) gas / (0x7556715ffef4eed5eeb0cbd8db2ad2c7851c26a40983b23f3ec3912b48be3ba7)
2026-10-07 18:03:04.273+00:00 | BftProcessorExecutor-QBFT-0 | INFO  | QbftBesuControllerBuilder | Imported #250 / 74 tx / 702 pending / 17,905,780 (0.0%) gas / (0xa989d7e3b08613c17acbad2448238ee5a18dbc12d0fa037689279430768543df)
2026-10-07 18:03:06.453+00:00 | EthScheduler-Workers-0 | INFO  | PersistBlockTask | Block 251 (0xe89e52dfd90d40faad44cef1f7874a57fcdc6604e15252d9c130583aa265937c) is already imported
2026-10-07 18:03:06.453+00:00 | BftProcessorExecutor-QBFT-0 | INFO  | QbftBesuControllerBuilder | Imported #251 / 81 tx / 621 pending / 19,599,570 (0.0%) gas / (0xe89e52dfd90d40faad44cef1f7874a57fcdc6604e15252d9c130583aa265937c)
2026-10-07 18:03:08.261+00:00 | EthScheduler-Workers-0 | INFO  | PersistBlockTask | Block 252 (0x90189667b7705b6d97ab301a9f4b74f0ade2c1bd7fe6ef567d34a681e2711a6b) is already imported
2026-10-07 18:03:08.262+00:00 | BftProcessorExecutor-QBFT-0 | INFO  | QbftBesuControllerBuilder | Imported #252 / 65 tx / 556 pending / 15,728,050 (0.0%) gas / (0x90189667b7705b6d97ab301a9f4b74f0ade2c1bd7fe6ef567d34a681e2711a6b)
2026-10-07 18:03:10.665+00:00 | EthScheduler-Workers-0 | INFO  | PersistBlockTask | Block 253 (0x1de5887e89edacb3f832c313f7e8e3a378eea3abeecb2e421681ca049f36a13a) is already imported
2026-10-07 18:03:10.665+00:00 | BftProcessorExecutor-QBFT-0 | INFO  | QbftBesuControllerBuilder | Imported #253 / 96 tx / 460 pending / 23,229,120 (0.0%) gas / (0x1de5887e89edacb3f832c313f7e8e3a378eea3abeecb2e421681ca049f36a13a)
2026-10-07 18:03:12.248+00:00 | BftProcessorExecutor-QBFT-0 | INFO  | QbftBesuControllerBuilder | Imported #254 / 67 tx / 393 pending / 16,211,990 (0.0%) gas / (0x917e6e15d6dcf07cbf1c6bedc0f74506d3c5f58c730e2d4677908f1fc816d84a)
2026-10-07 18:03:14.325+00:00 | EthScheduler-Workers-0 | INFO  | PersistBlockTask | Block 255 (0xa61bb6ababf9740c636fc0908858eff9ad41ca25b18159f9c6ce785a1d952af9) is already imported
2026-10-07 18:03:14.325+00:00 | BftProcessorExecutor-QBFT-0 | INFO  | QbftBesuControllerBuilder | Imported #255 / 71 tx / 322 pending / 17,179,870 (0.0%) gas / (0xa61bb6ababf9740c636fc0908858eff9ad41ca25b18159f9c6ce785a1d952af9)
2026-10-07 18:03:16.156+00:00 | BftProcessorExecutor-QBFT-0 | INFO  | QbftBesuControllerBuilder | Imported #256 / 61 tx / 261 pending / 14,760,170 (0.0%) gas / (0x2c5d0020cc9a72131922f4c3ad1a7f4274bd2465eb0488c5c6e8307d3dd55020)
2026-10-07 18:03:18.467+00:00 | EthScheduler-Workers-0 | INFO  | PersistBlockTask | Block 257 (0x87484b92ac3867534ca1557898a642992ca12c7721a1fbb1c853fd786cf4b6a2) is already imported
2026-10-07 18:03:18.468+00:00 | BftProcessorExecutor-QBFT-0 | INFO  | QbftBesuControllerBuilder | Imported #257 / 86 tx / 175 pending / 20,809,420 (0.0%) gas / (0x87484b92ac3867534ca1557898a642992ca12c7721a1fbb1c853fd786cf4b6a2)
2026-10-07 18:03:20.295+00:00 | EthScheduler-Workers-0 | INFO  | PersistBlockTask | Block 258 (0xf5996a52a1a6dc4f6a8b2cb165c9e93508a8f9dd1229686ef2aa1670ec106e99) is already imported
2026-10-07 18:03:20.295+00:00 | BftProcessorExecutor-QBFT-0 | INFO  | QbftBesuControllerBuilder | Imported #258 / 73 tx / 102 pending / 17,663,810 (0.0%) gas / (0xf5996a52a1a6dc4f6a8b2cb165c9e93508a8f9dd1229686ef2aa1670ec106e99)
2026-10-07 18:03:22.708+00:00 | EthScheduler-Workers-0 | INFO  | PersistBlockTask | Block 259 (0x201987b99130ffb615e77fc8f40fda9d87d2af3dc32ffd86f481037aa2d8ccaf) is already imported
2026-10-07 18:03:22.710+00:00 | BftProcessorExecutor-QBFT-0 | INFO  | QbftBesuControllerBuilder | Produced #259 / 99 tx / 3 pending / 23,955,030 (0.0%) gas / (0x201987b99130ffb615e77fc8f40fda9d87d2af3dc32ffd86f481037aa2d8ccaf)
2026-10-07 18:03:23.374+00:00 | BftProcessorExecutor-QBFT-0 | INFO  | QbftBesuControllerBuilder | Imported #260 / 3 tx / 0 pending / 725,910 (0.0%) gas / (0xca515587f36e5cc0ae5e3be4d0c01e95dfa628501cf776e864516215459a79a3)
2026-10-07 18:03:23.374+00:00 | EthScheduler-Workers-0 | INFO  | PersistBlockTask | Block 260 (0xca515587f36e5cc0ae5e3be4d0c01e95dfa628501cf776e864516215459a79a3) is already imported
2026-10-07 18:03:25.286+00:00 | EthScheduler-Workers-0 | INFO  | PersistBlockTask | Block 261 (0x4ce30b44331c0077f8fc1795918048fd722ace25526c430b22b1628871352231) is already imported
2026-10-07 18:03:25.287+00:00 | BftProcessorExecutor-QBFT-0 | INFO  | QbftBesuControllerBuilder | Imported #261 / 0 tx / 0 pending / 0 (0.0%) gas / (0x4ce30b44331c0077f8fc1795918048fd722ace25526c430b22b1628871352231)
2026-10-07 18:03:27.283+00:00 | BftProcessorExecutor-QBFT-0 | INFO  | QbftBesuControllerBuilder | Imported #262 / 0 tx / 0 pending / 0 (0.0%) gas / (0xe354f44acfc71848c1cb3a9c36d26464922e21306209b69505f39122ba1f0bf5)
2026-10-07 18:03:29.296+00:00 | BftProcessorExecutor-QBFT-0 | INFO  | QbftBesuControllerBuilder | Imported #263 / 0 tx / 0 pending / 0 (0.0%) gas / (0xcb65e17275908ab4805b7456ce124c7ec3e3d340b844c627058a27c3600e8212)
2026-10-07 18:03:31.440+00:00 | EthScheduler-Workers-0 | INFO  | PersistBlockTask | Block 264 (0xbd95cc28715d5331ade566c706f6b2b6b8345e41904b66c863ce8a90f99e8eb9) is already imported
2026-10-07 18:03:31.440+00:00 | BftProcessorExecutor-QBFT-0 | INFO  | QbftBesuControllerBuilder | Imported #264 / 30 tx / 536 pending / 4,609,072 (0.0%) gas / (0xbd95cc28715d5331ade566c706f6b2b6b8345e41904b66c863ce8a90f99e8eb9)
2026-10-07 18:03:33.515+00:00 | EthScheduler-Workers-0 | INFO  | PersistBlockTask | Block 265 (0xea92c85d5e31ea88ebdda5fdb24cada7d922bd77ce1ed0ba87190e211c31d2ef) is already imported
2026-10-07 18:03:33.516+00:00 | BftProcessorExecutor-QBFT-0 | INFO  | QbftBesuControllerBuilder | Imported #265 / 73 tx / 1113 pending / 11,215,290 (0.0%) gas / (0xea92c85d5e31ea88ebdda5fdb24cada7d922bd77ce1ed0ba87190e211c31d2ef)
2026-10-07 18:03:35.650+00:00 | BftProcessorExecutor-QBFT-0 | INFO  | QbftBesuControllerBuilder | Imported #266 / 115 tx / 1695 pending / 17,668,102 (0.0%) gas / (0xb302cd4024e3b3246602dc09e305e9014df770636a8588dc5b2e1427ac7040e5)
2026-10-07 18:03:37.857+00:00 | EthScheduler-Workers-0 | INFO  | PersistBlockTask | Block 267 (0x2ec78f2a1eeed77cd28f2429f29eb318fcf7b24dd31017145c720ae70dde6539) is already imported
2026-10-07 18:03:37.859+00:00 | BftProcessorExecutor-QBFT-0 | INFO  | QbftBesuControllerBuilder | Imported #267 / 136 tx / 1694 pending / 20,893,988 (0.0%) gas / (0x2ec78f2a1eeed77cd28f2429f29eb318fcf7b24dd31017145c720ae70dde6539)
2026-10-07 18:03:40.104+00:00 | BftProcessorExecutor-QBFT-0 | INFO  | QbftBesuControllerBuilder | Imported #268 / 136 tx / 1558 pending / 20,894,528 (0.0%) gas / (0x21fef5027f68fbe345f64197aac5ae0a31cdc8925e9aeefdc08618723309e498)
2026-10-07 18:03:41.978+00:00 | EthScheduler-Workers-0 | INFO  | PersistBlockTask | Block 269 (0x89660d6804be4fc4209e84572a8bdcbf778e58f45f45a3f0c56d4ec68b02a0f3) is already imported
2026-10-07 18:03:41.979+00:00 | BftProcessorExecutor-QBFT-0 | INFO  | QbftBesuControllerBuilder | Imported #269 / 136 tx / 1422 pending / 20,894,204 (0.0%) gas / (0x89660d6804be4fc4209e84572a8bdcbf778e58f45f45a3f0c56d4ec68b02a0f3)
2026-10-07 18:03:43.928+00:00 | BftProcessorExecutor-QBFT-0 | INFO  | QbftBesuControllerBuilder | Imported #270 / 138 tx / 1284 pending / 21,201,548 (0.0%) gas / (0x91836fa817a481bc49aa7dc053e3016da2516756efbefbb1ecef311ebdd38f11)
2026-10-07 18:03:46.073+00:00 | EthScheduler-Workers-0 | INFO  | PersistBlockTask | Block 271 (0xc8cf3b264eee95da4d65c025396066552c44b99e99f5d38144c44b5610040255) is already imported
2026-10-07 18:03:46.075+00:00 | BftProcessorExecutor-QBFT-0 | INFO  | QbftBesuControllerBuilder | Imported #271 / 138 tx / 1146 pending / 21,201,596 (0.0%) gas / (0xc8cf3b264eee95da4d65c025396066552c44b99e99f5d38144c44b5610040255)
2026-10-07 18:03:48.019+00:00 | BftProcessorExecutor-QBFT-0 | INFO  | QbftBesuControllerBuilder | Imported #272 / 138 tx / 1008 pending / 21,201,692 (0.0%) gas / (0xd67f3e00bb639511a9b71f703c2687b1d6b9f1782377250649f6d408409fd842)
2026-10-07 18:03:49.951+00:00 | BftProcessorExecutor-QBFT-0 | INFO  | QbftBesuControllerBuilder | Imported #273 / 137 tx / 871 pending / 21,048,166 (0.0%) gas / (0x9dfb1f2d3e77de937ca76fda24a06aa905b2571f54464c33fcf023101fb5f138)
2026-10-07 18:03:52.126+00:00 | BftProcessorExecutor-QBFT-0 | INFO  | QbftBesuControllerBuilder | Produced #274 / 137 tx / 734 pending / 21,047,906 (0.0%) gas / (0x5a3bac007c12e8b71398e9ae196f967e986766f83d3a556b186ba2ae3a5f0791)
2026-10-07 18:03:53.888+00:00 | EthScheduler-Workers-0 | INFO  | PersistBlockTask | Block 275 (0xdf947f6cbc22c19b107674bfa339c92a2ba787b07f8ced3452b55287250cef34) is already imported
2026-10-07 18:03:53.889+00:00 | BftProcessorExecutor-QBFT-0 | INFO  | QbftBesuControllerBuilder | Imported #275 / 136 tx / 598 pending / 20,894,260 (0.0%) gas / (0xdf947f6cbc22c19b107674bfa339c92a2ba787b07f8ced3452b55287250cef34)
2026-10-07 18:03:56.184+00:00 | EthScheduler-Workers-0 | INFO  | PersistBlockTask | Block 276 (0x3cb951e0152d1ccfc83c2c73c6e2b8bbc63a5d0b5a2c3ce06b9502b0701b9b71) is already imported
2026-10-07 18:03:56.185+00:00 | BftProcessorExecutor-QBFT-0 | INFO  | QbftBesuControllerBuilder | Imported #276 / 136 tx / 462 pending / 20,894,244 (0.0%) gas / (0x3cb951e0152d1ccfc83c2c73c6e2b8bbc63a5d0b5a2c3ce06b9502b0701b9b71)
2026-10-07 18:03:58.059+00:00 | EthScheduler-Workers-0 | INFO  | PersistBlockTask | Block 277 (0x50bb257db0aac47484d390563391b01d0eebfbe27466c8edc1cacf7327774b1b) is already imported
2026-10-07 18:03:58.060+00:00 | BftProcessorExecutor-QBFT-0 | INFO  | QbftBesuControllerBuilder | Imported #277 / 136 tx / 326 pending / 20,893,780 (0.0%) gas / (0x50bb257db0aac47484d390563391b01d0eebfbe27466c8edc1cacf7327774b1b)
2026-10-07 18:04:00.066+00:00 | EthScheduler-Workers-0 | INFO  | PersistBlockTask | Block 278 (0xe301ec55f162ad5ccafce7f481258f0d05ba78d0fa3f50e380709bf364cbc64f) is already imported
2026-10-07 18:04:00.066+00:00 | BftProcessorExecutor-QBFT-0 | INFO  | QbftBesuControllerBuilder | Imported #278 / 136 tx / 190 pending / 20,894,064 (0.0%) gas / (0xe301ec55f162ad5ccafce7f481258f0d05ba78d0fa3f50e380709bf364cbc64f)
2026-10-07 18:04:01.991+00:00 | BftProcessorExecutor-QBFT-0 | INFO  | QbftBesuControllerBuilder | Imported #279 / 106 tx / 84 pending / 16,285,436 (0.0%) gas / (0x5f8b1a53d80f0cef9188b04c261b1b1811a314aefb5d7aaf64bd9d02845cb658)
2026-10-07 18:04:03.741+00:00 | BftProcessorExecutor-QBFT-0 | INFO  | QbftBesuControllerBuilder | Imported #280 / 63 tx / 21 pending / 9,679,010 (0.0%) gas / (0x6a3fa8130821eb2da2e25c810e528d653adb3e328becad0af2475bf51c789c01)
2026-10-07 18:04:05.445+00:00 | EthScheduler-Workers-0 | INFO  | PersistBlockTask | Block 281 (0x2b5e6150efba62213f6d92730c3431c85873b59fa8f5e87085e9273dcb581d04) is already imported
2026-10-07 18:04:05.445+00:00 | BftProcessorExecutor-QBFT-0 | INFO  | QbftBesuControllerBuilder | Imported #281 / 21 tx / 0 pending / 3,226,354 (0.0%) gas / (0x2b5e6150efba62213f6d92730c3431c85873b59fa8f5e87085e9273dcb581d04)
2026-10-07 18:04:07.301+00:00 | EthScheduler-Workers-0 | INFO  | PersistBlockTask | Block 282 (0xb28b497b7ddfaa4b438b69d95c38e504ab28b349a6fc05a8e70ccaf70e754d89) is already imported
2026-10-07 18:04:07.301+00:00 | BftProcessorExecutor-QBFT-0 | INFO  | QbftBesuControllerBuilder | Imported #282 / 0 tx / 0 pending / 0 (0.0%) gas / (0xb28b497b7ddfaa4b438b69d95c38e504ab28b349a6fc05a8e70ccaf70e754d89)
2026-10-07 18:04:09.311+00:00 | BftProcessorExecutor-QBFT-0 | INFO  | QbftBesuControllerBuilder | Imported #283 / 0 tx / 0 pending / 0 (0.0%) gas / (0xdeece9ba3109a509ca796f2ebba922f174c6379e9df2d43fe17ce9655ed113f3)
2026-10-07 18:04:11.275+00:00 | BftProcessorExecutor-QBFT-0 | INFO  | QbftBesuControllerBuilder | Imported #284 / 0 tx / 0 pending / 0 (0.0%) gas / (0x5c829bfd45bb71b4c4d37004f0103bd72cab9fa47e3c82feb964d068fec38b40)
2026-10-07 18:04:13.288+00:00 | BftProcessorExecutor-QBFT-0 | INFO  | QbftBesuControllerBuilder | Imported #285 / 0 tx / 0 pending / 0 (0.0%) gas / (0x84d9c7b08c034dc4291cf82448abbf422ba5ca94298f6b96cf6a4d064c8c0c89)
2026-10-07 18:04:15.292+00:00 | BftProcessorExecutor-QBFT-0 | INFO  | QbftBesuControllerBuilder | Imported #286 / 0 tx / 0 pending / 0 (0.0%) gas / (0x45117afcc867f97e36ff89d8dfc8a7cdfaba96a51ca5c2eaf3263734f7214f47)
2026-10-07 18:04:15.293+00:00 | EthScheduler-Workers-0 | INFO  | PersistBlockTask | Block 286 (0x45117afcc867f97e36ff89d8dfc8a7cdfaba96a51ca5c2eaf3263734f7214f47) is already imported
2026-10-07 18:04:17.273+00:00 | BftProcessorExecutor-QBFT-0 | INFO  | QbftBesuControllerBuilder | Imported #287 / 0 tx / 0 pending / 0 (0.0%) gas / (0xcaa8509850c6edc3cec8f586b942203c7b2ed41c61b397e418edf9a60e0b8ccb)
2026-10-07 18:04:19.297+00:00 | EthScheduler-Workers-0 | INFO  | PersistBlockTask | Block 288 (0x5a044f3b672f4bc8f90a0de0321231d48ae82a12af48ee91f315f81629c62d4f) is already imported
2026-10-07 18:04:19.297+00:00 | BftProcessorExecutor-QBFT-0 | INFO  | QbftBesuControllerBuilder | Imported #288 / 0 tx / 0 pending / 0 (0.0%) gas / (0x5a044f3b672f4bc8f90a0de0321231d48ae82a12af48ee91f315f81629c62d4f)
2026-10-07 18:04:21.277+00:00 | BftProcessorExecutor-QBFT-0 | INFO  | QbftBesuControllerBuilder | Produced #289 / 0 tx / 0 pending / 0 (0.0%) gas / (0x52e6a0bd20cf95c8bf5a8e1d5eb6f3a2da4c8052ed6a8994da8e5bd3f1e1a4d7)
2026-10-07 18:04:23.276+00:00 | EthScheduler-Workers-0 | INFO  | PersistBlockTask | Block 290 (0x86c0093fec2126bbf33ec381d6f04f20da973302f41de9f71050383e4b52dacd) is already imported
2026-10-07 18:04:23.276+00:00 | BftProcessorExecutor-QBFT-0 | INFO  | QbftBesuControllerBuilder | Imported #290 / 0 tx / 0 pending / 0 (0.0%) gas / (0x86c0093fec2126bbf33ec381d6f04f20da973302f41de9f71050383e4b52dacd)
2026-10-07 18:04:25.301+00:00 | BftProcessorExecutor-QBFT-0 | INFO  | QbftBesuControllerBuilder | Imported #291 / 0 tx / 0 pending / 0 (0.0%) gas / (0x292859d50a532ee211e1ea5a2b15be410f5ef122f598d577bdbe16b2e4ad8e12)
2026-10-07 18:04:27.293+00:00 | BftProcessorExecutor-QBFT-0 | INFO  | QbftBesuControllerBuilder | Imported #292 / 0 tx / 0 pending / 0 (0.0%) gas / (0x007f167acb26452990a9a771c6bcd99d850487a2474a7e63cd945fac6e884556)
2026-10-07 18:04:29.308+00:00 | EthScheduler-Workers-0 | INFO  | PersistBlockTask | Block 293 (0x0afff345462fe1e5d6818751c15614a2cfb3192e51646ecb7d8671d1f8cc370a) is already imported
2026-10-07 18:04:29.310+00:00 | BftProcessorExecutor-QBFT-0 | INFO  | QbftBesuControllerBuilder | Imported #293 / 0 tx / 0 pending / 0 (0.0%) gas / (0x0afff345462fe1e5d6818751c15614a2cfb3192e51646ecb7d8671d1f8cc370a)
2026-10-07 18:04:31.282+00:00 | BftProcessorExecutor-QBFT-0 | INFO  | QbftBesuControllerBuilder | Imported #294 / 0 tx / 0 pending / 0 (0.0%) gas / (0x3e4f78f36e3f2f4e8a4c3a698fa5d8e04c6eae25fcea399679ed5c9190666e82)
2026-10-07 18:04:31.288+00:00 | EthScheduler-Workers-0 | INFO  | PersistBlockTask | Block 294 (0x3e4f78f36e3f2f4e8a4c3a698fa5d8e04c6eae25fcea399679ed5c9190666e82) is already imported
2026-10-07 18:04:33.290+00:00 | EthScheduler-Workers-0 | INFO  | PersistBlockTask | Block 295 (0x96f91256afb5742da2e346c939d2984e6c4a9ead8caa79182059dfeaa8d398fa) is already imported
2026-10-07 18:04:33.291+00:00 | BftProcessorExecutor-QBFT-0 | INFO  | QbftBesuControllerBuilder | Imported #295 / 0 tx / 0 pending / 0 (0.0%) gas / (0x96f91256afb5742da2e346c939d2984e6c4a9ead8caa79182059dfeaa8d398fa)
2026-10-07 18:04:35.298+00:00 | BftProcessorExecutor-QBFT-0 | INFO  | QbftBesuControllerBuilder | Imported #296 / 0 tx / 0 pending / 0 (0.0%) gas / (0xbd6b43bc7304404c104d286c543f98147d862db408cdedb5949e3f9283fbd917)
2026-10-07 18:04:37.292+00:00 | BftProcessorExecutor-QBFT-0 | INFO  | QbftBesuControllerBuilder | Imported #297 / 0 tx / 0 pending / 0 (0.0%) gas / (0x9efbf5306b955d463da3897c396a25f852e033a4a8b7bd95b356930434f18849)
2026-10-07 18:04:39.307+00:00 | BftProcessorExecutor-QBFT-0 | INFO  | QbftBesuControllerBuilder | Imported #298 / 0 tx / 0 pending / 0 (0.0%) gas / (0xa5c5338dbb2e1e9e42221ca354e9f31cd0983d9f6a5231b539a8fc5555429969)
2026-10-07 18:04:41.271+00:00 | BftProcessorExecutor-QBFT-0 | INFO  | QbftBesuControllerBuilder | Imported #299 / 0 tx / 0 pending / 0 (0.0%) gas / (0xbb4385fd12d942b80d1b62872c034ea064695416efc9f2190ca87ef7ef3ae80a)
2026-10-07 18:04:43.263+00:00 | BftProcessorExecutor-QBFT-0 | INFO  | QbftBesuControllerBuilder | Imported #300 / 0 tx / 0 pending / 0 (0.0%) gas / (0x4ff70dcda58eec5ede4edf4b44131e5418f7d2a00316bac2b50f6712ff66b308)
2026-10-07 18:04:45.284+00:00 | BftProcessorExecutor-QBFT-0 | INFO  | QbftBesuControllerBuilder | Imported #301 / 0 tx / 0 pending / 0 (0.0%) gas / (0x0e2ad30f8873341f116227552744a15e5f7f76c97086899efcf27ca4f4744cc3)
2026-10-07 18:04:47.298+00:00 | EthScheduler-Workers-0 | INFO  | PersistBlockTask | Block 302 (0x49095f013a5cb7496656ca725412ce459b480d32d459b514268c22bf0bea86de) is already imported
2026-10-07 18:04:47.299+00:00 | BftProcessorExecutor-QBFT-0 | INFO  | QbftBesuControllerBuilder | Imported #302 / 0 tx / 0 pending / 0 (0.0%) gas / (0x49095f013a5cb7496656ca725412ce459b480d32d459b514268c22bf0bea86de)
2026-10-07 18:04:49.312+00:00 | BftProcessorExecutor-QBFT-0 | INFO  | QbftBesuControllerBuilder | Imported #303 / 0 tx / 0 pending / 0 (0.0%) gas / (0x1b8da3d91b66d7337e7b3f10356bc2f91eb5bf7926c33a18223982ca76c073ef)
2026-10-07 18:04:51.289+00:00 | BftProcessorExecutor-QBFT-0 | INFO  | QbftBesuControllerBuilder | Produced #304 / 0 tx / 0 pending / 0 (0.0%) gas / (0xd5ab6a7c92d7041d81d61c64e42c1af422673ebfe0a5e4510998ad4c4e0fadb1)
2026-10-07 18:04:53.278+00:00 | BftProcessorExecutor-QBFT-0 | INFO  | QbftBesuControllerBuilder | Imported #305 / 0 tx / 0 pending / 0 (0.0%) gas / (0x8f48fd39a88b704d238b0bae5adaea00516b00c1a9c0985193f9ed697418574a)
2026-10-07 18:04:53.278+00:00 | EthScheduler-Workers-0 | INFO  | PersistBlockTask | Block 305 (0x8f48fd39a88b704d238b0bae5adaea00516b00c1a9c0985193f9ed697418574a) is already imported
2026-10-07 18:04:55.290+00:00 | BftProcessorExecutor-QBFT-0 | INFO  | QbftBesuControllerBuilder | Imported #306 / 0 tx / 0 pending / 0 (0.0%) gas / (0xe3cbb23b45ec0f5ec9f4a4b1065a38a5245b002188cdf4ad73dadf2abfb2e0ac)
2026-10-07 18:04:55.292+00:00 | EthScheduler-Workers-0 | INFO  | PersistBlockTask | Block 306 (0xe3cbb23b45ec0f5ec9f4a4b1065a38a5245b002188cdf4ad73dadf2abfb2e0ac) is already imported
2026-10-07 18:04:57.277+00:00 | BftProcessorExecutor-QBFT-0 | INFO  | QbftBesuControllerBuilder | Imported #307 / 0 tx / 0 pending / 0 (0.0%) gas / (0xda9e0ef5e9e4dff12eca8570af21550cdc94a1c2185bbd6f5076848f311ff55c)
2026-10-07 18:04:59.300+00:00 | BftProcessorExecutor-QBFT-0 | INFO  | QbftBesuControllerBuilder | Imported #308 / 0 tx / 0 pending / 0 (0.0%) gas / (0x74939dd15113903946bf564eaa15c7505bbb4e53337ca8924241b22a2f729fa5)
2026-10-07 18:05:01.266+00:00 | BftProcessorExecutor-QBFT-0 | INFO  | QbftBesuControllerBuilder | Imported #309 / 0 tx / 0 pending / 0 (0.0%) gas / (0xa3d404b89b18041e8df17ad73d1c71fa2f5c69875471dc00c748fe3aeda5d58e)
2026-10-07 18:05:03.274+00:00 | BftProcessorExecutor-QBFT-0 | INFO  | QbftBesuControllerBuilder | Imported #310 / 0 tx / 0 pending / 0 (0.0%) gas / (0xe18617cfdae6ff25384332c2d41ddc948d4c760f7c3c3b28e4512d54549d80af)
2026-10-07 18:05:03.275+00:00 | EthScheduler-Workers-0 | INFO  | PersistBlockTask | Block 310 (0xe18617cfdae6ff25384332c2d41ddc948d4c760f7c3c3b28e4512d54549d80af) is already imported
2026-10-07 18:05:05.289+00:00 | BftProcessorExecutor-QBFT-0 | INFO  | QbftBesuControllerBuilder | Imported #311 / 0 tx / 0 pending / 0 (0.0%) gas / (0x427c3e18bda46f097b32368afc5be2698836fac66f336e432a5b3b9fc212e8b0)
2026-10-07 18:05:07.288+00:00 | EthScheduler-Workers-0 | INFO  | PersistBlockTask | Block 312 (0x7da971f7ba4dc2b7ef90483888e59383153b8d99af6c5a9d99963571b234969f) is already imported
2026-10-07 18:05:07.288+00:00 | BftProcessorExecutor-QBFT-0 | INFO  | QbftBesuControllerBuilder | Imported #312 / 0 tx / 0 pending / 0 (0.0%) gas / (0x7da971f7ba4dc2b7ef90483888e59383153b8d99af6c5a9d99963571b234969f)
2026-10-07 18:05:09.310+00:00 | EthScheduler-Workers-0 | INFO  | PersistBlockTask | Block 313 (0x65989743d57210dcf16fc5cf03005871a5f81338dea5d0b5a38e930eea0e2725) is already imported
2026-10-07 18:05:09.310+00:00 | BftProcessorExecutor-QBFT-0 | INFO  | QbftBesuControllerBuilder | Imported #313 / 0 tx / 0 pending / 0 (0.0%) gas / (0x65989743d57210dcf16fc5cf03005871a5f81338dea5d0b5a38e930eea0e2725)
2026-10-07 18:05:11.266+00:00 | BftProcessorExecutor-QBFT-0 | INFO  | QbftBesuControllerBuilder | Imported #314 / 0 tx / 0 pending / 0 (0.0%) gas / (0x263a4e4e6771fb8d8f3eee0d67f03ba9c9d004e95a73b300079dd2c730bc51e8)
2026-10-07 18:05:13.272+00:00 | EthScheduler-Workers-0 | INFO  | PersistBlockTask | Block 315 (0x1433d4359fa7cf44e1e33764ae629d4851883c8049374a24f2a246728bc72b28) is already imported
2026-10-07 18:05:13.272+00:00 | BftProcessorExecutor-QBFT-0 | INFO  | QbftBesuControllerBuilder | Imported #315 / 0 tx / 0 pending / 0 (0.0%) gas / (0x1433d4359fa7cf44e1e33764ae629d4851883c8049374a24f2a246728bc72b28)
2026-10-07 18:05:15.278+00:00 | BftProcessorExecutor-QBFT-0 | INFO  | QbftBesuControllerBuilder | Imported #316 / 0 tx / 0 pending / 0 (0.0%) gas / (0x1cb1c31b6b948295eb98c9a8671bd53728614289bc29ea75df5a029798b704a4)
2026-10-07 18:05:17.282+00:00 | BftProcessorExecutor-QBFT-0 | INFO  | QbftBesuControllerBuilder | Imported #317 / 0 tx / 0 pending / 0 (0.0%) gas / (0xd927113550fe6feb9becc1df3b26d150907a328d3349d6bc810f86e3487e78be)
2026-10-07 18:05:17.285+00:00 | EthScheduler-Workers-0 | INFO  | PersistBlockTask | Block 317 (0xd927113550fe6feb9becc1df3b26d150907a328d3349d6bc810f86e3487e78be) is already imported
2026-10-07 18:05:19.287+00:00 | BftProcessorExecutor-QBFT-0 | INFO  | QbftBesuControllerBuilder | Imported #318 / 0 tx / 0 pending / 0 (0.0%) gas / (0x19d60a1fbee59d3adfd6fa31d79e899d5aeab55269805623c39ed1f4c2709803)
2026-10-07 18:05:21.290+00:00 | EthScheduler-Workers-0 | INFO  | PersistBlockTask | Block 319 (0x437acf752eaf7a3771b40bb8ba0d9a8334123969b2655b6468254737533d4403) is already imported
2026-10-07 18:05:21.290+00:00 | BftProcessorExecutor-QBFT-0 | INFO  | QbftBesuControllerBuilder | Produced #319 / 0 tx / 0 pending / 0 (0.0%) gas / (0x437acf752eaf7a3771b40bb8ba0d9a8334123969b2655b6468254737533d4403)
2026-10-07 18:05:23.256+00:00 | BftProcessorExecutor-QBFT-0 | INFO  | QbftBesuControllerBuilder | Imported #320 / 0 tx / 0 pending / 0 (0.0%) gas / (0x4554ad9566f698d55abd21786e21c789daf2a272381234880b32713a8a4bc427)
2026-10-07 18:05:25.281+00:00 | BftProcessorExecutor-QBFT-0 | INFO  | QbftBesuControllerBuilder | Imported #321 / 0 tx / 0 pending / 0 (0.0%) gas / (0xa594f1371291180e6d8ba1d9b5807affae7b4ae435e8e374ad134ce9a266688e)
2026-10-07 18:05:27.269+00:00 | BftProcessorExecutor-QBFT-0 | INFO  | QbftBesuControllerBuilder | Imported #322 / 0 tx / 0 pending / 0 (0.0%) gas / (0x18d03ce39a83d5ad02d552a1cbc1b2f17a76b21ef3ae9e411d01b7c7e4e62a25)
2026-10-07 18:05:29.309+00:00 | BftProcessorExecutor-QBFT-0 | INFO  | QbftBesuControllerBuilder | Imported #323 / 0 tx / 0 pending / 0 (0.0%) gas / (0x68d2707b46567db46d86642d019541b2a32933beee18d775db43f36768e45d16)
2026-10-07 18:05:31.270+00:00 | BftProcessorExecutor-QBFT-0 | INFO  | QbftBesuControllerBuilder | Imported #324 / 0 tx / 0 pending / 0 (0.0%) gas / (0x834de1475c4febdd5f232d537e63040aa2c361c1a5798ad0cf62ba16d5d03e07)
2026-10-07 18:05:33.268+00:00 | BftProcessorExecutor-QBFT-0 | INFO  | QbftBesuControllerBuilder | Imported #325 / 0 tx / 0 pending / 0 (0.0%) gas / (0xb5e31b3521f19bfe99792a72f0d79a30fd83ec066b5e3353f0f652d79587b501)
2026-10-07 18:05:35.290+00:00 | BftProcessorExecutor-QBFT-0 | INFO  | QbftBesuControllerBuilder | Imported #326 / 0 tx / 0 pending / 0 (0.0%) gas / (0x2c26d2c8f14b3f46448ac925c95d63e5beefcf01bfa74a3366a702afa76d2cf9)
2026-10-07 18:05:37.275+00:00 | BftProcessorExecutor-QBFT-0 | INFO  | QbftBesuControllerBuilder | Imported #327 / 0 tx / 0 pending / 0 (0.0%) gas / (0x8a85c37b962aae501730524f746f54dd0c1e58c8c26621b8d1c2c262f1d50788)
2026-10-07 18:05:37.277+00:00 | EthScheduler-Workers-0 | INFO  | PersistBlockTask | Block 327 (0x8a85c37b962aae501730524f746f54dd0c1e58c8c26621b8d1c2c262f1d50788) is already imported
2026-10-07 18:05:39.306+00:00 | BftProcessorExecutor-QBFT-0 | INFO  | QbftBesuControllerBuilder | Imported #328 / 0 tx / 0 pending / 0 (0.0%) gas / (0xa34573de35307463f471b030fb78387e7452106d217e8715a1e8ef7742486ace)
2026-10-07 18:05:41.281+00:00 | BftProcessorExecutor-QBFT-0 | INFO  | QbftBesuControllerBuilder | Imported #329 / 0 tx / 50 pending / 0 (0.0%) gas / (0x152c380a3433586b034bafe28094b2849b9444df237624a5006d2ef62be36db6)
2026-10-07 18:05:43.946+00:00 | EthScheduler-Workers-0 | INFO  | PersistBlockTask | Block 330 (0xe6f53c14a91037b95fd3727ad94c695f026684fcca897d75dec65031ea54882e) is already imported
2026-10-07 18:05:43.947+00:00 | BftProcessorExecutor-QBFT-0 | INFO  | QbftBesuControllerBuilder | Imported #330 / 39 tx / 794 pending / 9,436,830 (0.0%) gas / (0xe6f53c14a91037b95fd3727ad94c695f026684fcca897d75dec65031ea54882e)
2026-10-07 18:05:46.519+00:00 | EthScheduler-Workers-0 | INFO  | PersistBlockTask | Block 331 (0x85c5d0ea22d4c29a25d1d86fd2ebfc9b6c71848689603ab64f4e37dadba6276a) is already imported
2026-10-07 18:05:46.520+00:00 | BftProcessorExecutor-QBFT-0 | INFO  | QbftBesuControllerBuilder | Imported #331 / 79 tx / 1488 pending / 19,115,630 (0.0%) gas / (0x85c5d0ea22d4c29a25d1d86fd2ebfc9b6c71848689603ab64f4e37dadba6276a)
2026-10-07 18:05:49.029+00:00 | BftProcessorExecutor-QBFT-0 | INFO  | QbftBesuControllerBuilder | Imported #332 / 120 tx / 2243 pending / 29,036,400 (0.0%) gas / (0x3c88bd934589e492430a8e98ff2875bbe4286065444822f0ef59f8c88e77a9dd)
2026-10-07 18:05:51.778+00:00 | EthScheduler-Workers-0 | INFO  | PersistBlockTask | Block 333 (0xa0b0cba56d62aa61fb907ab4a8cb964aecc9024db3ca696cf4e60c42d0948686) is already imported
2026-10-07 18:05:51.781+00:00 | BftProcessorExecutor-QBFT-0 | INFO  | QbftBesuControllerBuilder | Imported #333 / 169 tx / 3123 pending / 40,892,930 (0.0%) gas / (0xa0b0cba56d62aa61fb907ab4a8cb964aecc9024db3ca696cf4e60c42d0948686)
2026-10-07 18:05:55.448+00:00 | EthScheduler-Workers-0 | INFO  | PersistBlockTask | Block 334 (0x2cef3ffed55342340c14b5324ad7b96e4f830ee53d652fdf8b41a87cf5ee8b28) is already imported
2026-10-07 18:05:55.450+00:00 | BftProcessorExecutor-QBFT-0 | INFO  | QbftBesuControllerBuilder | Produced #334 / 239 tx / 4282 pending / 57,830,830 (0.0%) gas / (0x2cef3ffed55342340c14b5324ad7b96e4f830ee53d652fdf8b41a87cf5ee8b28)
2026-10-07 18:06:00.415+00:00 | BftProcessorExecutor-QBFT-0 | INFO  | QbftBesuControllerBuilder | Imported #335 / 332 tx / 5825 pending / 80,334,040 (0.0%) gas / (0xf3a1f29af9ef15c6c1ea038c50a559603d1fa76138dd562ab4b70b82389c664d)
2026-10-07 18:06:05.357+00:00 | EthScheduler-Workers-0 | INFO  | PersistBlockTask | Block 336 (0x1ad729543577f1a7d0c08decddb347934765add3c5e58c54a7ddf4de2b59dac5) is already imported
2026-10-07 18:06:05.363+00:00 | BftProcessorExecutor-QBFT-0 | INFO  | QbftBesuControllerBuilder | Imported #336 / 328 tx / 7431 pending / 79,366,160 (0.0%) gas / (0x1ad729543577f1a7d0c08decddb347934765add3c5e58c54a7ddf4de2b59dac5)
2026-10-07 18:06:10.296+00:00 | EthScheduler-Workers-0 | INFO  | PersistBlockTask | Block 337 (0x9f694118715ce0dfa94547b6360b1a1605b3b2569437d62a110736bb6837c65f) is already imported
2026-10-07 18:06:10.304+00:00 | BftProcessorExecutor-QBFT-0 | INFO  | QbftBesuControllerBuilder | Imported #337 / 339 tx / 9064 pending / 82,027,830 (0.0%) gas / (0x9f694118715ce0dfa94547b6360b1a1605b3b2569437d62a110736bb6837c65f)
2026-10-07 18:06:15.278+00:00 | EthScheduler-Workers-0 | INFO  | PersistBlockTask | Block 338 (0x2cf1abfe1ef074d1ac1b460f87c7a76f452118a190243129b373f204f4308c8d) is already imported
2026-10-07 18:06:15.281+00:00 | BftProcessorExecutor-QBFT-0 | INFO  | QbftBesuControllerBuilder | Imported #338 / 345 tx / 10582 pending / 83,479,650 (0.0%) gas / (0x2cf1abfe1ef074d1ac1b460f87c7a76f452118a190243129b373f204f4308c8d)
2026-10-07 18:06:20.168+00:00 | BftProcessorExecutor-QBFT-0 | INFO  | QbftBesuControllerBuilder | Imported #339 / 336 tx / 12194 pending / 81,301,920 (0.0%) gas / (0xde41e9e8d0e18c1a95166ef44a6a651c2cf35abb22996f0188f8876d00e84285)
2026-10-07 18:06:25.051+00:00 | EthScheduler-Workers-0 | INFO  | PersistBlockTask | Block 340 (0xfcbeea26d1528b61c5606ef5099a2c5a127a18f99bf5530fb4dd726e3a4870d7) is already imported
2026-10-07 18:06:25.054+00:00 | BftProcessorExecutor-QBFT-0 | INFO  | QbftBesuControllerBuilder | Imported #340 / 338 tx / 13449 pending / 81,785,860 (0.0%) gas / (0xfcbeea26d1528b61c5606ef5099a2c5a127a18f99bf5530fb4dd726e3a4870d7)
2026-10-07 18:06:29.896+00:00 | BftProcessorExecutor-QBFT-0 | INFO  | QbftBesuControllerBuilder | Imported #341 / 339 tx / 13381 pending / 82,027,830 (0.0%) gas / (0xc065ee42428b986e5b05ccff40215b7fd4d91ba4ff97a6dee8c21d70823b7ad5)
2026-10-07 18:06:34.860+00:00 | BftProcessorExecutor-QBFT-0 | INFO  | QbftBesuControllerBuilder | Imported #342 / 328 tx / 13053 pending / 79,366,160 (0.0%) gas / (0x8be08ce8ae4e79d36a88f66b930f7745214914ea74a58437ed69aca70d2028a1)
2026-10-07 18:06:40.013+00:00 | BftProcessorExecutor-QBFT-0 | INFO  | QbftBesuControllerBuilder | Imported #343 / 342 tx / 12711 pending / 82,753,740 (0.0%) gas / (0x73734e183075111315e4d5ff260b7661bfad3643efbdcf374bbcfa0d485b8527)
2026-10-07 18:06:45.191+00:00 | EthScheduler-Workers-0 | INFO  | PersistBlockTask | Block 344 (0xd7ff7d376d06dc821fbe053558bb8d2e2905c19ddc42f2b83386affe9d080783) is already imported
2026-10-07 18:06:45.195+00:00 | BftProcessorExecutor-QBFT-0 | INFO  | QbftBesuControllerBuilder | Imported #344 / 344 tx / 12367 pending / 83,237,680 (0.0%) gas / (0xd7ff7d376d06dc821fbe053558bb8d2e2905c19ddc42f2b83386affe9d080783)
2026-10-07 18:06:50.143+00:00 | EthScheduler-Workers-0 | INFO  | PersistBlockTask | Block 345 (0x2eba29f3432603445540523627407c78bcb8c7853e7ecc5e55e9bcac31c12294) is already imported
2026-10-07 18:06:50.152+00:00 | BftProcessorExecutor-QBFT-0 | INFO  | QbftBesuControllerBuilder | Imported #345 / 345 tx / 12022 pending / 83,479,650 (0.0%) gas / (0x2eba29f3432603445540523627407c78bcb8c7853e7ecc5e55e9bcac31c12294)
2026-10-07 18:06:55.222+00:00 | EthScheduler-Workers-0 | INFO  | PersistBlockTask | Block 346 (0xcbf95029c8f306e1cf22bbf4a0fe8902435f3f559a4369c6585d43f7939107be) is already imported
2026-10-07 18:06:55.227+00:00 | BftProcessorExecutor-QBFT-0 | INFO  | QbftBesuControllerBuilder | Imported #346 / 350 tx / 11672 pending / 84,689,500 (0.0%) gas / (0xcbf95029c8f306e1cf22bbf4a0fe8902435f3f559a4369c6585d43f7939107be)
2026-10-07 18:07:00.265+00:00 | BftProcessorExecutor-QBFT-0 | INFO  | QbftBesuControllerBuilder | Imported #347 / 343 tx / 11329 pending / 82,995,710 (0.0%) gas / (0x656d3b453c0f9fb54c9351e60ecfeb88ae69735d9f287c6c9c480b7523ffd21c)
2026-10-07 18:07:05.466+00:00 | EthScheduler-Workers-0 | INFO  | PersistBlockTask | Block 348 (0xc42859c50a6ce15c755ff491eada6ec00670b9e1408e28d5cc23ecce9f1c82b8) is already imported
2026-10-07 18:07:05.471+00:00 | BftProcessorExecutor-QBFT-0 | INFO  | QbftBesuControllerBuilder | Imported #348 / 342 tx / 10987 pending / 82,753,740 (0.0%) gas / (0xc42859c50a6ce15c755ff491eada6ec00670b9e1408e28d5cc23ecce9f1c82b8)
2026-10-07 18:07:06.974+00:00 | BftProcessorExecutor-QBFT-0 | WARN  | BlockTransactionSelector | Interrupting the selection of transactions for block inclusion as it exceeds the maximum configured duration of 1500ms
java.util.concurrent.TimeoutException
	at java.base/java.util.concurrent.CompletableFuture.timedGet(CompletableFuture.java:1960)
	at java.base/java.util.concurrent.CompletableFuture.get(CompletableFuture.java:2095)
	at org.hyperledger.besu.ethereum.blockcreation.txselection.BlockTransactionSelector.timeLimitedSelection(BlockTransactionSelector.java:186)
	at org.hyperledger.besu.ethereum.blockcreation.txselection.BlockTransactionSelector.buildTransactionListForBlock(BlockTransactionSelector.java:169)
	at org.hyperledger.besu.ethereum.blockcreation.AbstractBlockCreator.selectTransactions(AbstractBlockCreator.java:376)
	at org.hyperledger.besu.ethereum.blockcreation.AbstractBlockCreator.createBlock(AbstractBlockCreator.java:218)
	at org.hyperledger.besu.ethereum.blockcreation.AbstractBlockCreator.createBlock(AbstractBlockCreator.java:146)
	at org.hyperledger.besu.consensus.common.bft.blockcreation.BftBlockCreator.createBlock(BftBlockCreator.java:92)
	at org.hyperledger.besu.consensus.qbft.statemachine.QbftRound.createAndSendProposalMessage(QbftRound.java:137)
	at org.hyperledger.besu.consensus.qbft.statemachine.QbftBlockHeightManager.handleBlockTimerExpiry(QbftBlockHeightManager.java:140)
	at org.hyperledger.besu.consensus.common.bft.statemachine.BaseBftController.handleBlockTimerExpiry(BaseBftController.java:167)
	at org.hyperledger.besu.consensus.common.bft.EventMultiplexer.handleBftEvent(EventMultiplexer.java:65)
	at java.base/java.util.Optional.ifPresent(Optional.java:178)
	at org.hyperledger.besu.consensus.common.bft.BftProcessor.run(BftProcessor.java:65)
	at java.base/java.util.concurrent.ThreadPoolExecutor.runWorker(ThreadPoolExecutor.java:1144)
	at java.base/java.util.concurrent.ThreadPoolExecutor$Worker.run(ThreadPoolExecutor.java:642)
	at java.base/java.lang.Thread.run(Thread.java:1583)
2026-10-07 18:07:10.571+00:00 | EthScheduler-Workers-0 | INFO  | PersistBlockTask | Block 349 (0x74b39798693102b9d3639b93bd921dfbd0169b19adfd71422e73862f0710d5ea) is already imported
2026-10-07 18:07:10.577+00:00 | BftProcessorExecutor-QBFT-0 | INFO  | QbftBesuControllerBuilder | Produced #349 / 344 tx / 10643 pending / 83,237,680 (0.0%) gas / (0x74b39798693102b9d3639b93bd921dfbd0169b19adfd71422e73862f0710d5ea)
2026-10-07 18:07:15.632+00:00 | EthScheduler-Workers-0 | INFO  | PersistBlockTask | Block 350 (0x44fdd80edc98d45d12d692f18dca70d1fd66359667ca9ba57a5a0b8436bdbeeb) is already imported
2026-10-07 18:07:15.661+00:00 | BftProcessorExecutor-QBFT-0 | INFO  | QbftBesuControllerBuilder | Imported #350 / 343 tx / 10300 pending / 82,995,710 (0.0%) gas / (0x44fdd80edc98d45d12d692f18dca70d1fd66359667ca9ba57a5a0b8436bdbeeb)
2026-10-07 18:07:20.548+00:00 | EthScheduler-Workers-0 | INFO  | PersistBlockTask | Block 351 (0xe649953b020bec5a67d8d186cb58657f763a76c0c60bf2f54173a3bcde542b1d) is already imported
2026-10-07 18:07:20.556+00:00 | BftProcessorExecutor-QBFT-0 | INFO  | QbftBesuControllerBuilder | Imported #351 / 327 tx / 9973 pending / 79,124,190 (0.0%) gas / (0xe649953b020bec5a67d8d186cb58657f763a76c0c60bf2f54173a3bcde542b1d)
2026-10-07 18:07:25.574+00:00 | EthScheduler-Workers-0 | INFO  | PersistBlockTask | Block 352 (0x1a4222ee091ec28be849fdb3a162f8d72a0ce52aa62b0863a96ba13870cefcdb) is already imported
2026-10-07 18:07:25.578+00:00 | BftProcessorExecutor-QBFT-0 | INFO  | QbftBesuControllerBuilder | Imported #352 / 345 tx / 9628 pending / 83,479,650 (0.0%) gas / (0x1a4222ee091ec28be849fdb3a162f8d72a0ce52aa62b0863a96ba13870cefcdb)
2026-10-07 18:07:30.737+00:00 | BftProcessorExecutor-QBFT-0 | INFO  | QbftBesuControllerBuilder | Imported #353 / 345 tx / 9283 pending / 83,479,650 (0.0%) gas / (0xc244a2f94bb772ea0620ee7049b81509a2c7a460f5621e12ef16707c1bf03c6f)
2026-10-07 18:07:35.933+00:00 | EthScheduler-Workers-0 | INFO  | PersistBlockTask | Block 354 (0xfb4c07dd9b0b20685f8c92f7b8f70e362d94bd00f1cc6dcc410cb9d45cdae584) is already imported
2026-10-07 18:07:35.938+00:00 | BftProcessorExecutor-QBFT-0 | INFO  | QbftBesuControllerBuilder | Imported #354 / 344 tx / 8939 pending / 83,237,680 (0.0%) gas / (0xfb4c07dd9b0b20685f8c92f7b8f70e362d94bd00f1cc6dcc410cb9d45cdae584)
2026-10-07 18:07:40.881+00:00 | EthScheduler-Workers-0 | INFO  | PersistBlockTask | Block 355 (0x462aedeeb44092fdb28e481ed97ee0c78041052ce086e1e4df707ab15738eea6) is already imported
2026-10-07 18:07:40.886+00:00 | BftProcessorExecutor-QBFT-0 | INFO  | QbftBesuControllerBuilder | Imported #355 / 338 tx / 8601 pending / 81,785,860 (0.0%) gas / (0x462aedeeb44092fdb28e481ed97ee0c78041052ce086e1e4df707ab15738eea6)
2026-10-07 18:07:45.933+00:00 | EthScheduler-Workers-0 | INFO  | PersistBlockTask | Block 356 (0x2a605d61939ae9eb35804ad410abd1a239f9179261e5e2ab913423945d3dafef) is already imported
2026-10-07 18:07:45.937+00:00 | BftProcessorExecutor-QBFT-0 | INFO  | QbftBesuControllerBuilder | Imported #356 / 343 tx / 8258 pending / 82,995,710 (0.0%) gas / (0x2a605d61939ae9eb35804ad410abd1a239f9179261e5e2ab913423945d3dafef)
2026-10-07 18:07:50.926+00:00 | EthScheduler-Workers-0 | INFO  | PersistBlockTask | Block 357 (0x2d5226c08febd3b75a0ebf9f20c28fa0e65a3288fad56d8c93e00a31cb4d7577) is already imported
2026-10-07 18:07:50.930+00:00 | BftProcessorExecutor-QBFT-0 | INFO  | QbftBesuControllerBuilder | Imported #357 / 337 tx / 7921 pending / 81,543,890 (0.0%) gas / (0x2d5226c08febd3b75a0ebf9f20c28fa0e65a3288fad56d8c93e00a31cb4d7577)
2026-10-07 18:07:55.969+00:00 | EthScheduler-Workers-0 | INFO  | PersistBlockTask | Block 358 (0xa116aa90ba3d9ab0644a707f5a31c4e87cf3bb10ea767b4d76e246b1d74fb963) is already imported
2026-10-07 18:07:55.972+00:00 | BftProcessorExecutor-QBFT-0 | INFO  | QbftBesuControllerBuilder | Imported #358 / 333 tx / 7588 pending / 80,576,010 (0.0%) gas / (0xa116aa90ba3d9ab0644a707f5a31c4e87cf3bb10ea767b4d76e246b1d74fb963)
2026-10-07 18:08:00.984+00:00 | BftProcessorExecutor-QBFT-0 | INFO  | QbftBesuControllerBuilder | Imported #359 / 339 tx / 7249 pending / 82,027,830 (0.0%) gas / (0x0a23835d4e1be0e5fb94fb24c74415a6d388e4c9bc446caebf970880397e249d)
2026-10-07 18:08:06.012+00:00 | EthScheduler-Workers-0 | INFO  | PersistBlockTask | Block 360 (0x36f9132a88c023cea8f0306c0d8e18ca5b581c916ee74295447e66876debff1b) is already imported
2026-10-07 18:08:06.033+00:00 | BftProcessorExecutor-QBFT-0 | INFO  | QbftBesuControllerBuilder | Imported #360 / 347 tx / 6902 pending / 83,963,590 (0.0%) gas / (0x36f9132a88c023cea8f0306c0d8e18ca5b581c916ee74295447e66876debff1b)
2026-10-07 18:08:11.140+00:00 | EthScheduler-Workers-0 | INFO  | PersistBlockTask | Block 361 (0x794a2db6c19daa0be153d063ad4671c15c271d4deb6708ee13bc13c3b29f5ce3) is already imported
2026-10-07 18:08:11.144+00:00 | BftProcessorExecutor-QBFT-0 | INFO  | QbftBesuControllerBuilder | Imported #361 / 349 tx / 6553 pending / 84,447,530 (0.0%) gas / (0x794a2db6c19daa0be153d063ad4671c15c271d4deb6708ee13bc13c3b29f5ce3)
2026-10-07 18:08:16.182+00:00 | BftProcessorExecutor-QBFT-0 | INFO  | QbftBesuControllerBuilder | Imported #362 / 347 tx / 6206 pending / 83,963,590 (0.0%) gas / (0xb278645c7f92981892200b6ca1a522b38155c8337b59b5884b3214c987bd5940)
2026-10-07 18:08:21.297+00:00 | BftProcessorExecutor-QBFT-0 | INFO  | QbftBesuControllerBuilder | Imported #363 / 342 tx / 5864 pending / 82,753,740 (0.0%) gas / (0x4569a062a6e5feb44f903532090941275bbc91b09692c35e7104979bbcbd3610)
2026-10-07 18:08:22.800+00:00 | BftProcessorExecutor-QBFT-0 | WARN  | BlockTransactionSelector | Interrupting the selection of transactions for block inclusion as it exceeds the maximum configured duration of 1500ms
java.util.concurrent.TimeoutException
	at java.base/java.util.concurrent.CompletableFuture.timedGet(CompletableFuture.java:1960)
	at java.base/java.util.concurrent.CompletableFuture.get(CompletableFuture.java:2095)
	at org.hyperledger.besu.ethereum.blockcreation.txselection.BlockTransactionSelector.timeLimitedSelection(BlockTransactionSelector.java:186)
	at org.hyperledger.besu.ethereum.blockcreation.txselection.BlockTransactionSelector.buildTransactionListForBlock(BlockTransactionSelector.java:169)
	at org.hyperledger.besu.ethereum.blockcreation.AbstractBlockCreator.selectTransactions(AbstractBlockCreator.java:376)
	at org.hyperledger.besu.ethereum.blockcreation.AbstractBlockCreator.createBlock(AbstractBlockCreator.java:218)
	at org.hyperledger.besu.ethereum.blockcreation.AbstractBlockCreator.createBlock(AbstractBlockCreator.java:146)
	at org.hyperledger.besu.consensus.common.bft.blockcreation.BftBlockCreator.createBlock(BftBlockCreator.java:92)
	at org.hyperledger.besu.consensus.qbft.statemachine.QbftRound.createAndSendProposalMessage(QbftRound.java:137)
	at org.hyperledger.besu.consensus.qbft.statemachine.QbftBlockHeightManager.handleBlockTimerExpiry(QbftBlockHeightManager.java:140)
	at org.hyperledger.besu.consensus.common.bft.statemachine.BaseBftController.handleBlockTimerExpiry(BaseBftController.java:167)
	at org.hyperledger.besu.consensus.common.bft.EventMultiplexer.handleBftEvent(EventMultiplexer.java:65)
	at java.base/java.util.Optional.ifPresent(Optional.java:178)
	at org.hyperledger.besu.consensus.common.bft.BftProcessor.run(BftProcessor.java:65)
	at java.base/java.util.concurrent.ThreadPoolExecutor.runWorker(ThreadPoolExecutor.java:1144)
	at java.base/java.util.concurrent.ThreadPoolExecutor$Worker.run(ThreadPoolExecutor.java:642)
	at java.base/java.lang.Thread.run(Thread.java:1583)
2026-10-07 18:08:26.438+00:00 | EthScheduler-Workers-0 | INFO  | PersistBlockTask | Block 364 (0x26c9d912d7e9b93416e01a63a04f6f6f1c6a913a6e042e45d5c884f40d9e87ef) is already imported
2026-10-07 18:08:26.440+00:00 | BftProcessorExecutor-QBFT-0 | INFO  | QbftBesuControllerBuilder | Produced #364 / 346 tx / 5518 pending / 83,721,620 (0.0%) gas / (0x26c9d912d7e9b93416e01a63a04f6f6f1c6a913a6e042e45d5c884f40d9e87ef)
2026-10-07 18:08:31.385+00:00 | BftProcessorExecutor-QBFT-0 | INFO  | QbftBesuControllerBuilder | Imported #365 / 343 tx / 5175 pending / 82,995,710 (0.0%) gas / (0x06ffb0849a46f5935ebfa877e68b29d13e80955c2be2b63c041e757574841391)
2026-10-07 18:08:36.569+00:00 | BftProcessorExecutor-QBFT-0 | INFO  | QbftBesuControllerBuilder | Imported #366 / 347 tx / 4828 pending / 83,963,590 (0.0%) gas / (0x07e37066300072ed1cd2df9c1a18d6d7fb4799d5640394002ba7994cb9524eb1)
2026-10-07 18:08:41.656+00:00 | EthScheduler-Workers-0 | INFO  | PersistBlockTask | Block 367 (0xfb7534e7ffa3a52365354a8c6a0ffb5aad33623f0de81e6eb21d9a9df84ba90b) is already imported
2026-10-07 18:08:41.660+00:00 | BftProcessorExecutor-QBFT-0 | INFO  | QbftBesuControllerBuilder | Imported #367 / 349 tx / 4479 pending / 84,447,530 (0.0%) gas / (0xfb7534e7ffa3a52365354a8c6a0ffb5aad33623f0de81e6eb21d9a9df84ba90b)
2026-10-07 18:08:46.802+00:00 | BftProcessorExecutor-QBFT-0 | INFO  | QbftBesuControllerBuilder | Imported #368 / 347 tx / 4132 pending / 83,963,590 (0.0%) gas / (0x0501eae2b42b0cd6fe79d2e4f596cfa873350b1955b27fb7b455b7df527a0b30)
2026-10-07 18:08:51.880+00:00 | EthScheduler-Workers-0 | INFO  | PersistBlockTask | Block 369 (0x6f0cf55d14c9ebf30251237a3e6d8cf896a06eda94dee90dab0babad18538728) is already imported
2026-10-07 18:08:51.883+00:00 | BftProcessorExecutor-QBFT-0 | INFO  | QbftBesuControllerBuilder | Imported #369 / 347 tx / 3785 pending / 83,963,590 (0.0%) gas / (0x6f0cf55d14c9ebf30251237a3e6d8cf896a06eda94dee90dab0babad18538728)
2026-10-07 18:08:56.916+00:00 | EthScheduler-Workers-0 | INFO  | PersistBlockTask | Block 370 (0xc64e3a2264ef91810c00a6836e5e8b7267cfa6efea2046c7b4482b4326fdf25a) is already imported
2026-10-07 18:08:56.919+00:00 | BftProcessorExecutor-QBFT-0 | INFO  | QbftBesuControllerBuilder | Imported #370 / 348 tx / 3437 pending / 84,205,560 (0.0%) gas / (0xc64e3a2264ef91810c00a6836e5e8b7267cfa6efea2046c7b4482b4326fdf25a)
2026-10-07 18:09:01.986+00:00 | BftProcessorExecutor-QBFT-0 | INFO  | QbftBesuControllerBuilder | Imported #371 / 347 tx / 3090 pending / 83,963,590 (0.0%) gas / (0x1a68fee9fc990e44530484c24b90d7572c9240b691a5a71e769ad9f0176fe649)
2026-10-07 18:09:07.056+00:00 | EthScheduler-Workers-0 | INFO  | PersistBlockTask | Block 372 (0x8059bdfe7790ee929d311c65b6cc696ab45a8271dd29f8bce05b4e5bc11872d3) is already imported
2026-10-07 18:09:07.073+00:00 | BftProcessorExecutor-QBFT-0 | INFO  | QbftBesuControllerBuilder | Imported #372 / 347 tx / 2743 pending / 83,963,590 (0.0%) gas / (0x8059bdfe7790ee929d311c65b6cc696ab45a8271dd29f8bce05b4e5bc11872d3)
2026-10-07 18:09:12.290+00:00 | EthScheduler-Workers-0 | INFO  | PersistBlockTask | Block 373 (0x3721517a7044530c0f52a442b09c9acec18442d9337cbedb349dc993385b1f56) is already imported
2026-10-07 18:09:12.293+00:00 | BftProcessorExecutor-QBFT-0 | INFO  | QbftBesuControllerBuilder | Imported #373 / 347 tx / 2396 pending / 83,963,590 (0.0%) gas / (0x3721517a7044530c0f52a442b09c9acec18442d9337cbedb349dc993385b1f56)
2026-10-07 18:09:17.360+00:00 | BftProcessorExecutor-QBFT-0 | INFO  | QbftBesuControllerBuilder | Imported #374 / 345 tx / 2051 pending / 83,479,650 (0.0%) gas / (0xf7da07398c17f53d7a2feecee3035bb92dc0d7f3469725b81fd8e3b5b9aad0b6)
2026-10-07 18:09:22.515+00:00 | EthScheduler-Workers-0 | INFO  | PersistBlockTask | Block 375 (0x752e575e77053f466577dcbee7396781ff48e66a2408138de1222ed1a20c2959) is already imported
2026-10-07 18:09:22.518+00:00 | BftProcessorExecutor-QBFT-0 | INFO  | QbftBesuControllerBuilder | Imported #375 / 349 tx / 1702 pending / 84,447,530 (0.0%) gas / (0x752e575e77053f466577dcbee7396781ff48e66a2408138de1222ed1a20c2959)
2026-10-07 18:09:27.216+00:00 | BftProcessorExecutor-QBFT-0 | INFO  | QbftBesuControllerBuilder | Imported #376 / 320 tx / 1382 pending / 77,430,400 (0.0%) gas / (0xd3860e99155dc884d6264a53561b94356ac9f379ae8ed5031e120982f25069b7)
2026-10-07 18:09:31.549+00:00 | EthScheduler-Workers-0 | INFO  | PersistBlockTask | Block 377 (0x0eb89d2342472cac8c1b72ede6306fc0c39c71d8f8f080a685ed46cf955be7ce) is already imported
2026-10-07 18:09:31.552+00:00 | BftProcessorExecutor-QBFT-0 | INFO  | QbftBesuControllerBuilder | Imported #377 / 288 tx / 1094 pending / 69,687,360 (0.0%) gas / (0x0eb89d2342472cac8c1b72ede6306fc0c39c71d8f8f080a685ed46cf955be7ce)
2026-10-07 18:09:35.341+00:00 | BftProcessorExecutor-QBFT-0 | INFO  | QbftBesuControllerBuilder | Imported #378 / 245 tx / 849 pending / 59,282,650 (0.0%) gas / (0x1fee47d7804cee236e3768a5a5953fb5e135e8282a904515028269e3586d06fc)
2026-10-07 18:09:37.890+00:00 | EthScheduler-Workers-0 | INFO  | PersistBlockTask | Block 379 (0x3d50ca5fb9119e40a7b875894d0e8fd589e9d1bf505a981babaee5263a442fea) is already imported
2026-10-07 18:09:37.890+00:00 | BftProcessorExecutor-QBFT-0 | INFO  | QbftBesuControllerBuilder | Produced #379 / 169 tx / 680 pending / 40,892,930 (0.0%) gas / (0x3d50ca5fb9119e40a7b875894d0e8fd589e9d1bf505a981babaee5263a442fea)
2026-10-07 18:09:39.241+00:00 | EthScheduler-Workers-0 | INFO  | PersistBlockTask | Block 380 (0x02e26cbde770b7da1be4d99a9b38b7e14b3b7f0678ee81eb01e406504ba88881) is already imported
2026-10-07 18:09:39.241+00:00 | BftProcessorExecutor-QBFT-0 | INFO  | QbftBesuControllerBuilder | Imported #380 / 72 tx / 608 pending / 17,421,840 (0.0%) gas / (0x02e26cbde770b7da1be4d99a9b38b7e14b3b7f0678ee81eb01e406504ba88881)
2026-10-07 18:09:41.561+00:00 | EthScheduler-Workers-0 | INFO  | PersistBlockTask | Block 381 (0xb2009e3710d7f2cb16bc611d36a53dbbe44433ebf7df64425f387453a24d244e) is already imported
2026-10-07 18:09:41.562+00:00 | BftProcessorExecutor-QBFT-0 | INFO  | QbftBesuControllerBuilder | Imported #381 / 88 tx / 520 pending / 21,293,360 (0.0%) gas / (0xb2009e3710d7f2cb16bc611d36a53dbbe44433ebf7df64425f387453a24d244e)
2026-10-07 18:09:43.174+00:00 | EthScheduler-Workers-0 | INFO  | PersistBlockTask | Block 382 (0x49436cf0bd60936eed208b2c8861f4758be57df4eefb192e5abb8f09542b4451) is already imported
2026-10-07 18:09:43.174+00:00 | BftProcessorExecutor-QBFT-0 | INFO  | QbftBesuControllerBuilder | Imported #382 / 57 tx / 463 pending / 13,792,290 (0.0%) gas / (0x49436cf0bd60936eed208b2c8861f4758be57df4eefb192e5abb8f09542b4451)
2026-10-07 18:09:45.091+00:00 | EthScheduler-Workers-0 | INFO  | PersistBlockTask | Block 383 (0x87becd7ab1c033e8f3181d8a77d72b08feaee66832939093a52861bff098b0da) is already imported
2026-10-07 18:09:45.091+00:00 | BftProcessorExecutor-QBFT-0 | INFO  | QbftBesuControllerBuilder | Imported #383 / 53 tx / 410 pending / 12,824,410 (0.0%) gas / (0x87becd7ab1c033e8f3181d8a77d72b08feaee66832939093a52861bff098b0da)
2026-10-07 18:09:47.118+00:00 | BftProcessorExecutor-QBFT-0 | INFO  | QbftBesuControllerBuilder | Imported #384 / 62 tx / 348 pending / 15,002,140 (0.0%) gas / (0x9e4b8d63280cfeb37ebafc9b1e6f38ad2fb284b09dad2f4dfa33a50a1a140057)
2026-10-07 18:09:49.217+00:00 | BftProcessorExecutor-QBFT-0 | INFO  | QbftBesuControllerBuilder | Imported #385 / 65 tx / 283 pending / 15,728,050 (0.0%) gas / (0xee0b0bee6112299bebe586a8449eeeff1826bd3ba97956fe8100c73d616f4e67)
2026-10-07 18:09:51.109+00:00 | BftProcessorExecutor-QBFT-0 | INFO  | QbftBesuControllerBuilder | Imported #386 / 60 tx / 223 pending / 14,518,200 (0.0%) gas / (0x905e28c9d7e8bfc141d287565ac34bfe710310857bf3ec545d6f28f2d742bea5)
2026-10-07 18:09:53.321+00:00 | BftProcessorExecutor-QBFT-0 | INFO  | QbftBesuControllerBuilder | Imported #387 / 77 tx / 146 pending / 18,631,690 (0.0%) gas / (0x85804be0518bfd88c331e8312491bf85d7ff30cc191bd00a6685da68c1e66425)
2026-10-07 18:09:55.265+00:00 | EthScheduler-Workers-0 | INFO  | PersistBlockTask | Block 388 (0xf19e7530aecf0ebf8a45e5977b05652c7a39b625e59d78a8a7d5b9256bd46bab) is already imported
2026-10-07 18:09:55.265+00:00 | BftProcessorExecutor-QBFT-0 | INFO  | QbftBesuControllerBuilder | Imported #388 / 67 tx / 79 pending / 16,211,990 (0.0%) gas / (0xf19e7530aecf0ebf8a45e5977b05652c7a39b625e59d78a8a7d5b9256bd46bab)
2026-10-07 18:09:57.116+00:00 | BftProcessorExecutor-QBFT-0 | INFO  | QbftBesuControllerBuilder | Imported #389 / 61 tx / 18 pending / 14,760,170 (0.0%) gas / (0x2942ae469762bcca087aaf405136b055b1f7dc2f8751ad4e900d49cb840ae213)
2026-10-07 18:09:58.593+00:00 | EthScheduler-Workers-0 | INFO  | PersistBlockTask | Block 390 (0x8b0342ddca449122da70b7b6eed11143ff36face3a4b91f7b3588ad98d14be0f) is already imported
2026-10-07 18:09:58.593+00:00 | BftProcessorExecutor-QBFT-0 | INFO  | QbftBesuControllerBuilder | Imported #390 / 18 tx / 0 pending / 4,355,460 (0.0%) gas / (0x8b0342ddca449122da70b7b6eed11143ff36face3a4b91f7b3588ad98d14be0f)
2026-10-07 18:10:00.277+00:00 | BftProcessorExecutor-QBFT-0 | INFO  | QbftBesuControllerBuilder | Imported #391 / 0 tx / 0 pending / 0 (0.0%) gas / (0x52980660601e02cc846eddeca614e6ee91f71848ca53bfb4b21c192a35d8d48b)
2026-10-07 18:10:00.282+00:00 | EthScheduler-Workers-0 | INFO  | PersistBlockTask | Block 391 (0x52980660601e02cc846eddeca614e6ee91f71848ca53bfb4b21c192a35d8d48b) is already imported
2026-10-07 18:10:02.269+00:00 | BftProcessorExecutor-QBFT-0 | INFO  | QbftBesuControllerBuilder | Imported #392 / 0 tx / 0 pending / 0 (0.0%) gas / (0xef1cde6b024ad6bd80ce2f1d6de8fcc9b4f0a410b192c9753f488bd1803488c5)
2026-10-07 18:10:04.304+00:00 | EthScheduler-Workers-0 | INFO  | PersistBlockTask | Imported #393 / 0 tx / 0 om / 0 (0.0%) gas / (0xf82d8b344503c1a60b835ff15bc24eabc0d23fd6c975bfaeeee112c5fb4a9196) in 0.005s. Peers: 14
2026-10-07 18:10:06.259+00:00 | BftProcessorExecutor-QBFT-0 | INFO  | QbftBesuControllerBuilder | Produced #394 / 0 tx / 0 pending / 0 (0.0%) gas / (0x2d2cc2df40b3ba5fbf8b9984bb10cbe963b0d27bbe9faccc8c88cab707682853)
2026-10-07 18:10:08.274+00:00 | BftProcessorExecutor-QBFT-0 | INFO  | QbftBesuControllerBuilder | Imported #395 / 0 tx / 0 pending / 0 (0.0%) gas / (0x292f6cbc7809561676c5ba2c9c5b46e29c72941309a09741aab5d69e133a0d85)
2026-10-07 18:10:10.433+00:00 | EthScheduler-Workers-0 | INFO  | PersistBlockTask | Block 396 (0x6d0a6b36d0d67ff6eb2f9c6652c23f6a91ce1d2a5ec990f7ea62b35a58898a9c) is already imported
2026-10-07 18:10:10.434+00:00 | BftProcessorExecutor-QBFT-0 | INFO  | QbftBesuControllerBuilder | Imported #396 / 32 tx / 551 pending / 4,916,388 (0.0%) gas / (0x6d0a6b36d0d67ff6eb2f9c6652c23f6a91ce1d2a5ec990f7ea62b35a58898a9c)
2026-10-07 18:10:12.527+00:00 | EthScheduler-Workers-0 | INFO  | PersistBlockTask | Block 397 (0xdf94be1df1d1a3bb507cd8d277000cbb492da8e13357f02463b0df970a6d99c5) is already imported
2026-10-07 18:10:12.528+00:00 | BftProcessorExecutor-QBFT-0 | INFO  | QbftBesuControllerBuilder | Imported #397 / 74 tx / 1134 pending / 11,368,960 (0.0%) gas / (0xdf94be1df1d1a3bb507cd8d277000cbb492da8e13357f02463b0df970a6d99c5)
2026-10-07 18:10:14.692+00:00 | BftProcessorExecutor-QBFT-0 | INFO  | QbftBesuControllerBuilder | Imported #398 / 124 tx / 1816 pending / 19,050,620 (0.0%) gas / (0x2a1dab6bbe68e913e5781fd1285515a916a909540bd58ad1bb3eebc790a3f2a4)
2026-10-07 18:10:17.023+00:00 | BftProcessorExecutor-QBFT-0 | INFO  | QbftBesuControllerBuilder | Imported #399 / 136 tx / 1682 pending / 20,894,080 (0.0%) gas / (0xbe577e71a18aad100f02bc3a963cc2fa5f11805d9cceea41dfebfa7c8c170f8a)
2026-10-07 18:10:18.830+00:00 | BftProcessorExecutor-QBFT-0 | INFO  | QbftBesuControllerBuilder | Imported #400 / 136 tx / 1546 pending / 20,894,348 (0.0%) gas / (0x901d835ebd0cf1efdb38396c64c805c9569129eefda971b321623516dd12b300)
2026-10-07 18:10:20.931+00:00 | EthScheduler-Workers-0 | INFO  | PersistBlockTask | Block 401 (0xfb1dbfa95ea3013e2c2af1fea29d73a8a6a5aaa5cab0a85d7d1181799ec1d542) is already imported
2026-10-07 18:10:20.933+00:00 | BftProcessorExecutor-QBFT-0 | INFO  | QbftBesuControllerBuilder | Imported #401 / 136 tx / 1410 pending / 20,894,200 (0.0%) gas / (0xfb1dbfa95ea3013e2c2af1fea29d73a8a6a5aaa5cab0a85d7d1181799ec1d542)
2026-10-07 18:10:22.859+00:00 | EthScheduler-Workers-0 | INFO  | PersistBlockTask | Block 402 (0xf8ef01849fa24869cb7d2d3941141fbda8529a927883bdc45a8f56259d90caf8) is already imported
2026-10-07 18:10:22.860+00:00 | BftProcessorExecutor-QBFT-0 | INFO  | QbftBesuControllerBuilder | Imported #402 / 136 tx / 1274 pending / 20,894,196 (0.0%) gas / (0xf8ef01849fa24869cb7d2d3941141fbda8529a927883bdc45a8f56259d90caf8)
2026-10-07 18:10:25.116+00:00 | EthScheduler-Workers-0 | INFO  | PersistBlockTask | Block 403 (0x148a1080aa4af4a40f9fddef79909181d98bb6037559616fc56ec735ba11e93d) is already imported
2026-10-07 18:10:25.118+00:00 | BftProcessorExecutor-QBFT-0 | INFO  | QbftBesuControllerBuilder | Imported #403 / 136 tx / 1138 pending / 20,894,180 (0.0%) gas / (0x148a1080aa4af4a40f9fddef79909181d98bb6037559616fc56ec735ba11e93d)
2026-10-07 18:10:27.088+00:00 | BftProcessorExecutor-QBFT-0 | INFO  | QbftBesuControllerBuilder | Imported #404 / 136 tx / 1002 pending / 20,894,340 (0.0%) gas / (0x5e279c370221d8ba5ded774f7b4ae242ac1a10ef4a7222ac0a7a63c0714e4ce3)
2026-10-07 18:10:28.935+00:00 | EthScheduler-Workers-0 | INFO  | PersistBlockTask | Block 405 (0xcdc5afd242efe54f7535d999979d9063596af6b8af101624ca0f6551d6fbf2a4) is already imported
2026-10-07 18:10:28.935+00:00 | BftProcessorExecutor-QBFT-0 | INFO  | QbftBesuControllerBuilder | Imported #405 / 138 tx / 864 pending / 21,201,788 (0.0%) gas / (0xcdc5afd242efe54f7535d999979d9063596af6b8af101624ca0f6551d6fbf2a4)
2026-10-07 18:10:30.976+00:00 | EthScheduler-Workers-0 | INFO  | PersistBlockTask | Block 406 (0x1aa1c2e4f95e01d7fc66b80a737b556188e1152b99fd3482a553963c090d131b) is already imported
2026-10-07 18:10:30.977+00:00 | BftProcessorExecutor-QBFT-0 | INFO  | QbftBesuControllerBuilder | Imported #406 / 138 tx / 726 pending / 21,201,468 (0.0%) gas / (0x1aa1c2e4f95e01d7fc66b80a737b556188e1152b99fd3482a553963c090d131b)
2026-10-07 18:10:32.954+00:00 | BftProcessorExecutor-QBFT-0 | INFO  | QbftBesuControllerBuilder | Imported #407 / 138 tx / 588 pending / 21,201,356 (0.0%) gas / (0xe5938d0634108d70e35ee207d3a71e6212691935c2a7d3ba74b0c3db4d42f67f)
2026-10-07 18:10:34.923+00:00 | EthScheduler-Workers-0 | INFO  | PersistBlockTask | Block 408 (0xf198767dcf52fdc15f32c0929683c1c9a5163b319168daeade9451c75e666ffa) is already imported
2026-10-07 18:10:34.925+00:00 | BftProcessorExecutor-QBFT-0 | INFO  | QbftBesuControllerBuilder | Imported #408 / 137 tx / 451 pending / 21,047,958 (0.0%) gas / (0xf198767dcf52fdc15f32c0929683c1c9a5163b319168daeade9451c75e666ffa)
2026-10-07 18:10:37.049+00:00 | EthScheduler-Workers-0 | INFO  | PersistBlockTask | Block 409 (0x5f7644b29cd5fd41e60579b84dfed496f5ca3da0e9e0fbfc9b120c8d558d1d16) is already imported
2026-10-07 18:10:37.049+00:00 | BftProcessorExecutor-QBFT-0 | INFO  | QbftBesuControllerBuilder | Produced #409 / 137 tx / 314 pending / 21,047,898 (0.0%) gas / (0x5f7644b29cd5fd41e60579b84dfed496f5ca3da0e9e0fbfc9b120c8d558d1d16)
2026-10-07 18:10:38.853+00:00 | EthScheduler-Workers-0 | INFO  | PersistBlockTask | Block 410 (0xad1164946a299d370d5221a6ea6135c04416c48e28833d9b2c4edb5b8afc4fc4) is already imported
2026-10-07 18:10:38.861+00:00 | BftProcessorExecutor-QBFT-0 | INFO  | QbftBesuControllerBuilder | Imported #410 / 136 tx / 178 pending / 20,894,340 (0.0%) gas / (0xad1164946a299d370d5221a6ea6135c04416c48e28833d9b2c4edb5b8afc4fc4)
2026-10-07 18:10:40.882+00:00 | EthScheduler-Workers-0 | INFO  | PersistBlockTask | Block 411 (0x43316bb3fd62212e70464f9e1bd4add2c80e675876e26ee7a0c8569662f385e8) is already imported
2026-10-07 18:10:40.883+00:00 | BftProcessorExecutor-QBFT-0 | INFO  | QbftBesuControllerBuilder | Imported #411 / 104 tx / 74 pending / 15,978,004 (0.0%) gas / (0x43316bb3fd62212e70464f9e1bd4add2c80e675876e26ee7a0c8569662f385e8)
2026-10-07 18:10:42.816+00:00 | BftProcessorExecutor-QBFT-0 | INFO  | QbftBesuControllerBuilder | Imported #412 / 62 tx / 12 pending / 9,525,232 (0.0%) gas / (0xa33911314d8514c7203b15cc6ef65896b304628dbb855d696d2e81e82b6dcc8b)
2026-10-07 18:10:44.348+00:00 | BftProcessorExecutor-QBFT-0 | INFO  | QbftBesuControllerBuilder | Imported #413 / 12 tx / 0 pending / 1,843,608 (0.0%) gas / (0x66ae1098470476c1e55c0728a15e1b7bcea359668e974dbc9814c99e8e4bf91e)
2026-10-07 18:10:46.287+00:00 | EthScheduler-Workers-0 | INFO  | PersistBlockTask | Block 414 (0xd8bc1727a771ead6eb67f1b0a50f0593e77c9467545f01110f4064492e7a7c47) is already imported
2026-10-07 18:10:46.287+00:00 | BftProcessorExecutor-QBFT-0 | INFO  | QbftBesuControllerBuilder | Imported #414 / 0 tx / 0 pending / 0 (0.0%) gas / (0xd8bc1727a771ead6eb67f1b0a50f0593e77c9467545f01110f4064492e7a7c47)
2026-10-07 18:10:48.276+00:00 | BftProcessorExecutor-QBFT-0 | INFO  | QbftBesuControllerBuilder | Imported #415 / 0 tx / 0 pending / 0 (0.0%) gas / (0x837cf64c2f962f75de9a1ea1740177b970b77e755542c471657e673fa8bc9eb8)
2026-10-07 18:10:50.288+00:00 | BftProcessorExecutor-QBFT-0 | INFO  | QbftBesuControllerBuilder | Imported #416 / 0 tx / 0 pending / 0 (0.0%) gas / (0x73aa7b761a37af10c5563f9c61039b8803ecb29400c7acbf72030030161059e0)
2026-10-07 18:10:52.268+00:00 | BftProcessorExecutor-QBFT-0 | INFO  | QbftBesuControllerBuilder | Imported #417 / 0 tx / 0 pending / 0 (0.0%) gas / (0x991c6c68b59d8853fd90c0a0b879971228587a8e2d5bff1c322779850524f44d)
2026-10-07 18:10:52.269+00:00 | EthScheduler-Workers-0 | INFO  | PersistBlockTask | Block 417 (0x991c6c68b59d8853fd90c0a0b879971228587a8e2d5bff1c322779850524f44d) is already imported
2026-10-07 18:10:54.300+00:00 | EthScheduler-Workers-0 | INFO  | PersistBlockTask | Imported #418 / 0 tx / 0 om / 0 (0.0%) gas / (0xe8e52d5c258b0084b7cb1ca1b4179a37cd8d2a8e45c91d4204f43a72221b9b93) in 0.002s. Peers: 14
2026-10-07 18:10:56.282+00:00 | BftProcessorExecutor-QBFT-0 | INFO  | QbftBesuControllerBuilder | Imported #419 / 0 tx / 0 pending / 0 (0.0%) gas / (0x76fb4385f5e16722d06a1b323d0a25e586faa96992bcf985e3c343a2014cda89)
2026-10-07 18:10:56.284+00:00 | EthScheduler-Workers-0 | INFO  | PersistBlockTask | Block 419 (0x76fb4385f5e16722d06a1b323d0a25e586faa96992bcf985e3c343a2014cda89) is already imported
2026-10-07 18:10:58.288+00:00 | EthScheduler-Workers-0 | INFO  | PersistBlockTask | Block 420 (0x99511afdd8161562c319d58c75c9b5e9ecdc280bac34c7ecea3962edb74c42ef) is already imported
2026-10-07 18:10:58.288+00:00 | BftProcessorExecutor-QBFT-0 | INFO  | QbftBesuControllerBuilder | Imported #420 / 0 tx / 0 pending / 0 (0.0%) gas / (0x99511afdd8161562c319d58c75c9b5e9ecdc280bac34c7ecea3962edb74c42ef)
2026-10-07 18:11:00.291+00:00 | BftProcessorExecutor-QBFT-0 | INFO  | QbftBesuControllerBuilder | Imported #421 / 0 tx / 0 pending / 0 (0.0%) gas / (0xc8942eb034cb38759b54781f4f906916444eeaa3ca56e9891daf13f22dbad3ff)
2026-10-07 18:11:02.286+00:00 | BftProcessorExecutor-QBFT-0 | INFO  | QbftBesuControllerBuilder | Imported #422 / 0 tx / 0 pending / 0 (0.0%) gas / (0xd2d85b1ca86e57038dcc91409cf76523a33c0cd44386e6c0cbb8e4c1b1ca453a)
2026-10-07 18:11:02.288+00:00 | EthScheduler-Workers-0 | INFO  | PersistBlockTask | Block 422 (0xd2d85b1ca86e57038dcc91409cf76523a33c0cd44386e6c0cbb8e4c1b1ca453a) is already imported
2026-10-07 18:11:04.296+00:00 | BftProcessorExecutor-QBFT-0 | INFO  | QbftBesuControllerBuilder | Imported #423 / 0 tx / 0 pending / 0 (0.0%) gas / (0x37df55236d043eca10cbecd802f4107b80ae2e2303ee69d11c513cd77691c1a9)
2026-10-07 18:11:06.283+00:00 | BftProcessorExecutor-QBFT-0 | INFO  | QbftBesuControllerBuilder | Produced #424 / 0 tx / 0 pending / 0 (0.0%) gas / (0x9ca5b5cafca51b3fbbb0fdb64f3bd030f4c890d7f975d9e5baaf82e30b419b83)
2026-10-07 18:11:08.266+00:00 | BftProcessorExecutor-QBFT-0 | INFO  | QbftBesuControllerBuilder | Imported #425 / 0 tx / 0 pending / 0 (0.0%) gas / (0x84825577b78e8049b539bf16e114437bcf122b43d164e0ac6a482d1ab0fbec63)
2026-10-07 18:11:10.288+00:00 | BftProcessorExecutor-QBFT-0 | INFO  | QbftBesuControllerBuilder | Imported #426 / 0 tx / 0 pending / 0 (0.0%) gas / (0xad5beb6f38ae9292ebcdfefc9dd1e3a58605f59c29a3e0f5ac4c4782d3e85b10)
2026-10-07 18:11:10.290+00:00 | EthScheduler-Workers-0 | INFO  | PersistBlockTask | Block 426 (0xad5beb6f38ae9292ebcdfefc9dd1e3a58605f59c29a3e0f5ac4c4782d3e85b10) is already imported
2026-10-07 18:11:12.286+00:00 | EthScheduler-Workers-0 | INFO  | PersistBlockTask | Block 427 (0xbb03c4798a77602b622eda9c29cc87f6e2ee628d2f3f5ce97cc831c261eb3bac) is already imported
2026-10-07 18:11:12.286+00:00 | BftProcessorExecutor-QBFT-0 | INFO  | QbftBesuControllerBuilder | Imported #427 / 0 tx / 0 pending / 0 (0.0%) gas / (0xbb03c4798a77602b622eda9c29cc87f6e2ee628d2f3f5ce97cc831c261eb3bac)
2026-10-07 18:11:14.289+00:00 | BftProcessorExecutor-QBFT-0 | INFO  | QbftBesuControllerBuilder | Imported #428 / 0 tx / 0 pending / 0 (0.0%) gas / (0x04b8160d502791ab592fd40c9c5aa139303320dc871bc25c4ecedd421fbe9234)
2026-10-07 18:11:16.273+00:00 | BftProcessorExecutor-QBFT-0 | INFO  | QbftBesuControllerBuilder | Imported #429 / 0 tx / 0 pending / 0 (0.0%) gas / (0xd50bad8dce3206eb6b416e7adb5a3cdd8ebc83a594204ee159e96cfae02f2250)
2026-10-07 18:11:18.282+00:00 | BftProcessorExecutor-QBFT-0 | INFO  | QbftBesuControllerBuilder | Imported #430 / 0 tx / 0 pending / 0 (0.0%) gas / (0xf5741d7526124da405a9273474af76b2e8629692ce2db5e51c82e951aca0c981)
2026-10-07 18:11:18.283+00:00 | EthScheduler-Workers-0 | INFO  | PersistBlockTask | Block 430 (0xf5741d7526124da405a9273474af76b2e8629692ce2db5e51c82e951aca0c981) is already imported
2026-10-07 18:11:20.279+00:00 | EthScheduler-Workers-0 | INFO  | PersistBlockTask | Block 431 (0x7d308311d0820c0309b68274fd2ccc22223661d3fba0fdc468c0694058d7f260) is already imported
2026-10-07 18:11:20.280+00:00 | BftProcessorExecutor-QBFT-0 | INFO  | QbftBesuControllerBuilder | Imported #431 / 0 tx / 0 pending / 0 (0.0%) gas / (0x7d308311d0820c0309b68274fd2ccc22223661d3fba0fdc468c0694058d7f260)
2026-10-07 18:11:22.278+00:00 | BftProcessorExecutor-QBFT-0 | INFO  | QbftBesuControllerBuilder | Imported #432 / 0 tx / 0 pending / 0 (0.0%) gas / (0x0af1635bc696c93395abd6ec2b1eef96fbb84f93d117c3a75703ee2cd1315fac)
2026-10-07 18:11:24.286+00:00 | BftProcessorExecutor-QBFT-0 | INFO  | QbftBesuControllerBuilder | Imported #433 / 0 tx / 0 pending / 0 (0.0%) gas / (0x0e1f42445a46fab5633bc7408b724f0f5b38eb903afc2f79cf3c76c201b195b4)
2026-10-07 18:11:26.264+00:00 | BftProcessorExecutor-QBFT-0 | INFO  | QbftBesuControllerBuilder | Imported #434 / 0 tx / 0 pending / 0 (0.0%) gas / (0xe1689b4bd1c6323c92709ee04e6daf93a3936164385526a5b953fad7760dfc41)
2026-10-07 18:11:28.272+00:00 | EthScheduler-Workers-0 | INFO  | PersistBlockTask | Block 435 (0xf60ec63a117ac49a9afc166395227fc3ea482f719516ff63bf3a41721f804d64) is already imported
2026-10-07 18:11:28.272+00:00 | BftProcessorExecutor-QBFT-0 | INFO  | QbftBesuControllerBuilder | Imported #435 / 0 tx / 0 pending / 0 (0.0%) gas / (0xf60ec63a117ac49a9afc166395227fc3ea482f719516ff63bf3a41721f804d64)
2026-10-07 18:11:30.275+00:00 | BftProcessorExecutor-QBFT-0 | INFO  | QbftBesuControllerBuilder | Imported #436 / 0 tx / 0 pending / 0 (0.0%) gas / (0x187a50cbf0a37269e9cf1414d76ddfc4ac9709033273e0c137618af8b77f54f4)
2026-10-07 18:11:32.276+00:00 | BftProcessorExecutor-QBFT-0 | INFO  | QbftBesuControllerBuilder | Imported #437 / 0 tx / 0 pending / 0 (0.0%) gas / (0x566d572a580b9570945c4c3472dabd518e2fe3ac7a8bb666dbc97dd01e35f18e)
2026-10-07 18:11:34.299+00:00 | BftProcessorExecutor-QBFT-0 | INFO  | QbftBesuControllerBuilder | Imported #438 / 0 tx / 0 pending / 0 (0.0%) gas / (0x3af08b684fb6472784495579a589a8b40f7f85013c07cd412d4657f1971056ec)
2026-10-07 18:11:36.276+00:00 | BftProcessorExecutor-QBFT-0 | INFO  | QbftBesuControllerBuilder | Produced #439 / 0 tx / 0 pending / 0 (0.0%) gas / (0x0de01ce1eb0cb6c16964d0b1e1c783011ddfb3d9c1fbd142aae30e4778b6bfa2)
2026-10-07 18:11:38.275+00:00 | EthScheduler-Workers-0 | INFO  | PersistBlockTask | Block 440 (0x088b6fb5f239a9ac9b46d446677ea55dd100970870f8a9be44be060fe17b74b3) is already imported
2026-10-07 18:11:38.275+00:00 | BftProcessorExecutor-QBFT-0 | INFO  | QbftBesuControllerBuilder | Imported #440 / 0 tx / 0 pending / 0 (0.0%) gas / (0x088b6fb5f239a9ac9b46d446677ea55dd100970870f8a9be44be060fe17b74b3)
2026-10-07 18:11:40.274+00:00 | BftProcessorExecutor-QBFT-0 | INFO  | QbftBesuControllerBuilder | Imported #441 / 0 tx / 0 pending / 0 (0.0%) gas / (0xeef5b7206a5a282c0e64217e0ea17fd1debc43c1e601dfa372c35abdc52edf9a)
2026-10-07 18:11:42.275+00:00 | BftProcessorExecutor-QBFT-0 | INFO  | QbftBesuControllerBuilder | Imported #442 / 0 tx / 0 pending / 0 (0.0%) gas / (0xcd0c32e0b58938689569b818d77bab49e13c62599ad57f65e7da05781b1804ae)
2026-10-07 18:11:44.289+00:00 | BftProcessorExecutor-QBFT-0 | INFO  | QbftBesuControllerBuilder | Imported #443 / 0 tx / 0 pending / 0 (0.0%) gas / (0x697a93adf6a72b205c8ddf6997cb4ab97840f7944ccfb5709f98bc5369e81bc2)
2026-10-07 18:11:46.264+00:00 | BftProcessorExecutor-QBFT-0 | INFO  | QbftBesuControllerBuilder | Imported #444 / 0 tx / 0 pending / 0 (0.0%) gas / (0x1ded97a1bf0dde069b0aa72f595bf2aa805829f05f32a7305599316b4585892b)
2026-10-07 18:11:48.268+00:00 | BftProcessorExecutor-QBFT-0 | INFO  | QbftBesuControllerBuilder | Imported #445 / 0 tx / 0 pending / 0 (0.0%) gas / (0x210746985303d29206ec9cf4bdd83a0725157aeda3b0b0b6e3660626b57bd250)
2026-10-07 18:11:50.272+00:00 | EthScheduler-Workers-0 | INFO  | PersistBlockTask | Block 446 (0x3da970303ae2e9bd326b141a94a0916fe6f4d417297d22b96fd7ec670c749cb3) is already imported
2026-10-07 18:11:50.273+00:00 | BftProcessorExecutor-QBFT-0 | INFO  | QbftBesuControllerBuilder | Imported #446 / 0 tx / 0 pending / 0 (0.0%) gas / (0x3da970303ae2e9bd326b141a94a0916fe6f4d417297d22b96fd7ec670c749cb3)
2026-10-07 18:11:52.276+00:00 | BftProcessorExecutor-QBFT-0 | INFO  | QbftBesuControllerBuilder | Imported #447 / 0 tx / 0 pending / 0 (0.0%) gas / (0xd32735c49e1cde907b8c51a712970c5f28a081540077bd3d38a09c9e8a1128fe)
2026-10-07 18:11:54.296+00:00 | BftProcessorExecutor-QBFT-0 | INFO  | QbftBesuControllerBuilder | Imported #448 / 0 tx / 0 pending / 0 (0.0%) gas / (0x6da2e638bbce73a0dd1ef54c3b4d8efe89f628db374709bb160ebdfbb25cbc78)
2026-10-07 18:11:56.278+00:00 | EthScheduler-Workers-0 | INFO  | PersistBlockTask | Block 449 (0xfd87c300afe473d0279a58f983dc62a407d8c1c579cf66dde59cfe9026c7b1da) is already imported
2026-10-07 18:11:56.278+00:00 | BftProcessorExecutor-QBFT-0 | INFO  | QbftBesuControllerBuilder | Imported #449 / 0 tx / 0 pending / 0 (0.0%) gas / (0xfd87c300afe473d0279a58f983dc62a407d8c1c579cf66dde59cfe9026c7b1da)
2026-10-07 18:11:58.280+00:00 | BftProcessorExecutor-QBFT-0 | INFO  | QbftBesuControllerBuilder | Imported #450 / 0 tx / 0 pending / 0 (0.0%) gas / (0x6dbf3a429672143feaa45897b7999ba31fd3c93a70eb56c23616480458fa76fd)
2026-10-07 18:12:00.275+00:00 | BftProcessorExecutor-QBFT-0 | INFO  | QbftBesuControllerBuilder | Imported #451 / 0 tx / 0 pending / 0 (0.0%) gas / (0x651821057d18e34d4edbe1375280627a6c3cf6eec2065da4bf9a5c0d8562a5d6)
2026-10-07 18:12:02.277+00:00 | BftProcessorExecutor-QBFT-0 | INFO  | QbftBesuControllerBuilder | Imported #452 / 0 tx / 0 pending / 0 (0.0%) gas / (0x8d54a89decce91a8dd30dc0d3694ce9e8c3a65c0fbe97e571fc28fbeebb0df8d)
2026-10-07 18:12:04.300+00:00 | BftProcessorExecutor-QBFT-0 | INFO  | QbftBesuControllerBuilder | Imported #453 / 0 tx / 0 pending / 0 (0.0%) gas / (0x68e3bc47ec3e1382110a7384d0e707cc90104e73ecebc411303e9e0e422eb9a3)
2026-10-07 18:12:06.285+00:00 | BftProcessorExecutor-QBFT-0 | INFO  | QbftBesuControllerBuilder | Produced #454 / 0 tx / 0 pending / 0 (0.0%) gas / (0xcd129063e9323b40fc08f848d304723492317e725dd83b202d29208c54dd3321)
2026-10-07 18:12:08.260+00:00 | BftProcessorExecutor-QBFT-0 | INFO  | QbftBesuControllerBuilder | Imported #455 / 0 tx / 0 pending / 0 (0.0%) gas / (0x6bee640ecd44c6d135e5f0c1ac102ef5ad39579f1ce46a66a8be526d6326343a)
2026-10-07 18:12:10.285+00:00 | EthScheduler-Workers-0 | INFO  | PersistBlockTask | Block 456 (0x39d37a15d2b782740df14c8c1caa23abdf90bb4a38300c2eb8c988b5ee76d613) is already imported
2026-10-07 18:12:10.285+00:00 | BftProcessorExecutor-QBFT-0 | INFO  | QbftBesuControllerBuilder | Imported #456 / 0 tx / 0 pending / 0 (0.0%) gas / (0x39d37a15d2b782740df14c8c1caa23abdf90bb4a38300c2eb8c988b5ee76d613)
2026-10-07 18:12:12.282+00:00 | BftProcessorExecutor-QBFT-0 | INFO  | QbftBesuControllerBuilder | Imported #457 / 0 tx / 0 pending / 0 (0.0%) gas / (0xc8d7869553b191efa2415ce1b831474e8088fcdbe17d85919caac5597e9a6255)
2026-10-07 18:12:14.292+00:00 | BftProcessorExecutor-QBFT-0 | INFO  | QbftBesuControllerBuilder | Imported #458 / 0 tx / 0 pending / 0 (0.0%) gas / (0x9d85fa2979af988bcdadfd66a3d0dd239b8e634747534062c146a2c5ad4ff347)
2026-10-07 18:12:16.833+00:00 | EthScheduler-Workers-0 | INFO  | PersistBlockTask | Block 459 (0x467da2a323dc93710427e95be7d3eea40b92fb2e1a3f3135f9c5b7264f35c403) is already imported
2026-10-07 18:12:16.834+00:00 | BftProcessorExecutor-QBFT-0 | INFO  | QbftBesuControllerBuilder | Imported #459 / 32 tx / 677 pending / 7,743,040 (0.0%) gas / (0x467da2a323dc93710427e95be7d3eea40b92fb2e1a3f3135f9c5b7264f35c403)
2026-10-07 18:12:19.488+00:00 | EthScheduler-Workers-0 | INFO  | PersistBlockTask | Block 460 (0xa9e165a1d9100a3a72c2c20c0fe564bf5524f703c9729fa7590a3f4436a9f66a) is already imported
2026-10-07 18:12:19.489+00:00 | BftProcessorExecutor-QBFT-0 | INFO  | QbftBesuControllerBuilder | Imported #460 / 77 tx / 1588 pending / 18,631,690 (0.0%) gas / (0xa9e165a1d9100a3a72c2c20c0fe564bf5524f703c9729fa7590a3f4436a9f66a)
2026-10-07 18:12:22.129+00:00 | BftProcessorExecutor-QBFT-0 | INFO  | QbftBesuControllerBuilder | Imported #461 / 126 tx / 2378 pending / 30,488,220 (0.0%) gas / (0x4c0e888a718084dbd5bb6e9f7eb69aa8225d5872e7b4a91a57117fa034da0feb)
2026-10-07 18:12:24.971+00:00 | EthScheduler-Workers-0 | INFO  | PersistBlockTask | Block 462 (0x3ed759e934fe4a8b8a5d3c72fef814a94e5160dced4e6c7e62c9d9b7a60182a7) is already imported
2026-10-07 18:12:24.974+00:00 | BftProcessorExecutor-QBFT-0 | INFO  | QbftBesuControllerBuilder | Imported #462 / 176 tx / 3149 pending / 42,586,720 (0.0%) gas / (0x3ed759e934fe4a8b8a5d3c72fef814a94e5160dced4e6c7e62c9d9b7a60182a7)
2026-10-07 18:12:28.620+00:00 | EthScheduler-Workers-0 | INFO  | PersistBlockTask | Block 463 (0xa8ed44344f9261bce8033d3817235bfc62f8dc9d1ece1e6ad020441e0ae4e146) is already imported
2026-10-07 18:12:28.624+00:00 | BftProcessorExecutor-QBFT-0 | INFO  | QbftBesuControllerBuilder | Imported #463 / 239 tx / 4194 pending / 57,830,830 (0.0%) gas / (0xa8ed44344f9261bce8033d3817235bfc62f8dc9d1ece1e6ad020441e0ae4e146)
2026-10-07 18:12:33.418+00:00 | EthScheduler-Workers-0 | INFO  | PersistBlockTask | Block 464 (0x19ed8c4235b39643c12aaddb44ceb9d0fa2fd9be5324363d95d63f47479d7f3e) is already imported
2026-10-07 18:12:33.422+00:00 | BftProcessorExecutor-QBFT-0 | INFO  | QbftBesuControllerBuilder | Imported #464 / 324 tx / 5627 pending / 78,398,280 (0.0%) gas / (0x19ed8c4235b39643c12aaddb44ceb9d0fa2fd9be5324363d95d63f47479d7f3e)
2026-10-07 18:12:38.276+00:00 | BftProcessorExecutor-QBFT-0 | INFO  | QbftBesuControllerBuilder | Imported #465 / 334 tx / 7109 pending / 80,817,980 (0.0%) gas / (0x90120e36f38ab49415969f92a0ae5f30f6de421c7240bda47275f73af4d214ce)
2026-10-07 18:12:43.159+00:00 | EthScheduler-Workers-0 | INFO  | PersistBlockTask | Block 466 (0xe657bba361af94e7608e8abb67fd3a48542af294cdf9b8ac5b72171dfa66322d) is already imported
2026-10-07 18:12:43.166+00:00 | BftProcessorExecutor-QBFT-0 | INFO  | QbftBesuControllerBuilder | Imported #466 / 333 tx / 8616 pending / 80,576,010 (0.0%) gas / (0xe657bba361af94e7608e8abb67fd3a48542af294cdf9b8ac5b72171dfa66322d)
2026-10-07 18:12:48.121+00:00 | BftProcessorExecutor-QBFT-0 | INFO  | QbftBesuControllerBuilder | Imported #467 / 339 tx / 10187 pending / 82,027,830 (0.0%) gas / (0xd75e1f1a396d2fba85197e1f302b8f547437e9110f969e1354009d3ad47ee98b)
2026-10-07 18:12:52.980+00:00 | EthScheduler-Workers-0 | INFO  | PersistBlockTask | Block 468 (0xa1cb8b6d69f64384d4e8f010bebd490bd386dc4c2c204485b2034c7316773ec5) is already imported
2026-10-07 18:12:52.985+00:00 | BftProcessorExecutor-QBFT-0 | INFO  | QbftBesuControllerBuilder | Imported #468 / 333 tx / 11649 pending / 80,576,010 (0.0%) gas / (0xa1cb8b6d69f64384d4e8f010bebd490bd386dc4c2c204485b2034c7316773ec5)
2026-10-07 18:12:54.487+00:00 | BftProcessorExecutor-QBFT-0 | WARN  | BlockTransactionSelector | Interrupting the selection of transactions for block inclusion as it exceeds the maximum configured duration of 1500ms
java.util.concurrent.TimeoutException
	at java.base/java.util.concurrent.CompletableFuture.timedGet(CompletableFuture.java:1960)
	at java.base/java.util.concurrent.CompletableFuture.get(CompletableFuture.java:2095)
	at org.hyperledger.besu.ethereum.blockcreation.txselection.BlockTransactionSelector.timeLimitedSelection(BlockTransactionSelector.java:186)
	at org.hyperledger.besu.ethereum.blockcreation.txselection.BlockTransactionSelector.buildTransactionListForBlock(BlockTransactionSelector.java:169)
	at org.hyperledger.besu.ethereum.blockcreation.AbstractBlockCreator.selectTransactions(AbstractBlockCreator.java:376)
	at org.hyperledger.besu.ethereum.blockcreation.AbstractBlockCreator.createBlock(AbstractBlockCreator.java:218)
	at org.hyperledger.besu.ethereum.blockcreation.AbstractBlockCreator.createBlock(AbstractBlockCreator.java:146)
	at org.hyperledger.besu.consensus.common.bft.blockcreation.BftBlockCreator.createBlock(BftBlockCreator.java:92)
	at org.hyperledger.besu.consensus.qbft.statemachine.QbftRound.createAndSendProposalMessage(QbftRound.java:137)
	at org.hyperledger.besu.consensus.qbft.statemachine.QbftBlockHeightManager.handleBlockTimerExpiry(QbftBlockHeightManager.java:140)
	at org.hyperledger.besu.consensus.common.bft.statemachine.BaseBftController.handleBlockTimerExpiry(BaseBftController.java:167)
	at org.hyperledger.besu.consensus.common.bft.EventMultiplexer.handleBftEvent(EventMultiplexer.java:65)
	at java.base/java.util.Optional.ifPresent(Optional.java:178)
	at org.hyperledger.besu.consensus.common.bft.BftProcessor.run(BftProcessor.java:65)
	at java.base/java.util.concurrent.ThreadPoolExecutor.runWorker(ThreadPoolExecutor.java:1144)
	at java.base/java.util.concurrent.ThreadPoolExecutor$Worker.run(ThreadPoolExecutor.java:642)
	at java.base/java.lang.Thread.run(Thread.java:1583)
2026-10-07 18:12:57.880+00:00 | BftProcessorExecutor-QBFT-0 | INFO  | QbftBesuControllerBuilder | Produced #469 / 337 tx / 13141 pending / 81,543,890 (0.0%) gas / (0x41a35c7a72451fa28130490d7445e1c0b8a6c39ee93a36dcd4ff79a99d8b897b)
2026-10-07 18:13:02.660+00:00 | BftProcessorExecutor-QBFT-0 | INFO  | QbftBesuControllerBuilder | Imported #470 / 331 tx / 13403 pending / 80,092,070 (0.0%) gas / (0xb60056218c60492f83e886a8f6cf230c968466b3d6f384761a3856cebd24d770)
2026-10-07 18:13:07.721+00:00 | EthScheduler-Workers-0 | INFO  | PersistBlockTask | Block 471 (0x36fb562d4b76606afda379c092ce0ac83fe09531487edfec4465a457820d4ccc) is already imported
2026-10-07 18:13:07.725+00:00 | BftProcessorExecutor-QBFT-0 | INFO  | QbftBesuControllerBuilder | Imported #471 / 339 tx / 13064 pending / 82,027,830 (0.0%) gas / (0x36fb562d4b76606afda379c092ce0ac83fe09531487edfec4465a457820d4ccc)
2026-10-07 18:13:12.578+00:00 | BftProcessorExecutor-QBFT-0 | INFO  | QbftBesuControllerBuilder | Imported #472 / 322 tx / 12742 pending / 77,914,340 (0.0%) gas / (0x41bcf57672bedbb4d7511f87478708b081f896f3d277f823b4a33f014503f560)
2026-10-07 18:13:17.727+00:00 | BftProcessorExecutor-QBFT-0 | INFO  | QbftBesuControllerBuilder | Imported #473 / 346 tx / 12396 pending / 83,721,620 (0.0%) gas / (0x283bc2ff5f865f321a8a6fba36c25cf04efb0f0b5b21d5613b26bb157a5df3d8)
2026-10-07 18:13:22.939+00:00 | EthScheduler-Workers-0 | INFO  | PersistBlockTask | Block 474 (0x04ac040fbbf3907cbcf6ae03d26044d4e68867b3b30cecae47e63c67a11dabe4) is already imported
2026-10-07 18:13:22.946+00:00 | BftProcessorExecutor-QBFT-0 | INFO  | QbftBesuControllerBuilder | Imported #474 / 346 tx / 12050 pending / 83,721,620 (0.0%) gas / (0x04ac040fbbf3907cbcf6ae03d26044d4e68867b3b30cecae47e63c67a11dabe4)
2026-10-07 18:13:27.905+00:00 | BftProcessorExecutor-QBFT-0 | INFO  | QbftBesuControllerBuilder | Imported #475 / 345 tx / 11705 pending / 83,479,650 (0.0%) gas / (0x9bfb71b05858fa98907e30c167ceae1273f9960f274ac14ee0313d9aa9606ecf)
2026-10-07 18:13:32.974+00:00 | EthScheduler-Workers-0 | INFO  | PersistBlockTask | Block 476 (0x00a25a35c923c34ae9da893c35da0d7f1ded59a1057691cb5db29f6c87a447ef) is already imported
2026-10-07 18:13:33.025+00:00 | BftProcessorExecutor-QBFT-0 | INFO  | QbftBesuControllerBuilder | Imported #476 / 338 tx / 11367 pending / 81,785,860 (0.0%) gas / (0x00a25a35c923c34ae9da893c35da0d7f1ded59a1057691cb5db29f6c87a447ef)
2026-10-07 18:13:37.980+00:00 | BftProcessorExecutor-QBFT-0 | INFO  | QbftBesuControllerBuilder | Imported #477 / 347 tx / 11020 pending / 83,963,590 (0.0%) gas / (0x32c195bb4c9713b7128d8a8ad1034a437d596a9eab3c7b0a55be13c06667cda9)
2026-10-07 18:13:43.205+00:00 | BftProcessorExecutor-QBFT-0 | INFO  | QbftBesuControllerBuilder | Imported #478 / 346 tx / 10674 pending / 83,721,620 (0.0%) gas / (0x105c5a1cbb079f81a7dbbf03b683ad715e9a2bb67b357bd9797ae21b5e0d5a17)
2026-10-07 18:13:48.389+00:00 | EthScheduler-Workers-0 | INFO  | PersistBlockTask | Block 479 (0x7b4e72814151fccbb547ce0bae5029a2c7f3935f16c018537d99a399b31f0ebe) is already imported
2026-10-07 18:13:48.395+00:00 | BftProcessorExecutor-QBFT-0 | INFO  | QbftBesuControllerBuilder | Imported #479 / 347 tx / 10327 pending / 83,963,590 (0.0%) gas / (0x7b4e72814151fccbb547ce0bae5029a2c7f3935f16c018537d99a399b31f0ebe)
2026-10-07 18:13:53.545+00:00 | EthScheduler-Workers-0 | INFO  | PersistBlockTask | Block 480 (0xc850f1efe1e17fd06c9ab072bc99a1bfdde5c8cf95c9d1249fed2a6e3cab148a) is already imported
2026-10-07 18:13:53.558+00:00 | BftProcessorExecutor-QBFT-0 | INFO  | QbftBesuControllerBuilder | Imported #480 / 347 tx / 9980 pending / 83,963,590 (0.0%) gas / (0xc850f1efe1e17fd06c9ab072bc99a1bfdde5c8cf95c9d1249fed2a6e3cab148a)
2026-10-07 18:13:58.705+00:00 | EthScheduler-Workers-0 | INFO  | PersistBlockTask | Block 481 (0x799a35f04d8bf5ba2073fcc67879138642f539fa619bc12d06b1b3fb6ae9deae) is already imported
2026-10-07 18:13:58.713+00:00 | BftProcessorExecutor-QBFT-0 | INFO  | QbftBesuControllerBuilder | Imported #481 / 347 tx / 9633 pending / 83,963,590 (0.0%) gas / (0x799a35f04d8bf5ba2073fcc67879138642f539fa619bc12d06b1b3fb6ae9deae)
2026-10-07 18:14:03.656+00:00 | BftProcessorExecutor-QBFT-0 | INFO  | QbftBesuControllerBuilder | Imported #482 / 338 tx / 9295 pending / 81,785,860 (0.0%) gas / (0xa3a87077a744bfbbe584d249c86875428a4b02fc9129f2866736a6195ccbe069)
2026-10-07 18:14:08.847+00:00 | EthScheduler-Workers-0 | INFO  | PersistBlockTask | Block 483 (0x6693790e32ccca961657c4e830c1327ea3b978299b1d171c29843f7c1dfbd9a1) is already imported
2026-10-07 18:14:08.852+00:00 | BftProcessorExecutor-QBFT-0 | INFO  | QbftBesuControllerBuilder | Imported #483 / 336 tx / 8959 pending / 81,301,920 (0.0%) gas / (0x6693790e32ccca961657c4e830c1327ea3b978299b1d171c29843f7c1dfbd9a1)
2026-10-07 18:14:10.355+00:00 | BftProcessorExecutor-QBFT-0 | WARN  | BlockTransactionSelector | Interrupting the selection of transactions for block inclusion as it exceeds the maximum configured duration of 1500ms
java.util.concurrent.TimeoutException
	at java.base/java.util.concurrent.CompletableFuture.timedGet(CompletableFuture.java:1960)
	at java.base/java.util.concurrent.CompletableFuture.get(CompletableFuture.java:2095)
	at org.hyperledger.besu.ethereum.blockcreation.txselection.BlockTransactionSelector.timeLimitedSelection(BlockTransactionSelector.java:186)
	at org.hyperledger.besu.ethereum.blockcreation.txselection.BlockTransactionSelector.buildTransactionListForBlock(BlockTransactionSelector.java:169)
	at org.hyperledger.besu.ethereum.blockcreation.AbstractBlockCreator.selectTransactions(AbstractBlockCreator.java:376)
	at org.hyperledger.besu.ethereum.blockcreation.AbstractBlockCreator.createBlock(AbstractBlockCreator.java:218)
	at org.hyperledger.besu.ethereum.blockcreation.AbstractBlockCreator.createBlock(AbstractBlockCreator.java:146)
	at org.hyperledger.besu.consensus.common.bft.blockcreation.BftBlockCreator.createBlock(BftBlockCreator.java:92)
	at org.hyperledger.besu.consensus.qbft.statemachine.QbftRound.createAndSendProposalMessage(QbftRound.java:137)
	at org.hyperledger.besu.consensus.qbft.statemachine.QbftBlockHeightManager.handleBlockTimerExpiry(QbftBlockHeightManager.java:140)
	at org.hyperledger.besu.consensus.common.bft.statemachine.BaseBftController.handleBlockTimerExpiry(BaseBftController.java:167)
	at org.hyperledger.besu.consensus.common.bft.EventMultiplexer.handleBftEvent(EventMultiplexer.java:65)
	at java.base/java.util.Optional.ifPresent(Optional.java:178)
	at org.hyperledger.besu.consensus.common.bft.BftProcessor.run(BftProcessor.java:65)
	at java.base/java.util.concurrent.ThreadPoolExecutor.runWorker(ThreadPoolExecutor.java:1144)
	at java.base/java.util.concurrent.ThreadPoolExecutor$Worker.run(ThreadPoolExecutor.java:642)
	at java.base/java.lang.Thread.run(Thread.java:1583)
2026-10-07 18:14:13.996+00:00 | EthScheduler-Workers-0 | INFO  | PersistBlockTask | Block 484 (0x81d0839289e672b41d4bda134dac037772683815bfca9d1502a3d17c92a4774c) is already imported
2026-10-07 18:14:13.999+00:00 | BftProcessorExecutor-QBFT-0 | INFO  | QbftBesuControllerBuilder | Produced #484 / 345 tx / 8614 pending / 83,479,650 (0.0%) gas / (0x81d0839289e672b41d4bda134dac037772683815bfca9d1502a3d17c92a4774c)
2026-10-07 18:14:19.123+00:00 | EthScheduler-Workers-0 | INFO  | PersistBlockTask | Block 485 (0xc6b4d111005b0d6db310b8c286c9995b2a2cc9a2327323068321f93dd89cbfb0) is already imported
2026-10-07 18:14:19.127+00:00 | BftProcessorExecutor-QBFT-0 | INFO  | QbftBesuControllerBuilder | Imported #485 / 349 tx / 8265 pending / 84,447,530 (0.0%) gas / (0xc6b4d111005b0d6db310b8c286c9995b2a2cc9a2327323068321f93dd89cbfb0)
2026-10-07 18:14:24.125+00:00 | BftProcessorExecutor-QBFT-0 | INFO  | QbftBesuControllerBuilder | Imported #486 / 342 tx / 7923 pending / 82,753,740 (0.0%) gas / (0x44bacab075fa96b5bafd3c048378a036f7d70989cffa7b2c92bee3e4ff0a65af)
2026-10-07 18:14:29.205+00:00 | BftProcessorExecutor-QBFT-0 | INFO  | QbftBesuControllerBuilder | Imported #487 / 345 tx / 7578 pending / 83,479,650 (0.0%) gas / (0x6e02cc37b9ea59cc0bb821922505e57d2ab565dee4c59f4c244594875ae83c2d)
2026-10-07 18:14:34.442+00:00 | EthScheduler-Workers-0 | INFO  | PersistBlockTask | Block 488 (0x41b7a0891239e9622876bd818a613cf721570ba11dec5ee21f8fb223dcaf0c3a) is already imported
2026-10-07 18:14:34.451+00:00 | BftProcessorExecutor-QBFT-0 | INFO  | QbftBesuControllerBuilder | Imported #488 / 344 tx / 7234 pending / 83,237,680 (0.0%) gas / (0x41b7a0891239e9622876bd818a613cf721570ba11dec5ee21f8fb223dcaf0c3a)
2026-10-07 18:14:39.505+00:00 | EthScheduler-Workers-0 | INFO  | PersistBlockTask | Block 489 (0x1956b5948593e29171539ceedb2c9b0a0680bd871a75b7de034858f5a120f6c2) is already imported
2026-10-07 18:14:39.509+00:00 | BftProcessorExecutor-QBFT-0 | INFO  | QbftBesuControllerBuilder | Imported #489 / 336 tx / 6898 pending / 81,301,920 (0.0%) gas / (0x1956b5948593e29171539ceedb2c9b0a0680bd871a75b7de034858f5a120f6c2)
2026-10-07 18:14:44.598+00:00 | EthScheduler-Workers-0 | INFO  | PersistBlockTask | Block 490 (0xe87e9d2390fc9f40e0805992a6c827a1b8b5b61231112be75d177a869a2a2210) is already imported
2026-10-07 18:14:44.603+00:00 | BftProcessorExecutor-QBFT-0 | INFO  | QbftBesuControllerBuilder | Imported #490 / 348 tx / 6550 pending / 84,205,560 (0.0%) gas / (0xe87e9d2390fc9f40e0805992a6c827a1b8b5b61231112be75d177a869a2a2210)
2026-10-07 18:14:49.671+00:00 | EthScheduler-Workers-0 | INFO  | PersistBlockTask | Block 491 (0x8ba91c94dda8264c1e3e9b1cb323d45166d61d0ed34042ce670467f71300c4df) is already imported
2026-10-07 18:14:49.675+00:00 | BftProcessorExecutor-QBFT-0 | INFO  | QbftBesuControllerBuilder | Imported #491 / 343 tx / 6207 pending / 82,995,710 (0.0%) gas / (0x8ba91c94dda8264c1e3e9b1cb323d45166d61d0ed34042ce670467f71300c4df)
2026-10-07 18:14:54.756+00:00 | BftProcessorExecutor-QBFT-0 | INFO  | QbftBesuControllerBuilder | Imported #492 / 347 tx / 5860 pending / 83,963,590 (0.0%) gas / (0x146809a9d2956ef09e81d431dbafeff2a6fab0a3217790189d4002ed3884b5b7)
2026-10-07 18:14:59.938+00:00 | BftProcessorExecutor-QBFT-0 | INFO  | QbftBesuControllerBuilder | Imported #493 / 342 tx / 5518 pending / 82,753,740 (0.0%) gas / (0x7d9da6a724064e3c1f3a264096e7a0b88bc41c7053b093f84e7554f313177c5b)
2026-10-07 18:15:05.199+00:00 | EthScheduler-Workers-0 | INFO  | PersistBlockTask | Block 494 (0x6e6a6b7076fda52463db8297ac1d161a989bd61e4ef75875fe60b8cf5894a754) is already imported
2026-10-07 18:15:05.202+00:00 | BftProcessorExecutor-QBFT-0 | INFO  | QbftBesuControllerBuilder | Imported #494 / 345 tx / 5173 pending / 83,479,650 (0.0%) gas / (0x6e6a6b7076fda52463db8297ac1d161a989bd61e4ef75875fe60b8cf5894a754)
2026-10-07 18:15:10.186+00:00 | BftProcessorExecutor-QBFT-0 | INFO  | QbftBesuControllerBuilder | Imported #495 / 342 tx / 4831 pending / 82,753,740 (0.0%) gas / (0xc52dbda465dbdbcb7861f9709e556fb7ea71d4fbe18c91d7d0960de46e153508)
2026-10-07 18:15:15.237+00:00 | EthScheduler-Workers-0 | INFO  | PersistBlockTask | Block 496 (0x99ba87a94c51ce1565e9e854cc49a84eca943e4b46862bc7a2e745fa53860504) is already imported
2026-10-07 18:15:15.240+00:00 | BftProcessorExecutor-QBFT-0 | INFO  | QbftBesuControllerBuilder | Imported #496 / 346 tx / 4485 pending / 83,721,620 (0.0%) gas / (0x99ba87a94c51ce1565e9e854cc49a84eca943e4b46862bc7a2e745fa53860504)
2026-10-07 18:15:20.092+00:00 | EthScheduler-Workers-0 | INFO  | PersistBlockTask | Block 497 (0xd9f4abdf1abc16173e3a622f1f3de797b6aadbe417ecd82a8078d02430e945cd) is already imported
2026-10-07 18:15:20.096+00:00 | BftProcessorExecutor-QBFT-0 | INFO  | QbftBesuControllerBuilder | Imported #497 / 330 tx / 4155 pending / 79,850,100 (0.0%) gas / (0xd9f4abdf1abc16173e3a622f1f3de797b6aadbe417ecd82a8078d02430e945cd)
2026-10-07 18:15:25.239+00:00 | EthScheduler-Workers-0 | INFO  | PersistBlockTask | Block 498 (0x4a4435786de3da42bc012e1ec5d7d996b9d0fdcab80703bb267299d6cdc94d24) is already imported
2026-10-07 18:15:25.242+00:00 | BftProcessorExecutor-QBFT-0 | INFO  | QbftBesuControllerBuilder | Imported #498 / 342 tx / 3813 pending / 82,753,740 (0.0%) gas / (0x4a4435786de3da42bc012e1ec5d7d996b9d0fdcab80703bb267299d6cdc94d24)
2026-10-07 18:15:26.745+00:00 | BftProcessorExecutor-QBFT-0 | WARN  | BlockTransactionSelector | Interrupting the selection of transactions for block inclusion as it exceeds the maximum configured duration of 1500ms
java.util.concurrent.TimeoutException
	at java.base/java.util.concurrent.CompletableFuture.timedGet(CompletableFuture.java:1960)
	at java.base/java.util.concurrent.CompletableFuture.get(CompletableFuture.java:2095)
	at org.hyperledger.besu.ethereum.blockcreation.txselection.BlockTransactionSelector.timeLimitedSelection(BlockTransactionSelector.java:186)
	at org.hyperledger.besu.ethereum.blockcreation.txselection.BlockTransactionSelector.buildTransactionListForBlock(BlockTransactionSelector.java:169)
	at org.hyperledger.besu.ethereum.blockcreation.AbstractBlockCreator.selectTransactions(AbstractBlockCreator.java:376)
	at org.hyperledger.besu.ethereum.blockcreation.AbstractBlockCreator.createBlock(AbstractBlockCreator.java:218)
	at org.hyperledger.besu.ethereum.blockcreation.AbstractBlockCreator.createBlock(AbstractBlockCreator.java:146)
	at org.hyperledger.besu.consensus.common.bft.blockcreation.BftBlockCreator.createBlock(BftBlockCreator.java:92)
	at org.hyperledger.besu.consensus.qbft.statemachine.QbftRound.createAndSendProposalMessage(QbftRound.java:137)
	at org.hyperledger.besu.consensus.qbft.statemachine.QbftBlockHeightManager.handleBlockTimerExpiry(QbftBlockHeightManager.java:140)
	at org.hyperledger.besu.consensus.common.bft.statemachine.BaseBftController.handleBlockTimerExpiry(BaseBftController.java:167)
	at org.hyperledger.besu.consensus.common.bft.EventMultiplexer.handleBftEvent(EventMultiplexer.java:65)
	at java.base/java.util.Optional.ifPresent(Optional.java:178)
	at org.hyperledger.besu.consensus.common.bft.BftProcessor.run(BftProcessor.java:65)
	at java.base/java.util.concurrent.ThreadPoolExecutor.runWorker(ThreadPoolExecutor.java:1144)
	at java.base/java.util.concurrent.ThreadPoolExecutor$Worker.run(ThreadPoolExecutor.java:642)
	at java.base/java.lang.Thread.run(Thread.java:1583)
2026-10-07 18:15:30.316+00:00 | EthScheduler-Workers-0 | INFO  | PersistBlockTask | Block 499 (0x208d0ecd16ad3e1e6f1180d5925609b6002f71f90af38e159217e02efee2326b) is already imported
2026-10-07 18:15:30.318+00:00 | BftProcessorExecutor-QBFT-0 | INFO  | QbftBesuControllerBuilder | Produced #499 / 345 tx / 3468 pending / 83,479,650 (0.0%) gas / (0x208d0ecd16ad3e1e6f1180d5925609b6002f71f90af38e159217e02efee2326b)
2026-10-07 18:15:35.355+00:00 | EthScheduler-Workers-0 | INFO  | PersistBlockTask | Block 500 (0x4d8aa35f182d276d40b76c96ac7300359e2bb0a2bb1c21c710f1cad43c44be24) is already imported
2026-10-07 18:15:35.359+00:00 | BftProcessorExecutor-QBFT-0 | INFO  | QbftBesuControllerBuilder | Imported #500 / 349 tx / 3119 pending / 84,447,530 (0.0%) gas / (0x4d8aa35f182d276d40b76c96ac7300359e2bb0a2bb1c21c710f1cad43c44be24)
2026-10-07 18:15:40.485+00:00 | EthScheduler-Workers-0 | INFO  | PersistBlockTask | Block 501 (0xdacdcd01b7323d89fd9717296ab110988e411b4e3111a3c6eae11dfff526dcbe) is already imported
2026-10-07 18:15:40.488+00:00 | BftProcessorExecutor-QBFT-0 | INFO  | QbftBesuControllerBuilder | Imported #501 / 347 tx / 2772 pending / 83,963,590 (0.0%) gas / (0xdacdcd01b7323d89fd9717296ab110988e411b4e3111a3c6eae11dfff526dcbe)
2026-10-07 18:15:45.481+00:00 | BftProcessorExecutor-QBFT-0 | INFO  | QbftBesuControllerBuilder | Imported #502 / 347 tx / 2425 pending / 83,963,590 (0.0%) gas / (0xcf37f1eac1016dc98df2f75694c5ff1b12611b8121e51d5537c6e6609a02d2c0)
2026-10-07 18:15:50.662+00:00 | EthScheduler-Workers-0 | INFO  | PersistBlockTask | Block 503 (0x0864cbd21eaec29adca8da902c50f00f7082aa81f6cce822cd6c7e2cf3379d2c) is already imported
2026-10-07 18:15:50.665+00:00 | BftProcessorExecutor-QBFT-0 | INFO  | QbftBesuControllerBuilder | Imported #503 / 345 tx / 2080 pending / 83,479,650 (0.0%) gas / (0x0864cbd21eaec29adca8da902c50f00f7082aa81f6cce822cd6c7e2cf3379d2c)
2026-10-07 18:15:55.816+00:00 | EthScheduler-Workers-0 | INFO  | PersistBlockTask | Block 504 (0x6ef15e3b88f28d524d6f2b59b9fb1f36a7afdaee29ed0c35e66e9ab19e602ab4) is already imported
2026-10-07 18:15:55.819+00:00 | BftProcessorExecutor-QBFT-0 | INFO  | QbftBesuControllerBuilder | Imported #504 / 347 tx / 1733 pending / 83,963,590 (0.0%) gas / (0x6ef15e3b88f28d524d6f2b59b9fb1f36a7afdaee29ed0c35e66e9ab19e602ab4)
2026-10-07 18:16:00.598+00:00 | EthScheduler-Workers-0 | INFO  | PersistBlockTask | Block 505 (0x4d5c418a6ca92352a701f8295c444fc80f75a70674b00d722debf6f0f421dd0b) is already imported
2026-10-07 18:16:00.602+00:00 | BftProcessorExecutor-QBFT-0 | INFO  | QbftBesuControllerBuilder | Imported #505 / 319 tx / 1414 pending / 77,188,430 (0.0%) gas / (0x4d5c418a6ca92352a701f8295c444fc80f75a70674b00d722debf6f0f421dd0b)
2026-10-07 18:16:04.750+00:00 | BftProcessorExecutor-QBFT-0 | INFO  | QbftBesuControllerBuilder | Imported #506 / 282 tx / 1132 pending / 68,235,540 (0.0%) gas / (0xf301a7e106bc18e44b5d3f11f067165cb846cba9d32988b3e6c4658fba39e07c)
2026-10-07 18:16:08.104+00:00 | BftProcessorExecutor-QBFT-0 | INFO  | QbftBesuControllerBuilder | Imported #507 / 219 tx / 913 pending / 52,991,430 (0.0%) gas / (0xd8c5c5cb85b798004066d6f7fc7d8032a58ddc1c5cc703d409e8bbec5234ce0c)
2026-10-07 18:16:10.743+00:00 | BftProcessorExecutor-QBFT-0 | INFO  | QbftBesuControllerBuilder | Imported #508 / 162 tx / 751 pending / 39,199,140 (0.0%) gas / (0x9bda6899050762c3cf3f4e5251e1c7070b7ee073bec7e932a8eaf359bc10fa4a)
2026-10-07 18:16:12.074+00:00 | EthScheduler-Workers-0 | INFO  | PersistBlockTask | Block 509 (0x8a151588a1968fcdad5cda715d160dd5ca17b0f884164e90dab698de934ecf58) is already imported
2026-10-07 18:16:12.074+00:00 | BftProcessorExecutor-QBFT-0 | INFO  | QbftBesuControllerBuilder | Imported #509 / 73 tx / 678 pending / 17,663,810 (0.0%) gas / (0x8a151588a1968fcdad5cda715d160dd5ca17b0f884164e90dab698de934ecf58)
2026-10-07 18:16:14.346+00:00 | EthScheduler-Workers-0 | INFO  | PersistBlockTask | Block 510 (0xf100ee1538cfb54c9640b8687d456c1ed1a2d4c23a24697cd15911afef1ad934) is already imported
2026-10-07 18:16:14.346+00:00 | BftProcessorExecutor-QBFT-0 | INFO  | QbftBesuControllerBuilder | Imported #510 / 75 tx / 603 pending / 18,147,750 (0.0%) gas / (0xf100ee1538cfb54c9640b8687d456c1ed1a2d4c23a24697cd15911afef1ad934)
2026-10-07 18:16:16.335+00:00 | EthScheduler-Workers-0 | INFO  | PersistBlockTask | Block 511 (0x41992a90a02bb1bac97a98272e53bbb2b5fecb51521a09e711d29be2f25ff77c) is already imported
2026-10-07 18:16:16.336+00:00 | BftProcessorExecutor-QBFT-0 | INFO  | QbftBesuControllerBuilder | Imported #511 / 72 tx / 531 pending / 17,421,840 (0.0%) gas / (0x41992a90a02bb1bac97a98272e53bbb2b5fecb51521a09e711d29be2f25ff77c)
2026-10-07 18:16:18.652+00:00 | EthScheduler-Workers-0 | INFO  | PersistBlockTask | Block 512 (0x86f51d61753c5404b91e8461fae64a73af1030af844540c2d4044fc96633e179) is already imported
2026-10-07 18:16:18.652+00:00 | BftProcessorExecutor-QBFT-0 | INFO  | QbftBesuControllerBuilder | Imported #512 / 91 tx / 440 pending / 22,019,270 (0.0%) gas / (0x86f51d61753c5404b91e8461fae64a73af1030af844540c2d4044fc96633e179)
2026-10-07 18:16:20.491+00:00 | EthScheduler-Workers-0 | INFO  | PersistBlockTask | Block 513 (0x49b95eb9624938cbbecc76f21dc756445a33c7e0289a90875840cc7a017403ef) is already imported
2026-10-07 18:16:20.491+00:00 | BftProcessorExecutor-QBFT-0 | INFO  | QbftBesuControllerBuilder | Imported #513 / 87 tx / 353 pending / 21,051,390 (0.0%) gas / (0x49b95eb9624938cbbecc76f21dc756445a33c7e0289a90875840cc7a017403ef)
2026-10-07 18:16:22.298+00:00 | EthScheduler-Workers-0 | INFO  | PersistBlockTask | Block 514 (0x0e4d4be083b76e76650bed674ded0f138332acf38690dd07ed37f90983236990) is already imported
2026-10-07 18:16:22.298+00:00 | BftProcessorExecutor-QBFT-0 | INFO  | QbftBesuControllerBuilder | Produced #514 / 71 tx / 282 pending / 17,179,870 (0.0%) gas / (0x0e4d4be083b76e76650bed674ded0f138332acf38690dd07ed37f90983236990)
2026-10-07 18:16:24.166+00:00 | EthScheduler-Workers-0 | INFO  | PersistBlockTask | Block 515 (0x56a83ff08623098103e8ce0337246e4dc1ff054891ce17a66e15893cd5d61eb3) is already imported
2026-10-07 18:16:24.167+00:00 | BftProcessorExecutor-QBFT-0 | INFO  | QbftBesuControllerBuilder | Imported #515 / 61 tx / 221 pending / 14,760,170 (0.0%) gas / (0x56a83ff08623098103e8ce0337246e4dc1ff054891ce17a66e15893cd5d61eb3)
2026-10-07 18:16:26.191+00:00 | EthScheduler-Workers-0 | INFO  | PersistBlockTask | Block 516 (0x15a9118404d3ce769d8477452e2b926b6eea6027716c9b49004e5cdf27b07e6a) is already imported
2026-10-07 18:16:26.191+00:00 | BftProcessorExecutor-QBFT-0 | INFO  | QbftBesuControllerBuilder | Imported #516 / 62 tx / 159 pending / 15,002,140 (0.0%) gas / (0x15a9118404d3ce769d8477452e2b926b6eea6027716c9b49004e5cdf27b07e6a)
2026-10-07 18:16:28.350+00:00 | EthScheduler-Workers-0 | INFO  | PersistBlockTask | Block 517 (0x4a5224b9a86978e100660a22203914255f87ff8fb0f1483c4aa27ef653cbc6b7) is already imported
2026-10-07 18:16:28.351+00:00 | BftProcessorExecutor-QBFT-0 | INFO  | QbftBesuControllerBuilder | Imported #517 / 76 tx / 83 pending / 18,389,720 (0.0%) gas / (0x4a5224b9a86978e100660a22203914255f87ff8fb0f1483c4aa27ef653cbc6b7)
2026-10-07 18:16:30.092+00:00 | BftProcessorExecutor-QBFT-0 | INFO  | QbftBesuControllerBuilder | Imported #518 / 55 tx / 28 pending / 13,308,350 (0.0%) gas / (0xca6f02186c299c366ab69d9b02a30ac46a3bf21b42a2258999e5605fc7456338)
2026-10-07 18:16:31.746+00:00 | BftProcessorExecutor-QBFT-0 | INFO  | QbftBesuControllerBuilder | Imported #519 / 28 tx / 0 pending / 6,775,160 (0.0%) gas / (0xff449eaeaef312a63ff77d70fd8ecfc169dc22452e18282b024846bf4fc710eb)
2026-10-07 18:16:33.278+00:00 | BftProcessorExecutor-QBFT-0 | INFO  | QbftBesuControllerBuilder | Imported #520 / 0 tx / 0 pending / 0 (0.0%) gas / (0xadd520c4beb2bd2af87eaca583ed8791bca6c1f324eca20d8d14779dad9b39fb)
2026-10-07 18:16:35.276+00:00 | BftProcessorExecutor-QBFT-0 | INFO  | QbftBesuControllerBuilder | Imported #521 / 0 tx / 0 pending / 0 (0.0%) gas / (0x6cb958cf22971779eb5ffefcc926b6bfe690cb9a7340fb8e8b8b6272b3c6c0d7)
2026-10-07 18:16:37.286+00:00 | BftProcessorExecutor-QBFT-0 | INFO  | QbftBesuControllerBuilder | Imported #522 / 0 tx / 0 pending / 0 (0.0%) gas / (0x461eea61a51d09f31f3abb4d21c7390a209bd63b68f6796d8f07496c6890d4ee)
2026-10-07 18:16:39.307+00:00 | BftProcessorExecutor-QBFT-0 | INFO  | QbftBesuControllerBuilder | Imported #523 / 0 tx / 0 pending / 0 (0.0%) gas / (0xf581fa4bf5321ca0b48c2381bd25679cb090babc3f57abb9a19693d0d6565299)
2026-10-07 18:16:41.270+00:00 | BftProcessorExecutor-QBFT-0 | INFO  | QbftBesuControllerBuilder | Imported #524 / 0 tx / 0 pending / 0 (0.0%) gas / (0xf557559c45275f50118c44cc9eb98a6b40576d06d383d2f8520d35440cc12482)
2026-10-07 18:16:43.270+00:00 | BftProcessorExecutor-QBFT-0 | INFO  | QbftBesuControllerBuilder | Imported #525 / 0 tx / 0 pending / 0 (0.0%) gas / (0xb1e74855287b61366b02185af3e479121c8240841a4cf89a3f15c42f9aef2ee8)
2026-10-07 18:16:43.270+00:00 | EthScheduler-Workers-0 | INFO  | PersistBlockTask | Block 525 (0xb1e74855287b61366b02185af3e479121c8240841a4cf89a3f15c42f9aef2ee8) is already imported
2026-10-07 18:16:45.293+00:00 | EthScheduler-Workers-0 | INFO  | PersistBlockTask | Block 526 (0x143ccc7faf9d5536be196dbc3fb5b43ebd5a7a9707c9c22a08076539256fa90a) is already imported
2026-10-07 18:16:45.293+00:00 | BftProcessorExecutor-QBFT-0 | INFO  | QbftBesuControllerBuilder | Imported #526 / 0 tx / 0 pending / 0 (0.0%) gas / (0x143ccc7faf9d5536be196dbc3fb5b43ebd5a7a9707c9c22a08076539256fa90a)
2026-10-07 18:16:47.298+00:00 | BftProcessorExecutor-QBFT-0 | INFO  | QbftBesuControllerBuilder | Imported #527 / 0 tx / 0 pending / 0 (0.0%) gas / (0x478b9d8afe13ba896f1519369e00c9be384007020233aa885232133ee4cbcb22)
2026-10-07 18:16:47.299+00:00 | EthScheduler-Workers-0 | INFO  | PersistBlockTask | Block 527 (0x478b9d8afe13ba896f1519369e00c9be384007020233aa885232133ee4cbcb22) is already imported
2026-10-07 18:16:49.297+00:00 | BftProcessorExecutor-QBFT-0 | INFO  | QbftBesuControllerBuilder | Imported #528 / 0 tx / 0 pending / 0 (0.0%) gas / (0x24b9c2bb2e88e88362f5abab3b5e006e0d41ad5698efccf57b4ca009242ce621)
2026-10-07 18:16:51.261+00:00 | BftProcessorExecutor-QBFT-0 | INFO  | QbftBesuControllerBuilder | Produced #529 / 0 tx / 0 pending / 0 (0.0%) gas / (0xe3811c8d345e5d01c43f885a2384e54aca04074f47e1b5c94db1c69607d2d76c)
2026-10-07 18:16:53.273+00:00 | EthScheduler-Workers-0 | INFO  | PersistBlockTask | Block 530 (0xd5cf1048c9f8cc1a0ceb4cfb08bdd06c8b4ced7adc47af9bbd5d20fe93bb8a1c) is already imported
2026-10-07 18:16:53.273+00:00 | BftProcessorExecutor-QBFT-0 | INFO  | QbftBesuControllerBuilder | Imported #530 / 0 tx / 0 pending / 0 (0.0%) gas / (0xd5cf1048c9f8cc1a0ceb4cfb08bdd06c8b4ced7adc47af9bbd5d20fe93bb8a1c)
2026-10-07 18:16:55.292+00:00 | BftProcessorExecutor-QBFT-0 | INFO  | QbftBesuControllerBuilder | Imported #531 / 0 tx / 0 pending / 0 (0.0%) gas / (0xaab45bb08fe1ded086bd7378d5877257fa63c002c2da038fc1409ea836e4e5df)
2026-10-07 18:16:55.292+00:00 | EthScheduler-Workers-0 | INFO  | PersistBlockTask | Block 531 (0xaab45bb08fe1ded086bd7378d5877257fa63c002c2da038fc1409ea836e4e5df) is already imported
2026-10-07 18:16:57.293+00:00 | BftProcessorExecutor-QBFT-0 | INFO  | QbftBesuControllerBuilder | Imported #532 / 0 tx / 0 pending / 0 (0.0%) gas / (0x74473826bfbff6d2aeec90ecbd4b408853e5d4d04e0fcd68588055639d0f5369)
2026-10-07 18:16:57.296+00:00 | EthScheduler-Workers-0 | INFO  | PersistBlockTask | Block 532 (0x74473826bfbff6d2aeec90ecbd4b408853e5d4d04e0fcd68588055639d0f5369) is already imported
2026-10-07 18:16:59.310+00:00 | EthScheduler-Workers-0 | INFO  | PersistBlockTask | Imported #533 / 0 tx / 0 om / 0 (0.0%) gas / (0xf39c07273169b60d84e7f77e959e9b45bffed34c5a0d6694e35c6865b921aba9) in 0.005s. Peers: 14
2026-10-07 18:17:01.280+00:00 | BftProcessorExecutor-QBFT-0 | INFO  | QbftBesuControllerBuilder | Imported #534 / 0 tx / 0 pending / 0 (0.0%) gas / (0x7cd74dfc232d89bbbd3686dae817fd8d9143201aee5ce29c72058ae46520d571)
2026-10-07 18:17:03.272+00:00 | BftProcessorExecutor-QBFT-0 | INFO  | QbftBesuControllerBuilder | Imported #535 / 0 tx / 0 pending / 0 (0.0%) gas / (0x7074bd245312ad51fb2d984b28a558a53479ff5e65351964f637e96369d9f17c)
2026-10-07 18:17:03.272+00:00 | EthScheduler-Workers-0 | INFO  | PersistBlockTask | Block 535 (0x7074bd245312ad51fb2d984b28a558a53479ff5e65351964f637e96369d9f17c) is already imported
2026-10-07 18:17:05.274+00:00 | BftProcessorExecutor-QBFT-0 | INFO  | QbftBesuControllerBuilder | Imported #536 / 0 tx / 0 pending / 0 (0.0%) gas / (0x0e84cb52a9a0d9fb5e4fda911eafe3dde190e6ab91a975fefa397a01d560bfa9)
2026-10-07 18:17:07.400+00:00 | BftProcessorExecutor-QBFT-0 | INFO  | QbftBesuControllerBuilder | Imported #537 / 33 tx / 564 pending / 5,069,898 (0.0%) gas / (0x252149ad20493c11788991f2d4f421039319735cada9f724241819ba809524a7)
2026-10-07 18:17:07.402+00:00 | EthScheduler-Workers-0 | INFO  | PersistBlockTask | Block 537 (0x252149ad20493c11788991f2d4f421039319735cada9f724241819ba809524a7) is already imported
2026-10-07 18:17:09.550+00:00 | EthScheduler-Workers-0 | INFO  | PersistBlockTask | Block 538 (0x966d8a64cba56d4f265fdd0b0a465a0cae4f998240100e4496689f96e19cea0d) is already imported
2026-10-07 18:17:09.551+00:00 | BftProcessorExecutor-QBFT-0 | INFO  | QbftBesuControllerBuilder | Imported #538 / 79 tx / 1224 pending / 12,137,194 (0.0%) gas / (0x966d8a64cba56d4f265fdd0b0a465a0cae4f998240100e4496689f96e19cea0d)
2026-10-07 18:17:11.691+00:00 | EthScheduler-Workers-0 | INFO  | PersistBlockTask | Block 539 (0x8098a727424ac9457b3f41707f52480c9927a935aa136a04635bb2f430c8324a) is already imported
2026-10-07 18:17:11.693+00:00 | BftProcessorExecutor-QBFT-0 | INFO  | QbftBesuControllerBuilder | Imported #539 / 127 tx / 1809 pending / 19,511,530 (0.0%) gas / (0x8098a727424ac9457b3f41707f52480c9927a935aa136a04635bb2f430c8324a)
2026-10-07 18:17:13.990+00:00 | BftProcessorExecutor-QBFT-0 | INFO  | QbftBesuControllerBuilder | Imported #540 / 138 tx / 1671 pending / 21,201,328 (0.0%) gas / (0x80d20393246e4d3e7a7c144fed7cd45fd7832e95fe48aa4c75ad8b2e2feb528e)
2026-10-07 18:17:15.947+00:00 | BftProcessorExecutor-QBFT-0 | INFO  | QbftBesuControllerBuilder | Imported #541 / 138 tx / 1533 pending / 21,201,340 (0.0%) gas / (0xae25ec31a897a1c8bf8fb4661fa2daabb1c987a1950a4406e4b1714c4be76eac)
2026-10-07 18:17:17.936+00:00 | BftProcessorExecutor-QBFT-0 | INFO  | QbftBesuControllerBuilder | Imported #542 / 138 tx / 1395 pending / 21,201,564 (0.0%) gas / (0xdaa679290096c447b4ecdb7746654837f3f633053ec156ee74501c93bcd181ae)
2026-10-07 18:17:19.848+00:00 | EthScheduler-Workers-0 | INFO  | PersistBlockTask | Block 543 (0x896adf6c4017d142e3fea1c2c9a149fa385da08d8e6ddb68652784d23682dff4) is already imported
2026-10-07 18:17:19.848+00:00 | BftProcessorExecutor-QBFT-0 | INFO  | QbftBesuControllerBuilder | Imported #543 / 137 tx / 1258 pending / 21,048,182 (0.0%) gas / (0x896adf6c4017d142e3fea1c2c9a149fa385da08d8e6ddb68652784d23682dff4)
2026-10-07 18:17:22.016+00:00 | BftProcessorExecutor-QBFT-0 | INFO  | QbftBesuControllerBuilder | Produced #544 / 137 tx / 1121 pending / 21,047,798 (0.0%) gas / (0x628cdc26c0331e1a85c7830fe76ca933e7688da9b7918b7fc45f9a729793cde3)
2026-10-07 18:17:23.868+00:00 | EthScheduler-Workers-0 | INFO  | PersistBlockTask | Block 545 (0xadbc72b43a9c0a13c9030647ea0a85cc656cb38019c41c8914cda1a5afa29232) is already imported
2026-10-07 18:17:23.869+00:00 | BftProcessorExecutor-QBFT-0 | INFO  | QbftBesuControllerBuilder | Imported #545 / 136 tx / 985 pending / 20,894,128 (0.0%) gas / (0xadbc72b43a9c0a13c9030647ea0a85cc656cb38019c41c8914cda1a5afa29232)
2026-10-07 18:17:25.884+00:00 | EthScheduler-Workers-0 | INFO  | PersistBlockTask | Block 546 (0xaf8910e75d7a8f3ef6077924b109f6c97ea593c3aaafe98d7c96697692f1abb3) is already imported
2026-10-07 18:17:25.887+00:00 | BftProcessorExecutor-QBFT-0 | INFO  | QbftBesuControllerBuilder | Imported #546 / 136 tx / 849 pending / 20,894,164 (0.0%) gas / (0xaf8910e75d7a8f3ef6077924b109f6c97ea593c3aaafe98d7c96697692f1abb3)
2026-10-07 18:17:27.966+00:00 | EthScheduler-Workers-0 | INFO  | PersistBlockTask | Block 547 (0xc2e08ab15a513aac1a6c6ae6bb3ba7131eeb0dd1dc27bdd1661f85d4d3c2da8a) is already imported
2026-10-07 18:17:27.967+00:00 | BftProcessorExecutor-QBFT-0 | INFO  | QbftBesuControllerBuilder | Imported #547 / 136 tx / 713 pending / 20,894,112 (0.0%) gas / (0xc2e08ab15a513aac1a6c6ae6bb3ba7131eeb0dd1dc27bdd1661f85d4d3c2da8a)
2026-10-07 18:17:30.164+00:00 | EthScheduler-Workers-0 | INFO  | PersistBlockTask | Block 548 (0xca3482c39b0e5decb6943a006908bbfcc82e724a9474db838020ded39455cd07) is already imported
2026-10-07 18:17:30.165+00:00 | BftProcessorExecutor-QBFT-0 | INFO  | QbftBesuControllerBuilder | Imported #548 / 136 tx / 577 pending / 20,894,240 (0.0%) gas / (0xca3482c39b0e5decb6943a006908bbfcc82e724a9474db838020ded39455cd07)
2026-10-07 18:17:31.877+00:00 | BftProcessorExecutor-QBFT-0 | INFO  | QbftBesuControllerBuilder | Imported #549 / 136 tx / 441 pending / 20,894,052 (0.0%) gas / (0x6c4057ee5277d9cd7a0340ce61e173308152f79c94f54586a2eb414e9f5d28c7)
2026-10-07 18:17:33.927+00:00 | BftProcessorExecutor-QBFT-0 | INFO  | QbftBesuControllerBuilder | Imported #550 / 136 tx / 305 pending / 20,894,308 (0.0%) gas / (0x13eff6aa3d28005345d892fdd0be7aed2f92a064cc08d9c888c8a2b21fb1a2aa)
2026-10-07 18:17:35.944+00:00 | EthScheduler-Workers-0 | INFO  | PersistBlockTask | Block 551 (0xe4fa2c72c3fe494c039916fa00d2c18b178bebe706a13a50eb7ec10e2d001890) is already imported
2026-10-07 18:17:35.945+00:00 | BftProcessorExecutor-QBFT-0 | INFO  | QbftBesuControllerBuilder | Imported #551 / 136 tx / 169 pending / 20,894,460 (0.0%) gas / (0xe4fa2c72c3fe494c039916fa00d2c18b178bebe706a13a50eb7ec10e2d001890)
2026-10-07 18:17:37.987+00:00 | EthScheduler-Workers-0 | INFO  | PersistBlockTask | Block 552 (0x899b05d8112cde2f754683e1e1ea78fdb624e1a5c4592cb245998c01dcee10ea) is already imported
2026-10-07 18:17:37.988+00:00 | BftProcessorExecutor-QBFT-0 | INFO  | QbftBesuControllerBuilder | Imported #552 / 103 tx / 66 pending / 15,824,202 (0.0%) gas / (0x899b05d8112cde2f754683e1e1ea78fdb624e1a5c4592cb245998c01dcee10ea)
2026-10-07 18:17:39.532+00:00 | EthScheduler-Workers-0 | INFO  | PersistBlockTask | Block 553 (0x014fbf6f0689f57354d530ce05179573a501c140f914dbdd4be65aedd09aca1a) is already imported
2026-10-07 18:17:39.532+00:00 | BftProcessorExecutor-QBFT-0 | INFO  | QbftBesuControllerBuilder | Imported #553 / 57 tx / 9 pending / 8,756,926 (0.0%) gas / (0x014fbf6f0689f57354d530ce05179573a501c140f914dbdd4be65aedd09aca1a)
2026-10-07 18:17:41.344+00:00 | BftProcessorExecutor-QBFT-0 | INFO  | QbftBesuControllerBuilder | Imported #554 / 9 tx / 0 pending / 1,382,742 (0.0%) gas / (0xa0e0c5429b95c1b146c786b973a0edade8fb0d670547a3e1b5f0ff7156a74505)
2026-10-07 18:17:43.274+00:00 | BftProcessorExecutor-QBFT-0 | INFO  | QbftBesuControllerBuilder | Imported #555 / 0 tx / 0 pending / 0 (0.0%) gas / (0xac50ddad07453c1833c46558fd1df014bf0c6fa18098b65b175da1aa3dc19982)
2026-10-07 18:17:45.270+00:00 | BftProcessorExecutor-QBFT-0 | INFO  | QbftBesuControllerBuilder | Imported #556 / 0 tx / 0 pending / 0 (0.0%) gas / (0x9b6f5c211b73f9e67f83fbd2ad4f91f59a35264f98bb424e117d2a22310f9692)
2026-10-07 18:17:47.285+00:00 | BftProcessorExecutor-QBFT-0 | INFO  | QbftBesuControllerBuilder | Imported #557 / 0 tx / 0 pending / 0 (0.0%) gas / (0x627b906badf80c8175c400c7289e3de3a7837afb55f30372a8d7183092e4b7a5)
2026-10-07 18:17:49.291+00:00 | BftProcessorExecutor-QBFT-0 | INFO  | QbftBesuControllerBuilder | Imported #558 / 0 tx / 0 pending / 0 (0.0%) gas / (0x0a5605bc5a5c6d94bf977e28acf18c8682c78815720d1310a14978557df8acda)
2026-10-07 18:17:51.270+00:00 | BftProcessorExecutor-QBFT-0 | INFO  | QbftBesuControllerBuilder | Produced #559 / 0 tx / 0 pending / 0 (0.0%) gas / (0x8e2d1b5ebbe9a6e5b9e8f0bd731e62a3ee9bf0d8736fc5bbb53aadd82bb1df9e)
2026-10-07 18:17:53.278+00:00 | BftProcessorExecutor-QBFT-0 | INFO  | QbftBesuControllerBuilder | Imported #560 / 0 tx / 0 pending / 0 (0.0%) gas / (0xbc3c6babd61110d764cf0cae131b227d498a7376d88a26a2143196246e8ef208)
2026-10-07 18:17:55.286+00:00 | EthScheduler-Workers-0 | INFO  | PersistBlockTask | Block 561 (0x338295ce2f5ced5c11f40e5bb70c595d35ef7c01f548cb12c537d052cf8d6189) is already imported
2026-10-07 18:17:55.286+00:00 | BftProcessorExecutor-QBFT-0 | INFO  | QbftBesuControllerBuilder | Imported #561 / 0 tx / 0 pending / 0 (0.0%) gas / (0x338295ce2f5ced5c11f40e5bb70c595d35ef7c01f548cb12c537d052cf8d6189)
2026-10-07 18:17:57.282+00:00 | BftProcessorExecutor-QBFT-0 | INFO  | QbftBesuControllerBuilder | Imported #562 / 0 tx / 0 pending / 0 (0.0%) gas / (0x376ad8208e21ad7048a15382cc5fc58dd20ddc31151b2c88b329ca67729ea7c9)
2026-10-07 18:17:59.289+00:00 | BftProcessorExecutor-QBFT-0 | INFO  | QbftBesuControllerBuilder | Imported #563 / 0 tx / 0 pending / 0 (0.0%) gas / (0x3c07615f45bd7ab8e123e3fa8f5ef7762675a21ae486562bd142afac8236b76a)
2026-10-07 18:18:01.272+00:00 | BftProcessorExecutor-QBFT-0 | INFO  | QbftBesuControllerBuilder | Imported #564 / 0 tx / 0 pending / 0 (0.0%) gas / (0x6925899150e466e3ab6c8907976733927e72830d8b0d03603ac3247f07c055d5)
2026-10-07 18:18:03.277+00:00 | BftProcessorExecutor-QBFT-0 | INFO  | QbftBesuControllerBuilder | Imported #565 / 0 tx / 0 pending / 0 (0.0%) gas / (0xecc6454689aca0d66470195ccb2d465db7c1f0997f159d0224a27dc7e6d54f8c)
2026-10-07 18:18:03.280+00:00 | EthScheduler-Workers-0 | INFO  | PersistBlockTask | Block 565 (0xecc6454689aca0d66470195ccb2d465db7c1f0997f159d0224a27dc7e6d54f8c) is already imported
2026-10-07 18:18:05.276+00:00 | EthScheduler-Workers-0 | INFO  | PersistBlockTask | Block 566 (0x19c4bc558fa7333f94ee7340be389644c4287f7730f4df551235731b630e6cfa) is already imported
2026-10-07 18:18:05.275+00:00 | BftProcessorExecutor-QBFT-0 | INFO  | QbftBesuControllerBuilder | Imported #566 / 0 tx / 0 pending / 0 (0.0%) gas / (0x19c4bc558fa7333f94ee7340be389644c4287f7730f4df551235731b630e6cfa)
2026-10-07 18:18:07.276+00:00 | BftProcessorExecutor-QBFT-0 | INFO  | QbftBesuControllerBuilder | Imported #567 / 0 tx / 0 pending / 0 (0.0%) gas / (0x98a494c198283930a2a44ea6eafa0f3d39e8d604d1700a829124644ea8ff94d5)
2026-10-07 18:18:09.296+00:00 | EthScheduler-Workers-0 | INFO  | PersistBlockTask | Imported #568 / 0 tx / 0 om / 0 (0.0%) gas / (0xff7fa215b464464f246bc70d0c927c0cb75bd71d0c0d8e9907b8803466003f00) in 0.001s. Peers: 14
2026-10-07 18:18:09.296+00:00 | BftProcessorExecutor-QBFT-0 | INFO  | QbftBesuControllerBuilder | Imported #568 / 0 tx / 0 pending / 0 (0.0%) gas / (0xff7fa215b464464f246bc70d0c927c0cb75bd71d0c0d8e9907b8803466003f00)
2026-10-07 18:18:11.291+00:00 | EthScheduler-Workers-0 | INFO  | PersistBlockTask | Block 569 (0x2134acf1ccbd7e066f9540e4fdbff109315dd7020243ff3efa1de14dd60beb55) is already imported
2026-10-07 18:18:11.291+00:00 | BftProcessorExecutor-QBFT-0 | INFO  | QbftBesuControllerBuilder | Imported #569 / 0 tx / 0 pending / 0 (0.0%) gas / (0x2134acf1ccbd7e066f9540e4fdbff109315dd7020243ff3efa1de14dd60beb55)
2026-10-07 18:18:13.260+00:00 | BftProcessorExecutor-QBFT-0 | INFO  | QbftBesuControllerBuilder | Imported #570 / 0 tx / 0 pending / 0 (0.0%) gas / (0xb81f3c29c743f5038c7de0141df74a57884841e039f39edeb6146010cd3180e7)
2026-10-07 18:18:15.277+00:00 | BftProcessorExecutor-QBFT-0 | INFO  | QbftBesuControllerBuilder | Imported #571 / 0 tx / 0 pending / 0 (0.0%) gas / (0xd51e5a145b2977d085296829a6027745607dbfe15f8831f30ee0bb0c5ade4bc4)
2026-10-07 18:18:17.285+00:00 | BftProcessorExecutor-QBFT-0 | INFO  | QbftBesuControllerBuilder | Imported #572 / 0 tx / 0 pending / 0 (0.0%) gas / (0x9dee3b2b8ef848e87b9b9f1e9228827ca231d5f3817bf2f04b4f553bfceefa03)
2026-10-07 18:18:19.313+00:00 | BftProcessorExecutor-QBFT-0 | INFO  | QbftBesuControllerBuilder | Imported #573 / 0 tx / 0 pending / 0 (0.0%) gas / (0x05c09fe591bb98d703612055120a09ae6578bcdd8719e538d1e6d43ff9f6da07)
2026-10-07 18:18:21.279+00:00 | BftProcessorExecutor-QBFT-0 | INFO  | QbftBesuControllerBuilder | Produced #574 / 0 tx / 0 pending / 0 (0.0%) gas / (0xd586a20a2196801a399787e2beff22001c7ac1c7b7710d0cfbf6802768446cec)
2026-10-07 18:18:23.256+00:00 | BftProcessorExecutor-QBFT-0 | INFO  | QbftBesuControllerBuilder | Imported #575 / 0 tx / 0 pending / 0 (0.0%) gas / (0x4ff5308f47fb6d2e7181775223305637a7418f08473ebf67af86bc59ed8c5242)
2026-10-07 18:18:25.274+00:00 | BftProcessorExecutor-QBFT-0 | INFO  | QbftBesuControllerBuilder | Imported #576 / 0 tx / 0 pending / 0 (0.0%) gas / (0x1f4d15867de02c6b9928113755ba5ab1d937e2055aeb4b9c5c32aa67785e0a17)
2026-10-07 18:18:27.285+00:00 | BftProcessorExecutor-QBFT-0 | INFO  | QbftBesuControllerBuilder | Imported #577 / 0 tx / 0 pending / 0 (0.0%) gas / (0x487a8733b0e1fc863eb5db99ce9db75d1008459aa8f9eccf298a520b2c51c5ca)
2026-10-07 18:18:29.316+00:00 | BftProcessorExecutor-QBFT-0 | INFO  | QbftBesuControllerBuilder | Imported #578 / 0 tx / 0 pending / 0 (0.0%) gas / (0xed1b53f9aec001285794db070b3e9c935d06913924e1b9c70ced4d86115f6f8d)
2026-10-07 18:18:31.276+00:00 | BftProcessorExecutor-QBFT-0 | INFO  | QbftBesuControllerBuilder | Imported #579 / 0 tx / 0 pending / 0 (0.0%) gas / (0x1a31fbdf35c837d14e2d0325b24a086ed040fa43c3e8d722b8f11d2146372219)
2026-10-07 18:18:33.268+00:00 | BftProcessorExecutor-QBFT-0 | INFO  | QbftBesuControllerBuilder | Imported #580 / 0 tx / 0 pending / 0 (0.0%) gas / (0xa2f94d399d1b6a0724fde7ae268c0ba46b96f657be7be472a1ca258ecaab20bd)
2026-10-07 18:18:33.273+00:00 | EthScheduler-Workers-0 | INFO  | PersistBlockTask | Block 580 (0xa2f94d399d1b6a0724fde7ae268c0ba46b96f657be7be472a1ca258ecaab20bd) is already imported
2026-10-07 18:18:35.287+00:00 | EthScheduler-Workers-0 | INFO  | PersistBlockTask | Block 581 (0x0b5e12fd8314d5ee5093b239eaf30d65712731ff948aa2653531ad06b9811601) is already imported
2026-10-07 18:18:35.287+00:00 | BftProcessorExecutor-QBFT-0 | INFO  | QbftBesuControllerBuilder | Imported #581 / 0 tx / 0 pending / 0 (0.0%) gas / (0x0b5e12fd8314d5ee5093b239eaf30d65712731ff948aa2653531ad06b9811601)
2026-10-07 18:18:37.286+00:00 | EthScheduler-Workers-0 | INFO  | PersistBlockTask | Block 582 (0x5e9b8d5a3c38b896ab2361eb2f5fcac4f963824fb253e1f82c43a6ea4c3abfec) is already imported
2026-10-07 18:18:37.286+00:00 | BftProcessorExecutor-QBFT-0 | INFO  | QbftBesuControllerBuilder | Imported #582 / 0 tx / 0 pending / 0 (0.0%) gas / (0x5e9b8d5a3c38b896ab2361eb2f5fcac4f963824fb253e1f82c43a6ea4c3abfec)
2026-10-07 18:18:39.318+00:00 | EthScheduler-Workers-0 | INFO  | PersistBlockTask | Block 583 (0x0cb4eb047585a7053295ab448d84f9802aec541c6e94ea590afafaa14205f99b) is already imported
2026-10-07 18:18:39.318+00:00 | BftProcessorExecutor-QBFT-0 | INFO  | QbftBesuControllerBuilder | Imported #583 / 0 tx / 0 pending / 0 (0.0%) gas / (0x0cb4eb047585a7053295ab448d84f9802aec541c6e94ea590afafaa14205f99b)
2026-10-07 18:18:41.278+00:00 | EthScheduler-Workers-0 | INFO  | PersistBlockTask | Block 584 (0xc60163b805b5faae5443bfd926c04f53bd26511c1338e0d319af3c68ddc3a1c0) is already imported
2026-10-07 18:18:41.278+00:00 | BftProcessorExecutor-QBFT-0 | INFO  | QbftBesuControllerBuilder | Imported #584 / 0 tx / 0 pending / 0 (0.0%) gas / (0xc60163b805b5faae5443bfd926c04f53bd26511c1338e0d319af3c68ddc3a1c0)
2026-10-07 18:18:43.270+00:00 | BftProcessorExecutor-QBFT-0 | INFO  | QbftBesuControllerBuilder | Imported #585 / 0 tx / 0 pending / 0 (0.0%) gas / (0x76e85ab513d098b7d34b27c2233a4a52306b9f528551d8b8670e37e6dd76359a)
2026-10-07 18:18:45.291+00:00 | EthScheduler-Workers-0 | INFO  | PersistBlockTask | Block 586 (0x89a01404955adf5aa3cb1f0907bd8e4bd5a5ce7658673a9053dd13289c0cb461) is already imported
2026-10-07 18:18:45.292+00:00 | BftProcessorExecutor-QBFT-0 | INFO  | QbftBesuControllerBuilder | Imported #586 / 0 tx / 0 pending / 0 (0.0%) gas / (0x89a01404955adf5aa3cb1f0907bd8e4bd5a5ce7658673a9053dd13289c0cb461)
2026-10-07 18:18:47.269+00:00 | BftProcessorExecutor-QBFT-0 | INFO  | QbftBesuControllerBuilder | Imported #587 / 0 tx / 0 pending / 0 (0.0%) gas / (0x90fa20998797c90a040625d29ace19db61a3c7d0ae20f182fe60efc1778265b5)
2026-10-07 18:18:49.291+00:00 | BftProcessorExecutor-QBFT-0 | INFO  | QbftBesuControllerBuilder | Imported #588 / 0 tx / 0 pending / 0 (0.0%) gas / (0x901d3f82938e91a72aabad2019f5508dc47989666fd42a6b7dd6c9edfbd19fee)
2026-10-07 18:18:51.274+00:00 | BftProcessorExecutor-QBFT-0 | INFO  | QbftBesuControllerBuilder | Produced #589 / 0 tx / 0 pending / 0 (0.0%) gas / (0x50ffb720ae9f876dadafd4ba5bc0aa8955dcc6dce294d5110bf48119e892acd4)
2026-10-07 18:18:51.277+00:00 | EthScheduler-Workers-0 | INFO  | PersistBlockTask | Block 589 (0x50ffb720ae9f876dadafd4ba5bc0aa8955dcc6dce294d5110bf48119e892acd4) is already imported
2026-10-07 18:18:53.278+00:00 | EthScheduler-Workers-0 | INFO  | PersistBlockTask | Block 590 (0xdf24559ec5b1a2d2beeaf2f9ff73d2fca1d41ba7a461033a781c5b1469938a0c) is already imported
2026-10-07 18:18:53.278+00:00 | BftProcessorExecutor-QBFT-0 | INFO  | QbftBesuControllerBuilder | Imported #590 / 0 tx / 0 pending / 0 (0.0%) gas / (0xdf24559ec5b1a2d2beeaf2f9ff73d2fca1d41ba7a461033a781c5b1469938a0c)
2026-10-07 18:18:55.268+00:00 | BftProcessorExecutor-QBFT-0 | INFO  | QbftBesuControllerBuilder | Imported #591 / 0 tx / 0 pending / 0 (0.0%) gas / (0xb663320f4fdf3bcf9f86e159a368f80a33bcb66e6807205509f9277a5c6ee1bb)
2026-10-07 18:18:57.272+00:00 | BftProcessorExecutor-QBFT-0 | INFO  | QbftBesuControllerBuilder | Imported #592 / 0 tx / 0 pending / 0 (0.0%) gas / (0xf772c6b6211f75a93ea8f1dbd85af823aa7e6a6393aa0430fdd8aff947be2cad)
2026-10-07 18:18:59.288+00:00 | BftProcessorExecutor-QBFT-0 | INFO  | QbftBesuControllerBuilder | Imported #593 / 0 tx / 0 pending / 0 (0.0%) gas / (0x859d8ce9a2bb1d70ea5fc14504206b60cd1589feeb36a216b37f6689028800ce)
2026-10-07 18:19:01.273+00:00 | EthScheduler-Workers-0 | INFO  | PersistBlockTask | Block 594 (0xaca2dd3a4e8b37d6176a371af801b776c60624bc6565b31c798da8420e686c52) is already imported
2026-10-07 18:19:01.274+00:00 | BftProcessorExecutor-QBFT-0 | INFO  | QbftBesuControllerBuilder | Imported #594 / 0 tx / 0 pending / 0 (0.0%) gas / (0xaca2dd3a4e8b37d6176a371af801b776c60624bc6565b31c798da8420e686c52)
2026-10-07 18:19:03.278+00:00 | EthScheduler-Workers-0 | INFO  | PersistBlockTask | Block 595 (0x0cddf99db88a935f8dfa7f0994e95e7051b0e4887bc83f5db0c790195e6f4290) is already imported
2026-10-07 18:19:03.278+00:00 | BftProcessorExecutor-QBFT-0 | INFO  | QbftBesuControllerBuilder | Imported #595 / 0 tx / 0 pending / 0 (0.0%) gas / (0x0cddf99db88a935f8dfa7f0994e95e7051b0e4887bc83f5db0c790195e6f4290)
2026-10-07 18:19:05.281+00:00 | BftProcessorExecutor-QBFT-0 | INFO  | QbftBesuControllerBuilder | Imported #596 / 0 tx / 0 pending / 0 (0.0%) gas / (0xff069eb446ed29a7027f67fe98fb306f371589f39b3992f3f8ea7cacc732ad54)
2026-10-07 18:19:07.284+00:00 | BftProcessorExecutor-QBFT-0 | INFO  | QbftBesuControllerBuilder | Imported #597 / 0 tx / 0 pending / 0 (0.0%) gas / (0x990d04dd00f386c7c2f471818d593d4af703944e90233a1312ae03e9e9d87455)
2026-10-07 18:19:09.293+00:00 | EthScheduler-Workers-0 | INFO  | PersistBlockTask | Block 598 (0xa897c36b41e363236adc1991cdc3718be47d4f767fbaac60ec64a956580a0575) is already imported
2026-10-07 18:19:09.293+00:00 | BftProcessorExecutor-QBFT-0 | INFO  | QbftBesuControllerBuilder | Imported #598 / 0 tx / 0 pending / 0 (0.0%) gas / (0xa897c36b41e363236adc1991cdc3718be47d4f767fbaac60ec64a956580a0575)
2026-10-07 18:19:11.277+00:00 | EthScheduler-Workers-0 | INFO  | PersistBlockTask | Block 599 (0x2277412c95f8958802159209a944a576d1084f5f3af48d7806aebad976e7e6f3) is already imported
2026-10-07 18:19:11.277+00:00 | BftProcessorExecutor-QBFT-0 | INFO  | QbftBesuControllerBuilder | Imported #599 / 0 tx / 0 pending / 0 (0.0%) gas / (0x2277412c95f8958802159209a944a576d1084f5f3af48d7806aebad976e7e6f3)
2026-10-07 18:19:13.274+00:00 | BftProcessorExecutor-QBFT-0 | INFO  | QbftBesuControllerBuilder | Imported #600 / 0 tx / 0 pending / 0 (0.0%) gas / (0xf02177ec9a156d132796ac90a89262dffa48be85856629bb2d07c25dc40a490d)
2026-10-07 18:19:13.274+00:00 | EthScheduler-Workers-0 | INFO  | PersistBlockTask | Block 600 (0xf02177ec9a156d132796ac90a89262dffa48be85856629bb2d07c25dc40a490d) is already imported
2026-10-07 18:19:15.835+00:00 | BftProcessorExecutor-QBFT-0 | INFO  | QbftBesuControllerBuilder | Imported #601 / 29 tx / 623 pending / 7,017,130 (0.0%) gas / (0x29f193fd4648bccea2c2151f1217d9aa44ebbae01ad6faed6f3a790800d7d5b1)
2026-10-07 18:19:15.834+00:00 | EthScheduler-Workers-0 | INFO  | PersistBlockTask | Block 601 (0x29f193fd4648bccea2c2151f1217d9aa44ebbae01ad6faed6f3a790800d7d5b1) is already imported
2026-10-07 18:19:18.407+00:00 | BftProcessorExecutor-QBFT-0 | INFO  | QbftBesuControllerBuilder | Imported #602 / 74 tx / 1476 pending / 17,905,780 (0.0%) gas / (0xd250316c2362c2bb490176fec6b07dc951aeafbc1a3049d1beb981c2d6c7bd7f)
2026-10-07 18:19:21.056+00:00 | BftProcessorExecutor-QBFT-0 | INFO  | QbftBesuControllerBuilder | Imported #603 / 123 tx / 2309 pending / 29,762,310 (0.0%) gas / (0xec2709f38cc66a49b6270c767240bb9bd919256396bc72cf1e729095a9556320)
2026-10-07 18:19:23.778+00:00 | BftProcessorExecutor-QBFT-0 | INFO  | QbftBesuControllerBuilder | Produced #604 / 174 tx / 3149 pending / 42,102,780 (0.0%) gas / (0xeeba76f3a93feee6383943d0861c02ff907b3e538b069f6ba82cadfb0757a68b)
2026-10-07 18:19:27.417+00:00 | BftProcessorExecutor-QBFT-0 | INFO  | QbftBesuControllerBuilder | Imported #605 / 239 tx / 4238 pending / 57,830,830 (0.0%) gas / (0xc061254c181198945a0dd2246b31bd341f33a14e8fb213855b5e176320faac88)
2026-10-07 18:19:32.312+00:00 | EthScheduler-Workers-0 | INFO  | PersistBlockTask | Block 606 (0xd6019fd2128e99dd1be422a7f07dc805b90e631483e747d646809b7025036fb2) is already imported
2026-10-07 18:19:32.322+00:00 | BftProcessorExecutor-QBFT-0 | INFO  | QbftBesuControllerBuilder | Imported #606 / 325 tx / 5638 pending / 78,640,250 (0.0%) gas / (0xd6019fd2128e99dd1be422a7f07dc805b90e631483e747d646809b7025036fb2)
2026-10-07 18:19:37.109+00:00 | BftProcessorExecutor-QBFT-0 | INFO  | QbftBesuControllerBuilder | Imported #607 / 331 tx / 7011 pending / 80,092,070 (0.0%) gas / (0x493be7f2c0a8dcfcfe2933897da02a391ad185e2e819e8bb325662302ac0944d)
2026-10-07 18:19:41.970+00:00 | EthScheduler-Workers-0 | INFO  | PersistBlockTask | Block 608 (0x4636e167f623cb4b31af45acc67f273d6053743220187c35901133e31491fecb) is already imported
2026-10-07 18:19:41.987+00:00 | BftProcessorExecutor-QBFT-0 | INFO  | QbftBesuControllerBuilder | Imported #608 / 331 tx / 8490 pending / 80,092,070 (0.0%) gas / (0x4636e167f623cb4b31af45acc67f273d6053743220187c35901133e31491fecb)
2026-10-07 18:19:46.871+00:00 | EthScheduler-Workers-0 | INFO  | PersistBlockTask | Block 609 (0x7bd4eb0951458e388a1049b21d205bbf367d8768f53efea2072c74dd8d4512fb) is already imported
2026-10-07 18:19:46.878+00:00 | BftProcessorExecutor-QBFT-0 | INFO  | QbftBesuControllerBuilder | Imported #609 / 339 tx / 9960 pending / 82,027,830 (0.0%) gas / (0x7bd4eb0951458e388a1049b21d205bbf367d8768f53efea2072c74dd8d4512fb)
2026-10-07 18:19:51.820+00:00 | BftProcessorExecutor-QBFT-0 | INFO  | QbftBesuControllerBuilder | Imported #610 / 341 tx / 11424 pending / 82,511,770 (0.0%) gas / (0xc5a2f9926381630b94947d5676f6ebb4dec83b4a6df2bb13759f76a4fdc9df36)
2026-10-07 18:19:56.684+00:00 | BftProcessorExecutor-QBFT-0 | INFO  | QbftBesuControllerBuilder | Imported #611 / 330 tx / 12892 pending / 79,850,100 (0.0%) gas / (0x85f77f98cb6a9501ff60cc07cc8d122a4c64a1a7f68a02af6eb4af5ad8708a2b)
2026-10-07 18:20:01.616+00:00 | EthScheduler-Workers-0 | INFO  | PersistBlockTask | Block 612 (0xd59aceb2d11f21b4254e05eb2912910ee79649e572b69fc2919571c0629c06a2) is already imported
2026-10-07 18:20:01.622+00:00 | BftProcessorExecutor-QBFT-0 | INFO  | QbftBesuControllerBuilder | Imported #612 / 340 tx / 13408 pending / 82,269,800 (0.0%) gas / (0xd59aceb2d11f21b4254e05eb2912910ee79649e572b69fc2919571c0629c06a2)
2026-10-07 18:20:06.735+00:00 | EthScheduler-Workers-0 | INFO  | PersistBlockTask | Block 613 (0xe1a9089a1ba2c1be5be2077b703f91da5c76a5fa12bab30547740de900a7b3b7) is already imported
2026-10-07 18:20:06.738+00:00 | BftProcessorExecutor-QBFT-0 | INFO  | QbftBesuControllerBuilder | Imported #613 / 346 tx / 13062 pending / 83,721,620 (0.0%) gas / (0xe1a9089a1ba2c1be5be2077b703f91da5c76a5fa12bab30547740de900a7b3b7)
2026-10-07 18:20:11.621+00:00 | EthScheduler-Workers-0 | INFO  | PersistBlockTask | Block 614 (0x219e0bc046895155e2639d014147ad73e1de75efa5f6c002b8d8b9497516a585) is already imported
2026-10-07 18:20:11.624+00:00 | BftProcessorExecutor-QBFT-0 | INFO  | QbftBesuControllerBuilder | Imported #614 / 322 tx / 12740 pending / 77,914,340 (0.0%) gas / (0x219e0bc046895155e2639d014147ad73e1de75efa5f6c002b8d8b9497516a585)
2026-10-07 18:20:16.573+00:00 | EthScheduler-Workers-0 | INFO  | PersistBlockTask | Block 615 (0xd6451c06fc2baca05b12a8172aac507e8601177e03538f756880e6946434d0a6) is already imported
2026-10-07 18:20:16.592+00:00 | BftProcessorExecutor-QBFT-0 | INFO  | QbftBesuControllerBuilder | Imported #615 / 343 tx / 12397 pending / 82,995,710 (0.0%) gas / (0xd6451c06fc2baca05b12a8172aac507e8601177e03538f756880e6946434d0a6)
2026-10-07 18:20:21.670+00:00 | BftProcessorExecutor-QBFT-0 | INFO  | QbftBesuControllerBuilder | Imported #616 / 347 tx / 12050 pending / 83,963,590 (0.0%) gas / (0x10249602a0bbee0f1766b5f57c2960268ccd2eeeb0047d767a5467718a7cc2c6)
2026-10-07 18:20:26.809+00:00 | BftProcessorExecutor-QBFT-0 | INFO  | QbftBesuControllerBuilder | Imported #617 / 347 tx / 11703 pending / 83,963,590 (0.0%) gas / (0x26bf6642d957dbff1a28dcadc6647a7d519d7f9441a0a76072bda4efd703ed8f)
2026-10-07 18:20:31.763+00:00 | BftProcessorExecutor-QBFT-0 | INFO  | QbftBesuControllerBuilder | Imported #618 / 327 tx / 11376 pending / 79,124,190 (0.0%) gas / (0xb40de870166b11f877d21756342805398dc2b81656769ddd8bcff5761fb18e59)
2026-10-07 18:20:33.266+00:00 | BftProcessorExecutor-QBFT-0 | WARN  | BlockTransactionSelector | Interrupting the selection of transactions for block inclusion as it exceeds the maximum configured duration of 1500ms
java.util.concurrent.TimeoutException
	at java.base/java.util.concurrent.CompletableFuture.timedGet(CompletableFuture.java:1960)
	at java.base/java.util.concurrent.CompletableFuture.get(CompletableFuture.java:2095)
	at org.hyperledger.besu.ethereum.blockcreation.txselection.BlockTransactionSelector.timeLimitedSelection(BlockTransactionSelector.java:186)
	at org.hyperledger.besu.ethereum.blockcreation.txselection.BlockTransactionSelector.buildTransactionListForBlock(BlockTransactionSelector.java:169)
	at org.hyperledger.besu.ethereum.blockcreation.AbstractBlockCreator.selectTransactions(AbstractBlockCreator.java:376)
	at org.hyperledger.besu.ethereum.blockcreation.AbstractBlockCreator.createBlock(AbstractBlockCreator.java:218)
	at org.hyperledger.besu.ethereum.blockcreation.AbstractBlockCreator.createBlock(AbstractBlockCreator.java:146)
	at org.hyperledger.besu.consensus.common.bft.blockcreation.BftBlockCreator.createBlock(BftBlockCreator.java:92)
	at org.hyperledger.besu.consensus.qbft.statemachine.QbftRound.createAndSendProposalMessage(QbftRound.java:137)
	at org.hyperledger.besu.consensus.qbft.statemachine.QbftBlockHeightManager.handleBlockTimerExpiry(QbftBlockHeightManager.java:140)
	at org.hyperledger.besu.consensus.common.bft.statemachine.BaseBftController.handleBlockTimerExpiry(BaseBftController.java:167)
	at org.hyperledger.besu.consensus.common.bft.EventMultiplexer.handleBftEvent(EventMultiplexer.java:65)
	at java.base/java.util.Optional.ifPresent(Optional.java:178)
	at org.hyperledger.besu.consensus.common.bft.BftProcessor.run(BftProcessor.java:65)
	at java.base/java.util.concurrent.ThreadPoolExecutor.runWorker(ThreadPoolExecutor.java:1144)
	at java.base/java.util.concurrent.ThreadPoolExecutor$Worker.run(ThreadPoolExecutor.java:642)
	at java.base/java.lang.Thread.run(Thread.java:1583)
2026-10-07 18:20:36.757+00:00 | BftProcessorExecutor-QBFT-0 | INFO  | QbftBesuControllerBuilder | Produced #619 / 334 tx / 11042 pending / 80,817,980 (0.0%) gas / (0x06b2dbf0613cf707e3480ff7421e00a29ba31620a278df07a353f2c9fff5e7e7)
2026-10-07 18:20:41.585+00:00 | BftProcessorExecutor-QBFT-0 | INFO  | QbftBesuControllerBuilder | Imported #620 / 325 tx / 10717 pending / 78,640,250 (0.0%) gas / (0xffdf8498c2b55e084531c75c69ceaee7c61ea48c0791f7d2e9251108dceef5eb)
2026-10-07 18:20:46.743+00:00 | BftProcessorExecutor-QBFT-0 | INFO  | QbftBesuControllerBuilder | Imported #621 / 347 tx / 10370 pending / 83,963,590 (0.0%) gas / (0x93afe32c6e4a1c4ec7eca9f1a1c0362b0c86ec22be9ad8bae28ac551bcf2dd70)
2026-10-07 18:20:51.888+00:00 | BftProcessorExecutor-QBFT-0 | INFO  | QbftBesuControllerBuilder | Imported #622 / 348 tx / 10022 pending / 84,205,560 (0.0%) gas / (0x3073341fe19becaa1c62496e62dfce7e56ef50d6076ac636d7de523d43d264e0)
2026-10-07 18:20:57.090+00:00 | EthScheduler-Workers-0 | INFO  | PersistBlockTask | Block 623 (0x27ad13733c8242c696f3ee99df832ff3b78ceaea96c7a063ad79e1548b1c2da7) is already imported
2026-10-07 18:20:57.098+00:00 | BftProcessorExecutor-QBFT-0 | INFO  | QbftBesuControllerBuilder | Imported #623 / 344 tx / 9678 pending / 83,237,680 (0.0%) gas / (0x27ad13733c8242c696f3ee99df832ff3b78ceaea96c7a063ad79e1548b1c2da7)
2026-10-07 18:21:02.092+00:00 | BftProcessorExecutor-QBFT-0 | INFO  | QbftBesuControllerBuilder | Imported #624 / 343 tx / 9335 pending / 82,995,710 (0.0%) gas / (0xa301a43648ef19f8a549305965bd55ad0c251ea18acd136c120c31e725482ccf)
2026-10-07 18:21:07.100+00:00 | EthScheduler-Workers-0 | INFO  | PersistBlockTask | Block 625 (0x3c3764ca150b828d94585d8a9767b8e3c004760cdbfc7290357b10292a211a07) is already imported
2026-10-07 18:21:07.104+00:00 | BftProcessorExecutor-QBFT-0 | INFO  | QbftBesuControllerBuilder | Imported #625 / 346 tx / 8989 pending / 83,721,620 (0.0%) gas / (0x3c3764ca150b828d94585d8a9767b8e3c004760cdbfc7290357b10292a211a07)
2026-10-07 18:21:12.050+00:00 | EthScheduler-Workers-0 | INFO  | PersistBlockTask | Block 626 (0x782dec041c82a085e41e237d64a8913ef6903196c53ea735d9c3c9f39d6def03) is already imported
2026-10-07 18:21:12.055+00:00 | BftProcessorExecutor-QBFT-0 | INFO  | QbftBesuControllerBuilder | Imported #626 / 333 tx / 8656 pending / 80,576,010 (0.0%) gas / (0x782dec041c82a085e41e237d64a8913ef6903196c53ea735d9c3c9f39d6def03)
2026-10-07 18:21:17.080+00:00 | BftProcessorExecutor-QBFT-0 | INFO  | QbftBesuControllerBuilder | Imported #627 / 350 tx / 8306 pending / 84,689,500 (0.0%) gas / (0xee6119e4c5a2932457ae4f1ea5fb9b7485a1fd3fc0cac1086b3de906d24589f7)
2026-10-07 18:21:22.283+00:00 | EthScheduler-Workers-0 | INFO  | PersistBlockTask | Block 628 (0xcc64375007d14efca5bb849d89d6e281c7cb7d337dbaec964c9fdcfed89a8191) is already imported
2026-10-07 18:21:22.287+00:00 | BftProcessorExecutor-QBFT-0 | INFO  | QbftBesuControllerBuilder | Imported #628 / 343 tx / 7963 pending / 82,995,710 (0.0%) gas / (0xcc64375007d14efca5bb849d89d6e281c7cb7d337dbaec964c9fdcfed89a8191)
2026-10-07 18:21:27.418+00:00 | EthScheduler-Workers-0 | INFO  | PersistBlockTask | Block 629 (0x45958603b92b6516eca34b30516e5844dc29dda05254694640c6c335445ea6a1) is already imported
2026-10-07 18:21:27.422+00:00 | BftProcessorExecutor-QBFT-0 | INFO  | QbftBesuControllerBuilder | Imported #629 / 346 tx / 7617 pending / 83,721,620 (0.0%) gas / (0x45958603b92b6516eca34b30516e5844dc29dda05254694640c6c335445ea6a1)
2026-10-07 18:21:32.376+00:00 | BftProcessorExecutor-QBFT-0 | INFO  | QbftBesuControllerBuilder | Imported #630 / 340 tx / 7277 pending / 82,269,800 (0.0%) gas / (0x5d4d27c98c75c8cc9a9fc2a46568c94420762f6fde0d449ce23f7cb5346dabc1)
2026-10-07 18:21:37.462+00:00 | EthScheduler-Workers-0 | INFO  | PersistBlockTask | Block 631 (0x161b7d94587f67c3649e3213a2d12a4ef2a919161f9cdd5d6ec18120eb056fd5) is already imported
2026-10-07 18:21:37.468+00:00 | BftProcessorExecutor-QBFT-0 | INFO  | QbftBesuControllerBuilder | Imported #631 / 347 tx / 6930 pending / 83,963,590 (0.0%) gas / (0x161b7d94587f67c3649e3213a2d12a4ef2a919161f9cdd5d6ec18120eb056fd5)
2026-10-07 18:21:42.502+00:00 | BftProcessorExecutor-QBFT-0 | INFO  | QbftBesuControllerBuilder | Imported #632 / 347 tx / 6583 pending / 83,963,590 (0.0%) gas / (0x2a7285660083c954d415a4b3ec0b6671e91bc43bb9253ebd73ae53cb36e22b61)
2026-10-07 18:21:47.622+00:00 | BftProcessorExecutor-QBFT-0 | INFO  | QbftBesuControllerBuilder | Imported #633 / 345 tx / 6238 pending / 83,479,650 (0.0%) gas / (0x8d99fad7495c9f717fec7a0a94e6819e0fc739ff9d77e8b7d9815a4a0dd8a1cb)
2026-10-07 18:21:49.126+00:00 | BftProcessorExecutor-QBFT-0 | WARN  | BlockTransactionSelector | Interrupting the selection of transactions for block inclusion as it exceeds the maximum configured duration of 1500ms
java.util.concurrent.TimeoutException
	at java.base/java.util.concurrent.CompletableFuture.timedGet(CompletableFuture.java:1960)
	at java.base/java.util.concurrent.CompletableFuture.get(CompletableFuture.java:2095)
	at org.hyperledger.besu.ethereum.blockcreation.txselection.BlockTransactionSelector.timeLimitedSelection(BlockTransactionSelector.java:186)
	at org.hyperledger.besu.ethereum.blockcreation.txselection.BlockTransactionSelector.buildTransactionListForBlock(BlockTransactionSelector.java:169)
	at org.hyperledger.besu.ethereum.blockcreation.AbstractBlockCreator.selectTransactions(AbstractBlockCreator.java:376)
	at org.hyperledger.besu.ethereum.blockcreation.AbstractBlockCreator.createBlock(AbstractBlockCreator.java:218)
	at org.hyperledger.besu.ethereum.blockcreation.AbstractBlockCreator.createBlock(AbstractBlockCreator.java:146)
	at org.hyperledger.besu.consensus.common.bft.blockcreation.BftBlockCreator.createBlock(BftBlockCreator.java:92)
	at org.hyperledger.besu.consensus.qbft.statemachine.QbftRound.createAndSendProposalMessage(QbftRound.java:137)
	at org.hyperledger.besu.consensus.qbft.statemachine.QbftBlockHeightManager.handleBlockTimerExpiry(QbftBlockHeightManager.java:140)
	at org.hyperledger.besu.consensus.common.bft.statemachine.BaseBftController.handleBlockTimerExpiry(BaseBftController.java:167)
	at org.hyperledger.besu.consensus.common.bft.EventMultiplexer.handleBftEvent(EventMultiplexer.java:65)
	at java.base/java.util.Optional.ifPresent(Optional.java:178)
	at org.hyperledger.besu.consensus.common.bft.BftProcessor.run(BftProcessor.java:65)
	at java.base/java.util.concurrent.ThreadPoolExecutor.runWorker(ThreadPoolExecutor.java:1144)
	at java.base/java.util.concurrent.ThreadPoolExecutor$Worker.run(ThreadPoolExecutor.java:642)
	at java.base/java.lang.Thread.run(Thread.java:1583)
2026-10-07 18:21:52.637+00:00 | EthScheduler-Workers-0 | INFO  | PersistBlockTask | Block 634 (0x04e96fce0b4a14d18ae12efe480a628c7e327ae6f29e274c00a2c7920d713541) is already imported
2026-10-07 18:21:52.650+00:00 | BftProcessorExecutor-QBFT-0 | INFO  | QbftBesuControllerBuilder | Produced #634 / 327 tx / 5911 pending / 79,124,190 (0.0%) gas / (0x04e96fce0b4a14d18ae12efe480a628c7e327ae6f29e274c00a2c7920d713541)
2026-10-07 18:21:57.587+00:00 | EthScheduler-Workers-0 | INFO  | PersistBlockTask | Block 635 (0x48e1f60574a4a6bbc62d92efe634e67bab87aa4db3070f67cba8558f123699da) is already imported
2026-10-07 18:21:57.597+00:00 | BftProcessorExecutor-QBFT-0 | INFO  | QbftBesuControllerBuilder | Imported #635 / 331 tx / 5580 pending / 80,092,070 (0.0%) gas / (0x48e1f60574a4a6bbc62d92efe634e67bab87aa4db3070f67cba8558f123699da)
2026-10-07 18:22:02.561+00:00 | BftProcessorExecutor-QBFT-0 | INFO  | QbftBesuControllerBuilder | Imported #636 / 345 tx / 5235 pending / 83,479,650 (0.0%) gas / (0x6ff735aa44a48900f9465dac7a9ae8b927649652de74c6f0c0ac9ff6855ed7ee)
2026-10-07 18:22:07.641+00:00 | EthScheduler-Workers-0 | INFO  | PersistBlockTask | Block 637 (0xf39f9c12ba633ebeee0fe04c1188e98304ed0e005f2476c58dd770ffdc6d31eb) is already imported
2026-10-07 18:22:07.644+00:00 | BftProcessorExecutor-QBFT-0 | INFO  | QbftBesuControllerBuilder | Imported #637 / 336 tx / 4899 pending / 81,301,920 (0.0%) gas / (0xf39f9c12ba633ebeee0fe04c1188e98304ed0e005f2476c58dd770ffdc6d31eb)
2026-10-07 18:22:12.685+00:00 | EthScheduler-Workers-0 | INFO  | PersistBlockTask | Block 638 (0x32f501944587d9dab22000d82a3c0d0e83ab2cc188518ba93a75e9cb4d771ad8) is already imported
2026-10-07 18:22:12.688+00:00 | BftProcessorExecutor-QBFT-0 | INFO  | QbftBesuControllerBuilder | Imported #638 / 339 tx / 4560 pending / 82,027,830 (0.0%) gas / (0x32f501944587d9dab22000d82a3c0d0e83ab2cc188518ba93a75e9cb4d771ad8)
2026-10-07 18:22:17.717+00:00 | EthScheduler-Workers-0 | INFO  | PersistBlockTask | Block 639 (0x140adb3053aac93a9c322a3bda1b7ded2648fee576871cd34d69273e3d727474) is already imported
2026-10-07 18:22:17.720+00:00 | BftProcessorExecutor-QBFT-0 | INFO  | QbftBesuControllerBuilder | Imported #639 / 338 tx / 4222 pending / 81,785,860 (0.0%) gas / (0x140adb3053aac93a9c322a3bda1b7ded2648fee576871cd34d69273e3d727474)
2026-10-07 18:22:22.782+00:00 | BftProcessorExecutor-QBFT-0 | INFO  | QbftBesuControllerBuilder | Imported #640 / 347 tx / 3875 pending / 83,963,590 (0.0%) gas / (0x22ba1e3d804f44ff605112c67273a2f49e7e980917cf1b5ec8b8379108a8a87c)
2026-10-07 18:22:27.811+00:00 | BftProcessorExecutor-QBFT-0 | INFO  | QbftBesuControllerBuilder | Imported #641 / 329 tx / 3546 pending / 79,608,130 (0.0%) gas / (0xc91e91588b40331b8a07758f06fae1270e448118f9c30ea13c3244017e50eeff)
2026-10-07 18:22:32.865+00:00 | EthScheduler-Workers-0 | INFO  | PersistBlockTask | Block 642 (0x83578169aba3e5199dc6e44ba13cdc38bd7e63e972016dacbc239ad45a215b95) is already imported
2026-10-07 18:22:32.869+00:00 | BftProcessorExecutor-QBFT-0 | INFO  | QbftBesuControllerBuilder | Imported #642 / 347 tx / 3199 pending / 83,963,590 (0.0%) gas / (0x83578169aba3e5199dc6e44ba13cdc38bd7e63e972016dacbc239ad45a215b95)
2026-10-07 18:22:38.031+00:00 | BftProcessorExecutor-QBFT-0 | INFO  | QbftBesuControllerBuilder | Imported #643 / 348 tx / 2851 pending / 84,205,560 (0.0%) gas / (0x67d90239fbcab88c6656ac46e6826f42eed6d44f7f5f01b8558fc45c31a95c2a)
2026-10-07 18:22:43.211+00:00 | BftProcessorExecutor-QBFT-0 | INFO  | QbftBesuControllerBuilder | Imported #644 / 345 tx / 2506 pending / 83,479,650 (0.0%) gas / (0xc3b5ba584d8e184ddd2a2c59a6a2c5396b4e2b355469a8fb7f8d0fda9cdf3598)
2026-10-07 18:22:48.302+00:00 | BftProcessorExecutor-QBFT-0 | INFO  | QbftBesuControllerBuilder | Imported #645 / 348 tx / 2158 pending / 84,205,560 (0.0%) gas / (0x17e553429c8e91c763360a8862008190e7d71ceb8dcdb4dbd3d6c754054a5f2a)
2026-10-07 18:22:53.348+00:00 | BftProcessorExecutor-QBFT-0 | INFO  | QbftBesuControllerBuilder | Imported #646 / 345 tx / 1813 pending / 83,479,650 (0.0%) gas / (0x7767f5cda9ffddba22f017d8402f4caffa6789edef315d1f54891adf40cc997f)
2026-10-07 18:22:58.255+00:00 | BftProcessorExecutor-QBFT-0 | INFO  | QbftBesuControllerBuilder | Imported #647 / 330 tx / 1483 pending / 79,850,100 (0.0%) gas / (0xd699cb7ed89a7f444b22d70ec366a3fe2a5dea2a811c89308b8ebca74f8d1818)
2026-10-07 18:23:02.857+00:00 | BftProcessorExecutor-QBFT-0 | INFO  | QbftBesuControllerBuilder | Imported #648 / 303 tx / 1180 pending / 73,316,910 (0.0%) gas / (0x9028132f40654e5de6aa9e11acd2212e7c90fe2dddcaac6352ceb71572ae8715)
2026-10-07 18:23:06.829+00:00 | BftProcessorExecutor-QBFT-0 | INFO  | QbftBesuControllerBuilder | Produced #649 / 263 tx / 917 pending / 63,638,110 (0.0%) gas / (0x5ca3838cc94c16d3352354a3a46c74ed6cedb3bd5428fa9d7b0ebbda00cc2659)
2026-10-07 18:23:09.854+00:00 | BftProcessorExecutor-QBFT-0 | INFO  | QbftBesuControllerBuilder | Imported #650 / 195 tx / 722 pending / 47,184,150 (0.0%) gas / (0x6cb013688c404e02bf2eb14ec7a63202369b694c30b3ecdbf59c05bca6bf652f)
2026-10-07 18:23:11.105+00:00 | BftProcessorExecutor-QBFT-0 | INFO  | QbftBesuControllerBuilder | Imported #651 / 73 tx / 649 pending / 17,663,810 (0.0%) gas / (0x87e104519e4d92f38876847067276e57ee213f201f977c56844883f32bea74b2)
2026-10-07 18:23:13.399+00:00 | EthScheduler-Workers-0 | INFO  | PersistBlockTask | Block 652 (0x2fb314a3c141f105ba0bfb0ec856ec7f40a99d3fb8204ae4262a370a191b3c2c) is already imported
2026-10-07 18:23:13.400+00:00 | BftProcessorExecutor-QBFT-0 | INFO  | QbftBesuControllerBuilder | Imported #652 / 75 tx / 574 pending / 18,147,750 (0.0%) gas / (0x2fb314a3c141f105ba0bfb0ec856ec7f40a99d3fb8204ae4262a370a191b3c2c)
2026-10-07 18:23:15.388+00:00 | EthScheduler-Workers-0 | INFO  | PersistBlockTask | Block 653 (0xc5e87f713c0e25faf5448d6a097cb9b1698a43604b34f1db49ee9eb5125d7c2a) is already imported
2026-10-07 18:23:15.389+00:00 | BftProcessorExecutor-QBFT-0 | INFO  | QbftBesuControllerBuilder | Imported #653 / 76 tx / 498 pending / 18,389,720 (0.0%) gas / (0xc5e87f713c0e25faf5448d6a097cb9b1698a43604b34f1db49ee9eb5125d7c2a)
2026-10-07 18:23:17.289+00:00 | BftProcessorExecutor-QBFT-0 | INFO  | QbftBesuControllerBuilder | Imported #654 / 69 tx / 429 pending / 16,695,930 (0.0%) gas / (0x16418d9db5ef50becb6224582203b4d168c5bfc72c2992b09413c23abf134c43)
2026-10-07 18:23:19.067+00:00 | EthScheduler-Workers-0 | INFO  | PersistBlockTask | Block 655 (0x525db3b9b30924925034012a589a83354d503bd5dddad40ec195419c652f8b44) is already imported
2026-10-07 18:23:19.067+00:00 | BftProcessorExecutor-QBFT-0 | INFO  | QbftBesuControllerBuilder | Imported #655 / 55 tx / 374 pending / 13,308,350 (0.0%) gas / (0x525db3b9b30924925034012a589a83354d503bd5dddad40ec195419c652f8b44)
2026-10-07 18:23:21.638+00:00 | EthScheduler-Workers-0 | INFO  | PersistBlockTask | Block 656 (0x7cff7893af73d1ceb14d82bf65ba7817623854c60fb0a111d6f8fc9c6dda6174) is already imported
2026-10-07 18:23:21.639+00:00 | BftProcessorExecutor-QBFT-0 | INFO  | QbftBesuControllerBuilder | Imported #656 / 97 tx / 277 pending / 23,471,090 (0.0%) gas / (0x7cff7893af73d1ceb14d82bf65ba7817623854c60fb0a111d6f8fc9c6dda6174)
2026-10-07 18:23:22.971+00:00 | BftProcessorExecutor-QBFT-0 | INFO  | QbftBesuControllerBuilder | Imported #657 / 52 tx / 225 pending / 12,582,440 (0.0%) gas / (0x92b487422458d44bc3c78553b0dd2a6f814f6b669a4fdea862f8e8cce9083562)
2026-10-07 18:23:25.325+00:00 | BftProcessorExecutor-QBFT-0 | INFO  | QbftBesuControllerBuilder | Imported #658 / 52 tx / 173 pending / 12,582,440 (0.0%) gas / (0x3d95d75688250b1a5538f37d9f896c96e7a103643b4ade67ca7e633d6214ff59)
2026-10-07 18:23:27.386+00:00 | EthScheduler-Workers-0 | INFO  | PersistBlockTask | Block 659 (0x9caadf5c766b34297a3eeca155cae345bd406c4b3716efe0ed156f9ae67faba7) is already imported
2026-10-07 18:23:27.386+00:00 | BftProcessorExecutor-QBFT-0 | INFO  | QbftBesuControllerBuilder | Imported #659 / 76 tx / 97 pending / 18,389,720 (0.0%) gas / (0x9caadf5c766b34297a3eeca155cae345bd406c4b3716efe0ed156f9ae67faba7)
2026-10-07 18:23:29.247+00:00 | BftProcessorExecutor-QBFT-0 | INFO  | QbftBesuControllerBuilder | Imported #660 / 67 tx / 30 pending / 16,211,990 (0.0%) gas / (0x45904f94d3795adc5515b06e3f3791a6947a5bef2dd0da0ecd810f3f55fcccc6)
2026-10-07 18:23:29.247+00:00 | EthScheduler-Workers-0 | INFO  | PersistBlockTask | Block 660 (0x45904f94d3795adc5515b06e3f3791a6947a5bef2dd0da0ecd810f3f55fcccc6) is already imported
2026-10-07 18:23:30.791+00:00 | BftProcessorExecutor-QBFT-0 | INFO  | QbftBesuControllerBuilder | Imported #661 / 30 tx / 0 pending / 7,259,100 (0.0%) gas / (0x7f2e6e1b269d9aa289d04d165a2ad68f79f05680bd4232ff9198b4d6b310f2bd)
2026-10-07 18:23:30.792+00:00 | EthScheduler-Workers-0 | INFO  | PersistBlockTask | Block 661 (0x7f2e6e1b269d9aa289d04d165a2ad68f79f05680bd4232ff9198b4d6b310f2bd) is already imported
2026-10-07 18:23:32.277+00:00 | BftProcessorExecutor-QBFT-0 | INFO  | QbftBesuControllerBuilder | Imported #662 / 0 tx / 0 pending / 0 (0.0%) gas / (0xcc658a71eeb9a4c728535b969b67e20a5d329fb106b2618972e145a2937c6c82)
2026-10-07 18:23:34.299+00:00 | BftProcessorExecutor-QBFT-0 | INFO  | QbftBesuControllerBuilder | Imported #663 / 0 tx / 0 pending / 0 (0.0%) gas / (0xe40242da0051045f5ca49ea416496361e036d1a36d259de1c9ac131b210436f5)
2026-10-07 18:23:36.351+00:00 | BftProcessorExecutor-QBFT-0 | INFO  | QbftBesuControllerBuilder | Produced #664 / 18 tx / 324 pending / 2,765,408 (0.0%) gas / (0xba072731f06e737b94ece824fe1cde207602ef9561b6e4c4de1a0e09883f3621)
2026-10-07 18:23:38.492+00:00 | EthScheduler-Workers-0 | INFO  | PersistBlockTask | Block 665 (0xfbe546db10f860ab06e449f8f81da5bc2df2df070710b9a226ad1d3c820e424d) is already imported
2026-10-07 18:23:38.493+00:00 | BftProcessorExecutor-QBFT-0 | INFO  | QbftBesuControllerBuilder | Imported #665 / 58 tx / 933 pending / 8,910,872 (0.0%) gas / (0xfbe546db10f860ab06e449f8f81da5bc2df2df070710b9a226ad1d3c820e424d)
2026-10-07 18:23:40.647+00:00 | BftProcessorExecutor-QBFT-0 | INFO  | QbftBesuControllerBuilder | Imported #666 / 102 tx / 1550 pending / 15,670,992 (0.0%) gas / (0xe9bb97271753af86c780d4f65a868c5fc84f97101558f1716788735583ca17b6)
2026-10-07 18:23:42.865+00:00 | EthScheduler-Workers-0 | INFO  | PersistBlockTask | Block 667 (0x23ef5240cced474ee96ba91b3325df85431723922ec531d7a776fedd1899a4a7) is already imported
2026-10-07 18:23:42.867+00:00 | BftProcessorExecutor-QBFT-0 | INFO  | QbftBesuControllerBuilder | Imported #667 / 136 tx / 1734 pending / 20,893,904 (0.0%) gas / (0x23ef5240cced474ee96ba91b3325df85431723922ec531d7a776fedd1899a4a7)
2026-10-07 18:23:45.104+00:00 | EthScheduler-Workers-0 | INFO  | PersistBlockTask | Block 668 (0x7e9a53502b52103a3df58a76a3c82aeedc633ada288ca1ebd569d83a48a30f78) is already imported
2026-10-07 18:23:45.106+00:00 | BftProcessorExecutor-QBFT-0 | INFO  | QbftBesuControllerBuilder | Imported #668 / 136 tx / 1598 pending / 20,894,216 (0.0%) gas / (0x7e9a53502b52103a3df58a76a3c82aeedc633ada288ca1ebd569d83a48a30f78)
2026-10-07 18:23:47.086+00:00 | EthScheduler-Workers-0 | INFO  | PersistBlockTask | Block 669 (0x7d7dd214b1e71b54c49a646b80a2a5fa0bfaa46658c9127ce07cc069f1aeb4d9) is already imported
2026-10-07 18:23:47.088+00:00 | BftProcessorExecutor-QBFT-0 | INFO  | QbftBesuControllerBuilder | Imported #669 / 136 tx / 1462 pending / 20,894,156 (0.0%) gas / (0x7d7dd214b1e71b54c49a646b80a2a5fa0bfaa46658c9127ce07cc069f1aeb4d9)
2026-10-07 18:23:49.074+00:00 | BftProcessorExecutor-QBFT-0 | INFO  | QbftBesuControllerBuilder | Imported #670 / 136 tx / 1326 pending / 20,894,300 (0.0%) gas / (0x979103f9da75f2bcdce45af7917f3daa887b25c0b4ff458f467c053c4e1d4ad2)
2026-10-07 18:23:50.921+00:00 | EthScheduler-Workers-0 | INFO  | PersistBlockTask | Block 671 (0xec3c086be8f4fae6457191c0259a1e3709209c3c88f7161c417e0a0b19b1f058) is already imported
2026-10-07 18:23:50.923+00:00 | BftProcessorExecutor-QBFT-0 | INFO  | QbftBesuControllerBuilder | Imported #671 / 136 tx / 1190 pending / 20,894,312 (0.0%) gas / (0xec3c086be8f4fae6457191c0259a1e3709209c3c88f7161c417e0a0b19b1f058)
2026-10-07 18:23:53.166+00:00 | EthScheduler-Workers-0 | INFO  | PersistBlockTask | Block 672 (0x2e427684b7a97736966562ac500fc13bf12e3c0f2ea7899abad558f8576b1512) is already imported
2026-10-07 18:23:53.168+00:00 | BftProcessorExecutor-QBFT-0 | INFO  | QbftBesuControllerBuilder | Imported #672 / 136 tx / 1054 pending / 20,894,304 (0.0%) gas / (0x2e427684b7a97736966562ac500fc13bf12e3c0f2ea7899abad558f8576b1512)
2026-10-07 18:23:55.118+00:00 | EthScheduler-Workers-0 | INFO  | PersistBlockTask | Block 673 (0x753d57a40dc3965796ac6b9df208c0f9fd6e7889fe9370fff1d4dad9923b87be) is already imported
2026-10-07 18:23:55.120+00:00 | BftProcessorExecutor-QBFT-0 | INFO  | QbftBesuControllerBuilder | Imported #673 / 136 tx / 918 pending / 20,894,060 (0.0%) gas / (0x753d57a40dc3965796ac6b9df208c0f9fd6e7889fe9370fff1d4dad9923b87be)
2026-10-07 18:23:57.083+00:00 | EthScheduler-Workers-0 | INFO  | PersistBlockTask | Block 674 (0xea49c576531cf7fe74079d958c7e803991b4ba1d684f40d54fb3acf6aa1c7514) is already imported
2026-10-07 18:23:57.084+00:00 | BftProcessorExecutor-QBFT-0 | INFO  | QbftBesuControllerBuilder | Imported #674 / 136 tx / 782 pending / 20,894,056 (0.0%) gas / (0xea49c576531cf7fe74079d958c7e803991b4ba1d684f40d54fb3acf6aa1c7514)
2026-10-07 18:23:58.946+00:00 | EthScheduler-Workers-0 | INFO  | PersistBlockTask | Block 675 (0xfda25dcfadac8096d151e75d6122f10f67de72cf2f28ec57022991877382470b) is already imported
2026-10-07 18:23:58.947+00:00 | BftProcessorExecutor-QBFT-0 | INFO  | QbftBesuControllerBuilder | Imported #675 / 138 tx / 644 pending / 21,201,644 (0.0%) gas / (0xfda25dcfadac8096d151e75d6122f10f67de72cf2f28ec57022991877382470b)
2026-10-07 18:24:01.023+00:00 | EthScheduler-Workers-0 | INFO  | PersistBlockTask | Block 676 (0xcea2e854f49b036c464296edb04d1f1b5f5c44e5245e4b5e6a24687236482aa1) is already imported
2026-10-07 18:24:01.024+00:00 | BftProcessorExecutor-QBFT-0 | INFO  | QbftBesuControllerBuilder | Imported #676 / 138 tx / 506 pending / 21,201,404 (0.0%) gas / (0xcea2e854f49b036c464296edb04d1f1b5f5c44e5245e4b5e6a24687236482aa1)
2026-10-07 18:24:03.093+00:00 | EthScheduler-Workers-0 | INFO  | PersistBlockTask | Block 677 (0xe39ee74e3d826cd1e93ac153d906f087aa4fa495cb4b8d3ba261eac8411af47b) is already imported
2026-10-07 18:24:03.094+00:00 | BftProcessorExecutor-QBFT-0 | INFO  | QbftBesuControllerBuilder | Imported #677 / 138 tx / 368 pending / 21,201,488 (0.0%) gas / (0xe39ee74e3d826cd1e93ac153d906f087aa4fa495cb4b8d3ba261eac8411af47b)
2026-10-07 18:24:04.901+00:00 | BftProcessorExecutor-QBFT-0 | INFO  | QbftBesuControllerBuilder | Imported #678 / 137 tx / 231 pending / 21,047,798 (0.0%) gas / (0x632c9ad9c527a9f88cfef0c430957ca7d4bbc6fe2c7f5ccc66036a4ae98f756e)
2026-10-07 18:24:07.016+00:00 | BftProcessorExecutor-QBFT-0 | INFO  | QbftBesuControllerBuilder | Produced #679 / 119 tx / 112 pending / 18,282,402 (0.0%) gas / (0x81512275ba3eb2fc3b7014d6401b69124dd81a34cd3866602d4fe115ab361fc5)
2026-10-07 18:24:08.883+00:00 | EthScheduler-Workers-0 | INFO  | PersistBlockTask | Block 680 (0x7d090f8c7b59687af83d0a7d94c2ad806966d4e513dc792bcd8f44c314d503de) is already imported
2026-10-07 18:24:08.884+00:00 | BftProcessorExecutor-QBFT-0 | INFO  | QbftBesuControllerBuilder | Imported #680 / 78 tx / 34 pending / 11,983,536 (0.0%) gas / (0x7d090f8c7b59687af83d0a7d94c2ad806966d4e513dc792bcd8f44c314d503de)
2026-10-07 18:24:10.441+00:00 | BftProcessorExecutor-QBFT-0 | INFO  | QbftBesuControllerBuilder | Imported #681 / 34 tx / 0 pending / 5,223,632 (0.0%) gas / (0x08903c3e312af0af8f4f945a8b1ad5494a205e64d3908d00a7febec2c1af8291)
2026-10-07 18:24:12.298+00:00 | BftProcessorExecutor-QBFT-0 | INFO  | QbftBesuControllerBuilder | Imported #682 / 0 tx / 0 pending / 0 (0.0%) gas / (0x68413ebe4ba4ce31056de4ee97f591c17ec0a5e068ca8513231f17ea1c80dec2)
2026-10-07 18:24:14.298+00:00 | BftProcessorExecutor-QBFT-0 | INFO  | QbftBesuControllerBuilder | Imported #683 / 0 tx / 0 pending / 0 (0.0%) gas / (0x7a0a124a2d7ad5bcc2add0d1f2e8ca88e4e03c969461d8b774ab6fcbf9eaab63)
2026-10-07 18:24:16.268+00:00 | BftProcessorExecutor-QBFT-0 | INFO  | QbftBesuControllerBuilder | Imported #684 / 0 tx / 0 pending / 0 (0.0%) gas / (0xf533c89d8140fdf99df1be8bf393cd6037170b375c47a1565d90435ad414ff9f)
2026-10-07 18:24:18.265+00:00 | BftProcessorExecutor-QBFT-0 | INFO  | QbftBesuControllerBuilder | Imported #685 / 0 tx / 0 pending / 0 (0.0%) gas / (0xcf8d198a452e41820124b1cdfa87051d6ba2fe6827a0a3357a4bab2466042e4c)
2026-10-07 18:24:20.291+00:00 | BftProcessorExecutor-QBFT-0 | INFO  | QbftBesuControllerBuilder | Imported #686 / 0 tx / 0 pending / 0 (0.0%) gas / (0x761cb2f2df5846061751e558489b4de1498155d63e6a49120ee227fa9350374d)
2026-10-07 18:24:22.291+00:00 | BftProcessorExecutor-QBFT-0 | INFO  | QbftBesuControllerBuilder | Imported #687 / 0 tx / 0 pending / 0 (0.0%) gas / (0x417a27b10736a8805ffa8da08a9ca488fc60070a2711e91c224f61d0cdbbfc69)
2026-10-07 18:24:24.332+00:00 | EthScheduler-Workers-0 | INFO  | PersistBlockTask | Block 688 (0xb8b8a424df8c86277a665b840bf2ac3e738bb077979475b40160a82c47d9011b) is already imported
2026-10-07 18:24:24.334+00:00 | BftProcessorExecutor-QBFT-0 | INFO  | QbftBesuControllerBuilder | Imported #688 / 0 tx / 0 pending / 0 (0.0%) gas / (0xb8b8a424df8c86277a665b840bf2ac3e738bb077979475b40160a82c47d9011b)
2026-10-07 18:24:26.282+00:00 | BftProcessorExecutor-QBFT-0 | INFO  | QbftBesuControllerBuilder | Imported #689 / 0 tx / 0 pending / 0 (0.0%) gas / (0x9f771ed96219d68b53712976e89424ea0a9047d1ccb628cab262956ed6627ecd)
2026-10-07 18:24:26.281+00:00 | EthScheduler-Workers-0 | INFO  | PersistBlockTask | Block 689 (0x9f771ed96219d68b53712976e89424ea0a9047d1ccb628cab262956ed6627ecd) is already imported
2026-10-07 18:24:28.267+00:00 | BftProcessorExecutor-QBFT-0 | INFO  | QbftBesuControllerBuilder | Imported #690 / 0 tx / 0 pending / 0 (0.0%) gas / (0xfbc210c006491b055e8b598eb7dbf9d0adb1e98b4f569f065e8c2a4940498d0c)
2026-10-07 18:24:30.294+00:00 | EthScheduler-Workers-0 | INFO  | PersistBlockTask | Block 691 (0x958efad9a7b70576cc5ba2976e522118d97ac0805babae816b56495765f02bdd) is already imported
2026-10-07 18:24:30.294+00:00 | BftProcessorExecutor-QBFT-0 | INFO  | QbftBesuControllerBuilder | Imported #691 / 0 tx / 0 pending / 0 (0.0%) gas / (0x958efad9a7b70576cc5ba2976e522118d97ac0805babae816b56495765f02bdd)
2026-10-07 18:24:32.298+00:00 | BftProcessorExecutor-QBFT-0 | INFO  | QbftBesuControllerBuilder | Imported #692 / 0 tx / 0 pending / 0 (0.0%) gas / (0xd27289e19ad2e535d377cb65b40b846cf67bb200dac2db6d0d7d07ce4d5f10b9)
2026-10-07 18:24:32.300+00:00 | EthScheduler-Workers-0 | INFO  | PersistBlockTask | Block 692 (0xd27289e19ad2e535d377cb65b40b846cf67bb200dac2db6d0d7d07ce4d5f10b9) is already imported
2026-10-07 18:24:34.297+00:00 | BftProcessorExecutor-QBFT-0 | INFO  | QbftBesuControllerBuilder | Imported #693 / 0 tx / 0 pending / 0 (0.0%) gas / (0xbd87c8ac020ee59e8316d2d064107cfcebcc7bf5a891878bdf12520a69f4071b)
2026-10-07 18:24:36.289+00:00 | EthScheduler-Workers-0 | INFO  | PersistBlockTask | Block 694 (0xf9cf8412419a8a9c4be0a6f84c6b7d3652bdda8af484049d1e6cd581e110914e) is already imported
2026-10-07 18:24:36.289+00:00 | BftProcessorExecutor-QBFT-0 | INFO  | QbftBesuControllerBuilder | Produced #694 / 0 tx / 0 pending / 0 (0.0%) gas / (0xf9cf8412419a8a9c4be0a6f84c6b7d3652bdda8af484049d1e6cd581e110914e)
2026-10-07 18:24:38.269+00:00 | BftProcessorExecutor-QBFT-0 | INFO  | QbftBesuControllerBuilder | Imported #695 / 0 tx / 0 pending / 0 (0.0%) gas / (0xd4e842de69eab4194ade7b45ee5812197876f070126fbb256ca8e1aeb158c4ab)
2026-10-07 18:24:40.292+00:00 | BftProcessorExecutor-QBFT-0 | INFO  | QbftBesuControllerBuilder | Imported #696 / 0 tx / 0 pending / 0 (0.0%) gas / (0x8034e7fb6aa8abdf65bcef2c935d2ed6d9bc6040824338dc6704f7c268c3cfcc)
2026-10-07 18:24:40.292+00:00 | EthScheduler-Workers-0 | INFO  | PersistBlockTask | Block 696 (0x8034e7fb6aa8abdf65bcef2c935d2ed6d9bc6040824338dc6704f7c268c3cfcc) is already imported
2026-10-07 18:24:42.297+00:00 | EthScheduler-Workers-0 | INFO  | PersistBlockTask | Block 697 (0x79cb723fa498cf0dfbcd9812c9b830387988f64694c03a767a6f60423c166ee2) is already imported
2026-10-07 18:24:42.297+00:00 | BftProcessorExecutor-QBFT-0 | INFO  | QbftBesuControllerBuilder | Imported #697 / 0 tx / 0 pending / 0 (0.0%) gas / (0x79cb723fa498cf0dfbcd9812c9b830387988f64694c03a767a6f60423c166ee2)
2026-10-07 18:24:44.312+00:00 | BftProcessorExecutor-QBFT-0 | INFO  | QbftBesuControllerBuilder | Imported #698 / 0 tx / 0 pending / 0 (0.0%) gas / (0x98de7c27cd6718e3acabfaf071f058a2028ad36df3f5a697f8e0a3bf61588b46)
2026-10-07 18:24:44.316+00:00 | EthScheduler-Workers-0 | INFO  | PersistBlockTask | Block 698 (0x98de7c27cd6718e3acabfaf071f058a2028ad36df3f5a697f8e0a3bf61588b46) is already imported
2026-10-07 18:24:46.285+00:00 | BftProcessorExecutor-QBFT-0 | INFO  | QbftBesuControllerBuilder | Imported #699 / 0 tx / 0 pending / 0 (0.0%) gas / (0xd2a8bb8eaabb66c3fbcfda631276cd96d322352c289bda8b945afac0c8cf4d9e)
2026-10-07 18:24:46.288+00:00 | EthScheduler-Workers-0 | INFO  | PersistBlockTask | Block 699 (0xd2a8bb8eaabb66c3fbcfda631276cd96d322352c289bda8b945afac0c8cf4d9e) is already imported
2026-10-07 18:24:48.272+00:00 | BftProcessorExecutor-QBFT-0 | INFO  | QbftBesuControllerBuilder | Imported #700 / 0 tx / 0 pending / 0 (0.0%) gas / (0xcd9ff66f240c4a46dc6e6748cedd77d8c87e441b7cf82e6f610dcd3375f71ecf)
2026-10-07 18:24:48.277+00:00 | EthScheduler-Workers-0 | INFO  | PersistBlockTask | Block 700 (0xcd9ff66f240c4a46dc6e6748cedd77d8c87e441b7cf82e6f610dcd3375f71ecf) is already imported
2026-10-07 18:24:50.284+00:00 | BftProcessorExecutor-QBFT-0 | INFO  | QbftBesuControllerBuilder | Imported #701 / 0 tx / 0 pending / 0 (0.0%) gas / (0xfddf99936b9a6f2902079913293906910bd757bec1cca5cb1db962732b1151b4)
2026-10-07 18:24:52.275+00:00 | BftProcessorExecutor-QBFT-0 | INFO  | QbftBesuControllerBuilder | Imported #702 / 0 tx / 0 pending / 0 (0.0%) gas / (0xde68ad75f769134788ab167d4fcdefeff25f84d981a4c2c7badda1cc3085a250)
2026-10-07 18:24:54.304+00:00 | BftProcessorExecutor-QBFT-0 | INFO  | QbftBesuControllerBuilder | Imported #703 / 0 tx / 0 pending / 0 (0.0%) gas / (0xbf0b2e68ec8eede51999c85ebca9c4949eb6d0a856941dd050835bf0cb9e9efb)
2026-10-07 18:24:56.276+00:00 | EthScheduler-Workers-0 | INFO  | PersistBlockTask | Block 704 (0x800070c64dd66fe705591d2f178b5ac4a233dce8d5d7f617f108de27c9a1bae2) is already imported
2026-10-07 18:24:56.277+00:00 | BftProcessorExecutor-QBFT-0 | INFO  | QbftBesuControllerBuilder | Imported #704 / 0 tx / 0 pending / 0 (0.0%) gas / (0x800070c64dd66fe705591d2f178b5ac4a233dce8d5d7f617f108de27c9a1bae2)
2026-10-07 18:24:58.258+00:00 | BftProcessorExecutor-QBFT-0 | INFO  | QbftBesuControllerBuilder | Imported #705 / 0 tx / 0 pending / 0 (0.0%) gas / (0x55e3a0918c1fac6f6222bb0cd138c5c0b47d880eaae7432b3f0dfd491c546c3e)
2026-10-07 18:24:58.260+00:00 | EthScheduler-Workers-0 | INFO  | PersistBlockTask | Block 705 (0x55e3a0918c1fac6f6222bb0cd138c5c0b47d880eaae7432b3f0dfd491c546c3e) is already imported
2026-10-07 18:25:00.271+00:00 | BftProcessorExecutor-QBFT-0 | INFO  | QbftBesuControllerBuilder | Imported #706 / 0 tx / 0 pending / 0 (0.0%) gas / (0x92ca68d03cb47bbcd7f76df464ed7a18bac22962cc9bf24a9c235644a23b85e2)
2026-10-07 18:25:02.280+00:00 | BftProcessorExecutor-QBFT-0 | INFO  | QbftBesuControllerBuilder | Imported #707 / 0 tx / 0 pending / 0 (0.0%) gas / (0x38ad80aad5e206b05db827cda0ee9da7ea033513270cf8bdeb5ace9feca8651d)
2026-10-07 18:25:04.282+00:00 | BftProcessorExecutor-QBFT-0 | INFO  | QbftBesuControllerBuilder | Imported #708 / 0 tx / 0 pending / 0 (0.0%) gas / (0x2de2947914028a53f2ef85aa11d9527558d5dbef0a32e1547eac3a657dc97269)
2026-10-07 18:25:06.272+00:00 | BftProcessorExecutor-QBFT-0 | INFO  | QbftBesuControllerBuilder | Produced #709 / 0 tx / 0 pending / 0 (0.0%) gas / (0x8ad74b4cb059d9c855c733c5faed1d9b7e79d40ce15deb566083d7c2dac76d88)
2026-10-07 18:25:08.272+00:00 | BftProcessorExecutor-QBFT-0 | INFO  | QbftBesuControllerBuilder | Imported #710 / 0 tx / 0 pending / 0 (0.0%) gas / (0x4867a6d9c14cb6a20ed52baf34f5affa38843f4bc50829ca6dd8b899f2cdf87e)
2026-10-07 18:25:08.277+00:00 | EthScheduler-Workers-0 | INFO  | PersistBlockTask | Block 710 (0x4867a6d9c14cb6a20ed52baf34f5affa38843f4bc50829ca6dd8b899f2cdf87e) is already imported
2026-10-07 18:25:10.288+00:00 | BftProcessorExecutor-QBFT-0 | INFO  | QbftBesuControllerBuilder | Imported #711 / 0 tx / 0 pending / 0 (0.0%) gas / (0x88abd3925cc0e04c7d75c7b84dea3850ee60ec8d5b6feb969a7bb19be2e789e9)
2026-10-07 18:25:12.277+00:00 | EthScheduler-Workers-0 | INFO  | PersistBlockTask | Block 712 (0x14beb7e2165abe33ce0422e9d056b57a55391f16319cb7aa9b6781bc8e750481) is already imported
2026-10-07 18:25:12.277+00:00 | BftProcessorExecutor-QBFT-0 | INFO  | QbftBesuControllerBuilder | Imported #712 / 0 tx / 0 pending / 0 (0.0%) gas / (0x14beb7e2165abe33ce0422e9d056b57a55391f16319cb7aa9b6781bc8e750481)
