[node10] network interface=eth0
[node10] region=us-east applying per-destination WAN shaping from /config/tc.rules
[node10] tc rules applied:
qdisc htb 1: root refcnt 257 r2q 10 default 0x1 direct_packets_stat 0 direct_qlen 1000
qdisc netem 120: parent 1:20 limit 1000 delay 32.5ms  1.6ms loss 0.1%
qdisc netem 122: parent 1:22 limit 1000 delay 110ms  5.5ms loss 0.1%
qdisc netem 113: parent 1:13 limit 1000 delay 110ms  5.5ms loss 0.1%
qdisc netem 111: parent 1:11 limit 1000 delay 32.5ms  1.6ms loss 0.1%
qdisc netem 115: parent 1:15 limit 1000 delay 1ms  99us
qdisc netem 117: parent 1:17 limit 1000 delay 40ms  2ms loss 0.1%
qdisc netem 119: parent 1:19 limit 1000 delay 60ms  3ms loss 0.1%
qdisc netem 121: parent 1:21 limit 1000 delay 40ms  2ms loss 0.1%
qdisc netem 123: parent 1:23 limit 1000 delay 60ms  3ms loss 0.1%
qdisc netem 110: parent 1:10 limit 1000 delay 1ms  99us
qdisc netem 112: parent 1:12 limit 1000 delay 40ms  2ms loss 0.1%
qdisc netem 114: parent 1:14 limit 1000 delay 60ms  3ms loss 0.1%
qdisc netem 118: parent 1:18 limit 1000 delay 110ms  5.5ms loss 0.1%
qdisc netem 116: parent 1:16 limit 1000 delay 32.5ms  1.6ms loss 0.1%
Setting logging level to INFO
2026-10-07 17:19:49.355+00:00 | main | INFO  | Besu | Starting Besu
2026-10-07 17:19:49.799+00:00 | main | WARN  | Besu | --graphql-http-host has been ignored because --graphql-http-enabled was not defined on the command line.
2026-10-07 17:19:49.919+00:00 | main | INFO  | Besu | Connecting to 0 static nodes.
2026-10-07 17:19:49.923+00:00 | main | INFO  | Besu | Forcing price bump for transaction replacement to 0, since min-gas-price is set to 0
2026-10-07 17:19:49.923+00:00 | main | WARN  | Besu | Forcing tx-pool-min-gas-price=0, since it cannot be greater than the value of min-gas-price
2026-10-07 17:19:50.430+00:00 | main | INFO  | Besu | 
####################################################################################################
#                                                                                                  #
# Besu version 24.7.0                                                                              #
#                                                                                                  #
# Configuration:                                                                                   #
# Network: Custom genesis file                                                                     #
# /config/genesis.json                                                                             #
# Network Id: 1337                                                                                 #
# Data storage: Bonsai                                                                             #
# Sync mode: Full                                                                                  #
# RPC HTTP APIs: ETH,QBFT,NET,ADMIN,WEB3                                                           #
# RPC HTTP port: 8545                                                                              #
# Using LAYERED transaction pool implementation                                                    #
# Using STACKED worldstate update mode                                                             #
# Limit trie logs enabled: retention: 512; prune window: 30000                                     #
#                                                                                                  #
# Host:                                                                                            #
# Java: openjdk-java-21                                                                            #
# Maximum heap size: 29.50 GB                                                                      #
# OS: linux-x86_64                                                                                 #
# glibc: 2.39                                                                                      #
# jemalloc: 5.3.0-0-g54eaed1d8b56b1aa528be3bdd1877e59c56fa90c                                      #
# Total memory: 1007.68 GB                                                                         #
# CPU cores: 256                                                                                   #
#                                                                                                  #
# Plugin Registration Summary:                                                                     #
# No plugins have been registered.                                                                 #
# TOTAL = 0 of 0 plugins successfully registered.                                                  #
#                                                                                                  #
####################################################################################################
2026-10-07 17:19:50.434+00:00 | main | INFO  | Besu | Security Module: localfile
2026-10-07 17:19:50.439+00:00 | main | INFO  | VersionMetadata | Lookup version metadata file in data directory: /data
2026-10-07 17:19:50.441+00:00 | main | INFO  | VersionMetadata | No version data detected. Writing Besu version 24.7.0 to metadata file
2026-10-07 17:19:50.580+00:00 | main | INFO  | Besu | Using the native implementation of alt bn128
2026-10-07 17:19:50.661+00:00 | main | INFO  | Besu | Using the native implementation of modexp
2026-10-07 17:19:50.662+00:00 | main | INFO  | Besu | Using the native implementation of the signature algorithm
2026-10-07 17:19:50.670+00:00 | main | INFO  | Besu | Using the native implementation of the blake2bf algorithm
2026-10-07 17:19:50.770+00:00 | main | INFO  | Besu | Forcing price bump for transaction replacement to 0, since min-gas-price is set to 0
2026-10-07 17:19:50.772+00:00 | main | WARN  | Besu | Forcing tx-pool-min-gas-price=0, since it cannot be greater than the value of min-gas-price
2026-10-07 17:19:50.774+00:00 | main | INFO  | KeyPairUtil | Attempting to load public key from /data/key.priv
2026-10-07 17:19:50.798+00:00 | main | INFO  | KeyPairUtil | Loaded public key 0x0582c6c30c0ffcdc1f703d1e32913c22517d0a032285155045808f99e7f2e035f1fb05bf85cbc83b16ec60060e74d0d90e959cd876c9ee69b7e69f202a2b8e79 from /data/key.priv
2026-10-07 17:19:51.020+00:00 | main | INFO  | ProtocolScheduleBuilder | Protocol schedule created with milestones: [Berlin:0]
2026-10-07 17:19:51.026+00:00 | main | INFO  | RocksDBKeyValueStorageFactory | No existing database at /data. Using default metadata for new db versionedStorageFormat=BaseVersionedStorageFormat{format=BONSAI, version=2}
2026-10-07 17:19:51.365+00:00 | main | INFO  | FlatDbStrategyProvider | Bonsai flat db mode found FULL
2026-10-07 17:19:51.370+00:00 | main | INFO  | FlatDbStrategyProvider | Bonsai db mode with code stored using code hash enabled = true
2026-10-07 17:19:51.384+00:00 | main | INFO  | FlatDbStrategyProvider | Bonsai flat db mode found FULL
2026-10-07 17:19:51.386+00:00 | main | INFO  | FlatDbStrategyProvider | Bonsai db mode with code stored using code hash enabled = true
2026-10-07 17:19:51.934+00:00 | main | INFO  | TransactionPoolFactory | Enabling transaction pool
2026-10-07 17:19:51.973+00:00 | main | INFO  | BesuControllerBuilder | TTD difficulty is not present, creating initial sync phase for PoW
2026-10-07 17:19:52.049+00:00 | main | INFO  | TrieLogPruner | Loading first 30000 trie logs from database...
2026-10-07 17:19:52.052+00:00 | main | INFO  | TrieLogPruner | Loaded 1 trie logs from database
2026-10-07 17:19:52.064+00:00 | main | INFO  | RunnerBuilder | Resolved 5 bootnodes.
2026-10-07 17:19:52.073+00:00 | main | INFO  | RunnerBuilder | Detecting NAT service.
2026-10-07 17:19:52.285+00:00 | main | INFO  | Runner | Starting external services ... 
2026-10-07 17:19:52.286+00:00 | main | INFO  | JsonRpcHttpService | Starting JSON-RPC service on 0.0.0.0:8545
2026-10-07 17:19:52.438+00:00 | vert.x-eventloop-thread-1 | INFO  | JsonRpcHttpService | JSON-RPC service started and listening on 0.0.0.0:8545
2026-10-07 17:19:52.441+00:00 | main | INFO  | WebSocketService | Starting Websocket service on 0.0.0.0:8546
2026-10-07 17:19:52.444+00:00 | vert.x-eventloop-thread-1 | INFO  | WebSocketService | Websocket service started and listening on 0.0.0.0:8546
2026-10-07 17:19:52.449+00:00 | main | INFO  | AutoTransactionLogBloomCachingService | Starting auto transaction log bloom caching service.
2026-10-07 17:19:52.450+00:00 | main | INFO  | LogBloomCacheMetadata | Lookup cache metadata file in data directory: /data/caches
2026-10-07 17:19:52.458+00:00 | main | INFO  | Runner | Starting Ethereum main loop ... 
2026-10-07 17:19:52.458+00:00 | main | INFO  | NatService | No NAT environment detected so no service could be started
2026-10-07 17:19:52.458+00:00 | main | INFO  | NetworkRunner | Starting Network.
2026-10-07 17:19:52.472+00:00 | nioEventLoopGroup-2-1 | INFO  | RlpxAgent | P2P RLPx agent started and listening on /[0:0:0:0:0:0:0:0]:30303.
2026-10-07 17:19:52.473+00:00 | main | INFO  | PeerDiscoveryAgent | Starting peer discovery agent on host=0.0.0.0, port=30303. IPv6 available.
2026-10-07 17:19:52.485+00:00 | vert.x-eventloop-thread-1 | INFO  | VertxPeerDiscoveryAgent | Started peer discovery agent successfully, on effective host=0:0:0:0:0:0:0:0%0 and port=30303
2026-10-07 17:19:52.486+00:00 | vert.x-eventloop-thread-1 | INFO  | PeerDiscoveryAgent | P2P peer discovery agent started and listening on /[0:0:0:0:0:0:0:0%0]:30303
2026-10-07 17:19:52.539+00:00 | vert.x-eventloop-thread-1 | INFO  | PeerDiscoveryAgent | Writing node record to disk. NodeRecord{seq=1, publicKey=0x030582c6c30c0ffcdc1f703d1e32913c22517d0a032285155045808f99e7f2e035, udpAddress=Optional[/0.0.0.0:30303], tcpAddress=Optional[/0.0.0.0:30303], asBase64=-Je4QKq8jt-0BFTXNwuQ6dPm_9OXoM9nFgjDYvbyYoPKIxTjSj3v9k3fB_TrlD5uNFPW5EiP9ee3i8OhVoRBtDlrwFABg2V0aMfGhHYwHo-AgmlkgnY0gmlwhAAAAACJc2VjcDI1NmsxoQMFgsbDDA_83B9wPR4ykTwiUX0KAyKFFVBFgI-Z5_LgNYN0Y3CCdl-DdWRwgnZf, nodeId=0x39942ca3a3e4a3a6659502caa71265eca08b0c7a1db634e38c6559eddffa2c1a, customFields={tcp=30303, udp=30303, ip=0x00000000, eth=[[0x76301e8f, 0x]], id=V4, secp256k1=0x030582c6c30c0ffcdc1f703d1e32913c22517d0a032285155045808f99e7f2e035}}
2026-10-07 17:19:52.575+00:00 | main | INFO  | DefaultP2PNetwork | Enode URL enode://0582c6c30c0ffcdc1f703d1e32913c22517d0a032285155045808f99e7f2e035f1fb05bf85cbc83b16ec60060e74d0d90e959cd876c9ee69b7e69f202a2b8e79@0.0.0.0:30303
2026-10-07 17:19:52.576+00:00 | main | INFO  | DefaultP2PNetwork | Node address 0xa71265eca08b0c7a1db634e38c6559eddffa2c1a
2026-10-07 17:19:52.614+00:00 | main | INFO  | NetworkRunner | Supported capabilities: [eth/62, eth/63, eth/64, eth/65, eth/66, eth/67, eth/68], [istanbul/100], [snap/1]
2026-10-07 17:19:52.615+00:00 | main | INFO  | DefaultSynchronizer | Starting synchronizer.
2026-10-07 17:19:52.617+00:00 | main | INFO  | TransactionPoolFactory | Enabling transaction handling following initial sync
2026-10-07 17:19:52.617+00:00 | main | INFO  | QbftBesuControllerBuilder | Starting QBFT mining coordinator following initial sync
2026-10-07 17:19:52.645+00:00 | main | INFO  | FullSyncDownloader | Starting full sync.
2026-10-07 17:19:52.646+00:00 | main | INFO  | FullSyncTargetManager | Unable to find sync target. Currently checking 0 peers for usefulness
2026-10-07 17:19:52.656+00:00 | main | INFO  | Runner | Ethereum main loop is up.
2026-10-07 17:19:52.809+00:00 | nioEventLoopGroup-3-6 | INFO  | FullSyncTargetManager | Unable to find sync target. Currently checking 1 peers for usefulness
2026-10-07 17:19:52.932+00:00 | nioEventLoopGroup-3-4 | INFO  | FullSyncTargetManager | Unable to find sync target. Currently checking 2 peers for usefulness
2026-10-07 17:19:52.998+00:00 | nioEventLoopGroup-3-1 | INFO  | FullSyncTargetManager | Unable to find sync target. Currently checking 3 peers for usefulness
2026-10-07 17:19:53.108+00:00 | nioEventLoopGroup-3-10 | INFO  | FullSyncTargetManager | Unable to find sync target. Currently checking 4 peers for usefulness
2026-10-07 17:19:53.109+00:00 | nioEventLoopGroup-3-2 | INFO  | FullSyncTargetManager | Unable to find sync target. Currently checking 5 peers for usefulness
2026-10-07 17:19:53.345+00:00 | nioEventLoopGroup-3-2 | INFO  | FullSyncTargetManager | Unable to find sync target. Currently checking 6 peers for usefulness
2026-10-07 17:19:53.402+00:00 | nioEventLoopGroup-3-3 | INFO  | FullSyncTargetManager | Unable to find sync target. Currently checking 7 peers for usefulness
2026-10-07 17:19:53.412+00:00 | nioEventLoopGroup-3-5 | INFO  | FullSyncTargetManager | Unable to find sync target. Currently checking 8 peers for usefulness
2026-10-07 17:19:53.568+00:00 | nioEventLoopGroup-3-4 | INFO  | FullSyncTargetManager | Unable to find sync target. Currently checking 9 peers for usefulness
2026-10-07 17:19:54.000+00:00 | nioEventLoopGroup-3-7 | INFO  | FullSyncTargetManager | Unable to find sync target. Currently checking 10 peers for usefulness
2026-10-07 17:19:56.974+00:00 | nioEventLoopGroup-3-2 | INFO  | FullSyncTargetManager | Unable to find sync target. Currently checking 11 peers for usefulness
2026-10-07 17:19:57.218+00:00 | nioEventLoopGroup-3-3 | INFO  | FullSyncTargetManager | Unable to find sync target. Currently checking 12 peers for usefulness
2026-10-07 17:20:00.356+00:00 | BftProcessorExecutor-QBFT-0 | INFO  | QbftRound | Importing proposed block to chain. round=ConsensusRoundIdentifier{Sequence=1, Round=1}, hash=0xcfb953b73fff1730b5841774085a3483b6f9af9fc39ca3186e97d0303602941c
2026-10-07 17:20:00.382+00:00 | BftProcessorExecutor-QBFT-0 | INFO  | QbftBesuControllerBuilder | Imported #1 / 0 tx / 0 pending / 0 (0.0%) gas / (0xcfb953b73fff1730b5841774085a3483b6f9af9fc39ca3186e97d0303602941c)
2026-10-07 17:20:00.480+00:00 | nioEventLoopGroup-3-5 | INFO  | FullSyncTargetManager | Unable to find sync target. Currently checking 13 peers for usefulness
2026-10-07 17:20:02.364+00:00 | BftProcessorExecutor-QBFT-0 | INFO  | QbftBesuControllerBuilder | Imported #2 / 0 tx / 0 pending / 0 (0.0%) gas / (0x841df2ccd7fa029bb677c4de3b96db520ddc6c1468948d901314d59252bf8a33)
2026-10-07 17:20:04.324+00:00 | BftProcessorExecutor-QBFT-0 | INFO  | QbftBesuControllerBuilder | Imported #3 / 0 tx / 0 pending / 0 (0.0%) gas / (0xe59c57728e6b80a44b16c63754ec797c2354aa5a9828d92efbce8bc349678d54)
2026-10-07 17:20:06.298+00:00 | BftProcessorExecutor-QBFT-0 | INFO  | QbftBesuControllerBuilder | Imported #4 / 0 tx / 0 pending / 0 (0.0%) gas / (0xa0187200e7291cb7000bd590a48b812cde0580442f854a7d0ffda50a4344a8a4)
2026-10-07 17:20:08.296+00:00 | BftProcessorExecutor-QBFT-0 | INFO  | QbftBesuControllerBuilder | Imported #5 / 0 tx / 1 pending / 0 (0.0%) gas / (0x1108867cd42e8f4dbfa4e7082345fcf90304a1190d14262015c649270fbc8b43)
2026-10-07 17:20:10.316+00:00 | BftProcessorExecutor-QBFT-0 | INFO  | QbftBesuControllerBuilder | Imported #6 / 0 tx / 1 pending / 0 (0.0%) gas / (0x460c378a01150da2eb5ac5fef6786c8e31a86baffc30efe7129b009137d86ab2)
2026-10-07 17:20:12.286+00:00 | BftProcessorExecutor-QBFT-0 | INFO  | QbftBesuControllerBuilder | Imported #7 / 0 tx / 1 pending / 0 (0.0%) gas / (0x43861a652f79e67288902e28fd8ec533ad9d954b3b6cf8545340565243044d2b)
2026-10-07 17:20:14.384+00:00 | BftProcessorExecutor-QBFT-0 | INFO  | QbftBesuControllerBuilder | Imported #8 / 0 tx / 1 pending / 0 (0.0%) gas / (0xe7e2c7f7a4eafe817d4ad46cb947f5e41b4fb93162b08bc0b5ba5e4bef2b1251)
2026-10-07 17:20:14.387+00:00 | EthScheduler-Workers-0 | INFO  | PersistBlockTask | Block 8 (0xe7e2c7f7a4eafe817d4ad46cb947f5e41b4fb93162b08bc0b5ba5e4bef2b1251) is already imported
2026-10-07 17:20:16.332+00:00 | BftProcessorExecutor-QBFT-0 | INFO  | QbftBesuControllerBuilder | Imported #9 / 0 tx / 1 pending / 0 (0.0%) gas / (0x58e6a3f20d1df068ffe80f39d010f0201d57825fbdf8a517230fec7d7258a755)
2026-10-07 17:20:18.251+00:00 | BftProcessorExecutor-QBFT-0 | INFO  | QbftBesuControllerBuilder | Produced #10 / 0 tx / 1 pending / 0 (0.0%) gas / (0xd01543c580c5c13a22388afad72a954498e58c4111676e2db803b6a88eb868d3)
2026-10-07 17:20:20.341+00:00 | BftProcessorExecutor-QBFT-0 | INFO  | QbftBesuControllerBuilder | Imported #11 / 0 tx / 1 pending / 0 (0.0%) gas / (0x806ca2cbd8dfe90232e2f7cae3cd7dbf8964c756fc0fd195bf57175a43d2978d)
2026-10-07 17:20:22.346+00:00 | EthScheduler-Workers-0 | INFO  | PersistBlockTask | Block 12 (0xac5b00966b80fcde8413671ddfd9b7130c823882ca670b4f35e2b711d9e1f7fa) is already imported
2026-10-07 17:20:22.347+00:00 | BftProcessorExecutor-QBFT-0 | INFO  | QbftBesuControllerBuilder | Imported #12 / 0 tx / 1 pending / 0 (0.0%) gas / (0xac5b00966b80fcde8413671ddfd9b7130c823882ca670b4f35e2b711d9e1f7fa)
2026-10-07 17:20:24.315+00:00 | BftProcessorExecutor-QBFT-0 | INFO  | QbftBesuControllerBuilder | Imported #13 / 0 tx / 1 pending / 0 (0.0%) gas / (0x2a081658c7d253ce484ed461f87d472654cf0e1cbbbd8248bb40009e82e03f15)
2026-10-07 17:20:26.343+00:00 | BftProcessorExecutor-QBFT-0 | INFO  | QbftBesuControllerBuilder | Imported #14 / 0 tx / 1 pending / 0 (0.0%) gas / (0x6857c63814af6ecfb41bf40001b055d935713f41e8d6b5bf2e4cebce6aab8fef)
2026-10-07 17:20:28.366+00:00 | BftProcessorExecutor-QBFT-0 | INFO  | QbftBesuControllerBuilder | Imported #15 / 1 tx / 0 pending / 465,218 (0.0%) gas / (0x9e5c48dc2a180d546cce48e4cca56bdcedccd8552f73c89cfbb46c68408d0262)
2026-10-07 17:20:30.265+00:00 | BftProcessorExecutor-QBFT-0 | INFO  | QbftBesuControllerBuilder | Imported #16 / 0 tx / 1 pending / 0 (0.0%) gas / (0x4c009134493c86117abdf4e31e5620649cd36cd2c40ccd2831fc69be8d3083fe)
2026-10-07 17:20:32.239+00:00 | BftProcessorExecutor-QBFT-0 | INFO  | QbftBesuControllerBuilder | Imported #17 / 0 tx / 1 pending / 0 (0.0%) gas / (0xdb445e61ac591a8354035372d6159e5bbebbc75325b827e3cfd79c605b11356b)
2026-10-07 17:20:34.327+00:00 | BftProcessorExecutor-QBFT-0 | INFO  | QbftBesuControllerBuilder | Imported #18 / 0 tx / 1 pending / 0 (0.0%) gas / (0x8019eba51c97e4f8cfcf49ba57b02e83674715e29851a864047fc8223bef3f26)
2026-10-07 17:20:36.274+00:00 | BftProcessorExecutor-QBFT-0 | INFO  | QbftBesuControllerBuilder | Imported #19 / 0 tx / 1 pending / 0 (0.0%) gas / (0xaaad175e5ece0a3bce25afb682dc6bb02e38cb556dab44291d96bd4bafdf92be)
2026-10-07 17:20:36.274+00:00 | EthScheduler-Workers-0 | INFO  | PersistBlockTask | Block 19 (0xaaad175e5ece0a3bce25afb682dc6bb02e38cb556dab44291d96bd4bafdf92be) is already imported
2026-10-07 17:20:38.232+00:00 | BftProcessorExecutor-QBFT-0 | INFO  | QbftBesuControllerBuilder | Imported #20 / 0 tx / 1 pending / 0 (0.0%) gas / (0xb2cc3a3046950603b3d3e6f5c6f5f2b7065c63af3ba7036972eb839c55ef4168)
2026-10-07 17:20:40.256+00:00 | EthScheduler-Workers-0 | INFO  | PersistBlockTask | Block 21 (0x4ff8f208834110062ad733a12802f07e10c44f3dccff8e835a45b3294c20dd47) is already imported
2026-10-07 17:20:40.257+00:00 | BftProcessorExecutor-QBFT-0 | INFO  | QbftBesuControllerBuilder | Imported #21 / 0 tx / 1 pending / 0 (0.0%) gas / (0x4ff8f208834110062ad733a12802f07e10c44f3dccff8e835a45b3294c20dd47)
2026-10-07 17:20:42.239+00:00 | BftProcessorExecutor-QBFT-0 | INFO  | QbftBesuControllerBuilder | Imported #22 / 0 tx / 1 pending / 0 (0.0%) gas / (0xbf5d638abbbde63cc13d02a2d05af2e2bdfc988595b844597effe16f63212700)
2026-10-07 17:20:44.359+00:00 | EthScheduler-Workers-0 | INFO  | PersistBlockTask | Block 23 (0x6c84d8d0066e89b1ac1cb53b4a2494013ed4075c171fcee0f37b7fee29f4d306) is already imported
2026-10-07 17:20:44.360+00:00 | BftProcessorExecutor-QBFT-0 | INFO  | QbftBesuControllerBuilder | Imported #23 / 0 tx / 1 pending / 0 (0.0%) gas / (0x6c84d8d0066e89b1ac1cb53b4a2494013ed4075c171fcee0f37b7fee29f4d306)
2026-10-07 17:20:46.271+00:00 | BftProcessorExecutor-QBFT-0 | INFO  | QbftBesuControllerBuilder | Imported #24 / 0 tx / 1 pending / 0 (0.0%) gas / (0x9482878d3ac5a234d6c1f31c8e1a5d99d9782ab8395eeadafa3935607b5a404b)
2026-10-07 17:20:48.215+00:00 | BftProcessorExecutor-QBFT-0 | INFO  | QbftBesuControllerBuilder | Produced #25 / 0 tx / 1 pending / 0 (0.0%) gas / (0x9bc1f72c2d1830a51abe587b637b1a27fd9d8e6f86000397e021ce6ead36c6c6)
2026-10-07 17:20:50.244+00:00 | BftProcessorExecutor-QBFT-0 | INFO  | QbftBesuControllerBuilder | Imported #26 / 0 tx / 1 pending / 0 (0.0%) gas / (0x6594a8c00b688c1453e62a93532ce2ed738502eeb986779fe32072940b19ab79)
2026-10-07 17:20:52.257+00:00 | EthScheduler-Workers-0 | INFO  | PersistBlockTask | Block 27 (0x88cf2aeb751b0296f38703a222ac310925bfb3f0ee0d3235c937957d6494999f) is already imported
2026-10-07 17:20:52.258+00:00 | BftProcessorExecutor-QBFT-0 | INFO  | QbftBesuControllerBuilder | Imported #27 / 0 tx / 1 pending / 0 (0.0%) gas / (0x88cf2aeb751b0296f38703a222ac310925bfb3f0ee0d3235c937957d6494999f)
2026-10-07 17:20:54.258+00:00 | BftProcessorExecutor-QBFT-0 | INFO  | QbftBesuControllerBuilder | Imported #28 / 0 tx / 1 pending / 0 (0.0%) gas / (0xe083d20aab09239a1a609c396b6f7ad519ce1775d2bd4e7ea831233e90a1073e)
2026-10-07 17:20:56.294+00:00 | EthScheduler-Workers-0 | INFO  | PersistBlockTask | Block 29 (0x9441a4c133940ddb1da91870871877529941376f3f5bc246ff897db2cfaad1c7) is already imported
2026-10-07 17:20:56.294+00:00 | BftProcessorExecutor-QBFT-0 | INFO  | QbftBesuControllerBuilder | Imported #29 / 0 tx / 1 pending / 0 (0.0%) gas / (0x9441a4c133940ddb1da91870871877529941376f3f5bc246ff897db2cfaad1c7)
2026-10-07 17:20:58.298+00:00 | BftProcessorExecutor-QBFT-0 | INFO  | QbftBesuControllerBuilder | Imported #30 / 1 tx / 0 pending / 1,832,981 (0.0%) gas / (0x3eb780ff01099bb8c62ae1ea7358317a7128047be17a8fe3e1806cb0746e2722)
2026-10-07 17:20:58.298+00:00 | EthScheduler-Workers-0 | INFO  | PersistBlockTask | Block 30 (0x3eb780ff01099bb8c62ae1ea7358317a7128047be17a8fe3e1806cb0746e2722) is already imported
2026-10-07 17:21:00.288+00:00 | EthScheduler-Workers-0 | INFO  | PersistBlockTask | Block 31 (0x47f5e08a9127fa103a4a4a7eeb15186b3a85d576ba9384fa1fa3d7a1478d107f) is already imported
2026-10-07 17:21:00.289+00:00 | BftProcessorExecutor-QBFT-0 | INFO  | QbftBesuControllerBuilder | Imported #31 / 0 tx / 0 pending / 0 (0.0%) gas / (0x47f5e08a9127fa103a4a4a7eeb15186b3a85d576ba9384fa1fa3d7a1478d107f)
2026-10-07 17:21:02.252+00:00 | EthScheduler-Workers-0 | INFO  | PersistBlockTask | Block 32 (0xf78bc79709c50ffd089d552bd005fd5b05a23cda0d4e56e4e8025cd0eb1503be) is already imported
2026-10-07 17:21:02.253+00:00 | BftProcessorExecutor-QBFT-0 | INFO  | QbftBesuControllerBuilder | Imported #32 / 0 tx / 0 pending / 0 (0.0%) gas / (0xf78bc79709c50ffd089d552bd005fd5b05a23cda0d4e56e4e8025cd0eb1503be)
2026-10-07 17:21:04.270+00:00 | BftProcessorExecutor-QBFT-0 | INFO  | QbftBesuControllerBuilder | Imported #33 / 0 tx / 0 pending / 0 (0.0%) gas / (0x43e0e5bb820d0686b5325889d9e9b34a48305f344484a5b379532a5209daa939)
2026-10-07 17:21:06.265+00:00 | BftProcessorExecutor-QBFT-0 | INFO  | QbftBesuControllerBuilder | Imported #34 / 0 tx / 0 pending / 0 (0.0%) gas / (0xb3be9f018eeebdf5ff6a64d1ac7ff6205dcbe2963d51ca59c6c53c6c97e559a0)
2026-10-07 17:21:08.226+00:00 | BftProcessorExecutor-QBFT-0 | INFO  | QbftBesuControllerBuilder | Imported #35 / 0 tx / 0 pending / 0 (0.0%) gas / (0x1ee6e796696ce884a1c403b1687e12a94015290f839a71059f7d6d129e17c742)
2026-10-07 17:21:08.227+00:00 | EthScheduler-Workers-0 | INFO  | PersistBlockTask | Block 35 (0x1ee6e796696ce884a1c403b1687e12a94015290f839a71059f7d6d129e17c742) is already imported
2026-10-07 17:21:10.293+00:00 | BftProcessorExecutor-QBFT-0 | INFO  | QbftBesuControllerBuilder | Imported #36 / 0 tx / 0 pending / 0 (0.0%) gas / (0xb278a79638da4c565013844a9912abf11af52e31da270190222f2312d832d3f5)
2026-10-07 17:21:10.293+00:00 | EthScheduler-Workers-0 | INFO  | PersistBlockTask | Block 36 (0xb278a79638da4c565013844a9912abf11af52e31da270190222f2312d832d3f5) is already imported
2026-10-07 17:21:12.226+00:00 | BftProcessorExecutor-QBFT-0 | INFO  | QbftBesuControllerBuilder | Imported #37 / 0 tx / 0 pending / 0 (0.0%) gas / (0x0df231853de598f4c15ca057bf0019d5c7656040b2b6addc67cb4fbd9fad6306)
2026-10-07 17:21:14.346+00:00 | EthScheduler-Workers-0 | INFO  | PersistBlockTask | Block 38 (0x9d7649b34eab2b0dc0e451fdc984c0fbd5eef3f4322793ede5e81946516525cd) is already imported
2026-10-07 17:21:14.348+00:00 | BftProcessorExecutor-QBFT-0 | INFO  | QbftBesuControllerBuilder | Imported #38 / 0 tx / 0 pending / 0 (0.0%) gas / (0x9d7649b34eab2b0dc0e451fdc984c0fbd5eef3f4322793ede5e81946516525cd)
2026-10-07 17:21:16.285+00:00 | BftProcessorExecutor-QBFT-0 | INFO  | QbftBesuControllerBuilder | Imported #39 / 0 tx / 0 pending / 0 (0.0%) gas / (0x0b4d60d1df9cfce3e3e41fbbd4e485f1d118eff123278f0dd7a08f18466c16b8)
2026-10-07 17:21:16.286+00:00 | EthScheduler-Workers-0 | INFO  | PersistBlockTask | Block 39 (0x0b4d60d1df9cfce3e3e41fbbd4e485f1d118eff123278f0dd7a08f18466c16b8) is already imported
2026-10-07 17:21:18.230+00:00 | BftProcessorExecutor-QBFT-0 | INFO  | QbftBesuControllerBuilder | Produced #40 / 0 tx / 0 pending / 0 (0.0%) gas / (0x02857bfbf1411a96878944b2a5671bf1b253e0737bd9263a8bb60f8b45e1fb6e)
2026-10-07 17:21:20.254+00:00 | EthScheduler-Workers-0 | INFO  | PersistBlockTask | Block 41 (0xe9b915cfe0e8712e7ff73580595b408734f8b0d63728176c0d84575c3f845f9f) is already imported
2026-10-07 17:21:20.255+00:00 | BftProcessorExecutor-QBFT-0 | INFO  | QbftBesuControllerBuilder | Imported #41 / 0 tx / 0 pending / 0 (0.0%) gas / (0xe9b915cfe0e8712e7ff73580595b408734f8b0d63728176c0d84575c3f845f9f)
2026-10-07 17:21:22.239+00:00 | BftProcessorExecutor-QBFT-0 | INFO  | QbftBesuControllerBuilder | Imported #42 / 0 tx / 0 pending / 0 (0.0%) gas / (0x3a65bf967532534a03b9877063271e01cca755216e54f7914ca2f4e4d7776041)
2026-10-07 17:21:24.271+00:00 | EthScheduler-Workers-0 | INFO  | PersistBlockTask | Block 43 (0xff99463458a1d6dbc0f1a52fee5a7788cdef9b3a99ae2ab7479392b94dd07638) is already imported
2026-10-07 17:21:24.272+00:00 | BftProcessorExecutor-QBFT-0 | INFO  | QbftBesuControllerBuilder | Imported #43 / 0 tx / 0 pending / 0 (0.0%) gas / (0xff99463458a1d6dbc0f1a52fee5a7788cdef9b3a99ae2ab7479392b94dd07638)
2026-10-07 17:21:26.257+00:00 | BftProcessorExecutor-QBFT-0 | INFO  | QbftBesuControllerBuilder | Imported #44 / 0 tx / 0 pending / 0 (0.0%) gas / (0x00a9ecbf34fca8a7949594fa63b408a04416a21e811e1c1dd77bc511f843fdb3)
2026-10-07 17:21:28.228+00:00 | BftProcessorExecutor-QBFT-0 | INFO  | QbftBesuControllerBuilder | Imported #45 / 0 tx / 0 pending / 0 (0.0%) gas / (0x9b09fd062b12ec58675dc730c4f82565dff3df434fc358b2566afe64f6ff00e1)
2026-10-07 17:21:28.229+00:00 | EthScheduler-Workers-0 | INFO  | PersistBlockTask | Block 45 (0x9b09fd062b12ec58675dc730c4f82565dff3df434fc358b2566afe64f6ff00e1) is already imported
2026-10-07 17:21:30.251+00:00 | BftProcessorExecutor-QBFT-0 | INFO  | QbftBesuControllerBuilder | Imported #46 / 0 tx / 0 pending / 0 (0.0%) gas / (0xf215eb125e300e7d721d9c19601e260d9323b30bea2228492126690e45760a48)
2026-10-07 17:21:32.256+00:00 | EthScheduler-Workers-0 | INFO  | PersistBlockTask | Block 47 (0x86e76188d3d0e72ecce403fb2e74338980c2ebc434625795201a0022e660a9b0) is already imported
2026-10-07 17:21:32.256+00:00 | BftProcessorExecutor-QBFT-0 | INFO  | QbftBesuControllerBuilder | Imported #47 / 0 tx / 0 pending / 0 (0.0%) gas / (0x86e76188d3d0e72ecce403fb2e74338980c2ebc434625795201a0022e660a9b0)
2026-10-07 17:21:34.326+00:00 | BftProcessorExecutor-QBFT-0 | INFO  | QbftBesuControllerBuilder | Imported #48 / 0 tx / 0 pending / 0 (0.0%) gas / (0x0e91e3ec9ecd3ab433dcdbdffdbec99987c64eb5d3f5d95f1fbd656b0e97a0c6)
2026-10-07 17:21:36.262+00:00 | BftProcessorExecutor-QBFT-0 | INFO  | QbftBesuControllerBuilder | Imported #49 / 0 tx / 0 pending / 0 (0.0%) gas / (0x32b6584bc664e3c3e9b1751bbdca0c03434e721fb400a101136d0d3479d4c50c)
2026-10-07 17:21:38.238+00:00 | BftProcessorExecutor-QBFT-0 | INFO  | QbftBesuControllerBuilder | Imported #50 / 0 tx / 0 pending / 0 (0.0%) gas / (0x8fe87dc4ef7350c17c1a66751a974d6d9588e8fc1ab032e07661dce1a66000ef)
2026-10-07 17:21:40.264+00:00 | EthScheduler-Workers-0 | INFO  | PersistBlockTask | Block 51 (0x8d483bee4c5fd125972c94eb080358195b318a89579b4190a88a011a117b146a) is already imported
2026-10-07 17:21:40.264+00:00 | BftProcessorExecutor-QBFT-0 | INFO  | QbftBesuControllerBuilder | Imported #51 / 0 tx / 0 pending / 0 (0.0%) gas / (0x8d483bee4c5fd125972c94eb080358195b318a89579b4190a88a011a117b146a)
2026-10-07 17:21:42.244+00:00 | EthScheduler-Workers-0 | INFO  | PersistBlockTask | Block 52 (0x358460aa0ccb74054d288e361fa2c555d952df55c710a082242719c565da252b) is already imported
2026-10-07 17:21:42.245+00:00 | BftProcessorExecutor-QBFT-0 | INFO  | QbftBesuControllerBuilder | Imported #52 / 0 tx / 0 pending / 0 (0.0%) gas / (0x358460aa0ccb74054d288e361fa2c555d952df55c710a082242719c565da252b)
2026-10-07 17:21:44.336+00:00 | BftProcessorExecutor-QBFT-0 | INFO  | QbftBesuControllerBuilder | Imported #53 / 2 tx / 101 pending / 483,940 (0.0%) gas / (0x04f06997baaba68bb247a9ec4be83a9301171ae49bf62098415fa0644a052d0d)
2026-10-07 17:21:47.314+00:00 | BftProcessorExecutor-QBFT-0 | INFO  | QbftBesuControllerBuilder | Imported #54 / 50 tx / 1172 pending / 12,098,500 (0.0%) gas / (0x2711a3eac26f61a01ebd692d410e8781142a85585ff6ef5d7655cac4abcc8513)
2026-10-07 17:21:50.058+00:00 | BftProcessorExecutor-QBFT-0 | INFO  | QbftBesuControllerBuilder | Produced #55 / 100 tx / 2071 pending / 24,197,000 (0.0%) gas / (0x4c07ee3e60f5e18e55e9f71d09581ab2054a4ea12315da465e4611b572dadda2)
2026-10-07 17:21:52.784+00:00 | EthScheduler-Workers-0 | INFO  | PersistBlockTask | Block 56 (0xec44961c219d5f71321e0ef04931e51a508071c5c340420f104c993b99853f3b) is already imported
2026-10-07 17:21:52.789+00:00 | BftProcessorExecutor-QBFT-0 | INFO  | QbftBesuControllerBuilder | Imported #56 / 151 tx / 2840 pending / 36,537,470 (0.0%) gas / (0xec44961c219d5f71321e0ef04931e51a508071c5c340420f104c993b99853f3b)
2026-10-07 17:21:56.287+00:00 | EthScheduler-Workers-0 | INFO  | PersistBlockTask | Block 57 (0xfb52a5ab62f49f8308530bfa5ea4efb32fce0379b6dfa735146923e977626b82) is already imported
2026-10-07 17:21:56.292+00:00 | BftProcessorExecutor-QBFT-0 | INFO  | QbftBesuControllerBuilder | Imported #57 / 210 tx / 3841 pending / 50,813,700 (0.0%) gas / (0xfb52a5ab62f49f8308530bfa5ea4efb32fce0379b6dfa735146923e977626b82)
2026-10-07 17:22:00.671+00:00 | EthScheduler-Workers-0 | INFO  | PersistBlockTask | Block 58 (0xde05d82621ab7b889106253495a6f5366cf56b3304d7c9c3fc75cfe91c54b433) is already imported
2026-10-07 17:22:00.677+00:00 | BftProcessorExecutor-QBFT-0 | INFO  | QbftBesuControllerBuilder | Imported #58 / 289 tx / 5083 pending / 69,929,330 (0.0%) gas / (0xde05d82621ab7b889106253495a6f5366cf56b3304d7c9c3fc75cfe91c54b433)
2026-10-07 17:22:05.722+00:00 | EthScheduler-Workers-0 | INFO  | PersistBlockTask | Block 59 (0x2f02cda28d2687f4c82233c90a5e7acb0f56a05187d35f6e278dd37c5937c600) is already imported
2026-10-07 17:22:05.733+00:00 | BftProcessorExecutor-QBFT-0 | INFO  | QbftBesuControllerBuilder | Imported #59 / 309 tx / 6535 pending / 74,768,730 (0.0%) gas / (0x2f02cda28d2687f4c82233c90a5e7acb0f56a05187d35f6e278dd37c5937c600)
2026-10-07 17:22:10.407+00:00 | EthScheduler-Workers-0 | INFO  | PersistBlockTask | Block 60 (0x03dbb3fb738dc5a283c8d46b8ef628c237ca6180fe9af6d269a1f4a786f46f75) is already imported
2026-10-07 17:22:10.412+00:00 | BftProcessorExecutor-QBFT-0 | INFO  | QbftBesuControllerBuilder | Imported #60 / 329 tx / 6752 pending / 79,608,130 (0.0%) gas / (0x03dbb3fb738dc5a283c8d46b8ef628c237ca6180fe9af6d269a1f4a786f46f75)
2026-10-07 17:22:15.485+00:00 | EthScheduler-Workers-0 | INFO  | PersistBlockTask | Block 61 (0x3a034b3e9ede891014028f37c2fcd84eb30ad857d84e1c6890736653d1419e89) is already imported
2026-10-07 17:22:15.491+00:00 | BftProcessorExecutor-QBFT-0 | INFO  | QbftBesuControllerBuilder | Imported #61 / 330 tx / 6422 pending / 79,850,100 (0.0%) gas / (0x3a034b3e9ede891014028f37c2fcd84eb30ad857d84e1c6890736653d1419e89)
2026-10-07 17:22:20.369+00:00 | EthScheduler-Workers-0 | INFO  | PersistBlockTask | Block 62 (0xe557ac5ec7628a406d9aef621fe3d9d98c6b4f00c74bd67f4d01f2f4a776fe4b) is already imported
2026-10-07 17:22:20.375+00:00 | BftProcessorExecutor-QBFT-0 | INFO  | QbftBesuControllerBuilder | Imported #62 / 323 tx / 6099 pending / 78,156,310 (0.0%) gas / (0xe557ac5ec7628a406d9aef621fe3d9d98c6b4f00c74bd67f4d01f2f4a776fe4b)
2026-10-07 17:22:25.467+00:00 | EthScheduler-Workers-0 | INFO  | PersistBlockTask | Block 63 (0x0c07317ffae720a998c02263d3f7cdb359c799e4eb2042db9190ba236e3ff5b7) is already imported
2026-10-07 17:22:25.474+00:00 | BftProcessorExecutor-QBFT-0 | INFO  | QbftBesuControllerBuilder | Imported #63 / 329 tx / 5770 pending / 79,608,130 (0.0%) gas / (0x0c07317ffae720a998c02263d3f7cdb359c799e4eb2042db9190ba236e3ff5b7)
2026-10-07 17:22:30.155+00:00 | EthScheduler-Workers-0 | INFO  | PersistBlockTask | Block 64 (0xb41b9c08bb54048500664e3fbc6cc812050528158c4df13a11d7305d13769552) is already imported
2026-10-07 17:22:30.161+00:00 | BftProcessorExecutor-QBFT-0 | INFO  | QbftBesuControllerBuilder | Imported #64 / 297 tx / 5473 pending / 71,865,090 (0.0%) gas / (0xb41b9c08bb54048500664e3fbc6cc812050528158c4df13a11d7305d13769552)
2026-10-07 17:22:35.027+00:00 | EthScheduler-Workers-0 | INFO  | PersistBlockTask | Block 65 (0x3730e706d940dc9a15569c016d0442e9552084bd0edd07edf45c283f9cd6d3ae) is already imported
2026-10-07 17:22:35.032+00:00 | BftProcessorExecutor-QBFT-0 | INFO  | QbftBesuControllerBuilder | Imported #65 / 328 tx / 5145 pending / 79,366,160 (0.0%) gas / (0x3730e706d940dc9a15569c016d0442e9552084bd0edd07edf45c283f9cd6d3ae)
2026-10-07 17:22:39.998+00:00 | EthScheduler-Workers-0 | INFO  | PersistBlockTask | Block 66 (0x8cea84b84381488cc10d99f7f05647a376f2b91fd3121ea55c971e7ab720357d) is already imported
2026-10-07 17:22:40.003+00:00 | BftProcessorExecutor-QBFT-0 | INFO  | QbftBesuControllerBuilder | Imported #66 / 331 tx / 4814 pending / 80,092,070 (0.0%) gas / (0x8cea84b84381488cc10d99f7f05647a376f2b91fd3121ea55c971e7ab720357d)
2026-10-07 17:22:44.976+00:00 | EthScheduler-Workers-0 | INFO  | PersistBlockTask | Block 67 (0x4152420d9d93366171279b085f8db4d7b49df85cfde9a12d160f55c05042142e) is already imported
2026-10-07 17:22:44.980+00:00 | BftProcessorExecutor-QBFT-0 | INFO  | QbftBesuControllerBuilder | Imported #67 / 337 tx / 4477 pending / 81,543,890 (0.0%) gas / (0x4152420d9d93366171279b085f8db4d7b49df85cfde9a12d160f55c05042142e)
2026-10-07 17:22:50.117+00:00 | BftProcessorExecutor-QBFT-0 | INFO  | QbftBesuControllerBuilder | Imported #68 / 313 tx / 4164 pending / 75,736,610 (0.0%) gas / (0x6e5e79eed07383304eabc331d95c3d47ff5b41ddfb6098e6e9182f3825092953)
2026-10-07 17:22:55.066+00:00 | BftProcessorExecutor-QBFT-0 | INFO  | QbftBesuControllerBuilder | Imported #69 / 332 tx / 3832 pending / 80,334,040 (0.0%) gas / (0x9fc868719c4c3f415a19cdc3237d961b4c83f18baf85a35aef68339f34c7d433)
2026-10-07 17:22:56.580+00:00 | BftProcessorExecutor-QBFT-0 | WARN  | BlockTransactionSelector | Interrupting the selection of transactions for block inclusion as it exceeds the maximum configured duration of 1500ms
java.util.concurrent.TimeoutException
	at java.base/java.util.concurrent.CompletableFuture.timedGet(CompletableFuture.java:1960)
	at java.base/java.util.concurrent.CompletableFuture.get(CompletableFuture.java:2095)
	at org.hyperledger.besu.ethereum.blockcreation.txselection.BlockTransactionSelector.timeLimitedSelection(BlockTransactionSelector.java:186)
	at org.hyperledger.besu.ethereum.blockcreation.txselection.BlockTransactionSelector.buildTransactionListForBlock(BlockTransactionSelector.java:169)
	at org.hyperledger.besu.ethereum.blockcreation.AbstractBlockCreator.selectTransactions(AbstractBlockCreator.java:376)
	at org.hyperledger.besu.ethereum.blockcreation.AbstractBlockCreator.createBlock(AbstractBlockCreator.java:218)
	at org.hyperledger.besu.ethereum.blockcreation.AbstractBlockCreator.createBlock(AbstractBlockCreator.java:146)
	at org.hyperledger.besu.consensus.common.bft.blockcreation.BftBlockCreator.createBlock(BftBlockCreator.java:92)
	at org.hyperledger.besu.consensus.qbft.statemachine.QbftRound.createAndSendProposalMessage(QbftRound.java:137)
	at org.hyperledger.besu.consensus.qbft.statemachine.QbftBlockHeightManager.handleBlockTimerExpiry(QbftBlockHeightManager.java:140)
	at org.hyperledger.besu.consensus.common.bft.statemachine.BaseBftController.handleBlockTimerExpiry(BaseBftController.java:167)
	at org.hyperledger.besu.consensus.common.bft.EventMultiplexer.handleBftEvent(EventMultiplexer.java:65)
	at java.base/java.util.Optional.ifPresent(Optional.java:178)
	at org.hyperledger.besu.consensus.common.bft.BftProcessor.run(BftProcessor.java:65)
	at java.base/java.util.concurrent.ThreadPoolExecutor.runWorker(ThreadPoolExecutor.java:1144)
	at java.base/java.util.concurrent.ThreadPoolExecutor$Worker.run(ThreadPoolExecutor.java:642)
	at java.base/java.lang.Thread.run(Thread.java:1583)
2026-10-07 17:22:59.977+00:00 | EthScheduler-Workers-0 | INFO  | PersistBlockTask | Block 70 (0x19a3bc966d1804f67ccda4affacb61572fac3e7a00588964ecaa8e3a3e96deac) is already imported
2026-10-07 17:22:59.980+00:00 | BftProcessorExecutor-QBFT-0 | INFO  | QbftBesuControllerBuilder | Produced #70 / 333 tx / 3499 pending / 80,576,010 (0.0%) gas / (0x19a3bc966d1804f67ccda4affacb61572fac3e7a00588964ecaa8e3a3e96deac)
2026-10-07 17:23:05.096+00:00 | EthScheduler-Workers-0 | INFO  | PersistBlockTask | Block 71 (0xc0e1d35d87fa37b47fa4d5bae5198e4f9a3bb61adb4d013a1ebee29916c08653) is already imported
2026-10-07 17:23:05.100+00:00 | BftProcessorExecutor-QBFT-0 | INFO  | QbftBesuControllerBuilder | Imported #71 / 342 tx / 3157 pending / 82,753,740 (0.0%) gas / (0xc0e1d35d87fa37b47fa4d5bae5198e4f9a3bb61adb4d013a1ebee29916c08653)
2026-10-07 17:23:10.094+00:00 | EthScheduler-Workers-0 | INFO  | PersistBlockTask | Block 72 (0xd7a5a9eab747d7f6bf95c38eff3f7107be96812abd43e5fb9a9270149c3b1011) is already imported
2026-10-07 17:23:10.098+00:00 | BftProcessorExecutor-QBFT-0 | INFO  | QbftBesuControllerBuilder | Imported #72 / 334 tx / 2823 pending / 80,817,980 (0.0%) gas / (0xd7a5a9eab747d7f6bf95c38eff3f7107be96812abd43e5fb9a9270149c3b1011)
2026-10-07 17:23:14.239+00:00 | EthScheduler-Workers-0 | INFO  | PersistBlockTask | Block 73 (0x6c1e468dfa428cf37c83cfe87d685c0bdb48772e028ba32e3fa33505bb253fe5) is already imported
2026-10-07 17:23:14.241+00:00 | BftProcessorExecutor-QBFT-0 | INFO  | QbftBesuControllerBuilder | Imported #73 / 255 tx / 2568 pending / 61,702,350 (0.0%) gas / (0x6c1e468dfa428cf37c83cfe87d685c0bdb48772e028ba32e3fa33505bb253fe5)
2026-10-07 17:23:18.036+00:00 | EthScheduler-Workers-0 | INFO  | PersistBlockTask | Block 74 (0x6efdba6e7248acb9c30950e62a88554ee0ba63627ba3fce67e90fb302f48c071) is already imported
2026-10-07 17:23:18.039+00:00 | BftProcessorExecutor-QBFT-0 | INFO  | QbftBesuControllerBuilder | Imported #74 / 235 tx / 2333 pending / 56,862,950 (0.0%) gas / (0x6efdba6e7248acb9c30950e62a88554ee0ba63627ba3fce67e90fb302f48c071)
2026-10-07 17:23:21.369+00:00 | EthScheduler-Workers-0 | INFO  | PersistBlockTask | Block 75 (0x352382f07ee08367595b362dc301709e503fa21ffc22dc2dc2176ad62a0794c7) is already imported
2026-10-07 17:23:21.372+00:00 | BftProcessorExecutor-QBFT-0 | INFO  | QbftBesuControllerBuilder | Imported #75 / 220 tx / 2113 pending / 53,233,400 (0.0%) gas / (0x352382f07ee08367595b362dc301709e503fa21ffc22dc2dc2176ad62a0794c7)
2026-10-07 17:23:24.851+00:00 | EthScheduler-Workers-0 | INFO  | PersistBlockTask | Block 76 (0xa6ed16ad0de55d32f034071170d289865ec20647a8d241945a986c5d1753949b) is already imported
2026-10-07 17:23:24.854+00:00 | BftProcessorExecutor-QBFT-0 | INFO  | QbftBesuControllerBuilder | Imported #76 / 219 tx / 1894 pending / 52,991,430 (0.0%) gas / (0xa6ed16ad0de55d32f034071170d289865ec20647a8d241945a986c5d1753949b)
2026-10-07 17:23:28.331+00:00 | EthScheduler-Workers-0 | INFO  | PersistBlockTask | Block 77 (0x72a9f5a9e4d6c8c1deffa7b86b329b239f8712c0b03cefef314594d5fbcdcf08) is already imported
2026-10-07 17:23:28.333+00:00 | BftProcessorExecutor-QBFT-0 | INFO  | QbftBesuControllerBuilder | Imported #77 / 226 tx / 1668 pending / 54,685,220 (0.0%) gas / (0x72a9f5a9e4d6c8c1deffa7b86b329b239f8712c0b03cefef314594d5fbcdcf08)
2026-10-07 17:23:31.749+00:00 | BftProcessorExecutor-QBFT-0 | INFO  | QbftBesuControllerBuilder | Imported #78 / 220 tx / 1448 pending / 53,233,400 (0.0%) gas / (0xddf1e236a3850cd112206ac25f3e1cd46d491515dacf0749f68a7bad530cc45b)
2026-10-07 17:23:35.755+00:00 | BftProcessorExecutor-QBFT-0 | INFO  | QbftBesuControllerBuilder | Imported #79 / 252 tx / 1196 pending / 60,976,440 (0.0%) gas / (0x8403e317f19592cf819950a795733e4df5663fe047de79b2a237f4f49ed7ed6d)
2026-10-07 17:23:39.163+00:00 | EthScheduler-Workers-0 | INFO  | PersistBlockTask | Block 80 (0xdcb39dcc0cd0ae8a83f58cf696f1871daf68eef2c03aa92f59718a70776fba5a) is already imported
2026-10-07 17:23:39.165+00:00 | BftProcessorExecutor-QBFT-0 | INFO  | QbftBesuControllerBuilder | Imported #80 / 217 tx / 979 pending / 52,507,490 (0.0%) gas / (0xdcb39dcc0cd0ae8a83f58cf696f1871daf68eef2c03aa92f59718a70776fba5a)
2026-10-07 17:23:42.509+00:00 | BftProcessorExecutor-QBFT-0 | INFO  | QbftBesuControllerBuilder | Imported #81 / 214 tx / 765 pending / 51,781,580 (0.0%) gas / (0x090d086201cd7582a7deb53d5ff4fde34caaf2fb3a670a87ee0a06915ea6ca1e)
2026-10-07 17:23:45.755+00:00 | EthScheduler-Workers-0 | INFO  | PersistBlockTask | Block 82 (0x1fc81adf3c6747e8a81a16b76c29cc52ff0cee46433c3228cbc0e3c675988e32) is already imported
2026-10-07 17:23:45.758+00:00 | BftProcessorExecutor-QBFT-0 | INFO  | QbftBesuControllerBuilder | Imported #82 / 208 tx / 557 pending / 50,329,760 (0.0%) gas / (0x1fc81adf3c6747e8a81a16b76c29cc52ff0cee46433c3228cbc0e3c675988e32)
2026-10-07 17:23:49.526+00:00 | EthScheduler-Workers-0 | INFO  | PersistBlockTask | Block 83 (0x4bb0ba440b001652e69e87e26067dc90f4f7f960b5cf8bc5008849489485699c) is already imported
2026-10-07 17:23:49.527+00:00 | BftProcessorExecutor-QBFT-0 | INFO  | QbftBesuControllerBuilder | Imported #83 / 230 tx / 327 pending / 55,653,100 (0.0%) gas / (0x4bb0ba440b001652e69e87e26067dc90f4f7f960b5cf8bc5008849489485699c)
2026-10-07 17:23:51.986+00:00 | EthScheduler-Workers-0 | INFO  | PersistBlockTask | Block 84 (0xa579d2cb15a633ca65948981ca79c5037b13c0dfec71b69ce0989eb6c089da71) is already imported
2026-10-07 17:23:51.987+00:00 | BftProcessorExecutor-QBFT-0 | INFO  | QbftBesuControllerBuilder | Imported #84 / 163 tx / 164 pending / 39,441,110 (0.0%) gas / (0xa579d2cb15a633ca65948981ca79c5037b13c0dfec71b69ce0989eb6c089da71)
2026-10-07 17:23:53.787+00:00 | EthScheduler-Workers-0 | INFO  | PersistBlockTask | Block 85 (0xef16cfa10f141e14427859a9c4639e5dca4de8d9b132ec19b9adf67be5cd4c5b) is already imported
2026-10-07 17:23:53.787+00:00 | BftProcessorExecutor-QBFT-0 | INFO  | QbftBesuControllerBuilder | Produced #85 / 112 tx / 52 pending / 27,100,640 (0.0%) gas / (0xef16cfa10f141e14427859a9c4639e5dca4de8d9b132ec19b9adf67be5cd4c5b)
2026-10-07 17:23:55.046+00:00 | BftProcessorExecutor-QBFT-0 | INFO  | QbftBesuControllerBuilder | Imported #86 / 52 tx / 0 pending / 12,582,440 (0.0%) gas / (0xc7931d8feddc1d8c000bdff6e68dc1ce44961e0da63af2d58ca8b8123e3d056c)
2026-10-07 17:23:55.046+00:00 | EthScheduler-Workers-0 | INFO  | PersistBlockTask | Block 86 (0xc7931d8feddc1d8c000bdff6e68dc1ce44961e0da63af2d58ca8b8123e3d056c) is already imported
2026-10-07 17:23:56.313+00:00 | EthScheduler-Workers-0 | INFO  | PersistBlockTask | Block 87 (0xd752765697ce9c0949ae54b34c69e231c230d8205a68fd15347ee8a42021aab7) is already imported
2026-10-07 17:23:56.314+00:00 | BftProcessorExecutor-QBFT-0 | INFO  | QbftBesuControllerBuilder | Imported #87 / 0 tx / 0 pending / 0 (0.0%) gas / (0xd752765697ce9c0949ae54b34c69e231c230d8205a68fd15347ee8a42021aab7)
2026-10-07 17:23:58.273+00:00 | EthScheduler-Workers-0 | INFO  | PersistBlockTask | Block 88 (0x7ef811190df0b13bbeedf4ee00a05acc11b29fb2f436b7a09b48229c4e0f08fd) is already imported
2026-10-07 17:23:58.273+00:00 | BftProcessorExecutor-QBFT-0 | INFO  | QbftBesuControllerBuilder | Imported #88 / 0 tx / 0 pending / 0 (0.0%) gas / (0x7ef811190df0b13bbeedf4ee00a05acc11b29fb2f436b7a09b48229c4e0f08fd)
2026-10-07 17:24:00.257+00:00 | BftProcessorExecutor-QBFT-0 | INFO  | QbftBesuControllerBuilder | Imported #89 / 0 tx / 0 pending / 0 (0.0%) gas / (0xf04e0f42bea0b40533f749cdf7b9ee23c2f411c2aaf922abef12318b7163d3b4)
2026-10-07 17:24:02.218+00:00 | BftProcessorExecutor-QBFT-0 | INFO  | QbftBesuControllerBuilder | Imported #90 / 0 tx / 0 pending / 0 (0.0%) gas / (0xea093006461c053df23862140b1d931abdd24432e669ecaf5ad323f499a6adf6)
2026-10-07 17:24:04.279+00:00 | EthScheduler-Workers-0 | INFO  | PersistBlockTask | Block 91 (0xa40f6be43984429e628460306a5cf853606ba4ffcacbcd82027584dc54c2d5dc) is already imported
2026-10-07 17:24:04.280+00:00 | BftProcessorExecutor-QBFT-0 | INFO  | QbftBesuControllerBuilder | Imported #91 / 0 tx / 0 pending / 0 (0.0%) gas / (0xa40f6be43984429e628460306a5cf853606ba4ffcacbcd82027584dc54c2d5dc)
2026-10-07 17:24:06.276+00:00 | BftProcessorExecutor-QBFT-0 | INFO  | QbftBesuControllerBuilder | Imported #92 / 0 tx / 0 pending / 0 (0.0%) gas / (0x4910965f246b02580a69ce9df953c7687b709341f7e3851eec36c442d694fd3e)
2026-10-07 17:24:08.359+00:00 | BftProcessorExecutor-QBFT-0 | INFO  | QbftBesuControllerBuilder | Imported #93 / 0 tx / 0 pending / 0 (0.0%) gas / (0xaee3eda59378ba0222335aad86e0e7f5bc74773b8e9ca01a234921989860e103)
2026-10-07 17:24:10.273+00:00 | BftProcessorExecutor-QBFT-0 | INFO  | QbftBesuControllerBuilder | Imported #94 / 0 tx / 0 pending / 0 (0.0%) gas / (0xb09f02659011d9e0fbcf295910cd4256c328a7e8983f153940c619ccf81eee37)
2026-10-07 17:24:12.218+00:00 | BftProcessorExecutor-QBFT-0 | INFO  | QbftBesuControllerBuilder | Imported #95 / 0 tx / 0 pending / 0 (0.0%) gas / (0xab1d9c717264802c1f9ace9c3f72d0e6d0b0b992f58730abd94cbfec51df22b7)
2026-10-07 17:24:14.251+00:00 | BftProcessorExecutor-QBFT-0 | INFO  | QbftBesuControllerBuilder | Imported #96 / 0 tx / 0 pending / 0 (0.0%) gas / (0xff52c87eefb0299a2dd05ae0905d47c4452e8adc170de9cd4d54a8f0a16b071a)
2026-10-07 17:24:16.242+00:00 | BftProcessorExecutor-QBFT-0 | INFO  | QbftBesuControllerBuilder | Imported #97 / 0 tx / 0 pending / 0 (0.0%) gas / (0x19aba7a317e1284c65744c8c0daedaf82c32249766054087c46fdfc728688fa1)
2026-10-07 17:24:18.287+00:00 | EthScheduler-Workers-0 | INFO  | PersistBlockTask | Block 98 (0x5201bb8a205b4acb28bc420a3d7affeea34d47df9549be2aba7fc56d7675471c) is already imported
2026-10-07 17:24:18.288+00:00 | BftProcessorExecutor-QBFT-0 | INFO  | QbftBesuControllerBuilder | Imported #98 / 0 tx / 0 pending / 0 (0.0%) gas / (0x5201bb8a205b4acb28bc420a3d7affeea34d47df9549be2aba7fc56d7675471c)
2026-10-07 17:24:20.258+00:00 | BftProcessorExecutor-QBFT-0 | INFO  | QbftBesuControllerBuilder | Imported #99 / 0 tx / 0 pending / 0 (0.0%) gas / (0x7392a81e19c7aa18149992d76976daf79c9eea3322de702d44a886319fb7d3e8)
2026-10-07 17:24:22.216+00:00 | EthScheduler-Workers-0 | INFO  | PersistBlockTask | Block 100 (0x3fa22925841c6e53d698f642c143da2ed89237353977232416f1514467b19ce0) is already imported
2026-10-07 17:24:22.216+00:00 | BftProcessorExecutor-QBFT-0 | INFO  | QbftBesuControllerBuilder | Produced #100 / 0 tx / 0 pending / 0 (0.0%) gas / (0x3fa22925841c6e53d698f642c143da2ed89237353977232416f1514467b19ce0)
2026-10-07 17:24:24.260+00:00 | BftProcessorExecutor-QBFT-0 | INFO  | QbftBesuControllerBuilder | Imported #101 / 0 tx / 0 pending / 0 (0.0%) gas / (0x0adcf645026c4c4d330a202728ad44c1f8fe2eb0fca46859d02e747a5d97bca9)
2026-10-07 17:24:26.237+00:00 | BftProcessorExecutor-QBFT-0 | INFO  | QbftBesuControllerBuilder | Imported #102 / 0 tx / 0 pending / 0 (0.0%) gas / (0xbbd62a6dd9e90bafe1c7a746fe2029085f19791cbec88921b5ced20e1b5e1ba4)
2026-10-07 17:24:26.243+00:00 | EthScheduler-Workers-0 | INFO  | PersistBlockTask | Block 102 (0xbbd62a6dd9e90bafe1c7a746fe2029085f19791cbec88921b5ced20e1b5e1ba4) is already imported
2026-10-07 17:24:28.254+00:00 | BftProcessorExecutor-QBFT-0 | INFO  | QbftBesuControllerBuilder | Imported #103 / 0 tx / 0 pending / 0 (0.0%) gas / (0xcda44fb687d8ce6c9f036ee5271be2f0946bde5f766fd61760e5eb75fda8512d)
2026-10-07 17:24:30.268+00:00 | BftProcessorExecutor-QBFT-0 | INFO  | QbftBesuControllerBuilder | Imported #104 / 0 tx / 0 pending / 0 (0.0%) gas / (0x859eca819114ab83d1e4213b0df841e3db5a9580e94c7d01b664671cad393d15)
2026-10-07 17:24:32.229+00:00 | BftProcessorExecutor-QBFT-0 | INFO  | QbftBesuControllerBuilder | Imported #105 / 0 tx / 0 pending / 0 (0.0%) gas / (0x05f25dc59e8677934c20a2efc2d63a00585054475a4b0e5fe8ba4853346c2654)
2026-10-07 17:24:32.230+00:00 | EthScheduler-Workers-0 | INFO  | PersistBlockTask | Block 105 (0x05f25dc59e8677934c20a2efc2d63a00585054475a4b0e5fe8ba4853346c2654) is already imported
2026-10-07 17:24:34.258+00:00 | BftProcessorExecutor-QBFT-0 | INFO  | QbftBesuControllerBuilder | Imported #106 / 0 tx / 0 pending / 0 (0.0%) gas / (0x423d5a05a87d04137f58c5e61b0e968a15a2611eb2456e17cdc18b8b4e4fd78c)
2026-10-07 17:24:36.235+00:00 | BftProcessorExecutor-QBFT-0 | INFO  | QbftBesuControllerBuilder | Imported #107 / 0 tx / 0 pending / 0 (0.0%) gas / (0xc8bac44e3df6a67f9da145118b0531fea8673d811e7d00cbf249da272a08860f)
2026-10-07 17:24:38.336+00:00 | BftProcessorExecutor-QBFT-0 | INFO  | QbftBesuControllerBuilder | Imported #108 / 0 tx / 0 pending / 0 (0.0%) gas / (0xef31bbd57ef181992034579bfd8dd757d84e1d2222e52d0c1b24175f5ba742d1)
2026-10-07 17:24:40.257+00:00 | BftProcessorExecutor-QBFT-0 | INFO  | QbftBesuControllerBuilder | Imported #109 / 0 tx / 0 pending / 0 (0.0%) gas / (0xb43dcfdc1307459916a40e667c6d146cae1566df1a8ce2b1f969d52268f83134)
2026-10-07 17:24:42.222+00:00 | BftProcessorExecutor-QBFT-0 | INFO  | QbftBesuControllerBuilder | Imported #110 / 0 tx / 0 pending / 0 (0.0%) gas / (0x715581c23343f2561fe2fc25ef8767459cd5638eca15d7b4613c195b9c6f59fa)
2026-10-07 17:24:44.273+00:00 | BftProcessorExecutor-QBFT-0 | INFO  | QbftBesuControllerBuilder | Imported #111 / 0 tx / 0 pending / 0 (0.0%) gas / (0xa15d88425ac8f2b43f857bb6eefc2d7d4a580ae972b5ba2f8c037947771a545b)
2026-10-07 17:24:46.244+00:00 | BftProcessorExecutor-QBFT-0 | INFO  | QbftBesuControllerBuilder | Imported #112 / 0 tx / 0 pending / 0 (0.0%) gas / (0x49099ed11dc284a10536a1034207f2b0cc2ab7fd11f909253def0cc088036a13)
2026-10-07 17:24:48.253+00:00 | BftProcessorExecutor-QBFT-0 | INFO  | QbftBesuControllerBuilder | Imported #113 / 0 tx / 0 pending / 0 (0.0%) gas / (0x44bdbf375aade48bd6564891f5c18ba78aab11fc02cb33dd4e604d92509260a2)
2026-10-07 17:24:48.260+00:00 | EthScheduler-Workers-0 | INFO  | PersistBlockTask | Block 113 (0x44bdbf375aade48bd6564891f5c18ba78aab11fc02cb33dd4e604d92509260a2) is already imported
2026-10-07 17:24:50.262+00:00 | BftProcessorExecutor-QBFT-0 | INFO  | QbftBesuControllerBuilder | Imported #114 / 0 tx / 0 pending / 0 (0.0%) gas / (0x7bad6be94367e682321a53339fc97a06e2cf32a9966598ec92135c8f8187249f)
2026-10-07 17:24:52.232+00:00 | EthScheduler-Workers-0 | INFO  | PersistBlockTask | Block 115 (0x04234a60cf1c7caf31cea432f9295bba5228a4199daffb81ce811c4fcddba7de) is already imported
2026-10-07 17:24:52.233+00:00 | BftProcessorExecutor-QBFT-0 | INFO  | QbftBesuControllerBuilder | Produced #115 / 0 tx / 0 pending / 0 (0.0%) gas / (0x04234a60cf1c7caf31cea432f9295bba5228a4199daffb81ce811c4fcddba7de)
2026-10-07 17:24:54.253+00:00 | BftProcessorExecutor-QBFT-0 | INFO  | QbftBesuControllerBuilder | Imported #116 / 0 tx / 0 pending / 0 (0.0%) gas / (0xea60a75c67505e089932bc5a345d55442861e5f437aa062ddd1d7fb6a6c7e82f)
2026-10-07 17:24:56.252+00:00 | BftProcessorExecutor-QBFT-0 | INFO  | QbftBesuControllerBuilder | Imported #117 / 0 tx / 0 pending / 0 (0.0%) gas / (0xfbd5b6c8af754004eccbdf1f1d7b909cc0a693bc38d82c3a1d0c3bc10b4df488)
2026-10-07 17:24:58.334+00:00 | BftProcessorExecutor-QBFT-0 | INFO  | QbftBesuControllerBuilder | Imported #118 / 0 tx / 0 pending / 0 (0.0%) gas / (0xfce20279758f30231aa7d73642db75a66b57e892e3fc56a49c8f158f0f0b1161)
2026-10-07 17:25:00.270+00:00 | BftProcessorExecutor-QBFT-0 | INFO  | QbftBesuControllerBuilder | Imported #119 / 0 tx / 0 pending / 0 (0.0%) gas / (0xa90f2678036bcf09bae828607a866bfcca69b64376344333a14cdcf5b92fa205)
2026-10-07 17:25:02.238+00:00 | BftProcessorExecutor-QBFT-0 | INFO  | QbftBesuControllerBuilder | Imported #120 / 0 tx / 0 pending / 0 (0.0%) gas / (0xec563c1f4d12c47eb34955a0ac3975eefb42bb2afac7923b92a60b7b786f1f57)
2026-10-07 17:25:04.240+00:00 | BftProcessorExecutor-QBFT-0 | INFO  | QbftBesuControllerBuilder | Imported #121 / 0 tx / 0 pending / 0 (0.0%) gas / (0x4ec99b1f9e43867613c67cac4d7d5c161ba097664a7e67b8700edb515b81abbd)
2026-10-07 17:25:06.236+00:00 | EthScheduler-Workers-0 | INFO  | PersistBlockTask | Block 122 (0x28492e85591fe04f506ce3827f33e14ca5b9cfe216f6e8e189559045c3cf0bee) is already imported
2026-10-07 17:25:06.237+00:00 | BftProcessorExecutor-QBFT-0 | INFO  | QbftBesuControllerBuilder | Imported #122 / 0 tx / 0 pending / 0 (0.0%) gas / (0x28492e85591fe04f506ce3827f33e14ca5b9cfe216f6e8e189559045c3cf0bee)
2026-10-07 17:25:08.328+00:00 | EthScheduler-Workers-0 | INFO  | PersistBlockTask | Block 123 (0x03a04aba4c77dc192ab5cf766011e31b7b02c4fd2a5d4b3b874e30fc4d61e77b) is already imported
2026-10-07 17:25:08.329+00:00 | BftProcessorExecutor-QBFT-0 | INFO  | QbftBesuControllerBuilder | Imported #123 / 0 tx / 0 pending / 0 (0.0%) gas / (0x03a04aba4c77dc192ab5cf766011e31b7b02c4fd2a5d4b3b874e30fc4d61e77b)
2026-10-07 17:25:10.269+00:00 | EthScheduler-Workers-0 | INFO  | PersistBlockTask | Block 124 (0x9d5fee8792cb5501115ab6172ba84498c728c8c35a6fa462c85bb5a392d10eb4) is already imported
2026-10-07 17:25:10.269+00:00 | BftProcessorExecutor-QBFT-0 | INFO  | QbftBesuControllerBuilder | Imported #124 / 0 tx / 0 pending / 0 (0.0%) gas / (0x9d5fee8792cb5501115ab6172ba84498c728c8c35a6fa462c85bb5a392d10eb4)
2026-10-07 17:25:12.215+00:00 | BftProcessorExecutor-QBFT-0 | INFO  | QbftBesuControllerBuilder | Imported #125 / 0 tx / 0 pending / 0 (0.0%) gas / (0x2896d676a469fff4a7c18617870ca543ad200a92b5bb34a37b4923a61d52eae8)
2026-10-07 17:25:14.242+00:00 | BftProcessorExecutor-QBFT-0 | INFO  | QbftBesuControllerBuilder | Imported #126 / 0 tx / 0 pending / 0 (0.0%) gas / (0x8a57eeb7f7fa8b42aa9124cadbce443ad07f698d25fa9dedc8b59dca8f85c80a)
2026-10-07 17:25:14.246+00:00 | EthScheduler-Workers-0 | INFO  | PersistBlockTask | Block 126 (0x8a57eeb7f7fa8b42aa9124cadbce443ad07f698d25fa9dedc8b59dca8f85c80a) is already imported
2026-10-07 17:25:16.296+00:00 | EthScheduler-Workers-0 | INFO  | PersistBlockTask | Block 127 (0xc397544134e850bc535888d76c8dbc6f160f6002392de0e400083155723ad0af) is already imported
2026-10-07 17:25:16.297+00:00 | BftProcessorExecutor-QBFT-0 | INFO  | QbftBesuControllerBuilder | Imported #127 / 0 tx / 0 pending / 0 (0.0%) gas / (0xc397544134e850bc535888d76c8dbc6f160f6002392de0e400083155723ad0af)
2026-10-07 17:25:18.341+00:00 | BftProcessorExecutor-QBFT-0 | INFO  | QbftBesuControllerBuilder | Imported #128 / 0 tx / 0 pending / 0 (0.0%) gas / (0xae94f76e7150dcb0feeb211b32194a6946f491f31794ddb6bb4e277d88ad6b86)
2026-10-07 17:25:20.278+00:00 | BftProcessorExecutor-QBFT-0 | INFO  | QbftBesuControllerBuilder | Imported #129 / 0 tx / 0 pending / 0 (0.0%) gas / (0x640737b76350d040979068725c9751d479ba2ce85fdf359363c2ed9ead871701)
2026-10-07 17:25:20.280+00:00 | EthScheduler-Workers-0 | INFO  | PersistBlockTask | Block 129 (0x640737b76350d040979068725c9751d479ba2ce85fdf359363c2ed9ead871701) is already imported
2026-10-07 17:25:22.216+00:00 | BftProcessorExecutor-QBFT-0 | INFO  | QbftBesuControllerBuilder | Produced #130 / 0 tx / 0 pending / 0 (0.0%) gas / (0xfddfe4d172a4d48b2a216f3d3e038a87dd1b0701bbed1184c843fbd212684e10)
2026-10-07 17:25:24.277+00:00 | BftProcessorExecutor-QBFT-0 | INFO  | QbftBesuControllerBuilder | Imported #131 / 0 tx / 0 pending / 0 (0.0%) gas / (0xdbbbda7480f061abe762660215387941de505d464963f48e2070d7312023e0f2)
2026-10-07 17:25:26.235+00:00 | BftProcessorExecutor-QBFT-0 | INFO  | QbftBesuControllerBuilder | Imported #132 / 0 tx / 0 pending / 0 (0.0%) gas / (0xc26f7dd006e9cd11e153f86f051e849cc0cbeea203075b190e51466b45ee4a22)
2026-10-07 17:25:28.315+00:00 | BftProcessorExecutor-QBFT-0 | INFO  | QbftBesuControllerBuilder | Imported #133 / 0 tx / 0 pending / 0 (0.0%) gas / (0x90ddab73fcc69a3314c04391ffd20c2d435b616108485b1dafdfe9026e311f65)
2026-10-07 17:25:30.267+00:00 | BftProcessorExecutor-QBFT-0 | INFO  | QbftBesuControllerBuilder | Imported #134 / 0 tx / 0 pending / 0 (0.0%) gas / (0xe33497bb086cf3d6aeab4b7acb0dcda6b003a6f6feb2eaf80dfd3e969c29667a)
2026-10-07 17:25:32.225+00:00 | EthScheduler-Workers-0 | INFO  | PersistBlockTask | Block 135 (0x9c46d52136f406e44b5c1251811231819a7b52b5f8b2dc4b865a6d999fd8c58f) is already imported
2026-10-07 17:25:32.225+00:00 | BftProcessorExecutor-QBFT-0 | INFO  | QbftBesuControllerBuilder | Imported #135 / 0 tx / 0 pending / 0 (0.0%) gas / (0x9c46d52136f406e44b5c1251811231819a7b52b5f8b2dc4b865a6d999fd8c58f)
2026-10-07 17:25:34.280+00:00 | BftProcessorExecutor-QBFT-0 | INFO  | QbftBesuControllerBuilder | Imported #136 / 0 tx / 0 pending / 0 (0.0%) gas / (0xdd45220294d427f8d46574fa2760096dd8d5cb72378e9cec837683e5806b1e26)
2026-10-07 17:25:34.282+00:00 | EthScheduler-Workers-0 | INFO  | PersistBlockTask | Block 136 (0xdd45220294d427f8d46574fa2760096dd8d5cb72378e9cec837683e5806b1e26) is already imported
2026-10-07 17:25:36.234+00:00 | BftProcessorExecutor-QBFT-0 | INFO  | QbftBesuControllerBuilder | Imported #137 / 0 tx / 0 pending / 0 (0.0%) gas / (0x1019e0f23f44bdaac6858e2222f6e5da1eaffde92023899ba3f623eefae7fbf3)
2026-10-07 17:25:36.234+00:00 | EthScheduler-Workers-0 | INFO  | PersistBlockTask | Block 137 (0x1019e0f23f44bdaac6858e2222f6e5da1eaffde92023899ba3f623eefae7fbf3) is already imported
2026-10-07 17:25:38.264+00:00 | EthScheduler-Workers-0 | INFO  | PersistBlockTask | Block 138 (0x1e8ca109e9dfc3edacdaa4ca27782c9c038f57ed06733bd8de058f5bbac94965) is already imported
2026-10-07 17:25:38.264+00:00 | BftProcessorExecutor-QBFT-0 | INFO  | QbftBesuControllerBuilder | Imported #138 / 0 tx / 0 pending / 0 (0.0%) gas / (0x1e8ca109e9dfc3edacdaa4ca27782c9c038f57ed06733bd8de058f5bbac94965)
2026-10-07 17:25:40.265+00:00 | BftProcessorExecutor-QBFT-0 | INFO  | QbftBesuControllerBuilder | Imported #139 / 0 tx / 0 pending / 0 (0.0%) gas / (0xb92fb16ff64ecb91ea3baf8640e06e7c8ca13ca77cd04aafe19d01e344d8f9a6)
2026-10-07 17:25:42.220+00:00 | BftProcessorExecutor-QBFT-0 | INFO  | QbftBesuControllerBuilder | Imported #140 / 0 tx / 0 pending / 0 (0.0%) gas / (0x420d7f5d2116d763b81ca014ec196839b8b6e6de9ec6b51eef0a7e8422750a9d)
2026-10-07 17:25:44.287+00:00 | EthScheduler-Workers-0 | INFO  | PersistBlockTask | Block 141 (0x6fd857a1f6cac0eab6538dc6a1f302d0955db025b80bea8ccafcaa0558a4288e) is already imported
2026-10-07 17:25:44.287+00:00 | BftProcessorExecutor-QBFT-0 | INFO  | QbftBesuControllerBuilder | Imported #141 / 0 tx / 0 pending / 0 (0.0%) gas / (0x6fd857a1f6cac0eab6538dc6a1f302d0955db025b80bea8ccafcaa0558a4288e)
2026-10-07 17:25:46.243+00:00 | EthScheduler-Workers-0 | INFO  | PersistBlockTask | Block 142 (0x60248c496f9d0ec583f52cd15cedba3706cf1ddec5423b9f0bc9a0cb4120d812) is already imported
2026-10-07 17:25:46.246+00:00 | BftProcessorExecutor-QBFT-0 | INFO  | QbftBesuControllerBuilder | Imported #142 / 0 tx / 0 pending / 0 (0.0%) gas / (0x60248c496f9d0ec583f52cd15cedba3706cf1ddec5423b9f0bc9a0cb4120d812)
2026-10-07 17:25:48.342+00:00 | EthScheduler-Workers-0 | INFO  | PersistBlockTask | Block 143 (0xecfc93ff8443a1af0c254ff419cc3ecfa92999744f030fb7a7ae16a0a45dc904) is already imported
2026-10-07 17:25:48.343+00:00 | BftProcessorExecutor-QBFT-0 | INFO  | QbftBesuControllerBuilder | Imported #143 / 0 tx / 0 pending / 0 (0.0%) gas / (0xecfc93ff8443a1af0c254ff419cc3ecfa92999744f030fb7a7ae16a0a45dc904)
2026-10-07 17:25:50.263+00:00 | BftProcessorExecutor-QBFT-0 | INFO  | QbftBesuControllerBuilder | Imported #144 / 0 tx / 0 pending / 0 (0.0%) gas / (0x4306dff8bc50f77d2ddc38e10ed52816026a9dde10f6a1d7276c20b355d073cf)
2026-10-07 17:25:52.329+00:00 | EthScheduler-Workers-0 | INFO  | PersistBlockTask | Block 145 (0xb8d79b19e628e3a4a0c671e25d990efd385d2c26cc8d9688c2554da7df1cbbfc) is already imported
2026-10-07 17:25:52.329+00:00 | BftProcessorExecutor-QBFT-0 | INFO  | QbftBesuControllerBuilder | Produced #145 / 11 tx / 248 pending / 1,690,022 (0.0%) gas / (0xb8d79b19e628e3a4a0c671e25d990efd385d2c26cc8d9688c2554da7df1cbbfc)
2026-10-07 17:25:54.470+00:00 | BftProcessorExecutor-QBFT-0 | INFO  | QbftBesuControllerBuilder | Imported #146 / 60 tx / 953 pending / 9,218,084 (0.0%) gas / (0xe226af4ebf644a739298b5419fc54b476bb20d3d23b088d8db894e64167f1f5e)
2026-10-07 17:25:56.717+00:00 | EthScheduler-Workers-0 | INFO  | PersistBlockTask | Block 147 (0x2455e7dacfcefe16f44fa774ba15e801f8a0811b86508446a2e9e60a15187081) is already imported
2026-10-07 17:25:56.718+00:00 | BftProcessorExecutor-QBFT-0 | INFO  | QbftBesuControllerBuilder | Imported #147 / 68 tx / 885 pending / 10,447,088 (0.0%) gas / (0x2455e7dacfcefe16f44fa774ba15e801f8a0811b86508446a2e9e60a15187081)
2026-10-07 17:25:58.682+00:00 | EthScheduler-Workers-0 | INFO  | PersistBlockTask | Block 148 (0x8c3ebbbe3c4911e8c3bf7aa0dd812cbd5dd2ec0513cc8f600ff00bc1544e9dc1) is already imported
2026-10-07 17:25:58.683+00:00 | BftProcessorExecutor-QBFT-0 | INFO  | QbftBesuControllerBuilder | Imported #148 / 68 tx / 817 pending / 10,447,168 (0.0%) gas / (0x8c3ebbbe3c4911e8c3bf7aa0dd812cbd5dd2ec0513cc8f600ff00bc1544e9dc1)
2026-10-07 17:26:00.788+00:00 | BftProcessorExecutor-QBFT-0 | INFO  | QbftBesuControllerBuilder | Imported #149 / 68 tx / 749 pending / 10,446,824 (0.0%) gas / (0x949b920bc61f6be13ec922577a2dc3ba2caf02f5036895cf24dc3e2d5fc35ecf)
2026-10-07 17:26:02.539+00:00 | BftProcessorExecutor-QBFT-0 | INFO  | QbftBesuControllerBuilder | Imported #150 / 69 tx / 680 pending / 10,600,710 (0.0%) gas / (0x354815f6011ee99f013485cf9f98461c0ce3cc6806b59b56aec715485d54e992)
2026-10-07 17:26:04.723+00:00 | BftProcessorExecutor-QBFT-0 | INFO  | QbftBesuControllerBuilder | Imported #151 / 69 tx / 611 pending / 10,600,702 (0.0%) gas / (0x9c3631722c7b83fb37b844ef254b3be2d1d968392dc741e88b123ffa5d473b72)
2026-10-07 17:26:06.769+00:00 | EthScheduler-Workers-0 | INFO  | PersistBlockTask | Block 152 (0xe6eeef4ca36484d82975f4e178ae5f036afddd9e35921b48dfef8b675a4dfe88) is already imported
2026-10-07 17:26:06.770+00:00 | BftProcessorExecutor-QBFT-0 | INFO  | QbftBesuControllerBuilder | Imported #152 / 69 tx / 542 pending / 10,600,766 (0.0%) gas / (0xe6eeef4ca36484d82975f4e178ae5f036afddd9e35921b48dfef8b675a4dfe88)
2026-10-07 17:26:08.838+00:00 | EthScheduler-Workers-0 | INFO  | PersistBlockTask | Block 153 (0xdf4da2ca2a68661183cda1182905271e87786a85f2196e28493c4a3e094e1906) is already imported
2026-10-07 17:26:08.839+00:00 | BftProcessorExecutor-QBFT-0 | INFO  | QbftBesuControllerBuilder | Imported #153 / 69 tx / 473 pending / 10,600,734 (0.0%) gas / (0xdf4da2ca2a68661183cda1182905271e87786a85f2196e28493c4a3e094e1906)
2026-10-07 17:26:10.677+00:00 | BftProcessorExecutor-QBFT-0 | INFO  | QbftBesuControllerBuilder | Imported #154 / 68 tx / 405 pending / 10,447,256 (0.0%) gas / (0xd7345ff4debdda51fb26a482308710da725a8eb1a666497b331989c4bdbfcaa9)
2026-10-07 17:26:12.592+00:00 | EthScheduler-Workers-0 | INFO  | PersistBlockTask | Block 155 (0xc47aa75cb3c81e302716eca81ad7b45d6a77d0b390c099d4bce24183a57c2622) is already imported
2026-10-07 17:26:12.593+00:00 | BftProcessorExecutor-QBFT-0 | INFO  | QbftBesuControllerBuilder | Imported #155 / 68 tx / 337 pending / 10,447,088 (0.0%) gas / (0xc47aa75cb3c81e302716eca81ad7b45d6a77d0b390c099d4bce24183a57c2622)
2026-10-07 17:26:14.700+00:00 | BftProcessorExecutor-QBFT-0 | INFO  | QbftBesuControllerBuilder | Imported #156 / 68 tx / 269 pending / 10,447,320 (0.0%) gas / (0xe4b4fa034b2d093d5cc455ec436eff626013648740222bbf328243e01e5c3ffb)
2026-10-07 17:26:16.843+00:00 | EthScheduler-Workers-0 | INFO  | PersistBlockTask | Block 157 (0xfd96ba1b6bc855c0e8f8df7d704fa671203f3be061b8faf948e20c328c750c63) is already imported
2026-10-07 17:26:16.844+00:00 | BftProcessorExecutor-QBFT-0 | INFO  | QbftBesuControllerBuilder | Imported #157 / 68 tx / 201 pending / 10,447,100 (0.0%) gas / (0xfd96ba1b6bc855c0e8f8df7d704fa671203f3be061b8faf948e20c328c750c63)
2026-10-07 17:26:18.741+00:00 | EthScheduler-Workers-0 | INFO  | PersistBlockTask | Block 158 (0x33509ea1dbdc16cff778f6244711b21a0c67a0c476514807409a2e9c548601c1) is already imported
2026-10-07 17:26:18.742+00:00 | BftProcessorExecutor-QBFT-0 | INFO  | QbftBesuControllerBuilder | Imported #158 / 68 tx / 133 pending / 10,447,056 (0.0%) gas / (0x33509ea1dbdc16cff778f6244711b21a0c67a0c476514807409a2e9c548601c1)
2026-10-07 17:26:20.963+00:00 | EthScheduler-Workers-0 | INFO  | PersistBlockTask | Block 159 (0xaadf0e165b077cae2b8b834018170d7defe6e826b6ca78dd19f2966ec2a2444a) is already imported
2026-10-07 17:26:20.964+00:00 | BftProcessorExecutor-QBFT-0 | INFO  | QbftBesuControllerBuilder | Imported #159 / 68 tx / 65 pending / 10,447,044 (0.0%) gas / (0xaadf0e165b077cae2b8b834018170d7defe6e826b6ca78dd19f2966ec2a2444a)
2026-10-07 17:26:22.590+00:00 | EthScheduler-Workers-0 | INFO  | PersistBlockTask | Block 160 (0x261af9a8db2a680a74d723f7af27e73f800acffc880f04e4283034ec93bbb0cc) is already imported
2026-10-07 17:26:22.591+00:00 | BftProcessorExecutor-QBFT-0 | INFO  | QbftBesuControllerBuilder | Produced #160 / 57 tx / 8 pending / 8,757,086 (0.0%) gas / (0x261af9a8db2a680a74d723f7af27e73f800acffc880f04e4283034ec93bbb0cc)
2026-10-07 17:26:24.328+00:00 | BftProcessorExecutor-QBFT-0 | INFO  | QbftBesuControllerBuilder | Imported #161 / 8 tx / 0 pending / 1,229,064 (0.0%) gas / (0x2ed292eb67b660110761d524915e2e76feded3dc420773aadd0f5666d5b8a4c7)
2026-10-07 17:26:26.253+00:00 | EthScheduler-Workers-0 | INFO  | PersistBlockTask | Block 162 (0xa50f9183b673058dba6abe0b63c06fd734b179f5c343b7cd338e8aa129be8d90) is already imported
2026-10-07 17:26:26.254+00:00 | BftProcessorExecutor-QBFT-0 | INFO  | QbftBesuControllerBuilder | Imported #162 / 0 tx / 0 pending / 0 (0.0%) gas / (0xa50f9183b673058dba6abe0b63c06fd734b179f5c343b7cd338e8aa129be8d90)
2026-10-07 17:26:28.262+00:00 | BftProcessorExecutor-QBFT-0 | INFO  | QbftBesuControllerBuilder | Imported #163 / 0 tx / 0 pending / 0 (0.0%) gas / (0x1bea801b4e460db7d261d7aa7afeb5df7553fd608cad4638e33628857c8ed5b3)
2026-10-07 17:26:30.276+00:00 | BftProcessorExecutor-QBFT-0 | INFO  | QbftBesuControllerBuilder | Imported #164 / 0 tx / 0 pending / 0 (0.0%) gas / (0xccad13d722dd159860d735dece1a862a30768c68175f978ea16e983a24c82902)
2026-10-07 17:26:32.224+00:00 | BftProcessorExecutor-QBFT-0 | INFO  | QbftBesuControllerBuilder | Imported #165 / 0 tx / 0 pending / 0 (0.0%) gas / (0x38f7766ff7d3c93dcdba2270f86f847c0919802ab9fbd72cdf40fdf3c5540bd1)
2026-10-07 17:26:34.288+00:00 | EthScheduler-Workers-0 | INFO  | PersistBlockTask | Block 166 (0x0c63d5035ad33b21845626f35883f9d6948f9e9aee167ef8d9582fadba5ddcca) is already imported
2026-10-07 17:26:34.289+00:00 | BftProcessorExecutor-QBFT-0 | INFO  | QbftBesuControllerBuilder | Imported #166 / 0 tx / 0 pending / 0 (0.0%) gas / (0x0c63d5035ad33b21845626f35883f9d6948f9e9aee167ef8d9582fadba5ddcca)
2026-10-07 17:26:36.282+00:00 | BftProcessorExecutor-QBFT-0 | INFO  | QbftBesuControllerBuilder | Imported #167 / 0 tx / 0 pending / 0 (0.0%) gas / (0x7af6452346109f6d161210e6cb30a8536148b283fbc077426a0e2f3fe4af2be0)
2026-10-07 17:26:38.246+00:00 | BftProcessorExecutor-QBFT-0 | INFO  | QbftBesuControllerBuilder | Imported #168 / 0 tx / 0 pending / 0 (0.0%) gas / (0x8e443bd12697270c71f001026c651a99de496fbb065d544f106878b5dc4c567f)
2026-10-07 17:26:40.269+00:00 | BftProcessorExecutor-QBFT-0 | INFO  | QbftBesuControllerBuilder | Imported #169 / 0 tx / 0 pending / 0 (0.0%) gas / (0x1f9e7bc7b32f783cc8ac20b28a09e74662b4539751ced5c0edb7e04ff614765b)
2026-10-07 17:26:40.269+00:00 | EthScheduler-Workers-0 | INFO  | PersistBlockTask | Block 169 (0x1f9e7bc7b32f783cc8ac20b28a09e74662b4539751ced5c0edb7e04ff614765b) is already imported
2026-10-07 17:26:42.223+00:00 | EthScheduler-Workers-0 | INFO  | PersistBlockTask | Block 170 (0x11356c88e3a03afff864606030254ace3879ef438153e4a7a2d3f85a4143d116) is already imported
2026-10-07 17:26:42.223+00:00 | BftProcessorExecutor-QBFT-0 | INFO  | QbftBesuControllerBuilder | Imported #170 / 0 tx / 0 pending / 0 (0.0%) gas / (0x11356c88e3a03afff864606030254ace3879ef438153e4a7a2d3f85a4143d116)
2026-10-07 17:26:44.238+00:00 | BftProcessorExecutor-QBFT-0 | INFO  | QbftBesuControllerBuilder | Imported #171 / 0 tx / 0 pending / 0 (0.0%) gas / (0x6aa6ba108e81fb7f424b2bfcfe14fca9d054010c27b6c5c0a682a333032aa811)
2026-10-07 17:26:46.238+00:00 | BftProcessorExecutor-QBFT-0 | INFO  | QbftBesuControllerBuilder | Imported #172 / 0 tx / 0 pending / 0 (0.0%) gas / (0xb38d5aaae1f78543c256ee4c00ce8d1515987ac6336683ee5b52352c94b848b8)
2026-10-07 17:26:48.319+00:00 | EthScheduler-Workers-0 | INFO  | PersistBlockTask | Block 173 (0x03600319d7506036aafb1a8f521ea455cde4fbb5535192a79d2b51ec54ca5982) is already imported
2026-10-07 17:26:48.319+00:00 | BftProcessorExecutor-QBFT-0 | INFO  | QbftBesuControllerBuilder | Imported #173 / 0 tx / 0 pending / 0 (0.0%) gas / (0x03600319d7506036aafb1a8f521ea455cde4fbb5535192a79d2b51ec54ca5982)
2026-10-07 17:26:50.262+00:00 | EthScheduler-Workers-0 | INFO  | PersistBlockTask | Block 174 (0x7fe2cf1d794ca07dc606c78c88c318210b445e335d8da25a3c1c07955c7cee8d) is already imported
2026-10-07 17:26:50.263+00:00 | BftProcessorExecutor-QBFT-0 | INFO  | QbftBesuControllerBuilder | Imported #174 / 0 tx / 0 pending / 0 (0.0%) gas / (0x7fe2cf1d794ca07dc606c78c88c318210b445e335d8da25a3c1c07955c7cee8d)
2026-10-07 17:26:52.223+00:00 | BftProcessorExecutor-QBFT-0 | INFO  | QbftBesuControllerBuilder | Produced #175 / 0 tx / 0 pending / 0 (0.0%) gas / (0xacacf5ae111b3b0b4fccaa081c4819a7b9b3f9035fe5a740c619b411bc2cdc61)
2026-10-07 17:26:54.251+00:00 | EthScheduler-Workers-0 | INFO  | PersistBlockTask | Block 176 (0x364bf9feb1a8a39a3289453a8569a382c934e516e175a82e60b11cd85293eb84) is already imported
2026-10-07 17:26:54.252+00:00 | BftProcessorExecutor-QBFT-0 | INFO  | QbftBesuControllerBuilder | Imported #176 / 0 tx / 0 pending / 0 (0.0%) gas / (0x364bf9feb1a8a39a3289453a8569a382c934e516e175a82e60b11cd85293eb84)
2026-10-07 17:26:56.237+00:00 | BftProcessorExecutor-QBFT-0 | INFO  | QbftBesuControllerBuilder | Imported #177 / 0 tx / 0 pending / 0 (0.0%) gas / (0x68ecfe708da302a9516cc3f3d998f0343b999683edb98182c3657cdd402ffe8c)
2026-10-07 17:26:58.241+00:00 | BftProcessorExecutor-QBFT-0 | INFO  | QbftBesuControllerBuilder | Imported #178 / 0 tx / 0 pending / 0 (0.0%) gas / (0xf2f5ca47b754e3e7dc74e2a1c30011a3589fe054139dad322f89b29a478763d0)
2026-10-07 17:27:00.282+00:00 | BftProcessorExecutor-QBFT-0 | INFO  | QbftBesuControllerBuilder | Imported #179 / 0 tx / 0 pending / 0 (0.0%) gas / (0xb4024129c20a7a1d40974cc7d374c1bedc22fef41708d0b76a5f178ae4b18e3e)
2026-10-07 17:27:00.284+00:00 | EthScheduler-Workers-0 | INFO  | PersistBlockTask | Block 179 (0xb4024129c20a7a1d40974cc7d374c1bedc22fef41708d0b76a5f178ae4b18e3e) is already imported
2026-10-07 17:27:02.218+00:00 | BftProcessorExecutor-QBFT-0 | INFO  | QbftBesuControllerBuilder | Imported #180 / 0 tx / 0 pending / 0 (0.0%) gas / (0xeda0d8a364201d03720221ce73bf9fcd5b728a3acb3b5e519cdb36afd461a892)
2026-10-07 17:27:04.273+00:00 | BftProcessorExecutor-QBFT-0 | INFO  | QbftBesuControllerBuilder | Imported #181 / 0 tx / 0 pending / 0 (0.0%) gas / (0x25c7ca711f80c1785ca0735b3f511d0a8aefad6df7db5448d3d38d1ac9ba55bf)
2026-10-07 17:27:06.235+00:00 | BftProcessorExecutor-QBFT-0 | INFO  | QbftBesuControllerBuilder | Imported #182 / 0 tx / 0 pending / 0 (0.0%) gas / (0x9bf02727ec8f6e8c49d20569a252093775ede56e359d02a1fccc13161b776d2e)
2026-10-07 17:27:08.335+00:00 | BftProcessorExecutor-QBFT-0 | INFO  | QbftBesuControllerBuilder | Imported #183 / 0 tx / 0 pending / 0 (0.0%) gas / (0xbb433f81a7c0a72a3087ff254b0f59e3daaa2e65076efe10643901ae1f5755a4)
2026-10-07 17:27:10.268+00:00 | BftProcessorExecutor-QBFT-0 | INFO  | QbftBesuControllerBuilder | Imported #184 / 0 tx / 0 pending / 0 (0.0%) gas / (0xe3e44fc967d809cdac2504bccca8317da1078f0b908659f1ab1ee8a57fff2498)
2026-10-07 17:27:12.300+00:00 | BftProcessorExecutor-QBFT-0 | INFO  | QbftBesuControllerBuilder | Imported #185 / 2 tx / 82 pending / 483,940 (0.0%) gas / (0xc49f7375adbcf56b7f4d679733b5dbb5605a819ec3ee93a2fc74ea5debb0f289)
2026-10-07 17:27:14.864+00:00 | BftProcessorExecutor-QBFT-0 | INFO  | QbftBesuControllerBuilder | Imported #186 / 36 tx / 732 pending / 8,710,920 (0.0%) gas / (0xfea9abc76bcd3a0020eec3447e57da7d8194c77386a943afb2800b3588d7663e)
2026-10-07 17:27:17.445+00:00 | EthScheduler-Workers-0 | INFO  | PersistBlockTask | Block 187 (0xa5de8b7c1f28e132bd7394ddd682b418090a7400b6afef113598be65e5040e1a) is already imported
2026-10-07 17:27:17.447+00:00 | BftProcessorExecutor-QBFT-0 | INFO  | QbftBesuControllerBuilder | Imported #187 / 73 tx / 1462 pending / 17,663,810 (0.0%) gas / (0xa5de8b7c1f28e132bd7394ddd682b418090a7400b6afef113598be65e5040e1a)
2026-10-07 17:27:20.060+00:00 | EthScheduler-Workers-0 | INFO  | PersistBlockTask | Block 188 (0xe78253c847f61125fbc988be5e0b99d1267200457a1873d567febb7f296005da) is already imported
2026-10-07 17:27:20.062+00:00 | BftProcessorExecutor-QBFT-0 | INFO  | QbftBesuControllerBuilder | Imported #188 / 117 tx / 2230 pending / 28,310,490 (0.0%) gas / (0xe78253c847f61125fbc988be5e0b99d1267200457a1873d567febb7f296005da)
2026-10-07 17:27:22.745+00:00 | EthScheduler-Workers-0 | INFO  | PersistBlockTask | Block 189 (0xc7a6465427f1b5bff4fa4d9b21af6c07cda523fbb6f6ecb3e46bb5748bee3fe3) is already imported
2026-10-07 17:27:22.748+00:00 | BftProcessorExecutor-QBFT-0 | INFO  | QbftBesuControllerBuilder | Imported #189 / 166 tx / 3089 pending / 40,167,020 (0.0%) gas / (0xc7a6465427f1b5bff4fa4d9b21af6c07cda523fbb6f6ecb3e46bb5748bee3fe3)
2026-10-07 17:27:26.365+00:00 | EthScheduler-Workers-0 | INFO  | PersistBlockTask | Block 190 (0x1241e51c5b4542116a26816b872effc20fd14636bde988af292f27e89172171a) is already imported
2026-10-07 17:27:26.368+00:00 | BftProcessorExecutor-QBFT-0 | INFO  | QbftBesuControllerBuilder | Produced #190 / 235 tx / 4124 pending / 56,862,950 (0.0%) gas / (0x1241e51c5b4542116a26816b872effc20fd14636bde988af292f27e89172171a)
2026-10-07 17:27:31.139+00:00 | EthScheduler-Workers-0 | INFO  | PersistBlockTask | Block 191 (0x6f95fe53b7e09f9490a6f476277f095f3003afcb960daaa217ec862c7f39e5ec) is already imported
2026-10-07 17:27:31.144+00:00 | BftProcessorExecutor-QBFT-0 | INFO  | QbftBesuControllerBuilder | Imported #191 / 320 tx / 5562 pending / 77,430,400 (0.0%) gas / (0x6f95fe53b7e09f9490a6f476277f095f3003afcb960daaa217ec862c7f39e5ec)
2026-10-07 17:27:36.084+00:00 | EthScheduler-Workers-0 | INFO  | PersistBlockTask | Block 192 (0x51c57bdb38678ee57f7c77272a8e9b9825893da68a6d74e1748b8b21f6479eb0) is already imported
2026-10-07 17:27:36.090+00:00 | BftProcessorExecutor-QBFT-0 | INFO  | QbftBesuControllerBuilder | Imported #192 / 337 tx / 6906 pending / 81,543,890 (0.0%) gas / (0x51c57bdb38678ee57f7c77272a8e9b9825893da68a6d74e1748b8b21f6479eb0)
2026-10-07 17:27:41.255+00:00 | EthScheduler-Workers-0 | INFO  | PersistBlockTask | Block 193 (0xe85d2e14efcae8c703def1c73e2a46080b2d62762b5a49355bd3916c8cdca752) is already imported
2026-10-07 17:27:41.260+00:00 | BftProcessorExecutor-QBFT-0 | INFO  | QbftBesuControllerBuilder | Imported #193 / 342 tx / 6564 pending / 82,753,740 (0.0%) gas / (0xe85d2e14efcae8c703def1c73e2a46080b2d62762b5a49355bd3916c8cdca752)
2026-10-07 17:27:46.331+00:00 | BftProcessorExecutor-QBFT-0 | INFO  | QbftBesuControllerBuilder | Imported #194 / 336 tx / 6228 pending / 81,301,920 (0.0%) gas / (0x07fd754e1aad81032fed5221e2982ce7995aff49583a371626eefe57f775e928)
2026-10-07 17:27:51.339+00:00 | EthScheduler-Workers-0 | INFO  | PersistBlockTask | Block 195 (0x187187b77f77ae2354fc30a68979bd9b333cd56c5ce0e402720f943f48a5255b) is already imported
2026-10-07 17:27:51.344+00:00 | BftProcessorExecutor-QBFT-0 | INFO  | QbftBesuControllerBuilder | Imported #195 / 342 tx / 5886 pending / 82,753,740 (0.0%) gas / (0x187187b77f77ae2354fc30a68979bd9b333cd56c5ce0e402720f943f48a5255b)
2026-10-07 17:27:56.321+00:00 | BftProcessorExecutor-QBFT-0 | INFO  | QbftBesuControllerBuilder | Imported #196 / 339 tx / 5547 pending / 82,027,830 (0.0%) gas / (0xd7e2cf6e5bcec5ac08e40b178aa906016b4202b3c9be8266c46be4c581c227db)
2026-10-07 17:28:01.263+00:00 | BftProcessorExecutor-QBFT-0 | INFO  | QbftBesuControllerBuilder | Imported #197 / 329 tx / 5218 pending / 79,608,130 (0.0%) gas / (0x92dcea519013e3639d9a6c01ab8e9db995136f34806138bd311de217d6854cb2)
2026-10-07 17:28:06.524+00:00 | BftProcessorExecutor-QBFT-0 | INFO  | QbftBesuControllerBuilder | Imported #198 / 343 tx / 4875 pending / 82,995,710 (0.0%) gas / (0x98d532bdf4a81264e6f433adb8ed8fd1fbe22eb2f1761c35943d221c23628cee)
2026-10-07 17:28:11.536+00:00 | EthScheduler-Workers-0 | INFO  | PersistBlockTask | Block 199 (0xdd439361022118392e2faf72a4d45db5a5c3b66613a4f7ec0480b5d342773536) is already imported
2026-10-07 17:28:11.540+00:00 | BftProcessorExecutor-QBFT-0 | INFO  | QbftBesuControllerBuilder | Imported #199 / 333 tx / 4542 pending / 80,576,010 (0.0%) gas / (0xdd439361022118392e2faf72a4d45db5a5c3b66613a4f7ec0480b5d342773536)
2026-10-07 17:28:16.490+00:00 | BftProcessorExecutor-QBFT-0 | INFO  | QbftBesuControllerBuilder | Imported #200 / 342 tx / 4200 pending / 82,753,740 (0.0%) gas / (0xfb2c09e39baa6e1f0eeb01aa4b4e7c592ea7dec0502f91a1c47edc039c0a3935)
2026-10-07 17:28:21.643+00:00 | EthScheduler-Workers-0 | INFO  | PersistBlockTask | Block 201 (0xe7a2f977cf2cf6cec2298501830f7cba3e5aeff8db5963102a02db517dc01a70) is already imported
2026-10-07 17:28:21.647+00:00 | BftProcessorExecutor-QBFT-0 | INFO  | QbftBesuControllerBuilder | Imported #201 / 344 tx / 3856 pending / 83,237,680 (0.0%) gas / (0xe7a2f977cf2cf6cec2298501830f7cba3e5aeff8db5963102a02db517dc01a70)
2026-10-07 17:28:26.742+00:00 | EthScheduler-Workers-0 | INFO  | PersistBlockTask | Block 202 (0xe6cb5d5a39c676837acccf7f52e0b79a403186c647346062bfef83cf07bcd98c) is already imported
2026-10-07 17:28:26.745+00:00 | BftProcessorExecutor-QBFT-0 | INFO  | QbftBesuControllerBuilder | Imported #202 / 344 tx / 3512 pending / 83,237,680 (0.0%) gas / (0xe6cb5d5a39c676837acccf7f52e0b79a403186c647346062bfef83cf07bcd98c)
2026-10-07 17:28:31.690+00:00 | BftProcessorExecutor-QBFT-0 | INFO  | QbftBesuControllerBuilder | Imported #203 / 308 tx / 3204 pending / 74,526,760 (0.0%) gas / (0x57c531320c7ca54a7fd780881bf6634cfd5bfe54a575c4244babfe39f6d8c7a6)
2026-10-07 17:28:36.755+00:00 | EthScheduler-Workers-0 | INFO  | PersistBlockTask | Block 204 (0xe1b8dbadc8b639a72598c22cf0315c5bf74a4e697cd0f97e9d4cf3699d948dca) is already imported
2026-10-07 17:28:36.759+00:00 | BftProcessorExecutor-QBFT-0 | INFO  | QbftBesuControllerBuilder | Imported #204 / 338 tx / 2866 pending / 81,785,860 (0.0%) gas / (0xe1b8dbadc8b639a72598c22cf0315c5bf74a4e697cd0f97e9d4cf3699d948dca)
2026-10-07 17:28:41.315+00:00 | EthScheduler-Workers-0 | INFO  | PersistBlockTask | Block 205 (0x1ec855e578b954764667869f796560725c8e2530deaf370f9c906ef3424e5653) is already imported
2026-10-07 17:28:41.317+00:00 | BftProcessorExecutor-QBFT-0 | INFO  | QbftBesuControllerBuilder | Produced #205 / 310 tx / 2556 pending / 75,010,700 (0.0%) gas / (0x1ec855e578b954764667869f796560725c8e2530deaf370f9c906ef3424e5653)
2026-10-07 17:28:44.936+00:00 | BftProcessorExecutor-QBFT-0 | INFO  | QbftBesuControllerBuilder | Imported #206 / 225 tx / 2331 pending / 54,443,250 (0.0%) gas / (0x9cc0ec957a25467929d2207fc80eec968841101ae53239d7635d46c945ea8639)
2026-10-07 17:28:48.213+00:00 | EthScheduler-Workers-0 | INFO  | PersistBlockTask | Block 207 (0x4a1f73ecfd32e5d5b3ac75fa937512979ceb1524cb1dae36f4acc3ed32418cf0) is already imported
2026-10-07 17:28:48.216+00:00 | BftProcessorExecutor-QBFT-0 | INFO  | QbftBesuControllerBuilder | Imported #207 / 207 tx / 2124 pending / 50,087,790 (0.0%) gas / (0x4a1f73ecfd32e5d5b3ac75fa937512979ceb1524cb1dae36f4acc3ed32418cf0)
2026-10-07 17:28:51.470+00:00 | EthScheduler-Workers-0 | INFO  | PersistBlockTask | Block 208 (0x7d382a7675f1661456734b25aee37c63a94d176dbab3e6a63c08585c98707c2a) is already imported
2026-10-07 17:28:51.472+00:00 | BftProcessorExecutor-QBFT-0 | INFO  | QbftBesuControllerBuilder | Imported #208 / 202 tx / 1922 pending / 48,877,940 (0.0%) gas / (0x7d382a7675f1661456734b25aee37c63a94d176dbab3e6a63c08585c98707c2a)
2026-10-07 17:28:54.739+00:00 | EthScheduler-Workers-0 | INFO  | PersistBlockTask | Block 209 (0x5cbe344e5f6aa1443eee00d0b11960f2e039078ece4236fd87045766a0abe13f) is already imported
2026-10-07 17:28:54.741+00:00 | BftProcessorExecutor-QBFT-0 | INFO  | QbftBesuControllerBuilder | Imported #209 / 208 tx / 1714 pending / 50,329,760 (0.0%) gas / (0x5cbe344e5f6aa1443eee00d0b11960f2e039078ece4236fd87045766a0abe13f)
2026-10-07 17:28:57.960+00:00 | EthScheduler-Workers-0 | INFO  | PersistBlockTask | Block 210 (0x78a23c18b4a7923c5948be867c9715126c34c37eb1f747b5dd9fdbb7cc55a60d) is already imported
2026-10-07 17:28:57.962+00:00 | BftProcessorExecutor-QBFT-0 | INFO  | QbftBesuControllerBuilder | Imported #210 / 207 tx / 1507 pending / 50,087,790 (0.0%) gas / (0x78a23c18b4a7923c5948be867c9715126c34c37eb1f747b5dd9fdbb7cc55a60d)
2026-10-07 17:29:01.152+00:00 | EthScheduler-Workers-0 | INFO  | PersistBlockTask | Block 211 (0xac36fcda48d0eda833a4160c6393374b5f46acdb2d4fa0ce432417ca3f1fec2d) is already imported
2026-10-07 17:29:01.154+00:00 | BftProcessorExecutor-QBFT-0 | INFO  | QbftBesuControllerBuilder | Imported #211 / 210 tx / 1297 pending / 50,813,700 (0.0%) gas / (0xac36fcda48d0eda833a4160c6393374b5f46acdb2d4fa0ce432417ca3f1fec2d)
2026-10-07 17:29:04.595+00:00 | EthScheduler-Workers-0 | INFO  | PersistBlockTask | Block 212 (0x9b8eacd0b80d69f52e8e2e14264c05454e1f23175dd24b9811beef3329fce540) is already imported
2026-10-07 17:29:04.596+00:00 | BftProcessorExecutor-QBFT-0 | INFO  | QbftBesuControllerBuilder | Imported #212 / 220 tx / 1077 pending / 53,233,400 (0.0%) gas / (0x9b8eacd0b80d69f52e8e2e14264c05454e1f23175dd24b9811beef3329fce540)
2026-10-07 17:29:07.889+00:00 | BftProcessorExecutor-QBFT-0 | INFO  | QbftBesuControllerBuilder | Imported #213 / 206 tx / 871 pending / 49,845,820 (0.0%) gas / (0x729d8a3f2239409cce45afdc864e1fd4e82fe5ea9b76884733be2d8b6783afc1)
2026-10-07 17:29:11.336+00:00 | BftProcessorExecutor-QBFT-0 | INFO  | QbftBesuControllerBuilder | Imported #214 / 216 tx / 655 pending / 52,265,520 (0.0%) gas / (0x8f661a5a7573eff946fe86d6ac2764dd5be1d1be7cc2e35fd1d88bf1a7f2a2ba)
2026-10-07 17:29:11.334+00:00 | EthScheduler-Workers-0 | INFO  | PersistBlockTask | Block 214 (0x8f661a5a7573eff946fe86d6ac2764dd5be1d1be7cc2e35fd1d88bf1a7f2a2ba) is already imported
2026-10-07 17:29:14.434+00:00 | EthScheduler-Workers-0 | INFO  | PersistBlockTask | Block 215 (0xa556a501f729a788beb3240ea91c36f2bacab1a78df0292f885e17f7ac8726b3) is already imported
2026-10-07 17:29:14.436+00:00 | BftProcessorExecutor-QBFT-0 | INFO  | QbftBesuControllerBuilder | Imported #215 / 201 tx / 454 pending / 48,635,970 (0.0%) gas / (0xa556a501f729a788beb3240ea91c36f2bacab1a78df0292f885e17f7ac8726b3)
2026-10-07 17:29:16.976+00:00 | EthScheduler-Workers-0 | INFO  | PersistBlockTask | Block 216 (0x192c88c8ffbb0f81ef40b0e57f06d32136b4c66c2644f40c27d4cb8948160c4c) is already imported
2026-10-07 17:29:16.977+00:00 | BftProcessorExecutor-QBFT-0 | INFO  | QbftBesuControllerBuilder | Imported #216 / 165 tx / 289 pending / 39,925,050 (0.0%) gas / (0x192c88c8ffbb0f81ef40b0e57f06d32136b4c66c2644f40c27d4cb8948160c4c)
2026-10-07 17:29:19.029+00:00 | EthScheduler-Workers-0 | INFO  | PersistBlockTask | Block 217 (0x9d5112948c0ffe9bdb1e183c6a73e53c285691a904704653b602b1f4d1a62dfc) is already imported
2026-10-07 17:29:19.030+00:00 | BftProcessorExecutor-QBFT-0 | INFO  | QbftBesuControllerBuilder | Imported #217 / 128 tx / 161 pending / 30,972,160 (0.0%) gas / (0x9d5112948c0ffe9bdb1e183c6a73e53c285691a904704653b602b1f4d1a62dfc)
2026-10-07 17:29:20.967+00:00 | BftProcessorExecutor-QBFT-0 | INFO  | QbftBesuControllerBuilder | Imported #218 / 120 tx / 41 pending / 29,036,400 (0.0%) gas / (0xc37177d3bcc3e46b3e6a5eac68b7ee86f3ceab62373428d3c169899b42576b1f)
2026-10-07 17:29:21.947+00:00 | BftProcessorExecutor-QBFT-0 | INFO  | QbftBesuControllerBuilder | Imported #219 / 41 tx / 0 pending / 9,920,770 (0.0%) gas / (0x4eed81376271b5e1b78f8f666134ecdadbfc1e3af78240b894f1413a3168eb3f)
2026-10-07 17:29:21.947+00:00 | EthScheduler-Workers-0 | INFO  | PersistBlockTask | Block 219 (0x4eed81376271b5e1b78f8f666134ecdadbfc1e3af78240b894f1413a3168eb3f) is already imported
2026-10-07 17:29:23.221+00:00 | BftProcessorExecutor-QBFT-0 | INFO  | QbftBesuControllerBuilder | Produced #220 / 0 tx / 0 pending / 0 (0.0%) gas / (0x6e64cfb331de1f9507ff73aed7ece8382d104f7f9a0a95599d23cabeae6bbbca)
2026-10-07 17:29:25.263+00:00 | BftProcessorExecutor-QBFT-0 | INFO  | QbftBesuControllerBuilder | Imported #221 / 0 tx / 0 pending / 0 (0.0%) gas / (0x94c5a10177122fe1ba310193e8bd7d9783b2ca3b714bb5c07b9c7eb555753333)
2026-10-07 17:29:27.252+00:00 | BftProcessorExecutor-QBFT-0 | INFO  | QbftBesuControllerBuilder | Imported #222 / 0 tx / 0 pending / 0 (0.0%) gas / (0x2e09e1777e6514bca2a9abdaf94b676a8fade91de4409e6d42f6f1332231be19)
2026-10-07 17:29:27.252+00:00 | EthScheduler-Workers-0 | INFO  | PersistBlockTask | Block 222 (0x2e09e1777e6514bca2a9abdaf94b676a8fade91de4409e6d42f6f1332231be19) is already imported
2026-10-07 17:29:29.273+00:00 | BftProcessorExecutor-QBFT-0 | INFO  | QbftBesuControllerBuilder | Imported #223 / 0 tx / 0 pending / 0 (0.0%) gas / (0x8a24291b43e382f1a652567cc0c80065820974241807683a2b7e41e795585848)
2026-10-07 17:29:31.276+00:00 | EthScheduler-Workers-0 | INFO  | PersistBlockTask | Block 224 (0x2e86cf3272fd99186fe7328366994f08e7b1eb26c3b3b43ee4ac569d40f82787) is already imported
2026-10-07 17:29:31.277+00:00 | BftProcessorExecutor-QBFT-0 | INFO  | QbftBesuControllerBuilder | Imported #224 / 0 tx / 0 pending / 0 (0.0%) gas / (0x2e86cf3272fd99186fe7328366994f08e7b1eb26c3b3b43ee4ac569d40f82787)
2026-10-07 17:29:33.222+00:00 | BftProcessorExecutor-QBFT-0 | INFO  | QbftBesuControllerBuilder | Imported #225 / 0 tx / 0 pending / 0 (0.0%) gas / (0xd8b5f12104d82170ba796ac473765af104d25feeb8f1f9a2abf82afe8b32d089)
2026-10-07 17:29:33.223+00:00 | EthScheduler-Workers-0 | INFO  | PersistBlockTask | Block 225 (0xd8b5f12104d82170ba796ac473765af104d25feeb8f1f9a2abf82afe8b32d089) is already imported
2026-10-07 17:29:35.258+00:00 | EthScheduler-Workers-0 | INFO  | PersistBlockTask | Block 226 (0x5144aa401f1116bec14cadd7917110c72f85e1cee296882a5007ddb9e6b90783) is already imported
2026-10-07 17:29:35.259+00:00 | BftProcessorExecutor-QBFT-0 | INFO  | QbftBesuControllerBuilder | Imported #226 / 0 tx / 0 pending / 0 (0.0%) gas / (0x5144aa401f1116bec14cadd7917110c72f85e1cee296882a5007ddb9e6b90783)
2026-10-07 17:29:37.284+00:00 | EthScheduler-Workers-0 | INFO  | PersistBlockTask | Block 227 (0x18a12d56f8e2023e49942c824b13b94202d3e415e18bc79ff0e1d1bac6fff7f4) is already imported
2026-10-07 17:29:37.285+00:00 | BftProcessorExecutor-QBFT-0 | INFO  | QbftBesuControllerBuilder | Imported #227 / 0 tx / 0 pending / 0 (0.0%) gas / (0x18a12d56f8e2023e49942c824b13b94202d3e415e18bc79ff0e1d1bac6fff7f4)
2026-10-07 17:29:39.271+00:00 | BftProcessorExecutor-QBFT-0 | INFO  | QbftBesuControllerBuilder | Imported #228 / 0 tx / 0 pending / 0 (0.0%) gas / (0xbeaf3e1db682a052a34e9433c918d38f35c8aa8b2cc5c172305185e6bd4fa9d3)
2026-10-07 17:29:39.276+00:00 | EthScheduler-Workers-0 | INFO  | PersistBlockTask | Block 228 (0xbeaf3e1db682a052a34e9433c918d38f35c8aa8b2cc5c172305185e6bd4fa9d3) is already imported
2026-10-07 17:29:41.277+00:00 | BftProcessorExecutor-QBFT-0 | INFO  | QbftBesuControllerBuilder | Imported #229 / 0 tx / 0 pending / 0 (0.0%) gas / (0xa174ebd5c8cca25b9cada0860740823f09d94e19f4d206cee20ec77343839bf6)
2026-10-07 17:29:43.235+00:00 | BftProcessorExecutor-QBFT-0 | INFO  | QbftBesuControllerBuilder | Imported #230 / 0 tx / 0 pending / 0 (0.0%) gas / (0x8a65c0c153065fe39b7f4c6f1b06285e376bffcd8fe04b1ac64355e6c2408538)
2026-10-07 17:29:43.236+00:00 | EthScheduler-Workers-0 | INFO  | PersistBlockTask | Block 230 (0x8a65c0c153065fe39b7f4c6f1b06285e376bffcd8fe04b1ac64355e6c2408538) is already imported
2026-10-07 17:29:45.280+00:00 | BftProcessorExecutor-QBFT-0 | INFO  | QbftBesuControllerBuilder | Imported #231 / 0 tx / 0 pending / 0 (0.0%) gas / (0x47616b3331ff7f620789113e21bf33d4cc63cf94e01aaa5cc3697607d15a4f1e)
2026-10-07 17:29:47.237+00:00 | BftProcessorExecutor-QBFT-0 | INFO  | QbftBesuControllerBuilder | Imported #232 / 0 tx / 0 pending / 0 (0.0%) gas / (0xf09e3197ce838d8e5c2308d64498b3fe36ca9d208fe4e0e069f79c7527de3264)
2026-10-07 17:29:47.240+00:00 | EthScheduler-Workers-0 | INFO  | PersistBlockTask | Block 232 (0xf09e3197ce838d8e5c2308d64498b3fe36ca9d208fe4e0e069f79c7527de3264) is already imported
2026-10-07 17:29:49.277+00:00 | BftProcessorExecutor-QBFT-0 | INFO  | QbftBesuControllerBuilder | Imported #233 / 0 tx / 0 pending / 0 (0.0%) gas / (0x6d8743321d9ea3783bac208c336fbf1e993f83beae55e87c09127f3fb434e8db)
2026-10-07 17:29:51.275+00:00 | BftProcessorExecutor-QBFT-0 | INFO  | QbftBesuControllerBuilder | Imported #234 / 0 tx / 0 pending / 0 (0.0%) gas / (0x0678917821762983a54f9cf6e403a42232529cec40ce145737cd708a94e372b4)
2026-10-07 17:29:53.217+00:00 | BftProcessorExecutor-QBFT-0 | INFO  | QbftBesuControllerBuilder | Produced #235 / 0 tx / 0 pending / 0 (0.0%) gas / (0xdcd03d38442748ce498d2ef4db58d43e93783b563f169571d2fad205efea0bd0)
2026-10-07 17:29:55.274+00:00 | BftProcessorExecutor-QBFT-0 | INFO  | QbftBesuControllerBuilder | Imported #236 / 0 tx / 0 pending / 0 (0.0%) gas / (0xd9894b19611a6e7a180fb037a4d093e7fde7dfd575555154575db53145b3f2a0)
2026-10-07 17:29:57.244+00:00 | BftProcessorExecutor-QBFT-0 | INFO  | QbftBesuControllerBuilder | Imported #237 / 0 tx / 0 pending / 0 (0.0%) gas / (0x4fe1e932a5580b92de6f934d2a054a2ba397ccf1a05dbe1410e92cd90495bfe8)
2026-10-07 17:29:59.349+00:00 | EthScheduler-Workers-0 | INFO  | PersistBlockTask | Block 238 (0xec08820e321315a581a3f64e392ff7c832028b9c944d7550097c1e4dcc4df236) is already imported
2026-10-07 17:29:59.350+00:00 | BftProcessorExecutor-QBFT-0 | INFO  | QbftBesuControllerBuilder | Imported #238 / 0 tx / 0 pending / 0 (0.0%) gas / (0xec08820e321315a581a3f64e392ff7c832028b9c944d7550097c1e4dcc4df236)
2026-10-07 17:30:01.281+00:00 | BftProcessorExecutor-QBFT-0 | INFO  | QbftBesuControllerBuilder | Imported #239 / 0 tx / 0 pending / 0 (0.0%) gas / (0x00e8cbcbf4123026c92ccd84e87c887cbbc10413746a4b0348a07576bf4e4588)
2026-10-07 17:30:01.284+00:00 | EthScheduler-Workers-0 | INFO  | PersistBlockTask | Block 239 (0x00e8cbcbf4123026c92ccd84e87c887cbbc10413746a4b0348a07576bf4e4588) is already imported
2026-10-07 17:30:03.220+00:00 | BftProcessorExecutor-QBFT-0 | INFO  | QbftBesuControllerBuilder | Imported #240 / 0 tx / 0 pending / 0 (0.0%) gas / (0xaa014d828339ca8893e7b7d76b519e9f1a23e8839aab7ad131c6d1ad8c386d68)
2026-10-07 17:30:05.286+00:00 | BftProcessorExecutor-QBFT-0 | INFO  | QbftBesuControllerBuilder | Imported #241 / 0 tx / 0 pending / 0 (0.0%) gas / (0x8fabc4eeda1ff8cad292ff643ada5b7fc6f28c5752910776649724b071f3d2ef)
2026-10-07 17:30:07.237+00:00 | BftProcessorExecutor-QBFT-0 | INFO  | QbftBesuControllerBuilder | Imported #242 / 0 tx / 0 pending / 0 (0.0%) gas / (0xdde2dd3da572826ae3c4565756aad9e301ea73d80b524d363b54e21abec64b01)
2026-10-07 17:30:09.354+00:00 | BftProcessorExecutor-QBFT-0 | INFO  | QbftBesuControllerBuilder | Imported #243 / 0 tx / 0 pending / 0 (0.0%) gas / (0x198ea5bdadaf8a593e08fd9f99cc5a6f1535e2a2a41ff435d61445f3962128d5)
2026-10-07 17:30:11.258+00:00 | BftProcessorExecutor-QBFT-0 | INFO  | QbftBesuControllerBuilder | Imported #244 / 0 tx / 0 pending / 0 (0.0%) gas / (0x10e5d51b58482ec69ef4ab0b3f71daf0fc7787f91c9b469105d7c06985a1af7f)
2026-10-07 17:30:13.212+00:00 | BftProcessorExecutor-QBFT-0 | INFO  | QbftBesuControllerBuilder | Imported #245 / 0 tx / 0 pending / 0 (0.0%) gas / (0xb8004a8627f506b3e4253112a35bcc35e556356cf3387b88f96fb0dc49f8bede)
2026-10-07 17:30:15.258+00:00 | BftProcessorExecutor-QBFT-0 | INFO  | QbftBesuControllerBuilder | Imported #246 / 0 tx / 0 pending / 0 (0.0%) gas / (0x9679a908d063ad2ef5bf446cd72618f10fd1f8c7c0bee8c05f61e0e1002d0383)
2026-10-07 17:30:17.287+00:00 | BftProcessorExecutor-QBFT-0 | INFO  | QbftBesuControllerBuilder | Imported #247 / 0 tx / 0 pending / 0 (0.0%) gas / (0x4eee0a359b3c3a95e8c9b339b4cd87e2655ece7288e9f5a7af031e87441c7248)
2026-10-07 17:30:19.259+00:00 | BftProcessorExecutor-QBFT-0 | INFO  | QbftBesuControllerBuilder | Imported #248 / 0 tx / 0 pending / 0 (0.0%) gas / (0xefe8e0605c6b693db31b399e792efc15374d5ed37a0baa7eb3805556e05a2723)
2026-10-07 17:30:21.267+00:00 | BftProcessorExecutor-QBFT-0 | INFO  | QbftBesuControllerBuilder | Imported #249 / 0 tx / 0 pending / 0 (0.0%) gas / (0x3f8e5dbda8deee649e848940c0a3e344939b7605b2e2f8b54d6b74a91c793df7)
2026-10-07 17:30:23.229+00:00 | BftProcessorExecutor-QBFT-0 | INFO  | QbftBesuControllerBuilder | Produced #250 / 0 tx / 0 pending / 0 (0.0%) gas / (0x2969e56c343e479697e83afe0fea47098fd11de5fe003c9d395e30f1effb1ef6)
2026-10-07 17:30:25.269+00:00 | BftProcessorExecutor-QBFT-0 | INFO  | QbftBesuControllerBuilder | Imported #251 / 0 tx / 0 pending / 0 (0.0%) gas / (0x57ec5c16f84c9033fbf985cf8e9731ea288085332594d9d95bb95a28409ce4a4)
2026-10-07 17:30:27.248+00:00 | BftProcessorExecutor-QBFT-0 | INFO  | QbftBesuControllerBuilder | Imported #252 / 0 tx / 0 pending / 0 (0.0%) gas / (0xdede3f5f1093f80e25500aeccb82df8fed7f2affca16b573ef454b14c97a7671)
2026-10-07 17:30:29.333+00:00 | EthScheduler-Workers-0 | INFO  | PersistBlockTask | Block 253 (0x4323717abae39f3a37088ad0d93cad594b09c4b15557617366227543a3c77038) is already imported
2026-10-07 17:30:29.334+00:00 | BftProcessorExecutor-QBFT-0 | INFO  | QbftBesuControllerBuilder | Imported #253 / 0 tx / 0 pending / 0 (0.0%) gas / (0x4323717abae39f3a37088ad0d93cad594b09c4b15557617366227543a3c77038)
2026-10-07 17:30:31.267+00:00 | EthScheduler-Workers-0 | INFO  | PersistBlockTask | Block 254 (0xe757b7fae46b88b4198fbb7dbb26ae6d4c6a9605f6718235b4e19cd83eddc454) is already imported
2026-10-07 17:30:31.267+00:00 | BftProcessorExecutor-QBFT-0 | INFO  | QbftBesuControllerBuilder | Imported #254 / 0 tx / 0 pending / 0 (0.0%) gas / (0xe757b7fae46b88b4198fbb7dbb26ae6d4c6a9605f6718235b4e19cd83eddc454)
2026-10-07 17:30:33.233+00:00 | BftProcessorExecutor-QBFT-0 | INFO  | QbftBesuControllerBuilder | Imported #255 / 0 tx / 0 pending / 0 (0.0%) gas / (0x659bb4c24cad946a1ad496e331096fdcbbd3afb65283f1fbbac3ed4243e43c50)
2026-10-07 17:30:35.285+00:00 | EthScheduler-Workers-0 | INFO  | PersistBlockTask | Block 256 (0x595488002f892c45dd2e1947bffaeb077cad9cd0f45a03fdb48b6081d2ed2f70) is already imported
2026-10-07 17:30:35.286+00:00 | BftProcessorExecutor-QBFT-0 | INFO  | QbftBesuControllerBuilder | Imported #256 / 0 tx / 0 pending / 0 (0.0%) gas / (0x595488002f892c45dd2e1947bffaeb077cad9cd0f45a03fdb48b6081d2ed2f70)
2026-10-07 17:30:37.271+00:00 | BftProcessorExecutor-QBFT-0 | INFO  | QbftBesuControllerBuilder | Imported #257 / 0 tx / 0 pending / 0 (0.0%) gas / (0xa96de0f62beb31beb445999b84b37109380adac1cb47d3a2b41e906b2b92f8f2)
2026-10-07 17:30:39.357+00:00 | BftProcessorExecutor-QBFT-0 | INFO  | QbftBesuControllerBuilder | Imported #258 / 0 tx / 0 pending / 0 (0.0%) gas / (0x822e2c724c86aa34cf3efbfacfd8c889cd4259293ea8e7f2d64b736c3d721dd4)
2026-10-07 17:30:39.363+00:00 | EthScheduler-Workers-0 | INFO  | PersistBlockTask | Block 258 (0x822e2c724c86aa34cf3efbfacfd8c889cd4259293ea8e7f2d64b736c3d721dd4) is already imported
2026-10-07 17:30:41.274+00:00 | BftProcessorExecutor-QBFT-0 | INFO  | QbftBesuControllerBuilder | Imported #259 / 0 tx / 0 pending / 0 (0.0%) gas / (0x7ae7925de765af4c6735e320cdffb835667ef8f7241e8d3086bd38501b7df40d)
2026-10-07 17:30:43.231+00:00 | BftProcessorExecutor-QBFT-0 | INFO  | QbftBesuControllerBuilder | Imported #260 / 0 tx / 0 pending / 0 (0.0%) gas / (0x46b57605b56e4d5565f341cac8474e83eefc8869b42813df918071d3d42b9712)
2026-10-07 17:30:45.266+00:00 | BftProcessorExecutor-QBFT-0 | INFO  | QbftBesuControllerBuilder | Imported #261 / 0 tx / 0 pending / 0 (0.0%) gas / (0x311a8772ed4e9d48210730947697fbccbe0e83949d814d74d77ae9a52252a839)
2026-10-07 17:30:45.269+00:00 | EthScheduler-Workers-0 | INFO  | PersistBlockTask | Block 261 (0x311a8772ed4e9d48210730947697fbccbe0e83949d814d74d77ae9a52252a839) is already imported
2026-10-07 17:30:47.247+00:00 | EthScheduler-Workers-0 | INFO  | PersistBlockTask | Block 262 (0x7557a2ce04ec28085830192fcd2b3085107f0e7fcedc411c9298c0aa0230b15b) is already imported
2026-10-07 17:30:47.247+00:00 | BftProcessorExecutor-QBFT-0 | INFO  | QbftBesuControllerBuilder | Imported #262 / 0 tx / 0 pending / 0 (0.0%) gas / (0x7557a2ce04ec28085830192fcd2b3085107f0e7fcedc411c9298c0aa0230b15b)
2026-10-07 17:30:49.337+00:00 | BftProcessorExecutor-QBFT-0 | INFO  | QbftBesuControllerBuilder | Imported #263 / 0 tx / 0 pending / 0 (0.0%) gas / (0x706c037aecbdb437cdfefc5e27ed188cef9af64c798cf50a3a7889c7ac54ca9b)
2026-10-07 17:30:51.272+00:00 | BftProcessorExecutor-QBFT-0 | INFO  | QbftBesuControllerBuilder | Imported #264 / 0 tx / 0 pending / 0 (0.0%) gas / (0xd321482ee4e6e04786cb81850722af8e08118aeb17252f3af10ede8ce59dade0)
2026-10-07 17:30:51.273+00:00 | EthScheduler-Workers-0 | INFO  | PersistBlockTask | Block 264 (0xd321482ee4e6e04786cb81850722af8e08118aeb17252f3af10ede8ce59dade0) is already imported
2026-10-07 17:30:53.229+00:00 | BftProcessorExecutor-QBFT-0 | INFO  | QbftBesuControllerBuilder | Produced #265 / 0 tx / 0 pending / 0 (0.0%) gas / (0xa81e2297173699bbefaac5391144d3ad791a1239a068b611c5b417312583d6c5)
2026-10-07 17:30:55.259+00:00 | EthScheduler-Workers-0 | INFO  | PersistBlockTask | Block 266 (0xdb1e065c440e90759592aa2673959660b2d7b1862cf382bdd3165b0d30524010) is already imported
2026-10-07 17:30:55.259+00:00 | BftProcessorExecutor-QBFT-0 | INFO  | QbftBesuControllerBuilder | Imported #266 / 0 tx / 0 pending / 0 (0.0%) gas / (0xdb1e065c440e90759592aa2673959660b2d7b1862cf382bdd3165b0d30524010)
2026-10-07 17:30:57.234+00:00 | BftProcessorExecutor-QBFT-0 | INFO  | QbftBesuControllerBuilder | Imported #267 / 0 tx / 0 pending / 0 (0.0%) gas / (0xb34b40f3494a5970d23e5df94037ce4cffc6d1486a2dbaf73cfd68a6fc7507de)
2026-10-07 17:30:57.239+00:00 | EthScheduler-Workers-0 | INFO  | PersistBlockTask | Block 267 (0xb34b40f3494a5970d23e5df94037ce4cffc6d1486a2dbaf73cfd68a6fc7507de) is already imported
2026-10-07 17:30:59.263+00:00 | BftProcessorExecutor-QBFT-0 | INFO  | QbftBesuControllerBuilder | Imported #268 / 0 tx / 0 pending / 0 (0.0%) gas / (0x990f0d8896fcde826d6750ff158ff0017f069819bc0cbc167ae1b60ccafa3887)
2026-10-07 17:31:01.272+00:00 | BftProcessorExecutor-QBFT-0 | INFO  | QbftBesuControllerBuilder | Imported #269 / 0 tx / 0 pending / 0 (0.0%) gas / (0x1e6c510eed2371eb09e0270393e72e053b6892838c2075673752abaa0c1a6a7c)
2026-10-07 17:31:03.221+00:00 | BftProcessorExecutor-QBFT-0 | INFO  | QbftBesuControllerBuilder | Imported #270 / 0 tx / 0 pending / 0 (0.0%) gas / (0x76e0977801c77d417635a4e7e6894f3d9f3f8a1abbb2c7dbb0dc9477a8b6b12c)
2026-10-07 17:31:05.248+00:00 | BftProcessorExecutor-QBFT-0 | INFO  | QbftBesuControllerBuilder | Imported #271 / 0 tx / 0 pending / 0 (0.0%) gas / (0x6248e9699cad73ce2839b0da46db4d0879cc255d75e983a6438efe06f549d4b4)
2026-10-07 17:31:07.264+00:00 | BftProcessorExecutor-QBFT-0 | INFO  | QbftBesuControllerBuilder | Imported #272 / 0 tx / 0 pending / 0 (0.0%) gas / (0x3c56a664cfb7203b0901ab45238b8f4717705eda5391af1f2d16243ac8fcd483)
2026-10-07 17:31:09.274+00:00 | BftProcessorExecutor-QBFT-0 | INFO  | QbftBesuControllerBuilder | Imported #273 / 0 tx / 0 pending / 0 (0.0%) gas / (0x1eff50fc3a336a2888a45097d77670e4a5d9cfdf131bee6d0e538724b9f37ae2)
2026-10-07 17:31:11.266+00:00 | BftProcessorExecutor-QBFT-0 | INFO  | QbftBesuControllerBuilder | Imported #274 / 0 tx / 0 pending / 0 (0.0%) gas / (0x6863d79f025073c84189ae55e695f3a47aa171d7bdd94a4c4558277e003e21ca)
2026-10-07 17:31:13.232+00:00 | BftProcessorExecutor-QBFT-0 | INFO  | QbftBesuControllerBuilder | Imported #275 / 0 tx / 0 pending / 0 (0.0%) gas / (0xf111b0c6652a8c2f61147787d0c1acec6db09f94eb7ecb7c58445bef5e49b83c)
2026-10-07 17:31:15.252+00:00 | BftProcessorExecutor-QBFT-0 | INFO  | QbftBesuControllerBuilder | Imported #276 / 0 tx / 0 pending / 0 (0.0%) gas / (0xc7148890f7a62ce8694b47f522069f6430c0b617dc42900b4c2f5daa8f4a8f71)
2026-10-07 17:31:15.252+00:00 | EthScheduler-Workers-0 | INFO  | PersistBlockTask | Block 276 (0xc7148890f7a62ce8694b47f522069f6430c0b617dc42900b4c2f5daa8f4a8f71) is already imported
2026-10-07 17:31:17.288+00:00 | BftProcessorExecutor-QBFT-0 | INFO  | QbftBesuControllerBuilder | Imported #277 / 0 tx / 0 pending / 0 (0.0%) gas / (0x3afe131f9acb3b18d86f60c3b45fdd61f0f158e11a8a008496b9812ce523a129)
2026-10-07 17:31:19.347+00:00 | BftProcessorExecutor-QBFT-0 | INFO  | QbftBesuControllerBuilder | Imported #278 / 0 tx / 0 pending / 0 (0.0%) gas / (0x31b6101cb24dc48b89305af3a0dfd4ed7f2d49bccbed9ad6a1a61e14afa7a33e)
2026-10-07 17:31:21.288+00:00 | BftProcessorExecutor-QBFT-0 | INFO  | QbftBesuControllerBuilder | Imported #279 / 0 tx / 0 pending / 0 (0.0%) gas / (0xce9f12121b41db798dfebac6326ccb8ce3bdbcbf56634789d3356b054f596d88)
2026-10-07 17:31:23.233+00:00 | BftProcessorExecutor-QBFT-0 | INFO  | QbftBesuControllerBuilder | Produced #280 / 0 tx / 0 pending / 0 (0.0%) gas / (0x48d0ead2002be6486d072a5e94bf98f5046423a7475af1212dddaa1377c25678)
2026-10-07 17:31:25.247+00:00 | BftProcessorExecutor-QBFT-0 | INFO  | QbftBesuControllerBuilder | Imported #281 / 0 tx / 0 pending / 0 (0.0%) gas / (0x16256cf9a3963e482b4e56dc1ea88dcbbec168da32f0f6b0525b429c7c350116)
2026-10-07 17:31:27.283+00:00 | BftProcessorExecutor-QBFT-0 | INFO  | QbftBesuControllerBuilder | Imported #282 / 0 tx / 0 pending / 0 (0.0%) gas / (0xdd14a9db68cb130e60adb3c34aed8b234beba31b590e8433c71f23370727ccf7)
2026-10-07 17:31:29.329+00:00 | BftProcessorExecutor-QBFT-0 | INFO  | QbftBesuControllerBuilder | Imported #283 / 0 tx / 0 pending / 0 (0.0%) gas / (0x74dc49421d565794a6cbbd3c65ed76e86b46a134dd0ca4f4a39c55b256427333)
2026-10-07 17:31:29.329+00:00 | EthScheduler-Workers-0 | INFO  | PersistBlockTask | Block 283 (0x74dc49421d565794a6cbbd3c65ed76e86b46a134dd0ca4f4a39c55b256427333) is already imported
2026-10-07 17:31:31.280+00:00 | EthScheduler-Workers-0 | INFO  | PersistBlockTask | Block 284 (0xccf21a31f28f35a26ae01935c8a0e8a5c5b60dcc32b9d5f78707cc870803b26e) is already imported
2026-10-07 17:31:31.280+00:00 | BftProcessorExecutor-QBFT-0 | INFO  | QbftBesuControllerBuilder | Imported #284 / 0 tx / 0 pending / 0 (0.0%) gas / (0xccf21a31f28f35a26ae01935c8a0e8a5c5b60dcc32b9d5f78707cc870803b26e)
2026-10-07 17:31:33.218+00:00 | BftProcessorExecutor-QBFT-0 | INFO  | QbftBesuControllerBuilder | Imported #285 / 0 tx / 0 pending / 0 (0.0%) gas / (0xda29ce01b7e3c23fe6f7c4a4b49e341b8c8c07d0c6d7776509a60c9569eb16da)
2026-10-07 17:31:35.273+00:00 | BftProcessorExecutor-QBFT-0 | INFO  | QbftBesuControllerBuilder | Imported #286 / 0 tx / 0 pending / 0 (0.0%) gas / (0xde912d81a25c6c09380186f1c44ce988b7cf300ed934481dd0449a56bce103f5)
2026-10-07 17:31:37.247+00:00 | BftProcessorExecutor-QBFT-0 | INFO  | QbftBesuControllerBuilder | Imported #287 / 0 tx / 0 pending / 0 (0.0%) gas / (0xe1cbbd3abce29e401ead2d00fe9abe1e76e1d819b172d0e17183a486d2d994b1)
2026-10-07 17:31:39.312+00:00 | BftProcessorExecutor-QBFT-0 | INFO  | QbftBesuControllerBuilder | Imported #288 / 0 tx / 0 pending / 0 (0.0%) gas / (0xa6fb49c21b134c26f9093701798f42f2cb5fa6362c75bc8315a0c2eb6ddd2f5e)
2026-10-07 17:31:41.261+00:00 | BftProcessorExecutor-QBFT-0 | INFO  | QbftBesuControllerBuilder | Imported #289 / 0 tx / 0 pending / 0 (0.0%) gas / (0xe67f3ef5a589b9fd0cfc611b2ccc0423e6edf1babe5244f585a15d2a50fe9145)
2026-10-07 17:31:43.376+00:00 | BftProcessorExecutor-QBFT-0 | INFO  | QbftBesuControllerBuilder | Imported #290 / 33 tx / 557 pending / 5,069,942 (0.0%) gas / (0xf23cb248a50d672f262ad1939227193de0a04b76b1dc73aef35e828ef484eff3)
2026-10-07 17:31:45.469+00:00 | EthScheduler-Workers-0 | INFO  | PersistBlockTask | Block 291 (0x60925207ffc50d587f28ee3f1b9bfaa3e09710eae499f05c27e041114877b36e) is already imported
2026-10-07 17:31:45.471+00:00 | BftProcessorExecutor-QBFT-0 | INFO  | QbftBesuControllerBuilder | Imported #291 / 59 tx / 907 pending / 9,064,270 (0.0%) gas / (0x60925207ffc50d587f28ee3f1b9bfaa3e09710eae499f05c27e041114877b36e)
2026-10-07 17:31:47.623+00:00 | EthScheduler-Workers-0 | INFO  | PersistBlockTask | Block 292 (0xe92b35a8b1dc7f4d20e8f6a5b0bcb3322518ba63f01005aaeeb575e9b7d9ef02) is already imported
2026-10-07 17:31:47.626+00:00 | BftProcessorExecutor-QBFT-0 | INFO  | QbftBesuControllerBuilder | Imported #292 / 68 tx / 864 pending / 10,447,144 (0.0%) gas / (0xe92b35a8b1dc7f4d20e8f6a5b0bcb3322518ba63f01005aaeeb575e9b7d9ef02)
2026-10-07 17:31:49.785+00:00 | EthScheduler-Workers-0 | INFO  | PersistBlockTask | Block 293 (0x6c9be3fcf3e78eceeb36bacaec935a631fa29081cb9d990be91a92344117ab71) is already imported
2026-10-07 17:31:49.787+00:00 | BftProcessorExecutor-QBFT-0 | INFO  | QbftBesuControllerBuilder | Imported #293 / 68 tx / 796 pending / 10,447,140 (0.0%) gas / (0x6c9be3fcf3e78eceeb36bacaec935a631fa29081cb9d990be91a92344117ab71)
2026-10-07 17:31:51.827+00:00 | EthScheduler-Workers-0 | INFO  | PersistBlockTask | Block 294 (0xfa8e1c793d88a22f7a0a2a2c458924f3f4246ff0b63f9fb2cabfdc09a78ebe70) is already imported
2026-10-07 17:31:51.829+00:00 | BftProcessorExecutor-QBFT-0 | INFO  | QbftBesuControllerBuilder | Imported #294 / 68 tx / 728 pending / 10,447,304 (0.0%) gas / (0xfa8e1c793d88a22f7a0a2a2c458924f3f4246ff0b63f9fb2cabfdc09a78ebe70)
2026-10-07 17:31:53.818+00:00 | EthScheduler-Workers-0 | INFO  | PersistBlockTask | Block 295 (0x318bc7be30ce14704605635dfe6dca1f8d3eddc1721dde72b4c40b6e4d50053f) is already imported
2026-10-07 17:31:53.818+00:00 | BftProcessorExecutor-QBFT-0 | INFO  | QbftBesuControllerBuilder | Produced #295 / 68 tx / 660 pending / 10,447,168 (0.0%) gas / (0x318bc7be30ce14704605635dfe6dca1f8d3eddc1721dde72b4c40b6e4d50053f)
2026-10-07 17:31:55.854+00:00 | EthScheduler-Workers-0 | INFO  | PersistBlockTask | Block 296 (0x05e09c6185a0c7df29a874d337d88a7f4ec5355a8cbae6c23217a3e6fc99b17a) is already imported
2026-10-07 17:31:55.855+00:00 | BftProcessorExecutor-QBFT-0 | INFO  | QbftBesuControllerBuilder | Imported #296 / 68 tx / 592 pending / 10,447,192 (0.0%) gas / (0x05e09c6185a0c7df29a874d337d88a7f4ec5355a8cbae6c23217a3e6fc99b17a)
2026-10-07 17:31:57.807+00:00 | EthScheduler-Workers-0 | INFO  | PersistBlockTask | Block 297 (0x503720d0502f34d6838a29cc46dbf474b07111ec6f72c81a3c0ce2c2890dc235) is already imported
2026-10-07 17:31:57.808+00:00 | BftProcessorExecutor-QBFT-0 | INFO  | QbftBesuControllerBuilder | Imported #297 / 68 tx / 524 pending / 10,447,056 (0.0%) gas / (0x503720d0502f34d6838a29cc46dbf474b07111ec6f72c81a3c0ce2c2890dc235)
2026-10-07 17:31:59.664+00:00 | BftProcessorExecutor-QBFT-0 | INFO  | QbftBesuControllerBuilder | Imported #298 / 68 tx / 456 pending / 10,447,104 (0.0%) gas / (0x884689a9e6814669d741ee694935e513329f2e8f0e6e3adca3776c6648aad454)
2026-10-07 17:32:01.781+00:00 | BftProcessorExecutor-QBFT-0 | INFO  | QbftBesuControllerBuilder | Imported #299 / 68 tx / 388 pending / 10,447,084 (0.0%) gas / (0xadcfd95a7b542c457e7d888d600d3f03d05fbecb687c7ecd625844317d1f0c1c)
2026-10-07 17:32:01.781+00:00 | EthScheduler-Workers-0 | INFO  | PersistBlockTask | Block 299 (0xadcfd95a7b542c457e7d888d600d3f03d05fbecb687c7ecd625844317d1f0c1c) is already imported
2026-10-07 17:32:03.762+00:00 | EthScheduler-Workers-0 | INFO  | PersistBlockTask | Block 300 (0x902335afe7df2045caa3f0a43a18f45b8fa97aebaa536c2e7785d158aef09f63) is already imported
2026-10-07 17:32:03.763+00:00 | BftProcessorExecutor-QBFT-0 | INFO  | QbftBesuControllerBuilder | Imported #300 / 69 tx / 319 pending / 10,600,834 (0.0%) gas / (0x902335afe7df2045caa3f0a43a18f45b8fa97aebaa536c2e7785d158aef09f63)
2026-10-07 17:32:05.839+00:00 | BftProcessorExecutor-QBFT-0 | INFO  | QbftBesuControllerBuilder | Imported #301 / 69 tx / 250 pending / 10,600,786 (0.0%) gas / (0xb951ac3f408feaa9ccfb0bf7dcbdc4f0d7d8c1766d56d63f6704b55940bc6a21)
2026-10-07 17:32:07.781+00:00 | EthScheduler-Workers-0 | INFO  | PersistBlockTask | Block 302 (0xa8f49851b9e9ccd5a5d28c07e9eb93a7ca6e43e153742f5b2eac2242573bee8a) is already imported
2026-10-07 17:32:07.781+00:00 | BftProcessorExecutor-QBFT-0 | INFO  | QbftBesuControllerBuilder | Imported #302 / 69 tx / 181 pending / 10,600,522 (0.0%) gas / (0xa8f49851b9e9ccd5a5d28c07e9eb93a7ca6e43e153742f5b2eac2242573bee8a)
2026-10-07 17:32:09.928+00:00 | BftProcessorExecutor-QBFT-0 | INFO  | QbftBesuControllerBuilder | Imported #303 / 69 tx / 112 pending / 10,600,926 (0.0%) gas / (0x495a6309f1c5748b7752479841637ef5d97dca397880c275eb9a01e51c9ccd7f)
2026-10-07 17:32:11.885+00:00 | EthScheduler-Workers-0 | INFO  | PersistBlockTask | Block 304 (0x29c6066b2aba037136b4e5dff1b4fdd6b026aa5ff2d3b38365cad2fb388eec24) is already imported
2026-10-07 17:32:11.886+00:00 | BftProcessorExecutor-QBFT-0 | INFO  | QbftBesuControllerBuilder | Imported #304 / 68 tx / 44 pending / 10,447,148 (0.0%) gas / (0x29c6066b2aba037136b4e5dff1b4fdd6b026aa5ff2d3b38365cad2fb388eec24)
2026-10-07 17:32:13.518+00:00 | BftProcessorExecutor-QBFT-0 | INFO  | QbftBesuControllerBuilder | Imported #305 / 35 tx / 9 pending / 5,377,162 (0.0%) gas / (0x64702205d0dd0ebcc7f8754fbbb59117fb494c2b944f8758c05d6094849d7b11)
2026-10-07 17:32:15.348+00:00 | BftProcessorExecutor-QBFT-0 | INFO  | QbftBesuControllerBuilder | Imported #306 / 9 tx / 0 pending / 1,382,722 (0.0%) gas / (0x311662fcca6fd61c736404cf5f39644436b6129e2c873dc88758f710bc874704)
2026-10-07 17:32:17.250+00:00 | BftProcessorExecutor-QBFT-0 | INFO  | QbftBesuControllerBuilder | Imported #307 / 0 tx / 0 pending / 0 (0.0%) gas / (0xa10f2cf0351d306703796144d06ec9647d97e7a9498cc3f0aabb33e1dda8fe38)
2026-10-07 17:32:19.348+00:00 | EthScheduler-Workers-0 | INFO  | PersistBlockTask | Block 308 (0x0c0084535151c543fdbd504363a74a42e051f7022b6456140aa5c57907eb403f) is already imported
2026-10-07 17:32:19.348+00:00 | BftProcessorExecutor-QBFT-0 | INFO  | QbftBesuControllerBuilder | Imported #308 / 0 tx / 0 pending / 0 (0.0%) gas / (0x0c0084535151c543fdbd504363a74a42e051f7022b6456140aa5c57907eb403f)
2026-10-07 17:32:21.273+00:00 | BftProcessorExecutor-QBFT-0 | INFO  | QbftBesuControllerBuilder | Imported #309 / 0 tx / 0 pending / 0 (0.0%) gas / (0x5d4e5cd9355933191ab3f0c64bdb46befb5c94535b0ceb8996fabb7425084f84)
2026-10-07 17:32:23.213+00:00 | BftProcessorExecutor-QBFT-0 | INFO  | QbftBesuControllerBuilder | Produced #310 / 0 tx / 0 pending / 0 (0.0%) gas / (0x34fcc662c27534f6d1f69f0750ad5bb8f6d78e3bfc6e340ffe256ceca26fe942)
2026-10-07 17:32:25.288+00:00 | BftProcessorExecutor-QBFT-0 | INFO  | QbftBesuControllerBuilder | Imported #311 / 0 tx / 0 pending / 0 (0.0%) gas / (0x58b6089cfc2c4007bc57a5f1981c21ade373f5c3e4b325dc7773be469061325c)
2026-10-07 17:32:27.256+00:00 | BftProcessorExecutor-QBFT-0 | INFO  | QbftBesuControllerBuilder | Imported #312 / 0 tx / 0 pending / 0 (0.0%) gas / (0x7fb109798221894822b5381f1e640d74d62f4d9655fa627b8e79ac6413d34c96)
2026-10-07 17:32:27.258+00:00 | EthScheduler-Workers-0 | INFO  | PersistBlockTask | Block 312 (0x7fb109798221894822b5381f1e640d74d62f4d9655fa627b8e79ac6413d34c96) is already imported
2026-10-07 17:32:29.266+00:00 | BftProcessorExecutor-QBFT-0 | INFO  | QbftBesuControllerBuilder | Imported #313 / 0 tx / 0 pending / 0 (0.0%) gas / (0xa6c758e757eb9d78af86559e527ff3d343e441e25c12cd02b144b3476236a2a8)
2026-10-07 17:32:31.256+00:00 | BftProcessorExecutor-QBFT-0 | INFO  | QbftBesuControllerBuilder | Imported #314 / 0 tx / 0 pending / 0 (0.0%) gas / (0xa4b9ea55efd6b5636ef7fc09be06a05b651c26094d3e9857e99583b48f086d2b)
2026-10-07 17:32:33.220+00:00 | BftProcessorExecutor-QBFT-0 | INFO  | QbftBesuControllerBuilder | Imported #315 / 0 tx / 0 pending / 0 (0.0%) gas / (0xa3da5f47382f5a4735b4e31270ac015d3485ecff8bbf616998927a52fcbcb6c6)
2026-10-07 17:32:35.272+00:00 | BftProcessorExecutor-QBFT-0 | INFO  | QbftBesuControllerBuilder | Imported #316 / 0 tx / 0 pending / 0 (0.0%) gas / (0x7094c42a627ae31b6deaddafdd0f973f89ed28bf9f3bc58bbc841493ed2ce4fc)
2026-10-07 17:32:37.243+00:00 | BftProcessorExecutor-QBFT-0 | INFO  | QbftBesuControllerBuilder | Imported #317 / 0 tx / 0 pending / 0 (0.0%) gas / (0xb22566ffb651700de636340c9565199a89907fc6ef534fc1f90ccefe87d47c0b)
2026-10-07 17:32:39.255+00:00 | BftProcessorExecutor-QBFT-0 | INFO  | QbftBesuControllerBuilder | Imported #318 / 0 tx / 0 pending / 0 (0.0%) gas / (0xb4cecca555ecf043c0230dd8f9495749ee3b2962716a80e5a61d8d5da9600d5f)
2026-10-07 17:32:39.262+00:00 | EthScheduler-Workers-0 | INFO  | PersistBlockTask | Block 318 (0xb4cecca555ecf043c0230dd8f9495749ee3b2962716a80e5a61d8d5da9600d5f) is already imported
2026-10-07 17:32:41.267+00:00 | BftProcessorExecutor-QBFT-0 | INFO  | QbftBesuControllerBuilder | Imported #319 / 0 tx / 0 pending / 0 (0.0%) gas / (0xdc154d7f8979b82b3861932fc486ed514f900e9dadf796cceb031bc8da4cb4a3)
2026-10-07 17:32:43.226+00:00 | BftProcessorExecutor-QBFT-0 | INFO  | QbftBesuControllerBuilder | Imported #320 / 0 tx / 0 pending / 0 (0.0%) gas / (0xca4865831d0ac54282e917c8304c5323ab6f8681d0fe0d78f15ff4cecc778820)
2026-10-07 17:32:45.260+00:00 | BftProcessorExecutor-QBFT-0 | INFO  | QbftBesuControllerBuilder | Imported #321 / 0 tx / 0 pending / 0 (0.0%) gas / (0xb475b6d34cda7e8ba23945ca918f486202cee16b5c8c6f5752ec9efabf9a417a)
2026-10-07 17:32:47.287+00:00 | BftProcessorExecutor-QBFT-0 | INFO  | QbftBesuControllerBuilder | Imported #322 / 0 tx / 0 pending / 0 (0.0%) gas / (0x007d377c6b7b53c38e1dbed64271c8282961872f2db8713a67c78d5146187f66)
2026-10-07 17:32:47.291+00:00 | EthScheduler-Workers-0 | INFO  | PersistBlockTask | Block 322 (0x007d377c6b7b53c38e1dbed64271c8282961872f2db8713a67c78d5146187f66) is already imported
2026-10-07 17:32:49.264+00:00 | BftProcessorExecutor-QBFT-0 | INFO  | QbftBesuControllerBuilder | Imported #323 / 0 tx / 0 pending / 0 (0.0%) gas / (0xd3393b914701dbb8e9e9a2491a39e5e1796f1609882e57adcaaee88065806cf6)
2026-10-07 17:32:51.279+00:00 | BftProcessorExecutor-QBFT-0 | INFO  | QbftBesuControllerBuilder | Imported #324 / 0 tx / 0 pending / 0 (0.0%) gas / (0x8d0efd69cf9c98db4fbfd940510d1d63467b64bc9960bb0896eed4a5977420e4)
2026-10-07 17:32:53.233+00:00 | BftProcessorExecutor-QBFT-0 | INFO  | QbftBesuControllerBuilder | Produced #325 / 0 tx / 0 pending / 0 (0.0%) gas / (0xb00df00450dcd8663f529a991241814a4ceed6452cb5da8b85f73f39a393f052)
2026-10-07 17:32:55.289+00:00 | BftProcessorExecutor-QBFT-0 | INFO  | QbftBesuControllerBuilder | Imported #326 / 0 tx / 0 pending / 0 (0.0%) gas / (0x58ec3b2b5e5faf9451cb0d008a79d53235f1e65b5841eab60084e087518382b4)
2026-10-07 17:32:57.250+00:00 | BftProcessorExecutor-QBFT-0 | INFO  | QbftBesuControllerBuilder | Imported #327 / 0 tx / 0 pending / 0 (0.0%) gas / (0x25e8a3cc3ab2fc00b0cf8edf3040ea7017692998811fbdb67c8a54aeefc1d925)
2026-10-07 17:32:57.253+00:00 | EthScheduler-Workers-0 | INFO  | PersistBlockTask | Block 327 (0x25e8a3cc3ab2fc00b0cf8edf3040ea7017692998811fbdb67c8a54aeefc1d925) is already imported
2026-10-07 17:32:59.332+00:00 | BftProcessorExecutor-QBFT-0 | INFO  | QbftBesuControllerBuilder | Imported #328 / 0 tx / 0 pending / 0 (0.0%) gas / (0x3255c3e6e0560a9085b4cc81f4088c7ade490b988b433aab377960f46df8d900)
2026-10-07 17:33:01.260+00:00 | EthScheduler-Workers-0 | INFO  | PersistBlockTask | Block 329 (0xd2ca077b08c3b1a55ec928d5d8b774a72730ec8f5eb6e8f4094dbab8a4216316) is already imported
2026-10-07 17:33:01.260+00:00 | BftProcessorExecutor-QBFT-0 | INFO  | QbftBesuControllerBuilder | Imported #329 / 0 tx / 0 pending / 0 (0.0%) gas / (0xd2ca077b08c3b1a55ec928d5d8b774a72730ec8f5eb6e8f4094dbab8a4216316)
2026-10-07 17:33:03.382+00:00 | BftProcessorExecutor-QBFT-0 | INFO  | QbftBesuControllerBuilder | Imported #330 / 5 tx / 157 pending / 1,209,850 (0.0%) gas / (0x962faff283bd4a7464a890f83a0ec8bdd6eee502e5575529fe33c9a5f827f93a)
2026-10-07 17:33:06.087+00:00 | BftProcessorExecutor-QBFT-0 | INFO  | QbftBesuControllerBuilder | Imported #331 / 49 tx / 1029 pending / 11,856,530 (0.0%) gas / (0xb6162ed73176559f4260ecea1e157b6657102379b1dbe35393ccdc67a5d839d1)
2026-10-07 17:33:08.749+00:00 | EthScheduler-Workers-0 | INFO  | PersistBlockTask | Block 332 (0x03da36fd74edb738d77c46480971c8144a7fc038dd67630a9292443715f9277b) is already imported
2026-10-07 17:33:08.752+00:00 | BftProcessorExecutor-QBFT-0 | INFO  | QbftBesuControllerBuilder | Imported #332 / 99 tx / 2005 pending / 23,955,030 (0.0%) gas / (0x03da36fd74edb738d77c46480971c8144a7fc038dd67630a9292443715f9277b)
2026-10-07 17:33:11.494+00:00 | EthScheduler-Workers-0 | INFO  | PersistBlockTask | Block 333 (0x62d666176d53017aa8f06ca533208d3c28a40e2e89968fc577e74f3d6ce8cba3) is already imported
2026-10-07 17:33:11.498+00:00 | BftProcessorExecutor-QBFT-0 | INFO  | QbftBesuControllerBuilder | Imported #333 / 153 tx / 2870 pending / 37,021,410 (0.0%) gas / (0x62d666176d53017aa8f06ca533208d3c28a40e2e89968fc577e74f3d6ce8cba3)
2026-10-07 17:33:14.824+00:00 | EthScheduler-Workers-0 | INFO  | PersistBlockTask | Block 334 (0xcc3ab7b10974abccbcf27860670be2258b04c2d925885b3a25cdc08daca1a051) is already imported
2026-10-07 17:33:14.826+00:00 | BftProcessorExecutor-QBFT-0 | INFO  | QbftBesuControllerBuilder | Imported #334 / 214 tx / 3920 pending / 51,781,580 (0.0%) gas / (0xcc3ab7b10974abccbcf27860670be2258b04c2d925885b3a25cdc08daca1a051)
2026-10-07 17:33:19.221+00:00 | EthScheduler-Workers-0 | INFO  | PersistBlockTask | Block 335 (0x0339d16bd36cb1106f725c4dbd65f7e8d1339a6a2e2b3d34d8a4716dccc188ad) is already imported
2026-10-07 17:33:19.226+00:00 | BftProcessorExecutor-QBFT-0 | INFO  | QbftBesuControllerBuilder | Imported #335 / 298 tx / 5149 pending / 72,107,060 (0.0%) gas / (0x0339d16bd36cb1106f725c4dbd65f7e8d1339a6a2e2b3d34d8a4716dccc188ad)
2026-10-07 17:33:24.008+00:00 | EthScheduler-Workers-0 | INFO  | PersistBlockTask | Block 336 (0xbf6a082f5d47dbe336b4734c3452357320c19ada6e4266d6dc29b8d1da14973a) is already imported
2026-10-07 17:33:24.011+00:00 | BftProcessorExecutor-QBFT-0 | INFO  | QbftBesuControllerBuilder | Imported #336 / 328 tx / 6544 pending / 79,366,160 (0.0%) gas / (0xbf6a082f5d47dbe336b4734c3452357320c19ada6e4266d6dc29b8d1da14973a)
2026-10-07 17:33:28.761+00:00 | BftProcessorExecutor-QBFT-0 | INFO  | QbftBesuControllerBuilder | Imported #337 / 329 tx / 6717 pending / 79,608,130 (0.0%) gas / (0x2af361d575eec39bace22dd2af1ff92a5d52961fd7363db1e10dfad320bd28c4)
2026-10-07 17:33:34.063+00:00 | EthScheduler-Workers-0 | INFO  | PersistBlockTask | Block 338 (0xac2e6fac130089162fa536a18a46f24405a3f46f923be87e69e2ec806cb0bb83) is already imported
2026-10-07 17:33:34.067+00:00 | BftProcessorExecutor-QBFT-0 | INFO  | QbftBesuControllerBuilder | Imported #338 / 342 tx / 6375 pending / 82,753,740 (0.0%) gas / (0xac2e6fac130089162fa536a18a46f24405a3f46f923be87e69e2ec806cb0bb83)
2026-10-07 17:33:38.994+00:00 | BftProcessorExecutor-QBFT-0 | INFO  | QbftBesuControllerBuilder | Imported #339 / 340 tx / 6035 pending / 82,269,800 (0.0%) gas / (0xa09486477da3fa6f5689d8bbfcf85d5c969e6010bcff7639b677fab465f79660)
2026-10-07 17:33:40.497+00:00 | BftProcessorExecutor-QBFT-0 | WARN  | BlockTransactionSelector | Interrupting the selection of transactions for block inclusion as it exceeds the maximum configured duration of 1500ms
java.util.concurrent.TimeoutException
	at java.base/java.util.concurrent.CompletableFuture.timedGet(CompletableFuture.java:1960)
	at java.base/java.util.concurrent.CompletableFuture.get(CompletableFuture.java:2095)
	at org.hyperledger.besu.ethereum.blockcreation.txselection.BlockTransactionSelector.timeLimitedSelection(BlockTransactionSelector.java:186)
	at org.hyperledger.besu.ethereum.blockcreation.txselection.BlockTransactionSelector.buildTransactionListForBlock(BlockTransactionSelector.java:169)
	at org.hyperledger.besu.ethereum.blockcreation.AbstractBlockCreator.selectTransactions(AbstractBlockCreator.java:376)
	at org.hyperledger.besu.ethereum.blockcreation.AbstractBlockCreator.createBlock(AbstractBlockCreator.java:218)
	at org.hyperledger.besu.ethereum.blockcreation.AbstractBlockCreator.createBlock(AbstractBlockCreator.java:146)
	at org.hyperledger.besu.consensus.common.bft.blockcreation.BftBlockCreator.createBlock(BftBlockCreator.java:92)
	at org.hyperledger.besu.consensus.qbft.statemachine.QbftRound.createAndSendProposalMessage(QbftRound.java:137)
	at org.hyperledger.besu.consensus.qbft.statemachine.QbftBlockHeightManager.handleBlockTimerExpiry(QbftBlockHeightManager.java:140)
	at org.hyperledger.besu.consensus.common.bft.statemachine.BaseBftController.handleBlockTimerExpiry(BaseBftController.java:167)
	at org.hyperledger.besu.consensus.common.bft.EventMultiplexer.handleBftEvent(EventMultiplexer.java:65)
	at java.base/java.util.Optional.ifPresent(Optional.java:178)
	at org.hyperledger.besu.consensus.common.bft.BftProcessor.run(BftProcessor.java:65)
	at java.base/java.util.concurrent.ThreadPoolExecutor.runWorker(ThreadPoolExecutor.java:1144)
	at java.base/java.util.concurrent.ThreadPoolExecutor$Worker.run(ThreadPoolExecutor.java:642)
	at java.base/java.lang.Thread.run(Thread.java:1583)
2026-10-07 17:33:43.906+00:00 | BftProcessorExecutor-QBFT-0 | INFO  | QbftBesuControllerBuilder | Produced #340 / 343 tx / 5692 pending / 82,995,710 (0.0%) gas / (0x3111ed2f3b497b09fbe1874e849e9330966f9319a64f5d7c7af315b9aac225c6)
2026-10-07 17:33:48.972+00:00 | EthScheduler-Workers-0 | INFO  | PersistBlockTask | Block 341 (0x3e9dd4bd1c603fd6f78b9526ddeec33a3b3fe16f0a051b4195c85f19255cf4b9) is already imported
2026-10-07 17:33:48.976+00:00 | BftProcessorExecutor-QBFT-0 | INFO  | QbftBesuControllerBuilder | Imported #341 / 329 tx / 5363 pending / 79,608,130 (0.0%) gas / (0x3e9dd4bd1c603fd6f78b9526ddeec33a3b3fe16f0a051b4195c85f19255cf4b9)
2026-10-07 17:33:53.906+00:00 | BftProcessorExecutor-QBFT-0 | INFO  | QbftBesuControllerBuilder | Imported #342 / 332 tx / 5031 pending / 80,334,040 (0.0%) gas / (0x413f8b587f7f3166b5588f79204f8596a0638034c7dc2c1c5939014c6ca9c65c)
2026-10-07 17:33:58.989+00:00 | EthScheduler-Workers-0 | INFO  | PersistBlockTask | Block 343 (0xf061aad0e5310908cd0c53415dd515dfdaa4486aa2c18684379d8812c8bf2de3) is already imported
2026-10-07 17:33:58.993+00:00 | BftProcessorExecutor-QBFT-0 | INFO  | QbftBesuControllerBuilder | Imported #343 / 319 tx / 4712 pending / 77,188,430 (0.0%) gas / (0xf061aad0e5310908cd0c53415dd515dfdaa4486aa2c18684379d8812c8bf2de3)
2026-10-07 17:34:03.939+00:00 | BftProcessorExecutor-QBFT-0 | INFO  | QbftBesuControllerBuilder | Imported #344 / 342 tx / 4370 pending / 82,753,740 (0.0%) gas / (0xe7e3aa702ae07cf89fb0ff9e3c9b7dc55bfaef1083149dba8bf3673fd8e6cb17)
2026-10-07 17:34:08.894+00:00 | BftProcessorExecutor-QBFT-0 | INFO  | QbftBesuControllerBuilder | Imported #345 / 339 tx / 4031 pending / 82,027,830 (0.0%) gas / (0x2587d2f39752fe6be1152c2df70f7784b5a0ebcf296d33d583c0400909704b0b)
2026-10-07 17:34:14.144+00:00 | EthScheduler-Workers-0 | INFO  | PersistBlockTask | Block 346 (0x2f9bc7b2388c891750473f7f66962b0c480bffaef8527a7efb2722b92ebb5bc7) is already imported
2026-10-07 17:34:14.149+00:00 | BftProcessorExecutor-QBFT-0 | INFO  | QbftBesuControllerBuilder | Imported #346 / 342 tx / 3689 pending / 82,753,740 (0.0%) gas / (0x2f9bc7b2388c891750473f7f66962b0c480bffaef8527a7efb2722b92ebb5bc7)
2026-10-07 17:34:19.222+00:00 | EthScheduler-Workers-0 | INFO  | PersistBlockTask | Block 347 (0x730a7fbec0210c3dd2865ee485fc9a7bec96f2b40b3ac442b4222a2e92747f7e) is already imported
2026-10-07 17:34:19.226+00:00 | BftProcessorExecutor-QBFT-0 | INFO  | QbftBesuControllerBuilder | Imported #347 / 343 tx / 3346 pending / 82,995,710 (0.0%) gas / (0x730a7fbec0210c3dd2865ee485fc9a7bec96f2b40b3ac442b4222a2e92747f7e)
2026-10-07 17:34:24.513+00:00 | BftProcessorExecutor-QBFT-0 | INFO  | QbftBesuControllerBuilder | Imported #348 / 342 tx / 3004 pending / 82,753,740 (0.0%) gas / (0x88d86f18648d536e1f29cda94c96c2cb1a726273cb6741e7fa633a012655d628)
2026-10-07 17:34:29.446+00:00 | BftProcessorExecutor-QBFT-0 | INFO  | QbftBesuControllerBuilder | Imported #349 / 335 tx / 2669 pending / 81,059,950 (0.0%) gas / (0xc5408033c71327a71c5a6b3cbb2eb796521fe4faf72fa774a798e8244997e10f)
2026-10-07 17:34:33.289+00:00 | BftProcessorExecutor-QBFT-0 | INFO  | QbftBesuControllerBuilder | Imported #350 / 247 tx / 2422 pending / 59,766,590 (0.0%) gas / (0x9d6905e3b4cd4e9b9348846674e71a8ab65ad64a21b4fc4353828047031360b5)
2026-10-07 17:34:36.663+00:00 | BftProcessorExecutor-QBFT-0 | INFO  | QbftBesuControllerBuilder | Imported #351 / 217 tx / 2205 pending / 52,507,490 (0.0%) gas / (0xca9143a133928c425d7daf5fc2896101741ebaf72f4da8137d6ffc3ebd74020a)
2026-10-07 17:34:40.022+00:00 | EthScheduler-Workers-0 | INFO  | PersistBlockTask | Block 352 (0xb9fccf6572d6f5c2482e9abc1dc49529a3329d514fcf7b220adb3996be877e8c) is already imported
2026-10-07 17:34:40.023+00:00 | BftProcessorExecutor-QBFT-0 | INFO  | QbftBesuControllerBuilder | Imported #352 / 216 tx / 1989 pending / 52,265,520 (0.0%) gas / (0xb9fccf6572d6f5c2482e9abc1dc49529a3329d514fcf7b220adb3996be877e8c)
2026-10-07 17:34:43.296+00:00 | EthScheduler-Workers-0 | INFO  | PersistBlockTask | Block 353 (0xae50844c644dc9c83a395e164f3904c1b40fcd28edd433a7eda2cc9d7bb50cac) is already imported
2026-10-07 17:34:43.297+00:00 | BftProcessorExecutor-QBFT-0 | INFO  | QbftBesuControllerBuilder | Imported #353 / 203 tx / 1786 pending / 49,119,910 (0.0%) gas / (0xae50844c644dc9c83a395e164f3904c1b40fcd28edd433a7eda2cc9d7bb50cac)
2026-10-07 17:34:46.604+00:00 | EthScheduler-Workers-0 | INFO  | PersistBlockTask | Block 354 (0xcb7bef879506f1cb5b075eb0f1f2559616194beed51e068567a00f71de34ad99) is already imported
2026-10-07 17:34:46.606+00:00 | BftProcessorExecutor-QBFT-0 | INFO  | QbftBesuControllerBuilder | Imported #354 / 205 tx / 1581 pending / 49,603,850 (0.0%) gas / (0xcb7bef879506f1cb5b075eb0f1f2559616194beed51e068567a00f71de34ad99)
2026-10-07 17:34:49.695+00:00 | BftProcessorExecutor-QBFT-0 | INFO  | QbftBesuControllerBuilder | Produced #355 / 202 tx / 1379 pending / 48,877,940 (0.0%) gas / (0x3884d08f216eba344667d95dbb6fe6002025118cd5fa5ad173f303e402bb7297)
2026-10-07 17:34:53.078+00:00 | BftProcessorExecutor-QBFT-0 | INFO  | QbftBesuControllerBuilder | Imported #356 / 216 tx / 1163 pending / 52,265,520 (0.0%) gas / (0x279428a9fcfaa21c9dcf017681d82563a6ff84831d7211715065f603d35b0431)
2026-10-07 17:34:56.471+00:00 | EthScheduler-Workers-0 | INFO  | PersistBlockTask | Block 357 (0x77db7f2f69c0d59e55f1fe98dc1dfed1eb6e01d7d948ad321513cfffbbcc1355) is already imported
2026-10-07 17:34:56.476+00:00 | BftProcessorExecutor-QBFT-0 | INFO  | QbftBesuControllerBuilder | Imported #357 / 212 tx / 951 pending / 51,297,640 (0.0%) gas / (0x77db7f2f69c0d59e55f1fe98dc1dfed1eb6e01d7d948ad321513cfffbbcc1355)
2026-10-07 17:35:00.129+00:00 | EthScheduler-Workers-0 | INFO  | PersistBlockTask | Block 358 (0xf8f6328a3190bcbfad719eada2ec38966cf221df83ba9de05676fb404af00903) is already imported
2026-10-07 17:35:00.130+00:00 | BftProcessorExecutor-QBFT-0 | INFO  | QbftBesuControllerBuilder | Imported #358 / 225 tx / 726 pending / 54,443,250 (0.0%) gas / (0xf8f6328a3190bcbfad719eada2ec38966cf221df83ba9de05676fb404af00903)
2026-10-07 17:35:03.245+00:00 | EthScheduler-Workers-0 | INFO  | PersistBlockTask | Block 359 (0xf04d9593155add4bf0c686147f7da0008a5647a203c2fe8c5b2607666f4f2cb8) is already imported
2026-10-07 17:35:03.248+00:00 | BftProcessorExecutor-QBFT-0 | INFO  | QbftBesuControllerBuilder | Imported #359 / 202 tx / 524 pending / 48,877,940 (0.0%) gas / (0xf04d9593155add4bf0c686147f7da0008a5647a203c2fe8c5b2607666f4f2cb8)
2026-10-07 17:35:06.291+00:00 | BftProcessorExecutor-QBFT-0 | INFO  | QbftBesuControllerBuilder | Imported #360 / 205 tx / 319 pending / 49,603,850 (0.0%) gas / (0xa1a1f69691f5aa7ce692b954153d68df73009d9c0a6f0e282d30245e0842e8c6)
2026-10-07 17:35:08.800+00:00 | BftProcessorExecutor-QBFT-0 | INFO  | QbftBesuControllerBuilder | Imported #361 / 158 tx / 161 pending / 38,231,260 (0.0%) gas / (0x82b40b73cc90bd0a07ee2ffda8af4a04b094f9157aa6b1a588bafa73d57fa10a)
2026-10-07 17:35:10.613+00:00 | EthScheduler-Workers-0 | INFO  | PersistBlockTask | Block 362 (0xc93807ca4008e36ec761e7d9f6c860870b4d75c50ef43637019514a06d3b5801) is already imported
2026-10-07 17:35:10.614+00:00 | BftProcessorExecutor-QBFT-0 | INFO  | QbftBesuControllerBuilder | Imported #362 / 107 tx / 54 pending / 25,890,790 (0.0%) gas / (0xc93807ca4008e36ec761e7d9f6c860870b4d75c50ef43637019514a06d3b5801)
2026-10-07 17:35:12.026+00:00 | BftProcessorExecutor-QBFT-0 | INFO  | QbftBesuControllerBuilder | Imported #363 / 54 tx / 0 pending / 13,066,380 (0.0%) gas / (0xf9cfd2d1420351bdbca81b296b2fefa41202adf4f09f7817c1ab0d65f3cd0c12)
2026-10-07 17:35:13.267+00:00 | BftProcessorExecutor-QBFT-0 | INFO  | QbftBesuControllerBuilder | Imported #364 / 0 tx / 0 pending / 0 (0.0%) gas / (0x6e19d59e942fa51312d4e1d047ba4ebb2b3b8828b8ce3443fa32de8aaae77b58)
2026-10-07 17:35:13.272+00:00 | EthScheduler-Workers-0 | INFO  | PersistBlockTask | Block 364 (0x6e19d59e942fa51312d4e1d047ba4ebb2b3b8828b8ce3443fa32de8aaae77b58) is already imported
2026-10-07 17:35:15.225+00:00 | BftProcessorExecutor-QBFT-0 | INFO  | QbftBesuControllerBuilder | Imported #365 / 0 tx / 0 pending / 0 (0.0%) gas / (0xd14c7ffe8bca66a9405020026bd31d6bb279904a09af62932c7a55d8f288311a)
2026-10-07 17:35:17.278+00:00 | BftProcessorExecutor-QBFT-0 | INFO  | QbftBesuControllerBuilder | Imported #366 / 0 tx / 0 pending / 0 (0.0%) gas / (0xe4320420e7fb7703554637357530b359839bf6ac180e996b659c442173b66e45)
2026-10-07 17:35:19.243+00:00 | BftProcessorExecutor-QBFT-0 | INFO  | QbftBesuControllerBuilder | Imported #367 / 0 tx / 0 pending / 0 (0.0%) gas / (0xc167d977ab75e3f6d9d5a6ee7c753b05a1b735f0bd66a40094be183967b37537)
2026-10-07 17:35:19.246+00:00 | EthScheduler-Workers-0 | INFO  | PersistBlockTask | Block 367 (0xc167d977ab75e3f6d9d5a6ee7c753b05a1b735f0bd66a40094be183967b37537) is already imported
2026-10-07 17:35:21.248+00:00 | BftProcessorExecutor-QBFT-0 | INFO  | QbftBesuControllerBuilder | Imported #368 / 0 tx / 0 pending / 0 (0.0%) gas / (0x5881490097df3cd4876e2f48eaf15e27295ba686ffe1eaecb9ff3502de62c1a1)
2026-10-07 17:35:23.279+00:00 | EthScheduler-Workers-0 | INFO  | PersistBlockTask | Block 369 (0xf38dc78790bd99b8e38a94279c01028dd66cc91287246876108fe0fa6eaf10c2) is already imported
2026-10-07 17:35:23.279+00:00 | BftProcessorExecutor-QBFT-0 | INFO  | QbftBesuControllerBuilder | Imported #369 / 0 tx / 0 pending / 0 (0.0%) gas / (0xf38dc78790bd99b8e38a94279c01028dd66cc91287246876108fe0fa6eaf10c2)
2026-10-07 17:35:25.228+00:00 | BftProcessorExecutor-QBFT-0 | INFO  | QbftBesuControllerBuilder | Produced #370 / 0 tx / 0 pending / 0 (0.0%) gas / (0x76ad075e1b78b37020316821212c3f31031d38326acbcab91f8682814e145f19)
2026-10-07 17:35:27.282+00:00 | BftProcessorExecutor-QBFT-0 | INFO  | QbftBesuControllerBuilder | Imported #371 / 0 tx / 0 pending / 0 (0.0%) gas / (0x59e1f66b6927b457982195f6f239788d2a2f4ba02d172dc33525921c9f261ab3)
2026-10-07 17:35:27.286+00:00 | EthScheduler-Workers-0 | INFO  | PersistBlockTask | Block 371 (0x59e1f66b6927b457982195f6f239788d2a2f4ba02d172dc33525921c9f261ab3) is already imported
2026-10-07 17:35:29.256+00:00 | BftProcessorExecutor-QBFT-0 | INFO  | QbftBesuControllerBuilder | Imported #372 / 0 tx / 0 pending / 0 (0.0%) gas / (0x09cfbae9192b16bf6650113f7efc909443dd10e62b78bc155e9905304831ce08)
2026-10-07 17:35:29.256+00:00 | EthScheduler-Workers-0 | INFO  | PersistBlockTask | Block 372 (0x09cfbae9192b16bf6650113f7efc909443dd10e62b78bc155e9905304831ce08) is already imported
2026-10-07 17:35:31.335+00:00 | BftProcessorExecutor-QBFT-0 | INFO  | QbftBesuControllerBuilder | Imported #373 / 0 tx / 0 pending / 0 (0.0%) gas / (0xe949b271cdc7ff491ca1e17e99b701de37dc12f3a3c35d2a1909d64a90e9b0e7)
2026-10-07 17:35:33.274+00:00 | BftProcessorExecutor-QBFT-0 | INFO  | QbftBesuControllerBuilder | Imported #374 / 0 tx / 0 pending / 0 (0.0%) gas / (0xd1f345e0ac237463dcafe04d469273f75ed9f397c56ac16afa8b35d5e8725b17)
2026-10-07 17:35:35.225+00:00 | BftProcessorExecutor-QBFT-0 | INFO  | QbftBesuControllerBuilder | Imported #375 / 0 tx / 0 pending / 0 (0.0%) gas / (0x9299be5433895d7ebd69b0130d0e9ce34f4a5d8f29f83305a94ff480a9f0d722)
2026-10-07 17:35:37.264+00:00 | EthScheduler-Workers-0 | INFO  | PersistBlockTask | Block 376 (0x5ce63c73ae8951e652792164f8b4aa8e95b90e2a0fae82048d05954e0b57f4e3) is already imported
2026-10-07 17:35:37.265+00:00 | BftProcessorExecutor-QBFT-0 | INFO  | QbftBesuControllerBuilder | Imported #376 / 0 tx / 0 pending / 0 (0.0%) gas / (0x5ce63c73ae8951e652792164f8b4aa8e95b90e2a0fae82048d05954e0b57f4e3)
2026-10-07 17:35:39.244+00:00 | EthScheduler-Workers-0 | INFO  | PersistBlockTask | Block 377 (0xc8dbcffb968bfd036cefe3f602421933206d3f95f307690336ffa6427cafe16a) is already imported
2026-10-07 17:35:39.244+00:00 | BftProcessorExecutor-QBFT-0 | INFO  | QbftBesuControllerBuilder | Imported #377 / 0 tx / 0 pending / 0 (0.0%) gas / (0xc8dbcffb968bfd036cefe3f602421933206d3f95f307690336ffa6427cafe16a)
2026-10-07 17:35:41.326+00:00 | BftProcessorExecutor-QBFT-0 | INFO  | QbftBesuControllerBuilder | Imported #378 / 0 tx / 0 pending / 0 (0.0%) gas / (0x3951e50678c27273e3df626d574ce0a39923d360b5870d9752eabab8e50e7f99)
2026-10-07 17:35:41.327+00:00 | EthScheduler-Workers-0 | INFO  | PersistBlockTask | Block 378 (0x3951e50678c27273e3df626d574ce0a39923d360b5870d9752eabab8e50e7f99) is already imported
2026-10-07 17:35:43.261+00:00 | BftProcessorExecutor-QBFT-0 | INFO  | QbftBesuControllerBuilder | Imported #379 / 0 tx / 0 pending / 0 (0.0%) gas / (0x9ed70c3c1494f01954a2ce7cda589fd1ffea609c916c0b1e329f8dd6c3a8e7af)
2026-10-07 17:35:45.227+00:00 | EthScheduler-Workers-0 | INFO  | PersistBlockTask | Imported #380 / 0 tx / 0 om / 0 (0.0%) gas / (0x9444ef67fd0b170ee44dedead99b40f7f4daa82cc2aebc313bfab1b092ece3d2) in 0.002s. Peers: 14
2026-10-07 17:35:45.229+00:00 | BftProcessorExecutor-QBFT-0 | INFO  | QbftBesuControllerBuilder | Imported #380 / 0 tx / 0 pending / 0 (0.0%) gas / (0x9444ef67fd0b170ee44dedead99b40f7f4daa82cc2aebc313bfab1b092ece3d2)
2026-10-07 17:35:47.270+00:00 | BftProcessorExecutor-QBFT-0 | INFO  | QbftBesuControllerBuilder | Imported #381 / 0 tx / 0 pending / 0 (0.0%) gas / (0x1d5fb92bfb5c8933769d3d3162e0c8e03a6ec276cf7e2e5ab2e80691e98a9a9b)
2026-10-07 17:35:49.242+00:00 | BftProcessorExecutor-QBFT-0 | INFO  | QbftBesuControllerBuilder | Imported #382 / 0 tx / 0 pending / 0 (0.0%) gas / (0x8c756cb69618051ced2549055aaea83263ac81fce620e811aaefe347efed4c1b)
2026-10-07 17:35:51.256+00:00 | BftProcessorExecutor-QBFT-0 | INFO  | QbftBesuControllerBuilder | Imported #383 / 0 tx / 0 pending / 0 (0.0%) gas / (0x25488c8b7c6a20ce10b53579a6bd01ea14201b357e7f0b5f1bfee7ffdb5659ab)
2026-10-07 17:35:53.288+00:00 | BftProcessorExecutor-QBFT-0 | INFO  | QbftBesuControllerBuilder | Imported #384 / 0 tx / 0 pending / 0 (0.0%) gas / (0x35a4f54fd843a2fbf6d231f08430f354bf301878c124345433ca8e1e02027240)
2026-10-07 17:35:55.233+00:00 | BftProcessorExecutor-QBFT-0 | INFO  | QbftBesuControllerBuilder | Produced #385 / 0 tx / 0 pending / 0 (0.0%) gas / (0xcb57d24cb78133359616bef08a4d254de1f840f909e1452fc859f569b4446934)
2026-10-07 17:35:57.261+00:00 | BftProcessorExecutor-QBFT-0 | INFO  | QbftBesuControllerBuilder | Imported #386 / 0 tx / 0 pending / 0 (0.0%) gas / (0xedeb575e3471bb356ada024e54c1dd5f5093e03c2dc6dc6ceae5c2ea885eb86c)
2026-10-07 17:35:59.254+00:00 | BftProcessorExecutor-QBFT-0 | INFO  | QbftBesuControllerBuilder | Imported #387 / 0 tx / 0 pending / 0 (0.0%) gas / (0x6ffefab268d4191e93b1f20d52a809dbfd5ca05a3d941aeadd004c17f567d21b)
2026-10-07 17:36:01.344+00:00 | BftProcessorExecutor-QBFT-0 | INFO  | QbftBesuControllerBuilder | Imported #388 / 0 tx / 0 pending / 0 (0.0%) gas / (0x0fb0ef34084cd2a747f4ebbe6eddf4b342f11b6b897448cf6bc5fc1c333a8ed6)
2026-10-07 17:36:03.272+00:00 | BftProcessorExecutor-QBFT-0 | INFO  | QbftBesuControllerBuilder | Imported #389 / 0 tx / 0 pending / 0 (0.0%) gas / (0x204ffac8a04708ac8de9fb4a2a7999f29dfd3d1f726bf2324594b9c563affc1a)
2026-10-07 17:36:05.220+00:00 | BftProcessorExecutor-QBFT-0 | INFO  | QbftBesuControllerBuilder | Imported #390 / 0 tx / 0 pending / 0 (0.0%) gas / (0x0bda8de512373a05d3b07027af5bd7fc21c365685edb4febd120aa72dd561590)
2026-10-07 17:36:07.261+00:00 | BftProcessorExecutor-QBFT-0 | INFO  | QbftBesuControllerBuilder | Imported #391 / 0 tx / 0 pending / 0 (0.0%) gas / (0x09cbda97ed868894c6377c534f2f32367af198de4c4c05c67292bf0d0ad30e30)
2026-10-07 17:36:09.287+00:00 | BftProcessorExecutor-QBFT-0 | INFO  | QbftBesuControllerBuilder | Imported #392 / 0 tx / 0 pending / 0 (0.0%) gas / (0x9c12214bf7c3c5ffd29e8b12431026645a4f3c2b3a60dde2ebb04d9666272b4b)
2026-10-07 17:36:11.354+00:00 | BftProcessorExecutor-QBFT-0 | INFO  | QbftBesuControllerBuilder | Imported #393 / 0 tx / 0 pending / 0 (0.0%) gas / (0x966a40a03166e68ae101d23685cb691e4cf58d8e747cc59d4eb39089e8dda344)
2026-10-07 17:36:13.271+00:00 | BftProcessorExecutor-QBFT-0 | INFO  | QbftBesuControllerBuilder | Imported #394 / 0 tx / 0 pending / 0 (0.0%) gas / (0x35209ddacbc48c8330c6ae986758722704006463b28d6827e5c16705d47be667)
2026-10-07 17:36:15.230+00:00 | BftProcessorExecutor-QBFT-0 | INFO  | QbftBesuControllerBuilder | Imported #395 / 0 tx / 0 pending / 0 (0.0%) gas / (0xdeb893ca0f161092227e88979aa3f9aac6bbe3f3fa4f98f9d68fc939bf1861f0)
2026-10-07 17:36:17.288+00:00 | BftProcessorExecutor-QBFT-0 | INFO  | QbftBesuControllerBuilder | Imported #396 / 0 tx / 0 pending / 0 (0.0%) gas / (0x06f681e1f78cbffc6c370f6015fcf4db5072bc636d145fa5aaaf579aafb02d05)
2026-10-07 17:36:19.258+00:00 | EthScheduler-Workers-0 | INFO  | PersistBlockTask | Block 397 (0xab7bd971cf8a525565fa6654b24a3d58f59cadb632895629df6ab1186e2b82b6) is already imported
2026-10-07 17:36:19.258+00:00 | BftProcessorExecutor-QBFT-0 | INFO  | QbftBesuControllerBuilder | Imported #397 / 0 tx / 0 pending / 0 (0.0%) gas / (0xab7bd971cf8a525565fa6654b24a3d58f59cadb632895629df6ab1186e2b82b6)
2026-10-07 17:36:21.269+00:00 | BftProcessorExecutor-QBFT-0 | INFO  | QbftBesuControllerBuilder | Imported #398 / 0 tx / 0 pending / 0 (0.0%) gas / (0xc0e7a732a3dfbeb60a5c1ab145391100e8c1a32ff55a8a8c77c143645348445f)
2026-10-07 17:36:23.264+00:00 | BftProcessorExecutor-QBFT-0 | INFO  | QbftBesuControllerBuilder | Imported #399 / 0 tx / 0 pending / 0 (0.0%) gas / (0x0958a5f4c6f6ac3c09ef9d993981e836e1d4dbc65b10791e139b7e00608b109d)
2026-10-07 17:36:25.228+00:00 | EthScheduler-Workers-0 | INFO  | PersistBlockTask | Block 400 (0xb6bd56d34243ad65f41acaba73bba943adbf774d65a9847a21241acc191562af) is already imported
2026-10-07 17:36:25.228+00:00 | BftProcessorExecutor-QBFT-0 | INFO  | QbftBesuControllerBuilder | Produced #400 / 0 tx / 0 pending / 0 (0.0%) gas / (0xb6bd56d34243ad65f41acaba73bba943adbf774d65a9847a21241acc191562af)
2026-10-07 17:36:27.253+00:00 | EthScheduler-Workers-0 | INFO  | PersistBlockTask | Block 401 (0x3e9881e461538b14fd6a443dc585be68cc0193a4b20e2fe8fe50e56928904c9f) is already imported
2026-10-07 17:36:27.254+00:00 | BftProcessorExecutor-QBFT-0 | INFO  | QbftBesuControllerBuilder | Imported #401 / 0 tx / 0 pending / 0 (0.0%) gas / (0x3e9881e461538b14fd6a443dc585be68cc0193a4b20e2fe8fe50e56928904c9f)
2026-10-07 17:36:29.298+00:00 | BftProcessorExecutor-QBFT-0 | INFO  | QbftBesuControllerBuilder | Imported #402 / 0 tx / 0 pending / 0 (0.0%) gas / (0x1bd6af3cde49f6974ecef854b573061a0e1d0b084fad4a7bfabb9980bbbe030a)
2026-10-07 17:36:31.251+00:00 | BftProcessorExecutor-QBFT-0 | INFO  | QbftBesuControllerBuilder | Imported #403 / 0 tx / 0 pending / 0 (0.0%) gas / (0x03e2bbf5b0ecfc49d0dcafd02eb07680a4d7eebe108eae29a9026832ee57133d)
2026-10-07 17:36:33.266+00:00 | BftProcessorExecutor-QBFT-0 | INFO  | QbftBesuControllerBuilder | Imported #404 / 0 tx / 0 pending / 0 (0.0%) gas / (0xc72e70b114447210e956695f003a3e55aada76cbfeb2b1ec5acb0545a5110088)
2026-10-07 17:36:35.222+00:00 | BftProcessorExecutor-QBFT-0 | INFO  | QbftBesuControllerBuilder | Imported #405 / 0 tx / 0 pending / 0 (0.0%) gas / (0x1b04529c6c4418cad29fc3460e2e6793da8891a253fe31cbf21dbed7c9eb50de)
2026-10-07 17:36:37.252+00:00 | BftProcessorExecutor-QBFT-0 | INFO  | QbftBesuControllerBuilder | Imported #406 / 0 tx / 0 pending / 0 (0.0%) gas / (0x2a16ee3ad525d261184ae42d1a0c0137ed17a573ade8b86f77170be83b32578e)
2026-10-07 17:36:37.252+00:00 | EthScheduler-Workers-0 | INFO  | PersistBlockTask | Block 406 (0x2a16ee3ad525d261184ae42d1a0c0137ed17a573ade8b86f77170be83b32578e) is already imported
2026-10-07 17:36:39.234+00:00 | BftProcessorExecutor-QBFT-0 | INFO  | QbftBesuControllerBuilder | Imported #407 / 0 tx / 0 pending / 0 (0.0%) gas / (0x70081947ed9b8c7cedaf27a71bd252605c51b99b92d82e5371b24e15d37d4bd8)
2026-10-07 17:36:41.253+00:00 | BftProcessorExecutor-QBFT-0 | INFO  | QbftBesuControllerBuilder | Imported #408 / 0 tx / 0 pending / 0 (0.0%) gas / (0x730f712678887528923e83b1bbdef68e1e535ef502af12c55242c6d9733e3ab5)
2026-10-07 17:36:43.256+00:00 | BftProcessorExecutor-QBFT-0 | INFO  | QbftBesuControllerBuilder | Imported #409 / 0 tx / 0 pending / 0 (0.0%) gas / (0x2eae48103a2d855a415dc7402e2a5b5e9ba05276ced9d994c5c220cd20dee889)
2026-10-07 17:36:45.218+00:00 | BftProcessorExecutor-QBFT-0 | INFO  | QbftBesuControllerBuilder | Imported #410 / 0 tx / 0 pending / 0 (0.0%) gas / (0x4bfa338df5b838d6f61b19280b891fbd8237aebdc9bef52c0197a56d66eec339)
2026-10-07 17:36:47.252+00:00 | BftProcessorExecutor-QBFT-0 | INFO  | QbftBesuControllerBuilder | Imported #411 / 0 tx / 0 pending / 0 (0.0%) gas / (0x988e2326378b020edbb396fc046282a291aeb3e0e9bfd97c22c13e99ccb97af5)
2026-10-07 17:36:49.280+00:00 | BftProcessorExecutor-QBFT-0 | INFO  | QbftBesuControllerBuilder | Imported #412 / 0 tx / 0 pending / 0 (0.0%) gas / (0x39be7af2feb64d8690988c4ef2655b7c8efce19a6866d66b8c4be4dbeb908d23)
2026-10-07 17:36:51.341+00:00 | EthScheduler-Workers-0 | INFO  | PersistBlockTask | Block 413 (0x054d7ebdc3090ee289e03f9e2f5cb3b26308d47626d80bd2d31c422b035971a1) is already imported
2026-10-07 17:36:51.341+00:00 | BftProcessorExecutor-QBFT-0 | INFO  | QbftBesuControllerBuilder | Imported #413 / 0 tx / 0 pending / 0 (0.0%) gas / (0x054d7ebdc3090ee289e03f9e2f5cb3b26308d47626d80bd2d31c422b035971a1)
2026-10-07 17:36:53.266+00:00 | BftProcessorExecutor-QBFT-0 | INFO  | QbftBesuControllerBuilder | Imported #414 / 0 tx / 0 pending / 0 (0.0%) gas / (0xbc84e5eccd6000a9c6318c1153301851c0e7167501941b02c283dd3b77454a7b)
2026-10-07 17:36:55.221+00:00 | BftProcessorExecutor-QBFT-0 | INFO  | QbftBesuControllerBuilder | Produced #415 / 0 tx / 0 pending / 0 (0.0%) gas / (0x26b25a04201a886452679b82153273050986280a7c7febabd279a1d0f87b4269)
2026-10-07 17:36:57.268+00:00 | BftProcessorExecutor-QBFT-0 | INFO  | QbftBesuControllerBuilder | Imported #416 / 0 tx / 0 pending / 0 (0.0%) gas / (0xc4f13ef6e8036322be80e63356eea3927f0ec02143cef7790621f81b8f8ca478)
2026-10-07 17:36:59.242+00:00 | BftProcessorExecutor-QBFT-0 | INFO  | QbftBesuControllerBuilder | Imported #417 / 0 tx / 0 pending / 0 (0.0%) gas / (0x2a31e75e4aba1d849dd766ad96cf3f35d7b119891b0fc7319ee04d0619592095)
2026-10-07 17:37:01.345+00:00 | BftProcessorExecutor-QBFT-0 | INFO  | QbftBesuControllerBuilder | Imported #418 / 0 tx / 0 pending / 0 (0.0%) gas / (0x78869ab3f257de20f0347ab31e5f2c538cf085a97d789e5adc5839df83ff8dd3)
2026-10-07 17:37:03.269+00:00 | EthScheduler-Workers-0 | INFO  | PersistBlockTask | Block 419 (0x4a0f4b5b9d87cac063f6570a5f014ec51e8b9503609b6ee737d20df47480b70e) is already imported
2026-10-07 17:37:03.269+00:00 | BftProcessorExecutor-QBFT-0 | INFO  | QbftBesuControllerBuilder | Imported #419 / 0 tx / 0 pending / 0 (0.0%) gas / (0x4a0f4b5b9d87cac063f6570a5f014ec51e8b9503609b6ee737d20df47480b70e)
2026-10-07 17:37:05.223+00:00 | BftProcessorExecutor-QBFT-0 | INFO  | QbftBesuControllerBuilder | Imported #420 / 0 tx / 0 pending / 0 (0.0%) gas / (0xceb9924845efa2a7fc0be7c1b556a744c4e4c2734c97b22a177da5d538e19ca8)
2026-10-07 17:37:07.278+00:00 | EthScheduler-Workers-0 | INFO  | PersistBlockTask | Block 421 (0x37747a39ffbda67c0d751f630158fe457650ec078dfe3ff0725338a6d2521c0a) is already imported
2026-10-07 17:37:07.279+00:00 | BftProcessorExecutor-QBFT-0 | INFO  | QbftBesuControllerBuilder | Imported #421 / 0 tx / 0 pending / 0 (0.0%) gas / (0x37747a39ffbda67c0d751f630158fe457650ec078dfe3ff0725338a6d2521c0a)
2026-10-07 17:37:09.285+00:00 | EthScheduler-Workers-0 | INFO  | PersistBlockTask | Block 422 (0xdadffd6aa37eefe7abc44b615484df3f457d0578f9f2fffc5c8d33125f0a5034) is already imported
2026-10-07 17:37:09.286+00:00 | BftProcessorExecutor-QBFT-0 | INFO  | QbftBesuControllerBuilder | Imported #422 / 0 tx / 0 pending / 0 (0.0%) gas / (0xdadffd6aa37eefe7abc44b615484df3f457d0578f9f2fffc5c8d33125f0a5034)
2026-10-07 17:37:11.253+00:00 | EthScheduler-Workers-0 | INFO  | PersistBlockTask | Block 423 (0xa07e6d4dc750d01ef5f6cb157b16cf7197a99b04bf21848e3e1a41ecdd1e219a) is already imported
2026-10-07 17:37:11.253+00:00 | BftProcessorExecutor-QBFT-0 | INFO  | QbftBesuControllerBuilder | Imported #423 / 0 tx / 0 pending / 0 (0.0%) gas / (0xa07e6d4dc750d01ef5f6cb157b16cf7197a99b04bf21848e3e1a41ecdd1e219a)
2026-10-07 17:37:13.274+00:00 | EthScheduler-Workers-0 | INFO  | PersistBlockTask | Block 424 (0x45ca0e80e1c291427f75ac9094464df411fa875b244e59e936f5d0fa547d840e) is already imported
2026-10-07 17:37:13.274+00:00 | BftProcessorExecutor-QBFT-0 | INFO  | QbftBesuControllerBuilder | Imported #424 / 0 tx / 0 pending / 0 (0.0%) gas / (0x45ca0e80e1c291427f75ac9094464df411fa875b244e59e936f5d0fa547d840e)
2026-10-07 17:37:15.243+00:00 | EthScheduler-Workers-0 | INFO  | PersistBlockTask | Block 425 (0x5cc911e9fbe81108a593b824b4da625dc52f3982578c66034a27f5d5fde188f9) is already imported
2026-10-07 17:37:15.243+00:00 | BftProcessorExecutor-QBFT-0 | INFO  | QbftBesuControllerBuilder | Imported #425 / 9 tx / 194 pending / 1,382,690 (0.0%) gas / (0x5cc911e9fbe81108a593b824b4da625dc52f3982578c66034a27f5d5fde188f9)
2026-10-07 17:37:17.372+00:00 | BftProcessorExecutor-QBFT-0 | INFO  | QbftBesuControllerBuilder | Imported #426 / 57 tx / 881 pending / 8,757,234 (0.0%) gas / (0xe5395fe0809e4fe49a2d43c8a07d739fb63f1ba00ecf21b15ddbeeab4e709066)
2026-10-07 17:37:19.705+00:00 | EthScheduler-Workers-0 | INFO  | PersistBlockTask | Block 427 (0x51e995a5cf9cb8a8e685d7a1385f3e33cdf7d76f469664e067339c2a571b26a5) is already imported
2026-10-07 17:37:19.706+00:00 | BftProcessorExecutor-QBFT-0 | INFO  | QbftBesuControllerBuilder | Imported #427 / 68 tx / 890 pending / 10,447,068 (0.0%) gas / (0x51e995a5cf9cb8a8e685d7a1385f3e33cdf7d76f469664e067339c2a571b26a5)
2026-10-07 17:37:21.904+00:00 | EthScheduler-Workers-0 | INFO  | PersistBlockTask | Block 428 (0xddbcc42c2b647fa323cf6a87da3d4965b0ad3b61099a3ff8708f9762c3692227) is already imported
2026-10-07 17:37:21.905+00:00 | BftProcessorExecutor-QBFT-0 | INFO  | QbftBesuControllerBuilder | Imported #428 / 68 tx / 822 pending / 10,447,064 (0.0%) gas / (0xddbcc42c2b647fa323cf6a87da3d4965b0ad3b61099a3ff8708f9762c3692227)
2026-10-07 17:37:23.832+00:00 | EthScheduler-Workers-0 | INFO  | PersistBlockTask | Block 429 (0x4be2ca053c07937da4c4655ccc3c410e7952b096a8de705593f7e343bfc545db) is already imported
2026-10-07 17:37:23.832+00:00 | BftProcessorExecutor-QBFT-0 | INFO  | QbftBesuControllerBuilder | Imported #429 / 68 tx / 754 pending / 10,447,156 (0.0%) gas / (0x4be2ca053c07937da4c4655ccc3c410e7952b096a8de705593f7e343bfc545db)
2026-10-07 17:37:25.668+00:00 | BftProcessorExecutor-QBFT-0 | INFO  | QbftBesuControllerBuilder | Produced #430 / 68 tx / 686 pending / 10,447,360 (0.0%) gas / (0xf1b8f58afc6c27f9d55b6e93d73743ec3762f6d6a01c7caa4343553362e6f327)
2026-10-07 17:37:27.778+00:00 | BftProcessorExecutor-QBFT-0 | INFO  | QbftBesuControllerBuilder | Imported #431 / 68 tx / 618 pending / 10,446,920 (0.0%) gas / (0x814307b0b923a292e70acf24ad37940cc3074f51f3cd9a11b8a1198d0a1bb364)
2026-10-07 17:37:29.775+00:00 | EthScheduler-Workers-0 | INFO  | PersistBlockTask | Block 432 (0xaef49c7ccf02ad27b9d7adc674bbec278536b4250f65815137263d5757c84a24) is already imported
2026-10-07 17:37:29.775+00:00 | BftProcessorExecutor-QBFT-0 | INFO  | QbftBesuControllerBuilder | Imported #432 / 68 tx / 550 pending / 10,447,188 (0.0%) gas / (0xaef49c7ccf02ad27b9d7adc674bbec278536b4250f65815137263d5757c84a24)
2026-10-07 17:37:31.756+00:00 | BftProcessorExecutor-QBFT-0 | INFO  | QbftBesuControllerBuilder | Imported #433 / 68 tx / 482 pending / 10,447,100 (0.0%) gas / (0xded7cd1c6954ef8b40215e8372f9bda7c44de26386a8405d225567e8b03e3652)
2026-10-07 17:37:33.712+00:00 | BftProcessorExecutor-QBFT-0 | INFO  | QbftBesuControllerBuilder | Imported #434 / 68 tx / 414 pending / 10,447,204 (0.0%) gas / (0xa0d0a45fb24cfa57e3403b6945ba689f996d31d1e210e7bf33b3b97fca82fc84)
2026-10-07 17:37:35.720+00:00 | BftProcessorExecutor-QBFT-0 | INFO  | QbftBesuControllerBuilder | Imported #435 / 69 tx / 345 pending / 10,600,826 (0.0%) gas / (0xb6be4b836120eeed005cf1ac27064ec7d474aed2a2d3c7fa14173ece4eae9950)
2026-10-07 17:37:37.649+00:00 | BftProcessorExecutor-QBFT-0 | INFO  | QbftBesuControllerBuilder | Imported #436 / 69 tx / 276 pending / 10,600,810 (0.0%) gas / (0xe9a9eeccd96e7c253534577bf43d076db35f110f16ec9d8b70e84bea45e59981)
2026-10-07 17:37:39.781+00:00 | EthScheduler-Workers-0 | INFO  | PersistBlockTask | Block 437 (0x8518d349f8ca510cbfcefa504bd9ab4844033360910fa8373b3c98ba0a8471b1) is already imported
2026-10-07 17:37:39.781+00:00 | BftProcessorExecutor-QBFT-0 | INFO  | QbftBesuControllerBuilder | Imported #437 / 69 tx / 207 pending / 10,600,770 (0.0%) gas / (0x8518d349f8ca510cbfcefa504bd9ab4844033360910fa8373b3c98ba0a8471b1)
2026-10-07 17:37:41.756+00:00 | BftProcessorExecutor-QBFT-0 | INFO  | QbftBesuControllerBuilder | Imported #438 / 69 tx / 138 pending / 10,600,802 (0.0%) gas / (0xfcef0029c7e22fec190798d95d69ea3f27e528e6375fb96cab495df1d0c07e09)
2026-10-07 17:37:43.838+00:00 | EthScheduler-Workers-0 | INFO  | PersistBlockTask | Block 439 (0x1a76d476f12628d68c51b388831c2a765f8618ad357c0ae2a06c59b83dd413d4) is already imported
2026-10-07 17:37:43.842+00:00 | BftProcessorExecutor-QBFT-0 | INFO  | QbftBesuControllerBuilder | Imported #439 / 68 tx / 70 pending / 10,447,160 (0.0%) gas / (0x1a76d476f12628d68c51b388831c2a765f8618ad357c0ae2a06c59b83dd413d4)
2026-10-07 17:37:45.604+00:00 | EthScheduler-Workers-0 | INFO  | PersistBlockTask | Block 440 (0x2f03ca5b83637157947bc0dca0ab144470637dbc001ba95d833a2a24855acd4b) is already imported
2026-10-07 17:37:45.604+00:00 | BftProcessorExecutor-QBFT-0 | INFO  | QbftBesuControllerBuilder | Imported #440 / 59 tx / 11 pending / 9,064,338 (0.0%) gas / (0x2f03ca5b83637157947bc0dca0ab144470637dbc001ba95d833a2a24855acd4b)
2026-10-07 17:37:47.328+00:00 | BftProcessorExecutor-QBFT-0 | INFO  | QbftBesuControllerBuilder | Imported #441 / 11 tx / 0 pending / 1,689,950 (0.0%) gas / (0xcd072fb401126a193c8f0135d62f37ef82341bafd756898ee7301c68d9974f56)
2026-10-07 17:37:49.246+00:00 | BftProcessorExecutor-QBFT-0 | INFO  | QbftBesuControllerBuilder | Imported #442 / 0 tx / 0 pending / 0 (0.0%) gas / (0xd15ca62bc8bd6f1c863060188eb87db686fc00d5e470c229ae5218d2fbf26447)
2026-10-07 17:37:51.340+00:00 | BftProcessorExecutor-QBFT-0 | INFO  | QbftBesuControllerBuilder | Imported #443 / 0 tx / 0 pending / 0 (0.0%) gas / (0xee9b93d3cdd9c88a56d5eba57b287f4db6ea43a3d5e87b17009207fb5e98cff6)
2026-10-07 17:37:51.341+00:00 | EthScheduler-Workers-0 | INFO  | PersistBlockTask | Block 443 (0xee9b93d3cdd9c88a56d5eba57b287f4db6ea43a3d5e87b17009207fb5e98cff6) is already imported
2026-10-07 17:37:53.279+00:00 | EthScheduler-Workers-0 | INFO  | PersistBlockTask | Block 444 (0x875f6da343acf7a881ff8addbd092bc6a558a976ce299420a7ee6843cf6663da) is already imported
2026-10-07 17:37:53.279+00:00 | BftProcessorExecutor-QBFT-0 | INFO  | QbftBesuControllerBuilder | Imported #444 / 0 tx / 0 pending / 0 (0.0%) gas / (0x875f6da343acf7a881ff8addbd092bc6a558a976ce299420a7ee6843cf6663da)
2026-10-07 17:37:55.233+00:00 | BftProcessorExecutor-QBFT-0 | INFO  | QbftBesuControllerBuilder | Produced #445 / 0 tx / 0 pending / 0 (0.0%) gas / (0xed055ae3939d4a22af04ce2568718d04cc5ffe1d3d6f83a755db001cc51dcb93)
2026-10-07 17:37:57.250+00:00 | BftProcessorExecutor-QBFT-0 | INFO  | QbftBesuControllerBuilder | Imported #446 / 0 tx / 0 pending / 0 (0.0%) gas / (0x99a7d6b751fb48f8a9da55165be04f62c6e116964c204727db4aa3c0fbfa06ca)
2026-10-07 17:37:59.241+00:00 | BftProcessorExecutor-QBFT-0 | INFO  | QbftBesuControllerBuilder | Imported #447 / 0 tx / 0 pending / 0 (0.0%) gas / (0xdc4e2621f91c27c85fa42bd85b42b7f6931a5f7b5a25c2b61da9dded1b2b1edc)
2026-10-07 17:38:01.340+00:00 | BftProcessorExecutor-QBFT-0 | INFO  | QbftBesuControllerBuilder | Imported #448 / 0 tx / 0 pending / 0 (0.0%) gas / (0x0706ef3d271af589f88bb9fccbb08716a00ebd387a2a341c91ac860f995e2236)
2026-10-07 17:38:03.253+00:00 | BftProcessorExecutor-QBFT-0 | INFO  | QbftBesuControllerBuilder | Imported #449 / 0 tx / 0 pending / 0 (0.0%) gas / (0xd4dbedb04688ecaa8d9d4cae930140b77bcc4894adf48dc3843a6a92515bb390)
2026-10-07 17:38:05.212+00:00 | BftProcessorExecutor-QBFT-0 | INFO  | QbftBesuControllerBuilder | Imported #450 / 0 tx / 0 pending / 0 (0.0%) gas / (0xda837f20a8128f2e275b24586adad970c8893afe2e8f43016404a86a612afd0d)
2026-10-07 17:38:07.246+00:00 | EthScheduler-Workers-0 | INFO  | PersistBlockTask | Block 451 (0x46fd9fb05ae97213405da1123f9756d97e1b29f90220a13d204a00d16ff623dd) is already imported
2026-10-07 17:38:07.246+00:00 | BftProcessorExecutor-QBFT-0 | INFO  | QbftBesuControllerBuilder | Imported #451 / 0 tx / 0 pending / 0 (0.0%) gas / (0x46fd9fb05ae97213405da1123f9756d97e1b29f90220a13d204a00d16ff623dd)
2026-10-07 17:38:09.249+00:00 | EthScheduler-Workers-0 | INFO  | PersistBlockTask | Block 452 (0x6fea4204024dc0d377089371dc806fb8cb46dc1d69de2a443da1938c4e402153) is already imported
2026-10-07 17:38:09.249+00:00 | BftProcessorExecutor-QBFT-0 | INFO  | QbftBesuControllerBuilder | Imported #452 / 0 tx / 0 pending / 0 (0.0%) gas / (0x6fea4204024dc0d377089371dc806fb8cb46dc1d69de2a443da1938c4e402153)
2026-10-07 17:38:11.246+00:00 | BftProcessorExecutor-QBFT-0 | INFO  | QbftBesuControllerBuilder | Imported #453 / 0 tx / 0 pending / 0 (0.0%) gas / (0x004f9a1751efec8a6de3200162298e984253e973e9f0f343f57c091b6462ea77)
2026-10-07 17:38:13.252+00:00 | BftProcessorExecutor-QBFT-0 | INFO  | QbftBesuControllerBuilder | Imported #454 / 0 tx / 0 pending / 0 (0.0%) gas / (0x4da2b2bcd42225690ce747620967f06c02d4455b26c85fcdb08040df3151af54)
2026-10-07 17:38:15.209+00:00 | BftProcessorExecutor-QBFT-0 | INFO  | QbftBesuControllerBuilder | Imported #455 / 0 tx / 0 pending / 0 (0.0%) gas / (0xe0a3f11c89601d7351d4501fbc4654f8f57235997eed13bd27a1c393dd93beb9)
2026-10-07 17:38:17.244+00:00 | EthScheduler-Workers-0 | INFO  | PersistBlockTask | Block 456 (0x17488973c8061faf5da89f80534468e9e980d708e7279531bb463e526e90a47f) is already imported
2026-10-07 17:38:17.244+00:00 | BftProcessorExecutor-QBFT-0 | INFO  | QbftBesuControllerBuilder | Imported #456 / 0 tx / 0 pending / 0 (0.0%) gas / (0x17488973c8061faf5da89f80534468e9e980d708e7279531bb463e526e90a47f)
2026-10-07 17:38:19.250+00:00 | EthScheduler-Workers-0 | INFO  | PersistBlockTask | Block 457 (0xc0b7757fdaabab7cd5aa6e51dc01c4a99263e2909085315b1018234beb6e6c27) is already imported
2026-10-07 17:38:19.250+00:00 | BftProcessorExecutor-QBFT-0 | INFO  | QbftBesuControllerBuilder | Imported #457 / 0 tx / 0 pending / 0 (0.0%) gas / (0xc0b7757fdaabab7cd5aa6e51dc01c4a99263e2909085315b1018234beb6e6c27)
2026-10-07 17:38:21.334+00:00 | BftProcessorExecutor-QBFT-0 | INFO  | QbftBesuControllerBuilder | Imported #458 / 0 tx / 0 pending / 0 (0.0%) gas / (0x8fdab1b37dd34495b07e15b7e830f00641c0e29cc2700f81d1bb28de346eb344)
2026-10-07 17:38:23.275+00:00 | BftProcessorExecutor-QBFT-0 | INFO  | QbftBesuControllerBuilder | Imported #459 / 0 tx / 0 pending / 0 (0.0%) gas / (0xf95f3d180e9a6485e187431c53e15cb9f418522492b1cf8e53d6e7166b67ba9f)
2026-10-07 17:38:25.232+00:00 | EthScheduler-Workers-0 | INFO  | PersistBlockTask | Block 460 (0xddc1bf92c272468c4b9328bdb8ea76f300ffd8551ef7b8b20120e2e8587250bf) is already imported
2026-10-07 17:38:25.232+00:00 | BftProcessorExecutor-QBFT-0 | INFO  | QbftBesuControllerBuilder | Produced #460 / 0 tx / 0 pending / 0 (0.0%) gas / (0xddc1bf92c272468c4b9328bdb8ea76f300ffd8551ef7b8b20120e2e8587250bf)
2026-10-07 17:38:27.277+00:00 | EthScheduler-Workers-0 | INFO  | PersistBlockTask | Block 461 (0xa367ce34ec1fed210d40b4d93d2c6067ec8dc533a4902f86f9c14906e385c1db) is already imported
2026-10-07 17:38:27.277+00:00 | BftProcessorExecutor-QBFT-0 | INFO  | QbftBesuControllerBuilder | Imported #461 / 0 tx / 0 pending / 0 (0.0%) gas / (0xa367ce34ec1fed210d40b4d93d2c6067ec8dc533a4902f86f9c14906e385c1db)
2026-10-07 17:38:29.246+00:00 | BftProcessorExecutor-QBFT-0 | INFO  | QbftBesuControllerBuilder | Imported #462 / 0 tx / 0 pending / 0 (0.0%) gas / (0x61093b9682e7b0fcda02ae0ba90d6d73289d34a63155710e0c5b1aa6ebf76749)
2026-10-07 17:38:31.353+00:00 | EthScheduler-Workers-0 | INFO  | PersistBlockTask | Block 463 (0x9a6abc8816402b8dc3e4956097e0dc2a29c3c5a5867fc09e2ff9225b76edf1dc) is already imported
2026-10-07 17:38:31.353+00:00 | BftProcessorExecutor-QBFT-0 | INFO  | QbftBesuControllerBuilder | Imported #463 / 0 tx / 0 pending / 0 (0.0%) gas / (0x9a6abc8816402b8dc3e4956097e0dc2a29c3c5a5867fc09e2ff9225b76edf1dc)
2026-10-07 17:38:33.837+00:00 | EthScheduler-Workers-0 | INFO  | PersistBlockTask | Block 464 (0xddc0af0ddc76b25e5bcf5b579825d57f47545fcb15205f5ee32f53a45f22a168) is already imported
2026-10-07 17:38:33.838+00:00 | BftProcessorExecutor-QBFT-0 | INFO  | QbftBesuControllerBuilder | Imported #464 / 31 tx / 740 pending / 7,501,070 (0.0%) gas / (0xddc0af0ddc76b25e5bcf5b579825d57f47545fcb15205f5ee32f53a45f22a168)
2026-10-07 17:38:36.535+00:00 | EthScheduler-Workers-0 | INFO  | PersistBlockTask | Block 465 (0x22e6fb8ded2257fe245ad82b6adb19f788550beb3a1c358d35a77624e2a752fc) is already imported
2026-10-07 17:38:36.537+00:00 | BftProcessorExecutor-QBFT-0 | INFO  | QbftBesuControllerBuilder | Imported #465 / 82 tx / 1650 pending / 19,841,540 (0.0%) gas / (0x22e6fb8ded2257fe245ad82b6adb19f788550beb3a1c358d35a77624e2a752fc)
2026-10-07 17:38:39.122+00:00 | BftProcessorExecutor-QBFT-0 | INFO  | QbftBesuControllerBuilder | Imported #466 / 131 tx / 2446 pending / 31,698,070 (0.0%) gas / (0xf1326e1b3fca5c332176c125fdcbca5c0c291a3d91df0ca412bfd2b74a6322a7)
2026-10-07 17:38:42.026+00:00 | BftProcessorExecutor-QBFT-0 | INFO  | QbftBesuControllerBuilder | Imported #467 / 184 tx / 3311 pending / 44,522,480 (0.0%) gas / (0x96bffe59696bd8a05348fa7077b4c626373d45e9b09c9ce62462ca45280e034e)
2026-10-07 17:38:45.937+00:00 | EthScheduler-Workers-0 | INFO  | PersistBlockTask | Block 468 (0xd1da2e01baa69a7eb8d7c1a53fdf839be18b335fe04bea0b45c0ca27bd45b351) is already imported
2026-10-07 17:38:45.941+00:00 | BftProcessorExecutor-QBFT-0 | INFO  | QbftBesuControllerBuilder | Imported #468 / 254 tx / 4513 pending / 61,460,380 (0.0%) gas / (0xd1da2e01baa69a7eb8d7c1a53fdf839be18b335fe04bea0b45c0ca27bd45b351)
2026-10-07 17:38:50.893+00:00 | EthScheduler-Workers-0 | INFO  | PersistBlockTask | Block 469 (0x6bbdc8aa9db1ed0249a9f26e4f897bddf1b06649f7cc5fc8d366e6110bc8f4d5) is already imported
2026-10-07 17:38:50.896+00:00 | BftProcessorExecutor-QBFT-0 | INFO  | QbftBesuControllerBuilder | Imported #469 / 324 tx / 6117 pending / 78,398,280 (0.0%) gas / (0x6bbdc8aa9db1ed0249a9f26e4f897bddf1b06649f7cc5fc8d366e6110bc8f4d5)
2026-10-07 17:38:55.636+00:00 | BftProcessorExecutor-QBFT-0 | INFO  | QbftBesuControllerBuilder | Imported #470 / 332 tx / 6854 pending / 80,334,040 (0.0%) gas / (0xde6947f5788802a34eec43e2a07990e43d1e0e36eff9b996b9600cb713e9501e)
2026-10-07 17:39:00.687+00:00 | EthScheduler-Workers-0 | INFO  | PersistBlockTask | Block 471 (0xbf1efc391f0cc9ac25f96d41a6aaa8b1859e23b64adf7848d79aaba7662ce6cd) is already imported
2026-10-07 17:39:00.702+00:00 | BftProcessorExecutor-QBFT-0 | INFO  | QbftBesuControllerBuilder | Imported #471 / 339 tx / 6515 pending / 82,027,830 (0.0%) gas / (0xbf1efc391f0cc9ac25f96d41a6aaa8b1859e23b64adf7848d79aaba7662ce6cd)
2026-10-07 17:39:05.796+00:00 | EthScheduler-Workers-0 | INFO  | PersistBlockTask | Block 472 (0xc7902fc49b53d93bee4d540fcb05fdd6057a866718c35365de9f2ec302871ae4) is already imported
2026-10-07 17:39:05.801+00:00 | BftProcessorExecutor-QBFT-0 | INFO  | QbftBesuControllerBuilder | Imported #472 / 344 tx / 6171 pending / 83,237,680 (0.0%) gas / (0xc7902fc49b53d93bee4d540fcb05fdd6057a866718c35365de9f2ec302871ae4)
2026-10-07 17:39:11.045+00:00 | EthScheduler-Workers-0 | INFO  | PersistBlockTask | Block 473 (0xdbcea84e5330c50689efe06eca5ce30f161adaaa8525e64e690ddc5b7aab1fcc) is already imported
2026-10-07 17:39:11.054+00:00 | BftProcessorExecutor-QBFT-0 | INFO  | QbftBesuControllerBuilder | Imported #473 / 336 tx / 5835 pending / 81,301,920 (0.0%) gas / (0xdbcea84e5330c50689efe06eca5ce30f161adaaa8525e64e690ddc5b7aab1fcc)
2026-10-07 17:39:16.009+00:00 | EthScheduler-Workers-0 | INFO  | PersistBlockTask | Block 474 (0x581178f168400e02003b23887acca0bf63755379d7736f740f57f73c3d00fd65) is already imported
2026-10-07 17:39:16.011+00:00 | BftProcessorExecutor-QBFT-0 | INFO  | QbftBesuControllerBuilder | Imported #474 / 338 tx / 5497 pending / 81,785,860 (0.0%) gas / (0x581178f168400e02003b23887acca0bf63755379d7736f740f57f73c3d00fd65)
2026-10-07 17:39:17.513+00:00 | BftProcessorExecutor-QBFT-0 | WARN  | BlockTransactionSelector | Interrupting the selection of transactions for block inclusion as it exceeds the maximum configured duration of 1500ms
java.util.concurrent.TimeoutException
	at java.base/java.util.concurrent.CompletableFuture.timedGet(CompletableFuture.java:1960)
	at java.base/java.util.concurrent.CompletableFuture.get(CompletableFuture.java:2095)
	at org.hyperledger.besu.ethereum.blockcreation.txselection.BlockTransactionSelector.timeLimitedSelection(BlockTransactionSelector.java:186)
	at org.hyperledger.besu.ethereum.blockcreation.txselection.BlockTransactionSelector.buildTransactionListForBlock(BlockTransactionSelector.java:169)
	at org.hyperledger.besu.ethereum.blockcreation.AbstractBlockCreator.selectTransactions(AbstractBlockCreator.java:376)
	at org.hyperledger.besu.ethereum.blockcreation.AbstractBlockCreator.createBlock(AbstractBlockCreator.java:218)
	at org.hyperledger.besu.ethereum.blockcreation.AbstractBlockCreator.createBlock(AbstractBlockCreator.java:146)
	at org.hyperledger.besu.consensus.common.bft.blockcreation.BftBlockCreator.createBlock(BftBlockCreator.java:92)
	at org.hyperledger.besu.consensus.qbft.statemachine.QbftRound.createAndSendProposalMessage(QbftRound.java:137)
	at org.hyperledger.besu.consensus.qbft.statemachine.QbftBlockHeightManager.handleBlockTimerExpiry(QbftBlockHeightManager.java:140)
	at org.hyperledger.besu.consensus.common.bft.statemachine.BaseBftController.handleBlockTimerExpiry(BaseBftController.java:167)
	at org.hyperledger.besu.consensus.common.bft.EventMultiplexer.handleBftEvent(EventMultiplexer.java:65)
	at java.base/java.util.Optional.ifPresent(Optional.java:178)
	at org.hyperledger.besu.consensus.common.bft.BftProcessor.run(BftProcessor.java:65)
	at java.base/java.util.concurrent.ThreadPoolExecutor.runWorker(ThreadPoolExecutor.java:1144)
	at java.base/java.util.concurrent.ThreadPoolExecutor$Worker.run(ThreadPoolExecutor.java:642)
	at java.base/java.lang.Thread.run(Thread.java:1583)
2026-10-07 17:39:20.993+00:00 | EthScheduler-Workers-0 | INFO  | PersistBlockTask | Block 475 (0x709fadd811fc6deaa222f481589e348b77fd959c9b430f74ad5538e09af87530) is already imported
2026-10-07 17:39:20.996+00:00 | BftProcessorExecutor-QBFT-0 | INFO  | QbftBesuControllerBuilder | Produced #475 / 346 tx / 5151 pending / 83,721,620 (0.0%) gas / (0x709fadd811fc6deaa222f481589e348b77fd959c9b430f74ad5538e09af87530)
2026-10-07 17:39:25.921+00:00 | EthScheduler-Workers-0 | INFO  | PersistBlockTask | Block 476 (0xcdb72ce7d36980fab8e60e6ae86ea178ce1990f56df07c62aa2818bbb4875e02) is already imported
2026-10-07 17:39:25.925+00:00 | BftProcessorExecutor-QBFT-0 | INFO  | QbftBesuControllerBuilder | Imported #476 / 320 tx / 4831 pending / 77,430,400 (0.0%) gas / (0xcdb72ce7d36980fab8e60e6ae86ea178ce1990f56df07c62aa2818bbb4875e02)
2026-10-07 17:39:30.917+00:00 | BftProcessorExecutor-QBFT-0 | INFO  | QbftBesuControllerBuilder | Imported #477 / 328 tx / 4503 pending / 79,366,160 (0.0%) gas / (0xd730bc909a34d14ab564f65017e370dce26576a36ab00f4c0e65ce236f444b76)
2026-10-07 17:39:36.037+00:00 | EthScheduler-Workers-0 | INFO  | PersistBlockTask | Block 478 (0x2ebde809869342dd452962efffc9dc94fc225ae991efc639ace461cac48274a7) is already imported
2026-10-07 17:39:36.046+00:00 | BftProcessorExecutor-QBFT-0 | INFO  | QbftBesuControllerBuilder | Imported #478 / 331 tx / 4172 pending / 80,092,070 (0.0%) gas / (0x2ebde809869342dd452962efffc9dc94fc225ae991efc639ace461cac48274a7)
2026-10-07 17:39:41.018+00:00 | EthScheduler-Workers-0 | INFO  | PersistBlockTask | Block 479 (0xab19d5794949a629af59e7d15843e893578029e11098159a6cd48d8c4a5ce86e) is already imported
2026-10-07 17:39:41.021+00:00 | BftProcessorExecutor-QBFT-0 | INFO  | QbftBesuControllerBuilder | Imported #479 / 333 tx / 3839 pending / 80,576,010 (0.0%) gas / (0xab19d5794949a629af59e7d15843e893578029e11098159a6cd48d8c4a5ce86e)
2026-10-07 17:39:45.921+00:00 | BftProcessorExecutor-QBFT-0 | INFO  | QbftBesuControllerBuilder | Imported #480 / 338 tx / 3501 pending / 81,785,860 (0.0%) gas / (0x79c5021b9f94b78eedd86a4102c756c2753966668e1d1699e522da7d4cdf7ad5)
2026-10-07 17:39:50.926+00:00 | BftProcessorExecutor-QBFT-0 | INFO  | QbftBesuControllerBuilder | Imported #481 / 342 tx / 3159 pending / 82,753,740 (0.0%) gas / (0xd020b5e0216e6ffe2596d45582df169a14ac9f21f7ee2f5f1acdbd5cc1cdbcfa)
2026-10-07 17:39:56.086+00:00 | EthScheduler-Workers-0 | INFO  | PersistBlockTask | Block 482 (0x926a545ff4da1a4a5c2200f173805038f3df139faf0e95580f580367dc8df368) is already imported
2026-10-07 17:39:56.090+00:00 | BftProcessorExecutor-QBFT-0 | INFO  | QbftBesuControllerBuilder | Imported #482 / 342 tx / 2817 pending / 82,753,740 (0.0%) gas / (0x926a545ff4da1a4a5c2200f173805038f3df139faf0e95580f580367dc8df368)
2026-10-07 17:40:00.603+00:00 | EthScheduler-Workers-0 | INFO  | PersistBlockTask | Block 483 (0xdfb23bc1e652550a745e95f23385bf4695b22f5136d7820fe6f70b3d86253a8e) is already imported
2026-10-07 17:40:00.606+00:00 | BftProcessorExecutor-QBFT-0 | INFO  | QbftBesuControllerBuilder | Imported #483 / 295 tx / 2522 pending / 71,381,150 (0.0%) gas / (0xdfb23bc1e652550a745e95f23385bf4695b22f5136d7820fe6f70b3d86253a8e)
2026-10-07 17:40:04.081+00:00 | EthScheduler-Workers-0 | INFO  | PersistBlockTask | Block 484 (0xa0df3f0841d075f005f2077cbd62257bec2f8215d38d1c64f3b012c59afa4551) is already imported
2026-10-07 17:40:04.083+00:00 | BftProcessorExecutor-QBFT-0 | INFO  | QbftBesuControllerBuilder | Imported #484 / 225 tx / 2297 pending / 54,443,250 (0.0%) gas / (0xa0df3f0841d075f005f2077cbd62257bec2f8215d38d1c64f3b012c59afa4551)
2026-10-07 17:40:07.337+00:00 | EthScheduler-Workers-0 | INFO  | PersistBlockTask | Block 485 (0xcf257db94adc2a207ac4ba01c673f64b7a0e514198d4face6feaca7c74055d2e) is already imported
2026-10-07 17:40:07.338+00:00 | BftProcessorExecutor-QBFT-0 | INFO  | QbftBesuControllerBuilder | Imported #485 / 213 tx / 2084 pending / 51,539,610 (0.0%) gas / (0xcf257db94adc2a207ac4ba01c673f64b7a0e514198d4face6feaca7c74055d2e)
2026-10-07 17:40:10.505+00:00 | BftProcessorExecutor-QBFT-0 | INFO  | QbftBesuControllerBuilder | Imported #486 / 206 tx / 1878 pending / 49,845,820 (0.0%) gas / (0xd278c945906662438b1128ffee56f87922bb47a52b392459993f6ee191250517)
2026-10-07 17:40:13.762+00:00 | EthScheduler-Workers-0 | INFO  | PersistBlockTask | Block 487 (0x3a7dc463ae36e7d4bd9ab6334962f1d69d850616abb7e3f87569418350b22d36) is already imported
2026-10-07 17:40:13.764+00:00 | BftProcessorExecutor-QBFT-0 | INFO  | QbftBesuControllerBuilder | Imported #487 / 201 tx / 1677 pending / 48,635,970 (0.0%) gas / (0x3a7dc463ae36e7d4bd9ab6334962f1d69d850616abb7e3f87569418350b22d36)
2026-10-07 17:40:17.132+00:00 | BftProcessorExecutor-QBFT-0 | INFO  | QbftBesuControllerBuilder | Imported #488 / 209 tx / 1468 pending / 50,571,730 (0.0%) gas / (0x187d12f797577837ed13db567ad3ae3b3c27e869c7815dc8c60a899f33c80faa)
2026-10-07 17:40:20.414+00:00 | BftProcessorExecutor-QBFT-0 | INFO  | QbftBesuControllerBuilder | Imported #489 / 207 tx / 1261 pending / 50,087,790 (0.0%) gas / (0x4e3631b9bef21ea5d9c537bb27a7e51f7d9ffaa9af601c25a93f33e0d4f1fa7a)
2026-10-07 17:40:23.547+00:00 | BftProcessorExecutor-QBFT-0 | INFO  | QbftBesuControllerBuilder | Produced #490 / 199 tx / 1062 pending / 48,152,030 (0.0%) gas / (0x013b536df2725defef05cfb64a7ddea7c25800980629438885d4b1f5c02bea8d)
2026-10-07 17:40:27.059+00:00 | EthScheduler-Workers-0 | INFO  | PersistBlockTask | Block 491 (0xb6842268a2e0aee57297c09bb24a2c189bee43419c3171ece06e545df4ee18d3) is already imported
2026-10-07 17:40:27.060+00:00 | BftProcessorExecutor-QBFT-0 | INFO  | QbftBesuControllerBuilder | Imported #491 / 225 tx / 837 pending / 54,443,250 (0.0%) gas / (0xb6842268a2e0aee57297c09bb24a2c189bee43419c3171ece06e545df4ee18d3)
2026-10-07 17:40:30.421+00:00 | EthScheduler-Workers-0 | INFO  | PersistBlockTask | Block 492 (0x176bd4ead94000dda9d14c6ade3446b92f193fca852be9ae3fc39f20f736a2ee) is already imported
2026-10-07 17:40:30.422+00:00 | BftProcessorExecutor-QBFT-0 | INFO  | QbftBesuControllerBuilder | Imported #492 / 216 tx / 621 pending / 52,265,520 (0.0%) gas / (0x176bd4ead94000dda9d14c6ade3446b92f193fca852be9ae3fc39f20f736a2ee)
2026-10-07 17:40:33.786+00:00 | EthScheduler-Workers-0 | INFO  | PersistBlockTask | Block 493 (0x777ca225dcd6d7e7ad6334e18a68a23fd8124ef5a9c9452f1558007ac98ca209) is already imported
2026-10-07 17:40:33.790+00:00 | BftProcessorExecutor-QBFT-0 | INFO  | QbftBesuControllerBuilder | Imported #493 / 213 tx / 408 pending / 51,539,610 (0.0%) gas / (0x777ca225dcd6d7e7ad6334e18a68a23fd8124ef5a9c9452f1558007ac98ca209)
2026-10-07 17:40:36.590+00:00 | EthScheduler-Workers-0 | INFO  | PersistBlockTask | Block 494 (0x7a0ea2a56052fbe883cef5425dcd9f30d8e33f79710fbc01f6dc01ea362262cc) is already imported
2026-10-07 17:40:36.591+00:00 | BftProcessorExecutor-QBFT-0 | INFO  | QbftBesuControllerBuilder | Imported #494 / 180 tx / 228 pending / 43,554,600 (0.0%) gas / (0x7a0ea2a56052fbe883cef5425dcd9f30d8e33f79710fbc01f6dc01ea362262cc)
2026-10-07 17:40:38.511+00:00 | BftProcessorExecutor-QBFT-0 | INFO  | QbftBesuControllerBuilder | Imported #495 / 129 tx / 99 pending / 31,214,130 (0.0%) gas / (0x9cabdbc3aa12028f75dc9513473e599ef380e6b31282af9d07ffb6129ffe7a86)
2026-10-07 17:40:40.261+00:00 | BftProcessorExecutor-QBFT-0 | INFO  | QbftBesuControllerBuilder | Imported #496 / 76 tx / 23 pending / 18,389,720 (0.0%) gas / (0x900d4bedff7db1233fbc1122e1055a5f6edbfa44af2d770393b927eef001f2d1)
2026-10-07 17:40:41.660+00:00 | EthScheduler-Workers-0 | INFO  | PersistBlockTask | Block 497 (0xb64826f43b9d4403b1e9d49a38a7b87b63eed2d8411e3043ee8667b1de4c7c44) is already imported
2026-10-07 17:40:41.660+00:00 | BftProcessorExecutor-QBFT-0 | INFO  | QbftBesuControllerBuilder | Imported #497 / 23 tx / 0 pending / 5,565,310 (0.0%) gas / (0xb64826f43b9d4403b1e9d49a38a7b87b63eed2d8411e3043ee8667b1de4c7c44)
2026-10-07 17:40:43.322+00:00 | BftProcessorExecutor-QBFT-0 | INFO  | QbftBesuControllerBuilder | Imported #498 / 0 tx / 0 pending / 0 (0.0%) gas / (0xbcc946e39fe30af613dc417ec16ec6af6120fa78c3af6ef296262ede93596399)
2026-10-07 17:40:45.266+00:00 | BftProcessorExecutor-QBFT-0 | INFO  | QbftBesuControllerBuilder | Imported #499 / 0 tx / 0 pending / 0 (0.0%) gas / (0xeac0db76c4ea118580ef9a5884455b8d40b924d1afac287af714eb5a4af7821c)
2026-10-07 17:40:47.224+00:00 | BftProcessorExecutor-QBFT-0 | INFO  | QbftBesuControllerBuilder | Imported #500 / 0 tx / 0 pending / 0 (0.0%) gas / (0x9c8d2a5afe4305a1e2152a4db42d9564b76b84612794957095d22b959d1989f0)
2026-10-07 17:40:49.236+00:00 | EthScheduler-Workers-0 | INFO  | PersistBlockTask | Block 501 (0x8a2645da48ada7e4cbe57c5647f87f5c96691537d2e0e6c3b839c1dc00e9ba5f) is already imported
2026-10-07 17:40:49.236+00:00 | BftProcessorExecutor-QBFT-0 | INFO  | QbftBesuControllerBuilder | Imported #501 / 0 tx / 0 pending / 0 (0.0%) gas / (0x8a2645da48ada7e4cbe57c5647f87f5c96691537d2e0e6c3b839c1dc00e9ba5f)
2026-10-07 17:40:51.238+00:00 | BftProcessorExecutor-QBFT-0 | INFO  | QbftBesuControllerBuilder | Imported #502 / 0 tx / 0 pending / 0 (0.0%) gas / (0x8c52864495f6aae6a3cda14b8a64d0dd496aae10bcf4426582da9821e5cbb20d)
2026-10-07 17:40:53.310+00:00 | EthScheduler-Workers-0 | INFO  | PersistBlockTask | Block 503 (0x4dffefe0371a58b7e2fd3abf558107f4f756aba89de98a544a60c52ed0eacf25) is already imported
2026-10-07 17:40:53.311+00:00 | BftProcessorExecutor-QBFT-0 | INFO  | QbftBesuControllerBuilder | Imported #503 / 0 tx / 0 pending / 0 (0.0%) gas / (0x4dffefe0371a58b7e2fd3abf558107f4f756aba89de98a544a60c52ed0eacf25)
2026-10-07 17:40:55.259+00:00 | BftProcessorExecutor-QBFT-0 | INFO  | QbftBesuControllerBuilder | Imported #504 / 0 tx / 0 pending / 0 (0.0%) gas / (0x4aa5ce310d9788277e27a5df184e1d17a8523779f44d9f5d151fb738f12931ce)
2026-10-07 17:40:57.217+00:00 | BftProcessorExecutor-QBFT-0 | INFO  | QbftBesuControllerBuilder | Produced #505 / 0 tx / 0 pending / 0 (0.0%) gas / (0x881fcb3aa1e8d6ae92f944e911340117143c6e34045c0f6deea7093a7cb88b7f)
2026-10-07 17:40:59.257+00:00 | BftProcessorExecutor-QBFT-0 | INFO  | QbftBesuControllerBuilder | Imported #506 / 0 tx / 0 pending / 0 (0.0%) gas / (0x973e18782aa2d1c19a87bd845c98cb464bdf0ccc953bcd2e4ca30f5621b7a14c)
2026-10-07 17:41:01.248+00:00 | EthScheduler-Workers-0 | INFO  | PersistBlockTask | Block 507 (0x53d56dcf5e6677f42827d134453c3848dc3f56ea07d38dca106c10a2040de20c) is already imported
2026-10-07 17:41:01.249+00:00 | BftProcessorExecutor-QBFT-0 | INFO  | QbftBesuControllerBuilder | Imported #507 / 0 tx / 0 pending / 0 (0.0%) gas / (0x53d56dcf5e6677f42827d134453c3848dc3f56ea07d38dca106c10a2040de20c)
2026-10-07 17:41:03.321+00:00 | EthScheduler-Workers-0 | INFO  | PersistBlockTask | Block 508 (0xd4f5c87e9a3e9f912f477e0fc9bc81347f72f938341806ce43f7b69675ed19e3) is already imported
2026-10-07 17:41:03.322+00:00 | BftProcessorExecutor-QBFT-0 | INFO  | QbftBesuControllerBuilder | Imported #508 / 0 tx / 0 pending / 0 (0.0%) gas / (0xd4f5c87e9a3e9f912f477e0fc9bc81347f72f938341806ce43f7b69675ed19e3)
2026-10-07 17:41:05.267+00:00 | BftProcessorExecutor-QBFT-0 | INFO  | QbftBesuControllerBuilder | Imported #509 / 0 tx / 0 pending / 0 (0.0%) gas / (0x556b464d749940514512b01a3fe13e24da4a2c632e8bde4ce65525c0d4757dd5)
2026-10-07 17:41:07.225+00:00 | EthScheduler-Workers-0 | INFO  | PersistBlockTask | Block 510 (0x3fea18d8533dfaae829a72dcc4d75d3b7fcca7f08d6415b5eb4f02cb304a1135) is already imported
2026-10-07 17:41:07.226+00:00 | BftProcessorExecutor-QBFT-0 | INFO  | QbftBesuControllerBuilder | Imported #510 / 0 tx / 0 pending / 0 (0.0%) gas / (0x3fea18d8533dfaae829a72dcc4d75d3b7fcca7f08d6415b5eb4f02cb304a1135)
2026-10-07 17:41:09.239+00:00 | BftProcessorExecutor-QBFT-0 | INFO  | QbftBesuControllerBuilder | Imported #511 / 0 tx / 0 pending / 0 (0.0%) gas / (0x60b800e7db8b9d59141449a4f9f187249338813b7aef16df769c86df95a4a636)
2026-10-07 17:41:11.248+00:00 | BftProcessorExecutor-QBFT-0 | INFO  | QbftBesuControllerBuilder | Imported #512 / 0 tx / 0 pending / 0 (0.0%) gas / (0xe698162a770b090c6d485b361692460a8a1ca29563e0d8bea24cbe716181e811)
2026-10-07 17:41:13.263+00:00 | BftProcessorExecutor-QBFT-0 | INFO  | QbftBesuControllerBuilder | Imported #513 / 0 tx / 0 pending / 0 (0.0%) gas / (0x3ede62e47e3b47fef480c69ccac822dc53b8f2a5718c1975c24180372bd39104)
2026-10-07 17:41:15.262+00:00 | BftProcessorExecutor-QBFT-0 | INFO  | QbftBesuControllerBuilder | Imported #514 / 0 tx / 0 pending / 0 (0.0%) gas / (0x84a3c562c89716700c512dbff7ea28917d03400a9ce9cd65c012c9e60fdf4565)
2026-10-07 17:41:17.242+00:00 | EthScheduler-Workers-0 | INFO  | PersistBlockTask | Block 515 (0x5105d0d8e474e1473f59428eb8dee8d021b8b416874390818e47ec7d1ee2fef7) is already imported
2026-10-07 17:41:17.243+00:00 | BftProcessorExecutor-QBFT-0 | INFO  | QbftBesuControllerBuilder | Imported #515 / 0 tx / 0 pending / 0 (0.0%) gas / (0x5105d0d8e474e1473f59428eb8dee8d021b8b416874390818e47ec7d1ee2fef7)
2026-10-07 17:41:19.276+00:00 | BftProcessorExecutor-QBFT-0 | INFO  | QbftBesuControllerBuilder | Imported #516 / 0 tx / 0 pending / 0 (0.0%) gas / (0x631a100d8b4bb56c67b26b2c115834cc9806f93f0620fc28e834d16292c7c59c)
2026-10-07 17:41:21.254+00:00 | EthScheduler-Workers-0 | INFO  | PersistBlockTask | Block 517 (0x773df0b9f5ed89a0a3ea217fa1a127334da241ba7ad6e136b34138c6e0c0da27) is already imported
2026-10-07 17:41:21.255+00:00 | BftProcessorExecutor-QBFT-0 | INFO  | QbftBesuControllerBuilder | Imported #517 / 0 tx / 0 pending / 0 (0.0%) gas / (0x773df0b9f5ed89a0a3ea217fa1a127334da241ba7ad6e136b34138c6e0c0da27)
2026-10-07 17:41:23.268+00:00 | EthScheduler-Workers-0 | INFO  | PersistBlockTask | Block 518 (0xf353a58824a2be7bb8c1d42efab25a6397065d5cf6f24eec1494de3e1c881bf8) is already imported
2026-10-07 17:41:23.268+00:00 | BftProcessorExecutor-QBFT-0 | INFO  | QbftBesuControllerBuilder | Imported #518 / 0 tx / 0 pending / 0 (0.0%) gas / (0xf353a58824a2be7bb8c1d42efab25a6397065d5cf6f24eec1494de3e1c881bf8)
2026-10-07 17:41:25.264+00:00 | BftProcessorExecutor-QBFT-0 | INFO  | QbftBesuControllerBuilder | Imported #519 / 0 tx / 0 pending / 0 (0.0%) gas / (0x06fddc88b1b41e7485ed55ab697555313fd3b012a39b44959ca92e4f3421aa94)
2026-10-07 17:41:27.217+00:00 | BftProcessorExecutor-QBFT-0 | INFO  | QbftBesuControllerBuilder | Produced #520 / 0 tx / 0 pending / 0 (0.0%) gas / (0x81f0118019fd5f634b36d492d4c4c28771f7ea844a2e6cb4c297891e07dd1876)
2026-10-07 17:41:29.286+00:00 | BftProcessorExecutor-QBFT-0 | INFO  | QbftBesuControllerBuilder | Imported #521 / 0 tx / 0 pending / 0 (0.0%) gas / (0xc9a96e767c403069b36fe4a391b1854be82f8a3a3ed60263462a6b2db6b51699)
2026-10-07 17:41:31.281+00:00 | EthScheduler-Workers-0 | INFO  | PersistBlockTask | Block 522 (0x2734c991633e6468dfc5e4fc6db30c6b71ca1f8d0be5488d69f45a057cf04d3d) is already imported
2026-10-07 17:41:31.281+00:00 | BftProcessorExecutor-QBFT-0 | INFO  | QbftBesuControllerBuilder | Imported #522 / 0 tx / 0 pending / 0 (0.0%) gas / (0x2734c991633e6468dfc5e4fc6db30c6b71ca1f8d0be5488d69f45a057cf04d3d)
2026-10-07 17:41:33.260+00:00 | EthScheduler-Workers-0 | INFO  | PersistBlockTask | Block 523 (0xccdf2c22c3bf85cfb1a14c6e62a23eecbf767178a6a74d8de11fa5c84400ccd6) is already imported
2026-10-07 17:41:33.261+00:00 | BftProcessorExecutor-QBFT-0 | INFO  | QbftBesuControllerBuilder | Imported #523 / 0 tx / 0 pending / 0 (0.0%) gas / (0xccdf2c22c3bf85cfb1a14c6e62a23eecbf767178a6a74d8de11fa5c84400ccd6)
2026-10-07 17:41:35.263+00:00 | BftProcessorExecutor-QBFT-0 | INFO  | QbftBesuControllerBuilder | Imported #524 / 0 tx / 0 pending / 0 (0.0%) gas / (0x95a30f065da16a3166843efb72606653b76496b869ce7022b3aa95e5dc3e5161)
2026-10-07 17:41:37.219+00:00 | EthScheduler-Workers-0 | INFO  | PersistBlockTask | Block 525 (0x03b20f787b65088665c0c490a843666a8a0ab6fc8accfe4bc540edc01107d752) is already imported
2026-10-07 17:41:37.220+00:00 | BftProcessorExecutor-QBFT-0 | INFO  | QbftBesuControllerBuilder | Imported #525 / 0 tx / 0 pending / 0 (0.0%) gas / (0x03b20f787b65088665c0c490a843666a8a0ab6fc8accfe4bc540edc01107d752)
2026-10-07 17:41:39.279+00:00 | BftProcessorExecutor-QBFT-0 | INFO  | QbftBesuControllerBuilder | Imported #526 / 0 tx / 0 pending / 0 (0.0%) gas / (0x75822dc994cba45659b89fe69780d3f193712b8a9f112881ae24dea3964e683e)
2026-10-07 17:41:41.235+00:00 | BftProcessorExecutor-QBFT-0 | INFO  | QbftBesuControllerBuilder | Imported #527 / 0 tx / 0 pending / 0 (0.0%) gas / (0x6ed5de9599956aa693d35d10b6b573348ca4957fe1d43acf9c73c473b723b662)
2026-10-07 17:41:43.344+00:00 | BftProcessorExecutor-QBFT-0 | INFO  | QbftBesuControllerBuilder | Imported #528 / 0 tx / 0 pending / 0 (0.0%) gas / (0x8315f6984b2a6be1853d221668e7955044e0a7ff920a0ee43ca828d0dd9bdf41)
2026-10-07 17:41:43.346+00:00 | EthScheduler-Workers-0 | INFO  | PersistBlockTask | Block 528 (0x8315f6984b2a6be1853d221668e7955044e0a7ff920a0ee43ca828d0dd9bdf41) is already imported
2026-10-07 17:41:45.272+00:00 | BftProcessorExecutor-QBFT-0 | INFO  | QbftBesuControllerBuilder | Imported #529 / 0 tx / 0 pending / 0 (0.0%) gas / (0xc5f3746e2ab739db86ea4ea2c67d1ecd1e0716a0f544717bc160d680a33ce027)
2026-10-07 17:41:47.229+00:00 | BftProcessorExecutor-QBFT-0 | INFO  | QbftBesuControllerBuilder | Imported #530 / 0 tx / 0 pending / 0 (0.0%) gas / (0x0e1e77c96e29fe07857751a7bd6de5e9d5d52a7b346cf8e3fad7da475240d92f)
2026-10-07 17:41:47.229+00:00 | EthScheduler-Workers-0 | INFO  | PersistBlockTask | Block 530 (0x0e1e77c96e29fe07857751a7bd6de5e9d5d52a7b346cf8e3fad7da475240d92f) is already imported
2026-10-07 17:41:49.285+00:00 | BftProcessorExecutor-QBFT-0 | INFO  | QbftBesuControllerBuilder | Imported #531 / 0 tx / 0 pending / 0 (0.0%) gas / (0xea9db14ccf6023793ed54d03382649817dd165cb4a6218dfb5e1aebe85ed2bc3)
2026-10-07 17:41:49.285+00:00 | EthScheduler-Workers-0 | INFO  | PersistBlockTask | Block 531 (0xea9db14ccf6023793ed54d03382649817dd165cb4a6218dfb5e1aebe85ed2bc3) is already imported
2026-10-07 17:41:51.254+00:00 | EthScheduler-Workers-0 | INFO  | PersistBlockTask | Block 532 (0x4f61ee2a6e4e84f9642bd145d01ede08e635ebd9d5651dc6af912776dcd5fdcc) is already imported
2026-10-07 17:41:51.255+00:00 | BftProcessorExecutor-QBFT-0 | INFO  | QbftBesuControllerBuilder | Imported #532 / 0 tx / 0 pending / 0 (0.0%) gas / (0x4f61ee2a6e4e84f9642bd145d01ede08e635ebd9d5651dc6af912776dcd5fdcc)
2026-10-07 17:41:53.246+00:00 | BftProcessorExecutor-QBFT-0 | INFO  | QbftBesuControllerBuilder | Imported #533 / 0 tx / 0 pending / 0 (0.0%) gas / (0xd5219c230568178a03defdc08268451cb24624eb9c1732b056521a0c87443959)
2026-10-07 17:41:55.261+00:00 | BftProcessorExecutor-QBFT-0 | INFO  | QbftBesuControllerBuilder | Imported #534 / 0 tx / 0 pending / 0 (0.0%) gas / (0xfc59a3de3a25cac61362e0d6d86b7f417c1b209659404d5c6d33f3e950dbe005)
2026-10-07 17:41:57.228+00:00 | BftProcessorExecutor-QBFT-0 | INFO  | QbftBesuControllerBuilder | Produced #535 / 0 tx / 0 pending / 0 (0.0%) gas / (0x80cda507ee8ac223eccc93fd9240ddaff75942c56903d54fbbc3367828b13d1f)
2026-10-07 17:41:59.256+00:00 | EthScheduler-Workers-0 | INFO  | PersistBlockTask | Block 536 (0xa92a332703f048bdd4969af6d87ea6e1f48817c57ead575ad72d0789292dbea5) is already imported
2026-10-07 17:41:59.256+00:00 | BftProcessorExecutor-QBFT-0 | INFO  | QbftBesuControllerBuilder | Imported #536 / 0 tx / 0 pending / 0 (0.0%) gas / (0xa92a332703f048bdd4969af6d87ea6e1f48817c57ead575ad72d0789292dbea5)
2026-10-07 17:42:01.249+00:00 | BftProcessorExecutor-QBFT-0 | INFO  | QbftBesuControllerBuilder | Imported #537 / 0 tx / 0 pending / 0 (0.0%) gas / (0x2fd00f8118903eafe2c77c7f94c8d444d9d87f1158721f47bd6ea5a697f2d13f)
2026-10-07 17:42:03.331+00:00 | EthScheduler-Workers-0 | INFO  | PersistBlockTask | Block 538 (0x46a7ee12039d51501376b023d8321bbec94b9a1b087cd7e74642eafb38ec27d4) is already imported
2026-10-07 17:42:03.331+00:00 | BftProcessorExecutor-QBFT-0 | INFO  | QbftBesuControllerBuilder | Imported #538 / 0 tx / 0 pending / 0 (0.0%) gas / (0x46a7ee12039d51501376b023d8321bbec94b9a1b087cd7e74642eafb38ec27d4)
2026-10-07 17:42:05.278+00:00 | EthScheduler-Workers-0 | INFO  | PersistBlockTask | Block 539 (0xf7af651d658448231293d21dd2aeb76c6f717344668e9c0681df25e3418cfd63) is already imported
2026-10-07 17:42:05.279+00:00 | BftProcessorExecutor-QBFT-0 | INFO  | QbftBesuControllerBuilder | Imported #539 / 0 tx / 0 pending / 0 (0.0%) gas / (0xf7af651d658448231293d21dd2aeb76c6f717344668e9c0681df25e3418cfd63)
2026-10-07 17:42:07.228+00:00 | EthScheduler-Workers-0 | INFO  | PersistBlockTask | Block 540 (0x80963d95796af54fee27190c22be14c65ddea092f3329c20754b8e8c1218ff26) is already imported
2026-10-07 17:42:07.229+00:00 | BftProcessorExecutor-QBFT-0 | INFO  | QbftBesuControllerBuilder | Imported #540 / 0 tx / 0 pending / 0 (0.0%) gas / (0x80963d95796af54fee27190c22be14c65ddea092f3329c20754b8e8c1218ff26)
2026-10-07 17:42:09.286+00:00 | BftProcessorExecutor-QBFT-0 | INFO  | QbftBesuControllerBuilder | Imported #541 / 0 tx / 0 pending / 0 (0.0%) gas / (0xb185628fb0f8db82408b8d44f8dadae0469f5df065153a5dc891b5a68645e5dd)
2026-10-07 17:42:11.242+00:00 | BftProcessorExecutor-QBFT-0 | INFO  | QbftBesuControllerBuilder | Imported #542 / 0 tx / 0 pending / 0 (0.0%) gas / (0x2de206bcca713d1f7e695da9aaa2839c7e65482a19f2f14efd3d12243436faa0)
2026-10-07 17:42:13.324+00:00 | EthScheduler-Workers-0 | INFO  | PersistBlockTask | Block 543 (0x389c91fda8002919cebf217a72680f825a28ca4fbaa39fe1d7e69ff3c7080eba) is already imported
2026-10-07 17:42:13.324+00:00 | BftProcessorExecutor-QBFT-0 | INFO  | QbftBesuControllerBuilder | Imported #543 / 0 tx / 0 pending / 0 (0.0%) gas / (0x389c91fda8002919cebf217a72680f825a28ca4fbaa39fe1d7e69ff3c7080eba)
2026-10-07 17:42:15.266+00:00 | EthScheduler-Workers-0 | INFO  | PersistBlockTask | Block 544 (0xec5b4cf44ea0faff727b057b10eb37afa0684f8a02375bfdaa9d19a27c9e221a) is already imported
2026-10-07 17:42:15.267+00:00 | BftProcessorExecutor-QBFT-0 | INFO  | QbftBesuControllerBuilder | Imported #544 / 0 tx / 0 pending / 0 (0.0%) gas / (0xec5b4cf44ea0faff727b057b10eb37afa0684f8a02375bfdaa9d19a27c9e221a)
2026-10-07 17:42:17.223+00:00 | BftProcessorExecutor-QBFT-0 | INFO  | QbftBesuControllerBuilder | Imported #545 / 0 tx / 0 pending / 0 (0.0%) gas / (0xd29d5096c409a59008e0f7059c25dd61c2bfb8b56c73ba7cbca56677aa3edead)
2026-10-07 17:42:19.271+00:00 | BftProcessorExecutor-QBFT-0 | INFO  | QbftBesuControllerBuilder | Imported #546 / 0 tx / 0 pending / 0 (0.0%) gas / (0x72ade591b5c659b787497f8a8e5849131d976f96afea19e527854392c473cec4)
2026-10-07 17:42:21.243+00:00 | BftProcessorExecutor-QBFT-0 | INFO  | QbftBesuControllerBuilder | Imported #547 / 0 tx / 0 pending / 0 (0.0%) gas / (0x0431a75581313814cd5a6f2b29ae38466ee616ffa3fdeec6f7b53f08b8ced357)
2026-10-07 17:42:23.325+00:00 | EthScheduler-Workers-0 | INFO  | PersistBlockTask | Block 548 (0x3a7bdabeaf767c77a1d90b3be96824fe70bd27a09a6c332b8b05dad1538631b0) is already imported
2026-10-07 17:42:23.325+00:00 | BftProcessorExecutor-QBFT-0 | INFO  | QbftBesuControllerBuilder | Imported #548 / 0 tx / 0 pending / 0 (0.0%) gas / (0x3a7bdabeaf767c77a1d90b3be96824fe70bd27a09a6c332b8b05dad1538631b0)
2026-10-07 17:42:25.269+00:00 | EthScheduler-Workers-0 | INFO  | PersistBlockTask | Block 549 (0x8262e642c5c15ea7c2555ed3714005bf8de6175a8d57df9314e265493b87b351) is already imported
2026-10-07 17:42:25.270+00:00 | BftProcessorExecutor-QBFT-0 | INFO  | QbftBesuControllerBuilder | Imported #549 / 0 tx / 0 pending / 0 (0.0%) gas / (0x8262e642c5c15ea7c2555ed3714005bf8de6175a8d57df9314e265493b87b351)
2026-10-07 17:42:27.215+00:00 | BftProcessorExecutor-QBFT-0 | INFO  | QbftBesuControllerBuilder | Produced #550 / 0 tx / 1 pending / 0 (0.0%) gas / (0x07931f098039aafe758ef47de50df0ba8cb94f579d8aac8b7f13370051e28667)
2026-10-07 17:42:29.413+00:00 | BftProcessorExecutor-QBFT-0 | INFO  | QbftBesuControllerBuilder | Imported #551 / 42 tx / 717 pending / 6,452,464 (0.0%) gas / (0x6abf55ce4f2f476bf244186261622d20c91989d953660185b1f6523ef9629c4b)
2026-10-07 17:42:31.580+00:00 | BftProcessorExecutor-QBFT-0 | INFO  | QbftBesuControllerBuilder | Imported #552 / 68 tx / 914 pending / 10,447,092 (0.0%) gas / (0xeaaab7f82dd63f56a6696554625e83c99d91e0519aa0d8a69a00ed1dc2efb181)
2026-10-07 17:42:33.730+00:00 | EthScheduler-Workers-0 | INFO  | PersistBlockTask | Block 553 (0x112638f34f4c6264b3106e6324137e398d75ee171ae3d71fa59c84f54b288bdd) is already imported
2026-10-07 17:42:33.732+00:00 | BftProcessorExecutor-QBFT-0 | INFO  | QbftBesuControllerBuilder | Imported #553 / 68 tx / 846 pending / 10,447,308 (0.0%) gas / (0x112638f34f4c6264b3106e6324137e398d75ee171ae3d71fa59c84f54b288bdd)
2026-10-07 17:42:35.697+00:00 | EthScheduler-Workers-0 | INFO  | PersistBlockTask | Block 554 (0x5a5532f97136edced22779243c6520fd9076f1b7637324bfd300db1d234b5ea0) is already imported
2026-10-07 17:42:35.698+00:00 | BftProcessorExecutor-QBFT-0 | INFO  | QbftBesuControllerBuilder | Imported #554 / 68 tx / 778 pending / 10,447,092 (0.0%) gas / (0x5a5532f97136edced22779243c6520fd9076f1b7637324bfd300db1d234b5ea0)
2026-10-07 17:42:37.574+00:00 | EthScheduler-Workers-0 | INFO  | PersistBlockTask | Block 555 (0x655dc1f19b12d8cd035c936d1987b36b2dd3d35bca72cd34e583630b1e783b43) is already imported
2026-10-07 17:42:37.575+00:00 | BftProcessorExecutor-QBFT-0 | INFO  | QbftBesuControllerBuilder | Imported #555 / 69 tx / 709 pending / 10,600,794 (0.0%) gas / (0x655dc1f19b12d8cd035c936d1987b36b2dd3d35bca72cd34e583630b1e783b43)
2026-10-07 17:42:39.645+00:00 | BftProcessorExecutor-QBFT-0 | INFO  | QbftBesuControllerBuilder | Imported #556 / 69 tx / 640 pending / 10,600,742 (0.0%) gas / (0x1f6272ae450733c0ac876cde0bf8addb9a341081314f4ffc8ed2a1829ab9c32f)
2026-10-07 17:42:41.797+00:00 | EthScheduler-Workers-0 | INFO  | PersistBlockTask | Block 557 (0xd0cc3670b5cd63fceb3037a6fdabc4204ad6c875cda9befe95d55b45721d9db8) is already imported
2026-10-07 17:42:41.798+00:00 | BftProcessorExecutor-QBFT-0 | INFO  | QbftBesuControllerBuilder | Imported #557 / 69 tx / 571 pending / 10,600,770 (0.0%) gas / (0xd0cc3670b5cd63fceb3037a6fdabc4204ad6c875cda9befe95d55b45721d9db8)
2026-10-07 17:42:43.932+00:00 | EthScheduler-Workers-0 | INFO  | PersistBlockTask | Block 558 (0x3dc51c042c49ab3bd1d4d7026d1b5ea1b90f0da328f7c0ed417a094df14a9ba6) is already imported
2026-10-07 17:42:43.933+00:00 | BftProcessorExecutor-QBFT-0 | INFO  | QbftBesuControllerBuilder | Imported #558 / 69 tx / 502 pending / 10,600,846 (0.0%) gas / (0x3dc51c042c49ab3bd1d4d7026d1b5ea1b90f0da328f7c0ed417a094df14a9ba6)
2026-10-07 17:42:45.857+00:00 | EthScheduler-Workers-0 | INFO  | PersistBlockTask | Block 559 (0x72be34f28ee6a294b17597aeb4d4957087474ef667a41368bd600a1b0396ba72) is already imported
2026-10-07 17:42:45.857+00:00 | BftProcessorExecutor-QBFT-0 | INFO  | QbftBesuControllerBuilder | Imported #559 / 68 tx / 434 pending / 10,447,128 (0.0%) gas / (0x72be34f28ee6a294b17597aeb4d4957087474ef667a41368bd600a1b0396ba72)
2026-10-07 17:42:47.819+00:00 | EthScheduler-Workers-0 | INFO  | PersistBlockTask | Block 560 (0x1206951a7eb79f265f4f9b2abd93407e81ba538f38a8d05f8ab9ce61f58c684f) is already imported
2026-10-07 17:42:47.820+00:00 | BftProcessorExecutor-QBFT-0 | INFO  | QbftBesuControllerBuilder | Imported #560 / 68 tx / 366 pending / 10,447,152 (0.0%) gas / (0x1206951a7eb79f265f4f9b2abd93407e81ba538f38a8d05f8ab9ce61f58c684f)
2026-10-07 17:42:49.832+00:00 | EthScheduler-Workers-0 | INFO  | PersistBlockTask | Block 561 (0xccbbda238a066f42f1dfa74059e463a55d68fe01d1af0037c57563c46263aab4) is already imported
2026-10-07 17:42:49.832+00:00 | BftProcessorExecutor-QBFT-0 | INFO  | QbftBesuControllerBuilder | Imported #561 / 68 tx / 298 pending / 10,447,036 (0.0%) gas / (0xccbbda238a066f42f1dfa74059e463a55d68fe01d1af0037c57563c46263aab4)
2026-10-07 17:42:51.841+00:00 | EthScheduler-Workers-0 | INFO  | PersistBlockTask | Block 562 (0x6667e82814aed38ade03f1b102a3030055e013a755d1048ea7d786960d8376a2) is already imported
2026-10-07 17:42:51.841+00:00 | BftProcessorExecutor-QBFT-0 | INFO  | QbftBesuControllerBuilder | Imported #562 / 68 tx / 230 pending / 10,447,072 (0.0%) gas / (0x6667e82814aed38ade03f1b102a3030055e013a755d1048ea7d786960d8376a2)
2026-10-07 17:42:54.046+00:00 | BftProcessorExecutor-QBFT-0 | INFO  | QbftBesuControllerBuilder | Imported #563 / 68 tx / 162 pending / 10,447,124 (0.0%) gas / (0x6604859f9a6cfe63689912f179e97faf5f0650162b19daa515639c8cfa20f472)
2026-10-07 17:42:54.046+00:00 | EthScheduler-Workers-0 | INFO  | PersistBlockTask | Block 563 (0x6604859f9a6cfe63689912f179e97faf5f0650162b19daa515639c8cfa20f472) is already imported
2026-10-07 17:42:55.852+00:00 | EthScheduler-Workers-0 | INFO  | PersistBlockTask | Block 564 (0xe1b325063bba4572144ff98ca8a07e8f193079685a3cb192b2c4aa84355a85d9) is already imported
2026-10-07 17:42:55.853+00:00 | BftProcessorExecutor-QBFT-0 | INFO  | QbftBesuControllerBuilder | Imported #564 / 68 tx / 94 pending / 10,447,200 (0.0%) gas / (0xe1b325063bba4572144ff98ca8a07e8f193079685a3cb192b2c4aa84355a85d9)
2026-10-07 17:42:57.595+00:00 | BftProcessorExecutor-QBFT-0 | INFO  | QbftBesuControllerBuilder | Produced #565 / 68 tx / 26 pending / 10,447,248 (0.0%) gas / (0x34faad0d1467ea69f16d9fbabe8f69da133cd41b95d65db422b374f263cae356)
2026-10-07 17:42:57.595+00:00 | EthScheduler-Workers-0 | INFO  | PersistBlockTask | Block 565 (0x34faad0d1467ea69f16d9fbabe8f69da133cd41b95d65db422b374f263cae356) is already imported
2026-10-07 17:42:59.409+00:00 | BftProcessorExecutor-QBFT-0 | INFO  | QbftBesuControllerBuilder | Imported #566 / 26 tx / 0 pending / 3,994,568 (0.0%) gas / (0xae0439eadb1f0af0169fa2ca269fb9831c92b75a1582cff3aa1a3fefd36e6152)
2026-10-07 17:43:01.291+00:00 | EthScheduler-Workers-0 | INFO  | PersistBlockTask | Block 567 (0x596c6c59eef08400a91a4f613745dc886214c2b7290eaa2fb14abab37e71027d) is already imported
2026-10-07 17:43:01.292+00:00 | BftProcessorExecutor-QBFT-0 | INFO  | QbftBesuControllerBuilder | Imported #567 / 0 tx / 0 pending / 0 (0.0%) gas / (0x596c6c59eef08400a91a4f613745dc886214c2b7290eaa2fb14abab37e71027d)
2026-10-07 17:43:03.266+00:00 | BftProcessorExecutor-QBFT-0 | INFO  | QbftBesuControllerBuilder | Imported #568 / 0 tx / 0 pending / 0 (0.0%) gas / (0x106d9f0060721bd40ddaf702b643953454da374569dcea74424811126132c3a1)
2026-10-07 17:43:03.268+00:00 | EthScheduler-Workers-0 | INFO  | PersistBlockTask | Block 568 (0x106d9f0060721bd40ddaf702b643953454da374569dcea74424811126132c3a1) is already imported
2026-10-07 17:43:05.261+00:00 | BftProcessorExecutor-QBFT-0 | INFO  | QbftBesuControllerBuilder | Imported #569 / 0 tx / 0 pending / 0 (0.0%) gas / (0x215670206d11282be6b9ae294e564bdfa0977a8ad34f394d7b65a3a3b4ee5928)
2026-10-07 17:43:07.223+00:00 | BftProcessorExecutor-QBFT-0 | INFO  | QbftBesuControllerBuilder | Imported #570 / 0 tx / 0 pending / 0 (0.0%) gas / (0x39798dc288f3368d14d3aad7ef769ff080ea94042f76c7a04d6a185a1ad785c1)
2026-10-07 17:43:09.260+00:00 | BftProcessorExecutor-QBFT-0 | INFO  | QbftBesuControllerBuilder | Imported #571 / 0 tx / 0 pending / 0 (0.0%) gas / (0x18ff63518d76c5d0ae53f12c83eaace132c2c26b9986b93f3d6e4072058f0e01)
2026-10-07 17:43:09.262+00:00 | EthScheduler-Workers-0 | INFO  | PersistBlockTask | Block 571 (0x18ff63518d76c5d0ae53f12c83eaace132c2c26b9986b93f3d6e4072058f0e01) is already imported
2026-10-07 17:43:11.242+00:00 | EthScheduler-Workers-0 | INFO  | PersistBlockTask | Block 572 (0x41a55557d90d9f641f0bed0533e51b9b49d347bf8ad34bde39a6d77e31842570) is already imported
2026-10-07 17:43:11.243+00:00 | BftProcessorExecutor-QBFT-0 | INFO  | QbftBesuControllerBuilder | Imported #572 / 0 tx / 0 pending / 0 (0.0%) gas / (0x41a55557d90d9f641f0bed0533e51b9b49d347bf8ad34bde39a6d77e31842570)
2026-10-07 17:43:13.268+00:00 | BftProcessorExecutor-QBFT-0 | INFO  | QbftBesuControllerBuilder | Imported #573 / 0 tx / 0 pending / 0 (0.0%) gas / (0x385a4e6cb0864e4e87ecace23bccc68f665228e0e1f7c3c9b93e4871022e3b79)
2026-10-07 17:43:13.269+00:00 | EthScheduler-Workers-0 | INFO  | PersistBlockTask | Block 573 (0x385a4e6cb0864e4e87ecace23bccc68f665228e0e1f7c3c9b93e4871022e3b79) is already imported
2026-10-07 17:43:15.262+00:00 | BftProcessorExecutor-QBFT-0 | INFO  | QbftBesuControllerBuilder | Imported #574 / 0 tx / 0 pending / 0 (0.0%) gas / (0x83a741cb6866879e4a6023b44d736bfe86b54849139810f09a3e47b9082110ce)
2026-10-07 17:43:17.221+00:00 | EthScheduler-Workers-0 | INFO  | PersistBlockTask | Block 575 (0xba982a316a06d5973e2a9616bf717cdecf1b069efdece79e8422b6ff61c89d2f) is already imported
2026-10-07 17:43:17.221+00:00 | BftProcessorExecutor-QBFT-0 | INFO  | QbftBesuControllerBuilder | Imported #575 / 0 tx / 0 pending / 0 (0.0%) gas / (0xba982a316a06d5973e2a9616bf717cdecf1b069efdece79e8422b6ff61c89d2f)
2026-10-07 17:43:19.260+00:00 | BftProcessorExecutor-QBFT-0 | INFO  | QbftBesuControllerBuilder | Imported #576 / 0 tx / 0 pending / 0 (0.0%) gas / (0x7e14ffcef2f507cfd7abf2397392cb0603764fb4a233ee3eabc6a617534e8d6e)
2026-10-07 17:43:19.262+00:00 | EthScheduler-Workers-0 | INFO  | PersistBlockTask | Block 576 (0x7e14ffcef2f507cfd7abf2397392cb0603764fb4a233ee3eabc6a617534e8d6e) is already imported
2026-10-07 17:43:21.287+00:00 | BftProcessorExecutor-QBFT-0 | INFO  | QbftBesuControllerBuilder | Imported #577 / 0 tx / 0 pending / 0 (0.0%) gas / (0x0b145c97b43bbf98b9c5f15ffee4064d59d7a6240a8155c25c27e66a0ee7e459)
2026-10-07 17:43:21.287+00:00 | EthScheduler-Workers-0 | INFO  | PersistBlockTask | Block 577 (0x0b145c97b43bbf98b9c5f15ffee4064d59d7a6240a8155c25c27e66a0ee7e459) is already imported
2026-10-07 17:43:23.239+00:00 | BftProcessorExecutor-QBFT-0 | INFO  | QbftBesuControllerBuilder | Imported #578 / 0 tx / 0 pending / 0 (0.0%) gas / (0x27ef15272f99f219f581ae177572bd683ba1d58f4224e72f766f81568e004ae3)
2026-10-07 17:43:23.244+00:00 | EthScheduler-Workers-0 | INFO  | PersistBlockTask | Block 578 (0x27ef15272f99f219f581ae177572bd683ba1d58f4224e72f766f81568e004ae3) is already imported
2026-10-07 17:43:25.272+00:00 | EthScheduler-Workers-0 | INFO  | PersistBlockTask | Block 579 (0xbea5064487c84cfb0624d246d1a8711b3d45ad99ab6b60b7c7cc670aed6af56d) is already imported
2026-10-07 17:43:25.273+00:00 | BftProcessorExecutor-QBFT-0 | INFO  | QbftBesuControllerBuilder | Imported #579 / 0 tx / 0 pending / 0 (0.0%) gas / (0xbea5064487c84cfb0624d246d1a8711b3d45ad99ab6b60b7c7cc670aed6af56d)
2026-10-07 17:43:27.224+00:00 | BftProcessorExecutor-QBFT-0 | INFO  | QbftBesuControllerBuilder | Produced #580 / 0 tx / 0 pending / 0 (0.0%) gas / (0x33ac126463c3b284a9cbf98d8d1022b849002077e6295e09347cfad51792223d)
2026-10-07 17:43:27.225+00:00 | EthScheduler-Workers-0 | INFO  | PersistBlockTask | Block 580 (0x33ac126463c3b284a9cbf98d8d1022b849002077e6295e09347cfad51792223d) is already imported
2026-10-07 17:43:29.247+00:00 | BftProcessorExecutor-QBFT-0 | INFO  | QbftBesuControllerBuilder | Imported #581 / 0 tx / 0 pending / 0 (0.0%) gas / (0x9df9e9b03127770ee17e7d8430e165e6bcefd148ff53a310b092dda615b7886c)
2026-10-07 17:43:31.237+00:00 | BftProcessorExecutor-QBFT-0 | INFO  | QbftBesuControllerBuilder | Imported #582 / 0 tx / 0 pending / 0 (0.0%) gas / (0x22a45c03d8c86b641dca1992f79c44c72585de3d97ace6b83c41c6c491ead32f)
2026-10-07 17:43:33.314+00:00 | EthScheduler-Workers-0 | INFO  | PersistBlockTask | Block 583 (0xbc06823663c2a8af4584fc488b6e0504ab4d0dd804a5ff2e97bda2fa7c3b4af1) is already imported
2026-10-07 17:43:33.314+00:00 | BftProcessorExecutor-QBFT-0 | INFO  | QbftBesuControllerBuilder | Imported #583 / 0 tx / 0 pending / 0 (0.0%) gas / (0xbc06823663c2a8af4584fc488b6e0504ab4d0dd804a5ff2e97bda2fa7c3b4af1)
2026-10-07 17:43:35.266+00:00 | BftProcessorExecutor-QBFT-0 | INFO  | QbftBesuControllerBuilder | Imported #584 / 0 tx / 0 pending / 0 (0.0%) gas / (0xd7350fe0a5da11a2996270bd042e5cfae08d53a136a7045c1b106d351dad31da)
2026-10-07 17:43:37.222+00:00 | BftProcessorExecutor-QBFT-0 | INFO  | QbftBesuControllerBuilder | Imported #585 / 0 tx / 0 pending / 0 (0.0%) gas / (0xc48696f9bde6f84101fd74fb5518dc76d88f117d700bf51b8c7402ccfc003cda)
2026-10-07 17:43:39.231+00:00 | BftProcessorExecutor-QBFT-0 | INFO  | QbftBesuControllerBuilder | Imported #586 / 0 tx / 0 pending / 0 (0.0%) gas / (0xf5e12117a047cee9b38e8d6e2aab5fa75a023165a1d6aa06db220dea08d46209)
2026-10-07 17:43:41.242+00:00 | EthScheduler-Workers-0 | INFO  | PersistBlockTask | Block 587 (0x940bd06c60877fd82536e0da843841a14a8862e203fc6c73c115ffd031c9a919) is already imported
2026-10-07 17:43:41.240+00:00 | BftProcessorExecutor-QBFT-0 | INFO  | QbftBesuControllerBuilder | Imported #587 / 0 tx / 0 pending / 0 (0.0%) gas / (0x940bd06c60877fd82536e0da843841a14a8862e203fc6c73c115ffd031c9a919)
2026-10-07 17:43:43.258+00:00 | BftProcessorExecutor-QBFT-0 | INFO  | QbftBesuControllerBuilder | Imported #588 / 0 tx / 0 pending / 0 (0.0%) gas / (0xfe7344dc464834622589a373ba8b570830b447a4be4323f3c9d3b8e62542a982)
2026-10-07 17:43:43.260+00:00 | EthScheduler-Workers-0 | INFO  | PersistBlockTask | Block 588 (0xfe7344dc464834622589a373ba8b570830b447a4be4323f3c9d3b8e62542a982) is already imported
2026-10-07 17:43:45.518+00:00 | BftProcessorExecutor-QBFT-0 | INFO  | QbftBesuControllerBuilder | Imported #589 / 9 tx / 235 pending / 2,177,730 (0.0%) gas / (0xb246baf6b358352bf25903e4253d826dff0ae02de57f7942d2281da698f583f9)
2026-10-07 17:43:48.014+00:00 | BftProcessorExecutor-QBFT-0 | INFO  | QbftBesuControllerBuilder | Imported #590 / 49 tx / 984 pending / 11,856,530 (0.0%) gas / (0x8460318c2e03bd8278c7395bdbb1dbdf1bba007e9aac1465d1bec74a0445e86c)
2026-10-07 17:43:50.642+00:00 | BftProcessorExecutor-QBFT-0 | INFO  | QbftBesuControllerBuilder | Imported #591 / 91 tx / 1740 pending / 22,019,270 (0.0%) gas / (0x05be8b76ae9a781546c62a3b739312dad176cd5b823daacb7f7aa832b18b3447)
2026-10-07 17:43:53.160+00:00 | BftProcessorExecutor-QBFT-0 | INFO  | QbftBesuControllerBuilder | Imported #592 / 136 tx / 2516 pending / 32,907,920 (0.0%) gas / (0xafb70bc7ec93865a5abc8f49854cb768bb9070c1e71720518641d49bf73a3220)
2026-10-07 17:43:56.136+00:00 | BftProcessorExecutor-QBFT-0 | INFO  | QbftBesuControllerBuilder | Imported #593 / 189 tx / 3360 pending / 45,732,330 (0.0%) gas / (0x4637f9046e3c802a12bc3eb1a8c047321c52d388f6160b9698dce2c00ccb28ff)
2026-10-07 17:44:00.137+00:00 | EthScheduler-Workers-0 | INFO  | PersistBlockTask | Block 594 (0x29fb3357364861ec75789dddc1a31fd4994dc23438c8a683666deb3351da1921) is already imported
2026-10-07 17:44:00.141+00:00 | BftProcessorExecutor-QBFT-0 | INFO  | QbftBesuControllerBuilder | Imported #594 / 260 tx / 4792 pending / 62,912,200 (0.0%) gas / (0x29fb3357364861ec75789dddc1a31fd4994dc23438c8a683666deb3351da1921)
2026-10-07 17:44:01.643+00:00 | BftProcessorExecutor-QBFT-0 | WARN  | BlockTransactionSelector | Interrupting the selection of transactions for block inclusion as it exceeds the maximum configured duration of 1500ms
java.util.concurrent.TimeoutException
	at java.base/java.util.concurrent.CompletableFuture.timedGet(CompletableFuture.java:1960)
	at java.base/java.util.concurrent.CompletableFuture.get(CompletableFuture.java:2095)
	at org.hyperledger.besu.ethereum.blockcreation.txselection.BlockTransactionSelector.timeLimitedSelection(BlockTransactionSelector.java:186)
	at org.hyperledger.besu.ethereum.blockcreation.txselection.BlockTransactionSelector.buildTransactionListForBlock(BlockTransactionSelector.java:169)
	at org.hyperledger.besu.ethereum.blockcreation.AbstractBlockCreator.selectTransactions(AbstractBlockCreator.java:376)
	at org.hyperledger.besu.ethereum.blockcreation.AbstractBlockCreator.createBlock(AbstractBlockCreator.java:218)
	at org.hyperledger.besu.ethereum.blockcreation.AbstractBlockCreator.createBlock(AbstractBlockCreator.java:146)
	at org.hyperledger.besu.consensus.common.bft.blockcreation.BftBlockCreator.createBlock(BftBlockCreator.java:92)
	at org.hyperledger.besu.consensus.qbft.statemachine.QbftRound.createAndSendProposalMessage(QbftRound.java:137)
	at org.hyperledger.besu.consensus.qbft.statemachine.QbftBlockHeightManager.handleBlockTimerExpiry(QbftBlockHeightManager.java:140)
	at org.hyperledger.besu.consensus.common.bft.statemachine.BaseBftController.handleBlockTimerExpiry(BaseBftController.java:167)
	at org.hyperledger.besu.consensus.common.bft.EventMultiplexer.handleBftEvent(EventMultiplexer.java:65)
	at java.base/java.util.Optional.ifPresent(Optional.java:178)
	at org.hyperledger.besu.consensus.common.bft.BftProcessor.run(BftProcessor.java:65)
	at java.base/java.util.concurrent.ThreadPoolExecutor.runWorker(ThreadPoolExecutor.java:1144)
	at java.base/java.util.concurrent.ThreadPoolExecutor$Worker.run(ThreadPoolExecutor.java:642)
	at java.base/java.lang.Thread.run(Thread.java:1583)
2026-10-07 17:44:05.010+00:00 | EthScheduler-Workers-0 | INFO  | PersistBlockTask | Block 595 (0xc063fde455cd66549574bc849ca7170c0ecfda98d4b799a644fbafd233414fd8) is already imported
2026-10-07 17:44:05.011+00:00 | BftProcessorExecutor-QBFT-0 | INFO  | QbftBesuControllerBuilder | Produced #595 / 336 tx / 6436 pending / 81,301,920 (0.0%) gas / (0xc063fde455cd66549574bc849ca7170c0ecfda98d4b799a644fbafd233414fd8)
2026-10-07 17:44:09.876+00:00 | BftProcessorExecutor-QBFT-0 | INFO  | QbftBesuControllerBuilder | Imported #596 / 336 tx / 6786 pending / 81,301,920 (0.0%) gas / (0xeb41f2bb604ccb8387cfa72c3ca844cae0f414bca594818a9f3f0cfca49c6fd1)
2026-10-07 17:44:14.939+00:00 | EthScheduler-Workers-0 | INFO  | PersistBlockTask | Block 597 (0x0ebc2f655664e32e145fe40c481a2345ceefe1f3839de5e616154c719e9471ee) is already imported
2026-10-07 17:44:14.944+00:00 | BftProcessorExecutor-QBFT-0 | INFO  | QbftBesuControllerBuilder | Imported #597 / 341 tx / 6445 pending / 82,511,770 (0.0%) gas / (0x0ebc2f655664e32e145fe40c481a2345ceefe1f3839de5e616154c719e9471ee)
2026-10-07 17:44:20.227+00:00 | EthScheduler-Workers-0 | INFO  | PersistBlockTask | Block 598 (0x258d9c1240798790343a1b352f8fad19b5dc319049cc505c793a9907efbafafd) is already imported
2026-10-07 17:44:20.232+00:00 | BftProcessorExecutor-QBFT-0 | INFO  | QbftBesuControllerBuilder | Imported #598 / 340 tx / 6105 pending / 82,269,800 (0.0%) gas / (0x258d9c1240798790343a1b352f8fad19b5dc319049cc505c793a9907efbafafd)
2026-10-07 17:44:25.152+00:00 | BftProcessorExecutor-QBFT-0 | INFO  | QbftBesuControllerBuilder | Imported #599 / 333 tx / 5772 pending / 80,576,010 (0.0%) gas / (0xe8a466c6cebd0d7e5618350abbe055607c0a5247fb9b16225c9b99611f46b6b0)
2026-10-07 17:44:30.166+00:00 | EthScheduler-Workers-0 | INFO  | PersistBlockTask | Block 600 (0x8b2760eaa46933ed5777f37ef396db75fd844ed1e75f139b251a989b519dc392) is already imported
2026-10-07 17:44:30.171+00:00 | BftProcessorExecutor-QBFT-0 | INFO  | QbftBesuControllerBuilder | Imported #600 / 339 tx / 5433 pending / 82,027,830 (0.0%) gas / (0x8b2760eaa46933ed5777f37ef396db75fd844ed1e75f139b251a989b519dc392)
2026-10-07 17:44:35.278+00:00 | EthScheduler-Workers-0 | INFO  | PersistBlockTask | Block 601 (0xd7065466aedbecf06c9a15cfa9c2abb81c96c35563057c2e5078a542198a11b8) is already imported
2026-10-07 17:44:35.282+00:00 | BftProcessorExecutor-QBFT-0 | INFO  | QbftBesuControllerBuilder | Imported #601 / 343 tx / 5090 pending / 82,995,710 (0.0%) gas / (0xd7065466aedbecf06c9a15cfa9c2abb81c96c35563057c2e5078a542198a11b8)
2026-10-07 17:44:40.219+00:00 | BftProcessorExecutor-QBFT-0 | INFO  | QbftBesuControllerBuilder | Imported #602 / 335 tx / 4755 pending / 81,059,950 (0.0%) gas / (0x8b9da874baed392fba3065f2789d0bf45526c20dc3482e9d481d7b78177020d0)
2026-10-07 17:44:45.550+00:00 | EthScheduler-Workers-0 | INFO  | PersistBlockTask | Block 603 (0x68062a1e8f15951ef58a99cae92c6c99798558145a49ea320163fb6b7253b06f) is already imported
2026-10-07 17:44:45.555+00:00 | BftProcessorExecutor-QBFT-0 | INFO  | QbftBesuControllerBuilder | Imported #603 / 343 tx / 4412 pending / 82,995,710 (0.0%) gas / (0x68062a1e8f15951ef58a99cae92c6c99798558145a49ea320163fb6b7253b06f)
2026-10-07 17:44:50.633+00:00 | EthScheduler-Workers-0 | INFO  | PersistBlockTask | Block 604 (0x8c4b1521e0a6e435a044612cc5717d21962ccc3edcbdb6387abcdd111f69082f) is already imported
2026-10-07 17:44:50.637+00:00 | BftProcessorExecutor-QBFT-0 | INFO  | QbftBesuControllerBuilder | Imported #604 / 345 tx / 4067 pending / 83,479,650 (0.0%) gas / (0x8c4b1521e0a6e435a044612cc5717d21962ccc3edcbdb6387abcdd111f69082f)
2026-10-07 17:44:55.553+00:00 | EthScheduler-Workers-0 | INFO  | PersistBlockTask | Block 605 (0xaf49d9698647fceb20272eea2a8374303311ebef591def83aef6710c62097576) is already imported
2026-10-07 17:44:55.557+00:00 | BftProcessorExecutor-QBFT-0 | INFO  | QbftBesuControllerBuilder | Imported #605 / 344 tx / 3723 pending / 83,237,680 (0.0%) gas / (0xaf49d9698647fceb20272eea2a8374303311ebef591def83aef6710c62097576)
2026-10-07 17:45:00.718+00:00 | EthScheduler-Workers-0 | INFO  | PersistBlockTask | Block 606 (0x2e40e94399b75043a8a0335ab10c39c322c9b23effe3470bf00b1b1762743cda) is already imported
2026-10-07 17:45:00.742+00:00 | BftProcessorExecutor-QBFT-0 | INFO  | QbftBesuControllerBuilder | Imported #606 / 345 tx / 3378 pending / 83,479,650 (0.0%) gas / (0x2e40e94399b75043a8a0335ab10c39c322c9b23effe3470bf00b1b1762743cda)
2026-10-07 17:45:05.679+00:00 | BftProcessorExecutor-QBFT-0 | INFO  | QbftBesuControllerBuilder | Imported #607 / 333 tx / 3045 pending / 80,576,010 (0.0%) gas / (0x018470b2f347361d52854897395a18d8efd22bcec64c484efea4211279267709)
2026-10-07 17:45:10.978+00:00 | EthScheduler-Workers-0 | INFO  | PersistBlockTask | Block 608 (0x96bf3c8d8ddc876a0b442eb3c3997b201e909b3abb4dbc6158aaaa2037d544f8) is already imported
2026-10-07 17:45:10.990+00:00 | BftProcessorExecutor-QBFT-0 | INFO  | QbftBesuControllerBuilder | Imported #608 / 341 tx / 2704 pending / 82,511,770 (0.0%) gas / (0x96bf3c8d8ddc876a0b442eb3c3997b201e909b3abb4dbc6158aaaa2037d544f8)
2026-10-07 17:45:15.360+00:00 | EthScheduler-Workers-0 | INFO  | PersistBlockTask | Block 609 (0x2674ba99845913fa35ec50bfeeae7c37d7a0a928d570f9f44a0b537e2b221822) is already imported
2026-10-07 17:45:15.363+00:00 | BftProcessorExecutor-QBFT-0 | INFO  | QbftBesuControllerBuilder | Imported #609 / 285 tx / 2419 pending / 68,961,450 (0.0%) gas / (0x2674ba99845913fa35ec50bfeeae7c37d7a0a928d570f9f44a0b537e2b221822)
2026-10-07 17:45:18.611+00:00 | EthScheduler-Workers-0 | INFO  | PersistBlockTask | Block 610 (0x5467d3d584cf4dc51eeb874a6a0cfa47ba4f1a0913d69e9b14e2ce9dc739ae57) is already imported
2026-10-07 17:45:18.613+00:00 | BftProcessorExecutor-QBFT-0 | INFO  | QbftBesuControllerBuilder | Produced #610 / 209 tx / 2210 pending / 50,571,730 (0.0%) gas / (0x5467d3d584cf4dc51eeb874a6a0cfa47ba4f1a0913d69e9b14e2ce9dc739ae57)
2026-10-07 17:45:21.882+00:00 | EthScheduler-Workers-0 | INFO  | PersistBlockTask | Block 611 (0x85d608a5cbfcae18399c65bfa26690a05f37aafbd8806a8e9f6c3c3d6e43616a) is already imported
2026-10-07 17:45:21.884+00:00 | BftProcessorExecutor-QBFT-0 | INFO  | QbftBesuControllerBuilder | Imported #611 / 209 tx / 2001 pending / 50,571,730 (0.0%) gas / (0x85d608a5cbfcae18399c65bfa26690a05f37aafbd8806a8e9f6c3c3d6e43616a)
2026-10-07 17:45:25.040+00:00 | BftProcessorExecutor-QBFT-0 | INFO  | QbftBesuControllerBuilder | Imported #612 / 203 tx / 1798 pending / 49,119,910 (0.0%) gas / (0xfefa20398f2d7d6b15b3b5dfa88ba5013d669827fa4492172b01d607037c551d)
2026-10-07 17:45:28.242+00:00 | BftProcessorExecutor-QBFT-0 | INFO  | QbftBesuControllerBuilder | Imported #613 / 204 tx / 1594 pending / 49,361,880 (0.0%) gas / (0xbdb555f8406aa3c5652937c78bca86974713173dbaffce1ea4644b23a3e1ef5d)
2026-10-07 17:45:31.647+00:00 | EthScheduler-Workers-0 | INFO  | PersistBlockTask | Block 614 (0xe20ff7290699eefc4cfac169e41d27c2607abd29bfda913f7c40ca466697ebd3) is already imported
2026-10-07 17:45:31.655+00:00 | BftProcessorExecutor-QBFT-0 | INFO  | QbftBesuControllerBuilder | Imported #614 / 211 tx / 1383 pending / 51,055,670 (0.0%) gas / (0xe20ff7290699eefc4cfac169e41d27c2607abd29bfda913f7c40ca466697ebd3)
2026-10-07 17:45:34.788+00:00 | EthScheduler-Workers-0 | INFO  | PersistBlockTask | Block 615 (0xa6df3fd25940e04af050ccce4208685f9fa002ba20f46bdefae7a1d27a11e7de) is already imported
2026-10-07 17:45:34.800+00:00 | BftProcessorExecutor-QBFT-0 | INFO  | QbftBesuControllerBuilder | Imported #615 / 210 tx / 1173 pending / 50,813,700 (0.0%) gas / (0xa6df3fd25940e04af050ccce4208685f9fa002ba20f46bdefae7a1d27a11e7de)
2026-10-07 17:45:38.037+00:00 | BftProcessorExecutor-QBFT-0 | INFO  | QbftBesuControllerBuilder | Imported #616 / 206 tx / 967 pending / 49,845,820 (0.0%) gas / (0xb35b3ee3ae5820003358bc9fa846e94e6d3c07e5153e867d78c8c51c51dfbd15)
2026-10-07 17:45:41.372+00:00 | BftProcessorExecutor-QBFT-0 | INFO  | QbftBesuControllerBuilder | Imported #617 / 214 tx / 753 pending / 51,781,580 (0.0%) gas / (0x4db8184c7519efff2d5cf8388bd76ca1c90acf7830cb7ff129281a1b363b9a39)
2026-10-07 17:45:44.806+00:00 | BftProcessorExecutor-QBFT-0 | INFO  | QbftBesuControllerBuilder | Imported #618 / 206 tx / 547 pending / 49,845,820 (0.0%) gas / (0x08fcf6ce58a39d76a1b6cd9fce29d67b7b288a5712a386c62f8931f233b20c93)
2026-10-07 17:45:47.914+00:00 | BftProcessorExecutor-QBFT-0 | INFO  | QbftBesuControllerBuilder | Imported #619 / 195 tx / 352 pending / 47,184,150 (0.0%) gas / (0x736a4644dc2ae060ac95e3a83dd3cc547cc69ad823a79718338173af91bf48bc)
2026-10-07 17:45:50.305+00:00 | BftProcessorExecutor-QBFT-0 | INFO  | QbftBesuControllerBuilder | Imported #620 / 152 tx / 200 pending / 36,779,440 (0.0%) gas / (0x284dceaf0d1556e9fb2a07485fd0ff44820db2761c6a7baa6ffa1d730bef6a66)
2026-10-07 17:45:52.088+00:00 | EthScheduler-Workers-0 | INFO  | PersistBlockTask | Block 621 (0x4afaa48664f6fcdfb8710ce6be34881ee14d633bfd3e1802914a0155bb41a71b) is already imported
2026-10-07 17:45:52.088+00:00 | BftProcessorExecutor-QBFT-0 | INFO  | QbftBesuControllerBuilder | Imported #621 / 109 tx / 91 pending / 26,374,730 (0.0%) gas / (0x4afaa48664f6fcdfb8710ce6be34881ee14d633bfd3e1802914a0155bb41a71b)
2026-10-07 17:45:53.422+00:00 | EthScheduler-Workers-0 | INFO  | PersistBlockTask | Block 622 (0x306f1691a706c636bfe4d2a59f08b3a22c4883e2e77627c687438fd7649511c5) is already imported
2026-10-07 17:45:53.422+00:00 | BftProcessorExecutor-QBFT-0 | INFO  | QbftBesuControllerBuilder | Imported #622 / 76 tx / 15 pending / 18,389,720 (0.0%) gas / (0x306f1691a706c636bfe4d2a59f08b3a22c4883e2e77627c687438fd7649511c5)
2026-10-07 17:45:54.556+00:00 | EthScheduler-Workers-0 | INFO  | PersistBlockTask | Block 623 (0x3795e12ce28426e4b933e910e07731d62735139d246021845ee784b27ecb272a) is already imported
2026-10-07 17:45:54.557+00:00 | BftProcessorExecutor-QBFT-0 | INFO  | QbftBesuControllerBuilder | Imported #623 / 15 tx / 0 pending / 3,629,550 (0.0%) gas / (0x3795e12ce28426e4b933e910e07731d62735139d246021845ee784b27ecb272a)
2026-10-07 17:45:56.275+00:00 | BftProcessorExecutor-QBFT-0 | INFO  | QbftBesuControllerBuilder | Imported #624 / 0 tx / 0 pending / 0 (0.0%) gas / (0x987c1b2f0b555daa1d543d65204f5d5918933d76d42efe08e36eeb6fef03b480)
2026-10-07 17:45:58.224+00:00 | BftProcessorExecutor-QBFT-0 | INFO  | QbftBesuControllerBuilder | Produced #625 / 0 tx / 0 pending / 0 (0.0%) gas / (0x954552969e7bfce14ed224a61e8973877adc883569202c5ecdb71c567f19ebdb)
2026-10-07 17:46:00.255+00:00 | BftProcessorExecutor-QBFT-0 | INFO  | QbftBesuControllerBuilder | Imported #626 / 0 tx / 0 pending / 0 (0.0%) gas / (0xfdb3f545246079dc0d5cbf3f7f8174e0828900c29f3f346ca1f959dd731ae7db)
2026-10-07 17:46:02.290+00:00 | EthScheduler-Workers-0 | INFO  | PersistBlockTask | Block 627 (0xf05f6aa0f205036a02d6006e1b767b8af074d640dabfe3eddc9aae07eb3d5110) is already imported
2026-10-07 17:46:02.290+00:00 | BftProcessorExecutor-QBFT-0 | INFO  | QbftBesuControllerBuilder | Imported #627 / 0 tx / 0 pending / 0 (0.0%) gas / (0xf05f6aa0f205036a02d6006e1b767b8af074d640dabfe3eddc9aae07eb3d5110)
2026-10-07 17:46:04.331+00:00 | BftProcessorExecutor-QBFT-0 | INFO  | QbftBesuControllerBuilder | Imported #628 / 0 tx / 0 pending / 0 (0.0%) gas / (0xea39539dd4ddfb46665f3d89d561e7d3d499134a6e9025b397683b13a6e0fe42)
2026-10-07 17:46:06.270+00:00 | BftProcessorExecutor-QBFT-0 | INFO  | QbftBesuControllerBuilder | Imported #629 / 0 tx / 0 pending / 0 (0.0%) gas / (0xdd460ea4f9eb41b78d23b8c9ffa3e29519f20581f01ced763a29e795ed533554)
2026-10-07 17:46:08.231+00:00 | BftProcessorExecutor-QBFT-0 | INFO  | QbftBesuControllerBuilder | Imported #630 / 0 tx / 0 pending / 0 (0.0%) gas / (0x1072d8ca575663fdb6734461d2a42c6adeb16cb112693384679c98922433aeae)
2026-10-07 17:46:10.242+00:00 | BftProcessorExecutor-QBFT-0 | INFO  | QbftBesuControllerBuilder | Imported #631 / 0 tx / 0 pending / 0 (0.0%) gas / (0x930f02cd8ddb1928df64bf2eefd9e5efbc9d7dc6d4e17859a8d86942c15a62a4)
2026-10-07 17:46:12.257+00:00 | BftProcessorExecutor-QBFT-0 | INFO  | QbftBesuControllerBuilder | Imported #632 / 0 tx / 0 pending / 0 (0.0%) gas / (0xc6fed3bf25e58d6042c53fb6cf7ca4bb6e00f6e50822d0268b0bded5d4a239d0)
2026-10-07 17:46:14.352+00:00 | BftProcessorExecutor-QBFT-0 | INFO  | QbftBesuControllerBuilder | Imported #633 / 0 tx / 0 pending / 0 (0.0%) gas / (0xd36c30bf2fff333001dfc52799c9846bdc71751d07f5579ab68a68d6a3e12a43)
2026-10-07 17:46:16.268+00:00 | BftProcessorExecutor-QBFT-0 | INFO  | QbftBesuControllerBuilder | Imported #634 / 0 tx / 0 pending / 0 (0.0%) gas / (0xa896f5b39b5fd7067124fad2de6bcbb1d4b0506d6e49d1f2159c2def616f731e)
2026-10-07 17:46:18.227+00:00 | BftProcessorExecutor-QBFT-0 | INFO  | QbftBesuControllerBuilder | Imported #635 / 0 tx / 0 pending / 0 (0.0%) gas / (0x617da6e13922c7f11c77c163d1a110acfd5e15419904a67242011593c14815ff)
2026-10-07 17:46:18.230+00:00 | EthScheduler-Workers-0 | INFO  | PersistBlockTask | Block 635 (0x617da6e13922c7f11c77c163d1a110acfd5e15419904a67242011593c14815ff) is already imported
2026-10-07 17:46:20.257+00:00 | BftProcessorExecutor-QBFT-0 | INFO  | QbftBesuControllerBuilder | Imported #636 / 0 tx / 0 pending / 0 (0.0%) gas / (0x8805473c60de47bc5787995215363ba0e738b8c833ddd0a17bd31a8c11a2534f)
2026-10-07 17:46:22.235+00:00 | BftProcessorExecutor-QBFT-0 | INFO  | QbftBesuControllerBuilder | Imported #637 / 0 tx / 0 pending / 0 (0.0%) gas / (0xa6db35314760337626af7b5173ab21798ef9c462fde85393f25679b8812eca18)
2026-10-07 17:46:24.249+00:00 | BftProcessorExecutor-QBFT-0 | INFO  | QbftBesuControllerBuilder | Imported #638 / 0 tx / 0 pending / 0 (0.0%) gas / (0x7d428cdd33cc3725086eb7a4bb6feb55eaf3ae1d922aaf4a7cd5369c5bbb9859)
2026-10-07 17:46:24.253+00:00 | EthScheduler-Workers-0 | INFO  | PersistBlockTask | Block 638 (0x7d428cdd33cc3725086eb7a4bb6feb55eaf3ae1d922aaf4a7cd5369c5bbb9859) is already imported
2026-10-07 17:46:26.274+00:00 | BftProcessorExecutor-QBFT-0 | INFO  | QbftBesuControllerBuilder | Imported #639 / 0 tx / 0 pending / 0 (0.0%) gas / (0x93e5b1b757d3490a6947c1ab9791445d321f0ab10dc563f948d63877c6db7dfd)
2026-10-07 17:46:26.278+00:00 | EthScheduler-Workers-0 | INFO  | PersistBlockTask | Block 639 (0x93e5b1b757d3490a6947c1ab9791445d321f0ab10dc563f948d63877c6db7dfd) is already imported
2026-10-07 17:46:28.227+00:00 | BftProcessorExecutor-QBFT-0 | INFO  | QbftBesuControllerBuilder | Produced #640 / 0 tx / 0 pending / 0 (0.0%) gas / (0x30b5b15703a641382d30a9182fec7aba633692260747905f08f51a0fd2bbee8d)
2026-10-07 17:46:30.251+00:00 | BftProcessorExecutor-QBFT-0 | INFO  | QbftBesuControllerBuilder | Imported #641 / 0 tx / 0 pending / 0 (0.0%) gas / (0xe138b093bf782fbb6a1ed089dc349e5c507938b7a81bdccc87d4f3782d9f1ef7)
2026-10-07 17:46:30.254+00:00 | EthScheduler-Workers-0 | INFO  | PersistBlockTask | Block 641 (0xe138b093bf782fbb6a1ed089dc349e5c507938b7a81bdccc87d4f3782d9f1ef7) is already imported
2026-10-07 17:46:32.274+00:00 | BftProcessorExecutor-QBFT-0 | INFO  | QbftBesuControllerBuilder | Imported #642 / 0 tx / 0 pending / 0 (0.0%) gas / (0xa73af380a75b50df05cb807c60da5d4bd3422bc5e14e2f8ae9a5b72ec1d2c57c)
2026-10-07 17:46:34.324+00:00 | EthScheduler-Workers-0 | INFO  | PersistBlockTask | Block 643 (0x4f6bd1818bd00b34b2a3b33e2f06a1b48544ae3ab5d325ce290c247a46d7eea5) is already imported
2026-10-07 17:46:34.325+00:00 | BftProcessorExecutor-QBFT-0 | INFO  | QbftBesuControllerBuilder | Imported #643 / 0 tx / 0 pending / 0 (0.0%) gas / (0x4f6bd1818bd00b34b2a3b33e2f06a1b48544ae3ab5d325ce290c247a46d7eea5)
2026-10-07 17:46:36.257+00:00 | BftProcessorExecutor-QBFT-0 | INFO  | QbftBesuControllerBuilder | Imported #644 / 0 tx / 0 pending / 0 (0.0%) gas / (0xde818d79c51aa0d7fb961f7c19d3906d9b759969ac9c527bcdc0cb38534ce7be)
2026-10-07 17:46:38.229+00:00 | BftProcessorExecutor-QBFT-0 | INFO  | QbftBesuControllerBuilder | Imported #645 / 0 tx / 0 pending / 0 (0.0%) gas / (0xc08130bf482a365c764dcf8aea76c94064dfee3838d5801d3717c1cd33e34136)
2026-10-07 17:46:40.256+00:00 | EthScheduler-Workers-0 | INFO  | PersistBlockTask | Block 646 (0xc9b1e1ab6c2c642eb9f22a7791643fc42161f6af6751ab81ee05bb590794228e) is already imported
2026-10-07 17:46:40.256+00:00 | BftProcessorExecutor-QBFT-0 | INFO  | QbftBesuControllerBuilder | Imported #646 / 0 tx / 0 pending / 0 (0.0%) gas / (0xc9b1e1ab6c2c642eb9f22a7791643fc42161f6af6751ab81ee05bb590794228e)
2026-10-07 17:46:42.247+00:00 | BftProcessorExecutor-QBFT-0 | INFO  | QbftBesuControllerBuilder | Imported #647 / 0 tx / 0 pending / 0 (0.0%) gas / (0xdd0cc792dc6d0bccc7b0151d9c2df1e8a9dae79116215eedf7cee33a9d9d23e7)
2026-10-07 17:46:42.251+00:00 | EthScheduler-Workers-0 | INFO  | PersistBlockTask | Block 647 (0xdd0cc792dc6d0bccc7b0151d9c2df1e8a9dae79116215eedf7cee33a9d9d23e7) is already imported
2026-10-07 17:46:44.280+00:00 | BftProcessorExecutor-QBFT-0 | INFO  | QbftBesuControllerBuilder | Imported #648 / 0 tx / 0 pending / 0 (0.0%) gas / (0xfc5f48961f2e48cee509f0fd782dc5ac527795daeab43cfb0d6d8f2f9d7adaf8)
2026-10-07 17:46:44.283+00:00 | EthScheduler-Workers-0 | INFO  | PersistBlockTask | Block 648 (0xfc5f48961f2e48cee509f0fd782dc5ac527795daeab43cfb0d6d8f2f9d7adaf8) is already imported
2026-10-07 17:46:46.261+00:00 | BftProcessorExecutor-QBFT-0 | INFO  | QbftBesuControllerBuilder | Imported #649 / 0 tx / 0 pending / 0 (0.0%) gas / (0x8e998fde1e32570c6a0fa5cd7b5d09d1d108de6ca7ad9ef29754e354fa54d4c7)
2026-10-07 17:46:48.235+00:00 | BftProcessorExecutor-QBFT-0 | INFO  | QbftBesuControllerBuilder | Imported #650 / 0 tx / 0 pending / 0 (0.0%) gas / (0x0f968a643d97803c84ae8a8b2848e3464f833a785bd3ef6ac0a9844a6e38fcc7)
2026-10-07 17:46:50.294+00:00 | BftProcessorExecutor-QBFT-0 | INFO  | QbftBesuControllerBuilder | Imported #651 / 0 tx / 0 pending / 0 (0.0%) gas / (0x7e9f26ff57068ad415e2e3fe7fb5362ea61c745597f16f318b7d89e2046e3e53)
2026-10-07 17:46:50.298+00:00 | EthScheduler-Workers-0 | INFO  | PersistBlockTask | Block 651 (0x7e9f26ff57068ad415e2e3fe7fb5362ea61c745597f16f318b7d89e2046e3e53) is already imported
2026-10-07 17:46:52.281+00:00 | BftProcessorExecutor-QBFT-0 | INFO  | QbftBesuControllerBuilder | Imported #652 / 0 tx / 0 pending / 0 (0.0%) gas / (0x5bdb7340906672863f038cbb9189e848bc359113d59c432d9ed8fccdcb1b7313)
2026-10-07 17:46:54.353+00:00 | BftProcessorExecutor-QBFT-0 | INFO  | QbftBesuControllerBuilder | Imported #653 / 0 tx / 0 pending / 0 (0.0%) gas / (0x9c5839f7e4f2262f63769814aed99db0d9bc330f9b8c4c4d7d316346f0a0c2a3)
2026-10-07 17:46:56.262+00:00 | BftProcessorExecutor-QBFT-0 | INFO  | QbftBesuControllerBuilder | Imported #654 / 0 tx / 0 pending / 0 (0.0%) gas / (0x5e9f50897aff3d13e3d7d9f9bb2b6af533e21843cfb596c1ea0ef23036763580)
2026-10-07 17:46:58.210+00:00 | BftProcessorExecutor-QBFT-0 | INFO  | QbftBesuControllerBuilder | Produced #655 / 0 tx / 0 pending / 0 (0.0%) gas / (0xdb31e0772baf2b88792e71a4952df50dc354a70d3fb6799739b43baebfc0cc4e)
2026-10-07 17:47:00.278+00:00 | BftProcessorExecutor-QBFT-0 | INFO  | QbftBesuControllerBuilder | Imported #656 / 0 tx / 0 pending / 0 (0.0%) gas / (0x6e11756f4fba229930b5c16e68d65996f5d20575dc7e03e61163ee71fc2dcd15)
2026-10-07 17:47:02.280+00:00 | BftProcessorExecutor-QBFT-0 | INFO  | QbftBesuControllerBuilder | Imported #657 / 0 tx / 0 pending / 0 (0.0%) gas / (0x2638fd0bfebfff7dac6e2f2f917bfbf7efc9dd183a483eac40fe194acc553636)
2026-10-07 17:47:04.256+00:00 | BftProcessorExecutor-QBFT-0 | INFO  | QbftBesuControllerBuilder | Imported #658 / 0 tx / 0 pending / 0 (0.0%) gas / (0x4b88876268ea622d9931d9c9888dc5ee56ea926579ec074a2b696bb21bbb07b6)
2026-10-07 17:47:06.261+00:00 | BftProcessorExecutor-QBFT-0 | INFO  | QbftBesuControllerBuilder | Imported #659 / 0 tx / 0 pending / 0 (0.0%) gas / (0x6d951cd6b62f4fcd8e9722f9f5cc8a0c9768feeea9f4cc4783b7936d91971a88)
2026-10-07 17:47:08.229+00:00 | BftProcessorExecutor-QBFT-0 | INFO  | QbftBesuControllerBuilder | Imported #660 / 0 tx / 0 pending / 0 (0.0%) gas / (0x1fd93326ccf38bbbbb2706b851c2845cf91992fef342dd5b78f30cfab4b761ff)
2026-10-07 17:47:08.230+00:00 | EthScheduler-Workers-0 | INFO  | PersistBlockTask | Block 660 (0x1fd93326ccf38bbbbb2706b851c2845cf91992fef342dd5b78f30cfab4b761ff) is already imported
2026-10-07 17:47:10.257+00:00 | BftProcessorExecutor-QBFT-0 | INFO  | QbftBesuControllerBuilder | Imported #661 / 0 tx / 0 pending / 0 (0.0%) gas / (0x15de50c0556c199dbc055534239dc0798ebab928215f28658d0c8506b7d90325)
2026-10-07 17:47:12.243+00:00 | BftProcessorExecutor-QBFT-0 | INFO  | QbftBesuControllerBuilder | Imported #662 / 0 tx / 0 pending / 0 (0.0%) gas / (0x3a41045d11c51da9210494da5e13005264ac6f6a79f0bb32188a5b7c475b4d5a)
2026-10-07 17:47:12.248+00:00 | EthScheduler-Workers-0 | INFO  | PersistBlockTask | Block 662 (0x3a41045d11c51da9210494da5e13005264ac6f6a79f0bb32188a5b7c475b4d5a) is already imported
2026-10-07 17:47:14.327+00:00 | EthScheduler-Workers-0 | INFO  | PersistBlockTask | Block 663 (0x9b1061d5c7d1bda877269138c20bb00fe86cb39b24102c607999bb197532fd6a) is already imported
2026-10-07 17:47:14.327+00:00 | BftProcessorExecutor-QBFT-0 | INFO  | QbftBesuControllerBuilder | Imported #663 / 0 tx / 0 pending / 0 (0.0%) gas / (0x9b1061d5c7d1bda877269138c20bb00fe86cb39b24102c607999bb197532fd6a)
2026-10-07 17:47:16.275+00:00 | BftProcessorExecutor-QBFT-0 | INFO  | QbftBesuControllerBuilder | Imported #664 / 0 tx / 0 pending / 0 (0.0%) gas / (0xd9364185832eaef8bb9f1390f4409efbd5fb0f7722ddd3d9fd62b570433e41cc)
2026-10-07 17:47:16.277+00:00 | EthScheduler-Workers-0 | INFO  | PersistBlockTask | Block 664 (0xd9364185832eaef8bb9f1390f4409efbd5fb0f7722ddd3d9fd62b570433e41cc) is already imported
2026-10-07 17:47:18.221+00:00 | BftProcessorExecutor-QBFT-0 | INFO  | QbftBesuControllerBuilder | Imported #665 / 0 tx / 0 pending / 0 (0.0%) gas / (0xfc9155a14971e4293f1d22a92894847ed3dcb2b37d52ea7a8057683971561db0)
2026-10-07 17:47:18.222+00:00 | EthScheduler-Workers-0 | INFO  | PersistBlockTask | Block 665 (0xfc9155a14971e4293f1d22a92894847ed3dcb2b37d52ea7a8057683971561db0) is already imported
2026-10-07 17:47:20.270+00:00 | BftProcessorExecutor-QBFT-0 | INFO  | QbftBesuControllerBuilder | Imported #666 / 0 tx / 0 pending / 0 (0.0%) gas / (0x0991a0fcad8199ba6ef430fe18c9d8c99e88b2624acf3f15dbbccb4fa72fd613)
2026-10-07 17:47:22.289+00:00 | BftProcessorExecutor-QBFT-0 | INFO  | QbftBesuControllerBuilder | Imported #667 / 0 tx / 0 pending / 0 (0.0%) gas / (0xfb1b9a85fef761dd1744be2a604f5f6b5b19725e96f456e7dc0d9b7758321325)
2026-10-07 17:47:24.256+00:00 | BftProcessorExecutor-QBFT-0 | INFO  | QbftBesuControllerBuilder | Imported #668 / 0 tx / 0 pending / 0 (0.0%) gas / (0x2f38c6cdc0cbec42f6ea63d464d370fd22744493b314703141bf48a753ad28e7)
2026-10-07 17:47:24.257+00:00 | EthScheduler-Workers-0 | INFO  | PersistBlockTask | Block 668 (0x2f38c6cdc0cbec42f6ea63d464d370fd22744493b314703141bf48a753ad28e7) is already imported
2026-10-07 17:47:26.283+00:00 | BftProcessorExecutor-QBFT-0 | INFO  | QbftBesuControllerBuilder | Imported #669 / 0 tx / 0 pending / 0 (0.0%) gas / (0x46bfb46df23663c8a0b0d37f2f56d0e9e250f0754435a982f28a5b4269724a00)
2026-10-07 17:47:28.224+00:00 | BftProcessorExecutor-QBFT-0 | INFO  | QbftBesuControllerBuilder | Produced #670 / 0 tx / 0 pending / 0 (0.0%) gas / (0x33e716a9d3b33bf915c7a250eaebdcdf04d4cb65e975c9fda17853479639ff7a)
2026-10-07 17:47:30.238+00:00 | BftProcessorExecutor-QBFT-0 | INFO  | QbftBesuControllerBuilder | Imported #671 / 0 tx / 0 pending / 0 (0.0%) gas / (0xedb5e29aabfba36c94386066e38c5a15f49e098ac3a91d64e196270657b165b2)
2026-10-07 17:47:32.244+00:00 | BftProcessorExecutor-QBFT-0 | INFO  | QbftBesuControllerBuilder | Imported #672 / 0 tx / 0 pending / 0 (0.0%) gas / (0xe6e4ae6ebc5863aa09bb0655b8c0cfbb4a7503308f0af39bcbb84fa7f5689c1d)
2026-10-07 17:47:34.346+00:00 | EthScheduler-Workers-0 | INFO  | PersistBlockTask | Block 673 (0xbe1079cffca748cb534474b9b66647c085d0dd4556659a727511e464cbc4ab68) is already imported
2026-10-07 17:47:34.347+00:00 | BftProcessorExecutor-QBFT-0 | INFO  | QbftBesuControllerBuilder | Imported #673 / 0 tx / 0 pending / 0 (0.0%) gas / (0xbe1079cffca748cb534474b9b66647c085d0dd4556659a727511e464cbc4ab68)
2026-10-07 17:47:36.258+00:00 | BftProcessorExecutor-QBFT-0 | INFO  | QbftBesuControllerBuilder | Imported #674 / 0 tx / 0 pending / 0 (0.0%) gas / (0x157609211aa0bac2617c21d21f7292795e6fe39239508502d95ebd1472663f6f)
2026-10-07 17:47:38.226+00:00 | BftProcessorExecutor-QBFT-0 | INFO  | QbftBesuControllerBuilder | Imported #675 / 0 tx / 0 pending / 0 (0.0%) gas / (0x42f3116f330cd43bd613a0c82e8a5ab2a70b5f1e272bb52e243ca503c13521af)
2026-10-07 17:47:38.228+00:00 | EthScheduler-Workers-0 | INFO  | PersistBlockTask | Block 675 (0x42f3116f330cd43bd613a0c82e8a5ab2a70b5f1e272bb52e243ca503c13521af) is already imported
2026-10-07 17:47:40.244+00:00 | BftProcessorExecutor-QBFT-0 | INFO  | QbftBesuControllerBuilder | Imported #676 / 0 tx / 0 pending / 0 (0.0%) gas / (0xabb0c87ae281aefa28c97e5f6803e4cd6d6b749ed94fd07829d9ac5c3c89033b)
2026-10-07 17:47:42.234+00:00 | BftProcessorExecutor-QBFT-0 | INFO  | QbftBesuControllerBuilder | Imported #677 / 0 tx / 0 pending / 0 (0.0%) gas / (0xb8fcfa740df124dfc172cc1bca6e830038393f571ae5c4740f4273cf90361bb8)
2026-10-07 17:47:44.257+00:00 | EthScheduler-Workers-0 | INFO  | PersistBlockTask | Block 678 (0x3a14b4e35aeef4ca7ea45e90f940e76140272fa62457832eb8433ac3bdcb136d) is already imported
2026-10-07 17:47:44.257+00:00 | BftProcessorExecutor-QBFT-0 | INFO  | QbftBesuControllerBuilder | Imported #678 / 0 tx / 0 pending / 0 (0.0%) gas / (0x3a14b4e35aeef4ca7ea45e90f940e76140272fa62457832eb8433ac3bdcb136d)
2026-10-07 17:47:46.256+00:00 | EthScheduler-Workers-0 | INFO  | PersistBlockTask | Block 679 (0x89fcf12a69e62d7e68fe0faf3484f14717b8d76c1a2f26798b58f8abc2db9ec2) is already imported
2026-10-07 17:47:46.257+00:00 | BftProcessorExecutor-QBFT-0 | INFO  | QbftBesuControllerBuilder | Imported #679 / 0 tx / 0 pending / 0 (0.0%) gas / (0x89fcf12a69e62d7e68fe0faf3484f14717b8d76c1a2f26798b58f8abc2db9ec2)
2026-10-07 17:47:48.218+00:00 | BftProcessorExecutor-QBFT-0 | INFO  | QbftBesuControllerBuilder | Imported #680 / 0 tx / 0 pending / 0 (0.0%) gas / (0x32bf6055efe6106f289249c4331c8ad85a3f267d60004e0e31ca55ce88d32bf6)
2026-10-07 17:47:48.220+00:00 | EthScheduler-Workers-0 | INFO  | PersistBlockTask | Block 680 (0x32bf6055efe6106f289249c4331c8ad85a3f267d60004e0e31ca55ce88d32bf6) is already imported
2026-10-07 17:47:50.282+00:00 | BftProcessorExecutor-QBFT-0 | INFO  | QbftBesuControllerBuilder | Imported #681 / 0 tx / 0 pending / 0 (0.0%) gas / (0x7e6967455be4b4676fe042d7171007d5b252748fd99c6a14ab6390b9c234b8a4)
2026-10-07 17:47:50.284+00:00 | EthScheduler-Workers-0 | INFO  | PersistBlockTask | Block 681 (0x7e6967455be4b4676fe042d7171007d5b252748fd99c6a14ab6390b9c234b8a4) is already imported
2026-10-07 17:47:52.237+00:00 | BftProcessorExecutor-QBFT-0 | INFO  | QbftBesuControllerBuilder | Imported #682 / 0 tx / 0 pending / 0 (0.0%) gas / (0x6882a8adcb36c5f5861b48d4e62a7321dd4010b3cd4f126078e13ede1bf38a81)
2026-10-07 17:47:52.243+00:00 | EthScheduler-Workers-0 | INFO  | PersistBlockTask | Block 682 (0x6882a8adcb36c5f5861b48d4e62a7321dd4010b3cd4f126078e13ede1bf38a81) is already imported
2026-10-07 17:47:54.328+00:00 | EthScheduler-Workers-0 | INFO  | PersistBlockTask | Block 683 (0x5402ff44a76a59e20e2dd697a6ab10c33dbe5d663af0938055cd54935080e7b0) is already imported
2026-10-07 17:47:54.328+00:00 | BftProcessorExecutor-QBFT-0 | INFO  | QbftBesuControllerBuilder | Imported #683 / 0 tx / 0 pending / 0 (0.0%) gas / (0x5402ff44a76a59e20e2dd697a6ab10c33dbe5d663af0938055cd54935080e7b0)
2026-10-07 17:47:56.363+00:00 | EthScheduler-Workers-0 | INFO  | PersistBlockTask | Block 684 (0xed7ab5b92dc48cf381294a09333872c328a0387a3d9d846f149feb206eb6101a) is already imported
2026-10-07 17:47:56.363+00:00 | BftProcessorExecutor-QBFT-0 | INFO  | QbftBesuControllerBuilder | Imported #684 / 23 tx / 443 pending / 3,533,578 (0.0%) gas / (0xed7ab5b92dc48cf381294a09333872c328a0387a3d9d846f149feb206eb6101a)
2026-10-07 17:47:58.437+00:00 | BftProcessorExecutor-QBFT-0 | INFO  | QbftBesuControllerBuilder | Produced #685 / 68 tx / 933 pending / 10,447,092 (0.0%) gas / (0x17070856ba8c7aa5f8f1815c216325f835a468f1153793ceea95f4834f9347e0)
2026-10-07 17:48:00.878+00:00 | EthScheduler-Workers-0 | INFO  | PersistBlockTask | Block 686 (0x789f901c8c8cc3f893611361e5df198e80c64db4c900daa29c953f2e8d941fbc) is already imported
2026-10-07 17:48:00.880+00:00 | BftProcessorExecutor-QBFT-0 | INFO  | QbftBesuControllerBuilder | Imported #686 / 68 tx / 865 pending / 10,447,288 (0.0%) gas / (0x789f901c8c8cc3f893611361e5df198e80c64db4c900daa29c953f2e8d941fbc)
2026-10-07 17:48:02.886+00:00 | EthScheduler-Workers-0 | INFO  | PersistBlockTask | Block 687 (0x5e459cdc41085993f1a5ee08d90cc99ba95aa657ba32da5f599afa58d8437e7b) is already imported
2026-10-07 17:48:02.887+00:00 | BftProcessorExecutor-QBFT-0 | INFO  | QbftBesuControllerBuilder | Imported #687 / 68 tx / 797 pending / 10,446,984 (0.0%) gas / (0x5e459cdc41085993f1a5ee08d90cc99ba95aa657ba32da5f599afa58d8437e7b)
2026-10-07 17:48:04.960+00:00 | EthScheduler-Workers-0 | INFO  | PersistBlockTask | Block 688 (0xf53cd82d9310cbdb380b5ad26b09a5f02663ee67a7f312c326be61751a5e3884) is already imported
2026-10-07 17:48:04.964+00:00 | BftProcessorExecutor-QBFT-0 | INFO  | QbftBesuControllerBuilder | Imported #688 / 68 tx / 729 pending / 10,447,220 (0.0%) gas / (0xf53cd82d9310cbdb380b5ad26b09a5f02663ee67a7f312c326be61751a5e3884)
2026-10-07 17:48:06.590+00:00 | BftProcessorExecutor-QBFT-0 | INFO  | QbftBesuControllerBuilder | Imported #689 / 68 tx / 661 pending / 10,447,152 (0.0%) gas / (0x5bf989149299ad42839ed967fce44cecfbe6caaf0d592d10efcf3e84225b7332)
2026-10-07 17:48:08.732+00:00 | EthScheduler-Workers-0 | INFO  | PersistBlockTask | Block 690 (0xf025be1dadfb48feb3546e335fdb80107a1d4e87de16890a228ffb4a34516710) is already imported
2026-10-07 17:48:08.732+00:00 | BftProcessorExecutor-QBFT-0 | INFO  | QbftBesuControllerBuilder | Imported #690 / 69 tx / 592 pending / 10,600,862 (0.0%) gas / (0xf025be1dadfb48feb3546e335fdb80107a1d4e87de16890a228ffb4a34516710)
2026-10-07 17:48:10.913+00:00 | EthScheduler-Workers-0 | INFO  | PersistBlockTask | Block 691 (0xf483cabb2f8339b5c869985903e664e8bd1b527a3c05d4c36e10c63a679730b1) is already imported
2026-10-07 17:48:10.915+00:00 | BftProcessorExecutor-QBFT-0 | INFO  | QbftBesuControllerBuilder | Imported #691 / 69 tx / 523 pending / 10,600,702 (0.0%) gas / (0xf483cabb2f8339b5c869985903e664e8bd1b527a3c05d4c36e10c63a679730b1)
2026-10-07 17:48:12.747+00:00 | BftProcessorExecutor-QBFT-0 | INFO  | QbftBesuControllerBuilder | Imported #692 / 69 tx / 523 pending / 10,600,674 (0.0%) gas / (0x39f3b824f8a4afd8e92b0696c97e2746c5c7fcccdb56321cab2508edb24b389b)
2026-10-07 17:48:14.967+00:00 | EthScheduler-Workers-0 | INFO  | PersistBlockTask | Block 693 (0x4bc3e7ce60730374bbeb4d4a5fab56a91c217c4f16f5e483c6eec292ef7e7788) is already imported
2026-10-07 17:48:14.967+00:00 | BftProcessorExecutor-QBFT-0 | INFO  | QbftBesuControllerBuilder | Imported #693 / 69 tx / 385 pending / 10,600,754 (0.0%) gas / (0x4bc3e7ce60730374bbeb4d4a5fab56a91c217c4f16f5e483c6eec292ef7e7788)
2026-10-07 17:48:16.839+00:00 | EthScheduler-Workers-0 | INFO  | PersistBlockTask | Block 694 (0x43e9113e6596cb6ccde11c7459418e50a400917ceeda7d397c41f9ffe13087eb) is already imported
2026-10-07 17:48:16.840+00:00 | BftProcessorExecutor-QBFT-0 | INFO  | QbftBesuControllerBuilder | Imported #694 / 68 tx / 317 pending / 10,447,036 (0.0%) gas / (0x43e9113e6596cb6ccde11c7459418e50a400917ceeda7d397c41f9ffe13087eb)
2026-10-07 17:48:18.602+00:00 | EthScheduler-Workers-0 | INFO  | PersistBlockTask | Block 695 (0x9d70f7f3589df4679fcd02fc432159e12f45b37b8b84057f7b653c56a68b97c6) is already imported
2026-10-07 17:48:18.602+00:00 | BftProcessorExecutor-QBFT-0 | INFO  | QbftBesuControllerBuilder | Imported #695 / 68 tx / 249 pending / 10,447,152 (0.0%) gas / (0x9d70f7f3589df4679fcd02fc432159e12f45b37b8b84057f7b653c56a68b97c6)
2026-10-07 17:48:20.866+00:00 | EthScheduler-Workers-0 | INFO  | PersistBlockTask | Block 696 (0x11432887c0ca1caa3aa0f4614bc0048ffbc9468aa095422f38384e608e4eaa8a) is already imported
2026-10-07 17:48:20.866+00:00 | BftProcessorExecutor-QBFT-0 | INFO  | QbftBesuControllerBuilder | Imported #696 / 68 tx / 181 pending / 10,447,116 (0.0%) gas / (0x11432887c0ca1caa3aa0f4614bc0048ffbc9468aa095422f38384e608e4eaa8a)
2026-10-07 17:48:22.737+00:00 | EthScheduler-Workers-0 | INFO  | PersistBlockTask | Block 697 (0x82e908c3a6fe6bd9ce01cb4af11250bdad070e5d33c2aa91c888fb0fa2affd18) is already imported
2026-10-07 17:48:22.737+00:00 | BftProcessorExecutor-QBFT-0 | INFO  | QbftBesuControllerBuilder | Imported #697 / 68 tx / 113 pending / 10,447,108 (0.0%) gas / (0x82e908c3a6fe6bd9ce01cb4af11250bdad070e5d33c2aa91c888fb0fa2affd18)
2026-10-07 17:48:24.990+00:00 | BftProcessorExecutor-QBFT-0 | INFO  | QbftBesuControllerBuilder | Imported #698 / 68 tx / 45 pending / 10,447,236 (0.0%) gas / (0x1c6f410895fe1f10d3e4eef46b458a838a8fcb65f775bacc7bff162103e8a8eb)
2026-10-07 17:48:24.990+00:00 | EthScheduler-Workers-0 | INFO  | PersistBlockTask | Block 698 (0x1c6f410895fe1f10d3e4eef46b458a838a8fcb65f775bacc7bff162103e8a8eb) is already imported
2026-10-07 17:48:26.497+00:00 | BftProcessorExecutor-QBFT-0 | INFO  | QbftBesuControllerBuilder | Imported #699 / 45 tx / 0 pending / 6,913,602 (0.0%) gas / (0x5cf5fea06d682b70b2f7a1f9c003064fa9b89343a4d713c8dabd828006ca7b95)
2026-10-07 17:48:28.223+00:00 | BftProcessorExecutor-QBFT-0 | INFO  | QbftBesuControllerBuilder | Produced #700 / 0 tx / 0 pending / 0 (0.0%) gas / (0x9f4548f77b849e5f1fb0e3240bd3702f7ce33b894dec6780dfbf6de7a310eb94)
2026-10-07 17:48:30.253+00:00 | BftProcessorExecutor-QBFT-0 | INFO  | QbftBesuControllerBuilder | Imported #701 / 0 tx / 0 pending / 0 (0.0%) gas / (0xa98e235044b08ed2bde3abd30a826014216ad40dc9ad8b4e6be4b090ae05f369)
2026-10-07 17:48:32.243+00:00 | BftProcessorExecutor-QBFT-0 | INFO  | QbftBesuControllerBuilder | Imported #702 / 0 tx / 0 pending / 0 (0.0%) gas / (0xee8e405d196e300f46ad83cfcc07ee9fccbb915a74156a0ac8bfe85f406a9b67)
2026-10-07 17:48:34.342+00:00 | BftProcessorExecutor-QBFT-0 | INFO  | QbftBesuControllerBuilder | Imported #703 / 0 tx / 0 pending / 0 (0.0%) gas / (0x63e0c3122733ae2c7cd9a75695a403bea8188bcc730bdc420461d66e39a48df7)
2026-10-07 17:48:36.280+00:00 | BftProcessorExecutor-QBFT-0 | INFO  | QbftBesuControllerBuilder | Imported #704 / 0 tx / 0 pending / 0 (0.0%) gas / (0x679f708f85426f4590d96d76d15f340fa951a7f41c1d8f86211de1fdf97c02fe)
2026-10-07 17:48:36.281+00:00 | EthScheduler-Workers-0 | INFO  | PersistBlockTask | Block 704 (0x679f708f85426f4590d96d76d15f340fa951a7f41c1d8f86211de1fdf97c02fe) is already imported
2026-10-07 17:48:38.231+00:00 | BftProcessorExecutor-QBFT-0 | INFO  | QbftBesuControllerBuilder | Imported #705 / 0 tx / 0 pending / 0 (0.0%) gas / (0x5e7138635d70a871f928cb5795839657a092ad952f94be4e50402d0190c51084)
2026-10-07 17:48:38.233+00:00 | EthScheduler-Workers-0 | INFO  | PersistBlockTask | Block 705 (0x5e7138635d70a871f928cb5795839657a092ad952f94be4e50402d0190c51084) is already imported
2026-10-07 17:48:40.269+00:00 | BftProcessorExecutor-QBFT-0 | INFO  | QbftBesuControllerBuilder | Imported #706 / 0 tx / 0 pending / 0 (0.0%) gas / (0x902a6405328fe811287d4729b29f6621a7d37cb318683e2277545246d62bbf41)
2026-10-07 17:48:42.251+00:00 | BftProcessorExecutor-QBFT-0 | INFO  | QbftBesuControllerBuilder | Imported #707 / 0 tx / 0 pending / 0 (0.0%) gas / (0x7041ba43ed69287b91fdd985122aeefa590b4ea92d678102867b900a39e92ce2)
2026-10-07 17:48:44.353+00:00 | EthScheduler-Workers-0 | INFO  | PersistBlockTask | Block 708 (0x79262cf245b55bdc8485b1b5b9751b9bf70fa48f9574757aabb3521af0151f4c) is already imported
2026-10-07 17:48:44.353+00:00 | BftProcessorExecutor-QBFT-0 | INFO  | QbftBesuControllerBuilder | Imported #708 / 0 tx / 0 pending / 0 (0.0%) gas / (0x79262cf245b55bdc8485b1b5b9751b9bf70fa48f9574757aabb3521af0151f4c)
2026-10-07 17:48:46.271+00:00 | EthScheduler-Workers-0 | INFO  | PersistBlockTask | Block 709 (0x216c81129895ec1e57e7b46557facfd070b9be80f30e23ef7a334afc9733bcb5) is already imported
2026-10-07 17:48:46.271+00:00 | BftProcessorExecutor-QBFT-0 | INFO  | QbftBesuControllerBuilder | Imported #709 / 0 tx / 0 pending / 0 (0.0%) gas / (0x216c81129895ec1e57e7b46557facfd070b9be80f30e23ef7a334afc9733bcb5)
2026-10-07 17:48:48.216+00:00 | BftProcessorExecutor-QBFT-0 | INFO  | QbftBesuControllerBuilder | Imported #710 / 0 tx / 0 pending / 0 (0.0%) gas / (0x5c69b0d2ac93177bbb50dd2adbd41c9fb61ee25efe94c68d1541c37b427d6fdd)
2026-10-07 17:48:50.237+00:00 | BftProcessorExecutor-QBFT-0 | INFO  | QbftBesuControllerBuilder | Imported #711 / 0 tx / 0 pending / 0 (0.0%) gas / (0xf2f0ffaf7e72b06e897bdf068e87238a9fac4133a566ae492bb4766895cf4802)
2026-10-07 17:48:52.240+00:00 | EthScheduler-Workers-0 | INFO  | PersistBlockTask | Block 712 (0x630d183bef77c0a5bbd6a11e2dc8a138f3388f4910e632c9f36e13cc299ec5f2) is already imported
2026-10-07 17:48:52.240+00:00 | BftProcessorExecutor-QBFT-0 | INFO  | QbftBesuControllerBuilder | Imported #712 / 0 tx / 0 pending / 0 (0.0%) gas / (0x630d183bef77c0a5bbd6a11e2dc8a138f3388f4910e632c9f36e13cc299ec5f2)
2026-10-07 17:48:54.259+00:00 | EthScheduler-Workers-0 | INFO  | PersistBlockTask | Block 713 (0x47862db8e77a50d79c323ba6c42110bd3120e21930039c745ecee1829d6a6710) is already imported
2026-10-07 17:48:54.260+00:00 | BftProcessorExecutor-QBFT-0 | INFO  | QbftBesuControllerBuilder | Imported #713 / 0 tx / 0 pending / 0 (0.0%) gas / (0x47862db8e77a50d79c323ba6c42110bd3120e21930039c745ecee1829d6a6710)
2026-10-07 17:48:56.250+00:00 | BftProcessorExecutor-QBFT-0 | INFO  | QbftBesuControllerBuilder | Imported #714 / 0 tx / 0 pending / 0 (0.0%) gas / (0x21ab9282917a70bfb5c10ded0b24ed0c2164769382682d0d5bd06e9abcd74a66)
2026-10-07 17:48:58.214+00:00 | BftProcessorExecutor-QBFT-0 | INFO  | QbftBesuControllerBuilder | Produced #715 / 0 tx / 0 pending / 0 (0.0%) gas / (0x7992ea305d92b0ecb4c560efc08e771f195fa49bd1dff5747fe5bbcb36e6e05d)
2026-10-07 17:49:00.250+00:00 | BftProcessorExecutor-QBFT-0 | INFO  | QbftBesuControllerBuilder | Imported #716 / 0 tx / 0 pending / 0 (0.0%) gas / (0xdae6e1c8e38a303f51aea17a8d47b95eef862547d130de39cba14a7ea45ac098)
2026-10-07 17:49:02.225+00:00 | BftProcessorExecutor-QBFT-0 | INFO  | QbftBesuControllerBuilder | Imported #717 / 0 tx / 0 pending / 0 (0.0%) gas / (0xd0b4491e5e5820f63c616a4203cc2ebd0cca926fcdaeda20ab17a69f3697cd5e)
2026-10-07 17:49:04.325+00:00 | BftProcessorExecutor-QBFT-0 | INFO  | QbftBesuControllerBuilder | Imported #718 / 0 tx / 0 pending / 0 (0.0%) gas / (0x667113b846dd4989c3f01d0e2e043a29ce623e530ca4c40bdd7b1a3d1f932201)
2026-10-07 17:49:06.267+00:00 | EthScheduler-Workers-0 | INFO  | PersistBlockTask | Block 719 (0xf77c61fc0d6658f27e67cb8a519e48d2ec209e31b7af4426fb5a4a82eb606923) is already imported
2026-10-07 17:49:06.268+00:00 | BftProcessorExecutor-QBFT-0 | INFO  | QbftBesuControllerBuilder | Imported #719 / 0 tx / 0 pending / 0 (0.0%) gas / (0xf77c61fc0d6658f27e67cb8a519e48d2ec209e31b7af4426fb5a4a82eb606923)
2026-10-07 17:49:08.203+00:00 | BftProcessorExecutor-QBFT-0 | INFO  | QbftBesuControllerBuilder | Imported #720 / 0 tx / 0 pending / 0 (0.0%) gas / (0xbe05601ff28915e3eda0f2a3f668bbda613e2fa43bae034657ed7cb289f673a6)
