Setting logging level to INFO
2026-10-07 12:27:03.480+00:00 | main | INFO  | Besu | Starting Besu
2026-10-07 12:27:03.870+00:00 | main | WARN  | Besu | --graphql-http-host has been ignored because --graphql-http-enabled was not defined on the command line.
2026-10-07 12:27:03.993+00:00 | main | INFO  | Besu | Connecting to 0 static nodes.
2026-10-07 12:27:03.997+00:00 | main | INFO  | Besu | Forcing price bump for transaction replacement to 0, since min-gas-price is set to 0
2026-10-07 12:27:03.998+00:00 | main | WARN  | Besu | Forcing tx-pool-min-gas-price=0, since it cannot be greater than the value of min-gas-price
2026-10-07 12:27:04.423+00:00 | main | INFO  | Besu | 
####################################################################################################
#                                                                                                  #
# Besu version 24.7.0                                                                              #
#                                                                                                  #
# Configuration:                                                                                   #
# Network: Custom genesis file                                                                     #
# /config/genesis.json                                                                             #
# Network Id: 1337                                                                                 #
# Data storage: Bonsai                                                                             #
# Sync mode: Full                                                                                  #
# RPC HTTP APIs: ETH,QBFT,NET,ADMIN,WEB3                                                           #
# RPC HTTP port: 8545                                                                              #
# Using LAYERED transaction pool implementation                                                    #
# Using STACKED worldstate update mode                                                             #
# Limit trie logs enabled: retention: 512; prune window: 30000                                     #
#                                                                                                  #
# Host:                                                                                            #
# Java: openjdk-java-21                                                                            #
# Maximum heap size: 29.50 GB                                                                      #
# OS: linux-x86_64                                                                                 #
# glibc: 2.39                                                                                      #
# jemalloc: 5.3.0-0-g54eaed1d8b56b1aa528be3bdd1877e59c56fa90c                                      #
# Total memory: 1007.68 GB                                                                         #
# CPU cores: 256                                                                                   #
#                                                                                                  #
# Plugin Registration Summary:                                                                     #
# No plugins have been registered.                                                                 #
# TOTAL = 0 of 0 plugins successfully registered.                                                  #
#                                                                                                  #
####################################################################################################
2026-10-07 12:27:04.424+00:00 | main | INFO  | Besu | Security Module: localfile
2026-10-07 12:27:04.425+00:00 | main | INFO  | VersionMetadata | Lookup version metadata file in data directory: /data
2026-10-07 12:27:04.426+00:00 | main | INFO  | VersionMetadata | No version data detected. Writing Besu version 24.7.0 to metadata file
2026-10-07 12:27:04.534+00:00 | main | INFO  | Besu | Using the native implementation of alt bn128
2026-10-07 12:27:04.625+00:00 | main | INFO  | Besu | Using the native implementation of modexp
2026-10-07 12:27:04.628+00:00 | main | INFO  | Besu | Using the native implementation of the signature algorithm
2026-10-07 12:27:04.641+00:00 | main | INFO  | Besu | Using the native implementation of the blake2bf algorithm
2026-10-07 12:27:04.747+00:00 | main | INFO  | Besu | Forcing price bump for transaction replacement to 0, since min-gas-price is set to 0
2026-10-07 12:27:04.748+00:00 | main | WARN  | Besu | Forcing tx-pool-min-gas-price=0, since it cannot be greater than the value of min-gas-price
2026-10-07 12:27:04.750+00:00 | main | INFO  | KeyPairUtil | Attempting to load public key from /data/key.priv
2026-10-07 12:27:04.782+00:00 | main | INFO  | KeyPairUtil | Loaded public key 0xa678089d4c8d6935c32e334ed57ad2dad468f8541f34e1851ac3e6bbd63eb801c7965819ed6b656e10b07d4a96ed4407d5a298a7a801a051974d7e93de352da5 from /data/key.priv
2026-10-07 12:27:05.000+00:00 | main | INFO  | ProtocolScheduleBuilder | Protocol schedule created with milestones: [Berlin:0]
2026-10-07 12:27:05.005+00:00 | main | INFO  | RocksDBKeyValueStorageFactory | No existing database at /data. Using default metadata for new db versionedStorageFormat=BaseVersionedStorageFormat{format=BONSAI, version=2}
2026-10-07 12:27:05.272+00:00 | main | INFO  | FlatDbStrategyProvider | Bonsai flat db mode found FULL
2026-10-07 12:27:05.276+00:00 | main | INFO  | FlatDbStrategyProvider | Bonsai db mode with code stored using code hash enabled = true
2026-10-07 12:27:05.288+00:00 | main | INFO  | FlatDbStrategyProvider | Bonsai flat db mode found FULL
2026-10-07 12:27:05.291+00:00 | main | INFO  | FlatDbStrategyProvider | Bonsai db mode with code stored using code hash enabled = true
2026-10-07 12:27:05.838+00:00 | main | INFO  | TransactionPoolFactory | Enabling transaction pool
2026-10-07 12:27:05.866+00:00 | main | INFO  | BesuControllerBuilder | TTD difficulty is not present, creating initial sync phase for PoW
2026-10-07 12:27:05.921+00:00 | main | INFO  | TrieLogPruner | Loading first 30000 trie logs from database...
2026-10-07 12:27:05.923+00:00 | main | INFO  | TrieLogPruner | Loaded 1 trie logs from database
2026-10-07 12:27:05.930+00:00 | main | INFO  | RunnerBuilder | Resolved 3 bootnodes.
2026-10-07 12:27:05.937+00:00 | main | INFO  | RunnerBuilder | Detecting NAT service.
2026-10-07 12:27:06.120+00:00 | main | INFO  | Runner | Starting external services ... 
2026-10-07 12:27:06.121+00:00 | main | INFO  | JsonRpcHttpService | Starting JSON-RPC service on 0.0.0.0:8545
2026-10-07 12:27:06.278+00:00 | vert.x-eventloop-thread-1 | INFO  | JsonRpcHttpService | JSON-RPC service started and listening on 0.0.0.0:8545
2026-10-07 12:27:06.280+00:00 | main | INFO  | WebSocketService | Starting Websocket service on 0.0.0.0:8546
2026-10-07 12:27:06.283+00:00 | vert.x-eventloop-thread-1 | INFO  | WebSocketService | Websocket service started and listening on 0.0.0.0:8546
2026-10-07 12:27:06.286+00:00 | main | INFO  | AutoTransactionLogBloomCachingService | Starting auto transaction log bloom caching service.
2026-10-07 12:27:06.288+00:00 | main | INFO  | LogBloomCacheMetadata | Lookup cache metadata file in data directory: /data/caches
2026-10-07 12:27:06.300+00:00 | main | INFO  | Runner | Starting Ethereum main loop ... 
2026-10-07 12:27:06.301+00:00 | main | INFO  | NatService | No NAT environment detected so no service could be started
2026-10-07 12:27:06.301+00:00 | main | INFO  | NetworkRunner | Starting Network.
2026-10-07 12:27:06.312+00:00 | nioEventLoopGroup-2-1 | INFO  | RlpxAgent | P2P RLPx agent started and listening on /[0:0:0:0:0:0:0:0]:30303.
2026-10-07 12:27:06.313+00:00 | main | INFO  | PeerDiscoveryAgent | Starting peer discovery agent on host=0.0.0.0, port=30303. IPv6 available.
2026-10-07 12:27:06.325+00:00 | vert.x-eventloop-thread-1 | INFO  | VertxPeerDiscoveryAgent | Started peer discovery agent successfully, on effective host=0:0:0:0:0:0:0:0%0 and port=30303
2026-10-07 12:27:06.326+00:00 | vert.x-eventloop-thread-1 | INFO  | PeerDiscoveryAgent | P2P peer discovery agent started and listening on /[0:0:0:0:0:0:0:0%0]:30303
2026-10-07 12:27:06.365+00:00 | vert.x-eventloop-thread-1 | INFO  | PeerDiscoveryAgent | Writing node record to disk. NodeRecord{seq=1, publicKey=0x03a678089d4c8d6935c32e334ed57ad2dad468f8541f34e1851ac3e6bbd63eb801, udpAddress=Optional[/0.0.0.0:30303], tcpAddress=Optional[/0.0.0.0:30303], asBase64=-Je4QNEIlsl8SnDsH006Fx1l19P-xVXnQ59b68PJnYkUPYtiawONM4XJY3tGTXZFYHOYnhF6FlhUCcA71-5ZoSYOdroBg2V0aMfGhNp6ujyAgmlkgnY0gmlwhAAAAACJc2VjcDI1NmsxoQOmeAidTI1pNcMuM07VetLa1Gj4VB804YUaw-a71j64AYN0Y3CCdl-DdWRwgnZf, nodeId=0x557327713425354b4f19074960e96b5c985e99c9146bda59dcb09086d99e7084, customFields={tcp=30303, udp=30303, ip=0x00000000, eth=[[0xda7aba3c, 0x]], id=V4, secp256k1=0x03a678089d4c8d6935c32e334ed57ad2dad468f8541f34e1851ac3e6bbd63eb801}}
2026-10-07 12:27:06.392+00:00 | main | INFO  | DefaultP2PNetwork | Enode URL enode://a678089d4c8d6935c32e334ed57ad2dad468f8541f34e1851ac3e6bbd63eb801c7965819ed6b656e10b07d4a96ed4407d5a298a7a801a051974d7e93de352da5@0.0.0.0:30303
2026-10-07 12:27:06.392+00:00 | main | INFO  | DefaultP2PNetwork | Node address 0x60e96b5c985e99c9146bda59dcb09086d99e7084
2026-10-07 12:27:06.416+00:00 | main | INFO  | NetworkRunner | Supported capabilities: [eth/62, eth/63, eth/64, eth/65, eth/66, eth/67, eth/68], [istanbul/100], [snap/1]
2026-10-07 12:27:06.417+00:00 | main | INFO  | DefaultSynchronizer | Starting synchronizer.
2026-10-07 12:27:06.418+00:00 | main | INFO  | TransactionPoolFactory | Enabling transaction handling following initial sync
2026-10-07 12:27:06.418+00:00 | main | INFO  | QbftBesuControllerBuilder | Starting QBFT mining coordinator following initial sync
2026-10-07 12:27:06.429+00:00 | main | INFO  | FullSyncDownloader | Starting full sync.
2026-10-07 12:27:06.430+00:00 | main | INFO  | FullSyncTargetManager | Unable to find sync target. Currently checking 0 peers for usefulness
2026-10-07 12:27:06.438+00:00 | main | INFO  | Runner | Ethereum main loop is up.
2026-10-07 12:27:06.676+00:00 | nioEventLoopGroup-3-3 | INFO  | FullSyncTargetManager | Unable to find sync target. Currently checking 6 peers for usefulness
2026-10-07 12:27:08.514+00:00 | nioEventLoopGroup-3-4 | INFO  | FullSyncTargetManager | Unable to find sync target. Currently checking 7 peers for usefulness
2026-10-07 12:27:10.824+00:00 | nioEventLoopGroup-3-6 | INFO  | FullSyncTargetManager | Unable to find sync target. Currently checking 8 peers for usefulness
2026-10-07 12:27:12.740+00:00 | nioEventLoopGroup-3-7 | INFO  | FullSyncTargetManager | Unable to find sync target. Currently checking 9 peers for usefulness
2026-10-07 12:27:16.901+00:00 | nioEventLoopGroup-3-10 | INFO  | FullSyncTargetManager | Unable to find sync target. Currently checking 10 peers for usefulness
2026-10-07 12:27:18.635+00:00 | nioEventLoopGroup-3-1 | INFO  | FullSyncTargetManager | Unable to find sync target. Currently checking 11 peers for usefulness
2026-10-07 12:27:18.751+00:00 | nioEventLoopGroup-3-4 | INFO  | FullSyncTargetManager | Unable to find sync target. Currently checking 12 peers for usefulness
2026-10-07 12:27:21.183+00:00 | nioEventLoopGroup-3-5 | INFO  | FullSyncTargetManager | Unable to find sync target. Currently checking 13 peers for usefulness
2026-10-07 12:27:22.707+00:00 | BftProcessorExecutor-QBFT-0 | INFO  | QbftRound | Importing proposed block to chain. round=ConsensusRoundIdentifier{Sequence=1, Round=1}, hash=0xb4cac59659e7f7ed5677e90350d535cc3525ba68c602f99e5d76edea9693ceba
2026-10-07 12:27:22.737+00:00 | BftProcessorExecutor-QBFT-0 | INFO  | QbftBesuControllerBuilder | Imported #1 / 0 tx / 0 pending / 0 (0.0%) gas / (0xb4cac59659e7f7ed5677e90350d535cc3525ba68c602f99e5d76edea9693ceba)
2026-10-07 12:27:24.131+00:00 | EthScheduler-Workers-0 | INFO  | PersistBlockTask | Imported #2 / 0 tx / 0 om / 0 (0.0%) gas / (0xc6038d02ba8e5ad4cba077838aa28c6a4d84a4bbf7e4f8c2e2692a9a25a93fcf) in 0.005s. Peers: 13
2026-10-07 12:27:26.186+00:00 | EthScheduler-Workers-0 | INFO  | PersistBlockTask | Imported #3 / 0 tx / 0 om / 0 (0.0%) gas / (0xae5e319c57ba09de1e76be0940e5c764dbd328f09c6447c0dfecd82ca48a73a5) in 0.006s. Peers: 14
2026-10-07 12:27:28.155+00:00 | EthScheduler-Workers-0 | INFO  | PersistBlockTask | Imported #4 / 0 tx / 0 om / 0 (0.0%) gas / (0x1f7a5c3e8c2e676ebae0193ed702569cdf4a4f53122feab5a373bfa004b2f35f) in 0.011s. Peers: 14
2026-10-07 12:27:30.201+00:00 | EthScheduler-Workers-0 | INFO  | PersistBlockTask | Imported #5 / 0 tx / 0 om / 0 (0.0%) gas / (0x44ca23d2e52114301ffbfa5c21d4e9269f6acc5d73b11bcb2e11593c71ccd39b) in 0.008s. Peers: 14
2026-10-07 12:27:32.190+00:00 | BftProcessorExecutor-QBFT-0 | INFO  | QbftBesuControllerBuilder | Produced #6 / 0 tx / 1 pending / 0 (0.0%) gas / (0x7b854732a288c377d1822320442674d6852103e56578bec7128e7062360770c3)
2026-10-07 12:27:34.159+00:00 | BftProcessorExecutor-QBFT-0 | INFO  | QbftBesuControllerBuilder | Imported #7 / 0 tx / 1 pending / 0 (0.0%) gas / (0x0f9f1d0b4bb802ea1aa210f761af3deba4ccc4e46823c9100837c4bca7ef0342)
2026-10-07 12:27:36.157+00:00 | BftProcessorExecutor-QBFT-0 | INFO  | QbftBesuControllerBuilder | Imported #8 / 0 tx / 1 pending / 0 (0.0%) gas / (0xcc401d8eaa2f965c463cbb496e50167282c5f0881c196b518543d2dfbf2fa4a6)
2026-10-07 12:27:38.170+00:00 | EthScheduler-Workers-0 | INFO  | PersistBlockTask | Imported #9 / 0 tx / 0 om / 0 (0.0%) gas / (0xdddada8db1f0e3a151561db26dcc9b8b1401f66a1bfa45f27862068306e42a35) in 0.004s. Peers: 14
2026-10-07 12:27:40.220+00:00 | BftProcessorExecutor-QBFT-0 | INFO  | QbftBesuControllerBuilder | Imported #10 / 0 tx / 1 pending / 0 (0.0%) gas / (0x18e76bc5156979c10ee32cdd79cac400f09590e51df82405fef3b810ef011356)
2026-10-07 12:27:40.220+00:00 | EthScheduler-Workers-0 | INFO  | PersistBlockTask | Block 10 (0x18e76bc5156979c10ee32cdd79cac400f09590e51df82405fef3b810ef011356) is already imported
2026-10-07 12:27:42.216+00:00 | EthScheduler-Workers-0 | INFO  | PersistBlockTask | Imported #11 / 0 tx / 0 om / 0 (0.0%) gas / (0x20b488386d59bc325b3bfbea5ca5a55109c7a43abd5cab6d7b28e74f591ece4a) in 0.007s. Peers: 14
2026-10-07 12:27:44.216+00:00 | EthScheduler-Workers-0 | INFO  | PersistBlockTask | Imported #12 / 0 tx / 0 om / 0 (0.0%) gas / (0x3a509a27eed0c1e1860b0770ecf4714a3b6c489ed184dd15deff38edd913e770) in 0.005s. Peers: 14
2026-10-07 12:27:46.198+00:00 | EthScheduler-Workers-0 | INFO  | PersistBlockTask | Imported #13 / 0 tx / 0 om / 0 (0.0%) gas / (0x0a7867f5a5e116b1142d7e5d410878c04ce4311a4b7188859c512a761438aa7c) in 0.008s. Peers: 14
2026-10-07 12:27:48.186+00:00 | EthScheduler-Workers-0 | INFO  | PersistBlockTask | Imported #14 / 0 tx / 0 om / 0 (0.0%) gas / (0xfdca937101cb2861ec6ff000a5058d6b501946753dd00fae7d21d6f82e05cddd) in 0.004s. Peers: 14
2026-10-07 12:27:50.289+00:00 | EthScheduler-Workers-0 | INFO  | PersistBlockTask | Imported #15 / 1 tx / 0 om / 465,218 (0.0%) gas / (0xf59f7852b149335327b2bc233e65f3c8d63504c474e8063eec30fcb377f7ef92) in 0.019s. Peers: 14
2026-10-07 12:27:50.291+00:00 | BftProcessorExecutor-QBFT-0 | INFO  | QbftBesuControllerBuilder | Imported #15 / 1 tx / 0 pending / 465,218 (0.0%) gas / (0xf59f7852b149335327b2bc233e65f3c8d63504c474e8063eec30fcb377f7ef92)
2026-10-07 12:27:52.083+00:00 | BftProcessorExecutor-QBFT-0 | INFO  | QbftBesuControllerBuilder | Imported #16 / 0 tx / 1 pending / 0 (0.0%) gas / (0xfb85a1cebfa2375016567aa7581da9e2660157c9df88049fb790c3c6d7478926)
2026-10-07 12:27:54.092+00:00 | EthScheduler-Workers-0 | INFO  | PersistBlockTask | Imported #17 / 0 tx / 0 om / 0 (0.0%) gas / (0x97495483eee3c9691b98211fd54d71b4978f2a9c8d646b5e69cd1ecb6bbfe475) in 0.003s. Peers: 14
2026-10-07 12:27:56.089+00:00 | EthScheduler-Workers-0 | INFO  | PersistBlockTask | Imported #18 / 0 tx / 0 om / 0 (0.0%) gas / (0xd5877ca54ba3ccf0e7977a32bbf4255a13c48fa0f7480eb198c684fce27b047a) in 0.003s. Peers: 14
2026-10-07 12:27:58.075+00:00 | BftProcessorExecutor-QBFT-0 | INFO  | QbftBesuControllerBuilder | Imported #19 / 0 tx / 1 pending / 0 (0.0%) gas / (0xb8cad9515be771ac50f0ce0db3860ce85424f13afb9618c654db78565b36ce8d)
2026-10-07 12:28:00.100+00:00 | BftProcessorExecutor-QBFT-0 | INFO  | QbftBesuControllerBuilder | Imported #20 / 0 tx / 1 pending / 0 (0.0%) gas / (0x103a89e64acc8cc9a01c1de797426e12fb7d9867b4b05d07b7187fd15a9989ed)
2026-10-07 12:28:02.092+00:00 | BftProcessorExecutor-QBFT-0 | INFO  | QbftBesuControllerBuilder | Produced #21 / 0 tx / 1 pending / 0 (0.0%) gas / (0x5681880490f4892979307618550481271fc56a9d2f2b5775ec13a3bc7d39f931)
2026-10-07 12:28:04.091+00:00 | EthScheduler-Workers-0 | INFO  | PersistBlockTask | Block 22 (0xa771f9e64d368efe3b614ad8efab328f6a07ca0e7f5b2cc0d5d0b3ddc43940c6) is already imported
2026-10-07 12:28:04.091+00:00 | BftProcessorExecutor-QBFT-0 | INFO  | QbftBesuControllerBuilder | Imported #22 / 0 tx / 1 pending / 0 (0.0%) gas / (0xa771f9e64d368efe3b614ad8efab328f6a07ca0e7f5b2cc0d5d0b3ddc43940c6)
2026-10-07 12:28:06.117+00:00 | BftProcessorExecutor-QBFT-0 | INFO  | QbftBesuControllerBuilder | Imported #23 / 0 tx / 1 pending / 0 (0.0%) gas / (0x0ded56fa446c7ca88169a2ca3c546c572897eaf0b9df4e7fd104e38e821896ba)
2026-10-07 12:28:06.119+00:00 | EthScheduler-Workers-0 | INFO  | PersistBlockTask | Block 23 (0x0ded56fa446c7ca88169a2ca3c546c572897eaf0b9df4e7fd104e38e821896ba) is already imported
2026-10-07 12:28:08.107+00:00 | EthScheduler-Workers-0 | INFO  | PersistBlockTask | Block 24 (0xd1b2f1dd1c4af0acdb58ac5e9694a38a9f5e8e5dd4ef6afcb108426515f381b8) is already imported
2026-10-07 12:28:08.108+00:00 | BftProcessorExecutor-QBFT-0 | INFO  | QbftBesuControllerBuilder | Imported #24 / 0 tx / 1 pending / 0 (0.0%) gas / (0xd1b2f1dd1c4af0acdb58ac5e9694a38a9f5e8e5dd4ef6afcb108426515f381b8)
2026-10-07 12:28:10.093+00:00 | BftProcessorExecutor-QBFT-0 | INFO  | QbftBesuControllerBuilder | Imported #25 / 0 tx / 1 pending / 0 (0.0%) gas / (0xa706a746cf6be736dab3d2f3ac38c04093097137d93fb1d221ff6c7140e2d0da)
2026-10-07 12:28:12.098+00:00 | EthScheduler-Workers-0 | INFO  | PersistBlockTask | Block 26 (0x5b5ee4b4cbf7cddde2fb1724e6d8d89edc58368747721f9c37fadb5457459712) is already imported
2026-10-07 12:28:12.099+00:00 | BftProcessorExecutor-QBFT-0 | INFO  | QbftBesuControllerBuilder | Imported #26 / 0 tx / 1 pending / 0 (0.0%) gas / (0x5b5ee4b4cbf7cddde2fb1724e6d8d89edc58368747721f9c37fadb5457459712)
2026-10-07 12:28:14.088+00:00 | BftProcessorExecutor-QBFT-0 | INFO  | QbftBesuControllerBuilder | Imported #27 / 0 tx / 1 pending / 0 (0.0%) gas / (0x6dba7cfc59ff35f51b5bef54c83bb6685f8424b520d7902731ced412bc046720)
2026-10-07 12:28:16.084+00:00 | BftProcessorExecutor-QBFT-0 | INFO  | QbftBesuControllerBuilder | Imported #28 / 0 tx / 1 pending / 0 (0.0%) gas / (0x72d139d95fe6a69566810cbb37adb3220b3314035f9c280fbd9c7c9513e04f84)
2026-10-07 12:28:18.084+00:00 | BftProcessorExecutor-QBFT-0 | INFO  | QbftBesuControllerBuilder | Imported #29 / 0 tx / 1 pending / 0 (0.0%) gas / (0xc07afb7d47efdd51f3385e75b74173ef8ce74022e6f5726a7cc23fead6ee33f9)
2026-10-07 12:28:20.176+00:00 | EthScheduler-Workers-0 | INFO  | PersistBlockTask | Block 30 (0x7fde08f601667294d99296b6c9921743cd4c1a8dbd4d3406de3cdf451858353d) is already imported
2026-10-07 12:28:20.177+00:00 | BftProcessorExecutor-QBFT-0 | INFO  | QbftBesuControllerBuilder | Imported #30 / 1 tx / 0 pending / 1,832,981 (0.0%) gas / (0x7fde08f601667294d99296b6c9921743cd4c1a8dbd4d3406de3cdf451858353d)
2026-10-07 12:28:22.097+00:00 | EthScheduler-Workers-0 | INFO  | PersistBlockTask | Block 31 (0xec3690cefcef6e7a9b4e20083c406ab5c7058e43d6be1ee1f77ce3f9a0a12176) is already imported
2026-10-07 12:28:22.098+00:00 | BftProcessorExecutor-QBFT-0 | INFO  | QbftBesuControllerBuilder | Imported #31 / 0 tx / 0 pending / 0 (0.0%) gas / (0xec3690cefcef6e7a9b4e20083c406ab5c7058e43d6be1ee1f77ce3f9a0a12176)
2026-10-07 12:28:24.097+00:00 | BftProcessorExecutor-QBFT-0 | INFO  | QbftBesuControllerBuilder | Imported #32 / 0 tx / 0 pending / 0 (0.0%) gas / (0x4b5db33efc69df600790f16f15e82adff8295354aa5c746f4fbe6d005955ac8e)
2026-10-07 12:28:26.099+00:00 | BftProcessorExecutor-QBFT-0 | INFO  | QbftBesuControllerBuilder | Imported #33 / 0 tx / 0 pending / 0 (0.0%) gas / (0x2a75feb1086e9f8dd2307bfff9b119214f102b923a29a90c0c5de7b3cc82f020)
2026-10-07 12:28:28.107+00:00 | BftProcessorExecutor-QBFT-0 | INFO  | QbftBesuControllerBuilder | Imported #34 / 0 tx / 0 pending / 0 (0.0%) gas / (0xf69e1c323ea9e2f0a764b060363aa6e46ba30b5555c5792f312ae51610e146e2)
2026-10-07 12:28:30.097+00:00 | BftProcessorExecutor-QBFT-0 | INFO  | QbftBesuControllerBuilder | Imported #35 / 0 tx / 0 pending / 0 (0.0%) gas / (0x45ce1879a15c7c052c994c85b1ed40095c1f6eed2759b9d8240b8bdff41d4cc0)
2026-10-07 12:28:32.116+00:00 | EthScheduler-Workers-0 | INFO  | PersistBlockTask | Block 36 (0xbb6dfe0f035bb93cbb23abb4419d65bd825eaa251553f060a36bdfe30ae81158) is already imported
2026-10-07 12:28:32.116+00:00 | BftProcessorExecutor-QBFT-0 | INFO  | QbftBesuControllerBuilder | Produced #36 / 0 tx / 0 pending / 0 (0.0%) gas / (0xbb6dfe0f035bb93cbb23abb4419d65bd825eaa251553f060a36bdfe30ae81158)
2026-10-07 12:28:34.101+00:00 | BftProcessorExecutor-QBFT-0 | INFO  | QbftBesuControllerBuilder | Imported #37 / 0 tx / 0 pending / 0 (0.0%) gas / (0x4b665d41eb5a0e059bfb15a5c238841c718bbaa808dc53355ab700705c0751c9)
2026-10-07 12:28:36.098+00:00 | EthScheduler-Workers-0 | INFO  | PersistBlockTask | Block 38 (0xbacc67c1a105b7e7b848d61ff73db1762f7a7677124521f7c1cbba60c171e2a2) is already imported
2026-10-07 12:28:36.098+00:00 | BftProcessorExecutor-QBFT-0 | INFO  | QbftBesuControllerBuilder | Imported #38 / 0 tx / 0 pending / 0 (0.0%) gas / (0xbacc67c1a105b7e7b848d61ff73db1762f7a7677124521f7c1cbba60c171e2a2)
2026-10-07 12:28:38.098+00:00 | BftProcessorExecutor-QBFT-0 | INFO  | QbftBesuControllerBuilder | Imported #39 / 0 tx / 0 pending / 0 (0.0%) gas / (0xea2c0e5dba90085eff31056012139de43e231373392e998de919769e7f8676a4)
2026-10-07 12:28:40.108+00:00 | BftProcessorExecutor-QBFT-0 | INFO  | QbftBesuControllerBuilder | Imported #40 / 0 tx / 0 pending / 0 (0.0%) gas / (0x8d80f73f6da2d7ee43d763cb4698587ca67140759825431d435d3d700c43d258)
2026-10-07 12:28:42.103+00:00 | BftProcessorExecutor-QBFT-0 | INFO  | QbftBesuControllerBuilder | Imported #41 / 0 tx / 0 pending / 0 (0.0%) gas / (0x69455b4df754628d05f954b09fcb121e78a74772ea6dcb60861568d00f971560)
2026-10-07 12:28:44.104+00:00 | EthScheduler-Workers-0 | INFO  | PersistBlockTask | Imported #42 / 0 tx / 0 om / 0 (0.0%) gas / (0xc277eb9a0a019b61a113aaeb2837d642ccbb13dba3a1ed3793483a55463ca95f) in 0.005s. Peers: 14
2026-10-07 12:28:44.106+00:00 | BftProcessorExecutor-QBFT-0 | INFO  | QbftBesuControllerBuilder | Imported #42 / 0 tx / 0 pending / 0 (0.0%) gas / (0xc277eb9a0a019b61a113aaeb2837d642ccbb13dba3a1ed3793483a55463ca95f)
2026-10-07 12:28:46.103+00:00 | BftProcessorExecutor-QBFT-0 | INFO  | QbftBesuControllerBuilder | Imported #43 / 0 tx / 0 pending / 0 (0.0%) gas / (0x6912307458595d33b488ca20132ca3cd7a5970e6f67a9cb8ab4861de82a7be12)
2026-10-07 12:28:48.088+00:00 | EthScheduler-Workers-0 | INFO  | PersistBlockTask | Imported #44 / 0 tx / 0 om / 0 (0.0%) gas / (0x180fe436d4e34bf307ce9c951435edd85c94ae04bc18ea3c61c679140281271a) in 0.005s. Peers: 14
2026-10-07 12:28:50.101+00:00 | EthScheduler-Workers-0 | INFO  | PersistBlockTask | Block 45 (0xa72fc0b2abae4bae0abb5a229cb913e565fc9c82e7511236bf366b4b42b3d402) is already imported
2026-10-07 12:28:50.102+00:00 | BftProcessorExecutor-QBFT-0 | INFO  | QbftBesuControllerBuilder | Imported #45 / 0 tx / 0 pending / 0 (0.0%) gas / (0xa72fc0b2abae4bae0abb5a229cb913e565fc9c82e7511236bf366b4b42b3d402)
2026-10-07 12:28:52.096+00:00 | BftProcessorExecutor-QBFT-0 | INFO  | QbftBesuControllerBuilder | Imported #46 / 0 tx / 0 pending / 0 (0.0%) gas / (0xaac0e9ce68f9bafd7cfe633feb2273681f73cdac03b7d347839d4ba20511276a)
2026-10-07 12:28:54.108+00:00 | EthScheduler-Workers-0 | INFO  | PersistBlockTask | Block 47 (0x1626e06d9d7efce110fcd5d580833458b261ed30f01d7df534b9f1231681d77a) is already imported
2026-10-07 12:28:54.109+00:00 | BftProcessorExecutor-QBFT-0 | INFO  | QbftBesuControllerBuilder | Imported #47 / 0 tx / 0 pending / 0 (0.0%) gas / (0x1626e06d9d7efce110fcd5d580833458b261ed30f01d7df534b9f1231681d77a)
2026-10-07 12:28:56.082+00:00 | BftProcessorExecutor-QBFT-0 | INFO  | QbftBesuControllerBuilder | Imported #48 / 0 tx / 0 pending / 0 (0.0%) gas / (0xf5042de629e578467cea9601e411a9d6e7c68f95deffe736e80cf78ef161f52c)
2026-10-07 12:28:58.088+00:00 | BftProcessorExecutor-QBFT-0 | INFO  | QbftBesuControllerBuilder | Imported #49 / 0 tx / 0 pending / 0 (0.0%) gas / (0xc6696a96c538ca0183b33b8f743e25828984b2d06c130522ba4ce6aaf9f3df3e)
2026-10-07 12:29:00.101+00:00 | BftProcessorExecutor-QBFT-0 | INFO  | QbftBesuControllerBuilder | Imported #50 / 0 tx / 0 pending / 0 (0.0%) gas / (0x035e3a2df7411f38053f77f8d7052a1164bc62ed5074d2fd028eb3b8f908fc97)
2026-10-07 12:29:00.101+00:00 | EthScheduler-Workers-0 | INFO  | PersistBlockTask | Block 50 (0x035e3a2df7411f38053f77f8d7052a1164bc62ed5074d2fd028eb3b8f908fc97) is already imported
2026-10-07 12:29:02.112+00:00 | EthScheduler-Workers-0 | INFO  | PersistBlockTask | Block 51 (0x0c84f73f5a1347d6c5cede21bef7a9cfcdf8d33819b7c2d15f88d0a39c8ad562) is already imported
2026-10-07 12:29:02.113+00:00 | BftProcessorExecutor-QBFT-0 | INFO  | QbftBesuControllerBuilder | Produced #51 / 0 tx / 0 pending / 0 (0.0%) gas / (0x0c84f73f5a1347d6c5cede21bef7a9cfcdf8d33819b7c2d15f88d0a39c8ad562)
2026-10-07 12:29:04.604+00:00 | BftProcessorExecutor-QBFT-0 | INFO  | QbftBesuControllerBuilder | Imported #52 / 18 tx / 453 pending / 4,355,460 (0.0%) gas / (0x295146904143725362fafeff1af8375b6966c1f4fb7e5f8812e0d9bd26856633)
2026-10-07 12:29:07.609+00:00 | EthScheduler-Workers-0 | INFO  | PersistBlockTask | Block 53 (0x0b7dad2fa8243dcf26759178369dac2a81b217080197923c9ab05d3a6f20e5eb) is already imported
2026-10-07 12:29:07.619+00:00 | BftProcessorExecutor-QBFT-0 | INFO  | QbftBesuControllerBuilder | Imported #53 / 63 tx / 1394 pending / 15,244,110 (0.0%) gas / (0x0b7dad2fa8243dcf26759178369dac2a81b217080197923c9ab05d3a6f20e5eb)
2026-10-07 12:29:09.934+00:00 | EthScheduler-Workers-0 | INFO  | PersistBlockTask | Block 54 (0xc667fadf02f32a5e973d0354aba3f48a357d935534c3bc35a72f575cade6ea56) is already imported
2026-10-07 12:29:09.939+00:00 | BftProcessorExecutor-QBFT-0 | INFO  | QbftBesuControllerBuilder | Imported #54 / 113 tx / 2249 pending / 27,342,610 (0.0%) gas / (0xc667fadf02f32a5e973d0354aba3f48a357d935534c3bc35a72f575cade6ea56)
2026-10-07 12:29:12.626+00:00 | EthScheduler-Workers-0 | INFO  | PersistBlockTask | Block 55 (0x84e83278c309459ecfdafb5f0d00ed77b23eed06b51d923c813ebb22c65b8b2a) is already imported
2026-10-07 12:29:12.635+00:00 | BftProcessorExecutor-QBFT-0 | INFO  | QbftBesuControllerBuilder | Imported #55 / 166 tx / 3203 pending / 40,167,020 (0.0%) gas / (0x84e83278c309459ecfdafb5f0d00ed77b23eed06b51d923c813ebb22c65b8b2a)
2026-10-07 12:29:16.082+00:00 | BftProcessorExecutor-QBFT-0 | INFO  | QbftBesuControllerBuilder | Imported #56 / 236 tx / 3500 pending / 57,104,920 (0.0%) gas / (0x5abd904a7b8ef87064b25575337ad061c68018af75131fd6e99c95ff0616531e)
2026-10-07 12:29:19.869+00:00 | BftProcessorExecutor-QBFT-0 | INFO  | QbftBesuControllerBuilder | Imported #57 / 272 tx / 3228 pending / 65,815,840 (0.0%) gas / (0xeca52d7091f4bf91855a71967aa1728dab3effcb979169cc21697f005e9e13d2)
2026-10-07 12:29:23.672+00:00 | BftProcessorExecutor-QBFT-0 | INFO  | QbftBesuControllerBuilder | Imported #58 / 272 tx / 2956 pending / 65,815,840 (0.0%) gas / (0xaff8c8a09976d1d9ded0fd47987ff8a8b527a9f972b257a23399a9a0cefd1302)
2026-10-07 12:29:27.520+00:00 | BftProcessorExecutor-QBFT-0 | INFO  | QbftBesuControllerBuilder | Imported #59 / 272 tx / 2684 pending / 65,815,840 (0.0%) gas / (0xa8e7634309a8b6a8eced7878800f37ee8a68d8c0a8d0fc4b3701575ba68c807f)
2026-10-07 12:29:31.398+00:00 | BftProcessorExecutor-QBFT-0 | INFO  | QbftBesuControllerBuilder | Imported #60 / 275 tx / 2409 pending / 66,541,750 (0.0%) gas / (0xefa8a1277221a634f0b76b832cb5ced01fd4e70c347d46d313c4f8bcc528664f)
2026-10-07 12:29:35.251+00:00 | BftProcessorExecutor-QBFT-0 | INFO  | QbftBesuControllerBuilder | Imported #61 / 275 tx / 2134 pending / 66,541,750 (0.0%) gas / (0xcc2b0d1c9642384d1aa46cfce53e041c1297a4a18122f33a50b3aa1f6b303a83)
2026-10-07 12:29:39.100+00:00 | BftProcessorExecutor-QBFT-0 | INFO  | QbftBesuControllerBuilder | Imported #62 / 275 tx / 1859 pending / 66,541,750 (0.0%) gas / (0xd3194e57e0d8a02cebb7e0cbe799dcb832012d2c244d1e7e4c594885bf4e8594)
2026-10-07 12:29:43.021+00:00 | BftProcessorExecutor-QBFT-0 | INFO  | QbftBesuControllerBuilder | Imported #63 / 275 tx / 1584 pending / 66,541,750 (0.0%) gas / (0xdec1370dd2f7e886eeaf3631db05c5821f4fd1d3ab51898aa5d42808406d42ab)
2026-10-07 12:29:46.868+00:00 | BftProcessorExecutor-QBFT-0 | INFO  | QbftBesuControllerBuilder | Imported #64 / 275 tx / 1309 pending / 66,541,750 (0.0%) gas / (0xfc6b678b52a5e759dde7866a0df8287c62ea7f9ca6499a2be600cdfc4a8923bc)
2026-10-07 12:29:50.739+00:00 | BftProcessorExecutor-QBFT-0 | INFO  | QbftBesuControllerBuilder | Imported #65 / 273 tx / 1036 pending / 66,057,810 (0.0%) gas / (0x65c3fb2a1644cc0d2b231590162a12a6760eba692d04c855d2bab2e7cbd085e0)
2026-10-07 12:29:54.523+00:00 | EthScheduler-Workers-0 | INFO  | PersistBlockTask | Block 66 (0x7dc52b1e65323e7fae7c2d1d31a629144e31adb7134dcd203830b4a6022e1bb9) is already imported
2026-10-07 12:29:54.524+00:00 | BftProcessorExecutor-QBFT-0 | INFO  | QbftBesuControllerBuilder | Produced #66 / 272 tx / 764 pending / 65,815,840 (0.0%) gas / (0x7dc52b1e65323e7fae7c2d1d31a629144e31adb7134dcd203830b4a6022e1bb9)
2026-10-07 12:29:57.985+00:00 | BftProcessorExecutor-QBFT-0 | INFO  | QbftBesuControllerBuilder | Imported #67 / 254 tx / 510 pending / 61,460,380 (0.0%) gas / (0x907aff835c706962d004edf4b06512ac62a0e1fc8523031f750bcf9bef756033)
2026-10-07 12:30:00.891+00:00 | BftProcessorExecutor-QBFT-0 | INFO  | QbftBesuControllerBuilder | Imported #68 / 209 tx / 301 pending / 50,571,730 (0.0%) gas / (0x5941699268fe00f953021c8b91b1a36cde45a1649ca3ac22f13f3ed6702e9023)
2026-10-07 12:30:03.114+00:00 | BftProcessorExecutor-QBFT-0 | INFO  | QbftBesuControllerBuilder | Imported #69 / 159 tx / 142 pending / 38,473,230 (0.0%) gas / (0xbf5df3932eda47da5e960730de832c933dc13abc75989a87cc8fb6f4193c6dce)
2026-10-07 12:30:04.808+00:00 | EthScheduler-Workers-0 | INFO  | PersistBlockTask | Block 70 (0xb66a41e11b98dc50560a73241b593d5bfef9ba82cf189daa3ebf825276ed7e3c) is already imported
2026-10-07 12:30:04.808+00:00 | BftProcessorExecutor-QBFT-0 | INFO  | QbftBesuControllerBuilder | Imported #70 / 106 tx / 36 pending / 25,648,820 (0.0%) gas / (0xb66a41e11b98dc50560a73241b593d5bfef9ba82cf189daa3ebf825276ed7e3c)
2026-10-07 12:30:05.565+00:00 | BftProcessorExecutor-QBFT-0 | INFO  | QbftBesuControllerBuilder | Imported #71 / 36 tx / 0 pending / 8,710,920 (0.0%) gas / (0x349be87b01cb69e8f73eb45043d80757b58bce60d2d4c5d364bcbf8d19bf8eab)
2026-10-07 12:30:07.060+00:00 | BftProcessorExecutor-QBFT-0 | INFO  | QbftBesuControllerBuilder | Imported #72 / 0 tx / 0 pending / 0 (0.0%) gas / (0xc2efd7ef20c0e9e8a40eb9f2ac314f42e8e0442d0bc896d2d1645bddff504c6d)
2026-10-07 12:30:09.088+00:00 | BftProcessorExecutor-QBFT-0 | INFO  | QbftBesuControllerBuilder | Imported #73 / 0 tx / 0 pending / 0 (0.0%) gas / (0x5ccc3df6964774f788591b2e873b9b3db3d008b99553dda0f036ec373a14aeb0)
2026-10-07 12:30:11.106+00:00 | EthScheduler-Workers-0 | INFO  | PersistBlockTask | Block 74 (0xbbd223702c663bee1b16751828070e8a533a46e305385772ab941485f8046ca5) is already imported
2026-10-07 12:30:11.107+00:00 | BftProcessorExecutor-QBFT-0 | INFO  | QbftBesuControllerBuilder | Imported #74 / 0 tx / 0 pending / 0 (0.0%) gas / (0xbbd223702c663bee1b16751828070e8a533a46e305385772ab941485f8046ca5)
2026-10-07 12:30:13.086+00:00 | BftProcessorExecutor-QBFT-0 | INFO  | QbftBesuControllerBuilder | Imported #75 / 0 tx / 0 pending / 0 (0.0%) gas / (0x1359e84fb2949ac30cda3f05e8fa1caf0b6900e4d731349fd3836777a9c9b5ff)
2026-10-07 12:30:15.087+00:00 | BftProcessorExecutor-QBFT-0 | INFO  | QbftBesuControllerBuilder | Imported #76 / 0 tx / 0 pending / 0 (0.0%) gas / (0xf6f121239d8dd85fc2cec08f4656ae31ef86754abbbff4c6337403958d1a040c)
2026-10-07 12:30:15.089+00:00 | EthScheduler-Workers-0 | INFO  | PersistBlockTask | Block 76 (0xf6f121239d8dd85fc2cec08f4656ae31ef86754abbbff4c6337403958d1a040c) is already imported
2026-10-07 12:30:17.094+00:00 | EthScheduler-Workers-0 | INFO  | PersistBlockTask | Imported #77 / 0 tx / 0 om / 0 (0.0%) gas / (0xc966dd0f84e7416c3a531413c4347e00ebf8208f4ab0710c046a679dee289ddf) in 0.003s. Peers: 14
2026-10-07 12:30:17.096+00:00 | BftProcessorExecutor-QBFT-0 | INFO  | QbftBesuControllerBuilder | Imported #77 / 0 tx / 0 pending / 0 (0.0%) gas / (0xc966dd0f84e7416c3a531413c4347e00ebf8208f4ab0710c046a679dee289ddf)
2026-10-07 12:30:19.091+00:00 | BftProcessorExecutor-QBFT-0 | INFO  | QbftBesuControllerBuilder | Imported #78 / 0 tx / 0 pending / 0 (0.0%) gas / (0x8828ab7dccad2c6ed91936986399ee835bd98b22f197046f9853da2e9f4c38da)
2026-10-07 12:30:21.099+00:00 | BftProcessorExecutor-QBFT-0 | INFO  | QbftBesuControllerBuilder | Imported #79 / 0 tx / 0 pending / 0 (0.0%) gas / (0xb39f1d61dfba1a8f14a9d4a29c0198802e35170a2d58b6274fc8cfc5922646d0)
2026-10-07 12:30:21.100+00:00 | EthScheduler-Workers-0 | INFO  | PersistBlockTask | Block 79 (0xb39f1d61dfba1a8f14a9d4a29c0198802e35170a2d58b6274fc8cfc5922646d0) is already imported
2026-10-07 12:30:23.097+00:00 | BftProcessorExecutor-QBFT-0 | INFO  | QbftBesuControllerBuilder | Imported #80 / 0 tx / 0 pending / 0 (0.0%) gas / (0x6d85cf040dd1205ffcce377f67ac56577c460aaa81796e12c0c86cb04f6351ec)
2026-10-07 12:30:25.096+00:00 | EthScheduler-Workers-0 | INFO  | PersistBlockTask | Block 81 (0x5eb74ae0d4fa4bfff8d5830cc25413e7fe76c292db8732184f4b9327623b1eeb) is already imported
2026-10-07 12:30:25.096+00:00 | BftProcessorExecutor-QBFT-0 | INFO  | QbftBesuControllerBuilder | Produced #81 / 0 tx / 0 pending / 0 (0.0%) gas / (0x5eb74ae0d4fa4bfff8d5830cc25413e7fe76c292db8732184f4b9327623b1eeb)
2026-10-07 12:30:27.101+00:00 | BftProcessorExecutor-QBFT-0 | INFO  | QbftBesuControllerBuilder | Imported #82 / 0 tx / 0 pending / 0 (0.0%) gas / (0x9d50dfedf2d43ede9a350dcf0fe960e410309201dada06c2cdea1b373a639885)
2026-10-07 12:30:29.101+00:00 | EthScheduler-Workers-0 | INFO  | PersistBlockTask | Block 83 (0xada26ebe6da88fb7b37400772f37cbc5f4309bb83872f1f2bf55b5bdd74d9550) is already imported
2026-10-07 12:30:29.103+00:00 | BftProcessorExecutor-QBFT-0 | INFO  | QbftBesuControllerBuilder | Imported #83 / 0 tx / 0 pending / 0 (0.0%) gas / (0xada26ebe6da88fb7b37400772f37cbc5f4309bb83872f1f2bf55b5bdd74d9550)
2026-10-07 12:30:31.099+00:00 | BftProcessorExecutor-QBFT-0 | INFO  | QbftBesuControllerBuilder | Imported #84 / 0 tx / 0 pending / 0 (0.0%) gas / (0xda0eda156429f5829a0d5cd245c91e7d537d3f53edb93c5f83e213b6e16f689f)
2026-10-07 12:30:33.096+00:00 | BftProcessorExecutor-QBFT-0 | INFO  | QbftBesuControllerBuilder | Imported #85 / 0 tx / 0 pending / 0 (0.0%) gas / (0x588e6488428caed67047681437ea6bf09b2174a6b3d7d40d5a0439927abd6328)
2026-10-07 12:30:35.108+00:00 | EthScheduler-Workers-0 | INFO  | PersistBlockTask | Block 86 (0xa8265c9e6c057d3e22160ba43db9b90493b39159d10d715bf53b6eee00b2d1ae) is already imported
2026-10-07 12:30:35.109+00:00 | BftProcessorExecutor-QBFT-0 | INFO  | QbftBesuControllerBuilder | Imported #86 / 0 tx / 0 pending / 0 (0.0%) gas / (0xa8265c9e6c057d3e22160ba43db9b90493b39159d10d715bf53b6eee00b2d1ae)
2026-10-07 12:30:37.094+00:00 | EthScheduler-Workers-0 | INFO  | PersistBlockTask | Imported #87 / 0 tx / 0 om / 0 (0.0%) gas / (0xcc2ad4cf714107ec14d2c3cfa4854bd6ee471ffb1d54c4fbc190053a5b00d703) in 0.003s. Peers: 14
2026-10-07 12:30:37.095+00:00 | BftProcessorExecutor-QBFT-0 | INFO  | QbftBesuControllerBuilder | Imported #87 / 0 tx / 0 pending / 0 (0.0%) gas / (0xcc2ad4cf714107ec14d2c3cfa4854bd6ee471ffb1d54c4fbc190053a5b00d703)
2026-10-07 12:30:39.097+00:00 | EthScheduler-Workers-0 | INFO  | PersistBlockTask | Block 88 (0x60e8e950dca94bcf4ea7b666d33cf5faf236fa15284587e5dce42e1b52d4320f) is already imported
2026-10-07 12:30:39.099+00:00 | BftProcessorExecutor-QBFT-0 | INFO  | QbftBesuControllerBuilder | Imported #88 / 0 tx / 0 pending / 0 (0.0%) gas / (0x60e8e950dca94bcf4ea7b666d33cf5faf236fa15284587e5dce42e1b52d4320f)
2026-10-07 12:30:41.094+00:00 | EthScheduler-Workers-0 | INFO  | PersistBlockTask | Block 89 (0x003099640a3c203b1b0f278bd15c2309c4f74e61fe572b854c8be3c5b8ff07b3) is already imported
2026-10-07 12:30:41.095+00:00 | BftProcessorExecutor-QBFT-0 | INFO  | QbftBesuControllerBuilder | Imported #89 / 0 tx / 0 pending / 0 (0.0%) gas / (0x003099640a3c203b1b0f278bd15c2309c4f74e61fe572b854c8be3c5b8ff07b3)
2026-10-07 12:30:43.075+00:00 | BftProcessorExecutor-QBFT-0 | INFO  | QbftBesuControllerBuilder | Imported #90 / 0 tx / 0 pending / 0 (0.0%) gas / (0x5ff74f3a8ec4cb15788ddcd366f3c836303317a86ed0fe84e10bf91a35b65f1f)
2026-10-07 12:30:45.099+00:00 | EthScheduler-Workers-0 | INFO  | PersistBlockTask | Block 91 (0xd841e5f8bd2ea03c8b6d670ae22cb89559723e2cd32ddeb6d65e70fa4f415ba7) is already imported
2026-10-07 12:30:45.100+00:00 | BftProcessorExecutor-QBFT-0 | INFO  | QbftBesuControllerBuilder | Imported #91 / 0 tx / 0 pending / 0 (0.0%) gas / (0xd841e5f8bd2ea03c8b6d670ae22cb89559723e2cd32ddeb6d65e70fa4f415ba7)
2026-10-07 12:30:47.097+00:00 | EthScheduler-Workers-0 | INFO  | PersistBlockTask | Block 92 (0x95bbcb48b9a329759017d412276e30784ea097754e486d72208d5b468de1ea1a) is already imported
2026-10-07 12:30:47.097+00:00 | BftProcessorExecutor-QBFT-0 | INFO  | QbftBesuControllerBuilder | Imported #92 / 0 tx / 0 pending / 0 (0.0%) gas / (0x95bbcb48b9a329759017d412276e30784ea097754e486d72208d5b468de1ea1a)
2026-10-07 12:30:49.090+00:00 | BftProcessorExecutor-QBFT-0 | INFO  | QbftBesuControllerBuilder | Imported #93 / 0 tx / 0 pending / 0 (0.0%) gas / (0xfea3573b12a55059d9f63a7a628106da66747e443efc137cfa436d5f578da10a)
2026-10-07 12:30:49.091+00:00 | EthScheduler-Workers-0 | INFO  | PersistBlockTask | Block 93 (0xfea3573b12a55059d9f63a7a628106da66747e443efc137cfa436d5f578da10a) is already imported
2026-10-07 12:30:51.098+00:00 | BftProcessorExecutor-QBFT-0 | INFO  | QbftBesuControllerBuilder | Imported #94 / 0 tx / 0 pending / 0 (0.0%) gas / (0x43b0b10e8491eb47af8bcc1df41d0e1612d1086002a3e5a7f051b12e894193e1)
2026-10-07 12:30:51.098+00:00 | EthScheduler-Workers-0 | INFO  | PersistBlockTask | Block 94 (0x43b0b10e8491eb47af8bcc1df41d0e1612d1086002a3e5a7f051b12e894193e1) is already imported
2026-10-07 12:30:53.081+00:00 | BftProcessorExecutor-QBFT-0 | INFO  | QbftBesuControllerBuilder | Imported #95 / 0 tx / 0 pending / 0 (0.0%) gas / (0x847dcc1efc5bd839367756985f4e261a4514328bd7abab11c26d5aa4d046c1c0)
2026-10-07 12:30:55.098+00:00 | BftProcessorExecutor-QBFT-0 | INFO  | QbftBesuControllerBuilder | Produced #96 / 0 tx / 0 pending / 0 (0.0%) gas / (0x3bd70e9ce3cd50ac88e63712a360bcaff3f1737fd342b17e71dcf63fb1ab18f8)
2026-10-07 12:30:57.090+00:00 | BftProcessorExecutor-QBFT-0 | INFO  | QbftBesuControllerBuilder | Imported #97 / 0 tx / 0 pending / 0 (0.0%) gas / (0xfb3d71124fbf2457d65d44b9a2cd4b900a070cc84c853ac9ca7a37a6fb435db1)
2026-10-07 12:30:59.101+00:00 | EthScheduler-Workers-0 | INFO  | PersistBlockTask | Block 98 (0xdf7aa68ce06a7ad9d7a3864d403b8fade12b366dd77f05292db7a6cf46f015bd) is already imported
2026-10-07 12:30:59.103+00:00 | BftProcessorExecutor-QBFT-0 | INFO  | QbftBesuControllerBuilder | Imported #98 / 0 tx / 0 pending / 0 (0.0%) gas / (0xdf7aa68ce06a7ad9d7a3864d403b8fade12b366dd77f05292db7a6cf46f015bd)
2026-10-07 12:31:01.104+00:00 | BftProcessorExecutor-QBFT-0 | INFO  | QbftBesuControllerBuilder | Imported #99 / 0 tx / 0 pending / 0 (0.0%) gas / (0x9b443a73ece73ac4451ae9967ea158a0bc28414e600ce09b9eef3ee147ffad4b)
2026-10-07 12:31:03.099+00:00 | BftProcessorExecutor-QBFT-0 | INFO  | QbftBesuControllerBuilder | Imported #100 / 0 tx / 0 pending / 0 (0.0%) gas / (0xe9188d2190aef7c5fef5c8cda125cb93a202a4ae0dda8aca534dc880e5ddaa39)
2026-10-07 12:31:05.102+00:00 | BftProcessorExecutor-QBFT-0 | INFO  | QbftBesuControllerBuilder | Imported #101 / 0 tx / 0 pending / 0 (0.0%) gas / (0x22923882f41c5fe51284750f720282c2a767fa8bc8be0f5c2738397cfd0dc9dd)
2026-10-07 12:31:05.102+00:00 | EthScheduler-Workers-0 | INFO  | PersistBlockTask | Block 101 (0x22923882f41c5fe51284750f720282c2a767fa8bc8be0f5c2738397cfd0dc9dd) is already imported
2026-10-07 12:31:07.080+00:00 | EthScheduler-Workers-0 | INFO  | PersistBlockTask | Imported #102 / 0 tx / 0 om / 0 (0.0%) gas / (0x3ee1d04252e2eb3a221cceefb6358dce62e2a64604e40b7d6c8075352f0c0d87) in 0.001s. Peers: 14
2026-10-07 12:31:09.097+00:00 | BftProcessorExecutor-QBFT-0 | INFO  | QbftBesuControllerBuilder | Imported #103 / 0 tx / 0 pending / 0 (0.0%) gas / (0x5a40c8ef5a8c34961fd5c5c8dec2e0a10b9de8ed314a3fa273ef7075f7d3df72)
2026-10-07 12:31:09.098+00:00 | EthScheduler-Workers-0 | INFO  | PersistBlockTask | Block 103 (0x5a40c8ef5a8c34961fd5c5c8dec2e0a10b9de8ed314a3fa273ef7075f7d3df72) is already imported
2026-10-07 12:31:11.088+00:00 | BftProcessorExecutor-QBFT-0 | INFO  | QbftBesuControllerBuilder | Imported #104 / 0 tx / 0 pending / 0 (0.0%) gas / (0xd0c87b4da8296562cff1e37f93dd3ec2305c520456b13c1adbf30e3f8d5d9831)
2026-10-07 12:31:13.086+00:00 | BftProcessorExecutor-QBFT-0 | INFO  | QbftBesuControllerBuilder | Imported #105 / 0 tx / 0 pending / 0 (0.0%) gas / (0x5fa4394a51574e1a6a2fda16dd21ab95ff323266be96b2556197aba2d53b0e35)
2026-10-07 12:31:15.092+00:00 | BftProcessorExecutor-QBFT-0 | INFO  | QbftBesuControllerBuilder | Imported #106 / 0 tx / 0 pending / 0 (0.0%) gas / (0x672419175251efe2f233699bb141b220dba11d90361d1dcea7c948ab8312fa86)
2026-10-07 12:31:17.106+00:00 | EthScheduler-Workers-0 | INFO  | PersistBlockTask | Imported #107 / 0 tx / 0 om / 0 (0.0%) gas / (0x1ae24c7115b9e3c955334dddf77d8b2770dbef54def539409984b370031c5ef8) in 0.003s. Peers: 14
2026-10-07 12:31:19.099+00:00 | BftProcessorExecutor-QBFT-0 | INFO  | QbftBesuControllerBuilder | Imported #108 / 0 tx / 0 pending / 0 (0.0%) gas / (0xfe859c357aa43c9b1ca7f25a43c5e88ebb92ce65b141b6a8046e93e5d9ccc821)
2026-10-07 12:31:19.100+00:00 | EthScheduler-Workers-0 | INFO  | PersistBlockTask | Block 108 (0xfe859c357aa43c9b1ca7f25a43c5e88ebb92ce65b141b6a8046e93e5d9ccc821) is already imported
2026-10-07 12:31:21.088+00:00 | BftProcessorExecutor-QBFT-0 | INFO  | QbftBesuControllerBuilder | Imported #109 / 0 tx / 0 pending / 0 (0.0%) gas / (0x911844caa9d95ed664ac4542bf48c0cbdbb2727335da87319154abc0a0ea80d3)
2026-10-07 12:31:23.107+00:00 | EthScheduler-Workers-0 | INFO  | PersistBlockTask | Block 110 (0x979e9236b3ce11fe752f38e40151bb4cabf9b1a169e648b790b014a9d4156dae) is already imported
2026-10-07 12:31:23.107+00:00 | BftProcessorExecutor-QBFT-0 | INFO  | QbftBesuControllerBuilder | Imported #110 / 0 tx / 0 pending / 0 (0.0%) gas / (0x979e9236b3ce11fe752f38e40151bb4cabf9b1a169e648b790b014a9d4156dae)
2026-10-07 12:31:25.102+00:00 | EthScheduler-Workers-0 | INFO  | PersistBlockTask | Block 111 (0x9a114e7cc4c862b77f59ee3c7cf3c4b31c832d93693d8a8b0a7c7f1da27053bb) is already imported
2026-10-07 12:31:25.102+00:00 | BftProcessorExecutor-QBFT-0 | INFO  | QbftBesuControllerBuilder | Produced #111 / 0 tx / 0 pending / 0 (0.0%) gas / (0x9a114e7cc4c862b77f59ee3c7cf3c4b31c832d93693d8a8b0a7c7f1da27053bb)
2026-10-07 12:31:27.075+00:00 | EthScheduler-Workers-0 | INFO  | PersistBlockTask | Imported #112 / 0 tx / 0 om / 0 (0.0%) gas / (0x22a4ed8b98cb905ef3f64e2e4923ededdc14dadf9da48d4aa67d510bd4c78ea7) in 0.003s. Peers: 14
2026-10-07 12:31:29.095+00:00 | BftProcessorExecutor-QBFT-0 | INFO  | QbftBesuControllerBuilder | Imported #113 / 0 tx / 8 pending / 0 (0.0%) gas / (0x77f96578c121c4f68d4090a826540036e38afb0f7ae86d030e1f32f06fb99146)
2026-10-07 12:31:31.089+00:00 | BftProcessorExecutor-QBFT-0 | INFO  | QbftBesuControllerBuilder | Imported #114 / 0 tx / 8 pending / 0 (0.0%) gas / (0xb3e0eefeb2752d126f9b8989a30a0d5cfed4ffa304fd37c9ff099a16cad667df)
2026-10-07 12:31:33.105+00:00 | EthScheduler-Workers-0 | INFO  | PersistBlockTask | Block 115 (0x2cd8218b7a0690755d140b8031e02c0609d12ba43f3a7ff477c9018af71a3028) is already imported
2026-10-07 12:31:33.106+00:00 | BftProcessorExecutor-QBFT-0 | INFO  | QbftBesuControllerBuilder | Imported #115 / 0 tx / 8 pending / 0 (0.0%) gas / (0x2cd8218b7a0690755d140b8031e02c0609d12ba43f3a7ff477c9018af71a3028)
2026-10-07 12:31:35.093+00:00 | BftProcessorExecutor-QBFT-0 | INFO  | QbftBesuControllerBuilder | Imported #116 / 0 tx / 8 pending / 0 (0.0%) gas / (0xefe83f93b89d40672e712c28aa09ca235ac81dec8156eb67319c19c16a59985f)
2026-10-07 12:31:37.096+00:00 | BftProcessorExecutor-QBFT-0 | INFO  | QbftBesuControllerBuilder | Imported #117 / 0 tx / 8 pending / 0 (0.0%) gas / (0x6b0762fca4ae0ad234738dbc41b2fbb551a7bfc357acd96a0effc4bc2c55d69c)
2026-10-07 12:31:39.083+00:00 | BftProcessorExecutor-QBFT-0 | INFO  | QbftBesuControllerBuilder | Imported #118 / 0 tx / 8 pending / 0 (0.0%) gas / (0xae7886a12f4387f241dad2ff754f86da9f21fab24043efd9b6f472bd68db1efd)
2026-10-07 12:31:41.093+00:00 | EthScheduler-Workers-0 | INFO  | PersistBlockTask | Block 119 (0xbad25e9eed31a01268d9c0131cdbce2d15624f3ddaa545c6bcebe143d7fa97e9) is already imported
2026-10-07 12:31:41.094+00:00 | BftProcessorExecutor-QBFT-0 | INFO  | QbftBesuControllerBuilder | Imported #119 / 0 tx / 8 pending / 0 (0.0%) gas / (0xbad25e9eed31a01268d9c0131cdbce2d15624f3ddaa545c6bcebe143d7fa97e9)
2026-10-07 12:31:43.162+00:00 | BftProcessorExecutor-QBFT-0 | INFO  | QbftBesuControllerBuilder | Imported #120 / 1 tx / 7 pending / 153,618 (0.0%) gas / (0x3a79db905fe8338b3b7b2749f9021ef4feb2d84c896c6eda765b171bfdbedc16)
2026-10-07 12:31:43.162+00:00 | EthScheduler-Workers-0 | INFO  | PersistBlockTask | Imported #120 / 1 tx / 0 om / 153,618 (0.0%) gas / (0x3a79db905fe8338b3b7b2749f9021ef4feb2d84c896c6eda765b171bfdbedc16) in 0.018s. Peers: 14
2026-10-07 12:31:45.086+00:00 | BftProcessorExecutor-QBFT-0 | INFO  | QbftBesuControllerBuilder | Imported #121 / 1 tx / 6 pending / 153,650 (0.0%) gas / (0xc6880e477bc4015b44442fcb73d3ac99a6e5a762521b3e3478f91075977e302c)
2026-10-07 12:31:47.087+00:00 | BftProcessorExecutor-QBFT-0 | INFO  | QbftBesuControllerBuilder | Imported #122 / 1 tx / 5 pending / 153,630 (0.0%) gas / (0xbced99be8fc1b307ffc66697599aa68a8df706de167b9395cf51fb5fb156bc7d)
2026-10-07 12:31:49.098+00:00 | BftProcessorExecutor-QBFT-0 | INFO  | QbftBesuControllerBuilder | Imported #123 / 1 tx / 4 pending / 153,630 (0.0%) gas / (0x7d079f6bbe37650356e528c7232ca7c19ccf7440e4fe0156afe19986171beccc)
2026-10-07 12:31:51.102+00:00 | EthScheduler-Workers-0 | INFO  | PersistBlockTask | Imported #124 / 1 tx / 0 om / 153,638 (0.0%) gas / (0x0fd057f74572b0ff4da3b7afb84393a5584abfb1af3f25346d9109d4aeab68fc) in 0.004s. Peers: 14
2026-10-07 12:31:51.102+00:00 | BftProcessorExecutor-QBFT-0 | INFO  | QbftBesuControllerBuilder | Imported #124 / 1 tx / 3 pending / 153,638 (0.0%) gas / (0x0fd057f74572b0ff4da3b7afb84393a5584abfb1af3f25346d9109d4aeab68fc)
2026-10-07 12:31:53.074+00:00 | BftProcessorExecutor-QBFT-0 | INFO  | QbftBesuControllerBuilder | Imported #125 / 1 tx / 2 pending / 153,630 (0.0%) gas / (0x4650271e5a3a8a84b994c1a965b40b53d6dcbde21246028c6841a6ad0bd640e8)
2026-10-07 12:31:55.096+00:00 | EthScheduler-Workers-0 | INFO  | PersistBlockTask | Block 126 (0x786ae8651ed55575d2872c2e61f9c4c154e23ac8658d422e6758a3a4f344e279) is already imported
2026-10-07 12:31:55.096+00:00 | BftProcessorExecutor-QBFT-0 | INFO  | QbftBesuControllerBuilder | Produced #126 / 1 tx / 1 pending / 153,618 (0.0%) gas / (0x786ae8651ed55575d2872c2e61f9c4c154e23ac8658d422e6758a3a4f344e279)
2026-10-07 12:31:57.099+00:00 | EthScheduler-Workers-0 | INFO  | PersistBlockTask | Block 127 (0x52b2ed4721049273c10e0dd442eacc3b753a3209fece4e0e5775c11e2e836500) is already imported
2026-10-07 12:31:57.100+00:00 | BftProcessorExecutor-QBFT-0 | INFO  | QbftBesuControllerBuilder | Imported #127 / 1 tx / 0 pending / 153,618 (0.0%) gas / (0x52b2ed4721049273c10e0dd442eacc3b753a3209fece4e0e5775c11e2e836500)
2026-10-07 12:31:59.066+00:00 | BftProcessorExecutor-QBFT-0 | INFO  | QbftBesuControllerBuilder | Imported #128 / 0 tx / 0 pending / 0 (0.0%) gas / (0x489d0659cd3877904f80a4c103dde263ba3cebbbe7f555a397059e30b3c32aeb)
2026-10-07 12:32:01.096+00:00 | BftProcessorExecutor-QBFT-0 | INFO  | QbftBesuControllerBuilder | Imported #129 / 0 tx / 0 pending / 0 (0.0%) gas / (0xfa3cf88e189510e72f871f3f63e0870cde2dd918e3eaea11a90491e3d5fe2077)
2026-10-07 12:32:03.096+00:00 | BftProcessorExecutor-QBFT-0 | INFO  | QbftBesuControllerBuilder | Imported #130 / 0 tx / 0 pending / 0 (0.0%) gas / (0xfedb99720b8844d60c55fd037fc875cd93ed580f445a152c2ff2d05dc3376f99)
2026-10-07 12:32:05.096+00:00 | BftProcessorExecutor-QBFT-0 | INFO  | QbftBesuControllerBuilder | Imported #131 / 0 tx / 0 pending / 0 (0.0%) gas / (0xf86ef5ce2c6d500c2ccd77bc3915514d8c05246f6804ef1a2c0e0daebcf2a69e)
2026-10-07 12:32:05.097+00:00 | EthScheduler-Workers-0 | INFO  | PersistBlockTask | Block 131 (0xf86ef5ce2c6d500c2ccd77bc3915514d8c05246f6804ef1a2c0e0daebcf2a69e) is already imported
2026-10-07 12:32:07.089+00:00 | EthScheduler-Workers-0 | INFO  | PersistBlockTask | Block 132 (0x88de83385cf7e5726031e9c17c3c2964d505167e1df2cc8e798df4d2ff03a621) is already imported
2026-10-07 12:32:07.090+00:00 | BftProcessorExecutor-QBFT-0 | INFO  | QbftBesuControllerBuilder | Imported #132 / 0 tx / 0 pending / 0 (0.0%) gas / (0x88de83385cf7e5726031e9c17c3c2964d505167e1df2cc8e798df4d2ff03a621)
2026-10-07 12:32:09.088+00:00 | BftProcessorExecutor-QBFT-0 | INFO  | QbftBesuControllerBuilder | Imported #133 / 0 tx / 0 pending / 0 (0.0%) gas / (0x3d0837c1a625839b8b8db778ae718b57a0cd372de4d6c995143daddf3be31630)
2026-10-07 12:32:11.092+00:00 | EthScheduler-Workers-0 | INFO  | PersistBlockTask | Block 134 (0x32abb71503f896437a347756e303f4639b0b384ba3f95f7db0f2be949625720a) is already imported
2026-10-07 12:32:11.092+00:00 | BftProcessorExecutor-QBFT-0 | INFO  | QbftBesuControllerBuilder | Imported #134 / 0 tx / 0 pending / 0 (0.0%) gas / (0x32abb71503f896437a347756e303f4639b0b384ba3f95f7db0f2be949625720a)
2026-10-07 12:32:13.079+00:00 | BftProcessorExecutor-QBFT-0 | INFO  | QbftBesuControllerBuilder | Imported #135 / 0 tx / 0 pending / 0 (0.0%) gas / (0x2061445718e872c4137b53ced2675e47499259d3d10eba0264ed42882ead56da)
2026-10-07 12:32:15.162+00:00 | BftProcessorExecutor-QBFT-0 | INFO  | QbftBesuControllerBuilder | Imported #136 / 3 tx / 79 pending / 725,910 (0.0%) gas / (0x4e12cb48d5e38938a2913a4e7b69567f853d31dfdfd73c3aa1c9367742d012c1)
2026-10-07 12:32:15.162+00:00 | EthScheduler-Workers-0 | INFO  | PersistBlockTask | Block 136 (0x4e12cb48d5e38938a2913a4e7b69567f853d31dfdfd73c3aa1c9367742d012c1) is already imported
2026-10-07 12:32:17.669+00:00 | BftProcessorExecutor-QBFT-0 | INFO  | QbftBesuControllerBuilder | Imported #137 / 34 tx / 677 pending / 8,226,980 (0.0%) gas / (0x97a9ebb3b5313f3558fe655bd655f76f1f1072441af380e4703108bd937b17d2)
2026-10-07 12:32:20.189+00:00 | EthScheduler-Workers-0 | INFO  | PersistBlockTask | Block 138 (0x0c7ba4470fbf442137cbe6088231271653696f0b5d7529b54ab70a9f887d2abf) is already imported
2026-10-07 12:32:20.190+00:00 | BftProcessorExecutor-QBFT-0 | INFO  | QbftBesuControllerBuilder | Imported #138 / 76 tx / 1457 pending / 18,389,720 (0.0%) gas / (0x0c7ba4470fbf442137cbe6088231271653696f0b5d7529b54ab70a9f887d2abf)
2026-10-07 12:32:22.704+00:00 | BftProcessorExecutor-QBFT-0 | INFO  | QbftBesuControllerBuilder | Imported #139 / 116 tx / 2065 pending / 28,068,520 (0.0%) gas / (0xb43333bd7cc0ea5a413e72f1c377255d247a793984598a34b6935f02104565e5)
2026-10-07 12:32:25.328+00:00 | BftProcessorExecutor-QBFT-0 | INFO  | QbftBesuControllerBuilder | Imported #140 / 160 tx / 2862 pending / 38,715,200 (0.0%) gas / (0xe5f98ff900b598a1b52aadde451b1d973c310ff6725dbb8fdd760ef0c270320f)
2026-10-07 12:32:28.381+00:00 | EthScheduler-Workers-0 | INFO  | PersistBlockTask | Block 141 (0x50d0c4e9d48184c8075d5d2ab2e775113d9397fd9d20eed26c06521e850bcca3) is already imported
2026-10-07 12:32:28.383+00:00 | BftProcessorExecutor-QBFT-0 | INFO  | QbftBesuControllerBuilder | Produced #141 / 217 tx / 3490 pending / 52,507,490 (0.0%) gas / (0x50d0c4e9d48184c8075d5d2ab2e775113d9397fd9d20eed26c06521e850bcca3)
2026-10-07 12:32:32.106+00:00 | BftProcessorExecutor-QBFT-0 | INFO  | QbftBesuControllerBuilder | Imported #142 / 272 tx / 3218 pending / 65,815,840 (0.0%) gas / (0xd21394ed7185c4d6fcc71172a07ad9b103273f25ef8c473c0d9fba4cf01f4b83)
2026-10-07 12:32:35.998+00:00 | BftProcessorExecutor-QBFT-0 | INFO  | QbftBesuControllerBuilder | Imported #143 / 272 tx / 2946 pending / 65,815,840 (0.0%) gas / (0xdd410ab1797b6073f171ddae074a859c62d444cc3c7ad91a8b5c3b30c4f0cbda)
2026-10-07 12:32:39.820+00:00 | BftProcessorExecutor-QBFT-0 | INFO  | QbftBesuControllerBuilder | Imported #144 / 272 tx / 2674 pending / 65,815,840 (0.0%) gas / (0x3def093f283fd3e75c49b8d7872d34c2fda43ac3950c3438b55ee4b6284156ef)
2026-10-07 12:32:43.557+00:00 | BftProcessorExecutor-QBFT-0 | INFO  | QbftBesuControllerBuilder | Imported #145 / 272 tx / 2402 pending / 65,815,840 (0.0%) gas / (0x6386d9ecf361eda86ebac042bae4f18320684303d4acfc1a2254d306aa618d2c)
2026-10-07 12:32:47.371+00:00 | BftProcessorExecutor-QBFT-0 | INFO  | QbftBesuControllerBuilder | Imported #146 / 272 tx / 2130 pending / 65,815,840 (0.0%) gas / (0x1ebeb625a7df0bd14f0d98c4953105ba3c75b45c381b2f943bb8f48333c2774e)
2026-10-07 12:32:51.165+00:00 | BftProcessorExecutor-QBFT-0 | INFO  | QbftBesuControllerBuilder | Imported #147 / 272 tx / 1858 pending / 65,815,840 (0.0%) gas / (0x966fc3e52c251a0e5fecd93d716a1b16be8bd0350edfdfb9fbdcd7cb8f53ac88)
2026-10-07 12:32:54.905+00:00 | BftProcessorExecutor-QBFT-0 | INFO  | QbftBesuControllerBuilder | Imported #148 / 272 tx / 1586 pending / 65,815,840 (0.0%) gas / (0x19dc077252b99a9ada240a404f3964cb039b4780f77a480c6c096bb1bbb031df)
2026-10-07 12:32:58.664+00:00 | BftProcessorExecutor-QBFT-0 | INFO  | QbftBesuControllerBuilder | Imported #149 / 272 tx / 1314 pending / 65,815,840 (0.0%) gas / (0x9a5bed410db04ec8fdfd96a905ffa289f38c3457d425e3b0d86776c8ed6faa7f)
2026-10-07 12:33:02.599+00:00 | EthScheduler-Workers-0 | INFO  | PersistBlockTask | Block 150 (0x6b8ce2d938b035d25690027fe83ba369f924b3021234872dbd8c1ad6cb2264b1) is already imported
2026-10-07 12:33:02.602+00:00 | BftProcessorExecutor-QBFT-0 | INFO  | QbftBesuControllerBuilder | Imported #150 / 275 tx / 1039 pending / 66,541,750 (0.0%) gas / (0x6b8ce2d938b035d25690027fe83ba369f924b3021234872dbd8c1ad6cb2264b1)
2026-10-07 12:33:06.379+00:00 | BftProcessorExecutor-QBFT-0 | INFO  | QbftBesuControllerBuilder | Imported #151 / 272 tx / 767 pending / 65,815,840 (0.0%) gas / (0x4d664e732f22fae9c117f6af9bb38f98aaaa232267b5e217af37362cb05ca1bf)
2026-10-07 12:33:09.717+00:00 | BftProcessorExecutor-QBFT-0 | INFO  | QbftBesuControllerBuilder | Imported #152 / 241 tx / 526 pending / 58,314,770 (0.0%) gas / (0x2feba590e5c2e81722e5671b65f4ab1bf4b7c4ea1c4f20de87872a4ec8398ae5)
2026-10-07 12:33:12.520+00:00 | BftProcessorExecutor-QBFT-0 | INFO  | QbftBesuControllerBuilder | Imported #153 / 199 tx / 327 pending / 48,152,030 (0.0%) gas / (0x5c3877965fc892c20be63d56edb7260a6f3cdc25e96a287cb5897f0fd95759e3)
2026-10-07 12:33:14.748+00:00 | BftProcessorExecutor-QBFT-0 | INFO  | QbftBesuControllerBuilder | Imported #154 / 159 tx / 168 pending / 38,473,230 (0.0%) gas / (0x940d1a6e70e23a287226a8ec2e90198d933e2ae2387c48ce2caebe8713f005fb)
2026-10-07 12:33:16.615+00:00 | BftProcessorExecutor-QBFT-0 | INFO  | QbftBesuControllerBuilder | Imported #155 / 113 tx / 55 pending / 27,342,610 (0.0%) gas / (0xbc38e7e0f3101293c78906db4c78e154454db376d6611d4d9ac916be179583da)
2026-10-07 12:33:17.805+00:00 | EthScheduler-Workers-0 | INFO  | PersistBlockTask | Block 156 (0x96d91a9babed279f49d6e9488835661a4fde1407c55f51f5801c113adc0c5293) is already imported
2026-10-07 12:33:17.805+00:00 | BftProcessorExecutor-QBFT-0 | INFO  | QbftBesuControllerBuilder | Produced #156 / 55 tx / 0 pending / 13,308,350 (0.0%) gas / (0x96d91a9babed279f49d6e9488835661a4fde1407c55f51f5801c113adc0c5293)
2026-10-07 12:33:19.067+00:00 | BftProcessorExecutor-QBFT-0 | INFO  | QbftBesuControllerBuilder | Imported #157 / 0 tx / 0 pending / 0 (0.0%) gas / (0x3a0b6409bd5d7daa795974131777d5d8ceb6ee4924378376c752117ff735505d)
2026-10-07 12:33:21.091+00:00 | BftProcessorExecutor-QBFT-0 | INFO  | QbftBesuControllerBuilder | Imported #158 / 0 tx / 0 pending / 0 (0.0%) gas / (0xeb2534552730f0fa73b951c57d2673c898698ebdddaff6657876ffd712050a11)
2026-10-07 12:33:23.090+00:00 | BftProcessorExecutor-QBFT-0 | INFO  | QbftBesuControllerBuilder | Imported #159 / 0 tx / 0 pending / 0 (0.0%) gas / (0x73e17d5f6489634904fb6955ba36387868bbaab26ac23ed4127caff8e6653753)
2026-10-07 12:33:25.092+00:00 | BftProcessorExecutor-QBFT-0 | INFO  | QbftBesuControllerBuilder | Imported #160 / 0 tx / 0 pending / 0 (0.0%) gas / (0x9ce19a00237c3f948150364a3321de8fc05c87de5b6abadc276118c54ea80f86)
2026-10-07 12:33:27.097+00:00 | BftProcessorExecutor-QBFT-0 | INFO  | QbftBesuControllerBuilder | Imported #161 / 0 tx / 0 pending / 0 (0.0%) gas / (0xa224994f37052283af6dafc2f12e79ca04eadf55220e7fd482391c5f1332d764)
2026-10-07 12:33:29.095+00:00 | EthScheduler-Workers-0 | INFO  | PersistBlockTask | Imported #162 / 0 tx / 0 om / 0 (0.0%) gas / (0x483e1338d3fb259202dc45dcfbcbf18233b99b444b16e71168b3816ce8924ee8) in 0.004s. Peers: 14
2026-10-07 12:33:29.096+00:00 | BftProcessorExecutor-QBFT-0 | INFO  | QbftBesuControllerBuilder | Imported #162 / 0 tx / 0 pending / 0 (0.0%) gas / (0x483e1338d3fb259202dc45dcfbcbf18233b99b444b16e71168b3816ce8924ee8)
2026-10-07 12:33:31.090+00:00 | BftProcessorExecutor-QBFT-0 | INFO  | QbftBesuControllerBuilder | Imported #163 / 0 tx / 0 pending / 0 (0.0%) gas / (0xfbc4718101f71c6e3df7ff445780bcf5420669458e95d78916aacca85b3c843f)
2026-10-07 12:33:33.097+00:00 | BftProcessorExecutor-QBFT-0 | INFO  | QbftBesuControllerBuilder | Imported #164 / 0 tx / 0 pending / 0 (0.0%) gas / (0x07bc55d2cb9b0b4ddac4cd76d47ddede4722b4ddf9fd431a26f773a816f227b7)
2026-10-07 12:33:35.109+00:00 | BftProcessorExecutor-QBFT-0 | INFO  | QbftBesuControllerBuilder | Imported #165 / 0 tx / 0 pending / 0 (0.0%) gas / (0x7c96e810153ffab4dd28f92beb59f7cbaf0a549eb9636112854f763ca3d4c7f3)
2026-10-07 12:33:35.109+00:00 | EthScheduler-Workers-0 | INFO  | PersistBlockTask | Block 165 (0x7c96e810153ffab4dd28f92beb59f7cbaf0a549eb9636112854f763ca3d4c7f3) is already imported
2026-10-07 12:33:37.101+00:00 | EthScheduler-Workers-0 | INFO  | PersistBlockTask | Block 166 (0x2c9df872ae419a74c5ed7878e9a874aa2a307fdee534cace389fd7a9d304525b) is already imported
2026-10-07 12:33:37.101+00:00 | BftProcessorExecutor-QBFT-0 | INFO  | QbftBesuControllerBuilder | Imported #166 / 0 tx / 0 pending / 0 (0.0%) gas / (0x2c9df872ae419a74c5ed7878e9a874aa2a307fdee534cace389fd7a9d304525b)
2026-10-07 12:33:39.075+00:00 | BftProcessorExecutor-QBFT-0 | INFO  | QbftBesuControllerBuilder | Imported #167 / 0 tx / 0 pending / 0 (0.0%) gas / (0x717b8f6b8245d79b91704954f7d33b378ec130d2932d5d215871429ea05bbba0)
2026-10-07 12:33:41.103+00:00 | EthScheduler-Workers-0 | INFO  | PersistBlockTask | Block 168 (0x0927d0c45d9365db139b6a759932e0f876a0678ef4e69a4b82f2309cb323dd69) is already imported
2026-10-07 12:33:41.103+00:00 | BftProcessorExecutor-QBFT-0 | INFO  | QbftBesuControllerBuilder | Imported #168 / 0 tx / 0 pending / 0 (0.0%) gas / (0x0927d0c45d9365db139b6a759932e0f876a0678ef4e69a4b82f2309cb323dd69)
2026-10-07 12:33:43.100+00:00 | BftProcessorExecutor-QBFT-0 | INFO  | QbftBesuControllerBuilder | Imported #169 / 0 tx / 0 pending / 0 (0.0%) gas / (0xab4472f06c1720bc251d60e7ec9fd3d334b162c66502826cb278fc3ec3ae72b5)
2026-10-07 12:33:43.100+00:00 | EthScheduler-Workers-0 | INFO  | PersistBlockTask | Block 169 (0xab4472f06c1720bc251d60e7ec9fd3d334b162c66502826cb278fc3ec3ae72b5) is already imported
2026-10-07 12:33:45.097+00:00 | EthScheduler-Workers-0 | INFO  | PersistBlockTask | Block 170 (0x10021f615883730dc809806dd8977acad7831b26f330d11c20ad508b9f937546) is already imported
2026-10-07 12:33:45.097+00:00 | BftProcessorExecutor-QBFT-0 | INFO  | QbftBesuControllerBuilder | Imported #170 / 0 tx / 0 pending / 0 (0.0%) gas / (0x10021f615883730dc809806dd8977acad7831b26f330d11c20ad508b9f937546)
2026-10-07 12:33:47.095+00:00 | EthScheduler-Workers-0 | INFO  | PersistBlockTask | Block 171 (0xf557349f4eb876aa491a98a902c7805dfe48d02426cde2c1879a08e541c7cada) is already imported
2026-10-07 12:33:47.096+00:00 | BftProcessorExecutor-QBFT-0 | INFO  | QbftBesuControllerBuilder | Produced #171 / 0 tx / 0 pending / 0 (0.0%) gas / (0xf557349f4eb876aa491a98a902c7805dfe48d02426cde2c1879a08e541c7cada)
2026-10-07 12:33:49.089+00:00 | BftProcessorExecutor-QBFT-0 | INFO  | QbftBesuControllerBuilder | Imported #172 / 0 tx / 0 pending / 0 (0.0%) gas / (0x1b3a171306f7763cee10351756df5f0853989e7e7677c8031ea0fe9de58be8c3)
2026-10-07 12:33:49.089+00:00 | EthScheduler-Workers-0 | INFO  | PersistBlockTask | Block 172 (0x1b3a171306f7763cee10351756df5f0853989e7e7677c8031ea0fe9de58be8c3) is already imported
2026-10-07 12:33:51.079+00:00 | BftProcessorExecutor-QBFT-0 | INFO  | QbftBesuControllerBuilder | Imported #173 / 0 tx / 0 pending / 0 (0.0%) gas / (0xdf86b2f1371681865be7679742fc9b235c60b3e1aeb4ed3243a904c2a72e9d47)
2026-10-07 12:33:53.101+00:00 | BftProcessorExecutor-QBFT-0 | INFO  | QbftBesuControllerBuilder | Imported #174 / 0 tx / 0 pending / 0 (0.0%) gas / (0x02360b236498127b7e03a138f0862776e96304b1da6563387ece7d35832ee13d)
2026-10-07 12:33:55.095+00:00 | BftProcessorExecutor-QBFT-0 | INFO  | QbftBesuControllerBuilder | Imported #175 / 0 tx / 0 pending / 0 (0.0%) gas / (0x2e1b5e411c00f92f033a1838857fc07bf35bd8879406ae2af3182c1523a2fadc)
2026-10-07 12:33:57.102+00:00 | BftProcessorExecutor-QBFT-0 | INFO  | QbftBesuControllerBuilder | Imported #176 / 0 tx / 0 pending / 0 (0.0%) gas / (0x61e8089f70f45641bc565517b0d8f24a310b7823d4e6e101622c24bfdcb77ed6)
2026-10-07 12:33:59.095+00:00 | BftProcessorExecutor-QBFT-0 | INFO  | QbftBesuControllerBuilder | Imported #177 / 0 tx / 0 pending / 0 (0.0%) gas / (0x7ba8369f79d0e8645b986cd4fef4a02d0373fab17e3432ef0936428a104ba163)
2026-10-07 12:34:01.103+00:00 | BftProcessorExecutor-QBFT-0 | INFO  | QbftBesuControllerBuilder | Imported #178 / 0 tx / 0 pending / 0 (0.0%) gas / (0x4136af070132c35dbd794dfb3ca1839e8fcfcc793f3b42be306c2d5b57a80121)
2026-10-07 12:34:01.103+00:00 | EthScheduler-Workers-0 | INFO  | PersistBlockTask | Block 178 (0x4136af070132c35dbd794dfb3ca1839e8fcfcc793f3b42be306c2d5b57a80121) is already imported
2026-10-07 12:34:03.093+00:00 | EthScheduler-Workers-0 | INFO  | PersistBlockTask | Block 179 (0xe309dccdc3c91c19d09f80f2d0af074a0f5476d0533c1a965556496fa68ccb90) is already imported
2026-10-07 12:34:03.094+00:00 | BftProcessorExecutor-QBFT-0 | INFO  | QbftBesuControllerBuilder | Imported #179 / 0 tx / 0 pending / 0 (0.0%) gas / (0xe309dccdc3c91c19d09f80f2d0af074a0f5476d0533c1a965556496fa68ccb90)
2026-10-07 12:34:05.093+00:00 | BftProcessorExecutor-QBFT-0 | INFO  | QbftBesuControllerBuilder | Imported #180 / 0 tx / 0 pending / 0 (0.0%) gas / (0x7d0b07c95b3bc4867683d90801195ba916fbb40b9d2f208807ed8d0a15528c4e)
2026-10-07 12:34:07.097+00:00 | EthScheduler-Workers-0 | INFO  | PersistBlockTask | Block 181 (0x395612dd497e48dea61de584bcdbfc442afc38683fe559d8dcbfad4b2233d765) is already imported
2026-10-07 12:34:07.098+00:00 | BftProcessorExecutor-QBFT-0 | INFO  | QbftBesuControllerBuilder | Imported #181 / 0 tx / 0 pending / 0 (0.0%) gas / (0x395612dd497e48dea61de584bcdbfc442afc38683fe559d8dcbfad4b2233d765)
2026-10-07 12:34:09.088+00:00 | BftProcessorExecutor-QBFT-0 | INFO  | QbftBesuControllerBuilder | Imported #182 / 0 tx / 0 pending / 0 (0.0%) gas / (0x55d0ee37cd730620ae77f5ac5d9688fbee5924e4068c126a25c7db6eddef1111)
2026-10-07 12:34:11.085+00:00 | BftProcessorExecutor-QBFT-0 | INFO  | QbftBesuControllerBuilder | Imported #183 / 0 tx / 0 pending / 0 (0.0%) gas / (0x6ab0424421fdc7a3744385d14eea8339fa41290a6c668b29e221f2c836f997c3)
2026-10-07 12:34:13.083+00:00 | BftProcessorExecutor-QBFT-0 | INFO  | QbftBesuControllerBuilder | Imported #184 / 0 tx / 0 pending / 0 (0.0%) gas / (0x953f759bd2ac3b4bdb6254116bcd9c43aec93c7ffac359d7899a318cebe4a19c)
2026-10-07 12:34:15.094+00:00 | BftProcessorExecutor-QBFT-0 | INFO  | QbftBesuControllerBuilder | Imported #185 / 0 tx / 0 pending / 0 (0.0%) gas / (0x5b8ce6e43262b10cc5551545ce4a986c05353058a7620e855535e722438597a2)
2026-10-07 12:34:17.089+00:00 | BftProcessorExecutor-QBFT-0 | INFO  | QbftBesuControllerBuilder | Produced #186 / 0 tx / 0 pending / 0 (0.0%) gas / (0x78e12b7ee311809539b54f52d10896ee4e0da947b6fcc549d6af8f94b9fd0471)
2026-10-07 12:34:19.089+00:00 | EthScheduler-Workers-0 | INFO  | PersistBlockTask | Block 187 (0xcbb5a0275c6498cfb170c20f3260321a7352f355f2e70320ed54a9e88ac7b42e) is already imported
2026-10-07 12:34:19.090+00:00 | BftProcessorExecutor-QBFT-0 | INFO  | QbftBesuControllerBuilder | Imported #187 / 0 tx / 0 pending / 0 (0.0%) gas / (0xcbb5a0275c6498cfb170c20f3260321a7352f355f2e70320ed54a9e88ac7b42e)
2026-10-07 12:34:21.091+00:00 | BftProcessorExecutor-QBFT-0 | INFO  | QbftBesuControllerBuilder | Imported #188 / 0 tx / 0 pending / 0 (0.0%) gas / (0x14a0880cad3419a3d5be392690150b03d1310f0322ff6e53c3cc5e62e9c10136)
2026-10-07 12:34:21.093+00:00 | EthScheduler-Workers-0 | INFO  | PersistBlockTask | Block 188 (0x14a0880cad3419a3d5be392690150b03d1310f0322ff6e53c3cc5e62e9c10136) is already imported
2026-10-07 12:34:23.090+00:00 | BftProcessorExecutor-QBFT-0 | INFO  | QbftBesuControllerBuilder | Imported #189 / 0 tx / 0 pending / 0 (0.0%) gas / (0x83ac926ce2d9aa3546c6ab747d8f5bf5eb5f97a19d5ac0b8004913d9366320b8)
2026-10-07 12:34:23.091+00:00 | EthScheduler-Workers-0 | INFO  | PersistBlockTask | Block 189 (0x83ac926ce2d9aa3546c6ab747d8f5bf5eb5f97a19d5ac0b8004913d9366320b8) is already imported
2026-10-07 12:34:25.099+00:00 | BftProcessorExecutor-QBFT-0 | INFO  | QbftBesuControllerBuilder | Imported #190 / 0 tx / 0 pending / 0 (0.0%) gas / (0xe00f57b3d1f1eba3e46ef07477f149b1c515b474c3174a161f79c11a44d747c7)
2026-10-07 12:34:27.093+00:00 | BftProcessorExecutor-QBFT-0 | INFO  | QbftBesuControllerBuilder | Imported #191 / 0 tx / 0 pending / 0 (0.0%) gas / (0x20d11ffe5e493eea5153f0bf1f0f650bddce1648748535a197ecf6806c2d6d57)
2026-10-07 12:34:29.064+00:00 | BftProcessorExecutor-QBFT-0 | INFO  | QbftBesuControllerBuilder | Imported #192 / 0 tx / 0 pending / 0 (0.0%) gas / (0x3e9fc16fb15a02016db4e78f615c92da6f88bf519bac294c61f3308e730cb72c)
2026-10-07 12:34:31.083+00:00 | EthScheduler-Workers-0 | INFO  | PersistBlockTask | Imported #193 / 0 tx / 0 om / 0 (0.0%) gas / (0xc32fcbe591a5ddee0955cfec6a15fb219f2f781e43141106d36898255f79cf7d) in 0.002s. Peers: 14
2026-10-07 12:34:33.081+00:00 | EthScheduler-Workers-0 | INFO  | PersistBlockTask | Imported #194 / 0 tx / 0 om / 0 (0.0%) gas / (0x273eee80c2738209f8d55b2154957cf148e17031cb6667d953f424c3d05e3f04) in 0.005s. Peers: 14
2026-10-07 12:34:33.082+00:00 | BftProcessorExecutor-QBFT-0 | INFO  | QbftBesuControllerBuilder | Imported #194 / 0 tx / 0 pending / 0 (0.0%) gas / (0x273eee80c2738209f8d55b2154957cf148e17031cb6667d953f424c3d05e3f04)
2026-10-07 12:34:35.111+00:00 | EthScheduler-Workers-0 | INFO  | PersistBlockTask | Imported #195 / 1 tx / 0 om / 153,638 (0.0%) gas / (0xfc2696d985110b310d6939416cf17d28f73acc67e428bc7d511336161e8585d6) in 0.005s. Peers: 14
2026-10-07 12:34:37.121+00:00 | BftProcessorExecutor-QBFT-0 | INFO  | QbftBesuControllerBuilder | Imported #196 / 1 tx / 6 pending / 153,618 (0.0%) gas / (0x187fd334d08f812b514be4f507ecd8e672a5bf6a41a9be691f21fefd27be1424)
2026-10-07 12:34:37.121+00:00 | EthScheduler-Workers-0 | INFO  | PersistBlockTask | Block 196 (0x187fd334d08f812b514be4f507ecd8e672a5bf6a41a9be691f21fefd27be1424) is already imported
2026-10-07 12:34:39.099+00:00 | BftProcessorExecutor-QBFT-0 | INFO  | QbftBesuControllerBuilder | Imported #197 / 1 tx / 5 pending / 153,618 (0.0%) gas / (0xb6f8d9045f459398bbdf9cfefd4c51b90ef9d24bc389ffeea8841747047b303b)
2026-10-07 12:34:39.099+00:00 | EthScheduler-Workers-0 | INFO  | PersistBlockTask | Block 197 (0xb6f8d9045f459398bbdf9cfefd4c51b90ef9d24bc389ffeea8841747047b303b) is already imported
2026-10-07 12:34:41.108+00:00 | BftProcessorExecutor-QBFT-0 | INFO  | QbftBesuControllerBuilder | Imported #198 / 1 tx / 4 pending / 153,630 (0.0%) gas / (0x224ac3b0dcf2646bebfbaacbe887d6723293d232c48a13445e33ed6a831ceed5)
2026-10-07 12:34:41.108+00:00 | EthScheduler-Workers-0 | INFO  | PersistBlockTask | Block 198 (0x224ac3b0dcf2646bebfbaacbe887d6723293d232c48a13445e33ed6a831ceed5) is already imported
2026-10-07 12:34:43.103+00:00 | BftProcessorExecutor-QBFT-0 | INFO  | QbftBesuControllerBuilder | Imported #199 / 1 tx / 3 pending / 153,650 (0.0%) gas / (0xd2341f75dad886ba1f4471ac5116b63e9c3665de777d52413aa2ea5d967275f9)
2026-10-07 12:34:45.115+00:00 | EthScheduler-Workers-0 | INFO  | PersistBlockTask | Block 200 (0xa1c4439db025089bac86f1006e3d3f52f6a18bc5656ad6f27808cfeaba3fa297) is already imported
2026-10-07 12:34:45.115+00:00 | BftProcessorExecutor-QBFT-0 | INFO  | QbftBesuControllerBuilder | Imported #200 / 1 tx / 2 pending / 153,630 (0.0%) gas / (0xa1c4439db025089bac86f1006e3d3f52f6a18bc5656ad6f27808cfeaba3fa297)
2026-10-07 12:34:47.100+00:00 | BftProcessorExecutor-QBFT-0 | INFO  | QbftBesuControllerBuilder | Produced #201 / 1 tx / 1 pending / 153,650 (0.0%) gas / (0x5432150a10b543026511ce79b4942068afd80d37d463669341f373b6aa14258f)
2026-10-07 12:34:49.106+00:00 | BftProcessorExecutor-QBFT-0 | INFO  | QbftBesuControllerBuilder | Imported #202 / 1 tx / 0 pending / 153,618 (0.0%) gas / (0x0bcd27d535813a1ddb4f51c5a176828600ed6169fbadba059aa9d5e0421fafee)
2026-10-07 12:34:49.105+00:00 | EthScheduler-Workers-0 | INFO  | PersistBlockTask | Block 202 (0x0bcd27d535813a1ddb4f51c5a176828600ed6169fbadba059aa9d5e0421fafee) is already imported
2026-10-07 12:34:51.096+00:00 | BftProcessorExecutor-QBFT-0 | INFO  | QbftBesuControllerBuilder | Imported #203 / 0 tx / 0 pending / 0 (0.0%) gas / (0x986e3c6fdc21b3f70275d84d77f97897b7c27811f0fc29b3673bde0ecc6b291f)
2026-10-07 12:34:53.081+00:00 | EthScheduler-Workers-0 | INFO  | PersistBlockTask | Block 204 (0xdf2cb756054f352485921013b49c4b9db780600f357777589cc3bd1f6ce5e51c) is already imported
2026-10-07 12:34:53.081+00:00 | BftProcessorExecutor-QBFT-0 | INFO  | QbftBesuControllerBuilder | Imported #204 / 0 tx / 0 pending / 0 (0.0%) gas / (0xdf2cb756054f352485921013b49c4b9db780600f357777589cc3bd1f6ce5e51c)
2026-10-07 12:34:55.105+00:00 | BftProcessorExecutor-QBFT-0 | INFO  | QbftBesuControllerBuilder | Imported #205 / 0 tx / 0 pending / 0 (0.0%) gas / (0x45c4e051f330bc4cc6691177878ee1ae07da28879fb8869184e1f80b37d8b111)
2026-10-07 12:34:55.106+00:00 | EthScheduler-Workers-0 | INFO  | PersistBlockTask | Block 205 (0x45c4e051f330bc4cc6691177878ee1ae07da28879fb8869184e1f80b37d8b111) is already imported
2026-10-07 12:34:57.099+00:00 | EthScheduler-Workers-0 | INFO  | PersistBlockTask | Imported #206 / 0 tx / 0 om / 0 (0.0%) gas / (0xb0b83b85d9df430d779df6667ce4bfea545c0d1df913596274a4addb25fd5490) in 0.002s. Peers: 14
2026-10-07 12:34:57.099+00:00 | BftProcessorExecutor-QBFT-0 | INFO  | QbftBesuControllerBuilder | Imported #206 / 0 tx / 0 pending / 0 (0.0%) gas / (0xb0b83b85d9df430d779df6667ce4bfea545c0d1df913596274a4addb25fd5490)
2026-10-07 12:34:59.096+00:00 | EthScheduler-Workers-0 | INFO  | PersistBlockTask | Block 207 (0x3468ddf021af06891ad27c88bfb99ac2d5c10459befbf3c59db89d156c6fe914) is already imported
2026-10-07 12:34:59.097+00:00 | BftProcessorExecutor-QBFT-0 | INFO  | QbftBesuControllerBuilder | Imported #207 / 0 tx / 0 pending / 0 (0.0%) gas / (0x3468ddf021af06891ad27c88bfb99ac2d5c10459befbf3c59db89d156c6fe914)
2026-10-07 12:35:01.107+00:00 | BftProcessorExecutor-QBFT-0 | INFO  | QbftBesuControllerBuilder | Imported #208 / 0 tx / 0 pending / 0 (0.0%) gas / (0xf3c15f76f1674421a4a8d82cc44a3fc72e56f3ec2ca95293fc5e4105d5fa85c9)
2026-10-07 12:35:01.108+00:00 | EthScheduler-Workers-0 | INFO  | PersistBlockTask | Block 208 (0xf3c15f76f1674421a4a8d82cc44a3fc72e56f3ec2ca95293fc5e4105d5fa85c9) is already imported
2026-10-07 12:35:03.087+00:00 | BftProcessorExecutor-QBFT-0 | INFO  | QbftBesuControllerBuilder | Imported #209 / 0 tx / 0 pending / 0 (0.0%) gas / (0xaf13bf92a700e7c369081e3a448dbc6bc5642bd9c969a7751705f84433d9710e)
2026-10-07 12:35:05.087+00:00 | BftProcessorExecutor-QBFT-0 | INFO  | QbftBesuControllerBuilder | Imported #210 / 0 tx / 0 pending / 0 (0.0%) gas / (0x302a4450a8b3218c0b5226c09297ed427c8fa6cbb81110fe461ab8c9cd38999a)
2026-10-07 12:35:07.553+00:00 | EthScheduler-Workers-0 | INFO  | PersistBlockTask | Block 211 (0xeba214ee751c9aab01eec5bea9c74cea52069d61b53500c8b6b9da6383218050) is already imported
2026-10-07 12:35:07.553+00:00 | BftProcessorExecutor-QBFT-0 | INFO  | QbftBesuControllerBuilder | Imported #211 / 21 tx / 408 pending / 5,081,370 (0.0%) gas / (0xeba214ee751c9aab01eec5bea9c74cea52069d61b53500c8b6b9da6383218050)
2026-10-07 12:35:09.767+00:00 | BftProcessorExecutor-QBFT-0 | INFO  | QbftBesuControllerBuilder | Imported #212 / 45 tx / 851 pending / 10,888,650 (0.0%) gas / (0x416e0d4057f3633ea9f3ad7575064f588e5b514926328ad46a226e53240343a9)
2026-10-07 12:35:09.768+00:00 | EthScheduler-Workers-0 | INFO  | PersistBlockTask | Block 212 (0x416e0d4057f3633ea9f3ad7575064f588e5b514926328ad46a226e53240343a9) is already imported
2026-10-07 12:35:12.178+00:00 | BftProcessorExecutor-QBFT-0 | INFO  | QbftBesuControllerBuilder | Imported #213 / 79 tx / 1440 pending / 19,115,630 (0.0%) gas / (0x302983b21cb5dce5e492e6754b48c5216d095c5c4fda00f3bf26b466eb853619)
2026-10-07 12:35:14.727+00:00 | BftProcessorExecutor-QBFT-0 | INFO  | QbftBesuControllerBuilder | Imported #214 / 115 tx / 2030 pending / 27,826,550 (0.0%) gas / (0x6aa1b1907d7c7a15a899b66ec7fe89ddb6d9d175cd2f35f01960280aa971214b)
2026-10-07 12:35:17.222+00:00 | BftProcessorExecutor-QBFT-0 | INFO  | QbftBesuControllerBuilder | Imported #215 / 158 tx / 2602 pending / 38,231,260 (0.0%) gas / (0x80f5e5285eab649125c789bf8afe5765fd31abe4a4fa21bf68cbdf7ed4cdb281)
2026-10-07 12:35:19.959+00:00 | EthScheduler-Workers-0 | INFO  | PersistBlockTask | Block 216 (0xc723c4af87c8663b4ef34b410eb413c061db2a0862baf2c0bc813622e8df6b0c) is already imported
2026-10-07 12:35:19.961+00:00 | BftProcessorExecutor-QBFT-0 | INFO  | QbftBesuControllerBuilder | Produced #216 / 202 tx / 3460 pending / 48,877,940 (0.0%) gas / (0xc723c4af87c8663b4ef34b410eb413c061db2a0862baf2c0bc813622e8df6b0c)
2026-10-07 12:35:23.576+00:00 | BftProcessorExecutor-QBFT-0 | INFO  | QbftBesuControllerBuilder | Imported #217 / 272 tx / 3204 pending / 65,815,840 (0.0%) gas / (0x76c94b838df5a5987262c17a718f000ef10b311e5a20b7ce85fd9e8f891b4760)
2026-10-07 12:35:27.376+00:00 | BftProcessorExecutor-QBFT-0 | INFO  | QbftBesuControllerBuilder | Imported #218 / 272 tx / 2932 pending / 65,815,840 (0.0%) gas / (0xc879c0b8683c45a4c3e3cc94176b00b2f03f5dd718bb4b992516ff8e7b4b4a01)
2026-10-07 12:35:31.240+00:00 | BftProcessorExecutor-QBFT-0 | INFO  | QbftBesuControllerBuilder | Imported #219 / 272 tx / 2660 pending / 65,815,840 (0.0%) gas / (0x469536d2e2771d9d745f9820d858ff91c0e61da2c88157a871bb90ea9e4e70b5)
2026-10-07 12:35:34.986+00:00 | BftProcessorExecutor-QBFT-0 | INFO  | QbftBesuControllerBuilder | Imported #220 / 272 tx / 2388 pending / 65,815,840 (0.0%) gas / (0x1929062b4a54614b265aa347054026b2c15ba6abd16efda8ac62afa39358ba0a)
2026-10-07 12:35:38.697+00:00 | BftProcessorExecutor-QBFT-0 | INFO  | QbftBesuControllerBuilder | Imported #221 / 272 tx / 2116 pending / 65,815,840 (0.0%) gas / (0x7f177639cace0c2ff778f9f810ebd3961b391ed87af55ec31eae842d90b36f87)
2026-10-07 12:35:42.524+00:00 | BftProcessorExecutor-QBFT-0 | INFO  | QbftBesuControllerBuilder | Imported #222 / 272 tx / 1844 pending / 65,815,840 (0.0%) gas / (0xc16de0c26b0102feb8a9f2b3d632258232939e439006bec3f2e33edee2699a4e)
2026-10-07 12:35:46.343+00:00 | EthScheduler-Workers-0 | INFO  | PersistBlockTask | Block 223 (0x8713d4cf2cbfaa559448fbcef1d3d2b6f32177811b2cd99a2ecca1e8dcc3ccc0) is already imported
2026-10-07 12:35:46.346+00:00 | BftProcessorExecutor-QBFT-0 | INFO  | QbftBesuControllerBuilder | Imported #223 / 272 tx / 1572 pending / 65,815,840 (0.0%) gas / (0x8713d4cf2cbfaa559448fbcef1d3d2b6f32177811b2cd99a2ecca1e8dcc3ccc0)
2026-10-07 12:35:50.107+00:00 | BftProcessorExecutor-QBFT-0 | INFO  | QbftBesuControllerBuilder | Imported #224 / 272 tx / 1300 pending / 65,815,840 (0.0%) gas / (0xde4830b709b50cc1974616d1f26a4170e1efda294c7a005c381f62f4f79f94a3)
2026-10-07 12:35:53.973+00:00 | BftProcessorExecutor-QBFT-0 | INFO  | QbftBesuControllerBuilder | Imported #225 / 275 tx / 1025 pending / 66,541,750 (0.0%) gas / (0x73a1ab117f1857700d52588e2e2f32380f06141a374b4efad553f473b7f921b0)
2026-10-07 12:35:57.504+00:00 | BftProcessorExecutor-QBFT-0 | INFO  | QbftBesuControllerBuilder | Imported #226 / 254 tx / 771 pending / 61,460,380 (0.0%) gas / (0x92d7f213e0826b01f78c5257aa82fe88be8c194748f17fa2646e3b83ea74e4af)
2026-10-07 12:36:00.944+00:00 | EthScheduler-Workers-0 | INFO  | PersistBlockTask | Block 227 (0x4bdefc4d46444ce35df1470bb4b4cdbe6bb7aeab7f560e402f959a630e5db8df) is already imported
2026-10-07 12:36:00.945+00:00 | BftProcessorExecutor-QBFT-0 | INFO  | QbftBesuControllerBuilder | Imported #227 / 230 tx / 541 pending / 55,653,100 (0.0%) gas / (0x4bdefc4d46444ce35df1470bb4b4cdbe6bb7aeab7f560e402f959a630e5db8df)
2026-10-07 12:36:03.616+00:00 | BftProcessorExecutor-QBFT-0 | INFO  | QbftBesuControllerBuilder | Imported #228 / 196 tx / 345 pending / 47,426,120 (0.0%) gas / (0x43b5376d6f33de252abac06c43df41d65b5fa1384ff52a5426cfceea5f09dfac)
2026-10-07 12:36:05.920+00:00 | EthScheduler-Workers-0 | INFO  | PersistBlockTask | Block 229 (0xa0c5cb57b4b8200c97f80251cdab4c4078f3147ed86d6611266d3a14f31e3a32) is already imported
2026-10-07 12:36:05.920+00:00 | BftProcessorExecutor-QBFT-0 | INFO  | QbftBesuControllerBuilder | Imported #229 / 160 tx / 185 pending / 38,715,200 (0.0%) gas / (0xa0c5cb57b4b8200c97f80251cdab4c4078f3147ed86d6611266d3a14f31e3a32)
2026-10-07 12:36:07.615+00:00 | BftProcessorExecutor-QBFT-0 | INFO  | QbftBesuControllerBuilder | Imported #230 / 115 tx / 70 pending / 27,826,550 (0.0%) gas / (0x13d3015d6e139803e3697f8e114e542eb1d1dc9b363abea79ddda8b37c93d63b)
2026-10-07 12:36:08.971+00:00 | BftProcessorExecutor-QBFT-0 | INFO  | QbftBesuControllerBuilder | Produced #231 / 70 tx / 0 pending / 16,937,900 (0.0%) gas / (0xbe15407ff552809f842a7e12b63528a39cc7ff1353def8d054fe68d8b7132a3f)
2026-10-07 12:36:10.090+00:00 | EthScheduler-Workers-0 | INFO  | PersistBlockTask | Block 232 (0x52e3e92012f5f51c0c9a68a7fd76c9c7b51addd84628bcd225bd598ba5189feb) is already imported
2026-10-07 12:36:10.090+00:00 | BftProcessorExecutor-QBFT-0 | INFO  | QbftBesuControllerBuilder | Imported #232 / 0 tx / 0 pending / 0 (0.0%) gas / (0x52e3e92012f5f51c0c9a68a7fd76c9c7b51addd84628bcd225bd598ba5189feb)
2026-10-07 12:36:12.093+00:00 | BftProcessorExecutor-QBFT-0 | INFO  | QbftBesuControllerBuilder | Imported #233 / 0 tx / 0 pending / 0 (0.0%) gas / (0x70b7b12b29f87da911bf4ea64adf7696a0599ad92c71f5a08034b7d9130c1232)
2026-10-07 12:36:14.083+00:00 | BftProcessorExecutor-QBFT-0 | INFO  | QbftBesuControllerBuilder | Imported #234 / 0 tx / 0 pending / 0 (0.0%) gas / (0x4d58788db3812c03c5437c8e4de67d2c2837dbcdac76f9c12321daafb33aa831)
2026-10-07 12:36:16.086+00:00 | BftProcessorExecutor-QBFT-0 | INFO  | QbftBesuControllerBuilder | Imported #235 / 0 tx / 0 pending / 0 (0.0%) gas / (0x6e53cf16d99657af33ec624d82148110859c03729be09c5455d1f22f6b553171)
2026-10-07 12:36:16.087+00:00 | EthScheduler-Workers-0 | INFO  | PersistBlockTask | Block 235 (0x6e53cf16d99657af33ec624d82148110859c03729be09c5455d1f22f6b553171) is already imported
2026-10-07 12:36:18.092+00:00 | BftProcessorExecutor-QBFT-0 | INFO  | QbftBesuControllerBuilder | Imported #236 / 0 tx / 0 pending / 0 (0.0%) gas / (0xcbacbbad094257b9135b653068a5004d6c79b7971b07bb870abecd8608bafb17)
2026-10-07 12:36:20.101+00:00 | EthScheduler-Workers-0 | INFO  | PersistBlockTask | Block 237 (0x48e65156cdac4a2a3bf1925c27e51f6f59582421c54c6ae851c61eb077f6d07d) is already imported
2026-10-07 12:36:20.102+00:00 | BftProcessorExecutor-QBFT-0 | INFO  | QbftBesuControllerBuilder | Imported #237 / 0 tx / 0 pending / 0 (0.0%) gas / (0x48e65156cdac4a2a3bf1925c27e51f6f59582421c54c6ae851c61eb077f6d07d)
2026-10-07 12:36:22.083+00:00 | BftProcessorExecutor-QBFT-0 | INFO  | QbftBesuControllerBuilder | Imported #238 / 0 tx / 0 pending / 0 (0.0%) gas / (0xf1de01488c3cd6906c5ab7403731f584a505b8ec0aeab8fcc7603e904af36e6b)
2026-10-07 12:36:24.083+00:00 | BftProcessorExecutor-QBFT-0 | INFO  | QbftBesuControllerBuilder | Imported #239 / 0 tx / 0 pending / 0 (0.0%) gas / (0xc3620dc2b317373b1df5fe5c59fc0632f0b8049851cb84d8edace5e87397d894)
2026-10-07 12:36:26.084+00:00 | BftProcessorExecutor-QBFT-0 | INFO  | QbftBesuControllerBuilder | Imported #240 / 0 tx / 0 pending / 0 (0.0%) gas / (0x56a4342669100a7826806744bbaf0c4241ca48d0f7388a53943b6e8ea7490937)
2026-10-07 12:36:28.088+00:00 | BftProcessorExecutor-QBFT-0 | INFO  | QbftBesuControllerBuilder | Imported #241 / 0 tx / 0 pending / 0 (0.0%) gas / (0x9a6b53551406e0f07b7322924d93bae91f81b58ff1fbfc3763a3979ab7d8153e)
2026-10-07 12:36:30.100+00:00 | BftProcessorExecutor-QBFT-0 | INFO  | QbftBesuControllerBuilder | Imported #242 / 0 tx / 0 pending / 0 (0.0%) gas / (0x7afd5bb1f322a1c1c2c612869424d973ae5a9a2412ff53ede7ac35e7c26dc6bc)
2026-10-07 12:36:32.093+00:00 | BftProcessorExecutor-QBFT-0 | INFO  | QbftBesuControllerBuilder | Imported #243 / 0 tx / 0 pending / 0 (0.0%) gas / (0x890712e161934a03abfcd68f8fb6da20104c51d79e974eac3e37391729930214)
2026-10-07 12:36:34.087+00:00 | BftProcessorExecutor-QBFT-0 | INFO  | QbftBesuControllerBuilder | Imported #244 / 0 tx / 0 pending / 0 (0.0%) gas / (0x7e81ec0e459319e3f3c611aa5ab53987dac356f5649a43e316c22042a1ddeb09)
2026-10-07 12:36:36.093+00:00 | BftProcessorExecutor-QBFT-0 | INFO  | QbftBesuControllerBuilder | Imported #245 / 0 tx / 0 pending / 0 (0.0%) gas / (0x0295ace7ebad7263ce8ec6b6dade29fe8e8f22ef3928d2216dc89f636705a364)
2026-10-07 12:36:36.094+00:00 | EthScheduler-Workers-0 | INFO  | PersistBlockTask | Block 245 (0x0295ace7ebad7263ce8ec6b6dade29fe8e8f22ef3928d2216dc89f636705a364) is already imported
2026-10-07 12:36:38.095+00:00 | BftProcessorExecutor-QBFT-0 | INFO  | QbftBesuControllerBuilder | Produced #246 / 0 tx / 0 pending / 0 (0.0%) gas / (0xcf2bdbfe06d91df93e11261e9f137e2f4c8b03b4f568c2e5936f9f64be97d4f6)
2026-10-07 12:36:40.090+00:00 | BftProcessorExecutor-QBFT-0 | INFO  | QbftBesuControllerBuilder | Imported #247 / 0 tx / 0 pending / 0 (0.0%) gas / (0x447e46870db46259d742ba2858aa15ebc6184bc1ca82ae78e87147e2fe5729f2)
2026-10-07 12:36:42.092+00:00 | BftProcessorExecutor-QBFT-0 | INFO  | QbftBesuControllerBuilder | Imported #248 / 0 tx / 0 pending / 0 (0.0%) gas / (0x94125d3cd6c526047801d9d91a950e4868ce75766b338c0eada8946d2ffbff86)
2026-10-07 12:36:44.085+00:00 | BftProcessorExecutor-QBFT-0 | INFO  | QbftBesuControllerBuilder | Imported #249 / 0 tx / 0 pending / 0 (0.0%) gas / (0x5c9227e7b71a0725382f616a32218c04339d1a1165976df64ccb12b2436d374f)
2026-10-07 12:36:44.085+00:00 | EthScheduler-Workers-0 | INFO  | PersistBlockTask | Block 249 (0x5c9227e7b71a0725382f616a32218c04339d1a1165976df64ccb12b2436d374f) is already imported
2026-10-07 12:36:46.096+00:00 | BftProcessorExecutor-QBFT-0 | INFO  | QbftBesuControllerBuilder | Imported #250 / 0 tx / 0 pending / 0 (0.0%) gas / (0xf7800cc575981654cd8f808556e91110c6830856aad954493f78cc425c5be7a9)
2026-10-07 12:36:48.098+00:00 | BftProcessorExecutor-QBFT-0 | INFO  | QbftBesuControllerBuilder | Imported #251 / 0 tx / 0 pending / 0 (0.0%) gas / (0x72811c5566e02afe067872bb77df39246227463583246fc333a255ba87e472e7)
2026-10-07 12:36:48.100+00:00 | EthScheduler-Workers-0 | INFO  | PersistBlockTask | Block 251 (0x72811c5566e02afe067872bb77df39246227463583246fc333a255ba87e472e7) is already imported
2026-10-07 12:36:50.073+00:00 | BftProcessorExecutor-QBFT-0 | INFO  | QbftBesuControllerBuilder | Imported #252 / 0 tx / 0 pending / 0 (0.0%) gas / (0x69d9b51ec1e6404d34b7fb339bd171370565e05a1aaf3677ec0b685f5e6e88b4)
2026-10-07 12:36:52.081+00:00 | BftProcessorExecutor-QBFT-0 | INFO  | QbftBesuControllerBuilder | Imported #253 / 0 tx / 0 pending / 0 (0.0%) gas / (0x63e3983ed03f40e9fcb6cb4a744b14df5e05e2ab54fe41d6f02d98d2cafd522a)
2026-10-07 12:36:54.097+00:00 | BftProcessorExecutor-QBFT-0 | INFO  | QbftBesuControllerBuilder | Imported #254 / 0 tx / 0 pending / 0 (0.0%) gas / (0xae931279831127c84cf785941a3323f208a5ac5c9c3164eda358821aec37ea2c)
2026-10-07 12:36:54.097+00:00 | EthScheduler-Workers-0 | INFO  | PersistBlockTask | Block 254 (0xae931279831127c84cf785941a3323f208a5ac5c9c3164eda358821aec37ea2c) is already imported
2026-10-07 12:36:56.068+00:00 | BftProcessorExecutor-QBFT-0 | INFO  | QbftBesuControllerBuilder | Imported #255 / 0 tx / 0 pending / 0 (0.0%) gas / (0xe49dd2ed9d53d6eacae30bc7085aa888a08e294e5aae0894eff78cdce4378703)
2026-10-07 12:36:58.080+00:00 | BftProcessorExecutor-QBFT-0 | INFO  | QbftBesuControllerBuilder | Imported #256 / 0 tx / 0 pending / 0 (0.0%) gas / (0xc553f2675ecb7d787521487202825696505a537ed946cb493bf45eda7a5506a0)
2026-10-07 12:37:00.088+00:00 | BftProcessorExecutor-QBFT-0 | INFO  | QbftBesuControllerBuilder | Imported #257 / 0 tx / 0 pending / 0 (0.0%) gas / (0x981d614635813cce8414f62e6d9e8ba26c4c68fa9f14d45e32dd82462d439ba0)
2026-10-07 12:37:02.092+00:00 | BftProcessorExecutor-QBFT-0 | INFO  | QbftBesuControllerBuilder | Imported #258 / 0 tx / 0 pending / 0 (0.0%) gas / (0xbd3ebdbaec37d9e99053d28477a46d7938bd8f311e2fa0b66fdeda19c8e6c6a7)
2026-10-07 12:37:02.092+00:00 | EthScheduler-Workers-0 | INFO  | PersistBlockTask | Block 258 (0xbd3ebdbaec37d9e99053d28477a46d7938bd8f311e2fa0b66fdeda19c8e6c6a7) is already imported
2026-10-07 12:37:04.085+00:00 | BftProcessorExecutor-QBFT-0 | INFO  | QbftBesuControllerBuilder | Imported #259 / 0 tx / 0 pending / 0 (0.0%) gas / (0x6f2c9459c289e40fb19e6cec080efd99645dfb1dc1a6af8a5417c524f9bdd578)
2026-10-07 12:37:06.097+00:00 | EthScheduler-Workers-0 | INFO  | PersistBlockTask | Block 260 (0x3da0256b465929ad19a60674b1770d8445892a2a4f12b9fba236a8a0dc0c6762) is already imported
2026-10-07 12:37:06.097+00:00 | BftProcessorExecutor-QBFT-0 | INFO  | QbftBesuControllerBuilder | Imported #260 / 0 tx / 0 pending / 0 (0.0%) gas / (0x3da0256b465929ad19a60674b1770d8445892a2a4f12b9fba236a8a0dc0c6762)
2026-10-07 12:37:08.076+00:00 | BftProcessorExecutor-QBFT-0 | INFO  | QbftBesuControllerBuilder | Produced #261 / 0 tx / 0 pending / 0 (0.0%) gas / (0x5bc5d620c581961184d8f684a0dc3d65d3417ef8639e3c7e17e3e53f169367a2)
2026-10-07 12:37:10.093+00:00 | BftProcessorExecutor-QBFT-0 | INFO  | QbftBesuControllerBuilder | Imported #262 / 0 tx / 0 pending / 0 (0.0%) gas / (0xccb71bb674a0e7169856418a543463cf194b5669d7a390460981fa80bb9c346c)
2026-10-07 12:37:12.095+00:00 | BftProcessorExecutor-QBFT-0 | INFO  | QbftBesuControllerBuilder | Imported #263 / 0 tx / 0 pending / 0 (0.0%) gas / (0xfd9ff8f42b38b291acaa685e6307b9d17e5b2087cb524cd05a1c535e88a0cf0b)
2026-10-07 12:37:14.088+00:00 | BftProcessorExecutor-QBFT-0 | INFO  | QbftBesuControllerBuilder | Imported #264 / 0 tx / 0 pending / 0 (0.0%) gas / (0x49fb3c10936e6af889aab4a7f152bf14989d386778431ccef6a5064bee5291ba)
2026-10-07 12:37:16.097+00:00 | BftProcessorExecutor-QBFT-0 | INFO  | QbftBesuControllerBuilder | Imported #265 / 0 tx / 0 pending / 0 (0.0%) gas / (0x69cfa72c8081ffbe5523d6f7e28f26b6cb27eb70f23d3055f56da6da76687b0a)
2026-10-07 12:37:18.095+00:00 | BftProcessorExecutor-QBFT-0 | INFO  | QbftBesuControllerBuilder | Imported #266 / 0 tx / 0 pending / 0 (0.0%) gas / (0x78f04bf00ef27cf6a68421f6c3c060ceb621ad2811fb4d0770ada14c70cb3cb7)
2026-10-07 12:37:20.094+00:00 | BftProcessorExecutor-QBFT-0 | INFO  | QbftBesuControllerBuilder | Imported #267 / 0 tx / 0 pending / 0 (0.0%) gas / (0x74acabeff63919031979d941b845337d32409bc1809dc0ed5e91663962492249)
2026-10-07 12:37:22.098+00:00 | BftProcessorExecutor-QBFT-0 | INFO  | QbftBesuControllerBuilder | Imported #268 / 0 tx / 0 pending / 0 (0.0%) gas / (0xc9c2d1d22fda241ca559ca076c1bfe875f38948d529584d4718aba65e209c9ca)
2026-10-07 12:37:24.092+00:00 | EthScheduler-Workers-0 | INFO  | PersistBlockTask | Block 269 (0x8a4942957e606dd3d1a8f418bcd43d99bbf1b39278a366ccdbd99b5ad7901e5d) is already imported
2026-10-07 12:37:24.093+00:00 | BftProcessorExecutor-QBFT-0 | INFO  | QbftBesuControllerBuilder | Imported #269 / 0 tx / 0 pending / 0 (0.0%) gas / (0x8a4942957e606dd3d1a8f418bcd43d99bbf1b39278a366ccdbd99b5ad7901e5d)
2026-10-07 12:37:26.117+00:00 | EthScheduler-Workers-0 | INFO  | PersistBlockTask | Block 270 (0x0a37d7976d746a36a9863e9316e4618f56a81bb2011741d0a1c38730558b397d) is already imported
2026-10-07 12:37:26.117+00:00 | BftProcessorExecutor-QBFT-0 | INFO  | QbftBesuControllerBuilder | Imported #270 / 1 tx / 7 pending / 153,630 (0.0%) gas / (0x0a37d7976d746a36a9863e9316e4618f56a81bb2011741d0a1c38730558b397d)
2026-10-07 12:37:28.076+00:00 | BftProcessorExecutor-QBFT-0 | INFO  | QbftBesuControllerBuilder | Imported #271 / 1 tx / 6 pending / 153,626 (0.0%) gas / (0x23dcac782c142d2cbcf6877ec1fae6ae956879b9415a4165d41058fe260808a3)
2026-10-07 12:37:30.104+00:00 | BftProcessorExecutor-QBFT-0 | INFO  | QbftBesuControllerBuilder | Imported #272 / 1 tx / 5 pending / 153,618 (0.0%) gas / (0x1a9153f382032b6d88fdc1a134e50b39f3b82b4c4fc693ce99bbf8ded50810a5)
2026-10-07 12:37:32.132+00:00 | EthScheduler-Workers-0 | INFO  | PersistBlockTask | Block 273 (0x2f95057bf3e11ef5c44c0be25b1929a3b3063402c440e1a62b555616c87db94a) is already imported
2026-10-07 12:37:32.132+00:00 | BftProcessorExecutor-QBFT-0 | INFO  | QbftBesuControllerBuilder | Imported #273 / 1 tx / 4 pending / 153,650 (0.0%) gas / (0x2f95057bf3e11ef5c44c0be25b1929a3b3063402c440e1a62b555616c87db94a)
2026-10-07 12:37:34.130+00:00 | BftProcessorExecutor-QBFT-0 | INFO  | QbftBesuControllerBuilder | Imported #274 / 1 tx / 3 pending / 153,614 (0.0%) gas / (0x97ae66cfa4ca395be88c4d34376459ea195d0b1cda3285605fbf066398e70a7c)
2026-10-07 12:37:34.132+00:00 | EthScheduler-Workers-0 | INFO  | PersistBlockTask | Block 274 (0x97ae66cfa4ca395be88c4d34376459ea195d0b1cda3285605fbf066398e70a7c) is already imported
2026-10-07 12:37:36.094+00:00 | BftProcessorExecutor-QBFT-0 | INFO  | QbftBesuControllerBuilder | Imported #275 / 1 tx / 2 pending / 153,618 (0.0%) gas / (0x5cb259bf233990cfe7e1080f5a79fb949b1957704aae56a5d705436caa6e0097)
2026-10-07 12:37:38.101+00:00 | EthScheduler-Workers-0 | INFO  | PersistBlockTask | Block 276 (0xd42c1b8ffd87905a0c6c99beb4f5e3b50e5927b200223cceb1b1d5cc71f90935) is already imported
2026-10-07 12:37:38.101+00:00 | BftProcessorExecutor-QBFT-0 | INFO  | QbftBesuControllerBuilder | Produced #276 / 1 tx / 1 pending / 153,630 (0.0%) gas / (0xd42c1b8ffd87905a0c6c99beb4f5e3b50e5927b200223cceb1b1d5cc71f90935)
2026-10-07 12:37:40.104+00:00 | BftProcessorExecutor-QBFT-0 | INFO  | QbftBesuControllerBuilder | Imported #277 / 1 tx / 0 pending / 153,626 (0.0%) gas / (0xaf9b7a4f8f720012c5155a954ca032d83b90d03c23beab282fc55bd479ef1498)
2026-10-07 12:37:42.085+00:00 | EthScheduler-Workers-0 | INFO  | PersistBlockTask | Imported #278 / 0 tx / 0 om / 0 (0.0%) gas / (0xd6cdb7fcf97909e182aeecc069118baf196a327abc104728e152ae811c8f9fb3) in 0.005s. Peers: 14
2026-10-07 12:37:42.086+00:00 | BftProcessorExecutor-QBFT-0 | INFO  | QbftBesuControllerBuilder | Imported #278 / 0 tx / 0 pending / 0 (0.0%) gas / (0xd6cdb7fcf97909e182aeecc069118baf196a327abc104728e152ae811c8f9fb3)
2026-10-07 12:37:44.087+00:00 | EthScheduler-Workers-0 | INFO  | PersistBlockTask | Imported #279 / 0 tx / 0 om / 0 (0.0%) gas / (0x195f9e6876c9aa7b365b75dc6a07e8707a471878f9bab35523e1117dd079a61c) in 0.002s. Peers: 14
2026-10-07 12:37:44.088+00:00 | BftProcessorExecutor-QBFT-0 | INFO  | QbftBesuControllerBuilder | Imported #279 / 0 tx / 0 pending / 0 (0.0%) gas / (0x195f9e6876c9aa7b365b75dc6a07e8707a471878f9bab35523e1117dd079a61c)
2026-10-07 12:37:46.094+00:00 | BftProcessorExecutor-QBFT-0 | INFO  | QbftBesuControllerBuilder | Imported #280 / 0 tx / 0 pending / 0 (0.0%) gas / (0xf79445ad9174d8d09e51ab27fde6b9322543ab98609fff42b804068626ef1b8d)
2026-10-07 12:37:48.088+00:00 | BftProcessorExecutor-QBFT-0 | INFO  | QbftBesuControllerBuilder | Imported #281 / 0 tx / 0 pending / 0 (0.0%) gas / (0x53952d455b56893c5d4c66dee3b01b85a561ec5ccbeaa2464e803767790bf260)
2026-10-07 12:37:50.091+00:00 | BftProcessorExecutor-QBFT-0 | INFO  | QbftBesuControllerBuilder | Imported #282 / 0 tx / 0 pending / 0 (0.0%) gas / (0xd0781937ccb2596159fb295a695d358ba646ec5b517a7fe3b93a3eabd9e3bb75)
2026-10-07 12:37:52.079+00:00 | EthScheduler-Workers-0 | INFO  | PersistBlockTask | Imported #283 / 0 tx / 0 om / 0 (0.0%) gas / (0x117b8a9fcb474230463dd502777d7d5d8003ad6002758bf6c28ede462991ea78) in 0.003s. Peers: 14
2026-10-07 12:37:54.092+00:00 | BftProcessorExecutor-QBFT-0 | INFO  | QbftBesuControllerBuilder | Imported #284 / 0 tx / 0 pending / 0 (0.0%) gas / (0x22055cb4a0e836d8a0da0334d226692867ba8be8b889c5a1565fc7393aa173bf)
2026-10-07 12:37:54.094+00:00 | EthScheduler-Workers-0 | INFO  | PersistBlockTask | Block 284 (0x22055cb4a0e836d8a0da0334d226692867ba8be8b889c5a1565fc7393aa173bf) is already imported
2026-10-07 12:37:56.095+00:00 | BftProcessorExecutor-QBFT-0 | INFO  | QbftBesuControllerBuilder | Imported #285 / 0 tx / 0 pending / 0 (0.0%) gas / (0xfcf9b93dcf412d62a964cff16a73f4b8d6d695bb820895f22a239c83440b86cd)
2026-10-07 12:37:58.453+00:00 | EthScheduler-Workers-0 | INFO  | PersistBlockTask | Block 286 (0x9c1da7b72a7c1de09b6f89e95228584d5411ed07f0c50e0af37f1d52e4dae108) is already imported
2026-10-07 12:37:58.453+00:00 | BftProcessorExecutor-QBFT-0 | INFO  | QbftBesuControllerBuilder | Imported #286 / 16 tx / 317 pending / 3,871,520 (0.0%) gas / (0x9c1da7b72a7c1de09b6f89e95228584d5411ed07f0c50e0af37f1d52e4dae108)
2026-10-07 12:38:00.739+00:00 | BftProcessorExecutor-QBFT-0 | INFO  | QbftBesuControllerBuilder | Imported #287 / 35 tx / 670 pending / 8,468,950 (0.0%) gas / (0xf04087025398e84c3f4f6d47829a7a01c77da3d530a2f3ca882638be9132a005)
2026-10-07 12:38:02.919+00:00 | BftProcessorExecutor-QBFT-0 | INFO  | QbftBesuControllerBuilder | Imported #288 / 58 tx / 1034 pending / 14,034,260 (0.0%) gas / (0xaefc257f6f49b30556553d5b73cf55d03d8fc5f0eea51fc84b741f4207f2e227)
2026-10-07 12:38:05.367+00:00 | BftProcessorExecutor-QBFT-0 | INFO  | QbftBesuControllerBuilder | Imported #289 / 88 tx / 1562 pending / 21,293,360 (0.0%) gas / (0x2f39786d5fd5392208fe95f8b5dbf16c0ef10513e4a764e99e3b21ffa6226a22)
2026-10-07 12:38:07.891+00:00 | BftProcessorExecutor-QBFT-0 | INFO  | QbftBesuControllerBuilder | Imported #290 / 129 tx / 2191 pending / 31,214,130 (0.0%) gas / (0x1602e05998b7bd4a52413774510158aaf48774b5898f15af3c6799b205e7f59f)
2026-10-07 12:38:10.387+00:00 | EthScheduler-Workers-0 | INFO  | PersistBlockTask | Block 291 (0x769ef8785875d930ee5487aeb5024b8f074a9be419a66bce91c5f0a9bced8979) is already imported
2026-10-07 12:38:10.388+00:00 | BftProcessorExecutor-QBFT-0 | INFO  | QbftBesuControllerBuilder | Produced #291 / 172 tx / 3030 pending / 41,618,840 (0.0%) gas / (0x769ef8785875d930ee5487aeb5024b8f074a9be419a66bce91c5f0a9bced8979)
2026-10-07 12:38:13.684+00:00 | EthScheduler-Workers-0 | INFO  | PersistBlockTask | Block 292 (0x77bb7960466e0075f7c9754fdb474d4af0e5223db38de6b7340796de19a9b89e) is already imported
2026-10-07 12:38:13.689+00:00 | BftProcessorExecutor-QBFT-0 | INFO  | QbftBesuControllerBuilder | Imported #292 / 234 tx / 3364 pending / 56,620,980 (0.0%) gas / (0x77bb7960466e0075f7c9754fdb474d4af0e5223db38de6b7340796de19a9b89e)
2026-10-07 12:38:17.485+00:00 | BftProcessorExecutor-QBFT-0 | INFO  | QbftBesuControllerBuilder | Imported #293 / 272 tx / 3092 pending / 65,815,840 (0.0%) gas / (0x8390a66602e2bcff63a3ad278942f42c470a1a30694b5a66be366fca470f5dc8)
2026-10-07 12:38:21.279+00:00 | BftProcessorExecutor-QBFT-0 | INFO  | QbftBesuControllerBuilder | Imported #294 / 272 tx / 2820 pending / 65,815,840 (0.0%) gas / (0x1d483199b49303b6bb2d35fffe3f2eb7fa7115e3d7fb45bf205454d4fc924f77)
2026-10-07 12:38:25.068+00:00 | BftProcessorExecutor-QBFT-0 | INFO  | QbftBesuControllerBuilder | Imported #295 / 272 tx / 2548 pending / 65,815,840 (0.0%) gas / (0x54595519b902d08ba27b7d88dc67176df527cd2cd9b8e4e3528f98ba442f06f2)
2026-10-07 12:38:28.984+00:00 | BftProcessorExecutor-QBFT-0 | INFO  | QbftBesuControllerBuilder | Imported #296 / 272 tx / 2276 pending / 65,815,840 (0.0%) gas / (0x59aecd7fa81b2554d750990ec1cc5f9c8d732ed7e91ad9b53b42353bf8a00e09)
2026-10-07 12:38:32.828+00:00 | BftProcessorExecutor-QBFT-0 | INFO  | QbftBesuControllerBuilder | Imported #297 / 272 tx / 2004 pending / 65,815,840 (0.0%) gas / (0xbf58a7ba767113bc26b62fc65d6341f8a51afeba19b343a7fb428b7bdea1a912)
2026-10-07 12:38:36.617+00:00 | BftProcessorExecutor-QBFT-0 | INFO  | QbftBesuControllerBuilder | Imported #298 / 272 tx / 1732 pending / 65,815,840 (0.0%) gas / (0x5e05926a327e222e1f008b8ef66403764b7c3e69a90bd372cfe5bfea3eaea1da)
2026-10-07 12:38:40.332+00:00 | BftProcessorExecutor-QBFT-0 | INFO  | QbftBesuControllerBuilder | Imported #299 / 272 tx / 1460 pending / 65,815,840 (0.0%) gas / (0xeb299b1d6472124b90b07ef61033b392a47516791ce4f33af06184965793c3d6)
2026-10-07 12:38:44.213+00:00 | BftProcessorExecutor-QBFT-0 | INFO  | QbftBesuControllerBuilder | Imported #300 / 275 tx / 1185 pending / 66,541,750 (0.0%) gas / (0x9a312374568ff2d698ced4fa49a4161dc23e9d649dc82f91a82c430990ddb94f)
2026-10-07 12:38:47.810+00:00 | BftProcessorExecutor-QBFT-0 | INFO  | QbftBesuControllerBuilder | Imported #301 / 259 tx / 926 pending / 62,670,230 (0.0%) gas / (0x23b095eaa18249e39beab46da4f0674535feb2b7fbf5b6ba070d695f19e09817)
2026-10-07 12:38:51.166+00:00 | BftProcessorExecutor-QBFT-0 | INFO  | QbftBesuControllerBuilder | Imported #302 / 240 tx / 686 pending / 58,072,800 (0.0%) gas / (0x0fbfe346e961bb238f6cc1e92165935c4c2f37e3a9f86935d141f683e7191cd8)
2026-10-07 12:38:54.191+00:00 | BftProcessorExecutor-QBFT-0 | INFO  | QbftBesuControllerBuilder | Imported #303 / 217 tx / 469 pending / 52,507,490 (0.0%) gas / (0x4cdc18b2115a1f9eadeab5a822f99c933a5ddadf2c278f39161ccaaf47f1d2ea)
2026-10-07 12:38:56.788+00:00 | BftProcessorExecutor-QBFT-0 | INFO  | QbftBesuControllerBuilder | Imported #304 / 187 tx / 282 pending / 45,248,390 (0.0%) gas / (0xae8f00640140cdf0f39e902ae1d62b45903655c30c8286d0dd66da8747f2246b)
2026-10-07 12:38:58.858+00:00 | EthScheduler-Workers-0 | INFO  | PersistBlockTask | Block 305 (0x981be89a2bb2a7b441d688ca470e8b0e16a697c4658d708f3262e09cd2bde585) is already imported
2026-10-07 12:38:58.859+00:00 | BftProcessorExecutor-QBFT-0 | INFO  | QbftBesuControllerBuilder | Imported #305 / 144 tx / 138 pending / 34,843,680 (0.0%) gas / (0x981be89a2bb2a7b441d688ca470e8b0e16a697c4658d708f3262e09cd2bde585)
2026-10-07 12:39:00.565+00:00 | EthScheduler-Workers-0 | INFO  | PersistBlockTask | Block 306 (0xefa6fd93a75c8c3c504d4d7ce7eeff5214b365b33579fedc07afefb101098ae5) is already imported
2026-10-07 12:39:00.565+00:00 | BftProcessorExecutor-QBFT-0 | INFO  | QbftBesuControllerBuilder | Produced #306 / 100 tx / 38 pending / 24,197,000 (0.0%) gas / (0xefa6fd93a75c8c3c504d4d7ce7eeff5214b365b33579fedc07afefb101098ae5)
2026-10-07 12:39:01.581+00:00 | BftProcessorExecutor-QBFT-0 | INFO  | QbftBesuControllerBuilder | Imported #307 / 38 tx / 0 pending / 9,194,860 (0.0%) gas / (0x7e046d1e385351c31ddc7764d55402627e490d4798c9bc8321c1ea41b9a30f5f)
2026-10-07 12:39:03.074+00:00 | BftProcessorExecutor-QBFT-0 | INFO  | QbftBesuControllerBuilder | Imported #308 / 0 tx / 0 pending / 0 (0.0%) gas / (0x353be8a6e47b90e031da22b72dc2bb295e58ddadb2c04a869e2f398ce1f18aca)
2026-10-07 12:39:05.091+00:00 | BftProcessorExecutor-QBFT-0 | INFO  | QbftBesuControllerBuilder | Imported #309 / 0 tx / 0 pending / 0 (0.0%) gas / (0xa687e505ef11782eec20f45c7866e2f1bce1f95e8b3899611b83b3f5771c7a50)
2026-10-07 12:39:07.091+00:00 | BftProcessorExecutor-QBFT-0 | INFO  | QbftBesuControllerBuilder | Imported #310 / 0 tx / 0 pending / 0 (0.0%) gas / (0xe200536cb7de820ff9eb5d9b86335b6291ab0dc16f9a385211e9d4bab8bd69bd)
2026-10-07 12:39:09.095+00:00 | BftProcessorExecutor-QBFT-0 | INFO  | QbftBesuControllerBuilder | Imported #311 / 0 tx / 0 pending / 0 (0.0%) gas / (0x355d31d346fd3cbb7c4569c5febd3f7c87bf7ddea6a4b40a11c659d905c5943c)
2026-10-07 12:39:11.097+00:00 | BftProcessorExecutor-QBFT-0 | INFO  | QbftBesuControllerBuilder | Imported #312 / 0 tx / 0 pending / 0 (0.0%) gas / (0x71fcc4f0e7e07652eb5a94ed2cf057f6006876c854364ed254c58fd0fdcfb9df)
2026-10-07 12:39:13.099+00:00 | BftProcessorExecutor-QBFT-0 | INFO  | QbftBesuControllerBuilder | Imported #313 / 0 tx / 0 pending / 0 (0.0%) gas / (0x2025b6c72a3eea1d3b2ceec57b39a2fea42c2ef36f4357e8485e7e0c799f38a0)
2026-10-07 12:39:15.092+00:00 | BftProcessorExecutor-QBFT-0 | INFO  | QbftBesuControllerBuilder | Imported #314 / 0 tx / 0 pending / 0 (0.0%) gas / (0xfa20ccfad9ca4d42a7cafd1ccad06664eabb6c7ec4d15e1604043ca0624e9b0c)
2026-10-07 12:39:17.086+00:00 | BftProcessorExecutor-QBFT-0 | INFO  | QbftBesuControllerBuilder | Imported #315 / 0 tx / 0 pending / 0 (0.0%) gas / (0x1db07812099b2beac72989542eac04b3ecb1307e20455ebc871a47434eaf1cf6)
2026-10-07 12:39:19.097+00:00 | BftProcessorExecutor-QBFT-0 | INFO  | QbftBesuControllerBuilder | Imported #316 / 0 tx / 0 pending / 0 (0.0%) gas / (0x32aaf8386c6297155cfc7733738837d24fc847cf7c9adf99f5d3a28f616a7caa)
2026-10-07 12:39:21.097+00:00 | BftProcessorExecutor-QBFT-0 | INFO  | QbftBesuControllerBuilder | Imported #317 / 0 tx / 0 pending / 0 (0.0%) gas / (0xeb2d6f684c21c1cd47d07cc7c32442042f70650f92e2de3c03e4098bdb49a2cc)
2026-10-07 12:39:23.095+00:00 | BftProcessorExecutor-QBFT-0 | INFO  | QbftBesuControllerBuilder | Imported #318 / 0 tx / 0 pending / 0 (0.0%) gas / (0x5e0870f0aa391893eb76087b0c6737e59c66730e79d81595590bac39501a6c5e)
2026-10-07 12:39:25.097+00:00 | BftProcessorExecutor-QBFT-0 | INFO  | QbftBesuControllerBuilder | Imported #319 / 0 tx / 0 pending / 0 (0.0%) gas / (0x1ca22f3ea8b3053b2b18c5c6000bb1b27e222378022f8e42e8ec15f3841a0678)
2026-10-07 12:39:27.098+00:00 | BftProcessorExecutor-QBFT-0 | INFO  | QbftBesuControllerBuilder | Imported #320 / 0 tx / 0 pending / 0 (0.0%) gas / (0x41c2b55526624580c1892c4593d0c590d35321948de34d94f4e2b1430c5fd0ed)
2026-10-07 12:39:29.098+00:00 | BftProcessorExecutor-QBFT-0 | INFO  | QbftBesuControllerBuilder | Produced #321 / 0 tx / 0 pending / 0 (0.0%) gas / (0xbbb50cec60098c67287796cde659feeaa8ddb5ce648747f1a6fead0c16b57cc6)
2026-10-07 12:39:29.098+00:00 | EthScheduler-Workers-0 | INFO  | PersistBlockTask | Block 321 (0xbbb50cec60098c67287796cde659feeaa8ddb5ce648747f1a6fead0c16b57cc6) is already imported
2026-10-07 12:39:31.099+00:00 | BftProcessorExecutor-QBFT-0 | INFO  | QbftBesuControllerBuilder | Imported #322 / 0 tx / 0 pending / 0 (0.0%) gas / (0xf153585e3f57652fa8070035f94301fa8d237795e3ffdc99d1baf4e592fcc2d3)
2026-10-07 12:39:33.099+00:00 | BftProcessorExecutor-QBFT-0 | INFO  | QbftBesuControllerBuilder | Imported #323 / 0 tx / 0 pending / 0 (0.0%) gas / (0x80f8f5c2f92c7dca38d5156e7297ced42b6bada5ef9dba020bf3c39fb95eab56)
2026-10-07 12:39:33.101+00:00 | EthScheduler-Workers-0 | INFO  | PersistBlockTask | Block 323 (0x80f8f5c2f92c7dca38d5156e7297ced42b6bada5ef9dba020bf3c39fb95eab56) is already imported
2026-10-07 12:39:35.091+00:00 | BftProcessorExecutor-QBFT-0 | INFO  | QbftBesuControllerBuilder | Imported #324 / 0 tx / 0 pending / 0 (0.0%) gas / (0x2ef1579fa7e2a8c6e439f93290d0eed2dad6c30a185c33f30077288f4b74acde)
2026-10-07 12:39:35.094+00:00 | EthScheduler-Workers-0 | INFO  | PersistBlockTask | Block 324 (0x2ef1579fa7e2a8c6e439f93290d0eed2dad6c30a185c33f30077288f4b74acde) is already imported
2026-10-07 12:39:37.096+00:00 | BftProcessorExecutor-QBFT-0 | INFO  | QbftBesuControllerBuilder | Imported #325 / 0 tx / 0 pending / 0 (0.0%) gas / (0x7ba62d94ec729d7a9a580f2be2a6c4d4c49ac0029edf9296a6b79da051ba2f31)
2026-10-07 12:39:39.097+00:00 | BftProcessorExecutor-QBFT-0 | INFO  | QbftBesuControllerBuilder | Imported #326 / 0 tx / 0 pending / 0 (0.0%) gas / (0x1eb5c333580ebe69308cccd1ca964ebc162b752822c19d7192fe9eeef0df5480)
2026-10-07 12:39:41.090+00:00 | BftProcessorExecutor-QBFT-0 | INFO  | QbftBesuControllerBuilder | Imported #327 / 0 tx / 0 pending / 0 (0.0%) gas / (0xcbe9476fa817dfaa7b7f953f5a40fb66014289b782bd6e66cc5dfae2eb9ad834)
2026-10-07 12:39:43.094+00:00 | BftProcessorExecutor-QBFT-0 | INFO  | QbftBesuControllerBuilder | Imported #328 / 0 tx / 0 pending / 0 (0.0%) gas / (0x4f1bf4f0f8cfb58f59fea92d7db88e72867c6052a94ddabb7aaf662c63072549)
2026-10-07 12:39:45.097+00:00 | BftProcessorExecutor-QBFT-0 | INFO  | QbftBesuControllerBuilder | Imported #329 / 0 tx / 0 pending / 0 (0.0%) gas / (0xcf7a424a90f0590833be54abb3200f07e5c8260f580c67286dc54681c8f8763c)
2026-10-07 12:39:47.090+00:00 | BftProcessorExecutor-QBFT-0 | INFO  | QbftBesuControllerBuilder | Imported #330 / 0 tx / 0 pending / 0 (0.0%) gas / (0xa12b02da53391f4532b140207b4b0059cace37395d1582a3edddac1b3e6aa28f)
2026-10-07 12:39:49.099+00:00 | BftProcessorExecutor-QBFT-0 | INFO  | QbftBesuControllerBuilder | Imported #331 / 0 tx / 0 pending / 0 (0.0%) gas / (0x6afc3310b62f5c00afd8d4f75d3002e4001cb05a62d6e89c1a2bb7586c8f3e4c)
2026-10-07 12:39:51.082+00:00 | BftProcessorExecutor-QBFT-0 | INFO  | QbftBesuControllerBuilder | Imported #332 / 0 tx / 0 pending / 0 (0.0%) gas / (0x67e9b7861cbeb9283ea5e3df4fb2dee91e71223540a9dd8d28b6b7b236660d3b)
2026-10-07 12:39:53.090+00:00 | BftProcessorExecutor-QBFT-0 | INFO  | QbftBesuControllerBuilder | Imported #333 / 0 tx / 0 pending / 0 (0.0%) gas / (0xc55a85b6ce82b4c099e257e0774ae0c2a7bfdb5592e62d69286ae07ff74b22cf)
2026-10-07 12:39:55.089+00:00 | EthScheduler-Workers-0 | INFO  | PersistBlockTask | Block 334 (0x7a3dd719920f6bf52c7e28322727059adb6bc660552124b4863bd779a5bd5a99) is already imported
2026-10-07 12:39:55.089+00:00 | BftProcessorExecutor-QBFT-0 | INFO  | QbftBesuControllerBuilder | Imported #334 / 0 tx / 0 pending / 0 (0.0%) gas / (0x7a3dd719920f6bf52c7e28322727059adb6bc660552124b4863bd779a5bd5a99)
2026-10-07 12:39:57.093+00:00 | BftProcessorExecutor-QBFT-0 | INFO  | QbftBesuControllerBuilder | Imported #335 / 0 tx / 0 pending / 0 (0.0%) gas / (0x5430b955919da506376f304bf14ab42a4cd9e8d340e813234ee5af7257f02c51)
2026-10-07 12:39:59.089+00:00 | BftProcessorExecutor-QBFT-0 | INFO  | QbftBesuControllerBuilder | Produced #336 / 0 tx / 0 pending / 0 (0.0%) gas / (0x08e50a5d4f429c83a4be39727acebe4828df18a2915324122c7fb645752b8fa0)
2026-10-07 12:40:01.091+00:00 | BftProcessorExecutor-QBFT-0 | INFO  | QbftBesuControllerBuilder | Imported #337 / 0 tx / 0 pending / 0 (0.0%) gas / (0xd3f5e47141d68e9e9dd57fde2801f4b0abbd2679850bf5ae7d2dd9377f011aaf)
2026-10-07 12:40:03.093+00:00 | BftProcessorExecutor-QBFT-0 | INFO  | QbftBesuControllerBuilder | Imported #338 / 0 tx / 0 pending / 0 (0.0%) gas / (0x2fc7cf20d1b660d3f31dbd1082671bb50d2d7db7ff8f3e59fdf8217cbf9505ea)
2026-10-07 12:40:03.095+00:00 | EthScheduler-Workers-0 | INFO  | PersistBlockTask | Block 338 (0x2fc7cf20d1b660d3f31dbd1082671bb50d2d7db7ff8f3e59fdf8217cbf9505ea) is already imported
2026-10-07 12:40:05.099+00:00 | EthScheduler-Workers-0 | INFO  | PersistBlockTask | Imported #339 / 0 tx / 0 om / 0 (0.0%) gas / (0x2bea4b2af24507db4e8180789fd884bcbec8fe9a8a0db452050a6533fc8ae63c) in 0.002s. Peers: 14
2026-10-07 12:40:05.099+00:00 | BftProcessorExecutor-QBFT-0 | INFO  | QbftBesuControllerBuilder | Imported #339 / 0 tx / 0 pending / 0 (0.0%) gas / (0x2bea4b2af24507db4e8180789fd884bcbec8fe9a8a0db452050a6533fc8ae63c)
2026-10-07 12:40:07.088+00:00 | BftProcessorExecutor-QBFT-0 | INFO  | QbftBesuControllerBuilder | Imported #340 / 0 tx / 0 pending / 0 (0.0%) gas / (0xa652a7870185d10152261191c564e47279bc263deaf0d2aab9550f5101eaa2a9)
2026-10-07 12:40:09.086+00:00 | BftProcessorExecutor-QBFT-0 | INFO  | QbftBesuControllerBuilder | Imported #341 / 0 tx / 0 pending / 0 (0.0%) gas / (0x00625f8455a52fa9fd820799a0816622ee86ee503983162efa1731a5543e9016)
2026-10-07 12:40:09.087+00:00 | EthScheduler-Workers-0 | INFO  | PersistBlockTask | Block 341 (0x00625f8455a52fa9fd820799a0816622ee86ee503983162efa1731a5543e9016) is already imported
2026-10-07 12:40:11.084+00:00 | BftProcessorExecutor-QBFT-0 | INFO  | QbftBesuControllerBuilder | Imported #342 / 0 tx / 0 pending / 0 (0.0%) gas / (0x7cceaa032c9aa2e1646ac532102911392f55365ffecdd4683174c29869d0ae2e)
2026-10-07 12:40:13.079+00:00 | BftProcessorExecutor-QBFT-0 | INFO  | QbftBesuControllerBuilder | Imported #343 / 0 tx / 0 pending / 0 (0.0%) gas / (0x3fa42397d9030c76e3233e1cf3d22466b0b2b2fd7a5dd91f9bd1e5da23556d88)
2026-10-07 12:40:15.091+00:00 | BftProcessorExecutor-QBFT-0 | INFO  | QbftBesuControllerBuilder | Imported #344 / 0 tx / 0 pending / 0 (0.0%) gas / (0x3ff8dbe59c15d4ae27b094bea2f5d744dc6ea762af58960a4084c3fda864597f)
2026-10-07 12:40:15.092+00:00 | EthScheduler-Workers-0 | INFO  | PersistBlockTask | Block 344 (0x3ff8dbe59c15d4ae27b094bea2f5d744dc6ea762af58960a4084c3fda864597f) is already imported
2026-10-07 12:40:17.085+00:00 | BftProcessorExecutor-QBFT-0 | INFO  | QbftBesuControllerBuilder | Imported #345 / 0 tx / 0 pending / 0 (0.0%) gas / (0x4bc9506d18a94566e480ac112a87bdaba344ce0f8d66199a990cc579a0ea69bf)
2026-10-07 12:40:19.095+00:00 | BftProcessorExecutor-QBFT-0 | INFO  | QbftBesuControllerBuilder | Imported #346 / 0 tx / 0 pending / 0 (0.0%) gas / (0x7dda365126d5c26d9f489e4c002ee62a3f9aab8b563429d85c65b85ae9ca15b0)
2026-10-07 12:40:21.102+00:00 | EthScheduler-Workers-0 | INFO  | PersistBlockTask | Imported #347 / 1 tx / 0 om / 153,630 (0.0%) gas / (0x5dc7dff6f4ce8d96378e5bd9b6f44601f767cdbda5c342bdc11a7194be509b65) in 0.008s. Peers: 14
2026-10-07 12:40:21.102+00:00 | BftProcessorExecutor-QBFT-0 | INFO  | QbftBesuControllerBuilder | Imported #347 / 1 tx / 7 pending / 153,630 (0.0%) gas / (0x5dc7dff6f4ce8d96378e5bd9b6f44601f767cdbda5c342bdc11a7194be509b65)
2026-10-07 12:40:23.106+00:00 | BftProcessorExecutor-QBFT-0 | INFO  | QbftBesuControllerBuilder | Imported #348 / 1 tx / 6 pending / 153,630 (0.0%) gas / (0x55f0956dba41d28cedf3b99c96a42e4769ec0bfd64ac3083ecfdf4449430c7a6)
2026-10-07 12:40:25.109+00:00 | BftProcessorExecutor-QBFT-0 | INFO  | QbftBesuControllerBuilder | Imported #349 / 1 tx / 5 pending / 153,650 (0.0%) gas / (0x38887331ccfaf3f7c2a897ca56ad766eec18e0a55c15cc2be3c339050d9713d7)
2026-10-07 12:40:27.097+00:00 | BftProcessorExecutor-QBFT-0 | INFO  | QbftBesuControllerBuilder | Imported #350 / 1 tx / 4 pending / 153,650 (0.0%) gas / (0xcb28a95ac2fe533065ace4c358d1952334726ff36458b6927741f04eb95a406b)
2026-10-07 12:40:27.100+00:00 | EthScheduler-Workers-0 | INFO  | PersistBlockTask | Block 350 (0xcb28a95ac2fe533065ace4c358d1952334726ff36458b6927741f04eb95a406b) is already imported
2026-10-07 12:40:29.100+00:00 | EthScheduler-Workers-0 | INFO  | PersistBlockTask | Block 351 (0x4788c2f9838c3408f2d598a8bb0061e4e48fd5c3f532a66dfdde65060c2f0c1f) is already imported
2026-10-07 12:40:29.100+00:00 | BftProcessorExecutor-QBFT-0 | INFO  | QbftBesuControllerBuilder | Produced #351 / 1 tx / 3 pending / 153,650 (0.0%) gas / (0x4788c2f9838c3408f2d598a8bb0061e4e48fd5c3f532a66dfdde65060c2f0c1f)
2026-10-07 12:40:31.136+00:00 | EthScheduler-Workers-0 | INFO  | PersistBlockTask | Imported #352 / 1 tx / 0 om / 153,650 (0.0%) gas / (0xfffc535d9b213032eb09a53bd1b87b645da221be9a5b5982c5c5ec740ce5f7c6) in 0.015s. Peers: 14
2026-10-07 12:40:33.087+00:00 | BftProcessorExecutor-QBFT-0 | INFO  | QbftBesuControllerBuilder | Imported #353 / 0 tx / 2 pending / 0 (0.0%) gas / (0xf2f409168eae55d473cd394844834f906ce4fd2a80f98791e8a407fab3c8156a)
2026-10-07 12:40:33.088+00:00 | EthScheduler-Workers-0 | INFO  | PersistBlockTask | Block 353 (0xf2f409168eae55d473cd394844834f906ce4fd2a80f98791e8a407fab3c8156a) is already imported
2026-10-07 12:40:35.102+00:00 | BftProcessorExecutor-QBFT-0 | INFO  | QbftBesuControllerBuilder | Imported #354 / 0 tx / 2 pending / 0 (0.0%) gas / (0x85c0abb82f33e3047ef24ab2356ad869c9adbdbf7139b2c336d3fcb8db357501)
2026-10-07 12:40:37.094+00:00 | BftProcessorExecutor-QBFT-0 | INFO  | QbftBesuControllerBuilder | Imported #355 / 0 tx / 2 pending / 0 (0.0%) gas / (0x9691aa85b4f0d142a76fa9e434c1aa0aa824efa2281fce2a39161c1b44ae054c)
2026-10-07 12:40:39.091+00:00 | BftProcessorExecutor-QBFT-0 | INFO  | QbftBesuControllerBuilder | Imported #356 / 0 tx / 2 pending / 0 (0.0%) gas / (0x5ff9fc436305025824423f72ada2e77d6aa7defd6a3f7878066311fa7df49089)
2026-10-07 12:40:41.099+00:00 | BftProcessorExecutor-QBFT-0 | INFO  | QbftBesuControllerBuilder | Imported #357 / 0 tx / 2 pending / 0 (0.0%) gas / (0xa47d01038cd7961e6d0f7c7756647399c9f33e86ced948066eafda7cefc19023)
2026-10-07 12:40:43.102+00:00 | BftProcessorExecutor-QBFT-0 | INFO  | QbftBesuControllerBuilder | Imported #358 / 0 tx / 2 pending / 0 (0.0%) gas / (0x91790195c1adc6fa7e7b3dee95db8af797b78530de47c1e3f3d846266df50d93)
2026-10-07 12:40:45.098+00:00 | BftProcessorExecutor-QBFT-0 | INFO  | QbftBesuControllerBuilder | Imported #359 / 0 tx / 2 pending / 0 (0.0%) gas / (0xad6bcec5e098a6d0a68ce934bcd5873bb881f766ede1e0afbfc436df8cee7202)
2026-10-07 12:40:47.109+00:00 | BftProcessorExecutor-QBFT-0 | INFO  | QbftBesuControllerBuilder | Imported #360 / 1 tx / 1 pending / 153,614 (0.0%) gas / (0xca6799a9b8f884e1f6921bd935f24319de45ebc537a38347d69c842b0df684f9)
2026-10-07 12:40:49.106+00:00 | BftProcessorExecutor-QBFT-0 | INFO  | QbftBesuControllerBuilder | Imported #361 / 1 tx / 0 pending / 153,638 (0.0%) gas / (0x848ac66d50f64432a6b5ef7965257acfebba8d60343d439c05a60ef04d75c286)
2026-10-07 12:40:49.108+00:00 | EthScheduler-Workers-0 | INFO  | PersistBlockTask | Block 361 (0x848ac66d50f64432a6b5ef7965257acfebba8d60343d439c05a60ef04d75c286) is already imported
2026-10-07 12:40:51.095+00:00 | BftProcessorExecutor-QBFT-0 | INFO  | QbftBesuControllerBuilder | Imported #362 / 0 tx / 0 pending / 0 (0.0%) gas / (0xa9457532875e267a00207e4cee8c780d4844c30635aec6fec8419cbb2715db5a)
2026-10-07 12:40:53.078+00:00 | EthScheduler-Workers-0 | INFO  | PersistBlockTask | Block 363 (0xc20c040e68e7e0b6e352a919181e2e63c9b9aaf7854ef539e0428d7b7557265a) is already imported
2026-10-07 12:40:53.078+00:00 | BftProcessorExecutor-QBFT-0 | INFO  | QbftBesuControllerBuilder | Imported #363 / 0 tx / 0 pending / 0 (0.0%) gas / (0xc20c040e68e7e0b6e352a919181e2e63c9b9aaf7854ef539e0428d7b7557265a)
2026-10-07 12:40:55.093+00:00 | BftProcessorExecutor-QBFT-0 | INFO  | QbftBesuControllerBuilder | Imported #364 / 0 tx / 0 pending / 0 (0.0%) gas / (0x9afdee53391fdc987319a862483a9a60e8f42cf383cfc222ca6b852b6b304d4e)
2026-10-07 12:40:55.096+00:00 | EthScheduler-Workers-0 | INFO  | PersistBlockTask | Block 364 (0x9afdee53391fdc987319a862483a9a60e8f42cf383cfc222ca6b852b6b304d4e) is already imported
2026-10-07 12:40:57.088+00:00 | BftProcessorExecutor-QBFT-0 | INFO  | QbftBesuControllerBuilder | Imported #365 / 0 tx / 0 pending / 0 (0.0%) gas / (0xe195bbd97c407d4d6fefb7acdf3e4c6f7bfa1f0b1982c9eb9292d217ac01c774)
2026-10-07 12:40:59.090+00:00 | EthScheduler-Workers-0 | INFO  | PersistBlockTask | Block 366 (0x7553dfcfce405e6f63399256f404193b99d775335d39addfe1531e44a96d39c2) is already imported
2026-10-07 12:40:59.090+00:00 | BftProcessorExecutor-QBFT-0 | INFO  | QbftBesuControllerBuilder | Produced #366 / 0 tx / 0 pending / 0 (0.0%) gas / (0x7553dfcfce405e6f63399256f404193b99d775335d39addfe1531e44a96d39c2)
2026-10-07 12:41:01.063+00:00 | BftProcessorExecutor-QBFT-0 | INFO  | QbftBesuControllerBuilder | Imported #367 / 0 tx / 0 pending / 0 (0.0%) gas / (0x9b91c9ad893aa45d27ac1057fe5c1aa4ec2bfc6ef080457d509fb52a541f2cd3)
2026-10-07 12:41:03.087+00:00 | EthScheduler-Workers-0 | INFO  | PersistBlockTask | Imported #368 / 0 tx / 0 om / 0 (0.0%) gas / (0x65f88350f43dd0940588b2e97535b03efbd903a1ad5f18c22f8fddab8a8a3a59) in 0.003s. Peers: 14
2026-10-07 12:41:03.088+00:00 | BftProcessorExecutor-QBFT-0 | INFO  | QbftBesuControllerBuilder | Imported #368 / 0 tx / 0 pending / 0 (0.0%) gas / (0x65f88350f43dd0940588b2e97535b03efbd903a1ad5f18c22f8fddab8a8a3a59)
2026-10-07 12:41:05.091+00:00 | BftProcessorExecutor-QBFT-0 | INFO  | QbftBesuControllerBuilder | Imported #369 / 0 tx / 0 pending / 0 (0.0%) gas / (0xcf6aaca34d109e473edd12b925e0d9daf6076fbfc4a30ee80793af59026dc82b)
2026-10-07 12:41:05.092+00:00 | EthScheduler-Workers-0 | INFO  | PersistBlockTask | Block 369 (0xcf6aaca34d109e473edd12b925e0d9daf6076fbfc4a30ee80793af59026dc82b) is already imported
2026-10-07 12:41:07.250+00:00 | BftProcessorExecutor-QBFT-0 | INFO  | QbftBesuControllerBuilder | Imported #370 / 5 tx / 131 pending / 1,209,850 (0.0%) gas / (0x94db6f45229f36b4df6da5fd78a675c1dbf1eed70c75370214f7206297346133)
2026-10-07 12:41:07.250+00:00 | EthScheduler-Workers-0 | INFO  | PersistBlockTask | Block 370 (0x94db6f45229f36b4df6da5fd78a675c1dbf1eed70c75370214f7206297346133) is already imported
2026-10-07 12:41:09.528+00:00 | EthScheduler-Workers-0 | INFO  | PersistBlockTask | Block 371 (0x43190135bbad9a91cd3e12d41140272dbeae7c3265c4da54bd012df280a00ebb) is already imported
2026-10-07 12:41:09.529+00:00 | BftProcessorExecutor-QBFT-0 | INFO  | QbftBesuControllerBuilder | Imported #371 / 23 tx / 459 pending / 5,565,310 (0.0%) gas / (0x43190135bbad9a91cd3e12d41140272dbeae7c3265c4da54bd012df280a00ebb)
2026-10-07 12:41:11.735+00:00 | BftProcessorExecutor-QBFT-0 | INFO  | QbftBesuControllerBuilder | Imported #372 / 42 tx / 783 pending / 10,162,740 (0.0%) gas / (0x659807058b365e986da4bcd894d7a03aa29c43a7fa49c943a967bcdb8656cc31)
2026-10-07 12:41:14.062+00:00 | BftProcessorExecutor-QBFT-0 | INFO  | QbftBesuControllerBuilder | Imported #373 / 67 tx / 1171 pending / 16,211,990 (0.0%) gas / (0xb54ba5975ee42391ecd42c6e91819037bfb8e8d22561d4c5712c66cc3f756580)
2026-10-07 12:41:14.063+00:00 | EthScheduler-Workers-0 | INFO  | PersistBlockTask | Block 373 (0xb54ba5975ee42391ecd42c6e91819037bfb8e8d22561d4c5712c66cc3f756580) is already imported
2026-10-07 12:41:16.473+00:00 | EthScheduler-Workers-0 | INFO  | PersistBlockTask | Block 374 (0x1ab55639813170342a0967a5b2e3a6ceea3ec03c8b4d103809f5eb7ce8d1ddef) is already imported
2026-10-07 12:41:16.474+00:00 | BftProcessorExecutor-QBFT-0 | INFO  | QbftBesuControllerBuilder | Imported #374 / 98 tx / 1706 pending / 23,713,060 (0.0%) gas / (0x1ab55639813170342a0967a5b2e3a6ceea3ec03c8b4d103809f5eb7ce8d1ddef)
2026-10-07 12:41:19.016+00:00 | BftProcessorExecutor-QBFT-0 | INFO  | QbftBesuControllerBuilder | Imported #375 / 139 tx / 2359 pending / 33,633,830 (0.0%) gas / (0x112b9c6a8261c185fb126a19e92fcd6b1bc919a536fb9ab951331452b2b10110)
2026-10-07 12:41:21.573+00:00 | BftProcessorExecutor-QBFT-0 | INFO  | QbftBesuControllerBuilder | Imported #376 / 183 tx / 3041 pending / 44,280,510 (0.0%) gas / (0xf66b0821f793cc16f88e1dea9a821b773fa8ebc963f152f1cc9483cb64905509)
2026-10-07 12:41:25.007+00:00 | BftProcessorExecutor-QBFT-0 | INFO  | QbftBesuControllerBuilder | Imported #377 / 245 tx / 3294 pending / 59,282,650 (0.0%) gas / (0x64734af30a18a19c9f1f5707c037b1a7446d229c5a1955442eb90c267fb09740)
2026-10-07 12:41:28.887+00:00 | BftProcessorExecutor-QBFT-0 | INFO  | QbftBesuControllerBuilder | Imported #378 / 275 tx / 3019 pending / 66,541,750 (0.0%) gas / (0x3f3dd1b1a1b92c9d5401af546dea1b2049fe06be5b075b3179c8660ec1216af8)
2026-10-07 12:41:32.752+00:00 | BftProcessorExecutor-QBFT-0 | INFO  | QbftBesuControllerBuilder | Imported #379 / 275 tx / 2744 pending / 66,541,750 (0.0%) gas / (0x9c836e5fa294eef105305c96a2138d1a190ad86148eef4ad40b360554faafd71)
2026-10-07 12:41:36.648+00:00 | BftProcessorExecutor-QBFT-0 | INFO  | QbftBesuControllerBuilder | Imported #380 / 273 tx / 2471 pending / 66,057,810 (0.0%) gas / (0x604b10b65a567e7f472c1d0ab9676b52fafb5ec68d43cde204bf2a25906fe957)
2026-10-07 12:41:40.383+00:00 | BftProcessorExecutor-QBFT-0 | INFO  | QbftBesuControllerBuilder | Produced #381 / 272 tx / 2199 pending / 65,815,840 (0.0%) gas / (0x7f9aee2273120828b2f0cb6a28f4c59cb302ffaa5197c45adbed4d4a75cf6449)
2026-10-07 12:41:44.066+00:00 | BftProcessorExecutor-QBFT-0 | INFO  | QbftBesuControllerBuilder | Imported #382 / 272 tx / 1927 pending / 65,815,840 (0.0%) gas / (0xc813de90b78c92682e2c4db8c05e8d59349e89d6a7f470ba436f861475149e1a)
2026-10-07 12:41:47.927+00:00 | BftProcessorExecutor-QBFT-0 | INFO  | QbftBesuControllerBuilder | Imported #383 / 272 tx / 1655 pending / 65,815,840 (0.0%) gas / (0x6328c22aeeeeed9f2c51099ed7bfb5332a48267dc48d4ab1fedb750bb92156fd)
2026-10-07 12:41:51.643+00:00 | BftProcessorExecutor-QBFT-0 | INFO  | QbftBesuControllerBuilder | Imported #384 / 272 tx / 1383 pending / 65,815,840 (0.0%) gas / (0xa412ed00ef13a90ba41480e816df75fbcddae6e4dfdff0066f0eff13ea1333a1)
2026-10-07 12:41:55.297+00:00 | BftProcessorExecutor-QBFT-0 | INFO  | QbftBesuControllerBuilder | Imported #385 / 267 tx / 1116 pending / 64,605,990 (0.0%) gas / (0x928e8d62a8b259a50b17c534a9d51e1555785bf2adb5eba86972946ceff9c90a)
2026-10-07 12:41:58.801+00:00 | BftProcessorExecutor-QBFT-0 | INFO  | QbftBesuControllerBuilder | Imported #386 / 249 tx / 867 pending / 60,250,530 (0.0%) gas / (0xf821290d080ca7ee7d06f2d08fd64cb4310172cf3810108bc20fe675c39f9f6e)
2026-10-07 12:42:01.993+00:00 | BftProcessorExecutor-QBFT-0 | INFO  | QbftBesuControllerBuilder | Imported #387 / 230 tx / 637 pending / 55,653,100 (0.0%) gas / (0x64b7c239a2796c2346c1d4e6b46e75e857490e3de0633dd8c1e718ce2460314f)
2026-10-07 12:42:04.836+00:00 | BftProcessorExecutor-QBFT-0 | INFO  | QbftBesuControllerBuilder | Imported #388 / 205 tx / 432 pending / 49,603,850 (0.0%) gas / (0xd95d47e5f70e49758cddfbc0434674f79ccf6a42af10bd5dc4129e10b8afbf9b)
2026-10-07 12:42:07.248+00:00 | BftProcessorExecutor-QBFT-0 | INFO  | QbftBesuControllerBuilder | Imported #389 / 174 tx / 258 pending / 42,102,780 (0.0%) gas / (0x765475bb5cc4fd9a4d9a43c725034dc282f042a1004d1bed5d173b2cecd94e3f)
2026-10-07 12:42:09.123+00:00 | BftProcessorExecutor-QBFT-0 | INFO  | QbftBesuControllerBuilder | Imported #390 / 136 tx / 122 pending / 32,907,920 (0.0%) gas / (0x5b619f533835dfba01fc05121b546373d0bd915b7221708a6fc94cc9ab37b1ad)
2026-10-07 12:42:10.420+00:00 | BftProcessorExecutor-QBFT-0 | INFO  | QbftBesuControllerBuilder | Imported #391 / 92 tx / 30 pending / 22,261,240 (0.0%) gas / (0x1713e8d09c11f2ac700e3e0c44267c6e064cce12903475c48e5df6f9c8af1b28)
2026-10-07 12:42:11.477+00:00 | BftProcessorExecutor-QBFT-0 | INFO  | QbftBesuControllerBuilder | Imported #392 / 30 tx / 0 pending / 7,259,100 (0.0%) gas / (0x5a68f658f7b3c50473e882c7d27645a15c44bddaf2d88e11b12b99b34e32c71b)
2026-10-07 12:42:13.082+00:00 | BftProcessorExecutor-QBFT-0 | INFO  | QbftBesuControllerBuilder | Imported #393 / 0 tx / 0 pending / 0 (0.0%) gas / (0x9ef3b8cf1a33b53ca080604b378a85fc7be9a9a330ea828c0790512871c0100f)
2026-10-07 12:42:13.084+00:00 | EthScheduler-Workers-0 | INFO  | PersistBlockTask | Block 393 (0x9ef3b8cf1a33b53ca080604b378a85fc7be9a9a330ea828c0790512871c0100f) is already imported
2026-10-07 12:42:15.086+00:00 | BftProcessorExecutor-QBFT-0 | INFO  | QbftBesuControllerBuilder | Imported #394 / 0 tx / 0 pending / 0 (0.0%) gas / (0x8a4ce8b9d55982d49689e24c732fb5b06225a3f26bcd0a82624ef16e252f54e3)
2026-10-07 12:42:17.093+00:00 | EthScheduler-Workers-0 | INFO  | PersistBlockTask | Block 395 (0xe5b5ce8ba0e0b713f64b5a456a23a1c9078fa1bb783d57359e928178347079e0) is already imported
2026-10-07 12:42:17.093+00:00 | BftProcessorExecutor-QBFT-0 | INFO  | QbftBesuControllerBuilder | Imported #395 / 0 tx / 0 pending / 0 (0.0%) gas / (0xe5b5ce8ba0e0b713f64b5a456a23a1c9078fa1bb783d57359e928178347079e0)
2026-10-07 12:42:19.084+00:00 | BftProcessorExecutor-QBFT-0 | INFO  | QbftBesuControllerBuilder | Produced #396 / 0 tx / 0 pending / 0 (0.0%) gas / (0xeaadf350d9c885dd655cec46a555e7720fa63c6509cedb25ffa06b50dd38f713)
2026-10-07 12:42:21.088+00:00 | BftProcessorExecutor-QBFT-0 | INFO  | QbftBesuControllerBuilder | Imported #397 / 0 tx / 0 pending / 0 (0.0%) gas / (0x7420e3416e2715d34f101a0ff8e193c0735d6b80b18ccaab56257e0b43ec9ef5)
2026-10-07 12:42:23.090+00:00 | BftProcessorExecutor-QBFT-0 | INFO  | QbftBesuControllerBuilder | Imported #398 / 0 tx / 0 pending / 0 (0.0%) gas / (0x32ec1ff670696639d43ec0f91fe2884a306bbf14d4b5eae5bebd9e1374190c47)
2026-10-07 12:42:25.086+00:00 | BftProcessorExecutor-QBFT-0 | INFO  | QbftBesuControllerBuilder | Imported #399 / 0 tx / 0 pending / 0 (0.0%) gas / (0xade2f0d8319da8ec85ccd666dc744c9b28b108616e8df06498984860ae10f999)
2026-10-07 12:42:27.092+00:00 | BftProcessorExecutor-QBFT-0 | INFO  | QbftBesuControllerBuilder | Imported #400 / 0 tx / 0 pending / 0 (0.0%) gas / (0xd91ced43d4659eaed8b95398bdb80955e5982b040726db09ffbff7a62079b434)
2026-10-07 12:42:29.090+00:00 | BftProcessorExecutor-QBFT-0 | INFO  | QbftBesuControllerBuilder | Imported #401 / 0 tx / 0 pending / 0 (0.0%) gas / (0x4f3bb06a530333a8ac45b3058495fc854411a529298370c72c53c80dfda30171)
2026-10-07 12:42:31.095+00:00 | BftProcessorExecutor-QBFT-0 | INFO  | QbftBesuControllerBuilder | Imported #402 / 0 tx / 0 pending / 0 (0.0%) gas / (0x4837a2c00f8d5addee7481ff9e4345c7477a41fd667f0d0a1265e88c1109ba24)
2026-10-07 12:42:33.089+00:00 | BftProcessorExecutor-QBFT-0 | INFO  | QbftBesuControllerBuilder | Imported #403 / 0 tx / 0 pending / 0 (0.0%) gas / (0xbf6c9067a1d7b370df98303441849b258dbe9c33d6f75a8753a4537ab31fb296)
2026-10-07 12:42:35.087+00:00 | BftProcessorExecutor-QBFT-0 | INFO  | QbftBesuControllerBuilder | Imported #404 / 0 tx / 0 pending / 0 (0.0%) gas / (0xf6d83d044c4bacfe0296dba3fb4738389e892b6498e97c6ec52680a7985aa6bc)
2026-10-07 12:42:37.089+00:00 | BftProcessorExecutor-QBFT-0 | INFO  | QbftBesuControllerBuilder | Imported #405 / 0 tx / 0 pending / 0 (0.0%) gas / (0x8280a91b6766c214245988fd1778b35b4bf7bdb173dfc9d3fc1d90e5b3f86608)
2026-10-07 12:42:39.089+00:00 | BftProcessorExecutor-QBFT-0 | INFO  | QbftBesuControllerBuilder | Imported #406 / 0 tx / 0 pending / 0 (0.0%) gas / (0xb12f01b294dd48ec378aa30d3914c0256e3f75e0900885b752d18c48e90512fd)
2026-10-07 12:42:41.078+00:00 | BftProcessorExecutor-QBFT-0 | INFO  | QbftBesuControllerBuilder | Imported #407 / 0 tx / 0 pending / 0 (0.0%) gas / (0x522b002e2e2e34366d404da85ea1872b61c0a5e00c53bdd707c02b44870561a4)
2026-10-07 12:42:43.093+00:00 | BftProcessorExecutor-QBFT-0 | INFO  | QbftBesuControllerBuilder | Imported #408 / 0 tx / 0 pending / 0 (0.0%) gas / (0x12b0ecbfbf827306ba25c27091af68609bcaf1005df69afab5f4a1623e1cedda)
2026-10-07 12:42:45.099+00:00 | BftProcessorExecutor-QBFT-0 | INFO  | QbftBesuControllerBuilder | Imported #409 / 0 tx / 0 pending / 0 (0.0%) gas / (0x3b7ffe8b09ffa9fcfd177bba5bba08c180f0f78a36c05e09ba39fdfcc168e4c4)
2026-10-07 12:42:47.084+00:00 | BftProcessorExecutor-QBFT-0 | INFO  | QbftBesuControllerBuilder | Imported #410 / 0 tx / 0 pending / 0 (0.0%) gas / (0x7ba9ce476e9a9d44f110ecdd16eec626bd56a189427297606458759f37016f60)
2026-10-07 12:42:49.095+00:00 | BftProcessorExecutor-QBFT-0 | INFO  | QbftBesuControllerBuilder | Produced #411 / 0 tx / 0 pending / 0 (0.0%) gas / (0x81e7ef4f44c8e8f3ff0c9b98e6ec272e6148c8dd74bb277db7c5c4595494a0f2)
2026-10-07 12:42:51.087+00:00 | BftProcessorExecutor-QBFT-0 | INFO  | QbftBesuControllerBuilder | Imported #412 / 0 tx / 0 pending / 0 (0.0%) gas / (0xed3731c07dab66c5696b8a3d7eaf6f4967076d11e98cdc67e5ff8396ad5a6786)
2026-10-07 12:42:53.094+00:00 | BftProcessorExecutor-QBFT-0 | INFO  | QbftBesuControllerBuilder | Imported #413 / 0 tx / 0 pending / 0 (0.0%) gas / (0xadb3fa3ac40094058ac5a78d1b60e4853711195ebb0c11f98f15c3d864220665)
2026-10-07 12:42:55.093+00:00 | BftProcessorExecutor-QBFT-0 | INFO  | QbftBesuControllerBuilder | Imported #414 / 0 tx / 0 pending / 0 (0.0%) gas / (0x04851721f87df68d551144720a96e3101d5d7587c94a99899bc4c3dc5fea0eda)
2026-10-07 12:42:57.096+00:00 | BftProcessorExecutor-QBFT-0 | INFO  | QbftBesuControllerBuilder | Imported #415 / 0 tx / 0 pending / 0 (0.0%) gas / (0xca80ef519e9da8ae364c4c5da5c47db24ac052a37e061de2bf668f1601d9c681)
2026-10-07 12:42:59.083+00:00 | BftProcessorExecutor-QBFT-0 | INFO  | QbftBesuControllerBuilder | Imported #416 / 0 tx / 0 pending / 0 (0.0%) gas / (0xadf3e9e268f3ddc8129b4141110c2e1d06415128ee9a5e99d3a0e207b3cea789)
2026-10-07 12:43:01.097+00:00 | BftProcessorExecutor-QBFT-0 | INFO  | QbftBesuControllerBuilder | Imported #417 / 0 tx / 0 pending / 0 (0.0%) gas / (0xc1e8af35c28812a02f45f5b7726f3839e0e544e3dd18029aaaf15add27f6de59)
2026-10-07 12:43:03.091+00:00 | BftProcessorExecutor-QBFT-0 | INFO  | QbftBesuControllerBuilder | Imported #418 / 0 tx / 0 pending / 0 (0.0%) gas / (0x311e346bd494f0ddac5c3eb23174ec7b1ce0a7bc574577e781fc3df4276dc9f2)
2026-10-07 12:43:05.094+00:00 | BftProcessorExecutor-QBFT-0 | INFO  | QbftBesuControllerBuilder | Imported #419 / 0 tx / 0 pending / 0 (0.0%) gas / (0x93d74d9169c24538db6748278b4a9705459a4b3f2c528b73c0068d2cddd5e7a7)
2026-10-07 12:43:07.083+00:00 | BftProcessorExecutor-QBFT-0 | INFO  | QbftBesuControllerBuilder | Imported #420 / 0 tx / 0 pending / 0 (0.0%) gas / (0xb4f80cb6441e3729a503e8848d49581da96b7413f21781a742a74a976d2bcd74)
2026-10-07 12:43:09.098+00:00 | EthScheduler-Workers-0 | INFO  | PersistBlockTask | Imported #421 / 0 tx / 0 om / 0 (0.0%) gas / (0x9a913205f44304b3d64bd7a900585aa363fb8fa10897d38ef516ddb553cecffa) in 0.004s. Peers: 14
2026-10-07 12:43:11.086+00:00 | BftProcessorExecutor-QBFT-0 | INFO  | QbftBesuControllerBuilder | Imported #422 / 0 tx / 0 pending / 0 (0.0%) gas / (0x73007f045ded08b49c411526f279d1d6bfa6b38c273b854ceee9ebd38c72f8ed)
2026-10-07 12:43:13.090+00:00 | EthScheduler-Workers-0 | INFO  | PersistBlockTask | Block 423 (0xad7b0a4e87ba7c16aeaae3c8fdc490203b2ec233049c9d49258c8f18c0f13054) is already imported
2026-10-07 12:43:13.090+00:00 | BftProcessorExecutor-QBFT-0 | INFO  | QbftBesuControllerBuilder | Imported #423 / 0 tx / 0 pending / 0 (0.0%) gas / (0xad7b0a4e87ba7c16aeaae3c8fdc490203b2ec233049c9d49258c8f18c0f13054)
2026-10-07 12:43:15.091+00:00 | BftProcessorExecutor-QBFT-0 | INFO  | QbftBesuControllerBuilder | Imported #424 / 0 tx / 0 pending / 0 (0.0%) gas / (0xbb8243af6f0be8094eccda7fd12cc9450161bba0450ff62639f4d6b734997e51)
2026-10-07 12:43:17.109+00:00 | BftProcessorExecutor-QBFT-0 | INFO  | QbftBesuControllerBuilder | Imported #425 / 0 tx / 0 pending / 0 (0.0%) gas / (0x10b4d4ef86fc7067c38c4bd39ee2c712053e3b69886b43354e3001b9785e15ee)
2026-10-07 12:43:17.109+00:00 | EthScheduler-Workers-0 | INFO  | PersistBlockTask | Block 425 (0x10b4d4ef86fc7067c38c4bd39ee2c712053e3b69886b43354e3001b9785e15ee) is already imported
2026-10-07 12:43:19.089+00:00 | BftProcessorExecutor-QBFT-0 | INFO  | QbftBesuControllerBuilder | Produced #426 / 0 tx / 0 pending / 0 (0.0%) gas / (0x456a039d42e17e97895b13755a6631f7826e990cdb9eddcfda1ce18b97848701)
2026-10-07 12:43:21.078+00:00 | EthScheduler-Workers-0 | INFO  | PersistBlockTask | Imported #427 / 0 tx / 0 om / 0 (0.0%) gas / (0xb0c98bf19a1469fc5a9cb3ae4db2c7a1ba7a284b1ac403e2fa597a9698a0df53) in 0.003s. Peers: 14
2026-10-07 12:43:21.079+00:00 | BftProcessorExecutor-QBFT-0 | INFO  | QbftBesuControllerBuilder | Imported #427 / 0 tx / 0 pending / 0 (0.0%) gas / (0xb0c98bf19a1469fc5a9cb3ae4db2c7a1ba7a284b1ac403e2fa597a9698a0df53)
2026-10-07 12:43:23.081+00:00 | BftProcessorExecutor-QBFT-0 | INFO  | QbftBesuControllerBuilder | Imported #428 / 0 tx / 0 pending / 0 (0.0%) gas / (0x4df846dc07d41b6330fde7bdc6e262333a2ea7aa0736b14f732f8ff64e7488e1)
2026-10-07 12:43:25.079+00:00 | EthScheduler-Workers-0 | INFO  | PersistBlockTask | Imported #429 / 0 tx / 0 om / 0 (0.0%) gas / (0x9fe988d5c9f421c4799b65c2ce39d0972e5f0dd580937be6cb7bb55c309f5f76) in 0.003s. Peers: 14
2026-10-07 12:43:27.084+00:00 | BftProcessorExecutor-QBFT-0 | INFO  | QbftBesuControllerBuilder | Imported #430 / 0 tx / 8 pending / 0 (0.0%) gas / (0x5f1e88724815aeeddba597590fcebaeb9651e5a3c3bb928990bd9da4ae95950d)
2026-10-07 12:43:29.097+00:00 | BftProcessorExecutor-QBFT-0 | INFO  | QbftBesuControllerBuilder | Imported #431 / 0 tx / 8 pending / 0 (0.0%) gas / (0x238a337e65ddc0422ad87fbfde21e19fbcba1b0b4cd567bceb3346275e3e159b)
2026-10-07 12:43:31.083+00:00 | EthScheduler-Workers-0 | INFO  | PersistBlockTask | Block 432 (0x7763db2cb7d1ab381b019cfe8bfa34bf8479ebc3f2ccaa5fa8193bcd05f58fea) is already imported
2026-10-07 12:43:31.083+00:00 | BftProcessorExecutor-QBFT-0 | INFO  | QbftBesuControllerBuilder | Imported #432 / 0 tx / 8 pending / 0 (0.0%) gas / (0x7763db2cb7d1ab381b019cfe8bfa34bf8479ebc3f2ccaa5fa8193bcd05f58fea)
2026-10-07 12:43:33.090+00:00 | BftProcessorExecutor-QBFT-0 | INFO  | QbftBesuControllerBuilder | Imported #433 / 0 tx / 8 pending / 0 (0.0%) gas / (0xd3a359104d0798ab70604fba206e1631456c3c727f370c616a94fb268337608a)
2026-10-07 12:43:35.092+00:00 | BftProcessorExecutor-QBFT-0 | INFO  | QbftBesuControllerBuilder | Imported #434 / 0 tx / 8 pending / 0 (0.0%) gas / (0xf6542a53e0a5f55600a110405be685d06485192e7f93c709da022e657fc45790)
2026-10-07 12:43:37.108+00:00 | EthScheduler-Workers-0 | INFO  | PersistBlockTask | Block 435 (0xdeee3ad8a6cd18505cd73f92fb650c54498c1372285bbc372c4e743c057d9566) is already imported
2026-10-07 12:43:37.108+00:00 | BftProcessorExecutor-QBFT-0 | INFO  | QbftBesuControllerBuilder | Imported #435 / 1 tx / 7 pending / 153,618 (0.0%) gas / (0xdeee3ad8a6cd18505cd73f92fb650c54498c1372285bbc372c4e743c057d9566)
2026-10-07 12:43:39.095+00:00 | BftProcessorExecutor-QBFT-0 | INFO  | QbftBesuControllerBuilder | Imported #436 / 1 tx / 6 pending / 153,606 (0.0%) gas / (0x119b781cc477563e322a9503fb5584ffcf5d2fee1b04493b347aa36c17fa5f8a)
2026-10-07 12:43:41.111+00:00 | BftProcessorExecutor-QBFT-0 | INFO  | QbftBesuControllerBuilder | Imported #437 / 1 tx / 5 pending / 153,630 (0.0%) gas / (0x928108248ae2344024c689799cc147a0c7999b5398f3942ca98f59958046a49b)
2026-10-07 12:43:43.108+00:00 | BftProcessorExecutor-QBFT-0 | INFO  | QbftBesuControllerBuilder | Imported #438 / 1 tx / 4 pending / 153,630 (0.0%) gas / (0x2526b7fa7023be5135c0a0ebc85b8eb0e8e02faf51943e40ce65a377add93a36)
2026-10-07 12:43:45.102+00:00 | BftProcessorExecutor-QBFT-0 | INFO  | QbftBesuControllerBuilder | Imported #439 / 1 tx / 3 pending / 153,630 (0.0%) gas / (0x79ec319c67d50dfe395067af8f85d2a7f94a9ab7a0e1d65fed2658559ca24f18)
2026-10-07 12:43:47.107+00:00 | BftProcessorExecutor-QBFT-0 | INFO  | QbftBesuControllerBuilder | Imported #440 / 1 tx / 2 pending / 153,650 (0.0%) gas / (0x99c4ebe336fe4e769050934c4b5b590da38a79344077d98b27909059d30e81e6)
2026-10-07 12:43:49.112+00:00 | BftProcessorExecutor-QBFT-0 | INFO  | QbftBesuControllerBuilder | Produced #441 / 1 tx / 1 pending / 153,630 (0.0%) gas / (0x64a9406163a12936cc34bb7404ebaf5bbafc0744a74a7c8e5c8dc49dc70d8cec)
2026-10-07 12:43:51.118+00:00 | BftProcessorExecutor-QBFT-0 | INFO  | QbftBesuControllerBuilder | Imported #442 / 1 tx / 0 pending / 153,650 (0.0%) gas / (0xfce97d926314ee46ab7ce8548cbfc20917c65036567f633cd9ceaefa9b59cce0)
2026-10-07 12:43:51.119+00:00 | EthScheduler-Workers-0 | INFO  | PersistBlockTask | Block 442 (0xfce97d926314ee46ab7ce8548cbfc20917c65036567f633cd9ceaefa9b59cce0) is already imported
2026-10-07 12:43:53.072+00:00 | BftProcessorExecutor-QBFT-0 | INFO  | QbftBesuControllerBuilder | Imported #443 / 0 tx / 0 pending / 0 (0.0%) gas / (0xcb2d1a994b92d68321a93da0edbef05fa997f5eb6bcc6fbe0e84dd84bbc08700)
2026-10-07 12:43:55.086+00:00 | BftProcessorExecutor-QBFT-0 | INFO  | QbftBesuControllerBuilder | Imported #444 / 0 tx / 0 pending / 0 (0.0%) gas / (0x5b6234947564d69a52f4baf00e7ef704a039ccd9a4e84eb9f2917570240220fc)
2026-10-07 12:43:57.076+00:00 | EthScheduler-Workers-0 | INFO  | PersistBlockTask | Imported #445 / 0 tx / 0 om / 0 (0.0%) gas / (0x3eb4952f587dc781d787c65eace91bf54cc0fae85425f8e35d8db57c6a6122ca) in 0.002s. Peers: 14
2026-10-07 12:43:59.095+00:00 | BftProcessorExecutor-QBFT-0 | INFO  | QbftBesuControllerBuilder | Imported #446 / 0 tx / 0 pending / 0 (0.0%) gas / (0x5b283533ee38d4d06cb023c5660ed7b2632e76ad9b9c26e4dce08aa40d5b1991)
2026-10-07 12:44:01.093+00:00 | BftProcessorExecutor-QBFT-0 | INFO  | QbftBesuControllerBuilder | Imported #447 / 0 tx / 0 pending / 0 (0.0%) gas / (0x4c7bab2775a1e87d1ce683352e0b758b241e10b7fb0c55fffa80146d79d5b5fb)
2026-10-07 12:44:03.061+00:00 | BftProcessorExecutor-QBFT-0 | INFO  | QbftBesuControllerBuilder | Imported #448 / 0 tx / 0 pending / 0 (0.0%) gas / (0xeedfeae8e65acb13c84c68f577779264b893f2607b3be8bbf69183eddb0f390d)
2026-10-07 12:44:05.086+00:00 | BftProcessorExecutor-QBFT-0 | INFO  | QbftBesuControllerBuilder | Imported #449 / 0 tx / 0 pending / 0 (0.0%) gas / (0xb184dda2b17efa29dce25fc538eb6199d4e945451599d3c00da96a44c82fb362)
2026-10-07 12:44:07.071+00:00 | BftProcessorExecutor-QBFT-0 | INFO  | QbftBesuControllerBuilder | Imported #450 / 0 tx / 0 pending / 0 (0.0%) gas / (0xc35b872bb7e0aa2d3c98ce0efefaeb68c9540af796346a363c63d3c162898cd7)
2026-10-07 12:44:09.053+00:00 | BftProcessorExecutor-QBFT-0 | INFO  | QbftBesuControllerBuilder | Imported #451 / 0 tx / 0 pending / 0 (0.0%) gas / (0x03ff39e9aadc0e9f9d9cc3bdee6621219da907c26df179266f20011d439c0bcb)
2026-10-07 12:44:11.053+00:00 | BftProcessorExecutor-QBFT-0 | INFO  | QbftBesuControllerBuilder | Imported #452 / 0 tx / 0 pending / 0 (0.0%) gas / (0x4b86ac849b2979c5712d528f77f4a093e60d20c5bbd0e345ef5b62cb5894da0c)
2026-10-07 12:44:13.069+00:00 | EthScheduler-Workers-0 | INFO  | PersistBlockTask | Block 453 (0x189e1392279c8fad11026c05cd524eb265d9334ae2160064da4e03998088ee8c) is already imported
2026-10-07 12:44:13.069+00:00 | BftProcessorExecutor-QBFT-0 | INFO  | QbftBesuControllerBuilder | Imported #453 / 0 tx / 0 pending / 0 (0.0%) gas / (0x189e1392279c8fad11026c05cd524eb265d9334ae2160064da4e03998088ee8c)
2026-10-07 12:44:15.079+00:00 | BftProcessorExecutor-QBFT-0 | INFO  | QbftBesuControllerBuilder | Imported #454 / 0 tx / 0 pending / 0 (0.0%) gas / (0x16785fd72dd7544fb9a7a9807275548a518eeb2ac7a9d45e8c57f05a0c6e6348)
2026-10-07 12:44:17.074+00:00 | BftProcessorExecutor-QBFT-0 | INFO  | QbftBesuControllerBuilder | Imported #455 / 0 tx / 0 pending / 0 (0.0%) gas / (0x9821cfd907c199e947509f62f5a8779df86dc40d7cbaa3b26f0c354e18235d34)
2026-10-07 12:44:19.082+00:00 | EthScheduler-Workers-0 | INFO  | PersistBlockTask | Block 456 (0x2328761ef6a29324f2416193251f04b29306cf8c01c6cab5a9b7fd2d6741aa33) is already imported
2026-10-07 12:44:19.082+00:00 | BftProcessorExecutor-QBFT-0 | INFO  | QbftBesuControllerBuilder | Produced #456 / 0 tx / 0 pending / 0 (0.0%) gas / (0x2328761ef6a29324f2416193251f04b29306cf8c01c6cab5a9b7fd2d6741aa33)
2026-10-07 12:44:21.068+00:00 | BftProcessorExecutor-QBFT-0 | INFO  | QbftBesuControllerBuilder | Imported #457 / 0 tx / 0 pending / 0 (0.0%) gas / (0xa5942015f81c1fe1825cd168eefba20bc29a6c778cd1dc5117b7e1911c20f6ad)
2026-10-07 12:44:23.085+00:00 | BftProcessorExecutor-QBFT-0 | INFO  | QbftBesuControllerBuilder | Imported #458 / 0 tx / 0 pending / 0 (0.0%) gas / (0x0f1916a82260c07ccb1a8e1d4b68e7c5d95c558ac989ae427927a890d012894b)
2026-10-07 12:44:25.093+00:00 | BftProcessorExecutor-QBFT-0 | INFO  | QbftBesuControllerBuilder | Imported #459 / 0 tx / 0 pending / 0 (0.0%) gas / (0xa01e469bc94c00fa3d729d3791072eba92a94baaedee13d1873e9cdfd5f42842)
