tx_index,sender,rpc_node,tx_hash,nonce,submit_ts,confirm_ts,latency_s,block_number,gas_used,status,error
0,0x0b1EE1de7DFF457779A2aa6228023dcc82D9D6dA,node00,a6b72525dce1b6b66a3ab027c486c80d5c63bc5534a627902dd98eb08f0ff6d9,31,1791403974.990156,1791404001.727336,26.73717999458313,675,153618,confirmed,
1,0x610305361eFCa9a227dBEF52e9eC73fb65469d7E,node01,51531e77526e23830e1f39e5b9f2165427b1d46b8f1e4ff1e51eeed1921daec9,29,1791403974.9989471,1791404003.5233111,28.52436399459839,676,153618,confirmed,
2,0x8cb9Fa59d1f9B0f0E85e62caa124e86A73994B9e,node02,fbafd12299a00670a44b7cafd09bfec8ac279a2d24c3107b2d6dff76734da5e5,29,1791403975.0017848,1791404005.5178363,30.516051530838013,677,153630,confirmed,
3,0x3b6a9f2f5b0bA3342C6f8aa137612AD9E0F2d592,node03,da656a20480a317500c3213fea2080f090158785f164f6729bbe31dbe0d67164,29,1791403975.0072742,1791403978.0898027,3.082528591156006,663,153630,confirmed,
4,0x266297EDDe3E66717314E2D0431302acfAbfBDb2,node04,0b9bcb977d1659379f9410c32c15e02d07266f8ab5c0a831fb45828a53985c4f,29,1791403975.009141,1791403984.3823361,9.373195171356201,664,153630,confirmed,
5,0x6aB2966a02A6ec1652f19Eff0b8EE31317543ac6,node05,99020cfc97587240e5b9345e5c23be930ff56de152fe06b627bf7b9498c06e70,29,1791403975.0120552,1791403984.6492746,9.637219429016113,665,153618,confirmed,
6,0x16FBa2b45443E2D57Bdf7999737B3441f247Ad7a,node06,73e28cafc2e3609c2d54cd243ef228d10bee43c24a8f2a1acc50c5cc6c75ae2e,29,1791403975.0183492,1791403984.2820723,9.263723134994507,666,153630,confirmed,
7,0x14bcB066BcC86FE028a8a3edF3cBD82aC3D1C6AD,node07,08cd0468659d4eb8d7a1f6b4e2eec38cfc2f106b141fc24a56daf8db6dff7fa1,29,1791403975.022152,1791403989.3087065,14.28655457496643,667,153626,confirmed,
8,0x27B465ADB620a3164db0613fe6C404d735E237CA,node08,1932a3fe1c49034967c8e604a543538d1805aee4ab0e36161908f9b35c357c99,29,1791403975.0254917,1791403989.2938976,14.26840591430664,668,153626,confirmed,
9,0x4D7cE6E03AFAa333423CCAEcc58B25C1f4B87554,node09,40fb944c92926fcd0c0e1e323a410b6b1bdc4146f4bd473d2f0a2dc9f85c2204,29,1791403975.0286286,1791403993.1727557,18.144127130508423,669,153626,confirmed,
10,0x8817Be947A5E041b7389347009Dbc500ada2853a,node10,1ceb14823f19193a1a1d87b4e6c7246f076d5ebfad5615c4f37c8fb50144696c,29,1791403975.0361218,1791403993.1797128,18.143590927124023,670,153638,confirmed,
11,0x2e44A7B32ed4fB4847d8F3A7F0A63467905A3488,node11,396566ba29bed2ae9f3f4373d810583c2caf1c9598a8d61643d4c7bd3865c2f0,29,1791403975.038187,1791403996.9958131,21.95762610435486,671,153630,confirmed,
12,0x2bBaD0E3E37b27d565602C4a913Ad2e6F047954F,node12,6e4e5d3790a86948d883bcc04d243034933a91251d36dcc68e030044c74706f3,29,1791403975.0393734,1791403996.99047,21.951096534729004,672,153630,confirmed,
13,0x612c73922f08F9878684D35D265c6c0ac7143013,node13,78ead920e1e17e51c0732bbab96a652893d716b072ec346726f0e5bc3855fdaf,29,1791403975.042636,1791403999.697113,24.6544771194458,673,153630,confirmed,
14,0xD8D91f4a50f740fFfD61765aAb96bCE86A3FAB2B,node14,dfb06382530252df58cd8ec6222ffeedce175f3d913310f86e560be90db45778,29,1791403975.0443883,1791403999.7639956,24.71960735321045,674,153650,confirmed,
15,0x323Db50Aed7c5375A686ae7C21632841fDFcbBf1,node00,3f695f3ddcd1e1b9a43b926a73c4faae268d1964e6ed5587055afc0a04a2b090,29,1791403975.0468018,1791404001.9343143,26.88751244544983,675,153630,confirmed,
16,0x9fb392e3fD3E72706807F274e6c14e51852298A4,node01,6de3c8dc253470bc3d3ea39ddbd28724f7422eb0de42818be72d15facbb36f11,29,1791403975.05212,1791404003.6611757,28.609055757522583,676,153638,confirmed,
17,0xd0EB3391550bcE16818bA44D6A0cDbA269fC6FD2,node02,55cf3675da441a4af7faca002f4a390bedeadae8021a5c90004b76e6d2a36083,29,1791403975.05549,1791404005.4802299,30.424739837646484,677,153650,confirmed,
18,0x02222787D50C619D7ffFbD19cc7EE3f5366340f4,node03,b481cd4889ca23ac76e259dfa52625bdf86b5576b56273910db1ff5d700f6f90,29,1791403975.0579882,1791403978.2019808,3.1439926624298096,663,153650,confirmed,
19,0x6DbAf15464a290eaAA7f53DaDa7bc7Da10848113,node04,5393fbc70a3f69024c5d5db8b101b267708ec2d609bfebd89934d28f31a36940,29,1791403975.0603955,1791403984.240314,9.17991852760315,664,153650,confirmed,
20,0x89f5Aa22B8fBe36e7E2CEa856e1076621d861293,node05,c0e3660c3b2347c4711bece4ad1ddb90a4c7f2336d9469f2275c0b77579f281f,29,1791403975.0640812,1791403984.6274214,9.563340187072754,665,153630,confirmed,
21,0x7614a5938B215e8A562f9cB4A426125aC794b25C,node06,22013b4c09199967eeb0feb88c3c74543222e0187562041fc6c0abefe497a77e,29,1791403975.0673568,1791403984.2295773,9.162220478057861,666,153650,confirmed,
22,0x8395b0259Cff500406Be810C9D6483bbbf79CF43,node07,dbaf032dab15368819872e42aa298c595bf002f2effaf94a592954cbf4ba0dc6,29,1791403975.0687313,1791403989.3551905,14.28645920753479,667,153630,confirmed,
23,0x2e2d5CD6821Dddd7585db60E07E9FBaaD9a405ee,node08,5bf0eaff60590931261764fccae62c9865f94bdaad4ced17d56cd4870a7186ce,29,1791403975.0724156,1791403989.343287,14.27087140083313,668,153638,confirmed,
24,0x1366db3107E270ec5256dd12484ef9c5B2d6f17A,node09,8882147f4a33449e265c018287e5e6c3647ae236e9372d825097b846a9ec6ee1,29,1791403975.075151,1791403993.2624018,18.18725085258484,669,153630,confirmed,
25,0xE60C5Da3B4CBC93c397D5Bcc492BC01166d7b638,node10,28a1766cea88371db025cd8dcee8c37879fa119fee7b5495c363bfb5a62ddccc,29,1791403975.0774343,1791403993.259125,18.18169069290161,670,153650,confirmed,
26,0x71D9277f49229E7366ba1b33d95f674aA27a6e0D,node11,848bbc7327859ee21d26b6c71dbeae5c16dc49c477504811c0b364b81337f99c,29,1791403975.0841637,1791403996.9002967,21.81613302230835,671,153618,confirmed,
27,0x716E4907Be9a9601500e9dD30f0c0434259bBa46,node12,97ca9fb356b450e60a7dec1b6be9bd7fd364146e170daa6b7073bf4904a26640,29,1791403975.0873437,1791403997.043056,21.95571231842041,672,153618,confirmed,
28,0x32590E37F73Adb0B3A4E8D5c560361f0486926a7,node13,7b39dac463d4ebd01303c2ed3d07748b4eeb1d046c2b8707040caab6f314eb21,29,1791403975.0880172,1791403999.736102,24.64808487892151,673,153650,confirmed,
29,0xcF2062f4A101B4Ceb7BA4B1E10f27D93C664b017,node14,1aea524a3bf21fbf8c3fb7563f13cde38bd5a14c3b1fb24654891a5a32476a6b,29,1791403975.0913322,1791403999.701544,24.610211849212646,674,153630,confirmed,
30,0x7620587ec3C3036fd81F84802Ce59e9110C8386F,node00,323874af2cc3b44ae3739dea3608da86565be7996a6666a2b7802affc9619b3b,29,1791403975.0929368,1791404001.836164,26.743227243423462,675,153650,confirmed,
31,0xAdb1f7324267870fde5f340dCa489b465Eb0aa2D,node01,503cf1914974e1435f059b5a1133f8263e3ef04c3af083276ce54f80a9c3f846,29,1791403975.0956197,1791404003.5787082,28.483088493347168,676,153638,confirmed,
32,0x3a4CaCb8Fbe550571B146046bc4dFf5359B64548,node02,0bef3c3a31e2e56b217cca5254d0171eae2f0d65d8a949a8117840a902534a78,29,1791403975.101428,1791404005.4913232,30.38989520072937,677,153650,confirmed,
33,0x399f2C253f9Fca1B305c74938C07ee46749DbD88,node03,92d183271ca42ff9adf0bd8272d9cbe71ed101e3e57bd0cfaa234a16ddf248a0,29,1791403975.1030946,1791403978.2440689,3.140974283218384,663,153630,confirmed,
34,0x6386923EAbC1C07Bd817375165BeBDAF8880f333,node04,25b732af7a6b98b732b88fb3177cd016fc3a909fb5d38d5e325996da93f74e10,29,1791403975.108421,1791403984.4681768,9.359755754470825,664,153638,confirmed,
35,0xbD941Dccd4751754BD8D83DDB1C666565450e72b,node05,2a20a5696dd4ea92c0fbc09b5de3451807a11ad8e686a44bf9064b8393d7f7fb,29,1791403975.109675,1791403984.512198,9.402523040771484,665,153618,confirmed,
36,0xBd06bd0505dA4AE23951d7dF46B9775cC87c6c50,node06,9415804baa997b841b1a858123e9347c735f201b174c70beeb2c19e756272c5e,29,1791403975.1116982,1791403984.5543478,9.442649602890015,666,153650,confirmed,
37,0x45413a62512E5808fF70c211ec3BbFc93a3c13cA,node07,028aeb11ee1c356fc4c1beaf3be8fde6d8ca87901994886435796945082ba35b,29,1791403975.1132798,1791403989.4618483,14.348568439483643,667,153630,confirmed,
38,0x44eF4B4A6Fc6579a604C7058db373c31468A8F79,node08,35383dd3f609b674193c865954f092f9d5a7d2a9734d9bafb0093f5fd4a3ae96,29,1791403975.1181502,1791403989.5704331,14.452282905578613,668,153630,confirmed,
39,0xa5D21920132Fd8065c94D3Bea3F5E8e1895F0654,node09,c76d20cc776f89742c52a454962162f4d3d419e30c487324eac08d6da1e27332,29,1791403975.1196923,1791403993.3275783,18.20788598060608,669,153650,confirmed,
40,0x0BBA2bC378D41ac7cb8d91dFD698E6b760A592e4,node10,9d125258832b498466be3ad3b3a8f20888d8c55fff3ceada87e9bfb1da59c2af,29,1791403975.1224477,1791403993.2788389,18.156391143798828,670,153630,confirmed,
41,0x0ae356103Fba5b64473D9B1394eA15A05ecce6b8,node11,507a5cdb802ee273c62dfa4c3d903e86153a647a9b8395a38adf24f309775c62,29,1791403975.1240659,1791403997.1213677,21.997301816940308,671,153638,confirmed,
42,0x218B8c7a085e00E361C510dEa2953c5a969CE93a,node12,dcfb14b1153a8bef3230977335a78c1aed6e4b022190fe04e43dc62f0684b3d5,29,1791403975.1268508,1791403997.0916228,21.96477198600769,672,153614,confirmed,
43,0xBc8deDbeA9F24803fCEdf7C6D0388eb167f949eA,node13,9efa08a50cff97266aab9f6b48a296e735bba59ec157007137bf70d373acbf9a,29,1791403975.1305625,1791403999.9701107,24.839548110961914,673,153618,confirmed,
44,0xaDA229eb1b4952D26Df9f2307986d82b7215b25e,node14,10241d4c6fbd46dab0b99f97ffcc8cef198eed189f948a879905d79cc2225875,29,1791403975.1371214,1791403999.7234323,24.586310863494873,674,153630,confirmed,
45,0x5387F027d11AFBDB02f4F01a420Cfa068366A99B,node00,5ac8aa464a6d259ec823879454fa8066fbae138d2ece6447cf8a6ff3515f18a8,29,1791403975.1379747,1791404001.9407086,26.802733898162842,675,153638,confirmed,
46,0xD9caB14fDBe77dc12b696986839577f7Fb2e7843,node01,3f0a3ad3bd93c3cd1202f3f23de4c94a27fc648795b417edb5eacbe97fd03116,29,1791403975.1397645,1791404003.566825,28.42706036567688,676,153650,confirmed,
47,0x40aDf60102B3489624Bdb2dDEa9D29fe4EA57eeA,node02,55bfcb46df7fa7550f3c06b15fae12fb0cfecfdd23374cefbcd1813b71f5a1d7,29,1791403975.1415036,1791404005.4968536,30.355350017547607,677,153606,confirmed,
48,0x96EFb5c6a45660E8b3424071c7a7341E52366E9D,node03,f78b6f245b0c28469fa68b10220035bd9652fa63d2374199aa0889da1986a46b,29,1791403975.1420543,1791403978.383787,3.241732597351074,663,153606,confirmed,
49,0x612bB2F215DA5cF80f4dE02B681ac5d1e238901B,node04,282c31ca80777ee0bb6fff3ec1e1403ff1e311a9c6b7065b81f360dfc31b0e91,29,1791403975.1425922,1791403984.7262747,9.583682537078857,664,153650,confirmed,
50,0xb0a90003228FcafdB33086B762282a843Da6325C,node05,dc0800dd275e4c16a687aeac1273a13e55f1dc4cce621ec99fb6a611bc9dc096,29,1791403975.1439629,1791403984.5808103,9.436847448348999,665,153630,confirmed,
51,0xf658Fd2E03AeeDe7bB6eB49152f5b62BB1663381,node06,f60923362d34ae81dbd39d128d6aed4d15eab32ef60cd0b497c1290d12b7830a,29,1791403975.1534111,1791403984.5407884,9.387377262115479,666,153650,confirmed,
52,0x997965EED2A23Af0f6Fe6FAa8BAd930FA3464929,node07,c0ff49656ce7a1d61a43b0418357bcf54de28ac05cc9088a364371080c58bf1e,29,1791403975.154942,1791403989.405953,14.25101089477539,667,153638,confirmed,
53,0xfc158b9b2Fe56A55c05A6aC508d7CddC375F2740,node08,a8757a13e9af97c6804af732c62594dc2a763eddf2992b37dc2daa1785efe934,29,1791403975.1568148,1791403989.4347286,14.277913808822632,668,153630,confirmed,
54,0x1d2210Ae50F8DC43C358f2952dB0969bFE757A3A,node09,224222cea2aab1fa632edc8ac2a056d7dbe0fd742a269923754047f49098baeb,29,1791403975.1593661,1791403989.4157672,14.256401062011719,669,153630,confirmed,
55,0x7aCe298EcA8CaCAC68920A0b0713a77a128a848d,node10,7c5ed7707b41eaa2603c67e2e8144bb1462edc47e75ba2b9864243543e6ac0b3,29,1791403975.1607904,1791403993.3883474,18.227556943893433,670,153638,confirmed,
56,0x49ebaF37d1925821961858dbbd5F311BA2CfB5B7,node11,bb17f5a683425f3b7cd7a6c9cd9c62b61fbf6e4cb55436373081917d615e9407,29,1791403975.1617835,1791403997.0246575,21.862874031066895,671,153618,confirmed,
57,0x0089E3547632995C6C0b26ca46f825ac51cbC274,node12,961086d63dccc5ac6b8eb1c18656207cca24164e2d53b056b5f028ffda736fe6,29,1791403975.1643646,1791403997.1440985,21.97973394393921,672,153630,confirmed,
58,0xf14174B06efdd9854b0Ee583132E4DCd6918ACE1,node13,250195232fcbaec50a051da6ed34bc9e3c22ab4c81287b11779a1f55e8a8a00b,29,1791403975.166169,1791403999.7566612,24.590492248535156,673,153650,confirmed,
59,0xc98C160BA3a2f5Fa0afE355943ff58AB5ecbA166,node14,5233ca1c6a6106ac94615d817ec55d4b2573b0dd386f6fc1bb19db66b47c694f,29,1791403975.167588,1791403999.7604568,24.59286880493164,674,153638,confirmed,
60,0x7876A535763b5dAFdFd1C923DD0a5949bdEc9f20,node00,22e3c58686a7a4c20896b27c70cb2e42dfef8c2312e639cfa506d1a54deb69b8,29,1791403975.1703951,1791404002.0888903,26.918495178222656,675,153618,confirmed,
61,0xD09d837c1561F11c76F5938c7C46dF7603e2d801,node01,aba5206f5b93f26c310c02eaaf9cce193c8951e0a56ffd5c407ef00412fd6de9,29,1791403975.1720605,1791404003.668413,28.496352434158325,676,153606,confirmed,
62,0xe7528ce84ed806BDfC2C33f11450612aEAdBD7C6,node02,cabe62cd0efc52d3cca254e2872c015eb2cc5e75650d0c6f43a48b46cef8cf29,29,1791403975.1744847,1791404005.4836376,30.309152841567993,677,153650,confirmed,
63,0xd96E83563b71D335098bDaD272Bead929038a157,node03,23588ee61dad5c1ab6abbad063ccdaca9a24cae40e3a6d0e1969f5880236741a,29,1791403975.1786134,1791403978.507466,3.328852653503418,663,153626,confirmed,
64,0x0F7D18423B6291e172b0Bc6ab54f9625043deb59,node04,6cd560c5748d09871ebe356383631c1476e193cc83090bf64f215df51c268ce7,29,1791403975.1815593,1791403984.8509579,9.669398546218872,664,153630,confirmed,
65,0xCFB6D450c2f745531aa8eea79db136296C1F5293,node05,860eecf809621f2a7dd90764d6087fd368f08e87b1ece5a94a9b4f55176b0c5d,29,1791403975.183413,1791403984.78899,9.605576992034912,665,153630,confirmed,
66,0x6Dd1B58D008C3Bde42ADDfFDd85Cea11D61ED241,node06,d0d4337ef10fe33725048f7d595a8e06246d1f0ed2f2205e48439ac8fa3d6a92,29,1791403975.1866589,1791403984.8639755,9.677316665649414,666,153650,confirmed,
67,0x9f2733a7e1f01EAdBFC236f993abF618F890165F,node07,1f6b706771ce00f59c496c886d795574e747b1968e720b6a1e307879b673a721,29,1791403975.188681,1791403989.420437,14.231756210327148,667,153638,confirmed,
68,0x59FA0e087d3DdfC0caD43876FE6f2AF376a8360F,node08,4b8eec69ba0e8207f4fa146cbdc818de25b6380aacbaec34cd2fbab8e6e05942,29,1791403975.190481,1791403989.496244,14.305763006210327,668,153650,confirmed,
69,0xD3B6B38303b1AA047Be6b048EfFe3D31911bE290,node09,3c106ee9950713012f1884a302b223110f9e08cd677b76e786c19e3bcaa109c7,29,1791403975.1932514,1791403989.4438772,14.250625848770142,669,153630,confirmed,
70,0xBa72a854775C216886b4470a8457084E35A9def9,node10,bdfe184afcb531b9f8699584b866bdb748ec4af1ad62fd2da58795544176c010,29,1791403975.193832,1791403993.3045177,18.1106858253479,670,153650,confirmed,
71,0xeBB38019eADc15877fA864160216dfCaEdaF3934,node11,74e2d655aa8de05bb9770057e08103035a411401b1759cd64c7e4e076c706414,29,1791403975.196914,1791403997.1509662,21.954052209854126,671,153650,confirmed,
72,0x9b98b6084c0bAf1775c56eee2a64fb094aA5c141,node12,f54354896d68a50bb99f17d735ee9b60df1a15f81928c8776c1ff9047889014b,29,1791403975.1976674,1791403997.314476,22.116808652877808,672,153606,confirmed,
73,0xc320839239FbA564774184a2b0cF4d812A30DeCB,node13,acfb78bf5a5efb7dab01e25f5806bdbc747c713ad6a8e66b3b7de5799f34b403,29,1791403975.202426,1791403999.87869,24.67626404762268,673,153630,confirmed,
74,0x9Bf6881A90719f593eb44b9BDd3fed12c9c87734,node14,ebd4c0cd6b61fc4a52ced01905ff637f679c8ce907e77a7c728a64e489a68613,29,1791403975.2047625,1791403999.8600829,24.655320405960083,674,153638,confirmed,
75,0x81C51433a20878132D147307D873737De97925AB,node00,ebc1f84095e047327eeb30abb4c2aba53ea9fa33b51522f8b7f7dc1d4d06c377,29,1791403975.208206,1791404001.885107,26.67690110206604,675,153630,confirmed,
76,0xf1489cd3B2941Fa319Fe7D302D72C0a441F81aBf,node01,122aaf864fec312d4e9a6146c946ffcfda35997fc660eed22890b3c82a755709,29,1791403975.2102516,1791404003.6187727,28.40852117538452,676,153618,confirmed,
77,0x4f17faFF68F5dA6090d0Ed21763D90229862B6D3,node02,fd5bd628a2324d45005e5055ec3a82adca4d23ede515b625036c3662185322c3,29,1791403975.2109618,1791404005.5398562,30.32889437675476,677,153626,confirmed,
78,0xfE3b51Afd03A9EF7bAB057D352dF5d85FF317Aa3,node03,c028081dbefcc71afbc0a654fba603a783c5454129056211e19feff3a69f078f,29,1791403975.2132864,1791403978.604815,3.391528606414795,663,153650,confirmed,
79,0x542983674A91b274BeE64E47151FA129c334F5Bd,node04,62dfb726943473162ca3401ae61a5ae0a3ca0d1621b544297c6031feb69d7f6d,29,1791403975.2221682,1791403984.873933,9.651764869689941,664,153630,confirmed,
80,0x840632c8680989C802D3d9E202BC3e576905C0a0,node05,43df0725c504ef48c085267303864d6875d1281646b47ea37f3f7b2c27e1c885,29,1791403975.2266078,1791403984.907604,9.680996179580688,665,153650,confirmed,
81,0x2aE570E02cBDBbc39C5DA7662CD00274e6c0eF4a,node06,4bec9549c778f55f8a44387a55b7a09d5c0ffc0dc3080a413149107c5ccf59b4,29,1791403975.2290616,1791403984.7579331,9.528871536254883,666,153650,confirmed,
82,0x914587094A70D9E4963725F1B454F86DB606cABd,node07,6d1306a876c8a1bef02f267c259ffb972fcea24a96724d77e9a09951727f3317,29,1791403975.2300222,1791403989.9243717,14.694349527359009,667,153618,confirmed,
83,0xbB14426990E81aD4369E55CacfA6285bAfe852Ea,node08,bd5242dfa0f5eb114aa145f11e9aabf2411dee342ef954eb5917fe0c8fd95434,29,1791403975.2321002,1791403989.765909,14.533808708190918,668,153650,confirmed,
84,0x3353BfE517ACa011a651977A7147a846D5814112,node09,da70ebe1a265f12ec9ac4c1528d70ea965f3d9aff9ea384b40fd52d8d4445066,29,1791403975.2364392,1791403989.573104,14.33666467666626,669,153618,confirmed,
85,0x89b625c8d11798FcD25dED8D10973e1C0D12FBE8,node10,29e6529cb3906e1de93cd801222d6bc61d7f8d112ff18a844f5e7f9e6f56fa24,29,1791403975.2388413,1791403993.345452,18.106610774993896,670,153606,confirmed,
86,0x780383EB116348576c2B1129De6DC50BfDB8B7f3,node11,20c973932f123f7ee78d88b88378d07b292b252e6c020422a32e81121ed9ea78,29,1791403975.2431674,1791403997.2179987,21.974831342697144,671,153650,confirmed,
87,0x36ee4Ab88024368b4b759d31535Cb1bb338a131c,node12,4ea23f25b67d6655728ecdc4212b797d2901217d81a3ceadce4ff998eccf3c15,29,1791403975.244441,1791403997.3963132,22.151872158050537,672,153650,confirmed,
88,0x9C0eE199a7b78ef0d8b8B2f92fF41b1F2465d851,node13,166e4a0a5ddc947bb4332a8e196e0f1afa88485a1b2d8031bb0fca940ee58c14,29,1791403975.2461135,1791404000.0111635,24.765049934387207,673,153618,confirmed,
89,0x5a6847659Ff40550ea2879C96bB341A0716dCb0e,node14,ddaf93b143e0287872c69ff7e93c5660432233178bf70884a4c78db4994bc8ee,29,1791403975.246618,1791403999.7927194,24.546101331710815,674,153630,confirmed,
90,0x4527dd7a42186F40e1E87a6276128A62D69F3370,node00,433e9e01f44bd9de07edb3665cd168097d158348404fa312cd518e8170178282,29,1791403975.2485704,1791404001.9773908,26.728820323944092,675,153638,confirmed,
91,0xfCE71FaA30f3EcE46a496e351034F87755eBFD71,node01,438dd6a940e7021012cf89fe2e34985d7d68053192e20c7edd0700567a443419,29,1791403975.2502654,1791404003.6894312,28.439165830612183,676,153630,confirmed,
92,0xD00aBA759fb51f3380a1A0F87F1E144562213d74,node02,467c46091f79993b3fe8e8e72b24412a5f7ada4a91c0146de7da053c9532c0ea,29,1791403975.2534955,1791404005.499944,30.246448516845703,677,153630,confirmed,
93,0xf952ffBe248BE770853A469126775ef0FE5d49A1,node03,8a9224a4bb1e2ec2d618c277a01f47f3009b21a995cce020e53666b3eab2afda,29,1791403975.2554815,1791403978.6595628,3.404081344604492,663,153638,confirmed,
94,0x040F04fC1f98c5Eec37dD47e90C32235f55a69CD,node04,329fde42e3814df343cf9fc0b88c08557c3fd2cd6551704b1047f9cfcdefd7ec,29,1791403975.2602143,1791403985.190129,9.929914712905884,664,153650,confirmed,
95,0x2D9eE148DFCA47468420FD4e8FC299aBa90F3DC4,node05,f36ae785e8537960fc047fdd7b2b37f0f6411fdbf5aafac0dcba7e4d56113a4d,29,1791403975.2615426,1791403985.2159548,9.95441222190857,665,153630,confirmed,
96,0x222131d3ea17a53ab49a89Af715CF44Ce8D58236,node06,756ec1b8a5dbb98685ed25b9388812196e19ce907325e7e7a56f588a550c579b,29,1791403975.2624233,1791403984.859029,9.596605777740479,666,153630,confirmed,
97,0x7bE890037Bd5B61f2C8D363d18a3B141f8FBD44F,node07,6713da95b7ec175660f32a406dc7904c53eb81265f5ba0aa3d4a81c21edc4f0c,29,1791403975.2660003,1791403989.5784853,14.312484979629517,667,153630,confirmed,
98,0xb773047f9b0829a03aE241D394Be66ad0F1a6Dab,node08,76398825cc7c654bf1accbf96ddcd4442c8e4c232865e85479ad098a51a0aea8,29,1791403975.274657,1791403989.7371104,14.462453365325928,668,153630,confirmed,
99,0x5C1Bcd222625Cf6a2654Bf3CE9f63d683efb1873,node09,86f30cf0aeb89dffaaea3d1b13a05bc4bdc5a1ed56154491b177080d7dc4efbc,29,1791403975.2769136,1791403989.5684485,14.291534900665283,669,153650,confirmed,
100,0x721De1Bc2E914CFd3D99bCE395C26629b5e90803,node10,72c9c632e2969ee5dea19f87686860d8dda9452b174f9f8d2f19379fd3ea8d04,29,1791403975.278876,1791403993.4577482,18.178872108459473,670,153638,confirmed,
101,0x6f205C2BD52c55126D1322535c5F09597E330DbE,node11,3e86e92f5df666dcb0c57feea63389702eefc3f78b38399fbe5605d842271ca2,29,1791403975.281227,1791403993.6187174,18.33749032020569,671,153638,confirmed,
102,0x89872cFB929033774870Ae19Ce572dBe5d64b0eb,node12,898615f3e7ade543fef431f7020ca0d6e7a1f82ee6acbc19fbab00117c8f72b7,29,1791403975.282106,1791403997.3072085,22.025102615356445,672,153630,confirmed,
103,0x83Dde5Fc4d6aA8ecd244A7a51c86C88B953d674D,node13,5afac282b1e920eeecf8de20d4d93f5c1bbb3ce7be060e537c37e0a1ea906a75,29,1791403975.2828648,1791403999.796846,24.513981103897095,673,153630,confirmed,
104,0xa212734A5d744AE36d25F8fFbc2c1D82c10B7df6,node14,667d96f2dce05a0f6ed69e65e41cfd425f01f1116c8ef496e3330756208c93e9,29,1791403975.2844226,1791403999.9581425,24.673719882965088,674,153630,confirmed,
105,0x837ee6BFC97c68eE6df1f3AFdec06d32CFDa2155,node00,665ae02d608acfae7c06c4644d70330ba9868099dd6ff0c98ced2fd74e0453cb,29,1791403975.2907794,1791404001.9744318,26.68365240097046,675,153630,confirmed,
106,0x1De369598d782f9A72e7B5f8510145379C274AEf,node01,964a7a7d854c68d5a15ca22d8e1979ea5d3cda6ffa6c6cd91c3c9f3709f290dc,29,1791403975.2947583,1791404003.8490944,28.554336071014404,676,153650,confirmed,
107,0xf8072eF3cAAaB33dBBc0316a59aF768a93d0CFfA,node02,ad9065ef4fc3d34cc3c1a0ad8df0be6e9e9ce7be8d35f1e970cebd97e3550976,29,1791403975.297441,1791404005.5078368,30.21039581298828,677,153618,confirmed,
108,0x015c05FF286fc3b40E3E93cee2808F72fCd86d76,node03,64e9c4118c0c5675d076619616463ff5299a0c30bbaf55d2dbd962b574b8dbd5,29,1791403975.2992034,1791403978.7909074,3.491703987121582,663,153638,confirmed,
109,0x407E295cCfbF5D21d6b547dBfD1DEC015B4720F0,node04,f969504f16adfef2e527bb617426ee99addae8a15c71e31a3b923fd89e43898a,29,1791403975.3026986,1791403985.1655803,9.862881660461426,664,153630,confirmed,
110,0xFfd7F0e3c00F8421DEE9A46962db15c2dC68Fc92,node05,240138e0d628914b78655f5e8b21be318c1f52e7b155a31918c3f651942f4fc7,29,1791403975.305059,1791403985.3836663,10.078607320785522,665,153638,confirmed,
111,0x858bdE70deB47E4c91B29dEC2C1B5EB8Af070854,node06,91d033d08ceb17ee7fdf5437b9781dcafdc472004128a2fb13d25814e2f87af3,29,1791403975.3072202,1791403985.304257,9.997036695480347,666,153650,confirmed,
112,0x529AbC58DFDD45C0710b004476DDE4F37310D0A8,node07,3dbcabde7e2d10a1e1bd410d94fc5be0d9d154e835114a0fb731b8a055187f1e,29,1791403975.3094294,1791403989.5755157,14.266086339950562,667,153650,confirmed,
113,0x54228D34355bFe21Bf1B649D5f475D4ec9b1a7bB,node08,cd851bab36ffb1ad3d735b127779c5805ca0e8b82ae067589b26953b72f6d6c6,29,1791403975.3137648,1791403989.8422024,14.528437614440918,668,153650,confirmed,
114,0xA8f85318A2Eb4588482c4eAB5C4A0D9Ca42E7716,node09,01cdf6ac316e324c1d39e3e57f2c146e78cb28f5ce2d886f0a05ca82e7f7c67e,29,1791403975.3246105,1791403989.804509,14.479898452758789,669,153638,confirmed,
115,0xB3aa101381e8972887D7022547389fC658c1c53A,node10,328bac01a1bc57ca0e467efe41dbd05387c9fd689485802ce4c7cd9fe041f002,29,1791403975.3264017,1791403993.3695722,18.04317045211792,670,153650,confirmed,
116,0x56069f590e4f6411AfC74B1481a2fa88E4dEb8b7,node11,d908d3974c2e351b84792a54f1538c791e8f1463df715d0df75519335bbcb3a1,29,1791403975.3296382,1791403997.246779,21.91714072227478,671,153630,confirmed,
117,0x463570e3fDF44bF237a9f524e0084B9eA72bce80,node12,ab44deb2c24afff94405f6c3856af93aff160d96813fd820fd9ba4658057885c,29,1791403975.3326857,1791403997.4625888,22.129903078079224,672,153638,confirmed,
118,0x9C46a205B953118Ae1422BfEF9a9F81A4bbd2CE1,node13,676cca9f03bc66e96a9596947721a511c3dd4b7e8e0f62b76a663386e228cb71,29,1791403975.3381624,1791403999.8129954,24.474833011627197,673,153638,confirmed,
119,0x713275fe90553C8584c3bb8E7FfD2010E2F3D3a0,node14,e592029015054d0d26228e8a48067e994017095ce57b490c475fe88bd4a9cfc5,29,1791403975.3397639,1791403999.8885255,24.54876160621643,674,153638,confirmed,
120,0x93aeC1745b92a971befC3F38cba108C13916E691,node00,2f225318bf8d49689332888e043d7df4e003a0cc6f9ce4a781c2923df7d488a0,29,1791403975.3414493,1791404002.4089296,27.067480325698853,675,153638,confirmed,
121,0x93a68A480026d01E18fBFf0eD576db974a20DF91,node01,078f37d162f00ec378f0c658b96f7f9be107c19b9ec73d283bd262ab59df1997,29,1791403975.3439775,1791404003.9428372,28.598859786987305,676,153618,confirmed,
122,0xc985294E12d87e3cF020c900bBb28108aCbb1A37,node02,a55b286fe0b1fec12de99374dc41034171a2574f25f7c567a34bcd49beb38d66,29,1791403975.3449876,1791404005.5326905,30.187702894210815,677,153650,confirmed,
123,0x95661BB26D892cF95F77090Dc14b7Af733009A46,node03,4106b863c99d02d40d3bb5b12531cbcf8ac8e72adaa0fcde158b43f5413b7124,29,1791403975.349242,1791403978.8983586,3.549116611480713,663,153582,confirmed,
124,0x0289EcC3a16708edaE3807471049C6c57E73bcA4,node04,1a18d862eb4d328a31ba42b1d019433dabb098045a44032d1475214a33203539,29,1791403975.350968,1791403984.950566,9.599598169326782,664,153650,confirmed,
125,0xa4883848188E739270AE62Eae4f02566f221e115,node05,9b34d4be9ac551cec3429b14f443f68677492c3fb1a5ad6084205a9cce9e3bb7,29,1791403975.3553605,1791403985.306367,9.951006412506104,665,153618,confirmed,
126,0x36C6f887aeCDf13cd913DB85f753A34206b9AD23,node06,ad2a55e6be34e3d3df83cd1808bfec0a2945ee2de678293dc2a78233c32c99e0,29,1791403975.3565164,1791403985.0204496,9.663933277130127,666,153630,confirmed,
127,0xAa6e97366528028FC339E7181Ec0325261656a95,node07,ec6b24c4197c87fc54d54e1b186f1db71c426f33cca546d3c4ab7b6fe66798d7,29,1791403975.3613544,1791403989.6322298,14.270875453948975,667,153650,confirmed,
128,0x8E79b7338524DA71655b3f7BAd711539485B6B7D,node08,aa4086fca8b476b6dcb1826d627e5dc41d1621f0e0d326ea8f12e1679008e85c,29,1791403975.3626127,1791403989.7540429,14.391430139541626,668,153650,confirmed,
129,0x623d46746cFb34384885B1b9236CFf5e556ef58E,node09,23b9df2146c9fc37bc8fd680875f15907ca3592b079f10fac8d9e36da2405003,29,1791403975.3643792,1791403989.7184842,14.354104995727539,669,153638,confirmed,
130,0xf1D4c3406886DB691EE8467FdA1Cb9Cd60B047E8,node10,626cfebb1d133a0ee1eae78602d443a80c22cdfc4e180e7668aaefdaa7be640b,29,1791403975.3670387,1791403993.4597683,18.092729568481445,670,153606,confirmed,
131,0xd126Fe9841E2c6850e514B413204a61489A980Ba,node11,77edb493aff2a6d231c681b6cd41ca3d7e626098589a013c386919237c515153,29,1791403975.3726115,1791403993.3904614,18.017849922180176,671,153618,confirmed,
132,0x792685C3e077a39f3003CD6d2f094612D97f18de,node12,e2252789d18d9fc9bacbc8e0c77ceb5e9ef35ec85e8476b430da0b0103a5e8a8,29,1791403975.3754008,1791403997.412264,22.036863327026367,672,153618,confirmed,
133,0x1848ef90fC0e00cDFc15df2aDb4172FC5Dbc3514,node13,8f450c753a9e2126730e9a6e3b815b9f218ad9790fe3305ffd98010eb49c50b5,29,1791403975.3774087,1791404000.077391,24.699982166290283,673,153618,confirmed,
134,0x8b009B5EFAf6Ba25A990dCA935267F8De65eEFaB,node14,c73d885df837de43f55e28cfe0fc02f3ab5da913958894ecf1a65d0a67f209bb,29,1791403975.3785179,1791403999.8942156,24.515697717666626,674,153650,confirmed,
135,0xdC4BbCD45C1F722021307c6c7b4163B187a5B6aB,node00,3b193a2dfdd0b75260265ba9833115f00145cfa882dfdc95c4691ddb68c674ae,29,1791403975.3831863,1791404001.9581358,26.574949502944946,675,153650,confirmed,
136,0x20f0BDe01660B4f8bf259d90ae97f24cEC3a1C3C,node01,4e3d0ada62bad83b3b54ad625f713a29668e4dee47745d716dcb4ceb20d4db93,29,1791403975.387932,1791404003.8622115,28.474279403686523,676,153630,confirmed,
137,0xE07783B595E29E57c2E13D764Db9beBBAa70bf87,node02,5a500d1478cff9548d4409fe4d0a77e1098f162517183b14fc14e2671367e900,29,1791403975.3939776,1791404005.5165503,30.122572660446167,677,153630,confirmed,
138,0x5e4edA227D8a5DF67eF448e7EcaF69f4024EBD41,node03,112eeea5ee807b470889902c5aac67c634a235fe2af58c9d4ae3b9b9b0264074,29,1791403975.3950882,1791403979.2349665,3.8398783206939697,663,153606,confirmed,
139,0x66EB9bf574dcB16DD9574aCab016365E8C7f5904,node04,4f6b710a243c1fdc769b6791c19f837203f9ec463fb8610f5a01449af75e86aa,29,1791403975.3979485,1791403985.2690794,9.87113094329834,664,153618,confirmed,
140,0xfd33B23ee0F3b251C39094B9C8832B5CC97A8ed4,node05,b561dc4816602159999f179bc4c5d3ba6d671705f1801e0d0257499c97069a6b,29,1791403975.4013183,1791403985.2003202,9.799001932144165,665,153650,confirmed,
141,0x8C6C5269f5FBE4Cd20034b324f7E1aFfC43E1CA5,node06,ecc2173593292b6ed848461b030df4fb1c4fc9a3459d828dcbb2a06b25b5ffe6,29,1791403975.407131,1791403985.3822205,9.97508955001831,666,153630,confirmed,
142,0x3Db77b7eFcA1e405A5FbBecE945f96E427c52F42,node07,094bbec7503aa615900a8db1ba76f3b01fa1a9013f498b65e61f0ede971493a4,29,1791403975.4091086,1791403989.7882745,14.379165887832642,667,153630,confirmed,
143,0xCe9c11d02886382402107859a58a1e8097582f93,node08,960da926af8029789caf324ee97e12d9748991585ef5ede7ed812d3f279fc904,29,1791403975.4107397,1791403989.912132,14.501392364501953,668,153650,confirmed,
144,0x77146A94C103015272f2192819B777c0D7A80f56,node09,1799b6ed6ab5d5ba61c40eb4d42a54640e06739724a599ff53e34e5c7a4aa727,29,1791403975.4144084,1791403989.7977536,14.383345127105713,669,153638,confirmed,
145,0xa9C705B22FC2a42fd736BB229f563792F56a79Af,node10,1c98bf6718ad8caf8835115535b93a75869d6328de6ad5d68e069f14e152bce3,29,1791403975.4152977,1791403993.446622,18.0313241481781,670,153650,confirmed,
146,0xC1C508944C7EE356791D6e9aCE2E551Add8487b3,node11,443d5b793e68c9e02b29f0914e5c080b51ac41b30705836a5ed997a592fa3946,29,1791403975.416711,1791403993.4978788,18.081167697906494,671,153650,confirmed,
147,0x84e584217cf22F689ef3e47A9884ba09261009Aa,node12,3b2700f07e5e86a6aea4ad4c20840b3ab83a6d7f9b339b86dfbd2699f1673939,29,1791403975.417468,1791403997.429075,22.0116069316864,672,153630,confirmed,
148,0x0ba70E9c34e37C988ac5c704D74a3FFFaF5d3C6D,node13,ab60787dc7f096c56c9d94aff82ad34a09aa556d35d37ee06992d77cb0290cb2,29,1791403975.4227123,1791404000.0241494,24.601437091827393,673,153618,confirmed,
149,0xC0871257EAa2d7FC03b468b27326f1c225f81328,node14,09ad1bb3ff9e5246ea52a8506829bd1ca72279fa5a6df10b27cd4ce3b292ae46,29,1791403975.4243317,1791404000.052851,24.628519296646118,674,153638,confirmed,
150,0x54A61dCDf351d19d9CeE065dB2bC6F7fCD30EBFf,node00,4d72ff9497afbeb6be7f4755488c54bdcc6cf396f8cfc8580295ba4cd37c7c21,29,1791403975.4255965,1791404002.3443713,26.918774843215942,675,153650,confirmed,
151,0x0865a1904408dA0bbea0B00C886f31e77161309e,node01,aa7cf40eefe432493e5dc95cdd0d125ea26f3a67a8d924a1bb228d02c06e3c14,29,1791403975.4274724,1791404003.8254557,28.39798331260681,676,153650,confirmed,
152,0xA3F38620B5e13063333cb02D2D2D7100C8B62e03,node02,6f15621a2816a50dbe15a2515d40d9c93a179b84678bd0590c27f44deeab0181,29,1791403975.4319286,1791404005.5595179,30.127589225769043,677,153650,confirmed,
153,0x95350C8Ac5aE23D8cDDE6bF7ee8Bea23C5C1f4ee,node03,08337e3db6fff3b024a242cadbf7fc084aff2048e9f9005f8cb3403650bb4aa7,29,1791403975.4349082,1791403979.0239334,3.5890252590179443,663,153606,confirmed,
154,0x42a09326d7F6794E4af25e2ab4768C45f9235a07,node04,323204a4f796d36a8c3d77efc619cf190a723f347cc302d3f59f40dd6c4a7936,29,1791403975.436585,1791403985.1864545,9.749869585037231,664,153650,confirmed,
155,0x7383cC6A868a221925029c7BAf4C5595D6b81962,node05,061285ed9f69f36a9b2352fef4df5f51f552e9f214e9499f271910af23213470,29,1791403975.4399068,1791403985.282483,9.842576265335083,665,153630,confirmed,
156,0xe6ab9E8C51b585CfCDAFe017a237FaD2935c9EBc,node06,6ee138c91bc07902c391e4f658935a53f8cc240aedbbadc17a19ce2c2e238f6d,29,1791403975.4457295,1791403985.3484693,9.902739763259888,666,153650,confirmed,
157,0x61DE7071e08c67A7b9C2b57059a8720344fEcB6a,node07,27bb3b0e9d8904ba30cf15a0ca764d29592c62a81e4f60283e1175514574c532,29,1791403975.448074,1791403990.2303689,14.782294750213623,667,153618,confirmed,
158,0xaf9Ff899cEa79202e4E0C231C2Fb00A245Aeb560,node08,fc3b593c8710a7374c05d019d76ee9f299ecedb1a4013e3aa2517217ad76e4b7,29,1791403975.458519,1791403989.8182821,14.359763145446777,668,153650,confirmed,
159,0x23DA5d8E1700A5F1Ca1C52CBe9Ad7A3ea81c1421,node09,fc08462a6e5d9ca75f15237c4afc5bb8cf1fcc5e8fef02e67cfaafcabf958c49,29,1791403975.4598832,1791403989.835347,14.375463724136353,669,153626,confirmed,
160,0x145FfcB0c18394E56Ae41746C468D5D97de25C20,node10,4902b4e81cdc41b4928e3738844dba900c7a756b9dab7aaee1fe669725d8919f,29,1791403975.4623933,1791403993.4513671,17.98897385597229,670,153630,confirmed,
161,0xBBAdcb663F7c46e9d5d46A1494F934F75eF4B39F,node11,adccbec66c89320262ecfbd7318100ab8a151153c29e53c180fb28d8a4d0bcb5,29,1791403975.4661024,1791403993.978615,18.512512683868408,671,153650,confirmed,
162,0xDCde8f718A3f0358f4fA6cB06a1Bf5d6F8A82B8a,node12,ea1068a2dde842f1f87b22bd551c0f14709c30dcbe53537422d4f3adae4ee9f7,29,1791403975.4676735,1791403997.3573039,21.88963031768799,672,153650,confirmed,
163,0x4f343167695971581c73342148bE6be009ADbc83,node13,816f3f32bfd33a7589c4f42e9da29356e2f10cea576b85afa3c32b3f6451270d,29,1791403975.469332,1791403999.9243665,24.455034494400024,673,153630,confirmed,
164,0x5CAa088777270eC3Ebd8F401D9Ca353bD7729819,node14,44aa0ecdcdf2127c96e04a694213f1235995884f3ec82532a489df330d0df62d,29,1791403975.4733114,1791403999.9470322,24.47372078895569,674,153650,confirmed,
165,0x14cdbe153c038145fB2d7941c01974A30a8DEa66,node00,567cc8842ed6f9af23aaf853f146757a73b86ad439d72a18c58d62486bee4525,29,1791403975.4779267,1791404002.1987784,26.72085165977478,675,153630,confirmed,
166,0x3C792Ec108653EE74072396cF6c587fC8F8dfF0b,node01,d1b5665e291677a68f8bf7650f1bca910c3856c8f4836a080f934282c22d651e,29,1791403975.4796681,1791404003.7852387,28.305570602416992,676,153618,confirmed,
167,0x1FDCd7607Ef0C025e5BEF5C9F99f515664F0cE50,node02,79c86f499ff405f425e40bcf1dce7ada71ad640000473a8e4e8e9d3e1c66d5b7,29,1791403975.4826832,1791404005.504853,30.022169828414917,677,153630,confirmed,
168,0x1c0f4d9626d405580525E5e91e91280D164841d4,node03,7a0e35b5235b75a963008b5eb850c7e6d86efeb5ddaed19ba5aa6ef64d29d38a,29,1791403975.486524,1791403979.116732,3.6302077770233154,663,153638,confirmed,
169,0x89A64A4a6d98C01E14D4ebB06a83051E861f994e,node04,2e8097b9605e7433f522ba706eb7f189787d65364e24a0fcf457a936761639d2,29,1791403975.488307,1791403985.38587,9.897562980651855,664,153630,confirmed,
170,0xCd94EEe2e456822d1eD1232F2c936fd69E56Ee12,node05,2292a5cca303908757e54b437223f7bb1d31a47f26877eca59a2a5e3bb7c7a1c,29,1791403975.48976,1791403985.212676,9.72291612625122,665,153630,confirmed,
171,0xe06b5024771888a7F3B93D92b6eaC7E19afC3BfA,node06,2e464b2c35d6056014130a5a361e0ee31a44f86c5671073eeba0b331596e4a26,29,1791403975.4924035,1791403985.420001,9.927597522735596,666,153650,confirmed,
172,0x097aD9f597332d950f43634F3A52739c8e06A671,node07,67f7ff277088b56eaaff0aec69962bd9839fcf68de86025d7dddddff7be45c3a,29,1791403975.4933367,1791403990.0245113,14.531174659729004,667,153638,confirmed,
173,0x6b334F8d59C5495F575C8DC0Ece98c85a4e4f8E7,node08,0c77b6379814571e6cf3a07a8a6d6cb9aca060c3ced8064a53be79958bfcf7f6,29,1791403975.4953458,1791403990.1363838,14.641037940979004,668,153650,confirmed,
174,0x129954c10D7aB996f134Fa0D3e3b4FE6f7f84b93,node09,700382a8eada0478f5b6a0720c0cb9fb1fb10f7e1c510d38f3c77f4520c35381,29,1791403975.497449,1791403990.5462706,15.048821687698364,669,153650,confirmed,
175,0x86607e4380935778d86155db2EDb70f4Cb5C5947,node10,674fd03fe15f7b3ab408b13e9e19792b855eaab753dcb0c07dd019e09f2d7352,29,1791403975.4993815,1791403993.5836577,18.08427619934082,670,153630,confirmed,
176,0xA1f24c1f58202C1E006473ED8b7b2EfEd15dedfc,node11,aebdc8b38c0091e197ad0a38b7496b6f055d5dc19ad2890635d63c44245c9d91,29,1791403975.5008278,1791403993.7977116,18.296883821487427,671,153618,confirmed,
177,0x450aa86eBA4f445fC1073793A50C023Af7636283,node12,e670f04c7ede0f41f74ff96ec54a113f47dd939eb3fa9daf46b7380b3e8fb840,29,1791403975.5030627,1791403997.527458,22.02439522743225,672,153614,confirmed,
178,0x71F00A931Bd8eB35D7c5514cc1a7ceC47c2a1422,node13,061fcb9d44b9eb8715216c3d7d18f2d56431502f8c65c068d5b0b183f611b67d,29,1791403975.5053942,1791403999.984936,24.479541778564453,673,153638,confirmed,
179,0x38f3EbFbE1A7adC1632E6E09D31DAbdA6aA0c08a,node14,387a39db769a278159ff610011133dfb02e549d2a8dbfc2035e092344fe29c01,29,1791403975.5111616,1791404000.0023286,24.491167068481445,674,153630,confirmed,
180,0xb134600909bDee000BCB95C373b35435e699AB08,node00,06132945a67426aac1b29c6feef9065ba87bf64bacc46c1ab07bd43db0374ac1,29,1791403975.5126894,1791404002.0753431,26.56265377998352,675,153630,confirmed,
181,0x9a9121C3ac23018269f3518a6f186D42cc19736B,node01,9a6b00951548951c45368479ef8d44148f8691918215fa0d9a47dcca1117ef1a,29,1791403975.5217698,1791404003.7622526,28.240482807159424,676,153650,confirmed,
182,0x02137ecb83092A6C7E3f4fC1edA6afA7cD6c0ee1,node02,94e6e718b32c719d0082a582b57b73176e76d6f2289fda66e5edbb4678b6eab2,29,1791403975.5230289,1791404005.5247781,30.001749277114868,677,153618,confirmed,
183,0x06C37C2AC9AF257D5a3669A0f69bca5233DF8EFe,node03,688d06e33d0f1b1b938de2ac3949f09a66a5ac6ac8d21815538cf2934778698f,29,1791403975.5241106,1791403979.2323065,3.708195924758911,663,153630,confirmed,
184,0xd614858B8ac2964fdbfBfD9786f686eAb38d633f,node04,bccf1239ab547f50efc876bc58d4f76516ab551d7ddfcb24e0f2cdfecc62ee02,29,1791403975.5263834,1791403985.5295064,10.003123044967651,664,153630,confirmed,
185,0xE045337601B2A2B27bbb0B8d7f95682284a5A20e,node05,18c5fb7d3422213c7492f04910a21bc875d9aae3eeef302d3b4ae2148c8f3c41,29,1791403975.5279567,1791403985.3651547,9.83719801902771,665,153626,confirmed,
186,0x7ae093D1d1733e741b41C30Bd7F1A75a4e3494Db,node06,b5239c943fe222dae1b6c03b4dca783c59269bfd0f8865566faf7d8f2aad1729,29,1791403975.5299532,1791403985.6501925,10.1202392578125,666,153650,confirmed,
187,0x0405f0eD66B33A7040B0196B2B7E9808685ae4cA,node07,80b528a5467c0ece9638d67b3e4d833bcdb23b42da1033f049dab655c8bdada5,29,1791403975.531023,1791403990.039924,14.508900880813599,667,153638,confirmed,
188,0x453f6cF18A558e9bAC6D2c241cAC3fE1Ede5f8A5,node08,e7a7bfdd7c2db41eed8e0da3f9e0cdcdea26996f9f8583b8d5230396363e3026,29,1791403975.5331278,1791403990.0639765,14.530848741531372,668,153638,confirmed,
189,0x013A131249Eb0D6614c23A27349113E9d62Caa74,node09,c630c878b4d37ffd9037cdc68c5959deac2af633a1c2119dd3359b0cde4a6890,29,1791403975.5393827,1791403990.0062675,14.466884851455688,669,153650,confirmed,
190,0xB29c38fDE23fcd024505AB34A2bc69f634C08dF1,node10,1d0b5750d776a6a45dc6889f7edb69af42ab91375df5bff2d95e3bc8e4564eca,29,1791403975.5426168,1791403993.8648324,18.32221555709839,670,153618,confirmed,
191,0xbEF8D8eBFa456706B0865aD140Da92CCA8AE9082,node11,809bdea35f574c37c83b650ce60ae94a3131ed942dfaae42f61e15fdea7ad9e9,29,1791403975.544436,1791403993.6260135,18.08157753944397,671,153650,confirmed,
192,0x495127573Ec2758D952f814a36e29F2e63706e0E,node12,63a6165fa984621462db0a54accc33179b220af56534c55f552220951130a6f8,24,1791403975.5459545,1791403997.473937,21.927982568740845,672,153630,confirmed,
193,0x7912A6AF0c653966E79910f87dA87b2ADb2680c1,node13,7925fedde8079e8e5c40782e6dbecc30a13827af8e1bf861ac4ec7ab23f5693e,24,1791403975.5516212,1791403999.9940658,24.442444562911987,673,153650,confirmed,
194,0xbe772882b8d1e0ADfC8dB58F6a3e48d11fa0774d,node14,ad1e64c089c215694e73152f4e0cc3429cb2d7857894c07e0c598bbcc482a556,24,1791403975.5531542,1791404000.1250563,24.57190203666687,674,153618,confirmed,
195,0x4Df0EcB5934E39674bdE428215166f39EcdE6C57,node00,5f8ddf08b9fb8c7ba16198cfa3e2554d446afa746abb9d12db194f78dd03dd42,24,1791403975.5544884,1791404002.2231698,26.668681383132935,675,153638,confirmed,
196,0xefe194aA9384b069941581a0CB134602f7732e1C,node01,36a9ac0d423e76969826e342ce57c14aee1c9a8d2e838effe2a88a381263aa8e,24,1791403975.5564265,1791404003.7573297,28.200903177261353,676,153630,confirmed,
197,0xcee5DB6Be72e6ef3Ee6Ed7D2e8770005f32323D2,node02,2be2e267b201e30bbcd74c8d8656b5d2e00cc12e8f06a87695cd5e49f655738a,24,1791403975.5585656,1791404005.5093262,29.95076060295105,677,153630,confirmed,
198,0x11f31CeA63c023Bb3f09DcFEC9E8a295004eA837,node03,3049c1f91e04584501b73bbe69d66900575ed811e41ddea1d5795dd39f393541,24,1791403975.560342,1791403979.2836716,3.723329544067383,663,153618,confirmed,
199,0xa0Fc135ac7F026D08dc65Dc1B020A794d2e966A5,node04,5ea10e7fc4497809b8e3ae012ece68291b1357d2ddeb4c821fe427d7f1e21dfe,24,1791403975.5645504,1791403985.7556057,10.191055297851562,664,153618,confirmed,
200,0x9e02F2237807313b83f415016D7f7F00b248Dc14,node05,d85a80554dcbf91f596bf58676f8e757974b8db624b0a5987dbbbe022dbeb953,24,1791403975.568444,1791403985.5812356,10.012791633605957,665,153630,confirmed,
201,0xEbb2296c3DbEa4B3Cad727CBA7010035C13E1a05,node06,1247342ab50e119f349ca1c291c5b19976e505d9b1baeea83f0032ea83f62e72,24,1791403975.569197,1791403985.6421704,10.072973489761353,666,153626,confirmed,
202,0x73D6B30D048815eE2b83cDdf556fa0C564F5d7f6,node07,56ea3e229094068aa1413f0e3c2c6d18baffa1fd1dfccfe751ac0c4d54394428,24,1791403975.5709515,1791403990.0737026,14.502751111984253,667,153650,confirmed,
203,0xf6B158f4955968707739aCa526a0132Ace0a7b8C,node08,641b652380ae53a4a11b82c439f1b34f361a48629550924a41bdcc0541f3ce55,24,1791403975.573125,1791403990.1886303,14.615505456924438,668,153630,confirmed,
204,0x1618f1477d923550348a302AA615eD53b31a4313,node09,777f11533e8ed2e848335145ec8eb0cc95fcdc241082c1f9a7a0012c13fe16c3,24,1791403975.5768602,1791403990.3045576,14.727697372436523,669,153606,confirmed,
205,0x01c877cADFA48cF57f57c048f2fE039741f75817,node10,3ffbfa8ad329124c1c8d4011da9e4cb2240f735e552f7368d51dbf7ae3ddb43d,24,1791403975.5784748,1791403993.5796883,18.001213550567627,670,153618,confirmed,
206,0x4D733d03027EdEA9B13b1f0E7601281B3598a861,node11,86cd06fefa03f89731679f88af231e732c84eb859e7e6078bd24d1a2bbc44f50,24,1791403975.5792282,1791403993.7861748,18.20694661140442,671,153650,confirmed,
207,0xE32176c80553DF317FbD3EbC7A562f54bba4B743,node12,2734bb720c15fb851b6bcfbe2f972e4d3436452ad0f24b11564a86028173e097,24,1791403975.5836203,1791403997.4702659,21.886645555496216,672,153650,confirmed,
208,0x6CA20bB25B4132fEc477e851cf27b8aF0B3d44ca,node13,cf2f2579c6365883002a8e6e774ee264f5041c3d1cc3bbbf7420c496a8ab5025,24,1791403975.588777,1791404000.0318508,24.443073749542236,673,153638,confirmed,
209,0x8540aEA424c2A086068c7656A0F7DcA4bfad160C,node14,0ee0052d55e956da31b9b658970c689e947fb6aa26afe7fd5a40f231c8a5e6fb,24,1791403975.5911956,1791404000.0489745,24.457778930664062,674,153630,confirmed,
210,0xd9930Ab08c55B04C88E30dF33B15193b5de41649,node00,66572592aa7955981495c316e1a41a4fcbe462a7c41157e2f1d9fc7407b7a82e,24,1791403975.5942917,1791404002.3177717,26.723479986190796,675,153630,confirmed,
211,0x692311f120323252cbfD16Dc6b2C9AaEB372A34A,node01,a85fa7ea7d8469705d868ddb01a70b5f01d7af194d21c8ea8deb15d7647f3ad2,24,1791403975.5980413,1791404003.9909627,28.392921447753906,676,153650,confirmed,
212,0x4ACf652ca81B08A9EDa5af15827E6fC356Be05fD,node02,57d0a9dbb20d9cafb3078e2d72803f8dea624f1d5213170917d1a801962174b4,24,1791403975.599237,1791404005.523453,29.9242160320282,677,153630,confirmed,
213,0x10422ccF05aD7d87F164f7252979a0450791114a,node03,f61e38e4d02f5d8da4677e842932a3212fa169deff47c07ab53f4404e4d2d1b7,24,1791403975.6011064,1791403979.3860373,3.784930944442749,663,153638,confirmed,
214,0x8eBd0888C4B406619Cfa2E1A050b961BE4914683,node04,d435ae2c7da3a3148ba61e9fb975d05455d8b6cb7726088f6aa88684fc89eb72,24,1791403975.6049972,1791403985.438241,9.83324384689331,664,153606,confirmed,
215,0xBfA9C14383124B054814eF09931a72bE45F3108F,node05,6f0a9727ddc7c3dade71e77e3216e2cb0db518f9ca949898dbc1205219808a30,24,1791403975.6068413,1791403985.8134415,10.206600189208984,665,153650,confirmed,
216,0x584498A316b963F5E23a290DEe438ED645b78dD8,node06,c42e916d9478766e6527f1d02b84eb48aa448b967414f0dbea4f41fe92fea45c,24,1791403975.610289,1791403985.663241,10.05295181274414,666,153630,confirmed,
217,0xfD6D99189cd67fE1af744B8990a647260D62Fa0e,node07,059716a982785391ee08090137081ddbc08ac18b1e64912c96aabdd17b50d3c4,24,1791403975.61358,1791403985.7201533,10.106573343276978,667,153630,confirmed,
218,0x9E2Ea42111D6889E0dF3CA89F5b837Afa026d612,node08,d3f8b5720ba380daaa9961b1596022417b1913a5882f24484181282e72405d7e,24,1791403975.616158,1791403990.5866325,14.970474481582642,668,153606,confirmed,
219,0x321133ed341c3ff071138D024fCd324CfDbe0EF4,node09,616fd80899d3e2d3322bc798fce8cb8f10a0cb28cb0e88350198e691c71c9ecf,24,1791403975.6188285,1791403990.219726,14.600897550582886,669,153630,confirmed,
220,0x64BD9d0e58708f357ECDD21962771a6056499C19,node10,6c530167a6ccf185cc34b4637b27efd194b08a65909284b8cae4152a5dae724c,24,1791403975.639645,1791403993.907639,18.267993927001953,670,153630,confirmed,
221,0x8b1E7b5c50F3210e96f67Ea5921AEDdDe4f38e6D,node11,890ead09d456886d0bc7cc996411d72505419a623456603a6b7cebd7676b041e,24,1791403975.641459,1791403993.746337,18.104877948760986,671,153630,confirmed,
222,0xbACe8f23843ec40aDA88b627E1D8f873f56d0eE3,node12,9e45e7195ad78b7f0399285e21272f3ca48678145abde94b73690ecb2b1bb68b,24,1791403975.6431646,1791403997.4494028,21.806238174438477,672,153618,confirmed,
223,0x9643b394e38ec95176269d2E958270A1e9341D84,node13,812cff1a3d53c97ffb70efcb2e583a9d61e6d1f9719fb3e46014348decb0f8d1,24,1791403975.6442163,1791404000.4578154,24.813599109649658,673,153626,confirmed,
224,0xA6A3ab9c990620754525fef0b5Bc8E3AC329Abf7,node14,a8ef8b6a54e0e0894d77766a4de3252c5d713cb68b6a08e6bc3371b3cd65d30d,24,1791403975.6484537,1791404000.6157234,24.96726965904236,674,153618,confirmed,
225,0x04606C2A9E4269D52fB48Ac11C5Cb2e2746D3453,node00,dd50be186ee13255e68fa876497b600e9e9a22f8c2fcae3fe35b6c63f6cdd13d,24,1791403975.6574266,1791404002.3324797,26.675053119659424,675,153630,confirmed,
226,0x7Bd76f64F27637e9fc268F847e3765dA600E9Eec,node01,28782b7b4e7822d8b702ac112194ec6a7b38fa6ff1851ed547173d387c77b011,24,1791403975.658216,1791404003.8898332,28.231617212295532,676,153638,confirmed,
227,0x8619988A98c88893eB11D572D22880094c4cC6E9,node02,b2ca8f178a376372f22c0bc991b5d4e8e1f5ce639533e80bf91c122da53f6868,24,1791403975.6619658,1791404005.6289062,29.96694040298462,677,153630,confirmed,
228,0x07f1E8f0cA72967569c8eeb8791863BDE0373bf4,node03,13e7e629c98aab5d3d5b03c48650f0184e7333cba2700221e071a25601c20c2e,24,1791403975.6658742,1791403979.4307551,3.764880895614624,663,153630,confirmed,
229,0x174CeeCe8e6F88294D772099CbB7F9623aE7Fb80,node04,797c131bde8dc1fc3efb4881037e7761ff539ade29e79f7a326dac374bdb7af2,24,1791403975.6690938,1791403979.569242,3.9001481533050537,664,153606,confirmed,
230,0x7423B2A4A0AaAB00400D1F75bF8D1FcaCF8bAd90,node05,713a8b01c18746caf48f022c06d3d6ab6739d5c05bb75672a337772110497f34,24,1791403975.6705825,1791403985.8096006,10.139018058776855,665,153650,confirmed,
231,0x7bef85EDB5A1cb8d38eF01939F170d771Be12c92,node06,7443615c27403a3c19ee0763ad8689dac3d6cb97a0d0c2e8ba33a2101f6e6e4c,24,1791403975.6718016,1791403985.6006668,9.928865194320679,666,153630,confirmed,
232,0xCD389A939b0054B748349Ddf9EeF95a357a75098,node07,29386da527ee9c2bd7aeac85c34f16ccd2d11b7aaca488578c68974c4620a346,24,1791403975.6747851,1791403985.8298216,10.155036449432373,667,153650,confirmed,
233,0x51004460A2139F3B4Bf1989de65768c5E20630dc,node08,8578abae00e27efc8027fd99d3b38b365ab4f4c0da476fd24c1351915464437f,24,1791403975.6816292,1791403990.205733,14.524103879928589,668,153638,confirmed,
234,0x558569EEB16c6398C8207242Ab4f5269781a6268,node09,7141dce879e6bff255748ffbe1027a0f9d5b4a569177c3daf8ab93a7f30f03a7,24,1791403975.6842988,1791403990.617807,14.933508157730103,669,153630,confirmed,
235,0x2CF8aC51774D237E53d828A4c1A04c5393D3f4b1,node10,fbd7c4f0e84d6a9816a0ee47659247d9b04e9d435168bd96dd706bb3042ec0d9,24,1791403975.6874664,1791403993.8629825,18.17551612854004,670,153650,confirmed,
236,0xf26ACB70d8b61797E5a8053C20B1919191cabCD8,node11,cfab58597fea5ad7afa256fcd2e362573afb3c82ce3b797ab89761645b16248f,24,1791403975.693121,1791403993.649551,17.956429958343506,671,153638,confirmed,
237,0xFDA73fB449F05056eDA9408A370AefC5E449a451,node12,628e4dfe0f4421c35346a895c193c8af4094abd32d0cd9ede140333552bef437,24,1791403975.6964796,1791403997.4344084,21.737928867340088,672,153638,confirmed,
238,0x3Ea173F6E9a00DB423E2cfb2fD89d2B39cf89afc,node13,e2e27216b616163c4f1e54df93ce5c4a8b7ccc925b2a3ee8630fcf59d40350ed,24,1791403975.7010174,1791404000.3447785,24.643761157989502,673,153630,confirmed,
239,0x05d38Eb9A0595b7A7f2043d9940cec4395c5F8d3,node14,406b85cdc9f6b4285bf6f347c9222ec851d7479d1c0971878554ac9fc08b1541,24,1791403975.7080894,1791404000.2312422,24.523152828216553,674,153618,confirmed,
240,0x20D99B15ebAd4E05C73b9a4077484342981F79ad,node00,48aabd7bd81878a8a596c21dbc2ee7b81238ee5f750a070cd6c9d79d7abd0510,24,1791403975.7102737,1791404002.4151165,26.704842805862427,675,153630,confirmed,
241,0x64B523DEa5929f9b025EB10b845cAc1d7fdC0E4b,node01,1aeac49836797e529239fdc8594e9d7f59454205e374a6bc961619e9aac0f106,24,1791403975.7169597,1791404004.0002744,28.28331470489502,676,153650,confirmed,
242,0xe0366C26C081B5e03C909092CC0ffA5F42Bfd4E2,node02,3ca7758a00c37eca6e9da1e4c70db18b3c05474122ec7bc2eb8fadedbfcece1b,24,1791403975.7210243,1791404005.5754502,29.85442590713501,677,153630,confirmed,
243,0x07193238C06ECCcb130E224AD4EB1ABb1f214b1b,node03,a5e59d61631df4209bb0af745f63d46ba95357da524210853fa9c14f5564528d,24,1791403975.7253475,1791403979.5372427,3.8118951320648193,663,153630,confirmed,
244,0x905C9d19D92DBaD989d9E9Bcd784Fc8e1e2602De,node04,4eb74b45f2af67c35f8b218436f6169ab5513f53969c210442f27d7b89f10a95,24,1791403975.7278137,1791403979.5696878,3.841874122619629,664,153650,confirmed,
245,0xb1562Ce65dcFf3077EFBc482C23E77346dfCCc48,node05,77cf5870232f047681f4a727ffada0f124fb102c7a57faca8f8a22c6672c79cc,24,1791403975.7293732,1791403985.624393,9.895019769668579,665,153650,confirmed,
246,0x448fc825d28416D2F59CC786298c6D369F9123e8,node06,5401c29b83db93538e5327d006754f209d5566b245f80f2c25af87fb7b9b197c,24,1791403975.7323453,1791403985.5215647,9.789219379425049,666,153618,confirmed,
247,0xAD9B479264a749C528C269a7a949c7EF3883575a,node07,22ffb737eac673ed8e22406995f7ca3d1de0be202916b1a8dc7cc3fcf3c8bff2,24,1791403975.733119,1791403985.541906,9.808787107467651,667,153618,confirmed,
248,0x8cb981aB079d8c79687D94566557c03C57c8Ced3,node08,d88b1a2ae3c2c61a64c5e7e94c22301c8ee18fb8290ac7b725c16894860cf690,24,1791403975.736555,1791403990.1630723,14.426517248153687,668,153630,confirmed,
249,0x5B19C12245673C157ed33066C4204bBFA5BFb3f5,node09,58e1ea3ad7a9962abb0df56e0e91788e9d68aa4dde0557d928e1dfbe6036d266,24,1791403975.739241,1791403990.6839595,14.944718599319458,669,153638,confirmed,
250,0x9d208cE7b35275a8B2174f915f7aC4A58dcC6FCE,node10,12c6355adad28c7f4eb5e9b11d2c6841a12f463f55f4843e9327060908f8e590,24,1791403975.7444222,1791403993.9150987,18.170676469802856,670,153650,confirmed,
251,0xa0c99D7240436c5a838725045F3F4Cf1601E8BC2,node11,3c0b4ac3c04f19f25c275bbb6dac79e98bffd090b0c7ec12ef1ba95167321a29,24,1791403975.7482321,1791403993.91752,18.16928791999817,671,153606,confirmed,
252,0x4bB2B3A1A555aD5bB7545cdBdf5001CE9dd2C145,node12,9574d16ac72be46404475cf85a764dd1bb488baa77b29cafc293b7de30285b78,24,1791403975.7498322,1791403997.4789758,21.729143619537354,672,153638,confirmed,
253,0xe0adb4A37Fb7fd77Fe3bfa17117125E6ed70aC01,node13,78aa1719d82d82802089e391d680cc944902edec0d47dde037b0d92126a0da92,24,1791403975.7514658,1791403997.5901258,21.83866000175476,673,153650,confirmed,
254,0x2f7a900f2ec97a2C76191b7D55a968C0c962341D,node14,8bf7c65aa64ca530a340449dd339f07863b6cc4cd0cd6f5dbe85035c815fa318,24,1791403975.7540011,1791404000.207173,24.453171968460083,674,153650,confirmed,
255,0xAEE1C6aC74E7D15d8625CDd9Cd1904a2b92E59Ed,node00,b5fe250f1e3d52f4920707b2393932c7d162617c99a3986b8ebeac9df31b253a,24,1791403975.7558923,1791404002.2692413,26.513349056243896,675,153638,confirmed,
256,0xd46c7356CAc4cCFFB54244Be727B31d607266667,node01,448a1d5aa8159ebb0eb3b29019595b8952fd0b879150af479d1e963c618982f4,24,1791403975.76269,1791404004.0585423,28.295852184295654,676,153650,confirmed,
257,0xFa170dB1E0BAdbC18B5Fa6a51920Dd61d7bbbE2C,node02,81aa326b5c89fc86c64d7953b4fd9d9b6f68618ae11e1d34fc956ebe0ed81841,24,1791403975.7643588,1791404005.564923,29.800564289093018,677,153630,confirmed,
258,0x3794E0B7139028d52c149Fabb12Da8903fe221Eb,node03,2985f81e2d19d171d529e014abac47780fa6fcf848b8dbf3d3bdfcf5d49eb039,24,1791403975.7654321,1791403979.540917,3.775484800338745,663,153630,confirmed,
259,0x5D2c1a2E86f1beBaDeD4a7bB37A0879dad27aA5B,node04,0c375faad9f7b25a5b58bc3fe7fff25731c634c841580f12f5ff7b749c5941de,24,1791403975.7679675,1791403979.5023634,3.734395980834961,664,153602,confirmed,
260,0xDAd3c0a240f141025D875C1d56497CDb01D11F31,node05,77367afc087aa60e18a772449a65e5eb4ceadd3ad89be5fa6e9975644e6f6c63,24,1791403975.77077,1791403985.551786,9.781015872955322,665,153618,confirmed,
261,0xf1618aF0c1356Ae5146Ee59dB18eeCE98E3bc91C,node06,f1d9aa009c31f6af8b9d55e18ac911d74b4fed60b2be7a95e992d5a28a7aa6ef,24,1791403975.7731712,1791403985.836208,10.063036918640137,666,153650,confirmed,
262,0xd8CF0d75f33e89e8797f7ca6475E4587d151AC00,node07,5022bc9f3d6e4de35b83e015ec91a861b2187206565900443a572d45233123e8,24,1791403975.7776783,1791403985.8330393,10.055361032485962,667,153650,confirmed,
263,0x0D6bB10Ca5Fc83fC07aDe55C44bf5332F4D7Da4f,node08,001d54e5d81eb367f4585060138448c4ee7a892e9cc8905744d8e55aa9253cab,24,1791403975.7801185,1791403990.4924982,14.712379693984985,668,153650,confirmed,
264,0x31B4C3A6B520bedB84dA67463BBbeA5D8853f60d,node09,a9bfccfd22329080c5647a65a789d01aedcb3939aefe54e0210c6563f2891e89,24,1791403975.7814875,1791403990.1912215,14.409734010696411,669,153626,confirmed,
265,0x7f6a85D92FF2327D45e8b7C5226B4DcE1C4c0Dc2,node10,c4aca88c9093846cbb0eb1fef05ab5d8a1eedcd7bb2c7ad49d5061a442d7dbde,24,1791403975.783898,1791403993.813628,18.02972984313965,670,153630,confirmed,
266,0x4925f7988FB1e38E8208D679ECd52c23641EE49b,node11,d0c01422af57ea59d130d9de214ec655c61ec7a36c76cabb397f61d6d31c99b4,24,1791403975.7899106,1791403994.1846807,18.39477014541626,671,153618,confirmed,
267,0xdFa66454C3945405f22434716B4A34cEB06d9241,node12,2ec6bfd216cdc78c42c5e120c456c4726cd3e08ee8e95f61af3b26062a83c85c,24,1791403975.7918944,1791403997.6612298,21.869335412979126,672,153650,confirmed,
268,0x1D0e1AC4020288CA9B014556B05aB9611d6e2B92,node13,827b31943a493813c0a015fef389dce61dd49f8df4352a8ef2f733833e89b8c7,24,1791403975.7943165,1791404000.3122468,24.517930269241333,673,153638,confirmed,
269,0x603445Ceb503a9C38F5758a753E40058A0ef6C56,node14,ccde33a59f710627f7132c0f4688ed845c0a0fb575b96e55f6dd44949d03bbd5,24,1791403975.7985268,1791404000.5562062,24.75767946243286,674,153638,confirmed,
270,0x36eD4c5DBdB1249C89BaE7a4E54F339e4e5a8617,node00,3b299aeacf01de3a3a7c2d8e3343d365fd81b77ff95691808561cbd5e6a6f64c,24,1791403975.802977,1791404002.3867917,26.58381462097168,675,153638,confirmed,
271,0xa7680E0a574e58DDF1dA5B7eE7CD9B24AaF140b4,node01,9a98f5825437e747c7c8cc24471e3c086d7034bad6373506607d4f41e4177877,24,1791403975.8059907,1791404004.0076005,28.20160984992981,676,153650,confirmed,
272,0x46aD05737FD5A7253B663146A99F9C2A4c2B51dA,node02,93bfa666bb1c875457e840cb6695bd7b047a556a4735d853f5a8efc44524187d,24,1791403975.8079593,1791404005.7595818,29.951622486114502,677,153630,confirmed,
273,0x9C1bd500989C7DdD04519df9da3ae6fEF2Ce995B,node03,3040e850c00f78398ea370b424faa4b026f185442fdbda80bc3db549bfbae0f4,24,1791403975.8123918,1791403979.5844467,3.77205491065979,663,153650,confirmed,
274,0x6b0aC3915ED5E70ED7f487C2F3749216aF6F384A,node04,7e9f3eae8d6d67ca75b08639c468baefa13e38391242986a91a4b42232be4520,24,1791403975.81603,1791403979.6271713,3.8111412525177,664,153650,confirmed,
275,0x73719bc23AaFC1032e8BEA3F2Eb42CBc35474344,node05,9e63477ec2ec2eb65ebfd5286f2fe88127d2cee5bc9671283a1473a3afa23c69,24,1791403975.8189554,1791403985.6021442,9.783188819885254,665,153638,confirmed,
276,0x312d349a3A62acB79d221d90176C895E773ff7FA,node06,fd0d9398ddad1ff157683930b49947f69ed51c8bf19574147d29b8c646e0dfc7,24,1791403975.8243334,1791403985.8065917,9.982258319854736,666,153630,confirmed,
277,0x71D15a9C6d191fC293B6C9b456bfDA80410DF017,node07,35ad2ebe0b3fa7b8908172b7eb638bbd66a9a77acae42f700dadffc3f4ceadc4,24,1791403975.8304274,1791403986.0737476,10.243320226669312,667,153638,confirmed,
278,0x52C78BB4C3C9FE18699B9DDB3047D126c01E7A8b,node08,92bd7b6e55bbbfd16597e40d32c5dd301fd11dd306a2e2068033c39859dd7e8c,24,1791403975.8337786,1791403990.4259968,14.592218160629272,668,153638,confirmed,
279,0xa896360Fb5F6b7Aa48577D9fbCBa60eE20D26F3b,node09,709d55ba7b8404d57acda49eed92582ee6eed6b10efbcf3ac9c6f469ad928d4a,24,1791403975.8384464,1791403990.2843463,14.445899963378906,669,153630,confirmed,
280,0x3A3676821eC0bfF283C8da2c6080444f789089B1,node10,9059ddbc1f7a2625b2e3b12ae1bc5f74e791bac6c2cddd4355308c9adb04498f,24,1791403975.8416789,1791403994.1490057,18.307326793670654,670,153650,confirmed,
281,0x228A9eAF95d2253972e10AE281e6D020cc8b2FD0,node11,b723d27d215015ef377f3d4bb72511e1456214af36b1bf4030a8597a2f411bee,24,1791403975.8447125,1791403993.9048283,18.060115814208984,671,153606,confirmed,
282,0x28c5F89359Abe73Dfc32f7bf4B1249fF3d2e6c1B,node12,155fce5c9d90053743e74c180e9fb29bff06a5fd3801ed1a54a071912765dc67,24,1791403975.8458703,1791403997.5557573,21.70988702774048,672,153630,confirmed,
283,0xc1B38642F4fe1Aa3b76dba7998Ff1C8f43C31aC1,node13,98822d3428d2f7e3586b1617708b902751098702aa7d4466a42d18ae4b16acf0,24,1791403975.8494763,1791403997.5408294,21.69135308265686,673,153606,confirmed,
284,0x475B99f3a5B67D75F2ABCD8FF4943D90cFFe2E45,node14,813e0f34f44377d282b7595a4eb535d54e5daa88df21f1828a8e257faafca1c8,24,1791403975.8527138,1791404000.407005,24.554291248321533,674,153630,confirmed,
285,0xa159ab285bB369D1293280743F120881d84c7B2E,node00,c8eac1ffa17b924d8184a34cab277ce761927e2986be9af1c7943673d2cb1fec,24,1791403975.8556752,1791404002.6325479,26.776872634887695,675,153650,confirmed,
286,0x18fC7FcF7d5841f4dB353E9007734EE53dcb2435,node01,596f045304be6fee9e331486f8e0d6e1432fa1be2b10d7a668b9d5f1ee5460f2,24,1791403975.8589256,1791404004.1384661,28.279540538787842,676,153618,confirmed,
287,0xb2ad84Fb8B76eb0Ec6E7280f4Ca0FD4677417E81,node02,2fd3e1f673a67106db0f837dc0bed14f73d7a8eb7f9decac7056694bff3a11c7,24,1791403975.861234,1791404005.537823,29.676589012145996,677,153630,confirmed,
288,0xD5E148EbC0f164dC5b5952F411FA5cB5C1Af81e5,node03,f7cb92ff1736fb76adc7f4b74902628fb8f9224b18e5bb1133019ef905ea345f,24,1791403975.8676107,1791403979.6818464,3.8142356872558594,663,153618,confirmed,
289,0x50CF82c18E5894DC7FA308B4D215F3483E591b0f,node04,8fc51e821dfb0e57fc5705bdabbe6c6777b0f3ae3efbf94be8a4db43012c8a7b,24,1791403975.8693383,1791403979.6887314,3.8193931579589844,664,153618,confirmed,
290,0x5e429fD1310f190B58DC0ec59E01B42b49272554,node05,254140ea3f0de6ae13fd6a14b71f890184d55f4946a54a9a629609f3438dcc39,24,1791403975.8711042,1791403985.8234334,9.952329158782959,665,153618,confirmed,
291,0x4F2c35c4F857eDceB2B7676aF3e2ff86cDE61BD5,node06,4446417cdf1076768f3890e15f0cf3893966bca91a6695c7505441f188855642,24,1791403975.8725,1791403985.8424459,9.969945907592773,666,153618,confirmed,
292,0x88a18551a2aB496d137a3Ab166C8e0E03Ed9d689,node07,25070dbe94778065417f90ee3894490c2009cf959508ac328c11ff4e643d7da4,24,1791403975.875852,1791403985.886179,10.010326862335205,667,153650,confirmed,
293,0xA4519674567996225E5bCe0fc332F7247d50F98c,node08,b8e0e7df96878b9bdeba3b2324455d14a19967a2811fb342d988891cea51c9ef,24,1791403975.8778148,1791403990.6588795,14.781064748764038,668,153650,confirmed,
294,0xb50b5406b5412F403F860947b1c1B7017d28c9a3,node09,39e68c4015d0652bdd17d114e240a583a06d19fd9d20edb9c5b5a83bb37409d8,24,1791403975.8872705,1791403990.5941176,14.706847190856934,669,153618,confirmed,
295,0x22719a5f1d7b7DF0d2433B1452e86d88b3181a40,node10,b6c6449b36081edaab7ece184ebaf1477ecd795c3e9388a28af34aeaf0bfb972,24,1791403975.8889267,1791403994.7039213,18.81499457359314,670,153630,confirmed,
296,0xcdeD99d5c700F9e1dde7a033C32B54F512Fb4C63,node11,224d732121d7a4f5b62a52339e814ee3709529982159941ef4bbd749a5de8dc3,24,1791403975.8903234,1791403994.129396,18.239072561264038,671,153650,confirmed,
297,0x86C70bc0854E3F339F4784b5E83cbFe45a7DdF50,node12,e8d0cc6452a76a12aa8c08ad29ddaed3d40079c86acf582ab07d834d4a0b3110,24,1791403975.8949327,1791403997.7055538,21.8106210231781,672,153638,confirmed,
298,0x126C9DEd8126f924E17D24F54F838C3b2A2f6406,node13,a05c5c20a38e0f078b0bc98a7efd9c08b72dd368e268f97ff67b67458a792c43,24,1791403975.8977163,1791403997.673304,21.775587797164917,673,153638,confirmed,
299,0xC2caa9a04a48453e4Ec18c6335B369A4a4f55AF1,node14,430f8342c3073979a675fd3b3f83730419672abe01c37fc16c2b04c1fbf71791,24,1791403975.899657,1791404000.3157191,24.416062116622925,674,153630,confirmed,
300,0x41461EadA9d637726C0ba790414c9B0b5B058A05,node00,8ed7f132534ec3726d2c146489c329f63008c43699465d1f85d8d1cfa8a77ebe,24,1791403975.9030972,1791404002.4369564,26.533859252929688,675,153638,confirmed,
301,0xC080a49EC01DE5352C83C197dd99F41C22a02865,node01,815c6efc3a11c993a4cb237d932936b7b6dff3cdc7b9a4ba8df8b008b1759d3e,24,1791403975.9073937,1791404004.0119567,28.104562997817993,676,153638,confirmed,
302,0x2cEe399dcacaED121a8F0179e8119BdEc55d80d3,node02,020b7d811c2b5a544d960368eac7288d63c0f60dd7c9c4a0547b8c2589bf76a7,24,1791403975.910136,1791404005.6881044,29.777968406677246,677,153618,confirmed,
303,0xC97f2ebb310D9f1C34102b5badC4B7561bcbd5fF,node03,faea37160934fae6bef7c168ec8ddb9de84bd07ef40f72644f383265a7ad1ea2,24,1791403975.9127793,1791403979.7116551,3.7988758087158203,663,153650,confirmed,
304,0xE3f655F2f04E120116462415cF09D6077A472dF1,node04,54acaef3f996fcd18f4c51757e6f65ed25bb421bd0d2a1748cb11a17a58ee611,24,1791403975.915736,1791403979.67068,3.754944086074829,664,153638,confirmed,
305,0x7bA68e6f67BE55D3628aD96eb40018416a1Ba279,node05,eec869f0e41897f22d5aad66cdabf244148c0d4913f0207ff80064412fdbbd60,24,1791403975.91745,1791403986.0608582,10.143408298492432,665,153650,confirmed,
306,0xfD425Cb55FCf2A5fA31c50627Bb5465B23c6dd1e,node06,317fc7a36d40f475f322bcf35ecad538a1cce46dad8dc4d39fce24ac929ae641,24,1791403975.9196422,1791403986.355668,10.436025857925415,666,153630,confirmed,
307,0x6e3ABB5ad2f2d079dCD922D2d2457F84f31aF61B,node07,798f3715e067fb2f9f37ba435d48bbfd31167b6db607f1f752187ab4c547d9a2,24,1791403975.9217103,1791403985.7545571,9.832846879959106,667,153638,confirmed,
308,0x5B96FBb60dce149D306E2a104E96eA19F094f96f,node08,b05c7879a00229dc78f8f6c6252f39b8b6bfd516cbe69ede3aec8afb6d957e03,24,1791403975.9234514,1791403990.4217036,14.498252153396606,668,153618,confirmed,
309,0x22DF0aeD0248F07999f01502e40eafFDFfaFCD90,node09,b3070c7bd8e340dd8028acb82c2bc9ba7cffd587c49af4bf36154668ee5601e7,24,1791403975.9239867,1791403990.5006514,14.576664686203003,669,153630,confirmed,
310,0xB17d813983aeA3D36d9CD5D33151f10AC13602fc,node10,077c4b0096c99f62a86564bf60288c47867710916fc457f196b67d9a966b4dd2,24,1791403975.9338386,1791403994.7295022,18.795663595199585,670,153630,confirmed,
311,0xa4e1B27498040bB46486Cb39BE25Cb00cdDfEd0F,node11,fb9f11325fec313218b97f5a207a6ad5b7b5dc5081d4a6f59ad3c22a3d7c0535,24,1791403975.9400115,1791403994.8446407,18.904629230499268,671,153638,confirmed,
312,0xB840E9455370FCA236c5bd8dB3AcB1fa01Ff3013,node12,82bfefc8f69a5952c86e023eef4d46feff01e1924b19bc89061ac24e6ccc23e9,24,1791403975.9417195,1791403997.5744684,21.63274884223938,672,153630,confirmed,
313,0xA8a71fa5c191c80305Fa601b69495F45FC7A94B4,node13,a31ea5fb5d4ef3a384d0af5a2f63bf214d0265cf1b86c5ee4376cdf5a13a3827,24,1791403975.9427187,1791403998.3786068,22.435888051986694,673,153638,confirmed,
314,0x2A447F9536Bf776e2140b604585A4Dd10a256513,node14,6dd64975739e083fa82a964a00a4dd7526b2a807540fb187010063815c7cfda9,24,1791403975.9481583,1791404000.3572583,24.40910005569458,674,153650,confirmed,
315,0x04c409eedFD1413384519608ba19540E4F948A58,node00,2606a4bd912a6b14b3c26a89e951e00fce9cc3f832c8fd72974bcfec7ca65385,24,1791403975.9540093,1791404002.5435987,26.5895893573761,675,153650,confirmed,
316,0x5bD1BD97e5b716bbE71eA4bd65627857760F58Aa,node01,b175a66ee9c527c240744b966b9f687a9e4516452dc9879bf98d15ad4a20af60,24,1791403975.957417,1791404004.2008927,28.243475675582886,676,153618,confirmed,
317,0x9b3760870c9ec41E3D55E6bfF3B53fD54318411e,node02,38108eab559318aee8b7d0e5b05b4d78020e3574db898391b4997c6fd6fe8d18,24,1791403975.9588335,1791404005.601725,29.64289164543152,677,153638,confirmed,
318,0xf389A7357c7d7830Ae2fa4f503E43692B851798F,node03,eb7d41255ab36ae7480ff71d05f27d2dad6692b56b726f7f7792b7b24812d7ef,24,1791403975.9595804,1791403980.1628795,4.203299045562744,663,153630,confirmed,
319,0x17c68513D5Da0E2E74f169aC46Da22F59Eb160A2,node04,7f9baa81bcb818419a857edb832958f8889a290a428f6073ab63d1ec2cba6f7b,24,1791403975.964391,1791403979.8940208,3.9296298027038574,664,153630,confirmed,
320,0xC21DdeFdb6cFDcD61189aD07C1C49947F6d55F0b,node05,6fd9b1592666a70778defb2f9bb000fe4fa4fea5537bcdcd482efc36e2644614,24,1791403975.9708426,1791403985.9258106,9.954967975616455,665,153630,confirmed,
321,0x7Fd4d9daE0a49E07B8303dAA35EbbAd13373425E,node06,41ca9aef02f7c6bdcc2f48a2f10b7f9c9ac0cd9b3d77dc6eb076fbd912123570,24,1791403975.9746206,1791403986.1401882,10.165567636489868,666,153630,confirmed,
322,0x1e45b7392697a111f16347282bD50267ef34edc2,node07,e89c830f84739bfd6bd28300ed2e3bc8d7851aeb37896fd9131dd3f0f28d96e3,24,1791403975.9789817,1791403985.9073641,9.928382396697998,667,153630,confirmed,
323,0xae668ebE7D731c46b82eB149779b410147A360c3,node08,aa0082024c553a3f3a3d5a72b4e892c8b72c7d5e18783899b28336c359a58110,24,1791403975.983433,1791403990.6289928,14.645559787750244,668,153638,confirmed,
324,0xC90105a6F3a1135933C0Af4FC5308bF41a43eF0F,node09,5b701788f8a9a4908c6a77af79732295b9d59e17bae0f28aa36de14440b8b895,24,1791403975.9850261,1791403990.662584,14.677557945251465,669,153606,confirmed,
325,0x6d13c00a652D55B06C4b75F40e76534993794137,node10,861ecda4d822345d62a3ef8836729074f47f2311bdbbae62b2b72ac01dbfb2fc,24,1791403975.9919832,1791403993.9403548,17.948371648788452,670,153650,confirmed,
326,0x3ecD2F83A50f3450C07e5822b134cf609dCB1331,node11,bd8334d69c98ca7e7683e28eff0a0ba8adfe8771bcea085404041311acbef01e,24,1791403976.0014129,1791403994.400197,18.398784160614014,671,153650,confirmed,
327,0xD861f6700206fda2D796c0c860F4f46d5B984c82,node12,e83ea4316c5f845d00ea5ca864e4f2de5745b9b695a23dbbd5470cc5abf4b1bd,24,1791403976.0039337,1791403997.7221086,21.718174934387207,672,153650,confirmed,
328,0xBb8B796cB9DEbE638A1159f92d37e1910AB111cF,node13,53d67062990d6b6d43c3006cc48c810eba03d3c983ce110b2c7d1e3575a07cc9,24,1791403976.0088797,1791403998.145297,22.136417388916016,673,153650,confirmed,
329,0x92Ada0D046Bd1Aa491b99d03E015419AFb60BE60,node14,fd76a45a1fa18792b4ac45812fd2507a57fc589d1fa08a735a726f66c5860a62,24,1791403976.0117478,1791404000.7850633,24.7733154296875,674,153650,confirmed,
330,0xdb0e2Dd75d2d725638e016BE152A11C281513688,node00,4ecbbaf26e109a75d3a825aae54f2e50fe2762721d8270071a37dac0d8f2fcaf,24,1791403976.0147724,1791404002.641697,26.626924514770508,675,153650,confirmed,
331,0xd12D8275b52fD64f04AcAB7fF9E9dC2268fC3e3f,node01,51fdce615efe7bc3c20a0e9dbbdae3df3fcaa80662fba7edb04e0d1f2108fb58,24,1791403976.0161695,1791404004.0837243,28.067554712295532,676,153606,confirmed,
332,0x0cd5845c454B581f5941168C28dD4241944cC26E,node02,9a0e9b1880b73ef0fdc4f603113a18a30388a417075427e1515349fc9e5790f1,24,1791403976.018489,1791404005.6055367,29.587047815322876,677,153650,confirmed,
333,0x351fD54a2862F1cc5cA16BFDcEc8b1e6a8dE993C,node03,d3dada295b80cc112bdc5c11731b049a43fba33e7f6355377ee4dd641c4994e3,24,1791403976.0205896,1791403980.1593401,4.1387505531311035,663,153630,confirmed,
334,0x84308029E1277ee266009cE9a42A99aBb4246851,node04,89d30ad401a3c60cb95004c90e448a6c213d2b661f3cf37cd70b31ed7f8c5ebd,24,1791403976.025498,1791403980.0974133,4.0719153881073,664,153650,confirmed,
335,0xBf9BC9f53ed20dBCeAd186653b429940B5FEAaeD,node05,2efb05fdbdb1650fbdc5cbab31514c8f7930467cdf86cdda7e5b1408ae661604,24,1791403976.0284555,1791403986.0660858,10.037630319595337,665,153650,confirmed,
336,0x93A3E1eF9FB6a12F9b9ccb9428c3E4f2DdAE73b6,node06,cb781683904a85cda604c2ac8b0df4dea6642110aa6e89ddd9196c2fbfed4095,24,1791403976.0307362,1791403985.9768863,9.946150064468384,666,153630,confirmed,
337,0xA7a12B3e324D259B5674Db097422945D91f0CF36,node07,983c1d0d812d94e93bde6d747ace4575a823c5ded8b0ec8922cfca623c3ce784,24,1791403976.0329382,1791403985.9755998,9.94266152381897,667,153638,confirmed,
338,0x141F5b0a580B54E0689aBB67c26B6136386f80b6,node08,f41a5f0256a8a8df3931c9a64727f385af350fe9b3c4b3cdf49f3be5197e8b5c,24,1791403976.0423295,1791403991.22115,15.178820371627808,668,153650,confirmed,
339,0x9C88E9be311Be93034139eDa6541ba44358281D7,node09,8431390c9df184ccf90d01c82e5cd3b56862520abf6cbb4f30108d4630505b27,24,1791403976.0444427,1791403990.9167962,14.872353553771973,669,153630,confirmed,
340,0x456696CF880e8feB13176c7e02510D9A26263c24,node10,4b15bf3d82d7dd819c5ef32afab5427e70c18e0e3210542848dce12834e7359a,24,1791403976.0473664,1791403994.3124785,18.265112161636353,670,153618,confirmed,
341,0x26C5fBA9A792254d73FaC9AB0Cd0c7fD8cb9ad51,node11,a4ee1ec4217b1328659e82cd680d0489eb94d7ad56e666b47d730464af0837c0,24,1791403976.0513263,1791403993.9965413,17.945214986801147,671,153630,confirmed,
342,0xC983A2AFB379cc97B9De653e7c24d5fDDC7fa54E,node12,d6e658ce0d8daa517416db2beb3d262f2a90fb56f448c9b1c2c0a08c7bac3169,24,1791403976.0532668,1791403997.556968,21.503701210021973,672,153650,confirmed,
343,0x8C5832d8e7e3095B379e668Af413E845648D4528,node13,cbc05e13bb08d5bbb22efc93c26d2aa3af7f68126f1382aa2cdb98ea0dfd909a,24,1791403976.0550344,1791403997.6307192,21.575684785842896,673,153630,confirmed,
344,0x0B2Eae71e7FB382DD450d9B73BDcc54b2893182a,node14,3491c9d7a75a4f28baaff6d1e22323dd574fe2d52c30dd4bea86f67aa8d634b2,24,1791403976.057389,1791404000.265924,24.208534955978394,674,153630,confirmed,
345,0x132b4F0f84eE125a40Df877a401973DbE936768d,node00,0e1ab0eb62efb6265c60b6c46582bde49dd4db18c24a14385e723e6d01d436ef,24,1791403976.0593932,1791404002.5080786,26.44868540763855,675,153630,confirmed,
346,0xd2d35f4339567a18001433D878c6f2FFDc4F8892,node01,8563f551f9b11c5bf9e2aa108a3fbf357c760da3bb85824ac97159dee16fef00,24,1791403976.0612562,1791404004.3958368,28.334580659866333,676,153618,confirmed,
347,0xb4a9069c17Ae9117253B45558a9C9Ae68Cb5D0Cd,node02,45b1807d6f1100cbfe700af466d964c3a0c3c3d8cc9e59c07a8d1cef1e7ab559,24,1791403976.0633562,1791404005.6680236,29.60466742515564,677,153650,confirmed,
348,0xb64BBa736b5c1e9F7dCe4D0E7993568Bf07200BC,node03,2fa3a3447162529c266533b613fc792dd5009b04a418a02ebf9f4e93511dab04,24,1791403976.0675514,1791403980.5006056,4.433054208755493,663,153650,confirmed,
349,0x01937b583C0F10f5113c2D21936E67d13a1890db,node04,07a77749a43e38dcacfb69f3d6233872228d5e0df9abe0f48ab1e9f23a6621d2,24,1791403976.068655,1791403980.454877,4.386221885681152,664,153650,confirmed,
350,0x4462aB6590AC3cCb0Be8AE3C01Ce0c3e82bb9103,node05,4afc3e75648cb5e103ba5c699091d1eac375ff4b465c3c690049884ead02cca5,24,1791403976.0711427,1791403986.1954558,10.124313116073608,665,153606,confirmed,
351,0x33118D145b02fb9F2CB5770CA4Eae9b4eD12Db54,node06,82a6831d21217381990d51127e30308e22a8772ec5c78b7a926c3316956c40d3,24,1791403976.0754464,1791403985.9845135,9.909067153930664,666,153630,confirmed,
352,0x21755812E5541c84AC412Dbd73f56557705e94b1,node07,b9191f51cab9ca6b0188fb61c9f528e3f5df14cd1884a4b2c6d97d15dd3313ba,24,1791403976.0796738,1791403985.9030218,9.823348045349121,667,153638,confirmed,
353,0xcEBD3A044012aD96f25bd74f042D684968a4eC16,node08,91dba1da8ea98543d877e1cadbe10f67722a862a10f3c64df0f6e6e2e18dadac,24,1791403976.08874,1791403990.5637786,14.475038528442383,668,153626,confirmed,
354,0x3C966A8b28570f351B322F0Ae90beD0925F75b09,node09,61a362cf27fac945a7f1f1834883a41f06ee24a5bd3726735cb0c0e49ec2e8f1,24,1791403976.0917847,1791403990.7416632,14.64987850189209,669,153650,confirmed,
355,0x786C9E0CF533a79F12AF63d8bf672043853Cb4e9,node10,b88a6e93d65820a1114eb66ce311c0806c7cf4fe537e6423d8234b6ea45a76fa,24,1791403976.093966,1791403994.1506865,18.056720495224,670,153618,confirmed,
356,0xd28e428081f241936A3eF8677d2747772c3a3898,node11,94d881e1a2d7bc56ec18b091ff139f598e636d93d1cfa7d70a9b679d783ea487,24,1791403976.0960956,1791403994.1628554,18.066759824752808,671,153630,confirmed,
357,0x2d5e40eBceCD6AE8DDEe650eA1F8803Ec33b6e4E,node12,407b7a0fc253f61a49478ad8a1c038ca50bc124e485388c00ccbeae5481421c4,24,1791403976.0993817,1791403997.6916997,21.592318058013916,672,153630,confirmed,
358,0xB3c755ABeA5d152Ebd8Ff7E9B7bcA83B8a53eCEE,node13,2d5bf2335546f69e7722bc507efaa1b24041ad165c61387631dea1c1e4f4d541,24,1791403976.1016266,1791403997.7144287,21.612802028656006,673,153618,confirmed,
359,0x9a335978875B90eE4B074A3b0f6b8635290359c2,node14,211464a30db024d6d56a2f8f1a61f9f2a370798d42e5772e11c662ef6a9a60a8,24,1791403976.1029358,1791404000.4154484,24.312512636184692,674,153650,confirmed,
360,0x8f74F64D8b0C59AA1F31A8c15910152AeE8388C8,node00,e3befdc87fb2d8d94400f3568d6d6ef4d7f807c20a82f07a6fe7384852f69f17,24,1791403976.1056924,1791404002.395363,26.289670705795288,675,153650,confirmed,
361,0x885F8dd22d0d9f8b2B5cb446049630B42c9E1318,node01,269c7e0d85db35900509bd8859dcdefcf5a432b13d1a20bc784b8bda7b8de111,24,1791403976.1093812,1791404004.239098,28.129716873168945,676,153650,confirmed,
362,0xB9c242fc68dD313F03a30c608F06D6dFB5931209,node02,5062ca9e9121a4071b04095897fbc4997c966e4604daddf37b2acdd7f9da7144,24,1791403976.110921,1791404005.7065258,29.59560489654541,677,153650,confirmed,
363,0x1d25b8Bdaf1c19A99cB1AF5CdDc18a85d7154284,node03,5b8c320c66171513aca235bafc6b4a41c88fb49b0151b6f8e649877031cd7ddd,24,1791403976.115389,1791403980.3975277,4.2821385860443115,663,153630,confirmed,
364,0x62e23B39C8B1F65Ff5b62F2eCf8458BAEF6Aa9c2,node04,171d1a4023928582e03fa65c292d240bb1169a9c9b8d3bcdd4357314c72ed0fd,24,1791403976.1164308,1791403980.8361723,4.719741582870483,664,153618,confirmed,
365,0xA5d30d9562019Fff59e028eB45A0E91627C6a8A3,node05,948c4b94ce7be8f9785db06a803b86cb76fb2bb339dbecb56bf8c4ef4e2a5492,24,1791403976.1222665,1791403986.7253163,10.603049755096436,665,153618,confirmed,
366,0x77308647504cD25d6e6C208089f9f63F1b3F611E,node06,61ffd1ccb3decd7a6a11095727751567d7951d3a53fe2914c053d42d27cf1b9c,24,1791403976.1261883,1791403986.6176493,10.491461038589478,666,153650,confirmed,
367,0x1a6b7d5E07ADa16C625Aba0EEAa3701dd1BE86e8,node07,6f4c9bc18db11a13df6e9307c45f38116019322a0f25f174e81d1892cad4f8c1,24,1791403976.1273837,1791403986.3715062,10.244122505187988,667,153630,confirmed,
368,0x3AFA7c04682E4280bC5140c6eeb6C27346D9269f,node08,4f24b10bf38490bd47684432ac0ea1f9b1d585059702f80657d38ee3acd02b7f,24,1791403976.1331868,1791403990.8663378,14.733150959014893,668,153650,confirmed,
369,0x95Fa47eA9e14d90972D35f9FBBEA9a6E9BB37EF8,node09,31a0a1c9137f2053060266f8d2f8489a1680df6971cb1dc634903b4a8a176db3,24,1791403976.1352453,1791403990.8259044,14.690659046173096,669,153618,confirmed,
370,0xeC1B1C9B9FDF495f15B68A5B3B3c65ACad0F81a7,node10,8fa63bca7fca0ab4297903924d46c8de83c71a48f4be4704d2ee55c51c4c133e,24,1791403976.1371043,1791403994.2196474,18.08254313468933,670,153638,confirmed,
371,0x115d13aa6F9806277E81393F717e2c316176d6B8,node11,0901e1cbb2efdb8350ab6bceab77f0922d74831c289ef71db921dce89b115975,24,1791403976.143478,1791403994.712034,18.56855607032776,671,153650,confirmed,
372,0x9205388aC33196B02eceE5eD4587E7026c410665,node12,4ba3d8c1ec32accbee4091d380b066109dbf05b46579bbcd786c5dfb81959ad2,24,1791403976.145873,1791403997.8921561,21.746283054351807,672,153618,confirmed,
373,0x2D3A256b80325281b2A0b62Ccb11Ad9508a444DA,node13,fb9e5b6c32323028f153c494a3fda27f7e8dc4a775ff40c1a83bc44586318fb2,24,1791403976.1483235,1791403997.645892,21.497568368911743,673,153650,confirmed,
374,0xfEB9D751C4cb1a4d3F0beFac6Aa0a9E65Dc5dAd2,node14,adffd69adfe36bd4ce15aa6ded9336b81e70d1cf1727dd0d3b89ac0461b2beb2,24,1791403976.1504886,1791404000.5092251,24.358736515045166,674,153630,confirmed,
375,0x648F1f91ee0ba639B39E2Db489C6D71AD7DBB7DA,node00,58ed4dcec479e58c97e71ca05da13c1e6d4c883d9a49268660789e46d877ce4f,24,1791403976.152528,1791404002.7623975,26.609869480133057,675,153638,confirmed,
376,0xAf5DB66825A0bC6d4fF7030ff8a76343c0c32398,node01,f47ca81bfc60dcef818fe4dddfed0b69db55cab3da168d4c5032c3828df17a33,24,1791403976.1553779,1791404004.2516325,28.096254587173462,676,153618,confirmed,
377,0x173FCBEF576C8631800528366ecC5F4518e3CA12,node02,302a3207f48130ddc33571a09e244dca888d3e279db2bcef4890612de2f4d958,24,1791403976.1582315,1791404005.577678,29.41944646835327,677,153630,confirmed,
378,0x040c6968a9cF45d15f4eD9FBD5Fed6085C1ef52D,node03,6d5f7468f9969a17a05e1097e4cb78172a72c959161a785a68ff8a3edf55323e,24,1791403976.1612394,1791403980.2339122,4.0726728439331055,663,153650,confirmed,
379,0xB10cF20268Cf2FBef2949e2ed93b9fF08AAc28cf,node04,271d5cdf9045564fe661876dc7fc9a64c44efea46f84083cdd448a836eea79a3,24,1791403976.1638486,1791403981.0455265,4.881677865982056,664,153630,confirmed,
380,0x755aD7F94237bB0a460343D6644173dc5428503C,node05,ca28c5e2870c21beefd11f07fbcfa049d61828cbab731a18856e0b18db433687,24,1791403976.1679676,1791403986.512868,10.344900369644165,665,153650,confirmed,
381,0x04fD887D70fd787AA51D8b72743d85E26E4b5225,node06,61b44f26d5bd49e3acea0635499d5f9ddf2dacd3debde23ab6eaab7b99581669,24,1791403976.1700397,1791403986.4698246,10.299784898757935,666,153630,confirmed,
382,0xE475B017d1bC820959c37Acbb2E14BAC0bC62bCa,node07,52bf211ba6c561124a211e878fa7b8fd4f85b0d358bba4cda05d79621e83705e,24,1791403976.171912,1791403986.590613,10.418700933456421,667,153650,confirmed,
383,0xd8419E63B8065BB487F3aC741BBC21BD9bA0C3e9,node08,bd3a732dc291e52cecbcdf9589af5843b553b64be75e1c99ce1248d8e9a201e1,24,1791403976.176916,1791403990.9751303,14.798214435577393,668,153638,confirmed,
384,0xB80267226Ca748026F635f47D6d0964FF7B253aE,node09,b83c9910ea532c551cc58deefb08681f96213ff45e610c9de9712000fea06171,24,1791403976.178632,1791403990.8021903,14.623558282852173,669,153630,confirmed,
385,0x909d95148445978af0d59601dA7730fE2fD91a2C,node10,1ee393e2a92a1d9e61824c6fd62b38f7f76d89df3efe2a7799e0f0cbd13be603,24,1791403976.1799617,1791403994.6513963,18.471434593200684,670,153650,confirmed,
386,0xf295F6ACd5F35066E4F25AE43312aCA0d9920225,node11,f44178365409133b722dd2bb18f73716b750c6690da3fd14ed7905dd9ae5fde9,24,1791403976.182106,1791403994.7447157,18.562609672546387,671,153630,confirmed,
387,0xFcBBEeb85136AE3244002EF017B8D3265d63333a,node12,cf43c133a0cf8f4ebc29a946aaa036ac3b25ae08583ee66b54b61cf617c9617f,24,1791403976.1839154,1791403997.775729,21.591813564300537,672,153638,confirmed,
388,0x545dcDE3E37a901479415CBb8C5165197082fb42,node13,7f9e76fafbcb13b1dccf98911eee467a639fbe843a0c3ec96cb7038676badfb2,24,1791403976.1869755,1791403997.7972143,21.610238790512085,673,153618,confirmed,
389,0xB97DB65ea6a66f70b5Bc86be7a676bff37B802AF,node14,cef7dcb1b55a1f103627e7dc3f973f3486a1e6d0e440eef03451094ed7d03027,24,1791403976.1992898,1791404000.3637667,24.16447687149048,674,153626,confirmed,
390,0x63760164e1400713822B473D7bE3ba04218D0f56,node00,234d1baa2c0ee54edfa5dd469b69d1e7b2d8c884ffa03d92451fe863c77d4052,24,1791403976.200899,1791404002.4240198,26.22312092781067,675,153630,confirmed,
391,0x1a4C41b0CdB143f5B4A5890C44Ed8b205e1E485A,node01,0b0a9f9aa43ec176aafe99b36767fdc91f249101efc65e94d8c8f13188af39e4,24,1791403976.2035558,1791404004.3474526,28.14389681816101,676,153650,confirmed,
392,0x62a5EADE6b0033a14e8d6efB7e7C3648A09830ae,node02,98e73def8d1b5eb15dc184a46d6d56e725c3bae5b1a9d6edc651610e5c5fdd04,24,1791403976.2089043,1791404005.5613394,29.35243511199951,677,153630,confirmed,
393,0x06f7433709b2c94879A0C77d8F4C8d8f6DCcDD0f,node03,f918eae44e8bf69050009a3d29f96fe09008f62d2413adf656bc31e6a692e5a7,24,1791403976.2110806,1791403980.342916,4.131835460662842,663,153606,confirmed,
394,0x13be432f613d6d6E86e8623856C62dFD0044c087,node04,06cd2a3722fa8eee725b607b617848dbb16b3e9319a9e68c5e32c646ab9b705e,24,1791403976.2123733,1791403980.810841,4.598467826843262,664,153630,confirmed,
395,0x3Db30a8552727A7f666A977755dD713BDa6006B4,node05,9e26c9065e841becbf1209a61b90bb6bdccb23ea193eabd510ceb646e155d369,24,1791403976.2138076,1791403986.1723926,9.958585023880005,665,153650,confirmed,
396,0xFb01B1dbEFE973913911084F941F2F9979caAfCe,node06,47e77176027dd6b4a9b5c215d11ae8b30a83104d7c6e9138f43c2b355e4114f7,24,1791403976.218368,1791403986.2629395,10.04457139968872,666,153638,confirmed,
397,0x456aAc8305ddE0c5dd4e67Dd86712e3f85Be116C,node07,6ecb866200754477a26d2564478775cd4eabf2ab85f397cb3422bdab67ed189c,24,1791403976.2271717,1791403986.2184403,9.991268634796143,667,153618,confirmed,
398,0x61286f04d2fCbB9863b95E04cd38ca2263e521CD,node08,220353cab9591754527c7ceaf6ecd6a32e46c90349c3af3f5c24eff99a94426f,24,1791403976.2285235,1791403990.8368468,14.608323335647583,668,153630,confirmed,
399,0x2322921bd5c10B5F4e34b45899E31B8089553e53,node09,10be8bb6face3db388b9fd0a47a872ad5420fc7ca937852e6efa33076fe8fb9e,24,1791403976.2323244,1791403991.2241867,14.991862297058105,669,153630,confirmed,
400,0x251a60b4a1c56B20AFc8a2ab98451762DBB2Ce05,node10,46c7fc885508cda0d94d97ad41a9e1e60dad06a29e1da46a1d0a31d4a4f0128e,24,1791403976.2360368,1791403994.261048,18.02501130104065,670,153618,confirmed,
401,0x1f44817E7C58d474dF7976F8C32148B8a6371524,node11,e4bf8e416ca4a46bcde7385c80559f1d5e8cba472aca05eb867a396e26a74345,24,1791403976.2381656,1791403994.6864283,18.448262691497803,671,153626,confirmed,
402,0xC7DE4607C8d054b76C9447Bc36cB94D2bAD15e66,node12,4b68ee718ca3ef4997cfb03bf3b6765ee429cfa95816474c2ae2b4765aebfd55,24,1791403976.2436225,1791403997.80122,21.557597398757935,672,153606,confirmed,
403,0x23CF1Dc4A9649bD384dc74F5dB097e9eC723aC07,node13,d6ab3c298a04333ba7665327a04666af8c9a8bd6eeddce6aa399b1ee5a0a37db,24,1791403976.2454875,1791403997.8282073,21.582719802856445,673,153650,confirmed,
404,0x1053F44F3b4C3d4CD8b1F7Bb997D6abF59333b87,node14,c22cdfda81e178caa123a073b08eb33d2c9bca68c26e4e38a818c523984569dd,24,1791403976.2466407,1791404000.4862483,24.239607572555542,674,153630,confirmed,
405,0xCEd64D61BFD46a3Db20FA51e75fC8068aBaA73c3,node00,931deb24fd168c9a449fed894ab075eb284dd10355b13acfebf6df0e666be5af,24,1791403976.248989,1791404002.6878655,26.438876390457153,675,153630,confirmed,
406,0xb249E6735Af801CfDA8b7CFF4236BcBA8087F87a,node01,973b836a33acdbd696216736061a6e5af941bfe6de36d0369ce407598bca01c1,24,1791403976.2515042,1791404004.2558157,28.004311561584473,676,153638,confirmed,
407,0x1fD9B0264c0a580279060e03afAa224B0A583F07,node02,85d5b2b1554ce812907fe6878b7746ec0924ce3032e55bdb0765fbcdc7dec1d2,24,1791403976.2537444,1791404005.6209085,29.367164134979248,677,153630,confirmed,
408,0xA62d6C37ce111ea0A8b614c753372DAa0E0b2A86,node03,3cd16f06311684a985e791877fa1c2b9007d99a974a98b9e33dc5add0112c410,24,1791403976.257734,1791403980.6887558,4.431021690368652,663,153650,confirmed,
409,0x734e5F505535a8efFcf26443cA38fF6253098367,node04,43a6d10fa361e0815d9daceabb27aedac85ac545ff8c9228cb40a14fc309b262,24,1791403976.2639666,1791403980.4939268,4.229960203170776,664,153638,confirmed,
410,0xc18F175817146af4f8A7DB99C476a54ddAa7B0a3,node05,41af9bca7828e31259f8eea1129fe1b999be8abd47b8885252b558999efdca9c,24,1791403976.2656288,1791403986.8731215,10.607492685317993,665,153630,confirmed,
411,0xfd12aeb76dAa025722Aa7d87583d7E680086a298,node06,52a6b03de69c97c9b4af55a5de94ce86fab0095358ca87ef79ab16dc91136738,24,1791403976.2702994,1791403986.1029122,9.832612752914429,666,153630,confirmed,
412,0x352368a29B3e3CF188A8F62A908dB20B9cf5b013,node07,090de0d96d5c98c1601d2954f774428f542959264e2a3beee860a22d42905046,24,1791403976.2730532,1791403986.5344925,10.261439323425293,667,153618,confirmed,
413,0x1Bd38D5f947578363ED703F84BB6FD37e9Ab5cd7,node08,51132e130259ab5190e2897fe02ebb582a5904e3ed8c8377075788c556a3896f,24,1791403976.2793689,1791403990.8728611,14.593492269515991,668,153630,confirmed,
414,0xFC272032d224F59D021bcf46E055590ABB244292,node09,6f136588d4f17ec84accb8bc5a6c964a24c69e2044f862ff9e68ffac036d41b5,24,1791403976.2848763,1791403991.033318,14.748441696166992,669,153618,confirmed,
415,0x9AE173F54eAF973c7dAdB70756dD15e84F41e3B9,node10,160f81e5fea8ff9788279a38afb7b44754747fc7d7b5aa433904ae744407fb50,24,1791403976.2873342,1791403994.974657,18.687322854995728,670,153594,confirmed,
416,0x9DB4FeEFB7fD4b97fB65200Cf68e176C1ECb14c3,node11,cee39f9e4566418ec086c623467bea4a69ea0081b7cd560ee1b749b9ccffcbe6,24,1791403976.2890544,1791403994.936298,18.64724349975586,671,153630,confirmed,
417,0xfB1101334c969a7B50E50c2Cb8155836954C48e5,node12,5650128d1f93163b63ecf19b4c73e5ddf47aada0b890ad8285783b08103450c9,24,1791403976.2911322,1791403997.963032,21.671899795532227,672,153638,confirmed,
418,0x4b256AAa96d99ec6B1701FF71E600D278980aF89,node13,ea146828643a6602ecd0f1d0606035ebb1eba98a599f1679806e277414ded4fc,24,1791403976.2942789,1791403997.6820526,21.387773752212524,673,153618,confirmed,
419,0x32da268017b5116010E7460A6837C09B46CaEC6d,node14,57dd993d9fff5aac583290b2aa0282920505e22ea117669f6fd7040ec7573b62,24,1791403976.2958882,1791404000.6033225,24.30743432044983,674,153630,confirmed,
420,0x81d2a2750F553566e211364069cb407d334C07C9,node00,bbcb8f910a3bb4535c3c908a59aa7ac9fd4eeb815634bee899fc6ca926b56cf0,24,1791403976.2983096,1791404002.4629889,26.164679288864136,675,153626,confirmed,
421,0x225bF12caaB65B4d03B9c23c654Cb8490DD7b6f8,node01,0a6b88d33506da18d1e0a8a991cf5a13a14b15e2f5403b1f734d12221485a386,24,1791403976.3028307,1791404004.4638555,28.161024808883667,676,153638,confirmed,
422,0x138E24AC4298ac20cD1054e6BC117b34c3F87CF7,node02,5a25773b369eadd029cbf21ea76ab1f2ffac9331fd985cdd4f4449b7a3bb6a50,24,1791403976.309688,1791404005.6952474,29.38555932044983,677,153606,confirmed,
423,0x65bEb4e54e94f622AfADE6432D5B7CF187aB0A95,node03,b0d81ba909a28cc4b8f04384fb4cafa137543206a464ef1605b530f6dca1db78,24,1791403976.3121989,1791403980.4486773,4.136478424072266,663,153618,confirmed,
424,0xC82e49E47BaEf9E7E9CbCBA66E980C87864409AC,node04,79edee12e6f9427770bc7a455776d00bb43c33f3c41a18ceea2f7eca9c1f8a32,24,1791403976.315549,1791403980.5446053,4.229056358337402,664,153638,confirmed,
425,0x5aA8b42a373C6EbFAb80B681C53Cd6b1ba1d261A,node05,75ddc4c4d245d7a72cd68547e980422cd980c467cc65a211c04013b88c60714b,24,1791403976.318943,1791403986.8523939,10.533450841903687,665,153630,confirmed,
426,0x8E3C530ddE3E9CE29BE34a1D5A4dc63820F2f019,node06,fca942fb8ea5d2bb992d0d699f8cb2666d1f2b1e679565a9c54f90175b7d471b,24,1791403976.3216968,1791403986.4386258,10.116929054260254,666,153618,confirmed,
427,0xD48D398d0C6D08d03e2Dbf49DED0554b7d3ee385,node07,84fcce6b52563fee154383f7b523dafb1ffb0a441ddc4025b8be10bf1cedf3e4,24,1791403976.323732,1791403986.4600437,10.136311769485474,667,153630,confirmed,
428,0x529473709bEE8D90Ce356eB44e508076463379d7,node08,203c51b3a288ac4371384c78b49ee989669b87f96128a5f14eb2cdcc6c41ee1a,24,1791403976.327921,1791403990.9133983,14.585477352142334,668,153630,confirmed,
429,0x9dABc01965d9dF4b9fF8708Fc692aFB4af085c6b,node09,ecf47c5c4c402abd714c2998d1159e26d28f87bb5ffd6e81f49f27c8b4f7bf7f,24,1791403976.3328087,1791403990.9637609,14.63095211982727,669,153630,confirmed,
430,0xbB8efBf76339724971c73ec39Cb421a487F8c517,node10,9efa10e5b214dde4c232df67a2053a31d0480f52b918239995fa62f1e3ba4725,24,1791403976.3345742,1791403994.4638743,18.129300117492676,670,153650,confirmed,
431,0xf399C4B571BD3c7fE2A02C81D1267adeD0543cBB,node11,3b943c6e9122e14e84fd9517277c0345f22bc543c1bd67139ac8ad0dd29c1540,24,1791403976.3373542,1791403994.575084,18.237729787826538,671,153630,confirmed,
432,0x2a3bBdB9dEb0735B069Fb513d4b2B3e0aD1f4747,node12,22b305192928e3830ed5ad884a84af26b0e290f4fca55494e9f2319167cc1af9,24,1791403976.3391874,1791403997.7381742,21.39898681640625,672,153630,confirmed,
433,0x2f203613273885D6A3E02778440570b7a1A15631,node13,e44c48097dae0ef49859b32b7cd31f8f31240c6269eabd9054929b85f86ce8fc,24,1791403976.34162,1791403997.81213,21.470510005950928,673,153630,confirmed,
434,0x1BaAd6fbDa317d33eff1ee5E95B45f379c129bA1,node14,7884cb843241d7ca9dbbcc6ddd8d8ff10b9434d7261d279f8faabaf2dca5fb73,24,1791403976.3521798,1791404001.1482694,24.79608964920044,674,153618,confirmed,
435,0x3879809Ac5455e475B9ABca2328E88D084f7C2d9,node00,be8677cfd227e1b2e134c514d6f6737496e1fef12a52aa3cc2d2d43cced1af23,24,1791403976.3549056,1791404002.4658933,26.110987663269043,675,153650,confirmed,
436,0xab606CA4C534e03b706cBF808729e89da3556928,node01,6c90be57b9aa1d6c1d937f2adea7169e451aecaee689528423bb477a253fcdd0,24,1791403976.3567903,1791404004.1495473,27.792757034301758,676,153630,confirmed,
437,0xa335A5A16b545e54EaD2f72bD80ed8c062d267e2,node02,ab1bd6967ec54f06ed132855cbcbd70badaf2430f7d1801fdf67f0317edafefe,24,1791403976.360411,1791404005.5819337,29.22152280807495,677,153618,confirmed,
438,0x99Ecd74127D215Dbb34B0FbC2a814834A51247CB,node03,215d76eb35ddd8752d34f11131e88c8981b6d110344f7bcb269547867aca549f,24,1791403976.3637528,1791403980.9826686,4.618915796279907,663,153638,confirmed,
439,0xd436C8C67da46ae8fF84682C072c3c1BD17c7528,node04,ef25c0030ebd55e772d655594e4c50b021c58c03f69c7489a06676bcd55dcf80,24,1791403976.3690157,1791403980.758013,4.388997316360474,664,153630,confirmed,
440,0xB6a0ed73a4505f76dDAd45c74aE8edE5Ccd31567,node05,ab73d2c26f784638e7a503f378b7504564607f827d0ccb3f0a998c9280ff0128,24,1791403976.3714726,1791403986.7997544,10.428281784057617,665,153618,confirmed,
441,0xf4c9ea08129849164Ff67f2fd480E621dd8473c4,node06,8e5f291c1c6afc6e3319594d71f40e30b864282ea0b8222fe76fad6e3d4c8ecd,24,1791403976.3733034,1791403986.663484,10.290180683135986,666,153630,confirmed,
442,0x6dE5449b7c0cEA11b636442a41193F62c6d00b15,node07,dd8edf42e2db9c97330578c9634f8834408137f3eba691ef9d8cea3322baaaf3,24,1791403976.3750153,1791403986.9631646,10.588149309158325,667,153650,confirmed,
443,0xe9eD081071EfF0dA03aEcAaE961316dB5f603009,node08,d95d02ffce6ef63ee8ed462659e50b23c149ae7dfad590e8e96db73bddb8b355,24,1791403976.3766649,1791403991.3923008,15.015635967254639,668,153630,confirmed,
444,0x46f021A0BE3291162CD15cFf8da974FA5cCE4765,node09,bd99f840f3cc32e9b52c2f49f9dc616a19b2fbf368a9bd000b8cf16080f63d4c,24,1791403976.378651,1791403991.0688412,14.690190315246582,669,153650,confirmed,
445,0xEC4587285216455cD63a0439310e091875b258a4,node10,1d7dc6504f8159e15b314cf8b1d400adddda42bd1336ea6f5af5e1505e65c7a6,24,1791403976.3803978,1791403994.5975046,18.217106819152832,670,153618,confirmed,
446,0x5cDb95bdF921D9484FB345bBbbb7e0A0F4784490,node11,e1dd42006258ac44ce3734a8b3a5fdd302dfd1f8d9da19aea565c58b67bcc909,24,1791403976.3824396,1791403994.7541888,18.37174916267395,671,153638,confirmed,
447,0x3eDA01Ff1C22cf8038C456dA34116D2a2c45446e,node12,bd2a2923eebedb0af8bb2b6cd544296c102692b180ac87e9677f74d3a476bf12,24,1791403976.3881228,1791403997.735117,21.346994161605835,672,153650,confirmed,
448,0x0f4F425c62834aaF30304A166D3954eEa3A6DD59,node13,f67254114ff1bdfe4eabff3c302f0e9caa7adbdd2a5fcf4a4608d836f40ae804,24,1791403976.391372,1791403998.3967435,22.005371570587158,673,153650,confirmed,
449,0xa070059EbB3eEce264C2852f22F3B257c42378a3,node14,941897c601369740b43a896422c1a49500d7296c24afc673f2ede32438c0ba13,24,1791403976.3975828,1791404001.1402066,24.742623805999756,674,153630,confirmed,
450,0x8F6Aab666DbD5E93DCdf8C855f6516b3C6df0619,node00,37940570465b67edec96a44911c2d434b5ce65f78445146b066da4024bddd3d5,24,1791403976.4007661,1791404002.6926534,26.291887283325195,675,153630,confirmed,
451,0xfE00620CBF76a98C251A8A0CA7b152E239121c7B,node01,38fb8cbdc9ee18c03523a2db98c94babdf926a6e92a80c03f40f53cb3d7628b2,24,1791403976.402799,1791404004.2172272,27.814428329467773,676,153638,confirmed,
452,0x075AF3281e99d451d52Ed06857fA08ad8D3cEf50,node02,24fe7a5a6a0fd0e47a455fc24bc8bd2e20f1adc806e2ffd336609b4d8c2f92d3,24,1791403976.4074419,1791404005.5992758,29.191833972930908,677,153618,confirmed,
453,0x446FE3d769F5dc22c678c4c68dCA5AaFc4D6a0B4,node03,05a829bf6ac4f9f3fee0a24c1246d1738e365a2da9a08f9053d5a26c3318d13f,24,1791403976.4117498,1791403980.5679379,4.156188011169434,663,153650,confirmed,
454,0x87f660f7a5a0A080c04966A0d6E7F11B4d83fd5a,node04,11b0c370fe6e23d70761abc5eb6fef9dcfb8c10583ece0883b774a678b3ba756,24,1791403976.4134521,1791403981.0816822,4.668230056762695,664,153638,confirmed,
455,0x674700eaCbA39b3BCbC477eF5125cDE29B981108,node05,08c6e54bbcc9cf873bb92eeb7ca1656998c1b0ae5301b35c41519b1ab53f95fc,24,1791403976.4159458,1791403987.4149983,10.99905252456665,665,153618,confirmed,
456,0x9F24464646273CD3157655c37a1af8F15E4cFC57,node06,db609b4315556343f9c80b227bcc64117dbb4913db3cbe37e32f530dfb3f89e7,24,1791403976.419112,1791403987.1221707,10.70305871963501,666,153650,confirmed,
457,0xf3D073F4f93501e6aeabc3B145f6c8081E3e5690,node07,160e4705a695ca3d2fb2b5259ff2ea9fd9f7dcc55644bbf9144239c087196952,24,1791403976.4275815,1791403986.8057618,10.378180265426636,667,153638,confirmed,
458,0x4C83961aD0048Cd5600Fb447E441B3d514164D47,node08,edebd6fd620e4eaf6affd91fd5041e613ab3ee11574d1f62f5b4d472b44f2b03,24,1791403976.4318018,1791403991.2723074,14.840505599975586,668,153618,confirmed,
459,0x87eb28d0F3aE68F25c143BEDD0D43A7c31Bf1C5a,node09,5c4605d0a1846f60da615f18fedb8eec2f7bb58e8c171409d3e8254c86143496,24,1791403976.4359722,1791403991.628577,15.192604780197144,669,153638,confirmed,
460,0x311D9D29c3322EB0BC7a9Edc38d9e44082530ac6,node10,cb6cfc390e4f020953f92f0e18cac0d74a5a9d4b5a6326e032b5cd7146fd79b3,24,1791403976.4371586,1791403994.8230147,18.38585615158081,670,153618,confirmed,
461,0x5975616704e29d50a533b319e8829816bCcf0b8c,node11,d1509fb835aea7597016c1f98f4d12711a5755ad82467b56e76020bc5e222d71,24,1791403976.4379773,1791403994.756665,18.318687677383423,671,153638,confirmed,
462,0x843515bCD2BE910677BBc404A66017d60D69653D,node12,d4948fb0950b77d72a2a69c942d2f4245ca4f5a4fc7173ca858653a6968e41bf,24,1791403976.4432466,1791403997.9019809,21.458734273910522,672,153630,confirmed,
463,0x463cA64803dC4f47B892cb99100fecc0e2e701F7,node13,964b3bb4f91eeab947f2792b6d0d89759bc1e98f2d829d53aeeca0ffa7b14d98,24,1791403976.4466944,1791403998.4223928,21.975698471069336,673,153638,confirmed,
464,0xCA8Fb9121b57EA8069D7b0E604C32941aCEa3B19,node14,54ca9e5ba6092a2a932865ffadd3f2487dbb8f92b54707beb66e7f3d94a1c806,24,1791403976.4487233,1791404000.791491,24.3427677154541,674,153618,confirmed,
465,0xa584FD18F78b4Bf72421Fc148a23F554F2ea044A,node00,8c6351605cae48936e1a803a0f5b2817fe42d20395621a6825d47fcb13d86081,24,1791403976.4640148,1791404002.5490336,26.08501887321472,675,153630,confirmed,
466,0x604fA4b6808767fa39FE82293e00E545E295CD9B,node01,1856c4c70600878f2bc4f26fb2e6b175853b8687a8c4c07800ebf6b7d0bce266,24,1791403976.4730413,1791404004.274362,27.801320791244507,676,153618,confirmed,
467,0x4eC9d3232ADBf668E902643E4b4e4E699E3385F9,node02,34209295c054f6960b43553b4da2b4e6400e88c81dc710482ada24b88d7ebe95,24,1791403976.4757478,1791404005.5857534,29.110005617141724,677,153638,confirmed,
468,0xdF4a3eFD2967276838a70144494C990b90DB088f,node03,c6eae3096958d86b7d8194f210976a69813867dc49c967b4c0f539029a5c504e,24,1791403976.477793,1791403981.260064,4.782270908355713,663,153638,confirmed,
469,0x0b9e5D6d3F2c768515C274b52127f285B11660dC,node04,6fcf772830e174f13060ef8002e4263e73273ffd439ae5d981e91fc7c99cfb4f,24,1791403976.4790204,1791403981.1285415,4.649521112442017,664,153630,confirmed,
470,0x67FA07e8f46D1Cc1689A4B2D8bE784d171fD9Fe1,node05,5b911fd5608431d3930b4cb9601cee28d3332e116371257b982530a3ae92101a,24,1791403976.481339,1791403987.20775,10.72641110420227,665,153618,confirmed,
471,0xB87b8255a035982006c1C16C75920288E593Cf1C,node06,488e0031d01509bd467880b698aa9670f77ef0388aa11afaa5d54d68ad38f786,24,1791403976.4838035,1791403986.9972413,10.513437747955322,666,153626,confirmed,
472,0x851F84157E35dF76DBa0a709b89Bb4C2f37b6531,node07,5e9d00bbe9f754664bfe3221866c684ea57b1b37f87e6d90ca75481af897e094,24,1791403976.489693,1791403986.8573105,10.3676176071167,667,153638,confirmed,
473,0x64Aea14dc75e980c958C75a2266004A7d0dA4343,node08,46f5be0b7c7620b2b2bda1ff724189bb6c710942c7fa78f06084d701774a2b72,24,1791403976.4919376,1791403991.273119,14.781181335449219,668,153650,confirmed,
474,0x2E994700Bb315b94EdA3085e6A95e4ADBC32e8C7,node09,e1c1500580ddffd9d07931878a5acc8316474d001a3bcaf90496b5fdba8ad0f4,24,1791403976.49426,1791403991.4201717,14.925911664962769,669,153630,confirmed,
475,0x05230C5f0Aa6f12dc5D3050C8fCef29e639E0954,node10,f95fa85d0723426ec3f313fce308b4bcd6721af401a0468a57206f2e47d94deb,24,1791403976.497959,1791403994.8633401,18.365381240844727,670,153650,confirmed,
476,0x240cE39265C7CcB65E0A798df23Da27729a87ee5,node11,b7696304624bbe4dc8f803dcac90e668253b3cf3c33b29ce3b7644dc3fa0b833,24,1791403976.500218,1791403994.6940963,18.193878412246704,671,153650,confirmed,
477,0x1a890D9365e6bF886B2B4e964AD7911392E7f1eb,node12,b750d5164bfedbd65cc9330fb62b8b83a7dc7dd0cbd38209ace89f945573fa9c,24,1791403976.5078185,1791403997.890486,21.382667541503906,672,153650,confirmed,
478,0x7EE73538B2Ed7e98dFD606d2F51CE5Ca6FDD891A,node13,0b94646f32ac59220044d63eabe127a744c3e91a92714dae322e9d2973c86e79,24,1791403976.5125318,1791403997.8233805,21.310848712921143,673,153618,confirmed,
479,0x4bD5A6EdAECFfAF97aa91379dB79730c7Ba87EF7,node14,d7016606e9cefac0396cd88409cf5d0ba8c2c2d78cb40eecc0a159b956335d09,24,1791403976.5153568,1791404000.5604572,24.045100450515747,674,153650,confirmed,
480,0x49D35dcC27E46e6A5710312426Cd15C73D6ab092,node00,08cd2752c7c19094198bd5cf4beb7337d8830c7d66cb78c345925ec62e23cbe7,24,1791403976.5173855,1791404002.8762352,26.35884976387024,675,153650,confirmed,
481,0x71cfff6FC95D133d0cd0eaF83021d6C6A5B23490,node01,12421707d5f22f52e02c0c42b8470dd4679c4abb1131ab5fd060297eeaa262e2,24,1791403976.5217848,1791404004.2119672,27.69018244743347,676,153630,confirmed,
482,0xdB274DFe58143fc3d9E83709d14C913B8E1dd0c6,node02,89a84202e1e51296b227794598368e71e3b48ba38f0082f13725ee9b10016456,24,1791403976.527422,1791404005.6139252,29.086503267288208,677,153650,confirmed,
483,0x2fF5700abDb9f3112B40dbB3a5E443Ac53d21Cef,node03,3b05bee7d5c505dc7c8c26438cef565abd31e96b8a7c7d4c45163949998421ac,24,1791403976.529289,1791403981.2885294,4.759240388870239,663,153630,confirmed,
484,0x64617C519Cebc70A3bcc7F717D0ceBcdEe3D6316,node04,0ebd92670156422d1f92ac1ae7931fe99876e4c97ea2497295b5d14a653691ee,24,1791403976.5364635,1791403981.013014,4.476550579071045,664,153630,confirmed,
485,0x3A2593335652abC1985b7513211730274A2DFC82,node05,1d89c0d2b101be32c5ccd8a006e77a4499430e1dfe40ee60ef3ea25a792920f5,24,1791403976.538636,1791403986.958679,10.420042991638184,665,153618,confirmed,
486,0x1FdF9CDF2391c0B9963fEc10F438636c10d42F7F,node06,38212d5ed478ec3b931e07ed5b5a7796d50e8eb1a7938d16d7cb979fa4ac8a35,24,1791403976.541572,1791403987.107107,10.565534830093384,666,153618,confirmed,
487,0xeF3d17BD0575C4BF5367e23017c18d7e1f368E37,node07,6717e152b8aff8aa567e74108d148707d9e9ec472c145998632278e2e417d5a2,24,1791403976.5433915,1791403987.2245998,10.681208372116089,667,153630,confirmed,
488,0x1D8B771339a2D3Dc0a5B8C42602C448f6Ddb8eA0,node08,5283e77826f0d9a23ef8a1af0a45e6514c348e5261ebf3b2953e8c64579f6a0e,24,1791403976.5455887,1791403991.1890135,14.64342474937439,668,153650,confirmed,
489,0x76d03444312E93a293c60085fC47d0BA914E681a,node09,0409937c94c0e4f7d0684312678fdbf32fa5f8048973dafa2ac79b30cdda966f,24,1791403976.5483356,1791403991.2820816,14.73374605178833,669,153618,confirmed,
490,0x0F56d005f7955431402AEcaD1bc9267a57280288,node10,559beecb07e3b29e889a7d670830732f561303c12f164938e9651984485c9019,24,1791403976.5516632,1791403995.096264,18.54460072517395,670,153650,confirmed,
491,0x56607124C3AC9d607ee2ba89261dD231864287d8,node11,be5985b7c4edf06d1e6f8fc8cb58b0adb4290e10561605e4b1599bd03353e629,24,1791403976.553894,1791403995.0863118,18.53241777420044,671,153638,confirmed,
492,0x1365F55aC69D1a60ad9260A8d6D2680493812289,node12,1182e9d4baee8d0727ed3bbfb887972eedfccfa7de4a8c253719c4100fb14dab,24,1791403976.560764,1791403997.900361,21.33959698677063,672,153630,confirmed,
493,0xae3fD915748f7055A2bFeA191270A314f0ae2f6a,node13,f9a40ba632dcc1a7aef8fd86aab1baa1a20f8b945ad0bb515461b9c0c2992c86,24,1791403976.5642662,1791403998.4824655,21.91819930076599,673,153650,confirmed,
494,0x28864B97fBcb26D594792af1fF0E069E8A22e249,node14,336a4ba0437c1f2d5298c7415f072a668df26731abc077e6ffed1f0523ee2fcf,24,1791403976.566305,1791404001.0337179,24.4674129486084,674,153630,confirmed,
495,0xCC6246710922D17Ff3BB8775DcEfdd7C12D07aE9,node00,1225d79e24fce46346e4e8377c8ee71bf2385ef43b9111c8b9c9ca79248f4fae,24,1791403976.572513,1791404002.678337,26.10582399368286,675,153630,confirmed,
496,0x77fC841C376cF56ec339e8d85D5f1EdC504b02ef,node01,31446497df7cb7b025bc29c9b3cfb12009d31f04dcd11694ee70e9ae255e4c57,24,1791403976.5784986,1791404004.2356393,27.657140731811523,676,153618,confirmed,
497,0x047A51b26Dee83d3a64D55379B3862041D896743,node02,841d5c5348700d7d015991464b39e47e9d69950253aaab6dd3d689b0e3c473c5,24,1791403976.5821233,1791404005.7706132,29.18848991394043,677,153630,confirmed,
498,0x7B6Cc93D1df3fb2179ce6F5896F090dE7EF677C9,node03,a10c23e7263d4a819a19c13b7c73ed741b59f3abe6a096686a3fc1e99827e565,24,1791403976.584547,1791403981.3915536,4.807006597518921,663,153626,confirmed,
499,0xdC1B27293a2955717286daE3fC28e64Ee7602fBf,node04,5d2504921d2fc95caa0e19d8932b6fc76b84fbdf3b2465d7c395e169e544ede6,24,1791403976.5915108,1791403981.230367,4.6388561725616455,664,153630,confirmed,
500,0x39e1b193e31edd1F4cD5E846fB2154706bae0b85,node05,c0a3bc82e3a959d73603904cd3792d3cfc3d4f208b930fd0a367bbc540fd97b0,24,1791403976.5948684,1791403987.2540069,10.659138441085815,665,153638,confirmed,
501,0x8A9ea48Ba138a5e7101176F9CD78254A20C1269b,node06,636e9b3391ac55bd018a09773e53e54d3af27b61c7ffd21a721c40a72e40b0cc,24,1791403976.5980082,1791403987.4899962,10.891988039016724,666,153618,confirmed,
502,0x515eC3fDd9d4E31730E7E04a7E969fCAEd7850dF,node07,01cb1ffec3be79512e5092ec1e23c5c83748d7541fc838e32f8d379148a8aea7,24,1791403976.6007478,1791403987.1192472,10.518499374389648,667,153630,confirmed,
503,0xa167df26aD91981a9457aAE76D8DFE01Ae618457,node08,811f1caa5a798eb91434601b05545c291cc28f894cd4814bbbd4fdbc8c1497e1,24,1791403976.6026578,1791403991.2349203,14.632262468338013,668,153630,confirmed,
504,0x7a8abc4edd1cE27b44362c0efE48948e08bfF609,node09,c3fc09347e1e7e074fd0e2c119c2641c9c92aea5b7d05d74749813f246db83a9,24,1791403976.6057067,1791403991.4887369,14.88303017616272,669,153630,confirmed,
505,0xB45fa5534372960a50f556B9a70b22626099292f,node10,155e8036207b22be6ae14685b6799d31eb89c5316a2c4183920e609d9edd7f0b,24,1791403976.6086106,1791403995.1368022,18.528191566467285,670,153650,confirmed,
506,0x8C6354cb4D18508bC352Ad9dE416fA03E207eceF,node11,e6cd54469801b50c7c8e95a090dfb2eab65f1a257976fc0ea2181abd28316644,24,1791403976.6101727,1791403994.943511,18.333338260650635,671,153618,confirmed,
507,0xfc047527B97AcfAe117F88403051181ef38aFb0B,node12,05b2bf0de4aa802d63455b81c6cb67706d98cc4e7172c1b9c7ce0fa6e5f25612,24,1791403976.6114018,1791403998.2075057,21.59610390663147,672,153650,confirmed,
508,0x8Df778152BFAC6E8bBB30eB3C63bf98bBF9D3497,node13,a5f658841d98c65bca9674d6636271316af75fa075d406393dcb19da6b3a2397,24,1791403976.6153681,1791403997.984005,21.36863684654236,673,153618,confirmed,
509,0x9205dcFCA15aB26EF3629d0Fa680bb43E36827A1,node14,af98a4aea4427be96719db5618f70e999283d848c28cb1d36efdf00554e8556a,24,1791403976.6175277,1791404000.9607275,24.343199729919434,674,153638,confirmed,
510,0x8a64685BAB0889522082567d1d24d7ac15597D41,node00,724eb4ce473977a7b52dc4acbe0ac4f400adaddd5d0598858c9f80ebdf4410de,24,1791403976.6210566,1791404002.6859677,26.064911127090454,675,153638,confirmed,
511,0xb77b31B3F721EbFA018863f7114DA7DcAaDAbcCc,node01,55ddf14d349a0991817d15f9bf74c3f4decf1b600e6fce5765f1d063e8e88f8e,24,1791403976.6228147,1791404004.588936,27.966121435165405,676,153650,confirmed,
512,0x5D850C858084aCf95E467C08f0B181E65ca74081,node02,35f1edadedf30d07ff75e6c0404048376489a681011e4cd8c10928862ecbcfd7,24,1791403976.624919,1791404005.6078193,28.982900381088257,677,153618,confirmed,
513,0x3C03c6Fa169db0B3E912b37fE4268B376dE3A1B4,node03,4ce4484dbbf4e7cca4ae913c233ca76351eba623212f4212e0b8b923dcd9333e,24,1791403976.6267579,1791403981.1166558,4.489897966384888,663,153630,confirmed,
514,0x12a9e797De1acFa04dB8c3dF72e523C896cd156F,node04,92029a65a8ee2457d78e154fa7709decac3f576fa303c9be32a0d4c3650046f2,24,1791403976.6288512,1791403981.3166702,4.687819004058838,664,153626,confirmed,
515,0x61053505219e88C78Ca3A0708307140D99c06cf9,node05,fb7af8c8d270291b0606dd9b453f70715f30a1683e7d922e88b707c1339c0550,24,1791403976.6305413,1791403987.2993746,10.668833255767822,665,153650,confirmed,
516,0xF405CBB5BeE49805a99Ae6D02208485DA4840eC5,node06,1d11559761ed76adde6906d1b1704c0dac656afcd0d03055e11866a8f9d5cee1,24,1791403976.6323876,1791403987.3703904,10.73800277709961,666,153630,confirmed,
517,0x3dF7A04A67DA6c1F641F0d5f4106f3EE5793fAa4,node07,515a5fe0fac11e316f8f57ce4bfb7f7cc013213362450ea1521eb92386fb426c,24,1791403976.6344166,1791403987.479868,10.845451354980469,667,153618,confirmed,
518,0x3FDAB3D860E0DFc1a42323d5b68BD234B0b272E3,node08,409a87569ac084e849ce245f503c31bfd0dc469333060d908e3367b1d5b7eb70,24,1791403976.6362133,1791403991.5456524,14.909439086914062,668,153638,confirmed,
519,0x58e61E7a80B8Cef5E69243F21FE52Ec67425d38c,node09,5fa14fec3ff9465a23f261024d049fc22d54c8028030ceede1c64ae732b01ce5,24,1791403976.640594,1791403991.4862168,14.845622777938843,669,153650,confirmed,
520,0xBD6707b208E07dea83B05819a367c2D62Da1328D,node10,8490404e25cfed22b5fd339e3b662b5aa4c4e56d4beb7b6488fb36f52963c3ba,24,1791403976.6469088,1791403995.2345405,18.587631702423096,670,153626,confirmed,
521,0x4D45002CF56B866b4840a637BCD59032c6Ff3C33,node11,45bdcfbb9582f01bf20d03ebff20ebb8e900d6898ed8120d53cb984c2274eb33,24,1791403976.6485453,1791403995.147964,18.49941873550415,671,153650,confirmed,
522,0x469E0685ddfaE1B17AbC72d6443246F88409b83d,node12,21d1ac0ce73bd28dd122a0f0258b2205516dd903518bbd582ee9f9ec384c0f67,24,1791403976.6511774,1791403998.3074539,21.65627646446228,672,153630,confirmed,
523,0x931Ca4553622B2021b13720f4417C8a89c179313,node13,38706d3734299d5d3ec8a528d25e46f76d28ce50be163be3c3abba5517d5c1df,24,1791403976.6532211,1791403998.6734242,22.020203113555908,673,153638,confirmed,
524,0xada2F296BAc347Bbc087d2CDd5B4b1F7428B7E8B,node14,644efb298153afe56dff8d46e359e1132ecfae90287c436f34421d161cae185a,24,1791403976.654929,1791404000.828636,24.173707008361816,674,153650,confirmed,
525,0x2c7906492c6F6A769FB9f5106EDd93dBC067a6e9,node00,64e4e0d2f509e5e3febaf5909b3a9573c3f75c01e0fb28e25a8125975ee9980c,24,1791403976.6569328,1791404002.6836762,26.026743412017822,675,153650,confirmed,
526,0xfF3c9E11d2B6c1Fa1dA47cf3AD77018CA70F8373,node01,9e3b9d6839fb4244980679eef7c313d06576e0d82897dba4c76bd7552e678a49,24,1791403976.6661508,1791404004.60869,27.94253921508789,676,153650,confirmed,
527,0x15dea881bB37F4E0B21AeD782938F435A858E9e1,node02,5a6354b4b5d8978e010160fa46f3b592d787c0eb51bc0c71b317c10d1f0debda,24,1791403976.6698287,1791404005.6784446,29.008615970611572,677,153630,confirmed,
528,0x11fC5DE038359750382220F9BFb12a8CE6811199,node03,4429dbb2ecd9f39cf16adbeeb72414f4edeeddce156cbcabaf38308505568095,24,1791403976.6733422,1791403981.141739,4.4683966636657715,663,153618,confirmed,
529,0xAeb67c0583A114EbdaB01751671EeeaCd561f142,node04,d16621a2e60b2731ab3bbe6d3d2140e38b256c90bb8f5be453e19640cfad7854,24,1791403976.6750412,1791403981.2014003,4.5263590812683105,664,153630,confirmed,
530,0x5E1981d0976897A92E71E8F3526fe50a0bC695C3,node05,b5be85462ada254b9751e4612a3efb2c36bedb1b16386c15644ab2669e12fc64,24,1791403976.6758025,1791403987.0951,10.419297456741333,665,153618,confirmed,
531,0xB8079954b01187f69760863c9abBd7C1e16C4a96,node06,62881202a49a544e2e960b3254a422b289271ab187badb061d172351cbbd35c8,24,1791403976.6764297,1791403987.2224553,10.546025514602661,666,153650,confirmed,
532,0x7B98A8ee1f0b5Dc03EE44Ec9FF457aedff0248b7,node07,fc2ecbdebcb8c1f8ee45884e189bb71aae9e36711663d3c9c76a7222d8778738,24,1791403976.6783686,1791403987.2936468,10.615278244018555,667,153630,confirmed,
533,0x38Bb6420EB3c7a6307b198C21A139FF63Dcc67A6,node08,041e0de7c3f481891d82feca45e781d132cd157e8d83f95cbd3f200e238ada02,24,1791403976.6803253,1791403991.507342,14.827016830444336,668,153638,confirmed,
534,0x35b1723dEeF66831c5B1f19d4B9f60838AAca520,node09,7693aae98476b6ff82bc8cd0d24c69d4fbe93cec26b896ea01d3be497cc114ed,24,1791403976.682761,1791403991.4229608,14.74019980430603,669,153650,confirmed,
535,0x2358559bDb63d188C2191d93D59Db8C7c6F33019,node10,4d2224da34bfc7931fecba225002f9ec8658d7339ffce73000ff3bc71b50f5b6,24,1791403976.6876352,1791403994.798737,18.111101865768433,670,153638,confirmed,
536,0xbf843c49513246540A9B6Dbb9eA535C4D00cA067,node11,71f46c625eb20d793188ab5cabdc253a48ac4e3c6ba7f759911f29cbe21a93ff,24,1791403976.6887462,1791403994.8932354,18.20448923110962,671,153630,confirmed,
537,0xF91D769A9eaC7932684B69f1a8CE572619b8F87D,node12,3093b6f77d230d2fc9dacab6603a0e966aead50121cc0bf740dfdaa27947bc52,24,1791403976.6912186,1791403998.1043255,21.41310691833496,672,153630,confirmed,
538,0xC01a23027aF1fEa3b989e63FD90E1edceA70F021,node13,86f4fd754c411bef4688b11c76c688898b52fdf22e4c69b22f554dd72d752333,24,1791403976.692694,1791403998.4622939,21.76959991455078,673,153630,confirmed,
539,0x873a5a02f115E9A780b810B2129b63986E3974d1,node14,51be41551b775ba0fe75c25a2b0aad50c8a483d4e017e8916f514cd9fb2217e5,24,1791403976.6963234,1791404000.6955035,23.99918007850647,674,153638,confirmed,
540,0xfaE0D3258355616172E0F343885caB6e732dc3A0,node00,7815843798cbb21bd0c459592f4efbcda2c0940ff218aa1966acca8aae914dd4,24,1791403976.698479,1791404002.7651653,26.066686391830444,675,153618,confirmed,
541,0xCcC9e9ABc65191C8607f1bd8ba4D79F014d74713,node01,e3e53fb416374b0e2bc0dff9be01c0e84971a2a9756558e0bd11147ae275ddd2,24,1791403976.7001116,1791404004.619453,27.919341325759888,676,153638,confirmed,
542,0x3570Ea84E5012A9d066722E8bA327b3726D4e5c4,node02,8124b4ff56a4bd9969440545e48125711a2876489a19414173474dc958383080,24,1791403976.703192,1791404005.6381333,28.934941291809082,677,153630,confirmed,
543,0xc85Ae04AA98d3725183d80157bD61ADf22C51De2,node03,7d1a1bcc98d7c6cfcd9c8e8670775cc90bc6a830b384557f403f6632a9655dc2,24,1791403976.710204,1791403981.448143,4.737939119338989,663,153630,confirmed,
544,0x4a5B31020E65bf253AC83011d01727f2F4f1F593,node04,84c4c5f2bfcf631b8ffd83068f540f98feb334abdef9779a30b830341902aead,24,1791403976.716564,1791403981.4166152,4.700051307678223,664,153630,confirmed,
545,0x75e9BBE0526b4b7C71661882b56a427920e4243a,node05,8d28a999000a73dda77428456d39c90c65b966711a9737f2a6abb28492ad062a,24,1791403976.7190044,1791403981.8573842,5.138379812240601,665,153638,confirmed,
546,0x64FFAB204097fFdD7D069217A8CBa8A1b64b19aE,node06,4465b62ab4383d17fe37aa3768ce10e9735322f18284bfdf28eea37495d79e6f,24,1791403976.7221472,1791403987.631254,10.909106731414795,666,153650,confirmed,
547,0xA3F4E6d1e41757628A3dE7Be7049b91001A61A10,node07,eb37f97feadf476fc5a516ad7f430f11af94282cdc67c79b3546b620c99595e2,24,1791403976.724532,1791403987.329877,10.605345010757446,667,153638,confirmed,
548,0x7c213Cf0bdd1539F9d15931f563ff0210435BF77,node08,0b9d232fe592f7630272a8330e13c0e1a6307e79657d0c458613eae3240d61e6,24,1791403976.7283952,1791403991.5146875,14.786292314529419,668,153606,confirmed,
549,0x91B8A298F469410b3a1DCdE90bf6e172721B8BFc,node09,373a6405964392f1df4b6c31f2c87af92cfea91d938a10904d3628f0b0bb2fef,24,1791403976.7302756,1791403991.795346,15.065070390701294,669,153650,confirmed,
550,0xcbECF5d1f1C663eb07128554cbAC12724929CffD,node10,2378a3deba477368bf388c8061287319317d28c050ab07c16307765e7ad426b6,24,1791403976.7315502,1791403995.038837,18.307286739349365,670,153626,confirmed,
551,0x738BC9033f734514243978e1721dbb5c11F1eA23,node11,70be1428dcc6a24b78b1ad7164504d861755fb4f150736278b248f880828cf19,24,1791403976.7355452,1791403995.4772732,18.74172806739807,671,153650,confirmed,
552,0x01D8C1AaF0f5d12776b51F84799fC30367E0452D,node12,3863c9a41a097a98b436e8378e01620550bcd95ca9d2a6570808457d9eb55da5,24,1791403976.7378173,1791403999.0562994,22.318482160568237,672,153606,confirmed,
553,0xf8887F571eC88AF6932819DD87f34D0036d82434,node13,57670f1bab5e7c54d73f2b9dc87ee9e4916cce389d5036e004d25fdb8db57617,24,1791403976.7398894,1791403998.7204766,21.980587244033813,673,153630,confirmed,
554,0x3B68Fe87F5A795eccf90920B40BF5344889f1F15,node14,1e0b0a82bef59b68e902718ce0a5df8e57e4bf00d4e12c7588284922c681ffc8,24,1791403976.7419584,1791404000.663754,23.92179560661316,674,153638,confirmed,
555,0xe969c1c35fAaE8c928C3a29aEb121497437D232A,node00,472f71c27a330764a07b2fad4b02339429214aa21af94ea7aa0698b0de69a828,24,1791403976.7458432,1791404002.9813156,26.235472440719604,675,153650,confirmed,
556,0x086c18b00112C47481fD88Bff0Dbd4f07EffE904,node01,9563bfdc94ed268bd49d124a4204554b2638bb69627adcc9c9c559db2d7aa24d,24,1791403976.7503147,1791404004.3849819,27.63466715812683,676,153626,confirmed,
557,0x4be2f7eB143B9C4daA9a23ef22d88F8aDFfc3c4c,node02,38a1b6e3822bbc44f98152d41b1293e9f0eb7a1ff4914629cf8a12da83977492,24,1791403976.7525873,1791404005.6326177,28.880030393600464,677,153630,confirmed,
558,0x37dEbE7f43D1DDB2905324660830aa625463A067,node03,51df01128b87aa95c1e7751282d437a9b826feed4b61aa9780ee4be37f720d9d,24,1791403976.7544837,1791403981.3345122,4.580028533935547,663,153650,confirmed,
559,0x7A32d76308BA7152026E4CBd10Cdd370f43b65B3,node04,18cf82b0c1cc7661064ff274ecb1ac4168706ce85a42371f1e8226827ec449ed,24,1791403976.7572167,1791403981.4763873,4.719170570373535,664,153630,confirmed,
560,0x374E7D93aEEF8491933D7e11B38F78F256a0Dd74,node05,fb3c5e9567a3e038e9363c9b0171799f352625bf2bc27b0257944c0a42b8143d,24,1791403976.759228,1791403987.5311975,10.771969556808472,665,153650,confirmed,
561,0xf1E41Bc8dD06c82A100e22800C21A9d6e05dC244,node06,1cae6e2c16df4369eac4115eaf2588fba433b7518406601ba5617d63a38f6429,24,1791403976.7601829,1791403987.465153,10.704970121383667,666,153650,confirmed,
562,0xEAE78CDad04E4D6804F46Ce774EAE62C74141e77,node07,54b99b601df7afc3890c3475aaaf4f0703e1a4339764322dd1abcc8943b839f9,24,1791403976.7625961,1791403987.5178115,10.755215406417847,667,153650,confirmed,
563,0x62B81a96107023b978CB7BBcfc54DB69154aCD78,node08,99beb12e05b74f91c4cabe393335b1ef4afd2c776323a1dcbc895b72826a921d,24,1791403976.763457,1791403991.6256466,14.862189531326294,668,153626,confirmed,
564,0x193D671227830Ec4E3D83361d6927E136aCa7755,node09,a442030264ad1dd666fe48e44c2e79d53fd7fc30e8fc00ff1cfc8081c5e6dfba,24,1791403976.7651386,1791403991.470848,14.705709457397461,669,153650,confirmed,
565,0x559391888B26beCac680436b3a69bc1Bc9C94b4F,node10,938aa2e763b5775849ab59fb51f1f9ffe1ffe57bb3674c6235b664cf4421850b,24,1791403976.7671342,1791403995.2188144,18.451680183410645,670,153650,confirmed,
566,0x4c0b16388d7ff952D81913a154843Ca42c88e3a7,node11,cc1fecb1daba29b301bc0b88e2c6ad64fcdfda54ca6f45f78bc284e4fa1b3c4e,24,1791403976.769586,1791403995.3192637,18.54967761039734,671,153638,confirmed,
567,0x685f61d924a14593971BBa1EE03Ad8E020B6CfBF,node12,9e9e9550d32480252ed66fb3dbde0f7eeb69a5702c0fa542386726e5a5899168,24,1791403976.7716217,1791403998.7958088,22.024187088012695,672,153650,confirmed,
568,0x6D3d2B6500ee8a54Fc06D6E887463273A1151b04,node13,c6a913312d6b92e5ef111403bbc9794964d1cbfd221a78e1ed31a5975eba3a35,24,1791403976.773101,1791403998.6994092,21.926308155059814,673,153650,confirmed,
569,0x2de03956C7B6e7DD29f2a327608Db40EAE1762A9,node14,fe4fe917edeabc4c1d55a87e8102975be7617aa5dabbd056a48fb36835f44cf9,24,1791403976.7748158,1791404000.6795712,23.904755353927612,674,153630,confirmed,
570,0x4f09e884435C990a205aE332984AEbB022A08Fd8,node00,c90908f3b1a9f85a181956a2b79f40e7ab9b47314b4b12191d1f913b15ad799c,24,1791403976.7799966,1791404003.0263832,26.246386528015137,675,153638,confirmed,
571,0x192fe755b8411fc7321b9B9769E93c9EB61783d7,node01,1e31ac7264c559596e67bcfb37b17fe797a6883e9ae3e977d22a687f2dc29c59,24,1791403976.7827837,1791404004.801549,28.018765211105347,676,153630,confirmed,
572,0xdCb017b1e262e1b44B67bC2c1ec4Ef9390cf0097,node02,dd2d7371239eeca28a397728258d57eddcce3ac83eaedfb540be04d10b5c5816,24,1791403976.7847877,1791404005.8270378,29.042250156402588,677,153630,confirmed,
573,0x61Dc2De609c02539dE1B297eA9CF3Ffb3Cdd983f,node03,cea46f0ddab4296e5784f05cfe960166bbd2327f8075d2bdc5b151160426529e,24,1791403976.7875502,1791403981.4176998,4.630149602890015,663,153650,confirmed,
574,0x0bB6EE12cf22b75C62a4c0cAd72D025E17Ac2284,node04,24fd2af28709dfaeb45150f585ca7b972b9d28126dbc3298bb4d3d3f01861047,24,1791403976.789838,1791403981.4954083,4.705570220947266,664,153630,confirmed,
575,0xEC1fe5f7E2c622c4Edb9426703d74ab1520ce259,node05,e7d159634e9f0b26a083a315e4086e333adb918415f95a8b027ded7e3775e8a2,24,1791403976.7917218,1791403987.6809273,10.88920545578003,665,153618,confirmed,
576,0x80Adf600c05Aef169710a6D1e5C15F3F7b498e83,node06,9a0f7e66243ec7c24c693f66920df3ab8cee6f3a37c8e6604bf1fe11068f2482,24,1791403976.796857,1791403987.441542,10.644684791564941,666,153630,confirmed,
577,0x881B7A0699598Fe337b0236043fEC22d13989c3a,node07,2e40b49858ab32ff757ceb6c43ba84c859aa92f3455461c8fe4305edf2af156d,24,1791403976.7981462,1791403987.4984186,10.70027232170105,667,153650,confirmed,
578,0x18E661dA02eb8b234982990468121610B141Bd7d,node08,376d34f63eca95d9431f916f842bec2f3ba15540232b9879efce882988e9ef91,24,1791403976.7999167,1791403991.5252807,14.725363969802856,668,153630,confirmed,
579,0x446A2d472A015a3e1B56E0E3836210BaB98F4A75,node09,f0ca43fe60abe179cfbd5b0e887c63d1adc9eb419e80628ed8a1979b9bd71248,24,1791403976.8020542,1791403991.7077603,14.90570616722107,669,153630,confirmed,
580,0xd0F667794aB72701DBab7133db27E843d71DA333,node10,a4149381663edd9628818341a97b963b4a6e4d2219cf4239a4960dc826e838dd,24,1791403976.8036833,1791403991.9626162,15.15893292427063,670,153650,confirmed,
581,0xC839Cf655575AFcbaE77E671cf4298c7b4F48481,node11,fbe1d433ed49f505294ca8a258182bbf0e865cc6fe2e91e88ccc6ea9b6e581c4,24,1791403976.8088105,1791403995.3042302,18.49541974067688,671,153638,confirmed,
582,0x6fBF243a048fFe8303B8561525194E355d8a72f5,node12,efd9127b092df6076e9f3db62422ab8699f60faf320d15adb9f606a417f38256,24,1791403976.8113673,1791403998.417636,21.606268644332886,672,153618,confirmed,
583,0x6d05290f6F59B8DCac9a0F8f58983F52Ab0dC1ff,node13,a358152761bbe5e7173d2859878af69e0ea9b63d39b1ca576cb1556d8a341383,24,1791403976.8133988,1791403998.6067939,21.793395042419434,673,153606,confirmed,
584,0xfb5dA85F93b9E308BFD5bf8Ecebc73536f6ad60E,node14,9af7dde0ef348a0a207a148c741b33133534b48871374ae5ea0aac7186a7b1f8,24,1791403976.8196564,1791404000.7473614,23.92770504951477,674,153630,confirmed,
585,0x72Ac34Afa2c02aBfdfBA98e4ABFcdfcA16998E13,node00,1300c8ac18828702c1d2c732d7e95519f4c61f8924aabaf7da51a57ccf116c4b,24,1791403976.8214388,1791404003.060742,26.23930311203003,675,153650,confirmed,
586,0xF65bC1Ce93a47407f81b78F4DBc16a40E5731f60,node01,628d29b9dff71a28ddd8c38844fe095530fdbbf2e03b8baa9ab3a15f4319d5ca,24,1791403976.8234735,1791404004.287214,27.463740587234497,676,153638,confirmed,
587,0xA4fA30f672AceDC47F75C50Ebe21653E021Ab92C,node02,a70ea6d2de5dc9ad227414dcc65eb227e0b6a8002569e85b892b4ffff56e9b6a,24,1791403976.8246474,1791404005.7328079,28.90816044807434,677,153650,confirmed,
588,0x256DED4E47A37DcBf8a1aA45FfD629E55d86804b,node03,389b1197ef7126341c4437e81d35612b536549f85246cf6d86458064e0d6f41d,24,1791403976.8323286,1791403981.7345679,4.9022393226623535,663,153618,confirmed,
589,0xfCDFdCACF1E06B4942C64c7D612fe994a25C251D,node04,e7ea570fb1654245389d4ed1e786b9551487f4ffd4f3620761d4c8e5659de12f,24,1791403976.834342,1791403981.7878847,4.953542709350586,664,153606,confirmed,
590,0xB8d93beb5F7fc51b299FED4810b2a350076CD717,node05,07e5c5153790bb986fffaf70077343267ac1a9c8570b08365d4faef3fba7a7f6,24,1791403976.8377316,1791403981.4617095,4.623977899551392,665,153630,confirmed,
591,0x89dC1B9908c2050D0f4067Ea60655e57b8ba9b9b,node06,550e04c1f4177b98e1e409944c149badb7bf7d0125268d2d498879d5c3358abe,24,1791403976.8416057,1791403987.4183114,10.576705694198608,666,153650,confirmed,
592,0x894756Ea238e7fd4150289c0e13EbaB5837564e4,node07,b2f9085d31f5433a0c03cb712d3881fdb544d013168069b31fc69073acff39ea,24,1791403976.8432946,1791403987.4163563,10.57306170463562,667,153630,confirmed,
593,0xC5D24D191BB475c003ac65A97D6A10995c257418,node08,4d23412d3d87fa68bf6bcfe047fdfb5972af3a5f89d3d8d6a6eba2da1755c2dd,24,1791403976.844824,1791403991.521958,14.677134037017822,668,153630,confirmed,
594,0x1C8e0B452354Dc5D523c00486535d078eBEA8b9D,node09,f58fd6041af18d67f16cda37721fc6fad4945afa851304ea4ade51eca8eee78f,24,1791403976.8465357,1791403991.5785482,14.732012510299683,669,153650,confirmed,
595,0x4011a735251ef95e0218D195f9112E6bADf1A32d,node10,b1b3a0e83efa35a8cd41e517ef2a2a73d4e4db16fd78ad3a4b5d6faa62b351a5,24,1791403976.8494596,1791403995.2281053,18.378645658493042,670,153630,confirmed,
596,0xF69008e81cfa8FaB87e3A05292CdA0670Ca95f37,node11,14fafbcbfe04f64a7e0198fab0542f6450395eaccc854d7f8f71d80bdb7e535b,24,1791403976.8510857,1791403995.378477,18.52739143371582,671,153650,confirmed,
597,0xF9e771e62F89d74c1e973640D89E800B4779c947,node12,1ed66f5d178d6669b8d434598af3d764d4b8428de3f3c54d9ebd0e5c52f9b89f,24,1791403976.8528812,1791403998.9621916,22.109310388565063,672,153626,confirmed,
598,0x614063FC8AfBc4E8E0e5b05b28dC169C5306c069,node13,9e5ce59b252c3f06a1f08ccd3586ebc17fa934f26576924ba9ef62be58f78f96,24,1791403976.8547666,1791403998.499769,21.645002365112305,673,153606,confirmed,
599,0x4C0133bbEEc1a53B9309FC5A9F14a4F73365fa6b,node14,be98b3a9420f3397cdedded9509f38c3c64b9a24a4c2c7af9037831cf89f4606,24,1791403976.856293,1791404001.3866234,24.530330419540405,674,153650,confirmed,
600,0x799EABB29B9D598F85311c472AD869dCe6F4D413,node00,2b11cb8f40188e0e8208e912f78057b6f1dd7d1d87d0f1f1edbf2563a0116ac6,24,1791403976.8585045,1791404003.20261,26.34410548210144,675,153630,confirmed,
601,0xE8B84189B2238140199439bFa9b31617E136470a,node01,72c9a64098218c9bc682f87f54a831922b204e44c88db69c0b020ec42ee7ff76,24,1791403976.8605447,1791404004.3734076,27.51286292076111,676,153618,confirmed,
602,0x8c7038b1557224404f13F2A9405291eE2E94FEa7,node02,5339892382a8889c2a040ee63030894bc0735bf32eb16e7cdf5d3ff94a22c7e5,24,1791403976.86274,1791404005.6191099,28.756369829177856,677,153650,confirmed,
603,0x3D5b707a939C92A53894Cce4e872875A3Ef383F7,node03,88fc00e09aa9c337f4b060a2dcd5a3b3e77092c5dc06cb33f248b995fa8319ae,24,1791403976.8648527,1791403982.6850743,5.820221662521362,663,153638,confirmed,
604,0x545dAa93a9BdC49301b2DEc4DA108911D6a47Ca3,node04,da65ff408a8aeca5855963fb09c19d7942f45b77e59a2b6bc7813407f6186605,24,1791403976.8676414,1791403981.8777258,5.010084390640259,664,153618,confirmed,
605,0xDa7491185FD876706e9C12a02ad4D64D78B2EeFb,node05,377011de82303cad0cadb5cfac78cd1076ce296a8b5f7794188d72323002ff35,24,1791403976.8697233,1791403981.7111216,4.841398239135742,665,153650,confirmed,
606,0xdAC0B83F6Be7AAfC110a740D0180E088158Cb81C,node06,fb204f1871a100c23d0f00569c0f3d6f6fbed3bbca514a4b360e05281a456d92,24,1791403976.871481,1791403987.5816638,10.710182905197144,666,153630,confirmed,
607,0xE72F2409a77052eD37B2A7fF1E3b795Ce3C33386,node07,746fc0e6259763bb4c1a7eb4445e025f7264b08469fdfb036720ea891e74cdc9,24,1791403976.8732836,1791403987.475858,10.602574348449707,667,153638,confirmed,
608,0xF27b4ed06AA8481157e4D12c982f1603A33be9DA,node08,5f0692a5dc54cdaeec85684c1b0d1e1113aa7b2631b96f8c27ea96ab605fe959,24,1791403976.8741472,1791403991.5008943,14.626747131347656,668,153618,confirmed,
609,0x6E3305f726D2Cd6164ddb67bdd7dd340BdA706Cf,node09,2885fba0a20aa185e830cb0ff5e4a59998330cfb6c0d68728ee6266838627c14,24,1791403976.8757765,1791403991.6985269,14.822750329971313,669,153630,confirmed,
610,0x962F03ba861dE385F5bF21cF3d059d2Ea2786c26,node10,f3fb4d94965632671f44c4e10cb7542e815ea3c6acf1368d99dad97912a05bfa,24,1791403976.8777754,1791403991.6358945,14.758119106292725,670,153630,confirmed,
611,0x89855ccf06C9947C382C313c5449D2BA06F527B0,node11,15d567f49333bc6f9e84fd26a55bb2a70715512ebbb70ab325301a153b0da3eb,24,1791403976.8795457,1791403995.184132,18.30458641052246,671,153630,confirmed,
612,0x81aABbfe9Bc0ad3869972A17E9B4Ad7eA7817e30,node12,ab8e1613b4ed4852cca291f7540ffa7406beed7584cc33412ce1bff4e33c2094,24,1791403976.8813992,1791403999.1998782,22.31847906112671,672,153626,confirmed,
613,0x5F5B577A6A383AD02aB2A6D12d081671B3822e2C,node13,19b5ff20c141a0c63277c06aa8f5db0d979fed6db38acf876892487bee161078,24,1791403976.8835142,1791403998.7590566,21.875542402267456,673,153606,confirmed,
614,0x63a86d8a973Db08624cbA3aF4f186cCf3DB55099,node14,412cec9efe96f9995efeddf9d6a38eaa93b32f0a5e65f960a8cd0849594eb6dd,24,1791403976.8860793,1791404000.7810996,23.895020246505737,674,153618,confirmed,
615,0x8076Ff80d0cAeCC119Ae246AF5161727111C0D8a,node00,e9a608427ca4785b5b7b3b84ab56bd58a13e3f525fedc6c89c3c6dda3ba9e428,24,1791403976.8884664,1791404002.7593696,25.870903253555298,675,153630,confirmed,
616,0xD4706Db27255E56e120755D2f4793Ee23C9c31F3,node01,b2d0be7e157e597b3d8ccba2f22c7290aa8d35c168812ddd9178cc3e80e0d1ef,24,1791403976.894038,1791404005.1031618,28.209123849868774,676,153630,confirmed,
617,0x6D348b6803932E5a820d8D4964dCF10889d2F35d,node02,7769f783bd88977aaf4a83f53ae7dce69940f23df3c6f014f2cdac446a3f96e4,24,1791403976.8959522,1791404005.6424394,28.746487140655518,677,153594,confirmed,
618,0x1fC5F86032FC124cF36C56BEE1AE15E8a90ed472,node03,7b619e36e91e946fef6f4b5da5051aa1b7d5fba3ee7bd13ab9aaa3e00828aa19,24,1791403976.8975422,1791403981.726131,4.8285887241363525,663,153614,confirmed,
619,0x38C1E937308fD804785AC852D6C4ee12d5207c7B,node04,48a2dd2faa166beb7669aa0626ec12fcef80715980e4e79f41a7e2f04d9e8a8e,24,1791403976.8999102,1791403982.091465,5.19155478477478,664,153650,confirmed,
620,0x242Fa7C7De6264436277Ca74e3C33c52283E2af2,node05,d164226935a2fe3ef6d6597e8abda7eb69312539b5daa83e925159407286d590,24,1791403976.9013534,1791403981.6185727,4.717219352722168,665,153630,confirmed,
621,0x8935B9e0bfa8D2aB41748C03a68B19Ef1065e5C5,node06,3e52536b1593437b468486259f25cf0d86f70ffc53926fcad724c2abed02fc4e,24,1791403976.9031675,1791403987.708,10.804832458496094,666,153650,confirmed,
622,0x0173B6C15c41a0291c63Ba58F5D7515C2dbcEB67,node07,03c27f69a38b56108d861df0267dd36fa085bb42bf0b52d13372e2a779d9ac6b,24,1791403976.904852,1791403987.5130894,10.608237504959106,667,153630,confirmed,
623,0x6A8192E1c597B8DE251b505A7fEE951564C9A6eC,node08,09710df3b7cb58868b4d01ef22edf46a93bea1ca74bf4e6a5a1a51924961a6e6,24,1791403976.9100592,1791403991.55195,14.64189076423645,668,153638,confirmed,
624,0x9080ADD3476eA6c6fa3F28a7a7c3c2A11Ddd8414,node09,89480d6270fac5485fba14db1d24136791526ef85bbcce74a0150dfcfbeee8c8,24,1791403976.9130762,1791403991.9240499,15.010973691940308,669,153630,confirmed,
625,0x9b42d62BC0bC1D575596604e132A1622ea649008,node10,890d5ccbe733ce8b81ed31c1ab16ebfb40e7876a6111792f91a83878aecc78ec,24,1791403976.9151788,1791403991.6830642,14.767885446548462,670,153638,confirmed,
626,0xE9d54e978374751B695759D69021ec1f0ee097dd,node11,877e690fd32a52482aa0f2cc13c4b2ec78053290b995758cf7846faf440594fd,24,1791403976.917511,1791403995.2197638,18.302252769470215,671,153626,confirmed,
627,0x61A786DD90A6bC5D8e45B8B801FeD0F1c899D3ac,node12,07c19eeb671d86a00cfb91779f0c1ed817c5dd8d7768d583d28dcb396a800546,24,1791403976.9192655,1791403998.774068,21.85480260848999,672,153618,confirmed,
628,0x82929d440D1A8620ebBDC5D1233DdADd1B7AC261,node13,813229a81fe8273de3883f8c84363c0432ac8c96064102768483dd929196c372,24,1791403976.9203362,1791403998.3279865,21.407650232315063,673,153626,confirmed,
629,0xe137AA15158E37716952c38Bd4Bb713378f122eC,node14,a0e0c6db8fc5e55994422d48ecd3c008c6a7f578359df2a606539f676c6b9584,24,1791403976.9225209,1791404000.8959088,23.973387956619263,674,153650,confirmed,
630,0x50305195489b8AE815D3fe3590690f19d6902b56,node00,049fb4acc434c98687b531ec530aaccdf5f4bb51b2ab43fd41807d95b7ee77b9,24,1791403976.9253676,1791404002.8060863,25.88071870803833,675,153650,confirmed,
631,0xDF82C38a9E077B1599FCCf488FBFf26a925BdaA2,node01,970e5f79ab6a1f727558843f6cfd80ca27aa9cfad3d334b3b757d901e5005bbc,24,1791403976.9284768,1791404004.853534,27.92505717277527,676,153618,confirmed,
632,0x02D806a75ebeCa6d56440ce8891d035ABE4b3309,node02,55983471b2dfe905826c7433339348ec599faf4b9b941f1e78113b538e1d5134,24,1791403976.930353,1791404005.6769853,28.74663233757019,677,153630,confirmed,
633,0x29b9DE0863e6e61AEfF752602d0faaAb169a1274,node03,61dace0ebc0ad39e51bd08df0dbc86805a46a20a88985582d400d3d2837c7e38,24,1791403976.9318945,1791404007.6290612,30.697166681289673,678,153626,confirmed,
634,0x4460Ff084236B351313c9244b7d0d42482B77a85,node04,a37e0ca88ae2eb843f1a1edce71a1983827352f87eac3e1a533b0c7e340e5de2,24,1791403976.9339015,1791403981.7144058,4.78050422668457,664,153650,confirmed,
635,0x307413f841C4EEc9434D5160f2596365630B7534,node05,9ebd093b47a7faa7b70f030a4296e29c6a6c63759e246298e8806902f339bf8a,24,1791403976.9358182,1791403982.8181021,5.882283926010132,665,153630,confirmed,
636,0xb69bafeaF1A1bA021aD19489E94aE06494674851,node06,bbf15dbcdf1e922f96b63bd906c5b6f4f2077059187d97c641ac11707a57b498,24,1791403976.9376998,1791403987.5956194,10.657919645309448,666,153630,confirmed,
637,0x84204d0C0aD807E3d9adc778cB821DaCbFe020e2,node07,31c5f79450bad9a1a51b6d91aefcb2d85542c52a846204d06271fdc7ffde431b,24,1791403976.9432356,1791403987.5760307,10.632795095443726,667,153650,confirmed,
638,0xaa7e44f601aFb997064fa814164601D875BC44e8,node08,27e1e10858fb21b0188e8d0a5943c96c0796b6e81beb997757466ca391ebaa52,24,1791403976.9458618,1791403987.8087904,10.862928628921509,668,153618,confirmed,
639,0xE4F144a805CFA9623a6841908F87D0D8c8d3e9c3,node09,26bbf6516a2f97f1732e56ee8b778744bd6684774a84f392aaf14fb5b809073f,24,1791403976.947113,1791403991.7563589,14.809245824813843,669,153618,confirmed,
640,0xE953F355f865E23C2a5b24d502c40BcD5aA0843C,node10,ec8d2481f3a7fbc93411ac6da0447554ae940d5a4c3533db01d8bd191b74c894,24,1791403976.9495506,1791403991.7109337,14.761383056640625,670,153630,confirmed,
641,0xcB7b5d5e778FD22F97DE91440eb48AC1060f08E7,node11,18c15a80d1349441086f1110ed975d559c8a4ea18b927ec3fbde0764c0fd5510,24,1791403976.9533145,1791403995.3411694,18.38785481452942,671,153650,confirmed,
642,0xDdc837C0D7F57cbe3d1b0BBd9A61892c10042406,node12,d5f863de7f73a1a4b9ff669c19359569ce2aa6eaf5c63277b97edceaa082db9e,24,1791403976.9552553,1791403999.0350823,22.079827070236206,672,153630,confirmed,
643,0xb529D2E3bE2fA929fCc6624965e0884033E4577b,node13,f2bde172cf0f75d44ce2a3f35394945edcf1c11144eb50089ece1dae6a6e051d,24,1791403976.9567728,1791403998.6903663,21.733593463897705,673,153606,confirmed,
644,0x5F678aE4d8D28D5905C7a13d3274E868C0875cFe,node14,f8e371d18492773c07b846900aaed436dc660381adc2dafdc0b981571e604074,24,1791403976.9585578,1791404000.8259585,23.867400646209717,674,153630,confirmed,
645,0xC5aCDAcaB5FbDD555b36629dD00cd44530A63053,node00,c171dcb19db7f5e4b2a4ea035ea464cdd195cad2ddf4c6b8060de33aec04a8bc,24,1791403976.960519,1791404002.8244655,25.863946437835693,675,153638,confirmed,
646,0x009a383935ADb67De73aFe56Ad3A8c765136D319,node01,f3fe693e8f521d4598344076263f3724db05b98ad548a64ff8417e00a9ab4360,24,1791403976.962455,1791404005.0768256,28.114370584487915,676,153630,confirmed,
647,0xE5199492fc7C5793EA99B98fFF2dA8f163121c93,node02,4e1f46d3445c85459207e0ab09287d6035c9fde94dc150396d42cda6f62f6b26,24,1791403976.9640977,1791404005.666623,28.70252537727356,677,153650,confirmed,
648,0x10313a35860F0180B94D5e635D54869A700C5a53,node03,5e71728a819a2fa3d4ac130e17f320fde6fc0ffbb18749dbfe44b129ccf06d8f,24,1791403976.9664106,1791404007.39018,30.42376947402954,678,153638,confirmed,
649,0xb669ad09bCA01F251262AFf2Bf4c99d651AAE946,node04,e94747fe22cbbc668f1031c6c7408c94e5ccfcdd9641035a2e3e8650d6781ff6,24,1791403976.9685202,1791403982.1937923,5.225272178649902,664,153630,confirmed,
650,0xED6efBc6b6f34583C4E836D4738E6A5f9d2Ae9d9,node05,2d528105826c0acf590a3b8c56e6979e46044c2e0a24325337a46d15654dba28,24,1791403976.9718919,1791403981.892164,4.9202721118927,665,153650,confirmed,
651,0x754ABd35Ba81c3793062aC575B20B824ebE4Ea2E,node06,236092958db5a5bcf2ac8ea26936694902b254ee15ac152493edf8c249ae0417,24,1791403976.9741101,1791403987.5856133,10.61150312423706,666,153630,confirmed,
652,0xCC4209e8d806dd3464E38B4BE0cEcf39268e2314,node07,c9468615c08a5c70ba5f6cb281ac49e7c032d005e5687a72365be85cfc490f5c,24,1791403976.9758768,1791403987.7267823,10.750905513763428,667,153650,confirmed,
653,0x2b0B3412184937BA24721000bb3C08bebC24dFFA,node08,91dd484e64a6356d8994ce30f8a8b4b8f78569fba23811ceb6986b58212d4a0d,24,1791403976.9780269,1791403987.6669176,10.6888906955719,668,153630,confirmed,
654,0x32685cCd0dFc1F6308DaFfF8a7767368b3f4481D,node09,e5cd76a13830b72e89e77116d1cbf6f5c94f3ce73e160447d7bd959ff2804a0a,24,1791403976.9797163,1791403991.7767372,14.79702091217041,669,153618,confirmed,
655,0x8A696BE99C6ada93b5c088B08122f8FA82b8B5E6,node10,e81da3f20db3a6246b5a2a3652100221184fd30aa15876c2c7c08c8f3f26fe0c,24,1791403976.981154,1791403991.7043126,14.723158597946167,670,153650,confirmed,
656,0xEF88e94F833d0fbA181430e4d4c5e0bBFbf53C5c,node11,6749839a0f4d050271311b0c54b6969be729dae9568fd48a6f50c9fb8f87e798,24,1791403976.9828153,1791403995.3339655,18.351150274276733,671,153626,confirmed,
657,0xb71802eaA288BFc912223dbeE772c9ED402D60E1,node12,494d5b0649f5316b886162aa5f54ecdf4a7a545e5f8d302d6883dc3a9335a7b3,24,1791403976.9852602,1791403998.730735,21.745474815368652,672,153638,confirmed,
658,0x503952eA7f75e2ba635E65E4934604aAD52F1a7F,node13,1b33f81a7e6e20bd8b469370c86e6932555314e5e75ef85d0e36f7152088e3f8,24,1791403976.989653,1791403999.3786292,22.388976097106934,673,153630,confirmed,
659,0xfb03FA7EF08d6Fd68c6255336d18DaAFaAC2135f,node14,06cf2d1d0f2fea848a9777dfc055d837f89b6043eae26c6285d6d4f6f2d32dfe,24,1791403976.992153,1791404000.8130267,23.820873737335205,674,153630,confirmed,
660,0x8f580B3d7F0C545Bd79Ec7Abd6A5Cb3A4C837687,node00,d916afe010232f7701a8393208b87b7956ee5b81fa0c8230531020f468b030ba,24,1791403976.9941602,1791404003.1419609,26.14780068397522,675,153650,confirmed,
661,0x87066CCB971f75f1E1ec74B7Aa787673734A2f74,node01,7ac05b68cee73a32f9873fcd5ad7aca3fce945d4f71e824c957a502156d754e0,24,1791403976.9958265,1791404004.776787,27.78096055984497,676,153650,confirmed,
662,0x4fD1276463f417eC590B99Fa7b6DdCb94Ce443Dc,node02,ec498653d0d1f2029176882743aa016f0d5084855a79383529a75f0c20209f42,24,1791403976.9975312,1791404005.6564815,28.658950328826904,677,153630,confirmed,
663,0x49d4Fb10DbD4A2d536350f686bf5e0F889E4d88F,node03,652f2b55ad06e76999988afe1eb365f8338ba3846d8da16b37f82975698980c5,24,1791403976.9993093,1791404007.6993947,30.700085401535034,678,153650,confirmed,
664,0x373125a1b885D0d567d8cD82C3487498aC0c2878,node04,70225b8c0082a5c12850876294699dff1d0f4972f92aa49ccf59bb599512849b,24,1791403977.0048552,1791403982.1963456,5.191490411758423,664,153650,confirmed,
665,0xe4913d0823695FDc2B65f7428c1d020234d6C322,node05,effa45843ecd2d6e39a99cc3a5ab585398ad5b28a16fce7112cf0a63dd7d37b9,24,1791403977.0060587,1791403982.3993232,5.393264532089233,665,153618,confirmed,
666,0x93BB17C1309D3350F2DBDd6CE33EeF7eBe20295E,node06,680199bedd4b198929d49b40eca152d86847bf44322d35b15ac3c591550abc9e,24,1791403977.0082767,1791403987.6710455,10.662768840789795,666,153618,confirmed,
667,0xBC1e75F1BfD74bCB0199294a9F5BF18C613D47ee,node07,fbdd884460c40f1676ad610786bd9829afc077dce1a10c1fb7ecacc3328f5b70,24,1791403977.010271,1791403987.9783888,10.968117713928223,667,153618,confirmed,
668,0x265FF6F872796142cf6F957578978926dE3Cf3DD,node08,1e8ade2fd4d454c495f7b338b5e1b7fe5e1bd5f3cc16d72c919ccf6a1eb855e4,24,1791403977.0158617,1791403987.8689113,10.853049516677856,668,153650,confirmed,
669,0x921aC6e95f887A74Ea57c7d72EbD347A27EFDF1C,node09,9504052df6fe8e2e82a525a3f21b9a203f6c94c858d72ac0a3872fe7c08d5d1a,24,1791403977.0189724,1791403991.911638,14.89266562461853,669,153638,confirmed,
670,0x4ba54600235473D483CEBb08D79EC566d092563A,node10,91c702dd935c8815e5a5d79a9022d2de77f5b024bedbbc8c8172c23332e4735a,24,1791403977.0209107,1791403992.0925033,15.071592569351196,670,153650,confirmed,
671,0xfc7139e3D6a9f399ae28Ddf1fC5Dc9CBCEe7C4FE,node11,0b8df7b1730cc5f9da45cf9cdf6fb236210544c3030a8523ebf1f073fbe40d1b,24,1791403977.0227568,1791403995.358105,18.33534812927246,671,153618,confirmed,
672,0x0ab7F1Ed344E25176f671E9A80C1174e2583A5EE,node12,2d574e8929fbfc884b82d4f76eb2178517c1b7150948fb53efd3d26297f3ffe4,24,1791403977.0245926,1791403999.0482514,22.023658752441406,672,153630,confirmed,
673,0xA83967020e0a01F8EB5Cb3Fc1ca6770d7B9EC661,node13,b483e3f2bbb51e111803dbf94501909d3f4c82ea695b00c00c82b4fa8fd42345,24,1791403977.0262275,1791403999.004633,21.978405475616455,673,153650,confirmed,
674,0x97DC5bE55a75dc86Ddc7f480867d92BefA422CeA,node14,f24316ee94777122d8f64502d6184ef27e49f201f347c71b67c33fab7bbc9981,24,1791403977.029051,1791404001.118725,24.08967399597168,674,153630,confirmed,
675,0xc7FE289E2EA5cBbD98149301F0c842B842713326,node00,952c126fe401e64c887704816ae5b627f5d3a9305d38a01c37ff8d024b4aef8c,24,1791403977.0312502,1791404002.8649926,25.833742380142212,675,153630,confirmed,
676,0x30BC6c86e1E01988EA6BF2EF617A230546986DeD,node01,9aca9de76c9be18447e07e131df483b24fa8a1ee4f41bce828f502e9275d7d74,24,1791403977.0331228,1791404004.8107865,27.777663707733154,676,153630,confirmed,
677,0x8f2B62579b2a45De5dB71fd4fa9AbcA38333edd7,node02,8bcedd3f2fe8822e40b78e29ac5a7455bed6fd5e791d98e46a7fca54c3e34d48,24,1791403977.0346973,1791404005.6990645,28.664367198944092,677,153650,confirmed,
678,0xC91d62533e8ACd05369bf46992C039F92791F02d,node03,3c99cddba24be9b4902c900943ec44f86ca2e9f733e9db1e93b61c19f49dec0a,24,1791403977.038899,1791404007.6549103,30.616011381149292,678,153606,confirmed,
679,0x46A97cA71EA1Eb52779a58f361de1E499E9A514f,node04,7c5f1076ea4600063c79bf61fdf36fc549e1280d73de620119aef38ebbc08f4e,24,1791403977.0407827,1791403982.7193959,5.678613185882568,664,153618,confirmed,
680,0x9837E2eA2FA8E769dab7A8a0658e4F29E625Ad75,node05,cacca37338cbc39098b3de4d01a63be630fe40f02e8c8542deca799f4626f141,24,1791403977.0415351,1791403981.9953198,4.953784704208374,665,153638,confirmed,
681,0xa6c740C91fe3c05f85AEE2fDAdD55C376bfa5D3e,node06,2fb4aa2864804282138c8677a877e2ca91584f56db37b0df9527a0f2e4b474ee,24,1791403977.0434613,1791403987.912887,10.869425773620605,666,153630,confirmed,
682,0x3B9fc9Eb42C1C06Bed39595dDd94888a24035632,node07,6eee6db218267104ba6aa7ae773c18c97677f1fd597c737dc369c74b3dfb2279,24,1791403977.0471478,1791403987.7328925,10.685744762420654,667,153650,confirmed,
683,0xD770457364CFa2823f4199c4f863d76bCEb9bFEf,node08,2917922d49a85c8ca5d5c7788cb02d20d4c64279637aadf61a4670860d6e14eb,24,1791403977.052188,1791403987.8220441,10.769856214523315,668,153630,confirmed,
684,0x0512E1f878f2da951e4fc2e83e9A90F08aA50A9e,node09,d75a3aa321ea166de3dc19021f5db9f2b5ce46392a8f97914f067e0267830042,24,1791403977.0545065,1791403991.8741786,14.819672107696533,669,153630,confirmed,
685,0xC0B9B46e84f728900aee4dD1459ba27a9f081eA8,node10,b2f314e8a7ba70002414030f1ec27d443f9da5dc1b5ae18b00d292fc50b834a4,24,1791403977.056972,1791403991.920479,14.86350703239441,670,153650,confirmed,
686,0xD750d7fec0228930353f416559Cae22697809d75,node11,512ae248cc35718c49fb73e1e58aefc2d735153e14721690dcf92c4d20630e69,24,1791403977.059591,1791403995.7222364,18.66264533996582,671,153650,confirmed,
687,0x96519037aa00A2Ed0eF77B8398EcD964f2B759f0,node12,b9d86da319bfc912c3c28a51f206bde6d6bde762fdbb8381a238ffc59d9aed87,24,1791403977.0611205,1791403998.7910538,21.729933261871338,672,153650,confirmed,
688,0xfAC1e37f0eC5f31eA213F72f0153A967DE0dBecF,node13,a02de509b4509ffcb1478aa4535cc713285a93cdd644030e6655be0e5c7c9797,24,1791403977.0628939,1791403998.8527033,21.789809465408325,673,153650,confirmed,
689,0x6B0F48a902A9eFEdCDcfF1e6AA61762BC3E667cb,node14,74f8a73491c7ff902e860e4af87441561670d7309e97ce8a88a611faa79182c3,24,1791403977.0646973,1791404001.2438686,24.179171323776245,674,153638,confirmed,
690,0xbdB471Aa024904B2b2597c77d6737BC562cf19B8,node00,2b73528301ff2b02ecf76f0aa4f4fcf525ac7b1c1d98545efa64e6c77c5ff826,24,1791403977.0667202,1791404003.1650648,26.098344564437866,675,153630,confirmed,
691,0x68d8c900D4aAaa0894A54E105A1E420FC8AF9B83,node01,f4d4c619eaf71534fcaccd694dc845e74172584efbc5b9bc16c64aa7503714eb,24,1791403977.0684032,1791404004.7162385,27.64783525466919,676,153650,confirmed,
692,0xd058B65a1BA4Eb01B4beaf8E73Bc3b79530Cc407,node02,7c0457dacc9981e279f204d7985ab593ebf5b39cb699aaa017fd77723be428b6,24,1791403977.071827,1791404005.6976404,28.625813484191895,677,153630,confirmed,
693,0x75C6F808Ed845cF196aEAA6ce45BdE55E2005505,node03,4125c257626b09ee3ed864ef4ce84d6ba5700cc977e93b1f22f6567d63eb5a20,24,1791403977.0778577,1791404007.6400175,30.562159776687622,678,153606,confirmed,
694,0x7603BE17B183D6105059e8A01A4735Ce50B6f200,node04,e8e7551b7fc1b53fea88f2f9f2b2052e6a525a9b7f8371b3d7175ae4dbd1d56a,24,1791403977.0797098,1791403983.0025792,5.922869443893433,664,153650,confirmed,
695,0x459e5D5CF2D465e2fbe7B769f649d2a92A074950,node05,9f7ee15c48b3726bdf15ca1af60d1937c33c6876ec9c360eb3b4a267bbb5275b,24,1791403977.0812824,1791403982.543971,5.462688684463501,665,153630,confirmed,
696,0x2B43d8f63B058AB9C5a110eED7f7c90E23D2B1A9,node06,e3eaf7b6163cd06aeec02b350c37bda62973bdb8af4504ea10cf837757163412,24,1791403977.0832162,1791403987.8048575,10.721641302108765,666,153618,confirmed,
697,0x3f2E72D36C01F4A416D3f08993D8A63dEBEf3bD7,node07,fdd09f63c3d9e0be33ec2003b4e3018b43652cd8c8eb5f260f55ac7ed93af2af,24,1791403977.0847852,1791403987.830745,10.745959758758545,667,153618,confirmed,
698,0x742c298CEdd37122c14452A0C3a8108774751c35,node08,7d23ffbe5e6c9dc7f99a5c14e8d72307acb1ead2aee4547887a419c9b09190da,24,1791403977.0871148,1791403988.1011221,11.014007329940796,668,153650,confirmed,
699,0x7BEc50dFBAC83179D527F72a1096f71985872a83,node09,0000ce0c0d6df96e3f0310a9c57a73cba63107dde5910771b3af7588fb68f70d,24,1791403977.0911162,1791403992.237639,15.146522760391235,669,153626,confirmed,
700,0xF5dA5a0A87DC198fF1ab2683b859764FEA463890,node10,82ca22d884f73f642d129196ba26dc98e35d079a13bcaa709359f55ae019d452,24,1791403977.0935552,1791403992.8344533,15.740898132324219,670,153618,confirmed,
701,0xf860a64a8B278281e49f9AbeAb678B2F1320bee5,node11,68696754b16d864a94a716a19c17a230fdf0e22de8f044de53fc216efe8753a3,24,1791403977.096303,1791403995.3642302,18.267927169799805,671,153650,confirmed,
702,0x178E1037a1c23E15c21370085BbB834cF86678d0,node12,b5fdc37b2e122d34286e89384727057d68289aa601c3cdc63a0b40556f5debe8,24,1791403977.1020093,1791403999.30556,22.203550815582275,672,153630,confirmed,
703,0x3338E023692b4fB3522166401f1b90bca393023E,node13,8f3f392001f374ce4837211eb4c364cde866138b164b9d720988be486ae42193,24,1791403977.1031203,1791403998.9679694,21.864849090576172,673,153650,confirmed,
704,0x3dB1430510b74D040cAABF5C300348Ed6a6a6Bb2,node14,82d414ea64c8daf6c6c5d119936f8e14b17aacd24f0d0004b8bb892bcd54dd14,24,1791403977.1058538,1791404000.9938633,23.888009548187256,674,153630,confirmed,
705,0xe8157c41EE62Face4e99f211b1bdEaF0b4efb5f0,node00,1c0c2cca1ab2e3b8ada7f90402ac24ded4fa2e7b95ff793d0584ef301d61f9c8,24,1791403977.1095614,1791404003.196065,26.086503505706787,675,153606,confirmed,
706,0x67f1338B9139C9f1585b17b149CfeAcFA5907d9f,node01,19137e9c4c3b28149013588d75d32ac3ccf09282438b314ac2764001f2fb4e35,24,1791403977.1128569,1791404004.692951,27.5800940990448,676,153630,confirmed,
707,0xb9cb6c3f1D6c23eCF66179eB2a72E9Bd0eAcbBa8,node02,f227c462840b8a97d4cacbf4378ee94869bcc64df855211106b83555c36c2b76,24,1791403977.1157045,1791404005.685106,28.569401502609253,677,153630,confirmed,
708,0x517c1Be0388dd5ddD58F655989FB0514FBF30571,node03,eb33856ec099766fb43a1fd6e7b3522cb2519ecc25e0c0d1c72a29f2d07b3613,24,1791403977.1173706,1791404007.4224725,30.30510187149048,678,153650,confirmed,
709,0xe48f0e1007bB5980E8C14329259BAa8196717468,node04,ac4d973380854e25bf808aec719c50897132eab37336e1530eb1c14484f4ff6a,24,1791403977.120303,1791403982.5935643,5.47326135635376,664,153650,confirmed,
710,0xF3d933F0d22B678B597c0004A2618a592b64210b,node05,2da32926c3a87129dd3d57f62c1bf008b4cb11bcd09136152cc0e0cf2397a906,24,1791403977.125438,1791403982.667137,5.541698932647705,665,153650,confirmed,
711,0xF73f42C9731ad06b8c45fAa1c29491355C34519e,node06,e8dbc9c034e24a94e0b4becc263c9b2fc04de38f21f923be8745b15a99f6ff10,24,1791403977.1281683,1791403987.8154693,10.68730092048645,666,153650,confirmed,
712,0x2c00D1Ea9d039722573bC532C54586eFbEE5F886,node07,daeceb9af4b445b07b13276a2277debd139104aace9f6d7b500fbcb75f7121da,24,1791403977.1297867,1791403988.0793588,10.949572086334229,667,153618,confirmed,
713,0x4241eb7427CC7c09E14aeb6f38bf495002AaC784,node08,5c2e168edf034c2aaadd64b8d314b90f37632f10048964a588a65558ec60e1ce,24,1791403977.135084,1791403987.8562593,10.7211754322052,668,153638,confirmed,
714,0x3f23713758c7455d440eedE8132B3777eCA1f091,node09,58036114bd2ace1556ab20a30b252edd8e54f1f47abc64b5bf3ec470bf267de5,24,1791403977.1385057,1791403992.6473095,15.508803844451904,669,153606,confirmed,
715,0xa2ec966444d89E71812Db81160e9135CDb025bf3,node10,ebf7ba35fa11ab27a1ac1c42c7a57084cbc44cb4adef2d4c6a0e482b2304dc88,24,1791403977.141669,1791403991.785691,14.644021987915039,670,153650,confirmed,
716,0xE7104dba5C58F32957EAf02D2331457B5B469F9d,node11,6cb3bbd95b370930fe05d1e0d5adfbff594720f1cfad0f87575efce08fd2c383,24,1791403977.144537,1791403995.295608,18.151071071624756,671,153650,confirmed,
717,0x43A9e02d5EEB99aEC3D4871409eAD116Ed9EAb51,node12,aeebb7866914827ad9eb8ff0946679a6e7a5f761a2dbb49ed79aa874446bd3bb,24,1791403977.1464224,1791403999.0863914,21.939969062805176,672,153630,confirmed,
718,0x40cD4ef07432c8A93131F968ea6Bb1fCcf00c184,node13,722b85486962bc6832f6c9608ac6617518f6d66aa20a6de238a794a5a162fa7c,24,1791403977.148842,1791403999.3162403,22.16739821434021,673,153650,confirmed,
719,0x8AEfae41F998b6790219Bad702e9F2BA3e0e83e1,node14,bcb833bf55c61ccf79d39db05592c06fb2b99064812a19779f89f080411bface,24,1791403977.1504028,1791404000.9051511,23.754748344421387,674,153650,confirmed,
720,0x2559036ff388f1fFE62Ba7724100e18B5d5092C2,node00,1072fc5268b963c66852322e00ea4ae1ad7af5d3400f4f48cfdb3034573c24c1,24,1791403977.152012,1791404002.8794186,25.72740650177002,675,153630,confirmed,
721,0x9F0c17470f52E2e3A61D6e274567613845DDcDe4,node01,2efe9d5070c4b044bff55d8c853acc5fb700ce1e4eee210bace15680fb11e7ff,24,1791403977.1536705,1791404004.5953047,27.44163417816162,676,153630,confirmed,
722,0xF084a29415397834c524264cbf34Bd8d1E12eA7d,node02,6ade44ae382d233c726d1796db71482ca1d797fb6a55bd29479e87301496c7f1,24,1791403977.1548,1791404005.70046,28.5456600189209,677,153618,confirmed,
723,0x3a56699847244E6883d1EB4F26C414C740E2F097,node03,df6840718da13b2c226e189394c76b2a3e916e067e4822fcd9fb96ca6ec2b791,24,1791403977.156749,1791404007.5404608,30.38371181488037,678,153630,confirmed,
724,0x1F1eb1937D98b36ba4F0f3f08D81E07224a47134,node04,1b7d7f85f0fcc6cc2379a293ba42ccbc3e61372ba6b265d96c1a59dfaea77768,24,1791403977.1597116,1791403982.225268,5.065556287765503,664,153618,confirmed,
725,0xe65CBF07B230C137A899CaF3e5996e6cc265Eaee,node05,5496e9a290c3a45c61ec4235987e8e0095388ba27fd87619c1bc24011f93438b,24,1791403977.1613436,1791403982.2055724,5.044228792190552,665,153650,confirmed,
726,0x9FC97Ab63bE7006Fdca3B9D8A34660624a8766D1,node06,427cd81353e993c6de708b1669a08365c3e5d78ba866b22a143f5f3506916cdb,24,1791403977.1639874,1791403987.9201097,10.756122350692749,666,153638,confirmed,
727,0x16780f3cf415a90a42A52194029022510ca2283f,node07,9882effc7837b028c4a8a812495fd4a3c8ee894be7bc7d7c6e9906796a421220,24,1791403977.1705577,1791403988.0805702,10.910012483596802,667,153630,confirmed,
728,0xacEE29d35B2195127e25e414CD4127243327B837,node08,93fcc96e3ae30b043e2496d06c886c801bf33453d3a48c727d8e92a1bfc9ed7d,24,1791403977.1726432,1791403987.942395,10.769751787185669,668,153618,confirmed,
729,0x91ea49C606CFaD1bF4b326928fA8d88D9999fD11,node09,15c752fd3040b7bd4f002ea05ddac17da3e2f7582401ff29df5ef16a46cffd71,24,1791403977.1741967,1791403992.086381,14.912184238433838,669,153630,confirmed,
730,0x2bf0Bd18E11CE8f2b7Ac8339a9ACf551b6c4E35D,node10,b6cb9f8cfa3d5a018f9e06b946d830edeaf649a14501aacc1f57f230e15f315b,24,1791403977.175915,1791403991.858351,14.682435989379883,670,153650,confirmed,
731,0xfc0FB3c4A826afC0FBBCe0906d1a17f276BA29AA,node11,8feb652ab961a45ea8a29fa8789252bfe887e40e9704df85bda0189c086a7239,24,1791403977.1792812,1791403995.5207126,18.341431379318237,671,153650,confirmed,
732,0x2325a739D68EAe35F7B5EA0C07df56a96A6648dd,node12,88b6485551fb59d26f87f737d89e4ca23b55541bafcbd637b1025d5bd687cb66,24,1791403977.1824915,1791403998.9394772,21.756985664367676,672,153638,confirmed,
733,0xC4553443f7e22d18724793f9ef38b644930cDdC7,node13,3c2b256336534eb50f7a3ac94c482d829686d77a8823239dba1d7a224359e4b9,24,1791403977.1837137,1791403998.8235085,21.63979482650757,673,153618,confirmed,
734,0xd135F5336814f5BdeCe6dA94Cdeba9a578Fd2b5C,node14,9b9b1847527ce7d11452b8a8272fb2ef09763b6c1faa9ace1a26225d63eb35e0,24,1791403977.1851175,1791404001.010684,23.82556653022766,674,153638,confirmed,
735,0x94ac47eb28E63e31912fB590bc33963a35d18925,node00,7174aad2f46620aba0981ffc4db30a4af37fa4a69069d45d296b93aabae57962,24,1791403977.187787,1791404002.9089937,25.721206665039062,675,153630,confirmed,
736,0x4f4216bC10dCB6035712cd9953Be3c6dAD70c3d8,node01,8a00f943e9d0e1363c0292adf9e271411affe225080a8349a74d1b428adc3091,24,1791403977.1888394,1791404005.153868,27.965028524398804,676,153638,confirmed,
737,0xAcEcf2B29C9AB4faED22F6c657ca646C2e02de39,node02,65ea3ead04c2ad7eac13678c396e17820eb28cb6af16e591dcae838e51e24a6f,24,1791403977.1909559,1791404005.7035718,28.51261591911316,677,153650,confirmed,
738,0xa62bD3Ff6303922F42305E709279Fca0ee644841,node03,3b8c66b56a1613f9255facb4f186248faf6ce305b4b664d6b7e53e533c21bad6,24,1791403977.1935902,1791404007.7016716,30.508081436157227,678,153650,confirmed,
739,0xfb4E1037ac428E3a418da56C6231150d3012a021,node04,565a55c2e52b05fa09363115a1da60792c9fe2490293def62fab208f2c135e54,24,1791403977.1944761,1791403982.4607236,5.266247510910034,664,153618,confirmed,
740,0x44747012d05b973Ac578FF8A03C0c0718f8e00b4,node05,4b2566d919dad1ea621ca093c2075cb211363f23483b27f4656343ebc9be8660,24,1791403977.196255,1791403982.5544295,5.358174562454224,665,153618,confirmed,
741,0x5ca6Fc75A76c58CFBb427b6D7DA4f3b249ea29F9,node06,4f20b2e83785559ded8ad9b6cb9e3230fb3113e92b9c09d2e38ab4784a4695df,24,1791403977.1994452,1791403988.0688884,10.86944317817688,666,153618,confirmed,
742,0xD1965c21232A88c0F23270aA3637f7c109F006cB,node07,dc2a6ea81bedc64dac49b5642790ec7cd7d29e070cff71c596c4b6317c58202c,24,1791403977.2018838,1791403987.8762224,10.674338579177856,667,153630,confirmed,
743,0xC9C4785Cd5bbf6E2FeD29e8036CeC08b57537829,node08,bfd12b16e49068225ef3e69e46741d9e468de84df165049693198c5ea4c220f1,24,1791403977.205709,1791403988.410104,11.204395055770874,668,153630,confirmed,
744,0x58cd7D7037d74d48520E0b669389302EC3e8179F,node09,e30113a807f3c5e06888b19570a3233dcecf86d6013752668ac949bc2749e119,24,1791403977.2079203,1791403991.8854015,14.677481174468994,669,153618,confirmed,
745,0x2f605b9273677e2F674c2fAB8FccC932Aa21b531,node10,d3af90ee6dee8cf3750948ab7f0c01b75ce642de057317319800d926cd253386,24,1791403977.2125957,1791403992.267513,15.054917335510254,670,153650,confirmed,
746,0x468fAF38fe82FD98536B0c8cAF67aB326e59825f,node11,815bcc1cd2d1b2dd8a468394b217213605fb97e8cddbcc5be1c3b41599cbba21,24,1791403977.2152958,1791403995.5347617,18.31946587562561,671,153630,confirmed,
747,0x728F3A4F8f2357C1729C7f99B7c010096db17192,node12,7c895f30f6a3d45f4c833d86446547f1d27465ecef9d21962e6d102ec55e46d5,24,1791403977.2163236,1791403999.2847502,22.068426609039307,672,153650,confirmed,
748,0xAf818B09362149253E94d1c422f4046610b189b8,node13,5c3f9b79725b3abb2695cb65b34bc69d428f2083469f8201bf53c8fa5e464864,24,1791403977.2185287,1791403998.8444083,21.625879526138306,673,153650,confirmed,
749,0x935022A26d7b00C3f34758564d48D201CBF3c880,node14,bb86bcf777f87401f86ef8f122088a00c0f6eabe148ea55dae815dfc22c1aa20,24,1791403977.220906,1791404001.2763548,24.05544877052307,674,153618,confirmed,
750,0x72787A849DC433b9Fe8376f1587fe0e2Aa407745,node00,f4d65388fde2208fc82aed4d34b3c5415081e52b47e67f6555e7efb052751eaf,24,1791403977.224783,1791404003.0382712,25.813488245010376,675,153630,confirmed,
751,0x1963f01f3625fec7F7CA741408cee2ec6D3d5C3D,node01,b4d7c2781156c83366fd4ef88cc9e25b4e4bae446271eaa2f49df21f44021d86,24,1791403977.2266865,1791404005.096954,27.870267629623413,676,153618,confirmed,
752,0x8f9c507B2a945b14f6163578f192890b76d95288,node02,e17f88de8e99b1653c13efd01994b8e16c4b9d664403694b70885d9f710975ac,24,1791403977.228903,1791404005.728939,28.500036001205444,677,153650,confirmed,
753,0xdF9F9F95B78C56855Fb03f1b37Dd83e645AB63Ab,node03,7f1f95c6d4c3e2a89156b0551447712428893636b8ad1d02c8fc10247fd79d7a,24,1791403977.2309847,1791404007.6097991,30.378814458847046,678,153650,confirmed,
754,0x29112181AdD88f5c2982f511CcEda60967Ae53f5,node04,8ecb31eefa611185643d88b3c9818c84764100e6c3f1c6aba01be3279e897b9e,24,1791403977.2319112,1791403982.4861116,5.254200458526611,664,153638,confirmed,
755,0xfa2d8e4dD9274a28241789B672673aD43288c68f,node05,facd5cb3e1509095c06453c608ae0c24eb9fed20552c72596d4ef0f6a828523e,24,1791403977.2339714,1791403982.4999745,5.266003131866455,665,153618,confirmed,
756,0x2e68c2A4960F2a5d88252Ea2776135A93eFe56Ae,node06,6529c68ac0ad4b158f0108239be0f88285ccce2c25fd0b05c6950b3134b89af5,24,1791403977.2371614,1791403987.9333954,10.696233987808228,666,153618,confirmed,
757,0xDFf73dFf290DF031c4eB71a92AB0a58371cF5006,node07,a17d69ee117bb97c0a32359b253b1e95e1044a3d1b8433d29138683a63e2cad8,24,1791403977.2400482,1791403988.1924584,10.952410221099854,667,153606,confirmed,
758,0x3c6A28a51dA4Da0653716d904656874abC92fe5E,node08,0f31f5b2e29253dc6ae84d8b896a9d4569276e868820f4bf4723e115c75c08ce,24,1791403977.2424452,1791403988.204292,10.961846828460693,668,153626,confirmed,
759,0xF532C5E8a6f3300F7F3a8b9F512dc1e292091b84,node09,25031c26bcfe114eac17cff1abccdac00ae32b81261fd5867d04b908a228f713,24,1791403977.244528,1791403992.0183682,14.773840188980103,669,153618,confirmed,
760,0xFCf4d54BeA5Bf4d902F63fEa568D457feE9D7C10,node10,e5f6dfe22162dfb8baa2f9f3ebeb570a5b915dc69015cdd8ea4bf90ad1814ad4,24,1791403977.2465534,1791403992.0002334,14.753679990768433,670,153630,confirmed,
761,0x5089Cad055C1C37d491Cb7ff3135F3c847CBBC9d,node11,16b0753f3e1451f4171d5625910dba1497644e3f8ff6145702dad0d1ee736cfa,24,1791403977.2482526,1791403995.442706,18.194453477859497,671,153630,confirmed,
762,0x606B50572dd48087B980E3B8075959596DeD1537,node12,cf6061e7264828ad0218356eba8a7f0bcf04fdf9dff75c4b85fbd5aa5ecbf8d4,24,1791403977.249254,1791403995.453038,18.203783988952637,672,153650,confirmed,
763,0xF32538F3B10cB5B31592A9014D1EBEcb9C2B9cf8,node13,d6e82e7d63e815161477fdcc794b8c988e5e1eb87cf783c1933dfc597dcd2844,24,1791403977.251065,1791403999.255659,22.004594087600708,673,153630,confirmed,
764,0xCb8482B2925Be6EaE9cd16A16915d2F72E7021F6,node14,87a99a834f3a093683604da58d4735c021cfb6c7cc880f28724a9a6f22647ce9,24,1791403977.2546105,1791404001.0947456,23.840135097503662,674,153650,confirmed,
765,0xF226bc9aD782d49e6bF8E302E63e72288Dbe85e8,node00,99626b48ede802df96c2e659af982b005bdfe8fed423f3ecbd8b54b823cd98f7,24,1791403977.2565114,1791404002.9180014,25.661489963531494,675,153638,confirmed,
766,0xa0cA8D2d9E746474a1dC3d903d1AeE82D435317E,node01,90aa03518ece14ad6fc5a3e0ea66d64ba5d7bc104c568ebe7d27d190ca43c467,24,1791403977.2583709,1791404004.9142368,27.655865907669067,676,153638,confirmed,
767,0x320C10c52888D5e7F3695Bf5fCC5eE3092EB2f80,node02,8326288248583e16a178bda5e6ca0926eeb63d97faf8d4c11ea0f7728aa890eb,24,1791403977.2602901,1791404005.8408244,28.58053421974182,677,153638,confirmed,
768,0x377ecC9215CfBB01F6Cd515aA37721fe8d1757AD,node03,213dec2b2364f486a38eb271ea964b3fe5c67d5503ca6f571f14eeaa9d9cd141,24,1791403977.2619855,1791404007.4905293,30.228543758392334,678,153650,confirmed,
769,0x6bc200ae18081565d6E6DBB9f2Bd8c1cC70971d5,node04,ddbdee7c1be65ad01b6193f022de40f744dc81a4342b93a35e6f63fa0bfcacb3,24,1791403977.264951,1791403983.1406562,5.875705242156982,664,153630,confirmed,
770,0x5B3EEbf3fFDA7ed90b2E1FBC938d08B8d688607F,node05,656956a39e160a5291ad1122b4cc8499ebb50e84bee0e74715f8f3398a06c3d2,24,1791403977.2670534,1791403983.1917167,5.924663305282593,665,153638,confirmed,
771,0x6269175E5806242507B41aF5f5E2E565b48243D7,node06,b3e0c62f82d9d972731ab3321b61b74d6b998818a2597483b612625dcc7ecee4,24,1791403977.2693694,1791403988.0457172,10.776347875595093,666,153638,confirmed,
772,0x0B1F7CAD8456a6692947f738B469822B57Ae6637,node07,918dcb9c130ef90c5393ed2cd523c0d4136c912cd85192d24d62f0851fb0aa71,24,1791403977.2715645,1791403988.2096643,10.93809986114502,667,153606,confirmed,
773,0x9614c308bd46435C3B2e192BbC6C31946E604e38,node08,f8074a68631bd9c9b511db706797898e61fe1ae88f7ab8f6b4af69bb7d0f39e9,24,1791403977.273303,1791403988.1568253,10.883522272109985,668,153650,confirmed,
774,0x06b4E1db1C4bf32571258e61a69Ce60F886Aa675,node09,e95162637e4c8d92fddeaa9cbc5f543a0fd139d06737332585a51462dabbe0f2,24,1791403977.2743235,1791403992.1884363,14.91411280632019,669,153638,confirmed,
775,0xCbf60F6b6e94EBBa85EDB0d4943935ec748d7483,node10,0e588f9d90d889396e08fe67afa84556c190a0c895ec2d4a699abe52da245249,24,1791403977.276372,1791403992.6406827,15.36431074142456,670,153638,confirmed,
776,0x490567706a46ec26F36969656A5C53b64EAC7e21,node11,5850e514ce446a2605bb924a819a3d0aea8a491167c1f0d026effbfa70a31972,24,1791403977.2783017,1791403995.5557256,18.277423858642578,671,153650,confirmed,
777,0x0Caa9A84197E4aa17f82E76D915327853CD5178A,node12,dcbd4aeeda6f076a5a65800e6cdbfa11db16317a57bacd2f1e8b9c511cb525e7,24,1791403977.2800167,1791403995.886653,18.60663628578186,672,153630,confirmed,
778,0xAb77f9C5626c642845f2608729d49F4ba229546e,node13,057994e51aae6671343639937935e647911db0062c592852c020e0b066160963,24,1791403977.2829907,1791403999.1336777,21.85068702697754,673,153630,confirmed,
779,0x928448e9B608C8241cd28c70b46116B53B6cc18b,node14,e864047b1277445adb22f6a64c6f3d43c6e33e2d465d66aa9ddef618a2941e7c,24,1791403977.2856176,1791404001.3538191,24.068201541900635,674,153650,confirmed,
780,0x889B1cf63349B073179B3FFF36a4fB31FF17432c,node00,3759b47e71ae193fe5aa690bac6054f538cb2ac8188a99e1c64678a7fc8a0034,24,1791403977.2872057,1791404003.0129137,25.7257080078125,675,153630,confirmed,
781,0x02248789A4C9333B8ac3eb03FBF98F31285dd5a2,node01,2bcc4aac7ad9f739895b1577d1d8446c88058f053b53b2c4ef258ca6ca1885f8,24,1791403977.2883804,1791404004.670809,27.382428646087646,676,153630,confirmed,
782,0x45B2264b4640c21b9997afc387386236d1c772b0,node02,958891ab7598e16cf33466842292097d378af4c3a51d3247d1317bad7a8acebc,24,1791403977.2903502,1791404005.9650366,28.674686431884766,677,153638,confirmed,
783,0xd573371bAf95Dbcf6c38948ca3CFB50ed6937DA4,node03,da780aabe04263045963d3d810bd65d4f0300308ba0784b61fe6e3aecc441f35,24,1791403977.2918682,1791404007.64253,30.350661754608154,678,153630,confirmed,
784,0x42B3E3cC4ffF57f76ac8B3b9E5f269C070206dDC,node04,aa883afed9793c1e58fded1d5c7638bce1ffa08b65ef0b51bd36012da4efaeff,24,1791403977.2946777,1791403982.8702514,5.575573682785034,664,153638,confirmed,
785,0x30e9Eb208c12ABC50B29F65107fC4b23BB7ad9bc,node05,de181989c8b49936119804a9f5723e004668e1e89144e9fbc8b93848c8034359,24,1791403977.2975302,1791403982.8462434,5.548713207244873,665,153630,confirmed,
786,0x30e2c8C5D75a220b9804C8Aa9E0Fcdb7d88Eb238,node06,a4d997c7e691f6454273ed3173fd8ce2f56685f0108ac9179747056dcd85ca03,24,1791403977.2998147,1791403988.1991003,10.899285554885864,666,153618,confirmed,
787,0x1454Aa4e60cB7e030FE491Faf792cA628BfC7F0c,node07,c4911723772ddea8d4dd9580830b9e1052e53ef0f67f572ba538207519552f6b,24,1791403977.3011584,1791403988.5613022,11.260143756866455,667,153638,confirmed,
788,0x999e6242e52Cc79F1Bd72587931D821f287e27D8,node08,905437161ba3ae0afbc71a1cdfdb0acf5807fb7a1af7f6a6ec3f4d0d18b6caf5,24,1791403977.3029385,1791403987.9985878,10.69564938545227,668,153630,confirmed,
789,0x3545d373971e457Cfd0C27d961B895fCF14A6787,node09,d551ae1437c9dfcbe13a0b89ac99a87fc628260e68138ec7734eb2a856425790,24,1791403977.305744,1791403992.2314663,14.925722360610962,669,153638,confirmed,
790,0x7832e07A3d6dA6561f1a45B7d724E448262501a6,node10,083d3ed9798bdb6227bfa7f94cf6c9a8b8751f22d565f81732d898f08fb2e6c5,24,1791403977.307537,1791403992.8110473,15.503510236740112,670,153630,confirmed,
791,0x0AD72e0ADCd019e1A60721bde017394449c30d1e,node11,d99b372c8bcb2cb826c083126618c3704be257502bc91d3414cac2f92701b568,24,1791403977.310959,1791403995.905909,18.594949960708618,671,153630,confirmed,
792,0x79A3e49f46A99f79087aaf59eD4389e8326F2fc4,node12,cfa5b2b731d8367536c4d785dbcff5419a8348b5cc138245be6a494bb462ba8e,24,1791403977.312078,1791403996.3884196,19.07634162902832,672,153650,confirmed,
793,0xAfA2ff112eB542e11b0B04b5e668818aD8B171a9,node13,abd321eb8354f523ce8c3b2773f4e1e875479d068f950b47a9d52382ef03f601,24,1791403977.3154194,1791403999.34675,22.031330585479736,673,153650,confirmed,
794,0x6C075D022a53CBAeCd13d77DFD76CB48dB88c929,node14,6e5c88ae8fb81a1a3980418f1a1962162954ca176303b32e3e5f4950d8bba409,24,1791403977.3173466,1791404001.2460408,23.928694248199463,674,153650,confirmed,
795,0x301d26Cc1Ef96Cddb83530518D995E8D5382F7D0,node00,dc2e12256f3762024c4a31fc2ccf6519cec9a8f792bc5122c2162f1c6dfdeff4,24,1791403977.3191402,1791404003.0639558,25.744815587997437,675,153630,confirmed,
796,0x6e036f07e6409f21E62494F5829cbBAb63BE7CB7,node01,eeac2e33262b9b281b357a422eef20513ff63281c9879f2d344405eae0ffbf47,24,1791403977.3237567,1791404004.8919578,27.568201065063477,676,153650,confirmed,
797,0xd5fe72fb23Ea6C890ee022dF66AA45F539777aa3,node02,5d369d7765991d69a09fb66f7952c09e10d1f5623e0ae9fdc7e3e574ba25307d,24,1791403977.3256025,1791404005.8895178,28.563915252685547,677,153650,confirmed,
798,0x64736E0624631c5dc549d34DC44DA5b13C66f7fe,node03,e118d8d4e1e450af4b2b355b1b81bcd78a3fb59a7afffb28640bdc0242c2f7ef,24,1791403977.326983,1791404007.709436,30.382452964782715,678,153630,confirmed,
799,0x6A557113f91A4d619319Bce0182340c4C5b98B07,node04,66708f1caf18ea3f18ce71f5208ce2adb3815483790b0e91dd71048102085ea1,24,1791403977.3293643,1791403983.2675946,5.938230276107788,664,153650,confirmed,
800,0x18290Cbb29C7c63ccBc75893e12fe39e484ECA25,node05,eb9baa4510963556a0021ae6ce7e6ee27cf1e188dee13ffe72bc787128d94b30,24,1791403977.3328383,1791403983.092111,5.759272813796997,665,153650,confirmed,
801,0x7987ECcDE721ED83154754e0397481ACa405Fb8b,node06,86d77f19afbdb72d296cf952e71e4e4701397ddf8b53f1391f0f1502afcd82c0,24,1791403977.333725,1791403988.1191556,10.785430669784546,666,153630,confirmed,
802,0x2318F652E817DB207C714aEd2173596F8e1FCac1,node07,b90fbcb5b2c25494f59cb526dca52ccc36bb7fc063b623fb43a6ccdccf3a4cf6,24,1791403977.3346481,1791403988.0610616,10.726413488388062,667,153626,confirmed,
803,0x9F3c029225bb9d827Bc14DD279E780324B707D2A,node08,08853b34b00da47473f065839831a17c5192b1fdf70179a208e3afa3e307112b,24,1791403977.336488,1791403988.1364827,10.799994707107544,668,153606,confirmed,
804,0x042D365720E8f147769394f771118FCA7c004e0c,node09,9e6f32a62bfec2595d66c1e9b2addf0ed9b0135af4b587698306fd496a8eea72,24,1791403977.3402686,1791403992.098771,14.75850248336792,669,153606,confirmed,
805,0x9CA051Dd7f83De338DEcbd3f36846AC4CF248ADd,node10,064506da9fa7469ac1cc432017f9c8f104e03d7c4099d3b57be4c3eac021bfb2,24,1791403977.342162,1791403992.6449335,15.30277156829834,670,153626,confirmed,
806,0x9aE4b23eaef589faF107A0dC9A69aBcede0407AA,node11,f66f0857840964e611c26b080a06961d2fec5b39763482a7596bef1a66eb436b,24,1791403977.344005,1791403995.673081,18.329075813293457,671,153630,confirmed,
807,0x0ED6CDF47f1B78A5aeC2aAe718eF2988DB146125,node12,6fdb4b1bf66bfbf77e92d0eb47357c81cd64a42bf1095195a698d7ebc6a83033,24,1791403977.345013,1791403995.5002985,18.155285596847534,672,153650,confirmed,
808,0x215c27fCd9c20f05627acfe3de1A7a2A0B3c3445,node13,1bbc089e8e40061d0cd31371ec211f78814e5abb88d2f1f79c232de47c6bdf4f,24,1791403977.3479779,1791403999.2646537,21.916675806045532,673,153650,confirmed,
809,0xf31AF6317e00D267821bd2B924b822EaE3C8A4A2,node14,3795f48d6b850bacf423c6ca68ac54642c0bdd966d3edeb3c401dde5db4fa041,24,1791403977.3502493,1791404001.3929932,24.042743921279907,674,153618,confirmed,
810,0x80F97D7f28A65CE707aB1815535087256f1fE25B,node00,c950be00e3460eff31fbd1064673e0b21a1b447cc66dcb41d3c9e0f44f29a087,24,1791403977.3514729,1791404003.011313,25.65984010696411,675,153650,confirmed,
811,0xeaa64EfC30137f8c5f8e662BCB6EFe86F7D830EA,node01,c8a8e5db45a784c7feff5885d4d33d4509815214ed2b8ce87473b40fa407cac7,24,1791403977.353428,1791404004.7006502,27.347222328186035,676,153650,confirmed,
812,0xad6f9906EC0415eE614c06e57e689F50e29a6077,node02,3553c16cef1953c38c73adcda975aee52eb4eb6ab51059a1a0874aa9fdd2de47,24,1791403977.3560152,1791404005.9712043,28.61518907546997,677,153630,confirmed,
813,0x40697388694B586447B0451801BDECbe9083Be79,node03,1a3ee96c79cb951787265343ef2c8e7636943869ffaf2201ff75db937a853b6b,24,1791403977.357289,1791404007.510709,30.153419971466064,678,153630,confirmed,
814,0xe01795Fc5D5023820C2D4cE59f6956f1c0435264,node04,e6a63fad697c1e6e580201aadeb65ec89e4b6f6744cc2dc8b0e703f4b9b5e8fd,24,1791403977.3591526,1791403982.792188,5.433035373687744,664,153630,confirmed,
815,0x2524aA81627C3001e64bAF9F0fEc626dA323a9Ca,node05,5eb9b9dbaa8dc45049c4237143930b2359a3d29a0e38ffc480e2f2fcfea905f6,24,1791403977.3609283,1791403983.1768208,5.815892457962036,665,153614,confirmed,
816,0xF1E14Fcd2f1f7a71Bd62a8CD032e885BFf5790f7,node06,ee1d46202419184f2c8f74504f8633094dcf49ea7e638f1b59616dc220d66df6,24,1791403977.3626919,1791403988.070715,10.708023071289062,666,153618,confirmed,
817,0xA09CaA136216dc8d03419ddf3e87d761ABD114A6,node07,de1553a4b58cf2e75fad22884911a9fcdc34f8bb1435eb6e4e902ea1d4115eb1,24,1791403977.3648696,1791403988.050721,10.685851335525513,667,153638,confirmed,
818,0x18E808DBfB8000E0Df2F08fCB115dC3173Ded479,node08,cb8c528376689cef4be1c812cdbbe805b46dd784c241b52b1a24e8e3eebd70c7,24,1791403977.3668284,1791403988.27745,10.910621643066406,668,153630,confirmed,
819,0x25F0CE00217C4077a7fb0D5c6d83fE40d0ce98B9,node09,63b026e75f12b62236d53f4da1bf4c3cf1db54dcfdda9147f870bfb856026c52,24,1791403977.3689635,1791403992.4580028,15.089039325714111,669,153650,confirmed,
820,0xf2bAd4B9CA9a2231c85743AD8a0F9f6aAf6dF802,node10,09325a86f110581504bc7fac2638e8c7ee19958695d1274e8f08413b0dcd8036,24,1791403977.3713033,1791403992.8094907,15.43818736076355,670,153618,confirmed,
821,0x5ADE1FB166F3b0E1cB3Ce0D60F4F92442d43deb6,node11,151dcbc1040aef57d402fec3fcb8c8edd52304aae5b5fe7aa9627fd62ea9a6b5,24,1791403977.375953,1791403996.2626407,18.886687755584717,671,153630,confirmed,
822,0x48661A1147E4Ced1fa8fE2f05b23B7DA86dD6C49,node12,6cd1db30a4cf16396d78805acca3489cdb1990a078a4e3e7f14a58eec33ca018,24,1791403977.3792925,1791403995.4719694,18.092676877975464,672,153618,confirmed,
823,0xD816C2527a9134b4Ed3504651378635Bca604621,node13,b984e53ecd032a030d37a2e60eafa4ae50d3585a14c964226abc6bd3231b51d7,24,1791403977.3852973,1791403999.2899842,21.90468692779541,673,153606,confirmed,
824,0x0C7D3BCbeD12a682C6bf1739d85dF29AB2Fc206a,node14,e889a854fe119c05e76554aa5ed87de449910f4cbdb8abd25def487073fada89,24,1791403977.3892076,1791404001.2961113,23.906903743743896,674,153638,confirmed,
825,0xa2af721F1082F19E4893d95a555413De94873802,node00,25054fc910e26ece7bcf18e5775a26796354935b756894d9f7e2986867d59573,24,1791403977.3904018,1791404003.129271,25.738869190216064,675,153630,confirmed,
826,0x66ccBDf0E1F9Ba23832a092edB7802098FD23cEc,node01,5d60e0dc34b929d3ca2960fd24338a15db3156f64d38287b0a3842b3e3c35677,24,1791403977.3964944,1791404004.9773953,27.58090090751648,676,153638,confirmed,
827,0x2367d9bbf3D6a637b7451F25da81D09490E3243f,node02,82280301451258a15d5376509a2f73784365cb4f27b63f573937762590018a6e,24,1791403977.3971698,1791404005.747472,28.35030221939087,677,153630,confirmed,
828,0x646A9B48c822a128801a8F4454Eda62c19f648Ad,node03,e821cc02f1e93551bdbe136f5e46e7f8ad00a7cbcbd00be0155174d4671cd8b3,24,1791403977.3994393,1791404007.6409318,30.24149250984192,678,153650,confirmed,
829,0x09434d6E27674E41F081ad87bC4ECac9b9a10d0e,node04,3289cc10760344d76fcd360d71a857dcfef3d1a346dd461a739e1471089ec055,24,1791403977.4001634,1791403982.9491673,5.549003839492798,664,153638,confirmed,
830,0x74Fa29A44bF26cF6cf9Cf95e8D840c2f42eD103a,node05,62df09a6260a14fac848563e68b0de1b4bc3e08ae3257cd97b56c7f343b17f9e,24,1791403977.4019327,1791403983.22577,5.8238372802734375,665,153630,confirmed,
831,0x5cc53074A83Dd00Ee1e794E748D574c0Ad50c6Af,node06,c82e2f0b17c744e3ef0ec69af8705e46a0f4753a4feb2c3f38789b9fd53016e1,24,1791403977.403169,1791403988.1978858,10.794716835021973,666,153630,confirmed,
832,0x574B4F8Ac4E5f9f18057362b81146be81E4C80b5,node07,e2e86b6ec2d6d609e54279e8ccc9806f16a736dd5052d58eb2b26182fc2bb220,24,1791403977.406888,1791403988.4519253,11.045037269592285,667,153650,confirmed,
833,0x2fCeBb78750499ac2DD4e7A0eef16d12b4677d93,node08,85557cac2c1a8a7950d19cf7353731c8ac09db207ac817cd446641bdcb7d5d14,24,1791403977.4084384,1791403988.1047108,10.696272373199463,668,153638,confirmed,
834,0x6AF61bFAB27aF735b3f2cF97465Bc604bd163a89,node09,f873df0aeb5441ea0e672aa003259d4567d18d4d6800d2653c14e43391dc9f28,24,1791403977.4106429,1791403992.5439968,15.13335394859314,669,153650,confirmed,
835,0xc59F4513D15819467B5C8CD7432E29128b4626fd,node10,7b11fbf6b45f91a829f365a7d64bfbb331be3f960b49704e568013c0dd0a00aa,24,1791403977.4149716,1791403992.4090457,14.99407410621643,670,153650,confirmed,
836,0x9B3a54e8cDCf771018b19445eAeeCf62f61a251b,node11,60b72de45417a7a99e5442504226b33b0854dd0f9590b533dd6ac714966ebf69,24,1791403977.4166899,1791403996.0677996,18.65110969543457,671,153618,confirmed,
837,0xC345241F3dea838fDb41F16769f0682a16dE2E9f,node12,a64ae521e8e4da7ef26b04f50abececaab5aece6dcadf36f34e44bc757a92420,24,1791403977.4197145,1791403995.634354,18.21463966369629,672,153630,confirmed,
838,0x46312cCeC29C4579B717B350EaccD6e75436c9Ff,node13,b837ae16b5a00f3eb1d5033d5734fcc8ab089a68aa435b02ba8ce653288e4139,24,1791403977.4230459,1791403999.2570071,21.833961248397827,673,153650,confirmed,
839,0x22F201465E10372D2E10A11354cA4b569ed832e9,node14,5af8f8a4b90885ee3c716f121c8c38a5d1d2d7b4e24c18631e76f18af9d2f1d9,24,1791403977.42467,1791404001.3315127,23.906842708587646,674,153650,confirmed,
840,0xd8F131a28437479828941841ebD723D1Cc344eBE,node00,b41c7b57d63ca0510c5bd82bc104dd908be66560ce8dce5bf826fb6a2aad4efd,24,1791403977.4285903,1791404002.9673433,25.538753032684326,675,153618,confirmed,
841,0x38cdaD66C5909402244Db1Ec197E0401C224CD5D,node01,62935d9b41f818a448b422513ee70f595dc4b7a5981501a31ac7fdb9c48eb5c1,24,1791403977.4327848,1791404004.7277417,27.294956922531128,676,153638,confirmed,
842,0x0c5f2d0fC3Aeb2e4e6F4efD59a61Fe677241Ff0b,node02,c8fb66b5edbac0c05172ccd9a5dc43a7c6287587510a92b2c39af78409837b41,24,1791403977.4362333,1791404005.8968828,28.460649490356445,677,153630,confirmed,
843,0x5B40260BB0d4855457C3F25F403CD5b3Af40913B,node03,7a097fd0f023df6af85903e4d5b258c5508a4fcad5f88d718433aea7498c8789,24,1791403977.4418218,1791404007.6320271,30.190205335617065,678,153618,confirmed,
844,0x20D7FA5cF2dd68D7EC2a17145462eF7CF65d5afE,node04,a2d0899e7b38515ecda4b1757fb41e6637f145f02e006116a9112d0259a9089e,24,1791403977.4453883,1791403983.6069558,6.161567449569702,664,153630,confirmed,
845,0x50c3b3aF84056a4c0Da2730BBBb0Aaee1ceaA76b,node05,7c19221631f682eb7ad8619836a2a8434d595b5518c9b1b7419d9cdb62f313a2,24,1791403977.4545448,1791403983.0628443,5.608299493789673,665,153638,confirmed,
846,0x98B01DA0b87722954fFc95510fCF046e7d6FD197,node06,bfbffaf71c4a6a33be08ebd17f3a2d6d4aac027db797722052dab1de0f849f9f,24,1791403977.4566984,1791403988.1496294,10.692930936813354,666,153638,confirmed,
847,0xF63949bE3e2D0b336c9e335fD64bDF06f876534A,node07,de329951469e9c0f9bcde31800af73ba7ee0e76e7de31c3066d8c068eba155ce,24,1791403977.460441,1791403988.2789686,10.818527460098267,667,153618,confirmed,
848,0x2c8937E07c81876Cf11dd0E17a13D1e1393C7EcE,node08,df455497d764a2cf739f3ef451f4859db53ff2fe8bd32a743d5b82c9025cde51,24,1791403977.4617124,1791403988.4846919,11.022979497909546,668,153630,confirmed,
849,0x0F8DA81b701b290E5F06b5A1bC52b970A65283B4,node09,24432d51356231581669beb7e63624fd02cb39c3b565d8b1fc36386ca53d28c3,24,1791403977.4626327,1791403992.603554,15.140921354293823,669,153630,confirmed,
850,0xa2b7c6ED34d25075DEc8147012c8daE825d09707,node10,48024d065b1ed34ce505e9f5a5839ae20ad57a6198f820a278d22cd74044d306,24,1791403977.4645832,1791403992.3401659,14.875582695007324,670,153630,confirmed,
851,0x6F70716253aBE1f1cCCf9798f7a3263385A523D1,node11,7d1e1765c039d9cf803b0e4aabacd2a531fdb3e619bfb613173374d18806dcd6,24,1791403977.466342,1791403995.9008584,18.434516429901123,671,153630,confirmed,
852,0xe228866Ab1E9836709B9E5f69De377D21B5a8A92,node12,58bf6593a2bcc0c85e76c4a82785d5c88db98a3255aaf03f9894c044d3101f43,24,1791403977.4699807,1791403995.5613914,18.091410636901855,672,153650,confirmed,
853,0x055e107ca6EA5652e47175465B869d3D8458Bef7,node13,7f9c23379f2a7ac2dcfa3bbcee8d1d9d6bcc087e097118a95d282937910c59ac,24,1791403977.4718585,1791403999.4056036,21.93374514579773,673,153618,confirmed,
854,0x42b6659480dd301503e31C2f12B44E477A55BFbc,node14,5e08b676e514a441dba24bc1de9bde0c67fbc31992b7fb6ea4ba8118ed226c4c,24,1791403977.4732716,1791404001.179181,23.705909490585327,674,153630,confirmed,
855,0xF6363401A02cB9abb746551e3FBdb8921ac1b4AF,node00,d90d820333f116e0e52655a6fce3d3fdfedf2398a6dc9d2a9135aebb804cdff7,24,1791403977.474199,1791404002.997985,25.523785829544067,675,153650,confirmed,
856,0xbF271F6Dd282e17e6A99133B1EF0e9363f34E3e3,node01,5ba677c7f731c59c0d94c92040b3d1f837c4ba7770bb0310e7def802ad4de568,24,1791403977.4782481,1791404005.19804,27.719791889190674,676,153638,confirmed,
857,0x9A3415dA48FeF7e70BC13Eb8F9DbbBC11A1154a0,node02,136fc5adb662fef7e044d8116c7625b823be953f14e65c681c20a52c8c20b1df,24,1791403977.4803035,1791404005.8658667,28.385563135147095,677,153650,confirmed,
858,0x8BD6d66573150AFa323F0e4fd14C0DE2aA363a4c,node03,14a7b123e37b6bd3dabb75007ad33377e0b660057f05f9ab5705ed21e2dd5b4c,24,1791403977.4829288,1791404007.534617,30.051688194274902,678,153630,confirmed,
859,0x0F28a441F1D15e094D3dD1F6473a3C0f04F8FA5d,node04,bd4c36ec7ff8f4053e56d03bbc0d3f6b5c542fbff50d43fa95e9918b8de63030,24,1791403977.4846632,1791403983.3984368,5.913773536682129,664,153638,confirmed,
860,0xbdD9C680E0Fe16BfEcD06752c5A508ffEE873079,node05,94f13e17fe1d2a5546d417ac5dae6eac3fbd174a8e120f810901381f3d00b16b,24,1791403977.496164,1791403983.5253105,6.029146432876587,665,153650,confirmed,
861,0x760ddDB60eF09c65DaB8375E97D7E16e60Cc101f,node06,317ee483bb2217d9ad659b7879c7141d94c338b7084cd4687955528445b28abf,24,1791403977.4994771,1791403988.455309,10.95583176612854,666,153630,confirmed,
862,0x5c2ED6F9e393CBc246cC533901ADd1ecdf6B0A32,node07,bcf21baccae4d78af2dcfe74c1507078fa5fc3fff99bcaac59eb0305afccaa80,24,1791403977.504275,1791403988.442847,10.93857192993164,667,153630,confirmed,
863,0xa925f658E59A221a15FCf6fA074AFc43C0c30a6a,node08,f1e3d613395ad64d15cdaa487d63fb2657c5b82fad9da9f4a32dbce9adada420,24,1791403977.5069337,1791403988.1730325,10.666098833084106,668,153618,confirmed,
864,0x1DE65d208591AebeD57c0bbE3AA7C43AFC2c8171,node09,99b44a73bc2b3d47713f5fcdfb0c3f4579628f58f2d110ad069050aa3cdb9bd2,24,1791403977.509615,1791403992.5408988,15.031283855438232,669,153594,confirmed,
865,0xC28E7B8Bf0de7087454b1Fd619cc8AE16b1Aa07c,node10,befcbcf90e89429d695f98c61e96563a40df8406d0dc5ed32e2f8996225353c8,24,1791403977.51173,1791403992.7030532,15.191323280334473,670,153626,confirmed,
866,0x86023c6b9C502520ed928100d37eE87ac28336dA,node11,31b2b81825c2dfb02d58f85573b2243c0577201a8e36c1c9df4cdc0b7e6b4a90,24,1791403977.514156,1791403995.655012,18.14085578918457,671,153650,confirmed,
867,0x500ff4f6BE26D4b52a07C46151F9c5Ba2FeB1468,node12,9f1eef0d12e9f1463b87bfbbbfca5cf92a311c5c211afc5fe89445fcb01db726,24,1791403977.5169978,1791403995.7422717,18.225273847579956,672,153650,confirmed,
868,0x4fe460dcF5bf3bEa43F1dbdbc6abED2D7c162919,node13,1da767c1691ce8c5c31cd633a86a2f7eee3343b9ce32d0f8e14adaa87f2aef06,24,1791403977.5193965,1791403999.4039867,21.88459014892578,673,153626,confirmed,
869,0x2400323b6332ec244127a536CFd61C674E4A4E95,node14,476901e8f44ff073432aad2755db2e57cd7d5be6f6550488f9902fe75639806c,24,1791403977.5225406,1791404001.3836944,23.861153841018677,674,153650,confirmed,
870,0xfa8cb85E72f23b1aE05B4B62Bb47FD1E285ff2B7,node00,822717ad553f944ba46c9d6f81dbdd2ccc9701b546c9b582e0097134d2506e68,24,1791403977.5255473,1791404002.9899843,25.464437007904053,675,153638,confirmed,
871,0xE2B370FC8ef3D79Db36c33DB019F11d7ea239F0B,node01,b85fbd3c54b9f8ad3d37a90fbd0131ea6a89802159ff015a340fee3c959bba37,24,1791403977.5268888,1791404004.8752012,27.348312377929688,676,153618,confirmed,
872,0xB44CDFCF353E40eD6Da5e52f3Fa4467aeacb8913,node02,acff592acd9785e72c5083fdde3f6066ef9d34de66b6708fb8dbbce5a4dc92d0,24,1791403977.5286517,1791404005.8574567,28.328804969787598,677,153630,confirmed,
873,0x689D9b1bC1B0300D0D7Cb6Fb7343248f3E1Fb2e3,node03,3758694305aafa70f80078f2d76e0be52dab02f91ea63edf80d1d025af225c0d,24,1791403977.5306327,1791404007.7160642,30.185431480407715,678,153630,confirmed,
874,0xFbD36716269AA9ea4aC60287c2fab968E94C84D3,node04,f61158c89f097aef34f46da297a43ced2511f127deda4f04c38f6ad1edb9dafc,24,1791403977.532721,1791403983.3724098,5.839688777923584,664,153630,confirmed,
875,0xdEbF16e98E275D6D1b0f2b0327C8a47483191D52,node05,669c7ec4f51c79b18426c7071e0769478f416129ce41b8f07d7dfb46efab9a86,24,1791403977.5343513,1791403983.3584893,5.824137926101685,665,153618,confirmed,
876,0xE4e87b909a8ad7D7ee7dB0D5C4D55b5E0A1FB798,node06,dbe16621adbc517d1376c16600a948504b5ccfea9bafbbed81567d080ebb08b8,24,1791403977.5363245,1791403983.6473932,6.1110687255859375,666,153650,confirmed,
877,0xe6311C244EA3EF7766D7546072BEA5DDfFa721a4,node07,f186de67a8a67648a2c6fb7cd9c867f38f696eb6d62c8eff9f25d266c3095d9e,24,1791403977.5382166,1791403988.3385866,10.80036997795105,667,153650,confirmed,
878,0x2271d4d728B2e21F27e64d04164d5e7117796f62,node08,deefcc06c2ba7a04841a3b52784cacfdf2f920e28b0a37be6fa7dafd839c0e5c,24,1791403977.5431921,1791403988.4077556,10.864563465118408,668,153606,confirmed,
879,0x222fF76268980D3d0977112f5Cd26a7862f649E2,node09,83b000dd92bd8c8cf91e3f0dce92f979d5f8259414998c926ed4f88a1780d963,24,1791403977.5451095,1791403992.572571,15.027461528778076,669,153630,confirmed,
880,0x5Ba9ec024B65c30A5d9101372Ba88D38b3B7d2a1,node10,37191b4476053a8f851f6f41e4db3d590fb99fd19700e30736d152fd846ea669,24,1791403977.5468514,1791403992.4724748,14.925623416900635,670,153650,confirmed,
881,0xC74Cc56013fB3824E040382615e7f657fDDEF355,node11,b1970b31dfc117e4ea1c8cfd1b636f1c3875e379179f1fd766a2459bbd4c5aa3,24,1791403977.5495408,1791403995.6694512,18.11991047859192,671,153618,confirmed,
882,0x4ba6466258670fCAA52D58F9d0C2F15C880Ad7B9,node12,4021ec373af6cb771bb74d5ef3b275606b2559e4d220e1fde66300f975138214,24,1791403977.5519824,1791403996.4516766,18.899694204330444,672,153630,confirmed,
883,0x6a2185F2DD6F19513F54F6c319c7fb97d8ff81Ba,node13,0d8c96ae84c552adb2de799692f9b49ef0cb37972c3c0c26bb49c25f13d818a9,24,1791403977.5560002,1791403999.2837563,21.727756023406982,673,153630,confirmed,
884,0xd11B830c19e83a22aE65a50D7bB6409cdA5D2eE8,node14,4b8a454bd2cecb833852b1744def84dfe603f5a4a4a45ed1290cbb14253131f6,24,1791403977.5574982,1791403999.4133558,21.855857610702515,674,153618,confirmed,
885,0xFA4a58080Cb91ec0493DeFa12AAa09B203571a60,node00,1c7b25ebe80338673060380c1a8159537a7475f2b590bbaacd69f642c0286dd2,24,1791403977.5599751,1791404003.0847201,25.524744987487793,675,153650,confirmed,
886,0xE245062a13232889615e15103ed77ba2b6B6Ab7e,node01,596d3bf01c772bbcb8e12224c64e80fb868093675dc7fefcfbaed577933ee4fe,24,1791403977.5621448,1791404005.1972048,27.63506007194519,676,153630,confirmed,
887,0xBDEEc7fE5b7e790BF7C9c2292515fAdAdD3bc4b0,node02,8e306f73b21cb3a9077d03dc7f5eb9a2c4de7a33e20fbf07d7bf7476ba2b896d,24,1791403977.5631258,1791404005.8973494,28.33422350883484,677,153650,confirmed,
888,0xad9683b3eA65C700868Ea5EC1f79159109C16f1f,node03,92ad78216310ff3cecd8c7bc4a154dc342eeeaab76a92bc0c2ba477485826f79,24,1791403977.5665636,1791404007.6029186,30.036355018615723,678,153650,confirmed,
889,0x471da5779839E4E92A013277a56d1F996559Cf43,node04,d900d1bc5b54166e3c7d94c1b0751d1e444494e2a0b2f523b606c74c024ce994,24,1791403977.5678875,1791403983.339124,5.771236419677734,664,153630,confirmed,
890,0x623FF15d21D810A94934e893d5d32068D8175219,node05,c66eb48be424ee72fdddc6465e39a58f39023768edefd42e49d1f5630fa3dc79,24,1791403977.5724099,1791403983.3079016,5.735491752624512,665,153630,confirmed,
891,0x0Cc2098c17DD6355e1fEf3A99f16A9E9aBfC4745,node06,77b57f0540ad245d6b35276abdaa7a58a94bee81342816ed0534a2226895f000,24,1791403977.573188,1791403983.5269916,5.953803539276123,666,153638,confirmed,
892,0xCd866d3e65Cb88fb8Ba479728219AE91eAB9ad3C,node07,92b8d8d4040830e945999fea7d64ce6464b5c11617396680940b7a82bf6b7445,24,1791403977.5770001,1791403988.4410276,10.864027500152588,667,153630,confirmed,
893,0x68521c14f04Bef1331aA728E89843A86a303b3cb,node08,3a9d90051ff2d5f1313c716f8e74641522b5876f8820367b6d1ce0a26b7ec261,24,1791403977.579011,1791403988.4056923,10.82668137550354,668,153618,confirmed,
894,0xE15C0893F5cF7245F0B93832B022236900180f9D,node09,37449f32adebf2ead9b82a5f28211a5165472ef4088ec8f8fdb5b1addcd11996,24,1791403977.5859137,1791403992.5568984,14.970984697341919,669,153594,confirmed,
895,0xEC62Fa6605612A8C8Cd72226014D0515abAC2295,node10,3a846fbf06674e87385322c7721194b99980a1ed93ca22b15619cb1235bda30b,24,1791403977.5878391,1791403992.402845,14.815005779266357,670,153650,confirmed,
896,0xD2c5C26D75273D683584e77e1168c799B8De3CDe,node11,07a0ec3e503dc8594baee69666b8f4e595293f5ea6c204531d5db6e0e10d9d15,24,1791403977.591864,1791403995.6866953,18.094831228256226,671,153650,confirmed,
897,0xDD108faf7f7CF7eddF6D531BC58DADAaFBE20830,node12,d586b63e26bdde707b3e8525f459b5c4fd23b623ea156a68f113ce6e2e2ffdbc,24,1791403977.5945423,1791403996.2833867,18.688844442367554,672,153630,confirmed,
898,0x9E7e35c6fAb6f9A52044EA1c219Ac5519F451ddF,node13,84000206f263df5aadd0318842c5ddcb9b16d2dd97aa8667f10126e964a43384,24,1791403977.5971308,1791403999.227767,21.63063621520996,673,153638,confirmed,
899,0xf96A2e003c592b0a25AeF9F38C8BD6030a1E8182,node14,1dec0edd8a8e3f5f21158f98b8db65f765254b210347c302f2b4d2df4deb32f9,24,1791403977.601386,1791404001.3706815,23.76929545402527,674,153650,confirmed,
900,0x254da557b1475F6C937b97A350b57C1045Bc9983,node00,9a3953cf4ef9def35877d9baa1564aac723866d2c47f8d4e581d65e5c9e74c65,24,1791403977.6038127,1791404003.1463022,25.542489528656006,675,153606,confirmed,
901,0x2787A0924fC37f73e3ff9aa814e8b8c99f97d9E4,node01,bd1097e0a3fd003804f860f43e372f8bd1ac75f06fecdd4d82b39c12ac3862f4,24,1791403977.6063433,1791404005.0714135,27.465070247650146,676,153626,confirmed,
902,0x1ae48A99b78231D9da773303Ceb29120952ffBE3,node02,6b5409c23448a75cba5290bfd69d69084613c82fb05104275e120c9ad7ab4a42,24,1791403977.6076295,1791404005.8245916,28.216962099075317,677,153630,confirmed,
903,0xd1F621051Cf51f026cfF6b19a11a773d26Ad8090,node03,dd2ac8d648611ee3f4a7cc2477001bd5bea7d1e9a03c62cbb23bc1405949df87,24,1791403977.609523,1791404007.5698187,29.96029567718506,678,153650,confirmed,
904,0x4D2B435ae4A26E1C0D706Bfd325a2B8BA93217EA,node04,b504ce44c3dbf7ce09f36268df1ed8fec2301b219e19f1ae957d60faa7829fab,24,1791403977.616196,1791403983.565373,5.949177026748657,664,153650,confirmed,
905,0x768e8Cd2d7AC82f2c18bC262e7F06aD25eA5C378,node05,798f5405813cf160761e163e22cbc7d325082e054292c7820ea213b83afb449d,24,1791403977.618536,1791403983.4193728,5.800836801528931,665,153650,confirmed,
906,0x389B8750E516aB2E6790A94fE59f6b839C917539,node06,6d9a074f3d1da4257e8baab5cd5e1d3dd00c7dfa6dffdc483a16e4d65b3174e7,24,1791403977.6197724,1791403988.677158,11.057385683059692,666,153650,confirmed,
907,0x9A93154bAF7e7602448DE2debE207b9C93Ad07dD,node07,ffe00943dfc1f463fe2f2d4bf4ebc2044f3804a6d84d15a4f1e70243733d0c63,24,1791403977.6206603,1791403988.4126656,10.79200530052185,667,153650,confirmed,
908,0x492CD8fc232cE1c2806B750DB558c93B95393c8E,node08,b3b77522a57783b19fd81ad84aadac1ce01d9b7a7db7b4a1b5f88bd658cbf046,24,1791403977.6231804,1791403988.627444,11.004263639450073,668,153626,confirmed,
909,0x1cCD69D0dB1FCfdfB305513078171BAB0181228b,node09,e7af5600016eb08442dc6764420d09c7187fe7d527a0ea14504f444b7baae03a,24,1791403977.6257637,1791403992.501142,14.875378370285034,669,153630,confirmed,
910,0xb23bf82a6F2737A9a8b520E0bE8f39FfE95b59c1,node10,3f6fb94a03a69117d0ddea1d3777ab54e6faeb2c03c767325b2144e735efd508,24,1791403977.6285286,1791403992.552647,14.924118518829346,670,153650,confirmed,
911,0x471889AFF17820aCa7C0CBCa2C4ae2cf4B029Ea5,node11,f0900ee68080064677f956f87f505e6d3b7bd62f26acaaa8fd900383abdda20b,24,1791403977.6309872,1791403996.1364021,18.505414962768555,671,153638,confirmed,
912,0x925e00DB2DC7275E646B3Ecf53d82e128e2ACa56,node12,451bfcfff38b01ba924a1886a92464c198c3ad1560ffa4bdccaece0006c7600a,24,1791403977.633097,1791403996.4295485,18.796451568603516,672,153650,confirmed,
913,0x0f2216Ad4357a34C4FCA8b00d035F198C5A42eFD,node13,2af535b8bed5d0e1540b478f684b96408fd4736d6ecde6403ebf7aa1020cd6d0,24,1791403977.6370702,1791403999.3917851,21.754714965820312,673,153630,confirmed,
914,0xD3C3D9E32E133dD6d6f1d15c943A7A4df8265a14,node14,fd2ddbe8a8fc8ebb17c2d76afd7dde9a0add56725aca72391366c858c3afb4ed,24,1791403977.6385965,1791404001.3513591,23.712762594223022,674,153650,confirmed,
915,0xa84d968A7ec54a614974De7159eC11B2efE7Eb79,node00,5ce119f25f8bfc7ca81059ffc104d2b17cfa51ff319d1f2728bf745ca12c7793,24,1791403977.6416295,1791404003.1778424,25.536212921142578,675,153626,confirmed,
916,0xD14B87bb00C78a34C84987B782aF8a97EDC0f435,node01,fa881220cde6d3960537298b365e8b6bb6c7a5c0d0c8aa1f299ad4f67877f3a5,24,1791403977.6440363,1791404005.1503222,27.506285905838013,676,153618,confirmed,
917,0x7a873EcD504AfE58B3C65570594023AbEFB67193,node02,4b6099b842dd40af62fd60e1f6d8a14aae82fca205d9145567b77bf9578eaadb,24,1791403977.653167,1791404005.7991278,28.145960807800293,677,153618,confirmed,
918,0x7aFf68c713fD2ACB83E7011E2A25Bfb391871Dc3,node03,7f44fc038facbe406546cc36beeab5958b8e792ee27f49304fe376b3b29cecb7,24,1791403977.6608992,1791404007.6816254,30.020726203918457,678,153630,confirmed,
919,0x1A7F70F6fDf712Ac3569D4Fa032b697B6e3ce8f2,node04,a04264e8f12c2113dbb8d878c69e10ae45ec3920c7b58cc975f232a6e3c44cd0,24,1791403977.6630404,1791403983.6185477,5.955507278442383,664,153626,confirmed,
920,0x7032144425a52F5209b6E94B23060942C233cFaA,node05,e63d7475d070e0e449b9997dcd1547411c67b454e03a6372a0069b8169d89b62,24,1791403977.664722,1791403983.6112502,5.946528196334839,665,153630,confirmed,
921,0x0dF4010c5d797f4770644Bf7bd0fa5c730a14c10,node06,5fc81029810c605aca8bc7f984bfcb29fe22f4733c6f11edc33d98a1433e0fec,24,1791403977.6699152,1791403983.7308989,6.060983657836914,666,153626,confirmed,
922,0x80526DEc6B71FaA86D4E6e8b38E1daa2611Fe44F,node07,29c79cf72df16c2a220e4479de6539b4b5f239c4e811959d2610a090de7b964d,24,1791403977.6717112,1791403988.8633196,11.191608428955078,667,153650,confirmed,
923,0x53B6A1625931868404ecA19B3b6561CE945f284C,node08,1975f1423cca635f61a4667027895081ee75f806c0df03731165154bd94e7edb,24,1791403977.6727452,1791403988.4920309,10.81928563117981,668,153630,confirmed,
924,0xa870A4991b4a7fb7b99307F89f059B1dD521C0cb,node09,7fba1af67976bf9a3a0e0c1c5570c8e37b1bfd2287cb986d3e4cce441fe81791,24,1791403977.676005,1791403992.5148432,14.838838338851929,669,153630,confirmed,
925,0xe1049e730590B67d5F12ad212BED542bAa1b4430,node10,a344bd61e300c85bf9f935909b2c7a7d15e056ea731685fceeb2a80b0ed5d549,24,1791403977.6780806,1791403992.8115554,15.133474826812744,670,153650,confirmed,
926,0x988F45e93A372f294c7A4F842e35F4B040434f37,node11,cfa251961b4bbf007547c1488d7119b57d5f622e567e766dfea90f911824889a,24,1791403977.6807694,1791403996.450515,18.769745588302612,671,153650,confirmed,
927,0x38683D2AFcAFFCA086b1af4331d5B6F183C85C8f,node12,6eb04a4751faeb12cd36138c5b5357a4f2a4e155c1ad7780e21e0820bca3c0a5,24,1791403977.6818,1791403996.346312,18.664512157440186,672,153650,confirmed,
928,0x81f35d6b84B1e0B7Cf3c3dc70604Ae8f4d4d04F2,node13,bb0f2ff3e31a48c917d8b77d5196101301ff058feffaff06f0f6ca73e7de8230,24,1791403977.6837177,1791403999.4123387,21.728621006011963,673,153630,confirmed,
929,0x0012B51Ab020f6287Fee28E08bCd0f34A751AFbd,node14,8f500154ceac30efefb9412e585bf745afd591c8d7894073bad23783fed9340e,24,1791403977.6921034,1791403999.3963234,21.704220056533813,674,153618,confirmed,
930,0xCfbA1c8F9378d2fA70E27188C6eD0b7ED962E7d5,node00,a3ee54d53c421bec8a81b13ceaf1a524c401482f40015a2a1377edb67481c7d5,24,1791403977.6947982,1791404003.1467013,25.451903104782104,675,153630,confirmed,
931,0xa765F05A38A9007dF04fc87B4F052e6a631BCCb4,node01,1279a33fa03b3c8600416d1e7d3644c9a15bff574e4ce623d8ebb2b50c5d5a99,24,1791403977.6964922,1791404005.1933978,27.49690556526184,676,153630,confirmed,
932,0xe6F8962f2cCEe30DF2595558B36Ea829ac92a894,node02,9886b68b5f2bf50289231a2aca058d98b283eaa328783b8b2decc4ffd0f8084f,24,1791403977.7047374,1791404005.9061189,28.20138144493103,677,153618,confirmed,
933,0x80Eb1c08fc463f67467E3D53Af6dB28d218D19cE,node03,4a45aa289628a6f762b1919f77908b9bc4897148f89850048cb695fed2b2f458,24,1791403977.7218819,1791404007.6660535,29.944171667099,678,153650,confirmed,
934,0xda26bb561846B87b8C094B3140e9b43251752E5a,node04,2ac388050ea7c5af8a4b228665a4fb1f0a2326f688d8ab7e349373b33b9c0e38,24,1791403977.72466,1791403983.4293885,5.704728603363037,664,153650,confirmed,
935,0x11cACb0bc19FeAB4723717b0Cc70009033FD05e0,node05,90c66c6132546cd664916170f8cd65ad1b860020625062be9066022dae4b8a27,24,1791403977.7267258,1791403983.7085328,5.981806993484497,665,153618,confirmed,
936,0xFD25F63Ed10E922775e0b51380d6F2Bac257667B,node06,81635dc44ba7039dec132d302846ab46b20864b6307b4598c4d6781e8f744bfc,24,1791403977.7301643,1791403983.5452518,5.815087556838989,666,153650,confirmed,
937,0x3156Bb9881bF9CF47ccb49a40EaEf01de79Df77F,node07,65d8bab0ab0c902225687e67d5b10bd52df0c5d996b13c6587ab806b7de74d41,24,1791403977.7340167,1791403988.8275485,11.093531847000122,667,153650,confirmed,
938,0xcFE63D906a3a372479E09aa0BE74F06Fb242dB7b,node08,1790c5b13478c054d0d38dd58a1bf103fd9ecc8d7a1c2bea3450793ed241bd8c,24,1791403977.7375562,1791403988.7821903,11.044634103775024,668,153630,confirmed,
939,0xfACcc10d1B6Beac8225f0E0631B89f4439e81C83,node09,700b609d88207894674d72389a69dd9c7b1b16ef556ca0790fcab940513247bb,24,1791403977.7399774,1791403992.586338,14.846360683441162,669,153630,confirmed,
940,0x9AeBD0eFF12C9e7b113a35593E05d676AeEE4856,node10,c4ea666d9cd9e257b87f90d2cbdd5d5c85238e130807be5bec667fe6ca67cf60,24,1791403977.7407568,1791403992.6603498,14.919593095779419,670,153638,confirmed,
941,0x6FC9e3f35D44cd8852aC9072Eca6FF8c218bE684,node11,6d55dd351ab1a7339e0178bc6639395a539d7c2090f03c94a05df3ead3e72429,24,1791403977.748006,1791403996.1626856,18.414679527282715,671,153638,confirmed,
942,0x7fa1018fBd2dDD6c80b326eB558091504f3d713c,node12,beb5fe98798525f8c6c4f9a48e5f080537277fe05922adfa17f365b8f75434a8,24,1791403977.7519166,1791403996.378262,18.62634539604187,672,153638,confirmed,
943,0x145E85dAA37334ed9c133650c11f7b3a7F7793a5,node13,39b90c0f8fe09fce69c486209bf8c5e25d7c89f11447a90d9b69dcf60964e6a4,24,1791403977.7528477,1791403999.3950992,21.64225149154663,673,153618,confirmed,
944,0xd849C89fa1A5b8c0DA9a1045C368c55F37C403a5,node14,36b173e1e3400ee5f77b1263d67157a8db703f80f367d0ebc628b0300df96773,24,1791403977.755757,1791404001.3941667,23.63840961456299,674,153650,confirmed,
945,0x64750cBE0dD06A1F7321568ae8Ac8b2Bd36ADfE9,node00,4bf57401bc03a567d9a9407e9bded9096214a7343576ac4cbcd92157550f870d,24,1791403977.7631316,1791404003.1786685,25.415536880493164,675,153650,confirmed,
946,0x3d4CB44AD4705D5378D9daA7abd22D4E7d598dC3,node01,256ab60c73e68fb9408e11b812075e213a43e8bece31ecd5ff66f21c26308b8a,24,1791403977.7643971,1791404005.1488726,27.384475469589233,676,153630,confirmed,
947,0xF01b74E20274718163fa3D73a69962F5583835FD,node02,1353edf4472d140f9c28bd50ac7d19189a510546c8ea6e8d33e313efe3d70322,24,1791403977.7658226,1791404005.9620378,28.19621515274048,677,153638,confirmed,
948,0xd96b7b8D7e4F92C37f0c78Ee9B21483C0D3eD287,node03,ba88b62d4bcb3276a74d4fff699c17fe7a6e46b7873a811affdb6963c3cbdc34,24,1791403977.766884,1791404007.661287,29.894402980804443,678,153618,confirmed,
949,0x7ba99E6d4de6b33751d8472386ff6358ef5627FB,node04,dbab499c2e2e0f84761f07208dd2324f0c69b1d81619a4af24fbc0e6e2c7bf1a,24,1791403977.7707355,1791403983.4942958,5.723560333251953,664,153618,confirmed,
950,0x02C6C0Cb6db0Bb0a210cA6389024E0926213783e,node05,40b7a19b67bdbae556d9be4d5094fab30b145ab33e30f840ce514997a8ec75a7,24,1791403977.7729197,1791403983.7509203,5.978000640869141,665,153650,confirmed,
951,0x1b4ca853ea92014E97Bac424439D6A97bE6B6727,node06,d27ac6da9d5145716b9458bb5138f793084dd2fec81762defe456796bd1903cb,24,1791403977.7786088,1791403983.5281854,5.749576568603516,666,153618,confirmed,
952,0x763cE7084Ed369CbEa110D1E18bcF22023019844,node07,1c9c9603152dba27d9278c08a7a610bd3b16479a1ad654dcd7da9cb2782dbc63,24,1791403977.7813628,1791403988.8452115,11.063848733901978,667,153650,confirmed,
953,0xaa61e497B8A4eAa00E0FE049abBDeF03E64c0196,node08,e785867e9d8423dc5a9d5f8322d5b21e06c2fa55274c88c7bfa68cae063875ac,24,1791403977.7866907,1791403988.5450847,10.758394002914429,668,153650,confirmed,
954,0x312F206AEd2B7bfaD286F76cF4dFF6151A70A568,node09,602b5e343c4b2b8ebf9e9bc3e8d9525b9ab86d20dbcbb0fc14997982bc7f3a84,24,1791403977.7895558,1791403992.578992,14.789436101913452,669,153650,confirmed,
955,0x1b6487F433802e88AE97805fFFaCef400Ee2AE86,node10,ffffd371981c5f565c4ecf09700a56f499f3d697869b8ca9cf44eb2f2c13e6b0,24,1791403977.7907248,1791403992.8542113,15.063486576080322,670,153618,confirmed,
956,0x0B87DE9cB340F5034DCd0a10864C875F8e576aa5,node11,31761c11398b2c09bf76daa3e5fe9d85c3c9a7241389a50a8d4178fb7c38b37b,24,1791403977.7950218,1791403996.2134283,18.41840648651123,671,153630,confirmed,
957,0xB78380D551E63c048522Aa59947a8694ed74da72,node12,0006951a115e9f2d41c447438ecefcd9096209314ceecafd15f4cd3afc984fbc,24,1791403977.7988372,1791403996.3813148,18.582477569580078,672,153630,confirmed,
958,0x69faEC311FDdf42cBA1D0eAe2AA897c3a7efF335,node13,a682997b57c6e8008d0a04de3a2d9613baed8e29c6adccc3b342decf821950eb,24,1791403977.8016677,1791403999.4027138,21.601046085357666,673,153630,confirmed,
959,0x10d5caeE47DF1Bb4DF30063f2d64904143A692Bf,node14,bf2a21afe151a2f8e5216689279e50667bdb516777d6dc992eab403ca59d33ef,24,1791403977.8045502,1791404001.3953063,23.59075617790222,674,153650,confirmed,
960,0xBE043beDe3fA5dC8789B73e746FAB2E94f036052,node00,15e1b631fc2d28970f1732a97d9307c01135aec102002448dd29c1fbbee0524b,24,1791403977.8069985,1791404003.1624372,25.355438709259033,675,153630,confirmed,
961,0x9AAC199842C128c38bE31adC450d1e3FF5061727,node01,f85e45023c2dfd8c9f73ff6f7a051e215ff06e8f534a24e15e0027731755af91,24,1791403977.8085942,1791404005.2059443,27.397350072860718,676,153630,confirmed,
962,0xCdc883B10aAa859Bd96da67335270491E37aBfD7,node02,5ffc277dbf1c42d84f53b7d5c6472f3b6697fdef1f7ba32431bb0efa35ae24ab,24,1791403977.8106444,1791404005.9564126,28.14576816558838,677,153618,confirmed,
963,0x64217d9925B7649494665f246CA7F4DF4B7910DE,node03,47ebf2255a563ae96897ed96c32ddf9e4e242b4bb16ca206f7f7136b8f42def0,24,1791403977.8127356,1791404007.7086666,29.895931005477905,678,153630,confirmed,
964,0xE498b911a85F77A7393edd66857CEcC719d5E629,node04,8232d0be57da15695c3a25619c8d8519a01cfc8acc5a36231f1a6cfa30187e0d,24,1791403977.8174467,1791403983.67896,5.861513376235962,664,153650,confirmed,
965,0x3422a49fA469eD38EE003ae980B3453e56D84F66,node05,7107cfd37c5babfe8e9e9e2ecc1ac3d0d908e4d55506cacc9a078184fb963082,24,1791403977.8206933,1791403983.6283047,5.807611465454102,665,153618,confirmed,
966,0x4AE97Aa113BD9b4625F2B86ef940b4D158878f27,node06,3eee2227588dabe519a80643a08693e12808089d71d5359f3ad8b99e64f6ff2c,24,1791403977.8279123,1791403983.550236,5.722323656082153,666,153606,confirmed,
967,0x0c5a754464117665067eE6F4C248e8E357628aF2,node07,a09099d2e1f61cceb8112de939f8528c26af9ee98ccb7f74f5642c1bc44e1c0e,24,1791403977.8307843,1791403988.7139513,10.883167028427124,667,153638,confirmed,
968,0xd9ea30914CF80F8dd77aed5EE316C0FD4Cd0F7c0,node08,385c47d13866a7cd52ccde95b0bffcb5e52acbc523960ff4930539a93f2a6a39,24,1791403977.832517,1791403988.698651,10.86613416671753,668,153630,confirmed,
969,0x9E105cFb092e279c699036b4e68984EeF4d1A9f4,node09,883cce229a68895b7ef4c98e512c32e86db10327fa886711bb3ca8a39beb55bb,24,1791403977.8335373,1791403992.6585712,14.825033903121948,669,153650,confirmed,
970,0xac1ac51DCAaeD8C1D58881c4366067d92fe13d34,node10,5c68746c2f15772758f2427f3791a5eadc8e5dbe7855f96e8b0a7ff9e98c4193,24,1791403977.8378735,1791403992.6778228,14.839949369430542,670,153638,confirmed,
971,0x988A593Fb760A301751B281b013566cC45375eC1,node11,237886b3d20f4aa0ced800f8a266d6a970d7e87e494ed85dd25e26bbbc172408,24,1791403977.8402183,1791403996.4697115,18.629493236541748,671,153630,confirmed,
972,0xE2a603c5c0579308a23F0Aaadb10684174206601,node12,1a7cd22aff6d3e22e177a62b01fca95c1b2b7b89cb67870e7330a6af166e3606,24,1791403977.8423128,1791403996.4948318,18.65251898765564,672,153650,confirmed,
973,0xc569563E385A705E8c0d5EF3F8A51BDD08DB7b3c,node13,34712cd281a919967bee9fb7c73afd2058125301b891d279c0fefbbefbf9798e,24,1791403977.844839,1791403999.3988936,21.554054498672485,673,153630,confirmed,
974,0x140a0A4a6Acf57227A8D2249584A393904e8B626,node14,3d9e8a913a47d9de814e92b1ea4aa08a3e9fbfd879f22de78738541421274493,24,1791403977.8476045,1791404001.3958461,23.54824161529541,674,153638,confirmed,
975,0x88939C4743719523815Af56E52363D2AC323480b,node00,0aeccb45f5200b05eeb435b6ba5876aeb4a8ed6c80682ae6687ea73c79a054fd,24,1791403977.8512614,1791404003.2006981,25.34943675994873,675,153630,confirmed,
976,0xb972aB12cd15E4ED061171f1eA2026817d00b73F,node01,a3cebfbde2e5174bb0b841554ee0ef6e9e0b75ed3e1be1b14eea02e38b4787eb,24,1791403977.8527994,1791404005.1788917,27.32609224319458,676,153650,confirmed,
977,0x48782dab2542a26D7128385fD8E2AA46256b6B6A,node02,bcfcc4cdbf2d934cc38df41587937efbf244356b1c96f1be7b01cfdcf99ffc64,24,1791403977.8565354,1791404005.9695218,28.11298632621765,677,153638,confirmed,
978,0x0719398477d9F58fbc64E655016a0B1E5579Edfd,node03,3e4e2c9133cf1c442535674d68760da01b5d6e0b59e5c0bf1c8269658f1bcd12,24,1791403977.858705,1791404007.713917,29.855211973190308,678,153638,confirmed,
979,0xF98eBae84B849Df7b81337F309CdA39174DF2d4e,node04,f65553075fc0ed019560ba3cbe29b180d63e0f5bd1a95811a71f6bfade90e97c,24,1791403977.866646,1791403983.5236602,5.6570141315460205,664,153630,confirmed,
980,0x954c796cf046943984246DEeA05FE338EBdbECdD,node05,e1626b9e201b5151740a9b3f32e4799f962da39addd8b4053c8cb37d461f9fd2,24,1791403977.8714268,1791403983.807924,5.936497211456299,665,153650,confirmed,
981,0x47f0c3eCBE412aaDE8Dc5d001D623A08B52C7920,node06,00b7afb02ac90c1cae34b8eb652c482963706f033e013ebfa3bd642b592cce3d,24,1791403977.8739507,1791403983.7040424,5.830091714859009,666,153650,confirmed,
982,0xa985e59e2532c119e348931dC3203a7A2eb7bee7,node07,4fc8e578856111247def01a76835976cdb52e1cb1617f6742f8efa6939773a28,24,1791403977.8763456,1791403988.8951216,11.018775939941406,667,153618,confirmed,
983,0xE80F9Fc1D25C6E4348344f49E1Cf0704693523bA,node08,0cad664538773676915f60b34a2e5f5b13ede196892bd9af533100e90cf9d081,24,1791403977.878386,1791403988.8108807,10.932494640350342,668,153618,confirmed,
984,0x9ea531f37204D5833EB940DdD1719f69BE40B558,node09,c46ca963bc9cea246f7738a8b48b38757f44dddd5cbee9d207b1b77eb3e16496,24,1791403977.880912,1791403992.7623565,14.881444454193115,669,153650,confirmed,
985,0x5f8601820B3650Ddd3090698DAAB9Af1d0ED537D,node10,bb687c4fb9abb043f81e06bce53557682349f09e01be46472f75c0bc309ac86c,24,1791403977.884193,1791403992.804917,14.920724153518677,670,153638,confirmed,
986,0x8B30C9b2304Cd6326eA12227D98F8914099CA6BF,node11,d138dfe9b1f17d754552b7a3bcefcd142eb6fc741e2792495f503cbab74c1124,24,1791403977.8907802,1791403996.362822,18.472041845321655,671,153618,confirmed,
987,0xa0a2f0D3f80E3461825b43608da60b9d4ce0Fa36,node12,82dc2e26efb6dff7dc907b6531fd6099222d8dc04668966fa3b4417f81e7d762,24,1791403977.8943467,1791403996.4160914,18.52174472808838,672,153630,confirmed,
988,0xDb57c67179EF228Ac3f47299CaFefa6D4a444f59,node13,8b598c71ec7c7d620bc9d09a73b43bc71d6a7972014fb406c089cad550cef045,24,1791403977.8988295,1791403999.3890347,21.49020528793335,673,153650,confirmed,
989,0x630010945556C0d4faa5259d70a1CB8CA346E8bB,node14,b8adc65b42b0d2eacd6f0a22b4a144f02f6bb8d1b36e04bd0d1c7cd1410f5a10,24,1791403977.903014,1791403999.411052,21.50803804397583,674,153618,confirmed,
990,0x066D5c52ecC78Fa62cB3A81a6980C91678012f21,node00,00cd342ab0eff3755e0651f6a72562974562baca8b4db3e6ccf96857493790db,24,1791403977.9068458,1791404003.200325,25.293479204177856,675,153630,confirmed,
991,0xe6d953a02dcA4C8A98c7b97c139Cf99ca3b1114B,node01,0aa736cdcf4e658c045b2cfddcd592c0692d406a029417f7909eaf1583c825a2,24,1791403977.9090111,1791404005.1322138,27.2232027053833,676,153650,confirmed,
992,0x1F9e72552f2445E60c33306bacc40E26b022E890,node02,16f83d651aec3c6adf4e0d56601044ad33badd6983907572d293793be1088e6d,24,1791403977.910266,1791404005.906944,27.996678113937378,677,153650,confirmed,
993,0x0652BdB240dDAF478eC255d64b011135e373C6fd,node03,16bd1649f484c0a57d5040c67f7081f3502a53b0b58daa1f6a01608f68036c32,24,1791403977.9113395,1791404007.698551,29.787211418151855,678,153618,confirmed,
994,0x5374FBFC8B13c63c0B9c4bd78041372327cBA8C3,node04,9950ddcef6c7e3d78b49b400b8ebfc765fb0252e2833e5672ed4e257b0d8fe98,24,1791403977.916031,1791403983.805011,5.888980150222778,664,153630,confirmed,
995,0xdBf477d1aa2d45Ad0dE50d3B07FeD263e8ca0E91,node05,d00b212679ccdf1fd154e0636754567bf3761efd5f07314895b2715358cd1a05,24,1791403977.92054,1791403983.808543,5.888002872467041,665,153638,confirmed,
996,0x1da63F4b81F344c4a96094eC254303c11628f684,node06,9c9d02ea106c64685dbf89037af7bf8206106ffd115d6d85337d5c2b82c4b94d,24,1791403977.9222937,1791403983.800957,5.8786633014678955,666,153650,confirmed,
997,0x98386fFC55f7edA72c7263726dCd9F23022eDA58,node07,e3d871a6c851f02164e398d7f034f3306f1b8584e1320d0ea631e8392929b17d,24,1791403977.923354,1791403988.8161697,10.892815828323364,667,153630,confirmed,
998,0x608AE7595213C135b5c2a4EF244C8998a0d7eabb,node08,4190ee04142e3762a2eb2ebe56729fc55f91b684860ced4a40acec93cf11a0b0,24,1791403977.9274695,1791403988.8468702,10.919400691986084,668,153650,confirmed,
999,0x27B4E858232Cb97909864251b35DDe48cF0BD9C3,node09,a2b9792dbef0dad5450a244a4f72f4446fac153056cee10fd0277ae4c6bf733e,24,1791403977.929485,1791403992.8576643,14.928179264068604,669,153638,confirmed,
1000,0xD27983649A9B9bDe44f0ABe0179fd5ab7b97e2d4,node10,deaf09a7cd764c37d16c38abc4514656b5d3efd10402b4be575228ab3147b081,24,1791403977.9346895,1791403992.742829,14.808139562606812,670,153618,confirmed,
1001,0x71c9541e77c7dFF1b6998a46aE12fdBd0E294b8c,node11,58793d2187a97eed3ab41b1bce419424d78ce880e411a68fa7da6b3597deed7a,24,1791403977.938333,1791403996.4577017,18.519368648529053,671,153638,confirmed,
1002,0x135D22e8c7C8524054f45fB33822E6Bc9232FEc1,node12,1b2b1b457625d2318d8569f0746670127667ee78402dea6c117cda088e2e3d52,24,1791403977.939934,1791403996.3875182,18.44758415222168,672,153618,confirmed,
1003,0x04a594d7e24C87330EC8991c372660DAc687e37F,node13,1c73cae19284597c8a242031a2ab05b766ca6e29c5fb813b681cb94b7025c3d1,24,1791403977.9418654,1791403999.409025,21.467159509658813,673,153650,confirmed,
1004,0x32e174a7DD94556231f2fee5fF9C75fe55BD1199,node14,fad64208affddfaebfac3615349b91ac097a895c832cfeee4400173bb6dd1794,24,1791403977.9467437,1791403999.4088798,21.462136030197144,674,153630,confirmed,
1005,0xDba49493451Ac9eaE4c106a6B9d64e6a412e9490,node00,b026a61dfa707fb93654e281b04b6a798ea3e495ab7a88c799ff6472e94f5930,24,1791403977.9510746,1791404001.3972373,23.446162700653076,675,153650,confirmed,
1006,0x3E6962B1a788F56C9D9d9d5c54BfA35C5aEde3f0,node01,c037097d01a1569d4ad08b196c79e77db5ce6253529db3c995e53a1991ae785d,24,1791403977.9521048,1791404005.173142,27.22103714942932,676,153630,confirmed,
1007,0xA49457EDd7c99cadB86eCd12C81f08842f4491bd,node02,51f96d9cd0c5c02f701fc18d54935f17d8f028e21399b34c8786fba0aad26af3,24,1791403977.9562783,1791404005.9703805,28.01410222053528,677,153630,confirmed,
1008,0xDcb0b9e7e6b34633eE2cF090F835c9592bBf50E0,node03,a0cf475fabcf14789c94ee14891639f0389f7158fe4f05783f35aca2b0571425,24,1791403977.9581,1791404007.721644,29.763543844223022,678,153650,confirmed,
1009,0x97a6Abd9e741E3E5aaD635a7F09845694607BD54,node04,941c8aa63f6d861c940ea88357cb5cbba6e38c8a2918e11ee6bcc522fca89f74,24,1791403977.9604049,1791403983.7468069,5.786401987075806,664,153650,confirmed,
1010,0xfB92e9d47502B5B1e0323F317F4E38e69b54C041,node05,371c91d41782e6748dfa8a6a508d89afbb5227b6b24c891faa516dbd9f09926f,24,1791403977.962635,1791403983.7854276,5.8227925300598145,665,153606,confirmed,
1011,0x6E6EC24e7D4D4F8031E64e9194D36C5223fE5ee7,node06,0fb036653b82895bea1bd8cf1cdf9a12c05dd9e5ce577fe8f0bc41e1a80ed3d8,24,1791403977.9637604,1791403983.8024628,5.838702440261841,666,153650,confirmed,
1012,0x1113Aa01212Dd2bf0eB20A0018b6e64Cb73c5F03,node07,1ff0962fedda50a44ef2da5b1cc3cf860c6b411ebbbe0deffd7c0687685e9a6d,24,1791403977.9651556,1791403988.8499584,10.88480281829834,667,153630,confirmed,
1013,0x072938d3A692438fc78Be0C46a9C9ADa34eC701E,node08,f16e4b87fbaa823436bc92b1ea38d628bc13ce354019446ca3beacafacedb1e6,24,1791403977.9701836,1791403988.8300397,10.859856128692627,668,153650,confirmed,
1014,0x09d0656A3E41207f56ae30c064E667381C44bDDB,node09,febd0f893de01b88a1848062ee2ce4b97b3fce25fa7cca9549270f9b70fa253c,24,1791403977.97364,1791403992.798394,14.824753999710083,669,153606,confirmed,
1015,0x443293c8a51853707E26CCf66b5B963ff92Baf67,node10,9fe6d84b4e2a7450309dfa07c6c54128ed91e0cce3420a93967e68810e928cc7,24,1791403977.9764361,1791403992.8598218,14.88338565826416,670,153618,confirmed,
1016,0x408268c1B325947132298774448e2974642D0899,node11,afb8d5dd48a31910fd9729872a9d06d68a6938c9fdfcdaca04e78c9f079d0dab,24,1791403977.9784229,1791403996.4766865,18.498263597488403,671,153650,confirmed,
1017,0x635f3948BeF2A8CBAf6df413Ac550A84f14f7158,node12,8dc4a9e773a94dce42bc5662ac20835e4523c47c87909ad6e8bb0b8d222e74d8,24,1791403977.982587,1791403996.4937458,18.51115870475769,672,153630,confirmed,
1018,0x8859fE0C419D525E4e811646eE5467d1F34fd1Dc,node13,699afe42cf12ad285a55b0cd697efbbaae53e52f3b1edf762b3dbff6eb76ceb6,24,1791403977.9859235,1791403999.4126418,21.42671823501587,673,153650,confirmed,
1019,0xD0358d6b1C49FBe4bd959Aa6090d24315f5D52bB,node14,a57ec67dd8dd4aaf56e08f9ed43a8a1950e88134fce9b740c2bed59f704156ef,24,1791403977.9888756,1791403999.4117072,21.422831535339355,674,153630,confirmed,
1020,0x64b161aD07E7a73eE66b919832250430E1C18722,node00,88094eb69dabf5ad9d0e5f9b047e7bb109090568d8366dede03668489d63f345,24,1791403977.990001,1791404003.2022922,25.21229124069214,675,153630,confirmed,
1021,0xE2Eaf3669eBf23b8c8118B3e0A0A17f6d85B6c9B,node01,a8eb0209cf6fb32e25ea0a16ea4a01501a081b557323e8ea1141d594a9724514,24,1791403977.9930313,1791404005.1758556,27.18282437324524,676,153630,confirmed,
1022,0x8bf2408E4c830Fa78a77299f60231221A3b96F5E,node02,c83467f307348d6221aea258af4733f7e84ba0b0678861c927b97281d253935e,24,1791403977.9944422,1791404005.9774287,27.982986450195312,677,153618,confirmed,
1023,0xEA1a5b718c6a4F6961d8CA510B1e5B78c40670Ee,node03,023ff5af8c70af68ec47d22ea6bccfd60e1172b38e0a05ccbedb5323626e64da,24,1791403978.0009983,1791404007.6900225,29.689024209976196,678,153630,confirmed,
