
$ bash scripts/04c-run-network-apptainer.sh wan
=== Step 0: stop the previous zkRoam Apptainer network ===
$ apptainer exec --cleanenv /tmp/zkroam-hw-22073-TarIRJ/net-heterogeneity/zkroam-besu.sif ip -o link show
$ apptainer exec --cleanenv /tmp/zkroam-hw-22073-TarIRJ/net-heterogeneity/zkroam-besu.sif ip link delete zkroam0
=== Step 1: generate genesis, validator keys, and accounts ===
==========================================
Generating QBFT test network
==========================================

Validators : 15
Client accounts : 2000
Balance/account : 1000000000000000000000 wei

[1/5] Cleaning previous network files...
[2/5] Generating QBFT validators and genesis...
2026-10-07 16:03:05.357+00:00 | main | INFO  | GenerateBlockchainConfig | Generating 15 nodes keys.
2026-10-07 16:03:05.364+00:00 | main | INFO  | GenerateBlockchainConfig | Generating keypair for node 0.
2026-10-07 16:03:05.425+00:00 | main | INFO  | GenerateBlockchainConfig | Generating keypair for node 1.
2026-10-07 16:03:05.428+00:00 | main | INFO  | GenerateBlockchainConfig | Generating keypair for node 2.
2026-10-07 16:03:05.443+00:00 | main | INFO  | GenerateBlockchainConfig | Generating keypair for node 3.
2026-10-07 16:03:05.445+00:00 | main | INFO  | GenerateBlockchainConfig | Generating keypair for node 4.
2026-10-07 16:03:05.448+00:00 | main | INFO  | GenerateBlockchainConfig | Generating keypair for node 5.
2026-10-07 16:03:05.449+00:00 | main | INFO  | GenerateBlockchainConfig | Generating keypair for node 6.
2026-10-07 16:03:05.450+00:00 | main | INFO  | GenerateBlockchainConfig | Generating keypair for node 7.
2026-10-07 16:03:05.452+00:00 | main | INFO  | GenerateBlockchainConfig | Generating keypair for node 8.
2026-10-07 16:03:05.453+00:00 | main | INFO  | GenerateBlockchainConfig | Generating keypair for node 9.
2026-10-07 16:03:05.454+00:00 | main | INFO  | GenerateBlockchainConfig | Generating keypair for node 10.
2026-10-07 16:03:05.455+00:00 | main | INFO  | GenerateBlockchainConfig | Generating keypair for node 11.
2026-10-07 16:03:05.458+00:00 | main | INFO  | GenerateBlockchainConfig | Generating keypair for node 12.
2026-10-07 16:03:05.459+00:00 | main | INFO  | GenerateBlockchainConfig | Generating keypair for node 13.
2026-10-07 16:03:05.460+00:00 | main | INFO  | GenerateBlockchainConfig | Generating keypair for node 14.
2026-10-07 16:03:05.462+00:00 | main | INFO  | GenerateBlockchainConfig | Generating QBFT extra data.
2026-10-07 16:03:05.470+00:00 | main | INFO  | GenerateBlockchainConfig | Writing genesis file.
[3/5] Generating 2000 funded client accounts...
Generating 2000 funded accounts...

Generated 2000 accounts.
Saved to: /tmp/zkroam-hw-22073-TarIRJ/net-heterogeneity/accounts/accounts.json
[4/5] Updating genesis alloc...
Existing configured alloc accounts: 2
Generated workload accounts: 2000

Final genesis alloc contains 2002 accounts.
[5/5] Verifying generated network...

==========================================
QBFT network generation complete
==========================================

Genesis:
  /tmp/zkroam-hw-22073-TarIRJ/net-heterogeneity/networkFiles/genesis.json

Validators:
  /tmp/zkroam-hw-22073-TarIRJ/net-heterogeneity/networkFiles/keys/

Client accounts:
  /tmp/zkroam-hw-22073-TarIRJ/net-heterogeneity/accounts/accounts.json

Validator count:
15

Client account count:
2000

Genesis alloc count:
2002

First 10 client accounts:
000 0x5626E8054cFf843d4ce6faf779EF7eb47638fcC5 balance=1000000000000000000000
001 0x074E38Aa8fd55b30c9Bbae924070093A0A56A272 balance=1000000000000000000000
002 0xAab6B8f9212b89A6cf84AE6D03e24c7beA56BcBe balance=1000000000000000000000
003 0x2E8455c08a83739c403bBd9763Ac70B5efaE7C2C balance=1000000000000000000000
004 0x746A39844956818E5b8554056231db0E633D3d46 balance=1000000000000000000000
005 0x6E4360B9F80c0e0E019cF7cFee0A605456D60006 balance=1000000000000000000000
006 0x9Dd43bE3FE2802851fa10099e1641C68070f8866 balance=1000000000000000000000
007 0x29BEf59D0BaF4feBca3891326f8D88CDE3A7B63F balance=1000000000000000000000
008 0xd0788C58275b8D8a3831DA74A8b6A9791fb731C3 balance=1000000000000000000000
009 0x46Fb776F9778de09B9894Beef1Ed44D8a5D670e2 balance=1000000000000000000000

==========================================
IMPORTANT
==========================================

Client private keys are stored in:
  /tmp/zkroam-hw-22073-TarIRJ/net-heterogeneity/accounts/accounts.json

Do NOT commit this file to Git.

=== Step 2: generate the wan topology ===
Wrote /tmp/zkroam-hw-22073-TarIRJ/net-heterogeneity/networkFiles/topology.json
Region distribution: {'us-east': 3, 'us-west': 3, 'eu-west': 3, 'ap-southeast': 3, 'sa-east': 3}
=== Step 3: start 15 isolated Apptainer-backed validators ===
$ apptainer exec --cleanenv /Utilisateurs/abellach/zkRoam/net-heterogeneity/zkroam-besu.sif ip -o link show
$ apptainer exec --cleanenv /Utilisateurs/abellach/zkRoam/net-heterogeneity/zkroam-besu.sif ip link delete zkroam0
$ apptainer exec --cleanenv /Utilisateurs/abellach/zkRoam/net-heterogeneity/zkroam-besu.sif ip link add zkroam0 type bridge
$ apptainer exec --cleanenv /Utilisateurs/abellach/zkRoam/net-heterogeneity/zkroam-besu.sif ip addr add 172.28.0.1/24 dev zkroam0
$ apptainer exec --cleanenv /Utilisateurs/abellach/zkRoam/net-heterogeneity/zkroam-besu.sif ip link set zkroam0 up
$ apptainer exec --cleanenv /Utilisateurs/abellach/zkRoam/net-heterogeneity/zkroam-besu.sif ip link delete zkh00
$ apptainer exec --cleanenv /Utilisateurs/abellach/zkRoam/net-heterogeneity/zkroam-besu.sif ip link add zkh00 type veth peer name eth0
$ apptainer exec --cleanenv /Utilisateurs/abellach/zkRoam/net-heterogeneity/zkroam-besu.sif ip link set zkh00 master zkroam0
$ apptainer exec --cleanenv /Utilisateurs/abellach/zkRoam/net-heterogeneity/zkroam-besu.sif ip link set zkh00 up
$ apptainer exec --cleanenv /Utilisateurs/abellach/zkRoam/net-heterogeneity/zkroam-besu.sif ip link set eth0 netns 1511030
$ nsenter -t 1511030 -n apptainer exec --cleanenv /Utilisateurs/abellach/zkRoam/net-heterogeneity/zkroam-besu.sif ip link set lo up
$ nsenter -t 1511030 -n apptainer exec --cleanenv /Utilisateurs/abellach/zkRoam/net-heterogeneity/zkroam-besu.sif ip addr add 172.28.0.10/24 dev eth0
$ nsenter -t 1511030 -n apptainer exec --cleanenv /Utilisateurs/abellach/zkRoam/net-heterogeneity/zkroam-besu.sif ip link set eth0 up
$ nsenter -t 1511030 -n apptainer exec --cleanenv /Utilisateurs/abellach/zkRoam/net-heterogeneity/zkroam-besu.sif ip route add default via 172.28.0.1
$ apptainer exec --cleanenv /Utilisateurs/abellach/zkRoam/net-heterogeneity/zkroam-besu.sif ip link delete zkh01
$ apptainer exec --cleanenv /Utilisateurs/abellach/zkRoam/net-heterogeneity/zkroam-besu.sif ip link add zkh01 type veth peer name eth0
$ apptainer exec --cleanenv /Utilisateurs/abellach/zkRoam/net-heterogeneity/zkroam-besu.sif ip link set zkh01 master zkroam0
$ apptainer exec --cleanenv /Utilisateurs/abellach/zkRoam/net-heterogeneity/zkroam-besu.sif ip link set zkh01 up
$ apptainer exec --cleanenv /Utilisateurs/abellach/zkRoam/net-heterogeneity/zkroam-besu.sif ip link set eth0 netns 1511512
$ nsenter -t 1511512 -n apptainer exec --cleanenv /Utilisateurs/abellach/zkRoam/net-heterogeneity/zkroam-besu.sif ip link set lo up
$ nsenter -t 1511512 -n apptainer exec --cleanenv /Utilisateurs/abellach/zkRoam/net-heterogeneity/zkroam-besu.sif ip addr add 172.28.0.11/24 dev eth0
$ nsenter -t 1511512 -n apptainer exec --cleanenv /Utilisateurs/abellach/zkRoam/net-heterogeneity/zkroam-besu.sif ip link set eth0 up
$ nsenter -t 1511512 -n apptainer exec --cleanenv /Utilisateurs/abellach/zkRoam/net-heterogeneity/zkroam-besu.sif ip route add default via 172.28.0.1
$ apptainer exec --cleanenv /Utilisateurs/abellach/zkRoam/net-heterogeneity/zkroam-besu.sif ip link delete zkh02
$ apptainer exec --cleanenv /Utilisateurs/abellach/zkRoam/net-heterogeneity/zkroam-besu.sif ip link add zkh02 type veth peer name eth0
$ apptainer exec --cleanenv /Utilisateurs/abellach/zkRoam/net-heterogeneity/zkroam-besu.sif ip link set zkh02 master zkroam0
$ apptainer exec --cleanenv /Utilisateurs/abellach/zkRoam/net-heterogeneity/zkroam-besu.sif ip link set zkh02 up
$ apptainer exec --cleanenv /Utilisateurs/abellach/zkRoam/net-heterogeneity/zkroam-besu.sif ip link set eth0 netns 1512151
$ nsenter -t 1512151 -n apptainer exec --cleanenv /Utilisateurs/abellach/zkRoam/net-heterogeneity/zkroam-besu.sif ip link set lo up
$ nsenter -t 1512151 -n apptainer exec --cleanenv /Utilisateurs/abellach/zkRoam/net-heterogeneity/zkroam-besu.sif ip addr add 172.28.0.12/24 dev eth0
$ nsenter -t 1512151 -n apptainer exec --cleanenv /Utilisateurs/abellach/zkRoam/net-heterogeneity/zkroam-besu.sif ip link set eth0 up
$ nsenter -t 1512151 -n apptainer exec --cleanenv /Utilisateurs/abellach/zkRoam/net-heterogeneity/zkroam-besu.sif ip route add default via 172.28.0.1
$ apptainer exec --cleanenv /Utilisateurs/abellach/zkRoam/net-heterogeneity/zkroam-besu.sif ip link delete zkh03
$ apptainer exec --cleanenv /Utilisateurs/abellach/zkRoam/net-heterogeneity/zkroam-besu.sif ip link add zkh03 type veth peer name eth0
$ apptainer exec --cleanenv /Utilisateurs/abellach/zkRoam/net-heterogeneity/zkroam-besu.sif ip link set zkh03 master zkroam0
$ apptainer exec --cleanenv /Utilisateurs/abellach/zkRoam/net-heterogeneity/zkroam-besu.sif ip link set zkh03 up
$ apptainer exec --cleanenv /Utilisateurs/abellach/zkRoam/net-heterogeneity/zkroam-besu.sif ip link set eth0 netns 1512855
$ nsenter -t 1512855 -n apptainer exec --cleanenv /Utilisateurs/abellach/zkRoam/net-heterogeneity/zkroam-besu.sif ip link set lo up
$ nsenter -t 1512855 -n apptainer exec --cleanenv /Utilisateurs/abellach/zkRoam/net-heterogeneity/zkroam-besu.sif ip addr add 172.28.0.13/24 dev eth0
$ nsenter -t 1512855 -n apptainer exec --cleanenv /Utilisateurs/abellach/zkRoam/net-heterogeneity/zkroam-besu.sif ip link set eth0 up
$ nsenter -t 1512855 -n apptainer exec --cleanenv /Utilisateurs/abellach/zkRoam/net-heterogeneity/zkroam-besu.sif ip route add default via 172.28.0.1
$ apptainer exec --cleanenv /Utilisateurs/abellach/zkRoam/net-heterogeneity/zkroam-besu.sif ip link delete zkh04
$ apptainer exec --cleanenv /Utilisateurs/abellach/zkRoam/net-heterogeneity/zkroam-besu.sif ip link add zkh04 type veth peer name eth0
$ apptainer exec --cleanenv /Utilisateurs/abellach/zkRoam/net-heterogeneity/zkroam-besu.sif ip link set zkh04 master zkroam0
$ apptainer exec --cleanenv /Utilisateurs/abellach/zkRoam/net-heterogeneity/zkroam-besu.sif ip link set zkh04 up
$ apptainer exec --cleanenv /Utilisateurs/abellach/zkRoam/net-heterogeneity/zkroam-besu.sif ip link set eth0 netns 1513661
$ nsenter -t 1513661 -n apptainer exec --cleanenv /Utilisateurs/abellach/zkRoam/net-heterogeneity/zkroam-besu.sif ip link set lo up
$ nsenter -t 1513661 -n apptainer exec --cleanenv /Utilisateurs/abellach/zkRoam/net-heterogeneity/zkroam-besu.sif ip addr add 172.28.0.14/24 dev eth0
$ nsenter -t 1513661 -n apptainer exec --cleanenv /Utilisateurs/abellach/zkRoam/net-heterogeneity/zkroam-besu.sif ip link set eth0 up
$ nsenter -t 1513661 -n apptainer exec --cleanenv /Utilisateurs/abellach/zkRoam/net-heterogeneity/zkroam-besu.sif ip route add default via 172.28.0.1
$ apptainer exec --cleanenv /Utilisateurs/abellach/zkRoam/net-heterogeneity/zkroam-besu.sif ip link delete zkh05
$ apptainer exec --cleanenv /Utilisateurs/abellach/zkRoam/net-heterogeneity/zkroam-besu.sif ip link add zkh05 type veth peer name eth0
$ apptainer exec --cleanenv /Utilisateurs/abellach/zkRoam/net-heterogeneity/zkroam-besu.sif ip link set zkh05 master zkroam0
$ apptainer exec --cleanenv /Utilisateurs/abellach/zkRoam/net-heterogeneity/zkroam-besu.sif ip link set zkh05 up
$ apptainer exec --cleanenv /Utilisateurs/abellach/zkRoam/net-heterogeneity/zkroam-besu.sif ip link set eth0 netns 1514483
$ nsenter -t 1514483 -n apptainer exec --cleanenv /Utilisateurs/abellach/zkRoam/net-heterogeneity/zkroam-besu.sif ip link set lo up
$ nsenter -t 1514483 -n apptainer exec --cleanenv /Utilisateurs/abellach/zkRoam/net-heterogeneity/zkroam-besu.sif ip addr add 172.28.0.15/24 dev eth0
$ nsenter -t 1514483 -n apptainer exec --cleanenv /Utilisateurs/abellach/zkRoam/net-heterogeneity/zkroam-besu.sif ip link set eth0 up
$ nsenter -t 1514483 -n apptainer exec --cleanenv /Utilisateurs/abellach/zkRoam/net-heterogeneity/zkroam-besu.sif ip route add default via 172.28.0.1
$ apptainer exec --cleanenv /Utilisateurs/abellach/zkRoam/net-heterogeneity/zkroam-besu.sif ip link delete zkh06
$ apptainer exec --cleanenv /Utilisateurs/abellach/zkRoam/net-heterogeneity/zkroam-besu.sif ip link add zkh06 type veth peer name eth0
$ apptainer exec --cleanenv /Utilisateurs/abellach/zkRoam/net-heterogeneity/zkroam-besu.sif ip link set zkh06 master zkroam0
$ apptainer exec --cleanenv /Utilisateurs/abellach/zkRoam/net-heterogeneity/zkroam-besu.sif ip link set zkh06 up
$ apptainer exec --cleanenv /Utilisateurs/abellach/zkRoam/net-heterogeneity/zkroam-besu.sif ip link set eth0 netns 1515335
$ nsenter -t 1515335 -n apptainer exec --cleanenv /Utilisateurs/abellach/zkRoam/net-heterogeneity/zkroam-besu.sif ip link set lo up
$ nsenter -t 1515335 -n apptainer exec --cleanenv /Utilisateurs/abellach/zkRoam/net-heterogeneity/zkroam-besu.sif ip addr add 172.28.0.16/24 dev eth0
$ nsenter -t 1515335 -n apptainer exec --cleanenv /Utilisateurs/abellach/zkRoam/net-heterogeneity/zkroam-besu.sif ip link set eth0 up
$ nsenter -t 1515335 -n apptainer exec --cleanenv /Utilisateurs/abellach/zkRoam/net-heterogeneity/zkroam-besu.sif ip route add default via 172.28.0.1
$ apptainer exec --cleanenv /Utilisateurs/abellach/zkRoam/net-heterogeneity/zkroam-besu.sif ip link delete zkh07
$ apptainer exec --cleanenv /Utilisateurs/abellach/zkRoam/net-heterogeneity/zkroam-besu.sif ip link add zkh07 type veth peer name eth0
$ apptainer exec --cleanenv /Utilisateurs/abellach/zkRoam/net-heterogeneity/zkroam-besu.sif ip link set zkh07 master zkroam0
$ apptainer exec --cleanenv /Utilisateurs/abellach/zkRoam/net-heterogeneity/zkroam-besu.sif ip link set zkh07 up
$ apptainer exec --cleanenv /Utilisateurs/abellach/zkRoam/net-heterogeneity/zkroam-besu.sif ip link set eth0 netns 1516160
$ nsenter -t 1516160 -n apptainer exec --cleanenv /Utilisateurs/abellach/zkRoam/net-heterogeneity/zkroam-besu.sif ip link set lo up
$ nsenter -t 1516160 -n apptainer exec --cleanenv /Utilisateurs/abellach/zkRoam/net-heterogeneity/zkroam-besu.sif ip addr add 172.28.0.17/24 dev eth0
$ nsenter -t 1516160 -n apptainer exec --cleanenv /Utilisateurs/abellach/zkRoam/net-heterogeneity/zkroam-besu.sif ip link set eth0 up
$ nsenter -t 1516160 -n apptainer exec --cleanenv /Utilisateurs/abellach/zkRoam/net-heterogeneity/zkroam-besu.sif ip route add default via 172.28.0.1
$ apptainer exec --cleanenv /Utilisateurs/abellach/zkRoam/net-heterogeneity/zkroam-besu.sif ip link delete zkh08
$ apptainer exec --cleanenv /Utilisateurs/abellach/zkRoam/net-heterogeneity/zkroam-besu.sif ip link add zkh08 type veth peer name eth0
$ apptainer exec --cleanenv /Utilisateurs/abellach/zkRoam/net-heterogeneity/zkroam-besu.sif ip link set zkh08 master zkroam0
$ apptainer exec --cleanenv /Utilisateurs/abellach/zkRoam/net-heterogeneity/zkroam-besu.sif ip link set zkh08 up
$ apptainer exec --cleanenv /Utilisateurs/abellach/zkRoam/net-heterogeneity/zkroam-besu.sif ip link set eth0 netns 1516981
$ nsenter -t 1516981 -n apptainer exec --cleanenv /Utilisateurs/abellach/zkRoam/net-heterogeneity/zkroam-besu.sif ip link set lo up
$ nsenter -t 1516981 -n apptainer exec --cleanenv /Utilisateurs/abellach/zkRoam/net-heterogeneity/zkroam-besu.sif ip addr add 172.28.0.18/24 dev eth0
$ nsenter -t 1516981 -n apptainer exec --cleanenv /Utilisateurs/abellach/zkRoam/net-heterogeneity/zkroam-besu.sif ip link set eth0 up
$ nsenter -t 1516981 -n apptainer exec --cleanenv /Utilisateurs/abellach/zkRoam/net-heterogeneity/zkroam-besu.sif ip route add default via 172.28.0.1
$ apptainer exec --cleanenv /Utilisateurs/abellach/zkRoam/net-heterogeneity/zkroam-besu.sif ip link delete zkh09
$ apptainer exec --cleanenv /Utilisateurs/abellach/zkRoam/net-heterogeneity/zkroam-besu.sif ip link add zkh09 type veth peer name eth0
$ apptainer exec --cleanenv /Utilisateurs/abellach/zkRoam/net-heterogeneity/zkroam-besu.sif ip link set zkh09 master zkroam0
$ apptainer exec --cleanenv /Utilisateurs/abellach/zkRoam/net-heterogeneity/zkroam-besu.sif ip link set zkh09 up
$ apptainer exec --cleanenv /Utilisateurs/abellach/zkRoam/net-heterogeneity/zkroam-besu.sif ip link set eth0 netns 1517829
$ nsenter -t 1517829 -n apptainer exec --cleanenv /Utilisateurs/abellach/zkRoam/net-heterogeneity/zkroam-besu.sif ip link set lo up
$ nsenter -t 1517829 -n apptainer exec --cleanenv /Utilisateurs/abellach/zkRoam/net-heterogeneity/zkroam-besu.sif ip addr add 172.28.0.19/24 dev eth0
$ nsenter -t 1517829 -n apptainer exec --cleanenv /Utilisateurs/abellach/zkRoam/net-heterogeneity/zkroam-besu.sif ip link set eth0 up
$ nsenter -t 1517829 -n apptainer exec --cleanenv /Utilisateurs/abellach/zkRoam/net-heterogeneity/zkroam-besu.sif ip route add default via 172.28.0.1
$ apptainer exec --cleanenv /Utilisateurs/abellach/zkRoam/net-heterogeneity/zkroam-besu.sif ip link delete zkh10
$ apptainer exec --cleanenv /Utilisateurs/abellach/zkRoam/net-heterogeneity/zkroam-besu.sif ip link add zkh10 type veth peer name eth0
$ apptainer exec --cleanenv /Utilisateurs/abellach/zkRoam/net-heterogeneity/zkroam-besu.sif ip link set zkh10 master zkroam0
$ apptainer exec --cleanenv /Utilisateurs/abellach/zkRoam/net-heterogeneity/zkroam-besu.sif ip link set zkh10 up
$ apptainer exec --cleanenv /Utilisateurs/abellach/zkRoam/net-heterogeneity/zkroam-besu.sif ip link set eth0 netns 1518703
$ nsenter -t 1518703 -n apptainer exec --cleanenv /Utilisateurs/abellach/zkRoam/net-heterogeneity/zkroam-besu.sif ip link set lo up
$ nsenter -t 1518703 -n apptainer exec --cleanenv /Utilisateurs/abellach/zkRoam/net-heterogeneity/zkroam-besu.sif ip addr add 172.28.0.20/24 dev eth0
$ nsenter -t 1518703 -n apptainer exec --cleanenv /Utilisateurs/abellach/zkRoam/net-heterogeneity/zkroam-besu.sif ip link set eth0 up
$ nsenter -t 1518703 -n apptainer exec --cleanenv /Utilisateurs/abellach/zkRoam/net-heterogeneity/zkroam-besu.sif ip route add default via 172.28.0.1
$ apptainer exec --cleanenv /Utilisateurs/abellach/zkRoam/net-heterogeneity/zkroam-besu.sif ip link delete zkh11
$ apptainer exec --cleanenv /Utilisateurs/abellach/zkRoam/net-heterogeneity/zkroam-besu.sif ip link add zkh11 type veth peer name eth0
$ apptainer exec --cleanenv /Utilisateurs/abellach/zkRoam/net-heterogeneity/zkroam-besu.sif ip link set zkh11 master zkroam0
$ apptainer exec --cleanenv /Utilisateurs/abellach/zkRoam/net-heterogeneity/zkroam-besu.sif ip link set zkh11 up
$ apptainer exec --cleanenv /Utilisateurs/abellach/zkRoam/net-heterogeneity/zkroam-besu.sif ip link set eth0 netns 1519549
$ nsenter -t 1519549 -n apptainer exec --cleanenv /Utilisateurs/abellach/zkRoam/net-heterogeneity/zkroam-besu.sif ip link set lo up
$ nsenter -t 1519549 -n apptainer exec --cleanenv /Utilisateurs/abellach/zkRoam/net-heterogeneity/zkroam-besu.sif ip addr add 172.28.0.21/24 dev eth0
$ nsenter -t 1519549 -n apptainer exec --cleanenv /Utilisateurs/abellach/zkRoam/net-heterogeneity/zkroam-besu.sif ip link set eth0 up
$ nsenter -t 1519549 -n apptainer exec --cleanenv /Utilisateurs/abellach/zkRoam/net-heterogeneity/zkroam-besu.sif ip route add default via 172.28.0.1
$ apptainer exec --cleanenv /Utilisateurs/abellach/zkRoam/net-heterogeneity/zkroam-besu.sif ip link delete zkh12
$ apptainer exec --cleanenv /Utilisateurs/abellach/zkRoam/net-heterogeneity/zkroam-besu.sif ip link add zkh12 type veth peer name eth0
$ apptainer exec --cleanenv /Utilisateurs/abellach/zkRoam/net-heterogeneity/zkroam-besu.sif ip link set zkh12 master zkroam0
$ apptainer exec --cleanenv /Utilisateurs/abellach/zkRoam/net-heterogeneity/zkroam-besu.sif ip link set zkh12 up
$ apptainer exec --cleanenv /Utilisateurs/abellach/zkRoam/net-heterogeneity/zkroam-besu.sif ip link set eth0 netns 1520386
$ nsenter -t 1520386 -n apptainer exec --cleanenv /Utilisateurs/abellach/zkRoam/net-heterogeneity/zkroam-besu.sif ip link set lo up
$ nsenter -t 1520386 -n apptainer exec --cleanenv /Utilisateurs/abellach/zkRoam/net-heterogeneity/zkroam-besu.sif ip addr add 172.28.0.22/24 dev eth0
$ nsenter -t 1520386 -n apptainer exec --cleanenv /Utilisateurs/abellach/zkRoam/net-heterogeneity/zkroam-besu.sif ip link set eth0 up
$ nsenter -t 1520386 -n apptainer exec --cleanenv /Utilisateurs/abellach/zkRoam/net-heterogeneity/zkroam-besu.sif ip route add default via 172.28.0.1
$ apptainer exec --cleanenv /Utilisateurs/abellach/zkRoam/net-heterogeneity/zkroam-besu.sif ip link delete zkh13
$ apptainer exec --cleanenv /Utilisateurs/abellach/zkRoam/net-heterogeneity/zkroam-besu.sif ip link add zkh13 type veth peer name eth0
$ apptainer exec --cleanenv /Utilisateurs/abellach/zkRoam/net-heterogeneity/zkroam-besu.sif ip link set zkh13 master zkroam0
$ apptainer exec --cleanenv /Utilisateurs/abellach/zkRoam/net-heterogeneity/zkroam-besu.sif ip link set zkh13 up
$ apptainer exec --cleanenv /Utilisateurs/abellach/zkRoam/net-heterogeneity/zkroam-besu.sif ip link set eth0 netns 1521211
$ nsenter -t 1521211 -n apptainer exec --cleanenv /Utilisateurs/abellach/zkRoam/net-heterogeneity/zkroam-besu.sif ip link set lo up
$ nsenter -t 1521211 -n apptainer exec --cleanenv /Utilisateurs/abellach/zkRoam/net-heterogeneity/zkroam-besu.sif ip addr add 172.28.0.23/24 dev eth0
$ nsenter -t 1521211 -n apptainer exec --cleanenv /Utilisateurs/abellach/zkRoam/net-heterogeneity/zkroam-besu.sif ip link set eth0 up
$ nsenter -t 1521211 -n apptainer exec --cleanenv /Utilisateurs/abellach/zkRoam/net-heterogeneity/zkroam-besu.sif ip route add default via 172.28.0.1
$ apptainer exec --cleanenv /Utilisateurs/abellach/zkRoam/net-heterogeneity/zkroam-besu.sif ip link delete zkh14
$ apptainer exec --cleanenv /Utilisateurs/abellach/zkRoam/net-heterogeneity/zkroam-besu.sif ip link add zkh14 type veth peer name eth0
$ apptainer exec --cleanenv /Utilisateurs/abellach/zkRoam/net-heterogeneity/zkroam-besu.sif ip link set zkh14 master zkroam0
$ apptainer exec --cleanenv /Utilisateurs/abellach/zkRoam/net-heterogeneity/zkroam-besu.sif ip link set zkh14 up
$ apptainer exec --cleanenv /Utilisateurs/abellach/zkRoam/net-heterogeneity/zkroam-besu.sif ip link set eth0 netns 1522087
$ nsenter -t 1522087 -n apptainer exec --cleanenv /Utilisateurs/abellach/zkRoam/net-heterogeneity/zkroam-besu.sif ip link set lo up
$ nsenter -t 1522087 -n apptainer exec --cleanenv /Utilisateurs/abellach/zkRoam/net-heterogeneity/zkroam-besu.sif ip addr add 172.28.0.24/24 dev eth0
$ nsenter -t 1522087 -n apptainer exec --cleanenv /Utilisateurs/abellach/zkRoam/net-heterogeneity/zkroam-besu.sif ip link set eth0 up
$ nsenter -t 1522087 -n apptainer exec --cleanenv /Utilisateurs/abellach/zkRoam/net-heterogeneity/zkroam-besu.sif ip route add default via 172.28.0.1
Started 15 Apptainer-backed validators.
=== Step 4: wait for every validator RPC and peer set ===
{
  "node00": {
    "block": 2,
    "peers": 14
  },
  "node01": {
    "block": 2,
    "peers": 14
  },
  "node02": {
    "block": 2,
    "peers": 14
  },
  "node03": {
    "block": 2,
    "peers": 14
  },
  "node04": {
    "block": 2,
    "peers": 14
  },
  "node05": {
    "block": 2,
    "peers": 14
  },
  "node06": {
    "block": 2,
    "peers": 14
  },
  "node07": {
    "block": 2,
    "peers": 13
  },
  "node08": {
    "block": 2,
    "peers": 13
  },
  "node09": {
    "block": 2,
    "peers": 14
  },
  "node10": {
    "block": 2,
    "peers": 14
  },
  "node11": {
    "block": 2,
    "peers": 14
  },
  "node12": {
    "block": 2,
    "peers": 14
  },
  "node13": {
    "block": 2,
    "peers": 13
  },
  "node14": {
    "block": 2,
    "peers": 12
  }
}
All 15 nodes are ready.
Apptainer wan network is up.

$ /Utilisateurs/abellach/zkRoam/net-heterogeneity/venv/bin/python3 workload/deploy_verifiers.py --topology networkFiles/topology.json --accounts accounts/accounts.json
Discovered RPC endpoints:
------------------------------------------
  node00     -> http://172.28.0.10:8545
  node01     -> http://172.28.0.11:8545
  node02     -> http://172.28.0.12:8545
  node03     -> http://172.28.0.13:8545
  node04     -> http://172.28.0.14:8545
  node05     -> http://172.28.0.15:8545
  node06     -> http://172.28.0.16:8545
  node07     -> http://172.28.0.17:8545
  node08     -> http://172.28.0.18:8545
  node09     -> http://172.28.0.19:8545
  node10     -> http://172.28.0.20:8545
  node11     -> http://172.28.0.21:8545
  node12     -> http://172.28.0.22:8545
  node13     -> http://172.28.0.23:8545
  node14     -> http://172.28.0.24:8545
------------------------------------------
Connecting to node00 (http://172.28.0.10:8545)...
  Connected. chain_id=1337
Connecting to node01 (http://172.28.0.11:8545)...
  Connected. chain_id=1337
Connecting to node02 (http://172.28.0.12:8545)...
  Connected. chain_id=1337
Connecting to node03 (http://172.28.0.13:8545)...
  Connected. chain_id=1337
Connecting to node04 (http://172.28.0.14:8545)...
  Connected. chain_id=1337
Connecting to node05 (http://172.28.0.15:8545)...
  Connected. chain_id=1337
Connecting to node06 (http://172.28.0.16:8545)...
  Connected. chain_id=1337
Connecting to node07 (http://172.28.0.17:8545)...
  Connected. chain_id=1337
Connecting to node08 (http://172.28.0.18:8545)...
  Connected. chain_id=1337
Connecting to node09 (http://172.28.0.19:8545)...
  Connected. chain_id=1337
Connecting to node10 (http://172.28.0.20:8545)...
  Connected. chain_id=1337
Connecting to node11 (http://172.28.0.21:8545)...
  Connected. chain_id=1337
Connecting to node12 (http://172.28.0.22:8545)...
  Connected. chain_id=1337
Connecting to node13 (http://172.28.0.23:8545)...
  Connected. chain_id=1337
Connecting to node14 (http://172.28.0.24:8545)...
  Connected. chain_id=1337

Deploying from 0x5626E8054cFf843d4ce6faf779EF7eb47638fcC5 via http://172.28.0.10:8545 (chain_id=1337)

Compiling CDRVerifier.sol ...
Deploying CDRVerifier ...
  submitted deploy tx 78ccad97c3784c176eb5ab3185358386c04a5c72b009b2d6e20336bba5b25c85, waiting for receipt...
  deployed at 0xDC8d9ecbbDd1a5F8cB6f8a48e47775054D869aDF  (gasUsed=465218)

Compiling SnarkPackAggregateAnchor.sol ...
Deploying SnarkPackAggregateAnchor ...
  submitted deploy tx 7e46be24cd084d84054759ca048f324b76312d268f954c2cd93d5fe90b340ca2, waiting for receipt...
  deployed at 0xd07D0020E1e2Bcf13C75BFDeaa995fF88DA3C356  (gasUsed=1832981)

verifier-pool-size=1: only accounts[0] is authorized as a verifier - fine as-is if you're relaying via relayAggregateProof (submission load spreads across the full account pool regardless of verifier count). Only increase this if you want multiple independent verifier keys for redundancy/threshold, or if you plan to use the direct anchorAggregateProof(onlyVerifier) path at any real volume.

Wrote: deployed_contracts.json

$ /Utilisateurs/abellach/zkRoam/net-heterogeneity/venv/bin/python3 workload/zkroam_workload.py --config results/hardware-vmno-scaling/l3icalcul07/wan-nproof8-w48-rw48-rate500/vmnos-8/zkroam-wan-8vmnos/config.yml
Discovered RPC endpoints:
------------------------------------------
  node00     -> http://172.28.0.10:8545
  node01     -> http://172.28.0.11:8545
  node02     -> http://172.28.0.12:8545
  node03     -> http://172.28.0.13:8545
  node04     -> http://172.28.0.14:8545
  node05     -> http://172.28.0.15:8545
  node06     -> http://172.28.0.16:8545
  node07     -> http://172.28.0.17:8545
  node08     -> http://172.28.0.18:8545
  node09     -> http://172.28.0.19:8545
  node10     -> http://172.28.0.20:8545
  node11     -> http://172.28.0.21:8545
  node12     -> http://172.28.0.22:8545
  node13     -> http://172.28.0.23:8545
  node14     -> http://172.28.0.24:8545
------------------------------------------
Connecting to node00 (http://172.28.0.10:8545)...
  Connected. chain_id=1337
Connecting to node01 (http://172.28.0.11:8545)...
  Connected. chain_id=1337
Connecting to node02 (http://172.28.0.12:8545)...
  Connected. chain_id=1337
Connecting to node03 (http://172.28.0.13:8545)...
  Connected. chain_id=1337
Connecting to node04 (http://172.28.0.14:8545)...
  Connected. chain_id=1337
Connecting to node05 (http://172.28.0.15:8545)...
  Connected. chain_id=1337
Connecting to node06 (http://172.28.0.16:8545)...
  Connected. chain_id=1337
Connecting to node07 (http://172.28.0.17:8545)...
  Connected. chain_id=1337
Connecting to node08 (http://172.28.0.18:8545)...
  Connected. chain_id=1337
Connecting to node09 (http://172.28.0.19:8545)...
  Connected. chain_id=1337
Connecting to node10 (http://172.28.0.20:8545)...
  Connected. chain_id=1337
Connecting to node11 (http://172.28.0.21:8545)...
  Connected. chain_id=1337
Connecting to node12 (http://172.28.0.22:8545)...
  Connected. chain_id=1337
Connecting to node13 (http://172.28.0.23:8545)...
  Connected. chain_id=1337
Connecting to node14 (http://172.28.0.24:8545)...
  Connected. chain_id=1337

Reading pending nonce for 2000 accounts (parallel)...


Using real proof from fixtures/proof.json / fixtures/public.json
individual leg -> real verifyProof() calls on 0xDC8d9ecbbDd1a5F8cB6f8a48e47775054D869aDF
aggregate leg  -> real anchorAggregateProof() calls on 0xd07D0020E1e2Bcf13C75BFDeaa995fF88DA3C356

workload.num_vmnos = 8 (total VMNO settlements submitted per sweep point; nproofs below is per-VMNO batch size, not workload size)

============================================================
nproofs/vmno=8  num_vmnos=8  run=1  (off-chain source: reference_fallback)
============================================================

>>> on-chain leg: individual_n8_vmnos8_r1 (64 tx total, 420B calldata, gas/tx=278265, to=0xDC8d9ecbbDd1a5F8cB6f8a48e47775054D869aDF)

Starting transaction producer...
Target submission rate : 500.00 tx/s
Submission workers      : 48


Producer finished.
------------------------------------------
Submitted : 64/64
Failed    : 0/64
Duration  : 0.260s
Rate      : 246.35 tx/s
------------------------------------------

Starting receipt polling...
------------------------------------------
Transactions to confirm : 64
Receipt workers         : 48
Receipt timeout         : 120.0s
------------------------------------------

Confirmed: 0/64 | Reverted: 0 | Pending: 64
Confirmed: 0/64 | Reverted: 0 | Pending: 64
Confirmed: 0/64 | Reverted: 0 | Pending: 64
Confirmed: 4/64 | Reverted: 0 | Pending: 60
Confirmed: 4/64 | Reverted: 0 | Pending: 60
Confirmed: 4/64 | Reverted: 0 | Pending: 60
Confirmed: 8/64 | Reverted: 0 | Pending: 56
Confirmed: 8/64 | Reverted: 0 | Pending: 56
Confirmed: 8/64 | Reverted: 0 | Pending: 56
Confirmed: 11/64 | Reverted: 0 | Pending: 53
Confirmed: 12/64 | Reverted: 0 | Pending: 52
Confirmed: 12/64 | Reverted: 0 | Pending: 52
Confirmed: 14/64 | Reverted: 0 | Pending: 50
Confirmed: 16/64 | Reverted: 0 | Pending: 48
Confirmed: 16/64 | Reverted: 0 | Pending: 48
Confirmed: 16/64 | Reverted: 0 | Pending: 48
Confirmed: 20/64 | Reverted: 0 | Pending: 44
Confirmed: 20/64 | Reverted: 0 | Pending: 44
Confirmed: 20/64 | Reverted: 0 | Pending: 44
Confirmed: 20/64 | Reverted: 0 | Pending: 44
Confirmed: 24/64 | Reverted: 0 | Pending: 40
Confirmed: 24/64 | Reverted: 0 | Pending: 40
Confirmed: 24/64 | Reverted: 0 | Pending: 40
Confirmed: 24/64 | Reverted: 0 | Pending: 40
Confirmed: 28/64 | Reverted: 0 | Pending: 36
Confirmed: 28/64 | Reverted: 0 | Pending: 36
Confirmed: 28/64 | Reverted: 0 | Pending: 36
Confirmed: 28/64 | Reverted: 0 | Pending: 36
Confirmed: 33/64 | Reverted: 0 | Pending: 31
Confirmed: 33/64 | Reverted: 0 | Pending: 31
Confirmed: 33/64 | Reverted: 0 | Pending: 31
Confirmed: 33/64 | Reverted: 0 | Pending: 31
Confirmed: 33/64 | Reverted: 0 | Pending: 31
Confirmed: 38/64 | Reverted: 0 | Pending: 26
Confirmed: 38/64 | Reverted: 0 | Pending: 26
Confirmed: 38/64 | Reverted: 0 | Pending: 26
Confirmed: 38/64 | Reverted: 0 | Pending: 26
Confirmed: 38/64 | Reverted: 0 | Pending: 26
Confirmed: 43/64 | Reverted: 0 | Pending: 21
Confirmed: 43/64 | Reverted: 0 | Pending: 21
Confirmed: 43/64 | Reverted: 0 | Pending: 21
Confirmed: 43/64 | Reverted: 0 | Pending: 21
Confirmed: 43/64 | Reverted: 0 | Pending: 21
Confirmed: 48/64 | Reverted: 0 | Pending: 16
Confirmed: 48/64 | Reverted: 0 | Pending: 16
Confirmed: 48/64 | Reverted: 0 | Pending: 16
Confirmed: 48/64 | Reverted: 0 | Pending: 16
Confirmed: 48/64 | Reverted: 0 | Pending: 16
Confirmed: 52/64 | Reverted: 0 | Pending: 12
Confirmed: 52/64 | Reverted: 0 | Pending: 12
Confirmed: 52/64 | Reverted: 0 | Pending: 12
Confirmed: 52/64 | Reverted: 0 | Pending: 12
Confirmed: 52/64 | Reverted: 0 | Pending: 12
Confirmed: 56/64 | Reverted: 0 | Pending: 8
Confirmed: 56/64 | Reverted: 0 | Pending: 8
Confirmed: 56/64 | Reverted: 0 | Pending: 8
Confirmed: 56/64 | Reverted: 0 | Pending: 8
Confirmed: 56/64 | Reverted: 0 | Pending: 8
Confirmed: 56/64 | Reverted: 0 | Pending: 8
Confirmed: 58/64 | Reverted: 0 | Pending: 6
Confirmed: 60/64 | Reverted: 0 | Pending: 4
Confirmed: 60/64 | Reverted: 0 | Pending: 4
Confirmed: 60/64 | Reverted: 0 | Pending: 4
Confirmed: 60/64 | Reverted: 0 | Pending: 4
Confirmed: 60/64 | Reverted: 0 | Pending: 4
Confirmed: 60/64 | Reverted: 0 | Pending: 4
Confirmed: 63/64 | Reverted: 0 | Pending: 1
Confirmed: 64/64 | Reverted: 0 | Pending: 0

Receipt polling finished.
------------------------------------------
Confirmed : 64
Reverted  : 0
Timeout   : 0
Duration  : 29.988s
------------------------------------------

>>> on-chain leg: aggregate_n8_vmnos8_r1 (8 tx total, 420B/tx x 8 distinct payloads, gas/tx=176674, to=0xd07D0020E1e2Bcf13C75BFDeaa995fF88DA3C356)

Starting transaction producer...
Target submission rate : 500.00 tx/s
Submission workers      : 48


Producer finished.
------------------------------------------
Submitted : 8/8
Failed    : 0/8
Duration  : 0.032s
Rate      : 251.50 tx/s
------------------------------------------

Starting receipt polling...
------------------------------------------
Transactions to confirm : 8
Receipt workers         : 48
Receipt timeout         : 120.0s
------------------------------------------

Confirmed: 0/8 | Reverted: 0 | Pending: 8
Confirmed: 0/8 | Reverted: 0 | Pending: 8
Confirmed: 0/8 | Reverted: 0 | Pending: 8
Confirmed: 0/8 | Reverted: 0 | Pending: 8
Confirmed: 0/8 | Reverted: 0 | Pending: 8
Confirmed: 0/8 | Reverted: 0 | Pending: 8
Confirmed: 0/8 | Reverted: 0 | Pending: 8
Confirmed: 0/8 | Reverted: 0 | Pending: 8
Confirmed: 0/8 | Reverted: 0 | Pending: 8
Confirmed: 0/8 | Reverted: 0 | Pending: 8
Confirmed: 0/8 | Reverted: 0 | Pending: 8
Confirmed: 0/8 | Reverted: 0 | Pending: 8
Confirmed: 0/8 | Reverted: 0 | Pending: 8
Confirmed: 0/8 | Reverted: 0 | Pending: 8
Confirmed: 0/8 | Reverted: 0 | Pending: 8
Confirmed: 0/8 | Reverted: 0 | Pending: 8
Confirmed: 0/8 | Reverted: 0 | Pending: 8
Confirmed: 0/8 | Reverted: 0 | Pending: 8
Confirmed: 0/8 | Reverted: 0 | Pending: 8
Confirmed: 0/8 | Reverted: 0 | Pending: 8
Confirmed: 0/8 | Reverted: 0 | Pending: 8
Confirmed: 0/8 | Reverted: 0 | Pending: 8
Confirmed: 0/8 | Reverted: 0 | Pending: 8
Confirmed: 0/8 | Reverted: 0 | Pending: 8
Confirmed: 0/8 | Reverted: 0 | Pending: 8
Confirmed: 0/8 | Reverted: 0 | Pending: 8
Confirmed: 0/8 | Reverted: 0 | Pending: 8
Confirmed: 0/8 | Reverted: 0 | Pending: 8
Confirmed: 0/8 | Reverted: 0 | Pending: 8
Confirmed: 0/8 | Reverted: 0 | Pending: 8
Confirmed: 0/8 | Reverted: 0 | Pending: 8
Confirmed: 0/8 | Reverted: 0 | Pending: 8
Confirmed: 0/8 | Reverted: 0 | Pending: 8
Confirmed: 0/8 | Reverted: 0 | Pending: 8
Confirmed: 0/8 | Reverted: 0 | Pending: 8
Confirmed: 0/8 | Reverted: 0 | Pending: 8
Confirmed: 0/8 | Reverted: 0 | Pending: 8
Confirmed: 0/8 | Reverted: 0 | Pending: 8
Confirmed: 0/8 | Reverted: 0 | Pending: 8
Confirmed: 0/8 | Reverted: 0 | Pending: 8
Confirmed: 0/8 | Reverted: 0 | Pending: 8
Confirmed: 0/8 | Reverted: 0 | Pending: 8
Confirmed: 0/8 | Reverted: 0 | Pending: 8
Confirmed: 1/8 | Reverted: 0 | Pending: 7
Confirmed: 1/8 | Reverted: 0 | Pending: 7
Confirmed: 1/8 | Reverted: 0 | Pending: 7
Confirmed: 1/8 | Reverted: 0 | Pending: 7
Confirmed: 1/8 | Reverted: 0 | Pending: 7
Confirmed: 1/8 | Reverted: 0 | Pending: 7
Confirmed: 1/8 | Reverted: 0 | Pending: 7
Confirmed: 2/8 | Reverted: 0 | Pending: 6
Confirmed: 2/8 | Reverted: 0 | Pending: 6
Confirmed: 2/8 | Reverted: 0 | Pending: 6
Confirmed: 2/8 | Reverted: 0 | Pending: 6
Confirmed: 2/8 | Reverted: 0 | Pending: 6
Confirmed: 2/8 | Reverted: 0 | Pending: 6
Confirmed: 3/8 | Reverted: 0 | Pending: 5
Confirmed: 3/8 | Reverted: 0 | Pending: 5
Confirmed: 3/8 | Reverted: 0 | Pending: 5
Confirmed: 3/8 | Reverted: 0 | Pending: 5
Confirmed: 3/8 | Reverted: 0 | Pending: 5
Confirmed: 3/8 | Reverted: 0 | Pending: 5
Confirmed: 3/8 | Reverted: 0 | Pending: 5
Confirmed: 4/8 | Reverted: 0 | Pending: 4
Confirmed: 4/8 | Reverted: 0 | Pending: 4
Confirmed: 4/8 | Reverted: 0 | Pending: 4
Confirmed: 4/8 | Reverted: 0 | Pending: 4
Confirmed: 4/8 | Reverted: 0 | Pending: 4
Confirmed: 4/8 | Reverted: 0 | Pending: 4
Confirmed: 4/8 | Reverted: 0 | Pending: 4
Confirmed: 5/8 | Reverted: 0 | Pending: 3
Confirmed: 5/8 | Reverted: 0 | Pending: 3
Confirmed: 5/8 | Reverted: 0 | Pending: 3
Confirmed: 5/8 | Reverted: 0 | Pending: 3
Confirmed: 5/8 | Reverted: 0 | Pending: 3
Confirmed: 5/8 | Reverted: 0 | Pending: 3
Confirmed: 5/8 | Reverted: 0 | Pending: 3
Confirmed: 6/8 | Reverted: 0 | Pending: 2
Confirmed: 6/8 | Reverted: 0 | Pending: 2
Confirmed: 6/8 | Reverted: 0 | Pending: 2
Confirmed: 6/8 | Reverted: 0 | Pending: 2
Confirmed: 6/8 | Reverted: 0 | Pending: 2
Confirmed: 6/8 | Reverted: 0 | Pending: 2
Confirmed: 6/8 | Reverted: 0 | Pending: 2
Confirmed: 6/8 | Reverted: 0 | Pending: 2
Confirmed: 7/8 | Reverted: 0 | Pending: 1
Confirmed: 7/8 | Reverted: 0 | Pending: 1
Confirmed: 7/8 | Reverted: 0 | Pending: 1
Confirmed: 7/8 | Reverted: 0 | Pending: 1
Confirmed: 7/8 | Reverted: 0 | Pending: 1
Confirmed: 7/8 | Reverted: 0 | Pending: 1
Confirmed: 7/8 | Reverted: 0 | Pending: 1
Confirmed: 8/8 | Reverted: 0 | Pending: 0

Receipt polling finished.
------------------------------------------
Confirmed : 8
Reverted  : 0
Timeout   : 0
Duration  : 28.160s
------------------------------------------

============================================================
nproofs/vmno=8  num_vmnos=8  run=2  (off-chain source: reference_fallback)
============================================================

>>> on-chain leg: individual_n8_vmnos8_r2 (64 tx total, 420B calldata, gas/tx=278265, to=0xDC8d9ecbbDd1a5F8cB6f8a48e47775054D869aDF)

Starting transaction producer...
Target submission rate : 500.00 tx/s
Submission workers      : 48


Producer finished.
------------------------------------------
Submitted : 64/64
Failed    : 0/64
Duration  : 0.268s
Rate      : 239.07 tx/s
------------------------------------------

Starting receipt polling...
------------------------------------------
Transactions to confirm : 64
Receipt workers         : 48
Receipt timeout         : 120.0s
------------------------------------------

Confirmed: 0/64 | Reverted: 0 | Pending: 64
Confirmed: 0/64 | Reverted: 0 | Pending: 64
Confirmed: 4/64 | Reverted: 0 | Pending: 60
Confirmed: 4/64 | Reverted: 0 | Pending: 60
Confirmed: 4/64 | Reverted: 0 | Pending: 60
Confirmed: 4/64 | Reverted: 0 | Pending: 60
Confirmed: 8/64 | Reverted: 0 | Pending: 56
Confirmed: 8/64 | Reverted: 0 | Pending: 56
Confirmed: 8/64 | Reverted: 0 | Pending: 56
Confirmed: 12/64 | Reverted: 0 | Pending: 52
Confirmed: 12/64 | Reverted: 0 | Pending: 52
Confirmed: 12/64 | Reverted: 0 | Pending: 52
Confirmed: 12/64 | Reverted: 0 | Pending: 52
Confirmed: 16/64 | Reverted: 0 | Pending: 48
Confirmed: 16/64 | Reverted: 0 | Pending: 48
Confirmed: 16/64 | Reverted: 0 | Pending: 48
Confirmed: 16/64 | Reverted: 0 | Pending: 48
Confirmed: 20/64 | Reverted: 0 | Pending: 44
Confirmed: 20/64 | Reverted: 0 | Pending: 44
Confirmed: 20/64 | Reverted: 0 | Pending: 44
Confirmed: 23/64 | Reverted: 0 | Pending: 41
Confirmed: 24/64 | Reverted: 0 | Pending: 40
Confirmed: 24/64 | Reverted: 0 | Pending: 40
Confirmed: 24/64 | Reverted: 0 | Pending: 40
Confirmed: 28/64 | Reverted: 0 | Pending: 36
Confirmed: 28/64 | Reverted: 0 | Pending: 36
Confirmed: 28/64 | Reverted: 0 | Pending: 36
Confirmed: 28/64 | Reverted: 0 | Pending: 36
Confirmed: 33/64 | Reverted: 0 | Pending: 31
Confirmed: 33/64 | Reverted: 0 | Pending: 31
Confirmed: 33/64 | Reverted: 0 | Pending: 31
Confirmed: 33/64 | Reverted: 0 | Pending: 31
Confirmed: 33/64 | Reverted: 0 | Pending: 31
Confirmed: 38/64 | Reverted: 0 | Pending: 26
Confirmed: 38/64 | Reverted: 0 | Pending: 26
Confirmed: 38/64 | Reverted: 0 | Pending: 26
Confirmed: 38/64 | Reverted: 0 | Pending: 26
Confirmed: 38/64 | Reverted: 0 | Pending: 26
Confirmed: 43/64 | Reverted: 0 | Pending: 21
Confirmed: 43/64 | Reverted: 0 | Pending: 21
Confirmed: 43/64 | Reverted: 0 | Pending: 21
Confirmed: 43/64 | Reverted: 0 | Pending: 21
Confirmed: 43/64 | Reverted: 0 | Pending: 21
Confirmed: 47/64 | Reverted: 0 | Pending: 17
Confirmed: 48/64 | Reverted: 0 | Pending: 16
Confirmed: 48/64 | Reverted: 0 | Pending: 16
Confirmed: 48/64 | Reverted: 0 | Pending: 16
Confirmed: 48/64 | Reverted: 0 | Pending: 16
Confirmed: 48/64 | Reverted: 0 | Pending: 16
Confirmed: 52/64 | Reverted: 0 | Pending: 12
Confirmed: 52/64 | Reverted: 0 | Pending: 12
Confirmed: 52/64 | Reverted: 0 | Pending: 12
Confirmed: 52/64 | Reverted: 0 | Pending: 12
Confirmed: 52/64 | Reverted: 0 | Pending: 12
Confirmed: 56/64 | Reverted: 0 | Pending: 8
Confirmed: 56/64 | Reverted: 0 | Pending: 8
Confirmed: 56/64 | Reverted: 0 | Pending: 8
Confirmed: 56/64 | Reverted: 0 | Pending: 8
Confirmed: 56/64 | Reverted: 0 | Pending: 8
Confirmed: 56/64 | Reverted: 0 | Pending: 8
Confirmed: 56/64 | Reverted: 0 | Pending: 8
Confirmed: 60/64 | Reverted: 0 | Pending: 4
Confirmed: 60/64 | Reverted: 0 | Pending: 4
Confirmed: 60/64 | Reverted: 0 | Pending: 4
Confirmed: 60/64 | Reverted: 0 | Pending: 4
Confirmed: 60/64 | Reverted: 0 | Pending: 4
Confirmed: 60/64 | Reverted: 0 | Pending: 4
Confirmed: 61/64 | Reverted: 0 | Pending: 3
Confirmed: 64/64 | Reverted: 0 | Pending: 0

Receipt polling finished.
------------------------------------------
Confirmed : 64
Reverted  : 0
Timeout   : 0
Duration  : 29.242s
------------------------------------------

>>> on-chain leg: aggregate_n8_vmnos8_r2 (8 tx total, 420B/tx x 8 distinct payloads, gas/tx=176660, to=0xd07D0020E1e2Bcf13C75BFDeaa995fF88DA3C356)

Starting transaction producer...
Target submission rate : 500.00 tx/s
Submission workers      : 48


Producer finished.
------------------------------------------
Submitted : 8/8
Failed    : 0/8
Duration  : 0.051s
Rate      : 157.11 tx/s
------------------------------------------

Starting receipt polling...
------------------------------------------
Transactions to confirm : 8
Receipt workers         : 48
Receipt timeout         : 120.0s
------------------------------------------

Confirmed: 0/8 | Reverted: 0 | Pending: 8
Confirmed: 0/8 | Reverted: 0 | Pending: 8
Confirmed: 0/8 | Reverted: 0 | Pending: 8
Confirmed: 0/8 | Reverted: 0 | Pending: 8
Confirmed: 0/8 | Reverted: 0 | Pending: 8
Confirmed: 0/8 | Reverted: 0 | Pending: 8
Confirmed: 0/8 | Reverted: 0 | Pending: 8
Confirmed: 0/8 | Reverted: 0 | Pending: 8
Confirmed: 0/8 | Reverted: 0 | Pending: 8
Confirmed: 0/8 | Reverted: 0 | Pending: 8
Confirmed: 0/8 | Reverted: 0 | Pending: 8
Confirmed: 0/8 | Reverted: 0 | Pending: 8
Confirmed: 0/8 | Reverted: 0 | Pending: 8
Confirmed: 0/8 | Reverted: 0 | Pending: 8
Confirmed: 0/8 | Reverted: 0 | Pending: 8
Confirmed: 0/8 | Reverted: 0 | Pending: 8
Confirmed: 0/8 | Reverted: 0 | Pending: 8
Confirmed: 0/8 | Reverted: 0 | Pending: 8
Confirmed: 0/8 | Reverted: 0 | Pending: 8
Confirmed: 0/8 | Reverted: 0 | Pending: 8
Confirmed: 0/8 | Reverted: 0 | Pending: 8
Confirmed: 0/8 | Reverted: 0 | Pending: 8
Confirmed: 0/8 | Reverted: 0 | Pending: 8
Confirmed: 0/8 | Reverted: 0 | Pending: 8
Confirmed: 0/8 | Reverted: 0 | Pending: 8
Confirmed: 0/8 | Reverted: 0 | Pending: 8
Confirmed: 0/8 | Reverted: 0 | Pending: 8
Confirmed: 0/8 | Reverted: 0 | Pending: 8
Confirmed: 0/8 | Reverted: 0 | Pending: 8
Confirmed: 0/8 | Reverted: 0 | Pending: 8
Confirmed: 0/8 | Reverted: 0 | Pending: 8
Confirmed: 0/8 | Reverted: 0 | Pending: 8
Confirmed: 0/8 | Reverted: 0 | Pending: 8
Confirmed: 0/8 | Reverted: 0 | Pending: 8
Confirmed: 0/8 | Reverted: 0 | Pending: 8
Confirmed: 0/8 | Reverted: 0 | Pending: 8
Confirmed: 0/8 | Reverted: 0 | Pending: 8
Confirmed: 0/8 | Reverted: 0 | Pending: 8
Confirmed: 0/8 | Reverted: 0 | Pending: 8
Confirmed: 0/8 | Reverted: 0 | Pending: 8
Confirmed: 0/8 | Reverted: 0 | Pending: 8
Confirmed: 0/8 | Reverted: 0 | Pending: 8
Confirmed: 0/8 | Reverted: 0 | Pending: 8
Confirmed: 0/8 | Reverted: 0 | Pending: 8
Confirmed: 0/8 | Reverted: 0 | Pending: 8
Confirmed: 1/8 | Reverted: 0 | Pending: 7
Confirmed: 1/8 | Reverted: 0 | Pending: 7
Confirmed: 1/8 | Reverted: 0 | Pending: 7
Confirmed: 1/8 | Reverted: 0 | Pending: 7
Confirmed: 1/8 | Reverted: 0 | Pending: 7
Confirmed: 1/8 | Reverted: 0 | Pending: 7
Confirmed: 2/8 | Reverted: 0 | Pending: 6
Confirmed: 2/8 | Reverted: 0 | Pending: 6
Confirmed: 2/8 | Reverted: 0 | Pending: 6
Confirmed: 2/8 | Reverted: 0 | Pending: 6
Confirmed: 2/8 | Reverted: 0 | Pending: 6
Confirmed: 2/8 | Reverted: 0 | Pending: 6
Confirmed: 3/8 | Reverted: 0 | Pending: 5
Confirmed: 3/8 | Reverted: 0 | Pending: 5
Confirmed: 3/8 | Reverted: 0 | Pending: 5
Confirmed: 3/8 | Reverted: 0 | Pending: 5
Confirmed: 3/8 | Reverted: 0 | Pending: 5
Confirmed: 3/8 | Reverted: 0 | Pending: 5
Confirmed: 3/8 | Reverted: 0 | Pending: 5
Confirmed: 4/8 | Reverted: 0 | Pending: 4
Confirmed: 4/8 | Reverted: 0 | Pending: 4
Confirmed: 4/8 | Reverted: 0 | Pending: 4
Confirmed: 4/8 | Reverted: 0 | Pending: 4
Confirmed: 4/8 | Reverted: 0 | Pending: 4
Confirmed: 4/8 | Reverted: 0 | Pending: 4
Confirmed: 4/8 | Reverted: 0 | Pending: 4
Confirmed: 5/8 | Reverted: 0 | Pending: 3
Confirmed: 5/8 | Reverted: 0 | Pending: 3
Confirmed: 5/8 | Reverted: 0 | Pending: 3
Confirmed: 5/8 | Reverted: 0 | Pending: 3
Confirmed: 5/8 | Reverted: 0 | Pending: 3
Confirmed: 5/8 | Reverted: 0 | Pending: 3
Confirmed: 5/8 | Reverted: 0 | Pending: 3
Confirmed: 6/8 | Reverted: 0 | Pending: 2
Confirmed: 6/8 | Reverted: 0 | Pending: 2
Confirmed: 6/8 | Reverted: 0 | Pending: 2
Confirmed: 6/8 | Reverted: 0 | Pending: 2
Confirmed: 6/8 | Reverted: 0 | Pending: 2
Confirmed: 6/8 | Reverted: 0 | Pending: 2
Confirmed: 6/8 | Reverted: 0 | Pending: 2
Confirmed: 7/8 | Reverted: 0 | Pending: 1
Confirmed: 7/8 | Reverted: 0 | Pending: 1
Confirmed: 7/8 | Reverted: 0 | Pending: 1
Confirmed: 7/8 | Reverted: 0 | Pending: 1
Confirmed: 7/8 | Reverted: 0 | Pending: 1
Confirmed: 7/8 | Reverted: 0 | Pending: 1
Confirmed: 7/8 | Reverted: 0 | Pending: 1
Confirmed: 7/8 | Reverted: 0 | Pending: 1
Confirmed: 8/8 | Reverted: 0 | Pending: 0

Receipt polling finished.
------------------------------------------
Confirmed : 8
Reverted  : 0
Timeout   : 0
Duration  : 28.295s
------------------------------------------

============================================================
nproofs/vmno=8  num_vmnos=8  run=3  (off-chain source: reference_fallback)
============================================================

>>> on-chain leg: individual_n8_vmnos8_r3 (64 tx total, 420B calldata, gas/tx=278265, to=0xDC8d9ecbbDd1a5F8cB6f8a48e47775054D869aDF)

Starting transaction producer...
Target submission rate : 500.00 tx/s
Submission workers      : 48


Producer finished.
------------------------------------------
Submitted : 62/64
Failed    : 2/64
Duration  : 0.288s
Rate      : 215.17 tx/s
------------------------------------------

Starting receipt polling...
------------------------------------------
Transactions to confirm : 62
Receipt workers         : 48
Receipt timeout         : 120.0s
------------------------------------------

Confirmed: 0/62 | Reverted: 0 | Pending: 62
Confirmed: 0/62 | Reverted: 0 | Pending: 62
Confirmed: 4/62 | Reverted: 0 | Pending: 58
Confirmed: 4/62 | Reverted: 0 | Pending: 58
Confirmed: 4/62 | Reverted: 0 | Pending: 58
Confirmed: 7/62 | Reverted: 0 | Pending: 55
Confirmed: 8/62 | Reverted: 0 | Pending: 54
Confirmed: 8/62 | Reverted: 0 | Pending: 54
Confirmed: 8/62 | Reverted: 0 | Pending: 54
Confirmed: 12/62 | Reverted: 0 | Pending: 50
Confirmed: 12/62 | Reverted: 0 | Pending: 50
Confirmed: 12/62 | Reverted: 0 | Pending: 50
Confirmed: 16/62 | Reverted: 0 | Pending: 46
Confirmed: 16/62 | Reverted: 0 | Pending: 46
Confirmed: 16/62 | Reverted: 0 | Pending: 46
Confirmed: 20/62 | Reverted: 0 | Pending: 42
Confirmed: 20/62 | Reverted: 0 | Pending: 42
Confirmed: 20/62 | Reverted: 0 | Pending: 42
Confirmed: 21/62 | Reverted: 0 | Pending: 41
Confirmed: 24/62 | Reverted: 0 | Pending: 38
Confirmed: 24/62 | Reverted: 0 | Pending: 38
Confirmed: 24/62 | Reverted: 0 | Pending: 38
Confirmed: 25/62 | Reverted: 0 | Pending: 37
Confirmed: 28/62 | Reverted: 0 | Pending: 34
Confirmed: 28/62 | Reverted: 0 | Pending: 34
Confirmed: 28/62 | Reverted: 0 | Pending: 34
Confirmed: 29/62 | Reverted: 0 | Pending: 33
Confirmed: 33/62 | Reverted: 0 | Pending: 29
Confirmed: 33/62 | Reverted: 0 | Pending: 29
Confirmed: 33/62 | Reverted: 0 | Pending: 29
Confirmed: 33/62 | Reverted: 0 | Pending: 29
Confirmed: 37/62 | Reverted: 0 | Pending: 25
Confirmed: 37/62 | Reverted: 0 | Pending: 25
Confirmed: 37/62 | Reverted: 0 | Pending: 25
Confirmed: 37/62 | Reverted: 0 | Pending: 25
Confirmed: 42/62 | Reverted: 0 | Pending: 20
Confirmed: 42/62 | Reverted: 0 | Pending: 20
Confirmed: 42/62 | Reverted: 0 | Pending: 20
Confirmed: 42/62 | Reverted: 0 | Pending: 20
Confirmed: 42/62 | Reverted: 0 | Pending: 20
Confirmed: 47/62 | Reverted: 0 | Pending: 15
Confirmed: 47/62 | Reverted: 0 | Pending: 15
Confirmed: 47/62 | Reverted: 0 | Pending: 15
Confirmed: 47/62 | Reverted: 0 | Pending: 15
Confirmed: 47/62 | Reverted: 0 | Pending: 15
Confirmed: 47/62 | Reverted: 0 | Pending: 15
Confirmed: 50/62 | Reverted: 0 | Pending: 12
Confirmed: 50/62 | Reverted: 0 | Pending: 12
Confirmed: 50/62 | Reverted: 0 | Pending: 12
Confirmed: 50/62 | Reverted: 0 | Pending: 12
Confirmed: 50/62 | Reverted: 0 | Pending: 12
Confirmed: 54/62 | Reverted: 0 | Pending: 8
Confirmed: 54/62 | Reverted: 0 | Pending: 8
Confirmed: 54/62 | Reverted: 0 | Pending: 8
Confirmed: 54/62 | Reverted: 0 | Pending: 8
Confirmed: 54/62 | Reverted: 0 | Pending: 8
Confirmed: 54/62 | Reverted: 0 | Pending: 8
Confirmed: 55/62 | Reverted: 0 | Pending: 7
Confirmed: 58/62 | Reverted: 0 | Pending: 4
Confirmed: 58/62 | Reverted: 0 | Pending: 4
Confirmed: 58/62 | Reverted: 0 | Pending: 4
Confirmed: 58/62 | Reverted: 0 | Pending: 4
Confirmed: 58/62 | Reverted: 0 | Pending: 4
Confirmed: 58/62 | Reverted: 0 | Pending: 4
Confirmed: 62/62 | Reverted: 0 | Pending: 0

Receipt polling finished.
------------------------------------------
Confirmed : 62
Reverted  : 0
Timeout   : 0
Duration  : 28.886s
------------------------------------------

>>> on-chain leg: aggregate_n8_vmnos8_r3 (8 tx total, 420B/tx x 8 distinct payloads, gas/tx=176660, to=0xd07D0020E1e2Bcf13C75BFDeaa995fF88DA3C356)

Starting transaction producer...
Target submission rate : 500.00 tx/s
Submission workers      : 48


Producer finished.
------------------------------------------
Submitted : 8/8
Failed    : 0/8
Duration  : 0.047s
Rate      : 168.58 tx/s
------------------------------------------

Starting receipt polling...
------------------------------------------
Transactions to confirm : 8
Receipt workers         : 48
Receipt timeout         : 120.0s
------------------------------------------

Confirmed: 0/8 | Reverted: 0 | Pending: 8
Confirmed: 0/8 | Reverted: 0 | Pending: 8
Confirmed: 0/8 | Reverted: 0 | Pending: 8
Confirmed: 0/8 | Reverted: 0 | Pending: 8
Confirmed: 0/8 | Reverted: 0 | Pending: 8
Confirmed: 0/8 | Reverted: 0 | Pending: 8
Confirmed: 0/8 | Reverted: 0 | Pending: 8
Confirmed: 0/8 | Reverted: 0 | Pending: 8
Confirmed: 0/8 | Reverted: 0 | Pending: 8
Confirmed: 0/8 | Reverted: 0 | Pending: 8
Confirmed: 0/8 | Reverted: 0 | Pending: 8
Confirmed: 0/8 | Reverted: 0 | Pending: 8
Confirmed: 0/8 | Reverted: 0 | Pending: 8
Confirmed: 0/8 | Reverted: 0 | Pending: 8
Confirmed: 0/8 | Reverted: 0 | Pending: 8
Confirmed: 0/8 | Reverted: 0 | Pending: 8
Confirmed: 0/8 | Reverted: 0 | Pending: 8
Confirmed: 0/8 | Reverted: 0 | Pending: 8
Confirmed: 0/8 | Reverted: 0 | Pending: 8
Confirmed: 0/8 | Reverted: 0 | Pending: 8
Confirmed: 0/8 | Reverted: 0 | Pending: 8
Confirmed: 0/8 | Reverted: 0 | Pending: 8
Confirmed: 0/8 | Reverted: 0 | Pending: 8
Confirmed: 0/8 | Reverted: 0 | Pending: 8
Confirmed: 0/8 | Reverted: 0 | Pending: 8
Confirmed: 0/8 | Reverted: 0 | Pending: 8
Confirmed: 0/8 | Reverted: 0 | Pending: 8
Confirmed: 0/8 | Reverted: 0 | Pending: 8
Confirmed: 0/8 | Reverted: 0 | Pending: 8
Confirmed: 0/8 | Reverted: 0 | Pending: 8
Confirmed: 0/8 | Reverted: 0 | Pending: 8
Confirmed: 0/8 | Reverted: 0 | Pending: 8
Confirmed: 0/8 | Reverted: 0 | Pending: 8
Confirmed: 0/8 | Reverted: 0 | Pending: 8
Confirmed: 0/8 | Reverted: 0 | Pending: 8
Confirmed: 0/8 | Reverted: 0 | Pending: 8
Confirmed: 0/8 | Reverted: 0 | Pending: 8
Confirmed: 0/8 | Reverted: 0 | Pending: 8
Confirmed: 0/8 | Reverted: 0 | Pending: 8
Confirmed: 0/8 | Reverted: 0 | Pending: 8
Confirmed: 0/8 | Reverted: 0 | Pending: 8
Confirmed: 0/8 | Reverted: 0 | Pending: 8
Confirmed: 0/8 | Reverted: 0 | Pending: 8
Confirmed: 0/8 | Reverted: 0 | Pending: 8
Confirmed: 0/8 | Reverted: 0 | Pending: 8
Confirmed: 0/8 | Reverted: 0 | Pending: 8
Confirmed: 1/8 | Reverted: 0 | Pending: 7
Confirmed: 1/8 | Reverted: 0 | Pending: 7
Confirmed: 1/8 | Reverted: 0 | Pending: 7
Confirmed: 1/8 | Reverted: 0 | Pending: 7
Confirmed: 1/8 | Reverted: 0 | Pending: 7
Confirmed: 1/8 | Reverted: 0 | Pending: 7
Confirmed: 1/8 | Reverted: 0 | Pending: 7
Confirmed: 2/8 | Reverted: 0 | Pending: 6
Confirmed: 2/8 | Reverted: 0 | Pending: 6
Confirmed: 2/8 | Reverted: 0 | Pending: 6
Confirmed: 2/8 | Reverted: 0 | Pending: 6
Confirmed: 2/8 | Reverted: 0 | Pending: 6
Confirmed: 2/8 | Reverted: 0 | Pending: 6
Confirmed: 3/8 | Reverted: 0 | Pending: 5
Confirmed: 3/8 | Reverted: 0 | Pending: 5
Confirmed: 3/8 | Reverted: 0 | Pending: 5
Confirmed: 3/8 | Reverted: 0 | Pending: 5
Confirmed: 3/8 | Reverted: 0 | Pending: 5
Confirmed: 3/8 | Reverted: 0 | Pending: 5
Confirmed: 3/8 | Reverted: 0 | Pending: 5
Confirmed: 4/8 | Reverted: 0 | Pending: 4
Confirmed: 4/8 | Reverted: 0 | Pending: 4
Confirmed: 4/8 | Reverted: 0 | Pending: 4
Confirmed: 4/8 | Reverted: 0 | Pending: 4
Confirmed: 4/8 | Reverted: 0 | Pending: 4
Confirmed: 4/8 | Reverted: 0 | Pending: 4
Confirmed: 4/8 | Reverted: 0 | Pending: 4
Confirmed: 4/8 | Reverted: 0 | Pending: 4
Confirmed: 5/8 | Reverted: 0 | Pending: 3
Confirmed: 5/8 | Reverted: 0 | Pending: 3
Confirmed: 5/8 | Reverted: 0 | Pending: 3
Confirmed: 5/8 | Reverted: 0 | Pending: 3
Confirmed: 5/8 | Reverted: 0 | Pending: 3
Confirmed: 5/8 | Reverted: 0 | Pending: 3
Confirmed: 6/8 | Reverted: 0 | Pending: 2
Confirmed: 6/8 | Reverted: 0 | Pending: 2
Confirmed: 6/8 | Reverted: 0 | Pending: 2
Confirmed: 6/8 | Reverted: 0 | Pending: 2
Confirmed: 6/8 | Reverted: 0 | Pending: 2
Confirmed: 6/8 | Reverted: 0 | Pending: 2
Confirmed: 6/8 | Reverted: 0 | Pending: 2
Confirmed: 6/8 | Reverted: 0 | Pending: 2
Confirmed: 6/8 | Reverted: 0 | Pending: 2
Confirmed: 7/8 | Reverted: 0 | Pending: 1
Confirmed: 7/8 | Reverted: 0 | Pending: 1
Confirmed: 7/8 | Reverted: 0 | Pending: 1
Confirmed: 7/8 | Reverted: 0 | Pending: 1
Confirmed: 7/8 | Reverted: 0 | Pending: 1
Confirmed: 7/8 | Reverted: 0 | Pending: 1
Confirmed: 8/8 | Reverted: 0 | Pending: 0

Receipt polling finished.
------------------------------------------
Confirmed : 8
Reverted  : 0
Timeout   : 0
Duration  : 28.848s
------------------------------------------

============================================================
nproofs/vmno=8  num_vmnos=8  run=4  (off-chain source: reference_fallback)
============================================================

>>> on-chain leg: individual_n8_vmnos8_r4 (64 tx total, 420B calldata, gas/tx=278265, to=0xDC8d9ecbbDd1a5F8cB6f8a48e47775054D869aDF)

Starting transaction producer...
Target submission rate : 500.00 tx/s
Submission workers      : 48


Producer finished.
------------------------------------------
Submitted : 62/64
Failed    : 2/64
Duration  : 0.249s
Rate      : 248.76 tx/s
------------------------------------------

Starting receipt polling...
------------------------------------------
Transactions to confirm : 62
Receipt workers         : 48
Receipt timeout         : 120.0s
------------------------------------------

Confirmed: 0/62 | Reverted: 0 | Pending: 62
Confirmed: 0/62 | Reverted: 0 | Pending: 62
Confirmed: 4/62 | Reverted: 0 | Pending: 58
Confirmed: 4/62 | Reverted: 0 | Pending: 58
Confirmed: 4/62 | Reverted: 0 | Pending: 58
Confirmed: 8/62 | Reverted: 0 | Pending: 54
Confirmed: 8/62 | Reverted: 0 | Pending: 54
Confirmed: 8/62 | Reverted: 0 | Pending: 54
Confirmed: 10/62 | Reverted: 0 | Pending: 52
Confirmed: 12/62 | Reverted: 0 | Pending: 50
Confirmed: 12/62 | Reverted: 0 | Pending: 50
Confirmed: 12/62 | Reverted: 0 | Pending: 50
Confirmed: 16/62 | Reverted: 0 | Pending: 46
Confirmed: 16/62 | Reverted: 0 | Pending: 46
Confirmed: 16/62 | Reverted: 0 | Pending: 46
Confirmed: 20/62 | Reverted: 0 | Pending: 42
Confirmed: 20/62 | Reverted: 0 | Pending: 42
Confirmed: 20/62 | Reverted: 0 | Pending: 42
Confirmed: 24/62 | Reverted: 0 | Pending: 38
Confirmed: 24/62 | Reverted: 0 | Pending: 38
Confirmed: 24/62 | Reverted: 0 | Pending: 38
Confirmed: 24/62 | Reverted: 0 | Pending: 38
Confirmed: 28/62 | Reverted: 0 | Pending: 34
Confirmed: 28/62 | Reverted: 0 | Pending: 34
Confirmed: 28/62 | Reverted: 0 | Pending: 34
Confirmed: 28/62 | Reverted: 0 | Pending: 34
Confirmed: 32/62 | Reverted: 0 | Pending: 30
Confirmed: 33/62 | Reverted: 0 | Pending: 29
Confirmed: 33/62 | Reverted: 0 | Pending: 29
Confirmed: 33/62 | Reverted: 0 | Pending: 29
Confirmed: 37/62 | Reverted: 0 | Pending: 25
Confirmed: 37/62 | Reverted: 0 | Pending: 25
Confirmed: 37/62 | Reverted: 0 | Pending: 25
Confirmed: 37/62 | Reverted: 0 | Pending: 25
Confirmed: 41/62 | Reverted: 0 | Pending: 21
Confirmed: 42/62 | Reverted: 0 | Pending: 20
Confirmed: 42/62 | Reverted: 0 | Pending: 20
Confirmed: 42/62 | Reverted: 0 | Pending: 20
Confirmed: 42/62 | Reverted: 0 | Pending: 20
Confirmed: 47/62 | Reverted: 0 | Pending: 15
Confirmed: 47/62 | Reverted: 0 | Pending: 15
Confirmed: 47/62 | Reverted: 0 | Pending: 15
Confirmed: 47/62 | Reverted: 0 | Pending: 15
Confirmed: 47/62 | Reverted: 0 | Pending: 15
Confirmed: 49/62 | Reverted: 0 | Pending: 13
Confirmed: 49/62 | Reverted: 0 | Pending: 13
Confirmed: 49/62 | Reverted: 0 | Pending: 13
Confirmed: 49/62 | Reverted: 0 | Pending: 13
Confirmed: 49/62 | Reverted: 0 | Pending: 13
Confirmed: 49/62 | Reverted: 0 | Pending: 13
Confirmed: 53/62 | Reverted: 0 | Pending: 9
Confirmed: 53/62 | Reverted: 0 | Pending: 9
Confirmed: 53/62 | Reverted: 0 | Pending: 9
Confirmed: 53/62 | Reverted: 0 | Pending: 9
Confirmed: 53/62 | Reverted: 0 | Pending: 9
Confirmed: 53/62 | Reverted: 0 | Pending: 9
Confirmed: 56/62 | Reverted: 0 | Pending: 6
Confirmed: 57/62 | Reverted: 0 | Pending: 5
Confirmed: 57/62 | Reverted: 0 | Pending: 5
Confirmed: 57/62 | Reverted: 0 | Pending: 5
Confirmed: 57/62 | Reverted: 0 | Pending: 5
Confirmed: 57/62 | Reverted: 0 | Pending: 5
Confirmed: 57/62 | Reverted: 0 | Pending: 5
Confirmed: 61/62 | Reverted: 0 | Pending: 1
Confirmed: 61/62 | Reverted: 0 | Pending: 1
Confirmed: 61/62 | Reverted: 0 | Pending: 1
Confirmed: 61/62 | Reverted: 0 | Pending: 1
Confirmed: 61/62 | Reverted: 0 | Pending: 1
Confirmed: 61/62 | Reverted: 0 | Pending: 1
Confirmed: 61/62 | Reverted: 0 | Pending: 1
Confirmed: 61/62 | Reverted: 0 | Pending: 1
Confirmed: 61/62 | Reverted: 0 | Pending: 1
Confirmed: 61/62 | Reverted: 0 | Pending: 1
Confirmed: 61/62 | Reverted: 0 | Pending: 1
Confirmed: 61/62 | Reverted: 0 | Pending: 1
Confirmed: 61/62 | Reverted: 0 | Pending: 1
Confirmed: 61/62 | Reverted: 0 | Pending: 1
Confirmed: 61/62 | Reverted: 0 | Pending: 1
Confirmed: 61/62 | Reverted: 0 | Pending: 1
Confirmed: 61/62 | Reverted: 0 | Pending: 1
Confirmed: 61/62 | Reverted: 0 | Pending: 1
Confirmed: 61/62 | Reverted: 0 | Pending: 1
Confirmed: 61/62 | Reverted: 0 | Pending: 1
Confirmed: 61/62 | Reverted: 0 | Pending: 1
Confirmed: 61/62 | Reverted: 0 | Pending: 1
Confirmed: 61/62 | Reverted: 0 | Pending: 1
Confirmed: 61/62 | Reverted: 0 | Pending: 1
Confirmed: 61/62 | Reverted: 0 | Pending: 1
Confirmed: 61/62 | Reverted: 0 | Pending: 1
Confirmed: 61/62 | Reverted: 0 | Pending: 1
Confirmed: 61/62 | Reverted: 0 | Pending: 1
Confirmed: 61/62 | Reverted: 0 | Pending: 1
Confirmed: 61/62 | Reverted: 0 | Pending: 1
Confirmed: 61/62 | Reverted: 0 | Pending: 1
Confirmed: 61/62 | Reverted: 0 | Pending: 1
Confirmed: 61/62 | Reverted: 0 | Pending: 1
Confirmed: 61/62 | Reverted: 0 | Pending: 1
Confirmed: 61/62 | Reverted: 0 | Pending: 1
Confirmed: 61/62 | Reverted: 0 | Pending: 1
Confirmed: 61/62 | Reverted: 0 | Pending: 1
Confirmed: 61/62 | Reverted: 0 | Pending: 1
Confirmed: 61/62 | Reverted: 0 | Pending: 1
Confirmed: 61/62 | Reverted: 0 | Pending: 1
Confirmed: 61/62 | Reverted: 0 | Pending: 1
Confirmed: 61/62 | Reverted: 0 | Pending: 1
Confirmed: 61/62 | Reverted: 0 | Pending: 1
Confirmed: 61/62 | Reverted: 0 | Pending: 1
Confirmed: 61/62 | Reverted: 0 | Pending: 1
Confirmed: 61/62 | Reverted: 0 | Pending: 1
Confirmed: 61/62 | Reverted: 0 | Pending: 1
Confirmed: 61/62 | Reverted: 0 | Pending: 1
Confirmed: 61/62 | Reverted: 0 | Pending: 1
Confirmed: 61/62 | Reverted: 0 | Pending: 1
Confirmed: 61/62 | Reverted: 0 | Pending: 1
Confirmed: 61/62 | Reverted: 0 | Pending: 1
Confirmed: 61/62 | Reverted: 0 | Pending: 1
Confirmed: 61/62 | Reverted: 0 | Pending: 1
Confirmed: 61/62 | Reverted: 0 | Pending: 1
Confirmed: 61/62 | Reverted: 0 | Pending: 1
Confirmed: 61/62 | Reverted: 0 | Pending: 1
Confirmed: 61/62 | Reverted: 0 | Pending: 1
Confirmed: 61/62 | Reverted: 0 | Pending: 1
Confirmed: 61/62 | Reverted: 0 | Pending: 1
Confirmed: 61/62 | Reverted: 0 | Pending: 1
Confirmed: 61/62 | Reverted: 0 | Pending: 1
Confirmed: 61/62 | Reverted: 0 | Pending: 1
Confirmed: 61/62 | Reverted: 0 | Pending: 1
Confirmed: 61/62 | Reverted: 0 | Pending: 1
Confirmed: 61/62 | Reverted: 0 | Pending: 1
Confirmed: 61/62 | Reverted: 0 | Pending: 1
Confirmed: 61/62 | Reverted: 0 | Pending: 1
Confirmed: 61/62 | Reverted: 0 | Pending: 1
Confirmed: 61/62 | Reverted: 0 | Pending: 1
Confirmed: 61/62 | Reverted: 0 | Pending: 1
Confirmed: 61/62 | Reverted: 0 | Pending: 1
Confirmed: 61/62 | Reverted: 0 | Pending: 1
Confirmed: 61/62 | Reverted: 0 | Pending: 1
Confirmed: 61/62 | Reverted: 0 | Pending: 1
Confirmed: 61/62 | Reverted: 0 | Pending: 1
Confirmed: 61/62 | Reverted: 0 | Pending: 1
Confirmed: 61/62 | Reverted: 0 | Pending: 1
Confirmed: 61/62 | Reverted: 0 | Pending: 1
Confirmed: 61/62 | Reverted: 0 | Pending: 1
Confirmed: 61/62 | Reverted: 0 | Pending: 1
Confirmed: 61/62 | Reverted: 0 | Pending: 1
Confirmed: 61/62 | Reverted: 0 | Pending: 1
Confirmed: 61/62 | Reverted: 0 | Pending: 1
Confirmed: 61/62 | Reverted: 0 | Pending: 1
Confirmed: 61/62 | Reverted: 0 | Pending: 1
Confirmed: 61/62 | Reverted: 0 | Pending: 1
Confirmed: 61/62 | Reverted: 0 | Pending: 1
Confirmed: 61/62 | Reverted: 0 | Pending: 1
Confirmed: 61/62 | Reverted: 0 | Pending: 1
Confirmed: 61/62 | Reverted: 0 | Pending: 1
Confirmed: 61/62 | Reverted: 0 | Pending: 1
Confirmed: 61/62 | Reverted: 0 | Pending: 1
Confirmed: 61/62 | Reverted: 0 | Pending: 1
Confirmed: 61/62 | Reverted: 0 | Pending: 1
Confirmed: 61/62 | Reverted: 0 | Pending: 1
Confirmed: 61/62 | Reverted: 0 | Pending: 1
Confirmed: 61/62 | Reverted: 0 | Pending: 1
Confirmed: 61/62 | Reverted: 0 | Pending: 1
Confirmed: 61/62 | Reverted: 0 | Pending: 1
Confirmed: 61/62 | Reverted: 0 | Pending: 1
Confirmed: 61/62 | Reverted: 0 | Pending: 1
Confirmed: 61/62 | Reverted: 0 | Pending: 1
Confirmed: 61/62 | Reverted: 0 | Pending: 1
Confirmed: 61/62 | Reverted: 0 | Pending: 1
Confirmed: 61/62 | Reverted: 0 | Pending: 1
Confirmed: 61/62 | Reverted: 0 | Pending: 1
Confirmed: 61/62 | Reverted: 0 | Pending: 1
Confirmed: 61/62 | Reverted: 0 | Pending: 1
Confirmed: 61/62 | Reverted: 0 | Pending: 1
Confirmed: 61/62 | Reverted: 0 | Pending: 1
Confirmed: 61/62 | Reverted: 0 | Pending: 1
Confirmed: 61/62 | Reverted: 0 | Pending: 1
Confirmed: 61/62 | Reverted: 0 | Pending: 1
Confirmed: 61/62 | Reverted: 0 | Pending: 1
Confirmed: 61/62 | Reverted: 0 | Pending: 1
Confirmed: 61/62 | Reverted: 0 | Pending: 1
Confirmed: 61/62 | Reverted: 0 | Pending: 1
Confirmed: 61/62 | Reverted: 0 | Pending: 1
Confirmed: 61/62 | Reverted: 0 | Pending: 1
Confirmed: 61/62 | Reverted: 0 | Pending: 1
Confirmed: 61/62 | Reverted: 0 | Pending: 1
Confirmed: 61/62 | Reverted: 0 | Pending: 1
Confirmed: 61/62 | Reverted: 0 | Pending: 1
Confirmed: 61/62 | Reverted: 0 | Pending: 1
Confirmed: 61/62 | Reverted: 0 | Pending: 1
Confirmed: 61/62 | Reverted: 0 | Pending: 1
Confirmed: 61/62 | Reverted: 0 | Pending: 1
Confirmed: 61/62 | Reverted: 0 | Pending: 1
Confirmed: 61/62 | Reverted: 0 | Pending: 1
Confirmed: 61/62 | Reverted: 0 | Pending: 1
Confirmed: 61/62 | Reverted: 0 | Pending: 1
Confirmed: 61/62 | Reverted: 0 | Pending: 1
Confirmed: 61/62 | Reverted: 0 | Pending: 1
Confirmed: 61/62 | Reverted: 0 | Pending: 1
Confirmed: 61/62 | Reverted: 0 | Pending: 1
Confirmed: 61/62 | Reverted: 0 | Pending: 1
Confirmed: 61/62 | Reverted: 0 | Pending: 1
Confirmed: 61/62 | Reverted: 0 | Pending: 1
Confirmed: 61/62 | Reverted: 0 | Pending: 1
Confirmed: 61/62 | Reverted: 0 | Pending: 1
Confirmed: 61/62 | Reverted: 0 | Pending: 1
Confirmed: 61/62 | Reverted: 0 | Pending: 1
Confirmed: 61/62 | Reverted: 0 | Pending: 1
Confirmed: 61/62 | Reverted: 0 | Pending: 1
Confirmed: 61/62 | Reverted: 0 | Pending: 1
Confirmed: 61/62 | Reverted: 0 | Pending: 1
Confirmed: 61/62 | Reverted: 0 | Pending: 1
Confirmed: 61/62 | Reverted: 0 | Pending: 1
Confirmed: 61/62 | Reverted: 0 | Pending: 1
Confirmed: 61/62 | Reverted: 0 | Pending: 1
Confirmed: 61/62 | Reverted: 0 | Pending: 1
Confirmed: 61/62 | Reverted: 0 | Pending: 1
Confirmed: 61/62 | Reverted: 0 | Pending: 1
Confirmed: 61/62 | Reverted: 0 | Pending: 1
Confirmed: 61/62 | Reverted: 0 | Pending: 1
Confirmed: 61/62 | Reverted: 0 | Pending: 1
Confirmed: 61/62 | Reverted: 0 | Pending: 1
Confirmed: 61/62 | Reverted: 0 | Pending: 1
Confirmed: 61/62 | Reverted: 0 | Pending: 1
Confirmed: 61/62 | Reverted: 0 | Pending: 1
Confirmed: 61/62 | Reverted: 0 | Pending: 1
Confirmed: 61/62 | Reverted: 0 | Pending: 1
Confirmed: 61/62 | Reverted: 0 | Pending: 1
Confirmed: 61/62 | Reverted: 0 | Pending: 1
Confirmed: 61/62 | Reverted: 0 | Pending: 1
Confirmed: 61/62 | Reverted: 0 | Pending: 1
Confirmed: 61/62 | Reverted: 0 | Pending: 1
Confirmed: 61/62 | Reverted: 0 | Pending: 1
Confirmed: 61/62 | Reverted: 0 | Pending: 1
Confirmed: 61/62 | Reverted: 0 | Pending: 1
Confirmed: 61/62 | Reverted: 0 | Pending: 1
Confirmed: 61/62 | Reverted: 0 | Pending: 1
Confirmed: 61/62 | Reverted: 0 | Pending: 1
Confirmed: 61/62 | Reverted: 0 | Pending: 1
Confirmed: 61/62 | Reverted: 0 | Pending: 1
Confirmed: 61/62 | Reverted: 0 | Pending: 1
Confirmed: 61/62 | Reverted: 0 | Pending: 1
Confirmed: 61/62 | Reverted: 0 | Pending: 1
Confirmed: 61/62 | Reverted: 0 | Pending: 1
Confirmed: 61/62 | Reverted: 0 | Pending: 1
Confirmed: 61/62 | Reverted: 0 | Pending: 1
Confirmed: 61/62 | Reverted: 0 | Pending: 1
Confirmed: 61/62 | Reverted: 0 | Pending: 1
Confirmed: 61/62 | Reverted: 0 | Pending: 1
Confirmed: 61/62 | Reverted: 0 | Pending: 1
Confirmed: 61/62 | Reverted: 0 | Pending: 1
Confirmed: 61/62 | Reverted: 0 | Pending: 1
Confirmed: 61/62 | Reverted: 0 | Pending: 1
Confirmed: 61/62 | Reverted: 0 | Pending: 1
Confirmed: 61/62 | Reverted: 0 | Pending: 1
Confirmed: 61/62 | Reverted: 0 | Pending: 1
Confirmed: 61/62 | Reverted: 0 | Pending: 1
Confirmed: 61/62 | Reverted: 0 | Pending: 1
Confirmed: 61/62 | Reverted: 0 | Pending: 1
Confirmed: 61/62 | Reverted: 0 | Pending: 1
Confirmed: 61/62 | Reverted: 0 | Pending: 1
Confirmed: 61/62 | Reverted: 0 | Pending: 1
Confirmed: 61/62 | Reverted: 0 | Pending: 1
Confirmed: 61/62 | Reverted: 0 | Pending: 1
Confirmed: 61/62 | Reverted: 0 | Pending: 1
Confirmed: 61/62 | Reverted: 0 | Pending: 1
Confirmed: 61/62 | Reverted: 0 | Pending: 1
Confirmed: 61/62 | Reverted: 0 | Pending: 1
Confirmed: 61/62 | Reverted: 0 | Pending: 1
Confirmed: 61/62 | Reverted: 0 | Pending: 1
Confirmed: 61/62 | Reverted: 0 | Pending: 1
Confirmed: 61/62 | Reverted: 0 | Pending: 1
Confirmed: 61/62 | Reverted: 0 | Pending: 1
Confirmed: 61/62 | Reverted: 0 | Pending: 1
Confirmed: 61/62 | Reverted: 0 | Pending: 1
Confirmed: 61/62 | Reverted: 0 | Pending: 1
Confirmed: 61/62 | Reverted: 0 | Pending: 1
Confirmed: 61/62 | Reverted: 0 | Pending: 1
Confirmed: 61/62 | Reverted: 0 | Pending: 1
Confirmed: 61/62 | Reverted: 0 | Pending: 1
Confirmed: 61/62 | Reverted: 0 | Pending: 1
Confirmed: 61/62 | Reverted: 0 | Pending: 1
Confirmed: 61/62 | Reverted: 0 | Pending: 1
Confirmed: 61/62 | Reverted: 0 | Pending: 1
Confirmed: 61/62 | Reverted: 0 | Pending: 1
Confirmed: 61/62 | Reverted: 0 | Pending: 1
Confirmed: 61/62 | Reverted: 0 | Pending: 1
Confirmed: 61/62 | Reverted: 0 | Pending: 1
Confirmed: 61/62 | Reverted: 0 | Pending: 1
Confirmed: 61/62 | Reverted: 0 | Pending: 1
Confirmed: 61/62 | Reverted: 0 | Pending: 1
Confirmed: 61/62 | Reverted: 0 | Pending: 1
Confirmed: 61/62 | Reverted: 0 | Pending: 1
Confirmed: 61/62 | Reverted: 0 | Pending: 1
Confirmed: 61/62 | Reverted: 0 | Pending: 1
Confirmed: 61/62 | Reverted: 0 | Pending: 1
Confirmed: 61/62 | Reverted: 0 | Pending: 1
Confirmed: 61/62 | Reverted: 0 | Pending: 1
Confirmed: 61/62 | Reverted: 0 | Pending: 1
Confirmed: 61/62 | Reverted: 0 | Pending: 1
Confirmed: 61/62 | Reverted: 0 | Pending: 1
Confirmed: 61/62 | Reverted: 0 | Pending: 1
Confirmed: 61/62 | Reverted: 0 | Pending: 1
Confirmed: 61/62 | Reverted: 0 | Pending: 1
Confirmed: 61/62 | Reverted: 0 | Pending: 1
Confirmed: 61/62 | Reverted: 0 | Pending: 1
Confirmed: 61/62 | Reverted: 0 | Pending: 1
Confirmed: 61/62 | Reverted: 0 | Pending: 1
Confirmed: 61/62 | Reverted: 0 | Pending: 1
Confirmed: 61/62 | Reverted: 0 | Pending: 1
Confirmed: 61/62 | Reverted: 0 | Pending: 1
Confirmed: 61/62 | Reverted: 0 | Pending: 1
Confirmed: 61/62 | Reverted: 0 | Pending: 1
Confirmed: 61/62 | Reverted: 0 | Pending: 1
Confirmed: 61/62 | Reverted: 0 | Pending: 1
Confirmed: 61/62 | Reverted: 0 | Pending: 1
Confirmed: 61/62 | Reverted: 0 | Pending: 1
Confirmed: 61/62 | Reverted: 0 | Pending: 1
Confirmed: 61/62 | Reverted: 0 | Pending: 1
Confirmed: 61/62 | Reverted: 0 | Pending: 1
Confirmed: 61/62 | Reverted: 0 | Pending: 1
Confirmed: 61/62 | Reverted: 0 | Pending: 1
Confirmed: 61/62 | Reverted: 0 | Pending: 1
Confirmed: 61/62 | Reverted: 0 | Pending: 1
Confirmed: 61/62 | Reverted: 0 | Pending: 1
Confirmed: 61/62 | Reverted: 0 | Pending: 1
Confirmed: 61/62 | Reverted: 0 | Pending: 1
Confirmed: 61/62 | Reverted: 0 | Pending: 1
Confirmed: 61/62 | Reverted: 0 | Pending: 1
Confirmed: 61/62 | Reverted: 0 | Pending: 1
Confirmed: 61/62 | Reverted: 0 | Pending: 1
Confirmed: 61/62 | Reverted: 0 | Pending: 1
Confirmed: 61/62 | Reverted: 0 | Pending: 1
Confirmed: 61/62 | Reverted: 0 | Pending: 1
Confirmed: 61/62 | Reverted: 0 | Pending: 1
Confirmed: 61/62 | Reverted: 0 | Pending: 1
Confirmed: 61/62 | Reverted: 0 | Pending: 1
Confirmed: 61/62 | Reverted: 0 | Pending: 1
Confirmed: 61/62 | Reverted: 0 | Pending: 1
Confirmed: 61/62 | Reverted: 0 | Pending: 1
Confirmed: 61/62 | Reverted: 0 | Pending: 1
Confirmed: 61/62 | Reverted: 0 | Pending: 1
Confirmed: 61/62 | Reverted: 0 | Pending: 1
Confirmed: 61/62 | Reverted: 0 | Pending: 1
Confirmed: 61/62 | Reverted: 0 | Pending: 1
Confirmed: 61/62 | Reverted: 0 | Pending: 1
Confirmed: 61/62 | Reverted: 0 | Pending: 1
Confirmed: 61/62 | Reverted: 0 | Pending: 1
Confirmed: 61/62 | Reverted: 0 | Pending: 1
Confirmed: 61/62 | Reverted: 0 | Pending: 1
Confirmed: 61/62 | Reverted: 0 | Pending: 1
Confirmed: 61/62 | Reverted: 0 | Pending: 1
Confirmed: 61/62 | Reverted: 0 | Pending: 1
Confirmed: 61/62 | Reverted: 0 | Pending: 1
Confirmed: 61/62 | Reverted: 0 | Pending: 1
Confirmed: 61/62 | Reverted: 0 | Pending: 1
Confirmed: 61/62 | Reverted: 0 | Pending: 1
Confirmed: 61/62 | Reverted: 0 | Pending: 1
Confirmed: 61/62 | Reverted: 0 | Pending: 1
Confirmed: 61/62 | Reverted: 0 | Pending: 1
Confirmed: 61/62 | Reverted: 0 | Pending: 1
Confirmed: 61/62 | Reverted: 0 | Pending: 1
Confirmed: 61/62 | Reverted: 0 | Pending: 1
Confirmed: 61/62 | Reverted: 0 | Pending: 1
Confirmed: 61/62 | Reverted: 0 | Pending: 1
Confirmed: 61/62 | Reverted: 0 | Pending: 1
Confirmed: 61/62 | Reverted: 0 | Pending: 1
Confirmed: 61/62 | Reverted: 0 | Pending: 1
Confirmed: 61/62 | Reverted: 0 | Pending: 1
Confirmed: 61/62 | Reverted: 0 | Pending: 1
Confirmed: 61/62 | Reverted: 0 | Pending: 1
Confirmed: 61/62 | Reverted: 0 | Pending: 1
Confirmed: 61/62 | Reverted: 0 | Pending: 1
Confirmed: 61/62 | Reverted: 0 | Pending: 1
Confirmed: 61/62 | Reverted: 0 | Pending: 1
Confirmed: 61/62 | Reverted: 0 | Pending: 1
Confirmed: 61/62 | Reverted: 0 | Pending: 1
Confirmed: 61/62 | Reverted: 0 | Pending: 1
Confirmed: 61/62 | Reverted: 0 | Pending: 1
Confirmed: 61/62 | Reverted: 0 | Pending: 1
Confirmed: 61/62 | Reverted: 0 | Pending: 1
Confirmed: 61/62 | Reverted: 0 | Pending: 1
Confirmed: 61/62 | Reverted: 0 | Pending: 1
Confirmed: 61/62 | Reverted: 0 | Pending: 1
Confirmed: 61/62 | Reverted: 0 | Pending: 1
Confirmed: 61/62 | Reverted: 0 | Pending: 1
Confirmed: 61/62 | Reverted: 0 | Pending: 1
Confirmed: 61/62 | Reverted: 0 | Pending: 1
Confirmed: 61/62 | Reverted: 0 | Pending: 1
Confirmed: 61/62 | Reverted: 0 | Pending: 1
Confirmed: 61/62 | Reverted: 0 | Pending: 1
Confirmed: 61/62 | Reverted: 0 | Pending: 1
Confirmed: 61/62 | Reverted: 0 | Pending: 1
Confirmed: 61/62 | Reverted: 0 | Pending: 1
Confirmed: 61/62 | Reverted: 0 | Pending: 1
Confirmed: 61/62 | Reverted: 0 | Pending: 1
Confirmed: 61/62 | Reverted: 0 | Pending: 1
Confirmed: 61/62 | Reverted: 0 | Pending: 1
Confirmed: 61/62 | Reverted: 0 | Pending: 1
Confirmed: 61/62 | Reverted: 0 | Pending: 1
Confirmed: 61/62 | Reverted: 0 | Pending: 1
Confirmed: 61/62 | Reverted: 0 | Pending: 1
Confirmed: 61/62 | Reverted: 0 | Pending: 1
Confirmed: 61/62 | Reverted: 0 | Pending: 1
Confirmed: 61/62 | Reverted: 0 | Pending: 1
Confirmed: 61/62 | Reverted: 0 | Pending: 1
Confirmed: 61/62 | Reverted: 0 | Pending: 1
Confirmed: 61/62 | Reverted: 0 | Pending: 1
Confirmed: 61/62 | Reverted: 0 | Pending: 1
Confirmed: 61/62 | Reverted: 0 | Pending: 1
Confirmed: 61/62 | Reverted: 0 | Pending: 1
Confirmed: 61/62 | Reverted: 0 | Pending: 1

Receipt polling finished.
------------------------------------------
Confirmed : 61
Reverted  : 0
Timeout   : 1
Duration  : 120.036s
------------------------------------------

>>> on-chain leg: aggregate_n8_vmnos8_r4 (8 tx total, 420B/tx x 8 distinct payloads, gas/tx=176674, to=0xd07D0020E1e2Bcf13C75BFDeaa995fF88DA3C356)

Starting transaction producer...
Target submission rate : 500.00 tx/s
Submission workers      : 48


Producer finished.
------------------------------------------
Submitted : 8/8
Failed    : 0/8
Duration  : 0.055s
Rate      : 145.51 tx/s
------------------------------------------

Starting receipt polling...
------------------------------------------
Transactions to confirm : 8
Receipt workers         : 48
Receipt timeout         : 120.0s
------------------------------------------

Confirmed: 0/8 | Reverted: 0 | Pending: 8
Confirmed: 0/8 | Reverted: 0 | Pending: 8
Confirmed: 0/8 | Reverted: 0 | Pending: 8
Confirmed: 0/8 | Reverted: 0 | Pending: 8
Confirmed: 0/8 | Reverted: 0 | Pending: 8
Confirmed: 0/8 | Reverted: 0 | Pending: 8
Confirmed: 0/8 | Reverted: 0 | Pending: 8
Confirmed: 0/8 | Reverted: 0 | Pending: 8
Confirmed: 0/8 | Reverted: 0 | Pending: 8
Confirmed: 0/8 | Reverted: 0 | Pending: 8
Confirmed: 0/8 | Reverted: 0 | Pending: 8
Confirmed: 0/8 | Reverted: 0 | Pending: 8
Confirmed: 0/8 | Reverted: 0 | Pending: 8
Confirmed: 0/8 | Reverted: 0 | Pending: 8
Confirmed: 0/8 | Reverted: 0 | Pending: 8
Confirmed: 0/8 | Reverted: 0 | Pending: 8
Confirmed: 0/8 | Reverted: 0 | Pending: 8
Confirmed: 0/8 | Reverted: 0 | Pending: 8
Confirmed: 0/8 | Reverted: 0 | Pending: 8
Confirmed: 0/8 | Reverted: 0 | Pending: 8
Confirmed: 0/8 | Reverted: 0 | Pending: 8
Confirmed: 0/8 | Reverted: 0 | Pending: 8
Confirmed: 0/8 | Reverted: 0 | Pending: 8
Confirmed: 0/8 | Reverted: 0 | Pending: 8
Confirmed: 0/8 | Reverted: 0 | Pending: 8
Confirmed: 0/8 | Reverted: 0 | Pending: 8
Confirmed: 0/8 | Reverted: 0 | Pending: 8
Confirmed: 0/8 | Reverted: 0 | Pending: 8
Confirmed: 0/8 | Reverted: 0 | Pending: 8
Confirmed: 0/8 | Reverted: 0 | Pending: 8
Confirmed: 0/8 | Reverted: 0 | Pending: 8
Confirmed: 0/8 | Reverted: 0 | Pending: 8
Confirmed: 0/8 | Reverted: 0 | Pending: 8
Confirmed: 0/8 | Reverted: 0 | Pending: 8
Confirmed: 0/8 | Reverted: 0 | Pending: 8
Confirmed: 0/8 | Reverted: 0 | Pending: 8
Confirmed: 0/8 | Reverted: 0 | Pending: 8
Confirmed: 0/8 | Reverted: 0 | Pending: 8
Confirmed: 0/8 | Reverted: 0 | Pending: 8
Confirmed: 0/8 | Reverted: 0 | Pending: 8
Confirmed: 1/8 | Reverted: 0 | Pending: 7
Confirmed: 1/8 | Reverted: 0 | Pending: 7
Confirmed: 1/8 | Reverted: 0 | Pending: 7
Confirmed: 1/8 | Reverted: 0 | Pending: 7
Confirmed: 1/8 | Reverted: 0 | Pending: 7
Confirmed: 1/8 | Reverted: 0 | Pending: 7
Confirmed: 2/8 | Reverted: 0 | Pending: 6
Confirmed: 2/8 | Reverted: 0 | Pending: 6
Confirmed: 2/8 | Reverted: 0 | Pending: 6
Confirmed: 2/8 | Reverted: 0 | Pending: 6
Confirmed: 2/8 | Reverted: 0 | Pending: 6
Confirmed: 2/8 | Reverted: 0 | Pending: 6
Confirmed: 3/8 | Reverted: 0 | Pending: 5
Confirmed: 3/8 | Reverted: 0 | Pending: 5
Confirmed: 3/8 | Reverted: 0 | Pending: 5
Confirmed: 3/8 | Reverted: 0 | Pending: 5
Confirmed: 3/8 | Reverted: 0 | Pending: 5
Confirmed: 3/8 | Reverted: 0 | Pending: 5
Confirmed: 3/8 | Reverted: 0 | Pending: 5
Confirmed: 4/8 | Reverted: 0 | Pending: 4
Confirmed: 4/8 | Reverted: 0 | Pending: 4
Confirmed: 4/8 | Reverted: 0 | Pending: 4
Confirmed: 4/8 | Reverted: 0 | Pending: 4
Confirmed: 4/8 | Reverted: 0 | Pending: 4
Confirmed: 4/8 | Reverted: 0 | Pending: 4
Confirmed: 4/8 | Reverted: 0 | Pending: 4
Confirmed: 5/8 | Reverted: 0 | Pending: 3
Confirmed: 5/8 | Reverted: 0 | Pending: 3
Confirmed: 5/8 | Reverted: 0 | Pending: 3
Confirmed: 5/8 | Reverted: 0 | Pending: 3
Confirmed: 5/8 | Reverted: 0 | Pending: 3
Confirmed: 5/8 | Reverted: 0 | Pending: 3
Confirmed: 5/8 | Reverted: 0 | Pending: 3
Confirmed: 6/8 | Reverted: 0 | Pending: 2
Confirmed: 6/8 | Reverted: 0 | Pending: 2
Confirmed: 6/8 | Reverted: 0 | Pending: 2
Confirmed: 6/8 | Reverted: 0 | Pending: 2
Confirmed: 6/8 | Reverted: 0 | Pending: 2
Confirmed: 6/8 | Reverted: 0 | Pending: 2
Confirmed: 6/8 | Reverted: 0 | Pending: 2
Confirmed: 7/8 | Reverted: 0 | Pending: 1
Confirmed: 7/8 | Reverted: 0 | Pending: 1
Confirmed: 7/8 | Reverted: 0 | Pending: 1
Confirmed: 7/8 | Reverted: 0 | Pending: 1
Confirmed: 7/8 | Reverted: 0 | Pending: 1
Confirmed: 7/8 | Reverted: 0 | Pending: 1
Confirmed: 7/8 | Reverted: 0 | Pending: 1
Confirmed: 8/8 | Reverted: 0 | Pending: 0

Receipt polling finished.
------------------------------------------
Confirmed : 8
Reverted  : 0
Timeout   : 0
Duration  : 26.783s
------------------------------------------

============================================================
nproofs/vmno=8  num_vmnos=8  run=5  (off-chain source: reference_fallback)
============================================================

>>> on-chain leg: individual_n8_vmnos8_r5 (64 tx total, 420B calldata, gas/tx=278265, to=0xDC8d9ecbbDd1a5F8cB6f8a48e47775054D869aDF)

Starting transaction producer...
Target submission rate : 500.00 tx/s
Submission workers      : 48


Producer finished.
------------------------------------------
Submitted : 62/64
Failed    : 2/64
Duration  : 0.267s
Rate      : 232.63 tx/s
------------------------------------------

Starting receipt polling...
------------------------------------------
Transactions to confirm : 62
Receipt workers         : 48
Receipt timeout         : 120.0s
------------------------------------------

Confirmed: 0/62 | Reverted: 0 | Pending: 62
Confirmed: 0/62 | Reverted: 0 | Pending: 62
Confirmed: 4/62 | Reverted: 0 | Pending: 58
Confirmed: 4/62 | Reverted: 0 | Pending: 58
Confirmed: 4/62 | Reverted: 0 | Pending: 58
Confirmed: 7/62 | Reverted: 0 | Pending: 55
Confirmed: 8/62 | Reverted: 0 | Pending: 54
Confirmed: 8/62 | Reverted: 0 | Pending: 54
Confirmed: 12/62 | Reverted: 0 | Pending: 50
Confirmed: 12/62 | Reverted: 0 | Pending: 50
Confirmed: 12/62 | Reverted: 0 | Pending: 50
Confirmed: 13/62 | Reverted: 0 | Pending: 49
Confirmed: 16/62 | Reverted: 0 | Pending: 46
Confirmed: 16/62 | Reverted: 0 | Pending: 46
Confirmed: 16/62 | Reverted: 0 | Pending: 46
Confirmed: 20/62 | Reverted: 0 | Pending: 42
Confirmed: 20/62 | Reverted: 0 | Pending: 42
Confirmed: 20/62 | Reverted: 0 | Pending: 42
Confirmed: 22/62 | Reverted: 0 | Pending: 40
Confirmed: 24/62 | Reverted: 0 | Pending: 38
Confirmed: 24/62 | Reverted: 0 | Pending: 38
Confirmed: 24/62 | Reverted: 0 | Pending: 38
Confirmed: 27/62 | Reverted: 0 | Pending: 35
Confirmed: 28/62 | Reverted: 0 | Pending: 34
Confirmed: 28/62 | Reverted: 0 | Pending: 34
Confirmed: 28/62 | Reverted: 0 | Pending: 34
Confirmed: 32/62 | Reverted: 0 | Pending: 30
Confirmed: 32/62 | Reverted: 0 | Pending: 30
Confirmed: 32/62 | Reverted: 0 | Pending: 30
Confirmed: 32/62 | Reverted: 0 | Pending: 30
Confirmed: 36/62 | Reverted: 0 | Pending: 26
Confirmed: 36/62 | Reverted: 0 | Pending: 26
Confirmed: 36/62 | Reverted: 0 | Pending: 26
Confirmed: 36/62 | Reverted: 0 | Pending: 26
Confirmed: 36/62 | Reverted: 0 | Pending: 26
Confirmed: 41/62 | Reverted: 0 | Pending: 21
Confirmed: 41/62 | Reverted: 0 | Pending: 21
Confirmed: 41/62 | Reverted: 0 | Pending: 21
Confirmed: 41/62 | Reverted: 0 | Pending: 21
Confirmed: 41/62 | Reverted: 0 | Pending: 21
Confirmed: 46/62 | Reverted: 0 | Pending: 16
Confirmed: 46/62 | Reverted: 0 | Pending: 16
Confirmed: 46/62 | Reverted: 0 | Pending: 16
Confirmed: 46/62 | Reverted: 0 | Pending: 16
Confirmed: 48/62 | Reverted: 0 | Pending: 14
Confirmed: 49/62 | Reverted: 0 | Pending: 13
Confirmed: 49/62 | Reverted: 0 | Pending: 13
Confirmed: 49/62 | Reverted: 0 | Pending: 13
Confirmed: 49/62 | Reverted: 0 | Pending: 13
Confirmed: 49/62 | Reverted: 0 | Pending: 13
Confirmed: 53/62 | Reverted: 0 | Pending: 9
Confirmed: 53/62 | Reverted: 0 | Pending: 9
Confirmed: 53/62 | Reverted: 0 | Pending: 9
Confirmed: 53/62 | Reverted: 0 | Pending: 9
Confirmed: 53/62 | Reverted: 0 | Pending: 9
Confirmed: 56/62 | Reverted: 0 | Pending: 6
Confirmed: 56/62 | Reverted: 0 | Pending: 6
Confirmed: 56/62 | Reverted: 0 | Pending: 6
Confirmed: 56/62 | Reverted: 0 | Pending: 6
Confirmed: 56/62 | Reverted: 0 | Pending: 6
Confirmed: 56/62 | Reverted: 0 | Pending: 6
Confirmed: 56/62 | Reverted: 0 | Pending: 6
Confirmed: 60/62 | Reverted: 0 | Pending: 2
Confirmed: 60/62 | Reverted: 0 | Pending: 2
Confirmed: 60/62 | Reverted: 0 | Pending: 2
Confirmed: 60/62 | Reverted: 0 | Pending: 2
Confirmed: 60/62 | Reverted: 0 | Pending: 2
Confirmed: 60/62 | Reverted: 0 | Pending: 2
Confirmed: 60/62 | Reverted: 0 | Pending: 2
Confirmed: 60/62 | Reverted: 0 | Pending: 2
Confirmed: 60/62 | Reverted: 0 | Pending: 2
Confirmed: 60/62 | Reverted: 0 | Pending: 2
Confirmed: 60/62 | Reverted: 0 | Pending: 2
Confirmed: 60/62 | Reverted: 0 | Pending: 2
Confirmed: 60/62 | Reverted: 0 | Pending: 2
Confirmed: 60/62 | Reverted: 0 | Pending: 2
Confirmed: 60/62 | Reverted: 0 | Pending: 2
Confirmed: 60/62 | Reverted: 0 | Pending: 2
Confirmed: 60/62 | Reverted: 0 | Pending: 2
Confirmed: 60/62 | Reverted: 0 | Pending: 2
Confirmed: 60/62 | Reverted: 0 | Pending: 2
Confirmed: 60/62 | Reverted: 0 | Pending: 2
Confirmed: 60/62 | Reverted: 0 | Pending: 2
Confirmed: 60/62 | Reverted: 0 | Pending: 2
Confirmed: 60/62 | Reverted: 0 | Pending: 2
Confirmed: 60/62 | Reverted: 0 | Pending: 2
Confirmed: 60/62 | Reverted: 0 | Pending: 2
Confirmed: 60/62 | Reverted: 0 | Pending: 2
Confirmed: 60/62 | Reverted: 0 | Pending: 2
Confirmed: 60/62 | Reverted: 0 | Pending: 2
Confirmed: 60/62 | Reverted: 0 | Pending: 2
Confirmed: 60/62 | Reverted: 0 | Pending: 2
Confirmed: 60/62 | Reverted: 0 | Pending: 2
Confirmed: 60/62 | Reverted: 0 | Pending: 2
Confirmed: 60/62 | Reverted: 0 | Pending: 2
Confirmed: 60/62 | Reverted: 0 | Pending: 2
Confirmed: 60/62 | Reverted: 0 | Pending: 2
Confirmed: 60/62 | Reverted: 0 | Pending: 2
Confirmed: 60/62 | Reverted: 0 | Pending: 2
Confirmed: 60/62 | Reverted: 0 | Pending: 2
Confirmed: 60/62 | Reverted: 0 | Pending: 2
Confirmed: 60/62 | Reverted: 0 | Pending: 2
Confirmed: 60/62 | Reverted: 0 | Pending: 2
Confirmed: 60/62 | Reverted: 0 | Pending: 2
Confirmed: 60/62 | Reverted: 0 | Pending: 2
Confirmed: 60/62 | Reverted: 0 | Pending: 2
Confirmed: 60/62 | Reverted: 0 | Pending: 2
Confirmed: 60/62 | Reverted: 0 | Pending: 2
Confirmed: 60/62 | Reverted: 0 | Pending: 2
Confirmed: 60/62 | Reverted: 0 | Pending: 2
Confirmed: 60/62 | Reverted: 0 | Pending: 2
Confirmed: 60/62 | Reverted: 0 | Pending: 2
Confirmed: 60/62 | Reverted: 0 | Pending: 2
Confirmed: 60/62 | Reverted: 0 | Pending: 2
Confirmed: 60/62 | Reverted: 0 | Pending: 2
Confirmed: 60/62 | Reverted: 0 | Pending: 2
Confirmed: 60/62 | Reverted: 0 | Pending: 2
Confirmed: 60/62 | Reverted: 0 | Pending: 2
Confirmed: 60/62 | Reverted: 0 | Pending: 2
Confirmed: 60/62 | Reverted: 0 | Pending: 2
Confirmed: 60/62 | Reverted: 0 | Pending: 2
Confirmed: 60/62 | Reverted: 0 | Pending: 2
Confirmed: 60/62 | Reverted: 0 | Pending: 2
Confirmed: 60/62 | Reverted: 0 | Pending: 2
Confirmed: 60/62 | Reverted: 0 | Pending: 2
Confirmed: 60/62 | Reverted: 0 | Pending: 2
Confirmed: 60/62 | Reverted: 0 | Pending: 2
Confirmed: 60/62 | Reverted: 0 | Pending: 2
Confirmed: 60/62 | Reverted: 0 | Pending: 2
Confirmed: 60/62 | Reverted: 0 | Pending: 2
Confirmed: 60/62 | Reverted: 0 | Pending: 2
Confirmed: 60/62 | Reverted: 0 | Pending: 2
Confirmed: 60/62 | Reverted: 0 | Pending: 2
Confirmed: 60/62 | Reverted: 0 | Pending: 2
Confirmed: 60/62 | Reverted: 0 | Pending: 2
Confirmed: 60/62 | Reverted: 0 | Pending: 2
Confirmed: 60/62 | Reverted: 0 | Pending: 2
Confirmed: 60/62 | Reverted: 0 | Pending: 2
Confirmed: 60/62 | Reverted: 0 | Pending: 2
Confirmed: 60/62 | Reverted: 0 | Pending: 2
Confirmed: 60/62 | Reverted: 0 | Pending: 2
Confirmed: 60/62 | Reverted: 0 | Pending: 2
Confirmed: 60/62 | Reverted: 0 | Pending: 2
Confirmed: 60/62 | Reverted: 0 | Pending: 2
Confirmed: 60/62 | Reverted: 0 | Pending: 2
Confirmed: 60/62 | Reverted: 0 | Pending: 2
Confirmed: 60/62 | Reverted: 0 | Pending: 2
Confirmed: 60/62 | Reverted: 0 | Pending: 2
Confirmed: 60/62 | Reverted: 0 | Pending: 2
Confirmed: 60/62 | Reverted: 0 | Pending: 2
Confirmed: 60/62 | Reverted: 0 | Pending: 2
Confirmed: 60/62 | Reverted: 0 | Pending: 2
Confirmed: 60/62 | Reverted: 0 | Pending: 2
Confirmed: 60/62 | Reverted: 0 | Pending: 2
Confirmed: 60/62 | Reverted: 0 | Pending: 2
Confirmed: 60/62 | Reverted: 0 | Pending: 2
Confirmed: 60/62 | Reverted: 0 | Pending: 2
Confirmed: 60/62 | Reverted: 0 | Pending: 2
Confirmed: 60/62 | Reverted: 0 | Pending: 2
Confirmed: 60/62 | Reverted: 0 | Pending: 2
Confirmed: 60/62 | Reverted: 0 | Pending: 2
Confirmed: 60/62 | Reverted: 0 | Pending: 2
Confirmed: 60/62 | Reverted: 0 | Pending: 2
Confirmed: 60/62 | Reverted: 0 | Pending: 2
Confirmed: 60/62 | Reverted: 0 | Pending: 2
Confirmed: 60/62 | Reverted: 0 | Pending: 2
Confirmed: 60/62 | Reverted: 0 | Pending: 2
Confirmed: 60/62 | Reverted: 0 | Pending: 2
Confirmed: 60/62 | Reverted: 0 | Pending: 2
Confirmed: 60/62 | Reverted: 0 | Pending: 2
Confirmed: 60/62 | Reverted: 0 | Pending: 2
Confirmed: 60/62 | Reverted: 0 | Pending: 2
Confirmed: 60/62 | Reverted: 0 | Pending: 2
Confirmed: 60/62 | Reverted: 0 | Pending: 2
Confirmed: 60/62 | Reverted: 0 | Pending: 2
Confirmed: 60/62 | Reverted: 0 | Pending: 2
Confirmed: 60/62 | Reverted: 0 | Pending: 2
Confirmed: 60/62 | Reverted: 0 | Pending: 2
Confirmed: 60/62 | Reverted: 0 | Pending: 2
Confirmed: 60/62 | Reverted: 0 | Pending: 2
Confirmed: 60/62 | Reverted: 0 | Pending: 2
Confirmed: 60/62 | Reverted: 0 | Pending: 2
Confirmed: 60/62 | Reverted: 0 | Pending: 2
Confirmed: 60/62 | Reverted: 0 | Pending: 2
Confirmed: 60/62 | Reverted: 0 | Pending: 2
Confirmed: 60/62 | Reverted: 0 | Pending: 2
Confirmed: 60/62 | Reverted: 0 | Pending: 2
Confirmed: 60/62 | Reverted: 0 | Pending: 2
Confirmed: 60/62 | Reverted: 0 | Pending: 2
Confirmed: 60/62 | Reverted: 0 | Pending: 2
Confirmed: 60/62 | Reverted: 0 | Pending: 2
Confirmed: 60/62 | Reverted: 0 | Pending: 2
Confirmed: 60/62 | Reverted: 0 | Pending: 2
Confirmed: 60/62 | Reverted: 0 | Pending: 2
Confirmed: 60/62 | Reverted: 0 | Pending: 2
Confirmed: 60/62 | Reverted: 0 | Pending: 2
Confirmed: 60/62 | Reverted: 0 | Pending: 2
Confirmed: 60/62 | Reverted: 0 | Pending: 2
Confirmed: 60/62 | Reverted: 0 | Pending: 2
Confirmed: 60/62 | Reverted: 0 | Pending: 2
Confirmed: 60/62 | Reverted: 0 | Pending: 2
Confirmed: 60/62 | Reverted: 0 | Pending: 2
Confirmed: 60/62 | Reverted: 0 | Pending: 2
Confirmed: 60/62 | Reverted: 0 | Pending: 2
Confirmed: 60/62 | Reverted: 0 | Pending: 2
Confirmed: 60/62 | Reverted: 0 | Pending: 2
Confirmed: 60/62 | Reverted: 0 | Pending: 2
Confirmed: 60/62 | Reverted: 0 | Pending: 2
Confirmed: 60/62 | Reverted: 0 | Pending: 2
Confirmed: 60/62 | Reverted: 0 | Pending: 2
Confirmed: 60/62 | Reverted: 0 | Pending: 2
Confirmed: 60/62 | Reverted: 0 | Pending: 2
Confirmed: 60/62 | Reverted: 0 | Pending: 2
Confirmed: 60/62 | Reverted: 0 | Pending: 2
Confirmed: 60/62 | Reverted: 0 | Pending: 2
Confirmed: 60/62 | Reverted: 0 | Pending: 2
Confirmed: 60/62 | Reverted: 0 | Pending: 2
Confirmed: 60/62 | Reverted: 0 | Pending: 2
Confirmed: 60/62 | Reverted: 0 | Pending: 2
Confirmed: 60/62 | Reverted: 0 | Pending: 2
Confirmed: 60/62 | Reverted: 0 | Pending: 2
Confirmed: 60/62 | Reverted: 0 | Pending: 2
Confirmed: 60/62 | Reverted: 0 | Pending: 2
Confirmed: 60/62 | Reverted: 0 | Pending: 2
Confirmed: 60/62 | Reverted: 0 | Pending: 2
Confirmed: 60/62 | Reverted: 0 | Pending: 2
Confirmed: 60/62 | Reverted: 0 | Pending: 2
Confirmed: 60/62 | Reverted: 0 | Pending: 2
Confirmed: 60/62 | Reverted: 0 | Pending: 2
Confirmed: 60/62 | Reverted: 0 | Pending: 2
Confirmed: 60/62 | Reverted: 0 | Pending: 2
Confirmed: 60/62 | Reverted: 0 | Pending: 2
Confirmed: 60/62 | Reverted: 0 | Pending: 2
Confirmed: 60/62 | Reverted: 0 | Pending: 2
Confirmed: 60/62 | Reverted: 0 | Pending: 2
Confirmed: 60/62 | Reverted: 0 | Pending: 2
Confirmed: 60/62 | Reverted: 0 | Pending: 2
Confirmed: 60/62 | Reverted: 0 | Pending: 2
Confirmed: 60/62 | Reverted: 0 | Pending: 2
Confirmed: 60/62 | Reverted: 0 | Pending: 2
Confirmed: 60/62 | Reverted: 0 | Pending: 2
Confirmed: 60/62 | Reverted: 0 | Pending: 2
Confirmed: 60/62 | Reverted: 0 | Pending: 2
Confirmed: 60/62 | Reverted: 0 | Pending: 2
Confirmed: 60/62 | Reverted: 0 | Pending: 2
Confirmed: 60/62 | Reverted: 0 | Pending: 2
Confirmed: 60/62 | Reverted: 0 | Pending: 2
Confirmed: 60/62 | Reverted: 0 | Pending: 2
Confirmed: 60/62 | Reverted: 0 | Pending: 2
Confirmed: 60/62 | Reverted: 0 | Pending: 2
Confirmed: 60/62 | Reverted: 0 | Pending: 2
Confirmed: 60/62 | Reverted: 0 | Pending: 2
Confirmed: 60/62 | Reverted: 0 | Pending: 2
Confirmed: 60/62 | Reverted: 0 | Pending: 2
Confirmed: 60/62 | Reverted: 0 | Pending: 2
Confirmed: 60/62 | Reverted: 0 | Pending: 2
Confirmed: 60/62 | Reverted: 0 | Pending: 2
Confirmed: 60/62 | Reverted: 0 | Pending: 2
Confirmed: 60/62 | Reverted: 0 | Pending: 2
Confirmed: 60/62 | Reverted: 0 | Pending: 2
Confirmed: 60/62 | Reverted: 0 | Pending: 2
Confirmed: 60/62 | Reverted: 0 | Pending: 2
Confirmed: 60/62 | Reverted: 0 | Pending: 2
Confirmed: 60/62 | Reverted: 0 | Pending: 2
Confirmed: 60/62 | Reverted: 0 | Pending: 2
Confirmed: 60/62 | Reverted: 0 | Pending: 2
Confirmed: 60/62 | Reverted: 0 | Pending: 2
Confirmed: 60/62 | Reverted: 0 | Pending: 2
Confirmed: 60/62 | Reverted: 0 | Pending: 2
Confirmed: 60/62 | Reverted: 0 | Pending: 2
Confirmed: 60/62 | Reverted: 0 | Pending: 2
Confirmed: 60/62 | Reverted: 0 | Pending: 2
Confirmed: 60/62 | Reverted: 0 | Pending: 2
Confirmed: 60/62 | Reverted: 0 | Pending: 2
Confirmed: 60/62 | Reverted: 0 | Pending: 2
Confirmed: 60/62 | Reverted: 0 | Pending: 2
Confirmed: 60/62 | Reverted: 0 | Pending: 2
Confirmed: 60/62 | Reverted: 0 | Pending: 2
Confirmed: 60/62 | Reverted: 0 | Pending: 2
Confirmed: 60/62 | Reverted: 0 | Pending: 2
Confirmed: 60/62 | Reverted: 0 | Pending: 2
Confirmed: 60/62 | Reverted: 0 | Pending: 2
Confirmed: 60/62 | Reverted: 0 | Pending: 2
Confirmed: 60/62 | Reverted: 0 | Pending: 2
Confirmed: 60/62 | Reverted: 0 | Pending: 2
Confirmed: 60/62 | Reverted: 0 | Pending: 2
Confirmed: 60/62 | Reverted: 0 | Pending: 2
Confirmed: 60/62 | Reverted: 0 | Pending: 2
Confirmed: 60/62 | Reverted: 0 | Pending: 2
Confirmed: 60/62 | Reverted: 0 | Pending: 2
Confirmed: 60/62 | Reverted: 0 | Pending: 2
Confirmed: 60/62 | Reverted: 0 | Pending: 2
Confirmed: 60/62 | Reverted: 0 | Pending: 2
Confirmed: 60/62 | Reverted: 0 | Pending: 2
Confirmed: 60/62 | Reverted: 0 | Pending: 2
Confirmed: 60/62 | Reverted: 0 | Pending: 2
Confirmed: 60/62 | Reverted: 0 | Pending: 2
Confirmed: 60/62 | Reverted: 0 | Pending: 2
Confirmed: 60/62 | Reverted: 0 | Pending: 2
Confirmed: 60/62 | Reverted: 0 | Pending: 2
Confirmed: 60/62 | Reverted: 0 | Pending: 2
Confirmed: 60/62 | Reverted: 0 | Pending: 2
Confirmed: 60/62 | Reverted: 0 | Pending: 2
Confirmed: 60/62 | Reverted: 0 | Pending: 2
Confirmed: 60/62 | Reverted: 0 | Pending: 2
Confirmed: 60/62 | Reverted: 0 | Pending: 2
Confirmed: 60/62 | Reverted: 0 | Pending: 2
Confirmed: 60/62 | Reverted: 0 | Pending: 2
Confirmed: 60/62 | Reverted: 0 | Pending: 2
Confirmed: 60/62 | Reverted: 0 | Pending: 2
Confirmed: 60/62 | Reverted: 0 | Pending: 2
Confirmed: 60/62 | Reverted: 0 | Pending: 2
Confirmed: 60/62 | Reverted: 0 | Pending: 2
Confirmed: 60/62 | Reverted: 0 | Pending: 2
Confirmed: 60/62 | Reverted: 0 | Pending: 2
Confirmed: 60/62 | Reverted: 0 | Pending: 2
Confirmed: 60/62 | Reverted: 0 | Pending: 2
Confirmed: 60/62 | Reverted: 0 | Pending: 2
Confirmed: 60/62 | Reverted: 0 | Pending: 2
Confirmed: 60/62 | Reverted: 0 | Pending: 2
Confirmed: 60/62 | Reverted: 0 | Pending: 2
Confirmed: 60/62 | Reverted: 0 | Pending: 2
Confirmed: 60/62 | Reverted: 0 | Pending: 2
Confirmed: 60/62 | Reverted: 0 | Pending: 2
Confirmed: 60/62 | Reverted: 0 | Pending: 2
Confirmed: 60/62 | Reverted: 0 | Pending: 2
Confirmed: 60/62 | Reverted: 0 | Pending: 2
Confirmed: 60/62 | Reverted: 0 | Pending: 2
Confirmed: 60/62 | Reverted: 0 | Pending: 2
Confirmed: 60/62 | Reverted: 0 | Pending: 2
Confirmed: 60/62 | Reverted: 0 | Pending: 2
Confirmed: 60/62 | Reverted: 0 | Pending: 2
Confirmed: 60/62 | Reverted: 0 | Pending: 2
Confirmed: 60/62 | Reverted: 0 | Pending: 2
Confirmed: 60/62 | Reverted: 0 | Pending: 2
Confirmed: 60/62 | Reverted: 0 | Pending: 2
Confirmed: 60/62 | Reverted: 0 | Pending: 2
Confirmed: 60/62 | Reverted: 0 | Pending: 2
Confirmed: 60/62 | Reverted: 0 | Pending: 2
Confirmed: 60/62 | Reverted: 0 | Pending: 2
Confirmed: 60/62 | Reverted: 0 | Pending: 2
Confirmed: 60/62 | Reverted: 0 | Pending: 2
Confirmed: 60/62 | Reverted: 0 | Pending: 2
Confirmed: 60/62 | Reverted: 0 | Pending: 2
Confirmed: 60/62 | Reverted: 0 | Pending: 2
Confirmed: 60/62 | Reverted: 0 | Pending: 2
Confirmed: 60/62 | Reverted: 0 | Pending: 2
Confirmed: 60/62 | Reverted: 0 | Pending: 2
Confirmed: 60/62 | Reverted: 0 | Pending: 2
Confirmed: 60/62 | Reverted: 0 | Pending: 2
Confirmed: 60/62 | Reverted: 0 | Pending: 2
Confirmed: 60/62 | Reverted: 0 | Pending: 2
Confirmed: 60/62 | Reverted: 0 | Pending: 2
Confirmed: 60/62 | Reverted: 0 | Pending: 2
Confirmed: 60/62 | Reverted: 0 | Pending: 2
Confirmed: 60/62 | Reverted: 0 | Pending: 2
Confirmed: 60/62 | Reverted: 0 | Pending: 2
Confirmed: 60/62 | Reverted: 0 | Pending: 2
Confirmed: 60/62 | Reverted: 0 | Pending: 2
Confirmed: 60/62 | Reverted: 0 | Pending: 2
Confirmed: 60/62 | Reverted: 0 | Pending: 2
Confirmed: 60/62 | Reverted: 0 | Pending: 2
Confirmed: 60/62 | Reverted: 0 | Pending: 2
Confirmed: 60/62 | Reverted: 0 | Pending: 2
Confirmed: 60/62 | Reverted: 0 | Pending: 2
Confirmed: 60/62 | Reverted: 0 | Pending: 2
Confirmed: 60/62 | Reverted: 0 | Pending: 2
Confirmed: 60/62 | Reverted: 0 | Pending: 2
Confirmed: 60/62 | Reverted: 0 | Pending: 2
Confirmed: 60/62 | Reverted: 0 | Pending: 2
Confirmed: 60/62 | Reverted: 0 | Pending: 2
Confirmed: 60/62 | Reverted: 0 | Pending: 2
Confirmed: 60/62 | Reverted: 0 | Pending: 2
Confirmed: 60/62 | Reverted: 0 | Pending: 2
Confirmed: 60/62 | Reverted: 0 | Pending: 2
Confirmed: 60/62 | Reverted: 0 | Pending: 2
Confirmed: 60/62 | Reverted: 0 | Pending: 2
Confirmed: 60/62 | Reverted: 0 | Pending: 2
Confirmed: 60/62 | Reverted: 0 | Pending: 2
Confirmed: 60/62 | Reverted: 0 | Pending: 2
Confirmed: 60/62 | Reverted: 0 | Pending: 2
Confirmed: 60/62 | Reverted: 0 | Pending: 2
Confirmed: 60/62 | Reverted: 0 | Pending: 2
Confirmed: 60/62 | Reverted: 0 | Pending: 2
Confirmed: 60/62 | Reverted: 0 | Pending: 2
Confirmed: 60/62 | Reverted: 0 | Pending: 2
Confirmed: 60/62 | Reverted: 0 | Pending: 2
Confirmed: 60/62 | Reverted: 0 | Pending: 2
Confirmed: 60/62 | Reverted: 0 | Pending: 2
Confirmed: 60/62 | Reverted: 0 | Pending: 2
Confirmed: 60/62 | Reverted: 0 | Pending: 2
Confirmed: 60/62 | Reverted: 0 | Pending: 2
Confirmed: 60/62 | Reverted: 0 | Pending: 2
Confirmed: 60/62 | Reverted: 0 | Pending: 2
Confirmed: 60/62 | Reverted: 0 | Pending: 2
Confirmed: 60/62 | Reverted: 0 | Pending: 2
Confirmed: 60/62 | Reverted: 0 | Pending: 2
Confirmed: 60/62 | Reverted: 0 | Pending: 2
Confirmed: 60/62 | Reverted: 0 | Pending: 2
Confirmed: 60/62 | Reverted: 0 | Pending: 2
Confirmed: 60/62 | Reverted: 0 | Pending: 2
Confirmed: 60/62 | Reverted: 0 | Pending: 2

Receipt polling finished.
------------------------------------------
Confirmed : 60
Reverted  : 0
Timeout   : 2
Duration  : 120.016s
------------------------------------------

>>> on-chain leg: aggregate_n8_vmnos8_r5 (8 tx total, 420B/tx x 8 distinct payloads, gas/tx=176674, to=0xd07D0020E1e2Bcf13C75BFDeaa995fF88DA3C356)

Starting transaction producer...
Target submission rate : 500.00 tx/s
Submission workers      : 48


Producer finished.
------------------------------------------
Submitted : 8/8
Failed    : 0/8
Duration  : 0.049s
Rate      : 163.17 tx/s
------------------------------------------

Starting receipt polling...
------------------------------------------
Transactions to confirm : 8
Receipt workers         : 48
Receipt timeout         : 120.0s
------------------------------------------

Confirmed: 0/8 | Reverted: 0 | Pending: 8
Confirmed: 0/8 | Reverted: 0 | Pending: 8
Confirmed: 0/8 | Reverted: 0 | Pending: 8
Confirmed: 0/8 | Reverted: 0 | Pending: 8
Confirmed: 0/8 | Reverted: 0 | Pending: 8
Confirmed: 0/8 | Reverted: 0 | Pending: 8
Confirmed: 0/8 | Reverted: 0 | Pending: 8
Confirmed: 0/8 | Reverted: 0 | Pending: 8
Confirmed: 0/8 | Reverted: 0 | Pending: 8
Confirmed: 0/8 | Reverted: 0 | Pending: 8
Confirmed: 0/8 | Reverted: 0 | Pending: 8
Confirmed: 0/8 | Reverted: 0 | Pending: 8
Confirmed: 0/8 | Reverted: 0 | Pending: 8
Confirmed: 0/8 | Reverted: 0 | Pending: 8
Confirmed: 0/8 | Reverted: 0 | Pending: 8
Confirmed: 0/8 | Reverted: 0 | Pending: 8
Confirmed: 0/8 | Reverted: 0 | Pending: 8
Confirmed: 0/8 | Reverted: 0 | Pending: 8
Confirmed: 0/8 | Reverted: 0 | Pending: 8
Confirmed: 0/8 | Reverted: 0 | Pending: 8
Confirmed: 0/8 | Reverted: 0 | Pending: 8
Confirmed: 0/8 | Reverted: 0 | Pending: 8
Confirmed: 0/8 | Reverted: 0 | Pending: 8
Confirmed: 0/8 | Reverted: 0 | Pending: 8
Confirmed: 0/8 | Reverted: 0 | Pending: 8
Confirmed: 0/8 | Reverted: 0 | Pending: 8
Confirmed: 0/8 | Reverted: 0 | Pending: 8
Confirmed: 0/8 | Reverted: 0 | Pending: 8
Confirmed: 0/8 | Reverted: 0 | Pending: 8
Confirmed: 0/8 | Reverted: 0 | Pending: 8
Confirmed: 0/8 | Reverted: 0 | Pending: 8
Confirmed: 0/8 | Reverted: 0 | Pending: 8
Confirmed: 0/8 | Reverted: 0 | Pending: 8
Confirmed: 0/8 | Reverted: 0 | Pending: 8
Confirmed: 0/8 | Reverted: 0 | Pending: 8
Confirmed: 0/8 | Reverted: 0 | Pending: 8
Confirmed: 0/8 | Reverted: 0 | Pending: 8
Confirmed: 0/8 | Reverted: 0 | Pending: 8
Confirmed: 0/8 | Reverted: 0 | Pending: 8
Confirmed: 0/8 | Reverted: 0 | Pending: 8
Confirmed: 0/8 | Reverted: 0 | Pending: 8
Confirmed: 1/8 | Reverted: 0 | Pending: 7
Confirmed: 1/8 | Reverted: 0 | Pending: 7
Confirmed: 1/8 | Reverted: 0 | Pending: 7
Confirmed: 1/8 | Reverted: 0 | Pending: 7
Confirmed: 1/8 | Reverted: 0 | Pending: 7
Confirmed: 1/8 | Reverted: 0 | Pending: 7
Confirmed: 1/8 | Reverted: 0 | Pending: 7
Confirmed: 2/8 | Reverted: 0 | Pending: 6
Confirmed: 2/8 | Reverted: 0 | Pending: 6
Confirmed: 2/8 | Reverted: 0 | Pending: 6
Confirmed: 2/8 | Reverted: 0 | Pending: 6
Confirmed: 2/8 | Reverted: 0 | Pending: 6
Confirmed: 2/8 | Reverted: 0 | Pending: 6
Confirmed: 2/8 | Reverted: 0 | Pending: 6
Confirmed: 3/8 | Reverted: 0 | Pending: 5
Confirmed: 3/8 | Reverted: 0 | Pending: 5
Confirmed: 3/8 | Reverted: 0 | Pending: 5
Confirmed: 3/8 | Reverted: 0 | Pending: 5
Confirmed: 3/8 | Reverted: 0 | Pending: 5
Confirmed: 3/8 | Reverted: 0 | Pending: 5
Confirmed: 3/8 | Reverted: 0 | Pending: 5
Confirmed: 4/8 | Reverted: 0 | Pending: 4
Confirmed: 4/8 | Reverted: 0 | Pending: 4
Confirmed: 4/8 | Reverted: 0 | Pending: 4
Confirmed: 4/8 | Reverted: 0 | Pending: 4
Confirmed: 4/8 | Reverted: 0 | Pending: 4
Confirmed: 4/8 | Reverted: 0 | Pending: 4
Confirmed: 4/8 | Reverted: 0 | Pending: 4
Confirmed: 5/8 | Reverted: 0 | Pending: 3
Confirmed: 5/8 | Reverted: 0 | Pending: 3
Confirmed: 5/8 | Reverted: 0 | Pending: 3
Confirmed: 5/8 | Reverted: 0 | Pending: 3
Confirmed: 5/8 | Reverted: 0 | Pending: 3
Confirmed: 5/8 | Reverted: 0 | Pending: 3
Confirmed: 5/8 | Reverted: 0 | Pending: 3
Confirmed: 6/8 | Reverted: 0 | Pending: 2
Confirmed: 6/8 | Reverted: 0 | Pending: 2
Confirmed: 6/8 | Reverted: 0 | Pending: 2
Confirmed: 6/8 | Reverted: 0 | Pending: 2
Confirmed: 6/8 | Reverted: 0 | Pending: 2
Confirmed: 6/8 | Reverted: 0 | Pending: 2
Confirmed: 6/8 | Reverted: 0 | Pending: 2
Confirmed: 7/8 | Reverted: 0 | Pending: 1
Confirmed: 7/8 | Reverted: 0 | Pending: 1
Confirmed: 7/8 | Reverted: 0 | Pending: 1
Confirmed: 7/8 | Reverted: 0 | Pending: 1
Confirmed: 7/8 | Reverted: 0 | Pending: 1
Confirmed: 7/8 | Reverted: 0 | Pending: 1
Confirmed: 7/8 | Reverted: 0 | Pending: 1
Confirmed: 7/8 | Reverted: 0 | Pending: 1
Confirmed: 8/8 | Reverted: 0 | Pending: 0

Receipt polling finished.
------------------------------------------
Confirmed : 8
Reverted  : 0
Timeout   : 0
Duration  : 26.869s
------------------------------------------
Wrote: results/hardware-vmno-scaling/l3icalcul07/wan-nproof8-w48-rw48-rate500/vmnos-8/zkroam-wan-8vmnos/zkroam_wan_8vmnos_8_500.0_48_48_resource_usage.csv

Wrote: results/hardware-vmno-scaling/l3icalcul07/wan-nproof8-w48-rw48-rate500/vmnos-8/zkroam-wan-8vmnos/zkroam_wan_8vmnos_8_500.0_48_48_sweep_summary.csv

============================================================================
SWEEP HIGHLIGHTS (median across runs per nproofs/VMNO level)
============================================================================
 nproofs  num_vmnos  ind_gas_total  agg_gas_total gas_save_%  pipeline_x
       8          8     15,486,080      1,229,040      92.1%       1.99x
============================================================================

$ /Utilisateurs/abellach/zkRoam/net-heterogeneity/venv/bin/python3 monitoring/collect_metrics.py --logs-dir logs --rpc http://172.28.0.10:8545 --start-block 30 --end-block 277 --log-offsets results/hardware-vmno-scaling/l3icalcul07/wan-nproof8-w48-rw48-rate500/vmnos-8/zkroam-wan-8vmnos/log_offsets_at_workload_start.json --out results/hardware-vmno-scaling/l3icalcul07/wan-nproof8-w48-rw48-rate500/vmnos-8/zkroam-wan-8vmnos/consensus_robustness.csv
Total view changes across all nodes: 0
Blocks exceeding 2x block period (stall indicator): 0/248
Wrote results/hardware-vmno-scaling/l3icalcul07/wan-nproof8-w48-rw48-rate500/vmnos-8/zkroam-wan-8vmnos/consensus_robustness.csv

$ /Utilisateurs/abellach/zkRoam/net-heterogeneity/venv/bin/python3 scripts/apptainer-network.py snapshot --out results/hardware-vmno-scaling/l3icalcul07/wan-nproof8-w48-rw48-rate500/vmnos-8/zkroam-wan-8vmnos/runtime_snapshot
$ nsenter -t 1511030 -n apptainer exec --cleanenv /Utilisateurs/abellach/zkRoam/net-heterogeneity/zkroam-besu.sif tc -s qdisc show
$ nsenter -t 1511030 -n apptainer exec --cleanenv /Utilisateurs/abellach/zkRoam/net-heterogeneity/zkroam-besu.sif tc -s class show
$ nsenter -t 1511030 -n apptainer exec --cleanenv /Utilisateurs/abellach/zkRoam/net-heterogeneity/zkroam-besu.sif tc -s filter show
$ nsenter -t 1511030 -n apptainer exec --cleanenv /Utilisateurs/abellach/zkRoam/net-heterogeneity/zkroam-besu.sif ip -o addr show
$ nsenter -t 1511512 -n apptainer exec --cleanenv /Utilisateurs/abellach/zkRoam/net-heterogeneity/zkroam-besu.sif tc -s qdisc show
$ nsenter -t 1511512 -n apptainer exec --cleanenv /Utilisateurs/abellach/zkRoam/net-heterogeneity/zkroam-besu.sif tc -s class show
$ nsenter -t 1511512 -n apptainer exec --cleanenv /Utilisateurs/abellach/zkRoam/net-heterogeneity/zkroam-besu.sif tc -s filter show
$ nsenter -t 1511512 -n apptainer exec --cleanenv /Utilisateurs/abellach/zkRoam/net-heterogeneity/zkroam-besu.sif ip -o addr show
$ nsenter -t 1512151 -n apptainer exec --cleanenv /Utilisateurs/abellach/zkRoam/net-heterogeneity/zkroam-besu.sif tc -s qdisc show
$ nsenter -t 1512151 -n apptainer exec --cleanenv /Utilisateurs/abellach/zkRoam/net-heterogeneity/zkroam-besu.sif tc -s class show
$ nsenter -t 1512151 -n apptainer exec --cleanenv /Utilisateurs/abellach/zkRoam/net-heterogeneity/zkroam-besu.sif tc -s filter show
$ nsenter -t 1512151 -n apptainer exec --cleanenv /Utilisateurs/abellach/zkRoam/net-heterogeneity/zkroam-besu.sif ip -o addr show
$ nsenter -t 1512855 -n apptainer exec --cleanenv /Utilisateurs/abellach/zkRoam/net-heterogeneity/zkroam-besu.sif tc -s qdisc show
$ nsenter -t 1512855 -n apptainer exec --cleanenv /Utilisateurs/abellach/zkRoam/net-heterogeneity/zkroam-besu.sif tc -s class show
$ nsenter -t 1512855 -n apptainer exec --cleanenv /Utilisateurs/abellach/zkRoam/net-heterogeneity/zkroam-besu.sif tc -s filter show
$ nsenter -t 1512855 -n apptainer exec --cleanenv /Utilisateurs/abellach/zkRoam/net-heterogeneity/zkroam-besu.sif ip -o addr show
$ nsenter -t 1513661 -n apptainer exec --cleanenv /Utilisateurs/abellach/zkRoam/net-heterogeneity/zkroam-besu.sif tc -s qdisc show
$ nsenter -t 1513661 -n apptainer exec --cleanenv /Utilisateurs/abellach/zkRoam/net-heterogeneity/zkroam-besu.sif tc -s class show
$ nsenter -t 1513661 -n apptainer exec --cleanenv /Utilisateurs/abellach/zkRoam/net-heterogeneity/zkroam-besu.sif tc -s filter show
$ nsenter -t 1513661 -n apptainer exec --cleanenv /Utilisateurs/abellach/zkRoam/net-heterogeneity/zkroam-besu.sif ip -o addr show
$ nsenter -t 1514483 -n apptainer exec --cleanenv /Utilisateurs/abellach/zkRoam/net-heterogeneity/zkroam-besu.sif tc -s qdisc show
$ nsenter -t 1514483 -n apptainer exec --cleanenv /Utilisateurs/abellach/zkRoam/net-heterogeneity/zkroam-besu.sif tc -s class show
$ nsenter -t 1514483 -n apptainer exec --cleanenv /Utilisateurs/abellach/zkRoam/net-heterogeneity/zkroam-besu.sif tc -s filter show
$ nsenter -t 1514483 -n apptainer exec --cleanenv /Utilisateurs/abellach/zkRoam/net-heterogeneity/zkroam-besu.sif ip -o addr show
$ nsenter -t 1515335 -n apptainer exec --cleanenv /Utilisateurs/abellach/zkRoam/net-heterogeneity/zkroam-besu.sif tc -s qdisc show
$ nsenter -t 1515335 -n apptainer exec --cleanenv /Utilisateurs/abellach/zkRoam/net-heterogeneity/zkroam-besu.sif tc -s class show
$ nsenter -t 1515335 -n apptainer exec --cleanenv /Utilisateurs/abellach/zkRoam/net-heterogeneity/zkroam-besu.sif tc -s filter show
$ nsenter -t 1515335 -n apptainer exec --cleanenv /Utilisateurs/abellach/zkRoam/net-heterogeneity/zkroam-besu.sif ip -o addr show
$ nsenter -t 1516160 -n apptainer exec --cleanenv /Utilisateurs/abellach/zkRoam/net-heterogeneity/zkroam-besu.sif tc -s qdisc show
$ nsenter -t 1516160 -n apptainer exec --cleanenv /Utilisateurs/abellach/zkRoam/net-heterogeneity/zkroam-besu.sif tc -s class show
$ nsenter -t 1516160 -n apptainer exec --cleanenv /Utilisateurs/abellach/zkRoam/net-heterogeneity/zkroam-besu.sif tc -s filter show
$ nsenter -t 1516160 -n apptainer exec --cleanenv /Utilisateurs/abellach/zkRoam/net-heterogeneity/zkroam-besu.sif ip -o addr show
$ nsenter -t 1516981 -n apptainer exec --cleanenv /Utilisateurs/abellach/zkRoam/net-heterogeneity/zkroam-besu.sif tc -s qdisc show
$ nsenter -t 1516981 -n apptainer exec --cleanenv /Utilisateurs/abellach/zkRoam/net-heterogeneity/zkroam-besu.sif tc -s class show
$ nsenter -t 1516981 -n apptainer exec --cleanenv /Utilisateurs/abellach/zkRoam/net-heterogeneity/zkroam-besu.sif tc -s filter show
$ nsenter -t 1516981 -n apptainer exec --cleanenv /Utilisateurs/abellach/zkRoam/net-heterogeneity/zkroam-besu.sif ip -o addr show
$ nsenter -t 1517829 -n apptainer exec --cleanenv /Utilisateurs/abellach/zkRoam/net-heterogeneity/zkroam-besu.sif tc -s qdisc show
$ nsenter -t 1517829 -n apptainer exec --cleanenv /Utilisateurs/abellach/zkRoam/net-heterogeneity/zkroam-besu.sif tc -s class show
$ nsenter -t 1517829 -n apptainer exec --cleanenv /Utilisateurs/abellach/zkRoam/net-heterogeneity/zkroam-besu.sif tc -s filter show
$ nsenter -t 1517829 -n apptainer exec --cleanenv /Utilisateurs/abellach/zkRoam/net-heterogeneity/zkroam-besu.sif ip -o addr show
$ nsenter -t 1518703 -n apptainer exec --cleanenv /Utilisateurs/abellach/zkRoam/net-heterogeneity/zkroam-besu.sif tc -s qdisc show
$ nsenter -t 1518703 -n apptainer exec --cleanenv /Utilisateurs/abellach/zkRoam/net-heterogeneity/zkroam-besu.sif tc -s class show
$ nsenter -t 1518703 -n apptainer exec --cleanenv /Utilisateurs/abellach/zkRoam/net-heterogeneity/zkroam-besu.sif tc -s filter show
$ nsenter -t 1518703 -n apptainer exec --cleanenv /Utilisateurs/abellach/zkRoam/net-heterogeneity/zkroam-besu.sif ip -o addr show
$ nsenter -t 1519549 -n apptainer exec --cleanenv /Utilisateurs/abellach/zkRoam/net-heterogeneity/zkroam-besu.sif tc -s qdisc show
$ nsenter -t 1519549 -n apptainer exec --cleanenv /Utilisateurs/abellach/zkRoam/net-heterogeneity/zkroam-besu.sif tc -s class show
$ nsenter -t 1519549 -n apptainer exec --cleanenv /Utilisateurs/abellach/zkRoam/net-heterogeneity/zkroam-besu.sif tc -s filter show
$ nsenter -t 1519549 -n apptainer exec --cleanenv /Utilisateurs/abellach/zkRoam/net-heterogeneity/zkroam-besu.sif ip -o addr show
$ nsenter -t 1520386 -n apptainer exec --cleanenv /Utilisateurs/abellach/zkRoam/net-heterogeneity/zkroam-besu.sif tc -s qdisc show
$ nsenter -t 1520386 -n apptainer exec --cleanenv /Utilisateurs/abellach/zkRoam/net-heterogeneity/zkroam-besu.sif tc -s class show
$ nsenter -t 1520386 -n apptainer exec --cleanenv /Utilisateurs/abellach/zkRoam/net-heterogeneity/zkroam-besu.sif tc -s filter show
$ nsenter -t 1520386 -n apptainer exec --cleanenv /Utilisateurs/abellach/zkRoam/net-heterogeneity/zkroam-besu.sif ip -o addr show
$ nsenter -t 1521211 -n apptainer exec --cleanenv /Utilisateurs/abellach/zkRoam/net-heterogeneity/zkroam-besu.sif tc -s qdisc show
$ nsenter -t 1521211 -n apptainer exec --cleanenv /Utilisateurs/abellach/zkRoam/net-heterogeneity/zkroam-besu.sif tc -s class show
$ nsenter -t 1521211 -n apptainer exec --cleanenv /Utilisateurs/abellach/zkRoam/net-heterogeneity/zkroam-besu.sif tc -s filter show
$ nsenter -t 1521211 -n apptainer exec --cleanenv /Utilisateurs/abellach/zkRoam/net-heterogeneity/zkroam-besu.sif ip -o addr show
$ nsenter -t 1522087 -n apptainer exec --cleanenv /Utilisateurs/abellach/zkRoam/net-heterogeneity/zkroam-besu.sif tc -s qdisc show
$ nsenter -t 1522087 -n apptainer exec --cleanenv /Utilisateurs/abellach/zkRoam/net-heterogeneity/zkroam-besu.sif tc -s class show
$ nsenter -t 1522087 -n apptainer exec --cleanenv /Utilisateurs/abellach/zkRoam/net-heterogeneity/zkroam-besu.sif tc -s filter show
$ nsenter -t 1522087 -n apptainer exec --cleanenv /Utilisateurs/abellach/zkRoam/net-heterogeneity/zkroam-besu.sif ip -o addr show
$ apptainer exec --cleanenv /Utilisateurs/abellach/zkRoam/net-heterogeneity/zkroam-besu.sif ip -details addr show zkroam0

$ /Utilisateurs/abellach/zkRoam/net-heterogeneity/venv/bin/python3 scripts/apptainer-network.py stop
$ apptainer exec --cleanenv /Utilisateurs/abellach/zkRoam/net-heterogeneity/zkroam-besu.sif ip -o link show
$ apptainer exec --cleanenv /Utilisateurs/abellach/zkRoam/net-heterogeneity/zkroam-besu.sif ip link delete zkh00
$ apptainer exec --cleanenv /Utilisateurs/abellach/zkRoam/net-heterogeneity/zkroam-besu.sif ip link delete zkh01
$ apptainer exec --cleanenv /Utilisateurs/abellach/zkRoam/net-heterogeneity/zkroam-besu.sif ip link delete zkh02
$ apptainer exec --cleanenv /Utilisateurs/abellach/zkRoam/net-heterogeneity/zkroam-besu.sif ip link delete zkh03
$ apptainer exec --cleanenv /Utilisateurs/abellach/zkRoam/net-heterogeneity/zkroam-besu.sif ip link delete zkh04
$ apptainer exec --cleanenv /Utilisateurs/abellach/zkRoam/net-heterogeneity/zkroam-besu.sif ip link delete zkh05
$ apptainer exec --cleanenv /Utilisateurs/abellach/zkRoam/net-heterogeneity/zkroam-besu.sif ip link delete zkh06
$ apptainer exec --cleanenv /Utilisateurs/abellach/zkRoam/net-heterogeneity/zkroam-besu.sif ip link delete zkh07
$ apptainer exec --cleanenv /Utilisateurs/abellach/zkRoam/net-heterogeneity/zkroam-besu.sif ip link delete zkh08
$ apptainer exec --cleanenv /Utilisateurs/abellach/zkRoam/net-heterogeneity/zkroam-besu.sif ip link delete zkh09
$ apptainer exec --cleanenv /Utilisateurs/abellach/zkRoam/net-heterogeneity/zkroam-besu.sif ip link delete zkh10
$ apptainer exec --cleanenv /Utilisateurs/abellach/zkRoam/net-heterogeneity/zkroam-besu.sif ip link delete zkh11
$ apptainer exec --cleanenv /Utilisateurs/abellach/zkRoam/net-heterogeneity/zkroam-besu.sif ip link delete zkh12
$ apptainer exec --cleanenv /Utilisateurs/abellach/zkRoam/net-heterogeneity/zkroam-besu.sif ip link delete zkh13
$ apptainer exec --cleanenv /Utilisateurs/abellach/zkRoam/net-heterogeneity/zkroam-besu.sif ip link delete zkh14
$ apptainer exec --cleanenv /Utilisateurs/abellach/zkRoam/net-heterogeneity/zkroam-besu.sif ip link delete zkroam0
