tx_index,sender,rpc_node,tx_hash,nonce,submit_ts,confirm_ts,latency_s,block_number,gas_used,status,error
0,0xB199BD87678987852f938820Be863eF736100250,node00,2b3aa53e3ef2b0829d16943c6aac9d170c1a3f06e92e79723e8dd6e0334ce0d1,10,1791391604.041405,1791391631.132025,27.090620040893555,225,241970,confirmed,
1,0x3F458628eFfa290Bf28545be48D6dB109640FD9A,node01,2fdfeef2a01d81e749e511a77e1ee322a59c705bb2088a7f59c153381c1972b1,8,1791391604.0495248,1791391633.0208023,28.971277475357056,226,241970,confirmed,
2,0xfb5a726cb6140238e205cC8e6FA688246F530B07,node02,bfccb1309fa32afa15da49333c8812c3b86f88448ff4e23dd6c49f7865448862,8,1791391604.052853,1791391634.512457,30.459603786468506,227,241970,confirmed,
3,0xB9e20F83Fd409254714c27445430ED6b894a8C4d,node03,698cebf34a756a36c98e882686e0c7479de6a129c9def015216eeae5216affed,8,1791391604.0590384,1791391607.471734,3.4126956462860107,213,241970,confirmed,
4,0xa18E18aCbD498624cFe8e7B7fC99a798c34089fC,node04,8bdb6867f107580ee2c434305d9730ad623d6f9de0e0a5c7aaafc7d0547b1849,8,1791391604.062066,1791391611.8459244,7.783858299255371,214,241970,confirmed,
5,0x92414fb0967F3C52dAA9e8BaEaa0470f6C585B89,node05,1aba985505ea8fe40f413d66c1d61f777e090ba05d1aee943dee66cdcd2c5cab,8,1791391604.0638864,1791391611.8378618,7.773975372314453,215,241970,confirmed,
6,0xaeB29887014eD49Bc64aEB267D374Bc239C624df,node06,96d4feec3ffacf10ba015f8835036a65fa9a61a5cdc2f69c6b4a8934cc2fef1e,8,1791391604.066088,1791391615.4735887,11.407500743865967,216,241970,confirmed,
7,0xB3Ef97E60b9C6ea9Eb1bD30a733Ca74a560388d9,node07,66d7300f618710429a41935b233f12ff0642084779f984b322ec9e7e0c9c9bd1,8,1791391604.067332,1791391615.5135012,11.446169137954712,217,241970,confirmed,
8,0xaC9a53C153567bF1ab5AE11c74313aD60DD15e49,node08,d75991031920623a8384ab5ae835290ba978f92d798ac15603dd24c1c8fbca17,8,1791391604.072557,1791391618.2542117,14.181654691696167,218,241970,confirmed,
9,0xb35e9372966b528F2a0b54298b0F00e77056d456,node09,fba03c17f6fd359dcaefc48fca6f22864957584ec721d2de88fc9b90b7851252,8,1791391604.076457,1791391621.0763655,16.999908447265625,219,241970,confirmed,
10,0xD59f8168C0B098f716e00eEB4117ED35ae369820,node10,aca264b5368a39221850c113bdf1b9ab6b6b7f398e02b996ac422c1b6f50d09a,8,1791391604.080837,1791391621.138326,17.057488918304443,220,241970,confirmed,
11,0x792B2a7ea2c707fAbe9358644F186c8680f12614,node11,652fc4a0d78a6652f1a87ae8650b9a2ab604d196232da9f0de79ba9ba5624064,8,1791391604.0831718,1791391623.7195482,19.63637638092041,221,241970,confirmed,
12,0x356Cf8F0d8F3eD8767485Ea31b9d6b42d10E16b4,node12,f64d68246736175bf9a73dabb2670113169d005156aa12bc326786dd8bb018c3,8,1791391604.0894558,1791391625.9427643,21.85330843925476,222,241970,confirmed,
13,0xEeb3652158447A259b61EA130ad88E150e6eB61D,node13,c089b0e7857f68ceb5a0991b61f67786d92674ee0e755bc0d71be80c1cdbfa55,8,1791391604.0916133,1791391627.9833825,23.89176917076111,223,241970,confirmed,
14,0x7aa2c99ce525C13aDF7C5A97f993c2972fD19149,node14,87388af7bd2f9b2576397d0bfff5d7645bd2d526c883592a79f1158c579b28a6,8,1791391604.0939813,1791391629.8502538,25.756272554397583,224,241970,confirmed,
15,0xB7b419Ea8C6A5c4e9D2281C32fb43eb6EF68a48E,node00,fa646fa84958ee1637de681d7316cc38df12aa739d5c6abe75edab540829b750,8,1791391604.0983338,1791391631.121626,27.023292064666748,225,241970,confirmed,
16,0x07CEA1Bb1E0eb32d60634e06682ff3A828E8dFd6,node01,2036f51f3d7e6c4dbf5513516bbf108e97b9c4134c92222f3f904ca7a5080b1c,8,1791391604.101259,1791391633.018662,28.917402982711792,226,241970,confirmed,
17,0xACd167E440CC411F7DE65BcC07BE03cCa3465346,node02,3efec9789bb7a3b801855cca0631208234a3b3d8a5b3b903a1a86780095166da,8,1791391604.1042342,1791391634.5499449,30.4457106590271,227,241970,confirmed,
18,0xDF669eF7cd08747fE747655b55b12E288921F5e9,node03,1fbbfaaf9b363107787ff931944f8090679c0351f0123f4954fa0069e170f6da,8,1791391604.1055298,1791391607.50853,3.4030001163482666,213,241970,confirmed,
19,0xFA1b7231f51eEA31E28B3973159112a970528ca4,node04,7dc37e8ddb9a3b3fa95bbf4f290ce8ae609f88c6912ffd353d6cb33a81b70dbb,8,1791391604.1085496,1791391611.8737175,7.765167951583862,214,241970,confirmed,
20,0xe4254E80C06cF95FAF22bd26353BbDC9B4c350D3,node05,89b5884b7bc4a1a9bf662a08b4537b29244ec88c9457079cb3c66082a9f388bf,8,1791391604.1093428,1791391611.9514,7.842057228088379,215,241970,confirmed,
21,0x9Da5414A427d5B8D7c519bF757A9502c816914d4,node06,9915adfdf8e93d40980110d756a67343fde93a3a219e0145255a97884c1ae335,8,1791391604.1099572,1791391615.5204692,11.41051197052002,216,241970,confirmed,
22,0x08e0d26503F76FD69E8a3f4AE513B3A0E263C7a6,node07,114aa3a8a95936040e20f2b501b9a79c8686aa196d8b0c87d82daadf039d1269,8,1791391604.1163535,1791391615.5119948,11.395641326904297,217,241970,confirmed,
23,0xA1af8781Dcf53a457AA7A24a5218086Fa9a53DA8,node08,955fddc8e282af47f9cc7705cd8bd36e3311c26fea14dfd3a636c3b89f14f80d,8,1791391604.1224418,1791391618.25629,14.133848190307617,218,241970,confirmed,
24,0x4c09544123d8fc097dd4404D8520b9435140C1A7,node09,b1630d1043de1d22770a21f9b82821596e513b0dbd6ec2310847b41be76c739e,8,1791391604.1258256,1791391621.2117147,17.085889101028442,219,241970,confirmed,
25,0x6eb7Bb69F74C73c246dfF3648cd21bF9ab6bc36a,node10,d9c438edad6b219160f2d0b263cab44c8644b2b1a57979e1be9351a35924be37,8,1791391604.130152,1791391621.1147087,16.984556674957275,220,241970,confirmed,
26,0xF00F3bf548406794aA45c7A347756505C0DaFC8C,node11,1820abd094ab12430e069a987e812252a926476bf308decdd63950cf9d6963ab,8,1791391604.1364856,1791391623.7696085,19.63312292098999,221,241970,confirmed,
27,0xA7e9B9f14e7da8cA3ff29601D222754C8d9f75da,node12,598ac82a1f06349fefb2373a712edb09915f836dbec202d1db12c8a627067b3b,8,1791391604.1409445,1791391625.9529843,21.812039852142334,222,241970,confirmed,
28,0xFFf0AC3ED70f687359d2Dd90F8a90ddA21716bc0,node13,0d0041e52cc8c52ae712550875e72db520c41d58cc1f5d8099710cd229289866,8,1791391604.1471002,1791391628.0334737,23.88637351989746,223,241970,confirmed,
29,0x092F3f89EdF0E478c080459e29Aff9141Ecc6bA7,node14,a61afba59cc89a500ad0884cbef66aa5dcef2a3bc2e95fdc7346da8310f90e45,8,1791391604.1515167,1791391629.8658273,25.71431064605713,224,241970,confirmed,
30,0x8dD7c7d1F72AB31d6eFb98D0aE79f46fe2745075,node00,d0eb219400d02be2efb17db5c9495b2567354bde14801beee8ec2ca52e44e5e4,8,1791391604.1541038,1791391631.2259595,27.071855783462524,225,241970,confirmed,
31,0x623187506d095F13a2B1BBcd2cfF46FE499E50A9,node01,24d873523c003a08f564d31b501a000decedc47ffbc9a25a52e9ba677367fd28,8,1791391604.157633,1791391632.9938962,28.836263179779053,226,241970,confirmed,
32,0xD9DF25c5dA6d54821efD16fC096f23Df02AE0FA9,node02,e23b5350d942083debd18675f7c92e0f08c2fcc0e6928db1fef8663ebf73b40b,8,1791391604.1599367,1791391634.601017,30.441080331802368,227,241970,confirmed,
33,0x8E235fFBB32862F624d106c88Cf6113cE2B108A2,node03,6b3673d58e009bf60126214e6613897ed30e2e50893a45e04822935101aff35e,8,1791391604.1658278,1791391607.5793278,3.4135000705718994,213,241970,confirmed,
34,0x7BE2F5FE6a9502fFDF80b484171C691Ff6e3A13e,node04,1140c915b73364f887baf9404ebb5ec6b9da0db04c8d1a4dc8522ec918574b3c,8,1791391604.17135,1791391611.9280384,7.756688356399536,214,241970,confirmed,
35,0xbac37Accb4cbB6AeE51A7bed02f762EE05A32eC0,node05,69e96aed88923a07641871737018710068c2ebe4892b669b0dac8077c4981f00,8,1791391604.172998,1791391612.0052886,7.8322906494140625,215,241970,confirmed,
36,0xa0015829b5f305454cE67F0eb14a7c6b94DD564C,node06,34f749314708c08f3721b4f21c43aaf5b2e1f6c025a0a18af9fd052bacb36405,8,1791391604.1742423,1791391615.692398,11.518155813217163,216,241970,confirmed,
37,0xD63608273565877bc56eD1350BE54c18a3d4e2C2,node07,9647372aa21f9e57e364a6a5d3d8f42091d0362aef5c2372feda63e4f43f72ab,8,1791391604.1763856,1791391615.6449015,11.468515872955322,217,241970,confirmed,
38,0x5B4e0C915ce171c87C9A910d31609ccc07f8F255,node08,f39737228290971d96f3343c114fc7f4c1196496527950514f16ed837e22cdb3,8,1791391604.1795995,1791391618.3553843,14.175784826278687,218,241970,confirmed,
39,0xdbeBDBAAd2aDeff33daF03F11dFA1f995eA3869b,node09,e14c2b3670d2590095d46bfa6437df348ce16ed3b2fb14c28ee9d425db54dd9e,8,1791391604.1821423,1791391621.2146847,17.03254246711731,219,241970,confirmed,
40,0x49b7e4E12F9FD42eeC1f5E41F8a59d8070dEB773,node10,de378a28c476d6b78878e4b8385cbf62e9df7ccb22222c3ecf1151fd110e30a8,8,1791391604.1843736,1791391621.2078662,17.023492574691772,220,241970,confirmed,
41,0x0bccc138b4Dc6dC3B7aCfCE8E2Ef478e9ba4D44d,node11,2101bd9c5e8faf975584fa4c535e664a5179977874c57d30e8e5aab11443453d,8,1791391604.1922197,1791391623.7437353,19.551515579223633,221,241970,confirmed,
42,0xcB0E50d2030659B9B22eDc7c0E4b5D2c106ece86,node12,1f9f519a7171d8d0ef1f8277bfc728cbe03dcce9f63f50cc6f088c75ad822b18,8,1791391604.2039995,1791391625.9697804,21.765780925750732,222,241970,confirmed,
43,0x9Cf1b2C068aA7dc6Aa0F108A0415177570f3b647,node13,57499048b6fd30349a44b63b781621c7e9cf8ffcb23281a5e5fa0efc990dd6c7,8,1791391604.2049832,1791391627.9987752,23.793792009353638,223,241970,confirmed,
44,0xbDC59Bd5F6264C5FBb32ed6776887f2bcF8D828a,node14,4889aecd33122e5c1c31a8486e3cf604f53c349215c6b8926b6ff1b9b23a6507,8,1791391604.2087305,1791391629.8725147,25.66378426551819,224,241970,confirmed,
45,0x3C8Da10BF4115775eB0250993A7477A84cfF350F,node00,7d07607952d16d4bf5acee6553b7b122f22d19d774480089c9e9f1d75c89df43,8,1791391604.2103167,1791391631.1304908,26.92017412185669,225,241970,confirmed,
46,0x25473b03A9bd302f226a1f045BA46abfF2b42167,node01,d32dd3ae4ae540abb75c03334b21d89cb299aa29fefe0cba4bf93a38e5b92631,8,1791391604.2278712,1791391633.0437353,28.815864086151123,226,241970,confirmed,
47,0xe7b29E77d0358579028d6d9beF7390DE84Efef99,node02,1c21e38f42e3537a78e6b48280580e29b0fb085a21c2519889d182f9b2ab25cb,8,1791391604.230949,1791391634.5560765,30.325127601623535,227,241970,confirmed,
48,0x0EF8d3F0DDEB4bb432C64e8CE66f2dfA69685B55,node03,431e70fa144b74d3cfd3064ce1e7942c2016e8d220878fce9ca9e7f0b64a2b83,8,1791391604.2320335,1791391607.587438,3.3554046154022217,213,241970,confirmed,
49,0x4269b6EBf8c3A563FFDD7Af835991755d96547d6,node04,a2f028a56659ef312a4e55588f4d55d829ce00e6fb73e3367a516dc9ecf8bbeb,8,1791391604.236177,1791391611.9988697,7.76269268989563,214,241970,confirmed,
50,0x95973c8E4470d42a48a104e7df8D440978a916aB,node05,9e1331761fcdfc112bccb6e1336fe139dc79139bef1c754d906d05e700c13384,8,1791391604.2371197,1791391612.0507405,7.8136208057403564,215,241970,confirmed,
51,0xc877eDacC6E91dF041599903f2a72F210b0Df17B,node06,97f1d3c2705e0786287158cce99b6f2ae7a4cafd7040707adb054c31b4f007d9,8,1791391604.2396667,1791391615.5979862,11.358319520950317,216,241970,confirmed,
52,0xE4c3a8584F1136674f9004509BEfd6d6656b7609,node07,7e80737591a2cda9ac7d1c64aab68f5720f6304009cc6b51d18259b820dae3fc,8,1791391604.243297,1791391615.650683,11.40738582611084,217,241970,confirmed,
53,0xA894522149F235922e95926627018467682723DB,node08,55bde370e75e4033c9658d515cad66c44ed43fcc0417eacbccc672423540ac4f,8,1791391604.2461398,1791391618.3497965,14.103656768798828,218,241970,confirmed,
54,0xEbF7f4f70759c36BDFf241f4321655b1DFcEF42b,node09,79d8690ebd2edb509ea115737092e18286b33c8c8dca044014801ec6b9327ffe,8,1791391604.2702959,1791391621.488835,17.218539237976074,219,241970,confirmed,
55,0x91720e6203089771CA6E6f4FF0Becf2D6bb690f3,node10,0d72d03446f5e99a668463d01dcef84d77b252e329d2f87214473be7a5d8a923,8,1791391604.2733862,1791391621.375939,17.10255265235901,220,241970,confirmed,
56,0xeE8C51802f8f330531789A9eb790D61dd9Bacb2d,node11,7a4bd336582921dd41b4248ffd20e51fcfb4d2fb74285362e228102f956bfbd8,8,1791391604.2774076,1791391623.7606409,19.483233213424683,221,241970,confirmed,
57,0x5De0168E983f266254f6a26B04Eb65E0e4a0087A,node12,e4e4c6e5eed9583a01e0632bd3aa79190934337a071c4eb714c31b022f9d820e,8,1791391604.2818542,1791391625.9939492,21.712095022201538,222,241970,confirmed,
58,0x8c70A688499799F83b3161A81DD789e9507c7bD4,node13,55c120552070e360f270ea52ad255c6caea87afcfebf1f04b57084200420adfe,8,1791391604.2851787,1791391628.0084906,23.72331190109253,223,241970,confirmed,
59,0x4e9BEa710b76C09164AEc84887B0E5CC2586b6C4,node14,e94fdd2ecfb98a240b47cddf346a22eb6d264a4d9bf78e62f9c44418450a31b3,8,1791391604.286844,1791391629.9468648,25.66002082824707,224,241970,confirmed,
60,0x6d0EAF618F79B5875dfCCaA2BDc463761C7d4773,node00,f96b5aa81a88b7de5de40427a49fe515d139dcbaa865172cb5204c9390a5875c,8,1791391604.2939985,1791391631.157489,26.86349058151245,225,241970,confirmed,
61,0xb5943b08D1b9c19a2b7b38F4C9aB1201E954215a,node01,ba39794eab0626094fc28b0b678882861566c740240b1046fefeb93c33335c7a,8,1791391604.2976558,1791391633.0107617,28.71310591697693,226,241970,confirmed,
62,0xb7e60Ad77CB47244228876a7116208Ea36Ea1906,node02,eeef75ded818d6febca675ded093d52dc199b8aea9b8c4497aeb1be567316ecd,8,1791391604.299782,1791391634.5182855,30.21850347518921,227,241970,confirmed,
63,0xe421c4D3Db8d4e7ce23CC513B986F18C4530e5D0,node03,4630ef5b699224f1da2171a10ebad0b8d72851f181cb0f8075d4779dc7874f61,8,1791391604.3028986,1791391607.6795628,3.376664161682129,213,241970,confirmed,
64,0x37A82B698ff82Be689fFDef5399ef6DC6CF94e5A,node04,2b0d3c7ab211815460b76ba8769a5f57d8e56383c2be241e3645c00cd14818cf,8,1791391604.3158293,1791391612.0959573,7.780128002166748,214,241970,confirmed,
65,0xcD04B39b7931827Ab06572542854fD63bc4583b3,node05,2ffdbddaaf49b69465238ff6bee33c5c4f995e3c4d87e9fecc36234b640d9fbb,8,1791391604.318671,1791391612.0673275,7.748656511306763,215,241970,confirmed,
66,0xeebf8cb595f584cCF987a508b569e5f8716353dE,node06,fa99eab52feadb6f58c8662432145f819b2b1af19f8340363214883eec609760,8,1791391604.3210464,1791391615.6104057,11.289359331130981,216,241970,confirmed,
67,0xcF17538A59Bb0e757E0ba04e42841337129C69FE,node07,02d94bc2a96afc5389c1749fcfd37b09dafb2040148b315d74dfdf515cdadd5a,8,1791391604.3285642,1791391615.6144876,11.285923480987549,217,241970,confirmed,
68,0x22099f976df1026c79fD417B2e8C617d61936277,node08,3876065c40646cb3f46da3bbe9144871ca66e0af156c374d9ee5693288f0e874,8,1791391604.3346503,1791391618.3832717,14.048621416091919,218,241970,confirmed,
69,0xA8BDCfEE862b0098fcCee603d52F097a00c7e091,node09,12ecb327e184f866e26b326f9e9eccd64f701d64f6101fb5c7c55582fa6e6197,8,1791391604.3356285,1791391621.4294343,17.09380578994751,219,241970,confirmed,
70,0x2Bf099D4eC6b3860078b5BAcE628B5725df20A93,node10,b3b311f99cf7c15eac3aca5f9e84bfad07aac80061cb2da9b379767fdd69a3d8,8,1791391604.3369255,1791391621.4641714,17.127245903015137,220,241970,confirmed,
71,0xC580432F25A54435C62C3099769001aD886f2742,node11,c92cda206a7e96783a46074db9c4a5ec3a0110b5abe64869008e84d9f5c49b42,8,1791391604.3387744,1791391623.7735553,19.434780836105347,221,241970,confirmed,
72,0x2D7D34a9eEd171Fd785cB64e30B59aA9c60f82f2,node12,7b2991334b4dc55904739d36d925b6c7b260005733d17a5f3adc9ca8fdd24c65,8,1791391604.3430004,1791391626.006955,21.663954496383667,222,241970,confirmed,
73,0x59cA51C4711494Dc2ebD191E24B46Cde23021080,node13,a59065de0933f569a37a260d963b718d364cc6ac2e385757605076192f379ff3,8,1791391604.3489828,1791391628.031854,23.682871103286743,223,241970,confirmed,
74,0xDC28245288DF337303435394C8617038b516dc44,node14,f492e449087ef731afbf7df8186ba3ced037307c1907dbec57a8e9edfe08c2b5,8,1791391604.3558223,1791391629.8887186,25.532896280288696,224,241970,confirmed,
75,0x3F2Ee243C17d4FD95C722048615c7ec9ddB52002,node00,e7d8734f3860921831d94796a763d52f633affb5668c5ba53c967ea8993244d6,8,1791391604.3571002,1791391631.1517367,26.794636487960815,225,241970,confirmed,
76,0x33eD2E74b44a909772db7585C5dA20bA6dFb4318,node01,fcf0bb32310befd4b9b4caec71ff2d2621831a2265353ac3e983a17168d6ddbd,8,1791391604.3711002,1791391633.0581925,28.687092304229736,226,241970,confirmed,
77,0x27caa5847e0004675c4dEd2E966035F47FD68007,node02,93e224d79220342646215528eb84ad14fac84312459694a3db3ae1bc69976c5f,8,1791391604.371867,1791391634.6724806,30.30061364173889,227,241970,confirmed,
78,0x51406c0cE01823954770e0Fb56C14Beb2678fBbc,node03,7a47a96c125229d95db4ca7274896bbaff647a64809b3dbd24ac9547382739a5,8,1791391604.3778536,1791391607.6593966,3.281543016433716,213,241970,confirmed,
79,0xc66f28ce522075D2Dc39c1340E89043082CE683E,node04,0aca9b65b6c9466d94aab4511459bd1c549b62af96bb021ffa06f72601f77741,8,1791391604.3836322,1791391612.0745344,7.690902233123779,214,241970,confirmed,
80,0xB3Dc452239A9B1092232b809F77788827000e93A,node05,765ab801b11a1c35d022ef72d9ace19f13df6a12cdfd33c86eb528f3ee46ef1e,8,1791391604.3845363,1791391612.0832787,7.698742389678955,215,241970,confirmed,
81,0xC455638BDF7c442b755E514c094a13BC9d5a6dca,node06,9033d606697b7b65ee3be3a16dbc9e6d83c127990a40b992980b912acd1a84ae,8,1791391604.386542,1791391615.661154,11.274611949920654,216,241970,confirmed,
82,0x37f1710f2b051A5A374649d7e5cF23061d9909f0,node07,fb059bf085046e187a72b2c3e41947182fdb35c705f0d4d70b88ca76097a5cba,8,1791391604.388256,1791391615.7073283,11.319072246551514,217,241970,confirmed,
83,0x203D374f586a86033B4710424f5e50A715967fEC,node08,1b27b151c79e8efb1d2094c62969c49528d327f98fe2f6b8846082b14573691e,8,1791391604.3903751,1791391618.3812282,13.990853071212769,218,241970,confirmed,
84,0xE24FB99Aa34b5f6886Cc2F8169693A9b39A11Cc5,node09,1bcd557e954e49004e47597a52eeca7ee408913a4b515064f743bf4e33f09fb6,8,1791391604.3960867,1791391621.420568,17.024481296539307,219,241970,confirmed,
85,0x186b650c98c786bf4b01E99Ed5e35eAb4Ab06977,node10,9bd4ae29239b1c063547e51707953c7d57343b05563212ba6246b087c7541abf,8,1791391604.4045315,1791391621.383174,16.978642463684082,220,241970,confirmed,
86,0xf12674732c55ba67051bF96F6200578F295a509A,node11,eafa7f16452d03c0c9943346971396a694dda05c6659344784ae81c3f240a3f4,8,1791391604.4094138,1791391623.8279567,19.418542861938477,221,241970,confirmed,
87,0xcd238Ce0774d9C276c044908FC549fAa7043374D,node12,2dce05844d9cc3ba6feeeb00695af96269de09ada8decb9de60b106e5dc52333,8,1791391604.4147716,1791391626.0158951,21.601123571395874,222,241970,confirmed,
88,0xF2fe1982849Fb5f2AC7BE5e4D5C892eaBd17656e,node13,13f2156ccd5b3c7d1630d85991748804ad2986992c59067662ba5ad374d78c73,8,1791391604.4179595,1791391628.061506,23.64354658126831,223,241970,confirmed,
89,0x7C37b3767b0fa76C437acb1553032edCd16a8F7E,node14,1a74535ae2d31280111543c8f0b6fcc5a60ed1961747564c2da64b25c2a0a01a,8,1791391604.4205942,1791391630.035612,25.615017890930176,224,241970,confirmed,
90,0xFA9f203B0EFD182249332538D752d15A1697c429,node00,192d69f93ef01dd3a69e374f026e6927ad73fc5b4ce3aa3c5502fb0fd85917d8,8,1791391604.4243186,1791391631.1844413,26.760122776031494,225,241970,confirmed,
91,0x58dFAC40d23CB2A96B5c431B49e3E0f4eDd550E5,node01,87579a16601eb00b4922ac0a84a1e879cbf2d721068ab7c5e5e098a54c8374b3,8,1791391604.4256814,1791391633.1614778,28.735796451568604,226,241970,confirmed,
92,0xa7af0a06CB8742e43f9340CA22C70bd53F9Dd087,node02,93d8f7b92ad1156c02d61f779f5c94dfc6b034c89501b782d65d5bd326b38ce5,8,1791391604.4276862,1791391634.7750902,30.34740400314331,227,241970,confirmed,
93,0x042ab83C341EEc39d61e830E92E2e2a71200Befe,node03,c27961f481b3a2dc4b12e1a435998183ab9119962532264b9562a7c92dfde691,8,1791391604.430082,1791391607.7611537,3.331071615219116,213,241970,confirmed,
94,0xC9d8D3a331eDAC572951FbE7ECc6A6D0b47f20Ab,node04,a6a8cc57b188637c3d6c47c7b5a901b361ccee197c71fd8bdabeb2996038ecef,8,1791391604.433032,1791391612.1214292,7.688397169113159,214,241970,confirmed,
95,0x2ceB8152bCdC39b73600dc2A864f34f64D3ABDd0,node05,58d8414f58eb66ec995f2b9b125f553412db5bf4e6025fb4f67ab63faccf7f7d,8,1791391604.4368694,1791391612.1133862,7.676516771316528,215,241970,confirmed,
96,0x536b2cfe5f939e70979d2DA1b6693b9cCC6d8233,node06,cbceb21a5588f7a41d13c8dc6c6678c0de228d596b2f3ba074d516684c417daa,8,1791391604.4447153,1791391615.6979961,11.253280878067017,216,241970,confirmed,
97,0xa78905E31B93c8B856938e2E0370B22136dD82d3,node07,a91044030ea41021f9d1e7556562148d71e57027abcb0a6523dd84df15854a42,8,1791391604.4470258,1791391615.767971,11.320945262908936,217,241970,confirmed,
98,0x04707b63b140c5dfeE02667091316a2e52f82855,node08,e9d98610a6967f371143615ce31a2e525535e100b66a330ae4214ca03e3f44e8,8,1791391604.4492595,1791391618.4339628,13.984703302383423,218,241970,confirmed,
99,0x8a871e956E5c4694C8a966B2F5Fd1FC309d85Fe2,node09,96c402287e22d8a85f0ce765f94a5d82044c13bf1c9c3cf39f7a8328d5f22c01,8,1791391604.4499488,1791391621.419408,16.969459295272827,219,241970,confirmed,
100,0xe5BA33b6BF880768539c15d602298Dc644bEF33F,node10,aabb3e1858d0a265efd7a36efd4d7adba45700cbf12b99b4956c960169fb42c3,8,1791391604.4520266,1791391621.3783553,16.926328659057617,220,241970,confirmed,
101,0x098ACB7cfBd0939D479F5DBB6DC254539E4aD5B3,node11,97c3c69bca8ad6f8cc431c20a6a4e344d4f4b3820682c34faa82a002694f6549,8,1791391604.4583607,1791391623.7976325,19.339271783828735,221,241970,confirmed,
102,0xE2B9048dA8DF4ebCA77a46c156847D47D1dCba53,node12,67abbadaa66ec52486a5ebe7f9153a13d8c0ab10e043897c8c1e346f4308e7e9,8,1791391604.4609718,1791391626.1608367,21.699864864349365,222,241970,confirmed,
103,0x313802F39D01a4959c50E7216d0864eE70532202,node13,7ccf79ceccc45aa64e7cf2f9a2ff2d28693abfcdb8e9b389e46386e4f20b7474,8,1791391604.4649568,1791391628.077066,23.612109184265137,223,241970,confirmed,
104,0x687a335d37f0aFc72170d0068889d7e93D502e96,node14,98c7ffbff0a524e4aa72bd4735be7985078f24da110b944315f299e4423ee901,8,1791391604.4668057,1791391629.9838648,25.517059087753296,224,241970,confirmed,
105,0x44B99d8690003a28f2F9aa86C30c281a5Dc592c2,node00,02793bba2900e69c02bf54de6ef9102dbb3d1f577d55a8341a880119b6e80193,8,1791391604.4721956,1791391631.1633282,26.69113254547119,225,241970,confirmed,
106,0x7a2Fc1476f558F72a56ab0021e2604D47F4067D2,node01,f7d42af66b6bc4fc36b85a7657f8d1e374ef87215cda341c4a43e416703171ab,8,1791391604.4754348,1791391633.0818155,28.606380701065063,226,241970,confirmed,
107,0x0a87A7c2e289d7f59F0a5b17f9DE9e9A52ce1c91,node02,376235be328e0247d2ea376009d156222be18bc2cd2b9cdabfd8cd352a257e76,8,1791391604.4801435,1791391634.5691428,30.088999271392822,227,241970,confirmed,
108,0x4d2883e22d7466B43cD8bF11330Bba4740c40ad9,node03,dca16a45b5c1a811844b9f6fcac38bdf5fb81c4bc393a9e765ac69b0839d7436,8,1791391604.4836738,1791391607.7724776,3.288803815841675,213,241970,confirmed,
109,0xD30f0356238e177c71d231bAAFDa1796da47D9a0,node04,ff79b039e0a4e8de546268fee508da5a8411dfeec4e0db0901bd64ce3469bdc0,8,1791391604.4906986,1791391612.1896663,7.698967695236206,214,241970,confirmed,
110,0xD05E79A3Eb0BDB4F58ADf66AaD46Fdc32451049c,node05,ebf723fc0f3683a66a907455158faba06b15dd2d94d597497cffc465a3a4f450,8,1791391604.4934704,1791391612.188173,7.694702625274658,215,241970,confirmed,
111,0x679322B07E53cE888960ad2010e386F3e0af318B,node06,a1f4ce6b95e68605558e12a01d967a727f1769c362eb511cb29fb83bd59d8dec,8,1791391604.4942734,1791391615.7976782,11.303404808044434,216,241970,confirmed,
112,0x25aF2a4629774956EB0ff3ca3ac03eBB56863C55,node07,c2c45c06cc364abc526596d2a645dedaacdda07632ff10137bd8fdf0d20bb0f3,8,1791391604.4959168,1791391615.7204902,11.224573373794556,217,241970,confirmed,
113,0x67fFcDdaC0bC3f9C7b542B3B25CFbd2A9456B603,node08,d533830296f691e4cd509eb449557932fa55dfa9b341d7302f1de5f8d15603f9,8,1791391604.497791,1791391618.460494,13.962702989578247,218,241970,confirmed,
114,0x10AC7E061764700886DfBFA88BBffBce6198F8BB,node09,082f3e53ce89dcf57e9d845009c3363ddfdeb1188f7a4e03b4337bcb6d1e2fac,8,1791391604.5026894,1791391618.5869014,14.084212064743042,219,241970,confirmed,
115,0x3e7DE61534bF4474a7747080A89C6C1E6C9f0042,node10,22fa2ca0f0b862885cf4c13a9ae74cce2abacfbd8f6f9ad38cd58b8f59561f56,8,1791391604.506941,1791391621.4722176,16.96527647972107,220,241970,confirmed,
116,0x583FefaEFf6569B4003Ae21E104E372DFC84867A,node11,1026dc43f08376a01f19e6aefd17f525ce96746ef0bf127b2cccc92e069ea682,8,1791391604.508687,1791391623.874683,19.36599588394165,221,241970,confirmed,
117,0x4A11a292421AeC42a7c83E1777399e8c70B8aD38,node12,ce5cfc67b80b6582e1862af78020c3f332321c4fb99e35abf41f119b71f9c3b0,8,1791391604.5108392,1791391626.0842352,21.57339596748352,222,241970,confirmed,
118,0x2A140aa9e13c5B6bd1FfE5D5f561f59878D467f4,node13,e1e83a0a12a5a42b4b9772f0c45cfbb3dfc0ab546d91d99f449bd32e650a6129,8,1791391604.513967,1791391628.1140723,23.60010528564453,223,241970,confirmed,
119,0xbC992cA344E6eA1EC102Accc62575B2d51958F88,node14,c11be3a2ec115b6a1173c3f6bdd741fa47a4c2166a8c24510e1068c5dd6ed53f,8,1791391604.5172384,1791391629.9663537,25.44911527633667,224,241970,confirmed,
120,0x7d9C132d5012c034d06095BD30D21DD4EEEC364E,node00,f4ab533670216c6de97d08ceb83afa3973515817a5ca79a31f35b56b5b64aab7,8,1791391604.5187292,1791391631.2179546,26.699225425720215,225,241970,confirmed,
121,0x3a3314cCA2cbAcEeF0259d7F50923361D025d94a,node01,45a0877d0c5e3d26354630c85524c8e875db35a829ca46fb854b69e917aacba7,8,1791391604.5215385,1791391633.246971,28.72543239593506,226,241970,confirmed,
122,0x18BcFdfB6b04f6102518c913ADcaD82eF9a7C0a6,node02,3cdf41ebd0616c17b92280d3fc2be44f4d180b1d2cfcec40a6c5df5823c9ef4e,8,1791391604.5240273,1791391634.577281,30.053253650665283,227,241970,confirmed,
123,0x2611FCFCc1B5Ee2d3B6C0e312B997447Db9e2148,node03,8931cf8c5d738b67eb3b80836cba5c0ba78241df94f3dc32ecca7e060315fc9e,8,1791391604.5336943,1791391607.8101056,3.276411294937134,213,241970,confirmed,
124,0xd0B7F9Db3740E1C2A3d4945F0FAa621A807DF245,node04,a20ee61e641989eef3963cefa93d1009dd609a0da79bddc67aa7c48536ad9b22,8,1791391604.5371537,1791391612.1813345,7.644180774688721,214,241970,confirmed,
125,0x3e68f0DF5372C8f7c5BFa1FF152Fe4677AE0b074,node05,2e5ad94f46994d5c71893f7c87dde1deefd1f3c14a1044cdcf70737b514466f6,8,1791391604.5392482,1791391612.1981142,7.658865928649902,215,241970,confirmed,
126,0x98F958ae056b6869E386596fcb9b216dD7f9AFd2,node06,56d065a4c3c70b973d046945e1b05355bb66df93d651cafc4821bcebf06c3695,8,1791391604.5423243,1791391615.75215,11.20982575416565,216,241970,confirmed,
127,0xdE2b3115f1c9795aA4F188b7ff63b0512b450C57,node07,084fe44b0037c696cd98bb9aebe52d960b36148f36e0e0905089bc036dd1e50b,8,1791391604.5486248,1791391615.7655468,11.216922044754028,217,241970,confirmed,
128,0x6d31C0400B474DDcBCa2B74A4540752244Be5813,node08,5f9574d5f2c31f4b184f40e7350b556791696c2fd0b78417edaa4b53d37ef15a,4,1791391604.5500777,1791391618.4863636,13.936285972595215,218,241970,confirmed,
129,0xA54ee76DF2aB8f09d244bAD2C470289977b90220,node09,663dc4f008989a641bdf7b7d0ee0c43768876d10300f91bea81e6e932e367aa2,4,1791391604.551238,1791391618.4800568,13.928818702697754,219,241970,confirmed,
130,0xcE6f8999465E4CB0E3F0c4317c48463b64f22270,node10,20b389e2f2ee2f37d20fcca476dceb4ef67e740f8d71d7160b5c99e9c7bef36f,4,1791391604.5529332,1791391621.4701903,16.917257070541382,220,241970,confirmed,
131,0xbe5fEE4420B0FCD54233f2f7Ab7322Bd2957dceF,node11,9224395d8981ed979d816d13198e6cac7fb3d928cab65bffa0df00be11c1a5d1,4,1791391604.5550685,1791391623.815155,19.26008653640747,221,241970,confirmed,
132,0x03b152DB7d17993cfFC664bD7dFb0D6CdDCAEf1E,node12,899c963c24fe95814d77a6afe6b80092dc4fd9e662b334baeb6b102677ad6d21,4,1791391604.5567415,1791391626.0868552,21.530113697052002,222,241970,confirmed,
133,0xabd75bb59A81eC2Ac5D4ED8483c0bdC771e0d917,node13,989e6f2ac9e119a92973a80d6392c69e8ae52b1a55479105404a4feeb5064eff,4,1791391604.5615098,1791391628.0706398,23.509130001068115,223,241970,confirmed,
134,0x84b687c12d122A7D6C4A3d52226203ac3B157576,node14,a5df9f51aca6714dc973fffb09bd6ee9bf7b3ad519355ce3882b0a7f2ce528f8,4,1791391604.5627613,1791391630.0045424,25.441781044006348,224,241970,confirmed,
135,0xf6e0c2ac0a3408c13be0f1E7fB93A0d10CF54d27,node00,de68a307897a2d09b429ab48eb67cc8e866da32072a06bd69cb5582a51b86108,4,1791391604.5648258,1791391631.192053,26.627227306365967,225,241970,confirmed,
136,0x1CFba398F78E2584A1c1CD34791FE2Cd3782292B,node01,8866f200403aabc8d02d628e2580505c655add552aefa80ca4a2349b43d5fd7c,4,1791391604.568817,1791391633.2262974,28.657480478286743,226,241970,confirmed,
137,0xfde67A2Fa8061Ab7F8852389b1b9F339f5D27084,node02,c2239a9c6cd4df21487bba60bd739267ace7ea6d6233cd5b5407535aba67d8cd,4,1791391604.569598,1791391634.6374164,30.06781840324402,227,241970,confirmed,
138,0xBe83F296E29D25dD67574dB179a3C923243Ca0f5,node03,306ae242b51055f3e24e012ad686b1aad83c8e2e4e2dc52784ca0ff443ea34fa,4,1791391604.5764382,1791391607.8754969,3.299058675765991,213,241970,confirmed,
139,0x47DdcEEFECdD4541932F12153A3Dbe94297771F6,node04,afbef8265337f3e6d0fb3ed0a7e291becd35ba76b86e8ae8f68682db982179e5,4,1791391604.5827384,1791391612.284363,7.701624631881714,214,241970,confirmed,
140,0x87aAf7421aEd0D505A54B67c958158098bB5FA7e,node05,39c78618b0c3befdef1c8d1f1926e79a2a66f57139801715a4347650eacbf00d,4,1791391604.5863233,1791391612.227499,7.641175746917725,215,241970,confirmed,
141,0x200c54EE509E8A9f8fA77585A094348154A18cf4,node06,861eeace5d6c7ea58a013c9bebfd3a34bb6d08677919122b6d88b1aa232bf97f,4,1791391604.5896497,1791391615.8096952,11.220045566558838,216,241970,confirmed,
142,0xCAA53C9A6Dcc7b212C1c4c6BF95532312a130254,node07,0336a7cbfac7a4eb7cd1d46e046557bd24b376447971f0004e86879024a0f85e,4,1791391604.592578,1791391615.7932754,11.200697422027588,217,241970,confirmed,
143,0x5dFD2E00b6B26848bb94F7E00DEEC1B9C01B0845,node08,aa0300cfac7a56c55a455d98973f1c551896a4f019e246c58b4ef77147255fdf,4,1791391604.5946524,1791391618.514438,13.919785499572754,218,241970,confirmed,
144,0xF399A29fFe28D3836A0CB5164564398500A821c5,node09,589764f9c6958fbe0964ac24f4ba3ac4614a2290088b17719269b338c08f5339,4,1791391604.5968845,1791391618.5327182,13.93583369255066,219,241970,confirmed,
145,0x4E95e6cB4971fB7AebC071a34611EACb19676A71,node10,1566d05413117eb4a2ed99c36ca0017da5fe7f50f4cd6a9b3bcc8842ffb30e7b,4,1791391604.6013477,1791391621.5747042,16.97335648536682,220,241970,confirmed,
146,0xB712d5621CA6E3973c44BCE866D98081C0F46592,node11,a25503f6c113fe386d9fb34b39db98ebad5d1c49665c1bc2f48ea07393be9de9,4,1791391604.6073437,1791391623.8980618,19.29071807861328,221,241970,confirmed,
147,0xF7615E9933ADb80769b25B0FE391E6C1262892D1,node12,aa84dd598dc23a9e7a39a82553918c46b0570670ace34b40902dd9fda54dbe8a,4,1791391604.6120002,1791391626.0629625,21.45096230506897,222,241970,confirmed,
148,0xC00065346FB5E0F36D1466D83d59B4E1DdAa3293,node13,9b8d710acaf170f6836fab28af273bb3d765bc41c95ce5265bca70286aea5b21,4,1791391604.6136858,1791391628.0920725,23.478386640548706,223,241970,confirmed,
149,0x6a42f511E7Fb6A4E6adf3C362717D649dB385894,node14,9899a92665ff153bbf30f915105b72ddd6c2fe20bc4693be397111b192aa35d2,4,1791391604.6157067,1791391630.0237257,25.408019065856934,224,241970,confirmed,
150,0xFeA61A01557c2bB4DC37E374f0245567e8719739,node00,6917bb72e55961926a7f2bf0468f14da39a50f3e093ab62c21de8b1731a2c903,4,1791391604.6197321,1791391631.2065635,26.58683133125305,225,241970,confirmed,
151,0xB01ECa74383858c9d0eF77D7B8a16f5A7C984475,node01,e050d070b9f390b560663fe34c276e2bf356b84a1f01ff777fca3d18c8742fb7,4,1791391604.622551,1791391633.1597853,28.53723430633545,226,241970,confirmed,
152,0xE29263aF22f2899D4EE991FCdE96051d46Cd833a,node02,b336bac4c34012f6463aacee52a75291096ccb48fcf8de74e31336df09585f00,4,1791391604.625278,1791391634.6346607,30.009382724761963,227,241970,confirmed,
153,0x21704A094eEa5AC564728087Aeaf527d614d152B,node03,49a0ff19a8740c695799cee77b141b8be6ae3129033c3e225a565194d884aab4,4,1791391604.6277273,1791391607.9397008,3.3119735717773438,213,241970,confirmed,
154,0x47B6A0A9430a88Dec7b59c01F22CDf1bE67E7416,node04,015db114c15c59b15835d615e8187722ba1347ab0f6f7b684752e5495386f39b,4,1791391604.628484,1791391612.3882072,7.75972318649292,214,241970,confirmed,
155,0x7409635125dF42d30C85DbEDF7bffB206B037285,node05,c641696ff1b8f4d170caaa39617df6c78170eaad60511ff7bdc66d4baf17d67d,4,1791391604.6311607,1791391612.2708907,7.639729976654053,215,241970,confirmed,
156,0x39a5322Ca75e27aBb638ad4994C97b652F90Cb52,node06,9a16d1e90cf651304f021771b76b11eba90979306c48e32663207a59a04cc010,4,1791391604.6327977,1791391615.7734835,11.140685796737671,216,241970,confirmed,
157,0xBEFB77cfc9Feb25189E16536A79f1603098D0f93,node07,39f609190ac658f5570d4cd740594882b7359938d9bc7dc81647e328343627a6,4,1791391604.6359177,1791391616.1485984,11.512680768966675,217,241970,confirmed,
158,0x386d64714C53a1619a63fa9798ee6d04D62F20dC,node08,c4023007387a8d8b5b133638c3462bf449cc4c3f23639f02926f4d54a30e2cfb,4,1791391604.647732,1791391618.6659184,14.018186330795288,218,241970,confirmed,
159,0x6fE406Ccb927b16b520ED012AAe2FD8Fd2D290c5,node09,cc62f242b83b58ac34c55535aadad8fc5a715016cd41a84f3809f8f5058ade0f,4,1791391604.6510026,1791391618.6443868,13.99338412284851,219,241970,confirmed,
160,0x269E592Fb8a95Bab30CF344c49B337dC1f33f8d6,node10,91dad5d9992262e7dc19134616420a3c35fe33d72059f4fce17bd4fe2c2c075d,4,1791391604.652822,1791391621.586368,16.93354606628418,220,241970,confirmed,
161,0x0547D1070231F8908f0E85FA0578500B9A4b48A2,node11,e44a744027aa28ee1b56a155860818758c47cbd118d1985bde245aa01d6a92ac,4,1791391604.6551764,1791391624.0065062,19.351329803466797,221,241970,confirmed,
162,0x4592bc286053f74432eA71Bfd90720da09E237ba,node12,72ccc6ccd7a12089ee55ec3622adbc7aa628be71ef2d7065c2d504f1b3ab53e2,4,1791391604.6561673,1791391626.168752,21.512584686279297,222,241970,confirmed,
163,0xA67265733C20d01745DD7E34cEf5988270e7b386,node13,8df4c7105f04389503cf02859bb0e3bd9cf635b1c92e77910095279573629e6c,4,1791391604.659062,1791391628.0969253,23.43786334991455,223,241970,confirmed,
164,0x9AbDF3979aD54e194B51F13A849da75eAeCA7992,node14,361d230cb6e7b01825483d4e760e8871c05cf445e218bbb848dde012d9165e62,4,1791391604.6636972,1791391630.0455337,25.381836414337158,224,241970,confirmed,
165,0x004a1DF3200Beb9700dc0AA503C20376593E0f21,node00,06f00db2f7809de9ada6596752c3741dd1722f74ed75c342f8487162f1fd4c49,4,1791391604.6646628,1791391631.2652283,26.600565433502197,225,241970,confirmed,
166,0x9AFed6cB6Ca8609F05b847Af60A1f20be34b4a5c,node01,dbea71236466cfe66232b450c2ebfd0dca94a1b715cd5e13eaf381c0f52a5557,4,1791391604.665196,1791391633.092848,28.42765212059021,226,241970,confirmed,
167,0xfb191973548C144430B20656cADC615259f4420f,node02,064c3e754887190492af284c99593175e412da90e06baf04bbac24f1dfecc8da,4,1791391604.6683605,1791391634.640904,29.972543478012085,227,241970,confirmed,
168,0x757B8297edf2245872946191f37b2B46252CB42E,node03,fb7a983c68fb632d0b91ec019a8885f52381a1f657b3ff7fa49970e68881cbbd,4,1791391604.6725664,1791391607.9790773,3.3065109252929688,213,241970,confirmed,
169,0xa548b34d2509874fa53CC9A944e49be896E1c356,node04,8a5942d11a5e527b5e8a166997036131a68f85feae8714e556e2c753c4373c0d,4,1791391604.679703,1791391612.2473125,7.567609548568726,214,241970,confirmed,
170,0x844405279a2214c61F4B4647d0cADBea6227DB8f,node05,a91ec64d89e3d788bc74190b2b95be7dd1be0a12e2570b2156b32e0c872c24a7,4,1791391604.6818151,1791391612.3154066,7.633591413497925,215,241970,confirmed,
171,0x46b7F595F46FC00d9cD6EE30AC476F68A36c33E0,node06,670553a5f0c49e126c2db13d0da6790b0781aabc41e7d3d0b3514e2b8677a891,4,1791391604.6843154,1791391615.9070256,11.222710132598877,216,241970,confirmed,
172,0xC6B16A600Dc14f324C33ACE2D9D789b06aeEB201,node07,29d38af55145bf9e9684382bae36d745e451aa6eeb781ccbcdee70c22c5d0376,4,1791391604.6864512,1791391615.8552036,11.168752431869507,217,241970,confirmed,
173,0xA0905082018c0967E31f7F33CADd26B5c3b597EC,node08,fa889324feca93da7227dffa490f418375b1965853f40a3174e95006cd0922b1,4,1791391604.688134,1791391618.6231601,13.935026168823242,218,241970,confirmed,
174,0x043a23f802897c793cf1D3e5D148E7Ca4B186aff,node09,11497e57f21824f5149e81e18c2dc25953a64350292659a6d32ff6278b47028a,4,1791391604.694043,1791391618.7062163,14.012173414230347,219,241970,confirmed,
175,0xfEe3a4e31673449D73e9060698ed3868Cb8b813E,node10,2967ae39dfcfe3786d3e99ca28dc49e1e36182a094624c5e55f7b7b12148fdba,4,1791391604.6953642,1791391621.612649,16.917284727096558,220,241970,confirmed,
176,0x5E4165251B65545b96a99DF3E54CB0b275e00B20,node11,da6bc3b33b621c4073e95bec6c8ec87b12110b5c271cab8ada5cbb4f018bfecb,4,1791391604.6972291,1791391623.8945808,19.197351694107056,221,241970,confirmed,
177,0x8f3f6aEeD9369b8bB73e9B587faCcB469d3C53a2,node12,771e1223f9bbb80d3e927965af0dfe199ad9a4f3bf17ac8388990c0340789d7c,4,1791391604.7003238,1791391626.1150973,21.41477346420288,222,241970,confirmed,
178,0x9b9f7F5F8e7e3eC02C091EC5eC9801e19a858F53,node13,31b3cc5607f0e5d5f96a1942ca0d15b06c759d3adaee9369c7c33cd6173f63ea,4,1791391604.7018092,1791391628.14802,23.446210861206055,223,241970,confirmed,
179,0x866CB3303B3FBD31B7F475FD3463049e24119265,node14,2fb36f4670abaa4197c2c8fe2d35a4408ec8f35c793277e46ebc10acb86bad65,4,1791391604.704576,1791391630.0160918,25.31151580810547,224,241970,confirmed,
180,0x8195389b24F35CdC5275F8033a53D84C32f63821,node00,1a526733de48b0d866ea2606a917d624f1ae5cd0b4a9031e526264753e6e5080,4,1791391604.7054503,1791391631.2441022,26.538651943206787,225,241970,confirmed,
181,0xbdAf6a832787DEc23003b942CFd9c5aAB2637eC2,node01,7363f06a3379714998197cf15ab9d9214c2f082c405f0f48469bb433d3e9d8da,4,1791391604.708113,1791391633.166982,28.458868980407715,226,241970,confirmed,
182,0x31E2Bd0F66A016FCbdAD18B52EaA24927Bc81f57,node02,775067ac9e45f50689dacc2469ec28d5a960b565dbcfad8d4113c08ee82ed202,4,1791391604.7105117,1791391634.5656934,29.85518169403076,227,241970,confirmed,
183,0x0bA52fC1FC31a09E37E877F1BDEd0691Afa88C87,node03,e0d829a1f616ee22da5b8a0aa648684560b597cc08942e42f38a00aa0931f4e6,4,1791391604.7144594,1791391608.0455325,3.331073045730591,213,241970,confirmed,
184,0x71EfCbF5Cc2bd9047bd0b42f0488D086b6196F08,node04,4025b6a383410043176f06859496478aac4f1d0031bf6eb85a6312d1f07dae76,4,1791391604.716037,1791391612.3175716,7.601534605026245,214,241970,confirmed,
185,0xedA9B7991cC0CE760194a72247bDCE70e1A24c1F,node05,6fe45ccf4f529e17a3c4437fe41ed44e74a2fbdea8171759ad6ce15ab3affa6b,4,1791391604.7177796,1791391612.2732587,7.555479049682617,215,241970,confirmed,
186,0xAA6cD10d128a578bC19ad5e36C1Ed2e4657d03eB,node06,c04cfb6127ca02a70c25b8662f500864364553c06270bbe4d78a3da9d36e40b9,4,1791391604.7200966,1791391615.8436346,11.12353801727295,216,241970,confirmed,
187,0xC160bcCe3FcA2f156e9e806B9Cf3bEE2d163D886,node07,363875fe4c7ab7a438f72b8674a383807220aeb4eefd4e825cd4ee5e974a5ce6,4,1791391604.7263458,1791391615.9265113,11.200165510177612,217,241970,confirmed,
188,0x6fd167a8A3bd1B02D5e36C815c00D24985e9454e,node08,330501158a2c62798e8b85a69b86fb0800cf351faaa8134492df65c1ffac3633,4,1791391604.7279525,1791391619.1584935,14.430541038513184,218,241970,confirmed,
189,0x19897ae32Cfbc826566247Cc12424674d5B3b9e7,node09,8ff75c4759a850a10d406be27605c5a9ad1c9a06e17df2b18d45b684aed1db81,4,1791391604.7296162,1791391618.695164,13.965547800064087,219,241970,confirmed,
190,0x4D985e227c7E1C9EEEDfdCD894266f44816446f0,node10,19b8092a94083521966ae5bd00187febbd5dacd178eeb752b89b709916734a66,4,1791391604.7305572,1791391621.555253,16.824695825576782,220,241970,confirmed,
191,0xCA39f586dC15845eD24CC07176620Fa2178B5283,node11,65e7161b80469a9638050d0312845b31a38136f3bf16dd116537aa0bc110771d,4,1791391604.7354562,1791391623.9005556,19.165099382400513,221,241970,confirmed,
192,0xA96a22B81d3aBF896bd181164BDac6894121b348,node12,a10dd9d7912261913a3dcf3d255aff6c9fda02df7ff2a97ba14697af5d04397b,4,1791391604.7458034,1791391626.1659849,21.42018151283264,222,241970,confirmed,
193,0x50649530F70Bdf9961B486e6bA24D7D00eAf8B7b,node13,00a89d602e89ec8c4e2df476b0c989a4ac83984a75aa381a69df5ee28c4d8d0a,4,1791391604.7467668,1791391628.2121027,23.465335845947266,223,241970,confirmed,
194,0xC7fE462ccFbC215e0223fb8DA64Ee513AE77015e,node14,4a5d9faeb9ee07b464e9dd6a2d5f8333fcf1a3770dcd3dc6b43fd7cb4807e544,4,1791391604.7497718,1791391630.1173632,25.367591381072998,224,241970,confirmed,
195,0xCF17267B6aBF4fD2F5D63ffA709E853D5E2c35B0,node00,2fe591f695444fc188203495da4d597db8f2c195c9e4a9e6000b5dd1ee22b55a,4,1791391604.7519493,1791391631.263885,26.511935710906982,225,241970,confirmed,
196,0x9Ce10b71c575D0D49b917842Bc9B15Dd0408F3B4,node01,a4b892a3235ddba6288b8c7771b1c3212f413a1f168509e51dce67ec88e7ce0b,4,1791391604.7543328,1791391633.1560953,28.40176248550415,226,241970,confirmed,
197,0xA916dB06A9b12020dD8d0cD1DD7823C6E8460C02,node02,e2016a7da5517dd61e747cf94d5a03ff017f2599c268c01fc18d17fd1181259b,4,1791391604.758122,1791391634.5958571,29.837735176086426,227,241970,confirmed,
198,0x19fBD1EFFfD7E8f6738e4bbdDfB724BAA8d8D08F,node03,8648880a47f476689385de6dbd95df38fa48cd2722fd183c07d4e4e829849331,4,1791391604.7607486,1791391608.053722,3.292973279953003,213,241970,confirmed,
199,0xd38bdC1B0820468E15fBfDf8B7b473055D251E50,node04,cfd4cb83262eb6443ab067d7e9bf8edb2ffd490cb74a782cc70e782f26b9770e,4,1791391604.7648149,1791391612.4160774,7.651262521743774,214,241970,confirmed,
200,0x5e662d6AC75B1c18d0145fd48abEEc4032EfC948,node05,ccc6367708c1f13331948ad1309f1fdc07996b79444cef8f5ce4330f6d23970b,4,1791391604.7668872,1791391612.6007195,7.833832263946533,215,241970,confirmed,
201,0x18e4Cf223EB08b6A27D4b24C465428954C6bc8Ca,node06,2eb3054d06a05c8956cc9698079e84f8ea4ad7af071a32afe495dfa730445325,4,1791391604.7691092,1791391612.5190694,7.74996018409729,216,241970,confirmed,
202,0x85A6BB9C131C070f296A5440f469145FB71749b0,node07,35d2673b2cd25392e7c32a8c03b022694101baff736235578fe65a65830c20b9,4,1791391604.7715497,1791391615.9347413,11.163191556930542,217,241970,confirmed,
203,0x060Fc2B6c1038A1bbaB1a78A3B32586aFEA92291,node08,01e93dafa793e38feb355de18dc0e0e99cb90a3cc01ba28b2df3b35a1eed2c27,4,1791391604.7732606,1791391618.8281336,14.054872989654541,218,241970,confirmed,
204,0xAb076246E509b952f5ecDF99cfAdf0838984192f,node09,e7dcdf866ce284c131eea54f3f0d6f34d629fa4dc2c1d8529440ecc6f2370b1a,4,1791391604.7749097,1791391618.7634652,13.988555431365967,219,241970,confirmed,
205,0x76A4B918e940A4f42dfA327707DCA55e84B5aD1F,node10,6504e40c3ccbd6b5405faf76cdb237473dbb41ed5e9d659c3fae9d44659c0cc7,4,1791391604.7777846,1791391621.6232755,16.8454909324646,220,241970,confirmed,
206,0x7DE485c9a4FBa074bBefeC09326594F58c13E56e,node11,88f7073b85b7737ca52bd41eb4f20cd30fa71823f29189b744211b31da89b9e9,4,1791391604.7824385,1791391623.9427273,19.16028881072998,221,241970,confirmed,
207,0xEBE9ceB909ee23e2Af91781E9d70C3f4f425a505,node12,f59657886ba34e48fa1b870f6acb3f2bee655a516554e9fc58d4bb5085e919c9,4,1791391604.786486,1791391626.1465347,21.36004877090454,222,241970,confirmed,
208,0xaB738191AeEb79B9Af52E26c6Fe33dAF33E588cB,node13,3543d58560d55e971c0dcf562cb40175e39e93c6d7b50db775afc61b034afd93,4,1791391604.7874079,1791391628.2327166,23.445308685302734,223,241970,confirmed,
209,0x2D2225F2d8443D0f7C133cFCaCf0bFc90358A257,node14,ca755ebfda457a4ee97cfff785f4d164dfea53d05bb810bc4d9b6a8c4953f650,4,1791391604.7898462,1791391630.0386276,25.248781442642212,224,241970,confirmed,
210,0xA80470E2C3b6569FAEC16Ef4dD981C9b7BE28Fed,node00,38d425238a7010205cf739b05cc2e030adc4e7e97756fdae6505a02070ff8bd9,4,1791391604.7910292,1791391631.2577379,26.466708660125732,225,241970,confirmed,
211,0x65e7470f689f843f1c613aE786362DA6FF04cB3C,node01,34327fc30bcd75b762766c0f03ee8c81ce7a8a6c7cee46b1d848bcaa3ef8fb09,4,1791391604.7947383,1791391633.1169612,28.32222294807434,226,241970,confirmed,
212,0x3629549a386BE880BE9A8E26091E3E0225E36D37,node02,39ed00a65b0f41908cb075f341f1baf64b7a0f64dc8188390724fcc4d6807b02,4,1791391604.7972474,1791391634.5858977,29.788650274276733,227,241970,confirmed,
213,0xa672D70494B59009ea2507ad1D4a7964c76bAad8,node03,92f7ed4552a9ebdd9dbc86d4a6760b7ecc4e8589caf963726f3deef8ad030ca0,4,1791391604.7984655,1791391608.1046033,3.306137800216675,213,241970,confirmed,
214,0x72da839306D0c207F30Eab84737D11341e39D95A,node04,16e95a358711eff863dec8b49a2bece5387b46055f5f7f62f7971452026e4c62,4,1791391604.8000977,1791391612.592509,7.7924113273620605,214,241970,confirmed,
215,0x98555FFC41b7a04E0DEd1254b7a841337ed46200,node05,538c55eb1400e523ed9c5ab7d6b97660798b22f11396529f159551812a182ac1,4,1791391604.8025334,1791391612.3478234,7.545289993286133,215,241970,confirmed,
216,0x97b1bE91Fe0e6110E2461595da534e164888c870,node06,e3e0cc4aa0f5bcf32a472c82f27bb5a3c051590c767d6200243c20666eb76530,4,1791391604.8046072,1791391612.6900828,7.8854756355285645,216,241970,confirmed,
217,0x70758F62d345fe7d916F3205A5c00973b8Fa5094,node07,51ba92bdf75ac1de9ef9acf51b03e720eda13c0d057cce50fa4d15e37730a497,4,1791391604.8063965,1791391616.2106411,11.404244661331177,217,241970,confirmed,
218,0x8a60802BB1bfFa953D4910cC76cb5ce4e7F202B4,node08,853718f5cac0ac00618aa76819859f9f90e4c996423d7c0c05dc6357b72d5530,4,1791391604.8081114,1791391618.9173906,14.109279155731201,218,241970,confirmed,
219,0x3966825116dcB09496E4E7213A425B39CDC733AA,node09,b99870b6f71b0aa96c2ed597adde415689696a201b6b26bafe91a31651263cf6,4,1791391604.8098397,1791391618.8489342,14.0390944480896,219,241970,confirmed,
220,0xe6A442D9CCe3e43BbDe791342b72eef243475bF9,node10,b7a6bf0bcb5e4eaa7dff0b3ebe9b50c2bf719c0451ae6931cbb64f05707f6ef6,4,1791391604.824674,1791391621.6225188,16.797844886779785,220,241970,confirmed,
221,0xb54Cf239a6bC119958ff77345ed4251d7FD973DA,node11,0fb5bc065308dd2c44fddb2c8e0aa56fbecddc1916dc7914f10b36c3b10366d0,4,1791391604.830973,1791391624.0313618,19.20038890838623,221,241970,confirmed,
222,0x2A8A4eA9E74B6878678DB5364d62dAE75639EF42,node12,7a7bfd1e134fca051598723de9a4a48ac57d6c30bf76283cb0fdc94fd7f84f3c,4,1791391604.8336654,1791391626.1330044,21.299339056015015,222,241970,confirmed,
223,0x5f0850C245352d07E8F2B0B99Cac2d8B43835C69,node13,7a73170afcd30dfa847104d54ff95508bc3852876f32fe06e8fad05362f845f6,4,1791391604.8365083,1791391628.2341485,23.397640228271484,223,241970,confirmed,
224,0x28508F7Adc18c13698E7CFB7a9A46eb66fcb10f9,node14,602c9b2640d5064b4fe5ca25d0cdbb9ae1aa56300131daf3d1c4647a7ca9d471,4,1791391604.8389254,1791391630.0970974,25.258172035217285,224,241970,confirmed,
225,0x9Ce586090dBbDCA72f555a8f406F3C6f3FB41Bf3,node00,8a429efb47dd82610daea70ef4a84d219c62684aecdc5961463d7e543bb9debc,4,1791391604.8399427,1791391631.2417686,26.40182590484619,225,241970,confirmed,
226,0x983a22eC8edaBe48EBFE11c6F09b36eF51fFAFDf,node01,2f966fe5de72c6eb56381a81e23c881e28425c2c59e6d8fe82372a2175163acc,4,1791391604.8421366,1791391633.4227104,28.580573797225952,226,241970,confirmed,
227,0xA09B2E433C9C3613E29489Ea0fd3423dE29FE3E9,node02,f6ebfd454e4782bd13946b6277b5430ced2fbe839a21f2b27067854c481fc1b9,4,1791391604.8439279,1791391634.5930645,29.749136686325073,227,241970,confirmed,
228,0x46a40A7bbD2c194CF9ff4E8ac3729D5b22Bc4876,node03,ad43d2051eb2a608710de5df1578d2a48e61cb5a69c486992a17a9508833281e,4,1791391604.8503132,1791391608.1273675,3.2770543098449707,213,241970,confirmed,
229,0x612a12Eb26af69B38ac55FE460e19eC1543a3B10,node04,d114c51c59845ce17968a931f0840f4a32917f6fbb35e9109ba465c1c9e80621,4,1791391604.8541954,1791391612.6990848,7.844889402389526,214,241970,confirmed,
230,0x05fb6001806364d0D2d0f77baEd9551Bd7e67DC8,node05,ae09ddc814818923d0435b92f8585a68159dc1828b2f7ba6c8bdb7a7fdc2c4ac,4,1791391604.854782,1791391612.5549648,7.700182676315308,215,241970,confirmed,
231,0x2Dc4C2611926D0B4AAE97e9BC4e15Ef6c27f25D0,node06,58d4a61b49aff32fbcf6734d1da73ee78e6f56950dcfe4a4711e0b29237d0ad9,4,1791391604.8574383,1791391612.6086082,7.751169919967651,216,241970,confirmed,
232,0x6Db43117aB9D61B520aD8c025769e34E95682954,node07,37e43d6842e437e2a61f24fb2114c496dff8b68bc8d71baae3bb5231c4f83418,4,1791391604.8592377,1791391615.9190962,11.059858560562134,217,241970,confirmed,
233,0xdB24b599D31AFb6170DE579B218F564FE4b1E0D2,node08,559f9b53fc6c5b7d1183fdb3a110ced53a582b904ca1b348ebfcdd535b3437f2,4,1791391604.8614557,1791391619.0267594,14.165303707122803,218,241970,confirmed,
234,0x3e159F0Ba7601A384157D445e964117afb18C83c,node09,d6a78c395c16961120ee3c7ab477a62426171e36bf92a4f7eb0aa2d549cba343,4,1791391604.8641148,1791391618.8979194,14.033804655075073,219,241970,confirmed,
235,0xEe9874A2D94c7D16bC18D0BB695997C3A1de191a,node10,d24bc243778e8d332a8e963c6e34916f9098b96a6e7bd05b7f4c29d0ad20e2d9,4,1791391604.8663461,1791391621.6309152,16.76456904411316,220,241970,confirmed,
236,0xD28ce32D7a09B8c4f8d0BA3E0BdF98913D4f5B64,node11,2526ae0aa69e2b327a70de6dd657525aa91b1cface926fd7f7fce7f3f8f9f418,4,1791391604.8683705,1791391623.9726386,19.104268074035645,221,241970,confirmed,
237,0x44e374645b7dE2F4Fe31880aFa745A9Fd5c96584,node12,7486f936b280b74c9e11561ed7fa18d370c42338c0fabfca3385701dbbbe0508,4,1791391604.8698096,1791391626.219572,21.349762439727783,222,241970,confirmed,
238,0xc134220d21e6fbF1E9206Be78695B262BD6ECF55,node13,a371b431f712fa69552cf91a6e3785a9f3ef23b5e5d77dba302ddc3d62cdcb81,4,1791391604.871702,1791391628.2503984,23.37869644165039,223,241970,confirmed,
239,0x1e382C95B28C15Ec3B2632606a7d2660aAaDfC6a,node14,ef3f300c92800ccf3c3f3e863c496864e88ad42d6d674d912f3dda60f99fc00d,4,1791391604.8735967,1791391630.0994387,25.225841999053955,224,241970,confirmed,
240,0x2887771DADBb97559ac29Ee439F8aeb9707bd67f,node00,e3d4e63c28117138db18a2d4d91f48cd715656cdb57baca93db700a1cee0e843,4,1791391604.8755445,1791391631.2971482,26.421603679656982,225,241970,confirmed,
241,0x796b8bD32C59a638649285C0430b79Bb67966D17,node01,eb4ce47221dcac17fc6d2e6f0c340f7c53500a06005a1f4869438b201871b021,4,1791391604.878241,1791391633.1123948,28.234153747558594,226,241970,confirmed,
242,0x30939613B2fb63312cee6cFcA487F0d97BAab96B,node02,ac4b99689c06850068fbcaa8564d258891dd3fa7a2753514a54936e0fef87e06,4,1791391604.8797104,1791391634.6305575,29.750847101211548,227,241970,confirmed,
243,0xC3B2512BAcC98c43FA1d8aC12E0C7801fFfBf6e6,node03,429900fd83e669190f3c8649ef143c5247d815d81f7587f9bbd0e4e50f56bd5d,4,1791391604.8815246,1791391608.1592507,3.277726173400879,213,241970,confirmed,
244,0xC9b9C655c38A702B7a2650e913B3c41069Dd97d1,node04,b3974721a64d2f78095bbc7bfb3613051d7521d38babfb2ee979012860dc2b3e,4,1791391604.885718,1791391612.586656,7.700937986373901,214,241970,confirmed,
245,0xB9EdAb2b6Bd326907f71996b1d3abB15cc7AD6e4,node05,473bcd87e95b9c973a6680a8df2035a34edee50570f4c1386c1ff3f70191b8fe,4,1791391604.88719,1791391612.9215765,8.034386396408081,215,241970,confirmed,
246,0x52368AE61F567e3ED786D22B3e76e48260C3f9B6,node06,0b1dd4e2a5059d1491e34260b383f203d0554c1eb52f4d56f935f922377bb8d8,4,1791391604.8891687,1791391612.449193,7.560024261474609,216,241970,confirmed,
247,0x0877273baBdf0C8888b92Df817eC5d831F4d2281,node07,ec6e8aa423b52b1387a35fb1e002694869024a40e9d86b71f6f176409f31f0a7,4,1791391604.8908713,1791391616.0200982,11.129226922988892,217,241970,confirmed,
248,0xf08e0802EDA979A0dBbE01b32f855aA8Cd004557,node08,c000f9a94360fe1c8616cb75c39bfbfb6259b74883fdf1cce2870e855cfa0e8f,4,1791391604.892432,1791391619.0917673,14.19933533668518,218,241970,confirmed,
249,0xD19542D5D858f459cCd61B262afe4F798c071aD8,node09,ef131e8a8f36b91510f7bdc224118ff0c2b9a638b4199c2f897e9372fb145b8e,4,1791391604.8947875,1791391618.9585993,14.063811779022217,219,241970,confirmed,
250,0x094700761f98aFfFB36f146f0404a094Fa5d11b4,node10,1d7e1ee9e5f9743ffc6538657d75ad8bcaba1ade5e181fbae63de049a88bc45c,4,1791391604.8974183,1791391621.6907833,16.793365001678467,220,241970,confirmed,
251,0xDD7F50Ffb7A58E8e5D5c0aA0A777A4e97a31b8dd,node11,d6ae76db000b6015e2bb6e1225c965de98c1e19f8fbd70588878da4450a6d6b2,4,1791391604.9007401,1791391624.2822611,19.381520986557007,221,241970,confirmed,
252,0xBE1671c792d3d80518f41d083eCFC59cB168D807,node12,1be31dc580959dfe175b2c81392a97d8235356f0c178c3688d945e3e3f80ded4,4,1791391604.9027288,1791391626.184924,21.28219509124756,222,241970,confirmed,
253,0x003C759473F5F258a69Ac418BeEcF1e6bEC7f505,node13,0abcddc075fab95bcb65aa06cd36aad97d8b8ff4ea149f08dcf4805cdd7e109c,4,1791391604.9042277,1791391628.2543366,23.350108861923218,223,241970,confirmed,
254,0xd9fE3e010cBF5BE19208aba616126D308adf8Dc6,node14,cf1edf71a2acb432fd4e61fd52e9a33b8b0d4b51b11633e9117a8ad708c4321a,4,1791391604.9067304,1791391630.077369,25.17063856124878,224,241970,confirmed,
255,0x961C9566e5Eafa2dE3D1bFE80aC25a4aa18c1c2a,node00,55d06d015f4133f0f6b66ec2035e6f8bd086da8172bcad9d1e05f0fdad254028,4,1791391604.9081566,1791391631.402148,26.493991374969482,225,241970,confirmed,
256,0xD8743D370fc9C30F633852c7a30fd91DB238f3AD,node01,0bee78ac111b123dd8e59394e301498e707b96c160712aba40df0c45ad216032,4,1791391604.9096897,1791391633.1233618,28.213672161102295,226,241970,confirmed,
257,0x21620430e86178276c8c00784bB43C38CA3eca07,node02,532203979bfdf30bf5ce197f850ea9c95f853b11e16b41edb84766f6a579f1aa,4,1791391604.9123976,1791391634.9012074,29.988809823989868,227,241970,confirmed,
258,0x83B7Acf3a8fA83b807b61bfBfeA34357A918ecfB,node03,3ca88cf77bed53d43907a302517ea42062459681e98ee07f6c529f68a753f67d,4,1791391604.9141629,1791391608.2431862,3.3290233612060547,213,241970,confirmed,
259,0xA92c753134E050Bbad8567Ff1B4236E163fD21ab,node04,527cebbab02d44a4634f906c3025860ea9992fc472702ce81fe801676b591455,4,1791391604.91593,1791391612.693812,7.777881860733032,214,241970,confirmed,
260,0x9586AcA437939547b62327dB20c016922a1CcbdD,node05,fc71914db3f36a1c65f47a51e146398c0bf1b9ae4633e10b4e59d535a9ac82e4,4,1791391604.917973,1791391612.6483228,7.730349779129028,215,241970,confirmed,
261,0x3072c8752f6A591FA4DcB40Ac7d9ffBde4584CCF,node06,c7605a04f10d6a733b77cfcd02af3b0b30735880426cb5aee526d2b73484af65,4,1791391604.920156,1791391612.7097776,7.789621591567993,216,241970,confirmed,
262,0x5198B0894EB2EA12DC55528a151Fb3A24b3c406b,node07,f6a11b657a6e3d8d7002640e03e77cd3840dea326ac2e0033fe433b82d295bfa,4,1791391604.9314442,1791391616.1126966,11.181252479553223,217,241970,confirmed,
263,0x4e62Ce5A706924799095C76A3f44B7B58E6E2739,node08,d0cb702b6a1ca0e9868ca913c52749af627779bfec058d8a3a59d359284e2b43,4,1791391604.9345407,1791391619.2953138,14.360773086547852,218,241970,confirmed,
264,0xFbdDF53a759733e8c14F604Be34Cb7Dd613FCE07,node09,a21ace7637952979f0d8dde481aa042903ec4f08469ad257f1191b85ca196e3d,4,1791391604.935783,1791391619.2567306,14.320947647094727,219,241970,confirmed,
265,0x19aB14e1A9c6A40bc6E321482d63c06880e4775c,node10,15e3ef9ef0b66eb3a2f7448420842f72c47cb05727ba39ed897efd865adac972,4,1791391604.9382453,1791391621.7273953,16.78914999961853,220,241970,confirmed,
266,0x7D4Af1F2ba0bAE3F512CF646151f75F8F61cC231,node11,fa6dcc9e065710773a1337648fbab5942f0c452786577c999bc61550c9e1a44e,4,1791391604.9395938,1791391624.0865946,19.147000789642334,221,241970,confirmed,
267,0x38D5d5c41309cb86cF63332FeA30aABc8dAC82EA,node12,3a60e506991c76f4ff75ee76534bce20577524cb273c3494acd44c1813730442,4,1791391604.9437346,1791391626.2005858,21.256851196289062,222,241970,confirmed,
268,0xf57032FF944443a45488EE4EB3F0f1B9ef507126,node13,452236e7f0e5cfc7e664c263cb7e3d729d9764fae091cb4caf529ceade313ccc,4,1791391604.9448411,1791391628.2679868,23.323145627975464,223,241970,confirmed,
269,0xcb90f33F0B30c7764976ce8D93bD29034872fFdC,node14,a3f1d4d175db4435c41d40f3dc5c41d9f34b6cb645dcf8192bbde751f9a4758d,4,1791391604.9462404,1791391630.0840118,25.137771368026733,224,241970,confirmed,
270,0xd7ab499B694EC3AEDB52Faf036d4f139BF0160af,node00,fbbb55ca70b437099736b04677f573e888390a7a7ba891405b63de59f614c811,4,1791391604.9491687,1791391631.3134317,26.36426305770874,225,241970,confirmed,
271,0xAd7845201E8165FA4fa2E7BAa2e22d1faFd76356,node01,d8a9fc9fb871c781eca17d7b65c5cfbf67e123f3540d167dfa68f8aa3e9c08a0,4,1791391604.9526923,1791391633.2390609,28.28636860847473,226,241970,confirmed,
272,0x480cF3651CC773A3ab0b9Eed153C1822F70421ea,node02,76cee938ab250034852c048b16a0370bed27b9240b47cd6b9fdbd4055837729b,4,1791391604.9553237,1791391634.613186,29.657862186431885,227,241970,confirmed,
273,0x1D1b1C5Feebc841A4749a71a8422fE8822EA0024,node03,ce213742ab2a4088683927ee5965db2b1b574f93f06a30c4f7ffe51bb83e06c6,4,1791391604.9575486,1791391608.22314,3.2655913829803467,213,241970,confirmed,
274,0xD7758e9CB8263821557bC238e927CF4422720B6d,node04,0d6ac6d89022c26448afca1f3f47ecda9771dd8e3e4dff0afed47f24226ab1f7,4,1791391604.9582934,1791391612.6800873,7.72179388999939,214,241970,confirmed,
275,0x53D0a9871696BCd58aC89Aa948cE03FA2E9eBF67,node05,a29c5178c81af77294659f0608a3230272b4ad5a4012f34a4c4bda6de74a7e71,4,1791391604.9603484,1791391612.8780596,7.91771125793457,215,241970,confirmed,
276,0x869cCF4dbbAa5E9493FB78eF92CdB81EFf5785D3,node06,28fd8f7d2ffff91adbfe48e2d59508658bd8169c15d42ad5dbcc9dd8ce23f21d,4,1791391604.9636347,1791391612.9334736,7.969838857650757,216,241970,confirmed,
277,0xb8434B74fBC522562bDcF1A41392388601ECf411,node07,a6582852b6f198eb8a8334a7dadc7fc0a7b8e814919b98f512df39cd3a8debbb,4,1791391604.9651883,1791391616.0996413,11.134453058242798,217,241970,confirmed,
278,0x9C79cb249Ae39dB9938d9607B07E4d636BF0E379,node08,ae25c3aa2f27ccf90b6b160aabbdc9842e836438ff60dbf91865abcc872f47a1,4,1791391604.9671094,1791391619.278697,14.311587572097778,218,241970,confirmed,
279,0x5EdC7370D5076f8017241F4963B31B26f7a3ddA2,node09,8e9b75b3acd33b7c63782201b421e91b970fc4c9fdee3e6108fa971c7c154991,4,1791391604.9701648,1791391619.2767649,14.306600093841553,219,241970,confirmed,
280,0xc3Ea258c56076Df41475c784F3C4a7553edc6E7b,node10,d898dfbc580fd6900c151384c7d3a41d0963dc8e2aedbbb71ff1a2b263d2275b,4,1791391604.9727597,1791391621.676156,16.703396320343018,220,241970,confirmed,
281,0x23C79B9439F7fF8c21E0D64A156ab795d34be0Db,node11,8f486a2a7d92ab95ecdf3ba0296ad9edf50f82ba3b74ee7fd9cb716830b6f9b8,4,1791391604.9746945,1791391624.0264993,19.051804780960083,221,241970,confirmed,
282,0xf24e5C13DE3719588773A3b4E98f8c4c222F789C,node12,cca696e6ebafda98959a4b17df2a865832b60883f67e4fbc5a59a9e00baa6574,4,1791391604.9792535,1791391626.1620545,21.182801008224487,222,241970,confirmed,
283,0x408151458Fa57b27cE152417DB49433289b4b366,node13,3bdda0ed1d5048770de5d87368dbc48f5ada4dbad77a473e461797cdf22d17f2,4,1791391604.9828577,1791391628.3016288,23.31877112388611,223,241970,confirmed,
284,0x5fFA7Bd8bbcc7412f3813519102504bed138A22d,node14,08bde104419d8b334a689554eb731813640ddfcef746f5d03c305c9cdbb1fe4f,4,1791391604.9853528,1791391628.3508766,23.36552381515503,224,241970,confirmed,
285,0xaE5119455006b2A7ED3CDa969DEFa6D0431BE093,node00,3d989baf9ffb37c0477f58825906aab9fe6b47055031cad3ab32e7e57bd83fb1,4,1791391604.9871774,1791391631.2871895,26.30001211166382,225,241970,confirmed,
286,0x7BD712Fd6800EFeaD99287bb9E6E7b210b2075fE,node01,6dcb7d4ee0a5793a4ce4bd2fb340978ae80e6ee10775810c6aeba11d3757bc05,4,1791391604.9908197,1791391633.1466084,28.15578866004944,226,241970,confirmed,
287,0xB66E163d4D6A1E29Bbea793991826a09ED735049,node02,4186a5b2ac3217a419d0474d042fd4522592b7b915f2a4b2e64588afdde20b7e,4,1791391604.9920535,1791391634.6506145,29.65856099128723,227,241970,confirmed,
288,0xa7299dc6582091C4b489677CEC4aDe4EF0Be8680,node03,e26f5634fcd4f95f32fa73c9137645f5683e95a6630aa8ee28363d9b23158417,4,1791391604.9965022,1791391636.189044,31.19254183769226,228,241970,confirmed,
289,0x8Ee52578e34e0532E76656f0eae7c14edA0a67E5,node04,07d1fcd2b129bebae4bbcaf1b2dff5ffb76bdaa761d69da3f1ee792efbdab9ba,4,1791391604.9989994,1791391613.0039797,8.004980325698853,214,241970,confirmed,
290,0x683DeC0A663112726E62E784bcd03e0a97d0f98b,node05,17ddeacd69d3d678df1a51f664239cfe70937e8985b942738cd960fee2f336f3,4,1791391605.001215,1791391612.85175,7.850534915924072,215,241970,confirmed,
291,0x6a8dbA6f9F27FBC7749f12c1559F92D9Bd16eEC4,node06,7e398bb0c9ff52ca361cfff1927d941a6f48ede14e7d0d675fb876acac056b59,4,1791391605.0038772,1791391612.7944298,7.790552616119385,216,241970,confirmed,
292,0xe7ac2B1CEf50de1B9ca7882A89E7F5cFc454187f,node07,de44c5f3471b8c1aa2e45d391d8d0120ea69af0ff30f4ac4954158081114a11f,4,1791391605.0118186,1791391616.242728,11.23090934753418,217,241970,confirmed,
293,0x50f4454f0B4C90b1488fc44ab43712647885eaA5,node08,dda1f20ccba588a3cb099b91ea57d3844b2b68dcc987bb23d96a48528f854422,4,1791391605.0134788,1791391619.2320879,14.218609094619751,218,241970,confirmed,
294,0x7E95095916eB4F491c1Fc0F7880C3d67316AFEf1,node09,7af44f84292640a614b67a027a4f515ef27f57cc1185f66dc49bd70466f6c1ac,4,1791391605.0158265,1791391619.1406336,14.124807119369507,219,241970,confirmed,
295,0xF1B229c689Ea51b834276EaD44a234E6f181A8c9,node10,b593ffbbf7c6eef5b287e436f6ebcea1c341545ae0748eca89db6a39764c748d,4,1791391605.0194545,1791391621.6646807,16.64522624015808,220,241970,confirmed,
296,0x211f1e2da73Acd3DAC7cF153B2b019d46673987a,node11,8683d595c74340e531f4cb0b5d7f995f96f30d0d23e4ec4baf123bb4e9feaa47,4,1791391605.0211759,1791391624.192137,19.170961141586304,221,241970,confirmed,
297,0x7F50936A1f2906610c1cf14C13821C89B0dCac08,node12,af223bf5cdc96aca732c934ad6c9f7c488102fe176b659aec867a9fad0046f4d,4,1791391605.0247662,1791391626.2317681,21.20700192451477,222,241970,confirmed,
298,0xE061CFCA43cd43Eb691f29FCeB389080E88ef89e,node13,a2ea0b1fc0a08c30a35f5539400d7449606a65df65bffa9ad7fc7bcfa3eb4981,4,1791391605.026795,1791391628.3308547,23.304059743881226,223,241970,confirmed,
299,0x7eD667c8cF68a8343c9665214D75b337c00b0b39,node14,4c05d942d86ee54befb993b153566977c4fcf50f87a743d63953e2a732f3f1b4,4,1791391605.0308702,1791391630.1527116,25.121841430664062,224,241970,confirmed,
300,0xE99921D18e05501c0615072a5a8232c335742A02,node00,70b7b5cad92c8ce1bf3b28597baf789e553886115b7915d5b6257a0dee50ec7b,4,1791391605.0328646,1791391631.3175516,26.284687042236328,225,241970,confirmed,
301,0x6C1A5fb2da79cD6c6Db37F6d3c7E407064C5CFc7,node01,840a911fc139cc6b382bc87835e6e4760308c182dce1ca50a562adcf280cddda,4,1791391605.0339465,1791391633.163279,28.129332542419434,226,241970,confirmed,
302,0x3B819d1D3E8Cd393174F63381fd8487737e8EE9f,node02,6c95adf9e20c0ec85b1bf5ff06d6898f28dcb0213eb77024c30c3f1bde69133b,4,1791391605.040451,1791391634.6482112,29.607760190963745,227,241970,confirmed,
303,0x8297cf1c03b25b08853984ad83755149F38E794B,node03,42bdc073e611dc6ae323456d3c3d9ab3d14cc081021af81c1d04994debc759ba,4,1791391605.0422652,1791391636.2448921,31.202626943588257,228,241970,confirmed,
304,0x9e0a885b8b77c922c5d372595d4Ffb80ADA62146,node04,b435c7398ecfaf6b12b8de6437acf117f51b7ad7275af90df512f1a2d41b4415,4,1791391605.044742,1791391608.2936952,3.248953104019165,214,241970,confirmed,
305,0xB3055A10b0f62f189b0B2D64265ad8a38aD718b0,node05,73a3d78b6a84aae09f72dad780c03f703166561dae3fd99c8bd8de25a11e2b6d,4,1791391605.047508,1791391612.8922985,7.844790458679199,215,241970,confirmed,
306,0x3603a39fB247C928cF7233fC5ccB0E73c41a7ab6,node06,fa56249955b00b076ef9b97b865f83bc9bfd056f0af7a5f8baf089614f6ed3d7,4,1791391605.0503612,1791391612.8761663,7.825805187225342,216,241970,confirmed,
307,0x99Af721b730Ef19A1E54056C61234EF8515379F0,node07,11c181b8c731b9ad15ddc417962103522b9b6b93f9ec9aea7ad3870fac5c2b91,4,1791391605.0532029,1791391616.1942852,11.141082286834717,217,241970,confirmed,
308,0xfB7f01f6806F030bc53E310758944E8eDC996D7a,node08,4a020b97e555b13d04834b9236eea6ec08f6c3d646bf9d7bcacf6b1350455975,4,1791391605.058259,1791391619.3714316,14.313172578811646,218,241970,confirmed,
309,0x2BBb4f0dcb53B6e0f3fb10D0f4ad087C0e3d9581,node09,c89f7106cfefbc141a1beeb1ceacc8720b005e0945c96dc3a3fd808114211658,4,1791391605.0601628,1791391619.310653,14.250490188598633,219,241970,confirmed,
310,0xc2134111Fc90DDf748986F57517FbBcda2C09a95,node10,6aad6d8ba43e9812a8cf4c219d8f88aa0468f1dc2752cc21316b06d1067d24ab,4,1791391605.061706,1791391621.7186458,16.65693974494934,220,241970,confirmed,
311,0x54a03A957b2c784160F890577d1c538F9DF6fB27,node11,4c36d2c184c9ca9392436b859945515a94a94a38002c5d062ea11ae44b06b583,4,1791391605.0631177,1791391624.1911287,19.128010988235474,221,241970,confirmed,
312,0xd90Baff359932b2E2A77774D4873737588621047,node12,6f75242ca26c8db99820b097f7f8326a358e60e833964b0746e4a7ace4b9094c,4,1791391605.068708,1791391626.2745616,21.205853700637817,222,241970,confirmed,
313,0xB2679EA928EAD9A9989a1F0cFd39BC2116D3eC65,node13,7cc428ff85cd30fd8df288598e091b6e456149c241877e25151e9a81681c33e6,4,1791391605.0694926,1791391628.4228818,23.353389263153076,223,241970,confirmed,
314,0x69906772269ed83d507Bd34d530bc5bA84F68944,node14,39c83c7c5b7fc07492a5174dcb25e249f4648f9e9df6952610e7dea4a29b0540,4,1791391605.0749042,1791391630.1549704,25.080066204071045,224,241970,confirmed,
315,0x665Cdc6F80947b33B7A310606d3d134f431F8c05,node00,369d87a680d84e9abaa21de97ce573611f38a693e6d1632f0375be39311d6188,4,1791391605.0800047,1791391631.2813025,26.201297760009766,225,241970,confirmed,
316,0x623C5794DB39C0919aE15EC7128AFE28836D501f,node01,11abc31add0a7060e50d34fd8857059334eafe1936e5b39e3e5daaa3cee83125,4,1791391605.081589,1791391633.3199725,28.238383531570435,226,241970,confirmed,
317,0x79b76790c7c4af2dFa40342352Dc3Ab46850F563,node02,fd246a571613e7b5be51f92370a723869c5c3e06d97ed3346c2ad73448f72fad,4,1791391605.086524,1791391634.7032921,29.61676812171936,227,241970,confirmed,
318,0x4f3B0F13c2130D0461FD680B7b0C4145eF8b68F3,node03,72d2c7ee66295a5a7c100bbb9439f436574901dc07fb8329e81aaa6d945325cf,4,1791391605.0889952,1791391636.2749271,31.18593192100525,228,241970,confirmed,
319,0xf5F765cA2E9F6DD7Af4E403AF70bba3B7A7CeecA,node04,f7573f56b8ac08ae2ea17069bbe9f8ad4ba312ff456e1e440321a6d7c776e19e,4,1791391605.0896673,1791391608.3852,3.295532703399658,214,241970,confirmed,
320,0x32493da2632C95e53B5605Ab76F51710405a5088,node05,02252408f72c95a0ae96621a7a0ac871ab39b3229405be864063f341eb1f9fb9,4,1791391605.091201,1791391613.086295,7.995093822479248,215,241970,confirmed,
321,0x14f94e019F6A86Ff72af9213FE8E758580dF44EB,node06,8abeb39af633cbd81e589c9dbcfaea9d25140ab16f7a8f4787c46a2a2ce2f900,4,1791391605.0925791,1791391612.8417592,7.74918007850647,216,241970,confirmed,
322,0xD7b3E92Ec5dd0BCFA96FB4eB138721143Ce871e2,node07,92b4969832f7f2060b9dd8dce57723f0e4e9d1d2fc6f52ef749f13a072865591,4,1791391605.0971158,1791391616.1648414,11.067725658416748,217,241970,confirmed,
323,0xb5a9b35945D96f701Df18068126f7C3efa0d7DDb,node08,08b6d9a8d3551cafd56869b1d74844b96679903738819ced2ab4f7370939e02c,4,1791391605.099351,1791391619.485388,14.386037111282349,218,241970,confirmed,
324,0xd0b61081125524531a47dd38E55cc47515037c3B,node09,ea45adf488513a790697da112d008236eef3525ec2631f64c3f8aee87a1ae951,4,1791391605.1001012,1791391619.5783699,14.47826862335205,219,241970,confirmed,
325,0xad30D3CF43CD8423Ad2E7e56a7A8593E0fC880F7,node10,b2df4d8c8101642ad61f3403b679152a1b0a15ae0ed121a666591ac0fbe2d6a7,4,1791391605.1013012,1791391621.7754095,16.674108266830444,220,241970,confirmed,
326,0xb6Ab5Aa7e3BBe5Be7c119a7768caf414460cde1a,node11,122154a0d7dd15efdaa77a748b759c72ef67b8b90974b788c8d10b29aa99523a,4,1791391605.114152,1791391624.112497,18.998345136642456,221,241970,confirmed,
327,0x0CeaddfC77F9F0757898192a8F69132a2ebBA829,node12,03280911f35f07bbeb015fafa5c1bb87d08e4a68f1e896ae43b705ceb0d34137,4,1791391605.116505,1791391626.3550704,21.23856544494629,222,241970,confirmed,
328,0xBfD1EbF5D626f26aeEcaC67aBade51C471b2C117,node13,c4af0b700849b189bd273dc68ccd4931c6080f22b7b7940c2155f440d49b38c9,4,1791391605.1182935,1791391628.3285503,23.210256814956665,223,241970,confirmed,
329,0xA403516228197D45aA6Ee78371E61274f4f7159e,node14,ba154fd2610d4e87de4e98179611ee5a8768cc6447be50ff3e45922e164f170f,4,1791391605.122044,1791391628.386939,23.26489496231079,224,241970,confirmed,
330,0x2Cd20B2944541466F2C3703c8aB1e06F290EAa5F,node00,fd1bb94c1b5bfeb1e4fcf3aed7c4aa83ce45bd6aa713a8664a3bdb03ad241244,4,1791391605.1283774,1791391631.4839115,26.355534076690674,225,241970,confirmed,
331,0x4Bcc8daD4A4ce56d16cB7A798D6ACc6EfeA78b68,node01,3087e106cf3933dba1625a8faeaacd1fcf0cb88180843bc96da034624172ec54,4,1791391605.133237,1791391633.2897975,28.15656065940857,226,241970,confirmed,
332,0x78dD85D5010E2928b9A6f96c83267A7DB7bf3BF2,node02,92010c25d4c32c004c2d3185172e86e2b8cf089880fe31388392223d676c19c0,4,1791391605.1365547,1791391634.6565762,29.520021438598633,227,241970,confirmed,
333,0x959ee6fb46d4E73511cD098677a30ad61826e0de,node03,c2663c3bfb48cda28710a5131551ccc93e50679b1c3a74d098b5b7d868856d21,4,1791391605.140414,1791391636.305443,31.165029048919678,228,241970,confirmed,
334,0xfA4Aee45F8616eFDF2f39B0F9D0Ea8FAe0c31b52,node04,e9dd219157cfdd6c2ddd905563c982075b53b70945a57c03f34a2d80e21bbaac,4,1791391605.1434252,1791391608.5026104,3.359185218811035,214,241970,confirmed,
335,0x21520Fe20947DCF9AcB99BF412D156212A6891d3,node05,06c24fadf070a99ff566d5dfa47bcede9ce06cf78f5c00d7cdb18962cf9ac786,4,1791391605.1465123,1791391612.957435,7.810922622680664,215,241970,confirmed,
336,0xE588318539Bbd6355aFF730e955a90B6206bdB3A,node06,e5c2d534c4bc3e592da8f4f43ac99281e6453328d2cbc3d2359528b51e2cae80,4,1791391605.1479642,1791391612.9285574,7.780593156814575,216,241970,confirmed,
337,0x0F9563828C49cA708Ef0f759e6708a8CCB8529F2,node07,ad87756b1e8bb4cd8c1f047c3eb0f9707a59bb74b57ba812fd706660cb83ea94,4,1791391605.1502523,1791391616.2392294,11.088977098464966,217,241970,confirmed,
338,0x0856750E10325fE6739938143c686cCC4AEaD7ED,node08,3756544274422d98746e1ed205913da895e3467b9a3ca204130d2c0e15ebcdd8,4,1791391605.1537774,1791391619.3032794,14.149502038955688,218,241970,confirmed,
339,0x8422D59183233C45583fD159f2BA48C27562273C,node09,48aa57376234bc04eaf8b1020f872ea433e2af9cf7d473e1bfb3e7ed6bfc3bd8,4,1791391605.1560946,1791391619.544979,14.388884544372559,219,241970,confirmed,
340,0x786e5EEfBe26993656CdE6172113777639D71ee7,node10,2d1f10fb2a616d204f8bd185efdf3eef61b1c091590b312331f227adf6e4b117,4,1791391605.1568098,1791391621.7617297,16.604919910430908,220,241970,confirmed,
341,0x998580C635EAf71abF37168Cf615A4a4e3628452,node11,20b2a6dfa2e30e4f31af751ac5bbfc2f87ca2162fcceb591264270f731326244,4,1791391605.1596186,1791391624.1679082,19.008289575576782,221,241970,confirmed,
342,0xa86b9D03892C586F6998cf8952429ae8b42d2324,node12,d3123f03b9ec111f3004d9c91ad77e33879467381db60fd2208553b7a5dcee8f,4,1791391605.1612537,1791391626.3158393,21.154585599899292,222,241970,confirmed,
343,0xE3FBA8f2023442845139B79bf75e5bec8310d545,node13,d8d033e2b445d907c49e6ec5da3b20e4e992e5c6f23d7027455fa668c1349c15,4,1791391605.1697533,1791391628.355372,23.18561863899231,223,241970,confirmed,
344,0x5a461DeC7B790ecE5A28b42e739358F970012474,node14,97baa103699af479bc0b26e3ff2af396fe0058f0be44fc9a71a972bcf13f0be8,4,1791391605.1784978,1791391628.5187595,23.340261697769165,224,241970,confirmed,
345,0xaE61023F3647Bc7246989E00001698e8AB28Cf90,node00,76e3168a6339080be809b45e7618d5b7e63d1d603bffc0d9e468222377e4ff16,4,1791391605.1809351,1791391631.4326665,26.251731395721436,225,241970,confirmed,
346,0x347D5289C07dFf9C7FBc90128ba9316e66fB57f0,node01,4b640c902b525254aa9549514a002bc5029d7c4864d40804085c8c646666b7fb,4,1791391605.1847775,1791391633.275303,28.09052538871765,226,241970,confirmed,
347,0x04A2bd97427d66e3D28E21de656eF8e68293E701,node02,34b7c1de681f7069271345d23c202e2a9b8b963a66c574922299c3e8cc71c744,4,1791391605.1868703,1791391634.6439357,29.45706534385681,227,241970,confirmed,
348,0x9D689255E50C64b74814843D24f87853d734966c,node03,c87355a1154a687320690e44f68dbb02b1cf9615fc527a2189b295c832e54b31,4,1791391605.1895423,1791391636.360939,31.171396732330322,228,241970,confirmed,
349,0x93ef055C08f1103837e499f2F070aa9508690b32,node04,df91a6f6aaafe0bb4cddea21967949ae669404938fe57781867cd12957d9b61a,4,1791391605.191061,1791391608.6836789,3.4926178455352783,214,241970,confirmed,
350,0xE5FF7bf776bAD7b8Cd30D978475a043d55A8D51f,node05,8381801a8c3af725367b7910bf0a0091c380b39ba49f2a1e72445d3bcbc809e1,4,1791391605.1937053,1791391612.943418,7.749712705612183,215,241970,confirmed,
351,0x94727Fa2b48255E04601Fb9b06988Ce884f7B8C3,node06,b99f1f085722652e75e645749681287c6235b1ace8d6e9008129854678da36b4,4,1791391605.197647,1791391613.3322885,8.134641408920288,216,241970,confirmed,
352,0xe99AAF459bc4B266063f43Bd120A2C4df59C9340,node07,8b5f6a4d38faa09dfa4a1215b4a4d0ba1d3c30b257c16a2c5336443851cc623f,4,1791391605.1982937,1791391616.3351967,11.136903047561646,217,241970,confirmed,
353,0x0280FC961Eb3Edf52410A5B887A3511d02519c3E,node08,e5dca717951f7b60bbe2d1030e1332d938902dfaad109756d20c6bfbce0a15f8,4,1791391605.200357,1791391619.5126474,14.31229043006897,218,241970,confirmed,
354,0x26D6179bE099527B28c501C74e492c8C6061D090,node09,f8629a28f63ccba52770574a89746716346b9a1dc524f6021cc2ce7e57ab0f08,4,1791391605.2021577,1791391619.461632,14.259474277496338,219,241970,confirmed,
355,0x56A445d0c78d48127d7DBD2D2a31b76F12DdC120,node10,960549763962640fddaaf7941d9ffa5bf1a8fab1a88d1e45d30622a618cb76e1,4,1791391605.2038934,1791391621.8080132,16.604119777679443,220,241970,confirmed,
356,0xECd8ea85293Bc91154FC9d4Eb741F0441Cb2d7C6,node11,3e0cdf97ba926dfd971b35e62bf9112ce4a2fa7b6fc5192e2f5aebd64c69a642,4,1791391605.2054143,1791391624.184526,18.979111671447754,221,241970,confirmed,
357,0xeb9EBA5008893751862ba4F0EC2a9fE0B37e8e08,node12,649c2daae8d81274a173c62a16025a4e983c4943091c59b0fd7c82dbbe0b99cd,4,1791391605.207132,1791391626.3208025,21.113670349121094,222,241970,confirmed,
358,0xC8D6e8735cf674f9e65B711Fe643105e1d730E64,node13,fd00a77b888bd85db90eb87704aa8c66b2f5485ccc86558612899a38064529ad,4,1791391605.2098927,1791391628.3719983,23.162105560302734,223,241970,confirmed,
359,0xaFA7A9aae08Ff5C49a62368691dF04f77CbAcEa8,node14,bf68cabe0e8a1e311c8f33abb96ee91a5553926840a5f705ea2a710f258c91aa,4,1791391605.2161283,1791391628.376757,23.1606285572052,224,241970,confirmed,
360,0x48CfC2275352492235FA7a1936b0E1ea86c7f3A0,node00,a647bd2d23db860127400e9ae040ec51bac5568b1e585db370432bdb22fdf775,4,1791391605.2175732,1791391631.353036,26.135462760925293,225,241970,confirmed,
361,0x8cA963615431D409B9EDA314dfDb6526136FF7c6,node01,dc3f8e5ab96b0a43c4934daffdc8aeddf4161ff158933038f6a675c700d38f05,4,1791391605.2204623,1791391633.235001,28.014538764953613,226,241970,confirmed,
362,0x1f7F48BB22Af3dc7c205526073af06E37b90d0a1,node02,3b3bdb3a5c7cbd9e8f2523b34fa5906f576f9cca7e1f78712bb588259457a706,4,1791391605.2216983,1791391634.639007,29.417308807373047,227,241970,confirmed,
363,0x6CC71bC48654A0C0762443AE658440CD062B2c5B,node03,ff74f6e1786e04ada46942d452da81977e1a57ba2616caff1ac01be437135ad5,4,1791391605.2227635,1791391636.2869942,31.0642306804657,228,241970,confirmed,
364,0x3ace4a3BAC1AB6AF2923E94EdE9DE2D579bFa149,node04,757622dfb6adfc8dc98beec8cfa7b8364604924201aa62a891d7d0ca11ee0ef8,4,1791391605.2256334,1791391608.8274899,3.6018564701080322,214,241970,confirmed,
365,0xa3BC91b0C6b59181BF747F97Cde57D993168F7Cd,node05,910b9cdaaeec03ff9e93f8fbecb45f17131a984495d020c8488a818bb9fa6b22,4,1791391605.2283099,1791391613.4072373,8.178927421569824,215,241970,confirmed,
366,0xC127718dd5FE37e7c177618AB36c1c4F5b208e82,node06,4084af8df216676968902b3032a26b4875997e731cd97ab02765650a80b58460,4,1791391605.2337213,1791391613.143585,7.909863710403442,216,241970,confirmed,
367,0xBcCEC7B41d961458627AA5c351BE2C906A47318F,node07,35f35bbf67215bed1c894ab3e5b148e482e92a44fe3f59ded119b1000bbe942e,4,1791391605.2358484,1791391616.2583673,11.022518873214722,217,241970,confirmed,
368,0x16EAF8a3812c3d4E1F4Cd6FC58106299E22A86cA,node08,51c537d1a6c415c3852b083098402fba996d18666461b2a816722c5f7a70f3ab,4,1791391605.2374966,1791391619.4153001,14.17780351638794,218,241970,confirmed,
369,0x668c403ab1C6f2ee0c5f3943755B679bFf1EaB4D,node09,af0a1378ad13b486c9fc06de23ea9988dae10da18d9c10260323112009b7aa2b,4,1791391605.239417,1791391619.486801,14.247383832931519,219,241970,confirmed,
370,0xEc879F9D889516E1b3445c4a6d969768990eb1c2,node10,2499a004599ab5253b70144471aa93b77a44a390aa429e53e116234cb49f931a,4,1791391605.2412887,1791391621.9802504,16.738961696624756,220,241970,confirmed,
371,0x87Ff176ff3f17D86f213068c2a7b465ce81caFC9,node11,44302df0745ff08df5a31129e6f4910828e773060a29c75e871ce43a13005a7f,4,1791391605.2463682,1791391624.287411,19.041042804718018,221,241970,confirmed,
372,0x0A744aB0F6be2266A738d50286cB73bcA897E3ea,node12,1354fa206bb2d8af632e920a9030cff684d014fcbfdf735e79d4d05d159ac408,4,1791391605.2498932,1791391626.2673194,21.017426252365112,222,241970,confirmed,
373,0xA9FEb409c9B15a810DFBb2167FbAe63D0DF47339,node13,9404a72130bf0afc333f590296d4f983b0454214af0a982d9c3899ec3752f835,4,1791391605.2574573,1791391626.768411,21.510953664779663,223,241970,confirmed,
374,0xe9aa11ec121Ac423c97b4EF14ba178Da631F1B15,node14,8888479d75493a2bc81dd7514eb20991b665770210ca84ee13c9b8b610f0f848,4,1791391605.259739,1791391628.7461944,23.48645544052124,224,241970,confirmed,
375,0xf1A154dB6f905F3528c72570Ef3FE3622384Fc86,node00,66d79a552c1dd220b2cecb7df59d03f381d79015bae2c4fb4ad37a182b7b5a0b,4,1791391605.2626703,1791391631.3383412,26.075670957565308,225,241970,confirmed,
376,0x7A465c9c7f1934F1d09C089f9b0b6EAC5768c079,node01,49d9097ec600ab2202574a76b2056d42ca9554b03da15705ccb788b174bc69d2,4,1791391605.2634552,1791391633.5109947,28.247539520263672,226,241970,confirmed,
377,0x0E7Ff4F1BfAe1f1CE65d38613269c62dDd9394c8,node02,08f6afe4e7c3fb1c752b8d8e7b85fe355da9c7597262bf9b6c9b1933f385292f,4,1791391605.2689269,1791391634.6694934,29.400566577911377,227,241970,confirmed,
378,0xFfbD014E8297fFfA745B622e01843D74f4854Ac7,node03,f47d4e0843c085030512d382604e74e440fef3878e1b0c7007fb5c6a34c2b9e3,4,1791391605.2708817,1791391636.241893,30.97101140022278,228,241970,confirmed,
379,0x369710287eC1472CA707c9d87C21e10bBBA5E2F2,node04,837c360e7429135735f1e56c3c8435b2bfe706e252e4a8c5f7ba033ff5888786,4,1791391605.2739673,1791391608.8228664,3.5488991737365723,214,241970,confirmed,
380,0xFCb2848DcD729C3Dc6682c732A8Fb5506ca278aa,node05,76a692dce0f3388a6bcefd5e6dbb0bf7eb7ed39244283b76d089cad823f66074,4,1791391605.2760966,1791391613.5176759,8.241579294204712,215,241970,confirmed,
381,0x5a653b19Be6896afd428aeD3425a1eBBd0405740,node06,f351852a9e1a2e16f83a1923dcbe0d80fbbd90688b9f8a059253058401aa6481,4,1791391605.279516,1791391613.428554,8.149038076400757,216,241970,confirmed,
382,0xa60786FbcEACacFB13b9537A00E320e5be011064,node07,46b5dc6d8e7913caa87d9ebc1740f2c21f9d103e1526a3eb092f5cde15db0af5,4,1791391605.2822912,1791391616.315202,11.032910823822021,217,241970,confirmed,
383,0x8fd8D426f933368b8Fa93B9983AE3AC2f310E5a5,node08,da34db91ce04e85eba383fceea6d76afd76d0ee034103245b3cb74b7b088580d,4,1791391605.2844203,1791391619.5573761,14.272955894470215,218,241970,confirmed,
384,0x10dfB1a72B159dC5121e921B46D7dEc19E0cB934,node09,d26ae77cf169472eea4b0f14d87c7a2e31bb7c0f7cc7e312c3210856f602f100,4,1791391605.2862322,1791391619.4539614,14.167729139328003,219,241970,confirmed,
385,0x77388ddcbb8b0a61616E8cE1a576c64C5C8C8ef3,node10,34dcc797af779afc150ed4ab0b24810ab05fcf0d5809a5aba13e69fe9a0fe332,4,1791391605.2884471,1791391621.825296,16.536848783493042,220,241970,confirmed,
386,0x86E6086B755825FC3dF1552FE3c8Cf14b591e075,node11,107e2e0e989fb63cff57937f08f4cddf7724fd129c652d62c55b752389ba58f8,4,1791391605.2903497,1791391624.2228658,18.93251609802246,221,241970,confirmed,
387,0x3704fd4E54b2842e74Caa2B6056650833532CE6F,node12,ad8ad2cdc963cb6b86902067aef4aa40879f615a36bda2428ef4fc2fca862406,4,1791391605.2923274,1791391626.5157843,21.223456859588623,222,241970,confirmed,
388,0xCFE45c255C3568466F6692993aF376cA1c21d825,node13,3f339042a91f281215bcc6721cdab0853f53d7f630bb34b5e2590f4ade7f4c27,4,1791391605.2936249,1791391628.5225954,23.228970527648926,223,241970,confirmed,
389,0x2D9f9bFC231888514D22052214a50199Eb9c5B66,node14,0b74d55067d54a5f4114039598b05cca06d27003f3cb73e87584bc14b4c41d7d,4,1791391605.2961571,1791391628.5565991,23.26044201850891,224,241970,confirmed,
390,0xFececE8F25f5a32e72E8099E4B25996252fb5B36,node00,b85eb74963b19e372d18631ac2cb91a6201f2faac4411036b1012f070e623f0f,4,1791391605.2975333,1791391631.4378898,26.14035654067993,225,241970,confirmed,
391,0x4f4c5de1A2f9B18DFe09a9b32FE9DEDe95eFD592,node01,3541b1c091727bf58f9631ba46611ba394e84fec09f331fcdafd862b8eaaa657,4,1791391605.302259,1791391633.339266,28.037007093429565,226,241970,confirmed,
392,0x1c5f39104fA157DF1f012f2633E8653015723fAc,node02,aad4d92ce8a71130025a2418030aefb46c8701b99b15537b1669c62e50682392,4,1791391605.3053367,1791391634.6538007,29.348464012145996,227,241970,confirmed,
393,0x1efEd1d69faA77767d6AFD75376FBB94a60d3a55,node03,acbca628a52efea262d41774d92adab3be3328d1c9d72ea5a369972d33a53e15,4,1791391605.3068569,1791391636.317492,31.010635137557983,228,241970,confirmed,
394,0xb1C6154ED6a3D41887d28372c1A0ca8717a33991,node04,a61ddac27046eee1429e5ede781e68d2dbde843cf16a49a2104b7985d78f75a4,4,1791391605.3095448,1791391608.8938193,3.5842745304107666,214,241970,confirmed,
395,0xb921A50b5818D5C9C20D44a0398D624b14649f9B,node05,459592e56daa6aedeeebc0e03bc82208ef706dad1fbecc1e5a96e228c7c92f39,4,1791391605.312593,1791391613.2929428,7.980349779129028,215,241970,confirmed,
396,0x967C9271BBABD6B9ea41054d9a40cfaa9566A394,node06,a562306f0412c1e5ba3201e39303ea28eb52750de7ffa88513ef74d892d2b87b,4,1791391605.3159058,1791391613.1607175,7.844811677932739,216,241970,confirmed,
397,0x8e930643fC01cc96b0a83727a2444f06eB51aBA9,node07,f598f93c24868eb0f8b3a477ceb07508a6d719da29bd431cc9933ef07be71fad,4,1791391605.3166873,1791391616.5633829,11.246695518493652,217,241970,confirmed,
398,0x069B694325253A906a0B482be6Aa54CfEecC12A4,node08,382734c04260a966218c0b714678c408c36730b534fa6f2fc67861cad09142a4,4,1791391605.3197663,1791391619.483299,14.163532733917236,218,241970,confirmed,
399,0x85D25D14065428F72a4E15C50AC8fC5cf70fB3F9,node09,d792a588df8e61c4092635106d00918dc6dafb9fc7e153064d99e1744c4aa2d6,4,1791391605.3248236,1791391619.5205634,14.19573974609375,219,241970,confirmed,
400,0xf6588D76434C3437c0DeDA139B7e2B1f6F2bf9b7,node10,5e2029a258002b747c3bc581c97bf6890fd2b91dc0515de541f9bc9ec9f4e693,4,1791391605.3287349,1791391622.1287975,16.800062656402588,220,241970,confirmed,
401,0xAC2B0Bbd123904a7ec735b8B0263B7A03119a4b4,node11,2a2c1f2079cd4afc0a361c0d70d2e2413d09838ff47966237d6c22c376d1cdf8,4,1791391605.330973,1791391624.2707987,18.939825773239136,221,241970,confirmed,
402,0xe93E9513196b6E1b6DE35B78b2468D55F1352658,node12,10808f625c785f28bcd7a054877103d437e43cf6a1aaae94af76845e9ea076f4,4,1791391605.3346076,1791391626.6010969,21.266489267349243,222,241970,confirmed,
403,0x6Ba26bF0e5C34f106b43324845C71816820f06f9,node13,ad870ab8ed52167476a7758efe1094c5aaa6a6dd69bd6b6df0fc4788ca2b47c6,4,1791391605.3357072,1791391628.489724,23.154016733169556,223,241970,confirmed,
404,0x6524Bd3d8E7Dd1e9c39ccb9d5ec4470379ac1677,node14,6a4f726cfd615fcec513db331cd2dec0108f81f52685be027f33a71d97d7279e,4,1791391605.3428414,1791391628.800535,23.457693576812744,224,241970,confirmed,
405,0x21e32FEB79473e0796F2627FE1d1991c975b6f76,node00,27093b1b6459f96c051ad093d754f8bed35461df86e3643f96642574a4615ca9,4,1791391605.347734,1791391631.4004796,26.052745580673218,225,241970,confirmed,
406,0x53269e3645Bb84Dd992f188128122f4B087dfB87,node01,1cd1061559b06558e719180a93256e1f4965df170a9d3ceff2e13b00e39d1d8b,4,1791391605.3504105,1791391633.2869678,27.936557292938232,226,241970,confirmed,
407,0x8ef7922987d8C4906c786Ed5F4Bac66b6a692b35,node02,6107651b91db114127b147836de5e696b40aeddd5ac53d151334ef8e6dc829d8,4,1791391605.3535888,1791391634.6776173,29.324028491973877,227,241970,confirmed,
408,0x85427451E8AD6494A127f1834ad3807fA1C7B6A4,node03,899511646b637e800189e478a4893dc6155f45c89aeba57d1350cfa05c58f087,4,1791391605.3599253,1791391636.5325806,31.1726553440094,228,241970,confirmed,
409,0x982ca35DB383D98ea5E6fb362c5cec7A03a07a97,node04,55b5d026ffd034296414ef807f17b3b041ccaea161bd42c2f9bbdb529c63a0d4,4,1791391605.3629844,1791391609.2827177,3.9197332859039307,214,241970,confirmed,
410,0x4Bf96dCfae6e132d9a1109FF3abBD6568c2E856B,node05,c78025284ad5105e6fa6ed1acd0c3bb400df204453f047547456cf2b9e5020bb,4,1791391605.3673687,1791391613.198611,7.831242322921753,215,241970,confirmed,
411,0xD7Cb4A163f8a249bB0b342788Ea1E454F0DCbf83,node06,9e09dd6c63b931c1975e7fadd947eb0f728c19c14aeb0722baa005afd9516e38,4,1791391605.3712802,1791391613.3684313,7.997151136398315,216,241970,confirmed,
412,0x12f3AE8cDa53ac40FaA4060FC204E88037CFf601,node07,07e2cc5a5c6f9db2180b0cef54ef90b68cd09a27cd102724f84d43de2b335579,4,1791391605.3724825,1791391616.5399358,11.167453289031982,217,241970,confirmed,
413,0x01E0711A3C72b2e039E7092D67a89567D9d8854f,node08,c9ce68feb1eff3d512bde1c86bc62113fe6c69b4c4381cb72a11fc23ef33996e,4,1791391605.3754776,1791391619.6885433,14.313065767288208,218,241970,confirmed,
414,0xcb37c56917a9cd8Db55A0eB11120c0A35910cC78,node09,8a304205e97a04bf2093b60de1eab04f4442a35720b4d2f935e1bf2f1ab882b6,4,1791391605.3804884,1791391619.6967542,14.31626582145691,219,241970,confirmed,
415,0x7295A73e6BE465C08E6854AB3Ee3779C9Ff49C4c,node10,9a6ff519bcbaa2238eabd671298bdc972e3d52c7eeb87f55e349cd70d4fa64c1,4,1791391605.3849742,1791391622.1991074,16.814133167266846,220,241970,confirmed,
416,0x54B6B5845b484a5A4247A2ab94BAf6048c228F4B,node11,b435e6d06ab5334534958fd4b83d109ebb01076585214c6fcdcd0b86327a5473,4,1791391605.3886774,1791391624.4146087,19.025931358337402,221,241970,confirmed,
417,0x69f5Be7Fc56040FA9eCb98C7dc7b535C2926B257,node12,347b36616b52bab18b6b5b252ac9af1e70cd64a3b995f083235ceb02ad5ac7dc,4,1791391605.391947,1791391626.3717353,20.979788303375244,222,241970,confirmed,
418,0x8B12354C491E7b1e9D9876c66857755b80Ec1874,node13,00bcdcda81156b0ed8da68bc48fec001c9c6a95c83327561ab75ed8408434842,4,1791391605.3939614,1791391628.485303,23.091341495513916,223,241970,confirmed,
419,0xB52bF99f15C00672d39b1A23d8D63358f3D6fCb1,node14,11dbe6ea7ca3a347856ad11ba4207ac8e04ca438f6ded7fd7e12dd5c39a4f3cf,4,1791391605.396183,1791391628.629418,23.233234882354736,224,241970,confirmed,
420,0xEEFd304AC9c53096B37a4D06c514C761379A156D,node00,4c5466fef5f6554c4c4975831e759c497f67c342cd77b552b2878f84f029ef01,4,1791391605.4030018,1791391631.390846,25.987844228744507,225,241970,confirmed,
421,0xEBDeA1F38590B93b2D49C6C874Ecb5bFAC62A17c,node01,5df247c7315f40550c7a5d5c0fc572e6fa7eccf58daca210dc6ff78d57742c7e,4,1791391605.407803,1791391633.2855132,27.877710103988647,226,241970,confirmed,
422,0x399cEdF6939c7F5a576e733AbaF608144D1adb84,node02,c76eb608b4f79c211d61f29b605625d49db01562ccb56235fbc18ddc421d7ffe,4,1791391605.4108908,1791391634.7052503,29.2943594455719,227,241970,confirmed,
423,0xea299820d143BC37Deb60D8ADBdDBA23c38A02f0,node03,88c30b74307608e0ca6b092447e6b582c117fe5886058b2e348372a6e523d346,4,1791391605.412665,1791391636.3494666,30.93680167198181,228,241970,confirmed,
424,0xA7cE619f1c68E26d03bcF2F108380a9252F65B69,node04,a767ea9260b87af08b36bb9465ef0527f23335b3c687aa737b6a881c0bed1202,4,1791391605.4183624,1791391609.2101748,3.7918124198913574,214,241970,confirmed,
425,0x2a27Dcf406ad29E4bD579BCe7C6879672A767256,node05,7a5e1584dab01e35aef41ce95fcd7c740dcef9ff6794ae2939e88bf7a559758a,4,1791391605.4206662,1791391613.2343261,7.813659906387329,215,241970,confirmed,
426,0x6cC97E79243a153B3F622F333aC556719643b639,node06,0a95052b284f1b9664f2696b1fdfd3df1ea494df2305a2d8d932b7b89a75d046,4,1791391605.424938,1791391613.2953587,7.870420694351196,216,241970,confirmed,
427,0xa46fa7271BFBe0A1573C7526cA93F290C75E782a,node07,93231d2b6e55801489bc046079f5b929448c9b9d9319d36fe8186915d435a009,4,1791391605.4270623,1791391616.3372805,10.910218238830566,217,241970,confirmed,
428,0x8DA4E2b34ED12A5321E365BE199ec672f327d5EA,node08,fe3acaf44d1b7523e5a97a51ad992e1ee80ab92d5c763b1de2c7047416bc975c,4,1791391605.4305031,1791391619.65167,14.221166849136353,218,241970,confirmed,
429,0x93008dC87F73fc983a77b554C5D4931d69800bFB,node09,b1d359017f6280b55e3fbb8ee061d83ef85406ab646454c80fd5c076d8188e66,4,1791391605.4345446,1791391619.6576896,14.223145008087158,219,241970,confirmed,
430,0x2a008aAE0C53De12CD3C37325fBF1F8770b40242,node10,c3036aef75b8da3ac1fc750acaf0108b6efa22415819189d1050137cbcf01893,4,1791391605.4363668,1791391622.0439625,16.607595682144165,220,241970,confirmed,
431,0xc35e078A7c2A9b24C6d45F75bc68213776023e06,node11,93a29769ec092b9343e67edb15034e63f9a6bc4eb94c2fd4a2dc73e5294463b6,4,1791391605.43988,1791391624.2337437,18.793863773345947,221,241970,confirmed,
432,0xFA5c8CAF87D88CD307903106C4916Edd4C01a2D7,node12,f73615f5c927a48e7cd37f7f807302a6701f3f5f9153905fbef6118760d53783,4,1791391605.4439225,1791391626.4903042,21.04638171195984,222,241970,confirmed,
433,0x7C7eCeEdB0011Deb47d3F3Fb46bbA98948683d59,node13,84cd440575199f883d7d6c7c237aab9d80c99bf3a3e903e4510ad579cc5f86ae,4,1791391605.4471588,1791391626.3594463,20.91228747367859,223,241970,confirmed,
434,0x76D740265CbF9779b05B5e56F1009d1030c92A5B,node14,083315ee20310de66d50814411e00bac48948a1d7d7290bb84916d101e4b6265,4,1791391605.4501078,1791391628.8531017,23.40299391746521,224,241970,confirmed,
435,0xc0BE496567111698400cC20Ae7c038194ECA690C,node00,87ff61d3c50811ee6876414178ea89709abd81d9eebeccce0f93cf4144091012,4,1791391605.4559157,1791391631.4049666,25.949050903320312,225,241970,confirmed,
436,0x35217Cd30Cd132D756eCFbED0C5438684801cbbE,node01,a03e0d047fdafd4034f98df7437d2cca44f70427c9a59140eb421463b6dd59d5,4,1791391605.4583118,1791391633.4728465,28.01453471183777,226,241970,confirmed,
437,0x26432E8D8946C8B7fF1873C86fF565c76c252A6d,node02,e0c8084fc15dc9a552c92d74e26296e21940bad83225a09627bed7cd53706a66,4,1791391605.4612696,1791391634.6985114,29.237241744995117,227,241970,confirmed,
438,0x6Cf11C3E725f096b325D6CbfC9AdCFCd820a8fa0,node03,1688df9ad98e762e13e7f0418a62cdadb58dfe49f87ba0d5934b91bb54191efb,4,1791391605.4653218,1791391636.409926,30.94460415840149,228,241970,confirmed,
439,0xc0627A06f2528CD53422DfFA13F69c966236CFC7,node04,e5003adc790a6083793d11a2bfa9e0f9b38f54daed1dbbc0bace09c3155a59b8,4,1791391605.4672894,1791391609.213811,3.746521472930908,214,241970,confirmed,
440,0x85d1a5cb89a18a59D896A5200396dBE70DB9aFE9,node05,2dc94144c4944a9ed4e4f25c1a2a6c476dcb33348e3496b71dd5903f95f48ca6,4,1791391605.480404,1791391613.364995,7.884591102600098,215,241970,confirmed,
441,0xA8d70c526549A3a45D45091C87ca86F32791a99A,node06,be38cc00b312ffe80f90ccc5ea3d3bd59385f7338f6c58bea11a0a492bd12993,4,1791391605.4823177,1791391613.380264,7.897946357727051,216,241970,confirmed,
442,0x39000975611265D9fFF546413C92E46C657673e0,node07,8acd13ed09f7954fcc2d2070b6556707f72851c6e1640bdd236ccfdbf61a57f7,4,1791391605.488085,1791391616.4722607,10.984175682067871,217,241970,confirmed,
443,0xBEcd7ECC12B4691C8c43583a01c9adBE12D319B0,node08,126c2fe1fa2467e1a17d2e0614d84dad962792c105be93b43eee060c57ef8e63,4,1791391605.4976888,1791391619.569695,14.072006225585938,218,241970,confirmed,
444,0xB0526404774eeFc3762Aa38bbFF4EEDE188Ce98D,node09,46ce4494084505d424597d9fd9f70a55d5ca395bac85ee8ee37b60a2b8c70fe2,4,1791391605.5005684,1791391619.6167274,14.116158962249756,219,241970,confirmed,
445,0x49825a3CEa3f9a587Aa89A212C114421bEdaDF8B,node10,5d752be58da5d9a1605982be5e88a1f51485fe382cd5c758f004c1ecb5da9911,4,1791391605.504075,1791391621.8360336,16.331958532333374,220,241970,confirmed,
446,0xa06C4563DD782fE72fC2073686fC4C54A6f9531F,node11,6c35fd0ba45734502797fb7cdc9fd836137aacca738ec759b4cf73072f5fdf1a,4,1791391605.508606,1791391624.5141788,19.00557279586792,221,241970,confirmed,
447,0x19701a13e66D67a5049C5fCd8F7bA48e0f524a28,node12,38ba1a9bd6459ecea02d61005abecb5f086b2e22eb2a149fb9882f4e947b302e,4,1791391605.5116894,1791391627.0068555,21.495166063308716,222,241970,confirmed,
448,0xaF7719286B9A7d6aFCa2f6e539891AD4ff11A461,node13,2612e31bdb46b883c1cf030c61a724dd03236b3d25af7023f409ab35f23ca9e3,4,1791391605.5126343,1791391626.8139327,21.30129837989807,223,241970,confirmed,
449,0xDD41A09Ce03d8A1bf8AD727aEf16d57b89aEB574,node14,75f6d6b01592696488113c8365e27f7538e37f6411dcbcba8d932950c5d4c1a0,4,1791391605.5160828,1791391628.7866468,23.270564079284668,224,241970,confirmed,
450,0x0D3d806e9417d26dDd25e5257843300F8F3895d6,node00,3fb674635a0290b83cec80575fade38b298579f63745d2c84ad92288ed43ee2a,4,1791391605.51777,1791391631.3881907,25.870420694351196,225,241970,confirmed,
451,0xe29104C91a847852eF49A79E9c605e4e6bBB1A7b,node01,0703d0a9dab9b55226dbf5777d6e0572dc16e5cbd471331b72933372a83567ce,4,1791391605.5208595,1791391633.3749902,27.854130744934082,226,241970,confirmed,
452,0x37a7380c143BB8c44aBE6E1bF2Ca95656f93f490,node02,3cbd1e07cb134a85497165e355f14402ade118a21283ff28e10ca699a3483674,4,1791391605.5268652,1791391634.752538,29.225672721862793,227,241970,confirmed,
453,0x80e295166A34e86CB4B75325Ec6ADc37c200e17C,node03,504596c15af723d1fdafee0c5c8e6cd739ff27514bfdb5be60226a5410bdf5b7,4,1791391605.5298498,1791391636.3367596,30.806909799575806,228,241970,confirmed,
454,0xc8b133bCf7915E31C77fF18a62cc53f0FdB00920,node04,98e7973dcd0a07897a1df2c91c30cbfc0ce0ac1a5db4726e0bbc927639e26547,4,1791391605.5318284,1791391609.3765216,3.844693183898926,214,241970,confirmed,
455,0x0e0be24f9Ee6CcDE0B5b25754672aD7079DfaAc1,node05,ae2fad1bae2cc6edd7e7368397e64c2c1b1a6fa5871f26ba82c671a7bcb2ae04,4,1791391605.5345185,1791391613.5262253,7.991706848144531,215,241970,confirmed,
456,0xC45be07178a55C9fF0D81e5E8A439aE4104488BB,node06,cf6a628d3f6545cc61711b975824b30a37131edaaad0af5427d920455f1a0fcf,4,1791391605.5373807,1791391613.504889,7.967508316040039,216,241970,confirmed,
457,0xa0B48CE4ed956D739Cab3597A49D6D1e05be81Df,node07,0a246678219f1d2a3fe4438f528ece6a97c6d4f429e9d4c277006e43feeebf8d,4,1791391605.5406868,1791391616.4024932,10.861806392669678,217,241970,confirmed,
458,0x68AEC600B3505Ee089409396C0c4B025E76E757e,node08,ce89a9b16d32ff1db162a73b902f902885e90216a7e82fb085768aaac7930d9f,4,1791391605.5460935,1791391619.8469114,14.300817966461182,218,241970,confirmed,
459,0x9A427DB086c08cA804C26AF9f5D827f3174ebA0a,node09,e9d586a1e230c779f6f49245430bf320aae1d01e08ec7e82d2258eff6918d641,4,1791391605.5490696,1791391619.5980556,14.048985958099365,219,241970,confirmed,
460,0x25B7a1E2C6e614edBD8173B9443CB67B392685AF,node10,0a43bb744303b199dd1338260275f5e3a98cb375bf39a9915804c76894af0af0,4,1791391605.5545495,1791391622.0331955,16.47864603996277,220,241970,confirmed,
461,0xad9777F2b754e539bc0cC59C337554AAA313abA1,node11,f9f48e0ba66821f2c906364b8cdb80fd563f1acc157695d2e39f1deeb84a21d3,4,1791391605.558334,1791391624.3201828,18.76184868812561,221,241970,confirmed,
462,0xdbf3a79379456930E7f436496b1bA98320977FEc,node12,b3d92c647e9c894c0a61473c3d302dfaa4f0164d8a8bfdb5755830a723d84965,4,1791391605.5626483,1791391624.3841567,18.821508407592773,222,241970,confirmed,
463,0xed1cB1239ac18686E62424869D8c8E622173bE9F,node13,4d066ff43ac76c628cefb13b84e4d023075d115510abcbb813dec78a119c8150,4,1791391605.5638204,1791391627.2611887,21.697368383407593,223,241970,confirmed,
464,0xD827F642b29c6545399962cE887C970d1A092B64,node14,910f0d61802adc5a60c0cfc33561268e2e82ef07ee9ea9ae8fb643e404375365,4,1791391605.5690117,1791391628.6603644,23.091352701187134,224,241970,confirmed,
465,0x63E37cFe74aa00502754D40B37bC9fcfA85241e7,node00,30865abbfb34adc9c3082c9e9d3786111c0f584df43e3556ef3ae9984973dfda,4,1791391605.5736253,1791391631.4370432,25.863417863845825,225,241970,confirmed,
466,0x7b196E2A099055515132c4F24346a0c090A681E8,node01,f95fe7fb8465ee3b6bd8b64702b27eebe2f0794a03f7ad9b943c12dc260d8dab,4,1791391605.5743945,1791391633.3498905,27.775496006011963,226,241970,confirmed,
467,0x90b5bE02E188c82F651cA54fea39487B0Ce6C5CA,node02,8946b58ee08681b3f563b503b4c80cf8c887b8c71ff9991059a9e0bf24f2ed09,4,1791391605.5770833,1791391634.73916,29.162076711654663,227,241970,confirmed,
468,0xf2941c9e7ECF926B49153DdFe4aEE93dBD1Be73F,node03,250954020c33f4f764fedd8b74f5bd259df6218f1098b5febc8987e09c87c523,4,1791391605.5810566,1791391636.4182515,30.83719491958618,228,241970,confirmed,
469,0x5a3CeB937c8acBAeB1450d54a37Df09Bdd9CaFeE,node04,421994adc9cd272d857c55998a56410f3952af66d879747f847c5abb62e7e43d,4,1791391605.5840008,1791391609.558144,3.9741432666778564,214,241970,confirmed,
470,0x87ABB212592Eec46f9a70FF0BB2e24652B99E7DB,node05,c59b6de81f4d7bf5a8e8158ca7edba26ef901bd696dd962a09fd5248c42218ac,4,1791391605.5851223,1791391613.470481,7.885358572006226,215,241970,confirmed,
471,0xcAc65929e2c75368280378DA3Bc9216cab224C23,node06,a956468256dda3485931572f8ccf41ef5e74a0725c0f739b3d0fd7993ed75fc6,4,1791391605.588813,1791391613.4990873,7.910274267196655,216,241970,confirmed,
472,0xED777bA2d96CAc7f8E3e9f67EC343D7aCb99f940,node07,c895861d5a556e6ed9d0e665cffef2697463e88ad57a2b977e27a31c2d2cee5a,4,1791391605.5922017,1791391616.5350108,10.942809104919434,217,241970,confirmed,
473,0x61c27E32D5158aD082fF7F3466D9D4d06Fe793Ae,node08,59dfdaafe47c7cf99fc7de87dda375df59c25a82eb5f17f43e76d9d5afe13108,4,1791391605.594758,1791391616.80237,11.207612037658691,218,241970,confirmed,
474,0x65af858f0BbC5a8364C3d244a2A8A8eb8c4c9633,node09,d8540baba71a0de8a80fe49c7bf4d7bb227e53a38509ecc546bf07793e039ca8,4,1791391605.5970237,1791391619.6332242,14.036200523376465,219,241970,confirmed,
475,0xA27AC2Ebc243be7963101e5776fB2886BE37aaF9,node10,d615018c28710cb7430bef6a3869f11c4be658e5c7ccbfa1ffff61de9533d515,4,1791391605.5984464,1791391622.0359697,16.437523365020752,220,241970,confirmed,
476,0xA0b43636f3Dba122100eE7C6A6fcBdb57413fEaf,node11,f9b5c2db48eece93b7d56003463b81399c0d91be78e7725438b4d3545b28f0dc,4,1791391605.601296,1791391624.482188,18.880892038345337,221,241970,confirmed,
477,0xCeb27f0708Db2459A648b4884748085985daC96e,node12,25b649f362b4eec7c5ff44178ad4d0f8894ce0cfbc27cad4cee5d348e28a9d69,4,1791391605.602484,1791391626.4431033,20.840619325637817,222,241970,confirmed,
478,0x75B6E2Df0c7BE6CA0EC05EA636f7Cb4b6ACe71A9,node13,21d915268ce582637e90391ab60e2ff77ab397a82dc96e4bf596f08c3fd2df74,4,1791391605.605555,1791391626.6378582,21.03230309486389,223,241970,confirmed,
479,0x9f253351CE9E5A4697c496C1a84B9EAc77B5f89b,node14,0bf366323cde9f5e6ae90ec2760d6d92798147d9be13e802a28cdd3f34bf279d,4,1791391605.607541,1791391628.8435175,23.235976457595825,224,241970,confirmed,
480,0x92d40514dbdF1796906d3F78Ac91f1Fc829FA54a,node00,37b0c4221bf0435dc6b01bef14f3bb765c9f02f8054000112ca75e48f12495b1,4,1791391605.6103425,1791391631.4465337,25.836191177368164,225,241970,confirmed,
481,0xF8A06bdf3206b26357244e8DDCB6D751adDbF2B9,node01,4f50622b5aa54bfe830f235c9a7293565755edf485f565c642004c25318c29b7,4,1791391605.6147807,1791391633.3576481,27.742867469787598,226,241970,confirmed,
482,0x5656e5559390e1ADB7d9Ee4C92CFe9C427c8300C,node02,79aba154675e21aa6416f75c17fad0dcfbdc8f2ed6a58d776a30c8a6ad03ea81,4,1791391605.6169662,1791391634.7193696,29.10240340232849,227,241970,confirmed,
483,0xaf258432654aCccBCB58A1607492A39fBc0B6Fbe,node03,a3b188117e1959935bd82e2fb75d1933336895766e1728f6dce67cbe5077c335,4,1791391605.618568,1791391636.3929996,30.774431705474854,228,241970,confirmed,
484,0xED988B47A983E9cFEaaCE1Cb8F9ca37769680346,node04,372210f4248870a2c8b16e1c1a95375df0e15c7328fc29f3850dc55d8f490c45,4,1791391605.6210542,1791391609.424472,3.803417921066284,214,241970,confirmed,
485,0xC9ebDD4Fe5FDAaE0e2B2D3b2dac8b9f58bA38c45,node05,d0b8891ec86f6ba35f9b9826a0bb9f234027b85dcec7ac1834d212e7a9bef860,4,1791391605.6224935,1791391613.647266,8.02477240562439,215,241970,confirmed,
486,0xcD0529d7BD245a25A7F7Ee5cb7D0BfA6935E8656,node06,016dbae16d398ece9f3117e6ae5e32b360cd4154323e6db9f584ef6ecdf4325f,4,1791391605.6240501,1791391613.5303404,7.906290292739868,216,241970,confirmed,
487,0xef48756183EAfd8460752835BeBDE364147810D3,node07,1769a1f1bd0c230be750f4239d9a992f7077c62c7689f16e0918a315b1d96a5c,4,1791391605.627388,1791391616.5907707,10.963382720947266,217,241970,confirmed,
488,0x2fA5D75C3d381065356095Dd4b36Dcf3ab0838DC,node08,6b1f0521c831013bdd8ee5500716784ad24c2ff734aedaa9daba6b14b66f3ba2,4,1791391605.6345992,1791391619.6691568,14.034557580947876,218,241970,confirmed,
489,0x31a74CB4cffCC274e1598F103B81c3CF5cba7916,node09,68733571795dd4649e794509ccc9d32bbf34e342a4c0b3d157255b7d732f9cbe,4,1791391605.6361656,1791391619.818152,14.181986331939697,219,241970,confirmed,
490,0x375AB9EaDad665cb2E9f5052cE388Cef565bd308,node10,e482c9d141a4578530934e3a90d88d68936353fbc683208378f1c0f131b89a0e,4,1791391605.6411803,1791391622.218359,16.577178716659546,220,241970,confirmed,
491,0x195e9178425301C7A68c5AAF431001F26EAeC951,node11,430563c1b1c4e942c82608d22280b7e6c42f91aa64d27ecbb163718b16c368ca,4,1791391605.6437917,1791391624.3589377,18.7151460647583,221,241970,confirmed,
492,0x3261fFDD9440fCAf74269acf510125718074CD17,node12,508d6e91e64e22cb677a77a34e12ad735007739a2093acfcd325cba3fcc5b463,4,1791391605.6492853,1791391624.3526142,18.703328847885132,222,241970,confirmed,
493,0x07043eC7b919E63D98648b3CD350a6F14F38eB0F,node13,68ba2edec1dec7c26779fb9d2b77f89348122932de1d7b4393857aa804c37761,4,1791391605.6515694,1791391626.4869566,20.835387229919434,223,241970,confirmed,
494,0x72b4Aa0a1B5DA10C3f6D1BBC9aa240e4811A2D7A,node14,a1a441e4f90425420295a986a16d377f677f096e4e260024d52b05f94737ffdb,4,1791391605.6531262,1791391629.0614128,23.408286571502686,224,241970,confirmed,
495,0xC90B90506dB8C75e270805B677d0CC0494c74c81,node00,85e7098fc0e8741f98dc98fc147c4fe406c223455db5835e2ad1ed064ee192cc,4,1791391605.6561277,1791391631.5576344,25.901506662368774,225,241970,confirmed,
496,0x286aeB5bea061C873C309EFfaD7f72B02Eed56Ab,node01,76414c0b63a2b4fc26f84b5cb125b15c26736fcd2f65087c4ff14c1fc45eaed6,4,1791391605.658876,1791391632.3294554,26.670579433441162,226,241970,confirmed,
497,0xd9bC609591A65541062c2d21a2b2493250E30F3C,node02,1524bbd0af50d8acd6f18f04265a50efb80852a9d2fa93c4ec308e736ffa86b5,4,1791391605.6606607,1791391634.68293,29.022269248962402,227,241970,confirmed,
498,0x1B83193f822d84225b2169fA0CA80D271e99F053,node03,6370d1763da7a4fbad12453b4d4eda5e39247aa93dcfc45f7f42fe0a47cb5474,4,1791391605.6625934,1791391636.542337,30.879743576049805,228,241970,confirmed,
499,0x81e73AA20Cd4AF34E25Af9f9902D0DD581E4114a,node04,0f2cda9a884d5fd1d04db7e61d19f9ab88c52f430d1f091b2cab5992d4d71b18,4,1791391605.667492,1791391609.4273098,3.7598178386688232,214,241970,confirmed,
500,0x104540351A37b118e315E56fFD0b705335c10C8b,node05,b05067bd78a6987a0e97558ae628da02dd10dddc47bb3eee19dd60bb5610f507,4,1791391605.6692467,1791391613.7069552,8.037708520889282,215,241970,confirmed,
501,0x04Cd52fD6b836731A1E73E6C82E8f2925DE9361d,node06,6e8d8850d4eb2b193fb1ba53d89680b80aeb9eece5cde20817c5d38e162d71bc,4,1791391605.6727254,1791391613.6280918,7.955366373062134,216,241970,confirmed,
502,0x4014c096907799976BA1D891804c79a919BD0Df6,node07,647ad3ad72fe75d775bdef2f4e3550b8259f85d0de2d9b599aba52ea0aa47911,4,1791391605.6766338,1791391616.677901,11.001267194747925,217,241970,confirmed,
503,0x5242e7F4ef6fe74a5e15C745bF863E6e3483267c,node08,81744addc9ac4502043f2ac378fbe51199e0f12c92f682fbc1bb837e3a412ad9,4,1791391605.6780982,1791391616.5461795,10.868081331253052,218,241970,confirmed,
504,0x0987e8B3A458e8065841448db2243714566304b9,node09,c9fc3088495dfa279c411d3bc91dd3cb52021b651b2ae9c47dd466930557eb6f,4,1791391605.679678,1791391619.803079,14.123400926589966,219,241970,confirmed,
505,0xA6ae771595C08dddCC4e0f420CE59aE574845500,node10,bf77c55fa7c4fb47c50ccfc7bc5ea27e685f2026e13bb6a8f4a765b43e1c4aca,4,1791391605.682404,1791391622.0593023,16.376898288726807,220,241970,confirmed,
506,0xe9130d9C9610FdA7aE84cE8f65dD87e192bd0dDF,node11,68df4674ce343708bafa0da5a88e5165c517f29a124a932fd6dbe0fd4337c994,4,1791391605.685969,1791391625.0905168,19.404547691345215,221,241970,confirmed,
507,0x83b4d76B3381f5889e76919403B2aB038daCE78e,node12,e3c03da6947d1fd3173931fa9518c0645f015777e65cf0f2c7a4d17863f50811,4,1791391605.6891453,1791391624.3900194,18.700874090194702,222,241970,confirmed,
508,0xd2f3E7ea822FAc1eFA006CA99cb18D085d7baEc7,node13,fe861b0d59579deb8f84e7c63e4153d860674968d0ba81f04f5d8cafe9666155,4,1791391605.6910892,1791391626.4576228,20.766533613204956,223,241970,confirmed,
509,0x7e20512db5f3602a8BB4A6b28EC9334306d2B68C,node14,3a4923294f87a8eb1e0eb26753ae563206f0349c2d06b68339a97bfed6174ebd,4,1791391605.6942666,1791391628.9129639,23.21869730949402,224,241970,confirmed,
510,0x3A8BfB6727B67243EE5F8115B7AE132111a7B673,node00,0148dc850817faa1fc4bf323f757989d1ec644d6d542eb2a65196699a35467c5,4,1791391605.6974468,1791391631.5262682,25.828821420669556,225,241970,confirmed,
511,0x6414E3d493103bC554C68C666e2AA2b98d863b04,node01,631d8445a9cbd4e03062230665fd2fbd4ee98d76e92bdc25fbf94f2c3b92be7e,4,1791391605.698661,1791391633.5469055,27.848244428634644,226,241970,confirmed,
512,0xBC7599B52e03f41eDA9204f7c31dCf4B8f3EB590,node02,7fb707544a2109cd5c468580fd98a30a3c3f96c15379e130d81560bbc5e24eae,4,1791391605.7003446,1791391634.7368088,29.03646421432495,227,241970,confirmed,
513,0x0f19E02e99D86F48749e2742d6Ee3d95cb65ce25,node03,52ad60ee1ca9b7321d3d6d8394ea5046d82f914d95d0896a1b284b9355745095,4,1791391605.7049525,1791391636.4649572,30.76000475883484,228,241970,confirmed,
514,0x94882eF4f792b7687A2D31eED8979ffD0E8ca1c1,node04,6098c9f2aff442648c31e5f8b245f9018906e7171fdea7f99c40b505e73ca0d9,4,1791391605.7107592,1791391609.609969,3.89920973777771,214,241970,confirmed,
515,0x2a46C5F71C7ca1ac65292C8e2673460A71e748ef,node05,af78e80f5190fd3279bc4a343d2639e62da2bd01f0cabddfe4a7f191d434f3f5,4,1791391605.7161324,1791391613.7149453,7.998812913894653,215,241970,confirmed,
516,0x04946371ca38C8A532515D89cA2858620140C19d,node06,8b0335d2d02e942853ec5ab091b72cbc88b086e4540c6bd1193f28e2ecc1b05c,4,1791391605.7229848,1791391613.6601639,7.937179088592529,216,241970,confirmed,
517,0xE8c2dE4E3E9Bf1Bf58A726FE8eA8182822269931,node07,f65f046f6eac6464484945dd571287a07c3303c1fe11e73194d37ccd45a0eeb6,4,1791391605.724374,1791391616.5722575,10.847883462905884,217,241970,confirmed,
518,0x211d70Ddbe88bF2A96D2c20a83ebdcC95Dc1bdec,node08,c1af711162f37f6dd310702ad49142d2fd82894f6682be115746a363081530c8,4,1791391605.726947,1791391616.8867533,11.159806251525879,218,241970,confirmed,
519,0x47AC4Ec9F233f8FFA4c91F9086cd4F572c80520E,node09,b582fda1f70f27b089342d9c61d73780c39beabe29d06b7c9ad456115a2d4094,4,1791391605.7294638,1791391619.7508738,14.02140998840332,219,241970,confirmed,
520,0xDCdDeB382F61639AC72Eb776346121865b882c60,node10,194e8aa642cd9333bc1127a3912bf7552d8b383964f8be7c81f49b0ee6d617c2,4,1791391605.730939,1791391622.276233,16.545294046401978,220,241970,confirmed,
521,0xE78Cfb8704ea0276395cF522566a5FBDae89AafC,node11,840480cf3e20c8b1eb42d0ce2bcb0f9cefabe068a2869fafed864f46b25d35ca,4,1791391605.7366748,1791391624.4787493,18.742074489593506,221,241970,confirmed,
522,0x6715527660bF434Cd1E795B498F129f3985c037A,node12,e5231101700d610a4d91d0b65809d9bedc9be74d34a02da4e2de6303f1eeb2d0,4,1791391605.7385128,1791391624.7834325,19.044919729232788,222,241970,confirmed,
523,0x2C244F4468D979cB4C3768cBC0BCEFF9e5De1dAd,node13,32e67f4a8150e790a941fd6c6acb05d0207da0351429b454e47ff51d3d1016fb,4,1791391605.7460742,1791391626.5362146,20.790140390396118,223,241970,confirmed,
524,0x2aCB3dc7e4450cC6F90C0752906d8f39b962AD22,node14,c6b6c52d4fdd526c74e10a88e08e414aae6877682ab934d7986176e361e5639c,4,1791391605.748511,1791391628.938823,23.190311908721924,224,241970,confirmed,
525,0xe09eDB1a0506Fa8AFEBB325B507B812D0913Bf33,node00,ab244e629be0c72f064191edd0ff401ea1b167f7d43c36aa9932916a84e9ed81,4,1791391605.749904,1791391631.5149956,25.76509165763855,225,241970,confirmed,
526,0xD25B62e8b6975AA5D97736C92930e1A718F1bB38,node01,ec135d95bea3299b9d5395dc97b0cd4e6aad1969e14027f83c56da2e874d0e9b,4,1791391605.7528417,1791391633.3953357,27.642493963241577,226,241970,confirmed,
527,0xa0dD2c6bF3d9250Cd11C646bB4a81c7280D4F3E0,node02,335a082955aaaf6f5fc9fa6d971f12267b197e3a24141ce305e8e438a39bcab8,4,1791391605.7543,1791391635.1037178,29.349417686462402,227,241970,confirmed,
528,0x9b070947B74d9d374c9855E775335D4828CCb084,node03,fd495d7208f55f2725b37d4f8c4bb9ec76d6e39dc027502ba21b5459277347a2,4,1791391605.760731,1791391636.3461359,30.585404872894287,228,241970,confirmed,
529,0x7644C74A4102DA49eD34B433C3dC972Fe6e23beB,node04,37f52c8cdf0374040f80ebd81f13053ae61dcadd3b2f33423f1d6a73a9723c3a,4,1791391605.7628365,1791391609.643813,3.880976438522339,214,241970,confirmed,
530,0xFFfF1D2858d800f5b73dBF09c40bDECeC637c66b,node05,5323ecd532d7df1a661344b00bb935a8eda080062fa017c72c0193a98b6596ca,4,1791391605.7661028,1791391613.625818,7.859715223312378,215,241970,confirmed,
531,0xe09Ffa9595e36665F0Ac5C11404ff6e63B68F510,node06,1d4c970d2a29e34db84b1976b8740a46a38aa522c3275a743b38490cc027c123,4,1791391605.7671547,1791391613.7251968,7.958042144775391,216,241970,confirmed,
532,0xC7a40958DB2cA33eBe67f6B2eF038bb5157F2D1D,node07,15c65f0cd408f4063202e506eb2d00b56370a30cc7d88b98592dcd69818f1ab2,4,1791391605.7704308,1791391617.1715612,11.401130437850952,217,241970,confirmed,
533,0x21dcB5e88A16d9975BBC6457D4C825274986a3C3,node08,af75fe84af9ab2a6940ad5d0a9b4e87a090e19edad561d51155f930c5f78365a,4,1791391605.7727401,1791391616.795605,11.022864818572998,218,241970,confirmed,
534,0x839d44e64615B56b0Eb5ED2F12Dce8A28baeA2Cc,node09,d915775a4facb550e79e9b4aba73d3468ddee568e07c4d540507aa7388d56c5f,4,1791391605.7760212,1791391619.7988257,14.022804498672485,219,241970,confirmed,
535,0x1745312c40795139fD3D333d824ea414c2aCfcF1,node10,90c23a5601a3bac446b8c3721d8f09c5a59b4edb15b8c3c30d11fc563c8125d3,4,1791391605.7802112,1791391622.2067344,16.426523208618164,220,241970,confirmed,
536,0xF1ECb38BDBEf632e7D6bd12D718eB88f861FC6B9,node11,81f4a3a4fbae635ce027d2fb66249bd96134fc2a718f63a104db928b32366d8e,4,1791391605.7837026,1791391624.5881495,18.804446935653687,221,241970,confirmed,
537,0x5bB0Ad4997191579BEebde52BA7Dcc9cc33FAD18,node12,8e06286a9cdb2e3aaf630abb590e21c9dbb0edfb028761df50fbe7a303e03d9e,4,1791391605.7851074,1791391624.7749333,18.989825963974,222,241970,confirmed,
538,0x62e008782033eAEDfA443B60DfD1876A9b2BA78D,node13,7a926a8d62ebdaa89b563ad42be038aba88f7e996af3ef5efd6aae0206708a21,4,1791391605.7866716,1791391626.5620031,20.775331497192383,223,241970,confirmed,
539,0x0D279cDa4891858bC43C29DCDad32e218BA6dcA1,node14,735b2cf17167bdc35ceb2bffae6e2db2d59ef393bc4ed795fcd1a82c53dbcbdc,4,1791391605.7931306,1791391629.0668514,23.273720741271973,224,241970,confirmed,
540,0xe3c7bC9a4c2B8B88bb66179833cb3BbEA94F995e,node00,e791c2ef56e2412edca5f5b1e11fb4c26496086ed4259dd161c5e64f275adde7,4,1791391605.7985306,1791391631.5510955,25.752564907073975,225,241970,confirmed,
541,0x9be85Fa71A60716f8e2ad9dC6B9bd00b3d9e188D,node01,9a43efc33998e17b7f06bae82c01eb44f67ebbbdaa72517bd7857e8567f13dff,4,1791391605.8022146,1791391633.3773427,27.575128078460693,226,241970,confirmed,
542,0x94a67B9CE56090c2594B9a6Eb1ff3b0256666e2c,node02,ccf0926317765120913bc3a1b067bd4b79832f8ad3d68271ccd235ae42ea85a2,4,1791391605.8035145,1791391634.7173865,28.913872003555298,227,241970,confirmed,
543,0xc21bD9b38808d158bBc5a5F31264D8cfe7dF3A3F,node03,4b5ab19a1e75ec7a8f0b1436a5c3678ada00f7137c64f90a52255a3af362f3b4,4,1791391605.8056903,1791391636.558627,30.752936601638794,228,241970,confirmed,
544,0xC71cC8B767e03Cb434316cF148333A4E3e8971F6,node04,d257902acc37b19cec354f82f5352ffaf4277f976e1863dba7bb46f18244e839,4,1791391605.8113873,1791391609.6126819,3.8012945652008057,214,241970,confirmed,
545,0x015a5c1b9e3cfcf5586043b19642e42a159fa7C4,node05,180da11626b708e2f6993b26bb73e20688b65ae028ee6fe707d23a30120c2d97,4,1791391605.8129766,1791391613.8520913,8.039114713668823,215,241970,confirmed,
546,0xDDffE6D43ed35ec08b0D56eD71747B9F79FE3840,node06,fad8c12e53a63edb1669484f2c7e4e1dc99e8d82394ce3d5edb882765a325dc0,4,1791391605.816445,1791391613.6147172,7.798272132873535,216,241970,confirmed,
547,0xa0C8b69424C506Fb247b9137Ec676083E52edfd3,node07,1931d88751a83431bc0c5779ff21d8e74c287e98d6c0301b2554c2c3aee4b8ca,4,1791391605.819294,1791391616.7060194,10.886725425720215,217,241970,confirmed,
548,0x0355e6E5387c0A744c9310141Fd8eCE5A74833af,node08,da7d3e7594fdc5062292bab40eb72eca6b77013c412b0ce2f7fb9e3a76b24404,4,1791391605.8225992,1791391616.9930627,11.170463562011719,218,241970,confirmed,
549,0xe5F763fBe2ab54CB7dD95bE1d8893906bD8F3068,node09,fab42fb8db99a6fb22b8d7cff64c25241a9075b02eed1b48c31a323e2bafe732,4,1791391605.8238504,1791391619.7610238,13.93717336654663,219,241970,confirmed,
550,0xac1B7c5f1c0f577aD1F3f5240306C8a77664698A,node10,a63be06b7cef8e07777d74c642759fa4d1c1c908066098a6f3fc59530e05338a,4,1791391605.8285887,1791391622.1629853,16.334396600723267,220,241970,confirmed,
551,0x1c85697EaDF598f052fb1280A2AE91099535b449,node11,2bc1330732c975a4800f80d36d8de67e0323dcb2913498d92b23f184e1355d63,4,1791391605.8427503,1791391625.235576,19.392825603485107,221,241970,confirmed,
552,0x8529e6c8160B3BE92ea38302B944E34D54A5151C,node12,65e2229176d94d43acd256db8725f960294869f4181c40ca3225e400cc85810b,4,1791391605.8450592,1791391624.6122994,18.767240285873413,222,241970,confirmed,
553,0xc37F449aa39414aCcA41BCdFc3d146ef03a28953,node13,6de7313f2ca51f3de8c24e898ee7f29eea6f9475cbd39054e67f2173d8aad5fb,4,1791391605.847187,1791391627.113598,21.266411066055298,223,241970,confirmed,
554,0x284898B71e276c98D678d161d586320b80EEB1e7,node14,153010572b80f463074799451a34adfc9c34358f1d29997f154dcfe32e907eb4,4,1791391605.851722,1791391628.9206553,23.068933248519897,224,241970,confirmed,
555,0x87Ece6d0F92a6345960fDD600bCBfEdb835A167B,node00,1c2c9525c32f692d652b8a19a515c1bc1e614fd3fca145dcbf49dc4838424740,4,1791391605.8530824,1791391631.5179417,25.664859294891357,225,241970,confirmed,
556,0x87fEfDFA4559932Ccfa2c913d139746D61118624,node01,315e0c27c7891af78917b7fc8088bc6c3971e70add0e22f3c30f7abf8eadd16b,4,1791391605.8595717,1791391633.3853786,27.52580690383911,226,241970,confirmed,
557,0x551AEf699C57fC5c5d80b15f11BF7eDE02FF25d1,node02,3e0219f7f6e7763e320a0fcbbe6ada3a817df62c29bb03862383af876421f04c,4,1791391605.8620317,1791391634.7423117,28.880280017852783,227,241970,confirmed,
558,0x129526A33708B8168D1423A55FBc4031ffe44A20,node03,496339114d08ae7168f7fafb568dc7e9ac0566bb53537d02fdcc0ecbc1491032,4,1791391605.8665142,1791391636.4810042,30.614490032196045,228,241970,confirmed,
559,0xeCfbD249d41A460E7F218f0d83a7d16B7aAe96da,node04,23b50c22ca9c2946ac9d6a2766872e71362c771867cbaabecf390a5e762614a7,4,1791391605.8702357,1791391609.6465335,3.7762978076934814,214,241970,confirmed,
560,0x834C59b9E4263cF049f7419809Ac3ca0B68850D6,node05,7ab3f7afba7ceb55f00326d29931e8b7359bb83c8ee5f8feb1781610198358d3,4,1791391605.8723896,1791391613.6736016,7.8012120723724365,215,241970,confirmed,
561,0x57F001150974C6F9732fC77324989C34CfB3CD97,node06,2952926ece860495e2d2b0af5c1c0b633c3e021378d1a2052a8af68dbb7a37e0,4,1791391605.873652,1791391613.6680465,7.794394493103027,216,241970,confirmed,
562,0x9528008E85fE7995b9774FF9863367F3D478d6d3,node07,ff971df52fc31f7eaa6463be3caa5a3c041459f0b556d6ff421bfc7d72411225,4,1791391605.8820658,1791391616.7354374,10.853371620178223,217,241970,confirmed,
563,0xBdEF4f2Df853C7d04b1f5ad4A7ca86EAFFd56a61,node08,a251073e901fdf770f900eab9998c14773bf395b143143c9f0983f11dfd61646,4,1791391605.8847864,1791391617.1385121,11.25372576713562,218,241970,confirmed,
564,0x012B44B0AAd9E7a4DF6fc82e0353C76592A61a3C,node09,9bcb90f8777c8a3b6925af398362a6b29b4dae83ce70116998fe3b4424bf156a,4,1791391605.8887694,1791391619.7790403,13.890270948410034,219,241970,confirmed,
565,0xf0e512E1813add57045da86e732B459BCE3A0b69,node10,5bba148ceee5ee4ce264d7b2bde847e9cc85ff65b47c408a536658dd0bb52546,4,1791391605.8946064,1791391622.2406363,16.34602999687195,220,241970,confirmed,
566,0x21097aFa189f4eBc878C75493d5286A51f4eD28C,node11,c047a49f73002daa5ab8c393428ea787f085d82150f5de5f5e6744c2a6481d4a,4,1791391605.8956435,1791391624.9499269,19.054283380508423,221,241970,confirmed,
567,0x76D964902Dd866423760227C40d7e45F897dDF43,node12,7e32a2d5fc35b937068a161f0c10382733eef4c8de167cfea15199c4951ff168,4,1791391605.8977733,1791391624.6983182,18.80054497718811,222,241970,confirmed,
568,0x3A39fF61a53f13707a2CaE3c341155A6079a97B5,node13,139dd362a9c0791a5ad42a4ddf189a469080442be66979675b876cbecf94e3ae,4,1791391605.9020422,1791391626.9756162,21.07357406616211,223,241970,confirmed,
569,0x5fFFEc8F92ec7a088bA7A2c3001b39a1Ff6C648D,node14,c558c074787e256cf5ef7e1be02814b923605a7c67b93cb9100b3e3d2b61d36e,4,1791391605.9082146,1791391629.0698733,23.161658763885498,224,241970,confirmed,
570,0x8765C8354327A0dF1C41f64e8132aE88B8A70897,node00,89ba97ebf037bab3288b185127145777ff76c09fd7c366e2460b36c36fb5635a,4,1791391605.9153454,1791391630.329135,24.41378951072693,225,241970,confirmed,
571,0x6A5A375d04cEE7A2F687baB6d775D39CE3fcb23F,node01,441d146df8fcd60839d8ff7a0975d7b836fb6004336b82e8afb5e1eb179ed38c,4,1791391605.9192066,1791391633.4903975,27.57119083404541,226,241970,confirmed,
572,0xEb3f6d9bD95F85e9EECeF867621C55669Ba6c4eF,node02,3ebdc7604353e0764f91c1c740ba0bcca3a7a81ae0207728f1aebf2eb7c74e14,4,1791391605.9201734,1791391634.76746,28.847286701202393,227,241970,confirmed,
573,0x0E8e93229eaAbFBB91A7469f6eEafEb7b4936129,node03,1aa35f265a2b3e69d5293c5e5dad95ee3743a22f4407644298c60abff1973494,4,1791391605.9245985,1791391636.454719,30.530120611190796,228,241970,confirmed,
574,0x8eF89B2c5595A4Da1CF63D7487bc5185b853c090,node04,cf6559d983e4867e8ae92117e8223e5697e82a2edbe7870ae3e977abf6c1a831,4,1791391605.9285665,1791391609.8288217,3.9002552032470703,214,241970,confirmed,
575,0x1b317fa38C7117d6593beeD065740CbEBD63e044,node05,7b217cb8da8ed14e4134bbc30de07707c0e704ea3512cbb1cc7023b0297f1755,4,1791391605.9310544,1791391613.8454375,7.914383172988892,215,241970,confirmed,
576,0x9131760dF59b2095360007E3540A03850133e5C3,node06,a3d40df80608b7764be28bf354e794199a6f23ed1a1bf03089d716455361ff2c,4,1791391605.933145,1791391613.709227,7.7760820388793945,216,241970,confirmed,
577,0x5A9eDb6027363f99d60C13c01E58D73861797147,node07,cb9c2e54e7e5c7b98a25bb96216bb0488b6012873287aad6823f61b0ee3d6a49,4,1791391605.93647,1791391617.0679827,11.131512641906738,217,241970,confirmed,
578,0xD8d98c606b4405f37F48357016F6F135f416E4d3,node08,17343fd9cbb0189a23eef8b6cb8dfba864107505d2313d9edd4cb02565614b53,4,1791391605.9414332,1791391616.7794535,10.838020324707031,218,241970,confirmed,
579,0xc2a75d8352BE3A5C300Cd85ccBcAa0114bee3EDF,node09,5e224d220381e346c0f67042b36b54f1ccd3b8f3bacd2b49bc991613e3aa116e,4,1791391605.9474225,1791391619.7935216,13.846099138259888,219,241970,confirmed,
580,0xb20c40210F2a9d8e3162E21b4f2b33b19F9642c6,node10,6e6221edc22006b797de84b7c615af27626d259f908ce09f4814b3c0233e7a5c,4,1791391605.9511952,1791391622.1585205,16.207325220108032,220,241970,confirmed,
581,0x4A6135B960795c29b080aD06b00bE9d5EC283E52,node11,51e3d7b7c49eb384361b7045b06ef2bb24ebae2ea721962cbf862b0cc6c702f3,4,1791391605.9540806,1791391624.7146425,18.7605619430542,221,241970,confirmed,
582,0x48d54844dDb673488E0fA20746ea9FAE62bD08aA,node12,7dc854411f214f960156aea256533b7c67a8827bbaaf025cdc0c760ecfe85f47,4,1791391605.956715,1791391624.616269,18.65955400466919,222,241970,confirmed,
583,0x63e8Fa7881b93Ff16Ba5350d082b35457F1C0c6F,node13,b482796c3b0d362d6c6159bef54d66b337a98b09017ae2e2884e60f14b67a0fe,4,1791391605.9578667,1791391626.9459436,20.98807692527771,223,241970,confirmed,
584,0x9cC265c2993CF9FD01Fe6deC356385d3073C8bB8,node14,aeece60fe844f930ad0515a6d9434e97ba17bc835e5e0cecb12a5322263805b6,4,1791391605.9593463,1791391628.9982893,23.03894305229187,224,241970,confirmed,
585,0x7405498B737aa3369aF5FdE68C8f76a7287c73ca,node00,9b6557ad1147600200cd9ac3017ff68e8ee6939895c88699c3966d27c2d1a908,4,1791391605.9616406,1791391630.3108814,24.34924077987671,225,241970,confirmed,
586,0xaB1f31A2fE87dB4F5d7525f22aBAA00D1Bd72833,node01,e0befbdcb9852c9a2262f3f5934282d5ad5e3155149c3f86356b132025f950aa,4,1791391605.9683552,1791391633.3827415,27.41438627243042,226,241970,confirmed,
587,0x44001733A504c3dA36730A2bDE7Cfb4beE5B0f33,node02,52f4bd0145800cad3725da521e9179df45e1f7e325eb465069031e49f0ea221e,4,1791391605.97088,1791391634.8970513,28.92617130279541,227,241970,confirmed,
588,0x51219be0bc66981DC47ec9190F05c285EBB20Dde,node03,639a82908765743f0d8b35b3ca59a36c1e40f2fe47e8946682a701fc9ff178d5,4,1791391605.9735253,1791391636.423588,30.45006275177002,228,241970,confirmed,
589,0x451f4c9980c949655a2ad79F7aE8eF1cc864ab59,node04,c155982291beb23d74614b1ee144109fe7e5653031167e8d439f67c6f8a5ffb9,4,1791391605.9760778,1791391609.8859181,3.9098403453826904,214,241970,confirmed,
590,0xdF0E8EEC771e1b494BE6A8d6C36128682e79D647,node05,97a30bccf791a6856d325ec3a716b4adad1a4c2f368cdad335239bc3266b1b60,4,1791391605.978716,1791391613.7372506,7.758534669876099,215,241970,confirmed,
591,0xec60c83Ffe266F647675F6Fb8a9E4dc95F599c5c,node06,c3aace7aee651355098b5da1d6f9df07e631e2ee82f673fc0eadc0162dc02372,4,1791391605.980734,1791391613.6948621,7.714128017425537,216,241970,confirmed,
592,0xa2bE4bA79a31f3DBBcf326365280C782B4414a6F,node07,6119593077d0afc529cfa39edce99beb0f4c7b3a18bb2986bfad0e88c15adeed,4,1791391605.9836683,1791391616.921761,10.938092708587646,217,241970,confirmed,
593,0x0d578FF2A133D9906657B861c65ACa0A33CC9f36,node08,56536f7e7c6450bce25e8b16927fd095353e8a9ee1b84eb8f2432d7de94885a8,4,1791391605.9852386,1791391616.9515777,10.966339111328125,218,241970,confirmed,
594,0x2d642C0f49A4348c2De27799FC97B90B38f45c19,node09,133e3dda33b65f5768dfa59dbeb8f3cb642aed6a356bbdb3218b5850e82a7a82,4,1791391605.9904466,1791391619.8106437,13.820197105407715,219,241970,confirmed,
595,0x749e2b668015196eD21407481d5AD1ac1dC17075,node10,c05c613ac893658bc09b44fd2fe540cf1bb8e5e23fadb47b32cc9582072e6b0b,4,1791391605.9919937,1791391622.1787663,16.18677258491516,220,241970,confirmed,
596,0x9C1145504Ec7b779Ab7028a65E199e95a013ccB8,node11,a16ecc231677ff6838772cfa014f6cebd69679bcd492cd6ac54d450ffd9ccc57,4,1791391605.9951482,1791391624.6510139,18.65586566925049,221,241970,confirmed,
597,0x792DD42Ed90F9b742d36aa6f1722AD29131abDCe,node12,8712e4edcdd15115ff30db3dfbfaed81de2f1654cf111212377f5f3819811fb3,4,1791391605.998911,1791391624.7620173,18.76310634613037,222,241970,confirmed,
598,0x2a59328e1F807FFC1486C1EF64B9dF1c7CaE5231,node13,920088898cfd53b1780af7b974b4e382501aa85bdb83197eff5aea37f08b8cbe,4,1791391606.0013587,1791391627.3644054,21.363046646118164,223,241970,confirmed,
599,0xacC413bcEEEe3E1dcd8f38e0cA650698b407587c,node14,82a94d7939b27eba6bd73f115cadbf8c9af7ab2cdabb5fe21162516b96eca1e7,4,1791391606.0026684,1791391629.2365787,23.23391032218933,224,241970,confirmed,
600,0x698A09FFF4883eB94FF51e49B1246b97d5dF26dC,node00,4196b0749be1ce04f053bd479e1b03d385f7b115147ed7c073ef2245a4eb0302,4,1791391606.0074058,1791391631.64791,25.640504360198975,225,241970,confirmed,
601,0xb7BA534256bb54bfE0A6756a7FB7055B3Be60308,node01,138e41bc35ae535474cd63ae6e1255ec6ef16f9de7e20ca7c88be3f24dae7894,4,1791391606.008831,1791391633.5408168,27.531985759735107,226,241970,confirmed,
602,0x76a51160E69A478124438e3c090B01E68DB25E3b,node02,1582804f0760a3d52987426932096047452d8c2fac8a2ab067181fceeb344f66,4,1791391606.0107224,1791391634.7818735,28.771151065826416,227,241970,confirmed,
603,0x4BC9581C21b10793cCB8865Fa4041D7f6681b613,node03,d97747febab04077863e1f16369d77fa14bc4d2419f75f2833b6f6fd17ae2bc4,4,1791391606.017051,1791391636.6746304,30.65757942199707,228,241970,confirmed,
604,0xab6517acf93FF3efD12eD7cA178D04751eD9b93F,node04,c4d16789bf209c020351560a7e8d4c8e07d0253e83bf48545ea4129af715fc9e,4,1791391606.0198498,1791391609.7602403,3.7403905391693115,214,241970,confirmed,
605,0x0fcaF6c4D308542f4eD36E76FcD0D7C28a875Fe1,node05,c2b86979c9ca8ce7459cf021339601bc7d81c49847f75cbf11866bde2cfc2d2a,4,1791391606.0210688,1791391613.9882548,7.967185974121094,215,241970,confirmed,
606,0x9b2FdFCf1cb7716be0C196700c1567f3CF943D1c,node06,7edd00fe2a1f5ab5b2d481ca4dc91125b15580f0e7a6dcd3c7d25b0d3203f1d5,4,1791391606.0249503,1791391613.857462,7.83251166343689,216,241970,confirmed,
607,0x89cB1d6fE63F7086b9D2dCe60f4FB2769C86A1d7,node07,86d0a65fa14e83caf3c98e3e880e9490eee52a8d0c1416abce0c85aff1845727,4,1791391606.0260804,1791391617.1412446,11.115164279937744,217,241970,confirmed,
608,0xA675Ab1DB3286709CA3488591aC1f2Ad29B22083,node08,52f21b21a93ba520929026a4bc4b668ede2b228ed9d365fc2eebcaf0d12434dc,4,1791391606.0287955,1791391617.0346112,11.005815744400024,218,241970,confirmed,
609,0xf3B6ACdD2635D0438FAFf2c11F126162CA8Ffeb8,node09,9fc5d1e893d7e2ee735a86b3fcd0181b1f07b63a3c24083a033aa4b782c35102,4,1791391606.0324295,1791391619.8673573,13.834927797317505,219,241970,confirmed,
610,0x2541Ea7f92F7AbC8eD9c17dd0F5A66CB9482f4c3,node10,becf9e3fe46df269bfa03c17e7c0051cf9c2823cf309d99d28da9cd5e06044f2,4,1791391606.033692,1791391622.3508196,16.31712770462036,220,241970,confirmed,
611,0xE30166559b6d4a742F5076c8F4F4249f7158e9af,node11,12952e2dba9b8387dd7d3d0715a4f4fd83fdc7420b9ef05e95fbe2ba3d161ae9,4,1791391606.0361896,1791391625.0366187,19.000429153442383,221,241970,confirmed,
612,0x128E9527A39E446aEB46b73513ece5EBf848f8Eb,node12,d64bb325ec008b5fa7e20a609b037a829b4dd240ffd2d96d5d70b192c89bafa3,4,1791391606.0438411,1791391625.2262635,19.182422399520874,222,241970,confirmed,
613,0xd3688948EbC14e24D4e9A739064be6D897BAC821,node13,aabc8c509b0448eed50bc933ef63dda366c1528f38e941089e73aa4974dc9872,4,1791391606.046284,1791391627.2641768,21.21789288520813,223,241970,confirmed,
614,0x028AbD4A3F46Cb6bcD764eDAF0DA116c318C02DC,node14,3c9c87c43d3e959a8847af1ba1fcbfc31b469254e2bae761e50eea933c59e1f2,4,1791391606.051069,1791391628.906098,22.855028867721558,224,241970,confirmed,
615,0x1843c963cD941a364322dc5A4F0772b09fe2E1A7,node00,84b6b1a74bac6be7356895805359fe7dd8f17138ae5066da83de8d90fea9f912,4,1791391606.0534756,1791391630.3863523,24.332876682281494,225,241970,confirmed,
616,0x56Dbe4920B48C6Bc97f3d593d46442016b9a939f,node01,a53f2d536d54d0446df7f69e0f260d92eaea637a42bfab6da227d08192ca95bb,4,1791391606.0620146,1791391632.4598298,26.397815227508545,226,241970,confirmed,
617,0x6B4f2AdE839Fb2f7E4e89601C46DD334d5A02403,node02,9e4903ea459a7593d0c349bd9ff7e982030d838903abbf4fe469ce6bca9a859a,4,1791391606.063425,1791391634.9331675,28.869742393493652,227,241970,confirmed,
618,0x3726E31eA998F2C52CE0534f328ef68D29F572dB,node03,ad31d8798c6c06b74d71416d2824d099e719ea2193615b24df6075b22689292d,4,1791391606.065245,1791391636.4446552,30.37941026687622,228,241970,confirmed,
619,0xb484672b1A0A6777f3416A5b488BFfEabFE06236,node04,663f4f72465d3a95ad2054064616c4f06ad3b02e6e0f1ce68f7deea12922aa2c,4,1791391606.0678492,1791391610.0454733,3.9776241779327393,214,241970,confirmed,
620,0xCD61Ba3eb76e25d4c7E94633A55BDa5302CEFD75,node05,1fbd13d76ef88f25dfd3c383df642c94363078b219d6f6e8524f8f97b02d054f,4,1791391606.0714068,1791391613.7736287,7.702221870422363,215,241970,confirmed,
621,0xF0E1a7Ce22B356b84827901fAEcD4D0027bE24D5,node06,fb0e1cfd4e6abdaaee2ec55eb5a31dfb0d295b29ca2aa7d8a2b7d6dd66c6b95f,4,1791391606.0727558,1791391613.8145177,7.741761922836304,216,241970,confirmed,
622,0x0c23C37a9e7a964B3E245F894067Bc3106BDce58,node07,e666ab5a9d478c761f960b0bed2feb1d73f8bdf3266406f49411f49baf1c5a39,4,1791391606.0748703,1791391617.21689,11.142019748687744,217,241970,confirmed,
623,0x21FDA96A0E266eb2b13d4314dca37855f853A121,node08,c5e1b5feb94e058f2e6da469ce1aadff2fc0533ff9641d85b229e0475c5548d4,4,1791391606.0864866,1791391617.0162187,10.929732084274292,218,241970,confirmed,
624,0xf26cd17A23Ca99770B63A9812013dBB57598A04e,node09,ddd1de458b84393de18d4e845f8d6d966a662deebceaca06f7ca6d9fadec60fb,4,1791391606.0881884,1791391619.8654106,13.777222156524658,219,241970,confirmed,
625,0xB36a4C07244c3FC2661644Bfd003D2a1113FE9Ff,node10,ae16e28de2e6e85fcc070991bf365a75728fb7b242a972b20bd839276251d8e8,4,1791391606.0913413,1791391622.3740227,16.282681465148926,220,241970,confirmed,
626,0xEd22cAdCe9891795c97a92E94696aA25C7bd309f,node11,f30cfa88e8603d4bd280fdfd49bac911d1ddc5223d6234625294e554fe864727,4,1791391606.093766,1791391622.9858603,16.892094373703003,221,241970,confirmed,
627,0x6e43F9CeF3494D25D0054b65ffE27171f08c1E2c,node12,d8c57c4ce681f68586c09e222176af4db08431010fd10dbeda208f5ba34643ed,4,1791391606.098929,1791391624.8773115,18.778382539749146,222,241970,confirmed,
628,0xaA9E5e1DF3535F6362d24cDeeC574A3DCa454Ec2,node13,e83446c6155793614fae38d8f6d015a52b600bd5118b389fefd720d51ef135a2,4,1791391606.1010392,1791391627.4046009,21.303561687469482,223,241970,confirmed,
629,0x593C9c7A25880db720263b55e1eE01c5b6d42B86,node14,520d72b270521aaad24c73badff87e714cf4aea929b4ae59572434659bd489c5,4,1791391606.1052375,1791391628.983544,22.87830662727356,224,241970,confirmed,
630,0x445A0809Bf2B9Ef11a1E2527dBff687299c49593,node00,10de2da5c82e66884d09e583458e46752e73ed54d80390b5e6903248f42b951e,4,1791391606.111163,1791391630.3785398,24.26737689971924,225,241970,confirmed,
631,0x6a7355608b416dDCF875212F33cb0Ea55fbECC49,node01,d9266baad310e7df0da4735eb32c89ece56e70e60397469af63b760065349ae5,4,1791391606.1164563,1791391633.4856646,27.369208335876465,226,241970,confirmed,
632,0x61CbA3b62bb53473F8fAD5945b4f0a81e49a11De,node02,38fdad21a0ac133e73e79dc25e4490802565a8297911030a16480c85ca89c22a,4,1791391606.1181815,1791391634.9264317,28.808250188827515,227,241970,confirmed,
633,0x336a2C0E222D7aAab679fbA84A420adB49BF138F,node03,0781bb6bd1b52272f734087c42ea3735cde5e2fae0dae6edfae417d2430d3c15,4,1791391606.1204922,1791391636.5527503,30.432258129119873,228,241970,confirmed,
634,0x4E1B581696F84e50586209Eb58d621B0B704c34a,node04,12635f7272f98997f132eb8ee188fcdff0f68b8b72fe15b1d7f96da56da23abc,4,1791391606.1219032,1791391609.8605998,3.738696575164795,214,241970,confirmed,
635,0x6D00abc5fd157Eb101CB86A3E453824a9D7fc624,node05,f10f6e01bf56f1cf8cc5de0e463a182aff94490e456ae5d5ec28d36eec73b8b9,4,1791391606.1339602,1791391613.8329034,7.698943138122559,215,241970,confirmed,
636,0xf8232c427aCF36B1b86f53f1BBaaDAf13A1B129B,node06,422a1e4e6c50b9a66319d0878046d7bde914f55071afe2e7c3c66acdbf6cc922,4,1791391606.137029,1791391614.0410175,7.903988599777222,216,241970,confirmed,
637,0x94fBae842c6A689D1a32DCD6e6157612Ea80819d,node07,51b02fd4a47d8def96d3262528eff5250ee38d103565e290eb00f393abf61dc4,4,1791391606.1382532,1791391617.3681786,11.229925394058228,217,241970,confirmed,
638,0x0c3C5993Ea2BD583fA4D21011c2A18d8fF37D09c,node08,64731bae97a7eb5fcd12e14ad6f62419c392ca10c591a10b6ba5cff596b39fde,4,1791391606.1406898,1791391617.1739295,11.033239603042603,218,241970,confirmed,
639,0x8Fa7a38eBfC319f0DDa40076aFFAE569BDc1bA38,node09,83959d28e822d8a9cf192b3c3392f22afa8bd08ae5a0e460be9971d1669d7a14,4,1791391606.1526902,1791391620.0469534,13.89426326751709,219,241970,confirmed,
640,0x87b0Afb5aC159E124AA52A013e6161461FFb1cb7,node10,8fb815dd806bd4958ca896b27c6e83d0e7940690394332945f5ac0541687461d,4,1791391606.1563005,1791391622.277701,16.121400356292725,220,241970,confirmed,
641,0xFf48Ba57B7513BDb79D1557756d6F1c00d2E6a60,node11,c2c240fb3e7092ab2cf527310d11ad6556477b0ef2c3b1ae5b7e5f32e7f32c77,4,1791391606.1578407,1791391624.6944482,18.53660750389099,221,241970,confirmed,
642,0x10181F6Ff7Fca082A9F6D695c332F3529aF29738,node12,450b1ef3ca78f33d0fb58222b847afe05acf3a6e2b5f9c53f87889a88c6a2346,4,1791391606.159639,1791391624.7454996,18.58586072921753,222,241970,confirmed,
643,0x7A95fa3f4955d0f08fF1a596BA0B5D956c44EB64,node13,a8778612ae025a0963c8810f535cd927221cdfc2c617f540c1d89c093108b538,4,1791391606.165864,1791391627.0223265,20.856462478637695,223,241970,confirmed,
644,0x197618d9081e47c1CcDa4413CD8Be85697A74400,node14,eec3743377bcb0a7575b90f70a0aa3479c617e33a10aabc7fc705f55007f8027,4,1791391606.16896,1791391629.0465553,22.87759518623352,224,241970,confirmed,
645,0xc47C4D9b6FAFE3579C7Aca0D8C2eF7504Fe30fc3,node00,d98e982a326ca58be53ab8b9c84778979dad0f78c3fdd24e47f8588dca8d5674,4,1791391606.1732798,1791391630.4628499,24.289570093154907,225,241970,confirmed,
646,0x17AEEC3963c5e60b61E3d6D4C472a14d259395D6,node01,a82dcb396f748249ffc393dda5ef3421ea052f38d82a401074d0e511a38f68b9,4,1791391606.17561,1791391633.471464,27.295853853225708,226,241970,confirmed,
647,0x22cFcaD337c32903a3f53ba0970C4c647975C906,node02,6dec169869585a85ccbe9460d3dd1cf817975a121270fdf75f77844c085a19e5,4,1791391606.1802797,1791391634.8060212,28.625741481781006,227,241970,confirmed,
648,0x3306e38B658A9E900C8D7cFc1887B9dFb3911a4A,node03,ad65448b128fd0796ea51261838bde5b036aefe8dc00392e515207ffdfbea119,4,1791391606.1838794,1791391636.520438,30.33655858039856,228,241970,confirmed,
649,0x6D5B6D19FCa95ECFb611698E3c582eD6E1Ef5e89,node04,43ea813d4b466f64708e3a2c26ddf9553ae11afb41497cea50a951f35a5b6ab1,4,1791391606.1878872,1791391609.8896942,3.7018070220947266,214,241970,confirmed,
650,0x745828A91A5BFD89f2034CE9104d1eD8B9f16a4A,node05,dfcf109211c40b8b7dc7e444597e85ad9b323ed82ef10b00c736a12318da8f0d,4,1791391606.1914575,1791391613.8849387,7.693481206893921,215,241970,confirmed,
651,0x878e3F81A40E1F8f64e4f1481eb9A8C5f202c9cf,node06,f8164e6d6036b86073725013616a8b818448fada6528b82bad6c4d55fb1273c2,4,1791391606.193546,1791391614.0767856,7.883239507675171,216,241970,confirmed,
652,0x898b9019aE3C8066B715da62691b5759DB3348ca,node07,21e53c4257d4bca623e8bb4c3d41882d4cf9cb77e94a9bec2f6ed38221cc1ef0,4,1791391606.1948667,1791391617.184668,10.989801406860352,217,241970,confirmed,
653,0x3beBC5d4b2BC6577945088f65380595e5eA78495,node08,02604bcff0e9e6d5fb328ad4fc622843e9e327ba49b886a5b042bc9f80c78abb,4,1791391606.196893,1791391617.2948751,11.097982168197632,218,241970,confirmed,
654,0x1F8439482d602fA79d48C5AA07e09EdA36b2581F,node09,061e546de2fb0ef4e8deed9240ce4974bca994d22fdb63efa3b2e52d6ef842d4,4,1791391606.1990035,1791391620.139075,13.94007158279419,219,241970,confirmed,
655,0x0FeCC26f302c55EAc29d82d4F9838Ec431D31BD2,node10,548ad20e20a464a62e502b24769fce0491b7de83beb618d1ec35fbfc35b620bf,4,1791391606.2013662,1791391622.609552,16.408185720443726,220,241970,confirmed,
656,0x39f5D63068c39D7f7F967225980f64ea0c613D16,node11,de8371c8244b9bb19aff818144c0ce79b9fe94dd74d3e853ec752852164d32ad,4,1791391606.2030137,1791391624.9866824,18.783668756484985,221,241970,confirmed,
657,0x4F80B327c335131e69FD7cfDD4C5cE846426817e,node12,15cfabaa3f119c1834cf73960b1cb43780e6ea1bb6665808b340a42e530f2a5d,4,1791391606.2046556,1791391625.1728487,18.96819305419922,222,241970,confirmed,
658,0x1c027F86fe8E33ed0E01BD5E932247e38E287Dc7,node13,6b74407838993562980e1cda1b88a05f6b27f1a5cacee1bf17359ce4aa013120,4,1791391606.2083013,1791391627.2905533,21.082252025604248,223,241970,confirmed,
659,0x20bDc58840D5C6cba423fD7F1372C681a761Be15,node14,9730e47d2ff18912f46904d6124bb97a8e7c067e1271b513a166152aa8c25efc,4,1791391606.2092566,1791391629.2988737,23.089617013931274,224,241970,confirmed,
660,0x4827551bf678b8Df4F426bc4d1D2B6A1d5f33b77,node00,7fe7d74969ade527d15058781a77cd9c8e01ee52516f216100f3f52805111752,4,1791391606.2139523,1791391630.3185334,24.104581117630005,225,241970,confirmed,
661,0x176a9d5832CA90F7E441d2e3EA884263E58be9b7,node01,55506955c60ea38314272761dc904cbc8852f00f3337757467cfc774f6910512,4,1791391606.2169447,1791391633.451562,27.234617233276367,226,241970,confirmed,
662,0x5C48Ab4231bFa6513B9DF9ea08104a6c75B579A9,node02,d8caceed4f9528ee207c33018a9797ed636c2e73b1049a442cf528bfc89267c6,4,1791391606.22049,1791391634.8459952,28.625505208969116,227,241970,confirmed,
663,0x0806a6b68D397356796EE89adEdcE0DAFc7b0EFD,node03,dcc05946131729a7440c51353473a8a420689ff4a0c154458368866d1ef8521c,4,1791391606.2232702,1791391636.5160503,30.29278016090393,228,241970,confirmed,
664,0x3A163eCF4B74cB2502B0eb480f0F1aB65c645c38,node04,ed415c5eb447c891e4183e4772d9ebcc4c0e08fd157b3feceb58b20c83fcd787,4,1791391606.2261066,1791391609.948241,3.7221343517303467,214,241970,confirmed,
665,0x85cC80614E9e377dD35d3A14513CD4d03BB0B73C,node05,11d6d21d1b75c746e80ccda2b0cab4cf470dcae2053d7d5b04255ead4a39a04c,4,1791391606.228451,1791391614.066836,7.838385105133057,215,241970,confirmed,
666,0x22697E1F549D61d0b9307ec4400e5a7D825c8A41,node06,fdadbbc1d3bf2da835c3d6788642839fa31c3131e15b0078893fc3031afacb9c,4,1791391606.234011,1791391614.0249639,7.790952920913696,216,241970,confirmed,
667,0x86d3CA0c705AbE12d646f402f8CB986D57901D8d,node07,f5ffab6c7200c996d5f97e9c63642b630ec22a5ec33675bb18d0d97c62446e92,4,1791391606.236247,1791391617.3559096,11.119662523269653,217,241970,confirmed,
668,0x99BD40c2B4310c5264b363Dfc02Ff2AB1007aA00,node08,22a1ee8db3ef118a1f0a94b32363ac0f497122aedb91c6d76147e393a9506df2,4,1791391606.2382088,1791391617.222613,10.98440432548523,218,241970,confirmed,
669,0x1FaCC4597bD6b93Fb6c4d3205f3446dcbfa16848,node09,cbaee4b4dfbef362d324b4b9befeb1aac665a64e508acbb9234592cac7e64d99,4,1791391606.2405453,1791391620.102895,13.86234974861145,219,241970,confirmed,
670,0x61e2aAbC9AD341BB47C81d8917619D73337763Fe,node10,e3f8c677a9e36a9b885b1a17815104f30c765efcca56fbd5e37343338d3e9467,4,1791391606.242493,1791391622.33277,16.090277194976807,220,241970,confirmed,
671,0x864F4291bD799D48135A1F94eA471d010d614f35,node11,66a06aef6745a73b4dca766f173968523d7e2f45af8a446100d3608ea809c5a8,4,1791391606.2445142,1791391625.007471,18.762956857681274,221,241970,confirmed,
672,0x8EC7Ca45D29da42FDe2AFF496D68897E0A34DC64,node12,ccdd986caacb722eb9b75a9ead8b8788fec1a75baeb9694752455cd8db23c8c8,4,1791391606.2466283,1791391624.908308,18.66167974472046,222,241970,confirmed,
673,0xfa913644e3d22212Bb3e6550081E8BB2C4AC3d2f,node13,7a9c86d4b04b859f64ebba370e318cfe5f70cf32e6641127f5200ad7976f8830,4,1791391606.248524,1791391627.3073173,21.058793306350708,223,241970,confirmed,
674,0x00E56b5c0ccf62FfEF874F5d547125F1a3f4Ae0E,node14,1768f612070ca3beaceed128009d7bf58e35703555df79480768d032d5ba834d,4,1791391606.2543182,1791391629.3224194,23.068101167678833,224,241970,confirmed,
675,0x4A68a232C763259C1E4cc681A110576847E3963B,node00,a18c54e8021f94996cfd59dacc1b86ad3dfcc877201ea31ff5f73b29087c1104,4,1791391606.2565289,1791391630.368886,24.112357139587402,225,241970,confirmed,
676,0x3D4b91F0AdE3CAECFf4332E5Be1Ed5960A022E88,node01,dc428c050570ba3c5c0ffd72b1de13aa4e1184db13a3d539dfe803142ed6d0d4,4,1791391606.261,1791391632.3867311,26.125731229782104,226,241970,confirmed,
677,0x45b9E071B66f5C5747852a356Db73d5692C1750A,node02,4eacc6ff32abd55617ba3a4b6177aff83089f0e8b80396768e91503e32abbe89,4,1791391606.2620635,1791391635.055432,28.793368577957153,227,241970,confirmed,
678,0xcA8aa8a78328c616758CC90A1Aa6F7F2155DBb2d,node03,cfad26060efa74718233032a8fd6306c3503892ff70667316a08bc98242251d4,4,1791391606.2643735,1791391636.56231,30.29793643951416,228,241970,confirmed,
679,0xeCeF6DD701CBaD8eAEF2981Aad1229C6B40D1943,node04,8de1aa943be43aa3088c22d520cf82b6aa189a19d3466527f14e0a3b62e728cd,4,1791391606.2664711,1791391610.339173,4.072701930999756,214,241970,confirmed,
680,0x37FFDE40C29d7710afea934C9fd1318E0004fc95,node05,6a9e6f105895470718ede005bb6d96be68f8e209841b39819aec0f2490f6f5ba,4,1791391606.2725215,1791391614.1510174,7.878495931625366,215,241970,confirmed,
681,0x3aE05c76D25b3a514DD27299C8dCEAd77C495a1A,node06,883cc856b335bd0fa0f381f37bdb13f1ca6725ef5301d540f4bdd43bd8b75cbd,4,1791391606.2747204,1791391614.0864565,7.811736106872559,216,241970,confirmed,
682,0x26f375130A6352B74D7818FC8087BCDb07835461,node07,78a13f81d359529cccc1a2707875bd9b5de3b1a786f0cac569937d1141eaa9fd,4,1791391606.2773128,1791391617.23384,10.95652723312378,217,241970,confirmed,
683,0x9842160731d1e3782Db94EC6842F0a48961D9727,node08,33b4caefb1d1dc81aac300ad2e2c51b38c49d65ebd19ef95262d3b8c1774c80d,4,1791391606.2790017,1791391617.2726226,10.993620872497559,218,241970,confirmed,
684,0x7154C5a824139bc01bb37e03b8Ae83Ba10a8D70b,node09,2552a77076537668263f39415303a74a7787a57bc4fbbfc03bccf816a037e28b,4,1791391606.2831924,1791391620.1290336,13.8458411693573,219,241970,confirmed,
685,0x2dB6f0A6Abb988198669B9808212789A0b13AB0B,node10,a28b323c34e166580f79ce41171c89f2b33ea74c831c21da74395d37792ba3fc,4,1791391606.2847707,1791391622.4886436,16.20387291908264,220,241970,confirmed,
686,0x358A70DFB6267bDd847548CE40e7256869c3628F,node11,36599458fbf235c31206875a951bc0b279c3ca955861242073beb8e654c6aa4d,4,1791391606.2880414,1791391625.337995,19.04995369911194,221,241970,confirmed,
687,0x96711AB544b07995B6A142A4FFA4376c22332489,node12,76c820a45a6ab32eb575580471a4196c949b7049fbb57c2ac42e5d161e028eb7,4,1791391606.290554,1791391625.0323238,18.741769790649414,222,241970,confirmed,
688,0x4C7cA8166BEDA1e5872d917D71b50A959557Bf68,node13,715e7130a05c56a90fb6da2d61be20e6346da63a3e6cc4262532f493e50412e3,4,1791391606.2926486,1791391627.5116649,21.219016313552856,223,241970,confirmed,
689,0x3bcbA23B6c208060Dd96F45a94259037fA14F559,node14,c2a7cef8851e2f8c914a64227c08d4754fed1e9d9b55d25943c75a59f1f5933b,4,1791391606.2947602,1791391629.2419584,22.947198152542114,224,241970,confirmed,
690,0xeEc49947a58a697606259868cC694C587Aa6B348,node00,f7e2b288a5ac19db2b75f6d7fbd16afc6dcff5d9b546228158d4e1cc832920ee,4,1791391606.2961764,1791391630.4006424,24.1044659614563,225,241970,confirmed,
691,0x626325ec25b0B295d3B0349b4094747763fD2395,node01,a7826e42bf375e5db9652825ce95a7c29c60a3e3edaf4abb95e9827fe561f31a,4,1791391606.2982512,1791391633.561367,27.263115882873535,226,241970,confirmed,
692,0x87F64325932C06628809671bb5EDa4321a38A11c,node02,f8518ad992ba3e15376c215787329ef3641416d75d93902f2d3d50466cb85ba5,4,1791391606.3037894,1791391634.8409402,28.537150859832764,227,241970,confirmed,
693,0x0aB8Ae756b19492b5334f4e7781beA72e75191d7,node03,885b8c16373ed61279bdaf5c2864751ecbe93c5c4608f4fbabda6fbf610bd784,4,1791391606.3079817,1791391636.6476703,30.339688539505005,228,241970,confirmed,
694,0x83F14Ed69DB27Fc2404542b8a71916acB97F417C,node04,d54d4732f19ea393fb2d7bb42cdef0bc9db85dec83cfdcb8c3ced7887c38df54,4,1791391606.310891,1791391610.2621636,3.95127272605896,214,241970,confirmed,
695,0x879ED96f202f8638aaDC32504db201dC6b9d2886,node05,de02c6986495880adffc28b79a065a6fbf7e5a3de9a0c99135e9b300d44aa302,4,1791391606.3159082,1791391613.9975007,7.6815924644470215,215,241970,confirmed,
696,0x651D3B208dcf768fB0040f6E214E77a54Ca5257e,node06,b1883a0b5ed042a27ca6201e058a78072c8e1de25ca2c90f2ab56ebea8741900,4,1791391606.3185327,1791391614.014526,7.695993185043335,216,241970,confirmed,
697,0xB794f362834726Ae246f6c12988554947a49FcfD,node07,469c396b8ffd077f5eb4f4c0cbac94aa89447fbc9246af74d1cf919fc6d1aa7b,4,1791391606.32056,1791391617.4824274,11.161867380142212,217,241970,confirmed,
698,0x5fbD393d0289Cd177Bb9316bf62FbF3175beFf96,node08,b92652fc57775046cae952f5c03bd5e61c2c9c107f7538aeacf7cd39e399f92e,4,1791391606.3235657,1791391617.3757553,11.052189588546753,218,241970,confirmed,
699,0x8C073bf6eB24298BcA42432FAf385B1906345cF7,node09,5f04fa93f06aa96a7afeb9c8556a7aae437919cdd5b1a41afa450e531839886d,4,1791391606.3247473,1791391620.1904635,13.865716218948364,219,241970,confirmed,
700,0xb9aa2dEd5a3756F118782EaDc04df29507217005,node10,16eb4b8fb5e148361ce2822ab9059148b9d79fbc341317a13ae09472f51a24da,4,1791391606.3266587,1791391622.683395,16.356736183166504,220,241970,confirmed,
701,0xDE03d1e6dA961c75C702FeACBe61022f18a118Db,node11,29712671af119b6df314f39c55ea80de4e19cbe6e3bf2140831da67e36370255,4,1791391606.3285189,1791391622.3929358,16.064416885375977,221,241970,confirmed,
702,0xec94847A9ad9Fa0b51676bCE9D127C0544f1bF49,node12,4faca6d38a6be3aec8915b9a09fd99d4c94b956a0dfc58bcb77e6f26dd4522f4,4,1791391606.33066,1791391625.2432911,18.912631034851074,222,241970,confirmed,
703,0xdF86ddD5bB8FC203B00A9FD82039351ba65dA6A3,node13,9f2ee08cf80a39eddbdcfa600be531da390f151b64482e48c188eb244ffda5cb,4,1791391606.3326814,1791391627.4732752,21.140593767166138,223,241970,confirmed,
704,0x4CC6Ed42759f4FAc3eC279233574e320185Fc350,node14,6aa3dec6901ed4f5c2e18b66809bf9bba8bea933d545d58b7220292db746186b,4,1791391606.3355925,1791391629.4567072,23.12111473083496,224,241970,confirmed,
705,0xc2C79fACC12D5cD2390639978B94F50B2716709E,node00,fe3a44a5867971a6f5cce564f64e485356ed7a88faa0bf636a82a64308eefe7f,4,1791391606.3385675,1791391630.434154,24.09558653831482,225,241970,confirmed,
706,0x7C50B4223FCe8F1F243856C6327d1cf8c1Eb0D0F,node01,3e0da4b1e6c342796b16dea1b15a2dadc84617a7280c6f3e2c2d63ac7529dc47,4,1791391606.340422,1791391632.3516045,26.0111825466156,226,241970,confirmed,
707,0x32763f5143cfB938d399A552F0288B0c03099F99,node02,24b1eb5fb82cfc9611017d60eea9af04551950c2728771345a59ef6d02b5d6df,4,1791391606.3438556,1791391634.894568,28.55071234703064,227,241970,confirmed,
708,0x88481a520F7c22b3685c27047fCFDaace640F1f9,node03,8fb67182601b27d7e454d9b77fbd3549fe668f29c65d9361f048a00efc63ff0c,4,1791391606.3462443,1791391636.6092649,30.263020515441895,228,241970,confirmed,
709,0xd7BC2eBd790bEB05308930CF585DC24164aB6058,node04,13891b06bbcdcf53adf7b0af3b50d7454247286fce91e0e28ae430dd30cdb8f9,4,1791391606.3498414,1791391610.1927824,3.8429410457611084,214,241970,confirmed,
710,0xfe826128ab473cdf48b5Cefb475a37640EfCEf04,node05,883ec0267ba196a122ab514febee78288dc43e2338186564b72189243f4a85e1,4,1791391606.3550572,1791391613.9984856,7.643428325653076,215,241970,confirmed,
711,0x1f563E3F4f378C09D160ba929bCAaa7157285d68,node06,ac38dce08325c2fe6ebadc82b201ec787ec1ca2d9871a73991f86edf60eca4de,4,1791391606.3608837,1791391614.1925066,7.831622838973999,216,241970,confirmed,
712,0x0aEa2aDE96F79f31B97Cb24d07FBbcFa52c7c56A,node07,4bdc985f3a51c5dba5aa1ec43464a425d066c8cf5fb989841737216b910f400e,4,1791391606.362747,1791391617.4669569,11.104209899902344,217,241970,confirmed,
713,0x9e7F24e86EC9Bd1Af2E538947Fbf5cE5ac2b1F64,node08,636bfd2e0f2282d7c7eca869fdabdb5910ea46127e30995acd0acabed02c36b7,4,1791391606.3662078,1791391617.3729525,11.006744623184204,218,241970,confirmed,
714,0x8794643F48D1F0178BD0C9bf5070c86A3D2f8c91,node09,1d7d44724749345a330240d6052888de66df00774c24d9fa2fd70388b60cf5c3,4,1791391606.3684351,1791391620.088597,13.72016191482544,219,241970,confirmed,
715,0x8F3926D3EAD6F5BB5C23846de04f90d5A4B689E0,node10,51a5af82e21a3bcb35d2d1c1a407ddffd988293fdde23d89151eda6eef55485b,4,1791391606.3733099,1791391622.3991313,16.025821447372437,220,241970,confirmed,
716,0x783789510ac9E06E603E3530A967c2d03F5a0863,node11,5b0af7ad2280e45e938fdf2ec2f060555165119f087e6540781429759bb2129f,4,1791391606.3759735,1791391622.4713206,16.0953471660614,221,241970,confirmed,
717,0xA33311Ed497e0E2fd77874a71184de95D179d4b8,node12,24b9f7cb4466365f36c9654ae51325c8a37bdf7011e30f9f1afcc58bab8b902a,4,1791391606.3781161,1791391625.4516008,19.073484659194946,222,241970,confirmed,
718,0x772d9e1b30Df64C663AcA8CEE58fA4F24E0aFC8C,node13,554c47bdda1868471e85320c242fbcdefbb4f3925057ca9f097e9f0d60ccb9a3,4,1791391606.381296,1791391627.3761816,20.994885683059692,223,241970,confirmed,
719,0xEC52B53ecfE9bdAa8b28af7305a5A2c89e84B9C1,node14,80ec391a88ee84ca1fbc3bdf17235e73c712fbd94ad7003b1d7d9cd4fc24b560,4,1791391606.3845584,1791391629.2548542,22.870295763015747,224,241970,confirmed,
720,0xF5bb5B21a689d54CC5AA1a4aee1c896a253e9e3D,node00,e677fcdd5ce5226e33f71d9b54c40070808dc9679670322e6207c13615ec9611,4,1791391606.387022,1791391630.521119,24.1340970993042,225,241970,confirmed,
721,0xa68A9B86787b3D3951b0F3378C3f9C27A442CADf,node01,b9cc1100372e4e7cbcb60cc4b5ab3965b5c09f499294ce45f65c8c4eb3c365c9,4,1791391606.3894546,1791391632.397852,26.008397340774536,226,241970,confirmed,
722,0x87ffF3c0c62EBC94fB90fB0FA01Db1ba60BF2566,node02,787866995ba81e067643482fef7bea72cd6e861e52d9ba9f36b41ccbb01d02c9,4,1791391606.39127,1791391634.9423902,28.551120281219482,227,241970,confirmed,
723,0x462aBb6F0e9e3c7F858414Aa76676aFbA5552914,node03,a2419884df3767d8dd5361ee6a734d8e4d65ea38c243aefbadd9fe76995cc8d1,4,1791391606.392476,1791391636.6651285,30.27265238761902,228,241970,confirmed,
724,0x156d72fa0300CB62726af4dA5735dD3df1aBa9D7,node04,fe7b4f12bba6dffa91b41630629039584cc557f45c150960791a809aadbcb2d0,4,1791391606.3936484,1791391610.239198,3.8455495834350586,214,241970,confirmed,
725,0x9197BE0F8Edb42C0d14a4a4111bfD90C306d0AB3,node05,bf7bdcf3c098ceec270e8307de5e54c9faffe13ace5e0d083b99e00f1d051bb4,4,1791391606.395609,1791391614.2372298,7.841620922088623,215,241970,confirmed,
726,0x7B087D0bb71874351496684E4a0d55dF57926b53,node06,d37971fe2809ede78f6a285a84d8745b2677ee31ea214e35b5c16d06b52a76b5,4,1791391606.4019687,1791391614.2112772,7.8093085289001465,216,241970,confirmed,
727,0x11A066e25a2725a10F22bBb8E9c5Ee7819145B9f,node07,6d58410c85f85c890838e8fe3fd3cdd7319392ce12de96be4e0e536d489b2def,4,1791391606.4045815,1791391617.4116805,11.007098913192749,217,241970,confirmed,
728,0x63C7974BA7eD1B1334A26816DD5BDC40393B6d64,node08,8e0c3cedc9756ed4e955a7920116ac53be63288838e7a562575d631a3d3e30a8,4,1791391606.406703,1791391617.5387971,11.132094144821167,218,241970,confirmed,
729,0xA1d765D1B2e72F0FC0CdAe069C9A5E61B46A73F2,node09,fffa5a3fe34026d444a30ddf517bdfd0cab953ecf1ec51edad0c7f077703d143,4,1791391606.4103825,1791391620.207235,13.796852588653564,219,241970,confirmed,
730,0xa5280519fe41Dd126f93190debE5dd1272451f60,node10,c7048e7196e769a0417e7c3ee72e6a48f3d6b92e2ca68dad8609d7ac5a9507f7,4,1791391606.4137068,1791391622.694894,16.281187295913696,220,241970,confirmed,
731,0x33a098ab1b5afEA30a768752C71dF77c1142792D,node11,51ad67a54b854e2fb8adf225565b41995c65375adcaad59f5e605164b2e66bec,4,1791391606.415853,1791391622.849568,16.433714866638184,221,241970,confirmed,
732,0x0e8477BDeeD196ffad917918262B0361709aEfD0,node12,a2233ee5a690e87d306f3f0368ee114fefbbacf116498963903c9811273e952c,4,1791391606.418387,1791391625.0855348,18.667147874832153,222,241970,confirmed,
733,0x4dfD987aedF72355F79b6E139C47Df21043feeBD,node13,b4766ad26f7ca94a3416b57d8fc0c6ff4e7455f60e3c12472945fe9b0ddcbb9e,4,1791391606.4212766,1791391627.147925,20.726648330688477,223,241970,confirmed,
734,0x3C5153052d5eb384b090c9F7a110FB66c3eC0C5b,node14,fcd6148f547d8ec35b2c310b79cfdb8997e7d4e41d69ff9ba6f189eda8154fea,4,1791391606.424011,1791391629.4053624,22.981351375579834,224,241970,confirmed,
735,0x8172Eda504385Dfff05aFE3D668C958ccca2Fa25,node00,33e635a9e21f6b8d40c6518b0bca6b82d298813b40967a01ee1669df3b689973,4,1791391606.428616,1791391630.646574,24.217957973480225,225,241970,confirmed,
736,0x2a5070f2f27BA2d0ADb9982A4C57b1F6Deb60502,node01,1b98d4877146a285d0a0d0daf1467124dd3cc8e8dc3ce92922dab28145167c83,4,1791391606.4330688,1791391632.428279,25.99521017074585,226,241970,confirmed,
737,0x725AA0C4137c5e70554314f8872C51125A6CC077,node02,5438bd23cc23d1e8fe0c06b96b58d11a2a162018633939a5fa09899adbc9b6f7,4,1791391606.437111,1791391634.8543077,28.41719675064087,227,241970,confirmed,
738,0x3d7A8c275dA2C25552367f16734994256D11aeeC,node03,d66fad5a5a46aa8f3796cb7f015535d2477a2ad397f8e98bbdd213e18f280e2b,4,1791391606.4384174,1791391636.7035112,30.26509380340576,228,241970,confirmed,
739,0x86C6c9057Dbfc16aE5F5Fa852D46F4ee6556513E,node04,da71b1e455597119cad2597d24e9dfff5925249f1d16ee8e09831ccf5736cd1c,4,1791391606.440764,1791391610.2941432,3.853379249572754,214,241970,confirmed,
740,0xb9E2d264E71CAf37BD5Ba27538b404088A4D9fb3,node05,8913cd1e33041614da662473d41dfd91ddd3d3163c432e0ca9d3bbae5bc804ee,4,1791391606.442824,1791391614.321353,7.878529071807861,215,241970,confirmed,
741,0xDAD69a93E9F3AA7e7C7D0754BF1283af3ee37c5E,node06,dd5820e809020a367aafec4891746fc34376856e363d2067badb2b9dc1752358,4,1791391606.4444056,1791391614.1658733,7.721467733383179,216,241970,confirmed,
742,0x7c74176180Cda32bD4876fa2aA3B43b6d6CbcA31,node07,5e39b973e49b60acbb59f7d582300dae6923f6889ee9e282e788e894cf54b7e2,4,1791391606.447097,1791391617.5890243,11.141927242279053,217,241970,confirmed,
743,0x63688ab515De4CBbBa698841B631c695802Ff705,node08,53feb95d782c8ba0957928ea97c43a8ca4ddff37f8ba5eb174d693b4baf80ba5,4,1791391606.449526,1791391617.5509849,11.10145878791809,218,241970,confirmed,
744,0x0b3B4F150e188a7d51300Eb1238F110c8f156ca6,node09,e91465b8afa05ae70f8ad65da7e3fbe14eb46a0c4b6d37bf63ed606d7053612a,4,1791391606.4519837,1791391620.1468155,13.694831848144531,219,241970,confirmed,
745,0x1625a3687cEFc4fD5bDe77677981Db3FF05E2Bf7,node10,d4b24f01485dc32e03227b8491d76a2a9b0b35c92dfc237fab710b25a3d079d2,4,1791391606.453742,1791391622.8165622,16.362820148468018,220,241970,confirmed,
746,0xf077ddEa41b47067E43cdd5d3f1C0E1595432466,node11,1c12512dfa5d0216b8cc40ea3da85fbfc0d09744fe802875d34e08cdf6f93443,4,1791391606.4556515,1791391622.5654507,16.10979914665222,221,241970,confirmed,
747,0x01010f82FAB540e5A7937BA4279BA2920C33b1A8,node12,e70cf55a2ae53b19bf21486862288bb3a4d2e8f7c4260879175c9f27191d5b95,4,1791391606.4617813,1791391625.610539,19.148757696151733,222,241970,confirmed,
748,0x1317f4add956bDCF10983B3f4C7c63CD2E0A4fc7,node13,0c9958e840c8fffe979af602e0b691262a58c06c2cb2b5f4a7826d57e00c7138,4,1791391606.4638374,1791391627.4238455,20.960008144378662,223,241970,confirmed,
749,0x98396E1fAC96cacD561E8801191282AA57f91dE8,node14,a7c1a8944831e34198c2b09450bbca8601a35a0fd50fcc70789f37a6953c34cb,4,1791391606.4659054,1791391629.5297396,23.063834190368652,224,241970,confirmed,
750,0x30C4dBfcE8e2FE2f0Ebf9e1e7BBe484A7a805423,node00,f4a2c6c4f11d6b97b45cbdeedadc3b36734a9100c3091e70d00283081c0791db,4,1791391606.4704843,1791391630.4047098,23.93422555923462,225,241970,confirmed,
751,0xC19d3Cea6B511235274893b611F0169933c52274,node01,388d6ceef77b46698676c6f1d5e90b91b2211515c7a47e3fad16821aefb319f3,4,1791391606.4718852,1791391632.4658976,25.994012355804443,226,241970,confirmed,
752,0xF1A9f5bA2C5721878777763C5C36f7c12220FF43,node02,9483f46c1e9e92fc3cd5ab9ee61255c731c3228e77769734fdb00dcb48bc6cbb,4,1791391606.4735763,1791391634.8844311,28.410854816436768,227,241970,confirmed,
753,0x75f415b460562648176971C14197A5F8E1570e8c,node03,9d04f60141fcdeb0058a898b60967c31504c8d0c3738188b33f5c7243a55ae2d,4,1791391606.4770641,1791391636.5605283,30.0834641456604,228,241970,confirmed,
754,0xA11A15F86e1A0d7d810e3Cae01910A143e03B87d,node04,ce15f126c5c9fd1695cfb1a6f73081bea3eeeaa5701ebb2da6de7dc34ebac5d4,4,1791391606.4790027,1791391610.2086878,3.729685068130493,214,241970,confirmed,
755,0xfD4c654CE26be2E8aeA6A21F005322D6786a9038,node05,780cac34b67a349b5ec96c702849b8b8bb765a427098a1f467fd02fff21fc07c,4,1791391606.482105,1791391614.2728949,7.790789842605591,215,241970,confirmed,
756,0x4ec5a6bE82Ff43609b7d971a093F9c431B96e1a6,node06,cac1064eab977e1c758415e5a52e898fc2e565ca07595e4478c77d26c791b0b3,4,1791391606.4844604,1791391614.384986,7.9005255699157715,216,241970,confirmed,
757,0x772eb77ab430aBf53aD72C4Bc8bbF9443899C0d9,node07,61f517eabe0707e5c126a1b76b14d5acfa7c727dcd9062be04aec71b8efac2cd,4,1791391606.487674,1791391617.4958024,11.00812840461731,217,241970,confirmed,
758,0x6D2aFb9c1705a0Cb7060ffB701AAA6483634A541,node08,00028f8ae1a833119aa50bf0e075097f6028009fd9c6ad9469a1f9bdad899ba7,4,1791391606.4899778,1791391617.4787424,10.988764524459839,218,241970,confirmed,
759,0x82E69a09D88CD8725afe97836007e65A6490C643,node09,daab4645329fa4d8181217a6ea6c03fb6c86f1d5967bb155e82e85b89d155b5c,4,1791391606.4921503,1791391620.1523983,13.660248041152954,219,241970,confirmed,
760,0x1Da6d316A2e125D74e32313663Ca63d7D5Be1Ed1,node10,57c61220d49cebb197f6f979977744e3e9bc1874f2d65e97b708b4d7a7f20a33,4,1791391606.4957182,1791391622.795667,16.299948692321777,220,241970,confirmed,
761,0xB55b336f41f210941E2eca1cA17049F7b57342A1,node11,fc80e6fd6964e35e8e2745039c1edb0cd890fb812e78fe96212dfc31801e81cc,4,1791391606.4993503,1791391622.6202762,16.120925903320312,221,241970,confirmed,
762,0x2a032F0B640B78F6a98F568c750b8d2b1316AD5A,node12,242a45075c91b04a7a4243b843c7ece9049b9b7ff3929f414cb68d3b4db6a4a8,4,1791391606.5027752,1791391625.3809931,18.878217935562134,222,241970,confirmed,
763,0x57B2795EAC56697Edb6478C44Dff1971641B91b0,node13,2ff4ef71b0e6d833a4d177019ade7b65642776eb049991fe33a3331cb58eb147,4,1791391606.5061781,1791391627.5732267,21.0670485496521,223,241970,confirmed,
764,0x6bdaB6B850D9dA90BF79984c0f051E7Ed10d41DB,node14,53aa1b9cbe00bf7ee7b3f6e7b808402b4f45aedf2ff6ede4d95eb3f2381f7996,4,1791391606.5082135,1791391629.3862052,22.877991676330566,224,241970,confirmed,
765,0x3E6Ef661D80290A561b914FFB77b8Ec76C31afbf,node00,8129296cb0aa414bbba38a5e3620750a5410531660887d20f58fdb0714e91655,4,1791391606.5123277,1791391630.494605,23.982277393341064,225,241970,confirmed,
766,0xD56970527B46eF9a0D96ACac675720c5f3d2Effe,node01,95a287780aa8fcf795a8098a81bebcb659b5cb2aa7a6d3fc7950011baf558e57,4,1791391606.5145488,1791391632.358377,25.843828201293945,226,241970,confirmed,
767,0xd488A4188Db79138BAF9bf56Cfc4c7C3E173b0f4,node02,4371b284238e48334d8b7d169ade0e0a7b8cd78ee1e9aae1f8a68f95601f7102,4,1791391606.5168982,1791391635.0178921,28.500993967056274,227,241970,confirmed,
768,0xa9Fa52c97005c6BeC33eCa1A6A76efC149675BA5,node03,cd1d8544acf4272098d1a74ecfdcfdcb7e1325bd2898bd05265e561b39d22b59,4,1791391606.5399084,1791391636.705631,30.165722608566284,228,241970,confirmed,
769,0xB2753979250c8931625d2651dC06875E39ACEE95,node04,a773445fed1a6adf0eb8a66a035748bc6a73c66ea00259f51a1a39ebe4f8471f,4,1791391606.5413282,1791391610.3296003,3.7882721424102783,214,241970,confirmed,
770,0x78A1c7848BeF2d19a23e717736AA7B22a6f59CAe,node05,c96b594b4df4ac04d251438ee41a86d97e2c7495fafccd333e51d33b3fb99acf,4,1791391606.544026,1791391614.2362652,7.692239284515381,215,241970,confirmed,
771,0x86811a07E7B2A2A38dB4449FD2F42f603a86ecB1,node06,386bb05481b3765748d667d2e7212da05d23895b76f9e422383e9adafa4ad0c1,4,1791391606.545953,1791391614.346721,7.80076789855957,216,241970,confirmed,
772,0x91DafC27257Ff230e2f41D519fe55C38b2Fae31D,node07,c02ac573c2e5a03c8fe7d668eb6bc262e6766be49b547595fea6d9767904bd62,4,1791391606.5495276,1791391617.5193496,10.96982192993164,217,241970,confirmed,
773,0x9e7372C40e4a124570eeF6d97F61b83cB4CF5f18,node08,583234be888fcfacd19f1cfabc9242e4f9e7abf48dd600da30b27191195492c2,4,1791391606.5509608,1791391617.4994414,10.948480606079102,218,241970,confirmed,
774,0xFf52367DA34b36Cc0c10A7bB44753f8357D75Eb8,node09,392c47aa4a260c3021505b8bd654db89a7f33de5214412586b464f1a64a33d43,4,1791391606.55187,1791391620.2653458,13.713475704193115,219,241970,confirmed,
775,0x5edFe5aCB3Ec6DDBab3D13e3f6964FcefBd59927,node10,91ffc3eaf5d6c7d9f025655e174dd69f3da791997fcb906c4027b064f1414bb5,4,1791391606.5574074,1791391623.0617568,16.50434947013855,220,241970,confirmed,
776,0x63a24a5Aeb5f6e444e5734df182C35Aba2AfCE6d,node11,8ae3c65e79ef5cfb345e8a137c5cea617e91da8529d2b212ef38fcc46bb6cc83,4,1791391606.559041,1791391622.7834413,16.224400281906128,221,241970,confirmed,
777,0x6Dcb468e2a191E74094bBe299B8DA9e882C4be93,node12,319040a81f3343a678c316c1902984baec74d822115f9e2f3ca0351492fcc66a,4,1791391606.5604694,1791391625.4566495,18.896180152893066,222,241970,confirmed,
778,0x6F2f6EEad6E70F17D7419920532df9E3B391c0FF,node13,dd59720e93b6ac1fb84f3085da29d67675c5e46c9cee5724e9a7e9530ea26da1,4,1791391606.56339,1791391627.5030243,20.939634323120117,223,241970,confirmed,
779,0x9A59c83be5B1FC3705F6DbF1c85793dD814C5EAb,node14,8178e4a876b1f5393ed8b8a01c598d9d85988712bd2a825448a059cf12ad33d2,4,1791391606.5655692,1791391629.3506362,22.785067081451416,224,241970,confirmed,
780,0xED89505AB6291F631029a16968fa29c364cF627b,node00,acfb6a3ba90fffd68d186136f2c2ea76a3ccbd3bf284b74d1e3fb2b55342472d,4,1791391606.5680299,1791391630.5056891,23.93765926361084,225,241970,confirmed,
781,0xB3E079cC359A74513CdEC6AaE0fdAB47bA6D3Bea,node01,c067c8a86ebdb1565678853e86481a018ea16d0f0b0d9f104fa4f02b8d746b20,4,1791391606.5699196,1791391632.5960305,26.026110887527466,226,241970,confirmed,
782,0xc7Fe06DCB12178375D1F4C24aF632b9c7474EDdD,node02,b30159f867ac7bd49fbd7dd91dca01c153abb94044c293e6397b27253cb78c46,4,1791391606.5716522,1791391635.0456927,28.474040508270264,227,241970,confirmed,
783,0x4b5F486417BBf80e211b10E5EdDaA56040B97794,node03,3b211ec75e6382f5d58d4fbf09594c17fab973b937f9cfd086fa033d7db99fc1,4,1791391606.5737898,1791391636.742434,30.168644189834595,228,241970,confirmed,
784,0xeCddE449363B32039a0a86251A2C40b4fd9e7dB6,node04,b22036c6facef2cc78579f70803f88b6fe4c73b1bd7e62e8ce9b08d38914a77f,4,1791391606.576693,1791391610.2868812,3.710188150405884,214,241970,confirmed,
785,0x8cccDf0F65212e78Fb479373dF5f1c8d6d49dbb9,node05,b038694943d958d1e02c24afe70f235def130826a7f12ca22edfdf5738966bea,4,1791391606.5808308,1791391614.354524,7.773693084716797,215,241970,confirmed,
786,0xE292a16916b9336F2A93132614a4B999b0245c57,node06,cf70bbde511ed46a4ea6b6bd0b0c1fd3456eca52df329eef23577726f65d6d79,4,1791391606.5831637,1791391614.3899596,7.806795835494995,216,241970,confirmed,
787,0x3D0f56AA5EAfaac82B316616FdD7f734a9848a24,node07,407144e4db1889632679ef28a7500dfb7810a3892c952aac68a732fcdccf8bca,4,1791391606.5867624,1791391617.590744,11.003981590270996,217,241970,confirmed,
788,0xC0D038eb94A9E4869546ee2F7A00343b944532E7,node08,cf4bb383f6b1896fb2b597765e17758d9dbb9dd4230b4c2353f00e910e0aaad4,4,1791391606.5896285,1791391617.5227184,10.933089971542358,218,241970,confirmed,
789,0xDb22b3A1B891053560d007eADE70D92800bd1eb6,node09,b4a5eac1fcefacdc28d8545825d828d52bf099fe10ac1df1bf5f3111c80e1ce3,4,1791391606.591806,1791391620.2350454,13.643239498138428,219,241970,confirmed,
790,0x3f1d81244C5c19B6e806eFD2fed0BE271e4b0264,node10,eb6f39e746d3ef227b1c65100868fa5e5706cc8d1ae32feed23ddf093d281fb3,4,1791391606.5926666,1791391623.191096,16.598429441452026,220,241970,confirmed,
791,0x294C73C31719C265B2F2DEBA25365171349D520c,node11,539e57123f9af58ffa8da2c31331ad0a7b0907337c5fa1498d8d4913f39a9b80,4,1791391606.5948014,1791391623.0335367,16.438735246658325,221,241970,confirmed,
792,0x527BC88745e8cfAe44C7F13c2e43Bf7f96B49aB1,node12,0fb84482ede76c246c6fc25655ddecdf0d5f867c598d5d2d2d5a586a8a8817d8,4,1791391606.5986989,1791391625.3970325,18.798333644866943,222,241970,confirmed,
793,0x34aAb31dD135fB13147A2dFaE8a2f9F120A037B4,node13,410feb3fa6679c44e5ae8f1c0e0a8c7b6001a7d309642c47ca59d178ee064b6e,4,1791391606.6087213,1791391627.4366555,20.82793426513672,223,241970,confirmed,
794,0x3F7e6d706DF71CC5d5Daa8a9369848270d73fb61,node14,b8e116c5baa382ac1dd75ef4916f3a61e824ffe094f4fcc888f8914af9a3fc09,4,1791391606.6099963,1791391629.3445702,22.73457384109497,224,241970,confirmed,
795,0x3E29eaf2B0b7b678974c305684a3a9ad14D9eaba,node00,a84e3720510dc8bd874fdb2fa2cf7cf96aa1b4c85ca7329f32bc6e6329c360bd,4,1791391606.6127982,1791391630.4116142,23.798815965652466,225,241970,confirmed,
796,0xA2406659FC9977E50e29566107559E4B864E9ca8,node01,9448669017c001e924ab3d8d87961d82840d364dede6eac6aebeb75edc95135b,4,1791391606.6138837,1791391632.4615848,25.84770107269287,226,241970,confirmed,
797,0xc9EBFBb9D8Af46Dddc679e2f55C85F29d6871295,node02,807e98b8b399ae9442fb3ce2ab5e2cfe09a3aa0d91d803dfde7f18a3a5ab7cd2,4,1791391606.6152265,1791391635.009187,28.39396047592163,227,241970,confirmed,
798,0xAE06Ba31C17f06562e937C04204ABBFBbbEA8b2d,node03,a07f9629545f828858106450fbf379af928ce9ac102814f8bf65f0d000105a26,4,1791391606.6208217,1791391636.701242,30.08042025566101,228,241970,confirmed,
799,0x1d41e1E12Ee2F3c1829152b3a1CBD01F49442eCf,node04,10e558594e98c047d92c27474387197f8d0d3d39b858118f38fbbe53b322153f,4,1791391606.6258335,1791391610.3484383,3.722604751586914,214,241970,confirmed,
800,0x4dBCe616a76DB07A61F910F00B67E6C95A621b8A,node05,f33a9049f1d422a5aaab488bc597027aaa9a698ec3cb4f2b7286d2a80bc3ab28,4,1791391606.6276464,1791391614.2750049,7.647358417510986,215,241970,confirmed,
801,0xc99641d2dF6b6604bD40254abF1f6955dB105d53,node06,ff1dda4166e0a5fd6665216e7d07fd558567822603321d64e6f9f84afb365885,4,1791391606.6301594,1791391614.3408546,7.710695266723633,216,241970,confirmed,
802,0xdd75517360597A0E4E1e160A2002D011c7A4E11f,node07,bfb8615095fdcfeae5d55d66088e9096448b7ee8e3e4417f98c475a52ebe86e7,4,1791391606.6324263,1791391617.546318,10.913891792297363,217,241970,confirmed,
803,0xcbeE7332F2bB77F43403EF09F516f5f0974aF85b,node08,aadcdb7d2fd575e70c7a8e18c5d591fb193a393aa304439d096ba152c1a1d54b,4,1791391606.636448,1791391617.5599883,10.923540353775024,218,241970,confirmed,
804,0x46f158c0851a23C848d969EAD6C392339f8BeE1a,node09,cd40673ca4d0ecdbb714d30ca44155c6f3d3ccc08c094f0eae5a224f81f49345,4,1791391606.6394215,1791391620.4057705,13.766349077224731,219,241970,confirmed,
805,0x60477Dc81460585155CA44D9c2a65c72edBE9928,node10,0f052fba7b5acaaf2b27a9e4d4ba9d4239da7cb25e9fb03052d51355cb4b582f,4,1791391606.6419249,1791391620.2846162,13.642691373825073,220,241970,confirmed,
806,0xc81c1aDFaAdaF2C54e49Dd9EA03dA9666354620A,node11,4688c4fd2bfb7bbc4935037eeb40280846d7e3c451b50e835e0e0c7a5bbeeca2,4,1791391606.6496782,1791391622.9304612,16.28078293800354,221,241970,confirmed,
807,0x4cF5c3Dd228b4aa9686aa9631A797c4671a945F8,node12,788aa4af22d399ec384b43c818ca3c39caa7af7f2aa4416fc77ad28bc4e5a408,4,1791391606.6517463,1791391625.594099,18.942352771759033,222,241970,confirmed,
808,0x419BE6F5C2BA69f67fb16bfE8ed8252c410FE96e,node13,504e9c73a0ac1e2015b71b47d0339cfa258d2fbe40d4006527f7e17d05c5555c,4,1791391606.653174,1791391627.3039713,20.650797367095947,223,241970,confirmed,
809,0x20cDf6F2FA01052075e40C5b586431a73d849477,node14,d629b0c4c573b0d0c545f32bcc08fd87ee7b2e4c6c546c7233c26ea0dcd3d9da,4,1791391606.6573486,1791391629.511258,22.853909254074097,224,241970,confirmed,
810,0x33Be53b2c639c1eE6bF4fb1E3B2C941c25D971FB,node00,7297b8494573fc6a91c440987b4a7013ab3c365d20d220b5b03ea79cadd98036,4,1791391606.6588392,1791391630.7088602,24.050020933151245,225,241970,confirmed,
811,0x04f8ced479e707CAd5ba07b589cc50014c0b7f5a,node01,0fe6bf8369b6b7f1c20648c745b53a5e875b88548652ec1ed026dfb39c22128f,4,1791391606.6598532,1791391632.3556554,25.695802211761475,226,241970,confirmed,
812,0x90Df82b6b816C398Aa6B0075888A793606f1C2eE,node02,0fe93b7bfc72a35b469f44913059896288d164db40b3a5bc46e6fbb0a492e907,4,1791391606.6689105,1791391634.9295354,28.260624885559082,227,241970,confirmed,
813,0xCA74af5DaC8eA176738F1e49B918Dbea2E6C26B3,node03,7eff0fd8e5e02965cfe93fb48859e9fd914e9e76649ada830954b8e34a23961a,4,1791391606.671276,1791391636.5363204,29.865044355392456,228,241970,confirmed,
814,0x138cd304E633BEC1d1E7ee55b3aB63a01f603b6f,node04,68bf2dbcb0a9da5a9c18b1a66f439da11d4b0beeb19e731174c5454583a70494,4,1791391606.6769156,1791391610.5700796,3.8931639194488525,214,241970,confirmed,
815,0x96Ae9f783B010F125417f4B6a3Ad06439B2671d1,node05,4658dd63609630f990649f436ce96001c2a0a1dcecd5b71aacc38688e5ac516b,4,1791391606.6796703,1791391610.5864491,3.9067788124084473,215,241970,confirmed,
816,0xB3d609998E3e5Fad4d7EADccC3770c78C896299C,node06,ab59728451c18596bb18983fc35b1a08e35487e7b8ce8f9b56b6ea63caed0981,4,1791391606.6810899,1791391614.6485562,7.967466354370117,216,241970,confirmed,
817,0x153513E579eE8273EfaEe3EA6B4823a2FA89F133,node07,59507a78a795398221ee04137ab53757c8855a2abb528742a337c0f1045b2582,4,1791391606.6857033,1791391617.6425695,10.956866264343262,217,241970,confirmed,
818,0x33FD1bE6fBEb662151fa31cDdd2B8De255D8914c,node08,1f93551fc6f80aa1f9a4827c947bd7c354810e3de4d1db44fb8f360b59c1606d,4,1791391606.6934922,1791391617.6987846,11.005292415618896,218,241970,confirmed,
819,0xb1A7312186Edbd1F28E1d2c95D8F7187103a2BB1,node09,d5d641b35269fddad243afa391b4041efc36b3ee71ef782c5c67875ba8fce90a,4,1791391606.6954286,1791391620.3946369,13.69920825958252,219,241970,confirmed,
820,0x568D2Ee4CF983af250d44eF3CEbccB2C3dcd4440,node10,afa96aebe6d91f9a189a064598f36569e9f91b3a7c82a7a22397a02e17a92f3d,4,1791391606.6966336,1791391620.4868052,13.79017162322998,220,241970,confirmed,
821,0x4a9F4319ec81af616FD1A16bB91776b86d9B444f,node11,f298b790ef6833ce64fe46d58ea7cdb85922a83012f43b1d66d6e1ce9b1337fd,4,1791391606.697583,1791391623.1942403,16.496657371520996,221,241970,confirmed,
822,0x3cE5C91DDAc95f9D79d24c1bfB5ad929199D09E1,node12,4a68b99e5e6af652868a798dc7126d37ef06d8d2bbf4151f542256719dd21610,4,1791391606.702038,1791391625.4291527,18.7271146774292,222,241970,confirmed,
823,0x7bdE8F2a292303F7B7F823a184753568609b98d1,node13,bc51de172bcaa49fc4fdcd70784dafea148300631012d39f0a007fe305d5a357,4,1791391606.7039654,1791391627.3268204,20.622854948043823,223,241970,confirmed,
824,0xB1d77e1E1EEC5218E3bE052A53C80a0f1Cd3aD88,node14,fb146fcf92afc472211c9b5c4c994f6bf82f3928878dbb9744da02364aa66206,4,1791391606.705776,1791391629.2926872,22.58691120147705,224,241970,confirmed,
825,0x8cc43C3f369648eE62E925149B5dF9B12886fba7,node00,10888e4542b123450cb81a5ea0dafba738c51eadbc274d422c7d20a9da89d989,4,1791391606.7077749,1791391630.4808338,23.773058891296387,225,241970,confirmed,
826,0x32e892d86D93bF64D6Dd39f85c4F695dADA43B6C,node01,e25cf46a71d87a8891f0b1fcb6d1fb171638194a1fdaebadd599242757b7c6f8,4,1791391606.7138755,1791391632.5853603,25.871484756469727,226,241970,confirmed,
827,0xC40fdC91da4728a9ef1BD754877573e9B7038B8B,node02,a500afc8ae767a3a505d0917be17f8134ae4a220ce8188358c7171ec255b9ad4,4,1791391606.716879,1791391634.9359138,28.219034910202026,227,241970,confirmed,
828,0xc5F72D4410564d363f6a38DdBd432901C886fD9f,node03,3ec1caba24de68d2f380606188ef2b824fd2b376ac3d9b23e18b5ee6c321b62d,4,1791391606.719163,1791391636.7044694,29.98530650138855,228,241970,confirmed,
829,0x123a93ba7dC2d1da871105A559B8e7863228206b,node04,4a6297cf1236e988de6729a5429e047a653bd03cb8da6d9fa039d164ce8d2a8e,4,1791391606.7226458,1791391610.5341263,3.8114805221557617,214,241970,confirmed,
830,0x1d5b25b7f85B5Cc77754eBe069226862dF8d70cA,node05,a5cccf7e1f8607c56c819b247d7ca41954ea01f0956b56e865d93cc9583e48b7,4,1791391606.7252915,1791391611.0105422,4.285250663757324,215,241970,confirmed,
831,0xBff941732C5793a2b4B5919bc2dfF4B112aEaE52,node06,3048d3afc0955e0e2626badf113f32185874ce596ce4a8c9ff931232d7f03c9b,4,1791391606.7286973,1791391614.5797412,7.851043939590454,216,241970,confirmed,
832,0xE47357C3186c111B564502E272B93Cf23377C3B3,node07,9b2405b536f275bf2807fc65926b219d142faa4cb698a851cd1fce97bd982e38,4,1791391606.7323198,1791391617.596061,10.863741159439087,217,241970,confirmed,
833,0x038D75743e39Cb702cF6EB2dD8405ac69991a78E,node08,c8c51822572ca15546ec3422ba2e738ea0b71cb35238eb14a5c4aecd80f1d6cb,4,1791391606.7351525,1791391617.7045405,10.969388008117676,218,241970,confirmed,
834,0x552f454BCba2bee44Cac9Ba4E82F7c69601c1b58,node09,ece2a1f7d73fcca3a39da142f97be4e24c0df0637bde74783460204acf5c6861,4,1791391606.7375166,1791391620.336812,13.599295377731323,219,241970,confirmed,
835,0xe40170a951132450f138f5038887d92048F4e458,node10,9aa292c45665dc3d9c7dcca3ff448c399e33aafa6f8c7265f7080ab035343736,4,1791391606.7395394,1791391620.5498054,13.810266017913818,220,241970,confirmed,
836,0x8aC601c3898372a2eF9740eAc13dB1c9742CEbe4,node11,5ee832ae391d7f739a3dead15353ee562b910dd9d1a7d27d4bfbb6a79fc7d6c6,4,1791391606.7425888,1791391623.1585739,16.415985107421875,221,241970,confirmed,
837,0xddD78bd962EA33ab7E2dffB5F52d1bbb0F866f68,node12,b893d5fcdaf2d2513814dff37f560cae260dbda2c1f8da0a6c812e94b4ca3938,4,1791391606.744934,1791391625.4641154,18.719181299209595,222,241970,confirmed,
838,0x3Eca730A36310843F16256a1B9a8802D7F661A08,node13,e80e5231116927114764fbb200e5a816aba3f565b0d0059bb5615783711b20ea,4,1791391606.7517257,1791391627.3921425,20.640416860580444,223,241970,confirmed,
839,0xfd0CFd2aAD8a55bffB1d55937FB252211a6cA1C5,node14,386bb61a628cc614e3b3d191d02ffb52712788cfbe8f73b5a2689cff257dcce4,4,1791391606.7542071,1791391629.4487627,22.694555521011353,224,241970,confirmed,
840,0xE8aFd774e992073f9DDe3ec4E0D41125FCE75E2c,node00,17de792dc74d8f46cd149ac46cc4e6163621820054c194b276384d790b4efc2e,4,1791391606.7567134,1791391630.5609567,23.804243326187134,225,241970,confirmed,
841,0xcEa931582f1Fb695A494212fC720E857645E9698,node01,3a01fa19a3517674eb037ebdc793df7e370d9787d1af03cadc4e1451e93d12fb,4,1791391606.7576325,1791391632.4496052,25.691972732543945,226,241970,confirmed,
842,0x5363D0832192FaDb8e018190fBF3D5258005fBC4,node02,271125cfbb4851baeb2949d17d699af33cf0759af825b8e9358df17118583f39,4,1791391606.7600212,1791391635.0377607,28.27773952484131,227,241970,confirmed,
843,0x9cc1871aaE04850B3A079dC0cA06906989d2aCCd,node03,ff3a6615a677d5837e4bc0f8bc3da2f33e05cb2342fc7c7ce8ecf24aced82b4d,4,1791391606.7616777,1791391636.736289,29.974611282348633,228,241970,confirmed,
844,0x435c80db96570ae81bece6E1e18010B5839b2Bb1,node04,f6f4c5935f09c46f2d31b757be79b729bf3b3d0371532a067bb4f1209af84655,4,1791391606.7639256,1791391611.0347006,4.270775079727173,214,241970,confirmed,
845,0xb0ea604600c27fbB45C17887A7F9Ce14f6Ee54b0,node05,8942b51dfdea1a4df28a3a51a67459246e3b7075bcac0f364644a04a8b0388d8,4,1791391606.7656372,1791391610.4941182,3.7284810543060303,215,241970,confirmed,
846,0x1BE6Bec5870A49Dc60d94F900A2a68Dd614Ed173,node06,a8e42350a0fed91ccbd00f07c456844d6fccfe5bbfb7d4213a7467ec8337deb0,4,1791391606.768343,1791391614.5422544,7.773911476135254,216,241970,confirmed,
847,0x20149485B8e3d3F69e9eF08600B3f9A270910937,node07,a6f4c263193912859d48225ce29c3b41ef40d2f9241d78b61b0de00ea5833c03,4,1791391606.7702994,1791391614.815867,8.045567512512207,217,241970,confirmed,
848,0x1ce1EEB67902c0a6F4De713a5255368A2b0DaB6a,node08,c446b2c9cc26e152c65c6544733732990e9395760bf9292943d3214b3cae98dd,4,1791391606.7725875,1791391617.6663554,10.893767833709717,218,241970,confirmed,
849,0xaE4dc1F8379d59975539aA823e61900E582Dc591,node09,7d3436af0d7b2383fc55eb12944d0c1c80003e88e838fc340d7edbaa08a1733f,4,1791391606.7738917,1791391620.352687,13.578795194625854,219,241970,confirmed,
850,0xc5A4730D06df6Fbf1Da6D728151b662890F4870A,node10,6a3190e77c6c288f4d1d1c2b3eb1194ec2f10b6d5cdaca8527695d328fd27fe6,4,1791391606.774997,1791391620.6327202,13.857723236083984,220,241970,confirmed,
851,0x689D5C95Ef47BeD3442b1180769b36417184BD7b,node11,8466d4f14a7b213c1ee7c7745c24bbff5d9b8fe13f67398c3cb480e8d87ecfb4,4,1791391606.7802668,1791391623.1726074,16.392340660095215,221,241970,confirmed,
852,0x48625dfB07FEB8FCdC3142092206F0c7e1A06939,node12,ac77f7afb051e87bbdb17218867124de2d6e48b1a4b5be8b2bf503eeb5633c32,4,1791391606.781696,1791391625.3619115,18.580215454101562,222,241970,confirmed,
853,0xe2e6301ee3cEDABb6E278cdcbA0c77989D047ae3,node13,90e7d8cf65e13d40270e165d5e7d8597069dea9e4bc565a824cee6f5e14f9ff8,4,1791391606.785397,1791391627.5727115,20.787314414978027,223,241970,confirmed,
854,0x4493b9B2d39B90dc1cFd2c5C97e7Cc9D5EEB3148,node14,4e8bceaec57578571de966a079c1e489ec858c2ac73ab6fdf0871ff6f23d17ca,4,1791391606.7877233,1791391629.409301,22.621577739715576,224,241970,confirmed,
855,0x448bC5474011caB159b8E955683a60FD69ffE90F,node00,b7c0570a2a1799fa4b758c44478e3ab2dfc3bf101e78cff63fa9e4086e33a629,4,1791391606.7908132,1791391630.6938415,23.9030282497406,225,241970,confirmed,
856,0xebCb9609Bfe5d7D5aA37D13cdee71901Cc78b72B,node01,35a30084add54564d2d9bf2adcf31ffe16df7dd1cb74af1c4abbacd64fdc5aa5,4,1791391606.7948127,1791391632.4006615,25.605848789215088,226,241970,confirmed,
857,0xA8f4330ccEE1a21a99A25308aEB62c217C8BD1ec,node02,a0eada9eac32080523ddb5008e355e6a767112f6204a0e4f6f73e6d2c285ad29,4,1791391606.7975643,1791391635.1090944,28.311530113220215,227,241970,confirmed,
858,0x70E4FDbB4877f179d5eA7D4CFA1D89a242E10af2,node03,410e9db61f90e73c7f9a46a0d95c91169e8336c8eccd64bd5c32ad550ec623d7,4,1791391606.7995024,1791391636.734811,29.935308694839478,228,241970,confirmed,
859,0x49e3bf8e061aaa4d9b0665A2ab71a523D373F789,node04,d6fba60ffa266f49620964c89dd44e872b88e544484d0c77a22a39e3f5ca3bbf,4,1791391606.8018422,1791391610.766215,3.9643728733062744,214,241970,confirmed,
860,0x2AAc24Af91F7131B8eD8647e5EbcD0401EfBa1C1,node05,0c7eda74b348143a0efe5a92658ee375c5f0c7a0edd99f9e57999743235ceda3,4,1791391606.8037841,1791391611.004752,4.200967788696289,215,241970,confirmed,
861,0x3b803c273f4D7DbFBa38DbcD75B53B699d55eb07,node06,0572222b4c4d31d4be98afc10cbe025ce4026e7d44e7d25058fef166250ea4c3,4,1791391606.8056812,1791391614.4409068,7.635225534439087,216,241970,confirmed,
862,0x49Be97b47c71eBD13493931240D1D84E7D78719D,node07,89948d7f27a5c85c4279b7a21fa01ac608dcfd8a5cd1ae88fce96bf544c42d03,4,1791391606.8063703,1791391614.480782,7.674411773681641,217,241970,confirmed,
863,0x7c70E3eF5e5C079A2061880d7b66446802D38a7C,node08,50dca60b6822ca6e6aca9b791ef8e0d495e99b8acb5c3d241d479d31b36016e1,4,1791391606.8086524,1791391617.8005497,10.991897344589233,218,241970,confirmed,
864,0x22D56AB0ed7cc90CB6399F045B69a8a0242E567F,node09,77342054d00ddd7ecd26aa0755dab76670fd5d3860eb730f5280571fe885ad67,4,1791391606.8114994,1791391620.371576,13.560076713562012,219,241970,confirmed,
865,0x7cB8Ce0F9f3eED593d462b1D4F1e021975e5F40e,node10,a906a9cc210923d53b1c8a4b88c17d9cca9736aae14e5513d767d21819cd3c41,4,1791391606.8138268,1791391620.2992392,13.485412359237671,220,241970,confirmed,
866,0x64DEB38c1EB94d7ee9C758472215a42FD327B387,node11,e51ab625e5b8ba600f5deb4da100ab9a9a87e5bfcb2357e50afd068c942c1775,4,1791391606.8162277,1791391623.1273022,16.31107449531555,221,241970,confirmed,
867,0x882f6FC80217b38ef6eEAA5B86B21a09d68f8bF0,node12,45a0e5ec005f1d6101ae64ac31f6c8421aeabcd005b7cac4db417c2edd8d4e01,4,1791391606.8196313,1791391625.4725807,18.652949333190918,222,241970,confirmed,
868,0xf9522472B9Ea2418b994a10486f627d88A92eA5E,node13,8284d09aea51af375cf1ff5828236a87688887de1bf46394582bf530d77de4f4,4,1791391606.822628,1791391627.4149525,20.59232449531555,223,241970,confirmed,
869,0xf3aa51B6258068F3d6B5bf513D31F12b2d039989,node14,9f2f74c09ec176e912cbe1d3a09c9d26feb81e710f21ff2f1ba13ffbfb827a98,4,1791391606.8269045,1791391629.393765,22.56686043739319,224,241970,confirmed,
870,0x2E7da8e82B814EC22EBf1Be31b6D2e2639106C5D,node00,8605393f160dc28e9e5124e7cb22ea458635a369f973d745914db775277ed229,4,1791391606.8289368,1791391630.6724422,23.843505382537842,225,241970,confirmed,
871,0x55C16d5d2495dD5ecFEBb9333B97aEbBbF0b4000,node01,cbd431bd73db2163bd4ceb5a78aa2a90893caf745d66e6399ca39af80940b38f,4,1791391606.8300886,1791391632.4850082,25.654919624328613,226,241970,confirmed,
872,0xA5f0b68996C3a0da9e8DC0c0E8DD02eff7C1B121,node02,2d7f4689787a47166554a35ccaf1f8bfc29e2fe61d4ee1fc8cb63f1b5ca4baaa,4,1791391606.832718,1791391635.076245,28.24352717399597,227,241970,confirmed,
873,0xC9e619057dF29267dE91ca689fB558162C4e4890,node03,7719e5357932df717a5b2b680d7434ffc9ae26980adcd10a1dcf1eac280bac98,4,1791391606.8353183,1791391636.700265,29.864946603775024,228,241970,confirmed,
874,0xf188B4287B0d63aE922398767202cf84942C1f91,node04,8743fb688ade619f401e141716467a859002752fc608f20be28b802d4c35f49d,4,1791391606.8384693,1791391611.0324135,4.193944215774536,214,241970,confirmed,
875,0xd617c5979b3783f09A2c71050dFe93183288F839,node05,ddb1350bcef5cf29d0c851611aaed72d84c0dc34f5bda19868404f4a82f888b3,4,1791391606.840965,1791391611.0464153,4.2054502964019775,215,241970,confirmed,
876,0xc5f89075aBFfE5818Af3238505691a655c1E44ff,node06,cfaf2e69c8e3830c093eed36e9a85482242214c210b965b0b385b0701982242e,4,1791391606.8431644,1791391614.4067419,7.56357741355896,216,241970,confirmed,
877,0xC5b3d1941D48Dde73a3e20Be17fCCB59df7eDbe6,node07,3f5d6d4175fa50cada3fb671a384a9f90f595e017121ec2af71199e49d310a5b,4,1791391606.8450673,1791391614.43079,7.5857226848602295,217,241970,confirmed,
878,0x6ba8A0b5332323ad9d0093F8f654043DF50BA46b,node08,e61768de32deeb10bb5d081eb4d8b7c054b054fcd8848f0952e28275f5fd9383,4,1791391606.8482652,1791391617.7760084,10.927743196487427,218,241970,confirmed,
879,0x1f806E7568CEdDF4263a4d4022E175e36C5b95F5,node09,9b19f9347220b0cdc311e5b9ad502c6dacd3c0a3ff4e54ec2c13e9389a13d111,4,1791391606.8502886,1791391620.682281,13.831992387771606,219,241970,confirmed,
880,0xeDEbc19dDFe7D22C7f2038116E93E56369476E88,node10,f328414f803f6a3d151b9212fb54e7211b109e49977820d2a2dffe2769900219,4,1791391606.8527036,1791391620.6908083,13.838104724884033,220,241970,confirmed,
881,0x6B8C911738Ec2cc193149E3EEC94ecC552e5Ff3c,node11,d45624c4022c9b5ea3046d6980581e36e68e9ddfcc3b0490c53f5fa16e7e1f4f,4,1791391606.8539786,1791391623.2615392,16.40756058692932,221,241970,confirmed,
882,0x80D4aF19e58eFe99A4eaEF69e413D471ad89D0e5,node12,963995f344dda4c583619f0facee507819c8bde680bfb800557172a41d135d26,4,1791391606.8558354,1791391625.5196953,18.663859844207764,222,241970,confirmed,
883,0x07d36268d11FCa01bd2E6bDc44379954BDC48A8a,node13,d2608a9689f4f383897e3e3640950b16cf9873b72b6baf0a9edf2547de6c68d3,4,1791391606.858647,1791391627.5998871,20.74124002456665,223,241970,confirmed,
884,0x55881bA26E459CD83590a85D740a92f0de537d3C,node14,112e246d231b90cb76029097e38f19934d2b45d80f2825c0d13ba45afc7da57a,4,1791391606.8621044,1791391629.4454794,22.583374977111816,224,241970,confirmed,
885,0x958527Ba84450523Ecd22146E75bCA50f7330929,node00,51da688cc21a712eb73b3463b70cb58807738aa5261dcaddf31e401cd8d9b554,4,1791391606.8639665,1791391630.7112687,23.847302198410034,225,241970,confirmed,
886,0x38498C64a3D1942B0cd200AF4C7163AD3c9198b7,node01,a6a02005e8ac13eb08f2e0c07b160eb3434b590278aec0d1d6d4df3acd4b8ed1,4,1791391606.8660223,1791391632.5157182,25.649695873260498,226,241970,confirmed,
887,0x47C8e311B6fAFfE9D38B0C836C6A3279D8A5659F,node02,117548435ad796ad807a6d4ff7aca72899c67b30823f9e452e8b00b7108da0e3,4,1791391606.8692636,1791391635.0262113,28.15694761276245,227,241970,confirmed,
888,0xdcB745A8ACF8734eC1F27a4Acee1Ca2781296Cd9,node03,99c910794641468fca8dfccef8e2faf71134cb5609029c511d4e3ab836bacb7c,4,1791391606.871809,1791391636.6029937,29.731184720993042,228,241970,confirmed,
889,0x270CF1a6A9503e3E6c188767c7f9A40def4FDD5d,node04,910c0ec615cd240ebe23321bb453a41ba53f1935ed30bedcd35c7bb28dd5989d,4,1791391606.873971,1791391611.1107829,4.236811876296997,214,241970,confirmed,
890,0x2156ca1555c7D6da5D5942753644dd670A6bBc9B,node05,b94e007b3e29de19b36edcaefe8ea33e272def684055a90602d846960307aefe,4,1791391606.876197,1791391610.8283296,3.9521324634552,215,241970,confirmed,
891,0xb09F620b4D15c3cFdDcCeC4bc48b3d143F5a823E,node06,f31baa1f3582a9c8e7c30c8b0a6ec53d58fa1311a3e7b14d73c637355b7b16f4,4,1791391606.8775227,1791391614.582821,7.705298185348511,216,241970,confirmed,
892,0xFccBb88F676e9C82206f3f05c8512B43B94E5C5e,node07,c7ab7ff70b6cf6ff624b712f9100d9254bab0e7ff97b101218b3e0a196b6f1f1,4,1791391606.8806624,1791391614.823174,7.942511558532715,217,241970,confirmed,
893,0xef7b33319fFCA0Adc26816125168465D6DD4Fdc4,node08,9706b34efb066a250ced277ca09727867b111f03d70e491045e4cd22ef1e4d40,4,1791391606.885619,1791391617.7643263,10.87870740890503,218,241970,confirmed,
894,0x7FA5d2Bac04b8f03c15D0C99509363Cf26B51C31,node09,4d9dc4a69f5d82d447665b5bda585785d0a22a80978b89417f1bc24782aff5ac,4,1791391606.8869107,1791391620.5115995,13.624688863754272,219,241970,confirmed,
895,0x5022CaB1d42D67e2a13f99a1F8B3c11cCB9E1f0B,node10,f3858129ee8e6316ce64eb6a8d09c521631f54a2b4ddfc92204f05bfe4f4209b,4,1791391606.8892984,1791391620.3783703,13.4890718460083,220,241970,confirmed,
896,0x10ac00746C48B2C58fc75ae3e9AeF7A02D251800,node11,a268807104b2aa63469f521bc7e34dec9652520675fe643c8bf18232d98dcaec,4,1791391606.894943,1791391623.2255251,16.33058214187622,221,241970,confirmed,
897,0x41C1f52bDDDFf79C417b265f0F596bd1e2F57817,node12,808c60f0f25cb089edb510dc253a8515e7af6cec8fd4c2221808cc3376e60ffb,4,1791391606.8966422,1791391625.5124497,18.61580753326416,222,241970,confirmed,
898,0x8de9f7c6ee58065228082D03cddfc83FCEbe4E36,node13,2286a11f2c66d0965d468deb1ab96038e5d9085df7b37c27053adc62335b25af,4,1791391606.8989418,1791391627.5704343,20.67149257659912,223,241970,confirmed,
899,0xD94E8BFBDb6FE30AA06893AA734843C8aA29c371,node14,38e90835f215a457711e90f1969b1395d0193b17942211aea118a2622907b27b,4,1791391606.9005003,1791391629.5325828,22.63208246231079,224,241970,confirmed,
900,0x072Ae2E319405BCFcC562BB6334a6Cc9500c08Fc,node00,e9a5c8696ccb99355a1784fea7710874ded8509c714e3a283d5b4baccfcf09bb,4,1791391606.903112,1791391630.504479,23.601366996765137,225,241970,confirmed,
901,0x2cD20Fac7ba6Dd53A0557e5b167591859a685331,node01,829617d5dd94796699695be8a4b658cf3df016eb4c202eceab618b782ccc963c,4,1791391606.9121833,1791391632.6269507,25.714767456054688,226,241970,confirmed,
902,0x12DaEb274ee2B1C75A2Cd5DD41407986cDA3e2CD,node02,f748924e9000fbfa26fc96dfa00690eb9b41ac181855a55cd6d10a46ccf7ea35,4,1791391606.9169211,1791391635.0658278,28.148906707763672,227,241970,confirmed,
903,0x9deE8cb25aD7C26428b9Bad1539C61e6fa6C4767,node03,e3589090caa5e2e7f5bfd6bc3ef5b7c519f756eb6eca3ee46801ca0830da05dc,4,1791391606.9181678,1791391636.6705904,29.75242257118225,228,241970,confirmed,
904,0x90C25AB86913f17101f457E738ed3A4e8d4B6977,node04,75dabc43d75f559fd99a9cb35b22b2dc42f8d58c531ef299500868c23ba34739,4,1791391606.9196546,1791391611.1859844,4.266329765319824,214,241970,confirmed,
905,0x85cf2CE3E64D3B629C7BdD050e5AE4590ae91F9c,node05,afe0ca2cdd44d13b942fef8053bb9934efc09725cda74a9cd470b4d8be96a4bd,4,1791391606.9239275,1791391610.986266,4.062338352203369,215,241970,confirmed,
906,0x54cb89142d0da70c8d4d700B54091e86cbaf2Aa7,node06,5e634fab9998629b12f781ad1e819fcc6d5fc4981507b8ffddf5177d4885af8c,4,1791391606.9255586,1791391614.7444866,7.818928003311157,216,241970,confirmed,
907,0x3CC0bAeC16e0b0A91BFb86A1D11d4c1EcB6A466b,node07,07f185991ef7b3769b7e0a1bf58856b64248463b07f12bc99e44ab750dbf6f91,4,1791391606.9293625,1791391614.4747345,7.545372009277344,217,241970,confirmed,
908,0xf9ad1cB1CE1534BAe5142a0B92ebFf5ac8640eB9,node08,45d7c405056cc06ebcf4191caf38a0070fddeaf4ad73e1173db7b432152764da,4,1791391606.9322274,1791391617.7502697,10.818042278289795,218,241970,confirmed,
909,0x42Cf3Dfd557e4B354fDC99447f897B0bD7b898C8,node09,063282fc481f2c5bf0329afd6ac9ec101e324d894ca620235600eeb324b7ae78,4,1791391606.9340646,1791391620.62823,13.694165468215942,219,241970,confirmed,
910,0x167a4A827fB249f24E27af5a72c76f8E54Ed9C9D,node10,713e0afe93051d7d2ef082857b16d4439c444ced24f48e9c883a1975d3f09e7b,4,1791391606.9352858,1791391620.4844062,13.549120426177979,220,241970,confirmed,
911,0x854F0e55910Fd8199379D395cA02Ba3e8685dC3B,node11,f0338fa653bb273fff4177b204861d3bfac524b8ed46c01601b5b2d74b4a5f14,4,1791391606.9365041,1791391623.4113681,16.47486400604248,221,241970,confirmed,
912,0xc2701368A1abE635fec83a9B3FF3A504E48ee392,node12,bfe083945dd4e5b8eb2f7b4d1e2c09a95514425b8666e5b0ab6926f40f6f3f73,4,1791391606.9377587,1791391625.5173924,18.579633712768555,222,241970,confirmed,
913,0xeD681f0aCbAf01eEf7493bE2bb6F6101D21082a8,node13,14be689cb384de655906bfcb3f2043972acae8e75a4acec1303b1d61e9250767,4,1791391606.9424925,1791391627.5283687,20.58587622642517,223,241970,confirmed,
914,0x1638C6a0D09ADc51eC6F5E20CAa3E1D6800304d3,node14,5d558347b382dc8f94e6e6ce1d29a23179ed87b6f49723f2fb26ad1c5857702e,4,1791391606.9455686,1791391629.465318,22.519749402999878,224,241970,confirmed,
915,0x657e652256198C3490e84b4be1d6F67d80cBc4e2,node00,8238e34f4dab26c11536ffd1bd4d2ad890b2254e9eb9797b7645d88e87411c7c,4,1791391606.9491723,1791391630.7394474,23.79027509689331,225,241970,confirmed,
916,0x43E29c1Ca5Ec1e19979f403FDEd3e9B052B15812,node01,d622b7433e8c5dcfeed6ea3e16c01138b21b20feae35c212c658d00df670b55d,4,1791391606.9559379,1791391632.5935056,25.63756775856018,226,241970,confirmed,
917,0x7D5542319eF51F25b47cC4d187E7bFa0Ff90156c,node02,8db99e912625317dcb98f63844c9208b5af6bc3284004450e9787a6acc47f76c,4,1791391606.9566717,1791391635.0885148,28.131843090057373,227,241970,confirmed,
918,0xeAf3d7045725D0204b1D9C3c66d9Edc047E18A04,node03,26daf0ff7e30c0298451b795db9ccdc74f5bb22cfcd957f27477c8c4e24eb9a2,4,1791391606.9611924,1791391636.7169156,29.755723237991333,228,241970,confirmed,
919,0x76aC2a8Fd2e66Fb09984521a7f1f624D0603e339,node04,0542725abad381c6d884971c578c104fa43ab55a7150f9b7eb12ffbcea32b4e3,4,1791391606.9644437,1791391610.9690676,4.004623889923096,214,241970,confirmed,
920,0x1Fa76070e4960c68B3A2c704FA229c0192f8a0ce,node05,a8dfefb0fd229318384b1af8c3041baee4e22db620f0ec536916e40f5f52c012,4,1791391606.9660745,1791391611.2038615,4.2377870082855225,215,241970,confirmed,
921,0xa7a1eED655f714b00c22cd7fCb57AB95f2c5E17f,node06,468b5ccb28c3c58b5e4a251d7db3b3a1902a2105b0c06da07a0e84398b3e3313,4,1791391606.9686217,1791391614.998319,8.029697179794312,216,241970,confirmed,
922,0x444B139EFb0c8B19C77a450f0C49319df53fCE4b,node07,ab729aaadf6dfcc06e2bfe711fa22d76cf5bfae547fbcbd7ca6ae10c14128384,4,1791391606.973969,1791391614.6223998,7.648430824279785,217,241970,confirmed,
923,0x90dfbc9951525551317B847f711b46749BcDc16c,node08,42716df25f46b6b187da16eb42b62a32fe610072c9c93ce047b8323211d791ac,4,1791391606.975517,1791391617.9223847,10.94686770439148,218,241970,confirmed,
924,0xFa86883e1Be45E2585e5A6f0f96f3019b3678F6B,node09,5a35fc65665cfe92e383f7216270308e5c5fb4bd35bce6c9c09def4e5eea5278,4,1791391606.9772034,1791391620.7426949,13.765491485595703,219,241970,confirmed,
925,0xaB751912aB15ebeb555f0fFAB3210CEf2Cd8EF60,node10,cef83d80f9b1a37a18b70050ffa208ae9d1f7da8e7dddba3b6714e5570d05d14,4,1791391606.9790545,1791391620.3554113,13.376356840133667,220,241970,confirmed,
926,0x228b92bdADaD1AeEd185070D42455f739D83e1Cb,node11,08ee6668850c87c80ba4a299375c4938dad2019f501329cd89d14219b6518dfd,4,1791391606.980065,1791391623.3629515,16.38288640975952,221,241970,confirmed,
927,0x6Ece2dDf2c3037C6F6498b81ABB431C9A08cE67D,node12,8ada99bc903eb89bc121685190c0cabf0df086cb9e4713933ad0e0da58e93b5d,4,1791391606.9824262,1791391625.6133602,18.63093400001526,222,241970,confirmed,
928,0x1244308CB77218B1efd5Bd10f4268Fd309c037A4,node13,6a5996c64c3dcb7dfb61882cdc70ce52b38ee3cf7260054a92852767c6f32de0,4,1791391606.9849849,1791391627.5326648,20.547679901123047,223,241970,confirmed,
929,0x1aEe09dc3a8f68d27A116d94CA650B43Eb301a10,node14,af755fa5c185f416e01b5d91d4eaa1bf1a0a0312afe213d10ff135a446776f3f,4,1791391606.987347,1791391629.4830408,22.495693922042847,224,241970,confirmed,
930,0xC93e7a353fd1642375c2d03C37C77b52D8C5c818,node00,b48deceec768ac945e2477c3095067b938b52439aabb3a50cf9b4f05e675a4b2,4,1791391606.9905224,1791391630.7673957,23.776873350143433,225,241970,confirmed,
931,0x7d3A07F645778Bf7Dc4edB3053f96DdB1C66dA03,node01,770e8bbab972fa24f09ecf6a87727e0b83d06a41f5c38bb30a82db37d0663de4,4,1791391606.9916842,1791391632.6246293,25.63294506072998,226,241970,confirmed,
932,0x1a718353F80C8ba061D161Bc8B9467EB694eF03d,node02,76d404695dbab2805ab9cb99c6aacbad02a2e57d503d709d30a077c7c755f833,4,1791391606.9954715,1791391635.1058128,28.1103413105011,227,241970,confirmed,
933,0xc391b616Da03F718ba1C01e3b58eb75103532204,node03,93e51ce3a5893ac13254d387ed5e5535e027cb0fd4cae03d318fea4cbfe45897,4,1791391606.998389,1791391636.6981547,29.69976568222046,228,241970,confirmed,
934,0xfb32fDE710Eb8f28EA5198a50A2AAeb62E4c32b2,node04,f52e8cc21c0127c0fa029af73ce8a415a1eedeb3e1c175e47fbc89241435d76a,4,1791391607.0016847,1791391637.6210256,30.619340896606445,229,241970,confirmed,
935,0x7c8fb726D33387a29DB17aEFCeCB54ad4788048b,node05,045d82966a2cc3563ffca54eab98aaa763f1335648c84c00f231d40eace8f4f4,4,1791391607.0069065,1791391611.4470077,4.440101146697998,215,241970,confirmed,
936,0x23729a7ADd6FAe22E3f00606027C846816eA084e,node06,f015a652414c88d02282fb8ae6732a8857ece41d56ac7c29afdbb723a3b995fa,4,1791391607.009903,1791391614.8591688,7.849265813827515,216,241970,confirmed,
937,0x511a1E246cC77d4b813034F52A3bddB542049e8C,node07,48535560bdfdd909484459a68d4294336a674c22d1e713dcf488cf987ffdc25a,4,1791391607.0116382,1791391614.633547,7.621908903121948,217,241970,confirmed,
938,0x58a23CBa3005748Ac3D6b568c8CDfe886C3615Df,node08,c0048cca38ef4f3b2043deca141277594da123305fafe23c8ffef117740b672b,4,1791391607.014859,1791391617.8726387,10.857779741287231,218,241970,confirmed,
939,0x5a754C2011C690dFC17022147f1662D309709B6B,node09,dc63649a6f276447d546e35477e68c1259ac8ba62ede97870c06e29afefa4b20,4,1791391607.0180285,1791391620.7050164,13.68698787689209,219,241970,confirmed,
940,0x12d8dFd1eaCB4F8a898a8fDe997d3631A2f9e2ae,node10,136d3c1f2572542c97cf65b4d36f670083586c9686ef8fff9d6c20fd6f6cd518,4,1791391607.022722,1791391620.766644,13.743921995162964,220,241970,confirmed,
941,0x597b2037B7ADD198190927891204B0b9Db083726,node11,93e7b1d1f3adc5f8c30c815c2f932a011e5b7f25a7282cd67f61d22fa800a0bb,4,1791391607.025084,1791391623.1894567,16.16437268257141,221,241970,confirmed,
942,0x7Dc53cf245368fE4069b237a61C744aA116D5596,node12,dcec3697f38b9c2047a39260ceef5eec3dbddabea818f5f1aac862a827ce7079,4,1791391607.0278711,1791391625.6275694,18.599698305130005,222,241970,confirmed,
943,0x32cCcC0C39B1F0029AfEAb27beA24E8f8A501D34,node13,58188d4c1006a2dfa156d38b04d7dafa9435aea5742bc3262275c18cf818a130,4,1791391607.0376883,1791391627.5939536,20.556265354156494,223,241970,confirmed,
944,0xf32081Bb0C73A5F1A2dF858E040dbe35b509E6AC,node14,8ca6d36209ae84a9b1d96743976f3358993aabad071edc7603fd450b6552043b,4,1791391607.0414717,1791391629.4788873,22.437415599822998,224,241970,confirmed,
945,0x6a6a0ee24b83D7f593e07E01806e161a64f0aE4c,node00,6e1f0049acb236bc8219bdfd5b7ce6f2ece902e9695fbc8029e5f2ed1a0864f2,4,1791391607.043574,1791391630.7766418,23.733067750930786,225,241970,confirmed,
946,0xa4a61D64E4eA0f8D652BA8762f0E6a1258Ef47B9,node01,d99c16675f69cfe90f70bfa6fe69978cd733d7943c54ef42c79e3c9cd09d9e9a,4,1791391607.044789,1791391632.6294215,25.584632396697998,226,241970,confirmed,
947,0x577f6f2dDa9Ee4843fC207196c36718E14F673d5,node02,38fd1d24c76551ef9ed6b150c1c6510a16ff558e5d6e7ad57fb373015b5c2d40,4,1791391607.0462458,1791391635.0983984,28.052152633666992,227,241970,confirmed,
948,0x5e3F328721C1a997E53aB36FD9C3073a549D1fa8,node03,bb8cc1f28bea14d39eb097290f7f3801c29a1dd5d3d0c8a466a2724b2339776f,4,1791391607.0480127,1791391636.738647,29.69063425064087,228,241970,confirmed,
949,0xceb30f91F17cA37B533618038C7A4Cb57FC7a855,node04,d103eec56d9c0776ce95872c8bfeb79b5fd57f8bd2ce70e2b436b0b802b35f41,4,1791391607.052088,1791391637.6025922,30.550504207611084,229,241970,confirmed,
950,0x4557092ccC8ed505e77CD66b92481bd98126ff81,node05,45d0f644fc7c6230cba5f52767b441253947ee4f9bfd1cf1e9f0803d965c6267,4,1791391607.0573745,1791391611.4416587,4.384284257888794,215,241970,confirmed,
951,0x21a6D1d38327fc17e31cEEb6F5b80cd3E1ec0D5f,node06,a06ee617a481f593bf0a58db11f6f51c0855f12baa20f60abad59a2b484a45f5,4,1791391607.0613,1791391614.8848972,7.823597192764282,216,241970,confirmed,
952,0xAb93Be635D824197E0EF49721f56AAD43F69A24A,node07,1c674e898527110d4c3c94ee75a0183e7522aa7c5c27f444f9805a29a7aa20c9,4,1791391607.0625174,1791391615.101642,8.039124488830566,217,241970,confirmed,
953,0x8D08c713fB576698c23ef027E2B65Ee7Eb46e395,node08,0574c04cac1390765c341beadc04381dbb798c5a19b5335e22acd4c48c6153de,4,1791391607.0679622,1791391617.871833,10.803870916366577,218,241970,confirmed,
954,0xEa8d758CDc0616d5630e196E9a96d77C57ebd433,node09,869fd861b4717dd92fc69d842e3c498293e7c6eebb1c43dfbd6c4b6261bc7002,4,1791391607.069632,1791391620.6688685,13.599236488342285,219,241970,confirmed,
955,0xB285CD532092F5A6A7a4f1D36899f8Ad91bEd467,node10,e6a4713b07ec4c8a2dccdd8d4d110233ffda275fd8e54e44b5a4a7c0b8bbbe65,4,1791391607.072037,1791391620.7927825,13.72074556350708,220,241970,confirmed,
956,0x1b3678371969d053Bd84DfC5692FcfE7d4837480,node11,ed1563615d9291e7ed2352a443857af879b4410e3cc851f40ea4e944e4667dd7,4,1791391607.0731812,1791391623.2275496,16.15436840057373,221,241970,confirmed,
957,0x01AC386FDc8cD9c4Cb492CCA38Ef85223ad76636,node12,30ae81a07f5b217a736b16abd51db825050ccf9ad576cfbabcdfa7cf81c49b16,4,1791391607.076231,1791391625.618222,18.541990995407104,222,241970,confirmed,
958,0x7B69f55c49679cC5F66cd3d2d29B1090bEB3646c,node13,1dd9857b96bdc44cad286be28ef870f4023c8bcec00fde8c04b3269950712b3d,4,1791391607.0810015,1791391627.5963287,20.515327215194702,223,241970,confirmed,
959,0x2A852f3a9D3436A3799B5C513f85D20ab961C422,node14,5cdc71bfc1c48ca9770a0b894ab765740838f5ca1fab0013654c24a42a8b0777,4,1791391607.0847883,1791391629.5104702,22.425681829452515,224,241970,confirmed,
960,0xc58f4a830bf1e8B77467E48d32fe95c098613ceA,node00,888f68d2b675e5a7e919bcb47b712fb6ce704d9160bdca1ef8394b5201a998cb,4,1791391607.1183286,1791391630.70362,23.585291385650635,225,241970,confirmed,
961,0xaC656471ad5eEF42732EEF9a8ecB3D464C138941,node01,150d251f76e99340d54ec56a384391b293411e637a0ea2f807b1f2397219a727,4,1791391607.119426,1791391632.6424186,25.522992610931396,226,241970,confirmed,
962,0x656f9f82761f8Da8446b26AD0F9FbD9FE7ed00E8,node02,0a66ca3492ba4bef45a8a247b21dcabf63946ff400bc4e6565fb7a4be2e64516,4,1791391607.12013,1791391635.0935295,27.97339940071106,227,241970,confirmed,
963,0x6f49C91c381eDC4919b0cc7810c3c69Bc878F288,node03,c745779fa4b7b3386cc5c956d31c3ccc2802ba24ef011b9460d46de60211cb2c,4,1791391607.1232786,1791391636.7175133,29.594234704971313,228,241970,confirmed,
964,0x459f359A878C32724bAa10Bae76893fFAfC54230,node04,3c637a6644169ad1cf631aadb951c4882e87b6fbffe4a4cc9f453fe6d1ca466c,4,1791391607.124811,1791391637.6353273,30.51051640510559,229,241970,confirmed,
965,0x4C00475a88E0d371031eE0C8e1F1025Fa28c1010,node05,9b1bf8280306a896fb373bd04933e634962ee064a784aef72ad98d9158b4d553,4,1791391607.1279042,1791391611.3534245,4.225520372390747,215,241970,confirmed,
966,0xBf23f655186c8d82CA4D526AF7c93507E3723BD8,node06,1efe2795f79a29a1b51b9bd6dd17521f21303265f9470ea5c4c3f90b88e8c68e,4,1791391607.1301599,1791391615.0132565,7.883096694946289,216,241970,confirmed,
967,0xB789fcdb82b065cb68f65600E8f529a6879c7307,node07,df38a1855806f925b30cd547b29eaba442145cfbc37de62f510141d6a1cbbe84,4,1791391607.132601,1791391615.133293,8.000691890716553,217,241970,confirmed,
968,0x3a42672C1D9fE721344C5c76b41d5e9DF031a381,node08,f65f5db5955002133b090e91ab9b68c39033b3233a74a9df9e614c64e0ba6bfb,4,1791391607.1360245,1791391617.881352,10.745327472686768,218,241970,confirmed,
969,0x5CAeAA8511E5dAC2aCaB84e302119528dC1B8EEA,node09,82ebeaa35268250881a54dad70c2593ff17cde60f8b1380b91642403caf11eab,4,1791391607.139557,1791391620.7805326,13.640975713729858,219,241970,confirmed,
970,0xD093236C2a34a336061372452f0C61E1B1aF1697,node10,cedf7d5344bb46492bba0964784710cc7e2dcab3f1222a942dead81dad348e2f,4,1791391607.1423192,1791391620.7495875,13.607268333435059,220,241970,confirmed,
971,0x53C1Aa2032367304E862A57813C0470730b68033,node11,6afb812d8fffab1bc58e862a69c1e3914b4e1f33a911fb58f273dbdfc5d6f2ac,4,1791391607.151701,1791391623.4035575,16.251856565475464,221,241970,confirmed,
972,0xB9920EDa0296a3E7c0629Cf94427aDd23ea61F30,node12,93b07edc3e6c6cd98834570e109e7b96215bf598de55f314b28282f6110fb582,4,1791391607.1572874,1791391625.631904,18.474616527557373,222,241970,confirmed,
973,0x038992439FB92f6A1CcD0A8f11815Dec072287A2,node13,d3189e1adbe7ab9c2f06f6a2cd2c3d3d08d3ca8db82aaa83d3882b920b978ec7,4,1791391607.1587198,1791391627.596187,20.437467336654663,223,241970,confirmed,
974,0xCDD4d97b32C4137bB5ee5045D641203b5af4bFC7,node14,fdc81310441795002986470d9603b0fd66e2116f2564056ad06dc6281da77ae7,4,1791391607.1610925,1791391629.525792,22.364699363708496,224,241970,confirmed,
975,0xb18FCc7EbA71323aF107ca22bea65b8C7009Ee09,node00,3ab9196233219633ac70b939b4ee9f5f20f976583af33d8b7f1af7712bcd783c,4,1791391607.1637785,1791391630.7063265,23.542547941207886,225,241970,confirmed,
976,0xb50705Dd24960342CFea38A11D39fa0c92717e4f,node01,9efac4ab9a3061373bafc0497388f04880600ab1d89d0d7080a7ba0cd49c975b,4,1791391607.1712556,1791391632.4971142,25.32585859298706,226,241970,confirmed,
977,0xCC5A640338205f31e18b908980EB0cA97BA24bf3,node02,55938c8eecc21caea98dec11181323c4b77afb033d955e2b703f7a4c75162d86,4,1791391607.173895,1791391635.068559,27.89466404914856,227,241970,confirmed,
978,0x9660C0a674D422eb425271C61dd68f8B1eF69008,node03,26ff63e610e2617b298df0b21493a2a3b931248f7c5b2e027c06f6d82cd77f24,4,1791391607.1763258,1791391636.723095,29.54676914215088,228,241970,confirmed,
979,0xf5A0fcEF7fCDc811C17eB5eD85C0f16875A6a6EF,node04,2375a7052ef60dcd0dbd70247c61905c0face9a63decb59321dc991031b96db4,4,1791391607.1830158,1791391637.6264222,30.443406343460083,229,241970,confirmed,
980,0x325767c27A59381B8ba79Cb13751a8c0e186fFd1,node05,fec1c4111df0153ea6846c17761a10c645404f65b287b8998d032768b28653f2,4,1791391607.1903431,1791391611.266293,4.0759499073028564,215,241970,confirmed,
981,0x4Ac6a5F5D2453E1Df55CD22342e7111131ea64F3,node06,5f62046006d447d9d923275c615f7fa8ff095ce2b7e3f3bbd78841c682c1dba1,4,1791391607.1965373,1791391615.070362,7.873824834823608,216,241970,confirmed,
982,0xd27650F594bc2BB4a02A184334f97B5b100eE668,node07,e738c541f16504fe8c2c8182955048952a5e41804b2ca4ee868521b8a0fec529,4,1791391607.1994362,1791391615.0344496,7.835013389587402,217,241970,confirmed,
983,0x0bBc1acFDb969150F8d4F59a851B8ad61531a0bB,node08,50acfe96e761b5a4dd21453cab06914b964b3a200cb4c08ebdc7f3fc00325423,4,1791391607.2008858,1791391617.8936636,10.692777872085571,218,241970,confirmed,
984,0xBFfdBDd5f5e687CC8FaE341b321ff6b09B4431d9,node09,2451d1e6a7c4836ee8e562f9e0d0ea4ba7b800a1c6f07946f439f16e95596fe1,4,1791391607.2021835,1791391620.769626,13.567442417144775,219,241970,confirmed,
985,0x9177c1B40cBeD02932a8fA69db1e99B62483AB1D,node10,4ecf677d5a56a1196bc9901a9b1e4c6efe5d71f573bb1e459847291f2132e547,4,1791391607.205268,1791391620.6871173,13.481849431991577,220,241970,confirmed,
986,0x1C8b7cff75960aC5c01170c3868681f14b541c64,node11,ee6530693e92436abb1f25203dba95d5544fae846059060824e81d3a64ed63b5,4,1791391607.2102685,1791391623.3849301,16.17466163635254,221,241970,confirmed,
987,0x9e832D53aF5B2D44E3AD61dAF93421c436A401Bf,node12,6166add25cee94d0d02b4366aabb7f3b679fe5a3ec6f2123810c08e9f84d3f3e,4,1791391607.2238493,1791391625.6331656,18.409316301345825,222,241970,confirmed,
988,0x13bB6A3C196fAd8488438cf1210fe056dBE2e875,node13,4f6c2f00a07cb36dbae27c674c8792e342af10c7bb51e41d4e2a205c8dbd7e6f,4,1791391607.226461,1791391627.5982552,20.3717942237854,223,241970,confirmed,
989,0x306ed6E53987e2D344952e46E9F5d1F7F2954647,node14,6a9e3a80f425452bf79cce121b9d75082c10fa53aae18863a66c8f6eedcc9ca3,4,1791391607.230973,1791391629.509599,22.278625965118408,224,241970,confirmed,
990,0xBB2b99aCaeCe9fc75CD13D0F4fBfa02C0A50B29F,node00,8abf2dc158e9b23a4c43e9fdc79d5b8605ba60ee669982ee642d84077906ac24,4,1791391607.2345035,1791391630.800277,23.565773487091064,225,241970,confirmed,
991,0xEfE25Eb56A4aA239618f0F52158c5731111b2BD9,node01,77d108a8aa92e28e26931c383b1d236bcb804b3d4183f333c0e0a39263d053b0,4,1791391607.237422,1791391632.6455622,25.408140182495117,226,241970,confirmed,
992,0x8ac79BF0b78C5CdF175FCEBa940448CB3c429Da8,node02,80591db6d662e19261ed047caef042497a399be76ef9da8a603ac61b617a74ba,4,1791391607.2427168,1791391635.0515585,27.808841705322266,227,241970,confirmed,
993,0xB6F54b4E708CAA1140333cb9334Ee75a11E697f7,node03,d95ee7718cc041259d42769ae4aa8b5f63189776dd44a19a4d85f627b427110e,4,1791391607.2446525,1791391636.7207282,29.476075649261475,228,241970,confirmed,
994,0x39A28411930F554f03A1268401bbBC1A3a55c266,node04,60482e61814990af78ea5688c34881f35b984f1d6fc86a65e5b133139c11f991,4,1791391607.2479236,1791391637.6311257,30.383202075958252,229,241970,confirmed,
995,0x137C8D0f59b0cAd9062bD5Aa8FE8988636Dc9b27,node05,b613dfda7ed54993bd84022695619aaccc5634aa5cc553fbfc598973569bb4d1,4,1791391607.2538602,1791391611.4594543,4.205594062805176,215,241970,confirmed,
996,0x4911aDf777c279A59526D100090a855568b5f773,node06,fded1f435fcea1c98ac965e71d2f344df44062c33e09f744a7fd4ed6c506cae5,4,1791391607.2562525,1791391615.1185083,7.862255811691284,216,241970,confirmed,
997,0x9851A0D3b2B500D0f35Bd44580d562f24aFd5147,node07,ec2cddc182ee698a74b2af3034bda43f8b64863e52459f66d63fcdbefd89ce6c,4,1791391607.2616603,1791391615.1261199,7.86445951461792,217,241970,confirmed,
998,0xf5756211D4b07784e7668c38855945210107Ec15,node08,4fd6beeac773f5ac560293d960fa8773b62cd531308e7390df380321bff15522,4,1791391607.2658799,1791391617.8984365,10.632556676864624,218,241970,confirmed,
999,0x18bDA497C7Af5a32b4D81Ca46e5770B9f076fa1A,node09,8ca6d8309a412c5b59d7de86d2df98a128c56aa6eb147dbc53e2fac45860ff9e,4,1791391607.2694457,1791391620.7615168,13.492071151733398,219,241970,confirmed,
1000,0xe403Ec31507B59C747956692153C04E1E0acdfF6,node10,87ef09b8a89a8694f3b6f763f1d68411adacdde6697404fcf94fee49cc23e19f,4,1791391607.2716641,1791391620.7519736,13.48030948638916,220,241970,confirmed,
1001,0x161631a65a2215Ceef35559a3b7608E54BEd5051,node11,8dbeb357c644cb518a00f5948d162ba4e8d888071f980510d72f0c6b2b6a626f,4,1791391607.2727556,1791391623.391129,16.11837339401245,221,241970,confirmed,
1002,0x4a13994469eb07C4EC5c0535FEb3541fb2aA7f58,node12,ff74efb8237624f23e2766e87860f9418d37d3c02e6c7cc0cf10400973e41d19,4,1791391607.2758567,1791391625.6282475,18.3523907661438,222,241970,confirmed,
1003,0x633bA6B6482e34649Fe32DDDAF2ab544769B76bF,node13,1b4f34d7eeab7468b0ec1ef0b8c51d316ff7fa0f04ab5033c8575098b14fd9a7,4,1791391607.2808034,1791391627.5985594,20.317755937576294,223,241970,confirmed,
1004,0x5d34Aa749607d7967054969eB35308F455048084,node14,39ca35570149c4e9f6d0898d0def7245c143e60d9ce252c83c1d89d05db8d888,4,1791391607.2832985,1791391629.526276,22.242977619171143,224,241970,confirmed,
1005,0x30a14836173483aE537625E8ac959881990d2154,node00,3baf397efe4c3169add6839216dfffba13782d00c77408f1198b6fbe6b099880,4,1791391607.2866855,1791391630.807298,23.520612478256226,225,241970,confirmed,
1006,0x9cb3BCe5062557618B1cD0aEA6774A08EDF9A4f3,node01,f18fb86770b0df47ff62a03eca6cb09985b97dc648812adcfa41d1de19870737,4,1791391607.2914684,1791391632.6019282,25.310459852218628,226,241970,confirmed,
1007,0x4Ff7432671Eb3117b86415Ed5d66F59D311D1B02,node02,4c1ae3bc9f0376ac39c0559bd58a32d3fb7ace61eedda85c8903410ebd802bef,4,1791391607.2944996,1791391635.1097212,27.815221548080444,227,241970,confirmed,
1008,0x36204995dE3f2D2Fff6A1d01903Cf2af9AC7173C,node03,6d4efa39f054a4ce509b921bf4c8032dd5ba1e739d72b48c6cc50c1d9f18ad75,4,1791391607.2960286,1791391636.725806,29.42977738380432,228,241970,confirmed,
1009,0x811d1991C709E7768D0aCF46aaf77AEA51d4D26a,node04,dcfe5d17cfae5866b7ecb488510984b5802365e3f8afa5a39eb3c88024a50116,4,1791391607.2987037,1791391637.637619,30.33891534805298,229,241970,confirmed,
1010,0xbF8ecdCeB1B372831126FA0e6800677cC0528eC5,node05,57164d35086d0755fd3919c209bd64f88675eeb63c402a079ea256a0d7082224,4,1791391607.3033605,1791391611.4695792,4.1662187576293945,215,241970,confirmed,
1011,0x12009ef1cf324F4d4BD233B725B291C989FA5838,node06,5564e1656fd91e723cbe4e575c40f978b52aefef960ed955fcd9e972c526a34a,4,1791391607.308599,1791391615.0734434,7.7648444175720215,216,241970,confirmed,
1012,0x36d7d9C4E63375c26DE78EDA14EfB45b504746CF,node07,643788bd60944a5efcdf8169bb52786ac94b0fcfe273cfd3660c8bed2d60f8c7,4,1791391607.3163989,1791391615.0966456,7.780246734619141,217,241970,confirmed,
1013,0x51Af05FECD1D166aD2e599804fB3e237222c0B95,node08,dc06a4e112ce36a4eb6adea417f0ca2253a31bc1f7d1a270237913340c10a24a,4,1791391607.3186858,1791391617.8624082,10.54372239112854,218,241970,confirmed,
1014,0x330d27F74752B13b54cfFE4b3EcB21d153AD5982,node09,c0b907c87c493988b90b4421b354721efeba807dc265d0151b6a9d5c32cd1890,4,1791391607.3206313,1791391620.7740998,13.453468561172485,219,241970,confirmed,
1015,0x5C940bc3FAdB1ba66F2BA6F2E6aA32AF40e61dA7,node10,3ed35bd4d54817e2bff2e5b83b8c154cec81cc541e1eb752c596a185ee383825,4,1791391607.3223798,1791391620.7388198,13.4164400100708,220,241970,confirmed,
1016,0xEa86cE80c3EaAd4703b374fC8343248d24C6b557,node11,00fa6ac488b4953efda8e6589e26d992858eaad3196573be85a56b99171cd74e,4,1791391607.3248994,1791391623.346936,16.0220365524292,221,241970,confirmed,
1017,0xC215b22A2D2a8e8c80FFe9aFcA4A5d82EB1bdc7f,node12,c9bd9904e4a54e75ead3e58cbcb539a6088d85bf1c4f568462926937c635b299,4,1791391607.3298423,1791391625.6171362,18.287293910980225,222,241970,confirmed,
1018,0xCe6EBF9715D3702e989B5Dd8616F0F81004D41fe,node13,7c09ca603d67feb233bca02b34aaae40548d8a33729c7f94984da83930fd9496,4,1791391607.3313506,1791391627.5968838,20.265533208847046,223,241970,confirmed,
1019,0x8aa0Df1eFb4212823E64FE56C4490d026999C293,node14,6b0abe7cb3e2dc64082ddda75444bed1ec52106e436c1920cb697783d8fdd470,4,1791391607.3345857,1791391629.5508206,22.216234922409058,224,241970,confirmed,
1020,0x6836741F92530CB006792ef66C06494293d5B776,node00,c32422dd077eec8bcd9e717ebf71addaac8e417b28f277fb3e9bd3557ada6fd4,4,1791391607.3370292,1791391630.7411342,23.404104948043823,225,241970,confirmed,
1021,0x79B09cC307eDD05279Af04E26a171180dE55A6f1,node01,04db040d1ce88098110403f0e9b0b7d4bd9bb4c601b7ae78c0049c03849730a7,4,1791391607.3383825,1791391632.616589,25.27820658683777,226,241970,confirmed,
1022,0xcd25dB681641aDB8e67BE07307Ce65f610f2F160,node02,d12aa94bbfb47dfe8173ecc2754465e463fa3d05e87e4e6a2920ea8f98455496,4,1791391607.344011,1791391635.0672526,27.723241567611694,227,241970,confirmed,
1023,0xFB0A3579f341F36BaC718B326c35bb2A098a5ECF,node03,5d208d8dc4b30bbec3a9c1a951093dfa31e22cad86bb21f88eedbecfbab76148,4,1791391607.3468723,1791391636.7194653,29.37259292602539,228,241970,confirmed,
