tx_index,sender,rpc_node,tx_hash,nonce,submit_ts,confirm_ts,latency_s,block_number,gas_used,status,error
0,0xA6A2a53F872Fb610Bf92670f9cF0639EBC319cC0,node00,f018f61cb54dcd4a3a107b5be0e8b39c83e0deb8989d521e05430037f66faca7,21,1791410737.9573953,1791410756.8949986,18.93760323524475,420,153618,confirmed,
1,0x96E3384493dbC158a7d49c6114Aaa99c35be2FC0,node01,3312ec793767090a34e2afccca235249c141df4308b1f74c7420013556d7f7ca,19,1791410737.9657485,1791410758.4142823,20.44853377342224,421,153638,confirmed,
2,0x0797F38C2b5A6609bA12D47Fe6eB5aA3E6B4b139,node02,d49da3601bd7e249e4e7078ff9aa8afa53896beac5cbd31f5e83e5b164674fb5,19,1791410737.9730043,1791410761.0052485,23.032244205474854,422,153618,confirmed,
3,0xbE389C0a727652b71597Ce960b5B51BdEFb0B3BC,node03,028cf3112d19780eef158a59074685ff89d929ee570ba668fee972e299613df8,19,1791410737.9753811,1791410763.5908191,25.615437984466553,423,153650,confirmed,
4,0x3b996efbF81b8e459b277a72fAe485E3e7060590,node04,ccef38a3d63b504984c6f1c85cd1c85e18064d6b676f371e1a8f774e51a97b29,19,1791410737.9779108,1791410765.4419737,27.464062929153442,424,153618,confirmed,
5,0xcb651aA1364A85719E860331f931449C8786811B,node05,f583b60d82b78d30f8ca86e5d93e3ffc88340fc5de42f55ed6993c4d88840e85,19,1791410737.9786325,1791410766.7845898,28.805957317352295,425,153618,confirmed,
6,0xA9454bE37395469e4371a93bcD0c73F548680C8C,node06,1a8db09a8b37b344c9648694706be6a39366231c35c212b77b96e2ea88f79533,19,1791410737.9815445,1791410740.2279696,2.246425151824951,411,153630,confirmed,
7,0x83A04004016b9c0099f42fd2aD34E03e520671e5,node07,77638ec266fdcc8f7c5d39fa87619cf8fca80dd206ce88413370e65f8c259a37,19,1791410737.9869573,1791410742.7936218,4.80666446685791,412,153626,confirmed,
8,0x55aFcd93E748560981ED28caDd3d22310F25ba4c,node08,4dcb7de4beb49e1aa5ee7447384db271a3ee3625449382561e18c73e468b9b6f,19,1791410737.9894264,1791410742.780828,4.791401624679565,413,153650,confirmed,
9,0x208b56F73994CdB6d788E55A8aAc89cD75d913e1,node09,0f3f45211b767c2f343aaada7d25ed8254be97f9a6ba4a7b82e3a6dbc57782be,19,1791410737.9918258,1791410745.961696,7.969870090484619,414,153618,confirmed,
10,0xB758846a3AcCA3F53822Ba977Ecb9b9c0eDc2b59,node10,74ebba79cb7716a534da4cd48f51ea743ae8231a4a1cb6f4721a321ec117bd6a,19,1791410737.998706,1791410748.582082,10.583375930786133,415,153650,confirmed,
11,0xCdeBd6ca7aeE7508B5F8730a420C8e99b5FCa9C4,node11,5306c5830d568924c778998eedf3fe8bb87b88da086968e0f85a459cf73416c0,19,1791410738.001776,1791410750.8764858,12.874709844589233,416,153650,confirmed,
12,0x5b9F689178e3a91B6982cDC64c995eEFd7d7fe7A,node12,186d1ce6a157c978366318182fff62f403eb0fbd8b2085b4176538f37bb42c19,19,1791410738.0044236,1791410750.9197905,12.915366888046265,417,153618,confirmed,
13,0x09909D80ff3Cb04F9ebB853B7b6c7dcAD7EEE31E,node13,d49540baa8c2d78887f2ff35dfa3c22f08415439dc8f234f61a07e66fc7b599a,19,1791410738.00903,1791410752.9852066,14.976176500320435,418,153606,confirmed,
14,0x03942C61F682500E302528b1C3d8828ABD9EC950,node14,f5177c86114a8356a74320419c4252fab7c4f4ca81894c9203049bd2cdea4467,19,1791410738.0116625,1791410755.2177522,17.206089735031128,419,153650,confirmed,
15,0xF977f6C3474156Db73eCB8ed5CDCa8A06e815eF2,node00,d1c608690a502384dfc9dcd3f0625c3a40e5f71fe6b19f386b81becb1ee874c7,19,1791410738.0154078,1791410756.9397612,18.92435336112976,420,153630,confirmed,
16,0x6Ffb1Ce9A5947A25EAd3Cd48aD46425e4e317F2D,node01,62e3bc8b2ce823bfdd8176cc143b8093a42e92d8f291c88c57ddfee26050cdc2,19,1791410738.0204184,1791410758.4939547,20.473536252975464,421,153638,confirmed,
17,0xC322DfB26B540D0169EB62a2C89bd50FC47aB281,node02,a74357087aa42afe797cc68d883e16546fba11fa5311e8940d9ee2d21860c234,19,1791410738.022236,1791410761.168451,23.146214962005615,422,153630,confirmed,
18,0x0223a53f9AddB0CE9f32973453ABB70dc1E90bbD,node03,0954336280d6f1105f41e9538a427c67550a48943ee366e490869b3793fae402,19,1791410738.0241344,1791410762.7082381,24.6841037273407,423,153630,confirmed,
19,0x2b449BCF7753130fF8683aA6ab5888E3e5E81977,node04,09630214af81a89a655a5a510ea7876ae095b002f81b6233311a2c80d99b7e66,19,1791410738.029011,1791410765.5433125,27.514301538467407,424,153594,confirmed,
20,0x5D4E4A02bE15a1c96e6B2853d5Cd6AF65C98C212,node05,d70e59985f4eecebdaf6bfa63a0bbcc759a3966e85cafd1ce6bce59ff393e528,19,1791410738.034338,1791410766.7378976,28.703559637069702,425,153630,confirmed,
21,0xFb7120044d24e9e66371C0E0Aa893706074e9644,node06,ede386a6ec86d2a691f693e1598ade3f91f35c664d9912fa0c69b2c9fecb138c,19,1791410738.0363219,1791410768.901977,30.865655183792114,426,153630,confirmed,
22,0xDEf9BD453C0a1abAedE97cE2cE7F8Fa69Ef878EC,node07,b9d62a829977b356beaae615e1801cd78442b7f93fb729f86665b0169686d3fe,19,1791410738.038774,1791410742.915793,4.877018928527832,412,153630,confirmed,
23,0xA3B020828490B65222fB5131b268766eD4a929d6,node08,bc65901f8ead31503c4423fe34eb168404c0bb31fd7bf039decc127ded53441d,19,1791410738.039445,1791410742.815032,4.77558708190918,413,153630,confirmed,
24,0x3C71f370A496aEecdB2c29C7c7a38B1AAFb981eB,node09,49f123e9e7f1a1848ef5d0249938b3cf1f925a8798f588594f6283227267ac0c,19,1791410738.0429397,1791410746.0122337,7.96929407119751,414,153618,confirmed,
25,0x43c7cB7D95f43762B613dAab8fa3FA671bBf7760,node10,74f4856934df8cfbb68d1d48a9f51b205a476dd3efa37567e3391b5d0fc73931,19,1791410738.0490916,1791410748.6100564,10.560964822769165,415,153638,confirmed,
26,0x228Fbfe59d593bdd66Fca9DD8AaA63E96033e6dB,node11,c7098ffee69d4b3bf6833a323a4dc80c0330b572c628c166d0e81cc89c5f458a,19,1791410738.050399,1791410748.6766274,10.626228332519531,416,153618,confirmed,
27,0xf0330a1af9d35Ee681C47d4008b2C4b6F321DCCb,node12,b0fec042e3e1a6ec32b07f49502ca22f9346329db45d9e3ff43016373d7b0a3f,19,1791410738.0529554,1791410750.9663212,12.913365840911865,417,153606,confirmed,
28,0xDb044633A1c4d713580CF5E61109D78256556a1C,node13,8ef1725fb12ba22cec161bed6bec0e71c6166f3f82f70c6057b80099e8cf0879,19,1791410738.0590007,1791410752.9652383,14.906237602233887,418,153630,confirmed,
29,0x79F4551257ED6586a15bC72109441B7072cCd045,node14,9be8c00b4374e51541baac441961d19485d70ca9a1ee912d72edf7c7a2f0bebe,19,1791410738.06116,1791410755.4311628,17.37000274658203,419,153630,confirmed,
30,0xD92243bc222896924c9BFc9aE3a5FcfA229b72e3,node00,0993c2d17baa839188d652325779268b33cc4f4a323d5b624eec9752785b1c6a,19,1791410738.0628598,1791410756.9936492,18.930789470672607,420,153650,confirmed,
31,0xb675F14004795B0a6B2c4c88eF83f86eAD5bD5A3,node01,517efdeb4b8bac7f428295daae46c197e6ea3f37f949f08eeef46d534b1e3a85,19,1791410738.0650733,1791410758.4868588,20.421785593032837,421,153606,confirmed,
32,0x2f1c7Af0F8E030B4e99972D0eA9Dd540Da2C827C,node02,d1713d2e5ec8092695b19beb3e635fd747850c9b68f29d8fd48eaf99e89e0f69,19,1791410738.0674663,1791410761.2566435,23.18917727470398,422,153618,confirmed,
33,0x743c47085728cFc38E1E29c2B5174f2c5bD0B606,node03,648021b44d5449ef1af30a04212969ed0c85ce91051486cd9cdbc6afb2cbbe75,19,1791410738.077207,1791410762.542908,24.46570086479187,423,153650,confirmed,
34,0xEB6E070eF19Fec3464B5Cdc3bd42F1a0b5f6c052,node04,0eba32e0a58f7e5e0ac7d1d001ad0820f6d174773061067429bc3753dda9d2d7,19,1791410738.0779173,1791410765.0745413,26.996623992919922,424,153618,confirmed,
35,0x093bdd7f02bBE9B3Ff7619DC299b959ED0495165,node05,06d0272e0d93e7baae767a77dbcbfcd609b69425362ae341f9c53e9158f88f72,19,1791410738.0824838,1791410766.7686138,28.686130046844482,425,153630,confirmed,
36,0x65FdD9dA2a09c43Ba6203F5D58e8d5D16c7D70Cd,node06,069c2150145e6bb16759d6c6cbbc666ae620dd0bb99c9169e17cf504df69d0bf,19,1791410738.0843303,1791410768.976054,30.8917236328125,426,153650,confirmed,
37,0x77dCD7a5FfFf381064A3092BAD331A8A7FbebBAD,node07,a862908bd83cf8d464a4b2629b8028d34dfc829692bc3557800e3ffcd6859647,19,1791410738.0853512,1791410743.087327,5.001975774765015,412,153630,confirmed,
38,0x2aE551CDf627ad64D733D925E51F0689DA28261D,node08,3efdb73a9a7e5793f186b574e612e2a194c9362af31597e23a27883218c91c4c,19,1791410738.0876482,1791410743.020417,4.932768821716309,413,153650,confirmed,
39,0xb6e18e7BC37af7b5C5ac9A2aF687B3159b3B2cb0,node09,8053b37c538a8d492687c31f4e05ba7e31ce26732f0aeeb08367bad31f56f8a9,19,1791410738.091661,1791410746.1710646,8.079403638839722,414,153650,confirmed,
40,0x19444B1Fe4c52757Ae9CcD57cD6110DFf14eE3eE,node10,14a553cb12e96e8000ee0816ef46d239e109b4702a5dae8e668b0edeeab7c1d4,19,1791410738.0975823,1791410748.6800635,10.582481145858765,415,153630,confirmed,
41,0xf419Fd265f029FDe8C198C07bdbeA03a3fAF420B,node11,768836200d2e47e0c5c94619ed7b71f5b108394696d9342281fbcc4347a7ea6e,19,1791410738.1047142,1791410749.0243814,10.91966724395752,416,153638,confirmed,
42,0x218A8AAd79f7A3da5dA65621487dA11BD5A72fd5,node12,2e99e75045ebbf4774718aece6ad67358e9554c309d3808d8d589ae775ce207c,19,1791410738.1064517,1791410751.397488,13.291036367416382,417,153630,confirmed,
43,0xb01EB62e6E3d2A9605937Ab0E5d5F82bF71b7D59,node13,64390001eea252bc4a9a96e34259b885d504d393c9564601b12e922a7f77e80a,19,1791410738.1078606,1791410753.0153883,14.907527685165405,418,153618,confirmed,
44,0xbda7e688d529ff57bFa21e299c87d4F7F07FdD4c,node14,9e6410423a1fa9a05f004f0f2d30a929ae757b1e8d28bc99dfd5db3b0ea61991,19,1791410738.1147819,1791410755.5966713,17.481889486312866,419,153638,confirmed,
45,0x7f846706Fc8cE16Ff4e246e65dd73Ca9986b0699,node00,476f97c4bba1dacf85b1a187149673f3a0e542f5105a5584b03bd11967cdf33b,19,1791410738.1173048,1791410756.8928254,18.77552056312561,420,153650,confirmed,
46,0x3D39112C9b8d6E297d377B2dcfc3BbBc47C669eA,node01,1e45c4e395aec09d8ad9f9fd539b64ad0075becef7b87233ebce7b94f2059069,19,1791410738.119691,1791410758.488349,20.3686580657959,421,153650,confirmed,
47,0x4E26AbA26358942190Ae39162FFb052702caA238,node02,cf4b9de3f7e5aea5f39bab1ed7949c38d22922f5d4d54ce47a556d371392328b,19,1791410738.1222246,1791410761.0909636,22.96873903274536,422,153650,confirmed,
48,0xE29A3f4F580671ebEE852225b9f2DB305d1D4861,node03,58c4023003381b5c6e67365142bd81cff25b96b7c8d661498d86d77191deedd0,19,1791410738.123958,1791410762.5390348,24.415076732635498,423,153630,confirmed,
49,0x3D1737f622DC845EEbF2Cb05Ad7EB29486dbeb1F,node04,30841cb410656631e04ec9be7a753b6b648f95f429f001ce519b9beba213f5d9,19,1791410738.1258578,1791410765.0964086,26.970550775527954,424,153650,confirmed,
50,0x5ceDE71d540358D95995869381f4a35B6C5D94b2,node05,05df799a4188c56f58c195790d7450adc26b7c3c68508a365df0e55118355d4f,19,1791410738.1287894,1791410766.6688771,28.540087699890137,425,153618,confirmed,
51,0xcDfCEfb458b3DD69F9D00f5Ca6dBDbB9404B05f7,node06,0cc2a918ebe7d51e13b945c724496cfc834472f667146bc88c80667cd38d5145,19,1791410738.1302114,1791410768.9976842,30.867472887039185,426,153650,confirmed,
52,0x9060636497d1b023Bea945983E141c39933744C2,node07,4d3649d23fcb6d45ea34b051a058e86a8caa8fb2e9191ef38b23a385ee7d6984,19,1791410738.13133,1791410742.9709773,4.83964729309082,412,153626,confirmed,
53,0xBF478438f9D58E15F64b1a9C281b47694EFe2AF7,node08,525ee5270feeb1a7bf858cfe8898cb804417f351cd3d3d041317bd5251bb3c3c,19,1791410738.1332989,1791410743.0968385,4.9635396003723145,413,153630,confirmed,
54,0x565DeF3570e85DE869438f59E8D2feD607118979,node09,1b777e5731fdc9f1bbe699104c47c5410e004a8ed9f6a90c012aac44554a3e90,19,1791410738.135554,1791410746.2751596,8.139605522155762,414,153618,confirmed,
55,0xaBc230860a698948977B7b7d2a5835372A090D97,node10,dc0c136dd1fcfd794fd8f9b5ea11f2740621790093cd2100f120096d5a435e00,19,1791410738.1370661,1791410748.7440515,10.606985330581665,415,153650,confirmed,
56,0xa84E73EA97Ca1Fb6A4979C60B887A1580FE2C47A,node11,99de446085b5a0f5b6a633cec48b45db12196eca9ad31361a194c1f3e5188698,19,1791410738.1445913,1791410748.6669605,10.522369146347046,416,153638,confirmed,
57,0x7EF7766A19a4d218a0508aE5B4B511390DF820a9,node12,e57ec2edd355fd1eac53a43db1b398f55e3ae67d2c456c289d00484ab5b52628,19,1791410738.1467113,1791410751.0422866,12.895575284957886,417,153630,confirmed,
58,0x9DeF411FFdc847584745DDa2ED78d3F13A45c436,node13,2ef8656a3bbd72331e03ebfb9e21cd8024d0c82cb13fa8dd61b3349eeee8f2ec,19,1791410738.1481557,1791410753.2079694,15.059813737869263,418,153630,confirmed,
59,0xdd33D66f2138a3a7E372F862f18202dC55169aBB,node14,ea2367542a64ad1e081e7619d4f3c8995ae0851d11b2bae2bd9916d5fbd419a3,19,1791410738.1504948,1791410755.2943914,17.14389657974243,419,153618,confirmed,
60,0xf4B116655c7dB87207a32a35b67dFB627e634a54,node00,be0c23d0e462a4b803e913ffb5f5c2ec9c2b22994f880c5d581782fb31326b48,19,1791410738.152261,1791410756.9216046,18.769343614578247,420,153606,confirmed,
61,0xd0a0a7b10e64EcAFe7264cEf26642D5B7aB7569D,node01,e36a715d856cbaa0963f1cbc6e16bb38b01c6adbca80f0dc2cbad3eb878e6ac7,19,1791410738.1550024,1791410758.496627,20.34162473678589,421,153630,confirmed,
62,0x03181F9711e90129Df94debC2ec198836173C5E6,node02,1fbce0ba2d26931dc2abfc01c0d0fb662ee9c4d228c561f078d297ff84f66175,19,1791410738.1574695,1791410761.2005038,23.043034315109253,422,153650,confirmed,
63,0xDA1C39fa19F9008860c410e038E5447ACFCA3cca,node03,09ff40ac7aaf716b89b8ccfbf9ef9d6703dfba1e3ec178904ba2f2e4683a2064,19,1791410738.1615784,1791410762.578944,24.417365550994873,423,153638,confirmed,
64,0x6193b35Ed5aa429D930b338978c0d8bA47634d1e,node04,ccaebb25092d538b94b7fd285e551a90f9c44346221b54428221525fe87a9e98,19,1791410738.170672,1791410765.075822,26.905150175094604,424,153650,confirmed,
65,0x998CD706B70a058b6978B9e112142918D5b0defc,node05,d97c48e853276ea1b7df7d2285c07fad685ad052a7fc6b94253dad9ce9ab2f5c,19,1791410738.1723135,1791410766.6818817,28.509568214416504,425,153650,confirmed,
66,0x6fD4103141EB74E736f00AF2b0385839A4323C8D,node06,a05e4e4072ad8a5d9ed563f0dec992a47427e87b1522779309a68860847d0b6a,19,1791410738.1730094,1791410768.9229288,30.749919414520264,426,153630,confirmed,
67,0xF44A5E76a1f3Fd07980665618b5e69a832c6B9Bf,node07,887d8fe19f142f24c625415d23925a4ee51fd0b34263f2517dd2e52ec9f5f348,19,1791410738.1754553,1791410743.3906865,5.21523118019104,412,153638,confirmed,
68,0x7A0cA7d43CdE40AAF293e3eE8d2D4c91241bEB90,node08,2638103b392eb5b5cfa34704fe5d1c70d33781b60444b1c184c5351a2ea53859,19,1791410738.1794927,1791410743.2052631,5.025770425796509,413,153638,confirmed,
69,0xC2727127185A30EfEf38e56DdFbDB5BDAf633E35,node09,d441796cb5da3350804925760eb4fbccdd8e9d8a2de98793722113a45efcb03b,19,1791410738.1820164,1791410746.3316567,8.149640321731567,414,153630,confirmed,
70,0xb199B7723b85af1995f45391084346d167A6189f,node10,7ccf8741eac451bf918dcb8909396abc1134e438ca536b6b7ce35ce5a7f3db89,19,1791410738.1841516,1791410748.9496553,10.765503644943237,415,153630,confirmed,
71,0x419efE75DbcB38E20bE0403f9fE0A84cC69c7364,node11,fe4397a3cdce3e8dd28cdadb9668ad5bc760a390b43cff8b7107fb350abfa094,19,1791410738.1862562,1791410748.7280486,10.541792392730713,416,153618,confirmed,
72,0xB4A7324D4fD6eaCc36F007d99debC2145808707B,node12,8a0def313a1a7474ae4cf85d151ec90b98fe9eb1da7a1efc306f3a461ab1f26d,19,1791410738.1911755,1791410751.1406193,12.949443817138672,417,153606,confirmed,
73,0xdC5762Cd60362067CAd2Da53900351D39cC888f4,node13,b1bf896376b970ee9f319ed14c8645b83e53886bc15775429913e6a28ab5a8f5,19,1791410738.193836,1791410753.0626857,14.868849754333496,418,153650,confirmed,
74,0xa2AB16D9Ba3Dc34Fb902476DF2E3B57620697599,node14,e7adfd2d1886805739b24f2bdc4d42215b491be80287eeaa712ff9e030607126,19,1791410738.1949728,1791410755.5474982,17.35252547264099,419,153630,confirmed,
75,0x2D23989D5c3e253f526620613de1F83ae49284c1,node00,4a9e2dcd4203ab3165826082f169a7d627c7657d62a4449f5ceb5642ffbadda0,19,1791410738.196198,1791410757.0275855,18.831387519836426,420,153650,confirmed,
76,0x69617BF3b48711285B2a9BBB753A1Cf2F35240B1,node01,0e6f7c89e93ffaaf1901e2d31b72312820f8a5b2444f6dca9496e6b3525e5dcc,19,1791410738.1984293,1791410758.5229535,20.32452416419983,421,153650,confirmed,
77,0xc7E0D7868DBC4bC60c67BFfA1329bA2b908c00bd,node02,152870487d74a362cea305248078a4885de700136d611964c4057505aa5b4ed1,19,1791410738.2021837,1791410761.1877654,22.985581636428833,422,153650,confirmed,
78,0xE35bEE3169a1fEAABbFC62E87C7Fb682F33486F9,node03,3cd04beeb15bcfb5d714cf06748cae1cff5a1ee1c8088374b4d014420f820dfd,19,1791410738.2056088,1791410762.586367,24.380758047103882,423,153626,confirmed,
79,0x217171BB23bd6450990BaC9B9490C9d8737a6963,node04,ae85461cdd3fe380e6db12772f803e05af79b768fcdd175c040eee6ebb6abd4b,19,1791410738.2083886,1791410765.3428156,27.134427070617676,424,153618,confirmed,
80,0xa600C28981dAc69aF47a783bae2A7677C115C2De,node05,211d50c62f24aca2c103a0db085016327fda6273731d565c0c5b48fb8c191e7f,19,1791410738.2115424,1791410766.709507,28.49796462059021,425,153618,confirmed,
81,0x66c5a69461B060438f2D30036ee67A4E44435C54,node06,a076495ddf62e8a9c8f30edb87d0bb4115308cf8744cb61a5c1964f05da10523,19,1791410738.216306,1791410768.594157,30.377851009368896,426,153630,confirmed,
82,0x9B57Bc44b9FC2A7bb56A6939042232d2A2CdB099,node07,341c2e4818d844aba4bcfb0064aff8f36a8b874b85d6f818af3d45727f5996f2,19,1791410738.218762,1791410743.5218048,5.303042888641357,412,153638,confirmed,
83,0xF3C36151fCA4e447dD8ec9F3a75e7B1009e1654E,node08,0923cf93c01097774db7272ac33cdb6f952246b106e73244998b1860f4b51aca,19,1791410738.2211292,1791410743.165743,4.944613933563232,413,153650,confirmed,
84,0xC16c6695c8068ef7be462149337BF7Cf3f4475b5,node09,705ba2ce1069bc539c552be2b734c16360ca89e03f4ec1bddf1415daace2676a,19,1791410738.2234826,1791410746.3812435,8.157760858535767,414,153630,confirmed,
85,0x3F422dC604b16cF079059d102EA9CE6Aa0d4113D,node10,294577a2ba2347e8b7cef696e53d36f96d6c236c054a65a22fa9812a119b98e7,19,1791410738.2341666,1791410749.2164009,10.982234239578247,415,153638,confirmed,
86,0xfBdc5B4a0a2a3FF6dFC528B672EF30aa8F839172,node11,b31af0d56635b03075daaa128318b287e66878fe3224df1d415321c9fd498b1a,19,1791410738.2351146,1791410749.0280013,10.792886734008789,416,153606,confirmed,
87,0x6c534500c4FAd09153CA35EfFe6860c5F72fBA3c,node12,86d54f83445881ae2200d9b7ef9510f0f5d3b588cb5257082af063529f13e2d6,19,1791410738.236456,1791410751.1603048,12.923848867416382,417,153630,confirmed,
88,0xC7659a4040919922626F7beF1A502Cb82FdbfAf9,node13,1e69cbd2f7324e4fdbbbff549df3625217af60e3196092fb9131986fe34bad9e,19,1791410738.240947,1791410753.090856,14.84990906715393,418,153618,confirmed,
89,0x4356A66d1B4Dd1224F1897A68693f3ED07B2E430,node14,12ede24021945764fe5331afa59fe644146ec79c31439c85f861165634a2ec03,19,1791410738.2455187,1791410755.638238,17.392719268798828,419,153630,confirmed,
90,0x94a153081019974EB20064d558F4f8e3f4F8960b,node00,a79a5708e600d58c1d1ea1fb7889d3c1ca49f90d67db59e99d09ba3fd9cdf06c,19,1791410738.25208,1791410757.1185343,18.866454362869263,420,153630,confirmed,
91,0xC5909913b21E315041cdB0408e7e1Fc2C887e35a,node01,3f6a53c9fb41ac04eb4d3d47531e9ccf23b27b2d702a65036efe58ab9a3b1510,19,1791410738.2528312,1791410758.577067,20.324235677719116,421,153618,confirmed,
92,0xBE4E2015d077BFAe449cBdE9Bb8131110Fa91DA2,node02,9757b2b27e6dbeed892b4ea2f524766083c7aeb6766e3a8dadddd1f6adff3fcf,19,1791410738.2549815,1791410761.3909712,23.135989665985107,422,153630,confirmed,
93,0xF15cA67E588d33B890381E56349b11314bA7d40a,node03,d5caca3c62c57d8f4cd8d4ce4033c2545c285a9a3c28bd25151354664c4aac86,19,1791410738.2587378,1791410762.654898,24.396160125732422,423,153638,confirmed,
94,0xb379f89D9Bd1925AbC3C0653cDd5849661329682,node04,7cb675f5270a9095f7a8d5434c97cd962bf57ec4c8b4ea816aaf4912dc007d67,19,1791410738.261585,1791410765.158724,26.897139072418213,424,153630,confirmed,
95,0xbe635584c62931fEc4368cD63A78960B242d6789,node05,05ba5143c1c80fccdff432141b2b58e00766b7fa7bf8acb94dacb6db96fb5ea7,19,1791410738.2628021,1791410766.6984453,28.435643196105957,425,153630,confirmed,
96,0xE80b6ff70B5C63De6030F648C826c73191c15f58,node06,9c75a042c8f2c91ad186ebf0e25ee0845dc00ce004080c572c58d2dd08030873,14,1791410738.2669237,1791410768.9336073,30.666683673858643,426,153638,confirmed,
97,0xF084827a0078B3165A04F6aB32F8cBB36886d935,node07,7fa358adf4502795745263272cc2d374e87671f02ccb8a3764e539f386f43799,14,1791410738.2707489,1791410740.5374513,2.26670241355896,412,153650,confirmed,
98,0xF31C0281f76cC15Ad9B117C164ddaE1E79AC5E36,node08,f7b2c02ad27a2d4cae9d57ef40d8f4c59352e8b940801c55699067e6f5caee71,14,1791410738.273382,1791410743.2482243,4.974842309951782,413,153630,confirmed,
99,0x409CFf31445dD85A43EeeD76b91bE8a30Bfd469E,node09,1be37dd49043335d5d8768754ae0edc0359e1928f8ea1668a737cc665800d89d,14,1791410738.279424,1791410746.3893723,8.10994839668274,414,153650,confirmed,
100,0xe399253CbEA91C4eE3b6ec0b1f1A66E2Aa5B89a5,node10,868b65e4ff0750bc8591f7c7f0d989d6a0306c49f8e5ba68341fbe0065114aa1,14,1791410738.2857401,1791410749.0469356,10.761195421218872,415,153618,confirmed,
101,0x08E444670c35789fC043185dcaa52046AbE84b29,node11,09e1258e3e469d0047edc92cd505d718ecd55886430082ca821f240e94769443,14,1791410738.2873967,1791410749.468031,11.180634260177612,416,153630,confirmed,
102,0xA9aaBb65C9d12C10641877E376B527B45c9D3830,node12,c65cc9ce07c2097ce63042f2b116439745f8332db76c2a0d2f0e675f3fc33d56,14,1791410738.2894878,1791410751.6804197,13.390931844711304,417,153630,confirmed,
103,0x406629bf5E31a9a0Ab41E228dD045EFe996F1eC2,node13,0875f47c652f480424c73e484c00ee0f861f9e21dd86413b3382824da651fb8b,14,1791410738.2902834,1791410753.3282907,15.038007259368896,418,153630,confirmed,
104,0x653EB1aAc3De242C1081e204B48A4362446b7A47,node14,a463b9f39ba9fb490e8d0df85149d6608b5dea358ec96268c64b7db7e35d3c23,14,1791410738.292335,1791410755.42682,17.134485006332397,419,153606,confirmed,
105,0x69331a9a55A2D870895E4Dc35A70E33Aa9E847a3,node00,413c44aa938be7d6db7735c2e34830846778b1559b3d6698b2923a631cd31b14,14,1791410738.293666,1791410757.1239042,18.830238342285156,420,153650,confirmed,
106,0xBAecE152892750b68eBF9DDc3b709d8E1d8B554A,node01,d1e89c30ff881f0e1fc4d40ba92ec87490f6971bf95696209f01b54bb0a16d1a,14,1791410738.2950077,1791410758.604195,20.309187412261963,421,153630,confirmed,
107,0x02C2344791055E03BC4629BD185B5D16a5Fb791d,node02,fc4e98a949b19dd0fd84dfd63125641d7d3e803b5f8525106ea15fa71c3f1d55,14,1791410738.3051133,1791410761.3835077,23.078394412994385,422,153650,confirmed,
108,0xa1830D2C6AC5264ff6C351eE545f5a9B4857918B,node03,72db837e0d3172e5c155ac2863d722a5c4f44fd5ce0e81003ef56bbbb9553966,14,1791410738.3124633,1791410762.7820387,24.46957540512085,423,153650,confirmed,
109,0xeFb3C1893B2BcaAF0BaB64a7Cde8559B84274F92,node04,62619d95b2818fd5dd2b55a3d4987f84df15832143c96feb30369323b3ff0b3a,14,1791410738.3172295,1791410765.122082,26.80485248565674,424,153630,confirmed,
110,0x246F36F27853b683A6148D4b1c97C630f95489Dd,node05,275f0442bba74332c67aec9f26f99e53659e0f4bbc6bf6859c1b7eaeb7b569d3,14,1791410738.3182983,1791410766.8657272,28.547428846359253,425,153638,confirmed,
111,0x6dBa6355c96bDbA22bb88034Be59f6cE1dacacf3,node06,42bf0d68d28bfc31846c3f65f64c6b73acb78980b269eec13de69d852c3a1102,14,1791410738.320123,1791410769.0036561,30.683533191680908,426,153638,confirmed,
112,0x2300cf1995f1fb6463dbce04c8D5F926D762E91A,node07,41e4190b14b482bcdb02b1bd3fd5e1f660935a4c189ce58fb6ff56b67827bd3f,14,1791410738.3224895,1791410740.6039732,2.2814836502075195,412,153650,confirmed,
113,0xd32473c8291ab04Dd6029ECD31F21f1B94639F26,node08,91131fb77cff84fa9aca6a203d210193470656008f0534a68ce7ff3188910c56,14,1791410738.324228,1791410743.3936274,5.069399356842041,413,153650,confirmed,
114,0xab71de4932F8a13B6D37370c0eCb52b067535C37,node09,608bda4100bf23327c76c11b2ad6cba0483006e00782ab9d6b4819ad51659e67,14,1791410738.3281746,1791410746.6015334,8.273358821868896,414,153618,confirmed,
115,0x92190C5F7BbdF7E1Cde82a010170742D8B31763b,node10,8b0b8a36c1a730fed874ce93f254f6b7e34c572cf4a6abf262404e9b724fd3fb,14,1791410738.3308654,1791410749.0719485,10.741083145141602,415,153650,confirmed,
116,0x16Ff0141Ba7F51Bf3c2E3817a21083d54501a41e,node11,aa81216b2102f3a498a01e0fd44d721e4d254b030b837f48f7b8f86a766a9943,14,1791410738.3403194,1791410749.0601602,10.71984076499939,416,153630,confirmed,
117,0xEcc2caE4c12bcC7403428eb3dD4bfe6249eD1191,node12,2cbb6aecf8e104d8830d674c0c951536050560a0d0b3261309108789090d0ded,14,1791410738.3463924,1791410751.335087,12.988694667816162,417,153630,confirmed,
118,0xBc698db6fcb682E620d280FC43B462d1D4939893,node13,0ab471870c67010c803d8869f7c3860d4862078f376dc3779f2f339a3392d90e,14,1791410738.3481529,1791410753.6972265,15.349073648452759,418,153630,confirmed,
119,0x9CD7CD9913381C852f849Ac202f9A5d6892D1e5D,node14,5d43417bc18627cb3bcdc07496afa0c9fd8e37ec40a2b511cb295e8eecbedbb8,14,1791410738.3507814,1791410755.751012,17.400230646133423,419,153630,confirmed,
120,0xefd50fe70F897fe62313f9914cC5DE29eBFC7b90,node00,489c02ed772a9cd450eb1e810a59b627dbbb0dfced8ac40499305b8bfdf491c3,14,1791410738.3541596,1791410757.0924757,18.73831605911255,420,153650,confirmed,
121,0x9f2F76F4a8e959A55e343a2cF61590EEb55B6F30,node01,58aea2b90cfebabb1391409242d7c4e4e57c42357d67d65d1f495048dea7979b,14,1791410738.3555696,1791410758.7622874,20.406717777252197,421,153650,confirmed,
122,0xd5D7529f6C42a4D9a6eCD4EF2853b3a6Be3f33aF,node02,e36cea643730ee7af86c067733b5914a12e401bb33253acf243f87e2f53b577c,14,1791410738.3593833,1791410761.4650123,23.105628967285156,422,153650,confirmed,
123,0xbAf487fb5a3fEC5CDD95f50BBfF96D2DdE10571D,node03,0d1b4ee448359a9f3f6a17f8bfede7ec0d28544f37106bed470674ebe5fa25f1,14,1791410738.3616064,1791410762.7652626,24.403656244277954,423,153606,confirmed,
124,0x47e4247f60bB6ADe57e1681AF1cB5736c5C87551,node04,ea7c2e27690650beeca2adcc3a04f8a8d613e37b480b210c63c801febb524526,14,1791410738.363445,1791410765.194386,26.83094096183777,424,153638,confirmed,
125,0x6c692186BdD4e6c3b4E3fF71aBe5aa6F9D44DF8C,node05,441d5c2437718643d7154ecb02a22a4c74585b5a23a176b28fcd255f8d358b86,14,1791410738.3657172,1791410766.750869,28.385151863098145,425,153650,confirmed,
126,0x757a71407A816a804cD63A8bd50976b2e24cBcee,node06,11b2c3c912deecac73ff46bcb392fcdadf7e1e1f603072f4816e43bbbd766626,14,1791410738.3669827,1791410769.0050719,30.638089179992676,426,153614,confirmed,
127,0xF40C748Ce4eAa94d56141e5a8879Cc4f401755F7,node07,4ab068f4dbb7e2128740407625dea708590ad66d88086d051e30a105bf5506b5,14,1791410738.3684099,1791410740.6480162,2.279606342315674,412,153630,confirmed,
128,0xc02F74d812D8F0876860BE0D60eC6b0953Ec4744,node08,bd5ee3ba1447e4f84cf1c52e4d07d96ef0b42e8f73b7fa08c1dd6652c06738ea,14,1791410738.370439,1791410743.4944782,5.124039173126221,413,153606,confirmed,
129,0x27b454D3E207230416A9934E9dC03b7B36DDbE02,node09,87d12c8cd2c38b95c7e3d7eda430731df7671e26683f5f5195ad9234883c8ba3,14,1791410738.3720632,1791410746.4827125,8.110649347305298,414,153630,confirmed,
130,0x42Af768AD9347b9fe1440d3056F336017467F1aA,node10,cd3a7f3c57418b0061e831c20372292fde3ca154067470b3b6787b1225b9347d,14,1791410738.374592,1791410746.666327,8.29173493385315,415,153638,confirmed,
131,0xA3258DcD0e1BEe4e6d941BdF05041C649759048c,node11,fbf46a65ba716942907eac80f68bec91667c0bd534e47e80490d91a06c1f53da,14,1791410738.3796844,1791410749.1162696,10.736585140228271,416,153618,confirmed,
132,0x4A33575772C10Ed3d752d69A5e2c53C9C0ED886D,node12,04a81cb1398eb80bb5e55a73a44286b0ed4dbde452846614cebf22d1c66e5897,14,1791410738.3807633,1791410751.4201093,13.039345979690552,417,153630,confirmed,
133,0x34A4Da088186F74B23B8Ac177EBA16634A5F657F,node13,2ceabd9f79a58675253423342fedb7e8d52f7049a4c890efa6cdd5b859510874,14,1791410738.3828723,1791410753.3090465,14.92617416381836,418,153638,confirmed,
134,0x15b7C0f90B9c4c4E25F3d5fb6ba202c2FF7C9ad4,node14,926e654b5b6b60299d9ffd44f5a4f80abb39951fc2fb43f4814b048408c42d9f,14,1791410738.3848631,1791410755.5662286,17.181365489959717,419,153630,confirmed,
135,0x59560Aa0a030C787cEF7F9316A2eF33ef0Fa8573,node00,d82cabcdaed72a06c359c3279bfc0a077bdfad7b0380d0aba4727434230ddf32,14,1791410738.3879397,1791410757.207602,18.81966233253479,420,153638,confirmed,
136,0x26eCc891B77ab2b28e252622940E6b9E392B34b6,node01,9a180f365d74f3b1f2e629dcc040b6818a624cddb54564e2eccf14d2f1e09e77,14,1791410738.392248,1791410758.8156223,20.42337441444397,421,153606,confirmed,
137,0x5459b3C445fB1927029cE9CE740ef877fb93c6d8,node02,2a21f3afd4f7b1b2964989d529fbf7c0d334531756ecd5a75b3b0feebb2abad1,14,1791410738.3942766,1791410761.5049114,23.110634803771973,422,153650,confirmed,
138,0xd96f35649020E983c5Ee9a3636Ee7a3706209c8C,node03,b4aa6c4547b866729ee34bfd13218264a186c0174177cd39485f36713f19157a,14,1791410738.3963616,1791410763.199417,24.80305552482605,423,153618,confirmed,
139,0x4f8088cb8C11d3D6905067ee70eA33bB99918040,node04,ee40711f09eefd1e4767042dcf213527686e9a7d465688a13110ca50bcd3b774,14,1791410738.4071343,1791410765.355491,26.94835662841797,424,153638,confirmed,
140,0xa4753d6637dfa4d6A117572ca9a6b5414A1fC2C9,node05,19ab48c45cf93e9c7d91646b845e7c64cb93dbb145270e17b03f2da1324adb8a,14,1791410738.4097993,1791410767.0745277,28.66472840309143,425,153618,confirmed,
141,0x005b7194Fd0557E9D0fA8DCE0Ee905b123515Bd4,node06,db68366d63f1e21b03c120d2645fcf1eb09d1695b500bea7a01b18b2b794e67e,14,1791410738.4109242,1791410768.943899,30.53297472000122,426,153618,confirmed,
142,0x7c135AB62c3920BF18521B1ea40B56E023b3bDb7,node07,4d930aa69923ad1c38b79288bfd6bef81a67a4ae09c6d175f3fdd88ae779fe21,14,1791410738.4117131,1791410740.9735649,2.561851739883423,412,153630,confirmed,
143,0x8D1C9c4484Ed5c7291f8A8F4570C7ed724B99795,node08,534aaadc6912aaab99783f4d4aeebca1952101c6ecbed7f1b46a07a2bd6ed54d,14,1791410738.4131894,1791410743.7248654,5.311676025390625,413,153630,confirmed,
144,0x9F4C03B24cA1153998E2dA300e8D6DCe4DA62895,node09,b726a7f5e519a10da88057a790bee4fd1b68e35431dbefe8ad1d1b3f69906abe,14,1791410738.4208062,1791410746.6716359,8.250829696655273,414,153650,confirmed,
145,0x0ddA49F2eb4e5Aae681543Af54df97E2dB8d429d,node10,359a55337047f81dc2ef1d26dc7ef4d2f06d5d1cb49a69194a4032611a836b0b,14,1791410738.4228837,1791410749.8699377,11.447053909301758,415,153650,confirmed,
146,0xa17CBBd2a7c38aA86e2a61252fE2197184d6E18D,node11,b4ec63b774e4702c62f3b334a65f62e71b3ae0cf06f30db5aa65c643fbe4e89a,14,1791410738.424109,1791410749.242705,10.818596124649048,416,153638,confirmed,
147,0x7E6d6e5E74aEDe7F9594baA6a2D7a28Efa788C05,node12,255730cbbc4978f8377e613865729a09a40e87d64dc13fa7a679ebf6d0006b16,14,1791410738.4265203,1791410751.9130325,13.486512184143066,417,153638,confirmed,
148,0xDCd773502d43F42cd1829D8Ea93518008eB5200C,node13,3bf0ca27e319b6394897d4692155278423ea2cb8f87d57ab6fc2231f3c21783e,14,1791410738.4292526,1791410753.5971692,15.167916536331177,418,153650,confirmed,
149,0x660115531882b5A494203A54a8145C74A40b8e74,node14,6b39582af0c91347103cc730e13dcb3b54a6e7b6117b47de735d622e2c2b75d7,14,1791410738.4320421,1791410755.7978864,17.365844249725342,419,153638,confirmed,
150,0xF6fdfE183d13ce98Ac198bE5EFD44f5Eaa8679dc,node00,cef69ffa8d19923890aa12c8b2b722ab31b277d529a59b094ef5e948c6470f4c,14,1791410738.4341707,1791410757.1620607,18.727890014648438,420,153638,confirmed,
151,0x5E3dB1D33f7505A0Cd85c57a1EC0acaFa5188e16,node01,791068805b04d6afae02501eaad78235bf187fc2fb43f7450159b251b9337508,14,1791410738.4366195,1791410758.8064537,20.369834184646606,421,153618,confirmed,
152,0x6361C30EF70B0AC97a6993b1d68736192c35bf0A,node02,2812613a3db018408e95f5e402e0f0de6d738585db0120f02bd867b4ddeff6b5,14,1791410738.4475806,1791410761.7747922,23.327211618423462,422,153638,confirmed,
153,0x022AEde7E76AfA6868b11b1F61cEa149283536d1,node03,c27da948fdd4787d429e0b2a8a6e202ad700d3402cf496ca69c2e2ff3d3ffe12,14,1791410738.450044,1791410763.0933425,24.643298625946045,423,153650,confirmed,
154,0xf0691CA6AfB63D731b4FC05DB5042c3c820d1869,node04,a26e28e1a1f39f26356177051a849b64532dcbf519dd78751e2feda20e832b0c,14,1791410738.4522269,1791410765.1534474,26.701220512390137,424,153650,confirmed,
155,0xc7754012A093138F08b69BD6969A7DbafbB8fb83,node05,27258f4a1b2c49d607350f2741d82b9209638a9781732b438474d95694d2a641,14,1791410738.4537635,1791410766.7321253,28.278361797332764,425,153650,confirmed,
156,0x2A9E3aa5f092fD771a96C47B32A624B89cBE9b7b,node06,0e76c38124901e45c3e0f8cef11b7f8959dae01f9e828ae4c91b47ff903bca32,14,1791410738.4553127,1791410768.9878392,30.53252649307251,426,153650,confirmed,
157,0xcc0BA671CAfad43A30Aa48cB39b6d02EE6daB7AD,node07,05f3c2c76f2273a1a585ca4bb29b5cccfe06898a902b67c78697867c1f475f9e,14,1791410738.4598067,1791410740.7747567,2.3149499893188477,412,153618,confirmed,
158,0x5974f9b975a9c01f074b03400dE704F8F9afbe54,node08,c78d10968f3f95fc47b426dcf3b7a486db3c8cdd1c941115a80eafd11f29811a,14,1791410738.4616394,1791410744.4425418,5.980902433395386,413,153618,confirmed,
159,0xbe2Fd86395a24ade274D6c7C192fd7D888d01168,node09,13d9776aa928ef63712ff6edadd6882ade689fa34c687e00e3819cf19b91ac45,14,1791410738.4649234,1791410746.6630988,8.198175430297852,414,153630,confirmed,
160,0x62cf297c19C7d4c2d1386E764E0ED4BeB1398AAB,node10,b692d0ae9d6284f7d5ea260ef36799abfc8fb4c87dd383d6f770dd20bf8d2941,14,1791410738.4672,1791410746.7453895,8.278189420700073,415,153630,confirmed,
161,0xdF42b0Df43C9a4a5b727C7b2AF4e17f237a24b60,node11,24784bd992e00e635786daf29730081d4164ead86f519a6e89710209160f1142,14,1791410738.4681225,1791410749.2378988,10.769776344299316,416,153630,confirmed,
162,0xf21fFC736Fd17890F1D64D168a6c403b7ce76cC8,node12,4d749eeb55bc5ebfb0cf7a48a95058fa71224278b3ee3cc3fb84e72fa5def2c1,14,1791410738.4701257,1791410751.494209,13.024083375930786,417,153638,confirmed,
163,0x404FBfe0ea11653B59631e333431D5E226834231,node13,8fe63ec26556dd8dcad439eddfaa16430211391d0a09ba456859250276845991,14,1791410738.4709086,1791410753.5429397,15.072031021118164,418,153650,confirmed,
164,0x9DC42F0304808321F237c4641f8024BBc5F2d327,node14,adc5a921f9d9e264904323c76d4ef4a0939f561e5f67fbd1dd69d6ecdf9f1f95,14,1791410738.473756,1791410755.7851517,17.3113956451416,419,153650,confirmed,
165,0x0e90F2DfFCA89d92c6DcF76454b9059563A587DF,node00,0fd770d794f744aa5c38a2c5a7b2df2f5ed087f1662b198cd72fc4aef3d13fd2,14,1791410738.4752958,1791410757.2434852,18.768189430236816,420,153650,confirmed,
166,0x8b49b9aEeFa5AA706268A0F915c71F0E6a89ba05,node01,6caecb382411e6692ddd885f1886b311ce08742d5fa7d33c6c3337f87ab6e95b,14,1791410738.477018,1791410758.740004,20.262985944747925,421,153630,confirmed,
167,0xe9e9dC645b7F0FD54735745612cB43A54Fb427E1,node02,ebc3dac107b4b67d13a6248ea6fb07132ad2d07002f8b907a78dfe448bdf70f4,14,1791410738.479243,1791410761.8306937,23.3514506816864,422,153618,confirmed,
168,0xF2f1ADf29DB54D46A4559D5EA2117f7d23645976,node03,18a44ee1caa8d6f71a270581022c63b11fa25a3288fe7e2320be1fafa1c44310,14,1791410738.4808743,1791410763.03166,24.550785779953003,423,153594,confirmed,
169,0x32249a23A067bFB1a15f3badA80Ce53c4fF0D35F,node04,f7fd881cdfe1b5d618a68202c19a6ce4aaa3808c85b611277ede70bfb9ba8493,14,1791410738.4822497,1791410765.250505,26.76825523376465,424,153650,confirmed,
170,0x3CCc7b8259A8E4Fc35699061b02FE63B7375c3b5,node05,44a765c6f87e4f2265e2794d77f623124ac8c588ed05bd384857ea5de85bbc43,14,1791410738.485443,1791410766.8501575,28.36471438407898,425,153618,confirmed,
171,0xf7BF59F4E4d7A391ff57F0c14d3b0a8E4D3456C9,node06,d4e40cf711f3bc403b6a18e5e29cb78f24574b906a8c3bb6ad555015c9f65b3c,14,1791410738.4902194,1791410768.9486265,30.458407163619995,426,153638,confirmed,
172,0x8a0a25C63c93eC4Bda11d15Dc08407b262eE9531,node07,e736ca2e8a5ae810f9c23965a7d4d525baccf6018bcc7ddea19d88554a8d4d16,14,1791410738.491693,1791410740.8596823,2.3679893016815186,412,153630,confirmed,
173,0x523ceeca732c5B0dAA09F063B46aACDc0cec1F3B,node08,49665b3c0092261e9a38e4b585fce9f850ca31563d3189538bd8255601d3015c,14,1791410738.493279,1791410744.0104551,5.517176151275635,413,153630,confirmed,
174,0xC103f7463Ce08c7336b0e6c86F0de1e838C7C0d7,node09,c77a03efab55635903fa20e7016e2999efe18df95e959f032420de9860aac9bb,14,1791410738.4949684,1791410746.758947,8.263978481292725,414,153650,confirmed,
175,0xC35429b83c68E90bB2f12D82C5f91cF7409e1091,node10,f3db8a09e02efe67c084ba8b5c757c2a1ac0bf80f6761662b8f50062b4cfea66,14,1791410738.4962866,1791410749.3335059,10.83721923828125,415,153630,confirmed,
176,0x9438B341BF31cbE5882d2eBE26E33b66A2aD448d,node11,bde6b45029dc43181431e583ed595d5c3810784c5b415099c3778479f78eca0f,14,1791410738.498889,1791410749.352568,10.853678941726685,416,153606,confirmed,
177,0x3f8Eb5fDcC14C554ECC01AFF3E39b4b189a837Ed,node12,e5212144b72dd6c3c5b2d00171e7d7051c6a8091c0f9d84946c19e7c689cff9e,14,1791410738.500467,1791410751.4852002,12.98473310470581,417,153650,confirmed,
178,0x5D50446abB583E1A8d9A3ABE65d93a310242751c,node13,2205cfc2194558b039affa477b6f4c45a48ad1fabbf7d0f10d2dfe83323e208c,14,1791410738.5024228,1791410754.0363078,15.53388500213623,418,153650,confirmed,
179,0x6d1bA70ACc4DB2b99EC7547dA5C5fE556CBA6fB9,node14,411d9557701123cd92ea8807983c79ba3421639aeddc69f68ec64a98506dc2ff,14,1791410738.5041103,1791410755.8702042,17.36609387397766,419,153650,confirmed,
180,0xc6c8da91d76140fC2130795Bc6d3f5Fe3E2DeE71,node00,06821debd95e192776c263a091b42e012d9daf29e250ef34cb067bb887f3ab62,14,1791410738.5074751,1791410757.7600176,19.25254249572754,420,153618,confirmed,
181,0x964387ED8F7edB9970D61294ceba15a74D738aF0,node01,25d57ed9406ddcc2368b629e12912a36c477bfa70403d3eb1c4ca948795cbc9a,14,1791410738.5097182,1791410758.799128,20.28940987586975,421,153630,confirmed,
182,0xF1Be432E8e53e4b110c165954DAEf03cd28026a6,node02,eaf281a1560dea51c883c3eb26eb07960f238dd3ad9e7c5675e80f3496ecfd31,14,1791410738.5107791,1791410761.6053574,23.0945782661438,422,153650,confirmed,
183,0x3500f8C202fe6877F3073a6cB3A75E84b32a9A4F,node03,70fe605b85deb06a2b29c5f4551fe4d7ba72cb4b1c29d89c094a10daf2c6d098,14,1791410738.5125227,1791410762.968859,24.45633625984192,423,153618,confirmed,
184,0xA369A1a9cFFd32726D64628a2a890867901E4E47,node04,f03d0b4baab0a9c4303b56cb9cbb32178eeb523a2464d669059d2cda8a1df72b,14,1791410738.5146894,1791410765.5595348,27.04484534263611,424,153630,confirmed,
185,0x2E8b7be003e66F60ff55f248afd4BfbC0BED530B,node05,ab97c570e7e1624a9c6f32d8b3c8c28d18c3758c86cdb4749032a2f8ca3959ae,14,1791410738.5185432,1791410767.1624207,28.643877506256104,425,153650,confirmed,
186,0xb0585c255af2d07088E5d4fA4e700DE74c26c39f,node06,f9797a9974d3f648123cff1455b9b6d73a6c44a192423ce071f43f89a7e0b314,14,1791410738.5205371,1791410768.952983,30.432445764541626,426,153630,confirmed,
187,0x1632C3245CD5FD67AcE7581640C3068Cf724Ff96,node07,03ebd56c9f38e196fad0e8924ea7fdd896e303a1a7a2c072c9065db3d66aa3ae,14,1791410738.5214458,1791410740.9136875,2.3922417163848877,412,153650,confirmed,
188,0xC44b125a72e5fEd686972284B2b123C0F8fBD8Ac,node08,a14b16e621b1c503c4a4a07394f6894632e572c0d9d9e0d30455a16c3164e3c0,14,1791410738.5233893,1791410743.8928401,5.369450807571411,413,153618,confirmed,
189,0x82CA17Bdda3a05Fc65D98A0e8405851090C9A305,node09,5a6f5b92aa68af316bae140ced77ecd9cbe84d013bcb185f1fcf8818fdd4c227,14,1791410738.5261364,1791410746.693708,8.167571544647217,414,153638,confirmed,
190,0x5F75F859Cd5AC77eAFd0bc5FeF7Af59c79977c69,node10,2c72d9346192d51b483d811b3f227be6ab3816f927126675eb8d399405e280b2,14,1791410738.5285316,1791410746.697919,8.169387340545654,415,153638,confirmed,
191,0xd620eD64a67B301721918E6EDd4d12715EE1b289,node11,45726f3319417cc16380af03b1cab54fb244ddd195f55e0a04ff6fd66efcf05e,14,1791410738.5301936,1791410749.6606464,11.130452871322632,416,153638,confirmed,
192,0x308d96510f7F42c132E1C90e9145F12E9732970B,node12,ab2fe77d5fca269a0a78eeb4a01910011ac1136dca1d091fd90a3394fa8df4a3,14,1791410738.5318978,1791410751.4520278,12.920130014419556,417,153630,confirmed,
193,0xC5CE3D03375892DBCAc9b360f06d6AF623DE36Eb,node13,517b69cb1fdcb47a4b780a9316a6db6ca677ef701e51f9d4413f0ab564790e03,14,1791410738.5340137,1791410753.7001698,15.16615605354309,418,153638,confirmed,
194,0xEe53E5DD38e3D679f6F869971e8Efa4D669B35A1,node14,7824c5098bac2e3657a3892fca19986cafdb42cfa17d6325934a301d700daea4,14,1791410738.5359178,1791410755.8680458,17.332128047943115,419,153630,confirmed,
195,0xFFc253Ab32E7026F6451b0ebD2B320B37B9fbAD3,node00,4d96120f9b4fff1e00f27e7e51a660d06721764439a38d7033c43c15046d09b9,14,1791410738.5374348,1791410757.269744,18.732309103012085,420,153638,confirmed,
196,0xa38A639794c7eaAB5D1031046EB96A3303371a5c,node01,9c4fc37d410e78dd0a53732a822feb645b4c56280b858fdd7159be3959d7e5a5,14,1791410738.5409336,1791410758.8445706,20.30363702774048,421,153630,confirmed,
197,0xdAcfe09e6DF8d74d9a96f1Bc1F7e29955ddf443A,node02,20e402b8c64dbf55e42081ca330a9023080d4295f5322a37f0d78713e99f69f9,14,1791410738.542119,1791410761.7376885,23.19556951522827,422,153638,confirmed,
198,0x1a9A7Ed6ABF1F21bd68A44e189FaB7d77Aa29E0D,node03,d9ed3cc33622cd0d15859d56ccd59e05a5bd03ee0b7ded19bda22ffbef427d7b,14,1791410738.5437167,1791410762.849163,24.30544638633728,423,153638,confirmed,
199,0xB291C9EE9CE6834518b51DE70aA6e9C17a0A8945,node04,6abda903061472e0c819ac22ceda2a923186b9f4a24bd65f59b6471c0517bba5,14,1791410738.545947,1791410765.627112,27.081164836883545,424,153638,confirmed,
200,0x383C719d9615fBE50c7E4ae5a5680aB92a35BE0B,node05,273d5513aa33279e03669d6e02d920432829aba8e51148f14adcc1c2770a33f9,14,1791410738.5488384,1791410766.9782321,28.429393768310547,425,153630,confirmed,
201,0xE1d7FFCAe6aD74cCfC4c7C1dab6a7C63290e6B5D,node06,5ea22fed88c2ca124fc13e99d53a82ebbedce38359539f23d0d700865d18c576,14,1791410738.5509558,1791410768.9549398,30.40398406982422,426,153606,confirmed,
202,0x237830D05607591F147011f3B62548553C941AB4,node07,b5e6c6eaa54deaa8a45e54537e5a421af4fb7e40fda9db480a2b222f0354ee29,14,1791410738.5528104,1791410741.067457,2.514646530151367,412,153638,confirmed,
203,0x73D988cEF74229D1AdC2E8213CCf655A25b81067,node08,9f18b254dd02846d1d8b0e11265018396d8a3c771fd75aaef94d4027dc20d2d8,14,1791410738.554695,1791410744.0300543,5.4753594398498535,413,153650,confirmed,
204,0x251868C02376F1e9b34383438025fcfF1fe6c3ce,node09,50049b25b05b471cea14680c3596f58c2f5987259e741237a3ad36c5260d1104,14,1791410738.5565803,1791410746.77706,8.220479726791382,414,153650,confirmed,
205,0x63795Eb69b14992F4DF2dBe94A213f1641Ff7db5,node10,22620d943520dd2821edb0603c10e5bbea60ff1b4de55267e189820eba42404e,14,1791410738.5615315,1791410746.7193654,8.157833814620972,415,153650,confirmed,
206,0xD5c6723e1C0d2B0d9D8B160a7C84B3697655691d,node11,caf8d8d2b11f70813d60e1f9b98eb711730c5c30d148549190f75f1274f29b60,14,1791410738.5641265,1791410749.5289347,10.964808225631714,416,153630,confirmed,
207,0x1a54bBe791D6AB2602D28468Ed750485072A3336,node12,a78da047ff797cacd6a46647f0a1d5e2822a2ae4f44a22403ee0b5786ce15d46,14,1791410738.5660527,1791410751.7100337,13.143980979919434,417,153650,confirmed,
208,0x46100ad12006035eE96345Ad527a62Fe08d1fD9A,node13,b98b26b964014ab3c1b01e37e2420ad92206f318e11a482f4e5fb35827de4d5c,14,1791410738.568665,1791410753.767303,15.198637962341309,418,153638,confirmed,
209,0x08fc2404c9bFBf8d52a691bCf56F3911fd294b3a,node14,7ea3fce6306d2aa26db4bbd43cd067f5a30d29ced2d0c45a1ffc32e99a9cd21d,14,1791410738.5714457,1791410755.9152286,17.343782901763916,419,153630,confirmed,
210,0xE1b8E47D666fe7E8c2CBd28EF41D1546c82B0300,node00,25a68d5a1219fd80527ce5e0ed7f13d9d42326f7d1c092a4b14ef2fd8ef59024,14,1791410738.5731256,1791410757.3689508,18.795825242996216,420,153638,confirmed,
211,0xd52b5dD50FB323E504E9cd5ad2164b23fE763edD,node01,2ef2a34328a1a71e09d9e0deccf66437838c729a5bad138a00e628fc314972b7,14,1791410738.57429,1791410758.9449313,20.370641231536865,421,153650,confirmed,
212,0x9A5AeAB8E6cf6b328FC94f397b189860bA396428,node02,e4aaf84423ba840c3c0cd74da94c8f11a94445c22734475728bfc5a9b7972031,14,1791410738.578149,1791410761.7586267,23.180477619171143,422,153630,confirmed,
213,0xd4197F82A9C7D9c969CDf2F5Ea9382d01605b4D4,node03,febced235031842d641099f270b011a3e294c9fac5b5e3de62d8fbf041e82134,14,1791410738.5800462,1791410762.9334707,24.353424549102783,423,153650,confirmed,
214,0x72B8661912B802B7b6e2b77421343E89EA5Ca1C4,node04,a666ec1e6d5bdb0460b7dbee8810188d91d2b2d5dbf8fe66e9ae16e753a935d4,14,1791410738.5817215,1791410765.5062857,26.924564123153687,424,153602,confirmed,
215,0x51860A074dCCd12417C08dc718964112d8281159,node05,81e39bc9f13a983344124c161e0063797aee6548dfc3444ef9ba2a3d596f71e9,14,1791410738.5841618,1791410766.781028,28.196866273880005,425,153618,confirmed,
216,0x13BA982A38f7f1fcC3cBF55899D555cb71A52DBC,node06,574073ddfb58496196181159a28629c87e1dbee133e0bac9ff12645bb1a8f8f7,14,1791410738.5856962,1791410768.5711923,29.985496044158936,426,153618,confirmed,
217,0xfC35bCb1A9C55BA4c593391EcB880c0E819BfBBa,node07,d63b78d9f1884390af1b2be785b49af431ec2e502109eaf16f5d31adade48ba4,14,1791410738.5897524,1791410741.0182786,2.4285261631011963,412,153630,confirmed,
218,0xEb2636905Ed36633D77a5332A80fd9192844Ae4a,node08,853f5224f0b03768de1d0cb8a20bbf0f610c983d625585fc738355511c7593cb,14,1791410738.591834,1791410744.1837642,5.591930150985718,413,153638,confirmed,
219,0x4fF3C045B6053881e049141B177fd8791BDA1261,node09,f4f7a5ff33feb2935fda29d322d70b6ba1576a213a2a413ab67408a24a74e649,14,1791410738.5927222,1791410746.7427876,8.150065422058105,414,153650,confirmed,
220,0xb611BF2C71Bc430FDDD97c7014Ca531ab276FA4F,node10,afa121918ad85405e72b8704552f53094aeb76a65dbdc13edb8e72566ae89126,14,1791410738.5946026,1791410746.7919395,8.197336912155151,415,153650,confirmed,
221,0x221205b4f6484260dbf49b86B84090fA0AFD9b7F,node11,7aeefa227e69b8468591cd7e6965a6b8a649cf7d8febe7fe0c497a721775416f,14,1791410738.5974526,1791410749.5213768,10.923924207687378,416,153626,confirmed,
222,0x63A054D987F78F0Cc86e2a30ea189e29aAFcE495,node12,93ccd723dc9ccb628e45b2ba1306767cac8c1ea9f1f8a8979bf5147d30022619,14,1791410738.5989425,1791410751.6193569,13.020414352416992,417,153618,confirmed,
223,0xB1cB52491F6E4f1d2a9eAC0Ff2aA1d2a0D6E3CB6,node13,79441ca4005b883e519869c233cfeec359bed903f2ac3330769b89da39bdff86,14,1791410738.600994,1791410753.721237,15.120242834091187,418,153626,confirmed,
224,0xf0420d1Fd74a9a79F8E5E7763c30ec0eDb0e0a8f,node14,0414d70e54cc6141460d56fc651ae728b41dc9110945d195529d5529c8374b6a,14,1791410738.601849,1791410756.1181033,17.51625418663025,419,153650,confirmed,
225,0x0049F5d8BacdCd7431F9a35d39Ae5f0E5E24C147,node00,d6e9b5a27eba91e5e18dc5b85a86fbc71e509f98e8b69951bf9c77cbe401b375,14,1791410738.604309,1791410757.3171492,18.71284008026123,420,153650,confirmed,
226,0x5257984B7DeA60467e9dC944c93154a5992Bd9F4,node01,578c3e41cb84c747a650fc18792d65cc14fcbc0f63b89d96671217f5b4aa64e2,14,1791410738.6065214,1791410758.9517891,20.34526777267456,421,153650,confirmed,
227,0x4aC17e7d03BE65e9A4435210b9f01CB0B8AF3b42,node02,10dd1de39b6ecc1fa8332c6fbfddf57a050b3e7d9f5edcf22b933f64d9bc3c2a,14,1791410738.6077015,1791410761.7935095,23.185807943344116,422,153630,confirmed,
228,0x9d407aFF20f241e2FAA2a596e2dc19fAC5d9f581,node03,a85fd5ec61783f9c8967bbb19d298488db39103735ef7a0fcb223c381f41b0aa,14,1791410738.6092725,1791410762.8342974,24.225024938583374,423,153618,confirmed,
229,0xbE265F3fb77bB5C74D22d7AebA8d96C734A9c886,node04,1a68f0ae463cdd5f151be6480215e85bceecaa54d06cb823592373ca97ab4f0d,14,1791410738.6160748,1791410765.2953138,26.67923903465271,424,153626,confirmed,
230,0xDE9105b9C67719139AF4c0Cea1182c5dCc023F15,node05,15496806ca954cf751e791fb7d1e5c7995e64884a78ac7edbc199b666da535f5,14,1791410738.6167212,1791410766.899318,28.282596826553345,425,153650,confirmed,
231,0x77Ddbfbc72BF7C88e90a4029522E4BE0F596a10c,node06,6844b6536f2644dd2350b95e1105ad4a6298691ba790a78eb847827d2a748253,14,1791410738.6229312,1791410769.0013785,30.37844729423523,426,153618,confirmed,
232,0x64ADfc6085D305d109717cbC3DA51414A06966f7,node07,7f997ac420ba582ae1e699e63d33bf96f44e8664b32f4987c0ab2bbf77693362,14,1791410738.6245854,1791410741.2832258,2.6586403846740723,412,153650,confirmed,
233,0xEcB27342801A6A5b9693Cd2aD68705C427cE1595,node08,35d11d701cc7a95ad42b6ab934395da0cc51f2f2f8efefd9699e37c6016835e1,14,1791410738.6257448,1791410744.6409125,6.015167713165283,413,153650,confirmed,
234,0xC2962E2E65159d709e6a401F9423007e5aF25e82,node09,fec1219555a210252916ef6e9f57e37f92dead6690ffde6737a9ff96f290102e,14,1791410738.626834,1791410746.7623856,8.135551691055298,414,153650,confirmed,
235,0xf4CCF29425D1060a011b1722a0BbF6e970479F77,node10,6edec61fc633a29d6892e009ea90ac51885232ee9b886587a726be061c7dce66,14,1791410738.6278462,1791410747.3707569,8.742910623550415,415,153650,confirmed,
236,0x7Ec9aB43253a6457f50cDfA308918A695b06c867,node11,3eedb68f3108adf8cebb5806c69031f57a648092631af7c68ec276bd8cf857fa,14,1791410738.631035,1791410749.546644,10.915608882904053,416,153650,confirmed,
237,0xB6d78D9938C0CD1ad7D68236Da91eE56EfaF8e2f,node12,708eb09a986332c603ef08e4bb24e90f4d72f04d8f723a03c853a4a416e41c87,14,1791410738.6365528,1791410751.9589198,13.322366952896118,417,153626,confirmed,
238,0x28bDE99C0d15EcB6a178F55F4F4b9a06e11DED3b,node13,51072eeefe589b3a45c7558a34bf66c1c0bfde7062331154321c3b3eeb24251d,14,1791410738.63818,1791410753.6454277,15.007247686386108,418,153630,confirmed,
239,0xbd851B8cE53bCd8170920524290bE0CC7bb34928,node14,ee21400a359fdad46f5763dec9009206d458469b0fcec6b6d7033931faa72ec4,14,1791410738.6399102,1791410755.9846368,17.3447265625,419,153618,confirmed,
240,0x4a5d43be0aFeD891ee9c52dF23eF166Ef3dF87c5,node00,08fb3ac1c0da6f5fd731e1e1be60cee3d2d547e372746c5e094b00f400ab8086,14,1791410738.642941,1791410757.8218975,19.178956508636475,420,153626,confirmed,
241,0xAFb2fFC17d8963ecA6E3ef29672837f91Dd7630B,node01,6105a19f022636b1af74ce953842baeae62494bc1b68618fa8e4562b0ebc3ab0,14,1791410738.6453001,1791410758.9806788,20.335378646850586,421,153618,confirmed,
242,0x9cAE75C9B3Bb9aC080AB0072B557D7a14CbBdd21,node02,76285c0cd92cc8eaf037877e749fc1e3753fccfa649eb236d94fdf94b7d2a405,14,1791410738.6479335,1791410761.8266158,23.178682327270508,422,153630,confirmed,
243,0xb90660d219388b94fAa5BE504732f8a171Db43FB,node03,b743940a67dab4b7288c79d6f9be5f581454d19aaeeeacac2fd60658f1a4e998,14,1791410738.6499522,1791410762.8213882,24.171436071395874,423,153638,confirmed,
244,0x18d4B4Ee367EDA59Ed3180842dF0A41e5A6eA315,node04,55544b81bec72752b4e44f9ec10c2f06c346a19a42f41bc35339bc25f9e49900,14,1791410738.658259,1791410765.4322548,26.773995876312256,424,153638,confirmed,
245,0x9CB3387033A5c7a7269571d8C9AdDC2587B2919E,node05,fbb252c0eb36d3cc4fb536aceb04393f6e31b409b160a0400830e82c0008ab4f,14,1791410738.6613078,1791410767.0573006,28.395992755889893,425,153618,confirmed,
246,0xa7FFa03883fD0A50e6FE9637F3A5b41418ee6758,node06,1877b9aee8d5e09742ead0845a05cb91884a08438e0daa4309f7a672156ae527,14,1791410738.6629665,1791410768.5597248,29.896758317947388,426,153650,confirmed,
247,0x988DD7dE0C34E17bDD2dF26558585F6C7723FFD0,node07,1f77d7549feb7618e6340d4856823347840ee92da7516b628a15b7aa904dfad4,14,1791410738.6660078,1791410741.3030226,2.637014865875244,412,153638,confirmed,
248,0xDc56Ec066172CAb10AfbE3FBCb0aBEaEc9B8341a,node08,115f74a13e1e9ca403d57d8d6ee11d7a79c05906a86b0c342ae2a9e0394f34ff,14,1791410738.6716444,1791410744.586325,5.914680480957031,413,153630,confirmed,
249,0x0394aD4aca4FD23b2d83488f827FC19B3Ee575a5,node09,815d8d57ca0b779b1f0e898554c12a144837916c69cef856dc6c6a1c2bfe0f72,14,1791410738.6766407,1791410747.3504226,8.673781871795654,414,153618,confirmed,
250,0x7393C7F26E8cEe803be73EBeecDe6504f7fEb2f1,node10,9f535f19429b4f088b258b38ccf0af5eb6feb617daebf32f00510a313dee9769,14,1791410738.6816173,1791410747.0987234,8.41710615158081,415,153650,confirmed,
251,0x18883DCDCfF592356801Ef7691255241D4ba778a,node11,4b260d47a347ec2d81fd0fbeeea72dc0b4feb0deb1c73bf5dc54b881559a8fbe,14,1791410738.6864257,1791410749.7246413,11.038215637207031,416,153626,confirmed,
252,0x7e328E061B71eAfcB733304B635030Ed8f436d38,node12,8d7e5de652e778eb88f3c198ab6d2fcf970f3219585ec6e23c4a4c13df04e86f,14,1791410738.6891587,1791410752.0149047,13.325746059417725,417,153638,confirmed,
253,0x6b38f12e1b9204d5aF22C8E32f62cD59521691BE,node13,7e9277d20de07e088d973366d95ade32d250eecb6fe2dcfbf0b00c32afc3a571,14,1791410738.6935358,1791410754.2265372,15.53300142288208,418,153630,confirmed,
254,0x36e97bCE25F5Aa01131BaC1370AF371Ecf052083,node14,79f650b01abc20526fbca418fe8e05976a76bd931f7eb49b65ac0788f05daafe,14,1791410738.696144,1791410756.4709375,17.77479338645935,419,153650,confirmed,
255,0x77436365490B70e0C37d14F3512917073f78e4A7,node00,b3e3bebeb5f03911640acd9be12a388247218b6c652ba084588ae93f8e4106df,14,1791410738.7060857,1791410757.4904428,18.78435707092285,420,153630,confirmed,
256,0xef61C2e56E8807575E6bB653AA729a55516Bb9dA,node01,235fbb0186213b025286bbe8082403fc91691f382d80dcdda23b1d0bb6c1ce6e,14,1791410738.7100916,1791410759.3727725,20.662680864334106,421,153650,confirmed,
257,0xacAc17fDFCb0B5C23a962434776989A20d7feFF6,node02,0105873f61b32de79d5a2a3337fe8a92a2d4b8db85a3dabedd988df643394be8,14,1791410738.7150009,1791410761.7188678,23.00386691093445,422,153650,confirmed,
258,0xbd453b075d8837e6d62514A55241677A43A0498a,node03,84aae81797ccfc52093effdb5ee7601bb3ebdaa41b93d51f33bc38e8bba58eed,14,1791410738.7192438,1791410762.8416214,24.122377634048462,423,153630,confirmed,
259,0xa890169d6FC272A0CEFBb470c8d6d98125D26AC0,node04,8cc8c377e2549fd3c00940c9eae69873e7b36b2eec0693f4ffe62954c6a0fd50,14,1791410738.7206247,1791410765.5596924,26.839067697525024,424,153626,confirmed,
260,0x166355043FDD57A0B0FfC897DFeDdBEcf505d807,node05,04005f1c34d3381e34cc13d8d3c6aeb89d8e4ecc48e5425e78bb7d3d1ed70040,14,1791410738.726767,1791410767.0651906,28.338423490524292,425,153630,confirmed,
261,0x54403eA5c0D671DC0dFC20333e84e368f664302c,node06,91b936532d98624026b913e4c6d472dc9091efae6fcda1cec9a5cd5addf34f21,14,1791410738.7282076,1791410768.9778652,30.24965763092041,426,153638,confirmed,
262,0x6B28dC8DEA9f980a6DFe300DC15009b59d214604,node07,d7858fc44d5cf52f8eaed77315813e72a0b6038f518fcec4a45946449b2fa5ed,14,1791410738.7312706,1791410741.477215,2.7459444999694824,412,153630,confirmed,
263,0xa2ac4992050deAb1568E14cdA9F340AA7812a40d,node08,b344abe5ef249df98d7e206635f5d0fe4e6a8a441467067c3bf9528da88c8eec,14,1791410738.7338793,1791410744.5945666,5.860687255859375,413,153650,confirmed,
264,0x2A9E53a4B3516187E233E7e6732782Fd1515dB90,node09,e44a4fa9ea50b4db2a67c101a2b31b72cc5f10af8390f6491b788dec0ee43627,14,1791410738.7350464,1791410747.016327,8.281280517578125,414,153650,confirmed,
265,0xecd633c7A1C74a5F59E36A1a60C2633F74e205B8,node10,feacb1552fcd7d88b5468bc77e1748c75b8b08b81027bc09f755f60f17c73990,14,1791410738.739592,1791410747.1704423,8.430850267410278,415,153650,confirmed,
266,0xA1a05b5880C3BCBD176D9d0Ed4C00DCFdD170fbf,node11,b3dbb62611f88e875dbbde3ff3a3cf899f52895d6a7b7d94c3e38ea4e67c0387,14,1791410738.7437968,1791410749.9745798,11.230782985687256,416,153618,confirmed,
267,0xA456A7C95508Dd479965BE024d0b39cB929E2FBD,node12,28258a6ea905561f26ebfdae73c1af4211bccfd039f60525cbc0a433243db8f8,14,1791410738.7475653,1791410751.7831972,13.035631895065308,417,153650,confirmed,
268,0x8Ada60dBdcf47740DCe891563de42AdBF3149646,node13,24e20933bc61bf13a09c7402c1d16eded360c1bb311cbbe233fa01532a1841a7,14,1791410738.759202,1791410753.9339056,15.174703598022461,418,153626,confirmed,
269,0xB7B5Af5FCEF9028f4Aae0D6FAf328504bdBC948E,node14,84584f45b0e916670d0f1617c2929406a8079aff56478e983c823ecf3014744e,14,1791410738.7636666,1791410756.3647475,17.601080894470215,419,153630,confirmed,
270,0x0217D96c13A204E2540631005C3dEc88DFC6aF37,node00,6f6b3b7a7a8688e6c51931a9190822c307e2175657a43bbf6dfcba704ea92c3b,14,1791410738.7657604,1791410757.3664832,18.600722789764404,420,153630,confirmed,
271,0x8aBa80478c5889EE72EBC3224849d49e1c444Ec5,node01,74cfde60c61e19f79308469aa1fafcbf95f48461abed620ac91a46aa321c8994,14,1791410738.7682464,1791410759.6312258,20.862979412078857,421,153650,confirmed,
272,0x6C90504faDA7F700246d8927Be09daBC36A590A6,node02,a16e7aed440cea93db52dd05395b67a1dff5937de581056d9c483e2bf7f713d1,14,1791410738.7815802,1791410762.0324383,23.250858068466187,422,153638,confirmed,
273,0xE2e540e3BF8e7A6651190341BA5DE466B99546C1,node03,c3c7ca5dedcf8613d3ac0fdecaf6ad24a48775a18c8dd1fb7452588701745a67,14,1791410738.7835405,1791410762.9769876,24.19344711303711,423,153630,confirmed,
274,0x1Ee14665868A360Ee80C2d8D13aCA3e1e2985D0b,node04,91a39ea6792eaf7ce7eab2e1e2c068680237ad4455aebe4c1c471c4e211f3f63,14,1791410738.7851362,1791410765.6083002,26.823163986206055,424,153630,confirmed,
275,0x8e92292E3639b7fed029351A6D5887555D426fa1,node05,747cb2f987c38403e0560d3fe971bba03dd7d53c46d5f1580182d1fd34d7adbf,14,1791410738.7880108,1791410766.8829455,28.094934701919556,425,153630,confirmed,
276,0x9aE9b62e8aD28Bea9483541E90933a9bF0Bd7198,node06,11ae7e7aa1c23846cd6a26ceaf50008bb026f2b90191df317eccc9e88bb95143,14,1791410738.7892137,1791410768.5892549,29.80004119873047,426,153650,confirmed,
277,0x14079720510DCd263c9D6aE7D2313E271dbc15F8,node07,2fbf45fede34af6adc5e45ae0177ceeff321dd777f4ccf0bea81e3cf46670fcf,14,1791410738.7925515,1791410741.3935084,2.600956916809082,412,153650,confirmed,
278,0xc81aF7190cc28C1Df0C4B1A630cc1936d4782CFF,node08,d7873f520d6b62c506ad521c3c4dbd6b597ff7ec93fc2673651276f1036d5fba,14,1791410738.7932491,1791410744.4988713,5.70562219619751,413,153650,confirmed,
279,0x31678b94DD97ddE78f36bbFB5f19A8B5Df761c89,node09,72a3965dcd682d642dec8f0f325389b168f8857adb1987dfef6b54c578b812a4,14,1791410738.7999692,1791410744.7180169,5.918047666549683,414,153630,confirmed,
280,0xF8F078eE6315eC898d64E8D7440642033C03a1C1,node10,df58ded07bbfb47fea8d8a4bb46710a021f6251cfa3756aaaf2662867b779618,14,1791410738.8228788,1791410747.3542154,8.531336545944214,415,153650,confirmed,
281,0x37f1C34635336CcD59012CF48F02951bE5c0d985,node11,e419b75ffbf926f5350745a1b1b248f0892b9e2829c1b5e94b23f329f1e5e473,14,1791410738.832845,1791410749.6164966,10.78365159034729,416,153638,confirmed,
282,0x0359ee5ab8456aa9327b06ccc4C61f651b6F8c61,node12,3b76b2b917bdf6b459df2ddb4148efe5cf31419abb0df8373f90e4915a220082,14,1791410738.8351746,1791410752.062934,13.22775936126709,417,153630,confirmed,
283,0x9eD50B0F93a370AA4D748fB2788178Cd132033A1,node13,83c179b3bd2f8538afe04fb764251401c44cc0de0b85e50b8cddab63f59479de,14,1791410738.836022,1791410754.0489519,15.212929964065552,418,153626,confirmed,
284,0xFbaC8410B50DF75cf0be04c58A71dfeA5f70E17d,node14,814b378b74de467d6f3b6767ced62f5334530f6f7e18740f1161b17d9f9a8512,14,1791410738.843447,1791410756.1296241,17.286177158355713,419,153650,confirmed,
285,0xd546C4914fc4ae58414dc418480F5ADA5a3c057f,node00,a243c6323d8d6674334b0f9eefe180ba34d2c359a9280fab805cf736762373cf,14,1791410738.8511105,1791410757.9374077,19.086297273635864,420,153650,confirmed,
286,0x431C4A1c828b491D5B94d709229a75A1f4505319,node01,ffe09b0bbb0f2b2a0eff7d54cc0b06a4d54880144728e006a6e9483361077732,14,1791410738.8554919,1791410759.1792114,20.32371950149536,421,153650,confirmed,
287,0x459373bB3c940cFc02a1DbF09701658D674239BE,node02,3a5981b4d6442c2ad65e8544ff59b99edc4f671a88eef2ad1382ced46f03efc7,14,1791410738.857377,1791410761.8889513,23.031574249267578,422,153650,confirmed,
288,0x6618aEC342E9Db365F3a6bF8c332e20Be5566197,node03,6322e85c013018a8a9d2c78ebc62b4316a348a02e213287a40d5161d4d182920,14,1791410738.861897,1791410762.867188,24.005290985107422,423,153638,confirmed,
289,0x57161E55A72fC42Ea1D740C6ff109fe27bf8405C,node04,61cdef8e1f3258ae6c5c69287569a5b76ffdb192f42a82ffdb595733d1ef7095,14,1791410738.8658786,1791410765.4466877,26.580809116363525,424,153630,confirmed,
290,0xF27F8864B8fdF8a310f4196827b095C20d547562,node05,e627723ebbcbc4fb950eac6fd729a761af46c9fc6fd102fa0f3c1390017eba83,14,1791410738.8707013,1791410767.1538537,28.28315234184265,425,153650,confirmed,
291,0x621beEDE04Ca2a6A9ea8c6eF5954472Db4AeFc0f,node06,0101d8117461d2568a10f3282f36475ce1bfb3f1ae03c8e6b7d37d7bbe9f2d0a,14,1791410738.8743894,1791410768.5208373,29.646447896957397,426,153630,confirmed,
292,0xFA8c30B6f4F40cDeEA6c50CdEc15C59B524cD44c,node07,fe51e359f63dfb64becf60e287a42a17b670a46c979dd1812dc1864cc06368fa,14,1791410738.8774467,1791410741.5989056,2.721458911895752,412,153650,confirmed,
293,0x59E447ab4bB81FBbBb2211F2332C15614b9750EF,node08,05ed3ba9027e940cab17f5045956adedcf7205e94b1de3d9ada5a831d706fd34,14,1791410738.8797476,1791410744.5238714,5.644123792648315,413,153630,confirmed,
294,0xDD76a59fcf8b2eeeF6E399922F28C7D97f2361eC,node09,13021e1de4394bd70b6e739782572c91bc8d4db026b60a8e8c2bd1defb419c23,14,1791410738.8848128,1791410747.221267,8.336454153060913,414,153618,confirmed,
295,0x4509e1287b558EF0777baCceCF60f21e078e7054,node10,ee2891c8ab9d443681f2d11b3a3f5f51698ed39a44134217d77eac06ab65c838,14,1791410738.8901317,1791410748.0783963,9.188264608383179,415,153638,confirmed,
296,0x38dc70E39F99D876A56286AA71ff50FAb1B38743,node11,e4c18250d28279757ab4186c000c420ac863658683dda5918447893acbce0b89,14,1791410738.9049401,1791410749.6406353,10.735695123672485,416,153618,confirmed,
297,0x2dD55E85bC65B3DBa24b258243439238D6840569,node12,8129519362ab1f0b9a2a550908db4f41bf5b36edcd4b9f8446f6424f4b6f302e,14,1791410738.9074914,1791410752.5276248,13.620133399963379,417,153650,confirmed,
298,0x3D634C7e3E550A1E7A7AD1e1F334aA009ca99141,node13,8de891c3e29759271e0615f9f484d9acc2ca716d392ee488a940df0f833d34e5,14,1791410738.9111447,1791410754.6828637,15.771718978881836,418,153630,confirmed,
299,0x51ef7725D26E0a50Bea68FfD6F99A0797D1B4F7f,node14,fd4d31e15ea9f9434864338a67fd7065e7e85a8e3605f286648dce8b3786c124,14,1791410738.9151938,1791410756.1449702,17.22977638244629,419,153618,confirmed,
300,0x7c16eCfB5c6FB0eD780C3D2f647938D355fB02fc,node00,60520190cf6742a69228f4a4572ef357f3810ce2357e90dfe4449c1cb4fc95d4,14,1791410738.920437,1791410757.5294418,18.609004735946655,420,153618,confirmed,
301,0x16675C6ebCA1c9567E073c6dDCB003f528Cf4064,node01,952ac97029c4b18a9363d64e5b5240a37958d82b140f5e6ef5efe307482bdfaa,14,1791410738.9238074,1791410759.2256014,20.301794052124023,421,153650,confirmed,
302,0x6c057FBF968f707425aae6d01545E14AFA32f69B,node02,93bea6472c38833131ad484ca3fc8e6b00e12b44323259cc7412fe7113cff04c,14,1791410738.9264493,1791410761.8979096,22.971460342407227,422,153594,confirmed,
303,0xdD461eAd2DCdbDA987120CaC7Bb2D05f3a20aD09,node03,482a6d8535a5a9f580c2e262b3ddc73d913b1395071fa9915b7ed5b4bef50aea,14,1791410738.9289398,1791410762.9181511,23.989211320877075,423,153650,confirmed,
304,0x98A6D5BA50eB1C87A26be30fC0880DF5A08205D2,node04,ed2759e852866d8cf60208c46c24eaa3efbee39b03407c362553c42ced3a0726,14,1791410738.9307108,1791410765.563082,26.632371187210083,424,153630,confirmed,
305,0x19B8d75E59356B638B1C0d4A161e338EeA7D3c0b,node05,c004140e761237956fa38f1cbb8be3537202bb0076c9e8f2067e70ef5f6f97af,14,1791410738.9382408,1791410767.0871046,28.148863792419434,425,153650,confirmed,
306,0x9E8E4Dc1734148b6fb0E5F4c9658b6be127f7709,node06,2df8276fbacf8cb7ab336d5ccee6db282dbac5115808a569d7a452ce601f031b,14,1791410738.9494247,1791410768.6141272,29.66470241546631,426,153630,confirmed,
307,0xFf254814254390d85E077F36f3be9C7Aff295534,node07,57f76806cea68c0c9795753293d93dc0096289f12d836fc27f4d23218249e1e5,14,1791410738.9517918,1791410741.5714958,2.619704008102417,412,153630,confirmed,
308,0xFcdebD69E554b8681365bFeF7b367af68A8B341C,node08,91211e3b4c89cec4a28fafa845c3fdf98f3213f5f153f1e4c097d0a3c81fe8b0,14,1791410738.9556255,1791410745.0714025,6.115777015686035,413,153638,confirmed,
309,0x13e029044e5172Dc4f0205cCa3dBDE657fE81A88,node09,c7d9ce3d1410f4d399582f94997b99a1ab8c1da9793e70b0a96deeadbd47c198,14,1791410738.9671004,1791410747.4114494,8.44434905052185,414,153650,confirmed,
310,0x8B1F95Db43e36470A69C44F409D0dD7532BCFfa9,node10,119979d2f4e95bbab019d602b159d9e3154738824db92affe6cb3cbf10fe1ec3,14,1791410738.9693384,1791410748.0098877,9.040549278259277,415,153630,confirmed,
311,0xf2eB7886E6FaC1A7a64209352c45DF0E80154441,node11,fda45c3601d651cd111da604d31cb5283210b25e4e8095cc2f6ef895aec9fd3e,14,1791410738.972194,1791410750.0598707,11.087676763534546,416,153650,confirmed,
312,0xAB6d36073834eEaFe090E7122431119E81013EE3,node12,4521aad71a6e110ac3bbd896623e81abae6ccbe3c41679db7e97401d7fd33d57,14,1791410738.973655,1791410752.5531309,13.57947587966919,417,153626,confirmed,
313,0x5ca3e4D51e9c0d5AaE114D8cb92c8c5b49cD2F2E,node13,a79ed1c4e877cf476612bda9e9da25e9320ddc208ca0f84d7315603f35f1679d,14,1791410738.9807532,1791410753.9720592,14.991306066513062,418,153630,confirmed,
314,0x8A66Cc876c6944760ca8D286065f77B49a4f1625,node14,74f1277a7b1011e90b88b4c5ce6ac44e12f7b303520f280accac916db8fa2c41,14,1791410738.9849265,1791410756.1935785,17.208652019500732,419,153606,confirmed,
315,0x1CD5Cc17E9a9644A1315Fa208821940f6B575321,node00,19710c16ce422a116baebf79bfff6e591521e4f2c3ed63abae902b8079e326b9,14,1791410738.9856818,1791410757.461705,18.476023197174072,420,153650,confirmed,
316,0xbA58302885BE7f6Ed9fcF0AE9b0767a13D4D4c1f,node01,c4f001ca55b1dab9b97be754c67a431284c9d01c60e1184c3f4666d493b850a9,14,1791410738.9908805,1791410759.4172904,20.42640995979309,421,153618,confirmed,
317,0x17286AD027fa91595E4Dfb5bD3441CF6C23C4837,node02,2e36f0585f906c86ab9276edcc7e06d5c46a8028533e63cd7f18d5e3eccc3a41,14,1791410738.9994576,1791410762.0770762,23.07761859893799,422,153650,confirmed,
318,0xF94b517c78ce48db7AbC81dA6068E6144E7f2c67,node03,1afec2963e195e5481a622eb1a110aec03d9e3c1ddc3c228c10a5fba59dc30b9,14,1791410739.0082924,1791410763.0363958,24.028103351593018,423,153650,confirmed,
319,0xBd18B00fd0D7aFf5F5173fDDe7b3155Eb2Fb05f7,node04,b1b12d5cc6baca7097a3fe8fda336cc6966e62d91fb06513905d03a80b210ffc,14,1791410739.0105925,1791410764.7256138,25.71502137184143,424,153618,confirmed,
320,0x1bD0d286ed265A87068D34bC3686f16EB41EF27A,node05,886bc6903443075e62bf72868ece059a139978586400ca2a11dc173b71546ec4,14,1791410739.0156016,1791410767.0336766,28.018074989318848,425,153626,confirmed,
321,0x313f9f58952dF955DE4924C4A63BDd4117B5f725,node06,e6200c03988afc57fdda3eab89181f0e340df58de657f1908b8c877907979a84,14,1791410739.0196033,1791410768.5442512,29.5246479511261,426,153630,confirmed,
322,0xDea8C3f830DC1Aa386bF4e2cC12A00a0B5F8d28B,node07,414ba21785588be6a4130d00d1a389d9af40fb424be0b449c69b7c7fda0b70f1,14,1791410739.031227,1791410741.6592383,2.6280112266540527,412,153650,confirmed,
323,0xC1a815ad59b3f627E20A080A36CDAD0b1048Ac0B,node08,d8ac79e1eb9e782ea36f936ec4da1b4a1b8a1172840af58c2562a7f8ce399fb1,14,1791410739.0347533,1791410744.8370335,5.8022801876068115,413,153606,confirmed,
324,0x5fe9d192f4db59b1D6f7112623f8d89292755C3C,node09,f6801ff5f9406a7b5e4ea65d6a57e74a4fafdf5bfa1dee0592e790fb81838638,14,1791410739.0357237,1791410744.9585838,5.922860145568848,414,153630,confirmed,
325,0x60497BE85c42ce77fE570dAcA423A9AA9EAD5bCC,node10,8089b5400bd57bd502cdca71fc532d2db1fca118d6da5029aababf7130379643,14,1791410739.0437312,1791410748.213063,9.169331789016724,415,153630,confirmed,
326,0x37C7506f639C1b3C26ede1415E796a5e80991C24,node11,01592924a03f91fae66e572836d9683a9162b34ecbc7de23435f0c5338c706f6,14,1791410739.0470703,1791410750.392872,11.345801830291748,416,153618,confirmed,
327,0xB7650bb177Cc0C06C3C151Fb3C0BA93274EEAa89,node12,c165a53e3ac561f7b44bd184359925da4d95f9a1f8686ee75635f48b170feb2e,14,1791410739.052152,1791410752.0094397,12.957287788391113,417,153650,confirmed,
328,0x57E9671CB681F6Ec41fe982BDcb25de13875707d,node13,623b379bdd4b4c9be71d79672ed9fc3a8b2b67487b64375c7b2ba6846f3b4303,14,1791410739.056728,1791410754.4727929,15.416064977645874,418,153630,confirmed,
329,0xcAb598Ec4CD3aE447E3840D8d0B3d7B31EA0CDe7,node14,103609e28ae81be894aca4d3ad2f339dacf35390387aff2e47b4aaf7a07ee400,14,1791410739.0756254,1791410756.3347886,17.25916314125061,419,153618,confirmed,
330,0x327712c0C4DBD75404e39767c5799f259F6c92D2,node00,908aa649bdd1f15d2bb7543b0d1418268ee9971a2ca645300d072439ba6e85ca,14,1791410739.0804615,1791410757.6273384,18.546876907348633,420,153638,confirmed,
331,0x2A7bBb0C4510c938E9e19534acC0cc289E6Ef8bF,node01,72a44d6e21eeb81ef04c9d7ed175e9d5523092d07c0194b131bd87407e8c0163,14,1791410739.0843606,1791410759.1884758,20.10411524772644,421,153638,confirmed,
332,0x43502C09e0fb3bf4aCcB784822b7Ef385d1441f5,node02,83adbcbe964efe704535da9025b839187baa2adb4c39ffae8c395a4061ef35d9,14,1791410739.1533976,1791410761.8500266,22.6966290473938,422,153618,confirmed,
333,0x453eec412517DCDAEF48CdA321d41Cc2b79b658f,node03,9a51b2825c919197aac15b5800646233d0485be61941b41ad2199481a5602dbf,14,1791410739.1600187,1791410762.9557955,23.795776844024658,423,153650,confirmed,
334,0x344cEfDF7BEcb83356108da3bab676a4245EA244,node04,5885ed8b1dfb62a13b528649f5d808d9572708a638efae5a33954b50aa51b7a5,14,1791410739.1632369,1791410764.7347531,25.571516275405884,424,153630,confirmed,
335,0x83e73131161E5fd2E252539Bd1ae7E4411d9f182,node05,64978c07a224c6337c47409226976542f8b5517883d092b42b918450d4ea10c8,14,1791410739.1650913,1791410767.1836474,28.018556118011475,425,153630,confirmed,
336,0x2674A2082AD8f8E6787683F0cD21F3bbd5B941af,node06,15978cd1d53c3c59d834bcff6fe1e73f90f85a3b3126e86a8ad739c396b4bb2d,14,1791410739.1659305,1791410768.627004,29.461073398590088,426,153630,confirmed,
337,0x9833f18Ac83FCbd6ACE1dCDDFEC40cC4719d1523,node07,20804f7bf5688b42a51d9d83349eb88adc58f76124c7f2ffd67890b6e7492f42,14,1791410739.1704397,1791410741.765101,2.594661235809326,412,153650,confirmed,
338,0x57C7f3C90197c0cf091ecA450e3FA34252DcAFf6,node08,692074c866fe8ed25f582f02e2f05633b6bd2e16f87f344c44e3f082ffa056f5,14,1791410739.173752,1791410744.6348908,5.461138725280762,413,153638,confirmed,
339,0x00161Fa3f0FC523BE662Fa9bD68B3c74B1801a2c,node09,45af5ca142036fca5cf2dd148ec256b90018d399022b10991fb3ca48bcdd4db9,14,1791410739.1764631,1791410744.9912202,5.8147571086883545,414,153650,confirmed,
340,0x0162bEdF4D1F4de79e2dFe905E8D62EF342c9Dc7,node10,bbd52389c36dab2907242677f37b553f87e721dfc5a7a67138658ade990cb8ce,14,1791410739.1804984,1791410747.5917706,8.411272287368774,415,153638,confirmed,
341,0x6583e4C3320872a040bA8B4E8f5EfbAAa65dA978,node11,4590e2d2d2f32d1b541a690fe0605b19098b361948e171eec0be75cef9b97e8f,14,1791410739.1899793,1791410750.5499709,11.359991550445557,416,153630,confirmed,
342,0x558391E8224e744adbB3928c1e5a7Dcd4464e762,node12,f046502051fbfef1d646f5d740329e2445255a731bb1a90b4a646a15efb30732,14,1791410739.191443,1791410752.542095,13.350651979446411,417,153638,confirmed,
343,0x1f3db2B6549e36A9f51C2D9CFdc89c8637b61017,node13,d10ada4122bced365c172951140d3eee5930d22331030b0a79d2cc69384e42b4,14,1791410739.1924977,1791410754.47968,15.287182331085205,418,153650,confirmed,
344,0x5E3F86EB59208B45340384E7b9fA67e1950855B3,node14,1cfeeccd070b7aa9146488878d0a48fcbc5b0417101a8558f34f954217a9b6d6,14,1791410739.196493,1791410756.3813422,17.18484926223755,419,153630,confirmed,
345,0x54408e7cE141e3171c5d21983207a5912c1fF653,node00,b23cd6bcebad264c99737b13b718e23e7a6a6a1ccff5c4c032c808ffe1e6db8a,14,1791410739.1997797,1791410758.1227784,18.922998666763306,420,153650,confirmed,
346,0x4d022f87Dc815FB8F9f64735588cF0534AF08315,node01,6ebc6b50e9e19c1ee42dd3d898ee37b26e556ffe5b9ed70b1686e688abe82f8a,14,1791410739.209432,1791410759.3191786,20.10974669456482,421,153638,confirmed,
347,0x8421348443Ed3d401E53C9338bfe12B2E6C37532,node02,ffe469b6fa58280ea9f552545eed3585609a3d65a293d5fd83b3da00679bc262,14,1791410739.2173822,1791410762.0635884,22.846206188201904,422,153630,confirmed,
348,0xa56d681442455d0B282037131877d2df873334a0,node03,e3b94fc76f6cd30af3f157ae8f324cad9a71ea97b02aacf7a253331b78c397cd,14,1791410739.2219932,1791410763.2176547,23.99566149711609,423,153650,confirmed,
349,0x94bA15BB1b78Cc437730742697dBB31AcD64D679,node04,42731b22b1d8bfe1155386ec4e17eff5705ee15baaf936539bd0e277d8e80a04,14,1791410739.2257564,1791410764.5668592,25.341102838516235,424,153650,confirmed,
350,0x03095e92BD4B5C82433c5d9913544Ee7D0Cd3725,node05,6285c8c570e84fdf3381068e2d71f0d90f52f6d0e9ac5266810e1d6f7e985293,14,1791410739.227585,1791410767.1313257,27.903740644454956,425,153638,confirmed,
351,0x3247109A701BF47aD36e21fC20A7fae3Ff443118,node06,40859466552c7b7c5ae33143299a9a02d1deb618ad588f4a382d90bab7d6f3fe,14,1791410739.232859,1791410768.5467544,29.31389546394348,426,153638,confirmed,
352,0x0Fa31036212488f8d428eCeF9Ab22A15718896CB,node07,d1a40765fadc7c130870c042e9f3c311631cdb59c624fd412ccd23d61a418b84,14,1791410739.23714,1791410741.904112,2.6669721603393555,412,153618,confirmed,
353,0x5af622474CdDd405EB515933b63ED017b6995F42,node08,9b837d73425bcb128e401bf2ca5a180f2c15289034b1f9124398054aaa890227,14,1791410739.2417681,1791410744.972607,5.730838775634766,413,153650,confirmed,
354,0xC72D31E1D22cBeBb6aC77a57A24AfA2392cBe40a,node09,57c7417e518bfcc3901dddd0337df2d5de7de402096922939cfef95893f12aa2,14,1791410739.2477326,1791410744.8986137,5.650881052017212,414,153630,confirmed,
355,0x96c7eAaA42489caEA7Dc7524b9f1305424D69392,node10,d96180f7180e002d3f9d2e2fc4ae4aa497b46161172d3fd856e0449809c38bd2,14,1791410739.2539356,1791410748.02607,8.77213454246521,415,153650,confirmed,
356,0x52F1DEBAdA9d4de7176948572830B42682C7f06D,node11,61733de864d7d27391c223861829f383235605b035a65bb907ddc866dab59080,14,1791410739.259307,1791410750.4846442,11.225337266921997,416,153650,confirmed,
357,0xd53db591c2a21E876F1159Fba7b358a80d7a8C30,node12,5b93a614ca2bf86327428726bb32319b225099beeb281e27ad8c9427ad43e82e,14,1791410739.2655196,1791410752.4822936,13.216773986816406,417,153618,confirmed,
358,0x987d852fC5DEFc312f1b51deFFB6D29d04Ddc01e,node13,3146d907637767d713e559898dc264a13077b06f7eaaa828e5ff2d6cfcd1f710,14,1791410739.2697468,1791410754.5843413,15.314594507217407,418,153638,confirmed,
359,0xC6400e31A0C50DeBd3Bd29e36762e3Fae2EdfCd9,node14,1a70c743884cce972edae957e55f7b407b5b1c3beae89713c6fc38f12c186034,14,1791410739.282019,1791410756.429795,17.147776126861572,419,153630,confirmed,
360,0x1aB434bF4aD50BDD0eec02ddaB806CDbE291657E,node00,c2b999d902806ebbf8f8c7f3037dc68fdf949e6ab54a7827cfcd0275d7650601,14,1791410739.284815,1791410757.9680479,18.68323278427124,420,153630,confirmed,
361,0xc59C557dC6D3956ac789D44FA2C62e6F065718C7,node01,910e0e9e61d4c5fdd66c428dd007cab44573a876d15e75ec0c817e59d973a986,14,1791410739.3032205,1791410759.5096881,20.206467628479004,421,153638,confirmed,
362,0xE3A1D129Daab8ceDB6F76177d119C4aB7A515358,node02,60fc9b669b55290091827162c6506d36a48c159a9872f6c6e5bb9bccf34b53ce,14,1791410739.3110723,1791410760.6340873,21.323014974594116,422,153638,confirmed,
363,0xC97df769FB7F80CaD37D24AD48Bfc74cDC00CBef,node03,11706c5fea8edd99c7128bd357e090b67611d5e50764aa47231b9f0afe3bb654,14,1791410739.3142397,1791410762.9742265,23.65998673439026,423,153650,confirmed,
364,0x0d399d02Ed92ab5F6bD97e6Ee9e1B3453a918a14,node04,bf8654aaef4af705a203565f7cfe5b7e17d3efc113af954f1df92bea792314b3,14,1791410739.317507,1791410764.7554467,25.437939643859863,424,153650,confirmed,
365,0xC210fB4Ef3e11c393AE5FB107F27Af6519771782,node05,39256e78c20519c09183a20402f2ca3923ef02083d83a1c28fb3275dcde932ac,14,1791410739.3212068,1791410767.0504572,27.72925043106079,425,153618,confirmed,
366,0x9Cb68B22c01626744a932e1659dae4821E57692C,node06,92437364558a168b5610acf6d36d28849a5a3a193dedd292b25459dc9539ec0b,14,1791410739.3254378,1791410768.563,29.23756217956543,426,153650,confirmed,
367,0xf02962E33D6AdC55d3D1F20b98124C467DD0F27F,node07,8dea19f42f3c863adf385ce21a97acb7f3e2cc68a16a592dfdc479041fb0028a,14,1791410739.3264391,1791410741.7634175,2.436978340148926,412,153638,confirmed,
368,0x07AF8Bd68b0B0C59b690fDE7Cf0dCA1bf71C31c2,node08,e0030bb070ac89fcc84b0daa18da1ea7b99238eebec924a81557a345128ee534,14,1791410739.3308065,1791410745.3974524,6.066645860671997,413,153650,confirmed,
369,0x9577B8EB7112B6fF213CF4DD9b731cf263b89833,node09,1ea479fb1a9e27e0d4091b6ddac1659231ac80364315f679fbd373213e65472e,14,1791410739.3352206,1791410744.7679455,5.432724952697754,414,153618,confirmed,
370,0xdcAEfDb349DbB1d33797ACE9C362af139F08ec38,node10,2244a143691fc1cc90cff12bf924f84ac8dc556824d53bb255a7ea293266e037,14,1791410739.3426783,1791410747.725208,8.382529735565186,415,153630,confirmed,
371,0xE3ecC3c579b0C2e42a5ad637DB610167F79E0D02,node11,ee41bbad58298b5e330fc38376b16dc92c6a1996b6ca900f61d6ddb4ad32c11a,14,1791410739.3463895,1791410750.4907727,11.144383192062378,416,153630,confirmed,
372,0x35EfAB4D2e358981b6bF9528551A59F295990BD2,node12,901129b64de3c509ebd436bb3b46b99ba66c949c92e21a3785a7e8c588a7d487,14,1791410739.35091,1791410752.5452824,13.194372415542603,417,153650,confirmed,
373,0x8837371892e0d0017b2F021415E9C51824F57cf6,node13,492a7848ba5301e880563facc37f7685197404861097b735a48ff648b4cf7fcc,14,1791410739.3526928,1791410754.6747131,15.322020292282104,418,153630,confirmed,
374,0xFd0923844C2b4fa283648134de38569eA675b7AF,node14,cc1e26eb81b9de3a26464ebdfae5df0dba1a717eccbf53130e13ffa4557e9501,14,1791410739.3577204,1791410756.4221485,17.064428091049194,419,153630,confirmed,
375,0x75835288544fFBB739e5c45a4337756412B38EAb,node00,2e931920555a1aaf0126d30f46b40aff1c2988f86fef2d54463a39127ba14e8e,14,1791410739.3597896,1791410757.7789288,18.41913914680481,420,153650,confirmed,
376,0x7bb36785e03b894356b71dBA939bCA0c7B9D7E4A,node01,3cfe3a8d4cc58fbeb82539be8f1d0ca2cdec1ec40341dd344de462631c113199,14,1791410739.3662527,1791410759.7394729,20.373220205307007,421,153594,confirmed,
377,0xa66d8BCC952BE62a2250d18465B4a83624d20E0a,node02,da6fdb5a56848adb5739d88568f02e04e69b01ec909482aee48f2492f1f020a5,14,1791410739.3744748,1791410762.1741438,22.79966902732849,422,153638,confirmed,
378,0xbeBdD6eb3E3e59BCDDa886d9E096f7fBe25dEa66,node03,ab954ae137596433032eb9493fc555027ef5ea51024a3e579e4f0fd28dbae139,14,1791410739.3809197,1791410763.2242596,23.843339920043945,423,153630,confirmed,
379,0xCC73D90FC86b803f141CaD768891FA3Fa9FB5704,node04,b16f827f2756f99d153e0d38faaac41e8687fa8ee7a45d618e7d9bb9fc9b5496,14,1791410739.3899837,1791410764.5456607,25.15567708015442,424,153650,confirmed,
380,0xe6099530460FeB0467A7a7e8D2cC136d6D2AA448,node05,a037a8c63f1e6084920dd13c8282fa0f2d6883273cd5771a69678350a690e582,14,1791410739.3952339,1791410766.9957738,27.600539922714233,425,153650,confirmed,
381,0x9B0De32E8E56658Ca625fDC77B9bD7C5B2BE0a61,node06,6cda5bf3af95f0007c104b41009794cde539acfae0240a9c3975083ffe8447a4,14,1791410739.3963084,1791410768.6186228,29.22231435775757,426,153650,confirmed,
382,0x368c95946eb4f768E44499d6A8ff6ceDEC2E2630,node07,ab0e36703d6f12509fd2016f18c1cc28a52157821377fda5beae5a2873ae0af0,14,1791410739.4051294,1791410741.9524717,2.547342300415039,412,153630,confirmed,
383,0x5AE8b4e06f4f47660068284d59917dAe80e0F840,node08,3ef954ba648bdc95436da69dc796ca3a585cca1d2eb0a90051656a6b83f4179d,14,1791410739.4066985,1791410744.8788326,5.472134113311768,413,153630,confirmed,
384,0xd79764D3a484647E769dc066c92c8a307badC6E3,node09,554c21b25950db2b5a98368a78b0865b073e296aec043591c880ce9cc03465b8,14,1791410739.419368,1791410744.9189286,5.499560594558716,414,153650,confirmed,
385,0x654316828DefCC64752347A5adeEAc758DA2f713,node10,7670b431ee2f2f577fc7089408a4030b784c479e200fca8b32a1b162f7fd0948,14,1791410739.4243348,1791410748.2731912,8.848856449127197,415,153650,confirmed,
386,0xb0919d69A10D82a75d9eB54CE77219bE7252DD5a,node11,0c36ca4affd5defad7f5f946b6932c1d833fe1c0474e69ea466adce5a89c38af,14,1791410739.429961,1791410750.2971904,10.867229461669922,416,153650,confirmed,
387,0x12E9D93eA05c8aC53563b7358a160ce68FA1570d,node12,bba6ae846633d4bdff8c24ab31749ae6276b48d3fcc3c6c40231e1f1854f5ec5,14,1791410739.4344666,1791410752.1560028,12.72153615951538,417,153630,confirmed,
388,0xA06bB193e1Dc3eC45A7532F3a7CEd6A31097Ddd1,node13,95085a502ab0ba15e4776839d0ed1bd2fac267c19417473b6acc8de985bfd252,14,1791410739.4435725,1791410754.478028,15.03445553779602,418,153638,confirmed,
389,0xEB953fd24706ff658Cf74316040Bd9fCd70Da111,node14,ac2e0230e0f896f366e0d46a5c8a3cbdd7b1d7d1c00ef5e5241352b48039df24,14,1791410739.4459877,1791410756.36315,16.9171621799469,419,153638,confirmed,
390,0x9dC22D011321dBEAB44aAE0C770b34319e18515b,node00,7ef88a5b6dde2429501b33f60e02088c09d0d88bd31099e71b6b971968557483,14,1791410739.4597049,1791410758.1183703,18.658665418624878,420,153630,confirmed,
391,0xa99F9BE0FB116C81D988bAdA8aDa3D9fd8cdCAAe,node01,f0697acaa2fea8512c12584fde62a130e38d0e99e9875ff2bf5904ddbd1ccf7b,14,1791410739.4630902,1791410759.7540646,20.290974378585815,421,153650,confirmed,
392,0x4f858a00a1504CF77F1871d567415fcff56055ab,node02,b1f60cb0366f41b2e283b2a00435788ce8e0aca0998d84be07674a2e7dafcc1d,14,1791410739.4659126,1791410760.6179702,21.152057647705078,422,153630,confirmed,
393,0x032CD19bd0181EfDA8B484CB1D482Ecf04DEC8de,node03,d0b19b57589bb744aa147e464ef9f1bb4c6ad96551973d13ce26cdca1012957f,14,1791410739.4704685,1791410763.1921816,23.721713066101074,423,153606,confirmed,
394,0x5D85af0a146DAa1d41517195D33ae5b78E623850,node04,df9d7a0e97e2babe9f2c9f146ada3d0de1f6e58c089c0dde85b385f18ae29755,14,1791410739.4756603,1791410764.7094781,25.23381781578064,424,153650,confirmed,
395,0xb703939B534E82E7ECc207464Fe7b8484d60c508,node05,45bf4deaff23592c5b43cdb3f59d922665347a74ab8b50b6733cc20c6823475a,14,1791410739.4832203,1791410767.1146939,27.631473541259766,425,153650,confirmed,
396,0xD0FaA53b5426506E17252865D5b972495498c947,node06,86b9c66a326c1c19c3589e00940d1ecfd4ed42c77a282bdbccc4ddc858b9f007,14,1791410739.4875853,1791410768.5951357,29.107550382614136,426,153618,confirmed,
397,0x6C4F9aE6d1a8BD61B48AB3238600bcA9B21AF3E8,node07,fff334a45ded0ad814a1e3c22481dde43e781acac7018fbdc824497006d76544,14,1791410739.4923666,1791410742.3002763,2.8079097270965576,412,153630,confirmed,
398,0x9952f621FD9DD3a09997d2E1E1Cf895148Fd5747,node08,37b17cf4b57b3cfd9e23df2c99033cfb4a89c8fd8cf771b1157f034a5a89f704,14,1791410739.4983912,1791410745.286345,5.787953853607178,413,153630,confirmed,
399,0xC03791cc1aaBd0B7B8F7668085dE7379e2d64dE1,node09,cb1bf26fbc822571e255ac66889689f36f79601c496fb773cae2b6f079b2ce1c,14,1791410739.5133438,1791410744.9313283,5.417984485626221,414,153630,confirmed,
400,0x4211D0aEd5A9611e28366EcF10dE5BC44338E9ab,node10,6f85e81751db193d0eb2233b940faeab29c7e41fe79c74d4dde82cc048bcf187,14,1791410739.5176487,1791410748.2404783,8.722829580307007,415,153638,confirmed,
401,0x468efb88045761F4A9297Dc68Ab02e7C04b0c812,node11,ed502b16a10e86795a2065576209b608c5ad547cff192da7570e03bd7d4b75d0,14,1791410739.5227273,1791410750.037956,10.515228748321533,416,153650,confirmed,
402,0x29F729b0614913192DEAFF0d42D6D51c97E6D880,node12,36b9dcda5571408c6fdec3ab00a0ce81658dea2cbcc29dee490a2b431df97b5d,14,1791410739.5375037,1791410752.1372557,12.599751949310303,417,153626,confirmed,
403,0x0d445249693088F3AEa3Ffd218aB55EAf591D511,node13,b76ce05259221070f26cb5da7bd64ed6c068fe759d4abc33c8d8a426d2d7d40e,14,1791410739.541673,1791410754.4615607,14.919887781143188,418,153638,confirmed,
404,0x29458f2b805EA6e557C67102Ab82dEd4CDC753EC,node14,e9b03270e82cb7383446eb06d9252148b471c4d1452e3deeb8a62f0a25658182,14,1791410739.5424354,1791410756.497579,16.955143690109253,419,153650,confirmed,
405,0x6Aa47C2456Ec72fda7De83aA2451cf1DB4201033,node00,934cdd626f7379fbc71cc5ca87b32e75685ebb7e442b8f5ac682182029aa319c,14,1791410739.5459263,1791410758.1393445,18.59341812133789,420,153618,confirmed,
406,0x69b5a5345551a54d3a7fF648D9Ac7FFaac10A10D,node01,03bed9f6a9e041bcb28c9cfb4c4e4b4007214682e868c105e10126e776f58563,14,1791410739.5476909,1791410759.397766,19.850075244903564,421,153630,confirmed,
407,0x078E81998d0EAa2bad04b3ba6233E57C74be0EcE,node02,2e754cac37ab4272796999a8ffeec5814a61ed9776d4b6806230a64c5da7fe23,14,1791410739.5528471,1791410760.690665,21.137817859649658,422,153630,confirmed,
408,0xE2BA5907a7111503f5524ADE60b68D8a362782FE,node03,e5326877d4a5db2989c6dca9753ddc407d4ec84e197eebff1ec143ac901c944d,14,1791410739.5578716,1791410763.0232313,23.465359687805176,423,153630,confirmed,
409,0x35bc6F88FdD2db3Ac6C30512446ad758731f2d26,node04,4ac4010d278464e7de4148b07a3c057c4044dedc69383c4ca6454e1c8abce541,14,1791410739.5598536,1791410764.6446574,25.084803819656372,424,153650,confirmed,
410,0xFed1D58048866D16e161ec4D2D0A20C10D3B1Ef5,node05,3cfbaf872b118cc55e161d65217407b4b372c5e013fcf71c5fc1cc64c4ce4fa6,14,1791410739.5624697,1791410767.161875,27.59940528869629,425,153618,confirmed,
411,0xf839DfFB7ef343a16afe2F6bDc2D710492F688a3,node06,b40d33e774171f5486b866923e8a8b592920dce89ad33f5be6fac402541ec12f,14,1791410739.567667,1791410768.585082,29.017415046691895,426,153650,confirmed,
412,0x180D9B494b1a0f8BbCE0090878C33E63827728AA,node07,a23d25cf7f1aac27014e252f98ebf4240ad27b74bfa80ecd50bd0f36ea08a587,14,1791410739.5713685,1791410742.2635791,2.6922106742858887,412,153594,confirmed,
413,0x9F39F60a6cEd9E7bed232e9BEEE28711AAfDD57A,node08,09d6ccbb5a914a1bb73622a9aee917f6c0235d30d126f878bddaffc66d228134,14,1791410739.5752072,1791410745.571949,5.996741771697998,413,153630,confirmed,
414,0x52f51b65A7Bae1e4a64d567259338B5b35dc3d79,node09,36695f38e8f73ef9094c389557adb362235368624e50919aa8f5cd84831cf3e8,14,1791410739.580217,1791410745.1224778,5.5422608852386475,414,153618,confirmed,
415,0x65A31D6709325606E72715d0AD8203833C3D1fE2,node10,ff0b01be0870970a48dd85bc9577110c698965d9d0f40e984edd82236999d218,14,1791410739.593511,1791410748.2552562,8.661745071411133,415,153638,confirmed,
416,0x94c9C84fa80307a94E7A0553ACc68403D5C5A25E,node11,50c3f2262f5ec895ab8daea4c9ed5170c524efe6498e04d4c0bd4e117f287d76,14,1791410739.5966637,1791410750.5723197,10.975656032562256,416,153630,confirmed,
417,0xCb9Bd73124D32B8E2119f28fA58DEfe1d86a0D8F,node12,e1a2bf33a3642df0aa753d06958effb42165430b61c4a6145bb83291c97f7c5f,14,1791410739.6001885,1791410752.5710824,12.970893859863281,417,153618,confirmed,
418,0x5805361707290B0A60FDDf686070349E69AC63Fd,node13,a72b59ddc6bbb22f2a2fff489eb7f7613c326edd540950fa40c85d924bb1b46a,14,1791410739.6094754,1791410754.5224018,14.912926435470581,418,153650,confirmed,
419,0x63D35A01Bdb86D0c3639906D4e940aad88A8a1Ad,node14,e4912b6943d9d12a4746556c88826a7dcd7fe43023ec51dc7063023812ccd4c2,14,1791410739.6142275,1791410756.471567,16.85733938217163,419,153650,confirmed,
420,0x085747e042cF06488A064d2b88b9350E0241D5E7,node00,a6a6fbf8332dc2f1cd5f5b7fd211b840e86f91bd44e4cee4d46709d2c9753fee,14,1791410739.616984,1791410758.0695658,18.452581882476807,420,153638,confirmed,
421,0x929620f15e53ab1aE34189086FA21b89F759cA8f,node01,78030d9a786907b0c554dfde7856a0a683d0bb1b185cff6ec8ad3905c2fe02c1,14,1791410739.6273265,1791410759.6870244,20.05969786643982,421,153650,confirmed,
422,0x65DEce74012099A27FD30E7DBE3a3903D1767898,node02,35cfe3d49983b5a8e7fba179497b1a93f4c22c5ef1655160c1ed920f554d9e33,14,1791410739.6317265,1791410762.1790287,22.54730224609375,422,153638,confirmed,
423,0xF22575C644ca580b7FfB872fd5D689DD7377919B,node03,83367f294fe7c05e24b4775546ff0639490e55fd51c9ee8c094a1daf4121a794,14,1791410739.6357903,1791410763.0518138,23.41602349281311,423,153606,confirmed,
424,0xcF0c758D4E75b260f21Fe1c0361D55db854620B1,node04,8fc652d95e1c91096ba97e087c494342e0aa35b7d8503d649a4c517ca4da0ad0,14,1791410739.6395159,1791410764.6004224,24.960906505584717,424,153638,confirmed,
425,0xabfd5AbBAbC764A4DB1500A6eaf24817F047482C,node05,3bfe9063fda254d01a93eb967141d55899078114383ce2fedad44b155638d8f2,14,1791410739.6458921,1791410767.1944897,27.54859757423401,425,153650,confirmed,
426,0x82f0a05e58Cf4DA2D0e16EBC5ddD43Fbe75B5BC7,node06,de2c255b2112f90abadb1ba665da260c95ac4e787dfa2233db5c3d6cf155b004,14,1791410739.6503623,1791410768.6215696,28.9712073802948,426,153618,confirmed,
427,0x4BEfC92d7294328CA672b232cB2Be18cD69A0E4B,node07,405d6e101d6df1b6771e178a7c358d25fac7b1c76af295239e42240d391ef347,14,1791410739.6648695,1791410742.2648418,2.5999722480773926,412,153630,confirmed,
428,0x0bbacD0cE428ec03971e922A7c9d9177aB2e71ac,node08,6f33cfafe3e1795483a31b8ac56bc4ede4b2cdcbb296ebfedc7e97786337e6bc,14,1791410739.668401,1791410745.5590882,5.8906872272491455,413,153618,confirmed,
429,0xB4fADDeF0BabD759FeF5cb46Cc3622452E3b5A5A,node09,7ce9ebd3fe195141e02d7c383746a92011d4f2a519c0e996892784c126b81673,14,1791410739.672206,1791410745.4932787,5.821072816848755,414,153638,confirmed,
430,0xB0d0Fbaf62d96aF5c698ADdDc069CB529Ec446b3,node10,07d333bf6a62a26a347930f3e13d44decb34eb47d27f4c0dc51f4ff99002ba3a,14,1791410739.6756566,1791410748.1035423,8.42788577079773,415,153650,confirmed,
431,0x430cfDe4d74c696b5ab47bD2a211ebdD308A0E43,node11,73c4470d2d155c0b6ccf5163249d8215275b134a5bb847a6c8f5f663f71c98df,14,1791410739.6886833,1791410750.2247097,10.53602647781372,416,153650,confirmed,
432,0x3B4a1772AA99515Be4AA96cFa1B5cAa3e11c972C,node12,16ba539ae39d76f6a8292efb7647c0d889c205bb30b80809f08ac4fe0382c7b5,14,1791410739.692775,1791410752.3852599,12.692484855651855,417,153650,confirmed,
433,0xccd945617c7a6Ade01da2e38FA835dc4d6332174,node13,71c28516c9bf266ba418d161575ad9f4eb1fc8d7817c4574bac0fc095bde572b,14,1791410739.6979249,1791410754.5121598,14.814234972000122,418,153614,confirmed,
434,0x83D32F53A2E1dc97F3009b1C17787E93369149A6,node14,51d1c067e6da77356df9dda210d723c8db609e6e437d2b27d72765efdd6fcb2f,14,1791410739.700569,1791410756.5131955,16.812626600265503,419,153618,confirmed,
435,0x30B70C9F9C907dEB44ceB30C89A0bdF592c6d2a3,node00,fd995954164377ace85915c656f55b0c1e6665f9b992705fc44fe8cb71740465,14,1791410739.7050757,1791410756.5119064,16.806830644607544,420,153650,confirmed,
436,0xF671CFa81A79BE4A7c1f1682bE42B8c70Db4d71d,node01,cd98a9058e45321b62bca779a94ce13343b38b5bb7418f718b9d261130744777,14,1791410739.7094462,1791410759.5727818,19.863335609436035,421,153618,confirmed,
437,0xbc08e72033C012B1ef653435812417811093b97f,node02,cc10c00921f56286889ebb5d2cedcbca46dd31a123b7e952376f7841aad6613a,14,1791410739.7174308,1791410760.619985,20.902554273605347,422,153650,confirmed,
438,0x46f9eF64D2a66E14830E2E1984Fea89EF6957BeB,node03,bafd84c7f62e0addc03f4b50011f565243386bff8a3b27ef4f4760412b965bbe,14,1791410739.7195566,1791410763.1726136,23.453057050704956,423,153630,confirmed,
439,0x07860A63EC3B37a59c39167D0d9B2D0D9029fB2B,node04,24338568baa1b472479fb586e1ce1c1462b735db6e99966547edb91c67357543,14,1791410739.7218308,1791410764.7704282,25.04859733581543,424,153650,confirmed,
440,0xc1d3bFb4FA67777951dAa1b881Fa48B6B7b1e459,node05,1c4719580879ff7fde10f8a469ba9f4087d704c13fa91285252a20edef523fbf,14,1791410739.7272658,1791410767.1913445,27.464078664779663,425,153618,confirmed,
441,0x0eE3260F53Ce2c838103Fc2978d9031023Ecdb61,node06,10f4cbed71e7f1b066bb7844daf337848662c25667a947f2a80d14121eeed577,14,1791410739.7310443,1791410768.6099477,28.87890338897705,426,153650,confirmed,
442,0xE101f87B52f162425c4AaFd3B2548b89555de48C,node07,b70326ee1219f36affb2129467fc9ad9e4f499cfdafbcb7df50f0bce626b7bd0,14,1791410739.7328823,1791410742.3337104,2.600828170776367,412,153650,confirmed,
443,0xeAe72d8c35e61A756A4bB5475D630dB1d17D1FFF,node08,de9e84751c94416db7555b86874170e516fbcbb99a31a9de04eb6131227114ff,14,1791410739.7352314,1791410745.212742,5.477510690689087,413,153630,confirmed,
444,0x2bdF0261de854Ee5c3112C8b89B5E65a9cBfe0Af,node09,0ec63eadab075fdd16e0f07f342b781931e5297e2b1ac9cb196b157ad69d1c9e,14,1791410739.7365854,1791410745.2782068,5.541621446609497,414,153638,confirmed,
445,0xCD5a53DD530719f708c419A3DbE983f4e03e16d5,node10,9cb5981e93c2a74d4c3df1ae6bd56df48780cea24da21d601d05886916ffb301,14,1791410739.7425601,1791410748.2774992,8.534939050674438,415,153650,confirmed,
446,0x6c80f3f13B2B484acC8FF680dd8B8FB23236dE3E,node11,1d5691437f1419ee9096697e17fa0f52ce413d7b476e7c72ac509663449a0aaa,14,1791410739.7468147,1791410750.5099115,10.763096809387207,416,153630,confirmed,
447,0x969BfFbAd50aFA7D019D0b20C09209c1e984396D,node12,3254ddac7fb2ed489af19f78012df292e379f6b649286f99d0e253a230050624,14,1791410739.7541246,1791410752.3556163,12.601491689682007,417,153618,confirmed,
448,0x2388Be2E6324fFD7245AB54c30B395A4F429290D,node13,785f70caee1289f83a5fd4fa24bb3634eabaa3984352382af9d1b66c9cb3bfe1,14,1791410739.7593179,1791410754.6267986,14.867480754852295,418,153650,confirmed,
449,0x1e05d39AA850d406E84b8942b1e764CcA0C5Df10,node14,58a65c9e2bff035af223759dfd8f07ff474e4185242a5e35f4b27086d3657d14,14,1791410739.7633317,1791410756.4404075,16.67707586288452,419,153650,confirmed,
450,0x4ae972c246bc8ccACe125fD1d245983ADEe5720E,node00,c316d15cff78c205d03e8d368f593335210e6825864a5e4537c581cc8956cc20,14,1791410739.7646732,1791410756.4874482,16.722774982452393,420,153618,confirmed,
451,0xB42afb65d534857e25768b8b53b6Ef5180093cEb,node01,4b2be49ad7239093e27d97f39ccb01a226c2f7558228405d03c6351448836402,14,1791410739.7678876,1791410759.709149,19.941261291503906,421,153638,confirmed,
452,0x40e69DFb1D92E5D9d0B5f1bdc31fBD4e7ebD6CdF,node02,c41c91a4bcece58c01615aae0a29484ff63f68555cadc72ef0a1b4bcc3b4744b,14,1791410739.7749462,1791410760.6010475,20.826101303100586,422,153618,confirmed,
453,0x297BDD08e167681D02362764fB35CEFF2652bA8C,node03,145338ea7da334dbeb0f7c47fe5628c255f430fe25b8d9e583ef3a3fe7f9ca96,14,1791410739.7790134,1791410763.0728793,23.29386591911316,423,153630,confirmed,
454,0x32EF0e4775814C9AC468D54afCBA953b6c6265e0,node04,d1413602979da73d88b2ad5e47cde5a6660c90538f8922572eadf6c00b2c133b,14,1791410739.7858765,1791410764.7725708,24.9866943359375,424,153630,confirmed,
455,0xE1644e86a881a65cCf66baF39A965d47dFBc5bd6,node05,95be5b56427bf80612a0cbfeea41e1d817f97c65b2172a57a707a398a17d8c50,14,1791410739.7889082,1791410767.1164742,27.327565908432007,425,153618,confirmed,
456,0xdB62c08F99D52877c62ad79C6063dD52FC9cc588,node06,28f7801dd1849e7d96fd97695e7ed8c566319c6e473fbe4781e6ac97062aedfc,14,1791410739.7994735,1791410768.6305776,28.831104040145874,426,153650,confirmed,
457,0x698408B72AdC6705a9a72092161b8C3Bd704e372,node07,fe9c4f243543b0f331b331cd46be31844c174243ea11a18ac7c2f66923597858,14,1791410739.801378,1791410770.5794346,30.778056621551514,427,153630,confirmed,
458,0x0C926f7Bff373F72362E04550f6E9113CB149e38,node08,79d9ecd96cac9854b0f0782a44d8e296fb5887c26a51df7a76f0699a4f338814,14,1791410739.804748,1791410745.3640594,5.559311389923096,413,153618,confirmed,
459,0x24944B833730fb3b6833Cf51fC861B908fdDC6c0,node09,de97e8dc7603bd637b34379764f04a51742bed6ce12c9e3b54026c04fde43789,14,1791410739.8092449,1791410745.4834533,5.674208402633667,414,153638,confirmed,
460,0xf1092A77a21A4D1d862dd326f07b80c83D965bF2,node10,77af9f4e0ca36437eaa85037e82d3aeea927026d51cff8907fc088d8e2b1b252,14,1791410739.8135695,1791410748.2294533,8.415883779525757,415,153626,confirmed,
461,0xD0AdfCAfB21825060536C7a7dcB1221C587DeF41,node11,e9aa20203d574c5dd834c9bc7789b96332d3939ec7d579a96a88c5e40ef9bf4a,14,1791410739.8175926,1791410750.5384872,10.720894575119019,416,153630,confirmed,
462,0xe12744c31cD3975348044a012b11add33fd4BD2E,node12,db9c9bc85532a2d7303c5e7ce37d86074a33961c49b3f9fd95a86a8af7079d72,14,1791410739.8211668,1791410752.5575368,12.736370086669922,417,153630,confirmed,
463,0x08E5C40e80a17570D48916BC9b3Fb174464B36c7,node13,35bcc285eadb496ee51a6de406e1199fedb26b26f7b6ca82ef59a7237af82b39,14,1791410739.8239274,1791410754.610678,14.786750555038452,418,153638,confirmed,
464,0x6354f54104Aa50f0504E3c1b79B222DF94EaB039,node14,2a8730e9e3c677aeceb8ab80865171bae1f3191e2a657c48541251b80dc248eb,14,1791410739.8279629,1791410756.5088675,16.680904626846313,419,153626,confirmed,
465,0xA72780c0BB808f101FFBfb0aFc7EB7517B7e4D03,node00,dbb9c245c04c09e019ac52bf7340b752479d639aedfd5f8ee12081d1a0be0fd3,14,1791410739.8305566,1791410758.0672064,18.236649751663208,420,153630,confirmed,
466,0xF56c832c42B4158d9aD3f243A6e9Ff1cD1Ee9E4C,node01,352c3a5c609b9c87533201bed0bd06d3941fd64256e1242d819ea4c213e240dc,14,1791410739.8335657,1791410759.6423688,19.80880308151245,421,153630,confirmed,
467,0x210aDaB1a272d33495197131A47812AFA8BE188E,node02,38a17686ef7435b306a0b44d3f85d09152bb6656055913b6316b30049fee77a2,14,1791410739.8353252,1791410760.6113622,20.776036977767944,422,153650,confirmed,
468,0x69fE71F40A4a019ca8FA85bc76E4fE293aDEC0eB,node03,8327f068166ddc74b502c39cbd7d942fea025f037b4c024acaaf09e7f2b968ae,14,1791410739.8375735,1791410763.2059612,23.368387699127197,423,153618,confirmed,
469,0x64b54FEB7a2C111759d7825C007D76558d0Ed798,node04,32a277d7cad744b6c91f7e9d170415d9a4acda81a9a8eeb3c5d673ca9763037b,14,1791410739.8410494,1791410764.7736747,24.93262529373169,424,153650,confirmed,
470,0x9e5603C6DD688d41f2d44E09e5E81DF9bEe8F41F,node05,f323dd34e8fd62df01b42a5dd9be03bb0d0a606196caf656f299300c1211f299,14,1791410739.846403,1791410767.1846375,27.338234663009644,425,153630,confirmed,
471,0x269A06108305c144B838abCf98081EDF486a9a11,node06,56b1a6acca453dea969dea1757c19e25472b873bde3e603a3c3662e447b94b5c,14,1791410739.8488657,1791410768.5946379,28.745772123336792,426,153638,confirmed,
472,0xac50496F375CB03CA4A4b74f17a4e7485b898970,node07,cde05c8a1af2ef6c074ae9d7f47f236a4a8ef8aed765265f6724d19481552c2c,14,1791410739.8537629,1791410742.31568,2.4619171619415283,412,153630,confirmed,
473,0xD94D81E8D21f4e8e01Fb9Eb263fEc418537F65b4,node08,76da52ebb6642d804ddfc98e94ced8fdc8ef2f7fe84465fbcdb86d28e9d98742,14,1791410739.8628411,1791410745.3011065,5.438265323638916,413,153630,confirmed,
474,0x69B59926955eeE42C4795c7384bcCCd472ed33d4,node09,e04c5878f8b4555cbe01cc961f0bbbd4d8ca94ea90a6ddfb351ef4594fb315ab,14,1791410739.8749275,1791410745.4877186,5.612791061401367,414,153638,confirmed,
475,0x1bB89479d968855028197D0e625459be5b454ad1,node10,ff4bda05966dd065036e8c822fbfd4a151ed1a34d259dfc9894ae37d99eebe31,14,1791410739.8872144,1791410748.224119,8.336904525756836,415,153618,confirmed,
476,0xAbec555dA89B111D4935345442B7Db0fCd4BD7dd,node11,b0fd361d14bb6a99e1ec63e697434ab20b61b11a1582593ac200275c5844d307,14,1791410739.8889582,1791410750.5712855,10.682327270507812,416,153650,confirmed,
477,0xC1D7Ab422A5d2e0fdd22FE792bABc61D9a34f821,node12,c5e08f51b604cffebc63f8ad2c5ecbaa632f1862a490d8d34cfbea6e36f4a4bb,14,1791410739.8931525,1791410752.5236254,12.630472898483276,417,153650,confirmed,
478,0xEdD061a1E1dE010D0DB43bd316399712cDa94992,node13,458667ec051302f0b3cd1e0b176335329b62e7cc7758e0c9d7953d1fbb78154b,14,1791410739.9080355,1791410754.6377425,14.72970700263977,418,153630,confirmed,
479,0x63A06ccb056E7B7155D65C1ecbeddb4500074dcA,node14,1ac6a6dade40d190d9c88478a29656d2f75b5cd893d1d9d39e1cfe827e7731ea,14,1791410739.9114056,1791410756.520277,16.608871459960938,419,153638,confirmed,
480,0xc8f391E0C067DA25F0714c711D0aea4a7d025D3e,node00,4dfe6dc2f8b83225fedbda249e658b8bd01c686f8a8e07b94199bf344648e121,14,1791410739.913255,1791410756.5094938,16.59623885154724,420,153618,confirmed,
481,0x439d15673Ccd5c067b1CD5b885C248EbC6689AE5,node01,8ded5408b9e4dc2c492d49e42c77c00a1ca114a93e03ede5ef9f88c34e3ba182,14,1791410739.9166062,1791410759.7722232,19.8556170463562,421,153630,confirmed,
482,0x744d4777CA242519f1111a3D593d600Ef84DE810,node02,1a57b80bc027742cddfc10285f5e90332f0f7912c542144a2b055843110f42e0,14,1791410739.919412,1791410760.6762183,20.75680637359619,422,153650,confirmed,
483,0xCDD731174319392d28F8D1906E8639890066563b,node03,82820d49720cd65d7e38364a339fda22a007d952f5dda36b32aa7b7ab4112f5f,14,1791410739.9241872,1791410763.1079543,23.183767080307007,423,153630,confirmed,
484,0x20f6a660FF84cc696A51f874ba6B918fb90dA230,node04,bfb1c8fa3abae32a08cba13f7925ed97bfa2f138492140e2dfd82acf221685dc,14,1791410739.927737,1791410764.7538447,24.82610774040222,424,153638,confirmed,
485,0xfBCFE0925B47eF986f15Fe03585708Af2E6A32cD,node05,18c9f026d6d4bd9402b5529f55599542699728959c43cec88d3cfa3fa21147b8,14,1791410739.9300606,1791410767.1251526,27.19509196281433,425,153650,confirmed,
486,0x9efdDBEc211372F92a167BAD69C91c03236Af47D,node06,2bfc04699589393b9f251b83d6b206e9c1a1d4ff0e4db7f4cdce513a8b9aa193,14,1791410739.9339895,1791410768.6033304,28.66934084892273,426,153630,confirmed,
487,0xEc827a92B2E7839f98EAb1D5F309aB49A1705641,node07,4b3a7e2b3522c28659eb8d4adf1adcb0883a993f5d3e7b1c395b96df9c22b665,14,1791410739.9419436,1791410742.3728616,2.430917978286743,412,153630,confirmed,
488,0x815c444b073798E25BdA904A8e0C5C9239a407C4,node08,e35cc3f823c4c37c995cce23c5ea6386434b01d103fa4cb991ad205eb5eca989,14,1791410739.946549,1791410745.6349924,5.688443422317505,413,153630,confirmed,
489,0xF86731d3F158B521CC0a479D904704f8900305e3,node09,585132f678b61304615bc600e25d18e48779abc03414ec6114f2022e9f55c470,14,1791410739.9493,1791410745.618696,5.669395923614502,414,153638,confirmed,
490,0x15D0c98112Dbf26EeB78ca3E944EF7ab4D099451,node10,2c6128125c2ba19905a0d1dc793846152a86bd35e09311237f89552618acf586,14,1791410739.9564283,1791410748.252616,8.29618763923645,415,153618,confirmed,
491,0x3090c63A91dCEbc80a44290769afB0Fd391E3fd4,node11,4fda4f2e566ef0fd10d56ddb0eb2e0bc55dfc22c6b1c5234648c303cb3e62505,14,1791410739.9614184,1791410750.5043297,10.542911291122437,416,153650,confirmed,
492,0x38913905e7461c1464DE5DA90b8f71D20d82fa9F,node12,6e98c690cb318e30510cd6e86b4f09c6cea95d0b82922ded750c5bbec3c01616,14,1791410739.9639184,1791410752.590358,12.626439571380615,417,153650,confirmed,
493,0x0ea634D44757575af9bd52e4545AeEb6B84d9ff7,node13,5b4a21145ec9fbe197be8b1d6c8e910b8a4129fd5d8c87e5db1e191695a9ff71,14,1791410739.9653673,1791410754.7060874,14.74072003364563,418,153650,confirmed,
494,0xaD4d2055a8C20D30e96cD01C95BBDa98B05165d9,node14,e8ceab991d1857e5c3bec3adc446a7e9ba983a23d01966e1fe94db4230bb230d,14,1791410739.9705753,1791410756.5069497,16.53637433052063,419,153618,confirmed,
495,0xf3D821881c817d8576a48B8d06C8C65f4c0d3e7A,node00,bd2676efc6cdf8d4005d0be2a8930c90868a7811314d752c903adf80243e6950,14,1791410739.9736779,1791410756.4930334,16.519355535507202,420,153630,confirmed,
496,0x0F0a582bc6A21663d1a9F68d73e64d7099Dfc377,node01,0e72e45f7e2116127a08bf0e5844cec9b7b88428985464ac01951942df3422eb,14,1791410739.979503,1791410759.7498014,19.77029848098755,421,153618,confirmed,
497,0x92b8d70f23F40a8Ea6DE36fD16AB3d2aF86494a7,node02,f1617ae41ce34f859a6abf95dfe5cf86b863596cbd11746678fc70cd51fcddc8,14,1791410739.985415,1791410760.6525214,20.66710638999939,422,153630,confirmed,
498,0x314Db2282Ea8dd42e85d81ae091557bf60783453,node03,466282ae9e92138de324a018be96408b1f936521929b75aa0a5dbf8f253dca95,14,1791410739.9896932,1791410763.1067648,23.117071628570557,423,153650,confirmed,
499,0x1446954A17Bf27d6757E1b83eCED997c9a8d3df5,node04,cbf8ab1303d56c96ced6dd9d5b250a1107038563ad9337499fea4f71551b8878,14,1791410739.996375,1791410764.7700624,24.7736873626709,424,153606,confirmed,
500,0x9358f3C581248b6d02B658f512C00D50C6fe3B0e,node05,06b42948131db563f44febbd139f61a0c2d9e48e92665040407e2384fb5704d4,14,1791410739.9979737,1791410767.193038,27.195064306259155,425,153638,confirmed,
501,0x66a1D5D709a47f079f18bfEEA21f78ec249F13f1,node06,4e33b2e8f0e68312053f460cd4cd664e1ab30932f145dfc598f2c5b50873ff75,14,1791410740.0033758,1791410768.6084604,28.605084657669067,426,153618,confirmed,
502,0xe0e31397377a67a143F2872Eb560000f6b118379,node07,85aabffdc130992a62b20a012ef12ddda913d6005d6de5056a18320cf39f8b41,14,1791410740.0114605,1791410770.579703,30.56824254989624,427,153630,confirmed,
503,0x35f7a8f6B936396fD15e96dc56A204757E2Ea704,node08,851ea19d5e6232198293085c84e5655dc52f51b56defbe65f0f1b02bbb404e4f,14,1791410740.0130186,1791410745.605244,5.5922253131866455,413,153650,confirmed,
504,0x2f47e7b2550e5c0eE0AD4C624F6A9373F97cE1AA,node09,0d217ba94a1fc6608125157c5ef1847076001782949f21698db069a667dcbfa4,14,1791410740.0156035,1791410745.6136062,5.598002672195435,414,153650,confirmed,
505,0x0Db60AA387B160CEF30f21278b550564110d3A52,node10,9e7c4a8c768b6d3101b0fa3d59f548d08fb56cc19f75c46c63ea158702cf41eb,14,1791410740.020449,1791410748.2617445,8.241295576095581,415,153630,confirmed,
506,0xC36499aDaED046B05247Af932B6D8E60c476819e,node11,f9b35d69fa1669582867f574aee90fd26e33a2735abcc9b1739ac91776ccae5e,14,1791410740.0235708,1791410750.5367126,10.513141870498657,416,153630,confirmed,
507,0x9BB87c90F8cab319e3B7a6dc9e344E20997eF094,node12,d99bec2be177c926ed9ce1636d8b2c5503572fdc500b4b9cdd87b5ef04f499c9,14,1791410740.0264614,1791410752.5881107,12.561649322509766,417,153630,confirmed,
508,0x26979586c04e8a113aD165989B6Aa75FD0B0583C,node13,cfac8d4bad1d826592437346fe6e2c06f06fce92fc4ae53d100d1d3903dd60ab,14,1791410740.028097,1791410754.6448374,14.616740465164185,418,153638,confirmed,
509,0x4BD2B3818D26B0cd97c0052800C0EE09284969e7,node14,a3e9285afd94c6595f4aad3e2fb015f62264416633d049ddac8ed93f3ef59428,14,1791410740.0320551,1791410756.5127547,16.48069953918457,419,153650,confirmed,
510,0x357A631302A99360E856BC63815555fa41310A27,node00,26d62650cfc9870a300d90fffef0a7422ad29e1b22944dcf14303ecba4e67337,14,1791410740.0427723,1791410756.5082939,16.465521574020386,420,153638,confirmed,
511,0x498CD42076F8F226D2cF61EB6003ca85cf9371Ce,node01,ad0f4eee6fcee0505066f45ce39824c85a895861c0f7326ef2e9b4e7832cda99,14,1791410740.0460887,1791410759.7557585,19.709669828414917,421,153650,confirmed,
