ts,phase,cpu_percent,cpu_percent_per_core,mem_percent,mem_used_mb,mem_available_mb,disk_read_mb,disk_write_mb,load_avg_1m
1791397652.6413438,setup:connecting,3.9,"0.0,0.0,50.0,0.0,0.0,0.0,0.0,0.0,0.0,0.0,0.0,0.0,0.0,0.0,0.0,0.0,0.0,0.0,0.0,0.0,0.0,0.0,100.0,0.0,0.0,0.0,0.0,0.0,0.0,0.0,0.0,100.0,0.0,100.0,0.0,0.0,0.0,0.0,0.0,0.0,0.0,0.0,0.0,0.0,0.0,0.0,0.0,100.0,0.0,0.0,0.0,0.0,0.0,0.0,0.0,0.0,0.0,0.0,0.0,0.0,0.0,0.0,0.0,0.0,0.0,0.0,0.0,0.0,100.0,0.0,0.0,0.0,100.0,0.0,100.0,100.0,0.0,0.0,0.0,0.0,0.0,0.0,0.0,0.0,0.0,0.0,0.0,0.0,0.0,0.0,0.0,0.0,0.0,0.0,0.0,0.0,0.0,0.0,0.0,0.0,0.0,0.0,0.0,0.0,0.0,0.0,0.0,0.0,0.0,0.0,0.0,0.0,0.0,0.0,0.0,0.0,0.0,0.0,0.0,0.0,0.0,0.0,0.0,0.0,0.0,0.0,0.0,0.0,0.0,0.0,0.0,0.0,0.0,0.0,0.0,0.0,0.0,0.0,0.0,0.0,0.0,0.0,0.0,0.0,0.0,0.0,0.0,0.0,0.0,0.0,0.0,0.0,0.0,0.0,0.0,0.0,0.0,0.0,0.0,0.0,0.0,0.0,0.0,0.0,0.0,0.0,0.0,0.0,0.0,0.0,0.0,0.0,0.0,0.0,0.0,0.0,0.0,0.0,0.0,0.0,0.0,0.0,0.0,0.0,0.0,0.0,0.0,0.0,0.0,0.0,0.0,0.0,0.0,0.0,0.0,0.0,0.0,0.0,0.0,0.0,0.0,0.0,0.0,0.0,0.0,0.0,0.0,0.0,0.0,0.0,0.0,0.0,0.0,0.0,0.0,0.0,0.0,0.0,0.0,0.0,0.0,0.0,0.0,0.0,0.0,0.0,0.0,0.0,0.0,0.0,0.0,0.0,0.0,0.0,0.0,0.0,0.0,0.0,0.0,0.0,0.0,0.0,0.0,0.0,0.0,0.0,0.0,0.0,0.0,0.0,0.0,0.0,0.0,0.0,0.0",5.9,61241.703125,970624.6171875,8688.4853515625,152340.94970703125,25.4150390625
1791397653.6699398,setup:loading_nonces,6.8,"22.9,12.8,15.6,15.2,13.0,12.2,16.7,20.8,11.8,8.2,12.9,11.1,13.0,16.0,13.3,21.2,8.9,7.8,7.8,8.7,5.9,8.2,9.1,9.6,11.8,12.7,19.8,8.8,12.9,9.9,2.9,43.1,37.5,90.3,3.9,12.6,7.0,7.9,3.9,4.0,18.2,5.9,12.9,11.1,15.8,18.8,9.8,10.9,10.0,10.2,13.9,15.6,15.6,21.6,13.1,12.0,9.9,17.6,23.8,14.4,5.9,8.9,10.0,4.9,7.9,7.0,6.8,9.6,99.0,100.0,100.0,100.0,100.0,99.0,100.0,100.0,0.0,0.0,0.0,0.0,0.0,1.0,0.0,0.0,1.0,0.0,0.0,0.0,1.0,0.0,0.0,0.0,0.0,0.0,0.0,0.0,0.0,0.0,0.0,1.9,0.0,0.0,0.0,0.0,0.0,0.0,0.0,0.0,0.0,0.0,0.0,0.0,0.0,0.0,0.0,0.0,0.0,0.0,0.0,0.0,0.0,0.0,0.0,0.0,0.0,0.0,0.0,0.0,0.0,1.0,0.0,0.0,0.0,0.0,1.9,0.0,0.0,0.0,0.0,0.0,1.0,0.0,0.0,0.0,0.0,0.0,0.0,0.0,0.0,0.0,0.0,0.0,0.0,0.0,0.0,0.0,0.0,0.0,0.0,0.0,0.0,0.0,0.0,0.0,0.0,0.0,0.0,0.0,0.0,0.0,0.0,0.0,0.0,0.0,0.0,0.0,0.0,0.0,0.0,0.0,0.0,0.0,0.0,0.0,0.0,0.0,0.0,0.0,0.0,0.0,0.0,0.0,0.0,0.0,0.0,0.0,0.0,0.0,0.0,0.0,0.0,0.0,0.0,0.0,0.0,0.0,0.0,0.0,0.0,0.0,0.0,0.0,0.0,0.0,0.0,0.0,0.0,0.0,0.0,0.0,0.0,0.0,0.0,0.0,0.0,0.0,0.0,1.0,0.0,0.0,0.0,0.0,0.0,0.0,0.0,0.0,0.0,0.0,0.0,0.0,0.0,0.0,0.0,0.0,0.0,0.0,0.0,0.0,0.0,0.0,0.0,0.0,0.0,0.0,0.0",6.0,61490.16796875,970376.15234375,8688.4853515625,152343.32861328125,25.4150390625
1791397655.076349,setup:loading_nonces,7.8,"19.6,14.9,16.0,11.2,17.9,25.5,27.8,11.0,11.2,12.2,22.9,22.4,17.4,14.3,13.6,13.7,9.9,10.5,16.1,19.4,10.4,11.2,16.9,8.5,9.9,9.7,9.9,7.2,11.3,12.6,27.5,28.9,59.5,86.7,12.9,6.3,7.7,9.8,12.3,8.2,16.8,21.8,23.9,20.9,21.6,15.6,17.0,18.4,12.7,11.3,20.9,18.1,15.2,7.7,10.6,13.3,9.7,13.8,12.1,9.3,12.0,12.3,14.1,20.9,9.6,9.6,7.6,10.3,100.0,100.0,100.0,100.0,100.0,100.0,100.0,100.0,0.0,0.0,0.0,0.0,0.0,0.7,0.0,0.0,97.3,0.0,0.0,0.0,0.0,0.0,0.0,0.0,0.0,0.0,0.0,0.0,0.0,0.0,0.0,1.3,0.0,0.0,0.0,0.0,0.0,0.0,0.0,0.0,0.0,0.0,0.0,0.0,0.0,0.0,0.0,0.0,0.0,0.0,0.0,0.0,0.0,0.0,0.0,0.0,0.0,0.0,0.0,0.0,0.0,0.0,0.0,0.0,0.0,0.0,0.0,0.0,0.0,0.0,0.0,0.0,0.0,0.7,0.0,0.7,0.0,0.0,0.0,0.0,0.0,0.0,0.0,0.0,0.0,0.0,0.0,0.0,0.0,0.0,0.0,0.0,0.0,0.0,0.0,0.0,0.0,0.0,0.0,0.0,0.0,0.0,0.0,0.0,0.0,0.0,0.0,0.0,0.7,0.0,0.0,0.0,0.0,0.0,0.0,0.0,0.0,0.0,0.0,0.0,0.0,0.0,0.0,0.0,0.0,0.0,0.0,0.0,0.0,0.0,0.0,0.0,0.0,0.0,0.0,0.0,0.0,0.0,0.0,0.0,0.0,0.0,0.0,0.0,0.0,0.0,0.0,0.0,0.0,0.0,0.0,0.0,0.0,0.0,0.0,0.0,0.0,0.0,0.0,0.0,0.0,0.0,0.0,0.0,0.0,0.0,0.0,0.0,0.0,0.0,0.0,0.0,0.0,0.0,0.0,0.0,0.0,0.0,0.0,0.0,0.0,0.0,0.0,0.0,0.0,0.0,0.0",6.0,61548.24609375,970318.07421875,8688.4853515625,152343.32861328125,25.4150390625
1791397656.7518237,setup:loading_nonces,7.3,"14.6,10.6,17.9,9.7,10.0,12.5,17.4,6.1,19.5,6.8,7.3,6.7,13.8,12.1,10.8,13.4,11.3,4.6,10.7,8.8,13.2,11.5,16.7,10.7,6.5,5.2,7.1,7.8,8.4,5.9,11.0,96.2,61.3,96.2,9.9,6.0,6.5,9.2,5.4,9.8,6.2,9.3,7.9,10.0,15.4,18.4,8.2,15.0,10.5,11.8,23.5,14.3,25.9,12.2,11.0,12.8,10.7,11.1,12.7,13.7,8.6,12.0,10.6,11.3,14.6,8.5,4.6,8.2,99.4,100.0,100.0,100.0,100.0,100.0,99.4,100.0,0.0,0.0,0.0,0.0,0.0,0.6,0.0,0.0,19.4,0.0,0.0,0.0,0.0,0.0,0.0,0.0,0.0,0.0,0.0,0.0,0.0,0.0,0.0,0.6,3.2,3.2,0.0,0.0,0.0,0.0,0.0,0.0,0.0,0.0,0.0,0.0,0.0,0.0,0.0,0.0,0.0,0.0,0.0,0.0,0.0,0.0,0.0,0.0,0.0,0.0,0.0,0.0,0.0,0.0,0.0,0.0,0.0,0.0,0.0,0.0,0.6,0.0,0.0,0.0,0.0,2.0,0.0,0.0,0.0,0.0,0.0,0.0,0.0,0.0,0.0,0.0,0.0,0.0,0.0,0.0,0.0,0.0,0.0,0.0,0.0,0.0,0.0,0.0,0.0,0.0,0.0,0.0,0.0,0.0,0.0,0.0,0.0,0.0,0.0,0.0,0.0,0.0,0.0,0.0,0.0,0.0,0.0,0.0,0.0,0.0,0.0,0.0,0.0,0.0,0.0,0.0,0.0,0.0,0.0,0.0,0.0,0.0,0.0,0.0,0.0,0.0,0.0,0.0,0.0,0.0,0.0,0.0,0.0,0.0,0.0,0.0,66.5,0.0,0.0,0.0,0.0,0.0,0.0,0.0,0.0,0.0,0.0,0.0,0.0,0.0,0.0,0.0,0.0,0.0,0.0,0.0,0.0,0.0,0.0,0.0,0.0,0.0,0.0,0.0,0.0,0.0,0.0,0.0,0.0,0.0,0.0,0.0,0.0,0.0,0.0,0.0,0.0,0.0,0.0",6.0,61692.73828125,970173.58203125,8688.4853515625,152343.32861328125,26.4228515625
1791397657.9045298,setup:loading_nonces,6.9,"10.1,17.0,10.7,12.4,9.1,5.2,13.3,15.2,16.7,10.6,8.8,14.0,10.8,10.5,7.3,17.1,12.6,6.6,13.4,15.8,10.9,11.9,14.5,12.7,3.4,5.2,5.2,5.2,5.2,2.6,99.2,0.9,89.9,61.5,10.3,6.8,6.1,9.4,6.2,10.4,13.9,9.7,11.3,11.4,12.4,21.3,9.0,12.2,14.4,13.4,17.2,15.0,14.5,11.9,14.0,7.3,8.8,9.9,14.3,22.5,13.4,16.1,8.9,13.5,6.0,8.4,5.2,4.3,100.0,99.2,99.2,100.0,100.0,100.0,100.0,100.0,0.0,0.0,0.0,0.0,0.0,0.0,0.0,0.0,1.7,0.0,0.0,0.0,0.0,0.0,0.0,0.0,0.0,0.0,0.0,0.0,0.0,0.0,0.0,0.0,1.7,1.7,0.0,0.0,0.0,0.0,0.0,0.0,0.0,0.0,0.0,0.0,0.0,0.0,0.0,0.0,0.0,0.0,0.0,0.0,0.0,0.0,0.0,0.0,0.0,0.0,0.0,0.0,0.0,0.0,0.0,0.0,0.0,0.0,0.0,0.0,0.0,0.8,0.8,0.0,0.0,1.8,0.0,0.0,0.0,0.0,0.0,0.0,0.0,0.0,0.0,0.0,0.0,0.0,0.0,0.0,0.0,0.0,0.0,0.0,0.0,0.0,0.0,0.0,0.0,0.0,0.0,0.0,0.0,0.0,0.0,0.0,0.0,0.0,0.0,0.0,0.0,0.0,0.0,0.0,0.0,0.0,0.0,0.0,0.0,0.0,0.0,0.0,0.0,0.0,0.0,0.0,0.0,0.0,0.0,0.0,0.0,0.0,0.0,0.0,0.0,0.0,0.0,0.0,0.0,0.0,0.0,0.0,0.0,0.0,0.0,0.0,0.0,0.0,0.0,0.0,0.0,0.0,0.0,0.0,0.0,0.0,0.0,0.0,0.0,0.0,0.0,0.0,0.0,0.0,0.0,0.0,0.0,0.0,0.0,0.0,0.0,0.0,0.0,0.0,0.0,0.0,0.0,0.0,0.0,0.0,0.0,0.0,0.0,0.0,0.0,0.0,0.0,0.0,0.0",6.0,62108.66015625,969757.66015625,8688.4853515625,152343.58251953125,26.4228515625
1791397659.093088,setup:loading_nonces,7.3,"13.0,11.2,16.4,15.7,13.3,25.0,16.2,7.7,13.6,12.7,22.4,11.2,12.2,9.2,17.7,15.4,17.9,14.4,10.9,16.4,13.3,14.3,16.5,12.1,4.9,5.0,4.3,5.9,5.1,6.7,99.2,21.7,67.5,82.8,10.0,8.3,9.2,8.5,9.8,12.3,12.3,9.1,11.9,5.8,9.1,15.6,15.0,15.0,12.8,17.7,10.2,13.9,12.9,9.4,7.8,23.5,11.8,10.0,10.7,15.4,13.9,23.5,12.9,15.5,5.7,5.0,5.7,5.9,100.0,99.2,100.0,99.2,99.2,100.0,100.0,99.2,0.0,0.0,0.0,0.0,0.0,0.8,0.0,0.0,2.5,0.8,0.0,0.0,0.0,0.0,0.0,0.0,0.0,0.0,0.0,0.0,0.0,0.0,0.0,1.6,3.3,3.3,0.0,0.0,0.0,0.0,0.0,0.0,0.0,0.0,0.0,0.0,0.0,0.0,0.0,0.0,0.0,0.0,0.0,0.0,0.0,0.0,0.0,0.0,0.0,0.0,0.0,0.0,0.0,0.0,0.0,0.0,0.0,0.0,0.0,0.0,0.0,0.0,0.0,0.0,0.0,2.6,0.0,0.0,0.0,0.0,0.0,0.0,0.0,0.0,0.0,0.0,0.0,0.0,0.0,0.0,0.0,0.0,0.0,0.0,0.0,0.0,0.0,0.0,0.0,0.0,0.0,0.0,0.0,0.0,0.0,0.0,0.0,0.0,0.0,0.0,0.0,0.0,0.0,0.0,0.0,0.0,0.0,0.0,0.0,0.0,0.0,0.0,0.0,0.0,0.0,0.0,0.0,0.0,0.0,0.0,0.0,0.0,0.0,0.0,0.0,0.0,0.0,0.0,0.0,0.0,0.0,0.0,0.0,0.0,0.0,0.0,0.0,0.0,0.0,0.0,0.0,0.0,0.0,0.0,0.0,0.0,0.0,0.0,0.0,0.0,0.0,0.0,0.0,0.0,0.0,0.0,0.0,0.0,0.0,0.0,0.0,0.0,0.0,0.0,0.0,0.0,0.0,0.0,0.0,0.0,0.0,0.0,0.0,0.0,0.0,0.0,0.0,0.0,0.0",6.0,61858.78515625,970007.53515625,8688.4853515625,152345.53955078125,26.4228515625
1791397661.3318474,setup:loading_nonces,7.1,"15.6,12.0,7.1,17.7,13.7,8.7,9.2,10.8,9.5,11.2,9.8,11.9,14.6,10.7,22.5,15.3,14.0,10.4,11.1,8.0,12.4,12.8,13.0,14.7,7.7,8.5,7.9,6.3,7.7,6.2,99.5,52.3,36.7,58.3,11.4,15.5,10.7,9.5,10.4,13.2,8.3,13.0,12.7,13.6,16.0,15.8,11.0,14.2,18.9,13.4,10.9,13.2,16.0,12.9,18.3,14.1,16.6,15.8,12.1,12.0,18.1,18.0,14.7,16.2,9.0,7.0,7.9,6.6,99.5,100.0,100.0,100.0,100.0,100.0,100.0,100.0,0.0,0.0,0.0,0.0,0.0,0.5,0.0,0.0,1.5,0.0,0.0,0.0,0.0,0.0,0.0,0.0,0.0,0.0,0.0,0.0,0.0,0.0,0.0,3.2,4.1,3.7,0.0,0.0,0.0,0.0,0.0,0.0,0.0,0.0,0.0,0.0,0.0,0.0,0.0,0.0,0.0,0.0,0.0,0.0,0.0,0.0,0.0,0.0,0.0,0.0,0.0,0.0,0.0,0.0,0.0,0.0,0.0,0.0,0.0,0.0,0.0,0.0,0.0,0.0,0.0,1.0,0.0,0.0,0.0,0.0,0.5,0.0,0.0,0.0,0.0,0.0,0.0,0.0,0.0,0.0,0.0,0.0,0.0,0.0,0.0,0.0,0.0,0.0,0.0,0.5,0.0,0.0,0.0,0.0,0.0,0.0,0.0,0.0,0.0,0.0,0.0,0.0,0.0,0.5,0.0,0.0,0.0,0.0,0.0,0.0,0.0,0.0,0.0,0.0,0.0,0.0,0.0,0.0,0.0,0.0,0.0,0.0,0.0,0.0,0.0,0.0,0.0,0.0,0.0,0.0,0.0,0.0,0.0,0.0,0.0,0.0,0.0,0.0,0.0,0.0,0.0,0.0,0.0,0.0,0.0,0.0,0.0,0.0,0.0,0.0,0.0,0.0,0.0,0.0,0.0,0.0,0.0,0.0,0.0,0.0,0.0,0.0,0.0,0.0,0.0,0.0,0.0,0.0,0.0,0.0,0.0,0.0,0.0,0.0,0.0,0.0,0.0,0.0,0.0",6.0,61885.16015625,969981.16015625,8688.4853515625,152345.53955078125,26.1484375
1791397663.643407,setup:loading_nonces,7.0,"13.6,12.8,9.7,8.3,15.4,11.3,10.4,10.7,11.1,14.3,13.0,5.6,10.0,8.6,16.2,16.0,11.7,11.3,11.0,13.7,10.0,13.8,14.5,17.0,6.9,6.4,6.8,6.6,12.1,8.2,96.3,78.5,29.5,12.9,15.1,14.1,15.6,15.2,16.8,13.7,13.5,9.3,11.4,13.1,12.6,19.9,16.9,13.5,15.1,15.5,13.3,15.7,17.7,17.2,16.7,12.6,7.8,10.1,16.6,12.3,11.7,11.1,11.8,11.1,5.6,6.4,5.0,5.1,99.2,99.6,99.6,99.6,99.6,99.6,100.0,100.0,0.0,0.0,0.0,0.0,0.0,0.4,0.0,0.0,2.3,0.0,0.0,0.0,0.0,0.0,0.0,0.0,0.0,0.0,0.0,0.0,0.0,0.0,0.0,2.0,0.0,0.8,0.0,0.0,0.0,0.0,0.0,0.0,0.0,0.0,0.0,0.0,0.0,0.0,0.0,0.0,0.0,0.0,0.0,0.0,0.0,0.0,0.0,0.0,0.0,0.0,0.0,0.0,0.0,0.0,0.0,0.0,0.0,0.0,0.0,0.0,0.0,0.0,0.0,0.0,0.0,1.7,0.0,0.0,0.0,0.0,0.0,0.0,0.0,0.0,0.0,0.0,0.0,0.0,0.0,0.0,0.0,0.0,0.0,0.0,0.0,0.0,0.0,0.0,0.0,0.0,0.0,0.0,0.0,0.0,0.0,0.0,0.0,0.0,0.0,0.0,0.0,0.0,0.0,0.0,0.0,0.0,0.0,0.0,0.0,0.0,0.0,0.0,0.0,0.0,0.0,0.0,0.0,0.0,0.0,0.0,0.0,0.0,0.0,0.0,0.0,0.0,0.0,0.0,0.0,0.0,0.0,0.0,0.0,0.0,0.0,0.0,0.0,0.0,0.0,0.0,0.0,0.0,0.0,0.0,0.0,0.0,0.0,0.0,0.0,0.0,0.0,0.0,0.0,0.0,0.0,0.0,0.0,0.0,0.0,0.0,0.0,0.0,0.0,0.0,0.0,0.0,0.0,0.0,0.0,0.0,0.0,0.0,0.0,0.0,0.4,0.0,0.0,0.0,0.0",6.1,62542.54296875,969323.77734375,8688.4853515625,152347.51611328125,26.1484375
1791397665.9203444,setup:loading_nonces,7.2,"22.2,19.7,10.1,12.7,13.7,14.0,16.5,12.8,17.8,9.7,17.0,12.6,13.2,16.5,15.5,9.9,13.0,13.3,15.1,8.9,12.8,13.4,23.6,16.9,9.2,12.4,10.0,9.4,9.6,14.0,55.0,66.4,19.2,99.5,9.4,11.0,11.3,10.1,10.1,10.8,13.8,10.2,13.7,17.2,11.0,17.1,10.9,12.6,15.2,9.3,9.4,14.5,17.9,13.1,13.0,18.0,10.8,17.2,18.4,13.0,9.2,15.8,13.2,14.0,9.1,8.5,6.1,6.7,99.5,100.0,99.5,100.0,100.0,100.0,99.5,100.0,0.0,0.0,0.0,0.0,0.0,0.5,0.5,0.0,0.5,0.0,0.0,0.0,0.0,0.0,0.0,0.0,0.0,0.0,0.0,0.0,0.0,0.0,0.0,4.1,0.5,0.5,0.0,0.0,0.0,0.0,0.0,0.0,0.0,0.0,0.0,0.0,0.0,0.0,0.0,0.0,0.0,0.0,0.0,0.0,0.0,0.0,0.0,0.0,0.0,0.0,0.0,0.0,0.0,0.0,0.0,0.0,0.0,0.0,0.0,0.0,0.0,0.0,0.0,0.0,0.0,1.9,0.5,0.0,0.0,0.0,0.0,0.0,0.0,0.0,0.0,0.0,0.0,0.0,0.0,0.0,0.0,0.0,0.0,0.0,0.0,0.0,0.0,0.0,0.0,0.0,0.0,0.0,0.0,0.0,0.0,0.0,0.0,0.0,0.0,0.0,0.0,0.0,0.0,0.0,0.0,0.0,0.0,0.0,0.0,0.5,0.0,0.0,0.0,0.0,0.0,0.0,0.0,0.0,0.0,0.0,0.0,0.0,0.0,0.0,0.0,0.0,0.0,0.0,0.0,0.0,0.0,0.0,0.0,0.0,0.0,0.0,0.0,0.0,0.0,0.0,0.0,0.0,0.0,0.0,0.0,0.0,0.0,0.0,0.0,0.0,0.0,0.0,0.0,0.0,0.0,0.0,0.0,0.0,0.0,0.0,0.0,0.0,0.0,0.0,0.0,0.0,0.0,0.0,0.0,0.0,0.0,0.0,0.0,0.0,0.0,0.0,0.0,0.0,0.0",6.0,62146.66015625,969719.66015625,8688.4853515625,152347.51611328125,26.05615234375
1791397667.0843832,idle,5.8,"19.1,11.9,8.6,2.9,7.5,9.3,6.7,6.6,5.7,18.3,7.6,10.6,12.3,6.7,11.7,12.4,9.3,9.5,9.4,25.0,4.9,3.8,4.8,6.0,6.5,5.7,6.6,3.8,5.7,3.8,32.1,66.7,17.1,31.1,14.9,6.6,4.0,5.0,7.9,5.8,7.5,6.7,8.8,12.5,9.4,8.7,8.6,9.3,13.5,6.7,5.8,6.9,11.0,9.4,8.7,9.7,7.5,19.2,6.8,6.6,19.8,16.5,6.7,6.7,2.8,3.8,2.9,4.7,99.1,100.0,100.0,100.0,99.1,100.0,100.0,99.1,0.0,0.0,0.0,0.0,0.0,0.0,0.0,0.0,0.0,0.0,0.0,0.0,0.0,0.0,0.0,0.0,0.0,0.0,0.0,0.0,0.0,0.0,0.0,3.7,1.9,0.0,0.0,0.0,0.0,0.0,0.0,0.0,0.0,0.0,0.0,0.0,0.0,0.0,0.0,0.0,0.0,0.0,0.0,0.0,0.0,0.0,0.0,0.0,0.0,0.0,0.0,0.0,0.0,0.0,0.0,0.0,0.0,0.0,0.0,0.0,0.0,0.0,0.0,0.0,0.0,0.0,0.0,0.0,0.0,0.0,0.0,0.0,0.0,0.0,0.0,0.0,0.0,0.0,0.0,0.0,0.0,0.0,0.0,0.0,0.0,0.0,0.0,0.0,0.0,0.0,0.0,0.0,0.0,0.0,0.0,0.0,0.0,0.0,0.0,0.0,0.0,0.0,0.0,0.0,0.0,0.0,0.0,0.0,0.0,0.0,0.0,0.0,0.0,0.0,0.0,0.0,0.0,0.0,0.0,0.0,0.0,0.0,0.0,0.0,0.0,0.0,0.0,0.0,0.0,0.0,0.0,0.0,0.0,0.0,0.0,0.0,0.0,0.0,0.0,0.0,0.0,0.0,0.0,0.0,0.0,0.0,0.0,0.0,0.0,0.0,0.0,0.0,0.0,0.0,0.0,0.0,0.0,0.0,0.0,0.0,0.0,0.0,0.0,0.0,0.0,0.0,0.0,0.0,0.0,0.0,0.0,0.0,0.0,0.0,0.0,0.0,0.0,0.0,0.0",6.0,61814.9375,970051.3828125,8688.4853515625,152347.51611328125,26.05615234375
1791397668.1814873,individual_n8_vmnos8_r1:confirmation,9.5,"26.5,26.0,27.4,24.8,28.2,34.6,25.7,22.9,23.8,23.1,19.0,29.5,26.9,23.1,23.8,25.5,27.9,21.7,23.4,17.1,20.4,18.7,20.6,24.5,17.9,20.2,15.5,20.4,20.2,19.8,31.5,35.5,72.7,68.5,21.3,18.7,18.1,21.0,22.2,20.4,20.8,22.9,24.1,22.1,26.0,21.4,17.9,24.0,20.0,21.2,19.6,16.3,18.3,20.4,33.3,23.9,21.0,22.9,28.8,24.8,17.0,19.0,21.9,18.9,17.6,40.6,19.3,18.5,99.1,100.0,98.2,99.1,100.0,99.1,100.0,100.0,0.0,0.0,0.0,0.0,0.0,1.9,0.9,0.0,0.9,0.0,0.0,0.0,0.0,0.0,0.0,0.0,0.0,0.0,0.0,0.0,0.0,0.0,0.0,0.0,0.9,0.9,0.0,0.0,0.0,0.0,0.0,0.0,0.0,0.0,0.0,0.0,0.0,0.0,0.0,0.0,0.0,0.0,0.0,0.0,0.0,0.0,0.0,0.0,0.0,0.0,0.0,0.0,0.0,0.0,0.0,0.0,0.0,0.9,0.0,0.0,0.0,0.0,0.0,0.0,0.0,1.9,0.0,0.0,0.0,0.0,0.0,0.0,0.0,0.0,0.0,0.0,0.0,0.0,0.0,0.0,0.0,0.0,0.0,0.0,0.0,0.0,0.0,0.0,0.0,0.0,0.0,0.0,0.0,0.0,0.0,0.0,0.0,0.0,0.0,0.0,0.0,0.0,0.0,0.0,0.0,0.0,0.0,0.0,0.0,0.0,0.0,0.0,0.0,0.0,0.0,0.0,0.0,0.0,0.0,0.0,0.0,0.0,0.0,0.0,0.0,0.0,0.0,0.0,0.0,0.0,0.0,0.0,0.0,0.0,0.0,0.0,0.0,0.0,0.0,0.0,0.0,0.0,0.0,0.0,0.0,0.0,0.0,0.0,0.0,0.0,0.0,0.0,0.0,0.0,0.0,0.0,0.0,0.0,0.0,0.0,0.0,0.0,0.0,0.0,0.0,0.0,0.0,0.0,0.0,0.0,0.0,0.0,0.0,0.0,0.0,0.0,0.0,0.0,0.0",6.0,61855.390625,970010.9296875,8688.4853515625,152348.03564453125,26.05615234375
1791397669.4440103,individual_n8_vmnos8_r1:confirmation,7.8,"30.4,21.4,14.2,12.0,9.2,15.6,8.8,18.7,19.0,24.4,12.5,15.4,15.6,11.0,13.4,16.2,11.7,14.1,11.6,13.8,13.2,14.8,19.4,15.3,11.7,20.0,27.6,14.1,11.7,13.6,16.5,2.3,69.7,48.9,11.2,8.5,12.9,7.8,10.1,7.0,15.9,29.2,16.3,13.4,13.8,15.6,14.8,14.8,14.5,23.8,14.8,19.2,16.3,23.8,17.2,21.0,12.5,13.4,26.6,16.7,24.0,20.2,11.8,16.4,7.1,7.8,10.1,7.8,99.2,99.3,100.0,100.0,100.0,100.0,100.0,100.0,0.0,0.0,0.0,0.0,0.0,0.0,0.0,0.0,28.5,0.0,0.0,0.0,0.0,0.0,0.0,0.0,0.0,0.0,0.0,0.0,0.0,0.0,0.0,0.8,0.8,0.0,0.0,0.0,0.0,0.0,0.0,0.0,0.0,0.0,0.0,0.0,0.0,0.0,0.0,0.0,0.0,0.0,0.0,0.0,0.0,0.0,0.0,0.0,0.0,0.0,0.0,0.0,0.0,0.0,0.0,0.0,0.0,0.0,0.0,0.0,0.0,0.0,0.0,0.0,0.0,2.3,0.8,0.0,0.0,0.0,0.0,0.0,0.0,0.0,0.0,0.0,0.0,0.0,0.0,0.0,0.0,0.0,0.0,0.0,0.0,0.0,0.0,0.0,0.0,0.0,0.0,0.0,0.0,0.0,0.0,0.0,0.0,0.0,0.0,0.0,0.0,0.0,0.0,0.0,0.0,0.0,0.0,0.0,0.0,0.0,0.0,0.0,0.0,0.0,0.0,0.0,0.0,0.0,0.0,0.0,0.0,0.0,0.0,0.0,0.0,0.0,0.0,0.0,0.0,0.0,0.0,0.0,0.0,0.0,0.0,0.0,61.4,0.0,0.0,0.0,0.0,0.0,0.0,0.0,0.0,0.0,0.0,0.0,0.0,0.0,0.0,0.0,0.0,0.0,0.0,0.0,0.0,0.0,0.0,0.0,0.0,0.0,0.0,0.0,0.0,0.0,0.0,0.0,0.0,0.0,0.0,0.0,0.0,0.0,0.0,0.0,0.0,0.0,0.0",6.0,61921.75,969944.5703125,8688.4853515625,152350.07080078125,26.05615234375
1791397670.5585387,individual_n8_vmnos8_r1:confirmation,5.5,"9.5,0.9,6.3,5.4,3.6,2.7,10.7,1.8,10.8,3.7,5.5,2.7,4.5,4.5,6.1,10.0,2.8,5.6,6.3,3.6,0.9,0.0,8.3,5.5,2.7,1.8,5.3,2.7,1.8,5.2,19.8,41.2,88.5,82.5,0.9,1.8,4.4,3.6,3.5,3.6,1.8,0.0,0.9,3.6,3.6,3.5,1.8,2.7,4.5,8.4,6.4,1.8,3.8,5.5,7.0,5.3,5.3,6.3,0.9,4.5,3.6,6.4,18.4,2.7,0.0,1.8,0.9,0.9,100.0,100.0,100.0,100.0,100.0,100.0,99.1,100.0,0.0,0.0,0.0,0.0,0.0,0.9,0.0,0.0,3.5,0.0,0.0,0.0,0.0,0.0,0.0,0.0,0.0,0.0,0.0,0.0,0.0,0.0,0.0,0.0,1.8,2.6,0.0,0.0,0.0,0.0,0.0,0.0,0.0,0.0,0.0,0.0,0.0,0.0,0.0,0.0,0.0,0.0,0.0,0.0,0.0,0.0,0.0,0.0,0.0,0.0,0.0,0.0,0.0,0.0,0.0,0.0,0.0,0.0,0.0,0.0,0.0,0.0,0.0,0.0,0.0,0.0,0.0,0.0,0.0,0.0,0.0,0.0,0.0,0.0,0.0,0.0,0.0,0.0,0.0,0.0,0.0,0.0,0.0,0.0,0.0,0.0,0.0,0.0,0.0,0.0,0.0,0.0,0.0,0.0,0.0,0.0,0.0,0.0,0.0,0.0,0.0,0.0,0.0,0.0,0.0,0.0,0.0,0.0,0.0,0.0,0.0,0.0,0.0,0.0,0.0,0.0,0.0,0.0,0.0,0.0,0.0,0.0,0.0,0.0,0.0,0.0,0.0,0.0,0.0,0.0,0.0,0.0,0.0,0.0,0.0,0.0,99.1,0.0,0.0,0.0,0.0,0.0,0.0,0.0,0.0,0.0,0.0,0.0,0.0,0.0,0.0,0.0,0.0,0.0,0.0,0.0,0.0,0.0,0.0,0.0,0.0,0.0,0.0,0.0,0.0,0.0,0.0,0.0,0.0,0.0,0.0,0.0,0.0,0.0,0.0,0.0,0.0,0.0,0.0",6.1,62555.015625,969311.3046875,8688.4853515625,152350.07080078125,26.05615234375
1791397671.7862232,individual_n8_vmnos8_r1:confirmation,7.2,"17.0,13.6,15.8,21.0,10.9,14.3,16.1,10.9,13.4,16.2,11.7,12.5,13.2,21.0,11.0,22.7,10.9,11.0,10.2,12.0,12.1,6.9,10.0,6.0,6.8,13.2,5.0,8.2,7.5,9.4,47.1,50.8,57.9,61.7,9.2,5.1,12.5,8.6,6.1,10.1,7.4,13.0,9.2,14.2,10.3,14.9,10.8,7.8,13.9,15.3,11.9,12.3,13.0,10.1,10.0,11.8,12.5,13.7,8.5,9.2,16.9,20.3,29.1,12.3,13.2,6.7,10.6,6.6,99.2,100.0,100.0,100.0,99.2,100.0,100.0,100.0,0.0,0.0,0.0,0.0,0.0,0.0,0.0,0.0,1.6,0.0,0.0,0.0,0.0,0.0,0.0,0.0,0.0,0.0,0.0,0.0,0.0,0.0,2.5,2.5,4.1,3.3,0.0,0.0,0.0,0.0,0.0,0.0,0.0,0.0,0.0,0.0,0.0,0.0,0.0,0.0,0.0,0.0,0.0,0.0,0.0,0.0,0.0,0.0,0.0,0.0,0.0,0.0,0.0,0.0,0.0,0.0,0.0,0.0,0.0,0.0,0.0,0.0,0.0,0.0,0.0,0.8,0.0,0.0,0.0,0.0,0.0,0.0,0.0,0.0,0.0,0.0,0.0,0.0,0.0,0.0,0.0,0.0,0.0,0.0,0.0,0.0,0.0,0.0,0.0,0.0,0.0,0.0,0.0,0.0,0.0,0.0,0.0,0.0,0.0,0.0,0.0,0.0,0.0,0.0,0.0,0.0,0.0,0.0,0.0,0.0,0.0,0.0,0.0,0.0,0.0,0.0,0.0,0.0,0.0,0.0,0.0,0.0,0.0,0.0,0.0,0.0,0.0,0.0,0.0,0.0,0.0,0.0,0.0,0.0,0.0,0.0,23.0,0.0,0.0,0.0,0.0,0.0,0.0,0.0,0.0,0.0,0.0,0.0,0.0,0.0,0.0,0.0,0.0,0.0,0.0,0.0,0.0,0.0,0.0,0.0,0.0,0.0,0.0,0.0,0.0,0.0,0.0,0.0,0.0,0.0,0.0,0.0,0.0,0.0,0.0,0.0,0.0,0.0,0.0",6.0,62001.96484375,969864.35546875,8688.4853515625,152350.07080078125,25.89111328125
1791397672.9211853,individual_n8_vmnos8_r1:confirmation,4.7,"5.4,5.8,7.7,5.9,4.9,2.9,9.7,4.9,9.4,2.9,0.9,0.0,7.8,3.9,4.9,5.8,1.0,3.9,7.8,3.9,2.9,2.9,1.9,3.0,3.8,2.9,1.9,1.9,3.8,14.3,7.5,17.0,79.0,24.3,2.9,1.0,3.8,4.7,5.7,2.9,3.8,1.9,5.7,0.9,4.8,6.0,3.8,2.8,1.0,5.9,3.8,4.8,6.9,1.0,2.9,4.9,1.9,0.9,2.8,2.8,6.7,6.9,2.9,4.9,0.9,3.7,0.9,0.0,100.0,100.0,100.0,100.0,100.0,99.1,100.0,100.0,0.0,0.0,0.0,0.0,0.0,1.0,0.0,0.0,1.0,0.0,0.0,0.0,0.0,0.0,0.0,0.0,0.0,0.0,0.0,0.0,0.0,0.0,0.0,0.0,0.9,0.0,0.0,0.0,0.0,0.0,0.0,0.0,0.0,0.0,0.0,0.0,0.0,0.0,0.0,0.0,0.0,0.0,0.0,0.0,0.0,0.0,0.0,0.0,0.0,0.0,0.0,0.0,0.0,0.0,0.0,0.0,0.0,0.0,0.0,0.0,0.0,0.0,0.0,0.0,0.0,0.0,0.0,0.0,0.0,0.0,0.0,0.0,0.0,0.0,0.0,0.0,0.0,0.0,0.0,0.0,0.0,0.0,0.0,0.0,0.0,0.0,0.0,0.0,0.0,0.0,0.0,0.0,0.0,0.0,0.0,0.0,0.0,0.0,0.0,0.0,0.0,0.0,0.0,0.0,0.0,0.0,0.0,0.0,0.0,0.0,0.0,0.0,0.0,0.0,0.0,0.0,0.0,0.0,0.0,0.0,0.0,0.0,0.0,0.0,0.0,0.0,0.0,0.0,0.0,0.0,0.0,0.0,0.0,0.0,0.0,0.0,0.0,0.0,0.0,0.0,0.0,0.0,0.0,0.0,0.0,0.0,0.0,0.0,0.0,0.0,0.0,0.0,0.0,0.0,0.0,0.0,0.0,0.0,0.0,0.0,0.0,0.0,0.0,0.0,0.0,0.0,0.0,0.0,0.0,0.0,0.0,0.0,0.0,0.0,0.0,0.0,0.0,0.0,0.0",6.0,62248.02734375,969618.29296875,8688.4853515625,152350.28173828125,25.89111328125
1791397674.0359416,individual_n8_vmnos8_r1:confirmation,6.8,"24.3,9.1,16.1,8.0,12.3,14.4,13.9,8.7,13.6,8.8,11.3,18.3,17.5,15.7,10.0,21.9,8.8,15.9,13.4,17.9,9.8,22.2,20.5,14.4,12.2,8.0,14.2,8.7,9.5,5.3,19.0,16.4,65.5,38.8,11.5,10.4,8.7,8.6,10.3,10.6,11.3,10.9,8.8,9.8,9.6,11.1,9.8,16.8,16.7,15.8,9.7,13.8,22.0,8.3,25.2,9.1,11.1,10.8,12.9,9.8,13.0,8.8,6.9,14.8,4.4,7.0,4.3,4.3,99.2,100.0,99.2,99.2,100.0,100.0,99.2,100.0,0.0,0.0,0.0,0.0,0.0,0.0,0.0,0.0,0.0,0.0,0.0,0.0,0.0,0.0,0.0,0.0,0.0,0.0,0.0,0.0,0.0,0.0,0.0,0.0,0.9,2.6,0.0,0.0,0.0,0.0,0.0,0.0,0.0,0.0,0.0,0.0,0.0,0.0,0.0,0.0,0.0,0.0,0.0,0.0,0.0,0.0,0.0,0.0,0.0,0.0,0.0,0.0,0.0,0.0,0.0,0.0,0.0,0.0,0.0,0.0,0.0,0.0,0.0,0.0,0.0,0.0,0.0,0.0,0.0,0.0,0.0,0.0,0.0,0.0,0.0,0.0,0.0,0.0,0.0,0.0,0.0,0.0,0.0,0.0,0.9,0.0,0.0,0.0,0.0,0.0,0.0,0.0,0.0,0.0,0.0,0.0,0.0,0.0,0.0,0.0,0.0,0.0,0.0,0.0,0.0,0.0,0.0,0.0,0.0,0.0,0.0,0.0,0.0,0.0,0.0,0.0,0.0,0.0,0.0,0.0,0.0,0.0,0.0,0.0,0.0,0.0,0.0,0.0,0.0,0.0,0.0,0.0,0.0,0.0,0.0,0.0,0.0,0.0,0.0,0.0,0.0,0.0,0.0,0.0,0.0,0.0,0.0,0.0,0.0,0.0,0.0,0.0,0.0,0.0,0.0,0.0,0.0,0.0,0.0,0.0,0.0,0.0,0.0,0.0,0.0,0.0,0.0,0.0,0.0,0.0,0.0,0.0,0.0,0.0,0.0,0.0,0.0,0.0,0.0",6.0,62090.46875,969775.8515625,8688.4853515625,152351.51611328125,25.89111328125
1791397675.2807536,individual_n8_vmnos8_r1:confirmation,6.5,"12.7,6.1,6.9,5.0,6.0,6.1,9.4,7.7,18.8,13.3,7.6,5.1,8.6,10.9,15.3,13.7,15.8,16.2,13.2,15.3,8.5,10.3,13.3,20.7,4.3,6.8,7.8,11.2,14.4,8.5,6.7,44.2,69.7,45.8,6.8,6.0,8.5,6.8,11.2,11.2,17.1,17.5,6.9,14.0,20.3,12.0,7.6,18.1,12.8,9.6,10.4,18.4,10.7,12.7,11.3,24.8,13.4,14.7,6.8,21.7,10.9,17.6,9.3,14.8,8.3,5.9,6.8,6.7,99.2,99.2,100.0,100.0,100.0,100.0,99.2,100.0,0.0,0.0,0.0,0.0,0.0,0.0,0.0,0.0,0.0,0.0,0.0,0.0,0.0,0.0,0.0,0.0,2.5,0.0,0.0,0.0,0.0,0.0,0.8,1.7,1.7,0.0,0.0,0.0,0.0,0.0,0.0,0.0,0.0,0.0,0.0,0.0,0.0,0.0,0.0,0.0,0.0,0.0,0.0,0.0,0.0,0.0,0.0,0.0,0.0,0.0,0.0,0.0,0.0,0.0,0.0,0.0,0.0,0.0,0.0,0.0,0.0,0.0,0.0,0.0,0.0,0.9,0.0,0.0,0.0,0.0,0.0,0.0,0.0,0.0,0.0,0.0,0.0,0.0,0.0,0.0,0.0,0.0,0.0,0.0,0.0,0.0,0.0,0.0,0.0,0.0,0.0,0.0,0.0,0.0,0.0,0.0,0.0,0.0,0.0,0.0,0.0,0.0,0.0,0.0,0.0,0.0,0.0,0.0,0.0,0.0,0.0,0.0,0.0,0.0,0.0,0.0,0.0,0.0,0.0,0.0,0.0,0.0,0.0,0.0,0.0,0.0,0.0,0.0,0.0,0.0,0.0,0.0,0.0,0.0,0.0,0.0,0.0,0.0,0.0,0.0,0.0,0.0,0.0,0.0,0.0,0.0,0.0,0.0,0.0,0.0,0.0,0.0,0.0,0.0,0.0,0.0,0.0,0.0,0.0,0.0,0.0,0.0,0.0,0.0,0.0,0.0,0.0,0.0,0.0,0.0,0.0,0.0,0.0,0.0,0.0,0.0,0.0,0.0,0.0",6.1,62501.19921875,969365.12109375,8688.4853515625,152352.55126953125,25.89111328125
1791397676.4200835,individual_n8_vmnos8_r1:confirmation,5.2,"6.3,5.7,2.8,0.9,4.8,5.8,7.4,4.6,5.6,0.0,0.9,1.8,1.8,0.0,2.8,6.4,0.0,0.0,4.6,2.8,3.6,15.7,7.2,0.9,2.7,1.8,2.7,1.8,2.7,1.8,32.7,72.6,78.4,87.6,4.5,3.7,4.5,3.6,2.7,3.5,0.9,3.6,14.2,5.6,4.7,3.7,1.8,0.9,2.7,1.9,1.9,4.9,6.8,1.8,0.9,10.1,1.9,4.7,1.8,3.7,4.7,9.3,3.7,12.7,1.8,0.9,0.0,1.8,100.0,100.0,100.0,100.0,100.0,100.0,100.0,99.1,0.0,0.0,0.0,0.0,0.0,0.0,0.0,0.0,0.0,0.0,0.0,0.0,0.0,0.0,0.0,0.0,0.0,0.0,0.0,0.0,0.0,0.0,0.9,2.7,4.5,1.8,0.0,0.0,0.0,0.0,0.0,0.0,0.0,0.0,0.0,0.0,0.0,0.0,0.0,0.0,0.0,0.0,0.0,0.0,0.0,0.0,0.0,0.0,0.0,0.0,0.0,0.0,0.0,0.0,0.0,0.0,0.0,0.0,0.0,0.0,0.0,0.0,0.0,0.0,0.0,0.0,0.0,0.0,0.0,0.0,0.0,0.0,0.0,0.0,0.0,0.0,0.0,0.0,0.0,0.0,0.0,0.0,0.0,0.0,0.0,0.0,0.0,0.0,0.0,0.0,0.0,0.0,0.0,0.0,0.0,0.0,0.0,0.0,0.0,0.0,0.0,0.0,0.0,0.0,0.0,0.0,0.0,0.0,0.0,0.0,0.0,0.0,0.0,0.0,0.0,0.0,0.0,0.0,0.0,0.0,0.0,0.0,0.0,0.0,0.0,0.0,0.0,0.0,0.0,0.0,0.0,0.0,0.0,0.0,0.0,0.0,0.0,0.0,0.0,0.0,0.0,0.0,0.0,0.0,0.0,0.0,0.0,0.0,0.0,0.0,0.0,0.0,0.0,0.0,0.0,0.0,0.0,0.0,0.0,0.0,0.0,0.0,0.0,0.0,0.0,0.0,0.0,0.0,0.0,0.0,0.0,0.0,0.0,0.0,0.0,0.0,0.0,0.0,0.0",6.0,62315.8203125,969550.5,8688.4853515625,152352.55126953125,25.2587890625
1791397677.491082,individual_n8_vmnos8_r1:confirmation,6.7,"14.0,7.0,10.0,4.0,18.0,12.9,14.4,9.3,18.3,9.1,4.0,6.9,5.8,9.0,17.8,13.9,16.8,9.9,5.1,19.0,10.2,7.9,14.0,13.3,4.0,4.9,16.0,9.0,13.0,6.9,18.0,67.0,71.4,45.0,9.8,13.6,6.1,10.6,12.6,8.9,12.9,11.1,10.9,11.8,12.4,10.0,11.0,11.0,12.9,13.7,7.9,14.3,15.0,14.6,8.7,11.0,17.6,17.6,6.1,6.1,12.9,18.4,12.7,14.3,3.9,7.7,14.7,7.7,99.0,100.0,99.0,100.0,99.0,100.0,100.0,100.0,0.0,0.0,0.0,0.0,0.0,2.0,0.0,0.0,1.0,1.0,0.0,0.0,0.0,0.0,0.0,0.0,0.0,0.0,0.0,0.0,0.0,0.0,0.0,1.0,1.0,0.0,0.0,0.0,0.0,0.0,0.0,0.0,0.0,0.0,0.0,0.0,0.0,0.0,0.0,0.0,0.0,0.0,0.0,0.0,0.0,0.0,0.0,0.0,0.0,0.0,0.0,0.0,0.0,0.0,0.0,0.0,0.0,0.0,0.0,0.0,0.0,0.0,0.0,0.0,0.0,2.0,0.0,0.0,0.0,0.0,0.0,0.0,0.0,0.0,0.0,0.0,0.0,0.0,0.0,0.0,0.0,0.0,0.0,0.0,0.0,0.0,0.0,0.0,0.0,0.0,0.0,0.0,0.0,0.0,0.0,0.0,0.0,0.0,0.0,0.0,0.0,0.0,0.0,0.0,0.0,0.0,0.0,0.0,0.0,0.0,0.0,0.0,1.0,0.0,0.0,0.0,0.0,0.0,0.0,0.0,0.0,0.0,0.0,0.0,0.0,0.0,0.0,0.0,0.0,0.0,0.0,0.0,0.0,0.0,0.0,0.0,0.0,0.0,0.0,0.0,0.0,0.0,0.0,0.0,0.0,0.0,0.0,0.0,0.0,0.0,0.0,0.0,0.0,0.0,0.0,0.0,0.0,0.0,0.0,0.0,0.0,0.0,0.0,0.0,0.0,0.0,0.0,0.0,0.0,0.0,0.0,0.0,0.0,0.0,0.0,0.0,0.0,0.0,0.0",6.1,62534.16015625,969332.16015625,8688.4853515625,152352.55517578125,25.2587890625
1791397678.6421134,individual_n8_vmnos8_r1:confirmation,4.5,"8.1,1.8,0.0,0.0,4.5,6.3,9.0,7.0,2.6,1.7,0.9,0.9,0.9,0.9,0.0,2.6,0.0,0.9,6.1,4.5,0.9,0.9,0.9,3.6,4.4,1.8,3.6,4.5,3.7,2.7,27.0,1.7,61.7,46.1,2.7,1.7,2.6,1.8,3.5,2.6,7.9,10.6,0.9,1.7,7.8,2.7,1.8,6.2,4.4,2.8,4.5,5.6,5.7,5.4,5.3,3.6,5.4,2.7,3.7,0.9,7.0,6.4,5.3,2.7,3.4,0.9,0.9,0.9,100.0,100.0,100.0,99.2,100.0,100.0,100.0,100.0,0.0,0.0,0.0,0.0,0.0,0.0,0.0,0.0,0.9,0.0,0.0,0.0,0.0,0.0,0.0,0.0,0.0,0.0,0.0,0.0,0.0,0.0,0.0,0.9,0.9,1.7,0.0,0.0,0.0,0.0,0.0,0.0,0.0,0.0,0.0,0.0,0.0,0.0,0.0,0.0,0.0,0.0,0.0,0.0,0.0,0.0,0.0,0.0,0.0,0.0,0.0,0.0,0.0,0.0,0.0,0.0,0.0,0.0,0.0,0.0,0.0,0.0,0.0,0.0,0.0,0.9,0.0,0.0,0.0,0.0,0.0,0.0,0.0,0.0,0.0,0.0,0.0,0.0,0.0,0.0,0.0,0.0,0.0,0.0,0.0,0.0,0.0,0.0,0.0,0.0,0.0,0.0,0.0,0.0,0.0,0.0,0.0,0.0,0.0,0.0,0.0,0.0,0.0,0.0,0.0,0.0,0.0,0.0,0.0,0.0,0.0,0.0,0.0,0.0,0.0,0.0,0.0,0.0,0.0,0.0,0.0,0.0,0.0,0.0,0.0,0.0,0.0,0.0,0.0,0.0,0.0,0.0,0.0,0.0,0.0,0.0,0.0,0.0,0.0,0.0,0.0,0.0,0.0,0.0,0.0,0.0,0.0,0.0,0.0,0.0,0.0,0.0,0.0,0.0,0.0,0.0,0.0,0.0,0.0,0.0,0.0,0.0,0.0,0.0,0.0,0.0,0.0,0.0,0.0,0.0,0.0,0.0,0.0,0.0,0.0,0.0,0.0,0.0,0.0",6.0,62393.83203125,969472.48828125,8688.4853515625,152353.00048828125,25.2587890625
1791397679.7191966,individual_n8_vmnos8_r1:confirmation,7.0,"23.4,9.9,10.0,18.8,7.0,11.2,7.9,19.8,11.0,11.9,10.8,6.9,12.7,9.7,11.1,7.9,16.7,8.5,20.2,10.6,17.3,22.3,19.6,20.8,6.8,10.7,6.9,9.8,11.0,9.8,89.4,5.8,39.8,60.8,14.4,7.8,12.9,7.9,12.0,12.9,15.5,13.7,3.9,9.8,15.7,16.0,13.9,15.2,7.9,10.0,19.6,16.5,11.2,16.3,14.0,20.8,8.0,16.0,17.2,14.3,17.6,10.7,11.9,17.6,9.5,5.8,3.9,7.6,99.0,99.1,100.0,100.0,100.0,99.1,99.1,100.0,0.0,0.0,0.0,0.0,0.0,0.0,0.0,0.0,1.0,0.0,0.0,0.0,0.0,0.0,0.0,0.0,0.0,0.0,0.0,0.0,0.0,0.0,0.0,0.0,5.7,4.8,0.0,0.0,0.0,0.0,0.0,0.0,0.0,0.0,0.0,0.0,0.0,0.0,0.0,0.0,0.0,0.0,0.0,0.0,0.0,0.0,0.0,0.0,0.0,0.0,0.0,0.0,0.0,0.0,0.0,0.0,0.0,0.0,0.0,0.0,0.0,0.0,0.0,0.0,0.0,2.9,0.0,0.0,1.0,0.0,0.0,0.0,0.0,0.0,0.0,0.0,0.0,0.0,0.0,0.0,0.0,0.0,0.0,0.0,0.0,0.0,0.0,0.0,0.0,0.0,0.0,0.0,0.0,0.0,0.0,0.0,0.0,0.0,0.0,0.0,0.0,0.0,0.0,0.0,0.0,0.0,0.0,0.0,0.0,0.0,0.0,0.0,0.0,0.0,0.0,0.0,0.0,0.0,0.0,0.0,0.0,0.0,0.0,0.0,0.0,0.0,0.0,0.0,0.0,0.0,0.0,0.0,0.0,0.0,0.0,0.0,0.0,0.0,0.0,0.0,0.0,0.0,0.0,0.0,0.0,0.0,0.0,0.0,0.0,0.0,0.0,0.0,0.0,0.0,0.0,0.0,0.0,0.0,0.0,0.0,0.0,0.0,0.0,0.0,0.0,0.0,0.0,0.0,0.0,0.0,0.0,0.0,0.0,0.0,0.0,0.0,0.0,0.0,0.0",6.1,62568.953125,969297.3671875,8688.4853515625,152354.86376953125,25.2587890625
1791397680.7348566,individual_n8_vmnos8_r1:confirmation,5.0,"5.7,4.2,3.1,6.0,2.0,7.2,0.0,4.0,5.1,3.0,3.0,1.0,2.0,1.0,4.1,15.3,0.0,1.0,15.7,2.0,2.0,0.0,2.0,6.0,1.0,0.0,1.0,2.9,3.0,2.0,68.0,39.0,77.8,36.6,1.0,3.0,1.0,6.1,3.0,2.0,3.1,4.0,0.0,3.1,8.2,3.0,6.9,16.2,1.0,3.2,0.0,8.3,5.4,5.2,6.1,9.1,6.0,1.0,5.2,5.1,3.0,5.2,5.1,6.0,2.9,2.0,3.0,1.0,99.0,100.0,100.0,100.0,100.0,100.0,100.0,99.0,0.0,0.0,0.0,0.0,0.0,2.1,1.0,0.0,0.0,0.0,0.0,0.0,0.0,0.0,0.0,0.0,0.0,0.0,0.0,0.0,0.0,0.0,0.0,0.0,2.0,1.0,0.0,0.0,0.0,0.0,0.0,0.0,0.0,0.0,0.0,0.0,0.0,0.0,0.0,0.0,0.0,0.0,0.0,0.0,0.0,0.0,0.0,0.0,0.0,0.0,0.0,0.0,0.0,0.0,0.0,0.0,0.0,0.0,0.0,0.0,0.0,0.0,0.0,0.0,0.0,0.0,0.0,0.0,0.0,0.0,0.0,0.0,1.0,0.0,0.0,0.0,0.0,0.0,0.0,0.0,0.0,0.0,0.0,0.0,0.0,0.0,0.0,0.0,0.0,0.0,0.0,0.0,0.0,0.0,0.0,0.0,0.0,0.0,0.0,0.0,0.0,0.0,0.0,0.0,0.0,0.0,0.0,0.0,0.0,0.0,0.0,0.0,0.0,0.0,0.0,0.0,0.0,0.0,0.0,0.0,0.0,0.0,0.0,0.0,0.0,0.0,0.0,0.0,0.0,0.0,0.0,0.0,0.0,0.0,0.0,0.0,0.0,0.0,0.0,0.0,0.0,0.0,0.0,0.0,0.0,0.0,0.0,0.0,0.0,0.0,0.0,0.0,0.0,0.0,0.0,0.0,0.0,0.0,0.0,0.0,0.0,0.0,0.0,0.0,0.0,0.0,0.0,0.0,0.0,0.0,0.0,0.0,0.0,0.0,0.0,0.0,0.0,0.0,0.0",6.1,62914.62890625,968951.69140625,8688.4853515625,152354.86376953125,25.2587890625
1791397681.790081,individual_n8_vmnos8_r1:confirmation,7.9,"19.2,20.6,5.8,44.8,6.7,44.2,8.6,25.5,7.7,18.8,14.7,5.0,10.4,6.9,8.8,10.5,7.5,42.7,20.0,10.3,15.5,19.6,4.9,6.8,3.9,3.8,6.5,5.7,28.6,15.4,37.5,35.2,67.9,41.1,28.6,9.5,11.4,15.2,33.0,9.4,8.8,19.6,12.7,19.2,5.9,45.5,10.6,28.6,7.8,16.7,38.3,10.8,39.2,12.7,10.5,19.2,34.9,8.7,43.7,30.2,7.5,11.4,9.5,10.5,8.5,6.5,3.8,5.7,99.1,100.0,99.1,99.1,100.0,100.0,100.0,100.0,0.0,0.0,0.0,0.0,0.0,1.0,0.0,0.0,0.0,0.0,0.0,0.0,0.0,0.0,0.0,0.0,0.0,0.0,2.8,0.0,0.0,0.0,0.0,0.0,3.7,4.7,0.0,0.0,0.0,0.0,0.0,0.0,0.0,0.0,0.0,0.0,0.0,0.0,0.0,0.0,0.0,0.0,0.0,0.0,0.0,0.0,0.0,0.0,0.0,0.0,0.0,0.0,0.0,0.0,0.0,0.0,0.0,0.0,0.0,0.0,0.0,0.0,0.0,0.0,0.0,0.0,0.0,0.0,0.0,0.0,0.0,0.0,0.0,0.0,0.0,0.0,0.0,0.0,0.0,0.0,0.0,0.0,0.0,0.0,0.0,0.0,0.0,0.0,0.0,0.0,0.0,0.0,0.0,0.0,0.0,0.0,0.0,0.0,0.0,0.0,1.0,0.0,0.0,0.0,0.0,0.0,0.0,0.0,0.0,0.0,0.0,0.0,0.0,0.0,0.0,0.0,0.0,0.0,0.0,0.0,0.0,0.0,0.0,0.0,0.0,0.0,0.0,0.0,0.0,0.0,0.0,0.0,0.0,0.0,0.0,0.0,0.0,0.0,0.0,0.0,0.0,0.0,0.0,0.0,0.0,0.0,0.0,0.0,0.0,0.0,0.0,0.0,0.0,0.0,0.0,0.0,0.0,0.0,0.0,0.0,0.0,0.0,0.0,0.0,0.0,0.0,0.0,0.0,0.0,0.0,0.0,0.0,0.0,0.0,0.0,0.0,0.0,0.0,0.0",6.1,62550.9296875,969315.390625,8688.4853515625,152354.86376953125,24.75732421875
1791397682.9753456,individual_n8_vmnos8_r1:confirmation,5.4,"2.0,2.7,4.4,5.2,14.9,5.1,13.7,6.8,4.5,11.3,8.7,10.7,5.3,7.9,8.9,7.1,1.8,2.6,1.7,1.7,1.7,2.6,7.1,3.5,3.4,2.6,1.7,2.5,5.1,5.1,51.3,4.2,85.6,89.7,0.8,1.7,2.6,4.3,5.9,2.6,8.0,12.1,4.4,3.6,4.4,4.3,0.9,1.7,7.8,4.7,1.7,2.7,2.7,4.3,3.5,7.8,2.6,0.0,1.8,2.6,2.7,9.5,0.0,8.7,2.5,1.7,0.9,0.8,99.2,99.2,100.0,100.0,100.0,100.0,100.0,100.0,0.0,0.0,0.0,0.0,0.0,0.0,0.0,0.0,1.7,0.0,0.0,0.0,0.0,0.0,0.0,0.0,0.0,0.0,0.0,0.0,0.0,0.0,33.1,5.0,3.4,1.7,0.0,0.0,0.0,0.0,0.0,0.0,0.0,0.0,0.0,0.0,0.0,0.0,0.0,0.0,0.0,0.0,0.0,0.0,0.0,0.0,0.0,0.0,0.0,0.0,0.0,0.0,0.0,0.0,0.0,0.0,0.0,0.0,0.0,0.0,0.0,0.0,0.0,0.0,0.0,0.0,0.0,0.0,0.0,0.0,0.0,0.0,0.0,0.0,0.0,0.0,0.0,0.0,0.0,0.0,0.0,0.0,0.0,0.0,0.0,0.0,0.0,0.0,0.0,0.0,0.0,0.0,0.0,0.0,0.0,0.0,0.0,0.0,0.0,0.0,0.0,0.0,0.0,0.0,0.0,0.0,0.0,0.0,0.0,0.0,0.0,0.0,0.0,0.0,0.0,0.0,0.0,0.0,0.0,0.0,0.0,0.0,0.0,0.0,0.0,0.0,0.0,0.0,0.0,0.0,0.0,0.0,0.0,0.0,0.0,0.0,0.0,0.0,0.0,0.0,0.0,0.0,0.0,0.0,0.0,0.0,0.0,0.0,0.0,0.0,0.0,0.0,0.0,0.0,0.0,0.0,0.0,0.0,0.0,0.0,0.0,0.0,0.0,0.0,0.0,0.0,0.0,0.0,0.0,0.0,0.0,0.0,0.0,0.0,0.0,0.0,0.0,0.0,0.0",6.1,62737.2734375,969129.046875,8688.4853515625,152355.15673828125,24.75732421875
1791397684.020471,individual_n8_vmnos8_r1:confirmation,8.1,"18.4,37.9,13.1,22.4,13.2,41.9,12.5,5.7,20.0,5.7,10.4,22.0,11.3,8.7,13.6,17.1,7.5,14.6,17.4,13.1,6.5,42.1,8.4,16.8,13.8,25.2,9.3,3.8,9.3,11.9,46.3,47.7,2.8,65.1,10.9,14.0,31.5,7.8,16.8,8.6,14.2,13.0,17.3,6.7,15.2,9.5,9.4,20.2,9.4,17.3,31.1,21.0,9.7,16.3,24.1,24.5,7.4,14.5,22.2,23.8,5.6,38.0,19.6,10.2,20.4,27.8,44.5,13.1,100.0,100.0,99.1,100.0,100.0,100.0,100.0,100.0,0.0,0.0,0.0,0.0,0.0,0.0,0.0,0.0,0.9,0.9,0.0,0.0,0.0,0.0,0.0,0.0,0.0,0.0,0.0,0.0,0.0,0.0,11.8,0.0,0.0,0.9,0.0,0.0,0.0,0.0,0.0,0.0,0.0,0.0,0.0,0.0,0.0,0.0,0.0,0.0,0.0,0.0,0.0,0.0,0.0,0.0,0.0,0.0,0.0,0.0,0.0,0.0,0.0,0.0,0.0,0.0,0.0,0.0,0.0,0.9,0.0,0.0,0.0,0.0,0.0,0.0,0.0,0.0,0.0,0.0,0.0,0.0,0.0,0.0,0.0,0.0,0.0,0.0,0.0,0.0,0.0,0.0,0.0,0.0,0.0,0.0,0.0,0.0,0.0,0.0,0.0,0.0,0.0,0.0,0.0,0.0,0.0,0.0,0.0,0.0,0.0,0.0,0.0,0.0,0.0,0.0,0.0,0.0,0.0,0.0,0.0,0.0,0.0,0.0,0.0,0.0,0.0,0.0,0.0,0.0,0.0,0.0,0.0,0.0,0.0,0.0,0.0,0.0,0.0,0.0,0.0,0.0,0.0,0.0,0.0,0.0,0.0,0.0,0.0,0.0,0.0,0.0,0.0,0.0,0.0,0.0,0.0,0.0,0.0,0.0,0.0,0.0,0.0,0.0,0.0,0.0,0.0,0.0,0.0,0.0,0.0,0.0,0.0,0.0,0.0,0.0,0.0,0.0,0.0,0.0,0.0,0.0,0.0,0.0,0.0,0.0,0.0,0.0,0.0",6.1,63045.70703125,968820.61328125,8688.4853515625,152355.16064453125,24.75732421875
1791397685.1948924,individual_n8_vmnos8_r1:confirmation,6.0,"9.1,7.8,14.8,13.1,15.1,10.4,9.5,10.4,3.6,3.6,2.9,6.4,16.7,5.6,13.3,2.9,14.2,2.8,3.7,6.4,9.3,8.3,12.4,8.5,5.5,4.5,9.8,1.9,0.9,1.9,52.7,37.6,82.9,57.3,3.7,3.7,6.4,5.6,3.7,3.7,5.6,7.5,9.6,21.0,15.0,12.1,10.3,6.8,8.3,12.1,4.6,14.3,21.2,12.5,3.7,14.8,11.0,9.0,8.1,8.3,4.5,10.0,2.7,3.7,5.4,4.5,0.9,1.8,99.1,100.0,100.0,100.0,100.0,100.0,100.0,100.0,0.0,0.0,0.0,0.0,0.0,0.0,0.0,0.0,1.8,0.0,0.0,0.0,0.0,0.0,0.0,0.0,0.0,0.0,0.0,0.0,0.0,0.0,1.8,4.5,3.6,2.8,0.0,0.0,0.0,0.0,0.0,0.0,0.0,0.0,0.0,0.0,0.0,0.0,0.0,0.0,0.0,0.0,0.0,0.0,0.0,0.0,0.0,0.0,0.0,0.0,0.0,0.0,0.0,0.0,0.0,0.0,0.0,0.0,0.0,0.0,0.0,0.0,0.0,0.0,0.0,1.0,0.9,0.0,0.0,0.0,0.0,0.0,0.0,0.0,0.0,0.0,0.0,0.0,0.0,0.0,0.0,0.0,0.0,0.0,0.0,0.0,0.0,0.0,0.0,0.0,0.0,0.0,0.0,0.0,0.0,0.0,0.0,0.0,0.0,0.0,0.0,0.0,0.0,0.0,0.0,0.9,0.0,0.0,0.0,0.0,0.0,0.0,0.0,0.0,0.0,0.0,0.0,0.0,0.0,0.0,0.0,0.0,0.0,0.0,0.0,0.0,0.0,0.0,0.0,0.0,0.0,0.0,0.0,0.0,0.0,0.0,0.0,0.0,0.0,0.0,0.0,0.0,0.0,0.0,0.0,0.0,0.0,0.0,0.0,0.0,0.0,0.0,0.0,0.0,0.0,0.0,0.0,0.0,0.0,0.0,0.0,0.0,0.0,0.0,0.0,0.0,0.0,0.0,0.0,0.0,0.0,0.0,0.0,0.0,0.0,0.0,0.0,0.0,0.0",6.2,63740.76171875,968125.55859375,8688.4853515625,152357.16455078125,24.75732421875
1791397686.199364,individual_n8_vmnos8_r1:confirmation,6.5,"15.5,9.5,7.3,11.0,10.5,10.3,18.6,24.2,7.1,3.0,2.0,6.1,8.1,19.4,8.1,12.2,15.3,7.2,5.3,8.7,4.1,20.2,4.0,10.3,17.2,5.2,8.1,4.0,3.0,4.0,64.6,22.8,100.0,71.0,4.1,7.0,3.1,4.1,5.1,20.8,19.4,7.1,6.2,8.4,11.2,9.5,4.1,5.2,4.1,24.2,8.2,13.0,17.9,9.3,6.1,14.0,3.1,12.4,4.0,5.0,3.1,32.3,1.0,3.1,3.1,6.0,6.1,17.0,100.0,100.0,100.0,100.0,100.0,100.0,100.0,100.0,0.0,0.0,0.0,0.0,0.0,0.0,0.0,0.0,0.0,0.0,0.0,0.0,0.0,0.0,0.0,0.0,0.0,0.0,0.0,0.0,0.0,0.0,2.0,1.0,3.0,2.0,0.0,0.0,0.0,0.0,0.0,0.0,0.0,0.0,0.0,0.0,0.0,0.0,0.0,0.0,0.0,0.0,0.0,0.0,0.0,0.0,0.0,0.0,0.0,0.0,0.0,0.0,0.0,0.0,0.0,0.0,0.0,0.0,0.0,0.0,0.0,0.0,0.0,0.0,0.0,0.0,0.0,0.0,0.0,0.0,0.0,0.0,0.0,0.0,0.0,0.0,0.0,0.0,0.0,0.0,0.0,0.0,0.0,0.0,0.0,0.0,0.0,0.0,0.0,0.0,0.0,0.0,0.0,0.0,0.0,0.0,0.0,0.0,0.0,0.0,0.0,0.0,0.0,0.0,0.0,0.0,0.0,0.0,0.0,0.0,0.0,0.0,0.0,0.0,0.0,0.0,0.0,0.0,0.0,0.0,0.0,0.0,0.0,0.0,0.0,0.0,0.0,0.0,0.0,0.0,0.0,0.0,0.0,0.0,0.0,0.0,0.0,0.0,0.0,0.0,0.0,0.0,0.0,0.0,0.0,0.0,0.0,0.0,0.0,0.0,0.0,0.0,0.0,0.0,0.0,0.0,0.0,0.0,0.0,0.0,0.0,0.0,0.0,0.0,0.0,0.0,0.0,0.0,0.0,0.0,0.0,0.0,0.0,0.0,0.0,0.0,0.0,0.0,0.0",6.2,63580.26171875,968286.05859375,8688.4853515625,152357.16455078125,24.2958984375
1791397687.2183936,individual_n8_vmnos8_r1:confirmation,6.5,"21.3,11.5,7.1,6.2,18.6,4.3,6.2,12.2,9.2,10.0,10.1,12.2,5.1,11.0,8.0,10.1,8.2,22.7,25.0,23.5,3.1,2.0,6.1,13.3,0.0,5.9,3.9,3.0,3.0,4.0,51.0,83.2,64.4,60.0,7.1,6.1,5.1,5.0,1.0,4.1,21.4,11.1,11.1,6.0,18.4,7.8,10.1,9.3,6.1,7.3,16.3,41.7,7.3,8.2,4.2,13.4,5.0,5.0,7.0,3.0,10.1,8.0,10.3,10.1,6.9,2.0,2.0,6.9,99.0,100.0,100.0,99.0,99.0,100.0,99.0,100.0,0.0,0.0,0.0,0.0,0.0,1.0,0.0,0.0,0.0,0.0,0.0,0.0,0.0,0.0,0.0,0.0,0.0,0.0,0.0,0.0,0.0,0.0,0.0,5.9,5.0,4.0,0.0,0.0,0.0,0.0,0.0,0.0,0.0,0.0,0.0,0.0,0.0,0.0,0.0,0.0,0.0,0.0,0.0,0.0,0.0,0.0,0.0,0.0,0.0,0.0,0.0,0.0,0.0,0.0,0.0,0.0,0.0,0.0,0.0,0.0,0.0,0.0,0.0,0.0,0.0,0.0,1.0,0.0,0.0,0.0,0.0,0.0,0.0,0.0,0.0,0.0,0.0,0.0,0.0,0.0,0.0,0.0,0.0,0.0,0.0,0.0,0.0,0.0,0.0,0.0,0.0,0.0,0.0,0.0,0.0,0.0,0.0,0.0,0.0,0.0,0.0,0.0,0.0,0.0,0.0,0.0,0.0,0.0,0.0,0.0,0.0,0.0,0.0,0.0,0.0,0.0,0.0,0.0,0.0,0.0,0.0,0.0,0.0,0.0,0.0,0.0,0.0,0.0,0.0,0.0,0.0,0.0,0.0,0.0,0.0,0.0,0.0,0.0,0.0,0.0,0.0,0.0,0.0,0.0,0.0,0.0,0.0,0.0,0.0,0.0,0.0,0.0,0.0,0.0,0.0,0.0,0.0,0.0,0.0,0.0,0.0,0.0,0.0,0.0,0.0,0.0,0.0,0.0,0.0,0.0,0.0,0.0,0.0,0.0,0.0,0.0,0.0,0.0,0.0",6.1,63149.69140625,968716.62890625,8688.4853515625,152357.16455078125,24.2958984375
1791397688.304919,individual_n8_vmnos8_r1:confirmation,6.0,"11.7,8.7,8.4,3.9,17.6,7.6,5.8,2.9,1.9,3.7,5.6,2.8,6.4,17.1,1.9,15.2,5.7,19.2,18.3,16.3,0.9,1.9,2.8,5.9,11.1,0.9,0.0,1.8,0.0,13.9,100.0,38.3,88.0,63.9,35.5,6.6,2.9,12.3,5.6,2.8,10.3,6.4,0.9,3.8,8.4,8.3,5.6,15.0,4.8,4.9,9.6,14.0,10.1,4.6,3.9,9.8,4.8,5.7,3.7,3.8,1.9,4.7,2.8,11.3,3.7,2.8,0.9,0.9,100.0,99.1,98.1,100.0,100.0,100.0,100.0,100.0,0.0,0.0,0.0,0.0,0.0,0.0,0.0,0.0,0.9,3.7,0.0,0.0,0.0,0.0,0.0,0.0,0.0,0.0,0.0,0.0,0.0,0.0,0.0,0.9,0.0,0.0,0.0,0.0,0.0,0.0,0.0,0.0,0.0,0.0,0.0,0.0,0.0,0.0,0.0,0.0,0.0,0.0,0.0,0.0,0.0,0.0,0.0,0.0,0.0,0.0,0.0,0.0,0.0,0.0,0.0,0.0,0.0,0.0,0.0,0.0,0.0,0.0,0.0,0.0,0.0,2.8,0.0,0.0,0.0,0.0,0.0,0.0,0.0,0.0,0.0,0.0,0.0,0.0,0.0,0.0,0.0,0.0,0.0,0.0,0.0,0.0,0.0,0.0,0.0,0.0,0.0,0.0,0.0,0.0,0.0,0.0,0.0,0.0,0.0,0.0,0.0,0.9,0.0,0.0,0.0,0.0,0.0,0.0,0.0,0.0,0.0,0.0,0.0,0.0,0.0,0.0,0.0,0.0,0.0,0.0,0.0,0.0,0.0,0.0,0.0,0.0,0.0,0.0,0.0,0.0,0.0,0.0,0.0,0.0,0.0,0.0,0.0,0.0,0.0,0.0,0.0,0.0,0.0,0.0,0.0,0.0,0.0,0.0,0.0,0.0,0.0,0.0,0.0,0.0,0.0,0.0,0.0,0.0,0.0,0.0,0.0,0.0,0.0,0.0,0.0,0.0,0.0,0.0,0.0,0.0,0.0,0.0,0.0,0.0,0.0,0.0,0.0,0.0,0.0",6.1,63404.125,968462.1953125,8688.4853515625,152357.71142578125,24.2958984375
1791397689.3099897,individual_n8_vmnos8_r1:confirmation,7.4,"13.5,30.9,3.2,9.4,13.0,12.6,11.3,16.8,16.2,8.1,24.2,8.0,18.2,6.1,16.0,10.0,18.2,15.2,12.1,15.3,22.7,5.2,13.1,7.3,6.0,18.2,13.1,2.0,4.1,2.0,89.0,43.0,95.0,59.6,14.4,17.8,11.2,11.3,2.1,6.3,5.0,13.0,17.2,10.4,28.6,14.1,12.9,5.1,9.3,11.6,14.1,19.8,12.6,2.1,8.2,14.1,13.3,19.8,21.6,13.7,7.1,19.4,10.2,6.3,7.1,15.3,6.1,5.9,100.0,100.0,99.0,100.0,100.0,99.0,100.0,99.0,0.0,0.0,0.0,0.0,0.0,1.0,0.0,0.0,1.0,0.0,0.0,0.0,0.0,0.0,0.0,0.0,0.0,0.0,0.0,0.0,0.0,0.0,3.0,3.0,3.0,2.0,0.0,0.0,0.0,0.0,0.0,0.0,0.0,0.0,0.0,0.0,0.0,0.0,0.0,0.0,0.0,0.0,0.0,0.0,0.0,0.0,0.0,0.0,0.0,0.0,0.0,0.0,0.0,0.0,0.0,0.0,0.0,0.0,0.0,0.0,0.0,0.0,0.0,0.0,0.0,1.0,0.0,0.0,0.0,0.0,0.0,0.0,0.0,0.0,0.0,0.0,0.0,0.0,0.0,0.0,0.0,0.0,0.0,0.0,0.0,0.0,0.0,0.0,0.0,0.0,0.0,0.0,0.0,0.0,0.0,0.0,0.0,0.0,0.0,0.0,0.0,0.0,0.0,0.0,0.0,0.0,0.0,0.0,0.0,0.0,0.0,0.0,0.0,0.0,0.0,0.0,0.0,0.0,0.0,0.0,0.0,0.0,0.0,0.0,0.0,0.0,0.0,0.0,0.0,0.0,0.0,0.0,0.0,0.0,0.0,0.0,0.0,0.0,0.0,0.0,0.0,0.0,0.0,0.0,0.0,0.0,0.0,0.0,0.0,0.0,0.0,0.0,0.0,0.0,0.0,0.0,0.0,0.0,0.0,0.0,0.0,0.0,0.0,0.0,0.0,0.0,0.0,0.0,0.0,0.0,0.0,0.0,0.0,0.0,0.0,0.0,0.0,0.0,0.0",6.1,63238.984375,968627.3359375,8688.4853515625,152357.71142578125,24.2958984375
1791397690.3164637,individual_n8_vmnos8_r1:confirmation,5.4,"6.9,4.2,3.1,3.1,3.1,2.0,7.2,8.1,3.0,0.0,17.0,3.0,3.1,2.0,0.0,2.0,18.6,1.0,4.0,2.0,16.0,1.0,0.0,0.0,1.0,7.0,16.2,0.0,2.0,0.0,56.1,99.0,91.1,50.0,3.0,2.0,1.0,2.1,3.0,2.1,0.0,0.0,22.2,0.0,3.0,2.0,0.0,1.0,2.0,3.1,2.0,17.9,4.3,1.0,0.0,0.0,2.1,3.1,11.3,2.1,6.3,12.2,1.0,3.1,1.0,11.9,1.0,0.0,100.0,100.0,100.0,99.0,100.0,100.0,100.0,100.0,0.0,0.0,0.0,0.0,0.0,1.0,0.0,0.0,1.1,0.0,0.0,0.0,0.0,0.0,0.0,0.0,0.0,0.0,0.0,0.0,0.0,0.0,0.0,1.0,2.0,1.0,0.0,0.0,0.0,0.0,0.0,0.0,0.0,0.0,0.0,0.0,0.0,0.0,0.0,0.0,0.0,0.0,0.0,0.0,0.0,0.0,0.0,0.0,0.0,0.0,0.0,0.0,0.0,0.0,0.0,0.0,0.0,0.0,1.0,0.0,0.0,0.0,0.0,0.0,0.0,1.0,1.0,0.0,0.0,0.0,0.0,0.0,0.0,0.0,0.0,0.0,0.0,0.0,0.0,0.0,0.0,0.0,0.0,0.0,0.0,0.0,0.0,0.0,0.0,0.0,0.0,0.0,0.0,0.0,0.0,0.0,0.0,0.0,0.0,0.0,0.0,0.0,0.0,0.0,1.0,0.0,0.0,0.0,0.0,0.0,0.0,0.0,0.0,0.0,0.0,0.0,0.0,0.0,0.0,0.0,0.0,0.0,0.0,0.0,0.0,0.0,0.0,0.0,0.0,0.0,0.0,0.0,0.0,0.0,0.0,0.0,0.0,0.0,0.0,0.0,0.0,0.0,0.0,0.0,0.0,0.0,0.0,0.0,0.0,0.0,0.0,0.0,0.0,0.0,0.0,0.0,0.0,0.0,0.0,0.0,0.0,0.0,0.0,0.0,0.0,0.0,0.0,0.0,0.0,0.0,0.0,0.0,0.0,0.0,0.0,0.0,0.0,0.0,0.0",6.1,63160.2109375,968706.109375,8688.4853515625,152359.69189453125,24.2958984375
1791397691.3222938,individual_n8_vmnos8_r1:confirmation,6.9,"19.3,6.4,11.1,10.0,15.0,7.3,11.2,5.1,7.0,15.8,9.0,13.0,5.0,7.1,19.4,8.2,27.0,4.0,10.2,8.2,6.1,9.2,13.4,13.7,6.2,5.1,3.0,8.2,6.1,11.1,56.0,100.0,84.2,48.0,25.5,9.1,22.0,9.1,6.1,10.9,4.0,2.0,4.0,28.0,11.5,4.1,9.0,11.9,11.5,8.2,10.0,12.6,17.5,5.1,5.2,5.1,12.0,19.4,6.1,16.8,11.1,10.3,15.1,12.4,4.1,8.0,7.1,7.2,99.0,99.0,99.0,100.0,100.0,100.0,100.0,100.0,0.0,0.0,0.0,0.0,0.0,0.0,0.0,1.0,1.1,0.0,0.0,0.0,0.0,0.0,0.0,0.0,0.0,0.0,0.0,0.0,0.0,0.0,4.0,3.0,3.0,4.0,0.0,0.0,0.0,0.0,0.0,0.0,0.0,0.0,0.0,0.0,0.0,0.0,0.0,0.0,0.0,0.0,0.0,0.0,0.0,0.0,0.0,0.0,0.0,0.0,0.0,0.0,0.0,0.0,0.0,0.0,0.0,0.0,0.0,0.0,0.0,0.0,0.0,0.0,0.0,1.0,0.0,0.0,0.0,0.0,0.0,0.0,0.0,0.0,0.0,0.0,0.0,0.0,0.0,0.0,0.0,0.0,0.0,0.0,0.0,0.0,0.0,0.0,0.0,0.0,0.0,0.0,0.0,0.0,0.0,0.0,0.0,0.0,0.0,0.0,0.0,0.0,0.0,0.0,0.0,0.0,0.0,0.0,0.0,0.0,0.0,0.0,0.0,0.0,0.0,0.0,0.0,0.0,0.0,0.0,0.0,0.0,0.0,0.0,0.0,0.0,0.0,0.0,0.0,0.0,0.0,0.0,0.0,0.0,0.0,0.0,0.0,0.0,0.0,0.0,0.0,0.0,0.0,0.0,0.0,0.0,0.0,0.0,0.0,0.0,0.0,0.0,0.0,0.0,0.0,0.0,0.0,0.0,0.0,0.0,0.0,0.0,0.0,0.0,0.0,0.0,0.0,0.0,0.0,0.0,0.0,0.0,0.0,0.0,0.0,0.0,0.0,0.0,0.0",6.1,63339.74609375,968526.57421875,8688.4853515625,152359.69189453125,23.47119140625
1791397692.3274093,individual_n8_vmnos8_r1:confirmation,4.9,"2.4,3.0,4.0,1.0,2.1,8.2,9.4,4.0,4.0,0.0,0.0,5.2,4.2,3.1,2.1,3.1,10.5,0.0,2.0,2.1,1.0,0.0,0.0,0.0,1.0,0.0,1.0,1.0,0.0,2.0,22.7,87.0,97.0,53.5,1.0,1.0,3.0,3.1,4.1,4.2,0.0,0.0,0.0,9.1,4.0,3.0,0.0,0.0,1.0,3.2,4.0,3.3,3.2,1.0,2.0,3.1,1.0,4.1,5.3,3.1,4.2,6.2,2.0,4.2,0.0,0.0,2.0,1.0,100.0,100.0,100.0,99.0,99.0,100.0,100.0,99.0,0.0,0.0,0.0,0.0,0.0,2.0,0.0,0.0,1.0,0.0,0.0,0.0,0.0,0.0,0.0,0.0,0.0,0.0,0.0,0.0,0.0,0.0,4.0,5.0,4.0,4.0,0.0,0.0,0.0,0.0,0.0,0.0,0.0,0.0,0.0,0.0,0.0,0.0,0.0,0.0,0.0,0.0,0.0,0.0,0.0,0.0,0.0,0.0,0.0,0.0,0.0,0.0,0.0,0.0,0.0,0.0,0.0,0.0,0.0,0.0,0.0,0.0,0.0,0.0,0.0,2.1,0.0,0.0,0.0,0.0,0.0,0.0,0.0,0.0,0.0,0.0,0.0,0.0,0.0,0.0,0.0,0.0,0.0,0.0,0.0,0.0,0.0,0.0,0.0,0.0,0.0,0.0,0.0,0.0,0.0,0.0,0.0,0.0,0.0,0.0,0.0,0.0,0.0,0.0,0.0,0.0,0.0,0.0,0.0,0.0,0.0,0.0,0.0,0.0,0.0,0.0,0.0,0.0,0.0,0.0,0.0,0.0,0.0,0.0,0.0,0.0,0.0,0.0,0.0,0.0,0.0,0.0,0.0,0.0,0.0,0.0,0.0,0.0,0.0,0.0,0.0,0.0,0.0,0.0,0.0,0.0,0.0,0.0,0.0,0.0,0.0,0.0,0.0,0.0,0.0,0.0,0.0,0.0,0.0,0.0,0.0,0.0,0.0,0.0,0.0,0.0,0.0,0.0,0.0,0.0,0.0,0.0,0.0,0.0,0.0,0.0,0.0,0.0,0.0",6.1,63098.74609375,968767.57421875,8688.4853515625,152359.69189453125,23.47119140625
1791397693.3324137,individual_n8_vmnos8_r1:confirmation,6.6,"14.4,12.0,10.0,8.0,16.0,9.1,5.1,9.2,9.2,11.2,14.0,13.1,7.1,11.2,6.1,4.2,11.3,10.0,16.2,6.2,15.0,11.2,4.2,11.5,10.1,12.0,1.0,4.0,9.0,13.4,15.0,81.0,81.0,87.9,4.0,4.1,6.1,5.2,6.1,7.1,3.1,4.0,17.3,5.1,15.3,7.1,3.1,16.2,6.1,7.4,18.8,5.3,8.7,11.0,13.9,6.1,13.3,7.1,15.2,15.2,6.0,9.1,15.3,15.8,6.1,3.1,8.2,4.0,99.0,100.0,100.0,100.0,100.0,100.0,100.0,100.0,0.0,0.0,0.0,0.0,0.0,0.0,0.0,0.0,0.0,0.0,0.0,0.0,0.0,0.0,0.0,0.0,0.0,0.0,0.0,0.0,0.0,0.0,0.0,6.0,21.8,1.0,0.0,0.0,0.0,0.0,0.0,0.0,0.0,0.0,0.0,0.0,0.0,0.0,0.0,0.0,0.0,0.0,0.0,0.0,0.0,0.0,0.0,0.0,0.0,0.0,0.0,0.0,0.0,0.0,0.0,1.0,0.0,0.0,0.0,0.0,0.0,0.0,0.0,0.0,0.0,1.0,1.0,0.0,0.0,0.0,0.0,0.0,0.0,1.0,0.0,0.0,0.0,0.0,0.0,0.0,0.0,0.0,0.0,0.0,0.0,0.0,0.0,0.0,0.0,0.0,0.0,0.0,0.0,0.0,0.0,0.0,0.0,0.0,0.0,0.0,0.0,0.0,0.0,0.0,0.0,0.0,0.0,0.0,0.0,0.0,0.0,0.0,0.0,0.0,0.0,0.0,0.0,0.0,0.0,0.0,0.0,0.0,0.0,0.0,0.0,0.0,0.0,0.0,0.0,0.0,0.0,0.0,0.0,0.0,0.0,0.0,0.0,0.0,0.0,0.0,0.0,0.0,0.0,0.0,0.0,0.0,0.0,0.0,0.0,0.0,0.0,0.0,0.0,0.0,0.0,0.0,0.0,0.0,0.0,0.0,0.0,0.0,0.0,0.0,0.0,0.0,0.0,0.0,0.0,0.0,0.0,0.0,0.0,0.0,0.0,0.0,0.0,0.0,0.0",6.2,63788.01171875,968078.30859375,8688.4853515625,152359.95361328125,23.47119140625
1791397694.3373256,individual_n8_vmnos8_r1:confirmation,4.7,"5.9,1.1,4.1,4.0,0.0,6.1,6.0,7.1,7.1,0.0,0.0,4.1,2.0,4.1,4.1,2.0,2.0,2.0,2.0,1.0,3.0,2.0,1.0,9.5,2.0,2.0,0.0,0.0,0.0,0.0,79.8,10.2,67.0,58.4,3.0,1.0,1.0,0.0,1.0,2.0,0.0,0.0,0.0,0.0,3.0,4.0,0.0,3.0,1.0,2.1,4.1,3.2,4.3,3.1,1.0,4.0,1.0,3.0,6.1,5.1,1.0,3.0,3.1,3.0,2.0,2.0,1.0,0.0,99.0,100.0,100.0,100.0,100.0,100.0,99.0,100.0,0.0,0.0,0.0,0.0,0.0,2.2,0.0,0.0,0.0,0.0,0.0,0.0,0.0,0.0,0.0,0.0,0.0,0.0,0.0,0.0,0.0,0.0,2.0,2.0,25.3,3.0,0.0,0.0,0.0,0.0,0.0,0.0,0.0,0.0,0.0,0.0,0.0,0.0,0.0,0.0,0.0,0.0,0.0,0.0,0.0,0.0,0.0,0.0,0.0,0.0,0.0,0.0,0.0,0.0,0.0,0.0,0.0,0.0,0.0,0.0,0.0,0.0,0.0,0.0,0.0,0.0,0.0,0.0,0.0,0.0,0.0,0.0,0.0,0.0,0.0,0.0,0.0,0.0,0.0,0.0,0.0,0.0,0.0,0.0,0.0,0.0,0.0,0.0,0.0,0.0,0.0,0.0,0.0,0.0,0.0,0.0,0.0,0.0,0.0,0.0,0.0,0.0,0.0,0.0,0.0,0.0,0.0,0.0,0.0,0.0,0.0,0.0,0.0,0.0,0.0,0.0,0.0,0.0,0.0,0.0,0.0,0.0,0.0,0.0,0.0,0.0,0.0,0.0,0.0,0.0,0.0,0.0,0.0,0.0,0.0,0.0,0.0,0.0,0.0,0.0,0.0,0.0,0.0,0.0,0.0,0.0,0.0,0.0,0.0,0.0,0.0,0.0,0.0,0.0,0.0,0.0,0.0,0.0,0.0,0.0,0.0,0.0,0.0,0.0,0.0,0.0,0.0,0.0,0.0,0.0,0.0,0.0,0.0,0.0,0.0,0.0,0.0,0.0,0.0",6.2,63855.42578125,968010.89453125,8688.4853515625,152359.95361328125,23.47119140625
1791397695.3421896,individual_n8_vmnos8_r1:confirmation,7.3,"15.4,24.0,9.2,21.6,24.0,10.2,12.2,13.4,22.0,25.3,10.4,17.0,10.0,16.0,9.1,17.7,5.2,11.1,5.3,13.3,10.5,16.2,20.0,18.9,16.3,7.0,15.2,11.1,4.0,5.0,61.0,20.8,76.0,97.0,8.2,8.0,5.1,21.0,7.1,9.4,16.0,11.0,27.6,9.9,17.0,9.3,13.0,15.3,4.0,10.2,12.5,10.5,14.3,4.1,4.1,19.6,17.3,9.3,19.2,9.1,11.1,24.0,11.2,12.2,6.1,8.0,6.2,6.9,99.0,100.0,99.0,100.0,99.0,99.0,100.0,100.0,0.0,0.0,0.0,0.0,0.0,2.0,0.0,0.0,1.1,0.0,0.0,0.0,0.0,0.0,0.0,0.0,0.0,0.0,0.0,0.0,0.0,0.0,0.0,1.0,0.0,2.0,0.0,0.0,0.0,0.0,0.0,0.0,0.0,0.0,0.0,0.0,0.0,0.0,0.0,0.0,0.0,0.0,0.0,0.0,0.0,0.0,0.0,0.0,0.0,0.0,0.0,0.0,0.0,0.0,0.0,0.0,0.0,0.0,0.0,0.0,0.0,0.0,0.0,0.0,0.0,0.0,0.0,0.0,0.0,0.0,0.0,0.0,1.0,0.0,0.0,0.0,0.0,0.0,0.0,0.0,0.0,0.0,0.0,0.0,0.0,0.0,0.0,0.0,0.0,0.0,0.0,0.0,0.0,0.0,0.0,0.0,0.0,0.0,0.0,0.0,0.0,0.0,0.0,0.0,0.0,0.0,0.0,0.0,0.0,0.0,0.0,0.0,0.0,0.0,0.0,0.0,0.0,0.0,0.0,0.0,0.0,0.0,0.0,0.0,0.0,0.0,0.0,0.0,0.0,0.0,0.0,0.0,0.0,0.0,0.0,0.0,0.0,0.0,0.0,0.0,0.0,0.0,0.0,0.0,0.0,0.0,0.0,0.0,0.0,0.0,0.0,0.0,0.0,0.0,0.0,0.0,0.0,0.0,0.0,0.0,0.0,0.0,0.0,0.0,0.0,0.0,0.0,0.0,0.0,0.0,0.0,0.0,0.0,0.0,0.0,0.0,0.0,0.0,0.0",6.2,64026.5625,967839.7578125,8688.4853515625,152361.43798828125,23.47119140625
1791397696.3497143,individual_n8_vmnos8_r1:confirmation,4.4,"5.6,22.1,4.1,3.0,0.0,2.0,2.0,3.0,14.0,25.7,0.0,0.0,3.0,0.0,0.0,2.0,1.0,2.0,3.1,0.0,2.0,3.0,1.0,0.0,1.0,1.0,1.0,1.0,0.0,1.0,1.0,16.2,98.0,0.0,3.0,1.0,5.1,25.7,1.0,1.0,9.0,2.0,1.0,2.0,1.0,0.0,6.0,1.0,2.0,2.1,2.0,5.4,5.2,0.0,1.0,3.0,0.0,0.0,3.0,2.0,6.1,1.0,6.1,0.0,1.0,0.0,2.0,0.0,100.0,100.0,100.0,100.0,100.0,100.0,100.0,99.0,0.0,0.0,0.0,0.0,0.0,1.1,0.0,0.0,1.0,0.0,0.0,0.0,0.0,0.0,0.0,0.0,0.0,0.0,0.0,0.0,0.0,0.0,0.0,0.0,0.0,0.0,0.0,0.0,0.0,0.0,0.0,0.0,0.0,0.0,0.0,0.0,0.0,0.0,0.0,0.0,0.0,0.0,0.0,0.0,0.0,0.0,0.0,0.0,0.0,0.0,0.0,0.0,0.0,0.0,0.0,0.0,0.0,0.0,0.0,0.0,0.0,0.0,0.0,0.0,0.0,1.0,0.0,0.0,0.0,0.0,0.0,0.0,0.0,0.0,0.0,0.0,0.0,0.0,0.0,0.0,0.0,0.0,0.0,0.0,0.0,0.0,0.0,0.0,0.0,0.0,0.0,0.0,0.0,0.0,0.0,0.0,0.0,0.0,0.0,0.0,0.0,0.0,0.0,0.0,0.0,0.0,0.0,0.0,0.0,0.0,0.0,0.0,0.0,0.0,0.0,0.0,0.0,0.0,0.0,0.0,0.0,0.0,0.0,0.0,0.0,0.0,0.0,0.0,0.0,0.0,0.0,0.0,0.0,0.0,0.0,0.0,0.0,0.0,0.0,0.0,0.0,0.0,0.0,0.0,0.0,0.0,0.0,0.0,0.0,0.0,0.0,0.0,0.0,0.0,0.0,0.0,0.0,0.0,0.0,0.0,0.0,0.0,0.0,0.0,0.0,0.0,0.0,0.0,0.0,0.0,0.0,0.0,0.0,0.0,0.0,0.0,0.0,0.0,0.0",6.2,64024.4140625,967841.90625,8688.4853515625,152361.44189453125,23.03271484375
1791397697.3988519,idle,6.3,"8.7,15.0,12.7,8.7,4.8,11.5,10.6,10.6,6.7,8.8,8.6,8.7,4.8,6.7,23.3,5.8,7.9,10.6,26.7,4.9,15.7,12.3,12.6,5.0,6.7,4.9,3.9,7.7,2.9,2.9,63.1,17.3,24.0,6.7,11.0,12.0,11.1,6.1,10.0,4.1,8.6,2.0,10.6,10.7,22.3,6.7,9.6,5.8,3.9,6.9,5.8,14.0,10.5,8.7,13.6,19.2,8.7,3.9,20.0,4.9,10.6,17.1,16.7,10.9,7.8,5.8,5.8,5.8,100.0,99.0,100.0,100.0,100.0,100.0,100.0,100.0,0.0,0.0,0.0,0.0,0.0,0.0,0.0,0.0,2.0,0.0,0.0,0.0,0.0,0.0,0.0,0.0,0.0,0.0,0.0,0.0,0.0,0.0,4.7,16.0,66.7,4.8,0.0,0.0,0.0,0.0,0.0,0.0,0.0,0.0,0.0,0.0,0.0,0.0,0.0,0.0,0.0,0.0,0.0,0.0,0.0,0.0,0.0,0.0,0.0,0.0,0.0,0.0,0.0,0.0,0.0,0.0,0.0,0.0,0.0,0.0,0.0,0.0,0.0,0.0,0.0,0.0,0.0,0.0,0.0,0.0,0.0,0.0,0.0,0.0,0.0,0.0,0.0,0.0,0.0,0.0,0.0,0.0,0.0,0.0,0.0,0.0,0.0,0.0,0.0,0.0,0.0,0.0,0.0,0.0,0.0,0.0,0.0,0.0,0.0,0.0,0.0,0.0,0.0,0.0,0.0,0.0,0.0,0.0,0.0,0.0,0.0,0.0,0.0,0.0,0.0,0.0,0.0,0.0,0.0,0.0,0.0,0.0,0.0,0.0,0.0,0.0,0.0,0.0,0.0,0.0,0.0,0.0,0.0,0.0,0.0,0.0,0.0,0.0,0.0,0.0,0.0,0.0,0.0,0.0,0.0,0.0,0.0,0.0,0.0,0.0,0.0,0.0,0.0,0.0,0.0,0.0,0.0,0.0,0.0,0.0,0.0,0.0,0.0,0.0,0.0,0.0,0.0,0.0,0.0,0.0,0.0,0.0,0.0,0.0,0.0,0.0,0.0,0.0,0.0",6.2,63628.5703125,968237.75,8688.4853515625,152361.44189453125,23.03271484375
1791397698.4092836,idle,5.1,"6.8,11.5,14.6,10.2,4.1,1.0,1.0,4.0,4.0,7.0,0.0,1.0,3.0,4.1,32.7,2.0,3.0,7.1,5.0,3.0,2.0,4.9,11.5,4.3,3.0,2.0,0.0,2.0,0.0,0.0,57.0,100.0,57.6,3.0,5.3,2.0,6.1,6.1,5.2,4.1,2.0,2.0,1.0,0.0,4.0,5.9,1.0,4.1,3.1,1.1,1.0,4.2,1.0,0.0,3.0,13.3,1.0,2.0,1.0,2.0,1.0,4.1,3.0,3.1,0.0,1.0,1.0,1.0,99.0,100.0,100.0,100.0,100.0,100.0,99.0,100.0,0.0,0.0,0.0,0.0,0.0,1.0,0.0,0.0,1.1,0.0,0.0,0.0,0.0,0.0,0.0,0.0,0.0,0.0,0.0,0.0,0.0,0.0,0.0,0.0,43.6,0.0,0.0,0.0,0.0,0.0,0.0,0.0,0.0,0.0,0.0,0.0,0.0,0.0,0.0,0.0,0.0,0.0,0.0,0.0,0.0,0.0,0.0,0.0,0.0,0.0,0.0,0.0,0.0,0.0,0.0,0.0,0.0,0.0,0.0,0.0,0.0,0.0,0.0,0.0,0.0,0.0,0.0,0.0,0.0,0.0,0.0,0.0,0.0,0.0,0.0,0.0,0.0,0.0,0.0,0.0,0.0,0.0,0.0,0.0,0.0,0.0,0.0,0.0,0.0,0.0,0.0,0.0,0.0,0.0,0.0,0.0,0.0,0.0,0.0,0.0,0.0,0.0,0.0,0.0,0.0,0.0,0.0,0.0,0.0,0.0,0.0,0.0,0.0,0.0,0.0,0.0,0.0,0.0,0.0,0.0,0.0,0.0,0.0,0.0,0.0,0.0,0.0,0.0,0.0,0.0,0.0,0.0,0.0,0.0,0.0,0.0,0.0,0.0,0.0,0.0,0.0,0.0,0.0,0.0,0.0,0.0,0.0,0.0,0.0,0.0,0.0,0.0,0.0,0.0,0.0,0.0,0.0,0.0,0.0,0.0,0.0,0.0,0.0,0.0,0.0,0.0,0.0,0.0,0.0,0.0,0.0,0.0,0.0,0.0,0.0,0.0,0.0,0.0,0.0",6.2,63541.69921875,968324.62109375,8688.4853515625,152361.89892578125,23.03271484375
1791397699.4246452,aggregate_n8_vmnos8_r1:confirmation,6.6,"14.0,13.1,14.0,25.5,12.1,13.4,13.4,15.0,11.1,8.2,10.3,12.2,12.4,10.3,11.1,12.2,8.1,7.5,8.3,11.3,13.3,9.4,11.6,12.4,6.9,5.9,7.0,9.1,7.9,2.0,54.0,15.2,96.1,26.7,13.1,9.8,8.2,10.0,15.2,7.0,10.2,19.4,10.0,10.0,11.9,13.1,9.0,11.2,9.1,9.4,7.1,6.2,18.4,7.1,9.1,35.4,9.3,11.2,9.1,13.0,17.3,9.0,8.2,10.3,7.1,6.1,7.8,6.9,100.0,100.0,99.0,99.0,100.0,100.0,100.0,100.0,0.0,0.0,0.0,0.0,0.0,0.0,0.0,0.0,0.0,0.0,0.0,0.0,0.0,0.0,0.0,0.0,0.0,0.0,0.0,0.0,0.0,0.0,0.0,0.0,0.0,0.0,0.0,0.0,0.0,0.0,0.0,0.0,0.0,0.0,0.0,0.0,0.0,0.0,0.0,0.0,0.0,0.0,0.0,0.0,0.0,0.0,0.0,0.0,0.0,0.0,0.0,0.0,0.0,0.0,0.0,0.0,0.0,0.0,0.0,0.0,0.0,0.0,0.0,0.0,0.0,0.0,1.0,0.0,0.0,0.0,0.0,0.0,0.0,0.0,0.0,0.0,0.0,0.0,0.0,0.0,0.0,0.0,0.0,0.0,1.0,0.0,0.0,0.0,0.0,0.0,0.0,0.0,0.0,0.0,0.0,0.0,0.0,0.0,0.0,0.0,0.0,0.0,0.0,0.0,0.0,0.0,0.0,0.0,0.0,0.0,0.0,0.0,0.0,0.0,0.0,0.0,0.0,0.0,0.0,0.0,0.0,0.0,0.0,0.0,0.0,0.0,0.0,0.0,0.0,0.0,0.0,0.0,0.0,0.0,0.0,0.0,0.0,0.0,0.0,0.0,0.0,0.0,0.0,0.0,0.0,0.0,0.0,0.0,0.0,0.0,0.0,0.0,0.0,0.0,0.0,0.0,0.0,0.0,0.0,0.0,0.0,0.0,0.0,0.0,0.0,0.0,0.0,0.0,0.0,0.0,0.0,0.0,0.0,0.0,0.0,0.0,0.0,0.0,0.0",6.1,63237.046875,968629.2734375,8688.4853515625,152361.89892578125,23.03271484375
1791397700.4499562,aggregate_n8_vmnos8_r1:confirmation,4.3,"2.4,5.8,0.0,7.8,3.0,2.9,3.0,5.0,2.0,3.0,1.0,1.0,0.0,2.0,1.9,0.0,2.0,5.3,5.1,3.0,3.9,0.0,2.0,1.0,0.0,0.0,0.0,0.0,1.9,0.0,31.0,80.4,38.0,2.0,2.1,2.0,3.0,5.2,3.1,1.0,0.0,0.0,0.0,3.0,4.0,2.9,0.0,2.0,1.0,2.0,1.0,2.1,3.1,1.0,2.0,9.1,1.0,4.1,1.0,6.9,6.2,2.0,5.2,6.0,1.0,0.0,0.0,0.0,99.0,99.0,100.0,100.0,100.0,99.0,100.0,100.0,0.0,0.0,0.0,0.0,0.0,1.0,0.0,0.0,0.0,0.0,0.0,0.0,0.0,0.0,0.0,0.0,0.0,0.0,0.0,0.0,0.0,0.0,0.0,0.0,0.0,0.0,0.0,0.0,0.0,0.0,0.0,0.0,0.0,0.0,0.0,0.0,0.0,0.0,0.0,0.0,0.0,0.0,0.0,0.0,0.0,0.0,0.0,0.0,0.0,0.0,0.0,0.0,0.0,0.0,0.0,0.0,0.0,0.0,0.0,0.0,0.0,0.0,0.0,0.0,0.0,1.0,1.0,0.0,0.0,0.0,0.0,0.0,0.0,0.0,0.0,0.0,0.0,0.0,0.0,0.0,0.0,0.0,0.0,0.0,0.0,0.0,0.0,0.0,0.0,0.0,0.0,0.0,0.0,0.0,0.0,0.0,0.0,0.0,0.0,0.0,0.0,0.0,0.0,0.0,0.0,0.0,0.0,0.0,0.0,0.0,0.0,0.0,0.0,0.0,0.0,0.0,0.0,0.0,0.0,0.0,0.0,0.0,0.0,0.0,0.0,0.0,0.0,0.0,0.0,0.0,0.0,0.0,0.0,0.0,0.0,0.0,0.0,0.0,0.0,0.0,0.0,0.0,0.0,0.0,0.0,0.0,0.0,0.0,0.0,0.0,0.0,0.0,0.0,0.0,0.0,0.0,0.0,0.0,0.0,0.0,0.0,0.0,0.0,0.0,0.0,0.0,0.0,0.0,0.0,0.0,0.0,0.0,0.0,0.0,0.0,0.0,0.0,0.0,0.0",6.1,62552.5390625,969313.78125,8688.4853515625,152363.74658203125,23.03271484375
1791397701.4658718,aggregate_n8_vmnos8_r1:confirmation,6.3,"8.0,14.0,6.9,8.1,17.0,8.1,13.9,10.1,7.1,6.1,12.9,7.1,7.1,5.9,6.1,9.0,6.9,35.4,9.1,8.2,7.9,10.1,8.8,8.2,5.0,3.0,3.0,9.1,2.0,20.0,24.2,70.0,61.8,55.9,9.0,20.0,5.9,7.2,8.9,6.1,8.1,7.9,4.0,7.3,9.1,8.2,4.1,10.0,7.0,15.2,7.1,6.3,29.9,8.8,3.1,5.1,10.8,15.0,6.0,20.4,4.1,10.1,7.2,13.9,19.0,2.0,3.0,2.0,100.0,100.0,100.0,100.0,99.0,100.0,100.0,99.0,0.0,0.0,0.0,0.0,0.0,0.0,0.0,0.0,0.0,0.0,0.0,0.0,0.0,0.0,0.0,0.0,0.0,0.0,0.0,0.0,0.0,0.0,5.9,0.0,0.0,0.0,0.0,0.0,0.0,0.0,0.0,0.0,0.0,0.0,0.0,0.0,0.0,0.0,0.0,0.0,0.0,0.0,0.0,0.0,0.0,0.0,0.0,0.0,0.0,0.0,0.0,0.0,0.0,0.0,0.0,0.0,0.0,0.0,0.0,0.0,0.0,0.0,0.0,0.0,0.0,1.0,0.0,0.0,0.0,0.0,0.0,0.0,0.0,0.0,0.0,0.0,0.0,0.0,0.0,0.0,0.0,0.0,0.0,0.0,0.0,0.0,0.0,0.0,0.0,0.0,0.0,0.0,0.0,0.0,0.0,0.0,0.0,0.0,0.0,0.0,0.0,0.0,0.0,0.0,0.0,0.0,0.0,0.0,0.0,0.0,0.0,0.0,0.0,0.0,0.0,0.0,0.0,0.0,0.0,0.0,0.0,0.0,0.0,0.0,0.0,0.0,0.0,0.0,0.0,0.0,0.0,0.0,0.0,0.0,0.0,0.0,0.0,0.0,0.0,0.0,0.0,0.0,0.0,0.0,0.0,0.0,0.0,0.0,0.0,0.0,0.0,0.0,0.0,0.0,0.0,0.0,0.0,0.0,0.0,0.0,0.0,0.0,0.0,0.0,0.0,0.0,0.0,0.0,0.0,0.0,0.0,0.0,0.0,0.0,0.0,0.0,0.0,0.0,0.0",6.2,64111.140625,967755.1796875,8688.4853515625,152363.74658203125,22.70947265625
1791397702.4893208,aggregate_n8_vmnos8_r1:confirmation,4.7,"4.8,0.0,1.0,1.0,2.9,2.0,1.0,1.0,1.0,3.0,1.0,1.0,2.0,5.1,1.1,1.0,0.0,1.0,1.0,1.0,1.9,2.0,0.0,1.1,0.0,2.0,0.0,1.0,0.0,1.9,66.3,67.0,40.6,100.0,3.0,1.0,1.0,1.0,1.0,2.0,0.0,1.0,1.0,4.3,0.0,3.0,2.0,2.0,0.0,3.1,2.0,4.2,3.2,2.0,2.0,4.9,1.0,3.0,1.0,2.9,2.0,9.0,4.0,3.0,4.0,0.0,0.0,0.0,100.0,100.0,100.0,100.0,100.0,100.0,99.0,100.0,0.0,0.0,0.0,0.0,0.0,1.0,0.0,0.0,1.0,0.0,0.0,0.0,0.0,0.0,0.0,0.0,0.0,0.0,0.0,0.0,0.0,0.0,3.9,0.0,1.0,3.9,0.0,0.0,0.0,0.0,0.0,0.0,0.0,0.0,0.0,0.0,0.0,0.0,0.0,0.0,0.0,0.0,0.0,0.0,0.0,0.0,0.0,0.0,0.0,0.0,0.0,0.0,0.0,0.0,0.0,0.0,0.0,0.0,0.0,0.0,0.0,0.0,0.0,0.0,0.0,1.0,0.0,0.0,0.0,0.0,0.0,0.0,0.0,0.0,0.0,0.0,0.0,0.0,0.0,0.0,0.0,0.0,0.0,0.0,0.0,0.0,0.0,0.0,0.0,0.0,0.0,0.0,0.0,0.0,0.0,0.0,0.0,0.0,0.0,0.0,0.0,0.0,0.0,0.0,0.0,0.0,0.0,0.0,0.0,0.0,0.0,0.0,0.0,0.0,0.0,0.0,0.0,0.0,0.0,0.0,0.0,0.0,0.0,0.0,0.0,0.0,0.0,0.0,0.0,0.0,0.0,0.0,0.0,0.0,0.0,0.0,0.0,0.0,0.0,0.0,0.0,0.0,0.0,0.0,0.0,0.0,0.0,0.0,0.0,0.0,0.0,0.0,0.0,0.0,0.0,0.0,0.0,0.0,0.0,0.0,0.0,0.0,0.0,0.0,0.0,0.0,0.0,0.0,0.0,0.0,0.0,0.0,0.0,0.0,0.0,0.0,0.0,0.0,0.0",6.1,62485.45703125,969380.86328125,8688.4853515625,152363.74658203125,22.70947265625
1791397703.5807805,aggregate_n8_vmnos8_r1:confirmation,5.9,"13.7,6.6,6.5,6.5,4.7,4.6,6.5,7.5,7.3,8.3,7.4,8.3,12.1,13.9,8.3,6.7,6.6,6.5,21.3,7.5,6.9,6.5,5.5,8.4,6.2,14.8,3.7,7.3,3.7,2.8,64.2,65.7,6.5,33.6,11.2,9.3,7.3,10.1,10.6,8.7,7.4,4.6,6.5,7.5,6.4,6.5,14.2,9.4,3.7,24.3,23.6,17.3,14.4,5.8,14.0,8.3,5.7,8.5,6.7,4.7,7.5,4.6,3.7,6.6,18.7,3.7,2.8,5.5,99.1,100.0,100.0,99.1,100.0,100.0,100.0,100.0,0.0,0.0,0.0,0.0,0.0,0.0,0.0,0.9,0.0,0.0,0.0,0.0,0.0,0.0,0.0,0.0,0.0,0.0,0.0,0.0,0.0,0.0,0.0,0.9,1.8,0.0,0.0,0.0,0.0,0.0,0.0,0.0,0.0,0.0,0.0,0.0,0.0,0.0,0.0,0.0,0.0,0.0,0.0,0.0,0.0,0.0,0.0,0.0,0.0,0.0,0.0,0.0,0.0,0.0,0.0,0.0,0.0,0.0,0.0,0.0,0.0,0.0,0.0,0.0,0.0,1.0,0.0,0.0,0.0,0.0,0.0,0.0,0.0,0.0,0.0,0.0,0.0,0.0,0.0,0.0,0.0,0.0,0.0,0.0,0.0,0.0,0.0,0.0,0.0,0.0,0.0,0.0,0.0,0.0,0.0,0.0,0.0,0.0,0.0,0.0,0.0,0.0,0.0,0.0,0.0,0.0,0.0,0.0,0.0,0.0,0.0,0.0,0.0,0.0,0.0,0.0,0.0,0.0,0.0,0.0,0.0,0.0,0.0,0.0,0.0,0.0,0.0,0.0,0.0,0.0,0.0,0.0,0.0,0.0,0.0,0.0,0.0,0.0,0.0,0.0,0.0,0.0,0.0,0.0,0.0,0.0,0.0,0.0,0.0,0.0,0.0,0.0,0.0,0.0,0.0,0.0,0.0,0.0,0.0,0.0,0.0,0.0,0.0,0.0,0.0,0.0,0.0,0.0,0.0,0.0,0.0,0.0,0.0,0.0,0.0,0.0,0.0,0.0,0.0",6.1,62606.21875,969260.1015625,8688.4853515625,152363.99267578125,22.70947265625
1791397704.6019924,aggregate_n8_vmnos8_r1:confirmation,4.6,"5.7,5.0,1.0,0.0,4.9,0.0,4.0,2.0,1.0,4.0,0.0,1.0,2.0,4.0,1.0,2.0,1.9,2.0,0.0,2.0,3.0,2.0,1.0,2.1,0.0,0.0,1.0,1.0,0.0,0.0,68.7,100.0,2.0,97.0,1.0,2.0,2.0,1.0,2.0,2.0,0.0,2.0,0.0,1.0,0.0,0.0,3.0,0.0,3.1,2.1,0.0,8.4,4.2,1.1,1.0,2.0,1.0,2.0,0.0,0.0,2.0,0.0,1.0,3.0,1.0,1.0,0.0,1.0,99.0,99.0,100.0,100.0,99.0,99.0,100.0,100.0,0.0,0.0,0.0,0.0,0.0,1.0,0.0,0.0,0.0,0.0,0.0,0.0,0.0,0.0,0.0,0.0,0.0,0.0,0.0,0.0,0.0,0.0,0.0,0.0,0.0,0.0,0.0,0.0,0.0,0.0,0.0,0.0,0.0,0.0,0.0,0.0,0.0,0.0,0.0,0.0,0.0,0.0,0.0,0.0,0.0,0.0,0.0,0.0,0.0,0.0,0.0,0.0,0.0,0.0,0.0,0.0,0.0,0.0,0.0,0.0,0.0,0.0,0.0,0.0,0.0,0.0,0.0,0.0,0.0,0.0,0.0,0.0,0.0,0.0,0.0,0.0,0.0,0.0,0.0,0.0,0.0,0.0,0.0,0.0,0.0,0.0,0.0,0.0,0.0,0.0,0.0,0.0,0.0,0.0,0.0,0.0,0.0,0.0,0.0,0.0,0.0,0.0,0.0,0.0,0.0,0.0,0.0,0.0,0.0,0.0,0.0,0.0,0.0,0.0,0.0,0.0,0.0,0.0,0.0,0.0,0.0,0.0,0.0,0.0,0.0,0.0,0.0,0.0,0.0,0.0,0.0,0.0,0.0,0.0,0.0,0.0,0.0,0.0,0.0,0.0,0.0,0.0,0.0,0.0,0.0,0.0,0.0,0.0,0.0,0.0,0.0,0.0,0.0,0.0,0.0,0.0,0.0,0.0,0.0,0.0,0.0,0.0,0.0,0.0,0.0,0.0,0.0,0.0,0.0,0.0,0.0,0.0,0.0,0.0,0.0,0.0,0.0,0.0,0.0",6.1,62521.5078125,969344.8125,8688.4853515625,152363.99267578125,22.70947265625
1791397705.622714,aggregate_n8_vmnos8_r1:confirmation,6.8,"7.9,10.1,5.0,6.9,3.0,8.9,5.8,7.1,6.9,8.1,5.0,4.1,4.0,5.9,5.9,35.6,7.0,8.2,7.1,8.9,9.1,9.1,8.0,7.0,2.0,16.7,3.9,15.7,19.0,4.0,99.0,89.1,3.0,99.0,8.0,4.0,6.7,5.0,14.1,5.1,5.9,8.9,7.8,7.1,6.9,7.9,6.1,5.0,14.0,6.3,4.0,8.4,41.2,38.4,7.0,9.8,16.8,33.7,5.0,5.9,6.9,35.4,5.9,7.0,4.0,4.0,4.9,10.7,100.0,99.0,99.0,99.0,100.0,99.0,100.0,99.0,0.0,0.0,0.0,0.0,0.0,0.0,0.0,0.0,1.0,0.0,0.0,0.0,0.0,0.0,0.0,0.0,0.0,0.0,0.0,0.0,0.0,0.0,17.0,4.9,5.9,5.0,0.0,0.0,0.0,0.0,0.0,0.0,0.0,0.0,0.0,0.0,0.0,0.0,0.0,0.0,0.0,0.0,0.0,0.0,0.0,0.0,0.0,0.0,0.0,0.0,0.0,0.0,0.0,0.0,0.0,0.0,0.0,0.0,0.0,0.0,0.0,0.0,0.0,0.0,0.0,1.0,0.0,0.0,0.0,0.0,0.0,0.0,0.0,0.0,0.0,0.0,0.0,0.0,0.0,0.0,0.0,0.0,0.0,0.0,0.0,0.0,0.0,1.0,0.0,0.0,0.0,0.0,0.0,0.0,0.0,0.0,0.0,0.0,0.0,0.0,0.0,0.0,0.0,0.0,0.0,0.0,0.0,0.0,0.0,0.0,0.0,0.0,0.0,0.0,0.0,0.0,0.0,0.0,0.0,0.0,0.0,0.0,0.0,0.0,0.0,0.0,0.0,0.0,0.0,0.0,0.0,0.0,0.0,0.0,0.0,0.0,0.0,0.0,0.0,0.0,0.0,0.0,0.0,0.0,0.0,0.0,0.0,0.0,0.0,0.0,0.0,0.0,0.0,0.0,0.0,0.0,0.0,0.0,0.0,0.0,0.0,0.0,0.0,0.0,0.0,0.0,0.0,0.0,0.0,0.0,0.0,0.0,0.0,0.0,0.0,0.0,0.0,0.0,0.0",6.1,62931.81640625,968934.50390625,8688.4853515625,152364.98095703125,22.70947265625
1791397706.646024,aggregate_n8_vmnos8_r1:confirmation,4.7,"10.6,2.1,1.0,1.0,2.0,0.0,0.0,2.0,2.0,2.0,3.0,0.0,0.0,0.0,0.0,0.0,2.0,4.0,3.0,0.0,3.0,1.0,1.0,3.1,1.9,0.0,0.0,0.0,0.0,1.9,100.0,90.3,4.0,100.0,2.0,2.0,1.0,0.0,2.0,2.0,0.0,1.0,0.0,2.0,0.0,0.0,0.0,2.9,3.9,2.2,2.1,5.3,1.1,4.0,4.4,1.0,3.0,8.2,2.0,2.0,1.0,4.0,0.0,3.0,1.0,0.0,0.0,1.0,100.0,100.0,100.0,100.0,100.0,100.0,100.0,100.0,1.0,0.0,0.0,0.0,0.0,2.0,1.0,0.0,0.0,0.0,0.0,0.0,0.0,0.0,0.0,0.0,0.0,0.0,0.0,0.0,0.0,0.0,0.0,0.0,0.0,0.0,0.0,0.0,0.0,0.0,0.0,0.0,0.0,0.0,0.0,0.0,0.0,0.0,0.0,0.0,0.0,0.0,0.0,0.0,0.0,0.0,0.0,0.0,0.0,0.0,0.0,0.0,0.0,0.0,0.0,0.0,0.0,0.0,0.0,0.0,0.0,0.0,0.0,0.0,0.0,1.0,0.0,0.0,0.0,0.0,0.0,0.0,0.0,0.0,0.0,0.0,0.0,0.0,0.0,0.0,0.0,0.0,0.0,0.0,0.0,0.0,0.0,0.0,0.0,0.0,0.0,0.0,0.0,0.0,0.0,0.0,0.0,0.0,0.0,0.0,0.0,0.0,0.0,0.0,0.0,0.0,0.0,0.0,0.0,0.0,0.0,0.0,0.0,0.0,0.0,0.0,0.0,0.0,0.0,0.0,0.0,0.0,0.0,0.0,0.0,0.0,0.0,0.0,0.0,0.0,0.0,0.0,0.0,0.0,0.0,0.0,0.0,0.0,0.0,0.0,0.0,0.0,0.0,0.0,0.0,0.0,0.0,0.0,0.0,0.0,0.0,0.0,0.0,0.0,0.0,0.0,0.0,0.0,0.0,0.0,0.0,0.0,0.0,0.0,0.0,0.0,0.0,0.0,0.0,0.0,0.0,0.0,0.0,0.0,0.0,0.0,0.0,0.0,0.0",6.1,62974.1171875,968892.203125,8688.4853515625,152364.98095703125,22.33203125
1791397707.6689265,aggregate_n8_vmnos8_r1:confirmation,6.3,"15.6,12.6,6.0,7.9,9.0,5.9,5.1,8.9,6.0,15.2,6.9,8.0,5.9,7.0,5.1,6.9,6.9,25.0,8.0,4.1,6.9,10.0,7.8,7.3,4.0,3.9,8.1,8.9,22.5,2.0,99.0,28.2,73.5,99.0,3.1,5.0,3.9,2.0,4.0,3.0,10.0,6.0,6.9,6.9,14.7,7.8,9.7,9.0,7.9,5.2,25.3,28.4,9.2,9.0,6.2,6.0,20.0,6.0,7.8,4.9,4.1,5.1,3.0,4.0,1.0,3.9,3.9,2.0,99.0,100.0,100.0,100.0,99.0,99.0,100.0,100.0,0.0,0.0,0.0,0.0,0.0,0.0,0.0,0.0,3.0,1.0,0.0,0.0,0.0,0.0,0.0,0.0,0.0,0.0,0.0,0.0,0.0,0.0,0.0,0.0,0.0,0.0,0.0,0.0,0.0,0.0,0.0,0.0,0.0,0.0,0.0,0.0,0.0,0.0,0.0,0.0,0.0,0.0,0.0,0.0,0.0,0.0,0.0,0.0,0.0,0.0,0.0,0.0,0.0,0.0,0.0,0.0,0.0,0.0,0.0,0.0,0.0,0.0,0.0,0.0,0.0,1.0,0.0,0.0,0.0,0.0,0.0,0.0,0.0,0.0,0.0,0.0,0.0,0.0,0.0,0.0,0.0,0.0,0.0,0.0,0.0,0.0,0.0,0.0,0.0,0.0,0.0,0.0,0.0,0.0,0.0,0.0,0.0,0.0,0.0,0.0,0.0,0.0,0.0,0.0,0.0,0.0,0.0,0.0,0.0,0.0,0.0,0.0,0.0,0.0,0.0,0.0,0.0,0.0,0.0,0.0,0.0,0.0,0.0,0.0,0.0,0.0,0.0,0.0,0.0,0.0,0.0,0.0,0.0,0.0,0.0,0.0,0.0,0.0,0.0,0.0,0.0,0.0,0.0,0.0,0.0,0.0,0.0,0.0,0.0,0.0,0.0,0.0,0.0,0.0,0.0,0.0,0.0,0.0,0.0,0.0,0.0,0.0,0.0,0.0,0.0,0.0,0.0,0.0,0.0,0.0,0.0,0.0,0.0,0.0,0.0,0.0,0.0,0.0,0.0",6.1,62801.37109375,969064.94921875,8688.4853515625,152364.98095703125,22.33203125
1791397708.7363424,aggregate_n8_vmnos8_r1:confirmation,4.3,"10.0,5.0,2.9,1.0,1.0,0.0,2.0,0.0,0.0,0.9,1.9,1.9,4.9,0.0,1.9,1.9,0.0,1.0,5.7,0.9,2.9,1.9,1.0,3.8,0.0,0.0,0.0,1.9,1.9,1.9,22.6,5.7,64.2,87.9,1.9,3.7,0.0,0.0,1.9,2.8,2.9,1.9,2.8,1.0,2.8,2.8,0.0,0.0,0.0,2.0,1.9,6.9,6.0,1.0,2.9,1.0,2.9,0.9,1.9,0.0,1.0,1.0,1.9,2.0,1.9,1.9,0.0,1.0,100.0,100.0,100.0,100.0,100.0,100.0,100.0,100.0,0.0,0.0,0.0,0.0,0.0,1.0,0.0,0.0,4.0,0.0,0.0,0.0,0.0,0.0,0.0,0.0,0.0,0.0,0.0,0.0,0.0,0.0,0.9,0.9,0.9,0.0,0.0,0.0,0.0,0.0,0.0,0.0,0.0,0.0,0.0,0.0,0.0,0.0,0.0,0.0,0.0,0.0,0.0,0.0,0.0,0.0,0.0,0.0,0.0,0.0,0.0,0.0,0.0,0.0,0.0,0.0,0.0,0.0,0.0,0.0,0.0,0.0,0.0,0.0,0.0,0.0,0.0,0.0,0.0,0.0,0.0,0.0,0.0,0.0,0.0,0.0,0.0,0.0,0.0,0.0,0.0,0.0,0.0,0.0,0.0,0.0,0.0,0.0,0.0,0.0,0.0,0.0,0.0,0.0,0.0,0.0,0.0,0.0,0.0,0.0,0.0,0.0,0.0,0.0,0.0,0.0,0.0,0.0,0.0,0.0,0.0,0.0,0.0,0.0,0.0,0.0,0.0,0.0,0.0,0.0,0.0,0.0,0.0,0.0,0.0,0.0,0.0,0.0,0.0,0.0,0.0,0.0,0.0,0.0,0.0,0.0,0.0,0.0,0.0,0.0,0.0,0.0,0.0,0.0,0.0,0.0,0.0,0.0,0.0,0.0,0.0,0.0,0.0,0.0,0.0,0.0,0.0,0.0,0.0,0.0,0.0,0.0,0.0,0.0,0.0,0.0,0.0,0.0,0.0,0.0,0.0,0.0,0.0,0.0,0.0,0.0,0.0,0.0,0.0",6.0,62344.75,969521.5703125,8688.4853515625,152365.52001953125,22.33203125
1791397709.758927,aggregate_n8_vmnos8_r1:confirmation,5.9,"8.9,7.4,18.7,7.1,6.1,7.1,7.1,11.9,5.0,5.2,5.2,4.2,8.3,6.1,7.0,5.2,8.2,5.9,15.2,7.1,11.1,9.0,8.1,4.3,7.8,2.9,4.9,9.0,2.9,3.0,99.0,11.8,57.4,52.0,4.0,2.0,6.9,4.0,5.1,3.1,14.1,3.1,4.1,3.0,5.1,6.1,3.0,3.1,7.1,5.3,9.2,28.1,10.2,6.1,15.6,4.1,4.1,5.1,14.1,19.0,12.0,6.0,5.9,5.0,3.0,4.0,5.9,3.0,100.0,99.0,99.0,99.0,100.0,100.0,100.0,100.0,0.0,0.0,0.0,0.0,0.0,5.9,0.0,0.0,1.0,1.0,0.0,0.0,0.0,0.0,0.0,0.0,0.0,0.0,0.0,0.0,0.0,0.0,1.9,1.0,1.0,2.0,0.0,0.0,0.0,0.0,0.0,0.0,0.0,0.0,0.0,0.0,0.0,0.0,0.0,0.0,0.0,0.0,0.0,0.0,0.0,0.0,0.0,0.0,0.0,0.0,0.0,0.0,0.0,0.0,0.0,0.0,0.0,0.0,0.0,0.0,0.0,0.0,0.0,0.0,0.0,0.0,0.0,0.0,0.0,0.0,0.0,0.0,0.0,0.0,0.0,0.0,0.0,0.0,0.0,0.0,0.0,0.0,0.0,0.0,0.0,0.0,0.0,0.0,0.0,0.0,0.0,0.0,0.0,0.0,0.0,0.0,0.0,0.0,0.0,0.0,0.0,0.0,0.0,0.0,0.0,0.0,0.0,0.0,0.0,0.0,0.0,0.0,0.0,0.0,0.0,0.0,0.0,0.0,0.0,0.0,0.0,0.0,0.0,0.0,0.0,0.0,0.0,0.0,0.0,0.0,0.0,0.0,0.0,0.0,0.0,0.0,0.0,0.0,0.0,0.0,0.0,0.0,0.0,0.0,0.0,0.0,0.0,0.0,0.0,0.0,0.0,0.0,0.0,0.0,0.0,0.0,0.0,0.0,0.0,0.0,0.0,0.0,0.0,0.0,0.0,0.0,0.0,0.0,0.0,0.0,0.0,0.0,0.0,0.0,0.0,0.0,0.0,0.0,0.0",6.1,62772.03125,969094.2890625,8688.4853515625,152365.52001953125,22.33203125
1791397710.7751765,aggregate_n8_vmnos8_r1:confirmation,4.7,"4.9,3.1,3.0,1.0,1.0,0.0,0.0,1.0,1.0,2.0,2.0,0.0,8.1,5.0,5.2,5.9,5.0,1.0,3.0,0.0,4.1,4.1,5.2,2.1,0.0,0.0,0.0,0.0,0.0,0.0,100.0,17.0,53.0,91.2,1.0,2.0,1.0,1.0,3.0,2.0,3.0,0.0,0.0,0.0,1.0,15.2,0.0,0.0,3.0,4.3,4.1,11.6,2.1,1.0,1.0,2.0,0.0,2.0,2.9,0.0,3.0,1.0,2.0,0.0,1.0,4.0,0.0,0.0,100.0,100.0,100.0,100.0,100.0,100.0,100.0,100.0,0.0,0.0,0.0,0.0,0.0,0.0,0.0,0.0,0.0,0.0,0.0,0.0,0.0,0.0,0.0,0.0,0.0,0.0,0.0,0.0,0.0,0.0,0.0,0.0,0.0,0.0,0.0,0.0,0.0,0.0,0.0,0.0,0.0,0.0,0.0,0.0,0.0,0.0,0.0,0.0,0.0,0.0,0.0,0.0,0.0,0.0,0.0,0.0,0.0,0.0,0.0,0.0,0.0,0.0,0.0,0.0,0.0,0.0,0.0,0.0,0.0,0.0,0.0,0.0,0.0,1.0,1.0,1.0,0.0,0.0,0.0,0.0,0.0,0.0,0.0,0.0,0.0,0.0,0.0,0.0,0.0,0.0,0.0,0.0,0.0,0.0,0.0,0.0,0.0,0.0,0.0,0.0,0.0,0.0,0.0,0.0,0.0,0.0,0.0,0.0,0.0,0.0,0.0,0.0,0.0,0.0,0.0,0.0,0.0,0.0,0.0,0.0,0.0,0.0,0.0,0.0,0.0,0.0,0.0,0.0,0.0,0.0,0.0,0.0,0.0,0.0,0.0,0.0,0.0,0.0,0.0,0.0,0.0,0.0,0.0,0.0,0.0,0.0,0.0,0.0,0.0,0.0,0.0,0.0,0.0,0.0,0.0,0.0,0.0,0.0,0.0,0.0,0.0,0.0,0.0,0.0,0.0,0.0,0.0,0.0,0.0,0.0,0.0,0.0,0.0,0.0,0.0,0.0,0.0,0.0,0.0,0.0,0.0,0.0,0.0,0.0,0.0,0.0,0.0",6.0,62134.43359375,969731.88671875,8688.4853515625,152366.65283203125,22.33203125
1791397711.7980597,aggregate_n8_vmnos8_r1:confirmation,6.5,"11.0,7.1,12.2,6.1,12.7,8.9,6.9,21.0,6.0,8.0,10.8,17.5,35.0,13.9,9.2,7.1,17.0,8.0,20.8,7.8,8.9,5.2,9.1,7.1,7.8,8.8,4.9,7.8,12.9,6.9,36.3,7.8,66.0,38.6,21.8,10.1,3.0,5.0,10.0,7.1,5.9,5.0,8.8,4.0,7.8,57.0,6.9,5.9,5.0,17.3,7.1,11.3,11.0,24.5,12.1,17.0,6.0,8.9,11.8,7.1,10.1,13.9,9.7,7.0,13.7,6.9,6.9,13.9,99.0,99.0,100.0,100.0,100.0,100.0,99.0,99.0,0.0,0.0,0.0,0.0,0.0,0.0,0.0,0.0,0.0,0.0,0.0,0.0,0.0,0.0,0.0,0.0,0.0,0.0,0.0,0.0,0.0,0.0,4.9,2.0,2.0,1.0,0.0,0.0,0.0,0.0,0.0,0.0,0.0,0.0,0.0,0.0,0.0,0.0,0.0,0.0,0.0,0.0,0.0,0.0,0.0,0.0,0.0,0.0,0.0,0.0,0.0,0.0,0.0,0.0,0.0,0.0,0.0,0.0,0.0,0.0,0.0,0.0,0.0,0.0,0.0,1.0,1.0,0.0,0.0,0.0,0.0,0.0,0.0,0.0,0.0,0.0,0.0,0.0,0.0,0.0,0.0,0.0,0.0,0.0,0.0,0.0,0.0,0.0,0.0,0.0,0.0,0.0,0.0,0.0,0.0,0.0,0.0,0.0,0.0,0.0,0.0,0.0,0.0,0.0,0.0,0.0,0.0,0.0,0.0,0.0,0.0,0.0,0.0,0.0,0.0,0.0,0.0,0.0,0.0,0.0,0.0,0.0,0.0,0.0,0.0,0.0,0.0,0.0,0.0,0.0,0.0,0.0,0.0,0.0,0.0,0.0,0.0,0.0,0.0,0.0,0.0,0.0,0.0,0.0,0.0,0.0,0.0,0.0,0.0,0.0,0.0,0.0,0.0,0.0,0.0,0.0,0.0,0.0,0.0,0.0,0.0,0.0,0.0,0.0,0.0,0.0,0.0,0.0,0.0,0.0,0.0,0.0,0.0,0.0,0.0,0.0,0.0,0.0,0.0",6.1,62576.734375,969289.5859375,8688.4853515625,152366.65673828125,21.58447265625
1791397712.8215647,aggregate_n8_vmnos8_r1:confirmation,4.5,"3.7,2.0,3.1,0.0,2.0,0.0,2.0,4.0,1.0,1.0,1.0,2.0,2.0,0.0,2.1,2.0,1.0,0.0,0.0,0.0,5.0,3.0,6.1,2.0,0.0,0.0,0.0,0.0,0.0,1.0,50.5,63.4,19.8,99.0,2.9,1.0,2.9,0.0,0.0,2.0,2.0,0.0,0.0,2.0,1.0,0.0,0.0,1.0,2.0,4.1,2.9,5.5,3.2,2.0,1.0,3.1,0.0,5.0,0.0,0.0,1.0,2.0,0.0,0.0,0.0,0.0,0.0,0.0,100.0,100.0,100.0,99.0,100.0,99.0,100.0,100.0,0.0,0.0,0.0,0.0,0.0,0.0,0.0,0.0,1.0,0.0,0.0,0.0,0.0,0.0,0.0,0.0,0.0,0.0,0.0,0.0,0.0,0.0,4.9,15.7,2.9,2.9,0.0,0.0,0.0,0.0,0.0,0.0,0.0,0.0,0.0,0.0,0.0,0.0,0.0,0.0,0.0,0.0,0.0,0.0,0.0,0.0,0.0,0.0,0.0,0.0,0.0,0.0,0.0,0.0,0.0,0.0,0.0,0.0,0.0,0.0,0.0,0.0,0.0,0.0,0.0,0.0,0.0,1.0,0.0,0.0,0.0,0.0,0.0,0.0,0.0,0.0,0.0,0.0,0.0,0.0,0.0,0.0,0.0,0.0,0.0,0.0,0.0,0.0,0.0,0.0,0.0,0.0,0.0,0.0,0.0,0.0,0.0,0.0,0.0,0.0,0.0,0.0,0.0,0.0,0.0,0.0,0.0,0.0,0.0,0.0,0.0,0.0,0.0,0.0,0.0,0.0,0.0,0.0,0.0,0.0,0.0,0.0,0.0,0.0,0.0,0.0,0.0,0.0,0.0,0.0,0.0,0.0,0.0,0.0,0.0,0.0,0.0,0.0,0.0,0.0,0.0,0.0,0.0,0.0,0.0,0.0,0.0,0.0,0.0,0.0,0.0,0.0,0.0,0.0,0.0,0.0,0.0,0.0,0.0,0.0,0.0,0.0,0.0,0.0,0.0,0.0,0.0,0.0,0.0,0.0,0.0,0.0,0.0,0.0,0.0,0.0,0.0,0.0,0.0",6.1,62689.31640625,969177.00390625,8688.4853515625,152366.65673828125,21.58447265625
1791397713.84587,aggregate_n8_vmnos8_r1:confirmation,6.8,"13.2,12.9,6.9,4.0,11.0,8.7,5.9,10.1,9.0,26.7,4.9,3.9,3.0,27.7,10.9,8.9,8.0,11.9,23.5,7.9,23.0,10.8,7.0,30.4,4.0,4.9,25.5,4.0,5.8,22.8,26.7,59.8,0.0,100.0,5.9,20.6,4.0,4.0,5.9,5.0,3.0,5.9,7.0,7.8,5.9,12.9,2.0,6.0,4.9,10.1,47.5,7.1,30.0,9.8,29.4,5.0,7.1,5.2,6.1,8.0,5.1,5.9,6.8,4.0,25.7,3.9,4.0,4.9,99.0,100.0,99.0,100.0,99.0,100.0,100.0,100.0,0.0,0.0,0.0,0.0,0.0,1.0,0.0,0.0,0.0,0.0,0.0,0.0,0.0,0.0,0.0,0.0,0.0,0.0,0.0,0.0,0.0,0.0,0.0,62.7,0.0,0.0,0.0,0.0,0.0,0.0,0.0,0.0,0.0,0.0,0.0,0.0,0.0,0.0,0.0,0.0,0.0,0.0,0.0,0.0,0.0,0.0,0.0,0.0,0.0,0.0,0.0,0.0,0.0,0.0,0.0,0.0,0.0,0.0,0.0,0.0,0.0,0.0,0.0,0.0,0.0,0.0,0.0,0.0,0.0,0.0,0.0,0.0,0.0,0.0,0.0,0.0,0.0,0.0,0.0,0.0,0.0,0.0,0.0,0.0,0.0,0.0,0.0,0.0,0.0,0.0,0.0,0.0,0.0,0.0,0.0,0.0,0.0,0.0,0.0,0.0,0.0,0.0,0.0,0.0,0.0,0.0,0.0,0.0,0.0,0.0,0.0,0.0,0.0,0.0,0.0,0.0,0.0,0.0,0.0,0.0,0.0,0.0,0.0,0.0,0.0,0.0,0.0,0.0,0.0,0.0,0.0,0.0,0.0,0.0,0.0,0.0,0.0,0.0,0.0,0.0,0.0,0.0,0.0,0.0,0.0,0.0,0.0,0.0,0.0,0.0,0.0,0.0,0.0,0.0,0.0,0.0,0.0,0.0,0.0,0.0,0.0,0.0,0.0,0.0,0.0,0.0,0.0,0.0,0.0,0.0,0.0,0.0,0.0,0.0,0.0,0.0,0.0,0.0,0.0",6.1,63000.22265625,968866.09765625,8688.4853515625,152366.94189453125,21.58447265625
1791397714.8710048,aggregate_n8_vmnos8_r1:confirmation,5.1,"8.1,2.1,3.0,3.0,5.0,0.0,3.0,0.0,7.0,1.0,1.0,0.0,2.9,1.0,4.0,3.1,4.0,4.0,0.0,4.0,2.9,5.1,2.0,1.0,1.0,5.9,1.0,1.0,1.0,1.0,90.3,100.0,7.1,90.2,2.0,0.0,3.0,3.9,2.0,1.0,5.9,1.0,2.0,5.0,3.0,6.0,3.0,4.0,2.9,10.2,1.0,3.1,7.2,1.0,6.2,4.0,2.0,2.0,5.0,8.2,4.3,8.2,1.0,1.0,2.0,1.0,1.9,0.0,99.0,100.0,100.0,100.0,100.0,100.0,100.0,100.0,0.0,0.0,0.0,0.0,0.0,0.0,0.0,0.0,1.0,0.0,0.0,0.0,0.0,0.0,0.0,0.0,0.0,0.0,0.0,0.0,0.0,0.0,4.0,13.6,4.0,4.9,0.0,0.0,0.0,0.0,0.0,0.0,0.0,0.0,0.0,0.0,0.0,0.0,0.0,0.0,0.0,0.0,0.0,0.0,0.0,0.0,0.0,0.0,0.0,0.0,0.0,0.0,0.0,0.0,0.0,0.0,0.0,0.0,0.0,0.0,0.0,0.0,0.0,0.0,0.0,4.0,0.0,0.0,0.0,0.0,0.0,0.0,0.0,0.0,0.0,0.0,0.0,0.0,0.0,0.0,0.0,0.0,0.0,0.0,0.0,0.0,0.0,0.0,0.0,0.0,0.0,0.0,0.0,0.0,0.0,0.0,0.0,0.0,0.0,0.0,0.0,0.0,0.0,0.0,0.0,0.0,0.0,0.0,0.0,0.0,0.0,0.0,0.0,0.0,0.0,0.0,0.0,0.0,0.0,0.0,0.0,0.0,0.0,0.0,0.0,0.0,0.0,0.0,0.0,0.0,0.0,0.0,0.0,0.0,0.0,0.0,0.0,0.0,0.0,0.0,0.0,0.0,0.0,0.0,0.0,0.0,0.0,0.0,0.0,0.0,0.0,0.0,0.0,0.0,0.0,0.0,0.0,0.0,0.0,0.0,0.0,0.0,0.0,0.0,0.0,0.0,0.0,0.0,0.0,0.0,0.0,0.0,0.0,0.0,0.0,0.0,0.0,0.0,0.0",6.1,63085.6171875,968780.703125,8688.4853515625,152366.94189453125,21.58447265625
1791397715.8976457,aggregate_n8_vmnos8_r1:confirmation,5.9,"21.1,11.9,6.8,10.8,9.8,3.9,6.7,5.8,4.9,4.8,4.0,7.1,2.9,5.3,7.8,5.7,9.4,6.7,9.7,5.8,5.8,10.7,17.8,5.9,5.7,7.6,4.8,10.5,7.8,5.7,100.0,90.5,7.0,16.2,6.8,10.7,5.9,7.7,8.7,11.4,5.1,6.8,2.9,4.8,3.8,5.9,7.8,7.8,4.0,13.6,7.6,10.9,8.0,6.8,6.9,13.6,5.0,6.7,5.8,10.9,8.9,5.9,6.7,6.8,4.8,3.8,4.9,2.9,100.0,99.0,99.0,100.0,100.0,100.0,100.0,100.0,0.0,0.0,0.0,0.0,0.0,0.0,0.0,0.0,0.0,0.0,0.0,0.0,0.0,0.0,0.0,0.0,0.0,0.0,0.0,0.0,0.0,0.0,5.7,1.9,1.9,1.9,0.0,0.0,0.0,0.0,0.0,0.0,0.0,0.0,0.0,0.0,0.0,0.0,0.0,0.0,0.0,0.0,0.0,0.0,0.0,0.0,0.0,0.0,0.0,0.0,0.0,0.0,0.0,0.0,0.0,0.0,0.0,0.0,0.0,0.0,0.0,0.0,0.0,0.0,0.0,1.0,0.0,0.0,0.0,0.0,0.0,0.0,0.0,0.0,0.0,0.0,0.0,0.0,0.0,0.0,0.0,0.0,0.0,0.0,0.0,0.0,0.0,0.0,0.0,0.0,0.0,0.0,0.0,0.0,0.0,0.0,0.0,0.0,0.0,0.0,0.0,0.0,0.0,0.0,0.9,0.0,0.0,0.0,0.0,0.0,0.0,0.0,0.0,0.0,0.0,0.0,0.0,0.0,0.0,0.0,0.0,0.0,0.0,0.0,0.0,0.0,0.0,0.0,0.0,0.0,0.0,0.0,0.0,0.0,0.0,0.0,0.0,0.0,0.0,0.0,0.0,0.0,0.0,0.0,0.0,0.0,0.0,0.0,0.0,0.0,0.0,0.0,0.0,0.0,0.0,0.0,0.0,0.0,0.0,0.0,0.0,0.0,0.0,0.0,0.0,0.0,0.0,0.0,0.0,0.0,0.0,0.0,0.0,0.0,0.0,0.0,0.0,0.0,0.0",6.1,62627.44921875,969238.87109375,8688.4853515625,152368.44580078125,21.58447265625
1791397716.9574747,aggregate_n8_vmnos8_r1:confirmation,4.6,"2.3,2.9,2.9,2.0,3.0,1.0,0.0,2.0,4.9,0.0,3.0,7.8,2.9,3.2,3.1,3.0,2.0,2.0,0.0,1.0,1.0,2.9,1.9,2.0,0.0,1.0,0.0,0.0,1.0,0.0,82.4,71.6,87.5,2.0,1.0,1.9,0.0,1.0,1.0,0.0,1.9,1.9,0.0,6.8,2.9,3.9,13.9,2.0,1.0,3.1,0.0,3.1,4.1,0.0,0.0,1.0,1.0,0.0,1.0,2.0,0.0,2.0,0.0,0.0,1.0,0.0,0.0,0.0,100.0,100.0,100.0,99.0,100.0,100.0,100.0,100.0,0.0,0.0,0.0,0.0,0.0,0.0,0.0,0.0,0.0,0.0,0.0,0.0,0.0,0.0,0.0,0.0,0.0,0.0,0.0,0.0,0.0,0.0,0.0,1.0,0.0,1.0,0.0,0.0,0.0,0.0,0.0,0.0,0.0,0.0,0.0,0.0,0.0,0.0,0.0,0.0,0.0,0.0,0.0,0.0,0.0,0.0,0.0,0.0,0.0,0.0,0.0,0.0,0.0,0.0,0.0,0.0,0.0,0.0,0.0,0.0,0.0,0.0,0.0,0.0,0.0,1.0,0.0,0.0,0.0,0.0,0.0,0.0,0.0,0.0,0.0,0.0,0.0,0.0,0.0,0.0,0.0,0.0,0.0,0.0,0.0,0.0,0.0,0.0,0.0,0.0,0.0,0.0,0.0,0.0,0.0,0.0,0.0,0.0,0.0,0.0,0.0,0.0,0.0,0.0,0.0,0.0,0.0,0.0,0.0,0.0,0.0,0.0,0.0,0.0,0.0,0.0,0.0,0.0,0.0,0.0,0.0,0.0,0.0,0.0,0.0,0.0,0.0,0.0,0.0,0.0,0.0,0.0,0.0,0.0,0.0,0.0,0.0,0.0,0.0,0.0,0.0,0.0,0.0,0.0,0.0,0.0,0.0,0.0,0.0,0.0,0.0,0.0,0.0,0.0,0.0,0.0,0.0,0.0,0.0,0.0,0.0,0.0,0.0,0.0,0.0,0.0,0.0,0.0,0.0,0.0,0.0,0.0,0.0,0.0,0.0,0.0,0.0,0.0,0.0",6.1,63094.5390625,968771.78125,8688.4853515625,152368.44580078125,21.13720703125
1791397717.980153,aggregate_n8_vmnos8_r1:confirmation,6.1,"9.3,8.0,7.8,11.9,7.1,6.9,17.6,8.8,7.1,12.2,8.9,32.7,2.0,4.0,10.0,5.9,12.9,6.0,4.0,5.9,6.1,9.9,6.0,5.3,4.9,5.0,4.0,6.9,3.0,3.0,58.0,84.0,100.0,41.6,2.9,3.0,4.0,5.0,5.0,4.0,6.1,6.9,5.0,6.9,5.0,6.9,7.0,7.1,8.9,4.3,3.0,5.2,30.6,10.0,5.1,13.0,2.0,4.0,6.1,3.2,14.9,5.0,4.0,3.0,8.9,1.0,3.0,5.9,100.0,100.0,99.0,100.0,100.0,99.0,100.0,100.0,0.0,0.0,0.0,0.0,0.0,2.9,0.0,0.0,0.0,0.0,0.0,0.0,0.0,0.0,0.0,0.0,0.0,0.0,0.0,0.0,0.0,0.0,8.8,1.0,0.0,1.0,0.0,0.0,0.0,0.0,0.0,0.0,0.0,0.0,0.0,0.0,0.0,0.0,0.0,0.0,0.0,0.0,0.0,0.0,0.0,0.0,0.0,0.0,0.0,0.0,0.0,0.0,0.0,0.0,0.0,0.0,0.0,0.0,0.0,0.0,0.0,0.0,0.0,0.0,0.0,1.0,0.0,0.0,0.0,0.0,0.0,0.0,0.0,0.0,0.0,0.0,0.0,0.0,0.0,0.0,0.0,0.0,0.0,0.0,0.0,0.0,0.0,0.0,0.0,0.0,0.0,0.0,0.0,0.0,0.0,0.0,0.0,0.0,0.0,0.0,0.0,0.0,0.0,0.0,0.0,0.0,0.0,0.0,0.0,0.0,0.0,0.0,0.0,0.0,0.0,0.0,0.0,0.0,0.0,0.0,0.0,0.0,0.0,0.0,0.0,0.0,0.0,0.0,0.0,0.0,0.0,0.0,0.0,0.0,0.0,0.0,0.0,0.0,0.0,0.0,0.0,0.0,0.0,0.0,0.0,0.0,0.0,0.0,0.0,0.0,0.0,0.0,0.0,0.0,0.0,0.0,0.0,0.0,0.0,0.0,0.0,0.0,0.0,0.0,0.0,0.0,0.0,0.0,0.0,0.0,0.0,0.0,0.0,0.0,0.0,0.0,0.0,0.0,0.0",6.1,63226.44140625,968639.87890625,8688.4853515625,152368.44580078125,21.13720703125
1791397719.002716,aggregate_n8_vmnos8_r1:confirmation,4.6,"12.2,2.0,2.0,0.0,3.9,0.0,1.0,3.0,3.0,2.0,2.0,0.0,0.0,0.0,1.0,4.1,0.0,1.9,1.0,1.0,1.0,1.0,0.0,1.1,2.0,0.0,1.0,1.9,1.0,2.0,79.4,9.8,31.7,69.6,2.9,0.0,2.0,1.0,1.0,3.9,1.0,3.0,2.0,3.0,3.0,4.0,2.9,0.0,0.0,2.0,6.0,3.0,3.1,2.9,2.0,1.0,1.0,0.0,0.0,6.0,2.0,0.0,1.9,0.0,0.0,1.0,1.0,0.0,99.0,99.0,100.0,100.0,100.0,100.0,100.0,99.0,0.0,0.0,0.0,0.0,0.0,0.0,0.0,0.0,0.0,0.0,0.0,0.0,0.0,0.0,0.0,0.0,0.0,0.0,0.0,0.0,0.0,0.0,3.9,4.9,3.9,0.0,0.0,0.0,0.0,0.0,0.0,0.0,0.0,0.0,0.0,0.0,0.0,0.0,0.0,0.0,0.0,0.0,0.0,0.0,0.0,0.0,0.0,0.0,0.0,0.0,0.0,0.0,0.0,0.0,0.0,0.0,0.0,0.0,0.0,0.0,0.0,0.0,0.0,0.0,0.0,0.0,0.0,0.0,0.0,0.0,0.0,0.0,0.0,0.0,0.0,0.0,0.0,0.0,0.0,0.0,0.0,0.0,0.0,0.0,0.0,0.0,0.0,0.0,0.0,0.0,0.0,0.0,0.0,0.0,0.0,0.0,0.0,0.0,0.0,0.0,0.0,0.0,0.0,0.0,0.0,0.0,0.0,0.0,0.0,0.0,0.0,0.0,0.0,0.0,0.0,0.0,0.0,0.0,0.0,0.0,0.0,0.0,0.0,0.0,0.0,0.0,0.0,0.0,0.0,0.0,0.0,0.0,0.0,0.0,0.0,0.0,77.5,0.0,0.0,0.0,0.0,0.0,0.0,0.0,0.0,0.0,0.0,0.0,0.0,0.0,0.0,0.0,0.0,0.0,0.0,0.0,0.0,0.0,0.0,0.0,0.0,0.0,0.0,0.0,0.0,0.0,0.0,0.0,0.0,0.0,0.0,0.0,0.0,0.0,0.0,0.0,0.0,0.0,0.0",6.1,63265.4609375,968600.859375,8688.4853515625,152368.97314453125,21.13720703125
1791397720.0250309,aggregate_n8_vmnos8_r1:confirmation,6.1,"13.0,9.0,10.8,4.1,8.7,4.0,7.8,15.8,8.0,5.9,6.0,5.0,5.0,6.0,7.8,21.4,6.8,5.0,5.0,5.0,4.9,9.8,6.9,5.2,4.9,5.0,4.0,8.0,2.0,1.0,34.0,18.8,37.4,85.4,4.9,3.9,6.9,9.9,4.0,4.9,7.0,6.1,8.0,6.9,10.9,8.9,5.1,8.8,5.9,8.1,5.9,12.2,6.3,8.0,11.0,6.9,2.0,3.9,4.9,4.0,5.9,6.7,2.0,4.9,4.0,40.0,3.9,3.0,100.0,100.0,100.0,100.0,100.0,100.0,100.0,100.0,0.0,0.0,0.0,0.0,0.0,0.0,0.0,0.0,2.9,0.0,0.0,0.0,0.0,0.0,0.0,0.0,0.0,0.0,0.0,0.0,0.0,0.0,5.0,5.9,2.9,2.9,0.0,0.0,0.0,0.0,0.0,0.0,0.0,0.0,0.0,0.0,0.0,0.0,0.0,0.0,0.0,0.0,0.0,0.0,0.0,0.0,0.0,0.0,0.0,0.0,0.0,0.0,0.0,0.0,0.0,0.0,0.0,0.0,0.0,0.0,0.0,0.0,0.0,0.0,0.0,2.0,0.0,0.0,0.0,0.0,0.0,0.0,0.0,0.0,0.0,0.0,0.0,0.0,0.0,0.0,0.0,0.0,0.0,0.0,0.0,0.0,0.0,0.0,0.0,0.0,0.0,0.0,0.0,0.0,0.0,0.0,0.0,0.0,0.0,0.0,0.0,0.0,0.0,0.0,0.0,0.0,0.0,0.0,0.0,0.0,0.0,0.0,0.0,0.0,0.0,0.0,0.0,0.0,0.0,0.0,0.0,0.0,0.0,0.0,0.0,0.0,0.0,0.0,0.0,0.0,0.0,0.0,0.0,0.0,0.0,0.0,100.0,0.0,0.0,0.0,0.0,0.0,0.0,0.0,0.0,0.0,0.0,0.0,0.0,0.0,0.0,0.0,0.0,0.0,0.0,0.0,0.0,0.0,0.0,0.0,0.0,0.0,0.0,0.0,0.0,0.0,0.0,0.0,0.0,0.0,0.0,0.0,0.0,0.0,0.0,0.0,0.0,0.0,0.0",6.0,62425.68359375,969440.63671875,8688.4853515625,152368.97314453125,21.13720703125
1791397721.0509837,aggregate_n8_vmnos8_r1:confirmation,5.2,"13.5,3.0,6.0,2.0,2.0,2.9,5.0,3.0,7.8,2.0,2.0,2.0,1.0,1.0,3.0,5.0,1.0,1.0,0.0,2.0,1.9,3.0,18.0,1.0,4.0,2.0,2.0,3.0,3.9,5.8,1.0,36.0,98.0,80.8,2.0,2.0,2.9,2.0,1.0,2.9,1.0,2.0,3.9,3.0,3.9,3.0,5.1,5.0,2.0,5.2,2.0,5.1,5.1,3.0,5.0,5.0,1.9,2.9,1.0,1.0,4.9,4.0,0.0,3.0,1.0,4.0,2.0,2.0,100.0,100.0,100.0,100.0,100.0,100.0,100.0,100.0,0.0,0.0,0.0,0.0,0.0,0.0,0.0,0.0,2.0,0.0,0.0,0.0,0.0,0.0,0.0,0.0,0.0,0.0,0.0,0.0,0.0,0.0,0.0,1.0,0.0,2.0,0.0,0.0,0.0,0.0,0.0,0.0,0.0,0.0,0.0,0.0,0.0,0.0,0.0,0.0,0.0,0.0,0.0,0.0,0.0,0.0,0.0,0.0,0.0,0.0,0.0,0.0,0.0,0.0,0.0,0.0,0.0,0.0,0.0,0.0,0.0,0.0,0.0,0.0,0.0,0.0,0.0,0.0,0.0,0.0,0.0,0.0,0.0,0.0,0.0,0.0,0.0,0.0,0.0,0.0,0.0,0.0,0.0,0.0,0.0,0.0,0.0,0.0,0.0,0.0,0.0,0.0,0.0,0.0,0.0,0.0,0.0,0.0,0.0,0.0,0.0,0.0,0.0,0.0,0.0,0.0,0.0,0.0,0.0,0.0,0.0,0.0,0.0,0.0,0.0,0.0,0.0,0.0,0.0,0.0,0.0,0.0,0.0,0.0,0.0,0.0,0.0,0.0,0.0,0.0,0.0,0.0,0.0,0.0,0.0,0.0,100.0,0.0,0.0,0.0,0.0,0.0,0.0,0.0,0.0,0.0,0.0,0.0,0.0,0.0,0.0,0.0,0.0,0.0,0.0,0.0,0.0,0.0,0.0,0.0,0.0,0.0,0.0,0.0,0.0,0.0,0.0,0.0,0.0,0.0,0.0,0.0,0.0,0.0,0.0,0.0,0.0,0.0,0.0",6.1,62912.59765625,968953.72265625,8688.4853515625,152370.32470703125,20.8857421875
1791397722.0613048,aggregate_n8_vmnos8_r1:confirmation,6.2,"4.6,6.1,12.1,5.0,8.1,5.9,5.9,8.1,11.0,5.1,4.0,5.2,6.0,10.5,5.1,9.8,4.0,11.0,5.0,7.1,4.0,5.1,4.1,5.1,8.9,4.0,2.0,6.9,2.0,22.2,5.0,100.0,96.0,81.4,4.0,5.0,8.1,5.1,6.1,5.1,16.0,19.0,5.9,6.1,5.0,10.1,14.0,5.1,5.0,7.1,4.0,7.0,22.1,15.6,5.1,6.1,5.0,5.1,5.9,5.0,7.0,5.0,5.1,5.1,4.0,3.0,3.0,0.0,100.0,100.0,100.0,100.0,99.0,100.0,99.0,100.0,0.0,0.0,0.0,0.0,0.0,0.0,0.0,0.0,1.0,1.0,0.0,0.0,0.0,0.0,0.0,0.0,0.0,0.0,0.0,0.0,0.0,0.0,3.9,2.0,0.0,2.0,0.0,0.0,0.0,0.0,0.0,0.0,0.0,0.0,0.0,0.0,0.0,0.0,0.0,0.0,0.0,0.0,0.0,0.0,0.0,0.0,0.0,0.0,0.0,0.0,0.0,0.0,0.0,0.0,0.0,0.0,0.0,0.0,1.0,0.0,0.0,0.0,0.0,0.0,0.0,0.0,0.0,0.0,0.0,0.0,0.0,0.0,0.0,0.0,0.0,0.0,1.0,0.0,0.0,0.0,0.0,0.0,0.0,0.0,0.0,0.0,0.0,0.0,0.0,0.0,0.0,0.0,0.0,0.0,0.0,0.0,0.0,0.0,0.0,0.0,0.0,0.0,0.0,0.0,0.0,0.0,0.0,0.0,0.0,0.0,0.0,0.0,0.0,0.0,0.0,0.0,0.0,0.0,0.0,0.0,0.0,0.0,0.0,0.0,0.0,0.0,0.0,0.0,0.0,0.0,0.0,0.0,0.0,0.0,0.0,0.0,40.0,0.0,0.0,0.0,0.0,0.0,0.0,0.0,0.0,0.0,0.0,0.0,0.0,0.0,0.0,0.0,0.0,0.0,0.0,0.0,0.0,0.0,0.0,0.0,0.0,0.0,0.0,0.0,0.0,0.0,0.0,0.0,0.0,0.0,0.0,0.0,0.0,0.0,0.0,0.0,0.0,0.0,0.0",6.1,63070.82421875,968795.49609375,8688.4853515625,152370.32470703125,20.8857421875
1791397723.069428,aggregate_n8_vmnos8_r1:confirmation,5.4,"11.9,12.2,8.2,7.2,4.0,7.0,3.0,5.1,4.0,4.9,4.0,4.9,4.0,7.4,5.0,2.1,3.0,5.0,2.0,6.9,4.9,5.0,3.1,3.0,2.0,1.0,3.0,5.0,2.9,2.0,32.7,100.0,65.0,100.0,4.1,2.0,4.0,3.0,4.0,2.1,4.0,21.4,4.0,5.0,3.0,3.0,5.0,4.2,2.1,3.1,3.0,5.2,4.2,5.0,4.0,2.0,7.9,5.0,4.0,5.0,4.0,2.0,5.9,8.0,2.0,0.0,2.0,1.0,100.0,100.0,99.0,99.0,100.0,100.0,100.0,100.0,0.0,0.0,0.0,0.0,0.0,1.0,0.0,0.0,0.0,0.0,0.0,0.0,0.0,0.0,0.0,0.0,0.0,0.0,0.0,0.0,0.0,0.0,2.0,3.0,0.0,2.0,0.0,0.0,0.0,0.0,0.0,0.0,0.0,0.0,0.0,0.0,0.0,0.0,0.0,0.0,0.0,0.0,0.0,0.0,0.0,0.0,0.0,0.0,0.0,0.0,0.0,0.0,0.0,0.0,0.0,0.0,0.0,0.0,0.0,0.0,0.0,0.0,0.0,0.0,0.0,0.0,2.1,0.0,0.0,0.0,0.0,0.0,0.0,0.0,0.0,0.0,0.0,0.0,0.0,0.0,0.0,0.0,0.0,0.0,0.0,0.0,0.0,0.0,0.0,0.0,0.0,0.0,0.0,0.0,0.0,0.0,0.0,0.0,0.0,0.0,0.0,0.0,0.0,0.0,0.0,0.0,0.0,0.0,0.0,0.0,0.0,0.0,0.0,0.0,0.0,0.0,0.0,0.0,0.0,0.0,0.0,0.0,0.0,0.0,0.0,0.0,0.0,0.0,0.0,0.0,0.0,0.0,0.0,0.0,0.0,0.0,0.0,0.0,0.0,0.0,0.0,0.0,0.0,0.0,0.0,0.0,0.0,0.0,0.0,0.0,0.0,0.0,0.0,0.0,0.0,0.0,0.0,0.0,0.0,0.0,0.0,0.0,0.0,0.0,0.0,0.0,0.0,0.0,0.0,0.0,0.0,0.0,0.0,0.0,0.0,0.0,0.0,0.0,0.0",6.1,63129.58984375,968736.73046875,8688.4853515625,152370.32470703125,20.8857421875
1791397724.0827804,aggregate_n8_vmnos8_r1:confirmation,5.1,"6.9,10.0,4.0,3.0,3.0,2.0,3.0,3.0,2.0,2.0,4.1,3.0,1.0,17.8,9.7,6.0,2.1,3.0,2.0,3.0,2.0,5.0,2.0,2.0,2.9,3.0,1.0,2.0,1.0,2.0,42.0,99.0,57.0,8.3,5.0,3.0,3.1,4.0,3.0,4.0,1.0,3.0,3.9,9.0,3.0,4.0,5.0,2.0,4.0,5.0,3.0,3.2,5.1,9.0,4.0,2.0,3.0,3.9,3.0,4.0,38.0,2.0,6.0,3.0,3.0,0.0,0.0,2.0,100.0,100.0,100.0,100.0,100.0,100.0,100.0,100.0,0.0,0.0,0.0,0.0,0.0,0.0,0.0,0.0,0.0,0.0,0.0,0.0,0.0,0.0,0.0,0.0,0.0,0.0,0.0,0.0,0.0,0.0,0.0,1.0,0.0,0.0,0.0,0.0,0.0,0.0,0.0,0.0,0.0,0.0,0.0,0.0,0.0,0.0,0.0,0.0,0.0,0.0,0.0,0.0,0.0,0.0,0.0,0.0,0.0,0.0,0.0,0.0,0.0,0.0,0.0,0.0,0.0,0.0,0.0,0.0,0.0,0.0,0.0,0.0,0.0,0.0,1.0,0.0,0.0,0.0,0.0,0.0,0.0,0.0,0.0,0.0,0.0,0.0,0.0,0.0,0.0,0.0,0.0,0.0,0.0,0.0,0.0,0.0,0.0,0.0,0.0,0.0,0.0,0.0,0.0,0.0,0.0,0.0,0.0,0.0,0.0,0.0,0.0,0.0,0.0,0.0,0.0,0.0,0.0,0.0,0.0,0.0,0.0,0.0,0.0,0.0,0.0,0.0,0.0,0.0,0.0,0.0,0.0,0.0,0.0,0.0,0.0,0.0,0.0,0.0,0.0,0.0,0.0,0.0,0.0,0.0,0.0,0.0,0.0,0.0,0.0,0.0,0.0,0.0,0.0,0.0,0.0,0.0,0.0,0.0,0.0,0.0,0.0,0.0,0.0,0.0,0.0,0.0,0.0,0.0,0.0,0.0,0.0,0.0,0.0,0.0,0.0,0.0,0.0,0.0,0.0,0.0,0.0,0.0,0.0,0.0,0.0,0.0,0.0",6.1,63269.875,968596.4453125,8688.4853515625,152370.59423828125,20.8857421875
1791397725.1123545,aggregate_n8_vmnos8_r1:confirmation,5.4,"14.9,10.5,7.8,8.0,5.0,7.8,6.9,6.1,8.8,9.0,5.9,4.9,6.8,3.0,6.2,7.1,6.2,4.0,4.0,3.0,5.0,6.8,4.9,9.3,2.0,8.8,2.9,3.9,4.0,2.0,10.9,84.3,32.0,41.7,4.0,3.1,5.1,4.0,4.3,4.2,4.0,9.9,7.9,9.9,4.0,7.0,8.9,9.9,6.9,11.5,6.0,17.9,9.6,6.0,5.9,5.0,4.0,3.9,10.2,5.9,3.0,8.7,5.1,5.0,2.0,2.0,1.0,2.0,100.0,99.0,100.0,100.0,100.0,99.0,100.0,100.0,0.0,0.0,0.0,0.0,0.0,0.0,0.0,0.0,0.0,0.0,0.0,0.0,0.0,0.0,0.0,0.0,0.0,0.0,0.0,0.0,0.0,0.0,6.9,7.8,0.0,8.7,0.0,0.0,0.0,0.0,0.0,0.0,0.0,0.0,0.0,0.0,0.0,0.0,0.0,0.0,0.0,0.0,0.0,0.0,0.0,0.0,0.0,0.0,0.0,0.0,0.0,0.0,0.0,0.0,0.0,0.0,0.0,0.0,0.0,0.0,0.0,0.0,0.0,0.0,0.0,2.0,0.0,0.0,0.0,0.0,0.0,0.0,0.0,0.0,0.0,0.0,0.0,0.0,0.0,0.0,0.0,0.0,0.0,0.0,0.0,0.0,0.0,0.0,0.0,0.0,0.0,0.0,0.0,0.0,0.0,0.0,0.0,0.0,0.0,0.0,0.0,0.0,0.0,0.0,0.0,0.0,0.0,0.0,0.0,0.0,0.0,0.0,0.0,0.0,0.0,0.0,0.0,0.0,0.0,0.0,0.0,0.0,0.0,0.0,0.0,0.0,0.0,0.0,0.0,0.0,0.0,0.0,0.0,0.0,0.0,0.0,0.0,0.0,0.0,0.0,0.0,0.0,0.0,0.0,0.0,0.0,0.0,0.0,0.0,0.0,0.0,0.0,0.0,0.0,0.0,0.0,0.0,0.0,0.0,0.0,0.0,0.0,0.0,0.0,0.0,0.0,0.0,0.0,0.0,0.0,0.0,0.0,0.0,0.0,0.0,0.0,0.0,0.0,0.0",6.1,62788.43359375,969077.88671875,8688.4853515625,152370.59423828125,20.8857421875
1791397726.1221867,idle,5.2,"9.3,3.1,4.0,10.2,2.0,2.0,8.1,2.0,5.0,5.9,3.0,1.0,16.2,4.0,4.0,5.9,2.0,1.0,1.0,2.0,2.0,6.1,13.1,4.2,1.0,1.0,1.0,0.0,1.0,3.0,30.3,5.0,100.0,67.3,2.0,1.0,2.0,4.1,5.1,0.0,1.0,2.0,3.1,41.6,1.0,14.1,1.0,9.2,5.1,14.0,2.0,6.2,9.2,2.1,7.1,3.1,3.0,9.1,6.1,4.0,0.0,16.2,3.0,9.9,0.0,0.0,1.0,2.0,100.0,100.0,100.0,100.0,100.0,100.0,100.0,100.0,0.0,0.0,0.0,0.0,0.0,0.0,1.0,0.0,2.1,0.0,0.0,0.0,0.0,0.0,0.0,0.0,0.0,0.0,0.0,0.0,0.0,0.0,0.0,0.0,2.0,0.0,0.0,1.0,0.0,0.0,0.0,0.0,0.0,0.0,0.0,0.0,0.0,0.0,0.0,0.0,0.0,0.0,0.0,0.0,0.0,0.0,0.0,0.0,0.0,0.0,0.0,0.0,0.0,0.0,0.0,0.0,0.0,0.0,0.0,0.0,0.0,0.0,0.0,0.0,0.0,0.0,1.0,0.0,0.0,0.0,0.0,0.0,0.0,0.0,0.0,0.0,0.0,0.0,0.0,0.0,0.0,0.0,0.0,0.0,0.0,0.0,0.0,0.0,0.0,0.0,0.0,0.0,0.0,0.0,0.0,0.0,0.0,0.0,0.0,0.0,0.0,0.0,0.0,0.0,0.0,0.0,0.0,0.0,0.0,0.0,0.0,0.0,0.0,0.0,0.0,0.0,0.0,0.0,0.0,0.0,0.0,0.0,0.0,0.0,0.0,0.0,0.0,0.0,0.0,0.0,0.0,0.0,0.0,0.0,0.0,0.0,0.0,0.0,0.0,0.0,0.0,0.0,0.0,0.0,0.0,0.0,0.0,0.0,0.0,0.0,0.0,0.0,0.0,0.0,0.0,0.0,0.0,0.0,0.0,0.0,0.0,0.0,0.0,0.0,0.0,0.0,0.0,0.0,0.0,0.0,0.0,0.0,0.0,0.0,0.0,0.0,0.0,0.0,0.0",6.1,62990.81640625,968875.50390625,8688.4853515625,152372.07861328125,20.97509765625
1791397727.147011,individual_n8_vmnos8_r2:confirmation,9.6,"31.3,17.6,25.7,36.8,22.6,16.0,30.8,28.6,18.4,20.0,31.0,24.0,22.2,21.2,25.2,26.5,24.5,17.4,27.6,21.9,21.2,20.8,23.1,34.3,14.3,15.7,12.3,31.8,18.3,21.3,48.1,88.8,54.6,100.0,15.1,18.7,13.7,15.5,14.0,18.5,26.9,35.8,29.8,26.7,18.9,24.0,22.9,18.1,25.2,19.6,21.9,25.5,20.0,20.0,18.1,34.0,18.3,22.5,40.4,19.8,24.3,28.6,24.8,21.0,16.0,17.3,17.4,13.3,99.1,100.0,100.0,100.0,100.0,100.0,100.0,100.0,0.0,0.0,0.0,0.0,0.0,0.0,0.0,0.0,0.0,0.0,0.0,0.0,0.0,0.0,0.0,0.0,0.0,0.0,0.0,0.0,0.0,0.0,0.0,0.0,1.8,0.0,0.0,0.0,0.0,0.0,0.0,0.0,0.0,0.0,0.0,0.0,0.0,0.0,0.0,0.0,0.0,0.0,0.0,0.0,0.0,0.0,0.0,0.0,0.0,0.0,0.0,0.0,0.0,0.0,0.0,0.0,0.0,0.0,0.0,0.0,0.0,0.0,0.0,0.0,0.0,1.9,0.0,0.0,0.0,0.0,0.0,0.0,0.0,0.0,0.0,0.0,0.0,0.0,0.0,0.0,0.0,0.0,0.0,0.0,0.0,0.0,0.0,0.0,0.0,0.0,0.0,0.0,0.0,0.0,0.0,0.0,0.0,0.0,0.0,0.0,0.0,0.0,0.0,0.0,0.0,0.0,0.0,0.0,0.0,0.0,0.0,0.0,0.0,0.0,0.0,0.0,0.0,0.0,0.0,0.0,0.0,0.0,0.0,0.0,0.0,0.0,0.0,0.0,0.0,0.0,0.0,0.0,0.0,0.0,0.0,0.0,0.0,0.0,0.0,0.0,0.0,0.0,0.0,0.0,0.0,0.0,0.0,0.0,0.0,0.0,0.0,0.0,0.0,0.0,0.0,0.0,0.0,0.0,0.0,0.0,0.0,0.0,0.0,0.0,0.0,0.0,0.0,0.0,0.0,0.0,0.0,0.0,0.0,0.0,0.0,0.0,0.0,0.0,0.0",6.2,64318.66015625,967547.66015625,8688.4853515625,152372.07861328125,20.97509765625
1791397728.2413213,individual_n8_vmnos8_r2:confirmation,5.8,"6.5,9.2,10.9,14.4,6.8,3.3,0.8,19.7,9.9,8.3,23.5,5.0,5.1,6.7,11.9,5.8,0.0,1.6,0.0,3.3,4.9,5.9,4.2,0.8,1.7,1.6,0.8,1.7,2.4,1.6,27.4,38.5,53.3,83.6,5.8,2.5,2.5,2.5,6.6,1.6,16.0,5.9,8.5,4.1,8.3,3.4,4.1,3.3,3.3,14.2,1.7,5.1,9.6,3.4,6.0,1.7,11.2,3.3,4.2,1.7,5.9,6.6,5.0,22.7,1.7,3.3,0.0,0.8,100.0,100.0,100.0,100.0,100.0,100.0,100.0,100.0,0.0,0.0,0.0,0.0,0.0,0.8,0.0,0.0,1.7,0.0,0.0,0.0,0.0,0.0,0.0,0.0,0.0,0.0,0.0,0.0,0.0,0.0,9.8,2.4,4.1,3.3,0.0,0.0,0.0,0.0,0.0,0.0,0.0,0.0,0.0,0.0,0.0,0.0,0.0,0.0,0.0,0.0,0.0,0.0,0.0,0.0,0.0,0.0,0.0,0.0,0.0,0.0,0.0,0.8,0.0,0.0,0.0,0.0,0.0,0.0,0.0,0.0,0.0,0.0,0.0,0.8,0.0,0.0,0.0,0.0,0.0,0.0,0.0,0.0,0.0,0.0,0.0,0.0,0.0,0.0,0.0,0.0,0.0,0.0,0.0,0.0,0.0,0.0,0.0,0.0,0.0,0.0,0.0,0.0,0.0,0.0,0.0,0.0,0.0,0.0,0.0,0.0,0.0,0.0,0.0,0.0,0.0,0.0,0.0,0.0,0.0,0.0,0.0,0.0,0.0,0.0,0.0,0.0,0.0,0.0,0.0,0.0,0.0,0.0,0.0,0.0,0.0,0.0,0.0,0.0,0.0,0.0,0.0,0.0,0.0,0.0,0.0,0.0,0.0,0.0,0.0,0.0,0.0,0.0,0.0,0.0,0.0,0.0,0.0,0.0,0.0,0.0,0.0,0.0,0.0,0.0,0.0,0.0,0.0,0.0,0.0,0.0,0.0,0.0,0.0,0.0,0.0,0.0,0.0,0.0,0.0,0.0,0.0,0.0,0.0,0.0,0.0,0.0,0.0",6.1,63238.9140625,968627.40625,8688.4853515625,152372.60986328125,20.97509765625
1791397729.4984412,individual_n8_vmnos8_r2:confirmation,7.1,"9.8,25.5,28.0,22.5,5.8,12.6,37.8,34.7,30.7,12.7,15.0,3.0,3.1,4.0,7.9,28.7,8.9,7.0,9.8,18.6,6.9,18.4,5.1,19.2,3.8,3.9,5.8,6.7,2.9,4.8,31.1,94.3,32.7,68.6,6.8,8.6,36.5,8.7,8.0,6.9,8.1,13.0,4.9,10.7,39.0,5.9,16.5,17.6,14.9,19.0,18.6,7.9,11.3,11.9,12.0,9.0,27.5,12.7,28.8,10.7,6.8,16.2,16.7,8.7,4.8,30.8,3.9,3.8,100.0,100.0,100.0,99.1,100.0,99.0,100.0,100.0,0.0,0.0,0.0,0.0,0.0,0.0,0.0,0.0,1.0,0.0,0.0,0.0,0.0,0.0,0.0,0.0,0.0,0.0,0.0,0.0,0.0,0.0,0.0,0.0,0.0,0.9,0.0,0.0,0.0,0.0,0.0,0.0,0.0,0.0,0.0,0.0,0.0,0.0,0.0,0.0,0.0,0.0,0.0,0.0,0.0,0.0,0.0,0.0,0.0,0.0,0.0,0.0,0.0,0.0,0.0,0.0,0.0,0.0,0.0,0.0,0.0,0.0,0.0,0.0,0.0,0.0,0.0,0.0,0.0,0.0,0.0,0.0,0.0,0.0,0.0,0.0,0.0,0.0,0.0,0.0,0.0,0.0,0.0,0.0,0.0,0.0,0.0,0.0,0.0,0.0,0.0,0.0,0.0,0.0,0.0,0.0,0.0,0.0,0.0,0.0,0.0,0.9,0.0,0.0,0.0,0.0,0.0,0.9,0.0,0.0,0.0,0.0,0.0,0.0,0.0,0.0,0.0,0.0,0.0,0.0,0.0,0.0,0.0,0.0,0.0,0.0,0.0,0.0,0.0,0.0,0.0,0.0,0.0,0.0,0.0,0.0,0.0,0.0,0.0,0.0,0.0,0.0,0.0,0.0,0.0,0.0,0.0,0.0,0.0,0.0,0.0,0.0,0.0,0.0,0.0,0.0,0.0,0.0,0.0,0.0,0.0,0.0,0.0,0.0,0.0,0.0,0.0,0.0,0.0,0.0,0.0,0.0,0.0,0.0,0.0,0.0,0.0,0.0,0.0",6.2,63541.03515625,968325.28515625,8688.4853515625,152372.60986328125,20.97509765625
1791397730.5419462,individual_n8_vmnos8_r2:confirmation,5.2,"3.3,14.9,5.9,5.1,4.9,3.9,4.8,1.0,2.9,4.7,1.0,1.0,0.0,3.8,1.9,4.8,2.9,1.9,1.9,1.9,3.8,5.9,14.4,8.7,0.9,2.8,2.9,0.0,1.9,3.7,75.2,35.5,87.0,69.4,2.9,3.8,2.8,2.9,3.7,2.8,4.9,2.9,2.9,1.0,0.0,2.9,1.0,1.0,2.9,5.0,3.9,8.2,7.0,6.0,9.6,2.9,8.4,4.9,4.9,6.5,3.9,3.8,0.0,7.6,1.9,14.8,0.9,1.8,100.0,100.0,100.0,100.0,99.1,100.0,100.0,99.1,0.0,0.0,0.0,0.0,0.0,0.9,0.0,0.0,0.0,0.0,0.0,0.0,0.0,0.0,0.0,0.0,0.0,0.0,0.0,0.0,0.0,0.0,0.0,3.7,3.7,4.6,0.0,0.0,0.0,0.0,0.0,0.0,0.0,0.0,0.0,0.0,0.0,0.0,0.0,0.0,0.0,0.0,0.0,0.0,0.0,0.0,0.0,0.0,0.0,0.0,0.0,0.0,0.0,0.0,0.0,0.0,0.0,0.0,0.9,0.0,0.0,0.0,0.0,0.0,0.0,0.0,0.0,0.0,0.0,0.0,0.0,0.0,0.0,0.0,0.0,0.0,0.0,0.0,0.0,0.0,0.9,0.0,0.0,0.0,0.0,0.0,0.0,0.0,0.0,0.0,0.0,0.0,0.0,0.0,0.0,0.0,0.0,0.0,0.0,0.0,0.0,0.9,0.0,0.0,0.0,0.0,0.0,0.0,0.0,0.0,0.0,0.0,0.0,0.0,0.0,0.0,0.0,0.0,0.0,0.0,0.0,0.0,0.0,0.0,0.0,0.0,0.0,0.0,0.0,0.0,0.0,0.0,0.0,0.0,0.0,0.0,0.0,0.0,0.0,0.0,0.0,0.0,0.0,0.0,0.0,0.0,0.0,0.0,0.0,0.0,0.0,0.0,0.0,0.0,0.0,0.0,0.0,0.0,0.0,0.0,0.0,0.0,0.0,0.0,0.0,0.0,0.0,0.0,0.0,0.0,0.0,0.0,0.0,0.0,0.0,0.0,0.0,0.0,0.0",6.2,63824.828125,968041.4921875,8688.4853515625,152374.59033203125,20.97509765625
1791397731.7259755,individual_n8_vmnos8_r2:confirmation,7.3,"8.7,7.1,17.7,4.4,7.8,16.1,29.6,34.8,9.6,14.0,9.6,9.6,6.2,8.8,13.3,31.6,29.5,10.1,26.5,8.9,14.5,17.5,8.8,14.4,5.2,3.4,6.0,7.8,20.9,3.4,71.8,47.0,70.7,83.5,6.3,13.9,9.7,6.3,7.8,37.9,12.2,8.0,6.4,6.3,13.5,13.5,17.4,7.9,11.6,5.5,11.3,22.7,11.9,13.4,6.4,5.5,8.2,19.5,9.1,8.7,10.7,13.3,12.3,4.4,7.7,9.5,39.5,5.2,99.2,100.0,100.0,100.0,100.0,100.0,100.0,100.0,0.0,0.0,0.0,0.0,0.0,0.9,0.0,0.0,2.6,0.0,0.0,0.0,0.0,0.0,0.0,0.0,0.0,0.0,0.0,0.0,0.0,0.0,4.2,2.6,0.9,1.7,0.0,0.0,0.0,0.0,0.0,0.0,0.0,0.0,0.0,0.0,0.0,0.0,0.0,0.0,0.0,0.0,0.0,0.0,0.0,0.0,0.0,0.0,0.0,0.0,0.0,0.0,0.0,0.0,0.0,0.0,0.0,0.0,0.0,0.0,0.0,0.0,0.0,0.0,0.0,0.0,0.0,0.0,0.0,0.0,0.0,0.0,0.0,0.0,0.0,0.0,0.0,0.0,0.0,0.0,0.9,0.0,0.0,0.0,0.0,0.0,0.0,0.0,0.0,0.0,0.0,0.0,0.0,0.0,0.0,0.0,0.0,0.0,0.0,0.0,0.0,0.0,0.0,0.0,0.0,0.0,0.0,0.0,0.0,0.0,0.0,0.0,0.0,0.0,0.0,0.0,0.0,0.0,0.0,0.0,0.0,0.0,0.0,0.0,0.0,0.0,0.0,0.0,0.0,0.0,0.0,0.0,0.0,0.0,0.0,0.0,0.0,0.0,0.0,0.0,0.0,0.0,0.0,0.0,0.0,0.0,0.0,0.0,0.0,0.0,0.0,0.0,0.0,0.0,0.0,0.0,0.0,0.0,0.0,0.0,0.0,0.0,0.0,0.0,0.0,0.0,0.0,0.0,0.0,0.0,0.0,0.0,0.0,0.0,0.0,0.0,0.0,0.0,0.0",6.2,63488.421875,968377.8984375,8688.4853515625,152374.59033203125,21.0576171875
1791397732.8480332,individual_n8_vmnos8_r2:confirmation,5.3,"14.4,7.2,1.8,1.8,0.0,0.9,0.0,1.8,2.8,2.7,9.8,3.6,7.1,3.6,1.8,2.7,13.6,4.5,0.9,2.7,8.0,3.5,4.6,3.6,3.4,0.9,0.9,1.7,1.7,0.9,60.0,44.6,98.3,70.9,1.7,3.6,3.5,4.4,3.5,4.4,1.8,2.6,4.5,6.2,5.4,20.4,3.6,1.8,5.4,2.8,5.3,5.5,7.3,3.5,3.6,4.5,0.0,1.8,8.1,0.9,0.9,5.3,6.2,0.0,0.0,0.0,4.3,2.6,100.0,100.0,100.0,100.0,100.0,99.1,99.1,100.0,0.0,0.0,0.0,0.0,0.0,0.9,0.0,0.0,2.7,0.0,0.0,0.0,0.0,0.0,0.0,0.0,0.0,0.0,0.0,0.0,0.0,0.0,6.0,12.8,2.6,5.2,0.0,0.0,0.0,0.0,0.0,0.0,0.0,0.0,0.0,0.0,0.0,0.0,0.0,0.0,0.0,0.0,0.0,0.0,0.0,0.0,0.0,0.0,0.0,0.0,0.0,0.0,0.0,0.0,0.0,0.0,0.0,0.0,0.0,0.0,0.0,0.0,0.0,0.0,0.0,0.9,0.0,0.0,0.0,0.0,0.0,0.0,0.0,0.0,0.0,0.0,0.0,0.0,0.0,0.0,0.0,0.0,0.0,0.0,0.0,0.0,0.0,0.9,0.0,0.0,0.0,0.0,0.0,0.0,0.0,0.0,0.0,0.0,0.0,0.0,0.0,0.0,0.0,0.0,0.0,0.0,0.0,0.0,0.0,0.0,0.0,0.0,0.0,0.0,0.0,0.0,0.0,0.0,0.0,0.0,0.0,0.0,0.0,0.0,0.0,0.0,0.0,0.0,0.0,0.0,0.0,0.0,0.0,0.0,0.0,0.0,0.0,0.0,0.0,0.0,0.0,0.0,0.0,0.0,0.0,0.0,0.0,0.0,0.0,0.0,0.0,0.0,0.0,0.0,0.0,0.0,0.0,0.0,0.0,0.0,0.0,0.0,0.0,0.0,0.0,0.0,0.0,0.0,0.0,0.0,0.0,0.0,0.0,0.0,0.0,0.0,0.0,0.0,0.0",6.1,63329.75390625,968536.56640625,8688.4853515625,152374.59033203125,21.0576171875
1791397733.9472911,individual_n8_vmnos8_r2:confirmation,6.8,"6.5,6.7,13.9,12.3,5.8,13.3,4.7,17.1,8.7,8.5,20.0,10.2,10.5,13.0,16.0,12.3,9.7,8.5,7.3,8.3,16.7,13.2,18.3,17.6,3.6,33.6,1.9,6.4,5.5,2.8,90.0,97.3,15.5,15.6,9.3,14.2,6.8,14.4,24.1,13.1,9.4,10.0,10.2,15.1,4.7,11.2,23.8,14.3,8.3,13.1,11.9,7.8,21.7,3.8,9.3,3.7,7.4,10.2,12.0,6.5,15.7,8.5,7.7,5.7,9.1,8.9,6.4,9.8,100.0,99.1,100.0,100.0,100.0,100.0,100.0,100.0,0.0,0.0,0.0,0.0,0.0,0.0,0.0,0.0,4.6,0.9,0.0,0.0,0.0,0.0,0.0,0.0,0.0,0.0,0.0,0.0,0.0,0.0,4.6,3.6,1.8,2.7,0.0,0.0,0.0,0.0,0.0,0.0,0.0,0.0,0.0,0.0,0.0,0.0,0.0,0.0,0.0,0.0,0.0,0.0,0.0,0.0,0.0,0.0,0.0,0.0,0.0,0.0,0.0,0.0,0.0,0.0,0.0,0.0,0.0,0.0,0.0,0.0,0.0,0.0,0.0,1.8,0.0,0.0,0.0,0.0,0.0,0.0,0.0,0.0,0.0,0.0,0.0,0.0,0.0,0.0,0.0,0.0,0.0,0.0,0.0,0.0,0.0,0.0,0.0,0.0,0.0,0.0,0.0,0.0,0.0,0.0,0.0,0.0,0.0,0.0,0.0,0.0,0.0,0.0,0.0,0.0,0.0,0.0,0.0,0.0,0.0,0.0,0.0,0.0,0.0,0.0,0.0,0.0,0.0,0.0,0.0,0.0,0.0,0.0,0.0,0.0,0.0,0.0,0.0,0.0,0.0,0.0,0.0,0.0,0.0,0.0,0.0,0.0,0.0,0.0,0.0,0.0,0.0,0.0,0.0,0.0,0.0,0.0,0.0,0.0,0.0,0.0,0.0,0.0,0.0,0.0,0.0,0.0,0.0,0.0,0.0,0.0,0.0,0.0,0.0,0.0,0.0,0.0,0.0,0.0,0.0,0.0,0.0,0.0,0.0,0.0,0.0,0.0,0.0",6.2,63507.3828125,968358.9375,8688.4853515625,152374.82080078125,21.0576171875
1791397735.2408967,individual_n8_vmnos8_r2:confirmation,6.2,"14.8,10.2,10.0,6.6,7.4,4.2,7.6,8.2,10.1,8.3,5.0,5.7,5.7,6.6,6.7,9.8,5.7,11.9,18.9,9.0,10.7,18.2,5.8,8.2,1.6,7.2,10.3,3.2,6.5,4.0,67.2,88.0,69.0,2.4,5.8,12.0,4.2,12.3,5.8,8.1,8.3,4.1,7.2,12.2,5.7,12.1,8.3,5.0,12.1,5.0,6.6,14.5,7.7,12.3,13.7,7.7,6.7,11.9,13.8,4.9,7.3,11.0,18.3,9.5,7.2,7.3,4.0,5.7,99.2,100.0,100.0,100.0,100.0,100.0,100.0,100.0,0.0,0.0,0.0,0.0,0.0,0.8,0.0,0.0,0.0,0.0,0.0,0.0,0.0,0.0,0.0,0.0,0.0,0.0,0.0,0.0,0.0,0.0,4.8,5.6,0.0,0.0,0.0,0.0,0.0,0.0,0.0,0.0,0.0,0.0,0.0,0.0,0.0,0.0,0.0,0.0,0.0,0.0,0.0,0.0,0.0,0.0,0.0,0.0,0.0,0.0,0.0,0.0,0.0,0.0,0.0,0.0,0.0,0.0,0.0,0.0,0.0,0.0,0.0,0.0,0.0,0.8,0.0,0.0,0.0,0.0,0.0,0.0,0.0,0.0,0.0,0.0,0.0,0.0,0.0,0.0,0.0,0.0,0.0,0.0,0.0,0.0,0.0,0.0,0.0,0.0,0.0,0.0,0.0,0.0,0.0,0.0,0.0,0.0,0.0,0.0,0.0,0.0,0.0,0.0,0.0,0.0,0.0,0.0,0.0,0.0,0.0,0.0,0.0,0.0,0.0,0.0,0.0,0.0,0.0,0.0,0.0,0.0,0.0,0.0,0.0,0.0,0.0,0.0,0.0,0.0,0.0,0.0,0.0,0.0,0.0,0.0,0.0,0.0,0.0,0.0,0.0,0.0,0.0,0.0,0.0,0.0,0.0,0.0,0.0,0.0,0.0,0.0,0.0,0.0,0.0,0.0,0.0,0.0,0.0,0.0,0.0,0.0,0.0,0.0,0.0,0.0,0.0,0.0,0.0,0.0,0.0,0.0,0.0,0.0,0.0,0.0,0.0,0.0,0.0",6.1,63295.31640625,968571.00390625,8688.4853515625,152374.82080078125,21.0576171875
1791397736.3048167,individual_n8_vmnos8_r2:confirmation,5.1,"12.1,3.9,8.5,5.6,3.7,1.9,4.8,2.9,2.9,6.5,3.7,0.0,0.0,0.9,2.9,2.9,7.7,2.8,2.8,0.9,1.9,2.8,4.7,3.8,0.9,0.9,1.9,0.0,0.0,0.9,41.9,51.9,66.4,96.4,3.7,2.9,8.3,6.4,3.7,13.1,0.0,1.9,2.8,1.9,0.9,0.0,20.0,3.8,1.9,2.0,0.0,3.9,2.9,4.8,3.7,4.8,3.8,2.8,5.8,5.6,0.9,0.0,5.6,3.8,7.3,0.0,0.0,0.9,100.0,100.0,99.1,100.0,100.0,100.0,100.0,100.0,0.0,0.0,0.0,0.0,0.0,0.0,0.0,0.0,0.0,0.0,0.0,0.0,0.0,0.0,0.0,0.0,0.0,0.0,0.0,0.0,0.0,0.0,1.8,3.7,2.8,3.7,0.0,0.0,0.0,0.0,0.0,0.0,0.0,0.0,0.0,0.0,0.0,0.0,0.0,0.0,0.0,0.0,0.0,0.0,0.0,0.0,0.0,0.0,0.0,0.0,0.0,0.0,0.0,0.0,0.0,0.0,0.0,0.0,0.0,0.0,0.0,0.0,0.0,0.0,0.0,1.0,0.0,0.9,0.0,0.0,0.0,0.0,0.0,0.0,0.0,0.0,0.0,0.0,0.0,0.0,0.0,0.0,0.0,0.0,0.0,0.0,0.0,0.0,0.0,0.0,0.0,0.0,0.0,0.0,0.0,0.0,0.0,0.0,0.0,0.0,0.0,0.0,0.0,0.0,0.0,0.0,0.0,0.0,0.0,0.0,0.0,0.0,0.0,0.0,0.0,0.0,0.0,0.0,0.0,0.0,0.0,0.0,0.0,0.0,0.0,0.0,0.0,0.0,0.0,0.0,0.0,0.0,0.0,0.0,0.0,0.0,0.0,0.0,0.0,0.0,0.0,0.0,0.0,0.0,0.0,0.0,0.0,0.0,0.0,0.0,0.0,0.0,0.0,0.0,0.0,0.0,0.0,0.0,0.0,0.0,0.0,0.0,0.0,0.0,0.0,0.0,0.0,0.0,0.0,0.0,0.0,0.0,0.0,0.0,0.0,0.0,0.0,0.0,0.0",6.1,63058.3828125,968807.9375,8688.4853515625,152376.58251953125,21.53369140625
1791397737.421996,individual_n8_vmnos8_r2:confirmation,6.4,"12.1,5.4,23.0,5.1,14.0,5.9,14.0,8.9,15.5,14.9,9.8,7.8,6.3,10.1,9.1,18.2,27.3,9.0,16.0,13.0,20.0,15.7,10.0,10.5,8.7,5.8,5.8,3.9,13.6,5.9,52.9,51.0,2.9,65.4,8.9,8.1,21.0,11.3,7.9,6.9,16.8,8.0,13.9,11.8,10.0,8.9,23.8,7.1,5.9,7.9,14.9,7.1,9.2,11.1,14.6,5.1,13.9,14.0,10.0,13.9,6.1,10.9,4.1,8.7,5.9,5.8,6.9,11.8,99.0,100.0,100.0,100.0,100.0,99.0,100.0,100.0,0.0,0.0,0.0,0.0,0.0,0.0,0.0,0.0,0.0,0.0,0.0,0.0,0.0,0.0,0.0,0.0,0.0,0.0,0.0,0.0,0.0,0.0,0.0,1.0,1.0,1.0,0.0,0.0,0.0,0.0,0.0,0.0,0.0,0.0,0.0,0.0,0.0,0.0,0.0,0.0,0.0,0.0,0.0,0.0,0.0,0.0,0.0,0.0,0.0,0.0,0.0,0.0,0.0,0.0,0.0,0.0,0.0,0.0,0.0,0.0,0.0,0.0,0.0,0.0,0.0,1.0,0.0,0.0,0.0,0.0,0.0,0.0,0.0,0.0,0.0,0.0,0.0,0.0,0.0,0.0,0.0,0.0,0.0,0.0,0.0,0.0,0.0,0.0,0.0,0.0,0.0,0.0,0.0,0.0,0.0,0.0,0.0,0.0,0.0,0.0,0.0,0.0,0.0,0.0,0.0,0.0,0.0,0.0,0.0,0.0,0.0,0.0,0.0,0.0,0.0,0.0,0.0,0.0,0.0,0.0,0.0,0.0,0.0,0.0,0.0,0.0,0.0,0.0,0.0,0.0,0.0,0.0,0.0,0.0,0.0,0.0,0.0,0.0,0.0,0.0,0.0,0.0,0.0,0.0,0.0,0.0,0.0,0.0,0.0,0.0,0.0,0.0,0.0,0.0,0.0,0.0,0.0,0.0,0.0,0.0,0.0,0.0,0.0,0.0,0.0,0.0,0.0,0.0,0.0,0.0,0.0,0.0,0.0,0.0,0.0,0.0,0.0,0.0,0.0",6.1,62922.43359375,968943.88671875,8688.4853515625,152376.58251953125,21.53369140625
1791397738.4298728,individual_n8_vmnos8_r2:confirmation,5.0,"8.2,2.1,3.1,4.2,2.1,2.1,4.2,2.1,2.0,0.0,3.1,2.1,4.0,0.0,1.0,3.1,5.0,4.1,5.1,0.0,4.0,1.0,5.1,3.1,1.0,0.0,1.0,0.0,0.0,0.0,98.0,88.0,86.3,2.0,4.0,8.7,9.3,3.1,4.1,3.2,2.1,3.0,0.0,1.0,3.1,5.1,6.1,4.0,1.0,1.1,2.0,4.3,3.2,2.0,8.9,3.1,6.0,3.1,5.2,3.1,2.0,1.0,10.9,0.0,1.0,1.0,1.0,7.1,100.0,100.0,100.0,100.0,100.0,100.0,100.0,100.0,0.0,0.0,0.0,0.0,0.0,0.0,0.0,0.0,0.0,0.0,0.0,0.0,0.0,0.0,0.0,0.0,0.0,0.0,0.0,0.0,0.0,0.0,2.0,0.0,0.0,0.0,0.0,0.0,0.0,0.0,0.0,0.0,0.0,0.0,0.0,0.0,0.0,0.0,0.0,0.0,0.0,0.0,0.0,0.0,0.0,0.0,0.0,0.0,0.0,0.0,0.0,0.0,0.0,0.0,0.0,0.0,0.0,0.0,0.0,0.0,0.0,0.0,0.0,0.0,0.0,0.0,0.0,0.0,0.0,0.0,0.0,0.0,0.0,0.0,0.0,0.0,0.0,0.0,0.0,0.0,0.0,0.0,0.0,0.0,0.0,0.0,0.0,0.0,0.0,0.0,0.0,0.0,0.0,0.0,0.0,0.0,0.0,0.0,0.0,0.0,0.0,0.0,0.0,0.0,0.0,0.0,0.0,0.0,0.0,0.0,0.0,0.0,0.0,0.0,0.0,0.0,0.0,0.0,0.0,0.0,0.0,0.0,0.0,0.0,0.0,0.0,0.0,0.0,0.0,0.0,0.0,0.0,0.0,0.0,0.0,0.0,0.0,0.0,0.0,0.0,0.0,0.0,0.0,0.0,0.0,0.0,0.0,0.0,0.0,0.0,0.0,0.0,0.0,0.0,0.0,0.0,0.0,0.0,0.0,0.0,0.0,0.0,0.0,0.0,0.0,0.0,0.0,0.0,0.0,0.0,0.0,0.0,0.0,0.0,0.0,0.0,0.0,0.0,0.0",6.1,63176.71875,968689.6015625,8688.4853515625,152377.05908203125,21.53369140625
1791397739.4520755,individual_n8_vmnos8_r2:confirmation,6.9,"11.0,18.4,23.2,21.8,14.0,13.0,9.0,12.2,12.9,21.0,13.1,8.9,10.2,17.0,20.4,11.9,21.2,9.2,6.1,7.9,11.9,4.9,8.3,9.0,6.9,5.8,4.0,5.8,4.0,3.9,32.0,83.2,26.3,99.0,5.0,10.0,19.8,7.0,8.8,5.0,15.0,6.0,13.9,10.9,7.0,13.7,16.8,10.9,9.3,13.1,7.0,18.6,8.3,9.1,13.0,15.0,7.0,23.2,13.1,11.3,21.9,7.1,8.1,9.9,9.9,14.9,5.0,8.8,100.0,99.0,100.0,100.0,100.0,100.0,100.0,99.0,0.0,0.0,0.0,0.0,0.0,0.0,0.0,0.0,1.0,0.0,0.0,0.0,0.0,0.0,0.0,0.0,0.0,0.0,0.0,0.0,0.0,0.0,0.0,5.8,5.0,0.0,0.0,0.0,0.0,0.0,0.0,0.0,0.0,0.0,0.0,0.0,0.0,0.0,0.0,0.0,0.0,0.0,0.0,0.0,0.0,0.0,0.0,0.0,0.0,0.0,0.0,0.0,0.0,0.0,0.0,0.0,0.0,0.0,0.0,0.0,0.0,0.0,0.0,0.0,0.0,0.0,0.0,0.0,0.0,0.0,0.0,0.0,0.0,0.0,0.0,0.0,0.0,0.0,0.0,0.0,0.0,0.0,0.0,0.0,0.0,0.0,0.0,0.0,0.0,0.0,0.0,0.0,0.0,0.0,0.0,0.0,0.0,0.0,0.0,0.0,0.0,0.0,0.0,0.0,0.0,0.0,0.0,0.0,0.0,0.0,0.0,0.0,0.0,0.0,0.0,0.0,0.0,0.0,0.0,0.0,0.0,0.0,0.0,0.0,0.0,0.0,0.0,0.0,0.0,0.0,0.0,0.0,0.0,0.0,0.0,0.0,0.0,0.0,0.0,0.0,0.0,0.0,0.0,0.0,0.0,0.0,0.0,0.0,0.0,0.0,0.0,0.0,0.0,0.0,0.0,0.0,0.0,0.0,0.0,0.0,0.0,0.0,0.0,0.0,0.0,0.0,0.0,0.0,0.0,0.0,0.0,0.0,0.0,0.0,0.0,0.0,0.0,0.0,0.0",6.1,63031.0,968835.3203125,8688.4853515625,152377.05908203125,21.53369140625
1791397740.460654,individual_n8_vmnos8_r2:confirmation,4.7,"4.7,9.7,0.0,1.0,3.0,4.1,7.5,3.0,4.2,1.0,2.0,2.0,1.0,3.1,3.1,3.1,3.0,4.0,5.0,3.1,0.0,0.0,3.0,0.0,2.0,0.0,3.9,7.1,1.0,0.0,74.7,100.0,30.3,19.2,8.0,6.2,2.1,5.3,3.3,2.1,2.0,2.0,0.0,1.0,0.0,0.0,1.0,8.5,2.1,6.3,1.0,4.2,6.2,4.1,1.0,3.0,9.2,1.0,3.0,2.0,1.0,1.0,1.0,3.0,0.0,1.0,1.0,0.0,100.0,100.0,100.0,100.0,99.0,99.0,100.0,100.0,0.0,0.0,0.0,0.0,0.0,1.0,0.0,0.0,1.1,0.0,0.0,0.0,0.0,0.0,0.0,0.0,0.0,0.0,0.0,0.0,0.0,0.0,0.0,0.0,0.0,0.0,0.0,0.0,0.0,0.0,0.0,0.0,0.0,0.0,0.0,0.0,0.0,0.0,0.0,0.0,0.0,0.0,0.0,0.0,0.0,0.0,0.0,0.0,0.0,0.0,0.0,0.0,0.0,0.0,0.0,0.0,0.0,0.0,0.0,0.0,0.0,0.0,0.0,0.0,0.0,0.0,0.0,0.0,0.0,0.0,0.0,0.0,0.0,0.0,0.0,0.0,0.0,0.0,0.0,0.0,0.0,0.0,0.0,0.0,0.0,0.0,0.0,0.0,0.0,0.0,0.0,0.0,0.0,0.0,0.0,0.0,0.0,0.0,1.0,0.0,0.0,0.0,0.0,0.0,0.0,0.0,0.0,0.0,0.0,0.0,0.0,0.0,0.0,0.0,0.0,0.0,0.0,0.0,0.0,0.0,0.0,0.0,0.0,0.0,0.0,0.0,0.0,0.0,0.0,0.0,0.0,0.0,0.0,0.0,0.0,0.0,0.0,0.0,0.0,0.0,0.0,0.0,0.0,0.0,0.0,0.0,0.0,0.0,0.0,0.0,0.0,0.0,0.0,0.0,0.0,0.0,0.0,0.0,0.0,0.0,0.0,0.0,0.0,0.0,0.0,0.0,0.0,0.0,0.0,0.0,0.0,0.0,0.0,0.0,0.0,0.0,0.0,0.0,0.0",6.1,63111.59375,968754.7265625,8688.4853515625,152377.05908203125,21.53369140625
1791397741.4896238,individual_n8_vmnos8_r2:confirmation,6.6,"11.5,16.8,21.0,2.9,12.3,15.5,13.2,3.8,2.0,3.8,4.8,5.9,13.9,5.8,16.0,5.8,13.2,5.7,17.5,12.9,8.9,13.5,5.8,10.0,3.7,1.9,0.0,15.2,3.8,7.5,75.7,74.8,59.8,27.6,4.0,10.5,8.7,6.9,5.9,7.6,15.2,10.8,14.7,4.8,9.7,3.8,21.5,12.3,9.8,7.1,3.9,13.0,17.0,5.8,19.2,9.6,15.7,12.4,2.9,4.7,14.0,2.0,8.7,19.2,5.7,12.1,6.7,4.8,100.0,100.0,100.0,99.1,100.0,100.0,100.0,100.0,0.0,0.0,0.0,0.0,0.0,1.0,0.0,0.0,1.0,0.0,0.0,0.9,0.0,0.0,0.0,0.0,0.0,0.0,0.0,0.0,0.0,0.0,1.9,17.9,4.7,5.6,0.0,0.0,0.0,0.0,0.0,0.0,0.0,0.0,0.0,0.0,0.0,0.0,0.0,0.0,0.0,0.0,0.0,0.0,0.0,0.0,0.0,0.0,0.0,0.0,0.0,0.0,0.0,0.0,0.0,0.0,0.0,0.0,0.0,0.0,0.0,0.0,0.0,0.0,1.0,0.0,1.9,0.0,0.0,0.0,0.0,0.0,0.0,0.0,0.0,0.0,0.0,0.0,0.0,0.0,0.0,0.0,0.0,0.0,0.9,0.0,0.0,0.0,0.0,0.0,0.0,0.0,0.0,0.0,0.0,0.0,0.0,0.0,0.0,0.0,0.0,0.0,0.0,0.0,0.0,0.0,0.0,0.0,0.0,0.0,0.0,0.0,0.0,0.0,0.0,0.0,0.0,0.0,0.0,0.0,0.0,0.0,0.0,0.0,0.0,0.0,0.0,0.0,0.0,0.0,0.0,0.0,0.0,0.0,0.0,0.0,0.0,0.0,0.0,0.0,0.0,0.0,0.0,0.0,0.0,0.0,0.0,0.0,0.0,0.0,0.0,0.0,0.0,0.0,0.0,0.0,0.0,0.0,0.0,0.0,0.0,0.0,0.0,0.0,0.0,0.0,0.0,0.0,0.0,0.0,0.0,0.0,0.0,0.0,0.0,0.0,0.0,0.0,0.0",6.1,63124.25,968742.0703125,8688.4853515625,152378.65283203125,20.93017578125
1791397742.7630765,individual_n8_vmnos8_r2:confirmation,4.5,"7.7,14.0,1.7,3.4,1.7,1.7,1.7,1.7,4.4,1.7,0.8,0.8,1.7,6.1,3.6,4.2,4.2,2.5,1.7,3.4,1.7,4.1,3.4,1.7,0.0,0.8,0.8,0.0,2.5,0.8,5.8,66.7,87.6,19.8,3.4,5.0,1.7,2.5,2.6,4.2,0.8,1.6,0.0,4.2,0.0,0.8,0.8,5.8,0.8,3.4,1.7,1.7,5.0,0.8,0.8,2.5,8.4,4.2,5.0,0.8,1.7,0.0,1.7,2.6,0.0,0.0,0.0,0.0,100.0,100.0,100.0,100.0,100.0,100.0,100.0,100.0,0.0,0.0,0.0,0.0,0.0,0.8,0.0,0.0,2.6,0.0,0.0,0.0,0.0,0.0,0.0,0.0,0.0,0.0,0.0,0.0,0.0,0.0,2.4,0.8,2.4,1.6,0.0,0.0,0.0,0.0,0.0,0.0,0.0,0.0,0.0,0.0,0.0,0.0,0.0,0.0,0.0,0.0,0.0,0.0,0.0,0.0,0.0,0.0,0.0,0.0,0.0,0.0,0.0,0.0,0.0,0.0,0.0,0.0,0.0,0.0,0.0,0.0,0.0,0.0,0.0,1.7,0.0,0.0,0.0,0.0,0.0,0.0,0.0,0.0,0.0,0.0,0.0,0.0,0.0,0.0,0.0,0.0,0.0,0.0,0.0,0.0,0.0,0.0,0.0,0.0,0.0,0.0,0.0,0.0,0.0,0.0,0.0,0.0,0.0,0.0,0.0,0.0,0.0,0.0,0.0,0.0,0.0,0.0,0.0,0.0,0.0,0.0,0.0,0.0,0.0,0.0,0.0,0.0,0.0,0.0,0.0,0.0,0.0,0.0,0.0,0.0,0.0,0.0,0.0,0.0,0.0,0.0,0.0,0.0,0.0,0.0,0.0,0.0,0.0,0.0,0.0,0.0,0.0,0.0,0.0,0.0,0.0,0.0,0.0,0.0,0.0,0.0,0.0,0.0,0.0,0.0,0.0,0.0,0.0,0.0,0.0,0.0,0.0,0.0,0.0,0.0,0.0,0.0,0.0,0.0,0.0,0.0,0.0,0.0,0.0,0.0,0.0,0.0,0.0",6.1,63177.3515625,968688.96875,8688.4853515625,152378.65283203125,20.93017578125
1791397743.785634,individual_n8_vmnos8_r2:confirmation,6.7,"10.2,9.3,15.2,11.2,6.1,8.0,5.1,30.6,11.3,12.1,8.1,5.1,8.0,18.6,11.8,7.3,11.1,5.9,24.2,6.3,4.0,11.2,12.4,7.3,5.0,6.8,4.9,6.0,8.0,4.9,69.6,96.1,48.0,65.3,6.9,6.1,5.0,9.0,8.8,3.0,4.0,5.8,8.1,11.2,7.0,11.2,26.3,15.0,11.0,7.4,5.1,5.2,8.4,8.0,7.9,6.1,14.1,8.1,20.6,6.1,18.4,8.8,18.2,4.1,8.8,8.8,9.8,9.7,99.0,100.0,100.0,100.0,100.0,100.0,100.0,100.0,0.0,0.0,0.0,0.0,0.0,1.0,1.0,0.0,0.0,0.0,0.0,0.0,0.0,0.0,0.0,0.0,0.0,0.0,0.0,0.0,0.0,0.0,1.0,1.0,2.0,2.0,0.0,0.0,0.0,0.0,0.0,0.0,0.0,0.0,0.0,0.0,0.0,0.0,0.0,0.0,0.0,0.0,0.0,0.0,0.0,0.0,0.0,0.0,0.0,0.0,0.0,0.0,0.0,0.0,0.0,0.0,0.0,0.0,0.0,0.0,0.0,0.0,0.0,0.0,0.0,1.0,0.0,0.0,0.0,0.0,0.0,0.0,0.0,0.0,0.0,0.0,0.0,0.0,0.0,0.0,0.0,0.0,0.0,0.0,0.0,0.0,0.0,0.0,0.0,0.0,0.0,0.0,0.0,0.0,0.0,0.0,0.0,0.0,0.0,0.0,0.0,0.0,0.0,0.0,0.0,0.0,0.0,0.0,0.0,0.0,0.0,0.0,0.0,0.0,0.0,0.0,0.0,0.0,0.0,0.0,0.0,0.0,0.0,0.0,0.0,0.0,0.0,0.0,0.0,0.0,0.0,0.0,0.0,0.0,0.0,0.0,0.0,0.0,0.0,0.0,0.0,0.0,0.0,0.0,0.0,0.0,0.0,0.0,0.0,0.0,0.0,0.0,0.0,0.0,0.0,0.0,0.0,0.0,0.0,0.0,0.0,0.0,0.0,0.0,0.0,0.0,0.0,0.0,0.0,0.0,0.0,0.0,0.0,0.0,0.0,0.0,0.0,0.0,0.0",6.1,63085.95703125,968780.36328125,8688.4853515625,152378.89892578125,20.93017578125
1791397744.8082294,individual_n8_vmnos8_r2:confirmation,4.8,"12.6,5.4,6.1,2.0,2.0,6.1,4.0,6.1,3.0,3.0,4.1,3.0,1.0,3.0,5.1,6.0,10.2,4.1,0.0,5.1,2.1,5.0,4.0,4.0,4.1,12.1,7.1,2.0,2.1,3.0,12.1,8.3,42.2,81.2,2.0,6.9,1.0,3.0,2.0,4.9,0.0,1.0,1.0,3.0,6.0,6.0,5.1,1.1,4.1,6.1,2.0,4.1,7.4,4.2,4.2,5.1,4.2,4.0,4.1,6.1,5.1,2.1,2.0,5.0,1.0,7.1,6.0,2.0,100.0,100.0,99.0,100.0,100.0,100.0,99.0,100.0,0.0,0.0,0.0,0.0,0.0,1.0,0.0,0.0,1.1,0.0,0.0,0.0,0.0,0.0,0.0,0.0,0.0,0.0,0.0,0.0,0.0,0.0,0.0,1.0,1.0,0.0,0.0,0.0,0.0,0.0,0.0,0.0,0.0,0.0,0.0,0.0,0.0,0.0,0.0,0.0,0.0,0.0,0.0,0.0,0.0,0.0,0.0,0.0,0.0,0.0,0.0,0.0,0.0,0.0,0.0,0.0,0.0,0.0,0.0,0.0,0.0,0.0,0.0,0.0,0.0,1.1,0.0,0.0,0.0,0.0,0.0,0.0,0.0,0.0,0.0,0.0,0.0,0.0,0.0,0.0,0.0,0.0,0.0,0.0,0.0,0.0,0.0,0.0,0.0,0.0,0.0,0.0,0.0,0.0,0.0,0.0,0.0,0.0,0.0,0.0,0.0,0.0,0.0,0.0,0.0,0.0,0.0,0.0,0.0,0.0,0.0,0.0,0.0,0.0,0.0,0.0,0.0,0.0,0.0,0.0,0.0,0.0,0.0,0.0,0.0,0.0,0.0,0.0,0.0,0.0,0.0,0.0,0.0,0.0,0.0,0.0,0.0,0.0,0.0,0.0,0.0,0.0,0.0,0.0,0.0,0.0,0.0,0.0,0.0,0.0,0.0,0.0,0.0,0.0,0.0,0.0,0.0,0.0,0.0,0.0,0.0,0.0,0.0,0.0,0.0,0.0,0.0,0.0,0.0,0.0,0.0,0.0,0.0,0.0,0.0,0.0,0.0,0.0,0.0",6.1,63037.40234375,968828.91796875,8688.4853515625,152378.89892578125,20.93017578125
1791397745.8609254,individual_n8_vmnos8_r2:confirmation,6.3,"16.0,8.0,13.3,9.7,9.7,20.2,6.7,19.0,6.9,14.4,10.4,12.4,2.9,3.8,9.5,3.9,13.2,6.7,10.4,5.8,7.5,3.8,14.3,5.1,4.0,7.9,8.7,2.9,3.9,10.5,42.6,0.0,62.9,100.0,5.8,3.8,5.7,2.9,6.6,4.8,6.7,8.5,17.3,12.5,10.5,14.7,9.6,13.6,4.8,9.3,2.9,12.7,14.9,8.0,10.6,4.9,12.7,4.7,15.7,13.6,15.7,14.4,8.8,14.3,10.3,12.0,4.7,11.1,100.0,100.0,100.0,100.0,100.0,100.0,100.0,100.0,0.0,0.0,0.0,0.0,0.0,1.0,0.0,0.0,7.4,0.0,0.0,0.0,0.0,0.0,0.0,0.0,0.0,0.0,0.0,0.0,0.0,0.0,0.9,0.0,0.0,0.0,0.0,0.0,0.0,0.0,0.0,0.0,0.0,0.0,0.0,0.0,0.0,0.0,0.0,0.0,0.0,0.0,0.0,0.0,0.0,0.0,0.0,0.0,0.0,0.0,0.0,0.0,0.0,0.0,0.0,0.0,0.0,0.0,0.0,0.0,0.0,0.0,0.0,0.0,0.0,2.0,0.0,0.0,0.0,0.0,0.0,0.0,0.0,0.0,0.0,0.0,0.0,0.0,0.0,0.0,0.0,0.0,0.0,0.0,0.0,0.0,0.0,0.0,0.0,0.0,0.0,0.0,0.0,0.0,0.0,0.0,0.0,0.0,0.0,0.0,0.0,0.0,0.0,0.0,0.0,0.0,0.0,0.0,0.0,0.0,0.0,0.0,0.0,0.0,0.0,0.0,0.0,0.0,0.0,0.0,0.0,0.0,0.0,0.0,0.0,0.0,0.0,0.0,0.0,0.0,0.0,0.0,0.0,0.0,0.0,0.0,0.0,0.0,0.0,0.0,0.0,0.0,0.0,0.0,0.0,0.0,0.0,0.0,0.0,0.0,0.0,0.0,0.0,0.0,0.0,0.0,0.0,0.0,0.0,0.0,0.0,0.0,0.0,0.0,0.0,0.0,0.0,0.0,0.0,0.0,0.0,0.0,0.0,0.0,0.0,0.0,0.0,0.0,0.0",6.2,63819.23828125,968047.08203125,8688.4853515625,152380.80908203125,20.93017578125
1791397746.8972151,individual_n8_vmnos8_r2:confirmation,4.6,"2.4,3.1,2.0,0.0,1.0,2.0,1.0,0.0,2.0,0.0,0.0,4.1,2.0,0.0,0.0,2.0,3.0,0.0,1.0,1.0,2.0,1.0,4.0,3.2,4.9,2.0,4.0,1.0,2.0,0.0,43.7,40.6,65.7,84.2,2.0,2.0,0.0,0.0,1.0,1.0,2.0,2.0,0.0,0.0,2.1,4.0,3.0,3.0,2.0,6.1,0.0,2.1,1.1,2.0,0.0,1.0,4.1,4.1,2.1,1.0,3.0,2.0,5.1,2.0,0.0,0.0,0.0,0.0,100.0,99.0,99.0,100.0,99.0,99.0,100.0,100.0,0.0,0.0,0.0,0.0,0.0,0.0,0.0,0.0,1.0,0.0,0.0,0.0,0.0,0.0,0.0,0.0,0.0,0.0,0.0,0.0,0.0,0.0,3.9,2.0,2.9,2.9,0.0,0.0,0.0,0.0,0.0,0.0,0.0,0.0,0.0,0.0,0.0,0.0,0.0,0.0,0.0,0.0,0.0,0.0,0.0,0.0,0.0,0.0,0.0,0.0,0.0,0.0,0.0,0.0,0.0,0.0,0.0,0.0,0.0,0.0,0.0,0.0,0.0,0.0,0.0,2.1,0.0,0.0,0.0,0.0,0.0,0.0,0.0,0.0,0.0,0.0,0.0,0.0,0.0,0.0,0.0,0.0,0.0,0.0,0.0,0.0,0.0,0.0,0.0,0.0,0.0,0.0,0.0,0.0,0.0,0.0,0.0,0.0,0.0,0.0,0.0,0.0,0.0,0.0,0.0,0.0,0.0,0.0,0.0,0.0,0.0,0.0,0.0,0.0,0.0,0.0,0.0,0.0,0.0,0.0,0.0,0.0,0.0,0.0,0.0,0.0,0.0,0.0,0.0,0.0,0.0,0.0,0.0,0.0,0.0,0.0,0.0,0.0,0.0,0.0,0.0,0.0,0.0,0.0,0.0,0.0,0.0,0.0,0.0,0.0,0.0,0.0,0.0,0.0,0.0,0.0,0.0,0.0,0.0,0.0,0.0,0.0,0.0,0.0,0.0,0.0,0.0,0.0,0.0,0.0,0.0,0.0,0.0,0.0,0.0,0.0,0.0,0.0,0.0",6.1,63013.26953125,968853.05078125,8688.4853515625,152380.80908203125,20.615234375
1791397747.9768791,individual_n8_vmnos8_r2:confirmation,6.0,"18.4,11.2,9.3,9.4,2.9,4.7,9.4,10.3,5.8,5.5,18.5,12.3,11.2,33.3,4.8,5.8,15.2,8.6,7.7,5.7,9.4,6.6,6.7,5.7,7.5,6.4,4.6,12.5,11.3,6.5,1.8,22.2,26.2,78.0,5.6,8.3,5.6,4.6,5.6,6.5,12.6,5.7,9.5,9.3,18.5,6.5,14.0,8.6,17.1,5.9,10.2,19.0,11.8,3.9,11.3,5.6,24.1,12.8,6.5,9.4,2.8,8.8,12.3,5.7,6.4,8.3,9.3,7.5,100.0,100.0,100.0,100.0,100.0,100.0,100.0,100.0,0.0,0.0,0.0,0.0,0.0,0.9,0.0,0.9,0.0,0.9,0.0,0.0,0.0,0.0,0.0,0.0,0.0,0.0,0.0,0.0,0.0,0.0,1.8,2.7,1.8,1.8,0.0,0.0,0.0,0.0,0.0,0.0,0.0,0.0,0.0,0.0,0.0,0.0,0.0,0.0,0.0,0.0,0.0,0.0,0.0,0.0,0.0,0.0,0.0,0.0,0.0,0.0,0.0,0.0,0.0,0.0,0.0,0.0,0.0,0.0,0.0,0.0,0.0,0.0,0.0,0.9,0.0,0.0,0.0,0.0,0.0,0.0,0.0,0.0,0.0,0.0,0.0,0.0,0.0,0.0,0.0,0.0,0.0,0.0,0.0,0.0,0.0,0.0,0.0,0.0,0.0,0.0,0.0,0.0,0.0,0.0,0.0,0.0,0.0,0.0,0.0,0.0,0.0,0.0,0.0,0.0,0.0,0.0,0.0,0.0,0.0,0.0,0.0,0.0,0.0,0.0,0.0,0.0,0.0,0.0,0.0,0.0,0.0,0.0,0.0,0.0,0.0,0.0,0.0,0.0,0.0,0.0,0.0,0.0,0.0,0.0,0.0,0.0,0.0,0.0,0.0,0.0,0.0,0.0,0.0,0.0,0.0,0.0,0.0,0.0,0.0,0.0,0.0,0.0,0.0,0.0,0.0,0.0,0.0,0.0,0.0,0.0,0.0,0.0,0.0,0.0,0.0,0.0,0.0,0.0,0.0,0.0,0.0,0.0,0.0,0.0,0.0,0.0,0.0",6.1,63061.25,968805.0703125,8688.4853515625,152380.80908203125,20.615234375
1791397749.031277,individual_n8_vmnos8_r2:confirmation,4.7,"4.5,5.5,0.9,2.8,4.7,2.8,3.7,4.6,5.7,3.7,1.9,1.9,2.8,3.8,7.8,6.9,7.3,1.8,1.9,6.5,3.8,1.9,3.8,1.0,2.8,10.2,1.9,9.4,0.9,0.9,16.2,40.7,80.7,63.9,3.7,2.8,1.9,4.6,2.9,7.5,3.8,3.7,4.6,3.7,1.9,9.4,3.8,2.8,3.8,2.8,2.8,2.9,4.7,2.8,0.9,1.9,7.6,4.7,2.7,4.7,2.8,7.3,4.6,3.7,0.9,0.9,0.9,1.8,100.0,100.0,100.0,100.0,100.0,100.0,100.0,100.0,0.0,0.0,0.0,0.0,0.0,0.0,0.0,0.0,0.0,0.0,0.0,0.0,0.0,0.0,0.0,0.0,0.0,0.0,0.0,0.0,0.0,0.0,4.6,0.9,0.9,0.9,0.0,0.0,0.0,0.0,0.0,0.0,0.0,0.0,0.0,0.0,0.0,0.0,0.0,0.0,0.0,0.0,0.0,0.0,0.0,0.0,0.0,0.0,0.0,0.0,0.0,0.0,0.0,0.0,0.0,0.0,0.0,0.0,0.0,0.0,0.0,0.0,0.0,0.0,0.0,0.0,0.0,0.0,0.0,0.0,0.0,0.0,0.0,0.0,0.0,0.0,0.0,0.0,0.0,0.0,0.0,0.0,0.0,0.0,0.0,0.0,0.0,0.0,0.0,0.0,0.0,0.0,0.0,0.0,0.0,0.0,0.0,0.0,0.0,0.0,0.0,0.0,0.0,0.0,0.0,0.0,0.0,0.0,0.0,0.0,0.0,0.0,0.0,0.0,0.0,0.0,0.0,0.0,0.0,0.0,0.0,0.0,0.0,0.0,0.0,0.0,0.0,0.0,0.0,0.0,0.0,0.0,0.0,0.0,0.0,0.0,0.0,0.0,0.0,0.0,0.0,0.0,0.0,0.0,0.0,0.0,0.0,0.0,0.0,0.0,0.0,0.0,0.0,0.0,0.0,0.0,0.0,0.0,0.0,0.0,0.0,0.0,0.0,0.0,0.0,0.0,0.0,0.0,0.0,0.0,0.0,0.0,0.0,0.0,0.0,0.0,0.0,0.0,0.0",6.1,62864.5625,969001.7578125,8688.4853515625,152381.23876953125,20.615234375
1791397750.100456,individual_n8_vmnos8_r2:confirmation,6.2,"21.8,13.1,5.9,9.1,3.1,6.2,8.2,13.4,6.1,11.2,11.0,11.3,3.1,4.0,5.2,7.1,13.4,4.0,5.1,13.0,7.0,8.5,9.2,12.6,2.1,5.1,8.0,5.2,5.0,7.9,49.0,1.0,59.0,47.5,7.0,6.3,10.0,9.1,6.2,13.4,9.3,11.3,11.3,14.4,6.0,12.4,7.2,15.2,10.0,10.2,5.1,12.6,23.4,4.1,17.8,4.0,12.2,19.2,14.3,9.9,6.9,7.1,7.1,9.3,7.9,11.9,6.1,7.9,100.0,100.0,100.0,100.0,100.0,100.0,100.0,99.0,0.0,0.0,0.0,0.0,0.0,0.0,0.0,0.0,1.0,0.0,0.0,0.0,0.0,0.0,0.0,0.0,0.0,0.0,0.0,0.0,0.0,0.0,0.0,0.0,0.0,0.0,0.0,0.0,0.0,0.0,0.0,0.0,0.0,0.0,0.0,0.0,0.0,0.0,0.0,0.0,0.0,0.0,0.0,0.0,0.0,0.0,0.0,0.0,0.0,0.0,0.0,0.0,0.0,0.0,0.0,0.0,0.0,0.0,0.0,0.0,0.0,0.0,0.0,0.0,0.0,2.1,0.0,0.0,0.0,0.0,0.0,0.0,0.0,0.0,0.0,0.0,0.0,0.0,0.0,0.0,0.0,0.0,0.0,0.0,1.0,0.0,0.0,0.0,0.0,0.0,0.0,0.0,0.0,0.0,0.0,0.0,0.0,0.0,0.0,0.0,0.0,0.0,0.0,0.0,0.0,0.0,0.0,0.0,0.0,0.0,0.0,0.0,0.0,0.0,0.0,0.0,0.0,0.0,0.0,0.0,0.0,0.0,0.0,0.0,0.0,0.0,0.0,0.0,0.0,0.0,0.0,0.0,0.0,0.0,0.0,0.0,0.0,0.0,0.0,0.0,0.0,0.0,0.0,0.0,0.0,0.0,0.0,0.0,0.0,0.0,0.0,0.0,0.0,0.0,0.0,0.0,0.0,0.0,0.0,0.0,0.0,0.0,0.0,0.0,0.0,0.0,0.0,0.0,0.0,0.0,0.0,0.0,0.0,0.0,0.0,0.0,0.0,0.0,0.0",6.1,63251.4296875,968614.890625,8688.4853515625,152381.23876953125,20.615234375
1791397751.1322153,individual_n8_vmnos8_r2:confirmation,5.1,"4.5,6.7,1.0,2.0,2.9,2.9,1.0,4.9,2.9,5.7,6.8,2.9,6.8,3.8,7.8,0.0,3.8,1.9,2.9,2.9,1.0,3.9,6.8,8.1,3.8,3.8,4.8,2.9,1.0,4.8,51.0,48.0,46.1,76.9,4.9,5.9,1.0,2.9,5.9,8.8,8.8,2.9,6.8,4.8,2.9,5.8,3.0,6.9,5.8,4.1,3.9,7.1,5.1,6.7,4.9,2.9,2.9,8.0,6.8,4.9,10.8,1.9,2.0,11.0,1.0,2.9,4.8,1.0,100.0,99.0,100.0,100.0,100.0,99.0,100.0,100.0,0.0,0.0,0.0,0.0,0.0,0.0,0.0,0.0,0.0,0.0,0.0,0.0,0.0,0.0,0.0,0.0,0.0,0.0,0.0,0.0,0.0,0.0,2.9,1.9,0.0,2.9,0.0,0.0,0.0,0.0,0.0,0.0,0.0,0.0,0.0,0.0,0.0,0.0,0.0,0.0,0.0,0.0,0.0,0.0,0.0,0.0,0.0,0.0,0.0,0.0,0.0,0.0,0.0,0.0,0.0,0.0,0.0,0.0,0.0,0.0,0.0,0.0,0.0,0.0,0.0,1.0,1.0,0.0,0.0,0.0,0.0,0.0,0.0,0.0,0.0,0.0,0.0,0.0,0.0,0.0,0.0,0.0,0.0,0.0,0.0,0.0,0.0,0.0,0.0,0.0,0.0,0.0,0.0,0.0,0.0,0.0,0.0,0.0,0.0,0.0,0.0,0.0,0.0,0.0,0.0,0.0,0.0,0.0,0.0,0.0,0.0,0.0,0.0,0.0,0.0,0.0,0.0,0.0,0.0,0.0,0.0,0.0,0.0,0.0,0.0,0.0,0.0,0.0,0.0,0.0,0.0,0.0,0.0,0.0,0.0,0.0,0.0,0.0,0.0,0.0,0.0,0.0,0.0,0.0,0.0,0.0,0.0,0.0,0.0,0.0,0.0,0.0,0.0,0.0,0.0,0.0,0.0,0.0,0.0,0.0,0.0,0.0,0.0,0.0,0.0,0.0,0.0,0.0,0.0,0.0,0.0,0.0,0.0,0.0,0.0,0.0,0.0,0.0,0.0",6.1,62999.796875,968866.5234375,8688.4853515625,152382.78173828125,20.24560546875
1791397752.1576235,individual_n8_vmnos8_r2:confirmation,5.7,"4.7,1.0,5.9,7.1,7.2,12.0,5.0,4.1,4.0,5.1,5.1,6.1,6.1,3.2,12.4,4.0,2.0,8.2,4.1,4.1,5.0,3.0,5.1,8.8,2.0,13.9,4.0,2.1,3.0,5.1,18.0,99.0,99.0,36.0,5.9,8.1,5.1,8.9,8.1,5.0,4.3,6.0,5.0,21.6,2.0,9.9,7.9,5.1,5.0,7.1,6.9,4.3,12.0,5.1,5.9,10.2,7.1,6.0,5.8,5.9,6.1,5.0,8.1,6.1,3.0,5.0,7.1,5.1,100.0,99.0,100.0,100.0,99.0,100.0,100.0,100.0,0.0,0.0,0.0,0.0,0.0,1.0,0.0,0.0,0.0,0.0,0.0,0.0,0.0,0.0,0.0,0.0,0.0,0.0,0.0,0.0,0.0,0.0,0.0,0.0,0.0,0.0,0.0,0.0,0.0,0.0,0.0,0.0,0.0,0.0,0.0,0.0,0.0,0.0,0.0,0.0,0.0,0.0,0.0,0.0,0.0,0.0,0.0,0.0,0.0,0.0,0.0,0.0,0.0,0.0,0.0,0.0,0.0,0.0,0.0,0.0,0.0,0.0,0.0,0.0,0.0,0.0,0.0,0.0,0.0,0.0,0.0,0.0,0.0,0.0,0.0,0.0,0.0,0.0,0.0,0.0,0.0,0.0,0.0,0.0,0.0,0.0,0.0,0.0,0.0,0.0,0.0,0.0,0.0,0.0,0.0,0.0,0.0,0.0,0.0,0.0,0.0,0.0,0.0,0.0,0.0,0.0,0.0,0.0,0.0,0.0,0.0,0.0,0.0,0.0,0.0,0.0,0.0,0.0,0.0,0.0,0.0,0.0,0.0,0.0,0.0,0.0,0.0,0.0,0.0,0.0,0.0,0.0,0.0,0.0,0.0,0.0,0.0,0.0,0.0,0.0,0.0,0.0,0.0,0.0,0.0,0.0,0.0,0.0,0.0,0.0,0.0,0.0,0.0,0.0,0.0,0.0,0.0,0.0,0.0,0.0,0.0,0.0,0.0,0.0,0.0,0.0,0.0,0.0,0.0,0.0,0.0,0.0,0.0,0.0,0.0,0.0,0.0,0.0,0.0",6.1,63163.26171875,968703.05859375,8688.4853515625,152382.78173828125,20.24560546875
1791397753.1624186,individual_n8_vmnos8_r2:confirmation,5.4,"5.8,3.1,2.0,11.0,12.1,0.0,8.2,5.0,4.0,4.2,3.1,2.0,3.0,3.0,10.2,3.1,3.0,12.0,11.2,20.8,8.2,3.0,3.0,3.1,2.0,2.0,1.0,3.0,1.0,3.0,27.0,100.0,28.6,46.9,2.1,7.1,6.6,7.3,4.3,5.3,4.0,6.3,2.0,3.1,4.1,8.2,7.3,6.2,3.0,4.3,2.0,6.4,15.5,2.0,8.1,10.3,4.1,11.2,6.2,8.3,13.1,3.1,11.0,5.1,5.2,5.1,2.0,5.0,100.0,100.0,99.0,100.0,100.0,100.0,100.0,100.0,0.0,0.0,0.0,0.0,0.0,1.0,0.0,0.0,1.0,1.0,0.0,0.0,0.0,0.0,0.0,0.0,0.0,0.0,0.0,0.0,0.0,0.0,5.9,1.0,0.0,2.0,0.0,0.0,0.0,0.0,0.0,0.0,0.0,0.0,0.0,0.0,0.0,0.0,0.0,0.0,0.0,0.0,0.0,0.0,0.0,0.0,0.0,0.0,0.0,0.0,0.0,0.0,0.0,0.0,0.0,0.0,0.0,0.0,0.0,0.0,0.0,0.0,0.0,0.0,0.0,0.0,0.0,0.0,0.0,0.0,0.0,0.0,0.0,0.0,0.0,0.0,0.0,1.0,0.0,0.0,0.0,0.0,0.0,0.0,0.0,0.0,0.0,0.0,0.0,0.0,0.0,0.0,0.0,0.0,0.0,0.0,0.0,0.0,0.0,0.0,1.0,0.0,0.0,0.0,0.0,0.0,0.0,0.0,0.0,0.0,0.0,0.0,0.0,0.0,0.0,0.0,0.0,0.0,0.0,0.0,0.0,0.0,0.0,0.0,0.0,0.0,0.0,0.0,0.0,0.0,0.0,0.0,0.0,0.0,0.0,0.0,0.0,0.0,0.0,0.0,0.0,0.0,0.0,0.0,0.0,0.0,0.0,0.0,0.0,0.0,0.0,0.0,0.0,0.0,0.0,0.0,0.0,0.0,0.0,0.0,0.0,0.0,0.0,0.0,0.0,0.0,0.0,0.0,0.0,0.0,0.0,0.0,0.0,0.0,0.0,0.0,0.0,0.0,0.0",6.1,63025.8671875,968840.453125,8688.4853515625,152382.78173828125,20.24560546875
1791397754.1695523,individual_n8_vmnos8_r2:confirmation,5.4,"4.4,1.0,2.0,2.1,6.1,3.0,6.0,4.0,8.2,7.1,1.0,11.2,3.1,21.6,9.2,8.0,1.0,1.0,8.0,4.0,2.0,2.0,3.1,7.1,3.0,1.0,4.9,2.0,5.0,2.0,62.0,90.9,59.4,18.0,1.0,4.2,4.1,9.1,4.1,10.1,3.1,4.1,5.1,8.0,10.2,5.1,7.1,5.1,2.1,4.1,4.1,11.5,5.3,9.2,8.0,6.1,16.0,1.0,6.1,5.0,4.0,5.0,5.1,7.2,3.0,3.0,3.0,3.9,100.0,99.0,100.0,100.0,100.0,99.0,99.0,100.0,0.0,0.0,0.0,0.0,0.0,0.0,0.0,0.0,1.0,0.0,0.0,0.0,0.0,0.0,0.0,0.0,0.0,0.0,0.0,0.0,0.0,0.0,8.9,0.0,0.0,0.0,0.0,0.0,0.0,0.0,0.0,0.0,0.0,0.0,0.0,0.0,0.0,0.0,0.0,0.0,0.0,0.0,0.0,0.0,0.0,0.0,0.0,0.0,0.0,0.0,0.0,0.0,0.0,0.0,0.0,0.0,0.0,0.0,0.0,0.0,0.0,0.0,0.0,0.0,0.0,1.0,0.0,0.0,0.0,0.0,0.0,0.0,0.0,0.0,0.0,0.0,0.0,0.0,0.0,0.0,0.0,0.0,0.0,0.0,0.0,0.0,0.0,0.0,0.0,0.0,0.0,0.0,0.0,0.0,0.0,0.0,0.0,0.0,0.0,0.0,0.0,0.0,0.0,0.0,0.0,0.0,0.0,0.0,0.0,0.0,0.0,0.0,0.0,0.0,0.0,0.0,0.0,0.0,0.0,0.0,0.0,0.0,0.0,0.0,0.0,0.0,0.0,0.0,0.0,0.0,0.0,0.0,0.0,0.0,0.0,0.0,0.0,0.0,0.0,0.0,0.0,0.0,0.0,0.0,0.0,0.0,0.0,0.0,0.0,0.0,0.0,0.0,0.0,0.0,0.0,0.0,0.0,0.0,0.0,0.0,0.0,0.0,0.0,0.0,0.0,0.0,0.0,0.0,0.0,0.0,0.0,0.0,0.0,0.0,0.0,0.0,0.0,0.0,0.0",6.1,63364.1484375,968502.171875,8688.4853515625,152383.01220703125,20.24560546875
1791397755.1809807,individual_n8_vmnos8_r2:confirmation,5.2,"1.2,0.0,4.0,7.1,9.1,1.0,1.0,4.0,9.9,1.0,0.0,9.1,0.0,2.0,7.2,25.5,2.0,0.0,3.0,1.0,1.0,1.1,1.1,8.2,2.0,1.0,1.0,0.0,2.0,1.0,69.3,54.0,62.6,59.4,12.7,3.0,1.0,2.0,4.1,3.1,2.1,11.1,10.0,2.0,4.1,10.0,6.1,6.9,1.0,9.1,2.0,6.5,9.5,3.9,8.0,0.0,5.1,2.0,5.1,8.0,2.0,2.0,2.0,6.1,0.0,4.9,4.0,0.0,100.0,99.0,100.0,100.0,100.0,100.0,100.0,100.0,0.0,0.0,0.0,0.0,0.0,2.0,0.0,0.0,1.1,0.0,0.0,0.0,0.0,0.0,0.0,0.0,0.0,0.0,0.0,0.0,0.0,0.0,4.0,1.0,0.0,1.0,0.0,0.0,0.0,0.0,0.0,0.0,0.0,0.0,0.0,0.0,0.0,0.0,0.0,0.0,0.0,0.0,0.0,0.0,0.0,0.0,0.0,0.0,0.0,0.0,0.0,0.0,0.0,0.0,0.0,0.0,0.0,0.0,0.0,0.0,0.0,0.0,0.0,0.0,0.0,1.0,1.0,0.0,0.0,0.0,0.0,0.0,0.0,0.0,0.0,0.0,0.0,0.0,0.0,0.0,0.0,0.0,0.0,0.0,0.0,0.0,0.0,0.0,0.0,0.0,0.0,0.0,0.0,0.0,0.0,0.0,0.0,0.0,0.0,0.0,0.0,0.0,0.0,0.0,0.0,0.0,0.0,0.0,0.0,0.0,0.0,0.0,0.0,0.0,0.0,0.0,0.0,0.0,0.0,0.0,0.0,0.0,0.0,0.0,0.0,0.0,0.0,0.0,0.0,0.0,0.0,0.0,0.0,0.0,0.0,0.0,0.0,0.0,0.0,0.0,0.0,0.0,0.0,0.0,0.0,0.0,0.0,0.0,0.0,0.0,0.0,0.0,0.0,0.0,0.0,0.0,0.0,0.0,0.0,0.0,0.0,0.0,0.0,0.0,0.0,0.0,0.0,0.0,0.0,0.0,0.0,0.0,0.0,0.0,0.0,0.0,0.0,0.0,0.0",6.1,62858.26171875,969008.05859375,8688.4853515625,152383.01220703125,20.24560546875
1791397756.190906,idle,6.1,"6.9,4.0,14.1,4.1,10.0,5.0,8.2,6.1,3.1,6.0,5.0,12.2,5.0,5.1,7.1,11.1,6.9,10.3,6.2,12.0,14.1,11.5,6.1,8.2,4.0,2.0,5.0,3.9,4.0,2.0,71.7,52.5,71.0,60.6,5.1,6.1,6.1,9.9,9.0,9.1,4.2,11.1,10.2,3.1,5.2,10.0,10.1,14.6,5.2,13.7,11.1,23.2,4.2,4.2,5.3,11.2,5.3,3.0,20.6,14.3,6.1,9.4,2.1,4.1,5.0,3.0,3.0,4.0,99.0,100.0,100.0,100.0,100.0,100.0,100.0,100.0,0.0,0.0,0.0,0.0,0.0,1.0,0.0,0.0,1.1,0.0,0.0,0.0,0.0,0.0,0.0,0.0,0.0,0.0,0.0,0.0,0.0,0.0,17.0,0.0,0.0,0.0,0.0,0.0,0.0,0.0,0.0,0.0,0.0,0.0,0.0,0.0,0.0,0.0,0.0,0.0,0.0,0.0,0.0,0.0,0.0,0.0,0.0,0.0,0.0,0.0,0.0,0.0,0.0,0.0,0.0,0.0,0.0,0.0,0.0,0.0,0.0,0.0,0.0,0.0,0.0,0.0,0.0,0.0,0.0,1.0,0.0,0.0,0.0,0.0,0.0,0.0,0.0,0.0,0.0,0.0,0.0,0.0,0.0,0.0,0.0,0.0,0.0,0.0,0.0,0.0,0.0,0.0,0.0,0.0,0.0,0.0,0.0,0.0,0.0,0.0,0.0,0.0,0.0,0.0,0.0,0.0,0.0,0.0,0.0,0.0,0.0,0.0,0.0,0.0,0.0,0.0,0.0,0.0,0.0,0.0,0.0,0.0,0.0,0.0,0.0,0.0,0.0,0.0,0.0,0.0,0.0,0.0,0.0,0.0,0.0,0.0,0.0,0.0,0.0,0.0,0.0,0.0,0.0,0.0,0.0,0.0,0.0,0.0,0.0,0.0,0.0,0.0,0.0,0.0,0.0,0.0,0.0,0.0,0.0,0.0,0.0,0.0,0.0,0.0,0.0,0.0,0.0,0.0,0.0,0.0,0.0,0.0,0.0,0.0,0.0,0.0,0.0,0.0,0.0",6.1,62692.140625,969174.1796875,8688.4853515625,152384.80126953125,20.1455078125
1791397757.2023509,aggregate_n8_vmnos8_r2:confirmation,5.8,"8.9,3.1,0.0,16.2,14.3,5.0,6.2,17.3,7.8,8.9,8.2,10.4,7.1,7.1,8.2,10.1,7.1,5.9,8.2,11.9,9.8,15.2,8.8,9.0,5.9,4.0,4.0,9.1,4.0,3.0,62.0,11.0,33.7,30.0,11.0,12.5,7.4,18.2,10.2,7.1,10.0,9.3,10.0,8.2,5.0,5.1,10.2,9.1,9.1,11.5,4.1,7.4,7.4,10.2,8.2,5.2,11.1,8.0,13.0,7.1,12.4,16.3,9.8,7.0,5.9,5.0,5.0,2.1,100.0,99.0,100.0,100.0,100.0,100.0,100.0,100.0,0.0,0.0,0.0,0.0,0.0,1.0,0.0,0.0,3.0,0.0,0.0,0.0,0.0,0.0,0.0,0.0,0.0,0.0,0.0,0.0,0.0,0.0,8.8,1.0,0.0,0.0,0.0,0.0,0.0,0.0,0.0,0.0,0.0,0.0,0.0,0.0,0.0,0.0,0.0,0.0,0.0,0.0,0.0,0.0,0.0,0.0,0.0,0.0,0.0,0.0,0.0,0.0,0.0,0.0,0.0,0.0,0.0,0.0,0.0,0.0,0.0,0.0,0.0,0.0,0.0,0.0,0.0,0.0,0.0,0.0,0.0,0.0,0.0,0.0,0.0,0.0,0.0,0.0,0.0,0.0,0.0,0.0,0.0,0.0,0.0,0.0,0.0,0.0,0.0,0.0,0.0,0.0,0.0,0.0,0.0,0.0,0.0,0.0,0.0,0.0,0.0,0.0,0.0,0.0,0.0,0.0,0.0,0.0,0.0,0.0,0.0,0.0,0.0,0.0,0.0,0.0,0.0,0.0,0.0,0.0,0.0,0.0,0.0,0.0,0.0,0.0,0.0,0.0,0.0,0.0,0.0,0.0,0.0,0.0,0.0,0.0,0.0,0.0,0.0,0.0,0.0,0.0,0.0,0.0,0.0,0.0,0.0,0.0,0.0,0.0,0.0,0.0,0.0,0.0,0.0,0.0,0.0,0.0,0.0,0.0,0.0,0.0,0.0,0.0,0.0,0.0,0.0,0.0,0.0,0.0,0.0,0.0,0.0,0.0,0.0,0.0,0.0,0.0,0.0",6.1,62476.1640625,969390.15625,8688.4853515625,152384.80126953125,20.1455078125
1791397758.234625,aggregate_n8_vmnos8_r2:confirmation,4.3,"9.0,7.3,3.0,1.0,1.0,1.0,6.9,5.9,0.0,2.9,2.0,6.7,0.0,0.0,1.0,0.0,1.0,0.0,2.0,7.2,0.0,0.0,0.0,2.0,1.0,1.9,1.0,2.9,1.9,2.9,73.3,3.8,52.4,16.3,3.9,1.0,5.8,2.9,5.9,5.9,0.0,9.0,2.9,1.9,0.0,0.0,1.9,5.9,1.0,1.0,1.9,3.0,4.0,1.0,0.0,7.1,7.8,3.0,1.9,1.0,0.0,2.9,2.9,1.0,0.0,0.0,0.0,1.0,100.0,99.0,99.0,100.0,99.1,100.0,100.0,100.0,0.0,0.0,0.0,0.0,0.0,0.0,0.0,0.0,1.9,0.0,0.0,0.0,0.0,0.0,0.0,0.0,0.0,0.0,0.0,0.0,0.0,0.0,0.0,0.0,0.0,0.0,0.0,0.0,0.0,0.0,0.0,0.0,0.0,0.0,0.0,0.0,0.0,0.0,0.0,0.0,0.0,0.0,0.0,0.0,0.0,0.0,0.0,0.0,0.0,0.0,0.0,0.0,0.0,0.0,0.0,0.0,0.0,0.0,0.0,0.0,0.0,0.0,0.0,0.0,0.0,2.0,0.0,0.0,0.0,0.0,0.0,0.0,0.0,0.0,0.0,0.0,0.0,0.0,0.0,0.0,0.0,0.0,0.0,0.0,0.0,0.0,0.0,0.0,0.0,0.0,0.0,0.0,0.0,0.0,0.0,0.0,0.0,0.0,0.0,0.0,0.0,0.0,0.0,0.0,0.0,0.0,0.0,0.0,0.0,0.0,0.0,0.0,0.0,0.0,0.0,0.0,0.0,0.0,0.0,0.0,0.0,0.0,0.0,0.0,0.0,0.0,0.0,0.0,0.0,0.0,0.0,0.0,0.0,0.0,0.0,0.0,0.0,0.0,0.0,0.0,0.0,0.0,0.0,0.0,0.0,0.0,0.0,0.0,0.0,0.0,0.0,0.0,0.0,0.0,0.0,0.0,0.0,0.0,0.0,0.0,0.0,0.0,0.0,0.0,0.0,0.0,0.0,0.0,0.0,0.0,0.0,0.0,0.0,0.0,0.0,0.0,0.0,0.0,0.0",6.1,63177.59765625,968688.72265625,8688.4853515625,152384.80126953125,20.1455078125
1791397759.2946873,aggregate_n8_vmnos8_r2:confirmation,5.8,"11.5,11.5,6.0,6.9,14.0,5.0,8.2,9.3,3.9,8.0,5.0,4.9,5.7,4.9,10.0,5.9,21.6,2.0,5.9,13.6,5.1,4.0,4.9,3.1,4.8,2.9,1.9,6.7,2.0,1.0,97.1,48.0,100.0,21.8,2.9,2.9,1.0,4.0,4.8,3.0,5.9,8.9,6.1,7.8,4.0,6.8,10.6,9.8,6.7,10.3,5.8,8.3,6.2,5.9,3.9,7.9,8.0,8.2,6.8,5.9,7.8,4.9,11.9,12.4,2.9,1.9,2.0,3.8,99.0,99.0,100.0,100.0,100.0,100.0,100.0,100.0,0.0,0.0,0.0,0.0,0.0,2.0,0.0,0.0,2.9,0.0,0.0,0.0,0.0,0.0,0.0,0.0,0.0,0.0,0.0,0.0,0.0,0.0,2.9,1.9,0.0,2.9,0.0,0.0,0.0,0.0,0.0,0.0,0.0,0.0,0.0,0.0,0.0,0.0,0.0,0.0,0.0,0.0,0.0,0.0,0.0,0.0,0.0,0.0,0.0,0.0,0.0,0.0,0.0,0.0,0.0,0.0,0.0,0.0,0.0,0.0,0.0,0.0,0.0,0.0,0.0,1.0,0.0,0.0,0.0,0.0,0.0,0.0,0.0,0.0,0.0,0.0,0.0,0.0,0.0,0.0,0.0,0.0,0.0,0.0,0.0,0.0,0.0,0.0,0.0,0.0,0.0,0.0,0.0,0.0,0.0,0.0,0.0,0.0,0.0,0.0,0.0,0.0,0.0,0.0,0.0,0.0,0.0,0.0,0.0,0.0,0.0,0.0,0.0,0.0,0.0,0.0,0.0,0.0,0.0,0.0,0.0,0.0,0.0,0.0,0.0,0.0,0.0,0.0,0.0,0.0,0.0,0.0,0.0,0.0,0.0,0.0,0.0,0.0,0.0,0.0,0.0,0.0,0.0,0.0,0.0,0.0,0.0,0.0,0.0,0.0,0.0,0.0,0.0,0.0,0.0,0.0,0.0,0.0,0.0,0.0,0.0,0.0,0.0,0.0,0.0,0.0,0.0,0.0,0.0,0.0,0.0,0.0,0.0,0.0,0.0,0.0,0.0,0.0,0.0",6.1,62703.39453125,969162.92578125,8688.4853515625,152385.44189453125,20.1455078125
1791397760.3177829,aggregate_n8_vmnos8_r2:confirmation,4.4,"4.8,2.0,0.0,0.0,3.0,3.9,2.9,5.0,0.0,0.0,0.0,0.0,0.0,0.0,6.3,0.0,1.0,0.0,0.0,2.0,0.0,1.0,3.1,4.0,0.0,2.9,1.0,1.0,1.0,1.0,20.2,51.5,88.2,51.5,2.0,1.0,4.0,2.9,1.0,4.0,0.0,1.0,0.0,4.0,5.0,2.0,1.0,3.9,0.0,2.0,0.0,2.0,3.1,2.0,0.0,2.0,5.1,5.9,3.0,2.0,2.0,1.0,1.0,2.1,0.0,0.0,0.0,1.0,100.0,99.0,100.0,99.0,100.0,99.0,100.0,100.0,0.0,0.0,0.0,0.0,0.0,0.0,1.0,0.0,1.0,0.0,0.0,0.0,0.0,0.0,0.0,0.0,0.0,0.0,0.0,0.0,0.0,0.0,1.0,1.0,0.0,1.0,0.0,0.0,0.0,0.0,0.0,0.0,0.0,0.0,0.0,0.0,0.0,0.0,0.0,0.0,0.0,0.0,0.0,0.0,0.0,0.0,0.0,0.0,0.0,0.0,0.0,0.0,0.0,0.0,0.0,0.0,0.0,0.0,0.0,0.0,0.0,0.0,0.0,0.0,0.0,1.0,0.0,0.0,0.0,0.0,0.0,0.0,0.0,0.0,0.0,0.0,0.0,0.0,0.0,0.0,0.0,0.0,0.0,0.0,0.0,0.0,0.0,0.0,0.0,0.0,0.0,0.0,0.0,0.0,0.0,0.0,0.0,0.0,0.0,0.0,0.0,0.0,0.0,0.0,0.0,0.0,0.0,0.0,0.0,0.0,0.0,0.0,0.0,0.0,0.0,0.0,0.0,0.0,0.0,0.0,0.0,0.0,0.0,0.0,0.0,0.0,0.0,0.0,0.0,0.0,0.0,0.0,0.0,0.0,0.0,0.0,0.0,0.0,0.0,0.0,0.0,0.0,0.0,0.0,0.0,0.0,0.0,0.0,0.0,0.0,0.0,0.0,0.0,0.0,0.0,0.0,0.0,0.0,0.0,0.0,0.0,0.0,0.0,0.0,0.0,0.0,0.0,0.0,0.0,0.0,0.0,0.0,0.0,0.0,0.0,0.0,0.0,0.0,0.0",6.1,62735.50390625,969130.81640625,8688.4853515625,152385.44189453125,20.1455078125
1791397761.3402534,aggregate_n8_vmnos8_r2:confirmation,5.6,"20.9,8.3,5.0,4.0,10.0,9.1,7.0,7.9,15.3,6.0,6.9,8.8,5.9,5.8,14.9,6.9,10.1,4.0,7.8,8.0,5.0,7.1,7.1,7.1,0.0,3.0,5.0,3.0,3.9,2.0,30.7,49.5,100.0,28.0,7.1,5.9,3.0,3.1,5.1,2.0,6.0,5.9,6.9,5.2,6.9,9.0,10.1,5.1,5.9,6.3,6.9,9.1,5.4,5.1,5.9,7.0,8.9,6.2,10.0,7.1,7.1,9.0,9.2,10.4,2.0,4.0,5.9,1.0,100.0,100.0,100.0,100.0,100.0,100.0,100.0,100.0,0.0,0.0,0.0,0.0,0.0,0.0,0.0,0.0,2.0,0.0,0.0,0.0,0.0,0.0,0.0,0.0,0.0,0.0,0.0,0.0,0.0,0.0,0.0,2.9,0.0,3.0,0.0,0.0,0.0,0.0,0.0,0.0,0.0,0.0,0.0,0.0,0.0,0.0,0.0,0.0,0.0,0.0,0.0,0.0,0.0,0.0,0.0,0.0,0.0,0.0,0.0,0.0,0.0,0.0,0.0,0.0,0.0,0.0,0.0,0.0,0.0,0.0,0.0,0.0,0.0,0.0,0.0,0.0,0.0,0.0,0.0,0.0,0.0,0.0,0.0,0.0,0.0,0.0,0.0,0.0,0.0,0.0,0.0,0.0,0.0,0.0,0.0,0.0,0.0,0.0,0.0,0.0,0.0,0.0,0.0,0.0,0.0,0.0,0.0,0.0,0.0,0.0,0.0,0.0,0.0,0.0,0.0,0.0,0.0,0.0,0.0,0.0,0.0,0.0,0.0,0.0,0.0,0.0,0.0,0.0,0.0,0.0,0.0,0.0,0.0,0.0,0.0,0.0,0.0,0.0,0.0,0.0,0.0,0.0,0.0,0.0,0.0,0.0,0.0,0.0,0.0,0.0,0.0,0.0,0.0,0.0,0.0,0.0,0.0,0.0,0.0,0.0,0.0,0.0,0.0,0.0,0.0,0.0,0.0,0.0,0.0,0.0,0.0,0.0,0.0,0.0,0.0,0.0,0.0,0.0,0.0,0.0,0.0,0.0,0.0,0.0,0.0,0.0,0.0",6.1,62616.9140625,969249.40625,8688.4853515625,152386.59814453125,20.21435546875
1791397762.3626404,aggregate_n8_vmnos8_r2:confirmation,4.8,"21.3,7.0,2.0,1.0,2.9,5.0,1.0,5.9,11.9,1.0,4.1,2.0,0.0,0.0,0.0,0.0,3.0,0.0,3.0,0.0,2.0,1.0,5.9,0.0,0.0,0.0,2.9,1.0,1.0,1.0,49.0,100.0,99.0,12.7,0.0,1.0,1.0,4.0,2.0,2.0,3.0,0.0,3.0,1.0,0.0,0.0,3.0,2.0,1.0,1.0,1.0,3.1,6.1,2.0,1.0,2.0,5.0,1.0,4.0,2.0,1.0,0.0,1.0,16.2,0.0,0.0,0.0,1.0,100.0,99.0,100.0,100.0,100.0,100.0,100.0,100.0,0.0,0.0,0.0,0.0,0.0,1.0,0.0,0.0,0.0,0.0,0.0,0.0,0.0,0.0,0.0,0.0,0.0,0.0,0.0,0.0,0.0,0.0,0.0,1.0,0.0,1.0,0.0,0.0,0.0,0.0,0.0,0.0,0.0,0.0,0.0,0.0,0.0,0.0,0.0,0.0,0.0,0.0,0.0,0.0,0.0,0.0,0.0,0.0,0.0,0.0,0.0,0.0,0.0,0.0,0.0,0.0,0.0,0.0,0.0,0.0,0.0,0.0,0.0,0.0,0.0,1.0,0.0,0.0,0.0,0.0,0.0,0.0,0.0,0.0,0.0,0.0,0.0,0.0,0.0,0.0,0.0,0.0,0.0,0.0,0.0,0.0,0.0,0.0,0.0,0.0,0.0,0.0,0.0,0.0,0.0,0.0,0.0,0.0,0.0,0.0,0.0,0.0,0.0,0.0,0.0,0.0,0.0,0.0,0.0,0.0,0.0,0.0,0.0,0.0,0.0,0.0,0.0,0.0,0.0,0.0,0.0,0.0,0.0,0.0,0.0,0.0,0.0,0.0,0.0,0.0,0.0,0.0,0.0,0.0,0.0,0.0,0.0,0.0,0.0,0.0,0.0,0.0,0.0,0.0,0.0,0.0,0.0,0.0,0.0,0.0,0.0,0.0,0.0,0.0,0.0,0.0,0.0,0.0,0.0,0.0,0.0,0.0,0.0,0.0,0.0,0.0,0.0,0.0,0.0,0.0,0.0,0.0,0.0,0.0,0.0,0.0,0.0,0.0,0.0",6.1,62997.72265625,968868.59765625,8688.4853515625,152386.59814453125,20.21435546875
1791397763.3873334,aggregate_n8_vmnos8_r2:confirmation,5.7,"15.2,9.2,5.8,4.9,9.7,5.8,4.7,7.6,9.4,7.6,13.7,4.9,3.8,5.7,2.9,4.8,4.7,5.8,5.7,9.3,4.7,5.8,4.9,4.0,2.8,1.9,11.4,5.5,1.9,2.8,53.3,44.9,84.1,66.0,8.5,1.9,2.8,2.9,5.7,5.7,6.7,6.7,5.8,3.8,3.9,10.4,10.5,6.8,2.9,4.1,8.5,4.9,6.8,6.7,3.7,3.8,5.0,8.7,6.8,7.8,9.6,10.4,10.5,7.8,2.8,3.7,3.7,1.9,100.0,99.1,99.1,100.0,99.1,100.0,100.0,100.0,0.0,0.0,0.0,0.0,0.0,0.0,0.0,0.0,0.0,0.0,0.0,0.0,0.0,0.0,0.0,0.0,0.0,0.0,0.0,0.0,0.0,0.0,0.0,4.6,3.7,4.6,0.0,0.0,0.0,0.0,0.0,0.0,0.0,0.0,0.0,0.0,0.0,0.0,0.0,0.0,0.0,0.0,0.0,0.0,0.0,0.0,0.0,0.0,0.0,0.0,0.0,0.0,0.0,0.0,0.0,0.0,0.0,0.0,0.0,0.0,0.0,0.0,0.0,0.0,0.0,1.0,0.0,0.0,0.0,0.0,0.0,0.0,0.0,0.0,0.0,0.0,0.0,0.0,0.0,0.0,0.0,0.0,0.0,0.0,0.9,0.0,0.0,0.0,0.0,0.0,0.0,0.0,0.0,0.0,0.0,0.0,0.0,0.0,0.0,0.0,0.0,0.0,0.0,0.0,0.0,0.0,0.0,0.0,0.0,0.0,0.0,0.0,0.0,0.0,0.0,0.0,0.0,0.0,0.0,0.0,0.0,0.0,0.0,0.0,0.0,0.0,0.0,0.0,0.0,0.0,0.0,0.0,0.0,0.0,0.0,0.0,0.0,0.0,0.0,0.0,0.0,0.0,0.0,0.0,0.0,0.0,0.0,0.0,0.0,0.0,0.0,0.0,0.0,0.0,0.0,0.0,0.0,0.0,0.0,0.0,0.0,0.0,0.0,0.0,0.0,0.0,0.0,0.0,0.0,0.0,0.0,0.0,0.0,0.0,0.0,0.0,0.0,0.0,0.0",6.1,62970.8125,968895.5078125,8688.4853515625,152386.59814453125,20.21435546875
1791397764.474789,aggregate_n8_vmnos8_r2:confirmation,4.7,"4.8,3.0,0.0,1.0,1.0,2.0,0.0,4.9,0.0,2.0,3.0,2.0,0.0,1.0,1.0,2.9,0.0,2.1,2.0,1.0,0.0,2.0,1.0,3.2,1.0,0.0,0.0,2.0,0.0,1.0,73.8,86.3,35.3,52.9,8.8,1.0,2.0,2.0,3.0,3.0,0.0,2.9,2.0,1.0,1.0,2.0,15.8,13.7,1.0,5.0,1.0,5.1,2.0,0.0,0.0,1.0,0.0,4.9,0.0,1.0,2.0,16.8,1.0,4.9,0.0,0.0,0.0,1.0,100.0,100.0,100.0,100.0,100.0,100.0,100.0,100.0,0.0,0.0,0.0,0.0,0.0,1.0,0.0,0.0,2.9,0.0,0.0,0.0,0.0,0.0,0.0,0.0,0.0,0.0,0.0,0.0,0.0,0.0,0.0,0.0,0.0,0.0,0.0,0.0,0.0,0.0,0.0,0.0,0.0,0.0,0.0,0.0,0.0,0.0,0.0,0.0,0.0,0.0,0.0,0.0,0.0,0.0,0.0,0.0,0.0,0.0,0.0,0.0,0.0,0.0,0.0,0.0,0.0,0.0,0.0,0.0,0.0,0.0,0.0,0.0,0.0,0.0,0.0,0.0,0.0,0.0,0.0,1.0,0.0,0.0,0.0,0.0,1.0,0.0,0.0,0.0,0.0,0.0,0.0,0.0,0.0,0.0,0.0,0.0,0.0,0.0,0.0,0.0,0.0,0.0,0.0,0.0,0.0,0.0,0.0,0.0,0.0,0.0,0.0,0.0,0.0,0.0,0.0,0.0,0.0,0.0,0.0,0.0,0.0,0.0,0.0,0.0,0.0,0.0,0.0,0.0,0.0,0.0,0.0,0.0,0.0,0.0,0.0,0.0,0.0,0.0,0.0,0.0,0.0,0.0,0.0,0.0,0.0,0.0,0.0,0.0,0.0,0.0,0.0,0.0,0.0,0.0,0.0,0.0,0.0,0.0,0.0,0.0,0.0,0.0,0.0,0.0,0.0,0.0,0.0,0.0,0.0,0.0,0.0,0.0,0.0,0.0,0.0,0.0,0.0,0.0,0.0,0.0,0.0,0.0,0.0,0.0,0.0,0.0,0.0",6.2,63648.72265625,968217.59765625,8688.4853515625,152386.84814453125,20.21435546875
1791397765.4971209,aggregate_n8_vmnos8_r2:confirmation,5.5,"15.1,8.2,7.0,5.0,8.9,7.0,7.9,9.0,7.1,7.1,10.2,6.2,11.2,6.1,6.2,5.2,9.0,9.3,8.9,8.2,6.1,9.1,7.2,9.3,4.2,4.0,5.0,3.1,4.0,3.0,58.0,27.0,34.7,27.0,5.1,15.2,6.2,6.0,7.1,7.3,13.0,7.1,4.0,5.0,7.8,5.9,8.0,11.1,5.1,4.3,5.2,10.4,10.2,11.9,5.0,5.2,7.1,10.2,7.2,8.0,8.9,12.6,8.0,8.2,2.9,3.0,3.0,3.0,100.0,100.0,100.0,100.0,100.0,100.0,100.0,100.0,0.0,0.0,0.0,0.0,0.0,0.0,0.0,0.0,2.1,1.0,0.0,0.0,0.0,0.0,0.0,0.0,0.0,0.0,0.0,0.0,0.0,0.0,0.0,1.0,1.0,1.0,0.0,0.0,0.0,0.0,0.0,0.0,0.0,0.0,0.0,0.0,0.0,0.0,0.0,0.0,0.0,0.0,0.0,0.0,0.0,0.0,0.0,0.0,0.0,0.0,0.0,0.0,0.0,0.0,0.0,0.0,0.0,0.0,0.0,0.0,0.0,0.0,0.0,0.0,0.0,0.0,0.0,0.0,0.0,0.0,0.0,0.0,0.0,0.0,0.0,0.0,0.0,0.0,0.0,0.0,0.0,0.0,0.0,0.0,0.0,0.0,0.0,0.0,0.0,0.0,0.0,0.0,0.0,0.0,0.0,0.0,0.0,0.0,0.0,0.0,0.0,0.0,0.0,0.0,1.0,0.0,0.0,0.0,0.0,0.0,0.0,0.0,0.0,0.0,0.0,0.0,0.0,0.0,0.0,0.0,0.0,0.0,0.0,0.0,0.0,0.0,0.0,0.0,0.0,0.0,0.0,0.0,0.0,0.0,0.0,0.0,0.0,0.0,0.0,0.0,0.0,0.0,0.0,0.0,0.0,0.0,0.0,0.0,0.0,0.0,0.0,0.0,0.0,0.0,0.0,0.0,0.0,0.0,0.0,0.0,0.0,0.0,0.0,0.0,0.0,0.0,0.0,0.0,0.0,0.0,0.0,0.0,0.0,0.0,0.0,0.0,0.0,0.0,0.0",6.1,62947.2265625,968919.09375,8688.4853515625,152386.84814453125,20.21435546875
1791397766.5200288,aggregate_n8_vmnos8_r2:confirmation,4.7,"7.1,4.0,2.9,2.0,5.1,2.0,2.0,2.0,16.0,2.0,1.0,4.1,3.0,4.0,1.0,2.0,7.3,5.0,3.1,2.0,2.0,3.0,2.1,5.6,5.9,4.0,3.0,6.0,3.0,3.0,13.7,5.0,83.0,83.3,4.0,3.0,7.0,1.0,1.0,3.0,3.0,1.0,1.0,1.0,0.0,2.0,13.3,5.0,0.0,4.0,2.0,3.1,5.3,7.3,1.0,14.1,3.0,4.0,1.0,0.0,1.0,2.0,1.0,2.1,2.0,0.0,0.0,0.0,100.0,100.0,100.0,100.0,100.0,100.0,100.0,100.0,0.0,0.0,0.0,0.0,0.0,0.0,0.0,0.0,0.0,0.0,0.0,0.0,0.0,0.0,0.0,0.0,0.0,0.0,0.0,0.0,0.0,0.0,0.0,2.9,2.9,3.0,0.0,0.0,0.0,0.0,0.0,0.0,0.0,0.0,0.0,0.0,0.0,0.0,0.0,0.0,0.0,0.0,0.0,0.0,0.0,0.0,0.0,0.0,0.0,0.0,0.0,0.0,0.0,0.0,0.0,0.0,0.0,0.0,0.0,0.0,0.0,0.0,0.0,0.0,0.0,1.0,1.0,0.0,0.0,0.0,0.0,0.0,0.0,0.0,0.0,0.0,0.0,0.0,0.0,0.0,0.0,0.0,0.0,0.0,0.0,0.0,0.0,0.0,0.0,0.0,0.0,0.0,0.0,0.0,0.0,0.0,0.0,0.0,0.0,0.0,0.0,0.0,0.0,0.0,0.0,0.0,0.0,0.0,0.0,0.0,0.0,0.0,0.0,0.0,0.0,0.0,0.0,0.0,0.0,0.0,0.0,0.0,0.0,0.0,0.0,0.0,0.0,0.0,0.0,0.0,0.0,0.0,0.0,0.0,0.0,0.0,0.0,0.0,0.0,0.0,0.0,0.0,0.0,0.0,0.0,0.0,0.0,0.0,0.0,0.0,0.0,0.0,0.0,0.0,0.0,0.0,0.0,0.0,0.0,0.0,0.0,0.0,0.0,0.0,0.0,0.0,0.0,0.0,0.0,0.0,0.0,0.0,0.0,0.0,0.0,0.0,0.0,0.0,0.0",6.1,62881.0390625,968985.28125,8688.4853515625,152387.85205078125,20.517578125
1791397767.5425365,aggregate_n8_vmnos8_r2:confirmation,6.2,"12.2,11.3,11.1,9.8,11.2,15.0,5.1,10.0,7.8,15.8,6.9,6.0,8.0,21.2,10.0,7.0,5.9,10.1,8.9,7.1,7.0,7.8,5.0,7.9,7.1,11.9,7.2,20.4,10.8,7.1,5.0,5.0,71.6,90.2,4.9,8.1,3.0,6.8,6.9,6.9,5.1,5.0,15.0,4.0,5.9,7.0,14.1,16.0,4.0,5.2,5.1,8.2,6.1,5.1,4.0,9.0,4.0,7.1,8.8,6.9,8.0,9.0,17.0,5.0,5.9,3.9,2.0,2.0,100.0,99.0,100.0,100.0,100.0,99.0,99.0,100.0,0.0,0.0,0.0,0.0,0.0,1.0,0.0,0.0,1.0,0.0,0.0,0.0,0.0,0.0,0.0,0.0,0.0,0.0,0.0,0.0,0.0,0.0,61.8,2.0,2.0,1.0,0.0,0.0,0.0,0.0,0.0,0.0,0.0,0.0,0.0,0.0,0.0,0.0,0.0,0.0,0.0,0.0,0.0,0.0,0.0,0.0,0.0,0.0,0.0,0.0,0.0,0.0,0.0,0.0,0.0,0.0,0.0,0.0,0.0,0.0,0.0,0.0,0.0,0.0,0.0,1.0,0.0,0.0,0.0,0.0,0.0,0.0,0.0,0.0,0.0,0.0,0.0,0.0,0.0,0.0,0.0,0.0,0.0,0.0,0.0,0.0,0.0,0.0,0.0,0.0,0.0,0.0,0.0,0.0,0.0,0.0,0.0,0.0,0.0,0.0,0.0,0.0,0.0,0.0,0.0,0.0,0.0,0.0,0.0,0.0,0.0,0.0,0.0,0.0,0.0,0.0,0.0,0.0,0.0,0.0,0.0,0.0,0.0,0.0,0.0,0.0,0.0,0.0,0.0,0.0,0.0,0.0,0.0,0.0,0.0,0.0,17.6,0.0,0.0,0.0,0.0,0.0,0.0,0.0,0.0,0.0,0.0,0.0,0.0,0.0,0.0,0.0,0.0,0.0,0.0,0.0,0.0,0.0,0.0,0.0,0.0,0.0,0.0,0.0,0.0,0.0,0.0,0.0,0.0,0.0,0.0,0.0,0.0,0.0,0.0,0.0,0.0,0.0,0.0",6.1,63088.83203125,968777.48828125,8688.4853515625,152387.85205078125,20.517578125
1791397768.565465,aggregate_n8_vmnos8_r2:confirmation,4.8,"4.5,1.0,11.9,5.0,7.8,3.0,4.0,3.0,0.0,2.0,0.0,0.0,2.0,11.9,0.0,1.0,0.0,2.0,1.0,4.0,1.0,1.0,1.0,1.1,2.0,1.0,1.0,8.0,2.0,2.9,23.0,2.0,42.2,12.1,3.9,4.0,2.9,2.9,5.0,2.1,3.9,3.9,3.9,1.0,2.0,1.9,1.0,4.0,1.0,2.0,2.0,4.0,4.2,3.9,1.0,6.0,1.0,1.9,7.8,0.0,1.0,1.0,1.0,1.0,0.0,0.0,0.0,1.0,100.0,100.0,99.0,100.0,100.0,100.0,100.0,100.0,0.0,0.0,0.0,0.0,0.0,0.0,0.0,0.0,5.0,0.0,0.0,0.0,0.0,0.0,0.0,0.0,0.0,0.0,0.0,0.0,0.0,0.0,76.2,0.0,0.0,0.0,0.0,0.0,0.0,0.0,0.0,0.0,0.0,0.0,0.0,0.0,0.0,0.0,0.0,0.0,0.0,0.0,0.0,0.0,0.0,0.0,0.0,0.0,0.0,0.0,0.0,0.0,0.0,0.0,0.0,0.0,0.0,0.0,0.0,0.0,0.0,0.0,0.0,0.0,0.0,0.0,0.0,0.0,0.0,0.0,0.0,0.0,0.0,0.0,0.0,0.0,0.0,0.0,0.0,0.0,0.0,0.0,0.0,0.0,0.0,0.0,0.0,0.0,0.0,0.0,0.0,0.0,0.0,0.0,0.0,0.0,0.0,0.0,0.0,0.0,0.0,0.0,0.0,0.0,0.0,0.0,0.0,0.0,0.0,0.0,0.0,0.0,0.0,0.0,0.0,0.0,0.0,0.0,0.0,0.0,0.0,0.0,0.0,0.0,0.0,0.0,0.0,0.0,0.0,0.0,0.0,0.0,0.0,0.0,0.0,0.0,94.2,0.0,0.0,0.0,0.0,0.0,0.0,0.0,0.0,0.0,0.0,0.0,0.0,0.0,0.0,0.0,0.0,0.0,0.0,0.0,0.0,0.0,0.0,0.0,0.0,0.0,0.0,0.0,0.0,0.0,0.0,0.0,0.0,0.0,0.0,0.0,0.0,0.0,0.0,0.0,0.0,0.0,0.0",6.1,62991.1640625,968875.15625,8688.4853515625,152387.85205078125,20.517578125
1791397769.5894215,aggregate_n8_vmnos8_r2:confirmation,6.3,"18.2,19.2,5.7,4.9,8.7,8.7,6.7,14.4,4.9,4.9,2.9,4.8,3.9,5.7,11.8,3.0,8.7,8.7,5.0,4.8,6.7,5.8,11.5,4.9,4.8,5.7,3.8,7.6,5.7,4.8,11.4,90.4,82.9,24.3,4.8,9.6,1.0,6.9,7.6,11.7,3.8,3.8,11.7,5.8,12.6,14.7,4.9,8.7,14.3,20.0,11.7,9.9,11.2,7.8,8.6,8.9,11.7,15.4,7.8,6.8,11.4,4.9,6.9,19.2,5.8,3.8,1.9,1.9,100.0,100.0,100.0,100.0,100.0,100.0,100.0,100.0,0.0,0.0,0.0,0.0,0.0,0.0,0.0,0.0,36.5,0.0,0.0,0.0,0.0,0.0,0.0,0.0,0.0,0.0,0.0,0.0,0.0,0.0,1.9,0.9,0.0,0.0,0.0,0.0,0.0,0.0,0.0,0.0,0.0,0.0,0.0,0.0,0.0,0.0,0.0,0.0,0.0,0.0,0.0,0.0,0.0,0.0,0.0,0.0,0.0,0.0,0.0,0.0,0.0,0.0,0.0,0.0,0.0,0.9,0.0,0.9,0.0,0.0,0.0,0.0,0.0,0.0,0.0,0.0,0.0,0.0,0.0,0.0,0.0,0.0,0.0,0.0,0.0,0.0,0.0,0.0,0.0,0.0,0.0,0.0,0.0,0.0,0.0,0.0,0.0,0.0,0.0,0.0,0.0,0.0,0.0,0.0,0.0,0.0,0.0,0.0,0.0,0.0,0.0,0.0,0.0,0.0,0.0,0.0,0.0,0.0,0.0,0.0,0.0,0.0,0.0,0.0,0.0,0.0,0.0,0.0,0.0,0.0,0.0,0.0,0.0,0.0,0.0,0.0,0.0,0.0,0.0,0.0,0.0,0.0,0.0,0.0,64.8,0.0,0.0,0.0,0.0,0.0,0.0,0.0,0.0,0.0,0.0,0.0,0.0,0.0,0.0,0.0,0.0,0.0,0.0,0.0,0.0,0.0,0.0,0.0,0.0,0.0,0.0,0.0,0.0,0.0,0.0,0.0,0.0,0.0,0.0,0.0,0.0,0.0,0.0,0.0,0.0,0.0,0.0",6.1,62699.40625,969166.9140625,8688.4853515625,152388.34423828125,20.517578125
1791397770.6444166,aggregate_n8_vmnos8_r2:confirmation,4.8,"7.4,1.0,0.0,1.0,0.0,2.9,1.0,0.0,0.0,0.0,0.0,1.0,1.0,0.0,3.0,1.0,1.0,0.0,0.0,1.0,0.0,0.0,2.0,3.1,2.9,5.9,2.9,2.9,0.0,0.0,47.0,40.0,70.3,52.9,3.0,1.0,4.0,2.0,3.0,3.0,2.0,1.0,1.0,1.0,0.0,0.0,4.1,3.0,3.0,4.1,2.0,3.2,3.2,3.9,1.0,5.0,1.0,9.9,2.0,2.0,1.0,6.9,1.0,2.0,0.0,0.0,0.0,0.0,100.0,100.0,100.0,97.1,100.0,100.0,100.0,100.0,0.0,0.0,0.0,0.0,0.0,0.0,0.0,0.0,1.9,0.0,0.0,0.0,0.0,0.0,0.0,0.0,0.0,0.0,0.0,0.0,0.0,0.0,0.0,0.0,0.0,0.0,0.0,0.0,0.0,0.0,0.0,0.0,0.0,0.0,0.0,0.0,0.0,0.0,0.0,0.0,0.0,0.0,0.0,0.0,0.0,0.0,0.0,0.0,0.0,0.0,0.0,0.0,0.0,0.0,0.0,0.0,0.0,0.0,0.0,0.0,0.0,0.0,0.0,0.0,0.0,0.0,0.0,0.0,0.0,0.0,0.0,0.0,0.0,0.0,0.0,0.0,0.0,0.0,0.0,0.0,0.0,0.0,0.0,0.0,1.9,0.0,0.0,0.0,0.0,0.0,0.0,0.0,0.0,0.0,0.0,0.0,0.0,0.0,0.0,0.0,0.0,0.0,0.0,0.0,0.0,0.0,0.0,0.0,0.0,0.0,0.0,0.0,0.0,0.0,0.0,0.0,0.0,0.0,0.0,0.0,0.0,0.0,0.0,0.0,0.0,0.0,0.0,0.0,0.0,0.0,0.0,0.0,0.0,0.0,0.0,0.0,100.0,0.0,0.0,0.0,0.0,0.0,0.0,0.0,0.0,0.0,0.0,0.0,0.0,0.0,0.0,0.0,0.0,0.0,0.0,0.0,0.0,0.0,0.0,0.0,0.0,0.0,0.0,0.0,0.0,0.0,0.0,0.0,0.0,0.0,0.0,0.0,0.0,0.0,0.0,0.0,0.0,0.0,0.0",6.1,63105.09375,968761.2265625,8688.4853515625,152388.34423828125,20.517578125
1791397771.6489265,aggregate_n8_vmnos8_r2:confirmation,6.0,"11.8,9.4,18.2,8.2,7.1,9.1,6.1,4.1,6.0,7.1,6.9,10.2,7.0,7.2,5.1,4.1,4.1,3.1,14.4,7.2,5.0,7.0,6.1,5.2,6.1,4.0,3.1,4.1,8.0,3.1,15.2,88.9,58.0,60.4,9.2,7.9,9.1,4.1,5.1,6.1,5.1,6.1,6.3,6.2,8.1,11.0,7.2,8.2,7.1,11.3,12.2,6.2,9.7,9.4,9.2,9.4,6.2,7.0,9.3,8.2,9.0,13.0,5.1,10.0,5.0,6.0,7.9,7.1,99.0,99.0,100.0,100.0,100.0,100.0,100.0,99.0,0.0,0.0,0.0,0.0,0.0,0.0,0.0,0.0,1.0,0.0,0.0,0.0,0.0,0.0,0.0,0.0,0.0,0.0,0.0,0.0,0.0,0.0,5.0,5.0,5.0,5.9,0.0,0.0,0.0,0.0,0.0,0.0,0.0,0.0,0.0,0.0,0.0,0.0,0.0,0.0,0.0,0.0,0.0,0.0,0.0,0.0,0.0,0.0,0.0,0.0,0.0,0.0,0.0,0.0,0.0,0.0,0.0,0.0,0.0,0.0,0.0,0.0,0.0,0.0,0.0,0.0,0.0,0.0,0.0,0.0,1.0,1.0,0.0,0.0,0.0,0.0,0.0,0.0,0.0,0.0,0.0,0.0,0.0,0.0,0.0,0.0,0.0,0.0,0.0,0.0,0.0,0.0,0.0,0.0,0.0,0.0,0.0,0.0,0.0,0.0,0.0,0.0,0.0,1.0,0.0,0.0,0.0,0.0,0.0,0.0,0.0,0.0,0.0,0.0,0.0,0.0,0.0,0.0,0.0,0.0,0.0,0.0,0.0,0.0,0.0,0.0,0.0,0.0,0.0,0.0,0.0,0.0,0.0,0.0,0.0,0.0,16.8,0.0,0.0,0.0,0.0,0.0,0.0,0.0,0.0,0.0,0.0,0.0,0.0,0.0,0.0,0.0,0.0,0.0,0.0,0.0,0.0,0.0,0.0,0.0,0.0,0.0,0.0,0.0,0.0,0.0,0.0,0.0,0.0,0.0,0.0,0.0,0.0,0.0,0.0,0.0,0.0,0.0,0.0",6.1,62929.30859375,968937.01171875,8688.4853515625,152389.53955078125,20.15576171875
1791397772.678808,aggregate_n8_vmnos8_r2:confirmation,4.2,"5.9,2.1,2.0,2.0,3.0,8.0,2.0,2.0,0.0,0.0,8.9,0.0,0.0,0.0,0.0,1.0,0.0,1.0,2.0,8.9,1.0,2.1,3.0,0.0,0.0,1.9,2.0,2.0,1.9,2.0,1.0,4.0,59.2,83.3,1.0,1.0,1.0,1.0,3.0,1.0,14.0,2.0,3.0,3.1,0.0,0.0,2.0,3.0,2.0,0.0,5.0,2.0,2.0,2.9,0.0,2.9,4.9,1.0,1.0,0.0,1.0,5.9,2.0,0.0,0.0,0.0,0.0,0.0,100.0,100.0,100.0,100.0,99.0,100.0,100.0,100.0,0.0,0.0,0.0,0.0,0.0,0.0,0.0,0.0,1.0,0.0,0.0,0.0,0.0,0.0,0.0,0.0,0.0,0.0,0.0,0.0,0.0,0.0,0.0,0.0,0.0,0.0,0.0,0.0,0.0,0.0,0.0,0.0,0.0,0.0,0.0,0.0,0.0,0.0,0.0,0.0,0.0,0.0,0.0,0.0,0.0,0.0,0.0,0.0,0.0,0.0,0.0,0.0,0.0,0.0,0.0,0.0,0.0,0.0,0.0,0.0,0.0,0.0,0.0,0.0,0.0,0.0,0.0,0.0,0.0,0.0,0.0,1.0,0.0,0.0,0.0,0.0,0.0,0.0,0.0,0.0,0.0,0.0,0.0,0.0,0.0,0.0,0.0,0.0,0.0,0.0,0.0,0.0,0.0,0.0,0.0,0.0,0.0,0.0,0.0,0.0,0.0,0.0,0.0,0.0,0.0,0.0,0.0,0.0,0.0,0.0,0.0,0.0,0.0,0.0,0.0,0.0,0.0,0.0,0.0,0.0,0.0,0.0,0.0,0.0,0.0,0.0,0.0,0.0,0.0,0.0,0.0,0.0,0.0,0.0,0.0,0.0,0.0,0.0,0.0,0.0,0.0,0.0,0.0,0.0,0.0,0.0,0.0,0.0,0.0,0.0,0.0,0.0,0.0,0.0,0.0,0.0,0.0,0.0,0.0,0.0,0.0,0.0,0.0,0.0,0.0,0.0,0.0,0.0,0.0,0.0,0.0,0.0,0.0,0.0,0.0,0.0,0.0,0.0,0.0",6.1,62930.65625,968935.6640625,8688.4853515625,152389.53955078125,20.15576171875
1791397773.701118,aggregate_n8_vmnos8_r2:confirmation,5.7,"19.8,6.3,8.2,8.1,10.0,10.1,5.1,8.0,7.2,4.0,7.0,8.0,5.0,5.9,5.9,13.1,6.2,4.1,11.9,4.1,8.9,6.1,7.9,7.4,5.0,2.0,2.0,5.0,3.0,9.9,23.2,22.0,100.0,80.0,5.9,7.0,3.0,3.0,4.0,1.0,6.1,7.8,7.1,13.3,8.2,7.1,7.9,6.1,5.0,6.1,6.0,6.1,7.4,8.9,5.1,7.1,5.0,5.0,7.8,4.0,3.9,15.0,6.1,15.2,3.9,4.0,2.0,5.0,100.0,100.0,99.0,100.0,100.0,100.0,100.0,100.0,0.0,0.0,0.0,0.0,0.0,1.0,0.0,0.0,2.1,0.0,0.0,0.0,0.0,0.0,0.0,0.0,0.0,0.0,0.0,0.0,0.0,0.0,1.0,0.0,1.0,1.0,0.0,0.0,0.0,0.0,0.0,0.0,0.0,0.0,0.0,0.0,0.0,0.0,0.0,0.0,0.0,0.0,0.0,0.0,0.0,0.0,0.0,0.0,0.0,0.0,0.0,0.0,0.0,0.0,0.0,0.0,0.0,0.0,0.0,0.0,0.0,0.0,0.0,0.0,0.0,1.0,0.0,0.0,0.0,0.0,0.0,0.0,0.0,0.0,0.0,0.0,0.0,0.0,0.0,0.0,0.0,0.0,0.0,0.0,0.0,0.0,0.0,0.0,0.0,0.0,0.0,0.0,0.0,0.0,0.0,0.0,0.0,0.0,0.0,0.0,0.0,0.0,0.0,0.0,0.0,0.0,0.0,0.0,0.0,0.0,0.0,0.0,0.0,0.0,0.0,0.0,0.0,0.0,0.0,0.0,0.0,0.0,0.0,0.0,0.0,0.0,0.0,0.0,0.0,0.0,0.0,0.0,0.0,0.0,0.0,0.0,0.0,0.0,0.0,0.0,0.0,0.0,0.0,0.0,0.0,0.0,0.0,0.0,0.0,0.0,0.0,0.0,0.0,1.0,0.0,0.0,0.0,0.0,0.0,0.0,0.0,0.0,0.0,0.0,0.0,0.0,0.0,0.0,0.0,0.0,0.0,0.0,0.0,0.0,0.0,0.0,0.0,0.0,0.0",6.1,63127.3671875,968738.953125,8688.4853515625,152389.77001953125,20.15576171875
1791397774.7234256,aggregate_n8_vmnos8_r2:confirmation,4.8,"2.4,4.1,1.1,1.0,1.0,3.0,3.0,4.0,1.0,0.0,0.0,1.0,1.9,1.0,4.0,1.0,4.3,2.0,2.0,2.0,1.0,2.0,0.0,2.0,2.0,0.0,0.0,1.0,0.0,2.0,25.0,76.5,100.0,76.5,2.0,2.0,3.0,2.0,1.0,1.0,2.0,3.0,3.0,3.0,1.0,2.0,14.1,8.9,2.0,4.1,2.0,5.4,3.2,7.1,2.0,2.0,2.0,4.9,3.0,0.0,2.0,2.0,5.1,2.0,0.0,0.0,1.0,1.0,100.0,100.0,100.0,100.0,100.0,100.0,100.0,100.0,0.0,0.0,0.0,0.0,0.0,0.0,0.0,0.0,0.0,0.0,0.0,0.0,0.0,0.0,0.0,0.0,0.0,0.0,0.0,0.0,0.0,0.0,0.0,0.0,0.0,0.0,0.0,0.0,0.0,0.0,0.0,0.0,0.0,0.0,0.0,0.0,0.0,0.0,0.0,0.0,0.0,0.0,0.0,0.0,0.0,0.0,0.0,0.0,0.0,0.0,0.0,0.0,0.0,0.0,0.0,0.0,0.0,0.0,0.0,0.0,0.0,0.0,0.0,0.0,0.0,2.1,0.0,0.0,0.0,0.0,0.0,0.0,0.0,0.0,0.0,0.0,0.0,0.0,0.0,0.0,0.0,0.0,0.0,0.0,0.0,0.0,0.0,0.0,0.0,0.0,0.0,0.0,0.0,0.0,0.0,0.0,0.0,0.0,0.0,0.0,0.0,0.0,0.0,0.0,0.0,0.0,0.0,0.0,0.0,0.0,0.0,0.0,0.0,0.0,0.0,0.0,0.0,0.0,0.0,0.0,0.0,0.0,0.0,0.0,0.0,0.0,0.0,0.0,0.0,0.0,0.0,0.0,0.0,0.0,0.0,0.0,0.0,0.0,0.0,0.0,0.0,0.0,0.0,0.0,0.0,0.0,0.0,0.0,0.0,0.0,0.0,0.0,0.0,0.0,0.0,0.0,0.0,0.0,0.0,0.0,0.0,0.0,0.0,0.0,0.0,0.0,0.0,0.0,0.0,0.0,0.0,0.0,0.0,0.0,0.0,0.0,0.0,0.0,0.0",6.2,63465.796875,968400.5234375,8688.4853515625,152389.77001953125,20.15576171875
1791397775.7689493,aggregate_n8_vmnos8_r2:confirmation,6.0,"10.0,6.1,5.8,6.9,3.9,7.0,6.8,18.0,23.8,5.8,3.9,5.8,5.8,7.1,7.7,4.9,7.9,13.6,7.7,8.9,7.8,7.8,5.9,6.9,13.7,4.8,8.6,2.9,4.9,4.8,15.5,93.3,57.7,72.1,6.9,5.8,6.9,5.8,5.8,2.9,4.9,6.8,6.9,4.9,4.0,16.7,6.8,4.0,9.7,8.7,6.7,8.9,8.0,4.0,6.7,6.7,5.9,12.9,9.9,6.8,3.0,5.9,6.9,5.0,3.9,2.9,3.9,3.0,100.0,100.0,100.0,99.1,100.0,100.0,100.0,100.0,0.0,0.0,0.0,0.0,0.0,0.0,0.0,0.0,0.0,0.0,0.0,0.0,0.0,0.0,0.0,0.0,0.0,0.0,0.0,0.0,0.0,0.0,6.7,11.5,8.6,8.6,0.0,0.0,0.0,0.0,0.0,0.0,0.0,0.0,0.0,0.0,0.0,0.0,0.0,0.0,0.0,0.0,0.0,0.0,0.0,0.0,0.0,0.0,0.0,0.0,0.0,0.0,0.0,0.0,0.0,0.0,0.0,0.0,0.0,0.0,0.0,0.0,0.0,0.0,0.0,0.0,0.0,0.0,0.0,0.0,0.0,0.0,0.0,0.0,0.0,0.0,0.0,0.0,0.0,0.0,0.0,0.0,0.0,0.0,0.0,0.0,0.0,0.0,0.0,0.0,0.0,0.0,0.0,0.0,0.0,0.0,0.0,0.0,0.0,0.0,0.0,0.0,0.0,0.0,0.0,0.0,0.0,0.0,0.0,0.0,0.0,0.0,0.0,0.0,0.0,0.0,0.0,0.0,0.0,0.0,0.0,0.0,0.0,0.0,0.0,0.0,0.0,0.0,0.0,0.0,0.0,0.0,0.0,0.0,0.0,0.0,0.0,0.0,0.0,0.0,0.0,0.0,0.0,0.0,0.0,0.0,0.0,0.0,0.0,0.0,0.0,0.0,0.0,0.0,0.0,0.0,0.0,0.0,0.0,0.0,0.0,0.0,0.0,0.0,0.0,0.0,0.0,0.0,0.0,0.0,0.0,0.0,0.0,0.0,0.0,0.0,0.0,0.0,0.0",6.1,62944.30078125,968922.01953125,8688.4853515625,152389.77001953125,20.15576171875
1791397776.7916145,aggregate_n8_vmnos8_r2:confirmation,4.8,"10.3,0.0,1.0,2.0,3.1,1.0,1.0,2.1,1.0,0.0,1.0,1.0,0.0,0.0,1.0,1.0,1.0,0.0,2.0,3.0,1.0,3.0,2.0,1.0,1.0,1.0,0.0,1.0,0.0,2.0,95.1,32.7,75.0,90.2,2.9,4.0,11.3,0.0,0.0,1.0,3.0,1.0,4.9,1.0,2.0,0.0,0.0,2.0,4.0,4.1,3.0,1.0,6.0,0.0,3.0,12.1,0.0,2.0,4.9,0.0,3.0,0.0,2.0,3.0,0.0,0.0,1.0,0.0,100.0,100.0,100.0,100.0,100.0,100.0,100.0,100.0,0.0,0.0,0.0,0.0,0.0,0.0,0.0,0.0,0.0,0.0,0.0,0.0,0.0,0.0,0.0,0.0,0.0,0.0,0.0,0.0,0.0,0.0,0.0,0.0,0.0,0.0,0.0,0.0,0.0,0.0,0.0,0.0,0.0,0.0,0.0,0.0,0.0,0.0,0.0,0.0,0.0,0.0,0.0,0.0,0.0,0.0,0.0,0.0,0.0,0.0,0.0,0.0,0.0,0.0,0.0,0.0,0.0,0.0,0.0,0.0,0.0,0.0,0.0,0.0,0.0,0.0,0.0,0.0,0.0,0.0,0.0,0.0,0.0,0.0,0.0,0.0,1.0,0.0,0.0,0.0,0.0,0.0,0.0,0.0,0.0,0.0,0.0,0.0,0.0,0.0,0.0,0.0,0.0,0.0,0.0,0.0,0.0,0.0,0.0,0.0,0.0,0.0,0.0,0.0,0.0,0.0,0.0,0.0,0.0,0.0,0.0,0.0,0.0,0.0,0.0,0.0,0.0,0.0,0.0,0.0,0.0,0.0,0.0,0.0,0.0,0.0,0.0,0.0,0.0,0.0,0.0,0.0,0.0,0.0,0.0,0.0,0.0,0.0,0.0,0.0,0.0,0.0,0.0,0.0,0.0,0.0,0.0,0.0,0.0,0.0,0.0,0.0,0.0,0.0,0.0,0.0,0.0,0.0,0.0,0.0,0.0,0.0,0.0,0.0,0.0,0.0,0.0,0.0,0.0,0.0,0.0,0.0,0.0,0.0,0.0,0.0,0.0,0.0,0.0",6.1,63078.1171875,968788.203125,8688.4853515625,152391.06689453125,19.98291015625
1791397777.8134658,aggregate_n8_vmnos8_r2:confirmation,5.6,"10.6,13.0,5.1,7.0,6.9,5.3,7.1,8.1,12.9,6.9,4.0,11.0,5.0,9.9,6.9,6.7,7.1,5.9,4.0,5.9,10.9,4.9,4.9,7.1,4.9,3.0,7.0,2.0,4.0,4.0,61.6,30.3,37.0,100.0,2.0,5.1,3.1,6.1,4.0,7.0,3.0,5.0,3.0,9.9,5.9,5.0,5.9,5.0,9.8,11.2,5.1,7.4,7.3,4.0,5.0,5.0,5.1,6.1,11.1,6.0,5.9,8.8,5.0,5.1,2.9,2.0,1.0,3.0,100.0,100.0,100.0,100.0,100.0,100.0,100.0,100.0,0.0,0.0,0.0,0.0,0.0,1.0,0.0,0.0,1.0,0.0,0.0,0.0,0.0,0.0,0.0,0.0,0.0,0.0,0.0,0.0,0.0,0.0,2.9,2.9,2.9,2.9,0.0,0.0,0.0,0.0,0.0,0.0,0.0,0.0,0.0,0.0,0.0,0.0,0.0,0.0,0.0,0.0,0.0,0.0,0.0,0.0,0.0,0.0,0.0,0.0,0.0,0.0,0.0,0.0,0.0,0.0,0.0,0.0,0.0,0.0,0.0,0.0,0.0,0.0,0.0,0.0,0.0,0.0,0.0,0.0,0.0,0.0,0.0,0.0,0.0,0.0,0.0,0.0,0.0,0.0,0.0,0.0,0.0,0.0,0.0,0.0,0.0,0.0,0.0,0.0,0.0,0.0,0.0,0.0,0.0,0.0,0.0,0.0,0.0,0.0,0.0,0.0,0.0,0.0,0.0,0.0,0.0,0.0,0.0,0.0,0.0,0.0,0.0,0.0,0.0,0.0,0.0,0.0,0.0,0.0,0.0,0.0,0.0,0.0,0.0,0.0,0.0,0.0,0.0,0.0,0.0,0.0,0.0,0.0,0.0,0.0,0.0,0.0,0.0,0.0,0.0,0.0,0.0,0.0,0.0,0.0,0.0,0.0,0.0,0.0,0.0,0.0,0.0,0.0,0.0,0.0,0.0,0.0,0.0,0.0,0.0,0.0,0.0,0.0,0.0,0.0,0.0,0.0,0.0,0.0,0.0,0.0,0.0,0.0,0.0,0.0,0.0,0.0,0.0",6.1,63237.79296875,968628.52734375,8688.4853515625,152391.06689453125,19.98291015625
1791397778.8343284,aggregate_n8_vmnos8_r2:confirmation,4.3,"10.5,2.0,1.0,0.0,2.0,1.0,3.1,2.0,1.0,1.0,1.0,0.0,0.0,0.0,0.0,0.0,0.0,2.2,2.0,2.0,1.0,0.0,2.0,0.0,1.0,2.0,0.0,0.0,0.0,1.0,29.0,70.6,10.8,99.0,1.0,1.0,3.0,1.0,2.0,2.0,0.0,0.0,1.0,0.0,0.0,5.1,2.0,3.9,1.0,2.0,1.0,4.1,0.0,0.0,0.0,1.0,1.0,1.0,4.0,1.0,1.0,1.0,3.0,1.0,0.0,0.0,0.0,0.0,100.0,99.0,100.0,100.0,100.0,99.0,99.0,99.0,0.0,0.0,0.0,0.0,0.0,0.0,0.0,0.0,0.0,0.0,0.0,0.0,0.0,0.0,0.0,0.0,0.0,0.0,0.0,0.0,0.0,0.0,1.9,1.0,1.0,1.0,0.0,0.0,0.0,0.0,0.0,0.0,0.0,0.0,0.0,0.0,0.0,0.0,0.0,0.0,0.0,0.0,0.0,0.0,0.0,0.0,0.0,0.0,0.0,0.0,0.0,0.0,0.0,0.0,0.0,0.0,0.0,0.0,0.0,0.0,0.0,0.0,0.0,0.0,0.0,0.0,0.0,0.0,0.0,0.0,0.0,0.0,0.0,0.0,0.0,0.0,0.0,0.0,0.0,0.0,0.0,0.0,0.0,0.0,0.0,0.0,0.0,0.0,0.0,0.0,0.0,0.0,0.0,0.0,0.0,0.0,0.0,0.0,0.0,0.0,0.0,0.0,0.0,0.0,0.0,0.0,0.0,0.0,0.0,0.0,0.0,0.0,0.0,0.0,0.0,0.0,0.0,0.0,0.0,0.0,0.0,0.0,0.0,0.0,0.0,0.0,0.0,0.0,0.0,0.0,0.0,0.0,0.0,0.0,0.0,0.0,0.0,0.0,0.0,0.0,0.0,0.0,0.0,0.0,0.0,0.0,0.0,0.0,0.0,0.0,0.0,0.0,0.0,0.0,0.0,0.0,0.0,0.0,0.0,0.0,0.0,0.0,0.0,0.0,0.0,0.0,0.0,0.0,0.0,0.0,0.0,0.0,0.0,0.0,0.0,0.0,0.0,0.0,0.0",6.1,63454.6796875,968411.640625,8688.4853515625,152391.29736328125,19.98291015625
1791397779.8514905,aggregate_n8_vmnos8_r2:confirmation,5.8,"10.2,16.5,4.1,6.9,5.1,12.0,23.2,3.1,16.2,4.0,4.0,2.1,6.2,4.0,5.0,4.0,5.0,7.1,8.2,4.0,3.0,4.0,3.0,7.1,2.0,3.0,5.9,5.8,1.0,5.1,73.5,56.4,3.0,100.0,4.1,7.0,4.0,6.1,4.1,13.9,6.1,2.0,3.1,5.0,5.1,26.8,8.2,4.0,5.9,7.1,14.0,7.4,14.1,4.0,4.0,11.0,6.0,5.1,12.0,7.0,6.1,9.1,8.4,10.0,2.0,3.0,2.9,16.8,100.0,99.0,100.0,100.0,100.0,100.0,100.0,100.0,0.0,0.0,0.0,0.0,0.0,0.0,0.0,0.0,0.0,0.0,0.0,0.0,0.0,0.0,0.0,0.0,0.0,0.0,0.0,0.0,0.0,0.0,0.0,0.0,0.0,0.0,0.0,0.0,0.0,0.0,0.0,0.0,0.0,0.0,0.0,0.0,0.0,0.0,0.0,0.0,0.0,0.0,0.0,0.0,0.0,0.0,0.0,0.0,0.0,0.0,0.0,0.0,0.0,0.0,0.0,0.0,0.0,0.0,0.0,0.0,0.0,0.0,0.0,0.0,0.0,2.0,1.0,0.0,0.0,0.0,0.0,0.0,0.0,0.0,0.0,0.0,0.0,0.0,0.0,0.0,0.0,0.0,0.0,0.0,0.0,0.0,0.0,0.0,0.0,0.0,0.0,0.0,0.0,0.0,0.0,0.0,0.0,0.0,0.0,0.0,0.0,0.0,1.0,0.0,0.0,0.0,0.0,0.0,0.0,0.0,0.0,0.0,0.0,0.0,0.0,0.0,0.0,0.0,0.0,0.0,0.0,0.0,0.0,0.0,0.0,0.0,0.0,0.0,0.0,0.0,0.0,0.0,0.0,0.0,0.0,0.0,0.0,0.0,0.0,0.0,0.0,0.0,0.0,0.0,0.0,0.0,0.0,0.0,0.0,0.0,0.0,0.0,0.0,0.0,0.0,0.0,0.0,0.0,0.0,0.0,0.0,0.0,0.0,0.0,0.0,0.0,0.0,0.0,0.0,0.0,0.0,0.0,0.0,0.0,0.0,0.0,0.0,0.0,0.0",6.1,62868.80078125,968997.51953125,8688.4853515625,152391.51611328125,19.98291015625
1791397780.8741672,aggregate_n8_vmnos8_r2:confirmation,4.6,"8.0,0.0,2.0,2.9,2.9,2.0,1.0,1.0,7.1,0.0,2.0,1.0,2.0,1.0,0.0,0.0,1.0,1.0,2.0,1.0,0.0,1.0,1.0,2.1,1.0,1.0,0.0,0.0,0.0,2.0,70.6,85.3,91.2,8.8,1.0,4.0,3.0,2.0,2.0,1.0,1.0,1.0,1.0,3.1,5.9,3.0,0.0,3.0,5.1,2.0,1.0,4.1,3.1,0.0,1.0,3.0,0.0,2.0,1.0,0.0,0.0,3.0,2.0,2.1,0.0,0.0,0.0,0.0,100.0,99.0,100.0,100.0,100.0,100.0,100.0,100.0,0.0,0.0,0.0,0.0,0.0,0.0,0.0,0.0,0.0,0.0,0.0,0.0,0.0,0.0,0.0,0.0,0.0,0.0,0.0,0.0,0.0,0.0,0.0,0.0,0.0,0.0,0.0,0.0,0.0,0.0,0.0,0.0,0.0,0.0,0.0,0.0,0.0,0.0,0.0,0.0,0.0,0.0,0.0,0.0,0.0,0.0,0.0,0.0,0.0,0.0,0.0,0.0,0.0,0.0,0.0,0.0,0.0,0.0,0.0,0.0,0.0,0.0,0.0,0.0,0.0,2.0,0.0,0.0,0.0,0.0,0.0,0.0,0.0,0.0,0.0,0.0,0.0,0.0,0.0,0.0,0.0,0.0,0.0,0.0,0.0,0.0,0.0,0.0,0.0,0.0,0.0,0.0,0.0,0.0,0.0,0.0,0.0,0.0,0.0,0.0,0.0,0.0,0.0,0.0,0.0,0.0,0.0,0.0,0.0,0.0,0.0,0.0,0.0,0.0,0.0,0.0,0.0,1.0,0.0,0.0,0.0,0.0,0.0,0.0,0.0,0.0,0.0,0.0,0.0,0.0,0.0,0.0,0.0,0.0,0.0,0.0,0.0,0.0,0.0,0.0,0.0,0.0,0.0,0.0,0.0,0.0,0.0,0.0,0.0,0.0,0.0,0.0,0.0,0.0,0.0,0.0,0.0,0.0,0.0,0.0,0.0,0.0,0.0,0.0,0.0,0.0,0.0,0.0,0.0,0.0,0.0,0.0,0.0,0.0,0.0,0.0,0.0,0.0,0.0",6.1,63447.8515625,968418.46875,8688.4853515625,152391.51611328125,19.98291015625
1791397781.917497,aggregate_n8_vmnos8_r2:confirmation,6.4,"14.6,8.8,4.9,5.9,7.7,11.7,14.9,10.9,5.8,8.7,8.7,13.9,5.8,7.8,8.9,9.8,7.9,5.8,4.0,11.1,14.6,3.9,5.0,7.8,4.0,3.0,2.0,2.0,2.0,5.8,99.0,84.6,100.0,12.7,8.7,5.8,3.0,6.9,6.9,4.9,4.9,6.7,7.8,4.8,5.8,4.9,11.0,10.7,6.7,7.2,9.5,10.2,6.2,5.8,3.9,7.8,7.7,9.8,10.7,6.8,6.8,5.0,7.8,6.9,5.8,5.8,1.0,2.9,99.0,100.0,100.0,100.0,100.0,100.0,100.0,100.0,0.0,0.0,0.0,0.0,0.0,0.0,0.0,0.0,0.0,0.0,0.0,0.0,0.0,0.0,0.0,0.0,0.0,0.0,0.0,0.0,0.0,0.0,1.9,3.8,2.9,1.9,0.0,0.0,0.0,0.0,0.0,0.0,0.0,0.0,0.0,0.0,0.0,0.0,0.0,0.0,0.0,0.0,0.0,0.0,0.0,0.0,0.0,0.0,0.0,0.0,0.0,0.0,0.0,0.0,0.0,0.0,0.0,0.0,0.0,0.0,0.0,0.0,0.0,0.0,0.0,0.0,0.0,0.0,0.0,0.0,0.0,0.0,0.0,0.0,0.0,0.0,0.0,0.0,0.0,0.0,0.0,0.0,0.0,0.0,1.0,0.0,0.0,0.0,0.0,0.0,0.0,0.0,0.0,0.0,0.0,0.0,0.0,0.0,0.0,0.0,0.0,0.0,0.0,1.0,0.0,0.0,0.0,0.0,0.0,0.0,0.0,0.0,0.0,0.0,0.0,0.0,0.0,0.0,0.0,0.0,0.0,0.0,0.0,0.0,0.0,0.0,0.0,0.0,0.0,0.0,0.0,0.0,0.0,0.0,0.0,0.0,82.7,0.0,0.0,0.0,0.0,0.0,0.0,0.0,0.0,0.0,0.0,0.0,0.0,0.0,0.0,0.0,0.0,0.0,0.0,0.0,0.0,0.0,0.0,0.0,0.0,0.0,0.0,0.0,0.0,0.0,0.0,0.0,0.0,0.0,0.0,0.0,0.0,0.0,0.0,0.0,0.0,0.0,0.0",6.1,63055.859375,968810.4609375,8688.4853515625,152393.09423828125,19.82373046875
1791397782.9335537,aggregate_n8_vmnos8_r2:confirmation,5.3,"15.1,3.1,0.0,2.0,1.0,0.0,1.0,4.0,0.0,1.0,0.0,0.0,0.0,4.0,1.0,3.0,2.0,2.0,0.0,2.0,0.0,2.0,0.0,1.0,0.0,2.0,1.0,1.0,0.0,1.9,68.6,78.2,99.0,60.0,2.0,3.0,2.0,1.0,4.0,1.0,3.1,1.0,12.9,0.0,0.0,1.0,1.0,2.0,1.0,2.1,2.0,6.2,1.0,2.0,0.0,2.0,0.0,1.0,2.0,0.0,1.0,1.0,1.0,4.0,1.0,0.0,0.0,0.0,100.0,100.0,99.0,100.0,100.0,100.0,100.0,100.0,0.0,0.0,0.0,0.0,0.0,1.0,0.0,0.0,2.9,0.0,0.0,0.0,0.0,0.0,0.0,0.0,0.0,0.0,0.0,0.0,0.0,0.0,3.0,3.0,3.0,3.9,0.0,0.0,0.0,0.0,0.0,0.0,0.0,0.0,0.0,0.0,0.0,0.0,0.0,0.0,0.0,0.0,0.0,0.0,0.0,0.0,0.0,0.0,0.0,0.0,0.0,0.0,0.0,0.0,0.0,0.0,0.0,0.0,0.0,0.0,0.0,0.0,0.0,0.0,0.0,1.0,0.0,0.0,0.0,0.0,0.0,0.0,0.0,0.0,0.0,0.0,0.0,0.0,0.0,0.0,0.0,0.0,0.0,0.0,1.9,0.0,0.0,0.0,0.0,0.0,0.0,0.0,0.0,0.0,0.0,0.0,0.0,0.0,0.0,0.0,0.0,0.0,0.0,0.0,0.0,0.0,0.0,0.0,0.0,0.0,0.0,0.0,0.0,0.0,0.0,0.0,0.0,0.0,0.0,0.0,0.0,0.0,0.0,0.0,0.0,0.0,0.0,0.0,0.0,0.0,0.0,0.0,0.0,0.0,0.0,0.0,100.0,0.0,0.0,0.0,0.0,0.0,0.0,0.0,0.0,0.0,0.0,0.0,0.0,0.0,0.0,0.0,0.0,0.0,0.0,0.0,0.0,0.0,0.0,0.0,0.0,0.0,0.0,0.0,0.0,0.0,0.0,0.0,0.0,0.0,0.0,0.0,0.0,0.0,0.0,0.0,0.0,0.0,0.0",6.2,63461.58984375,968404.73046875,8688.4853515625,152393.09423828125,19.82373046875
1791397783.9556978,aggregate_n8_vmnos8_r2:confirmation,6.2,"13.8,6.8,3.0,4.0,8.8,6.9,5.0,7.9,7.8,6.0,24.2,6.9,5.0,19.8,6.9,6.1,5.0,4.0,3.0,9.2,6.1,6.9,11.1,8.1,3.0,5.9,4.9,4.0,2.9,4.0,23.0,71.7,47.5,91.3,11.9,5.9,5.0,8.8,7.0,6.9,6.9,7.9,4.0,5.0,4.0,5.0,10.8,5.9,3.0,5.2,4.0,11.5,6.2,5.0,5.8,5.9,6.9,11.8,6.9,6.0,5.9,5.0,6.9,4.0,3.0,5.0,2.0,3.9,99.0,99.0,100.0,100.0,99.0,99.0,100.0,100.0,0.0,0.0,0.0,0.0,0.0,0.0,0.0,0.0,0.0,0.0,0.0,0.0,0.0,0.0,0.0,0.0,0.0,0.0,0.0,0.0,0.0,0.0,5.9,4.0,5.8,4.0,0.0,0.0,0.0,0.0,0.0,0.0,0.0,0.0,0.0,0.0,0.0,0.0,0.0,0.0,0.0,0.0,0.0,0.0,0.0,0.0,0.0,0.0,0.0,0.0,0.0,0.0,0.0,0.0,0.0,0.0,0.0,0.0,0.0,0.0,0.0,0.0,0.0,0.0,0.0,0.0,0.0,1.0,0.0,0.0,0.0,0.0,0.0,0.0,0.0,0.0,0.0,0.0,0.0,0.0,0.0,0.0,0.0,0.0,0.0,0.0,0.0,0.0,0.0,0.0,0.0,0.0,0.0,0.0,0.0,0.0,0.0,0.0,0.0,0.0,0.0,0.0,0.0,0.0,0.0,0.0,0.0,0.0,0.0,0.0,0.0,0.0,0.0,0.0,0.0,0.0,0.0,0.0,0.0,0.0,0.0,0.0,0.0,0.0,0.0,0.0,0.0,0.0,0.0,0.0,0.0,0.0,0.0,0.0,0.0,0.0,100.0,0.0,0.0,0.0,0.0,0.0,0.0,0.0,0.0,0.0,0.0,0.0,0.0,0.0,0.0,0.0,0.0,0.0,0.0,0.0,0.0,0.0,0.0,0.0,0.0,0.0,0.0,0.0,0.0,0.0,0.0,0.0,0.0,0.0,0.0,0.0,0.0,0.0,0.0,0.0,0.0,0.0,0.0",6.1,63439.7421875,968426.578125,8688.4853515625,152393.34814453125,19.82373046875
1791397784.9782372,aggregate_n8_vmnos8_r2:confirmation,4.8,"11.6,1.0,2.0,0.0,2.0,0.0,2.0,2.9,3.0,2.0,12.9,1.0,1.0,1.0,3.1,1.0,0.0,1.0,1.0,2.0,3.1,0.0,3.1,2.1,0.0,0.0,0.0,4.0,1.0,0.0,44.7,85.4,99.0,56.0,1.0,1.0,3.0,2.9,3.0,3.0,0.0,2.9,0.0,0.0,0.0,0.0,1.0,0.0,0.0,3.2,2.0,5.2,3.3,4.0,0.0,0.0,0.0,0.0,1.0,1.0,1.0,0.0,1.0,1.0,0.0,0.0,0.0,0.0,100.0,100.0,100.0,99.0,100.0,100.0,100.0,99.0,0.0,0.0,0.0,0.0,0.0,0.0,0.0,0.0,0.0,0.0,0.0,0.0,0.0,0.0,0.0,0.0,0.0,0.0,0.0,0.0,0.0,0.0,0.0,0.0,0.0,0.0,0.0,0.0,0.0,0.0,0.0,0.0,0.0,0.0,0.0,0.0,0.0,0.0,0.0,0.0,0.0,0.0,0.0,0.0,0.0,0.0,0.0,0.0,0.0,0.0,0.0,0.0,0.0,0.0,0.0,0.0,0.0,0.0,0.0,0.0,0.0,0.0,0.0,0.0,0.0,0.0,0.0,0.0,0.0,0.0,0.0,0.0,0.0,0.0,0.0,0.0,0.0,0.0,0.0,0.0,0.0,0.0,0.0,0.0,0.0,0.0,0.0,0.0,0.0,0.0,0.0,0.0,0.0,0.0,0.0,0.0,0.0,0.0,0.0,0.0,0.0,0.0,0.0,0.0,0.0,0.0,0.0,0.0,0.0,0.0,0.0,0.0,0.0,0.0,0.0,0.0,0.0,0.0,0.0,0.0,0.0,0.0,0.0,0.0,0.0,0.0,0.0,0.0,0.0,0.0,0.0,0.0,0.0,0.0,0.0,0.0,25.5,0.0,0.0,0.0,0.0,0.0,0.0,0.0,0.0,0.0,0.0,0.0,0.0,0.0,0.0,0.0,0.0,0.0,0.0,0.0,0.0,0.0,0.0,0.0,0.0,0.0,0.0,0.0,0.0,0.0,0.0,0.0,0.0,0.0,0.0,0.0,0.0,0.0,0.0,0.0,0.0,0.0,0.0",6.2,64057.05859375,967809.26171875,8688.4853515625,152393.34814453125,19.82373046875
1791397786.0201943,individual_n8_vmnos8_r3:submission,8.1,"21.0,19.1,21.3,14.3,17.0,13.6,17.1,18.0,20.7,13.8,22.1,12.7,15.0,16.1,15.3,22.5,16.5,12.1,20.5,17.0,25.4,15.3,25.7,16.5,25.2,14.2,37.5,10.9,11.4,15.0,60.5,50.9,69.0,80.9,10.8,14.2,14.4,9.3,11.0,15.8,15.2,13.5,28.4,17.0,15.2,13.4,17.4,23.9,17.3,23.1,15.6,18.2,29.1,24.5,16.8,21.6,14.4,36.0,28.6,16.2,17.5,28.8,17.0,15.5,12.3,9.8,9.0,17.5,100.0,100.0,100.0,100.0,100.0,100.0,100.0,100.0,0.0,0.0,0.0,0.0,0.0,0.0,0.0,0.0,0.0,0.0,0.0,0.0,0.0,0.0,0.0,0.0,0.0,0.0,0.0,0.0,0.0,0.0,0.0,0.0,0.0,0.0,0.0,0.0,0.0,0.0,0.0,0.0,0.0,0.0,0.0,0.0,0.0,0.0,0.0,0.0,0.0,0.0,0.0,0.0,0.0,0.0,0.0,0.0,0.0,0.0,0.0,0.0,0.9,0.0,0.0,0.0,0.0,0.0,0.0,0.0,0.0,0.0,0.0,0.0,0.0,0.9,0.0,0.0,0.0,0.0,0.0,0.0,0.0,0.0,0.0,0.0,0.0,0.0,0.0,0.0,0.0,0.0,0.0,0.0,0.0,0.0,0.0,0.0,0.0,0.0,0.0,0.0,0.0,0.0,0.0,0.0,0.0,0.0,0.0,0.0,0.0,0.0,0.0,0.0,0.0,0.0,0.0,0.0,0.0,0.0,0.0,0.0,0.0,0.0,0.0,0.0,0.0,0.0,0.0,0.0,0.0,0.0,0.0,0.0,0.0,0.0,0.0,0.0,0.0,0.0,0.0,0.0,0.0,0.0,0.0,0.0,77.0,0.0,0.0,0.0,0.0,0.0,0.0,0.0,0.0,0.0,0.0,0.0,0.0,0.0,0.0,0.0,0.0,0.0,0.0,0.0,0.0,0.0,0.0,0.0,0.0,0.0,0.0,0.0,0.0,0.0,0.0,0.0,0.0,0.0,0.0,0.0,0.0,0.0,0.0,0.0,0.0,0.0,0.0",6.2,64008.9296875,967857.390625,8688.4853515625,152393.34814453125,26.96484375
1791397787.1489985,individual_n8_vmnos8_r3:confirmation,7.5,"18.7,14.1,10.0,12.9,6.0,5.1,7.8,7.1,13.4,7.1,6.9,8.9,6.1,7.9,9.1,9.0,9.0,8.9,8.3,6.1,12.4,14.0,5.0,9.3,1.0,3.9,9.7,9.7,5.9,6.7,64.7,62.1,41.2,65.7,6.9,7.9,6.9,8.7,5.0,6.2,11.1,7.9,8.9,9.0,3.1,5.2,13.9,5.9,5.0,6.2,5.9,16.7,13.0,11.1,5.0,12.9,11.9,10.9,5.9,7.8,9.2,12.2,5.1,8.9,3.9,7.8,4.9,2.9,100.0,100.0,100.0,100.0,100.0,100.0,100.0,100.0,0.0,0.0,0.0,0.0,0.0,1.0,0.0,0.0,80.4,0.0,0.0,0.0,0.0,0.0,0.0,0.0,0.0,0.0,0.0,0.0,0.0,0.0,0.0,0.0,0.0,0.0,0.0,0.0,0.0,0.0,0.0,0.0,0.0,0.0,0.0,0.0,0.0,0.0,0.0,0.0,0.0,0.0,0.0,0.0,0.0,0.0,0.0,0.0,0.0,0.0,0.0,0.0,0.0,0.0,0.0,0.0,0.0,0.0,0.0,0.0,0.0,0.0,0.0,0.0,0.0,1.0,0.0,0.0,0.0,0.0,0.0,0.0,0.0,0.0,0.0,0.0,0.0,0.0,0.0,0.0,0.0,0.0,0.0,0.0,0.0,0.0,0.0,0.0,0.0,0.0,0.0,0.0,0.0,0.0,0.0,0.0,0.0,0.0,0.0,0.0,0.0,0.0,0.0,0.0,0.0,0.0,0.0,0.0,0.0,0.0,0.0,0.0,0.0,0.0,0.0,0.0,0.0,0.0,0.0,0.0,0.0,0.0,0.0,0.0,0.0,0.0,0.0,0.0,0.0,0.0,0.0,0.0,0.0,0.0,0.0,0.0,20.4,0.0,0.0,0.0,0.0,0.0,0.0,0.0,0.0,0.0,0.0,0.0,0.0,0.0,0.0,0.0,0.0,0.0,0.0,0.0,0.0,0.0,0.0,0.0,0.0,0.0,0.0,0.0,0.0,0.0,0.0,0.0,0.0,0.0,0.0,0.0,0.0,0.0,0.0,0.0,0.0,0.0,0.0",6.2,63556.21484375,968310.10546875,8688.4853515625,152395.09033203125,26.96484375
1791397788.237349,individual_n8_vmnos8_r3:confirmation,6.7,"12.1,35.8,11.8,6.4,1.8,7.2,8.9,12.7,3.7,31.3,9.1,3.7,8.3,10.4,34.5,4.6,4.6,5.6,9.1,10.5,7.5,15.6,8.4,14.2,4.6,4.5,4.5,4.5,40.0,5.4,5.4,46.8,56.2,55.0,3.7,9.1,6.4,22.4,3.7,10.0,6.4,9.3,3.7,10.8,6.4,3.7,29.1,10.1,5.5,4.7,6.4,10.3,6.6,8.2,5.5,5.6,11.7,11.7,2.8,35.5,12.6,9.8,4.6,8.2,0.9,1.9,6.3,2.8,100.0,100.0,99.1,100.0,100.0,100.0,100.0,100.0,0.0,0.0,0.0,0.0,0.0,0.0,0.0,0.0,99.1,0.0,0.0,0.0,0.0,0.0,0.0,0.0,0.0,0.0,0.0,0.0,0.0,0.0,0.9,0.9,0.9,0.9,0.0,0.0,0.0,0.0,0.0,0.0,0.0,0.0,0.0,0.0,0.0,0.0,0.0,0.0,0.0,0.0,0.0,0.0,0.0,0.0,0.0,0.0,0.0,0.0,0.0,0.0,0.0,0.0,0.0,0.0,0.0,0.0,0.0,0.0,0.0,0.0,0.0,0.0,0.0,1.8,0.0,0.0,0.0,0.0,0.0,0.0,0.0,0.0,0.0,0.0,0.0,0.0,0.0,0.0,0.0,0.0,0.0,0.0,0.0,0.0,0.0,0.0,0.0,0.0,0.0,0.0,0.0,0.0,0.0,0.0,0.0,0.0,0.0,0.0,0.0,0.0,0.0,0.9,0.0,0.0,0.0,0.0,0.0,0.0,0.0,0.0,0.0,0.0,0.0,0.0,0.0,0.0,0.0,0.0,0.0,0.0,0.0,0.0,0.0,0.0,0.0,0.0,0.0,0.0,0.0,0.0,0.0,0.0,0.0,0.0,0.0,0.0,0.0,0.0,0.0,0.0,0.0,0.0,0.0,0.0,0.0,0.0,0.0,0.0,0.0,0.0,0.0,0.0,0.0,0.0,0.0,0.0,0.0,0.0,0.0,0.0,0.0,0.0,0.0,0.0,0.0,0.0,0.0,0.0,0.0,0.0,0.0,0.0,0.0,0.0,0.0,0.0,0.0",6.2,63566.73046875,968299.58984375,8688.4853515625,152395.09033203125,26.96484375
1791397789.2903035,individual_n8_vmnos8_r3:confirmation,7.0,"18.3,10.1,14.6,20.0,6.9,5.9,11.8,12.0,7.8,8.1,4.1,9.9,25.5,17.8,14.9,25.0,11.0,10.7,12.6,15.0,6.8,5.9,44.0,32.7,4.7,1.9,2.0,2.9,14.7,1.0,87.6,48.6,72.8,55.9,8.8,7.9,11.0,20.8,7.8,17.5,11.2,26.0,11.9,8.7,4.8,6.9,24.2,13.9,4.9,25.5,3.9,15.0,6.2,22.8,8.9,4.9,2.9,10.0,5.8,11.1,8.8,8.8,7.9,8.7,8.7,2.0,4.0,8.6,100.0,100.0,100.0,99.1,100.0,100.0,99.1,100.0,0.0,0.0,0.0,0.0,0.0,0.0,0.0,0.0,0.0,0.0,0.0,0.0,0.0,0.0,0.0,0.0,0.0,0.0,0.0,0.0,0.0,0.0,0.0,0.0,0.0,0.0,0.0,0.0,0.0,0.0,0.0,0.0,0.0,0.0,0.0,0.0,0.0,0.0,0.0,0.0,0.0,0.0,0.0,0.0,0.0,0.0,0.0,0.0,0.0,0.0,0.0,0.0,0.0,0.0,0.0,0.0,0.0,0.0,0.0,0.0,0.0,0.0,0.0,0.0,0.0,1.0,0.0,0.0,0.0,0.0,0.0,0.0,0.0,0.0,0.0,0.0,0.0,0.0,0.0,0.0,0.0,0.0,0.0,0.0,0.0,0.0,0.0,0.0,0.0,0.0,0.0,0.0,0.0,0.0,0.0,0.0,0.0,0.0,0.0,0.0,0.0,0.0,0.0,0.0,0.0,0.0,0.0,0.0,0.0,0.0,0.0,0.0,0.0,0.0,0.0,0.0,0.0,0.0,0.0,0.0,0.0,0.0,0.0,0.0,0.0,0.0,0.0,0.0,0.0,0.0,0.0,0.0,0.0,0.0,0.0,0.0,0.0,0.0,0.0,0.0,0.0,0.0,0.0,0.0,0.0,0.0,0.0,0.0,0.0,0.0,0.0,0.0,0.0,0.0,0.0,0.0,0.0,0.0,0.0,0.0,0.0,0.0,0.0,0.0,0.0,0.0,0.0,0.0,0.0,0.0,0.0,0.0,0.0,0.0,0.0,0.0,0.0,0.0,0.0",6.3,64681.05859375,967185.26171875,8688.4853515625,152395.73876953125,26.96484375
1791397790.3641207,individual_n8_vmnos8_r3:confirmation,5.7,"10.5,4.3,6.1,9.6,4.4,8.7,1.7,2.6,1.7,2.6,3.5,0.9,13.9,2.6,0.9,16.7,1.8,4.4,3.4,4.4,1.7,4.5,13.4,14.5,0.9,0.9,0.0,0.0,13.9,0.0,87.1,50.9,74.8,56.0,1.8,5.2,7.0,7.8,3.5,3.5,3.4,15.8,4.3,1.7,2.7,1.8,10.4,2.6,5.2,17.3,3.5,3.5,6.1,18.3,0.9,0.9,3.5,4.3,3.5,2.6,5.2,2.6,4.3,3.6,0.0,0.0,0.9,0.9,100.0,99.2,100.0,100.0,99.2,100.0,99.1,100.0,0.0,0.0,0.0,0.0,0.0,0.9,0.0,0.0,61.9,0.0,0.0,0.0,0.0,0.0,0.0,0.0,0.0,0.0,0.0,0.0,0.0,0.0,0.0,0.0,0.0,0.0,0.0,0.0,0.0,0.0,0.0,0.0,0.0,0.0,0.0,0.0,0.0,0.0,0.0,0.0,0.0,0.0,0.0,0.0,0.0,0.0,0.0,0.0,0.0,0.0,0.0,0.0,0.0,0.0,0.0,0.0,0.0,0.0,0.0,0.0,0.0,0.0,0.0,0.0,0.0,0.0,0.0,0.0,0.0,0.0,0.0,0.0,0.0,0.0,0.0,0.0,0.0,0.0,0.0,0.0,0.0,0.0,0.0,0.0,0.0,0.0,0.0,0.0,0.0,0.0,0.0,0.0,0.0,0.0,0.0,0.0,0.0,0.0,0.0,0.0,0.0,0.0,0.0,0.0,0.0,0.0,0.0,0.0,0.8,0.0,0.0,0.0,0.0,0.0,0.0,0.0,0.0,0.0,0.0,0.0,0.0,0.0,0.0,0.0,0.0,0.0,0.0,0.0,0.0,0.0,0.0,0.0,0.0,0.0,0.0,0.0,0.0,0.0,0.0,0.0,0.0,0.0,0.0,0.0,0.0,0.0,0.0,0.0,0.0,0.0,0.0,0.0,0.0,0.0,0.0,0.0,0.0,0.0,0.0,0.0,0.0,0.0,0.0,0.0,0.0,0.0,0.0,0.0,0.0,0.0,0.0,0.0,0.0,0.0,0.0,0.0,0.0,0.0,0.0",6.2,64054.67578125,967811.64453125,8688.4853515625,152395.74267578125,26.96484375
1791397791.5883658,individual_n8_vmnos8_r3:confirmation,6.6,"13.0,6.0,7.4,4.2,10.0,13.2,6.7,3.4,6.7,6.7,12.1,5.0,13.3,7.4,6.7,5.8,6.5,3.4,14.6,9.2,10.7,12.5,5.7,15.5,4.1,6.6,4.9,3.3,4.1,3.3,78.5,38.2,36.9,75.0,6.6,5.0,4.9,6.5,7.5,8.3,5.0,5.0,6.8,10.7,15.0,12.6,9.2,12.5,6.5,27.0,9.2,17.1,8.6,7.6,12.5,6.6,5.9,15.6,9.2,6.6,6.6,9.2,5.0,10.9,5.8,4.1,5.7,2.5,100.0,100.0,99.2,100.0,100.0,100.0,100.0,100.0,0.0,0.0,0.0,0.0,0.0,0.0,0.0,0.0,67.5,0.0,0.0,0.0,0.0,0.0,0.0,0.0,0.0,0.0,0.0,0.0,0.0,0.0,4.9,4.0,3.3,3.3,0.0,0.0,0.0,0.0,0.0,0.0,0.0,0.0,0.0,0.0,0.0,0.0,0.0,0.0,0.0,0.0,0.0,0.0,0.0,0.0,0.0,0.0,0.0,0.0,0.0,0.0,0.8,0.0,0.0,0.0,0.0,0.0,0.0,0.0,0.0,0.0,0.0,0.0,0.0,0.8,0.0,0.0,0.0,0.0,0.0,0.0,0.0,0.0,0.0,0.0,0.0,0.0,0.0,0.0,0.0,0.0,0.0,0.0,0.0,0.0,0.0,0.0,0.0,0.0,0.0,0.0,0.0,0.0,0.0,0.0,0.0,0.0,0.0,0.0,0.0,0.0,0.0,0.0,0.0,0.0,0.0,0.0,0.0,0.0,0.0,0.0,0.0,0.0,0.0,0.0,0.0,0.0,0.0,0.0,0.0,0.0,0.0,0.0,0.0,0.0,0.0,0.0,0.0,0.0,0.0,0.0,0.0,0.0,0.0,0.0,33.1,0.0,0.0,0.0,0.0,0.0,0.0,0.0,0.0,0.0,0.0,0.0,0.0,0.0,0.0,0.0,0.0,0.0,0.0,0.0,0.0,0.0,0.0,0.0,0.0,0.0,0.0,0.0,0.0,0.0,0.0,0.0,0.0,0.0,0.0,0.0,0.0,0.0,0.0,0.0,0.0,0.0,0.0",6.3,64684.78125,967181.5390625,8688.4853515625,152395.74267578125,27.8486328125
1791397792.8075352,individual_n8_vmnos8_r3:confirmation,5.4,"7.7,8.3,9.3,5.4,0.9,0.0,2.7,32.7,0.9,2.7,2.7,3.7,0.0,4.5,7.3,4.5,2.7,3.7,2.7,2.7,8.1,13.4,3.7,5.5,0.0,2.7,2.7,0.9,3.6,0.0,48.7,1.8,55.0,96.4,4.5,1.8,0.0,3.7,21.8,4.6,3.6,1.9,1.8,3.6,5.4,4.5,4.6,1.9,3.6,6.8,3.7,4.7,6.6,13.9,2.8,2.7,1.8,1.8,0.0,3.6,7.3,0.9,1.9,2.7,0.9,2.7,0.0,1.8,97.3,99.1,100.0,100.0,100.0,99.1,100.0,100.0,0.0,0.0,0.0,0.0,0.0,0.0,0.0,0.0,0.0,0.0,0.0,0.0,0.0,0.0,0.0,0.0,0.0,0.0,0.0,0.0,0.0,0.0,0.0,0.0,0.0,0.0,0.0,0.0,0.0,0.0,0.0,0.0,0.0,0.0,0.0,0.0,0.0,0.0,0.0,0.0,0.0,0.0,0.0,0.0,0.0,0.0,0.0,0.0,0.0,0.0,0.0,0.0,0.9,0.0,0.0,0.0,0.0,0.0,0.0,0.0,0.0,0.0,0.0,0.0,0.0,2.8,0.9,0.0,0.0,0.0,0.0,0.0,0.0,0.0,0.0,0.0,0.0,0.0,0.0,0.0,0.0,0.0,0.0,0.0,0.0,0.0,0.0,0.0,0.0,0.0,0.0,0.0,0.0,0.0,0.0,0.0,0.0,0.0,0.0,0.0,0.0,0.0,0.0,0.0,0.0,0.0,0.0,0.0,0.0,0.0,0.0,0.0,0.0,0.0,0.0,0.0,0.0,0.0,0.0,0.0,0.0,0.0,0.0,0.0,0.0,0.0,0.0,0.0,0.0,0.0,0.0,0.0,0.0,0.0,0.0,0.0,94.6,0.0,0.0,0.0,0.0,0.0,0.0,0.0,0.0,0.0,0.0,0.0,0.0,0.0,0.0,0.0,0.0,0.0,0.0,0.0,0.0,0.0,0.0,0.0,0.0,0.0,0.0,0.0,0.0,0.0,0.0,0.0,0.0,0.0,0.0,0.0,0.0,0.0,0.0,0.0,0.0,0.0,0.0",6.2,64230.9765625,967635.34375,8688.4853515625,152397.85986328125,27.8486328125
1791397793.9667106,individual_n8_vmnos8_r3:confirmation,6.7,"13.5,8.8,15.7,4.3,9.6,12.0,6.0,3.5,12.1,5.2,10.6,5.1,3.5,7.1,19.3,8.8,14.9,5.2,7.0,8.9,11.7,21.1,15.5,21.6,7.7,6.8,8.5,3.4,21.6,2.6,78.8,60.3,100.0,44.9,5.2,6.0,5.2,6.0,7.9,6.9,5.4,9.6,13.3,12.1,5.5,10.5,10.8,9.6,12.4,19.6,13.0,29.2,9.1,8.6,4.3,8.8,6.2,5.2,3.5,4.3,14.2,7.1,6.1,21.1,3.4,6.1,4.3,9.5,100.0,99.2,100.0,99.2,100.0,100.0,100.0,100.0,0.0,0.0,0.0,0.0,0.0,1.7,0.8,0.0,0.9,0.0,0.0,0.0,0.0,0.0,0.0,0.0,0.0,0.0,0.0,0.0,0.0,0.0,1.7,1.7,1.7,2.5,0.0,0.0,0.0,0.0,0.0,0.0,0.0,0.0,0.0,0.0,0.0,0.0,0.0,0.0,0.0,0.0,0.0,0.0,0.0,0.0,0.0,0.0,0.0,0.0,0.0,0.0,0.0,0.0,0.0,0.0,0.0,0.0,0.0,0.0,0.0,0.0,0.0,0.0,0.0,0.9,0.0,0.0,0.0,0.0,0.0,0.0,0.8,0.0,0.0,0.0,0.0,0.0,0.0,0.0,0.0,0.0,0.0,0.0,0.0,0.0,0.0,0.0,0.0,0.0,0.0,0.0,0.0,0.0,0.0,0.0,0.0,0.0,0.0,0.0,0.0,0.0,0.0,0.0,0.0,0.0,0.0,0.0,0.0,0.0,0.0,0.0,0.0,0.0,0.0,0.0,0.0,0.0,0.0,0.0,0.0,0.0,0.0,0.0,0.0,0.0,0.0,0.0,0.0,0.0,0.0,0.0,0.0,0.0,0.0,0.0,16.9,0.0,0.0,0.0,0.0,0.0,0.0,0.0,0.0,0.0,0.0,0.0,0.0,0.0,0.0,0.0,0.0,0.0,0.0,0.0,0.0,0.0,0.0,0.0,0.0,0.0,0.0,0.0,0.0,0.0,0.0,0.0,0.0,0.0,0.0,0.0,0.0,0.0,0.0,0.0,0.0,0.0,0.0",6.3,64529.31640625,967337.00390625,8688.4853515625,152397.85986328125,27.8486328125
1791397795.145027,individual_n8_vmnos8_r3:confirmation,6.1,"11.2,9.2,15.3,5.5,12.0,8.3,1.8,3.5,2.8,2.7,4.5,5.4,5.4,2.7,5.6,2.7,8.1,8.1,2.7,4.5,45.5,3.6,5.5,20.0,1.8,0.0,2.7,0.9,4.5,4.5,73.0,18.0,80.4,49.5,3.6,0.9,6.4,7.0,19.6,2.8,8.0,4.6,0.9,6.3,4.5,8.3,7.3,6.4,3.6,11.5,7.3,10.1,6.6,12.8,5.5,7.1,6.4,4.6,5.5,6.3,9.0,5.5,10.0,8.1,5.4,3.6,2.7,4.5,100.0,100.0,99.1,100.0,100.0,100.0,100.0,100.0,0.0,0.0,0.0,0.0,0.0,0.0,0.0,0.0,1.8,0.0,0.0,0.0,0.0,0.0,0.0,0.0,0.0,0.0,0.0,0.0,0.0,0.0,0.0,0.0,0.0,0.0,0.0,0.0,0.0,0.0,0.0,0.0,0.0,0.0,0.0,0.0,0.0,0.0,0.0,0.0,0.0,0.0,0.0,0.0,0.0,0.0,0.0,0.0,0.0,0.0,0.0,0.0,0.0,0.0,0.0,0.0,0.0,0.0,0.0,0.0,0.0,0.0,0.0,0.0,0.0,0.9,0.0,0.0,0.0,0.0,0.0,0.0,0.0,0.0,0.0,0.0,0.0,0.0,0.0,0.0,0.0,0.0,0.0,0.0,1.8,0.0,0.0,0.0,0.0,0.0,0.0,0.0,0.0,0.0,0.0,0.0,0.0,0.0,0.0,0.0,0.0,0.0,0.0,0.0,0.0,0.0,0.0,0.0,0.0,0.0,0.0,0.0,0.0,0.0,0.0,0.0,0.0,0.0,0.0,0.0,0.0,0.0,0.0,0.0,0.0,0.0,0.0,0.0,0.0,0.0,0.0,0.0,0.0,0.0,0.0,0.0,100.0,0.0,0.0,0.0,0.0,0.0,0.0,0.0,0.0,0.0,0.0,0.0,0.0,0.0,0.0,0.0,0.0,0.0,0.0,0.0,0.0,0.0,0.0,0.0,0.0,0.0,0.0,0.0,0.0,0.0,0.0,0.0,0.0,0.0,0.0,0.0,0.0,0.0,0.0,0.0,0.0,0.0,0.0",6.2,64093.3125,967773.0078125,8688.4853515625,152397.85986328125,27.8486328125
1791397796.1767101,individual_n8_vmnos8_r3:confirmation,6.2,"10.0,13.8,10.8,1.9,9.6,5.7,3.7,8.5,4.7,1.0,9.6,5.6,6.7,7.6,13.3,11.7,3.8,7.6,15.5,15.5,2.9,11.4,2.8,9.6,1.0,0.9,4.6,3.7,2.8,1.9,100.0,84.4,27.4,14.0,6.8,4.9,6.8,9.5,6.7,9.5,6.7,4.8,18.6,5.8,7.4,5.8,4.8,6.7,6.7,6.9,7.6,11.8,9.7,6.7,8.4,6.6,7.5,8.4,1.9,0.9,4.8,6.7,1.9,1.0,4.7,0.9,0.9,2.8,100.0,99.1,100.0,100.0,100.0,100.0,100.0,100.0,0.0,0.0,0.0,0.0,0.0,0.0,0.0,0.0,0.9,0.0,0.0,0.0,0.0,0.0,0.0,0.0,0.0,0.0,0.0,0.0,0.0,0.0,6.5,3.7,4.7,3.7,0.0,0.0,0.0,0.0,0.0,0.0,0.0,0.0,0.0,0.0,0.0,0.0,0.0,0.0,0.0,0.0,0.0,0.0,0.0,0.0,0.0,0.0,0.0,0.0,0.0,0.0,0.0,0.0,0.0,0.0,0.0,0.0,0.0,0.0,0.0,0.0,0.0,0.0,0.0,0.9,0.0,0.0,0.0,0.0,0.0,0.0,0.0,0.0,0.0,0.0,0.0,0.0,0.0,0.0,0.0,0.0,0.0,0.0,1.8,0.0,0.0,0.0,0.0,0.0,0.0,0.0,0.0,0.0,0.0,0.0,0.0,0.0,0.0,0.0,0.0,0.0,0.0,0.0,0.0,0.0,0.0,0.0,0.0,0.0,0.0,0.0,0.0,0.0,0.0,0.0,0.0,0.0,0.0,0.0,0.0,0.0,0.0,0.0,0.0,0.0,0.0,0.0,0.0,0.0,0.0,0.0,0.0,0.0,0.0,0.0,100.0,0.0,0.0,0.0,0.0,0.0,0.0,0.0,0.0,0.0,0.0,0.0,0.0,0.0,0.0,0.0,0.0,0.0,0.0,0.0,0.0,0.0,0.0,0.0,0.0,0.0,0.0,0.0,0.0,0.0,0.0,0.0,0.0,0.0,0.0,0.0,0.0,0.0,0.0,0.0,0.0,0.0,0.0",6.2,63930.8359375,967935.484375,8688.4853515625,152397.85986328125,28.02099609375
1791397797.4560323,individual_n8_vmnos8_r3:confirmation,6.6,"24.3,10.2,15.3,13.2,5.8,5.0,5.0,3.4,5.9,5.0,6.8,12.2,7.6,8.5,16.2,6.8,5.0,6.0,9.8,21.8,11.8,25.0,9.2,11.8,3.3,2.5,4.2,10.7,5.9,4.2,92.6,54.9,14.9,82.8,13.8,5.9,13.3,4.9,4.2,5.9,8.5,7.0,5.8,10.8,11.5,9.4,5.1,13.4,14.2,9.4,10.0,11.2,13.6,18.8,8.3,16.7,3.4,15.0,4.9,3.3,14.0,10.8,6.9,6.6,5.9,10.1,5.7,5.8,100.0,100.0,100.0,96.7,99.2,100.0,99.2,99.2,0.0,0.0,0.0,0.0,0.0,0.0,0.0,0.0,0.0,0.0,0.0,0.0,0.0,0.0,0.0,0.0,0.0,0.0,0.0,0.0,0.0,0.0,0.0,0.0,0.0,0.0,0.0,0.0,0.0,0.0,0.0,0.0,0.0,0.0,0.0,0.0,0.0,0.0,0.0,0.0,0.0,0.0,0.0,0.0,0.0,0.0,0.0,0.0,0.0,0.0,0.0,0.0,0.0,0.0,0.0,0.0,0.0,0.0,0.0,0.0,0.8,0.0,0.0,0.0,0.0,0.8,0.8,0.0,0.0,0.0,0.0,0.0,0.0,0.0,0.0,0.0,0.0,0.0,0.0,0.0,0.0,0.0,0.0,0.0,0.0,0.0,0.0,0.0,0.0,0.0,0.0,0.0,0.0,0.0,0.0,0.0,0.0,0.0,0.0,0.0,0.0,0.0,0.0,0.0,0.0,0.0,0.0,0.0,0.0,0.0,0.8,0.8,0.0,0.0,0.0,0.0,0.0,0.0,0.0,0.0,0.0,0.0,0.0,0.0,0.0,0.0,0.0,0.0,0.0,0.0,0.0,0.0,0.0,0.0,0.0,0.0,57.9,0.0,0.0,0.0,0.0,0.0,0.0,0.0,0.0,0.0,0.0,0.0,0.0,0.0,0.0,0.0,0.0,0.0,0.0,0.0,0.0,0.0,0.0,0.0,0.0,0.0,0.0,0.0,0.0,0.0,0.0,0.0,0.0,0.0,0.0,0.0,0.0,0.0,0.0,0.0,0.0,0.0,0.0",6.2,64324.734375,967541.5859375,8688.4853515625,152399.35986328125,28.02099609375
1791397798.466846,individual_n8_vmnos8_r3:confirmation,5.5,"16.3,2.1,6.2,5.0,0.0,1.0,1.0,2.0,3.1,0.0,0.0,1.0,2.0,1.0,4.0,5.2,2.1,4.1,2.0,5.1,2.0,6.1,2.0,1.0,0.0,0.0,1.0,0.0,0.0,1.0,45.0,100.0,48.0,99.0,3.0,2.0,1.0,2.0,3.0,5.1,1.0,6.9,1.0,1.0,7.1,0.0,5.0,7.0,4.0,7.4,2.0,2.1,5.2,4.1,5.3,10.2,2.0,26.3,3.1,5.0,3.1,3.0,3.0,0.0,1.0,1.0,0.0,0.0,99.0,100.0,100.0,100.0,100.0,100.0,100.0,100.0,0.0,0.0,0.0,0.0,0.0,0.0,0.0,0.0,0.0,0.0,0.0,0.0,0.0,0.0,0.0,0.0,0.0,0.0,0.0,0.0,0.0,0.0,4.0,4.9,5.0,5.0,0.0,0.0,0.0,0.0,0.0,0.0,0.0,0.0,0.0,0.0,0.0,0.0,0.0,0.0,0.0,0.0,0.0,0.0,0.0,0.0,0.0,0.0,0.0,0.0,0.0,0.0,0.0,0.0,0.0,0.0,0.0,0.0,0.0,0.0,0.0,0.0,0.0,0.0,0.0,0.0,0.0,0.0,0.0,0.0,0.0,0.0,0.0,0.0,0.0,0.0,0.0,0.0,0.0,0.0,0.0,0.0,0.0,0.0,0.0,0.0,0.0,0.0,0.0,0.0,0.0,0.0,0.0,0.0,0.0,0.0,0.0,0.0,0.0,0.0,0.0,0.0,0.0,0.0,0.0,0.0,0.0,0.0,0.0,0.0,0.0,0.0,0.0,0.0,0.0,0.0,0.0,0.0,0.0,0.0,0.0,0.0,0.0,0.0,0.0,0.0,0.0,0.0,0.0,0.0,0.0,0.0,0.0,0.0,0.0,0.0,100.0,0.0,0.0,0.0,0.0,0.0,0.0,0.0,0.0,0.0,0.0,0.0,0.0,0.0,0.0,0.0,0.0,0.0,0.0,0.0,0.0,0.0,0.0,0.0,0.0,0.0,0.0,0.0,0.0,0.0,0.0,0.0,0.0,0.0,0.0,0.0,0.0,0.0,0.0,0.0,0.0,0.0,0.0",6.2,64119.77734375,967746.54296875,8688.4853515625,152399.66064453125,28.02099609375
1791397799.4771628,individual_n8_vmnos8_r3:confirmation,6.5,"8.8,7.9,6.3,6.3,6.2,3.0,4.1,5.1,14.1,13.5,3.0,9.1,8.1,7.1,15.2,4.0,15.0,13.0,5.1,12.2,7.1,10.3,7.1,10.4,6.1,5.8,8.1,3.0,7.0,8.7,28.3,100.0,33.3,60.0,7.9,7.1,7.8,2.1,7.1,3.1,5.9,8.2,11.2,4.0,7.0,4.2,19.8,15.2,7.1,13.5,7.1,17.2,4.1,8.9,5.1,9.2,5.9,12.1,1.0,2.0,6.1,11.0,9.0,4.0,6.9,5.0,6.0,7.9,100.0,100.0,100.0,100.0,100.0,100.0,100.0,100.0,0.0,0.0,0.0,0.0,0.0,0.0,0.0,1.0,0.0,0.0,0.0,0.0,0.0,0.0,0.0,0.0,0.0,0.0,0.0,0.0,0.0,0.0,10.0,5.0,3.0,4.9,0.0,0.0,0.0,0.0,0.0,0.0,0.0,0.0,0.0,0.0,0.0,0.0,0.0,0.0,0.0,0.0,0.0,0.0,0.0,0.0,0.0,0.0,0.0,0.0,0.0,0.0,0.0,0.0,0.0,0.0,0.0,0.0,0.0,0.0,0.0,0.0,0.0,0.0,0.0,0.0,0.0,0.0,0.0,0.0,0.0,0.0,0.0,0.0,0.0,0.0,0.0,0.0,0.0,0.0,0.0,0.0,0.0,0.0,0.0,0.0,0.0,0.0,0.0,0.0,0.0,0.0,0.0,0.0,0.0,0.0,0.0,0.0,0.0,0.0,0.0,0.0,0.0,0.0,0.0,0.0,0.0,0.0,0.0,0.0,0.0,0.0,0.0,0.0,0.0,0.0,0.0,0.0,0.0,0.0,0.0,0.0,0.0,0.0,0.0,0.0,0.0,0.0,0.0,0.0,0.0,0.0,0.0,0.0,0.0,0.0,100.0,0.0,0.0,0.0,0.0,0.0,0.0,0.0,0.0,0.0,0.0,0.0,0.0,0.0,0.0,0.0,0.0,0.0,0.0,0.0,0.0,0.0,0.0,0.0,0.0,0.0,0.0,0.0,0.0,0.0,0.0,0.0,0.0,0.0,0.0,0.0,0.0,0.0,0.0,0.0,0.0,0.0,0.0",6.3,64825.64453125,967040.67578125,8688.4853515625,152399.66064453125,28.02099609375
1791397800.4903328,individual_n8_vmnos8_r3:confirmation,5.0,"10.8,3.0,1.0,2.0,3.0,2.0,2.0,2.0,6.9,3.0,1.0,0.0,0.0,2.0,4.2,2.0,3.0,3.0,2.0,1.0,5.1,4.0,4.1,2.1,10.1,0.0,3.0,2.0,0.0,2.0,26.5,37.8,53.5,97.0,12.5,4.0,3.0,5.9,4.0,5.0,0.0,0.0,0.0,2.0,0.0,1.0,0.0,2.0,1.0,3.1,2.0,2.1,2.2,3.0,3.0,6.0,1.0,3.0,2.0,2.0,2.0,6.0,10.0,1.0,1.0,0.0,1.0,0.0,100.0,100.0,97.1,100.0,100.0,99.0,99.0,99.0,0.0,0.0,0.0,0.0,0.0,0.0,0.0,0.0,0.0,1.0,0.0,0.0,0.0,0.0,0.0,0.0,0.0,0.0,0.0,0.0,0.0,0.0,5.0,0.0,0.0,0.0,0.0,0.0,0.0,0.0,0.0,0.0,0.0,0.0,0.0,0.0,0.0,0.0,0.0,0.0,0.0,0.0,0.0,0.0,0.0,0.0,0.0,0.0,0.0,0.0,0.0,0.0,0.0,0.0,0.0,0.0,0.0,0.0,0.0,0.0,0.0,0.0,0.0,0.0,0.0,0.0,0.0,0.0,0.0,0.0,0.0,0.0,0.0,0.0,0.0,0.0,0.0,0.0,0.0,0.0,0.0,0.0,0.0,0.0,0.0,0.0,0.0,0.0,0.0,0.0,0.0,0.0,0.0,0.0,0.0,0.0,0.0,0.0,0.0,0.0,0.0,0.0,0.0,0.0,0.0,0.0,0.0,0.0,0.0,0.0,0.0,0.0,0.0,0.0,0.0,0.0,0.0,0.0,0.0,0.0,0.0,0.0,0.0,0.0,0.0,0.0,0.0,0.0,0.0,0.0,0.0,0.0,0.0,0.0,0.0,0.0,81.4,0.0,0.0,0.0,0.0,0.0,0.0,0.0,0.0,0.0,0.0,0.0,0.0,0.0,0.0,0.0,0.0,0.0,0.0,0.0,0.0,0.0,0.0,0.0,0.0,0.0,0.0,0.0,0.0,0.0,0.0,0.0,0.0,0.0,0.0,0.0,0.0,0.0,0.0,0.0,0.0,0.0,0.0",6.2,64023.88671875,967842.43359375,8688.4853515625,152399.66064453125,28.02099609375
1791397801.515802,individual_n8_vmnos8_r3:confirmation,6.7,"26.8,5.0,5.0,5.1,4.2,3.4,3.4,8.3,12.4,4.9,4.1,13.6,5.9,10.0,5.0,22.2,4.3,5.1,15.4,3.4,3.4,9.4,8.7,18.3,11.6,3.3,8.3,2.5,5.7,5.0,68.6,56.6,37.4,68.6,20.3,5.8,9.3,7.5,6.7,5.9,19.2,11.0,3.3,6.6,9.3,9.1,14.9,5.1,10.0,9.4,4.1,13.7,11.1,3.4,8.5,17.2,16.7,10.9,4.2,15.8,7.6,9.2,16.4,7.8,14.3,7.4,4.2,8.3,100.0,99.2,100.0,99.2,100.0,100.0,100.0,100.0,0.0,0.0,0.0,0.0,0.0,0.8,0.0,0.0,28.1,0.0,0.0,0.0,0.0,0.0,0.0,0.0,0.0,0.0,0.0,0.0,0.0,0.0,0.0,0.0,0.0,0.0,0.0,0.0,0.0,0.0,0.0,0.0,0.0,0.0,0.0,0.0,0.0,0.0,0.0,0.0,0.0,0.0,0.0,0.0,0.0,0.0,0.0,0.0,0.0,0.0,0.0,0.0,0.8,0.0,0.0,0.0,0.0,0.0,0.0,0.0,0.0,0.0,0.0,0.0,0.0,0.8,0.0,0.0,0.0,0.0,0.0,0.0,0.0,0.0,0.0,0.0,0.0,0.0,0.0,0.0,0.0,0.0,0.0,0.0,0.0,0.0,0.0,0.0,0.0,0.0,0.0,0.0,0.0,0.0,0.0,0.0,0.0,0.0,0.0,0.0,0.0,0.0,0.0,0.0,0.0,0.0,0.0,0.0,0.0,0.0,0.0,0.0,0.0,0.0,0.0,0.0,0.0,0.0,0.0,0.0,0.0,0.0,0.0,0.0,0.0,0.0,0.0,0.0,0.0,0.0,0.0,0.0,0.0,0.0,0.0,0.0,44.7,0.0,0.0,0.0,0.0,0.0,0.0,0.0,0.0,0.0,0.0,0.0,0.0,0.0,0.0,0.0,0.0,0.0,0.0,0.0,0.0,0.0,0.0,0.0,0.0,0.0,0.0,0.0,0.0,0.0,0.0,0.0,0.0,0.0,0.0,0.0,0.0,0.0,0.0,0.0,0.0,0.0,0.0",6.3,65151.21484375,966715.10546875,8688.4853515625,152399.66064453125,27.29833984375
1791397802.7836304,individual_n8_vmnos8_r3:confirmation,5.1,"11.9,3.7,0.9,0.0,0.9,0.0,0.0,1.0,2.9,1.9,1.9,0.0,0.9,2.8,1.9,1.9,1.9,1.9,3.7,8.7,1.9,0.0,2.8,1.0,0.0,1.9,0.0,1.9,0.9,0.9,68.9,40.4,45.2,60.6,3.7,1.0,1.0,3.8,3.8,2.9,4.9,2.9,3.8,1.0,2.9,0.0,1.9,2.9,1.9,2.0,3.7,4.9,3.0,6.7,4.8,6.7,0.0,2.0,0.0,0.9,1.9,6.6,7.6,4.7,0.9,0.0,0.0,0.0,100.0,100.0,100.0,100.0,100.0,100.0,100.0,100.0,0.0,0.0,0.0,0.0,0.0,1.0,0.0,0.0,100.0,0.0,0.0,0.0,0.0,0.0,0.0,0.0,0.0,0.0,0.0,0.0,0.0,0.0,10.4,0.0,0.9,0.0,0.0,0.0,0.0,0.0,0.0,0.0,0.0,0.0,0.0,0.0,0.0,0.0,0.0,0.0,0.0,0.0,0.0,0.0,0.0,0.0,0.0,0.0,0.0,0.0,0.0,0.0,0.0,0.0,0.0,0.0,0.0,0.0,0.0,0.0,0.0,0.0,0.0,0.0,0.0,2.9,0.0,0.0,0.0,0.0,0.0,0.0,0.0,0.0,0.0,0.0,0.0,0.0,0.0,0.0,0.0,0.0,0.0,0.0,0.0,0.0,0.0,0.0,0.0,0.0,0.0,0.0,0.0,0.0,0.0,0.0,0.0,0.0,0.0,0.0,0.0,0.0,0.0,0.0,0.0,0.0,0.0,0.0,0.0,0.0,0.0,0.0,0.0,0.0,0.0,0.0,0.0,0.0,0.0,0.0,0.0,0.0,0.0,0.0,0.0,0.0,0.0,0.0,0.0,0.0,0.0,0.0,0.0,0.0,0.0,0.0,0.0,0.0,0.0,0.0,0.0,0.0,0.0,0.0,0.0,0.0,0.0,0.0,0.0,0.0,0.0,0.0,0.0,0.0,0.0,0.0,0.0,0.0,0.0,0.0,0.0,0.0,0.0,0.0,0.0,0.0,0.0,0.0,0.0,0.0,0.0,0.0,0.0,0.0,0.0,0.0,0.0,0.0,0.0",6.2,64150.046875,967716.2734375,8688.4853515625,152401.41455078125,27.29833984375
1791397803.8065836,individual_n8_vmnos8_r3:confirmation,6.3,"17.6,4.0,4.0,8.1,8.8,9.9,4.9,6.0,8.0,16.0,14.3,8.0,5.1,9.3,6.1,3.0,7.0,9.0,10.0,14.0,36.0,14.9,4.0,11.0,4.9,6.8,3.0,2.0,5.9,2.0,65.3,5.9,60.4,36.0,5.9,3.0,11.9,4.0,5.0,10.0,4.1,13.1,12.1,8.1,6.1,8.8,6.9,14.0,10.8,10.2,2.0,12.5,15.3,9.2,11.0,11.0,10.2,14.3,11.1,6.2,6.1,7.0,5.1,4.1,6.9,1.0,8.8,0.0,100.0,100.0,99.0,100.0,100.0,100.0,100.0,100.0,0.0,0.0,0.0,0.0,0.0,0.0,0.0,0.0,100.0,0.0,0.0,0.0,0.0,0.0,0.0,0.0,0.0,0.0,0.0,0.0,0.0,0.0,1.0,0.0,1.0,0.0,0.0,0.0,0.0,0.0,0.0,0.0,0.0,0.0,0.0,0.0,0.0,0.0,0.0,0.0,0.0,0.0,0.0,0.0,0.0,0.0,0.0,0.0,0.0,0.0,0.0,0.0,0.0,0.0,0.0,0.0,0.0,0.0,0.0,0.0,0.0,0.0,0.0,0.0,0.0,1.0,0.0,0.0,0.0,0.0,0.0,0.0,0.0,0.0,0.0,0.0,0.0,0.0,0.0,0.0,0.0,0.0,0.0,0.0,0.0,0.0,0.0,0.0,0.0,0.0,0.0,0.0,0.0,0.0,0.0,0.0,0.0,0.0,0.0,0.0,0.0,0.0,0.0,0.0,0.0,0.0,0.0,0.0,0.0,0.0,0.0,0.0,0.0,0.0,0.0,0.0,0.0,0.0,0.0,0.0,0.0,0.0,0.0,0.0,0.0,0.0,0.0,0.0,0.0,0.0,0.0,0.0,0.0,0.0,0.0,0.0,0.0,0.0,0.0,0.0,0.0,0.0,0.0,0.0,0.0,0.0,0.0,0.0,0.0,0.0,0.0,0.0,0.0,0.0,0.0,0.0,0.0,0.0,0.0,0.0,0.0,0.0,0.0,0.0,0.0,0.0,0.0,0.0,0.0,0.0,0.0,0.0,0.0,0.0,0.0,0.0,0.0,0.0,0.0",6.2,63844.36328125,968021.95703125,8688.4853515625,152401.91845703125,27.29833984375
1791397804.8547342,individual_n8_vmnos8_r3:confirmation,4.6,"8.7,2.7,0.0,1.8,6.2,1.8,0.0,1.7,0.9,2.6,1.7,4.3,0.0,1.8,1.7,0.9,5.3,6.2,1.8,0.9,0.9,0.9,3.5,3.6,0.0,3.5,0.9,1.7,2.7,4.2,67.3,0.0,100.0,31.0,2.7,0.9,1.7,4.5,0.9,2.6,1.7,0.0,0.0,3.5,1.7,4.5,2.6,5.3,1.7,4.6,4.5,5.5,2.9,2.6,2.7,1.8,4.4,3.6,4.3,1.8,2.7,6.0,1.8,2.7,0.0,0.0,0.0,0.0,100.0,100.0,100.0,100.0,100.0,100.0,100.0,100.0,0.0,0.0,0.0,0.0,0.0,0.0,0.0,0.0,12.2,0.0,0.0,0.0,0.0,0.0,0.0,0.0,0.0,0.0,0.0,0.0,0.0,0.0,0.0,0.0,0.0,0.0,0.0,0.0,0.0,0.0,0.0,0.0,0.0,0.0,0.0,0.0,0.0,0.0,0.0,0.0,0.0,0.0,0.0,0.0,0.0,0.0,0.0,0.0,0.0,0.0,0.0,0.0,0.0,0.0,0.0,0.0,0.0,0.0,0.0,0.0,0.0,0.0,0.0,0.0,0.0,0.0,0.0,0.0,0.0,0.0,0.0,0.0,0.0,0.0,0.0,0.0,0.0,0.0,0.0,0.0,0.0,0.0,0.0,0.0,0.0,0.0,0.0,0.0,0.0,0.0,0.0,0.0,0.0,0.0,0.0,0.0,0.0,0.0,0.9,0.0,0.0,0.0,0.0,0.0,0.0,0.0,0.0,0.0,0.0,0.0,0.0,0.0,0.0,0.0,0.0,0.0,0.0,0.0,0.0,0.0,0.0,0.0,0.0,0.0,0.0,0.0,0.0,0.0,0.0,0.0,0.0,0.0,0.0,0.0,0.0,0.0,0.0,0.0,0.0,0.0,0.0,0.0,0.0,0.0,0.0,0.0,0.0,0.0,0.0,0.0,0.0,0.0,0.0,0.0,0.0,0.0,0.0,0.0,0.0,0.0,0.0,0.0,0.0,0.0,0.0,0.0,0.0,0.0,0.0,0.0,0.0,0.0,0.0,0.0,0.0,0.0,0.0,0.0,0.0",6.2,64011.16796875,967855.15234375,8688.4853515625,152401.91845703125,27.29833984375
1791397806.0707664,individual_n8_vmnos8_r3:confirmation,6.3,"18.7,7.4,16.2,10.3,10.1,5.7,5.6,10.2,9.4,24.5,10.1,10.5,10.4,9.5,16.8,9.4,13.6,6.5,11.9,12.0,11.0,9.4,6.6,14.4,2.9,10.4,3.7,11.0,8.3,16.8,80.9,2.8,66.4,81.3,8.3,20.4,7.4,8.5,7.5,9.3,5.7,3.7,7.4,5.6,4.7,3.7,17.8,5.8,6.6,16.2,4.8,9.5,14.3,6.5,5.7,9.4,5.5,4.7,1.9,19.4,13.5,11.9,5.7,7.5,5.6,10.1,5.6,9.1,99.1,100.0,100.0,100.0,99.1,100.0,100.0,100.0,0.0,0.0,0.0,0.0,0.0,0.9,0.0,0.0,0.0,0.0,0.0,0.0,0.0,0.0,0.0,0.0,0.0,0.0,0.0,0.0,0.0,0.0,0.9,0.0,0.0,0.0,0.0,0.0,0.0,0.0,0.0,0.0,0.0,0.0,0.0,0.0,0.0,0.0,0.0,0.0,0.0,0.0,0.0,0.0,0.0,0.0,0.0,0.0,0.0,0.0,0.0,0.0,0.9,0.0,0.0,0.0,0.0,0.0,0.0,0.0,0.0,0.0,0.0,0.0,0.0,0.9,0.0,0.0,0.0,0.0,0.0,0.0,0.0,0.0,0.0,0.0,0.0,0.0,0.0,0.0,0.0,0.0,0.0,0.0,0.0,0.0,0.0,0.0,0.0,0.0,0.0,0.0,0.0,0.0,0.0,0.0,0.0,0.0,0.0,0.0,0.0,0.0,0.0,0.0,0.0,0.0,0.0,0.0,0.0,0.0,0.0,0.0,0.0,0.0,0.0,0.0,0.0,0.0,0.0,0.0,0.0,0.0,0.0,0.0,0.0,0.0,0.0,0.0,0.0,0.0,0.0,0.0,0.0,0.0,0.0,0.0,0.0,0.0,0.0,0.0,0.0,0.0,0.0,0.0,0.0,0.0,0.0,0.0,0.0,0.0,0.0,0.0,0.0,0.0,0.0,0.0,0.0,0.0,0.0,0.0,0.0,0.0,0.0,0.0,0.0,0.0,0.0,0.0,0.0,0.0,0.0,0.0,0.0,0.0,0.0,0.0,0.0,0.0,0.0",6.2,63963.50390625,967902.81640625,8688.4853515625,152401.91845703125,26.2333984375
1791397807.0998392,individual_n8_vmnos8_r3:confirmation,4.9,"5.6,9.9,5.8,9.4,1.9,4.9,1.9,9.4,7.7,2.9,2.8,3.9,5.9,2.9,9.8,10.8,2.9,5.0,1.9,4.0,6.9,4.8,5.8,1.0,12.5,1.0,2.8,8.6,5.7,2.0,71.4,8.7,28.4,53.8,9.7,2.0,2.9,4.8,8.8,4.9,2.9,0.0,0.0,5.7,5.9,5.8,4.9,12.4,1.9,2.0,11.5,2.9,7.0,2.8,2.0,2.9,2.9,2.9,2.9,8.7,3.8,21.4,9.9,11.5,4.8,3.8,3.8,1.9,100.0,99.1,100.0,99.1,100.0,99.1,99.1,99.1,0.0,0.0,0.0,0.0,0.0,0.0,0.0,0.0,2.9,0.0,0.0,0.0,0.0,0.0,0.0,0.0,0.0,0.0,0.0,0.0,0.0,0.0,7.5,0.0,0.0,0.0,0.0,0.0,0.0,0.0,0.0,0.0,0.0,0.0,0.0,0.0,0.0,0.0,0.0,0.0,0.0,0.0,0.0,0.0,0.0,0.0,0.0,0.0,0.0,0.0,0.0,0.0,0.0,0.0,0.0,0.0,0.0,0.0,0.0,0.0,0.0,0.0,0.0,0.0,0.0,0.0,0.0,0.0,0.0,0.0,0.0,0.0,0.0,0.0,0.0,0.0,0.0,0.0,0.0,0.0,0.0,0.0,0.0,0.0,0.0,0.0,0.0,0.0,0.0,0.0,0.0,0.0,0.0,0.0,0.0,0.0,0.0,0.0,0.0,0.0,0.0,0.0,0.0,0.0,0.0,0.0,0.0,0.0,0.0,0.0,0.0,0.0,0.0,0.0,0.0,0.0,0.0,0.0,0.0,0.0,0.0,0.0,0.0,0.0,0.0,0.0,0.0,0.0,0.0,0.0,0.0,0.0,0.0,0.0,0.0,0.0,0.0,0.0,0.0,0.0,0.0,0.0,0.0,0.0,0.0,0.0,0.0,0.0,0.0,0.0,0.0,0.0,0.0,0.0,0.0,0.0,0.0,0.0,0.0,0.0,0.0,0.0,0.0,0.0,0.0,0.0,0.0,0.0,0.0,0.0,0.0,0.0,0.0,0.0,0.0,0.0,0.0,0.0,0.0",6.1,63304.03125,968562.2890625,8688.4853515625,152401.91845703125,26.2333984375
1791397808.1532483,individual_n8_vmnos8_r3:confirmation,5.9,"3.6,6.1,4.0,4.9,5.0,12.5,5.2,18.0,3.0,9.0,7.3,8.2,14.0,4.0,4.0,7.8,17.7,8.0,9.2,5.1,5.9,6.0,5.9,6.2,2.0,3.9,2.9,7.0,3.0,8.8,83.5,5.0,86.4,29.0,4.0,3.0,2.0,3.1,13.0,5.1,3.9,6.1,6.0,2.0,5.9,9.0,7.9,9.0,3.0,7.0,2.0,16.8,10.4,10.9,4.1,3.0,9.2,4.0,4.9,8.1,5.0,6.1,14.0,5.1,2.9,5.8,4.9,5.9,100.0,100.0,100.0,100.0,100.0,100.0,100.0,100.0,0.0,0.0,0.0,0.0,0.0,0.0,0.0,0.0,0.0,0.0,0.0,0.0,0.0,0.0,0.0,0.0,5.9,0.0,0.0,0.0,0.0,0.0,9.8,1.9,2.0,0.0,0.0,0.0,0.0,0.0,0.0,0.0,0.0,0.0,0.0,0.0,0.0,0.0,0.0,0.0,0.0,0.0,0.0,0.0,0.0,0.0,0.0,0.0,0.0,0.0,0.0,0.0,0.0,0.0,0.0,0.0,0.0,0.0,0.0,0.0,0.0,0.0,0.0,0.0,0.0,1.0,0.0,0.0,0.0,0.0,0.0,0.0,0.0,0.0,0.0,0.0,0.0,0.0,0.0,0.0,0.0,0.0,0.0,0.0,0.0,0.0,0.0,0.0,0.0,0.0,0.0,0.0,0.0,0.0,0.0,0.0,0.0,0.0,0.0,0.0,0.0,0.0,0.0,0.0,0.0,0.0,0.0,0.0,0.0,0.0,0.0,0.0,0.0,0.0,0.0,0.0,0.0,0.0,0.0,0.0,0.0,0.0,0.0,0.0,0.0,0.0,0.0,0.0,0.0,0.0,0.0,0.0,0.0,0.0,0.0,0.0,0.0,0.0,0.0,0.0,0.0,0.0,0.0,0.0,0.0,0.0,0.0,0.0,0.0,0.0,0.0,0.0,0.0,0.0,0.0,0.0,0.0,0.0,0.0,0.0,0.0,0.0,0.0,0.0,0.0,0.0,0.0,0.0,0.0,0.0,0.0,0.0,0.0,0.0,0.0,0.0,0.0,0.0,0.0",6.2,63787.5859375,968078.734375,8688.4853515625,152403.95751953125,26.2333984375
1791397809.1758387,individual_n8_vmnos8_r3:confirmation,6.0,"8.0,8.0,3.0,5.9,5.9,6.1,7.2,6.1,5.0,5.1,10.9,5.1,4.1,13.9,6.1,4.0,5.0,5.1,12.9,4.1,3.1,4.1,3.1,5.2,4.9,5.1,4.0,2.0,2.9,6.9,92.1,86.1,100.0,3.0,6.1,5.0,5.0,8.9,7.0,6.9,4.0,12.1,6.3,14.0,7.1,2.0,9.8,6.1,5.9,15.8,5.1,10.0,14.1,4.2,6.0,4.0,14.1,6.1,8.9,7.1,16.8,10.1,13.3,8.0,6.1,6.0,4.0,5.9,100.0,100.0,100.0,100.0,100.0,100.0,100.0,99.0,0.0,0.0,0.0,0.0,0.0,0.0,0.0,0.0,0.0,0.0,0.0,0.0,0.0,0.0,0.0,0.0,0.0,0.0,0.0,0.0,0.0,0.0,0.0,2.9,2.0,0.0,0.0,0.0,0.0,0.0,0.0,0.0,0.0,0.0,0.0,0.0,0.0,0.0,0.0,0.0,0.0,0.0,0.0,0.0,0.0,0.0,0.0,0.0,0.0,0.0,0.0,0.0,0.0,0.0,0.0,0.0,0.0,0.0,0.0,0.0,0.0,0.0,0.0,0.0,0.0,0.0,0.0,0.0,0.0,0.0,0.0,0.0,0.0,0.0,0.0,0.0,0.0,0.0,0.0,0.0,0.0,0.0,0.0,0.0,0.0,0.0,0.0,0.0,0.0,0.0,0.0,0.0,0.0,0.0,0.0,0.0,0.0,0.0,0.0,0.0,0.0,0.0,0.0,0.0,0.0,0.0,0.0,0.0,0.0,0.0,0.0,0.0,0.0,0.0,0.0,0.0,0.0,0.0,0.0,0.0,0.0,0.0,0.0,0.0,0.0,0.0,0.0,0.0,0.0,0.0,0.0,0.0,0.0,0.0,0.0,0.0,0.0,0.0,0.0,0.0,0.0,0.0,0.0,0.0,0.0,0.0,0.0,0.0,0.0,0.0,0.0,0.0,0.0,0.0,0.0,0.0,0.0,0.0,0.0,0.0,0.0,0.0,0.0,0.0,0.0,0.0,0.0,0.0,0.0,0.0,0.0,0.0,0.0,0.0,0.0,0.0,0.0,0.0,0.0",6.2,64086.65625,967779.6640625,8688.4853515625,152403.95751953125,26.2333984375
1791397810.1899078,individual_n8_vmnos8_r3:confirmation,4.8,"3.4,19.0,1.0,5.1,1.0,1.0,4.0,3.0,0.0,3.9,1.0,2.0,2.0,4.2,3.0,0.0,0.0,8.2,6.0,3.1,1.0,2.0,1.0,2.0,0.0,2.0,1.0,2.0,2.0,1.0,67.7,41.4,100.0,23.0,0.0,3.1,4.1,3.0,2.0,3.1,2.0,1.0,2.0,4.0,2.0,5.0,1.0,1.0,0.0,3.2,4.1,3.0,7.3,2.0,3.0,1.0,5.0,12.1,5.1,3.1,4.0,6.1,4.0,2.0,2.0,1.0,1.0,1.0,100.0,100.0,99.0,100.0,100.0,100.0,100.0,100.0,0.0,0.0,0.0,0.0,0.0,1.0,0.0,0.0,4.2,0.0,0.0,0.0,0.0,0.0,0.0,0.0,0.0,0.0,0.0,0.0,0.0,0.0,0.0,1.0,2.0,0.0,0.0,0.0,0.0,0.0,0.0,0.0,0.0,0.0,0.0,0.0,0.0,0.0,0.0,0.0,0.0,0.0,0.0,0.0,0.0,0.0,0.0,0.0,0.0,0.0,0.0,0.0,0.0,0.0,0.0,0.0,0.0,0.0,0.0,0.0,0.0,0.0,0.0,0.0,0.0,2.1,0.0,0.0,0.0,0.0,0.0,0.0,0.0,0.0,0.0,0.0,0.0,0.0,0.0,0.0,0.0,0.0,0.0,0.0,0.0,0.0,0.0,0.0,0.0,0.0,0.0,0.0,0.0,0.0,0.0,0.0,0.0,0.0,0.0,0.0,0.0,0.0,0.0,0.0,0.0,0.0,0.0,0.0,0.0,0.0,0.0,0.0,0.0,0.0,0.0,0.0,0.0,0.0,0.0,0.0,0.0,0.0,0.0,0.0,0.0,0.0,0.0,0.0,0.0,0.0,0.0,0.0,0.0,0.0,0.0,0.0,0.0,0.0,0.0,0.0,0.0,0.0,0.0,0.0,0.0,0.0,0.0,0.0,0.0,0.0,0.0,0.0,0.0,0.0,0.0,0.0,0.0,0.0,0.0,0.0,0.0,0.0,0.0,0.0,0.0,0.0,0.0,0.0,0.0,0.0,0.0,0.0,0.0,0.0,0.0,0.0,0.0,0.0,0.0",6.2,63985.515625,967880.8046875,8688.4853515625,152403.96142578125,26.2333984375
1791397811.2238915,individual_n8_vmnos8_r3:confirmation,5.7,"5.7,4.0,6.1,12.2,5.0,3.0,4.0,10.9,4.9,5.8,2.0,8.1,5.9,15.2,9.8,2.0,6.9,4.0,10.9,12.7,10.9,8.0,12.2,9.1,5.9,1.0,0.0,2.0,2.0,2.0,60.8,80.4,65.4,32.0,4.0,5.9,7.8,4.1,1.0,5.1,5.1,6.7,10.9,5.8,6.9,4.0,4.0,7.9,3.0,9.4,5.9,4.2,5.3,9.2,6.3,7.9,1.0,3.1,6.1,11.0,12.6,1.0,14.7,11.1,7.9,5.8,3.9,8.7,100.0,100.0,100.0,100.0,100.0,100.0,100.0,100.0,0.0,0.0,0.0,0.0,0.0,0.0,0.0,0.0,0.0,0.0,0.0,0.0,0.0,0.0,0.0,0.0,0.0,0.0,0.0,0.0,0.0,0.0,0.0,5.9,7.8,0.0,0.0,0.0,0.0,0.0,0.0,0.0,0.0,0.0,0.0,0.0,0.0,0.0,0.0,0.0,0.0,0.0,0.0,0.0,0.0,0.0,0.0,0.0,0.0,0.0,0.0,0.0,0.0,0.0,0.0,0.0,0.0,0.0,0.0,0.0,0.0,0.0,0.0,0.0,0.0,2.0,0.0,0.0,0.0,0.0,0.0,0.0,0.0,0.0,0.0,0.0,0.0,0.0,0.0,0.0,0.0,0.0,0.0,0.0,0.0,0.0,0.0,0.0,0.0,0.0,0.0,0.0,0.0,0.0,0.0,0.0,0.0,0.0,0.0,0.0,0.0,0.0,0.0,0.0,0.0,0.0,0.0,0.0,0.0,0.0,0.0,0.0,0.0,0.0,0.0,0.0,0.0,0.0,0.0,0.0,0.0,0.0,0.0,0.0,0.0,0.0,0.0,0.0,0.0,0.0,0.0,0.0,0.0,0.0,0.0,0.0,0.0,0.0,0.0,0.0,0.0,0.0,0.0,0.0,0.0,0.0,0.0,0.0,0.0,0.0,0.0,0.0,0.0,0.0,0.0,0.0,0.0,0.0,0.0,0.0,0.0,0.0,0.0,0.0,0.0,0.0,0.0,0.0,0.0,0.0,0.0,0.0,0.0,0.0,0.0,0.0,0.0,0.0,0.0",6.2,63846.6328125,968019.6875,8688.4853515625,152403.96142578125,25.33349609375
1791397812.2465155,individual_n8_vmnos8_r3:confirmation,5.2,"4.7,5.9,3.0,1.0,11.0,1.9,4.0,2.0,4.0,1.0,1.9,4.9,10.9,3.9,4.0,0.0,2.0,1.0,2.0,3.0,3.1,3.0,3.0,1.1,2.0,1.9,3.9,1.0,1.0,3.9,66.7,63.7,100.0,73.3,6.7,3.9,1.0,3.0,3.9,2.0,2.0,2.0,1.9,5.9,3.0,2.0,1.0,11.0,2.9,6.1,4.9,5.1,3.1,5.2,8.0,3.0,1.0,4.2,6.2,0.0,1.0,4.0,22.0,0.0,1.9,1.0,0.0,0.0,100.0,100.0,100.0,100.0,99.0,100.0,100.0,100.0,0.0,0.0,0.0,0.0,0.0,0.0,0.0,0.0,1.0,0.0,0.0,0.0,0.0,0.0,0.0,0.0,0.0,0.0,0.0,0.0,0.0,0.0,2.0,2.9,1.9,1.0,0.0,0.0,0.0,0.0,0.0,0.0,0.0,0.0,0.0,0.0,0.0,0.0,0.0,0.0,0.0,0.0,0.0,0.0,0.0,0.0,0.0,0.0,0.0,0.0,0.0,0.0,0.0,0.0,0.0,0.0,0.0,0.0,0.0,0.0,0.0,0.0,0.0,0.0,0.0,1.0,0.0,0.0,0.0,0.0,0.0,0.0,0.0,0.0,0.0,0.0,0.0,0.0,0.0,0.0,0.0,0.0,0.0,0.0,0.0,0.0,0.0,0.0,0.0,0.0,0.0,0.0,0.0,0.0,0.0,0.0,0.0,0.0,0.0,0.0,1.0,0.0,0.0,0.0,0.0,0.0,0.0,0.0,0.0,0.0,0.0,0.0,0.0,0.0,0.0,0.0,0.0,0.0,0.0,0.0,0.0,0.0,0.0,0.0,0.0,0.0,0.0,0.0,0.0,0.0,0.0,0.0,0.0,0.0,0.0,0.0,0.0,0.0,0.0,0.0,0.0,0.0,0.0,0.0,0.0,0.0,0.0,0.0,0.0,0.0,0.0,0.0,0.0,0.0,0.0,0.0,0.0,0.0,0.0,0.0,0.0,0.0,0.0,0.0,0.0,0.0,0.0,0.0,0.0,0.0,0.0,0.0,0.0,0.0,0.0,0.0,0.0,0.0,0.0",6.1,63244.81640625,968621.50390625,8688.4853515625,152403.96142578125,25.33349609375
1791397813.266339,individual_n8_vmnos8_r3:confirmation,6.2,"6.0,11.2,7.0,7.0,10.1,12.7,10.2,2.0,11.0,8.2,3.0,17.2,4.1,6.1,7.0,10.2,4.1,5.1,11.3,4.0,11.3,8.2,27.8,13.1,2.0,0.0,2.0,2.0,2.0,3.0,100.0,99.0,72.7,2.0,7.3,10.1,7.1,12.2,7.2,12.9,3.0,18.0,11.0,6.9,9.9,12.1,9.0,16.0,7.8,11.3,10.3,10.4,4.3,7.3,6.1,5.9,5.0,11.0,7.3,6.1,4.2,11.0,8.0,4.1,6.9,6.9,5.9,4.0,100.0,99.0,100.0,98.1,100.0,100.0,100.0,100.0,0.0,0.0,0.0,0.0,0.0,1.0,0.0,0.0,1.1,0.0,0.0,0.0,0.0,0.0,0.0,0.0,0.0,0.0,0.0,0.0,0.0,0.0,0.0,0.0,0.0,0.0,0.0,0.0,0.0,0.0,0.0,0.0,0.0,0.0,0.0,0.0,0.0,0.0,0.0,0.0,0.0,0.0,0.0,0.0,0.0,0.0,0.0,0.0,0.0,0.0,0.0,0.0,0.0,0.0,0.0,0.0,0.0,0.0,0.0,0.0,0.0,0.0,0.0,0.0,0.0,0.0,2.1,0.0,0.0,0.0,0.0,0.0,0.0,0.0,0.0,0.0,0.0,0.0,0.0,0.0,0.0,0.0,0.0,0.0,0.0,0.0,0.0,0.0,0.0,0.0,0.0,0.0,0.0,0.0,0.0,0.0,0.0,0.0,0.0,0.0,1.0,0.0,0.0,0.0,0.0,0.0,0.0,0.0,0.0,0.0,0.0,0.0,0.0,0.0,0.0,0.0,0.0,0.0,0.0,0.0,0.0,0.0,0.0,0.0,0.0,0.0,0.0,0.0,0.0,0.0,0.0,0.0,0.0,0.0,0.0,0.0,0.0,0.0,0.0,0.0,0.0,0.0,0.0,0.0,0.0,0.0,0.0,0.0,0.0,0.0,0.0,0.0,0.0,0.0,0.0,0.0,0.0,0.0,0.0,0.0,0.0,0.0,0.0,0.0,0.0,0.0,0.0,0.0,0.0,0.0,0.0,0.0,0.0,0.0,0.0,0.0,0.0,0.0,0.0",6.2,63618.21484375,968248.10546875,8688.4853515625,152405.98486328125,25.33349609375
1791397814.2717073,individual_n8_vmnos8_r3:confirmation,4.6,"3.6,1.1,2.0,1.0,1.0,1.0,3.1,1.0,2.1,3.1,0.0,3.1,0.0,0.0,0.0,1.0,0.0,0.0,2.0,3.0,3.1,10.1,3.0,0.0,0.0,2.0,1.0,1.0,0.0,0.0,63.6,89.0,58.6,14.3,2.0,2.0,4.1,10.3,3.1,1.0,4.0,0.0,0.0,0.0,1.0,0.0,3.0,1.0,4.0,6.2,1.0,0.0,3.2,0.0,0.0,3.0,0.0,15.5,2.2,0.0,2.0,2.0,0.0,2.0,0.0,1.0,0.0,1.0,99.0,100.0,100.0,100.0,100.0,100.0,100.0,99.0,0.0,0.0,0.0,0.0,0.0,0.0,0.0,0.0,5.1,0.0,0.0,0.0,0.0,0.0,0.0,0.0,0.0,0.0,0.0,0.0,0.0,0.0,2.0,5.0,4.1,1.0,0.0,0.0,0.0,0.0,0.0,0.0,0.0,0.0,0.0,0.0,0.0,0.0,0.0,0.0,0.0,0.0,0.0,0.0,0.0,0.0,0.0,0.0,0.0,0.0,0.0,0.0,0.0,0.0,0.0,0.0,0.0,0.0,0.0,0.0,0.0,0.0,0.0,0.0,0.0,2.1,0.0,0.0,0.0,0.0,0.0,0.0,0.0,0.0,0.0,0.0,0.0,0.0,0.0,0.0,0.0,0.0,0.0,0.0,0.0,0.0,0.0,0.0,0.0,0.0,0.0,0.0,0.0,0.0,0.0,0.0,0.0,0.0,0.0,0.0,0.0,0.0,0.0,0.0,0.0,0.0,0.0,0.0,0.0,0.0,0.0,0.0,0.0,0.0,0.0,0.0,0.0,0.0,0.0,0.0,0.0,0.0,0.0,0.0,0.0,0.0,0.0,0.0,0.0,0.0,0.0,0.0,0.0,0.0,0.0,0.0,0.0,0.0,0.0,0.0,0.0,0.0,0.0,0.0,0.0,0.0,0.0,0.0,0.0,0.0,0.0,0.0,0.0,0.0,0.0,0.0,0.0,0.0,0.0,0.0,0.0,0.0,0.0,0.0,0.0,0.0,0.0,0.0,0.0,0.0,0.0,0.0,0.0,0.0,0.0,0.0,0.0,0.0,0.0",6.1,63100.14453125,968766.17578125,8688.4853515625,152405.98486328125,25.33349609375
1791397815.2800632,individual_n8_vmnos8_r3:confirmation,5.9,"15.1,3.1,7.1,7.1,5.3,5.1,11.0,10.0,2.0,17.2,3.0,6.1,9.1,13.0,13.1,11.8,13.0,3.1,16.0,12.1,18.2,15.3,10.0,10.2,5.0,3.0,4.0,4.0,3.0,4.0,80.0,50.0,33.0,0.0,9.0,7.1,5.2,1.1,9.2,4.2,10.1,10.9,2.0,3.1,3.1,4.0,9.1,13.0,9.1,6.3,10.0,15.8,6.2,9.2,11.2,6.1,21.0,10.1,7.7,14.3,5.2,10.1,7.2,8.1,7.1,5.9,6.0,5.0,100.0,100.0,100.0,100.0,100.0,100.0,100.0,100.0,0.0,0.0,0.0,0.0,0.0,1.0,0.0,0.0,1.0,0.0,0.0,0.0,0.0,0.0,0.0,0.0,0.0,0.0,0.0,0.0,0.0,0.0,0.0,0.0,2.0,0.0,0.0,0.0,0.0,0.0,0.0,0.0,0.0,0.0,0.0,0.0,0.0,0.0,0.0,0.0,0.0,0.0,0.0,0.0,0.0,0.0,0.0,0.0,0.0,0.0,0.0,0.0,0.0,0.0,0.0,0.0,0.0,0.0,0.0,0.0,0.0,0.0,0.0,0.0,0.0,1.1,0.0,0.0,0.0,0.0,0.0,0.0,0.0,0.0,0.0,0.0,0.0,0.0,0.0,0.0,0.0,0.0,0.0,0.0,0.0,0.0,0.0,0.0,0.0,0.0,0.0,0.0,0.0,0.0,0.0,0.0,0.0,0.0,0.0,0.0,0.0,0.0,0.0,0.0,0.0,0.0,0.0,0.0,0.0,0.0,0.0,0.0,0.0,0.0,0.0,0.0,0.0,0.0,0.0,0.0,0.0,0.0,0.0,0.0,0.0,0.0,0.0,0.0,0.0,0.0,0.0,0.0,0.0,0.0,0.0,0.0,0.0,0.0,0.0,0.0,0.0,0.0,0.0,0.0,0.0,0.0,0.0,0.0,0.0,0.0,0.0,0.0,0.0,0.0,0.0,0.0,0.0,0.0,0.0,0.0,0.0,0.0,0.0,0.0,0.0,0.0,0.0,0.0,0.0,0.0,0.0,0.0,0.0,0.0,0.0,0.0,0.0,0.0,0.0",6.2,63552.16796875,968314.15234375,8688.4853515625,152405.98486328125,25.33349609375
1791397816.2941914,idle,4.7,"5.5,1.0,2.0,2.0,3.0,0.0,15.0,0.0,5.9,1.0,0.0,8.9,3.9,22.2,5.1,2.0,6.2,1.0,1.0,3.1,5.0,2.0,4.0,3.0,4.0,2.9,0.0,0.0,2.0,3.0,72.8,56.3,35.9,17.5,2.0,3.0,0.0,7.8,10.9,4.0,2.0,3.9,1.0,1.0,3.0,0.0,1.0,1.0,2.0,3.1,5.0,1.0,4.1,2.9,5.1,3.0,2.0,2.0,10.0,7.1,2.9,4.0,10.1,2.9,1.0,1.0,0.0,0.0,100.0,100.0,100.0,100.0,99.0,100.0,99.0,100.0,0.0,0.0,0.0,0.0,0.0,0.0,0.0,0.0,0.0,0.0,0.0,0.0,0.0,0.0,0.0,0.0,0.0,0.0,0.0,0.0,0.0,0.0,0.0,0.0,0.0,0.0,0.0,0.0,0.0,0.0,0.0,0.0,0.0,0.0,0.0,0.0,0.0,0.0,0.0,0.0,0.0,0.0,0.0,0.0,0.0,0.0,0.0,0.0,0.0,0.0,0.0,0.0,0.0,0.0,0.0,0.0,0.0,0.0,0.0,0.0,0.0,0.0,0.0,0.0,0.0,1.0,0.0,0.0,0.0,0.0,0.0,0.0,0.0,0.0,0.0,0.0,0.0,0.0,0.0,0.0,0.0,0.0,0.0,0.0,0.0,0.0,0.0,0.0,0.0,0.0,0.0,0.0,0.0,0.0,0.0,0.0,0.0,0.0,0.0,0.0,0.0,0.0,0.0,0.0,0.0,0.0,0.0,0.0,0.0,0.0,0.0,0.0,0.0,0.0,0.0,0.0,0.0,0.0,0.0,0.0,0.0,0.0,0.0,0.0,0.0,0.0,0.0,0.0,0.0,0.0,0.0,0.0,0.0,0.0,0.0,0.0,0.0,0.0,0.0,0.0,0.0,0.0,0.0,0.0,0.0,0.0,0.0,0.0,0.0,0.0,0.0,0.0,0.0,0.0,0.0,0.0,0.0,0.0,0.0,0.0,0.0,0.0,0.0,0.0,0.0,0.0,0.0,0.0,0.0,0.0,0.0,0.0,0.0,0.0,0.0,0.0,0.0,0.0,0.0",6.2,63491.49609375,968374.82421875,8688.4853515625,152405.98876953125,24.74609375
1791397817.374549,aggregate_n8_vmnos8_r3:confirmation,6.2,"11.1,6.9,10.6,8.6,5.0,6.8,7.7,8.6,8.7,11.4,8.5,13.5,15.7,9.5,11.8,7.7,9.4,6.9,8.7,15.2,6.7,7.6,6.7,12.9,3.8,20.6,6.5,3.8,6.6,2.9,86.9,31.7,9.4,47.7,5.9,12.1,29.5,5.0,16.7,10.1,7.8,5.7,4.8,6.8,7.8,8.6,5.8,8.5,9.3,8.0,13.1,12.7,8.8,6.7,9.4,12.4,7.7,6.6,21.2,6.7,6.6,10.2,10.5,5.8,4.8,4.7,4.7,6.5,100.0,100.0,100.0,100.0,100.0,100.0,100.0,100.0,0.0,0.0,0.0,0.0,0.0,0.0,0.0,0.0,1.0,0.0,0.0,0.0,0.0,0.0,0.0,0.0,0.0,0.0,0.0,0.0,0.0,0.0,2.8,4.7,44.3,0.0,0.0,0.0,0.0,0.0,0.0,0.0,0.0,0.0,0.0,0.0,0.0,0.0,0.0,0.0,0.0,0.0,0.0,0.0,0.0,0.0,0.0,0.0,0.0,0.0,0.0,0.0,0.0,0.0,0.0,0.0,0.0,0.0,0.0,0.0,0.0,0.0,0.0,0.0,0.0,1.0,0.0,0.0,0.0,0.0,0.0,0.0,0.0,0.0,0.0,0.9,0.0,0.0,0.0,0.0,0.0,0.0,0.0,0.0,0.9,0.0,0.0,0.0,0.0,0.0,0.0,0.0,0.0,0.0,0.0,0.0,0.0,0.0,0.0,0.0,0.0,0.0,0.0,0.0,0.0,0.0,0.0,0.0,0.0,0.0,0.0,0.0,0.0,0.0,0.0,0.0,0.0,0.0,0.0,0.0,0.0,0.0,0.0,0.0,0.0,0.0,0.0,0.0,0.0,0.0,0.0,0.0,0.0,0.0,0.0,0.0,0.0,0.0,0.0,0.0,0.0,0.0,0.0,0.0,0.0,0.0,0.0,0.0,0.0,0.0,0.0,0.0,0.0,0.0,0.0,0.0,0.0,0.0,0.0,0.0,0.0,0.0,0.0,0.0,0.0,0.0,0.0,0.0,0.0,0.0,0.0,0.0,0.0,0.0,0.0,0.0,0.0,0.0,0.0",6.1,63324.84765625,968541.47265625,8688.4853515625,152405.98876953125,24.74609375
1791397818.397818,aggregate_n8_vmnos8_r3:confirmation,4.2,"2.3,0.0,0.0,2.0,3.0,0.0,0.0,2.9,0.0,1.0,2.0,2.0,1.0,0.0,0.0,1.0,3.0,1.0,0.0,1.0,0.0,1.0,2.0,0.0,0.0,2.9,1.0,2.0,1.0,1.0,31.4,42.6,33.0,13.0,11.1,4.2,4.1,1.0,1.0,4.2,0.0,0.0,0.0,2.0,1.0,0.0,0.0,1.0,0.0,5.1,4.0,8.3,4.3,2.0,3.0,2.0,2.0,0.0,1.0,4.9,2.0,0.0,0.0,0.0,0.0,0.0,0.0,0.0,100.0,99.0,99.0,99.0,100.0,100.0,99.0,99.0,0.0,0.0,0.0,0.0,0.0,3.1,0.0,1.0,2.2,0.0,0.0,0.0,0.0,0.0,0.0,0.0,0.0,0.0,0.0,0.0,0.0,0.0,0.0,1.0,32.7,0.0,0.0,0.0,0.0,0.0,0.0,0.0,0.0,0.0,0.0,0.0,0.0,0.0,0.0,0.0,0.0,0.0,0.0,0.0,0.0,0.0,0.0,0.0,0.0,0.0,0.0,0.0,0.0,0.0,0.0,0.0,0.0,0.0,0.0,0.0,0.0,0.0,0.0,0.0,0.0,1.0,0.0,0.0,0.0,1.0,0.0,0.0,0.0,0.0,0.0,0.0,0.0,0.0,0.0,0.0,0.0,0.0,0.0,0.0,0.0,0.0,0.0,0.0,0.0,0.0,0.0,0.0,0.0,0.0,0.0,0.0,0.0,0.0,0.0,0.0,0.0,0.0,0.0,0.0,0.0,0.0,0.0,0.0,0.0,0.0,0.0,0.0,0.0,0.0,0.0,0.0,0.0,0.0,0.0,0.0,0.0,0.0,0.0,0.0,0.0,0.0,0.0,0.0,0.0,0.0,0.0,0.0,0.0,0.0,0.0,0.0,0.0,0.0,0.0,0.0,0.0,0.0,0.0,0.0,0.0,0.0,0.0,0.0,0.0,0.0,0.0,0.0,0.0,0.0,0.0,0.0,0.0,0.0,0.0,0.0,0.0,0.0,0.0,0.0,0.0,0.0,0.0,0.0,0.0,0.0,0.0,0.0,0.0,0.0,0.0,0.0,0.0,0.0,0.0",6.1,63168.9296875,968697.390625,8688.4853515625,152408.02783203125,24.74609375
1791397819.4200082,aggregate_n8_vmnos8_r3:confirmation,5.5,"13.1,7.2,6.1,8.0,6.0,11.1,6.9,6.1,4.0,6.1,4.0,9.8,10.1,5.1,14.3,5.0,6.1,8.0,7.1,8.1,7.1,8.0,7.0,8.2,4.0,3.0,4.0,2.0,3.9,3.9,55.4,63.3,11.0,28.7,11.1,10.6,13.5,12.0,9.9,11.0,3.0,5.0,5.0,7.0,4.1,6.1,6.9,5.1,7.8,7.3,13.3,10.4,9.4,11.0,5.1,8.2,5.0,6.1,8.2,6.0,7.1,5.2,6.0,7.9,4.0,4.9,3.0,2.0,99.0,100.0,100.0,100.0,99.0,99.0,100.0,100.0,0.0,0.0,0.0,0.0,0.0,0.0,0.0,0.0,2.0,0.0,0.0,0.0,0.0,0.0,0.0,0.0,0.0,0.0,0.0,0.0,0.0,0.0,1.0,0.0,1.9,1.0,0.0,0.0,0.0,0.0,0.0,0.0,0.0,0.0,0.0,0.0,0.0,0.0,0.0,0.0,0.0,0.0,0.0,0.0,0.0,0.0,0.0,0.0,0.0,0.0,0.0,0.0,0.0,0.0,0.0,0.0,0.0,0.0,0.0,0.0,0.0,0.0,0.0,0.0,0.0,1.0,1.0,1.0,0.0,0.0,0.0,0.0,0.0,0.0,0.0,0.0,0.0,0.0,0.0,0.0,0.0,0.0,0.0,0.0,0.0,0.0,0.0,0.0,0.0,0.0,0.0,0.0,0.0,0.0,0.0,0.0,0.0,0.0,0.0,0.0,0.0,0.0,0.0,0.0,0.0,0.0,0.0,0.0,0.0,0.0,0.0,0.0,0.0,0.0,0.0,0.0,0.0,0.0,0.0,0.0,0.0,0.0,0.0,0.0,0.0,0.0,0.0,0.0,0.0,0.0,0.0,0.0,0.0,0.0,0.0,0.0,0.0,0.0,0.0,0.0,0.0,0.0,0.0,0.0,0.0,0.0,0.0,0.0,0.0,0.0,0.0,0.0,0.0,0.0,0.0,0.0,0.0,0.0,0.0,0.0,0.0,0.0,0.0,0.0,0.0,0.0,0.0,0.0,0.0,0.0,0.0,0.0,0.0,0.0,0.0,0.0,0.0,0.0,0.0",6.2,63553.74609375,968312.57421875,8688.4853515625,152408.02783203125,24.74609375
1791397820.4576619,aggregate_n8_vmnos8_r3:confirmation,4.3,"3.5,2.0,1.0,0.0,0.0,2.0,0.0,0.0,1.0,1.0,1.0,1.0,1.0,0.0,6.8,0.0,1.9,0.0,1.9,1.9,8.7,1.0,1.0,1.0,1.0,0.0,0.0,1.0,0.0,1.0,84.8,37.3,2.9,45.7,2.9,1.9,1.9,2.0,3.9,6.8,1.0,0.0,0.0,3.9,0.0,1.0,2.9,3.0,1.9,5.1,2.9,3.0,4.0,0.0,1.9,2.9,0.0,1.9,3.9,1.0,1.9,2.9,1.0,0.0,0.0,0.9,0.9,0.0,100.0,100.0,99.1,100.0,100.0,100.0,100.0,100.0,0.0,0.0,0.0,0.0,0.0,1.9,0.0,0.0,1.9,0.9,0.0,0.0,0.0,0.0,0.0,0.0,0.0,0.0,0.0,0.0,0.0,0.0,0.0,1.0,2.9,1.0,0.0,0.0,0.0,0.0,0.0,0.0,0.0,0.0,0.0,0.0,0.0,0.0,0.0,0.0,0.0,0.0,0.0,0.0,0.0,0.0,0.0,0.0,0.0,0.0,0.0,0.0,0.0,0.0,0.0,0.0,0.0,0.0,0.0,0.0,0.0,0.0,0.0,0.0,0.0,0.0,0.0,0.0,0.0,0.0,0.0,0.0,0.0,0.0,0.0,0.0,0.0,0.0,0.0,0.0,0.0,0.0,0.0,0.0,0.0,0.0,0.0,0.0,0.0,0.0,0.0,0.0,0.0,0.0,0.0,0.0,0.0,0.0,0.0,0.0,0.0,0.0,0.0,0.0,0.0,0.0,0.0,0.0,0.0,0.0,0.0,0.0,0.0,0.0,0.0,0.0,0.0,0.0,0.0,0.0,0.0,0.0,0.0,0.0,0.0,0.0,0.0,0.0,0.0,0.0,0.0,0.0,0.0,0.0,0.0,0.0,0.0,0.0,0.0,0.0,0.0,0.0,0.0,0.0,0.0,0.0,0.0,0.0,0.0,0.0,0.0,0.0,0.0,0.0,0.0,0.0,0.0,0.0,0.0,0.0,0.0,0.0,0.0,0.0,0.0,0.0,0.0,0.0,0.0,0.0,0.0,0.0,0.0,0.0,0.0,0.0,0.0,0.0,0.0",6.1,63177.95703125,968688.36328125,8688.4853515625,152408.02783203125,24.74609375
1791397821.5068467,aggregate_n8_vmnos8_r3:confirmation,5.4,"8.1,7.0,4.0,6.0,5.9,6.9,5.1,5.9,2.9,5.0,3.9,19.8,3.1,5.9,4.0,14.6,11.9,5.9,5.0,8.0,6.0,5.9,7.1,4.1,1.0,2.0,2.9,2.0,4.0,7.0,39.8,56.4,27.0,73.8,5.9,2.0,2.0,5.0,3.0,5.9,4.0,6.9,6.1,6.1,3.9,3.0,5.9,4.9,7.9,8.2,6.1,5.0,8.3,5.2,7.0,5.1,5.9,6.1,9.0,7.0,5.9,6.9,5.9,8.8,3.0,2.0,3.0,3.0,100.0,99.0,100.0,100.0,100.0,100.0,100.0,99.0,0.0,0.0,0.0,0.0,0.0,0.0,0.0,0.0,3.0,0.0,0.0,0.0,0.0,0.0,0.0,0.0,0.0,0.0,0.0,0.0,0.0,0.0,1.9,0.0,1.9,1.0,0.0,0.0,0.0,0.0,0.0,0.0,0.0,0.0,0.0,0.0,0.0,0.0,0.0,0.0,0.0,0.0,0.0,0.0,0.0,0.0,0.0,0.0,0.0,0.0,0.0,0.0,0.0,0.0,0.0,0.0,0.0,0.0,0.0,0.0,0.0,0.0,0.0,0.0,0.0,1.0,0.0,0.0,0.0,0.0,0.0,0.0,0.0,0.0,0.0,0.0,0.0,0.0,0.0,0.0,0.0,0.0,0.0,0.0,0.0,0.0,0.0,0.0,0.0,0.0,0.0,0.0,0.0,0.0,0.0,0.0,0.0,0.0,0.0,0.0,0.0,0.0,0.0,0.0,0.0,0.0,0.0,0.0,0.0,0.0,0.0,0.0,0.0,0.0,0.0,0.0,0.0,0.0,0.0,0.0,0.0,0.0,0.0,0.0,0.0,0.0,0.0,0.0,0.0,0.0,0.0,0.0,0.0,0.0,0.0,0.0,0.0,0.0,0.0,0.0,0.0,0.0,0.0,0.0,0.0,0.0,0.0,0.0,0.0,0.0,0.0,0.0,0.0,0.0,0.0,0.0,0.0,0.0,0.0,0.0,0.0,0.0,0.0,0.0,0.0,0.0,0.0,0.0,0.0,0.0,0.0,0.0,0.0,0.0,0.0,0.0,0.0,0.0,0.0",6.2,63960.609375,967905.7109375,8688.4853515625,152408.02783203125,26.5283203125
1791397822.5292907,aggregate_n8_vmnos8_r3:confirmation,4.5,"7.1,2.0,1.0,1.0,2.1,4.1,2.0,1.0,1.0,0.0,0.0,1.0,0.0,5.0,6.9,0.0,1.0,5.2,5.0,1.0,4.1,1.0,2.0,1.0,1.0,2.0,1.0,0.0,2.0,5.9,65.3,33.0,68.9,47.5,2.0,1.0,1.0,1.0,0.0,1.0,1.0,0.0,3.2,1.0,0.0,0.0,0.0,0.0,2.0,4.3,1.0,4.1,4.3,2.1,0.0,2.0,0.0,1.0,0.0,0.0,1.0,0.0,13.9,2.0,0.0,0.0,0.0,0.0,100.0,100.0,100.0,100.0,100.0,100.0,100.0,100.0,0.0,0.0,0.0,0.0,0.0,0.0,0.0,0.0,1.0,0.0,0.0,0.0,0.0,0.0,0.0,0.0,0.0,0.0,0.0,0.0,0.0,0.0,0.0,5.0,4.9,5.0,0.0,0.0,0.0,0.0,0.0,0.0,0.0,0.0,0.0,0.0,0.0,0.0,0.0,0.0,0.0,0.0,0.0,0.0,0.0,0.0,0.0,0.0,0.0,0.0,0.0,0.0,0.0,0.0,0.0,0.0,0.0,0.0,0.0,0.0,0.0,0.0,0.0,0.0,0.0,0.0,0.0,0.0,0.0,0.0,0.0,0.0,0.0,0.0,0.0,0.0,0.0,0.0,0.0,0.0,0.0,0.0,0.0,0.0,0.0,0.0,0.0,0.0,0.0,0.0,0.0,0.0,0.0,0.0,0.0,0.0,0.0,0.0,0.0,0.0,0.0,0.0,0.0,0.0,0.0,0.0,0.0,0.0,0.0,0.0,0.0,0.0,0.0,0.0,0.0,0.0,0.0,0.0,0.0,0.0,0.0,0.0,0.0,0.0,0.0,0.0,0.0,0.0,0.0,0.0,0.0,0.0,0.0,0.0,0.0,0.0,0.0,0.0,0.0,0.0,0.0,0.0,0.0,0.0,0.0,0.0,0.0,0.0,0.0,0.0,0.0,0.0,0.0,0.0,0.0,0.0,0.0,0.0,0.0,0.0,0.0,0.0,0.0,0.0,0.0,0.0,0.0,0.0,0.0,0.0,0.0,0.0,0.0,0.0,0.0,0.0,0.0,0.0,0.0",6.2,63652.23046875,968214.08984375,8688.4853515625,152408.03173828125,26.5283203125
1791397823.5519004,aggregate_n8_vmnos8_r3:confirmation,5.6,"11.4,5.9,5.0,6.9,8.0,5.0,7.1,6.9,6.0,6.0,6.1,3.0,7.2,7.2,5.9,5.1,8.0,9.3,10.9,9.8,7.1,10.0,5.1,7.3,5.0,3.0,3.9,5.9,5.0,4.0,47.0,42.6,70.3,42.0,3.0,3.0,2.0,4.0,2.9,4.9,6.9,5.0,9.0,7.8,4.9,5.0,5.1,6.9,7.0,8.6,5.0,8.3,10.5,17.7,5.1,5.1,6.9,7.1,9.0,8.7,6.1,6.9,6.2,7.1,4.0,2.9,3.9,3.0,100.0,100.0,100.0,100.0,100.0,100.0,100.0,100.0,0.0,0.0,0.0,0.0,0.0,1.0,0.0,0.0,0.0,0.0,0.0,0.0,0.0,0.0,0.0,0.0,0.0,0.0,0.0,0.0,0.0,0.0,3.9,1.9,2.9,3.0,0.0,0.0,0.0,0.0,0.0,0.0,0.0,0.0,0.0,0.0,0.0,0.0,0.0,0.0,0.0,0.0,0.0,0.0,0.0,0.0,0.0,0.0,0.0,0.0,0.0,0.0,0.0,0.0,0.0,0.0,0.0,0.0,0.0,0.0,0.0,0.0,0.0,0.0,3.0,1.0,0.0,0.0,0.0,0.0,0.0,0.0,0.0,0.0,0.0,0.0,0.0,0.0,0.0,0.0,0.0,0.0,0.0,0.0,0.0,0.0,0.0,0.0,0.0,0.0,0.0,0.0,0.0,0.0,0.0,0.0,0.0,0.0,0.0,0.0,0.0,0.0,0.0,0.0,0.0,0.0,0.0,0.0,0.0,0.0,0.0,0.0,0.0,0.0,0.0,0.0,0.0,0.0,0.0,0.0,0.0,0.0,0.0,0.0,0.0,0.0,0.0,0.0,0.0,0.0,0.0,0.0,0.0,0.0,0.0,0.0,0.0,0.0,0.0,0.0,0.0,0.0,0.0,0.0,0.0,0.0,0.0,0.0,0.0,0.0,0.0,0.0,0.0,0.0,0.0,0.0,0.0,0.0,0.0,0.0,0.0,0.0,0.0,0.0,0.0,0.0,0.0,0.0,0.0,0.0,0.0,0.0,0.0,0.0,0.0,0.0,0.0,0.0,0.0",6.2,63521.25390625,968345.06640625,8688.4853515625,152409.55517578125,26.5283203125
1791397824.5743637,aggregate_n8_vmnos8_r3:confirmation,4.8,"3.6,2.1,1.0,0.0,1.0,10.0,1.0,0.0,0.0,1.0,3.0,5.1,1.0,1.0,0.0,1.0,2.0,8.3,5.1,1.0,2.9,0.0,2.9,3.1,1.9,1.0,0.0,0.0,0.0,0.0,100.0,62.1,42.0,99.0,2.0,1.0,1.9,2.0,1.0,0.0,3.0,3.0,2.0,0.0,1.0,0.0,1.0,1.0,3.0,11.3,2.0,3.1,3.0,1.0,4.1,1.0,0.0,0.0,2.0,0.0,1.0,0.0,2.0,1.0,0.0,0.0,0.0,0.0,100.0,99.0,100.0,100.0,100.0,100.0,100.0,100.0,0.0,0.0,0.0,0.0,0.0,0.0,0.0,0.0,0.0,0.0,0.0,0.0,0.0,0.0,0.0,0.0,0.0,0.0,0.0,0.0,0.0,0.0,3.0,2.0,2.9,3.9,0.0,0.0,0.0,0.0,0.0,0.0,0.0,0.0,0.0,0.0,0.0,0.0,0.0,0.0,0.0,0.0,0.0,0.0,0.0,0.0,0.0,0.0,0.0,0.0,0.0,0.0,0.0,0.0,0.0,0.0,0.0,0.0,0.0,0.0,0.0,0.0,0.0,0.0,0.0,0.0,0.0,0.0,0.0,0.0,0.0,0.0,0.0,0.0,0.0,0.0,1.0,0.0,0.0,0.0,0.0,0.0,0.0,0.0,0.0,0.0,0.0,0.0,0.0,0.0,0.0,0.0,0.0,0.0,0.0,0.0,0.0,0.0,0.0,0.0,0.0,0.0,0.0,0.0,0.0,0.0,0.0,0.0,0.0,0.0,0.0,0.0,0.0,0.0,0.0,0.0,0.0,0.0,0.0,0.0,0.0,0.0,0.0,0.0,0.0,0.0,0.0,0.0,0.0,0.0,0.0,0.0,0.0,0.0,0.0,0.0,0.0,0.0,0.0,0.0,0.0,0.0,0.0,0.0,0.0,0.0,0.0,0.0,0.0,0.0,0.0,0.0,0.0,0.0,0.0,0.0,0.0,0.0,0.0,0.0,0.0,0.0,0.0,0.0,0.0,0.0,0.0,0.0,0.0,0.0,0.0,0.0,0.0,0.0,0.0,0.0,0.0,0.0,0.0",6.2,63897.0546875,967969.265625,8688.4853515625,152409.55517578125,26.5283203125
1791397825.5972338,aggregate_n8_vmnos8_r3:confirmation,5.8,"9.2,8.1,6.0,6.1,5.9,15.0,5.9,6.0,6.9,5.9,3.0,8.0,6.2,17.2,5.0,7.1,8.0,9.1,8.2,5.2,8.1,8.2,9.0,5.3,3.0,4.9,2.0,2.9,3.9,3.0,99.0,18.8,71.3,70.3,3.0,2.9,1.0,4.0,3.0,3.0,8.0,5.9,6.1,5.0,8.0,9.0,5.1,5.0,7.1,9.2,7.1,8.2,8.5,5.3,9.1,5.0,5.9,6.8,6.0,10.1,7.8,6.9,7.1,8.0,3.9,3.0,4.8,4.0,100.0,100.0,99.0,100.0,100.0,100.0,100.0,100.0,0.0,0.0,0.0,0.0,0.0,0.0,0.0,0.0,1.0,0.0,0.0,0.0,0.0,0.0,0.0,0.0,0.0,0.0,0.0,0.0,0.0,0.0,0.0,4.9,6.9,6.9,0.0,0.0,0.0,0.0,0.0,0.0,0.0,0.0,0.0,0.0,0.0,0.0,0.0,0.0,0.0,0.0,0.0,0.0,0.0,0.0,0.0,0.0,0.0,0.0,0.0,0.0,0.0,0.0,0.0,0.0,0.0,0.0,0.0,0.0,0.0,0.0,0.0,0.0,0.0,0.0,0.0,0.0,0.0,0.0,0.0,0.0,0.0,0.0,0.0,0.0,0.0,0.0,0.0,0.0,0.0,0.0,0.0,0.0,0.0,0.0,0.0,0.0,0.0,0.0,0.0,0.0,0.0,0.0,0.0,0.0,0.0,0.0,0.0,0.0,0.0,0.0,0.0,0.0,0.0,0.0,0.0,0.0,0.0,0.0,0.0,0.0,0.0,0.0,0.0,0.0,0.0,0.0,0.0,0.0,0.0,0.0,0.0,0.0,0.0,0.0,0.0,0.0,0.0,0.0,0.0,0.0,0.0,0.0,0.0,0.0,0.0,0.0,0.0,0.0,0.0,0.0,0.0,0.0,0.0,0.0,0.0,0.0,0.0,0.0,0.0,0.0,0.0,0.0,0.0,0.0,0.0,0.0,0.0,0.0,0.0,0.0,0.0,0.0,0.0,0.0,0.0,0.0,0.0,0.0,0.0,0.0,0.0,0.0,0.0,0.0,0.0,0.0,0.0",6.2,63635.55859375,968230.76171875,8688.4853515625,152409.55517578125,26.5283203125
1791397826.7045078,aggregate_n8_vmnos8_r3:confirmation,4.5,"5.3,0.0,0.0,0.9,0.9,0.9,0.9,0.0,2.7,1.8,0.9,4.7,6.4,3.6,3.7,3.8,1.9,3.7,3.6,1.8,2.7,2.8,0.9,3.9,0.9,0.9,0.9,0.9,0.0,1.8,86.4,12.6,47.7,53.6,1.8,1.8,0.0,3.6,0.9,0.9,6.3,0.0,1.8,0.9,0.9,0.0,0.9,0.9,1.9,4.8,2.7,4.7,2.8,2.7,0.9,0.9,7.5,1.8,13.8,1.8,0.9,2.7,1.8,2.8,0.0,0.0,0.0,0.0,99.1,100.0,100.0,100.0,99.1,99.1,99.1,100.0,0.9,0.0,0.0,0.0,0.0,0.9,0.9,0.0,0.9,0.0,0.0,0.0,0.0,0.0,0.0,0.0,0.0,0.0,0.0,0.0,0.0,0.0,0.0,0.0,0.0,0.0,0.0,0.0,0.0,0.0,0.0,0.0,0.0,0.0,0.0,0.0,0.0,0.0,0.0,0.0,0.0,0.0,0.0,0.0,0.0,0.0,0.0,0.0,0.0,0.0,0.0,0.0,0.0,0.0,0.0,0.0,0.0,0.0,0.0,0.0,0.0,0.0,0.0,0.0,0.0,0.0,0.0,0.0,0.0,0.0,0.0,0.0,0.0,0.0,0.0,0.0,0.0,0.0,0.0,0.0,0.0,0.0,0.0,0.0,0.0,0.0,0.0,0.0,0.0,0.0,0.0,0.0,0.0,0.0,0.0,0.0,0.0,0.0,0.0,0.0,0.0,0.0,0.0,0.0,0.0,0.0,0.0,0.0,0.0,0.0,0.0,0.0,0.0,0.0,0.0,0.0,0.0,0.0,0.0,0.0,0.0,0.0,0.0,0.0,0.0,0.0,0.0,0.0,0.0,0.0,0.0,0.0,0.0,0.0,0.0,0.0,0.0,0.0,0.0,0.0,0.0,0.0,0.0,0.0,0.0,0.0,0.0,0.0,0.0,0.0,0.0,0.0,0.0,0.0,0.0,0.0,0.0,0.0,0.0,0.0,0.0,0.0,0.0,0.0,0.0,0.0,0.0,0.0,0.0,0.0,0.0,0.0,0.0,0.0,0.0,0.0,0.0,0.0,0.0",6.2,63560.30078125,968306.01953125,8688.4853515625,152409.55517578125,25.84521484375
1791397827.7358263,aggregate_n8_vmnos8_r3:confirmation,6.0,"10.3,6.9,4.0,4.9,13.0,11.0,5.1,4.0,6.1,6.1,9.2,6.0,7.1,23.0,8.0,10.3,5.1,8.1,8.2,8.2,8.2,6.3,5.9,8.5,5.0,3.0,4.0,1.0,4.0,4.9,98.0,65.0,49.5,74.3,5.1,4.0,8.0,8.1,6.1,2.0,8.1,5.1,7.1,5.1,7.0,9.3,8.0,8.1,8.9,8.2,6.1,6.3,10.2,5.1,5.9,6.0,5.1,5.2,10.4,10.1,7.1,7.0,8.9,9.0,2.0,2.0,1.0,3.9,100.0,99.0,100.0,99.0,100.0,100.0,100.0,100.0,0.0,0.0,0.0,0.0,0.0,0.0,0.0,0.0,1.0,0.0,0.0,0.0,0.0,0.0,0.0,0.0,0.0,0.0,0.0,0.0,0.0,0.0,1.0,3.9,9.8,9.9,0.0,0.0,0.0,0.0,0.0,0.0,0.0,0.0,0.0,0.0,0.0,0.0,0.0,0.0,0.0,0.0,0.0,0.0,0.0,0.0,0.0,0.0,0.0,0.0,0.0,0.0,0.0,0.0,0.0,0.0,0.0,0.0,0.0,0.0,0.0,0.0,0.0,0.0,0.0,0.0,0.0,0.0,0.0,0.0,0.0,0.0,0.0,0.0,0.0,0.0,0.0,0.0,0.0,0.0,0.0,0.0,0.0,0.0,0.0,0.0,0.0,0.0,0.0,0.0,0.0,0.0,0.0,0.0,0.0,0.0,0.0,0.0,0.0,0.0,0.0,0.0,0.0,0.0,0.0,0.0,0.0,0.0,0.0,0.0,0.0,0.0,0.0,0.0,0.0,0.0,0.0,0.0,0.0,0.0,0.0,0.0,0.0,0.0,0.0,0.0,0.0,0.0,0.0,0.0,0.0,0.0,0.0,0.0,0.0,0.0,0.0,0.0,0.0,0.0,0.0,0.0,0.0,0.0,0.0,0.0,0.0,0.0,0.0,0.0,0.0,0.0,0.0,0.0,0.0,0.0,0.0,0.0,0.0,0.0,0.0,0.0,0.0,0.0,0.0,0.0,0.0,0.0,0.0,0.0,0.0,0.0,0.0,0.0,0.0,0.0,0.0,0.0,0.0",6.1,63287.41796875,968578.90234375,8688.4853515625,152409.55517578125,25.84521484375
1791397828.7582877,aggregate_n8_vmnos8_r3:confirmation,4.4,"8.0,0.0,1.0,0.0,0.0,0.0,0.0,0.0,3.1,2.0,2.0,0.0,7.1,0.0,0.0,1.0,2.0,0.0,1.0,0.0,4.0,4.1,2.9,2.1,2.0,0.0,1.0,0.0,0.0,1.9,29.7,55.4,38.4,90.2,2.9,3.9,2.0,2.9,4.0,0.0,0.0,0.0,2.0,0.0,0.0,1.0,3.9,0.0,0.0,0.0,2.9,5.1,1.0,8.0,0.0,1.0,0.0,1.0,5.0,2.0,1.0,1.0,1.9,1.0,1.0,1.0,0.0,0.0,100.0,100.0,100.0,100.0,100.0,100.0,100.0,100.0,0.0,0.0,0.0,0.0,0.0,2.0,1.0,1.0,0.0,0.0,0.0,0.0,0.0,0.0,0.0,0.0,0.0,0.0,0.0,0.0,0.0,0.0,0.0,0.0,0.0,0.0,0.0,0.0,0.0,0.0,0.0,0.0,0.0,0.0,0.0,0.0,0.0,0.0,0.0,0.0,0.0,0.0,0.0,0.0,0.0,0.0,0.0,0.0,0.0,0.0,0.0,0.0,0.0,0.0,0.0,0.0,0.0,0.0,0.0,0.0,0.0,0.0,0.0,0.0,0.0,1.0,0.0,0.0,0.0,0.0,0.0,0.0,0.0,0.0,0.0,0.0,0.0,0.0,0.0,0.0,0.0,0.0,0.0,0.0,0.0,0.0,0.0,0.0,0.0,0.0,0.0,0.0,0.0,0.0,0.0,0.0,0.0,0.0,0.0,0.0,0.0,0.0,0.0,0.0,0.0,0.0,0.0,0.0,0.0,0.0,0.0,0.0,0.0,0.0,0.0,0.0,0.0,0.0,0.0,0.0,0.0,0.0,0.0,0.0,0.0,1.0,0.0,0.0,0.0,0.0,0.0,0.0,0.0,0.0,0.0,0.0,0.0,0.0,0.0,0.0,0.0,0.0,0.0,0.0,0.0,0.0,0.0,0.0,0.0,0.0,0.0,0.0,0.0,0.0,0.0,0.0,0.0,0.0,0.0,0.0,0.0,0.0,0.0,0.0,0.0,0.0,0.0,0.0,0.0,0.0,0.0,0.0,0.0,0.0,0.0,0.0,0.0,0.0,0.0",6.2,64025.0078125,967841.3125,8688.4853515625,152410.82470703125,25.84521484375
1791397829.7804995,aggregate_n8_vmnos8_r3:confirmation,5.7,"9.5,6.2,4.0,6.1,8.1,7.0,6.9,6.1,11.8,11.2,5.9,6.0,5.0,6.1,6.9,5.9,5.1,5.9,9.0,8.1,8.0,17.2,5.9,8.3,3.9,2.0,1.0,1.0,2.0,3.0,95.1,15.8,13.0,23.8,9.3,5.1,5.1,22.7,5.9,7.8,5.1,5.0,7.9,5.9,12.0,7.3,8.9,4.9,8.9,8.2,6.2,8.2,9.3,7.0,8.0,5.9,6.9,7.0,8.0,8.9,12.1,5.1,11.2,8.2,2.9,3.0,22.5,3.9,100.0,100.0,100.0,100.0,100.0,100.0,100.0,99.0,0.0,0.0,0.0,0.0,0.0,1.0,0.0,0.0,1.0,1.0,0.0,0.0,0.0,0.0,0.0,0.0,0.0,0.0,0.0,0.0,0.0,0.0,10.9,3.9,2.9,28.4,0.0,0.0,0.0,0.0,0.0,0.0,0.0,0.0,0.0,0.0,0.0,0.0,0.0,0.0,0.0,0.0,0.0,0.0,0.0,0.0,0.0,0.0,0.0,0.0,0.0,0.0,0.0,0.0,0.0,0.0,0.0,0.0,0.0,0.0,0.0,0.0,0.0,0.0,0.0,1.0,0.0,0.0,0.0,0.0,0.0,0.0,0.0,0.0,0.0,0.0,0.0,0.0,0.0,0.0,0.0,0.0,0.0,0.0,0.0,0.0,0.0,0.0,0.0,0.0,0.0,0.0,0.0,1.0,0.0,0.0,0.0,0.0,0.0,0.0,0.0,0.0,0.0,0.0,0.0,0.0,0.0,0.0,0.0,0.0,0.0,0.0,0.0,0.0,0.0,0.0,0.0,0.0,0.0,0.0,0.0,0.0,0.0,0.0,0.0,0.0,0.0,0.0,0.0,0.0,0.0,0.0,0.0,0.0,0.0,0.0,0.0,0.0,0.0,0.0,0.0,0.0,0.0,0.0,0.0,0.0,0.0,0.0,0.0,0.0,0.0,0.0,0.0,0.0,0.0,0.0,0.0,0.0,0.0,0.0,0.0,0.0,0.0,0.0,0.0,0.0,0.0,0.0,0.0,0.0,0.0,0.0,0.0,0.0,0.0,0.0,0.0,0.0,0.0",6.2,64040.71875,967825.6015625,8688.4853515625,152410.82470703125,25.84521484375
1791397830.8037534,aggregate_n8_vmnos8_r3:confirmation,4.3,"5.8,2.0,0.0,0.0,5.0,3.0,1.0,2.0,0.0,0.0,1.0,1.0,0.0,2.0,0.0,0.0,3.1,0.0,0.0,14.0,5.9,0.0,7.1,1.0,2.9,1.9,0.0,0.0,0.0,1.9,59.0,9.8,19.0,55.6,5.1,5.1,2.1,4.0,2.1,3.1,3.0,1.0,1.0,0.0,0.0,2.0,5.0,12.1,1.0,1.0,3.0,4.2,4.3,0.0,0.0,0.0,4.0,2.0,3.1,3.1,1.0,1.0,0.0,3.1,1.0,1.0,0.0,0.0,100.0,100.0,99.0,100.0,100.0,100.0,100.0,100.0,0.0,0.0,0.0,0.0,0.0,1.0,0.0,0.0,0.0,0.0,0.0,0.0,0.0,0.0,0.0,0.0,0.0,0.0,0.0,0.0,0.0,0.0,1.0,0.0,1.0,2.0,0.0,0.0,0.0,0.0,0.0,0.0,0.0,0.0,0.0,0.0,0.0,0.0,0.0,0.0,0.0,0.0,0.0,0.0,0.0,0.0,0.0,0.0,0.0,0.0,0.0,0.0,0.0,0.0,0.0,0.0,0.0,0.0,0.0,0.0,0.0,0.0,0.0,0.0,0.0,1.0,0.0,0.0,0.0,0.0,0.0,0.0,0.0,0.0,0.0,0.0,0.0,0.0,0.0,0.0,0.0,0.0,0.0,0.0,0.0,0.0,0.0,0.0,0.0,0.0,0.0,0.0,0.0,0.0,0.0,0.0,0.0,0.0,0.0,0.0,0.0,0.0,0.0,0.0,0.0,0.0,0.0,0.0,0.0,0.0,0.0,0.0,0.0,0.0,0.0,0.0,0.0,0.0,0.0,0.0,0.0,0.0,0.0,0.0,0.0,0.0,0.0,0.0,0.0,0.0,0.0,0.0,0.0,0.0,0.0,0.0,0.0,0.0,0.0,0.0,0.0,0.0,0.0,0.0,0.0,0.0,0.0,0.0,0.0,0.0,0.0,0.0,0.0,0.0,0.0,0.0,0.0,0.0,0.0,0.0,0.0,0.0,0.0,0.0,0.0,0.0,0.0,0.0,0.0,0.0,0.0,0.0,0.0,0.0,0.0,0.0,0.0,0.0,0.0",6.1,63269.60546875,968596.71484375,8688.4853515625,152410.82470703125,25.84521484375
1791397831.8273098,aggregate_n8_vmnos8_r3:confirmation,5.5,"16.3,7.4,5.2,7.8,8.2,9.2,12.9,7.1,6.9,6.9,4.0,4.9,2.9,13.9,4.9,5.8,4.0,3.1,7.0,7.1,7.0,6.2,8.3,5.1,3.9,4.9,3.9,5.8,4.0,3.0,77.2,2.0,2.0,38.6,5.0,5.9,4.0,9.1,12.1,14.1,6.1,18.8,9.0,6.9,8.0,6.1,8.2,10.0,5.1,9.6,6.9,8.9,13.3,7.1,11.0,5.0,13.3,5.1,7.2,7.0,7.1,13.6,11.9,7.1,5.9,6.8,4.9,3.0,99.0,100.0,100.0,100.0,100.0,100.0,100.0,100.0,0.0,0.0,0.0,0.0,0.0,1.0,0.0,0.0,3.0,0.0,0.0,0.0,0.0,0.0,0.0,0.0,0.0,0.0,0.0,0.0,0.0,0.0,1.0,1.0,0.0,1.0,0.0,0.0,0.0,0.0,0.0,0.0,0.0,0.0,0.0,0.0,0.0,0.0,0.0,0.0,0.0,0.0,0.0,0.0,0.0,0.0,0.0,0.0,0.0,0.0,0.0,0.0,0.0,0.0,0.0,0.0,0.0,0.0,0.0,0.0,0.0,0.0,0.0,0.0,0.0,1.0,0.0,0.0,1.0,0.0,0.0,0.0,0.0,0.0,0.0,0.0,0.0,0.0,0.0,0.0,0.0,0.0,0.0,0.0,0.0,0.0,0.0,0.0,0.0,0.0,0.0,0.0,0.0,0.0,0.0,0.0,0.0,0.0,0.0,0.0,0.0,0.0,0.0,0.0,0.0,0.0,0.0,0.0,0.0,0.0,0.0,0.0,0.0,0.0,0.0,0.0,0.0,0.0,0.0,0.0,0.0,0.0,0.0,0.0,0.0,0.0,0.0,0.0,0.0,0.0,0.0,0.0,0.0,0.0,0.0,0.0,0.0,0.0,0.0,0.0,0.0,0.0,0.0,0.0,0.0,0.0,0.0,0.0,0.0,0.0,0.0,0.0,0.0,0.0,0.0,0.0,0.0,0.0,0.0,0.0,0.0,0.0,0.0,0.0,0.0,0.0,0.0,0.0,0.0,0.0,0.0,0.0,0.0,0.0,0.0,0.0,0.0,0.0,0.0",6.1,63362.0703125,968504.25,8688.4853515625,152410.82861328125,28.10009765625
1791397832.850625,aggregate_n8_vmnos8_r3:confirmation,4.5,"3.6,1.1,4.0,1.0,1.0,3.0,1.0,1.9,1.0,2.0,0.0,0.0,0.0,0.0,0.0,0.0,1.0,0.0,2.9,0.0,3.9,1.0,2.1,1.0,1.0,1.0,0.0,0.0,2.9,1.0,85.1,70.9,10.0,50.0,1.0,7.0,3.0,2.9,2.0,3.1,3.0,0.0,1.0,0.0,2.0,0.0,9.2,2.2,2.0,3.1,2.0,0.0,4.2,2.1,1.0,0.0,10.2,2.0,2.0,0.0,1.0,1.0,1.0,1.0,0.0,0.0,0.0,0.0,100.0,100.0,100.0,100.0,100.0,100.0,100.0,100.0,0.0,0.0,0.0,0.0,0.0,0.0,0.0,0.0,3.0,0.0,0.0,0.0,0.0,0.0,0.0,0.0,0.0,0.0,0.0,0.0,0.0,0.0,4.9,4.9,0.0,4.9,0.0,0.0,0.0,0.0,0.0,0.0,0.0,0.0,0.0,0.0,0.0,0.0,0.0,0.0,0.0,0.0,0.0,0.0,0.0,0.0,0.0,0.0,0.0,0.0,0.0,0.0,0.0,0.0,0.0,0.0,0.0,0.0,0.0,0.0,0.0,0.0,0.0,0.0,0.0,1.0,1.0,0.0,0.0,0.0,0.0,0.0,0.0,0.0,0.0,0.0,0.0,0.0,0.0,0.0,0.0,0.0,0.0,1.0,0.0,0.0,0.0,0.0,0.0,0.0,0.0,0.0,0.0,0.0,0.0,0.0,0.0,0.0,0.0,0.0,0.0,0.0,0.0,0.0,0.0,0.0,0.0,0.0,0.0,0.0,0.0,0.0,0.0,0.0,0.0,0.0,0.0,0.0,0.0,0.0,0.0,0.0,0.0,0.0,0.0,0.0,0.0,0.0,0.0,0.0,0.0,0.0,0.0,0.0,0.0,0.0,0.0,0.0,0.0,0.0,0.0,0.0,0.0,0.0,0.0,0.0,0.0,0.0,0.0,0.0,0.0,0.0,0.0,0.0,0.0,0.0,0.0,0.0,0.0,0.0,0.0,0.0,0.0,0.0,0.0,0.0,0.0,0.0,0.0,0.0,0.0,0.0,0.0,0.0,0.0,0.0,0.0,0.0,0.0",6.1,63149.1640625,968717.15625,8688.4853515625,152411.93408203125,28.10009765625
1791397833.9307327,aggregate_n8_vmnos8_r3:confirmation,5.5,"12.1,10.9,7.6,7.5,8.7,8.7,7.5,9.3,7.4,4.7,4.7,5.7,3.7,3.7,3.8,5.6,4.7,7.8,8.6,6.7,6.7,7.5,5.8,6.0,3.7,4.6,2.8,5.5,2.8,3.7,69.5,18.7,45.8,23.8,8.5,6.6,7.6,5.9,9.4,8.4,10.8,7.5,5.6,5.9,8.5,9.5,7.5,9.3,15.2,8.7,4.9,5.9,5.9,2.9,6.7,5.7,10.3,5.7,4.7,2.8,9.5,11.3,9.5,9.3,1.9,2.8,1.9,4.6,100.0,100.0,100.0,99.1,99.1,100.0,100.0,99.1,0.0,0.0,0.0,0.0,0.0,0.9,0.0,0.0,2.9,0.0,0.0,0.0,0.0,0.0,0.0,0.0,0.0,0.0,0.0,0.0,0.0,0.0,0.0,0.0,0.0,0.0,0.0,0.0,0.0,0.0,0.9,0.0,0.0,0.0,0.9,0.0,0.0,0.0,0.0,0.0,0.0,0.0,0.0,0.0,0.0,0.0,0.0,0.0,0.0,0.0,0.0,0.0,0.0,0.0,0.0,0.9,0.0,0.0,0.0,0.0,0.0,0.0,0.0,0.0,0.0,0.0,0.9,0.0,0.0,0.0,0.0,0.0,0.0,0.0,0.0,0.0,0.0,0.0,0.0,0.0,0.0,0.0,0.0,0.0,0.0,0.0,0.0,0.0,0.0,0.0,0.0,0.0,0.9,0.0,0.9,0.0,0.0,0.0,0.0,0.0,0.0,0.0,0.0,0.0,0.0,0.0,0.0,0.0,0.0,0.0,0.0,0.0,0.0,0.0,0.0,0.0,0.0,0.0,0.0,0.0,0.0,0.0,0.0,0.0,0.0,0.0,0.0,0.0,0.0,0.0,0.0,0.0,0.0,0.0,0.0,0.0,0.0,0.0,0.0,0.0,0.9,0.0,0.0,0.0,0.0,0.0,0.0,0.0,0.0,0.0,0.0,0.0,0.0,0.0,0.0,0.0,0.9,0.0,0.0,0.0,0.0,0.0,0.0,0.0,0.0,0.0,0.0,0.0,0.0,0.0,0.0,0.0,0.0,0.0,0.9,0.0,0.0,0.9,0.9",6.2,63590.0546875,968276.265625,8688.4853515625,152412.33251953125,28.10009765625
1791397834.9533558,aggregate_n8_vmnos8_r3:confirmation,4.5,"6.0,17.3,2.0,2.0,1.0,4.0,0.0,4.0,1.0,3.1,6.1,0.0,0.0,1.0,0.0,0.0,0.0,2.0,1.0,3.1,1.0,6.9,0.0,2.0,0.0,1.0,0.0,0.0,0.0,1.0,89.3,8.8,100.0,25.0,0.0,3.8,7.8,4.0,2.9,1.0,2.0,1.9,0.0,0.0,2.0,1.0,0.0,1.0,3.0,4.3,4.0,4.0,3.3,8.1,3.0,1.0,0.0,0.0,4.0,2.0,3.0,0.0,2.0,1.0,0.0,0.0,0.0,0.0,100.0,100.0,99.0,100.0,100.0,99.0,99.0,100.0,0.0,0.0,0.0,0.0,0.0,0.0,0.0,0.0,0.0,0.0,0.0,0.0,0.0,0.0,0.0,0.0,0.0,0.0,0.0,0.0,0.0,0.0,0.0,0.0,0.0,0.0,0.0,0.0,0.0,0.0,0.0,0.0,0.0,0.0,0.0,0.0,0.0,0.0,0.0,0.0,0.0,0.0,0.0,0.0,0.0,0.0,0.0,0.0,0.0,0.0,0.0,0.0,0.0,0.0,0.0,0.0,0.0,0.0,0.0,0.0,0.0,0.0,0.0,0.0,0.0,1.0,0.0,0.0,0.0,0.0,0.0,0.0,0.0,0.0,0.0,0.0,0.0,0.0,0.0,0.0,0.0,0.0,0.0,0.0,0.0,0.0,0.0,0.0,0.0,0.0,0.0,0.0,0.0,0.0,0.0,0.0,0.0,0.0,0.0,0.0,0.0,0.0,0.0,0.0,0.0,0.0,0.0,0.0,0.0,0.0,0.0,0.0,0.0,0.0,0.0,0.0,0.0,0.0,0.0,0.0,0.0,0.0,0.0,0.0,0.0,0.0,0.0,0.0,0.0,0.0,0.0,0.0,0.0,0.0,0.0,0.0,0.0,0.0,0.0,0.0,0.0,0.0,0.0,0.0,0.0,0.0,0.0,0.0,0.0,0.0,0.0,0.0,0.0,0.0,0.0,0.0,0.0,0.0,0.0,0.0,0.0,0.0,0.0,0.0,0.0,0.0,0.0,0.0,0.0,0.0,0.0,0.0,0.0,0.0,0.0,0.0,0.0,0.0,0.0",6.2,63823.14453125,968043.17578125,8688.4853515625,152412.33251953125,28.10009765625
1791397835.9790967,aggregate_n8_vmnos8_r3:confirmation,5.8,"9.4,6.0,7.2,5.1,6.0,9.0,7.9,8.1,7.9,5.9,8.8,5.9,7.8,7.9,6.8,5.0,4.9,5.9,12.7,5.9,5.9,5.9,9.7,8.2,5.9,2.9,3.9,3.9,4.9,2.9,96.1,66.7,60.6,31.7,4.0,8.0,4.1,4.0,4.0,6.9,8.8,9.7,8.0,8.7,7.8,6.0,8.8,6.9,9.9,7.3,10.8,6.2,12.9,7.9,6.2,5.0,6.9,8.0,6.1,11.8,5.0,4.9,5.9,4.0,3.0,3.9,4.9,3.9,100.0,100.0,100.0,100.0,100.0,100.0,100.0,100.0,0.0,0.0,0.0,0.0,0.0,0.0,0.0,0.0,2.0,0.0,0.0,0.0,0.0,0.0,0.0,0.0,0.0,0.0,0.0,0.0,0.0,0.0,1.0,0.0,0.0,1.0,0.0,0.0,0.0,0.0,0.0,0.0,0.0,0.0,0.0,0.0,0.0,0.0,0.0,0.0,0.0,0.0,0.0,0.0,0.0,0.0,0.0,0.0,0.0,0.0,0.0,0.0,0.0,0.0,0.0,0.0,0.0,0.0,0.0,0.0,0.0,0.0,0.0,0.0,0.0,1.9,0.0,0.0,0.0,0.0,0.0,0.0,0.0,0.0,0.0,0.0,0.0,0.0,0.0,0.0,0.0,0.0,0.0,0.0,0.0,0.0,0.0,0.0,0.0,0.0,0.0,0.0,0.0,0.0,0.0,0.0,0.0,0.0,0.0,0.0,0.0,0.0,0.0,0.0,0.0,0.0,0.0,0.0,0.0,0.0,0.0,0.0,0.0,0.0,0.0,0.0,0.0,0.0,0.0,0.0,0.0,0.0,0.0,0.0,0.0,0.0,0.0,0.0,0.0,0.0,0.0,0.0,0.0,0.0,0.0,0.0,0.0,0.0,0.0,0.0,0.0,0.0,0.0,0.0,0.0,0.0,0.0,0.0,0.0,0.0,0.0,0.0,0.0,0.0,0.0,0.0,0.0,0.0,0.0,0.0,0.0,0.0,0.0,0.0,0.0,0.0,0.0,0.0,0.0,0.0,0.0,0.0,0.0,0.0,0.0,0.0,0.0,0.0,0.0",6.2,63754.42578125,968111.89453125,8688.4853515625,152412.33251953125,28.10009765625
1791397837.0196779,aggregate_n8_vmnos8_r3:confirmation,4.7,"5.9,1.1,2.0,4.0,0.0,2.9,3.0,3.1,1.0,1.0,1.9,1.0,1.0,1.0,0.0,1.0,3.9,1.0,3.0,0.0,0.0,0.0,0.0,0.0,0.0,1.0,0.0,0.0,0.0,2.9,100.0,79.6,42.2,59.8,1.0,2.0,0.0,1.0,2.0,1.0,1.0,4.0,2.0,4.0,2.9,3.0,2.0,6.9,1.0,3.2,2.0,2.0,3.2,2.0,2.0,0.0,2.0,2.1,2.0,1.0,2.9,1.0,0.0,2.0,0.0,1.0,0.0,0.0,99.0,100.0,99.0,100.0,100.0,100.0,100.0,100.0,0.0,0.0,0.0,0.0,0.0,0.0,0.0,0.0,2.1,0.0,0.0,0.0,0.0,0.0,0.0,0.0,0.0,0.0,0.0,0.0,0.0,0.0,0.0,0.0,0.0,0.0,0.0,0.0,0.0,0.0,0.0,0.0,0.0,0.0,0.0,0.0,0.0,0.0,0.0,0.0,0.0,0.0,0.0,0.0,0.0,0.0,0.0,0.0,0.0,0.0,0.0,0.0,0.0,0.0,0.0,0.0,0.0,0.0,0.0,0.0,0.0,0.0,0.0,0.0,0.0,1.0,0.0,0.0,0.0,0.0,0.0,0.0,0.0,0.0,0.0,0.0,0.0,0.0,0.0,0.0,0.0,0.0,0.0,0.0,0.0,0.0,0.0,0.0,0.0,0.0,0.0,0.0,0.0,0.0,0.0,0.0,0.0,0.0,0.0,0.0,0.0,0.0,0.0,0.0,0.0,0.0,0.0,0.0,0.0,0.0,0.0,0.0,0.0,0.0,0.0,0.0,0.0,0.0,0.0,0.0,0.0,0.0,0.0,0.0,0.0,0.0,0.0,0.0,0.0,0.0,0.0,0.0,0.0,0.0,0.0,0.0,0.0,0.0,0.0,0.0,0.0,0.0,0.0,0.0,0.0,0.0,0.0,0.0,0.0,0.0,0.0,0.0,0.0,0.0,0.0,0.0,0.0,0.0,0.0,0.0,0.0,0.0,0.0,0.0,0.0,0.0,0.0,0.0,0.0,0.0,0.0,0.0,0.0,0.0,0.0,0.0,0.0,0.0,0.0",6.2,64332.80078125,967533.51953125,8688.4853515625,152412.33251953125,27.291015625
1791397838.057804,aggregate_n8_vmnos8_r3:confirmation,6.4,"27.4,7.0,7.8,10.6,7.8,6.9,5.2,8.9,7.7,6.8,8.7,9.7,6.7,7.6,5.9,4.0,16.8,6.8,12.5,8.7,5.8,11.4,13.7,7.8,7.7,4.7,3.8,1.9,3.8,4.7,21.2,99.0,46.6,74.5,4.9,14.4,4.9,6.9,9.6,3.0,6.6,6.7,5.7,6.7,5.8,4.8,4.9,3.9,17.5,6.9,7.6,7.1,8.1,5.9,5.8,7.7,4.9,24.3,6.9,17.5,3.9,7.6,7.5,5.8,6.6,4.8,4.8,4.8,100.0,100.0,100.0,100.0,100.0,100.0,100.0,99.0,0.0,0.0,0.0,0.0,0.0,0.0,0.0,0.0,100.0,0.0,0.0,0.0,0.0,0.0,0.0,0.0,0.0,0.0,0.0,0.0,0.0,0.0,1.0,1.9,0.0,1.0,0.0,0.0,0.0,0.0,0.0,0.0,0.0,0.0,0.0,0.0,0.0,0.0,0.0,0.0,0.0,0.0,0.0,0.0,0.0,0.0,0.0,0.0,0.0,0.0,0.0,0.0,0.0,0.0,0.0,0.0,0.0,0.0,0.0,0.0,0.0,0.0,0.0,0.0,0.0,0.0,0.0,0.0,0.0,0.0,0.0,0.0,0.0,0.0,0.0,0.0,0.0,0.0,0.0,0.0,0.0,0.0,0.0,0.0,0.0,0.0,0.0,0.0,0.0,0.0,0.0,0.0,0.0,0.0,0.0,0.0,0.0,0.0,0.0,0.0,0.0,0.0,0.0,0.0,0.9,0.0,0.0,0.0,0.0,0.0,0.0,0.0,0.0,0.0,0.0,0.0,0.0,0.0,0.0,0.0,0.0,0.0,0.0,0.0,0.0,0.0,0.0,0.0,0.0,0.0,0.0,0.0,0.0,0.0,0.0,0.0,0.0,0.0,0.0,0.0,0.0,0.0,0.0,0.0,0.0,0.0,0.0,0.0,0.0,0.0,0.0,0.0,0.0,0.0,0.0,0.0,0.0,0.0,0.0,0.0,0.0,0.0,0.0,0.0,0.0,0.0,0.0,0.0,0.0,0.0,0.0,0.0,0.0,0.0,0.0,0.0,0.0,0.0,0.0",6.2,64041.05078125,967825.26953125,8688.4853515625,152414.20361328125,27.291015625
1791397839.1017632,aggregate_n8_vmnos8_r3:confirmation,6.1,"15.1,11.9,5.9,10.8,8.0,8.0,7.9,6.9,4.9,5.9,6.9,7.8,7.1,5.9,5.0,5.0,5.9,3.0,7.9,4.0,9.9,9.2,3.0,6.0,2.9,1.0,2.9,3.8,2.0,2.0,83.3,65.0,71.8,78.4,4.9,1.0,3.0,5.0,8.7,3.9,3.0,4.0,4.9,2.9,4.9,2.0,6.9,4.9,8.8,8.2,4.9,7.1,9.3,3.0,13.6,2.9,4.9,5.0,4.0,5.8,3.9,2.9,4.9,7.8,2.0,4.9,1.0,1.9,99.0,100.0,100.0,100.0,100.0,100.0,100.0,100.0,0.0,0.0,0.0,0.0,0.0,1.0,0.0,0.0,100.0,0.0,0.0,0.0,0.0,0.0,0.0,0.0,0.0,0.0,0.0,0.0,0.0,0.0,0.0,0.0,0.0,0.0,0.0,0.0,0.0,0.0,0.0,0.0,0.0,0.0,0.0,0.0,0.0,0.0,0.0,0.0,0.0,0.0,0.0,0.0,0.0,0.0,0.0,0.0,0.0,0.0,0.0,0.0,0.0,0.0,0.0,0.0,0.0,0.0,0.0,0.0,0.0,0.0,0.0,0.0,0.0,0.0,0.0,0.0,0.0,0.0,0.0,0.0,0.0,0.0,0.0,0.0,0.0,0.0,0.0,0.0,0.0,0.0,0.0,0.0,0.0,0.0,0.0,0.0,0.0,0.0,0.0,0.0,0.0,0.0,0.0,0.0,0.0,0.0,0.0,0.0,0.0,0.0,0.0,0.0,0.0,0.0,0.0,0.0,0.0,0.0,0.0,0.0,0.0,0.0,0.0,0.0,0.0,0.0,0.0,0.0,0.0,0.0,0.0,0.0,0.0,0.0,0.0,0.0,0.0,0.0,0.0,0.0,0.0,0.0,0.0,0.0,0.0,0.0,0.0,0.0,0.0,0.0,0.0,0.0,0.0,0.0,0.0,0.0,0.0,0.0,0.0,0.0,0.0,0.0,0.0,0.0,0.0,0.0,0.0,0.0,0.0,0.0,0.0,0.0,0.0,0.0,0.0,0.0,0.0,0.0,0.0,0.0,0.0,0.0,0.0,0.0,0.0,0.0,0.0",6.2,63662.16015625,968204.16015625,8688.4853515625,152414.20361328125,27.291015625
1791397840.11587,aggregate_n8_vmnos8_r3:confirmation,4.9,"6.7,1.0,2.0,8.0,2.0,0.0,1.0,0.0,1.0,1.0,1.0,0.0,13.0,0.0,0.0,1.0,0.0,3.0,2.0,2.0,3.0,13.9,2.0,3.1,1.0,1.0,1.0,0.0,0.0,0.0,35.6,63.7,37.4,51.0,1.0,1.0,2.0,5.0,2.0,7.9,0.0,3.0,1.0,1.0,1.0,1.0,0.0,2.9,4.0,3.1,3.0,9.2,7.1,2.0,0.0,2.1,2.0,4.0,0.0,1.0,2.0,1.0,1.0,0.0,0.0,6.9,0.0,1.0,100.0,100.0,100.0,100.0,100.0,100.0,100.0,100.0,0.0,0.0,0.0,0.0,0.0,0.0,0.0,0.0,100.0,0.0,0.0,0.0,0.0,0.0,0.0,0.0,0.0,0.0,0.0,0.0,0.0,0.0,1.0,1.0,0.0,2.0,0.0,0.0,0.0,0.0,0.0,0.0,0.0,0.0,0.0,0.0,0.0,0.0,0.0,0.0,0.0,0.0,0.0,0.0,0.0,0.0,0.0,0.0,0.0,0.0,0.0,0.0,0.0,0.0,0.0,0.0,0.0,0.0,0.0,0.0,0.0,0.0,0.0,0.0,0.0,0.0,0.0,0.0,0.0,0.0,0.0,0.0,0.0,0.0,0.0,0.0,0.0,0.0,0.0,0.0,0.0,0.0,0.0,0.0,0.0,0.0,0.0,0.0,0.0,0.0,0.0,0.0,0.0,0.0,0.0,0.0,0.0,0.0,0.0,0.0,0.0,0.0,0.0,0.0,0.0,0.0,0.0,0.0,0.0,0.0,0.0,0.0,0.0,0.0,0.0,0.0,0.0,0.0,0.0,0.0,0.0,0.0,0.0,0.0,0.0,0.0,0.0,0.0,0.0,0.0,0.0,0.0,0.0,0.0,0.0,0.0,0.0,0.0,0.0,0.0,0.0,0.0,0.0,0.0,0.0,0.0,0.0,0.0,0.0,0.0,0.0,0.0,0.0,0.0,0.0,0.0,0.0,0.0,0.0,0.0,0.0,0.0,0.0,0.0,0.0,0.0,0.0,0.0,0.0,0.0,0.0,0.0,0.0,0.0,0.0,0.0,0.0,0.0,0.0",6.1,63445.71875,968420.6015625,8688.4853515625,152414.20361328125,27.291015625
1791397841.1381967,aggregate_n8_vmnos8_r3:confirmation,5.6,"11.4,8.9,5.1,8.0,10.1,5.0,6.9,10.0,5.0,4.0,4.9,3.0,6.8,5.0,4.9,5.0,3.0,4.0,11.8,5.0,10.1,14.9,13.0,9.3,5.0,4.9,2.0,4.9,6.9,5.9,63.7,11.9,75.0,55.4,5.0,2.0,5.1,3.1,4.0,3.0,6.0,7.9,8.1,7.8,6.9,5.9,13.9,8.2,3.0,9.2,5.0,10.3,9.4,6.1,4.0,6.5,8.9,6.9,7.0,11.0,7.3,9.1,4.0,5.9,3.0,3.9,2.9,2.0,100.0,100.0,100.0,100.0,99.0,100.0,100.0,100.0,0.0,0.0,0.0,0.0,0.0,2.1,0.0,0.0,10.4,0.0,0.0,0.0,0.0,0.0,0.0,0.0,0.0,0.0,0.0,0.0,0.0,0.0,0.0,1.0,0.0,0.0,0.0,0.0,0.0,0.0,0.0,0.0,0.0,0.0,0.0,0.0,0.0,0.0,0.0,0.0,0.0,0.0,0.0,0.0,0.0,0.0,0.0,0.0,0.0,0.0,0.0,0.0,0.0,0.0,0.0,0.0,0.0,0.0,0.0,0.0,0.0,0.0,0.0,0.0,0.0,0.0,0.0,0.0,0.0,0.0,0.0,0.0,0.0,0.0,0.0,0.0,0.0,0.0,0.0,0.0,0.0,0.0,0.0,0.0,0.0,0.0,0.0,0.0,0.0,0.0,0.0,0.0,0.0,0.0,0.0,0.0,0.0,0.0,0.0,0.0,0.0,0.0,0.0,0.0,0.0,0.0,0.0,0.0,0.0,0.0,0.0,0.0,0.0,0.0,0.0,0.0,0.0,0.0,0.0,0.0,0.0,0.0,0.0,0.0,0.0,0.0,0.0,0.0,0.0,0.0,0.0,0.0,0.0,0.0,0.0,0.0,0.0,0.0,0.0,0.0,0.0,0.0,0.0,0.0,0.0,0.0,0.0,0.0,0.0,0.0,0.0,0.0,0.0,0.0,0.0,0.0,0.0,0.0,0.0,0.0,0.0,0.0,0.0,0.0,0.0,0.0,0.0,0.0,0.0,0.0,0.0,0.0,0.0,0.0,0.0,0.0,0.0,0.0,0.0",6.1,63456.07421875,968410.24609375,8688.4853515625,152414.20361328125,31.19189453125
1791397842.1607335,aggregate_n8_vmnos8_r3:confirmation,4.2,"2.4,4.0,1.0,2.0,2.0,2.9,1.0,3.0,0.0,2.0,0.0,10.2,0.0,1.9,1.0,0.0,1.0,1.0,1.0,1.0,3.0,1.9,5.0,2.0,0.0,0.0,0.0,0.0,0.0,0.0,100.0,0.0,48.5,11.9,3.0,4.0,2.0,2.0,2.1,2.9,0.0,1.0,1.0,0.0,0.0,0.0,0.0,2.0,4.0,7.6,3.1,2.0,8.3,1.0,0.0,1.0,3.0,1.0,0.0,1.0,2.0,0.0,1.0,1.0,1.9,0.0,0.0,1.0,100.0,100.0,100.0,99.0,100.0,99.0,99.0,100.0,0.0,0.0,0.0,0.0,0.0,1.0,0.0,0.0,0.0,0.0,0.0,0.0,0.0,0.0,0.0,0.0,0.0,0.0,0.0,0.0,1.0,0.0,0.0,0.0,0.0,0.0,0.0,0.0,0.0,0.0,0.0,0.0,0.0,0.0,0.0,0.0,0.0,0.0,0.0,0.0,0.0,0.0,0.0,0.0,0.0,0.0,0.0,0.0,0.0,0.0,0.0,0.0,0.0,0.0,0.0,0.0,0.0,0.0,0.0,0.0,0.0,0.0,0.0,0.0,0.0,2.1,0.0,0.0,0.0,0.0,0.0,0.0,0.0,0.0,0.0,0.0,0.0,0.0,0.0,0.0,0.0,0.0,0.0,0.0,0.0,0.0,0.0,0.0,0.0,0.0,0.0,0.0,0.0,0.0,0.0,0.0,0.0,0.0,0.0,0.0,0.0,0.0,0.0,0.0,0.0,0.0,0.0,0.0,0.0,0.0,0.0,0.0,0.0,0.0,0.0,0.0,0.0,0.0,0.0,0.0,0.0,0.0,0.0,0.0,0.0,0.0,0.0,0.0,0.0,0.0,0.0,0.0,0.0,0.0,0.0,0.0,0.0,0.0,0.0,0.0,0.0,0.0,0.0,0.0,0.0,0.0,0.0,0.0,0.0,0.0,0.0,0.0,0.0,0.0,0.0,0.0,0.0,0.0,0.0,0.0,0.0,0.0,0.0,0.0,0.0,0.0,0.0,0.0,0.0,0.0,0.0,0.0,0.0,0.0,0.0,0.0,0.0,0.0,0.0",6.2,63592.1484375,968274.171875,8688.4853515625,152414.20361328125,31.19189453125
1791397843.182993,aggregate_n8_vmnos8_r3:confirmation,5.7,"16.3,13.4,7.1,8.8,9.0,7.1,3.1,22.0,7.9,5.2,9.2,10.2,4.0,10.2,8.2,7.0,5.0,6.0,5.1,4.0,6.1,4.1,4.0,7.2,2.0,3.9,3.9,2.0,4.0,3.0,84.2,19.6,57.0,52.5,2.0,2.0,4.0,4.0,6.0,5.1,5.1,10.0,7.0,10.0,8.1,6.0,11.0,5.1,8.9,16.1,11.2,9.4,9.6,5.2,5.9,5.1,8.9,5.1,7.0,5.0,7.8,7.1,5.0,6.9,5.0,4.0,4.0,3.9,100.0,100.0,100.0,100.0,100.0,100.0,99.0,99.0,0.0,0.0,0.0,0.0,0.0,1.0,0.0,0.0,0.0,0.0,0.0,0.0,0.0,0.0,0.0,0.0,0.0,0.0,0.0,0.0,0.0,0.0,1.0,1.0,0.0,1.0,0.0,0.0,0.0,0.0,0.0,0.0,0.0,0.0,0.0,0.0,0.0,0.0,0.0,0.0,0.0,0.0,0.0,0.0,0.0,0.0,0.0,0.0,0.0,0.0,0.0,0.0,0.0,0.0,0.0,0.0,0.0,0.0,0.0,0.0,0.0,0.0,0.0,0.0,0.0,0.0,0.0,0.0,0.0,0.0,0.0,0.0,0.0,0.0,0.0,0.0,0.0,0.0,0.0,0.0,0.0,0.0,0.0,0.0,0.0,0.0,0.0,0.0,0.0,0.0,0.0,0.0,0.0,0.0,0.0,0.0,0.0,0.0,0.0,0.0,0.0,0.0,0.0,0.0,0.0,0.0,0.0,0.0,0.0,0.0,0.0,0.0,0.0,0.0,0.0,0.0,0.0,0.0,0.0,0.0,0.0,0.0,0.0,0.0,0.0,0.0,0.0,0.0,0.0,0.0,0.0,0.0,0.0,0.0,0.0,0.0,0.0,0.0,0.0,0.0,0.0,0.0,0.0,0.0,0.0,0.0,0.0,0.0,0.0,0.0,0.0,0.0,0.0,0.0,0.0,0.0,0.0,0.0,0.0,0.0,0.0,0.0,0.0,0.0,0.0,0.0,0.0,0.0,0.0,0.0,0.0,0.0,0.0,0.0,0.0,0.0,0.0,0.0,0.0",6.1,63271.43359375,968594.88671875,8688.4853515625,152415.98095703125,31.19189453125
1791397844.1934998,aggregate_n8_vmnos8_r3:confirmation,4.1,"4.7,1.0,1.0,1.0,1.0,3.0,1.0,0.0,0.0,0.0,0.0,4.0,0.0,2.0,1.0,1.0,3.0,1.0,3.0,0.0,2.0,0.0,1.0,0.0,1.0,0.0,0.0,0.0,2.0,0.0,51.5,27.7,72.4,9.0,1.0,5.0,2.0,2.0,2.0,2.0,2.0,2.0,1.0,0.0,0.0,1.0,1.0,1.0,3.0,2.2,4.1,3.0,2.1,2.0,0.0,0.0,2.0,2.0,0.0,1.0,0.0,0.0,0.0,0.0,0.0,0.0,0.0,0.0,100.0,100.0,99.0,100.0,100.0,100.0,100.0,99.0,0.0,0.0,0.0,0.0,0.0,1.0,1.0,0.0,1.0,0.0,0.0,0.0,0.0,0.0,0.0,0.0,0.0,0.0,0.0,0.0,0.0,0.0,0.0,0.0,0.0,0.0,0.0,0.0,0.0,0.0,0.0,0.0,0.0,0.0,0.0,0.0,0.0,0.0,0.0,0.0,0.0,0.0,0.0,0.0,0.0,0.0,0.0,0.0,0.0,0.0,0.0,0.0,0.0,0.0,0.0,0.0,0.0,0.0,0.0,0.0,0.0,0.0,0.0,0.0,0.0,0.0,0.0,0.0,0.0,0.0,0.0,0.0,0.0,0.0,0.0,0.0,0.0,0.0,0.0,0.0,0.0,0.0,0.0,0.0,0.0,1.0,0.0,0.0,0.0,0.0,0.0,0.0,0.0,0.0,0.0,0.0,0.0,0.0,0.0,0.0,0.0,0.0,0.0,0.0,0.0,0.0,0.0,0.0,0.0,0.0,0.0,0.0,0.0,0.0,0.0,0.0,0.0,0.0,0.0,0.0,0.0,0.0,0.0,0.0,0.0,0.0,0.0,0.0,0.0,0.0,0.0,0.0,0.0,0.0,0.0,0.0,0.0,0.0,0.0,0.0,0.0,0.0,0.0,0.0,0.0,0.0,0.0,0.0,0.0,0.0,0.0,0.0,0.0,0.0,0.0,0.0,0.0,0.0,0.0,0.0,0.0,0.0,0.0,0.0,0.0,0.0,0.0,0.0,0.0,0.0,0.0,0.0,0.0,0.0,0.0,0.0,0.0,0.0,0.0",6.1,63370.9765625,968495.34375,8688.4853515625,152415.98095703125,31.19189453125
1791397845.207661,aggregate_n8_vmnos8_r3:confirmation,5.6,"13.3,11.3,8.3,3.1,4.0,8.0,6.9,5.1,3.1,5.0,4.0,7.1,3.0,5.1,5.1,4.0,11.0,17.2,8.1,7.0,9.1,9.1,5.1,5.3,4.1,3.0,5.1,4.0,7.1,7.8,47.0,76.0,71.0,1.0,3.0,6.1,7.2,5.1,5.0,3.1,9.3,6.0,7.8,4.0,7.9,8.0,3.0,11.9,8.0,7.4,8.3,14.9,9.3,12.6,6.1,5.0,8.1,14.3,6.1,6.1,5.1,8.2,7.0,6.9,4.0,2.0,4.0,4.0,99.0,99.0,100.0,100.0,100.0,100.0,100.0,100.0,0.0,0.0,0.0,0.0,0.0,1.0,0.0,0.0,1.0,0.0,0.0,0.0,0.0,0.0,0.0,0.0,0.0,0.0,0.0,0.0,0.0,0.0,0.0,0.0,0.0,0.0,0.0,0.0,0.0,0.0,0.0,0.0,0.0,0.0,0.0,0.0,0.0,0.0,0.0,0.0,0.0,0.0,0.0,0.0,0.0,0.0,0.0,0.0,0.0,0.0,0.0,0.0,0.0,0.0,0.0,0.0,0.0,0.0,0.0,0.0,0.0,0.0,0.0,0.0,0.0,0.0,0.0,0.0,0.0,0.0,0.0,0.0,0.0,0.0,0.0,0.0,0.0,0.0,0.0,0.0,0.0,0.0,0.0,0.0,0.0,0.0,0.0,0.0,0.0,0.0,0.0,0.0,0.0,0.0,0.0,0.0,0.0,0.0,0.0,0.0,0.0,0.0,0.0,0.0,0.0,0.0,0.0,0.0,0.0,0.0,0.0,0.0,0.0,0.0,0.0,0.0,0.0,0.0,0.0,0.0,0.0,0.0,0.0,0.0,0.0,0.0,0.0,0.0,0.0,0.0,0.0,0.0,0.0,0.0,0.0,0.0,0.0,0.0,0.0,0.0,0.0,0.0,0.0,0.0,0.0,0.0,0.0,0.0,0.0,0.0,0.0,0.0,0.0,0.0,0.0,0.0,0.0,0.0,0.0,0.0,0.0,0.0,0.0,0.0,0.0,0.0,0.0,0.0,0.0,0.0,0.0,0.0,0.0,0.0,0.0,0.0,0.0,0.0,0.0",6.2,63642.91015625,968223.41015625,8688.4853515625,152415.98095703125,31.19189453125
1791397846.2215002,individual_n8_vmnos8_r4:submission,6.0,"4.3,15.8,11.0,33.7,6.9,3.9,2.0,28.2,9.6,5.8,4.8,11.8,4.8,3.0,13.5,16.5,5.9,6.8,5.7,8.7,4.9,4.0,7.8,5.8,2.9,5.8,11.4,5.8,12.4,2.9,86.4,14.6,99.1,82.7,7.7,5.8,5.8,4.9,9.1,7.8,5.9,10.5,7.7,18.6,8.7,11.5,9.6,12.7,9.6,6.2,3.9,3.0,9.2,10.0,6.7,6.9,8.6,11.7,6.5,10.6,6.7,10.2,5.7,19.2,1.9,4.9,2.9,4.9,100.0,100.0,98.1,100.0,99.1,100.0,100.0,99.0,0.0,0.0,0.0,0.0,0.0,0.0,0.0,0.0,1.0,0.0,0.0,0.0,0.0,0.0,0.0,0.0,0.0,0.0,0.0,0.0,0.0,0.0,0.0,0.0,0.0,0.0,0.0,0.0,0.0,0.0,0.0,0.0,0.0,0.0,0.0,0.0,0.0,0.0,0.0,0.0,0.0,0.0,0.0,0.0,0.0,0.0,0.0,0.0,0.0,0.0,0.0,0.0,0.0,0.0,0.0,0.0,0.0,0.0,0.0,0.0,0.0,0.0,0.0,0.0,0.0,1.0,0.0,0.0,0.0,0.0,0.0,0.0,0.0,0.0,0.0,0.0,0.0,0.0,0.0,0.0,0.0,0.0,0.0,0.0,0.0,0.0,0.0,0.0,0.0,0.0,0.0,0.0,0.0,0.0,0.0,0.0,0.0,0.0,0.0,0.0,0.0,0.0,0.0,0.0,0.0,0.0,0.0,0.0,0.0,0.0,0.0,0.0,0.0,0.0,0.0,0.0,0.0,0.0,0.0,0.0,0.0,0.0,0.0,0.0,0.0,0.0,0.0,0.0,0.0,0.0,0.0,0.0,0.0,0.0,0.0,0.0,0.0,0.0,0.0,0.0,0.0,0.0,0.0,0.0,0.0,0.0,0.0,0.0,0.0,0.0,0.0,0.0,0.0,0.0,0.0,0.0,0.0,0.0,0.0,0.0,0.0,0.0,0.0,0.0,0.0,0.0,0.0,0.0,0.0,0.0,0.0,0.0,0.0,0.0,0.0,0.0,0.0,0.0,0.0",6.2,63630.625,968235.6953125,8688.4853515625,152415.98095703125,30.21533203125
1791397847.3432965,individual_n8_vmnos8_r4:confirmation,10.0,"25.5,38.5,28.6,13.9,16.7,21.6,17.3,30.8,17.5,23.3,20.2,16.8,20.8,26.7,23.1,13.7,27.6,13.5,26.9,25.2,23.1,19.2,20.4,17.8,26.6,13.5,39.3,16.0,41.7,34.6,86.2,34.6,90.7,64.8,14.4,16.7,17.0,28.3,17.4,12.6,19.8,25.0,18.4,30.2,35.2,22.5,15.5,30.8,18.4,13.7,16.2,40.0,19.8,21.0,23.1,16.3,18.4,26.2,16.5,25.9,22.5,15.4,16.5,29.1,19.2,22.6,29.2,17.8,100.0,100.0,100.0,100.0,100.0,100.0,100.0,99.1,0.0,0.0,0.0,0.0,0.0,0.0,0.0,0.0,0.9,0.0,0.0,0.0,0.0,0.0,0.0,0.0,0.0,0.0,0.0,0.0,0.0,0.0,0.0,0.0,0.0,0.0,0.0,0.0,0.0,0.0,0.0,0.0,0.0,0.0,0.0,0.0,0.0,0.0,0.0,0.0,0.0,0.0,0.0,0.0,0.0,0.0,0.0,0.0,0.0,0.0,0.0,0.0,0.0,0.0,0.0,0.0,0.0,0.0,0.0,0.0,0.0,0.0,0.0,0.0,0.0,0.9,0.0,0.0,0.0,0.0,0.0,0.0,0.0,0.0,0.0,0.0,0.0,0.0,0.0,0.0,0.0,0.0,0.0,0.0,0.0,0.0,0.0,0.0,0.0,0.0,0.0,0.0,0.0,0.0,0.0,0.0,0.0,0.0,0.0,0.0,0.0,0.0,0.0,0.0,0.0,0.0,0.0,0.0,0.0,0.0,0.0,0.0,0.0,0.0,0.0,0.0,0.0,0.0,0.0,0.0,0.0,0.0,0.0,0.0,0.0,0.0,0.0,0.0,0.0,0.0,0.0,0.0,0.0,0.0,0.0,0.0,0.0,0.0,0.0,0.0,0.0,0.0,0.0,0.0,0.0,0.0,0.0,0.0,0.0,0.0,0.0,0.0,0.0,0.0,0.0,0.0,0.0,0.0,0.0,0.0,0.0,0.0,0.0,0.0,0.0,0.0,0.0,0.0,0.0,0.0,0.0,0.0,0.0,0.0,0.0,0.0,0.0,0.0,0.0",6.2,64353.375,967512.9453125,8688.4853515625,152415.98095703125,30.21533203125
1791397848.358286,individual_n8_vmnos8_r4:confirmation,5.2,"7.7,5.0,8.0,4.0,5.8,4.0,10.2,5.9,0.9,3.8,1.9,4.8,1.0,5.7,1.9,2.9,1.9,2.1,1.9,5.0,5.7,3.8,4.9,3.8,1.9,1.9,1.9,2.9,1.0,0.0,88.9,45.8,62.9,79.2,1.0,5.7,3.8,4.6,1.9,3.8,2.9,5.9,5.9,6.1,8.1,3.9,3.9,5.0,1.9,1.0,3.0,9.0,5.0,1.9,3.8,2.9,1.0,2.9,6.7,4.9,4.7,3.7,1.9,3.8,1.0,0.0,0.9,1.9,100.0,100.0,100.0,99.1,100.0,100.0,100.0,100.0,0.0,0.0,0.0,0.0,0.0,0.0,0.0,0.0,0.0,0.0,0.0,0.0,0.0,0.0,0.0,0.0,0.0,0.0,0.0,0.0,0.0,0.0,6.5,4.7,2.8,5.6,0.0,0.0,0.0,0.0,0.0,0.0,0.0,0.0,0.0,0.0,0.0,0.0,0.0,0.0,0.0,0.0,0.0,0.0,0.0,0.0,0.0,0.0,0.0,0.0,0.0,0.0,0.0,0.0,0.0,0.0,0.0,0.0,0.0,0.0,0.0,0.0,0.0,0.0,0.0,1.9,0.0,0.0,0.0,0.0,0.0,0.0,0.0,0.0,0.0,0.0,0.0,0.0,0.0,0.0,0.0,0.0,0.0,0.0,0.0,0.0,0.0,0.0,0.0,0.0,0.0,0.0,0.0,0.0,0.0,0.0,0.0,0.0,0.0,0.0,0.0,0.0,0.0,0.0,0.0,0.0,0.0,0.0,0.0,0.0,0.0,0.0,0.0,0.0,0.0,0.0,0.0,0.0,0.0,0.0,0.0,0.0,0.0,0.0,0.0,0.0,0.0,0.0,0.0,0.0,0.0,0.0,0.0,0.0,0.0,0.0,0.0,0.0,0.0,0.0,0.0,0.0,0.0,0.0,0.0,0.0,0.0,0.0,0.0,0.0,0.0,0.0,0.0,0.0,0.0,0.0,0.0,0.0,0.0,0.0,0.0,0.0,0.0,0.0,0.0,0.0,0.0,0.0,0.0,0.0,0.0,0.0,0.0,0.0,0.0,0.0,0.0,0.0,0.0",6.2,63974.375,967891.9453125,8688.4853515625,152418.16064453125,30.21533203125
1791397849.4605756,individual_n8_vmnos8_r4:confirmation,6.6,"12.0,15.5,10.7,6.7,4.9,8.8,7.7,9.7,4.7,6.7,4.8,17.8,19.8,10.8,19.4,10.5,16.2,13.9,6.8,11.2,6.9,11.2,7.8,8.7,1.9,15.1,10.4,5.6,11.1,5.6,61.7,42.5,66.4,54.7,6.6,5.6,4.8,3.8,5.8,6.6,4.8,13.2,6.5,10.7,8.9,11.5,3.9,23.6,3.8,7.0,17.0,20.4,20.8,9.7,14.0,13.5,5.8,6.7,16.3,8.7,6.7,11.5,14.4,16.0,4.8,7.3,4.7,10.2,100.0,100.0,100.0,100.0,100.0,100.0,100.0,99.1,0.0,0.0,0.0,0.0,0.0,0.0,0.0,0.0,0.0,0.0,0.0,0.0,0.0,0.0,0.0,0.0,0.0,0.0,0.0,0.0,0.0,0.0,20.4,15.1,0.0,3.7,0.0,0.0,0.0,0.0,0.0,0.0,0.0,0.0,0.0,0.0,0.0,0.0,0.0,0.0,0.0,0.0,0.0,0.0,0.0,0.0,0.0,0.0,0.0,0.0,0.0,0.0,0.0,0.0,0.0,0.0,0.0,0.0,0.0,0.0,0.0,0.0,0.0,0.0,0.0,0.0,0.0,0.0,0.0,0.0,0.0,0.0,0.0,0.0,0.0,0.0,0.0,0.0,0.0,0.0,0.0,0.0,0.0,0.0,0.0,0.0,0.0,0.0,0.0,0.0,0.0,0.0,0.0,0.0,0.0,0.0,0.0,0.0,0.0,0.0,0.0,0.0,0.0,0.0,0.0,0.0,0.0,0.0,0.0,0.0,0.0,0.0,0.0,0.0,0.0,0.0,0.0,0.0,0.0,0.0,0.0,0.0,0.0,0.0,0.0,0.0,0.0,0.0,0.0,0.0,0.0,0.0,0.0,0.0,0.0,0.0,0.0,0.0,0.0,0.0,0.0,0.0,0.0,0.0,0.0,0.0,0.0,0.0,0.0,0.0,0.0,0.0,0.0,0.0,0.0,0.0,0.0,0.0,0.0,0.0,0.0,0.0,0.0,0.0,0.0,0.0,0.0,0.0,0.0,0.0,0.0,0.0,0.0,0.0,0.0,0.0,0.0,0.0,0.0",6.2,63867.28125,967999.0390625,8688.4853515625,152418.16064453125,30.21533203125
1791397850.6820498,individual_n8_vmnos8_r4:confirmation,4.8,"8.9,6.3,3.5,5.2,4.5,5.4,5.3,3.6,0.8,1.8,0.9,5.3,0.0,0.0,1.7,4.4,3.5,0.9,2.6,2.7,3.6,6.2,5.1,2.8,0.0,3.4,2.5,5.1,2.6,2.6,79.3,56.3,61.0,14.7,4.5,3.5,2.6,4.4,4.4,5.4,2.7,4.4,3.4,4.4,3.6,0.9,8.0,6.4,2.7,4.5,2.6,3.5,3.6,1.8,1.7,2.6,0.0,1.7,1.7,0.9,1.7,5.2,0.9,5.3,0.0,0.8,0.0,0.0,100.0,100.0,99.2,100.0,100.0,100.0,100.0,100.0,0.0,0.0,0.0,0.0,0.0,0.0,0.0,0.0,0.0,0.0,0.0,0.0,0.0,0.0,0.0,0.0,0.0,0.0,0.0,0.0,0.0,0.0,8.5,0.0,0.0,0.0,0.0,0.0,0.0,0.0,0.0,0.0,0.0,0.0,0.0,0.0,0.0,0.0,0.0,0.0,0.0,0.0,0.0,0.0,0.0,0.0,0.0,0.0,0.0,0.0,0.0,0.0,0.0,0.0,0.0,0.0,0.0,0.0,0.0,0.0,0.0,0.0,0.0,0.0,0.0,0.0,0.0,0.0,0.0,0.0,0.0,0.0,0.0,0.0,0.0,0.0,0.0,0.0,0.0,0.0,0.0,0.0,0.0,0.0,0.0,0.0,0.0,0.0,0.0,0.0,0.0,0.0,0.0,0.0,0.0,0.0,0.0,0.0,0.0,0.0,0.0,0.0,0.0,0.0,1.7,0.0,0.0,0.0,0.0,0.0,0.0,0.0,0.0,0.0,0.0,0.0,0.0,0.0,0.0,0.0,0.0,0.0,0.0,0.0,0.0,0.0,0.0,0.0,0.0,0.0,0.0,0.0,0.0,0.0,0.0,0.0,0.0,0.0,0.0,0.0,0.0,0.0,0.0,0.0,0.0,0.0,0.0,0.0,0.0,0.0,0.0,0.0,0.0,0.0,0.0,0.0,0.0,0.0,0.0,0.0,0.0,0.0,0.0,0.0,0.0,0.0,0.0,0.0,0.0,0.0,0.0,0.0,0.0,0.0,0.0,0.0,0.0,0.0,0.0",6.2,64265.83984375,967600.48046875,8688.4853515625,152418.16064453125,30.21533203125
1791397851.7301984,individual_n8_vmnos8_r4:confirmation,6.6,"12.4,7.4,4.7,7.3,10.3,9.3,1.9,19.3,10.0,11.9,7.4,4.6,12.6,9.9,8.2,45.9,9.3,10.1,4.6,3.6,6.5,11.4,12.4,15.9,8.8,6.3,5.4,6.4,4.5,4.5,74.8,77.5,0.0,44.5,8.2,9.0,5.6,3.7,7.1,11.4,5.5,12.0,7.7,6.7,31.4,5.6,7.6,14.3,9.2,7.6,14.8,7.4,15.7,17.4,9.1,10.4,10.9,2.7,8.3,40.7,6.5,28.7,9.2,4.5,7.1,6.3,6.2,11.7,99.1,100.0,100.0,100.0,100.0,100.0,100.0,99.1,0.0,0.0,0.0,0.0,0.0,0.0,0.0,0.0,0.0,0.0,0.0,0.0,0.0,0.0,0.0,0.0,0.0,0.0,0.0,0.0,0.0,0.0,0.0,0.0,0.0,0.0,0.0,0.0,0.0,0.0,0.0,0.0,0.0,0.0,0.0,0.0,0.0,0.0,0.0,0.0,0.0,0.0,0.0,0.0,0.0,0.0,0.0,0.0,0.0,0.0,0.0,0.0,0.0,0.0,0.0,0.0,0.0,0.0,0.0,0.0,0.0,0.0,0.0,0.0,0.0,0.0,0.0,0.0,0.0,0.0,0.0,0.0,0.0,0.0,0.0,0.0,0.0,0.0,0.0,0.0,0.0,0.0,0.0,0.0,0.0,0.0,0.0,0.0,0.0,0.0,0.0,0.0,0.0,0.0,0.0,0.0,0.0,0.0,0.0,0.0,0.0,0.0,0.0,0.9,0.0,0.0,0.0,0.0,0.0,0.0,0.0,0.0,0.0,0.0,0.0,0.0,0.0,0.0,0.0,0.0,0.0,0.0,0.0,0.0,0.0,0.0,0.0,0.0,0.0,0.0,0.0,0.0,0.0,0.0,0.0,0.0,0.0,0.0,0.0,0.0,0.0,0.0,0.0,0.0,0.0,0.0,0.0,0.0,0.0,0.0,0.0,0.0,0.0,0.0,0.0,0.0,0.0,0.0,0.0,0.0,0.0,0.0,0.0,0.0,0.0,0.0,0.0,0.0,0.0,0.0,0.0,0.0,0.0,0.0,0.0,0.0,0.0,0.0,0.0",6.2,64101.8671875,967764.453125,8688.4853515625,152418.16064453125,29.39697265625
1791397852.9165232,individual_n8_vmnos8_r4:confirmation,4.8,"3.9,1.7,0.0,1.7,0.8,5.7,0.8,4.3,1.7,2.5,1.7,3.3,0.0,0.0,0.0,1.7,2.5,1.7,3.3,1.7,4.1,3.3,3.4,3.4,0.0,0.8,0.8,0.0,0.0,3.3,84.6,83.6,28.1,23.8,3.4,4.2,6.5,3.4,0.8,5.1,12.9,5.1,5.0,5.0,3.4,1.7,3.4,3.4,4.3,2.6,0.9,7.8,5.2,1.7,1.7,5.0,4.3,1.7,3.4,3.3,5.9,8.3,0.8,3.3,0.0,0.0,0.0,0.0,100.0,100.0,100.0,99.2,100.0,99.2,100.0,99.2,0.0,0.0,0.0,0.0,0.0,1.7,0.0,0.0,1.7,0.0,0.0,0.0,0.0,0.0,0.0,0.0,0.0,0.0,0.0,0.0,0.0,0.0,13.0,4.8,4.1,4.0,0.0,0.0,0.0,0.0,0.0,0.0,0.0,0.0,0.0,0.0,0.0,0.0,0.0,0.0,0.0,0.0,0.0,0.0,0.0,0.0,0.0,0.0,0.0,0.0,0.0,0.0,0.0,0.0,0.0,0.0,0.0,0.0,0.0,0.0,0.0,0.0,0.0,0.0,0.0,0.0,0.0,0.0,0.0,0.0,0.0,0.0,0.0,0.0,0.0,0.0,0.0,0.0,0.0,0.0,0.0,0.0,0.0,0.0,0.0,0.0,0.0,0.0,0.0,0.0,0.0,0.0,0.0,0.0,0.0,0.0,0.0,0.0,0.0,0.0,0.0,0.0,0.0,0.0,0.0,0.0,0.0,0.0,0.0,0.0,0.0,0.0,0.0,0.0,0.0,0.0,0.0,0.0,0.0,0.0,0.0,0.0,0.0,0.0,0.0,0.0,0.0,0.0,0.0,0.0,0.0,0.0,0.0,0.0,0.0,0.0,0.0,0.0,0.0,0.0,0.0,0.0,0.0,0.0,0.0,0.0,0.0,0.0,0.0,0.0,0.0,0.0,0.0,0.0,0.0,0.0,0.0,0.0,0.0,0.0,0.0,0.0,0.0,0.0,0.0,0.0,0.0,0.0,0.0,0.0,0.0,0.0,0.0,0.0,0.0,0.0,0.0,0.0,0.0",6.2,63725.1328125,968141.1875,8688.4853515625,152418.16064453125,29.39697265625
1791397854.1003487,individual_n8_vmnos8_r4:confirmation,6.7,"10.9,11.1,8.7,9.7,6.7,8.7,5.8,6.5,15.5,6.5,11.0,11.1,6.7,11.2,4.9,11.8,6.9,10.5,17.6,6.9,11.2,15.4,14.2,10.0,10.3,3.7,4.7,1.9,7.3,2.8,76.9,89.0,0.9,99.1,12.3,5.7,8.5,11.3,5.6,16.2,30.2,9.5,9.5,5.8,7.5,5.8,3.8,9.6,13.0,12.6,14.6,15.2,14.7,8.7,15.5,12.3,11.7,15.2,8.5,6.7,10.8,19.6,20.4,18.3,5.7,10.3,7.5,12.1,100.0,100.0,99.1,100.0,100.0,100.0,100.0,100.0,0.0,0.0,0.0,0.0,0.0,1.9,0.0,0.0,1.0,0.0,0.0,0.0,0.0,0.0,0.0,0.0,0.0,0.0,0.0,0.0,0.0,0.0,0.9,0.9,1.8,1.8,0.0,0.0,0.0,0.0,0.0,0.0,0.0,0.0,0.0,0.0,0.0,0.0,0.0,0.0,0.0,0.0,0.0,0.0,0.0,0.0,0.0,0.0,0.0,0.0,0.0,0.0,0.0,0.0,0.0,0.0,0.0,0.0,0.0,0.0,0.0,0.0,0.0,0.0,0.0,3.8,0.0,0.0,0.0,0.0,0.0,0.0,0.0,0.0,0.0,0.0,0.0,0.0,0.0,0.0,0.0,0.0,0.0,0.0,0.0,0.0,0.0,0.0,0.0,0.0,0.0,0.0,0.0,0.0,0.0,0.0,0.0,0.0,0.0,0.0,0.0,0.0,0.0,0.0,0.0,0.0,0.0,0.0,0.0,0.0,0.0,0.0,0.0,0.0,0.0,0.0,0.0,0.0,0.0,0.0,0.0,0.0,0.0,0.0,0.0,0.0,0.0,0.0,0.0,0.0,0.0,0.0,0.0,0.0,0.0,0.0,0.0,0.0,0.0,0.0,0.0,0.0,0.0,0.0,0.0,0.0,0.0,0.0,0.0,0.0,0.0,0.0,0.0,0.0,0.0,0.0,0.0,0.0,0.0,0.0,0.0,0.0,0.0,0.0,0.0,0.0,0.0,0.0,0.0,0.0,0.0,0.0,0.0,0.0,0.0,0.0,0.0,0.0,0.0",6.2,64105.25390625,967761.06640625,8688.4853515625,152420.18408203125,29.39697265625
1791397855.5032628,individual_n8_vmnos8_r4:confirmation,5.8,"8.0,14.9,7.3,14.8,6.3,4.4,3.6,5.0,11.4,5.8,2.8,5.5,6.3,1.4,4.2,20.6,5.2,7.2,9.1,8.0,3.6,10.7,8.9,14.7,7.6,1.4,1.4,3.4,2.1,2.1,71.7,60.1,8.3,64.1,7.0,7.0,4.3,7.7,8.3,11.2,6.6,8.6,18.9,12.1,11.1,3.6,7.7,5.0,12.6,5.1,9.0,5.1,12.2,12.3,4.4,4.3,3.5,10.9,6.4,5.1,4.2,13.5,10.7,6.6,18.8,5.5,3.4,5.5,99.3,100.0,100.0,100.0,100.0,100.0,98.6,100.0,0.0,0.0,0.0,0.0,0.0,0.0,0.0,0.0,0.0,0.0,0.0,0.0,0.0,0.0,0.0,0.0,0.0,0.0,0.0,0.0,0.0,0.0,1.4,1.4,0.7,0.7,0.0,0.0,0.0,0.0,0.0,0.0,0.0,0.0,0.0,0.0,0.0,0.0,0.0,0.0,0.0,0.0,0.0,0.0,0.0,0.0,0.0,0.0,0.0,0.0,0.0,0.0,0.0,0.0,0.0,0.0,0.0,0.0,0.0,0.0,0.0,0.0,0.0,0.0,0.0,1.4,0.0,0.0,0.0,0.0,0.0,0.0,0.0,0.0,0.0,0.0,0.0,0.0,0.0,0.0,0.0,0.0,0.0,0.0,0.0,0.0,0.0,0.0,0.0,0.0,0.0,0.0,0.0,0.0,0.0,0.0,0.0,0.0,0.0,0.0,0.0,0.0,0.0,0.0,0.0,0.0,0.0,0.0,0.0,0.0,0.0,0.0,0.0,0.0,0.0,0.0,0.0,0.0,0.0,0.0,0.0,0.0,0.0,0.0,0.0,0.0,0.0,0.0,0.0,0.0,0.0,0.0,0.0,0.0,0.0,0.0,0.0,0.0,0.0,0.0,0.0,0.0,0.0,0.0,0.0,0.0,0.0,0.0,0.0,0.0,0.0,0.0,0.0,0.0,0.0,0.0,0.0,0.0,0.0,0.0,0.0,0.0,0.0,0.0,0.0,0.0,0.0,0.0,0.0,0.0,0.0,0.0,0.0,0.0,0.0,0.0,0.0,0.0,0.0",6.2,64059.0625,967807.2578125,8688.4853515625,152420.18408203125,29.39697265625
1791397856.6577265,individual_n8_vmnos8_r4:confirmation,4.8,"3.3,0.0,1.0,3.8,0.9,1.8,2.8,0.0,0.9,4.8,4.6,8.8,6.7,1.9,2.8,0.9,5.6,0.0,1.9,2.8,2.9,2.8,2.9,10.6,0.0,2.7,0.0,0.9,0.0,0.9,56.0,55.0,3.7,100.0,5.7,1.9,2.8,3.8,1.9,1.8,8.3,3.7,4.7,1.9,0.9,0.0,1.8,2.9,4.8,4.8,0.0,4.7,4.9,1.9,4.8,3.7,0.9,0.0,2.8,2.8,2.9,5.8,4.8,1.9,0.0,0.0,0.0,0.0,100.0,100.0,99.1,100.0,99.1,100.0,100.0,100.0,0.0,0.0,0.0,0.0,0.0,0.0,0.0,0.0,0.9,0.0,0.0,0.0,0.0,0.0,0.0,0.0,0.0,0.0,0.9,0.0,0.0,0.0,0.9,0.0,0.0,0.0,0.0,0.0,0.0,0.0,0.0,0.0,0.0,0.0,0.0,0.0,0.0,0.0,0.0,0.0,0.0,0.0,0.0,0.0,0.0,0.0,0.0,0.0,0.0,0.0,0.0,0.0,0.0,0.0,0.0,0.0,0.0,0.0,0.0,0.0,0.0,0.0,0.0,0.0,0.0,2.0,0.0,0.0,0.0,0.0,0.0,0.0,0.0,0.0,0.0,0.0,0.0,0.0,0.0,0.0,0.0,0.0,0.0,0.0,0.0,0.0,0.0,0.0,0.0,0.0,0.0,0.0,0.0,0.0,0.0,0.0,0.0,0.0,0.0,0.0,0.0,0.0,0.0,0.0,0.0,0.0,0.0,0.0,0.0,0.0,0.0,0.0,0.0,0.0,0.0,0.0,0.0,0.0,0.0,0.0,0.0,0.0,0.0,0.0,0.0,0.0,0.0,0.0,0.0,0.0,0.0,0.0,0.0,0.0,0.0,0.0,0.0,0.0,0.0,0.0,0.0,0.0,0.0,0.0,0.0,0.0,0.0,0.0,0.0,0.0,0.0,0.0,0.0,0.0,0.0,0.0,0.0,0.0,0.0,0.0,0.0,0.0,0.0,0.0,0.0,0.0,0.0,0.0,0.0,0.0,0.0,0.0,0.0,0.0,0.0,0.0,0.0,0.0,0.0",6.2,63982.15625,967884.1640625,8688.4853515625,152420.18408203125,28.56396484375
1791397857.8021271,individual_n8_vmnos8_r4:confirmation,7.0,"10.6,18.6,3.5,6.1,9.1,26.1,8.0,5.4,9.6,22.6,7.1,23.6,11.1,17.9,14.3,29.4,9.8,24.3,18.6,11.2,24.3,8.1,20.5,10.0,5.3,21.7,7.8,4.4,7.9,6.1,69.8,48.3,7.1,33.0,14.2,10.0,15.3,27.5,8.5,17.6,3.6,9.6,24.3,17.1,16.2,7.1,5.5,13.9,17.0,6.5,9.7,6.5,10.1,10.9,5.6,7.3,28.6,3.5,6.1,8.0,9.6,10.6,12.6,26.8,25.4,12.2,7.8,8.7,98.3,99.1,100.0,100.0,100.0,100.0,100.0,100.0,0.0,0.0,0.0,0.0,0.9,1.8,0.0,0.0,5.4,0.0,0.0,0.0,0.0,0.0,0.0,0.0,0.0,0.0,0.0,0.0,0.0,0.0,1.7,0.0,0.9,0.0,0.0,0.0,0.0,0.0,0.0,0.0,0.0,0.0,0.0,0.0,0.0,0.0,0.0,0.0,0.0,0.0,0.0,0.0,0.0,0.0,0.0,0.0,0.0,0.0,0.0,0.0,0.0,0.0,0.0,0.0,0.0,0.0,0.0,0.0,0.0,0.0,0.0,0.0,0.0,0.9,0.0,0.0,0.0,0.0,0.0,0.0,0.0,0.0,0.0,0.0,0.0,0.0,0.0,0.0,0.0,0.0,0.0,0.0,0.0,0.0,0.0,0.0,0.0,0.0,0.0,0.0,0.0,0.0,0.0,0.0,0.0,0.0,0.0,0.0,0.0,0.0,0.0,0.0,0.0,0.0,0.0,0.0,0.0,0.0,0.0,0.0,0.0,0.0,0.0,0.0,0.0,0.0,0.0,0.0,0.0,0.0,0.0,0.0,0.0,0.0,0.0,0.0,0.0,0.0,0.0,0.0,0.0,0.0,0.0,0.0,0.0,0.0,0.0,0.0,0.0,0.0,0.0,0.0,0.0,0.0,0.0,0.0,0.0,0.0,0.0,0.0,0.0,0.0,0.0,0.0,0.0,0.0,0.0,0.0,0.0,0.0,0.0,0.0,0.0,0.0,0.0,0.0,0.0,0.0,0.0,0.0,0.0,0.0,0.0,0.0,0.0,0.0,0.0",6.2,63924.18359375,967942.13671875,8688.4853515625,152420.18408203125,28.56396484375
1791397858.9517431,individual_n8_vmnos8_r4:confirmation,4.5,"6.0,4.3,5.1,5.2,4.3,1.7,1.7,6.8,10.0,4.2,1.7,2.6,4.3,2.5,5.2,6.8,3.4,2.5,6.8,0.9,4.3,5.0,4.2,3.4,0.8,1.7,0.8,1.7,1.6,0.0,62.0,59.5,5.8,0.0,10.3,7.7,6.8,11.1,17.4,4.3,6.7,2.5,2.6,2.5,3.4,3.4,9.2,6.8,3.3,5.4,5.9,4.3,6.9,1.7,2.6,4.4,2.5,0.8,1.7,0.8,3.3,5.1,5.0,1.7,0.8,0.0,0.8,1.6,100.0,100.0,100.0,100.0,100.0,100.0,99.2,100.0,0.0,0.0,0.0,0.0,0.0,0.0,0.0,0.0,0.8,0.0,0.0,0.0,0.0,0.0,0.0,0.0,0.0,0.0,0.0,0.0,0.0,0.0,0.0,0.0,0.0,0.0,0.0,0.0,0.0,0.0,0.0,0.0,0.0,0.0,0.0,0.0,0.0,0.0,0.0,0.0,0.0,0.0,0.0,0.0,0.0,0.0,0.0,0.0,0.0,0.0,0.0,0.0,0.0,0.0,0.0,0.0,0.0,0.0,0.0,0.0,0.0,0.0,0.0,0.8,0.0,0.0,0.8,0.0,0.0,0.0,0.0,0.0,0.0,0.0,0.0,0.0,0.0,0.0,0.0,0.0,0.0,0.0,0.0,0.0,0.0,0.0,0.0,0.0,0.0,0.0,0.0,0.0,0.0,0.0,0.0,0.0,0.0,0.0,0.0,0.0,0.0,0.0,0.0,0.0,0.0,0.0,0.0,0.0,0.0,0.0,0.0,0.0,0.0,0.0,0.0,0.0,0.0,0.0,0.0,0.0,0.0,0.0,0.0,0.0,0.0,0.0,0.0,0.0,0.0,0.0,0.0,0.0,0.0,0.0,0.0,0.0,0.0,0.0,0.0,0.0,0.0,0.0,0.0,0.0,0.0,0.0,0.0,0.0,0.0,0.0,0.0,0.0,0.0,0.0,0.0,0.0,0.0,0.0,0.0,0.0,0.0,0.0,0.0,0.0,0.0,0.0,0.0,0.0,0.0,0.0,0.0,0.0,0.0,0.0,0.0,0.0,0.0,0.0,0.0",6.2,64104.15625,967762.1640625,8688.4853515625,152422.30126953125,28.56396484375
1791397860.109701,individual_n8_vmnos8_r4:confirmation,5.8,"14.0,14.0,4.6,9.3,6.4,7.6,6.5,9.3,7.6,3.8,1.0,4.7,9.1,2.8,10.2,9.3,6.6,9.4,3.7,15.1,4.8,4.8,10.5,13.2,2.8,3.7,5.5,0.9,4.5,2.7,61.1,92.7,27.5,0.0,3.7,6.5,2.8,10.4,6.5,9.3,4.9,8.6,9.9,9.5,11.3,3.8,7.8,14.9,10.6,15.2,8.3,5.9,11.7,17.5,8.7,5.1,4.0,6.8,8.5,6.8,2.9,5.6,16.0,5.7,2.7,3.7,3.7,2.8,100.0,100.0,100.0,99.1,100.0,99.1,100.0,100.0,0.0,0.0,0.0,0.0,0.0,0.0,0.0,0.0,0.0,0.0,0.0,0.0,0.0,0.0,0.0,0.0,0.0,0.0,0.0,0.0,0.0,0.0,0.0,0.0,0.0,0.0,0.0,0.0,0.0,0.0,0.0,0.0,0.0,0.0,0.0,0.0,0.0,0.0,0.0,0.0,0.0,0.0,0.0,0.0,0.0,0.0,0.0,0.0,0.0,0.0,0.0,0.0,0.0,0.0,0.0,0.0,0.0,0.0,0.0,0.0,0.0,0.0,0.0,0.9,0.0,1.9,0.0,0.0,0.0,0.0,0.0,0.0,0.0,0.0,0.0,0.0,0.0,0.0,0.0,0.0,0.0,0.0,0.0,0.0,0.0,0.0,0.0,0.0,0.0,0.0,0.0,0.0,0.0,0.0,0.0,0.0,0.0,0.0,0.0,0.0,0.0,0.0,0.0,0.0,0.0,0.0,0.0,0.0,0.0,0.0,0.0,0.0,0.0,0.0,0.0,0.0,0.0,0.0,0.0,0.0,0.0,0.0,0.0,0.0,0.0,0.0,0.0,0.0,0.0,0.0,0.0,0.0,0.0,0.0,0.0,0.0,0.0,0.0,0.0,0.0,0.0,0.0,0.0,0.0,0.0,0.0,0.0,0.0,0.0,0.0,0.0,0.0,0.0,0.0,0.0,0.0,0.0,0.0,0.0,0.0,0.0,0.0,0.0,0.0,0.0,0.0,0.0,0.0,0.0,0.0,0.0,0.0,0.0,0.0,0.0,0.0,0.0,0.0,0.0",6.2,63943.45703125,967922.86328125,8688.4853515625,152422.30126953125,28.56396484375
1791397861.423517,individual_n8_vmnos8_r4:confirmation,6.0,"7.7,6.8,5.1,5.7,3.3,13.8,4.9,14.8,20.0,9.8,5.0,4.1,2.5,4.1,4.0,17.9,13.2,7.6,4.1,5.0,5.7,11.6,1.7,12.3,1.7,8.1,1.6,0.8,8.7,2.4,86.2,72.6,15.6,6.5,5.0,16.4,14.3,16.1,11.0,9.2,5.7,5.9,11.9,13.2,5.0,11.8,4.8,10.5,16.7,13.8,16.4,4.9,11.7,8.7,25.0,10.1,13.3,6.8,18.3,6.7,10.9,4.1,14.2,10.1,2.4,7.3,4.1,1.6,99.2,99.2,100.0,100.0,99.2,100.0,100.0,99.2,0.0,0.0,0.0,0.0,0.0,0.0,0.0,0.0,0.8,0.0,0.0,0.0,0.0,0.0,0.0,0.0,0.0,0.0,0.0,0.0,0.0,0.0,4.8,3.2,0.0,0.8,0.0,0.0,0.0,0.0,0.0,0.0,0.0,0.0,0.0,0.0,0.0,0.0,0.0,0.0,0.0,0.0,0.0,0.0,0.0,0.0,0.0,0.0,0.0,0.0,0.0,0.0,0.0,0.0,0.0,0.0,0.0,0.0,0.0,0.0,0.0,0.0,0.0,0.0,0.0,0.0,0.0,0.0,0.0,0.0,0.0,0.0,0.0,0.0,0.0,0.8,0.0,0.0,0.0,0.0,0.0,0.0,0.0,0.0,0.0,0.0,0.0,0.0,0.0,0.0,0.0,0.0,0.0,0.0,0.0,0.0,0.0,0.0,0.0,0.0,0.0,0.0,0.0,0.0,0.0,0.0,0.0,0.0,0.0,0.0,0.0,0.0,0.0,0.0,0.0,0.0,0.0,0.0,0.0,0.0,0.0,0.0,0.0,0.0,0.0,0.0,0.0,0.0,0.0,0.0,0.0,0.0,0.0,0.0,0.0,0.0,0.0,0.0,0.0,0.0,0.0,0.0,0.0,0.0,0.0,0.0,0.0,0.0,0.0,0.0,0.0,0.0,0.0,0.0,0.0,0.0,0.0,0.0,0.0,0.0,0.0,0.0,0.0,0.0,0.0,0.0,0.0,0.0,0.0,0.0,0.0,0.0,0.0,0.0,0.0,0.0,0.0,0.0,0.0",6.2,64322.328125,967543.9921875,8688.4853515625,152422.30126953125,27.7177734375
1791397862.4538093,individual_n8_vmnos8_r4:confirmation,5.0,"5.6,2.9,2.9,1.0,0.9,0.0,1.0,2.8,6.3,5.0,5.2,3.0,4.9,5.1,2.9,2.9,1.0,3.0,1.9,1.0,2.9,1.9,1.0,2.9,2.8,3.8,0.9,1.9,3.8,6.5,81.9,64.2,26.7,86.9,1.0,0.0,1.0,1.9,1.9,5.7,1.9,3.9,2.0,0.0,1.9,2.9,1.0,1.0,9.7,4.1,3.0,3.1,9.1,4.1,1.0,5.4,2.9,1.9,3.9,2.9,5.9,6.9,3.1,2.0,0.0,0.0,6.5,1.9,99.1,100.0,100.0,100.0,100.0,100.0,100.0,100.0,0.0,0.0,0.0,0.0,0.0,1.0,0.0,0.9,0.0,0.0,0.0,0.0,0.0,0.0,0.0,0.0,0.0,0.0,0.0,0.0,0.0,0.0,9.6,7.5,6.6,0.0,0.0,0.0,0.0,0.0,0.0,0.0,0.0,0.0,0.0,0.0,0.0,0.0,0.0,0.0,0.0,0.0,0.0,0.0,0.0,0.0,0.0,0.0,0.0,0.0,0.0,0.0,0.0,0.0,0.0,0.0,0.0,0.0,0.0,0.0,0.0,0.0,0.0,0.0,0.0,1.0,0.0,0.0,0.0,0.0,0.0,0.0,0.0,0.0,0.0,0.0,0.0,0.0,0.0,0.0,0.0,0.0,0.0,0.0,0.0,0.0,0.0,0.0,0.0,0.0,0.0,0.0,0.0,0.0,0.0,0.0,0.0,0.0,0.0,0.0,0.0,0.0,0.0,0.0,0.0,0.0,0.0,0.0,0.0,0.0,0.0,0.0,0.0,0.0,0.0,0.0,0.0,0.0,0.0,0.0,0.0,0.0,0.0,0.0,0.0,0.0,0.0,0.0,0.0,0.0,0.0,0.0,0.0,0.0,0.0,0.0,0.0,0.0,0.0,0.0,0.0,0.0,0.0,0.0,0.0,0.0,0.0,0.0,0.0,0.0,0.0,0.0,0.0,0.0,0.0,0.0,0.0,0.0,0.0,0.0,0.0,0.0,0.0,0.0,0.0,0.0,0.0,0.0,0.0,0.0,0.0,0.0,0.0,0.0,0.0,0.0,0.0,0.0,0.0",6.2,64099.2109375,967767.109375,8688.4853515625,152422.30126953125,27.7177734375
1791397863.5179076,individual_n8_vmnos8_r4:confirmation,6.5,"13.6,10.2,9.9,10.8,3.0,8.9,5.9,4.0,5.0,6.0,35.3,6.1,2.0,5.8,10.1,13.0,13.3,10.1,11.3,16.8,14.0,13.4,13.9,12.4,4.0,8.9,6.9,7.0,8.0,3.0,66.0,29.7,90.4,85.1,2.0,3.0,3.0,3.0,5.1,4.9,12.0,8.2,20.0,17.0,2.0,8.9,4.1,9.2,7.2,14.6,5.1,12.1,8.2,14.6,10.0,11.0,5.2,21.4,7.2,16.0,7.2,4.0,21.6,14.1,5.9,3.0,2.0,4.0,99.0,100.0,100.0,100.0,100.0,100.0,100.0,100.0,0.0,0.0,0.0,0.0,0.0,0.0,0.0,0.0,2.2,0.0,0.0,0.0,0.0,0.0,0.0,0.0,0.0,0.0,0.0,0.0,0.0,0.0,1.9,1.0,0.0,0.0,0.0,0.0,0.0,0.0,0.0,0.0,0.0,0.0,0.0,0.0,0.0,0.0,0.0,0.0,0.0,0.0,0.0,0.0,0.0,0.0,0.0,0.0,0.0,0.0,0.0,0.0,0.0,0.0,0.0,0.0,0.0,0.0,0.0,0.0,0.0,0.0,0.0,0.0,0.0,0.0,0.0,0.0,0.0,0.0,0.0,0.0,0.0,0.0,0.0,0.0,0.0,0.0,0.0,0.0,0.0,0.0,0.0,1.0,0.0,0.0,0.0,0.0,0.0,0.0,0.0,0.0,0.0,0.0,0.0,0.0,0.0,0.0,0.0,0.0,0.0,0.0,0.0,0.0,0.0,0.0,0.0,0.0,0.0,0.0,0.0,0.0,0.0,0.0,0.0,0.0,0.0,0.0,0.0,0.0,0.0,0.0,0.0,0.0,0.0,0.0,0.0,0.0,0.0,0.0,0.0,0.0,0.0,0.0,0.0,0.0,0.0,0.0,0.0,0.0,0.0,0.0,0.0,0.0,0.0,0.0,0.0,0.0,0.0,0.0,0.0,0.0,0.0,0.0,0.0,0.0,0.0,0.0,0.0,0.0,0.0,0.0,0.0,0.0,0.0,0.0,0.0,0.0,0.0,0.0,0.0,0.0,0.0,0.0,0.0,0.0,0.0,0.0,0.0",6.2,64308.0546875,967558.265625,8688.4853515625,152422.52783203125,27.7177734375
1791397864.540771,individual_n8_vmnos8_r4:confirmation,4.9,"3.6,2.0,1.9,2.0,0.0,1.0,2.0,1.0,5.9,2.1,4.1,10.1,9.0,3.1,2.1,12.9,8.4,6.2,5.0,4.1,5.9,4.1,3.1,3.1,0.0,1.0,0.0,1.0,1.0,4.0,74.3,38.0,23.5,86.4,2.0,0.0,1.0,1.0,0.0,2.0,8.1,5.4,5.2,3.1,4.1,2.0,2.0,5.1,4.0,8.2,3.0,2.1,6.2,2.0,3.0,5.2,3.0,1.0,0.0,3.0,2.0,2.0,2.0,14.3,1.0,0.0,0.0,0.0,100.0,100.0,100.0,100.0,99.0,100.0,100.0,99.0,0.0,0.0,0.0,0.0,0.0,0.0,0.0,0.0,1.0,0.0,0.0,0.0,0.0,0.0,0.0,0.0,0.0,0.0,0.0,0.0,0.0,0.0,5.0,5.0,3.9,4.0,0.0,0.0,0.0,0.0,0.0,0.0,0.0,0.0,0.0,0.0,0.0,0.0,0.0,0.0,0.0,0.0,0.0,0.0,0.0,0.0,0.0,0.0,0.0,0.0,0.0,0.0,0.0,0.0,0.0,0.0,0.0,0.0,0.0,0.0,0.0,0.0,0.0,0.0,0.0,0.0,0.0,0.0,0.0,0.0,0.0,0.0,0.0,0.0,0.0,0.0,0.0,0.0,0.0,0.0,0.0,0.0,0.0,0.0,0.0,0.0,0.0,0.0,0.0,0.0,0.0,0.0,0.0,0.0,0.0,0.0,0.0,0.0,0.0,0.0,0.0,0.0,0.0,0.0,0.0,0.0,0.0,0.0,0.0,0.0,0.0,0.0,0.0,0.0,0.0,0.0,0.0,0.0,0.0,0.0,0.0,0.0,0.0,0.0,0.0,0.0,0.0,0.0,0.0,0.0,0.0,0.0,0.0,0.0,0.0,0.0,0.0,0.0,0.0,0.0,0.0,0.0,0.0,0.0,0.0,0.0,0.0,0.0,0.0,0.0,0.0,0.0,0.0,0.0,0.0,0.0,0.0,0.0,0.0,0.0,0.0,0.0,0.0,0.0,0.0,0.0,0.0,0.0,0.0,0.0,0.0,0.0,0.0,0.0,0.0,0.0,0.0,0.0,0.0",6.2,63959.703125,967906.6171875,8688.4853515625,152424.24267578125,27.7177734375
1791397865.5707161,individual_n8_vmnos8_r4:confirmation,6.8,"6.2,11.0,9.9,10.9,16.8,4.5,4.5,17.0,9.3,3.9,7.2,10.8,5.6,12.6,14.0,6.7,9.8,17.6,8.3,39.4,11.6,9.9,8.1,33.0,22.7,6.3,7.1,7.2,13.4,2.7,79.5,32.7,38.4,95.6,2.7,2.7,6.3,3.5,0.9,4.4,15.6,9.1,9.2,16.4,10.0,28.8,5.4,5.4,9.0,11.3,4.7,8.0,10.4,10.0,10.7,24.5,12.6,11.8,4.5,28.8,3.7,5.6,9.8,5.4,5.5,3.6,3.6,7.0,100.0,99.1,99.1,99.1,100.0,100.0,100.0,100.0,0.0,0.0,0.0,0.0,0.0,0.0,0.0,0.0,1.9,0.0,0.0,0.0,0.0,0.0,0.0,0.0,0.0,0.0,0.0,0.0,0.0,0.0,0.0,0.0,0.0,0.0,0.0,0.0,0.0,0.0,0.0,0.0,0.0,0.0,0.0,0.0,0.0,0.0,0.0,0.0,0.0,0.0,0.0,0.0,0.0,0.0,0.0,0.0,0.0,0.0,0.0,0.0,0.0,0.0,0.0,0.0,0.0,0.0,0.0,0.0,0.0,0.0,0.0,0.0,0.0,1.9,0.0,0.0,0.0,0.0,0.0,0.0,0.0,0.0,0.0,0.0,0.0,0.0,0.0,0.0,0.0,0.0,0.0,0.0,0.9,0.0,0.0,0.0,0.0,0.0,0.0,0.0,0.0,0.0,0.0,0.0,0.0,0.0,0.0,0.0,0.9,0.0,0.0,0.0,0.0,0.0,0.0,0.0,0.0,0.0,0.0,0.0,0.0,0.0,0.0,0.0,0.0,0.0,0.0,0.0,0.0,0.0,0.0,0.0,0.0,0.0,0.0,0.0,0.0,0.0,0.0,0.0,0.0,0.0,0.0,0.0,0.0,0.0,0.0,0.0,0.0,0.0,0.0,0.0,0.0,0.0,0.0,0.0,0.0,0.0,0.0,0.0,0.0,0.0,0.0,0.0,0.0,0.0,0.0,0.0,0.0,0.0,0.0,0.0,0.0,0.0,0.0,0.0,0.0,0.0,0.0,0.0,0.0,0.0,0.0,0.0,0.0,0.0,0.0",6.3,64849.76953125,967016.55078125,8688.4853515625,152424.24267578125,27.7177734375
1791397866.8178785,individual_n8_vmnos8_r4:confirmation,4.8,"8.3,4.5,0.9,3.5,1.8,1.8,0.9,2.7,8.9,6.5,2.7,1.8,2.7,1.8,3.5,5.6,0.9,1.8,12.5,6.3,5.4,0.9,1.8,0.9,0.0,0.0,0.0,0.9,1.7,0.0,100.0,41.7,49.1,23.7,0.9,2.7,2.7,1.8,2.6,3.6,4.5,4.6,4.5,3.5,2.7,2.8,3.6,5.4,2.8,11.3,1.8,2.8,3.8,3.5,2.7,6.2,0.0,0.0,0.9,0.9,4.7,1.9,0.9,0.0,0.0,0.0,0.0,0.0,99.1,100.0,100.0,100.0,100.0,100.0,100.0,100.0,0.0,0.0,0.0,0.0,0.0,0.9,0.9,0.0,0.9,0.0,0.0,0.0,0.0,0.0,0.0,0.0,0.0,0.0,0.0,0.0,0.0,0.0,2.6,2.6,2.6,2.6,0.0,0.0,0.0,0.0,0.0,0.0,0.0,0.0,0.0,0.0,0.0,0.0,0.0,0.0,0.0,0.0,0.0,0.0,0.0,0.0,0.0,0.0,0.0,0.0,0.0,0.0,0.0,0.0,0.0,0.0,0.0,0.0,0.0,0.0,0.0,0.0,0.9,0.0,0.0,0.0,0.0,0.0,0.0,0.0,0.0,0.0,0.0,0.0,0.0,0.0,0.0,0.0,0.0,0.0,0.0,0.0,0.0,0.0,0.0,0.0,0.0,0.0,0.0,0.0,0.0,0.0,0.0,0.0,0.0,0.0,0.0,0.0,0.0,0.0,0.0,0.0,0.0,0.0,0.0,0.0,0.0,0.0,0.0,0.0,0.0,0.0,0.0,0.0,0.0,0.0,0.0,0.0,0.0,0.0,0.0,0.0,0.0,0.0,0.0,0.0,0.0,0.0,0.0,0.0,0.0,0.0,0.0,0.0,0.0,0.0,0.0,0.0,0.0,0.0,0.0,0.0,0.0,0.0,0.0,0.0,0.0,0.0,0.0,0.0,0.0,0.0,0.0,0.0,0.0,0.0,0.0,0.0,0.0,0.0,0.0,0.0,0.0,0.0,0.0,0.0,0.0,0.0,0.0,0.0,0.0,0.0,0.0,0.0,0.0,0.0,0.0,0.0,0.0",6.2,63906.33984375,967959.98046875,8688.4853515625,152424.24267578125,26.939453125
1791397867.8407845,individual_n8_vmnos8_r4:confirmation,6.4,"15.7,10.4,10.3,1.0,19.2,5.1,2.0,12.0,17.0,9.2,9.1,12.2,11.0,8.0,10.2,8.1,6.9,15.0,28.0,30.7,8.9,5.1,10.1,6.1,8.9,5.0,8.9,6.7,3.9,2.0,90.2,34.0,89.0,32.3,3.0,5.9,6.9,6.2,5.0,7.0,3.1,2.1,36.0,8.9,15.8,4.0,6.1,15.8,6.1,30.2,5.1,6.0,12.5,4.2,3.0,4.1,14.0,11.3,2.0,9.1,6.1,5.1,11.2,3.0,4.0,4.9,1.0,9.0,100.0,100.0,100.0,100.0,100.0,100.0,100.0,100.0,0.0,0.0,0.0,0.0,0.0,0.0,0.0,0.0,0.0,0.0,0.0,0.0,0.0,0.0,0.0,0.0,0.0,0.0,0.0,0.0,0.0,0.0,4.0,4.9,4.0,4.0,0.0,0.0,0.0,0.0,0.0,0.0,0.0,0.0,0.0,0.0,0.0,0.0,0.0,0.0,0.0,0.0,0.0,0.0,0.0,0.0,0.0,0.0,0.0,0.0,0.0,0.0,0.0,0.0,0.0,0.0,0.0,0.0,0.0,0.0,0.0,0.0,0.0,0.0,0.0,1.0,0.0,0.0,0.0,0.0,0.0,0.0,0.0,0.0,0.0,0.0,0.0,0.0,0.0,0.0,0.0,0.0,0.0,0.0,0.0,0.0,0.0,0.0,0.0,0.0,0.0,0.0,0.0,0.0,0.0,0.0,0.0,0.0,0.0,0.0,0.0,0.0,0.0,0.0,0.0,0.0,0.0,0.0,0.0,0.0,0.0,0.0,0.0,0.0,0.0,0.0,0.0,0.0,0.0,0.0,0.0,0.0,0.0,0.0,0.0,0.0,0.0,0.0,0.0,0.0,0.0,0.0,0.0,0.0,0.0,0.0,0.0,0.0,0.0,0.0,0.0,0.0,0.0,0.0,0.0,0.0,0.0,0.0,0.0,0.0,0.0,0.0,0.0,0.0,0.0,0.0,0.0,0.0,0.0,0.0,0.0,0.0,0.0,0.0,0.0,0.0,0.0,0.0,0.0,0.0,0.0,0.0,0.0,0.0,0.0,0.0,0.0,0.0,0.0",6.3,64652.484375,967213.8359375,8688.4853515625,152424.24267578125,26.939453125
1791397868.8489692,individual_n8_vmnos8_r4:confirmation,4.4,"2.4,5.2,5.2,3.0,3.0,3.0,1.0,0.0,6.1,5.3,4.1,8.2,0.0,2.0,1.0,2.1,3.0,2.0,0.0,2.0,3.1,3.1,3.1,6.2,1.0,0.0,3.0,1.0,0.0,4.0,55.0,31.3,15.0,43.0,3.1,1.0,0.0,4.1,2.2,4.0,7.0,4.0,5.1,0.0,0.0,0.0,2.0,2.0,4.2,2.2,3.0,3.2,5.3,2.0,3.1,2.1,0.0,2.0,4.1,2.0,2.0,2.1,3.0,0.0,1.0,0.0,0.0,0.0,99.0,100.0,100.0,100.0,100.0,100.0,100.0,100.0,0.0,0.0,0.0,0.0,0.0,0.0,0.0,0.0,0.0,0.0,0.0,0.0,0.0,0.0,0.0,0.0,0.0,0.0,0.0,0.0,0.0,0.0,1.0,0.0,1.0,1.0,0.0,0.0,0.0,0.0,0.0,0.0,0.0,0.0,0.0,0.0,0.0,0.0,0.0,0.0,0.0,0.0,0.0,0.0,0.0,0.0,0.0,0.0,0.0,0.0,0.0,0.0,0.0,0.0,0.0,0.0,0.0,0.0,0.0,0.0,0.0,0.0,0.0,0.0,0.0,0.0,0.0,0.0,0.0,0.0,0.0,0.0,0.0,0.0,0.0,0.0,0.0,0.0,0.0,0.0,0.0,0.0,0.0,0.0,0.0,0.0,0.0,0.0,0.0,0.0,0.0,0.0,0.0,0.0,0.0,0.0,0.0,0.0,0.0,0.0,0.0,0.0,0.0,0.0,0.0,0.0,0.0,0.0,0.0,0.0,0.0,0.0,0.0,0.0,0.0,0.0,0.0,0.0,0.0,0.0,0.0,0.0,0.0,0.0,0.0,0.0,0.0,0.0,0.0,0.0,0.0,0.0,0.0,0.0,0.0,0.0,0.0,0.0,0.0,0.0,0.0,0.0,0.0,0.0,0.0,0.0,0.0,0.0,0.0,0.0,0.0,0.0,0.0,0.0,0.0,0.0,0.0,0.0,0.0,0.0,0.0,0.0,0.0,0.0,0.0,0.0,0.0,0.0,0.0,0.0,0.0,0.0,0.0,0.0,0.0,0.0,0.0,0.0,0.0",6.2,63615.17578125,968251.14453125,8688.4853515625,152425.96142578125,26.939453125
1791397869.9626622,individual_n8_vmnos8_r4:confirmation,6.1,"20.2,9.3,11.8,12.8,2.8,3.7,2.8,5.6,24.8,6.4,13.0,5.6,5.4,4.5,4.6,3.6,4.5,10.3,10.9,12.7,6.5,10.1,14.5,2.8,3.6,5.6,11.8,9.9,4.5,7.1,72.1,56.4,33.0,73.4,6.4,7.3,2.8,10.9,3.7,11.8,3.7,4.6,2.8,9.8,16.0,6.5,6.2,8.1,9.1,15.0,4.6,0.9,10.5,8.3,12.8,4.7,11.2,4.7,16.5,10.4,2.8,11.3,8.3,9.6,4.5,1.8,5.4,4.5,100.0,100.0,100.0,100.0,100.0,99.1,99.1,100.0,0.0,0.0,0.0,0.0,0.0,0.0,0.0,0.0,1.8,0.0,0.0,0.0,0.0,0.0,0.0,0.0,0.0,0.0,0.0,0.0,0.0,0.0,1.8,2.7,2.7,2.7,0.0,0.0,0.0,0.0,0.0,0.0,0.0,0.0,0.0,0.0,0.0,0.0,0.0,0.0,0.0,0.0,0.0,0.0,0.0,0.0,0.0,0.0,0.0,0.0,0.0,0.0,0.0,0.0,0.0,0.0,0.0,0.0,0.0,0.0,0.0,0.0,0.0,0.0,0.0,0.0,0.0,0.0,0.0,0.0,0.0,0.0,0.0,0.0,0.0,0.0,0.0,0.0,0.0,0.0,0.0,0.0,0.0,0.0,0.0,0.0,0.0,0.0,0.0,0.0,0.0,0.0,0.0,0.0,0.0,0.0,0.0,0.0,0.0,0.0,0.0,0.0,0.0,0.0,0.0,0.0,0.9,0.0,0.0,0.0,0.0,0.0,0.0,0.0,0.0,0.0,0.0,0.0,0.0,0.0,0.0,0.0,0.0,0.0,0.0,0.0,0.0,0.0,0.0,0.0,0.0,0.0,0.0,0.0,0.0,0.0,0.0,0.0,0.0,0.0,0.0,0.0,0.0,0.0,0.0,0.0,0.0,0.0,0.0,0.0,0.0,0.0,0.0,0.0,0.0,0.0,0.0,0.0,0.0,0.0,0.0,0.0,0.0,0.0,0.0,0.0,0.0,0.0,0.0,0.0,0.0,0.0,0.0,0.0,0.0,0.0,0.0,0.0,0.0",6.3,64613.9453125,967252.375,8688.4853515625,152425.96142578125,26.939453125
1791397871.057465,individual_n8_vmnos8_r4:confirmation,4.6,"2.2,2.9,0.9,0.0,0.9,0.0,2.7,3.8,1.9,8.3,4.7,0.0,2.8,3.7,9.2,0.9,0.0,6.5,1.0,0.9,2.8,0.0,7.5,3.7,0.0,0.9,1.8,0.0,0.0,0.9,71.8,76.1,28.4,47.2,5.8,0.0,0.9,1.9,0.9,0.9,0.9,0.0,9.3,0.0,1.8,2.9,11.9,0.0,2.8,5.0,1.9,2.9,4.9,4.6,1.9,3.8,0.9,2.8,0.0,2.8,1.9,2.8,0.9,1.9,0.9,0.0,0.0,0.0,100.0,100.0,100.0,100.0,99.1,100.0,100.0,100.0,0.0,0.0,0.0,0.0,0.9,0.0,0.0,0.0,1.8,0.0,0.0,0.0,0.0,0.0,0.0,0.0,0.0,0.0,0.0,0.0,0.0,0.0,0.0,0.0,0.0,0.0,0.0,0.0,0.0,0.0,0.0,0.0,0.0,0.0,0.0,0.0,0.0,0.0,0.0,0.0,0.0,0.0,0.0,0.0,0.0,0.0,0.0,0.0,0.0,0.0,0.0,0.0,0.0,0.0,0.0,0.0,0.0,0.0,0.0,0.0,0.0,0.0,0.0,0.0,0.0,0.0,0.0,0.0,0.0,0.0,0.0,0.0,0.0,0.0,0.0,0.0,0.0,0.0,0.0,0.0,0.0,0.0,0.0,0.0,0.0,0.9,0.0,0.0,0.0,0.0,0.0,0.0,0.0,0.0,0.0,0.0,0.0,0.0,0.0,0.0,0.0,0.0,0.0,0.0,0.0,0.0,0.0,0.0,0.0,0.0,0.0,0.0,0.0,0.0,0.0,0.0,0.0,0.0,0.0,0.0,0.0,0.0,0.0,0.0,0.0,0.0,0.0,0.0,0.0,0.0,0.0,0.0,0.0,0.0,0.0,0.0,0.0,0.0,0.0,0.0,0.0,0.0,0.0,0.0,0.0,0.0,0.0,0.0,0.0,0.0,0.0,0.0,0.0,0.0,0.0,0.0,0.0,0.0,0.0,0.0,0.0,0.0,0.0,0.0,0.0,0.0,0.0,0.0,0.0,0.0,0.0,0.0,0.0,0.0,0.0,0.0,0.0,0.0,0.0",6.2,64234.75390625,967631.56640625,8688.4853515625,152425.96142578125,26.62353515625
1791397872.11457,individual_n8_vmnos8_r4:confirmation,6.1,"7.7,5.9,5.1,12.5,7.8,5.9,5.9,5.8,6.7,9.9,11.7,32.7,20.6,1.9,4.8,4.9,3.9,4.9,8.7,7.5,10.7,2.9,4.0,9.2,24.0,4.8,2.9,2.9,15.8,4.8,67.6,98.1,28.2,7.7,5.9,6.0,5.9,27.2,2.0,10.7,2.0,4.9,11.7,4.9,5.9,34.7,6.9,4.8,1.0,11.1,5.1,4.0,5.0,4.9,14.0,12.7,26.5,6.8,6.8,11.4,6.9,10.6,8.7,11.5,3.9,5.8,4.9,5.7,99.1,100.0,100.0,100.0,100.0,100.0,100.0,100.0,0.0,0.0,0.0,0.0,0.0,0.0,0.0,0.0,0.0,0.0,0.0,0.0,0.0,0.0,0.0,0.0,0.0,0.0,0.0,0.0,0.0,0.0,0.0,0.0,0.0,0.0,0.0,0.0,0.0,0.0,0.0,0.0,0.0,0.0,0.0,0.0,0.0,0.0,0.0,0.0,0.0,0.0,0.0,0.0,0.0,0.0,0.0,0.0,0.0,0.0,0.0,0.0,0.0,0.0,0.0,0.0,0.0,0.0,0.0,0.0,0.0,0.0,0.0,0.0,0.0,0.0,0.0,0.0,0.0,0.0,0.0,0.0,0.0,0.0,0.0,0.0,0.0,0.0,0.0,0.0,0.0,0.0,0.0,0.0,0.0,0.0,0.0,0.0,0.0,0.0,0.0,0.0,0.0,0.0,0.0,0.0,0.0,0.0,0.0,0.0,0.0,0.0,0.0,0.0,0.0,0.0,0.0,0.0,0.0,0.0,0.0,0.0,0.0,0.0,0.0,0.0,0.0,0.0,0.0,0.0,0.0,0.0,0.0,0.0,0.0,0.0,0.0,0.0,0.0,0.0,0.0,0.0,0.0,0.0,0.0,0.0,0.0,0.0,0.0,0.0,0.0,0.0,0.0,0.0,0.0,0.0,0.0,0.0,0.0,0.0,0.0,0.0,0.0,0.0,0.0,0.0,0.0,0.0,0.0,0.0,0.0,0.0,0.0,0.0,0.0,0.0,0.0,0.0,0.0,0.0,0.0,0.0,0.0,0.0,0.0,0.0,0.0,0.0,0.0",6.3,64610.1171875,967256.203125,8688.4853515625,152425.96142578125,26.62353515625
1791397873.1373494,individual_n8_vmnos8_r4:confirmation,5.1,"2.3,6.2,11.5,5.1,2.0,3.0,1.0,1.0,4.0,2.1,2.0,6.9,9.0,3.0,2.0,7.0,3.1,10.0,1.0,2.0,9.1,1.0,11.0,5.0,6.9,2.0,1.0,1.0,0.0,2.0,50.5,99.0,66.0,48.0,2.0,2.1,2.0,1.0,3.0,5.9,7.8,2.0,8.2,1.0,12.9,3.0,2.9,5.0,2.0,6.2,4.3,3.1,3.1,6.1,0.0,1.0,2.0,4.0,2.9,1.0,3.9,2.0,8.0,5.9,0.0,4.0,5.0,5.0,100.0,99.0,99.0,99.0,100.0,100.0,100.0,99.0,0.0,0.0,0.0,0.0,0.0,0.0,0.0,0.0,0.0,0.0,0.0,0.0,0.0,0.0,0.0,0.0,0.0,0.0,0.0,0.0,0.0,0.0,0.0,0.0,0.0,0.0,0.0,0.0,0.0,0.0,0.0,0.0,0.0,0.0,0.0,0.0,0.0,0.0,0.0,0.0,0.0,0.0,0.0,0.0,0.0,0.0,0.0,0.0,0.0,0.0,0.0,0.0,0.0,0.0,0.0,0.0,0.0,0.0,0.0,0.0,0.0,0.0,0.0,0.0,0.0,0.0,0.0,0.0,0.0,0.0,0.0,0.0,0.0,0.0,0.0,0.0,0.0,0.0,0.0,0.0,0.0,0.0,0.0,0.0,0.0,0.0,0.0,0.0,0.0,0.0,0.0,0.0,0.0,0.0,0.0,0.0,0.0,0.0,0.0,0.0,0.0,0.0,0.0,0.0,0.0,0.0,0.0,0.0,0.0,0.0,0.0,0.0,0.0,0.0,0.0,0.0,0.0,0.0,0.0,0.0,0.0,0.0,0.0,0.0,0.0,0.0,0.0,0.0,0.0,0.0,0.0,0.0,0.0,0.0,0.0,0.0,0.0,0.0,0.0,0.0,0.0,0.0,0.0,0.0,0.0,0.0,0.0,0.0,0.0,0.0,0.0,0.0,0.0,0.0,0.0,0.0,0.0,0.0,0.0,0.0,0.0,0.0,0.0,0.0,0.0,0.0,0.0,0.0,0.0,0.0,0.0,0.0,0.0,0.0,0.0,0.0,0.0,0.0,0.0",6.2,64447.9453125,967418.375,8688.4853515625,152425.96142578125,26.62353515625
1791397874.1476994,individual_n8_vmnos8_r4:confirmation,5.6,"4.8,5.0,8.2,10.9,1.0,2.0,3.0,3.0,8.1,6.2,13.0,5.2,6.0,4.0,5.0,8.2,4.0,10.0,2.0,3.1,3.0,30.9,5.1,5.2,4.0,3.9,4.0,2.0,2.0,2.0,73.7,61.8,53.0,37.4,5.1,3.1,4.1,3.0,6.0,1.0,31.0,0.0,4.0,2.0,3.0,23.0,1.0,2.9,4.0,7.4,6.2,5.2,9.1,29.7,4.0,2.0,6.1,3.0,3.1,5.0,3.0,3.9,3.0,1.0,5.9,5.0,4.0,5.1,100.0,100.0,100.0,100.0,100.0,100.0,100.0,100.0,0.0,0.0,0.0,0.0,0.0,2.0,0.0,0.0,0.0,0.0,0.0,0.0,0.0,0.0,0.0,0.0,0.0,0.0,0.0,0.0,0.0,0.0,2.0,4.0,4.0,4.0,0.0,0.0,0.0,0.0,0.0,0.0,0.0,0.0,0.0,0.0,0.0,0.0,0.0,0.0,0.0,0.0,0.0,0.0,0.0,0.0,0.0,0.0,0.0,0.0,0.0,0.0,0.0,0.0,0.0,0.0,0.0,0.0,0.0,0.0,0.0,0.0,0.0,0.0,0.0,1.0,0.0,0.0,0.0,0.0,1.0,0.0,0.0,0.0,0.0,0.0,0.0,0.0,0.0,0.0,0.0,0.0,0.0,0.0,0.0,0.0,0.0,0.0,0.0,0.0,0.0,0.0,0.0,0.0,0.0,0.0,0.0,0.0,0.0,0.0,0.0,0.0,0.0,0.0,0.0,0.0,0.0,0.0,0.0,0.0,0.0,0.0,0.0,0.0,0.0,0.0,0.0,0.0,0.0,0.0,0.0,0.0,0.0,0.0,0.0,0.0,0.0,0.0,0.0,0.0,0.0,0.0,0.0,0.0,0.0,0.0,0.0,0.0,0.0,0.0,0.0,0.0,0.0,0.0,0.0,0.0,0.0,0.0,0.0,0.0,0.0,0.0,0.0,0.0,0.0,0.0,0.0,0.0,0.0,0.0,0.0,0.0,0.0,0.0,0.0,0.0,0.0,0.0,0.0,0.0,0.0,0.0,0.0,0.0,0.0,0.0,0.0,0.0,0.0",6.3,64504.6015625,967361.71875,8688.4853515625,152427.85205078125,26.62353515625
1791397875.1629748,individual_n8_vmnos8_r4:confirmation,4.5,"3.6,1.0,2.0,6.9,3.0,1.0,6.0,1.0,1.0,3.0,2.0,3.1,3.0,2.0,10.1,9.9,2.0,1.0,8.0,1.0,3.0,1.0,3.1,8.1,6.0,0.0,7.0,1.0,0.0,1.0,65.7,9.0,18.6,19.8,4.0,0.0,8.0,5.1,9.3,6.0,10.0,5.9,5.3,3.0,7.1,7.0,4.0,4.0,5.2,6.3,4.2,8.6,3.2,2.1,1.0,7.0,1.0,3.0,0.0,0.0,1.0,5.9,2.0,2.9,4.0,4.9,4.0,2.0,99.0,100.0,100.0,100.0,100.0,100.0,99.0,100.0,0.0,0.0,0.0,0.0,0.0,1.0,0.0,0.0,2.0,0.0,0.0,0.0,0.0,0.0,0.0,0.0,0.0,0.0,0.0,0.0,0.0,0.0,0.0,0.0,0.0,0.0,0.0,0.0,0.0,0.0,0.0,0.0,0.0,0.0,0.0,0.0,0.0,0.0,0.0,0.0,0.0,0.0,0.0,0.0,0.0,0.0,0.0,0.0,0.0,0.0,0.0,0.0,0.0,0.0,0.0,0.0,0.0,0.0,0.0,0.0,0.0,0.0,0.0,0.0,0.0,0.0,0.0,0.0,0.0,0.0,0.0,0.0,0.0,0.0,0.0,0.0,0.0,0.0,0.0,0.0,0.0,0.0,0.0,0.0,0.0,0.0,0.0,0.0,0.0,0.0,0.0,0.0,0.0,0.0,0.0,0.0,0.0,0.0,0.0,0.0,0.0,0.0,0.0,0.0,2.0,0.0,0.0,0.0,0.0,0.0,0.0,0.0,0.0,0.0,0.0,0.0,0.0,0.0,0.0,0.0,0.0,0.0,0.0,0.0,0.0,0.0,0.0,0.0,0.0,0.0,0.0,0.0,0.0,0.0,0.0,0.0,0.0,0.0,0.0,0.0,0.0,0.0,0.0,0.0,0.0,0.0,0.0,0.0,0.0,0.0,0.0,0.0,0.0,0.0,0.0,0.0,0.0,0.0,0.0,0.0,0.0,0.0,0.0,0.0,0.0,0.0,0.0,0.0,0.0,0.0,0.0,0.0,0.0,0.0,0.0,0.0,0.0,0.0,0.0",6.2,63803.515625,968062.8046875,8688.4853515625,152427.85205078125,26.62353515625
1791397876.1696742,idle,5.7,"8.3,8.2,11.5,4.2,6.1,7.1,11.9,10.3,8.2,5.1,5.1,9.1,10.0,6.5,10.3,5.1,11.2,6.1,14.6,5.2,3.2,9.2,5.1,7.4,10.4,6.3,12.4,3.1,3.1,5.3,2.0,1.0,70.0,68.7,4.0,7.0,4.1,14.3,5.1,5.2,12.2,6.2,7.2,16.8,9.4,10.3,9.5,3.1,9.3,16.8,9.5,13.5,6.5,7.3,4.1,8.2,4.1,6.2,6.0,6.1,4.2,4.1,3.1,23.5,5.0,4.1,3.0,4.0,100.0,100.0,100.0,100.0,100.0,100.0,100.0,100.0,0.0,0.0,0.0,0.0,0.0,1.0,0.0,0.0,1.1,0.0,0.0,0.0,0.0,0.0,0.0,0.0,0.0,0.0,0.0,0.0,0.0,0.0,3.0,2.0,2.0,2.0,0.0,0.0,0.0,0.0,0.0,0.0,0.0,0.0,0.0,0.0,0.0,0.0,0.0,0.0,0.0,0.0,0.0,0.0,0.0,0.0,0.0,0.0,0.0,0.0,0.0,0.0,0.0,0.0,0.0,0.0,0.0,0.0,0.0,0.0,0.0,0.0,0.0,0.0,0.0,1.0,0.0,0.0,0.0,0.0,0.0,0.0,0.0,0.0,0.0,0.0,0.0,0.0,0.0,0.0,0.0,0.0,0.0,0.0,0.0,0.0,0.0,0.0,0.0,0.0,0.0,0.0,0.0,0.0,0.0,0.0,0.0,0.0,0.0,0.0,0.0,0.0,0.0,0.0,0.0,0.0,0.0,0.0,0.0,0.0,0.0,0.0,0.0,0.0,0.0,0.0,0.0,0.0,0.0,0.0,0.0,0.0,0.0,0.0,0.0,0.0,0.0,0.0,0.0,0.0,0.0,0.0,0.0,0.0,0.0,0.0,0.0,0.0,0.0,0.0,0.0,0.0,0.0,0.0,0.0,0.0,0.0,0.0,0.0,0.0,0.0,0.0,0.0,0.0,0.0,0.0,0.0,0.0,0.0,0.0,0.0,0.0,0.0,0.0,0.0,0.0,0.0,0.0,0.0,0.0,0.0,0.0,0.0,0.0,0.0,0.0,0.0,0.0,0.0",6.2,63811.453125,968054.8671875,8688.4853515625,152427.85205078125,26.0126953125
1791397877.2115746,aggregate_n8_vmnos8_r4:confirmation,6.0,"21.3,5.1,8.8,6.1,9.9,20.4,19.4,5.9,5.9,4.8,6.7,25.0,8.0,7.8,6.1,5.0,6.9,7.1,13.9,8.8,6.9,5.0,6.9,6.1,10.8,7.8,3.0,15.7,5.8,5.0,41.7,1.9,85.4,60.2,6.9,5.9,6.9,9.9,2.9,6.7,4.9,4.0,4.9,4.0,3.9,8.9,19.8,4.0,7.7,11.1,12.9,8.2,9.4,7.0,7.0,31.4,22.0,10.4,3.0,5.0,4.0,4.9,4.9,3.0,2.0,4.8,3.8,9.7,100.0,100.0,100.0,100.0,100.0,100.0,100.0,100.0,0.0,0.0,0.0,0.0,0.0,0.0,0.0,0.0,1.0,0.0,0.0,0.0,0.0,0.0,0.0,0.0,0.0,0.0,0.0,0.0,0.0,0.0,4.9,0.0,0.0,0.0,0.0,0.0,0.0,0.0,0.0,0.0,0.0,0.0,0.0,0.0,0.0,0.0,0.0,0.0,0.0,0.0,0.0,0.0,0.0,0.0,0.0,0.0,0.0,0.0,0.0,0.0,0.0,0.0,0.0,0.0,0.0,0.0,0.0,0.0,0.0,0.0,0.0,0.0,0.0,0.0,1.0,0.0,0.0,0.0,0.0,0.0,0.0,0.0,0.0,0.0,0.0,0.0,0.0,0.0,0.0,0.0,0.0,0.0,0.0,0.0,0.0,0.0,0.0,0.0,0.0,0.0,0.0,0.0,0.0,0.0,0.0,0.0,0.0,0.0,0.0,0.0,0.0,0.0,0.0,0.0,0.0,0.0,0.0,0.0,0.0,0.0,0.0,0.0,0.0,0.0,0.0,0.0,0.0,0.0,0.0,0.0,0.0,0.0,0.0,0.0,0.0,0.0,0.0,0.0,0.0,0.0,0.0,0.0,0.0,0.0,0.0,0.0,0.0,0.0,0.0,0.0,0.0,0.0,0.0,0.0,0.0,0.0,0.0,0.0,0.0,0.0,0.0,0.0,0.0,0.0,0.0,0.0,0.0,0.0,0.0,0.0,0.0,0.0,0.0,0.0,0.0,0.0,0.0,0.0,0.0,0.0,0.0,0.0,0.0,0.0,0.0,0.0,0.0",6.2,63888.8046875,967977.515625,8688.4853515625,152427.85205078125,26.0126953125
1791397878.2260273,aggregate_n8_vmnos8_r4:confirmation,4.8,"7.0,6.0,3.2,1.0,1.0,5.1,0.0,2.0,2.0,0.0,2.0,5.1,2.1,9.1,5.9,2.0,1.0,2.9,3.0,5.0,1.0,3.0,1.0,5.1,1.0,5.1,2.0,5.0,2.9,1.0,36.6,1.0,99.0,82.0,0.0,0.0,2.0,1.0,1.0,2.0,1.0,0.0,1.0,3.1,7.1,10.6,2.1,7.1,1.0,16.0,4.0,5.2,2.2,4.0,1.0,1.0,2.1,1.0,1.0,1.0,1.0,4.9,2.0,1.0,3.0,1.0,1.0,2.0,100.0,100.0,100.0,100.0,100.0,100.0,100.0,100.0,0.0,0.0,0.0,0.0,0.0,1.0,0.0,0.0,1.1,0.0,0.0,0.0,0.0,0.0,0.0,0.0,0.0,0.0,0.0,0.0,0.0,0.0,7.9,2.0,2.0,1.0,0.0,0.0,0.0,0.0,0.0,0.0,0.0,0.0,0.0,0.0,0.0,0.0,0.0,0.0,0.0,0.0,0.0,0.0,0.0,0.0,0.0,0.0,0.0,0.0,0.0,0.0,0.0,0.0,0.0,0.0,0.0,0.0,0.0,0.0,0.0,0.0,0.0,0.0,0.0,0.0,0.0,0.0,0.0,0.0,0.0,0.0,0.0,0.0,0.0,1.0,0.0,0.0,0.0,0.0,0.0,0.0,0.0,0.0,0.0,0.0,0.0,0.0,0.0,0.0,0.0,0.0,0.0,0.0,0.0,0.0,0.0,0.0,0.0,0.0,0.0,0.0,0.0,0.0,0.0,0.0,0.0,0.0,0.0,0.0,0.0,0.0,0.0,0.0,0.0,0.0,0.0,0.0,0.0,0.0,0.0,0.0,0.0,0.0,0.0,0.0,0.0,0.0,0.0,0.0,0.0,0.0,0.0,0.0,0.0,0.0,0.0,0.0,0.0,0.0,0.0,0.0,0.0,0.0,0.0,0.0,0.0,0.0,0.0,0.0,0.0,0.0,0.0,0.0,0.0,0.0,0.0,0.0,0.0,0.0,0.0,0.0,0.0,0.0,0.0,0.0,0.0,0.0,0.0,0.0,0.0,0.0,0.0,0.0,0.0,0.0,0.0,0.0,0.0",6.2,64013.609375,967852.7109375,8688.4853515625,152427.85205078125,26.0126953125
1791397879.2496207,aggregate_n8_vmnos8_r4:confirmation,6.1,"14.1,6.2,5.2,6.0,8.8,8.1,4.9,7.0,7.8,4.0,11.1,11.0,4.0,5.0,5.1,3.0,5.0,5.0,4.0,8.0,10.0,8.0,9.1,7.2,4.0,3.9,4.0,1.0,2.0,5.0,45.0,86.3,100.0,55.4,5.0,3.9,4.0,2.0,2.0,3.0,4.0,5.9,7.0,8.0,9.9,10.1,10.1,7.9,6.0,7.3,10.0,9.1,7.3,8.1,6.9,6.9,7.1,3.0,5.0,4.0,4.0,6.9,4.0,6.2,2.0,2.9,2.0,1.0,100.0,100.0,99.0,100.0,100.0,100.0,100.0,100.0,0.0,0.0,0.0,0.0,0.0,0.0,0.0,0.0,6.9,0.0,0.0,60.2,0.0,0.0,0.0,0.0,0.0,0.0,0.0,0.0,0.0,0.0,0.0,0.0,0.0,0.0,0.0,0.0,0.0,0.0,0.0,0.0,0.0,0.0,0.0,0.0,0.0,0.0,0.0,0.0,0.0,0.0,0.0,0.0,0.0,0.0,0.0,0.0,0.0,0.0,0.0,0.0,0.0,0.0,0.0,0.0,0.0,0.0,0.0,0.0,0.0,0.0,0.0,0.0,0.0,2.0,2.0,0.0,0.0,0.0,1.0,0.0,0.0,0.0,0.0,0.0,0.0,0.0,0.0,0.0,0.0,0.0,0.0,0.0,0.0,0.0,0.0,0.0,0.0,0.0,0.0,0.0,0.0,0.0,0.0,0.0,0.0,0.0,0.0,0.0,0.0,0.0,0.0,0.0,0.0,0.0,0.0,0.0,0.0,0.0,0.0,0.0,0.0,0.0,0.0,0.0,0.0,0.0,0.0,0.0,0.0,0.0,0.0,0.0,0.0,0.0,0.0,0.0,0.0,0.0,0.0,0.0,0.0,0.0,0.0,0.0,9.8,0.0,0.0,0.0,0.0,0.0,0.0,0.0,0.0,0.0,0.0,0.0,0.0,0.0,0.0,0.0,0.0,0.0,0.0,0.0,0.0,0.0,0.0,0.0,0.0,0.0,0.0,0.0,0.0,0.0,0.0,0.0,0.0,0.0,0.0,0.0,0.0,0.0,0.0,0.0,0.0,0.0,0.0",6.2,64017.7109375,967848.609375,8688.4853515625,152429.91064453125,26.0126953125
1791397880.2642832,aggregate_n8_vmnos8_r4:confirmation,5.0,"11.7,5.9,1.0,3.0,0.0,3.1,1.0,1.0,1.0,2.0,5.1,3.0,1.0,0.0,2.9,1.0,0.0,0.0,0.0,2.0,2.0,6.1,3.1,2.1,0.0,0.0,2.0,1.0,0.0,0.0,99.0,45.5,88.0,32.0,1.0,4.0,3.0,0.0,2.0,0.0,3.0,0.0,1.0,1.0,1.0,2.0,5.0,2.1,2.0,6.3,2.0,4.1,4.2,1.0,0.0,0.0,0.0,0.0,0.0,0.0,0.0,1.0,0.0,0.0,0.0,0.0,0.0,1.0,100.0,100.0,100.0,100.0,100.0,99.0,100.0,100.0,0.0,0.0,0.0,0.0,0.0,1.0,0.0,0.0,0.0,0.0,0.0,100.0,0.0,0.0,0.0,0.0,0.0,0.0,0.0,0.0,0.0,0.0,2.0,4.0,3.0,4.9,0.0,0.0,0.0,0.0,0.0,0.0,0.0,0.0,0.0,0.0,0.0,0.0,0.0,0.0,0.0,0.0,0.0,0.0,0.0,0.0,0.0,0.0,0.0,0.0,0.0,0.0,0.0,0.0,0.0,0.0,0.0,0.0,0.0,0.0,0.0,0.0,0.0,0.0,0.0,0.0,0.0,0.0,0.0,0.0,0.0,0.0,0.0,0.0,0.0,0.0,0.0,0.0,0.0,0.0,0.0,0.0,0.0,0.0,0.0,0.0,0.0,0.0,0.0,0.0,0.0,0.0,0.0,0.0,0.0,0.0,0.0,0.0,0.0,0.0,0.0,0.0,0.0,0.0,0.0,0.0,0.0,0.0,0.0,0.0,0.0,0.0,0.0,0.0,0.0,0.0,0.0,0.0,0.0,0.0,0.0,0.0,0.0,0.0,0.0,0.0,0.0,0.0,0.0,0.0,0.0,0.0,0.0,0.0,0.0,0.0,0.0,0.0,0.0,0.0,0.0,0.0,0.0,0.0,0.0,0.0,0.0,0.0,0.0,0.0,0.0,0.0,0.0,0.0,0.0,0.0,0.0,0.0,0.0,0.0,0.0,0.0,0.0,0.0,0.0,0.0,0.0,0.0,0.0,0.0,0.0,0.0,0.0,0.0,0.0,0.0,0.0,0.0,0.0",6.2,63905.31640625,967961.00390625,8688.4853515625,152429.91064453125,26.0126953125
1791397881.2689388,aggregate_n8_vmnos8_r4:confirmation,6.1,"16.0,7.3,6.1,7.2,8.0,8.9,7.0,7.3,16.5,6.2,6.0,7.9,5.1,5.1,5.1,3.1,7.1,9.0,7.1,6.2,6.1,4.1,9.0,6.2,2.0,1.0,4.0,4.0,4.0,1.0,85.0,62.0,82.2,60.0,4.9,3.1,4.0,3.0,5.0,6.9,8.1,7.2,5.0,4.0,6.0,8.9,9.0,5.1,6.1,11.3,7.2,7.4,6.4,6.2,5.1,5.0,5.2,3.1,3.0,2.0,13.9,5.1,3.0,4.0,2.0,3.0,0.0,3.0,100.0,100.0,100.0,100.0,100.0,100.0,100.0,99.0,0.0,0.0,0.0,0.0,0.0,0.0,0.0,0.0,0.0,0.0,0.0,100.0,0.0,0.0,0.0,0.0,0.0,0.0,0.0,0.0,0.0,0.0,0.0,1.0,5.0,2.0,0.0,0.0,0.0,0.0,0.0,0.0,0.0,0.0,0.0,0.0,0.0,0.0,0.0,0.0,0.0,0.0,0.0,0.0,0.0,0.0,0.0,0.0,0.0,0.0,0.0,0.0,0.0,0.0,0.0,0.0,0.0,0.0,0.0,0.0,0.0,0.0,0.0,0.0,0.0,2.0,0.0,0.0,0.0,0.0,0.0,0.0,0.0,0.0,0.0,0.0,0.0,0.0,0.0,0.0,0.0,0.0,0.0,0.0,0.0,0.0,0.0,0.0,0.0,0.0,0.0,0.0,0.0,0.0,0.0,0.0,0.0,0.0,0.0,0.0,0.0,0.0,0.0,0.0,0.0,0.0,0.0,0.0,0.0,0.0,0.0,0.0,0.0,0.0,0.0,0.0,0.0,0.0,0.0,0.0,0.0,0.0,0.0,0.0,0.0,0.0,0.0,0.0,0.0,0.0,0.0,0.0,0.0,0.0,0.0,0.0,0.0,0.0,0.0,0.0,0.0,0.0,0.0,0.0,0.0,0.0,0.0,0.0,0.0,0.0,0.0,0.0,0.0,0.0,0.0,0.0,0.0,0.0,0.0,0.0,0.0,0.0,0.0,0.0,0.0,0.0,0.0,0.0,0.0,0.0,0.0,0.0,0.0,0.0,0.0,0.0,0.0,0.0,0.0",6.2,64039.17578125,967827.14453125,8688.4853515625,152429.91064453125,32.2578125
1791397882.317847,aggregate_n8_vmnos8_r4:confirmation,4.8,"8.4,4.8,1.0,5.7,0.0,2.9,7.6,6.8,1.0,1.9,2.9,2.8,0.0,0.9,2.8,0.0,2.9,0.9,1.0,0.0,0.9,0.9,1.9,2.9,0.9,0.0,1.0,0.0,0.9,0.9,37.1,77.9,99.1,4.8,1.0,0.0,8.7,0.0,1.9,1.9,0.0,0.0,0.0,0.9,2.9,0.0,14.3,1.9,1.0,7.0,2.9,1.9,2.0,0.9,0.9,0.0,0.0,0.9,0.0,1.0,1.9,1.9,1.9,0.0,0.0,0.0,0.0,0.9,99.1,100.0,100.0,100.0,100.0,100.0,100.0,100.0,0.0,0.0,0.0,0.0,0.0,1.0,0.0,0.0,3.7,0.0,0.0,73.6,0.0,0.0,0.0,0.0,0.0,0.0,0.0,0.0,0.0,0.0,0.0,0.0,0.0,0.0,0.0,0.0,0.0,0.0,0.0,0.0,0.0,0.0,0.0,0.0,0.0,0.0,0.0,0.0,0.0,0.0,0.0,0.0,0.0,0.0,0.0,0.0,0.0,0.0,0.0,0.0,0.0,0.0,0.0,0.0,0.0,0.0,0.0,0.0,0.0,0.0,0.0,0.0,0.0,0.0,0.0,0.0,0.0,0.0,0.0,0.0,0.0,0.0,0.0,0.0,0.0,0.0,0.0,0.0,0.0,0.0,0.0,0.0,0.0,0.0,0.0,0.0,0.0,0.0,0.0,0.0,0.0,0.0,0.0,0.0,0.0,0.0,0.0,0.0,0.0,0.0,0.0,0.0,0.0,0.0,0.0,0.0,0.0,0.0,0.0,0.0,0.0,0.0,0.0,0.0,0.0,0.0,0.0,0.0,0.0,0.0,0.0,0.0,0.0,0.0,0.0,0.0,0.0,0.0,0.0,0.0,0.0,0.0,0.0,0.0,0.0,0.0,0.0,0.0,0.0,0.0,0.0,0.0,0.0,0.0,0.0,0.0,0.0,0.0,0.0,0.0,0.0,0.0,0.0,0.0,0.0,0.0,0.0,0.0,0.0,0.0,0.0,0.0,0.0,0.0,0.0,0.0,0.0,0.0,0.0,0.0,0.0,0.0,0.0,0.0,0.0,0.0,0.0",6.2,63831.9609375,968034.359375,8688.4853515625,152429.91064453125,32.2578125
1791397883.3602242,aggregate_n8_vmnos8_r4:confirmation,5.6,"14.0,8.1,6.9,4.0,5.1,7.1,4.0,17.5,6.9,4.0,5.0,6.0,6.9,6.9,6.9,5.0,6.2,7.1,5.2,5.9,6.1,10.9,6.0,8.3,3.9,2.0,2.9,2.9,2.0,3.9,100.0,51.5,48.5,43.9,6.1,3.1,7.0,2.0,4.0,7.1,6.0,7.9,5.0,5.0,5.0,5.0,9.9,9.4,4.0,6.5,4.3,5.2,8.5,8.9,5.0,4.9,3.0,8.0,4.0,17.5,4.9,5.9,12.0,4.0,2.0,2.0,2.0,2.0,100.0,100.0,100.0,99.0,100.0,100.0,100.0,100.0,0.0,0.0,0.0,0.0,0.0,1.0,0.0,0.0,3.8,0.0,0.0,0.0,0.0,0.0,0.0,0.0,0.0,0.0,0.0,0.0,0.0,0.0,0.0,0.0,0.0,0.0,0.0,0.0,0.0,0.0,0.0,0.0,0.0,0.0,0.0,0.0,0.0,0.0,0.0,0.0,0.0,0.0,0.0,0.0,0.0,0.0,0.0,0.0,0.0,0.0,0.0,0.0,0.0,0.0,0.0,0.0,0.0,0.0,0.0,0.0,0.0,0.0,0.0,0.0,0.0,1.0,0.0,0.0,0.0,0.0,0.0,0.0,0.0,0.0,0.0,0.0,0.0,0.0,0.0,0.0,0.0,0.0,0.0,0.0,0.0,0.0,0.0,0.0,0.0,0.0,0.0,0.0,0.0,0.0,0.0,0.0,0.0,0.0,0.0,0.0,0.0,0.0,0.0,0.0,0.0,0.0,0.0,0.0,0.0,0.0,0.0,0.0,0.0,0.0,0.0,0.0,0.0,0.0,0.0,0.0,0.0,0.0,0.0,0.0,0.0,0.0,0.0,0.0,0.0,0.0,0.0,0.0,0.0,0.0,0.0,0.0,0.0,0.0,0.0,0.0,0.0,0.0,0.0,0.0,0.0,0.0,0.0,0.0,0.0,0.0,0.0,0.0,0.0,0.0,0.0,0.0,0.0,0.0,0.0,0.0,0.0,0.0,0.0,0.0,0.0,0.0,0.0,0.0,0.0,0.0,0.0,0.0,0.0,0.0,0.0,0.0,0.0,0.0,0.0",6.2,64121.91015625,967744.41015625,8688.4853515625,152429.91064453125,32.2578125
1791397884.3840873,aggregate_n8_vmnos8_r4:confirmation,4.7,"3.6,1.0,3.1,1.0,1.0,1.0,0.0,1.0,1.0,0.0,1.0,3.0,1.0,1.0,2.0,0.0,3.0,1.0,4.0,1.0,1.0,1.0,0.0,3.0,0.0,1.9,0.0,0.0,0.0,0.0,100.0,28.7,100.0,60.0,2.9,1.0,2.0,1.0,0.0,1.0,1.0,1.0,0.0,0.0,2.0,1.0,11.0,1.0,0.0,2.1,5.1,2.0,3.2,5.1,0.0,2.0,16.0,1.0,0.0,0.0,1.0,1.0,5.0,0.0,0.0,0.0,0.0,1.0,100.0,100.0,100.0,100.0,100.0,100.0,100.0,100.0,0.0,0.0,0.0,0.0,0.0,0.0,0.0,0.0,1.0,0.0,0.0,0.0,0.0,0.0,0.0,0.0,0.0,0.0,0.0,0.0,0.0,0.0,0.0,0.0,0.0,0.0,0.0,0.0,0.0,0.0,0.0,0.0,0.0,0.0,0.0,0.0,0.0,0.0,0.0,0.0,0.0,0.0,0.0,0.0,0.0,0.0,0.0,0.0,0.0,0.0,0.0,0.0,0.0,0.0,0.0,0.0,0.0,0.0,0.0,0.0,0.0,0.0,0.0,0.0,0.0,1.1,0.0,0.0,0.0,0.0,0.0,0.0,0.0,0.0,0.0,0.0,0.0,0.0,0.0,0.0,0.0,0.0,0.0,0.0,0.0,0.0,0.0,0.0,0.0,0.0,0.0,0.0,0.0,0.0,0.0,0.0,0.0,0.0,0.0,0.0,0.0,0.0,0.0,0.0,0.0,0.0,0.0,0.0,0.0,0.0,0.0,0.0,0.0,0.0,0.0,0.0,0.0,0.0,0.0,0.0,0.0,0.0,0.0,0.0,0.0,0.0,0.0,0.0,0.0,0.0,0.0,0.0,0.0,0.0,0.0,0.0,0.0,0.0,0.0,0.0,0.0,0.0,0.0,0.0,0.0,0.0,0.0,0.0,0.0,0.0,0.0,0.0,0.0,0.0,0.0,0.0,0.0,0.0,0.0,0.0,0.0,0.0,0.0,0.0,0.0,0.0,0.0,0.0,0.0,0.0,0.0,0.0,0.0,0.0,0.0,0.0,0.0,0.0,0.0",6.2,64422.80859375,967443.51171875,8688.4853515625,152431.23095703125,32.2578125
1791397885.4065983,aggregate_n8_vmnos8_r4:confirmation,5.9,"12.8,7.2,23.5,5.0,7.1,6.0,6.8,5.9,5.9,6.9,17.3,6.9,5.9,4.3,8.9,2.0,7.1,5.1,8.1,9.1,9.1,5.1,5.0,8.2,4.9,3.0,9.8,2.0,3.9,2.0,76.2,61.0,48.5,21.0,6.2,7.0,9.9,11.8,10.2,9.1,7.2,9.7,12.1,6.0,9.9,7.1,10.1,6.0,5.9,10.5,6.2,10.0,8.6,12.4,10.2,6.0,6.2,10.0,5.1,5.0,7.1,9.2,6.2,5.1,3.0,2.0,2.0,2.0,100.0,100.0,99.0,100.0,99.0,100.0,100.0,100.0,0.0,0.0,0.0,0.0,0.0,0.0,0.0,0.0,0.0,0.0,0.0,0.0,0.0,0.0,0.0,0.0,0.0,0.0,0.0,0.0,0.0,0.0,35.3,1.0,12.0,4.0,0.0,0.0,0.0,0.0,0.0,0.0,0.0,0.0,0.0,0.0,0.0,0.0,0.0,0.0,0.0,0.0,0.0,0.0,0.0,0.0,0.0,0.0,0.0,0.0,0.0,0.0,0.0,0.0,0.0,0.0,0.0,0.0,0.0,0.0,0.0,0.0,0.0,0.0,0.0,1.0,0.0,0.0,0.0,0.0,0.0,0.0,0.0,0.0,0.0,0.0,0.0,0.0,0.0,0.0,0.0,0.0,0.0,0.0,0.0,0.0,0.0,0.0,0.0,0.0,0.0,0.0,0.0,0.0,0.0,0.0,0.0,0.0,0.0,0.0,0.0,0.0,0.0,0.0,0.0,0.0,0.0,0.0,0.0,0.0,0.0,0.0,0.0,0.0,0.0,0.0,0.0,0.0,0.0,0.0,0.0,0.0,0.0,0.0,0.0,0.0,0.0,0.0,0.0,0.0,0.0,0.0,0.0,0.0,0.0,0.0,0.0,0.0,0.0,0.0,0.0,0.0,0.0,0.0,0.0,0.0,0.0,0.0,0.0,0.0,0.0,0.0,0.0,0.0,0.0,0.0,0.0,0.0,0.0,0.0,0.0,0.0,0.0,0.0,0.0,0.0,0.0,0.0,0.0,0.0,0.0,0.0,0.0,0.0,0.0,0.0,0.0,0.0,0.0",6.2,64254.8671875,967611.453125,8688.4853515625,152431.23095703125,32.2578125
1791397886.4748218,aggregate_n8_vmnos8_r4:confirmation,4.6,"10.1,1.0,1.9,0.0,2.8,0.0,0.0,0.9,1.9,0.9,0.9,0.0,0.0,2.8,2.0,0.0,1.0,1.9,5.0,1.9,4.7,2.9,0.0,1.0,0.0,0.9,0.9,1.9,0.0,0.0,73.1,71.0,60.2,30.8,1.0,5.7,1.9,6.6,2.9,1.9,1.9,2.9,4.8,1.9,1.0,7.5,5.7,1.9,1.9,3.0,1.0,4.0,4.0,1.0,2.1,2.9,0.0,0.0,0.0,0.0,3.8,0.0,0.0,9.4,0.0,0.0,0.0,0.0,100.0,100.0,100.0,100.0,100.0,100.0,100.0,100.0,0.0,0.0,0.0,0.0,0.0,0.0,0.9,0.0,1.0,0.0,0.0,0.0,0.0,0.0,0.0,0.0,0.0,0.0,0.0,0.0,0.0,0.0,3.8,2.8,3.7,4.7,0.0,0.0,0.0,0.0,0.0,0.0,0.0,0.0,0.0,0.0,0.0,0.0,0.0,0.0,0.0,0.0,0.0,0.0,0.0,0.0,0.0,0.0,0.0,0.0,0.0,0.0,0.0,0.0,0.0,0.0,0.0,0.0,0.0,0.0,0.0,0.0,0.0,0.0,0.0,0.0,0.0,0.0,0.0,0.0,0.0,0.0,0.0,0.0,0.0,0.0,0.0,0.0,0.0,0.0,0.0,0.0,0.0,0.0,0.0,0.0,0.0,0.0,0.0,0.0,0.0,0.0,0.0,0.0,0.0,0.0,0.0,0.0,0.0,0.0,0.0,0.0,0.0,0.0,0.0,0.0,0.0,0.0,0.0,0.0,0.0,0.0,0.0,0.0,0.0,0.0,0.0,0.0,0.0,0.0,0.0,0.0,0.0,0.0,0.0,0.0,0.0,0.0,0.0,0.0,0.0,0.0,0.0,0.0,0.0,0.0,0.0,0.0,0.0,0.0,0.0,0.0,0.0,0.0,0.0,0.0,0.0,0.0,0.0,0.0,0.0,0.0,0.0,0.0,0.0,0.0,0.0,0.0,0.0,0.0,0.0,0.0,0.0,0.0,0.0,0.0,0.0,0.0,0.0,0.0,0.0,0.0,0.0,0.0,0.0,0.0,0.0,0.0,0.0",6.2,64051.953125,967814.3671875,8688.4853515625,152431.23095703125,31.03564453125
1791397887.4971685,aggregate_n8_vmnos8_r4:confirmation,5.5,"7.4,8.2,7.0,7.0,8.2,4.9,4.0,5.0,7.1,8.0,9.2,5.0,3.1,9.2,6.9,7.1,17.0,8.0,9.1,6.1,4.0,8.9,5.8,6.1,2.9,3.9,5.9,0.0,4.9,2.0,50.5,61.4,8.0,46.5,6.0,3.1,4.0,4.0,4.0,3.2,7.9,8.9,10.3,7.1,7.0,10.0,7.1,4.0,10.2,9.5,8.9,9.1,7.4,9.2,8.2,7.9,4.0,4.0,9.1,3.9,5.9,5.1,5.9,4.0,3.9,3.0,3.9,2.9,99.0,100.0,100.0,100.0,100.0,100.0,100.0,100.0,0.0,0.0,0.0,0.0,0.0,0.0,0.0,0.0,1.0,0.0,0.0,0.0,0.0,0.0,0.0,0.0,0.0,0.0,0.0,0.0,0.0,0.0,2.0,0.0,24.3,4.0,0.0,0.0,0.0,0.0,0.0,0.0,0.0,0.0,0.0,0.0,0.0,0.0,0.0,0.0,0.0,0.0,0.0,0.0,0.0,0.0,0.0,0.0,0.0,0.0,0.0,0.0,0.0,0.0,0.0,0.0,0.0,0.0,0.0,0.0,0.0,0.0,0.0,0.0,0.0,2.1,0.0,0.0,0.0,0.0,0.0,0.0,0.0,0.0,0.0,0.0,0.0,0.0,0.0,0.0,0.0,0.0,0.0,0.0,0.0,0.0,0.0,0.0,0.0,0.0,0.0,0.0,0.0,0.0,0.0,0.0,0.0,0.0,0.0,0.0,0.0,0.0,0.0,0.0,0.0,0.0,0.0,0.0,0.0,0.0,0.0,0.0,0.0,0.0,0.0,0.0,0.0,0.0,0.0,0.0,0.0,0.0,0.0,0.0,0.0,0.0,0.0,0.0,0.0,0.0,0.0,0.0,0.0,0.0,0.0,0.0,0.0,0.0,0.0,0.0,0.0,0.0,0.0,0.0,0.0,0.0,0.0,0.0,0.0,0.0,0.0,0.0,0.0,0.0,0.0,0.0,0.0,0.0,0.0,0.0,0.0,0.0,0.0,0.0,0.0,0.0,0.0,0.0,0.0,0.0,0.0,0.0,0.0,0.0,0.0,0.0,0.0,0.0,0.0",6.2,63471.24609375,968395.07421875,8688.4853515625,152431.23095703125,31.03564453125
1791397888.5200582,aggregate_n8_vmnos8_r4:confirmation,4.4,"4.7,2.0,2.0,1.0,0.0,0.0,1.0,0.0,2.0,3.0,4.2,4.0,6.1,4.0,0.0,3.0,0.0,0.0,2.0,0.0,1.0,4.2,0.0,0.0,1.0,0.0,0.0,3.0,3.9,1.0,15.7,14.9,88.1,72.5,1.0,2.9,2.9,2.9,1.0,0.0,1.0,1.0,2.0,1.0,1.0,4.0,6.1,1.0,3.0,2.1,5.0,9.1,4.1,1.0,2.0,0.0,2.0,1.0,0.0,1.0,0.0,0.0,0.0,1.0,0.0,0.0,0.0,0.0,100.0,100.0,99.0,100.0,99.0,100.0,99.0,100.0,0.0,0.0,0.0,0.0,0.0,2.0,0.0,0.0,0.0,0.0,0.0,0.0,0.0,0.0,0.0,0.0,0.0,0.0,0.0,0.0,0.0,0.0,1.0,0.0,7.0,2.9,0.0,0.0,0.0,0.0,0.0,0.0,0.0,0.0,0.0,0.0,0.0,0.0,0.0,0.0,0.0,0.0,0.0,0.0,0.0,0.0,0.0,0.0,0.0,0.0,0.0,0.0,0.0,0.0,0.0,0.0,0.0,0.0,0.0,0.0,0.0,0.0,0.0,0.0,0.0,0.0,0.0,0.0,0.0,0.0,0.0,0.0,0.0,0.0,0.0,0.0,0.0,0.0,0.0,0.0,0.0,0.0,0.0,0.0,0.0,0.0,0.0,0.0,0.0,0.0,0.0,0.0,0.0,0.0,0.0,0.0,0.0,0.0,0.0,0.0,0.0,0.0,0.0,0.0,0.0,0.0,0.0,0.0,0.0,0.0,0.0,0.0,0.0,0.0,0.0,0.0,0.0,0.0,0.0,0.0,0.0,0.0,0.0,0.0,0.0,0.0,0.0,0.0,0.0,0.0,0.0,0.0,0.0,0.0,0.0,0.0,0.0,0.0,0.0,0.0,0.0,0.0,0.0,0.0,0.0,0.0,0.0,0.0,0.0,0.0,0.0,0.0,0.0,0.0,0.0,0.0,0.0,0.0,0.0,0.0,0.0,0.0,0.0,0.0,0.0,0.0,0.0,0.0,0.0,0.0,0.0,0.0,0.0,0.0,0.0,0.0,0.0,0.0,0.0",6.2,64133.69921875,967732.62109375,8688.4853515625,152431.86376953125,31.03564453125
1791397889.5423253,aggregate_n8_vmnos8_r4:confirmation,5.5,"10.6,7.6,7.3,9.2,5.1,4.9,8.2,3.1,10.9,5.0,11.5,7.2,8.2,10.0,6.2,5.9,4.0,5.0,4.0,3.0,6.0,5.0,6.7,8.2,2.9,3.0,3.0,2.9,1.0,1.0,47.5,73.3,90.2,8.1,3.1,4.0,2.0,5.0,4.0,6.9,7.1,5.3,5.1,5.9,5.0,10.1,11.2,8.9,5.0,6.3,6.1,8.1,8.2,6.9,19.4,7.8,5.1,2.1,6.1,4.1,3.0,3.0,7.1,6.2,3.9,2.9,1.0,3.0,100.0,99.0,100.0,100.0,100.0,100.0,100.0,100.0,0.0,0.0,0.0,0.0,0.0,0.0,0.0,0.0,0.0,0.0,0.0,0.0,0.0,0.0,0.0,0.0,0.0,0.0,0.0,0.0,0.0,0.0,2.0,1.0,2.0,3.0,0.0,0.0,0.0,0.0,0.0,0.0,0.0,0.0,0.0,0.0,0.0,0.0,0.0,0.0,0.0,0.0,0.0,0.0,0.0,0.0,0.0,0.0,0.0,0.0,0.0,0.0,0.0,0.0,0.0,0.0,0.0,0.0,0.0,0.0,0.0,0.0,0.0,0.0,0.0,1.0,1.0,0.0,0.0,0.0,0.0,0.0,1.0,0.0,0.0,0.0,0.0,0.0,0.0,0.0,0.0,0.0,0.0,0.0,0.0,0.0,0.0,0.0,0.0,0.0,0.0,0.0,0.0,0.0,0.0,0.0,0.0,0.0,0.0,0.0,0.0,0.0,0.0,0.0,0.0,0.0,0.0,0.0,0.0,0.0,0.0,0.0,0.0,0.0,0.0,0.0,0.0,0.0,0.0,0.0,0.0,0.0,0.0,0.0,0.0,0.0,0.0,0.0,0.0,0.0,0.0,0.0,0.0,0.0,0.0,0.0,0.0,0.0,0.0,0.0,0.0,0.0,0.0,0.0,0.0,0.0,0.0,0.0,0.0,0.0,0.0,0.0,0.0,0.0,0.0,0.0,0.0,0.0,0.0,0.0,0.0,0.0,0.0,0.0,0.0,0.0,0.0,0.0,0.0,0.0,0.0,0.0,0.0,0.0,0.0,0.0,0.0,0.0,0.0",6.2,63885.37109375,967980.94921875,8688.4853515625,152432.87158203125,31.03564453125
1791397890.5677407,aggregate_n8_vmnos8_r4:confirmation,4.3,"6.7,21.2,4.8,0.0,0.0,0.0,1.0,0.9,1.9,1.0,1.0,0.9,1.0,4.8,0.9,0.0,1.0,1.0,0.0,1.9,0.0,1.9,0.0,5.1,0.0,0.9,0.0,0.0,0.9,0.0,51.9,48.1,48.1,14.6,3.9,3.9,2.9,0.0,2.0,2.9,1.9,0.9,0.0,0.0,2.9,11.5,4.8,1.0,1.9,2.9,6.5,4.9,2.9,1.0,4.8,0.0,0.0,0.0,0.0,0.0,1.9,1.0,0.0,0.0,0.0,0.0,0.9,0.0,99.1,100.0,100.0,100.0,100.0,100.0,100.0,100.0,0.0,0.0,0.0,0.0,0.0,1.0,0.0,0.0,0.0,0.0,0.0,0.0,0.0,0.0,0.0,0.0,0.0,0.0,0.0,0.0,0.0,0.0,0.0,0.0,0.0,0.0,0.0,0.0,0.0,0.0,0.0,0.0,0.0,0.0,0.0,0.0,0.0,0.0,0.0,0.0,0.0,0.0,0.0,0.0,0.0,0.0,0.0,0.0,0.0,0.0,0.0,0.0,0.0,0.0,0.0,0.0,0.0,0.0,0.0,0.0,0.0,0.0,0.0,0.0,0.0,0.0,0.0,0.0,0.0,0.0,0.0,0.0,0.0,0.0,0.0,1.9,0.0,0.0,0.0,0.0,0.0,0.0,0.0,0.0,0.0,0.0,0.0,0.0,0.0,0.0,0.0,0.0,0.0,0.0,0.0,0.0,0.0,0.0,0.0,0.0,0.0,0.0,0.0,0.0,0.0,0.0,0.0,0.0,0.0,0.0,0.0,0.0,0.0,0.0,0.0,0.0,0.0,0.0,0.0,0.0,0.0,0.0,0.0,0.0,0.0,0.0,0.0,0.0,0.0,0.0,0.0,0.0,0.0,0.0,0.0,0.0,0.0,0.0,0.0,0.0,0.0,0.0,0.0,0.0,0.0,0.0,0.0,0.0,0.0,0.0,0.0,0.0,0.0,0.0,0.0,0.0,0.0,0.0,0.0,0.0,0.0,0.0,0.0,0.0,0.0,0.0,0.0,0.0,0.0,0.0,0.0,0.0,0.0,0.0,0.0,0.0,0.0,0.0,0.0",6.2,63802.59765625,968063.72265625,8688.4853515625,152432.87158203125,31.03564453125
1791397891.644995,aggregate_n8_vmnos8_r4:confirmation,5.8,"15.9,10.2,6.2,7.9,9.0,18.2,5.1,5.9,9.6,7.8,12.0,8.9,4.1,9.8,12.7,4.0,7.2,9.2,6.9,6.9,5.9,5.0,8.8,13.5,2.9,2.9,4.0,2.0,2.0,3.9,57.4,46.5,91.3,44.6,3.0,8.7,3.9,4.9,4.9,3.0,8.0,5.9,5.0,5.0,8.2,14.4,15.2,6.1,3.1,10.0,5.0,8.3,7.5,8.0,6.2,4.0,4.9,5.9,6.9,8.7,4.9,5.9,6.0,6.0,2.9,2.9,3.0,3.9,100.0,100.0,100.0,100.0,100.0,100.0,100.0,99.0,0.0,0.0,0.0,0.0,0.0,0.0,0.0,0.0,0.0,0.0,0.0,0.0,0.0,0.0,0.0,0.0,0.0,0.0,0.0,0.0,0.0,0.0,0.0,0.0,0.0,0.0,0.0,0.0,0.0,0.0,0.0,0.0,0.0,0.0,0.0,0.0,0.0,0.0,0.0,0.0,0.0,0.0,0.0,0.0,0.0,0.0,0.0,0.0,0.0,0.0,0.0,0.0,0.0,0.0,0.0,0.0,0.0,0.0,0.0,0.0,0.0,0.0,0.0,0.0,0.0,0.0,0.0,0.0,0.0,0.0,0.0,0.0,0.0,0.0,0.0,0.0,0.0,0.0,0.0,0.0,0.0,0.0,0.0,0.0,0.0,0.0,0.0,0.0,0.0,0.0,0.0,0.0,0.0,0.0,0.0,0.0,0.0,0.0,0.0,0.0,0.0,0.0,0.0,0.0,0.0,0.0,0.0,0.0,0.0,0.0,0.0,0.0,0.0,0.0,0.0,0.0,0.0,0.0,0.0,0.0,0.0,0.0,0.0,0.0,0.0,0.0,0.0,0.0,0.0,0.0,0.0,0.0,0.0,0.0,0.0,0.0,0.0,0.0,0.0,0.0,0.0,0.0,0.0,0.0,0.0,0.0,0.0,0.0,0.0,0.0,0.0,0.0,0.0,0.0,0.0,0.0,0.0,0.0,0.0,0.0,0.0,0.0,0.0,0.0,0.0,0.0,0.0,0.0,0.0,0.0,0.0,0.0,0.0,0.0,0.0,0.0,0.0,0.0,0.0",6.2,63805.34765625,968060.97265625,8688.4853515625,152432.87158203125,37.0390625
1791397892.660799,aggregate_n8_vmnos8_r4:confirmation,4.6,"4.8,6.1,4.0,0.0,0.0,0.0,4.0,1.0,1.0,1.0,0.0,1.0,1.0,3.0,2.0,0.0,4.1,3.0,1.0,1.0,4.0,2.0,0.0,3.1,1.0,1.0,0.0,1.0,1.0,0.0,66.7,79.2,43.3,52.0,2.0,5.0,4.0,2.1,2.0,3.0,5.2,8.0,2.0,0.0,0.0,11.1,4.0,2.0,5.0,2.1,0.0,5.0,3.2,0.0,2.1,1.0,0.0,0.0,0.0,0.0,1.0,1.0,2.0,0.0,0.0,0.0,0.0,0.0,100.0,100.0,99.0,100.0,99.0,100.0,100.0,100.0,0.0,0.0,0.0,0.0,0.0,0.0,0.0,0.0,0.0,0.0,0.0,0.0,0.0,0.0,0.0,0.0,0.0,0.0,0.0,0.0,0.0,0.0,2.9,0.0,1.0,3.9,0.0,0.0,0.0,0.0,0.0,0.0,0.0,0.0,0.0,0.0,0.0,0.0,0.0,0.0,0.0,0.0,0.0,0.0,0.0,0.0,0.0,0.0,0.0,0.0,0.0,0.0,0.0,0.0,0.0,0.0,0.0,0.0,0.0,0.0,0.0,0.0,0.0,0.0,0.0,0.0,0.0,0.0,1.0,0.0,0.0,0.0,0.0,0.0,0.0,0.0,0.0,0.0,0.0,0.0,0.0,0.0,0.0,0.0,0.0,0.0,0.0,0.0,0.0,0.0,0.0,0.0,0.0,0.0,0.0,0.0,0.0,0.0,0.0,0.0,0.0,0.0,0.0,0.0,0.0,0.0,0.0,0.0,0.0,0.0,0.0,0.0,0.0,0.0,0.0,0.0,0.0,0.0,0.0,0.0,0.0,0.0,0.0,0.0,0.0,0.0,0.0,0.0,0.0,0.0,0.0,0.0,0.0,0.0,0.0,0.0,0.0,0.0,0.0,0.0,0.0,0.0,0.0,0.0,0.0,0.0,0.0,0.0,0.0,0.0,0.0,0.0,0.0,0.0,0.0,0.0,0.0,0.0,0.0,0.0,0.0,0.0,0.0,0.0,0.0,0.0,0.0,0.0,0.0,0.0,0.0,0.0,0.0,0.0,0.0,0.0,0.0,0.0,0.0",6.2,64056.47265625,967809.84765625,8688.4853515625,152432.87158203125,37.0390625
1791397893.6829543,aggregate_n8_vmnos8_r4:confirmation,5.6,"12.6,8.2,10.2,7.0,5.1,7.0,5.1,5.1,8.2,7.8,7.9,5.9,5.8,8.2,8.1,9.9,9.0,21.0,8.1,6.1,5.1,8.2,3.1,9.4,2.0,2.9,4.0,2.0,2.0,4.9,70.7,56.4,45.8,14.9,8.2,9.9,11.3,5.2,7.1,9.1,11.0,8.0,9.9,8.0,6.1,16.2,10.2,7.1,4.0,6.2,6.9,9.3,13.1,13.0,5.1,14.1,3.1,4.9,3.0,4.0,4.9,5.2,4.1,4.0,3.0,3.9,3.9,3.0,100.0,100.0,99.0,100.0,100.0,99.0,100.0,100.0,0.0,0.0,0.0,0.0,0.0,0.0,0.0,0.0,1.1,0.0,0.0,0.0,0.0,0.0,0.0,0.0,0.0,0.0,0.0,0.0,0.0,0.0,1.0,0.0,1.0,1.0,0.0,0.0,0.0,0.0,0.0,0.0,0.0,0.0,0.0,0.0,0.0,0.0,0.0,0.0,0.0,0.0,0.0,0.0,0.0,0.0,0.0,0.0,0.0,0.0,0.0,0.0,0.0,0.0,0.0,0.0,0.0,0.0,0.0,0.0,0.0,0.0,0.0,0.0,0.0,0.0,0.0,0.0,0.0,0.0,0.0,1.0,0.0,0.0,0.0,0.0,0.0,0.0,0.0,0.0,0.0,0.0,0.0,0.0,0.0,0.0,0.0,0.0,0.0,0.0,0.0,0.0,0.0,0.0,0.0,0.0,0.0,0.0,0.0,0.0,0.0,0.0,0.0,0.0,0.0,0.0,0.0,0.0,0.0,0.0,0.0,0.0,0.0,0.0,0.0,0.0,0.0,0.0,0.0,0.0,0.0,0.0,0.0,0.0,0.0,0.0,0.0,0.0,0.0,0.0,0.0,0.0,0.0,0.0,0.0,0.0,0.0,0.0,0.0,0.0,0.0,0.0,0.0,0.0,0.0,0.0,0.0,0.0,0.0,0.0,0.0,0.0,0.0,0.0,0.0,0.0,0.0,0.0,0.0,0.0,0.0,0.0,0.0,0.0,0.0,0.0,0.0,0.0,0.0,0.0,0.0,0.0,0.0,0.0,0.0,0.0,0.0,0.0,0.0",6.2,63789.64453125,968076.67578125,8688.4853515625,152433.12158203125,37.0390625
1791397894.7063203,aggregate_n8_vmnos8_r4:confirmation,4.6,"4.8,6.2,5.1,3.0,2.0,1.0,8.0,0.0,2.1,1.0,0.0,1.0,0.0,2.0,2.0,1.0,7.1,6.9,4.0,1.0,1.0,1.0,13.6,0.0,4.8,0.0,1.0,1.0,1.0,1.0,68.6,33.0,40.0,62.4,7.1,4.2,3.0,4.0,4.0,4.0,5.2,2.0,2.1,2.0,2.0,10.1,3.8,1.0,5.0,3.1,5.0,6.0,4.2,2.1,2.0,5.0,1.0,0.0,2.0,1.9,0.0,0.0,1.0,2.0,0.0,0.0,1.0,0.0,100.0,100.0,100.0,100.0,100.0,100.0,100.0,100.0,0.0,0.0,0.0,0.0,0.0,0.0,0.0,0.0,1.0,0.0,0.0,0.0,0.0,0.0,0.0,0.0,0.0,0.0,0.0,0.0,0.0,0.0,0.0,0.0,0.0,0.0,0.0,0.0,0.0,0.0,0.0,0.0,0.0,0.0,0.0,0.0,0.0,0.0,0.0,0.0,0.0,0.0,0.0,0.0,0.0,0.0,0.0,0.0,0.0,0.0,0.0,0.0,0.0,0.0,0.0,0.0,0.0,0.0,0.0,0.0,0.0,1.0,0.0,0.0,0.0,2.0,1.0,0.0,0.0,0.0,0.0,0.0,0.0,0.0,0.0,0.0,0.0,0.0,0.0,0.0,0.0,0.0,0.0,0.0,0.0,0.0,0.0,0.0,0.0,0.0,0.0,0.0,0.0,0.0,0.0,0.0,0.0,0.0,0.0,0.0,0.0,0.0,0.0,0.0,0.0,0.0,0.0,0.0,0.0,0.0,0.0,0.0,0.0,0.0,0.0,0.0,0.0,0.0,0.0,0.0,0.0,0.0,0.0,0.0,0.0,0.0,0.0,0.0,0.0,0.0,0.0,0.0,0.0,0.0,0.0,0.0,0.0,0.0,0.0,0.0,0.0,0.0,0.0,0.0,0.0,0.0,0.0,0.0,0.0,0.0,0.0,0.0,0.0,0.0,0.0,0.0,0.0,0.0,0.0,0.0,0.0,0.0,0.0,0.0,0.0,0.0,0.0,0.0,0.0,0.0,0.0,0.0,0.0,0.0,0.0,0.0,0.0,0.0,0.0",6.2,64040.93359375,967825.38671875,8688.4853515625,152434.42236328125,37.0390625
1791397895.7285936,aggregate_n8_vmnos8_r4:confirmation,5.5,"15.5,5.2,6.1,6.1,5.9,4.0,8.0,5.9,10.2,4.1,5.0,4.0,5.0,5.9,7.0,5.9,6.9,6.8,2.0,5.0,6.9,5.9,6.0,4.1,3.0,2.0,2.0,2.9,4.9,2.0,38.6,73.3,71.3,49.5,4.0,6.0,5.1,6.2,1.0,4.9,8.4,6.9,6.2,6.0,6.2,9.2,8.1,8.0,4.0,5.4,10.9,13.5,11.3,6.0,4.1,2.0,5.0,4.0,6.9,5.0,4.0,4.9,4.1,8.9,3.9,1.0,1.0,4.0,99.0,100.0,100.0,100.0,99.0,100.0,100.0,100.0,0.0,0.0,0.0,0.0,0.0,1.0,0.0,0.0,1.0,0.0,0.0,0.0,0.0,0.0,0.0,0.0,0.0,0.0,0.0,0.0,0.0,0.0,1.0,3.9,9.9,1.9,0.0,0.0,0.0,0.0,0.0,0.0,0.0,0.0,0.0,0.0,0.0,0.0,0.0,0.0,0.0,0.0,0.0,0.0,0.0,0.0,0.0,0.0,0.0,0.0,0.0,0.0,0.0,0.0,0.0,0.0,0.0,0.0,0.0,0.0,0.0,0.0,0.0,0.0,0.0,2.0,0.0,0.0,0.0,0.0,0.0,0.0,0.0,0.0,0.0,0.0,0.0,0.0,0.0,0.0,0.0,0.0,0.0,0.0,0.0,0.0,0.0,0.0,0.0,0.0,0.0,0.0,0.0,0.0,0.0,0.0,0.0,0.0,0.0,0.0,0.0,0.0,0.0,0.0,0.0,0.0,0.0,0.0,0.0,0.0,0.0,0.0,0.0,0.0,0.0,0.0,0.0,0.0,0.0,0.0,0.0,0.0,0.0,0.0,0.0,0.0,0.0,0.0,0.0,0.0,0.0,0.0,0.0,0.0,0.0,0.0,0.0,0.0,0.0,0.0,0.0,0.0,0.0,0.0,0.0,0.0,0.0,0.0,0.0,0.0,0.0,0.0,0.0,0.0,0.0,0.0,0.0,0.0,0.0,0.0,0.0,0.0,0.0,0.0,0.0,0.0,0.0,0.0,0.0,0.0,0.0,0.0,0.0,0.0,0.0,0.0,0.0,0.0,0.0",6.2,63953.546875,967912.7734375,8688.4853515625,152434.42236328125,37.0390625
1791397896.7523289,aggregate_n8_vmnos8_r4:confirmation,4.7,"9.1,2.1,1.0,7.8,2.0,2.0,3.1,0.0,0.0,1.0,4.0,3.0,2.0,2.0,1.0,0.0,0.0,2.0,2.0,0.0,3.0,0.0,0.0,1.0,0.0,0.0,0.0,1.0,1.0,1.0,63.7,56.9,93.0,48.5,2.0,4.0,2.0,2.0,2.9,2.0,5.9,0.0,1.0,1.0,2.0,4.0,5.9,2.0,1.0,1.0,3.0,3.0,4.2,3.0,10.8,2.0,0.0,0.0,0.0,0.0,0.0,0.0,1.0,0.0,0.0,0.0,0.0,1.0,100.0,100.0,100.0,100.0,100.0,100.0,100.0,100.0,0.0,0.0,0.0,0.0,0.0,1.0,0.0,0.0,6.5,0.0,0.0,0.0,0.0,0.0,0.0,0.0,0.0,0.0,0.0,0.0,0.0,0.0,2.9,1.0,3.0,3.0,0.0,0.0,0.0,0.0,0.0,0.0,0.0,0.0,0.0,0.0,0.0,0.0,0.0,0.0,0.0,0.0,0.0,0.0,0.0,0.0,0.0,0.0,0.0,0.0,0.0,0.0,0.0,0.0,0.0,0.0,0.0,0.0,0.0,0.0,0.0,0.0,0.0,0.0,0.0,0.0,0.0,0.0,0.0,0.0,0.0,0.0,0.0,0.0,0.0,0.0,0.0,0.0,0.0,0.0,0.0,0.0,0.0,0.0,0.0,0.0,0.0,0.0,0.0,0.0,0.0,0.0,0.0,0.0,0.0,0.0,0.0,0.0,0.0,0.0,0.0,0.0,0.0,0.0,0.0,0.0,0.0,0.0,0.0,0.0,0.0,0.0,0.0,0.0,0.0,0.0,0.0,0.0,0.0,0.0,0.0,0.0,0.0,0.0,0.0,0.0,0.0,0.0,0.0,0.0,0.0,0.0,0.0,0.0,0.0,0.0,0.0,0.0,0.0,0.0,0.0,0.0,0.0,0.0,0.0,0.0,0.0,0.0,0.0,0.0,0.0,0.0,0.0,0.0,0.0,0.0,0.0,0.0,0.0,0.0,0.0,0.0,0.0,0.0,0.0,0.0,0.0,0.0,0.0,0.0,0.0,0.0,0.0,0.0,0.0,0.0,0.0,0.0,0.0",6.2,64085.92578125,967780.39453125,8688.4853515625,152434.42236328125,35.59423828125
1791397897.7757647,aggregate_n8_vmnos8_r4:confirmation,5.8,"15.1,7.4,10.2,7.1,6.0,6.1,6.1,5.1,5.9,6.9,6.9,6.0,18.4,7.1,3.0,8.0,14.1,16.2,4.1,5.1,5.0,6.2,5.0,7.2,2.0,2.0,2.0,2.9,1.0,2.0,44.0,47.5,100.0,73.5,9.1,4.1,3.0,2.0,6.9,3.0,6.0,7.0,8.0,7.0,8.0,11.9,11.2,8.1,7.9,8.2,6.9,3.2,10.3,7.4,5.0,5.1,5.9,5.0,3.0,5.9,4.0,3.1,9.1,6.0,3.9,3.9,4.9,3.0,100.0,100.0,100.0,100.0,100.0,100.0,100.0,100.0,0.0,0.0,0.0,0.0,0.0,0.0,0.0,0.0,1.0,0.0,0.0,0.0,0.0,0.0,0.0,0.0,0.0,0.0,0.0,0.0,0.0,0.0,3.0,2.0,3.9,2.9,0.0,0.0,0.0,0.0,0.0,0.0,0.0,0.0,0.0,0.0,0.0,0.0,0.0,0.0,0.0,0.0,0.0,0.0,0.0,0.0,0.0,0.0,0.0,0.0,0.0,0.0,0.0,0.0,0.0,0.0,0.0,0.0,0.0,0.0,0.0,0.0,0.0,0.0,0.0,0.0,0.0,0.0,0.0,0.0,0.0,0.0,0.0,0.0,0.0,0.0,0.0,0.0,0.0,0.0,0.0,0.0,0.0,0.0,0.0,0.0,0.0,0.0,0.0,0.0,0.0,0.0,0.0,0.0,0.0,0.0,0.0,0.0,0.0,0.0,0.0,0.0,0.0,0.0,0.0,0.0,0.0,0.0,0.0,0.0,0.0,0.0,0.0,0.0,0.0,0.0,0.0,0.0,0.0,0.0,0.0,0.0,0.0,0.0,0.0,0.0,0.0,0.0,0.0,0.0,0.0,0.0,0.0,0.0,0.0,0.0,0.0,0.0,0.0,0.0,0.0,0.0,0.0,0.0,0.0,0.0,0.0,0.0,0.0,0.0,0.0,0.0,0.0,0.0,0.0,0.0,0.0,0.0,0.0,0.0,0.0,0.0,0.0,0.0,0.0,0.0,0.0,0.0,0.0,0.0,0.0,0.0,0.0,0.0,0.0,0.0,0.0,0.0,0.0",6.2,63923.640625,967942.6796875,8688.4853515625,152434.42236328125,35.59423828125
1791397898.798399,aggregate_n8_vmnos8_r4:confirmation,4.5,"8.1,4.1,0.0,3.0,1.0,1.0,0.0,1.0,1.0,0.0,0.0,0.0,1.0,1.0,1.0,3.0,9.1,1.0,2.0,0.0,2.0,1.0,1.0,1.0,2.0,1.0,2.9,1.0,1.0,0.0,29.3,68.0,99.0,53.9,2.9,4.8,6.0,2.9,1.0,1.0,2.0,1.0,2.0,0.0,2.0,3.0,6.0,0.0,4.0,2.1,7.2,1.0,5.2,1.0,0.0,1.0,1.0,1.0,1.0,1.0,0.0,0.0,1.0,2.0,0.0,0.0,1.0,0.0,100.0,100.0,100.0,99.0,99.0,100.0,100.0,100.0,0.0,0.0,0.0,0.0,0.0,0.0,0.0,0.0,0.0,0.0,0.0,0.0,0.0,0.0,0.0,0.0,0.0,0.0,0.0,0.0,0.0,0.0,0.0,0.0,0.0,0.0,0.0,0.0,0.0,0.0,0.0,0.0,0.0,0.0,0.0,0.0,0.0,0.0,0.0,0.0,0.0,0.0,0.0,0.0,0.0,0.0,0.0,0.0,0.0,0.0,0.0,0.0,0.0,0.0,0.0,0.0,0.0,0.0,0.0,0.0,0.0,0.0,0.0,0.0,0.0,2.0,0.0,0.0,0.0,0.0,1.0,0.0,0.0,0.0,0.0,0.0,0.0,0.0,0.0,0.0,0.0,0.0,0.0,0.0,0.0,0.0,0.0,0.0,0.0,0.0,0.0,0.0,0.0,0.0,0.0,0.0,0.0,0.0,0.0,0.0,0.0,0.0,0.0,0.0,0.0,0.0,0.0,0.0,0.0,0.0,0.0,0.0,0.0,0.0,0.0,0.0,0.0,0.0,0.0,0.0,0.0,0.0,0.0,0.0,0.0,0.0,0.0,0.0,0.0,0.0,0.0,0.0,0.0,0.0,0.0,0.0,0.0,0.0,0.0,0.0,0.0,0.0,0.0,0.0,0.0,0.0,0.0,0.0,0.0,0.0,0.0,0.0,0.0,0.0,0.0,0.0,0.0,0.0,0.0,0.0,0.0,0.0,0.0,0.0,0.0,0.0,0.0,0.0,0.0,0.0,0.0,0.0,0.0,0.0,0.0,0.0,0.0,0.0,0.0",6.2,64331.92578125,967534.39453125,8688.4853515625,152434.90283203125,35.59423828125
1791397899.8483613,aggregate_n8_vmnos8_r4:confirmation,5.6,"9.3,7.8,7.8,7.8,4.9,7.8,11.7,4.0,4.9,4.8,4.7,2.0,3.9,4.9,15.4,3.0,6.8,6.9,5.0,3.9,6.9,5.7,6.8,6.3,2.0,2.9,2.9,1.9,2.9,1.9,60.4,66.7,60.4,60.6,4.0,5.9,2.9,2.9,4.0,2.0,8.9,6.8,5.8,5.0,8.8,5.1,11.8,4.9,13.7,21.2,10.0,6.1,9.0,4.0,3.8,3.0,2.9,5.8,4.9,4.9,3.9,4.8,4.9,3.0,2.9,2.9,3.8,3.8,100.0,100.0,100.0,100.0,100.0,100.0,99.0,100.0,0.0,0.0,0.0,0.0,0.0,0.0,0.0,0.0,0.0,0.0,0.0,0.0,0.0,0.0,0.0,0.0,0.0,0.0,0.0,0.0,0.0,0.0,1.9,1.9,0.0,1.9,0.0,0.0,0.0,0.0,0.0,0.0,0.0,0.0,0.0,0.0,0.0,0.0,0.0,0.0,0.0,0.0,0.0,0.0,0.0,0.0,0.0,0.0,0.0,0.0,0.0,0.0,0.0,0.0,0.0,0.0,0.0,0.0,0.0,0.0,0.0,0.0,0.0,0.0,0.0,0.0,0.0,0.0,0.0,0.0,0.0,0.0,0.0,0.0,0.0,0.0,0.0,0.0,0.0,0.0,0.0,0.0,0.0,0.0,0.0,0.0,0.0,0.0,0.0,0.0,0.0,0.0,0.0,0.0,0.0,0.0,0.0,0.0,0.0,0.0,0.0,0.0,0.0,0.0,0.0,0.0,0.0,0.0,0.0,0.0,0.0,0.0,0.0,0.0,0.0,0.0,0.0,0.0,0.0,0.0,0.0,0.0,0.0,0.0,0.0,0.0,0.0,0.0,0.0,0.0,0.0,0.0,0.0,0.0,0.0,0.0,0.0,0.0,0.0,0.0,0.0,0.0,0.0,0.0,0.0,0.0,0.0,0.0,0.0,0.0,0.0,0.0,0.0,0.0,0.0,0.0,0.0,0.0,0.0,0.0,0.0,0.0,0.0,0.0,0.0,0.0,0.0,0.0,0.0,0.0,0.0,0.0,0.0,0.0,0.0,0.0,0.0,0.0,0.0",6.2,63937.046875,967929.2734375,8688.4853515625,152436.32080078125,35.59423828125
1791397900.871774,aggregate_n8_vmnos8_r4:confirmation,4.1,"2.4,2.0,1.0,2.1,1.0,1.0,2.0,0.0,0.0,1.0,0.0,1.0,1.0,0.0,2.0,1.0,1.0,4.0,0.0,1.0,1.0,0.0,1.0,2.0,1.0,1.0,1.0,0.0,0.0,1.0,33.0,38.4,19.2,48.5,3.0,9.1,1.0,3.1,4.1,1.0,3.1,1.0,1.0,3.1,4.0,5.0,6.0,3.0,5.1,3.1,3.1,3.1,2.1,1.0,0.0,0.0,1.0,1.0,1.0,1.0,1.0,3.0,2.0,3.0,0.0,0.0,0.0,1.0,99.0,100.0,100.0,99.0,100.0,100.0,100.0,100.0,0.0,0.0,0.0,0.0,0.0,1.0,0.0,0.0,0.0,0.0,0.0,0.0,0.0,0.0,0.0,0.0,0.0,0.0,0.0,0.0,0.0,0.0,0.0,0.0,0.0,0.0,0.0,0.0,0.0,0.0,0.0,0.0,0.0,0.0,0.0,0.0,0.0,0.0,0.0,0.0,0.0,0.0,0.0,0.0,0.0,0.0,0.0,0.0,0.0,0.0,0.0,0.0,0.0,0.0,0.0,0.0,0.0,0.0,0.0,0.0,0.0,0.0,0.0,0.0,0.0,2.1,0.0,0.0,0.0,0.0,0.0,0.0,0.0,0.0,0.0,0.0,0.0,0.0,0.0,0.0,0.0,0.0,0.0,0.0,0.0,0.0,0.0,0.0,0.0,0.0,0.0,0.0,0.0,0.0,0.0,0.0,0.0,0.0,0.0,0.0,0.0,0.0,0.0,0.0,0.0,0.0,0.0,0.0,0.0,0.0,0.0,0.0,0.0,0.0,0.0,0.0,0.0,0.0,0.0,0.0,0.0,0.0,0.0,0.0,0.0,0.0,0.0,0.0,0.0,0.0,0.0,0.0,0.0,0.0,0.0,0.0,0.0,0.0,0.0,0.0,0.0,0.0,0.0,0.0,0.0,0.0,0.0,0.0,0.0,0.0,0.0,0.0,0.0,0.0,0.0,0.0,0.0,0.0,0.0,0.0,0.0,0.0,0.0,0.0,0.0,0.0,0.0,0.0,0.0,0.0,0.0,0.0,0.0,0.0,0.0,0.0,0.0,0.0,0.0",6.2,63710.2578125,968156.0625,8688.4853515625,152436.32080078125,35.59423828125
1791397901.894229,aggregate_n8_vmnos8_r4:confirmation,5.4,"12.4,8.1,4.9,5.2,4.9,5.0,2.0,3.9,5.1,7.1,4.0,2.0,5.0,5.0,13.7,7.9,2.0,5.0,5.9,2.9,3.0,2.0,2.0,5.1,5.8,2.0,5.0,5.0,3.0,4.9,58.4,43.1,96.0,63.4,3.0,4.9,3.0,3.0,3.0,4.0,4.0,5.0,4.9,5.9,6.9,10.9,8.8,5.0,4.3,12.5,5.0,5.3,3.3,4.0,5.9,5.9,5.9,7.0,4.9,3.0,3.0,3.0,4.9,4.0,4.9,2.0,2.9,3.9,100.0,100.0,99.0,100.0,100.0,100.0,100.0,100.0,0.0,0.0,0.0,0.0,0.0,1.0,0.0,0.0,2.1,0.0,0.0,0.0,0.0,0.0,0.0,0.0,0.0,0.0,0.0,0.0,0.0,0.0,0.0,0.0,0.0,1.9,0.0,0.0,0.0,0.0,0.0,0.0,0.0,0.0,0.0,0.0,0.0,0.0,0.0,0.0,0.0,0.0,0.0,0.0,0.0,0.0,0.0,0.0,0.0,0.0,0.0,0.0,0.0,0.0,0.0,0.0,0.0,0.0,0.0,0.0,0.0,0.0,0.0,0.0,0.0,1.0,0.0,0.0,0.0,0.0,0.0,0.0,0.0,0.0,0.0,0.0,0.0,0.0,0.0,0.0,0.0,0.0,0.0,0.0,0.0,0.0,0.0,0.0,0.0,0.0,0.0,0.0,0.0,0.0,0.0,0.0,0.0,0.0,0.0,0.0,0.0,0.0,0.0,0.0,0.0,0.0,0.0,0.0,0.0,0.0,0.0,0.0,0.0,0.0,0.0,0.0,0.0,0.0,0.0,0.0,0.0,0.0,0.0,0.0,0.0,0.0,0.0,0.0,0.0,0.0,0.0,0.0,0.0,0.0,0.0,0.0,0.0,0.0,0.0,0.0,0.0,0.0,0.0,0.0,0.0,0.0,0.0,0.0,0.0,0.0,0.0,0.0,0.0,0.0,0.0,0.0,0.0,0.0,0.0,0.0,0.0,0.0,0.0,0.0,0.0,0.0,0.0,0.0,0.0,0.0,0.0,0.0,0.0,0.0,0.0,0.0,0.0,0.0,0.0",6.2,63937.27734375,967929.04296875,8688.4853515625,152436.32080078125,38.26953125
1791397902.9170988,aggregate_n8_vmnos8_r4:confirmation,4.4,"6.0,3.0,0.0,0.0,3.0,1.0,1.0,1.0,2.0,0.0,0.0,2.0,1.0,0.0,1.0,0.0,4.0,3.0,2.0,0.0,1.0,0.0,2.9,1.0,0.0,0.0,0.0,0.0,1.9,0.0,48.0,63.4,0.0,99.0,1.0,2.9,3.0,1.9,1.0,1.0,3.1,2.0,1.0,0.0,0.0,4.0,6.9,1.0,3.2,10.3,2.1,2.1,2.1,1.0,5.0,1.0,5.0,1.0,0.0,0.0,1.0,0.0,0.0,0.0,0.0,0.0,0.0,0.0,100.0,100.0,100.0,100.0,99.0,100.0,100.0,100.0,0.0,0.0,0.0,0.0,0.0,0.0,0.0,0.0,0.0,0.0,0.0,0.0,0.0,0.0,0.0,0.0,0.0,0.0,0.0,0.0,0.0,0.0,0.0,0.0,0.0,0.0,0.0,0.0,0.0,0.0,0.0,0.0,0.0,0.0,0.0,0.0,0.0,0.0,0.0,0.0,0.0,0.0,0.0,0.0,0.0,0.0,0.0,0.0,0.0,0.0,0.0,0.0,0.0,0.0,0.0,0.0,0.0,0.0,0.0,0.0,0.0,0.0,0.0,0.0,0.0,1.0,0.0,0.0,0.0,0.0,0.0,0.0,0.0,0.0,0.0,0.0,0.0,0.0,0.0,0.0,0.0,0.0,0.0,0.0,0.0,0.0,0.0,0.0,0.0,0.0,0.0,0.0,0.0,0.0,0.0,0.0,0.0,0.0,0.0,0.0,0.0,0.0,0.0,0.0,0.0,0.0,0.0,0.0,0.0,0.0,0.0,0.0,0.0,0.0,0.0,0.0,0.0,0.0,0.0,0.0,0.0,0.0,0.0,0.0,0.0,0.0,0.0,0.0,0.0,0.0,0.0,0.0,0.0,0.0,0.0,0.0,0.0,0.0,0.0,0.0,0.0,0.0,0.0,0.0,0.0,0.0,0.0,0.0,0.0,0.0,0.0,0.0,0.0,0.0,0.0,0.0,0.0,0.0,0.0,0.0,0.0,0.0,0.0,0.0,0.0,0.0,0.0,0.0,0.0,0.0,0.0,0.0,0.0,0.0,0.0,0.0,0.0,0.0,0.0",6.2,64294.10546875,967572.21484375,8688.4853515625,152436.32080078125,38.26953125
1791397903.9389553,aggregate_n8_vmnos8_r4:confirmation,5.4,"5.8,12.1,20.0,3.1,5.0,3.0,15.2,7.0,7.0,4.0,3.9,5.0,2.0,5.0,13.0,7.9,7.1,6.1,6.1,9.2,10.3,6.2,5.2,5.1,3.9,2.0,3.0,2.0,3.0,2.9,68.0,67.3,44.1,76.2,4.9,3.0,2.0,1.0,1.0,2.0,5.0,4.1,3.0,7.9,5.0,10.1,10.1,7.9,6.0,5.1,6.0,2.0,5.2,3.0,2.9,2.9,3.0,4.0,3.0,7.0,6.9,4.0,4.0,3.1,2.0,2.0,2.9,2.0,100.0,100.0,100.0,99.0,100.0,100.0,100.0,99.0,0.0,0.0,0.0,0.0,0.0,1.0,1.0,0.0,1.0,0.0,0.0,0.0,0.0,0.0,0.0,0.0,0.0,0.0,0.0,0.0,0.0,0.0,1.0,2.0,0.0,0.0,0.0,0.0,0.0,0.0,0.0,0.0,0.0,0.0,0.0,0.0,0.0,0.0,0.0,0.0,0.0,0.0,0.0,0.0,0.0,0.0,0.0,0.0,0.0,0.0,0.0,0.0,0.0,0.0,0.0,0.0,0.0,0.0,0.0,0.0,0.0,0.0,0.0,0.0,0.0,0.0,0.0,1.0,0.0,0.0,0.0,1.0,0.0,0.0,0.0,0.0,0.0,0.0,0.0,0.0,0.0,0.0,0.0,0.0,0.0,0.0,0.0,0.0,0.0,0.0,0.0,0.0,0.0,0.0,0.0,0.0,0.0,0.0,0.0,0.0,0.0,0.0,0.0,0.0,0.0,0.0,0.0,0.0,0.0,0.0,0.0,0.0,0.0,0.0,0.0,0.0,0.0,0.0,0.0,0.0,0.0,0.0,0.0,0.0,0.0,0.0,0.0,0.0,0.0,0.0,0.0,0.0,0.0,0.0,0.0,0.0,0.0,0.0,0.0,0.0,0.0,0.0,0.0,0.0,0.0,0.0,0.0,0.0,0.0,0.0,0.0,0.0,0.0,0.0,0.0,0.0,0.0,0.0,0.0,0.0,0.0,0.0,0.0,0.0,0.0,0.0,0.0,0.0,0.0,0.0,0.0,0.0,0.0,0.0,0.0,0.0,0.0,0.0,0.0",6.2,64037.796875,967828.5234375,8688.4853515625,152436.54736328125,38.26953125
1791397904.9613514,aggregate_n8_vmnos8_r4:confirmation,4.5,"3.6,2.0,0.0,2.9,0.0,2.0,1.0,0.0,2.0,0.0,0.0,0.0,1.0,1.0,1.0,0.0,1.0,4.0,1.0,1.0,3.1,1.0,0.0,0.0,0.0,1.9,0.0,0.0,0.0,0.0,60.0,97.0,80.0,43.6,1.0,2.0,3.0,2.0,1.0,1.0,0.0,2.0,0.0,0.0,0.0,2.0,3.9,0.0,1.0,3.1,1.0,2.0,2.0,1.0,1.0,0.0,0.0,2.0,0.0,0.0,0.0,0.0,1.0,0.0,1.0,1.0,0.0,0.0,99.0,100.0,99.0,100.0,100.0,99.0,100.0,100.0,0.0,0.0,0.0,0.0,0.0,1.0,0.0,0.0,1.0,0.0,0.0,0.0,0.0,0.0,0.0,0.0,0.0,0.0,0.0,0.0,0.0,0.0,2.0,0.0,0.0,2.9,0.0,0.0,0.0,0.0,0.0,0.0,0.0,0.0,0.0,0.0,0.0,0.0,0.0,0.0,0.0,0.0,0.0,0.0,0.0,0.0,0.0,0.0,0.0,0.0,0.0,0.0,0.0,0.0,0.0,0.0,0.0,0.0,0.0,0.0,0.0,0.0,0.0,0.0,0.0,1.1,1.0,0.0,0.0,0.0,0.0,0.0,0.0,0.0,0.0,0.0,0.0,0.0,0.0,0.0,0.0,0.0,0.0,0.0,0.0,0.0,0.0,0.0,0.0,0.0,0.0,0.0,0.0,0.0,0.0,0.0,0.0,0.0,0.0,0.0,0.0,0.0,0.0,0.0,0.0,0.0,0.0,0.0,0.0,0.0,0.0,0.0,0.0,0.0,0.0,0.0,0.0,0.0,0.0,0.0,0.0,0.0,0.0,0.0,0.0,0.0,0.0,0.0,0.0,0.0,0.0,0.0,0.0,0.0,0.0,0.0,0.0,0.0,0.0,0.0,0.0,0.0,0.0,0.0,0.0,0.0,0.0,0.0,0.0,0.0,0.0,0.0,0.0,0.0,0.0,0.0,0.0,0.0,0.0,0.0,0.0,0.0,0.0,0.0,0.0,0.0,0.0,0.0,0.0,0.0,0.0,0.0,0.0,0.0,0.0,0.0,0.0,0.0,0.0",6.3,64637.71484375,967228.60546875,8688.4853515625,152437.89111328125,38.26953125
1791397905.9854207,idle,6.1,"9.2,11.1,5.9,10.8,5.9,21.4,7.8,15.0,12.1,8.7,4.0,7.8,6.2,11.0,11.7,8.2,9.7,5.1,15.0,7.0,9.7,5.1,6.9,5.0,1.0,1.0,2.9,3.8,5.8,8.9,53.9,70.2,55.9,61.5,2.9,4.9,3.9,7.0,4.9,2.0,6.9,8.0,8.5,7.7,11.9,10.6,14.3,15.5,4.9,7.1,2.0,5.2,10.3,29.0,6.7,3.9,6.8,4.0,4.9,18.0,5.8,7.8,4.9,8.7,1.0,4.7,2.9,2.9,100.0,99.0,100.0,100.0,100.0,100.0,100.0,100.0,0.0,0.0,0.0,0.0,0.0,1.0,0.0,0.0,1.1,0.0,0.0,0.0,0.0,0.0,0.0,0.0,0.0,0.0,0.0,0.0,0.0,0.0,10.6,0.0,0.0,5.9,0.0,0.0,0.0,0.0,0.0,0.0,0.0,0.0,0.0,0.0,0.0,0.0,0.0,0.0,0.0,0.0,0.0,0.0,0.0,0.0,0.0,0.0,0.0,0.0,0.0,0.0,0.0,0.0,0.0,0.0,0.0,0.0,0.0,0.0,0.0,0.0,0.0,0.0,0.0,0.0,0.0,0.0,0.0,0.0,0.0,0.0,0.0,0.0,0.0,0.0,0.0,0.0,0.0,0.0,0.0,0.0,0.0,0.0,0.0,0.0,0.0,0.0,0.0,0.0,0.0,0.0,0.0,0.0,0.0,0.0,0.0,0.0,0.0,0.0,0.0,0.0,0.0,0.0,0.0,0.0,0.0,0.0,0.0,0.0,0.0,0.0,0.0,0.0,0.0,0.0,0.0,0.0,0.0,0.0,0.0,0.0,0.0,0.0,0.0,0.0,0.0,0.0,0.0,0.0,0.0,0.0,0.0,0.0,0.0,0.0,0.0,0.0,0.0,0.0,0.0,0.0,0.0,0.0,0.0,0.0,0.0,0.0,0.0,0.0,0.0,0.0,0.0,0.0,0.0,0.0,0.0,0.0,0.0,0.0,0.0,0.0,0.0,0.0,0.0,0.0,0.0,0.0,0.0,0.0,0.0,0.0,0.0,0.0,0.0,0.0,0.0,0.0,0.0",6.2,63925.5234375,967940.796875,8688.4853515625,152437.89111328125,38.26953125
1791397907.0997324,individual_n8_vmnos8_r5:confirmation,8.7,"26.0,21.4,26.6,24.1,18.2,19.1,29.1,18.3,23.0,14.7,27.3,21.6,16.5,26.1,17.6,18.9,18.5,18.2,27.8,16.4,18.3,16.3,18.3,21.1,14.4,15.5,18.9,15.2,15.6,14.4,21.1,99.1,54.0,41.6,15.5,17.0,14.4,21.6,20.0,16.4,10.3,19.8,13.6,15.5,25.9,29.6,34.5,22.2,23.2,20.4,11.7,20.2,15.6,33.0,28.2,15.9,12.8,20.0,24.3,21.3,30.6,15.2,19.1,16.8,23.4,18.3,17.3,25.9,100.0,100.0,100.0,100.0,100.0,100.0,100.0,100.0,0.0,0.0,0.0,0.0,0.0,0.0,0.0,0.0,4.7,0.0,0.0,0.0,0.0,0.0,0.0,0.0,0.0,0.0,0.0,0.0,0.0,0.0,1.8,0.0,0.0,1.8,0.0,0.0,0.0,0.0,0.0,0.0,0.0,0.0,0.0,0.0,0.0,0.0,0.0,0.0,0.0,0.0,0.0,0.0,0.0,0.0,0.0,0.0,0.0,0.0,0.0,0.0,0.0,0.0,0.0,0.0,0.0,0.0,0.0,0.0,0.0,0.0,0.0,0.0,0.0,1.8,0.0,0.0,0.0,0.0,0.0,0.0,0.0,0.0,0.0,0.0,0.0,0.0,0.0,0.0,0.0,0.0,0.0,0.0,0.0,0.0,0.0,0.0,0.0,0.0,0.0,0.0,0.0,0.0,0.0,0.0,0.0,0.0,0.0,0.0,0.0,0.0,0.0,0.0,0.0,0.0,0.0,0.0,0.0,0.0,0.0,0.0,0.0,0.0,0.0,0.0,0.0,0.0,0.0,0.0,0.0,0.0,0.0,0.0,0.0,0.0,0.0,0.0,0.0,0.0,0.0,0.0,0.0,0.0,0.0,0.0,0.0,0.0,0.0,0.0,0.0,0.0,0.0,0.0,0.0,0.0,0.0,0.0,0.0,0.0,0.0,0.0,0.0,0.0,0.0,0.0,0.0,0.0,0.0,0.0,0.0,0.0,0.0,0.0,0.0,0.0,0.0,0.0,0.0,0.0,0.0,0.0,0.0,0.0,0.0,0.0,0.0,0.0,0.0",6.2,63836.125,968030.1953125,8688.4853515625,152437.89111328125,36.96630859375
1791397908.2019598,individual_n8_vmnos8_r5:confirmation,5.8,"3.2,4.7,5.7,4.7,6.8,9.4,5.5,5.6,3.9,6.5,4.6,4.6,3.7,13.3,3.7,2.8,3.8,4.7,0.9,4.8,1.8,0.9,5.6,17.1,0.9,0.9,0.0,0.9,0.9,0.9,67.6,100.0,66.4,44.0,3.6,2.8,2.7,2.8,4.6,1.9,4.7,5.7,5.6,8.4,1.9,8.3,18.7,4.7,3.7,17.6,4.7,4.7,2.9,0.9,8.5,13.0,2.8,4.6,5.6,1.9,4.5,14.5,1.8,0.9,7.1,2.7,17.3,0.0,100.0,100.0,100.0,100.0,100.0,100.0,99.1,100.0,0.0,0.0,0.0,0.0,0.0,0.9,0.0,0.0,2.8,0.0,0.0,0.0,0.0,0.0,0.0,0.0,0.0,0.0,0.0,0.0,0.0,0.0,0.0,0.0,0.0,0.0,0.0,0.0,0.0,0.0,0.0,0.0,0.0,0.0,0.0,0.0,0.0,0.0,0.0,0.0,0.0,0.0,0.0,0.0,0.0,0.0,0.0,0.0,0.0,0.0,0.0,0.0,0.0,0.0,0.0,0.0,0.0,0.0,0.0,0.0,0.0,0.0,0.0,0.0,0.0,0.0,0.0,0.0,0.0,0.0,0.0,0.0,0.0,0.0,0.0,0.0,0.0,0.0,0.0,0.0,0.0,0.0,0.0,0.0,0.0,0.0,0.0,0.0,0.0,0.0,0.0,0.0,0.0,0.0,0.0,0.0,0.0,0.0,0.0,0.0,0.0,0.0,0.0,0.0,0.0,0.0,0.0,0.0,0.0,0.0,0.0,0.0,0.0,0.0,0.0,0.0,0.0,0.0,0.0,0.0,0.0,0.0,0.0,0.0,0.0,0.0,0.0,0.0,0.0,0.0,0.0,0.0,0.0,0.0,0.0,0.0,0.0,0.0,0.0,0.0,0.0,0.0,0.0,0.0,0.0,0.0,0.0,0.0,0.0,0.0,0.0,0.0,0.0,0.0,0.0,0.0,0.0,0.0,0.0,0.0,0.0,0.0,0.0,0.0,0.0,0.0,0.0,0.0,0.0,0.0,0.0,0.0,0.0,0.0,0.0,0.0,0.0,0.0,0.0",6.2,64076.59375,967789.7265625,8688.4853515625,152437.89111328125,36.96630859375
1791397909.4611568,individual_n8_vmnos8_r5:confirmation,6.4,"11.2,16.8,6.0,9.2,14.9,13.0,8.8,11.9,4.2,16.7,3.4,5.8,15.0,25.4,16.4,5.2,7.6,9.3,7.5,10.4,21.7,18.1,5.9,8.3,0.8,3.3,4.1,5.8,2.5,5.7,25.6,99.2,75.4,45.8,5.2,11.9,8.6,10.1,9.3,6.0,7.7,14.5,12.0,8.5,5.1,5.2,4.3,12.3,14.5,6.0,10.1,9.5,11.5,7.4,5.2,8.4,6.6,9.8,5.8,7.6,11.8,7.6,8.4,5.9,5.8,5.7,4.2,4.9,100.0,100.0,100.0,100.0,100.0,100.0,100.0,99.2,0.0,0.0,0.0,0.0,0.0,0.0,0.0,0.0,2.5,0.0,0.0,0.0,0.0,0.0,0.0,0.0,0.0,0.0,0.0,0.0,0.0,0.0,7.4,3.3,0.0,6.5,0.0,0.0,0.0,0.0,0.0,0.0,0.0,0.0,0.0,0.0,0.0,0.0,0.0,0.0,0.0,0.0,0.0,0.0,0.0,0.0,0.0,0.0,0.0,0.0,0.0,0.0,0.0,0.0,0.0,0.0,0.0,0.0,0.0,0.0,0.0,0.0,0.0,0.0,0.0,0.0,0.0,0.0,0.0,0.0,0.0,0.0,0.0,0.0,0.0,0.0,0.0,0.0,0.0,0.0,0.0,0.0,0.0,0.0,0.0,0.0,0.0,0.0,0.0,0.0,0.0,0.0,0.0,0.0,0.0,0.0,0.0,0.0,0.0,0.0,0.0,0.0,0.0,0.0,0.0,0.0,0.0,0.0,0.0,0.0,0.0,0.0,0.0,0.0,0.0,0.0,0.0,0.0,0.0,0.0,0.0,0.0,0.0,0.0,0.0,0.0,0.0,0.0,0.0,0.0,0.0,0.0,0.0,0.0,0.0,0.0,0.0,0.0,0.0,0.0,0.0,0.0,0.0,0.0,0.0,0.0,0.0,0.0,0.0,0.0,0.0,0.0,0.0,0.0,0.0,0.0,0.0,0.0,0.0,0.0,0.0,0.0,0.0,0.0,0.0,0.0,0.0,0.0,0.0,0.0,0.0,0.0,0.0,0.0,0.0,0.0,0.0,0.0,0.0",6.2,64138.31640625,967728.00390625,8688.4853515625,152438.39111328125,36.96630859375
1791397910.5287335,individual_n8_vmnos8_r5:confirmation,4.6,"10.0,3.7,5.2,2.6,3.3,7.0,4.4,3.6,0.0,5.0,1.7,2.5,1.7,2.4,0.8,1.7,1.7,3.3,3.4,4.3,1.7,3.3,0.8,0.9,1.7,0.8,0.0,2.5,3.3,1.7,28.3,25.2,68.9,51.3,1.7,5.7,2.5,1.7,5.0,2.5,0.0,1.7,6.7,2.5,3.4,1.7,2.5,1.7,3.4,3.5,3.4,4.3,4.3,3.4,5.9,3.4,3.4,4.3,5.1,1.7,0.9,2.7,5.0,5.3,0.0,0.8,5.0,0.0,100.0,100.0,100.0,99.2,100.0,100.0,100.0,100.0,0.0,0.0,0.0,0.0,0.0,0.9,0.8,0.0,0.9,0.0,0.0,0.0,0.0,0.0,0.0,0.0,0.0,0.0,0.0,0.0,0.0,0.0,0.0,0.0,0.0,0.0,0.0,0.0,0.0,0.0,0.0,0.0,0.0,0.0,0.0,0.0,0.0,0.0,0.0,0.0,0.0,0.0,0.0,0.0,0.0,0.0,0.0,0.0,0.0,0.0,0.0,0.0,0.0,0.0,0.0,0.0,0.0,0.0,0.0,0.0,0.0,0.0,0.0,0.0,0.8,1.7,0.0,0.0,0.0,0.0,0.0,0.0,0.0,0.0,0.0,0.0,0.0,0.0,0.0,0.0,0.0,0.0,0.0,0.0,0.0,0.0,0.0,0.0,0.0,0.0,0.0,0.0,0.0,0.0,0.0,0.0,0.0,0.0,0.0,0.0,0.0,0.0,0.0,0.0,0.0,0.0,0.0,0.0,0.0,0.0,0.0,0.0,0.0,0.0,0.0,0.0,0.0,0.0,0.0,0.0,0.0,0.0,0.0,0.0,0.0,0.0,0.0,0.0,0.0,0.0,0.0,0.0,0.0,0.0,0.0,0.0,0.0,0.0,0.0,0.0,0.0,0.0,0.0,0.0,0.0,0.0,0.0,0.0,0.0,0.0,0.0,0.0,0.0,0.0,0.0,0.0,0.0,0.0,0.0,0.0,0.0,0.0,0.0,0.0,0.0,0.0,0.0,0.0,0.0,0.0,0.0,0.0,0.0,0.0,0.0,0.0,0.0,0.0,0.0",6.2,63953.30078125,967913.01953125,8688.4853515625,152440.41455078125,36.96630859375
1791397911.827762,individual_n8_vmnos8_r5:confirmation,5.9,"7.5,7.3,4.9,16.0,4.1,10.9,14.0,19.5,9.9,9.9,3.3,7.4,4.2,21.1,16.0,2.5,6.7,5.8,10.8,4.3,4.8,6.6,6.6,9.2,3.4,5.8,10.7,7.4,5.8,10.6,48.8,9.8,76.6,51.6,5.6,3.3,3.3,5.6,4.9,8.3,12.1,9.2,13.4,7.5,10.3,10.4,12.4,5.9,8.3,6.1,14.2,7.5,19.3,5.9,12.6,10.1,9.8,5.0,8.5,14.9,11.5,15.8,15.1,16.8,3.3,5.0,3.2,4.1,99.2,100.0,100.0,100.0,100.0,100.0,100.0,100.0,0.0,0.0,0.0,0.0,0.0,0.0,0.0,0.0,0.0,0.0,0.0,0.0,0.0,0.0,0.0,0.0,0.0,0.0,0.0,0.0,0.0,0.0,0.0,0.0,0.0,0.0,0.0,0.0,0.0,0.0,0.0,0.0,0.0,0.0,0.0,0.0,0.0,0.0,0.0,0.0,0.0,0.0,0.0,0.0,0.0,0.0,0.0,0.0,0.0,0.0,0.0,0.0,0.0,0.0,0.0,0.0,0.0,0.0,0.0,0.0,0.0,0.0,0.0,0.0,0.0,0.0,0.0,0.0,0.0,0.0,0.0,0.0,0.0,0.0,0.0,0.0,0.0,0.0,0.0,0.0,0.0,0.0,0.0,0.0,0.0,0.0,0.0,0.0,0.0,0.0,0.0,0.0,0.0,0.0,0.0,0.0,0.0,0.0,0.0,0.0,0.0,0.0,0.0,0.0,0.0,0.0,0.0,0.0,0.0,0.0,0.0,0.0,0.0,0.0,0.0,0.0,0.0,0.0,0.0,0.0,0.0,0.0,0.0,0.0,0.0,0.0,0.0,0.0,0.0,0.0,0.0,0.0,0.0,0.0,0.0,0.0,0.0,0.0,0.0,0.0,0.0,0.0,0.0,0.0,0.0,0.0,0.0,0.0,0.0,0.0,0.0,0.0,0.0,0.0,0.0,0.0,0.0,0.0,0.0,0.0,0.0,0.0,0.0,0.0,0.0,0.0,0.0,0.0,0.0,0.0,0.0,0.0,0.0,0.0,0.0,0.0,0.0,0.0,0.0",6.2,63952.234375,967914.0859375,8688.4853515625,152440.41455078125,37.12939453125
1791397913.0040228,individual_n8_vmnos8_r5:confirmation,5.0,"10.2,4.9,4.8,1.9,3.9,1.9,5.7,2.9,4.8,4.9,5.6,8.7,3.7,4.8,2.9,1.9,2.9,2.9,6.8,3.8,2.9,11.9,4.9,3.9,1.9,4.6,2.8,3.7,1.9,3.9,31.8,26.7,66.4,59.6,0.9,1.0,0.9,0.9,1.9,8.5,12.0,7.8,9.0,4.8,1.9,4.9,9.0,16.7,1.8,6.9,4.0,3.9,10.1,2.9,5.7,2.8,4.7,2.9,6.8,5.8,0.9,1.9,8.7,7.8,0.9,0.0,0.0,0.0,100.0,100.0,100.0,100.0,99.1,100.0,100.0,100.0,0.0,0.0,0.0,0.0,0.0,0.9,0.0,0.0,0.0,0.0,0.0,0.0,0.0,0.0,0.0,0.0,0.0,0.0,0.0,0.0,0.0,0.0,1.9,0.0,0.0,0.9,0.0,0.0,0.0,0.0,0.0,0.0,0.0,0.0,0.0,0.0,0.0,0.0,0.0,0.0,0.0,0.0,0.0,0.0,0.0,0.0,0.0,0.0,0.0,0.0,0.0,0.0,0.0,0.0,0.0,0.0,0.0,0.0,0.0,0.0,0.0,0.0,0.0,0.0,0.0,1.0,0.0,1.0,0.0,0.0,0.0,0.0,0.0,0.0,0.0,0.0,0.0,0.0,0.0,0.0,0.0,0.0,0.0,0.0,0.0,0.0,0.0,0.0,0.0,0.0,0.0,0.0,0.0,0.0,0.0,0.0,0.0,0.0,0.0,0.0,0.0,0.0,0.0,0.0,0.0,0.0,0.0,0.0,0.0,0.0,0.0,0.0,0.0,0.0,0.0,0.0,0.0,0.0,0.0,0.0,0.0,0.0,0.0,0.0,0.0,0.0,0.0,0.0,0.0,0.0,0.0,0.0,0.0,0.0,0.0,0.0,0.0,0.0,0.0,0.0,0.0,0.0,0.0,0.0,0.0,0.0,0.0,0.0,0.0,0.0,0.0,0.0,0.0,0.0,0.0,0.0,0.0,0.0,0.0,0.0,0.0,0.0,0.0,0.0,0.0,0.0,0.0,0.0,0.0,0.0,0.0,0.0,0.0,0.0,0.0,0.0,0.0,0.0,0.0",6.2,63956.3125,967910.0078125,8688.4853515625,152440.41455078125,37.12939453125
1791397914.2724855,individual_n8_vmnos8_r5:confirmation,5.8,"8.6,6.9,7.6,10.9,11.7,3.7,3.6,3.0,3.0,6.6,9.8,8.8,9.1,10.2,8.1,5.2,7.9,4.4,8.9,9.8,8.9,11.2,11.0,8.1,2.9,3.6,4.3,3.6,3.6,5.0,59.7,5.7,53.6,71.7,5.8,4.4,2.9,0.0,3.7,1.5,7.6,15.6,8.8,5.3,15.8,14.8,6.9,15.7,5.1,7.5,9.4,10.3,12.9,7.1,11.3,6.1,2.9,11.1,14.1,6.6,8.8,5.3,5.3,3.0,5.0,5.8,4.3,1.4,99.3,100.0,99.3,100.0,100.0,100.0,100.0,100.0,0.0,0.0,0.0,0.0,0.0,0.0,0.0,0.0,0.8,0.0,0.0,0.0,0.0,0.0,0.0,0.0,0.0,0.0,0.0,0.0,0.0,0.0,0.7,5.0,5.0,0.0,0.0,0.0,0.0,0.0,0.0,0.0,0.0,0.0,0.0,0.0,0.0,0.0,0.0,0.0,0.0,0.0,0.0,0.0,0.0,0.0,0.0,0.0,0.0,0.0,0.0,0.0,0.0,0.0,0.0,0.0,0.0,0.0,0.0,0.0,0.0,0.0,0.7,0.0,0.0,0.7,0.0,0.0,0.0,0.0,0.0,0.0,0.0,0.0,0.0,0.0,0.0,0.0,0.0,0.0,0.0,0.0,0.0,0.0,0.0,0.0,0.0,0.0,0.0,0.0,0.0,0.0,0.0,0.0,0.0,0.0,0.0,0.0,0.0,0.0,0.0,0.0,0.0,0.0,0.0,0.0,0.0,0.0,0.0,0.0,0.0,0.0,0.0,0.0,0.0,0.0,0.0,0.0,0.0,0.0,0.0,0.0,0.0,0.0,0.0,0.0,0.0,0.0,0.0,0.0,0.0,0.0,0.0,0.0,0.0,0.0,0.0,0.0,0.0,0.0,0.0,0.0,0.0,0.0,0.0,0.0,0.0,0.0,0.0,0.0,0.0,0.0,0.0,0.0,0.0,0.0,0.0,0.0,0.0,0.0,0.0,0.0,0.0,0.0,0.0,0.0,0.0,0.0,0.0,0.0,0.0,0.0,0.0,0.0,0.0,0.0,0.0,0.0,0.0",6.2,63952.03515625,967914.28515625,8688.4853515625,152440.68408203125,37.12939453125
1791397915.6203086,individual_n8_vmnos8_r5:confirmation,7.0,"13.6,13.2,9.0,8.0,6.4,9.8,6.5,7.2,8.1,5.6,5.8,11.8,8.1,9.0,16.1,10.5,16.9,19.2,21.0,20.3,11.6,18.5,8.2,9.7,9.6,8.7,10.4,8.8,13.3,8.8,12.0,36.8,97.6,91.5,4.0,9.5,7.3,7.2,7.9,9.7,20.3,13.2,19.8,10.6,12.1,17.2,12.7,19.5,9.8,13.8,11.4,13.1,14.4,10.4,14.1,10.1,8.1,15.3,8.9,10.4,18.1,7.1,12.5,17.7,10.2,8.7,9.5,6.3,99.2,100.0,100.0,100.0,100.0,100.0,100.0,100.0,0.0,0.0,0.0,0.0,0.0,0.0,0.0,0.0,0.0,0.0,0.0,30.5,0.0,0.0,0.0,0.0,0.0,0.0,0.0,0.0,0.0,0.0,3.1,3.9,3.9,3.1,0.0,0.0,0.0,0.0,0.0,0.0,0.0,0.0,0.0,0.0,0.0,0.0,0.0,0.0,0.0,0.0,0.0,0.0,0.0,0.0,0.0,0.0,0.0,0.0,0.0,0.0,0.0,0.0,0.0,0.0,0.0,0.0,0.0,0.0,0.0,0.0,0.0,0.0,0.0,0.8,0.0,0.0,0.0,0.0,0.0,0.0,0.0,0.0,0.0,0.0,0.0,0.0,0.0,0.0,0.0,0.0,0.0,0.0,0.0,0.0,0.0,0.0,0.0,0.0,0.0,0.0,0.0,0.0,0.0,0.0,0.0,0.0,0.0,0.0,0.0,0.0,0.0,0.0,0.0,0.0,0.0,0.0,0.0,0.0,0.0,0.0,0.0,0.0,0.0,0.0,0.0,0.0,0.0,0.0,0.0,0.0,0.0,0.0,0.0,0.0,0.0,0.0,0.0,0.0,0.0,0.0,0.0,0.0,0.0,0.0,0.0,0.0,0.0,0.0,0.0,0.0,0.0,0.0,0.0,0.0,0.0,0.0,0.0,0.0,0.0,0.0,0.0,0.0,0.0,0.0,0.0,0.0,0.0,0.0,0.0,0.0,0.0,0.0,0.0,0.0,0.0,0.0,0.0,0.0,0.0,0.0,0.0,0.0,0.0,0.0,0.0,0.0,0.0",6.2,63722.1796875,968144.140625,8688.4853515625,152442.23095703125,37.12939453125
1791397916.7576404,individual_n8_vmnos8_r5:confirmation,5.5,"10.2,1.0,3.8,2.0,2.0,9.7,2.0,7.8,8.7,0.0,1.9,0.0,2.0,2.0,2.9,2.0,1.9,0.0,1.0,3.8,3.0,4.0,2.0,3.9,2.0,3.8,0.0,0.0,1.0,1.9,64.1,48.0,81.7,96.1,1.0,1.0,1.9,3.9,2.9,3.0,2.0,4.8,11.9,3.9,1.0,1.9,1.0,4.8,2.9,5.1,3.0,5.2,7.2,5.9,4.0,5.8,1.0,0.0,3.0,2.0,1.0,1.0,0.0,2.0,0.0,0.0,0.0,0.0,100.0,100.0,100.0,100.0,100.0,100.0,100.0,100.0,1.0,0.0,0.0,0.0,0.0,1.0,0.0,0.0,0.0,0.0,0.0,100.0,0.0,0.0,0.0,0.0,0.0,0.0,0.0,0.0,0.0,0.0,4.9,6.9,6.7,3.9,0.0,0.0,0.0,0.0,0.0,0.0,0.0,0.0,0.0,0.0,0.0,0.0,0.0,0.0,0.0,0.0,0.0,0.0,0.0,0.0,0.0,0.0,0.0,0.0,0.0,0.0,0.0,0.0,0.0,0.0,0.0,0.0,0.0,0.0,0.0,0.0,0.0,0.0,0.0,1.0,0.0,1.0,0.0,0.0,0.0,0.0,0.0,0.0,0.0,0.0,0.0,0.0,0.0,0.0,0.0,0.0,0.0,0.0,0.0,0.0,1.0,0.0,0.0,0.0,0.0,0.0,0.0,0.0,0.0,0.0,0.0,0.0,0.0,0.0,0.0,0.0,0.0,0.0,0.0,0.0,0.0,0.0,0.0,0.0,0.0,0.0,0.0,0.0,0.0,0.0,0.0,0.0,0.0,0.0,0.0,0.0,0.0,0.0,0.0,0.0,0.0,0.0,0.0,0.0,0.0,0.0,0.0,0.0,0.0,0.0,0.0,0.0,0.0,0.0,0.0,0.0,0.0,0.0,0.0,0.0,0.0,0.0,0.0,0.0,0.0,0.0,0.0,0.0,0.0,0.0,0.0,0.0,0.0,0.0,0.0,0.0,0.0,0.0,0.0,0.0,0.0,0.0,0.0,0.0,0.0,0.0,0.0,0.0,0.0,0.0,0.0,0.0,0.0",6.2,63879.015625,967987.3046875,8688.4853515625,152442.23095703125,36.07763671875
1791397917.786188,individual_n8_vmnos8_r5:confirmation,7.1,"7.4,6.0,2.0,9.0,12.0,5.9,41.6,7.0,5.9,7.9,11.0,7.9,5.8,2.1,18.0,13.7,5.0,5.0,3.0,9.8,6.9,28.0,7.8,6.1,4.0,1.0,2.9,14.0,8.9,4.0,51.0,28.2,79.2,66.0,25.7,6.8,3.0,4.0,2.0,4.0,9.8,4.0,28.3,28.4,8.8,4.9,20.6,20.8,5.9,10.2,4.9,3.0,24.2,10.9,6.9,8.7,26.0,36.6,3.0,8.8,38.8,8.8,9.8,16.8,8.8,3.9,7.8,8.8,100.0,100.0,100.0,100.0,100.0,100.0,100.0,100.0,0.0,0.0,0.0,0.0,0.0,0.0,0.0,0.0,0.0,0.0,0.0,100.0,0.0,0.0,0.0,0.0,0.0,0.0,0.0,0.0,0.0,0.0,1.0,0.0,0.0,0.0,0.0,0.0,0.0,0.0,0.0,0.0,0.0,0.0,0.0,0.0,0.0,0.0,0.0,0.0,0.0,0.0,0.0,0.0,0.0,0.0,0.0,0.0,0.0,0.0,0.0,0.0,0.0,0.0,0.0,0.0,0.0,0.0,0.0,0.0,0.0,0.0,0.0,0.0,0.0,0.0,0.0,1.0,0.0,0.0,0.0,0.0,0.0,0.0,0.0,0.0,0.0,0.0,0.0,0.0,0.0,0.0,0.0,0.0,0.0,0.0,1.0,0.0,0.0,0.0,0.0,0.0,0.0,0.0,0.0,0.0,0.0,0.0,0.0,0.0,0.0,0.0,0.0,0.0,0.0,0.0,0.0,0.0,0.0,0.0,0.0,0.0,0.0,0.0,0.0,0.0,0.0,0.0,0.0,0.0,0.0,0.0,0.0,0.0,0.0,0.0,0.0,0.0,0.0,0.0,0.0,0.0,0.0,0.0,0.0,0.0,0.0,0.0,0.0,0.0,0.0,0.0,0.0,0.0,0.0,0.0,0.0,0.0,0.0,0.0,0.0,0.0,0.0,0.0,0.0,0.0,0.0,0.0,0.0,0.0,0.0,0.0,0.0,0.0,0.0,0.0,0.0,0.0,0.0,0.0,0.0,0.0,0.0,0.0,0.0,0.0,0.0,0.0,0.0",6.2,63545.40234375,968320.91796875,8688.4853515625,152442.23095703125,36.07763671875
1791397919.0904078,individual_n8_vmnos8_r5:confirmation,5.7,"14.9,15.9,7.9,7.0,11.2,8.2,8.8,7.3,6.2,1.5,3.1,2.3,7.1,1.6,7.1,4.7,3.9,3.1,3.9,3.1,4.8,11.7,5.4,0.8,5.4,5.4,4.7,6.2,4.7,7.0,42.2,72.5,7.1,13.2,12.8,7.3,10.8,14.0,11.3,14.6,10.9,0.8,8.5,0.8,7.8,6.4,4.7,6.3,9.2,18.3,6.3,6.3,9.4,8.1,10.0,7.9,5.6,2.4,0.8,12.4,4.8,9.6,9.8,8.7,1.6,5.4,1.6,8.3,100.0,99.2,100.0,99.2,100.0,99.2,100.0,100.0,0.0,0.0,0.0,0.0,0.0,0.0,0.0,0.0,2.3,0.0,0.0,86.0,0.0,0.0,0.0,0.0,0.0,0.0,0.0,0.0,0.0,0.0,0.8,0.0,0.8,0.0,0.0,0.0,0.0,0.0,0.0,0.0,0.0,0.0,0.0,0.0,0.0,0.0,0.0,0.0,0.0,0.0,0.0,0.0,0.0,0.0,0.0,0.0,0.0,0.0,0.0,0.0,0.0,0.0,0.0,0.0,0.0,0.0,0.0,0.0,0.0,0.0,0.0,0.0,0.0,0.0,0.0,0.0,0.0,0.0,0.0,0.8,0.0,0.0,0.0,0.0,0.0,0.0,0.0,0.0,0.0,0.0,0.0,0.0,0.0,0.0,0.0,0.0,0.0,0.0,0.0,0.0,0.0,0.0,0.0,0.0,0.0,0.0,0.0,0.0,0.8,0.0,0.0,0.0,0.0,0.0,0.0,0.8,0.0,0.0,0.0,0.0,0.0,0.0,0.0,0.0,0.0,0.0,0.0,0.0,0.0,0.0,0.0,0.0,0.0,0.0,0.0,0.0,0.0,0.0,0.0,0.0,0.0,0.0,0.0,0.0,0.0,0.0,0.0,0.0,0.0,0.0,0.0,0.0,0.0,0.0,0.0,0.0,0.0,0.0,0.0,0.0,0.0,0.0,0.0,0.0,0.0,0.0,0.0,0.0,0.0,0.0,0.0,0.0,0.0,0.0,0.0,0.0,0.0,0.0,0.0,0.0,0.0,0.0,0.0,0.0,0.0,0.0,0.0",6.1,63120.23046875,968746.08984375,8688.4853515625,152442.91845703125,36.07763671875
1791397920.1648648,individual_n8_vmnos8_r5:confirmation,7.7,"16.3,17.3,11.4,15.5,4.9,17.1,13.3,13.9,11.5,16.2,12.5,9.3,5.7,11.9,11.8,5.8,20.6,22.3,12.6,12.7,11.7,24.0,15.2,20.8,14.4,11.3,10.6,10.5,9.4,5.9,68.2,63.8,80.2,89.7,18.3,12.9,17.1,14.6,13.7,12.0,8.7,8.7,16.3,18.3,14.6,10.3,11.8,5.8,7.9,13.1,24.3,37.3,15.4,21.7,12.0,19.2,3.9,21.4,13.6,19.4,11.5,9.7,4.9,23.5,7.5,11.3,6.6,4.7,100.0,100.0,99.1,100.0,100.0,100.0,100.0,100.0,0.0,0.0,0.0,0.0,0.0,0.0,0.0,0.0,0.9,0.9,0.0,0.0,0.0,0.0,0.0,0.0,0.0,0.0,0.0,0.0,0.0,0.0,3.7,0.0,3.8,0.0,0.0,0.0,0.0,0.0,0.0,0.0,0.0,0.0,0.0,0.0,0.0,0.0,0.0,0.0,0.0,0.0,0.0,0.0,0.0,0.0,0.0,0.0,0.0,0.0,0.0,0.0,0.0,0.0,0.0,0.0,0.0,0.0,0.0,0.0,0.0,0.0,0.0,0.0,0.0,0.0,0.0,0.0,0.0,0.0,0.0,0.0,0.0,0.0,0.0,0.0,0.0,0.0,0.0,0.0,0.0,0.0,0.9,0.0,0.0,0.0,0.0,0.0,0.0,0.0,0.0,0.0,0.0,0.0,0.0,0.0,0.0,0.0,0.0,0.0,0.0,0.0,0.0,0.0,0.0,0.0,0.0,0.0,0.0,0.0,0.0,0.0,0.0,0.0,0.0,0.0,0.0,0.0,0.0,0.0,0.0,0.0,0.0,0.0,0.0,0.0,0.0,0.0,0.0,0.0,0.0,0.0,0.0,0.0,0.0,0.0,0.0,0.0,0.0,0.0,0.0,0.0,0.0,0.0,0.0,0.0,0.0,0.0,0.0,0.0,0.0,0.0,0.0,0.0,0.0,0.0,0.0,0.0,0.0,0.0,0.0,0.0,0.0,0.0,0.0,0.0,0.0,0.0,0.0,0.0,0.0,0.0,0.0,0.0,0.0,0.0,0.0,0.0,0.0",6.1,62818.9453125,969047.375,8688.4853515625,152444.60595703125,36.07763671875
1791397921.1815243,individual_n8_vmnos8_r5:confirmation,6.2,"13.8,7.1,6.1,7.9,4.0,15.8,5.3,3.1,6.0,4.0,14.0,4.0,10.1,9.8,5.1,6.3,4.0,3.0,12.9,3.0,3.0,2.0,10.1,15.0,3.9,1.0,2.0,4.0,3.9,4.9,96.0,91.0,59.6,56.0,2.0,3.0,9.9,5.0,10.0,5.9,4.1,16.2,10.2,11.1,11.0,12.0,5.0,16.8,7.3,8.3,3.9,4.0,5.3,8.2,3.0,8.2,3.0,4.0,5.2,13.8,5.4,7.1,14.9,6.0,7.9,11.9,7.9,9.0,100.0,100.0,100.0,100.0,100.0,99.0,99.0,100.0,0.0,0.0,0.0,0.0,0.0,1.0,1.0,0.0,2.0,0.0,0.0,0.0,0.0,0.0,0.0,0.0,0.0,0.0,0.0,0.0,0.0,0.0,2.0,2.0,3.0,3.9,0.0,0.0,0.0,0.0,0.0,0.0,0.0,0.0,0.0,0.0,0.0,0.0,0.0,0.0,0.0,0.0,0.0,0.0,0.0,0.0,0.0,0.0,0.0,0.0,0.0,0.0,0.0,0.0,0.0,0.0,0.0,0.0,0.0,0.0,0.0,0.0,0.0,0.0,0.0,0.0,0.0,0.0,0.0,0.0,0.0,0.0,0.0,0.0,0.0,0.0,0.0,0.0,0.0,0.0,0.0,0.0,0.0,0.0,0.0,0.0,0.0,0.0,0.0,0.0,0.0,0.0,0.0,0.0,0.0,0.0,0.0,0.0,0.0,0.0,0.0,0.0,0.0,0.0,0.0,0.0,0.0,0.0,0.0,0.0,0.0,0.0,0.0,0.0,0.0,0.0,0.0,0.0,0.0,0.0,0.0,0.0,0.0,0.0,0.0,0.0,0.0,0.0,0.0,0.0,0.0,0.0,0.0,0.0,0.0,0.0,0.0,0.0,0.0,0.0,0.0,0.0,0.0,0.0,0.0,0.0,0.0,0.0,0.0,0.0,0.0,0.0,0.0,0.0,0.0,0.0,0.0,0.0,0.0,0.0,0.0,0.0,0.0,0.0,0.0,0.0,0.0,0.0,0.0,0.0,0.0,0.0,0.0,0.0,0.0,0.0,0.0,0.0,0.0",6.2,63708.65234375,968157.66796875,8688.4853515625,152444.60595703125,39.27490234375
1791397922.214321,individual_n8_vmnos8_r5:confirmation,5.2,"11.4,5.1,4.9,3.8,1.9,7.9,4.0,1.0,3.9,3.8,5.8,4.9,3.9,7.0,7.0,6.0,3.8,5.9,2.9,0.0,3.9,1.0,2.8,6.7,3.8,1.9,1.0,2.9,2.9,2.9,16.5,17.9,64.8,98.1,15.1,4.9,3.8,2.8,3.8,3.0,6.7,15.5,12.6,3.0,1.0,2.9,5.9,1.0,6.1,6.2,3.9,3.9,4.9,4.9,3.8,3.0,1.0,2.9,1.0,4.8,5.8,6.8,18.6,1.0,2.8,20.8,1.9,3.8,100.0,100.0,100.0,100.0,100.0,100.0,100.0,100.0,0.0,0.0,0.0,0.0,0.0,1.0,0.0,0.0,1.0,0.0,0.0,0.0,0.0,0.0,0.0,0.0,0.0,0.0,0.0,0.0,0.0,0.0,0.9,0.9,0.9,0.9,0.0,0.0,0.0,0.0,0.0,0.0,0.0,0.0,0.0,0.0,0.0,0.0,0.0,0.0,0.0,0.0,0.0,0.0,0.0,0.0,0.0,0.0,0.0,0.0,0.0,0.0,0.0,0.0,0.0,0.0,0.0,0.0,0.0,0.0,0.0,0.0,0.0,0.0,0.0,1.0,0.0,0.0,0.0,0.0,0.0,0.0,0.0,0.0,0.0,0.0,0.0,0.0,0.0,0.0,0.0,0.0,0.0,0.0,0.0,0.0,0.0,0.0,0.0,0.0,0.0,0.0,0.0,0.0,0.0,0.0,0.0,0.0,0.0,0.0,0.0,0.0,0.0,0.0,0.0,0.0,0.0,0.0,0.0,0.0,0.0,0.0,0.0,0.0,0.0,0.0,0.0,0.0,0.0,0.0,0.0,0.0,0.0,0.0,0.0,0.0,0.0,0.0,0.0,0.0,0.0,0.0,0.0,0.0,0.0,0.0,0.0,0.0,0.0,0.0,0.0,0.0,0.0,0.0,0.0,0.0,0.0,0.0,0.0,0.0,0.0,0.0,0.0,0.0,0.0,0.0,0.0,0.0,0.0,0.0,0.0,0.0,0.0,0.0,0.0,0.0,0.0,0.0,0.0,0.0,0.0,0.0,0.0,0.0,0.0,0.0,0.0,0.0,0.0",6.2,63530.6796875,968335.640625,8688.4853515625,152444.60595703125,39.27490234375
1791397923.254095,individual_n8_vmnos8_r5:confirmation,5.6,"24.1,13.5,11.1,7.2,5.1,10.0,9.4,9.4,11.9,7.1,12.1,6.1,16.0,1.0,7.3,6.3,5.0,12.7,5.0,12.5,4.1,3.2,4.2,10.6,6.0,3.0,10.8,14.1,3.1,6.2,12.1,27.6,32.7,98.0,5.1,21.0,5.1,6.9,8.1,7.1,5.2,4.0,8.2,5.9,9.1,6.0,4.0,4.0,5.2,6.7,7.2,9.3,16.8,8.6,1.0,5.2,5.1,4.0,4.0,3.1,6.2,7.3,3.0,3.0,8.9,4.0,8.0,6.1,100.0,100.0,100.0,100.0,100.0,100.0,100.0,99.0,0.0,0.0,0.0,0.0,0.0,0.0,0.0,0.0,0.0,0.0,0.0,0.0,0.0,0.0,0.0,0.0,0.0,0.0,0.0,0.0,0.0,0.0,0.0,0.0,0.0,0.0,0.0,0.0,0.0,0.0,0.0,0.0,0.0,0.0,0.0,0.0,0.0,0.0,0.0,0.0,0.0,0.0,0.0,0.0,0.0,0.0,0.0,0.0,0.0,0.0,0.0,0.0,0.0,0.0,0.0,0.0,0.0,0.0,0.0,0.0,0.0,0.0,0.0,0.0,0.0,0.0,0.0,0.0,0.0,0.0,0.0,0.0,0.0,0.0,0.0,0.0,0.0,0.0,0.0,0.0,0.0,0.0,0.0,0.0,0.0,0.0,0.0,0.0,0.0,0.0,0.0,0.0,0.0,0.0,0.0,0.0,0.0,0.0,0.0,0.0,0.0,0.0,0.0,0.0,0.0,0.0,0.0,0.0,0.0,0.0,0.0,0.0,0.0,0.0,0.0,0.0,0.0,0.0,0.0,0.0,0.0,0.0,0.0,0.0,0.0,0.0,0.0,0.0,0.0,0.0,0.0,0.0,0.0,0.0,0.0,0.0,0.0,0.0,0.0,0.0,0.0,0.0,0.0,0.0,0.0,0.0,0.0,0.0,0.0,0.0,0.0,0.0,0.0,0.0,0.0,0.0,0.0,0.0,0.0,0.0,0.0,0.0,0.0,0.0,0.0,0.0,0.0,0.0,0.0,0.0,0.0,0.0,0.0,0.0,0.0,0.0,0.0,0.0,0.0",6.1,63455.3984375,968410.921875,8688.4853515625,152444.60595703125,39.27490234375
1791397924.2583246,individual_n8_vmnos8_r5:confirmation,5.1,"8.2,3.2,0.0,3.1,3.1,2.1,3.2,3.2,4.2,7.2,2.1,5.1,5.3,8.4,6.1,10.5,3.0,8.2,1.0,2.0,9.3,2.0,5.2,9.4,4.1,0.0,17.3,5.1,3.0,4.1,24.2,14.1,88.9,98.0,3.1,4.0,4.0,4.1,3.1,6.1,4.0,0.0,10.0,2.1,1.0,4.0,11.9,2.0,5.1,4.3,4.1,4.3,3.2,6.1,3.1,3.0,1.0,3.0,1.0,1.0,5.2,6.4,5.2,3.2,0.0,1.0,1.0,1.0,100.0,100.0,100.0,100.0,100.0,100.0,100.0,100.0,0.0,0.0,0.0,0.0,0.0,0.0,0.0,0.0,1.0,0.0,0.0,0.0,0.0,0.0,0.0,0.0,0.0,0.0,0.0,0.0,0.0,0.0,0.0,0.0,0.0,0.0,0.0,0.0,0.0,0.0,0.0,0.0,0.0,0.0,0.0,0.0,0.0,0.0,0.0,0.0,0.0,0.0,0.0,0.0,0.0,0.0,0.0,0.0,0.0,0.0,0.0,0.0,0.0,0.0,0.0,0.0,0.0,0.0,0.0,0.0,0.0,0.0,0.0,0.0,0.0,1.0,0.0,0.0,0.0,0.0,0.0,0.0,0.0,0.0,0.0,0.0,0.0,0.0,0.0,0.0,0.0,0.0,0.0,0.0,0.0,0.0,0.0,0.0,0.0,0.0,0.0,0.0,0.0,0.0,0.0,0.0,0.0,0.0,0.0,0.0,0.0,0.0,0.0,0.0,0.0,0.0,0.0,0.0,0.0,0.0,0.0,0.0,0.0,0.0,0.0,0.0,0.0,0.0,0.0,0.0,0.0,0.0,0.0,0.0,0.0,0.0,0.0,0.0,0.0,0.0,0.0,0.0,0.0,0.0,0.0,0.0,0.0,0.0,0.0,0.0,0.0,0.0,0.0,0.0,0.0,0.0,0.0,0.0,0.0,0.0,0.0,0.0,0.0,0.0,0.0,0.0,0.0,0.0,0.0,0.0,0.0,0.0,0.0,0.0,0.0,0.0,0.0,0.0,0.0,0.0,0.0,0.0,0.0,0.0,0.0,0.0,0.0,0.0,0.0",6.2,63687.15234375,968179.16796875,8688.4853515625,152444.84814453125,39.27490234375
1791397925.2724755,individual_n8_vmnos8_r5:confirmation,6.3,"26.9,8.1,5.0,10.0,7.1,12.7,11.9,8.9,6.1,5.0,4.1,16.7,17.5,5.2,6.7,10.1,5.0,6.9,17.5,14.6,7.8,21.6,8.0,6.1,11.4,4.8,7.7,6.8,2.0,7.8,62.9,20.6,72.5,8.7,6.1,10.8,1.0,18.4,7.8,11.8,6.8,3.8,16.5,12.6,3.8,5.8,26.7,16.8,10.9,11.0,9.3,12.0,15.8,13.9,8.8,18.0,15.7,4.8,4.0,10.9,16.3,5.8,13.3,4.8,8.6,11.4,5.7,15.2,100.0,99.1,100.0,100.0,100.0,100.0,100.0,100.0,0.0,0.0,0.0,0.0,0.0,0.0,0.0,0.0,0.0,0.0,0.0,0.0,0.0,0.0,0.0,0.0,0.0,0.0,0.0,0.0,0.0,0.0,1.9,0.0,1.0,0.0,0.0,0.0,0.0,0.0,0.0,0.0,0.0,0.0,0.0,0.0,0.0,0.0,0.0,0.0,0.0,0.0,0.0,0.0,0.0,0.0,0.0,0.0,0.0,0.0,0.0,0.0,0.0,0.0,0.0,0.0,0.0,0.0,0.0,0.0,0.0,0.0,0.0,0.0,0.0,1.0,1.0,0.0,0.0,0.0,0.0,0.0,0.0,0.0,0.0,0.0,0.0,0.0,0.0,0.0,0.0,0.0,0.0,0.0,0.0,0.0,0.0,0.0,0.0,0.0,0.0,0.0,0.0,0.0,0.0,0.0,0.0,0.0,0.0,0.0,0.0,0.0,0.0,0.0,0.0,0.0,0.0,0.0,0.0,0.0,0.0,0.0,0.0,0.0,0.0,0.0,0.0,0.0,0.0,0.0,0.0,0.0,0.0,0.0,0.0,0.0,0.0,0.0,0.0,0.0,0.0,0.0,0.0,0.0,0.0,0.0,0.0,0.0,0.0,0.0,0.0,0.0,0.0,0.0,0.0,0.0,0.0,0.0,0.0,0.0,0.0,0.0,0.0,0.0,0.0,0.0,0.0,0.0,0.0,0.0,0.0,0.0,0.0,0.0,0.0,0.0,0.0,0.0,0.0,0.0,0.0,0.0,0.0,0.0,0.0,0.0,0.0,0.0,0.0",6.1,63111.94921875,968754.37109375,8688.4853515625,152446.35595703125,39.27490234375
1791397926.3517694,individual_n8_vmnos8_r5:confirmation,5.2,"10.5,2.9,3.8,1.0,0.0,2.0,4.0,2.0,2.0,1.0,1.0,2.0,2.9,5.1,4.1,2.0,3.0,1.0,3.0,10.8,8.7,1.0,1.0,1.0,1.0,0.0,0.0,1.9,1.0,0.0,89.3,93.3,41.6,53.9,2.0,2.0,3.8,1.0,1.9,14.0,2.9,2.9,4.9,1.9,1.0,1.9,8.0,3.0,3.0,2.0,3.8,2.9,3.0,3.0,1.0,3.8,0.0,1.0,0.0,1.0,0.0,2.9,1.9,1.9,18.4,0.0,0.0,24.5,100.0,100.0,100.0,100.0,99.1,100.0,100.0,100.0,0.0,0.0,0.0,0.0,0.0,0.0,0.0,0.0,0.0,0.0,0.0,0.0,0.0,0.0,0.0,0.0,0.0,0.0,0.0,0.0,0.0,0.0,0.0,0.0,0.0,0.0,0.0,0.0,0.0,0.0,0.0,0.0,0.0,0.0,0.0,0.0,0.0,0.0,0.0,0.0,0.0,0.0,0.0,0.0,0.0,0.0,0.0,0.0,0.0,0.0,0.0,0.0,0.0,0.0,0.0,0.0,0.0,0.0,0.0,0.0,0.0,0.0,0.0,0.0,0.0,1.0,0.0,0.0,0.0,0.0,0.0,0.0,0.0,0.0,0.0,0.0,0.0,0.0,0.0,0.0,0.0,0.0,0.0,0.0,0.0,0.0,0.0,0.0,0.0,0.0,0.0,0.0,0.0,0.0,0.0,0.0,0.0,0.0,0.0,0.0,0.0,1.0,0.0,1.0,0.0,0.0,0.0,0.0,0.0,0.0,0.0,0.0,0.0,0.0,0.0,0.0,0.0,0.0,0.0,0.0,0.0,0.0,0.0,0.0,0.0,0.0,0.0,0.0,0.0,0.0,0.0,0.0,0.0,0.0,0.0,0.0,0.0,0.0,0.0,0.0,0.0,0.0,0.0,0.0,0.0,0.0,0.0,0.0,0.0,0.0,0.0,0.0,0.0,0.0,0.0,0.0,0.0,0.0,0.0,0.0,0.0,0.0,0.0,0.0,0.0,0.0,0.0,0.0,0.0,0.0,0.0,0.0,0.0,0.0,0.0,0.0,0.0,0.0,0.0",6.2,64305.6953125,967560.625,8688.4853515625,152446.35595703125,37.81103515625
1791397927.37474,individual_n8_vmnos8_r5:confirmation,6.0,"18.6,4.2,10.1,5.0,6.1,6.9,22.0,13.0,6.1,1.0,9.2,13.0,4.0,6.1,3.1,20.8,4.1,16.0,11.8,5.8,3.0,5.1,10.3,15.6,10.9,15.0,4.9,8.9,3.0,5.1,32.4,36.0,56.0,49.0,14.3,13.1,4.0,7.9,7.0,3.0,5.1,4.0,6.1,4.0,10.4,16.0,13.3,8.1,7.2,16.1,5.0,9.5,6.3,22.2,10.1,25.0,3.0,11.3,3.0,17.8,11.9,3.0,3.0,3.0,1.0,3.0,3.9,5.9,100.0,100.0,100.0,100.0,100.0,100.0,100.0,100.0,0.0,0.0,0.0,0.0,0.0,0.0,0.0,0.0,1.0,0.0,0.0,0.0,0.0,0.0,0.0,0.0,0.0,0.0,0.0,0.0,0.0,0.0,18.3,1.0,4.0,1.0,0.0,0.0,0.0,0.0,0.0,0.0,0.0,0.0,0.0,0.0,0.0,0.0,0.0,0.0,0.0,0.0,0.0,0.0,0.0,0.0,0.0,0.0,0.0,0.0,0.0,0.0,0.0,0.0,0.0,0.0,0.0,0.0,0.0,0.0,0.0,0.0,0.0,0.0,0.0,1.0,0.0,0.0,0.0,0.0,0.0,0.0,0.0,0.0,0.0,0.0,0.0,0.0,0.0,0.0,0.0,0.0,0.0,0.0,0.0,0.0,0.0,0.0,0.0,0.0,0.0,0.0,0.0,0.0,0.0,0.0,0.0,0.0,0.0,0.0,0.0,0.0,0.0,0.0,0.0,0.0,0.0,0.0,0.0,0.0,0.0,0.0,0.0,0.0,0.0,0.0,0.0,0.0,0.0,0.0,0.0,0.0,0.0,0.0,0.0,0.0,0.0,0.0,0.0,0.0,0.0,0.0,0.0,0.0,0.0,0.0,0.0,0.0,0.0,0.0,0.0,0.0,0.0,0.0,0.0,0.0,0.0,0.0,0.0,0.0,0.0,0.0,0.0,0.0,0.0,0.0,0.0,0.0,0.0,0.0,0.0,0.0,0.0,0.0,0.0,0.0,0.0,0.0,0.0,0.0,0.0,0.0,0.0,0.0,0.0,0.0,0.0,0.0,0.0",6.1,63282.84375,968583.4765625,8688.4853515625,152446.35595703125,37.81103515625
1791397928.4109232,individual_n8_vmnos8_r5:confirmation,4.7,"5.7,1.9,1.9,2.8,0.0,2.9,1.9,0.0,6.7,0.0,0.9,0.0,0.0,3.8,2.9,1.9,6.5,4.0,1.0,1.9,0.9,0.0,8.5,2.9,0.0,0.0,0.0,0.0,0.0,0.9,100.0,51.5,51.0,54.2,1.0,0.0,1.9,3.8,3.8,0.0,0.9,2.9,5.8,3.8,3.8,2.9,4.9,2.8,2.9,2.0,1.0,2.8,3.0,2.9,0.9,7.5,1.9,1.0,0.0,0.0,0.0,0.0,0.9,2.8,0.9,0.9,0.0,0.0,100.0,100.0,100.0,100.0,99.1,100.0,100.0,100.0,0.0,0.0,0.0,0.0,0.0,0.0,0.0,0.9,0.0,0.0,0.0,0.0,0.0,0.0,0.0,0.0,0.0,0.0,0.0,0.0,0.0,0.0,0.0,4.6,5.6,1.9,0.0,0.0,0.0,0.0,0.0,0.0,0.0,0.0,0.0,0.0,0.0,0.0,0.0,0.0,0.0,0.0,0.0,0.0,0.0,0.0,0.0,0.0,0.0,0.0,0.0,0.0,0.0,0.0,0.0,0.0,0.0,0.0,0.0,0.0,0.0,0.0,0.0,0.0,0.0,1.0,0.0,0.0,0.0,0.0,0.0,0.0,0.0,0.0,0.0,0.0,0.0,0.0,0.0,0.0,0.0,0.0,0.0,0.0,0.0,0.0,0.0,0.0,0.0,0.0,0.0,0.0,0.0,0.0,0.0,0.0,0.0,0.0,0.0,0.0,0.0,0.0,0.0,0.0,0.0,0.0,0.0,0.0,0.0,0.0,0.0,0.0,0.0,0.0,0.0,0.0,0.0,0.0,0.0,0.0,0.0,0.0,0.0,0.0,0.0,0.0,0.0,0.0,0.0,0.0,0.0,0.0,0.0,0.0,0.0,0.0,0.0,0.0,0.0,0.0,0.0,0.0,0.0,0.0,0.0,0.0,0.0,0.0,0.0,0.0,0.0,0.0,0.0,0.0,0.0,0.0,0.0,0.0,0.0,0.0,0.0,0.0,0.0,0.0,0.0,0.0,0.0,0.0,0.0,0.0,0.0,0.0,0.0,0.0,0.0,0.0,0.0,0.0,0.0",6.1,62845.03125,969021.2890625,8688.4853515625,152446.35595703125,37.81103515625
1791397929.524722,individual_n8_vmnos8_r5:confirmation,5.8,"10.2,7.4,12.6,4.5,12.5,8.1,6.4,11.8,1.8,2.8,9.9,2.7,4.5,11.1,10.0,15.5,8.0,6.2,5.4,3.6,19.8,1.8,5.5,2.8,3.5,6.2,0.9,4.5,4.3,3.5,85.1,9.8,24.8,77.3,3.5,5.4,5.3,5.5,8.2,0.9,8.0,2.7,8.8,35.1,17.0,4.5,10.9,6.4,6.3,5.7,1.9,5.6,4.6,7.3,10.9,15.0,4.4,1.9,8.0,10.8,13.5,13.3,14.2,2.7,3.6,3.5,0.0,27.7,99.1,100.0,99.1,100.0,99.1,100.0,100.0,100.0,0.0,0.0,0.0,0.0,0.0,1.8,0.0,0.0,0.0,0.0,0.0,0.0,0.0,0.0,0.0,0.0,0.0,0.0,0.0,0.0,0.0,0.0,0.0,0.0,0.0,0.0,0.0,0.0,0.0,0.0,0.0,0.0,0.0,0.0,0.0,0.0,0.0,0.0,0.0,0.0,0.0,0.0,0.0,0.0,0.0,0.0,0.0,0.0,0.0,0.0,0.0,0.0,0.0,0.0,0.0,0.0,0.0,0.0,0.0,0.0,0.0,0.0,0.0,0.0,0.0,0.9,0.9,0.0,0.0,0.0,0.9,0.0,0.0,0.0,0.0,0.0,0.0,0.0,0.0,0.0,0.0,0.0,0.0,0.0,0.0,0.0,0.0,0.0,0.0,0.0,0.0,0.0,0.0,0.0,0.0,0.0,0.0,0.0,0.0,0.0,0.0,0.0,0.0,0.0,0.0,0.0,0.0,0.0,0.0,0.0,0.0,0.0,0.0,0.0,0.0,0.0,0.0,0.0,0.0,0.0,0.0,0.0,0.0,0.0,0.0,0.0,0.0,0.0,0.0,0.0,0.0,0.0,0.0,0.0,0.0,0.0,0.0,0.0,0.0,0.0,0.0,0.0,0.0,0.0,0.0,0.0,0.0,0.0,0.0,0.0,0.0,0.0,0.0,0.0,0.0,0.0,0.0,0.0,0.0,0.0,0.0,0.0,0.0,0.0,0.0,0.0,0.0,0.0,0.0,0.0,0.0,0.0,0.0,0.0,0.0,0.0,0.0,0.0,0.0",6.1,62913.10546875,968953.21484375,8688.4853515625,152446.81689453125,37.81103515625
1791397930.6206365,individual_n8_vmnos8_r5:confirmation,5.9,"8.0,4.0,0.0,0.0,0.0,0.0,2.9,6.9,12.9,11.9,2.0,2.9,5.0,8.8,11.0,11.1,1.0,3.0,6.8,6.8,6.8,6.9,1.0,2.0,8.7,5.9,8.7,5.9,6.8,10.9,64.1,54.8,72.5,74.8,7.8,10.8,8.1,4.0,8.1,9.7,7.9,7.4,11.7,7.1,7.0,9.1,11.0,10.8,10.9,8.2,6.9,9.0,11.3,9.0,5.9,7.9,0.0,5.9,5.0,29.3,0.0,2.9,0.0,1.0,1.9,6.0,1.9,6.8,100.0,98.1,100.0,100.0,100.0,100.0,100.0,100.0,0.0,0.0,0.0,0.0,0.0,0.0,0.0,0.0,0.0,0.0,0.0,0.0,0.0,0.0,0.0,0.0,0.0,0.0,0.0,0.0,0.0,0.0,2.9,8.7,7.8,9.6,0.0,0.0,0.0,0.0,0.0,0.0,0.0,0.0,0.0,0.0,0.0,0.0,0.0,0.0,0.0,0.0,0.0,0.0,0.0,0.0,0.0,0.0,0.0,0.0,0.0,0.0,0.0,0.0,0.0,0.0,0.0,0.0,0.0,0.0,0.0,0.0,0.0,0.0,0.0,2.0,1.0,0.0,0.0,0.0,0.0,0.0,0.0,0.0,0.0,0.0,0.0,0.0,0.0,0.0,0.0,0.0,0.0,0.0,0.0,0.0,0.0,0.0,0.0,0.0,0.0,0.0,0.0,0.0,0.0,0.0,0.0,0.0,0.0,0.0,0.0,0.0,0.0,0.0,0.0,0.0,0.0,0.0,0.0,0.0,0.0,0.0,0.0,0.0,0.0,0.0,0.0,0.0,0.0,0.0,0.0,0.0,0.0,0.0,0.0,0.0,0.0,0.0,0.0,0.0,0.0,0.0,0.0,0.0,0.0,0.0,0.0,0.0,0.0,0.0,0.0,0.0,0.0,0.0,0.0,0.0,0.0,0.0,0.0,0.0,0.0,0.0,0.0,0.0,0.0,0.0,0.0,0.0,0.0,0.0,0.0,0.0,0.0,0.0,0.0,0.0,0.0,0.0,0.0,0.0,0.0,0.0,0.0,0.0,0.0,0.0,0.0,0.0,0.0",6.1,63006.12890625,968860.19140625,8688.4853515625,152448.58642578125,37.81103515625
1791397931.6536305,individual_n8_vmnos8_r5:confirmation,5.9,"6.8,10.6,2.9,4.8,14.6,2.9,4.8,7.6,9.6,4.9,4.7,5.6,15.0,3.8,17.1,15.5,11.7,4.8,15.2,5.8,3.9,3.7,3.8,3.1,1.9,3.7,3.8,2.9,1.9,1.9,92.5,100.0,18.4,17.8,16.7,13.3,11.7,10.1,8.1,6.8,2.9,11.5,12.1,2.9,7.6,12.5,9.6,7.7,3.9,7.8,10.4,10.1,12.9,9.6,9.6,6.7,3.8,1.9,2.9,4.8,5.8,5.8,1.9,4.9,5.7,7.5,5.7,5.7,99.1,100.0,100.0,100.0,100.0,100.0,100.0,100.0,0.0,0.0,0.0,0.0,0.0,0.0,0.0,0.0,1.9,0.0,0.0,0.0,0.0,0.0,0.0,0.0,0.0,0.0,0.0,0.0,0.0,0.0,0.9,1.9,8.4,2.9,0.0,0.0,0.0,0.0,0.0,0.0,0.0,0.0,0.0,0.0,0.0,0.0,0.0,0.0,0.0,0.0,0.0,0.0,0.0,0.0,0.0,0.0,0.0,0.0,0.0,0.0,0.0,0.0,0.0,0.0,0.0,0.0,0.0,0.0,0.0,0.0,0.0,0.0,0.0,0.0,0.0,0.0,0.0,0.0,0.0,0.0,0.0,0.0,0.0,0.0,0.0,0.0,0.0,0.0,0.0,0.0,0.0,0.0,0.0,0.0,0.0,0.0,0.0,0.0,0.0,0.0,0.0,0.0,0.0,0.0,0.0,0.0,0.0,0.0,0.0,0.0,0.0,0.0,0.0,0.0,0.0,0.0,0.0,0.0,0.0,0.0,0.0,0.0,0.0,0.0,0.0,0.0,0.0,0.0,0.0,0.0,0.0,0.0,0.0,0.0,0.0,0.0,0.0,0.0,0.0,0.0,0.0,0.0,0.0,0.0,0.0,0.0,0.0,0.0,0.0,0.0,0.0,0.0,0.0,0.0,0.0,0.0,0.0,0.0,0.0,0.0,0.0,0.0,0.0,0.0,0.0,0.0,0.0,0.0,0.0,0.0,0.0,0.0,0.0,0.0,0.0,0.0,0.0,0.0,0.0,0.0,0.0,0.0,0.0,0.0,0.0,0.0,0.0",6.1,62781.171875,969085.1484375,8688.4853515625,152448.58642578125,38.2265625
1791397932.726774,individual_n8_vmnos8_r5:confirmation,4.8,"7.2,2.0,2.0,6.8,3.1,2.9,1.0,2.0,5.0,1.9,2.0,1.0,0.0,1.0,13.0,7.0,6.1,2.0,2.0,3.0,3.1,2.0,3.0,9.3,2.0,1.0,2.0,2.0,1.0,2.9,57.4,90.2,22.2,42.6,3.9,2.0,3.0,6.1,4.0,2.0,2.9,5.8,5.0,5.0,7.8,0.0,5.1,3.0,4.9,4.2,2.0,5.3,4.1,4.0,3.0,5.0,2.0,1.0,1.0,2.0,1.0,1.0,1.0,0.0,2.0,3.0,3.0,2.0,100.0,100.0,100.0,100.0,100.0,100.0,100.0,100.0,0.0,0.0,0.0,0.0,0.0,0.0,0.0,0.0,2.0,1.0,0.0,0.0,0.0,0.0,0.0,0.0,0.0,0.0,0.0,0.0,0.0,0.0,1.0,2.9,1.0,0.0,0.0,0.0,0.0,0.0,0.0,0.0,0.0,0.0,0.0,0.0,0.0,0.0,0.0,0.0,0.0,0.0,0.0,0.0,0.0,0.0,0.0,0.0,0.0,0.0,0.0,0.0,0.0,0.0,0.0,0.0,0.0,0.0,0.0,0.0,0.0,0.0,0.0,0.0,0.0,0.0,0.0,0.0,0.0,0.0,0.0,0.0,0.0,0.0,0.0,0.0,0.0,0.0,0.0,0.0,0.0,0.0,0.0,0.0,0.0,0.0,0.0,0.0,0.0,0.0,0.0,0.0,0.0,0.0,0.0,0.0,0.0,0.0,0.0,0.0,0.0,0.0,0.0,0.0,0.0,0.0,0.0,0.0,0.0,0.0,0.0,0.0,0.0,0.0,0.0,0.0,0.0,0.0,0.0,0.0,0.0,0.0,0.0,0.0,0.0,0.0,0.0,0.0,0.0,0.0,0.0,0.0,0.0,0.0,0.0,0.0,0.0,0.0,0.0,0.0,0.0,0.0,0.0,0.0,0.0,0.0,0.0,0.0,0.0,0.0,0.0,0.0,0.0,0.0,0.0,0.0,0.0,0.0,0.0,0.0,0.0,0.0,0.0,0.0,0.0,0.0,0.0,0.0,0.0,0.0,0.0,0.0,0.0,0.0,0.0,0.0,0.0,0.0,0.0",6.1,63155.63671875,968710.68359375,8688.4853515625,152448.58642578125,38.2265625
1791397933.7324584,individual_n8_vmnos8_r5:confirmation,7.2,"23.3,9.4,12.2,6.2,12.1,5.3,16.7,16.5,21.4,7.4,8.2,13.1,14.3,7.3,7.4,12.0,9.3,8.1,8.1,11.2,12.4,22.2,8.4,7.4,6.1,9.0,9.1,8.2,7.0,7.1,65.3,54.1,34.7,93.9,9.2,6.1,8.2,21.6,7.1,12.1,13.4,8.2,12.1,13.4,17.2,13.3,13.1,16.0,13.5,13.7,13.0,9.1,20.2,8.2,21.4,13.4,12.1,40.2,9.3,9.2,8.1,8.4,16.8,22.2,13.0,15.5,10.1,12.1,100.0,99.0,100.0,100.0,99.0,100.0,99.0,100.0,0.0,0.0,0.0,0.0,0.0,0.0,0.0,0.0,0.0,0.0,0.0,0.0,0.0,0.0,0.0,0.0,0.0,0.0,0.0,0.0,0.0,0.0,5.0,1.0,2.0,2.0,0.0,0.0,0.0,0.0,0.0,0.0,0.0,0.0,0.0,0.0,0.0,0.0,0.0,0.0,0.0,0.0,0.0,0.0,0.0,0.0,0.0,0.0,0.0,0.0,0.0,0.0,0.0,0.0,0.0,0.0,0.0,0.0,0.0,0.0,0.0,0.0,0.0,0.0,0.0,2.0,0.0,0.0,0.0,0.0,0.0,0.0,0.0,0.0,0.0,0.0,0.0,0.0,0.0,0.0,0.0,0.0,0.0,0.0,0.0,0.0,0.0,0.0,0.0,0.0,0.0,0.0,0.0,0.0,0.0,0.0,0.0,0.0,0.0,0.0,0.0,0.0,0.0,0.0,0.0,0.0,0.0,0.0,0.0,0.0,0.0,0.0,0.0,0.0,0.0,0.0,0.0,0.0,0.0,0.0,0.0,0.0,0.0,0.0,0.0,0.0,0.0,0.0,0.0,0.0,0.0,0.0,0.0,0.0,0.0,0.0,0.0,0.0,0.0,0.0,0.0,0.0,0.0,0.0,0.0,0.0,0.0,0.0,0.0,0.0,0.0,0.0,0.0,0.0,0.0,0.0,0.0,0.0,0.0,0.0,0.0,0.0,0.0,0.0,0.0,0.0,0.0,0.0,0.0,0.0,0.0,0.0,0.0,0.0,0.0,0.0,0.0,0.0,0.0",6.0,61603.0,970263.3203125,8688.4853515625,152448.84423828125,38.2265625
1791397934.7388809,individual_n8_vmnos8_r5:confirmation,4.4,"8.2,0.0,2.0,0.0,0.0,0.0,2.0,5.1,2.0,0.0,1.0,1.0,2.0,1.0,1.0,6.5,2.0,0.0,0.0,1.0,1.0,0.0,0.0,0.0,0.0,0.0,0.0,0.0,1.0,0.0,7.0,71.7,45.9,100.0,2.0,6.2,0.0,2.0,3.0,0.0,1.0,1.0,4.0,0.0,0.0,1.0,5.0,2.0,0.0,2.1,0.0,2.2,1.1,3.1,0.0,0.0,0.0,5.1,1.0,0.0,0.0,2.0,1.0,2.0,0.0,0.0,0.0,0.0,100.0,100.0,99.0,100.0,100.0,99.0,100.0,100.0,0.0,0.0,0.0,0.0,0.0,0.0,0.0,0.0,0.0,0.0,0.0,0.0,0.0,0.0,0.0,0.0,0.0,0.0,0.0,0.0,0.0,0.0,2.0,1.0,0.0,1.0,0.0,0.0,0.0,0.0,0.0,0.0,0.0,0.0,0.0,0.0,0.0,0.0,0.0,0.0,0.0,0.0,0.0,0.0,0.0,0.0,0.0,0.0,0.0,0.0,0.0,0.0,0.0,0.0,0.0,0.0,0.0,0.0,0.0,0.0,0.0,0.0,0.0,0.0,0.0,0.0,0.0,0.0,0.0,0.0,0.0,0.0,0.0,0.0,0.0,0.0,0.0,0.0,0.0,0.0,0.0,0.0,0.0,0.0,0.0,0.0,0.0,0.0,0.0,0.0,0.0,0.0,0.0,0.0,0.0,0.0,0.0,0.0,0.0,0.0,0.0,0.0,0.0,0.0,0.0,0.0,0.0,0.0,0.0,0.0,0.0,0.0,0.0,0.0,0.0,0.0,0.0,0.0,0.0,0.0,0.0,0.0,0.0,0.0,0.0,0.0,0.0,0.0,0.0,0.0,0.0,0.0,0.0,0.0,0.0,0.0,0.0,0.0,0.0,0.0,0.0,0.0,0.0,0.0,0.0,0.0,0.0,0.0,0.0,0.0,0.0,0.0,0.0,0.0,0.0,0.0,0.0,0.0,0.0,0.0,0.0,0.0,0.0,0.0,0.0,0.0,0.0,0.0,0.0,0.0,0.0,0.0,0.0,0.0,0.0,0.0,0.0,0.0,0.0",6.0,61427.6796875,970438.640625,8688.4853515625,152448.84423828125,38.2265625
1791397935.7446485,idle,7.1,"10.5,10.1,9.4,8.2,9.2,13.1,9.4,13.4,32.7,12.1,9.3,18.6,12.5,13.3,15.5,14.6,9.4,12.2,8.1,8.5,11.2,9.4,25.0,12.1,9.2,12.2,10.1,12.4,9.4,12.1,0.0,89.0,96.0,14.1,10.0,12.5,15.2,16.2,13.5,11.5,11.6,12.4,10.1,12.5,25.3,13.7,9.2,8.2,8.4,17.0,13.3,21.6,16.5,12.4,9.5,9.7,15.5,15.3,16.3,10.4,9.2,14.1,10.4,14.6,10.3,15.8,8.3,13.3,100.0,100.0,100.0,100.0,100.0,100.0,100.0,100.0,0.0,0.0,0.0,0.0,0.0,0.0,0.0,0.0,0.0,0.0,0.0,0.0,0.0,0.0,0.0,0.0,0.0,0.0,0.0,0.0,0.0,0.0,0.0,0.0,0.0,0.0,0.0,0.0,0.0,0.0,0.0,0.0,0.0,0.0,0.0,0.0,0.0,0.0,0.0,0.0,0.0,0.0,0.0,0.0,0.0,0.0,0.0,0.0,0.0,0.0,0.0,0.0,0.0,0.0,0.0,0.0,0.0,0.0,0.0,0.0,1.0,0.0,0.0,0.0,0.0,0.0,0.0,0.0,0.0,0.0,0.0,0.0,0.0,0.0,0.0,0.0,0.0,0.0,0.0,0.0,0.0,0.0,0.0,0.0,0.0,0.0,0.0,0.0,0.0,0.0,0.0,0.0,0.0,0.0,0.0,0.0,0.0,0.0,0.0,0.0,0.0,0.0,0.0,0.0,0.0,0.0,0.0,0.0,0.0,0.0,0.0,0.0,0.0,0.0,0.0,0.0,0.0,0.0,0.0,0.0,0.0,0.0,0.0,0.0,0.0,0.0,0.0,0.0,0.0,0.0,0.0,0.0,0.0,0.0,0.0,0.0,0.0,0.0,0.0,0.0,0.0,0.0,0.0,0.0,0.0,0.0,0.0,0.0,0.0,0.0,0.0,0.0,0.0,0.0,0.0,0.0,0.0,0.0,0.0,0.0,0.0,0.0,0.0,0.0,0.0,0.0,0.0,0.0,0.0,0.0,0.0,0.0,1.0,0.0,0.0,0.0,0.0,0.0,0.0",5.9,60850.84375,971015.4765625,8688.4853515625,152450.61767578125,38.2265625
1791397936.7521603,aggregate_n8_vmnos8_r5:confirmation,6.9,"10.3,4.1,4.1,9.0,12.0,14.4,8.2,17.7,19.8,13.3,9.3,10.4,46.9,11.0,13.7,9.3,14.3,24.0,12.4,11.2,12.2,4.2,10.2,7.1,10.0,7.1,5.0,5.9,11.0,7.2,26.7,86.1,99.0,41.6,10.4,13.1,11.2,10.2,10.1,12.1,12.1,5.1,6.9,1.0,2.1,6.1,7.1,7.1,11.5,12.9,13.4,16.0,13.0,13.4,10.2,16.2,12.4,9.4,12.2,10.1,12.4,9.3,5.3,11.8,8.1,4.0,23.2,2.0,99.0,100.0,100.0,100.0,100.0,100.0,100.0,100.0,0.0,0.0,0.0,0.0,0.0,0.0,0.0,0.0,0.0,0.0,0.0,0.0,0.0,0.0,0.0,0.0,0.0,0.0,0.0,0.0,0.0,0.0,6.0,0.0,6.9,0.0,0.0,0.0,0.0,0.0,0.0,0.0,0.0,0.0,0.0,0.0,0.0,0.0,0.0,0.0,0.0,0.0,0.0,0.0,0.0,0.0,0.0,0.0,0.0,0.0,0.0,0.0,0.0,0.0,0.0,0.0,0.0,0.0,0.0,0.0,0.0,0.0,0.0,0.0,0.0,0.0,0.0,0.0,0.0,0.0,0.0,0.0,0.0,0.0,0.0,0.0,0.0,0.0,0.0,0.0,0.0,0.0,0.0,0.0,0.0,0.0,0.0,0.0,0.0,0.0,0.0,0.0,0.0,0.0,0.0,0.0,0.0,0.0,0.0,0.0,0.0,0.0,0.0,0.0,0.0,0.0,0.0,0.0,0.0,0.0,0.0,0.0,0.0,0.0,0.0,0.0,0.0,0.0,0.0,0.0,0.0,0.0,0.0,0.0,0.0,0.0,0.0,0.0,0.0,0.0,0.0,0.0,0.0,0.0,0.0,0.0,0.0,0.0,0.0,0.0,0.0,0.0,0.0,0.0,0.0,0.0,0.0,0.0,0.0,0.0,0.0,0.0,0.0,0.0,0.0,0.0,0.0,0.0,0.0,0.0,0.0,0.0,0.0,0.0,0.0,0.0,0.0,0.0,0.0,0.0,0.0,0.0,0.0,0.0,0.0,0.0,0.0,0.0,0.0",5.8,60067.0078125,971799.3125,8688.4853515625,152450.62158203125,37.4072265625
1791397937.758438,aggregate_n8_vmnos8_r5:confirmation,5.6,"10.7,6.5,4.1,5.1,5.1,4.1,4.1,5.2,10.3,5.2,5.1,6.3,6.4,4.1,5.3,11.0,9.3,5.2,8.2,5.2,3.1,5.2,2.1,5.2,2.0,3.0,3.0,2.0,3.0,2.0,62.6,89.1,91.0,15.8,2.0,3.0,3.1,4.0,5.0,3.0,4.1,13.3,7.2,4.1,8.1,6.0,8.3,6.2,6.3,8.7,5.2,7.4,6.5,7.1,5.2,17.9,6.1,13.5,6.1,4.1,5.1,3.1,5.3,5.1,2.0,1.0,1.0,5.9,100.0,100.0,100.0,100.0,100.0,100.0,100.0,100.0,0.0,0.0,0.0,0.0,0.0,0.0,0.0,0.0,2.2,0.0,0.0,0.0,0.0,0.0,0.0,0.0,0.0,0.0,0.0,0.0,0.0,0.0,5.0,0.0,6.0,0.0,0.0,0.0,0.0,0.0,0.0,0.0,0.0,0.0,0.0,0.0,0.0,0.0,0.0,0.0,0.0,0.0,0.0,0.0,0.0,0.0,0.0,0.0,0.0,0.0,0.0,0.0,0.0,0.0,0.0,0.0,0.0,0.0,0.0,0.0,0.0,0.0,0.0,0.0,0.0,0.0,0.0,0.0,0.0,0.0,0.0,0.0,0.0,0.0,0.0,0.0,0.0,0.0,0.0,0.0,0.0,0.0,0.0,0.0,0.0,0.0,0.0,0.0,0.0,0.0,0.0,0.0,0.0,0.0,0.0,0.0,0.0,0.0,0.0,0.0,0.0,0.0,0.0,0.0,0.0,0.0,0.0,0.0,0.0,0.0,0.0,0.0,0.0,0.0,0.0,0.0,0.0,0.0,0.0,0.0,0.0,0.0,0.0,0.0,0.0,1.0,0.0,0.0,0.0,0.0,0.0,0.0,0.0,0.0,0.0,0.0,0.0,0.0,0.0,0.0,0.0,0.0,0.0,0.0,0.0,0.0,0.0,0.0,0.0,0.0,0.0,0.0,0.0,0.0,0.0,0.0,0.0,0.0,0.0,0.0,0.0,0.0,0.0,0.0,0.0,0.0,0.0,0.0,0.0,0.0,0.0,0.0,0.0,0.0,0.0,0.0,0.0,0.0,0.0",5.8,59967.50390625,971898.81640625,8688.4853515625,152450.62158203125,37.4072265625
1791397938.7633643,aggregate_n8_vmnos8_r5:confirmation,4.6,"4.9,4.0,1.0,0.0,0.0,0.0,3.0,3.0,9.3,3.2,2.0,3.1,2.2,2.0,0.0,1.0,1.0,1.0,0.0,0.0,1.0,0.0,2.0,0.0,4.0,0.0,0.0,0.0,0.0,2.0,67.0,97.0,15.6,79.8,2.0,2.0,3.1,4.0,1.0,1.0,0.0,0.0,7.1,3.1,2.0,0.0,0.0,0.0,3.1,4.1,2.0,2.0,2.1,2.0,3.1,1.0,2.0,1.0,2.0,2.0,0.0,1.0,0.0,0.0,0.0,0.0,1.0,0.0,100.0,100.0,100.0,99.0,100.0,100.0,100.0,100.0,0.0,0.0,0.0,0.0,0.0,0.0,0.0,0.0,0.0,0.0,0.0,0.0,0.0,0.0,0.0,0.0,0.0,0.0,0.0,0.0,0.0,0.0,2.0,0.0,0.0,0.0,0.0,0.0,0.0,0.0,0.0,0.0,0.0,0.0,0.0,0.0,0.0,0.0,0.0,0.0,0.0,0.0,0.0,0.0,0.0,0.0,0.0,0.0,0.0,0.0,0.0,0.0,0.0,0.0,0.0,0.0,0.0,0.0,0.0,0.0,0.0,0.0,0.0,0.0,0.0,1.1,0.0,0.0,0.0,0.0,1.0,0.0,0.0,0.0,0.0,0.0,0.0,0.0,0.0,0.0,0.0,0.0,0.0,0.0,0.0,0.0,1.0,0.0,0.0,0.0,0.0,0.0,0.0,0.0,0.0,0.0,0.0,0.0,0.0,0.0,0.0,0.0,0.0,0.0,0.0,0.0,0.0,0.0,0.0,0.0,0.0,0.0,0.0,0.0,0.0,0.0,0.0,0.0,0.0,0.0,0.0,0.0,0.0,0.0,0.0,0.0,0.0,0.0,0.0,0.0,0.0,0.0,0.0,0.0,0.0,0.0,0.0,0.0,0.0,0.0,0.0,0.0,0.0,0.0,0.0,0.0,0.0,0.0,0.0,0.0,0.0,0.0,0.0,0.0,0.0,0.0,0.0,0.0,0.0,0.0,0.0,0.0,0.0,0.0,0.0,0.0,0.0,0.0,0.0,0.0,0.0,0.0,0.0,0.0,0.0,0.0,0.0,0.0,0.0",5.8,60101.03125,971765.2890625,8688.4853515625,152450.91064453125,37.4072265625
1791397939.7775571,aggregate_n8_vmnos8_r5:confirmation,5.7,"8.5,8.1,5.2,10.0,7.0,4.0,5.0,16.5,6.1,10.3,5.1,9.2,12.2,8.1,8.1,10.2,5.1,7.0,8.0,6.1,5.9,8.2,5.1,9.4,7.1,4.0,5.0,4.0,4.0,6.9,91.1,52.5,32.0,12.4,7.2,7.4,7.1,12.2,7.1,5.1,7.1,12.5,7.1,13.3,7.1,5.0,6.0,6.1,9.1,8.5,6.1,7.4,8.6,7.4,8.0,8.2,7.1,11.1,12.0,7.0,6.9,6.1,6.1,6.2,2.0,3.9,4.9,2.0,100.0,100.0,100.0,100.0,99.0,100.0,100.0,99.0,0.0,0.0,0.0,0.0,0.0,0.0,0.0,0.0,2.1,0.0,0.0,0.0,0.0,0.0,0.0,0.0,0.0,0.0,0.0,0.0,0.0,0.0,7.9,0.0,7.8,0.0,0.0,0.0,0.0,0.0,0.0,0.0,0.0,0.0,0.0,0.0,0.0,0.0,0.0,0.0,0.0,0.0,0.0,0.0,0.0,0.0,0.0,0.0,0.0,0.0,0.0,0.0,0.0,0.0,0.0,0.0,0.0,0.0,0.0,0.0,0.0,0.0,0.0,0.0,0.0,1.0,0.0,0.0,0.0,0.0,0.0,0.0,0.0,0.0,0.0,0.0,0.0,0.0,0.0,0.0,0.0,0.0,0.0,0.0,0.0,0.0,0.0,0.0,0.0,0.0,0.0,0.0,0.0,0.0,0.0,0.0,0.0,0.0,0.0,0.0,0.0,0.0,0.0,1.0,0.0,0.0,0.0,0.0,0.0,0.0,0.0,0.0,0.0,0.0,0.0,0.0,0.0,0.0,0.0,0.0,0.0,0.0,0.0,0.0,0.0,0.0,0.0,0.0,0.0,0.0,0.0,0.0,0.0,0.0,0.0,0.0,0.0,0.0,0.0,0.0,0.0,0.0,0.0,0.0,0.0,0.0,0.0,0.0,0.0,0.0,0.0,0.0,0.0,0.0,0.0,0.0,0.0,0.0,0.0,0.0,0.0,0.0,0.0,0.0,0.0,0.0,0.0,0.0,0.0,0.0,0.0,0.0,0.0,0.0,0.0,0.0,0.0,0.0,0.0",5.8,59449.21484375,972417.10546875,8688.4853515625,152451.20361328125,37.4072265625
1791397940.807323,aggregate_n8_vmnos8_r5:confirmation,4.5,"2.4,3.1,0.0,0.0,0.0,1.0,0.0,2.0,2.0,5.1,0.0,1.9,2.0,0.0,1.0,4.0,0.0,0.0,0.0,1.0,0.0,2.0,1.0,0.0,1.0,0.0,0.0,0.0,0.0,1.0,71.6,95.1,35.3,17.6,1.0,3.1,4.0,6.0,2.0,0.0,2.9,1.0,6.0,5.0,2.0,1.0,0.0,0.0,3.1,6.2,3.0,7.1,1.0,3.0,0.0,4.0,1.0,1.0,1.0,0.0,0.0,1.0,0.0,1.0,1.0,0.0,0.0,0.0,100.0,100.0,99.0,100.0,100.0,99.0,100.0,100.0,0.0,0.0,0.0,0.0,0.0,1.0,1.0,0.0,1.1,0.0,0.0,0.0,0.0,0.0,0.0,0.0,0.0,0.0,0.0,0.0,0.0,0.0,3.0,6.7,2.9,0.0,0.0,0.0,0.0,0.0,0.0,0.0,0.0,0.0,0.0,0.0,0.0,0.0,0.0,0.0,0.0,0.0,0.0,0.0,0.0,0.0,0.0,0.0,0.0,0.0,0.0,0.0,0.0,0.0,0.0,0.0,0.0,0.0,0.0,0.0,0.0,0.0,0.0,0.0,0.0,2.1,0.0,0.0,0.0,0.0,0.0,0.0,0.0,0.0,0.0,0.0,0.0,0.0,0.0,0.0,0.0,0.0,0.0,0.0,0.0,0.0,1.0,0.0,0.0,0.0,0.0,0.0,0.0,0.0,0.0,0.0,0.0,0.0,0.0,0.0,0.0,0.0,0.0,0.0,0.0,0.0,0.0,0.0,0.0,0.0,0.0,0.0,0.0,0.0,0.0,0.0,0.0,0.0,0.0,0.0,0.0,0.0,0.0,0.0,0.0,0.0,0.0,0.0,0.0,0.0,0.0,0.0,0.0,0.0,0.0,0.0,0.0,0.0,0.0,0.0,0.0,0.0,0.0,0.0,0.0,0.0,0.0,0.0,0.0,0.0,0.0,0.0,0.0,0.0,0.0,0.0,0.0,0.0,0.0,0.0,0.0,0.0,0.0,0.0,0.0,0.0,0.0,0.0,0.0,0.0,0.0,0.0,0.0,0.0,0.0,0.0,0.0,0.0,0.0",5.8,59997.83984375,971868.48046875,8688.4853515625,152452.67236328125,37.4072265625
1791397941.816218,aggregate_n8_vmnos8_r5:confirmation,5.3,"11.9,10.5,6.5,6.1,4.2,6.2,10.6,11.6,6.1,13.4,22.7,6.1,5.2,8.2,8.0,6.1,7.1,6.1,5.2,4.1,6.0,6.2,6.3,3.2,4.0,2.1,5.0,5.1,1.0,3.0,41.8,30.0,19.2,31.0,7.1,9.4,7.2,7.4,14.4,7.4,7.1,5.2,5.1,3.1,7.1,5.2,6.2,8.3,7.1,8.5,6.1,6.3,6.5,7.1,9.0,7.1,9.3,7.1,7.4,9.8,7.3,5.2,7.2,7.1,2.0,3.0,0.0,1.0,100.0,100.0,100.0,100.0,100.0,100.0,100.0,100.0,0.0,0.0,0.0,0.0,0.0,1.0,0.0,0.0,0.0,0.0,0.0,0.0,0.0,0.0,0.0,0.0,0.0,0.0,0.0,0.0,0.0,0.0,0.0,0.0,0.0,0.0,0.0,0.0,0.0,0.0,0.0,0.0,0.0,0.0,0.0,0.0,0.0,0.0,0.0,0.0,0.0,0.0,0.0,0.0,0.0,0.0,0.0,0.0,0.0,0.0,0.0,0.0,0.0,0.0,0.0,0.0,0.0,0.0,0.0,0.0,0.0,0.0,0.0,0.0,0.0,1.0,0.0,1.0,0.0,0.0,0.0,0.0,0.0,0.0,0.0,0.0,0.0,0.0,0.0,0.0,0.0,0.0,0.0,0.0,0.0,0.0,0.0,0.0,0.0,0.0,0.0,0.0,0.0,0.0,0.0,0.0,0.0,0.0,0.0,0.0,0.0,0.0,0.0,0.0,0.0,0.0,0.0,0.0,0.0,0.0,0.0,0.0,0.0,0.0,0.0,0.0,0.0,0.0,0.0,0.0,0.0,0.0,0.0,0.0,0.0,0.0,0.0,0.0,0.0,0.0,0.0,0.0,0.0,0.0,0.0,0.0,0.0,0.0,0.0,0.0,0.0,0.0,0.0,0.0,0.0,0.0,0.0,0.0,0.0,0.0,0.0,0.0,0.0,0.0,0.0,0.0,0.0,0.0,0.0,0.0,0.0,0.0,0.0,0.0,0.0,0.0,0.0,0.0,0.0,0.0,0.0,0.0,0.0,0.0,0.0,0.0,0.0,0.0,0.0",5.8,59831.66796875,972034.65234375,8688.4853515625,152452.67626953125,36.97412109375
1791397942.821252,aggregate_n8_vmnos8_r5:confirmation,4.3,"9.4,10.5,0.0,3.1,1.0,1.0,1.0,1.0,0.0,7.1,3.0,1.0,0.0,0.0,0.0,2.0,0.0,0.0,1.0,0.0,0.0,1.0,1.0,0.0,1.0,0.0,0.0,0.0,1.0,0.0,49.5,18.0,100.0,35.4,0.0,0.0,1.0,3.0,1.0,2.0,1.0,0.0,0.0,1.0,1.0,1.0,1.0,1.0,0.0,4.2,2.0,2.1,3.2,0.0,0.0,1.0,3.0,2.0,3.0,5.1,1.0,3.0,3.0,2.0,0.0,0.0,0.0,0.0,100.0,100.0,100.0,100.0,100.0,100.0,100.0,100.0,0.0,0.0,0.0,0.0,0.0,1.0,0.0,0.0,0.0,0.0,0.0,0.0,0.0,0.0,0.0,0.0,0.0,0.0,0.0,0.0,0.0,0.0,0.0,0.0,0.0,0.0,0.0,0.0,0.0,0.0,0.0,0.0,0.0,0.0,0.0,0.0,0.0,0.0,0.0,0.0,0.0,0.0,0.0,0.0,0.0,0.0,0.0,0.0,0.0,0.0,0.0,0.0,0.0,0.0,0.0,0.0,0.0,0.0,0.0,0.0,0.0,0.0,0.0,0.0,0.0,1.1,0.0,0.0,0.0,0.0,0.0,0.0,0.0,0.0,0.0,0.0,0.0,0.0,0.0,0.0,0.0,0.0,0.0,0.0,0.0,0.0,0.0,0.0,0.0,0.0,0.0,0.0,0.0,0.0,0.0,0.0,0.0,0.0,0.0,0.0,0.0,0.0,0.0,0.0,0.0,0.0,0.0,0.0,0.0,0.0,0.0,0.0,0.0,0.0,0.0,0.0,0.0,0.0,0.0,0.0,0.0,0.0,0.0,0.0,0.0,0.0,0.0,0.0,0.0,0.0,0.0,0.0,0.0,0.0,0.0,0.0,0.0,0.0,0.0,0.0,0.0,0.0,0.0,0.0,0.0,0.0,0.0,0.0,0.0,0.0,0.0,0.0,0.0,0.0,0.0,0.0,0.0,0.0,0.0,0.0,0.0,0.0,0.0,0.0,0.0,0.0,0.0,0.0,0.0,0.0,0.0,0.0,0.0,0.0,0.0,0.0,0.0,0.0,0.0",5.8,60123.296875,971743.0234375,8688.4853515625,152452.67626953125,36.97412109375
1791397943.82679,aggregate_n8_vmnos8_r5:confirmation,5.5,"14.5,11.7,12.4,8.1,5.2,6.3,6.1,7.2,6.1,13.8,8.2,8.2,8.0,8.1,7.0,5.3,5.1,5.1,5.1,6.5,6.0,5.1,5.2,4.5,8.3,7.1,8.3,6.2,7.9,6.1,37.8,1.0,67.0,87.1,8.2,5.1,4.1,4.1,5.0,3.1,4.3,8.2,5.2,5.2,4.1,3.1,7.2,6.1,7.1,8.3,8.2,6.0,7.4,9.2,8.1,4.1,9.3,8.0,8.2,10.6,9.2,5.2,5.2,12.4,1.0,4.0,1.0,3.0,100.0,100.0,100.0,100.0,100.0,100.0,100.0,100.0,0.0,0.0,0.0,0.0,0.0,1.0,0.0,0.0,1.0,0.0,0.0,0.0,0.0,0.0,0.0,0.0,0.0,0.0,0.0,0.0,0.0,0.0,0.0,0.0,0.0,0.0,0.0,0.0,0.0,0.0,0.0,0.0,0.0,0.0,0.0,0.0,0.0,0.0,0.0,0.0,0.0,0.0,0.0,0.0,0.0,0.0,0.0,0.0,0.0,0.0,0.0,0.0,0.0,0.0,0.0,0.0,0.0,0.0,0.0,0.0,0.0,0.0,0.0,0.0,0.0,1.0,0.0,0.0,0.0,0.0,0.0,0.0,0.0,0.0,0.0,0.0,0.0,0.0,0.0,0.0,0.0,0.0,0.0,0.0,0.0,0.0,0.0,0.0,0.0,0.0,0.0,0.0,0.0,0.0,0.0,0.0,0.0,0.0,0.0,0.0,0.0,0.0,0.0,0.0,0.0,0.0,0.0,0.0,0.0,0.0,0.0,0.0,0.0,0.0,0.0,0.0,0.0,0.0,0.0,0.0,0.0,0.0,0.0,0.0,0.0,0.0,0.0,0.0,0.0,0.0,0.0,0.0,0.0,0.0,0.0,0.0,0.0,0.0,0.0,0.0,0.0,0.0,0.0,0.0,0.0,0.0,0.0,0.0,0.0,0.0,0.0,0.0,0.0,0.0,0.0,0.0,0.0,0.0,0.0,0.0,0.0,0.0,0.0,0.0,0.0,0.0,0.0,0.0,0.0,0.0,0.0,0.0,0.0,0.0,0.0,0.0,0.0,0.0,0.0",5.9,60764.328125,971101.9921875,8688.4853515625,152452.95751953125,36.97412109375
1791397944.8320537,aggregate_n8_vmnos8_r5:confirmation,4.5,"3.7,3.0,0.0,0.0,2.1,0.0,0.0,4.0,3.1,4.1,3.0,2.0,0.0,2.0,2.0,4.2,0.0,1.0,1.0,3.2,0.0,0.0,0.0,3.1,1.0,1.0,2.0,0.0,0.0,1.0,94.1,75.8,29.9,33.0,3.3,5.2,2.1,4.1,3.1,1.1,1.1,0.0,2.0,1.0,1.0,1.0,2.1,2.0,1.0,3.2,0.0,1.1,5.2,1.0,0.0,0.0,1.0,0.0,0.0,2.0,0.0,3.1,5.2,2.1,1.0,0.0,0.0,0.0,100.0,99.0,100.0,100.0,100.0,100.0,100.0,100.0,0.0,0.0,0.0,0.0,0.0,0.0,0.0,0.0,2.9,0.0,0.0,0.0,0.0,0.0,0.0,0.0,0.0,0.0,0.0,0.0,0.0,0.0,2.9,1.0,2.0,0.0,0.0,0.0,0.0,0.0,0.0,0.0,0.0,0.0,0.0,0.0,0.0,0.0,0.0,0.0,0.0,0.0,0.0,0.0,0.0,0.0,0.0,0.0,0.0,0.0,0.0,0.0,0.0,0.0,0.0,0.0,0.0,0.0,0.0,0.0,0.0,0.0,0.0,0.0,0.0,0.0,0.0,0.0,0.0,0.0,0.0,0.0,0.0,0.0,0.0,0.0,0.0,0.0,0.0,0.0,0.0,0.0,0.0,0.0,1.0,0.0,1.0,0.0,0.0,0.0,0.0,0.0,0.0,0.0,0.0,0.0,0.0,0.0,0.0,0.0,0.0,0.0,0.0,0.0,0.0,0.0,0.0,0.0,0.0,0.0,0.0,0.0,0.0,0.0,0.0,0.0,0.0,0.0,0.0,0.0,0.0,0.0,0.0,0.0,0.0,0.0,0.0,0.0,0.0,0.0,0.0,0.0,0.0,0.0,0.0,0.0,0.0,0.0,0.0,0.0,0.0,0.0,0.0,0.0,0.0,0.0,0.0,0.0,0.0,0.0,0.0,0.0,0.0,0.0,0.0,0.0,0.0,0.0,0.0,0.0,0.0,0.0,0.0,0.0,0.0,0.0,0.0,0.0,0.0,0.0,0.0,0.0,0.0,0.0,0.0,0.0,0.0,0.0,0.0",5.8,59610.703125,972255.6171875,8688.4853515625,152452.95751953125,36.97412109375
1791397945.8369431,aggregate_n8_vmnos8_r5:confirmation,5.8,"8.4,6.1,4.1,9.0,6.1,5.1,15.5,11.3,8.0,16.0,5.2,11.3,7.3,6.1,7.1,5.1,7.2,8.2,7.3,6.3,10.1,9.3,6.2,4.1,3.0,5.9,3.0,4.0,4.0,2.0,52.6,41.0,39.0,92.9,4.1,4.0,3.1,6.0,4.0,5.1,7.0,9.2,5.1,9.0,5.1,7.0,7.1,5.1,6.2,5.3,13.4,6.2,5.4,17.7,7.1,7.0,7.1,8.0,6.1,5.3,12.2,5.1,16.8,7.7,3.0,2.0,2.0,4.0,99.0,100.0,100.0,100.0,100.0,100.0,100.0,100.0,0.0,0.0,0.0,0.0,0.0,2.0,0.0,0.0,4.1,0.0,0.0,0.0,0.0,0.0,0.0,0.0,0.0,0.0,0.0,0.0,0.0,0.0,0.0,0.0,0.0,0.0,0.0,0.0,0.0,0.0,0.0,0.0,0.0,0.0,0.0,0.0,0.0,0.0,0.0,0.0,0.0,0.0,0.0,0.0,0.0,0.0,0.0,0.0,0.0,0.0,0.0,0.0,0.0,0.0,0.0,0.0,0.0,0.0,0.0,0.0,0.0,0.0,0.0,0.0,0.0,0.0,1.0,0.0,0.0,0.0,0.0,0.0,0.0,0.0,0.0,0.0,0.0,0.0,0.0,0.0,0.0,0.0,0.0,0.0,0.0,0.0,0.0,0.0,0.0,0.0,0.0,0.0,0.0,0.0,0.0,0.0,0.0,0.0,0.0,0.0,0.0,0.0,0.0,0.0,0.0,0.0,0.0,0.0,0.0,0.0,0.0,0.0,0.0,0.0,0.0,0.0,0.0,0.0,0.0,0.0,0.0,0.0,0.0,0.0,0.0,0.0,0.0,0.0,0.0,0.0,0.0,0.0,0.0,0.0,0.0,0.0,0.0,0.0,0.0,0.0,0.0,0.0,0.0,0.0,0.0,0.0,0.0,0.0,0.0,0.0,0.0,0.0,0.0,0.0,0.0,0.0,0.0,0.0,0.0,0.0,0.0,0.0,0.0,0.0,0.0,0.0,0.0,0.0,0.0,0.0,0.0,0.0,0.0,0.0,0.0,0.0,0.0,0.0,0.0",5.8,59600.61328125,972265.70703125,8688.4853515625,152454.00439453125,36.97412109375
1791397946.8418741,aggregate_n8_vmnos8_r5:confirmation,4.1,"1.2,1.0,0.0,0.0,2.0,0.0,6.1,0.0,1.0,2.0,0.0,1.0,1.0,2.0,1.0,0.0,2.0,0.0,2.0,2.0,2.0,0.0,1.0,3.1,0.0,1.0,2.0,4.0,2.0,1.0,33.0,55.1,17.3,16.7,3.2,4.1,2.1,6.1,2.1,2.1,0.0,0.0,0.0,2.0,0.0,0.0,1.0,0.0,6.0,1.1,1.0,4.1,2.2,2.1,11.2,1.0,1.0,2.1,3.1,3.2,3.0,2.0,2.1,4.3,0.0,1.0,0.0,0.0,100.0,100.0,100.0,99.0,100.0,100.0,99.0,100.0,0.0,0.0,0.0,0.0,0.0,1.0,0.0,0.0,2.0,0.0,0.0,0.0,0.0,0.0,0.0,0.0,0.0,0.0,0.0,0.0,0.0,0.0,1.0,0.0,0.0,0.0,0.0,0.0,0.0,0.0,0.0,0.0,0.0,0.0,0.0,0.0,0.0,0.0,0.0,0.0,0.0,0.0,0.0,0.0,0.0,0.0,0.0,0.0,0.0,0.0,0.0,0.0,0.0,0.0,0.0,0.0,0.0,0.0,0.0,0.0,0.0,0.0,0.0,0.0,0.0,1.0,0.0,0.0,0.0,0.0,0.0,0.0,0.0,0.0,0.0,0.0,0.0,0.0,0.0,0.0,0.0,0.0,0.0,0.0,0.0,0.0,0.0,0.0,0.0,0.0,0.0,0.0,0.0,0.0,0.0,0.0,0.0,0.0,0.0,0.0,0.0,0.0,0.0,0.0,0.0,0.0,0.0,0.0,0.0,0.0,0.0,0.0,0.0,0.0,0.0,0.0,0.0,0.0,0.0,0.0,0.0,0.0,0.0,0.0,0.0,0.0,0.0,0.0,0.0,0.0,0.0,0.0,0.0,0.0,0.0,0.0,0.0,0.0,0.0,0.0,0.0,0.0,0.0,0.0,0.0,0.0,0.0,0.0,0.0,0.0,0.0,0.0,0.0,0.0,0.0,0.0,0.0,0.0,0.0,0.0,0.0,0.0,0.0,0.0,0.0,0.0,0.0,0.0,0.0,0.0,0.0,0.0,0.0,0.0,0.0,0.0,0.0,0.0,0.0",5.8,59885.08203125,971981.23828125,8688.4853515625,152454.00439453125,35.21435546875
1791397947.8646836,aggregate_n8_vmnos8_r5:confirmation,6.8,"9.1,27.0,5.1,7.8,6.9,32.3,22.5,5.9,10.0,27.3,5.1,30.3,7.1,7.0,4.1,28.4,11.1,5.0,4.0,5.1,5.9,7.8,6.9,11.0,3.0,4.8,3.0,4.9,2.0,2.9,38.4,92.2,51.5,93.1,21.0,2.0,5.9,5.1,3.0,17.8,3.0,6.0,5.0,4.1,12.0,7.0,5.1,5.0,3.0,5.2,6.0,25.5,30.3,5.1,33.0,3.1,29.0,6.0,32.3,8.1,7.9,5.1,7.9,4.1,2.0,2.0,3.0,21.0,100.0,100.0,100.0,100.0,100.0,100.0,100.0,99.0,0.0,0.0,0.0,0.0,0.0,0.0,0.0,0.0,0.0,0.0,0.0,0.0,0.0,0.0,0.0,0.0,0.0,0.0,0.0,0.0,0.0,0.0,0.0,0.0,1.0,0.0,0.0,0.0,0.0,0.0,0.0,0.0,0.0,0.0,0.0,0.0,0.0,0.0,0.0,0.0,0.0,0.0,0.0,0.0,0.0,0.0,0.0,0.0,0.0,0.0,0.0,0.0,0.0,0.0,0.0,0.0,0.0,0.0,0.0,0.0,0.0,0.0,0.0,0.0,0.0,1.0,0.0,0.0,0.0,0.0,0.0,0.0,0.0,0.0,0.0,0.0,0.0,0.0,0.0,0.0,0.0,0.0,0.0,0.0,0.0,0.0,0.0,0.0,0.0,0.0,0.0,0.0,0.0,0.0,0.0,0.0,0.0,0.0,0.0,0.0,0.0,0.0,0.0,0.0,0.0,0.0,0.0,0.0,0.0,0.0,0.0,0.0,0.0,0.0,0.0,0.0,0.0,0.0,0.0,0.0,0.0,0.0,0.0,0.0,0.0,0.0,0.0,0.0,0.0,0.0,0.0,0.0,0.0,0.0,0.0,0.0,0.0,0.0,0.0,0.0,0.0,0.0,0.0,0.0,0.0,0.0,0.0,0.0,0.0,0.0,0.0,0.0,0.0,0.0,0.0,0.0,0.0,0.0,0.0,0.0,0.0,0.0,0.0,0.0,0.0,0.0,0.0,0.0,0.0,0.0,0.0,0.0,0.0,0.0,0.0,0.0,0.0,0.0,0.0",5.8,59656.48828125,972209.83203125,8688.4853515625,152454.00830078125,35.21435546875
1791397948.8695776,aggregate_n8_vmnos8_r5:confirmation,4.4,"3.8,2.0,1.0,0.0,0.0,0.0,0.0,0.0,1.0,3.1,1.0,6.2,3.1,1.0,1.0,1.0,0.0,0.0,1.0,1.0,2.0,2.0,2.0,1.0,1.0,1.0,1.0,1.0,2.0,1.0,1.0,77.8,35.4,100.0,2.0,1.0,2.0,2.0,1.0,1.0,0.0,3.1,1.0,0.0,3.0,1.0,0.0,0.0,3.0,2.2,2.0,1.0,4.2,8.5,3.1,2.1,2.0,5.1,3.0,2.1,0.0,0.0,1.0,4.1,0.0,0.0,0.0,0.0,100.0,100.0,100.0,100.0,100.0,100.0,100.0,100.0,0.0,0.0,0.0,0.0,0.0,0.0,0.0,0.0,1.0,0.0,0.0,0.0,0.0,0.0,0.0,0.0,0.0,0.0,0.0,0.0,0.0,0.0,0.0,0.0,0.0,0.0,0.0,0.0,0.0,0.0,0.0,0.0,0.0,0.0,0.0,0.0,0.0,0.0,0.0,0.0,0.0,0.0,0.0,0.0,0.0,0.0,0.0,0.0,0.0,0.0,0.0,0.0,0.0,0.0,0.0,0.0,0.0,0.0,0.0,0.0,0.0,0.0,0.0,0.0,0.0,2.1,0.0,0.0,0.0,0.0,0.0,0.0,0.0,0.0,0.0,0.0,0.0,0.0,0.0,0.0,0.0,0.0,0.0,0.0,0.0,0.0,0.0,0.0,0.0,0.0,0.0,0.0,0.0,0.0,0.0,0.0,0.0,0.0,0.0,0.0,0.0,0.0,0.0,0.0,0.0,0.0,0.0,0.0,0.0,0.0,0.0,0.0,0.0,0.0,0.0,0.0,0.0,0.0,0.0,0.0,0.0,0.0,0.0,0.0,0.0,0.0,0.0,0.0,0.0,0.0,0.0,0.0,0.0,0.0,0.0,0.0,0.0,0.0,0.0,0.0,0.0,0.0,0.0,0.0,0.0,0.0,0.0,0.0,0.0,0.0,0.0,0.0,0.0,0.0,0.0,0.0,0.0,0.0,0.0,0.0,0.0,0.0,0.0,0.0,0.0,0.0,0.0,0.0,0.0,0.0,0.0,0.0,0.0,0.0,0.0,0.0,0.0,0.0,0.0",5.8,59674.85546875,972191.46484375,8688.4853515625,152454.68408203125,35.21435546875
1791397949.8770785,aggregate_n8_vmnos8_r5:confirmation,5.6,"13.3,7.3,9.2,4.1,17.3,4.0,6.2,4.1,6.5,6.4,3.2,9.3,15.3,9.2,6.1,7.2,12.4,9.1,7.0,7.1,3.2,9.2,8.2,12.5,6.9,6.0,3.2,8.2,6.0,6.1,30.0,44.4,48.5,33.7,2.1,4.0,6.2,6.1,24.2,4.2,12.0,7.1,10.5,7.2,4.1,5.1,5.2,4.1,5.1,3.1,2.1,4.2,8.4,4.2,8.2,6.2,20.2,9.4,8.3,6.2,7.1,7.4,7.1,5.3,3.0,2.0,2.0,2.0,100.0,100.0,100.0,100.0,100.0,100.0,100.0,100.0,0.0,0.0,0.0,0.0,0.0,1.0,0.0,0.0,1.1,0.0,0.0,0.0,0.0,0.0,0.0,0.0,0.0,0.0,0.0,0.0,0.0,0.0,0.0,0.0,2.0,0.0,0.0,0.0,0.0,0.0,0.0,0.0,0.0,0.0,0.0,0.0,0.0,0.0,0.0,0.0,0.0,0.0,0.0,0.0,0.0,0.0,0.0,0.0,0.0,0.0,0.0,0.0,0.0,1.0,0.0,0.0,0.0,0.0,0.0,0.0,0.0,0.0,0.0,0.0,0.0,0.0,0.0,0.0,0.0,0.0,0.0,0.0,0.0,0.0,0.0,0.0,0.0,0.0,0.0,0.0,0.0,0.0,0.0,0.0,0.0,0.0,0.0,0.0,0.0,0.0,0.0,0.0,0.0,0.0,0.0,0.0,0.0,0.0,0.0,0.0,0.0,0.0,0.0,0.0,0.0,0.0,0.0,0.0,0.0,0.0,0.0,0.0,0.0,0.0,0.0,0.0,0.0,0.0,0.0,0.0,0.0,0.0,0.0,0.0,0.0,0.0,0.0,0.0,0.0,0.0,0.0,0.0,0.0,0.0,0.0,0.0,0.0,0.0,0.0,0.0,0.0,0.0,0.0,0.0,0.0,0.0,0.0,0.0,0.0,0.0,0.0,0.0,0.0,0.0,0.0,0.0,0.0,0.0,0.0,0.0,0.0,0.0,0.0,0.0,0.0,0.0,0.0,0.0,0.0,0.0,0.0,0.0,0.0,0.0,0.0,0.0,0.0,0.0,0.0",5.8,59788.78515625,972077.53515625,8688.4853515625,152454.68408203125,35.21435546875
1791397950.9338696,aggregate_n8_vmnos8_r5:confirmation,4.4,"2.4,5.8,1.0,1.9,2.9,1.0,1.9,7.7,1.0,1.0,1.9,0.0,4.0,2.0,2.0,1.0,1.9,0.0,0.0,1.9,2.0,0.0,0.0,3.0,0.0,0.0,0.9,1.0,1.0,0.0,100.0,69.5,24.0,29.8,1.0,1.0,1.0,1.9,1.0,1.0,1.0,0.0,1.0,0.0,0.0,1.0,2.9,2.9,2.9,4.0,1.0,1.9,3.2,3.0,3.9,1.0,0.9,0.0,1.1,0.0,1.0,0.0,0.0,0.9,0.0,0.0,0.0,0.9,100.0,100.0,100.0,100.0,100.0,100.0,100.0,100.0,0.0,0.0,0.0,0.0,0.0,0.0,0.0,0.0,0.0,0.0,0.0,0.0,0.0,0.0,0.0,0.0,0.0,0.0,0.0,0.0,0.0,0.0,0.0,0.0,0.9,0.0,0.0,0.0,0.0,0.0,0.0,0.0,0.0,0.0,0.0,0.0,0.0,0.0,0.0,0.0,0.0,0.0,0.0,0.0,0.0,0.0,0.0,0.0,0.0,0.0,0.0,0.0,0.0,0.0,0.0,0.0,0.0,0.0,0.9,0.0,0.0,0.0,0.0,0.0,0.0,1.0,1.0,0.0,0.0,0.0,0.0,0.0,0.0,0.0,0.0,0.0,0.0,0.0,0.0,0.0,0.0,0.0,0.0,0.0,0.0,0.0,0.0,0.0,0.0,0.0,0.0,0.0,0.0,0.0,0.0,0.0,0.0,0.0,0.0,0.0,0.0,0.0,0.0,0.0,0.0,0.0,0.0,0.0,0.0,0.0,0.0,0.0,0.0,0.0,0.0,0.0,0.0,0.0,0.0,0.0,0.0,0.0,0.0,0.0,0.0,0.0,0.0,0.0,0.0,0.0,0.0,0.0,0.0,0.0,0.0,0.0,0.0,0.0,0.0,0.0,0.0,0.0,0.0,0.0,0.0,0.0,0.0,0.0,0.0,0.0,0.0,0.0,0.0,0.0,0.0,0.0,0.0,0.0,0.0,0.0,0.0,0.0,0.0,0.0,0.0,0.0,0.0,0.0,0.0,0.0,0.0,0.0,0.0,0.0,0.0,0.0,0.0,0.0,0.0",5.8,59949.16015625,971917.16015625,8688.4853515625,152455.68017578125,35.21435546875
1791397951.9384604,aggregate_n8_vmnos8_r5:confirmation,5.4,"13.1,7.3,11.1,5.1,5.0,6.1,4.0,2.1,10.0,7.0,2.0,5.0,8.3,6.2,6.1,4.9,4.2,4.0,6.1,6.1,7.1,9.5,5.1,7.1,3.1,3.0,5.0,7.1,4.0,4.0,100.0,59.6,21.0,48.0,9.2,5.1,4.1,6.3,7.2,1.0,5.3,6.1,8.0,5.3,8.0,5.1,5.2,3.1,8.0,6.3,9.0,8.2,10.4,4.2,13.1,3.0,3.0,2.0,7.9,5.3,4.2,3.0,3.0,4.1,2.0,3.0,3.0,2.0,99.0,100.0,99.0,100.0,100.0,100.0,100.0,100.0,0.0,0.0,0.0,0.0,0.0,1.1,0.0,0.0,1.1,0.0,0.0,0.0,0.0,0.0,0.0,0.0,0.0,0.0,0.0,0.0,0.0,0.0,0.0,0.0,1.0,0.0,0.0,0.0,0.0,0.0,0.0,0.0,0.0,0.0,0.0,0.0,0.0,0.0,0.0,0.0,0.0,0.0,0.0,0.0,0.0,0.0,0.0,0.0,0.0,0.0,0.0,0.0,0.0,0.0,0.0,0.0,0.0,0.0,0.0,0.0,0.0,0.0,0.0,0.0,0.0,0.0,0.0,1.0,0.0,0.0,0.0,0.0,0.0,0.0,0.0,0.0,0.0,0.0,0.0,0.0,0.0,0.0,0.0,0.0,0.0,0.0,0.0,0.0,0.0,0.0,0.0,0.0,0.0,0.0,0.0,0.0,0.0,0.0,0.0,0.0,0.0,0.0,0.0,0.0,0.0,0.0,0.0,0.0,0.0,0.0,0.0,0.0,0.0,0.0,0.0,0.0,0.0,0.0,0.0,0.0,0.0,0.0,0.0,0.0,0.0,0.0,0.0,0.0,0.0,0.0,0.0,0.0,0.0,0.0,0.0,0.0,0.0,0.0,0.0,0.0,0.0,0.0,0.0,0.0,0.0,0.0,0.0,0.0,0.0,0.0,0.0,0.0,0.0,0.0,0.0,0.0,0.0,0.0,0.0,0.0,0.0,0.0,0.0,0.0,0.0,0.0,0.0,0.0,0.0,0.0,0.0,0.0,0.0,0.0,0.0,0.0,0.0,0.0,0.0",5.8,60145.41796875,971720.90234375,8688.4853515625,152455.68017578125,35.27734375
1791397952.943362,aggregate_n8_vmnos8_r5:confirmation,4.4,"6.1,1.1,0.0,2.0,0.0,2.0,4.0,3.1,1.0,1.0,0.0,0.0,1.0,1.0,8.2,1.0,3.1,0.0,0.0,0.0,1.0,0.0,0.0,0.0,2.0,0.0,1.0,2.0,0.0,0.0,100.0,57.6,36.7,29.2,2.0,0.0,1.0,4.0,2.0,1.0,0.0,0.0,0.0,0.0,0.0,0.0,1.0,1.0,2.0,1.0,0.0,4.2,5.3,4.3,4.2,1.0,1.0,2.0,3.4,0.0,1.0,0.0,0.0,0.0,0.0,0.0,0.0,0.0,100.0,100.0,100.0,100.0,100.0,100.0,100.0,100.0,0.0,0.0,0.0,0.0,0.0,0.0,0.0,0.0,0.0,0.0,0.0,0.0,0.0,0.0,0.0,0.0,0.0,0.0,0.0,0.0,0.0,0.0,0.0,0.0,3.0,0.0,0.0,0.0,0.0,0.0,0.0,0.0,0.0,0.0,0.0,0.0,0.0,0.0,0.0,0.0,0.0,0.0,0.0,0.0,0.0,0.0,0.0,0.0,0.0,0.0,0.0,0.0,0.0,0.0,0.0,0.0,0.0,0.0,0.0,0.0,1.0,0.0,0.0,0.0,0.0,0.0,0.0,0.0,0.0,0.0,0.0,0.0,0.0,0.0,0.0,0.0,0.0,0.0,0.0,0.0,0.0,0.0,0.0,0.0,0.0,0.0,0.0,0.0,0.0,0.0,0.0,0.0,0.0,0.0,0.0,0.0,0.0,0.0,0.0,0.0,0.0,0.0,0.0,0.0,0.0,0.0,0.0,0.0,0.0,0.0,0.0,0.0,0.0,0.0,0.0,0.0,0.0,0.0,0.0,0.0,0.0,0.0,0.0,0.0,0.0,0.0,0.0,0.0,0.0,0.0,0.0,0.0,0.0,0.0,0.0,0.0,0.0,0.0,0.0,0.0,0.0,0.0,0.0,0.0,0.0,0.0,0.0,0.0,0.0,0.0,0.0,0.0,0.0,0.0,0.0,0.0,0.0,0.0,0.0,0.0,0.0,0.0,0.0,0.0,0.0,0.0,0.0,0.0,0.0,0.0,0.0,0.0,0.0,0.0,0.0,0.0,0.0,0.0,0.0",5.8,60329.12109375,971537.19921875,8688.4853515625,152455.68017578125,35.27734375
1791397953.948172,aggregate_n8_vmnos8_r5:confirmation,5.5,"12.0,6.2,7.1,7.0,5.1,16.7,6.2,5.1,6.2,10.4,6.1,8.1,4.1,9.4,7.4,5.4,3.1,9.2,7.1,4.2,5.2,7.2,10.3,4.3,1.0,2.0,4.1,4.0,4.0,2.0,64.0,55.6,57.6,13.4,5.2,2.1,6.1,6.2,7.1,2.1,6.2,7.3,4.2,8.1,8.2,6.1,7.1,8.2,8.3,7.4,6.4,10.5,8.5,6.3,3.1,4.1,8.2,4.1,8.2,5.1,13.4,7.3,5.3,7.9,2.0,1.0,2.0,1.0,99.0,99.0,100.0,100.0,100.0,100.0,100.0,100.0,0.0,0.0,0.0,0.0,0.0,1.0,0.0,0.0,0.0,0.0,0.0,0.0,0.0,0.0,0.0,0.0,0.0,0.0,0.0,0.0,1.0,0.0,2.0,0.0,3.0,0.0,0.0,0.0,0.0,0.0,0.0,0.0,0.0,0.0,0.0,0.0,0.0,0.0,0.0,0.0,0.0,0.0,0.0,0.0,0.0,1.0,0.0,0.0,0.0,0.0,0.0,0.0,0.0,0.0,0.0,0.0,0.0,1.0,0.0,0.0,1.0,0.0,0.0,0.0,0.0,0.0,0.0,0.0,0.0,0.0,0.0,1.0,0.0,0.0,0.0,0.0,0.0,0.0,0.0,0.0,0.0,0.0,0.0,0.0,0.0,0.0,0.0,0.0,0.0,0.0,0.0,0.0,1.0,0.0,0.0,0.0,0.0,0.0,0.0,0.0,0.0,0.0,0.0,0.0,0.0,0.0,0.0,0.0,0.0,0.0,0.0,0.0,0.0,0.0,0.0,0.0,0.0,0.0,0.0,0.0,0.0,0.0,0.0,0.0,0.0,0.0,0.0,0.0,0.0,0.0,0.0,0.0,0.0,0.0,0.0,0.0,0.0,0.0,0.0,0.0,0.0,0.0,0.0,0.0,0.0,0.0,0.0,0.0,0.0,0.0,0.0,0.0,0.0,0.0,0.0,0.0,0.0,0.0,0.0,0.0,0.0,0.0,0.0,0.0,0.0,0.0,0.0,0.0,0.0,0.0,0.0,0.0,0.0,0.0,0.0,0.0,0.0,0.0,0.0",5.8,60129.15625,971737.1640625,8688.4853515625,152455.91064453125,35.27734375
1791397954.9641495,aggregate_n8_vmnos8_r5:confirmation,4.6,"7.1,1.0,0.0,0.0,5.1,12.1,2.0,2.0,1.0,4.0,1.0,3.0,2.0,7.4,4.9,5.4,0.0,1.0,3.2,3.0,0.0,1.0,0.0,0.0,1.0,1.0,0.0,4.0,1.0,1.0,5.0,99.0,57.7,68.7,2.0,1.0,0.0,2.9,1.0,1.0,0.0,1.0,2.0,1.0,1.0,1.0,2.0,2.0,2.0,2.1,1.0,3.0,2.1,2.0,1.0,1.0,2.0,1.0,3.0,1.0,3.1,4.1,3.1,1.0,0.0,0.0,0.0,0.0,100.0,100.0,100.0,100.0,99.0,99.0,99.0,100.0,0.0,0.0,0.0,0.0,0.0,1.0,0.0,0.0,0.0,0.0,0.0,0.0,0.0,0.0,0.0,0.0,0.0,0.0,0.0,0.0,0.0,0.0,1.0,0.0,5.0,0.0,0.0,0.0,0.0,0.0,0.0,0.0,0.0,0.0,0.0,0.0,0.0,0.0,0.0,0.0,0.0,0.0,0.0,0.0,0.0,0.0,0.0,0.0,0.0,0.0,0.0,0.0,0.0,0.0,0.0,0.0,0.0,0.0,0.0,0.0,0.0,0.0,0.0,0.0,0.0,1.0,0.0,0.0,0.0,0.0,0.0,0.0,0.0,0.0,0.0,0.0,0.0,0.0,0.0,0.0,0.0,0.0,0.0,0.0,0.0,0.0,0.0,0.0,0.0,0.0,0.0,0.0,0.0,0.0,0.0,0.0,0.0,0.0,0.0,0.0,0.0,0.0,0.0,0.0,0.0,0.0,0.0,0.0,0.0,0.0,0.0,0.0,0.0,0.0,0.0,0.0,0.0,0.0,0.0,0.0,0.0,0.0,0.0,0.0,0.0,0.0,0.0,0.0,0.0,0.0,0.0,0.0,0.0,0.0,0.0,0.0,0.0,0.0,0.0,0.0,0.0,0.0,0.0,0.0,0.0,0.0,0.0,0.0,0.0,0.0,0.0,0.0,0.0,0.0,0.0,0.0,0.0,0.0,0.0,0.0,0.0,0.0,0.0,0.0,0.0,0.0,0.0,0.0,0.0,0.0,0.0,0.0,0.0,0.0,0.0,0.0,0.0,0.0,0.0",5.8,60131.80859375,971734.51171875,8688.4853515625,152455.91064453125,35.27734375
1791397955.9692512,aggregate_n8_vmnos8_r5:confirmation,5.6,"17.0,6.4,15.5,5.9,7.3,3.1,8.2,8.2,6.2,9.5,10.2,6.2,8.3,8.0,7.3,7.3,6.3,8.2,6.0,5.3,8.1,6.5,6.0,8.2,2.0,3.0,5.0,4.0,3.0,3.0,5.1,99.0,35.6,58.6,5.0,5.0,4.1,4.0,3.0,3.0,7.1,6.2,5.2,7.1,3.1,7.1,6.1,5.0,3.1,10.5,9.3,6.1,6.5,7.1,7.1,15.6,7.1,5.0,10.4,18.4,6.3,8.2,7.1,6.2,0.0,3.0,1.0,4.0,100.0,100.0,100.0,99.0,100.0,100.0,100.0,100.0,0.0,0.0,0.0,0.0,0.0,0.0,0.0,0.0,2.1,0.0,0.0,0.0,0.0,0.0,0.0,0.0,0.0,0.0,0.0,0.0,0.0,0.0,3.0,0.0,5.0,4.0,0.0,0.0,0.0,0.0,0.0,0.0,0.0,0.0,0.0,0.0,0.0,0.0,0.0,0.0,0.0,0.0,0.0,0.0,0.0,0.0,0.0,0.0,0.0,0.0,0.0,0.0,0.0,0.0,0.0,0.0,0.0,0.0,0.0,0.0,0.0,0.0,0.0,0.0,0.0,0.0,0.0,0.0,0.0,0.0,0.0,0.0,0.0,0.0,0.0,0.0,0.0,0.0,0.0,0.0,0.0,0.0,0.0,0.0,0.0,0.0,0.0,0.0,0.0,0.0,0.0,0.0,0.0,0.0,0.0,0.0,0.0,0.0,0.0,0.0,0.0,0.0,0.0,0.0,0.0,0.0,0.0,0.0,0.0,0.0,0.0,0.0,0.0,0.0,0.0,0.0,0.0,0.0,0.0,0.0,0.0,0.0,0.0,0.0,0.0,0.0,0.0,0.0,0.0,0.0,0.0,0.0,0.0,0.0,0.0,0.0,0.0,0.0,0.0,0.0,0.0,0.0,0.0,0.0,0.0,0.0,0.0,0.0,0.0,0.0,0.0,0.0,0.0,0.0,0.0,0.0,0.0,0.0,0.0,0.0,0.0,0.0,0.0,0.0,0.0,0.0,0.0,0.0,0.0,0.0,0.0,0.0,0.0,0.0,0.0,0.0,0.0,0.0,0.0",5.8,60004.80078125,971861.51953125,8688.4853515625,152457.44970703125,35.27734375
1791397956.9737778,aggregate_n8_vmnos8_r5:confirmation,4.7,"6.0,2.0,2.0,1.0,1.0,2.0,2.0,2.0,3.1,6.1,4.1,2.0,4.1,0.0,4.0,2.0,1.0,2.0,3.0,1.0,0.0,2.1,1.0,1.0,1.0,1.0,2.9,2.0,0.0,0.0,27.3,98.0,43.9,92.0,2.0,4.0,3.0,4.0,3.0,3.0,2.0,2.0,5.2,4.1,3.1,1.0,1.0,1.0,3.1,5.2,4.0,0.0,6.3,1.0,4.1,3.2,3.1,1.0,1.0,4.0,1.0,0.0,2.0,4.0,0.0,0.0,0.0,1.0,100.0,100.0,100.0,100.0,100.0,100.0,100.0,100.0,0.0,0.0,0.0,0.0,0.0,1.1,0.0,0.0,3.1,0.0,0.0,0.0,0.0,0.0,0.0,0.0,0.0,0.0,0.0,0.0,0.0,0.0,0.0,1.0,1.0,1.0,0.0,0.0,0.0,0.0,0.0,0.0,0.0,0.0,0.0,0.0,0.0,0.0,0.0,0.0,0.0,0.0,0.0,0.0,0.0,0.0,0.0,0.0,0.0,0.0,0.0,0.0,0.0,0.0,0.0,0.0,0.0,0.0,0.0,0.0,0.0,0.0,0.0,0.0,0.0,0.0,0.0,0.0,0.0,0.0,0.0,0.0,0.0,0.0,0.0,0.0,0.0,0.0,0.0,0.0,0.0,0.0,0.0,0.0,0.0,0.0,0.0,0.0,0.0,0.0,0.0,0.0,0.0,0.0,0.0,0.0,0.0,0.0,0.0,0.0,0.0,0.0,0.0,0.0,0.0,0.0,0.0,0.0,0.0,0.0,0.0,0.0,0.0,0.0,0.0,0.0,0.0,0.0,0.0,0.0,0.0,0.0,0.0,0.0,0.0,0.0,0.0,0.0,0.0,0.0,0.0,0.0,0.0,0.0,0.0,0.0,0.0,0.0,0.0,0.0,0.0,0.0,0.0,0.0,0.0,0.0,0.0,0.0,0.0,0.0,0.0,0.0,0.0,0.0,0.0,0.0,0.0,0.0,0.0,0.0,0.0,0.0,0.0,0.0,0.0,0.0,0.0,0.0,0.0,0.0,0.0,0.0,0.0,0.0,0.0,0.0,0.0,0.0,0.0",5.9,60630.08203125,971236.23828125,8688.4853515625,152457.44970703125,33.9736328125
1791397957.9784422,aggregate_n8_vmnos8_r5:confirmation,5.9,"9.8,6.2,7.0,7.1,6.1,5.1,6.1,9.3,8.2,7.3,9.1,6.1,5.1,5.1,9.2,7.1,5.2,9.3,8.2,5.2,7.4,5.7,6.1,12.2,5.9,5.0,2.0,4.1,5.2,3.0,19.0,62.6,53.0,97.0,6.1,12.2,4.1,5.1,4.1,3.0,26.8,5.5,8.1,8.2,13.5,7.1,10.1,11.3,10.0,11.6,6.2,5.2,7.4,7.2,12.1,9.4,5.2,6.1,8.0,4.2,6.9,5.1,8.0,7.1,4.0,6.9,4.0,2.0,100.0,100.0,99.0,100.0,100.0,100.0,100.0,100.0,0.0,0.0,0.0,0.0,0.0,0.0,0.0,0.0,1.0,0.0,0.0,0.0,0.0,0.0,0.0,0.0,0.0,0.0,0.0,0.0,0.0,0.0,3.0,0.0,1.0,0.0,0.0,0.0,0.0,0.0,0.0,0.0,0.0,0.0,0.0,0.0,1.0,0.0,0.0,0.0,0.0,0.0,0.0,0.0,0.0,0.0,0.0,0.0,0.0,0.0,0.0,0.0,0.0,0.0,0.0,0.0,0.0,0.0,0.0,0.0,0.0,0.0,0.0,0.0,0.0,3.0,0.0,0.0,0.0,0.0,0.0,0.0,0.0,0.0,0.0,0.0,0.0,0.0,0.0,0.0,0.0,0.0,0.0,0.0,0.0,0.0,0.0,0.0,0.0,0.0,0.0,0.0,0.0,0.0,0.0,0.0,0.0,0.0,0.0,0.0,0.0,0.0,0.0,0.0,0.0,0.0,0.0,0.0,0.0,0.0,0.0,0.0,0.0,0.0,0.0,0.0,0.0,0.0,0.0,0.0,0.0,0.0,0.0,0.0,0.0,0.0,0.0,0.0,0.0,0.0,0.0,0.0,0.0,0.0,0.0,0.0,0.0,0.0,0.0,0.0,0.0,0.0,0.0,0.0,0.0,0.0,0.0,0.0,0.0,0.0,0.0,0.0,0.0,0.0,0.0,0.0,0.0,0.0,0.0,0.0,0.0,0.0,0.0,0.0,0.0,0.0,0.0,0.0,0.0,0.0,0.0,0.0,0.0,0.0,0.0,0.0,0.0,0.0,0.0",5.8,60283.3125,971583.0078125,8688.4853515625,152457.45361328125,33.9736328125
1791397958.9839768,aggregate_n8_vmnos8_r5:confirmation,4.3,"3.6,2.0,0.0,0.0,1.0,0.0,0.0,1.0,0.0,2.0,3.0,0.0,0.0,0.0,1.0,0.0,1.0,0.0,0.0,1.0,2.2,2.0,1.0,0.0,4.0,0.0,1.0,4.0,1.1,1.0,15.6,35.1,36.7,99.0,3.0,0.0,2.0,4.0,0.0,1.0,9.2,0.0,1.0,0.0,5.7,3.0,0.0,1.0,0.0,1.1,1.0,0.0,3.1,0.0,2.0,1.0,0.0,2.0,2.0,2.1,1.0,1.0,0.0,0.0,0.0,3.0,0.0,0.0,99.0,100.0,100.0,100.0,100.0,100.0,100.0,100.0,0.0,0.0,0.0,0.0,0.0,0.0,0.0,0.0,1.0,0.0,0.0,0.0,0.0,0.0,0.0,0.0,0.0,0.0,0.0,0.0,0.0,0.0,5.1,5.0,4.0,5.0,0.0,0.0,0.0,0.0,0.0,0.0,0.0,0.0,0.0,0.0,0.0,0.0,0.0,0.0,0.0,0.0,0.0,0.0,0.0,0.0,0.0,0.0,0.0,0.0,0.0,0.0,0.0,0.0,0.0,0.0,0.0,0.0,0.0,0.0,0.0,0.0,0.0,0.0,0.0,0.0,0.0,0.0,0.0,0.0,0.0,1.0,0.0,0.0,0.0,0.0,0.0,0.0,0.0,0.0,0.0,0.0,0.0,0.0,0.0,0.0,0.0,0.0,0.0,0.0,0.0,0.0,0.0,0.0,0.0,0.0,0.0,0.0,0.0,0.0,0.0,0.0,0.0,0.0,0.0,0.0,0.0,0.0,0.0,0.0,0.0,0.0,0.0,0.0,0.0,0.0,0.0,0.0,0.0,0.0,0.0,0.0,0.0,0.0,0.0,0.0,0.0,0.0,0.0,0.0,0.0,0.0,0.0,0.0,0.0,0.0,0.0,0.0,0.0,0.0,0.0,0.0,0.0,0.0,0.0,0.0,0.0,0.0,0.0,0.0,0.0,0.0,0.0,0.0,0.0,0.0,0.0,0.0,0.0,0.0,0.0,0.0,0.0,0.0,0.0,0.0,0.0,0.0,0.0,0.0,0.0,0.0,0.0,0.0,0.0,0.0,0.0,0.0,0.0",5.9,60429.99609375,971436.32421875,8688.4853515625,152457.93017578125,33.9736328125
1791397959.9889107,aggregate_n8_vmnos8_r5:confirmation,5.5,"9.6,8.4,6.0,4.1,5.1,5.1,6.9,5.0,5.3,12.0,10.9,5.1,5.2,7.9,8.1,7.9,4.0,5.0,2.0,10.9,3.1,6.1,3.0,4.1,5.0,7.0,6.0,9.1,5.1,5.0,13.0,36.7,53.1,49.5,5.1,2.1,4.1,3.1,5.0,5.0,7.1,8.1,7.1,6.1,9.2,10.4,7.2,7.1,10.1,8.6,11.0,11.5,6.7,6.1,6.2,8.1,6.1,8.1,6.1,8.0,6.9,6.1,16.7,8.2,4.1,2.0,6.0,5.9,100.0,100.0,100.0,100.0,100.0,100.0,100.0,100.0,0.0,0.0,0.0,0.0,0.0,0.0,0.0,0.0,0.0,0.0,0.0,0.0,0.0,0.0,0.0,0.0,0.0,0.0,0.0,0.0,0.0,0.0,4.9,4.0,4.9,4.0,0.0,0.0,0.0,0.0,0.0,0.0,0.0,0.0,0.0,0.0,0.0,0.0,0.0,0.0,0.0,0.0,0.0,0.0,0.0,0.0,0.0,0.0,0.0,0.0,0.0,0.0,0.0,0.0,0.0,0.0,0.0,0.0,0.0,0.0,0.0,0.0,0.0,0.0,0.0,0.0,0.0,0.0,0.0,0.0,0.0,0.0,0.0,0.0,0.0,0.0,0.0,0.0,0.0,0.0,0.0,0.0,0.0,0.0,0.0,0.0,0.0,0.0,0.0,0.0,0.0,0.0,0.0,0.0,0.0,0.0,0.0,0.0,0.0,0.0,0.0,0.0,0.0,0.0,0.0,0.0,0.0,0.0,0.0,0.0,0.0,0.0,0.0,0.0,0.0,0.0,0.0,0.0,0.0,0.0,0.0,0.0,0.0,0.0,0.0,0.0,0.0,0.0,0.0,0.0,0.0,0.0,0.0,0.0,0.0,0.0,0.0,0.0,0.0,0.0,0.0,0.0,0.0,0.0,0.0,0.0,0.0,0.0,0.0,0.0,0.0,0.0,0.0,0.0,0.0,0.0,0.0,0.0,0.0,0.0,0.0,0.0,0.0,0.0,0.0,0.0,0.0,0.0,0.0,0.0,0.0,0.0,0.0,0.0,0.0,0.0,0.0,0.0,0.0",5.8,60089.234375,971777.0859375,8688.4853515625,152457.93017578125,33.9736328125
1791397960.9968364,aggregate_n8_vmnos8_r5:confirmation,4.3,"3.7,4.0,2.0,0.0,0.0,1.0,1.0,3.0,3.1,2.0,14.1,0.0,1.0,0.0,2.0,0.0,2.0,0.0,0.0,0.0,2.0,2.0,2.0,1.0,0.0,1.0,0.0,0.0,1.0,1.0,66.0,57.0,34.3,20.4,4.1,2.1,3.0,5.1,1.0,0.0,0.0,0.0,0.0,2.0,0.0,1.0,3.1,1.0,2.0,3.1,0.0,1.0,4.3,2.0,1.0,4.0,0.0,0.0,0.0,1.0,0.0,0.0,4.1,0.0,0.0,13.0,0.0,0.0,99.0,100.0,100.0,100.0,100.0,100.0,100.0,99.0,0.0,0.0,0.0,0.0,0.0,0.0,0.0,0.0,0.0,0.0,0.0,0.0,0.0,0.0,0.0,0.0,0.0,0.0,0.0,0.0,0.0,0.0,4.0,0.0,2.0,0.0,0.0,0.0,0.0,0.0,0.0,0.0,0.0,0.0,0.0,0.0,0.0,0.0,0.0,0.0,0.0,0.0,0.0,0.0,0.0,0.0,0.0,0.0,0.0,0.0,0.0,0.0,0.0,0.0,0.0,0.0,0.0,0.0,0.0,0.0,0.0,0.0,0.0,0.0,0.0,2.1,0.0,0.0,0.0,0.0,0.0,0.0,0.0,0.0,0.0,0.0,0.0,0.0,0.0,0.0,0.0,0.0,0.0,0.0,0.0,0.0,0.0,0.0,0.0,0.0,0.0,0.0,0.0,0.0,0.0,0.0,0.0,0.0,0.0,0.0,0.0,0.0,0.0,0.0,0.0,0.0,0.0,0.0,0.0,0.0,0.0,0.0,0.0,0.0,0.0,0.0,0.0,0.0,0.0,0.0,0.0,0.0,0.0,0.0,0.0,0.0,0.0,0.0,0.0,0.0,0.0,0.0,0.0,0.0,0.0,0.0,0.0,0.0,0.0,0.0,0.0,0.0,0.0,0.0,0.0,0.0,0.0,0.0,0.0,0.0,0.0,0.0,0.0,0.0,0.0,0.0,0.0,0.0,0.0,0.0,0.0,0.0,0.0,0.0,0.0,0.0,0.0,0.0,0.0,0.0,0.0,0.0,0.0,0.0,0.0,0.0,0.0,0.0,0.0",5.8,59651.15625,972215.1640625,8688.4853515625,152459.37548828125,33.9736328125
1791397962.0030112,aggregate_n8_vmnos8_r5:confirmation,5.1,"10.6,8.3,6.1,7.1,7.5,5.0,6.3,5.1,8.2,4.2,4.0,3.0,3.0,5.9,8.0,4.1,2.1,4.0,25.0,4.1,3.1,5.1,4.0,2.1,3.0,2.0,4.0,3.0,4.0,7.1,51.5,61.0,5.2,14.4,11.2,4.1,5.3,6.3,5.2,11.2,5.1,6.0,4.0,7.1,10.2,5.1,5.1,5.0,7.0,6.5,9.3,5.3,13.4,6.2,6.1,4.1,4.0,6.1,5.0,5.9,6.1,5.0,5.0,5.0,3.0,3.0,2.9,2.0,100.0,100.0,99.0,100.0,99.0,100.0,100.0,100.0,0.0,0.0,0.0,0.0,0.0,1.0,0.0,0.0,1.0,0.0,0.0,0.0,0.0,0.0,0.0,0.0,0.0,0.0,0.0,0.0,1.0,0.0,2.0,1.0,2.0,0.0,0.0,0.0,0.0,0.0,0.0,0.0,0.0,0.0,0.0,0.0,0.0,0.0,0.0,0.0,0.0,0.0,0.0,0.0,0.0,0.0,0.0,0.0,0.0,0.0,0.0,0.0,0.0,0.0,0.0,0.0,0.0,0.0,0.0,0.0,0.0,0.0,0.0,0.0,0.0,1.0,0.0,0.0,0.0,0.0,0.0,0.0,0.0,0.0,0.0,0.0,0.0,0.0,0.0,0.0,0.0,0.0,0.0,0.0,2.0,0.0,0.0,0.0,0.0,0.0,0.0,0.0,0.0,0.0,0.0,0.0,0.0,0.0,0.0,0.0,0.0,0.0,0.0,0.0,0.0,0.0,0.0,0.0,0.0,0.0,0.0,0.0,0.0,0.0,0.0,0.0,0.0,0.0,0.0,0.0,0.0,0.0,0.0,0.0,0.0,0.0,0.0,0.0,0.0,0.0,0.0,0.0,0.0,0.0,0.0,0.0,0.0,0.0,0.0,0.0,0.0,0.0,0.0,0.0,0.0,0.0,0.0,0.0,0.0,0.0,0.0,0.0,0.0,0.0,0.0,0.0,0.0,0.0,0.0,0.0,0.0,0.0,0.0,0.0,0.0,0.0,0.0,0.0,0.0,0.0,0.0,0.0,0.0,0.0,0.0,0.0,0.0,0.0,0.0",5.8,59926.4453125,971939.875,8688.4853515625,152459.37548828125,33.6552734375
1791397963.0254421,aggregate_n8_vmnos8_r5:confirmation,4.3,"4.9,1.0,1.0,0.0,2.0,0.0,3.0,0.0,5.8,2.0,1.0,2.0,1.0,2.0,5.0,2.1,0.0,1.0,1.0,1.0,6.9,3.0,1.0,1.0,1.0,0.0,0.0,0.0,1.0,2.1,79.0,45.5,36.6,4.0,5.0,0.0,2.1,5.1,2.1,6.0,1.0,0.0,0.0,1.0,3.1,2.0,1.0,8.9,2.0,4.5,9.4,2.1,3.2,2.0,2.0,2.0,1.0,1.0,1.0,0.0,0.0,0.0,0.0,1.0,1.0,1.0,0.0,0.0,100.0,99.0,99.0,100.0,100.0,99.0,99.0,100.0,0.0,0.0,0.0,0.0,0.0,0.0,0.0,0.0,0.0,0.0,0.0,0.0,0.0,0.0,0.0,0.0,0.0,0.0,0.0,0.0,0.0,0.0,0.0,1.0,0.0,1.0,0.0,0.0,0.0,0.0,0.0,0.0,0.0,0.0,0.0,0.0,0.0,0.0,0.0,0.0,0.0,0.0,0.0,0.0,0.0,0.0,0.0,0.0,0.0,0.0,0.0,0.0,0.0,0.0,0.0,0.0,0.0,0.0,0.0,0.0,0.0,0.0,0.0,0.0,0.0,0.0,0.0,0.0,0.0,0.0,0.0,0.0,0.0,0.0,0.0,0.0,0.0,0.0,0.0,0.0,0.0,0.0,0.0,0.0,0.0,0.0,0.0,0.0,0.0,0.0,0.0,0.0,0.0,0.0,0.0,0.0,0.0,0.0,0.0,0.0,0.0,0.0,0.0,0.0,0.0,0.0,0.0,0.0,0.0,0.0,0.0,0.0,0.0,0.0,0.0,0.0,0.0,0.0,0.0,0.0,0.0,0.0,0.0,0.0,0.0,0.0,0.0,0.0,0.0,0.0,0.0,0.0,0.0,0.0,0.0,0.0,0.0,0.0,0.0,0.0,0.0,0.0,0.0,0.0,0.0,0.0,0.0,0.0,0.0,0.0,0.0,0.0,0.0,0.0,0.0,0.0,0.0,0.0,0.0,0.0,0.0,0.0,0.0,0.0,0.0,0.0,0.0,0.0,0.0,0.0,0.0,0.0,0.0,0.0,0.0,0.0,0.0,0.0,0.0",5.8,59705.484375,972160.8359375,8688.4853515625,152459.37548828125,33.6552734375
1791397964.0300674,aggregate_n8_vmnos8_r5:confirmation,5.4,"17.4,8.2,6.2,6.1,6.1,6.1,8.3,5.1,10.2,9.5,4.0,4.0,6.0,7.9,6.0,9.4,6.1,6.2,3.2,4.2,7.1,6.2,4.2,4.1,2.1,2.0,6.1,4.0,2.1,5.0,65.3,41.4,100.0,0.0,3.1,5.0,6.9,3.1,5.0,5.1,4.0,2.0,3.0,6.1,5.0,7.0,15.5,11.2,5.2,13.0,7.7,6.2,8.6,6.1,4.1,5.1,5.9,5.1,5.1,7.0,15.3,4.2,5.2,4.0,3.0,1.0,4.0,3.0,100.0,100.0,100.0,100.0,100.0,100.0,100.0,99.0,0.0,0.0,0.0,0.0,0.0,1.0,0.0,0.0,0.0,0.0,0.0,0.0,0.0,0.0,0.0,0.0,0.0,0.0,0.0,0.0,0.0,0.0,0.0,0.0,0.0,0.0,0.0,0.0,0.0,0.0,0.0,0.0,0.0,0.0,0.0,0.0,0.0,0.0,0.0,0.0,0.0,0.0,0.0,0.0,0.0,0.0,0.0,0.0,0.0,0.0,0.0,0.0,0.0,0.0,0.0,0.0,0.0,0.0,0.0,0.0,0.0,0.0,0.0,0.0,0.0,2.1,0.0,0.0,0.0,0.0,0.0,0.0,0.0,0.0,0.0,0.0,0.0,0.0,0.0,0.0,0.0,0.0,0.0,0.0,0.0,0.0,0.0,0.0,0.0,0.0,0.0,0.0,0.0,0.0,0.0,0.0,0.0,0.0,0.0,0.0,0.0,0.0,0.0,0.0,0.0,0.0,0.0,0.0,0.0,0.0,0.0,0.0,0.0,0.0,0.0,0.0,0.0,0.0,0.0,0.0,0.0,0.0,0.0,0.0,0.0,0.0,0.0,0.0,0.0,0.0,0.0,0.0,0.0,0.0,0.0,0.0,0.0,0.0,0.0,0.0,0.0,0.0,0.0,0.0,0.0,0.0,0.0,0.0,0.0,0.0,0.0,0.0,0.0,0.0,0.0,0.0,0.0,0.0,0.0,0.0,0.0,0.0,0.0,0.0,0.0,0.0,0.0,0.0,0.0,0.0,0.0,0.0,0.0,0.0,0.0,0.0,0.0,0.0,0.0",5.8,59750.07421875,972116.24609375,8688.4853515625,152459.61376953125,33.6552734375
1791397965.034677,aggregate_n8_vmnos8_r5:confirmation,4.5,"4.9,0.0,1.0,1.0,1.0,0.0,1.0,1.0,6.2,3.1,1.0,1.0,0.0,1.0,1.0,1.0,1.0,1.0,4.2,2.0,1.0,5.2,1.0,1.0,1.0,0.0,1.0,1.0,1.0,2.0,57.0,40.0,89.2,54.2,3.0,2.0,1.0,2.0,2.0,3.0,0.0,2.0,2.0,0.0,2.0,2.0,1.0,4.1,2.0,3.2,2.1,5.3,1.1,3.1,11.3,2.0,1.0,0.0,0.0,0.0,0.0,5.0,1.0,2.1,0.0,1.0,0.0,0.0,100.0,99.0,100.0,100.0,100.0,100.0,100.0,99.0,0.0,0.0,0.0,0.0,0.0,0.0,0.0,0.0,0.0,0.0,0.0,0.0,0.0,0.0,0.0,0.0,0.0,0.0,0.0,0.0,0.0,0.0,4.0,2.0,6.0,5.0,0.0,0.0,0.0,0.0,0.0,0.0,0.0,0.0,0.0,0.0,0.0,0.0,0.0,0.0,0.0,0.0,0.0,0.0,0.0,0.0,0.0,0.0,0.0,0.0,0.0,0.0,0.0,0.0,0.0,0.0,0.0,0.0,0.0,0.0,0.0,0.0,0.0,0.0,0.0,2.1,0.0,0.0,0.0,0.0,0.0,0.0,0.0,0.0,0.0,0.0,0.0,0.0,0.0,0.0,0.0,0.0,0.0,0.0,0.0,0.0,0.0,0.0,0.0,0.0,0.0,0.0,0.0,0.0,0.0,0.0,0.0,0.0,0.0,0.0,0.0,0.0,0.0,0.0,0.0,0.0,0.0,0.0,0.0,0.0,0.0,0.0,0.0,0.0,0.0,0.0,0.0,0.0,0.0,0.0,0.0,0.0,0.0,0.0,0.0,0.0,0.0,0.0,0.0,0.0,0.0,0.0,0.0,0.0,0.0,0.0,0.0,0.0,0.0,0.0,0.0,0.0,0.0,0.0,0.0,0.0,0.0,0.0,0.0,0.0,0.0,0.0,0.0,0.0,0.0,0.0,0.0,0.0,0.0,0.0,0.0,0.0,0.0,0.0,0.0,0.0,0.0,0.0,0.0,0.0,0.0,0.0,0.0,0.0,0.0,0.0,0.0,0.0,0.0",5.8,59814.2265625,972052.09375,8688.4853515625,152459.61376953125,33.6552734375
