tx_index,sender,rpc_node,tx_hash,nonce,submit_ts,confirm_ts,latency_s,block_number,gas_used,status,error
0,0x9cABFB793Ae32ae5D0f0A95bE51F63022b885BAF,node00,2b75c94d2456a503746edce8be53c3c6ecc81b289cd3b1f980258c12c69eccbf,2,1791390732.5402484,1791390748.2204206,15.680172204971313,45,241970,confirmed,
1,0xeF78B3c6C26DA5b6ccf6Ad6d299Ab39eba3Ae043,node01,a584dac5fe29ec0a1641d78ce01837aadbf0db9a128f47a72b6a8fb0fda5bd0f,0,1791390732.5514994,1791390750.8230875,18.27158808708191,46,241970,confirmed,
2,0xd76bF8895a990cad968743ECDB985b2884EB929a,node02,710310d9ca77b08dcf6078593262b1638cece7b416196c567407c3da56b9544f,0,1791390732.5545063,1791390753.2980702,20.743563890457153,47,241970,confirmed,
3,0xBFcdddC6A50A780F1F84cdFCB059cDaFF6Dc648F,node03,56727bbc8b7e522e2e96044b55ff1cfc8fac768df4506a201be4e92ed5c679ce,0,1791390732.5625434,1791390754.0379193,21.47537589073181,48,241970,confirmed,
4,0xDC802A1A581f414f885193d281C7b5a8cb3af593,node04,84c981d45578bb73cf82b96c458664a7d7c93b1d98131528d1e3493f9697b1f0,0,1791390732.5686405,1791390756.2508926,23.682252168655396,49,241970,confirmed,
5,0xF881Fd5B33D0d2419f2143C442A4980932FD4dD9,node05,e7bf1f85c215ae265cad91584a1dc02713a14e47343dfe26f8c4eaf2d6ab11a2,0,1791390732.5743423,1791390758.2256916,25.651349306106567,50,241970,confirmed,
6,0x66dc69CF7f3A663344A342076799ef23f28D6227,node06,644fcbedd1947282d4cbc97613bf360dc1845ecc640ee27c5d53441e0e3b8f37,0,1791390732.5758336,1791390760.1531818,27.577348232269287,51,241970,confirmed,
7,0x915b96DC52Ec9a6984Eb460F83Ce6453D20Ea651,node07,e9091b6446c86c0c6b1c046f1222ebccc1b8df34f2c8aeaa0bbf5b2428d28726,0,1791390732.5804956,1791390762.2887287,29.70823311805725,52,241970,confirmed,
8,0xfD3A2cb51abd08CA71E74d86e5Bf8D54126898E7,node08,48905c1fc4f9d6daebce52cbc0527d046ef22a13d8e68393d41c10ebd3c2cfaa,0,1791390732.585477,1791390734.1783838,1.5929067134857178,38,241970,confirmed,
9,0x49BC0b5b347D40bBA20623CD7EeA717D81e6b00d,node09,f0cf64f3a157844da874022668c3687bdaa44568b2942ed04ad5d2a06b99ccb4,0,1791390732.5875907,1791390736.3561091,3.7685184478759766,39,241970,confirmed,
10,0x8A1fB8dB563a23b1A326318e7e39484cdA92E01F,node10,da720ffdb1d6392f5a911c93902b5fa635bf6fa431ed5070b4eb70c2d88330f9,0,1791390732.5898917,1791390738.3877459,5.79785418510437,40,241970,confirmed,
11,0x23f999631BFf6Ef90619f060d2c51b698Ef1F19c,node11,852d839a9fbc7927b1ce9fc712d71234540bfa026ebdef017fb6c20c4499e4a5,0,1791390732.592114,1791390740.4518218,7.859707832336426,41,241970,confirmed,
12,0x2659bAfaa6a08644C8b0A3EA2D7aeaE08e21642F,node12,237298d7ae8a7f2f3932f43dbbffc86c466231be332a90d739da888ad6a9e0b9,0,1791390732.5967052,1791390742.1601024,9.56339716911316,42,241970,confirmed,
13,0xC3Df05FE49DfFe2C9517f54fcE25d74a4b53a2bf,node13,128df602beefa07e578868b544aeb5353aaafd0c69c9f0bfe042e3784bc0b14a,0,1791390732.5999665,1791390743.9171505,11.31718397140503,43,241970,confirmed,
14,0x459CC2b1ad340dC179E814681ca687287F8C3c1e,node14,9fcae0a59503f817a8142e0e52899cc28076bc540c43a016e87bd05b38f690e3,0,1791390732.603487,1791390747.0668664,14.463379383087158,44,241970,confirmed,
15,0x3bC64DfB7d28656F6407a1a4B52ba693f737BFD5,node00,c2896288aa65e5b46e350144bc14c9ef21ff9d74b8f37196cd0dd5f665a31b95,0,1791390732.6098375,1791390748.2649078,15.655070304870605,45,241970,confirmed,
16,0x41d1CE21d7877B2e526fe50706E8F34446750554,node01,3c8e0f4affa7e6b9e40868390f5372663c5e52055e5d2ff2f4841a2fcc79378a,0,1791390732.6106203,1791390750.8463433,18.23572301864624,46,241970,confirmed,
17,0x61Bd148a6c055f21e8F5BeA6433f32a66D131333,node02,275ed6c9adb29c8c0337c966cb0b326ab1f38741d4a3ead38d49845c92680974,0,1791390732.616447,1791390751.9258766,19.30942964553833,47,241970,confirmed,
18,0x6429b3ad656D566e05fae138Ad48A8fA1ab0BF36,node03,cd52eb9e15f3748529c6667ca47e739275111f688cd7332645b7df50993eb5e1,0,1791390732.6196609,1791390754.0215957,21.40193486213684,48,241970,confirmed,
19,0x3aa307287b2a2fA778586357C0A488a7Cc219324,node04,7983ee941c4c82f60d58dc7c5b3c36df25660fd562c92a0e781d0ce2a473997a,0,1791390732.6207771,1791390756.2744765,23.65369939804077,49,241970,confirmed,
20,0xAF1b9D60b52e044743E19D2504dbbEAE7963814c,node05,97128433ce218d38a1df99d6a81333fbb86c76e06456b9b8c4567b8fe54237c1,0,1791390732.625173,1791390758.1750066,25.54983353614807,50,241970,confirmed,
21,0x34a13cf5720f47CD28A4f614fD76A2c566471Ac0,node06,d2a3cc8abf3d060156cc83d82051670e3309f5c5a38d438d3488473ec709c817,0,1791390732.6292362,1791390760.1232986,27.494062423706055,51,241970,confirmed,
22,0x6cCab1603742988199C4460C85734905DCCe4686,node07,c5476bb25f0c566ad5d01f6adabb3ddc6563f14e73a4cb338d619a4f1864cf7f,0,1791390732.6321707,1791390761.8517318,29.219561100006104,52,241970,confirmed,
23,0x6705E48E24f5418a910c180fcF1Ef20870D496cf,node08,b91afe4d2b7cf26ee158ebbe6f58aa64bb2ee9e36457dadf22cb881ce9246377,0,1791390732.6337333,1791390734.262357,1.6286237239837646,38,241970,confirmed,
24,0x60BaFDC0D1DDE3c855190cab45093aC93C629a3D,node09,13c78a0ff0af6879332cb90b53d8b0eef94d054ca705fff984f458354fa8a854,0,1791390732.6365752,1791390736.5061321,3.8695569038391113,39,241970,confirmed,
25,0xDe28fF47A1D81a7B8aD0d8E2ef3172346a8708FB,node10,92315f1ae493d626d55f0a791e0c57978e7ebd8041b4b2992667632248253a1f,0,1791390732.6463177,1791390738.5854166,5.939098834991455,40,241970,confirmed,
26,0xe9f6d38ecf3EE7aCe407EEEdC307A5Ac3272E828,node11,4d4f4ea17256d000f2d9cf12f9668d620f0fef7958070088b7b6efef6a615c06,0,1791390732.6488547,1791390740.4634175,7.814562797546387,41,241970,confirmed,
27,0x05824378995F5553c2Dca3b4Cc40D566B5c4933e,node12,6df38c68c9e2f30f03ad3e8a775c40f532ebc8afb4e579ec7365242c9551c4ae,0,1791390732.6499503,1791390742.1360633,9.48611307144165,42,241970,confirmed,
28,0x1b5ae9170713EAE5cb34EF3D8e9Da025bB62Ee41,node13,d700efea25bfb536b41263a228465723567ed396e8fc548d683e455fd3e3898a,0,1791390732.6520307,1791390743.9727817,11.320750951766968,43,241970,confirmed,
29,0x21E774E32c407cf0756E9194aF37253cB0B16B86,node14,9d184b63406fbf1a96625d67236a8b9e3ead1758142fb599777387c34e170135,0,1791390732.6552825,1791390747.1101794,14.454896926879883,44,241970,confirmed,
30,0x1128A3B0688B7d352A56B7F4c77082a20732f366,node00,21a7072939d5e8fda021600620ce47d5aaab259ff8ddc49e2fc4c835c40a3279,0,1791390732.657994,1791390748.335949,15.677954912185669,45,241970,confirmed,
31,0x9C97E80EF9545C3FDaADaCb8E7FB3afAa2868cc4,node01,59787c060eb2ef4d9c61762a33b7748e1bc208e35fbb2be35d8c5e6f6b9e4f2e,0,1791390732.6611817,1791390750.8973498,18.236168146133423,46,241970,confirmed,
32,0xf65C1F649202e1245115d9398223b7eD86b2824C,node02,8897584d28041cfdb0ffe3ccf7bb7e94e802833fa8350637129334d8a481c3c5,0,1791390732.663137,1791390751.92821,19.26507306098938,47,241970,confirmed,
33,0xF0Ec7b757Ed996d4a2dD74E93fED2e139bA9cFCc,node03,92fe475f61b25c395d8b07cdcba0a13cd58ad06f439c65d9724137fab727196a,0,1791390732.6673326,1791390754.046889,21.37955641746521,48,241970,confirmed,
34,0x0b102CD521EaabAA0EAf1bD851DC4874e31F450d,node04,3039ee0b88129c2ca30a884bb1e573a81d249ff8b683dfc22bf3baa018fb0473,0,1791390732.669315,1791390756.421357,23.752041816711426,49,241970,confirmed,
35,0x089747e903eb842B0a03E7f0b483806E49D64A8a,node05,c00622f403595c6b505231f865635582b3892b678be4492de6843803c2aa7a84,0,1791390732.6708987,1791390758.128175,25.457276344299316,50,241970,confirmed,
36,0x3c4f3C1C4d218bA8F6d2129a11A14e62F4f6EB65,node06,4d81ce08a729d9ad4d37c6d3d9d91a809ce5fc669cea88904d6508b06d33b56f,0,1791390732.6816769,1791390760.0996,27.41792321205139,51,241970,confirmed,
37,0x0824Ac804a4831Fd384e7620C106CB54D27Dc825,node07,8c834330410266b8b09998f44a01777bc384b7638f08bc45ad26c524e46ea97d,0,1791390732.6825416,1791390761.8564682,29.17392659187317,52,241970,confirmed,
38,0x416ed6b8fd6646edb727c23CAEd6c999caa9712a,node08,756aa8ee890f3a4ef249d0ff98e4acb3292a70dad2303504e43033b8b99fc91a,0,1791390732.6855268,1791390734.280351,1.5948240756988525,38,241970,confirmed,
39,0x260dfe1A7453499bB6ae35040895C26bC7fE39ed,node09,b45c55f69445642bb2dcb52f4e5adf42c0a23ab72bb563f88858cd83a9387eb9,0,1791390732.6866894,1791390736.453178,3.766488552093506,39,241970,confirmed,
40,0x6c7F43Ac97a4aDa7D5A226D01e29E835CDFa9875,node10,e3968380bec3155e1ebc3a342fb300af17a21f7d434bf641df7c7c35dbf7f65b,0,1791390732.688808,1791390738.8140473,6.125239372253418,40,241970,confirmed,
41,0xe582b4DD148cE855f99aeD9892ACDE7b65EB311b,node11,91edb1d130db14081a5146ba28aa3a084063c52caa1b749be0c4b1b963773c8d,0,1791390732.6919224,1791390740.609437,7.9175145626068115,41,241970,confirmed,
42,0xed468A80631cE6DA976cEE6C7B3DDD1EA38CA4Ab,node12,7b01d37fa6ca70169aa40d24661fc3b480d636a1286c60437f09a2fdb8a1a2b4,0,1791390732.6948876,1791390742.129141,9.434253454208374,42,241970,confirmed,
43,0x00ccB962d3aAF916faAE81b66EcD52E26f77fD7E,node13,db9b192c45071d3cc027166818dc72fb6b4fae6b869a1dae6411a3cd3829d332,0,1791390732.6964908,1791390743.9496634,11.253172636032104,43,241970,confirmed,
44,0xCf3e41a9cd1265A90c78434ff0b91d9a30cEb0b3,node14,3b01d52b8a70a1597e9c7096436205fe9685d513fec525008db8aeb73a835d2a,0,1791390732.6991003,1791390747.1813765,14.482276201248169,44,241970,confirmed,
45,0xDA578a7841dF65B2AB817C591f3258FfAAF4b54B,node00,6bc0045f12d38d241b936b02d2f6cd4b3efc4986f85c813fb118900053b4a1fc,0,1791390732.700885,1791390748.3063874,15.605502367019653,45,241970,confirmed,
46,0x9340cc0c957C4C77C324Ac727f1880Be322AdDF5,node01,e55a123b2332101ae6fbd5d3b24d6e91d5f30931a958c8df6288c1eda41d7277,0,1791390732.703178,1791390751.092867,18.389688968658447,46,241970,confirmed,
47,0xCB2E685F7E45E258Cf997011d4C9500A915eDc49,node02,ee835229964c1d242f5d0177fc59725451e698047c657f29e41678a7339fd563,0,1791390732.704146,1791390751.958609,19.25446319580078,47,241970,confirmed,
48,0x987974e57BFCDE4A761abFDB7Fbd665bA6294eF6,node03,74ad4f68aa3e8f96d49598709c3bc6744e60ca5c019da01fa7880cf75583a079,0,1791390732.71273,1791390754.0978575,21.385127544403076,48,241970,confirmed,
49,0x1c22e2F8acdD518FF59fe9fD57DC0bC9C1a2190D,node04,d3ee94f90248576b730a5fc2ce162cc9a89b7e28ef52b90fa8660aeedc25abc1,0,1791390732.7149913,1791390756.340675,23.625683784484863,49,241970,confirmed,
50,0x739efe05608259e346E6A25a19dED092e7c4F586,node05,e696ee4dd45d57b18da6a983a2001f2b84cefa778486a6287a79b8fe4b7f074e,0,1791390732.7186723,1791390758.1506636,25.43199133872986,50,241970,confirmed,
51,0x9EE03989461B54a000f934914133eCB3e0b662F1,node06,64f3cc3985ce24a7b1e1cd0961dc621fdeb717a98d9729734fb12b545baf1213,0,1791390732.7238796,1791390760.0759017,27.352022171020508,51,241970,confirmed,
52,0xF55c6534b021A01A1E58Ddb222F568E317827B80,node07,04c7d7fcc4e463f7ffa7458682bb697e8fd1209ec423674f071e573af8d0ca76,0,1791390732.7262723,1791390761.861808,29.135535717010498,52,241970,confirmed,
53,0xCC5EA95a54a6C023a1b7913e4764A341CaFc0b67,node08,ea523f4271327f47310dea10f09e3bfcb5c6df842877c8bf93c7090fbb8a8075,0,1791390732.7275095,1791390734.3543236,1.6268141269683838,38,241970,confirmed,
54,0xd81d5579635B86B5DE142aE5CA8C02fBCD3B6178,node09,bc2701161a65fef3547d9301d1e3c0ec6d96271e23502062ed466a3d636d8ed1,0,1791390732.728835,1791390736.5606024,3.8317673206329346,39,241970,confirmed,
55,0x361c7d0bdc60b1B1D23B47c60Bc683f3Ef924D51,node10,4a6159f7e5fb058b37d3ab1ea8095ca61612263c73f763174909fe0b15e6651e,0,1791390732.7405372,1791390738.6848266,5.944289445877075,40,241970,confirmed,
56,0x0E5ff61332Ef5cc242E5eB221Fa27CeBC29F756D,node11,2319c39a1ca7832fe90f19dc5cd031fd8556715509d05c65e0693c59b122a0e1,0,1791390732.7430809,1791390740.6502988,7.907217979431152,41,241970,confirmed,
57,0x4653D68017E38467F545Da8b5B523215d7c6b740,node12,94230e98a0329e314ed003537d6627dcf88de511c103cb8b1b0c8fd6653fde0a,0,1791390732.7466304,1791390742.2454624,9.498831987380981,42,241970,confirmed,
58,0xf482727B3039525fcEa2BbEB8ac89EB773F6c55B,node13,03004879fa887d37038fcaff0fa2e44c19001da1595633a8a5fcfa28d03957cc,0,1791390732.7502973,1791390744.0726666,11.32236933708191,43,241970,confirmed,
59,0xF0fe0F47223efaB67e754B4d3D63094E6F1d3e61,node14,a91c6ce1e8b7e0e5c743a7978e2e00ee244f6148d889c27bef816ffd50018b5e,0,1791390732.7518826,1791390747.184603,14.432720422744751,44,241970,confirmed,
60,0xe755C1E99FcE211ed163C68E549A0B623c10cfD8,node00,3a606cbd27ab1b2f2dda15bb289145fbc5655ea2c053262f27732b1a6f39b637,0,1791390732.7540576,1791390748.4475334,15.693475723266602,45,241970,confirmed,
61,0x9C38EEdA21B376ce39802aEF44C4f4D03bA96F1d,node01,db0b55e3b521850346fb8a72a095c6e15eed3a90b4c19120ab18d977fa5d8434,0,1791390732.755415,1791390751.1501617,18.394746780395508,46,241970,confirmed,
62,0xDbA9e9411364EfE68497636bDB95c8780D9883d9,node02,1bef14b8bff9be1bd09e0b38a8549e8807ee30a2b7fb3f2675347b72003d32bb,0,1791390732.7570963,1791390751.9693384,19.212242126464844,47,241970,confirmed,
63,0x2bBA899D067f5557df950EB86aD064C60e955b79,node03,784f4f9ecff79049049edbb03ee9332e169a016bd20ba7ec3439cad250442fc8,0,1791390732.758449,1791390754.1546416,21.39619255065918,48,241970,confirmed,
64,0x6e9af1d58932B0C760F6cb94B20bCb0512f6f7fc,node04,6baa055fc4692ec7dea15dfff1f9cf0405531dd8e60e4346a8af8126c1dccc14,0,1791390732.759587,1791390756.742613,23.983026027679443,49,241970,confirmed,
65,0x0830fd3765922541Ecd4FD30BE4055078EA5b626,node05,ec3dc286feb3bfded6b2042b98d31026461119eb9450c8152348e16f5a288f34,0,1791390732.7612054,1791390758.306498,25.545292615890503,50,241970,confirmed,
66,0xF3ff4e6cf3D747bc05b12A105966E8Bf3895A583,node06,a65db21242605bd39bba008496a3f56a197d0476295dd6321cf0e172fb3866d5,0,1791390732.7647338,1791390760.082574,27.317840099334717,51,241970,confirmed,
67,0x1f60591ed4ADe3Fc274F384F48Cab41A494f3913,node07,7079f05a84684c91b064917810675d65f7c02c9c3c55ab8504c09cb39b647ff5,0,1791390732.7670417,1791390761.870455,29.103413343429565,52,241970,confirmed,
68,0x73d8a84acC072d17dD994D1dBae5f5f479B5e46B,node08,2ff9edea1153dd4a23262ffd6dcf5d3e50aebbefb18b7b351dc6fae0a3a1dc62,0,1791390732.7693012,1791390734.3681996,1.5988984107971191,38,241970,confirmed,
69,0xC48cc27de80d99741058d778ff5567274ae505e9,node09,798207e4d469ad2647bffdd308de2e46f6a9361a8402550aabfaad8ddfed4fd4,0,1791390732.772236,1791390736.593552,3.8213160037994385,39,241970,confirmed,
70,0xfcc56A311c6642b43dc96422Ead52ecE88b58bDe,node10,d8e26f27d4e603d05213d75dfa7d627076baf639e0183c1fa5baff9a1b538ffc,0,1791390732.7759957,1791390738.9134367,6.137440919876099,40,241970,confirmed,
71,0xaf9BE5A5d30b660A4F8a7CaAFd8c42847C5bC16c,node11,3b83da93d137bba3010c00a63121100b27f08402053a5cda9ba26a99bed212f9,0,1791390732.7783675,1791390740.7718081,7.993440628051758,41,241970,confirmed,
72,0xaA375026E94Ee825C6299d36E704D22c1F8df2E3,node12,89207e914d61d0bb469c30aeb138745fd08839b89e6e06d3ade5c83135e5f7bf,0,1791390732.7810252,1791390742.2100165,9.428991317749023,42,241970,confirmed,
73,0xB898dBA2312ccC74F7A211d598ADcE5987149335,node13,3ee107bdda82fa8b57f76d97c5c3f3217a4fcde6b7887c372311f6d35b201889,0,1791390732.7836592,1791390743.9770799,11.193420648574829,43,241970,confirmed,
74,0x80184FA9Ab5F5Ea2184CC7fE11312C9E359B6c65,node14,3dd00a2dbf87fe26f56dcc9d6cdedf09951b9797dd7e12fbc1fb282d8f0a39b7,0,1791390732.7853599,1791390747.2382658,14.452905893325806,44,241970,confirmed,
75,0x5000998157FDE300d19B818eFe391c7895E2570C,node00,ae31bf90846e3bafea283593d2500044c88b1b3849fc090553797f16db14d04e,0,1791390732.788685,1791390748.4361079,15.647422790527344,45,241970,confirmed,
76,0xd55c28a469fC5fa076c1741C4f818230C1611A7b,node01,684b24c1bee5f5823178b732813c019bb8e14d2e7ec9f2a46d69b4b6df182312,0,1791390732.7928245,1791390751.1985915,18.40576696395874,46,241970,confirmed,
77,0xcD6cf951Aff8cA2634750E1Fc0A63326Ef1AFd7F,node02,6d119db7dc6a49edc66cb527148f11d534ad0523747c192fa6af6574647817b9,0,1791390732.7951384,1791390751.9993224,19.20418405532837,47,241970,confirmed,
78,0xA6f05D3D60950eD1cE228ad7F2A5c2654d9dA8E7,node03,4803ac3446436a535a301d2381bc98b8007b9854710ce1b4d98041c10d918da4,0,1791390732.7962272,1791390754.3201933,21.523966073989868,48,241970,confirmed,
79,0xE7f8E34D8A9A6586C5dcE4e958F394Fc55aF3ef0,node04,fcef7563e41aeb071756d2d14e2b789a8d4873607cd090bb777daff79e50cc0b,0,1791390732.7975001,1791390757.019457,24.221956968307495,49,241970,confirmed,
80,0x6d64f8dE95c736c61F33b8405B1455Cda5FfF5EE,node05,0d35070eb220d9cb07576ece5ecd1c9fcd196a0a8b0794ef69027a2bb5c4f64a,0,1791390732.8059347,1791390758.2466643,25.44072961807251,50,241970,confirmed,
81,0x4b948c4F20D2E40430E15EEd5B1EfFBDB3065cD6,node06,58151090595a75a20cd78172aeef39dd2c6506f9f4c16208179eb0cf45f3124d,0,1791390732.8078613,1791390760.0805972,27.272735834121704,51,241970,confirmed,
82,0x12854cBab06222B5EBf7bD0397eF36118C445BC2,node07,ce6e36466a8ec616bdd9a14c2f0d1995b8869d2c4d040bde8a086fc48a9d33da,0,1791390732.809433,1791390761.8490722,29.039639234542847,52,241970,confirmed,
83,0xA2de538D436A85562CB4b97EF5b1118Fb80Bd702,node08,9d838b48351dc01934be1c09c8cd9e6e305350f13fadb7b5f179c8a098de44ae,0,1791390732.8116677,1791390734.5207124,1.7090446949005127,38,241970,confirmed,
84,0x7BaF46A99119F5Cbd9EA60AC73Fc790622Cb6E2e,node09,e485bc833a17c60b948e10ddab416e0da2dd90bddad30ba5ff709f7678155e95,0,1791390732.8140428,1791390736.6363144,3.8222715854644775,39,241970,confirmed,
85,0x9BFa3DA0DF579bb913FC009c51205834C2B21778,node10,37d95ff8e76df2c760be3ed16c5361506c80f6189a67375208aac8b3edb33908,0,1791390732.8174815,1791390738.8237653,6.006283760070801,40,241970,confirmed,
86,0xdD07F08b569E8B970FBe475Bd26b7A4661abd35c,node11,d2a4d22e32c3bfd80134b439be12bd43e133b36ce656a78acae6b2995977a2d8,0,1791390732.818598,1791390740.8293474,8.010749340057373,41,241970,confirmed,
87,0xf209e3cF6Eaf9Bb91083AC721f16fab5Ba872064,node12,7f531a48850874534a51e9e5be6ff61cc0e800a8a1d54101d85b8c17188d69d3,0,1791390732.8192518,1791390742.6626303,9.84337854385376,42,241970,confirmed,
88,0x5c3d94Ed02bfddE006839d4Ddc2DC0A2D3524Aee,node13,ac9e94fe687032ff06ea39728ddfc6bca93ab390203c06990fb054ec331703f8,0,1791390732.8225322,1791390744.0121796,11.189647436141968,43,241970,confirmed,
89,0xbC300F54bF84333E97dd3e44BC6038465205B6B6,node14,da155f8195dcb1bae90f6365ac5c0a3bb7383e2ba34e437da5ddac3d54a19bbc,0,1791390732.8243728,1791390747.2534199,14.429047107696533,44,241970,confirmed,
90,0x361C4F82E01F2A5583fAb7D8C3596A8f862De526,node00,868761931426c70b5fac881a96d2ce1aaf8ab88be1b993326224970f4a1ca1a2,0,1791390732.8257647,1791390748.4405742,15.614809513092041,45,241970,confirmed,
91,0xc8b04594C9d9f249350643C57D90dA364eB77f6C,node01,30c3e37c91b42e89812045414107eb0776ec496adaafd8633357b704daeb74f8,0,1791390732.831283,1791390751.0480926,18.216809511184692,46,241970,confirmed,
92,0x69B064243D987904A9f6EF2Be6768AB9F7893223,node02,c97ead552588920d3a32c58654bfbadc1cbedab09a6c6dcb0e54e746b7323b40,0,1791390732.833962,1791390752.035237,19.20127511024475,47,241970,confirmed,
93,0x65082C1A276C264dA99b489CF54bf0e2ac79d7d3,node03,978c2f35f76880c50c3ff0f586c22fa98ffba86f60cddbdf20849c4ca4c07e50,0,1791390732.8360937,1791390754.1320026,21.29590892791748,48,241970,confirmed,
94,0xBc0c36A4d4CE6c501532BB689196E86A15e18C26,node04,c81c421d0578ca96a4f289ca4a476a173f5444b308a137c0b7e9984def2b0385,0,1791390732.8408146,1791390756.434026,23.59321141242981,49,241970,confirmed,
95,0x2ce6042F2E171Db1347487F7c334CD5a171B8FFa,node05,7bb91c5d6a72eaaeaddb7f1d07931953fa07d0de3eaa26ccdb408de1e82e0930,0,1791390732.8444257,1791390758.142998,25.298572301864624,50,241970,confirmed,
96,0x1693354D9bbdaee40834b0149e06eE9725F3008D,node06,1751082b3a7a54ab0d3b6b573381cc21a12ddad5c2aa6c7fa6a1cd37610dc63f,0,1791390732.8474362,1791390760.181498,27.334061861038208,51,241970,confirmed,
97,0xE2deb97F3bDfF59Df1127CfD92fA0B698C8ED8Ac,node07,dd0c20d2199b81db10d695be395836a5147b2610a25cb377ed9c2bbf14f9bec7,0,1791390732.848137,1791390761.8541365,29.00599956512451,52,241970,confirmed,
98,0x29B3Efee5fc045e545e771B79AC27f84E4a70D61,node08,9ede45a5405bc799ef7af30abdd02fbf74e58c802782c10930b24a2856978f01,0,1791390732.8506076,1791390734.4803374,1.6297297477722168,38,241970,confirmed,
99,0x7261Ca1A0eEBc891E50974e5e50673eDe6901116,node09,8bed3237936184b76688b598bb5f29bb814aad06da71297a18ddcdca7c1613d1,0,1791390732.8536203,1791390737.0267828,4.173162460327148,39,241970,confirmed,
100,0x0eb01a656148ca5847D3C8B58CC679d9a8644044,node10,219435bdb9d14c25c7b00d14be3aedd23fed80086b145147286771d9b7f977f9,0,1791390732.8568492,1791390738.9235845,6.06673526763916,40,241970,confirmed,
101,0x6984d26ce6c28119Eb67a1F14059F21143A9EAe5,node11,ed357b43a94f1844565b9cf5b0cb911dfbd1714d6dfa81b7d28fff9431158671,0,1791390732.859176,1791390740.7925324,7.933356523513794,41,241970,confirmed,
102,0x4a64e940fB967290EDf1336c83A636e95af30587,node12,a62877af5de2ef51fec36f11d1243a7b4570cb0c99aa742e54e1aa6b5028efec,0,1791390732.8609035,1791390742.260949,9.400045394897461,42,241970,confirmed,
103,0xeA5862CA7E27d07363e36c1F5750316442B18bAe,node13,045fd2777db3f31cb2db336942fcfc4e2263ef6dff50dc6284845ae01c0c2089,0,1791390732.8625758,1791390744.330805,11.468229293823242,43,241970,confirmed,
104,0xEf03eA12B6c3Ecf1E44Bd33dB857C302D1b2a965,node14,88f372a0f90890263c6ec90c24a5d3ac0565dda96a722fafb20bb9939d737a4c,0,1791390732.864817,1791390745.9881105,13.12329363822937,44,241970,confirmed,
105,0xe623A75b0A8A7B94c5F1cb331712742d51468962,node00,cb0f59d9018a273f8be56ef0e90be58a648c8e6fcbbc8d5ca8ffd6d7174e52de,0,1791390732.8670158,1791390748.5024886,15.635472774505615,45,241970,confirmed,
106,0x33E6E726b94E2e716aFE3893A0DF0d31971b91Da,node01,f4ee40ee7a54035dab3a4fe5b458edf6d86e331f15c76b33b0dbec4870fa0a38,0,1791390732.875736,1791390751.246127,18.37039089202881,46,241970,confirmed,
107,0x63efe992B5ec8A1Db604385aCB4fc7566334883f,node02,458a9a45105b27dfc3b1a3776cbf231dcbde4041c5a711c2cd97565413740706,0,1791390732.878578,1791390752.0726638,19.194085836410522,47,241970,confirmed,
108,0x23e5e1111E7448F923524cEDF092Eb2b5a5AdCf5,node03,3bef49271c2f0f24cf448512885a506540728e13a257b81972f7402b961e27fb,0,1791390732.8806486,1791390754.209361,21.328712463378906,48,241970,confirmed,
109,0xe24C44742A3B90eC8d48fC70431D6CD32F38D138,node04,923fa3e212c888556404f2fa457615cf0a1912d26b7bb8db50ba30d87dcb210d,0,1791390732.8824952,1791390756.4792173,23.59672212600708,49,241970,confirmed,
110,0xf751AFaaEcF8f1f900A57130441C435741380857,node05,e576647d66278f4461db7581faab6ea2dd63516aa3fb6b690dac14e6461718e1,0,1791390732.8841426,1791390758.189989,25.305846452713013,50,241970,confirmed,
111,0x4ec9b7A82967b7c876ba307c0E1F23D48e27f360,node06,9e999b4e07b78d2ba5ec3e3bd8f9168324c1bdbdf8d8bf5b59c4ee38109bea31,0,1791390732.8884459,1791390760.234408,27.345962047576904,51,241970,confirmed,
112,0x2A14d38aCeB18e4e2e3418F8ADd7e37fc032b620,node07,52e893848188fe66e57240b610f4a584fda7742daabb1a61302bc50dabf1d71c,0,1791390732.898676,1791390761.887077,28.988401174545288,52,241970,confirmed,
113,0x851339Dc9AF2f8D1592C028b0FB2041c9bEbB865,node08,bd79040e80d17f2ef7a4794cf4215d60e43c86fe1eab8d0952a56f6ff4d113b5,0,1791390732.9020627,1791390734.642698,1.7406353950500488,38,241970,confirmed,
114,0xcB0B7b4f2211Da8B76a72aFC3df609c7b041b19c,node09,74ba7e6de35def79e0bba3f4691262e7d8ea8774d1a3a7569cb3df47368b6a07,0,1791390732.9030144,1791390736.9849029,4.081888437271118,39,241970,confirmed,
115,0x6bbDC6A90d7e88dfe05814582b49739A9c206E11,node10,8ea0df037a9ff5869b695cf5c361f700890baa64a875e33b9a1decb1af6bdbee,0,1791390732.905972,1791390739.1109438,6.204971790313721,40,241970,confirmed,
116,0x5e62cF3630fED90771B4a7BE5599ED2F9F493c23,node11,e727b1a05dd82bee2097415506c26fa6f5e7f0ce032d16050e3758d130d082df,0,1791390732.908478,1791390740.8183813,7.909903287887573,41,241970,confirmed,
117,0xD536f640949702717a5Ccce043B7fe978A549aB9,node12,e88f91795673ed7eb49a2f1c99bd3306a108604df4f2527ec349e9429465e24c,0,1791390732.911339,1791390742.8362994,9.924960374832153,42,241970,confirmed,
118,0x7DC1e228f1Bd86Ff8420B853d1C044C67D81F2c3,node13,7df185ceaf2aa9b59bcbbf0f05bbb6d2b0ea55ba4e5f3fd83961adfefd4924a0,0,1791390732.9133327,1791390744.103948,11.19061541557312,43,241970,confirmed,
119,0xDE60013B1Ffc408E21464F9ADcFC31877b460924,node14,adf26245a5a19009c4e2638e713f2fd6c7fcb271184201f782d9a5bbc9119716,0,1791390732.915095,1791390745.985729,13.070633888244629,44,241970,confirmed,
120,0x0C7Ab9f42316A96a3F0FddD609759f248908D176,node00,a9899be1685447151f722f4889594199c1fc217ae64d4fcd4c82d028723f83d0,0,1791390732.9201703,1791390748.5883908,15.668220520019531,45,241970,confirmed,
121,0x478Ae62C5952c45327d56F1621a691Ab4Cdc1F91,node01,d156f7a385d5b7b88e0def3149d10defced5c6f8db3dba83ad0aab6f82b19318,0,1791390732.9215398,1791390751.1740198,18.252480030059814,46,241970,confirmed,
122,0x5A869FF6DC329Fe0b002Fe211Ee577F56B5f4E70,node02,92733a20bbf265895baafb196bf27c9f4b5fe64d74970f0ec093bc518cb8a09d,0,1791390732.9238708,1791390752.0430593,19.1191885471344,47,241970,confirmed,
123,0x80F7f42b2284B6CFDa19BBeA3A4B4C7de64CF544,node03,aa1ba741ae6048ebbfe4f8a82a0756483851da882058fe76b10c8dcc8bed8937,0,1791390732.9268923,1791390754.5160847,21.589192390441895,48,241970,confirmed,
124,0xc035c2e5AD84adfCe13b4c0d027235302dD99768,node04,106039fa3006034731d1a9c2ec60b5293080c1f63ca17ded65a43e443d7ed28d,0,1791390732.9293258,1791390756.4607801,23.53145432472229,49,241970,confirmed,
125,0x949d143D3EA8A29c3fFB8187Bf980a4Fe3023E0B,node05,aa8cb9daee619887c42fbe851e849860e451a3cc28fee52b1176571f25728eb9,0,1791390732.930358,1791390758.2644355,25.33407759666443,50,241970,confirmed,
126,0x020267017EBFA812EF5D75f0E2D91763f7375993,node06,5c22143051125d59d6f62d484785e879f72c8ffe6cf0f123d5b9a9fb42d87230,0,1791390732.9461396,1791390760.1594841,27.21334457397461,51,241970,confirmed,
127,0xA6fA0b59a48d6ec52bc299021b16226Be37f28cA,node07,310a263f092e8fea6ff4639397bcf2bd6f2e0d392bc38d53bef2e6fab3b807a9,0,1791390732.9485106,1791390761.8720922,28.92358160018921,52,241970,confirmed,
128,0x016c89ec0fc3b87c9f114a8d7BFaBD96Cb26321b,node08,5ccf843efa23617b2337956d887744be9facece50bebc654bc1947d7df391eac,0,1791390732.9496436,1791390734.739175,1.7895314693450928,38,241970,confirmed,
129,0xdEB18121b7B9Dfb482d89155eBfab897e5E1263a,node09,e701c1f88b3c10b623530b8c20a9abb5abfc33c0fd7e18d9575dc590e6491444,0,1791390732.951134,1791390737.0121498,4.061015844345093,39,241970,confirmed,
130,0x43A740E8fD7F154A4ba2c6604b46b77709C8fC93,node10,0e07a01d874efa98abbd9d32934701851734e2bfc01611f7a5e9c64a995b127d,0,1791390732.953495,1791390738.9933171,6.039822101593018,40,241970,confirmed,
131,0x2a15009d5e01D0886470398267F8397ddab6B3cf,node11,9c2480d5339f955d337c9c1dcbafad003f532c49f5211ddccf2b8b22627ce184,0,1791390732.9553404,1791390740.8572974,7.901957035064697,41,241970,confirmed,
132,0x845964B25A32c306379761cC9A27d165dD691222,node12,2720da9afcb870849eca6e68dd676afaa89788e5fc7edcfa17cdb7ae4b1b5bcd,0,1791390732.9593792,1791390742.706393,9.747013807296753,42,241970,confirmed,
133,0x322a34A6Ed7C24D689EC2b5e1CDc6678Bca35C89,node13,1a7ea52d8858296ea6b4e4863c8763185166437cb2f3becad910f5108375a275,0,1791390732.9605722,1791390744.584848,11.62427568435669,43,241970,confirmed,
134,0xecFAe9011Cfb268E76Ac85B69f87CDAd055061D5,node14,24ccb98bd19daf1284aa064e183f763f2aa4183e1dd48e48e823197fbb05ed2b,0,1791390732.962371,1791390746.0061924,13.043821334838867,44,241970,confirmed,
135,0x655020b2cf771231573bE9dc27e397Ef11751e52,node00,77117ebb6ab37453bea9f63d075833a7fc8fa304d6ba2ef241c92894442bea6e,0,1791390732.9645998,1791390748.6713808,15.706780910491943,45,241970,confirmed,
136,0x02184FC43e3000B0c40aF1d7D05529f7b464E4c0,node01,70f4194c98d7c5cf57dcf210025bdbb230862079e720d2c7754e30e657193808,0,1791390732.9664574,1791390751.1401775,18.173720121383667,46,241970,confirmed,
137,0x29ac7b8d092091e2921743F7E9ad704A6B12199f,node02,a85ce810b8fcf9957f2d418b2df0659bf31fc43464b72d02093a3bfe173896c0,0,1791390732.9674363,1791390752.463218,19.495781660079956,47,241970,confirmed,
138,0x34f7a43AB438CB9eb74d73EC3F7d48Bea233CE83,node03,b06c9ece4e0d83aa573bf37603351fd3e536220ae4c08530ac252f20a0e5ef9e,0,1791390732.9694293,1791390754.3892095,21.419780254364014,48,241970,confirmed,
139,0xfB5574f5b45f7E1963AdF518d9cF078A504B1809,node04,4d03b7d009429c11ecc7f908fefc6923a554efe2c12a51d9d390990b9114d05c,0,1791390732.9712584,1791390756.597743,23.626484632492065,49,241970,confirmed,
140,0x8E2D1cA693791d855D20896e3fC0348fb0d2c081,node05,5c5417c8aca60490aa0a38869282699dc5031dfccd40df3f2cb32a9dcd37ea3a,0,1791390732.9759066,1791390758.3265939,25.350687265396118,50,241970,confirmed,
141,0x3cb445c24Ac091dd3d432e344755A1E67dBa96A4,node06,4514e19d18d22262a723a00a8332935674a7ece7b0b2cafc3a41f467cd69319a,0,1791390732.9799335,1791390760.1177275,27.137794017791748,51,241970,confirmed,
142,0xeB4E8dA3c08ae09285c54876E98E408aCbF5580b,node07,d505a03c5446ee9b26257a6f84fa5871ba554f5449614d00a3dce75bc52b899e,0,1791390732.9810674,1791390761.95664,28.97557258605957,52,241970,confirmed,
143,0x5AECF312c8db8A282C1b8c844ee52392191f9bff,node08,be76ffe77955ec1e3489eccfff3db2e46cb046ef4f77cb60797acfac1ae46fec,0,1791390732.9829948,1791390734.7566838,1.7736890316009521,38,241970,confirmed,
144,0x829560E670DbD5D867a23d2fB21fBb0Cf35a7f74,node09,3b5744db69d198f6cd8ea7a094e68fb438636e3997d789d400cacfd55c5c7788,0,1791390732.9862096,1791390737.1484575,4.162247896194458,39,241970,confirmed,
145,0x9ADF758c5C5d89Ca314cd6c5eB58e3003Be21b40,node10,13836ad4d77fc14de3364485ed00fed5a1514936e5db92fffb941d0e17968817,0,1791390732.9886737,1791390739.0197456,6.031071901321411,40,241970,confirmed,
146,0x65206236bDE31A12ea36B3E14F3C8c6d0a107978,node11,49eec829598ac99345e669a1adcd5896f990aa1b6e0fe7c2860709b531f0844c,0,1791390732.9928603,1791390741.0289352,8.036074876785278,41,241970,confirmed,
147,0x4a84277702873E2e2F51069c7a27Ee68DcDaBA3a,node12,bde8b87cb517a3ef26888d685018ee49667f05075e2363028477a00796deb3fc,0,1791390732.993952,1791390742.382496,9.388544082641602,42,241970,confirmed,
148,0x1e86e9e55D03f4aBEB72B15bDc73ED723C1254d4,node13,c182293847b3c4b1fb8fae0e59cd16a13588e6669e28b203629af2605e2cdb8f,0,1791390732.997263,1791390744.2440977,11.246834754943848,43,241970,confirmed,
149,0xbe9b255AC19FE096BFb9693FdcC0577F9654b7c6,node14,f7ab1ff2292f0273aee5cd1d36dd2c00e43460a2c0463626e2756bd2e46c7ea0,0,1791390733.0022628,1791390746.0451264,13.042863607406616,44,241970,confirmed,
150,0xB72424712cEA854c1e7adAe3a0Ccd4fC8a32d432,node00,b82243bb9f6e457fef04c4594ab2e298ac23697fc85d814b5a41d7a309b04b36,0,1791390733.007152,1791390748.9159312,15.90877914428711,45,241970,confirmed,
151,0x4D4D2d06E5346cBEb878841c012753f9C51D4747,node01,9ad5c8f9c250cf10e1ae541eec5f5545fe0867d75d1a544f73aa2520ce253985,0,1791390733.0084977,1791390749.9874778,16.97898006439209,46,241970,confirmed,
152,0x1DDc346DF5C780e543753470B84dfCf6E78568De,node02,63a15d2cdcf754c44619862c2746d08885670ae8619e3c98a0fe09201ff3da95,0,1791390733.0113003,1791390752.248109,19.23680877685547,47,241970,confirmed,
153,0x66516A0b00d45CFA55602F1AD2fC82a81F93160b,node03,27de1061a40a035dff9d798cc68b95edd388d0c416908228c3d07b2b184e94d6,0,1791390733.0122359,1791390754.5207736,21.508537769317627,48,241970,confirmed,
154,0x35c57dA6b955A828E155Ef2d02E10090d632907C,node04,2b168a1ff50c459ec7aa2c96439acd68da5c286a37f70d5d76ab5110f0083074,0,1791390733.0136158,1791390756.6108778,23.597261905670166,49,241970,confirmed,
155,0x37CF47cFf3D128929f349a2D137288C6dC198bEa,node05,66a096b69635835402046743135b3dc465a1e8da500e0f03cc38558451cc09a0,0,1791390733.0147688,1791390758.2351074,25.220338582992554,50,241970,confirmed,
156,0x3B95b334BC555BFfe9D675FfB3c30fa83208125C,node06,53e1ae035d00cfd50a7cb862039130c9eb1f21821f5b110e320fff8a81ceedba,0,1791390733.0186508,1791390760.1490753,27.13042449951172,51,241970,confirmed,
157,0x84Af439Ab3aD9a9Fb8BDc64f1AB390855F3E7d4E,node07,aadf8d6a3dbd4acdd23e52e79e57832eddacaede8d8082157cd528aaad7e662f,0,1791390733.0193985,1791390761.8739114,28.854512929916382,52,241970,confirmed,
158,0x14470131c5e113a54C2F00FC2e47C6Acd746ba3e,node08,2ef1bb1c35a16d0ebe1d30b7defb74eb66932686a659ec6d27297203dca33908,0,1791390733.0221577,1791390763.789415,30.76725721359253,53,241970,confirmed,
159,0x975753BaF8a8d7B7aCc15e47Eb89bb4235552Ed2,node09,c60d8e6a88cf2e4265d0c61fbaba22c284acef811cd7a8dab7ff50ea84243a03,0,1791390733.0245228,1791390737.070935,4.046412229537964,39,241970,confirmed,
160,0xc11b463325c154752449A2Ce4Cadb3DDb5881A5c,node10,2321d56a48d2942296ea16fc1fe746675373a0e91136267b223cae117ef34310,0,1791390733.0277665,1791390739.53082,6.503053426742554,40,241970,confirmed,
161,0x515bd15Cc6c0595D1928459F02c1B8CbcD4E4952,node11,c7a8ecc1bab75575677052067f2ae2fcfeb4d85f494c56e37edc454b256830be,0,1791390733.029254,1791390740.9065237,7.877269744873047,41,241970,confirmed,
162,0x7c18307F75C855898da545527Df42d50750f2C9e,node12,f813b0cd92c613b388b09950eb911fc93b1087f3530766bbb4d3e78b73cdae28,0,1791390733.0409293,1791390742.7693868,9.7284574508667,42,241970,confirmed,
163,0x3692190df84a091c313F302619fe2710305F996c,node13,c1ccf8d03a9a65cd32c93d478f4ea9701d7f4bf17bc11006ab8fc3fa8e30bfb0,0,1791390733.043209,1791390744.576392,11.533182859420776,43,241970,confirmed,
164,0x38bbdc30F5b5Cd431e6856b941ef47159212C71f,node14,80780b56edd41915520ca4da7f006576e84e418da47696c6aa210343dffbd3c3,0,1791390733.0441835,1791390746.1174204,13.07323694229126,44,241970,confirmed,
165,0x2DD1bD6Bd15280B18d999411fF846a630e6e1E55,node00,fe1884ddb8faa3dbbcd4a5a6e8c1dfdd7f7acb1845507e46be27f5074267d01a,0,1791390733.0468867,1791390748.795243,15.748356342315674,45,241970,confirmed,
166,0xd6E2871A2544EeC7F789b2154a8803A0beB3B726,node01,e144782ece7615417b56aa6c4e0b3a35d63b8c67ed613527aa79e8704ddb2de7,0,1791390733.04889,1791390751.2367463,18.187856197357178,46,241970,confirmed,
167,0x614f48C3c951Cb7a3033B039EeC2ECC15aE5efcA,node02,beb141300797e66afe25d918fe89c7eddf0ce60147af47edc80c6207d390cfe4,0,1791390733.050726,1791390752.0421956,18.991469621658325,47,241970,confirmed,
168,0x374EF6511a957B9e84BD6A45326C1776aeace2F9,node03,49679044521509b568e80cdefcfec3d8c470485050a5d081d635313008c8f309,0,1791390733.0531988,1791390754.385354,21.332155227661133,48,241970,confirmed,
169,0xBf4cA94ea802078D41f556725e31862C3341d5F2,node04,5828f1cf492d1854984024a99e2e75b9ca000ec5ab6750012fd1f7f454b4d569,0,1791390733.056119,1791390756.7597106,23.7035915851593,49,241970,confirmed,
170,0x6df0F528C447f36BB3d72E13D9948b968D3804f7,node05,7b5533c904bb87752d15164a19a029907b258bb6de649b91931e2fc2d74581a9,0,1791390733.0582376,1791390758.2699835,25.211745977401733,50,241970,confirmed,
171,0x21f68ce1a53BA06cEd7F326e4C6547Dc0bbC31e0,node06,03e1e101479eb46cbf842fde8b3a0071029dad4816759399c470d0e9573b9508,0,1791390733.0597389,1791390760.2254193,27.165680408477783,51,241970,confirmed,
172,0x2073d2489Cb4252aB5f5d722ECEa841dD7E5D5EA,node07,9acee5bc934025f21b407af9793e092eb1d5ac1387c9ce48510a249b8d32b463,0,1791390733.0619202,1791390761.8671598,28.8052396774292,52,241970,confirmed,
173,0xa4dc2d78bfeFAe9639807C1394e9dc8295856B71,node08,95b7e31e3b896ec7aba5f93e4f10225afdcf9859cd06f8e2c48b02b6d18d7481,0,1791390733.0635102,1791390763.7794638,30.715953588485718,53,241970,confirmed,
174,0x5Cf965d1E38A905b3aF89AcA1B98DDFFC3D73398,node09,722efa8c90c4906e44c8299c88f023b86a5e33178ec32754ef74eb0fa75a6f82,0,1791390733.0665922,1791390737.12575,4.059157848358154,39,241970,confirmed,
175,0xa35439d82F0E49ECA47F9b754493313aed868EE7,node10,a5a3be1b6041bf13df83c6e2e0d5b738f51e1768ac93a31d51c32edcf3dc1da8,0,1791390733.0682964,1791390739.5069382,6.438641786575317,40,241970,confirmed,
176,0xDC03e9E01c720C124047a502642dC08ba76bcA2c,node11,6f32f120be9c3e27b55c9677ae3de793cce22d364a520cd29efeebfff8d70029,0,1791390733.0703104,1791390741.0552948,7.984984397888184,41,241970,confirmed,
177,0x516a0643dB3969E58773fe193c1F2d5bC03898fc,node12,00522513b6b0d22d8d31a54e4d2beeedf9598a4f1811629d0ffb1547b9fbb1f5,0,1791390733.0720313,1791390742.527709,9.45567774772644,42,241970,confirmed,
178,0xB60042102cF2c1EFaac6dcF1066fee31762f948d,node13,afb158fee9b5e4cfcab5c0d77b1c14d80d241972471f89b4dcf4c8fc35cf5249,0,1791390733.076274,1791390744.3342752,11.258001327514648,43,241970,confirmed,
179,0x0920cC614D72Be4cdf8eC305EAaC0349b7382a00,node14,3ac836fe42f2471644368e95b4ad5c70d43d48ff8c8d248d8d0799bcd8dee7d5,0,1791390733.0790741,1791390746.115358,13.03628396987915,44,241970,confirmed,
180,0x8eD72C96053CDCc94D420E5bF15abCDe706AEcCE,node00,7f12e133213209d9fbb4cc662f85dd196cf1fbd34cfd6729f4c00715343b54d6,0,1791390733.0801458,1791390748.7565224,15.676376581192017,45,241970,confirmed,
181,0x5cF6CFF8F535f6756A1Cc8489c4540963191bAd8,node01,7d95c946b881548291ebb20df77a51b6df65e9e6cb174710cadb28439202e412,0,1791390733.0820186,1791390749.9742455,16.892226934432983,46,241970,confirmed,
182,0x86a77131cd196Bc7FF96540FdA1bd341d9B08Afb,node02,bbd3bfbe4a237714002f4aa3dd84c0e8b9069761b6a9074e103d97675d349a25,0,1791390733.0830872,1791390752.3914483,19.308361053466797,47,241970,confirmed,
183,0xBd277937546c6fC568432f6b0668Ef9ce0F886cb,node03,0345c2554331d9360483da5dce2313d473f58d40f1beb45fc18329a1b50f968b,0,1791390733.086048,1791390754.387431,21.301383018493652,48,241970,confirmed,
184,0xA9800C380B5e83611F4f97ef592A25Ba922A2116,node04,7fa43d4fee5cfc6509c76f7fb6d005890956aca6adb36b8ba5ab751445c2f630,0,1791390733.0881472,1791390756.6804798,23.59233260154724,49,241970,confirmed,
185,0xBd20E3D2a0654F08f6748d66246b5AB34834e821,node05,e5f07c7c227061f1f95deb0a49dca32926b92a8f3964edf10c1630ac3bd07023,0,1791390733.0912635,1791390758.310104,25.21884036064148,50,241970,confirmed,
186,0x74ABfA8597736454fD792F6fec9824a5eF5ed2ce,node06,f8ee299978f7edc77f5a8b6550c0c5db22da5459d151a7828e426e11cc9dbe93,0,1791390733.0952048,1791390760.2052455,27.11004066467285,51,241970,confirmed,
187,0xC4C52d999bC3aB28E1Da698070b6349c39Bf3e59,node07,866fb27ffb4dce14f5f2693a4403a4870e4eb4b92d4e7311de669c8d2071d79b,0,1791390733.0969796,1791390761.899777,28.802797317504883,52,241970,confirmed,
188,0x03e1323Ea24D78C46611708d0C8B5A23913B2E74,node08,314201ed8e3774d1a9b6e54d331bacf95948bd0e27a592b5c22b265d87b2aafa,0,1791390733.099553,1791390763.7716746,30.67212152481079,53,241970,confirmed,
189,0xee5DC8c0604c48fB1FC01c65e291ca588345A391,node09,064b22c5795e1b419a2275f03bd99b531f95df3e1ad6320f61b21bc913964d57,0,1791390733.1012995,1791390737.0935936,3.9922940731048584,39,241970,confirmed,
190,0xB8dF2aEe81b5bc6e5269eC3a1128De0A3E01e09E,node10,c48b497790b1e626f64a043385878ed6a89681a808efae9b621045b221feadfa,0,1791390733.1045465,1791390739.3884668,6.2839202880859375,40,241970,confirmed,
191,0x2669C54C1d9d21E27b9bf48B9A66Cc3083EF6eB6,node11,c1d89b1e14a9a05591f966961f338e90b76e9fffda5459955778186da2ad8cb9,0,1791390733.106344,1791390741.1797984,8.0734543800354,41,241970,confirmed,
192,0x87bc0A3194FA88FA9C47F0b5a03AF5A6D96F5B91,node12,fb1c757a06c99ea781885b0ca8230ad44cdbc1161099fa529ed9af38d33ee4d7,0,1791390733.1098123,1791390743.0960453,9.986232995986938,42,241970,confirmed,
193,0x333511B06E39F94a07D95f0ed96209288b0E5ea8,node13,4e1e84d87d5006f215e2914efaba0f682ca05f717a8d584b0b510c0252290fd1,0,1791390733.111994,1791390744.5006595,11.388665437698364,43,241970,confirmed,
194,0x67f3F0eF5a720aAdB1f963694210Ef23c5A155d8,node14,4b677cfce0f95ab07ef0e0119e3b727b33590be1656575b31709e127a39cef00,0,1791390733.1151717,1791390746.1327748,13.017603158950806,44,241970,confirmed,
195,0xd3eB164E34fb6827e9C89349ad47dE140C6a6A47,node00,e62645c11f11a00deaacc9dc35f19b612c251fbee4bb9e011b3b2db2ad69a1a7,0,1791390733.1195087,1791390748.7158163,15.596307516098022,45,241970,confirmed,
196,0xcC65d004992AFD08f80CA22791d278A90a914F01,node01,d55b6542625ed11ef8c9343188294e3e1355c9d03b75843bfa6be231cf9434f0,0,1791390733.1225915,1791390749.9803162,16.85772466659546,46,241970,confirmed,
197,0x9d5Fe49Da63734875E23C3Eb9A8FE718de7fAC05,node02,304ba878e19d6acb3ec049fa07ec8270b6425482f21f86e0776cdfbdd5625cb2,0,1791390733.1410923,1791390752.201719,19.060626745224,47,241970,confirmed,
198,0x1762774080010a2899CeB2262361Ed89377e05aC,node03,8c9a05c9150d8c851875317b1562d418d0824be8329516a8862a248876ef3e08,0,1791390733.1446042,1791390754.4029138,21.258309602737427,48,241970,confirmed,
199,0xB7867A794Fa22dB056CB6ef0C9FF2688130B1601,node04,e343d63f720d644ce44bf5a0d33379f7b77c37f686581a66903374408b82cbf7,0,1791390733.1494272,1791390756.687767,23.538339853286743,49,241970,confirmed,
200,0x29EccFD26030B5CdF996F6694841530Bd164A522,node05,8367bb4ab46642036523c186571a646d833408840cd0cdf393364bbd0b5a97ee,0,1791390733.1508908,1791390758.2273152,25.07642436027527,50,241970,confirmed,
201,0x4521CABdA592244BeF403974A8Fd7204D0Efbd82,node06,19b1921d6af543ba7f1db9f8c4156a98c2b4b831fa9f708f36581942012b6945,0,1791390733.153103,1791390760.2013378,27.048234701156616,51,241970,confirmed,
202,0x139eEf77C108373BD3cF04eb40b3AF37382470d2,node07,315a53a695a7a9a0f27872fcd53e197e28e01f6be9b2b3126d0b12aa846be4b2,0,1791390733.1556969,1791390761.8852677,28.729570865631104,52,241970,confirmed,
203,0x8e7dDCD7794e16eab387e4F237d4F8cEeba84dF0,node08,e086b15dfe2f74559d14dd1a338c9314605e4c46b98b39c91e6c77541f5a9ae6,0,1791390733.1572905,1791390763.76976,30.61246943473816,53,241970,confirmed,
204,0x487b448fa51493829BAAE5D3C6d471f092b5d37B,node09,d065afb55a885ded2d8135fd2e3901bd634ca4ab8c35bdf0aadeec30f6cd965e,0,1791390733.1597,1791390737.3703196,4.210619688034058,39,241970,confirmed,
205,0x84ea211342f14b73DE545B51c2D6567951f303e9,node10,7c41e07491527ffa5e608711629f25a5a9d7843ca7e8536eb4704ee083ba76e9,0,1791390733.161675,1791390739.369191,6.2075159549713135,40,241970,confirmed,
206,0xbB0A10B47ee83b4A53f2bd693fE6e17E8c9261AA,node11,b9b019bcfaf01f86b33358565f91623393cfa239fc87a0362060f297340d0e4f,0,1791390733.1653566,1791390741.17351,8.008153438568115,41,241970,confirmed,
207,0x599bE29AdECCBBDb73aa03bE5e640F21760CB58e,node12,12bf3e00d7bdc76b3c300196ee525a9c8cd781da8df666c8ac7b1f385fceeda1,0,1791390733.1690075,1791390742.9863586,9.81735110282898,42,241970,confirmed,
208,0x24fe175732d7e4Fcf977104ec2D4453e5689E10e,node13,d36650c55113b38034d9c450f56967fa56cf0515101e93a561fa3bad9332d599,0,1791390733.170587,1791390744.6604354,11.489848375320435,43,241970,confirmed,
209,0x9B827c9aF625dCd783464AEC5076752B5d5B3D18,node14,3c15dab5692fbdbc130204d85a9cb7d777ce4967e3ce08a8b8261170292fea1d,0,1791390733.1730816,1791390746.129082,12.956000328063965,44,241970,confirmed,
210,0x19fE9DF550739ca89c5f35e08E33CcE515d74503,node00,e71bb98f20eaebfcb5b58ee01d3671760c20b21c9f82385a68f2b3bd310e7dc4,0,1791390733.1790624,1791390748.9841478,15.80508542060852,45,241970,confirmed,
211,0x9Dc47Fd335273730deba757c4c6122C263EecbD0,node01,933d6bd9f8ed23222c1336276860e0f2241c57611f9616c10831f711c01652b0,0,1791390733.1846013,1791390750.050782,16.866180658340454,46,241970,confirmed,
212,0x3B5C0306c9cbF47d059179B04155E91FBE638b5e,node02,59221cd610cee228feb99e49230ce08c26e6a633f174ed2043d9c2eab5fa3f0b,0,1791390733.1859505,1791390752.2830908,19.097140312194824,47,241970,confirmed,
213,0x25ECD2F832DF61eb993cB2D3a821A69Ee4cE649A,node03,489c67909b8bae12d415dbc325560b5af60116dd5dcecb57abd1ed00907674ba,0,1791390733.1872911,1791390754.505909,21.318617820739746,48,241970,confirmed,
214,0xd98871cDedFAb85d0d952A18eD045E607f2452e9,node04,4e8ec6b9697a97f1821d7d2bfe0b8b610f211907ea99be042e3ab61461d892b2,0,1791390733.1892014,1791390756.735395,23.546193599700928,49,241970,confirmed,
215,0x9A4834cDBCC476310Fa0ca316C8e8852023ACC70,node05,9b144a7fdf3c1bd7a0516a82b066a87a4fc519c3362633b0e578a6f3ccff8a94,0,1791390733.19364,1791390758.2555385,25.061898469924927,50,241970,confirmed,
216,0x909B3bca94682F0d579d1580169a62c9bE821104,node06,2d53a9b96cffdaeed76ed62c786803295c298bb0eb8cbc035876c2daa7686bfe,0,1791390733.196296,1791390760.3009706,27.104674577713013,51,241970,confirmed,
217,0x7AEc51973B0998F8277293119B95c2931eaa75AA,node07,963cb0b694cdcc68404ca53e04172097ade246103c3619f5c990e1034e459a58,0,1791390733.198097,1791390761.896288,28.698190927505493,52,241970,confirmed,
218,0x49beeBa72Fe825CeBBdABFA81Cfb93b16903cF99,node08,11cceca380d67dccad291734506af9e972bff1406c668e748a7504e2919259f9,0,1791390733.1989036,1791390763.802364,30.603460550308228,53,241970,confirmed,
219,0xa19E6Ff829626FE274deB862B6f8F73069a9a314,node09,ae592f0b1ba4afacbc38d338b191b03af16401b707c5122f670e381138d93599,0,1791390733.2015893,1791390737.374053,4.172463655471802,39,241970,confirmed,
220,0x11bb72fF024591b54e56Bb4c68dcDF026A6255fa,node10,bb2d90836c9aab7a025582769433c010543ef58c6b200f1d41a496f592250107,0,1791390733.2037814,1791390739.443972,6.240190744400024,40,241970,confirmed,
221,0x00B07f7D67198D9d7BA983Da4cC051c41286ca97,node11,9c8c6a94558a19d17309a57837d4670257c902e94768868bc7b5bf8ff9e471d1,0,1791390733.205929,1791390741.1583288,7.952399730682373,41,241970,confirmed,
222,0xcA7663474c57c9024f3B141F3A355E17877bD221,node12,a07b0e7d1eab12a1473e0451c39e62579ca13ab11cd87ad83ae8c3f8fb29bfd2,0,1791390733.210349,1791390742.7343113,9.523962259292603,42,241970,confirmed,
223,0x1024b130959aA37424D9Ef110e493fFfFE2A03C2,node13,4301f641693b94c5f7747718b5c8f96aa84ec1afe98c193595bc2919355a0ef0,0,1791390733.2120094,1791390744.8922513,11.680241823196411,43,241970,confirmed,
224,0x5e88eA8F391b302cA1C121F7E6652B78b93a1323,node14,2aa5d470abd2191635497296ca4817453a17a2e7f776af1d31f7ec61e96f7552,0,1791390733.2197719,1791390746.3502805,13.130508661270142,44,241970,confirmed,
225,0x755C27b3e66Efc37f1462551587b0E270dF8B645,node00,b4fa055826ea78e947a6679919e6ef2069cf6289ae759ccb68d810f617e70726,0,1791390733.22047,1791390748.8176959,15.597225904464722,45,241970,confirmed,
226,0x4F0bF3EBcF799142dEcD99B48dB9e40A468C1f9A,node01,ea8f9d08dbbd7030555c7114ffaa056691ea1a780f9b0fef16efb15a8896f0c4,0,1791390733.2239127,1791390750.088818,16.86490535736084,46,241970,confirmed,
227,0x10D91a2cc65f9362C8D8bBa9AAd36172f0c10d10,node02,a36d172cb6c20d23a7f084a5c66e0af4aeacdea8f2b12b29fca6b8c76d05264d,0,1791390733.2250092,1791390752.6653578,19.440348625183105,47,241970,confirmed,
228,0xc0B2Abb00A349F6D02ce11Ef2d1c751716dF6ca1,node03,e3e1a12c4568e6f5c5e9768b29164184f8be036ca29049b717690a8745db886b,0,1791390733.2281685,1791390754.7938154,21.56564688682556,48,241970,confirmed,
229,0x733B436d6342bb99E04e4051516F40dF4fAA6706,node04,e8eba37bea99bb19b10aaec1574c177e3b3a28e5a91b594c9447dd4bb8c04c17,0,1791390733.2307642,1791390757.1614532,23.930689096450806,49,241970,confirmed,
230,0xe36b11FE8e66E3A3998c0deC7E33419d4641445B,node05,364e704c38f3b114580e3c12bfe434f62a56d847dd9d187eeff58e7e3e1f8e35,0,1791390733.233813,1791390758.4411988,25.207385778427124,50,241970,confirmed,
231,0x00b8A52D267410C85988b7a04c3cFFDEBaaE27a9,node06,1700cc38b66569b898feb4c7f8adfca2bd6b63ab9e741a8e6ea4ecd565565617,0,1791390733.235992,1791390760.5162842,27.28029227256775,51,241970,confirmed,
232,0xd0e3034c345e66A37278D866314bf1e58d3b59Dd,node07,b76400723c500318d516b2b67a9cd3f3881725e860ca8a99b9dde55e8d4e7719,0,1791390733.238335,1791390761.895026,28.656691074371338,52,241970,confirmed,
233,0xd001cA5EF9e841D05959D575Bc00903Fe0c4CB24,node08,6d38ebaa49376b55e2fd48acc7440ffcb11248da18949d5f3cd50d497aa075d5,0,1791390733.243507,1791390763.7873435,30.54383659362793,53,241970,confirmed,
234,0xAD5FAE92B824712A1Df53909596528CaBaEf1b17,node09,1eb134d463132da72cbabe6f2384466d3e7087da06782abb6a1a8129d82a21c9,0,1791390733.2470772,1791390737.4880335,4.2409563064575195,39,241970,confirmed,
235,0x4A178265e1575b7687B4507fA096F562636c19D0,node10,c0c5311da42491e38b1dc90bed93b520df18a7df28828e4b29e1d3c47381259a,0,1791390733.2500916,1791390739.5430968,6.2930052280426025,40,241970,confirmed,
236,0x4C352bdA470110BC46eaDeb92b76a12933B52a6D,node11,83db9f1e6cff124244bbce79ba5629e4f8f265655af884f7f73d4a86ff5b9f78,0,1791390733.2583618,1791390741.2379522,7.97959041595459,41,241970,confirmed,
237,0x8EEd60D7e219109e4Fd9A270c8Da4317d9044Fd9,node12,dd6a4f5672fe9724fff53cc70aee7956d15db57147aea629d4f56d2ca88d7d17,0,1791390733.2609127,1791390743.1580675,9.897154808044434,42,241970,confirmed,
238,0x0d92De7EC6A7a0dC1C4Cb1Cc63Ad0cA3E7D78a0E,node13,63942d5fcf05c5412efcdbdbb75d0d9df6acdde817c9578d1351ae590fcea2c8,0,1791390733.262777,1791390745.213421,11.95064401626587,43,241970,confirmed,
239,0xdAD5AFD8423c51258AfB5Ba90D962da652b9FF92,node14,69ec99f8a86c1d6458948b4fce8b2dc9fcb385b7f4a5bdb0694725f0aa30d6a9,0,1791390733.2655787,1791390746.190673,12.925094366073608,44,241970,confirmed,
240,0x3382cc6dC7E70923C4A9Dd7862c18434bE8e73BF,node00,6c3af91dce7e72c4034016c8c2569a88befedf04f7bc7ed8813b7bd94bf61a8a,0,1791390733.2679849,1791390748.9821427,15.714157819747925,45,241970,confirmed,
241,0xE6Ec882B7bb167C5858ED4A5f4C9AE6a7ef6b620,node01,86d7d7456c51300d29a015e7e1bf6c481fe152e7176cf1f317ad2b6721513621,0,1791390733.2694085,1791390750.120589,16.85118055343628,46,241970,confirmed,
242,0xf5052BD0a9D63E701a4999E63abE08cb1B4667ae,node02,ea90ce5572c5afd30a4aa68c0ef7fbd31167fed1b7c031d87a1f78447b5433ff,0,1791390733.281252,1791390752.710571,19.429319143295288,47,241970,confirmed,
243,0x314A910555aBB93AE6f02a9e24A56bFE224a9923,node03,ad5c08729264b86e0b46f7f3a3f6a7d5f3f8dca13ba49823f519fa3b815938c7,0,1791390733.2866964,1791390754.7552047,21.46850824356079,48,241970,confirmed,
244,0x4F82DB84f543d817E3dA69b8dce4014053A32295,node04,d91fc4cea9bb2954624220795abd00427c6bac15408a00b5e4eb7ee5c5688f05,0,1791390733.2883878,1791390756.8869379,23.59855008125305,49,241970,confirmed,
245,0x0B3f4f3816d9A6189f542DC04d13839517CE3fEd,node05,325e21b1debdfd1c94f0033dfb0ea93b3707e9d278ee08b7a7fec788f7b2d402,0,1791390733.2903411,1791390758.298631,25.00828981399536,50,241970,confirmed,
246,0x055DBe9426FF554524C414BC04D05CC45e69a936,node06,4ed8c3f302ddfbe57ef2e708504db47d4dc72472eb2f48c5330dcb30c0768dab,0,1791390733.2985036,1791390760.3231156,27.024611949920654,51,241970,confirmed,
247,0x31f27B6857f2aB4d0AF134eFE4ecD01C552cbbbb,node07,a1fcd58862b9af9d70a194b2a9758673ccd72b54b30715a6df068c0e3dcb8d67,0,1791390733.3014338,1791390761.9458568,28.644423007965088,52,241970,confirmed,
248,0x6306CFB0C8f38Fa9Ad73AF60DEd3FEa56d505238,node08,d0c099aa4416326f6b8e9e337c2abd4b4c2397ed13b59a92923073783e39044d,0,1791390733.304335,1791390763.7977,30.493364810943604,53,241970,confirmed,
249,0x6bB7cA5FfD09f85bd84d5362654151decE21B854,node09,05fbcbc419d349c319630d89113be38eeb6bb3176287378dd8be2b9676fdec8f,0,1791390733.3074298,1791390737.4496443,4.14221453666687,39,241970,confirmed,
250,0xC76354be41876ACf52F11e74d79330073B6d0b28,node10,f9b413ccbd3ca03a3e4a3cae5ddd25f61d9e1ad6efd3f691eb9852208893485b,0,1791390733.3085983,1791390739.6093254,6.300727128982544,40,241970,confirmed,
251,0x86a58d88BAb7392E0d20aD836c64c747eB765850,node11,1b6938d32f61f78508070891562e79510676d7a6aa2f310c76cb2104b45f7491,0,1791390733.3096561,1791390741.3302848,8.020628690719604,41,241970,confirmed,
252,0x56fbB7BE905dbe664402875989551b249Bb4BE20,node12,6822a97ea1d8a8604c880c54e1d2d3c9aac329336558fea94bad4b25ae8c90aa,0,1791390733.3120832,1791390743.0265887,9.714505434036255,42,241970,confirmed,
253,0x52670acd0Cc918Ee2D44c889F8757179f00dA48c,node13,93d1979f44d21aeaf0b25db6ffec1647afb5234d86bea1e36c71131853cf7b71,0,1791390733.3140345,1791390744.9491096,11.635075092315674,43,241970,confirmed,
254,0x864892dBA3CFb80E97aa704dF6FCF8c5201D787C,node14,c05dc9b36b9fc75c97e7be625868935e753dc251aedd70d145c831f50a24f84c,0,1791390733.3198512,1791390746.1943982,12.874547004699707,44,241970,confirmed,
255,0x27939B03FEEe5A55b8EE416d378D12e57b8407B5,node00,310fc83029ee8566056f9838a6f0dd606e657e36117fb25e241e7016b10802a2,0,1791390733.3249648,1791390748.9108078,15.585843086242676,45,241970,confirmed,
256,0xD80698C8FaE20e55EEC9C0d7c84D28e584Ce5a1C,node01,2c22c736d99de971138fd3b9b19f3e641c828d0fda74610d4ae8c97df36072c8,0,1791390733.3281333,1791390750.0644195,16.736286163330078,46,241970,confirmed,
257,0x60e882264ad6C15bc4d75c5a50cb0A32445126ee,node02,beb5cc420c58746ac315c251812b23dcd5b4291c4c17541f20a48e56e7344cd7,0,1791390733.3314815,1791390752.6703348,19.338853359222412,47,241970,confirmed,
258,0x64496F3e35C66b9cc8e0cD96B21F46c4Da232bCb,node03,6e6c8842a4ac6c45009cebb73a2c910c9c891968c1bec1c80cd1039719f03cbe,0,1791390733.3350313,1791390754.7968955,21.461864233016968,48,241970,confirmed,
259,0x5Ba969f5cEB4C72ceAC6C391434afe5D2Fd1EAef,node04,fd11bf7de09ff497d7192df367810053f924deb90c66934d72b78dc55a50cf44,0,1791390733.336807,1791390756.9856346,23.64882755279541,49,241970,confirmed,
260,0x38ebd4aA79184Bc95E53365A11Ee26463dE931fA,node05,f809d54e318a764e0301c4e9116548c35742ae4ce1dd7c2e2415ed7b8f534a9b,0,1791390733.340675,1791390758.39537,25.054694890975952,50,241970,confirmed,
261,0x4e8982a11Ffd86Ea4a32Be773E9E13F79998e39b,node06,53b5fca9620861f395a3b7b02c9064a15c5b39c8127dbd04f32ff4e86942a851,0,1791390733.3416493,1791390760.383635,27.041985750198364,51,241970,confirmed,
262,0xc514590FdE750Afc56E3EF448a0e1F6C9Deb181c,node07,a281ff3694a717a26aa85136a10e8a30d94e3b489da577f37d62e84206257585,0,1791390733.343608,1791390761.915564,28.571956157684326,52,241970,confirmed,
263,0xD1C365a20dabFcf0fF1a4D2Ca6C7f93A647d7cC0,node08,0aabc63c73499369c0023c7614b947bb6291e424658a162e3cea474a5f9f08ec,0,1791390733.3452792,1791390763.8077497,30.462470531463623,53,241970,confirmed,
264,0x7B10F86A29C244cFFf1bBD9797803327D60472Dd,node09,86adb4f03e39cfe51ebcd82b5c606b3e10f08cba825d8c2b5e7d93794959ab7b,0,1791390733.346644,1791390737.5981598,4.251515865325928,39,241970,confirmed,
265,0xdb624a685b9E08Dc29b2a3d6886790359F5eE607,node10,4671bdc7fac0f2d96bca711ba0da182d5444f2a9edb9ec37cd8490e2f39b66ce,0,1791390733.3483756,1791390739.6263788,6.278003215789795,40,241970,confirmed,
266,0x72e8B3213B059bb364150724945808e077e66594,node11,605604a127fb103f698bc86621918d06a192dd98164ca70a273105c78ae7c33e,0,1791390733.3522716,1791390741.2449682,7.8926966190338135,41,241970,confirmed,
267,0x57483738f9C1EE86d06Cd89D0b08B0350aAC5eB7,node12,d56794bc35477e3fa7cf30c99fe12e7caa1bb505746fd3024f3fce757ffb699e,0,1791390733.3551068,1791390742.9238367,9.568729877471924,42,241970,confirmed,
268,0x6F2070092F126242f55e4B4586308143eAbC1367,node13,84ef17a907cbafa0c875b435561c7c2aed96afd1292ab5e95ca42e3c591bdee0,0,1791390733.3572178,1791390745.374348,12.017130136489868,43,241970,confirmed,
269,0x6DAC4b1d410d2CEb85cA10cE1925FDea8d2F8786,node14,a5a906943316704e588e3e190fd11fecb09804fffff05023f42d41188f43ad46,0,1791390733.3620665,1791390746.282029,12.919962406158447,44,241970,confirmed,
270,0xF83e5534C1c3B90C0943362F9cd7c51e84F4D665,node00,aa9781da573a9e0cc507c9a2b4102bf6a99a153e45576b24771cb03a70c59120,0,1791390733.3628335,1791390748.9516692,15.588835716247559,45,241970,confirmed,
271,0x032A3eb8690652e8fD9815bbF588b3F5c7d2d8A1,node01,ac172d856e94a0ec275c0878c5aed5c27def317b306101d5becc2f2ef4b3b227,0,1791390733.365878,1791390750.10991,16.74403190612793,46,241970,confirmed,
272,0x47c735B31ded3Fe1D9D2295A04592a3bBcd6375D,node02,21bdff430099251296fe58a6cf86b9969c820655fd30b7fb5bdb40677bc2529e,0,1791390733.3695533,1791390752.3665352,18.996981859207153,47,241970,confirmed,
273,0x0e9e2A3d5EA1388D99f283cBb8f6502fb5008822,node03,a81cf94453d8a84c5b0a7d074350c002b2e5c29a91b85d6bea01032c80515b68,0,1791390733.371098,1791390754.7818263,21.410728216171265,48,241970,confirmed,
274,0xF9FE3da278752861008E0863538a009390c25602,node04,213043d2d70732dba8e23a1cf72eb2ff92535271c685a766bc28571e9cfaa8d2,0,1791390733.3743944,1791390756.946106,23.571711540222168,49,241970,confirmed,
275,0x8f1dE19099Fb82c39043Da25C1dA7449cE115B03,node05,aa91cae4fbd59982bc9f3ee9a96e54cccf62748639f381709bec11b74054b15b,0,1791390733.3768537,1791390758.4321308,25.055277109146118,50,241970,confirmed,
276,0x13A75e3Db0bF94f403c628b6d89B88150e306E92,node06,03f7b9210f0531f30aa2f87adb0c42a102b03b998549351b7513521a113b8767,0,1791390733.3799202,1791390760.304629,26.9247088432312,51,241970,confirmed,
277,0x2052947a346F10A1091FD1A3A36Fe7076a8ebE28,node07,01d55aaef8fdf8489487fddb6041e64ac6c5671f8d4024c17bec1f50bb5a992d,0,1791390733.3817966,1791390761.8926427,28.51084613800049,52,241970,confirmed,
278,0xcfA2AB78C6F445Ef79c68E5D731d99154E1DBD27,node08,64af660c9b323d4f0e6a430b515bf70f4bb6cda7eceae806b1a6e50974235bff,0,1791390733.3852465,1791390763.8352516,30.450005054473877,53,241970,confirmed,
279,0xe46662Bd813437a143Bec666C50c4749dA5558c7,node09,a5956044b9fbde3bcf684600887760f3d71aaf9cf14ca0ae852055ec0289c8ee,0,1791390733.394548,1791390737.4270854,4.032537460327148,39,241970,confirmed,
280,0x35249bd57f594552cb019A7Cbd4989fD2D9c9A16,node10,d29e779177e74b49d8c0c1c57b3dcf2a8b41bc54c346de8e019b511895eff7b1,0,1791390733.3960557,1791390739.6335616,6.237505912780762,40,241970,confirmed,
281,0xF413078D644bD0BE3E449eDCf3147feC724f9b34,node11,59d3cbb7a3c8e559704d452221df8c999ce4ae8c910956d730f41f44959bdd26,0,1791390733.3970506,1791390741.2579682,7.860917568206787,41,241970,confirmed,
282,0x1E759eD5aC76fddD4bde47a5d86a354bb36501B4,node12,fdeaaaf13c0e6b9a09b90d11dab252b38ded263a3c036b7b4222df4224568289,0,1791390733.4013047,1791390743.0114264,9.610121726989746,42,241970,confirmed,
283,0xc676F5DF300f72163E92f2de3ACc0b3335072162,node13,79d37f15b8ed59445a74e4298159ea5adc15db865ac5ef13d02c6286b4180e54,0,1791390733.403078,1791390745.3864317,11.983353614807129,43,241970,confirmed,
284,0x7c383955E04d60349e1BD676CD8917ba467FAEca,node14,efe3b96528b2f6badeb34fdbef70f7f54ec828a4994d47cbed04071b91337483,0,1791390733.4046836,1791390746.2292979,12.82461428642273,44,241970,confirmed,
285,0x79D5A41dD6e4023ef36505aEcEC1713A9bfd254d,node00,8c96d2f323ff88c92a57fd9a6a583bfad68961d5298f5ce08bb5ca23d1c7e3ff,0,1791390733.408332,1791390749.1229465,15.714614391326904,45,241970,confirmed,
286,0x7a9C64c44a1D2b459bf125FC55411Ae2fFc9d5cD,node01,66740f78c9177f1f97ae83a3b7c525065507aac534f3dc5fd89582be8a056d14,0,1791390733.4100752,1791390750.061982,16.651906728744507,46,241970,confirmed,
287,0x51034396d360860395cffD2a3923B32c3DbAf35C,node02,a29db8aa1a1bf43e1ae4a0d58fa74a5516bc52b730d86d36bbc9440fd54baba4,0,1791390733.4118702,1791390752.503821,19.09195065498352,47,241970,confirmed,
288,0x566a561bdEC3665BA785d743d28e4A6b6874A6AE,node03,fc692cf76dc2a86c8795742081c83eaedb4e9f2ecd60b1dd47c03d83d7cb63c6,0,1791390733.4152768,1791390754.7591667,21.343889951705933,48,241970,confirmed,
289,0x02ddb98bA7dcC326B61531a281729969F46b92a5,node04,529ab0ef1217d129052bcfc6dc557d3aa935a5414a9157ef5d26c154dcc8abde,0,1791390733.417539,1791390756.8413002,23.42376136779785,49,241970,confirmed,
290,0x95C23A427581D5a29072B1F21a5e2f7Bb0b6C3Df,node05,c19ad9cdef1f2e757faf7a9e9e4e00d6ff493a4008eca8e77b3ea25ef0e8e870,0,1791390733.4206285,1791390758.3576484,24.93701982498169,50,241970,confirmed,
291,0x27c874cdED47846699c770B2ff47E645569577Be,node06,3fde018a54b0687b4919adab5934620eec74a7b6e17b11e4da6cdb6c1f915a55,0,1791390733.421997,1791390760.392853,26.970855951309204,51,241970,confirmed,
292,0xf98d2B9fb7EE878bE60D43f65A55E1BE0c3DbE61,node07,6d0c8e200ba900c637d4dbab2855659db81381b6b7e84f54c39b6ee2f64499b1,0,1791390733.4250183,1791390761.984504,28.55948567390442,52,241970,confirmed,
293,0x3830F2721839f44A65d6196539088FE099e8d519,node08,2a06ae0f965f43d55b06a4ee7fc3a8701151f77440f55ffeb55a4632cacb0bc5,0,1791390733.4265485,1791390763.8357828,30.409234285354614,53,241970,confirmed,
294,0x6B8D0c4Cc3A596c59a93e571fa2940Cc9Fa34E03,node09,f9768a09e302237db596955b2edf49c8e24fb5e70e4eae93522d473523782d15,0,1791390733.4292965,1791390737.4761508,4.046854257583618,39,241970,confirmed,
295,0x4Bd1Cf1AFa12EaC4302a0381dbE3e92CCA372006,node10,f87713734c6d9153b1e48347e40672b1753bb3fdeb7ee3b8418b4ba5832e2ad5,0,1791390733.4317353,1791390739.584078,6.152342796325684,40,241970,confirmed,
296,0xE4ceD6Abc51075e4f560FdFcb04453CB017d2c27,node11,5ed88c795a85c103f60d9df964797c7e649fefca77dd623313aa40cf749a82c5,0,1791390733.4353774,1791390741.4179788,7.9826014041900635,41,241970,confirmed,
297,0x395f88eA7079CA5f2bB5c5ea6676eD377988b163,node12,67bcda489e10f31a2842cee65ee3d3173c5192b456ecfb1dcf18e4188d036a4b,0,1791390733.4373405,1791390743.3531687,9.915828227996826,42,241970,confirmed,
298,0x2B3926040e38d09F87362d4D844Fa045605c6192,node13,8baa211d20a5592d0ce66c56b9b4efccf148fa790b930e42d559b43b37fffcd1,0,1791390733.4398353,1791390745.0017278,11.56189250946045,43,241970,confirmed,
299,0x276d96e19084C4C5Bdae8F211d073CFE49A18e8b,node14,930cdac2e9a392ffdadc1b91840d479bfeae55091f96150e5c614357635b71d1,0,1791390733.440484,1791390746.3310132,12.890529155731201,44,241970,confirmed,
300,0xe00aAD5335E81e4d0f8FCe069447686fF8cC34d5,node00,e2d3c3bbcc42a6dbfe936bff0c2a91e6f3aba0ea6f3c7b1acf735080421a1f4a,0,1791390733.4470866,1791390749.1183746,15.671288013458252,45,241970,confirmed,
301,0xe698574a10C554d0A969f862CacF43fBac5e0713,node01,7be1c5a8ee85de9eca0c929f4527145acd9c32fe71e5dce67f07b78d07ac9992,0,1791390733.4486525,1791390750.226997,16.77834439277649,46,241970,confirmed,
302,0x2788792F76afc5b796BD647599F57f4725349c53,node02,80d35059f22784dd93d8f5136d941ff2a0c41444545bac278829af49454e8161,0,1791390733.4520319,1791390752.7659895,19.313957691192627,47,241970,confirmed,
303,0x82781c5C8aB682Ab76388BE98AB16C0E703b84C4,node03,8dcf7ad2b66644434d64af85dab037b7d5ef3d697a59c2c8191bb6a508726334,0,1791390733.455888,1791390754.6901007,21.234212636947632,48,241970,confirmed,
304,0x63786479D254214abcf1aC60EF78EcE6Be26FE97,node04,64d2eed553a295a153be0d0329a7b3c322b8e4cae18844b20ed52b42d274b4a7,0,1791390733.4589803,1791390756.8846948,23.42571449279785,49,241970,confirmed,
305,0x6879512D099bE936cb43B4890541AbD36BbB97da,node05,27a76782f8e1b9aeef9b47d0ab7db6d8966f6cdbd30d5c6ff03a1d7857301967,0,1791390733.463675,1791390758.5809226,25.117247581481934,50,241970,confirmed,
306,0x660E1Dc15CED7D257522821f493E558c58A652eC,node06,37180250694fad6b6bcb453e336fd1df009973ec7f84e479ca1fc94119fd09e4,0,1791390733.4888096,1791390760.3535664,26.86475682258606,51,241970,confirmed,
307,0x3466Ab427C3C43e2E3586a848dF856221bF67983,node07,346463edcffe964d3083dcaa12a7ae81152715c6e5816a8a9ab5bc5780d8274b,0,1791390733.495119,1791390761.9043608,28.409241676330566,52,241970,confirmed,
308,0xb533bf3FC29FF065Ab97eD70bB8aAA4108D92761,node08,74c5f5c2dfa058192af1e06666d48131eb31c3b68dc5a70d987312e3629ed619,0,1791390733.4970624,1791390763.8197088,30.322646379470825,53,241970,confirmed,
309,0x46766D77825d0F775Bcd0aC9885A0ACeFC6E1ef0,node09,d8231d0f5b66283772985e77ba25e0a2bad542c0ba4624c974625f45573664fc,0,1791390733.4981086,1791390737.6040359,4.105927228927612,39,241970,confirmed,
310,0x6064ADb247A03ff8E2f5122A959C36EA21082Bc8,node10,94febf66160032601a3f238349ef860b6c694fc8023beda25aedae91a92f2f6f,0,1791390733.5003483,1791390739.7975423,6.297194004058838,40,241970,confirmed,
311,0x8e2d6DcaC599F71da9019af4E056FF798f5A72cb,node11,1859159bf3cb5f40177e8ee9ce149e0615eaf0252604e3fc5823a768cf7f86d4,0,1791390733.5013666,1791390741.3444693,7.843102693557739,41,241970,confirmed,
312,0x8fEA89B191ec4e7e561639fEde60FeeA1d1F4E59,node12,0860e1b41488285c29abc435730db95737d0e0eb7ec1f454afc7810e8d54754f,0,1791390733.5032065,1791390743.2637284,9.76052188873291,42,241970,confirmed,
313,0xdcc30D18F663D3694F89468508DF2A867498331c,node13,0009b672ccbac6068a4e3a44afae33918bdbc7265d0e1cf70f261ac9488a2bdb,0,1791390733.5054011,1791390744.9183073,11.412906169891357,43,241970,confirmed,
314,0x81E20e840bc89c18B151FDb3FB5BC89ca8d628f4,node14,e24c2b785b3a63a83b12f97674261e58e42ca7049b5601daab1d2ca53f29213e,0,1791390733.5078223,1791390746.3825462,12.8747239112854,44,241970,confirmed,
315,0x6B978749B98452d973B94fa839e92822929fd203,node00,3d58338e796d42785c61298c4a28417aa80451f8dd6907ceece931b3a0fa11e8,0,1791390733.5106304,1791390749.3515728,15.8409423828125,45,241970,confirmed,
316,0xDD61716bD1D61A1ba137a304E616D453f7675FE1,node01,3cab932d2144b1acda09e1a5e8fbb4a9354f1eb2d998ffee0fbea87d45c1c2c3,0,1791390733.5128655,1791390750.19592,16.683054447174072,46,241970,confirmed,
317,0x408E2Cf6F52e30C8312e845f53B68499f706ACA8,node02,86d750c216905c7193a1d2cd73e4afcecf4bebad024dcc110a36ec266993a9bf,0,1791390733.5166733,1791390752.5497134,19.033040046691895,47,241970,confirmed,
318,0x9Ce0e5b2A25e07AB8Fdd7DAaCa0e34C98f2ca787,node03,19474f40d3611639ec1519f2afe4ccb646fb317ab473b07bff9d541f85eb7dfe,0,1791390733.5200486,1791390754.8833663,21.363317728042603,48,241970,confirmed,
319,0x4A87ae4462B0cd6c0cE3794B9A9bEB0c45F88009,node04,ecf57e9a9bf2e2c5b3dc34cc53a5d610081439a6928963c325c9625bc3a8cbc2,0,1791390733.52099,1791390757.2176833,23.696693420410156,49,241970,confirmed,
320,0x4a69Def690E6f10E38a28E2C96F296b06eA91aAC,node05,c16815d26fa52df69173b97220a11fad3bb139a04bc288f30caa8d8501ca2ebc,0,1791390733.525781,1791390758.4462972,24.9205162525177,50,241970,confirmed,
321,0x0764D5E592905A563ac48F1D31b77d653e78b42D,node06,c250d55bd39d4c219a3ce556fb3bdd60275bcb19f793c82e158400d063de1083,0,1791390733.527422,1791390760.3945673,26.8671452999115,51,241970,confirmed,
322,0xd8AC0aacbC821919ef32Fba24753d53bC9DB553A,node07,b07d11d52cff2745e6eaf3f77f1b600a739f1dd410aef8bc95f3e3d1136bc1f6,0,1791390733.5296903,1791390761.9691854,28.439495086669922,52,241970,confirmed,
323,0xAD0991838306eAF7467F87e1974df9326EEC76f8,node08,7b4de8d926f163f0c04f499fc2fa062c324fa4cf9d4c11cb0611721d499d37ba,0,1791390733.5323408,1791390763.8060308,30.27368998527527,53,241970,confirmed,
324,0xb829a9C8C2fe691f219c8eAc65331636F9122aB3,node09,5dd4810ffebf5bd4325d66518944df73a774b03b4c8416477eca579a04469bb0,0,1791390733.5365071,1791390737.6855834,4.149076223373413,39,241970,confirmed,
325,0xE2d328741B9f988574f2Ff3b2874d797ccA60415,node10,66058368c754508cb50a7fcd66ef4457e72c6e0d55682e56bad359475b42cc9f,0,1791390733.5389152,1791390739.7338355,6.194920301437378,40,241970,confirmed,
326,0xbF234fB9Fe8472d5c509b1ae56Ef71Ce6E5A09F1,node11,ae5442f5f87ad8b5fd24d42c2bad841a2a88d24ef869f684dd9e23da01fb4fe5,0,1791390733.5417025,1791390741.3628824,7.8211798667907715,41,241970,confirmed,
327,0x8140B6a6eBCF941d2024C1C81713850E91Fdb19d,node12,61638fe0f47bbd0af17ed475bb7a98ec6846b6e1c962d6acfabedb6be46a0ced,0,1791390733.5448923,1791390743.2659354,9.721043109893799,42,241970,confirmed,
328,0xBa2183dBCf193b167439CebD766e5112bfb50893,node13,6f99eeec7f1a4a7601e28cb4eb000018a8e5707805256306042feebdba316abc,0,1791390733.5460477,1791390745.4776254,11.931577682495117,43,241970,confirmed,
329,0x088f74CE1cF177844C10751fd3E7dCF05398A5a7,node14,a5b5981c71f8d5eb5b7c7f15bc0e1799ff904af683c35879b53aed36ffdbdaa8,0,1791390733.546686,1791390746.6169083,13.0702223777771,44,241970,confirmed,
330,0xf832149C45F2A600a51D1D919f9Eed4b03b335E5,node00,4229955b4229b1dd5b4939d05b9dccd26618cbdb745532ad145b0e66129b1868,0,1791390733.548873,1791390749.299847,15.75097393989563,45,241970,confirmed,
331,0x238D9702D3EcED840a22D89D04063EfcE52D138c,node01,9fcb1ba6d38a77d296c3781be2136cbe8d7350b08bd82c5eec4c321f40a71834,0,1791390733.5531752,1791390750.2856865,16.732511281967163,46,241970,confirmed,
332,0x524e020c7CCe5f033e62D55f99a40a272999E8C7,node02,0a46e25dd8f5564a917e9626e67b9e95489aa7b7c78804b4245b7508bdeab3e7,0,1791390733.5560544,1791390752.8704329,19.31437849998474,47,241970,confirmed,
333,0x07e9b4Eb8732e0cfD97867d01aE9311f33E58548,node03,d5472f9b9be2ff1f38396401aafaa8308e71ecb6808e108bf20a03de65e2b6f4,0,1791390733.559214,1791390754.870976,21.3117618560791,48,241970,confirmed,
334,0x1a304bAa5de079d2AC330987E4e7cf1E729241BB,node04,a50397701d942fdc43f2121023bd403d38f9d20fdf7dcd897322c60cfe2c1355,0,1791390733.5606456,1791390756.9500937,23.389448165893555,49,241970,confirmed,
335,0x6D154Bf0ae7eAA116ff45b5de19eb692Bc30d6eE,node05,76cfe17ac096423bc018df2227a4cd4611008a06899de0255173c3bbdd56fbc2,0,1791390733.563568,1791390758.5400074,24.976439237594604,50,241970,confirmed,
336,0x8f4b1D488962F2c6C9015a4c5c54619B1351F915,node06,03bdb414f851044f278f35d71401cc9969d5f7c0224c753df52932909119ec3a,0,1791390733.5645788,1791390760.5416718,26.9770929813385,51,241970,confirmed,
337,0xC8962417BfA02A5D1A9459dC3C369d6cEed19DBe,node07,22bfa5a87766f09eeab5999f384c4ead44b28102eb7fdaf51d2eb2482d165714,0,1791390733.5662796,1791390761.971633,28.405353307724,52,241970,confirmed,
338,0x0B8b0DDB158B2eD995F7EF7478ccEB810a3dAa2C,node08,f298883f3cce5607b085d7378d38b4c9f5972fcdc09b19e354cff75216fbf11a,0,1791390733.568006,1791390763.8526707,30.284664630889893,53,241970,confirmed,
339,0x95D5D43E8DC60D40d346Bf5f415784E0f38CA57A,node09,1c324a8ac0484ef56506d1b2c490b034829f3da80f084dde7fa7b10ea7051ff4,0,1791390733.571672,1791390737.8043199,4.232647895812988,39,241970,confirmed,
340,0xc6bC342A4763987FCf470213428CDf3F8bE68F18,node10,88e8649a1a4d8fddd5b7c00d704bdeef1287a9354a5761fa6cc58a2b625f4f2a,0,1791390733.5751321,1791390739.7237868,6.1486546993255615,40,241970,confirmed,
341,0x7AF16c616Fa5c97110dfe389C0eB52C465e666c9,node11,8d43a07e33e866e39c422cb9815d0b061dcbdbcd378644a0fa3e2f75d0c61da4,0,1791390733.580073,1791390741.6452987,8.065225601196289,41,241970,confirmed,
342,0xd49775f46f2479D05027FaAe4Bc8C116749AFAaD,node12,afd1cd1d931ecd20834018976216819f2a59e03fc28c140e13969073158da181,0,1791390733.5824747,1791390743.3205118,9.738037109375,42,241970,confirmed,
343,0x24431B542fa7614Bf7f2884D16e46C63157a18fE,node13,1cd822e19aa5b8fc12cae0af96a666c561b2418be59e960bbc7911b1d6ee4088,0,1791390733.5839868,1791390745.200538,11.616551160812378,43,241970,confirmed,
344,0xF68f910cAe3EF0fc20De77C1b4f017072E91e41f,node14,f52dd71c557d98de5ddeb32ba00f93b989b63ba79efa7c631d24cc04a65cbdac,0,1791390733.5890832,1791390746.305613,12.716529846191406,44,241970,confirmed,
345,0x633e7C73e91720Bc6193f69588fcF1b9f0f61e4f,node00,75e6e85ff0961ed3b3e6aced8fd9cc688524cdbabd49d9e2877aaa8092de1d11,0,1791390733.5921044,1791390749.4408534,15.848748922348022,45,241970,confirmed,
346,0xEB37455aA686a89D81CEafc4Eb36ca692E5715eB,node01,a0a0146f5d80bdc895cd8c2ed44c33feba7a4772b9b442637410c1e3148b9856,0,1791390733.5929449,1791390750.1672626,16.574317693710327,46,241970,confirmed,
347,0x862DAAcC70d3026c18c03AFCfeF33F5F8EEEDf69,node02,415d8731fd0d656982d53e42e920ce7ac2068215c8b148d5b610075c2bd650b1,0,1791390733.5949187,1791390752.7321582,19.137239456176758,47,241970,confirmed,
348,0x49Cbb9951d9816E2D1246EA50C7B0C677221141C,node03,6f79086f4ece3199b791f5d4d7e9a65e352240c8dac014628cf68b753d51167f,0,1791390733.5967917,1791390755.008145,21.41135334968567,48,241970,confirmed,
349,0x39e292877b83Ef4045083a7b9D65789a38A7633E,node04,ff65c8dc140a746eba9a5f11f299c6c2cca438fff126805e5cdb26404d2e2a3f,0,1791390733.5989826,1791390757.2462344,23.647251844406128,49,241970,confirmed,
350,0x5ceb30b0a0564BfAaee88ba4701C55bB5051999b,node05,2c7f6b495021971ab01905a5afde450b1f8ad3a5571e7ee8b7b3b71c40921cf1,0,1791390733.6083395,1791390758.5293372,24.920997619628906,50,241970,confirmed,
351,0x61781080cc50dB9634B171534F910a2cA1f98Cdd,node06,81033fbd3f85210e79f0b1580dbf82f845684ca97e9341270b1fcb78b01ba5fe,0,1791390733.6126568,1791390760.3665004,26.753843545913696,51,241970,confirmed,
352,0x2A04a3eCFBaed4956E310A0b4bEf498bF7846421,node07,3d650cf0a03c539c57d0c58eb5b012a20df86dccafaf1204005b91978aa58db0,0,1791390733.615947,1791390761.932544,28.31659698486328,52,241970,confirmed,
353,0xED5908AD9b6ED48a97F96768A23891FCe4C6Bcd6,node08,006f0420ffc7925b5c3ed4ae087d654703b7780d43f1eaf9e3984b8caf353717,0,1791390733.6220222,1791390763.84044,30.21841788291931,53,241970,confirmed,
354,0xDA91087B5d424BF1a95a7f900F5388BaaACd7c77,node09,207b9129771e1eeb04da902d89368cb026088073324c71380cee8343b317711a,0,1791390733.6228094,1791390737.700345,4.077535629272461,39,241970,confirmed,
355,0x49F851e188ed43c2Bc9c65Cf637EF9f19484fe34,node10,e0c24af46c9664ad5f38b5b092f7f724b0a6e1fbd4d5e60608999cfadb2d3bf6,0,1791390733.62463,1791390739.845334,6.220704078674316,40,241970,confirmed,
356,0xb20b974E555f36D7CFd0f73A1c6c95D5E011626b,node11,0dac8fcc6dd07e0cbe9884ffe3da3373427ea5994213e065e4f060d62b054ef4,0,1791390733.6268642,1791390741.6033275,7.976463317871094,41,241970,confirmed,
357,0xad577991D64E10e13b75775154F28580Aa65E3E1,node12,6a4aa860d9da887409a6c2cf2cf52876c16936d5ecf511006a172f0f99fea779,0,1791390733.628681,1791390743.4760816,9.847400665283203,42,241970,confirmed,
358,0x27675c3F1dB1285154E2cEafF035770f083f65E7,node13,6ae2d89c0dfb10074034fb647c4afd7210635f7662df3cf049a9eb3fd75ebfdc,0,1791390733.6301677,1791390745.1866004,11.556432723999023,43,241970,confirmed,
359,0x660b465083bcA494a4F47ef5Fb0763937D72ff93,node14,1ef24222842b75240f6f68b93ac2d8c2f828dd3d9193700e100f665433901de9,0,1791390733.6312664,1791390746.5725043,12.941237926483154,44,241970,confirmed,
360,0xfFc7C5Fc4138798d8e69301bBC359F78d215e36A,node00,759fa09072c53ddbf3bd30e97bd8ce4c7f7989b0effb1e407eb58f842bbb8d36,0,1791390733.6327538,1791390749.1041322,15.471378326416016,45,241970,confirmed,
361,0x6090830D65573c4D70cAf22e754224e0e438Bb05,node01,7ee40e3af7d8921336ae393b5909912f7da1d7b9e796f315d1f3f3c047f4d7cf,0,1791390733.6354609,1791390750.3816962,16.746235370635986,46,241970,confirmed,
362,0xd97eB607E074D176EbDa1F6B188b69dD326B8D70,node02,fc1cd00eb5a74567a3af8f901d2f0be532b3181d9d73cbc4a25d1adb921cede3,0,1791390733.6371827,1791390752.8418987,19.204715967178345,47,241970,confirmed,
363,0xEa8171cedD467d782014B1B375039D400744A20b,node03,29d3e9aead7c5b4ef1411f886ed387d51bb10e8c024fe4b4c37414ebb24cae8f,0,1791390733.6397524,1791390754.932607,21.29285454750061,48,241970,confirmed,
364,0xa5f7762568a4303Eae6F81Ba6Af8049003916F4F,node04,c0cfc74002a94966195f7f5053cb62b3181ecbde891830ae6a60c5adfee53355,0,1791390733.6439936,1791390757.0084357,23.364442110061646,49,241970,confirmed,
365,0x65e978b56b4a9ef30C6709Ed737e1f8198534731,node05,7a4f70d6589ba44676d49b86386c4936dd50fd9ab153b2ffec392e5aa48104c5,0,1791390733.6456573,1791390758.4984002,24.852742910385132,50,241970,confirmed,
366,0x2022Ebbe9695C99e1F3668546BDA673841c16E9c,node06,934565f562721b406fcc08bc2df4d9c48badd2a4eab1acbdd7efb1b9fbcae5a9,0,1791390733.6470995,1791390760.4174638,26.77036428451538,51,241970,confirmed,
367,0xe9F940451a526Aaa0CEE724dB46c35861fA1068B,node07,ae05228bae2d585bf9147ddb07c9c485a164228a25eb43d3f27d0e612330858c,0,1791390733.649057,1791390761.9507415,28.301684617996216,52,241970,confirmed,
368,0x7CF5F1EfC980D177F55408ae16f1b682b3094c8F,node08,5dc7cfb30f0bbab758aea192638d08d2c923919491c7f9bedf2a8059be53072a,0,1791390733.6505089,1791390763.8488095,30.19830060005188,53,241970,confirmed,
369,0xe75e571D6E7d102d1B48448400082F55876Fb106,node09,9118d9f2830d17727cf62cf3fd3d9840e3a770a9f0a67acf9058c9a6a76d46e5,0,1791390733.651978,1791390737.7792747,4.127296686172485,39,241970,confirmed,
370,0x8b16e58e8E4e40180c9a59aE43613E855A6619fB,node10,d7a9a28de56ec60c10077d0fc1bd501666fc99ab2565999ac99c94c3e940f7ad,0,1791390733.6541069,1791390739.7809956,6.126888751983643,40,241970,confirmed,
371,0x57864aF60e9b3E8f14ACAA393E932d4380448b9f,node11,e83652655838438eba916b234dbb3d521f1d751904d0f555cf1750fee3374268,0,1791390733.6561084,1791390741.651865,7.99575662612915,41,241970,confirmed,
372,0x1D8A8b5e5b862E99fb16F11BF8993C7fa6452fac,node12,7754f330fd69a5ce266541e4d1456ec75b565416289b8e44531f2dffe374fbf8,0,1791390733.6572323,1791390743.4622054,9.804973125457764,42,241970,confirmed,
373,0x7c09Ae5561A2b5301AB944c1dBC0D79555bf17eE,node13,b5c5697969d8131ee3119723c910bb9e31a637f8ca2d34afc22525551e6d2e76,0,1791390733.660185,1791390745.1899257,11.529740571975708,43,241970,confirmed,
374,0x78BC0c1FA544B7838EBD9498D7653b511fbA87AF,node14,570e09604c88d3cbf6ab05fcc6d8cff75c7e0d0e291498a98297888259deeebb,0,1791390733.6622667,1791390746.5501196,12.887852907180786,44,241970,confirmed,
375,0x1e86eC34A3064Dd04380246A826a6a6A236569e2,node00,65739860bcada2c50fef474b7e247c7698f2c1501e38dcc895234fa785e5957d,0,1791390733.6647112,1791390749.2688496,15.604138374328613,45,241970,confirmed,
376,0x2FAE6BCD299ECf737097D97F85e4EBE35e1D03c9,node01,29449fa195ddacd3994342fbd16aaa124193a44e421fec0b5f87c96a0d6d36c4,0,1791390733.667513,1791390750.414633,16.747120141983032,46,241970,confirmed,
377,0x862CF3360635CCB72085aECae9cF21a628b8900d,node02,3335f9093444131b2ecb8746e5e8a8b9a0c0485fa11f71d7a0993aa96cba253a,0,1791390733.6690495,1791390752.8372009,19.168151378631592,47,241970,confirmed,
378,0x08A90B39Fb27D96BB6Caf82fE1e0849759c3961A,node03,b8a4064532e90a3b258dfaa0b9ee67773830923a4275bef222f8a67ffbe6fb94,0,1791390733.6710987,1791390755.2113836,21.540284872055054,48,241970,confirmed,
379,0xA5183E6f9E4870E7e73A83AaF3E7ea11c6064aA6,node04,0c61fe1410368e681d9145675d0398e17e7b691790f324e1bb409eb1803a16ac,0,1791390733.6726317,1791390757.1948655,23.522233724594116,49,241970,confirmed,
380,0x60603a1D7DcF2718FE5BeD0C4a49F904Ca9ba521,node05,93befd7b9f67e1826c73edb68f5c576aeab871c9a64e016d4f08bc0bba51b3c7,0,1791390733.6751611,1791390758.388369,24.713207960128784,50,241970,confirmed,
381,0xAf05b48f07C57141B1D81a0E93C1cb324b3682E4,node06,c8d55d95893988a3606853dbe8a5242b2c9f31c3fe047ab8941fd5fd1102396f,0,1791390733.6763113,1791390760.3693497,26.69303846359253,51,241970,confirmed,
382,0x22b8E592A09a5a819C3b3D7695717e4b8327b112,node07,2dfc7423186170d3e42bd32b431a765c77ac1ac57875c970f402edbf05a8ff4a,0,1791390733.6773803,1791390761.9542131,28.276832818984985,52,241970,confirmed,
383,0xB6162b9C3b37bfD05D527E28cf66cfB8368A6815,node08,6b871baa7937d400c302f1c25a91c25082709a40b3f8daa5984310760f60f962,0,1791390733.6807268,1791390763.823196,30.14246916770935,53,241970,confirmed,
384,0x497F3d6A01c2a0900E6a35b8544ECC621BC7166E,node09,7d7f9223bd6d787e91cfcdb5594141de1fd54e541648d9f20b5558d242da4312,0,1791390733.6822534,1791390737.7621894,4.0799360275268555,39,241970,confirmed,
385,0xaDE6145c942cD996f8C155feb80f3B97754c5651,node10,c3ed074a542ab820bc154bcb5573dd18da58f869bb4f078d2ed818b42042c4f0,0,1791390733.6837404,1791390739.9098089,6.226068496704102,40,241970,confirmed,
386,0x4E8A96a4864aA5960A79b8804755153509FACaCc,node11,32c90731c2439e69ba2fafb9203ff24a8f75604029909f9ae44931fbfe1ab1dd,0,1791390733.6858761,1791390741.4790738,7.7931976318359375,41,241970,confirmed,
387,0x740E6c07501E8e05bd8c9D939e0B7eC9C8550e71,node12,e755e11b9d1fc89bc3c052f47f07f03033b262b079c605ef386818b5588fe467,0,1791390733.6892118,1791390743.4152327,9.726020812988281,42,241970,confirmed,
388,0x7b84e9a0f0F4AaEbe5CA7798A9678fC66A79ECED,node13,16c64021e2d84c2f42a73607a85398117b43ba82c4b1f0c82bef620851d7d18d,0,1791390733.6901903,1791390745.2528043,11.56261396408081,43,241970,confirmed,
389,0x51365D3CE87c1cc21F12018B5c4d58F85d1435dA,node14,6e14f287424125bc5994222b33657ae965bfa8031544f6c944af1a9ff5c94c38,0,1791390733.6928802,1791390746.4890492,12.79616904258728,44,241970,confirmed,
390,0x287662174489666e7D9Aa506fB05A39d915Ab8a5,node00,1f2acc5185fb32dacbf5d781d737ee7a695cb2281f492e1d3a69252bc6efe6f0,0,1791390733.6942072,1791390749.2480838,15.553876638412476,45,241970,confirmed,
391,0xcD5669AdfABEd2477F8dD5ac6c435DDF484A84d6,node01,70b7bab33aa376be0d2723a062aebfdf3b16673cf42fb29874e82d118641f0eb,0,1791390733.6967807,1791390750.35546,16.658679246902466,46,241970,confirmed,
392,0x9b53571955d083954f743ad0ada3E1D8263F9b1F,node02,1f3b009b8126239af7c94091b61c6447dfaeb707dd84ed104baf14a962d4564a,0,1791390733.7003264,1791390752.9521267,19.251800298690796,47,241970,confirmed,
393,0x6d18D59f15124D3836b9f0832a7CD2C67A18679a,node03,85e9396002c8216c07956d22b4decf6e7c18381e5084151794f047cf06f875cc,0,1791390733.7047129,1791390755.130376,21.425663232803345,48,241970,confirmed,
394,0x319C462821292E1df111f60240F0D7d6a09De33b,node04,b7165eb3ec72d446f747fca417f6370a07ad32d891511f75ffe9332b704cc14f,0,1791390733.706667,1791390757.0472755,23.340608596801758,49,241970,confirmed,
395,0x406E269710aFe5104B98AE48045586601a1a2B25,node05,0acc3d539138cfe7126416305df124ada2babf589be10e426f80af7c07a8aa84,0,1791390733.710485,1791390758.4335294,24.723044395446777,50,241970,confirmed,
396,0x1F1449E5e8093899Ac0eEA44f47570FcAC4fBaee,node06,bfb8cb708eb6e39fffe3b408bc375c1b5363a1f1a41fd87aa192800ec59b2029,0,1791390733.712855,1791390760.5561433,26.84328818321228,51,241970,confirmed,
397,0xb746A816c2D2De9d4B2689681A2d9e78CB9a50c5,node07,91c6206646bff321f55826e73deb302f6698a1cf85cb3a4911c743170263ec6d,0,1791390733.7149098,1791390761.9729815,28.258071660995483,52,241970,confirmed,
398,0xA846db8e1228811750FEEe53d648C88f5278EA4D,node08,9a9c480ede92ca10121a53b9224413521bbefefdc2e03ac2f6539b013f93fd8e,0,1791390733.7177067,1791390763.8213606,30.10365390777588,53,241970,confirmed,
399,0x36C71f68AdF58E43c843aaf3beE89dAdb93104E0,node09,596e932c695104d7a92093e18676bd5a669cfc3f711360b2237e55abaff0de9b,0,1791390733.7200358,1791390737.7153118,3.9952759742736816,39,241970,confirmed,
400,0x9C5aa4aDa59408cfF3B958cceaA2bC851E847d66,node10,c4b3e480cf980e351afeb7dc3e0c7af9ec82ea10b5f4afc5d35eb78e490bbd66,0,1791390733.721242,1791390739.994854,6.273612022399902,40,241970,confirmed,
401,0xdfa3c356EF782899DB2Ba8Db91c9f8652a61a45F,node11,505cd34324a55aae692c1d2108d8806aa322d023a79df34fd846db60b88ed5a5,0,1791390733.7236953,1791390741.7472236,8.023528337478638,41,241970,confirmed,
402,0x3E1e13f2ca634339b36C7E27Fd1C80448F3eBa8d,node12,e59a855d4b47b2f1f30e749da3297736a2fa7665a21bc34d6c3e094b327efd92,0,1791390733.7301674,1791390743.4539022,9.723734855651855,42,241970,confirmed,
403,0x9Ad022B459AD40b42e85605De8BFAc3a387A747f,node13,8ca2c1b1feefd2ee5b1293bc83f3e3357ae64f3ad7435d5812e192fe1d2833ce,0,1791390733.7334964,1791390745.2915106,11.558014154434204,43,241970,confirmed,
404,0xC06A7c59Ccce8886217e6D61A4bc854356D8091E,node14,6a5c47be02ae433b1564ee5c3ad0648c34070476f34e32762096b09218fa5177,0,1791390733.7410586,1791390746.670097,12.929038524627686,44,241970,confirmed,
405,0x76140EFF4FF9881D06129b160DC52203b2A91AD9,node00,915b481cd4431dc0b0c008a6c24123eadbe6f6f24e89a92ae9bf88303799a6fb,0,1791390733.7427232,1791390749.460288,15.717564821243286,45,241970,confirmed,
406,0xe7680d045994EDc78E6A53DB39585f4AC1641919,node01,bb90f08741f5dc04a291d91a01c44bb9979a21810cdd8941d465199b4a3d3831,0,1791390733.745481,1791390750.4064267,16.660945653915405,46,241970,confirmed,
407,0x9d341190Ec139A8DbdD320C1c35aB08e1790039a,node02,733bce5440ab0c407c724d14682eafafb63dd642232b7fde7bcfde2d9ade27fc,0,1791390733.7485812,1791390752.7697806,19.021199464797974,47,241970,confirmed,
408,0x557EfAc6d5b7653d881f10791a1559D343e65104,node03,9a16df40561e8eb2cd21d0260dba0417765eda40988b1e0bde67454b42aeda8c,0,1791390733.7519565,1791390755.1047642,21.352807760238647,48,241970,confirmed,
409,0x391A25e54ee4FB852D1101E12191d10C02Cc0DdE,node04,7860d03d843f98b687c971e5a5838a96e56ba7f0de20b61a6843902b85d33377,0,1791390733.7547708,1791390757.1448414,23.39007067680359,49,241970,confirmed,
410,0xFAC2CF9dBa1d2B294498C931804fcD8Da151843D,node05,54544177122a722f524cd8c973638eaa4847d9cf8cb2fcc478dc8d6776248458,0,1791390733.7586403,1791390758.5323722,24.77373194694519,50,241970,confirmed,
411,0xd0C180Adc8F4Ec7f18f377772615D63f81b8EA79,node06,7b233917870f4e337fd7ffca4f6f49cfcb0a6b40469c8b7d5ea4f7d356dd20fd,0,1791390733.7640374,1791390760.5381002,26.774062871932983,51,241970,confirmed,
412,0x84140a7130E2Adc757e9EdD507E71B059C509314,node07,49b9cf5619738f1d98fa24f0e51d471478ce32318de8dea4e2cd8999190b664a,0,1791390733.7654884,1791390761.9292216,28.16373324394226,52,241970,confirmed,
413,0x50CF4C4D52466DC740Ac3B2b6B0020d620e41B44,node08,e0121ffe2e124b381d082c021392d8acff9bcf3b38a856b950eba4032cbe20c5,0,1791390733.7685418,1791390763.8356082,30.067066431045532,53,241970,confirmed,
414,0x019fF817c5ef7cA30664EF1eb72Ee646C8C87305,node09,8042bdeadce44fd686c0e8334f35e1800c06ac583a4c78d74eae2a66039779cf,0,1791390733.7708912,1791390737.98519,4.214298725128174,39,241970,confirmed,
415,0xb4F012886Ab1C516a4551b54019434F9d53743b9,node10,eab00578915e959b435371fc0778c66b60cf5bb04e79620daf6fe1789ba690a7,0,1791390733.7718625,1791390737.9923065,4.220443964004517,40,241970,confirmed,
416,0xfD44AFdA74Ed7b4e35761a2a8961f2e55140B05d,node11,a8dead26ea0bac8a20a48de12fae6bb2055c60c07bab67367afdd32ddeb1b860,0,1791390733.772822,1791390741.723039,7.950217008590698,41,241970,confirmed,
417,0x95b95B640B6d9Cd64fa0F66c548435176BAbB4e4,node12,35eb903331129146511bbb00d78e76b6a5959e0605d23faa00dd9615be1eb08a,0,1791390733.7737756,1791390743.4751658,9.701390266418457,42,241970,confirmed,
418,0x5A7070D69cd9DCA258bB06642921f723c49Db036,node13,24e8698a16c4f0fd7c9ff69452e57be54a75142aafd908bec1b87c265c1f97bb,0,1791390733.7759316,1791390745.4440925,11.668160915374756,43,241970,confirmed,
419,0xdd3b403307C4CFC3F4a40A0ED521A5D0B6ddb6Da,node14,8494bd5eab25723b91cf33c29b0bd2eecdb97ab5932c705669f81648c56de829,0,1791390733.7797232,1791390746.4593506,12.679627418518066,44,241970,confirmed,
420,0xe866A99315B913534e2a7fD15Ab6Be0776139fe9,node00,e0f6155d59045e29887df26f65121d417be9d63793f996bd7fce58ae5662f34a,0,1791390733.7826145,1791390749.3155308,15.53291630744934,45,241970,confirmed,
421,0xf780a431ddBff408d3D198A5222Ec81f0E03052a,node01,87187493f6cfc00e6e3e13f3be176cec48ce456f0baaba0cef7ef8f17cb2d4b5,0,1791390733.7894633,1791390750.3882551,16.59879183769226,46,241970,confirmed,
422,0xA096fa055FEABF988Af6564f562248DA2dF72bd8,node02,17fe78dd367da12d3c7461cd1c550f90500ef5866959ff33cc48320aed256c4e,0,1791390733.7910938,1791390752.7920866,19.00099277496338,47,241970,confirmed,
423,0x70276899A44e1CcdD2AFD7e42CA513bF5C906183,node03,8565512966963ebbddcbc2a261ac20677deaa569dbb42788c2b7e21f22031a40,0,1791390733.7937446,1791390754.9734743,21.1797297000885,48,241970,confirmed,
424,0x6A3062C98eC796e4BDf7456d0AAc35F78cE8AdD1,node04,0f9b8bfe47cee3fb991a723f6c08ad3bf20f21a3fbc167e54bb1555d31e24397,0,1791390733.7966957,1791390757.1361778,23.339482069015503,49,241970,confirmed,
425,0xFd993c735e58ABC380BBC6C2C72725f412C6A78A,node05,9d20e84d8be3a347320e2e96ca257d9d6971a3657a59d29a97a76c7364bc9eb5,0,1791390733.7986803,1791390758.5316944,24.73301410675049,50,241970,confirmed,
426,0x34A76a0e9cDc22B80F3F7e0630F5A9dcE2D53a91,node06,6afd6af45ce516aee5641d5ba33fd47378a2fcea04e57d49cd5ab4b2864c5c05,0,1791390733.801777,1791390760.4615138,26.65973687171936,51,241970,confirmed,
427,0x7Cd1a178cb229BAbDAeb535453048Bf58FEe5E2f,node07,450511de8bd58d82efce17e58308aea23f5efffed1d681cd8fabb5612b7a000c,0,1791390733.807122,1791390761.97125,28.164128065109253,52,241970,confirmed,
428,0xF140a15044F85Cee0b02027cf81e4d6c7340EEf3,node08,79f7ece7a1b1b8788ca65fae854cbc2c7d66262c1e3aefe12572d575d22a3a9a,0,1791390733.8102713,1791390763.8246439,30.01437258720398,53,241970,confirmed,
429,0xEC5C5B7F0812049A9eDf77f278D9f5e5c0c6Cb6D,node09,0c776e961d7b4f182e22a31106b37a0e48de26135b351faefec316191b2d9cc3,0,1791390733.8114448,1791390737.8187747,4.007329940795898,39,241970,confirmed,
430,0x1251D487c5f026b17d0A9f422Fd2b91d9F00833e,node10,6ce9f9aa9ce64490363689d554811f91696142ffffd7d47ed2dbca4e02e8861e,0,1791390733.8171482,1791390739.8814664,6.0643181800842285,40,241970,confirmed,
431,0x386f57c375Baae70De20bA93965Ebe6047BE569a,node11,4c9e0ff2c25bd62ca9d2a58bbffd179a37f0916421a04f50f1e41ee04d699df7,0,1791390733.820346,1791390741.654059,7.833712816238403,41,241970,confirmed,
432,0x48E041E82972f47F43DA902BE59Fc4616b36F549,node12,7b5604c7c8fabfab48b9010dee53a9cf8635e03d3dcc9f355c1eb68a18e2087f,0,1791390733.8253865,1791390743.4429524,9.617565870285034,42,241970,confirmed,
433,0x3e1EeE068448152F631219f5A9A93f761842C8fd,node13,0fb39785a1474b0563743b0d6cb9537cb97eb98252cfddf0efd7b0753168e39c,0,1791390733.831928,1791390745.4863586,11.654430627822876,43,241970,confirmed,
434,0x014530682b60d7AFe18FAaAcaE12c88dad9F9Ea4,node14,c4c12f26dd95c03f939dcb6b7bc767105f5db8f349d67a6f423da0aaa24a4243,0,1791390733.8331144,1791390746.6533904,12.820276021957397,44,241970,confirmed,
435,0x5D2417770c6a5924604F1dDb25a4202d7DC5809d,node00,85db27409d4008f5f0ad3b606effa75861209486a58d8e69cfe4e5f2d102c3fc,0,1791390733.8366022,1791390749.4007616,15.564159393310547,45,241970,confirmed,
436,0x48e65D229a447cB7a2B3278457bc655B49f9129D,node01,d84470bf4075e1b1eae9bd1d3cb613badceb122b21022823ce15edf3f5406150,0,1791390733.8398833,1791390750.3395696,16.499686241149902,46,241970,confirmed,
437,0x1caC5463C5aE78d41e7E027f31b4cA09E5369936,node02,bf9a1666aacb75a66bafa7f6c132076f7a90f146d25b962059b7a78923d88f52,0,1791390733.8425004,1791390752.9196932,19.077192783355713,47,241970,confirmed,
438,0xFDA7C60e1A4fa1f66B68bac363B17684dC4D0a4F,node03,5d65f9824c8fa5440a5ca7afdbec09576458d0b247f5cad5fee6167902ba5931,0,1791390733.8435585,1791390755.1660593,21.322500705718994,48,241970,confirmed,
439,0x27E70F3AD415E2448D276E979a70DC062B017b16,node04,b7d5abf699b67daf750885369baf615f196c4ea0febed2d6e01134a70e161cfc,0,1791390733.8454514,1791390757.220774,23.375322580337524,49,241970,confirmed,
440,0x1dB08e67669fC86896d69cfDCb42457214205a4A,node05,0783fec40066054996f473547a7dca837e2a762a3c75f3ca239307cd10c89d54,0,1791390733.8491125,1791390758.5636141,24.71450161933899,50,241970,confirmed,
441,0xB3C4aCe77F8649d25D8817ADE8d53E1DDb608195,node06,aef47eb57a8816fdaac2499b11b5af6bff651f34d97a0ac0adec39540e48f57b,0,1791390733.8504472,1791390760.5662675,26.7158203125,51,241970,confirmed,
442,0xB3283F8ef04e267c0E0128E6e94dC34606A1abF2,node07,902d989c78fc8385d1503f3514df898e649009e4e121b270a44f3a6ab84ad475,0,1791390733.8536344,1791390761.974179,28.12054467201233,52,241970,confirmed,
443,0xB38Ad2db21f64D5AB0292d0E396Df83A3Eb8adE8,node08,46226b62de9250ae1663daf4225926798201db645d81a3a4ea57c1609c2bac73,0,1791390733.855542,1791390763.8285077,29.972965717315674,53,241970,confirmed,
444,0x028821621Ef29D9bB5075D20f3a6C8aEFCf90725,node09,f7d1a436cb556d4713645bf232233571381387b26b828417f74568540981dab8,0,1791390733.857963,1791390737.9343293,4.076366186141968,39,241970,confirmed,
445,0x57d2D992af74E2A1C75a5f6215c47ed0ED577c16,node10,586462b89e00136bef5ea2ee15e3b07d69087c019bdb87f241d1928115e03174,0,1791390733.8605015,1791390738.0025005,4.141999006271362,40,241970,confirmed,
446,0x04DB41D11b32676893c29eB8eEbdc492D415A4ac,node11,3b28ff64b901078cc6033f96d37a9947bf57a783c0dc49d6a1cb3a01ad3892ec,0,1791390733.8628125,1791390741.7249348,7.862122297286987,41,241970,confirmed,
447,0x37905c1D2324670Ae2B2B0aB7BB6F0035c902d08,node12,d2dea41b29378be4038f1dd6e69ea5feac231f3404ca58a90010ee05b524a29d,0,1791390733.86424,1791390743.4775705,9.613330602645874,42,241970,confirmed,
448,0x71AcB8aE77f591d0bB512de16be3635d1f5922a1,node13,483598766b896fe25ae3146ce5e705ea46c6c337735471a919cece818d3e52fb,0,1791390733.8735023,1791390745.4325316,11.559029340744019,43,241970,confirmed,
449,0x9c309Ba9C9FDdA53aa2E644c32aE4ac26cD60665,node14,0ecd8474e1982229408ff048e2026014c1b45521e8a1c193ac82d7f838edf0af,0,1791390733.8771749,1791390746.5805466,12.70337176322937,44,241970,confirmed,
450,0x5EBacC46c361Da7910ED71644fc0c69fe1F7d9eD,node00,9e72cea3bc3e785c7b7ad6363980ca483713abf12a8019f1acc15ed1aca9f94a,0,1791390733.8783293,1791390749.4696944,15.591365098953247,45,241970,confirmed,
451,0x0Bb8300A79cd195fde51eb0d52C5EC189C70Fd2F,node01,41ef30850f71372008d06c654cfb7c1471183761299f1b86d84eed5ae1ff0458,0,1791390733.8807516,1791390750.3679972,16.487245559692383,46,241970,confirmed,
452,0x54A9cbd514Ea91E4D0884018Ad5Ab4c648a9B6A9,node02,16b471ff31a3093d8b97c0022387c5cc70b4a1f5cafdb064d66d62aeb5241617,0,1791390733.8833272,1791390752.988319,19.104991674423218,47,241970,confirmed,
453,0xa3870E3043671df23e619728089653b9979B003F,node03,dc173dc8274d1418513d17652467ddc3f8b2e314878b033dc245668ae44ad46f,0,1791390733.8874378,1791390755.2226734,21.335235595703125,48,241970,confirmed,
454,0xb3F960B8e07a0C831D5Cc5eFB4272B116a57A643,node04,811f018319a140a4a54abb288ae9dbfddf8a7ddea6877a18bf5ae018eca82a75,0,1791390733.8904955,1791390757.2063923,23.31589674949646,49,241970,confirmed,
455,0x1cF2eFf92ff3E9578D41bE1D2eA6b3c815A81679,node05,fd7ca04a1cbeb18a262c00b2b22093907cc7ddd122fdbda9934ce43729693ff8,0,1791390733.8913043,1791390758.5674152,24.676110982894897,50,241970,confirmed,
456,0x2E75309B8C195014E6975a66fbB26CDBD0a4FFCA,node06,d1e1fedb9ac8f59778cd896e9b4aa2f30fddcc1394de428919406ba95a5e5c22,0,1791390733.8938558,1791390760.5615156,26.667659759521484,51,241970,confirmed,
457,0xf6576fdaC3D7dAd29257CcC0610e8446599A1462,node07,a9339a353492e9f8aac337e6a4b7301f01e1925c907085634acd2cac71de4abd,0,1791390733.8986037,1791390761.9841952,28.085591554641724,52,241970,confirmed,
458,0x1b5c67D15EddA88F268EfC319a625b8eD9F79b2e,node08,686d299588792683d397f9fd41510671c51ebeacacddd5832443628b2b8d3212,0,1791390733.9021356,1791390763.8512459,29.94911026954651,53,241970,confirmed,
459,0x9C804C7603166059a89Be8b86d6ffa5f3a9508eF,node09,2dd4bbfc4f843d94428f6efc04f525783428019c64d1a65cc70da8a8de100dec,0,1791390733.9029813,1791390737.9655356,4.062554359436035,39,241970,confirmed,
460,0x5bf9b431131D1b30e9E84DEe6c76a4E65778D346,node10,d1a663277dfa644094f05e5a11867091d89ef671af58c2bc330549dc6cf2b54f,0,1791390733.9046235,1791390737.9943416,4.0897181034088135,40,241970,confirmed,
461,0x13F66a6ECa89598874ebe7FBd4E15ADc3E83fC78,node11,ade2c2af4da021d8227d190cec83b3993a4e0a1bcf8baf2019b1344f52012d58,0,1791390733.907732,1791390741.751257,7.843524932861328,41,241970,confirmed,
462,0xe9458F6866e1583a68B51CD7859d94DAbb42EeF2,node12,e706633507e692e02ea97189cb48588bdafb018566fa6dde127c1c8a66ac41b7,0,1791390733.9098399,1791390743.5516458,9.64180588722229,42,241970,confirmed,
463,0xa784917cc56936D1b9be4aC73aA1D9CaDc206E77,node13,f047f97a7894e6fe7670d776f719f371c4623c85143bb965dc33fe8009a301b5,0,1791390733.912878,1791390745.4816651,11.568787097930908,43,241970,confirmed,
464,0x23f5ed8DA45954Cf1e629CF095DED20cB83E34A8,node14,80299ff137382beb1ce7ae24794acdc1e901c19d7c49be5d1bbaadc88818e232,0,1791390733.9145448,1791390746.6969352,12.782390356063843,44,241970,confirmed,
465,0x1C3daca7048cC134Dd6089bB2a3E40E96Fc7949c,node00,f622adf8ae7abdcf677625e200e52670f4e7d99893c1981e80430b245890ec3a,0,1791390733.9163504,1791390749.4526904,15.53633999824524,45,241970,confirmed,
466,0xB2c6016033754216A19c5e195721999B34E5B7d1,node01,a8269b580cb7f56ab1c48970ba5ab017ad25d3f5dd0535f068e6493603dbaf93,0,1791390733.9190307,1791390750.4552386,16.536207914352417,46,241970,confirmed,
467,0xf7F20EB257998B7E9b2B856BAae9E812e7C80AA2,node02,83fd477caa5d918782c64d17f68315bed89d4837bf72ad2632820c93e706d803,0,1791390733.9232132,1791390752.894058,18.970844745635986,47,241970,confirmed,
468,0xb19861e660774202aB9f72e602073a2aebCfd886,node03,111516daee27dda401c4dc50f5a010d5aaf5ea301ccfabc2bfb3a8b630d210f2,0,1791390733.9252713,1791390755.2183304,21.29305911064148,48,241970,confirmed,
469,0x9508C79732CaaC87F4cf55745dF444e1F60679eC,node04,6b573f9c06d42df2120f518e5e6b9b91f1df3ee98d446af9808ccfedd1bf7438,0,1791390733.9262466,1791390757.2573838,23.33113718032837,49,241970,confirmed,
470,0x1829538E656624200c22F3e723c44585a4e21a8b,node05,9dce5cba12c8761a4ae39dae14bbf66a0fce120377481cec8450207b91272352,0,1791390733.9306905,1791390758.5058362,24.575145721435547,50,241970,confirmed,
471,0x7E0b40bbeb98d7586e76A00CdFdFB8B9afD1fD48,node06,eddc38b24c33fab7b1870713af5e981d351c90bdf999ed48140f689783f098d2,0,1791390733.9325223,1791390760.4978726,26.56535029411316,51,241970,confirmed,
472,0xd56FF2f75a74faeF3B9870F1A016CA1bA48B1132,node07,ff3845541ed5516a340c3ae4285dd5f50698559f56b80adc61e807c12b66d00c,0,1791390733.9347386,1791390761.989058,28.054319381713867,52,241970,confirmed,
473,0xCa685E283175F08D9d1282e9c411D11ED0f40E0a,node08,31a68b6dd17b13eb80faea82c244234ecfe93a6206128f5751c4f82dcef59939,0,1791390733.936006,1791390763.852116,29.916110038757324,53,241970,confirmed,
474,0xC7315bFFfEAc01bf283B2385d0798Eef586a1DB9,node09,4d607bee9c046fae7b92643d5ea430e55ad15d0edfa70f3f63987c712c1f9b7b,0,1791390733.9415703,1791390737.9779415,4.036371231079102,39,241970,confirmed,
475,0xADAd799FAf39a424a8cd62FDFF32E0C74922D8D7,node10,fa3cadbff238b96f06476a0c83e1acdc8b50c0dfb679a614937b012be01ae1f4,0,1791390733.9443161,1791390737.99475,4.050433874130249,40,241970,confirmed,
476,0xa5b4112eC0B08aA50dbfD72c2571717637fCDAA4,node11,959fcbdee6c59d8f87640e5bdd0d71d9dd0b4c6a6868428d8ceecf04a2ba7fcc,0,1791390733.946926,1791390740.0425963,6.095670223236084,41,241970,confirmed,
477,0x4C5573fc45b12bA664fC3302e38b30bb3B6e2F81,node12,483be9fe8949f4b66076c1f93e221d64f5e40c0be366b6b9dcf740f77b8cc479,0,1791390733.9486084,1791390743.563478,9.614869594573975,42,241970,confirmed,
478,0xc46691d4a2Bb6489c599A45c2a888a02252A9b61,node13,076d2cb9f76ba947ccceb7f49a970eb581dd9110a490f1e91dd40fec059bf7b2,0,1791390733.9500258,1791390745.4739525,11.523926734924316,43,241970,confirmed,
479,0x857cA080A4344502Db7D5b871CC0fDf6dFA4A1D8,node14,71005d42df1f32d43d4a386e6b19cb27f9abe66ed75a8344682a1136675437d4,0,1791390733.9580011,1791390746.6945496,12.73654842376709,44,241970,confirmed,
480,0xab7c3A96b63DDd89a43410E544ecB3F474eDf084,node00,76db346d01250be676c6f2046123dc10ebcf82fe6e38ccd80bacc5a947e3efa5,0,1791390733.959004,1791390749.4503405,15.491336584091187,45,241970,confirmed,
481,0x422FbB55E5777625A3b87F092910730A63f2ef65,node01,d3a8d2c3d4a1cf37403446febab385163b6f34d59f7e01330b0b982554053c21,0,1791390733.9628685,1791390750.4759638,16.513095378875732,46,241970,confirmed,
482,0x91D2c5dE0FD58E240cDd7a0be9016e8b6F0d36d1,node02,8f79ee7598d4140008b33b2940cda5aed6e39f6bdf2219dba5fb48bf3f548fee,0,1791390733.9668417,1791390752.9726224,19.005780696868896,47,241970,confirmed,
483,0x9DF9222bBD2ad65d6a78c0a0B5C1b8856F0A58Ff,node03,f262f8383baf34d6f52cb6412a9c840449bc5b0f0bdb2cf1f0f87bed10e605f2,0,1791390733.970604,1791390755.2068222,21.236218214035034,48,241970,confirmed,
484,0xBDd13acdA42e93Ca8D2B78D8e11193Fc7edC2a8A,node04,3302e66bc5362e97ddad5dc2a9ed3b0e70269f8a85331c8700583c2cca8100b5,0,1791390733.973226,1791390757.2073638,23.234137773513794,49,241970,confirmed,
485,0xA8eDa33FFe2e31587907E10b8d773B7462d803dD,node05,4936fb0c2c298e0fd8e7996df8c03055f2db3c9fcb952416938a9e5df36f36e9,0,1791390733.9774883,1791390758.5778341,24.600345849990845,50,241970,confirmed,
486,0x583A05A2EcAfE43130967B1F233E0Be3E8E40833,node06,3b3eddd084bf5ef21c96e66b7a19d909c6efcb8557e53de7544182688ae08b4a,0,1791390733.9810104,1791390760.5701978,26.589187383651733,51,241970,confirmed,
487,0x4884C955371615AD9047c993754d1020cf48B278,node07,5a2b998a5262c15dfda687f42d5cda5c586994ec8b7b3abbe28451c8b615ab49,0,1791390733.9840093,1791390761.9713962,27.98738694190979,52,241970,confirmed,
488,0xe41cEEEAE4F4e98C3870A1157311CFB2ED813ebF,node08,bd8e22f6f8c731d50b934a87250610c94e4f5066173806c9cf66d46b3d16444b,0,1791390733.9861834,1791390763.8397982,29.853614807128906,53,241970,confirmed,
489,0xc934cB71Ca45Ead9f19EBdd425484DB2F8907C5c,node09,e1f8ee3b62a7347b4b09b18ad5af8f9f9b47cf7ebb08dd54aef5c91522770459,0,1791390733.9879303,1791390737.9839168,3.9959864616394043,39,241970,confirmed,
490,0xC9b2D3bE8955Fcc0Ba2f45f3B90135abb64d65f3,node10,6b9bf310e95a14c0eadef8030aa7b03024518d302bc7a121e6d5c599ed893377,0,1791390733.9894743,1791390738.0063348,4.016860485076904,40,241970,confirmed,
491,0x71A43fd97f65ec0F04b93a3279C43579796b3d76,node11,3987c85dbaff5de393c3ead5b10f03736820b338080a4f2c41754ad90e74f699,0,1791390733.9950526,1791390740.0372944,6.042241811752319,41,241970,confirmed,
492,0x0fc971A4150aC8a3fa9cb830576a77A1aCCf932b,node12,db2a2840cab964fdc7956897f11e5bace163f6772703badd50f6c2c16260a979,0,1791390733.9962692,1791390743.5927742,9.596504926681519,42,241970,confirmed,
493,0x0d55dcBb4068C8E755bCAc1Bfed6e65faCAfE6F5,node13,ec090c4a3cd6b13532dfcb05f049f246547a86babc9b36a720dc6bc2d18822de,0,1791390734.0013733,1791390745.4857354,11.484362125396729,43,241970,confirmed,
494,0x036B8670dc0557128A146d0898a3C8c1A66F1B0A,node14,765a58cd73c9f3a736a1239a8757ff3e2feeb5a9d4ad02c4632bfb86783bd92b,0,1791390734.005479,1791390746.6772459,12.671766757965088,44,241970,confirmed,
495,0xd1e664A171b55F1d3ab643D16a946D2DFFa207D6,node00,81715760b5def97db277f1cb297a7a20b9543255ff13191177cde25f5da5ec4e,0,1791390734.0068212,1791390749.4728417,15.466020584106445,45,241970,confirmed,
496,0x89cbA9f0809434AB43949A9B52a01216b929f3C7,node01,a6c5a7c9cec2080b93ed5aa249c4b682b2eb0c554fa609d47bc862e2cd6a6749,0,1791390734.0134807,1791390750.4891334,16.47565269470215,46,241970,confirmed,
497,0xbaC1E1dFffB60bf0A0240Fa473706a5290139Fd5,node02,16924f6b514c0072dc3a5aba61cf203b7aaf02a840aa523793c3c7fed045d5d6,0,1791390734.014545,1791390752.9882205,18.97367548942566,47,241970,confirmed,
498,0x306A61A6c20b6f105332454dAfC7411aEF8DfB77,node03,f8774c2e0f4d95268170ad17217a507117932c211ee2d86cb2be9b60a1642d55,0,1791390734.0194247,1791390755.1727085,21.153283834457397,48,241970,confirmed,
499,0x36e1cD1Ee00182356300d286520943B8427274b5,node04,138996619b7315176d15a964bbb30535aabc68a9a3901b0684afae4bd6eb8737,0,1791390734.023389,1791390757.2637296,23.2403404712677,49,241970,confirmed,
500,0xd9c749728e5CEae573a592AF6ea7E3D10011c494,node05,7803dabd7d7a12fe900d7ec1e8144b3c7e4b6f461e7dbb3c17a9acbe89b0f280,0,1791390734.0246792,1791390758.5783114,24.553632259368896,50,241970,confirmed,
501,0x46D4D04336Fbe1606159382d7f5f656129Dbf42f,node06,f1122f2b13037fb64fbb91dcc7f5bf354ebbe2214cc4c184e145335795527f2f,0,1791390734.027958,1791390760.5602155,26.532257556915283,51,241970,confirmed,
502,0x5c3BE751FA64Bab01045Cc0522Bb63f79Ef8becE,node07,4a430808a7c3961ae35eaeef1da98ec9099ade693b37bc506dff97417cef7ea9,0,1791390734.031839,1791390761.984369,27.95253014564514,52,241970,confirmed,
503,0x8C847e09867A99A1F697609ae8489CAf2E5e91D4,node08,6601ad111257fee0a5bcba4d3bb26f1b498c8763f97a6bf1a36c0cbd007725c6,0,1791390734.0352623,1791390763.8411162,29.805853843688965,53,241970,confirmed,
504,0x4eE7f551e3397698621c69F9Ad1d30cfAd05F399,node09,b4e25e6ed05f487bf5e3ed1fd66fa3bb79fc72e03fff67c1f6dba6872b9875e2,0,1791390734.0374384,1791390738.0040033,3.966564893722534,39,241970,confirmed,
505,0x187Dd242AEFBa98CAe7AA5A796Ca89B37c0D7a91,node10,4b2ea33fca048afce46ea5285d27d3fd82c8d857185af082063208bfeeed63c2,0,1791390734.0395052,1791390738.0028317,3.9633264541625977,40,241970,confirmed,
506,0x632a9d43CEEFe7493EF2E3FbA2989fAC9A49af6d,node11,924e9101170c08fb375ccef8a71c934ae432a31f3012d18c0d640f8196158778,0,1791390734.043061,1791390740.055479,6.012418031692505,41,241970,confirmed,
507,0x354312453F17C4D745C135522e927AaF819D3973,node12,ff64ee89b1536595615b63ef514c8b76525d461210d8f941fe67605ce834b4af,0,1791390734.0446393,1791390743.5964506,9.551811218261719,42,241970,confirmed,
508,0x6824b8e6d79E1Be0E44018b1918FDb0D2Bb2e200,node13,dc8d0d63650f8479165731397ae5a80c314ec05575f2c073295b7aabad794802,0,1791390734.0468838,1791390745.4839709,11.437087059020996,43,241970,confirmed,
509,0x7ab9a85F473a8209b41aD24f0095831dC5655D0a,node14,95115a1e681972142dcba8431eacde2e5047b5ff1d0cdbe58f36ab86235250de,0,1791390734.0479834,1791390746.6770778,12.629094362258911,44,241970,confirmed,
510,0xDF340e1Ae151DbdB1774d55a1e0545f38A1EDA9c,node00,464b3d66b5f2b54a39a29327411bc34845182118c5f9be62d960db17e9a0059b,0,1791390734.0506012,1791390749.4769113,15.426310062408447,45,241970,confirmed,
511,0x3c3B22ec3a8Fb33C6E8536521BE426431b965eb9,node01,76c479e2e558a2d7bdef0bf2fcc14dc2d500bb92c597418039dfe4c393c992b5,0,1791390734.0549397,1791390750.4893808,16.434441089630127,46,241970,confirmed,
