[node03] network interface=eth0
[node03] tier=core applying P2P-only tc netem:  delay=10ms(+/-0ms) rate=100mbit loss=0%
[node03] tc rules applied:
qdisc htb 1: root refcnt 257 r2q 10 default 0x1 direct_packets_stat 0 direct_qlen 1000
qdisc netem 110: parent 1:10 limit 1000 delay 10ms
Setting logging level to INFO
2026-10-07 21:48:47.428+00:00 | main | INFO  | Besu | Starting Besu
2026-10-07 21:48:47.851+00:00 | main | WARN  | Besu | --graphql-http-host has been ignored because --graphql-http-enabled was not defined on the command line.
2026-10-07 21:48:47.987+00:00 | main | INFO  | Besu | Connecting to 0 static nodes.
2026-10-07 21:48:47.991+00:00 | main | INFO  | Besu | Forcing price bump for transaction replacement to 0, since min-gas-price is set to 0
2026-10-07 21:48:47.992+00:00 | main | WARN  | Besu | Forcing tx-pool-min-gas-price=0, since it cannot be greater than the value of min-gas-price
2026-10-07 21:48:48.425+00:00 | main | INFO  | Besu | 
####################################################################################################
#                                                                                                  #
# Besu version 24.7.0                                                                              #
#                                                                                                  #
# Configuration:                                                                                   #
# Network: Custom genesis file                                                                     #
# /config/genesis.json                                                                             #
# Network Id: 1337                                                                                 #
# Data storage: Bonsai                                                                             #
# Sync mode: Full                                                                                  #
# RPC HTTP APIs: ETH,QBFT,NET,ADMIN,WEB3                                                           #
# RPC HTTP port: 8545                                                                              #
# Using LAYERED transaction pool implementation                                                    #
# Using STACKED worldstate update mode                                                             #
# Limit trie logs enabled: retention: 512; prune window: 30000                                     #
#                                                                                                  #
# Host:                                                                                            #
# Java: openjdk-java-21                                                                            #
# Maximum heap size: 29.50 GB                                                                      #
# OS: linux-x86_64                                                                                 #
# glibc: 2.39                                                                                      #
# jemalloc: 5.3.0-0-g54eaed1d8b56b1aa528be3bdd1877e59c56fa90c                                      #
# Total memory: 1007.68 GB                                                                         #
# CPU cores: 256                                                                                   #
#                                                                                                  #
# Plugin Registration Summary:                                                                     #
# No plugins have been registered.                                                                 #
# TOTAL = 0 of 0 plugins successfully registered.                                                  #
#                                                                                                  #
####################################################################################################
2026-10-07 21:48:48.426+00:00 | main | INFO  | Besu | Security Module: localfile
2026-10-07 21:48:48.428+00:00 | main | INFO  | VersionMetadata | Lookup version metadata file in data directory: /data
2026-10-07 21:48:48.428+00:00 | main | INFO  | VersionMetadata | No version data detected. Writing Besu version 24.7.0 to metadata file
2026-10-07 21:48:48.537+00:00 | main | INFO  | Besu | Using the native implementation of alt bn128
2026-10-07 21:48:48.616+00:00 | main | INFO  | Besu | Using the native implementation of modexp
2026-10-07 21:48:48.616+00:00 | main | INFO  | Besu | Using the native implementation of the signature algorithm
2026-10-07 21:48:48.625+00:00 | main | INFO  | Besu | Using the native implementation of the blake2bf algorithm
2026-10-07 21:48:48.734+00:00 | main | INFO  | Besu | Forcing price bump for transaction replacement to 0, since min-gas-price is set to 0
2026-10-07 21:48:48.734+00:00 | main | WARN  | Besu | Forcing tx-pool-min-gas-price=0, since it cannot be greater than the value of min-gas-price
2026-10-07 21:48:48.737+00:00 | main | INFO  | KeyPairUtil | Attempting to load public key from /data/key.priv
2026-10-07 21:48:48.759+00:00 | main | INFO  | KeyPairUtil | Loaded public key 0xe4e2b3bf8826078bbfc2515f777a6de0190fae82ba0c8d6b4905e0e8b064fd8d75b10ad91c8c92477ac41c4f9610c9d4333a162e25268281bdf0eaf777048b28 from /data/key.priv
2026-10-07 21:48:48.924+00:00 | main | INFO  | ProtocolScheduleBuilder | Protocol schedule created with milestones: [Berlin:0]
2026-10-07 21:48:48.928+00:00 | main | INFO  | RocksDBKeyValueStorageFactory | No existing database at /data. Using default metadata for new db versionedStorageFormat=BaseVersionedStorageFormat{format=BONSAI, version=2}
2026-10-07 21:48:49.248+00:00 | main | INFO  | FlatDbStrategyProvider | Bonsai flat db mode found FULL
2026-10-07 21:48:49.252+00:00 | main | INFO  | FlatDbStrategyProvider | Bonsai db mode with code stored using code hash enabled = true
2026-10-07 21:48:49.263+00:00 | main | INFO  | FlatDbStrategyProvider | Bonsai flat db mode found FULL
2026-10-07 21:48:49.266+00:00 | main | INFO  | FlatDbStrategyProvider | Bonsai db mode with code stored using code hash enabled = true
2026-10-07 21:48:49.818+00:00 | main | INFO  | TransactionPoolFactory | Enabling transaction pool
2026-10-07 21:48:49.844+00:00 | main | INFO  | BesuControllerBuilder | TTD difficulty is not present, creating initial sync phase for PoW
2026-10-07 21:48:49.896+00:00 | main | INFO  | TrieLogPruner | Loading first 30000 trie logs from database...
2026-10-07 21:48:49.898+00:00 | main | INFO  | TrieLogPruner | Loaded 1 trie logs from database
2026-10-07 21:48:49.909+00:00 | main | INFO  | RunnerBuilder | Resolved 3 bootnodes.
2026-10-07 21:48:49.921+00:00 | main | INFO  | RunnerBuilder | Detecting NAT service.
2026-10-07 21:48:50.115+00:00 | main | INFO  | Runner | Starting external services ... 
2026-10-07 21:48:50.116+00:00 | main | INFO  | JsonRpcHttpService | Starting JSON-RPC service on 0.0.0.0:8545
2026-10-07 21:48:50.238+00:00 | vert.x-eventloop-thread-1 | INFO  | JsonRpcHttpService | JSON-RPC service started and listening on 0.0.0.0:8545
2026-10-07 21:48:50.240+00:00 | main | INFO  | WebSocketService | Starting Websocket service on 0.0.0.0:8546
2026-10-07 21:48:50.243+00:00 | vert.x-eventloop-thread-1 | INFO  | WebSocketService | Websocket service started and listening on 0.0.0.0:8546
2026-10-07 21:48:50.245+00:00 | main | INFO  | AutoTransactionLogBloomCachingService | Starting auto transaction log bloom caching service.
2026-10-07 21:48:50.246+00:00 | main | INFO  | LogBloomCacheMetadata | Lookup cache metadata file in data directory: /data/caches
2026-10-07 21:48:50.260+00:00 | main | INFO  | Runner | Starting Ethereum main loop ... 
2026-10-07 21:48:50.260+00:00 | main | INFO  | NatService | No NAT environment detected so no service could be started
2026-10-07 21:48:50.260+00:00 | main | INFO  | NetworkRunner | Starting Network.
2026-10-07 21:48:50.275+00:00 | nioEventLoopGroup-2-1 | INFO  | RlpxAgent | P2P RLPx agent started and listening on /[0:0:0:0:0:0:0:0]:30303.
2026-10-07 21:48:50.276+00:00 | main | INFO  | PeerDiscoveryAgent | Starting peer discovery agent on host=0.0.0.0, port=30303. IPv6 available.
2026-10-07 21:48:50.288+00:00 | vert.x-eventloop-thread-1 | INFO  | VertxPeerDiscoveryAgent | Started peer discovery agent successfully, on effective host=0:0:0:0:0:0:0:0%0 and port=30303
2026-10-07 21:48:50.290+00:00 | vert.x-eventloop-thread-1 | INFO  | PeerDiscoveryAgent | P2P peer discovery agent started and listening on /[0:0:0:0:0:0:0:0%0]:30303
2026-10-07 21:48:50.343+00:00 | vert.x-eventloop-thread-1 | INFO  | PeerDiscoveryAgent | Writing node record to disk. NodeRecord{seq=1, publicKey=0x02e4e2b3bf8826078bbfc2515f777a6de0190fae82ba0c8d6b4905e0e8b064fd8d, udpAddress=Optional[/0.0.0.0:30303], tcpAddress=Optional[/0.0.0.0:30303], asBase64=-Je4QMRgzpIHV3Ibq7yMjK-nBvR78V68kvViFDyzH3__VPXaEJT1ZsBcQ7f-1yo86OfzhB7DADqdIkTWZYqSU8m6NjcBg2V0aMfGhE9fk2OAgmlkgnY0gmlwhAAAAACJc2VjcDI1NmsxoQLk4rO_iCYHi7_CUV93em3gGQ-ugroMjWtJBeDosGT9jYN0Y3CCdl-DdWRwgnZf, nodeId=0x30a44696af4ea21f4c4a583c2995f3588967230b64d3d9399587496121c2573b, customFields={tcp=30303, udp=30303, ip=0x00000000, eth=[[0x4f5f9363, 0x]], id=V4, secp256k1=0x02e4e2b3bf8826078bbfc2515f777a6de0190fae82ba0c8d6b4905e0e8b064fd8d}}
2026-10-07 21:48:50.378+00:00 | main | INFO  | DefaultP2PNetwork | Enode URL enode://e4e2b3bf8826078bbfc2515f777a6de0190fae82ba0c8d6b4905e0e8b064fd8d75b10ad91c8c92477ac41c4f9610c9d4333a162e25268281bdf0eaf777048b28@0.0.0.0:30303
2026-10-07 21:48:50.378+00:00 | main | INFO  | DefaultP2PNetwork | Node address 0x2995f3588967230b64d3d9399587496121c2573b
2026-10-07 21:48:50.406+00:00 | main | INFO  | NetworkRunner | Supported capabilities: [eth/62, eth/63, eth/64, eth/65, eth/66, eth/67, eth/68], [istanbul/100], [snap/1]
2026-10-07 21:48:50.406+00:00 | main | INFO  | DefaultSynchronizer | Starting synchronizer.
2026-10-07 21:48:50.407+00:00 | main | INFO  | TransactionPoolFactory | Enabling transaction handling following initial sync
2026-10-07 21:48:50.408+00:00 | main | INFO  | QbftBesuControllerBuilder | Starting QBFT mining coordinator following initial sync
2026-10-07 21:48:50.420+00:00 | main | INFO  | FullSyncDownloader | Starting full sync.
2026-10-07 21:48:50.424+00:00 | main | INFO  | FullSyncTargetManager | Unable to find sync target. Currently checking 0 peers for usefulness
2026-10-07 21:48:50.435+00:00 | main | INFO  | Runner | Ethereum main loop is up.
2026-10-07 21:48:50.661+00:00 | nioEventLoopGroup-3-6 | INFO  | FullSyncTargetManager | Unable to find sync target. Currently checking 3 peers for usefulness
2026-10-07 21:48:54.786+00:00 | nioEventLoopGroup-3-9 | INFO  | FullSyncTargetManager | Unable to find sync target. Currently checking 4 peers for usefulness
2026-10-07 21:48:54.805+00:00 | nioEventLoopGroup-3-10 | INFO  | FullSyncTargetManager | Unable to find sync target. Currently checking 5 peers for usefulness
2026-10-07 21:48:59.784+00:00 | nioEventLoopGroup-3-1 | INFO  | FullSyncTargetManager | Unable to find sync target. Currently checking 6 peers for usefulness
2026-10-07 21:49:01.547+00:00 | nioEventLoopGroup-3-4 | INFO  | FullSyncTargetManager | Unable to find sync target. Currently checking 7 peers for usefulness
2026-10-07 21:49:03.817+00:00 | nioEventLoopGroup-3-6 | INFO  | FullSyncTargetManager | Unable to find sync target. Currently checking 8 peers for usefulness
2026-10-07 21:49:05.902+00:00 | nioEventLoopGroup-3-7 | INFO  | FullSyncTargetManager | Unable to find sync target. Currently checking 9 peers for usefulness
2026-10-07 21:49:08.315+00:00 | nioEventLoopGroup-3-9 | INFO  | FullSyncTargetManager | Unable to find sync target. Currently checking 10 peers for usefulness
2026-10-07 21:49:09.989+00:00 | nioEventLoopGroup-3-2 | INFO  | FullSyncTargetManager | Unable to find sync target. Currently checking 11 peers for usefulness
2026-10-07 21:49:11.422+00:00 | nioEventLoopGroup-3-4 | INFO  | FullSyncTargetManager | Unable to find sync target. Currently checking 12 peers for usefulness
2026-10-07 21:49:13.465+00:00 | BftProcessorExecutor-QBFT-0 | INFO  | QbftRound | Importing proposed block to chain. round=ConsensusRoundIdentifier{Sequence=1, Round=1}, hash=0x474e8a58f56608ccd724b0f3a33d330d47ab6d9b5b74c219d7ce396d0c004a8f
2026-10-07 21:49:13.487+00:00 | BftProcessorExecutor-QBFT-0 | INFO  | QbftBesuControllerBuilder | Imported #1 / 0 tx / 0 pending / 0 (0.0%) gas / (0x474e8a58f56608ccd724b0f3a33d330d47ab6d9b5b74c219d7ce396d0c004a8f)
2026-10-07 21:49:15.312+00:00 | BftProcessorExecutor-QBFT-0 | INFO  | QbftBesuControllerBuilder | Imported #2 / 0 tx / 0 pending / 0 (0.0%) gas / (0x8726f0761cfdf3256c3b270b2729752107c4e355203dabf952299086fbff970a)
2026-10-07 21:49:17.256+00:00 | BftProcessorExecutor-QBFT-0 | INFO  | QbftBesuControllerBuilder | Produced #3 / 0 tx / 0 pending / 0 (0.0%) gas / (0xaa8886c52ed1f715e5a82c115b4bad851963fdc56a163981ac1750c4fa4f4fa0)
2026-10-07 21:49:19.304+00:00 | BftProcessorExecutor-QBFT-0 | INFO  | QbftBesuControllerBuilder | Imported #4 / 0 tx / 1 pending / 0 (0.0%) gas / (0xe4feefaf855b94c1317a6eaf1eeb4abb5870c0546616fd01f50fd4fcd4588f48)
2026-10-07 21:49:21.280+00:00 | BftProcessorExecutor-QBFT-0 | INFO  | QbftBesuControllerBuilder | Imported #5 / 0 tx / 1 pending / 0 (0.0%) gas / (0x40fd544cc69020a89b5f76ddb64f4221ee15bf49ef5f8fde866ca2885baac114)
2026-10-07 21:49:23.380+00:00 | BftProcessorExecutor-QBFT-0 | INFO  | QbftBesuControllerBuilder | Imported #6 / 0 tx / 1 pending / 0 (0.0%) gas / (0xe4a222b33df4638fe5042ced8b47d7bf6c641aa5a7d191fc8270b8e72beb54df)
2026-10-07 21:49:25.356+00:00 | BftProcessorExecutor-QBFT-0 | INFO  | QbftBesuControllerBuilder | Imported #7 / 0 tx / 1 pending / 0 (0.0%) gas / (0xc65cd9b9fd04358375802f69d0d63861f9a17a83fc24df8a7044436cbee70cb7)
2026-10-07 21:49:27.344+00:00 | BftProcessorExecutor-QBFT-0 | INFO  | QbftBesuControllerBuilder | Imported #8 / 0 tx / 1 pending / 0 (0.0%) gas / (0x3eeade3463b9779dda2664e4a2fa43bb01870902dc2eae9bea2f2c30408b4f15)
2026-10-07 21:49:29.383+00:00 | BftProcessorExecutor-QBFT-0 | INFO  | QbftBesuControllerBuilder | Imported #9 / 0 tx / 1 pending / 0 (0.0%) gas / (0x429160b84ee5716f23257f77670ff764cbf5d912ea3b653c900b8370ed9c94e2)
2026-10-07 21:49:31.378+00:00 | BftProcessorExecutor-QBFT-0 | INFO  | QbftBesuControllerBuilder | Imported #10 / 0 tx / 1 pending / 0 (0.0%) gas / (0x3afdabf70042b21756a563a78f613c593567b8c197965f9569f24d837084cce2)
2026-10-07 21:49:33.419+00:00 | BftProcessorExecutor-QBFT-0 | INFO  | QbftBesuControllerBuilder | Imported #11 / 0 tx / 1 pending / 0 (0.0%) gas / (0x5cbd540cb4d1dbc5a878d9e9fba2529e3d63a2beb7585dee570ea3244b2066b1)
2026-10-07 21:49:35.605+00:00 | BftProcessorExecutor-QBFT-0 | INFO  | QbftBesuControllerBuilder | Imported #12 / 0 tx / 1 pending / 0 (0.0%) gas / (0x7af0fe97f99540f33df08f17e3a38ff5f5aa39f842814492089f07d96fc7458c)
2026-10-07 21:49:37.511+00:00 | BftProcessorExecutor-QBFT-0 | INFO  | QbftBesuControllerBuilder | Imported #13 / 0 tx / 1 pending / 0 (0.0%) gas / (0xbf77334f194a92ee122973a5fa5b57dd8ce9f52887234baebe283b20ed488b5d)
2026-10-07 21:49:39.564+00:00 | BftProcessorExecutor-QBFT-0 | INFO  | QbftBesuControllerBuilder | Imported #14 / 0 tx / 1 pending / 0 (0.0%) gas / (0x2e62de2a67f17a9f593eac805ef0fe2685f0a2d520f6ed89103cec05c43bf8f9)
2026-10-07 21:49:41.371+00:00 | BftProcessorExecutor-QBFT-0 | INFO  | QbftBesuControllerBuilder | Imported #15 / 1 tx / 0 pending / 465,218 (0.0%) gas / (0x1c465ccda8d7aab760fabb4295cc904d7de0888b348f276576c20decbef9707e)
2026-10-07 21:49:43.259+00:00 | BftProcessorExecutor-QBFT-0 | INFO  | QbftBesuControllerBuilder | Imported #16 / 0 tx / 1 pending / 0 (0.0%) gas / (0xe6b0b6c51f376ac46e52f1b96709a5dedf8ee9ebae08fbb47e06991e9d162706)
2026-10-07 21:49:45.262+00:00 | BftProcessorExecutor-QBFT-0 | INFO  | QbftBesuControllerBuilder | Imported #17 / 0 tx / 1 pending / 0 (0.0%) gas / (0xdd3b1c9e11c3b8d1c35bde4adcbe5e6db3df35a859cfe750a38f7d0b2a25ed9c)
2026-10-07 21:49:47.259+00:00 | EthScheduler-Workers-0 | INFO  | PersistBlockTask | Block 18 (0x1f3a31aa306d526002f183b2e9c048575893b4de57f716db6916bd7d43e1867b) is already imported
2026-10-07 21:49:47.259+00:00 | BftProcessorExecutor-QBFT-0 | INFO  | QbftBesuControllerBuilder | Produced #18 / 0 tx / 1 pending / 0 (0.0%) gas / (0x1f3a31aa306d526002f183b2e9c048575893b4de57f716db6916bd7d43e1867b)
2026-10-07 21:49:49.255+00:00 | BftProcessorExecutor-QBFT-0 | INFO  | QbftBesuControllerBuilder | Imported #19 / 0 tx / 1 pending / 0 (0.0%) gas / (0x26bc67045c1839819de610b6b2933209748bc8fb7f8f17d82ce344ba3c9a8c88)
2026-10-07 21:49:51.257+00:00 | BftProcessorExecutor-QBFT-0 | INFO  | QbftBesuControllerBuilder | Imported #20 / 0 tx / 1 pending / 0 (0.0%) gas / (0x883561309ab8d3b74ba16cea1e6331e23c0e7d113fe521b7aa3fcce31c679a81)
2026-10-07 21:49:53.341+00:00 | BftProcessorExecutor-QBFT-0 | INFO  | QbftBesuControllerBuilder | Imported #21 / 0 tx / 1 pending / 0 (0.0%) gas / (0x44f89050966de7fe4e9a5a4f72e929e58083d794e64972abdc83b6dfe3b5cf30)
2026-10-07 21:49:55.353+00:00 | BftProcessorExecutor-QBFT-0 | INFO  | QbftBesuControllerBuilder | Imported #22 / 0 tx / 1 pending / 0 (0.0%) gas / (0x622c0ec8b9139d2c8cb07e5a08587603ba4d09a11418c52bb9944ffc0bfad8bc)
2026-10-07 21:49:57.339+00:00 | BftProcessorExecutor-QBFT-0 | INFO  | QbftBesuControllerBuilder | Imported #23 / 0 tx / 1 pending / 0 (0.0%) gas / (0xa22c57a3f1b0470abce4321ea14dfaee7b4630f4666a4ab2f62e09ac7f012e75)
2026-10-07 21:49:59.324+00:00 | BftProcessorExecutor-QBFT-0 | INFO  | QbftBesuControllerBuilder | Imported #24 / 0 tx / 1 pending / 0 (0.0%) gas / (0xec2ff7f480c64027481c0629e5592c606d4bb6759686741c34cf0acf03b73bc4)
2026-10-07 21:50:01.326+00:00 | BftProcessorExecutor-QBFT-0 | INFO  | QbftBesuControllerBuilder | Imported #25 / 0 tx / 1 pending / 0 (0.0%) gas / (0xb01260b4d43adb24cc793f8fdc61e65009249d0146ba4d4e8ef9c524ae38afa2)
2026-10-07 21:50:03.330+00:00 | BftProcessorExecutor-QBFT-0 | INFO  | QbftBesuControllerBuilder | Imported #26 / 0 tx / 1 pending / 0 (0.0%) gas / (0x9c1d61cce98a1bcc29887bd9c3878196961c6b4c90ce583a4a05aab8465eca07)
2026-10-07 21:50:05.495+00:00 | EthScheduler-Workers-0 | INFO  | PersistBlockTask | Block 27 (0xd43c6153ff0bdf738ea4cd96086cf1dccb125cbab453aeca45ce1270cae388d9) is already imported
2026-10-07 21:50:05.495+00:00 | BftProcessorExecutor-QBFT-0 | INFO  | QbftBesuControllerBuilder | Imported #27 / 0 tx / 1 pending / 0 (0.0%) gas / (0xd43c6153ff0bdf738ea4cd96086cf1dccb125cbab453aeca45ce1270cae388d9)
2026-10-07 21:50:07.527+00:00 | BftProcessorExecutor-QBFT-0 | INFO  | QbftBesuControllerBuilder | Imported #28 / 0 tx / 1 pending / 0 (0.0%) gas / (0x66de69e6869e1f2339c700cb97d71b7c4cd8a7c98b0ee45a25e135b671f5a053)
2026-10-07 21:50:09.494+00:00 | EthScheduler-Workers-0 | INFO  | PersistBlockTask | Block 29 (0x86a4fbff1a7f6cfc976797a6096fac68dec0887d0ba53ebe1412825813f66f41) is already imported
2026-10-07 21:50:09.495+00:00 | BftProcessorExecutor-QBFT-0 | INFO  | QbftBesuControllerBuilder | Imported #29 / 0 tx / 1 pending / 0 (0.0%) gas / (0x86a4fbff1a7f6cfc976797a6096fac68dec0887d0ba53ebe1412825813f66f41)
2026-10-07 21:50:11.303+00:00 | BftProcessorExecutor-QBFT-0 | INFO  | QbftBesuControllerBuilder | Imported #30 / 1 tx / 0 pending / 1,832,981 (0.0%) gas / (0x4848460ebb6899ecc80677a8f22ff03d977977196b88f77eb5214c233b92cba8)
2026-10-07 21:50:13.256+00:00 | BftProcessorExecutor-QBFT-0 | INFO  | QbftBesuControllerBuilder | Imported #31 / 0 tx / 0 pending / 0 (0.0%) gas / (0x4a9e33d9722c79be3eba4bd076eeb75a4713a794012630b12fea5147fd3c7de9)
2026-10-07 21:50:15.266+00:00 | BftProcessorExecutor-QBFT-0 | INFO  | QbftBesuControllerBuilder | Imported #32 / 0 tx / 0 pending / 0 (0.0%) gas / (0xd33e99e7942f48808bf0a08dcf929f73bd849588cadd65b53a3c2e77dd3aab91)
2026-10-07 21:50:15.266+00:00 | EthScheduler-Workers-0 | INFO  | PersistBlockTask | Block 32 (0xd33e99e7942f48808bf0a08dcf929f73bd849588cadd65b53a3c2e77dd3aab91) is already imported
2026-10-07 21:50:17.258+00:00 | BftProcessorExecutor-QBFT-0 | INFO  | QbftBesuControllerBuilder | Produced #33 / 0 tx / 0 pending / 0 (0.0%) gas / (0xd2c69940086ad94c823619eaf912b31337cbce3f2599b0075ce2626e53369337)
2026-10-07 21:50:19.259+00:00 | BftProcessorExecutor-QBFT-0 | INFO  | QbftBesuControllerBuilder | Imported #34 / 0 tx / 0 pending / 0 (0.0%) gas / (0x942721bd0ea10f07fd5128b99ef18299cd3793a3ddf868e7d95b59b5f4ee1d86)
2026-10-07 21:50:21.264+00:00 | BftProcessorExecutor-QBFT-0 | INFO  | QbftBesuControllerBuilder | Imported #35 / 0 tx / 0 pending / 0 (0.0%) gas / (0x0c9373527ff53a6359b8ae3ab8b42d4d2966e38aa3b2bc7b3459eea88f471d7c)
2026-10-07 21:50:23.322+00:00 | BftProcessorExecutor-QBFT-0 | INFO  | QbftBesuControllerBuilder | Imported #36 / 0 tx / 0 pending / 0 (0.0%) gas / (0xcc3fc2aa6932e6c858deb1f70f14c6fec84f5f6f15db50ec683d74736c808fa7)
2026-10-07 21:50:25.332+00:00 | BftProcessorExecutor-QBFT-0 | INFO  | QbftBesuControllerBuilder | Imported #37 / 0 tx / 0 pending / 0 (0.0%) gas / (0xc85910ec4ac2bb49cfd4fa4065ac60ec9a2c0b18440ec3135cdc6ed52742012a)
2026-10-07 21:50:27.340+00:00 | BftProcessorExecutor-QBFT-0 | INFO  | QbftBesuControllerBuilder | Imported #38 / 0 tx / 0 pending / 0 (0.0%) gas / (0x7d052f852a5affb420d822f031bdbbfdfff3db8e786ca8071c31a9b35be4ace5)
2026-10-07 21:50:29.337+00:00 | BftProcessorExecutor-QBFT-0 | INFO  | QbftBesuControllerBuilder | Imported #39 / 0 tx / 0 pending / 0 (0.0%) gas / (0xdcf4fc50dcad36113022dd90b353e724b9e4f2196e1d6660e99c742ddd7f6a09)
2026-10-07 21:50:31.342+00:00 | BftProcessorExecutor-QBFT-0 | INFO  | QbftBesuControllerBuilder | Imported #40 / 0 tx / 0 pending / 0 (0.0%) gas / (0x09a9c839cacefa849f1369f39de1434dafb228f28b01b977a052b5dddcb3afb7)
2026-10-07 21:50:31.342+00:00 | EthScheduler-Workers-0 | INFO  | PersistBlockTask | Block 40 (0x09a9c839cacefa849f1369f39de1434dafb228f28b01b977a052b5dddcb3afb7) is already imported
2026-10-07 21:50:33.323+00:00 | EthScheduler-Workers-0 | INFO  | PersistBlockTask | Block 41 (0xd4a91f1878261b0a89a17caf18d750ba443258d4c9a9321061d5a8c145fbc22b) is already imported
2026-10-07 21:50:33.326+00:00 | BftProcessorExecutor-QBFT-0 | INFO  | QbftBesuControllerBuilder | Imported #41 / 0 tx / 0 pending / 0 (0.0%) gas / (0xd4a91f1878261b0a89a17caf18d750ba443258d4c9a9321061d5a8c145fbc22b)
2026-10-07 21:50:35.500+00:00 | BftProcessorExecutor-QBFT-0 | INFO  | QbftBesuControllerBuilder | Imported #42 / 0 tx / 0 pending / 0 (0.0%) gas / (0xf75cd4d41c1540f9debeaf64c459f81c2478d7175ff08c8ab5ce8b79aabf1f4c)
2026-10-07 21:50:35.502+00:00 | EthScheduler-Workers-0 | INFO  | PersistBlockTask | Block 42 (0xf75cd4d41c1540f9debeaf64c459f81c2478d7175ff08c8ab5ce8b79aabf1f4c) is already imported
2026-10-07 21:50:37.519+00:00 | BftProcessorExecutor-QBFT-0 | INFO  | QbftBesuControllerBuilder | Imported #43 / 0 tx / 0 pending / 0 (0.0%) gas / (0x91341aa0f6fd84e595c1af9b5caff001ca4de4ff9a747385a64770914d2348b6)
2026-10-07 21:50:39.466+00:00 | BftProcessorExecutor-QBFT-0 | INFO  | QbftBesuControllerBuilder | Imported #44 / 0 tx / 0 pending / 0 (0.0%) gas / (0xd5373f64785b2fcde83f4399cd78048058d4a778b603b44a639cba8b00f8c6cd)
2026-10-07 21:50:39.470+00:00 | EthScheduler-Workers-0 | INFO  | PersistBlockTask | Block 44 (0xd5373f64785b2fcde83f4399cd78048058d4a778b603b44a639cba8b00f8c6cd) is already imported
2026-10-07 21:50:41.262+00:00 | BftProcessorExecutor-QBFT-0 | INFO  | QbftBesuControllerBuilder | Imported #45 / 0 tx / 0 pending / 0 (0.0%) gas / (0x43664fe8e7239910e3e1b7683efbbafaca1cb69d617bffce8b46ecdc262e8766)
2026-10-07 21:50:41.266+00:00 | EthScheduler-Workers-0 | INFO  | PersistBlockTask | Block 45 (0x43664fe8e7239910e3e1b7683efbbafaca1cb69d617bffce8b46ecdc262e8766) is already imported
2026-10-07 21:50:43.256+00:00 | BftProcessorExecutor-QBFT-0 | INFO  | QbftBesuControllerBuilder | Imported #46 / 0 tx / 0 pending / 0 (0.0%) gas / (0xdaebb39c353d87bbb5904c3cf7f1a8e8881663b86a03971f62c061c7bb1e133c)
2026-10-07 21:50:45.246+00:00 | BftProcessorExecutor-QBFT-0 | INFO  | QbftBesuControllerBuilder | Imported #47 / 0 tx / 0 pending / 0 (0.0%) gas / (0xa59a3450d90aed2a45fc6b06b9d752068b7b2207a7f51ac76770e9c02ba7aa9c)
2026-10-07 21:50:47.536+00:00 | EthScheduler-Workers-0 | INFO  | PersistBlockTask | Block 48 (0x968b985845f206f62b89530dc261af36ee57fd518e72465ad452d2fd99e30f0e) is already imported
2026-10-07 21:50:47.538+00:00 | BftProcessorExecutor-QBFT-0 | INFO  | QbftBesuControllerBuilder | Produced #48 / 9 tx / 200 pending / 2,177,730 (0.0%) gas / (0x968b985845f206f62b89530dc261af36ee57fd518e72465ad452d2fd99e30f0e)
2026-10-07 21:50:50.465+00:00 | EthScheduler-Workers-0 | INFO  | PersistBlockTask | Block 49 (0x4a6354633d06ae41cdddd4738178bcc6acbb989bf81ed0e018f5767df91c84e5) is already imported
2026-10-07 21:50:50.469+00:00 | BftProcessorExecutor-QBFT-0 | INFO  | QbftBesuControllerBuilder | Imported #49 / 53 tx / 1118 pending / 12,824,410 (0.0%) gas / (0x4a6354633d06ae41cdddd4738178bcc6acbb989bf81ed0e018f5767df91c84e5)
2026-10-07 21:50:53.010+00:00 | EthScheduler-Workers-0 | INFO  | PersistBlockTask | Block 50 (0x8d4f3ba787288c36434e54f3bac92055d8369e156e8b493e9429e2fd5d5d8564) is already imported
2026-10-07 21:50:53.019+00:00 | BftProcessorExecutor-QBFT-0 | INFO  | QbftBesuControllerBuilder | Imported #50 / 105 tx / 1906 pending / 25,406,850 (0.0%) gas / (0x8d4f3ba787288c36434e54f3bac92055d8369e156e8b493e9429e2fd5d5d8564)
2026-10-07 21:50:55.747+00:00 | BftProcessorExecutor-QBFT-0 | INFO  | QbftBesuControllerBuilder | Imported #51 / 153 tx / 2677 pending / 37,021,410 (0.0%) gas / (0xa23a07c0c6af8228ef811f765c605ea0e654f1045c87076115c500220fe7b94d)
2026-10-07 21:50:59.405+00:00 | EthScheduler-Workers-0 | INFO  | PersistBlockTask | Block 52 (0x30182b297f7e7ccada2aa71dc40aa50780b0a5a6ea4dc6daa6eb45814315f906) is already imported
2026-10-07 21:50:59.410+00:00 | BftProcessorExecutor-QBFT-0 | INFO  | QbftBesuControllerBuilder | Imported #52 / 222 tx / 3327 pending / 53,717,340 (0.0%) gas / (0x30182b297f7e7ccada2aa71dc40aa50780b0a5a6ea4dc6daa6eb45814315f906)
2026-10-07 21:51:03.546+00:00 | BftProcessorExecutor-QBFT-0 | INFO  | QbftBesuControllerBuilder | Imported #53 / 272 tx / 3159 pending / 65,815,840 (0.0%) gas / (0x106f5a4ab459aceca502e95156e51dc37f383bf10d6dae5223b342363d0e0504)
2026-10-07 21:51:07.625+00:00 | BftProcessorExecutor-QBFT-0 | INFO  | QbftBesuControllerBuilder | Imported #54 / 272 tx / 3010 pending / 65,815,840 (0.0%) gas / (0x18d4ea43e66ff651faf4d968a204902027de81d9f66f8b1c8f99c9b43fcdee13)
2026-10-07 21:51:12.082+00:00 | BftProcessorExecutor-QBFT-0 | INFO  | QbftBesuControllerBuilder | Imported #55 / 272 tx / 2738 pending / 65,815,840 (0.0%) gas / (0xf894e8e131ba94305c1484be8e9cd878e02c5a62a1ab51c9840f512cbd5d77a8)
2026-10-07 21:51:16.496+00:00 | EthScheduler-Workers-0 | INFO  | PersistBlockTask | Block 56 (0x2ffd8f40b11c1094aa94ad395b5ccd9614efa5fd0b39218a4260792b74dd47cd) is already imported
2026-10-07 21:51:16.500+00:00 | BftProcessorExecutor-QBFT-0 | INFO  | QbftBesuControllerBuilder | Imported #56 / 272 tx / 2466 pending / 65,815,840 (0.0%) gas / (0x2ffd8f40b11c1094aa94ad395b5ccd9614efa5fd0b39218a4260792b74dd47cd)
2026-10-07 21:51:21.292+00:00 | BftProcessorExecutor-QBFT-0 | INFO  | QbftBesuControllerBuilder | Imported #57 / 272 tx / 2194 pending / 65,815,840 (0.0%) gas / (0x0cc533ffc66edaac0eb4ae56ff30e03f1df614e6b561bcf37acd1c09a561d943)
2026-10-07 21:51:26.278+00:00 | EthScheduler-Workers-0 | INFO  | PersistBlockTask | Block 58 (0xd6190695a718cda8831fc6dd4035503a884a6032f3da641ac69077d2891acc6c) is already imported
2026-10-07 21:51:26.281+00:00 | BftProcessorExecutor-QBFT-0 | INFO  | QbftBesuControllerBuilder | Imported #58 / 272 tx / 1922 pending / 65,815,840 (0.0%) gas / (0xd6190695a718cda8831fc6dd4035503a884a6032f3da641ac69077d2891acc6c)
2026-10-07 21:51:31.052+00:00 | EthScheduler-Workers-0 | INFO  | PersistBlockTask | Block 59 (0xd90d5ae2942645dc212eabee10ef8175917056bb5fe0bf3204a6a05e9dc2bdb0) is already imported
2026-10-07 21:51:31.055+00:00 | BftProcessorExecutor-QBFT-0 | INFO  | QbftBesuControllerBuilder | Imported #59 / 272 tx / 1650 pending / 65,815,840 (0.0%) gas / (0xd90d5ae2942645dc212eabee10ef8175917056bb5fe0bf3204a6a05e9dc2bdb0)
2026-10-07 21:51:35.246+00:00 | EthScheduler-Workers-0 | INFO  | PersistBlockTask | Block 60 (0xa378cfa92b315af4a097214a85e8c8f629d061d4cbb7ddff2dc7a04aa63c0b35) is already imported
2026-10-07 21:51:35.249+00:00 | BftProcessorExecutor-QBFT-0 | INFO  | QbftBesuControllerBuilder | Imported #60 / 275 tx / 1375 pending / 66,541,750 (0.0%) gas / (0xa378cfa92b315af4a097214a85e8c8f629d061d4cbb7ddff2dc7a04aa63c0b35)
2026-10-07 21:51:39.374+00:00 | BftProcessorExecutor-QBFT-0 | INFO  | QbftBesuControllerBuilder | Imported #61 / 275 tx / 1100 pending / 66,541,750 (0.0%) gas / (0x7b0c5609a22dcbdcd1f4514add2a8607bc1e4fd38b2d2da2dc7afaaa75596b80)
2026-10-07 21:51:43.530+00:00 | BftProcessorExecutor-QBFT-0 | INFO  | QbftBesuControllerBuilder | Imported #62 / 275 tx / 825 pending / 66,541,750 (0.0%) gas / (0x16b9317be0fe80c94ac8aeb9e2325569337eea0e131e18c5a7e4309fde6d4e86)
2026-10-07 21:51:47.501+00:00 | BftProcessorExecutor-QBFT-0 | INFO  | QbftBesuControllerBuilder | Produced #63 / 266 tx / 559 pending / 64,364,020 (0.0%) gas / (0x6be02bf99372d257c2017003400591ad40b2423c1e1c932ad496df5dec3edc7c)
2026-10-07 21:51:51.009+00:00 | BftProcessorExecutor-QBFT-0 | INFO  | QbftBesuControllerBuilder | Imported #64 / 222 tx / 337 pending / 53,717,340 (0.0%) gas / (0x216750e1d1b352bd354e1d5736ccd0672e43382cb83e4275999e5628e2125bca)
2026-10-07 21:51:53.746+00:00 | EthScheduler-Workers-0 | INFO  | PersistBlockTask | Block 65 (0x6a990946e4fd3c9ca71de2ecf16f32c9e1141d445cdaee0c9b799149f5ede8d8) is already imported
2026-10-07 21:51:53.747+00:00 | BftProcessorExecutor-QBFT-0 | INFO  | QbftBesuControllerBuilder | Imported #65 / 168 tx / 169 pending / 40,650,960 (0.0%) gas / (0x6a990946e4fd3c9ca71de2ecf16f32c9e1141d445cdaee0c9b799149f5ede8d8)
2026-10-07 21:51:55.742+00:00 | EthScheduler-Workers-0 | INFO  | PersistBlockTask | Block 66 (0x41be24c2702b38a22c2d51d10e2a6abc3afc236e7a35e284a2019c5bee92482b) is already imported
2026-10-07 21:51:55.743+00:00 | BftProcessorExecutor-QBFT-0 | INFO  | QbftBesuControllerBuilder | Imported #66 / 119 tx / 50 pending / 28,794,430 (0.0%) gas / (0x41be24c2702b38a22c2d51d10e2a6abc3afc236e7a35e284a2019c5bee92482b)
2026-10-07 21:51:57.058+00:00 | BftProcessorExecutor-QBFT-0 | INFO  | QbftBesuControllerBuilder | Imported #67 / 50 tx / 0 pending / 12,098,500 (0.0%) gas / (0xdc03fba9b83be3388c2dd1983b77822ef0ef1e3e9be4934ed8d6cc58d9e92dd5)
2026-10-07 21:51:58.346+00:00 | EthScheduler-Workers-0 | INFO  | PersistBlockTask | Block 68 (0x39ead6a5eded59fb93340ab501d6f7a4d7217d085683aa9bb461360d75f7fc77) is already imported
2026-10-07 21:51:58.346+00:00 | BftProcessorExecutor-QBFT-0 | INFO  | QbftBesuControllerBuilder | Imported #68 / 0 tx / 0 pending / 0 (0.0%) gas / (0x39ead6a5eded59fb93340ab501d6f7a4d7217d085683aa9bb461360d75f7fc77)
2026-10-07 21:52:00.333+00:00 | BftProcessorExecutor-QBFT-0 | INFO  | QbftBesuControllerBuilder | Imported #69 / 0 tx / 0 pending / 0 (0.0%) gas / (0xa36b6736ae68851f7c77693b63e9f1c375d73c9688f3830cf154f97d01d5cfb1)
2026-10-07 21:52:02.341+00:00 | BftProcessorExecutor-QBFT-0 | INFO  | QbftBesuControllerBuilder | Imported #70 / 0 tx / 0 pending / 0 (0.0%) gas / (0x507a01e17666546f3d242af11d3ef117724c3e4cf7caffd99471b2018cd4f5ec)
2026-10-07 21:52:04.329+00:00 | BftProcessorExecutor-QBFT-0 | INFO  | QbftBesuControllerBuilder | Imported #71 / 0 tx / 0 pending / 0 (0.0%) gas / (0xe541470d093038c9c1d23958534dc31d77c236cc099526941e62f4dbae901a9b)
2026-10-07 21:52:06.438+00:00 | BftProcessorExecutor-QBFT-0 | INFO  | QbftBesuControllerBuilder | Imported #72 / 0 tx / 0 pending / 0 (0.0%) gas / (0xfc0c6a987c0f6d63ae882b1ccb69c2fa102a1de3e5f92be391fdd8ca598d5a60)
2026-10-07 21:52:08.448+00:00 | BftProcessorExecutor-QBFT-0 | INFO  | QbftBesuControllerBuilder | Imported #73 / 0 tx / 0 pending / 0 (0.0%) gas / (0xb0c9e006152fafa92773c5b286ee495d6b3842c7be3b140784761c04e3b90c28)
2026-10-07 21:52:10.510+00:00 | BftProcessorExecutor-QBFT-0 | INFO  | QbftBesuControllerBuilder | Imported #74 / 0 tx / 0 pending / 0 (0.0%) gas / (0x703baf9e168c774e193181a4186b491e93fce9c927536c126a1433b64e29800a)
2026-10-07 21:52:12.265+00:00 | BftProcessorExecutor-QBFT-0 | INFO  | QbftBesuControllerBuilder | Imported #75 / 0 tx / 0 pending / 0 (0.0%) gas / (0x4d0856c7db6137a63ca9cf742fb8d8e0d61f85a8a5b4b1e878bbd178dc63f849)
2026-10-07 21:52:14.245+00:00 | BftProcessorExecutor-QBFT-0 | INFO  | QbftBesuControllerBuilder | Imported #76 / 0 tx / 0 pending / 0 (0.0%) gas / (0x2e61f8c95bd63f380ad99f8d6595082b41e1e283058219f7e682ffa4701c3c2f)
2026-10-07 21:52:16.257+00:00 | BftProcessorExecutor-QBFT-0 | INFO  | QbftBesuControllerBuilder | Imported #77 / 0 tx / 0 pending / 0 (0.0%) gas / (0x3965a49e5516529d486a603b4ee5d8f17643fba2c19d9ff8f990bac32fea847e)
2026-10-07 21:52:18.253+00:00 | BftProcessorExecutor-QBFT-0 | INFO  | QbftBesuControllerBuilder | Produced #78 / 0 tx / 0 pending / 0 (0.0%) gas / (0x850f916019c7bbfc70515c928ac084979592520bfebdf5920f6ee12e4e65415d)
2026-10-07 21:52:20.252+00:00 | BftProcessorExecutor-QBFT-0 | INFO  | QbftBesuControllerBuilder | Imported #79 / 0 tx / 0 pending / 0 (0.0%) gas / (0x087e8db387b27185a1b58cb1c2a57c84a8c321659d0abd20cf12826480579c93)
2026-10-07 21:52:22.253+00:00 | BftProcessorExecutor-QBFT-0 | INFO  | QbftBesuControllerBuilder | Imported #80 / 0 tx / 0 pending / 0 (0.0%) gas / (0x882271b6af8008a87b385a031842d11d00ca1509172250c5fa0e87a6f3ae3843)
2026-10-07 21:52:24.331+00:00 | BftProcessorExecutor-QBFT-0 | INFO  | QbftBesuControllerBuilder | Imported #81 / 0 tx / 0 pending / 0 (0.0%) gas / (0x6f7d6528676b29a819b4db5427667eab52f4af9c4e58d6cd3aa5daf7d56cb063)
2026-10-07 21:52:26.326+00:00 | BftProcessorExecutor-QBFT-0 | INFO  | QbftBesuControllerBuilder | Imported #82 / 0 tx / 0 pending / 0 (0.0%) gas / (0xd779acc578a176592d187f088154c6930b0c57018c17020f48c0336123b2785f)
2026-10-07 21:52:28.340+00:00 | BftProcessorExecutor-QBFT-0 | INFO  | QbftBesuControllerBuilder | Imported #83 / 0 tx / 0 pending / 0 (0.0%) gas / (0xd586de14737b6ea44ad98f36f24eb2718dd0abe9a336561231c676dc8b2d8d4c)
2026-10-07 21:52:30.328+00:00 | BftProcessorExecutor-QBFT-0 | INFO  | QbftBesuControllerBuilder | Imported #84 / 0 tx / 0 pending / 0 (0.0%) gas / (0x041a2d951c2ae506fcd9b8b2a4ef03398d9fea24c58f3096faa41ae8bdcd5291)
2026-10-07 21:52:32.325+00:00 | BftProcessorExecutor-QBFT-0 | INFO  | QbftBesuControllerBuilder | Imported #85 / 0 tx / 0 pending / 0 (0.0%) gas / (0xeeab3c9056d24daceaa0f33e1857c13446d375b5bb1875be407de7742cb55a55)
2026-10-07 21:52:34.342+00:00 | BftProcessorExecutor-QBFT-0 | INFO  | QbftBesuControllerBuilder | Imported #86 / 0 tx / 0 pending / 0 (0.0%) gas / (0xb2b2cfc77ac544afb77db057618331459e5210a2d673ad8d2ab7fc1d9c74800d)
2026-10-07 21:52:36.531+00:00 | BftProcessorExecutor-QBFT-0 | INFO  | QbftBesuControllerBuilder | Imported #87 / 0 tx / 0 pending / 0 (0.0%) gas / (0xd803984e26e564833339f1b0328d1b00360df9649aadfeed6c22c2baccab4ae9)
2026-10-07 21:52:38.480+00:00 | BftProcessorExecutor-QBFT-0 | INFO  | QbftBesuControllerBuilder | Imported #88 / 0 tx / 0 pending / 0 (0.0%) gas / (0x40c5d009c374690cf692b8a064fca0aba66d4af01f86efc603a1ccf073a43dea)
2026-10-07 21:52:38.483+00:00 | EthScheduler-Workers-0 | INFO  | PersistBlockTask | Block 88 (0x40c5d009c374690cf692b8a064fca0aba66d4af01f86efc603a1ccf073a43dea) is already imported
2026-10-07 21:52:40.459+00:00 | BftProcessorExecutor-QBFT-0 | INFO  | QbftBesuControllerBuilder | Imported #89 / 0 tx / 0 pending / 0 (0.0%) gas / (0x4ecc2e89d1c66591673e2e41f7cea007e7e48cd226bf9145784cdf8f76d8159b)
2026-10-07 21:52:40.460+00:00 | EthScheduler-Workers-0 | INFO  | PersistBlockTask | Block 89 (0x4ecc2e89d1c66591673e2e41f7cea007e7e48cd226bf9145784cdf8f76d8159b) is already imported
2026-10-07 21:52:42.263+00:00 | BftProcessorExecutor-QBFT-0 | INFO  | QbftBesuControllerBuilder | Imported #90 / 0 tx / 0 pending / 0 (0.0%) gas / (0x2279592279bfa188f0ee786db6a7d652cd3d65c7b5ff828fd80670a69ca6a2a0)
2026-10-07 21:52:44.251+00:00 | BftProcessorExecutor-QBFT-0 | INFO  | QbftBesuControllerBuilder | Imported #91 / 0 tx / 0 pending / 0 (0.0%) gas / (0xebcbbe0f08c789be51c4dcb8c654ac32af8b3de4091f5df793f4f73c8b0f6bc0)
2026-10-07 21:52:44.255+00:00 | EthScheduler-Workers-0 | INFO  | PersistBlockTask | Block 91 (0xebcbbe0f08c789be51c4dcb8c654ac32af8b3de4091f5df793f4f73c8b0f6bc0) is already imported
2026-10-07 21:52:46.248+00:00 | BftProcessorExecutor-QBFT-0 | INFO  | QbftBesuControllerBuilder | Imported #92 / 0 tx / 0 pending / 0 (0.0%) gas / (0xd6af5810b77c4d60a48c67290ab3ee0b7e7e410fc0f2c1dc05e1088b6e4e7361)
2026-10-07 21:52:48.248+00:00 | BftProcessorExecutor-QBFT-0 | INFO  | QbftBesuControllerBuilder | Produced #93 / 0 tx / 0 pending / 0 (0.0%) gas / (0x02ab01fbb7c4b7ec998cdc80c3453353fed4d4c6935ee4d1d634126306fd6ae5)
2026-10-07 21:52:50.249+00:00 | BftProcessorExecutor-QBFT-0 | INFO  | QbftBesuControllerBuilder | Imported #94 / 0 tx / 0 pending / 0 (0.0%) gas / (0xc62576968397d69896dc2875a42ab79008a5cd2a23abbd1e849b131a05ebb50a)
2026-10-07 21:52:52.265+00:00 | BftProcessorExecutor-QBFT-0 | INFO  | QbftBesuControllerBuilder | Imported #95 / 0 tx / 0 pending / 0 (0.0%) gas / (0xb62596c8dd78fe97f7d978629e95975dbc74c191f8973ee4e9f51153fd270b7f)
2026-10-07 21:52:54.330+00:00 | BftProcessorExecutor-QBFT-0 | INFO  | QbftBesuControllerBuilder | Imported #96 / 0 tx / 0 pending / 0 (0.0%) gas / (0x227bab92d55fe951b21fd5ae245f586894ed7aca8466075d3174048fbe7a9ad8)
2026-10-07 21:52:56.334+00:00 | BftProcessorExecutor-QBFT-0 | INFO  | QbftBesuControllerBuilder | Imported #97 / 0 tx / 0 pending / 0 (0.0%) gas / (0x017d4a990a1d001fd9dc98361f1738d0c237a2765981e1d93d75f4a5f1f5f47f)
2026-10-07 21:52:58.336+00:00 | BftProcessorExecutor-QBFT-0 | INFO  | QbftBesuControllerBuilder | Imported #98 / 0 tx / 0 pending / 0 (0.0%) gas / (0xf3dcaf173d955ee6e94cff5896d7eb8fa349de8a643cccf36b758d13e803d369)
2026-10-07 21:53:00.339+00:00 | BftProcessorExecutor-QBFT-0 | INFO  | QbftBesuControllerBuilder | Imported #99 / 0 tx / 0 pending / 0 (0.0%) gas / (0x200453866dbbe5430194ef84ac83c4896e1bc3126fb44c392ab9209295b64936)
2026-10-07 21:53:02.326+00:00 | BftProcessorExecutor-QBFT-0 | INFO  | QbftBesuControllerBuilder | Imported #100 / 0 tx / 0 pending / 0 (0.0%) gas / (0xb1bb8a7e99ffdc544e18c9cdd21d4e203f0182cc87d77b8cfca4bbc37fc6c317)
2026-10-07 21:53:04.350+00:00 | BftProcessorExecutor-QBFT-0 | INFO  | QbftBesuControllerBuilder | Imported #101 / 0 tx / 0 pending / 0 (0.0%) gas / (0x0dd7336eb1f473ec88862f7dd5c542e7d646468ea5b1cf0c019e553f70dac891)
2026-10-07 21:53:06.475+00:00 | BftProcessorExecutor-QBFT-0 | INFO  | QbftBesuControllerBuilder | Imported #102 / 0 tx / 0 pending / 0 (0.0%) gas / (0xc83f82090dc2fc86feea44faf609bea69f52f1c9d0e1d54c5622ccb4782d743b)
2026-10-07 21:53:08.477+00:00 | BftProcessorExecutor-QBFT-0 | INFO  | QbftBesuControllerBuilder | Imported #103 / 0 tx / 0 pending / 0 (0.0%) gas / (0x11a5851d3b7ea802ea4128f8ace36fbce79fdb5367a8c9bc7739223e339650c3)
2026-10-07 21:53:10.452+00:00 | BftProcessorExecutor-QBFT-0 | INFO  | QbftBesuControllerBuilder | Imported #104 / 0 tx / 68 pending / 0 (0.0%) gas / (0xbed17e2822386f442768ccdcd0c17eba8c2762443ec80bbeb44055a09f58efd5)
2026-10-07 21:53:12.526+00:00 | BftProcessorExecutor-QBFT-0 | INFO  | QbftBesuControllerBuilder | Imported #105 / 35 tx / 439 pending / 5,377,154 (0.0%) gas / (0x1c1203ff4f9227d70fea33810d4fb022091b7df7794b31f5fd406d18bcbd89c8)
2026-10-07 21:53:14.386+00:00 | BftProcessorExecutor-QBFT-0 | INFO  | QbftBesuControllerBuilder | Imported #106 / 35 tx / 442 pending / 5,377,086 (0.0%) gas / (0x2c4a4a5a6b4c81278ceb5c05168bc87ced009151ca061f1fced8f8408d5fe06c)
2026-10-07 21:53:16.388+00:00 | EthScheduler-Workers-0 | INFO  | PersistBlockTask | Block 107 (0x678f71a30522aa38d3d20a8e1e1dba44e94a347eb6da4f28023d19639cc06a99) is already imported
2026-10-07 21:53:16.388+00:00 | BftProcessorExecutor-QBFT-0 | INFO  | QbftBesuControllerBuilder | Imported #107 / 34 tx / 408 pending / 5,223,688 (0.0%) gas / (0x678f71a30522aa38d3d20a8e1e1dba44e94a347eb6da4f28023d19639cc06a99)
2026-10-07 21:53:18.348+00:00 | BftProcessorExecutor-QBFT-0 | INFO  | QbftBesuControllerBuilder | Produced #108 / 34 tx / 374 pending / 5,223,560 (0.0%) gas / (0xb022eddcf832a9ed143a106e3a14cbec3ce9d211a878191de8238f4e36b96088)
2026-10-07 21:53:20.407+00:00 | BftProcessorExecutor-QBFT-0 | INFO  | QbftBesuControllerBuilder | Imported #109 / 34 tx / 340 pending / 5,223,620 (0.0%) gas / (0xa1a38dc97537d7e5d77a4e5b7fad44ab0e2bd0b8a903b7389a41a2e5192ba3af)
2026-10-07 21:53:22.377+00:00 | BftProcessorExecutor-QBFT-0 | INFO  | QbftBesuControllerBuilder | Imported #110 / 34 tx / 306 pending / 5,223,576 (0.0%) gas / (0x3d7632f57aab3b28b0ef60656cb44bfeab425183d77518c49a884e9a3638f055)
2026-10-07 21:53:24.511+00:00 | BftProcessorExecutor-QBFT-0 | INFO  | QbftBesuControllerBuilder | Imported #111 / 34 tx / 272 pending / 5,223,608 (0.0%) gas / (0xf3655b3666fbf7f512eab14f290c6667103d4976b3032548549e38e0b8555875)
2026-10-07 21:53:26.538+00:00 | EthScheduler-Workers-0 | INFO  | PersistBlockTask | Block 112 (0xe4a46d65450780b0998efd4078a3e2c135fe3de8bee011c5afb7ae285d65ba61) is already imported
2026-10-07 21:53:26.538+00:00 | BftProcessorExecutor-QBFT-0 | INFO  | QbftBesuControllerBuilder | Imported #112 / 34 tx / 238 pending / 5,223,528 (0.0%) gas / (0xe4a46d65450780b0998efd4078a3e2c135fe3de8bee011c5afb7ae285d65ba61)
2026-10-07 21:53:28.520+00:00 | BftProcessorExecutor-QBFT-0 | INFO  | QbftBesuControllerBuilder | Imported #113 / 34 tx / 204 pending / 5,223,540 (0.0%) gas / (0x8c9ec162ba9a1a257834c5850d4eb923f53df8a18d923e8c7fe17431bea6e5ec)
2026-10-07 21:53:30.550+00:00 | BftProcessorExecutor-QBFT-0 | INFO  | QbftBesuControllerBuilder | Imported #114 / 34 tx / 170 pending / 5,223,532 (0.0%) gas / (0x69accce4e0afd58ae771a24cf2416617deadd3bc64c62188040d1a94b170bd5d)
2026-10-07 21:53:32.472+00:00 | BftProcessorExecutor-QBFT-0 | INFO  | QbftBesuControllerBuilder | Imported #115 / 34 tx / 136 pending / 5,223,488 (0.0%) gas / (0x30e8634388a8eac3f57c85a785e5875ae92f226fec8b181b4429d017957cf793)
2026-10-07 21:53:34.599+00:00 | BftProcessorExecutor-QBFT-0 | INFO  | QbftBesuControllerBuilder | Imported #116 / 34 tx / 102 pending / 5,223,536 (0.0%) gas / (0x6e79ef3e5e7ed9873d25bf709aafc55dba008835d996231ff17a1dfaa5cd155b)
2026-10-07 21:53:36.712+00:00 | EthScheduler-Workers-0 | INFO  | PersistBlockTask | Block 117 (0x6483ef3eff7a75b6668db6876b0ea48c8de96969a22d2ab166fea13eeff377b5) is already imported
2026-10-07 21:53:36.713+00:00 | BftProcessorExecutor-QBFT-0 | INFO  | QbftBesuControllerBuilder | Imported #117 / 34 tx / 68 pending / 5,223,572 (0.0%) gas / (0x6483ef3eff7a75b6668db6876b0ea48c8de96969a22d2ab166fea13eeff377b5)
2026-10-07 21:53:38.651+00:00 | BftProcessorExecutor-QBFT-0 | INFO  | QbftBesuControllerBuilder | Imported #118 / 34 tx / 34 pending / 5,223,372 (0.0%) gas / (0x8e6fbb3b35e24ec396a9dbfadf43cc28c2c5c98005f9b6ff32223429a37dae99)
2026-10-07 21:53:40.768+00:00 | EthScheduler-Workers-0 | INFO  | PersistBlockTask | Block 119 (0x2eb7f56da2c0e29b3b7eaba40b7d2459b39c49383ca2268728662bd0636d7906) is already imported
2026-10-07 21:53:40.768+00:00 | BftProcessorExecutor-QBFT-0 | INFO  | QbftBesuControllerBuilder | Imported #119 / 34 tx / 0 pending / 5,223,484 (0.0%) gas / (0x2eb7f56da2c0e29b3b7eaba40b7d2459b39c49383ca2268728662bd0636d7906)
2026-10-07 21:53:42.243+00:00 | BftProcessorExecutor-QBFT-0 | INFO  | QbftBesuControllerBuilder | Imported #120 / 0 tx / 0 pending / 0 (0.0%) gas / (0x5646b808475e94c7d10c5c9125c5eaa2dab09312bf5022b132a5ce025631bc6a)
2026-10-07 21:53:44.242+00:00 | BftProcessorExecutor-QBFT-0 | INFO  | QbftBesuControllerBuilder | Imported #121 / 0 tx / 0 pending / 0 (0.0%) gas / (0x2cf17419dc709662af8b3250ba46926d757c8a57f6830aa2a4bad07a27375e5d)
2026-10-07 21:53:46.269+00:00 | BftProcessorExecutor-QBFT-0 | INFO  | QbftBesuControllerBuilder | Imported #122 / 0 tx / 0 pending / 0 (0.0%) gas / (0x0c2d64c5e50f5bb098bd9c5e6d23c0ee41fde0fa91a22fea6b02ffa1263a88f4)
2026-10-07 21:53:48.246+00:00 | BftProcessorExecutor-QBFT-0 | INFO  | QbftBesuControllerBuilder | Produced #123 / 0 tx / 0 pending / 0 (0.0%) gas / (0xf6783b8f4e45219096460fa8b7f5112366cc8dbb8617448d5492b03bb178b7df)
2026-10-07 21:53:50.248+00:00 | BftProcessorExecutor-QBFT-0 | INFO  | QbftBesuControllerBuilder | Imported #124 / 0 tx / 0 pending / 0 (0.0%) gas / (0x0126fb8a7a52aeef88e26632529871c55a738c058822a73f8757662625e3c2ce)
2026-10-07 21:53:52.248+00:00 | BftProcessorExecutor-QBFT-0 | INFO  | QbftBesuControllerBuilder | Imported #125 / 0 tx / 0 pending / 0 (0.0%) gas / (0x50b8a5257b127c5a230ff87c3d70c7fa5bee8fee4e114101a181794e7ae194a1)
2026-10-07 21:53:54.332+00:00 | BftProcessorExecutor-QBFT-0 | INFO  | QbftBesuControllerBuilder | Imported #126 / 0 tx / 0 pending / 0 (0.0%) gas / (0x8bc9bb5029620a2cf871d678fb21d0a0507633f8bb058cb1e957a14c49d28636)
2026-10-07 21:53:56.315+00:00 | BftProcessorExecutor-QBFT-0 | INFO  | QbftBesuControllerBuilder | Imported #127 / 0 tx / 0 pending / 0 (0.0%) gas / (0xb97b5a0dfab33811c495a6b1700275f3b8cd504ff9646bd5027754c6ed479845)
2026-10-07 21:53:58.317+00:00 | BftProcessorExecutor-QBFT-0 | INFO  | QbftBesuControllerBuilder | Imported #128 / 0 tx / 0 pending / 0 (0.0%) gas / (0x46304347b2e7649ddab161da962c94ccddbc3c5aefbeec0d6aa22cc6ad72b7aa)
2026-10-07 21:54:00.332+00:00 | BftProcessorExecutor-QBFT-0 | INFO  | QbftBesuControllerBuilder | Imported #129 / 0 tx / 0 pending / 0 (0.0%) gas / (0x8cf5520d234d81df6b94edf4854c396be8e2ebbeb86dbd3903b79977b8c0ceb2)
2026-10-07 21:54:02.333+00:00 | EthScheduler-Workers-0 | INFO  | PersistBlockTask | Block 130 (0x39e11029f34fe34aa0e377fa0729cf6993d9baaa34474531b3d7bfa6543af85c) is already imported
2026-10-07 21:54:02.333+00:00 | BftProcessorExecutor-QBFT-0 | INFO  | QbftBesuControllerBuilder | Imported #130 / 0 tx / 0 pending / 0 (0.0%) gas / (0x39e11029f34fe34aa0e377fa0729cf6993d9baaa34474531b3d7bfa6543af85c)
2026-10-07 21:54:04.325+00:00 | BftProcessorExecutor-QBFT-0 | INFO  | QbftBesuControllerBuilder | Imported #131 / 0 tx / 0 pending / 0 (0.0%) gas / (0xe9978df9bd1c27c5f8ec18f29bc5d9cedb5578968cced00e1a4ee2b1f4e6000d)
2026-10-07 21:54:06.419+00:00 | BftProcessorExecutor-QBFT-0 | INFO  | QbftBesuControllerBuilder | Imported #132 / 0 tx / 0 pending / 0 (0.0%) gas / (0x2ea6ec70e71ab4d649c37bcad5f295b7726cc1a9d1f0ff7e1219f4a159d9e6cb)
2026-10-07 21:54:09.560+00:00 | BftProcessorExecutor-QBFT-0 | INFO  | QbftBesuControllerBuilder | Imported #133 / 17 tx / 643 pending / 4,113,490 (0.0%) gas / (0x7488a808a08e56cb903b7e57d6a445c367de8b173d42a2478bbf28bc42515442)
2026-10-07 21:54:09.560+00:00 | EthScheduler-Workers-0 | INFO  | PersistBlockTask | Block 133 (0x7488a808a08e56cb903b7e57d6a445c367de8b173d42a2478bbf28bc42515442) is already imported
2026-10-07 21:54:14.164+00:00 | EthScheduler-Workers-0 | INFO  | PersistBlockTask | Block 134 (0xb4f45ef309418398626172cc9842e9a1c71b38eae82fdc3367c43ba3c7ea86a3) is already imported
2026-10-07 21:54:14.165+00:00 | BftProcessorExecutor-QBFT-0 | INFO  | QbftBesuControllerBuilder | Imported #134 / 58 tx / 1935 pending / 14,034,260 (0.0%) gas / (0xb4f45ef309418398626172cc9842e9a1c71b38eae82fdc3367c43ba3c7ea86a3)
2026-10-07 21:54:16.657+00:00 | EthScheduler-Workers-0 | INFO  | PersistBlockTask | Block 135 (0x024e4bbdbbab88286295469ed990584a0b239d77b2ed287645d3afc2d0e5c183) is already imported
2026-10-07 21:54:16.660+00:00 | BftProcessorExecutor-QBFT-0 | INFO  | QbftBesuControllerBuilder | Imported #135 / 150 tx / 2585 pending / 36,295,500 (0.0%) gas / (0x024e4bbdbbab88286295469ed990584a0b239d77b2ed287645d3afc2d0e5c183)
2026-10-07 21:54:19.845+00:00 | EthScheduler-Workers-0 | INFO  | PersistBlockTask | Block 136 (0xdbf279e5d0ffa15dc00be1aa09957cd0246a80acec8b411441e0ae7cc7671aa6) is already imported
2026-10-07 21:54:19.848+00:00 | BftProcessorExecutor-QBFT-0 | INFO  | QbftBesuControllerBuilder | Imported #136 / 206 tx / 3381 pending / 49,845,820 (0.0%) gas / (0xdbf279e5d0ffa15dc00be1aa09957cd0246a80acec8b411441e0ae7cc7671aa6)
2026-10-07 21:54:23.882+00:00 | EthScheduler-Workers-0 | INFO  | PersistBlockTask | Block 137 (0xe3cacf4554b6d0227513658db18bf4d8802c5b0713e4b83ad4313d855e500e1e) is already imported
2026-10-07 21:54:23.885+00:00 | BftProcessorExecutor-QBFT-0 | INFO  | QbftBesuControllerBuilder | Imported #137 / 275 tx / 3254 pending / 66,541,750 (0.0%) gas / (0xe3cacf4554b6d0227513658db18bf4d8802c5b0713e4b83ad4313d855e500e1e)
2026-10-07 21:54:28.051+00:00 | EthScheduler-Workers-0 | INFO  | PersistBlockTask | Block 138 (0x06816a6d229827ad4d6949137b2cea118513c15e565f5d192bb4d0829ce07f88) is already imported
2026-10-07 21:54:28.053+00:00 | BftProcessorExecutor-QBFT-0 | INFO  | QbftBesuControllerBuilder | Produced #138 / 275 tx / 3113 pending / 66,541,750 (0.0%) gas / (0x06816a6d229827ad4d6949137b2cea118513c15e565f5d192bb4d0829ce07f88)
2026-10-07 21:54:32.263+00:00 | EthScheduler-Workers-0 | INFO  | PersistBlockTask | Block 139 (0x9ba0735aee07b29f84ca477f76b59e52ba0d617ae80c02053810ef1be3350a53) is already imported
2026-10-07 21:54:32.269+00:00 | BftProcessorExecutor-QBFT-0 | INFO  | QbftBesuControllerBuilder | Imported #139 / 275 tx / 2838 pending / 66,541,750 (0.0%) gas / (0x9ba0735aee07b29f84ca477f76b59e52ba0d617ae80c02053810ef1be3350a53)
2026-10-07 21:54:36.269+00:00 | BftProcessorExecutor-QBFT-0 | INFO  | QbftBesuControllerBuilder | Imported #140 / 273 tx / 2567 pending / 66,057,810 (0.0%) gas / (0xf62c3133bbba0959bd085e8e6fc5a53cbd4375a463050b83f39277684d361f9e)
2026-10-07 21:54:40.731+00:00 | EthScheduler-Workers-0 | INFO  | PersistBlockTask | Block 141 (0xfad22955f326801411981c61d2fd7df7c8d68ce1d1b9ece21ae93b1802f2c675) is already imported
2026-10-07 21:54:40.736+00:00 | BftProcessorExecutor-QBFT-0 | INFO  | QbftBesuControllerBuilder | Imported #141 / 272 tx / 2295 pending / 65,815,840 (0.0%) gas / (0xfad22955f326801411981c61d2fd7df7c8d68ce1d1b9ece21ae93b1802f2c675)
2026-10-07 21:54:44.981+00:00 | EthScheduler-Workers-0 | INFO  | PersistBlockTask | Block 142 (0xea2d4073a6473644d084649ab670422d0075d6ed4b3b5cfd7892344bdcda603a) is already imported
2026-10-07 21:54:44.984+00:00 | BftProcessorExecutor-QBFT-0 | INFO  | QbftBesuControllerBuilder | Imported #142 / 272 tx / 2023 pending / 65,815,840 (0.0%) gas / (0xea2d4073a6473644d084649ab670422d0075d6ed4b3b5cfd7892344bdcda603a)
2026-10-07 21:54:49.305+00:00 | EthScheduler-Workers-0 | INFO  | PersistBlockTask | Block 143 (0xbeabf9aaaef5e09c0b4890344bc3ea0fc512bb47c577506c51c2d780fc51b739) is already imported
2026-10-07 21:54:49.308+00:00 | BftProcessorExecutor-QBFT-0 | INFO  | QbftBesuControllerBuilder | Imported #143 / 272 tx / 1751 pending / 65,815,840 (0.0%) gas / (0xbeabf9aaaef5e09c0b4890344bc3ea0fc512bb47c577506c51c2d780fc51b739)
2026-10-07 21:54:53.700+00:00 | BftProcessorExecutor-QBFT-0 | INFO  | QbftBesuControllerBuilder | Imported #144 / 272 tx / 1479 pending / 65,815,840 (0.0%) gas / (0xdda2a47350d70b6d8dfe96ec8f1853df3e031d0dc045fe65f218919d7b9400bb)
2026-10-07 21:54:57.984+00:00 | BftProcessorExecutor-QBFT-0 | INFO  | QbftBesuControllerBuilder | Imported #145 / 272 tx / 1207 pending / 65,815,840 (0.0%) gas / (0x37e4e3e316e7491b797bd4486d938ca87c1a37ae8e5b41b5c1d269b030cff599)
2026-10-07 21:55:02.214+00:00 | BftProcessorExecutor-QBFT-0 | INFO  | QbftBesuControllerBuilder | Imported #146 / 272 tx / 935 pending / 65,815,840 (0.0%) gas / (0x3a752f46b7141412d61a2f1b1663540fd58d15ab3ced5bc3fb9a0f70e6e72472)
2026-10-07 21:55:07.089+00:00 | EthScheduler-Workers-0 | INFO  | PersistBlockTask | Block 147 (0x79d0024014c6cecfe3c102433e5dbf011df4b008580d7c0a088effbfea79ee9e) is already imported
2026-10-07 21:55:07.091+00:00 | BftProcessorExecutor-QBFT-0 | INFO  | QbftBesuControllerBuilder | Imported #147 / 272 tx / 663 pending / 65,815,840 (0.0%) gas / (0x79d0024014c6cecfe3c102433e5dbf011df4b008580d7c0a088effbfea79ee9e)
2026-10-07 21:55:11.696+00:00 | BftProcessorExecutor-QBFT-0 | INFO  | QbftBesuControllerBuilder | Imported #148 / 255 tx / 408 pending / 61,702,350 (0.0%) gas / (0xd54bb02af8ee19e2ce9cc96104fdc98b31ac5802d727fc95af286125690d6cc8)
2026-10-07 21:55:15.672+00:00 | EthScheduler-Workers-0 | INFO  | PersistBlockTask | Block 149 (0x74b9f20c843246b1457d56bb8c97a5d225f0508f08d5e1de6ef31e910fdf93b3) is already imported
2026-10-07 21:55:15.674+00:00 | BftProcessorExecutor-QBFT-0 | INFO  | QbftBesuControllerBuilder | Imported #149 / 214 tx / 194 pending / 51,781,580 (0.0%) gas / (0x74b9f20c843246b1457d56bb8c97a5d225f0508f08d5e1de6ef31e910fdf93b3)
2026-10-07 21:55:17.652+00:00 | BftProcessorExecutor-QBFT-0 | INFO  | QbftBesuControllerBuilder | Imported #150 / 125 tx / 69 pending / 30,246,250 (0.0%) gas / (0x881bf317343dfe2be90eef40ddd26dcad97218b58adb72bb5701b62b50245b24)
2026-10-07 21:55:19.327+00:00 | BftProcessorExecutor-QBFT-0 | INFO  | QbftBesuControllerBuilder | Imported #151 / 69 tx / 0 pending / 16,695,930 (0.0%) gas / (0xb4332f897b8168d59987edf36abb75f8401e1cb3f3fb1057197db1c149eef6d0)
2026-10-07 21:55:19.327+00:00 | EthScheduler-Workers-0 | INFO  | PersistBlockTask | Block 151 (0xb4332f897b8168d59987edf36abb75f8401e1cb3f3fb1057197db1c149eef6d0) is already imported
2026-10-07 21:55:20.251+00:00 | BftProcessorExecutor-QBFT-0 | INFO  | QbftBesuControllerBuilder | Imported #152 / 0 tx / 0 pending / 0 (0.0%) gas / (0x4c0834e4cbc6dcc879ebf6dec1cb8380f4fca3d4920593d43730a3073ce4cd26)
2026-10-07 21:55:22.258+00:00 | BftProcessorExecutor-QBFT-0 | INFO  | QbftBesuControllerBuilder | Produced #153 / 0 tx / 0 pending / 0 (0.0%) gas / (0x653a8db8f30142cf7e1f2460dcf2347803d4802c27cbea4657e0bfa711a69d69)
2026-10-07 21:55:24.257+00:00 | BftProcessorExecutor-QBFT-0 | INFO  | QbftBesuControllerBuilder | Imported #154 / 0 tx / 0 pending / 0 (0.0%) gas / (0x0ea226938ed4e5383008b9cb95eb04c516b95d924b5845bfeaf37fe04eb85564)
2026-10-07 21:55:26.246+00:00 | BftProcessorExecutor-QBFT-0 | INFO  | QbftBesuControllerBuilder | Imported #155 / 0 tx / 0 pending / 0 (0.0%) gas / (0xd8bd398bbd594b29e6000e958607cfb099c2c8b86b6db8635663fab8ccd3af38)
2026-10-07 21:55:28.340+00:00 | BftProcessorExecutor-QBFT-0 | INFO  | QbftBesuControllerBuilder | Imported #156 / 0 tx / 0 pending / 0 (0.0%) gas / (0x5fadc4f7d7e62d16bdf8847e0a8470da7a9242bbdf8ade123ec2d6d674c487db)
2026-10-07 21:55:30.343+00:00 | BftProcessorExecutor-QBFT-0 | INFO  | QbftBesuControllerBuilder | Imported #157 / 0 tx / 0 pending / 0 (0.0%) gas / (0x33b76e2a51b4da6f55bb5a69744f203c9e68ff7c56e8cf95be53a6113ddabab8)
2026-10-07 21:55:32.342+00:00 | BftProcessorExecutor-QBFT-0 | INFO  | QbftBesuControllerBuilder | Imported #158 / 0 tx / 0 pending / 0 (0.0%) gas / (0x14fe9dc3d64e185241e6d22a09da476a242a324c7cb88edc159fa017331aba34)
2026-10-07 21:55:34.335+00:00 | BftProcessorExecutor-QBFT-0 | INFO  | QbftBesuControllerBuilder | Imported #159 / 0 tx / 0 pending / 0 (0.0%) gas / (0x73a09749bafe191e10dd7a394e3f7eaa62bb172d2ab5f1558f35b77aac309751)
2026-10-07 21:55:36.338+00:00 | BftProcessorExecutor-QBFT-0 | INFO  | QbftBesuControllerBuilder | Imported #160 / 0 tx / 0 pending / 0 (0.0%) gas / (0x3899021d96b417bd76b80a8d8cc8f3790a1bb9b764f162b8b25e8ff21bd8dd80)
2026-10-07 21:55:38.333+00:00 | BftProcessorExecutor-QBFT-0 | INFO  | QbftBesuControllerBuilder | Imported #161 / 0 tx / 0 pending / 0 (0.0%) gas / (0x94228e4c4a581102bfb7b7ef21dda6e3b98695cf69a89d1cfa34783b400d7b1f)
2026-10-07 21:55:40.498+00:00 | BftProcessorExecutor-QBFT-0 | INFO  | QbftBesuControllerBuilder | Imported #162 / 0 tx / 0 pending / 0 (0.0%) gas / (0x8d80416917666bb698c4bcc1a4044fae059626352e28ba8f08e5f41222aa8ac3)
2026-10-07 21:55:42.459+00:00 | BftProcessorExecutor-QBFT-0 | INFO  | QbftBesuControllerBuilder | Imported #163 / 0 tx / 0 pending / 0 (0.0%) gas / (0x88130bbbb793ebd31bd5ca33a0f7351f7125509f560c71dd9f26b97fe40cec37)
2026-10-07 21:55:44.498+00:00 | BftProcessorExecutor-QBFT-0 | INFO  | QbftBesuControllerBuilder | Imported #164 / 0 tx / 0 pending / 0 (0.0%) gas / (0xca9aeb08a85b747f197e7d076070b0f375cf6238833366fcc96491f3fd244900)
2026-10-07 21:55:44.499+00:00 | EthScheduler-Workers-0 | INFO  | PersistBlockTask | Block 164 (0xca9aeb08a85b747f197e7d076070b0f375cf6238833366fcc96491f3fd244900) is already imported
2026-10-07 21:55:46.241+00:00 | BftProcessorExecutor-QBFT-0 | INFO  | QbftBesuControllerBuilder | Imported #165 / 0 tx / 0 pending / 0 (0.0%) gas / (0xff3d61f07e2ad4ab9822fe294fe4fdd56400305ad7926ca8f774e4e8612de11e)
2026-10-07 21:55:48.252+00:00 | BftProcessorExecutor-QBFT-0 | INFO  | QbftBesuControllerBuilder | Imported #166 / 0 tx / 0 pending / 0 (0.0%) gas / (0xebc78ab6925fa139fc78ed69d2c1ead995c29e5549e2dede5eb5fabb236ad7e5)
2026-10-07 21:55:50.230+00:00 | BftProcessorExecutor-QBFT-0 | INFO  | QbftBesuControllerBuilder | Imported #167 / 0 tx / 0 pending / 0 (0.0%) gas / (0x05e448c6e39659f641bd850e50c944f6c693d179b5cd0d981c0000e000fce353)
2026-10-07 21:55:52.252+00:00 | BftProcessorExecutor-QBFT-0 | INFO  | QbftBesuControllerBuilder | Produced #168 / 0 tx / 0 pending / 0 (0.0%) gas / (0x47250f227959a22feed49a48faa34ffe44f1a18039b25597bf44e6916c6c0155)
2026-10-07 21:55:52.253+00:00 | EthScheduler-Workers-0 | INFO  | PersistBlockTask | Block 168 (0x47250f227959a22feed49a48faa34ffe44f1a18039b25597bf44e6916c6c0155) is already imported
2026-10-07 21:55:54.249+00:00 | BftProcessorExecutor-QBFT-0 | INFO  | QbftBesuControllerBuilder | Imported #169 / 0 tx / 0 pending / 0 (0.0%) gas / (0x744c1bf5470e296e34b93cbf592b371a42ed31aeeba978ecb44d2d1b154659d3)
2026-10-07 21:55:56.239+00:00 | BftProcessorExecutor-QBFT-0 | INFO  | QbftBesuControllerBuilder | Imported #170 / 0 tx / 0 pending / 0 (0.0%) gas / (0x873ab86159ccef1c2927e2d5c8161fdf044bdfe1f6cf7e65c79e29d542b6d6f7)
2026-10-07 21:55:58.319+00:00 | BftProcessorExecutor-QBFT-0 | INFO  | QbftBesuControllerBuilder | Imported #171 / 0 tx / 0 pending / 0 (0.0%) gas / (0x5a9b4099aeea7dff3c1b47cfbe9702c90e2e10377985583aacec5e7e2e61b001)
2026-10-07 21:56:00.315+00:00 | BftProcessorExecutor-QBFT-0 | INFO  | QbftBesuControllerBuilder | Imported #172 / 0 tx / 0 pending / 0 (0.0%) gas / (0xac6973b78ffaf108deee618496cb47052adaec4ccb842b122138db53074ba5d2)
2026-10-07 21:56:02.338+00:00 | BftProcessorExecutor-QBFT-0 | INFO  | QbftBesuControllerBuilder | Imported #173 / 0 tx / 0 pending / 0 (0.0%) gas / (0xf95978510059cff69e716d6f1cc13b126b719290d5139ad7047d585297542396)
2026-10-07 21:56:04.320+00:00 | BftProcessorExecutor-QBFT-0 | INFO  | QbftBesuControllerBuilder | Imported #174 / 0 tx / 0 pending / 0 (0.0%) gas / (0xee731628102b3c2ad0be42c829f1c337f968911a9a4247bde2278ef985ea9094)
2026-10-07 21:56:06.325+00:00 | BftProcessorExecutor-QBFT-0 | INFO  | QbftBesuControllerBuilder | Imported #175 / 0 tx / 0 pending / 0 (0.0%) gas / (0xc72c2665a29d1767cebe3e6be6e69b5e25b717d2d807a40ec80714b0173abea0)
2026-10-07 21:56:08.316+00:00 | BftProcessorExecutor-QBFT-0 | INFO  | QbftBesuControllerBuilder | Imported #176 / 0 tx / 0 pending / 0 (0.0%) gas / (0x6829fa28094b5110c65a36d514822c45b3ea13096d0b4a25cae4a94a9a12706c)
2026-10-07 21:56:10.510+00:00 | BftProcessorExecutor-QBFT-0 | INFO  | QbftBesuControllerBuilder | Imported #177 / 0 tx / 0 pending / 0 (0.0%) gas / (0x3ea737a7b2cc6f0da959ac91d75d22ab705c92d0d1440652cf52f37ab4f66554)
2026-10-07 21:56:12.446+00:00 | BftProcessorExecutor-QBFT-0 | INFO  | QbftBesuControllerBuilder | Imported #178 / 0 tx / 0 pending / 0 (0.0%) gas / (0xc0c7b34ab64a0fd399fcbdfda43627aeeb7a69d070080c4476de016933477e6b)
2026-10-07 21:56:14.493+00:00 | BftProcessorExecutor-QBFT-0 | INFO  | QbftBesuControllerBuilder | Imported #179 / 0 tx / 0 pending / 0 (0.0%) gas / (0x98b8f76542210f3960cd74a6c3b5b17bb76722584f1b8ed683ca668f08587d06)
2026-10-07 21:56:16.289+00:00 | BftProcessorExecutor-QBFT-0 | INFO  | QbftBesuControllerBuilder | Imported #180 / 12 tx / 203 pending / 1,843,708 (0.0%) gas / (0x90a4d37818df88c8533777cb70b2ee7531f9e5c6214c6ab35109fee28cc1d55e)
2026-10-07 21:56:18.358+00:00 | BftProcessorExecutor-QBFT-0 | INFO  | QbftBesuControllerBuilder | Imported #181 / 35 tx / 439 pending / 5,377,318 (0.0%) gas / (0xd03bdf538134653a351be16d5117ee6c41726bab2a32c5e5f21d88908dc8b03a)
2026-10-07 21:56:20.418+00:00 | EthScheduler-Workers-0 | INFO  | PersistBlockTask | Block 182 (0x901b78ccd202bfe97d9bfb3bc414da0c3ffe4e0540029d3bb37baa28be5d4566) is already imported
2026-10-07 21:56:20.418+00:00 | BftProcessorExecutor-QBFT-0 | INFO  | QbftBesuControllerBuilder | Imported #182 / 34 tx / 431 pending / 5,223,524 (0.0%) gas / (0x901b78ccd202bfe97d9bfb3bc414da0c3ffe4e0540029d3bb37baa28be5d4566)
2026-10-07 21:56:22.400+00:00 | BftProcessorExecutor-QBFT-0 | INFO  | QbftBesuControllerBuilder | Produced #183 / 34 tx / 397 pending / 5,223,592 (0.0%) gas / (0x870ee05bf2e72e8b1b1560efbbfab4650377c879ec7cf110e428cba4d9be392a)
2026-10-07 21:56:24.431+00:00 | EthScheduler-Workers-0 | INFO  | PersistBlockTask | Block 184 (0xac812f676b3a2b6f173a81a0afcbeb8b192c980a0de10d1cf60acd997e3f7090) is already imported
2026-10-07 21:56:24.432+00:00 | BftProcessorExecutor-QBFT-0 | INFO  | QbftBesuControllerBuilder | Imported #184 / 34 tx / 363 pending / 5,223,632 (0.0%) gas / (0xac812f676b3a2b6f173a81a0afcbeb8b192c980a0de10d1cf60acd997e3f7090)
2026-10-07 21:56:26.439+00:00 | EthScheduler-Workers-0 | INFO  | PersistBlockTask | Block 185 (0x38bbf21d6512a203e510e6b8660245bff32d5da3de6de73ecb170bb37496c053) is already imported
2026-10-07 21:56:26.440+00:00 | BftProcessorExecutor-QBFT-0 | INFO  | QbftBesuControllerBuilder | Imported #185 / 34 tx / 329 pending / 5,223,600 (0.0%) gas / (0x38bbf21d6512a203e510e6b8660245bff32d5da3de6de73ecb170bb37496c053)
2026-10-07 21:56:28.492+00:00 | EthScheduler-Workers-0 | INFO  | PersistBlockTask | Block 186 (0x31b9bbd4b57d35828f22319c3f02ea0cc2f622d03d4aa40f41114b29b52b9449) is already imported
2026-10-07 21:56:28.492+00:00 | BftProcessorExecutor-QBFT-0 | INFO  | QbftBesuControllerBuilder | Imported #186 / 34 tx / 295 pending / 5,223,640 (0.0%) gas / (0x31b9bbd4b57d35828f22319c3f02ea0cc2f622d03d4aa40f41114b29b52b9449)
2026-10-07 21:56:30.498+00:00 | EthScheduler-Workers-0 | INFO  | PersistBlockTask | Block 187 (0xd0c791922b0faf94be7e12a8c03c6795bfb13f85eeebcfbf3e462c7a9c197a49) is already imported
2026-10-07 21:56:30.498+00:00 | BftProcessorExecutor-QBFT-0 | INFO  | QbftBesuControllerBuilder | Imported #187 / 34 tx / 295 pending / 5,223,396 (0.0%) gas / (0xd0c791922b0faf94be7e12a8c03c6795bfb13f85eeebcfbf3e462c7a9c197a49)
2026-10-07 21:56:32.479+00:00 | EthScheduler-Workers-0 | INFO  | PersistBlockTask | Block 188 (0x5b15e2f7cf9ed0e7d8b53b323142d85d5c538b3163bf2162ad17836be634e620) is already imported
2026-10-07 21:56:32.479+00:00 | BftProcessorExecutor-QBFT-0 | INFO  | QbftBesuControllerBuilder | Imported #188 / 34 tx / 227 pending / 5,223,584 (0.0%) gas / (0x5b15e2f7cf9ed0e7d8b53b323142d85d5c538b3163bf2162ad17836be634e620)
2026-10-07 21:56:34.553+00:00 | EthScheduler-Workers-0 | INFO  | PersistBlockTask | Block 189 (0xa16c9c6e1a76003928c2aa86bfcac366b488b56aa8215e7eb8560cf0793f6a84) is already imported
2026-10-07 21:56:34.553+00:00 | BftProcessorExecutor-QBFT-0 | INFO  | QbftBesuControllerBuilder | Imported #189 / 34 tx / 193 pending / 5,223,580 (0.0%) gas / (0xa16c9c6e1a76003928c2aa86bfcac366b488b56aa8215e7eb8560cf0793f6a84)
2026-10-07 21:56:36.480+00:00 | EthScheduler-Workers-0 | INFO  | PersistBlockTask | Block 190 (0x737ac77c69a5fa67a74efdfef65f3ba202540309d67bb2b8c1a7cb02c61e327d) is already imported
2026-10-07 21:56:36.480+00:00 | BftProcessorExecutor-QBFT-0 | INFO  | QbftBesuControllerBuilder | Imported #190 / 34 tx / 159 pending / 5,223,692 (0.0%) gas / (0x737ac77c69a5fa67a74efdfef65f3ba202540309d67bb2b8c1a7cb02c61e327d)
2026-10-07 21:56:38.487+00:00 | EthScheduler-Workers-0 | INFO  | PersistBlockTask | Block 191 (0x7e8d8defb4736f8beae22de78312aa7d569efdc16477255e8c9100dfea9fa671) is already imported
2026-10-07 21:56:38.487+00:00 | BftProcessorExecutor-QBFT-0 | INFO  | QbftBesuControllerBuilder | Imported #191 / 34 tx / 125 pending / 5,223,636 (0.0%) gas / (0x7e8d8defb4736f8beae22de78312aa7d569efdc16477255e8c9100dfea9fa671)
2026-10-07 21:56:40.714+00:00 | EthScheduler-Workers-0 | INFO  | PersistBlockTask | Block 192 (0x7ae85302746128ca9c3bc8c6f17afbb987b93023cd7af3009c6dae4701ea237d) is already imported
2026-10-07 21:56:40.714+00:00 | BftProcessorExecutor-QBFT-0 | INFO  | QbftBesuControllerBuilder | Imported #192 / 34 tx / 91 pending / 5,223,376 (0.0%) gas / (0x7ae85302746128ca9c3bc8c6f17afbb987b93023cd7af3009c6dae4701ea237d)
2026-10-07 21:56:42.780+00:00 | BftProcessorExecutor-QBFT-0 | INFO  | QbftBesuControllerBuilder | Imported #193 / 34 tx / 57 pending / 5,223,692 (0.0%) gas / (0xa156fa1488ccf76d47c19bcbc54224104d7c702145fa248412f064dda950e3db)
2026-10-07 21:56:42.780+00:00 | EthScheduler-Workers-0 | INFO  | PersistBlockTask | Block 193 (0xa156fa1488ccf76d47c19bcbc54224104d7c702145fa248412f064dda950e3db) is already imported
2026-10-07 21:56:44.765+00:00 | EthScheduler-Workers-0 | INFO  | PersistBlockTask | Block 194 (0x9b9fc04b1cd45b52082a5493b9c24a56abf4e882330fb64c8db0c932d266216f) is already imported
2026-10-07 21:56:44.766+00:00 | BftProcessorExecutor-QBFT-0 | INFO  | QbftBesuControllerBuilder | Imported #194 / 34 tx / 23 pending / 5,223,600 (0.0%) gas / (0x9b9fc04b1cd45b52082a5493b9c24a56abf4e882330fb64c8db0c932d266216f)
2026-10-07 21:56:46.367+00:00 | BftProcessorExecutor-QBFT-0 | INFO  | QbftBesuControllerBuilder | Imported #195 / 23 tx / 0 pending / 3,533,626 (0.0%) gas / (0xd878c2b01c631061db7438e8da732dbc31c4b951ea858d1eee3f43783aa87279)
2026-10-07 21:56:48.245+00:00 | BftProcessorExecutor-QBFT-0 | INFO  | QbftBesuControllerBuilder | Imported #196 / 0 tx / 0 pending / 0 (0.0%) gas / (0x33075f7d83c35e3500f0a3a91dcde7bf0ea7ab717ec46dff6faa013fc17f6be8)
2026-10-07 21:56:50.254+00:00 | BftProcessorExecutor-QBFT-0 | INFO  | QbftBesuControllerBuilder | Imported #197 / 0 tx / 0 pending / 0 (0.0%) gas / (0x6732aa110104043cfe17841471fb118a211209efa92d9e00a51e927a526cc0e8)
2026-10-07 21:56:50.257+00:00 | EthScheduler-Workers-0 | INFO  | PersistBlockTask | Block 197 (0x6732aa110104043cfe17841471fb118a211209efa92d9e00a51e927a526cc0e8) is already imported
2026-10-07 21:56:52.234+00:00 | BftProcessorExecutor-QBFT-0 | INFO  | QbftBesuControllerBuilder | Produced #198 / 0 tx / 0 pending / 0 (0.0%) gas / (0x7226b73306fe5bf8769305471db87f357aa344e0dd9a7d87c65d57035cfad859)
2026-10-07 21:56:54.246+00:00 | BftProcessorExecutor-QBFT-0 | INFO  | QbftBesuControllerBuilder | Imported #199 / 0 tx / 0 pending / 0 (0.0%) gas / (0x9f3f1c260fa40278a28006d350c762f5000ad6fa4d38d2322a7adacd88bec5a4)
2026-10-07 21:56:56.258+00:00 | BftProcessorExecutor-QBFT-0 | INFO  | QbftBesuControllerBuilder | Imported #200 / 0 tx / 0 pending / 0 (0.0%) gas / (0x74f039271769ac337b94659a5bbdad5d1ad1a7ad7c350ac5df16a7fc5155fb6f)
2026-10-07 21:56:58.328+00:00 | BftProcessorExecutor-QBFT-0 | INFO  | QbftBesuControllerBuilder | Imported #201 / 0 tx / 0 pending / 0 (0.0%) gas / (0xd3b32f1b12c0a5e271528fcca8179665df51b9c800b7676e3535983f7aa503fb)
2026-10-07 21:56:58.329+00:00 | EthScheduler-Workers-0 | INFO  | PersistBlockTask | Block 201 (0xd3b32f1b12c0a5e271528fcca8179665df51b9c800b7676e3535983f7aa503fb) is already imported
2026-10-07 21:57:00.332+00:00 | BftProcessorExecutor-QBFT-0 | INFO  | QbftBesuControllerBuilder | Imported #202 / 0 tx / 0 pending / 0 (0.0%) gas / (0xf1aa623569878757d9569906e3012ef8c7c57ead2f29c0709110fa592b7f9e9e)
2026-10-07 21:57:02.309+00:00 | BftProcessorExecutor-QBFT-0 | INFO  | QbftBesuControllerBuilder | Imported #203 / 0 tx / 0 pending / 0 (0.0%) gas / (0x621157d67996344e6e111e00987bbeebb710c8bde8ea3b450c185cbb259c7160)
2026-10-07 21:57:04.324+00:00 | BftProcessorExecutor-QBFT-0 | INFO  | QbftBesuControllerBuilder | Imported #204 / 0 tx / 0 pending / 0 (0.0%) gas / (0x1e3ea1f459b86b8e66b8c90bedcf7696ec44920369b3a32d5ef0a2cad5a79866)
2026-10-07 21:57:06.326+00:00 | BftProcessorExecutor-QBFT-0 | INFO  | QbftBesuControllerBuilder | Imported #205 / 0 tx / 0 pending / 0 (0.0%) gas / (0x9fdd80903cbd07b0582f78e2a8675c122667204c6727f8da009a80e51d34759d)
2026-10-07 21:57:08.326+00:00 | BftProcessorExecutor-QBFT-0 | INFO  | QbftBesuControllerBuilder | Imported #206 / 0 tx / 0 pending / 0 (0.0%) gas / (0xda07380ccfcd32eb01feb06866f17d2c57e9577dc1f12afaedeea0d2311235e0)
2026-10-07 21:57:10.477+00:00 | BftProcessorExecutor-QBFT-0 | INFO  | QbftBesuControllerBuilder | Imported #207 / 0 tx / 48 pending / 0 (0.0%) gas / (0x0e1a8f20fc0bff631a26b9fcb031497126d67c6bca7ebcc6a6aa1d4529bfaa29)
2026-10-07 21:57:14.511+00:00 | EthScheduler-Workers-0 | INFO  | PersistBlockTask | Block 208 (0xf8122d55f67911651c0a16bb21179667284eb84454e1513c01262fd0f09f1457) is already imported
2026-10-07 21:57:14.512+00:00 | BftProcessorExecutor-QBFT-0 | INFO  | QbftBesuControllerBuilder | Imported #208 / 33 tx / 1050 pending / 7,985,010 (0.0%) gas / (0xf8122d55f67911651c0a16bb21179667284eb84454e1513c01262fd0f09f1457)
2026-10-07 21:57:17.496+00:00 | BftProcessorExecutor-QBFT-0 | INFO  | QbftBesuControllerBuilder | Imported #209 / 80 tx / 1910 pending / 19,357,600 (0.0%) gas / (0x1c2fbee01c081d50cd5efd6684feae51df8013e36f969fcf25d34c794193fe12)
2026-10-07 21:57:19.970+00:00 | EthScheduler-Workers-0 | INFO  | PersistBlockTask | Block 210 (0x92a3b794417d53d241ebfd23efb4e2a63aa2d5cd2ffc7ca3347d065569759500) is already imported
2026-10-07 21:57:19.973+00:00 | BftProcessorExecutor-QBFT-0 | INFO  | QbftBesuControllerBuilder | Imported #210 / 147 tx / 2601 pending / 35,569,590 (0.0%) gas / (0x92a3b794417d53d241ebfd23efb4e2a63aa2d5cd2ffc7ca3347d065569759500)
2026-10-07 21:57:23.250+00:00 | EthScheduler-Workers-0 | INFO  | PersistBlockTask | Block 211 (0x88c5e367ed058937a68cfde9abd03bffe0ade941461d7a2b0a2f58a6f3a57c18) is already imported
2026-10-07 21:57:23.254+00:00 | BftProcessorExecutor-QBFT-0 | INFO  | QbftBesuControllerBuilder | Imported #211 / 206 tx / 3370 pending / 49,845,820 (0.0%) gas / (0x88c5e367ed058937a68cfde9abd03bffe0ade941461d7a2b0a2f58a6f3a57c18)
2026-10-07 21:57:27.359+00:00 | BftProcessorExecutor-QBFT-0 | INFO  | QbftBesuControllerBuilder | Imported #212 / 275 tx / 3229 pending / 66,541,750 (0.0%) gas / (0x5a63e9d1297ccb944f36118db8d5f9f9a507333cb9520a341d9ca9e277c665cb)
2026-10-07 21:57:31.478+00:00 | EthScheduler-Workers-0 | INFO  | PersistBlockTask | Block 213 (0x5b4edf00b86b839679469262f5c37bb5e45f57d10acf902627e9e4485034423e) is already imported
2026-10-07 21:57:31.480+00:00 | BftProcessorExecutor-QBFT-0 | INFO  | QbftBesuControllerBuilder | Produced #213 / 275 tx / 2998 pending / 66,541,750 (0.0%) gas / (0x5b4edf00b86b839679469262f5c37bb5e45f57d10acf902627e9e4485034423e)
2026-10-07 21:57:35.695+00:00 | BftProcessorExecutor-QBFT-0 | INFO  | QbftBesuControllerBuilder | Imported #214 / 275 tx / 2805 pending / 66,541,750 (0.0%) gas / (0x92b3fb47ad18572360ca3cc8b78effdb4dd5b1055a696b0a240988444a35e0ad)
2026-10-07 21:57:39.976+00:00 | EthScheduler-Workers-0 | INFO  | PersistBlockTask | Block 215 (0x92cdff4ad349eb3216a2aff19fc6522e9b1304d7112a0e91d524ca8ad5de311d) is already imported
2026-10-07 21:57:39.978+00:00 | BftProcessorExecutor-QBFT-0 | INFO  | QbftBesuControllerBuilder | Imported #215 / 273 tx / 2532 pending / 66,057,810 (0.0%) gas / (0x92cdff4ad349eb3216a2aff19fc6522e9b1304d7112a0e91d524ca8ad5de311d)
2026-10-07 21:57:44.246+00:00 | EthScheduler-Workers-0 | INFO  | PersistBlockTask | Block 216 (0xd9ab28012775f984f8d25c35490a65c96f10cc802a4246e744c5b39bc99bce35) is already imported
2026-10-07 21:57:44.250+00:00 | BftProcessorExecutor-QBFT-0 | INFO  | QbftBesuControllerBuilder | Imported #216 / 272 tx / 2260 pending / 65,815,840 (0.0%) gas / (0xd9ab28012775f984f8d25c35490a65c96f10cc802a4246e744c5b39bc99bce35)
2026-10-07 21:57:48.524+00:00 | BftProcessorExecutor-QBFT-0 | INFO  | QbftBesuControllerBuilder | Imported #217 / 272 tx / 1988 pending / 65,815,840 (0.0%) gas / (0xdf84d525abe9c9830bda4fdf502903feb920e2ba64935274fe11a3e3e0c4668d)
2026-10-07 21:57:52.866+00:00 | EthScheduler-Workers-0 | INFO  | PersistBlockTask | Block 218 (0x8234dc3404b241abb9be7d9c294c538e70d22e12c95512ae8c1a9d05bd4992e3) is already imported
2026-10-07 21:57:52.873+00:00 | BftProcessorExecutor-QBFT-0 | INFO  | QbftBesuControllerBuilder | Imported #218 / 272 tx / 1716 pending / 65,815,840 (0.0%) gas / (0x8234dc3404b241abb9be7d9c294c538e70d22e12c95512ae8c1a9d05bd4992e3)
2026-10-07 21:57:57.124+00:00 | BftProcessorExecutor-QBFT-0 | INFO  | QbftBesuControllerBuilder | Imported #219 / 272 tx / 1444 pending / 65,815,840 (0.0%) gas / (0xaf3e6afbf06efa9eb15455996bed40dd98c5fa70b9966c4bf3aa7b8ad20c85d2)
2026-10-07 21:58:01.539+00:00 | BftProcessorExecutor-QBFT-0 | INFO  | QbftBesuControllerBuilder | Imported #220 / 272 tx / 1172 pending / 65,815,840 (0.0%) gas / (0x8c1100a0cd81fb68ec512b531fafbe09043b3bf21993de78e5c1a86c6b9b218c)
2026-10-07 21:58:05.801+00:00 | BftProcessorExecutor-QBFT-0 | INFO  | QbftBesuControllerBuilder | Imported #221 / 272 tx / 900 pending / 65,815,840 (0.0%) gas / (0xf090a9d4eaaf45d3dc5d929c70fccb44ba92c4375692e5f3bab5dedb24e8cf6a)
2026-10-07 21:58:10.802+00:00 | BftProcessorExecutor-QBFT-0 | INFO  | QbftBesuControllerBuilder | Imported #222 / 272 tx / 628 pending / 65,815,840 (0.0%) gas / (0xef280e2dc1ac9cf9ae13311177bdbdf5717f7cf5bcd99b0db0df29d7b8a17117)
2026-10-07 21:58:15.086+00:00 | BftProcessorExecutor-QBFT-0 | INFO  | QbftBesuControllerBuilder | Imported #223 / 239 tx / 389 pending / 57,830,830 (0.0%) gas / (0xc6a9ffc1393abce27c921ef0ef44d0c6249db7d15ea4ca4fa4d19fd165d7071f)
2026-10-07 21:58:18.898+00:00 | BftProcessorExecutor-QBFT-0 | INFO  | QbftBesuControllerBuilder | Imported #224 / 192 tx / 197 pending / 46,458,240 (0.0%) gas / (0x5e7f2467416aee3c4f7f75b038fa7aa8eaa993179b45a679b6711bdebcfe1527)
2026-10-07 21:58:21.012+00:00 | EthScheduler-Workers-0 | INFO  | PersistBlockTask | Block 225 (0x1ae9f884565539cd1443330f95813f37103c3da70a59ad775e7e14c074a14caf) is already imported
2026-10-07 21:58:21.013+00:00 | BftProcessorExecutor-QBFT-0 | INFO  | QbftBesuControllerBuilder | Imported #225 / 128 tx / 69 pending / 30,972,160 (0.0%) gas / (0x1ae9f884565539cd1443330f95813f37103c3da70a59ad775e7e14c074a14caf)
2026-10-07 21:58:22.292+00:00 | EthScheduler-Workers-0 | INFO  | PersistBlockTask | Block 226 (0x88a6f46199dbc71b45f2193bd3f9659aa6be69110a889b74f6eba4820d569980) is already imported
2026-10-07 21:58:22.292+00:00 | BftProcessorExecutor-QBFT-0 | INFO  | QbftBesuControllerBuilder | Imported #226 / 69 tx / 0 pending / 16,695,930 (0.0%) gas / (0x88a6f46199dbc71b45f2193bd3f9659aa6be69110a889b74f6eba4820d569980)
2026-10-07 21:58:23.250+00:00 | BftProcessorExecutor-QBFT-0 | INFO  | QbftBesuControllerBuilder | Imported #227 / 0 tx / 0 pending / 0 (0.0%) gas / (0x0e70ad313c64db9d3735e199c269e5cedbe4ce8eb267c66ed855dbae44e3ecd2)
2026-10-07 21:58:25.256+00:00 | BftProcessorExecutor-QBFT-0 | INFO  | QbftBesuControllerBuilder | Produced #228 / 0 tx / 0 pending / 0 (0.0%) gas / (0xb48b82606840a0e7dafb77ad35bd99531e70b2ef58cb2a7db49b1114a73c3e81)
2026-10-07 21:58:27.263+00:00 | BftProcessorExecutor-QBFT-0 | INFO  | QbftBesuControllerBuilder | Imported #229 / 0 tx / 0 pending / 0 (0.0%) gas / (0x0d8af5d6977cc5536e7f0cb0c396ee28b4372d6618af80a305706bb9bd8e58f8)
2026-10-07 21:58:27.266+00:00 | EthScheduler-Workers-0 | INFO  | PersistBlockTask | Block 229 (0x0d8af5d6977cc5536e7f0cb0c396ee28b4372d6618af80a305706bb9bd8e58f8) is already imported
2026-10-07 21:58:29.251+00:00 | BftProcessorExecutor-QBFT-0 | INFO  | QbftBesuControllerBuilder | Imported #230 / 0 tx / 0 pending / 0 (0.0%) gas / (0xd27fa0702f9ee1478706dfd95e8f4cf3fb02d136ea77fd626b9690c8ca0492e9)
2026-10-07 21:58:31.317+00:00 | BftProcessorExecutor-QBFT-0 | INFO  | QbftBesuControllerBuilder | Imported #231 / 0 tx / 0 pending / 0 (0.0%) gas / (0x1fce2b2e68a42b75bc9c94908c1c02818f7ad86959f5b482e39455e20bdc014c)
2026-10-07 21:58:33.322+00:00 | BftProcessorExecutor-QBFT-0 | INFO  | QbftBesuControllerBuilder | Imported #232 / 0 tx / 0 pending / 0 (0.0%) gas / (0x4c2aa3a820fc13d36c5c0388358b229c6d708036654024bd2a007c9d720cc9be)
2026-10-07 21:58:35.321+00:00 | BftProcessorExecutor-QBFT-0 | INFO  | QbftBesuControllerBuilder | Imported #233 / 0 tx / 0 pending / 0 (0.0%) gas / (0xd987374d6ab06e10e483ee0b3d8337fdda40225be38b6a4267e8fe39f698aa64)
2026-10-07 21:58:37.355+00:00 | EthScheduler-Workers-0 | INFO  | PersistBlockTask | Block 234 (0x6a66830c669a321eac9525b02b6c5d2c9eea45aa65c09daf61fd31bda912b692) is already imported
2026-10-07 21:58:37.356+00:00 | BftProcessorExecutor-QBFT-0 | INFO  | QbftBesuControllerBuilder | Imported #234 / 0 tx / 0 pending / 0 (0.0%) gas / (0x6a66830c669a321eac9525b02b6c5d2c9eea45aa65c09daf61fd31bda912b692)
2026-10-07 21:58:39.321+00:00 | BftProcessorExecutor-QBFT-0 | INFO  | QbftBesuControllerBuilder | Imported #235 / 0 tx / 0 pending / 0 (0.0%) gas / (0x8d3ef873dd3877ca23268b6ba1e05145a376eddc2d7ed043ba5c2a2b88978b4d)
2026-10-07 21:58:41.327+00:00 | BftProcessorExecutor-QBFT-0 | INFO  | QbftBesuControllerBuilder | Imported #236 / 0 tx / 0 pending / 0 (0.0%) gas / (0x6b8a9641437b396ebf1f67a72a7f55766d22022a2d7ed37f6f3ea1825d43fff9)
2026-10-07 21:58:43.458+00:00 | BftProcessorExecutor-QBFT-0 | INFO  | QbftBesuControllerBuilder | Imported #237 / 0 tx / 0 pending / 0 (0.0%) gas / (0x5cf1b7b82928285d5d7a3c96e723abedb94f57395d64a67381ad28cec0070568)
2026-10-07 21:58:45.534+00:00 | BftProcessorExecutor-QBFT-0 | INFO  | QbftBesuControllerBuilder | Imported #238 / 0 tx / 0 pending / 0 (0.0%) gas / (0xe63b4777411c3d195ffd37f97d67c24e4bc739143f979895d5821395e3212ef1)
2026-10-07 21:58:47.502+00:00 | BftProcessorExecutor-QBFT-0 | INFO  | QbftBesuControllerBuilder | Imported #239 / 0 tx / 0 pending / 0 (0.0%) gas / (0x6271d6f8b70d60ce08e1669b251a6253adcac1fa2832a075c0c08c5815af0192)
2026-10-07 21:58:49.246+00:00 | BftProcessorExecutor-QBFT-0 | INFO  | QbftBesuControllerBuilder | Imported #240 / 0 tx / 0 pending / 0 (0.0%) gas / (0xd5f10c6645802dcc28dc461354dd943852bbebf0e1094164d168abc2b01a54b9)
2026-10-07 21:58:51.255+00:00 | BftProcessorExecutor-QBFT-0 | INFO  | QbftBesuControllerBuilder | Imported #241 / 0 tx / 0 pending / 0 (0.0%) gas / (0x2fa8d2ba30887f4251269ba73004c41e6e23b6a93cf809310431a3c48bd5b699)
2026-10-07 21:58:53.254+00:00 | BftProcessorExecutor-QBFT-0 | INFO  | QbftBesuControllerBuilder | Imported #242 / 0 tx / 0 pending / 0 (0.0%) gas / (0x4dc705ece554320c9fa4f0ada4df49385d429153ac735c1d3fb6e1309e5ab4e0)
2026-10-07 21:58:55.244+00:00 | BftProcessorExecutor-QBFT-0 | INFO  | QbftBesuControllerBuilder | Produced #243 / 0 tx / 0 pending / 0 (0.0%) gas / (0xabc879d024fa205c42697ed4ab5ef7b8a71fa062cc9e3342fd5653a634fd98db)
2026-10-07 21:58:55.247+00:00 | EthScheduler-Workers-0 | INFO  | PersistBlockTask | Block 243 (0xabc879d024fa205c42697ed4ab5ef7b8a71fa062cc9e3342fd5653a634fd98db) is already imported
2026-10-07 21:58:57.252+00:00 | BftProcessorExecutor-QBFT-0 | INFO  | QbftBesuControllerBuilder | Imported #244 / 0 tx / 0 pending / 0 (0.0%) gas / (0xa005379c49d6ee2da3b35d577a217d9bfe9d0b78dd841a2fa138ef2acca47ed0)
2026-10-07 21:58:59.254+00:00 | BftProcessorExecutor-QBFT-0 | INFO  | QbftBesuControllerBuilder | Imported #245 / 0 tx / 0 pending / 0 (0.0%) gas / (0xbac44e24e008b9a95dce1b1a6a43163c603098eca7c14000cd96b1e057075ebe)
2026-10-07 21:58:59.255+00:00 | EthScheduler-Workers-0 | INFO  | PersistBlockTask | Block 245 (0xbac44e24e008b9a95dce1b1a6a43163c603098eca7c14000cd96b1e057075ebe) is already imported
2026-10-07 21:59:01.327+00:00 | BftProcessorExecutor-QBFT-0 | INFO  | QbftBesuControllerBuilder | Imported #246 / 0 tx / 0 pending / 0 (0.0%) gas / (0xdbc19ef9a45231a883ac020fe4a5dc55b5cd1aa7310b1951b8597c8809852c0f)
2026-10-07 21:59:03.324+00:00 | BftProcessorExecutor-QBFT-0 | INFO  | QbftBesuControllerBuilder | Imported #247 / 0 tx / 0 pending / 0 (0.0%) gas / (0x42d80bb08af607f6c4d1ddde1a2ba2ac22d3183896ef7f8d68ee1d07cf4346fb)
2026-10-07 21:59:05.331+00:00 | BftProcessorExecutor-QBFT-0 | INFO  | QbftBesuControllerBuilder | Imported #248 / 0 tx / 0 pending / 0 (0.0%) gas / (0xe64e63630d737b9fc8d59e9d28a129d8f32db49a1c1cd6ff2304bc3f3651c87a)
2026-10-07 21:59:07.330+00:00 | BftProcessorExecutor-QBFT-0 | INFO  | QbftBesuControllerBuilder | Imported #249 / 0 tx / 0 pending / 0 (0.0%) gas / (0x9513574f8607ea144ce092afd881839b95edccda56440d913a143ff8b85eea3b)
2026-10-07 21:59:09.323+00:00 | BftProcessorExecutor-QBFT-0 | INFO  | QbftBesuControllerBuilder | Imported #250 / 0 tx / 0 pending / 0 (0.0%) gas / (0xb562ff3692a7f466e1c6b3be656d230c5a3d4429fbd9900da009f111f581b896)
2026-10-07 21:59:11.320+00:00 | BftProcessorExecutor-QBFT-0 | INFO  | QbftBesuControllerBuilder | Imported #251 / 0 tx / 0 pending / 0 (0.0%) gas / (0x5d25c397072cbdd434fb328e997993c82b44031102527cb4f052435d8a041c52)
2026-10-07 21:59:13.490+00:00 | BftProcessorExecutor-QBFT-0 | INFO  | QbftBesuControllerBuilder | Imported #252 / 0 tx / 0 pending / 0 (0.0%) gas / (0x687a94b844d20018963dc0541b2e14cc3d74dbd2c2bbda4ab02a50ab9ac0401a)
2026-10-07 21:59:15.457+00:00 | BftProcessorExecutor-QBFT-0 | INFO  | QbftBesuControllerBuilder | Imported #253 / 0 tx / 0 pending / 0 (0.0%) gas / (0x15b4f4a13743704b407421763de3a588ded169a81498840eb171cb7378728f51)
2026-10-07 21:59:17.488+00:00 | BftProcessorExecutor-QBFT-0 | INFO  | QbftBesuControllerBuilder | Imported #254 / 0 tx / 28 pending / 0 (0.0%) gas / (0x87e4c8c9d3987b68d7647e2064489c84c41007f0a1ab510fd878798339fbd445)
2026-10-07 21:59:19.367+00:00 | EthScheduler-Workers-0 | INFO  | PersistBlockTask | Block 255 (0x1c318912de7f6842c3e85511c90414f6320ae3c3e20639952b5b680139a9f615) is already imported
2026-10-07 21:59:19.367+00:00 | BftProcessorExecutor-QBFT-0 | INFO  | QbftBesuControllerBuilder | Imported #255 / 35 tx / 437 pending / 5,377,246 (0.0%) gas / (0x1c318912de7f6842c3e85511c90414f6320ae3c3e20639952b5b680139a9f615)
2026-10-07 21:59:21.413+00:00 | EthScheduler-Workers-0 | INFO  | PersistBlockTask | Block 256 (0xcec806233505434e9a25bc2143487d8ac4f68ec26cb8e3835d3c5210634dab46) is already imported
2026-10-07 21:59:21.413+00:00 | BftProcessorExecutor-QBFT-0 | INFO  | QbftBesuControllerBuilder | Imported #256 / 35 tx / 442 pending / 5,377,230 (0.0%) gas / (0xcec806233505434e9a25bc2143487d8ac4f68ec26cb8e3835d3c5210634dab46)
2026-10-07 21:59:23.424+00:00 | BftProcessorExecutor-QBFT-0 | INFO  | QbftBesuControllerBuilder | Imported #257 / 34 tx / 408 pending / 5,223,520 (0.0%) gas / (0x05e5fbd59ee31aac6ebf2c8dc4ca5aaa55ac094e5c5ae3683b970f528bf2f7c7)
2026-10-07 21:59:25.480+00:00 | EthScheduler-Workers-0 | INFO  | PersistBlockTask | Block 258 (0xa08720e51c8648afd0d7bb43649b4d508ea6207b2ad1180399f88aae1beaad1f) is already imported
2026-10-07 21:59:25.480+00:00 | BftProcessorExecutor-QBFT-0 | INFO  | QbftBesuControllerBuilder | Produced #258 / 34 tx / 374 pending / 5,223,580 (0.0%) gas / (0xa08720e51c8648afd0d7bb43649b4d508ea6207b2ad1180399f88aae1beaad1f)
2026-10-07 21:59:27.407+00:00 | EthScheduler-Workers-0 | INFO  | PersistBlockTask | Block 259 (0x5bf9d9e7b7b870cb164b33fd91b56bcc2dcda474bb8d58a3968b10bad6c868af) is already imported
2026-10-07 21:59:27.408+00:00 | BftProcessorExecutor-QBFT-0 | INFO  | QbftBesuControllerBuilder | Imported #259 / 34 tx / 340 pending / 5,223,480 (0.0%) gas / (0x5bf9d9e7b7b870cb164b33fd91b56bcc2dcda474bb8d58a3968b10bad6c868af)
2026-10-07 21:59:29.404+00:00 | EthScheduler-Workers-0 | INFO  | PersistBlockTask | Block 260 (0x6a62fb934247fca8336148095ffedfa67669802d79a371fbd0b47b7a1cd5a97f) is already imported
2026-10-07 21:59:29.405+00:00 | BftProcessorExecutor-QBFT-0 | INFO  | QbftBesuControllerBuilder | Imported #260 / 34 tx / 306 pending / 5,223,548 (0.0%) gas / (0x6a62fb934247fca8336148095ffedfa67669802d79a371fbd0b47b7a1cd5a97f)
2026-10-07 21:59:31.522+00:00 | BftProcessorExecutor-QBFT-0 | INFO  | QbftBesuControllerBuilder | Imported #261 / 34 tx / 272 pending / 5,223,668 (0.0%) gas / (0x3545fd7268f765a2f3eadb045527f1f6322a2b6f6d4e2bc94d6311ad0090316b)
2026-10-07 21:59:33.472+00:00 | BftProcessorExecutor-QBFT-0 | INFO  | QbftBesuControllerBuilder | Imported #262 / 34 tx / 238 pending / 5,223,592 (0.0%) gas / (0x257efbefa2dcab1ddec1ee75038bfbf0c20aff590a9c39fce7fa78d994047301)
2026-10-07 21:59:35.476+00:00 | BftProcessorExecutor-QBFT-0 | INFO  | QbftBesuControllerBuilder | Imported #263 / 34 tx / 204 pending / 5,223,448 (0.0%) gas / (0x202c8b5e12bc1039132fb66910b86069916a51ca19b788e2031046851ad1ea36)
2026-10-07 21:59:37.530+00:00 | EthScheduler-Workers-0 | INFO  | PersistBlockTask | Block 264 (0xc91ccda60a7e6ea184b2934d8012204727d1283a00978f1abe3154e45c077cf1) is already imported
2026-10-07 21:59:37.531+00:00 | BftProcessorExecutor-QBFT-0 | INFO  | QbftBesuControllerBuilder | Imported #264 / 34 tx / 170 pending / 5,223,480 (0.0%) gas / (0xc91ccda60a7e6ea184b2934d8012204727d1283a00978f1abe3154e45c077cf1)
2026-10-07 21:59:39.455+00:00 | BftProcessorExecutor-QBFT-0 | INFO  | QbftBesuControllerBuilder | Imported #265 / 34 tx / 136 pending / 5,223,484 (0.0%) gas / (0x7818081b869a61d22cb41889f3d2a15c1659afbe05d6dc31e44c5731c6c1fdab)
2026-10-07 21:59:39.455+00:00 | EthScheduler-Workers-0 | INFO  | PersistBlockTask | Block 265 (0x7818081b869a61d22cb41889f3d2a15c1659afbe05d6dc31e44c5731c6c1fdab) is already imported
2026-10-07 21:59:41.466+00:00 | BftProcessorExecutor-QBFT-0 | INFO  | QbftBesuControllerBuilder | Imported #266 / 34 tx / 102 pending / 5,223,544 (0.0%) gas / (0xdf609384ec0ad0156e59b82e83a317803fb9c9bd07f624354ea40071ceedc13b)
2026-10-07 21:59:43.743+00:00 | BftProcessorExecutor-QBFT-0 | INFO  | QbftBesuControllerBuilder | Imported #267 / 34 tx / 68 pending / 5,223,608 (0.0%) gas / (0x78f800e2c6aaeb0e0edc12c35b4712e808fa21d9c172466926252dd7f8dfa2a8)
2026-10-07 21:59:45.636+00:00 | BftProcessorExecutor-QBFT-0 | INFO  | QbftBesuControllerBuilder | Imported #268 / 34 tx / 34 pending / 5,223,544 (0.0%) gas / (0x05c559914bb79bd48f0601c2c4cf2d8fc8323d8bf8ab6a31354fd34d659cba04)
2026-10-07 21:59:47.864+00:00 | EthScheduler-Workers-0 | INFO  | PersistBlockTask | Block 269 (0x03a702dad521d3dd1f42ac1fbdd30f911dadd8e59ed1c446add326ba00deb32d) is already imported
2026-10-07 21:59:47.864+00:00 | BftProcessorExecutor-QBFT-0 | INFO  | QbftBesuControllerBuilder | Imported #269 / 34 tx / 0 pending / 5,223,476 (0.0%) gas / (0x03a702dad521d3dd1f42ac1fbdd30f911dadd8e59ed1c446add326ba00deb32d)
2026-10-07 21:59:49.252+00:00 | BftProcessorExecutor-QBFT-0 | INFO  | QbftBesuControllerBuilder | Imported #270 / 0 tx / 0 pending / 0 (0.0%) gas / (0xf23887a53d9fa4422cab806800f983059630a9e5f307fdeac3a05150f7be6a73)
2026-10-07 21:59:51.248+00:00 | BftProcessorExecutor-QBFT-0 | INFO  | QbftBesuControllerBuilder | Imported #271 / 0 tx / 0 pending / 0 (0.0%) gas / (0xe8fbbf6a6583ae67c0569a402096ca871f764818cac8a8706ccd484685ed7aec)
2026-10-07 21:59:53.240+00:00 | BftProcessorExecutor-QBFT-0 | INFO  | QbftBesuControllerBuilder | Imported #272 / 0 tx / 0 pending / 0 (0.0%) gas / (0x400e1f0266c5769f4d4cb0929d38b469a0b27a3b1492b3521b8098322ad8731d)
2026-10-07 21:59:55.241+00:00 | BftProcessorExecutor-QBFT-0 | INFO  | QbftBesuControllerBuilder | Produced #273 / 0 tx / 0 pending / 0 (0.0%) gas / (0x30db1d9ed20a5f414aecad54a0aaa3111d467aeaafbb2113ab94ededb4a7fce7)
2026-10-07 21:59:57.247+00:00 | BftProcessorExecutor-QBFT-0 | INFO  | QbftBesuControllerBuilder | Imported #274 / 0 tx / 0 pending / 0 (0.0%) gas / (0x5d8e4fa0eb75f4ee5aeeb78df8c57817c411be0399e5dc0f2bb314221a1c20a2)
2026-10-07 21:59:59.230+00:00 | BftProcessorExecutor-QBFT-0 | INFO  | QbftBesuControllerBuilder | Imported #275 / 0 tx / 0 pending / 0 (0.0%) gas / (0x7633dab3edca8877f72c02ab5a6b9904588f321ff18c34a3490b77789dd7b164)
2026-10-07 22:00:01.328+00:00 | BftProcessorExecutor-QBFT-0 | INFO  | QbftBesuControllerBuilder | Imported #276 / 0 tx / 0 pending / 0 (0.0%) gas / (0x40f483eaacb70aa465e3d2b3b6e719f23cc6c48b4aef19aae61a9f17de6f0704)
2026-10-07 22:00:03.335+00:00 | BftProcessorExecutor-QBFT-0 | INFO  | QbftBesuControllerBuilder | Imported #277 / 0 tx / 0 pending / 0 (0.0%) gas / (0xc0f34d3ddeffd3c59649f05ed87bf13a43fa87294ffbc92bd9bccc26776fcf94)
2026-10-07 22:00:03.337+00:00 | EthScheduler-Workers-0 | INFO  | PersistBlockTask | Block 277 (0xc0f34d3ddeffd3c59649f05ed87bf13a43fa87294ffbc92bd9bccc26776fcf94) is already imported
2026-10-07 22:00:05.338+00:00 | BftProcessorExecutor-QBFT-0 | INFO  | QbftBesuControllerBuilder | Imported #278 / 0 tx / 0 pending / 0 (0.0%) gas / (0x5d1819aa487cbc71713db47008d3e73879a7dbdca4ddf136d64f84a5248714ca)
2026-10-07 22:00:07.319+00:00 | BftProcessorExecutor-QBFT-0 | INFO  | QbftBesuControllerBuilder | Imported #279 / 0 tx / 0 pending / 0 (0.0%) gas / (0xdd1cb83649c6264946a915a8746daeeff263a3d245e5c4f7fe57a5a085d57a8b)
2026-10-07 22:00:09.326+00:00 | BftProcessorExecutor-QBFT-0 | INFO  | QbftBesuControllerBuilder | Imported #280 / 0 tx / 0 pending / 0 (0.0%) gas / (0x87c193399d8a035710a8dadc90a06d44d6a22bf8ea4ac092242909ce89d77925)
2026-10-07 22:00:11.330+00:00 | BftProcessorExecutor-QBFT-0 | INFO  | QbftBesuControllerBuilder | Imported #281 / 0 tx / 0 pending / 0 (0.0%) gas / (0x4200c7a61f62fa4496fb33345887e244cd5b99d232a147366f24256960db4601)
2026-10-07 22:00:14.203+00:00 | EthScheduler-Workers-0 | INFO  | PersistBlockTask | Block 282 (0x02b55cc074c13220067e26e40420b07fa660b8702b761565d9a794a8ded5b8af) is already imported
2026-10-07 22:00:14.203+00:00 | BftProcessorExecutor-QBFT-0 | INFO  | QbftBesuControllerBuilder | Imported #282 / 17 tx / 548 pending / 4,113,490 (0.0%) gas / (0x02b55cc074c13220067e26e40420b07fa660b8702b761565d9a794a8ded5b8af)
2026-10-07 22:00:17.653+00:00 | BftProcessorExecutor-QBFT-0 | INFO  | QbftBesuControllerBuilder | Imported #283 / 61 tx / 1533 pending / 14,760,170 (0.0%) gas / (0x57a0f01f94734409c8302e268abaf04ae00f02fa20722a733f20848e74808237)
2026-10-07 22:00:24.671+00:00 | EthScheduler-Workers-0 | INFO  | PersistBlockTask | Block 284 (0xfd5f0f0f035d950c1db79d387d088b6b3dbba6ff42dc378f98e555420d31bba1) is already imported
2026-10-07 22:00:24.675+00:00 | BftProcessorExecutor-QBFT-0 | INFO  | QbftBesuControllerBuilder | Imported #284 / 122 tx / 3613 pending / 29,520,340 (0.0%) gas / (0xfd5f0f0f035d950c1db79d387d088b6b3dbba6ff42dc378f98e555420d31bba1)
2026-10-07 22:00:28.699+00:00 | BftProcessorExecutor-QBFT-0 | INFO  | QbftBesuControllerBuilder | Imported #285 / 275 tx / 3485 pending / 66,541,750 (0.0%) gas / (0xf45fdfaae76bce840a7d6f1a68e6b6f98dc994fe7207082bc1eb585b51a61004)
2026-10-07 22:00:32.798+00:00 | EthScheduler-Workers-0 | INFO  | PersistBlockTask | Block 286 (0x14c7ac2b301e4b6113d6f7a7a48f7ecd06a1b09dc9d8e8ae19401c6a31537cd3) is already imported
2026-10-07 22:00:32.801+00:00 | BftProcessorExecutor-QBFT-0 | INFO  | QbftBesuControllerBuilder | Imported #286 / 275 tx / 3294 pending / 66,541,750 (0.0%) gas / (0x14c7ac2b301e4b6113d6f7a7a48f7ecd06a1b09dc9d8e8ae19401c6a31537cd3)
2026-10-07 22:00:36.970+00:00 | EthScheduler-Workers-0 | INFO  | PersistBlockTask | Block 287 (0x6c14ac269d2dd985bfd1cdf88c0b6d1c8d3ca57755fa7a29a3b9b9e18c18b2d6) is already imported
2026-10-07 22:00:36.973+00:00 | BftProcessorExecutor-QBFT-0 | INFO  | QbftBesuControllerBuilder | Imported #287 / 275 tx / 3023 pending / 66,541,750 (0.0%) gas / (0x6c14ac269d2dd985bfd1cdf88c0b6d1c8d3ca57755fa7a29a3b9b9e18c18b2d6)
2026-10-07 22:00:41.143+00:00 | BftProcessorExecutor-QBFT-0 | INFO  | QbftBesuControllerBuilder | Produced #288 / 275 tx / 2796 pending / 66,541,750 (0.0%) gas / (0xe35988574134d54c19b0a0935cfc5f41ec0774f32b98c518641f2c43383c38e7)
2026-10-07 22:00:45.343+00:00 | BftProcessorExecutor-QBFT-0 | INFO  | QbftBesuControllerBuilder | Imported #289 / 275 tx / 2521 pending / 66,541,750 (0.0%) gas / (0xcfb67894a1ea8df307993a15d039f489d70eafff1bf0a84c9d899f82a14465ed)
2026-10-07 22:00:49.588+00:00 | EthScheduler-Workers-0 | INFO  | PersistBlockTask | Block 290 (0x57bf6baeff1433c7ee44bf1e1e554fd7de131b8fb311988be0ab917dd77b2cc6) is already imported
2026-10-07 22:00:49.591+00:00 | BftProcessorExecutor-QBFT-0 | INFO  | QbftBesuControllerBuilder | Imported #290 / 273 tx / 2248 pending / 66,057,810 (0.0%) gas / (0x57bf6baeff1433c7ee44bf1e1e554fd7de131b8fb311988be0ab917dd77b2cc6)
2026-10-07 22:00:53.920+00:00 | EthScheduler-Workers-0 | INFO  | PersistBlockTask | Block 291 (0x42426a4f2fa39ae09129ceda50e7ef8d9d67f4cda9b22160bb87c2ad18d9422d) is already imported
2026-10-07 22:00:53.924+00:00 | BftProcessorExecutor-QBFT-0 | INFO  | QbftBesuControllerBuilder | Imported #291 / 272 tx / 1976 pending / 65,815,840 (0.0%) gas / (0x42426a4f2fa39ae09129ceda50e7ef8d9d67f4cda9b22160bb87c2ad18d9422d)
2026-10-07 22:00:58.153+00:00 | EthScheduler-Workers-0 | INFO  | PersistBlockTask | Block 292 (0x23bf7e88a66d120f8eb8997f458eac3afc63487dfe3968fa8cc9b37e07b161df) is already imported
2026-10-07 22:00:58.156+00:00 | BftProcessorExecutor-QBFT-0 | INFO  | QbftBesuControllerBuilder | Imported #292 / 272 tx / 1704 pending / 65,815,840 (0.0%) gas / (0x23bf7e88a66d120f8eb8997f458eac3afc63487dfe3968fa8cc9b37e07b161df)
2026-10-07 22:01:02.414+00:00 | BftProcessorExecutor-QBFT-0 | INFO  | QbftBesuControllerBuilder | Imported #293 / 272 tx / 1432 pending / 65,815,840 (0.0%) gas / (0x47536db02fe23460589b400778d80e344379cd1c5b65de693af94a1d0db97261)
2026-10-07 22:01:06.732+00:00 | BftProcessorExecutor-QBFT-0 | INFO  | QbftBesuControllerBuilder | Imported #294 / 272 tx / 1160 pending / 65,815,840 (0.0%) gas / (0xde99542df45bdeee6a3f5d5287122de13d8c5ae4386fa6862b3a196c97f43baa)
2026-10-07 22:01:11.063+00:00 | EthScheduler-Workers-0 | INFO  | PersistBlockTask | Block 295 (0x6d3623ea0476bc1e2228fff8a34a936773390556d92f001044cd2a775ebeb445) is already imported
2026-10-07 22:01:11.065+00:00 | BftProcessorExecutor-QBFT-0 | INFO  | QbftBesuControllerBuilder | Imported #295 / 272 tx / 888 pending / 65,815,840 (0.0%) gas / (0x6d3623ea0476bc1e2228fff8a34a936773390556d92f001044cd2a775ebeb445)
2026-10-07 22:01:15.239+00:00 | BftProcessorExecutor-QBFT-0 | INFO  | QbftBesuControllerBuilder | Imported #296 / 272 tx / 616 pending / 65,815,840 (0.0%) gas / (0x1214715278ab14ed8942fbb6a5b4addd5029032719d52d8be4b3166fc6829a2d)
2026-10-07 22:01:20.034+00:00 | BftProcessorExecutor-QBFT-0 | INFO  | QbftBesuControllerBuilder | Imported #297 / 255 tx / 361 pending / 61,702,350 (0.0%) gas / (0x702fbf7600363e9388ecd5ae38dd864f25453e48539745c9351bfb7b3a5d418a)
2026-10-07 22:01:24.037+00:00 | BftProcessorExecutor-QBFT-0 | INFO  | QbftBesuControllerBuilder | Imported #298 / 211 tx / 150 pending / 51,055,670 (0.0%) gas / (0x9a1506cdb5daa0f28230cdeabd80e222c21c99259832ebd5bfca8d5f21e1bb00)
2026-10-07 22:01:27.105+00:00 | BftProcessorExecutor-QBFT-0 | INFO  | QbftBesuControllerBuilder | Imported #299 / 150 tx / 0 pending / 36,295,500 (0.0%) gas / (0x3f96c99e2eb4f2400ca5fac1f76a35e0b46a90f10c8f0c9ea11659de933f37c6)
2026-10-07 22:01:27.434+00:00 | BftProcessorExecutor-QBFT-0 | INFO  | QbftBesuControllerBuilder | Imported #300 / 0 tx / 0 pending / 0 (0.0%) gas / (0xbb0e6178a7ba4ef72d77d0e01fa129e7daccaa44bbd01e7d090aad0110771e03)
2026-10-07 22:01:29.252+00:00 | BftProcessorExecutor-QBFT-0 | INFO  | QbftBesuControllerBuilder | Imported #301 / 0 tx / 0 pending / 0 (0.0%) gas / (0x5dcfe24f2f497284df41511f09bdace6120d75b32facb421803d157e30923d1b)
2026-10-07 22:01:31.258+00:00 | BftProcessorExecutor-QBFT-0 | INFO  | QbftBesuControllerBuilder | Imported #302 / 0 tx / 0 pending / 0 (0.0%) gas / (0x7a73d9cedb1309f39269390fdfd92325c74cbf28b2800281149ec3237d28a61d)
2026-10-07 22:01:33.250+00:00 | BftProcessorExecutor-QBFT-0 | INFO  | QbftBesuControllerBuilder | Produced #303 / 0 tx / 0 pending / 0 (0.0%) gas / (0x63ca087635206a5cfb70ae55b40ffdd141a047edf37a21589bcd97c4ff5b5cab)
2026-10-07 22:01:35.254+00:00 | BftProcessorExecutor-QBFT-0 | INFO  | QbftBesuControllerBuilder | Imported #304 / 0 tx / 0 pending / 0 (0.0%) gas / (0xfbe6d1e9fd5bf4a153bdad347b044358733dea703d872cf6da0ce087191cb9b3)
2026-10-07 22:01:37.258+00:00 | BftProcessorExecutor-QBFT-0 | INFO  | QbftBesuControllerBuilder | Imported #305 / 0 tx / 0 pending / 0 (0.0%) gas / (0x0e21bb6020287bc071abd5032fc548bcf5505b4345571948f510299e20d4444b)
2026-10-07 22:01:39.339+00:00 | BftProcessorExecutor-QBFT-0 | INFO  | QbftBesuControllerBuilder | Imported #306 / 0 tx / 0 pending / 0 (0.0%) gas / (0xb5877f8240aae6dca814209b9896665a4c4f113339b8cea81c7524d8224d82c9)
2026-10-07 22:01:41.323+00:00 | BftProcessorExecutor-QBFT-0 | INFO  | QbftBesuControllerBuilder | Imported #307 / 0 tx / 0 pending / 0 (0.0%) gas / (0xc703d4e634a5ea88b5df945c0de132006e00c9d02864a3c892d559a22d080e80)
2026-10-07 22:01:43.332+00:00 | BftProcessorExecutor-QBFT-0 | INFO  | QbftBesuControllerBuilder | Imported #308 / 0 tx / 0 pending / 0 (0.0%) gas / (0x97c36eef506d98d736849156bd84765d0a84f6c617778803179ce4883b2acc50)
2026-10-07 22:01:45.343+00:00 | BftProcessorExecutor-QBFT-0 | INFO  | QbftBesuControllerBuilder | Imported #309 / 0 tx / 0 pending / 0 (0.0%) gas / (0xe997ffd9b9c30137d1812b0bee1ea2a8a22c1037ab75df9c3d1c3eed0461623d)
2026-10-07 22:01:47.341+00:00 | BftProcessorExecutor-QBFT-0 | INFO  | QbftBesuControllerBuilder | Imported #310 / 0 tx / 0 pending / 0 (0.0%) gas / (0x8dce4657e9dff8613e5bd1163a0c2efc36dfc72e6f9645ee03811ed51d19dd8d)
2026-10-07 22:01:49.347+00:00 | BftProcessorExecutor-QBFT-0 | INFO  | QbftBesuControllerBuilder | Imported #311 / 0 tx / 0 pending / 0 (0.0%) gas / (0x45d4e38967007a60cb17f59cb3afb1484bdd90ffc133d1984f698f1f3166bbd6)
2026-10-07 22:01:51.537+00:00 | BftProcessorExecutor-QBFT-0 | INFO  | QbftBesuControllerBuilder | Imported #312 / 0 tx / 0 pending / 0 (0.0%) gas / (0x9e6c5d0e4b35b4de2b3f532913a57814a763616e418d4467f6e6d0c15a3747a8)
2026-10-07 22:01:53.455+00:00 | BftProcessorExecutor-QBFT-0 | INFO  | QbftBesuControllerBuilder | Imported #313 / 0 tx / 0 pending / 0 (0.0%) gas / (0x8ff5a27b5eda2556780f05702933023453a258e9d3214b1c751cf352c20bf805)
2026-10-07 22:01:55.484+00:00 | BftProcessorExecutor-QBFT-0 | INFO  | QbftBesuControllerBuilder | Imported #314 / 0 tx / 0 pending / 0 (0.0%) gas / (0x7ea2f4e132c7ee19e2ec2fd65b0e28169e95782ba987325ae2133a668cb55792)
2026-10-07 22:01:57.250+00:00 | BftProcessorExecutor-QBFT-0 | INFO  | QbftBesuControllerBuilder | Imported #315 / 0 tx / 0 pending / 0 (0.0%) gas / (0x3a576208022bd2069aeae301678029799703d5f45e76691dddc2dbaaffe66fde)
2026-10-07 22:01:59.254+00:00 | BftProcessorExecutor-QBFT-0 | INFO  | QbftBesuControllerBuilder | Imported #316 / 0 tx / 0 pending / 0 (0.0%) gas / (0x851ec8d5c527947ebb41c4422a9eb538e3f7aced736a5cffc187d91b01a5bfdb)
2026-10-07 22:02:01.257+00:00 | BftProcessorExecutor-QBFT-0 | INFO  | QbftBesuControllerBuilder | Imported #317 / 0 tx / 0 pending / 0 (0.0%) gas / (0x40d511b63845f6c50936740c42b66d4fcbe4bef05ea590ab812006a48fdfe996)
2026-10-07 22:02:03.260+00:00 | BftProcessorExecutor-QBFT-0 | INFO  | QbftBesuControllerBuilder | Produced #318 / 0 tx / 0 pending / 0 (0.0%) gas / (0xbc9077e8cffb951deac7b659ee69952f5894241f7598e9455183aefe01a520ec)
2026-10-07 22:02:05.245+00:00 | BftProcessorExecutor-QBFT-0 | INFO  | QbftBesuControllerBuilder | Imported #319 / 0 tx / 0 pending / 0 (0.0%) gas / (0x39f51ddd1908ba345bb92d8c58d3ab4d2ec77d5862dfa01a28917b192f1665e0)
2026-10-07 22:02:07.255+00:00 | BftProcessorExecutor-QBFT-0 | INFO  | QbftBesuControllerBuilder | Imported #320 / 0 tx / 0 pending / 0 (0.0%) gas / (0x03eb134a2589181e207bdff3bb4ed6ce7d3898b1f4247a1f43ac83246f1e4db1)
2026-10-07 22:02:09.336+00:00 | BftProcessorExecutor-QBFT-0 | INFO  | QbftBesuControllerBuilder | Imported #321 / 0 tx / 0 pending / 0 (0.0%) gas / (0xab57009117b420b8f1f2c2f03cd491a2561e485e98dba4bca7a7d7683e310311)
2026-10-07 22:02:11.324+00:00 | BftProcessorExecutor-QBFT-0 | INFO  | QbftBesuControllerBuilder | Imported #322 / 0 tx / 0 pending / 0 (0.0%) gas / (0x7a1f2a66ebd340a1295173b993d9652e4544d0207a9129a70e5d0b7b9aac8c74)
2026-10-07 22:02:13.333+00:00 | EthScheduler-Workers-0 | INFO  | PersistBlockTask | Block 323 (0xf2869c4c198bca685cb6656b42e39f3cb586f64dde56ba81132defca21052d84) is already imported
2026-10-07 22:02:13.333+00:00 | BftProcessorExecutor-QBFT-0 | INFO  | QbftBesuControllerBuilder | Imported #323 / 0 tx / 0 pending / 0 (0.0%) gas / (0xf2869c4c198bca685cb6656b42e39f3cb586f64dde56ba81132defca21052d84)
2026-10-07 22:02:15.331+00:00 | BftProcessorExecutor-QBFT-0 | INFO  | QbftBesuControllerBuilder | Imported #324 / 0 tx / 0 pending / 0 (0.0%) gas / (0xcf3fc1e685ce28a7b44bd14935b2715e822f90275b710196572de87106c7de8c)
2026-10-07 22:02:17.335+00:00 | BftProcessorExecutor-QBFT-0 | INFO  | QbftBesuControllerBuilder | Imported #325 / 0 tx / 0 pending / 0 (0.0%) gas / (0xf03a41be9639ad346a467c6c02259a31d33bac8b8154bc40144c0c17f419b686)
2026-10-07 22:02:19.344+00:00 | EthScheduler-Workers-0 | INFO  | PersistBlockTask | Block 326 (0x6ed45983c8472493bb66bd40953025ca4b0966498b864abbd0ba26b0e2faaf21) is already imported
2026-10-07 22:02:19.345+00:00 | BftProcessorExecutor-QBFT-0 | INFO  | QbftBesuControllerBuilder | Imported #326 / 0 tx / 0 pending / 0 (0.0%) gas / (0x6ed45983c8472493bb66bd40953025ca4b0966498b864abbd0ba26b0e2faaf21)
2026-10-07 22:02:21.515+00:00 | BftProcessorExecutor-QBFT-0 | INFO  | QbftBesuControllerBuilder | Imported #327 / 0 tx / 0 pending / 0 (0.0%) gas / (0x2b68d25032823b3a16a9352674c06fd76c6676696acaf5d4a39731a303287f2e)
2026-10-07 22:02:21.521+00:00 | EthScheduler-Workers-0 | INFO  | PersistBlockTask | Block 327 (0x2b68d25032823b3a16a9352674c06fd76c6676696acaf5d4a39731a303287f2e) is already imported
2026-10-07 22:02:23.506+00:00 | BftProcessorExecutor-QBFT-0 | INFO  | QbftBesuControllerBuilder | Imported #328 / 0 tx / 0 pending / 0 (0.0%) gas / (0x54e666ed816073ad2c927ea11633ccceac2355645701503a0ed07ebe3386de73)
2026-10-07 22:02:25.471+00:00 | BftProcessorExecutor-QBFT-0 | INFO  | QbftBesuControllerBuilder | Imported #329 / 0 tx / 0 pending / 0 (0.0%) gas / (0xb1395a244bff51cb2f68bb2e9732af0c1cc0e6110dba088ed0c63bb565acdcad)
2026-10-07 22:02:27.261+00:00 | BftProcessorExecutor-QBFT-0 | INFO  | QbftBesuControllerBuilder | Imported #330 / 0 tx / 0 pending / 0 (0.0%) gas / (0x557c428cba29a70b1df559e40eb6e96ecded829449a3382106e782b4de3cf9df)
2026-10-07 22:02:29.257+00:00 | BftProcessorExecutor-QBFT-0 | INFO  | QbftBesuControllerBuilder | Imported #331 / 0 tx / 0 pending / 0 (0.0%) gas / (0x3d9328879910360bab8f877e90ec92c45883201e15919c0f49d8e8996ffcd5d0)
2026-10-07 22:02:31.254+00:00 | BftProcessorExecutor-QBFT-0 | INFO  | QbftBesuControllerBuilder | Imported #332 / 0 tx / 0 pending / 0 (0.0%) gas / (0x74a04ee9f554dd6213439cdf44be5985f6e933c5618bf6f598a5536280dd52e6)
2026-10-07 22:02:33.252+00:00 | BftProcessorExecutor-QBFT-0 | INFO  | QbftBesuControllerBuilder | Produced #333 / 0 tx / 0 pending / 0 (0.0%) gas / (0xfa6b6fc8428c1f88931e5327d7888834bdfead1841286c74eab7fcf648bd9258)
2026-10-07 22:02:35.258+00:00 | BftProcessorExecutor-QBFT-0 | INFO  | QbftBesuControllerBuilder | Imported #334 / 0 tx / 0 pending / 0 (0.0%) gas / (0xcf912ec4b5de280eb8aa24a9605f14e68ad024e235efdc016cd299ac9cbad3c9)
2026-10-07 22:02:37.256+00:00 | BftProcessorExecutor-QBFT-0 | INFO  | QbftBesuControllerBuilder | Imported #335 / 0 tx / 0 pending / 0 (0.0%) gas / (0x3497910be353b9abefcefacbba4d1565adbd63d0fa82e81103885f00541ebba2)
2026-10-07 22:02:39.454+00:00 | BftProcessorExecutor-QBFT-0 | INFO  | QbftBesuControllerBuilder | Imported #336 / 25 tx / 400 pending / 3,840,678 (0.0%) gas / (0xc0eba53bdd672c2ac0d411c06dd830551a461cbfd85e63b7cf73365074e6f156)
2026-10-07 22:02:41.578+00:00 | EthScheduler-Workers-0 | INFO  | PersistBlockTask | Block 337 (0xac8ae0630d81d1c2394f3d584a0d4dc7690c250afa8b999d6c1a223d32ff9d59) is already imported
2026-10-07 22:02:41.578+00:00 | BftProcessorExecutor-QBFT-0 | INFO  | QbftBesuControllerBuilder | Imported #337 / 34 tx / 452 pending / 5,223,524 (0.0%) gas / (0xac8ae0630d81d1c2394f3d584a0d4dc7690c250afa8b999d6c1a223d32ff9d59)
2026-10-07 22:02:43.500+00:00 | BftProcessorExecutor-QBFT-0 | INFO  | QbftBesuControllerBuilder | Imported #338 / 34 tx / 419 pending / 5,223,620 (0.0%) gas / (0x21f310e31befea03b7f6e1d3226eb10cbf4a27a55a255428f6744cc61bf83ee7)
2026-10-07 22:02:45.483+00:00 | EthScheduler-Workers-0 | INFO  | PersistBlockTask | Block 339 (0x0643dd54c4ca8f4316d462718a1d16db8877075d5fe2d66250ae543a7157c5a6) is already imported
2026-10-07 22:02:45.483+00:00 | BftProcessorExecutor-QBFT-0 | INFO  | QbftBesuControllerBuilder | Imported #339 / 34 tx / 385 pending / 5,223,524 (0.0%) gas / (0x0643dd54c4ca8f4316d462718a1d16db8877075d5fe2d66250ae543a7157c5a6)
2026-10-07 22:02:47.474+00:00 | BftProcessorExecutor-QBFT-0 | INFO  | QbftBesuControllerBuilder | Imported #340 / 34 tx / 351 pending / 5,223,716 (0.0%) gas / (0x554b863d39f3cef40d73d2267bb65d1cc072e8792bef80c854595f73b45a2c5a)
2026-10-07 22:02:49.442+00:00 | BftProcessorExecutor-QBFT-0 | INFO  | QbftBesuControllerBuilder | Imported #341 / 34 tx / 317 pending / 5,223,612 (0.0%) gas / (0x2995668c747c021a2689c59129e8b2ac06fdad663f5c279c0d89ed446910b103)
2026-10-07 22:02:51.793+00:00 | EthScheduler-Workers-0 | INFO  | PersistBlockTask | Block 342 (0xa686c9037c7b4c572172b9d7693dda4c2d3dec35c8b60f9e3cdc80ae25eafd97) is already imported
2026-10-07 22:02:51.793+00:00 | BftProcessorExecutor-QBFT-0 | INFO  | QbftBesuControllerBuilder | Imported #342 / 34 tx / 283 pending / 5,223,548 (0.0%) gas / (0xa686c9037c7b4c572172b9d7693dda4c2d3dec35c8b60f9e3cdc80ae25eafd97)
2026-10-07 22:02:53.728+00:00 | BftProcessorExecutor-QBFT-0 | INFO  | QbftBesuControllerBuilder | Imported #343 / 34 tx / 249 pending / 5,223,492 (0.0%) gas / (0x623a67d3b9d760a27132acaa9f494a3f302d836eb961e49d5a4e66f4b73ff827)
2026-10-07 22:02:55.833+00:00 | EthScheduler-Workers-0 | INFO  | PersistBlockTask | Block 344 (0x1bfd986f8c88e1f49df2184e89e0618fd834991e1e9e8f4592f7873b76127d6b) is already imported
2026-10-07 22:02:55.833+00:00 | BftProcessorExecutor-QBFT-0 | INFO  | QbftBesuControllerBuilder | Imported #344 / 34 tx / 215 pending / 5,223,448 (0.0%) gas / (0x1bfd986f8c88e1f49df2184e89e0618fd834991e1e9e8f4592f7873b76127d6b)
2026-10-07 22:02:57.389+00:00 | BftProcessorExecutor-QBFT-0 | INFO  | QbftBesuControllerBuilder | Imported #345 / 35 tx / 180 pending / 5,377,230 (0.0%) gas / (0xa521c718ae87e53b2ac845273254485d58bd6109d18889623df4b926f38f2d5b)
2026-10-07 22:02:57.389+00:00 | EthScheduler-Workers-0 | INFO  | PersistBlockTask | Block 345 (0xa521c718ae87e53b2ac845273254485d58bd6109d18889623df4b926f38f2d5b) is already imported
2026-10-07 22:02:59.448+00:00 | EthScheduler-Workers-0 | INFO  | PersistBlockTask | Block 346 (0xba98d2840abee0dd1e2883ddde4a1104b1bf6fe84852b49e4267a0edd75a982e) is already imported
2026-10-07 22:02:59.448+00:00 | BftProcessorExecutor-QBFT-0 | INFO  | QbftBesuControllerBuilder | Imported #346 / 35 tx / 145 pending / 5,377,294 (0.0%) gas / (0xba98d2840abee0dd1e2883ddde4a1104b1bf6fe84852b49e4267a0edd75a982e)
2026-10-07 22:03:01.466+00:00 | EthScheduler-Workers-0 | INFO  | PersistBlockTask | Block 347 (0xb87d05257c8fc48d3876222cf3a6e92957a2f120e29435b67c3b2fdc3428bd84) is already imported
2026-10-07 22:03:01.466+00:00 | BftProcessorExecutor-QBFT-0 | INFO  | QbftBesuControllerBuilder | Imported #347 / 34 tx / 111 pending / 5,223,636 (0.0%) gas / (0xb87d05257c8fc48d3876222cf3a6e92957a2f120e29435b67c3b2fdc3428bd84)
2026-10-07 22:03:03.380+00:00 | BftProcessorExecutor-QBFT-0 | INFO  | QbftBesuControllerBuilder | Produced #348 / 34 tx / 77 pending / 5,223,636 (0.0%) gas / (0x9c2126dee0af74aac8f6595672b3ce101085100a01e8bc373ac6c7bfa357f96c)
2026-10-07 22:03:05.399+00:00 | BftProcessorExecutor-QBFT-0 | INFO  | QbftBesuControllerBuilder | Imported #349 / 34 tx / 43 pending / 5,223,536 (0.0%) gas / (0x72ffb67d18fb7dfa0aeb85d00cfa2e11d669cddfa52c2558c14ccc2cff044422)
2026-10-07 22:03:05.399+00:00 | EthScheduler-Workers-0 | INFO  | PersistBlockTask | Block 349 (0x72ffb67d18fb7dfa0aeb85d00cfa2e11d669cddfa52c2558c14ccc2cff044422) is already imported
2026-10-07 22:03:07.452+00:00 | EthScheduler-Workers-0 | INFO  | PersistBlockTask | Block 350 (0xe7066b7ce868c33d2cb97ac94685079e48148f5e7ff77ba0c26e5d81ebb0e0af) is already imported
2026-10-07 22:03:07.452+00:00 | BftProcessorExecutor-QBFT-0 | INFO  | QbftBesuControllerBuilder | Imported #350 / 34 tx / 9 pending / 5,223,584 (0.0%) gas / (0xe7066b7ce868c33d2cb97ac94685079e48148f5e7ff77ba0c26e5d81ebb0e0af)
2026-10-07 22:03:09.415+00:00 | BftProcessorExecutor-QBFT-0 | INFO  | QbftBesuControllerBuilder | Imported #351 / 9 tx / 0 pending / 1,382,714 (0.0%) gas / (0xe6b51c960da8e423bff248844936a67c89ae6c789749493f1c09c6bb24dee334)
2026-10-07 22:03:09.415+00:00 | EthScheduler-Workers-0 | INFO  | PersistBlockTask | Block 351 (0xe6b51c960da8e423bff248844936a67c89ae6c789749493f1c09c6bb24dee334) is already imported
2026-10-07 22:03:11.334+00:00 | BftProcessorExecutor-QBFT-0 | INFO  | QbftBesuControllerBuilder | Imported #352 / 0 tx / 0 pending / 0 (0.0%) gas / (0xe3bd4121696ffc8f968fba4c4b2fb881c4eebf0a9a2cb7098fd54a3430cfcb77)
2026-10-07 22:03:13.337+00:00 | BftProcessorExecutor-QBFT-0 | INFO  | QbftBesuControllerBuilder | Imported #353 / 0 tx / 0 pending / 0 (0.0%) gas / (0x0143007b0965015aa5e57ee0127b0ab5c96a4c708c26afe043fff3862ed3b8da)
2026-10-07 22:03:15.347+00:00 | BftProcessorExecutor-QBFT-0 | INFO  | QbftBesuControllerBuilder | Imported #354 / 0 tx / 0 pending / 0 (0.0%) gas / (0x50243d0a48b76b961f0477891eda2e0d107094d0af10e65c8a372bd8e85b42a1)
2026-10-07 22:03:17.324+00:00 | BftProcessorExecutor-QBFT-0 | INFO  | QbftBesuControllerBuilder | Imported #355 / 0 tx / 0 pending / 0 (0.0%) gas / (0x0e75c0f56435ba55cb61fdf9f78fd06db2c9a0f09d5353a5e71b4f9006f79bf6)
2026-10-07 22:03:19.321+00:00 | BftProcessorExecutor-QBFT-0 | INFO  | QbftBesuControllerBuilder | Imported #356 / 0 tx / 0 pending / 0 (0.0%) gas / (0x5103f48b6fea70c54de975dd4dd278bdde99d233b119d985275eee53f6b5f4ba)
2026-10-07 22:03:21.481+00:00 | BftProcessorExecutor-QBFT-0 | INFO  | QbftBesuControllerBuilder | Imported #357 / 0 tx / 0 pending / 0 (0.0%) gas / (0xa21ce9d4b034ee117f40d55d5d2051de4e708c3f25b9c87d0e41adc162241467)
2026-10-07 22:03:23.475+00:00 | BftProcessorExecutor-QBFT-0 | INFO  | QbftBesuControllerBuilder | Imported #358 / 0 tx / 0 pending / 0 (0.0%) gas / (0x532630a98d6126d4814e7804707d14090d712e8a114ae3cbed22a05c433c790d)
2026-10-07 22:03:25.442+00:00 | BftProcessorExecutor-QBFT-0 | INFO  | QbftBesuControllerBuilder | Imported #359 / 0 tx / 0 pending / 0 (0.0%) gas / (0xd26da0ce2fd93560dd895ec011089da9d4ca4f68e77f35a7ce98e38fa83d2245)
2026-10-07 22:03:27.237+00:00 | BftProcessorExecutor-QBFT-0 | INFO  | QbftBesuControllerBuilder | Imported #360 / 0 tx / 0 pending / 0 (0.0%) gas / (0xd53e5612257a525feb3551c1e7438530a49f63c2e1e990993d8eaae2cca7fa49)
2026-10-07 22:03:29.237+00:00 | BftProcessorExecutor-QBFT-0 | INFO  | QbftBesuControllerBuilder | Imported #361 / 0 tx / 0 pending / 0 (0.0%) gas / (0x51f76554fe660b385ae1e83b95458e266a7dbc59916e818dac6deab8c4257230)
2026-10-07 22:03:31.230+00:00 | BftProcessorExecutor-QBFT-0 | INFO  | QbftBesuControllerBuilder | Imported #362 / 0 tx / 0 pending / 0 (0.0%) gas / (0x8762c7ab8441d8e8713015009af3bb399245a50b13e42d476dd4ffc2bb29707b)
2026-10-07 22:03:33.860+00:00 | EthScheduler-Workers-0 | INFO  | PersistBlockTask | Block 363 (0x7fb1854a38bf3176aa3ecab206c2d68b4dde0b404f54c8f308abf4a1dc26eb50) is already imported
2026-10-07 22:03:33.861+00:00 | BftProcessorExecutor-QBFT-0 | INFO  | QbftBesuControllerBuilder | Produced #363 / 30 tx / 567 pending / 7,259,100 (0.0%) gas / (0x7fb1854a38bf3176aa3ecab206c2d68b4dde0b404f54c8f308abf4a1dc26eb50)
2026-10-07 22:03:36.240+00:00 | EthScheduler-Workers-0 | INFO  | PersistBlockTask | Block 364 (0x0bbb61eb1bcfeb4149ca588854c5356e920583cd58a985cfd11cf9b791732602) is already imported
2026-10-07 22:03:36.241+00:00 | BftProcessorExecutor-QBFT-0 | INFO  | QbftBesuControllerBuilder | Imported #364 / 60 tx / 1079 pending / 14,518,200 (0.0%) gas / (0x0bbb61eb1bcfeb4149ca588854c5356e920583cd58a985cfd11cf9b791732602)
2026-10-07 22:03:38.797+00:00 | BftProcessorExecutor-QBFT-0 | INFO  | QbftBesuControllerBuilder | Imported #365 / 102 tx / 1747 pending / 24,680,940 (0.0%) gas / (0xbccaf44d9fcd1f86e687b44d47abe634cc72c86b99e0f1d8b7f12aeeb43e1d9a)
2026-10-07 22:03:41.430+00:00 | BftProcessorExecutor-QBFT-0 | INFO  | QbftBesuControllerBuilder | Imported #366 / 144 tx / 2443 pending / 34,843,680 (0.0%) gas / (0x1807af458e84d7c7ff972fa5dc498277b8945de3373df7d99a31e6dbd140353f)
2026-10-07 22:03:44.739+00:00 | EthScheduler-Workers-0 | INFO  | PersistBlockTask | Block 367 (0xa83680e35bc7f2857b885eb3fd6eca51b310b037b34e66d2422d525df5a7473a) is already imported
2026-10-07 22:03:44.742+00:00 | BftProcessorExecutor-QBFT-0 | INFO  | QbftBesuControllerBuilder | Imported #367 / 203 tx / 3254 pending / 49,119,910 (0.0%) gas / (0xa83680e35bc7f2857b885eb3fd6eca51b310b037b34e66d2422d525df5a7473a)
2026-10-07 22:03:48.805+00:00 | BftProcessorExecutor-QBFT-0 | INFO  | QbftBesuControllerBuilder | Imported #368 / 272 tx / 3218 pending / 65,815,840 (0.0%) gas / (0x4f523be6a9998bd055ce3ff2c94f385fb4c5e637102191c531844fd83e5681c8)
2026-10-07 22:03:52.944+00:00 | EthScheduler-Workers-0 | INFO  | PersistBlockTask | Block 369 (0xb5bdf083c74c7c31af93b9060dfa00f3d0a8474177eb30009bb982f7c84b9bbc) is already imported
2026-10-07 22:03:52.946+00:00 | BftProcessorExecutor-QBFT-0 | INFO  | QbftBesuControllerBuilder | Imported #369 / 272 tx / 3013 pending / 65,815,840 (0.0%) gas / (0xb5bdf083c74c7c31af93b9060dfa00f3d0a8474177eb30009bb982f7c84b9bbc)
2026-10-07 22:03:57.213+00:00 | EthScheduler-Workers-0 | INFO  | PersistBlockTask | Block 370 (0x1ea979532927be4a04e06dd201f2e77992594ccae74e59574f82aa8a8400383a) is already imported
2026-10-07 22:03:57.216+00:00 | BftProcessorExecutor-QBFT-0 | INFO  | QbftBesuControllerBuilder | Imported #370 / 272 tx / 2741 pending / 65,815,840 (0.0%) gas / (0x1ea979532927be4a04e06dd201f2e77992594ccae74e59574f82aa8a8400383a)
2026-10-07 22:04:01.504+00:00 | EthScheduler-Workers-0 | INFO  | PersistBlockTask | Block 371 (0xbfc652bae0c952f9a4e7f3fb8c8a7b59162f300d07fef1a44883810afe04ef95) is already imported
2026-10-07 22:04:01.507+00:00 | BftProcessorExecutor-QBFT-0 | INFO  | QbftBesuControllerBuilder | Imported #371 / 272 tx / 2469 pending / 65,815,840 (0.0%) gas / (0xbfc652bae0c952f9a4e7f3fb8c8a7b59162f300d07fef1a44883810afe04ef95)
2026-10-07 22:04:06.077+00:00 | BftProcessorExecutor-QBFT-0 | INFO  | QbftBesuControllerBuilder | Imported #372 / 272 tx / 2197 pending / 65,815,840 (0.0%) gas / (0x3c4e0e0402d93cfd75e9e838d8c2f387131b62dca56cc333b6c5e8c9e9c187ae)
2026-10-07 22:04:11.132+00:00 | EthScheduler-Workers-0 | INFO  | PersistBlockTask | Block 373 (0x290d35b914e8ec31942739529bb935c5d6321e42ca86a20985ddc7338a128491) is already imported
2026-10-07 22:04:11.139+00:00 | BftProcessorExecutor-QBFT-0 | INFO  | QbftBesuControllerBuilder | Imported #373 / 272 tx / 1925 pending / 65,815,840 (0.0%) gas / (0x290d35b914e8ec31942739529bb935c5d6321e42ca86a20985ddc7338a128491)
2026-10-07 22:04:16.028+00:00 | EthScheduler-Workers-0 | INFO  | PersistBlockTask | Block 374 (0xb207378f381fb556b15cd9f9a998bd98163cf718339f44a8c1ffa7a87302fb53) is already imported
2026-10-07 22:04:16.043+00:00 | BftProcessorExecutor-QBFT-0 | INFO  | QbftBesuControllerBuilder | Imported #374 / 272 tx / 1653 pending / 65,815,840 (0.0%) gas / (0xb207378f381fb556b15cd9f9a998bd98163cf718339f44a8c1ffa7a87302fb53)
2026-10-07 22:04:20.178+00:00 | BftProcessorExecutor-QBFT-0 | INFO  | QbftBesuControllerBuilder | Imported #375 / 275 tx / 1378 pending / 66,541,750 (0.0%) gas / (0x82eca13332e8e7a3784780921c1deaf25873f45277948124814c5b5fd41a0066)
2026-10-07 22:04:24.324+00:00 | BftProcessorExecutor-QBFT-0 | INFO  | QbftBesuControllerBuilder | Imported #376 / 275 tx / 1103 pending / 66,541,750 (0.0%) gas / (0x690d8a0bdaa702d61c42bd466878c957f8552599e637a9931f267c9bffbf0f55)
2026-10-07 22:04:28.540+00:00 | BftProcessorExecutor-QBFT-0 | INFO  | QbftBesuControllerBuilder | Imported #377 / 275 tx / 828 pending / 66,541,750 (0.0%) gas / (0x8f612216ca8922e2d3a6fbad18cc43cb7423d275324c492be85e4bdd0dc643ee)
2026-10-07 22:04:32.280+00:00 | BftProcessorExecutor-QBFT-0 | INFO  | QbftBesuControllerBuilder | Produced #378 / 245 tx / 583 pending / 59,282,650 (0.0%) gas / (0x0448b469ad71fb7ab8e752df0843b544f26204b6979da2266bb627811987a8f8)
2026-10-07 22:04:35.646+00:00 | EthScheduler-Workers-0 | INFO  | PersistBlockTask | Block 379 (0x5751cebe1434f2d4bd45bcb276af8c5d1e210f0edccc382468fe2319409e14e2) is already imported
2026-10-07 22:04:35.647+00:00 | BftProcessorExecutor-QBFT-0 | INFO  | QbftBesuControllerBuilder | Imported #379 / 215 tx / 368 pending / 52,023,550 (0.0%) gas / (0x5751cebe1434f2d4bd45bcb276af8c5d1e210f0edccc382468fe2319409e14e2)
2026-10-07 22:04:38.308+00:00 | EthScheduler-Workers-0 | INFO  | PersistBlockTask | Block 380 (0xca2b709ee386b27562dcafc5ee6b881bc3cda10efaaf78d8c3e3faeec8c0d095) is already imported
2026-10-07 22:04:38.308+00:00 | BftProcessorExecutor-QBFT-0 | INFO  | QbftBesuControllerBuilder | Imported #380 / 171 tx / 197 pending / 41,376,870 (0.0%) gas / (0xca2b709ee386b27562dcafc5ee6b881bc3cda10efaaf78d8c3e3faeec8c0d095)
2026-10-07 22:04:40.429+00:00 | EthScheduler-Workers-0 | INFO  | PersistBlockTask | Block 381 (0x176f60beac0e56698ecf3da1966aa7727d10df7ef073d1ca24f025a3be6c8427) is already imported
2026-10-07 22:04:40.429+00:00 | BftProcessorExecutor-QBFT-0 | INFO  | QbftBesuControllerBuilder | Imported #381 / 128 tx / 197 pending / 30,972,160 (0.0%) gas / (0x176f60beac0e56698ecf3da1966aa7727d10df7ef073d1ca24f025a3be6c8427)
2026-10-07 22:04:41.789+00:00 | EthScheduler-Workers-0 | INFO  | PersistBlockTask | Block 382 (0x2476a6ae12dc6cd41eb1163a418e1696191667daeef45b21566445ebf6154b33) is already imported
2026-10-07 22:04:41.789+00:00 | BftProcessorExecutor-QBFT-0 | INFO  | QbftBesuControllerBuilder | Imported #382 / 69 tx / 0 pending / 16,695,930 (0.0%) gas / (0x2476a6ae12dc6cd41eb1163a418e1696191667daeef45b21566445ebf6154b33)
2026-10-07 22:04:42.327+00:00 | BftProcessorExecutor-QBFT-0 | INFO  | QbftBesuControllerBuilder | Imported #383 / 0 tx / 0 pending / 0 (0.0%) gas / (0x700c28ed3dc5ab3f7d35d6056cb88c63384b231188da64aad863fa2f883a1885)
2026-10-07 22:04:44.318+00:00 | BftProcessorExecutor-QBFT-0 | INFO  | QbftBesuControllerBuilder | Imported #384 / 0 tx / 0 pending / 0 (0.0%) gas / (0xa230d9defeff1bfd6915f2f430e58b3d161394f3e75e989af210d3549f541d78)
2026-10-07 22:04:46.333+00:00 | BftProcessorExecutor-QBFT-0 | INFO  | QbftBesuControllerBuilder | Imported #385 / 0 tx / 0 pending / 0 (0.0%) gas / (0x5a459a073c62a068e62488a1e2c1236de1deef5ac356d66982e33b5ba52a0658)
2026-10-07 22:04:48.331+00:00 | BftProcessorExecutor-QBFT-0 | INFO  | QbftBesuControllerBuilder | Imported #386 / 0 tx / 0 pending / 0 (0.0%) gas / (0x7dd527d4f8737c0ffe088d90368ed20ad219bc37d07c2d4879f0891f4594634e)
2026-10-07 22:04:50.485+00:00 | BftProcessorExecutor-QBFT-0 | INFO  | QbftBesuControllerBuilder | Imported #387 / 0 tx / 0 pending / 0 (0.0%) gas / (0x5fb2c78bbd13d1eeec8b3e42d1b25757f4f536802b32eff49984f141e895bfc7)
2026-10-07 22:04:52.445+00:00 | EthScheduler-Workers-0 | INFO  | PersistBlockTask | Block 388 (0x1ea8f5445969121f5c8d90a817825ead505eab80c1e1bae85333d7012975376d) is already imported
2026-10-07 22:04:52.445+00:00 | BftProcessorExecutor-QBFT-0 | INFO  | QbftBesuControllerBuilder | Imported #388 / 0 tx / 0 pending / 0 (0.0%) gas / (0x1ea8f5445969121f5c8d90a817825ead505eab80c1e1bae85333d7012975376d)
2026-10-07 22:04:54.474+00:00 | BftProcessorExecutor-QBFT-0 | INFO  | QbftBesuControllerBuilder | Imported #389 / 0 tx / 0 pending / 0 (0.0%) gas / (0x88dd9d36b9e8fd3737165e94a2c4022a4a90505c1c6b3e38341306cce0ca6e4c)
2026-10-07 22:04:56.246+00:00 | BftProcessorExecutor-QBFT-0 | INFO  | QbftBesuControllerBuilder | Imported #390 / 0 tx / 0 pending / 0 (0.0%) gas / (0xb0a11b3576d5702be245fd318638b0911ca9e201bfc921761070b127db484c4f)
2026-10-07 22:04:58.239+00:00 | BftProcessorExecutor-QBFT-0 | INFO  | QbftBesuControllerBuilder | Imported #391 / 0 tx / 0 pending / 0 (0.0%) gas / (0x179781c534007afa5341c3aa450894224e1d4efb5947083761065ddaf6f961fa)
2026-10-07 22:05:00.235+00:00 | BftProcessorExecutor-QBFT-0 | INFO  | QbftBesuControllerBuilder | Imported #392 / 0 tx / 0 pending / 0 (0.0%) gas / (0x01fe9659e3471df0828dd11cdfef8742bba2aecfbdf6126af7ee67aff5680303)
2026-10-07 22:05:02.250+00:00 | BftProcessorExecutor-QBFT-0 | INFO  | QbftBesuControllerBuilder | Produced #393 / 0 tx / 0 pending / 0 (0.0%) gas / (0x50637a516828487d4fe674592870e5cf37e68e350e55ce06945ea0f85ee3b6e7)
2026-10-07 22:05:04.238+00:00 | BftProcessorExecutor-QBFT-0 | INFO  | QbftBesuControllerBuilder | Imported #394 / 0 tx / 0 pending / 0 (0.0%) gas / (0xfc698adcc21d92b1c78a86a9118560c789e45e5e15c393a4788c760bad99b987)
2026-10-07 22:05:06.236+00:00 | BftProcessorExecutor-QBFT-0 | INFO  | QbftBesuControllerBuilder | Imported #395 / 0 tx / 0 pending / 0 (0.0%) gas / (0x95a2e1c98f602f1c0e6c1b8616c0bbf8418b6e1cb90828289d40c6a4a784dea3)
2026-10-07 22:05:08.340+00:00 | BftProcessorExecutor-QBFT-0 | INFO  | QbftBesuControllerBuilder | Imported #396 / 0 tx / 0 pending / 0 (0.0%) gas / (0xf1ef3dbd9d63eb11f5d80a392cf270f681dcffedcd17bc694ce4c85469dfbd6e)
2026-10-07 22:05:10.323+00:00 | BftProcessorExecutor-QBFT-0 | INFO  | QbftBesuControllerBuilder | Imported #397 / 0 tx / 0 pending / 0 (0.0%) gas / (0x698e4a3bc013901d502aa79b3d04314800cf8d09c2239ef4f3adcfa6fa34d88c)
2026-10-07 22:05:12.324+00:00 | BftProcessorExecutor-QBFT-0 | INFO  | QbftBesuControllerBuilder | Imported #398 / 0 tx / 0 pending / 0 (0.0%) gas / (0xac44f37c504ef2edc6860ae592fe4e3a7f44c353950598f5734aa59e9c35415b)
2026-10-07 22:05:14.333+00:00 | BftProcessorExecutor-QBFT-0 | INFO  | QbftBesuControllerBuilder | Imported #399 / 0 tx / 0 pending / 0 (0.0%) gas / (0xbee545f98e87da5ac65168a56f78dee12ff67186888c5e60df70a3a90efa5b4e)
2026-10-07 22:05:16.332+00:00 | BftProcessorExecutor-QBFT-0 | INFO  | QbftBesuControllerBuilder | Imported #400 / 0 tx / 0 pending / 0 (0.0%) gas / (0xc8e04704a49cd1242f48572b1c633a0e48a92e1aacb601be3d9814d8d3fa4088)
2026-10-07 22:05:18.336+00:00 | EthScheduler-Workers-0 | INFO  | PersistBlockTask | Block 401 (0x00df7ab17f24464c40105043742b8955ce509dcab20e316a5406ee99dc29b81f) is already imported
2026-10-07 22:05:18.336+00:00 | BftProcessorExecutor-QBFT-0 | INFO  | QbftBesuControllerBuilder | Imported #401 / 0 tx / 0 pending / 0 (0.0%) gas / (0x00df7ab17f24464c40105043742b8955ce509dcab20e316a5406ee99dc29b81f)
2026-10-07 22:05:20.460+00:00 | EthScheduler-Workers-0 | INFO  | PersistBlockTask | Block 402 (0x815b08cbe42cc52e97c937add6d83a50a595dd6bdb501c27d20a452055662e0d) is already imported
2026-10-07 22:05:20.460+00:00 | BftProcessorExecutor-QBFT-0 | INFO  | QbftBesuControllerBuilder | Imported #402 / 0 tx / 0 pending / 0 (0.0%) gas / (0x815b08cbe42cc52e97c937add6d83a50a595dd6bdb501c27d20a452055662e0d)
2026-10-07 22:05:22.527+00:00 | BftProcessorExecutor-QBFT-0 | INFO  | QbftBesuControllerBuilder | Imported #403 / 0 tx / 0 pending / 0 (0.0%) gas / (0xf9d60798ff9a722b1500c9a0e7f5ce7a269af7ecda8506bc8c5f539faa432bd4)
2026-10-07 22:05:24.496+00:00 | BftProcessorExecutor-QBFT-0 | INFO  | QbftBesuControllerBuilder | Imported #404 / 0 tx / 0 pending / 0 (0.0%) gas / (0xbbc4e49e41b96ce2cac9a4060bdf17b147a17c9b2f0e9d4708c6eff77faa219e)
2026-10-07 22:05:26.245+00:00 | BftProcessorExecutor-QBFT-0 | INFO  | QbftBesuControllerBuilder | Imported #405 / 0 tx / 0 pending / 0 (0.0%) gas / (0x40caf1612ddf73de20eeb550c947d77d519349678119ec617a72c01e1aa4865a)
2026-10-07 22:05:28.246+00:00 | BftProcessorExecutor-QBFT-0 | INFO  | QbftBesuControllerBuilder | Imported #406 / 0 tx / 0 pending / 0 (0.0%) gas / (0x281ea5888d5049191d30afe30f288c087bfbc6ebc215355ca32c61a7ee434cb5)
2026-10-07 22:05:28.249+00:00 | EthScheduler-Workers-0 | INFO  | PersistBlockTask | Block 406 (0x281ea5888d5049191d30afe30f288c087bfbc6ebc215355ca32c61a7ee434cb5) is already imported
2026-10-07 22:05:30.253+00:00 | BftProcessorExecutor-QBFT-0 | INFO  | QbftBesuControllerBuilder | Imported #407 / 0 tx / 0 pending / 0 (0.0%) gas / (0x4ff108219742cd033557cdab048d519b10ceac13e4a8f85d68919850a2fad9ef)
2026-10-07 22:05:32.242+00:00 | BftProcessorExecutor-QBFT-0 | INFO  | QbftBesuControllerBuilder | Produced #408 / 0 tx / 0 pending / 0 (0.0%) gas / (0xe765e504ee2bc62afa3c8ceade3214e8ad4802693edb6694b7c3a41a731c0ddc)
2026-10-07 22:05:34.239+00:00 | BftProcessorExecutor-QBFT-0 | INFO  | QbftBesuControllerBuilder | Imported #409 / 0 tx / 0 pending / 0 (0.0%) gas / (0x0fc0414ea9188d51ef32482b67fe6f7c9a1b92c5234814624d91ae10c64550f5)
2026-10-07 22:05:36.237+00:00 | BftProcessorExecutor-QBFT-0 | INFO  | QbftBesuControllerBuilder | Imported #410 / 0 tx / 0 pending / 0 (0.0%) gas / (0x1370c03d66278c9282a94e281baeb52e27b7c6677c5925b8ef85ccc3e243940b)
2026-10-07 22:05:38.359+00:00 | EthScheduler-Workers-0 | INFO  | PersistBlockTask | Block 411 (0xc8a6a8029cf7c8f20933ce13f48ea1790a7e2bcf74915fea243566799343f101) is already imported
2026-10-07 22:05:38.359+00:00 | BftProcessorExecutor-QBFT-0 | INFO  | QbftBesuControllerBuilder | Imported #411 / 1 tx / 68 pending / 153,630 (0.0%) gas / (0xc8a6a8029cf7c8f20933ce13f48ea1790a7e2bcf74915fea243566799343f101)
2026-10-07 22:05:40.459+00:00 | EthScheduler-Workers-0 | INFO  | PersistBlockTask | Block 412 (0x19ebed9b4624c33cb39f4a4d6ef3fecf7df12564fa1f27dc6264aeb0246e7368) is already imported
2026-10-07 22:05:40.459+00:00 | BftProcessorExecutor-QBFT-0 | INFO  | QbftBesuControllerBuilder | Imported #412 / 32 tx / 436 pending / 4,916,312 (0.0%) gas / (0x19ebed9b4624c33cb39f4a4d6ef3fecf7df12564fa1f27dc6264aeb0246e7368)
2026-10-07 22:05:42.485+00:00 | BftProcessorExecutor-QBFT-0 | INFO  | QbftBesuControllerBuilder | Imported #413 / 34 tx / 445 pending / 5,223,576 (0.0%) gas / (0xbdca7322d04af661c2c8aac454d59100c9ff01ab2fe8eae839790f24ca6a5725)
2026-10-07 22:05:44.453+00:00 | BftProcessorExecutor-QBFT-0 | INFO  | QbftBesuControllerBuilder | Imported #414 / 34 tx / 411 pending / 5,223,612 (0.0%) gas / (0x361d0d98a3005090fcb463ce1402ea73adfe8aca96357a39fbb5796092e11136)
2026-10-07 22:05:46.583+00:00 | EthScheduler-Workers-0 | INFO  | PersistBlockTask | Block 415 (0x35876b0612d62b7536e7042bfe49e740063da4e56d6d31e5624641010178f2ab) is already imported
2026-10-07 22:05:46.584+00:00 | BftProcessorExecutor-QBFT-0 | INFO  | QbftBesuControllerBuilder | Imported #415 / 34 tx / 377 pending / 5,223,724 (0.0%) gas / (0x35876b0612d62b7536e7042bfe49e740063da4e56d6d31e5624641010178f2ab)
2026-10-07 22:05:48.549+00:00 | EthScheduler-Workers-0 | INFO  | PersistBlockTask | Block 416 (0xd66431ce9a97e55a94a0e71eb70514a8b7d3aed7b8c3bb7186222f7b312606ca) is already imported
2026-10-07 22:05:48.549+00:00 | BftProcessorExecutor-QBFT-0 | INFO  | QbftBesuControllerBuilder | Imported #416 / 34 tx / 343 pending / 5,223,512 (0.0%) gas / (0xd66431ce9a97e55a94a0e71eb70514a8b7d3aed7b8c3bb7186222f7b312606ca)
2026-10-07 22:05:50.713+00:00 | BftProcessorExecutor-QBFT-0 | INFO  | QbftBesuControllerBuilder | Imported #417 / 34 tx / 309 pending / 5,223,512 (0.0%) gas / (0xba2ab937d87c582c9f6d3f25a4541e42fc5d8189da436c70052a0a55af88452b)
2026-10-07 22:05:52.752+00:00 | EthScheduler-Workers-0 | INFO  | PersistBlockTask | Block 418 (0x35663b3062484ffc6cebd9e0e96778f2e54383d9af043d3d7340979dfd7415d5) is already imported
2026-10-07 22:05:52.753+00:00 | BftProcessorExecutor-QBFT-0 | INFO  | QbftBesuControllerBuilder | Imported #418 / 34 tx / 275 pending / 5,223,568 (0.0%) gas / (0x35663b3062484ffc6cebd9e0e96778f2e54383d9af043d3d7340979dfd7415d5)
2026-10-07 22:05:54.809+00:00 | EthScheduler-Workers-0 | INFO  | PersistBlockTask | Block 419 (0xafbb6cfe86468928a63d6a7b4f27edd2dd294ca9b28dfdf8759993b3be5d8dc3) is already imported
2026-10-07 22:05:54.813+00:00 | BftProcessorExecutor-QBFT-0 | INFO  | QbftBesuControllerBuilder | Imported #419 / 34 tx / 241 pending / 5,223,528 (0.0%) gas / (0xafbb6cfe86468928a63d6a7b4f27edd2dd294ca9b28dfdf8759993b3be5d8dc3)
2026-10-07 22:05:56.392+00:00 | BftProcessorExecutor-QBFT-0 | INFO  | QbftBesuControllerBuilder | Imported #420 / 35 tx / 206 pending / 5,377,246 (0.0%) gas / (0x4b6afda60e39b7d01685ae41b20c402aa2b5f7934652f2b6f61d898aa98cdc6a)
2026-10-07 22:05:58.362+00:00 | BftProcessorExecutor-QBFT-0 | INFO  | QbftBesuControllerBuilder | Imported #421 / 35 tx / 171 pending / 5,377,182 (0.0%) gas / (0x3ab0437bfa22389d8aa30b83a1c474adf4895291e73cf5461db0c5d07ae9d9b1)
2026-10-07 22:06:00.431+00:00 | BftProcessorExecutor-QBFT-0 | INFO  | QbftBesuControllerBuilder | Imported #422 / 34 tx / 137 pending / 5,223,632 (0.0%) gas / (0x94fb70722fffbd8504394d86abfe9b2621478eefe9c0ef3550df959b2d66dd3f)
2026-10-07 22:06:02.438+00:00 | EthScheduler-Workers-0 | INFO  | PersistBlockTask | Block 423 (0xffdb4db80c25ac474e6042eb1fca05aeb87cafff2580fe5d97552e662e35d3cd) is already imported
2026-10-07 22:06:02.438+00:00 | BftProcessorExecutor-QBFT-0 | INFO  | QbftBesuControllerBuilder | Produced #423 / 34 tx / 103 pending / 5,223,520 (0.0%) gas / (0xffdb4db80c25ac474e6042eb1fca05aeb87cafff2580fe5d97552e662e35d3cd)
2026-10-07 22:06:04.418+00:00 | BftProcessorExecutor-QBFT-0 | INFO  | QbftBesuControllerBuilder | Imported #424 / 34 tx / 69 pending / 5,223,544 (0.0%) gas / (0xd183176ae71b6672318aca14b76a666a346cab42a04905db5c82c1ec627419c1)
2026-10-07 22:06:06.483+00:00 | EthScheduler-Workers-0 | INFO  | PersistBlockTask | Block 425 (0x4b61aef2df07d7ab7c5dd001e7a66e42cb4e4e33676a290b7f3cdbad6d1c058a) is already imported
2026-10-07 22:06:06.483+00:00 | BftProcessorExecutor-QBFT-0 | INFO  | QbftBesuControllerBuilder | Imported #425 / 34 tx / 35 pending / 5,223,528 (0.0%) gas / (0x4b61aef2df07d7ab7c5dd001e7a66e42cb4e4e33676a290b7f3cdbad6d1c058a)
2026-10-07 22:06:08.554+00:00 | EthScheduler-Workers-0 | INFO  | PersistBlockTask | Block 426 (0xbeb5ce873ec5b9ca551f7d9516ca57a087c810850dd71e8a84e68af82d3ae0d6) is already imported
2026-10-07 22:06:08.554+00:00 | BftProcessorExecutor-QBFT-0 | INFO  | QbftBesuControllerBuilder | Imported #426 / 33 tx / 2 pending / 5,069,926 (0.0%) gas / (0xbeb5ce873ec5b9ca551f7d9516ca57a087c810850dd71e8a84e68af82d3ae0d6)
2026-10-07 22:06:10.363+00:00 | BftProcessorExecutor-QBFT-0 | INFO  | QbftBesuControllerBuilder | Imported #427 / 2 tx / 0 pending / 307,260 (0.0%) gas / (0x0639d064fd7ef224212215f4516652d18192a4d14a238a9bb98379161822c022)
2026-10-07 22:06:10.365+00:00 | EthScheduler-Workers-0 | INFO  | PersistBlockTask | Block 427 (0x0639d064fd7ef224212215f4516652d18192a4d14a238a9bb98379161822c022) is already imported
2026-10-07 22:06:12.339+00:00 | BftProcessorExecutor-QBFT-0 | INFO  | QbftBesuControllerBuilder | Imported #428 / 0 tx / 0 pending / 0 (0.0%) gas / (0x0a62b0a02ab99db8bd872ecc42e02ac3d1407b19d90bd405b5e06ac4a1753f65)
2026-10-07 22:06:14.329+00:00 | BftProcessorExecutor-QBFT-0 | INFO  | QbftBesuControllerBuilder | Imported #429 / 0 tx / 0 pending / 0 (0.0%) gas / (0xaaeff61b88b55d407dd4e3048a6d01f1469259bb8a998cef65a7ee2d0efd2fe0)
2026-10-07 22:06:16.337+00:00 | BftProcessorExecutor-QBFT-0 | INFO  | QbftBesuControllerBuilder | Imported #430 / 0 tx / 0 pending / 0 (0.0%) gas / (0xbbbc05aeeb963bad07e81d30a23b69d48233f966560f8e64c171efb7db969a37)
2026-10-07 22:06:18.344+00:00 | BftProcessorExecutor-QBFT-0 | INFO  | QbftBesuControllerBuilder | Imported #431 / 0 tx / 0 pending / 0 (0.0%) gas / (0x577625c5969c9d9b9daceb4b8f38eb6c34c82dec502a6b107414fe1c54a9eea1)
2026-10-07 22:06:20.482+00:00 | BftProcessorExecutor-QBFT-0 | INFO  | QbftBesuControllerBuilder | Imported #432 / 0 tx / 0 pending / 0 (0.0%) gas / (0x0c8c3f2fa53b6c10708d0317d0cb84f6c5ccbcb11fa709326494e537fc3576ec)
2026-10-07 22:06:22.474+00:00 | BftProcessorExecutor-QBFT-0 | INFO  | QbftBesuControllerBuilder | Imported #433 / 0 tx / 0 pending / 0 (0.0%) gas / (0xac08aad86503ff6f525e3f7e2ce801d894a61d27748a81cc5c6f98e35a3ff5ce)
2026-10-07 22:06:24.451+00:00 | BftProcessorExecutor-QBFT-0 | INFO  | QbftBesuControllerBuilder | Imported #434 / 0 tx / 0 pending / 0 (0.0%) gas / (0x5a453f0985a604d7a618e0d2fff67db2f2539f333005c1a559a35ca48f1099fc)
2026-10-07 22:06:26.243+00:00 | BftProcessorExecutor-QBFT-0 | INFO  | QbftBesuControllerBuilder | Imported #435 / 0 tx / 0 pending / 0 (0.0%) gas / (0x192816326f6b2441150fba375d22616600c0ae5989fbf553da04ebfa4253f695)
2026-10-07 22:06:28.241+00:00 | BftProcessorExecutor-QBFT-0 | INFO  | QbftBesuControllerBuilder | Imported #436 / 0 tx / 0 pending / 0 (0.0%) gas / (0x7b082f41f6003f6187c451d392d4a3af3801b5c842b88994fd3e9ddf6f230611)
2026-10-07 22:06:30.251+00:00 | BftProcessorExecutor-QBFT-0 | INFO  | QbftBesuControllerBuilder | Imported #437 / 0 tx / 0 pending / 0 (0.0%) gas / (0xadacc8569cd9c451bf044a821bdcf2dc2e7a3bc0c30f39a0d258075adc96aad4)
2026-10-07 22:06:30.252+00:00 | EthScheduler-Workers-0 | INFO  | PersistBlockTask | Block 437 (0xadacc8569cd9c451bf044a821bdcf2dc2e7a3bc0c30f39a0d258075adc96aad4) is already imported
2026-10-07 22:06:32.225+00:00 | BftProcessorExecutor-QBFT-0 | INFO  | QbftBesuControllerBuilder | Produced #438 / 0 tx / 0 pending / 0 (0.0%) gas / (0x2731f3866ac64b30803b797617b38c8a23dadefe72efced59f80b2c70997a072)
2026-10-07 22:06:34.228+00:00 | BftProcessorExecutor-QBFT-0 | INFO  | QbftBesuControllerBuilder | Imported #439 / 0 tx / 0 pending / 0 (0.0%) gas / (0x39ef23219c3c5c5a18cf44e9b790e28b82faf90bad39ad03b3e98febc1d29f11)
2026-10-07 22:06:36.234+00:00 | BftProcessorExecutor-QBFT-0 | INFO  | QbftBesuControllerBuilder | Imported #440 / 0 tx / 0 pending / 0 (0.0%) gas / (0xd676e127c5891091cd91be12c9ac4544c278d16c63f8b201df6f3ee8eb7936a4)
2026-10-07 22:06:38.309+00:00 | BftProcessorExecutor-QBFT-0 | INFO  | QbftBesuControllerBuilder | Imported #441 / 0 tx / 0 pending / 0 (0.0%) gas / (0x44b55772be42b8242180f8c294fc15e77b310c9a53133b4ad5f94b9d424b09d6)
2026-10-07 22:06:40.313+00:00 | BftProcessorExecutor-QBFT-0 | INFO  | QbftBesuControllerBuilder | Imported #442 / 0 tx / 0 pending / 0 (0.0%) gas / (0xa623e2c0219e41967892b6d706e36a45b1624c490d0f34a019429160dc1a50d5)
2026-10-07 22:06:42.319+00:00 | BftProcessorExecutor-QBFT-0 | INFO  | QbftBesuControllerBuilder | Imported #443 / 0 tx / 0 pending / 0 (0.0%) gas / (0x0d094cbdcb55cca80b11466ba7013d34c5c406ccf358912508a07f1e1ac60164)
2026-10-07 22:06:44.319+00:00 | BftProcessorExecutor-QBFT-0 | INFO  | QbftBesuControllerBuilder | Imported #444 / 0 tx / 0 pending / 0 (0.0%) gas / (0x39c90cd38495a1b04b170df07d19619c43ad75a6c35cd37e31d3f3aa54cc6af6)
