tx_index,sender,rpc_node,tx_hash,nonce,submit_ts,confirm_ts,latency_s,block_number,gas_used,status,error
0,0x89DFF05900F883B6d30392BcfC5B72744367E794,node00,e52d28bab2c4924e376de20fe412cf635f59311fa29b4a0b759300d1d8ae0697,8,1791384013.0301762,1791384025.9633126,12.933136463165283,135,241970,confirmed,
1,0x09EC05B968378D520622A33647109cDc63230836,node01,39fbed6a3a77f0906445f6e4f540d012affb298269c9147513a9cacf43105976,6,1791384013.0394378,1791384025.9520817,12.912643909454346,136,241970,confirmed,
2,0x1B76AD96E0483970DBDBf23Ec28B2a1862d01DbA,node02,6662cde9dc7da270cf55870dddd3cf20fdb55655ed7f1447c7ec7ce00a903782,6,1791384013.044152,1791384031.4279494,18.38379740715027,137,241970,confirmed,
3,0xaAE9627AA65D6FD88a8a694965A06FCbfc17DB82,node03,7fe3a63d0047c3d25c68f2ea279534a74723136114738b3f8e66a001e084ebcf,6,1791384013.0505588,1791384031.4486148,18.398056030273438,138,241970,confirmed,
4,0xE499C6e6b7874717bEce3d9d898fa956044863c4,node04,54eb0e25131fba22930d5f0309054ffbd35f310a333938a37f03a0608191d764,6,1791384013.054286,1791384031.4130151,18.358729124069214,139,241970,confirmed,
5,0xBa07dDe8A92c55Fa428c35d741ACA326CF7e0282,node05,1e4656306c54ce2fad812e9d2b2072ec454fc228cb6d340022776d4e9b05b19e,6,1791384013.0606852,1791384036.2831879,23.22250270843506,140,241970,confirmed,
6,0xf4772032E03DF5804D9EE39b396FF223AE1301DA,node06,26defab8bf21d998b350b348dd7c0f4140d89e42ebcc00d5a286a29b6f714b0e,6,1791384013.0614705,1791384036.1987023,23.137231826782227,141,241970,confirmed,
7,0x82aC4d00DAE35B7074a4FA28a3945Ce54A9a0Ed9,node07,be1892fa9e961c5145eb20c3d530df93dc532fa935926454cf10f7478e24b626,6,1791384013.062183,1791384039.697908,26.635725021362305,142,241970,confirmed,
8,0x74Bca455111888e9D743339592238D102fFC6113,node08,7a9ce8fe5d90bd31dc9ff5de3890454befd54620b90b305e0eceee5a47b9f13b,4,1791384013.0653453,1791384042.4823422,29.416996955871582,143,241970,confirmed,
9,0xe95BB89df2C11764BEF20691d944e165C1A071e7,node09,891fe46294657bf7286926ca48fab2507d6310ca90ecb576974573a56e43be74,4,1791384013.068984,1791384044.8489475,31.779963493347168,144,241970,confirmed,
10,0x2ed2a9E78aeeC69c74eA8bAc2F46db50a68DF15B,node10,654fc9cfdf39b33e21f3ff5b1948bfd88a630a006e05164517bafe83f8069bfa,4,1791384013.0710363,1791384046.7769663,33.70592999458313,145,241970,confirmed,
11,0x8Ed2b273c251baD77E54F0cbF6e88952b64a7719,node11,c48a761db9229470392dad4067ece5cc67ea1ad1474d49048029cbbd4318230e,4,1791384013.0723693,1791384048.3034859,35.23111653327942,146,241970,confirmed,
12,0xE2ed08168d092D6Cb76f63273F35A5ca914a1a84,node12,bfb78129203fab616e51d61b18470e707caaa8abde3e46bc606f0e789bd55d17,4,1791384013.0781982,1791384050.6742487,37.59605050086975,147,241970,confirmed,
13,0x059777805B46e43944CCeAAdbfC98253f9C52920,node13,10b5cffaa3978bd019a10cda21717201227e747d292b08015647bd7a466348df,4,1791384013.0843105,1791384019.5175543,6.433243751525879,133,241970,confirmed,
14,0x24c8F8751C28831D5c569B01bf799B75170a2f2E,node14,609018bb3012701fe512c9fe13f719f2fa90f190212aab113fede6529859c848,4,1791384013.090985,1791384026.0551455,12.964160442352295,134,241970,confirmed,
15,0xfA8ffcf65f05e55B705Ba649E2B6E394a7eD3467,node00,04f4f5407770e2ef253ea0d337df94b3ae722e1fafe3976a482e4ee2f4fe92e3,4,1791384013.0972307,1791384026.1191537,13.021923065185547,135,241970,confirmed,
16,0x92e2ab0e0B83B52BCB0282B7AC635FeeBBa144BE,node01,bb9fc7172c9af4ffb6075b53803c8184f3d757b397d80bd4db09f2b5778379f9,4,1791384013.0984762,1791384026.065186,12.966709852218628,136,241970,confirmed,
17,0xA8eC9ABdd7586864A145B8BAE876eedDc5C0Cd8F,node02,ce98440dfb481bb4c600dd3b2269fb1605d1eb9c0c98187d1d49d66d38277615,4,1791384013.1009066,1791384031.5890877,18.488181114196777,137,241970,confirmed,
18,0x625Ea29Dc39E249c166162f503b9de701c48Cde5,node03,37e40055c69d2fd8906e18b2492c7e541bf133e7b5f5d1e218996608af1b5040,4,1791384013.1042619,1791384031.6261823,18.521920442581177,138,241970,confirmed,
19,0x79b8679C0fdfA2e50FFD20e0Bfa6CFdf9cB7De0B,node04,6909ab7930d626080c39f2728917083ee2441fbc0a2823b070a3065f47ee69f6,4,1791384013.105681,1791384031.526397,18.420716047286987,139,241970,confirmed,
20,0xfddB875D10d2e36b37FDCA3Af71383C5B9Bf35f4,node05,a64004911b1fe013ea50f01e3f1df12ffbeadb7307db71c4cd47473947262be8,4,1791384013.1119626,1791384036.2763505,23.164387941360474,140,241970,confirmed,
21,0x27382Ccd1a7d2Fb79f998170BF0C3f6519f554eb,node06,8f9d89cae1db6479dd2ae12fbdc74dc57ba6a391548927ea163c25ed8e304060,4,1791384013.1168463,1791384036.2974215,23.180575132369995,141,241970,confirmed,
22,0x11F69E8a7d442898347EFac9D4C34e0489790A46,node07,fbe8958eb7cefe4e2fb58eb1455d2a1acac5d60dc6e2b67b957b4742c94b33cb,4,1791384013.1206663,1791384039.7648244,26.644158124923706,142,241970,confirmed,
23,0x287dA853705ca079F9Be1d68921e03A03ec0A70D,node08,3634ea90697cf86fa6db4fe3e8c8dae7ca9a5e6cbc6aabdfc1a75b79dd84dcef,4,1791384013.12438,1791384042.5081627,29.383782625198364,143,241970,confirmed,
24,0xb908483a54EB4585422681a50335f0382779C093,node09,3050418b1d5d2f4d22d7b3ac58bfe8199702767123aa957a838df626de2f965d,4,1791384013.1276536,1791384044.8642905,31.736636877059937,144,241970,confirmed,
25,0x6dbA4F04735238f5A43B1c74d1FE0E3284354Ed7,node10,9ad32848eb1d6937cb6288437904e6cab6e216e6b655b34ab0e9cc82b2bdea0f,4,1791384013.1312187,1791384046.7885263,33.657307624816895,145,241970,confirmed,
26,0x24B0b1Bda274f0CF2C1806f9Cd7065272A2d46bA,node11,9cb9ca2f72b70f0f1ad20c850a6fc0c115991c5deaa3203fe1ac75081fb7c1ca,4,1791384013.1334329,1791384048.26772,35.13428711891174,146,241970,confirmed,
27,0x2ff52b85B9FFC975BC12E531a5bC2A12647466F1,node12,afac35398eb27391231294bacf0a8ad55d7aa7bc4a7929a8df0fcece73018dd6,4,1791384013.1349056,1791384050.7225597,37.58765411376953,147,241970,confirmed,
28,0x95043DD0607A4FeA22C91A3600A87f74582eaA22,node13,1f01bfbfd89759029d7be6c58003d7d503dd65b9e753ef3be086c6bc32e2e5c4,4,1791384013.1383882,1791384019.5982983,6.459910154342651,133,241970,confirmed,
29,0xD556884B5ab279e4d518C5dc1C94c3bdbF1312F2,node14,43e2fbc22d5d58af11402ebd6174578c20327df873857d117617a681cc63a497,4,1791384013.1442487,1791384026.1507854,13.006536722183228,134,241970,confirmed,
30,0xd902eFF1233191Db6fbbd80F5E85DBE4C8B358Ca,node00,6740adadf3f86a31cb989942902d6705245cde632ab610fcfc195c3137f134ab,4,1791384013.146914,1791384026.0933034,12.946389436721802,135,241970,confirmed,
31,0xF31060509D3686fB8FF666D71E1558843295Dfb8,node01,eaf1349af49012c418165dccb6f92fb6af4321c9cae3023d1060c076003c91d9,4,1791384013.1496897,1791384026.1460114,12.996321678161621,136,241970,confirmed,
32,0x6Bb153423344a1C824005981C12771301E932cbF,node02,07fc0a8ebc856c5df16f10c6a680cbdc82beef17fff16711c192b043e4304890,4,1791384013.156612,1791384031.6446211,18.488009214401245,137,241970,confirmed,
33,0x5ef4912c478D69a9feBe4610aFC5601F7d6d238e,node03,bdc001c6846ec12bd71bf922cffd454a44121de5c1b064616efd7a3fe700388d,4,1791384013.162251,1791384031.6665132,18.5042622089386,138,241970,confirmed,
34,0xF38fF47e91B81e5cDc8f9566266B34E73aD618f9,node04,e96fb434cea78a75b25122dbe1eff740eb7f1eaffae919b9d00aac75efeecefd,4,1791384013.169601,1791384031.6818826,18.51228165626526,139,241970,confirmed,
35,0xdfE2Bd14148C3482049f0e1Bee39b942dC0C699D,node05,7b5b52580cf36baaf5dfb1f0df9061c48e1e63b93c6b9cc440fed017c5181fba,4,1791384013.1711216,1791384036.3296006,23.15847897529602,140,241970,confirmed,
36,0xc753A279389eCFAfC601FF9b3910377060292818,node06,874f54753a77f530b26fd1534a5cfdd9257a3bad4a3280e51fb7203ff3ac0029,4,1791384013.173826,1791384036.3250842,23.15125823020935,141,241970,confirmed,
37,0x564c7EDbb85B04fB17EB3eb072afF7cb0ef11c01,node07,7a07efa0e8bb87fb8a90753e3119ceacb3e82b8c03bbbd4344db99c9690c7aa9,4,1791384013.177008,1791384039.7779546,26.60094666481018,142,241970,confirmed,
38,0xCbBCF27AD8362517E5c0c410Ed2645f763892735,node08,6c3378e70fda1fabf3fc346b3074a519ba05215c0d827ec9ab45b8e71d07e768,4,1791384013.1805446,1791384042.5408185,29.360273838043213,143,241970,confirmed,
39,0x57B6e5C9e4C0Bc297279522430E0D0216DDCEEb4,node09,42b4558f68878e4dd518f7c6eaa6ed31172bcffd23ce10381dfa5d8cc67a46fa,4,1791384013.1840765,1791384044.8808854,31.69680881500244,144,241970,confirmed,
40,0x9fe06EF4D7CCF647bBf2F14a9C14Baa346D3ebA1,node10,8a5bad7e6c4fb9e239f80845fb9c80ab65bed6735a1d09623478af414f97112a,4,1791384013.1860454,1791384046.8340282,33.64798283576965,145,241970,confirmed,
41,0x9440b03f3cf98d5E1d151052F04F59953906987C,node11,e75fff54a3782e9cbd59117f94837e16bf0a74279ac4e8a75432bbc62ce9a061,4,1791384013.1875088,1791384048.270867,35.08335828781128,146,241970,confirmed,
42,0x1dc057766694B72Bcada942b5A5923056861444f,node12,1f9fab58e303a391caeeed2ef01004b496c02a224e09b855d6216070abd42ae8,4,1791384013.18915,1791384050.6972399,37.508089780807495,147,241970,confirmed,
43,0xDeD926084D8E298bc8e2Ef9A0b5BCd6eF8ED9039,node13,049c476f7426e4b947009d6114687a975ba1923d4c12d1365f5f312412cdb832,4,1791384013.2000883,1791384019.6362998,6.436211585998535,133,241970,confirmed,
44,0x1542c27025A567Ca036f2A842fc30Fdf9352B882,node14,f32ab134a5c24392804b32fee60bba8faadddbe928f237bf7285dd120aa048a2,4,1791384013.203004,1791384026.152216,12.949212074279785,134,241970,confirmed,
45,0x7EF7A2EF096d1b1E56Cf5E6c3E11F6a6e0758f68,node00,be14a7fa8e267e68d30c7b2dc2d7095bccaf48ec2b32726a7075c33a09c222e6,4,1791384013.2069807,1791384026.1567004,12.949719667434692,135,241970,confirmed,
46,0x8ef1d5C243888B634e90D0DD5966FaC1A0513B25,node01,a9f141a9edb3610e436f178ef8dce6b7a444b58241f554ee568940ef900dfe1f,4,1791384013.2130973,1791384026.1345706,12.921473264694214,136,241970,confirmed,
47,0x6E40d3699274BC8F55BE993dD1c50Cf92F042F5E,node02,e953c529a29c95726a79821b0a6be0cf3b84f201870b7b60076f1be6f3a276df,4,1791384013.216494,1791384031.6628861,18.446392059326172,137,241970,confirmed,
48,0x1019262c07B79c3f0F731b6Ae3aC95D1dDf937F0,node03,b0f85e0c3df03bfded6f5c34c6d001defd66057c4f501f2dbe4610f8cd7a6e45,2,1791384013.2177205,1791384031.6690648,18.45134425163269,138,241970,confirmed,
49,0x28B6104dE120Cf56cF29f8413272CF4AD34D5d34,node04,ae3f46004325baaff2f148aa227275bdfd1bc56e1ebe59e1cc9ae28c11aae03e,2,1791384013.237994,1791384031.926554,18.688560009002686,139,241970,confirmed,
50,0x8e3AF507Fb9f06935b1591a5ad99077f6Ae3A4a9,node05,c700896fcaa0f737226b6b6f402c9b55a82b344c467245c94c173bc06144690b,2,1791384013.2393982,1791384036.4500313,23.210633039474487,140,241970,confirmed,
51,0xeECf5bab4c22D3C0782d15567f50c03bD74C2Eba,node06,660bb2384720490597cbe1e513e12eba54aea1df98acc2830481da6435f44632,2,1791384013.2403646,1791384036.471497,23.23113250732422,141,241970,confirmed,
52,0x09D5aAd49C9D50D80de6270Aee5f659399339145,node07,8506be504437a33b3b0f7b97f5ddf94280f2a55c09da3372da7d98e5c821c8ad,2,1791384013.2423995,1791384039.775959,26.533559560775757,142,241970,confirmed,
53,0xcafFDbEcC0f17C181f3c925eF261517ae183D8c8,node08,72f4258b8858c657d52e2720e3a38e614088ffa1603cf53df5232e4dac9b29b4,2,1791384013.2442696,1791384042.5552294,29.310959815979004,143,241970,confirmed,
54,0x16c068AcC1416006b0fA483Ce22b807Ede6677f4,node09,bd71400f98b6a1635a8c4da5aa7ac639327fe5c74f988784f4b80463fa80f8b2,2,1791384013.2479994,1791384044.844776,31.596776485443115,144,241970,confirmed,
55,0xBAE53F19b741A8bA309D9b37317cd06CCA2c14Af,node10,48d94998038f51e8d42b1efa6b4a3e8fe63e28656e6e77f84428e122435b6cf6,2,1791384013.2497869,1791384046.7955148,33.54572796821594,145,241970,confirmed,
56,0x594E5f675445BBc2b081B7B5Ac5272c177680971,node11,0b06e0bd9762ba98af91b00170461259ab006706012d9a78ec7eb27e2ddb1b11,2,1791384013.2515585,1791384048.2568996,35.00534105300903,146,241970,confirmed,
57,0xFaaA4c083797B2B08364eBCE6B11c6188955E051,node12,444ef09bf59facd2b348d925a7f26d785de6123616c8581f1d49be74aa2cc9ce,2,1791384013.2587223,1791384050.8087685,37.55004620552063,147,241970,confirmed,
58,0xB4978795E7f4B92e7B0e287Df4bB4755Cbc72477,node13,5bde7e867749a3b6bef53e67e264ca065f640fb4ebbf6cc3844c4b4e71c2bd2f,2,1791384013.260291,1791384019.6927903,6.432499170303345,133,241970,confirmed,
59,0xF45DdE750c2B4E1419b74B24421aA6C1093e4274,node14,270d2cfb84a60b6a56e1450b02b069cf7d0ab4cfe15d92ddb17a180b4bf35e07,2,1791384013.262119,1791384026.1777182,12.91559910774231,134,241970,confirmed,
60,0xCF7f42cEdc3b9cbC72aB1CCA19D31288eB37F5Ae,node00,90bcddc0a03659655b2bbddead6e76db7e5b74dc7d82836b0ab6634f5c07cb5f,2,1791384013.265478,1791384026.1489208,12.883442878723145,135,241970,confirmed,
61,0x05d489ba323BfBF27a6764dA7Ccc058c15Af2C81,node01,9c4f77c46b01a775501320eefc06e5fc577028ef13df39a80db4cb3c89d8a79d,2,1791384013.2673044,1791384026.162023,12.894718647003174,136,241970,confirmed,
62,0x5560427D4D41eE27cd8Ca348F6B24E6C28904bA5,node02,ac1c86df30ef2c21ef48ea3916864c15bdb6e647f63faf175f8a516c854bb592,2,1791384013.2704237,1791384031.6978924,18.42746877670288,137,241970,confirmed,
63,0x9abdc0e61eC736Bd2e2aeeB6588092a52d57f546,node03,4da53fea1be74515942333f9edab74f0a1f751418a58f7be46ee7900b0ae29f5,2,1791384013.2754092,1791384031.9074621,18.632052898406982,138,241970,confirmed,
64,0x0c7FA6D2D542E79555277DA6eAc3C0d3cC72E86E,node04,fe4033f0ba45782a6193ebb470a5339e021c77ade6d0dcbd5d7cfb3e46908d94,2,1791384013.2775266,1791384031.8049123,18.527385711669922,139,241970,confirmed,
65,0xa599d6756c6Fa1D1DF347Efb7A6a31806749A78B,node05,1047e681b7c6b2a4b328dfb250a488ca80d2e439da6536d6042abe0f63f253fd,2,1791384013.2788992,1791384036.4182491,23.139349937438965,140,241970,confirmed,
66,0x53EAcbaAEB3C5C5e92FAc7928605582CEb8E8416,node06,bcf56a9c2217cedf1cf22b6ebabadeb5e5df747b91883ef15ea9f8907f0244ec,2,1791384013.2810848,1791384036.46018,23.17909526824951,141,241970,confirmed,
67,0x580ed6080389AC0D38Dfc110c61F97d1d27D7B36,node07,80e2b5996e50d1457068799970530db5f94b29f64ceb8398a3e56943beb7a689,2,1791384013.2824144,1791384039.840276,26.55786156654358,142,241970,confirmed,
68,0xb807c4f11Bb3dF4b4C4183fB43FBf4c55751a16F,node08,6c953007507b4cfd47af44d2611966e2788ab0d7fbb3653017644b2ad192457c,2,1791384013.2833655,1791384042.563478,29.280112504959106,143,241970,confirmed,
69,0x87e7071BF86743B94794f7D236d0e42a890F43f3,node09,d5c2857df4e857f4cef655f66cb33e3eded6744e0d26ce06ee144cd1cd388615,2,1791384013.2884972,1791384044.8860214,31.597524166107178,144,241970,confirmed,
70,0x0B5587c31cE0960D1Cf250f4AB7B87692E02bcA9,node10,988add42acafdeca01038053dbf7bf2f4d5d78cd58f345cb848a8cb34e862b66,2,1791384013.2894294,1791384046.8935513,33.604121923446655,145,241970,confirmed,
71,0xff08Bbc0cd8FAE0B756E84BB9299A2b74DcD70bF,node11,677383024580aae04f36fcb90f91c3dde70f709811650d3e89cee21a9bb4844d,2,1791384013.292805,1791384048.4838471,35.19104218482971,146,241970,confirmed,
72,0x36950083bD08dF22f31FD60b35194c1987531e4c,node12,dfae2c88006b087651ad57e529f55b97a27810d00928e1dcd8f35d7fb65513af,2,1791384013.294837,1791384050.774068,37.479231119155884,147,241970,confirmed,
73,0x51592c551C9de8FEdC90512BC2392d33ccfe6969,node13,d46e2f818120136be4af234ba8517218d19f5a5a3504952a4a17c7265f0a18c4,2,1791384013.3257325,1791384019.7306943,6.404961824417114,133,241970,confirmed,
74,0xA30A5d9d49EE89444a4023a50bF05182Ccea1EE8,node14,0842a7379f946b74b7bb8e55953dd900fe6fa90125da15a63f54657faf4cfa96,2,1791384013.32848,1791384026.2453785,12.916898488998413,134,241970,confirmed,
75,0xB90C68A2EB3072ad8A2fa225D16dD0A608e341D7,node00,61982115901cd42cd34254df478b5436e51a4de6ae22c0b860493860f19828ac,2,1791384013.3312159,1791384026.1807866,12.849570751190186,135,241970,confirmed,
76,0x4600c54A0d62Df80B3A2095B8fbC7f3CA497aE65,node01,197b4948b21ffb173e1002e622a0489ae2d348be35df767fe9165b40a9513215,2,1791384013.3364327,1791384026.3088832,12.972450494766235,136,241970,confirmed,
77,0xe0be603ca108728795EE31F80844bBD8FBC4262b,node02,015e49f4970a9967eeb2e3d93d324dc36f053c47905f77581a8924e0c5f1e648,2,1791384013.3383703,1791384031.7766116,18.438241243362427,137,241970,confirmed,
78,0xfFd1627320da464bdEa42616241eC3537Fab0c49,node03,f5e628fe73634271ed33bcb8d610872701ab787ae950279bdae4559cd6b83037,2,1791384013.3501406,1791384031.7576706,18.407530069351196,138,241970,confirmed,
79,0xc46c0190311D7fB6f77A09869B38bEf94735Eb3e,node04,47ab787293d3b6443a07c45371a78e5f9f802e1a7e21f03803e1ddd016a3e99f,2,1791384013.3529332,1791384031.9540315,18.60109829902649,139,241970,confirmed,
80,0x350e5920806F1a653eb5855dF8863Ccb5D21703a,node05,841283a3176987fb082cb62000a0a311acabd8256e0c8ecc6f6727d5751bb1d4,2,1791384013.3557293,1791384036.6161456,23.260416269302368,140,241970,confirmed,
81,0x9aFEe538213998438d59CB105c1D0189AB7bd7a9,node06,4ba1575804452684e793f3db222265f385507cda6136ce8fe2848bcca51455be,2,1791384013.357751,1791384036.4271662,23.06941533088684,141,241970,confirmed,
82,0xF1dc0F34d314A5935f3691335b928CFa66d9Ff96,node07,017302ace75deb45e5cf6c80601b3eb67bfe7e246afd63f83c6a45b10ced5bfb,2,1791384013.3596423,1791384039.8417912,26.48214888572693,142,241970,confirmed,
83,0xd6F13d5C0F04D27B40Dd0B751D46eC665C12c218,node08,d76776bb6717d7fb9a583ea19ce8610264483ef2208d9b949719e01fe769f383,2,1791384013.363427,1791384042.5586572,29.19523024559021,143,241970,confirmed,
84,0xCa14C0Cd7371d92b54327b511761757c8882286b,node09,d929200793b15f0382ead1d5d27e1f14e9c7b706276f8324a3fc0ddf814e771f,2,1791384013.3677502,1791384044.8904579,31.52270770072937,144,241970,confirmed,
85,0xAB02312ecdB578EeD707F9ED476a6A143174bc48,node10,2adac8ebd3b71eebf626458078dbca609e3446f9d0b8cc51e4196e6fdd7c0a20,2,1791384013.3701339,1791384046.8302119,33.46007800102234,145,241970,confirmed,
86,0xF4412998010792640a7c57BE64f83a6B8b09dB3C,node11,94efacd3a50dcf03e084b8865a0085ad5f10c29fa6e95ab65ee1234d33cb9d23,2,1791384013.3727324,1791384048.278987,34.906254529953,146,241970,confirmed,
87,0x38A9Fec82E2014fA0c965A09E081D122b59Dc65A,node12,bd04ac245f580f41f79fe15c5947fd6071b4fd1f018ea8d44b0aa542b7cfe484,2,1791384013.38085,1791384050.7611554,37.38030529022217,147,241970,confirmed,
88,0xEe2C2a4093fA120735D581Aa218fC6B64E31ED74,node13,daf4f0091bf70528f4960df7d5598091dd1e8eac8021549133cd1d3c3ed3a682,2,1791384013.3838084,1791384019.7579544,6.374145984649658,133,241970,confirmed,
89,0x617F4e0f8DAA1902B26463dDa88bA5B868ec4605,node14,b81fecc2aed27615a0da3908e9a94c68f540e06123a3675aaa543cbd1504e511,2,1791384013.3977408,1791384026.206181,12.808440208435059,134,241970,confirmed,
90,0x654740Fad15229678e6140512Dcd97f99eDEfB70,node00,75c04bbb7e2477f663cb3b0ef1275d0ea12ef4e4900a55d76f63ee1463fabdf5,2,1791384013.4021266,1791384026.3167524,12.914625883102417,135,241970,confirmed,
91,0x6849bEaF039dde39411d23E518FF676aC93a2c65,node01,acfa848336ccf97431862ad0f4e2fb9e1b61201dc2bf1cf02028116835f1a064,2,1791384013.4057238,1791384026.2869365,12.881212711334229,136,241970,confirmed,
92,0x57F672560FE3138B3d242658f0df7E60246B929a,node02,e295a6f624f54df80c1e77296782f5bdf49628cf6ec9864659dca2f98c17eb9f,2,1791384013.4088058,1791384031.995015,18.586209058761597,137,241970,confirmed,
93,0x91AAF3AFa3FE232fe9b31E2C172303Ac0c1b57cF,node03,327b23d36a5d635d15b926922f8676b2f123ebe3f2e792806ba6bcf941cd58ab,2,1791384013.411002,1791384032.0310988,18.620096921920776,138,241970,confirmed,
94,0x5ECB1b6D208180DbB9150AaE3a90d1dA9d42f650,node04,5695f0b2479feef720e9beb8b267e63e7cdb53013c3a0c328e5218c4b1a1ba8a,2,1791384013.4199607,1791384031.8128538,18.392893075942993,139,241970,confirmed,
95,0xDc2c2A70c1e85c4154F70235D19e9B2063Fe2EA2,node05,81720dd0bb805665634e24855f8b2ee4ac3b99604d1408300cf2afd53fd955ad,2,1791384013.4223638,1791384036.4534414,23.03107762336731,140,241970,confirmed,
96,0xa6F32C78150Fb3598A89294ec397Bd09e9BFE568,node06,e8b1177c5893811ffc811f3c6e64b53a516466ffba2cfa683cbaf496cdccca8c,2,1791384013.4271173,1791384036.5243313,23.097213983535767,141,241970,confirmed,
97,0xA12aFe89D8172fdD4A11d9Ad394F78bd34846Fe3,node07,67784945e3557afd3ed92171535a06734153c88286cd977571c52df93c1a20c0,2,1791384013.4299014,1791384039.854223,26.42432165145874,142,241970,confirmed,
98,0x4c8B255a511f80985EcB79ece0FBf93f10FE3d46,node08,fa94e697f12f7d1dc51b3a7e86b792fe003827182bc69183297a8adbeaf87181,2,1791384013.4365993,1791384042.7024484,29.265849113464355,143,241970,confirmed,
99,0x5785152a8865a77ab76DEE17A6d304d114BeC241,node09,3c2bd77f867bc00c96db326ad1c0342238c1a659ff143c0511462e8756aa560f,2,1791384013.4383578,1791384044.9035168,31.465158939361572,144,241970,confirmed,
100,0x1319f330f144aAC04f9f9A7cA0f7294820bdBBbB,node10,2d865a82fee0a1f930195475046549db3afbe687cb239d5c45966848231c7084,2,1791384013.44103,1791384046.843667,33.402637004852295,145,241970,confirmed,
101,0x21CDb83D0e36B1DcB6b91635161BAB43a882bDB8,node11,fe2dc488b650ff578471e8df382e0f99f2e30f77420e221ed53b822d3f30daa6,2,1791384013.4441028,1791384048.476287,35.03218412399292,146,241970,confirmed,
102,0xF0B85774D71c2aEF536Cd5dF39cA0575c8638140,node12,39a6389e820fdb946d61e78ff3b9fa8f933b0f6e0b581217eb01fce7bd3eebb8,2,1791384013.4512463,1791384050.746455,37.29520869255066,147,241970,confirmed,
103,0xbDdA08402464F720813607ab9d4C56Abf33B57dE,node13,b40c247cd5ea83069a16ecab8ef9c5df6f985d340a7d6c9751ee4a8fe8a2ab83,2,1791384013.4533882,1791384019.791637,6.3382487297058105,133,241970,confirmed,
104,0xa9c3eDf70E470AdC6b54554848B52997aE9D41f6,node14,5c022b1d0fce4fad959432e17a8bf7255939268148529e825502c1f8d9f0f0d6,2,1791384013.4557068,1791384026.365733,12.91002607345581,134,241970,confirmed,
105,0x9e52e80B27B6a057e4C5003517F8D6f206e0c2d1,node00,2b288e68360d9edace0bb69bbbdbb814f17fc1d135894972de9d2dc093353757,2,1791384013.4624965,1791384026.304531,12.842034578323364,135,241970,confirmed,
106,0xeD0A688A8A0bd1eB2E2279Fe45f594adFDb41488,node01,98e1942dae9d97237d33adcb8fad53b15762de6ef8e5696eeabb3a975c32ea69,2,1791384013.4632313,1791384026.288823,12.825591564178467,136,241970,confirmed,
107,0xFA4737bf33315b5197B8fBd6DFb1d9946Dfb4205,node02,be8e113bac8589de7e80ed5571e0940d8cec5041da6ac6ef13f94f06a5558d03,2,1791384013.4650283,1791384031.8755085,18.410480260849,137,241970,confirmed,
108,0xDbAD822BC36600fFAfa519CD7C558a674673a4Fb,node03,f5ed15f8c3ba367ac86ef179b1272bad5400deb0c77aaf2864f3044694be0b4b,2,1791384013.4676173,1791384031.9482758,18.480658531188965,138,241970,confirmed,
109,0xcF52590D9D7C4ED86eEDE3e7AA9Cb0b940F932e4,node04,983edf0ab31c423d52c4fd118b9a35cba2af140f5ba65a20678966c8f978c88f,2,1791384013.473093,1791384031.8847558,18.411662817001343,139,241970,confirmed,
110,0x44D15e778c4736f6364673d1fA938dFaf69af787,node05,78aba015545f25886e08dbf76b75de9c24e43816b08d441b0195928479468c66,2,1791384013.475544,1791384036.5887158,23.113171815872192,140,241970,confirmed,
111,0x2B7c36d0B18f04D411CB44b1149B6b26741DDcf9,node06,6ab4f19aed9db5739c2f84eb143d9bbc6f694624c25f5a67f25a4a9a90e6bf9d,2,1791384013.4795845,1791384036.5291214,23.04953694343567,141,241970,confirmed,
112,0x391Dd7B82a690fC7aAe9f58F13b2F4B9Dc8bB144,node07,4468bb94ab9a5aaea095227c9386847ac80c693574429cba26d3f13948915e84,2,1791384013.4814448,1791384039.8304715,26.349026679992676,142,241970,confirmed,
113,0x55565d1419E3E7e5631C00963254042395567a9f,node08,ece3c2f1515f2d6ed4f4e573dcd89b376854f91281716d537dc8951ee2316235,2,1791384013.484273,1791384042.557095,29.072822093963623,143,241970,confirmed,
114,0x9C2B5C916AcDcBF15b7E332092cf2621Cd17c71c,node09,92380a2551acce630a5a6e3f3b1832641a3057682ad3116721e80d28284b0623,2,1791384013.5058432,1791384044.8879867,31.38214349746704,144,241970,confirmed,
115,0x61fa99218561c1025BE4847E1b3D3B7fF922CBf5,node10,1b61ddd256649490c80759ccc92580d0e73755caa9d732689fee3fdf49129484,2,1791384013.5080655,1791384044.909691,31.401625633239746,145,241970,confirmed,
116,0x799f0eF5f7Da5d5f05D6D0b93e29cE385676601d,node11,bffcf6e778307522309c7b4d3e59647a4abfb3528cce29bfd6cb6a9c925202aa,2,1791384013.5165255,1791384048.4345622,34.918036699295044,146,241970,confirmed,
117,0xed6030D25a2a31E299C91fd3Ca03c481Bc5a9311,node12,5a20588a0c1e374743bd75effb4e3b51713a6403bb06629588aa04996e068de0,2,1791384013.519273,1791384050.7358992,37.21662616729736,147,241970,confirmed,
118,0xBefF1F253c5F5323bcBC927f378E1964CC63EdEa,node13,16eeb01490ffda104598153dcba915b04b3114dc5dd5e97c5dad3550b16fd1da,2,1791384013.5228271,1791384019.8298678,6.307040691375732,133,241970,confirmed,
119,0x956c8e2cBe6AAD4E03cD5dEAc8d8604A6cD97913,node14,ac9f0698af9281fc5dd3d00ab838ddfe738d1b56b7ef9fa7d41be1a9d98643bf,2,1791384013.5278747,1791384026.3777213,12.849846601486206,134,241970,confirmed,
120,0x36ECEf105C1c52AFa4aC073F352D2F26897C80DC,node00,446cd6d8fd1ff58382b5af15aa71f7eabb6093e32935328e3a6045b0729668df,2,1791384013.532509,1791384026.318618,12.78610897064209,135,241970,confirmed,
121,0x7Bb02a92eDf1ec183c10fAd49e0deB4EAd8814dF,node01,508b89d29dbfa14f254e4fad83f24837097a6911c5c6fa13d7c3f371cd4e5eec,2,1791384013.5338626,1791384026.3258142,12.791951656341553,136,241970,confirmed,
122,0x451806b627B8Fa534da287c0a3f14f0C35685426,node02,8afa42c71c88ebc8a86add939220119e96b242cbdcb4e3a2506bb216c7a12d94,2,1791384013.5383785,1791384032.0293953,18.49101686477661,137,241970,confirmed,
123,0x8202E6b8f8EBca8Cf7E2bb6df9497088DDd9909b,node03,5d89ba5ecfe5ef272f7c78902cf5dae458fa544972111e5a28b95b8a04a5eb1e,2,1791384013.5410304,1791384031.9968991,18.4558687210083,138,241970,confirmed,
124,0x198c0A8eDEaB8a3113F7BAded459dFcCA3588b33,node04,eb54eebb5249c30aad448e451fde43a6f409d3d0ae7cd17608389a4c175e0da7,2,1791384013.5423658,1791384032.0265422,18.48417639732361,139,241970,confirmed,
125,0xf901Be53300544B85274999Db2C959F2a55bc845,node05,62c709aa822e4b95ead20c191c8adb5a672e25093afaf21d07bcd1050fcee6d2,2,1791384013.5450644,1791384036.555444,23.010379552841187,140,241970,confirmed,
126,0x41D2f76E7Eadc135847EDd39C353b78E717B6D50,node06,276f40528267047c4ec053b1fe0e99dcdd644280cb8ec28232f199e50622f76c,2,1791384013.5484076,1791384036.5209806,22.972573041915894,141,241970,confirmed,
127,0x06522b5cFFDe79DF1cBBa5163a75589B8480AF90,node07,a06387e16886f45755c1617bd376871119d36086d2f403e96c830952bb5b1ecd,2,1791384013.5517135,1791384040.0165317,26.464818239212036,142,241970,confirmed,
128,0xfE660eD412671F7FC80a954DEcf84ADA99411455,node08,62345b8abb4c9a25dbb873707d650d622fae59acb6ca313b7b4ee1af6ef42916,2,1791384013.552771,1791384042.5903468,29.037575721740723,143,241970,confirmed,
129,0x4761ac7056D6481221A08Af7191DE9d620fC6cef,node09,b812dce6443699cc8c46c63106fd4cfb9f9bc930a5cbe1e840fdcd5e3c4c3ca7,2,1791384013.5615501,1791384044.9321887,31.370638608932495,144,241970,confirmed,
130,0xd0f92b42A48F1e8DaD4F805EC58a3B08Aad9deee,node10,5567e57f96f80183a668051f77b7925a08ac0897af2a02ae7b44a260278b8975,2,1791384013.5635827,1791384045.0346184,31.471035718917847,145,241970,confirmed,
131,0x9980444E131367c7392A2fA1b657312859d65caC,node11,66ab33aee255bded2afb77845a6dda8cbe4216ddbb94c2c8e9e7c78ae3a2b48b,2,1791384013.5667572,1791384048.3695652,34.80280804634094,146,241970,confirmed,
132,0x0a58031847cC1D63E6FEA0Ee49B23e95FA37C6b9,node12,2d5455bdb82254bc74cb05463ea7419d8a7116435ee3c865e3349a2ec705af7e,2,1791384013.5713897,1791384050.9874132,37.41602349281311,147,241970,confirmed,
133,0xdDF61de3a4F3bC2F2166F7141f5f17cFDeB9f4EF,node13,568327a505a9737d4f1a721e51b680009672d9cf1e1c9d2fa892b8e2649a745e,2,1791384013.5764635,1791384019.817325,6.240861654281616,133,241970,confirmed,
134,0x41be4D262430F7C9779B1296d2d663445514D725,node14,04b15b32a8dc89165ef23864f006f27b02620316616abdc104bea6f106d03979,2,1791384013.579763,1791384026.400384,12.820621013641357,134,241970,confirmed,
135,0x50aF1a384bF0F0790b1419D84De467974159A608,node00,da8ea698ac27dc880594f40cb9ea2b5fbd64d176054754ec2a5fa76953655d4c,2,1791384013.5831172,1791384026.345308,12.762190818786621,135,241970,confirmed,
136,0x46cA35312fe72da02B0e066a656161187973c800,node01,ca2c777595839fd1672b128023a3c25895de5bcc16d91b9dad93d38b5bf7a0be,2,1791384013.589706,1791384026.4113998,12.821693897247314,136,241970,confirmed,
137,0xbB231429975c9b96EA3e4A08D117e869cc24907d,node02,fc359ed1167d628c6168d02a625ce47477841ccc56c0ae76f5826da08e357e23,2,1791384013.593114,1791384031.9220805,18.32896661758423,137,241970,confirmed,
138,0x9D5AA0e70d3aA4368D139A60E9CD2817f7B7B29c,node03,46027ac1a274cac87790db67626c29a2dbcaa44d4b899f8a0b94188af2cb5e8c,2,1791384013.5972478,1791384032.0304892,18.433241367340088,138,241970,confirmed,
139,0xDE6E242FB49f935C121492B601ca2A465CB3b616,node04,d5a3a360a4909a0e5f95f18ef958a51be46e153c4f11e6f381f639f5a5a035b2,2,1791384013.5997853,1791384032.0589643,18.459178924560547,139,241970,confirmed,
140,0x3106BCc3A6429B978f5bC430Dd90b5A6E71D4BF6,node05,c0133aedcf9fa3b8acde59c5d9af4d310de473987ee0a46e041d7251e1ac6e67,2,1791384013.6015725,1791384036.6702554,23.06868290901184,140,241970,confirmed,
141,0xcB6BF5d2eC67096baF12719a71058a1461365d8b,node06,90789f89dfff053853810be6e656bfee65d3e2d074b3a6546f657009d6c96338,2,1791384013.6052608,1791384036.6140525,23.00879168510437,141,241970,confirmed,
142,0x82e9D557CfE7013aD8dCAb1196b9dc1D061639f6,node07,17b9f123cc3b1f43a15cc9d022630a1c2c2b299ba3431ca9b9d0472c9a51acef,2,1791384013.6066606,1791384040.1313045,26.524643898010254,142,241970,confirmed,
143,0xc9376756884B943a071E75728eD51fF32Fa384E1,node08,68e355cc02f1a3f881169ec5e476980e24018aa95ca862bdea9299a923ecd57b,2,1791384013.6106536,1791384042.5863686,28.975714921951294,143,241970,confirmed,
144,0x29D4504eA5F1a03a4c823B80374dbA5D63e4C227,node09,fa794560e9e9a0f35103271196e94f5b892db7ab955d638bd9efd01e35bd4346,2,1791384013.614161,1791384044.9281642,31.314003229141235,144,241970,confirmed,
145,0xf60082202EB0677939c60457ff3Df3AD0098b91e,node10,ecd59903340261367fead60e9b5d73f0f93e11c3142bda35603a36427b35295e,2,1791384013.617987,1791384044.9199398,31.301952838897705,145,241970,confirmed,
146,0x7cE1F03DBafa6ce8e77312BA6B55212311DB772A,node11,5c49d0940fe8bb428cac5b64f180e06561facba3b07c149be850dff1900496d1,2,1791384013.618905,1791384048.4096022,34.79069709777832,146,241970,confirmed,
147,0x049d8Bfc2F0e80629e1A6E22561932d6026130f3,node12,0ac13ae478cee0c84230eb8888446a87d026be31d71e0db6a35aa8b7ae455511,2,1791384013.6245136,1791384050.8012528,37.17673921585083,147,241970,confirmed,
148,0xA7E954043cAbb1a818B4bb93af75f388fd1D8F50,node13,bbf0a8c3f62d6172065d1e0a4e42a27413c8fe77b1122a57398973f933ef0d93,2,1791384013.631715,1791384019.8734536,6.241738557815552,133,241970,confirmed,
149,0xE662C7CeF94BEb3FA7EF13020AB18ebeCF61aDEd,node14,c088a6ab7b97b0bc65452e8f8c2abd16ecc983901dd1c230d282fec9fc4b6a5b,2,1791384013.6364753,1791384026.4083853,12.771909952163696,134,241970,confirmed,
150,0x5eccbCB8008AE161Ec1428BEC6bf910629076A7d,node00,4e232871aef7eedab7d922ee141a4a892e78487515d99d0c069b070c97af3804,2,1791384013.6398473,1791384026.4148192,12.774971961975098,135,241970,confirmed,
151,0x34039bD31caf23FA3dd596aD0A2389B37f4d1650,node01,ac42bb7438216f9e6c0eebdfeb8943f126cca70d7a093dacac9b9c9292bf58f4,2,1791384013.6417267,1791384026.3682253,12.7264986038208,136,241970,confirmed,
152,0x0BC014567E4Dac0A875e1b60D2AeB9638530E3bB,node02,e9a7ca3bab738859c7d5e62b29d63fcf280b62095c2f8704f63f82dd2cfd604a,2,1791384013.644831,1791384032.0021858,18.357354879379272,137,241970,confirmed,
153,0x2Ebeb69291A26B054F8aD142e4e929Dff89eA2B4,node03,270d3e3450d3dafbeabbb736943f1dbecc7d854cc5e0513523070bfe66c58575,2,1791384013.6466322,1791384032.0416923,18.395060062408447,138,241970,confirmed,
154,0x255cf2C8E3362D664bf04A08b7d213079fc9C22A,node04,5e639cbf539a117a52a74509da4af8d82539b55621b5c60af50bcd10db1ad23f,2,1791384013.650683,1791384032.0119917,18.361308813095093,139,241970,confirmed,
155,0x0f11b4bf86D1114C276b6c9c49B8E00EBdedA535,node05,2b6802968981fcec725a90252b9abca6fc936e9946078260a9abe7c46584ab3f,2,1791384013.6593895,1791384036.590328,22.930938482284546,140,241970,confirmed,
156,0x7D93Dce754b703a8d48E70504cfF2f1a83d2eFAb,node06,ac6117a798de33b82ba419bdb167afe6d37b2228940512885789782780d9af43,2,1791384013.6614242,1791384036.5808039,22.919379711151123,141,241970,confirmed,
157,0xD8869072429d92DAb8004c4011fDf9543791B3FB,node07,8ae46ef9fa5e3010d697a3d3bec9d5430157a82ec3938476a8ff3e128c552ce9,2,1791384013.666702,1791384039.9852648,26.318562746047974,142,241970,confirmed,
158,0x2483De8D5DC8e5fE8ce8E741CaB1758978BF055B,node08,0ea15e3a6005b5e4f4591f993f3c6a0f21054b10185eabd989966712534f9465,2,1791384013.6695354,1791384042.699307,29.02977156639099,143,241970,confirmed,
159,0x563157b0CAa709142a0Fa4bEE28Bace89884cab4,node09,3673c44bd5539ed3033c2d9da2b32eb4d23fb35b2fd80744a05f9134616ecd12,2,1791384013.672961,1791384044.9558027,31.282841682434082,144,241970,confirmed,
160,0x192d51ad8DD335CB093DA74bF9781d999a4251d3,node10,98183b9f5c5208e55a9aad506599878c5347a2f7bb174f793e3df0c12379d943,2,1791384013.6753669,1791384044.940514,31.26514720916748,145,241970,confirmed,
161,0x526Cfc930D3e0889E1DAf6FB1477a6611337B2Cf,node11,e52b00a5d13c84ccb0e2755c8dc1a9247709639193e94f22ae81845f541ab425,2,1791384013.6771133,1791384048.3629026,34.685789346694946,146,241970,confirmed,
162,0x5d1563aCaFf1D5bEF7a42Bc16710748F950197EF,node12,0ac317285cfa3f63cf189a9e0195ca065c1ec34e5b1cd19173044377f872e697,2,1791384013.6788187,1791384050.7570224,37.0782036781311,147,241970,confirmed,
163,0xE12BA8c876B816D297bABb34d5B9c491A97a37B9,node13,05618c851546ffe56e2642ae469b3b8db37e1601e6c33b4e07fffc3a25fe4c34,2,1791384013.6810749,1791384019.8898268,6.208751916885376,133,241970,confirmed,
164,0xD2F116132B8631F15f7D9c4adEe9ADcc2E8Afe7d,node14,148cb3dbd4c7947562b084722473024618f5400c96323e66af0da71323bc3e99,2,1791384013.6837375,1791384026.4495504,12.765812873840332,134,241970,confirmed,
165,0x4844dF842009732aA1C499fb24593f4ED33833AB,node00,733403b055a437d1533f2a050550aa480c54043784ce23a622545a54a6d7d295,2,1791384013.686846,1791384026.4513497,12.764503717422485,135,241970,confirmed,
166,0xA591385643136A9eECf3D75DdD79d80854C41Fd3,node01,f6a082a9a25c2502624226292197e64f22414fcd19b06fb394635d87cba79f4f,2,1791384013.689036,1791384026.504008,12.814972162246704,136,241970,confirmed,
167,0x007D2dBC1A362aBA23E912B21Ad7Aa2FD3295799,node02,bca177911624fbab582c17c4062c765101bbc08233ddb0260c33986275ddab31,2,1791384013.6928637,1791384032.0844707,18.39160704612732,137,241970,confirmed,
168,0x3655bA6feD4A408CA8e7DD75CfC6fb00004Fb3d8,node03,d4582655bcba89c184f6f4209d964fbb881e7388bd6236895dc84a743e6daa37,2,1791384013.6974635,1791384032.0330439,18.335580348968506,138,241970,confirmed,
169,0x75C9728Dc1527ADAa4d373f5a5A7fD1b9AA1f977,node04,c7d99cabcc4bae0f0374193c00baa852817d91a6f02bf8e387d4dc77aef791a5,2,1791384013.7001033,1791384032.0559278,18.35582447052002,139,241970,confirmed,
170,0xB26387c3faB541453B1545F10C3d58327549139b,node05,bd04a1097b36f27616aff5a957cfa0011c857bbf950598165810ae85e8a5092a,2,1791384013.7012465,1791384036.5856462,22.88439965248108,140,241970,confirmed,
171,0x9fa4AaB1a539A484A064031Fa28764b02F9dbA2b,node06,07424f56619748f518a7eb9da0bb6f91c16a35b42a74b2f5e46b8c364c6e4600,2,1791384013.7038114,1791384036.7863913,23.082579851150513,141,241970,confirmed,
172,0xfE49B1B3A591bDEeF0c91FC5B866F91d95eAE713,node07,e1d72d849b431279d4705cdbfada2f11bcbacf8a5e887d8f5b90fa482170cc3c,2,1791384013.7056377,1791384039.9944584,26.28882074356079,142,241970,confirmed,
173,0x4Cda91a7235349eF2D044f973e41633819B65915,node08,ec8132349c637355c8cdeb29cac7bc86391ddc7f564cdfccfd4779c520623f4a,2,1791384013.7070477,1791384042.641512,28.9344642162323,143,241970,confirmed,
174,0xFB3541Cc0da9003202705997CBa5554043553A98,node09,1366da906af0c79f466f92ee64947469a9341da943c10df7661878dc2afe44fd,2,1791384013.70898,1791384044.9700112,31.26103115081787,144,241970,confirmed,
175,0x4B98c1d08Fa4ef268Ed2D7780614d74FD3704ABa,node10,28045bcc1b03bc7bb7aadda98a52748c830ad70c8d1259725ee5ed1a28ed10c0,2,1791384013.7106745,1791384044.9626138,31.251939296722412,145,241970,confirmed,
176,0xB3e532a540051ceAe02Ba4320693Fbd018216194,node11,ab823992964b31cd6e1c67eca52fb0f3a413d4b093085741f605a3acffd537dc,2,1791384013.7130678,1791384048.3541167,34.64104890823364,146,241970,confirmed,
177,0x104561AcE8E6C99DE33fd06fA1Dd7c865F0B0e6C,node12,ba13bd207f781383196968991a2a3f42ed51870f52ac23d6cafb049caad0d054,2,1791384013.7182062,1791384050.928139,37.209932804107666,147,241970,confirmed,
178,0x067d90411C0ADba9140D35c8458649A0f67E8414,node13,4aab45e694fc40dc740d87a539d9bfbe98f7e80597af22350f993965f1126dc7,2,1791384013.7206354,1791384020.016776,6.296140670776367,133,241970,confirmed,
179,0x1c9708949CeEEC9ddD317430a55a35eBC3d66eeb,node14,c8234ea5e5bbe8259bb62c4e787709dcac2ca72cf88ce17ee75cefb5414273a6,2,1791384013.7229784,1791384026.5123167,12.78933835029602,134,241970,confirmed,
180,0x032Aba1124Ea5078bc363C2F2A1b8Df8479Fe4bf,node00,ae1c843ab2f1aaec01d338a6f5dd613551f3905f2ac1da2fe677857f7947289b,2,1791384013.7280571,1791384026.6024764,12.874419212341309,135,241970,confirmed,
181,0x88D87DFa9E499234DF2Fe9999A3E5b6D1927e9C7,node01,6a823491e77b7f434749c848d851ea38029eadc386215681fb4da1814664e93e,2,1791384013.7323463,1791384026.4704497,12.73810338973999,136,241970,confirmed,
182,0xea81e2F3F23D0011609a2959761e863CF9684CA7,node02,926e47533ebfb5bf86341b9fa0b8389126ee520ae67e64f2260d1a3160676e8c,2,1791384013.7351437,1791384032.0666313,18.33148765563965,137,241970,confirmed,
183,0xb11376e538359C39327164fA611f55a4ff39768c,node03,92844f81a4e02ed867e6b5977a37a0e53ea6c3b84e56a3ba23144ad50471c36e,2,1791384013.73714,1791384032.1483312,18.41119122505188,138,241970,confirmed,
184,0xc41b34E38f1f8B3811918E9e2Ab9F8839D9d05E9,node04,4eb5692b8070a168e6cbf8a70dd1e330859704caca317e593abaa75ca337e2a9,2,1791384013.739497,1791384032.065341,18.325844049453735,139,241970,confirmed,
185,0x4c2F7e69Ff0DbbC0D47BB905731E2D1772524a84,node05,f99c4a96e95a2004f3ed90c2f88168fd7c722194257b6a0c6f6ae7ad6c94107a,2,1791384013.7414153,1791384036.6302228,22.88880753517151,140,241970,confirmed,
186,0x840da2B63C36A865A3677F5cC4cb0f74b19A9fE0,node06,a1ce2ff2934ad45a31f0ef981d66c28c9c9333af1f23a1817e89705bb35bd3dc,2,1791384013.7442584,1791384036.6770341,22.932775735855103,141,241970,confirmed,
187,0xe19A995f0540f1e2520742A07665044929368eC1,node07,5314d0c3634297686e8944691e376c827f72faeeabf73baa40f68cbe31eba0af,2,1791384013.7544675,1791384040.0145965,26.26012897491455,142,241970,confirmed,
188,0x149B975FECa307Ca081761068eAC6D91C11af187,node08,05c8f3e29270a33e40c9daf2b3935d4dde9a2e46127396d8ee42c4336d9201db,2,1791384013.7564104,1791384042.6188965,28.862486124038696,143,241970,confirmed,
189,0xbB0030FCE417F8a50Ed0193d8BdceF38A1745256,node09,284b9b2cc03071a54fa4de588ed118cb7c3e24a8008a3273e026ee561fe5ea14,2,1791384013.7674909,1791384044.9690487,31.201557874679565,144,241970,confirmed,
190,0x12b64398831a5Cf537ee72D225a7085D903867e1,node10,68c6d01a01919095ded9f0df386abdef6b94185c641d3eedbfacb5a98c591632,2,1791384013.7681942,1791384044.9470677,31.178873538970947,145,241970,confirmed,
191,0x9C5b3FC429Eb93509F82f76759c406f269E8Ee1C,node11,c909e180e467c2ee157357020e5b96a5b049081442c543ae541355040e0d4605,2,1791384013.7700531,1791384048.5177014,34.74764823913574,146,241970,confirmed,
192,0x9f2365Ab23Ce6a4Cf6b650e7Fe61BbD2940c38D7,node12,aff74de49081125c8b8b868c9c8be57c9210a2c48984c737e0d41cc063b4e972,2,1791384013.7721832,1791384050.9263694,37.1541862487793,147,241970,confirmed,
193,0xb0f5dC1a62c46c7e586514d0646980fc1E92ec73,node13,1ae9dd6083717a78ae0aa390118c0ac8ccca0e6a6a9b8bc5c7812b74c6dc4771,2,1791384013.7742062,1791384020.0236254,6.249419212341309,133,241970,confirmed,
194,0x85F1820Ebe512b4085787a309989abAF110caeA0,node14,03e5666286b9cb0417e002c8ebb2e8d53a93aa15e026e506309b4750ec06bd1a,2,1791384013.7818067,1791384026.4816937,12.699887037277222,134,241970,confirmed,
195,0xEA59dAE9c56d0bB93c0bBaf36Db5c79A626bE112,node00,ca212309e2e0ccd3b0452843922adfbfe118f64bc8af14f84ab082fd44e92678,2,1791384013.7849326,1791384026.5351737,12.750241041183472,135,241970,confirmed,
196,0x662c79919Be22EfC7b662073d51b91200d692a40,node01,2b2d440c5715d34d039f5bc0cd3bec5b28dd6953176c3f132c94c8215f7f8695,2,1791384013.7888494,1791384026.4745505,12.685701131820679,136,241970,confirmed,
197,0x2cf6d00a82b0869746229B74b7dff0E57a490889,node02,5907d4a2188c1fe7bef954fb1d3c0461ffa5c86076e6ef10580ee32ac923452d,2,1791384013.7944276,1791384032.06834,18.27391242980957,137,241970,confirmed,
198,0xCA273Abd1116246F23A2b3e0f2f205A0ea427bf9,node03,495c241c19d85a08298b015dabea8468d74e5cdd9e5ef2f6b29fb45b35674aab,2,1791384013.7952929,1791384032.099959,18.30466604232788,138,241970,confirmed,
199,0xc1Bf4e010576D9a503031FDcA08179F28AD29F7c,node04,99792ea852de10b5b723b9ea845f53f1a4812cf08e1dee4bcb29769e4b49857e,2,1791384013.796845,1791384032.2961748,18.499329805374146,139,241970,confirmed,
200,0x26625eEC69c78720040E4b4a6878801655ae16ed,node05,c7f84b8e71b6aca3469ac859051cae037fe1f5b81f4cdac804761be5456c71a8,2,1791384013.799049,1791384036.6108706,22.811821699142456,140,241970,confirmed,
201,0xB0BEA0601ffa2304C8c4a47c04858F4c7e371e3A,node06,221662e7d6ca498686190088f5a1fa134ef65b39bbd8bb84ce08ea789a1121b4,2,1791384013.8024738,1791384036.6689048,22.86643099784851,141,241970,confirmed,
202,0x5289B645f7C383C211a24952702F386331cD220c,node07,9cd005f069f4e4e7855d297edcdee9e5ce14b57f2f6fe19e58704314c0c27cea,2,1791384013.804583,1791384039.9585745,26.15399146080017,142,241970,confirmed,
203,0xcE9040D3D93b78C98F81AEEf0172Be47479c371F,node08,ad5665c3d72a7e97041ce3d9d3dd54d6ac3d4a9ce7b2666428fca80b638945a0,2,1791384013.8082454,1791384042.6460223,28.83777689933777,143,241970,confirmed,
204,0xeb9FE8B7bc1D864830AD2B0E51d96c41Ec322F26,node09,d0e869d5f7e85bf4aa8754a62297d7a7bf5b7babed02d9519001dc37b1a921c1,2,1791384013.8174167,1791384044.952477,31.13506031036377,144,241970,confirmed,
205,0xc88fCA0c455438E5B2f3480E5d83405bF45970Dd,node10,f0f65204494dd466a04a6074431ba3f9af03bc68b525d887c97f016186fa6da1,2,1791384013.8197331,1791384045.0111966,31.191463470458984,145,241970,confirmed,
206,0x4D70eACc849377f9922B5305673d316ff277Ec86,node11,ac15ae2732092813a27bbd7f5ac0cafc47c0048955228efae89a9077523d4ba9,2,1791384013.8236544,1791384048.3561666,34.532512187957764,146,241970,confirmed,
207,0x9dEe608D279330a1aD0F7245d3825041e1f15a6b,node12,29eaf0896a1ac12decbb02b5a57c2cc546e031d53eadea53e18cac046ab661f6,2,1791384013.8260167,1791384050.8973129,37.07129621505737,147,241970,confirmed,
208,0x3C0bd5ec9bFf6B551A19c410ae498Cf0232B50e3,node13,5a3e415292100e41f1c553668c92f2d06a6b9ff1be25c275874d05ebbb21dd8e,2,1791384013.8278553,1791384020.020153,6.192297697067261,133,241970,confirmed,
209,0xA780f7c045820ea05ddD928c56C1F6B5689F5613,node14,176025f23d9fb9e24df72af934776e80a070f6472ae0e8f9e55a1ef3db798a14,2,1791384013.8302238,1791384026.5539665,12.723742723464966,134,241970,confirmed,
210,0xCd390BD4BE6A9258A1449bbFF58F48C121181E32,node00,d3c92edb3d73420c013a2bf3b8e87357719253c3b6eb896ccacbd5e163825755,2,1791384013.832058,1791384026.618789,12.786731004714966,135,241970,confirmed,
211,0x7e905Bd2841646A67B012a2bc6537b2266293CA0,node01,ec0ad3e4492a18235ec184bf0df7d5f1ae5a3443076ac504949f3bf7ddc05248,2,1791384013.8328397,1791384026.540525,12.707685232162476,136,241970,confirmed,
212,0xce72837fD8443ddEFD45fF8D45AB37117Ec969BF,node02,4c75e6c6de3060b796944b090a7685bfb9c13027dcd1d4a0f471d40a70dfc805,2,1791384013.835698,1791384032.1256485,18.289950609207153,137,241970,confirmed,
213,0xaD544Ff04779d57493cEaa23536b807de7920Eb2,node03,4c1a6a299edcad7a40702804611ac2fb9999fc0a0959cba81da5e8749df6b2db,2,1791384013.8386748,1791384032.127124,18.28844928741455,138,241970,confirmed,
214,0x53D09d11A0DDAC9717671Cba50e3ac69b2C5D15e,node04,975f2aa8c6308fe89295d96f6a13ccaf329074652d27244524c5764d273788ff,2,1791384013.8455937,1791384032.1569898,18.31139612197876,139,241970,confirmed,
215,0xE06A55DDe4030A23f3BAf1F58d2eAF5C1236B7C0,node05,70d8f7a73adb2f47287d525e0e160e1c3211197ca0424cf80b0103b5f76af614,2,1791384013.8470855,1791384036.6535668,22.80648136138916,140,241970,confirmed,
216,0x66814eBAD52b34f2ad5e773225B61c54888B75c4,node06,66867362890c6ca55a1648755e356b5f4a9e2907cade2654840161f45be7ab8a,2,1791384013.854663,1791384036.7611687,22.906505823135376,141,241970,confirmed,
217,0xEf517Bdbd7EE7079dC39645f8932028C82799C7c,node07,ef215f092d0b7f116dd6bf9ccc6e8bc752e3873bcf70afa5fc948e9174fd647d,2,1791384013.8596692,1791384039.9604273,26.10075807571411,142,241970,confirmed,
218,0x2CF91e0256C673862B795FC9BD2860f14Ee86c3b,node08,1bcd90ffe8ce68a89fe9f8cdabac75452021d6d7824fa7f2a92c52a6b3cb852d,2,1791384013.8617284,1791384042.7220552,28.860326766967773,143,241970,confirmed,
219,0x04a2D0E5b0287F43762cE9021eD208cd7cD0Ddf2,node09,3ac30e6a3edfd384e8acdaea543efe94808912764327a0cb884b9207eb826cab,2,1791384013.8677952,1791384042.686492,28.81869673728943,144,241970,confirmed,
220,0x31227B452290061cf900eE3e4c8b9910bEE9dBe3,node10,ff950c4d75a81e0d0e9ed5b1ac3a8acdc4e10a9d8156b8895ee67145f1053001,2,1791384013.8707297,1791384045.0225205,31.151790857315063,145,241970,confirmed,
221,0x09449900B46B2d54A8D72fef6Bdc9241A55d088a,node11,974feaba2c7d6400bda039cd6d58595300c50fbcbec91a5ebf843daf8b39a1ea,2,1791384013.8725483,1791384048.4212885,34.54874014854431,146,241970,confirmed,
222,0x31FCcb8145BD5FC4b5B379ea7400137945f89F3D,node12,39a52524b00b7301eabc60c24e56a553bc29198b42c2621136e7810a30757ab1,2,1791384013.8808014,1791384050.8459704,36.965168952941895,147,241970,confirmed,
223,0x60c80AA8FC84952C8e2e3043221dC453787976eF,node13,19a1842a64d1249398825bb9c7404039764f17d3d90ac7888e2a15801c7a69a9,2,1791384013.885802,1791384020.0639856,6.178183555603027,133,241970,confirmed,
224,0x0e5452A50719AF8287e980bF876E316ce32fF3D2,node14,1178c74910e25842f7afc0c37aecba0e96912bdcc2ef50ca84849745f30cac4c,2,1791384013.88822,1791384020.0913749,6.203154802322388,134,241970,confirmed,
225,0xfA8d2702Fc820daF34c21fEE18a99e065d3aE290,node00,fb7eb3a65f679121ffa006e7454ea0b4b6988373704a65f67ca568a12f8ae33c,2,1791384013.8900278,1791384026.5297842,12.639756441116333,135,241970,confirmed,
226,0xF0C80c41909C3940512693d627dc95E2D8809676,node01,4555169f08d02ed50313f5ab58124b9efe93f497e9ca6f4643e62fbce6ad68a6,2,1791384013.8918417,1791384026.5809984,12.689156770706177,136,241970,confirmed,
227,0x140EB5DE2B1eE2834F86663f41F0601E496311CC,node02,09aa7a04bcb13b699b4569fe8770ffc2d0e0d4d3c318da1685f5ee5d3473a411,2,1791384013.8946047,1791384032.1675122,18.272907495498657,137,241970,confirmed,
228,0xf63a2602aCab11947724a6Fc40732565F4985a42,node03,af50148441609afc9f99b459e19fac5a14ea2e4475b4dcf360573281e1324900,2,1791384013.896617,1791384032.1623104,18.265693426132202,138,241970,confirmed,
229,0x52762461DE723B78497FacF36D4e4dcc88e72757,node04,9cf27d890047dfadac32054163d8b4455a6ab890b0446dde575413ed1cad6530,2,1791384013.9000208,1791384032.1412785,18.241257667541504,139,241970,confirmed,
230,0x2e80840983F32976D8b0643B036617120ccf80DC,node05,e375dc76812d6c0d03d8d0433217a37ed0b33315b1a61526c00d7f7cdd02d1af,2,1791384013.9019945,1791384036.693574,22.791579484939575,140,241970,confirmed,
231,0xc32F9097e41127AD6ecb832489BF94ec142c36D7,node06,6522d5bc025613a1362f2e7c361f27018d103b4642fdd16e85b0286a11bfc12c,2,1791384013.9053879,1791384036.7476847,22.842296838760376,141,241970,confirmed,
232,0xE4aae64253c2bbe1f1a6eBA5Cc8c5238A15A58F3,node07,fa2d0f9b5b2db1e87af502839bc3225e0e2e9690548e0a3452c092f91c804ab8,2,1791384013.9079232,1791384039.9978745,26.089951276779175,142,241970,confirmed,
233,0x0237d99361251696C9A84482Fb0E0f60d2F11D6A,node08,966a8d2a86d145b81802425075133cb512ca9e69aeac682942cf679546ca2627,2,1791384013.9123034,1791384042.6947815,28.782478094100952,143,241970,confirmed,
234,0xE7f4385E164E9820666A7e1A02FeB9Bfb8890bC6,node09,dd0dcb010630e2f31d7e138f270da9b3a51156eed5a82af493d6299c125d0e7c,2,1791384013.9151032,1791384042.719623,28.80451989173889,144,241970,confirmed,
235,0x3EDFaf220243a6f97fAc7cC6fdd7Cf36094c2CDF,node10,6c3f9133a8c695c960b79c8f92436e07cab56e351cad941305dec423cbbfa459,2,1791384013.9175222,1791384045.0190187,31.10149645805359,145,241970,confirmed,
236,0xf5B68774264745ae9331be7437374A95000e9C7b,node11,de0ddbf71162c1ae89afa92850cbc0af67527cfcfd60bea338815559700d9eab,2,1791384013.9186826,1791384048.4184926,34.499809980392456,146,241970,confirmed,
237,0x371480055f4B22cF1C3C44f10382BAD9a167A047,node12,60a6e148cb3cb8bb5319051cc0663b8c4cff2dad17d4d73fdee3441f397197e4,2,1791384013.930174,1791384050.842019,36.911844968795776,147,241970,confirmed,
238,0xfbf939Ee17b3E614DcFB324f0e1EeD16DFCE8A56,node13,b193604549a70da89a87ffbd34be24a756346e311c8fc701c78b74434cd180f3,2,1791384013.9324996,1791384020.0814672,6.148967504501343,133,241970,confirmed,
239,0x98Cd1B2CbF64Ea3b98B2F207cf374b51D3EDc53A,node14,9f721915fdc1b6cc10a471422e55ac5ca9a777ecc4d575c084f1063798b70b68,2,1791384013.9331038,1791384020.0781975,6.145093679428101,134,241970,confirmed,
240,0x301D0F27FF42b0659eBc66e968945341af062735,node00,743639055a7bc7aa5796075032051b90f7f22e8b3b18eb208798476a3b25c966,2,1791384013.9349768,1791384026.5656714,12.63069462776184,135,241970,confirmed,
241,0x0B2A8fB327210FE6b767f137d7e5fceA2f30A3eb,node01,0dfc0019d90426cf14eb0533eebc7174119c0a7f368ba1445f9a70185d8f1591,2,1791384013.9366174,1791384026.5510364,12.614418983459473,136,241970,confirmed,
242,0x71f19104A288d1f6e4fbbEfe8c3952536acaf313,node02,6104d951dcd848fefae11620cd169a9c2fc6df3cf10232fee497b6a5acdec461,2,1791384013.9380763,1791384032.2448702,18.306793928146362,137,241970,confirmed,
243,0xE6A824b0af59952EfCCD2e341A24c7F7E0032978,node03,f8efcd4c8b271f1834cee41dbfb4ed8a6b49b4b9ef728a7a688f02f39570d611,2,1791384013.9411948,1791384032.1863377,18.245142936706543,138,241970,confirmed,
244,0xd57A6cC8C6DE9c5a19F9b4A25e80aD9B3E5129C5,node04,62adb4ac41444baf219c6dfbbaf46f3b07edf76e90ff357110939effa65539e5,2,1791384013.9441655,1791384032.2260206,18.28185510635376,139,241970,confirmed,
245,0x961B5a1c5CCdCa90498422C44be1CeAa71A3A583,node05,2ed79e73d6263488849b431458de64394424394cf39c0d41eb2ee7d50bb0b4da,2,1791384013.9463668,1791384036.6747973,22.72843050956726,140,241970,confirmed,
246,0x1C903BDd692857e497A6285a958A18CD1A1063EA,node06,d91cd459bf930aac92cd38c812abdbdc42cae7b450e89b4d316168c18b2f33f0,2,1791384013.9503868,1791384036.6841743,22.733787536621094,141,241970,confirmed,
247,0xcDcb7f40c0B1904FF251832214C4e766Ee597AAa,node07,d724e8a6f460a04de28d56b887411307f3c32dc4d8d36c9ecc54e0c8dbfbb75d,2,1791384013.9558527,1791384040.042451,26.08659815788269,142,241970,confirmed,
248,0x7D9fA87d1864805050E655537d4d6F59455f5Bf8,node08,c0093bf0e2859384a649365e9bf6ff64103bf79869bd8321853dd80e0db1a22a,2,1791384013.9608643,1791384042.6690974,28.70823311805725,143,241970,confirmed,
249,0xb09692055129eDfF1ef864139ADD14F7D3993e86,node09,8cb0940b5f11b3733e9786187bfeec05a457501ad3e8510784c3af279ff944fb,2,1791384013.9622273,1791384042.6929183,28.730690956115723,144,241970,confirmed,
250,0x34689170528997DBe5caa3Ff4024696DA692CEAF,node10,a559f0e07d4a35982446f4672a63084dc1c939ae5315bd97d90400d665b349c5,2,1791384013.9641805,1791384045.160002,31.195821523666382,145,241970,confirmed,
251,0xee17d60B7b5b62E4FD83e3051470695a63053935,node11,dc8a01b6caf2e9a9e83e437203f42b8cac30db39b877296869a8c49ad9e00261,2,1791384013.9685566,1791384048.4304063,34.46184968948364,146,241970,confirmed,
252,0x590Ff9fE93aD165a1A559bC675517617ebCe77E0,node12,45f0f81bdba48f7357816b0ccf8b16cd22e39d370efaa444ef0f54dde5f79906,2,1791384013.9692926,1791384050.999648,37.03035545349121,147,241970,confirmed,
253,0x63AEC98c9f64342581497c1a91A8B127A8Fc004b,node13,06e07dbb484e33a8c0acc55e929c69771c21f0f5ac51591fe9533c3648fe3826,2,1791384013.971629,1791384020.3574824,6.38585352897644,133,241970,confirmed,
254,0xD210879a34a8d65d54173DdEbD8E6E18EcB2AeCd,node14,4ac21639c2ecdbc7be5cb5a600eeb19bd80b5dd195dbb23629dc70d9c5700180,2,1791384013.9775333,1791384020.15088,6.173346757888794,134,241970,confirmed,
255,0x7AdEd2eA9BbE1E0F8c0EC84218B3885CE23d39D8,node00,85e4ac4cbb809d53ef46f5a9a3c370d88a657de7258d4bd08fd4678549d3146f,2,1791384013.9826193,1791384026.5973191,12.614699840545654,135,241970,confirmed,
256,0x49AA246367003f185289b6ab9a028A44e747C53e,node01,e0ad4a723981fd1f979038c43369cc41314b96a7707a70e89504eed1710842d4,2,1791384013.9856818,1791384026.7092955,12.723613739013672,136,241970,confirmed,
257,0xB80f905580cE3c529a4EE26Cda69131D82259F70,node02,9d45d6c8a27fbbe8f8600f79f112338fd3dd640cd7ace9b8c06316f2a33b7c22,2,1791384013.9869046,1791384032.2099721,18.22306752204895,137,241970,confirmed,
258,0xad98762dE4355b0Ea0D269600b06e006a88Ae321,node03,30d5332b5135700bcd77a68fdf53de7ac85ecc491d6e47d509c369ec60c86763,2,1791384013.9893055,1791384032.2361994,18.246893882751465,138,241970,confirmed,
259,0xfF61EC78B1278F06D118FfEE03D770431426ADf3,node04,a257f900dd58686885f34a7f2c079c94b60c25518165bd22762e51031ed3b3cf,2,1791384013.991154,1791384032.2490191,18.25786519050598,139,241970,confirmed,
260,0xaCb6ea7F8d300144d73eBfA9379C4fd779C3adCC,node05,7c30adac6dbb5f8fb5f226fa3dbc4135c0ddb0f48149f0ae7719da8dd2d8fafd,2,1791384013.9929984,1791384036.7564976,22.76349925994873,140,241970,confirmed,
261,0x18aa6154bCcAf077b9A68e203a18ce4A6d0dcf2A,node06,e4b720ac2659d82c89ca03100df8be493737761f65cc1980292c2cbee54708ed,2,1791384013.996793,1791384036.7724633,22.775670289993286,141,241970,confirmed,
262,0xF3EeCb3Dc4bcD08F5203BE982a3f3aDaFD818dF6,node07,fb9279bd2c36c46bcec319ac117dde307bd071f25f1403bdbb0863381c6a12cd,2,1791384014.0024517,1791384040.1203651,26.117913484573364,142,241970,confirmed,
263,0xC50ce0CD0A709f0025f369C895204Af4E1Beb610,node08,eeb11e1504ca114ea8016e804230a0f2171f048a22d0c3802cfc63ec9e108861,2,1791384014.0048635,1791384042.6665378,28.66167426109314,143,241970,confirmed,
264,0x42264A5049aE30E8f488f847caeB59349EF24e0B,node09,6ee6bebbf6897ea7b299cc95c371cf201b91178406e375690b321a62009e3a68,2,1791384014.009415,1791384042.7008128,28.69139790534973,144,241970,confirmed,
265,0xc9F69A7A733130Cf17ca3AfCF44eb01254738F24,node10,c93266194e1ef9f05aa0867026b09caa5d11e864b18fd043d16329211cfe975c,2,1791384014.0140882,1791384044.9824777,30.9683895111084,145,241970,confirmed,
266,0x3AeA442f48d000521b726e9d4fAFa00a4013B4c3,node11,97b370f3cf24c74aa55f85399f87d459e6099815e3cdab914f195b10233803f2,2,1791384014.0161824,1791384048.3974054,34.38122296333313,146,241970,confirmed,
267,0xb8BcaF4Df4B2bD42056610d309c4C751B3d2bC16,node12,803bc976bb0a81043d904a784fd3e2c0c596de9ad2b71d4dc410b13518a4ea87,2,1791384014.0199516,1791384050.8734965,36.85354495048523,147,241970,confirmed,
268,0xc4c0974e78c9F280Bba82246485DfA820BB0bA61,node13,9e6f713265c0add57dbe215205b9dd1a62d4aaf309c0151b47f7d7a5527e8e5f,2,1791384014.0214653,1791384020.230455,6.20898962020874,133,241970,confirmed,
269,0x6FeE998dd948C07E45AeA8F3E8743E5645f7c142,node14,f096a15feaa946840c05fd1e9ef3b347a83bbcf6727b4a5a4c86708f168877d8,2,1791384014.0225828,1791384020.2282166,6.205633878707886,134,241970,confirmed,
270,0xF132D5efd097B8916E5444Ac6c112a823c8C455A,node00,c4247a20629708ef1dc421e6d93f7e3e9d1b7e7f7bf9fa5f37f99117fba198cd,2,1791384014.0251527,1791384026.8397894,12.814636707305908,135,241970,confirmed,
271,0xA889B77b6A67Dfc88706b27DCF63E4d56654a5B4,node01,5fb6a26048bbd16722f8ee3411590a0f801a22015a33f7fa96f7eae54aa029c4,2,1791384014.0272992,1791384026.591668,12.564368724822998,136,241970,confirmed,
272,0x9381c5447c97e2984cd4d4367B6283f5A757ccB5,node02,6aca1bc94092cb178c99fb0e9465bf8987473156ddc6fbcd6f3ee5c24802ee32,2,1791384014.0315325,1791384032.2471988,18.2156662940979,137,241970,confirmed,
273,0x9602EBc1E9c155283bB7b2C30E529002613Ee1aa,node03,76686b84ba557faf1bc30f5f97b8637ebfa119f1f3d201c7f79e43e3baae43fe,2,1791384014.0365345,1791384032.2839322,18.247397661209106,138,241970,confirmed,
274,0x278c6E3DB9Bd9f394D047B0B39b1402841006421,node04,d6f0566a73165096e9b3d200c69246d00370f8fc603f8644357128b58dbceeda,2,1791384014.0387344,1791384032.4558778,18.41714334487915,139,241970,confirmed,
275,0x70aD4649611D7231FeEcBCa249B47C69AbF360EF,node05,f83ae7d0ac64afd3c42caac7e134d7bee4930eaa96667a6dfa91dfaa3b7b6604,2,1791384014.0406408,1791384036.781739,22.741098165512085,140,241970,confirmed,
276,0x216d17fA3F3cDeFCEef761299538a88260Be777E,node06,a762c44e421dfbf2e6248b81a3fc34987a240ba12dae1f22991b621a94623072,2,1791384014.0454447,1791384036.7668104,22.721365690231323,141,241970,confirmed,
277,0x12E7968eEf750B2D94E21B5139cEa708Eb1E3F38,node07,95b69aa204ad0740554583c58077f771e9b94c0eb9013f575cef711ca21f7200,2,1791384014.0482402,1791384040.1066062,26.058366060256958,142,241970,confirmed,
278,0xC1F7CDbabb73987BEc534f2bE9EDBB7c65bc558B,node08,681ffd938818778cdd0148e92dbcbddea412c9a964e14e85192ccc3f63e05e03,2,1791384014.0498965,1791384042.8885517,28.83865523338318,143,241970,confirmed,
279,0xd9c152b242442cC56f72F842bDfC2b613CDD5169,node09,ddff61904dd1d24dfb7b292bedffa5fa9ad0ba09499557fe190eb4f0c7ad07f4,2,1791384014.0538893,1791384042.7601953,28.706305980682373,144,241970,confirmed,
280,0x905e1812D229B37d57582A73F644B919CA903deB,node10,d233dc25e0db749b4d56c326f2c0dd20a6069c1dd830b2788882f345160d515f,2,1791384014.0563798,1791384045.0593784,31.00299859046936,145,241970,confirmed,
281,0x3BBCAcc61F7e98Ea9789759669B7eE803Ab2b9a7,node11,8e28a332b25fe1ab87e2fb31c1214fee10898198526e3c4fb49872af1a93e3de,2,1791384014.0624177,1791384048.4254146,34.36299681663513,146,241970,confirmed,
282,0x4B574e6D8f2d2B6aBDf95660251537B9dcF90EE4,node12,0554382c8ee623b51d01400bc725f4cd346f10296d6f625a72e3e3fdd2df844f,2,1791384014.0662973,1791384050.937277,36.87097978591919,147,241970,confirmed,
283,0x5E909cf0441c4adb29927bD902d361f4CF4061e6,node13,6407bbbf4118632fecf45ad5c73f58e21d8fea90f67fb57b224919f37848b256,2,1791384014.0698714,1791384020.4951086,6.42523717880249,133,241970,confirmed,
284,0x4E00ED781F80218c6165D29f888AbFB0Ea66B01c,node14,c1b3db41a354b972d6c150edfbab943f721afdeb8fa98ca526c2f22fad714cb9,2,1791384014.0709743,1791384020.515554,6.444579601287842,134,241970,confirmed,
285,0xfc5387F9960F072C6b1AD9Ad84F0a66C45Bf8A72,node00,6e1ef0910b54fb8658a801a8260e2adc16434226a65e8feb9dba30b6dc6657c1,2,1791384014.0731735,1791384026.6848474,12.611673831939697,135,241970,confirmed,
286,0xAd6821470f7A430EE6acB599223Dc3FeEea85B3b,node01,f2c412653526de8398018b4b743009582f984fc9db5b106dba8487b348c6c1b4,2,1791384014.0770352,1791384026.6741753,12.597140073776245,136,241970,confirmed,
287,0x3ac4484615F6F88B4869074CABDFcf64258a68E3,node02,753501e5d83797ebf48cdc4c20e77a4aded9e09eff062280ad6be5eb875da3d6,2,1791384014.1033568,1791384032.2873366,18.183979749679565,137,241970,confirmed,
288,0xB3fef6A9854EF2A44b206F5f1D2aBD149c517A6C,node03,35732297aedb1a9343aa4a9e7367937058b73b68cbf112ba5744cfa76ee0e61f,2,1791384014.1069734,1791384032.3500786,18.243105173110962,138,241970,confirmed,
289,0x67E9C8A2e2Ca9c406DC5543113aaaf3A6f625EaB,node04,32b954e606421a096dae735274352a13a2975c621386d71f5f6b219dbdede533,2,1791384014.1122441,1791384032.3314714,18.21922731399536,139,241970,confirmed,
290,0xDCe6084A75E3218Ea46b4F6671BC2fd6BfaFb140,node05,98d9171c509e9b90f2d168a23cc46fb47e20f3b5b68313d36e706e4b59dc4184,2,1791384014.1139326,1791384036.7739213,22.65998864173889,140,241970,confirmed,
291,0xf7A62C43E7C0B0fD7D3114D9Dda85B9d43da7eB9,node06,d14dc77d39357e50c8bd4415f4785fb8da0650af1ad79714af7ca005ff26efe3,2,1791384014.1181147,1791384036.866052,22.747937202453613,141,241970,confirmed,
292,0x4aF0030922F6bc9FEd2c6526D9a6454ecFF415a4,node07,9d10987cce7164c424d8edc51c6f96cba5d435cf0f6e2cf25c9728f8e11d21e9,2,1791384014.1201847,1791384040.0339453,25.913760662078857,142,241970,confirmed,
293,0x98C29416FcCD78432576f29978A8040D2a0Be788,node08,4d7edf0a8f5cbf319f641c84591dd772473169a160281080fd0519608fd03545,2,1791384014.1259177,1791384042.7786086,28.652690887451172,143,241970,confirmed,
294,0x3fAC4425A5a126453Ee667C6d1779D5549797438,node09,2d0bd54c785835a64754d67c8f5279b975b97006796ff60b91772fec037b30c4,2,1791384014.1290321,1791384042.8800647,28.75103259086609,144,241970,confirmed,
295,0xe722615240C9dB31D63B32798C915cFfBDB1d2EA,node10,9f3e62fd7db6e2bab3bc9f64dd20a88aa52fa2b7c46c45ef78ac882001af5d5f,2,1791384014.133493,1791384045.1051068,30.971613883972168,145,241970,confirmed,
296,0xbD159d58310b4cc40D30Fd4a48E2Ca7e0521a6B0,node11,f24c5724d613e8c3b060fa2f26d531576414464ff60869e2ca5ce54559b5a248,2,1791384014.1350524,1791384048.4143977,34.27934527397156,146,241970,confirmed,
297,0xAcb54C35a27E8DE10b6D01815B0F09DE2048b64c,node12,f8764a7b6bcdc8d03d35ac2f51ccd6686d384758a7a754b1536bea71b42cc918,2,1791384014.1413538,1791384050.8953846,36.75403070449829,147,241970,confirmed,
298,0x0F95f174361B73F52d1785420A9b5B0C92Df46f3,node13,033fdd3043ac76f2350dec83893a355a2ae14dfc27e4ee43cf473010615fc74d,2,1791384014.146258,1791384020.377784,6.231525897979736,133,241970,confirmed,
299,0x04356Dd509A3ce637699e6CE047511dC0B4E65Ad,node14,8171144432b4335443988dbab36f8706762910721c4b16e843774b168458a89d,2,1791384014.1499722,1791384020.536248,6.386275768280029,134,241970,confirmed,
300,0x0De8bbe242FcDCcf8A1cd032AE8BCb2689eBb9ad,node00,d6a7307c4bcf851ac5a680e4997583d4e3fa557d01b9aaf6fe16a2943907198e,2,1791384014.1529577,1791384026.7276661,12.574708461761475,135,241970,confirmed,
301,0x2F082b030C7B940be801182de4892DcCb0E11fE1,node01,9ebf198e07569db02e2c414b2c7c5ee25ee7073be6c07dc67fa9b8d9bb1e6717,2,1791384014.1551068,1791384026.84478,12.68967318534851,136,241970,confirmed,
302,0x05836C14b5DDD6c1cCC829987b39d34412b243Fb,node02,b0e1fe187cf47c82b2fb3bd56c366332562d1fa22af32538714588011c90b1b9,2,1791384014.1568885,1791384032.3995485,18.24266004562378,137,241970,confirmed,
303,0x4135249294832edd48B64827287413e59B57e7D7,node03,c2a926e66973fe23fadfa1f9490b3c199083d20757519038d644c003df0c13a6,2,1791384014.1590745,1791384032.4732199,18.31414532661438,138,241970,confirmed,
304,0x9d6850D9d3cAbb0c5Aba50d3E4553f205d254Cc0,node04,ab080ee56b668729f8b1b55c7b71c413373acfcbbab4768951c8382d46b28a2a,2,1791384014.1628861,1791384032.6526096,18.489723443984985,139,241970,confirmed,
305,0x3438bce110A7A1F073978ff9c61339EC119F417d,node05,f7c96813341199df25a9da4cb5ec62cdeab3aebf5cc65c2b9a1654e8119f9048,2,1791384014.1645672,1791384036.936233,22.771665811538696,140,241970,confirmed,
306,0xFce8875cd8B371f659b5826361950Ed91d6804cA,node06,917310498700b85f8344b732dc9f8584ba34d8c6ee92d7021b12bcc212d090ea,2,1791384014.1686022,1791384036.8232496,22.65464735031128,141,241970,confirmed,
307,0x3674c58CE16f6eF82d6f9eEf6c0A9e300490c336,node07,2f795e7983904ebdbde137117df5a80c2408c94c9086d47eb5465f9cbbcedef8,2,1791384014.1696825,1791384040.1770217,26.007339239120483,142,241970,confirmed,
308,0x5E7AB861A98C4c46D94Ddb13C7263A13C87b1Cdd,node08,70194c13138d14aa440269b63ec1a421e2edc3d87ffe7c829b4a2777590df04d,2,1791384014.1702662,1791384042.7681541,28.597887992858887,143,241970,confirmed,
309,0xCcD8f06D122776Fdd8559bcD239Db9110BAbB915,node09,a24704c5d967d432cc98721cda17fc3122481f3c909e5c4609762319d09378be,2,1791384014.172678,1791384042.7464612,28.57378315925598,144,241970,confirmed,
310,0xa8CAe99806a7357FbBa94C1458187D4D97C349ff,node10,3a736851f22d2f081e53c1aaca6a1886c22305a8e5f176aba05b585fb07b0fb3,2,1791384014.1750736,1791384045.0263338,30.8512601852417,145,241970,confirmed,
311,0x53138Dc2D3f3604ef123e3566C9B1aE83A34B14f,node11,0061bbd7b56c4dda4d929965aadc7b94c04e33b1aaeda73c6d56df23e78f92fd,2,1791384014.1767442,1791384048.463253,34.28650879859924,146,241970,confirmed,
312,0x5E6eECC9d994F24f0E941a5edc37c9c747747763,node12,a4949a092632fde79288c8d49edf3da394115dbbcb31627e771515ee2dc73490,2,1791384014.182288,1791384050.9013312,36.719043254852295,147,241970,confirmed,
313,0xd68f99EB70f774ef9FD6ccDf1054B00AD90A7596,node13,2a0fd89c8ddf126224ecb5a204008627f614082a9142c72c905cb8ca60f774b2,2,1791384014.1838398,1791384020.502148,6.318308115005493,133,241970,confirmed,
314,0xD65c3a7fd51198c5137759dB17fd93293c67609f,node14,ba3aeeb7e23553f95e690c2c18bbc50906601d1983854f032accaee68d5aecc1,2,1791384014.1872518,1791384020.541191,6.3539392948150635,134,241970,confirmed,
315,0xDfefe30e8afC42565b4EbF69E4ea616ce47b94c4,node00,fbd1d08ec6691b62710046c8acd9b120bc4372323efef9c74303258d5449eb2d,2,1791384014.1901352,1791384026.711421,12.521285772323608,135,241970,confirmed,
316,0xAd01aA8a9a6cD995E25333496F5B46cb236BC635,node01,45c7780a19b0cee80fcf6a8b1634a0182d3a4ec1c974ba99a130aa7fb2a35004,2,1791384014.1923225,1791384026.691852,12.499529600143433,136,241970,confirmed,
317,0x22b48d006283Ec6fe4bbC15749F637488f21d896,node02,fd2960af5f7102e108866af8702dda5e55ca374afbf62cb3f7f57b7cf6983578,2,1791384014.193371,1791384032.3568504,18.163479328155518,137,241970,confirmed,
318,0xf049382fF8b6B5D00dB0782a4a74fF9bE10E4f32,node03,148b483c18ae153309555d8cc9a70d5c35f465148e7bafc8254c482e45418422,2,1791384014.1954017,1791384032.4434247,18.24802303314209,138,241970,confirmed,
319,0x030504AecD0A1e025079E403FC088880C316c645,node04,bae1527c03fd805003972671792800ac21c6b9ca070af739f95e26d201355a5e,2,1791384014.1970975,1791384032.3613818,18.164284229278564,139,241970,confirmed,
320,0x798A5C15aE2EC3b6956C19724Aa0BC1856CE0b48,node05,8558c7e870b1893bc34194df6a8fdb2a3b81111019c5afa5435aba70c59c2e2e,2,1791384014.1992726,1791384036.873764,22.67449140548706,140,241970,confirmed,
321,0xF2c77f08887c7a53C6090edC7e6d4020a13F6B36,node06,b4c5b77bf2c1ca48371304e5932cda79bdb4242164ad2c243c88511c4717fb05,2,1791384014.2009833,1791384036.8170824,22.6160991191864,141,241970,confirmed,
322,0x6cdc53e419312D36a8B26DAC52dfb735216F6543,node07,2fbfc04a5c69c1dffdd97e0ab0d1497ccbf3b877085bb1eae5d49c956ed9e421,2,1791384014.2036808,1791384040.2651763,26.061495542526245,142,241970,confirmed,
323,0x86BB4fFafE634E688D8B14D750821b3706c65cA9,node08,1590ae179c2f7a3abcdb8586371f1f75d795ab5e05747ae308089bb598d83025,2,1791384014.206855,1791384042.7575436,28.55068850517273,143,241970,confirmed,
324,0x28ADBf8C962c6C025DC857573f5235750a15e16d,node09,2874cdb467378e0d38b259ebfd6cc38807cf210a1040a00af189c4861edcb3ff,2,1791384014.2098055,1791384042.8038998,28.594094276428223,144,241970,confirmed,
325,0xd82e1d0489C9afCd2EC25bBA3E732Bf58a704847,node10,f4eba95c17a8b599feaf24b2eff480a7f0e60bc64daeff5895050605de6b2e30,2,1791384014.2113757,1791384045.229977,31.018601179122925,145,241970,confirmed,
326,0x682662349ae80E13B02737E3A8A9d92958DF7697,node11,c55021137b799e88488902eee7e964ced241ae85ad3c642fd50bafe5a72c720d,2,1791384014.2135236,1791384048.5231678,34.30964422225952,146,241970,confirmed,
327,0x71807F1647A7afAAEAb02E335a9A1Fea07eB57e3,node12,b6eb27adcb138540ae37385e7b5d1553b2a2f6530db612f300940f283595251c,2,1791384014.2154508,1791384050.9538121,36.73836135864258,147,241970,confirmed,
328,0x33C19c234FCF11ea9Ee4D1dfA94Afb632777AB7C,node13,d6b1a75f8145f426feda8a57c758716d999b1c3adbeef53617ed7cfe6ebaa81e,2,1791384014.2246215,1791384020.603989,6.379367351531982,133,241970,confirmed,
329,0xac63CC4AF410B007f1cf7fA5cDd695aEfcAE370f,node14,fe439b7580ad9670a158e486a654b327f50d546181d481fdaa3075b00209d6bc,2,1791384014.2261262,1791384020.6592562,6.4331300258636475,134,241970,confirmed,
330,0x0ceDf0850Ad2779Ff4EE571FCF9c0f7327D14C3e,node00,4557a5ced07fb4b19f5eed48cdd85b88c58a804bb0f87070293cdec186c7ef3c,2,1791384014.2295804,1791384026.722451,12.492870569229126,135,241970,confirmed,
331,0xc1673e986c2364b1Db985D9033CE41B21764f474,node01,543914f6670418fe588d90b034b4d968c939f9441790e79640ed314f1cad3123,2,1791384014.2360792,1791384026.7327642,12.496685028076172,136,241970,confirmed,
332,0xc3018cb27179F58d75B0e557f362988517840C49,node02,121ed1d525b637367a47206b53b2cd81b9bef2a2e5863876161d56a1bb88051f,2,1791384014.2374246,1791384032.6367881,18.39936351776123,137,241970,confirmed,
333,0x50938787b9553D5F98A504f4C9741Bd8B19eA35A,node03,afb84a0741d6f4f6834e5e22a9b869f2429a3be271a425167aa18e51f94543c7,2,1791384014.239192,1791384032.3738778,18.134685754776,138,241970,confirmed,
334,0x58bC436c946A74C7d1D1692Abe09F22e1BC47f94,node04,9b249a151592ed5d03cb7d7e1585c9e5dc941bf947010c1d75487016f4eb6316,2,1791384014.253851,1791384032.424569,18.17071795463562,139,241970,confirmed,
335,0x3E80C147588134aE269EF244D32ab9f6469f59fF,node05,5818c105e0392e1c979ab9140e632174e500c1d4e15b4a8884cc8adec2bbbc19,2,1791384014.2572875,1791384036.8531694,22.595881938934326,140,241970,confirmed,
336,0xE95DB52cD5F2307aA3fc2Fab88d79d4b98026C02,node06,222ccfe54ce9c5d545531966fe210c1f4c8a92fb9a2a765435fac8b55e17796f,2,1791384014.2606485,1791384036.8399272,22.579278707504272,141,241970,confirmed,
337,0x21866E574A933d074758A3D6E0102a0ba4f7E352,node07,2cd14bfb1dce36fcdd65197305941b6b5ae0920e5a7bebba96a4f31c27322c06,2,1791384014.2642872,1791384040.190582,25.926294803619385,142,241970,confirmed,
338,0xee05C6C1e8a3Ff3f837A3CE240c8b382A85E518b,node08,4d4a1ee1c25567275ca7d13a1c9289951af3b2a070c54d719e0f1af60bb9d2f9,2,1791384014.2659965,1791384042.7716415,28.505645036697388,143,241970,confirmed,
339,0x19e4bD84d6f7dE7a85d0b0072aAf259Ac69412e2,node09,cdf83ad6f604285ac1020ee75d206f0e03b3acb28805d52e4e13ca5d18d1cf8f,2,1791384014.2687445,1791384042.8088078,28.54006338119507,144,241970,confirmed,
340,0xC95d1342f872CE8506Ae67f7B92857bFB56a9d60,node10,9a4445631d21acd0e9eb58d9db36ec31b8ad5cff7ff5c94286da622d644cd06e,2,1791384014.2708478,1791384045.1789887,30.908140897750854,145,241970,confirmed,
341,0xCdd7b30714b0C44Bae5708a5aBFCB661277a43De,node11,461fd3e85385c4735217a9f223812dfe0f9a6c539b15ac929656641358be827a,2,1791384014.2778833,1791384048.508392,34.23050880432129,146,241970,confirmed,
342,0x87844c84fA0F73D60cf63Ae835538B7975B03D96,node12,22c729f7e3e90346abe07864ff7f0dbae6c9a970c85b6113be715a47e9c3f1f1,2,1791384014.2790756,1791384051.0151327,36.73605704307556,147,241970,confirmed,
343,0x865693D4CA37014D53F981C581e585cEFA8c61E7,node13,39650e5201991f957014eea8b31d7730efe401889897b20fda13485aa55b6f68,2,1791384014.280307,1791384020.6952016,6.4148945808410645,133,241970,confirmed,
344,0x0E8A28b99571815811b5984F9EB6958A50023569,node14,22b2a2afb564a2fdf02bf3b39f0b6683d5bd6bc1379f10b70dd2929f5d894332,2,1791384014.285944,1791384020.6946995,6.408755540847778,134,241970,confirmed,
345,0x5547e73149999A5BDcE9a48CB17cA6bA10069daF,node00,f54d42b23aa400bf20037233aee3f9b344af2fc746b3a1644d9403277d42f827,2,1791384014.2887673,1791384026.7536976,12.464930295944214,135,241970,confirmed,
346,0x5523C8e9A9d04C693037e5910b70F7ECaDe4da2a,node01,7627323efb6cc041e8d094fa4dd6912e0dcec276995d3d5c2b5219924ac58a0f,2,1791384014.2921312,1791384026.773442,12.481310844421387,136,241970,confirmed,
347,0x23E526A811D3e083fc8525296957Cea957685D62,node02,6e13a3635aa0834fa566393b7938c304165cd78af9bf0cb30700a9499a195465,2,1791384014.2937658,1791384032.8238082,18.53004240989685,137,241970,confirmed,
348,0xe3AAb37D247650B8B7b7606d37402b91D1eEe7C0,node03,c68491803a084ee1a5226fe9b7c2bca42d42d4a18def0f6fd723db27bc56e1db,2,1791384014.2972617,1791384032.4182265,18.120964765548706,138,241970,confirmed,
349,0x15Cc6D5f6862640Bd6EF801856D65b461A517394,node04,03ea9b4520dabc721b2bdf91399b454e193495c4d7bdea55c7564836ac49b4b7,2,1791384014.299867,1791384032.435596,18.13572907447815,139,241970,confirmed,
350,0x1753973aaa437EcF7139C6A27d79e33534C9c909,node05,0670a729aee9864464334e5a7eae2bfb80697db57795fb299179c9fbcc4678c6,2,1791384014.3036256,1791384036.8461525,22.542526960372925,140,241970,confirmed,
351,0xB9107AB71A4d2c0d1A88cdAe90A7D3c50FdfCAFe,node06,5da255b4f71f735116c9821c741435e6cd3721194c5bcf6dc814fc5dd916111d,2,1791384014.307111,1791384036.8687062,22.56159520149231,141,241970,confirmed,
352,0x751D66740382aB48F75aB95C8dF575761Ccde376,node07,8de40d1f01753e7bcd2ecafd9f7e23495bfd0ff9839ea9ec4d4fbc31abe71d0e,2,1791384014.3113556,1791384040.0683808,25.757025241851807,142,241970,confirmed,
353,0x8889dBBBdfE4fE95dEe485B102fc25b568d97F6c,node08,a619b84a44b9f8381ff36a400bbfd392ad63cfbff66e2af233884ee5432056e2,2,1791384014.3141983,1791384042.735861,28.4216628074646,143,241970,confirmed,
354,0x9a1e00a35AdD775F629063a702aF7e0084F5f9f2,node09,0e717e82ba10122cc1d33138dfd745e03139dfafe268bc2501f60712607bf7ce,2,1791384014.3174992,1791384042.78641,28.468910932540894,144,241970,confirmed,
355,0xF485C73d07F30f90453540cfD789De1fEc5C3878,node10,cc71b0a8a39bc0116e42d54311d1bbcd2b6e6e09b78f038130d2277f65b2b9c6,2,1791384014.3203633,1791384045.0396655,30.7193021774292,145,241970,confirmed,
356,0xE899222B568a710390220B7476211031623735f1,node11,2453c8950cc26477ccd176c490667cb1e4c900a7dc3fc8de6c789c64dfd607a8,2,1791384014.3234258,1791384048.568069,34.244643211364746,146,241970,confirmed,
357,0xB5152Dc1f20067dadE225C9e1139a31D81C965E2,node12,de2aadfd71f5ad6532bfc0b7a8335753696a677be7990b48360c03c26751a42d,2,1791384014.3274186,1791384050.9557815,36.62836289405823,147,241970,confirmed,
358,0xDdC69092a3488BdCE829baFB17eFFF2a0F65691e,node13,f37596a95a9bbe1652148ca6ce565ff880c629e7a0e1a7b01e08388ff89ac821,2,1791384014.330574,1791384020.7380695,6.407495498657227,133,241970,confirmed,
359,0xF3fc445B9b5973e19e4615efc66bf3de25B6A6f9,node14,6f6ceb134777429bb23f4ed20442e6959425cc46c58fa92f8e647af28b6d042a,2,1791384014.334685,1791384020.7760878,6.4414026737213135,134,241970,confirmed,
360,0x02461D5F91c2c8FD4D3983de5e80DAb2e7B91c0B,node00,e24ec31ae02962b2b45b2d8ab17b8bf3530cbc2f3967c0fd03261e9844fb3fdf,2,1791384014.3358567,1791384026.8666432,12.530786514282227,135,241970,confirmed,
361,0xb85585bCaA781FaC64881Ec0d100d6ECea158E28,node01,7ee91d2faabbc0cfcd5b92c0ef6b1daa88cf8735fd4b079ecba803bbafd3671c,2,1791384014.3382878,1791384026.9519835,12.613695621490479,136,241970,confirmed,
362,0xC0684e11D2DC56f5507a7ceb85426ED35637373D,node02,fdc0c76292afacbae91bafc3e0e8d0fc171191c0fe231c489e979c5fa507a3ff,2,1791384014.3408463,1791384027.0553036,12.714457273483276,137,241970,confirmed,
363,0xce905961356454264160561752daB86F711Af408,node03,866ea05cc1bfd1783e69be340fd9b716ef9409189412d8a14ac5422ff596d494,2,1791384014.3425667,1791384032.4848773,18.142310619354248,138,241970,confirmed,
364,0x63055D15093E57C050b778d3b51E2403C002488B,node04,3e63797f17dfeafcfa6cab01ca5acc907acea36fba6b9a218f685d7f48390c9c,2,1791384014.3496335,1791384032.6064715,18.256838083267212,139,241970,confirmed,
365,0xf25e5Ebc1eC3B828ae9583E340eF26e18e79Ace8,node05,ccef37325e8e5ece4b4d703d5ccb147ccc4062dcca3bbe51f14994ac6e08bb6c,2,1791384014.3519835,1791384036.9134285,22.561444997787476,140,241970,confirmed,
366,0x1Fd54c7d20BF824bDB09114DcDeD7b45369F086f,node06,da265ffb718ec9f41ec85229b9ee94f829ff5c6685a040e654d53accea0074ac,2,1791384014.3548744,1791384036.871839,22.51696467399597,141,241970,confirmed,
367,0xeE4c0EC442690a929aB7D71Fc9232a9B83751ddC,node07,dc56baea9a10f387c41aa787a0998fd83135d2369cfe68844311d2c6df7d0d03,2,1791384014.3589063,1791384040.1654766,25.806570291519165,142,241970,confirmed,
368,0xd6A0C0C27f787d241082d511C9992BBF957704F3,node08,7d98b4d436cacc437581d8cc478121e7f83b37b2e34ff4fff59d7a56bfa4f472,2,1791384014.3636508,1791384042.9089375,28.545286655426025,143,241970,confirmed,
369,0xEF713a6E9527639e86C1ac1169ACE1B0E1f6E504,node09,2e2a79a91bb5c829db8dd507617e114ad81edae6e51c411e4bb3d70832f4699c,2,1791384014.368135,1791384042.794659,28.4265239238739,144,241970,confirmed,
370,0x151057aE7e72037fE27f1d64420382f20C2Ec1AE,node10,e841197279cb15bdf2c80a5a0001b3c007807a435ae02c38dd2814f6afbcc39b,2,1791384014.37064,1791384045.31265,30.942009925842285,145,241970,confirmed,
371,0x4EDD37027e56AE47bD7bacF62DDe851C280696Fa,node11,30f5b09e01d7516bea225e9d92c4a03745d452b25f3d3a63d004305f994f44ad,2,1791384014.3760931,1791384048.5481956,34.17210245132446,146,241970,confirmed,
372,0x04774404E4B4E021425e5598Da1094Cd6101E88B,node12,f45eb682f4ec30a3da93620efc263f4ac05c8ba09175f5942605d9817cd028da,2,1791384014.3781753,1791384050.9176934,36.53951811790466,147,241970,confirmed,
373,0x9BF841c746E9127a818E246296620E56fDADe6B4,node13,dd7ce1a38eb7499cb666a6f41808a43e535e1819e92fd2b66887cf386fee3d8a,2,1791384014.381264,1791384020.813357,6.432093143463135,133,241970,confirmed,
374,0x44a17536BA37dEB43c26093DE4417ca36f064872,node14,06d3a32a0b96eabdf959070058479fb8ff01e2d7eb42b3f280556e307e7c7e7b,2,1791384014.3860614,1791384020.8266613,6.4405999183654785,134,241970,confirmed,
375,0xAFf9BCf0f7A387aC5f9aC81Affe0EDAe7A7A4856,node00,73e9363b5989528eeb77d0cf03fc0d44ac09b2ed7ac3b4156f498888aa5a22b0,2,1791384014.3886378,1791384026.912263,12.523625135421753,135,241970,confirmed,
376,0x885276d79C04CdEb7dD07932237210Bb6eE35d30,node01,ffbcdffd019969ea2c101419aec90c9982732d129c1c2b2765db5d46dad78df1,2,1791384014.3909872,1791384027.0869718,12.695984601974487,136,241970,confirmed,
377,0x581AF92b54D3BC10C53f9e8915F4C9294B343314,node02,82aabc3e16477d96f6faff170b87c594ac97d679d3ff006e0a7a97e982e68f23,2,1791384014.39352,1791384026.934008,12.54048776626587,137,241970,confirmed,
378,0xFDf6770B86a57b623DB3fB5f7eF3a646a76E922e,node03,9b1fd61d1c47a8a00e9835a7554f37586d9f93f4dcd4de86b7286579f35e35b0,2,1791384014.397851,1791384032.4863148,18.08846378326416,138,241970,confirmed,
379,0x003444c9a5CE318f1621f391b4dB04FA3ff3c64C,node04,e6274b08f288b3bd1451ccc9ad3c200e9b8927fda17cef476ea5a1f138ffff90,2,1791384014.4004722,1791384032.563807,18.163334846496582,139,241970,confirmed,
380,0xBD25373C7dA4934312F94d16f1bbE5d8E9f7fdE1,node05,3f69de91c91f30da422f8346c42f28afdc305562907a469cb65c4fc8c152c0b2,2,1791384014.4020412,1791384037.0922825,22.69024133682251,140,241970,confirmed,
381,0x35c498b25a5fE4e2b9a2d7553f72bc1372928ae1,node06,694ae08278dad2cd44e35696cc3fcfd03b7aaf41f857032df4802c5191a314e0,2,1791384014.4056149,1791384036.882891,22.47727608680725,141,241970,confirmed,
382,0x293e266DD8e3D0aff8F8219e5318F626b30aBd43,node07,0cfa924e56820aa037b15d48dbf3d090bc26cee435afc88f4ae703675801055e,2,1791384014.4079118,1791384040.1638587,25.75594687461853,142,241970,confirmed,
383,0xD28172e3dc9161C7854d3C7DD23CD55C604C6566,node08,c286fd436a1e85eb21bab050b39902bfb3fbbd0ae8d7e0128c502a3515de322b,2,1791384014.4094107,1791384042.8374658,28.42805504798889,143,241970,confirmed,
384,0xb82c49F1FbbEC0BAd19A04ae2DDD9ee4e4cf7023,node09,e3c8c5392caac4b7ebad3849baf28c331e2192f94a414059670d9dac35f49b43,2,1791384014.4117272,1791384043.0791993,28.66747212409973,144,241970,confirmed,
385,0xA8852EF9eFB38266D1133d5D1FD371E5016F1AA0,node10,27693c62a566ad64d50370b53c4500a1b0a339a274dc8b56c09aae1eeda92e7b,2,1791384014.4145656,1791384045.2489254,30.834359884262085,145,241970,confirmed,
386,0x2703002baDF87CD3b47680CB7F6Ca2aF0FDC0A08,node11,ac79398af8bc7cc2b2e8b9790af3deae73ebf1225943ed3b9bd1fa1aefcf43ac,2,1791384014.4168115,1791384048.5511253,34.1343138217926,146,241970,confirmed,
387,0x5F19a92733511Dc524fBeFCf513fCEeCDD253Cb0,node12,6baaab144ed83c87d3b6447e7074344fe7bb2b0d63e3a54bae6da916b564a095,2,1791384014.418957,1791384051.0369833,36.61802625656128,147,241970,confirmed,
388,0xD6945D9196d4E31210c94e7a7C3207E5C9D7b5dC,node13,10cdd50e65429ee772fc8f15fa681efe1b6072c2fc7737592383b3bcc43f35c6,2,1791384014.4219995,1791384020.859478,6.437478542327881,133,241970,confirmed,
389,0x2D473419A474806975FC7770AeF4F69Db6D0AFc5,node14,9c1bf3e709deeeb62b0fce82fe27d49dccaf8b7031cd18dbc2b42b81fd75ffcc,2,1791384014.4241107,1791384020.854688,6.430577278137207,134,241970,confirmed,
390,0x77E886B7CB1eCBd7693Ae622b4d2701e1Faef26D,node00,f89a86d16aecdb8333aece1f185192c9043f7d509187691df7e623c946d23d6f,2,1791384014.4306335,1791384026.9626594,12.532025814056396,135,241970,confirmed,
391,0x798ac023C92715FDe04e0E406Afb2233c3947CC4,node01,2b759c654535f8b7a58a74e05306773ec98dc23ff3f8f860b746054f9e643d20,2,1791384014.4334946,1791384026.9651809,12.531686305999756,136,241970,confirmed,
392,0x3DeDDeac05de4f4e3a5eED2a58Bd0808fA6036a6,node02,b8bc363a0d3557c8ffa79fe31e0852801d83ae9b23ff4ed759e3471825507f2d,2,1791384014.4386861,1791384027.0522845,12.613598346710205,137,241970,confirmed,
393,0xAD535321D48A33D8fc26b18D88dad0cD9eFE4Ebc,node03,a520fadc910a7a6fa9d172607665e77f31039ca41695962d426a1506eb64dbe6,2,1791384014.4419692,1791384032.5068169,18.064847707748413,138,241970,confirmed,
394,0x8a80f29dcC0C5E96114B13FC71B6436C53994305,node04,51e1ce084a77110e2d10ebcb597218fcf186e9a4e8b6d72f31e826ef3906c1b9,2,1791384014.4497929,1791384032.5091705,18.059377670288086,139,241970,confirmed,
395,0x4bb5989f7EF5DDDdA0d02F52E90A80E1f02a20BD,node05,84c73881280136c1d2abc5bfe084f99ece958ecf6aff36b7400669bfc6148b19,2,1791384014.452131,1791384036.956698,22.50456690788269,140,241970,confirmed,
396,0x2e7e85D834772fB86c8A7377A324204321c42EaE,node06,356f04534b877f50f531b4c319b37a419ca3df97debbeddef71b152e2a22cc78,2,1791384014.4539738,1791384036.9739127,22.519938945770264,141,241970,confirmed,
397,0x7c8064495cd98EC2BCa98aE2B02e2Bcb58f1d188,node07,61b438eb3b1ff7fa787084c50f031bfd9d2a6554eee2d014908786dc4ad38b7b,2,1791384014.4557092,1791384040.15378,25.698070764541626,142,241970,confirmed,
398,0xE9Cd664531B27291e917691a17990Af383ba4871,node08,9a777d5a5e1270081c3c570f8d0878aa2115dfddac829cbd8817513c635b1a35,2,1791384014.4574926,1791384042.8473678,28.389875173568726,143,241970,confirmed,
399,0x91c6A09F138356fecDCff6B1683fbCd69819C74b,node09,2f0941bd386a933e0f56575563f1c6081f38389c7162c93f7eccb3c301c3334a,2,1791384014.459454,1791384043.0914352,28.631981134414673,144,241970,confirmed,
400,0xCc0d675F3AE38af3dFF46a63Aa612bf38831fc52,node10,8e972a6db7407afbf8a07dfff57c62d205af1ed2d41fe5a06388b5dbbb7ccbcf,2,1791384014.461945,1791384045.0739944,30.612049341201782,145,241970,confirmed,
401,0xbd21A87FDE5dB14CdCb841449d65b6C5c1d5e5ba,node11,49c2514393a41928003ef94d2b15070c14fbdafb65b63106e8bb562339157c47,2,1791384014.4650419,1791384048.5001855,34.03514361381531,146,241970,confirmed,
402,0x268112625b1bD065b490e4a5eD1068eE5c04e33f,node12,a59cffd5913c081fcc6b905309b0efc958edc465ad3ffa98adef4f8637b93f38,2,1791384014.4667745,1791384051.0585308,36.59175634384155,147,241970,confirmed,
403,0x7CCF16A430a4D347Ba06E740eD25f9518Bed1167,node13,e6e4999dc6977be4a265d8c3e37a042bd7815800a637617def148dc3843693b1,2,1791384014.4701302,1791384020.9307275,6.460597276687622,133,241970,confirmed,
404,0x1B9960d0556f8C9F10e946e766D50fab6a3a02eE,node14,d64fd61a7e31fa455f4563a9f5dea08b49289aac2839d7a5c41548509ebd12fa,2,1791384014.4726882,1791384020.9613104,6.488622188568115,134,241970,confirmed,
405,0x772D7CbC364e7d89b56649383F577A402b113964,node00,482cfc2c4022d620a5f1c4749faf3bbcb6d8af9e5a846c80f119d4ffe1074364,2,1791384014.4792283,1791384026.892428,12.413199663162231,135,241970,confirmed,
406,0x4c3D8f275E9A58B58c6A94f608ABd68a51bA4B9e,node01,8c1b7fb791a4a04df0665158e8877367c20eba8bc5b7304d955ab3907377384f,2,1791384014.4824395,1791384026.9797723,12.49733281135559,136,241970,confirmed,
407,0x2f4ac441e238917e1E42a869A84fA8055F62D8b5,node02,bd0a50656b1e37e780336e59bfc24cb5dadd3124da6300c27d3356529fd1bd97,2,1791384014.4846156,1791384027.3338604,12.849244832992554,137,241970,confirmed,
408,0x004CF0f4669b9792563C017AFe45717e2e325fe5,node03,dc8f507b34f8a1d212b2912670e0bb4d6dc1ec9f797dbd1a4b950f3fbd6985e1,2,1791384014.4879677,1791384032.5002286,18.012260913848877,138,241970,confirmed,
409,0x714043225cD59a8C94755b73d2EFB99b85ec53B5,node04,28d22e343495d9c0942943dc62dc9e3023d21aaa3835d346850fa3de5d5aa883,2,1791384014.49246,1791384032.6294405,18.136980533599854,139,241970,confirmed,
410,0x9B2233D1713B04C9fc92492c298B01e757F79A03,node05,73ea28e1a958d4fe50374e4d42139efd2b5d875c36a76735a0702f69cfceb6fe,2,1791384014.494575,1791384036.8884938,22.393918752670288,140,241970,confirmed,
411,0x2AB05B4cF05906834c99144EB726e560723A446a,node06,bba9c6b4c09ec16ea7fdce503521670841774b9a80331ca03f0ba1f299eabd0f,2,1791384014.498019,1791384036.9006763,22.40265727043152,141,241970,confirmed,
412,0xD46DF3022bf0865146cFf8067f3fac207622BF1e,node07,d30f9cecfd869499c1e02cc0a567d1f41f3873431680463311ba681216a80261,2,1791384014.4994605,1791384040.1665528,25.667092323303223,142,241970,confirmed,
413,0xd2A016C52B0ceef20310E3c9b9e4b27A600516b8,node08,6248a0f85ebdcd21d768c21074ce9ed728a19bfa1d9760ba7370fda916f3331a,2,1791384014.5044818,1791384042.927506,28.42302417755127,143,241970,confirmed,
414,0xD6D4f46b19dE31ef27603e10137568cd2166bF3e,node09,f68e5dbcaa59779022f4f3aa763cfea5c5ade96c96390d14ee799ea808c4d757,2,1791384014.5065594,1791384042.8227437,28.316184282302856,144,241970,confirmed,
415,0x959039113016c3213590261692808603ce08A42b,node10,b1141da208508a2be1b45927faa3b5460b98ab9e0ddbaa36c21b98791cf920b4,2,1791384014.509137,1791384045.1304312,30.621294260025024,145,241970,confirmed,
416,0x782b048b7762210823baecCC594e9D4B670E8FDD,node11,3b448c9be0a069625abef06850e211ca5696d990a42a361cdfb2d67f4f563efd,2,1791384014.5133703,1791384048.4916446,33.97827434539795,146,241970,confirmed,
417,0xD74aA06a2f69Fb00F5A3403f542ef7A933c2c9d9,node12,55f43b5bb7a6049adb90227c5dba265931cec9575870fa70d436f559067768c7,2,1791384014.5157216,1791384050.9716167,36.45589518547058,147,241970,confirmed,
418,0xd88e7AEeEa207ec2B6f433F4f1837316558a6d3A,node13,738a3a728e7d269b8611881eeeb0039a22abd28a635174145f620829faf1bca0,2,1791384014.5250583,1791384020.9740152,6.4489569664001465,133,241970,confirmed,
419,0x45D82fD4859aA421d48a0b47940C2bCC294cA3c3,node14,d990f3ca24e58b844b719442afc6ae7024dfff4e26c6119582b5d526449987e9,2,1791384014.5276809,1791384020.966364,6.438683032989502,134,241970,confirmed,
420,0xDE98e1663Dfc985900D041348eF99b1Af8Ce6E2e,node00,a34d810272feaef8f40be8976ccbf0f03f94fd01220db9880b73f72800c773ba,2,1791384014.531292,1791384026.9708247,12.43953275680542,135,241970,confirmed,
421,0x6b6A57B030D701494f76Cde8D2f59FCD4e238229,node01,e7362cc450bc5808ed9d30923c2332f8dcd90a630b4a70399b17f675c9d6b60b,2,1791384014.5336223,1791384027.0217793,12.488157033920288,136,241970,confirmed,
422,0xEFC83ea021084F834658014aC6299Ae6E1351512,node02,7c47d906fa3a43a6ff006baf21f62eda2281a142b92fb069cb7261190080ae8c,2,1791384014.5361602,1791384027.1658964,12.629736185073853,137,241970,confirmed,
423,0xc807d674E7d85E0ae568ebcAD4288E067624489e,node03,0799219a58842317f7e42bdc6caf94d3b6ce63d54b5535381fd1e4c809d75d15,2,1791384014.5382464,1791384032.554602,18.016355514526367,138,241970,confirmed,
424,0x7B039B02c2E01eE5568A493B3A8636Fba5b01eF2,node04,546b740da31d6d9f8ca0622d5cdab72fc56c750389095867f68b14ce96f88818,2,1791384014.5398932,1791384032.5591118,18.019218683242798,139,241970,confirmed,
425,0x869cbd04CdeD6450a45c7b85Bb4A8C2792bE5Dd2,node05,e4a60bc89618a07cc45d33add47c49930d68eb68c8c35e93951289fc280001a8,2,1791384014.542227,1791384036.9914272,22.44920015335083,140,241970,confirmed,
426,0x107B9ec53B8dA840f2B56C7479222d5Eff329d9d,node06,c9ec704a031123444ce1adc2b749f688741e8c24836c38a0f1a9e8bda85c5a72,2,1791384014.5438395,1791384037.1251442,22.581304788589478,141,241970,confirmed,
427,0xCc9a69DEA1Ad2f8b5d9Ba79075692E54dFB30A5E,node07,cc347b922e612f399a68c9bcdba192f307ac271db920791fb7fe85c6d28e3ea9,2,1791384014.5453687,1791384040.2378306,25.69246196746826,142,241970,confirmed,
428,0x0Fe19fD594a64EcBb9f635854a09057638d4BF8d,node08,ddd548edbd411c24b9c44fe25db6fc39cf0fc9fa7f4e404f35ebae90b17c83e0,2,1791384014.5478354,1791384042.8704493,28.322613954544067,143,241970,confirmed,
429,0x92578Ff4D2060f3dc44476873fFE7274e6FE57Fb,node09,999e2897b73df609796b3e90bb7cc5492827b0254b8d557e197c03792a71749a,2,1791384014.549812,1791384043.115629,28.56581687927246,144,241970,confirmed,
430,0x4AA7B002B33bd558e1ea8c70C15471Cd00ED533e,node10,485cc8072c56051c2abda06dfc6361649b6e1c8340ff327b4c3174c0d477ea67,2,1791384014.5506976,1791384045.120331,30.56963348388672,145,241970,confirmed,
431,0x0Fe6140e12C0D36867C9Df06697eF147C223c220,node11,1249a1468cc03794a6f9b6e6d7f2dc9f33d38f63d46de0695de31bb8ded3ff64,2,1791384014.5567842,1791384048.5526202,33.99583601951599,146,241970,confirmed,
432,0x6974a723B92efA2CcF99F8C463F50F000609D28C,node12,fea559dd74ff02697f94de735d97994aa05e156639b40c2a0443c509ea6d96f0,2,1791384014.5583365,1791384050.966094,36.40775752067566,147,241970,confirmed,
433,0x917F6Df63a387A445bdf9ddEA56790B03e58402b,node13,7b053be53f1675a06e62d7f5d82f034c8cf4b727d9e1dd7ca58dfbe28536b7d5,2,1791384014.5596716,1791384021.016802,6.457130432128906,133,241970,confirmed,
434,0x211201C6d56C5E9902e8889dc7b69EaC7197F3d0,node14,c76e036d80b9735f7640f2cdc507156cba1656663f2b27dc35554e8b5c0bd515,2,1791384014.562163,1791384021.066857,6.504693984985352,134,241970,confirmed,
435,0x5eFe7C8Bd66e6d458E079529467A2c3b1489fE7C,node00,e5c0d69687f1ea8d870a8e7912fd3faa7d35b72bf045c71feda4ad7aac22dcc6,2,1791384014.5643818,1791384027.0822542,12.517872333526611,135,241970,confirmed,
436,0xB9D9ddB4B8019ed38814e69C2688682Dfc6361A2,node01,c74391d2e94a306a9a72f7c5bfc26ce9f891c0c1e3ff7b380df8544d4ad08319,2,1791384014.5680046,1791384027.1445954,12.576590776443481,136,241970,confirmed,
437,0x580f42ff1F82984FDCD242d453293D5915A8D6A4,node02,3588b6d5ea95f876e23da7addfca09bd58a52a2f8e31f75e9be7fc3779cfb60b,2,1791384014.5722957,1791384027.248742,12.676446437835693,137,241970,confirmed,
438,0x9eDc82FC6b7c4c9283fcB9C0c37D9427A02fa2bc,node03,33a29cd4821ac5f6dd42ddc7b804b50821caf03f9d09f9a5288ea09ce64972fa,2,1791384014.574909,1791384032.654142,18.079232931137085,138,241970,confirmed,
439,0x51dEbE0EF378F24af7ffb7a370396c0203D183C2,node04,912904de61f40089f3c9bf988a141d0a843f68261fcdb4bebac63ac41998968c,2,1791384014.5756648,1791384033.0792305,18.503565788269043,139,241970,confirmed,
440,0xe527FF51AFD356F544Ba18889dA1a653326BF564,node05,ac2c0ab20a00f646118c74805df3464a4d0b66d9950cd9efcbc01049b9a086da,2,1791384014.57758,1791384037.0687943,22.491214275360107,140,241970,confirmed,
441,0x28f0Dc2403D54E0eb9225AD0BDFbA6FD9D24E126,node06,07cbd9f5a6c16fde52c312bde5e9f246e2d8708583daa839c236146dcbacfc22,2,1791384014.5809605,1791384036.9293094,22.34834885597229,141,241970,confirmed,
442,0x905c9284f281BaB5Bcc8379ce8872d7906883667,node07,6386d881ebf19837b56c25183dd85437e67d47c231308e29d7c5bc050752d870,2,1791384014.584057,1791384040.2455142,25.661457061767578,142,241970,confirmed,
443,0x78A4D6EE453Ee980F1D8CeBa07d60bfe67BF2E88,node08,bc6f4198e74742462139325a300bc85080f48ddeca818ca1276b954a79e919bf,2,1791384014.5875556,1791384043.0772207,28.489665031433105,143,241970,confirmed,
444,0xD4693e881278DF81cf1ff8f4e65C3917dA75E9A8,node09,e18c519c9f4db34dc21ece0f7efda9c734ba97ad9e2bb70d9ef92b423785cb24,2,1791384014.5886216,1791384043.2023299,28.61370825767517,144,241970,confirmed,
445,0x58BD52CE75f1114C18fB282B8FdDb237Ea50f184,node10,684c0a2b425c4b6656062d9b8aab29d755cde698664c78b8923dd8d7e80ab2f2,2,1791384014.5894291,1791384045.0974295,30.508000373840332,145,241970,confirmed,
446,0x38b7bd1a0a711548B22a8611791138829852fE57,node11,806937415f369f8d68a7fb198a5747b1b182d1b34c2948aa16e9e262997d000e,2,1791384014.592816,1791384048.5446572,33.95184111595154,146,241970,confirmed,
447,0xaD91EB6D6C667bCB383E25330cBC236917B234Bc,node12,e25a2c4d1cc769d6832f118c7e7fc63ae8ab9cd6a8045d27ea49bd538fbca909,2,1791384014.5937269,1791384050.9633536,36.36962676048279,147,241970,confirmed,
448,0xFe4be5eA027BBe451E30523F6d0E09Bf1F206E46,node13,611aea91980b8f901ef1411366c022b2d21cee27254f91604e5cf3b385c56803,2,1791384014.5987947,1791384021.0831025,6.484307765960693,133,241970,confirmed,
449,0xFf4B34A62FEec5e4831B9E504329ac8fBEc9aF63,node14,b3f0916397758664f20260a85703d00f39716f2e2601ca655a395b06ed1ada71,2,1791384014.6004186,1791384021.0860963,6.485677719116211,134,241970,confirmed,
450,0x91e8a66DabD88D78b1E9CBAd90eC88d99a0f96aA,node00,b5e8fd16994b840893ff7368cdb82e58f06f1a38a4bfec82bc5d7973255f30eb,2,1791384014.602943,1791384027.4467325,12.84378957748413,135,241970,confirmed,
451,0x508c19c56E5B27519D6cA3042724E1734112df86,node01,c0a29be3441d1568d7ebfc43e9b83963fbd80ee4e49665a199587d532790d32d,2,1791384014.6063101,1791384027.1735826,12.567272424697876,136,241970,confirmed,
452,0x13226C771dF1c626A17D0076Aa04523906E3543d,node02,848d70ce21d9831f430c52771b60cb0756beb8365ce4534079d274db53cb6b88,2,1791384014.615194,1791384027.0656652,12.45047116279602,137,241970,confirmed,
453,0x1C1190646923Fe50067DF67A98beDC6533CAcCb1,node03,34636c6b18ff93892f560b922a259963950d31ca513d21f95439777a2b45e470,2,1791384014.6203933,1791384032.552761,17.93236780166626,138,241970,confirmed,
454,0xbB5ECb1e45B62d1ae209b5DB24D9f5E3013e31D2,node04,54e08152a7a86de3729cbf92d85d16f2723934ef4d53cf0a81ec5d54e644c871,2,1791384014.6217647,1791384032.7046998,18.082935094833374,139,241970,confirmed,
455,0x7372EE92d45ca08dc5905e545c009686f78Fc50f,node05,fb31533f806ee39fa06074c26db947b4b6932ceb16ea89d25b509b0bb905f195,2,1791384014.6229005,1791384036.976435,22.35353446006775,140,241970,confirmed,
456,0x1F6D57c40392712b0c97EADF60E3692f5f53dafb,node06,bf361d33366aff3e048c077cc827084bad87950ce71d9aed647ccf028a1be985,2,1791384014.6239185,1791384037.0719209,22.448002338409424,141,241970,confirmed,
457,0x00AC481C165603e793b29BC69704Aa66e295a016,node07,48babe0e42c63ba59980b4c232de69490434b49c3cbc67f9d592bf4a0d34c022,2,1791384014.625099,1791384040.304626,25.679527044296265,142,241970,confirmed,
458,0x9e7Bc74bA7514B63986a3eE9092336fB6c95D2d0,node08,80688bc0169dc51dd5a0df20752b30bff5d66e3698a3127e72c9cff15e45342c,2,1791384014.6282437,1791384042.9053895,28.277145862579346,143,241970,confirmed,
459,0xb05cEBd6351d7c3bf7d766Ddb8C6B850649FcF16,node09,a2fc6bb7b5df62a86533622af27b8378d2f7011b8322c4fa618a4a6c50988591,2,1791384014.6327167,1791384043.0881178,28.455401182174683,144,241970,confirmed,
460,0xaDd80325a8D6121D410D9b9922ABD0eD4CaaBA97,node10,c03b7a75fb6242a5feae9972e8de117a3d3faa9bcab2c1f269ca0bd1194a8d65,2,1791384014.63378,1791384045.1417625,30.5079824924469,145,241970,confirmed,
461,0x658f3475655A1d2bF08B8b156387daC6485473F6,node11,3909634fcd5d8de1daf462b971d3d9e5fb15e1211a4121ce126065a29c3f8853,2,1791384014.635974,1791384048.4977937,33.86181974411011,146,241970,confirmed,
462,0xEf2672c54b78977eC49F5439D3e13AdafD62dB98,node12,12adc402f9f7daee6e8ba68f066c6491828d00eb5599dc640773b15da5290b78,2,1791384014.6393971,1791384050.913698,36.27430081367493,147,241970,confirmed,
463,0x600b6fa1F956471B44871A6ceCae2F647bcf4115,node13,09f9bb503733755d747d1dc148caf5ed419c4fa914cc9d6057522e24833442c3,2,1791384014.646965,1791384021.1254754,6.47851037979126,133,241970,confirmed,
464,0xBe727B348cdc5B698eAD1e2B9840ea107446768F,node14,ededf4d21702e7d087d9f7db79572fa1a4e6a7c9d4ce92ee0b1843092762b1f7,2,1791384014.6502874,1791384021.121056,6.470768690109253,134,241970,confirmed,
465,0x16B2D298039884134E6E5BfB82BaE46a2E84f586,node00,b72bebe415a4cbffb627fa43b13dca9fd7efe4d819f2c06ba841f6565bf8d4ec,2,1791384014.6517665,1791384027.3306708,12.678904294967651,135,241970,confirmed,
466,0x211407B222Af02e3dc0f1FA060aEcF0538f48BD9,node01,929b534609bc893c678b526504f1edea865b8894c165a80ba8f175714da85e60,2,1791384014.656,1791384027.1337688,12.477768898010254,136,241970,confirmed,
467,0x4a69Aac953456ADC3840A79fD625C1Ae3f487b76,node02,8a6888c29ba9673d3f5149e5e1b5be8823908fac64d3f40242d9bb47859ab856,2,1791384014.6620636,1791384027.2764304,12.61436676979065,137,241970,confirmed,
468,0x587C320e34fccf31992095a759e8BF6A518CB9c5,node03,3f06e653187b9b7a0da9e1efb916abe3b84d90ff57c324fab2b929a27e34743a,2,1791384014.6645665,1791384032.6719143,18.00734782218933,138,241970,confirmed,
469,0x82A34B4521b63dfAa48E5D8152d9f940Eb0BCf8f,node04,fb0b665051199dc2829a81dc8276c7a5d07dea38ea45904f9212e85ccf12ca62,2,1791384014.6669672,1791384032.6391273,17.97216010093689,139,241970,confirmed,
470,0xC7D7B85a6cB9B0a390136a79cC5395Bb2d82dF5A,node05,8a0f3d942fc567064a6994d8abdd3e37a843d2ed4d60c26e5a1d8af4ab312cfd,2,1791384014.6690998,1791384037.1034691,22.434369325637817,140,241970,confirmed,
471,0x3aB1CaBdEbf64B283a1b456df9f543B3735F6767,node06,c90eb3929fa5427b0d1317740c39782e51847eaf144b1c2651d35342aebc1ae1,2,1791384014.6709082,1791384037.0508676,22.37995934486389,141,241970,confirmed,
472,0x536933b72075A14A63294F1E671cA282E3D6c108,node07,49abf1aa75059f60fb4b7d5301de84c5791ab7d2798f60d4a6213a451522af7d,2,1791384014.6743174,1791384040.4037447,25.729427337646484,142,241970,confirmed,
473,0x2a9449f44e079913868F0669038bB09d638d7a37,node08,ae246b47a5a6cd2fdbc87d5bc48d47703803269c8bd83aa2c280ff2bc13f93aa,2,1791384014.6775494,1791384042.9903479,28.312798500061035,143,241970,confirmed,
474,0xd33dA6852ef8fc66fDd5Deb2D826c72cb7684887,node09,821340970825bc7167dcaf37b10808ea777d6ce092ec72ba2707d501376720a5,2,1791384014.6791656,1791384043.1509616,28.4717960357666,144,241970,confirmed,
475,0xcA954087de956dE96f1a4362881F08E2E6F0950b,node10,ac15caa7142fb44db873bf57b1cd3400897036191093bd3614fa6da5b860c2b7,2,1791384014.6810024,1791384045.205729,30.524726629257202,145,241970,confirmed,
476,0xfF8Bf3321F1f4bd62b5e641696617F6854164732,node11,82a9705ba2b1ebbc07666c3a1d77d4b9717a89be40415c9a27ccb09bc521f997,2,1791384014.6850078,1791384048.6054063,33.920398473739624,146,241970,confirmed,
477,0xFF38025b330c422d96eea140a1Ba47caF9982e4b,node12,118bda9c9cc32015f4543df4f39b8e982b6ecccd5c994d7b87ea61afd0305d4c,2,1791384014.6870623,1791384050.9408247,36.2537624835968,147,241970,confirmed,
478,0xD2feb8375FFB9992039654B11dB9f2A6De801aEE,node13,5729e1d7b2e4f523af328397d17fe39b1df1a2507cee251406562585833cd37f,2,1791384014.6933951,1791384021.17165,6.478254795074463,133,241970,confirmed,
479,0x90B2AD416b72c5F7537929390c985E117cAF592a,node14,f0064755e8e1d86a3acd75c61df368dc9eac9633f7e301b95b36718892239eb8,2,1791384014.6970007,1791384021.1806717,6.483670949935913,134,241970,confirmed,
480,0xd434b261AA91f092dF199862baFedEA75c6F9105,node00,16f3e3f8d28a0b7902c8286935c8a6c422e6d022dbb9965aba6900095006a5e1,2,1791384014.6981373,1791384027.4552653,12.7571280002594,135,241970,confirmed,
481,0xd42039110991927EFA8674CF1F9606e2B0C489E8,node01,bb65acb16bd323677f153fe88313ab6d17f771265bf16821ef9a76efe50e7419,2,1791384014.6996505,1791384027.2000623,12.500411748886108,136,241970,confirmed,
482,0xEaA30e23e46B6ED4739f941Ed4Db02ee1f0de168,node02,1ed276a7953f8e6d99ee3d3f4e2b723f59e7e638d360c58949f460e1f7988275,2,1791384014.703292,1791384027.3238282,12.62053632736206,137,241970,confirmed,
483,0x186f70c301e77bc17CB6A018Df8B01Cc14501F09,node03,0b7ffef956d68156b8d0a313664b3d2e577401a3a34ff0e7bbb53dedd97d8d52,2,1791384014.7058263,1791384032.8869345,18.181108236312866,138,241970,confirmed,
484,0xE6588f5fF27086EF9dD63b52534223c91c18828c,node04,8d27a727de89986ef066dbfdf1289de7e8db4869d521acf7b4ced563a6450764,2,1791384014.7082446,1791384032.8548129,18.146568298339844,139,241970,confirmed,
485,0xa3Cb47Afe140CAedD9E6CAF7f7DaB6cb08f4a6E4,node05,ec38e01064f7c27ec4f8dd8c4981afded967c27930388f301cb52c7123f135ef,2,1791384014.710422,1791384036.985819,22.275397062301636,140,241970,confirmed,
486,0x674b400f1d5EB019AcfbFf2EE4969DBc293cA7f0,node06,a2ef01e927bec5560fc27ed7617c58be9adf0a0dc241d9a7b3a733151f02d94f,2,1791384014.7144349,1791384037.1137915,22.399356603622437,141,241970,confirmed,
487,0x77597d15fac82DfD7a4c3f025D502A55BEEcEFFD,node07,78c15db44f3a4b71339235d02f366c1391536728f0f7fd087e64dc3049df8cfc,2,1791384014.7158341,1791384040.2087588,25.492924690246582,142,241970,confirmed,
488,0x24cDf3587de86Eefc4D2a30a0dcd7F4bb0C61cd2,node08,af9cca3a2daa8cc41d0a56c4100728e9a37c4dc7ae953a71a5b9f93b71b5b134,2,1791384014.7186341,1791384042.9537148,28.23508071899414,143,241970,confirmed,
489,0x0C5C3BbDFE90b485bC9B70A52Ca3898Ea0d4Ad08,node09,a6959975c56625cea07dc64e22d8817ec429d624793735d316481b75c3448d8c,2,1791384014.7229905,1791384043.0199227,28.296932220458984,144,241970,confirmed,
490,0x977D6F98f326BBEF0001745f1e61CA3fdc23b7C8,node10,19ae38b41855076d6ffdd7333317bf1d309f40c7fe945c4fc9e71895491bc665,2,1791384014.7248106,1791384045.193186,30.46837544441223,145,241970,confirmed,
491,0xfCEF9e3075cBF5ee9Be311f4b08122F0CEDaaF58,node11,934857ad9a480b9fbf518b6fe132b0265cef5c3f372780c5e6b9ccc2be853780,2,1791384014.726601,1791384048.574861,33.848260164260864,146,241970,confirmed,
492,0xda7819645847EeEE4d84523E3db60551B8210396,node12,8be8d747cc65dc6cd092170cc3ff770b7d3275bb0984a1bbf81c54eb89b0c57f,2,1791384014.7294195,1791384051.0925524,36.3631329536438,147,241970,confirmed,
493,0xA321f0186EEF678f24480fE5e4cEeD43FEF5aFd6,node13,75e2e3b414fcf17ce3ce2753a3986e337a872b94f3d564b107e8a06ee1a37a4c,2,1791384014.733979,1791384021.228634,6.494655132293701,133,241970,confirmed,
494,0x07D73eacAD73f841b7A4107C2e1559c2719DEe3C,node14,466d2e9b68cc93b711913d88d2876661cf4cd06b0e8a80355e0b7c9483189689,2,1791384014.7357984,1791384021.2307935,6.4949951171875,134,241970,confirmed,
495,0x34fb9169E513b67A5D808e80440937D405db3B28,node00,648105bd31d0716f6138b50ab678a005db7787d9a3e1c58b25c2a678cbe016e7,2,1791384014.7413638,1791384027.3857758,12.64441204071045,135,241970,confirmed,
496,0x813a13dAf025B42dA4C5631f6c9B462d9a5Ed400,node01,17ae2e421b38f90c12250bf7bba7cf5d9876856bf666309ccb72d6d0618c2e6a,2,1791384014.7465832,1791384027.4424224,12.695839166641235,136,241970,confirmed,
497,0x4C3bd44c7d54688eF8136915Ba3196061D16A899,node02,f1cf241c12ebe48a7c99b5523051961b3a39ded2fca1fa7d81a277f315346b51,2,1791384014.753132,1791384027.5039873,12.750855207443237,137,241970,confirmed,
498,0x784ECd367B812a4eC58c590506F8C539cBF5c1ff,node03,87f9a91b535b874052086efa55ceb989ec06c6ee42f4663ab0933037a6c088af,2,1791384014.7557223,1791384032.7020454,17.94632315635681,138,241970,confirmed,
499,0xC628fc3Ab67A8BC59f69028e7245a88519c16e5B,node04,2fe090c36432f4c0957c616b35ca19d02c612121bd5b02c05d65f2d37893f15d,2,1791384014.7576766,1791384033.0381522,18.280475616455078,139,241970,confirmed,
500,0x1494EF81e04C4C5AC0668e678706B59d1E93295f,node05,59f20d88a4eda375a5b56e63af7f534b0dd6ccb1802ca071653c963906a6f052,2,1791384014.7609382,1791384037.1261954,22.365257263183594,140,241970,confirmed,
501,0xC9B25F66134ce14e21D59082E1f201D8e7C838c3,node06,875b1c63dfced26e3942c09113ec8a4b1c13c77704d2b05beac01a77f4c23f4d,2,1791384014.7628744,1791384037.0490894,22.28621506690979,141,241970,confirmed,
502,0x3217Db3F9642b42B7bafabE9e03a26aBc7B3D24a,node07,4b8e6cfeffbe2d7780d9a446aeffe2cd29a191ea21011052f3ca95d40745853d,2,1791384014.7654352,1791384040.2993505,25.533915281295776,142,241970,confirmed,
503,0xA07c55B7FF2FCcFc7fe3f6C37f1a9c6C2321B682,node08,6c8a220beceb875959c293617f9c82ec8545587df9814df1efe6fb15899b8ee9,2,1791384014.7691026,1791384042.9943597,28.22525715827942,143,241970,confirmed,
504,0x17D287F03517719B609bB2cB831dCAd5dc6968D7,node09,f26b2e59325ed02fa0fc61c2653bf7f9a8b0d52cde6cefe0e78ec513919ee878,2,1791384014.7723181,1791384043.271873,28.499554872512817,144,241970,confirmed,
505,0x8f020C9268Fa10Ea4B2066C48462f7F0881334a5,node10,7245939ac576c8eda3ba7054500e496ad6608db36212103af70f4868301663a0,2,1791384014.7753947,1791384045.1953464,30.419951677322388,145,241970,confirmed,
506,0x3747961191dBC1Eb92a7ddE6cd69F6017e8F171e,node11,0b1584cb4ac71ef4ed1024b325d35a4ef01ebf6779016138d5fd98fdc4b2f704,2,1791384014.7780719,1791384048.5487213,33.770649433135986,146,241970,confirmed,
507,0xBcC5B97e19eAA71F30dDb7921407527a19Ff8bb4,node12,02e877e8e470efa6f7bdc0f3c1058c55b8e814a57389d571d0408f5355fddc59,2,1791384014.780289,1791384050.9233477,36.14305877685547,147,241970,confirmed,
508,0xb52deBc2C5aCa1Ed14F3cbB88E870DB3770a7f45,node13,b7de7d0c23d941e734e5bdff404cfd5ffa11f35d557c868767521555e3187b05,2,1791384014.782784,1791384021.272308,6.4895241260528564,133,241970,confirmed,
509,0x9722266Cc042C3f27d5D5cCB1e2b922E8B5BC154,node14,dc2fab5e78ef6b6288ac86e7a8d303aa619475a9a1aa8e78c930b9e66e3592d8,2,1791384014.7891233,1791384021.2751904,6.486067056655884,134,241970,confirmed,
510,0xD571717EDFa4D843136CCf0cAa8E1ABF902f209F,node00,76e8acec8708e91fbd898f4b39acd383d40c100a60a52a5482aff1e450cad23d,2,1791384014.791646,1791384027.454398,12.662751913070679,135,241970,confirmed,
511,0x272D9287B66D142215941dF92EfAB95C76503592,node01,14cc2e93e41e5f54b8a29d68a2ce239b1772e8c7d3b661f9d05431a2d71c321b,2,1791384014.794764,1791384027.474822,12.680058002471924,136,241970,confirmed,
512,0x7142db96ADdde72Ad9DFF25180072683cc3d7118,node02,4e5532c49bdf3debd3d096a327b2ac49fc5aa6e91494f42c9847ed7ea0e9e97f,2,1791384014.7965186,1791384027.500112,12.703593492507935,137,241970,confirmed,
513,0x1127942367C599c9F65666420218EcafC9059958,node03,7244f4e6ae03845dcd59f4ee8679b8da31f8864ff6ed369ed54c80f914ccd01c,2,1791384014.8001323,1791384032.8192642,18.019131898880005,138,241970,confirmed,
514,0xa0EF5Cf304F5be86FCF061321A5dd0cf63719918,node04,b26f63b3cc4e3d4fbcaebe3d97f764a807ba457d39fbec21f846eb361477ad6e,2,1791384014.801875,1791384032.7886078,17.986732721328735,139,241970,confirmed,
515,0xBf6c4dFe4b95DBa42eDC1a1B105CecA07Be94A32,node05,8a12a0192733cf1946b41d519334de077ff5a4f4b2ff47ef6825784bbb5776d4,2,1791384014.8039894,1791384037.1103532,22.306363821029663,140,241970,confirmed,
516,0xbE4A002423052f93cc991210aae8FA141272630b,node06,316097ccfb8bf61a7c154d81e3b2259b54e3caca48f8abcb48b865ae6045af34,2,1791384014.8066156,1791384037.03731,22.23069429397583,141,241970,confirmed,
517,0xa8ba3f9F8B18c57faE81BbEEAAf3390777A059C2,node07,80a5dc264565c600d67426cf875549b8deea8b751bbe07be9e3dc6d78099dffc,2,1791384014.8086727,1791384040.3695595,25.5608868598938,142,241970,confirmed,
518,0x8517b94c4f567CdCfB309386091724eb04203ACC,node08,c8cfaa9adbf7cd9551216db2118f1ccca2987f0f4db2a93f499160cd1afaef71,2,1791384014.8125384,1791384043.057112,28.24457359313965,143,241970,confirmed,
519,0x6001DA4aAE940C94f13eABa109366f6A72f82f1F,node09,481aa44ae8d00d841267dd0ea7f3c6a32d437d35e28cc9bf2623812ff5de3db1,2,1791384014.8160722,1791384042.9698803,28.153808116912842,144,241970,confirmed,
520,0x1D7C788a32E1B6BeF79f77D51ec59B9Aacb4c824,node10,98ae2761ec25f2280ae42662a8188f3d8bfbdcd8ed8f24eda90fb09dfc01697a,2,1791384014.817823,1791384045.3065996,30.488776683807373,145,241970,confirmed,
521,0x6e2d4ca15f4870659E0ff3C257682BC74a8fcf2D,node11,2a0cf1b4ee70b20aef3327cde76a05084ca4d0f6cc0a22b211dc29ed4083db42,2,1791384014.819804,1791384048.6070201,33.78721618652344,146,241970,confirmed,
522,0x00EC17Fa87D7e113F5951BA43417e8713C57fb21,node12,80f9799c8e495b7bc51358f0b1b54a974e253d2302080834e669ff7692a64d6c,2,1791384014.8234546,1791384051.0019853,36.1785306930542,147,241970,confirmed,
523,0x17e0EFFA0D78bC7457f6BA927aC6EFd117cf8C56,node13,48953ca24f324728cc2a681b71d0fd255c4f1c018ce7fde6d46c01978fb598de,2,1791384014.8269658,1791384021.2934682,6.46650242805481,133,241970,confirmed,
524,0x690c2fc93D15d8b1a2B2DE9d556DC640460b9676,node14,669042274512e5b717c944ae3a02007b747ef9a8f29b122e6cba958e07b1099e,2,1791384014.8289711,1791384021.307955,6.4789838790893555,134,241970,confirmed,
525,0x348556e342B117ED6a9840FbDc2599916aa24c9f,node00,387db699156b5d8674977e908e8e0ed4acba09255ab3fa769184d7f788ce56a5,2,1791384014.8336098,1791384027.3372536,12.50364375114441,135,241970,confirmed,
526,0x815656f33e6C83eC2715654D40c7661Fa8a1Fb33,node01,04c69d5a9022418f17b49ec6200083427b5483097b3dadc51e2dd2f2c3caf5b3,2,1791384014.834552,1791384027.340353,12.50580096244812,136,241970,confirmed,
527,0x477cc25e7a834d1774e7Dd3ED845Fb64cA31d469,node02,564924e593f4042b14a888996dc845fe492d9926a2d18fc357a11ff9333c44dc,2,1791384014.8365893,1791384027.521329,12.684739589691162,137,241970,confirmed,
528,0xf5C50a547BE35f854bD076811E5ba02FA2f05416,node03,affbff2af8439a12144b83e8ef219e7bc83508008a65dc2a114566e214eead96,2,1791384014.8386137,1791384033.031149,18.192535161972046,138,241970,confirmed,
529,0xa2F3a33c09FDA7dD14d5Fa7f73ce9F7FEC2f7353,node04,c23f51ccd96d70789f266a5b6ea7ab1af8d70a60b7f7e7924fda9e47d8584b18,2,1791384014.8414474,1791384032.845954,18.004506587982178,139,241970,confirmed,
530,0x37B7b28629cAA609038363539cB9C0437679fbC0,node05,df288a40497d030c34e5cdd8c6599d3d98d57648b581c1ecbc70f56656339f66,2,1791384014.8438652,1791384037.1839573,22.340092182159424,140,241970,confirmed,
531,0x2059477061Fc6eC9f5a13c81e998e36514cB8aAb,node06,8ba31a82cd618cce18d1b6eded3ae2978678076faeb547d2a6ec8e8d6bbee7b5,2,1791384014.846839,1791384037.2419128,22.395073890686035,141,241970,confirmed,
532,0xCdEA97C53D11b1A1E74Cd51E9dCa5fAE18873c0d,node07,86f6b40f8226f62051f5b1d12958ec4b214a50a0c9319ee2d6bdf19e3ee764da,2,1791384014.8492491,1791384040.251825,25.402575969696045,142,241970,confirmed,
533,0x50D867ce9d728D9C99AF29C0D51DF5A4d083D41e,node08,c0006735ea0637ab25b3b39318c5a258cbecd486696c949c63adcd0df8874ee6,2,1791384014.8509126,1791384043.0725832,28.221670627593994,143,241970,confirmed,
534,0xD9c61D038c59f680ffD31623fb40336982c8a227,node09,cda51e4b19616102411d91d83a1d57131996bc18f410e881cce00349489b274c,2,1791384014.8553507,1791384043.3036351,28.4482843875885,144,241970,confirmed,
535,0x7E84DeF79AddBbED5Dd53f31A17B09F0B3abDc79,node10,90a4a03f7178c5b89f57620b3e3b83b1ed76f61dc477087c27ae5fd4b1372eab,2,1791384014.8560693,1791384045.216486,30.360416650772095,145,241970,confirmed,
536,0x92DB4EC297C193E877de0721C9e7bFFff42A4270,node11,dab4ad4794b39b67384850e70ccd195f4a7b1feaa40aade8f7d279612084496d,2,1791384014.8591068,1791384048.6681502,33.809043407440186,146,241970,confirmed,
537,0x30E2B371818F4dFb0F62Ffe5A8Fe476bD595dBa7,node12,f74a690f8b16056d95bf3c6d5c31ff04bf1af2544ae884e7db3c0314c139e420,2,1791384014.8611498,1791384051.0253594,36.164209604263306,147,241970,confirmed,
538,0x2b2dF1B19b3629680f92d597dE59D885DDfDAc4D,node13,bbca5bb60f321e5bd89e21d3a72a92154c90000fd4c1acaa7964c5727aea965a,2,1791384014.8629408,1791384021.3434045,6.480463743209839,133,241970,confirmed,
539,0x855A8BF766D598990709Ee7BfA3d27279a05F52A,node14,4be4b4d8dc750309792fdc0beca06b4857e5688d97eeddf49b9aeed0b4712fe1,2,1791384014.8654804,1791384021.3463337,6.480853319168091,134,241970,confirmed,
540,0xA25c4978B277dc971A66C0E8091D4ce62E58D088,node00,6eb8e399ac69d41b05cc4776a3aef8fb42f3561818e81b5e43e5bd962a9ab989,2,1791384014.8669386,1791384027.5063665,12.639427900314331,135,241970,confirmed,
541,0x9d3D0787a717Fd79f7D48d9AeCA50d1D359c2939,node01,d2b51cb5d8009b702d570ade95dac3d73afccdd1f79c14089edf44a1de14177a,2,1791384014.868551,1791384027.5978255,12.72927451133728,136,241970,confirmed,
542,0xcBa3EeaAf2b9dB8E73DEB4540B4521cc8b500557,node02,4e04d204179dd2589b316c9915c30aeac520db2660092a4ee608ba368ec8dd01,2,1791384014.8699176,1791384027.5850196,12.715101957321167,137,241970,confirmed,
543,0x767d183cD9EA312E9Ad613BB42370717d0194709,node03,a95ba00043aba1f2c605b22f2ec40eef4a3c9df499540cc70076e0048fbd437d,2,1791384014.8737016,1791384032.8568385,17.983136892318726,138,241970,confirmed,
544,0xf4Fe2B80F912754e52C94577C0Df89638D68e3E4,node04,bbd50c471e4d138961ed100f956db8edac994dc73b53661f170eff98e2e35f53,2,1791384014.8796732,1791384032.9443023,18.064629077911377,139,241970,confirmed,
545,0xCae40aB8c7bd57dBFCf3C8cEaAAdc86Cc59d5E9b,node05,6693785e877cfb954c5fd46733289e92ae78d2abe970129c4587e7a5825b455d,2,1791384014.8819044,1791384037.1415439,22.259639501571655,140,241970,confirmed,
546,0x322Fba93A9A58c87dc3f659a470FA31d6d1C613B,node06,73aa1f085cea45a214d693432b5e8221ce2e0f09324dd7bae8c082e2d93dd762,2,1791384014.8836384,1791384037.165866,22.282227516174316,141,241970,confirmed,
547,0x2e4592bD4814c2a69dF1029DC5e3e7f46313A3DF,node07,ab661199ced89e63538d1a7a91222cdba15ed90c0f1001f694ec17f82bb55775,2,1791384014.8844461,1791384040.3373997,25.452953577041626,142,241970,confirmed,
548,0x738bE5B2c1d6FcDf9A53D27144636Aa5366a1202,node08,a30eb71ce7aa6fb491e9ffa70c580e98c9fb94f2deed0ab3bc3f52ff5ac389e0,2,1791384014.8854544,1791384043.1117616,28.226307153701782,143,241970,confirmed,
549,0xA84245deb8987708ed2eED26A880e6C67dbE2bCB,node09,8621b9bdc1ac10cd9fe5300cb66477d346d8fd61d5ed766b8793e5655a06ee50,2,1791384014.8868287,1791384043.0326803,28.145851612091064,144,241970,confirmed,
550,0xE1d8573809965CAc40B04C9217427379b85D4d25,node10,ecee2b9660409555c0824e547f9b747e9f04c98c342815e6009fe39fca6425d8,2,1791384014.8888566,1791384045.5499349,30.661078214645386,145,241970,confirmed,
551,0x7631a1367c88685dB93dF316F5a66F92609441dE,node11,9d615dbabcb2fe5d1ebf5f9cb48ec78236b8cdd7f9334548c7c810dc5aa0b2d7,2,1791384014.8905728,1791384048.6732757,33.782702922821045,146,241970,confirmed,
552,0x45d439d39f7715DDC1237b3d3E7439F77faFD188,node12,08512915546fb952554f6146c5f708f432d62ba726c82a9ca9a5de95884aacbd,2,1791384014.895496,1791384051.244632,36.34913611412048,147,241970,confirmed,
553,0xC382ae476FaE778D9BEFC492c88c11ce037d8421,node13,6b46afbc108e50e9f7d4cf0df5716f6fddb421ab6f6d1497a020772ae44221de,2,1791384014.8971024,1791384021.4164906,6.519388198852539,133,241970,confirmed,
554,0xD7fce2da8b00A5b80FDEBc39d1a0df0785683e83,node14,4111d1634cfe61f9c9810bc75980f842ce315236e9bcbe72ea28467019851229,2,1791384014.8989718,1791384021.4161518,6.5171799659729,134,241970,confirmed,
555,0x9eaA27624A06c38970F2687eCF777C28f129098f,node00,929d74d2d200bc2758b718337d48b78bca8cd19bea907ce0bea95b4b8ed6aa75,2,1791384014.9009664,1791384027.6444268,12.743460416793823,135,241970,confirmed,
556,0x7850233C102E356ba5D535c6040325349A2C00d1,node01,eb238f10d5b192580e166c7ac84e68d6fc385c77ff22178895622c0ffcc33f09,2,1791384014.9058373,1791384027.4116564,12.505819082260132,136,241970,confirmed,
557,0x1182974df3Ea90E3aeEC16A221090851545e692D,node02,57e0a45a2aeb52901673fb429b115c03a09a78dbbfb303da5586867b58b173a7,2,1791384014.907149,1791384027.4778519,12.57070279121399,137,241970,confirmed,
558,0x6c26eE381716BF0Bd3Cb6150d0b9cbdBC02f399B,node03,c30166a10f66851bbef1c9198604ddf9ad05efbcf2b5a5315ccc7bf083cecf8a,2,1791384014.9126513,1791384032.9192677,18.006616353988647,138,241970,confirmed,
559,0xD9d84309d5C5E1ef213f391ff61B0e193Cf436e3,node04,480020b2fe48db4034f45c8e421fb4d6b9d8b0457c443282b207225c60a961b0,2,1791384014.9192717,1791384033.05505,18.135778188705444,139,241970,confirmed,
560,0x303E31265f9b84caEc7bc487A428C012bbE4ad42,node05,cf604a22345da810c2912e0efd685844579bb4407b01789bc6c45fbe124b42ef,2,1791384014.9247305,1791384037.1706793,22.245948791503906,140,241970,confirmed,
561,0x18543076a2122356a2861D363ECF3811A9dD4D7f,node06,31dcd34cedc213303520e1756364b5bb6d46b6c35d4f87418fae87de7ace551d,2,1791384014.9260442,1791384037.2219565,22.295912265777588,141,241970,confirmed,
562,0x98A043ab4770f264eAf270A2A5149c50A0Bd4CCE,node07,b1a95426ce8a91bb83a10c2217441c8dc8d111538da66a153c81a1b70fe02be2,2,1791384014.928349,1791384040.3230493,25.394700288772583,142,241970,confirmed,
563,0x28f9cAB81861Ac44B23b55f4785c4bE40c44669F,node08,b300c1323b84a5083ee16f7e91bd17f9187833cb9f2326ac468486ae94918484,2,1791384014.9316351,1791384043.2616808,28.330045700073242,143,241970,confirmed,
564,0x398ef97d0B57a86400E565c24fd4FE5A8bec407f,node09,a2a8badf41c2abb1f231d308a311b8ba4ae5bdcc6a7c6188e33c87738bbc1c31,2,1791384014.9339457,1791384043.3506148,28.416669130325317,144,241970,confirmed,
565,0xdA4A7Bb4856299e7D0e2263be22ed04904227E08,node10,163e106b0534faaac7d46c08a2699139cf08566d1bc08b9b2c8ef45fff6ca464,2,1791384014.9383438,1791384045.247345,30.309001207351685,145,241970,confirmed,
566,0xb52021F1a08F9641bfad78e25363DfE9da120D73,node11,fb72d3e03940925fc137f35e7e0521498fffe9a86e09c0d257dd28fd8f8ad009,2,1791384014.9396405,1791384048.6227539,33.68311333656311,146,241970,confirmed,
567,0x5Da6d811fcAEA8e0932a3158417aA104dd615A81,node12,4bb710b4ecdfdbb6b5eff068383aa0d669fb030af90e41aef7206deacd2f2853,2,1791384014.9420128,1791384051.0353024,36.093289613723755,147,241970,confirmed,
568,0xB84ba505F8217cbd2621466B936eAdCFdc2860FC,node13,63b6eb6bef9fd1f5fe3818849d13c7d43615e60233ea4f495b7b79c1629c8580,2,1791384014.944218,1791384021.5501692,6.605951309204102,133,241970,confirmed,
569,0x538460dF193f87D00C8426DbdC5B54903C1Db06a,node14,4ea1f7184540935156408c5158ad649059aa7ff33abf29d591ce9160d0c6c9f6,2,1791384014.9470963,1791384021.5111244,6.564028024673462,134,241970,confirmed,
570,0xf18138399D5fF81f1723d8E79f8E2F2A691A25aA,node00,9c39bb58455bd181356757ce6a3dfeb469060e7650fc72448984f08da267d3ac,2,1791384014.949953,1791384027.635607,12.685653924942017,135,241970,confirmed,
571,0xBFa6BF5A2F3f8F73DEfEEE4935391821eb2EffbC,node01,bb333b0743282fcb65734b7d5da92569c4571c43f80b30ddefe0b03f9c8fdc17,2,1791384014.953512,1791384027.6175947,12.664082765579224,136,241970,confirmed,
572,0x54196323a99bf2E7c66d65Ab1ac21Ef1a4987E13,node02,6b9a64fab7d0fe730ad21e9124c275aa383b3df58e4e5d925a047fc9ebbaa16e,2,1791384014.959003,1791384027.5186422,12.55963921546936,137,241970,confirmed,
573,0xB3EE7cf67F384d91198B5aA2c199FDA6551cF9E8,node03,970ab06225625220998779cd0b78f814a32605971c77fa99d033befdf058a794,2,1791384014.9624057,1791384032.9241428,17.961737155914307,138,241970,confirmed,
574,0xE3096d5934E3aed6b4Dd5B87F17f19b2ff7b2F26,node04,85dc70777e5354e245c7ae9dec955fa363c0b604bd79f00ffc7258f0f34bce4a,2,1791384014.964717,1791384032.914973,17.95025610923767,139,241970,confirmed,
575,0x8365C98E91f3062F588e4a24D438e8Cd83869Dca,node05,46a482491dafaa6ef27362b50396f8479baf37428283438fda27002a67b65e79,2,1791384014.9716885,1791384037.1441262,22.17243766784668,140,241970,confirmed,
576,0xfbD20fB493351A8d82c9748De4a66CA5a9a4f6c7,node06,3eb1ea12e2644d1f109064073f7240e374aec5645130d009df11615fb91b4075,2,1791384014.9743857,1791384037.4216135,22.447227716445923,141,241970,confirmed,
577,0x731Fff06c0Bc7C14fC10d8429A2c8CB1f6D092Fb,node07,7e32702c4ab9c7f67f7538cf87ca350f1f725213f0171a37cc18621df37e27ef,2,1791384014.9788435,1791384040.316382,25.337538480758667,142,241970,confirmed,
578,0x1F643A7F8b3947AF6fa136CbF24607869f6bc6F0,node08,68a064aca6f3729ecfb95d445bcd0510fab834cd7eec7cd8980780fbe685f575,2,1791384014.9803982,1791384043.5251129,28.54471468925476,143,241970,confirmed,
579,0xBC55F63457c9C6dFE3655847Cd31EBC0b28f5464,node09,a9d118cab43e4750cfc3f00e51fbe42bf6ac830a5f43aae6fbaf2584a1a9d4f3,2,1791384014.9833422,1791384043.1866066,28.203264474868774,144,241970,confirmed,
580,0xD588092B7DF45b28A4a8FE5eE7618b3244E661d2,node10,337387e4148616a08f8e0274f8b0e33901c2e4c5223762175a3553ff3f456b4b,2,1791384014.986781,1791384045.2031193,30.216338396072388,145,241970,confirmed,
581,0x211AA9B202c9603b0C0507C77c6ab1326E51B62C,node11,b4e00a932a58863a1a454d1a1517a925f66764133480bf0394578ae12a4470d5,2,1791384014.9887516,1791384048.5403996,33.551647901535034,146,241970,confirmed,
582,0x2d728F44Bc4B27290Be10968157C90B5C5b54C45,node12,1fb18cef96534ed3acf7eccf336f3acf28a758ae0a0267b790b2dcc37e5fd77f,2,1791384014.996022,1791384050.9506092,35.95458722114563,147,241970,confirmed,
583,0xfCd93CB92f5a2784a57157A58bd51DB4882cA72E,node13,7b836a511c57034ccebe31fcf4f2b7e8424f85ccdce647617ea2fbf4d80378b3,2,1791384015.0015929,1791384052.469637,37.46804404258728,148,241970,confirmed,
584,0x49Fd3daE3Fa675b085f607046fB2AD09F0069428,node14,d754126062fa7fb2f546e9c7f83fb85f71ec7005a8977e8031b9d5f446efbf89,2,1791384015.0042226,1791384021.5858378,6.581615209579468,134,241970,confirmed,
585,0xF23e611b551128a60FDF8eFc226Af3682EcC7B3a,node00,e418176e95f83c3af2d710b23d628c00f24049ab6ca3828c8312b9fb0fa96c61,2,1791384015.0066957,1791384027.4671917,12.460495948791504,135,241970,confirmed,
586,0x4084235F212cF64b1Ff7dD30B51C9c834622088E,node01,53962f73f3a22f704341dd624a3657aa6f2ca888181367cb857f05f57b8b15a9,2,1791384015.009862,1791384027.556628,12.54676604270935,136,241970,confirmed,
587,0xa6a10AE310E976cF8ad0F31CcA7F1d03af1057eD,node02,9e45b20ea969f0ceee79aaa6468361bb30be7395bd39d3de62f988debf498ffb,2,1791384015.0158274,1791384027.4733632,12.457535743713379,137,241970,confirmed,
588,0xc7888BCF7bE1c17844aA9Df13a2E20c233D6afea,node03,efe1391591277b5a19cbc36edb8adfec3a43335b77c745659c3db8e44c94a05b,2,1791384015.0189857,1791384032.9874666,17.968480825424194,138,241970,confirmed,
589,0x468Fa097CaD6F152dDC61b4D3a815F8bcCbF5c38,node04,e522a0a2bec186575f1547c790850e028983dadabee3cc16cdf36a089a8080b7,2,1791384015.0236955,1791384033.1361296,18.112434148788452,139,241970,confirmed,
590,0x5545BF6D3F7872A93661685c41feF8CB93F10f31,node05,e1ccc2c8f0a03b1c9a0ed8ab9b8460402875cb3a7d5c8746dbbde045f0132a06,2,1791384015.0262575,1791384037.2117891,22.185531616210938,140,241970,confirmed,
591,0x1046E42cA97CF634B2C64b3c6E71Ad59085138e7,node06,0a58e81587a2ef361ed28c85da52a18be45ce152cf0c74f965f047e6f59cf66b,2,1791384015.0287056,1791384037.198726,22.17002034187317,141,241970,confirmed,
592,0xB0Be97be0bcE5cFf09e122c02B3b43b9F7105F9a,node07,cf63b1789e72ff914dfeb9506f69d0bfc28f391f9ae9d47050a15732c2dcd6e1,2,1791384015.0313854,1791384040.4279134,25.396528005599976,142,241970,confirmed,
593,0x9ADac90Da78642fEf446885ce699C958CE663774,node08,b933d3d4b2d19a7264c5b54f1a376e6a92a4e771d31eb69b1e04d59c48020d81,2,1791384015.0342758,1791384043.0712545,28.036978721618652,143,241970,confirmed,
594,0xA789588d4C712c361755e48A1Fd12329cdc48bFB,node09,41fed0764712d04b525b0ec0e18147df288bff083048ebb888186f6ca9df91a9,2,1791384015.0355544,1791384043.130211,28.094656705856323,144,241970,confirmed,
595,0xA4aD6ee8b62F19959789914E422b94dAD9044eC1,node10,4da5159dadff22eb757a89e74006c3a24b8d572d25b9079314cbf50b635e8e0f,2,1791384015.0375185,1791384045.2724926,30.234974145889282,145,241970,confirmed,
596,0xAF505419a82079288051DED751Eff8dB9612c587,node11,86e4ce07798706ea0611382f1d13b2bc6c5dab463bdc87d715418a955eca4bdc,2,1791384015.042762,1791384048.5969436,33.55418157577515,146,241970,confirmed,
597,0xDc5c3fF9e06FD4C0A16367bE27dad098e07F6bA6,node12,81c33ef55d6233220c9ec07d6e4d4ae6dd3f3c923eee061daadd698c7719f3ec,2,1791384015.0450127,1791384050.9894857,35.94447302818298,147,241970,confirmed,
598,0x6ccbC894049B5e7656eD4b25CAB38002E929B6c2,node13,1922d874017a5e8ec435055a40e55bfe252fb788cd8ec85f813fd9f214b1e0b8,2,1791384015.0467982,1791384052.4015355,37.354737281799316,148,241970,confirmed,
599,0x7dF4707824B132BC8B843a3e4Ea18Bc7C6BaE0FA,node14,0691cf94c7669f44fb11fdad3ac6fa1aca5c9d815fb752ca4b6c67602e3ff5dc,2,1791384015.0487542,1791384021.6370394,6.588285207748413,134,241970,confirmed,
600,0x606B1fE24d3c72e715153A4a531Af1dE18590276,node00,18e803d1978582518301e604e5507324f47dd07c61df273301c83eaa6e4febbd,2,1791384015.050722,1791384027.7022808,12.651558876037598,135,241970,confirmed,
601,0x72e9Ce7Ef0e59Ab890a8a92A22b78E54789842B1,node01,bff11afc142857b2ac7e7050e84de5f6aaa215d7595b089e40cae8202564a988,2,1791384015.0566769,1791384027.5669575,12.51028060913086,136,241970,confirmed,
602,0x1eBd0C0ae63CaD33E739798B072958C872ee3eE6,node02,bdf33544244972edd4ca21133eff8055b2b841e7ace2645fe8f1ea56aa59bba1,2,1791384015.0599153,1791384027.5814035,12.521488189697266,137,241970,confirmed,
603,0x602569F76a8ABFf49F3dc994f1a111bE633424b1,node03,343aa09ab0057b4e0bf63c3fb2f02eb5aca7a713e31869353090f47e6a5f40dd,2,1791384015.0611255,1791384032.934265,17.87313938140869,138,241970,confirmed,
604,0xFdD157C9a1E50dd27f116E7AB6fE8946Cd55c08A,node04,0c98dec5e6f8e1a7eb9817d66fe83a60f9afe0912d1ffba675bd897e189d702c,2,1791384015.0618947,1791384032.9795158,17.91762113571167,139,241970,confirmed,
605,0x65565690f0eF4D629C2c33AE0f605C4d95479564,node05,014701c729c20117addd0fd5a2adbbfc948f213532f036689ae7b663252c89e6,2,1791384015.069785,1791384037.3183522,22.2485671043396,140,241970,confirmed,
606,0x563c008e909ADbEe355e3Eb262ecBdb25443d87D,node06,7cc97cc041fc2da074154850cab641ef52ba4571bf326d80994a0c4a424ccec5,2,1791384015.0722582,1791384037.1675925,22.09533429145813,141,241970,confirmed,
607,0x2FF6d4241B62b74FC3d3C6967baCEa059BFE8AA1,node07,2e8c4811fbeb37924727f4b677b40944b912a4cb25318efe75c46c0bb6add0d5,2,1791384015.074169,1791384040.4316206,25.357451677322388,142,241970,confirmed,
608,0x7a4946a0718fcE3590b0DCf0fE230f06A5c3D0c8,node08,a44f7e98a52762d24354ef33aff5ce143014ffc096fadb628b032498fa8e1790,2,1791384015.0817802,1791384043.3191166,28.23733639717102,143,241970,confirmed,
609,0xEFbc98De594da99bCeb35178bd06681f377ca249,node09,1438fc908f57f94aa3df755c0facafcd875950e4fe573a47b678599bade3f301,2,1791384015.084411,1791384043.208838,28.12442708015442,144,241970,confirmed,
610,0x8dBcc381187860E7Bbdc2286A15C7B92AB65a7af,node10,c7c204101dd8bd3d02c19f357d268f810706361b629729013911b8c62b0ba15a,2,1791384015.086575,1791384045.2971764,30.210601329803467,145,241970,confirmed,
611,0xA0D1Aa36fA0dB361210CE47A3625d0b71DAB95a4,node11,6cc913e6d2094ba57ad1a3eed5e908366cc1a4e685d0222783657ad291e683ee,2,1791384015.0900304,1791384048.6179051,33.52787470817566,146,241970,confirmed,
612,0x290Efa8EE806D8582a6Ca29B5A7A02F368Ba0693,node12,69421e11baf860033b11b6d7b797ea58242b3dccffc5a312d43210836d5c4ff0,2,1791384015.091124,1791384050.9797943,35.888670206069946,147,241970,confirmed,
613,0x059fd704D4a66c1cd8c51a680418B12085fC30FC,node13,e562ddd9273f2ba7437b6ee965cb85a1cc4e45f8a037b9e3ffe1788b879f1c8d,2,1791384015.0948272,1791384052.3824754,37.28764820098877,148,241970,confirmed,
614,0xF7955efE1f1c1E7cE86C2FE28994b765d2b843E0,node14,a93e2e670344c71dc654df626b515502045f3d349dcb54cb0a7bcae54bbecc29,2,1791384015.0990493,1791384021.6795943,6.580544948577881,134,241970,confirmed,
615,0xA2c5B3b9A5d92e3fEEF5C17cA11bf1Fbf05F9197,node00,2edd962c6f500b49a8c0e62124f5c31db322c58a3104a9ecc90737b2c8fded68,2,1791384015.1020968,1791384027.629638,12.527541160583496,135,241970,confirmed,
616,0x84fe4340B5A897096b9f6EcEA05390B0025385e1,node01,1493fd414c4135805f316d8aac632474076bf64e687adced6eb9c7f01710d5fa,2,1791384015.1046312,1791384027.7055242,12.600893020629883,136,241970,confirmed,
617,0xB4f333d4F0A8B507Cf4451613AeaADE0B071A662,node02,18001eabd3ac1dbc08a2e86a3ed5e215c423b5c7f8a1f89dbdbc2fa3167a1568,2,1791384015.1123276,1791384027.7094893,12.597161769866943,137,241970,confirmed,
618,0x9438fb33f44bef9652ABa67f9f195De45D1f6E45,node03,8a4c25f8c1b53d692898e7b4915d75b62ce3a68fdf22421a52d721a67deb54d1,2,1791384015.1143477,1791384032.9697638,17.85541605949402,138,241970,confirmed,
619,0x81ce6644FF941d647D48713B538cda6402F7Ba1B,node04,87f11ba48673bfd47b34c30f843fd44b4ca6138e24d32150e614d288a884a673,2,1791384015.1168993,1791384033.001261,17.884361743927002,139,241970,confirmed,
620,0xa2c428bA636EBDD45F748B98f737C57daD615B02,node05,3086c995f4bfa7095dd29d9659146d251ebc0921ec421aa4eb7d81b640c8ae18,2,1791384015.119603,1791384037.423196,22.303593158721924,140,241970,confirmed,
621,0x8896A4255080D95518BAF4061B56894cC2517159,node06,130d7b63c8996de12f0bbec517c859ba47c4eba80e6559055adf03902447f81e,2,1791384015.1207755,1791384037.4404855,22.31971001625061,141,241970,confirmed,
622,0x79461Fa332b0badbb8307f2d65E7393421f62415,node07,dd2504cd6c736e5b31c7c2aa5a906d378f44cc8ecab5aaa12a0753f45ae15b7b,2,1791384015.1229293,1791384040.4163456,25.293416261672974,142,241970,confirmed,
623,0xc3A11DD567BCdf379ecEB1fe22342Fb44d4a43b9,node08,68ba4472423e987d5b4ed2f33cd7800bba7159351dbdfef493a9f5c46c10279b,2,1791384015.1268249,1791384040.4641485,25.337323665618896,143,241970,confirmed,
624,0x12F9dBAC517b2bF446872b3cd8aE4BD3b1377BD2,node09,0764bfb22441c5ef7157d3ab072beb2d672b30deb6c19b3f14fb386479214751,2,1791384015.1296976,1791384043.429394,28.299696445465088,144,241970,confirmed,
625,0x583cb8669D755F75caA50DDebFf35556e05Bd44f,node10,8c6d163587c29de401e82a34350383a2c0bd8dd9af603411ca0938eadcbefc69,2,1791384015.1318336,1791384045.3295827,30.197749137878418,145,241970,confirmed,
626,0x014C6779fE9aB73542125e4A602fe9F039139f58,node11,cc0377f2b469edcfb704a4f75807532441e496617072153a3d7f67192c11a05c,2,1791384015.1356041,1791384048.561506,33.425901889801025,146,241970,confirmed,
627,0xE4Ce98a4bf8092832b27772eDb5a0c2365D06b2e,node12,95a1b2cbcddc0f5847d0a5a63887c02489e59def41ed3e66380ad8676c833ade,2,1791384015.1405861,1791384051.072563,35.93197679519653,147,241970,confirmed,
628,0xD83e705236d118C8D102FE16be50D1f4353c9AaF,node13,977dfcaa77823ad9f72020d5f5d611025227aa04ffc6a6195c1066793bf072a8,2,1791384015.142333,1791384052.4461079,37.3037748336792,148,241970,confirmed,
629,0xF43D055A2EB5279E8e6e497544642CC77f365E69,node14,49236876c034d81eceed7da617ddbdd99804faa1f85942d4450bfc981e1c609f,2,1791384015.1457956,1791384021.719295,6.573499441146851,134,241970,confirmed,
630,0x3a0aD8568169EA143A838Bbae8274eD713e17bD4,node00,605ed6dcf0f3fa2651fe3225a38685a06313a58b27902ab36ecb0aba6273988f,2,1791384015.1478298,1791384027.626042,12.478212118148804,135,241970,confirmed,
631,0x615425640A7642e26B463aDb66142a51D252478F,node01,41914644829c3d99592a5b58ce90bf52dcb9c2f70d453723df0fd3d28b23acc7,2,1791384015.1523793,1791384027.6928003,12.54042100906372,136,241970,confirmed,
632,0x61Ff33F6171d1f747F80a59D29789f5ae85925fE,node02,b080019bf040652398ae33631e8d23f2bcd138fe280235dc859511c8b80ea3fa,2,1791384015.1556482,1791384027.6504471,12.4947988986969,137,241970,confirmed,
633,0xFA22D8Ae58374fF293c5A2C81Cb6bA702271c68B,node03,889bd115e22a26439aef165027befb37f7b770b5f883a4bdc3264a127928fab4,2,1791384015.1593716,1791384033.0751572,17.915785551071167,138,241970,confirmed,
634,0x87ed5ffc4061a5d679dcCdF13940FE92be41272f,node04,ee1ebc5049ac15c56d80a60f141be86f11a6f27912a3e5f56961eb1c5a3f6aaf,2,1791384015.161574,1791384033.024858,17.86328411102295,139,241970,confirmed,
635,0x891Df54a3F51e12276b05f52ea6d4f8f93FaBab6,node05,0c3da8b5dc2b025b8e906f0c7a46d112ef70171901e18c04dbef3d82f854c289,2,1791384015.1640348,1791384037.2628582,22.098823308944702,140,241970,confirmed,
636,0x93d8E9BcC8ecd72f15Ef9aee641e2F93DD133395,node06,6e0bb428457cdab8494e94806aa9f3269f1c69005751a487909c373f5ac71db0,2,1791384015.165421,1791384037.2288046,22.06338357925415,141,241970,confirmed,
637,0x191019D0a011159dc754acEBe75228FC0689d0C2,node07,a75a92db69c3cf80389ed1cebae6467dd3beeb7097bce88924748054561243e2,2,1791384015.1688309,1791384040.902872,25.734041213989258,142,241970,confirmed,
638,0xcf5D5d7480F52B8B43f05bf018b93f6AaCCF33Dd,node08,5ace0a9767be0ffae0ff217da166ac8a051c0c6f47d88d68ee1b76154e2cccb5,2,1791384015.17191,1791384043.2753189,28.103408813476562,143,241970,confirmed,
639,0xd92fa174F1354d03c5f8A824A5D89adDD3B432e9,node09,6b090e421ad9605bc25349aab11b35620826cedeff94782f4559bd3014b7c982,2,1791384015.1761656,1791384043.3709507,28.194785118103027,144,241970,confirmed,
640,0x0e0Ddc1a5c7730aa6eC1D32b1dfAd6dE65e29C6A,node10,d86080c6042188cb05de9e2c014874cb6a62182f6e4179cba382e14b68c79152,2,1791384015.1776912,1791384045.3087943,30.131103038787842,145,241970,confirmed,
641,0x3c374EDF65B4B66407c240c314556bD8BE08c394,node11,ac104799c48308c46043882f85122548b0317a9a5104f871f770876a79539eec,2,1791384015.1801634,1791384048.6508353,33.47067189216614,146,241970,confirmed,
642,0x486b37E31f80664B7a65BB547f985aC469705714,node12,cc6e2ce6970ef3ac6e7020d7828aa5f1cbba4482fb63d0130e88dbb1a1b92c6a,2,1791384015.182069,1791384050.9808817,35.79881262779236,147,241970,confirmed,
643,0x3185F52c7e088aA5c8EE9042FBb038Ecb1512b0c,node13,f546089021488290e603e94a9b86b831e7ec62dc47a693d2353425df71a9ce34,2,1791384015.1865337,1791384052.3950703,37.20853662490845,148,241970,confirmed,
644,0x9F70250908929207e3bbbb84F03CD21bBA6bB83a,node14,505f5fa112af2d8a5f285038d3cb188bde2d7b057ca41a948035f2a3aee1eb7b,2,1791384015.1886187,1791384021.76301,6.5743913650512695,134,241970,confirmed,
645,0x98ED8f39A21EA0a9c726f83F8C26644CcD7Bb07F,node00,ba36dd6e0e5ded100154151fda4acb0e675e6c9d7090b7a2133a824bdec5ca12,2,1791384015.1900237,1791384027.6614,12.471376419067383,135,241970,confirmed,
646,0xCF4e38b51b13a5eAfe4E17047c114c585633AE9B,node01,3fbdf93a70ceedf3515bd486d175f4905b8d99ff6b65e3807ce3f95f44fee1f4,2,1791384015.1954334,1791384027.7520013,12.556567907333374,136,241970,confirmed,
647,0xB1823b8a0589d29C58e209210e0AcEF32ceAddD2,node02,7d618313888f88ba812b89a4c927583c3f7ffa33f8a0d40467381988ccdde999,2,1791384015.2008255,1791384027.8204918,12.619666337966919,137,241970,confirmed,
648,0x9E6e186FbB3ab9dfa11A3e953a9501Dfa2833c40,node03,5d81e60c066d10c0835997c5ea8b5630829bd52f02b4ddf7148e5601df7dd8f2,2,1791384015.203397,1791384033.0772507,17.87385368347168,138,241970,confirmed,
649,0x18b2A8e6f77a7D7e0Be70ae7862A3433ae6B93ad,node04,78209b9cd3db0ed583970732a60fce665d5e45f7214fe26ab636f02f119eea7e,2,1791384015.208881,1791384033.126606,17.917725086212158,139,241970,confirmed,
650,0xF1f48103C15AF0DcDF211AbdEF1086eC4b0D864b,node05,fd241c5802c86a32becef594bb8b0ed7c19d3411706190b3248d638164438ba5,2,1791384015.2133236,1791384037.2574918,22.04416823387146,140,241970,confirmed,
651,0x12fCa1178A04404eC2700c5Afa45698B5eB68E43,node06,09b991221bfc209db78e15b56ff5b0db0871a3ef48926a9d66971a385339c72b,2,1791384015.2150676,1791384037.173035,21.957967281341553,141,241970,confirmed,
652,0x16d0954e2f40E5a33832bDebCBD7AbBbF7C0cA56,node07,591e30e6756c60d1d9540736f51c59bf3fb6718fb94a65b72252462b323bce92,2,1791384015.2171557,1791384040.652326,25.4351704120636,142,241970,confirmed,
653,0x2bb54442722cC5874777cA1279AeFC0D6E89dB8e,node08,7e54182a563ed955b8106d5a46d8935c7d2cc9daee40e51195223614544c6e5e,2,1791384015.22056,1791384043.297454,28.0768940448761,143,241970,confirmed,
654,0xBDC8Dd2F91E2009cb68378C1d2fE39409ABA8707,node09,89a4e342972d6d811baecbf3ef62e93e9161a99e2d11bbbad99dc1baf97ce9e6,2,1791384015.221635,1791384043.2423012,28.020666122436523,144,241970,confirmed,
655,0xc9f40760547952DE837875870093362fb480D91a,node10,029033dfdad179f3391f731459a24c1cd2044d0f812188858a9815b693cffe1f,2,1791384015.2296019,1791384045.3021398,30.072537899017334,145,241970,confirmed,
656,0x168aFF968dB27284C9B884DA4c3630c5eB345Aaa,node11,1f7723c64543d864deb1d8ce41482cef672b972925a13365bbef320cf7cdf9df,2,1791384015.2309005,1791384048.649276,33.41837549209595,146,241970,confirmed,
657,0x2DCe41313Ce2Be739859048b68D1Db9c5700d770,node12,0ab0ccbe17cde72b2689dd9598a2b40bd57612baa1a05482607fb7efd62833a8,2,1791384015.2328181,1791384051.1722028,35.9393846988678,147,241970,confirmed,
658,0x11b34021D1B424dB4c832f43a4e1bEFd19e97a15,node13,892d9373153706557f5ea51fb13cd4632bca0d1c8b68a208e7e0540fc34abac5,2,1791384015.2380748,1791384052.3864217,37.14834690093994,148,241970,confirmed,
659,0x84C3c1374f3222497234ee35aa48f80A31445d3c,node14,6a3cc53396166b2e3017dd05546c3e567d090ffb7ca13b68caf017f9e5faa45b,2,1791384015.241638,1791384021.7958627,6.554224729537964,134,241970,confirmed,
660,0xd476f39069638DD25Be52BC2245aDcaF5F915910,node00,303212379e921012aa9d410cebd6a12dac0578299dd6b9045fbf6aca787c81d5,2,1791384015.2440126,1791384027.6779895,12.433976888656616,135,241970,confirmed,
661,0x50974bFD3eA26519c9b9004bD2D03d94f09571C0,node01,ea264efc87a7b578f50d73872be000644662875cd94b90d5f3d48b81ed743c92,2,1791384015.2474778,1791384027.997541,12.750063180923462,136,241970,confirmed,
662,0x2D3576B445f78b4526F351D507ef2f48c89c9FfC,node02,703f50b26d89b9d2c5b75f750082756877802cc595d578a821b2c46e5b6ad9c3,2,1791384015.2488005,1791384027.7150538,12.466253280639648,137,241970,confirmed,
663,0x5cF1DF8de82E8a6D29929E896B5f7c642531a275,node03,4ef50f5b035000d96437ff1bc347ba0c064e8c47df655ddd101a8202aa5bca9f,2,1791384015.2513113,1791384033.2285488,17.977237462997437,138,241970,confirmed,
664,0xECDF54Cf173a5D85c7e39D3C1227F5e6Ab46Cd95,node04,848f565666208f1e17d60caf2118cd97c8ea133bc47177f8df72e7aec351163a,2,1791384015.254712,1791384033.0453122,17.790600061416626,139,241970,confirmed,
665,0x82c0224dCff5cf249ae3Dbb96EADC5d8c473CD8D,node05,b9ac1e604f1f4c227b3719eb1c9f7736dc0457d11736705f97825972f8861a9f,2,1791384015.257295,1791384037.4283395,22.17104458808899,140,241970,confirmed,
666,0xc773B1cDbF259e64542e76eC7Aa5dD7EE0AAa1d4,node06,1355e88824283f957a8b9eeabebbdf47b68503ce7b86d83f0eb732f3ef71641f,2,1791384015.2594314,1791384037.4094617,22.150030374526978,141,241970,confirmed,
667,0x2Ffe23c7E45fc5bCDFA702402BdBd38b611517d8,node07,540ab84521341fc803749193ce6fbf87258cd0dc8c5510a9d041330986ec2986,2,1791384015.2640774,1791384040.5511732,25.28709578514099,142,241970,confirmed,
668,0xd88AEF0C04b0474D058C6ab19c57b4356C5BDD7B,node08,a1cc249520513d2cac953030a9f654997a3c71984c70d44554a65a1891629c4f,2,1791384015.2681234,1791384043.2495642,27.981440782546997,143,241970,confirmed,
669,0xDcf8e4Dafcd64845101C4caa45B17757B86Cfc66,node09,bcbbf496dafeea1fd257af44f6e8945d88737f73122115e0f514694fa95e7284,2,1791384015.2773056,1791384043.290271,28.012965440750122,144,241970,confirmed,
670,0x251bbbb5E1E68e4505E7CaF5b3aB7009Eaf1aBC2,node10,7e3a5638af13e7b02646d41c9e9eceb96b6af6f74e96fcf221810e335f87ddca,2,1791384015.2801409,1791384045.2814445,30.001303672790527,145,241970,confirmed,
671,0xd0C84Fe3361ef869a151686065c92CD231947Fd4,node11,6caf5f7f2fcdbf828ac98e4b47c1e5e128978fd08501199e3c0f844f3ab0a4b1,2,1791384015.2813609,1791384048.5719376,33.290576696395874,146,241970,confirmed,
672,0x9c1776C3D4B73f1a71574b1B3463d00550e7cd6E,node12,679b7bda180359430b20bb1d88a001b5ff72b613955b52eb55e35afa7f8ef9bd,2,1791384015.2827568,1791384051.0184197,35.73566293716431,147,241970,confirmed,
673,0x99e4702CF575735D97475d7a80738190e124AEEf,node13,986cda4d529bdb29d46b317c369757eadc1679d4b91118ad5c7beb3b549f8234,2,1791384015.2917252,1791384052.5144107,37.22268557548523,148,241970,confirmed,
674,0x6eb67ce3B8B53ea65F68b6f3524336fAD5f0711D,node14,7da600b591f5b573edbbc2693eaa5274b3df0224e64773352f11e8284e1a5294,2,1791384015.2963612,1791384021.8338432,6.537482023239136,134,241970,confirmed,
675,0xA1Cc41B624C2bAAd7Fa090E8A3Ad4cC7B370dbDf,node00,715d31a4aab13a2cf583e78f954782053399fcd8c56d61787f5f2044f20dae44,2,1791384015.299247,1791384027.7645953,12.465348243713379,135,241970,confirmed,
676,0xa2BB3aEC01F4b95f288e1dE63d4486a3caD7B79A,node01,3b0c8f9d2b476e3c033389ed437e57a5a897550801ef791497a7943d6dfa3e09,2,1791384015.301645,1791384027.9351063,12.633461236953735,136,241970,confirmed,
677,0x951d7c360732030AC2F2B5c0b729020e7EE6305f,node02,4b66e6337c603ce2bcf0054e7e7d36fa5096b30a560b1cb2625ec4bf8f6a2bdb,2,1791384015.3041124,1791384027.8469179,12.542805433273315,137,241970,confirmed,
678,0xa53Ce927eB61c317B0bAfea8EB17Fea35d175e4B,node03,2fd89d2db95a2d4b45a48b772293973cb61235d58e74d647281139417a0e74aa,2,1791384015.307476,1791384033.1469681,17.839492082595825,138,241970,confirmed,
679,0x660CF1b69c82A3Ff32093534EeC6e3C690f86783,node04,36af6fc61dd5fbafc090387789e2dfd729333465b73524a48858b35d1eae8c3d,2,1791384015.3090582,1791384033.1069124,17.79785418510437,139,241970,confirmed,
680,0x1101fcFD63B3D218165bA9fc6f40D5417d8CEBed,node05,0c16d099d6952484de9e2f73869f72bc44e8e1a1dce83f24d8899755feb5fdd0,2,1791384015.312402,1791384037.4052448,22.09284281730652,140,241970,confirmed,
681,0x92720fe04A09f17fB8C75171cc0F6237444b6B33,node06,a086f0b1f6f94752627c15a6320c4ce671178bec7825849841f0c2f851ff840a,2,1791384015.3153512,1791384037.545576,22.23022484779358,141,241970,confirmed,
682,0x01289653355Bef74D75F6A97442Df6630cE11F22,node07,0988e4a42de9672a07d5d34875ce37073fa86f122d8cbcd0410ed56a349e592b,2,1791384015.318781,1791384040.650291,25.331510066986084,142,241970,confirmed,
683,0x2B10A67089CdF2109c83eEd9DE1C6e5ADbBf5B20,node08,43a926306b9596fdc057f4305fff6d8242ac356bdecfe2bfa599bb11cf112e11,2,1791384015.3199027,1791384040.555306,25.235403299331665,143,241970,confirmed,
684,0x31B9551C8f685d9998e132822c76C4A58f5ba40f,node09,c5ca1211f5d8b52ddd7d325771e69cb91a78b13738af303a39f25e439ad6c9d2,2,1791384015.3212907,1791384043.5878506,28.266559839248657,144,241970,confirmed,
685,0x0E7f399db18905c2E5EFd400033C13c21E3a4616,node10,1d9d1b75881f250a8dfab762d5a4e21fc1b2335939ba53d6dcc408a6e8482626,2,1791384015.3226957,1791384045.3223016,29.999605894088745,145,241970,confirmed,
686,0x9883EEe14338F38526025884C3CEd134C5098769,node11,fc02342cba89874c987fef30ebca9680165c123604703f3053f57d07f0ec9d3c,2,1791384015.3249285,1791384048.6775131,33.35258460044861,146,241970,confirmed,
687,0x01240f66b3882a426aB92d55812fB3Cb7953073E,node12,391dd5cda78cd24c143766ee1127696b426ebfa0951e341a2c8bb47e10a721e7,2,1791384015.3278835,1791384051.0049286,35.67704510688782,147,241970,confirmed,
688,0xe20917C94a644c4Cd2967cC108fA569C2C29Ae0C,node13,1bd4a1f4d77604cc1f62d51629993afc95e4af7fdee365b1b6d68dcf1b7941a5,2,1791384015.331299,1791384052.454159,37.122859954833984,148,241970,confirmed,
689,0x71096653A2A752Ce431f7b2c592FcaeaDECbA166,node14,c41c7f81bb58160d516cde5826284fff384d0b040cd7ce64f48e7331f6980900,2,1791384015.3336022,1791384021.864842,6.531239748001099,134,241970,confirmed,
690,0x66274703B7e37a33dc69c980040733508f8efEf9,node00,4ce6098acf05cf8858b9a5b5da841655949c4e6fe8349834f61963ef74533647,2,1791384015.3356605,1791384027.9073615,12.571701049804688,135,241970,confirmed,
691,0x4a57148505235503AE0313fcbA48cD59ba400507,node01,2970a3371db5a3a414be540c38cf5954c3dc5ae1aad16c159140474134d5279e,2,1791384015.3389325,1791384027.9568439,12.617911338806152,136,241970,confirmed,
692,0x308e2d92Fb70851C57311cC111752bC322f53661,node02,a5e0d2f7fb437918372903a7903a64d8279a958fedb3d274f8ea1a06adb78ea0,2,1791384015.3398225,1791384027.9251788,12.58535623550415,137,241970,confirmed,
693,0x45cC719905962188D04E6476386b3bcffdB0d857,node03,c7676af23f021039fc49ac17567d2e40bfab984eb3c5276dc76ba3811fda10a5,2,1791384015.341866,1791384033.229979,17.888113021850586,138,241970,confirmed,
694,0xa231E663446e8514b72C3ee390Bd88955A963Dcd,node04,e9f64d994408b237c2d4662d88df8d2e056dd6993e93c1a4a937364de8fbcf86,2,1791384015.3442688,1791384033.2430573,17.898788452148438,139,241970,confirmed,
695,0xc5202D654718E9AD7b2E08Dd976CC3C3D2Db5Dbe,node05,2912b554eb7b835f6b89e6344ee2f0e5b014b7e1fb044302ceaf3fa6d9c9176b,2,1791384015.3466635,1791384037.5509462,22.204282760620117,140,241970,confirmed,
696,0xEA4E92E468D81508355436CD7274cE4103eE5278,node06,867a4aad7372dd1c897f57a65657621b0f5249e860e694ed2b1d65f1956d207a,2,1791384015.350353,1791384037.6274757,22.277122735977173,141,241970,confirmed,
697,0x72206E9b37A32b91E816760277d94d87A74F155B,node07,aab8dfde59327590fd3159c79613881d233594866bdfd402bf39a0085e7f2475,2,1791384015.3526292,1791384040.6039865,25.251357316970825,142,241970,confirmed,
698,0x71DAAD105BF09A1BD576BcB082c86799bd58FaBb,node08,931991b3ced8700bbed15ac284ee361922f348321c49bac77798f2e962be96db,2,1791384015.3557541,1791384040.7400982,25.38434410095215,143,241970,confirmed,
699,0x44c150664F8331a14870dfD3dAfd755c161cE44C,node09,17a6e666434b7efb1475d9a151ff4f9db6ea9c3e63b28e1b425b9051e19fed52,2,1791384015.3594708,1791384043.50477,28.145299196243286,144,241970,confirmed,
700,0xb4cB9A3b30503D8c0855533Fb71715C1e2E5F4f4,node10,8baa745476de9f3f8f958d41f4f1258d68484f240145b4f08249ffabfd867f90,2,1791384015.3620343,1791384045.4282017,30.06616735458374,145,241970,confirmed,
701,0xf2b0D1C5B8BBD1eEF4f52e72c8aF19FBe61aa5Ba,node11,bcb587c4233c54252c7011f661874fc4e082ce9fecbea4ca2f3cd45989143926,2,1791384015.3664975,1791384048.6132092,33.24671173095703,146,241970,confirmed,
702,0x5Ae17dF384c94C0cBAE2c6Dd895E8624E6057Cfa,node12,e375c8b133b2ba3b4fce0cca2f77caba98e67a8f322e0992d5e3b90d8e0dc3d7,2,1791384015.3685596,1791384051.0612233,35.69266366958618,147,241970,confirmed,
703,0x3aF763f89A22798b6c368D597CD7cE788d85dBB8,node13,43bd9f5789751a50dad220dc067752aa4ae2f15b08ab3202b5515f3ece072c71,2,1791384015.3708506,1791384052.423196,37.052345514297485,148,241970,confirmed,
704,0xb9c27D21F664AE317eb08DBce384D8c9499A4387,node14,c0dc8fa8a302b310b77197e82efc688af29b6871b1ea65ed92bb745e7a125ab5,2,1791384015.3737566,1791384021.898068,6.524311304092407,134,241970,confirmed,
705,0x17266b071D3CD873D1010BC8863E94bc1C70BE7C,node00,2a4c5caf14430a05c522d3bb18040b23fab151672718ef1feeede8512951b625,2,1791384015.3782003,1791384027.939735,12.561534643173218,135,241970,confirmed,
706,0x69AFc595123841658afCfb6e5111DF3A6b3a1ad8,node01,428935b5200161e29ce751ad5963a55b0e657c16308c6bf36007e42737365696,2,1791384015.3841245,1791384027.8777044,12.493579864501953,136,241970,confirmed,
707,0xef26DBdaf52D0BAA892b0D2972Ae5cB253160A3f,node02,5861bf4e7e8bf91bdc26f648dea9243cb6adb1b6bf8cf628d825d353d09bcdc8,2,1791384015.3884583,1791384027.9089625,12.520504236221313,137,241970,confirmed,
708,0x95e2AaaaAdec581c58602B61DFf411937927F943,node03,531168a1c9430ffc419ab2c6b9494aa19a02524bc00059f7c12ddc3f14ff3d52,2,1791384015.389696,1791384033.2019231,17.812227249145508,138,241970,confirmed,
709,0xC1b5061021922dA3f9f1048441588Cbe63b11602,node04,81efaffade2cee0a4a6f8c6992a599874f18d3c50a24f64e8c3725675fe884a4,2,1791384015.3917108,1791384033.4233248,18.031614065170288,139,241970,confirmed,
710,0x09e8a7D2F8218931f361c6D0b717365B51413cae,node05,7c74a9477af6eacc0eb64164625ee81e8c70774e78d8903a1fbc8f82c43be65a,2,1791384015.3952107,1791384037.4533498,22.058139085769653,140,241970,confirmed,
711,0x5ee45A284A89c2274E7E01B5F0A5500F720c48C3,node06,f3fcd19b9a7d2d6e202864e59cff4af4a1d373e60eafe0c6e235c339f654340c,2,1791384015.3977156,1791384037.3417616,21.944046020507812,141,241970,confirmed,
712,0x58949b9cbc5c429e4ea25BCBada3B299d88E812a,node07,cca9e91556b235b88833404a5e09a408a194561d43bf44fef3eb52bf0cf2afd3,2,1791384015.3985395,1791384040.4907515,25.092211961746216,142,241970,confirmed,
713,0x92801AAEdD2bA73F50C7477cf9e48021b727Bcc2,node08,f83adaf1466f635e487cd323201aa6907b68b34aa3a69402d5c590d37e4f6fd7,2,1791384015.4008157,1791384040.5305986,25.129782915115356,143,241970,confirmed,
714,0x28080709A3Eb0B5502Cbd4026D631834F5B13A0C,node09,1dc835463ff45963df45e2357ff0b841bfd5a5ee71ae08b077c631a4b53b84a0,2,1791384015.4046092,1791384043.4958832,28.09127402305603,144,241970,confirmed,
715,0x241C02226C6fe84E50399D343B6242Da58C29017,node10,5f28fdd7342d95bd73b2e07a20caaba79e16c5cbe768dcaf2de8102922bf169b,2,1791384015.4074106,1791384045.3281915,29.920780897140503,145,241970,confirmed,
716,0x60d4Be32F19478135EEA8003B5F19524dB065Edf,node11,b9575a4b9c55fb12a3af7acb26fc86bc990f94423c489b020a6fa2a85533b80f,2,1791384015.411457,1791384048.7777677,33.366310596466064,146,241970,confirmed,
717,0x532bBFb85a78747CC0eE67B9880314f783F1B21B,node12,8da986b4e4d098ca3aa7e654f52e3a71a934d81b0632be72402ba359186809c9,2,1791384015.4138112,1791384051.0452943,35.63148307800293,147,241970,confirmed,
718,0x921d272751779D02C3e08242abA5064c7C954872,node13,50505042796feb6aab8957ac0b54b166b0ac7e95ebc1241d24a91ab720e5866d,2,1791384015.415856,1791384052.3921905,36.97633457183838,148,241970,confirmed,
719,0x15aB335A99F005d04701E24e7508B2846ef98d4b,node14,5833ef941c5e1d16d028739e388dff4442eb31fd3e6534c3e1bfb16dca5ed865,2,1791384015.4181,1791384021.931673,6.513572931289673,134,241970,confirmed,
720,0xc9295f062464213a5a494AA6b6966a3dCC012ab3,node00,95f8b669898f9aa3e0f925e3da2a5cd9348af2c9c40967614fabe7f5a73f9485,2,1791384015.4341645,1791384027.881276,12.447111368179321,135,241970,confirmed,
721,0x645DF99b433Efd5C06bb0569D9A073D4C55c065A,node01,a741e90ada8655c703cfe9cee12f2a4f89b6e6e8dd243a7de8a279112df18d9d,2,1791384015.4369326,1791384028.011004,12.574071407318115,136,241970,confirmed,
722,0xC35D99B3Ef30721a76f932d399cDE41F51098279,node02,468b880a6ad9f5fb299b9e3a98ad0bf72551838046861f990913b8c05a5b4028,2,1791384015.4400697,1791384027.9615562,12.521486520767212,137,241970,confirmed,
723,0x32440886ca466949690aD739d98CEaaC5E263402,node03,88c331a7457a9ba7c9b26ea8cbc2462fde4485fce1802cf0e5bc913cdf39749b,2,1791384015.4415839,1791384033.5282795,18.086695671081543,138,241970,confirmed,
724,0xABB9C176053613c54A5E2E3B0c22D7f80C47D84d,node04,699d9a55cae76bea25ee72454b854f0932d0b337fb89a4491f89f67b74a6218c,2,1791384015.4442139,1791384033.2733862,17.829172372817993,139,241970,confirmed,
725,0x5C216dE5a64F5d8a8Cf4c673e3c7d664ADDb5fdE,node05,7f51ef995dc1413f4b308a42a088a44c2dde2d36f404fdbe08e1571cf074c244,2,1791384015.4484186,1791384037.5316815,22.08326292037964,140,241970,confirmed,
726,0x653d184Fd3b4b70A7AddCAF927E512dE740bE22f,node06,b0f5d96ee7695418be418a1ae5154e668d217426250eea9514cf3f06c978a8b0,2,1791384015.4498913,1791384037.4123003,21.962409019470215,141,241970,confirmed,
727,0xB5607D27406501DCaa7cAf6874DDE99d8B3380df,node07,989cf0f0fff09fbea1862c1636cab168cb182e5c97144d5a80493ab94723cac5,2,1791384015.451926,1791384040.662669,25.210742950439453,142,241970,confirmed,
728,0xABFaD081fcB60776F5564E1100a12ec180519f24,node08,6434b3bf0efb794e97b7d948be72632a7f0d3dd738cc9997cabe5f02790233e4,2,1791384015.4565375,1791384040.5400207,25.08348321914673,143,241970,confirmed,
729,0x15c649EB1CD976C9C9794Dc47f1f90707F1754Ae,node09,f2d59101c71250bea234bf2c56e5c6aaed0afdbbb295655a96816dbea5b062f5,2,1791384015.4584877,1791384043.3661635,27.907675743103027,144,241970,confirmed,
730,0x0FE21115A1963f122D6c5e00dAC808B9D549d8d7,node10,f7800efd922569fda1dd76a2fddc2612fd822c0eff7e43c8db5f9667e1847a1e,2,1791384015.459292,1791384045.3358488,29.876556873321533,145,241970,confirmed,
731,0xdAe75Ca9855F8A30c7Df723f9a59aeE7cCD0953c,node11,9f72aa5c496691c910b19c511daeb0df7db2fa09bb3b7c352730ae412ce8eca8,2,1791384015.4610865,1791384048.7170634,33.2559769153595,146,241970,confirmed,
732,0xA65f15a903cae9e65CfbdE6dAD792D6652675496,node12,94003286cf288ce7a0b47cad43ab1e9d62fe89fa9622a01f76a24ed3038dde28,2,1791384015.4628818,1791384051.0203378,35.55745601654053,147,241970,confirmed,
733,0xF930D3c24B31f890866Fff86169Ba9C181a804dD,node13,8268d81414cbe2015c3643235984a708c9ad7f8e5c5611ff60103c21bec24ba0,2,1791384015.4644022,1791384052.4332545,36.968852281570435,148,241970,confirmed,
734,0x7B549aca2bf1c7Db040626fFcF93a63fFe03fE33,node14,d377ab045b2d4907d05ee71237d8f489fda0500ae4ec815d6484bc5b4bc62197,2,1791384015.4663584,1791384021.984752,6.518393516540527,134,241970,confirmed,
735,0xC9a615aFCf2d1B6BD903702E53Dd86e3bF7000ec,node00,8a114f6a93b38379cf5a81e0edde82da3496b2a4e88665b230bd47b414df724d,2,1791384015.4684098,1791384027.8932166,12.424806833267212,135,241970,confirmed,
736,0x74EE6269386Ed49AdeD67C28407E099c833B045f,node01,1f055046ae1d9d6f736d5dfb6644585c7fbdcf3db4521e4c4a3ae5e38e7d4f85,2,1791384015.4730942,1791384027.8587818,12.385687589645386,136,241970,confirmed,
737,0xfc592c1c72fe01109FFA20C2BAF8e8CAE03c2b77,node02,1137f4b7ef437be1283a46ac3ae0aa5468161d9497db46c3b0f639a8fe810f5b,2,1791384015.4759486,1791384027.8796976,12.403748989105225,137,241970,confirmed,
738,0xd4b45d6EaF15c15312ca2BBe744ae3828EE09CF0,node03,dfe6a214ff17ef25f3074dc556d4efdbeadbf2bc52434d6d703c23ba208f8b5f,2,1791384015.4779735,1791384033.2707207,17.792747259140015,138,241970,confirmed,
739,0x821FE091E30Cb0c31643B61Df7b3B622EEf29464,node04,0a52dd4ce2af3b9c5d66b47855071fac8cc86157e37b58e81a33959124f2bca0,2,1791384015.4796138,1791384033.3782322,17.898618459701538,139,241970,confirmed,
740,0x06972c0Ba377CF619E51086D401cfF156ABF0F0e,node05,6ee3a8b755e77f07be79d7cc1214903a9d961bb12fdf0521796a64ae6f00e71a,2,1791384015.4815662,1791384037.4067028,21.92513656616211,140,241970,confirmed,
741,0xfaB4B421596642B1da25eFCd8E100d823BD9D218,node06,9a13726066fa06c9af51dd5a33213e741e6feb6c8e7fd71bbbf2fb3abdca12d9,2,1791384015.4838872,1791384037.4949322,22.01104497909546,141,241970,confirmed,
742,0x32D7f585A70C2cdee7307F3E2A28Fa81ebfea7fD,node07,47318bf4dfdfdcf397f72e264f7113022a873a14845fff2cdaa21c8f04fe085e,2,1791384015.4908564,1791384040.597963,25.107106685638428,142,241970,confirmed,
743,0xe88Ed68AD6810D34460fa55F99d48740b6Bb351d,node08,5a465cd0538b43f5e6e932f15047e61a5ed49feb1ef116ebf6140d31d877b9da,2,1791384015.4927328,1791384040.4830732,24.9903404712677,143,241970,confirmed,
744,0x4e96aC865f1502f2ef97CBa58Fb95FE7576B3493,node09,3fe508a76c175d619aa09b4eb274c70207fb250d1b00894ea7aca4bb3b2066a2,2,1791384015.4939723,1791384043.3644464,27.870474100112915,144,241970,confirmed,
745,0x2cBAbe2acE8697504258395Dddd21Aa8DBa36dfa,node10,958e0c50862fc9c2ce8d6da3d902e2dc8cf7535d7cfd59ad70e44b4e879a537e,2,1791384015.4983933,1791384045.3392882,29.84089493751526,145,241970,confirmed,
746,0x1bF1882f717124743ba50f03Ee6Ac027Dc3Aa8cF,node11,df9e9463cf38bab023ff89745fe2aa7ffc6309eb97a8d1a414e8fb89d2451f7e,2,1791384015.499963,1791384048.8123076,33.312344551086426,146,241970,confirmed,
747,0xCdd9d9e0F3D322651691b74316537F91B7aC8e90,node12,536adc84f1a05adcee726e09d7029ba5e30aee6317c5519eae89a4c7c85e54f0,2,1791384015.503545,1791384051.03902,35.53547501564026,147,241970,confirmed,
748,0x27238952383d25e148eA7a06E40D3E2AC88172E7,node13,a67f3b5b6abc9b0009ee50bf37590f304c4354a10cde057f3c52fef806cfffe8,2,1791384015.5045812,1791384052.4348805,36.930299282073975,148,241970,confirmed,
749,0x0B6712450388304A5Cd25f1CdD838d3CF6304968,node14,5a04fc07201fbcb156501f15622f465a67d80b95b247083c67aa5e63963e189f,2,1791384015.506678,1791384022.0092242,6.502546072006226,134,241970,confirmed,
750,0xcEFD9450B062F7e10706de3a8F934AC010Fb9a2A,node00,9d6a88c67f1d1e35e85682dadeae7caa31a42114ddbed9287891c0f659c4586f,2,1791384015.510066,1791384027.9666655,12.456599473953247,135,241970,confirmed,
751,0x15D9c9BBc16272fdc504B1b161421Ef1a0Fd225d,node01,b2785f3be93a65d06c506a76a9084d12fe91999618f51177b2c009a507c29ced,2,1791384015.5121744,1791384027.9370117,12.424837350845337,136,241970,confirmed,
752,0x54A341FC1d0a16d14b3BF69aB70F4eC271BA7D59,node02,caeea5b30b8038d5833afbbc864177957c77fc02bdb4491e872ee40c3cf60b43,2,1791384015.51415,1791384028.0429583,12.528808355331421,137,241970,confirmed,
753,0x9fA6b68dDeAA7fdDF040A02577bD37c82AAACA15,node03,fc2756a1739cf62d94f73c5cb2caecec7ee37a4c97a539debacc1350981e930b,2,1791384015.5151105,1791384033.3183875,17.803277015686035,138,241970,confirmed,
754,0x30B1d54F1cC835C322C2de739e661722b6b6390B,node04,b17d8754f7dcdd0b2c003c90860f9d3e17254e3d8d8d094cb2673af08f9a0867,2,1791384015.5186143,1791384033.598523,18.07990860939026,139,241970,confirmed,
755,0xE24854610A4dc976A41fe26a7B044cf7DFe4eA3f,node05,446f3f54a0ed934b7767bfe77d6ea34ce0f3bd0c0d5ecf66d5c5fe9cdd55c5ad,2,1791384015.5219333,1791384037.511352,21.989418745040894,140,241970,confirmed,
756,0x7d205219BDF57703479413e1889D9Af3B8394620,node06,d8183d9c8bd20af666cdeb959ae462e69b4db18e38e8e60700e59482fa70e2d0,2,1791384015.526328,1791384037.5581264,22.031798362731934,141,241970,confirmed,
757,0x39e53035e74d6926c373c658002034F655D7f444,node07,da0c2f369cfa429d3a87bb7dd88f30409ca05cb3d0ab70638407e8635831aad6,2,1791384015.5321896,1791384040.480826,24.948636293411255,142,241970,confirmed,
758,0x74FA813a12a7d5b16365017818bEbA002C45AEa5,node08,f5d08a06c51409b1c126a7884e3e20891274a5dd5fc5b88c2c9d5325f6afda86,2,1791384015.5345604,1791384040.5007908,24.966230392456055,143,241970,confirmed,
759,0xE4D1B3f346EaAA8514D72f8230E20FDEAF238D98,node09,6ae8076bccddfc62cd210b61c3aa1108e32298992998ce674894d3815ec830eb,2,1791384015.5359645,1791384043.400217,27.86425256729126,144,241970,confirmed,
760,0xcD53dC2859EE31E43951A75CB8cE9314c878BAC7,node10,78a57d8990ceab866c29fa18827e395744b3024a2ea50e3e353803b000e130b0,2,1791384015.536755,1791384045.6771808,30.14042568206787,145,241970,confirmed,
761,0x2Ff658E623545CD7789Fe352ca82E3a38bd9F742,node11,75cbc6265e8a9e843db25a5218597086c20d0f226c77b95889d19f9569523f26,2,1791384015.5417302,1791384048.7495337,33.20780348777771,146,241970,confirmed,
762,0x051006832E1d78151097D3779ae29b779F710a08,node12,ac77dff24e3fc4cdcad950f8a9493ee8b0fd3086b2894ceae5da5f77b693d55f,2,1791384015.5484319,1791384051.0331862,35.48475432395935,147,241970,confirmed,
763,0x07fe59351D866e9FF53ebdea06F4D4c4d2B296D0,node13,15101dbd7dcfa89820c893259dbad502897dbce36183737429d7d3f929e7d761,2,1791384015.5524204,1791384052.5016654,36.9492449760437,148,241970,confirmed,
764,0x3B949777502EFF8F80EF3d49522466dcFf87dd37,node14,e0001c0834df770bba98a224c240fb812d8559c1473d7e23aae3c1f8d8c1db66,2,1791384015.5567217,1791384022.0421133,6.485391616821289,134,241970,confirmed,
765,0x1d34EaC0ca8253ece4b803f42Cfbb8b934AdF791,node00,b8e15743b821fbe720046fd6529ae9cb2080730b974fcb366e559e2bfd488438,2,1791384015.5614576,1791384027.9708674,12.409409761428833,135,241970,confirmed,
766,0x00cEeF189e40346085533F6ACAb238Fb54104C7C,node01,f1c2abacdae06f21d7309737f52363798a6b938b6a6806ef90fd2605f9d68566,2,1791384015.5652955,1791384028.1660247,12.60072922706604,136,241970,confirmed,
767,0xb9c6cF41138347d3acCD1E69E24e16766865c5E4,node02,91e614c0a73a8e0b144dd667d8e32e3ef762e2410ac595c713e4b34f67092f9a,2,1791384015.5664456,1791384028.0175002,12.451054573059082,137,241970,confirmed,
768,0xE55242502D2d2E8F317df8BfF96238E273Dddab5,node03,c6e6a6754aca4eebafd7ee076d66690f6713043b6f59b985d12455809853b372,2,1791384015.5684626,1791384033.337194,17.768731355667114,138,241970,confirmed,
769,0xBeDD4c7D853951CF3b99d933F2D490149F9fD44F,node04,676c40d78dda86478ada32c6d60a5a04166a96d8417a6e0833d33f8aaf78341b,2,1791384015.5724757,1791384033.2380748,17.66559910774231,139,241970,confirmed,
770,0x6752ED6114E6e0B362363A18b0801C68D27102b3,node05,aa569b6c0e818e30379b773efc04d1d856eb781e406c4b666be6b5d429eb2bed,2,1791384015.5742016,1791384037.509755,21.935553312301636,140,241970,confirmed,
771,0x9881Fd8c165C124c2E910f58e59401D808200024,node06,6e438689de81094949b9b61b12864b2e3db122b9cf5b011daf46a13897cf72b6,2,1791384015.576598,1791384037.6407106,22.064112663269043,141,241970,confirmed,
772,0x0B039bC7449e9aB32587a69426186B7f5A419892,node07,9e34fdcf295e085069ae21682280e49e61a28c4eeb5daf670db4357ae5dc2dec,2,1791384015.5787253,1791384040.5886202,25.009894847869873,142,241970,confirmed,
773,0xdba8D747a60f40c0b1A6d24108f88E65952Cd219,node08,38124179ca505344d0b5a19dcc48b76322dc4ff75eb77cb0074608853771219a,2,1791384015.581756,1791384040.5570877,24.9753315448761,143,241970,confirmed,
774,0x76b9A7eB31c2B0ab97d559A98217268274b06a57,node09,6461a1de641ce5c02ea59833330986534e95a668be8f1dedc9d30b4754481059,2,1791384015.5844173,1791384043.3678095,27.783392190933228,144,241970,confirmed,
775,0x78d4EA272C9f48450c9967FDaD20d60F72C41686,node10,9f1a65f414c56b085aeee769e4e36d69c41ed7b34c7246eed6974ba7979b1954,2,1791384015.588484,1791384045.451687,29.863203048706055,145,241970,confirmed,
776,0x7d6aC8973E3bD0bc6BdAa6885FbBA82D17e95Cab,node11,1b5b2bbc22d514c5fc78d564f2cee8ae4eab35f3795a620393486e89c3f809d8,2,1791384015.5917463,1791384048.682381,33.09063458442688,146,241970,confirmed,
777,0xCd5a6F9616D58771EF99B22190C5fF37999513F2,node12,634a32396c9a2614a6112d8ffed3ec246fda6299b21d9ee862774f028ed96e0c,2,1791384015.5945585,1791384051.1019065,35.50734806060791,147,241970,confirmed,
778,0x0289f0A0e32cBB2f1F4BEd173479F001DCaca513,node13,005cf1fca59ab966a8effba74ebdaeedde0eb904d206ec878ba20960c6075eea,2,1791384015.5991874,1791384052.473559,36.87437152862549,148,241970,confirmed,
779,0x631bf31283BAA3dC89051A4bcBdF83765E94Bf5f,node14,2fc7a617e9668d45431ad39cdb2087035c970cb8ba59ccadf40631ba80686526,2,1791384015.602646,1791384022.0765336,6.4738874435424805,134,241970,confirmed,
780,0x225f14cE6c0872fb26E1ebf16a93f088ceCfE3bf,node00,1d6ed6813e6ab296dd53daf61e4b769371023ff4d7d1f186d8351e286e44287d,2,1791384015.6085355,1791384028.0891595,12.480623960494995,135,241970,confirmed,
781,0x8Cb557d7e1A45BfC76c383A48E4a0D7667136D02,node01,707d084ae33c73aad83112a7ae9e1e562f21a8cd7d012a93085263299b3ce750,2,1791384015.611818,1791384028.0226238,12.410805702209473,136,241970,confirmed,
782,0x67Dc40bAcc898f3E5Ea865d58F258dd38284C39f,node02,dea21695c611f545ecbd01b0b215faaf5943a9f4e186cd44d3e1c97a7a82cee9,2,1791384015.6144981,1791384028.0529208,12.438422679901123,137,241970,confirmed,
783,0x5A8a109A4c5EFA88DE6910407C3f2905ec92C18e,node03,dcca70e3eba60bce4d4af65fe077598500a03528ac05569c6a61b09f893ade49,2,1791384015.6183455,1791384033.3980756,17.779730081558228,138,241970,confirmed,
784,0xcfC251514820B0Fd94808eB797A9995dbe833d8F,node04,d7ec97db10f27c107fceaf9392e1a9befe7cda51c3812262661c8d5ed1a8e88b,2,1791384015.6210155,1791384033.4436738,17.82265830039978,139,241970,confirmed,
785,0x6d5AB63329f8a18A68c14dD6D2DDF7430470b1cF,node05,04023a59c98a3f7c98095e66067f2541950453f9e48fed9eff24e20f2189f11e,2,1791384015.622181,1791384037.7026968,22.08051586151123,140,241970,confirmed,
786,0x259c28E02d8b9CaCeC6D442114A287e605C57eBC,node06,4da1cf2139177842310e54467a2044b428f6a797428a046c409ccda82d6c2c84,2,1791384015.6251085,1791384037.543116,21.918007612228394,141,241970,confirmed,
787,0x6251b8ABFA064A1534A6fF114158ff77e2377093,node07,fd33f5d74534622927a2f05eea48ae0e1fa3b600ec864971e08dd527c7e12f94,2,1791384015.6277528,1791384040.5361247,24.908371925354004,142,241970,confirmed,
788,0xD6d1FF1dD84562E8DfAD8bec076CE64451551Aa8,node08,09f1ca23c408e543d9cb24d81edab843a8cf2b235b3e96e812f9d5883eed29c2,2,1791384015.6301985,1791384040.561123,24.93092441558838,143,241970,confirmed,
789,0x32136853A7B22779abF86BB35532b6017c6092Ab,node09,1750a2675b37974f57a7ec7484fd648b6e452124cb50df54044b80b229832e5e,2,1791384015.6329024,1791384043.601866,27.968963623046875,144,241970,confirmed,
790,0x11E6b5eEF95f9Def0765431438A1924254a9F9ec,node10,f62774d2a4adcebde68c9fca72851316c976ed63c9ad7bbb71b91fb6a4d61020,2,1791384015.6356359,1791384045.4031043,29.767468452453613,145,241970,confirmed,
791,0x02510853ee4F5542a176e5f0B6680d93Dc80f87d,node11,d4ea6d663856a8c72a16782b5470fc35368774e8ada3e5d4fc95fa6cf3baf975,2,1791384015.638652,1791384048.7004473,33.061795234680176,146,241970,confirmed,
792,0xbB2452226541a530C3Bf66dc372fC34536257870,node12,2e5c2c8458645110033633c0f1e76c1434c71e0d793e0eb3d20c959de0d0d7d9,2,1791384015.6400952,1791384051.0862837,35.44618844985962,147,241970,confirmed,
793,0xcdf38192163B2da99F0d6Bbf015d1721E8a2bA4B,node13,a2d4a255fbdcb63057e9ce85b15d41f819819bf5640af6ba680cbba759d9f735,2,1791384015.6413002,1791384052.4297888,36.7884886264801,148,241970,confirmed,
794,0x8f220d08C825890B13453c7C6e9ed5AbA699a249,node14,130885a0be6cb4ef05a020e841859070898dd340f2f3113afb71d01485edef8e,2,1791384015.643284,1791384022.1212485,6.477964401245117,134,241970,confirmed,
795,0xE0eFe5c208F6E7A1f90F73B7ed9fAD27FF0e32f6,node00,bdcdf5936c61288a4d7a17d8bb0508895b985b2fb93fd5c796a3cbf87e3766eb,2,1791384015.6454298,1791384028.3296006,12.684170722961426,135,241970,confirmed,
796,0x769Fb760EBE113187Fb7aE8f33Bef1b0F98C71d3,node01,d92ce8d1a06fc2db5c93d4f98c7b7a41c3ca28197b48277d77c210fb0daa3ba0,2,1791384015.6482875,1791384028.035556,12.387268543243408,136,241970,confirmed,
797,0xD7EB6ba824a87dee1eE11e44EBe38a466bae5A1B,node02,80e28756c847e5d5433949b6408aa20d946cba9883db8cc91ed306dc35508441,2,1791384015.6512446,1791384028.0055087,12.3542640209198,137,241970,confirmed,
798,0x8CDa11795C9e6bf9F6b946c9AF237effd6ec7220,node03,41ceea5d2091cf806133bb5f23ec21150995c1edd800c33e298e79066049721a,2,1791384015.6539223,1791384033.3759427,17.722020387649536,138,241970,confirmed,
799,0x0b42Ba7309a93Ab830fD7Dc1B52f7e59E7b2B018,node04,42c6983fb10fef483813296a78080abc15f6c933a1192ab293a99c18b035218c,2,1791384015.659376,1791384033.3924403,17.73306441307068,139,241970,confirmed,
800,0x1029373f7fACf102130500A5f20Cc13Cc0189E04,node05,5884a36e690fdfe83b751a5f2504e5e7f35da753ef5361c971c951b04f522abe,2,1791384015.6609132,1791384037.4797125,21.818799257278442,140,241970,confirmed,
801,0x86E0B5B3a1B26Ac07FDfC08C71fE43057F3c28D4,node06,6d8353f1899f6e7ae6bd1ef0ce0cd071d1eaa4857968fa96c113508764756cb7,2,1791384015.6636007,1791384037.4978473,21.83424663543701,141,241970,confirmed,
802,0xCba1e7DFD21AAB03EFa7034A1FD1180903a53258,node07,c271beb0e2d372ce18083cda5c1c29204215c8595883cd7c3e89b167d6569f4b,2,1791384015.6670008,1791384040.7099152,25.042914390563965,142,241970,confirmed,
803,0x400275be58b36bbA9E12B1c68192b24858479f56,node08,b477b96bcf3e7e4b5ead4cfb289e8c308814dfcd8fbd7bf33c23bd647e01d7f5,2,1791384015.6713295,1791384040.688225,25.016895532608032,143,241970,confirmed,
804,0xB5903eF01388D515B0db7c2e88cdB73bAdfd1868,node09,65ad4a4d970b229a0a745bd863d73786717ad7b8c455975fc85666b62c764e94,2,1791384015.6758778,1791384043.6166537,27.940775871276855,144,241970,confirmed,
805,0xFEac17ac1115e76dbF4ED6a0fd2d79396ed8115D,node10,e519fcd7ed237bf271a05742b508d0790444163be9b5081dbecec7a0d479aa4e,2,1791384015.677925,1791384045.507411,29.82948589324951,145,241970,confirmed,
806,0x8796fB56583CD28c82469968c67486c60B8878Ff,node11,1981c858072faa7fa45e1827630b90da15fb7a17cb4c1ff1f9ca14ad47924f01,2,1791384015.681083,1791384048.7465115,33.065428495407104,146,241970,confirmed,
807,0x70E3aF280ba780E92B58a0c3a69d6dED185d96a1,node12,2d5461726a39028417ea9db0461ad583fe5627c324f93d37529297cb19bf67c5,2,1791384015.6853042,1791384051.137432,35.4521279335022,147,241970,confirmed,
808,0xf900ca00DdE94dcc518638771f5A0Bd07F729133,node13,19571458344e21bcabfc462bafcd33b04bf5a927d715b6b57a7936f2d6a681bb,2,1791384015.6868145,1791384052.7281454,37.04133081436157,148,241970,confirmed,
809,0x5c3118e43dd1f1523D8EE42C2BA7E149A99fD73e,node14,69b0befdd0890bd023798ec4494656f4dc83d289fbce18a55f807f0417a87cd3,2,1791384015.68742,1791384022.1565683,6.469148397445679,134,241970,confirmed,
810,0xF118EfEb84CC1381e3e28b09918CB1AECcD00c58,node00,52c6249b8082c6f9cb9d6b36273cc7b28c22dc94a280359ded31ac61d7de00fd,2,1791384015.6952853,1791384028.0805953,12.385309934616089,135,241970,confirmed,
811,0xb3C1f44de32806e81d1bC0a331d4D341f1f2C33e,node01,70f8e3428753e814e6db7f452f3f1abc3ce8bf70128467051aa53679a471a7e1,2,1791384015.7002392,1791384028.153635,12.45339584350586,136,241970,confirmed,
812,0xCf83cb46054dfd343a67Cf513D26A803fe98c11D,node02,51674a77db23bd1e0e2388b43b5666b471e2b958a157b54b6f5656d8930da93d,2,1791384015.7026396,1791384028.348754,12.646114349365234,137,241970,confirmed,
813,0xCa7Fd32cfF63f452F8E8D4bFAdC372de0dC8acD0,node03,0dfbe6d62d6b2256eda4e2db2e43c6fab02a7e4d776ff2fa27b735bad6f656fd,2,1791384015.703774,1791384033.406857,17.703083038330078,138,241970,confirmed,
814,0x71e0d9831B56E78A200039b58381E0dc5C020162,node04,82fc283b05d980b2ff81d04463f0e61147aa9e4cd43fe3ffc565ce798254d306,2,1791384015.7056017,1791384033.3904316,17.68482995033264,139,241970,confirmed,
815,0x20Cbb88C52153DE6a32C7F7579F010D9b45e1563,node05,d9a112cc1bf2b057667c62829b97c78793475dbb5b167822546c9384fd2de02f,2,1791384015.7077136,1791384037.5364225,21.82870888710022,140,241970,confirmed,
816,0xbEb5619a52b6741a41e2020705d6127766999a97,node06,7e64d657f1c44a2262eb79b2efcc2263d26d44873ebf9ca187a65675655727cf,2,1791384015.7106152,1791384037.7308037,22.020188570022583,141,241970,confirmed,
817,0x190eA15D6473563E6c78c76C97E610329572a862,node07,941bdd1a4dfbd89dc938077a010eb5cfb285c40f86cdffb32fc3d822591536b5,2,1791384015.7138188,1791384040.6825619,24.968743085861206,142,241970,confirmed,
818,0xE5C29fc6463C00C50725e9ca57dBC3B817b9E6B5,node08,5a5521db51a31731758186a1c15f40094d06cfef53e0421364826f7e3533a7b6,2,1791384015.7162116,1791384040.6332006,24.91698908805847,143,241970,confirmed,
819,0x82bC5C6754E7DDa2b787b192d850971CEB905FEA,node09,85c2d7bd536147f982dc38482d81062ab0fc6f1079ca6c90b0846aa10f1659f5,2,1791384015.7204483,1791384043.5946858,27.874237537384033,144,241970,confirmed,
820,0xF559789C5A9A8B1EF8daC905B777F459B8828548,node10,6f5b5c7888fd54972799d49fa284551689217b9eeb1ec5b1f1a57c6c78963698,2,1791384015.7235858,1791384045.4591823,29.735596418380737,145,241970,confirmed,
821,0x3426999ca6D701274C2b0842a52D9021C6df79C5,node11,4d689dee5a63b1df2589787972150dd3224b4d9acb8eb0d45b442be5d4bdac40,2,1791384015.7260797,1791384048.7977786,33.071698904037476,146,241970,confirmed,
822,0x093F67a7EBFb1f880E451b00c28aE8dac86b02b7,node12,437a059225bf92c563fb6b5f40caee40eb98c3b5a2ab25ce247e41cafcc305da,2,1791384015.7284338,1791384051.0958233,35.3673894405365,147,241970,confirmed,
823,0x56448f7B460786fC918638f34Ac9189518D70c9b,node13,87356e79543bbec4eef6ea47d06414bc84adde7dde73fd55f19ef3f0c7e28ffa,2,1791384015.7311385,1791384052.5180714,36.786932945251465,148,241970,confirmed,
824,0x3cED949d3C46b5221C519736CA984EF63A156c20,node14,fe89f9350edd09a1f5a7fdb5438232480ea7588f9d3c18def7ca86b51433d151,2,1791384015.736266,1791384022.1831384,6.4468724727630615,134,241970,confirmed,
825,0xB518D24380Bd5e8095D386fBa425b0E913612657,node00,bd7914c47197ba7b531cd1f91fa7fddc5d1396a8292ec67e3dc48d0008054d54,2,1791384015.7403424,1791384028.1231291,12.382786750793457,135,241970,confirmed,
826,0x25a70bE1f8D32cA9992Da5Fd8c1dc3FE0ac03af6,node01,c40e23f051ee95a4791e0f004d22e61a594321bd614ed2f924a5869e736400aa,2,1791384015.7429845,1791384028.117396,12.374411582946777,136,241970,confirmed,
827,0x7fA8E387B3ef64741948afF85AE92f362c395D0E,node02,e15ebf1253eeec2193edb5862b54027d0237fd192c5a54b4e4238e824fefa0da,2,1791384015.7449646,1791384028.2031198,12.458155155181885,137,241970,confirmed,
828,0xede2Ad783C9b007Be963B076B1d60c26eD846160,node03,a2807a2ea973345ac4b5e07b3a557cdff56b40caf87cf00fdefbf23556dccac9,2,1791384015.7459688,1791384033.4517555,17.70578670501709,138,241970,confirmed,
829,0x507D292824E34Db0598DbDdAf3f8BF14Ac1BF071,node04,9b51e311f705afd4dd286b20bea14d08e90faa12299c9aa78899ab509e17cee9,2,1791384015.7482264,1791384033.5192895,17.771063089370728,139,241970,confirmed,
830,0x0cDAc92EA71c82F9Eef165026ebDDB07A4FB9E2C,node05,78e9f1a68092851a82638948fef1dd7c2e28c61531ccb8698bd970644277dbc4,2,1791384015.7514627,1791384037.617678,21.866215229034424,140,241970,confirmed,
831,0x636196a07371187B1F030E2067d44d875bCB49D7,node06,ff1d101be5b65a8ce5a6433551c1ccbed698a627b8a6a1c37f32298d450e3a57,2,1791384015.753434,1791384037.6847792,21.931345224380493,141,241970,confirmed,
832,0x2b3805268759716bE955730a8e3076Ca7dbc5Dc6,node07,32003508a9cbfd26b31c8ade8cae6d78522a7a79b0c7f54d7d6fa8552c7b4be6,2,1791384015.755772,1791384040.666046,24.910273790359497,142,241970,confirmed,
833,0x0eb9614B920A0A59f656481c818038EF6680a59e,node08,2115579e5c8518b34615ffe91b4f33b6af143e167d8cd2eeb50e63e065b69c7b,2,1791384015.7635002,1791384040.673237,24.90973687171936,143,241970,confirmed,
834,0x3A062808F5f71489930e8ec00EcFaCfA435d962c,node09,17e5306a5457facc4ebc5c2c806f5b34d3f16172b690444c79f5e80442091c99,2,1791384015.7663667,1791384043.58933,27.82296323776245,144,241970,confirmed,
835,0xf072C2Babed1aa641fb6Ce1f40D6084A6c67dbb7,node10,b66d0b55435d58e69e095d356981edf1b6032701250feff395502f44b8eeb40c,2,1791384015.7690957,1791384045.4146423,29.645546674728394,145,241970,confirmed,
836,0x297aEf82cF30C1E79AC962f2143909758fE310f6,node11,93ab1ceabc1cbcd12a890d4b7a727fce4060713c5b1df42aa99dd6bf5da9ea3d,2,1791384015.778395,1791384048.7321417,32.9537467956543,146,241970,confirmed,
837,0x8e4f67a46C1760643848Fa77e12114C16DE31BF7,node12,6e4ccb6e1896c38d374f582ce440c0e9ec299e2330027627aff287041828a4fa,2,1791384015.7806013,1791384051.0528798,35.27227854728699,147,241970,confirmed,
838,0x445628b8C89588ba14Da285E8dB033c3F9a443Eb,node13,f9107bf7acedbdecbcb001803e6156ebd4f5cf749359427f373d1322eddbaf1d,2,1791384015.785934,1791384052.4908984,36.70496439933777,148,241970,confirmed,
839,0xFE17487ceb262AD7836AF415Cc908dAbB52A71A3,node14,11ba621c0125be12422599fde2f3ca8b3b2b0b072b0d2d342a8434f4e63aa438,2,1791384015.7871263,1791384022.228822,6.441695690155029,134,241970,confirmed,
840,0xfCaeE97dfb7e1c9073Ff53a0f2Aa6A0865862557,node00,7ff278d4ea7119f51374a4d2d93d844de7100297de8927baf3f509150aa9dea3,2,1791384015.78861,1791384022.2210178,6.432407855987549,135,241970,confirmed,
841,0xb9A50e38176C13930A37F5550e817A23c0858Fbd,node01,50e840c1897310fbafc1990586c51921d0e052706f53638898b0311445ec060d,2,1791384015.7914245,1791384028.2850752,12.493650674819946,136,241970,confirmed,
842,0x7961640F41691A08FDB275CA1D60C14F54257d72,node02,441d402fb7c29ce520374f1cfb1a0e15f7392c901ca55f29c2436f5016d48d32,2,1791384015.7942595,1791384028.1690354,12.374775886535645,137,241970,confirmed,
843,0x70eD31C46B5fa3045D3E31D3A8778cF73147f11e,node03,a864274de7636a32320f145ec887a4ef32e2ba8425e7cda0a84e5877ec91678a,2,1791384015.798318,1791384033.4053617,17.607043743133545,138,241970,confirmed,
844,0xd8c549AaE6819263024A75218efb76E769a1fbfe,node04,2821599fda61bc59ea5b4a2576570c798b2d6cff4b5cda7d7d45ad78b72ef932,2,1791384015.8022072,1791384033.3884091,17.586201906204224,139,241970,confirmed,
845,0xae6f9503AFc35536901323E2F73A1795ADb9FF9d,node05,81c95fc6c85f2f944b45f5f02e42aa46c1f9aa6086293a3a092465bdb6f6e75e,2,1791384015.8080041,1791384037.5715737,21.763569593429565,140,241970,confirmed,
846,0x1e45B7CCddAC81C9fc4dc2ac6e93d79143481245,node06,fe7c8abe1e31b8e993e91da4b0c094b7f03c41eb96f647ae57479baab5718bf2,2,1791384015.8104959,1791384037.5889745,21.778478622436523,141,241970,confirmed,
847,0x940593bBDf28a8b408D7B6273C08068E50e4e4Fe,node07,0a7def566b2165f4876bdb1264538d95dc83d6010e3a5d04aa09819fb459d886,2,1791384015.8134577,1791384040.7549868,24.941529035568237,142,241970,confirmed,
848,0xAD29eB84EC44f9F9532BbD9718088fcf5Abb4248,node08,82075037cc4a39677ff3d9ba071d08e745e31e8c40d707afd7d478a953e2d252,2,1791384015.8158298,1791384040.839823,25.023993253707886,143,241970,confirmed,
849,0xcA9f4A3011b002Ce09A1CAde7b2551bC1AfC6970,node09,4d3a46a21c902d224da61dc5100fb125711c62f9704c01e2a6bd939841016b64,2,1791384015.8208394,1791384043.5679185,27.747079133987427,144,241970,confirmed,
850,0x26Ae37B994a09971D765570a3A0DDEb3e0d218f4,node10,a64729fb1d0ed82a70c73f92bd731bb64d8a2c8ea8aa0cc9f180e2be890f8447,2,1791384015.827139,1791384045.5106304,29.683491468429565,145,241970,confirmed,
851,0xee8FaD5DBe70b622654E1629aafC2C335dD88156,node11,30aff02e0793697cb3db33650da22934205f254b9c9d16e37f6ec7bfd744340b,2,1791384015.829803,1791384048.76466,32.93485689163208,146,241970,confirmed,
852,0xcd6E2270181883A74C8C136802625013f30E5257,node12,bae599f508b9bbd4cd66d10f0a17aab17286f15e7bc99eea9398cb669d8a3c78,2,1791384015.8333504,1791384051.1272757,35.293925285339355,147,241970,confirmed,
853,0xDC668C4A87136Bc3cCd7be33BD769aD7C6b3e734,node13,ce048bd17c85e53ecf77114596bd54e135025ca4e95b08f953e512ff13e48d30,2,1791384015.8398614,1791384052.436778,36.59691667556763,148,241970,confirmed,
854,0xF0E5F5e156EB190bffa17E4bF460b517FF12FA81,node14,4abe428c6d3665d803d04c5347ece676ccc63d50add614cba35d9784ac4b697d,2,1791384015.8414772,1791384022.2746956,6.433218479156494,134,241970,confirmed,
855,0x8F0bE7E808115eB72Ed09cd4524fc4BdE6b857e4,node00,a34ed3264eca980eb647308c0b56567967951f4c7ea2b1f6d6ab0b8d275071ff,2,1791384015.8485827,1791384022.2723718,6.423789024353027,135,241970,confirmed,
856,0x8C01A9932707BFE668eaD1E08804c8037cff3Ee8,node01,31b376278ac85407e82eec16759b6c278dae542a8de23e50a90ad7d8a996a079,2,1791384015.8510292,1791384028.3550816,12.50405240058899,136,241970,confirmed,
857,0x4c9f7d1a8300f31047B2B341C991A8621ECa1811,node02,0e0eaa2fe8f9c9d7beced7c23a7567bbcfc8cc5526d79239af82137c7af7809f,2,1791384015.853696,1791384028.3660576,12.512361526489258,137,241970,confirmed,
858,0xce1fa11C74cEfdCcaEDefA876d290BEA30f3CB34,node03,d014e67fa778e457b2ab780c3e7b98ad247928ec4894d095aa1411546f1bc806,2,1791384015.8557353,1791384033.4339097,17.578174352645874,138,241970,confirmed,
859,0x4438e6A41ba26Fd14BDf728AfB24C87B6EFa4078,node04,0ec3ebc315b5bc166cdb42a0704173d4c33a769fd6a5a62062f3ba304b43ccb3,2,1791384015.8625047,1791384033.566389,17.70388436317444,139,241970,confirmed,
860,0x7f97ba52E2Fd71E27f72484934C5432Bfc4aFC62,node05,0a30bb09cf955eb2904b0437f93c4eca2c46d7dc789d15840cef66121a9dcb5f,2,1791384015.8637824,1791384037.6858375,21.822055101394653,140,241970,confirmed,
861,0x713748CFE2ef774227AEe8D92d02a1Feb1e750Cb,node06,f7b149b0df3d4a22bce09912f77318d46780ae5af2d79bb46de54e906c1d315b,2,1791384015.867403,1791384037.8346376,21.96723461151123,141,241970,confirmed,
862,0x52f112115840862a14db6aa60051E96176433412,node07,75c8891f6adebf33aac4fba922c767f151c0591dde172c7bfab153da1ee40c21,2,1791384015.8700562,1791384040.6929371,24.82288098335266,142,241970,confirmed,
863,0x2c415A85c79D155190Df3559a5980435F92DE5bd,node08,97fdbe5ef12b44052ecc813ffa9b9ecbe658632012e3517e45a60a63473c5a09,2,1791384015.8734677,1791384040.7230644,24.849596738815308,143,241970,confirmed,
864,0x9278C53E4B7A080C3C9eE4840177DB7e4D16481a,node09,490632c5077a1a37662316c311cf1bfaaacdff03ab54ba79af245c02dd994c31,2,1791384015.8758461,1791384043.6179721,27.742125988006592,144,241970,confirmed,
865,0x9E9f6Aa031690d362b8Edf25ffC7Adfdef189A41,node10,c82d8af23dde294904a27581be826a4714837d920e434619f9f5b8bd53b76b66,2,1791384015.8837552,1791384045.6295104,29.745755195617676,145,241970,confirmed,
866,0x8409e0ED4d517eB419b96919Cf6583069470c28e,node11,b427eca569361c0bbd7ba53c2492976c0dc06612a7b5b2abac52cd7d01dbcfdc,2,1791384015.8884761,1791384048.8565202,32.96804404258728,146,241970,confirmed,
867,0x3313F3FbFc3FDad48b78Ed99Db43F51F6fA9797F,node12,870abbd005ea36ae6e01ee68b4d34aacc96162cbad688f0588938452340ea51d,2,1791384015.8950832,1791384051.087859,35.19277572631836,147,241970,confirmed,
868,0xa5EC25f2F35B692d0d0382885aeFC734DB89b7d6,node13,72bc5a784ef769f701ce8805cb976cf2710797ec3dbb51cdb5134105da3f3366,2,1791384015.8984232,1791384052.556823,36.65839982032776,148,241970,confirmed,
869,0x8454cecd02c6C4004E8bc0C7Db358cd836BbF099,node14,91c0e39e71b7f3caeb790f368221264102557ed61fe85812ab09124446447184,2,1791384015.8994207,1791384022.3152244,6.415803670883179,134,241970,confirmed,
870,0x3993e592F9e12999635282b6cE6384b7aDDDFEF8,node00,b321591dae5a269852e65645e81d5175dcee5ea78458d305e7e879bf56eb0244,2,1791384015.901723,1791384022.30086,6.399137020111084,135,241970,confirmed,
871,0x3A1Dc59ce4eB591a00bFC8fae450BCD5e3fAC610,node01,9b3ce7e7b2cd953271b121fc4f6987120d55f27d1ab06d2f8dc09c94eb32f724,2,1791384015.9047341,1791384028.2636979,12.35896372795105,136,241970,confirmed,
872,0x544715D900d5D72a881c4b308Ab9eB702539363C,node02,468b71fc4227bf8db23b6c68990ebed3385d6a61286bde286f4afbae49a7cf4f,2,1791384015.905523,1791384028.2607455,12.355222463607788,137,241970,confirmed,
873,0xE4C226221990bf3231Eb566C99D6aaAf908710D2,node03,2c22dc336b07196f3d78366062d4e06f7d91c6e4484bd789d7228f217f67bce3,2,1791384015.910806,1791384033.4873626,17.57655668258667,138,241970,confirmed,
874,0x58E16E296d54238826f5e823a49455006aA5e583,node04,7f3ec47d25dda98c0364b72c8b200437c43d435508c3e4542e6054e9dd609253,2,1791384015.913618,1791384033.5419652,17.628347158432007,139,241970,confirmed,
875,0xbc717065AF1Ee140804830dEA64c6D632BD7636A,node05,71411a14ad27de20f069bf6a31f92a2fea8d26f34b38f449dda9f595b9cfb4ca,2,1791384015.9155774,1791384037.746074,21.830496549606323,140,241970,confirmed,
876,0x5b33Aa5e52405460CF909832d44f13B591F7372D,node06,73d8bdf28ae90ff2d2d3768ede4543ad95df5dbacb7b144ce7b18422acca3890,2,1791384015.9199522,1791384037.6594868,21.739534616470337,141,241970,confirmed,
877,0x305dFa606B0De759b82938B4329748A3b39a994b,node07,5bec1afc698b5aecd4e5057af4d8981a026c3c7410b2b0ff3f7ae869568bda4b,2,1791384015.9276721,1791384040.7058306,24.77815842628479,142,241970,confirmed,
878,0xF1e71Ee390f785c0b2c43E0750cEbfA4F00A1C13,node08,637d7f3941da6f38cd6425340aa45d4e06935a27008162c81c4d16abb59173df,2,1791384015.9327483,1791384040.85017,24.917421579360962,143,241970,confirmed,
879,0xBF90C49E505C7e353D4e768a0d43cEf11332a9d3,node09,c57e276655ccc08ad13465225a4fbfbee55b7bdb48b43d386c05b7c97b829046,2,1791384015.9350338,1791384043.502353,27.56731915473938,144,241970,confirmed,
880,0xF16576A68D9d2c7695091aCb5298C6b32600C5e0,node10,ff6c2ff9d2f1e89efe425d816601f8c543f61ec44b9c6f5c7602f54cd80b8d0f,2,1791384015.938841,1791384045.4613166,29.522475481033325,145,241970,confirmed,
881,0x355d5E9fC2b705F0F729312165DAD2619C2757b2,node11,789b0dbbaae33637696d2a8df75a558cef35627d4824f4c5f5965af823ef7dda,2,1791384015.9406424,1791384048.7854397,32.84479737281799,146,241970,confirmed,
882,0x83F6730E033e3545f835fCf6faC5DC3b0755b8Fe,node12,6692ce25ced072c9c16e1033a7237ea7b81ff36d7ec929f1bd3f027ab6d658d1,2,1791384015.9456453,1791384051.0902784,35.144633054733276,147,241970,confirmed,
883,0xBcE72D38956919BE0A36A1C4ce14554c3824B394,node13,e3a159c7f9c0101daba90090eb209db6eede8e2e81fe1db7d8185c3f07739f86,2,1791384015.9485965,1791384052.6265543,36.67795777320862,148,241970,confirmed,
884,0xB4D1e753F9eE9082969dD3A0d0C075D9012c40a3,node14,636c31e4e05ee2c20dc4f7c91cbf758352a15ee8fd69f4fdd7c82092f8fbbdcc,2,1791384015.950509,1791384022.3694136,6.418904542922974,134,241970,confirmed,
885,0x595A1A329A39C6279c3c2C890344439aAFE3BdEd,node00,cea29f174a9ef69d501aab0d16dfb278695b3b04b5d7e984f3baf50031faf88d,2,1791384015.9531517,1791384022.365872,6.412720203399658,135,241970,confirmed,
886,0xd220bE8be96747453286394B2527771e25E9c04F,node01,a773d605bf8521cadabcba01b2bd4187b00e118ed955082123d8bf873afebab5,2,1791384015.9562533,1791384028.3126385,12.356385231018066,136,241970,confirmed,
887,0xCd140cbB53097f6A421494bc1fe155a652D8d941,node02,6d0a0209fc7def4abef7fd46002215aa52f13aa0323332bded8022bb1b27ce78,2,1791384015.958302,1791384028.2896984,12.331396341323853,137,241970,confirmed,
888,0x227B8c270FF2eDef3e5Ee55704489a55E2613Dea,node03,8c5e41116d60e71dd1b336a781aabc681b168fb07f421dff7e71f1d973d11e37,2,1791384015.9603739,1791384033.556964,17.596590042114258,138,241970,confirmed,
889,0xC958223413619915a740E598FFA6d6375cBc6C54,node04,97d2fbd48be9709f2b865a08e47a82c45d1a72a9fc0682718590519cec7642eb,2,1791384015.9693625,1791384033.587934,17.618571519851685,139,241970,confirmed,
890,0xD177f91ceBf0b73e9DFf59c0Dc068B443dB934bb,node05,36491364c15414fba93712ce7064038a52e87237e92c914645a897a2c09f3142,2,1791384015.976598,1791384037.7152996,21.738701581954956,140,241970,confirmed,
891,0x6Afa2b08c77e5Ab99a1675adC2ccC86528482D18,node06,48eb37d6753ff54269e2ea8b9ebbb5751443167d716a1a2dc2846d87e112976b,2,1791384015.9781086,1791384037.708842,21.730733394622803,141,241970,confirmed,
892,0x57a1F67922F74bcE070eFee02187ae0eF81553c9,node07,5f2aeb12c539770c080b671d3572bc68b704e530d5e4af047e1ff5af14b5fe89,2,1791384015.9804974,1791384040.7080793,24.72758197784424,142,241970,confirmed,
893,0xB8e62b1e600D04cC263d1f2Ed9a3f433edff1D14,node08,fc25fd14a19559e3e4968b2171edfa8fc59b249b8fcf92b675e4d505e57e9da7,2,1791384015.9860384,1791384040.8377776,24.851739168167114,143,241970,confirmed,
894,0xc499726aF3Ba69e6b4E522af71965E724d0157Be,node09,4ff4899e3ef2635f1d5c93f2c443787ed93ce2ca8d56b62dbc1fff943a139320,2,1791384015.9973073,1791384043.6584845,27.661177158355713,144,241970,confirmed,
895,0xA991435901968E20a886Ab2665607dcAAfFb6879,node10,257d8ceff366eb9309c2f4bc7109a016a6199b9d8818557f7b33caf4907ab58a,2,1791384015.9995017,1791384045.5328138,29.53331208229065,145,241970,confirmed,
896,0xE42c78359a8647A08Ed2e1438cEf4A48c0d9C8a1,node11,06fdbe5fbcdc4636ee81b3a027dc793f9ff38a20c099246f35305bd6b5a7ad97,2,1791384016.0045903,1791384048.7423422,32.737751960754395,146,241970,confirmed,
897,0xb96C313EE77dD36502d5382a12456CE20677B98F,node12,4260562ef2e8af54e3d83d7d75c43a6f1307aa6bb9c8b932574a120b119a61f5,2,1791384016.0055761,1791384051.228388,35.22281193733215,147,241970,confirmed,
898,0xD8cd3F4cC39C1Bd775c7210A21B5a392985b4EaD,node13,42dd07ae166477296ae42f61b2d6f44867a7adae8d00e7a7e116056c793b43f8,2,1791384016.0073628,1791384052.5389247,36.531561851501465,148,241970,confirmed,
899,0xe38ca819fEEB5fC64799c5C37763A8103148fB15,node14,fab4f62419d4da1f654642769507789a389c31c48ce1a1c63cbab0365c611b63,2,1791384016.010251,1791384022.4184222,6.4081711769104,134,241970,confirmed,
900,0xAA7c6129fd58E55a2Bfb2c8b35B37cbd648737a3,node00,3bbccb42ade41a1789d30925ea673fa73e441b269dd66cb70dc9486510515499,2,1791384016.0127752,1791384022.401081,6.388305902481079,135,241970,confirmed,
901,0x5d9dB6b8BBe9A94C8FE4D27C7A7fb102dB563854,node01,65169a52a897d710b11c300d5683b310f32a99322c22359d1e3aab7c81fe9ae3,2,1791384016.014807,1791384028.463921,12.449114084243774,136,241970,confirmed,
902,0xD1429cAb1FdCf292FbE496bCE7208C7Df2Ae317E,node02,bd07ddf8238b8a93d0c64a4d5df015332cf716951b754050dc950a85df766ba7,2,1791384016.0199678,1791384028.5831635,12.563195705413818,137,241970,confirmed,
903,0xA41bBd9db0a399ccB175c2e9e6a149b887025EaC,node03,105c3e63f6ad4ea5848705c87256e8bfceca72d478da11b59db8c2464d3eb661,2,1791384016.0254886,1791384033.4995837,17.474095106124878,138,241970,confirmed,
904,0xc7c6f3701E56C396cC62B89345F23738E82f9B29,node04,6f9f0c2c09ee4a40ec720b8085c3d09d68174bc98062995f371276dd61654699,2,1791384016.0274987,1791384033.4924383,17.4649395942688,139,241970,confirmed,
905,0x357e629196A9BE24A08E51E67Eb11ba81644d9bc,node05,9fe2b32239baa6b1185381b91942db0b7355eacffd3791dfa92003ee94b51278,2,1791384016.0331442,1791384037.7221587,21.689014434814453,140,241970,confirmed,
906,0x40749fe87A4300d2b39f7F0B4B592Fd9c4c5911B,node06,c3020b3212817612c249386fe891e54f13f6900f1da4cff222b4db1f7f8f4fac,2,1791384016.0360765,1791384037.7071216,21.671045064926147,141,241970,confirmed,
907,0x43C9509EEA7F3b29BEFdfFF55EBD34426526c195,node07,5363d4f48363ef84e26a52d626a4fc5c4cc6098bc5fe8f4a6bfa07d53b6a9874,2,1791384016.0424602,1791384040.8215477,24.77908754348755,142,241970,confirmed,
908,0x6aCF97113Fbb6718aF47e1fb8A6B144E620587e5,node08,fec0292c9e1124e2b5b98ebcc9526f07ec25a10dbc5c2c4a509b21ea177ecef2,2,1791384016.0474207,1791384040.8975687,24.85014796257019,143,241970,confirmed,
909,0x7A23952637BaB1666f552e7A9ae74c00476FfFB7,node09,818b16879b1651d3bcc3d29d558b7553391952d944092664d5e2015158d35832,2,1791384016.0524304,1791384043.5003579,27.447927474975586,144,241970,confirmed,
910,0x5f0F9740312B72FB58BA4C7b3390d064Fcec4Afd,node10,2de586613864c6fbeb4f6d056e244ee2b1378f3eaec2fea48c32862912a1fe0d,2,1791384016.0574992,1791384045.6726296,29.61513042449951,145,241970,confirmed,
911,0x326dbb54b2d83F9D89c89BC84A5A195FC24FB930,node11,1faedcbe500ea4091e9f56770957e2eeeb8b5f945c1647fd4c288bd33e9baf72,2,1791384016.0620346,1791384048.6941378,32.63210320472717,146,241970,confirmed,
912,0x0f78f495A5fE9A817fDa9C7C078a22F1567742c8,node12,b3be237a6c151057dc024baab452718a7fad0679902aed2f7e3db4eed9bfc8ff,2,1791384016.0637844,1791384051.2089033,35.145118951797485,147,241970,confirmed,
913,0x59D686CF1b2C49f1d55EB329D94CD8a625B06126,node13,5ab123b2829fd71d7d9053b9e49af8f8381347bed31ac7ac8aa532439f2f5e94,2,1791384016.0680757,1791384052.5674083,36.499332666397095,148,241970,confirmed,
914,0x76DA39451C1fCAf3b6F3b1B512235E21e54AD330,node14,5cae0c6b9710c4f7622e1a20cc53fac5a745caa86f4b9aa34cac7262f67acfa3,2,1791384016.0706525,1791384022.507435,6.436782598495483,134,241970,confirmed,
915,0x1bcb21eE35aE0059643b3525F6CF80B9b9A4EE06,node00,0de194ae65c5cf48e83ea23af569df757f30c9b583803513ac5d3dc4a127b165,2,1791384016.071731,1791384022.4908707,6.419139623641968,135,241970,confirmed,
916,0x9c61eE689A94B90Fb9018E9E0e5656E5287E47e3,node01,e8156fa24c0498517bcd33035672e3bd4612955cb6f7da179f93fee98823fba2,2,1791384016.073301,1791384028.3847394,12.31143832206726,136,241970,confirmed,
917,0x8bee629bEFa8529c13B806D157625bd29ce7E04B,node02,1bff60ccc38fd63b2667047c05db63cb497396216de7cb2fc6ac463b20a6f2a2,2,1791384016.0793474,1791384028.4466932,12.367345809936523,137,241970,confirmed,
918,0xE29CE630e5098c11696C807ad51BeF5dd506c7a9,node03,2bc79c9b9cf5a338aa5a251946e0992399ff68b6c09959cb96549ce8fb5e2432,2,1791384016.0832312,1791384033.4612708,17.378039598464966,138,241970,confirmed,
919,0xC8eA0831084dBb474D3548D9C6059857cAd2BdEe,node04,8b3dc71083403cda49a541ac7a17a3d40e4a4afc78fe05f5c7f25be936ab952d,2,1791384016.0885687,1791384033.6680527,17.57948398590088,139,241970,confirmed,
920,0xf87d4643FeA2123134d18265D1a656A20c249fD4,node05,4908e510046fb41211660cab55bd9c76b335653f74b26c1f0ea55bb39f586b95,2,1791384016.0895011,1791384037.7374384,21.647937297821045,140,241970,confirmed,
921,0xdE563D7e43c6b6F415041a48CD0b0c9d3a249b2e,node06,c45a3e4490c03f845b20a4ffe1a35f15432b9ec0910e5264252d669469f8bec7,2,1791384016.0939612,1791384037.8089159,21.714954614639282,141,241970,confirmed,
922,0x0E9d89567D9310D5bD22694d8Ab749e46A566726,node07,17be202784e92d5dfa0d9b97178967cc4f416a28acc25b3f446c1f528f874c05,2,1791384016.0954762,1791384040.780054,24.68457794189453,142,241970,confirmed,
923,0x8c39D4283dcFbb129128159aA68985eaEE3Cd363,node08,75e1f1f085f24d7b63efe1ebed82a9d3e06fc6fadc5e5a1910e8d9437e928a6c,2,1791384016.0997577,1791384040.757984,24.658226251602173,143,241970,confirmed,
924,0xc21d706b84e961211a5De80027920E5A1D024cdC,node09,36591a38b88ce7a7550edfaa89ab3122ad20375dbf3a1f68f4211328e65a66ce,2,1791384016.1032703,1791384043.7322633,27.628993034362793,144,241970,confirmed,
925,0xD2e10198D079F01278722aE1Ce053007fb9EF0C5,node10,cedf550bc815ee3639d58d2f2b125150ab45f44601208aa2e51e27263f465d49,2,1791384016.1042163,1791384045.606045,29.50182867050171,145,241970,confirmed,
926,0x868bC2b7E164F8166b00048187ebF9Dc732C1759,node11,bca7ca5c188addc35e89de3e0980ff50b47c4d403897920b58dad2be1a598e11,2,1791384016.1073909,1791384048.7482622,32.64087128639221,146,241970,confirmed,
927,0x0C0fFF34900d6F981833676dc297807611f804F4,node12,7b36eed9b0dcf64a312e635541e251e2de77b2df2e3a0d7e250c61c88a6e8d6a,2,1791384016.110231,1791384051.1579454,35.04771447181702,147,241970,confirmed,
928,0x8d409784512BA9ceE099ed915aC4bB59C3cd69D4,node13,d02c750772d796f269086b28f8f8dcf4428093c71a5f171c11666aa3199bcdfe,2,1791384016.1126416,1791384052.6816716,36.56903004646301,148,241970,confirmed,
929,0xA561ecDb3772c0178e9DB3a455dB864352ABf64B,node14,c0b9b85fa3a0b8af9b773d6f0b79de9304e808ae694b4f4e0d149f770097b98d,2,1791384016.1173248,1791384022.657297,6.5399720668792725,134,241970,confirmed,
930,0xAC1175A0CeB5407470abcC1a492a71C301eDCECF,node00,f3f2a2bf97f0566910fcf3ed57a3bf140f70cc1d8346685bb86770c69cb44a7c,2,1791384016.1205895,1791384022.5643823,6.443792819976807,135,241970,confirmed,
931,0x7aa67162a91EEa4E48016aA9ab92C4B9ab10E179,node01,7f08000a17c7ce8e426297433fd31ac7d23420ba9b847e411182ed31b78848d1,2,1791384016.1227734,1791384028.3693964,12.246623039245605,136,241970,confirmed,
932,0x7a29391c1c8Eb60C80898bae2D21d2690599B5db,node02,6aef106180cc8d836f55fa1f04a3148cf77a7a05bf105e8a14fb781a2e7db7f7,2,1791384016.1283128,1791384028.4568264,12.328513622283936,137,241970,confirmed,
933,0xcC72254113090004Bd07E8EE08013Bbe0C8eAFD0,node03,e9eb601f22ba88c467eaeb58f79ba226440928d519d0cd22b01e3db1408cba3c,2,1791384016.1300917,1791384033.5053344,17.375242710113525,138,241970,confirmed,
934,0x7221d449fF1ba0927c1c98670B0CC2844ed453ea,node04,7748f0e6cdb2f244b06cd04efaa5b024629e6a0455ebcab61dc40f4c1f6c9c7e,2,1791384016.1376271,1791384033.793778,17.656150817871094,139,241970,confirmed,
935,0x9aAd82442C67FCCAA9A61D7E61c6ce9b15bBd48c,node05,547ff5e1928476a6cec896c88d460c43a1e3d23aa869c0f37781e5bcba8cbd92,2,1791384016.1435735,1791384033.817007,17.673433542251587,140,241970,confirmed,
936,0x82755B59e3FD7554F907578Cd305ad089DE93478,node06,b2833364dbf24694e6b67c9c8218bb0128ba61eb1e3327e460c82a9eb29b4142,2,1791384016.1516418,1791384037.729326,21.57768416404724,141,241970,confirmed,
937,0x77326BF8E8C0a14f41f3d7aC56044c07265bC564,node07,655c3e068da9ff00332130d5de6d2da744b2759bf3c8b48ca012188adb9c312e,2,1791384016.15463,1791384040.8769858,24.722355842590332,142,241970,confirmed,
938,0x5069b23e3d29571c8c8EC08Bf3f857E05B00ca53,node08,441b2b658fba5d0cadcb4da2493e2552f560cb215aee0f249a3b09707229ed0b,2,1791384016.1554933,1791384040.9300692,24.77457594871521,143,241970,confirmed,
939,0xD56dB1329d64606D32B4eB47cb9f2d983a16E625,node09,0342387a77ffcf9bb36f4c8b6ea7e87f1779ea04f41aa646d52f7638bb5c2949,2,1791384016.1577094,1791384043.6266375,27.46892809867859,144,241970,confirmed,
940,0xdE45B52A1e54AE464bA9CD2645eB591C3228F45E,node10,ee5d9dfe32758d2f7389527644e948b1a383abb64640b66dce82d6fb9e6b4176,2,1791384016.1606374,1791384045.543915,29.383277654647827,145,241970,confirmed,
941,0x971d5CD1A1b557720C72f7fa39c6920A0a6Bae9c,node11,efe51dd6e4c4dab6b6d0d9f314ef1e35a4933a32334242f8788dc371278dd43a,2,1791384016.1630285,1791384048.7365584,32.573529958724976,146,241970,confirmed,
942,0x7270274E2EC4B5197A7401829A74360A2DE73BBb,node12,b3da35806372bebe4ed36bee87e45e1a7d472dfb8ef6fb70a9d2d3a7c55c1c17,2,1791384016.1708827,1791384051.203605,35.03272223472595,147,241970,confirmed,
943,0xf0B90783eacd856f46fcadD88bF6D6512B8E9d45,node13,a196665cfe69cacd02a296b72c6672fe8176fd3b90fecd67e26f35e8567afd66,2,1791384016.1729863,1791384052.5273721,36.35438585281372,148,241970,confirmed,
944,0x12Be5B0bC145439b0f24F559925a931D9ed9e35a,node14,c7bef42f5b4f125fa62aaee8466749b5433129ebd91045927fa280eef5b9d8b8,2,1791384016.1781166,1791384022.6246781,6.446561574935913,134,241970,confirmed,
945,0x94635fcd94A33Cabe69c182e67cb27575eC1169e,node00,a7461781224b22bb928d5e95a9d6ef472e937e7e362331d2809c55d748009891,2,1791384016.1799707,1791384022.653493,6.473522186279297,135,241970,confirmed,
946,0x20531FeE1Fcd38157B9D5E276BC2943Fd2DD5f23,node01,fb54d9575dc738007cab97187a2ce3fbfbaa917d52b2d793c6ea904ffe481b87,2,1791384016.1827145,1791384028.5119567,12.32924222946167,136,241970,confirmed,
947,0x858cbB761EBf8cA1d95D1C4D9183D718c8c4ECc2,node02,18555eec4e073da7d9401eecb94e2460482866c106a04ecec2402e3d66055859,2,1791384016.1863194,1791384028.4352279,12.248908519744873,137,241970,confirmed,
948,0x56f645c023e8C0E1038a19066CB07943334694d3,node03,60f59d0215a6436df002a6000b31a88d1fad8b3832cf0dfbffe45a556e776257,2,1791384016.1875982,1791384033.7667758,17.579177618026733,138,241970,confirmed,
949,0xc4421da02a00a9e72a725fDE7E5D0081D9048262,node04,a50717e7b62dc1d4c13a32490c7d3f9dd6201aa85f53b7f46cd9e0549bcabed7,2,1791384016.1912475,1791384033.6890917,17.497844219207764,139,241970,confirmed,
950,0xF4d9F4F8406086f6353Bd866B5f523b5Ccd29B3A,node05,cd3078b25c70a7e0acec3790d721c25897d6ec34fd7866fd718c249227a94bac,2,1791384016.1933377,1791384033.552203,17.35886526107788,140,241970,confirmed,
951,0xb51d36B3BDB3F9Df72D5AFCea1a936C86BD90a39,node06,caa5698bf04f2362c64d6d5e1d7df3034b5830cc3f8e32fed5162121dca9f2b6,2,1791384016.198587,1791384037.8106081,21.61202120780945,141,241970,confirmed,
952,0x10ea73078f0cC92133ca54a5e4dFfC2a92EB6B07,node07,ec59d692a3f9ae52eb58d1b8b466858b9f7dc30a9eeafa17716b9043d326512e,2,1791384016.200679,1791384040.8265927,24.625913619995117,142,241970,confirmed,
953,0x0546e6a49D9B26C30008e9d15280F929050CB85d,node08,db5f1f804e21b441e790472e3e27f1c802e057d4cf307119a534103b260e6315,2,1791384016.2046685,1791384040.8728702,24.668201684951782,143,241970,confirmed,
954,0x52F7c1D898006191B6DC1f3A8f523c51C21Cc920,node09,aed0c59c7897423100f3040eaa6eca071d8316ac2ed9a814778b7c2089a6f6aa,2,1791384016.2101195,1791384043.5910223,27.380902767181396,144,241970,confirmed,
955,0xf3285987A054C74E56491C581354d45C2fd1131f,node10,d9bf70d090d90bd3472f0d9d211c3062aab7696f3cf653d217e1b70cfbd2889b,2,1791384016.2132993,1791384045.6813037,29.46800446510315,145,241970,confirmed,
956,0x4f4Aa8602f5180D1D61ac56e0DEa7f497734c701,node11,3adf7f96c56494d7c239be4c282e7a490184731bf348ccbc24d81f8c26d64108,2,1791384016.2164214,1791384048.726295,32.50987362861633,146,241970,confirmed,
957,0xA24139a5aa0a94C75926E2ca8079083D34a1CE4f,node12,e88e26ef0495acdb462eb9bc26f9c65b06c87b346d2ef3fa2c745680f44ce83d,2,1791384016.218958,1791384051.070299,34.851341009140015,147,241970,confirmed,
958,0xbd9fEB4b1e06a8Db65EDA95D33858E5E562fC22b,node13,67f2b44edbf676dd1d315a3da237d96b75136f9b7cdefe463c71a398a221a763,2,1791384016.221036,1791384052.7604756,36.53943967819214,148,241970,confirmed,
959,0x70711517aC65D268c800A07688Bd04108c69Bc01,node14,b91d1ded4ded93fc68af4ef0ed43704c31693380353f28070b5176cd8a760743,2,1791384016.2234056,1791384022.7121646,6.4887590408325195,134,241970,confirmed,
960,0x35BF27C9311C95dB530EaF4DEe8fe3F14D0F7277,node00,2a9fe06438b2fa41f2428fc4d19ac5589a89ecdf68a6a06ae26dd3b9c4e3436d,2,1791384016.2255611,1791384022.7179697,6.492408514022827,135,241970,confirmed,
961,0x446C83b804E73fe25c8464cB02811F421232b093,node01,f7e4b2bb8514c0936ea1eeec847872e5398d23511cafc30383370a590d627964,2,1791384016.2320223,1791384028.6367896,12.404767274856567,136,241970,confirmed,
962,0x1017B915aDDEFE4A1c4B9d52E9C524ed7AC48709,node02,b6effe3904c83aba0b2d7394f377493379c93b523c79708c56ae08bc8538ba7e,2,1791384016.2331102,1791384028.5271184,12.294008255004883,137,241970,confirmed,
963,0x82DE53dB88f183c92dc736Ec7E41eEe43a2718c6,node03,f59e6d6cf10f84fbf7cafda32df194baf54a55071e4e3bc0a50c65e136f00f94,2,1791384016.2352386,1791384033.8130205,17.577781915664673,138,241970,confirmed,
964,0x4F2De490604B908a2412d0698B5088C188298c46,node04,ec5c925db611e60f28d598c4630eb03a7de193047f538f0e0c186be350bb46b2,2,1791384016.2369432,1791384033.860524,17.62358069419861,139,241970,confirmed,
965,0x0FED9f39d0CEFe60A8b67DD0BB1BdE6d0E790B79,node05,3a7dd4eea1fbdc597486c7fb1d926917c9b74c9dff6d911271d548a55c412c90,2,1791384016.238989,1791384033.686691,17.447701930999756,140,241970,confirmed,
966,0x4105cAbFB4DB1a2C20B71C19566Ce3D7268347c9,node06,873f60f7a761b392ed879cb5d589ee28dd5330e68a07d785ac073fd3666e1e93,2,1791384016.24266,1791384037.7771225,21.534462451934814,141,241970,confirmed,
967,0xA5eDeBa6bbE3db36644EdB60a421341b208f4569,node07,67ee40eec6b98909c65c40302af1ec3f08cb8c749b2ff0ef1b51f176af0134e4,2,1791384016.2448487,1791384040.8908067,24.645957946777344,142,241970,confirmed,
968,0xfC3e84De40227Ff66531923f0Be981dFa37eD7db,node08,49f9ef9b45ef9c652254f072b740a6874ba576a4115cfbb358b0bd58f27829f1,2,1791384016.24797,1791384040.8018763,24.553906202316284,143,241970,confirmed,
969,0xb5fF0e7F3C875Fa70FA32184CCbFB1D30f5A62d8,node09,38d50e868a39b71a948beee4e1ad59efb183fee987224fb2d0eb107373a57be4,2,1791384016.2517776,1791384043.5617466,27.309968948364258,144,241970,confirmed,
970,0x5fe27603B47f9F4b0dc0643192076922d9aEB22e,node10,ec4a35efcd2e0def6460caecb5ae6b1be0a554f7808d7f036bf01d56c3214c1b,2,1791384016.25401,1791384045.7817998,29.5277898311615,145,241970,confirmed,
971,0x8226c0009E928F5F9BE5bea56593e298479fd69c,node11,213714aba7803e2235256e1362828bb33b3a15d7430e7ee9e83e3bb85e6630ac,2,1791384016.2566695,1791384048.7390172,32.4823477268219,146,241970,confirmed,
972,0x294648a1EC6d4a2c2a1302275ad699a8B2358Da3,node12,00131b29b9589413741503c785dfc841079a4452adfae569ed2176a5a8fd3c4b,2,1791384016.2593875,1791384051.1428995,34.883512020111084,147,241970,confirmed,
973,0x2adC524Cc78bbf4B377Ac655F4419875AFEB3E64,node13,562d63a6f1bb15f7b748e56056bbcf63a2f7b1a13b095685a89778d7e1b1c114,2,1791384016.26158,1791384052.665205,36.40362501144409,148,241970,confirmed,
974,0xcBdb0D3fc1f4Df4911B186047F8BBEA13088f086,node14,cce7dc26d1e0c802907652bac5aff876bdec4252db2e89b4e84d99eb96cd7982,2,1791384016.2633882,1791384022.7689428,6.505554676055908,134,241970,confirmed,
975,0x01C0E00864432c01275BAA420D11f5f4b737a972,node00,70d2895fd247464be29cd555707b3c25f0b2624936377de6374f302c36d268ec,2,1791384016.2686095,1791384022.8172176,6.548608064651489,135,241970,confirmed,
976,0xaeB87dFdF0D1E91fc52DE46C968bad6D24Ff0839,node01,597b8d58f7d16b3262d06c6cea5de88e5184fd7767a5d58ded2c8b1565caef49,2,1791384016.2709277,1791384028.776577,12.505649328231812,136,241970,confirmed,
977,0x8391051E16bBCac9777a85c0732780cD18476A87,node02,bbbef55276fa44f9d12604ca43c7c2c76bf9826facbaf5293d19aba00f61a89c,2,1791384016.271995,1791384028.478061,12.206065893173218,137,241970,confirmed,
978,0x16f7a0ba10B1CA426704FDDac1bbD11833bc1F69,node03,580c56c1f18fc160e862806f65b68112bdab2cf1b0e4cd6d1af0291ef405f2f2,2,1791384016.27424,1791384033.8443396,17.570099592208862,138,241970,confirmed,
979,0x78605C8348Bd02807F89d51f31d9BAAadd1A66D0,node04,bd8aa4a811a39f03db0c9bbddff4ee4b0145ce0c9c1f5f24b220ff8b8de5e4e1,2,1791384016.2758663,1791384033.6797903,17.403923988342285,139,241970,confirmed,
980,0xC4B28779bbAeb0B1C053C317B76B2E8F79C9F7DA,node05,f157808904f155236010069b4952ba59108fb27a57bd4d5a8f17badfd45e08a7,2,1791384016.277876,1791384033.7288153,17.450939416885376,140,241970,confirmed,
981,0x0C97f4695D87A1Fa4D9e32d5F2b23F327f0A97E1,node06,7eea18f2c2458b63f6393a039e03d23194915a02db3b6ea7499bf3f2e5b0b281,2,1791384016.2796164,1791384037.9023418,21.62272548675537,141,241970,confirmed,
982,0x2943327FaaEAac4671219DABdAA709E49be89889,node07,963fab7e96dadf49bbe2296a4b4647052fc757c490d6343a1b811c6d5f1110f6,2,1791384016.2818074,1791384040.8480098,24.566202402114868,142,241970,confirmed,
983,0xE39D839ad2B356b4f1c6C5B0c29E7a00881b10dB,node08,64b3efc5b87f13760078d4e71dcba556bc36271730741263191a158cd5788151,2,1791384016.2839673,1791384040.7960682,24.5121009349823,143,241970,confirmed,
984,0x31fBEf359942C8b35D709f156C2fb270D9a1159A,node09,1aedb06021c41d2310ebe66e325e7694b099f7a6fbf24072af9c43aa95a5e6cf,2,1791384016.2857835,1791384043.771604,27.485820531845093,144,241970,confirmed,
985,0x372637263590fEE51403946EaFe856189eE572a6,node10,890e65c11aee4c02080b7d7e7eff2dd119fe7bf3949aa5db2a3977650de7e3c2,2,1791384016.2876174,1791384045.5709157,29.28329825401306,145,241970,confirmed,
986,0xeFfD3d5b62F59bd3664279f57F7839d77194486b,node11,b0bce49790774a317052dd14de423f557f8e6a55b59f71a791168229bb593dc5,2,1791384016.290025,1791384048.7515862,32.46156120300293,146,241970,confirmed,
987,0x742EA85dFa86126b752c8F1Cd969d39559c759e5,node12,aefe909fc570461679ef72f58910f10789592288cc977d0819741b6e200522e5,2,1791384016.2915533,1791384051.1166556,34.82510232925415,147,241970,confirmed,
988,0xFC4071Ab58803E6ec462c8C15f67A04911aaC80d,node13,6a06f98979778b005c43c9df16a6829305196c7839bf95889c17defa166c69b9,2,1791384016.2941787,1791384052.732844,36.43866539001465,148,241970,confirmed,
989,0x23c0128361122CE476aE85391DDd40DE91EF27f8,node14,01674fada5297dc9a2de275ec3bda8a79a03baf8a5403b177edbd3e506694971,2,1791384016.2964077,1791384022.9310086,6.634600877761841,134,241970,confirmed,
990,0xc2b3c3610b6eE7ba6C17D7577A7Fd794675bD99C,node00,fe2ba1953191f667adb55ac1f3bd11285d7455542bc2870cf52fa3a60768c4b1,2,1791384016.2986684,1791384022.988145,6.689476728439331,135,241970,confirmed,
991,0xE576c17ffe35Df052711Ec5a585753d7117B6C73,node01,a50c723af4656c79f25bdfb056caffa3455ccdf0aede149c11b002df5c8a7255,2,1791384016.2999494,1791384028.5059853,12.206035852432251,136,241970,confirmed,
992,0xD1fb664218c41353f71bc75E2a0b6f1e5fe1C887,node02,255c2a2c73bc5d99e841943584a1af9868a5042d82f2fc37a6cc582484a55529,2,1791384016.3030448,1791384028.7477977,12.444752931594849,137,241970,confirmed,
993,0x7d0faB525477317b25Fe7C71A0690941153D425c,node03,8d7567ba690a58fd5b240272ec54a1cf840d9916b00aa9b38e738f52b41c58e0,2,1791384016.3069592,1791384034.0828488,17.77588963508606,138,241970,confirmed,
994,0x34999EC598a8f44eD4b78B14BC15aFe73aee30Af,node04,34178a10b34a496da9edd9f3026f535540cf24454a9c2b92bf9f557eac68de0e,2,1791384016.3081703,1791384033.8152041,17.507033824920654,139,241970,confirmed,
995,0xDD3021D81974a504ADf72D8d75980D60c1bC63F1,node05,5da949243ad8a0b42c67210f5668cf0a46689000f1ef1c81f498573ffe3263e0,2,1791384016.3101952,1791384033.6661003,17.355905055999756,140,241970,confirmed,
996,0x8c145c21Ba75Df5447663b759D18E4ca25c2B665,node06,bd51d5805ddba3b6f1bbb5107cd11bb29128340eaf4bd4f981032691f621fb25,2,1791384016.3138497,1791384037.8643706,21.55052089691162,141,241970,confirmed,
997,0x114f28049140ac74DDfFfFC8298eEcaF65a10f6e,node07,d6be3c8b54ac67f28e251ff6cf71114c2946a3c154e93a6034f5ab49d1268e02,2,1791384016.3155873,1791384041.048761,24.733173608779907,142,241970,confirmed,
998,0x45DE7CE31795164231bDa6164B22c493917397A0,node08,b6f47f1c69838cabec1338aeee0494b45161bee4878da6f49088ebb1ca8c3d65,2,1791384016.317103,1791384040.8522108,24.535107851028442,143,241970,confirmed,
999,0x6C9BEECc1111BDBB9440F51B5A68c28952767d86,node09,549a540c93477fe8884ac75a3f5e425368357bd1842b4393fff6dc5f5538706b,2,1791384016.318916,1791384043.6503956,27.33147954940796,144,241970,confirmed,
1000,0x27AAEe9D6c5FdF2a99938a2F989b6af6c5B43793,node10,674657c12db1e28ebd0c771dd9c1d1df640a473910c8cc5c2c65c9b6c175d7a7,2,1791384016.3211062,1791384045.8146884,29.493582248687744,145,241970,confirmed,
1001,0x0214beb3A8dd7166816ce78088c9D947b99aca56,node11,337d6fad5bccc06d63bef6cd15099a303c50d90154c6838ae328af2a8b085eae,2,1791384016.323093,1791384048.7532725,32.430179595947266,146,241970,confirmed,
1002,0x74bb48E73D60F996a46EaF28a477729748566216,node12,f687ef14d60aefdd0f3107c3b925a6d1dc11c76b7c3744c4bb3044422b1bbad9,2,1791384016.325744,1791384051.1361952,34.81045126914978,147,241970,confirmed,
1003,0x4Ba896094BB8a7e199cA8501b27c98b2FaaDa50a,node13,f0057fbf9681e79a565a9c77d76f3717e9eb4454c149d83139bd90a0cb0b9b93,2,1791384016.3278348,1791384052.510683,36.18284821510315,148,241970,confirmed,
1004,0xd10FeA230200AFa7B7390B6eFD426e621FB19331,node14,2a3b94cac23f6b87894a20d7703d5ecffc41c5c0b326d14263263192e8d84988,2,1791384016.3302476,1791384022.9707134,6.64046573638916,134,241970,confirmed,
1005,0xe24115927BB13DDab1bA2EE8d4d439061219C406,node00,d64ce3fc568ff883d3b80fd1d3a941a8339da8fc504f765245fe09cffec71730,2,1791384016.3318863,1791384023.03651,6.704623699188232,135,241970,confirmed,
1006,0xc2979A2B40662B926F84B2db88e24D79162baFf1,node01,8fafaca16ac709147c5123d45caf6bb0ddb3c4ce38d17d263fba853e2d356159,2,1791384016.3343067,1791384028.6908307,12.356523990631104,136,241970,confirmed,
1007,0xD08C31435f1F7f96CE07dD5C41CeD72E596a5771,node02,3443ef50443691512bcf9a3a3c9ff20e252a235bf38539a7d898fde3a114458b,2,1791384016.3379948,1791384028.6573157,12.319320917129517,137,241970,confirmed,
1008,0xc5E21767BCe0ba3271996eB915157e10D7CeAe14,node03,6ecb330374cfb91be4fad65d128e0875408fc91b3b8d146ec3dddeea56f843b1,2,1791384016.3846352,1791384034.2307916,17.846156358718872,138,241970,confirmed,
1009,0xB46819B28C431Bd2F2BDFf90F3b8A55360D8dEB0,node04,71f62cbcb44a80a260cfbc12cfdb5bd39edc2458a391669f6f00b64a6a897acb,2,1791384016.3858225,1791384034.0719516,17.686129093170166,139,241970,confirmed,
1010,0x3C55e9a9d5898c4198544cC05FD3d0A5Ae9B4f40,node05,e91abf6b7aa1185d1207d92c0a0954dc649c470bb4ab4323b8dd55de9ba1f4ca,2,1791384016.38674,1791384034.0549886,17.668248653411865,140,241970,confirmed,
1011,0x1c21d5Cab9903e858F452b63d347fD050E50bcAd,node06,df61f1d6ec0b0490025acb467e3baee2af1c9f598f3432486889eaaec08431cc,2,1791384016.3901165,1791384037.7995076,21.409391164779663,141,241970,confirmed,
1012,0x4b74E6DE576C4325456d1D187005331d6575b381,node07,57d75e5def5d086c5f555aa4be56728daf3cfde007dfa40c38898b1f370b54f0,2,1791384016.392703,1791384040.9328067,24.540103673934937,142,241970,confirmed,
1013,0xa0515cDC5543AA7BBbD770154c25E55e9DDc041f,node08,33f42a2926197b465f52d65261a8533c93e844550eee47b90ab48840364d8dba,2,1791384016.393468,1791384040.926121,24.532653093338013,143,241970,confirmed,
1014,0x3D0e61BBFc27CefA59BfFedE4b6EdB7851eC0f05,node09,0f0c38450ccf7d803eebb7da42d70011e927c265aedb0f9399a6f2709f0703c5,2,1791384016.396547,1791384043.7701137,27.37356662750244,144,241970,confirmed,
1015,0x38cFeF2A56b029B02f42f2244832cd5791C52099,node10,551042154231ed1aa7860ebe2b628dca80ca9ce0cc71e9bdce126c6caef2bcab,2,1791384016.3997283,1791384045.6366124,29.236884117126465,145,241970,confirmed,
1016,0x10fBeD387bAD3691095f820e00D6d58a80d032be,node11,3343575a11ef8090789edff1bde2a9683f4306bf75a41a60729c674ccb5ffdb8,2,1791384016.4023547,1791384048.7661815,32.363826751708984,146,241970,confirmed,
1017,0xFBBdfc6F4F3e2568e1570FCA3FD7965436D50298,node12,54bf76af06b34e52e6d76de90236fc398687b1d93191e7a908ec5cff365585b2,2,1791384016.4068866,1791384051.2373583,34.8304717540741,147,241970,confirmed,
1018,0xF4048A892037207d5b992A3aC7A71d15A3037CDE,node13,b713cb87f7dd084b30b76bd2c1c80d4ad65612d574321b8e6a80086ab80697cc,2,1791384016.4086094,1791384052.65129,36.24268054962158,148,241970,confirmed,
1019,0x4B959A5D76215062dfd22831d300B174a621aE12,node14,dd7c0a7e0391bdb1ec2eeba4f640147461328058e219ebff0f47b01b4e4ab94b,2,1791384016.4124339,1791384023.0153503,6.602916479110718,134,241970,confirmed,
1020,0x42D48C08f54C775e6DCFA5931f4454288ac18c9E,node00,1fcc8e18b4a44c1d57820d2c35cd77493d2a39687c1f88893b8a14033e962094,2,1791384016.4133244,1791384023.0064356,6.593111276626587,135,241970,confirmed,
1021,0x0b257F25D794ec717dd0a868639B667c0f09b9b1,node01,5c29ca9f52d0c360407540edf1befe5be17cd482cc7a16613714b971dbe6b5b1,2,1791384016.4180279,1791384028.6135137,12.195485830307007,136,241970,confirmed,
1022,0x969e123d6Df6095F3Ad6e65C3a31c15eAf21cE37,node02,b9df8f77263bde143baf21ca84f9e3224c06556e792bf85c0025d56ad517793a,2,1791384016.4225016,1791384028.6845806,12.262079000473022,137,241970,confirmed,
1023,0xaAC2bcab91cF93B1a262e31fc75081F72bef6504,node03,d96753c6fe32e11df7cc95aef6da38785475a962530356468428584e1119f936,2,1791384016.4261599,1791384033.955553,17.529393196105957,138,241970,confirmed,
1024,0x4B914e89c09e278E8e9561d4D5bF07e1cAD3E019,node04,f98516502165288753e518a6b3dcf90bf916558c8f5abcb36cbd0fc2aa646392,2,1791384016.4295702,1791384033.9614968,17.53192663192749,139,241970,confirmed,
1025,0xe1237EF347B1943D63E6bed380BB19F3eb55Ec72,node05,e4d0915e30ffc37ca6f1a62f641fce1e5ea84adab67450b2c6948168aeeff902,2,1791384016.431203,1791384034.0187495,17.587546586990356,140,241970,confirmed,
1026,0xa76041A4095dEfa656Eb55D7292cbB43DeF3De1E,node06,0a4b9e6265d431a39684ad5aa22ee227040d340915823606dea88713c5e1f032,2,1791384016.434145,1791384037.8577335,21.423588514328003,141,241970,confirmed,
1027,0x8bf9e424613058b642b36994E7ab486E10E43d76,node07,774823212e6ae8dd80f7fab83cbbb39d88de7e19761c5463936963d930c0b43f,2,1791384016.4380713,1791384040.9538128,24.51574158668518,142,241970,confirmed,
1028,0x3310F28c2670dB5B61ECC6fBE68EF6Aabba0df4d,node08,75ec0a0c873b6c68c95d684ec83b8f8c57076279e1370abd0a94e6292393f39b,2,1791384016.4395378,1791384041.084661,24.64512324333191,143,241970,confirmed,
1029,0xc897D35cbf00f5f1D9C172CE9610992bFAC585bE,node09,21429fdd109e27ce090725460b78a11d3af3f3bf2f8a0d3aed6af6b9a6b51d2d,2,1791384016.4421573,1791384043.6952772,27.253119945526123,144,241970,confirmed,
1030,0xcE57A871f868862AeF578C147C28fFDB2a6A485e,node10,d5f494eb71188fb6173b988da60e55f22d88b9a98fdd361f5d904fa3d11a198c,2,1791384016.4434676,1791384045.834909,29.391441345214844,145,241970,confirmed,
1031,0x949B75BDBF330fa9A62CDcB049ad2Fb0d2Cf455E,node11,6c1e822f76ea09b2c78add53fa529021861dd38e41ecd33d1c335168aa90227f,2,1791384016.4445493,1791384048.853265,32.40871572494507,146,241970,confirmed,
1032,0xbff70B35725163005826F1EF8d046f8bf24257Da,node12,8a673da5b6f1312f77e73ff16fba81aa768fa7025ce946aff839fc8e88d19a9c,2,1791384016.4489229,1791384051.1743817,34.72545886039734,147,241970,confirmed,
1033,0xdD48c6f8E4d689Cc6825Bc382994815035ac4Bf0,node13,9cf2f573142ff42a10424a40b2fad636f006bc5fb505a150747dd524a39b1a89,2,1791384016.4510138,1791384052.6707907,36.21977686882019,148,241970,confirmed,
1034,0x3AA1De04E41A4327253b678560f00Fb959b37fA7,node14,3d884b62a49af82076ddf409372679a620a85eca6a314f01a80dfa7c8f94f9ae,2,1791384016.4540644,1791384023.0588639,6.604799509048462,134,241970,confirmed,
1035,0xf4FA45aB61418B58712b383920b6C6eEC51A2513,node00,3db9116f5e0b032e1270409f4ff3540a7cf646646b5458a56ea7e1ce3c59c7c1,2,1791384016.4562378,1791384023.0538092,6.59757137298584,135,241970,confirmed,
1036,0x8a2D4074A907d6dD8bf8Add50c91E3B72cd31004,node01,eca8bc49dfdbf5556e4387f8a925b2bb3777332ba959d813ed05832aa76d27c3,2,1791384016.4586713,1791384028.5896993,12.131027936935425,136,241970,confirmed,
1037,0x59cd4189761F79BaCbd7cb63a7F2E25852E00141,node02,8ac25094e9d9f458bfb548b91a4a498f3d8f8ef208e65b216fa7368adacf0564,2,1791384016.4612656,1791384028.5597382,12.098472595214844,137,241970,confirmed,
1038,0xF8C9d10BD7Ec496724C49Fbf8012bBf9C8fE0D10,node03,973d0fe99baab566e1b248744bad4109bb4b9551dd65b60e3ce953de3331433d,2,1791384016.462201,1791384034.3021839,17.839982748031616,138,241970,confirmed,
1039,0x5729df7DE64679bC007fD2456D9c47Ab6C9a7dE0,node04,d4ac4e3ec7d4c043adc0931d8643585578be00cd7a1e5d95d56066364f5ab37d,2,1791384016.469363,1791384033.9433048,17.473941802978516,139,241970,confirmed,
1040,0x46b100b756B8F8e727A4A9Ae23A3eB062Ad7d7c8,node05,b13bfd439ac692be3815dcb8ca8884586d957f3d69e1c01fca750d33d041b6a7,2,1791384016.472265,1791384033.8940585,17.421793460845947,140,241970,confirmed,
1041,0x3dA79AdCD21067A4aE3c4AD991883102075956A5,node06,eea658b83708a4bc833af12906aa7a84320d2e073a799848f0d17af4c0192be6,2,1791384016.47466,1791384037.9150746,21.440414667129517,141,241970,confirmed,
1042,0x184d69f301F8932CcF8AdC3Bb142352422c05188,node07,c265e5ef3cf14aa27d4d0493b7ebb750bc505f00beaa8b73548808137129e806,2,1791384016.4764338,1791384041.1393445,24.66291069984436,142,241970,confirmed,
1043,0x1628915D137cc34362a3C8263FBeE5811FF6cA8d,node08,f9f9e008c7965a45a4ae08f7ec6a59ac8ea07e650edf47023bcc0d4111d03ad0,2,1791384016.478189,1791384040.9796903,24.501501321792603,143,241970,confirmed,
1044,0x31a80c618E67f02D2136cbe838e33a09bba9B6E4,node09,96d5e92fc2b5fe64d52bc66b202722dff43b9c0423be096a00eee044676fa701,2,1791384016.4827697,1791384043.6093662,27.126596450805664,144,241970,confirmed,
1045,0x84C4C7DD9F6e1B0e311394501Bd70C71d9256cd7,node10,f9461ee3e4d9a41e87af89866cce896389c067a1376256117f42eac3a344f27a,2,1791384016.4870412,1791384046.1072435,29.62020230293274,145,241970,confirmed,
1046,0x78aCE80C370CC3b30AC82427C74b3c3eA8ED0712,node11,5722d56248118943f169ea8f128eaadf7204a7d15ea8fa9d67c26f3fe79957d5,2,1791384016.489564,1791384048.804525,32.314960956573486,146,241970,confirmed,
1047,0x5284838992a43f5fEFF3138E14fE7E7a3e1C4146,node12,949874b421cd1ba0a7d05680e783191b5ce0c54db8f86089d3ee5ccc961bd90a,2,1791384016.4902296,1791384051.184402,34.694172382354736,147,241970,confirmed,
1048,0x1a6D3184Fd405a311a2648BF443e356803246E0A,node13,b706803c2e0abae0d44fb6e3caa988371e28ceda29019012d03a8f25495195ab,2,1791384016.4917052,1791384052.5907435,36.09903836250305,148,241970,confirmed,
1049,0x0c326f74B62c1476E865325c03097C694ddc2C11,node14,2696470bcd45d1a33860810b76a3ce81c225a85963485b9bac8a0f6d30f09ad4,2,1791384016.495658,1791384023.120341,6.624683141708374,134,241970,confirmed,
1050,0x0B8fF6E61814Cf154253D30e6e9EB3f3DA0479F9,node00,902cb822f9c7725c4f35b9bc4eef877bdce157d923bf3186058cd5f45ec13882,2,1791384016.4967222,1791384023.2434728,6.746750593185425,135,241970,confirmed,
1051,0xFee0c5CefA6F8DFBf059ad2a456699b3943ece4d,node01,1fda2c4ee596786c0099e602df9cb8e431fd8c378ae5c76f786825b1088ed50f,2,1791384016.4986494,1791384028.7594717,12.260822296142578,136,241970,confirmed,
1052,0xA5f64bA41fB562025085a753173dbAF566e0669b,node02,54faadb62c3cc840fafb2cac76773a0ab05c883795911bde48c618514e0076ed,2,1791384016.5019171,1791384028.7298286,12.227911472320557,137,241970,confirmed,
1053,0xAfd57925a404E67c8b81749141f578908c3CEae8,node03,4157ed67191e2fba9d7e483b367e514a3872952e60d03f326cce9b219dffd6d5,2,1791384016.5060008,1791384034.0391893,17.533188581466675,138,241970,confirmed,
1054,0x6873eC58E29cb59C03f4DAA144057E9de8542239,node04,d773d8bac1b9410daf8dfcc7d3cbf3a5e26eb7b3efaa13eb5830ab5343b64606,2,1791384016.5088801,1791384033.9011147,17.392234563827515,139,241970,confirmed,
1055,0x8405585d3b80C7FC4F6F22449B953ec14E7007C0,node05,4453adf9d4feee33c8b225926ca3d271573339d7fef075a12415fe5d40dc90b4,2,1791384016.5132957,1791384033.8956883,17.382392644882202,140,241970,confirmed,
1056,0x417b846fc587e5fF522b4Fd1b40Bb891B9881b45,node06,eb8e1eeb839b59f5b71e7fe426326b573a39cba83e71d73a14100d4937fb4576,2,1791384016.5157223,1791384037.854846,21.339123725891113,141,241970,confirmed,
1057,0x139887EbCa1e58d287c688B871A028Cd07701888,node07,52c91ab83e55689db03296ec09a51ae952b59f8380a28c81b06b4f582513ec59,2,1791384016.516459,1791384040.9511888,24.43472981452942,142,241970,confirmed,
1058,0x42FF07B373E8DEf46eD24079B505917D747b5138,node08,4af9cf0356d11a901e6d96f827f8208377dad515b9d002ce8887fe2718ca9158,2,1791384016.5212767,1791384041.2021246,24.680847883224487,143,241970,confirmed,
1059,0xf57dC516dFbba250830c39eD06268F9C13c69F5F,node09,7827777cc4a31e52a44b5edbfe9eaab903a8cc218819495c8d8ecade5805bb48,2,1791384016.5231354,1791384043.7039478,27.1808123588562,144,241970,confirmed,
1060,0x6249f80bf0a444a621D8E81900aCf8B1a53AE227,node10,e4ba90d3e698d4bfacf731b3a53025893998b1bc856de46d78bd11941ea4f302,2,1791384016.5268965,1791384045.7072537,29.180357217788696,145,241970,confirmed,
1061,0xB22D46F76D27e41f408229D25343c86eB0B210dd,node11,2b583ae9054be21a888db92098da6c632ed44e1070b49befeec5c66f7adcaa8c,2,1791384016.5301776,1791384048.8288388,32.29866123199463,146,241970,confirmed,
1062,0x9b92806F169E19D00e8e8148D67F8C91E556636D,node12,6b02898daaaef09e44b9612ffc997dad55fe8e7a11796bba264ee9478afbd13c,2,1791384016.5320952,1791384051.178679,34.646583795547485,147,241970,confirmed,
1063,0x85A401c79F3ed09e6b859eb7cd746d39A6C771a1,node13,77481423a3f326239df4aa4162c6b48ad48124df6045d21885a93c0183cf79bc,2,1791384016.5356033,1791384052.7128754,36.17727208137512,148,241970,confirmed,
1064,0xf4aBCbBaf6129FA7E3E1Ef015388b48ce8c2E1ac,node14,de29ae720ff655b2b817865a9ece1bc927f8bcee67a4894600d8330bc5fdc2c5,2,1791384016.537105,1791384023.1422095,6.605104446411133,134,241970,confirmed,
1065,0x32380C9Be61F87B824eFe1E46B73EC18fb2382a3,node00,3ade1a38e818cd45ab4c12d6ad977603363680bf50c8028fd12f242529406344,2,1791384016.538438,1791384023.11894,6.580502033233643,135,241970,confirmed,
1066,0xb243EE8f003DfEc881Dd7A0b4cf6AF1431578067,node01,055f5bd2093701575c3d3ea422bd1ee04681ed806f75a6685ed56194e1c1066d,2,1791384016.540697,1791384028.6740346,12.133337497711182,136,241970,confirmed,
1067,0xdEEC1158e4974130A1baC3592cf0A11f54fc9e3F,node02,d09662b54100d3c15da399aadc89e6c39fee8554cd532e5e197230b7fe3c72ff,2,1791384016.5453634,1791384028.675407,12.130043506622314,137,241970,confirmed,
1068,0x50547Bcc6673EBe72fc0cBFe4f9ba6ae4b172907,node03,c782fbbebb3037a8adbdeff3f777fe3d2b983deb2cb8eae5cca8a4fdec1b23a3,2,1791384016.5470567,1791384034.0677645,17.520707845687866,138,241970,confirmed,
1069,0x54947419D53FDFC09E2067867A20A916F22B9070,node04,2cad5f7bd8a3813db92a2e3d5cacc81fbf4d70b35831e9ddfb8227c24a3aa72c,2,1791384016.548758,1791384034.073436,17.524677991867065,139,241970,confirmed,
1070,0x708aCad163840194d824d7ABCa61A04DdCb25272,node05,749781766b697e6ec33e3bb40697d8c65e804b0c5d6f124c088df68efcdb2bb4,2,1791384016.5509384,1791384034.167576,17.616637706756592,140,241970,confirmed,
1071,0x228874A0f013d339EE52933bEd539a49dD5A62C8,node06,acc88f0970696a0d26fbb489c1013c0e2a186656734043a4334daddc7ac116af,2,1791384016.552559,1791384037.959495,21.406936168670654,141,241970,confirmed,
1072,0x6f21913c7C032a212B42b1c7B59dffB6863C2140,node07,791de4d4dd9aa1b35f5ae712d913ffd69dc625feca5e862d0349428a89196415,2,1791384016.5544178,1791384041.16743,24.613012075424194,142,241970,confirmed,
1073,0xF741a8725a722746bFbCAfdF4E90B653C9189b06,node08,196ce285d99d307ff11a07a274e2715d30227113a14d1aa9790384e78ef92a9e,2,1791384016.5617735,1791384041.104925,24.543151378631592,143,241970,confirmed,
1074,0x0D87C004288a3Ba55E4387D8e9284c7E61295E69,node09,3bc1e438bdb554755bc2f46b0642f48487a3360eec7f4daa3d50e896819882ce,2,1791384016.5636656,1791384043.7988317,27.23516607284546,144,241970,confirmed,
1075,0xdE46B1A15f28A335d4f683a522A5c19a67e29ea6,node10,4812ad6b231e3aa7cf5eb302ffb84a49b36c70d58d8de75fb8a87d278ea0697b,2,1791384016.566523,1791384045.8676174,29.30109429359436,145,241970,confirmed,
1076,0x21CEB269E9ccc609c199E5d961ac5e84556D79CB,node11,9a37272d4da5712841f253ab567b9fd9348cb8387381db6194f1153fdc6f386d,2,1791384016.5681367,1791384049.0524511,32.48431444168091,146,241970,confirmed,
1077,0x88be618BbA0D3AD1F61ADCa7D521e255B08Ac77a,node12,553f162009dc95fd7ee7f185537b8ec7c032e4731a2d4422f2df174b013cd502,2,1791384016.569767,1791384051.239582,34.66981506347656,147,241970,confirmed,
1078,0x65634BE1e325F1A8d28ADc48c5Fb30a4E701B936,node13,5f6c292f17b3c9d23a358f9355a07f1c4d511abb05dc50ea2cbd51ebc1e41fcd,2,1791384016.5735893,1791384052.6147628,36.041173458099365,148,241970,confirmed,
1079,0xAfADf724343F8faf676f26828037Ec3619b103e3,node14,37beb8b2dc42e57c793d7439c05852534f64c3301003c82edb6db1fe02b93034,2,1791384016.5755835,1791384023.2737331,6.698149681091309,134,241970,confirmed,
1080,0xFdD72F3D0d859c2D5Cd129A70C2b6D472b545814,node00,fea08e4f077b93b1a54921fe51037587438931ef64e7767aefe65fa7da154906,2,1791384016.5777051,1791384023.1741667,6.596461534500122,135,241970,confirmed,
1081,0x28d3F6D6FD8f7c128b08Ba52ae0d8a79294342Db,node01,d057dbbd94bcd88dc4ad05cba42686f33afc05c9d64027a766f43160c94f3330,2,1791384016.5796733,1791384028.694015,12.114341735839844,136,241970,confirmed,
1082,0x91Eb8daBe7d013bC1CDb9c8720C8D13474275070,node02,b49f1fb54bc6cf4ba60604ef8f43789130a9a7af877e15badd118d5ab2a11274,2,1791384016.5815392,1791384028.8084705,12.22693133354187,137,241970,confirmed,
1083,0xa6f752dda69C62fc179c5369B07f8c95c706900d,node03,c41002e8c7d3491014be1969da622d5d38acbf84c8e5456e49ab43a4d76c2b68,2,1791384016.584471,1791384034.0210457,17.436574697494507,138,241970,confirmed,
1084,0x1f75612Ce4388eCBd2CfF6aBfce70eC7419EFDEe,node04,21210c27fc9eeba3323a3ee3f41063be0b39da78c03f2a77d93f207feb8dfc08,2,1791384016.58713,1791384033.9743319,17.38720178604126,139,241970,confirmed,
1085,0x2c1a805690793ed6c1Aa9395AF0fEb787370ad59,node05,229200f9e7425892101393633edbc99908c04d666324abe308036f577abacdb3,2,1791384016.5887604,1791384033.9586737,17.369913339614868,140,241970,confirmed,
1086,0x78Dde02561346f90E47c5478df9D9BE713Aab8A4,node06,f419dc1f1686f29d414e6de0ede27129bd4446676bafa9c454faeccb4505c982,2,1791384016.5922637,1791384037.993173,21.400909185409546,141,241970,confirmed,
1087,0x03F278913E786485B3870Edb877f038c9FE3954f,node07,a01f31c546ef3bb8291f0bebf993224e0689b3708244bc22ec70ab94a16dc085,2,1791384016.5945592,1791384041.3786652,24.784106016159058,142,241970,confirmed,
1088,0xB38C1A587E0ef703515880B86019730c5D893CBa,node08,207f133da991b7e9e99db63370d9683d80b4a946fa0946ce96f2735c580bfe24,2,1791384016.5952678,1791384041.1007469,24.505479097366333,143,241970,confirmed,
1089,0x208DD9B4c94C63e4C697F9863986F5473F0C546f,node09,cf7fa2b3a37a31ae4c9784ecb184a3694b66914c67200773ed2687608b67c092,2,1791384016.598262,1791384043.648981,27.050719022750854,144,241970,confirmed,
1090,0x37De3b9220D693a5Ed80bB4Fb19BD1957479F17C,node10,1f28c08b6b6ab64e494ff410078fe6faa34eaa60ab3d903a80fbe800716a1f01,2,1791384016.5993774,1791384045.8425317,29.243154287338257,145,241970,confirmed,
1091,0x7A15CbABba286dccD7baC01bd023D66F9a200f86,node11,1be31e194c0c63f34ceb1d8a73493f2d1d1cffacacb802249c9fb943d6c76c92,2,1791384016.600825,1791384048.820869,32.220043897628784,146,241970,confirmed,
1092,0xb977EF4E21AdEC21e897e485394B63AD2ab21e63,node12,2bb45b94b6e09d32f5251af01d34dd272335b463055587ff6796c30e10234a55,2,1791384016.6069424,1791384051.2744114,34.6674690246582,147,241970,confirmed,
1093,0x15De8027F1C329AF8Cf2B313d89D7a8f0eEE046B,node13,b8739fa015fa7328088ce80a927772e38a40247829504b5ce84d8f9cb3dae72e,2,1791384016.61041,1791384052.6960537,36.08564376831055,148,241970,confirmed,
1094,0x147BaAaA2071Da470Aa4791563FF1bce24a086aa,node14,bffea1e4712eac0381ae22dcbbd203f1dce4b1736ec113e41ef53f11e377c49b,2,1791384016.6128492,1791384023.2281883,6.615339040756226,134,241970,confirmed,
1095,0x19Fe8F7C5b8e8142C4991b92612996D8BdE6Effa,node00,34581255bc3f653139fb594564efbca9dc657a2c51ad94182d8adf3d24a95d9e,2,1791384016.6151588,1791384023.2981944,6.683035612106323,135,241970,confirmed,
1096,0x000Df3160eFd7B1c93ac88bB7EdA4271c539800a,node01,2a15838595f479950d0bdf8e8ec82c3013142cc8e154b849a3073c7ade97c677,2,1791384016.61875,1791384028.842113,12.223362922668457,136,241970,confirmed,
1097,0x066f99D3225BD1e1a205322D826AA21382e0F8c0,node02,ac4bef44139d656030c2855161de1f41ec5cb72eb14397a3d16419d4e7de2152,2,1791384016.6211922,1791384028.7587228,12.13753056526184,137,241970,confirmed,
1098,0x90e6f8B1f909462eB34e1DE1586C68B512A74153,node03,5daf3704e30bf58f99c5653e3572ce3ce46ab5f014735ea90abb8deebf02a771,2,1791384016.6248884,1791384034.0698884,17.444999933242798,138,241970,confirmed,
1099,0xBd793E4Efe6C78310c84C5D61F8573Dc4bbCEe8B,node04,7b5b0c552db3709ec9f360e6513ad79772d7b5a568da3f91d7836d130c7185f8,2,1791384016.625967,1791384034.5363672,17.91040015220642,139,241970,confirmed,
1100,0x91370d7200C27c6def61bfDE0A16244A1cdC53e7,node05,46a55ced1ba363467249f0a603fa11dac4cf213551ce2747f3409620e31fc14c,2,1791384016.6279356,1791384034.0633698,17.435434103012085,140,241970,confirmed,
1101,0xf54450aEdF2b10c7BC2385F296CfB9aFB8077F0A,node06,cb6124918627fa9c14fd5301a2c4dcb91016eebf94fd24efddb0a5eb3f02a524,2,1791384016.6287835,1791384037.9529574,21.32417392730713,141,241970,confirmed,
1102,0xA339c0D02Df435b31C7f207D295b8c4a9dA6e382,node07,3e79ef6586937b129da2a23893b91c4d1190adb6d7ca0a3cdaee7afc1bdf25ba,2,1791384016.63074,1791384040.9976633,24.366923332214355,142,241970,confirmed,
1103,0x6Da9c63fA63357655894b809E64Ad9fCf6bb48d9,node08,ea192fafcb41e4b4187d2d7da6ee89899b1afb91b7f151fba01f353d8bb7dda0,2,1791384016.6320953,1791384041.0387988,24.40670347213745,143,241970,confirmed,
1104,0x7b25C4752E095BF80c4Abfe6E1E6206A8be41f74,node09,04685f12d1f1e8018af1bd65e28cdd58bf6620df974c77684b6176b39e975565,2,1791384016.634754,1791384043.7773006,27.14254665374756,144,241970,confirmed,
1105,0xc6eD3C9f8B859f48AD8c6F3cd6c737bFfA5901c4,node10,25a8a6c12ddcc5d2a3da45372eda534bc5265d92fde840a9ab21593aa1fbc4d9,2,1791384016.6375206,1791384045.77096,29.133439540863037,145,241970,confirmed,
1106,0x111E041Ac8aD7971ed0b44d67A15bAC5Ae52b081,node11,bee85bebbe13e4f9861e5f0117949876f636f2a957f36799eb3fb6d0506e6322,2,1791384016.639672,1791384048.8377287,32.19805669784546,146,241970,confirmed,
1107,0xde62f7C8Ff7cC75457e13111ADb7882E380B699A,node12,e5f2c7bbfef3622b6e7e1a0c3f6ae83ec026300a63bb509f6a239625e6eced4d,2,1791384016.641525,1791384051.147171,34.505645990371704,147,241970,confirmed,
1108,0xfBDBC114c147e716bd6dc23040b4900b5426f402,node13,eee157605e347ac8975a7c8bf720eacfc6422530137d8d345fd113bdbc54e0cf,2,1791384016.643415,1791384052.8489332,36.20551824569702,148,241970,confirmed,
1109,0xE7343E4c80450BE2D5ECf0F68d1Ee0CB433bcc95,node14,2ac1dbd7d6d30f07db49d1e40d456196a6ea6c83cf08900522e0c665456b852a,2,1791384016.6473417,1791384023.2300103,6.5826685428619385,134,241970,confirmed,
1110,0xa021BFf01050C721f1c6F668c288128cB224c99C,node00,77e9de67f504f46cb8606a8febdabffdd32b31800dbe272fefcc385e6a2a6486,2,1791384016.6488936,1791384023.3348916,6.68599796295166,135,241970,confirmed,
1111,0x3035f95b234eF91829768Bb39a127CDd1339A694,node01,0dd6652cf648d9e9dc8061dc442f80c9df1f1aaa323473279096d07ef51deb3f,2,1791384016.651269,1791384028.8289838,12.177714824676514,136,241970,confirmed,
1112,0x534bae750884a49AD6Ea6E7CF6a9F9784358caE3,node02,071028672ec7be737e78aa37f98fc817d5c5981f4e316e904a11029b3de477c5,2,1791384016.6536906,1791384028.8744156,12.220725059509277,137,241970,confirmed,
1113,0x65ec84Cfc9f608712226099B193FBC1a2Dd84e4C,node03,9d572fe116d9d67c646882cbc772f7e3509456f7cce887e85887f8174431682b,2,1791384016.6566238,1791384034.2050664,17.548442602157593,138,241970,confirmed,
1114,0x7770c0ab2f03d592D143f9C77f00dBFd45447269,node04,f9567a4b62bcdd578b605255c3a236db147f1ba5f4eea9a84efeaba9aefe872e,2,1791384016.6578987,1791384034.3058283,17.647929668426514,139,241970,confirmed,
1115,0x2e287539018bFDBF01b607c64BBB751eEA4d6432,node05,7a3ab1f43e5d235473d9174dd23c4cd6644f0fc8ec872a4195d64e68729602f8,2,1791384016.6614907,1791384034.2401915,17.57870078086853,140,241970,confirmed,
1116,0x4A0049AcdC8364411dA6f5Fae7Bf072956E8d0b6,node06,771d71703affc7d1f89f687b4ad68d00748a4cde18d51a844d69e911edd454c3,2,1791384016.6640317,1791384038.0214674,21.357435703277588,141,241970,confirmed,
1117,0x3636578D9a7F2E601f6B09A2Ce06dEF5BF9deE01,node07,db90dac8fff1cd8a9c54f40cb450e3b1b571f07268b4c1418d296cf0ed79d7be,2,1791384016.6659749,1791384041.0747557,24.408780813217163,142,241970,confirmed,
1118,0xE0E1Fe848c37673b48bE7710f1B812D7195B0d36,node08,7f3ccfc97f96d297fbf8baa5225e7f7ad9d96f75f812bf5f7bbb4c6e1044efa9,2,1791384016.669146,1791384040.9807494,24.311603307724,143,241970,confirmed,
1119,0xd4033F3b03dB7E135eA4E575867421ACf8E7CAf0,node09,9827577c3f0de0207bbef00daec5172347386797081293fbeb7a76ef8a95711a,2,1791384016.6704466,1791384043.6862662,27.015819549560547,144,241970,confirmed,
1120,0xa54cE0A731eC40bF482fcD91Ee1Cd0Ef83C73CE2,node10,089a62b910b0408a73fceb259a42c32ceaf52fe3665d2650720933269062ec5c,2,1791384016.6727781,1791384045.7899373,29.117159128189087,145,241970,confirmed,
1121,0x7F711f0c35E8C1099d9E0bA757a4cce93FCD2f51,node11,6def2732502f78d3bce5aaf8df33bb9ff9df5af892081a0eed9419ad241fcf2e,2,1791384016.6743433,1791384048.882432,32.208088636398315,146,241970,confirmed,
1122,0x8e8B9aE580Fb89cdc8dd6729FC9a2E04458DB282,node12,129a2fd70cd2185c03cdada0390694b93b12bf7efe11945c067e4e2e85c3e9ac,2,1791384016.6766772,1791384051.2263882,34.54971098899841,147,241970,confirmed,
1123,0xd2b37F5758E87f75bEb409a883e572c89d5E9A1D,node13,a3e0207f2b40e81ba56f756c26fee0d2af0801620617228ff970c816c53b922f,2,1791384016.6785789,1791384052.5926077,35.91402888298035,148,241970,confirmed,
1124,0xCd5A92cFc087d5bF637b2Bac23FBA0658eFA973E,node14,c5c93be0a26b00e59a7b9ec8fb64fc4d398d6c1c8e75e0476e3511b6256d866b,2,1791384016.6813161,1791384023.3171625,6.635846376419067,134,241970,confirmed,
1125,0xe403148Bd963eA107d16863d8EC349C169f02425,node00,a48f4dd36e9dbd6f37d7576c19e6203f4f38cbf0d5ba41cd90b7c53900ac4ad8,2,1791384016.6837234,1791384023.3411677,6.65744423866272,135,241970,confirmed,
1126,0x6688F7a43FEde1f51F0f69bf66b58084E9bE3F08,node01,a3d872c257989a8af766ed59b8cfe95500bd015469191819d71ac4b70389e513,2,1791384016.6863632,1791384028.903543,12.217179775238037,136,241970,confirmed,
1127,0x9d64EEf840267cE93520dda25349862F54cd434d,node02,537275c7e3fa8028096f9ce6469a6b2bd1577de9173ebabc1790d58ef027b125,2,1791384016.6889088,1791384028.756376,12.067467212677002,137,241970,confirmed,
1128,0x05c52690156F0211C1ED50cf40b7Ba2026362206,node03,b96b044476efda51252736b31a0cc2fcf9b9acd483a284e5fa12ebbc0e7d5ee7,2,1791384016.6907926,1791384034.2894883,17.598695755004883,138,241970,confirmed,
1129,0x02EfeC5C84C977de20c60EFc2437A2DD1dCf7dfe,node04,ba470e83eff29df785cfdfabed6c6373bf5cf1e03ba52a4874a0b519be15f93c,2,1791384016.695785,1791384034.2186348,17.522849798202515,139,241970,confirmed,
1130,0xFDfeaEeA16365C3B94f4FB0E7DA4246A19E36D0f,node05,34e5ff42cb2bc2c609556801332d43b510e0181027a2dd17f1760d48dc09ef64,2,1791384016.6976612,1791384034.114999,17.417337894439697,140,241970,confirmed,
1131,0xdB6A1F2A5a2169EaBfB91464bEAA76fa9c0B6e91,node06,452d92658be52c150035d66d241c443915ad17971097eddeaf13103d61d4dfa8,2,1791384016.7009518,1791384038.1227846,21.4218327999115,141,241970,confirmed,
1132,0x42f619F74C9a88f697334E7428A635A0F3126f91,node07,3ae8981895a17c2a472674b256bbf8ef1f22ebd7c9078798545a061c27878647,2,1791384016.7052364,1791384041.0267184,24.321481943130493,142,241970,confirmed,
1133,0x0278eb3B74F6ed227Cb2435C76209C23da1Bf05f,node08,4b8539883ca8dae7b4e0d23e334c20eb05b11c3d991a3b25ea3bcb148c7eca6c,2,1791384016.7154007,1791384041.3365307,24.621129989624023,143,241970,confirmed,
1134,0x4Af59da6607a9CB8270e28cac014AA9da3622cf0,node09,99d37fb2db6b539e6c1b6581b3ff6d1c08ace13c354b88f756b35b94698affd2,2,1791384016.7174704,1791384043.7645268,27.047056436538696,144,241970,confirmed,
1135,0x8D5AeBE622295762A1Db820d00e340EcB363eE01,node10,445184a356151130bf7bb9bc6d9bc3db55faaf21b1aaecda3cbe12e665900291,2,1791384016.7204623,1791384045.8459294,29.12546706199646,145,241970,confirmed,
1136,0x6A9EBFC039b53c617AD0eE892D22c2f50329c836,node11,3b8e6cf0e8487205140bf21faf4b5a6487b73b98bec4b3ac36678d0bb5475589,2,1791384016.7229059,1791384048.8468544,32.12394857406616,146,241970,confirmed,
1137,0xE85955Be45Cd9e24b7D273395BBFB24dCDbb8bC8,node12,fcb99c1f494c964ed8b73de16c3a1f0c5bd303fff5fa8395cd32632a177a6bf5,2,1791384016.7257922,1791384051.2656329,34.53984069824219,147,241970,confirmed,
1138,0xB17362075A0EB9170359922dc7049fb77D7F06F4,node13,e7247f3e7ffbd4f95f420f8b6eb4044b9affa4e2ca08f77a3053a0c1f5678bad,2,1791384016.7272842,1791384052.6614065,35.93412232398987,148,241970,confirmed,
1139,0xaf3A05C85ed4b451cF17b8321e2F5473197C7978,node14,b5ae77b1d481e07265402ef50558d1cb4b950d2646e5907a52d2a9d6716d37de,2,1791384016.7287872,1791384023.3068702,6.578083038330078,134,241970,confirmed,
1140,0x7a54C74CabC7cD20De2C6B60892fD4561363C07a,node00,08065f7b1eecfd32a0b141eff9eaa7dab198303279e1690e76f624eff4f54bbc,2,1791384016.7305646,1791384023.2941017,6.563537120819092,135,241970,confirmed,
1141,0x6bf058EfE90D8bd1001dA3C830CC747bCe3a3BF4,node01,8ece7e666201691958468e6d6313b5907096ca6c8e239e60de7b2f2d585b2f5b,2,1791384016.7325547,1791384028.8311343,12.09857964515686,136,241970,confirmed,
1142,0x86ee707F14057A9CD74324f1E12E8ECF4445d76b,node02,49c607cbb77e8d21d7d874ece8224dc5ac68b07a43ce09f293ff6e618197e59f,2,1791384016.7364454,1791384028.7948096,12.058364152908325,137,241970,confirmed,
1143,0xE824AAf90ec2F35F285BC7041c6f3F2f9b658Ca1,node03,26e74ce8d2ae628f73aa4e2cbd734b8a32ef3f7b02d97569dd0bd64a4696d046,2,1791384016.7386465,1791384034.18845,17.449803590774536,138,241970,confirmed,
1144,0xd06a4E4F55E02348f7B17c0BBF5Df8CB845c7056,node04,397424212c98c5ace7d726615ff13dee814e7603de2971d910d3cf0ab25e8afd,2,1791384016.7412438,1791384034.1608138,17.419569969177246,139,241970,confirmed,
1145,0xDE88e7214bb9DB4a557636E1E98135412Dd79F14,node05,bf97d204ae1101c2e3bab0cdfa49fa359eabca7495a3c3edf6cc672f3a672e50,2,1791384016.7427647,1791384034.2157395,17.47297477722168,140,241970,confirmed,
1146,0xF830Ba75343851749B79786f292da689FeB44C9d,node06,cac084e9e7e96c3bfe730a069770081aad840521be80783d8b6d7f0d39221a3a,2,1791384016.7441828,1791384038.1725454,21.428362607955933,141,241970,confirmed,
1147,0x97Cfba813fe6FfC93Fbe2106623E2686dCc792C6,node07,8fdbd740ba10cbf790272b26d53b32f56cda16a054ce4d417e7f94fe60d1e6ee,2,1791384016.7453434,1791384041.3316753,24.586331844329834,142,241970,confirmed,
1148,0xf7A0880d46E7F6b9e2d82253fCB6829aFF0D9F81,node08,01e66b06a273d1099605d2c80d8c51fd369d1f9d4540a4ba1ac82856bba506f1,2,1791384016.7494698,1791384041.1615117,24.412041902542114,143,241970,confirmed,
1149,0x5e730E76e4E59F69C0cB9C3eb2FC437fE2ea8DBE,node09,20e6ee98324b91752d7a1ff0646d2e9034e55ac0f102ec571e108a302595cdeb,2,1791384016.7510846,1791384043.768692,27.01760745048523,144,241970,confirmed,
1150,0x6200Ea2311406d3Fa7b0a5406cee06151844Ef43,node10,4486c19bebfc12d913f6f84c289352cb2e93d907b94b1e3fde6552d82b5750fc,2,1791384016.75312,1791384045.8755481,29.12242817878723,145,241970,confirmed,
1151,0x7681a5063d920c4da3e45a77C83D1dF9e21E5340,node11,f86a04d821a7e23ec5cfde1d17fadb7ce399cd26449a5f57b0448d946ba7ac71,2,1791384016.7548156,1791384048.8238263,32.069010734558105,146,241970,confirmed,
1152,0x0CA38f2fAF0AE46a736FcA31D2be46ff3DC652d7,node12,e7688cd87255fbc4a66b60fa55a8c20cc260071076c13241e4602ce87b48b3b6,2,1791384016.757449,1791384051.3496127,34.59216380119324,147,241970,confirmed,
1153,0xB4cD5b2A7262EeE53235E181060342EE382C8926,node13,3251fcfc6fe6fdad0c1d2f5d24531e0741484a8b2bc7989bce1e1de2f42e6827,2,1791384016.758273,1791384052.775647,36.01737403869629,148,241970,confirmed,
1154,0xb2461BDF81d0C8391cdD7A15fb5b69961FaE2e8B,node14,6cd2e1952887ed9aa9d7065f795752908df4a18378ceb3822441103e853549eb,2,1791384016.7600882,1791384023.3792737,6.619185447692871,134,241970,confirmed,
1155,0x80c4288Cce0f0559525a76Aa6618e5f8f1Be263A,node00,09aab04fecc230ee9d65f379f0d0958d5c114bee763653aa5a3bf50875440eee,2,1791384016.7619345,1791384023.4293618,6.66742730140686,135,241970,confirmed,
1156,0xb04dAf45ca0c6909DdB721967bf8f2351e977640,node01,e731736fff3797f57b497bb99e44f3e72c9a5c6230cad857b7767a4398d07448,2,1791384016.7634947,1791384028.9713545,12.207859754562378,136,241970,confirmed,
1157,0xCF515D2D8Be94883C29856B5907DcF6871Bb8cFc,node02,b39e780025598da89045ea6a4fce79716d65259533241eb875366c3eb9e474df,2,1791384016.767386,1791384028.8583324,12.090946435928345,137,241970,confirmed,
1158,0x365Df4B93B1bF3dF5A3816D3a8589BeD36ac3FC4,node03,bb36f08bc57a24e72ff56472aeace217987eb3f2bc3910f4c0d18dd5e720e7e3,2,1791384016.7690308,1791384034.2912438,17.522212982177734,138,241970,confirmed,
1159,0xc772678647E984b64f47691A99f4b1631BFe5D32,node04,b3087e6af91dae9709614c5b536fa3c8329e9226f129c248722bf389721ee785,2,1791384016.770551,1791384034.1442223,17.373671293258667,139,241970,confirmed,
1160,0xB0619cbfF1b89b57fCDDEAb7EA8f5EC2f1B56d55,node05,cb2a7844bd773d327db86f4c8fab39e084a378c51ff9be6555a4e01cd4c2e845,2,1791384016.7741432,1791384034.260139,17.485995769500732,140,241970,confirmed,
1161,0xC497Ce4bEAE47f2BCfa20fB91ba60fDC94b5F163,node06,a472929dd33ea613426ece5de4b9e852bf58efb8df180ad52f410c6baef535ac,2,1791384016.7766805,1791384038.0589674,21.282286882400513,141,241970,confirmed,
1162,0xC0f778DBCD93b169479bc8CeD4460f69936DfABa,node07,4b9bb10166f1ba73034cc745144a78a72d51758f9e5b2469cda49e0539b5f8f4,2,1791384016.7790046,1791384041.182184,24.40317940711975,142,241970,confirmed,
1163,0x3269baBdc973EF9E361629cA74411A084Ba87A21,node08,8c9ba487e27ec6ebf86eca279d9cfef8d83a440b0a138f874eb313960e98f4f8,2,1791384016.7828875,1791384041.1143289,24.331441402435303,143,241970,confirmed,
1164,0xf7749A309D50d27104DefB9Ac33a7Cfd65f8988b,node09,ce67dd6c0d754741180ec8aa8665fca028c9ebd9462bcd9d704f7ea848935288,2,1791384016.7845747,1791384043.7736785,26.9891037940979,144,241970,confirmed,
1165,0xFBDF2CC68e3caDFf796207995cb25B2cdC28C64b,node10,d1f0f2f71841fa11f1bdd67d56b09807ddb15955c4e121ba688c263cb35d542d,2,1791384016.7882478,1791384045.8947961,29.106548309326172,145,241970,confirmed,
1166,0x5571f32d4c5Bf179C95E29Aa441A0054BfdcDb80,node11,eb1e7a08a59a3525b1e6dd507d48a0e32a6c195279f0d4b471fa3b66caabb8a1,2,1791384016.7892728,1791384049.0445426,32.25526976585388,146,241970,confirmed,
1167,0x61d80cEdbBFf46A5B3747aEb6be07554ca9295eD,node12,b8fc42666ed38e7f50931cdb6b072cf899a47a496a1d9270f40923ed541a17ea,2,1791384016.7923715,1791384051.1890433,34.396671772003174,147,241970,confirmed,
1168,0x6b0c5d0Aa004D222D8cf7778c4ca1D4F30a2e9dF,node13,429f49381688ad85a8e41f95316be891c0d8eb728a0c2efaf0f27798529d970e,2,1791384016.7940931,1791384052.6201513,35.82605814933777,148,241970,confirmed,
1169,0x34d0d7652ef05f53A8dF406b887efAf073b25Fd6,node14,a53c21d3b8ae7983d01e3bee0e74fc3a6a410e1a7baa96b075c08b7429d2d53b,2,1791384016.7975698,1791384023.377091,6.579521179199219,134,241970,confirmed,
1170,0x0161000f8DDD3E7dd40A74971fE4F07e7598ce89,node00,7a70919717efea48709b71f85b3a46ecf999bb16ef37aaccef31a12ed48e4eee,2,1791384016.7994819,1791384023.330974,6.531492233276367,135,241970,confirmed,
1171,0xa834A05eAD6c8d54F7a05cBdBC9E6074EF2b75D0,node01,afec4fae6f5498ff1d651e28801d2e87a553a570315f2280abfb10f01554f053,2,1791384016.8005443,1791384029.361871,12.561326742172241,136,241970,confirmed,
1172,0x8dD5eeF41D77F63f5d1D42F6419497253Ef381b6,node02,21ce74443e00b9e811ab8df97415434bd4b7878bd75804eaa82d4a3ff8de4919,2,1791384016.801492,1791384028.9599864,12.158494472503662,137,241970,confirmed,
1173,0x3E4Bda154026C0aeaBD17eAA2d7034Ae3aF1bC88,node03,097caaf74010eca229e2c5ba48d9ab70d1769b885afdd885696c0dd0893f1d00,2,1791384016.8093107,1791384034.3205385,17.51122784614563,138,241970,confirmed,
1174,0x20F7036Ddd96b3AD487bB9F83768F038F8083bE7,node04,5bd81950f851d8ebd638078c0cd8abe60eb4b868d52401b181afa6694f3fce80,2,1791384016.8115807,1791384034.2297823,17.418201684951782,139,241970,confirmed,
1175,0x1bc8Fe3fDd1D9CCa8cF669d5Ec64Bc34a432D366,node05,0eadbf81a077c84a4cea39998a62c9b4e14a1e3a836be8685af02563d2b9ce57,2,1791384016.8127422,1791384034.364672,17.551929712295532,140,241970,confirmed,
1176,0xEA4919A1e0955D84e5bFF678Fd6D514A52Da2182,node06,f2ad57508341bf0247a0da952b44a9a0c71bfed9388c708062440fd2efa219dd,2,1791384016.814735,1791384038.098213,21.283478021621704,141,241970,confirmed,
1177,0xBfB0C9cC241De143D7d42aD935499c170a8D5905,node07,7f2fe36272bc2b73563d9b46f713f22ab33fd11f86498343232e4b3a7b946c49,2,1791384016.8192565,1791384041.1324303,24.31317377090454,142,241970,confirmed,
1178,0xB472DC068dE5fC1e3A75288e5768DAc2895e5F5D,node08,a3cfcb839cadc3efcefcdbd4afaba3021b03a162dabbbc67655ddb08a4bada2a,2,1791384016.8216088,1791384041.2473896,24.425780773162842,143,241970,confirmed,
1179,0x4025235A2916b3374dAa5C721e90D5E9055e7587,node09,b80daae207e4f3aecebd5c59a11e92e99ad425fe7d338283e9c4c58133988ada,2,1791384016.823702,1791384043.738567,26.914865016937256,144,241970,confirmed,
1180,0x1280aE4E6FdF116faB4A3Ce4264B83fe802989Da,node10,3920c3284037a444fc2c73b4d98eb70889d6fe994582b446031e8a5e664b4ddc,2,1791384016.826525,1791384045.9135308,29.087005853652954,145,241970,confirmed,
1181,0x26D8077B83b931FA807AeaeB6Ba999D7595d6bB7,node11,239a4e6995f17e4f0c04a7d3e581521d50d900acd232af4ccc3833200afe4930,2,1791384016.8302064,1791384048.9446394,32.11443305015564,146,241970,confirmed,
1182,0xA9A61d27088a9E4b4B080dAe37567B7B79Ae686d,node12,f20c88b145fb505ce818da6063de91ab9ec09e3514ba4543b6934ee7c266695b,2,1791384016.8324964,1791384051.2580605,34.42556405067444,147,241970,confirmed,
1183,0xF7989b5FDa79592372f4d73e87048EafaEaa42AE,node13,ce777363a802c6e5c58913ad33921deb90dd4178cc4ff9de92c1ff80f0438f49,2,1791384016.8374157,1791384052.6567445,35.81932878494263,148,241970,confirmed,
1184,0xa7a6f7Bc61B08122c12026fBd0498128db22c371,node14,9d30152e54a0fe220ddefec5be17d3670b640cf0fde31972e8d74185b4b563bf,2,1791384016.839795,1791384023.557082,6.717286825180054,134,241970,confirmed,
1185,0x81799945fc92F1D1777ED94c8CC501fB3d92FfFB,node00,6b477abff38b3baa0b22c33b9f62812be97e99e7ea05e815b171fb913bc61b01,2,1791384016.841501,1791384023.451894,6.610393047332764,135,241970,confirmed,
1186,0x0d01D6ebD801C1267Ec7f31F6b3F632dEed37286,node01,6e7dce830c92a424b1a8a3222b621f761f4777aa1333c7e53aab8011b277c4b2,2,1791384016.8426685,1791384029.0532908,12.210622310638428,136,241970,confirmed,
1187,0x466e014e8D02C3aD8530B55079f302599e190273,node02,a09acf41cb4411a305ad1b3338fdbfe219696da5765b9f7145b0554d08e3933c,2,1791384016.8452177,1791384029.5158486,12.670630931854248,137,241970,confirmed,
1188,0x352855a8aC3855B775B768916379BEAB7A29a764,node03,98c0aab7ef5ed3f6ab160e39b9776ca75af1aa19f281d1896fcc510c92934edc,2,1791384016.846466,1791384034.280276,17.433809995651245,138,241970,confirmed,
1189,0x3D54f7D5dF528C334A7f560bEc5f6a2Ae9603336,node04,1c160f98a00acd5382969681b8ddd5b7b9503ac89a4bde8139765b14bf6d9393,2,1791384016.848311,1791384034.2929611,17.444650173187256,139,241970,confirmed,
1190,0x715e1e6D4212DaFcB3148E111620954CeaF58Aa8,node05,ffd50ca00e269c6d2147c3e3899ef8b41c57d7406a9f445cfbcf72969d984508,2,1791384016.8500152,1791384034.2757044,17.425689220428467,140,241970,confirmed,
1191,0xA40fAFE633238B12a8aEDa01959A4D4e4cb61aC6,node06,bc1409bab4efd9c592911cadf372f68be5d6e47a19472ebdd853a3a42c53a3a4,2,1791384016.853187,1791384038.0529792,21.19979214668274,141,241970,confirmed,
1192,0x878bcC30cF8F7E4F29f9dED51bCb4a39Cc81a156,node07,f5fe242d513719fc5512cea11834c52320951e0f880f62e23848af34e8a0e44a,2,1791384016.8594818,1791384041.2384858,24.37900400161743,142,241970,confirmed,
1193,0xF54E8dB87f1DE02E306D2389D1BC97AA5a074cE0,node08,9609dcbabb95ad961292250fee29a07308d6743cd081ad2869e1f5665520e66e,2,1791384016.8619943,1791384041.2090967,24.347102403640747,143,241970,confirmed,
1194,0xAe62afb9d39e6301ba8a564ccf233aEd99E6E3ec,node09,8d2b5b36ae7f1ddbe25134afa7bbb55ebd14eb006c838385417f99027f6a2196,2,1791384016.8635569,1791384043.7731638,26.90960693359375,144,241970,confirmed,
1195,0x4957D9356ff4ED07FaC15b4B4bcd05295F57643F,node10,8675ab1e6cc3fcded6aaf7c535d5a361f0fcd9b3f948117682b23634f577760f,2,1791384016.8660676,1791384045.997063,29.130995273590088,145,241970,confirmed,
1196,0x127779609c11588D60FB744B9854ef9A1B8598BA,node11,37817c4186523fa590b7b109af0f5be821e58a138c1e870c6b9e750ab523f463,2,1791384016.869397,1791384048.8406847,31.971287727355957,146,241970,confirmed,
1197,0x15191836c0C25A29947AB40a23e35E36eE657fd0,node12,8208e2354c3c51c972220c6f46b85cfa84b7e028ef7f5fddeb511f746c973500,2,1791384016.8712578,1791384051.1929522,34.32169437408447,147,241970,confirmed,
1198,0xB095A025b5D5930b4C456f3a74BabFc7c5404DCa,node13,60bb6e121eadb21857695d19ebc82d5f0fa87464ba3968ba077c7668ca69b87b,2,1791384016.8738432,1791384052.718777,35.84493374824524,148,241970,confirmed,
1199,0x70C853153b534b38c34441845714eF54244FE1E1,node14,6ea7f855aaffc6a2806f8d74e1fca713067b7429e2b752450b134e763c8c9240,2,1791384016.8772032,1791384023.5321918,6.654988527297974,134,241970,confirmed,
1200,0x9CAeb7f6fe1c3a24e4D47067dda8D7c361bD01B5,node00,aa05f28a35ee340a3e6d5507a538bd42b299c4fd5390a755acdfd3c8bd80edaa,2,1791384016.878435,1791384023.452993,6.5745580196380615,135,241970,confirmed,
1201,0xA6F556f5d57E2514b20caea81b6b4695209e2cA3,node01,ea6ebdbf04972b8e0769391bb8ddfb3f126734d80c743f3801151f5032d3c9b2,2,1791384016.8813322,1791384029.3551023,12.473770141601562,136,241970,confirmed,
1202,0xB6558cA7f5a5Dbd4B0181Ab06c0e77f3f458dcA6,node02,c54fca787bcc204e3b969cb14995666130c811aa49d3cad594f25455e45c66fe,2,1791384016.8843553,1791384028.889392,12.00503659248352,137,241970,confirmed,
1203,0x345DbEe784ec28C6Bc2d42940408b2cD5f799c8c,node03,7295587f85f380ed3f59e404e84c3d0b65c944a7b1e1211e5ba06e9cabaf3530,2,1791384016.8859909,1791384034.408742,17.522751092910767,138,241970,confirmed,
1204,0x8AC9449C9513E6B6733E7b4c12861d630b3cebE5,node04,06f31b3a583f640e3fa3143e9db503a853d157ee077beaa5250cd5d2828f3988,2,1791384016.8898983,1791384034.3668897,17.476991415023804,139,241970,confirmed,
1205,0x7F66ec04CCb90364db4d6381D08055d52C9736e1,node05,0323c5ddac62bd3e871131806bc2800f68855957033d56c0da3446e0f1e7e207,2,1791384016.8920746,1791384034.3153288,17.423254251480103,140,241970,confirmed,
1206,0xFe324D658552EF01DC5255F6FcA7642451950902,node06,28b12017e706fe926d9acd744e739fb99cce82a61f6b550f302eccf34ddef7cb,2,1791384016.894405,1791384038.1479847,21.25357985496521,141,241970,confirmed,
1207,0xdc267eA825cAf7930d227ccb744C4761701DcabE,node07,59c4bf008f48e5c6e9f4c9ef0df04f8b9b9827fc2286e8e31af8cef0fc7d980a,2,1791384016.89684,1791384041.3050563,24.40821623802185,142,241970,confirmed,
1208,0xaF1a2Fad9F1fcCd38F92a0016EcCf069d724b221,node08,5b5d55bde44cb03d1fbf2ae6aaf57c3e7bb1a032873222d455248167debbffd8,2,1791384016.9051785,1791384041.1344295,24.22925090789795,143,241970,confirmed,
1209,0x4c7713EeD2EE44a689c7F6E4F1A27cC0643612EC,node09,8584b0869632ad51b019992852a0cc8865ed375593237750d6817545452a10cc,2,1791384016.9060647,1791384043.8427641,26.936699390411377,144,241970,confirmed,
1210,0x00659cF49409408B8E00b22C07b913541fD28B5e,node10,ebb0b3cda4218bdcd71b272be6637edd141e258b210d09a2bab3b6ffa39d8061,2,1791384016.9075136,1791384046.000634,29.093120336532593,145,241970,confirmed,
1211,0x63A5fC5399E11FadAabc552F1828dBd3e8096E52,node11,13dd0620f6ae99b98ab9d1aa53a69d5653f1aceffaa835ec6b8db0a3756c8522,2,1791384016.910837,1791384048.9242086,32.01337170600891,146,241970,confirmed,
1212,0x8DeAa013d491E870fFf993C707394bF0a5879eA9,node12,dce9301d602a21f7a6880b6b4b1033a29c08958e0a5afa6133d69577bbdbeea6,2,1791384016.9133997,1791384051.233209,34.31980919837952,147,241970,confirmed,
1213,0x8b7d1240bd92309B8a611A6DEC8AA0d8361Eb07f,node13,eccfeda3f7c000bc8cda636e9b589187089a9b4ebb152eb1263f2d348b1d295d,2,1791384016.9154644,1791384052.7252004,35.809736013412476,148,241970,confirmed,
1214,0x128f4E584E8062769c2F8B8B0792064C29d89b7d,node14,e5ea662595888a7091d7fe968b8ad19b721ed4bb801159840a115b247bb15a67,2,1791384016.9167023,1791384023.481616,6.564913749694824,134,241970,confirmed,
1215,0x7BBbB0DdaD50f19183E8337341c398ae07c80FE0,node00,9b9dfcee32336bd9a60b77d88e93d28b4799125d43297bf297fba97e612f3497,2,1791384016.921148,1791384023.5141985,6.593050479888916,135,241970,confirmed,
1216,0x5ca67B8CD7F46D24618Db70f9f7Bac79bD97b974,node01,930944213959072aeb041ef188e189f8e0771b154b4a55c24c9d9bc45802b531,2,1791384016.9227297,1791384028.9657536,12.043023824691772,136,241970,confirmed,
1217,0x2b733216db0720F2754F6f823843ddFb8cB7b8A4,node02,c67303fc9221521e5ee7d50b92e0f4ae316300b44f105cbe6bc10fab14f22748,2,1791384016.9244502,1791384029.113909,12.189458847045898,137,241970,confirmed,
1218,0x27AA46EEF47C163E1f1DA6D4Cde6a377A6A63dEB,node03,c3518efe16d15d812e9a9c1917688a502644acd8ee79df777dff3852d29cc6df,2,1791384016.9267185,1791384034.3719032,17.4451847076416,138,241970,confirmed,
1219,0xB81844AC482fB3de6c93AeC7C3dAf09b2938936E,node04,93afea7ae49213607b942b1dade8b8b9d72ff92938a879d91567d51ea5e5f86e,2,1791384016.9292238,1791384034.3039396,17.37471580505371,139,241970,confirmed,
1220,0x419A37ECB55230808891c4fb0b9F1dEa30c5D008,node05,6520d123f47317ffc8b9410fbbf1f7ccd667ad77ec4e4c56683eb8a43be33b43,2,1791384016.9349248,1791384034.3563044,17.421379566192627,140,241970,confirmed,
1221,0x5F97B7311477c4eBfAA9AA6fc74211Ee063f7358,node06,24705e51f81e417c6f68cb49fe9e78ae860b9ec9ebf52f3c015c9034591f6077,2,1791384016.9375637,1791384038.1656072,21.22804355621338,141,241970,confirmed,
1222,0x1f74814DaB32a47DAcd0b0Fd6B75589710F1E43D,node07,f329fc969d7257db773f35b117b6c03e581179067e63b13ab83db503b80d171f,2,1791384016.9413965,1791384038.5014074,21.56001091003418,142,241970,confirmed,
1223,0xB77d716e9e5Cdd36d7633821BACa342c363d2709,node08,8c48473591fa50ad2c743ecefd16b2a1b24fc67b8a630967bfe314327efd4371,2,1791384016.9479384,1791384041.1591234,24.211184978485107,143,241970,confirmed,
1224,0xC65db0DaE709191DBDdC29e68e80bA9F34EB023B,node09,838e944c1e6e9d97ef61a52fa2a4e0ba603202d29706b1304be14cde9e7ef8d5,2,1791384016.9498296,1791384043.7488005,26.798970937728882,144,241970,confirmed,
1225,0x071471EF793490eFCb7E5273d2113b3f8B45F649,node10,dbda54903e43d311b810957b31313eab4bd85b428018d211b4aed4e5edea619b,2,1791384016.9553304,1791384045.8731403,28.91780996322632,145,241970,confirmed,
1226,0x51158101D60ec4E16eD97C1069110ba90c7E5708,node11,815bfe5308e1bfc763125f116b1d4ac7430abc7af21b9d849557f671ae321e7e,2,1791384016.9598923,1791384048.8865206,31.926628351211548,146,241970,confirmed,
1227,0x1DD5cC9EB7a738ad3Ba6c875de7d5d654C1DeF69,node12,a8308bba207e6ef0101e1384eba5064e51378aeea6b1dcaf50177c0e0c2cc909,2,1791384016.962185,1791384051.2423644,34.280179500579834,147,241970,confirmed,
1228,0x62a7610cFE09E4b9ba1f072C1682cB1579F9b369,node13,49cd8f6b627d69731ba029e126aafa0b6b8366a9156e52a49e0681c529ae2932,2,1791384016.9638398,1791384052.7091484,35.74530863761902,148,241970,confirmed,
1229,0x04Dee9eB195d823Fc966327b3828a77afD1A02EE,node14,f903a3992626a7f97752a4eb9b5d2b4d4f3bc26f8bf61957284d1ff33fc020f1,2,1791384016.966743,1791384023.447125,6.480381965637207,134,241970,confirmed,
1230,0x7AcF8D7DF9B23fb3B9d32Cc07b021a0d319da092,node00,de87bd21dcf624a6dc951040f025f1b6765b5c7f5f64d4434bdec41c277c64cc,2,1791384016.9687483,1791384023.455204,6.486455678939819,135,241970,confirmed,
1231,0x64d1ae6E5a86A228449c356665127CfF8Ce6E68C,node01,60c0fee44dd477ec3c4e4e6ed4544e474c2f6e43af4dd534f85d8dcef74fea53,2,1791384016.9732227,1791384029.0409718,12.0677490234375,136,241970,confirmed,
1232,0xDB7862fa492A07E354b2f24Ee644e6085EBB61d6,node02,efbb43fe5314e25c88d1cfa805dda200570aaba9d23c4e96779d45c0f26a0f50,2,1791384016.9767256,1791384029.043777,12.067051410675049,137,241970,confirmed,
1233,0x3f13C04416beC7f7c2C7036b6df1d7Cb60b749f2,node03,19a7ee10a2351072fe211e7868b34a493a4cc78e2adcbaa2ffa55e6970bd1b33,2,1791384016.9784207,1791384029.137826,12.15940523147583,138,241970,confirmed,
1234,0x9c17f31dfbe6018f8c3866081c4313D04CE5dA11,node04,ed6e86fd8f675c0cc758b21b71dc1d3ce1830af92a956a5a60e36ecde7ff60d7,2,1791384016.9796252,1791384034.4508176,17.471192359924316,139,241970,confirmed,
1235,0x3FD4986056A77D4d42e9c84f13ca54626b26eB24,node05,699d74cc8cd9d0e338658d514a1aafc6d36993653f0d2ef3fbf798bf918ef3d2,2,1791384016.9866009,1791384034.4219394,17.435338497161865,140,241970,confirmed,
1236,0xAbd86BB69b63608b6dA4Bd246273E756647A64D8,node06,f696c833406235a3012bfb0bcbf7a8fdb23b5d952c6f569493f79c2b1bcbf8dd,2,1791384016.989153,1791384038.2897046,21.300551652908325,141,241970,confirmed,
1237,0xB5Ed7d8f052f07D635FD9b31a44d79148e1D5BAf,node07,599da78f5b35b1a95bd38899c3d630fa84bc85f011c42d4203145bddd248d35b,2,1791384016.991092,1791384041.2508423,24.259750366210938,142,241970,confirmed,
1238,0xC64d80470507525B686d911b29a6c83EC99Adfb1,node08,ff7df699b8cc6f993599ba7a7fce4681b7dcdf852f5e4b9bf14a633cba5e7c31,2,1791384016.9930718,1791384041.198,24.204928159713745,143,241970,confirmed,
1239,0x138718d28635dDE74F20DA4C7BeA0f2427815847,node09,81ccf63a8f1b81adfa4843ef45b8ead08d6479502c33322b19d5d002adc0b8fe,2,1791384016.9950857,1791384043.9387422,26.94365644454956,144,241970,confirmed,
1240,0x67e3A8DE25fb5273Cc4b519bA9ceEe9C2a30C0bD,node10,9c199216afc0a4c56bc282a6235d7a99dfa211d750bfa19bdfc64e6b27cc4cee,2,1791384016.9977887,1791384045.8877304,28.889941692352295,145,241970,confirmed,
1241,0xaA0C00532F4d62B1e0aa2f682Ad346add024A3A0,node11,1fe9f1dd573eb00c2bfbc47e8aea8f5e215985e939199bd92898c94be398252d,2,1791384017.000732,1791384049.0507472,32.05001521110535,146,241970,confirmed,
1242,0x6dD4012c29d12946DC654091E9E182981A34e1f0,node12,0f1e0a4dd118b156c2eec68bb360f60c4d491a3722245a9d89febfeb86668960,2,1791384017.0026891,1791384051.295475,34.29278588294983,147,241970,confirmed,
1243,0xA9Be9FB085f28caaB728fb1866D57Bb25A021e22,node13,f4c7e0241924eba767a247982d68353384c6e444f4cf8d96566f9c0cd50d7432,2,1791384017.0038831,1791384052.6353526,35.63146948814392,148,241970,confirmed,
1244,0xAf4F309185B87908C71705088f2617B051d2cB51,node14,7f3c81a27d1ff33d21b9cfaf907d6c897450718aa1fb33c4592fc54e36006d27,2,1791384017.00567,1791384023.653778,6.648108005523682,134,241970,confirmed,
1245,0x6B8376e4C376d72E207bfE8F6f3f4253313A0615,node00,86a70859d62e5df408b943b2ee01e4e36fb8e276af456c690d58ae63644fd8b7,2,1791384017.011298,1791384023.8197086,6.80841064453125,135,241970,confirmed,
1246,0xBCabAeb28FF6e7138dFeB9C8aAb0F46ED6AC1Ee8,node01,081edf1f36f24a97f322715516956c5b04c406747551a4f8e0341386fbaea462,2,1791384017.0136287,1791384028.982842,11.969213247299194,136,241970,confirmed,
1247,0xEF1AC6eB93638D69F8D9A02Eef30A03026462C20,node02,23b0e46cbd927e245d4099a652a8ed9c2297ddac7e9bbe5039f6b345ca14f4bc,2,1791384017.0154734,1791384029.1534646,12.137991189956665,137,241970,confirmed,
1248,0x31963E50CC5759D239f78cc3B4Ea619B0cDB0E98,node03,04f158257d7bfd4bcccf777887cd539c2291d26132bd2f7783c9fc2d2e961f63,2,1791384017.021332,1791384029.0380917,12.016759634017944,138,241970,confirmed,
1249,0xb13aaf7BBdDB4Ea3E56Dfe7B206095048983E7fE,node04,52ddc8b2148c4fcbecda36fece3e4436eb229979317f5a64fa0cef09739ce2f8,2,1791384017.0234628,1791384034.577762,17.554299116134644,139,241970,confirmed,
1250,0x593F838d0c21609861c00893562f48f9D03d558f,node05,52182a202d3d4a6202120eda2bec1fc6dcba9e88290f05dad892a8f1764db953,2,1791384017.0336869,1791384034.416483,17.382796049118042,140,241970,confirmed,
1251,0x2d0CbAf78642aee2ad37845eF5Ae92AF9191F63E,node06,fed78f711b9b619f65cf97a1a96286533da8d3dd0daa08f474472a348f7c2a2b,2,1791384017.036834,1791384038.0705945,21.03376054763794,141,241970,confirmed,
1252,0xCE239690BDBED2Ac0479ed0e251b36d18197F482,node07,14d2c918c7f961deb7f2c5250a0d87b609ff433c36680609ec5d7e265f2640b9,2,1791384017.0407007,1791384038.0972276,21.05652689933777,142,241970,confirmed,
1253,0xe0D61ea6Ed6f285d9a739227fe6AaB701f80989b,node08,26f2f1b5cd1fdfc78342c07c6de273f392fb621b213e80120d1b245a9d90f326,2,1791384017.0436192,1791384041.2416246,24.198005437850952,143,241970,confirmed,
1254,0x32489E962A211e4d994392186d7Ac84B98439725,node09,36e505eeb2916fc480cddf9f6b0f577d076f2f6fc955ba2be3da3e7b1857fa62,2,1791384017.0449293,1791384043.760864,26.71593475341797,144,241970,confirmed,
1255,0x4D75bcEAb9692d42720862356f81496DA5e86E0A,node10,e073f7ef3e48816423c68ef2636e8373ef42ff252cba29719f367af8620ae9c7,2,1791384017.048074,1791384045.9047043,28.856630325317383,145,241970,confirmed,
1256,0x9Aa0f019eA708C2179A49834e4B5CD539683C52d,node11,57fee55bec1d832d9f5a4eac1ae6a68a9350b324fcbe2f9eac0d24b7b0946724,2,1791384017.0513716,1791384048.8938038,31.842432260513306,146,241970,confirmed,
1257,0x348778261E4bF9860336721005795EA4046C1A6E,node12,1ecd27aa00e7ed32d21840b12d93faabc8448ac9c1a2312c82a9eeea980f4633,2,1791384017.0531156,1791384051.3289075,34.27579188346863,147,241970,confirmed,
1258,0x62BCf8DD437035c0D4791652C446Cbab05474536,node13,e909d75a1de1d98e64920d67f2d7199cbb13499ba46d78bddf110d8f50b952f0,2,1791384017.0562181,1791384052.7789786,35.72276043891907,148,241970,confirmed,
1259,0x146e8E64bE31881b781Dd0eeF7486776a853bdE9,node14,4b2d03d4e52e0ccf14952a202ad6e17fee05d2d819efe21dee658f91d44a5f57,2,1791384017.0590346,1791384023.5962584,6.537223815917969,134,241970,confirmed,
1260,0x82e9e477063613150ed012873841460483d1dFa5,node00,e9e3acd7e16be207c94f167f493de56b606f0e7b58094f7d549c56c29efb03b5,2,1791384017.060897,1791384023.5943782,6.533481121063232,135,241970,confirmed,
1261,0x31c8bD8Fa65277Dfaa6f00ADB73CA44613CAA4de,node01,bddfe46307816aa41fcdbda84a90a5008232f3fc704269b2e381f10184d99f58,2,1791384017.0667512,1791384029.0884569,12.021705627441406,136,241970,confirmed,
1262,0xD36AE8Bab428c5a7cAD5594180F5E0184927369F,node02,c22b4fc03f1fe455b63ed13223720eb485d9853080a3d621eb9dcd4f91980c9a,2,1791384017.0694618,1791384029.0565333,11.987071514129639,137,241970,confirmed,
1263,0x9052acb1bD180bE991CeB825767Bfc116417709D,node03,7bc77ecca95c5e765fa3d2e28c6ff96bfca31f72e86d83df70b3955c63432e96,2,1791384017.07349,1791384029.1693265,12.095836639404297,138,241970,confirmed,
1264,0x40E988C92F1B75CC902B3b351A6Fb7a596314FdF,node04,7a8ecb8ba8fc7cc46026ce9339590a07e78a0c656e0eb5fb4bbb9e6e22603652,2,1791384017.0747051,1791384034.5108852,17.436180114746094,139,241970,confirmed,
1265,0xCcdF8B4371B8EF34D3980F0bEB24Bd913252eA0f,node05,7f8a99942c9c7b491f191ebbb0c001e511cc4cc5b979113c1b9d7aa83ad73587,2,1791384017.0766354,1791384034.3992484,17.32261300086975,140,241970,confirmed,
1266,0xb301C0668BDBcdb57399b84C40239382361DA26f,node06,84ecbdc6962b58c56f4ed054ced4e4e832fbd1b06fe80dca9aec8acb1dd2dd7f,2,1791384017.0785341,1791384038.0654626,20.986928462982178,141,241970,confirmed,
1267,0xB33e3aB5207f08683c1C668867aFE8bC2C2c1ec9,node07,aaad0168ae63f1e6d330374a70ecb8b7b9ba4e80d598bc6216f32cbeb1a4792d,2,1791384017.081403,1791384038.1572464,21.075843334197998,142,241970,confirmed,
1268,0x76AD954ba4257E544B65D537BC6C8385E80D3326,node08,85b987a7de3e5f54bda7f64980e69875a529d8f2aac4cc89f17d18a941a0fa58,2,1791384017.0843496,1791384041.3646846,24.280334949493408,143,241970,confirmed,
1269,0x8B331A3AAAD780A28d683e4B930bdeCA52b3Ab8d,node09,c281e99d935fde4144ac9e1baaf94d62dcbf2c0624b340c8d8ce519a674d9b59,2,1791384017.0872605,1791384043.8066146,26.719354152679443,144,241970,confirmed,
1270,0x16f13cD04C36be3D8c322dbfE113A17685ccD372,node10,1eb41078f6ecf31f03f3c8c9ba1a86880afca7fc0847ce1459a13845c78731b0,2,1791384017.0900002,1791384045.8769524,28.786952257156372,145,241970,confirmed,
1271,0x9C87CD50227bE55E8eCFeE7080E92e97b59eAc65,node11,2f3763a771d8757688a26ec3b68b85d6a7bb25a8c7b05b4b824885468a7f14e0,2,1791384017.0962195,1791384048.9582548,31.862035274505615,146,241970,confirmed,
1272,0xD25e775521Ef936285c46260447811f31fE1978d,node12,fc27f461bcac9e41525944220da903f0b5ffa8311b97d251712447ff03ab45e0,2,1791384017.102671,1791384051.3062618,34.203590869903564,147,241970,confirmed,
1273,0xb1DFDEE7B48C6BFb26F3A2513541c01e02bd5826,node13,1f6ab5303ca00cb0f2dc4ea68da06df372b86ba16e7fbb47daaf5f990948c947,2,1791384017.1050766,1791384052.8424013,35.737324714660645,148,241970,confirmed,
1274,0x43eF8dC38B4886A0D4d4481196cf84ef8CefD019,node14,bf42aea0831c33382ecfbe2ae379fdd78baa52c8ebb92e73d7764abdb70158eb,2,1791384017.107696,1791384053.8201559,36.71245980262756,149,241970,confirmed,
1275,0x3E65f909ECA1aF14a6eF1Ff5765a322121641780,node00,031a3a8bcf7a624d158ceece11b89e1a713e6d866c58522a1cbbf6a51d7ce69d,2,1791384017.1112251,1791384023.7113702,6.600145101547241,135,241970,confirmed,
1276,0x671aA2805BF253636087b4023c5CcB1125b29Ab5,node01,e6830bcb473bb1c697c9c7ee5680af80552121f5cec10b4a473a59deeedc13e3,2,1791384017.1136873,1791384029.1992857,12.085598468780518,136,241970,confirmed,
1277,0xE6ae200fE61e5669FcB532dc91A4830a5A9ce1aa,node02,c4373c01caa6d35e311e6076da2b97aa592c2a071231bbc450050d0e2647180b,2,1791384017.117631,1791384029.1062016,11.98857069015503,137,241970,confirmed,
1278,0x4c6172c5E343EF6D17663956602B823E908b9cb2,node03,924c272ad5d00c554d0b0310dd211e91f946017a065e4873d8b0e343359306b8,2,1791384017.1185884,1791384029.262089,12.143500566482544,138,241970,confirmed,
1279,0x6dBC3965deA5Abbe5FB1f83123d045872b6C7df7,node04,7f1de9d2e5c96f22c14d3b71c2db690a09ee7448a3932bf39e30470578a20cc7,2,1791384017.1217933,1791384034.3963294,17.2745361328125,139,241970,confirmed,
1280,0xdD409C6AB5870Cc241894c5329327ddCc2e676eD,node05,13af9dc223df83be000eeed3fa83f96d4a79efcecf27e180bfcba9eec1ff6bc9,2,1791384017.126253,1791384034.4036105,17.277357578277588,140,241970,confirmed,
1281,0x962E028255E845FAfEae5fB442088a1a50dEd926,node06,6cfa819126f3ad5594a65a8fce97ffa205c69371399a7e61eba310e3fecd1bf9,2,1791384017.1271567,1791384038.3336756,21.20651888847351,141,241970,confirmed,
1282,0xcEB2a0F547688B4c9b37EF71fcAC0086bFc5B6D5,node07,0c4cca936fbb67d0e9e4e90757145ff6850240a24138f9ad809842e8f20a6f3e,2,1791384017.128483,1791384038.709968,21.58148503303528,142,241970,confirmed,
1283,0xF215F045F8B6dd887cD95B06eA2b7dD807F08844,node08,26af5b5ebafb581a2ffbf847596bd4daeba99f54e3b908676edd49e2a6d14098,2,1791384017.1297681,1791384041.3257203,24.19595217704773,143,241970,confirmed,
1284,0x24bA5b74d9755b9B2dfB7b6995d5af90bB54e19e,node09,ab2a304e9c1a0fb60208856479dcf14580218989f9c11b221b60ad28a6fda77e,2,1791384017.1325235,1791384043.8173454,26.684821844100952,144,241970,confirmed,
1285,0x542Cbeac6A305B41aF97d6F19F3060550072f81b,node10,c5100ee2ff916df83916f3b447feae001f219420dbb0082cb0e214d28d593fb9,2,1791384017.1351476,1791384045.9642968,28.82914924621582,145,241970,confirmed,
1286,0x067E10D69743c3470d156F05a321B74f4923C9F2,node11,33448f46f25d2ec115db3b082d6437d203e5f2a8c6e10394e82de15643348a37,2,1791384017.136408,1791384048.9131317,31.776723623275757,146,241970,confirmed,
1287,0x6B2a309aa1AB033CFBcBaC11C3dFD5A8F7440bEE,node12,0a857797c91f19911bdeb3bcad07d87208ffbcb2aca35be8cda8c238ced90323,2,1791384017.1418595,1791384051.324197,34.182337522506714,147,241970,confirmed,
1288,0x86A47D97fc89C358fFB0c8d4e3f3DBbe3Ea6231C,node13,335aaecf190db152891f4b6ddb021675b42834bf1b850f2592a8363a63874cfa,2,1791384017.1448197,1791384052.6936817,35.54886198043823,148,241970,confirmed,
1289,0xa5654fE4e5a53BD1A30d74B191a7A1f03161153c,node14,8e6cf1ab77f1bcb9760553b6c9ad4742d2a4132a48350160840cd7241b55d252,2,1791384017.1463506,1791384023.681655,6.535304307937622,134,241970,confirmed,
1290,0xaCa4a2345EE6A3fc7968763d453395D0D2Ce9834,node00,5e4d39c5acbb27b44baf54236cf48423e4adce026c1ad1223d66d74f11bcb281,2,1791384017.148402,1791384023.5876143,6.439212322235107,135,241970,confirmed,
1291,0x33aB63d233bAaE5cF854851106837bca4Ab9bBF0,node01,e6cc49151889d89c7569968cfee5f5e8ba6890aaabfc0d0ce6ed372a942bc251,2,1791384017.1510723,1791384029.0920649,11.940992593765259,136,241970,confirmed,
1292,0x2fFE0EB1aF7502e52B275D75b4f74f63094eee09,node02,e62d7687e8579f074e503badd3aaf8f44ab13662b41ecddfdfd4f8ba72b38dfd,2,1791384017.1526806,1791384029.1233172,11.97063660621643,137,241970,confirmed,
1293,0x7a0b21712A11632D4A9CEA7b4145535D2e0021B9,node03,15b13acdd920b6d400472e21314ebb89296209d1cd803bc1090a08feed286b9c,2,1791384017.1538801,1791384029.2317255,12.077845335006714,138,241970,confirmed,
1294,0x846dD1d1652A16C5E19Cf8Cd87854C54C19231Cc,node04,7813965fb5c0834ecfddc05e5f9894460cfb38525393c4d12e16bea79c855e51,2,1791384017.1565306,1791384034.5246923,17.36816167831421,139,241970,confirmed,
1295,0x7521f5A95f59C5398F2AFE10fA7C83346b00eD56,node05,7c1ac5163ff111d893383c15eb2a7245232d333c590d8594aa1ffdec3ed4f0ed,2,1791384017.1584504,1791384034.5556748,17.39722442626953,140,241970,confirmed,
1296,0xE0caC27f192E4f4E126679061c744FDfF293effb,node06,f9349d82e5da5660af37afab3b1c2020824354a60d4a81ed58df322459898235,2,1791384017.1596262,1791384038.4113777,21.25175142288208,141,241970,confirmed,
1297,0xaa37817c67a3611Df620c9a54BF298F14290C003,node07,7655fbca6eba5e264a3c88307077888c9888c09c51aa6408b1ecef29d65bb845,2,1791384017.1642354,1791384038.2829688,21.118733406066895,142,241970,confirmed,
1298,0x92dDb30E420B56Dcf756F23eB318EE93827B2997,node08,6b1d748fbdb504c3e44650f545a21368d281665a479875318e905ec9515bb988,2,1791384017.1688719,1791384041.38473,24.215858221054077,143,241970,confirmed,
1299,0x6BB9398E864eEe306DcaC04310831F312f490a20,node09,d8b81f70f8a4af6aa1b6d5b7aaef89942954fe6cf9871c8b86915e70d72d48e0,2,1791384017.1728923,1791384043.8291185,26.65622615814209,144,241970,confirmed,
1300,0x1D0293e5225fF026ba8359092F3d4a64bE061811,node10,33f3a87c1fcfb36d8976784600b6b792c6d6a058225ed869d4221cc6d35f0ebf,2,1791384017.176314,1791384045.8623002,28.685986042022705,145,241970,confirmed,
1301,0x29090beA4FB76421aCfbB7335e719E65d3D9910f,node11,95633b16eece03abb2e2bb2f04c66a2fa9bc4f9ff94a8a1b118a74a6e976871a,2,1791384017.17963,1791384048.8846846,31.70505452156067,146,241970,confirmed,
1302,0xAc2999d9298e772659BFB1D4743648bC35f18c91,node12,ba004b3afabcd68598b2471eeaccd806d6d8620a52b69e1ab98474a95d630065,2,1791384017.180575,1791384051.2853606,34.104785680770874,147,241970,confirmed,
1303,0xcbEf1194A7a3e132965242481AB121232F5be7fd,node13,59c4dbf56832cb3e82399ccc74795cc2386a18b971f88d13539eea13b9c4e69a,2,1791384017.1825082,1791384052.7411997,35.55869150161743,148,241970,confirmed,
1304,0xA4059AB2c31A90404D1851816462B9a7424Ee5B4,node14,9749f40b09a43818d0f0ad38eca484f638ee626dbb6736bd82b0c8fd43de556a,2,1791384017.1860118,1791384023.7104394,6.524427652359009,134,241970,confirmed,
1305,0xC7EFd458f304312863C861F4d5e599ecaB6805B6,node00,83c81ab7697984f5f9096b93830addcff295ce7a9a15b09794e796e6177da429,2,1791384017.1888878,1791384023.7891598,6.600271940231323,135,241970,confirmed,
1306,0x4faca2b15c62c99E7b0b95AB9b7977E33e4e7385,node01,8844b128e43cf6c4aee8869709c0dcfc8c6ebd971100fb2f6977d03933286bf8,2,1791384017.1897914,1791384029.4648829,12.275091409683228,136,241970,confirmed,
1307,0x95F0c5Eef9d0A2Da5Fa3A1B95AD001E7221a220a,node02,ddec4b0283845037bdce9dda628e818dddef4e3a2590a310f4f270d91d5d155c,2,1791384017.1973383,1791384029.3401916,12.142853260040283,137,241970,confirmed,
1308,0xd1085d0f4C2517BD7236Ff3d129e098DCC9a0eD9,node03,7a3c689520d961217a1536cac692ce6138e577bcf326a9c79075dd6b2e66aaaf,2,1791384017.1986809,1791384029.6906347,12.49195384979248,138,241970,confirmed,
1309,0xD4D649d93E87d5267073deDe6B4d68fA349B2FC2,node04,55af563bec9dca7767bb82b6c158e4531c37957e882bbb3e95061ce981bcaade,2,1791384017.2019873,1791384034.6180422,17.41605496406555,139,241970,confirmed,
1310,0xFD4A4a09409137b45499eF909ef34E90fBa4Be47,node05,930480b4a2a662cba0c6e256606fdaccb943159542b452febb62fd9d8057f043,2,1791384017.2041793,1791384034.7962515,17.592072248458862,140,241970,confirmed,
1311,0x65F3a0245033006420bCF748Bfb7572F32354221,node06,3835e6ed3c1c7b0b1191ff5fc41b88c886d91d0e10c9e14d9abef6adc3d363dd,2,1791384017.2068362,1791384038.3959155,21.18907928466797,141,241970,confirmed,
1312,0x11848E1Dd4BC951C7C0da65416f18696c0E54E83,node07,7e314be1f92933ac4445bf99613df17b63484452f4ccd67cad591b9dc5d26351,2,1791384017.2092462,1791384038.321771,21.11252474784851,142,241970,confirmed,
1313,0xf747B067CB1671eee312Ce7b333f64956c3af64c,node08,50bad116725d91e3abdec2d6fac26827df879e9f7e4ca4f8d92e9c28e9ff220e,2,1791384017.2108967,1791384041.2724755,24.06157875061035,143,241970,confirmed,
1314,0xb2271AA98b5CE37F8FCD30D2a1E8c6acE753f374,node09,adf143207f1aee030ddee1e3d3171fb1234babe56c5450ee3d148f56f2042d47,2,1791384017.2119148,1791384043.8009486,26.589033842086792,144,241970,confirmed,
1315,0x0f6d99D7A0faBaF8fe2bebE3D0A7335Af4364418,node10,d1457ab932fe4f2c1f1f6be24c5d8fd83010afa8300b54b9959fd1e8129c871f,2,1791384017.2219305,1791384045.993461,28.771530389785767,145,241970,confirmed,
1316,0x06D1C39c703877cF52E34a55F04F0B5669308Dc4,node11,1f5e7aa9f3578aedf0a1c4ca25b16ac91518d81c91837aa680fa72205eb317cb,2,1791384017.2239587,1791384048.9487984,31.724839687347412,146,241970,confirmed,
1317,0x1E3e88Bb88c6fe8D2d207192072968df80C82A0b,node12,9bc6a2aef4a5dece9d9b5f011fae13f519e588ea2232194357a31128511f9084,2,1791384017.2257326,1791384051.3389606,34.11322808265686,147,241970,confirmed,
1318,0xaA5b3a7dcFEa2C037734e1559CF33F452Fd6BA0a,node13,97981dd139fa332fcc47a33e6a38952d036af7ebfe63b9056d7c6799b328fd92,2,1791384017.2291453,1791384052.7211893,35.49204397201538,148,241970,confirmed,
1319,0xf1f6077eAE7732bF5Aa4686b435441E7310De863,node14,5b175305d72358019d70d9b2a736475b69eae74cc31da9668c3159d776cc1be9,2,1791384017.2304084,1791384023.668383,6.437974452972412,134,241970,confirmed,
1320,0x76266A8D99B536216A8c0eE25129bF0C84DDaFa2,node00,604cd96531068202bfac0fd2b3bf069bf21d2118c749c6205db369711c25f8c8,2,1791384017.232665,1791384023.7973146,6.56464958190918,135,241970,confirmed,
1321,0xE002Ff3e7938a62ff8ba1851B5aaa02389DE29F6,node01,98b1953e14f85a29d3946e55617165cf4925af61c9e3ca54fe66e12650ae06b7,2,1791384017.2335153,1791384029.608225,12.374709844589233,136,241970,confirmed,
1322,0xC273e5d3129883b615dc6cBaeA5B62006F42903F,node02,d0464e693fb43dfa9b50486474b1cc55eb2b6cf97110aecb8ae5239336a1150d,2,1791384017.23437,1791384029.3766527,12.142282724380493,137,241970,confirmed,
1323,0xb1e63919594E7bbc8e08377fe95955c724C68373,node03,6ae78c66f6ad21287e75ab9445dec36c25647bd8fe38f14d142e770d0de3a060,2,1791384017.2373254,1791384029.5441198,12.30679440498352,138,241970,confirmed,
1324,0x2b414166ce217CfAbaE689aEf92CDD9cD1A0501F,node04,ed43a00fd542827e43c71fd21ca904c43269f66b5677dc6b13434e7612b5f0d3,2,1791384017.2399752,1791384034.5510523,17.311077117919922,139,241970,confirmed,
1325,0x4DC2f2E151734B670b583c108fd4BbDe367a721D,node05,44c28575dae32b42e84ba8c5dfb0d7ddba1dffa5e1f9d977f556053ed4ac7739,2,1791384017.2418318,1791384034.4959362,17.254104375839233,140,241970,confirmed,
1326,0xF4Bf10A9DBd26134f9BA59d5F45F9297Ed7405ef,node06,5b97769cdc4a0b6c1164014a9c6d77580f58ca2390a4dfa52831119c50c18077,2,1791384017.2442284,1791384038.5441415,21.29991316795349,141,241970,confirmed,
1327,0x2E94E7b4324a34781f1159e19A76E3b5bD71646f,node07,c7001e149bfea74fe1c0b7f274e3bae4aca20956a48967585969d5cd1789b474,2,1791384017.2488303,1791384038.2063847,20.95755434036255,142,241970,confirmed,
1328,0x96C94696BB1fd5fB16AB211f7929609675eF79fD,node08,63497ff798898bcf1ce451a97e11f3042ef2b05c63956fd25c9e24d4770c90fd,2,1791384017.252109,1791384041.2866719,24.034562826156616,143,241970,confirmed,
1329,0xB6cCd359808088Ca1C4DAB7ad1A564b01dCCff51,node09,5979a207fe42cbf4a73813b0533a9caaa6e4060a19816d52da421d003b32659b,2,1791384017.2533062,1791384043.9033077,26.650001525878906,144,241970,confirmed,
1330,0xeD8718Cb9c8E906a40A9774AE9a522B6E3408dE6,node10,25b4a974cbe9737e31c272c5944fab26d625aaa07f919b07455049635a16eaf2,2,1791384017.2554865,1791384046.0074174,28.751930952072144,145,241970,confirmed,
1331,0x76D388959A531b50335794Ea4937E63300F6Cfce,node11,3dabb5a8c530f2d38c4b5641fd14d0658df3b277d66fe9b1dbd0aeedf856eabc,2,1791384017.2576904,1791384049.0541399,31.796449422836304,146,241970,confirmed,
1332,0xB23e17E5F9c9C8698025ae9126D488B6c3F95fe6,node12,338c6652ab0f22d94497e0ffb866ca1df1894b3a921be693a814063c9791e586,2,1791384017.2621038,1791384051.4626074,34.20050358772278,147,241970,confirmed,
1333,0x580328ecb506332f643B186C830bF0484fe6D100,node13,561ffd62d7f234a81ef7fec1afcc28cdf90f4bf33343c16429e83eeaea2ee362,2,1791384017.2661889,1791384052.818222,35.55203318595886,148,241970,confirmed,
1334,0xAa6Cbd540a1D4e3F3924DC31aF1490F970Eda0d3,node14,1b1217afa5615cbf302b7bcbf47614041e93f495930c731c6d4ed0fdb1a0b77a,2,1791384017.270554,1791384053.661317,36.3907630443573,149,241970,confirmed,
1335,0x91c03d823d3019182adb38139c0087CF9cAb2fc6,node00,6a57f7a7390a01f57c4035f96790f6228586888ac38882f102cb0fb1113364ed,2,1791384017.276728,1791384023.821348,6.544620037078857,135,241970,confirmed,
1336,0xF498d465b84E1D645A4Afb37a48CFD5715DDE926,node01,cc0fecf68815b6321bbe6ee4e35455ff31b3c4e8ef47d905ff934dec093784b5,2,1791384017.2790077,1791384029.7008023,12.421794652938843,136,241970,confirmed,
1337,0xD4C445854DA663B8009F40959c9b5880F91206d3,node02,864943cebf03285e0c5d9ea9f410184b2f37bd2b2985681041bf486b1107c6be,2,1791384017.281322,1791384029.3837674,12.102445363998413,137,241970,confirmed,
1338,0xCA50b5f0ee8e0A9a0A41431fd737c732af41CacC,node03,71551c1d005977c9138d4db63bdcd19280c55f2184d60a5995384b23ed66729e,2,1791384017.283708,1791384029.4062488,12.122540712356567,138,241970,confirmed,
1339,0x3eAA8dc7995ccc5441081dcBa99791957EC8723C,node04,6b8cb43535a4973356884f6e0e504d94dc6d464053108b8f8e6e2262f1ba7449,2,1791384017.2871766,1791384034.534534,17.24735736846924,139,241970,confirmed,
1340,0x1Aa456Edde2d514B54A02831611327cd9cD57679,node05,9c51d1ceeb19b730b1f8654b03fab8fd5d539b0704c7cdb3afe91f9653531465,2,1791384017.2883646,1791384034.5825775,17.294212818145752,140,241970,confirmed,
1341,0x9029BED9DaE8c9F56F1d53c036899fD3dd3C52DB,node06,58055964d33626abc3d519d4b018940573020156ef3ac8a16a3c242703ad305d,2,1791384017.2903574,1791384038.347969,21.05761170387268,141,241970,confirmed,
1342,0x64A85207dCC2b576591F9d8348a7aF8a5Aa412bA,node07,3f51294babb3d7ffdfb5b0cefef730fb9b263e48923384820d27312c1afb2266,2,1791384017.2955117,1791384038.495462,21.199950218200684,142,241970,confirmed,
1343,0x3020dCfa51D2E552b623C437ed042eae0754DA64,node08,f3ed8f51a0fcfe2ac744260104b5d8eb236e57e35eb7ce65ac3cb5914697e554,2,1791384017.2968678,1791384041.3709476,24.074079751968384,143,241970,confirmed,
1344,0xe5561aF039C815ad554fCbec0531496d8c966aF3,node09,035eca02dd0a92e741b7ec50982bdc129f8093fa9fed3a09cfe24a42abf75098,2,1791384017.2991629,1791384043.814497,26.515334129333496,144,241970,confirmed,
1345,0xC91c46C5D4569903Bd659D85F449eB35D728e2C5,node10,d79f4dd198c6f04dd00733fbc618a4524d4318bf671bac72191b5dca39eb9c47,2,1791384017.3001568,1791384046.1278684,28.827711582183838,145,241970,confirmed,
1346,0x3806DC88A29e8B288F61d63231Fc3BF27a70aA76,node11,60059a4db0932c4b39fd69032881757a31bd10169be0ea4b2a4bd13b6fbb96db,2,1791384017.3024235,1791384048.9150555,31.612632036209106,146,241970,confirmed,
1347,0x551aA7C60eeCfa33df509001013AD36A7c2d2268,node12,ebe31a8e2787cd080318c9dcf193b2ea0423d8132d7ccb55a52612d27e22179f,2,1791384017.3059702,1791384051.3188243,34.01285409927368,147,241970,confirmed,
1348,0x1838F7EA959352C3cFA170EeC6031e044852FF96,node13,c97fb08393a07b698fd3b3e9aa1b9eeac0f5a7274a4dd760795d3051f74ea5e9,2,1791384017.3074787,1791384052.729624,35.4221453666687,148,241970,confirmed,
1349,0x925ECDA9C47A02C411B4fb4a765df51051fC35d0,node14,31e73e451dd579e12536357c02ac3af9bb2772ae2f551e001684ef31e106e76d,2,1791384017.3120403,1791384053.6557832,36.34374284744263,149,241970,confirmed,
1350,0x44672ccc68710b6Ac7A93A64B82029dE2333B483,node00,73546d38ac8a17b327dece057a5720a4330df5c66ce4a0fbfc360f06acbacf63,2,1791384017.3153725,1791384023.8789637,6.563591241836548,135,241970,confirmed,
1351,0xC6431b28A3Bad861906f926551E21A5aA4367e92,node01,10bbed8342b5cd29c93c5416c421728ce174bbd76407c21140d4a0ce6d53f086,2,1791384017.3185525,1791384029.65462,12.33606743812561,136,241970,confirmed,
1352,0xBC40BfDFd002292D535A88F68dABD4c8a0c09021,node02,ae2612be859dc7965e71bfe1331255f197a38271a331f9522c23e616b91c8b98,2,1791384017.319441,1791384029.486203,12.166761875152588,137,241970,confirmed,
1353,0x21e64B34C1cEA4009fFd7116eb5A1b7bB4e93092,node03,b811b76c1fe1cd43de3ee3682be44554b930be6784105c78624827423b84ad2e,2,1791384017.3235512,1791384029.6625144,12.338963270187378,138,241970,confirmed,
1354,0xfB918c06747e3FEaef327B42776908DC3B0E08Df,node04,020c7d58050657faa4a22afcdfcc5fd396a390d14a878b8344ae99bc6551974b,2,1791384017.3260322,1791384034.684301,17.35826873779297,139,241970,confirmed,
1355,0x7eE725d8967eBBBD2E19F4530E47D82E823d964E,node05,9fd47186edd24ba8c13db754ebcfebfa2c078fbfd4763f52fc4869a5cacd8f3f,2,1791384017.3284652,1791384034.5736659,17.245200634002686,140,241970,confirmed,
1356,0xE802054F397703f7c1c2834045D84557B68d0ce5,node06,755ba3c9e38182ff18fdc295b967b928f12f607d36badde6c65907b5c6806474,2,1791384017.3338373,1791384038.3700628,21.03622555732727,141,241970,confirmed,
1357,0x12c61b900a64ad97468addeC76f3CD9C88c19357,node07,5d976ba06f43522e3a36283cab8895993fc3cc75b63c7fe059117d7ea21e03e4,2,1791384017.3357725,1791384038.3578362,21.022063732147217,142,241970,confirmed,
1358,0x8F6F1C8A32dfAB372d25CF88Caaeb486598fB63d,node08,e80f69dc2dca7f96df5943d1d4551eeeb22583da3455fdf7136efaeb7cca984c,2,1791384017.339062,1791384041.3820295,24.042967557907104,143,241970,confirmed,
1359,0x1f9c397C2d984A0B33814a03458B97F6ce3b63CC,node09,8462aa6047ac23c92b025ee57d53dd08c0c6ddd2bf76d3b91d8645eda4a93063,2,1791384017.3453004,1791384043.896273,26.55097246170044,144,241970,confirmed,
1360,0x096C2A6aa1E8FC07f831872fd83B07Ec6cc31552,node10,37bb0f9c7039ddd8602e4597a3f008703f5772f7cda2ce26088cc5298ca97112,2,1791384017.346975,1791384046.1223297,28.775354623794556,145,241970,confirmed,
1361,0x1a9582dC5bF1390fbCD87a668bD8A2C450d55F9A,node11,df41eff38c18d4ecbba37f9f58f3fa2108cff32bbb515480f70992a683bdf6b4,2,1791384017.349014,1791384049.0285637,31.67954969406128,146,241970,confirmed,
1362,0xaCc878840BE96Fc43136B031Fd36Fb54c2776EfA,node12,79c3c4caa46f02dad6d39a32138d9e1beefdf5908a8441e33a973c0f6ba4ef65,2,1791384017.3528876,1791384051.39252,34.03963232040405,147,241970,confirmed,
1363,0xf619410A2B6066d048FD31cD5722069B506d02ef,node13,e4adbce513461357d174f6eba4061ab881155bc825b06f0ed7edd48343aa05e8,2,1791384017.3550801,1791384052.6919334,35.33685326576233,148,241970,confirmed,
1364,0x2483985f64838260831BDDFC4B9cF79EcA7ca6cd,node14,705c1ff4773eb9b6cd971de5f5552e23e7fa551adc02383d1f6bf4f5f6e4559f,2,1791384017.3594718,1791384054.008084,36.64861226081848,149,241970,confirmed,
1365,0xbcFec5F0bCf35710d62e3e96e8A22d7d31C3ED82,node00,784772ef0a07de504de9ca1b4e264139c426b42c790940da62f6c4ab4858e687,2,1791384017.3609807,1791384024.0447311,6.68375039100647,135,241970,confirmed,
1366,0x7673f09D948192f898f96CE638b3805626050ECc,node01,75526c15a95a711d576c3b9cc465980c3547118deb1ab81f11c5ea30e623cb97,2,1791384017.3619456,1791384029.4946132,12.132667541503906,136,241970,confirmed,
1367,0xE90fB57a43A65dB887E2b248C5648b892F47CfF7,node02,923a0c7244157f2f68e9365a94571a701c2e635db541e2c6fd68e6e5dabbbba5,2,1791384017.3664696,1791384029.5363288,12.169859170913696,137,241970,confirmed,
1368,0xE4D41C94c7D0202Ae188353Ab0C438b28F57222A,node03,5a372f071a395b5403bb20e5ee2e110417c5992be5eee60d8da349379944f437,2,1791384017.3693614,1791384029.5191898,12.149828433990479,138,241970,confirmed,
1369,0x168a35Fa81Ae497caE0A7962cF9FB3B3C4E773Bf,node04,9f82b29bcc317bb90a4892ec441d1b3a7a9bf225c0c70dc2f99274f202abf528,2,1791384017.3715816,1791384034.6681216,17.296540021896362,139,241970,confirmed,
1370,0x8Fcf6f5E927B18EA1c5fe3513660ac343D57944a,node05,325878826152b6d9a019123054a6c94ce0d2cbcfef4288a84cde9ab3d9fe1317,2,1791384017.3757448,1791384034.6069272,17.23118233680725,140,241970,confirmed,
1371,0xD1BC34015Fa273324186479aC6c8A35208fdC6E8,node06,a5d937c471bdf1576c64200004eea9baed0d2a4763715c0f5a561a5582aa6e4a,2,1791384017.3781319,1791384038.351382,20.973250150680542,141,241970,confirmed,
1372,0x9538A0CF94A4D16e2F252D84E215bD76e13EfdF3,node07,82b4c48ef38c5369a08ab193e5faff3131ee6fc29d35aa766890dd585c9d70e2,2,1791384017.3820133,1791384038.6426222,21.260608911514282,142,241970,confirmed,
1373,0xAAf00A3Da1a2AC2db4e02194bcB328896e616ec5,node08,adcabb339fc2cc54b5b0284a65904bb93933e7ab09bd3cd223e099daa7fd92c2,2,1791384017.386906,1791384041.3545508,23.967644929885864,143,241970,confirmed,
1374,0xe0D523990F7D8927b1bDa3A5DFe2fc8ba8bfDe01,node09,fdcc787031b86a4abe6474f4b3d2a4b48fc5a6781c153768a0f9658732c16aae,2,1791384017.3900425,1791384043.946445,26.556402444839478,144,241970,confirmed,
1375,0x32561F59B7f7CFE69Cc604d334716Cf0A004E1D0,node10,81809c9956c2893853b139d161290bb6b9dd37372958122d7908fd611bbcf701,2,1791384017.3914502,1791384045.9911282,28.59967803955078,145,241970,confirmed,
1376,0x5304b9c275160668019c9f4dCE712470c42120AE,node11,a5eeb0813c2b3fc7ab0bc8b20f836a8475eb79ce3353d678846274bd57048b16,2,1791384017.3960402,1791384048.895106,31.49906587600708,146,241970,confirmed,
1377,0x6f681DdE5da103449497c838214202Be87F97f3A,node12,493f167621e967fcc28908be9e5d0d1cc5efddb16310174ac9c09c5951b37983,2,1791384017.3977354,1791384051.236023,33.838287591934204,147,241970,confirmed,
1378,0xB0917F8dFeDeda0A7d13764A39226d7dccEACe23,node13,ae2b8e41a90732ae3f94011c8ce62a08cc6fc0b496db0a228358f0d7ce2615cb,2,1791384017.404244,1791384052.8259368,35.421692848205566,148,241970,confirmed,
1379,0x12786e0098fa0a1B211D2837aABb38bD04Ef3553,node14,86e54551063f5e84a88c77e2d258b6e4b826f7871a20de6b9b7100b7948d1b43,2,1791384017.4051692,1791384053.7199407,36.3147714138031,149,241970,confirmed,
1380,0xe18833a467c4cbDe650A3fC562f55E18b43C5D72,node00,f7b6243bee0a5b1be76263aea698f986fcec3c0a887451f1cb1982e097baf98d,2,1791384017.4076722,1791384023.9735544,6.565882205963135,135,241970,confirmed,
1381,0x9414605C62CcC6Bd9b77734e79A2659E0Bc1e1C5,node01,fc17cb2a8761a08d682409c097b2b55fedfcc1983cd3675ca0fda791921d2634,2,1791384017.4089167,1791384029.804959,12.396042346954346,136,241970,confirmed,
1382,0xa96adaa0D620C904Fe3362C4EA67113EEE3F8080,node02,2ee593fbd3b0cad5e736205fe3a4f8dddf7bcdfda5fded3d56b866c2f6eb06c5,2,1791384017.4119601,1791384029.826166,12.41420578956604,137,241970,confirmed,
1383,0x7EfC875D6c9FB0Fa78d6E913a635e94396Bc5733,node03,9c0d67b25ad3affdf6dbba1bbc376e7df062425ca82cdc2cc022051b238a7c71,2,1791384017.4133573,1791384029.6342585,12.220901250839233,138,241970,confirmed,
1384,0x7a7ec39603a1A164c7Bb37FD9E327f23f07A2ECB,node04,b13755d127acd9264625f5ce338f620434757d0c39690092bfdbe4b2ff139477,2,1791384017.4164002,1791384034.5690222,17.15262198448181,139,241970,confirmed,
1385,0x6d30280D7f0d308aF052c43896966396d8cf606B,node05,59aa79545f3213f027f821b4f37f1bdcb915a17514bb2bced1b08701b868f0d3,2,1791384017.4188507,1791384034.6827,17.26384925842285,140,241970,confirmed,
1386,0x5b3EBeB69D3aE393b5a40db8180613D585B24114,node06,99b1fdc73ae53ff2d4b39c0ad01af7658c893b187bd0c204a8775c8808610f31,2,1791384017.4216435,1791384038.3404748,20.91883134841919,141,241970,confirmed,
1387,0x880498d3FD7326720a974df04B200cBde9A0A9cF,node07,41aa8479b77e5158782f27064cdd9b199e3d1c5845ff904934737f7fcb0a05d8,2,1791384017.4238462,1791384038.315443,20.891596794128418,142,241970,confirmed,
1388,0x3215Af886cbFD1AfD28e831eeB3B28bB2125BAb7,node08,d6adde6234ec2c269547bbf05bcf26e7f9dca18ac27fab348b97847cd2186093,2,1791384017.4260948,1791384041.6299257,24.20383095741272,143,241970,confirmed,
1389,0x7c6f0beBe03Ba2F0334E65063346e9e8CD9a1A2E,node09,e826624d84ac7c9ae6f6b60a0b9ffc3fb3f69cd99aacec009a922e3fccf58192,2,1791384017.4300594,1791384043.9690235,26.53896403312683,144,241970,confirmed,
1390,0xd3f8aB12f998aBFcBcD0118299267F86C3D0C3A2,node10,6d852613ea64c9fe9d246853f0e20dc5af1af2ae58fb7ab6b67e1c3ef52f3304,2,1791384017.4340403,1791384046.0180433,28.58400297164917,145,241970,confirmed,
1391,0x270B8Df78058e770F333224C4072d8B4DE2e76C8,node11,4a1e5440816cd3fe8cc2d5703c2d39e828a279148bd81767e5dbb70305e60267,2,1791384017.4366918,1791384049.0677202,31.631028413772583,146,241970,confirmed,
1392,0x1088605d8AF889cc2EFcE4C8ACC09ad8d7816032,node12,bd6f1104ab87a01bad3587587065d633be99dd7a9ef31b50273bcdd3f726f2a0,2,1791384017.439952,1791384051.3380885,33.898136615753174,147,241970,confirmed,
1393,0x3F971aC9c98b4c469a6DBc0d435B564Bdeaca56d,node13,638d75773e62416828f665de45fd37194303e0c36e1b6600db225c616460890f,2,1791384017.4431868,1791384052.7624211,35.3192343711853,148,241970,confirmed,
1394,0x13134A3B694f1cCCFC96da4D33668a71B7b7cA16,node14,ca55e144c9c2f5243880f67ed5932f48b2396754e67dc17ec68924da511f0ae9,2,1791384017.4451008,1791384053.7506971,36.305596351623535,149,241970,confirmed,
1395,0x351060B66db073D49eaCC3e227ebf183A4216eF3,node00,3d0923a9e3c56f47884e08373cef75d3529c65d0e5a7d489597515838fe5569b,2,1791384017.447812,1791384024.0320427,6.584230661392212,135,241970,confirmed,
1396,0xBb335D748D1164cF6E3F8FBfaBf5D4b3BF48153A,node01,1c26860b8d55a8b4718736e56c30bad2e8b987a684fd415a2a1b10bfe86c5792,2,1791384017.4501348,1791384029.8516583,12.40152359008789,136,241970,confirmed,
1397,0xb1bC63643854ED3Cf9D3eFd2bc021570E593932e,node02,4e2695118f7d3d1316cbaea7da963920bcac9958271e69fd7367b82f5f5d59d0,2,1791384017.4532723,1791384029.7509723,12.297699928283691,137,241970,confirmed,
1398,0xf139483Dc8714A605F3F70320A47CFa18270a906,node03,fa7cec72e7797327f7d10e90f21e5c182f89032d4dd7c83107face48667e6b1f,2,1791384017.4562647,1791384029.8208401,12.364575386047363,138,241970,confirmed,
1399,0x6e5814E3500A21e294Ae8A2A5080A9e96cf27Ff7,node04,6d52d165d9fe833cd38ede867e9d2c523a9ecf645b8635b80c2b25e3abb5a867,2,1791384017.4588587,1791384034.6327753,17.173916578292847,139,241970,confirmed,
1400,0x7eD22035B036dB531FA7624307336d1db31a9d77,node05,bcc0b553aa7648c6792c60425cfdf4b30a2381ec8d516c2a645083285c78aef9,2,1791384017.465622,1791384034.8837397,17.41811776161194,140,241970,confirmed,
1401,0x8ef6C1E8099EedeC8f9949761d2ceC2928c51554,node06,f0a1eca157034fb5570ce7513662372d52cb391ca6b545becbe2e0a9438da982,2,1791384017.4679666,1791384038.5288901,21.06092357635498,141,241970,confirmed,
1402,0xd27b0B6F1a260733915E72d7Af582408df300887,node07,7f383931947c1db8e4f5c14e9983f9ddebbe07194e18fe574b57f6fd427dfe1d,2,1791384017.4705472,1791384038.5738866,21.103339433670044,142,241970,confirmed,
1403,0x58966E5A61C4db3B996950d56A413e152F1B7C83,node08,d375bb5f71516b728629f4b192930918dede1e66e140bf74b725e2bdee38ede3,2,1791384017.4732833,1791384041.4530568,23.97977352142334,143,241970,confirmed,
1404,0x516Ca39244C6Bd507436bF294BFe36C9A0f6ec1b,node09,b0a3eb98944e5b663d0d79da3d84b2450451c1a0132045b29d8eb68592234324,2,1791384017.4752235,1791384043.8994145,26.424190998077393,144,241970,confirmed,
1405,0x039005a388Fe1001F1c189412588E930509De3d3,node10,11eddc928788fbda9020038d1e46eb5621720006f94c8e1a25ad60fba1c64232,2,1791384017.4799905,1791384046.1559005,28.675909996032715,145,241970,confirmed,
1406,0x2F388b3308383C33c977ccBa3681c625eCc47B48,node11,22d8ab82390688ec0c38e54403b0d44435aebf496879f595d25546276d776ffb,2,1791384017.4832637,1791384049.2014527,31.718189001083374,146,241970,confirmed,
1407,0x26d2Cc41077c10710E1A2d49d74C06b7324AaAdb,node12,c76fd8c04a9a7a901492568979685a6cd315a9aebca7359139ac622626b77c17,2,1791384017.4843736,1791384051.347479,33.8631055355072,147,241970,confirmed,
1408,0x791aE645E9cA20904666e1219cB7E75975a72832,node13,6f78cb70ac37bb2fc2ba4bfc838ac31489e8898265223b08b4884ed02cc963d8,2,1791384017.4868703,1791384052.73469,35.247819662094116,148,241970,confirmed,
1409,0xEd17A4A311503d01f10ac67A253021Fa3C9f155F,node14,d5975d9482121457f9dbf90b656480f2289a90e665f9e222eaa081d72cc2d8bc,2,1791384017.4909995,1791384053.7063732,36.21537375450134,149,241970,confirmed,
1410,0xe5F98DE2e45B53fD4624CE98E2E09E16444Ce4e7,node00,dbe8c27550d9954102fcbbaaa0de1ed2dd5fea98f6870dec228f670dd2ad0be9,2,1791384017.4928694,1791384023.934426,6.441556692123413,135,241970,confirmed,
1411,0xBA1935471353728dAC1AD99C94A62AB3a6522357,node01,c5157418177f0551003475072c2e5fcd746e9994903c2d8bca009c0bac1eef45,2,1791384017.4958205,1791384029.7529976,12.257177114486694,136,241970,confirmed,
1412,0x31F1BaB3AC25A516ef4b754440E4255B6f0bb688,node02,20340c7a6055a9723dfdb08cdf8e2bb13dca78f6dd19b834edee03823b8ea874,2,1791384017.4985275,1791384029.9123583,12.413830757141113,137,241970,confirmed,
1413,0xe6c77f32e1c104b26a621B6a6aFCde6622c6834B,node03,925e4d7c2fd7e9174bad37026e04a787305343fe175d3ab585f1a7fda8882a38,2,1791384017.5004969,1791384029.8532546,12.352757692337036,138,241970,confirmed,
1414,0xD7f847d967b807955c9fb4A86A4eD7a6158f81c7,node04,ecd9cd9e18557299f12cc7a2232344d3de4f294f13849c6afd05be7f5fe4f2fb,2,1791384017.5015447,1791384034.6547854,17.15324068069458,139,241970,confirmed,
1415,0x9575004d54770F60B3fBB5d8f18EB7F9C3b462e9,node05,e3eb5e288fba300e9275db951c4b82495d9dd595e4fcfd08e782b589f18f77d5,2,1791384017.5036414,1791384034.721254,17.217612743377686,140,241970,confirmed,
1416,0x76BDBB6658E2F885d1Ce2dC201a5626946124830,node06,e50b68c3ec274e776206488ab477069dc76e5076aa8e1044963831e8ff2a5d45,2,1791384017.5056999,1791384038.4335349,20.92783498764038,141,241970,confirmed,
1417,0x72454fa4506cc6fd87B14A3607883D83B0238eC2,node07,8a38b11e00e3cb6f0d94791eea532ab59993257a687421316388fb0d032c3303,2,1791384017.507148,1791384038.5209613,21.013813257217407,142,241970,confirmed,
1418,0x861804F657fb88aCA35b14B8E85CF18F64f5AD24,node08,6df506ba5e7e7398a62f6928ea60ff4987e70e9a5b49baf548cc4d147aa00c77,2,1791384017.5089471,1791384041.4006078,23.891660690307617,143,241970,confirmed,
1419,0x78a65A0138D87C77E40D7b702c8a77E67C658dA9,node09,2e9ac197f8db0fe87871c5d96cd928be9282310920fcf5abae46a2d1b1e177cc,2,1791384017.5113103,1791384043.9493215,26.438011169433594,144,241970,confirmed,
1420,0xCFa1AECAB318358D24a59bf07406C9376a446078,node10,cd712592d39716115c6e230842c313c3b37572ce26d008400964d64f74888c52,2,1791384017.512702,1791384046.079892,28.567189931869507,145,241970,confirmed,
1421,0x577530134Dd3C03c2e38Ac48859063ACF91C635B,node11,9a5885ab3c028daa1c081a10d458a04702f39bf67ce57fa6bdd77cee101454c3,2,1791384017.515785,1791384049.1350048,31.61921977996826,146,241970,confirmed,
1422,0x5C3758c49C70ea811041312A39Ef708c3117FF72,node12,69a67597069144156f557e300044738de539539cb820acf6048adf8c6ec32799,2,1791384017.5186834,1791384050.067516,32.548832654953,147,241970,confirmed,
1423,0x9AF86c48d9a13Fbd8b0b99dA2BBc09a7eA821BCA,node13,efc5e6ca4953909324b3ef4a4e531913ec6a810df33aad84c4b39c2a704d6ecd,2,1791384017.520577,1791384052.786234,35.2656569480896,148,241970,confirmed,
1424,0x4b30cEBdc0585664f2767290ef64d6d21f22d14f,node14,b7154e400c06be092f0dda92e405e7cc3ccd743ed220476e48d0e7ff5e0a28ea,2,1791384017.523852,1791384053.6818192,36.15796709060669,149,241970,confirmed,
1425,0xA221A85284b2F9e99dF3f61f4b48732Bc3F61720,node00,5e13f143eb7480f3a4a9adae8d1f665af9736edef5812133748dc064d211fc1d,2,1791384017.525144,1791384024.0602949,6.535150766372681,135,241970,confirmed,
1426,0xa716e05aecdAf6b0F17D1157f3d1f797f7a39317,node01,c1a32b56a4c567ba1343e217092d6db431cfab4be3216e3fa8768b9f24bfd9ac,2,1791384017.5271707,1791384029.8741894,12.347018718719482,136,241970,confirmed,
1427,0x69f8874B81C311e247CBF2a805690648B0Bd74Fe,node02,3004f57102d5269bb1eb2ee874240e4c97824b8d940e83183cf2bf81d27592d3,2,1791384017.5292032,1791384029.8756227,12.3464195728302,137,241970,confirmed,
1428,0xF921c12cFf22C6e577631fD7046fB808bb1D6278,node03,fc923f7bae6bd9fd072814d8c071452f60e075bd890dc07ea93f390223ee75ac,2,1791384017.5308235,1791384029.7621174,12.23129391670227,138,241970,confirmed,
1429,0x6C56F9Bc4aEe759C24eE10D454f98b40E68ddE27,node04,f79713c5b710a2fef439bae2a8094f2081b10d77ef653049e5a94c4a304fdf9f,2,1791384017.5323799,1791384034.674581,17.14220118522644,139,241970,confirmed,
1430,0xA5468987050075be81F9A2ed7CD6cD63Ac88aa3B,node05,e4a4e8f167aac1d43aab2fc824e64efcea4ab8f35376918a1c5aa4cfd2b3dd6f,2,1791384017.536358,1791384034.6860683,17.149710178375244,140,241970,confirmed,
1431,0xC753FAf804407E534AfbE0e95A3E30F1ea4164f9,node06,6ade9f2255bafe98b24174e195137fac687750e61dee431f926b67324e10efc1,2,1791384017.5383608,1791384038.6805367,21.142175912857056,141,241970,confirmed,
1432,0x2be76E49668D9d6FfC7118217562FDE5A01e4c07,node07,df81f747b6dc8c148ba0a53b281d94bcc0e1134b86f0cb48a91caf1e78881c99,2,1791384017.5406055,1791384038.4216077,20.881002187728882,142,241970,confirmed,
1433,0x196E5B80469E2b0b685E5cfF0F232200C47495fe,node08,0058be14e1ba54a763f649e16d0ea641d0ea5d0d39ee25e71855f0b52d716f03,2,1791384017.5420065,1791384041.4636352,23.921628713607788,143,241970,confirmed,
1434,0xa2C7Fab2C95619EE8686193ADd3E53757B7B3C5d,node09,1353b4703bad9d4670be4e85dfcc78eefe6dcfb98b95143873de1c634bba4fa5,2,1791384017.5446563,1791384043.8798637,26.33520746231079,144,241970,confirmed,
1435,0x0D471dDB24fDb6A0992bf4a5209809a96E2634fb,node10,26bcf762909751ee1a6f78d01a7b108c7645f9fe7105838f61cc052dd1f573d8,2,1791384017.5476704,1791384046.194307,28.646636724472046,145,241970,confirmed,
1436,0x484beB2737da133eE830c138bE78190af6A38c6C,node11,efde400a1e76a2e377643447250a37d0dd6d379f24c8c89ed83a0cbb34ea5490,2,1791384017.550695,1791384048.961747,31.411051988601685,146,241970,confirmed,
1437,0xc1462c4B40C0569AB0629eA7CF46D90F1d549D95,node12,4cefc667ea4b13359cc4b54c0caec292d9388b7f1797f570dcc25c0c2ab15ff8,2,1791384017.5526588,1791384051.376965,33.82430624961853,147,241970,confirmed,
1438,0xA7a8d512C08D864FF5D2d0568Cb9651F4FCB8C97,node13,1055222cd2f0af51d3b82ac2f14c1f136c69df9d75ac5dacaf983a6fd23ed5ec,2,1791384017.5551023,1791384052.744798,35.189695596694946,148,241970,confirmed,
1439,0xe51F0880cc59F3A0a80f7c7daA9FeDfA51CFCcb7,node14,3b1215a1c0a30323ea2bfbdae3f93f3b68deb95abd255a500d2282c59fcafdf1,2,1791384017.558644,1791384053.9494777,36.390833616256714,149,241970,confirmed,
1440,0x455D0631a5a27ff7A8917161eDCf40d967245FDc,node00,a837b625636aa943152acfda22a7f919bef4e00d6453f269a001434efdb93bf7,2,1791384017.5608299,1791384024.0142684,6.4534385204315186,135,241970,confirmed,
1441,0xAAe05399e384111A57F2Ac023e768A2cf4731513,node01,964461ec47136ea8f1dcaec95bce6f90f10532f316a43261990661bf7f1e340e,2,1791384017.568723,1791384029.8315625,12.262839555740356,136,241970,confirmed,
1442,0x39E866A591B54D0C8C445184E631415F19671072,node02,c1ac8cc90de1b2f6f4b33b744deb6e5eba89281e824af0394cb046baf12a3bfe,2,1791384017.5724697,1791384029.7892451,12.21677541732788,137,241970,confirmed,
1443,0x6A7DF6c4bBAC6ab045b5fA6aCF31779269B0b84b,node03,cac618beb44984b30e91b6c23397092b35979ef2c744eabe9f76a1613c109733,2,1791384017.5746665,1791384029.9224508,12.347784280776978,138,241970,confirmed,
1444,0x86612F96435339230c1BABB346c0DDE99c5E5a2a,node04,9c116c918edf69c42633ed1010e9f1bf5fe3aba1361a5bc81e87773082bae04c,2,1791384017.577609,1791384034.799497,17.221887826919556,139,241970,confirmed,
1445,0x765212E65BB8f823E64dc53f2dD33c90C3F8f7B5,node05,0347bbcb013587efd161aeaf6eb59c55aabeb7ab24561b783cc1b80c9f68d116,2,1791384017.5797684,1791384034.7848063,17.205037832260132,140,241970,confirmed,
1446,0x60C5ab09474d9E9EDbc2BE228131BE5C9E693c80,node06,2b381bdae3b7de0a4fc113b24902d9344765e1e6bb54b173b1b7de7d249e2f5a,2,1791384017.581658,1791384038.4359357,20.854277849197388,141,241970,confirmed,
1447,0x90Cf107535f8A9ebC9b0F978c2818735834BcF69,node07,02ad96559bef3cb1d956cf8f2f433a7b64fa73662acbf99c6ef93b59afddc475,2,1791384017.5834508,1791384038.4883356,20.904884815216064,142,241970,confirmed,
1448,0x47eAd44c6d91B61E4dCfD5472FA722B9EF5cc88f,node08,9a31f7dfb992fa9eb7d2f9469137ba87c3ebcc2b35222faa386d4eb440a600a8,2,1791384017.5890126,1791384041.4012024,23.81218981742859,143,241970,confirmed,
1449,0xb6bE34bEBc07b74dF3c3a139bB9523c5081f2D6b,node09,8881e6e8ddb85412e095863cab9449ee0d06261e4750f1a34d7d030bf35cf9cd,2,1791384017.5910904,1791384044.1021106,26.511020183563232,144,241970,confirmed,
1450,0x60d93d5FA098c8B6FC1b476a10F1036E47a59202,node10,3fe67d369880ce5d436c8edaf760ff2a765077ab37754cb7e2f30fe4bd6f1e13,2,1791384017.5935776,1791384046.0835114,28.489933729171753,145,241970,confirmed,
1451,0x14c219c7407367aC4438b7F292936435D25e52f8,node11,197c0a9be85c65ff8c0a8fee65f138939f7018dfa7a2798b6b7fd3053ffa1d82,2,1791384017.596144,1791384048.9664996,31.3703556060791,146,241970,confirmed,
1452,0x7560B45f6Bc8F9d1C4D4a29C3d895B0ec5A6016b,node12,e2b60981a71984db1cc47a79400313262355339ee13a0dfbd926fa786270ef04,2,1791384017.6008825,1791384051.343273,33.742390394210815,147,241970,confirmed,
1453,0x0BC5a5bA15A805A5ef987125aBCf1fdcD2db6cD4,node13,576966849a1179e9d2232248821aa65e9337e667d25cafcb8bdc89efe9285424,2,1791384017.6020985,1791384052.7937832,35.19168472290039,148,241970,confirmed,
1454,0x3b846eB7AF60FC40bb6f4CaA073C91A7b0E3587c,node14,bcfe8a9c514c811f85eb5290d63e06dac87d8066d4a30109cd1cb90b5fc8719d,2,1791384017.6058931,1791384053.8558617,36.24996852874756,149,241970,confirmed,
1455,0x0Cec558aD64dc88B771B93E7D1a713f34491De81,node00,c619175a3b2e896b8bd911f9d1fafcadf47c18957c79a454e3f92c02558d18b7,2,1791384017.6069,1791384024.1699202,6.5630202293396,135,241970,confirmed,
1456,0xDeB9773fE01C7d0B63eE458d12a8F229e44903EF,node01,b58e508873efc59edff5cad01fa4a61bd55b9f163956d4547da9be449ce35dfd,2,1791384017.6090143,1791384029.8466337,12.237619400024414,136,241970,confirmed,
1457,0x3e7615b0cc4350A5B7bc1D7753B525a49094BBf6,node02,e16d91a73af21e039a0c73ca00bb79b95cbcac0bceb6680da82ea01f893dd4ac,2,1791384017.6100285,1791384029.936253,12.326224565505981,137,241970,confirmed,
1458,0xa288023297c8aB6998269E80A3c4c2b65d6a70b3,node03,40a5933b96abd3bf233b1bf9502db327d557cd3dcb773bfc6e205f5e4d2c4591,2,1791384017.6124406,1791384030.006564,12.394123315811157,138,241970,confirmed,
1459,0x943b48D634668c4611b4a131C6fE840137986eeE,node04,d29e7cd1d5143824e623b0b039c3bb110d4fcda2f93947d073173be21995736a,2,1791384017.6145902,1791384034.935697,17.321106910705566,139,241970,confirmed,
1460,0x7f4f8E38eC2C9F6d4AA073dE77d1EafD54417722,node05,8d4e2a8c2c7bf40136abd986c2fcca159499f11c19071124fb79b14fc88b7baa,2,1791384017.6156707,1791384034.7266548,17.110984086990356,140,241970,confirmed,
1461,0x6e4277D240341Cb0F8B4B80Bce1833AC9F2250D5,node06,f209c61e2ae1c15a885ef604bab22deb236d745ae1ea927d684e506c3a23aef5,2,1791384017.6181622,1791384038.4844854,20.866323232650757,141,241970,confirmed,
1462,0xd710130AAF0A7AB0748e5F73A76e0e6873D2E269,node07,d09c284b52d142384fff8e236cd05538265a75b98dd549de43938a86972413a5,2,1791384017.620768,1791384038.5352435,20.914475440979004,142,241970,confirmed,
1463,0xEC53558E11654d555CE611Ff50622f7a64AB55Bd,node08,eebc4ba43c536c4ad8e05524a27aca2cc380984505b610bf109a708c69127a77,2,1791384017.621882,1791384041.4276414,23.80575942993164,143,241970,confirmed,
1464,0x04a0AA8c27366EEAbD4EC36f3f4Dbb9b2d06fbab,node09,e652fb39013599c19a4c1ae7d7dbc3f0dc13915a4123b0156e202a2ece36b355,2,1791384017.6242104,1791384043.9074259,26.283215522766113,144,241970,confirmed,
1465,0xF9AcaB98279Bfe72aD8f020F57c6bB43F86Cf2e4,node10,984afafa21f0b2b01ae0f6339ea04c3a2f7fe006a493f88ac710ebe3bca39149,2,1791384017.6256118,1791384046.0286849,28.40307307243347,145,241970,confirmed,
1466,0xe8Fe7e398F7912a984775305CAdC0ACD8Cf7953a,node11,5c056f0406ecc57c8f4f77c5be71495e485970602eb88f778b19e4c6e74f629b,2,1791384017.6276274,1791384048.9715538,31.343926429748535,146,241970,confirmed,
1467,0xc28eF71D64bBEc0fd9F13954941FB01678E2CA4F,node12,dc05de2f5d5f0bc383164749120930979e958121ce210e96f4e19f6eaf41075c,2,1791384017.631572,1791384049.9986355,32.36706352233887,147,241970,confirmed,
1468,0x52c2C44C52987C2bAfd2824E0764155350bE84e0,node13,e5bd22928f1bf0d9b20c1652b763470707435d4ffee6f3095b41ef8d995b82cb,2,1791384017.633791,1791384052.840266,35.206475019454956,148,241970,confirmed,
1469,0x0b7E97e5f51B37a6C15739231738ABC5b785b969,node14,255111f0a7af036ae679368ef77c6af46e19ad226d4cb18ca12b81398218e125,2,1791384017.6362414,1791384053.7997286,36.16348719596863,149,241970,confirmed,
1470,0x0da80840F4e14F7Ac89bA9Bd1817579c75e0DD71,node00,e4642a6316a3670e647f0455c4b79cd1f480a455c499c41404462e43df24790b,2,1791384017.6387672,1791384024.1398342,6.5010669231414795,135,241970,confirmed,
1471,0xf8B4D466Ce79E834eac85CD6980Ad570ad5958C1,node01,f30e8d1c4c321347e299ebaace64918ba9e545daa6036fc82f301505a546f498,2,1791384017.6402795,1791384029.965649,12.325369358062744,136,241970,confirmed,
1472,0x89eF809C2c9b3AfcddC9d4E1E0C99c6B7db85af0,node02,1dac0432130815f28c68daad5e30e0c1469be857f367a48eaa0bdbe1f4c38441,2,1791384017.6459641,1791384029.9989555,12.352991342544556,137,241970,confirmed,
1473,0xF947D4dbE60F4E69E262E33B7986282b300a80B9,node03,1a232e519abb52b29e7bcc469a8bea27de1aa249b1934060b8ba8ce4cd60fdb6,2,1791384017.6470883,1791384029.8550262,12.207937955856323,138,241970,confirmed,
1474,0xe80080002e8EA3e7FfbAaC061f7E9c4479daF98E,node04,ef0dd00f4754120b79baa6a471f6dfcbbb6c6ed936aa019a85ec5de06e8bec30,2,1791384017.6530387,1791384034.8596299,17.20659112930298,139,241970,confirmed,
1475,0xA9b505B2190587815Fbf1a3BdA1197cEC07a70BC,node05,ab4af68342af4c2cc72949737039e417c9e728cd0e6c72e7ec1e002f36b11dca,2,1791384017.6566331,1791384034.8523495,17.195716381072998,140,241970,confirmed,
1476,0x91a2102b90a2C550Ec6C20b83012dC0820d1c271,node06,58cbb4e69c58ef6990a7c5d27956510db4e8d17ed49189ab70984ff0288eecac,2,1791384017.6577578,1791384038.61834,20.96058225631714,141,241970,confirmed,
1477,0x4bf7AAD8Ed45907D153eD8D22Ce1C245cE3F7Af8,node07,8633150f67e90e13dcb2abc668fd927b12a9122d89252b2ae324a1c289083b2d,2,1791384017.6607249,1791384038.5700266,20.9093017578125,142,241970,confirmed,
1478,0x551Ed59De8b6F90fe42274E79C6ECe0c52C00F1f,node08,45b741302e52e8c8d6aa75a2840d538992858a2357c66eba6c5281183361afd3,2,1791384017.6624641,1791384041.4950151,23.83255100250244,143,241970,confirmed,
1479,0x43b0aFbDf83Dd2064Cfdd33cca0406ba476f2399,node09,cd7070bea6b2d7353226eee11907175becbcd05da1c97ca9a4f9b1ab141b8328,2,1791384017.66573,1791384044.2505987,26.584868669509888,144,241970,confirmed,
1480,0x859E9713ED00ba047808971914f243d068C22E8E,node10,3767aab137c60fc22bf915d7326c4d09435f33c319720216d91be1515fad692a,2,1791384017.6683507,1791384046.13561,28.467259407043457,145,241970,confirmed,
1481,0x46c0343cCc6D96465C9520C41Da34088e1e50043,node11,023fb359322a36083fc9393cbdd2cfc352c9dd50161a798a80fa1bb7ff7f98d8,2,1791384017.6714144,1791384047.5418656,29.87045121192932,146,241970,confirmed,
1482,0xaE89dFb31fB1Cd35727857740Ba321C1c3702B60,node12,e194f8104191d54d68dfe045f34b6a53c761b84558014a616b61d59e66c22b02,2,1791384017.674331,1791384051.2999842,33.62565326690674,147,241970,confirmed,
1483,0x4514Ef184C972B17807beC97F13d10Ca273471FE,node13,c4cd42def3258b713fc8e07d8b190d8c6b6fbbdf0491104e55b5cffd32f7a7b2,2,1791384017.6789827,1791384052.8030627,35.12407994270325,148,241970,confirmed,
1484,0x014035FD6d4C93b2F6076e7d080CB13e224D918e,node14,54ad5c35c41748c2fc54cebcec7428aeedfd4f7a47168c4585b0989198ec3853,2,1791384017.6814687,1791384053.9933617,36.31189298629761,149,241970,confirmed,
1485,0x6D063dc70a2a557E99d8c0b4B1Bf50f356c97319,node00,7395b68ff513c5ffa47ee30ff3b07a1aaa4cca816193204060fb339efee278fc,2,1791384017.682424,1791384024.146692,6.46426796913147,135,241970,confirmed,
1486,0x1BDD201F35F6565ED3CE9417224dEcf71194ad43,node01,9e3d324ac80e02bae90311102dba22c0f1c3989755ee2fdd6b2e8330dee5b40a,2,1791384017.6886163,1791384029.9023626,12.213746309280396,136,241970,confirmed,
1487,0x42c70ACd22fe4bc2aD815e91043bdb76f4244A05,node02,7e86130bac9d68de74ce0e17f15a7f49f188d3c3abc4bdf1554d23fb1eb550b2,2,1791384017.6910257,1791384030.017776,12.3267502784729,137,241970,confirmed,
1488,0x74B1C8478AEA1B4e825204446B2f259B3099Ee78,node03,18ae3ae604e6d7773a4b43e4eb4ade4e0f288ea69d06125df17e3cc578c3a7a9,2,1791384017.6924813,1791384030.0809772,12.388495922088623,138,241970,confirmed,
1489,0x1b48B3177895048DF300d18917fa263Ea651dc07,node04,ad04d7e2f8706f8479eeffe647deac475781fefaa9f91dcd3c848af1707e957c,2,1791384017.6963441,1791384035.0078382,17.31149411201477,139,241970,confirmed,
1490,0x00cd9Bb5bA443eB2bf5557694f3F09B5EB719754,node05,2f0118dd256de36b3934c0f38f8c5409ad12618dba9ff928219f4678e9a17574,2,1791384017.6986697,1791384034.9824376,17.28376793861389,140,241970,confirmed,
1491,0xFda622e3e028a0136C2213b82cA88d9b2CD7aFCA,node06,20af7723f274d75e0c223157a7d11afdf5cd24568f72d36e05a99c3957c9850f,2,1791384017.702992,1791384038.5531142,20.850122213363647,141,241970,confirmed,
1492,0x706FabdEB445b3835746d9FDa10e8C44dC7138c3,node07,7d67bddfad92b67142d2896951f56b3f74545864d195c2908d9360cf66a18f98,2,1791384017.7082403,1791384038.6547973,20.94655704498291,142,241970,confirmed,
1493,0x92eb37239bcc4D2bAA7C980911D93419C1C38D62,node08,4f279cb5573623d4c3ff966060bbb2c7d9d3e0f64fc8172add7e914d672ca1f9,2,1791384017.7105355,1791384041.4744809,23.76394534111023,143,241970,confirmed,
1494,0x71D8A11b9654F9E6d49B49Da81F0caAeb9C080BF,node09,ec38e216588b3d8c3ad423e9e401ecbf441f0cad91698d080734370042e1c50b,2,1791384017.7116883,1791384044.091857,26.380168676376343,144,241970,confirmed,
1495,0x6a92CC215927e83e8914A595e0a8d23d639AA286,node10,0815a4fe6f6a99db349eadd818a6ff221e1d6b9d8cea45a50a15961e7d2a65f7,2,1791384017.7148545,1791384046.0775092,28.36265468597412,145,241970,confirmed,
1496,0x94E28EB3f74337d340c72Ddc4613de5FbCFcC59e,node11,4e094d36e1919b1796055ec30ede62abb2f85e29cdf7d5250d08e7c46362e962,2,1791384017.7165685,1791384049.092513,31.3759446144104,146,241970,confirmed,
1497,0xB517c3f0D7a55DF0461Cfd8426c1D7939A1b0035,node12,85fc8dbb4f81cc1876a9c390e4500fbe8da184922d5fa1df98e77b4643fa6628,2,1791384017.7208588,1791384051.365449,33.64459013938904,147,241970,confirmed,
1498,0x82740c9d50648a44321AA65b86c30ae152ed6F37,node13,b6bd26f816aa6e221f26b337ce9caeb0ddef1b298cc13cbd5e2f228fdaa4c914,2,1791384017.7231772,1791384052.773142,35.049964904785156,148,241970,confirmed,
1499,0x27b6e2A851884A70f2Bd63F37414aa28453b17C1,node14,55705ca577fb26cca22bf1aeb66bde95f7b58728b4091b178e95cc9a47a52916,2,1791384017.7257793,1791384053.787092,36.061312675476074,149,241970,confirmed,
1500,0x7e2C0e726348C255f454FD4cf5121Fe21023760d,node00,caf084614c146d4d5df10bbc3afdd4831495dea7d382b6c7e3dbd38f6b752ca3,2,1791384017.7277281,1791384024.0700173,6.342289209365845,135,241970,confirmed,
1501,0x5722401768aA94Dfc606aa7838471F872DC17751,node01,8b8c309dced2d70201d3aa0c75f4b81a57718d1e97257816b7a63b1cfd336ebc,2,1791384017.7304597,1791384030.024499,12.294039249420166,136,241970,confirmed,
1502,0x52a6B17b70Acd33Cc2BdD61691A5A2a45BD8Cc30,node02,1a90749f54fee55d86cb341c1fcd7f31865764890931ccf0f7bf5578b8cfc3e8,2,1791384017.7330108,1791384030.0483415,12.315330743789673,137,241970,confirmed,
1503,0x577ff950a1D0EFb11148001366f5A1EA7E8c4DCa,node03,5c549ebaeebd5420252779eb22e357ca142a6cd87bedee17075aaa4447465119,2,1791384017.7347012,1791384030.1095407,12.374839544296265,138,241970,confirmed,
1504,0x4604762E35C0945f3A40DA7C34A6cD22D8Bb7B35,node04,0d60d3f8ca1e361f8d96890d0ac6cf07981590a7b9ff5589d7a9d376c42bf377,2,1791384017.7380133,1791384034.8883824,17.15036916732788,139,241970,confirmed,
1505,0x9017cd343AF0404a0E7d02B1bB010669728B8259,node05,b6d040728e1c0082ad6e29489c595d88d9f01d20b181f87a1ebca3690aecbf22,2,1791384017.7401502,1791384034.8829367,17.142786502838135,140,241970,confirmed,
1506,0x9694644a6aeef2D73D1010D4535fC104271E720D,node06,8511eb7301788cbdb8a8867ed0bb5b8f44859cd2c43b126f343ad5ac9aef32cb,2,1791384017.7419,1791384038.8417187,21.09981870651245,141,241970,confirmed,
1507,0x998fF270dD6C832f8c243960B17Afc4885e47C6f,node07,2bfbabe2ba8104eb6da958a858a575775722c6b0477defd6258449151516f717,2,1791384017.7439878,1791384038.8042758,21.060287952423096,142,241970,confirmed,
1508,0x8A5D778E1e7491Fe8aEE54a5831f61A6572400cF,node08,0889ceda8b870b28f46edab1950e58c8b77b56d0fdf17a02d60a1cc93db79908,2,1791384017.745784,1791384041.4427702,23.696986198425293,143,241970,confirmed,
1509,0x2c40aC17ac45E6F46D2237070d2CA5e50C6bF5dD,node09,5e608c1dc2a5c9f8dde71527d4fea57823c989f7801e479ecb2b76a181599e6f,2,1791384017.747374,1791384043.971018,26.223644018173218,144,241970,confirmed,
1510,0xe5218d6d5aF09218Dc4E58a0cd269C9d0e18b05d,node10,56092b4648bfa319e063ef1ea101b62a8a6b569a5c724262dad6c830a0e111d5,2,1791384017.7511692,1791384046.102547,28.351377725601196,145,241970,confirmed,
1511,0x7d7e76Dd8857a48daf73531bAb12068e1f79b445,node11,d4fd7804f07eb9a275ac4c2a52f6fa8b5a87b07cd004d4a7028bac54a9cdfe8d,2,1791384017.753393,1791384049.0694067,31.3160138130188,146,241970,confirmed,
1512,0x210B2d8117b2e3eb96763d72968C83834185D905,node12,5aa68317264c3ca1ce5a2119565a66e9365b51841d3148b9ee38611b9abdfe5a,2,1791384017.754554,1791384050.0423632,32.28780913352966,147,241970,confirmed,
1513,0xE8BBcB348d54B3C8860a588154fB7f3d19Fc44Cf,node13,597acb95ed96d9411bb8683ff99e6e48d8302dab4432d9d55a6cac2b52d8a13f,2,1791384017.7570488,1791384052.8137622,35.056713342666626,148,241970,confirmed,
1514,0xd2E178f0bf7DF26c351C1E264a2b11DCcaC24ba5,node14,14043577e712510cb21f73082a89de4e5d36e7074e4f03f231839c6356ee0d6e,2,1791384017.7603822,1791384054.1339028,36.373520612716675,149,241970,confirmed,
1515,0x55E3Ecaf3d793c45fa497bA607A13a465aFC6866,node00,c3c196e6d670895742e889763cb7f54c78941e910b0ef5b02e84dbedce0e548a,2,1791384017.7625906,1791384024.3128426,6.5502519607543945,135,241970,confirmed,
1516,0x1F8F1840E90944a7c85c4CB1204328f20d6e8D9a,node01,ceca903bce5dedd59e6933787a3ee94f329019e20cb3d7825aaef6f1f9f2280c,2,1791384017.7672184,1791384030.1608999,12.393681526184082,136,241970,confirmed,
1517,0xD7aeA2C36485e8D0f4ed23DEf53806839638B116,node02,6ba160697414666079c849e64ab8c6bb86db5c922613aaad9aa3451eda577784,2,1791384017.7742498,1791384030.0313299,12.257080078125,137,241970,confirmed,
1518,0x2B499F5A7B92543aE057fCbAA61E5808783EaBCa,node03,2c7fb11e21b59b44007c36ccd5baac2860532750d3ac6343a042f7f1b1d6fb69,2,1791384017.7752578,1791384030.0194294,12.244171619415283,138,241970,confirmed,
1519,0x7713E926B3cDb39fA9Cf10D74b318E0eAB26e4c9,node04,c8720882e3e97b92d33c6aab95fae191abd904441c4e1ee59bb5c0dda8195984,2,1791384017.7774026,1791384034.9452937,17.167891025543213,139,241970,confirmed,
1520,0x1b967D2241B5a2bE98c00Ac8722EEE2b603FAC68,node05,18f7764fae382320183f11629b75ecb1fda5292376d345cf01389cc817d738ef,2,1791384017.7797384,1791384034.8487608,17.06902241706848,140,241970,confirmed,
1521,0xe1a91f26F94af87CEE4F717e73565C8bEC56C82b,node06,aada9e071c12d0c7f14df395ddadb0a446b3ab1bf1a60ba630331cc06cc0d201,2,1791384017.782359,1791384038.5941086,20.811749696731567,141,241970,confirmed,
1522,0xEA6172Ef6cbE07281C7bF00a65d2c66ca9e58160,node07,0997f86c89425620314b7c86d2e23a0a16a3db9c7163ea2a0e2a2e46dd927b28,2,1791384017.7861376,1791384038.702488,20.91635036468506,142,241970,confirmed,
1523,0x33C753DdEDD7FbcfCF3033307bA87160eBc12d68,node08,5f742e81ab71004eeb4ae589dc2a1d821ce37cc44593faa8ef249878f1c8274f,2,1791384017.7886126,1791384041.5573113,23.768698692321777,143,241970,confirmed,
1524,0x6f4F9BBC3a0B02a5B0e9BAA1C3eA47A9e60f4D86,node09,697e9022f290e1e7c9ae804c1ddc9b27c163080fa9d490051c6456ff9a2bdcd6,2,1791384017.790247,1791384043.9798613,26.189614295959473,144,241970,confirmed,
1525,0x30bd604eca58F41b470DE29eE189c2D3686892fC,node10,0b6111540d1e1151da8690a7049dfe9917d50c218b818fc12a58e37d2d300a98,2,1791384017.7919724,1791384046.2135055,28.42153310775757,145,241970,confirmed,
1526,0x4046e5Fe04bB3AAfB6c5dFd321285A2190ADdAdD,node11,5a4349a88a3be043f25b46c3bd2d91cd7a060cbe02e1094d50d5387699f4168e,2,1791384017.7937553,1791384047.3978882,29.604132890701294,146,241970,confirmed,
1527,0x8722AF1354373448B8cF96777E5174eE7Deb80b2,node12,5129125e4fec4f4c91d173f9078b5905fb6503953f0b2577674b3f15982d6a74,2,1791384017.7963483,1791384050.0590024,32.262654066085815,147,241970,confirmed,
1528,0x148738a1faA398Ea092A92eF92bF142629fDFA1d,node13,683cb24d9319758da3ed92c1db08524fe2310202a4742625d3f18676814f188b,2,1791384017.7977626,1791384052.8155022,35.01773953437805,148,241970,confirmed,
1529,0xc0C3cC33216334e0B801f5AEc84405fb5f10517C,node14,5e66bbf71a70ee335c7c713c85e8936cf4179af2cf49b192c5a57b21dd5b602d,2,1791384017.7999597,1791384053.8956585,36.095698833465576,149,241970,confirmed,
1530,0x54Bed3cB0EFA53Eee02df80E81A0f1dEd8766D59,node00,37e40689436dbb27a2dff7d5eaa34f928faab91d6d9370cd156cebb8ae8af830,2,1791384017.8017328,1791384024.2144516,6.412718772888184,135,241970,confirmed,
1531,0x6ed5b77Da69253C883856e5d53De428bCcFC2F63,node01,bfa0b9090cc55a1cbeae65261ec99b99353d8c914f95fd436792afa242d08a34,2,1791384017.8036513,1791384030.177928,12.374276638031006,136,241970,confirmed,
1532,0xE58923E200A6455037D36d9DEEE0f9717A395073,node02,787cb472d995855149b044c7d252d2dca171d45e42d547c6adda6bb5675cc350,2,1791384017.8067203,1791384030.2630765,12.456356287002563,137,241970,confirmed,
1533,0x92eE1d0d86a29DC145b2761Cb29ED61F422Bcd09,node03,114dacd470cedc42b9ddd5911f9e381560397c6edea089f41f49fb479304f6fd,2,1791384017.8095195,1791384030.012243,12.202723503112793,138,241970,confirmed,
1534,0x60Cb5Bb83cE6Fe6c65FB273d807b7aB83243abff,node04,300b1945a281d3316c10aea948c20bb01c170802f6ad84a46c35d91da565483a,2,1791384017.8117907,1791384034.8659074,17.05411672592163,139,241970,confirmed,
1535,0x9Bef8549Ef05449195431c1e8042ee3995b463Fc,node05,228a0fcf9a28e34f254341328cf84d3c8fc670675baca421be63544c0291843c,2,1791384017.8143656,1791384034.9243255,17.109959840774536,140,241970,confirmed,
1536,0xd864bFE36564d3240B562C8Ce8C5f45463f503Da,node06,573e59543b75a36852e9f83b37b1dd5b181260c0ac7f04767684c730044bbea2,2,1791384017.8158653,1791384038.669719,20.853853702545166,141,241970,confirmed,
1537,0xd60820f8A34a624dB2f3862a0F06C195F77b5409,node07,81d3ac19e8406b49e34531cf9a7238270c69c12415f6211f7773b2abf04263aa,2,1791384017.8191304,1791384038.6388476,20.819717168807983,142,241970,confirmed,
1538,0xDe12bC6aEF2147d88c4ACa8eafc25667e5aACA2A,node08,fcab8433c9bb869bb0bbc179eff3cdbfea01f3caa4289c9345e4249a76e58b94,2,1791384017.8207107,1791384041.5143263,23.693615674972534,143,241970,confirmed,
1539,0xFF70df46ad3182C200b96C75D12B06Fa19bf08D6,node09,ffd23ae050af32745290ec0e38aa0772a508d34fac8a63f1cec295bcbc244d85,2,1791384017.8232312,1791384043.9903643,26.16713309288025,144,241970,confirmed,
1540,0x75e101E15B91EDEcE5E4D681d5d43CE77853a0fC,node10,d4dfcbf914b87b85b6d82e83fe0526d24d989e353a5e43e9b68c0aded74ca08e,2,1791384017.824893,1791384046.2178886,28.392995595932007,145,241970,confirmed,
1541,0xC7597326287446BC0603840a07367bdF162a4447,node11,09343edf8f2df04aead68a141c5d166201758e3864926e815d431cb0b2f7171c,2,1791384017.8266244,1791384047.5881827,29.761558294296265,146,241970,confirmed,
1542,0xa81e0634b716eFe7AF40E8706D020f3a401a02Ae,node12,e62005f7b42630dc42c653f34e644e25a011976873d86c6a7888f10c6f09d11c,2,1791384017.8277457,1791384050.0146306,32.18688488006592,147,241970,confirmed,
1543,0x3e7Af3cA2AcEe39Ef20F1A4029f75b5601bD1fd5,node13,93c9b941211659ab78f5b13c67a2c0a56accefb86156cca881472eaaeef4a944,2,1791384017.8295028,1791384052.7561114,34.92660856246948,148,241970,confirmed,
1544,0x4a883c9D53DFc2662C77dDd9b6cE3A2341645191,node14,12af27482ba51fa406e3fefe461a5c5771c89566e730a96489af185e6af25eb0,2,1791384017.8318205,1791384053.8056066,35.97378611564636,149,241970,confirmed,
1545,0xab89152D26C1247E1d7370685D704c2EDa636FCF,node00,9f848f7d04880a9a1b1023bee7e40c183c3819dab9bedcefcbd914003b4e838c,2,1791384017.835542,1791384024.2405565,6.405014514923096,135,241970,confirmed,
1546,0x3D794f675f3e04AC0A17d22027b8a4Df23eFC207,node01,c8d6d3f842617634ff81e44314d63d589a691d3a95d536293f8cad52f4e22393,2,1791384017.838065,1791384030.0400026,12.201937675476074,136,241970,confirmed,
1547,0x188D70b34ad175E1A32b04AD38314eC87895F0bE,node02,1c4b915e0699a49a2cc579c4373e8a6406ef53c5e20c4f5259e82a7dc2830d1d,2,1791384017.8402054,1791384030.0930586,12.252853155136108,137,241970,confirmed,
1548,0x23657931DBA3c294406907572e80e25f816E6F97,node03,842cd07b1a947126947eed7cb635b382e52b9c836684d60d304880f9bb1ad50a,2,1791384017.8428648,1791384030.1302023,12.2873375415802,138,241970,confirmed,
1549,0x235864bEAcCbFfa5B54B551BCD8C8f19112AdE47,node04,49f41341cee86269255f1fd0eae1d3c318ba259bc009d008e53fcee1c5ab1c49,2,1791384017.849636,1791384035.1201193,17.270483255386353,139,241970,confirmed,
1550,0xb4d286b31E612B76ff78E1378237712cB030e618,node05,46d1fc3f59b199737f5c9dd98b4d012b1e85f96c0c81331a6397e8888b6fae45,2,1791384017.850611,1791384034.9696796,17.11906862258911,140,241970,confirmed,
1551,0xF74A135A5B047624643e1177278c9a373d43aa0B,node06,8c218bdb1fc7351bc2f1eac490242522ca56ba1dd99c6f191e73b936c4ea1572,2,1791384017.8525808,1791384038.9369993,21.084418535232544,141,241970,confirmed,
1552,0x635fF6F79D5f90a6584E7Ccd41C2c541Ab4f83b9,node07,5ba4325be9a1f9f1a3441fdca791cd01d791a79dfdb7d3aa985f93aa5845f987,2,1791384017.854505,1791384038.8733425,21.018837451934814,142,241970,confirmed,
1553,0x496C831A47d9Be2EEADe598d65D22F969ce010f0,node08,801f5f7dd0eee83441855313251eea9993fe73a8761d77ab1d3e6ed948be9df5,2,1791384017.8553069,1791384041.6975698,23.842262983322144,143,241970,confirmed,
1554,0xD9f906ccAbb6559E7083F17B2f4Aa59cC26B1656,node09,d76ed3d4348221feb0db5e2fda7e5769fa0964e6a9c21302f9a5d0439b21ad2b,2,1791384017.8571594,1791384043.987843,26.130683660507202,144,241970,confirmed,
1555,0xE247b35964E8D02C4993613E448926147FF3D00C,node10,d810682bb77c1840b443525d43d79b2b628685043def923443f3db8f9cb42581,2,1791384017.8585157,1791384046.2252212,28.366705417633057,145,241970,confirmed,
1556,0x49f8622749d6955421c84DB1020e6B412Fdb50Ac,node11,9f6736a87f066364da31db956be1e227b09a0355b6a49030e869e06503992101,2,1791384017.8600671,1791384047.5002337,29.640166521072388,146,241970,confirmed,
1557,0x1Dfc5481a18201805B5AeE24b2067a2F745f81b4,node12,f7807ee193b50bf80fe047e507fc1a48d556db99a4e64a2520a8853aabbc4443,2,1791384017.8627975,1791384050.020583,32.157785415649414,147,241970,confirmed,
1558,0x246289E20aD88aD5D82023E4290002f5f2124C3f,node13,3d3e9e11ebed27e28638dad881a2755de20d83755d06448748784ab3647b4feb,2,1791384017.8655045,1791384052.7882767,34.92277216911316,148,241970,confirmed,
1559,0x63cddF1d41a73404Aa337117ECe56D586AFF7945,node14,dafac162c8a94bef77c2bb3e5ef47d06de1827cf3310c869061727114aa5dd06,2,1791384017.8674388,1791384053.8481486,35.98070979118347,149,241970,confirmed,
1560,0x9509D8724BCDF672c98356EA89233FDe2c485004,node00,1f70b84ba93293f5e7736b79ae110640634cb2d07900f3c80e4a40b4db2b1456,2,1791384017.8693047,1791384024.4513016,6.581996917724609,135,241970,confirmed,
1561,0xd86b94cD755B3d7ff592324A54004f033eB9998b,node01,11bbfeac3a7a119632dc0bb5126f9d95ccf2b529ec5753c2759d68e0d93f2313,2,1791384017.8714862,1791384030.0844874,12.213001251220703,136,241970,confirmed,
1562,0x854dC23456f0B907e48e63CFc88e57fffD9487F5,node02,6ca8a47f75e57cc912084f9da29fda511ba395407a7d116a2a6d78f0b575fbcd,2,1791384017.872836,1791384030.0688543,12.19601821899414,137,241970,confirmed,
1563,0xcd48B916e3e5F76378900de5a2AfF51315BC5b89,node03,d328aa05931fb14290d39e7aa1dcb1463709eb49e54846597de103b55411f3ee,2,1791384017.8758986,1791384030.115211,12.239312410354614,138,241970,confirmed,
1564,0xc57313cb3a3427FdfaEa1Cbe232c726e6D54fbDd,node04,3b08d29362a40fffd06b69d62b8e59ab11466511bcb23b942cc5633d14edc6eb,2,1791384017.8790848,1791384034.8956153,17.016530513763428,139,241970,confirmed,
1565,0xD488fc46Ac7A1a445313fE8c1FA94adBa9b9D58e,node05,a19ee6b6c97c4e495019f3164abad1e1ee1a4c13cb9b2dc26fbe5a96949afbf4,2,1791384017.8813095,1791384035.0202885,17.138978958129883,140,241970,confirmed,
1566,0x68b2432a0e2De59D11Bd61a846106f90DE0Db8cd,node06,108979e0baaabab55feb699f07c5467e81efadac6aaed00df896767655d08b41,2,1791384017.8834937,1791384038.9759834,21.09248971939087,141,241970,confirmed,
1567,0x2b69a118c7865185395159A8C5828A1E44DdfA4a,node07,ed7c1b1e6d277ef3140bae9804f9fc978a0a7f4971a25ab65da6759f17b59fee,2,1791384017.887587,1791384038.8656318,20.978044748306274,142,241970,confirmed,
1568,0x85C821564e66DBD34aEa5a6dED687aFc3EFfc740,node08,648902053111e550307d371c26ba09750af9360b06e4573a0bb1a852802fd9de,2,1791384017.8896098,1791384041.5106316,23.62102174758911,143,241970,confirmed,
1569,0xe4FC74C82f3a8A9Fb28Cbd82D8BFa0a860cBCcA5,node09,97e8cad9d5ef94261b82e5bfdecf84e548b2b01b3b65fa6e99466509eb089125,2,1791384017.8933156,1791384044.2568889,26.3635733127594,144,241970,confirmed,
1570,0xf25e37D58F2F1B43fE850EB222Ca4d712961085f,node10,6fcac17d2c516e609463baf24b5e719247e03d8d0fe4602cf895a69153c33321,2,1791384017.895236,1791384046.1314275,28.236191511154175,145,241970,confirmed,
1571,0xd073a5421Fb6EaB45094fe0203407A792A256022,node11,de407ba6f16321bb341d77579be626059738ab413bcea798e502d7e460d8377a,2,1791384017.8990753,1791384049.1097374,31.210662126541138,146,241970,confirmed,
1572,0xDBf7B257e9fE72332D5022B220DA5576086e94E8,node12,d5e6cd3dfe5ea3aa908afc36d23bc03f9a71344eebd2b301541b5cb57d07fe3c,2,1791384017.9014497,1791384050.0558372,32.15438747406006,147,241970,confirmed,
1573,0xBDBc659C2AC25EA518b7fBCc17c82436B2aFB8AE,node13,279bed1071089f5de2753e4784fdcc76a375c10d36b726c7511991bc0f81291d,2,1791384017.9036472,1791384052.8268297,34.92318248748779,148,241970,confirmed,
1574,0x4781211BC8fD6861E817648f0808236fe82Dfa1b,node14,aa2b8a9f723e4cd68214d360802ba346c7ff0017b02fdfcb10dd43253ee85f7c,2,1791384017.9103913,1791384054.0365114,36.12612009048462,149,241970,confirmed,
1575,0xc4eE12AfE532BF2E0b99a558380f131C3a10D968,node00,bd6a75f7339a1b66e9b35154bd0a19ddb14b030e7854dc562e9cd2b469659d31,2,1791384017.9129183,1791384024.3898377,6.476919412612915,135,241970,confirmed,
1576,0x25a833527cF3CfAeE0e800F8Ab19bb7A2dbc1702,node01,068359cee1507ffe9d11f0baf175d19be29e8015e5aeca0ad35c4234e06dd37b,2,1791384017.914381,1791384030.2332175,12.318836450576782,136,241970,confirmed,
1577,0x86d0522988F1b5DD94e637D1987cd54d9f18B517,node02,f424614dd49f4ba867205c43db0d352b45b3899fb75985daf76b4e3b916cbb18,2,1791384017.9171436,1791384030.1277514,12.210607767105103,137,241970,confirmed,
1578,0x67045111147a2538ce867De1c06d0bEB183079C2,node03,855f480e2227094aea493762398c82fb6d1ed2d952bcc6c512c917abae5ff503,2,1791384017.918978,1791384030.3089309,12.389952898025513,138,241970,confirmed,
1579,0x0120593bf9eac7d8e5960fc7709e9aAbbCd03b83,node04,8ab1b1ca3752c4e0e78ef5198f6ec8ad8b6b29f05700925bfc4621b931fdac23,2,1791384017.9208918,1791384034.927209,17.006317138671875,139,241970,confirmed,
1580,0xD19f62a53A7B1C5Da058C4EFfc83BDCef5076F10,node05,c023df2aec06bd206bbb14a18dc08a951453ac014c501b8fd6d0e4e245f9dbdd,2,1791384017.9244363,1791384035.204443,17.280006647109985,140,241970,confirmed,
1581,0xAeb80c75fFC614F2C53081Cfd08da96CC9e8788c,node06,2feaf363f8330b0660df479442e09407d160e5efdde751fae36977caec03ea42,2,1791384017.9275317,1791384038.950791,21.023259162902832,141,241970,confirmed,
1582,0xDF98387C74E887Cb3aa4B9536C54aC55eb28409F,node07,d05887b75758ab5f1ed03d9e08b364bad089c42125a5dcdec7530db25d6e1938,2,1791384017.933387,1791384038.9776297,21.04424262046814,142,241970,confirmed,
1583,0x159C59C4C5977571CB9fbE1ad98aba1298a3388E,node08,c12663ded515a088a3747fdf9a4f2403f74a15c9cdc3db01abc7566b094a5504,2,1791384017.9358068,1791384041.5184247,23.58261799812317,143,241970,confirmed,
1584,0x6b2A6da1aCD987EC35f54bB61BEE772389e6835E,node09,79c04bdfcd204335de895ac72b1a3e545a737cecb4f4307effc6a6044b0c06eb,2,1791384017.9374154,1791384044.2051423,26.26772689819336,144,241970,confirmed,
1585,0xC30595833dd1Ba3dDC64b9f9Ee1991bF6f838634,node10,2548f22997eedb10fad5156714396890f0de94d5c0ae5fd99f57e867fb853145,2,1791384017.9422088,1791384046.1199067,28.177697896957397,145,241970,confirmed,
1586,0x5cb383fEc9ACcbAc9FA6EF18ed9671e5a62aD9E3,node11,0a52a3bea2f15bc2008a09fe5c350eed274045c3701fc4f51824a54da543c4f8,2,1791384017.9535453,1791384047.715345,29.761799573898315,146,241970,confirmed,
1587,0x693967F611c067A4D3A466Ec6d4b23D838879754,node12,07b5d0d5d2afaded7bfab2640b6b0669177793908ed8b0227540ca62cb479960,2,1791384017.956102,1791384050.1095111,32.153409242630005,147,241970,confirmed,
1588,0xFFcbB6313Ca9bc71B09D827B873900ed748CAe9F,node13,2b763f1e2b43b3c8e7531ca20604993e030283630c1dd6c92bd5a0cb828c8105,2,1791384017.958274,1791384052.7966316,34.83835768699646,148,241970,confirmed,
1589,0xb36A684D3d8c4a25b0db1e9E93716720aE691d85,node14,4d9c5f348f5357ba482621e20c56d85d5a0ddc0070c33bac785f27671212dabd,2,1791384017.9607034,1791384053.9337149,35.97301149368286,149,241970,confirmed,
1590,0x2E48a3E3499F4ceA57CA9B61Ad457D9C51cFf9bc,node00,6ca5f384577b7a04a6da418460a62b1630ed4708ba2e368637b963b2e9b9785b,2,1791384017.9665895,1791384024.373752,6.407162666320801,135,241970,confirmed,
1591,0xcfe3333CF1e0A9a05d2F5D1FA81d7112A6400490,node01,ffe7771dbd738b175b5b1d2264466c42c73de3ed1290c0dd39ea16233e3a86c6,2,1791384017.9700384,1791384030.1669571,12.196918725967407,136,241970,confirmed,
1592,0xCfB0Ab9301947ECE072E1880ca2842a6F11e7527,node02,90294e0eb4edaf7345aa3ae28b98539b00248dfc863d9136c5e932690f295367,2,1791384017.9723294,1791384030.2615435,12.289214134216309,137,241970,confirmed,
1593,0x0F841C8F08A12c7A53F68B924D4915A6893e2651,node03,e8ab92be2f2be57efa35728350ba662c54f6cbac7c37601e4d5f6ffbd2bea248,2,1791384017.9767025,1791384030.1259325,12.149230003356934,138,241970,confirmed,
1594,0x9639271A5493a2b663Ec80caa04b2c6707581E65,node04,722820c534debc285393142121faf91c614aac3b9a10b5491b6ded01f4817092,2,1791384017.980914,1791384035.23943,17.25851583480835,139,241970,confirmed,
1595,0x67B1B39388051d5852c26E56D4c4574F6d29Da94,node05,05b448e6574ce3b557a3ac4a99c64d5bccf76ee5956d97e1c38250aaafa4126c,2,1791384017.9847612,1791384035.164368,17.179606676101685,140,241970,confirmed,
1596,0xbF469D0C4F8329facEeAD2d355870Aa4AA630546,node06,2d415d387eb9a249d2ab9d52f8d9a7e342e6ca0fd042a4b3a025d906ef3bcce5,2,1791384017.986593,1791384038.7885845,20.80199146270752,141,241970,confirmed,
1597,0xFf5dc7b57b1298c236Fdbed5318b83b8Ca0387D6,node07,289c16727f306619c9e2f81ae61e2363e9017513806ab55c9bb2d3f9692d34bd,2,1791384017.9889798,1791384038.8259146,20.836934804916382,142,241970,confirmed,
1598,0x8A9B3312d8B094D5B0f71798842e845A47898508,node08,583a9dde9d0693e3d98dfc42d959ba9f4a0a9098905bf2ff422f0915fc3cf816,2,1791384017.9918404,1791384041.7397046,23.747864246368408,143,241970,confirmed,
1599,0x2354da6B1DEA294681612b33a369a0DaDCc07d74,node09,a80c657d443c3a09202cfb10e37ca9fdc11d3f73feae84d1adf7c11f8630f489,2,1791384017.9976356,1791384044.0553205,26.057684898376465,144,241970,confirmed,
1600,0xC3eB8a586Ab48FdEa36E822F77B0558932031244,node10,011b5625adbffc1949b6bf6f1d0f80fcf6eedc163b8fca7bbdd7cc2fea7b19fe,2,1791384018.0019581,1791384046.124886,28.12292790412903,145,241970,confirmed,
1601,0xd204D327BDA9B8F1f824Ff7b7c916F566A1744Aa,node11,b971f54721f52bb1b5e7767be98b5c88fbd5fb020ccec9f190399baf5def4bb8,2,1791384018.0045676,1791384047.4227133,29.418145656585693,146,241970,confirmed,
1602,0xBD4C54e3d49Cc5CEE4ec59848554FaA230fE2aE2,node12,6206f5fe9ccb038c136d9af1754951b92bf1ebc4a582c676866d7ae3dab7867c,2,1791384018.010587,1791384050.0660045,32.05541753768921,147,241970,confirmed,
1603,0x3F9e6A70A82667E59370C8b8f717DDa83514ad2c,node13,17055ba5c70c7f21097f2e94773665074df39413a7cf9f0346cf1cac6959db2f,2,1791384018.0135982,1791384052.8589127,34.845314502716064,148,241970,confirmed,
1604,0x5A322A5ED13Cc08C350205348afB08756687D843,node14,6976f966aa150d93f4b70098df8501310e532838454af0bc3f42f937444f360b,2,1791384018.0184364,1791384053.9819682,35.963531732559204,149,241970,confirmed,
1605,0xdc2658ec9e48cE32F0291Abb97c77286BE91e3bb,node00,05c36a1d7415b7813ea4ecb2560baa37381b4b0a3b849e223bcec60fd5bd8d6d,2,1791384018.0235474,1791384024.3720832,6.348535776138306,135,241970,confirmed,
1606,0x6274C6bF4f4C02c1cDB79400474B5e8Bb94E24c6,node01,299d11afcd7e276bb06e93232b8cced85392a9d3d7f410f2dfa0cf366b11daaa,2,1791384018.027136,1791384030.1796668,12.152530670166016,136,241970,confirmed,
1607,0x70585f62AC073973a83C6f058450B82e45Be8431,node02,b6032813a93f87c79108f281dee590577d343f85a98202c72208b8142d572ea0,2,1791384018.0291424,1791384030.1901448,12.161002397537231,137,241970,confirmed,
1608,0x244F5B899b36Ae3E64bDaeC6137bbeA07E21eB6E,node03,29898a3082911b24b577c15c7c06b16d1ac4830776ad4c897fee7e0fcbce4f1b,2,1791384018.0363781,1791384030.118692,12.082313776016235,138,241970,confirmed,
1609,0xba94BBCAFBB811fa89976Dd20D007b69f89FefEF,node04,421b1004108c6885f70dfd55d8af1c98c20002d9c67dad48c6693355a5bc8841,2,1791384018.038869,1791384035.2953222,17.256453275680542,139,241970,confirmed,
1610,0xA68D6F39cf7C46AF10c2D679B755AeCDCe7129B2,node05,1f070e901836426efa412a7d03a25061e94bddae2003765cb29770f294f4be91,2,1791384018.0416,1791384035.1332922,17.091692209243774,140,241970,confirmed,
1611,0xFd302b4881c14454B4dD0Fa16dD3fbF2e81024C3,node06,664c101eab5630612a96b846a5a91705c09f95c8fa8da4c6e30e477fe6b7a38b,2,1791384018.0445378,1791384038.8598971,20.815359354019165,141,241970,confirmed,
1612,0x87615bDE6b878B5f36016355b2071985E0e0bBEf,node07,ac905d83a22a0b070141102dc75873e5963c624c000c50313ea7fa2950492650,2,1791384018.0464022,1791384038.7549865,20.708584308624268,142,241970,confirmed,
1613,0xA58D184125b9015927943bc25F36de19f2899BB7,node08,95fb967c9d11202acfd1de1e1284ca460a806076a157965196e421471bcce23e,2,1791384018.0492191,1791384041.6112733,23.56205415725708,143,241970,confirmed,
1614,0x7c95B680Be812bb0b7DBE26e7f0f0b420F149C6B,node09,dce4c43053e9efd94c37253b88f802b2b15b91723e758d02a73d5d4f2d3f9aa4,2,1791384018.052584,1791384044.061151,26.008567094802856,144,241970,confirmed,
1615,0x496367038434E0d053ebd7e038C96AC0D4DC36EB,node10,5c9d26aa93c310b0788e972f21cc3c0fb1939c1bb04a2eb725726223f230683b,2,1791384018.0553868,1791384046.181307,28.125920295715332,145,241970,confirmed,
1616,0x9B6D4BfCb20b2C720AdD1Ab7aBB81ce0edA497bd,node11,2a488c85c180658d78fe0e1c65da96e95c5cc1228abc2fcf464b022337c933ba,2,1791384018.0567927,1791384047.777111,29.72031831741333,146,241970,confirmed,
1617,0x6A701B9CEF3037EBD557f32f8f0585e16130a398,node12,b50e545d705b50bb8d6227a89d642c8c89191fd8cdbb677b65b36abc31aea9cd,2,1791384018.0672443,1791384050.171767,32.104522705078125,147,241970,confirmed,
1618,0x48c5711441329107d3C4f630cffbF2ce9D8107DD,node13,03cdfd9d7dd2b90d72b07f7982bd1eb4b0473e4ae697c72f9e0e683166feb05e,2,1791384018.0685613,1791384052.8018749,34.73331356048584,148,241970,confirmed,
1619,0x0FB6081E5d061Bf9e63909589F3f1498A82aD852,node14,aec1e96cff8aa65686a30afd0994b60c7a73dfdd23e2de4770b87b0643a573b0,2,1791384018.074017,1791384053.8845413,35.810524225234985,149,241970,confirmed,
1620,0xf21c0486dB6A0e143cD8fA5390b05d293886b1Db,node00,e6b94676a3a914603a520d5bfb8beab158a9c390b00b7054e2c2bc858e1f9721,2,1791384018.0787046,1791384024.4524443,6.373739719390869,135,241970,confirmed,
1621,0x183ebA826d8b6E5BFf8767C124D1b96238fD72A8,node01,e459dfe392fb513760336098f7ff88b6e7551a5786769a0a54733bf553a62dfc,2,1791384018.084297,1791384030.367165,12.282868146896362,136,241970,confirmed,
1622,0xc6B3fef51Be4131b36AEaCEAfb3622c509147AEd,node02,2304b8b18aed2fab8d61dfc207d17eaf6cdf4f2cd4d44c4946410cbccff345ad,2,1791384018.086822,1791384030.2300546,12.143232583999634,137,241970,confirmed,
1623,0xcC02793CD3262bC04a80faDd9ED2Da7a1C316c81,node03,9b5a201766ee615144104b6237de2ffa77ffc55167df3a16bfdf617919e72a3a,2,1791384018.0930126,1791384030.2585793,12.165566682815552,138,241970,confirmed,
1624,0x5f99a6fa75303Bbd6E3E3966873D5C5277c4D9cc,node04,7935a0c87c157d7abdc95ce8cf957feb56d9a4848c376e93c1e7e52d0e1cf899,2,1791384018.0977812,1791384035.1531906,17.05540943145752,139,241970,confirmed,
1625,0x2c3449494c880bDAc281CcbFEaa2b173936A3Af7,node05,72bd9ee3b24a1dd457015ad5dc0384096cf7d1f7db3e5c695aed4403567d0348,2,1791384018.1007965,1791384035.158167,17.05737042427063,140,241970,confirmed,
1626,0xEb24d134491448B071db0B1A0600aefBD000906E,node06,ce62b1596d7529ee5c6a92c8ff930c94be6cfbda5c99ff2393b426d001ad9743,2,1791384018.1039577,1791384038.8534422,20.749484539031982,141,241970,confirmed,
1627,0x2bD47e75F805136ea272df970c5d0409e8b75260,node07,8f9cf34120da96ad354261624289825bfc5240feb39e77943be37553f8393faf,2,1791384018.1065323,1791384038.77282,20.666287660598755,142,241970,confirmed,
1628,0xE93aA660142a2C74118319fC85F42a584D55a1Ad,node08,38bd77c4229f52e3df8b9f0814e9aa023065a2524ab38c6c27437458a2cf7a45,2,1791384018.1090086,1791384041.6371903,23.528181791305542,143,241970,confirmed,
1629,0xD6f3129e8616110E46a24609C998553A9090267E,node09,f9bdc507f5b3926ab8508e782cdaf5ba6464ac07d98b7e68e8765117886cf326,2,1791384018.1101475,1791384044.347278,26.237130641937256,144,241970,confirmed,
1630,0x5d8e57C8430517Cf3b5D7177f6D5DCdB33f05FF0,node10,92a0dfe07187874358e57f8ad646701bcc8ee7cd7ea2e336b6e67eb11379c3f7,2,1791384018.113476,1791384046.3519995,28.238523483276367,145,241970,confirmed,
1631,0x7B67A4960e3CBa0Bda4543586cf43c57Ba5D4083,node11,a3f06d217a0cc8bd674a125bf1efa4da66c85a86887ff1b9e7ca9eecabbabb2c,2,1791384018.1152735,1791384047.4614618,29.34618830680847,146,241970,confirmed,
1632,0x2D50113d99daa0617EE1B39Eff71Ea2a4B17C1bb,node12,a8aa4b38874ea65e685d3c560f3f688f118fb74b53d8e8a1b23cad0cb0d34084,2,1791384018.1184063,1791384050.1172452,31.998838901519775,147,241970,confirmed,
1633,0x7207e6C5A3dd30A039D229B4690647244205693C,node13,8153760acd3188ef166da77a6361d073ad825ede561ae1efdf08098084814672,2,1791384018.120531,1791384052.837152,34.71662092208862,148,241970,confirmed,
1634,0xA9db38552eAad474e2c766C31a74CB768C2401d5,node14,0dbf26784c3f59309e1e1753c67e748b6541b528fc1be09f406b4e45f509f3d1,2,1791384018.122804,1791384053.9074225,35.784618616104126,149,241970,confirmed,
1635,0x0306aAF66E24d45dee2Cd06101bA2a543a0a8E2B,node00,9b2ae3d88a0727e4f4345b6833586309994ea663904b34f9288a7cb92e87d96d,2,1791384018.1297116,1791384024.5692124,6.43950080871582,135,241970,confirmed,
1636,0x49351347F44303087F9D5d61b13413342f5D9108,node01,eec130a5a2f1067625005d0c67db5bb83103204595daaa904aabaeb6a46e0369,2,1791384018.1320684,1791384030.7371042,12.605035781860352,136,241970,confirmed,
1637,0x8ECaa4B64872278d3E27Ae75b1D425a040c8FD2d,node02,287bc6a8d4feac92c2486f01ab4d2a1c21cfe934568b6be1a96453fed8f94188,2,1791384018.1352222,1791384030.3887846,12.253562450408936,137,241970,confirmed,
1638,0x6a346c23F754e8f4F8301AcFd7de0015291a290C,node03,8de79bf78488ca64c291d8be6365029fd9c5e2749269eb2280030c36e2ca99f9,2,1791384018.1389165,1791384030.3516657,12.212749242782593,138,241970,confirmed,
1639,0xFB37EF4EC9b7DdDeAd4fFB93A599E203A1F5452C,node04,8649893bae53f5f300e66dfdfe4ba2116de926f1cd04ced673cac0a752f3b0b7,2,1791384018.1426775,1791384035.3443558,17.20167827606201,139,241970,confirmed,
1640,0x386A194F3235fF4BA0298FE0c106c26475C0e1D2,node05,ae6b213e01e1233c72661006543204ba9633d2e8fb0fb43a60d90fb4539098d8,2,1791384018.1460445,1791384035.2318835,17.08583903312683,140,241970,confirmed,
1641,0x2A4EaF8B31c601AEC08A6951E06461B2F6CffAB4,node06,f632ec84d1590405aa001fe7c896ee27e69503502aca5746302dcbc93e301b51,2,1791384018.153255,1791384038.9260406,20.772785663604736,141,241970,confirmed,
1642,0xC1a439Dab02CEccdD689D8bad97FAb73a3C958A2,node07,fd3a5ddeb06d4325f509bfaf10618d2574c3c717ce75c29752cdcae0db810a11,2,1791384018.1578846,1791384038.8989568,20.741072177886963,142,241970,confirmed,
1643,0xA718c82A374bD4E68076bB35de1E44ce059f6eA8,node08,5e342170b1d202d91d013b9ba449831ec995b9b24c5cd6aeb32ec8156cc23825,2,1791384018.16883,1791384041.6452484,23.476418495178223,143,241970,confirmed,
1644,0xC8fa344Eb972780C0850a7308C42094e7A4A8aB3,node09,43af0026c52b87b10e4c7317077eb07bde12b8c54f6800cca828b2a1f301b57a,2,1791384018.1716201,1791384044.289029,26.117408752441406,144,241970,confirmed,
1645,0xc76B7a5b7D1D8485e3CF3D726A9399C9e69f60c2,node10,7abf221da4adbf8bae232041fc4bb2a5b677cb2f5c27c6566f42368dc08a55f1,2,1791384018.1775603,1791384046.3658614,28.18830108642578,145,241970,confirmed,
1646,0x6365bC22d4174f822d0bc01639954Fa8D560b559,node11,ed9d0fe555e2861e457bc29e501cfe12e648d5037f7de95258f8168b32f07dcd,2,1791384018.1824036,1791384047.646522,29.464118480682373,146,241970,confirmed,
1647,0xCf188Eb0F5eD77C360bE06C7ca905b1b294D4745,node12,802ab2043deb6e2d051b4a2b8bec57ff1eb4d0318dd350bd7adcad61bf5e5e03,2,1791384018.1859071,1791384050.0454905,31.859583377838135,147,241970,confirmed,
1648,0x2AFcaA4C3Ac650950D7394fBE5521d2E6c9d5616,node13,83a1bf7e16f8ec3460c6982a1f605a66bcd8dacef013473e614c99b84ad5f7f4,2,1791384018.1886065,1791384052.820556,34.63194942474365,148,241970,confirmed,
1649,0xE9cf18262100fb2d2a6F2fb12c873Ed6c430f731,node14,58c670cc1950885b3e87e8848d5cef9f5081078c717a575d8838562efaf7833f,2,1791384018.1906338,1791384054.1250746,35.93444085121155,149,241970,confirmed,
1650,0x71eE787BF7239e93fC4E309D7544DaC5cb9fFDfC,node00,6e1e21e7a4a33168889011f6bab27457494c5483d1de49fcf37dfdd1c5d48d93,2,1791384018.1959434,1791384024.7215385,6.525595188140869,135,241970,confirmed,
1651,0xAf1b5Ff2eBade36E8F5FCA892EdB671d25006b55,node01,6d3f1beec2392214d699a416f2d393e139de4b20a725a2162d30585f0247e697,2,1791384018.2007248,1791384030.254916,12.05419111251831,136,241970,confirmed,
1652,0x40B5e356b51dF80C3688E292059498026B1E4858,node02,8f137d37001031f1618f9e1ff17a6ea11199f5e29ae4b98feb3eaf752c31d4e0,2,1791384018.2024922,1791384030.2363367,12.033844470977783,137,241970,confirmed,
1653,0xB101BAe0420d56eD49241f38FE6222E1Ea091F46,node03,336e44533c028de549bc1c1fdff6111f87b659defda2b8dac38fc013ac0d1fd9,2,1791384018.207561,1791384030.3466363,12.13907527923584,138,241970,confirmed,
1654,0x172AD774b335c5f24aE9cbd82699B6ce339407cb,node04,0eb1ec8c962cd2937c07e8a59db2357a193d8814d7f7e47e62aadd41c4635cd1,2,1791384018.211072,1791384035.2914693,17.080397367477417,139,241970,confirmed,
1655,0xB0a2d95cE8004f194E58C791D7774719c1d010AE,node05,622c8683e71f329d157d1bd7ed5b2c0992eb3d836f10704c4faface91eb6764f,2,1791384018.2126582,1791384035.1997542,16.987096071243286,140,241970,confirmed,
1656,0xb3f1241597933Be4e70CCc06B6B6b5b90Fea6de6,node06,49e978391fd89a1ff959a7c618cb58bb1a18c2a384c08d4797c966049f05951a,2,1791384018.2155495,1791384038.9741883,20.758638858795166,141,241970,confirmed,
1657,0x098d0C8368F6d964E65A0030240247d356599881,node07,0b3f18d3a8b47edf81ca587bd41a846d416531c2542ab7a69b4168c7edc6d85f,2,1791384018.2192285,1791384038.8899329,20.67070436477661,142,241970,confirmed,
1658,0xB9F7bf04C29AECab0D01A3A85AD45E8e49b2222B,node08,daf474bd1069cf276390548d44fc59973e0a6db881c0ea80211c361e4361f6e8,2,1791384018.2216427,1791384041.598141,23.376498222351074,143,241970,confirmed,
1659,0x4877392A75aCFf7f7b105204A69cCA9F81aFc0AC,node09,0c875d8d98dcb14919836e275d55e9e1cdf6308a91e21eb710c56ec66724c1cf,2,1791384018.2249722,1791384044.2838829,26.058910608291626,144,241970,confirmed,
1660,0x7BBEa213192e45f6C8442832E6Aa58040498E8ED,node10,867eaa97e2450abcd5e14c524c040f8faa6ba44eceb178ad0f3b66e042d9bc60,2,1791384018.2309473,1791384046.1707084,27.9397611618042,145,241970,confirmed,
1661,0xa090BC413e63637a4f4186D76365A65F6253B98C,node11,0f47eaffbfbff3bb573438bf07316d7649d9ace476f9409b7a97baff107ce75f,2,1791384018.2367115,1791384047.5759745,29.33926296234131,146,241970,confirmed,
1662,0x45b2Efc9F399A8F48Bdf5B1d515Fc1097FCB5423,node12,ae692e2b1d1c167081a18264fa644ee0b64888591a6b89245d4ac6f9491b18b7,2,1791384018.2398236,1791384050.1940324,31.954208850860596,147,241970,confirmed,
1663,0xE751D374b5C070598C2b8F7aa2f09dd54790Ba2A,node13,692399aaad2966ee1c1d5f0eb122dc64bb8b95fc0a629cc7db2076ccc8227ac4,2,1791384018.242269,1791384052.835678,34.593409061431885,148,241970,confirmed,
1664,0x7D58Bb83745bd5462dC0C5D17190531cFd72Fb78,node14,5db984d2b0ffd6546c890c2344f65e97a3862bb75c1e59507a3cd2e1cd08c19a,2,1791384018.2484937,1791384054.0218942,35.77340054512024,149,241970,confirmed,
1665,0x041E9bC249b822A1876AE90f1C1ACdA1654325F7,node00,9d70c7e42f5b833d96e7e3ee5929f3f0f69e32f952f99549e83a81327fdbd3fd,2,1791384018.249313,1791384024.5390067,6.289693593978882,135,241970,confirmed,
1666,0x285b0c867AA1B9384BcF1169212A26bf72d84887,node01,ef949e9a674db83ab4c95dc790e0cfd63685f86467450f7275d8ec14e8e33668,2,1791384018.2552266,1791384030.3062086,12.050981998443604,136,241970,confirmed,
1667,0x6f5A87eDE6e3A3350AC29344DA2802329fE90535,node02,a41d196cdfbbbd107df4af874fccfd14abab4d5f2f83c89b2197711610466555,2,1791384018.258407,1791384030.343286,12.084878921508789,137,241970,confirmed,
1668,0xdDa04c32e2b53c144220053bf283E3A16647C069,node03,0392eebe86e68517cdc0f1d35637b5afa415712bf3db8114a1a863f4bc9fef81,2,1791384018.2606862,1791384030.3483026,12.087616443634033,138,241970,confirmed,
1669,0x3d9627b16bD797def6586a08901349DbBeDfc0aF,node04,d252479d45318ef01da81e71cc9d5fcd0c3697c74c83e4fd9abef5bcec2bb4ef,2,1791384018.2633255,1791384035.2432635,16.97993803024292,139,241970,confirmed,
1670,0x2C80B63F2c3f502E69A0D73d72e046a60a8Ff6e8,node05,505e26a880c99d5f6e0fa1f291547f6e5fe9ebfd6e7f9e7b436e9b90d260a6fa,2,1791384018.2651892,1791384035.2481499,16.98296070098877,140,241970,confirmed,
1671,0x00edd31b80d9217B73D034971b99c7Fe10Aa2F2d,node06,e5981d15dc4f4539a5c784f4ea142ec1c0e9dca042d15d7edf87500a5c682cb4,2,1791384018.2683287,1791384039.0452487,20.776920080184937,141,241970,confirmed,
1672,0xa4Aed65aDDac34592A893237adFB6BD77Ccdecb4,node07,c604025016ede3456b52aa5481688a93b53bc908a796b1e200364098825d5ec8,2,1791384018.2723157,1791384039.0249999,20.752684116363525,142,241970,confirmed,
1673,0x6C38AF3A04e5A49c6301738E8a64482E91d24438,node08,3f994e0941df5f66c7b261e78b24068d49c9cdd2b26eb2a282ebe3381ffbb33f,2,1791384018.2733855,1791384041.6758702,23.40248465538025,143,241970,confirmed,
1674,0xbD4CdBf98c0DB0e761423a8e8C10480AD2C4A6DE,node09,cf63a8dee6a4070ab15f090a6b86838a2d4af219e2bbbbf786a46f06862a1b10,2,1791384018.2761033,1791384044.2110405,25.934937238693237,144,241970,confirmed,
1675,0xce11E03E79282D34c721F3947533bDf27F92Edbb,node10,b1dd120ae4f3ed6cd488e4d076b2f9a34fa42512198620cc02aef512714f8461,2,1791384018.2786949,1791384046.291289,28.01259422302246,145,241970,confirmed,
1676,0x4Cd7458495FEB961A2E443F7Ebf424DE520bFE52,node11,2ec21881cf79d24912a127b675503c5ae30a1bae8e65175c78829c9c35c941d8,2,1791384018.2804937,1791384047.6631255,29.38263177871704,146,241970,confirmed,
1677,0x228849D7C6B70bF0f43e679AaE4667Df85d4113a,node12,395e826cf9bf5abea2c55ea5f458be6d1f958fdba6a2c4cbeba39a0c11e3e484,2,1791384018.2821128,1791384050.0892017,31.80708885192871,147,241970,confirmed,
1678,0x12e85e03842ed2C9b90c59c0096068DbDedEba30,node13,db29dd45fe1b276bdca569c31a04177c2e8adcc9211797a7116aa6bb057dcc09,2,1791384018.284994,1791384052.8226333,34.53763937950134,148,241970,confirmed,
1679,0x3feDbA14f7B9ac82Db7cE5252c954c9ee5d561Af,node14,0a8ff2fd810d5fb7d28a30fd7bdcf3cd2460a5f7af922a30e334e78fd988d487,2,1791384018.2868342,1791384053.9274561,35.64062190055847,149,241970,confirmed,
1680,0x78bE3Fd59DbE227584Ba8b6687E548D2Ad4e1902,node00,69f4c9c3b1eaebbe974be2aeba750890dc279318ed908cf3a1c8fab4aa15db0e,2,1791384018.2907996,1791384024.5673523,6.276552677154541,135,241970,confirmed,
1681,0xEd337546cf44377C6F6e2940e020d6D05096C1EF,node01,bec749739a99efecafe52aa136fcdc0d9d333d3eb99cd9d31253183dbe32e19b,2,1791384018.2936058,1791384024.4996114,6.206005573272705,136,241970,confirmed,
1682,0xd6B9b208B67EDE5df815B9Ab97ABA486bCe86a5D,node02,e7e82937a87d83a03ba9c93d3604c6f57f484fde5c8b5e21b517c7f7e688c5b3,2,1791384018.295313,1791384030.298454,12.003141164779663,137,241970,confirmed,
1683,0x68F37f30ae8e4803D32Ce4F89B835392d97021C0,node03,1a2aab0ec4b8640c737882a8b663da6ac8a18701ed18c52d9afc1451fb6bbb8f,2,1791384018.2971032,1791384030.349712,12.052608728408813,138,241970,confirmed,
1684,0x97490708C347F3cC4d7E0f4616d7183F4a2b014e,node04,c3b64457a510be2571e1dd893d984421ee71db99135cfdda38317d4a4a26ded0,2,1791384018.298972,1791384035.3612168,17.06224489212036,139,241970,confirmed,
1685,0x117f7CAD8a1b1897e818C74a94E7E18148a53e06,node05,19aa618175418b923d253eae1f6c3e2776e33be3140cb0f9a8398c28fbb71965,2,1791384018.303409,1791384035.2176044,16.91419529914856,140,241970,confirmed,
1686,0x06eaaaFfF59E10ba83e86029f2AF0E4F6470D858,node06,aca1f999a353101d41da3ddb461a376ae515036b0fdf8ac1e569f1c93e6598da,2,1791384018.3051448,1791384038.990179,20.68503427505493,141,241970,confirmed,
1687,0x596D120Ce64b2e1ab0597958cB5C698bFc816521,node07,44d44415414c51d6449fb18853dd291f07443c7e2053a14587946249e765b7dc,2,1791384018.3066702,1791384039.000229,20.69355869293213,142,241970,confirmed,
1688,0x9076408400115977636543F92a8FFa205B45Ef1d,node08,8121789cfade2d836242310bbdc5ced6d44eed884243f92e28e45af270532a99,2,1791384018.3105643,1791384041.6516583,23.34109401702881,143,241970,confirmed,
1689,0x9bE029D523035Eb447C7AD82c333125341cdce0f,node09,137d1727385f361bace84a3b3def45de167846603b084719e345da36a239fa30,2,1791384018.3117688,1791384044.4262648,26.114495992660522,144,241970,confirmed,
1690,0xD37E18A2E2A039e09355ef5b9a7006b53Df7C2e3,node10,2f721ddb139d221b9a9263e6e28c8c8e1cf88ccefc3343137e68baec7f38bd23,2,1791384018.3133764,1791384046.2607868,27.947410345077515,145,241970,confirmed,
1691,0xa6492354682a6bfE928098Fe0197199d551882A9,node11,862a25a051d6d6b9a98a413361fd7759081257e5a1dd1661be4e73c7fc1033dd,2,1791384018.3160324,1791384047.6542463,29.33821392059326,146,241970,confirmed,
1692,0xABbC2Fd888492AdBb58C06d87616D03103B293A7,node12,1c03867982bb86764c77a3488b7cadc093ff0e8ebecd42728f93fe6e587a5b70,2,1791384018.3195796,1791384050.2807636,31.96118402481079,147,241970,confirmed,
1693,0xEcfc83D667D9dbDB957fF784F7E6f718E0138F80,node13,a6b803add158c319aebae811c3db8bc6849c4624c44880a7b868ab8721838b96,2,1791384018.321331,1791384052.841939,34.52060794830322,148,241970,confirmed,
1694,0x56F1F37B6e30F96Fe32588ab106D44b86523bA84,node14,c8e5b7ea0bcc4ebd74606e8cd18ded85dc7b659b2979d480c4736c7a169a87c2,2,1791384018.3241892,1791384054.129094,35.80490469932556,149,241970,confirmed,
1695,0xc2bb6518Ee2E4E501Be94FC9749766026c9Ed566,node00,36e0654780964546a53934ec3734e878015a5c32ae2d0ef5e1593b5f3a50497f,2,1791384018.3269372,1791384024.6069298,6.279992580413818,135,241970,confirmed,
1696,0xF459Fb71748f88f510594CbE4f3508EEf5F32338,node01,70cebcd720cbb7c325b9270451fd9bd36b9e7d98a5736256f626d86c32f66124,2,1791384018.329083,1791384024.942966,6.613883018493652,136,241970,confirmed,
1697,0xf56314d3e2F7b75bfBC8AF54689505A9e36aa4B5,node02,c0a57300565bc1db59a31ab47b92c30cf463382d586548d74a34b4d9a7e94750,2,1791384018.335282,1791384030.6319292,12.296647071838379,137,241970,confirmed,
1698,0xd283FA0170057Ba4e2D290acAE11FA7d5ab99e3D,node03,79d4a9098f8ce60f7a6b869b521490c0fbdd98a6e254f0a1df362f5d3adebb74,2,1791384018.3369718,1791384030.594305,12.257333278656006,138,241970,confirmed,
1699,0x318208dBfd897fcFD2ad8a5Ff6a38377325B7667,node04,ae5983d75f1461e5e1190f2ae0ad842fac91819bb3b45897aee1431cc539ff62,2,1791384018.339942,1791384035.4555047,17.115562677383423,139,241970,confirmed,
1700,0xcC01e762E759B9267a27D52A1032A3DCa19a2bB2,node05,f1c652a2cdd07813d48ed9072407c0d78e40592b425cf1dfa8db306401a14a65,2,1791384018.3415713,1791384035.263293,16.921721696853638,140,241970,confirmed,
1701,0xC9Da8f9e6AA4af8A3f45C03B769481E249b1f5bC,node06,343f41cbf71e1ea7e8d1827a5eb4a98d41455c0000879ef369e4dcbd62ffcd65,2,1791384018.3452408,1791384039.1059282,20.760687351226807,141,241970,confirmed,
1702,0x166aC2459214D7Aa45152C63Fd58eBf617C62acd,node07,6473078d47aa57e0d1a951ba82c1793ad0aa1f10c0b2fd8452fcaddacef4030d,2,1791384018.3469417,1791384039.0090125,20.662070751190186,142,241970,confirmed,
1703,0xA2A078655f2D19C5b38750b8ca54f57b0a988Fa0,node08,608bb81617362c089f49a4b0c16209a9e3cba1d021e7c0d1bcb41105f3d2ab88,2,1791384018.3482397,1791384041.6321084,23.28386878967285,143,241970,confirmed,
1704,0x4aEa45d84706010acA8517Cc6f2F597Be5B3CCB5,node09,e5faac13616967d513af8f56ff2a2ba379d622f2f792d98e370fccfab1ae89a4,2,1791384018.355352,1791384044.5427856,26.18743371963501,144,241970,confirmed,
1705,0x5821C96710DD7c6AA2213976B7aFFc0766869654,node10,56b5fd575241d52013f77c57e793508de3c73cdd0271f78ce6913240ed0ef09d,2,1791384018.3571417,1791384046.2074301,27.85028839111328,145,241970,confirmed,
1706,0x4368671e2dd69Ee27dC69E6F5E6f03DbE046C283,node11,9e4b749d5f6692cb376c3a17a3ae811e1436ebad0861025b5e4b154f5edf5cac,2,1791384018.3601263,1791384047.6066508,29.246524572372437,146,241970,confirmed,
1707,0xDcB8c6A9b164aF6096c7Fa39281c1AE2E8C6278C,node12,b8fefa2407f068d32174611c02e7a60e1a9a4d99889f237ba7ee8148f295759b,2,1791384018.3623705,1791384050.2476547,31.885284185409546,147,241970,confirmed,
1708,0x87019310Fa9cF31034bEB651a1DB628CE42b5330,node13,98fe469ae497081d3020cc6310d58d47b2695abaca11976dc0d6e4f889b229f1,2,1791384018.3647265,1791384052.090041,33.7253143787384,148,241970,confirmed,
1709,0xb04dAc524702B5932cF4125876BCBc2DDd7f17D1,node14,89038525ccae12a0f330836aa8d43ce78f1b1efb42dffc4c0b5a9d4ddef689e8,2,1791384018.367474,1791384053.975313,35.60783886909485,149,241970,confirmed,
1710,0x333075220C7Be30a98793135EA33e8F4582a5541,node00,1d76b41f3f6ddad8715708afc3d26d45ca1d626eaae19b61cf1cfdc5bbefdb5f,2,1791384018.3711839,1791384025.0076382,6.636454343795776,135,241970,confirmed,
1711,0x16df5DB1a665E6D02C68d59c744480c4C38c01B1,node01,8c78658ea2a56ad13714bc195ff16a535ba6d710487eda224aca30884d7be9ae,2,1791384018.3825927,1791384024.6942873,6.311694622039795,136,241970,confirmed,
1712,0xD6AC9472Afb09E6c5EE6f13524215D96519e3f4F,node02,ca2f1e1aa3184d4d2aec5a1f6d20aafa3e2989c60d463ff929bd9fe2652f2131,2,1791384018.3841388,1791384030.5866044,12.202465534210205,137,241970,confirmed,
1713,0x9025e7bB0a4a256fF1D7E0a262aF773041E82843,node03,dd0001d305ba76d406905773a42188b17f3b6f1e697d875d0e8e5842a5bc4a58,2,1791384018.3851748,1791384030.4468904,12.061715602874756,138,241970,confirmed,
1714,0xf9070f23569f24234D4aC37995A674395DBF8f91,node04,e3de803fa4f388115d714635808c78cc937756c4479deb21e0da48a2f43e31ff,2,1791384018.3876545,1791384035.3288171,16.941162586212158,139,241970,confirmed,
1715,0xE228b8491f489A8B99402452A97aF5C0329549e8,node05,c89829a2d7628159723462032e0c947fc89e6c04c10694a9cfe07bd52c2ad019,2,1791384018.3912427,1791384035.422716,17.03147315979004,140,241970,confirmed,
1716,0x8B8a7193978097959e3eA6F53C22aa42Ca2b3471,node06,a606264e7485f626b3e82bb61019b2939a1c2ee5faba6633fcb623bcfba966c2,2,1791384018.3942769,1791384039.1360044,20.741727590560913,141,241970,confirmed,
1717,0x9E1130443F5c420AAC9EF79cc80F5177887faD16,node07,90281192afe28cd989e204e01f525442c9adc98f27aa0f58b0795ce84aa2abee,2,1791384018.3997536,1791384039.0233848,20.623631238937378,142,241970,confirmed,
1718,0xA58ec28533919d1b9E29F5EF9Ce858E75b755712,node08,b56fe98c6b0877929284c4eb1e815281f79553448d7a15525d3c16400607766e,2,1791384018.4008563,1791384041.8654184,23.46456217765808,143,241970,confirmed,
1719,0x2b38D1a3722d6901F67717FcFf794FaA9faF3092,node09,2a99dcd9e4a57200088ee41a74a8dea9e2110d29810459882a2b9ce7f9ecc33f,2,1791384018.4101682,1791384044.3041494,25.893981218338013,144,241970,confirmed,
1720,0xe5505068cB936e4b07E6d63C99b64d980a9Ee27E,node10,7fd7b0448ebf67c1137e035ab54a315fea3626f7cf1e2b61ae30d4900ace8510,2,1791384018.413113,1791384046.4066799,27.993566751480103,145,241970,confirmed,
1721,0x2dC175c475244a8aF75ed513fB275A454ab5FeE3,node11,106c16e86dff6a2af814c8d0ee1ab094c21b5f9b72ac0777720c9c308c30fcbf,2,1791384018.4158514,1791384047.67854,29.262688636779785,146,241970,confirmed,
1722,0x4c39e479805657F6a4750d6c1885B8e0529F3Ea0,node12,c4dac733b3f6f85b8747149cf01c68934eb5db3f8cc178caac39de499f9c9615,2,1791384018.4188108,1791384050.3598986,31.94108772277832,147,241970,confirmed,
1723,0x5E000FDe736E372C1Df81744Ab50645AA57a1437,node13,4bd217b0bf9b26e320255e54dd8613e89b949dd265c52d25c33039e9477cb026,2,1791384018.4204524,1791384052.842523,34.42207074165344,148,241970,confirmed,
1724,0x1ed2231F50a14f63dcE988452B973204D6278DF3,node14,682f793a56f6da1b66a000cab38ef74be9cedaccbc0aeb2f49663c981eb3dd81,2,1791384018.4230714,1791384053.9578078,35.5347363948822,149,241970,confirmed,
1725,0xccc5A4c1b328339018889b313f2d17D39239B18A,node00,40ded49ffbfa4ce418dd2ba16649bd528e6b156c779c4af32b793975ace7ad16,2,1791384018.4256375,1791384025.1324358,6.706798315048218,135,241970,confirmed,
1726,0x8f5305438EC6B6D12c07B0332FabDA8541BF0Df1,node01,c2e4dd35dd1807bce43c5dce6815278de3fe9a059d2ab26c14649eec9d3223be,2,1791384018.4269547,1791384024.7774117,6.350456953048706,136,241970,confirmed,
1727,0xd03c69f80366F828e43a01Fa8496089Da3781e30,node02,563a015df5e6321ba6c1504fed7d029cb7cdd0d6af88bcc3a79a6e8194ac61ba,2,1791384018.428353,1791384030.4615095,12.033156394958496,137,241970,confirmed,
1728,0x98a9B833f09964246F71B7805Bf9FbE5ba17bCf7,node03,96d3081efa8abb511fafffa8c676fbff0e4c6aa1df896153a884ad1d8854a86b,2,1791384018.4305558,1791384030.6632102,12.232654333114624,138,241970,confirmed,
1729,0xA7Bf8276E4AB7Df75bB3b2784Bb2f49D89A52B29,node04,48ae4a063c5c5f869e11a33f5ab943cacc4a1e4710a17e03c249e86fd007f2d5,2,1791384018.4325335,1791384035.532672,17.100138425827026,139,241970,confirmed,
1730,0x8771776aE8C54edB8748B3c7da4c74492846B31f,node05,b95383a8368d6284ca4694e09dbdf309d803a76bd526164089de3bffaa052c6b,2,1791384018.4344542,1791384035.3430462,16.908591985702515,140,241970,confirmed,
1731,0xEA92B7e6ecb96805d91F71B209Ae65e1A3d76C72,node06,ba3616fae4aedd33fe254db16dfe11bb9b763d4b881388d762519804d9ddc4c6,2,1791384018.4362578,1791384039.210289,20.774031162261963,141,241970,confirmed,
1732,0x2af4B4ce334309eF63C2b5B9e969929D8ad12126,node07,398890f7ca2f7817a9b5bc03da8b7fc88601929efb01a60922ba24bd04b943a9,2,1791384018.4413333,1791384039.0679653,20.62663197517395,142,241970,confirmed,
1733,0xDB9eE190779871d461d92a3729C5a055921328D0,node08,e2a378286b4aff59e9dc2a73a51397cdb5d05bb2abf33baa77dfeccba4008e69,2,1791384018.4468532,1791384041.9500968,23.503243684768677,143,241970,confirmed,
1734,0x84d171FFCF099Af2335d3FA586A1F5626731a1e4,node09,035421b76e6dfa249c96cfc90d1706b0c3699039106c21caa13f5d0f3c845970,2,1791384018.4488113,1791384044.5430086,26.094197273254395,144,241970,confirmed,
1735,0xF318eDb97E1807b9825ef69552e06F52A47e9C9F,node10,9db4ab5a16e724220ec2f8d23ac3ff54b5fdaa76cf7492d66a010ebebd2d4397,2,1791384018.453654,1791384046.362473,27.90881896018982,145,241970,confirmed,
1736,0xA434AE3b351A1cbE7eC66BBC00A8444De44758aC,node11,97ea5498dfca0d45fedcb99e1324804c89f58a538c60ed2a9e1f3372389b6b2a,2,1791384018.4572678,1791384047.5848927,29.127624988555908,146,241970,confirmed,
1737,0x313E8698c9719B145166f8F3608f2cd4B62779Ac,node12,8782ced826307d5b5bb8cb6f7e541cc327c6d36515964ab39c9e771a65c196f5,2,1791384018.4591284,1791384050.2430718,31.78394341468811,147,241970,confirmed,
1738,0x63dEE26dE72b1aa72e0686bf44387BB496a58F71,node13,2f6fbb1e2f52218773ee32bfb9df7dee0fd138525c5426e5c4737e8b5db47976,2,1791384018.4601285,1791384052.8384454,34.37831687927246,148,241970,confirmed,
1739,0xb08aE2eC84C1F7542E59C556ea3D8882C1070335,node14,a546a1190968a1fc280ebe442204aab6c92e713b1f9274b942047eb506660742,2,1791384018.4621592,1791384054.0885894,35.62643027305603,149,241970,confirmed,
1740,0x3d152575C991a5556B8891c1b0B0581643C1808D,node00,77734b91c7506db0171a9c68c83094278f5fe0dde00d58589730f436d84027f1,2,1791384018.4649947,1791384024.7390907,6.2740960121154785,135,241970,confirmed,
1741,0x4B5720Ff828073C552cCcA3cB7Eb124DB1A79A8A,node01,d1cec8f38785765bbd4a277d5673c98b1f528dc718abd1a191c80ed2dd8dc94c,2,1791384018.4670653,1791384024.9315956,6.4645302295684814,136,241970,confirmed,
1742,0x398BD233751BAEEaB83E5f6C3286B66E3a97a884,node02,f830b4cc9838a59e266a8801aad7f85ffde1e5c87aca006f35c933a5bb8c07a3,2,1791384018.470666,1791384030.5315518,12.060885906219482,137,241970,confirmed,
1743,0x43508c12f43f085fEe42dc52CD547100951D1AC1,node03,795c53085c518f56b1a2cb685a19f2ca50ecb358e128de7374cfe6161c3e0704,2,1791384018.472714,1791384030.4981081,12.025394201278687,138,241970,confirmed,
1744,0x930531a9FE8fcA7a551336AA644444b885918b30,node04,d57b986f096eaaa2cc5faf90883aff5726b72529297c1bbb7a2978144b185220,2,1791384018.474828,1791384035.4842088,17.00938081741333,139,241970,confirmed,
1745,0xEDCE2AEf28687410cc61C88273F647636bb3C7A2,node05,95d92edf1a97a0eb1d47fa21369519da945235109db129652ddd5202500c826f,2,1791384018.4851887,1791384035.6107683,17.125579595565796,140,241970,confirmed,
1746,0x9007271537E25485E5b6Cb7351d159f6B18195b9,node06,a8cee223f83326a7739c1a583e34af960b18c41f812990c8867e8604024cf2e9,2,1791384018.4879453,1791384039.2470043,20.759058952331543,141,241970,confirmed,
1747,0xbF9959cbba2d9bF70dDEc98d6e9e64291AfCe1dA,node07,4ec6bd297baffae78ec46067131f26c963c660fadd2a6eaa7109d4c52af6ef55,2,1791384018.490751,1791384039.2038424,20.713091373443604,142,241970,confirmed,
1748,0x06cFa66B19D1F31fEF81f3bA63b2E124fC342b33,node08,3f2e4ce118e9022f1dc58d2bc324b24ffd73916d8459bac48f22225b4e75dd9c,2,1791384018.493675,1791384041.7375956,23.24392056465149,143,241970,confirmed,
1749,0x8B0c7129Dab97b62023EB910fC6B1006640c3778,node09,baed20fd1df492fff364da8cfbdc51003390ed0fe8853db3b5bffdcdf0dba09e,2,1791384018.496346,1791384044.3432338,25.846887826919556,144,241970,confirmed,
1750,0x3B7152b3B21a301b7769F5d25dFE93124aea8f1F,node10,73846b7538c8c6250a7a8159260beba479b0ca9fe9eb9390e714315288c9674b,2,1791384018.5014338,1791384046.314752,27.813318252563477,145,241970,confirmed,
1751,0xd93A7ECe17d4798980b66fddda0d9bc3D9A24F5b,node11,acc3f2e990c0bb1fa2fb6bd9647f69669657cff60a470048a6160f4908c8c2ba,2,1791384018.50408,1791384047.9250903,29.4210102558136,146,241970,confirmed,
1752,0x3fABFFcB14A54F2e2a37fcE83584F0050831964a,node12,081897fdbed1e24722917d26d7568ad2edd6ec0f05e3341ca28b93b6cf290741,2,1791384018.5066893,1791384050.1513202,31.644630908966064,147,241970,confirmed,
1753,0x4dDbaFe979F90bE46BC876620cdaA6cf80c04fd6,node13,677fdb643914720c8fca25b2c2a0e87dc6d732f97189eb94850c2ff4c3619acf,2,1791384018.5098684,1791384052.0953736,33.58550524711609,148,241970,confirmed,
1754,0x64Cb4CbD1f4B948f4310BeCEF4257b0CBCD9b7c2,node14,c5c72a53f0b012ca7f9de4ce869f418dbf808b2b5d71a6900ee77ef54c98b02b,2,1791384018.512845,1791384054.0744157,35.56157064437866,149,241970,confirmed,
1755,0xEfFABF7D8200a8863e7F8F51799F230eC098Ea27,node00,193596e2d67a393579eda7405d47003f7f8bf18507f6c6da9e19f693ac02f311,2,1791384018.5146668,1791384024.7177067,6.203039884567261,135,241970,confirmed,
1756,0xEdc9D60Be0D5Cf81a83d35d6b3cA90d252e28407,node01,9ff3babbe7ef584cb649e49e32a492a684eaecac4ad8e73b996ca678de563aa8,2,1791384018.5169146,1791384025.1958945,6.678979873657227,136,241970,confirmed,
1757,0x64E410cC89d0c3AdbbD5c4018302bDe75DEcE689,node02,4654076faa1929aed5c50703fa4937f9c50f3cf375092b4f53130689765d69b1,2,1791384018.5288377,1791384030.5433836,12.014545917510986,137,241970,confirmed,
1758,0x4efD2711Ce9570D923b4150877248BC4D93A2cA9,node03,355e253cb82c95a1ac00523d5903fe2dff9c4da7028fe498a0d5c2681dfaa70d,2,1791384018.5313113,1791384030.5153306,11.98401927947998,138,241970,confirmed,
1759,0xA7c9C5f10e0045BB8808916B0e7A249FA2C5a7F9,node04,a58f35f9fd4b2465bfb10bff8d31432abf5ffebf0842dbbc2539fbe3e49bc78e,2,1791384018.5339215,1791384035.7061238,17.172202348709106,139,241970,confirmed,
1760,0x8Ace6Bd04733fdF7eed7bcfFB4FdC545566D832F,node05,e90108b412132d6556f3783d5ae55617bbdbffd758eb7b7dd7e6829fd23758ca,2,1791384018.5421622,1791384035.5084443,16.96628212928772,140,241970,confirmed,
1761,0x87dEBD751173B53e3ea19C7B109Baf42299b9d1D,node06,2ff2be10f2e4251d6913088feea2bade6be2761dc4477249d88410bb7c633db3,2,1791384018.5431497,1791384039.099341,20.556191205978394,141,241970,confirmed,
1762,0x6202184a548452373ad4b96171700bD417B8090d,node07,72a1967a2dc75e53b46c84fcf81e73f27a3ea2143ed57a9add232b4347859dec,2,1791384018.5463815,1791384039.1567762,20.610394716262817,142,241970,confirmed,
1763,0xB1447b0B4BCd68Abd1AD4B0ec13CDc4b2a829D97,node08,ea4787f3cc87b2ed02cfa948caf8c4fece2f569ce4d9e0b8dfd11eb8ca0c48c4,2,1791384018.5496044,1791384042.1271253,23.577520847320557,143,241970,confirmed,
1764,0x7960a50b0D3f2B3675579c67C86D9C53772d9536,node09,575c7cbde36f2aeb858103a69419bd24cebd88019ee617cbe76386fbb1eaaa8b,2,1791384018.5513566,1791384044.3480322,25.79667568206787,144,241970,confirmed,
1765,0xFf89B05f9e7fB11c077B70A600B6090941D88429,node10,f2da4c77cc9c2827732d1cc808aad44d30b00502def66c08bde68ac557b7c844,2,1791384018.555609,1791384046.2751474,27.71953845024109,145,241970,confirmed,
1766,0x56e5181783E38969bf5CB43eBeAda22E639D0276,node11,42099af2a90f9cc15d7b68238652c93f6cee8b4af0db895b95bb93d5344a8f6a,2,1791384018.558693,1791384047.7867963,29.228103399276733,146,241970,confirmed,
1767,0x5fE706019cc86B08f565E7F00Bee43e5025e2607,node12,fc2a1fc0e7dc3748be0a5f8e691c4e6b6948b18238013576c30c36da6263fba8,2,1791384018.5609558,1791384050.253108,31.69215226173401,147,241970,confirmed,
1768,0x2ce763B607636ecD5b1f34bb9d53898E0b937689,node13,0b43ca31eb1a2eb9a170e245f4aacb1cef000e41906d9e3668693194cfa35e58,2,1791384018.5633492,1791384052.094719,33.53136968612671,148,241970,confirmed,
1769,0xB4941D5871519d2a1eB95E628cdfF70A99D432Bb,node14,c452591ba20cc7536a0116554d751b40212431c72c3f7fbbefe36d23e8ae7e0d,2,1791384018.5659404,1791384054.1486988,35.58275842666626,149,241970,confirmed,
1770,0x6ed8640d71097ced925a2fF2ea3f7327c3212180,node00,bb29732d11cc16d1e0703b06bfe2ff92ca26debed2955414c9180ac488db740f,2,1791384018.5715666,1791384025.0753567,6.5037901401519775,135,241970,confirmed,
1771,0xBED73FFE9355799555Ce4e49445e6ca08aB6C5C7,node01,ff6e326eba20988d2e36abe6f3014b5d8992ed974e39536af90fde03fd6c1fc1,2,1791384018.5733688,1791384025.2131422,6.639773368835449,136,241970,confirmed,
1772,0x03b2C5421d032fd75eF44b73fAaB88236A6e8D43,node02,2014b1b37fc79ce847963ab9d5393f47d5de0f62e7aafd75630c725dade8cd3f,2,1791384018.576,1791384030.6515927,12.075592756271362,137,241970,confirmed,
1773,0x7eE9766ddc1527b64ff6aa90fa7e3aa525E242Db,node03,a4c3ad10076d1ef808cf39a07bd80bb2612cd11e8a67052b311e910adb0cc400,2,1791384018.5776153,1791384030.6182833,12.04066801071167,138,241970,confirmed,
1774,0x1312d18f45B4f858f861DCCe56a0F6855906516e,node04,a0886f2f341262840b4a979208dc2b8af36ac2be44eb1bad580269924c5723e7,2,1791384018.5831673,1791384035.450241,16.86707377433777,139,241970,confirmed,
1775,0x24861f62b1f1C6e6deeC4304B48BDB484Acd7797,node05,bcd7024eb6f90ccdc9b03ea6e21597929fe2592ec93e46ccb6d1f05a718d5894,2,1791384018.5856345,1791384035.4436524,16.858017921447754,140,241970,confirmed,
1776,0x8Bf0d46b4f87eDF6837764ae2267CA02C50d7f32,node06,2bf1c1ef6f54a5cca912c47cb4312b14a56343e1392e574a6d39773774cdf11d,2,1791384018.5886338,1791384039.081514,20.49288010597229,141,241970,confirmed,
1777,0x0C4D0A6aB87742FDf6AB80c0d152CC0fA4dCb949,node07,cdffc1aa2d31fe46d481ac2eba895d6f2c456554eea439018028f0ca06d2b0b4,2,1791384018.5909114,1791384039.1523774,20.561465978622437,142,241970,confirmed,
1778,0xBd4256bCc7AA19a6816322d1D96D11E15f666708,node08,fb69f180b5506aef43ced8a6cc5d215d8106773594c1caa0c7cc69a2598d7334,2,1791384018.594388,1791384042.0514789,23.457090854644775,143,241970,confirmed,
1779,0x6d9A703EB5891E51ABAB494C2BDA1E93D528e2De,node09,9fcf69667294fcd290b0db6aba46e6cb17a945fac82fb12af7e9c5aebbc71708,2,1791384018.595969,1791384044.3590105,25.763041496276855,144,241970,confirmed,
1780,0xaa13ecD486f19a23E6f5C11d20a40605C1D0B521,node10,77fce57c10ce96c43e57a1ccf601c03a71d88f94957f012133fa32ba7d697257,2,1791384018.5993054,1791384046.4209123,27.821606874465942,145,241970,confirmed,
1781,0x033b146042D1c25b64d0dCbB318496184941512F,node11,2414964e40943907c17e8302dd67e8a61ece84bfde363f9ba90d148373f9cfb2,2,1791384018.6017122,1791384047.6713855,29.06967329978943,146,241970,confirmed,
1782,0x63Cc51e67467Ff6dC285884Df3F354fc2DBe17fB,node12,c6d57aac688ff1481ea36e3f40e524c7fb071d7e515ec4debae36bec640b3766,2,1791384018.6055894,1791384050.3090055,31.703416109085083,147,241970,confirmed,
1783,0x477F1721a76C500c80F12712376691f048399cC5,node13,b52b280761ee086a9060f45a30ce5e6cab80723603ebd23364550ab62517bb87,2,1791384018.6135445,1791384052.8541176,34.2405731678009,148,241970,confirmed,
1784,0xdD715e7d08F1ab97eA02D774b868Bccea80c96DC,node14,506f58b86c316d03ed0b020fbb5599eda76fa6a4c4dad3fe80cdd376e683883d,2,1791384018.615246,1791384054.0895798,35.47433376312256,149,241970,confirmed,
1785,0xE5879D5148732b022820E55Ef675aCD07acFFbCc,node00,cf29985ada019da929baed929d526330380a6e7a37d957480106585e7b6a97ba,2,1791384018.616529,1791384025.180511,6.563982009887695,135,241970,confirmed,
1786,0xE6815c1D3e03cc06f187C42d939431413A20913C,node01,46577bf71b5cf57c5320647ccbc63a1e0e7fcbc8181d30830dba1aaa80b12ac5,2,1791384018.619004,1791384025.1610854,6.542081356048584,136,241970,confirmed,
1787,0xFf663B2E2DD80F0cA9Ef5F7827fdBAc704736983,node02,79a1f90d1a5bff28791082d3167b0a03155e486e6d61d94bdfec0783dfbf20a9,2,1791384018.6200562,1791384030.727805,12.107748746871948,137,241970,confirmed,
1788,0xDa0bEA09A82EFaaE4133C222dbAAD9c51895Ba59,node03,c0128856bf3ad992589af56de2ba5291250c585ee703e6f2cb7e30f5594a6451,2,1791384018.6228044,1791384030.6657243,12.042919874191284,138,241970,confirmed,
1789,0x531d1320158EC7D2fAea6680e1bF2cAA2abc98bb,node04,ff53554a942d902340bea491b4a2277e2635207492e7d50dd6362d3dbe004ea0,2,1791384018.6251605,1791384035.5237153,16.898554801940918,139,241970,confirmed,
1790,0x6063D3Bb10cA1F0A8036aADCBDc72a4c66D658e2,node05,97c2b4d8ca7346a6ba91121c0027bd47fb0f0b93b047de10090b48992704b3fd,2,1791384018.6267762,1791384035.5392048,16.912428617477417,140,241970,confirmed,
1791,0x1dd05fe7E27fA917149d2f0DB8168B08fC2d4a75,node06,9ebc921248a160962a4cd1b969ad9f0204c2d327320176e7869669e0987702d5,2,1791384018.631938,1791384039.1078062,20.475868225097656,141,241970,confirmed,
1792,0xfA0A477992F1Ed65C301aB2C8ED38a9158D0F1f9,node07,ccf409c0a6f7ee4437959cda85b64be4be1bcde61689c1dc824354cbd0ade4fe,2,1791384018.6337645,1791384039.1037598,20.469995260238647,142,241970,confirmed,
1793,0xc90d35dbBaCEad8c5d2574802106F1F7879aB38A,node08,8d19c34beb94440c85154d04f4a0e761d995ff4edc6b45f93a6f7554894910fd,2,1791384018.634614,1791384041.987019,23.352405071258545,143,241970,confirmed,
1794,0xFfAE629c7f9CD4d535F2ec0eBc81A2d3f5EffDE7,node09,801bea46a01147843eb38637782b9734631c92dbf82b1dead836459ee8ff490e,2,1791384018.6371365,1791384044.4645722,25.827435731887817,144,241970,confirmed,
1795,0xb292Ecc8f27CAD444D03Ff58b42E606D916B310C,node10,93869374e4d712be3656ffac3ea6f46adb154b86d61f004f56d2708a974ca27b,2,1791384018.642841,1791384046.319864,27.67702293395996,145,241970,confirmed,
1796,0xA6FbEF44f7FA4815aE197AF5d6F3C22Be0E88932,node11,ae15d006d1c973c9d0ba1ef672b87ad6eeaac695f018519ba2d66cff7edcce4d,2,1791384018.6442049,1791384047.9227586,29.27855372428894,146,241970,confirmed,
1797,0xed691461Db215da449a5EDeb019C8F3006976297,node12,2bd488f3a033547f6ebb1ac4e72b93c58b936a09cab62ae7e41d6f65ed4059b9,2,1791384018.6526308,1791384050.2937021,31.641071319580078,147,241970,confirmed,
1798,0x8b64A94cA7fD9619b5469367F9740F4951D738f4,node13,bcd79e456e114988f576f60ecd3294d1d84e24ca189da5f58ae7e1da16aab2d5,2,1791384018.6572316,1791384052.090731,33.433499336242676,148,241970,confirmed,
1799,0xC601157aa81aa9E1a14714AAFd1a8fa4624a8139,node14,5217cd0d6c1bbf081155bb1ac3cd1ea358481516c09017d256db8ca31f2899e1,2,1791384018.6609564,1791384054.0868905,35.425934076309204,149,241970,confirmed,
1800,0x3A76409cB1E57C2d876EF06b0f31092d9236abd2,node00,b89a344145058bfc0f4511176eb99b8285388c6ac8c95b13bf93a10d4094dcf9,2,1791384018.6620624,1791384024.9413707,6.279308319091797,135,241970,confirmed,
1801,0xd43d34Df7B1fB212252A56b5ed3B2213a7678641,node01,dc481bd5fea41a6de7bb8178eaadc3f7b51dce4dab21374db1b437d54e0dbc1a,2,1791384018.664447,1791384025.0000925,6.335645437240601,136,241970,confirmed,
1802,0xB5708E8eB8aB8ce5E302e6c7b0e82Eb5715773E4,node02,c25938a31a7008fa2b4100733b3bc38f1d8fe517a5210151f4024b7668be540b,2,1791384018.6659727,1791384030.7254891,12.059516429901123,137,241970,confirmed,
1803,0x9c71DCbdc76F2B236ae3c115FB1e2d4B0467F545,node03,2d4ea3acf2dc6022d9adddc08ea4650e73e7e2462e6fcc9a860181707916c0ce,2,1791384018.6723137,1791384030.6788137,12.006500005722046,138,241970,confirmed,
1804,0x8954cE058fD9441B72b7d1122aB6C1E7Bce4DC96,node04,496e08df9c2b48e66c72b68687c4aeb277b48d88e228890fc23ed9089c63afaa,2,1791384018.6758814,1791384035.608859,16.9329776763916,139,241970,confirmed,
1805,0xa3f86b8d830aD52d5e4d738a9Ceafb55668a7981,node05,ea135e92b16ffd91e1f445b2318b3ac8f35f1dca5229daa5007cb3a466f1425c,2,1791384018.6791832,1791384035.709492,17.030308723449707,140,241970,confirmed,
1806,0x22126b684cc94C6fd177FE79b937Ad0775C7B2fa,node06,c0a076a7607098b0cd2168d3dee9a2808d2fdf46c779b187ce2b129b510d09d0,2,1791384018.680232,1791384039.368813,20.688580989837646,141,241970,confirmed,
1807,0x38d84f1575224A38096E767314B97Fd2819850b9,node07,6d92f17cdb878c629e746bd81ba4f130016d5fb58e2568720ad683decdddbc9b,2,1791384018.6849265,1791384039.1768951,20.491968631744385,142,241970,confirmed,
1808,0xC443d81e24cF0D0cd4dB59a78764f30a319B5A5C,node08,07f03412fb91512fb69d3a85e40099ac8d36cccdd0acb8c160906b3a31e3fba2,2,1791384018.688502,1791384041.8851635,23.196661472320557,143,241970,confirmed,
1809,0xed5a49aEb52ce8DeB1475Ad17C904D7423Dba536,node09,7dedfad579f84269f95896c59d7c6828d2a0c4901b8f24280508599c95e52b5e,2,1791384018.6895225,1791384044.3864045,25.696882009506226,144,241970,confirmed,
1810,0x49729165bb422Ea3AD1742862d8e0b8B7Bd3CF00,node10,993012eecfb73e3e98318fa425a9644b9ab231935b4f47fd4c1939f0f5b5a147,2,1791384018.691234,1791384046.279662,27.588427782058716,145,241970,confirmed,
1811,0xDeF186fa0d72435a9190022dE94bb4c0f9f66aFF,node11,714140fff0478122d6eaba4daa81d59e95aef74891742cfb50f7b270edbd9826,2,1791384018.693006,1791384047.9080803,29.21507430076599,146,241970,confirmed,
1812,0xcC58e0cf59f09226860889F963514BCb93e284Ca,node12,4351d9ec45a973966109c9040a9491630b87b49813794595a7a177401c8b00f8,2,1791384018.697291,1791384050.3085132,31.61122226715088,147,241970,confirmed,
1813,0x1485AcD387BF01A017B3864136310fA103F0db25,node13,d59d04a52693f5c57f01e48d3e2b821c2edef34addbaf4cf0e4fd05acf39ebbd,2,1791384018.6981685,1791384052.8583515,34.16018295288086,148,241970,confirmed,
1814,0xcC14d1D77059b8707d0848B1F883e8D538302C24,node14,c3ce9e8feb5d748e1e8bd5c2aeda5e1c3af9871c87a935cd577e7e475e9be8b0,2,1791384018.7028644,1791384054.020409,35.31754469871521,149,241970,confirmed,
1815,0x63229C87ca1b5aDa5cEEFCC69ff43164c9866359,node00,202160d6fb8d76481c955eae73800debd06ad6e31873874143dc2d2b229aea2e,2,1791384018.710233,1791384025.094291,6.384057998657227,135,241970,confirmed,
1816,0x4c0917C0391D2f26E0a88f57e2F68412888b4Ba6,node01,ace0078998057c84976b3008e6f177bcfc294ef990249b7d83934a7a8343b508,2,1791384018.715161,1791384025.0692039,6.3540427684783936,136,241970,confirmed,
1817,0xf59b429551C191BFbEAC8AE1a208B97D05D08a03,node02,65cccbe7ab33a1c941eb7ba5309a69640fce9a648cb655752c3ef00698194594,2,1791384018.7176743,1791384030.7576613,12.039987087249756,137,241970,confirmed,
1818,0x83eF30b03B8E12EeB32b1F660eEa3E88F94a038c,node03,c64879e653cad9f0ff20d8c4cb8f656d9bf67c5b7482634f33890d26c2d7ae99,2,1791384018.7213924,1791384030.7070007,11.985608339309692,138,241970,confirmed,
1819,0x298c8dfb47a94DFD09Fb77148181F0508E840f9a,node04,7853431dd5ce3c2279077260ff53ce0807ef912d3cd919e4ed4026e13765d127,2,1791384018.7275724,1791384035.6069047,16.879332304000854,139,241970,confirmed,
1820,0x8649E61B87E8DED050162373248D91A51a7e1823,node05,75f8d12429b83cca8cf1e8827398de2f2a294ccec72a81a3984d7f9616bc75be,2,1791384018.7288568,1791384035.660532,16.93167519569397,140,241970,confirmed,
1821,0xbF1536003Ab59a7001EbDEc7b419c53E3484A3c2,node06,7dee71cac46c95ef17a5d712133f025fc5bdf72a7e6c8465074a1e28e203eeb2,2,1791384018.7311604,1791384039.2629395,20.531779050827026,141,241970,confirmed,
1822,0xdE48CdA90F43364E26E5747D3Afe1421d87Cbc4a,node07,60df1eb981266bdd90e8c22625e33a8cccbfb2291f5920121af6bda179181879,2,1791384018.7396286,1791384039.345649,20.60602045059204,142,241970,confirmed,
1823,0x9eD4052e435D3f3b27C7A8ce2F2c2317652A709a,node08,ebc94d8976c909bad3d1f321b2a489d62ca2d854e5e114687d5a2d998467f33b,2,1791384018.7426975,1791384042.0875573,23.344859838485718,143,241970,confirmed,
1824,0xDB4861F0AFc7D3888d0600771bf025C6553D45bD,node09,2f2447350479f2f0c57893d5bdd9ee1299e1c9635615a610f362935da6119ae4,2,1791384018.7437499,1791384044.5113811,25.76763129234314,144,241970,confirmed,
1825,0x612500aFD4BBAEE1a48f623fE4b2Ce2bc620c984,node10,1b98dc6ed84009e65136a02c07a3768e8e03806fe3bb7be4ad4c3d23a551c3bc,2,1791384018.7458172,1791384046.2690604,27.523243188858032,145,241970,confirmed,
1826,0x7C0E5663Fb99567889A03391B37C18ED1349a6B7,node11,21670f8d613c95099c9bfd935d6797aa17019214f5c669ece5a8f741e2f4eab8,2,1791384018.7514,1791384047.8681672,29.116767168045044,146,241970,confirmed,
1827,0x81C2a84Fd6aa09B033E285Bf8e156D13FdBC2719,node12,09393a13373b638383c3cde3d42da5b7b08f4a78e3eb817c5fd859feee3c034a,2,1791384018.755816,1791384050.2625544,31.506738424301147,147,241970,confirmed,
1828,0xD60c328097702ec525D9565dac51B900ECba06c1,node13,ce2f5655342b9edffb5c01b8f6d89d3a3b055f72f6fda41dd7a2453cb4817d0a,2,1791384018.7571428,1791384052.854592,34.09744930267334,148,241970,confirmed,
1829,0x2402ecc87D5bCfea6cA57D1d95e25fC9A6657708,node14,02527bc87167e54741ffcd3e6e2bee7830990ae6e2775c4e381431e765d0474a,2,1791384018.759698,1791384054.1538203,35.39412236213684,149,241970,confirmed,
1830,0x02fc26d7799F16bb4a23a805De3df23860AAb737,node00,9a2cbc029736eb7a4c273649457c72b82182e58f743af747dcd16da6124a944f,2,1791384018.7627876,1791384025.2145436,6.451756000518799,135,241970,confirmed,
1831,0x4334022e3c3584Fae20F6Fa8575753bf7fCd940D,node01,5adad70645b221affa571b2dad1132162afd1e5633aeb680c9f5f8c4347a0e82,2,1791384018.766847,1791384025.1770859,6.410238981246948,136,241970,confirmed,
1832,0xBe8C39D754f73EF16B1944819beA2c9B9767b0b9,node02,e24b036c687a1bd0fdc47efe28a205f48fe518f0202d479ad70279183f34fad9,2,1791384018.7687602,1791384030.766779,11.998018741607666,137,241970,confirmed,
1833,0x7fa4E0b08872fD7C3Bc1f1E340A90Ba4bD0328d9,node03,9df29a27f03c4941c76fcdd03611e65d698b528aa602039cd45c530fffe43283,2,1791384018.7720447,1791384030.8792567,12.10721206665039,138,241970,confirmed,
1834,0xf84fDA650Ed27105cecdA3011457B3F6CB08e561,node04,b2986996849c20f64135270be0c410d71eaa311c30787b2df38b5503194f3170,2,1791384018.774497,1791384035.6401222,16.865625143051147,139,241970,confirmed,
1835,0xBb1E0f027F9572762EAFAE8Faf6cFFf65A112c33,node05,ba30d9e1be3fe90b6953a00a9a9da8da7f030fc6ecfde7293f817cbd068e52f7,2,1791384018.7785761,1791384035.6867096,16.908133506774902,140,241970,confirmed,
1836,0x0Db4b9B8A799A929193bDE1099842732F98E52fF,node06,d43587534f2e9285624e4af3bdcd067e8ee7d02edd1d2df71920342a48ef5463,2,1791384018.7807262,1791384039.101248,20.32052183151245,141,241970,confirmed,
1837,0x384ca19a24466c1Ec2E10437a81D1f5436925b4b,node07,75be17c2f109725b0ce2d82acfde8a5a0c2b76b102cb728ca6b328e09524e7a4,2,1791384018.7829082,1791384039.194417,20.411508798599243,142,241970,confirmed,
1838,0xbbDE42c4990450528FF57208e1449Fc04577Da86,node08,458f8f46ee68ba61d71a653ea7ea7a0d4b00739952fa0a9bf3364414135dd8b8,2,1791384018.7849717,1791384042.028383,23.24341130256653,143,241970,confirmed,
1839,0xFB28640ad4c4784Dd0D761823d8E6dDc18beB5C7,node09,80e4b8f8ef8f2d870b71eb4803660994ad75b74fb46d01f6a362f6761d1b1e0a,2,1791384018.7870393,1791384044.5387285,25.751689195632935,144,241970,confirmed,
1840,0x047f0AB04B69E2ce466237Aa54c254318D1F6c15,node10,29966c930f07b575ed73c453a7dbe7ef5f6fb26e6d615f3143cc6cb5e640ee8a,2,1791384018.788827,1791384046.3741658,27.585338830947876,145,241970,confirmed,
1841,0xA5173c8B4F12a966a91B7a308AdCcd27dAcD3c43,node11,e3b3693dce4a87f8587e8e1e61ff53d5311030a964fad8260a618de6cd0e464b,2,1791384018.791114,1791384047.9270904,29.135976314544678,146,241970,confirmed,
1842,0xEB8014fedf9e674cb40B82cac8f04383b006FE43,node12,79590fcf00f1e46d57afd3f5158354c9acf62b00117e8f8d883ebe799c748892,2,1791384018.7938366,1791384050.174259,31.380422353744507,147,241970,confirmed,
1843,0x092A00F21fF1dD622fB976F927Ef9B072E9d5Fd8,node13,cc65a3c0572afdd4ef58ad90076dc4f20376e985a8fc2883f172b26157c02427,2,1791384018.7961223,1791384052.08532,33.28919768333435,148,241970,confirmed,
1844,0xD62Fe843AF599D4760424cb37d7b5EE5c9537028,node14,19b06750cf46856cc7a6b4d292027baf0d5bc9c7ae10ba2f81afc01002863ec4,2,1791384018.799348,1791384054.1598892,35.360541105270386,149,241970,confirmed,
1845,0x5DFC74371e5317ED181E6D49d84bAE30c5F796dc,node00,80cfa229ebb43477b2083318959c1904b288971e5eac8e10151f11fa2a82a4e0,2,1791384018.802676,1791384025.2648816,6.462205648422241,135,241970,confirmed,
1846,0xD6226782EC4511254026C7F58476B6461c082d60,node01,2567768f0bed12e585219db1d906e4cba85748bd9a74d73133b0c7e35fd3af7f,2,1791384018.8043828,1791384025.2379036,6.433520793914795,136,241970,confirmed,
1847,0x4e8F17C9eC97e029710bae60e7ab2ec02A913e23,node02,615fdae408de3f6b5b5355f5da04156eb2f487ca356200dea76190a3582f8d4f,2,1791384018.8102634,1791384030.8231373,12.012873888015747,137,241970,confirmed,
1848,0x3e9e28720cf1F2E4D4F67a65d836022b75F43e63,node03,67847f14ea34659abbf1a977ccfc1a4682191aef44c7ddb2568c29962ff21c13,2,1791384018.8131366,1791384031.0728965,12.259759902954102,138,241970,confirmed,
1849,0x688F52b199970C4f27739582f0da28Bd932bC6Ca,node04,2506165b9d0e14593f8b3e234cbe7f451552b343f3d359b4720c06787a1f662d,2,1791384018.8156052,1791384035.7236981,16.908092975616455,139,241970,confirmed,
1850,0xf07aC5b22C7eAb5B87D726f990019a8137de1132,node05,0509f84b9418da3013eb2639ea1459c1f50f2e7764bd2e2aae57126725c46242,2,1791384018.8177812,1791384035.587059,16.769277811050415,140,241970,confirmed,
1851,0x7081B3469e36998456cd88A44A0bF098ef85b981,node06,f409fbc124b6039c40fd37e0af5605708b378edd85202f8e04b62c7e81cd4563,2,1791384018.8207982,1791384039.2613184,20.44052028656006,141,241970,confirmed,
1852,0xDa507902BEa4a3A8c1E3CBbA1805253A1a7181eC,node07,2ea2b214c84dec4b669485bbec1f21b41cb2692e19fd9bea14c0eeef0b68fc83,2,1791384018.823549,1791384039.2452264,20.421677350997925,142,241970,confirmed,
1853,0x69D8fe8998B731dA15D127aA59Bc2703Eb8d1609,node08,c703ea45b82e95a4c45a0ae38d9419909532b23a725f1e10eb1ca4798c48b561,2,1791384018.8257415,1791384042.0089972,23.183255672454834,143,241970,confirmed,
1854,0x5bC20C654Eb8F92fa419e5950bC5a5EFf1bDc52e,node09,15d1a0c8420b20ff8ee8823eedc11e29a407f2a9b7fa385df1dc864bf595968a,2,1791384018.828477,1791384044.4475412,25.619064331054688,144,241970,confirmed,
1855,0xADb824B25336ABCaA6Df76fe90462fFBC68fe6ef,node10,3bd243297370ffb9abe8c5b2c5dd3efc48e18b39cd6fa2f8a2500bb0020f2117,2,1791384018.830709,1791384046.3670328,27.53632378578186,145,241970,confirmed,
1856,0x173a755d45399eCA4cb55EA488E8e9Ff926CcF6a,node11,a75f130eca929bb2e864e218ea5fae752de50470634b9f756fe3a5c3fa58c397,2,1791384018.833453,1791384047.761821,28.928368091583252,146,241970,confirmed,
1857,0xbb0e32bcb376400427753Cd9345D93f9Cbb05F78,node12,4fce8795c2b5dbd8781d92de0fdf00e691ae22c7391d028bd1d5bd13c8132488,2,1791384018.836055,1791384050.3520043,31.515949249267578,147,241970,confirmed,
1858,0xD6f8f657CCD04EaaA53483F6DB859AFe264cb7a2,node13,71b8b56ea28174c8ae2d70a8bb055ed84ff175bbe2e2216ef1ce0627169d59d9,2,1791384018.8383691,1791384052.0862086,33.24783945083618,148,241970,confirmed,
1859,0x62dA7b143C1f7d4eb870A08fF0467bE220eA000d,node14,1ff26b732280fbe3f1fa8aacda991e127ce3961b9fe19b66c23251cd755105c6,2,1791384018.8413043,1791384054.0690167,35.22771239280701,149,241970,confirmed,
1860,0xbd4b4F9B22aF39F4634Fd15DD8a8bF7ab17715e0,node00,c5132c73b7b792a8c766f2be216a7b82280f9c98b08c80c19dea21de91d8fb78,2,1791384018.8433104,1791384025.3304949,6.487184524536133,135,241970,confirmed,
1861,0x028552A51FC41235dCFE0139e7D510B78dC6ba3b,node01,54378eb422ccc7fca2b154301d613dcd966e580b947332edbf794d11bc68f008,2,1791384018.8457458,1791384025.2826319,6.4368860721588135,136,241970,confirmed,
1862,0x8F5743E7f16c8f6bcc76D3cef8EB488c9651CaED,node02,df5271958e1dbb6355a8b9e98f68c6c0c5fa20941a723be2a6d49d3bb47506d0,2,1791384018.8478734,1791384030.92741,12.079536437988281,137,241970,confirmed,
1863,0xDC873a3e8ffF69A6428d9D27235780E2f7ae637f,node03,8a9cc2ea25b23a12658648ef23b392f16bb3200db96c11f86647408a89b18d22,2,1791384018.8516223,1791384030.88697,12.035347700119019,138,241970,confirmed,
1864,0xDdfeefe911A65372A436616eD2e562aaa1f1E8f5,node04,3af796c721bb1c9af75e5daff3c0dd909127bf4be8421f3409a5161e110b39e5,2,1791384018.853343,1791384035.6234107,16.77006769180298,139,241970,confirmed,
1865,0x45b9A03199Df506b6d8D866A026e2Dfff6CB6907,node05,d96a01a74683abb9a7896ba017ffd535b73b394305aa105b0f8058ff04452af3,2,1791384018.8609302,1791384035.817203,16.956272840499878,140,241970,confirmed,
1866,0x92A47168655581B1b5e6bD5cA40f2201ED75e925,node06,125e33451e8820145984df98dbd53751ed16ffb417cdfe7329ccc04f4e862fa9,2,1791384018.8622308,1791384039.3247888,20.462558031082153,141,241970,confirmed,
1867,0x2532aFA6aABFdfB49A14d40ca0D41854617f8209,node07,14536f3d5fc959ff523426cdeb3ec4beac852d577d3232e65551fc310fcce75a,2,1791384018.8642986,1791384039.2572005,20.39290189743042,142,241970,confirmed,
1868,0xB6b880a55137B1e8DAA3DE66e5c85e3fE7f9DE0e,node08,25f63bfeda4bda97054a4f46c72415fa6688c1119ccfff6f7a6e15982b25ac47,2,1791384018.8667595,1791384042.1247292,23.257969617843628,143,241970,confirmed,
1869,0xb336f26e7E5AF554f09829bF06b9601dB4131A46,node09,b02d60b0954f714f823270f7dad7c33189f6d549360d6c167af050496ac44ef4,2,1791384018.8684735,1791384044.518514,25.6500403881073,144,241970,confirmed,
1870,0xc0D04139c1cd7C599B643cA522a4D520c0735887,node10,57a325d17f1a565c08b64568fb20f530e4283728191d6bc2ba9ede908036b5e6,2,1791384018.8710115,1791384046.3372836,27.466272115707397,145,241970,confirmed,
1871,0x31af88110324C71A2d9093f6bAf7ee3034EF61d7,node11,9d80e6701d943f9d27252be2b07a6138132cb952ea874f40217f200439e596b0,2,1791384018.8746338,1791384047.7492092,28.87457537651062,146,241970,confirmed,
1872,0x979355B4FFea6Cce00155474B4F2D43075532Cb7,node12,d9d09881c7a51afdddd96c14d5877714a3fbcbee3e5c81cf094242880fd207cf,2,1791384018.8778915,1791384050.3032663,31.425374746322632,147,241970,confirmed,
1873,0x19561244Aa1fC43A400Ea408729BB0b13f8f35F1,node13,fd1edc3fd11a4e9f790e8f9bb5438748ecc731a4a58f9163703d5291d99b1f5f,2,1791384018.8800356,1791384052.0600898,33.18005418777466,148,241970,confirmed,
1874,0x0B53F68Ed9672AB46A4730B7101769De6714e579,node14,5645c610279a34c05eb99b8600d6fafa7f414c5a3930bb02e655ff9c7f434dcb,2,1791384018.8834956,1791384054.085664,35.202168464660645,149,241970,confirmed,
1875,0xD4Be5898191b797505bbFC757c93fE92317486Fd,node00,4f949bc3d6f54c5ba7422538540a956f25aece87f2ed02322e38d4a684418c7d,2,1791384018.8846714,1791384025.228565,6.343893527984619,135,241970,confirmed,
1876,0xAf100F89c90Ff0a42FE214e381D15c7975890653,node01,91dae0a0b0a01ab036f9d84e006a0459ae9d59bf3ddecb3f8447a50af7893f0c,2,1791384018.888459,1791384025.357313,6.468853950500488,136,241970,confirmed,
1877,0x28F70F4a82Af37d4915E4C27d7C37d3e345201B4,node02,fa36ad571ccd962947f38fde70c0e952ed3ce358ece6b984210c03baa91a9876,2,1791384018.8969798,1791384030.8901134,11.993133544921875,137,241970,confirmed,
1878,0x91bD55C66980f41CEc100bF11FCEd4A496d77f10,node03,b335db26bf3c83a3b3e229f9767a295e9ffa00893799905e520bbed9263d743d,2,1791384018.9036407,1791384030.80563,11.901989221572876,138,241970,confirmed,
1879,0xd6B96990337a7BF3f8e7533F91e7316c35d89B51,node04,2ebb6abaf7f5342082d3be406880374aeb1b0968bd1e26c940a0bde1b174c152,2,1791384018.9054275,1791384035.6376684,16.732240915298462,139,241970,confirmed,
1880,0x4dC9AC72b3365aBD88D94968d2B1c21e40888DFe,node05,8fde130d487bb5de595eb659f74a3a9e8ea663303abafb7c70fd463851eed117,2,1791384018.9077013,1791384035.6347601,16.72705888748169,140,241970,confirmed,
1881,0x0E21748b4f3eE25d6f5A3e575EEfbEf981360a3b,node06,aa47ba411cbb053602b0c691cd85248b22acdccfcc3dc194fff4a02672e66306,2,1791384018.9113023,1791384039.3332365,20.421934127807617,141,241970,confirmed,
1882,0x4231d33317797E3290973066a24364f9Debeb347,node07,73932da417e7fed4acd5d8a426c6b0bb67473a765d2c40f2626c3d69bdc8bbf6,2,1791384018.9126277,1791384039.3956153,20.482987642288208,142,241970,confirmed,
1883,0x9709152cE65A4cEEa363674884faE6f0535a7205,node08,b0b1b1aa73f189f53b1671fc5b9c9691e9789b88127645a9235db9b69af543be,2,1791384018.9148767,1791384042.0742953,23.15941858291626,143,241970,confirmed,
1884,0x34b67232dc12b2a80EC22E1BF94bA554be9f4d7d,node09,d2a850f0965a90a9a419b374e2cd241693df228719d643e998d63556dfafad19,2,1791384018.9177217,1791384044.5564497,25.63872790336609,144,241970,confirmed,
1885,0xdb114dBbB7842E2e443808F250Ad0c108A52fc3e,node10,21d62956f9aa79c036a23fe193b940530204890eee56db99f75669e4889c217a,2,1791384018.9199183,1791384046.37031,27.45039176940918,145,241970,confirmed,
1886,0x0614867f9058119e816EB7EA6f5e724ba90D6dC2,node11,e1faec3df6eef1839caf1e721032172527e542839a4e94c72725f4adffb65b7a,2,1791384018.9224942,1791384047.9140232,28.99152898788452,146,241970,confirmed,
1887,0x46E6a7B4002a6D2C1A35c4e651c2CA58aC28ABc8,node12,0be4e92d0291fa9bddfcd80cf57740fd0f1968de88c593cabc445bed25625b67,2,1791384018.9243305,1791384050.333317,31.408986568450928,147,241970,confirmed,
1888,0x37D50Ab089fA6226414ABdF8e2C04da5C22e869C,node13,e4d80a1ac9ae02a4f0708660e96847cad8f19d360b99a5c74af1b56478022ece,2,1791384018.930521,1791384052.089909,33.159388065338135,148,241970,confirmed,
1889,0x95aa36e551c5ce8f42D4D96727d4E27E4007C279,node14,2fc68f913e85cf0e7fdc200a94c4c11fc523524610c6abc60e2d77d2f9346c4d,2,1791384018.9314919,1791384054.1132438,35.18175196647644,149,241970,confirmed,
1890,0x93D8c1434Cb34b192C2486284439c4efa15d9176,node00,28d0866555612845e8a0460d62b40cde18dec417640bc9a39402afbc1d82fd29,2,1791384018.9334037,1791384025.2972767,6.36387300491333,135,241970,confirmed,
1891,0xC04595b2A5672B0D6C7ec25e1Ab84F1a9F147Ce6,node01,7e88c8bb5b08dcac207a98099c87695174c0aa16b90f7ae61028d71c21c35604,2,1791384018.936572,1791384025.3518462,6.415274143218994,136,241970,confirmed,
1892,0xEF1f86B571E6B21F12F030e46962bF5836c0Fdd2,node02,f3e3cb59db953ecfc921a2723289543afd024f35eb9dad004f0cdaa7fa5183cd,2,1791384018.9390264,1791384030.8996522,11.960625886917114,137,241970,confirmed,
1893,0x7871a46BeF57629400c063a8A7c5D8549830ff97,node03,8d7e8254e1f1f7b02824964ecdc24745defbd4c6ef856d73c697098e713396f2,2,1791384018.9403784,1791384030.8571277,11.916749238967896,138,241970,confirmed,
1894,0xf77604E187bfbbd923a30C8Aeb0eaf66e4eEaA15,node04,3a36684839953a2bb932ba62a931b9faf3c2073a9c6fa3bc5e79b90d93165736,2,1791384018.9418542,1791384035.590772,16.64891767501831,139,241970,confirmed,
1895,0xd7DF8BE2869dFF180064D9BE39d063cd81b35bCc,node05,3d6a098e03d4b50d8a6658c8d6a561c173783d5e7b7702093b2d54d579b573c2,2,1791384018.945733,1791384035.777053,16.83132004737854,140,241970,confirmed,
1896,0x3539BB769B60892d379cDf7476a1544011A8d3cc,node06,232f4d65b11b297e3d24025942a422b8f4c09265905ad899fcb1a3f312788775,2,1791384018.9467387,1791384039.3590834,20.412344694137573,141,241970,confirmed,
1897,0x7045C45E3701b46e59eD7755Cfe6521B66c4c49D,node07,76e2a2c749affcee2a4f9cf765b7e66d07110c23ecf38b64ee1e11e16e50ca01,2,1791384018.9477777,1791384039.3685982,20.420820474624634,142,241970,confirmed,
1898,0x945144B2F3AaD05C0D6152F8E209F644383dDF05,node08,d1cc2b2a1f9393187c69dd1e8c07a22ff8cad00d4ab9a8c7a2d81fe401ea1f1a,2,1791384018.9588058,1791384042.1072154,23.148409605026245,143,241970,confirmed,
1899,0xc4ba2c0CAF56c990C380E2f9E1D2afDFaB6A7C2b,node09,018a1c957609169908cd36c821c4fe5b0c8ba42935e644e4f0c89afecf54d67b,2,1791384018.961639,1791384044.4403193,25.47868037223816,144,241970,confirmed,
1900,0x3682aD07618cfc63B3B25B7063C7F452AB63514f,node10,576da31bd96fb1bb4ec20231a26af5a316a576951e0cb9921b361efce9d87cbf,2,1791384018.9636657,1791384046.3916638,27.427998065948486,145,241970,confirmed,
1901,0xc09d57F90C1cd97d64050E5231772f78C87bDABb,node11,07f1201e5049ecd2a53925a65a945b8102cb9187483acb6e6cf87daf1fc92d40,2,1791384018.9652915,1791384047.9272113,28.9619197845459,146,241970,confirmed,
1902,0x3314fAACf229eCB29d2432341495e70c777D0b82,node12,4fe1bcb2845162c5290f9510209565e525038a6f855552869a309ac7dace3d53,2,1791384018.9668062,1791384050.3226511,31.355844974517822,147,241970,confirmed,
1903,0xf8B42e5e3bAA0E72df8c275915Ed84494E1602fF,node13,192c1eef7630df1ef5575388bf92a8fe2500a29dc9cb1a3e48d809d2b53dfabe,2,1791384018.9683855,1791384052.0970855,33.12870001792908,148,241970,confirmed,
1904,0x4F77dec33fD47B1c7415FDF75a0663942Df95f18,node14,e014309979ef7f0f43546fc713609c30a55f1a8fc51746ef50769c74a5136565,2,1791384018.9713802,1791384054.078551,35.107170820236206,149,241970,confirmed,
1905,0x07180A6a8b2408e06248b8b5071C7faD78E86D4C,node00,46ae9c43d3f037b97b948acb3f986d777d0ee75ab9ed60afa27b4a48b0fd11b4,2,1791384018.972915,1791384025.442742,6.469827175140381,135,241970,confirmed,
1906,0x9b6fd870Db4A2b4724a9C86Ce2318066d9226623,node01,492b9b85cbfd6c6586abfd3af6fecb6699abd304c9fc8a79a3e901768b82d628,2,1791384018.9781294,1791384025.422217,6.444087505340576,136,241970,confirmed,
1907,0x58E1DFDb440E0cf02f5a1b8E5C32890dEF1527Ba,node02,eb75822b55566cc542394074012b1861021af50f04ffb94c10c36a54e0406c15,2,1791384018.9851055,1791384030.858947,11.873841524124146,137,241970,confirmed,
1908,0xB0c057aFde44C186AD4F0B847105924ef6b151C6,node03,0467207d51ceeaa97115baaba12a9d808631dd0eb8855460c4e858a91333d15f,2,1791384018.9892497,1791384031.0147276,12.025477886199951,138,241970,confirmed,
1909,0xB29e7f7c4B59034C73D5176560943Af987e90B6f,node04,86fd04a61896e55d4abcd2d9ebec08b14a577be0f72ed63fb806e8c1b1c68f02,2,1791384018.9935453,1791384035.7452323,16.751687049865723,139,241970,confirmed,
1910,0x886e6d8558947E2312f05159855cb1E49B22C62d,node05,bcdcbee11034837bdab2413c5a7f84e6262fd00363dff526af0d27568dc88f01,2,1791384018.9995632,1791384035.7275133,16.72795009613037,140,241970,confirmed,
1911,0xCc7A1E51262a86d2E277f9E70a0f6720b8e87bc1,node06,041602e2d032f0cf9ce8831d434994be1daf63c788f22061d49b72ed7e43dc46,2,1791384019.0015059,1791384035.8253503,16.82384443283081,141,241970,confirmed,
1912,0xE8B8B9529f679a49dd10448077831EE2457ABa1B,node07,7fc7ab665c4eaaeea9a396ed9287dc7204fa52f54f955d42f27f4dda36fc4db5,2,1791384019.0042431,1791384039.3102593,20.306016206741333,142,241970,confirmed,
1913,0xa7eed29F9DFFe860ED29c89cf03610C2eeA1c650,node08,7487aba18c4a18061719eb6e498118c408a89f5948d33ff938f0f5eb79f57637,2,1791384019.0081186,1791384042.121864,23.11374545097351,143,241970,confirmed,
1914,0x4D3b4b67dF83A553090416cF75B5e59294b46A13,node09,a15c77938de6db1a8e4e7f3ce127daa69d72a4d8b8fff5739ff06409afdb7664,2,1791384019.0110316,1791384044.4584625,25.447430849075317,144,241970,confirmed,
1915,0x7DfE79aF29B78d8e3bf5CA7cf84cC91d32367f62,node10,7dbde67d527ceeacc63b34da97d10d3700be52cf42abc0fffcddb6790541b5bc,2,1791384019.0149617,1791384046.4357488,27.42078709602356,145,241970,confirmed,
1916,0xd9E2eCe0fD6EC9032a908a904EA8354d862f34DB,node11,b0281fc0fb1b33c8c9b83252ea9c1b1a1f1b158facc649444db5a8aac52367ad,2,1791384019.0177655,1791384047.86995,28.852184534072876,146,241970,confirmed,
1917,0x8E3876f3347833C08FD27A0338922224D1558502,node12,ebf1ea6e1999c1c0a9564ea552be83d243bad8254c95cbef3c9914b1a0d7eece,2,1791384019.0196502,1791384050.3474734,31.327823162078857,147,241970,confirmed,
1918,0x6002310d3C1c41bDfe85C5496E9A4C18a8c67806,node13,3d2aada231b8050873f4ebf0be5d2d1ba9f08ec9b2b937c1571d74813e1c95c8,2,1791384019.0207682,1791384052.0817456,33.06097745895386,148,241970,confirmed,
1919,0xa47eB4059C96cEe925f65a266B7Fcb3b207C1166,node14,365a9cc866f681dcee2992ea8eecdb4077fd679651601cb11bc3891646a83c90,2,1791384019.0224938,1791384054.1270034,35.104509592056274,149,241970,confirmed,
1920,0xf11228D9641cCB090Bd90291be03e4E2de1A233a,node00,fefe80f58872191351dc663b7bd4ffe32c6f1b0b53c37efc4e43cfb73517419d,2,1791384019.023481,1791384025.3861165,6.362635612487793,135,241970,confirmed,
1921,0x8ba9be59Cac2e1cD17B8D461a6E37b9c1442AfB1,node01,f8c9ee200e2180a7cdb7a17afb22b999d7d715b7e333b2d7e81abe4860e7cc59,2,1791384019.0262291,1791384025.5632522,6.537023067474365,136,241970,confirmed,
1922,0x66c0d5E46B644D2dc0a11d0c0962083901C1D1e3,node02,dc8139b715c024435440a9f01c756037275e76f875df795e0979cf68aa1a2a83,2,1791384019.0271502,1791384030.9542718,11.927121639251709,137,241970,confirmed,
1923,0x6767d449df33277583d9CB30678e2941dA97987E,node03,cb175360881127d92eb110ac0eee55df6cda10f9017df75a1250cd15f489b6d8,2,1791384019.032605,1791384031.001183,11.968578100204468,138,241970,confirmed,
1924,0x133364b769F6a27fAa933f75f82BB121142b20F8,node04,ee0362d4a099feb1aa9db88ea0fa7c2785002fd4a515ac3d6061584f2e2bf256,2,1791384019.0372105,1791384035.7119904,16.674779891967773,139,241970,confirmed,
1925,0xF8E8403C62953DB98187f89618174338caBC9522,node05,2e2828c44431a6c058fa4a9a094f55fd5e9c2a9207e2bbcd22ea58e6fb4a2404,2,1791384019.0450473,1791384035.8272913,16.782243967056274,140,241970,confirmed,
1926,0x08eeBA70413Ce7a0F7B444f701eb72a83EF1f9Fa,node06,659e6b2c9d7096e14a27edbbafb7bc2d79c714d01c320f5df759b4707f3c61dc,2,1791384019.0473106,1791384039.2761362,20.228825569152832,141,241970,confirmed,
1927,0xe3c08143101f9356860e60Bb97A9db4F2B363943,node07,14497c2a3d8eadefacd54232de86f81384b5893bc079590d0e68e8af697274c3,2,1791384019.0504718,1791384039.396389,20.345917224884033,142,241970,confirmed,
1928,0xc8ba30Aa622f55cAd99739DF351018921C41CDaE,node08,ccc562404a822d8869d62f8f1fbf95bac81a3dd9abd5123cb8398d278be2210a,2,1791384019.0513616,1791384042.0838451,23.03248357772827,143,241970,confirmed,
1929,0x156F1134f68AB579a9D735E7C49Ea045AD0e316C,node09,a85badc87e343c74934e93ce650eb0556d451595fda863b504700af97a638480,2,1791384019.0521386,1791384044.4889767,25.436838150024414,144,241970,confirmed,
1930,0x2c84496f1306efE3E6be1a43a1bAc2A5f19cC151,node10,ac005585f1c964fa223de7350f58d492db2b61c32021dbde31daea94a1391146,2,1791384019.0542593,1791384046.4351985,27.380939245224,145,241970,confirmed,
1931,0xd33D546071252617b2B28df9A1f689e689ea8366,node11,972cba98dc5c194fed8962e78165a551ed3051cedda64cb3bce88c99a345e56c,2,1791384019.0562468,1791384047.8942564,28.83800959587097,146,241970,confirmed,
1932,0xd5f4B46c08d23275931FDFB99885413C009539fE,node12,3fd3f986cb8e2e31dc23911a2dda638ff7bbaf7ff1b4cdc3319b77897cfb76c5,2,1791384019.0577924,1791384050.3386123,31.2808198928833,147,241970,confirmed,
1933,0xd3C8F5EB7871a8C24549Fd664d5aDA7828225EB6,node13,7523ca72264a001e6239024d5371e5c47350bffacfff0d21e0295ea48d8239bb,2,1791384019.0629044,1791384052.092701,33.0297966003418,148,241970,confirmed,
1934,0xb41A15d0D700d77f55E1228a2bf80485dFdf7cfB,node14,b3f21439e5422f93a37c758d4979fc25c4a9f7418b75760debe52e0588fc04f3,2,1791384019.0649292,1791384054.1009054,35.03597617149353,149,241970,confirmed,
1935,0xbbb3a6a1E9Bf78368FafC84639f73594d9FbFA52,node00,c911eb92e1de5e4060a98cafe15732ce784e1805fa9bc51cc02054686c68ea1a,2,1791384019.0663495,1791384025.4446144,6.378264904022217,135,241970,confirmed,
1936,0xfa4d29d929284FdC6A965106468089a7D25E1283,node01,a8343a8513b348a294eee5b17e7b1b3e170a176f10379dcbf209699c3a2e460f,2,1791384019.0711296,1791384025.5326605,6.461530923843384,136,241970,confirmed,
1937,0xb67c3A9fc915a6f1fE770A9786E461f71ceEBA1e,node02,20f6c84945c2e61c1572395f45f3984ce858c4569f3641553ec9417a58b64640,2,1791384019.073362,1791384030.9987683,11.925406217575073,137,241970,confirmed,
1938,0x00FeB2f6f07DEEe5B6788f4b96d7ef192e11fC00,node03,6ee891821a9b4d86e3bf345013e1cc501c64e5e8a94363b2121d8fa1e9c85393,2,1791384019.0750296,1791384031.018296,11.94326639175415,138,241970,confirmed,
1939,0xeb3d9c5f6FE61c79F5a4BBeBb6155d4f7Cd613A1,node04,8a8fb113618d444f78078c6e42d7c2b3c13d2647dbf5bc781ea72dac3014115a,2,1791384019.076626,1791384035.878593,16.801966905593872,139,241970,confirmed,
1940,0xE6730E83F979ba367e6A6F7BB58b517ad802DC7B,node05,9fe5d524f42565e0105572e075b106cf15757d49f2d2f76e4feb88c6dc28ffea,2,1791384019.078061,1791384035.7180889,16.64002776145935,140,241970,confirmed,
1941,0xD105F95235Fd343afdB881e40D45c3d949F9E829,node06,8175b8f35bc3775cf5ce85414b5138f037f6cb01dee2c4a1afbc5c141eb143d7,2,1791384019.080612,1791384039.3220425,20.241430521011353,141,241970,confirmed,
1942,0x8782A897629CE9bf5E6598fA78F16bB743f738F1,node07,66e0033694428e61a50caa627019bcc9231cecc912a4d0656fa3fa35872743a4,2,1791384019.08298,1791384039.3254597,20.24247980117798,142,241970,confirmed,
1943,0x2C2f3d78218f5a55DeE85aC7073a47dA4837De95,node08,e9ad8bbe4f70380a52ae18e30660b997fe6e283cd7e729380b1682b59264d3d1,2,1791384019.085636,1791384042.165247,23.07961106300354,143,241970,confirmed,
1944,0xC66584d5Bc1500df880dAD212B4bE719Cad22cc5,node09,9c75767152e21a1a8f5ce31199af5b7f52b5a978244d69cdec01d80916c4b365,2,1791384019.0900366,1791384044.499854,25.409817457199097,144,241970,confirmed,
1945,0x747D80BaD473d2b84c9784A25036caf75e4893aF,node10,ff33228471a1e15b790d4ea4186e030c1e8f3bef44d6f600bd30da5cbdcae64e,2,1791384019.0908282,1791384046.4327428,27.341914653778076,145,241970,confirmed,
1946,0x4a4f0Da6c14b1c19aF17a4fa22C71b3Fc97Bf016,node11,efbed3097b9f81b48437a987bd21a5c96583571a7740e0f448abe9d225be7624,2,1791384019.0914993,1791384047.8598008,28.768301486968994,146,241970,confirmed,
1947,0xe70aEDB15C1bB455436E835420786A2f242d0Ed8,node12,f6c5afea57dffbda650a4093c95bfaaa01b2c18a6a6d7f94f80235e9ef28bbe3,2,1791384019.0933657,1791384050.3485844,31.255218744277954,147,241970,confirmed,
1948,0x59C06D279303C7F0554473e9F7EcD273024ff950,node13,cda97eac36f47074e8b6927697bb6aedac6b2b2442be75a6c5a1d0ed3e13083b,2,1791384019.0954945,1791384052.0887988,32.99330425262451,148,241970,confirmed,
1949,0xcd60b4B90B92FE21C9881F97777a89bBB7192B98,node14,131b325788530c0cbeba513612de3a9b32674c5748899812eb36e95d979bee14,2,1791384019.097035,1791384054.1593118,35.06227684020996,149,241970,confirmed,
1950,0x4c6852f8f52e7839f27A76B04b0d85AA24aA74Bf,node00,5f69da3a51571d36345cdf3e58c5143892e937f2f8d241e44ccc860d77d81d0f,2,1791384019.1014266,1791384025.3906019,6.289175271987915,135,241970,confirmed,
1951,0x933365B271d7CeF02e418E45Fd396b768f121c48,node01,1c8ab4d49806fbce8028d423164f9d1a8f0a5b47f8d41ca9d92a89ee55808372,2,1791384019.105291,1791384025.5602536,6.454962730407715,136,241970,confirmed,
1952,0x157C3AE339FeD4065032B93B6AF30EbCE01d96bB,node02,993fa9e98a24e1f552bbbf4d648a82184608ebbfbe737c7f592056ddd8a29053,2,1791384019.1075993,1791384031.1139262,12.006326913833618,137,241970,confirmed,
1953,0x85cFA182800A222DBd961b98C32B5230A7B44e57,node03,c81cbc54f4799aba229457fd17109f39846b8513f3d91029f8e7cc14fe4b8f81,2,1791384019.109015,1791384031.0062675,11.897252559661865,138,241970,confirmed,
1954,0x48c9500D492473F0ce7922FA7C1CC668C652D6b4,node04,df157c8226dbefff49d83fa5921683d10e59a362b2780da76881d54cfd28bb96,2,1791384019.1175737,1791384035.8186858,16.701112031936646,139,241970,confirmed,
1955,0xA8a3CB43F221954F28b2a51Dd5CcbAb53049F1d4,node05,d8bb45e93aba78c3eb31eecae879de52afa232e97e0a22d4fe7c040572fbcf7f,2,1791384019.1209798,1791384035.7850394,16.66405963897705,140,241970,confirmed,
1956,0x75E49BBcCF90b2016Ff455bE4C3e7036852c5e8b,node06,c370169f7f9abd6578d36ef6f2dc5fc19be7a0b577d4ce5414aabd51347b2ec7,2,1791384019.1219509,1791384039.331692,20.20974111557007,141,241970,confirmed,
1957,0x851BD883D5fAB24b4DD823298273408171AD39c4,node07,7ef308f59b6f3192b76e24db23c78520ba2692151576e50e4fdbf96feff88ce6,2,1791384019.1236658,1791384039.4111168,20.287451028823853,142,241970,confirmed,
1958,0x4Aa340d277F98Cdf9a01a1F81eACc66A9C7E6C0C,node08,b5288ee35261d58c62800ee8b03c5c15c878b9df33b8f2eed28816b9f2f7c296,2,1791384019.125275,1791384042.1857853,23.060510396957397,143,241970,confirmed,
1959,0x973DAFdDDd59BEfFa98b8a1B5bB7a00FDa4B3905,node09,0ed4f951b4b5fd6ab9ca91ab2384e7d7b0669c391b55605bfb4d62638cfa52de,2,1791384019.1281712,1791384044.546044,25.4178729057312,144,241970,confirmed,
1960,0x3f638b3DFA76743A6cd9a8eB8615Be07F9942966,node10,aff0eb148116247ea8bef543756f64d6810f343fdf0780c2d48dc685cd3be854,2,1791384019.1300724,1791384046.4369812,27.30690884590149,145,241970,confirmed,
1961,0x72571F3F8984F732a28B3662597d8CB29Ac07488,node11,b5df4806c8b1d220f02a6a40e9784bcbb1bbe502c5738dc6b2696d71385c18cb,2,1791384019.1333942,1791384047.8967214,28.76332712173462,146,241970,confirmed,
1962,0x7B18cA23AD174CC14B5beFb91567C1F0C5E98d5f,node12,d3bb59e3619fa0a20700807919ab30939ab927f4ac1e7a90953dae6afa65221d,2,1791384019.1357565,1791384050.3326466,31.196890115737915,147,241970,confirmed,
1963,0xA6052Fc8274Eab0c88EaeeDecF3305ef70C1a1CC,node13,cc1c415c1cf5368c6204c8aa84eb4e29345faabc86be6a4c34543dc1eeec9c61,2,1791384019.1379843,1791384052.0977054,32.959721088409424,148,241970,confirmed,
1964,0xDC115426A75329330B155b887a35BEAd5CE82A71,node14,cb654ba2c0f2e7582d7ea58979eaaf2c4b9c59ecfcc338657dae48eb88664f77,2,1791384019.139784,1791384054.1139443,34.97416019439697,149,241970,confirmed,
1965,0xD8c93B52140c57E4Fa67F8a80D6c364dBf209e25,node00,7af7ea0bbd7099c7b40b715f56519f5ff3baf6f3c705867534388b54b44e4951,2,1791384019.141969,1791384025.561836,6.419867038726807,135,241970,confirmed,
1966,0xb9D82731eB77A9E4EA6360621A4DC8223D053777,node01,c2aa55cc0095b1b9a2721ef7f7d0f56771c3613dabf9237a54671966ad3499b8,2,1791384019.144126,1791384025.4750953,6.330969333648682,136,241970,confirmed,
1967,0x707C5DFD0f8D8d80a2301645208Be7b511161BBe,node02,c547c477cc336c2ccf4338391dcdd6299f344cc3eaccac5c5d04fddb3daa9220,2,1791384019.1453533,1791384031.0644813,11.919127941131592,137,241970,confirmed,
1968,0x47E323217abA4EE6a197c6e127fEdAB7b9D30523,node03,4c6d60ce10f9297c10e80d323135ba2389ca40dcb78c8a429c49ecadb761b0bb,2,1791384019.1471872,1791384030.9698536,11.82266640663147,138,241970,confirmed,
1969,0xa1c7C98b2FB611B79D4EEBBCDC5cd087325f9b10,node04,f367331cf9cd687d38fb17d1ca27d629814b001f861e7944e8aed70ac4ae35ae,2,1791384019.153078,1791384035.7729125,16.619834423065186,139,241970,confirmed,
1970,0x8Cd1bd5F4A542B4F7c341bf5F48B4fDA4D4f8cb5,node05,5c1b5d83df522bdc709b8747b003fea47e7150956d68d4fba11117ec69fdea53,2,1791384019.1546714,1791384035.8878384,16.733166933059692,140,241970,confirmed,
1971,0x98A3F8d71A18Cc7E103b4914e0B1b462Fd570d05,node06,9a8e9a652fab3f6a2ec5100321057ba78c857c55fc8cc01ed15e649ab11e5b2a,2,1791384019.157208,1791384039.3867402,20.22953224182129,141,241970,confirmed,
1972,0x3445f0bbf8460487B1bE1cdAD77DEAdcc5416cd7,node07,e9c36cdfaa16889764b0a837f2f36cfe9f2e3f934a51998f0e49e65893dc90cd,2,1791384019.1590254,1791384039.3808298,20.22180438041687,142,241970,confirmed,
1973,0xbF90DC725262270007971F442ceC490c68d88C82,node08,66886827d6cde39670455bce27b2f2df71dc4c5a2d176a3b8b0e9b1144278a6c,2,1791384019.1612551,1791384042.1661315,23.004876375198364,143,241970,confirmed,
1974,0x35263Aeba28Fe5d07BA6fD38D61928f538EeDD61,node09,3bcf6b1b050d0473fae1286fd8f15ab0569e96350c982a060a9163478e36fa48,2,1791384019.162333,1791384044.5466294,25.384296417236328,144,241970,confirmed,
1975,0x898938C5Ef5Da60922B793324c20F7c34A56d34F,node10,6b0f45d5c7cc60084d625b3417c0cfd2137dc49d462ae13debb298e9e55b128a,2,1791384019.1656952,1791384046.4176233,27.251928091049194,145,241970,confirmed,
1976,0x2fF65519D54a88fdEe0AFd2674b480404577bB10,node11,74bba6bb29ec990783d06116d7967800aa4c976108233b7794e51bd9e8e42654,2,1791384019.1686237,1791384047.8705482,28.701924562454224,146,241970,confirmed,
1977,0x7C329b16C2BC1773d2F4f531e5C6EB4a3749788c,node12,ff19725c656379034610d12238148a8acd3c2f990ef336aac5c5580d81693b9f,2,1791384019.172603,1791384050.3523233,31.179720401763916,147,241970,confirmed,
1978,0xD60E351bab8722C5D78FD8C7d0754e0E7d254293,node13,611a1a13e309272fa2a0b4c21f2c74e110a6695e6d2b5d0dd734afbc3c5d99dc,2,1791384019.1737485,1791384052.0694604,32.89571189880371,148,241970,confirmed,
1979,0x345bcbDd8d33B527c8D0FA30195Cf901D486cE95,node14,7f8b0426946f1eb5f6c4b20c59af363bd92ec5ff05b27d19cbf729fc85ec68db,2,1791384019.1849217,1791384054.1445367,34.959614992141724,149,241970,confirmed,
1980,0xcfd2515A914Aca31831A258e8FDc82403489E04F,node00,013d8a022304789f89cae74da4b10534889ad9e5c699829215c5b62ab97712fe,2,1791384019.1881003,1791384025.5503907,6.362290382385254,135,241970,confirmed,
1981,0x44917afEdce5014bAc643097C8A851C24a5ab34c,node01,a88f00cc8625218d9325372be2a0e907dd9200c37d0de3fb057bbbd23d89f1ea,2,1791384019.1901343,1791384025.4886615,6.298527240753174,136,241970,confirmed,
1982,0xB90AE9829422E9b4a04a71b98Bd12a2A7112Fa07,node02,5a091bafb937bf3db0647ef5bf5f0b5c7606d4fea4021576a4f188b5f1ba9c26,2,1791384019.193406,1791384031.0524204,11.85901427268982,137,241970,confirmed,
1983,0xE1325Af71314F39a6e0dF5ed1d338A7ddd519EeA,node03,d98e5d44d122dc8c3406bf82417939ec3035ab17eb9f6fa88d21336067b2d7f2,2,1791384019.1956327,1791384031.086045,11.890412330627441,138,241970,confirmed,
1984,0x14f796C7468DD57CEfdc6F24B51Bc6865E4f1c76,node04,8fbf74b0305592d478c76772a7ac8d85188f365f88b9cc2956d08a26718af189,2,1791384019.196924,1791384035.7939842,16.597060203552246,139,241970,confirmed,
1985,0x59D48559138691C8e549430c7F05bE0532F91B6c,node05,126804c926e00563a1ae7cb6baed1bf97a9b751ac731f5741d993530fec06159,2,1791384019.199779,1791384035.782108,16.582329034805298,140,241970,confirmed,
1986,0x10b8C8abE467a7Db1dAaBFA9aE05E77b3D66B516,node06,f519c4985dcaa584f40dafb23969947a85d39fde025f22fd82cfd8287b0a1a81,2,1791384019.2053578,1791384035.8975549,16.69219708442688,141,241970,confirmed,
1987,0xB44B75789CD6c9E4fA373d2C6093B8f478EdD31A,node07,15ced0a362ecc255a493f321f72203f65febd8cc1d6074defbf168e9adbfec4a,2,1791384019.2062979,1791384039.399171,20.192873239517212,142,241970,confirmed,
1988,0x70263C571Ef30348DEe9A656bCE6c053EbbA57A3,node08,b4107c360b67b262dc2f0be885db6499b946367504aa871784bf91fe5d6484fb,2,1791384019.222628,1791384042.159443,22.936814785003662,143,241970,confirmed,
1989,0x6b8CB6a364C2574E72A5514055C1fb01648ea37c,node09,4703bd0003539f03d13d09befca46a1a317d48f759f14fa8eae2dc23bcde8341,2,1791384019.2350872,1791384044.5313532,25.296266078948975,144,241970,confirmed,
1990,0x0045C279cB9B03919B700655d1C09E4b5A52d2A5,node10,188e309ead12e9704a4ea071972c5c78f9b8e315090add18a294a088ef4bf7a5,2,1791384019.2392466,1791384046.429714,27.190467357635498,145,241970,confirmed,
1991,0xD32C9f660C008544bcc3E6C772859082939070E4,node11,304aadcd8d7043aab53ccd74653f9a7460ecc6107a923b2d1887bebd717f38f0,2,1791384019.248987,1791384047.920626,28.67163896560669,146,241970,confirmed,
1992,0xC907C9a60f4545f2EFCA91b4fCF6BA1a0952c7b1,node12,d1ba049d4db0651fb94acf98ffae16ae7f31b63b82e3273c1133e542ca862a8d,2,1791384019.2521431,1791384050.3622103,31.110067129135132,147,241970,confirmed,
1993,0x6f585496d7Ec06a51149b928beD73CefF41A4F99,node13,b26c669a362709ad8537af84b70d2f293cb47d27aee888e19490ddbdfa3253a5,2,1791384019.2757885,1791384052.0860784,32.81028985977173,148,241970,confirmed,
1994,0xEc1B38f8b228d5cf6fd478B927Cebfe689a4828b,node14,e2186a60e4cb111dc5e049b25ee8d4cc10bd578e063fef75922dbbb077fde9a4,2,1791384019.2786775,1791384054.141722,34.86304450035095,149,241970,confirmed,
1995,0x11D714B17498d46E08c2Cb8B46101943c7e25071,node00,57ac940f8de2dd4312fae5f55bd07e566d2de725896f5b2f9b1fb526379d6948,2,1791384019.2839472,1791384025.5586424,6.274695158004761,135,241970,confirmed,
1996,0xB2d7c3046af88244Dd480f38394c23942e6Cb6FC,node01,55a9d15e0c4f221eecd71dee8a3b0f733be779970e06a8b1e3186109f853f16a,2,1791384019.2850573,1791384025.5580997,6.273042440414429,136,241970,confirmed,
1997,0xb086f7C6EaCe5441a3Ca52df9a79F61Eb7b877aB,node02,ebfe531b8423af878869f36489f85d4ffe2efb62a1d16a0df10d09f63ec53e3b,2,1791384019.29115,1791384031.0293362,11.738186120986938,137,241970,confirmed,
1998,0x989E172DCd7eacd3D668aB20ca8D1E92A3029BeD,node03,e8cee49728561ebb51aa2a0278b265d6ee942c48618ce23985d8325be279e2ce,2,1791384019.2975457,1791384031.09502,11.797474384307861,138,241970,confirmed,
1999,0xBA8Eb54e90E9b2CC22c08CeA3F32ff7C327a8A21,node04,2cb6b25b9ac6f3f1d53ab91cb73db7be696cd683a56d87604619b94da0070774,2,1791384019.2985504,1791384035.8932362,16.594685792922974,139,241970,confirmed,
2000,0x89DFF05900F883B6d30392BcfC5B72744367E794,node00,011c88329dcf0a6d0b8f5c6aa9f1f72ef89eed497cb137ea5701e2e0b54015b7,9,1791384019.3006847,1791384025.5684445,6.267759799957275,135,241970,confirmed,
2001,0x09EC05B968378D520622A33647109cDc63230836,node01,009d5d163d283e362cae1737dd0ab6a8af730b92a2e76277c9c4f2596c485083,7,1791384019.304752,1791384025.5539389,6.249186754226685,136,241970,confirmed,
2002,0x1B76AD96E0483970DBDBf23Ec28B2a1862d01DbA,node02,5f9d16ac2a2f3525b03a6054d4f5c46b5f10ac06454303527ebb2e5db9e94126,7,1791384019.3080847,1791384031.0929766,11.784891843795776,137,241970,confirmed,
2003,0xaAE9627AA65D6FD88a8a694965A06FCbfc17DB82,node03,c74e57ae3acd6d023392d0aa94d195a129b9d35752d94bcddbcc720725ce66ef,7,1791384019.3125768,1791384031.078382,11.7658052444458,138,241970,confirmed,
2004,0xE499C6e6b7874717bEce3d9d898fa956044863c4,node04,2d495009bfc37c52f3894c29579273756aa33d92d4b934ba1a4146ffa955006b,7,1791384019.3141212,1791384035.8863153,16.57219409942627,139,241970,confirmed,
2005,0xBa07dDe8A92c55Fa428c35d741ACA326CF7e0282,node05,63c3981a2e4c0f2a326d03385d54efb15ce169aedaca44dd77e31bb16234386e,7,1791384019.3161833,1791384035.8286793,16.51249599456787,140,241970,confirmed,
2006,0xf4772032E03DF5804D9EE39b396FF223AE1301DA,node06,50ba9f411272c5f6a4cd718cc1bfe30f79af60693025e570bca4492e1c902cb8,7,1791384019.3188426,1791384035.8352726,16.516429901123047,141,241970,confirmed,
2007,0x82aC4d00DAE35B7074a4FA28a3945Ce54A9a0Ed9,node07,e7afe396a9ca9833e6d73f02ccc70b40fcf5cff54c72432fa8f8da4b336a41b3,7,1791384019.3222327,1791384039.3920758,20.06984305381775,142,241970,confirmed,
2008,0x74Bca455111888e9D743339592238D102fFC6113,node08,08aac5b697945bbc691750aa2cab96ff9ec7507296c6b33f751726c454dbd6e7,5,1791384019.3238173,1791384042.1816978,22.85788059234619,143,241970,confirmed,
2009,0xe95BB89df2C11764BEF20691d944e165C1A071e7,node09,9b7d109ce4a596c38dc47119951aff870858a6c3793333b6f5112af2ed690dde,5,1791384019.3268452,1791384044.551626,25.224780797958374,144,241970,confirmed,
2010,0x2ed2a9E78aeeC69c74eA8bAc2F46db50a68DF15B,node10,b1f007a536bf68c98c905eb1ab61b67e58c4002e74e4dddb6d3a2b061f4812f0,5,1791384019.3290584,1791384046.4283707,27.09931230545044,145,241970,confirmed,
2011,0x8Ed2b273c251baD77E54F0cbF6e88952b64a7719,node11,3f740cf6abc263328bca85dfdd0302ab5a21967af3948868fa7596f9a9001889,5,1791384019.3315601,1791384047.8816133,28.550053119659424,146,241970,confirmed,
2012,0xE2ed08168d092D6Cb76f63273F35A5ca914a1a84,node12,f1a599e078e79ae9cb6bc754248aeaf8e498e985601a18b8b33053bf55997265,5,1791384019.3346562,1791384050.3471167,31.012460470199585,147,241970,confirmed,
2013,0x059777805B46e43944CCeAAdbfC98253f9C52920,node13,3c0fbfe89698f37996639fe2d6a7aa2c7253389051ff654b0b826be9ac77c3b3,5,1791384019.3395712,1791384052.0948267,32.755255460739136,148,241970,confirmed,
2014,0x24c8F8751C28831D5c569B01bf799B75170a2f2E,node14,aa1df5c3a794723f9acd3fa78cb749649cef62d2e9dd79541b02dd19b4897c67,5,1791384019.3439982,1791384054.1086318,34.764633655548096,149,241970,confirmed,
2015,0xfA8ffcf65f05e55B705Ba649E2B6E394a7eD3467,node00,88c085cc9817df8c694aafdd427030e8e815e4463f186ec2b14993551cfd02af,5,1791384019.3474696,1791384025.558819,6.2113494873046875,135,241970,confirmed,
2016,0x92e2ab0e0B83B52BCB0282B7AC635FeeBBa144BE,node01,565591c1230d1c4b05ba64f3703e25d3860f8161a50df9dafa593e3425e7b0aa,5,1791384019.3490536,1791384025.5656867,6.216633081436157,136,241970,confirmed,
2017,0xA8eC9ABdd7586864A145B8BAE876eedDc5C0Cd8F,node02,bf2fe032e431313337ea137c65aa98f5ff08a0594a088e20effe03de6e808109,5,1791384019.352277,1791384031.1166155,11.764338493347168,137,241970,confirmed,
2018,0x625Ea29Dc39E249c166162f503b9de701c48Cde5,node03,1e0557576db92d5bd0650b7c6e0eb1dc4306e27b119124122d83a8c140481e93,5,1791384019.356138,1791384031.1127152,11.756577253341675,138,241970,confirmed,
2019,0x79b8679C0fdfA2e50FFD20e0Bfa6CFdf9cB7De0B,node04,13bdabe69901d2f34a64012e3c6171f17624347c5c15cb273c7313488a390ad9,5,1791384019.3612418,1791384035.8822818,16.521039962768555,139,241970,confirmed,
2020,0xfddB875D10d2e36b37FDCA3Af71383C5B9Bf35f4,node05,2cb420bb159e12d3a30f74c842a7284732ab6f1a760ad0af633832e2b56857bc,5,1791384019.3626173,1791384035.8632584,16.500641107559204,140,241970,confirmed,
2021,0x27382Ccd1a7d2Fb79f998170BF0C3f6519f554eb,node06,e4c0bfd4224f5fddd346de033350bc4d0ced647158569cc5b34c3c753075e00c,5,1791384019.3651612,1791384035.8936412,16.528480052947998,141,241970,confirmed,
2022,0x11F69E8a7d442898347EFac9D4C34e0489790A46,node07,d79b5f8fb31f1ad8ab1e929d046ab2217cda892d876088bd4fc62193792e7fca,5,1791384019.377015,1791384039.3858151,20.00880002975464,142,241970,confirmed,
2023,0x287dA853705ca079F9Be1d68921e03A03ec0A70D,node08,42ea5b97e1a74626558f7f5ff44b93ad3a97f3e628e223b4498447e649fc0ba2,5,1791384019.3802001,1791384042.1397989,22.75959873199463,143,241970,confirmed,
2024,0xb908483a54EB4585422681a50335f0382779C093,node09,b6056363df3c123efac736234db561b00a888ddc0f4745c4fab391acccd6564c,5,1791384019.3822622,1791384044.5408802,25.158617973327637,144,241970,confirmed,
2025,0x6dbA4F04735238f5A43B1c74d1FE0E3284354Ed7,node10,577d99e2bb022d1ea25215d1cc9750bf7a152465abe10027ad305b2b675b8a74,5,1791384019.3846037,1791384046.432509,27.047905206680298,145,241970,confirmed,
2026,0x24B0b1Bda274f0CF2C1806f9Cd7065272A2d46bA,node11,0510d8c286c052ce1d1d3bc0adc146c6462216fb5ffe59e70ccb4ba47946dbe1,5,1791384019.3864996,1791384047.9297836,28.543283939361572,146,241970,confirmed,
2027,0x2ff52b85B9FFC975BC12E531a5bC2A12647466F1,node12,aa9e007e3bce73bf662e40f21af736c94d55dfc2a44010868545f37642417148,5,1791384019.3902748,1791384050.2963052,30.906030416488647,147,241970,confirmed,
2028,0x95043DD0607A4FeA22C91A3600A87f74582eaA22,node13,3a41cc4c414d6ee1f6e1a4dea2eb57601a916c64156746c406670e1ad96e11f7,5,1791384019.3920262,1791384052.096999,32.70497274398804,148,241970,confirmed,
2029,0xD556884B5ab279e4d518C5dc1C94c3bdbF1312F2,node14,890ce2a45009df511ce8499f1513fcf7b7f508979d10d1d42a7cf8e18156552b,5,1791384019.393609,1791384054.1501381,34.756529092788696,149,241970,confirmed,
2030,0xd902eFF1233191Db6fbbd80F5E85DBE4C8B358Ca,node00,5d83d20a45831d874348536f473385bdbb830293363cf3f0606110d4771607ab,5,1791384019.3952487,1791384025.5670104,6.171761751174927,135,241970,confirmed,
2031,0xF31060509D3686fB8FF666D71E1558843295Dfb8,node01,d626e57ca2386d0909970ba8f215017d0dbfd8ce58484f79ed2e7573234e8edf,5,1791384019.3976805,1791384025.5453608,6.147680282592773,136,241970,confirmed,
2032,0x6Bb153423344a1C824005981C12771301E932cbF,node02,1ddaf83d721c71a4f007ada6a8073f429e9546b6011b85e11298e503ba1e111a,5,1791384019.3992455,1791384031.1088014,11.709555864334106,137,241970,confirmed,
2033,0x5ef4912c478D69a9feBe4610aFC5601F7d6d238e,node03,8bb7df535a5a8382910698023e6d39d54993677351f625c6af9ccedd3df8b5fe,5,1791384019.4038966,1791384031.1077845,11.703887939453125,138,241970,confirmed,
2034,0xF38fF47e91B81e5cDc8f9566266B34E73aD618f9,node04,807c50213b96b1ecdef665b07bbfb2def0b445c7329515a6b6767a3e23f1cc8f,5,1791384019.4072676,1791384035.891984,16.484716415405273,139,241970,confirmed,
2035,0xdfE2Bd14148C3482049f0e1Bee39b942dC0C699D,node05,194c5368ec5dc0d33f62f06fca42b71bcc591e581790818f7de4e1640c78a2ac,5,1791384019.4094644,1791384035.8737538,16.46428942680359,140,241970,confirmed,
2036,0xc753A279389eCFAfC601FF9b3910377060292818,node06,c2455d2e673a67ce109d9539b6e978071faaf96806f445c281cd8721d8d9b662,5,1791384019.414819,1791384035.884839,16.470020055770874,141,241970,confirmed,
2037,0x564c7EDbb85B04fB17EB3eb072afF7cb0ef11c01,node07,aec7b81a42f404d142b3cb7885d46e471d5881e4640276adedcf146c7d55adae,5,1791384019.4172854,1791384039.408296,19.991010665893555,142,241970,confirmed,
2038,0xCbBCF27AD8362517E5c0c410Ed2645f763892735,node08,3fb8b4c6cdd7b88c454277f947cae0727298dc9bb0f581646095117d5c946ae4,5,1791384019.4221828,1791384042.1795797,22.757396936416626,143,241970,confirmed,
2039,0x57B6e5C9e4C0Bc297279522430E0D0216DDCEEb4,node09,34984c86226973b1280de590774f7a2ca18ac48807994fd5eccd13148a1bfc94,5,1791384019.4251134,1791384044.5566974,25.13158392906189,144,241970,confirmed,
2040,0x9fe06EF4D7CCF647bBf2F14a9C14Baa346D3ebA1,node10,5997d8f7e7d3f285be8948e4294c43dadfca9c24f6a9ebeee33f1a1add5b4ac3,5,1791384019.427353,1791384046.43641,27.00905704498291,145,241970,confirmed,
2041,0x9440b03f3cf98d5E1d151052F04F59953906987C,node11,155c8e828e482babc15f2da4885a144ebb88048d08ecc6956818c8528696a534,5,1791384019.4293702,1791384047.906621,28.477250814437866,146,241970,confirmed,
2042,0x1dc057766694B72Bcada942b5A5923056861444f,node12,c468be36b92e53b9ada78fa2eeb9a5985c72810de504c6bcd48d7961c94e18dd,5,1791384019.433459,1791384050.3516784,30.918219327926636,147,241970,confirmed,
2043,0xDeD926084D8E298bc8e2Ef9A0b5BCd6eF8ED9039,node13,2d20529870b11e4a0b09feecbf03822b2674e4ca55ba21616ba2cfadd44dcad7,5,1791384019.4370162,1791384052.0925229,32.65550661087036,148,241970,confirmed,
2044,0x1542c27025A567Ca036f2A842fc30Fdf9352B882,node14,553973cf48dd005645c01f1d8e914e184c77ce27b447e99667360806adb3cec5,5,1791384019.4414241,1791384054.146353,34.70492887496948,149,241970,confirmed,
2045,0x7EF7A2EF096d1b1E56Cf5E6c3E11F6a6e0758f68,node00,455934e40829d3f559d3dc0baf8a51388d37f3fa05cdb5db915cbaa09c6a57e7,5,1791384019.4483948,1791384025.5699391,6.121544361114502,135,241970,confirmed,
2046,0x8ef1d5C243888B634e90D0DD5966FaC1A0513B25,node01,214fa26793d3d742a28e3faf41e4c548be705d9b7aba8c3113d1ee16fff1dbf3,5,1791384019.4498625,1791384025.5678372,6.117974758148193,136,241970,confirmed,
2047,0x6E40d3699274BC8F55BE993dD1c50Cf92F042F5E,node02,e1985ec0b7980df20c88eb43a849e58726a50935e446b3545ecfaa4dcf5b7844,5,1791384019.4546568,1791384031.115171,11.660514116287231,137,241970,confirmed,
