ts,phase,cpu_percent,cpu_percent_per_core,mem_percent,mem_used_mb,mem_available_mb,disk_read_mb,disk_write_mb,load_avg_1m
1791409075.7372096,setup:connecting,5.4,"0.0,100.0,0.0,0.0,0.0,100.0,0.0,0.0,0.0,0.0,0.0,0.0,0.0,0.0,0.0,0.0,0.0,0.0,0.0,0.0,0.0,0.0,0.0,0.0,0.0,0.0,0.0,0.0,0.0,0.0,100.0,0.0,0.0,0.0,0.0,0.0,0.0,0.0,0.0,0.0,0.0,0.0,0.0,0.0,0.0,0.0,0.0,0.0,0.0,0.0,0.0,0.0,0.0,0.0,50.0,0.0,0.0,0.0,0.0,0.0,0.0,0.0,0.0,0.0,0.0,0.0,0.0,0.0,100.0,100.0,100.0,100.0,100.0,100.0,100.0,100.0,0.0,0.0,0.0,0.0,0.0,0.0,0.0,0.0,0.0,0.0,0.0,0.0,0.0,0.0,0.0,0.0,0.0,0.0,0.0,0.0,0.0,0.0,0.0,0.0,100.0,0.0,0.0,0.0,0.0,0.0,0.0,0.0,0.0,0.0,0.0,0.0,0.0,0.0,0.0,0.0,0.0,0.0,0.0,0.0,0.0,0.0,0.0,0.0,0.0,0.0,0.0,0.0,0.0,0.0,0.0,0.0,0.0,0.0,0.0,0.0,0.0,0.0,0.0,0.0,0.0,0.0,0.0,0.0,0.0,0.0,0.0,0.0,0.0,0.0,0.0,0.0,0.0,0.0,0.0,0.0,0.0,0.0,0.0,0.0,0.0,0.0,0.0,0.0,0.0,0.0,0.0,0.0,0.0,0.0,0.0,0.0,0.0,0.0,0.0,0.0,0.0,0.0,0.0,0.0,0.0,0.0,0.0,0.0,0.0,0.0,0.0,0.0,0.0,0.0,0.0,0.0,0.0,0.0,0.0,0.0,0.0,0.0,0.0,0.0,0.0,0.0,0.0,0.0,0.0,0.0,0.0,0.0,0.0,0.0,0.0,0.0,0.0,0.0,0.0,0.0,0.0,0.0,0.0,0.0,0.0,0.0,0.0,0.0,0.0,0.0,0.0,0.0,0.0,0.0,0.0,0.0,0.0,0.0,0.0,0.0,0.0,0.0,0.0,0.0,0.0,0.0,0.0,0.0,0.0,0.0,0.0,0.0,0.0,0.0,0.0,0.0,0.0,0.0,0.0",5.9,60799.73046875,971066.58984375,8689.7861328125,167788.48486328125,29.61279296875
1791409076.7465308,setup:loading_nonces,6.9,"15.8,12.5,11.3,14.0,21.9,22.4,15.4,14.0,9.4,11.0,17.0,10.9,18.7,20.8,17.3,11.3,14.8,14.8,11.9,14.0,15.7,13.9,27.6,14.0,8.7,14.7,15.1,10.6,10.5,8.7,41.1,0.0,0.0,1.8,10.4,15.9,11.7,10.6,9.5,14.9,9.3,6.5,10.2,23.4,9.3,7.4,8.3,10.5,19.4,10.7,9.6,15.9,12.0,19.6,16.0,15.2,10.5,8.4,15.6,19.3,8.3,14.3,10.0,11.4,2.7,5.4,10.2,2.7,99.1,99.1,99.1,99.1,100.0,100.0,100.0,100.0,0.0,0.0,0.0,0.0,0.0,0.9,0.0,0.0,0.0,0.0,0.0,0.0,0.0,0.0,0.0,0.0,0.0,0.0,0.0,0.0,0.0,0.0,0.0,0.0,100.0,0.0,0.0,0.0,0.0,0.0,0.0,0.0,0.0,0.0,0.0,0.0,0.0,0.0,0.0,0.0,0.0,0.0,0.0,0.0,0.0,0.0,0.0,0.0,0.0,0.0,0.0,0.0,0.0,0.0,0.0,0.0,0.0,0.0,0.0,0.0,0.0,0.0,0.0,0.0,0.0,0.0,0.0,0.0,0.0,0.0,0.0,0.0,0.0,0.0,0.0,0.0,0.0,0.0,0.0,0.0,0.0,0.0,0.0,0.0,0.0,0.0,0.0,0.0,0.0,0.0,0.0,0.0,0.0,0.0,0.0,0.0,0.0,0.0,0.0,0.0,0.0,0.0,0.0,0.0,0.0,0.0,0.0,0.0,0.0,0.0,0.0,0.0,0.0,0.0,0.0,0.0,0.0,0.0,0.0,0.0,0.0,0.0,0.0,0.0,0.0,0.0,0.0,0.0,0.0,0.0,0.0,0.0,0.0,0.0,0.0,0.0,0.9,0.0,0.0,0.0,0.0,0.0,0.0,0.0,0.0,0.0,0.0,0.0,0.0,0.0,0.0,0.0,0.0,0.0,0.0,0.0,0.0,0.0,0.0,0.0,0.0,0.0,0.0,0.0,0.0,0.0,0.0,0.0,0.0,0.0,0.0,0.0,0.0,0.0,0.0,0.0,0.0,0.0,0.0",5.9,61340.50390625,970525.81640625,8689.7861328125,167790.13720703125,29.61279296875
1791409078.435329,setup:loading_nonces,7.4,"18.4,15.3,13.8,12.1,13.2,15.8,13.2,16.7,17.8,19.5,20.1,12.3,10.0,18.0,13.9,11.6,15.8,14.2,10.3,12.1,14.8,11.8,31.4,10.3,11.0,12.9,7.9,13.1,13.0,13.4,2.2,36.1,18.6,19.7,13.4,11.0,11.6,11.5,19.4,13.1,18.1,8.6,9.7,8.1,16.0,12.4,9.0,14.0,9.0,15.7,12.8,13.0,13.9,14.0,11.7,15.3,13.5,12.9,11.6,15.9,19.7,18.2,22.4,16.9,13.6,7.4,5.2,7.2,100.0,99.5,100.0,100.0,100.0,100.0,99.5,100.0,0.0,0.0,0.0,0.0,0.0,2.7,0.5,0.5,1.1,0.0,0.0,0.0,0.0,0.0,0.0,0.0,0.0,0.0,0.0,0.0,0.0,0.0,2.2,0.0,98.9,1.6,0.0,0.0,0.0,0.0,0.0,0.0,0.0,0.0,0.0,0.0,0.0,0.0,0.0,0.0,0.0,0.0,0.0,0.0,0.0,0.0,0.0,0.0,0.0,0.0,0.0,0.0,0.0,0.0,0.0,0.0,0.0,0.0,0.0,0.0,0.0,0.0,0.0,0.0,0.0,0.0,0.0,0.0,0.0,0.0,0.5,0.0,0.0,0.0,0.0,0.0,0.0,0.0,0.0,0.0,0.0,0.0,0.0,0.6,0.0,0.0,0.0,0.0,0.0,0.0,0.0,0.0,0.0,0.0,0.0,0.0,0.0,0.0,0.0,0.0,0.0,0.0,0.0,0.0,0.0,0.0,0.0,0.0,0.0,0.0,0.0,0.0,0.0,0.0,0.0,0.0,0.0,0.0,0.0,0.0,0.0,0.0,0.0,0.0,0.0,0.0,0.0,0.0,0.0,0.0,0.0,0.0,0.0,0.0,0.0,0.0,0.0,0.0,0.0,0.0,0.0,0.0,0.0,0.0,0.0,0.0,0.0,0.0,0.0,0.0,0.0,0.0,0.0,0.0,0.0,0.0,0.0,0.0,0.0,0.0,0.0,0.0,0.0,0.0,0.0,0.0,0.0,0.0,0.0,0.0,0.0,0.0,0.0,0.0,0.0,0.0,0.0,0.0,0.0",5.9,61038.89453125,970827.42578125,8689.7861328125,167790.43017578125,29.61279296875
1791409080.6585836,setup:loading_nonces,7.2,"19.5,15.3,21.2,16.5,11.6,14.7,16.7,14.7,11.1,14.8,13.5,18.6,22.2,17.1,13.8,11.4,17.9,16.0,23.7,16.5,28.2,14.4,16.2,20.1,13.2,11.9,12.8,17.4,17.7,11.1,61.5,9.8,27.9,28.3,10.5,8.2,7.1,9.5,12.7,14.6,16.4,15.5,16.2,16.5,16.8,17.7,16.1,13.0,11.8,10.3,12.5,16.7,15.6,17.3,15.8,21.4,10.2,14.5,18.8,12.6,13.5,14.5,18.1,20.6,12.5,10.8,10.3,9.4,99.5,100.0,100.0,99.5,99.5,100.0,100.0,100.0,0.0,0.0,0.0,0.0,0.0,1.5,0.0,0.0,0.5,0.0,0.0,0.0,0.0,0.0,0.0,0.0,0.0,0.0,0.0,0.0,0.0,0.0,4.4,0.0,38.8,3.9,0.0,0.0,0.0,0.0,0.0,0.0,0.0,0.0,0.0,0.0,0.0,0.0,0.0,0.0,0.0,0.0,0.0,0.0,0.0,0.0,0.0,0.0,0.0,0.0,0.0,0.0,0.0,0.0,0.0,0.0,0.0,0.0,0.0,0.0,0.0,0.0,0.0,0.0,0.0,0.0,0.0,0.0,0.0,0.0,0.0,0.0,0.0,0.0,0.0,0.0,0.0,0.0,0.0,0.0,0.0,0.0,0.0,0.5,0.0,0.0,0.0,0.0,0.0,0.0,0.0,0.0,0.0,0.0,0.0,0.0,0.0,0.0,0.0,0.0,0.0,0.0,0.0,0.0,0.0,0.0,0.0,0.0,0.0,0.0,0.0,0.0,0.0,0.0,0.0,0.0,0.0,0.0,0.0,0.0,0.0,0.0,0.0,0.0,0.0,0.0,0.0,0.0,0.0,0.0,0.0,0.0,0.0,0.0,0.0,0.0,0.0,0.0,0.0,0.0,0.0,0.0,0.0,0.0,0.0,0.0,0.0,0.0,0.0,0.0,0.0,0.0,0.0,0.0,0.0,0.0,0.0,0.0,0.0,0.0,0.0,0.0,0.0,0.0,0.0,0.0,0.0,0.0,0.0,0.0,0.0,0.0,0.0,0.0,0.0,0.0,0.0,0.0,0.0",5.9,60756.546875,971109.7734375,8689.7861328125,167790.43017578125,33.56787109375
1791409083.15238,setup:loading_nonces,7.6,"15.5,13.1,19.5,12.8,15.3,24.8,15.0,17.8,15.0,15.7,17.3,15.0,13.3,14.5,15.9,15.4,18.5,20.2,22.3,17.1,22.0,19.5,17.0,19.4,13.8,11.3,14.3,9.9,13.8,11.1,85.1,11.5,27.3,30.0,15.3,14.0,18.9,14.6,17.4,16.8,10.1,14.9,15.5,12.0,16.7,15.9,18.5,18.1,13.9,16.7,19.2,15.2,16.9,15.0,15.2,16.6,13.3,10.9,17.4,19.0,13.2,11.9,18.1,19.5,12.8,13.2,13.1,12.6,100.0,100.0,100.0,99.6,100.0,100.0,99.2,99.6,0.0,0.0,0.0,0.0,0.0,1.6,0.0,0.0,0.4,0.0,0.0,0.0,0.0,0.0,0.0,0.0,0.0,0.0,0.0,0.0,0.0,0.0,2.3,4.2,0.0,1.2,0.0,0.0,0.0,0.0,0.0,0.0,0.0,0.0,0.0,0.0,0.0,0.0,0.0,0.0,0.0,0.0,0.0,0.0,0.0,0.0,0.0,0.0,0.0,0.0,0.0,0.0,0.0,0.0,0.0,0.0,0.0,0.0,0.0,0.0,0.0,0.0,0.0,0.0,0.0,0.0,0.0,0.0,0.0,0.0,0.0,0.0,0.0,0.0,0.0,0.0,0.0,0.0,0.0,0.0,0.0,0.0,0.0,0.4,0.0,0.0,0.0,0.0,0.0,0.0,0.0,0.0,0.0,0.0,0.0,0.0,0.0,0.0,0.0,0.0,0.0,0.4,0.0,0.0,0.0,0.0,0.0,0.0,0.0,0.0,0.0,0.0,0.0,0.0,0.0,0.0,0.0,0.0,0.0,0.0,0.0,0.0,0.0,0.0,0.0,0.0,0.0,0.0,0.0,0.0,0.0,0.0,0.0,0.0,0.0,0.0,0.0,0.0,0.0,0.0,0.0,0.0,0.0,0.0,0.0,0.0,0.0,0.0,0.0,0.0,0.0,0.0,0.0,0.0,0.0,0.0,0.0,0.0,0.0,0.0,0.0,0.0,0.0,0.0,0.0,0.0,0.0,0.0,0.0,0.0,0.0,0.4,0.0,0.0,0.0,0.0,0.0,0.0,0.0",5.9,61082.51171875,970783.80859375,8689.7861328125,167793.30126953125,33.56787109375
1791409085.3407679,setup:loading_nonces,7.1,"16.9,17.6,15.0,12.0,8.6,14.2,21.4,20.3,12.9,19.2,17.9,21.5,25.5,13.3,17.9,13.2,7.4,10.9,14.5,15.3,13.8,13.1,10.0,9.0,13.1,10.6,9.6,15.1,11.6,10.2,38.4,30.8,49.5,62.9,10.4,10.3,8.0,12.9,12.7,10.9,10.9,10.2,22.3,11.1,18.2,12.6,14.0,16.0,8.7,10.8,9.1,14.5,14.2,16.5,14.9,8.3,12.1,9.9,12.9,12.3,10.9,8.5,8.1,11.5,9.0,9.5,11.3,10.8,99.5,99.5,99.5,100.0,100.0,99.5,100.0,100.0,0.0,0.0,0.0,0.0,0.0,0.5,0.0,0.0,1.4,0.5,0.0,0.0,0.0,0.0,0.0,0.0,0.0,0.0,0.0,0.0,0.0,0.0,1.9,0.9,0.0,0.0,0.0,0.0,0.0,0.0,0.0,0.0,0.0,0.0,0.0,0.0,0.0,0.0,0.0,0.0,0.0,0.0,0.0,0.0,0.0,0.0,0.0,0.0,0.0,0.0,0.0,0.0,0.0,0.0,0.0,0.0,0.0,0.0,0.0,0.0,0.5,0.0,0.0,0.0,0.0,0.5,0.0,0.0,0.0,0.0,0.0,0.0,0.0,0.5,0.0,0.0,0.0,0.0,0.0,0.0,0.0,0.0,0.0,0.5,0.0,0.0,0.0,0.0,0.0,0.0,0.0,0.0,0.0,0.0,0.0,0.0,0.0,0.0,0.0,0.0,0.0,0.0,0.0,0.0,0.0,0.0,0.0,0.0,0.0,0.0,0.0,0.0,0.5,0.0,0.0,0.0,0.0,0.0,0.0,0.0,0.0,0.0,0.0,0.0,0.0,0.0,0.0,0.0,0.0,0.0,0.0,0.0,0.0,0.0,0.0,0.0,0.0,0.0,0.0,0.0,0.0,0.0,0.0,0.0,0.0,0.0,0.0,0.0,0.0,0.0,0.0,0.0,0.0,0.0,0.0,0.0,0.0,0.0,0.0,0.0,0.0,0.0,0.0,0.0,0.0,0.0,0.0,0.0,0.0,0.0,0.0,0.0,0.0,0.0,0.0,0.0,0.0,0.0,0.0",6.0,61987.36328125,969878.95703125,8689.7861328125,167793.30126953125,32.88134765625
1791409087.4618273,idle,7.3,"24.6,13.9,17.5,12.4,14.9,16.2,17.5,13.5,14.7,9.7,15.1,14.7,12.2,11.4,12.9,11.5,9.6,10.8,11.4,11.8,12.8,13.4,13.4,14.7,9.5,7.4,8.5,10.2,9.9,9.6,64.6,72.7,69.9,54.6,9.5,9.1,11.4,9.7,8.6,13.5,23.4,10.6,10.9,17.7,20.4,12.4,12.9,14.8,10.9,14.4,10.2,16.6,16.3,15.3,18.1,12.6,7.5,8.1,17.3,9.7,8.2,16.3,12.9,21.0,7.7,9.8,14.8,10.7,99.5,99.5,100.0,100.0,100.0,100.0,100.0,100.0,0.0,0.0,0.0,0.0,0.0,0.5,0.0,0.0,1.1,0.0,0.0,0.0,0.0,0.0,0.0,0.0,0.0,0.0,0.0,0.0,0.0,0.0,0.0,0.0,0.0,0.0,0.0,0.0,0.0,0.0,0.0,0.0,0.0,0.0,0.0,0.0,0.0,0.0,0.0,0.0,0.0,0.0,0.0,0.0,0.0,0.0,0.0,0.0,0.0,0.0,0.0,0.0,0.0,0.0,0.0,0.0,0.0,0.0,0.0,0.0,0.0,0.0,0.0,0.0,0.0,0.0,0.0,0.0,0.0,0.0,0.0,0.0,0.0,0.0,0.0,0.0,0.0,0.0,0.0,0.0,0.0,0.0,0.0,0.5,0.0,0.0,0.0,0.0,0.0,0.0,0.0,0.0,0.0,0.0,0.0,0.0,0.0,0.0,0.0,0.0,0.0,0.0,0.0,0.0,0.0,0.0,0.0,0.0,0.0,0.0,0.0,0.0,0.0,0.0,0.0,0.0,0.0,0.0,0.0,0.0,0.0,0.0,0.0,0.0,0.0,0.0,0.0,0.0,0.0,0.0,0.0,0.0,0.0,0.0,0.0,0.0,0.0,0.0,0.0,0.0,0.0,0.0,0.0,0.0,0.0,0.0,0.0,0.0,0.0,0.0,0.0,0.0,0.0,0.0,0.0,0.0,0.0,0.0,0.0,0.0,0.0,0.0,0.0,0.0,0.0,0.0,0.0,0.0,0.0,0.0,0.0,0.0,0.0,0.0,0.0,0.0,0.0,0.0,0.0",6.0,62077.19140625,969789.12890625,8689.7861328125,167795.57470703125,32.88134765625
1791409088.5984137,idle,6.1,"12.2,8.4,14.3,11.9,9.1,9.3,3.7,6.3,4.5,5.5,21.4,15.5,9.7,8.3,3.7,5.5,6.4,9.0,8.3,4.5,7.5,6.6,7.3,8.5,2.7,3.5,2.7,2.7,10.7,2.7,64.0,100.0,8.2,69.9,6.3,25.7,2.7,2.7,4.5,4.5,5.4,8.0,8.3,3.6,9.0,4.6,11.0,10.0,6.4,5.6,9.0,5.5,10.1,7.2,7.3,3.7,5.5,6.3,7.3,4.7,2.8,8.3,6.4,3.6,0.9,12.7,44.6,2.7,100.0,100.0,100.0,100.0,100.0,100.0,100.0,100.0,0.0,0.0,0.0,0.0,0.0,0.0,0.0,0.0,1.9,0.0,0.0,0.0,0.0,0.0,0.0,0.0,0.0,0.0,0.0,0.0,0.0,0.0,5.4,1.8,0.0,0.0,0.0,0.0,0.0,0.0,0.0,0.0,0.0,0.0,0.0,0.0,0.0,0.0,0.0,0.0,0.0,0.0,0.0,0.0,0.0,0.0,0.0,0.0,0.0,0.0,0.0,0.0,0.0,0.0,0.0,0.0,0.0,0.0,0.0,0.0,0.0,0.0,0.0,0.0,0.0,0.0,0.0,0.0,0.0,0.0,0.0,0.0,0.0,0.0,0.0,0.0,0.0,0.0,0.0,0.0,0.0,0.0,0.0,0.9,0.0,0.0,0.0,0.0,0.0,0.0,0.0,0.0,0.0,0.0,0.0,0.0,0.0,0.0,0.0,0.0,0.0,0.0,0.0,0.0,0.0,0.0,0.0,0.0,0.0,0.0,0.0,0.0,0.0,0.0,0.0,0.0,0.0,0.0,0.0,0.0,0.0,0.0,0.0,0.0,0.0,0.0,0.0,0.0,0.0,0.0,0.0,0.0,0.0,0.0,0.0,0.0,0.0,0.0,0.0,0.0,0.0,0.0,0.0,0.0,0.0,0.0,0.0,0.0,0.0,0.0,0.0,0.0,0.0,0.0,0.0,0.0,0.0,0.0,0.0,0.0,0.0,0.0,0.0,0.0,0.0,0.0,0.0,0.0,0.0,0.0,0.0,0.0,0.0,0.0,0.0,0.0,0.0,0.0,0.0",6.0,61556.21875,970310.1015625,8689.7861328125,167795.87158203125,32.88134765625
1791409089.6409607,idle,4.9,"3.0,1.9,30.5,0.0,9.7,18.3,44.2,0.0,1.0,1.0,1.0,0.0,1.0,1.0,2.9,1.0,0.0,2.0,1.0,0.0,1.0,1.0,0.0,2.0,1.9,0.0,1.9,1.9,1.0,0.0,75.2,67.0,67.3,15.0,3.9,1.0,2.0,0.0,1.0,1.0,5.8,9.7,7.8,2.0,0.0,2.0,2.0,2.9,1.0,12.5,0.0,5.2,7.1,0.0,2.0,3.9,1.0,1.0,1.9,1.0,0.0,1.0,2.0,0.0,0.0,0.0,0.0,0.0,100.0,100.0,100.0,99.0,99.0,100.0,99.0,100.0,0.0,0.0,0.0,0.0,0.0,0.0,0.0,0.0,2.0,0.0,0.0,0.0,0.0,0.0,0.0,0.0,0.0,0.0,0.0,0.0,0.0,0.0,3.8,4.8,0.0,0.0,0.0,0.0,0.0,0.0,0.0,0.0,0.0,0.0,0.0,0.0,0.0,0.0,0.0,0.0,0.0,0.0,0.0,0.0,0.0,0.0,0.0,0.0,0.0,0.0,0.0,0.0,0.0,0.0,0.0,0.0,0.0,0.0,0.0,0.0,0.0,0.0,0.0,0.0,0.0,0.0,0.0,0.0,0.0,0.0,0.0,0.0,0.0,0.0,0.0,0.0,0.0,0.0,0.0,0.0,0.0,0.0,0.0,0.0,1.0,0.0,0.0,0.0,0.0,0.0,0.0,0.0,0.0,0.0,0.0,0.0,0.0,0.0,0.0,0.0,0.0,0.0,0.0,0.0,0.0,0.0,0.0,0.0,0.0,0.0,0.0,0.0,0.0,0.0,0.0,0.0,0.0,0.0,0.0,0.0,0.0,0.0,0.0,0.0,0.0,0.0,0.0,0.0,0.0,0.0,0.0,0.0,0.0,0.0,0.0,0.0,0.0,0.0,0.0,0.0,0.0,0.0,0.0,0.0,0.0,0.0,0.0,0.0,0.0,0.0,0.0,0.0,0.0,0.0,0.0,0.0,0.0,0.0,0.0,0.0,0.0,0.0,0.0,0.0,0.0,0.0,0.0,0.0,0.0,0.0,0.0,0.0,0.0,0.0,0.0,0.0,0.0,0.0,0.0",6.0,61572.8125,970293.5078125,8689.7861328125,167795.87158203125,32.88134765625
1791409090.6732903,idle,6.1,"15.7,11.5,3.9,3.8,4.9,4.9,57.7,5.8,9.5,8.8,5.9,8.7,7.9,9.6,13.0,8.9,7.8,7.8,9.6,9.0,5.9,8.9,6.9,8.8,4.9,4.8,4.9,5.8,3.8,4.9,68.3,26.0,64.1,56.7,5.9,2.9,4.0,3.9,6.9,31.7,4.9,6.0,5.9,16.7,6.9,8.7,8.9,6.8,4.9,11.3,11.0,11.2,11.3,7.8,7.9,6.9,5.9,8.2,12.7,5.8,5.9,5.9,3.0,6.9,5.7,3.9,5.8,1.9,99.0,100.0,100.0,100.0,100.0,100.0,100.0,100.0,0.0,0.0,0.0,0.0,0.0,1.0,1.0,0.0,0.0,0.0,0.0,0.0,0.0,0.0,0.0,0.0,0.0,0.0,0.0,0.0,0.0,0.0,3.9,3.8,3.8,0.0,0.0,0.0,0.0,0.0,0.0,0.0,0.0,0.0,0.0,0.0,0.0,0.0,0.0,0.0,0.0,0.0,0.0,0.0,0.0,0.0,0.0,0.0,0.0,0.0,0.0,0.0,0.0,0.0,0.0,0.0,0.0,0.0,0.0,0.0,0.0,0.0,0.0,0.0,0.0,0.0,0.0,0.0,0.0,0.0,0.0,0.0,0.0,0.0,0.0,0.0,0.0,0.0,0.0,0.0,0.0,0.0,0.0,1.0,0.0,0.0,0.0,0.0,0.0,0.0,0.0,0.0,0.0,0.0,0.0,0.0,0.0,0.0,0.0,0.0,0.0,0.0,0.0,1.0,0.0,0.0,0.0,0.0,0.0,0.0,0.0,0.0,0.0,0.0,0.0,0.0,0.0,0.0,0.0,0.0,0.0,0.0,0.0,0.0,0.0,0.0,0.0,0.0,0.0,0.0,0.0,0.0,0.0,0.0,0.0,0.0,0.0,0.0,0.0,0.0,0.0,0.0,0.0,0.0,0.0,0.0,0.0,0.0,0.0,0.0,0.0,0.0,0.0,0.0,0.0,0.0,0.0,0.0,0.0,0.0,0.0,0.0,0.0,0.0,0.0,0.0,0.0,0.0,0.0,0.0,0.0,0.0,0.0,0.0,0.0,0.0,0.0,0.0,0.0",6.0,61574.3828125,970291.9375,8689.7861328125,167795.87158203125,31.9296875
1791409091.7725098,idle,5.3,"13.0,6.9,0.0,0.9,0.9,3.7,3.8,8.5,1.9,0.0,0.0,1.8,0.9,0.9,4.9,2.8,0.9,1.9,0.9,1.9,0.0,0.0,0.0,1.0,1.9,0.9,0.9,2.8,0.0,0.9,0.0,100.0,77.8,100.0,97.2,0.9,1.9,2.8,2.8,2.8,0.9,3.8,14.6,0.0,14.7,0.0,3.7,2.8,0.0,4.1,1.9,4.0,1.9,8.7,0.0,3.7,1.9,4.7,3.8,12.8,0.0,0.0,0.9,0.0,0.0,0.0,0.0,0.0,99.1,99.1,100.0,100.0,100.0,100.0,100.0,99.1,0.0,0.0,0.0,0.0,0.0,1.0,0.9,0.0,2.0,0.0,0.0,0.0,0.0,0.0,0.0,0.0,0.0,0.0,0.0,0.0,0.0,0.0,0.0,0.0,0.0,0.0,0.0,0.0,0.0,0.0,0.0,0.0,0.0,0.0,0.0,0.0,0.0,0.0,0.0,0.0,0.0,0.0,0.0,0.0,0.0,0.0,0.0,0.0,0.0,0.0,0.0,0.0,0.0,0.0,0.0,0.0,0.0,0.0,0.0,0.0,0.0,0.0,0.0,0.0,0.0,0.0,0.0,0.0,0.0,0.0,0.0,0.0,0.0,0.0,0.0,0.0,0.0,0.0,0.0,0.0,0.0,0.0,0.0,0.9,0.0,0.0,0.0,0.0,0.0,0.0,0.0,0.0,0.0,0.0,0.0,0.0,0.0,0.0,0.0,0.0,0.0,0.0,0.0,0.0,0.0,0.0,0.0,0.0,0.0,0.0,0.0,0.0,0.0,0.0,0.0,0.0,0.0,0.0,0.0,0.0,0.0,0.0,0.0,0.0,0.0,0.0,0.0,0.0,0.0,0.0,0.0,0.0,0.0,0.0,0.0,0.0,0.0,0.0,0.0,0.0,0.0,0.0,0.0,0.0,0.0,0.0,0.0,0.0,0.0,0.0,0.0,0.0,0.0,0.0,0.0,0.0,0.0,0.0,0.0,0.0,0.0,0.0,0.0,0.0,0.0,0.0,0.0,0.0,0.0,0.0,0.0,0.0,0.0,0.0,0.0,0.0,0.0,0.0,0.0",6.1,62914.8359375,968951.484375,8689.7861328125,167795.87158203125,31.9296875
1791409092.8081806,idle,6.1,"15.9,8.2,5.1,4.9,3.0,2.0,7.1,5.2,5.0,2.0,3.9,6.0,6.9,7.8,8.9,5.9,6.1,9.1,3.0,6.0,12.2,11.0,6.9,4.3,4.9,2.0,2.0,2.0,1.0,4.0,54.9,61.4,100.0,36.3,2.0,4.0,3.9,4.0,4.1,98.1,7.0,5.9,6.9,4.9,5.9,10.1,9.9,14.1,6.8,6.2,31.3,9.3,9.3,5.1,3.9,3.9,5.0,3.9,5.2,10.0,4.0,13.7,4.0,5.0,2.0,2.0,3.8,3.0,100.0,100.0,100.0,100.0,100.0,99.0,100.0,100.0,0.0,0.0,0.0,0.0,0.0,1.0,0.0,0.0,0.0,0.0,0.0,0.0,0.0,0.0,0.0,0.0,0.0,0.0,0.0,0.0,0.0,0.0,9.7,9.7,7.8,0.0,0.0,0.0,0.0,0.0,0.0,0.0,0.0,0.0,0.0,0.0,0.0,0.0,0.0,0.0,0.0,0.0,0.0,0.0,0.0,0.0,0.0,0.0,0.0,0.0,0.0,0.0,0.0,0.0,0.0,0.0,0.0,0.0,0.0,0.0,0.0,0.0,0.0,0.0,0.0,0.0,0.0,0.0,0.0,0.0,0.0,0.0,0.0,0.0,0.0,0.0,0.0,0.0,0.0,0.0,0.0,0.0,0.0,0.0,0.0,0.0,0.0,0.0,0.0,0.0,0.0,0.0,0.0,0.0,0.0,0.0,0.0,0.0,0.0,0.0,0.0,0.0,0.0,0.0,0.0,0.0,0.0,0.0,0.0,0.0,0.0,0.0,0.0,0.0,0.0,0.0,0.0,0.0,0.0,0.0,0.0,0.0,0.0,0.0,0.0,0.0,0.0,0.0,0.0,0.0,0.0,0.0,0.0,0.0,0.0,0.0,0.0,0.0,0.0,0.0,0.0,0.0,0.0,0.0,0.0,0.0,0.0,0.0,0.0,0.0,0.0,0.0,0.0,0.0,0.0,0.0,0.0,0.0,0.0,0.0,0.0,0.0,0.0,0.0,0.0,0.0,0.0,0.0,0.0,0.0,0.0,0.0,0.0,0.0,0.0,0.0,0.0,0.0,0.0",6.0,62316.76171875,969549.55859375,8689.7861328125,167797.39501953125,31.9296875
1791409093.840758,idle,4.6,"12.6,0.0,1.0,0.0,0.0,0.0,0.0,3.0,79.4,1.0,0.0,0.0,1.9,1.0,1.0,0.0,2.0,2.9,1.0,3.9,2.1,0.0,0.0,0.0,1.0,0.0,0.0,1.9,0.0,2.0,28.3,82.4,61.6,6.9,1.0,19.6,1.0,1.0,2.1,0.0,5.8,2.9,1.0,0.0,3.0,1.0,2.0,0.0,3.9,4.1,1.0,5.4,5.1,2.9,0.0,3.0,0.0,1.0,0.0,1.0,1.0,0.0,0.0,0.0,0.0,0.0,1.0,0.0,100.0,99.0,99.0,100.0,100.0,100.0,100.0,100.0,0.0,0.0,0.0,0.0,0.0,2.9,0.0,0.0,1.0,0.0,0.0,0.0,0.0,0.0,0.0,0.0,0.0,0.0,0.0,0.0,0.0,0.0,3.8,3.9,0.0,0.0,0.0,0.0,0.0,0.0,0.0,0.0,0.0,0.0,0.0,0.0,0.0,0.0,0.0,0.0,0.0,0.0,0.0,0.0,0.0,0.0,0.0,0.0,0.0,0.0,0.0,0.0,0.0,0.0,0.0,0.0,0.0,0.0,0.0,0.0,0.0,0.0,0.0,0.0,0.0,0.0,0.0,0.0,0.0,0.0,0.0,0.0,0.0,0.0,0.0,0.0,0.0,0.0,0.0,0.0,0.0,0.0,0.0,1.0,0.0,0.0,0.0,0.0,0.0,0.0,0.0,0.0,0.0,0.0,0.0,0.0,0.0,0.0,0.0,0.0,0.0,0.0,0.0,0.0,0.0,0.0,0.0,0.0,0.0,0.0,0.0,0.0,0.0,0.0,0.0,0.0,0.0,0.0,0.0,0.0,0.0,0.0,0.0,0.0,0.0,0.0,0.0,0.0,0.0,0.0,0.0,0.0,0.0,0.0,0.0,0.0,0.0,0.0,0.0,0.0,0.0,0.0,0.0,0.0,0.0,0.0,0.0,0.0,0.0,0.0,0.0,0.0,0.0,0.0,0.0,0.0,0.0,0.0,0.0,0.0,0.0,0.0,0.0,0.0,0.0,0.0,0.0,0.0,0.0,0.0,0.0,0.0,0.0,0.0,0.0,0.0,0.0,0.0,0.0",5.9,61008.06640625,970858.25390625,8689.7861328125,167797.90283203125,31.9296875
1791409094.887919,idle,5.8,"30.8,7.3,12.9,4.8,8.8,6.8,5.8,7.8,97.2,4.0,1.9,4.9,4.9,4.8,2.9,1.0,3.9,5.0,8.0,4.0,5.1,7.0,6.9,8.0,3.9,2.9,4.8,6.9,3.0,5.8,1.9,63.1,76.7,27.9,9.2,3.9,6.8,6.8,7.9,2.9,8.8,4.9,4.0,2.9,9.8,14.7,5.8,4.8,2.9,7.0,2.0,7.1,5.2,9.8,3.9,10.9,9.9,11.8,7.5,6.8,2.9,5.2,7.0,14.6,4.8,2.9,3.8,3.8,100.0,100.0,100.0,100.0,100.0,100.0,99.1,100.0,0.0,0.0,0.0,0.0,0.0,1.0,0.0,0.0,2.0,0.0,0.0,0.0,0.0,0.0,0.0,0.0,0.0,0.0,0.0,0.0,0.0,0.0,0.0,0.9,0.0,0.0,0.0,0.0,0.0,0.0,0.0,0.0,0.0,0.0,0.0,0.0,0.0,0.0,0.0,0.0,0.0,0.0,0.0,0.0,0.0,0.0,0.0,0.0,0.0,0.0,0.0,0.0,0.0,0.0,0.0,0.0,0.0,0.0,0.0,0.0,0.0,0.0,0.0,0.0,0.0,0.0,0.0,0.0,0.0,0.0,0.0,0.0,0.0,0.0,0.0,0.0,0.0,0.0,0.0,0.0,0.0,0.0,0.0,0.0,1.0,0.0,0.0,0.0,0.0,0.0,0.0,0.0,0.0,0.0,0.0,0.0,0.0,0.0,0.0,0.0,0.0,0.0,0.0,0.0,0.0,0.0,0.0,0.0,0.0,0.0,0.0,0.0,0.0,0.0,0.0,0.0,0.0,0.0,0.0,0.0,0.0,0.0,0.0,0.0,0.0,0.0,0.0,0.0,0.0,0.0,0.0,0.0,0.0,0.0,0.0,0.0,0.0,0.0,0.0,0.0,0.0,0.0,0.0,0.0,0.0,0.0,0.0,0.0,0.0,0.0,0.0,0.0,0.0,0.0,0.0,0.0,0.0,0.0,0.0,0.0,0.0,0.0,0.0,0.0,0.0,0.0,0.0,0.0,0.0,0.0,0.0,0.0,0.0,0.0,0.0,0.0,0.0,0.0,0.0",6.0,61565.4609375,970300.859375,8689.7861328125,167797.90283203125,31.9296875
1791409095.9363215,individual_n8_vmnos256_r1:submission,6.5,"18.5,10.3,10.7,8.5,7.7,12.7,11.3,11.5,8.4,82.1,9.4,8.4,8.4,12.0,9.4,7.4,13.0,9.4,6.7,16.2,12.3,10.6,7.8,7.7,11.1,12.8,5.8,9.4,9.3,11.2,23.8,48.6,40.6,54.6,8.7,14.3,7.8,11.5,11.8,13.5,13.2,13.9,13.2,12.1,13.9,10.3,14.0,14.4,9.4,10.7,6.7,11.2,14.3,12.3,11.2,14.3,10.5,7.8,7.8,8.6,7.6,9.3,10.3,10.7,8.4,11.1,11.1,11.1,100.0,99.1,100.0,100.0,100.0,100.0,100.0,100.0,0.0,0.0,0.0,0.0,0.0,0.0,0.0,0.0,1.0,0.9,0.0,0.0,0.0,0.0,0.0,0.0,0.0,0.0,0.0,0.0,0.0,0.0,0.0,0.0,0.0,0.0,0.0,0.0,0.0,0.0,0.0,0.0,0.0,0.0,0.0,0.0,0.0,0.0,0.0,0.0,0.0,0.0,0.0,0.0,0.0,0.0,0.0,0.0,0.0,0.0,0.0,0.0,0.0,0.0,0.0,0.0,0.0,0.0,0.0,0.0,0.0,0.0,0.0,0.0,0.0,0.0,0.0,0.0,0.0,0.0,0.0,0.0,0.0,0.0,0.0,0.0,0.0,0.0,0.0,0.0,0.0,0.0,0.0,0.0,0.9,0.0,0.0,0.0,0.0,0.0,0.0,0.0,0.0,0.0,0.0,0.0,0.0,0.0,0.0,0.0,0.0,0.0,0.0,0.0,0.0,0.0,0.0,0.0,0.0,0.0,0.0,0.0,0.0,0.0,0.0,0.0,0.0,0.0,0.0,0.0,0.0,0.0,0.0,0.0,0.0,0.0,0.0,0.0,0.0,0.0,0.0,0.0,0.0,0.0,0.0,0.0,0.0,0.0,0.0,0.0,0.0,0.0,0.0,0.0,0.0,0.0,0.0,0.0,0.0,0.0,0.0,0.0,0.0,0.0,0.0,0.0,0.0,0.0,0.0,0.0,0.0,0.0,0.0,0.0,0.0,0.0,0.0,0.0,0.0,0.0,0.0,0.0,0.0,0.0,0.0,0.0,0.0,0.0,0.0",5.9,61188.44921875,970677.87109375,8689.7861328125,167797.90283203125,30.57373046875
1791409097.2865462,individual_n8_vmnos256_r1:submission,19.8,"65.6,59.7,61.8,60.9,64.9,62.9,64.4,73.3,59.8,64.9,64.4,63.3,65.7,65.0,60.9,63.8,68.2,63.9,68.4,62.8,65.9,67.7,65.4,64.4,66.4,69.6,66.2,64.3,64.0,62.6,66.7,61.8,23.4,40.7,71.5,61.2,66.2,64.1,69.6,61.9,64.2,63.4,65.2,66.4,57.7,61.5,60.0,56.0,63.8,62.2,61.7,61.2,56.5,60.0,65.7,61.4,58.1,57.9,59.5,67.4,67.9,64.7,56.9,74.5,78.4,77.1,80.6,80.1,99.3,100.0,99.3,99.3,100.0,100.0,100.0,100.0,0.0,0.0,0.0,0.0,0.0,0.7,0.0,0.0,4.3,0.0,0.0,0.0,0.0,0.0,0.0,0.0,0.0,0.0,0.0,0.0,0.0,0.0,0.0,0.0,0.0,0.0,0.0,0.0,0.0,0.0,0.0,0.0,0.0,0.0,0.0,0.0,0.0,0.0,0.0,0.0,0.0,0.0,0.0,0.0,0.0,0.0,0.0,0.0,0.0,0.0,0.0,0.0,0.0,0.0,0.0,0.0,0.0,0.0,0.0,0.0,0.0,0.0,0.0,0.0,0.0,0.0,0.0,0.0,0.0,0.0,0.0,0.0,0.0,0.0,0.0,0.0,0.0,0.0,0.0,0.0,0.0,0.0,0.0,0.0,0.0,0.0,0.0,0.0,0.0,0.0,0.0,0.0,0.0,0.0,0.0,0.0,0.0,0.0,0.0,0.0,0.0,0.0,0.0,0.0,0.0,0.0,0.0,0.0,0.0,0.0,0.0,0.0,0.0,0.0,0.0,0.0,0.0,0.0,0.0,0.0,0.0,0.0,0.0,0.0,0.0,0.0,0.0,0.0,0.0,0.0,0.0,0.0,0.0,0.0,0.0,0.0,0.0,0.0,0.0,0.0,0.0,0.0,0.0,0.0,0.0,0.0,0.0,0.0,0.0,0.0,0.0,0.0,0.0,0.0,0.0,0.0,0.0,0.0,0.0,0.0,0.0,0.0,0.0,0.0,0.0,0.0,0.0,0.0,0.0,0.0,0.0,0.0,0.0,0.0,0.0,0.0,0.0,0.0,0.0",6.0,62329.33984375,969536.98046875,8689.7861328125,167799.98486328125,30.57373046875
1791409098.9691224,individual_n8_vmnos256_r1:submission,18.1,"56.7,61.9,62.8,51.5,54.4,57.3,56.9,57.3,48.8,53.9,46.1,63.0,52.9,55.0,53.8,54.8,59.3,52.1,56.4,50.3,56.2,55.8,57.8,56.5,55.4,54.4,60.6,65.3,64.9,58.7,34.3,9.8,17.6,2.3,50.6,68.5,61.6,54.9,52.7,50.9,58.6,55.4,56.7,50.0,50.0,54.2,52.1,71.0,54.9,62.9,54.7,56.5,48.8,52.7,48.2,55.7,59.5,54.0,53.5,60.5,52.0,54.0,61.8,52.4,64.6,68.2,69.8,78.1,99.4,99.4,100.0,100.0,99.4,100.0,100.0,100.0,0.0,0.0,0.0,0.0,0.0,0.6,0.0,0.0,1.2,0.0,0.0,0.0,0.0,0.0,0.0,0.0,0.0,0.0,0.0,0.0,0.0,0.0,0.6,0.6,10.8,92.6,0.0,0.0,0.0,0.0,0.0,0.0,0.0,0.0,0.0,0.0,0.0,0.0,0.0,0.0,0.0,0.0,0.0,0.0,0.0,0.0,0.0,0.0,0.0,0.0,0.0,0.0,0.0,0.0,0.0,0.0,0.0,0.0,0.0,0.0,0.0,0.0,0.0,0.0,0.0,0.0,0.0,0.0,0.0,0.0,0.0,0.0,0.0,0.0,0.0,0.0,0.0,0.0,0.0,0.0,0.0,0.0,0.0,0.6,0.0,0.0,0.0,0.0,0.0,0.0,0.0,0.0,0.0,0.0,0.0,0.0,0.0,0.0,0.0,0.0,0.0,0.0,0.0,0.0,0.0,0.0,0.0,0.0,0.0,0.0,0.0,0.0,0.0,0.0,0.0,0.0,0.0,0.0,0.0,0.0,0.0,0.0,0.0,0.0,0.0,0.0,0.0,0.0,0.0,0.0,0.0,0.0,0.0,0.0,0.0,0.0,0.0,0.0,0.0,0.0,0.0,0.0,0.0,0.0,0.0,0.0,0.0,0.0,0.0,0.0,0.0,0.0,0.0,0.0,0.0,0.0,0.0,0.0,0.0,0.0,0.0,0.0,0.0,0.0,0.0,0.0,0.0,0.0,0.0,0.0,0.0,0.0,0.0,0.0,0.0,0.0,0.0,0.0,0.0",6.1,63105.4453125,968760.875,8689.7861328125,167800.20361328125,30.57373046875
1791409101.0055885,individual_n8_vmnos256_r1:submission,16.7,"56.1,62.0,66.8,54.5,55.3,56.0,71.1,62.5,48.4,50.5,59.8,45.8,53.8,51.1,58.8,54.8,61.5,62.6,50.5,44.1,54.6,59.1,51.9,59.2,57.0,54.5,57.0,68.4,58.0,57.2,24.5,2.6,3.0,2.0,64.7,55.7,56.8,51.1,47.5,57.8,59.0,63.1,49.5,45.0,45.7,47.0,58.5,64.1,48.4,49.2,48.4,53.8,59.1,45.5,52.4,55.2,47.8,51.1,57.9,51.9,51.9,47.8,62.9,70.4,49.5,60.5,62.7,48.9,100.0,99.5,100.0,100.0,100.0,100.0,100.0,100.0,0.0,0.0,0.0,0.0,0.0,0.5,0.0,0.0,0.0,0.0,0.0,0.0,0.0,0.0,0.0,0.0,0.0,0.0,0.0,0.0,0.0,0.0,2.5,2.0,0.5,100.0,0.0,0.0,0.0,0.0,0.0,0.0,0.0,0.0,0.0,0.0,0.0,0.0,0.0,0.0,0.0,0.0,0.0,0.0,0.0,0.0,0.0,0.0,0.0,0.0,0.0,0.0,0.0,0.0,0.0,0.0,0.0,0.0,0.0,0.0,0.0,0.0,0.0,0.0,0.0,0.0,0.0,0.0,0.0,0.0,0.0,0.0,0.0,0.0,0.0,0.0,0.0,0.0,0.0,0.0,0.0,0.0,0.0,0.5,0.0,0.0,0.0,0.0,0.0,0.0,0.0,0.0,0.0,0.0,0.0,0.0,0.0,0.0,0.5,0.0,0.0,0.0,0.0,0.0,0.0,0.0,0.0,0.0,0.0,0.0,0.0,0.0,0.0,0.0,0.0,0.0,0.0,0.0,0.0,0.0,0.0,0.0,0.0,0.0,0.0,0.0,0.0,0.0,0.0,0.0,0.0,0.0,0.0,0.0,0.0,0.0,0.0,0.0,0.0,0.0,0.0,0.0,0.0,0.0,0.0,0.0,0.0,0.0,0.0,0.0,0.0,0.0,0.0,0.0,0.0,0.0,0.0,0.0,0.0,0.0,0.0,0.0,0.0,0.0,0.0,0.0,0.0,0.0,0.0,0.0,0.0,0.5,0.0,0.0,0.0,0.0,0.0,0.0,0.0",6.1,63114.06640625,968752.25390625,8689.7861328125,167800.20361328125,36.37353515625
1791409102.7484174,individual_n8_vmnos256_r1:confirmation,17.0,"47.0,54.8,64.3,61.5,51.5,50.6,58.6,48.8,47.9,50.3,47.9,51.5,50.6,54.9,54.5,50.6,63.3,59.0,49.1,52.7,44.4,54.0,63.4,49.1,50.0,43.7,65.3,81.2,53.6,45.0,4.1,49.1,0.0,0.0,62.8,57.2,53.9,54.5,56.4,54.0,78.9,47.0,52.4,52.1,44.2,50.9,59.1,51.8,50.6,46.8,52.1,49.1,65.5,54.7,71.3,62.5,41.3,48.5,49.4,45.4,45.6,42.6,47.0,54.2,58.0,51.8,51.5,55.9,98.8,100.0,99.4,100.0,100.0,100.0,100.0,99.4,0.0,0.0,0.0,0.0,0.0,1.2,0.0,0.0,0.0,0.0,0.0,0.0,0.0,0.0,0.0,0.0,0.0,0.0,0.0,0.0,0.0,0.0,2.9,0.0,0.0,99.4,0.0,0.0,0.0,0.0,0.0,0.0,0.0,0.0,0.0,0.0,0.0,0.0,0.0,0.0,0.0,0.0,0.0,0.0,0.0,0.0,0.0,0.0,0.0,0.0,0.0,0.0,0.0,0.0,0.0,0.0,0.0,0.0,0.0,0.0,0.0,0.0,0.0,0.0,0.0,0.0,0.0,0.0,0.0,0.0,0.0,0.0,0.0,0.0,0.0,0.0,0.0,0.0,0.0,0.0,0.0,0.0,0.0,0.0,0.0,0.0,0.0,0.0,0.0,0.0,0.0,0.0,0.0,0.0,0.0,0.0,0.0,0.0,0.0,0.0,0.0,0.0,0.6,0.0,0.0,0.0,0.0,0.0,0.0,0.0,0.0,0.0,0.0,0.0,0.0,0.0,0.0,0.0,0.0,0.0,0.0,0.0,0.0,0.0,0.0,0.0,0.0,0.0,0.0,0.0,0.0,0.0,0.0,0.0,0.0,0.0,0.0,0.0,0.0,0.0,0.0,0.0,0.0,0.0,0.0,0.0,0.0,0.0,0.0,0.0,0.0,0.0,0.0,0.0,0.0,0.0,0.0,0.0,0.0,0.0,0.0,0.0,0.0,0.0,0.0,0.0,0.0,0.0,0.0,0.0,0.0,0.0,0.0,0.0,0.0,0.0,0.0,0.0,0.0",6.2,64334.625,967531.6953125,8689.7861328125,167805.72314453125,36.37353515625
1791409103.8895552,individual_n8_vmnos256_r1:confirmation,8.4,"18.4,18.6,13.0,16.2,21.4,11.2,25.7,27.2,19.6,24.3,23.0,22.0,21.9,24.5,23.1,19.8,14.1,21.0,14.7,32.0,19.6,21.8,18.4,16.7,10.1,10.2,10.3,8.3,18.2,10.2,83.8,4.4,3.6,3.6,35.0,18.6,15.5,18.2,20.2,27.7,14.7,20.2,20.4,21.0,31.4,23.8,22.9,16.2,11.7,14.7,17.5,15.0,20.4,17.8,16.2,13.7,18.4,24.5,16.3,17.5,20.4,22.2,19.0,24.2,8.2,11.0,5.7,8.0,100.0,100.0,92.8,100.0,100.0,99.1,100.0,100.0,0.0,0.0,0.0,0.0,0.0,1.8,0.0,0.0,0.9,0.0,0.0,0.0,0.0,0.0,0.0,0.0,0.0,0.0,0.0,0.0,0.0,0.0,20.0,3.6,0.0,100.0,0.0,0.0,0.0,0.0,0.0,0.0,0.0,0.0,0.0,0.0,0.0,0.0,0.0,0.0,0.0,0.0,0.0,0.0,0.0,0.0,0.0,0.0,0.0,0.0,0.0,0.0,0.0,0.0,0.0,0.0,0.0,0.0,0.0,0.0,0.0,0.0,0.0,0.0,0.0,0.0,0.0,0.0,0.0,0.0,0.0,0.0,0.0,0.0,0.0,0.0,0.0,0.0,0.0,0.0,0.0,0.0,0.0,0.0,0.0,0.0,0.0,0.0,0.0,0.0,0.0,0.0,0.0,0.0,0.0,0.0,0.0,0.0,0.0,0.0,0.0,0.0,0.0,0.0,0.9,0.0,0.0,0.0,0.0,0.0,0.0,0.0,0.0,0.0,0.0,0.0,0.0,0.0,0.0,0.0,0.0,0.0,0.0,0.0,0.0,0.0,0.0,0.0,0.0,0.0,0.0,0.0,0.0,0.0,0.0,0.0,0.0,0.0,0.0,0.0,0.0,0.0,0.0,0.0,0.0,0.0,0.0,0.0,0.0,0.0,0.0,0.0,0.0,0.0,0.0,0.0,0.0,0.0,0.0,0.0,0.0,0.0,0.0,0.0,0.0,0.0,0.0,0.0,0.0,0.0,0.0,0.0,0.0,0.0,0.0,0.0,0.0,0.0,0.0",6.2,64400.57421875,967465.74609375,8689.7861328125,167806.13330078125,36.37353515625
1791409105.0654397,individual_n8_vmnos256_r1:confirmation,8.5,"24.3,16.2,18.6,17.4,15.7,13.9,36.5,22.9,26.7,20.0,21.7,25.6,25.4,17.5,17.5,19.0,17.1,21.6,21.1,24.6,22.8,18.4,21.4,21.9,17.1,17.4,52.1,19.0,16.9,15.8,16.1,0.8,0.0,0.0,25.2,31.1,21.1,15.9,25.2,18.8,27.6,13.7,24.6,23.9,15.6,30.6,16.7,17.9,15.1,18.8,16.3,24.8,33.1,19.8,20.3,26.4,21.1,20.0,18.1,14.5,20.2,33.6,25.9,14.3,8.1,4.1,7.3,8.9,99.2,100.0,100.0,97.6,100.0,100.0,100.0,100.0,0.0,0.0,0.0,0.0,0.0,0.0,0.0,0.0,0.0,0.0,0.0,0.0,0.0,0.0,0.0,0.0,0.0,0.0,0.0,0.0,0.0,0.0,0.8,0.0,0.8,100.0,0.0,0.0,0.0,0.0,0.0,0.0,0.0,0.0,0.0,0.0,0.0,0.0,0.0,0.0,0.0,0.0,0.0,0.0,0.0,0.0,0.0,0.0,0.0,0.0,0.0,0.0,0.0,0.0,0.0,0.0,0.0,0.0,0.0,0.0,0.0,0.0,0.0,0.0,0.0,0.0,0.0,0.0,0.0,0.0,0.0,0.0,0.0,0.0,0.0,0.0,0.0,0.0,0.0,0.0,0.0,0.0,0.0,1.6,0.0,0.0,0.0,0.0,0.0,0.0,0.0,0.0,0.0,0.0,0.0,0.0,0.0,0.0,0.0,0.0,0.0,0.0,0.0,0.0,0.0,0.0,0.0,0.0,0.0,0.0,0.0,0.0,0.0,0.0,0.0,0.0,0.0,0.0,0.0,0.0,0.0,0.0,0.0,0.0,0.0,0.0,0.0,0.0,0.0,0.0,0.0,0.0,0.0,0.0,0.0,0.0,0.0,0.0,0.0,0.0,0.0,0.0,0.0,0.0,0.0,0.0,0.0,0.0,0.0,0.0,0.0,0.0,0.0,0.0,0.0,0.0,0.0,0.0,0.0,0.0,0.0,0.0,0.0,0.0,0.0,0.0,0.0,0.0,0.0,0.0,0.0,0.0,0.0,0.0,0.0,0.0,0.0,0.0,0.0",6.2,64395.23828125,967471.08203125,8689.7861328125,167806.13330078125,35.78271484375
1791409106.3304708,individual_n8_vmnos256_r1:confirmation,8.0,"16.7,15.1,14.2,16.1,14.4,17.0,10.6,13.9,28.6,14.9,21.4,17.1,17.1,20.0,16.2,18.5,11.1,27.9,13.1,26.1,13.0,17.5,12.7,28.8,12.6,9.0,33.9,10.0,14.8,21.9,20.0,34.2,0.0,0.0,17.3,23.9,15.7,12.5,15.0,14.8,19.8,18.7,25.0,24.8,14.2,23.2,12.7,16.4,15.6,21.8,10.9,13.9,18.7,20.9,22.0,19.8,17.3,22.7,17.0,17.1,15.9,20.9,17.6,14.0,4.3,4.2,4.2,5.0,100.0,99.2,99.2,100.0,100.0,100.0,100.0,100.0,0.0,0.0,0.0,0.0,0.0,0.8,0.0,0.0,0.8,0.0,0.0,0.0,0.0,0.0,0.0,0.0,0.0,0.0,0.0,0.0,0.0,0.0,0.0,0.0,0.0,100.0,0.0,0.0,0.0,0.0,0.0,0.0,0.0,0.0,0.0,0.0,0.0,0.0,0.0,0.0,0.0,0.0,0.0,0.0,0.0,0.0,0.0,0.0,0.0,0.0,0.0,0.0,0.0,0.0,0.0,0.0,0.0,0.0,0.0,0.0,0.0,0.0,0.0,0.0,0.0,0.0,0.0,0.0,0.0,0.0,0.0,0.0,0.0,0.0,0.0,0.0,0.0,0.0,0.0,0.0,0.0,0.0,0.0,0.8,0.0,0.0,0.0,0.0,0.0,0.0,0.0,0.0,0.0,0.0,0.0,0.0,0.0,0.0,0.0,0.0,0.0,0.0,0.0,0.0,0.0,0.0,0.0,0.0,0.0,0.0,0.0,0.0,0.0,0.8,0.8,0.0,0.0,0.0,0.0,0.0,0.0,0.0,0.0,0.0,0.0,0.0,0.0,0.0,0.0,0.0,0.0,0.0,0.0,0.0,0.0,0.0,0.0,0.0,0.0,0.0,0.0,0.0,0.0,0.0,0.0,0.0,0.0,0.0,0.0,0.0,0.0,0.0,0.0,0.0,0.0,0.0,0.0,0.0,0.0,0.0,0.0,0.0,0.0,0.0,0.0,0.0,0.0,0.0,0.0,0.0,0.0,0.0,0.0,0.0,0.0,0.0,0.0,0.0,0.0",6.3,64682.08203125,967184.23828125,8689.7861328125,167806.13330078125,35.78271484375
1791409107.7974908,individual_n8_vmnos256_r1:confirmation,12.6,"42.7,46.3,32.1,38.9,42.8,27.6,34.9,24.4,54.1,50.0,39.4,23.5,24.2,28.6,21.7,29.0,29.1,36.9,41.6,52.3,30.6,29.3,35.3,36.6,50.0,21.5,39.8,31.3,46.7,28.6,11.6,15.8,1.4,1.4,25.8,47.0,57.6,28.4,41.6,46.7,40.4,51.4,38.1,35.0,30.5,25.4,32.1,36.1,33.6,37.8,25.4,38.8,42.4,43.7,45.9,26.7,48.9,35.3,35.8,26.5,27.9,39.0,34.8,44.8,39.1,25.6,38.2,39.7,100.0,100.0,100.0,100.0,100.0,99.3,100.0,100.0,0.0,0.0,0.0,0.0,0.0,0.0,0.0,0.0,0.7,0.0,0.0,0.0,0.0,0.0,0.0,0.0,0.0,0.0,0.0,0.0,0.0,0.0,1.4,1.4,1.4,99.3,0.0,0.0,0.0,0.0,0.0,0.0,0.0,0.0,0.0,0.0,0.0,0.0,0.0,0.0,0.0,0.0,0.0,0.0,0.0,0.0,0.0,0.0,0.0,0.0,0.0,0.0,0.0,0.0,0.0,0.0,0.0,0.0,0.0,0.0,0.0,0.0,0.0,0.0,0.0,0.0,0.0,0.0,0.0,0.0,0.0,0.0,0.0,0.0,0.0,0.0,0.0,0.0,0.0,0.0,0.0,0.0,0.0,0.7,0.0,0.0,0.0,0.0,0.0,0.0,0.0,0.0,0.0,0.0,0.0,0.0,0.0,0.0,0.0,0.0,0.0,0.0,0.0,0.0,0.0,0.0,0.0,0.0,0.0,0.0,0.0,0.0,0.0,0.0,0.0,0.0,0.0,0.0,0.0,0.0,0.0,0.0,0.0,0.0,0.0,0.0,0.0,0.0,0.0,0.0,0.0,0.0,0.0,0.0,0.0,0.0,0.0,0.0,0.0,0.0,0.0,0.0,0.0,0.0,0.0,47.1,0.0,0.0,0.0,0.0,0.0,0.0,0.0,0.0,0.0,0.0,0.0,0.0,0.0,0.0,0.0,0.0,0.0,0.0,0.0,0.0,0.0,0.0,0.0,0.0,0.0,0.0,0.0,0.0,0.0,0.0,0.0,0.0,0.0",6.3,65165.421875,966700.8984375,8689.7861328125,167807.68798828125,35.78271484375
1791409108.8625336,individual_n8_vmnos256_r1:confirmation,14.2,"47.4,57.2,27.9,28.3,42.9,21.7,54.0,38.8,31.7,31.2,44.2,35.5,45.7,36.8,35.0,23.7,40.7,25.4,40.1,43.1,31.4,36.8,25.4,25.9,39.3,37.4,31.7,31.7,40.9,31.3,7.1,73.2,0.0,0.0,33.8,30.9,56.3,42.9,38.1,42.0,32.6,44.5,27.5,23.7,34.3,37.2,27.1,34.6,35.8,31.4,32.1,24.6,30.4,41.9,45.3,38.3,25.9,32.1,30.7,32.4,33.8,42.5,40.6,33.6,34.1,54.3,35.0,43.1,98.6,100.0,100.0,99.3,100.0,100.0,99.3,100.0,0.0,0.0,0.0,0.0,0.0,0.0,0.0,0.0,0.0,0.0,0.0,0.0,0.0,0.0,0.0,0.0,0.0,0.0,0.0,0.0,0.0,0.0,0.0,0.0,0.0,100.0,0.0,0.0,0.0,0.0,0.0,0.0,0.0,0.0,0.0,0.0,0.0,0.0,0.0,0.0,0.0,0.0,0.0,0.0,0.0,0.0,0.0,0.0,0.0,0.0,0.0,0.0,0.0,0.0,0.0,0.0,0.0,0.0,0.0,0.0,0.0,0.0,0.0,0.0,0.0,0.0,0.0,0.0,0.0,0.0,0.0,0.0,0.0,0.0,0.0,0.0,0.0,0.0,0.0,0.0,0.0,0.0,0.0,0.0,0.0,0.0,0.0,0.0,0.0,0.0,0.0,0.0,0.0,0.0,0.0,0.0,0.0,0.0,0.0,0.0,0.0,0.0,0.0,0.0,0.0,0.0,0.0,0.0,0.0,0.0,0.0,0.0,0.0,0.0,0.0,0.0,0.0,0.0,0.0,0.0,0.0,0.0,0.0,0.0,0.0,0.0,0.0,0.0,0.0,0.0,0.0,0.0,0.0,0.0,0.0,0.0,0.0,0.0,0.0,0.0,0.0,0.0,0.0,0.0,0.0,100.0,0.0,0.0,0.0,0.0,0.0,0.0,0.0,0.0,0.0,0.0,0.0,0.0,0.0,0.0,0.0,0.0,0.0,0.0,0.0,0.0,0.0,0.0,0.0,0.0,0.0,0.0,0.0,0.0,0.0,0.0,0.0,0.0,0.0",6.4,65708.75,966157.5703125,8689.7861328125,167807.85595703125,35.78271484375
1791409110.9613786,individual_n8_vmnos256_r1:confirmation,11.9,"23.7,61.4,22.8,41.2,14.0,19.9,37.0,40.6,31.8,41.1,43.9,39.1,14.1,17.5,24.7,43.4,39.1,52.6,37.2,29.6,28.7,32.0,40.8,31.4,28.1,24.3,52.3,38.2,31.8,43.3,21.7,52.8,0.0,0.0,38.0,34.1,44.2,40.0,25.6,44.7,21.8,35.7,15.2,24.1,40.1,30.1,18.3,56.0,52.6,30.0,43.4,24.0,38.8,36.8,53.1,21.7,26.2,30.3,41.5,29.1,39.8,38.0,40.8,34.3,21.8,32.4,33.9,35.1,99.4,99.4,99.4,99.4,100.0,100.0,100.0,99.4,0.0,0.0,0.0,0.0,0.0,0.6,0.0,0.0,0.0,0.0,0.0,0.0,0.0,0.0,0.0,0.0,0.0,0.0,0.0,0.0,0.0,0.0,0.0,0.0,0.0,100.0,0.0,0.0,0.0,0.0,0.0,0.0,0.0,0.0,0.0,0.0,0.0,0.0,0.0,0.0,0.0,0.0,0.0,0.0,0.0,0.0,0.0,0.0,0.0,0.0,0.0,0.0,0.0,0.0,0.0,0.0,0.0,0.0,0.0,0.0,0.0,0.0,0.0,0.0,0.0,0.0,0.0,0.0,0.0,0.0,0.0,0.0,0.0,0.0,0.0,0.0,0.0,0.0,0.0,0.0,0.0,0.0,0.0,0.6,0.0,0.0,0.0,0.0,0.0,0.0,0.0,0.0,0.0,0.0,0.0,0.0,0.0,0.0,0.0,0.0,0.0,0.0,0.0,0.0,0.0,0.0,0.0,0.0,0.0,0.0,0.0,0.0,0.0,0.0,0.0,0.0,0.0,0.0,0.0,0.0,0.0,0.0,0.0,0.0,0.0,0.0,0.0,0.0,0.0,0.0,0.0,0.0,0.0,0.0,0.0,0.0,0.0,0.0,0.0,0.0,0.0,0.0,0.0,0.0,0.0,76.5,0.0,0.0,0.0,0.0,0.0,0.0,0.0,0.0,0.0,0.0,0.0,0.0,0.0,0.0,0.0,0.0,0.0,0.0,0.0,0.0,0.0,0.0,0.0,0.0,0.0,0.0,0.0,0.0,0.0,0.0,0.0,0.0,0.0",6.4,66203.0390625,965663.28125,8689.7861328125,167807.85595703125,39.88427734375
1791409112.2444267,individual_n8_vmnos256_r1:confirmation,12.5,"40.9,52.0,61.2,42.1,20.7,34.7,34.6,51.2,30.2,28.1,30.2,29.4,36.4,52.3,40.8,39.8,36.2,21.0,26.0,53.8,46.2,29.7,28.6,50.0,28.5,47.7,36.9,40.8,71.2,44.4,0.7,17.3,0.0,0.0,33.3,53.5,30.4,36.8,35.5,27.2,45.5,70.2,29.8,36.7,42.1,24.2,42.4,23.7,23.4,30.2,30.8,54.1,27.0,43.5,58.8,25.0,23.2,37.7,22.5,27.8,35.9,27.0,31.5,43.3,29.1,48.1,27.1,34.4,99.3,100.0,100.0,100.0,100.0,100.0,100.0,100.0,0.0,0.0,0.0,0.0,0.0,0.0,0.0,0.0,0.7,0.0,0.0,0.0,0.0,0.0,0.0,0.0,0.0,0.0,0.0,0.0,0.0,0.0,0.0,0.0,0.0,100.0,0.0,0.0,0.0,0.0,0.0,0.0,0.0,0.0,0.0,0.0,0.0,0.0,0.0,0.0,0.0,0.0,0.0,0.0,0.0,0.0,0.0,0.0,0.0,0.0,0.0,0.0,0.0,0.0,0.0,0.0,0.0,0.0,0.0,0.0,0.0,0.0,0.0,0.0,0.0,0.0,0.0,0.0,0.0,0.0,0.0,0.0,0.0,0.0,0.0,0.0,0.0,0.0,0.0,0.0,0.0,0.0,0.0,1.5,0.0,0.0,0.0,0.0,0.0,0.0,0.0,0.0,0.0,0.0,0.0,0.0,0.0,0.0,0.0,0.0,0.0,0.0,0.0,0.0,0.0,0.0,0.0,0.0,0.0,0.0,0.0,0.0,0.0,0.0,0.0,0.0,0.0,0.0,0.0,0.0,0.0,0.0,0.0,0.0,0.0,0.0,0.0,0.0,0.0,0.0,0.0,0.0,0.0,0.0,0.0,0.0,0.0,0.0,0.0,0.0,0.0,0.0,0.0,0.0,0.0,0.0,0.0,0.0,0.0,0.0,0.0,0.0,0.0,0.0,0.0,0.0,0.0,0.0,0.0,0.0,0.0,0.0,0.0,0.0,0.0,0.0,0.0,0.0,0.0,0.0,0.0,0.0,0.0,0.0,0.0,0.0,0.0,0.0,0.0",6.4,66389.89453125,965476.42578125,8689.7861328125,167817.17626953125,39.88427734375
1791409114.030647,individual_n8_vmnos256_r1:confirmation,13.1,"54.1,40.9,46.7,30.8,22.5,25.3,34.7,29.8,31.6,46.7,26.7,22.2,44.8,23.3,26.9,35.1,41.5,43.4,30.1,50.9,43.4,41.9,36.5,52.6,29.5,41.7,30.8,25.7,38.5,45.1,58.4,53.4,0.6,3.9,41.6,42.5,48.3,66.3,43.9,56.6,22.9,26.5,22.2,29.4,37.6,41.5,22.8,32.4,32.5,36.7,33.7,43.2,39.8,35.3,32.1,33.5,56.8,26.9,31.2,25.9,29.4,49.4,53.1,46.2,30.2,46.1,24.7,35.5,99.4,100.0,100.0,100.0,100.0,100.0,100.0,100.0,0.0,0.0,0.0,0.0,0.0,0.6,0.0,0.0,1.2,0.0,0.0,0.0,0.0,0.0,0.0,0.0,0.0,0.0,0.0,0.0,0.0,0.0,0.6,0.0,0.0,23.0,0.0,0.0,0.0,0.0,0.0,0.0,0.0,0.0,0.0,0.0,0.0,0.0,0.0,0.0,0.0,0.0,0.0,0.0,0.0,0.0,0.0,0.0,0.0,0.0,0.0,0.0,0.0,0.0,0.0,0.0,0.0,0.0,0.0,0.0,0.0,0.0,0.0,0.0,0.0,0.0,0.0,0.0,0.0,0.0,0.0,0.0,0.0,0.0,0.0,0.0,0.0,0.0,0.0,0.0,0.0,0.0,0.0,0.6,0.0,0.0,0.0,0.0,0.0,0.0,0.0,0.0,0.0,0.0,0.0,0.0,0.0,0.0,0.0,0.0,0.0,0.0,0.0,0.0,0.0,0.0,0.0,0.0,0.0,0.0,0.0,0.0,0.0,0.0,0.0,0.0,0.0,0.0,0.0,0.0,0.0,0.0,0.0,0.0,0.0,0.0,0.0,0.0,0.0,0.0,0.0,0.0,0.0,0.0,0.0,0.0,0.0,0.0,0.0,0.0,0.0,0.0,0.0,0.0,0.0,0.0,0.0,0.0,0.0,0.0,0.0,0.0,0.0,0.0,0.0,0.0,0.0,0.0,0.0,0.0,0.0,0.0,0.0,0.0,0.0,0.0,0.0,0.0,0.0,0.0,0.0,0.0,0.0,0.0,0.0,0.0,0.0,0.0,0.0",6.5,67227.7265625,964638.59375,8689.7861328125,167817.58251953125,39.88427734375
1791409115.8532844,individual_n8_vmnos256_r1:confirmation,12.4,"28.1,13.2,29.0,55.8,45.4,49.4,40.5,49.4,39.5,42.3,48.5,48.5,34.6,21.1,25.9,27.2,19.3,32.9,40.4,36.5,21.5,43.7,23.4,20.3,17.8,64.1,35.2,34.0,47.0,49.1,76.9,100.0,58.7,10.7,52.7,24.5,23.0,43.9,23.0,20.5,33.3,35.9,24.5,48.5,24.4,30.0,16.0,42.1,26.3,12.7,21.4,31.1,20.3,46.6,47.9,16.4,35.6,21.2,42.0,46.6,35.8,23.3,42.8,40.7,35.6,64.2,20.4,29.8,100.0,100.0,100.0,100.0,99.4,100.0,100.0,100.0,0.0,0.0,0.0,0.0,0.0,1.2,0.0,0.0,1.8,0.0,0.0,0.0,0.0,0.0,0.0,0.0,0.0,0.0,0.0,0.0,0.0,0.0,3.0,3.6,0.6,0.0,0.0,0.0,0.0,0.0,0.0,0.0,0.0,0.0,0.0,0.0,0.0,0.0,0.0,0.0,0.0,0.0,0.0,0.0,0.0,0.0,0.0,0.0,0.0,0.0,0.0,0.0,0.0,0.0,0.0,0.0,0.0,0.0,0.0,0.0,0.0,0.0,0.0,0.0,0.0,0.0,0.0,0.0,0.0,0.6,0.0,0.0,0.0,0.0,0.0,0.0,0.0,0.0,0.0,0.0,0.0,0.0,0.0,0.6,0.0,0.6,0.0,0.0,0.0,0.0,0.0,0.0,0.0,0.0,0.0,0.0,0.0,0.0,0.0,0.0,0.0,0.0,0.0,0.0,0.0,0.0,0.0,0.0,0.0,0.0,0.0,0.0,0.0,0.0,0.0,0.0,0.0,0.0,0.0,0.0,0.0,0.0,0.0,0.0,0.0,0.0,0.0,0.0,0.0,0.0,0.0,0.0,0.0,0.0,0.0,0.0,0.0,0.0,0.0,0.0,0.0,0.0,0.0,0.0,0.0,0.0,0.0,0.0,0.0,0.0,0.0,0.0,0.0,0.0,0.0,0.0,0.0,0.0,0.0,0.0,0.0,0.0,0.0,0.0,0.0,0.0,0.0,0.0,0.0,0.0,0.0,0.0,0.0,0.0,0.0,0.0,0.0,0.0,0.0",6.5,67136.6484375,964729.671875,8689.7861328125,167817.58251953125,42.5361328125
1791409116.8641891,individual_n8_vmnos256_r1:confirmation,8.2,"12.4,5.6,18.2,12.7,10.1,9.1,6.4,41.1,18.0,15.9,8.9,9.9,12.0,14.4,15.6,39.4,13.3,28.6,29.8,16.7,46.0,22.3,42.5,9.3,11.6,30.4,12.9,58.8,12.2,29.8,19.0,52.6,61.5,56.0,15.0,8.3,15.0,12.4,9.8,33.9,44.6,27.9,6.2,9.0,50.9,7.1,12.3,7.1,42.0,43.6,8.0,6.4,11.9,24.1,5.5,8.1,31.0,4.5,6.1,5.2,21.6,36.0,2.7,16.8,22.8,14.9,30.1,11.4,100.0,99.1,99.1,99.1,100.0,100.0,100.0,99.1,0.0,0.0,0.0,0.0,0.0,0.9,0.0,0.0,0.9,0.0,0.0,0.0,0.0,0.0,0.0,0.0,0.0,0.0,0.0,0.0,0.0,0.0,1.7,1.7,0.9,0.9,0.0,0.0,0.0,0.0,0.0,0.0,0.0,0.0,0.0,0.0,0.0,0.0,0.0,0.0,0.0,0.0,0.0,0.0,0.0,0.0,0.0,0.0,0.0,0.0,0.0,0.0,0.0,0.0,0.0,0.0,0.0,0.0,0.0,0.0,0.0,0.0,0.0,0.0,0.0,0.0,0.0,0.0,0.0,0.0,0.0,0.0,0.0,0.0,0.0,0.0,0.0,0.0,0.0,0.0,0.0,0.0,0.0,0.0,0.9,0.0,0.0,0.0,0.0,0.0,0.0,0.0,0.0,0.0,0.0,0.0,0.0,0.0,0.0,0.0,0.0,0.0,0.0,0.0,0.0,0.0,0.0,0.0,0.0,0.0,0.0,0.0,0.0,0.0,0.0,0.0,0.0,0.0,0.0,0.0,0.0,0.0,0.0,0.0,0.0,0.0,0.0,0.0,0.0,0.0,0.0,0.0,0.0,0.0,0.0,0.0,0.0,0.0,0.0,0.0,0.0,0.0,0.0,0.0,0.0,0.0,0.0,0.0,0.0,0.0,0.0,0.0,0.0,0.0,0.0,0.0,0.0,0.0,0.0,0.0,0.0,0.0,0.0,0.0,0.0,0.0,0.0,0.0,0.0,0.0,0.0,0.0,0.0,0.0,0.0,0.0,0.0,0.0,0.0",6.5,67584.83984375,964281.48046875,8689.7861328125,167817.58251953125,42.5361328125
1791409118.8433442,individual_n8_vmnos256_r1:confirmation,12.1,"19.1,24.6,55.4,27.1,27.9,21.7,38.3,21.2,48.1,45.4,25.7,26.1,30.9,39.5,31.0,33.0,13.6,42.6,31.5,35.9,32.2,21.3,15.6,34.4,42.6,32.8,25.7,34.6,21.7,31.5,62.0,65.8,67.4,19.6,37.8,18.7,27.2,14.2,34.3,27.7,51.4,21.5,47.3,30.9,14.0,41.5,35.4,36.3,25.3,32.0,54.4,26.8,17.8,32.2,33.5,18.1,16.9,26.5,38.3,24.7,41.0,28.3,34.8,38.1,48.1,44.6,51.4,50.5,100.0,100.0,99.5,99.5,100.0,100.0,100.0,100.0,0.0,0.0,0.0,0.0,0.0,0.0,0.0,0.0,0.6,0.0,0.0,0.0,0.0,0.0,0.0,0.0,0.0,0.0,0.0,0.0,0.0,0.0,14.9,3.7,3.7,3.7,0.0,0.0,0.0,0.0,0.0,0.0,0.0,0.0,0.0,0.0,0.0,0.0,0.0,0.0,0.0,0.0,0.0,0.0,0.0,0.0,0.0,0.0,0.0,0.0,0.0,0.0,0.0,0.0,0.0,0.0,0.0,0.0,0.0,0.0,0.0,0.0,0.0,0.0,0.0,0.0,0.0,0.0,0.0,0.0,0.0,0.0,0.0,0.0,0.0,0.0,0.0,0.0,0.5,0.0,0.0,0.0,0.0,0.0,0.0,0.0,0.0,0.0,0.0,0.0,0.0,0.0,0.0,0.0,0.0,0.0,0.0,0.0,0.0,0.0,0.0,0.0,0.0,0.0,0.0,0.0,0.0,0.0,0.0,0.0,0.0,0.0,0.0,0.0,0.0,0.0,0.0,0.0,0.0,0.0,0.0,0.0,0.0,0.0,0.0,0.0,0.0,0.0,0.0,0.0,0.0,0.0,0.0,0.0,0.0,0.0,0.0,0.0,0.0,0.0,0.0,0.0,0.0,0.0,0.0,0.0,0.0,0.0,0.0,0.0,0.0,0.0,0.0,0.0,0.0,0.0,0.0,0.0,0.0,0.0,0.0,0.0,0.0,0.0,0.0,0.0,0.0,0.0,0.0,0.0,0.0,0.0,0.0,0.0,0.0,0.0,0.0,0.0,0.0",6.6,67691.421875,964174.8984375,8689.7861328125,167827.47314453125,42.5361328125
1791409120.53528,individual_n8_vmnos256_r1:confirmation,12.1,"41.0,46.7,47.0,36.4,35.5,35.3,50.3,18.8,28.7,30.9,22.1,22.7,18.2,51.5,22.2,23.8,42.7,13.5,25.2,41.1,24.1,20.6,13.8,52.4,22.3,16.3,19.6,22.0,12.2,35.4,56.1,80.3,69.8,73.3,61.8,39.6,56.5,22.1,29.9,27.0,37.0,23.9,19.4,22.0,18.9,18.3,20.7,29.0,28.5,20.4,36.2,16.6,50.9,42.9,31.5,44.6,37.7,29.4,22.1,24.5,19.3,35.5,22.0,42.7,56.3,70.6,64.7,45.8,99.4,100.0,98.8,98.3,100.0,100.0,100.0,99.4,0.0,0.0,0.0,0.0,0.0,1.2,0.0,0.0,1.2,0.0,0.0,0.0,0.0,0.0,0.0,0.0,0.0,0.0,0.0,0.0,0.0,0.0,1.2,6.4,6.9,6.4,0.0,0.0,0.0,0.0,0.0,0.0,0.0,0.0,0.0,0.0,0.0,0.0,0.0,0.0,0.0,0.0,0.0,0.0,0.0,0.0,0.0,0.0,0.0,0.0,0.0,0.0,0.0,0.0,0.0,0.0,0.0,0.0,0.0,0.0,0.0,0.0,0.0,0.0,0.0,0.0,0.0,0.0,0.0,0.0,0.0,0.0,0.0,0.0,0.0,0.0,0.0,0.0,0.0,0.0,0.0,0.0,0.0,1.7,0.0,0.0,0.0,0.0,0.0,0.0,0.0,0.0,0.0,0.0,0.0,0.0,0.0,0.0,0.0,0.0,0.0,0.0,0.0,0.0,0.0,0.0,0.0,0.0,0.0,0.0,0.0,0.0,0.0,0.0,0.0,0.0,0.0,0.0,0.0,0.0,0.0,0.0,0.0,0.0,0.0,0.0,0.0,0.0,0.0,0.0,0.0,0.0,0.0,0.0,0.0,0.0,0.0,0.0,0.0,0.0,0.0,0.0,0.0,0.0,0.0,0.0,0.0,0.0,0.0,0.0,0.0,0.0,0.0,0.0,0.0,0.0,0.0,0.0,0.0,0.0,0.0,0.0,0.0,0.0,0.0,0.0,0.0,0.0,0.0,0.0,0.0,0.0,0.0,0.0,0.0,0.0,0.0,0.0,0.0",6.5,67524.54296875,964341.77734375,8689.7861328125,167827.47314453125,43.45458984375
1791409121.6542609,individual_n8_vmnos256_r1:confirmation,8.8,"8.3,5.9,18.3,32.4,28.0,18.1,7.9,7.8,4.8,11.3,7.7,33.3,10.9,42.9,10.4,29.8,1.9,10.8,40.0,16.5,11.4,11.3,21.7,16.7,3.0,31.1,7.8,6.8,7.5,6.6,74.1,76.1,9.2,99.1,1.9,14.0,40.2,4.8,6.7,7.5,17.3,82.4,9.4,4.8,18.3,29.0,5.6,18.1,38.9,23.5,34.6,21.2,38.6,19.0,27.6,15.1,8.4,38.1,6.7,21.7,27.9,9.8,27.4,29.4,66.1,40.0,4.7,39.8,100.0,100.0,100.0,100.0,100.0,100.0,100.0,100.0,0.0,0.0,0.0,0.0,0.0,0.0,0.0,0.0,2.8,0.0,0.0,0.0,0.0,0.0,0.0,0.0,0.0,0.0,0.0,0.0,0.0,0.0,0.0,0.0,0.0,0.0,0.0,0.0,0.0,0.0,0.0,0.0,0.0,0.0,0.0,0.0,0.0,0.0,0.0,0.0,0.0,0.0,0.0,0.0,0.0,0.0,0.0,0.0,0.0,0.0,0.0,0.0,0.0,0.0,0.0,0.0,0.0,0.0,0.0,0.0,0.0,0.0,0.0,0.0,0.0,0.0,0.0,0.0,0.0,0.0,0.0,0.0,0.0,0.0,0.0,0.0,0.0,0.0,0.0,0.0,0.0,0.0,0.0,1.9,0.0,0.0,0.0,0.0,0.0,0.0,0.0,0.0,0.0,0.0,0.0,0.0,0.0,0.0,0.0,0.0,0.0,0.0,0.0,0.0,0.0,0.0,0.0,0.0,0.0,0.0,0.0,0.0,0.0,0.0,0.0,0.0,0.0,0.0,0.0,0.0,0.0,0.0,0.0,0.0,0.0,0.0,0.0,0.0,0.0,0.0,0.0,0.0,0.0,0.0,0.0,0.0,0.0,0.0,0.0,0.0,0.0,0.0,0.0,0.0,0.0,0.0,0.0,0.0,0.0,0.0,0.0,0.0,0.0,0.0,0.0,0.0,0.0,0.0,0.0,0.0,0.0,0.0,0.0,0.0,0.0,0.0,0.0,0.0,0.0,0.0,0.0,0.0,0.0,0.0,0.0,0.0,0.0,0.0,0.0",6.6,67878.98046875,963987.33984375,8689.7861328125,167827.47314453125,43.45458984375
1791409122.9783905,individual_n8_vmnos256_r1:confirmation,12.3,"18.8,36.5,36.8,10.7,14.5,12.2,14.4,36.8,25.5,16.4,39.2,23.4,17.0,37.7,30.1,32.9,12.5,22.6,16.6,30.7,32.3,36.0,29.6,20.5,37.6,13.2,12.8,20.5,25.8,11.8,6.2,45.7,73.8,46.9,44.0,53.5,48.4,29.2,41.5,40.3,29.7,20.6,18.5,31.4,41.5,31.2,27.4,19.0,19.9,19.5,26.3,15.6,25.6,34.6,20.6,50.3,30.8,32.7,27.6,25.8,26.6,16.4,19.9,30.1,47.8,42.0,24.5,53.7,99.4,100.0,100.0,100.0,100.0,100.0,100.0,100.0,0.0,0.0,0.0,0.0,0.0,0.0,0.0,0.0,0.0,0.0,0.0,0.0,0.0,0.0,0.0,0.0,0.0,0.0,0.0,0.0,0.0,0.0,4.9,3.7,85.3,3.6,0.0,0.0,0.0,0.0,0.0,0.0,0.0,0.0,0.0,0.0,0.0,0.0,0.0,0.0,0.0,0.0,0.0,0.0,0.0,0.0,0.0,0.0,0.0,0.0,0.0,0.0,0.0,0.0,0.0,0.0,0.0,0.0,0.0,0.0,0.0,0.0,0.0,0.0,0.0,0.0,0.0,0.0,0.0,0.0,0.0,0.0,0.0,0.0,0.0,0.0,0.0,0.0,0.0,0.0,0.0,0.0,0.0,0.0,0.0,0.0,0.0,0.0,0.0,0.0,0.0,0.0,0.0,0.0,0.0,0.0,0.0,0.0,0.0,0.0,0.0,0.0,0.0,0.0,0.0,0.0,0.0,0.0,0.0,0.0,0.0,0.0,0.0,0.0,0.0,0.0,0.0,0.0,0.0,0.0,0.0,0.0,0.0,0.0,0.0,0.0,0.0,0.0,0.0,0.0,0.0,0.0,0.0,0.0,0.0,0.0,0.0,0.0,0.0,0.0,0.0,0.0,0.0,0.0,0.0,0.0,0.0,0.0,0.0,0.0,0.0,0.0,0.0,0.0,0.0,0.0,0.0,0.0,0.0,0.0,0.0,0.0,0.0,0.0,0.0,0.0,0.0,0.6,0.0,0.0,0.0,0.0,0.0,0.0,0.0,0.0,0.0,0.0,0.0",6.5,67001.734375,964864.5859375,8689.7861328125,167836.84033203125,43.45458984375
1791409124.754357,individual_n8_vmnos256_r1:confirmation,9.8,"38.2,31.1,12.2,20.9,37.1,12.3,20.3,13.7,44.6,21.2,11.4,19.1,27.0,27.8,13.2,12.8,25.4,29.0,37.4,24.1,15.0,26.0,13.5,29.2,37.9,24.2,9.2,8.6,51.5,12.3,56.5,28.9,10.1,63.8,48.9,48.1,23.3,8.5,61.7,15.4,24.1,5.4,15.9,8.3,12.4,10.8,27.5,10.1,10.8,59.3,52.2,48.9,20.8,30.1,31.1,36.5,42.1,13.1,13.4,17.3,21.4,11.6,8.7,13.2,63.0,38.4,59.9,36.8,100.0,99.3,100.0,100.0,100.0,100.0,100.0,99.3,0.0,0.0,0.0,0.0,0.0,0.0,0.0,0.0,0.7,0.0,0.0,0.0,0.0,0.0,0.0,0.0,0.0,0.0,0.0,0.0,0.0,0.0,0.7,0.7,99.3,0.7,0.0,0.0,0.0,0.0,0.0,0.0,0.0,0.0,0.0,0.0,0.0,0.0,0.0,0.0,0.0,0.0,0.0,0.0,0.0,0.0,0.0,0.0,0.0,0.0,0.0,0.0,0.0,0.0,0.0,0.0,0.0,0.0,0.0,0.0,0.0,0.0,0.0,0.0,0.0,0.0,0.0,0.0,0.0,0.0,0.0,0.0,0.0,0.0,0.0,0.0,0.0,0.0,0.0,0.0,0.0,0.0,0.0,1.4,0.0,0.0,0.0,0.0,0.0,0.0,0.0,0.0,0.0,0.0,0.0,0.0,0.0,0.0,0.0,0.0,0.0,0.0,0.0,0.0,0.0,0.0,0.0,0.0,0.0,0.0,0.0,0.0,0.0,0.0,0.0,0.0,0.0,0.0,0.0,0.0,0.0,0.0,0.0,0.0,0.0,0.0,0.0,0.0,0.0,0.0,0.0,0.0,0.0,0.0,0.0,0.0,0.0,0.0,0.0,0.0,0.0,0.0,0.0,0.0,0.0,0.0,0.0,0.0,0.0,0.0,0.0,0.0,0.0,0.0,0.0,0.0,0.0,0.0,0.0,0.0,0.0,0.0,0.0,0.0,0.0,0.0,0.0,0.0,0.0,0.0,0.0,0.0,0.0,0.0,0.0,0.0,0.0,0.0,0.0",6.5,66750.7265625,965115.59375,8689.7861328125,167836.84033203125,43.45458984375
1791409125.858131,individual_n8_vmnos256_r1:confirmation,9.5,"14.8,26.3,10.4,27.0,30.5,12.3,15.0,17.9,21.8,19.0,15.5,28.8,14.7,27.9,37.5,19.7,28.6,22.9,36.1,16.3,11.5,11.2,26.9,38.3,5.1,9.3,8.8,12.3,12.1,9.8,23.0,6.6,97.6,30.2,19.5,13.3,37.4,21.5,36.8,12.6,23.1,15.8,17.6,18.6,6.8,47.9,33.3,44.1,11.2,10.3,7.0,39.3,9.7,11.0,41.5,10.2,22.4,16.8,16.8,23.9,23.9,17.7,16.5,14.7,37.9,37.7,19.0,31.5,100.0,100.0,100.0,100.0,100.0,100.0,100.0,99.2,0.0,0.0,0.0,0.0,0.0,0.8,0.0,0.0,0.0,0.0,0.0,0.0,0.0,0.0,0.0,0.0,0.0,0.0,0.0,0.0,0.0,0.0,4.8,4.8,100.0,4.0,0.0,0.0,0.0,0.0,0.0,0.0,0.0,0.0,0.0,0.0,0.0,0.0,0.0,0.0,0.0,0.0,0.0,0.0,0.0,0.0,0.0,0.0,0.0,0.0,0.0,0.0,0.0,0.0,0.0,0.0,0.0,0.0,0.0,0.0,0.0,0.0,0.0,0.0,0.0,0.0,0.0,0.0,0.0,0.0,0.0,0.0,0.0,0.0,0.0,0.0,0.0,0.0,0.0,0.0,0.0,0.0,0.0,0.8,0.0,0.0,0.0,0.0,0.0,0.0,0.0,0.0,0.0,0.0,0.0,0.0,0.0,0.0,0.0,0.0,0.0,0.0,0.0,0.0,0.0,0.0,0.0,0.0,0.0,0.0,0.0,0.0,0.0,0.0,0.0,0.0,0.0,0.0,0.0,0.0,0.0,0.0,0.0,0.0,0.0,0.0,0.0,0.0,0.0,0.0,0.0,0.0,0.0,0.0,0.0,0.0,0.0,0.0,0.0,0.0,0.0,0.0,0.0,0.0,0.0,0.0,0.0,0.0,0.0,0.0,0.0,0.0,0.0,0.0,0.0,0.0,0.0,0.0,0.0,0.0,0.0,0.0,0.0,0.0,0.0,0.0,0.0,0.0,0.0,0.0,0.0,0.0,0.0,0.0,0.0,0.0,0.0,0.0,0.0",6.5,67442.98828125,964423.33203125,8689.7861328125,167836.84033203125,45.66064453125
1791409127.6349885,individual_n8_vmnos256_r1:confirmation,12.2,"40.1,12.1,16.4,26.7,22.9,16.2,35.4,21.5,28.7,19.1,16.9,57.6,44.8,37.2,24.4,25.0,29.1,38.4,37.0,56.4,24.6,17.0,36.3,28.8,23.5,36.0,20.5,37.4,29.3,30.4,37.2,34.1,49.7,40.5,21.1,26.2,14.0,10.2,44.6,16.6,40.5,34.5,45.2,27.1,26.3,19.3,23.8,38.6,40.8,34.5,43.7,53.6,32.6,35.9,27.4,43.7,26.8,19.5,26.5,22.0,37.3,46.4,32.3,36.2,71.3,58.6,69.8,42.7,100.0,100.0,99.4,100.0,100.0,100.0,100.0,100.0,0.0,0.0,0.0,0.0,0.0,0.6,0.0,0.0,0.0,0.0,0.0,0.0,0.0,0.0,0.0,0.0,0.0,0.0,0.0,0.0,0.0,0.0,2.3,2.3,98.9,2.3,0.0,0.0,0.0,0.0,0.0,0.0,0.0,0.0,0.0,0.0,0.0,0.0,0.0,0.0,0.0,0.0,0.0,0.0,0.0,0.0,0.0,0.0,0.0,0.0,0.0,0.0,0.0,0.0,0.0,0.0,0.0,0.0,0.0,0.0,0.0,0.0,0.0,0.0,0.0,0.0,0.0,0.0,0.0,0.0,0.0,0.0,0.0,0.0,0.0,0.0,0.0,0.0,0.0,0.0,0.0,0.0,0.0,0.0,0.0,0.0,0.0,0.0,0.0,0.0,0.0,0.0,0.0,0.0,0.0,0.0,0.0,0.0,0.0,0.0,0.6,0.0,0.6,0.0,0.0,0.0,0.0,0.0,0.0,0.0,0.0,0.0,0.0,0.0,0.0,0.0,0.0,0.0,0.0,0.0,0.0,0.0,0.0,0.0,0.0,0.0,0.0,0.0,0.0,0.0,0.0,0.0,0.0,0.0,0.0,0.0,0.0,0.0,0.0,0.0,0.0,0.0,0.0,0.0,0.0,0.0,0.0,0.0,0.0,0.0,0.0,0.0,0.0,0.0,0.0,0.0,0.0,0.0,0.0,0.0,0.0,0.0,0.0,0.0,0.0,0.0,0.0,0.0,0.0,0.0,0.0,0.0,0.0,0.0,0.0,0.0,0.0,0.0,0.0",6.5,66837.98046875,965028.33984375,8689.7861328125,167848.42626953125,45.66064453125
1791409129.1150675,individual_n8_vmnos256_r1:confirmation,9.7,"11.4,28.7,12.4,14.4,29.5,17.2,17.9,21.9,22.7,19.9,15.5,46.7,15.4,22.7,15.3,14.8,39.5,19.3,17.8,16.9,21.9,13.7,37.8,30.3,6.5,10.6,6.4,20.5,49.7,17.4,46.2,44.4,0.6,56.3,33.8,37.0,12.4,31.4,11.2,12.6,12.6,15.4,32.5,15.3,13.5,25.3,8.8,29.1,36.2,36.8,42.2,27.1,13.4,33.6,37.3,19.2,40.8,27.7,28.3,57.3,33.5,13.0,21.6,10.0,31.0,31.2,30.1,32.1,100.0,100.0,100.0,100.0,100.0,100.0,100.0,100.0,0.0,0.0,0.0,0.0,0.0,0.0,0.0,0.0,0.0,0.0,0.0,0.0,0.0,0.0,0.0,0.0,0.0,0.0,0.0,0.0,0.0,0.0,17.6,0.0,99.4,2.5,0.0,0.0,0.0,0.0,0.0,0.0,0.0,0.0,0.0,0.0,0.0,0.0,0.0,0.0,0.0,0.0,0.0,0.0,0.0,0.0,0.0,0.0,0.0,0.0,0.0,0.0,0.0,0.0,0.0,0.0,0.0,0.0,0.0,0.0,0.0,0.0,0.0,0.0,0.0,0.0,0.0,0.0,0.0,0.0,0.0,0.0,0.0,0.0,0.0,0.0,0.0,0.0,0.0,0.0,0.0,0.0,0.6,0.0,0.0,0.0,0.0,0.0,0.0,0.0,0.0,0.0,0.0,0.0,0.0,0.0,0.0,0.0,0.0,0.0,0.0,0.0,0.0,0.0,0.0,0.0,0.0,0.0,0.0,0.0,0.0,0.0,0.0,0.0,0.0,0.0,0.0,0.0,0.0,0.0,0.0,0.0,0.0,0.0,0.0,0.0,0.0,0.0,0.0,0.0,0.0,0.0,0.0,0.0,0.0,0.0,0.0,0.0,0.0,0.0,0.0,0.0,0.0,0.0,0.0,0.0,0.0,0.0,0.0,0.0,0.0,0.0,0.0,0.0,0.0,0.0,0.0,0.0,0.0,0.0,0.0,0.0,0.0,0.0,0.0,0.0,0.0,0.0,0.0,0.0,0.0,0.0,0.0,0.0,0.0,0.0,0.0,0.0,0.0",6.5,67036.3046875,964830.015625,8689.7861328125,167848.74267578125,45.66064453125
1791409130.7678328,individual_n8_vmnos256_r1:confirmation,9.6,"27.7,11.9,34.3,48.1,35.6,24.2,29.0,21.3,14.1,16.1,18.2,11.3,13.8,35.1,15.4,27.3,16.2,16.4,6.7,9.0,26.0,22.3,29.9,26.1,7.5,14.2,13.4,9.8,12.1,61.5,7.1,0.7,0.7,25.2,26.1,8.9,21.1,29.1,51.4,27.4,12.0,10.8,12.6,13.0,21.4,21.1,24.1,38.3,13.4,30.0,33.8,14.4,45.6,26.7,43.0,27.0,24.8,11.2,15.0,7.5,14.2,15.2,20.3,15.4,18.4,6.6,8.1,9.5,100.0,100.0,99.3,100.0,100.0,99.3,99.3,99.3,0.0,0.0,0.0,0.0,0.0,0.7,0.7,0.0,0.7,0.0,0.0,0.0,0.0,0.0,0.0,0.0,0.0,0.0,0.0,0.0,0.0,0.0,100.0,0.7,100.0,0.7,0.0,0.0,0.0,0.0,0.0,0.0,0.0,0.0,0.0,0.0,0.0,0.0,0.0,0.0,0.0,0.0,0.0,0.0,0.0,0.0,0.0,0.0,0.0,0.0,0.0,0.0,0.0,0.0,0.0,0.0,0.0,0.0,0.0,0.0,0.0,0.0,0.0,0.0,6.4,0.0,0.0,0.0,0.0,0.0,0.0,0.0,0.0,0.0,0.0,0.0,0.0,0.0,0.0,0.0,0.0,0.0,0.0,0.7,0.0,0.0,0.0,0.0,0.0,0.0,0.0,0.0,0.0,0.0,0.0,0.0,0.0,0.0,0.0,0.0,0.0,0.0,0.0,0.0,0.0,0.0,0.0,0.0,0.0,0.0,0.0,0.0,0.0,0.0,0.0,0.0,0.0,0.0,0.0,0.0,0.0,0.0,0.0,0.0,0.0,0.0,0.0,0.0,0.0,0.0,0.0,0.0,0.0,0.0,0.0,0.0,0.0,0.0,0.0,0.0,0.0,0.0,0.0,0.0,0.0,0.0,0.0,0.0,0.0,0.0,0.0,0.0,0.0,0.0,0.0,0.0,0.0,0.0,0.0,0.0,0.0,0.0,0.0,0.0,0.0,0.0,0.0,0.0,0.0,0.0,0.0,0.7,0.0,0.0,0.0,0.0,0.0,0.0,0.0",6.5,67498.25,964368.0703125,8689.7861328125,167848.74267578125,44.646484375
1791409131.79663,individual_n8_vmnos256_r1:confirmation,11.9,"50.5,24.0,72.9,25.5,53.3,15.2,8.5,16.0,57.0,7.8,10.9,31.4,19.8,52.9,18.3,37.1,57.7,61.0,24.1,50.5,33.3,26.0,23.8,20.8,22.1,61.1,61.7,49.1,47.7,63.2,0.0,0.0,0.0,0.0,21.5,13.0,35.4,17.0,24.2,35.9,15.1,31.1,76.6,19.8,11.3,7.8,10.5,44.2,53.3,44.9,5.7,52.8,28.6,53.8,38.0,24.0,26.7,10.7,9.8,21.5,8.9,9.7,16.2,58.3,35.6,34.3,39.8,39.6,100.0,100.0,100.0,100.0,100.0,100.0,100.0,100.0,0.0,0.0,0.0,0.0,0.0,1.9,0.0,0.0,0.9,0.0,0.0,0.0,0.0,0.0,0.0,0.0,0.0,0.0,0.0,0.0,0.0,0.0,100.0,0.0,100.0,0.0,0.0,0.0,0.0,0.0,0.0,0.0,0.0,0.0,0.0,0.0,0.0,0.0,0.0,0.0,0.0,0.0,0.0,0.0,0.0,0.0,0.0,0.0,0.0,0.0,0.0,0.0,0.0,0.0,0.0,0.0,0.0,0.0,0.0,0.0,0.0,0.0,0.0,0.0,0.0,0.0,0.0,0.0,0.0,0.0,0.0,0.0,0.0,0.0,0.0,0.0,0.0,0.0,0.0,0.0,0.0,0.0,0.0,0.0,0.0,0.0,0.0,0.0,0.0,0.0,0.0,0.0,0.0,0.0,0.0,0.0,0.0,0.0,0.0,0.0,0.0,0.0,0.0,0.0,0.0,0.0,0.0,0.0,0.0,0.0,0.0,0.0,0.0,0.0,0.0,0.0,0.0,0.0,0.0,0.0,0.0,0.0,0.0,0.0,0.0,0.0,0.0,0.0,0.0,0.0,0.0,0.0,0.0,0.0,0.0,0.0,0.0,0.0,0.0,0.0,0.0,0.0,0.0,0.0,0.0,0.0,0.0,0.0,0.0,0.0,0.0,0.0,0.0,0.0,0.0,0.0,0.0,0.0,0.0,0.0,0.0,0.0,0.0,0.0,0.0,0.0,0.0,0.0,0.0,0.0,0.0,0.0,0.0,0.0,0.0,0.0,0.0,0.0,0.0",6.6,67836.65625,964029.6640625,8689.7861328125,167848.74267578125,44.646484375
1791409133.365568,individual_n8_vmnos256_r1:confirmation,9.5,"26.1,4.9,17.4,22.4,22.4,16.3,4.8,8.1,23.3,50.7,33.6,61.3,9.5,19.7,8.8,49.0,5.7,37.1,40.7,40.8,11.5,35.2,26.1,37.0,61.3,26.5,6.9,11.8,15.8,25.3,2.0,13.2,0.0,8.4,15.4,33.8,32.4,13.1,38.5,33.3,20.9,25.3,34.8,19.7,17.9,29.6,31.4,24.3,11.7,16.2,30.8,16.1,14.8,12.8,12.0,14.4,43.4,6.4,13.0,18.8,42.0,19.2,8.6,12.4,29.4,22.1,4.8,8.8,100.0,100.0,100.0,100.0,100.0,100.0,100.0,99.3,0.0,0.0,0.0,0.6,0.0,0.0,0.0,0.0,1.3,0.0,0.0,0.0,0.0,0.0,0.0,0.0,0.0,0.0,0.0,0.0,0.0,0.0,56.3,1.3,99.4,1.9,0.0,0.0,0.0,0.0,0.0,0.0,0.0,0.0,0.0,0.0,0.0,0.0,0.0,0.0,0.6,0.0,0.0,0.0,0.0,0.0,0.0,0.0,0.0,0.0,0.0,0.0,0.0,0.0,0.0,0.0,0.0,0.0,0.0,0.0,0.0,0.0,0.0,0.0,0.0,0.0,0.0,0.0,0.0,0.0,0.0,0.0,0.0,0.0,0.0,0.0,0.0,0.0,0.0,0.0,0.0,0.0,0.0,0.7,0.0,0.0,0.0,0.0,0.0,0.0,0.0,0.0,0.0,0.0,0.0,0.0,0.0,0.0,0.0,0.0,0.0,0.0,0.0,0.0,0.0,0.0,0.0,0.0,0.0,0.0,0.0,0.0,0.0,0.0,0.0,0.0,0.0,0.0,0.0,0.0,0.0,0.0,0.0,0.0,0.0,0.0,0.0,0.0,0.0,0.0,0.0,0.0,0.0,0.0,0.0,0.0,0.0,0.0,0.0,0.0,0.0,0.0,0.0,0.0,0.0,0.0,0.0,0.0,0.0,0.0,0.0,0.0,0.0,0.0,0.0,0.0,0.0,0.0,0.0,0.0,0.0,0.0,0.0,0.0,0.0,0.0,0.0,0.0,0.0,0.0,0.0,0.0,0.0,0.0,0.0,0.0,0.0,0.0,0.0",6.5,67075.7578125,964790.5625,8689.7861328125,167857.88720703125,44.646484375
1791409134.5746005,individual_n8_vmnos256_r1:confirmation,11.1,"8.2,23.2,41.1,21.3,51.1,15.3,8.1,9.4,11.6,15.9,11.8,14.7,40.0,14.2,45.3,10.2,32.4,34.3,29.4,33.6,24.6,14.0,21.6,45.1,34.8,34.5,18.7,24.1,59.9,20.1,0.0,8.2,0.0,17.4,14.6,44.7,37.8,37.7,43.2,41.8,8.8,14.3,58.6,26.7,11.9,21.6,30.9,58.7,40.1,12.6,42.1,20.0,37.7,48.1,23.1,24.8,14.3,19.0,27.2,33.1,21.9,65.5,18.9,33.6,14.6,26.1,49.6,18.9,99.3,100.0,100.0,100.0,100.0,100.0,100.0,100.0,0.0,0.0,0.0,0.0,0.0,0.0,0.0,0.0,1.4,0.0,0.0,0.0,0.0,0.0,0.0,0.0,0.0,0.0,0.0,0.0,0.0,0.0,0.0,0.0,100.0,0.0,0.0,0.0,0.0,0.0,0.0,0.0,0.0,0.0,0.0,0.0,0.0,0.0,0.0,0.0,0.0,0.0,0.0,0.0,0.0,0.0,0.0,0.0,0.0,0.0,0.0,0.0,0.0,0.0,0.0,0.0,0.0,0.0,0.0,0.0,0.0,0.0,0.0,0.0,0.0,0.0,0.0,0.0,0.0,0.0,0.0,0.0,0.0,0.0,0.0,0.0,0.0,0.0,0.0,0.0,0.0,0.0,0.0,0.0,0.0,0.0,0.0,0.0,0.0,0.0,0.0,0.0,0.0,0.0,0.0,0.0,0.0,0.0,0.0,0.0,0.0,0.0,0.0,0.0,0.0,0.0,0.0,0.0,0.0,0.0,0.0,0.0,0.0,0.0,0.0,0.0,0.0,0.0,0.0,0.0,0.0,0.0,0.0,0.0,0.0,0.0,0.0,0.0,0.0,0.0,0.0,0.0,0.0,0.0,0.0,0.0,0.0,0.0,0.0,0.0,0.0,0.0,0.0,0.0,0.0,0.0,0.0,0.0,0.0,0.0,0.0,0.0,0.0,0.0,0.0,0.0,0.0,0.0,0.0,0.0,0.0,0.0,0.0,0.0,0.0,0.0,0.0,0.0,0.0,0.0,0.0,0.0,0.0,0.0,0.0,0.0,0.0,0.0,0.0",6.5,67347.7265625,964518.59375,8689.7861328125,167857.88720703125,44.646484375
1791409136.1370275,individual_n8_vmnos256_r1:confirmation,8.4,"41.6,17.6,18.5,29.0,34.9,12.7,13.0,6.7,8.7,9.3,8.1,12.7,10.2,15.8,43.6,11.9,8.9,62.7,32.3,14.6,19.3,45.6,30.5,14.7,21.1,14.3,18.8,21.7,21.8,24.6,0.6,0.0,0.0,0.0,25.0,19.9,48.5,26.3,27.7,8.7,6.1,29.2,28.3,32.9,13.0,45.2,12.3,22.0,29.5,9.6,12.7,14.4,34.6,26.2,37.3,18.7,31.1,25.7,12.1,12.3,14.1,11.1,11.2,34.8,13.3,32.9,18.4,43.3,100.0,100.0,100.0,100.0,100.0,100.0,100.0,100.0,0.0,0.0,0.0,0.0,0.0,0.6,0.0,0.0,0.0,0.0,0.0,0.0,0.0,0.0,0.0,0.0,0.0,0.0,0.0,0.0,0.0,0.0,0.0,0.0,100.0,0.0,0.0,0.0,0.0,0.0,0.0,0.0,0.0,0.0,0.0,0.0,0.0,0.0,0.0,0.0,0.0,0.0,0.0,0.0,0.0,0.0,0.0,0.0,0.0,0.0,0.0,0.0,0.0,0.0,0.0,0.0,0.0,0.0,0.0,0.0,0.0,0.0,0.0,0.0,0.0,0.0,0.0,0.0,0.0,0.0,0.0,0.0,0.0,0.0,0.0,0.0,0.0,0.0,0.0,0.0,0.0,0.0,0.0,0.0,0.0,0.0,0.0,0.0,0.0,0.0,0.0,0.0,0.0,0.0,0.0,0.0,0.0,0.0,0.0,0.0,0.0,0.0,0.0,0.0,0.0,0.0,0.0,0.0,0.0,0.0,0.0,0.0,0.0,0.0,0.0,0.0,0.0,0.0,0.0,0.0,0.0,0.0,0.0,0.0,0.0,0.0,0.0,0.0,0.0,0.0,0.0,0.0,0.0,0.0,0.0,0.0,0.0,0.0,0.0,0.0,0.0,0.0,0.0,0.0,0.0,0.0,0.0,0.0,0.0,0.0,0.0,0.0,0.0,0.0,0.0,0.0,0.0,0.0,0.0,0.0,0.0,0.0,0.0,0.0,0.0,0.0,0.0,0.0,0.0,0.0,0.0,0.0,0.0,0.0,0.0,0.0,0.0,0.0,0.0",6.6,67664.69921875,964201.62109375,8689.7861328125,167857.88720703125,42.43212890625
1791409137.725009,individual_n8_vmnos256_r1:confirmation,9.4,"70.1,24.4,11.2,39.5,11.1,43.8,7.0,11.2,24.6,11.5,13.6,20.5,16.2,24.8,14.3,17.7,32.8,16.4,6.8,16.5,6.2,8.5,15.5,14.2,31.1,24.8,35.4,7.9,8.8,37.6,5.0,7.6,0.8,0.8,50.9,14.7,21.6,21.7,35.9,22.0,18.4,26.1,24.1,25.4,11.4,40.5,17.1,14.9,4.3,28.8,7.8,34.7,6.1,17.8,6.0,37.0,45.4,40.5,19.3,12.5,35.7,15.9,20.2,26.3,39.8,15.4,17.6,15.7,100.0,98.3,99.2,100.0,99.2,100.0,93.4,100.0,0.0,0.0,0.0,0.0,0.0,0.0,0.0,0.0,0.0,0.0,0.0,0.0,0.0,0.0,0.0,0.0,0.0,0.0,0.0,0.0,0.0,0.0,0.0,0.8,96.7,0.8,0.0,0.0,0.0,0.0,0.0,0.0,0.0,0.0,0.0,0.0,0.0,0.0,0.0,0.0,0.0,0.0,0.0,0.0,0.0,0.0,0.0,0.0,0.0,0.0,0.0,0.0,0.0,0.0,0.0,0.0,0.0,0.0,0.0,0.0,0.0,0.0,0.0,0.0,0.0,0.0,0.0,0.0,0.0,0.0,0.0,0.0,0.0,0.0,0.0,0.0,0.0,0.0,0.0,0.0,0.0,0.0,0.0,0.8,0.0,0.0,0.0,0.0,0.0,0.0,0.0,0.0,0.0,0.0,0.0,0.0,0.0,0.0,0.0,0.0,0.8,0.0,0.0,0.0,0.0,0.0,0.0,0.0,0.0,0.0,0.0,0.0,0.0,0.0,0.0,0.0,0.0,0.0,0.0,0.0,0.0,0.0,0.0,0.0,0.0,0.0,0.0,0.0,0.0,0.0,0.0,0.0,0.0,0.0,0.0,0.0,0.0,0.0,0.0,0.0,0.0,0.0,0.0,0.0,0.0,0.0,0.0,0.0,0.0,0.0,0.0,0.0,0.0,0.0,0.0,0.0,0.0,0.0,0.0,0.0,0.0,0.0,0.0,0.0,0.0,0.0,0.0,0.0,0.0,0.0,0.0,0.0,0.0,0.0,0.0,0.0,0.0,0.0,0.0",6.5,67245.54296875,964620.77734375,8689.7861328125,167857.88720703125,42.43212890625
1791409139.0141294,individual_n8_vmnos256_r1:confirmation,11.3,"17.9,73.3,12.3,27.7,10.3,14.5,35.5,39.8,40.4,20.7,14.3,36.0,17.0,19.1,27.4,16.9,20.3,36.1,34.7,33.1,30.3,17.8,12.8,14.5,55.0,23.3,45.4,54.9,17.6,54.5,48.4,28.5,0.0,46.7,36.4,56.6,11.1,29.8,13.0,43.7,46.6,15.7,45.0,45.4,52.1,12.8,20.3,38.1,41.0,13.9,16.4,14.7,47.0,18.3,16.7,20.0,18.3,47.1,44.1,58.8,24.4,14.5,15.5,39.0,55.8,56.6,38.5,38.8,100.0,100.0,100.0,98.4,100.0,100.0,100.0,100.0,0.0,0.0,0.0,0.0,0.0,0.8,0.0,0.0,1.8,0.0,0.0,0.0,0.0,0.0,0.0,0.0,0.0,0.0,0.0,0.0,0.0,0.0,16.9,0.8,8.2,0.8,0.0,0.0,0.0,0.0,0.0,0.0,0.0,0.0,0.0,0.0,0.0,0.0,0.0,0.0,0.0,0.0,0.0,0.0,0.0,0.0,0.0,0.0,0.0,0.0,0.0,0.0,0.0,0.0,0.0,0.0,0.0,0.0,0.0,0.0,0.0,0.0,0.0,0.0,0.0,0.0,0.0,0.0,0.0,0.0,0.0,0.0,0.0,0.0,0.0,0.0,0.0,0.0,0.0,0.0,0.0,0.0,0.0,0.8,0.0,0.0,0.0,0.0,0.0,0.0,0.0,0.0,0.0,0.0,0.0,0.0,0.0,0.0,0.0,0.0,0.0,0.0,0.0,0.0,0.0,0.0,0.0,0.0,0.0,0.0,0.0,0.0,0.0,0.0,0.0,0.0,0.0,0.0,0.0,0.0,0.0,0.0,0.0,0.0,0.0,0.0,0.0,0.0,0.0,0.0,0.0,0.0,0.0,0.0,0.0,0.0,0.0,0.0,0.0,0.0,0.0,0.0,0.0,0.0,0.0,0.0,0.0,0.0,0.0,0.0,0.0,0.0,0.0,0.0,0.0,0.0,0.0,0.0,0.0,0.0,0.0,0.0,0.0,0.0,0.0,0.0,0.0,0.0,0.0,0.0,0.0,0.0,0.0,0.0,0.0,0.0,0.0,0.0,0.0",6.5,67040.0859375,964826.234375,8689.7861328125,167866.64501953125,42.43212890625
1791409140.018704,individual_n8_vmnos256_r1:confirmation,8.8,"29.8,23.2,9.6,36.2,26.3,7.6,10.4,6.2,8.1,39.8,11.0,27.0,43.7,34.7,12.2,23.2,6.3,15.6,28.6,21.2,11.3,6.4,26.5,26.3,5.2,29.9,9.0,13.5,8.1,6.2,28.3,4.0,0.0,72.5,10.4,11.3,8.1,12.0,17.5,34.0,16.3,19.1,83.0,9.3,32.3,9.3,48.0,15.6,21.0,12.5,16.7,6.3,20.4,18.6,30.6,9.5,27.6,24.0,35.7,10.4,24.0,41.1,7.1,5.2,46.5,11.5,10.2,31.3,100.0,100.0,100.0,100.0,100.0,99.0,100.0,99.0,0.0,0.0,0.0,0.0,0.0,1.0,0.0,0.0,0.0,0.0,0.0,0.0,0.0,0.0,0.0,0.0,0.0,0.0,0.0,0.0,0.0,0.0,48.5,2.0,2.0,0.0,0.0,0.0,0.0,0.0,0.0,0.0,0.0,0.0,0.0,0.0,0.0,0.0,0.0,0.0,0.0,0.0,0.0,0.0,0.0,0.0,0.0,0.0,0.0,0.0,0.0,0.0,0.0,0.0,0.0,0.0,0.0,0.0,0.0,0.0,0.0,0.0,0.0,0.0,2.0,0.0,0.0,0.0,0.0,0.0,0.0,0.0,0.0,0.0,0.0,0.0,0.0,0.0,0.0,0.0,0.0,0.0,0.0,2.0,0.0,0.0,0.0,0.0,0.0,0.0,0.0,0.0,0.0,0.0,0.0,0.0,0.0,0.0,0.0,0.0,0.0,0.0,0.0,0.0,0.0,0.0,0.0,0.0,0.0,0.0,0.0,0.0,0.0,0.0,0.0,0.0,0.0,0.0,0.0,0.0,0.0,0.0,0.0,0.0,0.0,0.0,0.0,0.0,0.0,0.0,0.0,0.0,0.0,0.0,0.0,0.0,0.0,0.0,0.0,0.0,0.0,0.0,0.0,0.0,0.0,0.0,0.0,0.0,0.0,0.0,0.0,0.0,0.0,0.0,0.0,0.0,0.0,0.0,0.0,0.0,0.0,0.0,0.0,0.0,0.0,0.0,0.0,0.0,0.0,0.0,0.0,0.0,0.0,0.0,0.0,0.0,0.0,0.0,0.0",6.5,67508.80078125,964357.51953125,8689.7861328125,167866.64501953125,42.43212890625
1791409141.023284,individual_n8_vmnos256_r1:confirmation,10.7,"16.5,15.8,64.9,28.9,5.3,13.1,80.6,8.2,45.2,10.6,6.5,7.8,12.5,45.4,46.9,18.6,5.4,7.2,6.3,12.2,39.8,12.2,52.0,17.9,42.3,11.6,17.7,24.2,40.2,5.4,53.5,25.3,1.0,48.0,37.5,22.9,9.4,40.0,9.2,46.4,17.0,53.1,52.1,36.7,24.5,9.6,12.6,46.5,21.4,38.5,70.7,12.6,7.4,10.4,53.5,11.7,11.7,8.7,49.0,35.5,18.5,17.9,19.8,9.9,35.4,46.4,52.9,68.7,100.0,100.0,100.0,100.0,100.0,100.0,100.0,100.0,0.0,0.0,0.0,0.0,0.0,1.0,0.0,0.0,0.0,0.0,0.0,0.0,0.0,0.0,0.0,0.0,0.0,0.0,0.0,0.0,0.0,0.0,99.0,3.0,1.0,2.0,0.0,0.0,0.0,0.0,0.0,0.0,0.0,0.0,0.0,0.0,0.0,0.0,0.0,0.0,0.0,0.0,0.0,0.0,0.0,0.0,0.0,0.0,0.0,0.0,0.0,0.0,0.0,0.0,0.0,0.0,0.0,0.0,0.0,0.0,0.0,0.0,0.0,0.0,0.0,0.0,0.0,0.0,0.0,0.0,0.0,0.0,0.0,0.0,0.0,0.0,0.0,0.0,0.0,0.0,0.0,0.0,0.0,0.0,0.0,0.0,0.0,0.0,0.0,0.0,0.0,0.0,0.0,0.0,0.0,0.0,0.0,0.0,0.0,0.0,0.0,0.0,0.0,0.0,0.0,0.0,0.0,0.0,0.0,0.0,0.0,0.0,0.0,0.0,0.0,0.0,0.0,0.0,0.0,0.0,0.0,0.0,0.0,0.0,0.0,0.0,0.0,0.0,0.0,0.0,0.0,0.0,0.0,0.0,0.0,0.0,0.0,0.0,0.0,0.0,0.0,0.0,0.0,0.0,0.0,0.0,0.0,0.0,0.0,0.0,0.0,0.0,0.0,0.0,0.0,0.0,0.0,0.0,0.0,0.0,0.0,0.0,0.0,0.0,0.0,0.0,0.0,0.0,0.0,0.0,0.0,0.0,0.0,0.0,0.0,0.0,0.0,0.0,0.0",6.5,67260.1796875,964606.140625,8689.7861328125,167866.64501953125,42.47802734375
1791409142.031359,individual_n8_vmnos256_r1:confirmation,7.4,"12.2,7.4,11.3,19.1,12.5,8.6,13.5,13.5,9.6,13.4,11.3,11.2,12.2,9.4,4.3,24.0,20.0,18.7,14.4,16.7,15.6,22.3,22.3,15.1,13.4,20.2,12.2,20.4,15.3,7.1,17.8,28.7,0.0,63.4,19.4,14.0,17.5,14.3,13.3,11.3,35.0,8.8,10.3,8.2,14.1,7.2,13.7,9.4,14.4,13.7,15.6,5.4,17.0,5.4,19.6,23.4,9.6,13.5,9.4,18.1,26.8,10.3,11.7,12.5,17.5,14.0,11.2,16.8,99.0,100.0,100.0,100.0,100.0,100.0,100.0,100.0,0.0,0.0,0.0,0.0,0.0,0.0,0.0,0.0,0.0,0.0,0.0,0.0,0.0,0.0,0.0,0.0,0.0,0.0,0.0,0.0,0.0,0.0,67.6,0.0,0.0,0.0,0.0,0.0,0.0,0.0,0.0,0.0,0.0,0.0,0.0,0.0,0.0,0.0,0.0,0.0,0.0,0.0,0.0,0.0,0.0,0.0,0.0,0.0,0.0,0.0,0.0,0.0,0.0,0.0,0.0,0.0,0.0,0.0,0.0,0.0,0.0,0.0,0.0,0.0,0.0,0.0,0.0,0.0,0.0,0.0,0.0,0.0,0.0,0.0,0.0,1.0,0.0,0.0,0.0,0.0,0.0,0.0,0.0,1.0,0.0,0.0,0.0,0.0,0.0,0.0,0.0,0.0,0.0,0.0,0.0,0.0,0.0,0.0,0.0,0.0,0.0,0.0,0.0,0.0,0.0,0.0,0.0,0.0,0.0,0.0,0.0,0.0,0.0,0.0,0.0,0.0,0.0,0.0,0.0,0.0,0.0,0.0,0.0,0.0,0.0,0.0,0.0,0.0,0.0,0.0,0.0,0.0,0.0,0.0,0.0,0.0,0.0,0.0,0.0,0.0,0.0,0.0,0.0,0.0,0.0,0.0,0.0,0.0,0.0,0.0,0.0,0.0,0.0,0.0,0.0,0.0,0.0,0.0,0.0,0.0,0.0,0.0,0.0,0.0,0.0,0.0,0.0,0.0,0.0,0.0,0.0,0.0,0.0,0.0,0.0,0.0,0.0,0.0,0.0",6.6,67692.11328125,964174.20703125,8689.7861328125,167866.64501953125,42.47802734375
1791409143.0616932,idle,4.9,"13.8,5.3,1.0,2.0,9.9,13.7,1.0,3.0,3.0,2.0,1.0,6.0,6.3,0.0,1.0,14.1,1.0,6.1,4.0,7.1,1.0,2.0,1.0,7.3,0.0,1.9,3.0,2.0,5.1,3.0,3.9,71.3,1.0,2.0,4.1,1.0,6.1,4.0,12.4,7.1,5.0,6.1,5.1,3.0,2.0,6.1,4.0,1.0,2.9,5.0,3.9,2.0,5.3,8.3,3.1,5.1,1.0,3.9,2.0,1.0,4.0,6.9,4.1,5.0,1.0,3.8,2.0,5.0,100.0,100.0,100.0,100.0,100.0,100.0,100.0,100.0,0.0,0.0,0.0,0.0,0.0,0.0,0.0,0.0,0.0,0.0,0.0,0.0,0.0,0.0,0.0,0.0,0.0,0.0,0.0,0.0,0.0,0.0,100.0,1.0,1.9,1.0,0.0,0.0,0.0,0.0,0.0,0.0,0.0,0.0,0.0,0.0,0.0,0.0,0.0,0.0,0.0,0.0,0.0,0.0,0.0,0.0,0.0,0.0,0.0,0.0,0.0,0.0,0.0,0.0,0.0,0.0,0.0,0.0,0.0,0.0,0.0,0.0,0.0,0.0,0.0,0.0,0.0,0.0,0.0,0.0,0.0,0.0,0.0,0.0,0.0,0.0,0.0,0.0,0.0,0.0,0.0,0.0,0.0,0.0,1.0,0.0,0.0,0.0,0.0,0.0,0.0,0.0,0.0,0.0,0.0,0.0,0.0,0.0,0.0,0.0,0.0,0.0,0.0,0.0,0.0,0.0,0.0,0.0,0.0,0.0,0.0,0.0,0.0,0.0,0.0,0.0,0.0,0.0,0.0,0.0,0.0,0.0,0.0,0.0,0.0,0.0,0.0,0.0,0.0,0.0,0.0,0.0,0.0,0.0,0.0,0.0,0.0,0.0,0.0,0.0,0.0,0.0,0.0,0.0,0.0,0.0,0.0,0.0,0.0,0.0,0.0,0.0,0.0,0.0,0.0,0.0,0.0,0.0,0.0,0.0,0.0,0.0,0.0,0.0,0.0,0.0,0.0,0.0,0.0,0.0,0.0,1.0,0.0,0.0,0.0,0.0,0.0,0.0,0.0",6.5,67350.5390625,964515.78125,8689.7861328125,167866.64501953125,42.47802734375
1791409144.0740356,idle,5.8,"12.8,8.4,8.3,8.3,15.6,4.2,11.1,6.4,4.1,9.3,4.3,4.3,19.0,10.4,8.2,11.6,6.3,9.3,5.1,4.1,5.0,8.1,5.1,30.1,7.2,11.5,10.2,8.2,20.4,12.4,0.0,0.0,0.0,0.0,16.3,9.5,13.5,10.5,15.1,13.5,10.3,9.9,7.1,8.5,7.5,6.2,7.2,4.3,7.4,5.4,6.1,10.5,10.8,14.3,15.2,12.6,6.2,9.3,4.2,3.1,5.1,5.1,10.4,7.2,3.0,3.0,4.0,3.0,100.0,100.0,99.0,100.0,100.0,100.0,100.0,100.0,0.0,0.0,0.0,0.0,0.0,0.0,0.0,0.0,0.0,0.0,0.0,0.0,0.0,0.0,0.0,0.0,0.0,0.0,0.0,0.0,0.0,0.0,100.0,0.0,0.0,0.0,0.0,0.0,0.0,0.0,0.0,0.0,0.0,0.0,0.0,0.0,0.0,0.0,0.0,0.0,0.0,0.0,0.0,0.0,0.0,0.0,0.0,0.0,0.0,0.0,0.0,0.0,0.0,0.0,0.0,0.0,0.0,0.0,0.0,0.0,0.0,0.0,0.0,0.0,0.0,0.0,0.0,0.0,0.0,0.0,0.0,0.0,0.0,0.0,0.0,0.0,0.0,0.0,0.0,0.0,0.0,0.0,0.0,1.0,0.0,0.0,0.0,0.0,0.0,0.0,0.0,0.0,0.0,0.0,0.0,0.0,0.0,0.0,0.0,0.0,0.0,0.0,0.0,0.0,0.0,0.0,0.0,0.0,0.0,0.0,0.0,0.0,0.0,0.0,0.0,0.0,0.0,0.0,0.0,0.0,0.0,0.0,0.0,0.0,0.0,0.0,0.0,0.0,0.0,0.0,0.0,0.0,0.0,0.0,0.0,0.0,0.0,0.0,0.0,0.0,0.0,0.0,0.0,0.0,0.0,7.0,0.0,0.0,0.0,0.0,0.0,0.0,0.0,0.0,0.0,0.0,0.0,0.0,0.0,0.0,0.0,0.0,0.0,0.0,0.0,0.0,0.0,0.0,0.0,0.0,0.0,0.0,0.0,0.0,0.0,0.0,0.0,0.0,0.0",6.6,67597.078125,964269.2421875,8689.7861328125,167874.30908203125,42.47802734375
1791409145.1194954,idle,5.5,"17.5,7.8,5.8,6.9,5.9,10.7,2.0,3.0,4.9,5.0,4.8,2.9,9.7,4.9,5.9,20.6,4.8,6.7,5.8,2.9,3.8,8.6,1.0,2.0,10.5,13.9,6.8,8.9,4.9,3.9,0.0,0.0,0.0,0.0,12.6,11.9,15.5,22.3,7.0,8.2,7.8,2.9,1.9,3.9,2.0,6.8,3.0,7.8,5.0,6.1,3.0,5.9,8.3,8.9,7.2,10.8,2.9,4.8,3.9,3.8,4.8,3.9,6.8,2.9,1.9,1.9,3.9,2.9,99.1,99.1,100.0,100.0,100.0,100.0,100.0,100.0,0.0,0.0,0.0,0.0,0.0,1.0,0.0,0.0,0.9,0.0,0.0,0.0,0.0,0.0,0.0,0.0,0.0,0.0,0.0,0.0,0.0,0.0,100.0,0.0,0.0,0.0,0.0,0.0,0.0,0.0,0.0,0.0,0.0,0.0,0.0,0.0,0.0,0.0,0.0,0.0,0.0,0.0,0.0,0.0,0.0,0.0,0.0,0.0,0.0,0.0,0.0,0.0,0.0,0.0,0.0,0.0,0.0,0.0,0.0,0.0,0.0,0.0,0.0,0.0,0.0,0.0,0.0,0.0,0.0,0.0,0.0,0.0,0.0,0.0,0.0,0.0,0.0,0.0,0.0,0.0,0.0,0.0,0.0,1.0,0.0,0.0,0.0,0.0,0.0,0.0,0.0,0.0,0.0,0.0,0.0,0.0,0.0,0.0,0.0,0.0,0.0,0.0,0.0,0.0,0.0,0.0,0.0,0.0,0.0,0.0,0.0,0.0,0.0,0.0,0.0,0.0,0.0,0.0,0.0,0.0,0.0,0.0,0.0,0.0,0.0,0.0,0.0,0.0,0.0,0.0,0.0,0.0,0.0,0.0,0.0,0.0,0.0,0.0,0.0,0.0,0.0,0.0,0.0,0.0,0.0,100.0,0.0,0.0,0.0,0.0,0.0,0.0,0.0,0.0,0.0,0.0,0.0,0.0,0.0,0.0,0.0,0.0,0.0,0.0,0.0,0.0,0.0,0.0,0.0,0.0,0.0,1.0,0.0,0.0,0.0,0.0,0.0,0.0,0.0",6.6,67670.76953125,964195.55078125,8689.7861328125,167874.31298828125,40.7578125
1791409146.1585436,idle,6.1,"19.4,6.3,7.0,4.9,9.0,8.8,5.9,5.0,4.0,4.9,5.9,3.1,10.0,10.2,6.0,5.9,6.9,8.9,3.0,8.8,3.9,5.1,8.1,8.9,5.9,19.4,9.8,5.1,11.0,4.0,23.5,0.0,0.0,22.3,7.0,10.7,18.0,11.9,10.6,9.0,4.0,13.0,5.8,13.9,4.9,10.0,4.1,6.9,4.0,17.5,6.1,10.5,16.2,10.9,13.9,10.6,2.0,5.9,3.0,5.8,5.9,6.1,7.9,6.9,3.8,4.8,1.0,1.0,100.0,100.0,100.0,99.0,100.0,100.0,100.0,100.0,0.0,0.0,0.0,0.0,0.0,1.0,0.0,0.0,3.0,0.0,0.0,0.0,0.0,0.0,0.0,0.0,0.0,0.0,0.0,0.0,0.0,0.0,99.0,1.0,0.0,0.0,0.0,0.0,0.0,0.0,0.0,0.0,0.0,0.0,0.0,0.0,0.0,0.0,0.0,0.0,0.0,0.0,0.0,0.0,0.0,0.0,0.0,0.0,0.0,0.0,0.0,0.0,0.0,0.0,0.0,0.0,0.0,0.0,0.0,0.0,0.0,0.0,0.0,0.0,0.0,0.0,0.0,0.0,0.0,0.0,0.0,0.0,0.0,0.0,0.0,0.0,0.0,0.0,0.0,0.0,0.0,0.0,0.0,0.0,0.0,0.0,0.0,0.0,0.0,0.0,0.0,0.0,0.0,0.0,0.0,0.0,0.0,0.0,0.0,0.0,0.0,0.0,0.0,0.0,0.0,0.0,0.0,0.0,0.0,0.0,0.0,0.0,0.0,0.0,0.0,0.0,0.0,0.0,0.0,0.0,0.0,0.0,0.0,0.0,0.0,0.0,0.0,0.0,0.0,0.0,0.0,0.0,0.0,0.0,0.0,0.0,0.0,0.0,0.0,0.0,0.0,0.0,0.0,0.0,0.0,100.0,0.0,0.0,0.0,0.0,0.0,0.0,0.0,0.0,0.0,0.0,0.0,0.0,0.0,0.0,0.0,0.0,0.0,0.0,0.0,0.0,0.0,0.0,0.0,0.0,0.0,0.0,0.0,0.0,0.0,0.0,0.0,0.0,0.0",6.5,67518.2734375,964348.046875,8689.7861328125,167874.31298828125,40.7578125
1791409147.1813304,idle,6.2,"18.7,12.2,7.8,5.0,11.8,7.1,18.8,5.0,11.0,13.7,5.9,8.7,6.0,10.8,5.0,7.8,8.0,5.0,8.9,3.0,4.9,7.8,2.0,6.0,5.9,10.1,11.0,8.8,8.9,5.8,19.6,1.9,1.0,17.1,17.8,10.8,21.0,21.6,11.0,4.1,3.9,6.9,6.0,8.0,2.0,8.0,5.9,5.9,6.1,9.5,10.0,14.0,10.5,11.9,12.0,9.8,6.8,7.8,4.8,5.9,5.9,9.7,5.0,9.0,3.0,5.0,4.0,2.9,100.0,100.0,100.0,100.0,100.0,100.0,100.0,100.0,0.0,0.0,0.0,0.0,0.0,1.0,0.0,0.0,2.0,0.0,0.0,0.0,0.0,0.0,0.0,0.0,0.0,0.0,0.0,0.0,0.0,0.0,100.0,0.0,0.0,1.0,0.0,0.0,0.0,0.0,0.0,0.0,0.0,0.0,0.0,0.0,0.0,0.0,0.0,0.0,0.0,0.0,0.0,0.0,0.0,0.0,0.0,0.0,0.0,0.0,0.0,0.0,0.0,0.0,0.0,0.0,0.0,0.0,0.0,0.0,0.0,0.0,0.0,0.0,0.0,0.0,0.0,0.0,0.0,0.0,0.0,0.0,0.0,0.0,0.0,0.0,0.0,0.0,0.0,0.0,0.0,0.0,0.0,1.0,0.0,0.0,0.0,0.0,0.0,0.0,0.0,0.0,0.0,0.0,0.0,0.0,0.0,0.0,0.0,0.0,0.0,0.0,0.0,0.0,0.0,0.0,0.0,0.0,0.0,0.0,0.0,0.0,0.0,0.0,0.0,0.0,0.0,0.0,0.0,0.0,0.0,0.0,0.0,0.0,0.0,0.0,0.0,0.0,0.0,0.0,0.0,0.0,0.0,0.0,0.0,0.0,0.0,0.0,0.0,0.0,0.0,0.0,0.0,0.0,0.0,100.0,0.0,0.0,0.0,0.0,0.0,0.0,0.0,0.0,0.0,0.0,0.0,0.0,0.0,0.0,0.0,0.0,0.0,0.0,0.0,0.0,0.0,0.0,0.0,0.0,0.0,0.0,0.0,0.0,0.0,0.0,0.0,0.0,0.0",6.5,67445.7578125,964420.5625,8689.7861328125,167874.31298828125,40.7578125
1791409148.2332354,idle,5.4,"9.2,5.1,4.0,4.9,11.9,2.9,18.8,3.0,2.9,7.8,5.0,2.0,3.0,5.9,8.7,13.0,3.9,4.9,16.0,8.0,2.9,5.7,3.9,3.1,5.0,3.9,5.0,5.9,7.3,4.0,0.0,0.0,0.0,0.0,12.2,14.0,14.6,19.6,12.1,5.3,2.9,2.0,2.0,6.9,1.9,7.8,8.9,14.9,7.0,7.4,6.1,12.2,8.0,7.1,7.0,9.3,7.7,6.1,4.9,5.0,6.0,7.2,22.7,10.0,4.8,2.0,4.9,1.9,100.0,100.0,100.0,100.0,100.0,100.0,100.0,100.0,0.0,0.0,0.0,0.0,0.0,1.0,0.0,0.0,0.0,0.0,0.0,0.0,0.0,0.0,0.0,0.0,0.0,0.0,0.0,0.0,0.0,0.0,100.0,0.0,0.0,0.0,0.0,0.0,0.0,0.0,0.0,0.0,0.0,0.0,0.0,0.0,0.0,0.0,0.0,0.0,0.0,0.0,0.0,0.0,0.0,0.0,0.0,0.0,0.0,0.0,0.0,0.0,0.0,0.0,0.0,0.0,0.0,0.0,0.0,0.0,0.0,0.0,0.0,0.0,0.0,0.0,0.0,0.0,0.0,0.0,0.0,0.0,0.0,0.0,0.0,0.0,0.0,0.0,0.0,0.0,0.0,0.0,0.0,2.0,0.0,0.0,0.0,0.0,0.0,0.0,0.0,0.0,0.0,0.0,0.0,0.0,0.0,0.0,0.0,0.0,0.0,0.0,0.0,0.0,0.0,0.0,0.0,0.0,0.0,0.0,0.0,0.0,0.0,0.0,0.0,0.0,0.0,0.0,0.0,0.0,0.0,0.0,0.0,0.0,0.0,0.0,0.0,0.0,0.0,0.0,0.0,0.0,0.0,0.0,0.0,0.0,0.0,0.0,0.0,0.0,0.0,0.0,0.0,0.0,0.0,6.7,0.0,0.0,0.0,0.0,0.0,0.0,0.0,0.0,0.0,0.0,0.0,0.0,0.0,0.0,0.0,0.0,0.0,0.0,0.0,0.0,0.0,0.0,0.0,0.0,0.0,0.0,0.0,0.0,0.0,0.0,0.0,0.0,0.0",6.6,67687.8203125,964178.5,8689.7861328125,167874.31298828125,40.7578125
1791409149.2854059,idle,6.0,"14.4,4.2,6.0,26.7,5.9,7.8,17.2,7.1,3.0,9.7,3.9,7.0,9.9,5.1,11.0,17.6,8.6,5.9,5.1,12.1,5.9,6.9,5.8,28.7,9.9,7.8,7.0,11.0,10.9,10.7,0.0,0.0,0.0,0.0,15.7,9.5,14.4,11.2,16.3,11.5,13.5,10.7,6.9,8.9,5.9,11.1,11.0,11.1,6.9,7.4,5.2,12.4,17.5,7.9,9.8,11.8,7.9,6.1,6.9,12.6,6.1,15.7,26.0,16.2,1.9,4.8,9.5,1.9,100.0,100.0,99.1,100.0,100.0,99.1,99.1,99.1,0.0,0.0,0.0,0.0,0.0,2.0,0.0,0.0,0.0,0.0,0.0,0.0,0.0,0.0,0.0,0.0,0.0,0.0,0.0,0.0,0.0,0.0,100.0,0.0,0.0,0.0,0.0,0.0,0.0,0.0,0.0,0.0,0.0,0.0,0.0,0.0,0.0,0.0,0.0,0.0,0.0,0.0,0.0,0.0,0.0,0.0,0.0,0.0,0.0,0.0,0.0,0.0,0.0,0.0,0.0,0.0,0.0,0.0,0.0,0.0,0.0,0.0,0.0,0.0,0.0,0.0,0.0,0.0,0.0,0.0,0.0,0.0,0.0,0.0,0.0,0.0,0.0,0.0,0.0,0.0,0.0,0.0,0.0,0.0,0.0,0.0,0.0,0.0,0.0,0.0,0.0,0.0,0.0,0.0,0.0,0.0,0.0,0.0,0.0,0.0,0.0,0.0,0.0,0.0,0.0,0.0,0.0,0.0,0.0,0.0,0.0,0.0,0.0,0.0,0.0,0.0,0.0,0.0,0.0,0.0,0.0,0.0,0.0,0.0,0.0,0.0,0.0,0.0,0.0,0.0,0.0,0.0,0.0,0.0,0.0,0.0,0.0,0.0,0.0,0.0,0.0,0.0,0.0,0.0,0.0,0.0,0.0,0.0,0.0,0.0,0.0,0.0,0.0,0.0,0.0,0.0,0.0,0.0,0.0,0.0,0.0,0.0,0.0,0.0,0.0,0.0,0.0,0.0,0.0,0.0,0.0,0.0,0.0,0.0,0.0,0.0,0.0,0.0,0.0",6.6,67751.0546875,964115.265625,8689.7861328125,167875.85595703125,40.7578125
1791409150.3266158,idle,5.0,"15.6,4.0,2.9,3.9,10.7,0.0,2.9,2.9,1.9,1.9,2.8,1.0,1.9,2.8,7.9,6.8,11.1,21.2,8.4,3.9,0.0,1.0,0.0,5.9,3.9,1.0,4.0,3.9,6.1,1.0,0.0,0.0,0.0,0.0,7.0,2.1,10.1,7.0,14.1,4.0,11.0,5.9,1.0,3.8,1.0,13.3,1.0,3.0,5.8,11.1,5.0,4.2,16.3,11.9,6.9,2.9,14.0,2.9,4.8,3.9,6.7,9.6,3.8,16.3,2.8,6.8,1.9,1.9,100.0,100.0,100.0,100.0,99.1,100.0,100.0,100.0,0.0,0.0,0.0,0.0,0.0,0.0,0.0,0.0,0.0,0.0,0.0,0.0,0.0,0.0,0.0,0.0,0.0,0.0,0.0,0.0,0.0,0.0,100.0,0.0,0.0,0.0,0.0,0.0,0.0,0.0,0.0,0.0,0.0,0.0,0.0,0.0,0.0,0.0,0.0,0.0,0.0,0.0,0.0,0.0,0.0,0.0,0.0,0.0,0.0,0.0,0.0,0.0,0.0,0.0,0.0,0.0,0.0,0.0,0.0,0.0,0.0,0.0,0.0,0.0,1.0,0.0,0.0,0.0,0.0,0.0,0.0,0.0,0.0,0.0,0.0,0.0,0.0,0.0,0.0,0.0,0.0,0.0,0.0,3.0,0.0,0.0,0.0,0.0,0.0,0.0,0.0,0.0,0.0,0.0,0.0,0.0,0.0,0.0,0.0,0.0,0.0,0.0,0.0,0.0,0.0,0.0,0.0,0.0,0.0,0.0,0.0,0.0,0.0,0.0,0.0,0.0,0.0,0.0,0.0,0.0,0.0,0.0,0.0,0.0,0.0,0.0,0.0,0.0,0.0,0.0,0.0,0.0,0.0,0.0,0.0,0.0,0.0,0.0,0.0,0.0,0.0,0.0,0.0,0.0,0.0,0.0,0.0,0.0,0.0,0.0,0.0,0.0,0.0,0.0,0.0,0.0,0.0,0.0,0.0,0.0,0.0,0.0,0.0,0.0,0.0,0.0,0.0,0.0,0.0,0.0,0.0,0.0,0.0,0.0,0.0,0.0,0.0,0.0,0.0",6.6,67692.21484375,964174.10546875,8689.7861328125,167875.85595703125,38.85498046875
1791409151.3798885,idle,5.9,"18.9,8.3,8.1,10.1,9.0,6.9,9.6,8.1,6.8,9.7,5.9,5.9,7.9,12.0,6.0,5.9,13.9,16.2,9.7,10.4,12.1,4.1,7.0,10.8,8.0,4.1,8.8,11.5,9.0,9.2,0.0,0.0,0.0,0.0,11.2,9.1,11.1,11.3,14.4,20.0,6.1,6.8,11.7,8.0,10.1,8.7,5.9,9.9,15.8,10.5,21.8,16.8,7.3,5.2,9.1,9.0,5.9,9.0,3.9,6.8,5.0,5.1,10.0,23.8,3.0,6.9,2.9,2.9,100.0,100.0,100.0,99.1,100.0,100.0,100.0,100.0,0.0,0.0,0.0,0.0,0.0,1.0,0.0,0.0,0.0,0.0,0.0,0.0,0.0,0.0,0.0,0.0,0.0,0.0,0.0,0.0,0.0,0.0,100.0,0.0,0.0,0.0,0.0,0.0,0.0,0.0,0.0,0.0,0.0,0.0,0.0,0.0,0.0,0.0,0.0,0.0,0.0,0.0,0.0,0.0,0.0,0.0,0.0,0.0,0.0,0.0,0.0,0.0,0.0,0.0,0.0,0.0,0.0,0.0,0.0,0.0,0.0,0.0,0.0,0.0,0.0,0.0,0.0,0.0,0.0,0.0,0.0,0.0,0.0,0.0,0.0,0.0,0.0,0.0,0.0,0.0,0.0,0.0,0.0,2.0,0.0,0.0,0.0,0.0,0.0,0.0,0.0,0.0,0.0,0.0,0.0,0.0,0.0,0.0,0.0,0.0,0.0,0.0,0.0,0.0,0.0,0.0,0.0,0.0,0.0,0.0,0.0,0.0,0.0,0.0,0.0,0.0,0.0,0.0,0.0,0.0,0.0,0.0,0.0,0.0,0.0,0.0,0.0,0.0,0.0,0.0,0.0,0.0,0.0,0.0,0.0,0.0,0.0,0.0,0.0,0.0,0.0,0.0,0.0,0.0,0.0,0.0,0.0,0.0,0.0,0.0,0.0,0.0,0.0,0.0,0.0,0.0,0.0,0.0,0.0,0.0,0.0,0.0,0.0,0.0,0.0,0.0,0.0,0.0,0.0,0.0,0.0,0.0,0.0,0.0,0.0,0.0,0.0,0.0,0.0",6.6,68107.76953125,963758.55078125,8689.7861328125,167875.85595703125,38.85498046875
1791409152.44349,idle,4.6,"7.1,15.5,0.0,0.9,1.0,0.9,0.9,0.0,0.0,2.9,0.9,2.8,0.0,4.8,5.8,2.9,7.8,8.7,6.0,8.8,1.9,2.0,1.0,7.1,1.0,0.0,3.8,0.0,0.0,1.0,0.0,0.9,0.0,0.0,4.9,4.9,6.9,12.6,2.9,10.6,0.9,1.0,3.8,4.7,7.6,9.4,2.9,0.0,4.9,15.2,13.5,5.3,7.1,14.3,14.7,6.9,3.7,2.9,0.0,4.7,0.9,1.0,0.9,1.9,0.0,0.0,0.9,1.9,100.0,100.0,100.0,100.0,100.0,100.0,100.0,100.0,0.0,0.0,0.0,0.0,0.0,0.0,0.0,0.0,0.0,0.0,0.0,0.0,0.0,0.0,0.0,0.0,0.0,0.0,0.0,0.0,0.0,0.0,100.0,0.0,0.0,0.0,0.0,0.0,0.0,0.0,0.0,0.0,0.0,0.0,0.0,0.0,0.0,0.0,0.0,0.0,0.0,0.0,0.0,0.0,0.0,0.0,0.0,0.0,0.0,0.0,0.0,0.0,0.0,0.0,0.0,0.0,0.0,0.0,0.0,0.0,0.0,0.0,0.0,0.0,0.0,0.0,0.0,0.0,0.0,0.0,0.0,0.0,0.0,0.0,0.0,0.0,0.0,0.0,0.0,0.0,0.0,0.0,0.0,1.0,0.0,0.0,0.0,0.0,0.0,0.0,0.0,0.0,0.0,0.0,0.0,0.0,0.0,0.0,0.0,0.0,0.0,0.0,0.0,0.0,0.0,0.0,0.0,0.0,0.0,0.0,0.0,0.0,0.0,0.0,0.0,0.0,0.0,0.0,0.0,0.0,0.0,0.0,0.0,0.0,0.0,0.0,0.0,0.0,0.0,0.0,0.0,0.0,0.0,0.0,0.0,0.0,0.0,0.0,0.0,0.0,0.0,0.0,0.0,0.0,0.0,0.0,0.0,0.0,0.0,0.0,0.0,0.0,0.0,0.0,0.0,0.0,0.0,0.0,0.0,0.0,0.0,0.0,0.0,0.0,0.0,0.0,0.0,0.0,0.0,0.0,0.0,0.0,0.0,0.0,0.0,0.0,0.0,0.0,0.0",6.5,67501.4765625,964364.84375,8689.7861328125,167875.85595703125,38.85498046875
1791409153.500492,idle,6.6,"27.0,7.4,16.5,11.2,8.0,5.9,5.2,6.9,8.1,8.9,7.0,25.3,9.9,11.1,14.3,8.0,21.6,8.8,11.2,11.1,9.0,14.0,6.9,7.1,7.0,7.9,11.8,6.9,6.9,11.4,44.2,28.2,0.0,47.6,10.7,8.8,9.1,12.7,7.1,14.1,9.0,6.9,13.0,11.0,12.1,13.0,7.3,9.1,15.2,15.8,12.0,14.3,16.5,19.6,19.0,10.2,9.0,10.2,9.0,10.7,8.8,10.0,18.3,13.0,5.7,6.8,3.0,3.9,100.0,99.0,99.1,100.0,100.0,100.0,99.0,100.0,0.0,0.0,0.0,0.0,0.0,0.0,0.0,0.0,0.0,0.0,0.0,0.0,0.0,0.0,0.0,0.0,0.0,0.0,0.0,0.0,0.0,0.0,100.0,0.0,3.8,0.0,0.0,0.0,0.9,0.0,0.0,0.0,0.0,0.0,0.0,0.0,0.0,0.0,0.0,0.0,0.0,0.0,0.0,0.0,0.0,0.0,0.0,0.0,0.0,0.0,0.0,0.0,0.0,0.0,0.0,0.0,0.0,0.0,0.0,0.0,0.0,0.0,1.9,0.0,1.0,0.0,0.0,0.0,0.0,0.0,0.0,1.0,0.0,0.0,0.0,0.0,0.0,0.0,0.0,0.0,0.0,0.0,0.0,0.0,0.0,0.0,0.0,0.0,0.0,0.0,0.0,0.0,0.0,0.0,0.0,0.0,0.0,0.0,0.0,0.0,0.0,0.0,0.0,0.0,0.0,1.0,0.0,0.0,0.0,0.0,0.0,0.0,0.0,0.0,0.0,0.0,0.0,0.0,0.0,0.0,0.0,0.0,0.0,0.0,0.0,0.0,0.0,0.0,0.0,0.0,0.0,0.0,0.0,0.0,0.0,0.0,0.0,0.0,0.0,0.0,0.0,0.0,0.0,0.0,0.0,0.0,0.0,0.0,0.0,0.0,0.0,0.0,0.0,0.0,0.0,0.0,0.0,0.0,0.0,0.0,0.0,0.0,0.0,0.0,0.0,0.0,0.0,0.0,0.0,0.0,0.0,0.0,0.0,0.0,0.0,0.0,0.0,0.0,0.0",6.6,67632.48828125,964233.83203125,8689.7861328125,167877.81298828125,38.85498046875
1791409154.510543,idle,6.1,"23.0,4.2,14.4,8.2,10.2,6.2,9.2,13.5,7.3,9.5,6.1,11.5,9.5,8.2,7.2,8.2,4.1,4.2,27.8,11.3,14.9,17.9,5.2,12.4,9.0,13.3,12.2,8.3,12.2,15.6,0.0,10.0,0.0,16.8,8.3,6.2,7.5,12.4,18.3,9.7,8.0,3.0,14.9,10.3,9.2,21.2,3.1,13.1,6.2,4.3,6.1,6.4,13.7,13.3,4.2,12.5,10.3,9.1,8.2,24.2,9.2,7.1,12.5,9.1,11.1,5.0,2.0,8.8,99.0,100.0,100.0,100.0,100.0,100.0,100.0,100.0,0.0,0.0,0.0,0.0,0.0,0.0,0.0,1.0,1.0,0.0,0.0,0.0,0.0,0.0,0.0,0.0,0.0,0.0,0.0,0.0,0.0,0.0,100.0,0.0,0.0,0.0,0.0,0.0,0.0,0.0,0.0,0.0,0.0,0.0,0.0,0.0,0.0,0.0,0.0,0.0,0.0,0.0,0.0,0.0,0.0,0.0,0.0,0.0,0.0,0.0,0.0,0.0,0.0,0.0,0.0,0.0,0.0,0.0,0.0,0.0,0.0,0.0,0.0,1.0,0.0,0.0,0.0,0.0,0.0,0.0,0.0,0.0,0.0,0.0,0.0,0.0,0.0,0.0,0.0,0.0,0.0,0.0,0.0,0.0,0.0,0.0,0.0,0.0,0.0,0.0,0.0,0.0,0.0,0.0,0.0,0.0,0.0,0.0,0.0,0.0,0.0,0.0,0.0,0.0,0.0,0.0,0.0,0.0,0.0,0.0,0.0,0.0,0.0,0.0,0.0,0.0,0.0,0.0,0.0,0.0,0.0,0.0,0.0,0.0,0.0,0.0,0.0,0.0,0.0,0.0,0.0,0.0,0.0,0.0,0.0,0.0,0.0,0.0,0.0,0.0,0.0,0.0,0.0,0.0,0.0,0.0,0.0,0.0,0.0,0.0,0.0,0.0,0.0,0.0,0.0,0.0,0.0,0.0,0.0,0.0,0.0,0.0,0.0,0.0,0.0,0.0,0.0,0.0,0.0,0.0,0.0,0.0,0.0,0.0,0.0,0.0,0.0,0.0,0.0",6.6,67713.71484375,964152.60546875,8689.7861328125,167877.81298828125,38.85498046875
1791409155.5329242,idle,6.8,"14.0,14.9,14.1,9.5,7.4,16.0,13.1,20.0,8.9,8.9,9.2,21.4,9.1,11.8,7.3,8.2,13.5,25.3,17.5,16.2,7.2,10.2,30.0,11.6,15.6,13.4,11.3,13.1,7.4,17.2,1.0,0.0,0.0,0.0,13.5,10.5,14.4,25.0,13.3,16.5,13.4,5.1,14.4,16.3,11.3,15.2,10.2,16.2,14.0,10.3,11.2,16.3,14.9,14.3,8.4,9.9,9.4,9.0,9.4,19.0,10.4,11.2,23.2,11.2,7.8,5.9,8.0,5.1,100.0,100.0,100.0,100.0,100.0,100.0,100.0,99.0,0.0,0.0,0.0,0.0,0.0,2.0,0.0,0.0,0.0,0.0,0.0,0.0,0.0,0.0,0.0,0.0,0.0,0.0,0.0,0.0,0.0,0.0,100.0,0.0,0.0,0.0,0.0,0.0,0.0,0.0,0.0,0.0,0.0,0.0,0.0,0.0,0.0,0.0,0.0,0.0,0.0,0.0,0.0,0.0,0.0,0.0,0.0,0.0,0.0,0.0,0.0,0.0,0.0,0.0,0.0,0.0,0.0,0.0,0.0,0.0,0.0,0.0,0.0,0.0,0.0,0.0,0.0,0.0,0.0,0.0,0.0,0.0,0.0,0.0,0.0,0.0,0.0,0.0,0.0,0.0,0.0,0.0,0.0,1.0,1.0,0.0,0.0,0.0,0.0,0.0,0.0,0.0,0.0,0.0,0.0,0.0,0.0,0.0,0.0,0.0,0.0,0.0,0.0,0.0,0.0,0.0,0.0,0.0,0.0,0.0,0.0,0.0,0.0,0.0,0.0,0.0,0.0,0.0,0.0,0.0,0.0,0.0,0.0,0.0,0.0,0.0,0.0,0.0,0.0,0.0,0.0,0.0,0.0,0.0,0.0,0.0,0.0,0.0,0.0,0.0,0.0,0.0,0.0,0.0,0.0,0.0,0.0,0.0,0.0,0.0,0.0,0.0,0.0,0.0,0.0,0.0,0.0,0.0,0.0,0.0,0.0,0.0,0.0,0.0,0.0,0.0,0.0,0.0,0.0,0.0,0.0,0.0,0.0,0.0,0.0,0.0,0.0,0.0,0.0",6.5,66775.13671875,965091.18359375,8689.7861328125,167877.81298828125,37.5849609375
1791409156.5996413,idle,5.3,"10.1,8.1,15.8,5.0,6.7,6.8,3.8,5.1,3.8,3.9,8.9,5.8,0.0,2.9,6.7,6.9,4.0,9.9,4.0,15.0,3.8,4.8,2.9,6.0,11.1,4.9,8.7,19.6,1.0,7.7,0.0,0.0,0.0,0.0,5.9,2.9,7.8,13.5,15.2,2.9,6.9,8.5,3.8,6.6,5.9,15.5,6.9,8.8,8.7,12.2,13.9,8.1,9.3,7.0,12.7,3.9,3.9,7.8,2.9,4.9,5.0,8.7,5.8,2.9,0.0,0.0,0.0,2.9,100.0,100.0,99.1,100.0,100.0,99.1,99.1,100.0,0.0,0.0,0.0,0.0,0.0,1.0,0.0,0.0,0.0,0.0,0.0,0.0,0.0,0.0,0.0,0.0,0.0,0.0,0.0,0.0,0.0,0.0,100.0,0.0,0.0,0.0,0.0,0.0,0.0,0.0,0.0,0.0,0.0,0.0,0.0,0.0,0.0,0.0,0.0,0.0,0.0,0.0,0.0,0.0,0.0,0.0,0.0,0.0,0.0,0.0,0.0,0.0,0.0,0.0,0.0,0.0,0.0,0.0,0.0,0.0,0.0,0.0,0.0,0.0,0.0,0.0,0.0,0.0,0.0,0.0,0.0,0.0,0.0,0.0,0.0,0.0,0.0,0.0,0.0,0.0,0.0,0.0,0.0,1.0,0.0,0.0,0.0,0.0,0.0,0.0,0.0,0.0,0.0,0.0,0.0,0.0,0.0,0.0,0.0,0.0,0.0,0.0,0.0,0.0,0.0,0.0,0.0,0.0,0.0,0.0,0.0,0.0,0.0,0.0,0.0,0.0,0.0,0.0,0.0,0.0,0.0,0.0,0.0,0.0,0.0,0.0,0.0,0.0,0.0,0.0,0.0,0.0,0.0,0.0,0.0,0.0,0.0,0.0,0.0,0.0,0.0,0.0,0.0,0.0,0.0,0.0,0.0,0.0,0.0,0.0,0.0,0.0,0.0,0.0,0.0,0.0,0.0,0.0,0.0,0.0,0.0,0.0,0.0,0.0,0.0,0.0,0.0,0.0,0.0,0.0,0.0,1.0,0.0,0.0,0.0,0.0,0.0,0.0,0.0",6.5,66970.98828125,964895.33203125,8689.7861328125,167877.81298828125,37.5849609375
1791409157.6326234,idle,6.2,"13.5,15.5,18.2,7.1,9.0,9.1,17.6,13.0,7.1,9.1,9.2,11.1,9.1,11.3,12.1,8.1,16.3,13.0,7.2,9.1,6.1,7.2,11.3,12.1,6.2,9.3,17.0,15.5,7.1,14.6,0.0,0.0,0.0,0.0,10.0,12.2,8.0,17.5,20.6,7.1,10.2,6.1,12.0,13.1,10.4,11.8,16.2,12.9,16.2,12.4,16.8,12.6,9.6,13.8,12.5,8.3,15.2,9.0,6.3,9.0,8.2,10.2,5.1,17.2,4.0,3.0,7.0,3.0,100.0,100.0,100.0,100.0,99.0,100.0,100.0,100.0,0.0,0.0,0.0,0.0,0.0,0.0,0.0,0.0,0.0,0.0,0.0,0.0,0.0,0.0,0.0,0.0,0.0,0.0,0.0,0.0,0.0,0.0,100.0,0.0,0.0,0.0,0.0,0.0,0.0,0.0,0.0,0.0,0.0,0.0,0.0,0.0,0.0,0.0,0.0,0.0,0.0,0.0,0.0,0.0,0.0,0.0,0.0,0.0,0.0,0.0,0.0,0.0,0.0,0.0,0.0,0.0,0.0,0.0,0.0,0.0,0.0,0.0,0.0,0.0,0.0,0.0,0.0,0.0,0.0,0.0,0.0,0.0,0.0,0.0,0.0,0.0,0.0,0.0,0.0,0.0,0.0,0.0,0.0,1.0,0.0,0.0,0.0,0.0,0.0,0.0,0.0,0.0,0.0,0.0,0.0,0.0,0.0,0.0,0.0,0.0,0.0,0.0,0.0,0.0,0.0,0.0,0.0,0.0,0.0,0.0,0.0,0.0,0.0,0.0,0.0,0.0,0.0,0.0,0.0,0.0,0.0,0.0,0.0,0.0,0.0,0.0,0.0,0.0,0.0,0.0,0.0,0.0,0.0,0.0,0.0,0.0,0.0,0.0,0.0,0.0,0.0,0.0,0.0,0.0,0.0,0.0,0.0,0.0,0.0,0.0,0.0,0.0,0.0,0.0,0.0,0.0,0.0,0.0,0.0,0.0,0.0,0.0,0.0,0.0,0.0,0.0,0.0,0.0,0.0,0.0,0.0,0.0,0.0,0.0,0.0,0.0,0.0,0.0,0.0",6.5,67400.96875,964465.3515625,8689.7861328125,167877.81298828125,37.5849609375
1791409158.6741805,idle,4.7,"6.7,4.0,3.9,2.9,1.0,9.9,5.0,25.3,2.0,1.9,2.0,10.0,4.0,1.0,1.9,1.9,1.9,2.0,2.0,1.9,3.9,2.9,13.6,1.0,2.0,8.9,11.1,2.9,1.9,4.9,1.0,0.0,0.0,0.0,0.0,8.8,2.0,1.0,24.5,4.8,6.7,1.9,1.9,2.0,5.9,12.0,8.0,3.9,6.1,3.0,7.1,13.3,8.1,9.1,6.9,4.0,2.9,1.0,3.0,2.9,5.0,2.0,6.9,3.9,1.0,1.9,1.0,1.0,99.0,100.0,96.1,100.0,100.0,99.0,100.0,99.0,0.0,0.0,0.0,0.0,0.0,2.0,1.9,0.0,0.0,0.0,0.0,0.0,0.0,0.0,0.0,0.0,0.0,0.0,0.0,0.0,0.0,0.0,100.0,0.0,0.0,0.0,0.0,0.0,0.0,0.0,0.0,0.0,0.0,0.0,0.0,0.0,0.0,0.0,0.0,0.0,0.0,0.0,0.0,0.0,0.0,0.0,0.0,0.0,0.0,0.0,0.0,0.0,0.0,0.0,0.0,0.0,0.0,0.0,0.0,0.0,0.0,0.0,0.0,0.0,0.0,0.0,0.0,0.0,0.0,0.0,0.0,0.0,0.0,0.0,0.0,0.0,0.0,0.0,0.0,0.0,0.0,0.0,0.0,0.0,0.0,1.0,0.0,0.0,0.0,0.0,0.0,0.0,0.0,0.0,0.0,0.0,0.0,0.0,0.0,0.0,0.0,0.0,0.0,0.0,0.0,0.0,0.0,0.0,0.0,0.0,0.0,0.0,0.0,0.0,0.0,0.0,0.0,0.0,0.0,0.0,0.0,0.0,0.0,0.0,0.0,0.0,0.0,0.0,0.0,0.0,0.0,0.0,0.0,0.0,0.0,0.0,0.0,0.0,0.0,0.0,0.0,0.0,0.0,0.0,0.0,0.0,0.0,0.0,0.0,0.0,0.0,0.0,0.0,0.0,0.0,0.0,0.0,0.0,0.0,0.0,0.0,0.0,0.0,0.0,0.0,0.0,0.0,0.0,0.0,0.0,0.0,1.0,0.0,0.0,0.0,0.0,0.0,0.0,0.0",6.5,67095.99609375,964770.32421875,8689.7861328125,167879.73486328125,37.5849609375
1791409159.6891553,idle,6.2,"16.3,8.2,6.1,15.5,8.0,18.2,4.2,17.2,16.0,9.1,9.0,11.1,6.1,6.1,12.1,6.2,9.9,11.3,5.3,13.1,9.2,9.9,7.3,9.0,7.1,5.1,15.5,7.2,10.3,5.0,14.9,15.8,4.0,4.0,8.3,17.3,13.0,9.4,13.1,11.3,24.0,3.0,13.0,9.0,6.1,9.9,15.3,4.1,8.2,10.9,10.4,13.4,18.1,10.3,14.6,19.8,6.1,10.1,8.0,8.0,13.3,5.2,10.2,18.4,3.0,2.9,11.8,2.0,100.0,99.0,100.0,99.0,100.0,100.0,100.0,100.0,0.0,0.0,0.0,0.0,0.0,0.0,0.0,0.0,0.0,0.0,0.0,0.0,0.0,0.0,0.0,0.0,0.0,0.0,0.0,0.0,0.0,0.0,99.0,4.9,2.9,3.0,0.0,0.0,0.0,0.0,0.0,0.0,0.0,0.0,0.0,0.0,0.0,0.0,0.0,0.0,0.0,0.0,0.0,0.0,0.0,0.0,0.0,0.0,0.0,0.0,0.0,0.0,0.0,0.0,0.0,0.0,0.0,0.0,0.0,0.0,0.0,0.0,0.0,0.0,0.0,0.0,0.0,0.0,0.0,0.0,0.0,0.0,0.0,0.0,0.0,0.0,0.0,0.0,0.0,0.0,0.0,0.0,0.0,0.0,0.0,0.0,0.0,0.0,0.0,0.0,0.0,0.0,0.0,0.0,0.0,0.0,0.0,0.0,0.0,0.0,2.0,0.0,0.0,0.0,0.0,0.0,0.0,0.0,0.0,0.0,0.0,0.0,0.0,0.0,0.0,0.0,0.0,0.0,0.0,0.0,0.0,0.0,0.0,0.0,0.0,0.0,0.0,0.0,0.0,0.0,0.0,0.0,0.0,0.0,0.0,0.0,0.0,0.0,0.0,0.0,0.0,0.0,0.0,0.0,0.0,0.0,0.0,0.0,0.0,0.0,0.0,0.0,0.0,0.0,0.0,0.0,0.0,0.0,0.0,0.0,0.0,0.0,0.0,0.0,0.0,0.0,0.0,0.0,0.0,0.0,0.0,0.0,0.0,0.0,0.0,0.0,0.0,0.0,0.0",6.5,66734.3828125,965131.9375,8689.7861328125,167879.73486328125,37.5849609375
1791409160.7176273,idle,6.5,"10.7,11.2,16.0,7.1,5.2,7.1,4.0,7.1,14.3,11.0,10.0,7.1,6.0,5.9,7.4,10.2,1.0,1.0,21.2,0.0,5.0,5.0,18.2,1.0,7.9,2.0,7.9,9.9,2.0,12.7,49.0,100.0,0.0,52.4,6.1,9.1,13.1,10.9,7.9,8.9,8.2,8.2,8.1,9.0,10.2,8.2,18.9,9.2,10.3,10.5,7.4,16.5,4.2,6.2,7.3,5.1,14.3,11.2,12.4,14.1,9.2,13.9,12.2,13.1,0.0,0.0,8.8,2.9,100.0,100.0,100.0,100.0,99.0,100.0,100.0,100.0,0.0,0.0,0.0,0.0,0.0,1.0,0.0,0.0,3.2,1.0,0.0,0.0,0.0,0.0,0.0,0.0,0.0,0.0,0.0,0.0,0.0,0.0,100.0,0.0,0.0,0.0,0.0,0.0,0.0,0.0,0.0,0.0,0.0,0.0,0.0,0.0,0.0,0.0,0.0,0.0,0.0,0.0,0.0,0.0,0.0,0.0,0.0,0.0,0.0,0.0,0.0,0.0,0.0,0.0,0.0,0.0,0.0,0.0,0.0,0.0,0.0,0.0,0.0,0.0,0.0,0.0,0.0,0.0,0.0,0.0,0.0,0.0,0.0,0.0,0.0,0.0,0.0,0.0,0.0,0.0,0.0,0.0,0.0,2.0,0.0,0.0,0.0,0.0,0.0,0.0,0.0,0.0,0.0,0.0,0.0,0.0,0.0,0.0,0.0,0.0,0.0,0.0,0.0,0.0,0.0,0.0,0.0,0.0,0.0,0.0,0.0,0.0,0.0,0.0,0.0,0.0,0.0,0.0,0.0,0.0,0.0,0.0,0.0,0.0,0.0,0.0,0.0,0.0,0.0,0.0,0.0,0.0,0.0,0.0,0.0,0.0,0.0,0.0,0.0,0.0,0.0,0.0,0.0,0.0,0.0,0.0,0.0,0.0,0.0,0.0,0.0,0.0,0.0,0.0,0.0,0.0,0.0,0.0,0.0,0.0,0.0,0.0,0.0,0.0,0.0,0.0,0.0,0.0,0.0,0.0,0.0,0.0,0.0,0.0,0.0,0.0,0.0,0.0,0.0",6.4,66180.10546875,965686.21484375,8689.7861328125,167879.73486328125,35.9365234375
1791409161.7386298,idle,6.4,"22.7,13.7,18.4,3.0,6.1,5.1,12.1,10.3,11.1,5.1,6.2,14.1,4.0,4.2,13.3,7.1,4.0,8.2,10.3,7.1,10.0,5.1,6.1,4.0,5.8,3.0,5.9,3.0,10.0,6.7,13.7,86.0,0.0,45.1,6.7,9.0,3.2,6.3,14.3,6.1,12.0,10.4,9.3,6.1,9.0,7.2,10.3,19.0,8.8,30.3,12.5,17.5,20.0,12.5,9.1,8.2,8.2,9.4,12.5,10.2,6.1,13.0,7.2,12.1,4.9,5.0,2.0,8.8,99.0,100.0,100.0,100.0,100.0,100.0,100.0,100.0,0.0,0.0,0.0,0.0,0.0,0.0,0.0,0.0,1.0,0.0,0.0,0.0,0.0,0.0,0.0,0.0,0.0,0.0,0.0,0.0,0.0,0.0,100.0,0.0,0.0,0.0,0.0,0.0,0.0,0.0,0.0,0.0,0.0,0.0,0.0,0.0,0.0,0.0,0.0,0.0,0.0,0.0,0.0,0.0,0.0,0.0,0.0,0.0,0.0,0.0,0.0,0.0,0.0,0.0,0.0,0.0,0.0,0.0,0.0,0.0,0.0,0.0,0.0,0.0,0.0,0.0,0.0,0.0,0.0,0.0,0.0,0.0,0.0,0.0,0.0,0.0,0.0,0.0,0.0,0.0,0.0,0.0,0.0,1.0,0.0,0.0,0.0,0.0,0.0,0.0,0.0,0.0,0.0,0.0,0.0,0.0,0.0,0.0,0.0,0.0,0.0,0.0,0.0,0.0,0.0,0.0,0.0,1.0,0.0,0.0,0.0,0.0,0.0,0.0,0.0,0.0,0.0,0.0,0.0,0.0,0.0,0.0,0.0,0.0,0.0,0.0,0.0,0.0,0.0,0.0,0.0,0.0,0.0,0.0,0.0,0.0,0.0,0.0,0.0,0.0,0.0,0.0,0.0,0.0,0.0,0.0,0.0,0.0,0.0,0.0,0.0,0.0,0.0,0.0,0.0,0.0,0.0,0.0,0.0,0.0,0.0,0.0,0.0,0.0,0.0,0.0,0.0,0.0,0.0,0.0,0.0,0.0,0.0,0.0,0.0,0.0,0.0,0.0,0.0",6.4,66416.0546875,965450.265625,8689.7861328125,167879.73486328125,35.9365234375
1791409162.7692401,idle,4.6,"8.4,10.5,12.0,0.0,0.0,1.0,1.9,1.0,0.0,1.0,1.0,5.1,7.0,1.0,10.9,5.0,1.0,1.0,7.1,1.0,5.8,0.0,0.0,0.0,0.0,1.0,9.8,1.0,1.0,0.0,0.0,0.0,0.0,0.0,12.2,8.9,8.1,11.3,5.1,1.0,9.9,12.0,3.0,3.9,1.0,2.0,1.0,4.0,4.0,24.7,4.0,8.4,5.3,6.5,9.4,5.1,1.9,1.0,5.1,6.9,1.0,0.0,0.0,4.9,1.0,0.0,0.0,0.0,100.0,100.0,100.0,100.0,100.0,100.0,100.0,100.0,0.0,0.0,0.0,0.0,0.0,0.0,0.0,0.0,1.0,0.0,0.0,0.0,0.0,0.0,0.0,0.0,0.0,0.0,0.0,0.0,0.0,0.0,100.0,0.0,0.0,0.0,0.0,0.0,0.0,0.0,0.0,0.0,0.0,0.0,0.0,0.0,0.0,0.0,0.0,0.0,0.0,0.0,0.0,0.0,0.0,0.0,0.0,0.0,0.0,0.0,0.0,0.0,0.0,0.0,0.0,0.0,0.0,0.0,0.0,0.0,0.0,0.0,0.0,0.0,0.0,0.0,0.0,0.0,0.0,0.0,0.0,0.0,0.0,0.0,0.0,0.0,0.0,0.0,0.0,0.0,0.0,0.0,0.0,0.0,0.0,0.0,0.0,0.0,0.0,0.0,0.0,0.0,0.0,0.0,0.0,0.0,0.0,0.0,0.0,0.0,0.0,0.0,0.0,0.0,0.0,0.0,0.0,0.0,0.0,0.0,0.0,0.0,0.0,0.0,0.0,0.0,0.0,0.0,0.0,0.0,0.0,0.0,0.0,0.0,0.0,0.0,0.0,0.0,0.0,0.0,0.0,0.0,0.0,0.0,0.0,0.0,0.0,0.0,0.0,0.0,0.0,0.0,0.0,0.0,0.0,0.0,0.0,0.0,0.0,0.0,0.0,0.0,0.0,0.0,0.0,0.0,0.0,0.0,0.0,0.0,0.0,0.0,0.0,0.0,0.0,0.0,0.0,0.0,0.0,0.0,0.0,1.0,0.0,0.0,0.0,0.0,0.0,0.0,0.0",6.5,66627.06640625,965239.25390625,8689.7861328125,167879.73486328125,35.9365234375
1791409163.8079612,idle,5.8,"14.4,6.1,8.2,7.7,12.7,8.8,6.8,9.9,8.9,7.0,16.0,6.9,4.0,5.0,6.1,10.1,5.8,7.9,9.0,2.0,23.0,8.2,6.0,6.0,6.1,6.0,9.1,6.9,4.0,5.0,0.0,0.0,0.0,0.0,7.1,10.4,12.2,6.4,14.3,11.6,17.2,7.1,9.8,5.9,6.0,4.0,9.9,12.0,11.1,18.8,8.9,21.0,21.4,21.6,13.4,13.7,5.0,5.9,14.9,7.1,13.1,8.0,5.9,12.5,3.8,3.0,3.8,6.9,100.0,100.0,100.0,89.4,99.0,100.0,100.0,99.0,0.0,0.0,0.0,0.0,0.0,1.0,0.0,0.0,0.0,0.0,0.0,0.0,0.0,0.0,0.0,0.0,0.0,0.0,0.0,0.0,0.0,0.0,100.0,0.0,0.0,0.0,0.0,0.0,0.0,0.0,0.0,0.0,0.0,0.0,0.0,0.0,0.0,0.0,0.0,0.0,0.0,0.0,0.0,0.0,0.0,0.0,0.0,0.0,0.0,0.0,0.0,0.0,0.0,0.0,0.0,0.0,0.0,0.0,0.0,0.0,0.0,0.0,0.0,0.0,0.0,0.0,0.0,0.0,0.0,0.0,0.0,0.0,0.0,0.0,0.0,0.0,0.0,0.0,0.0,0.0,0.0,0.0,0.0,1.0,0.0,0.0,0.0,0.0,0.0,0.0,0.0,0.0,0.0,0.0,0.0,0.0,0.0,0.0,0.0,0.0,0.0,0.0,0.0,0.0,0.0,0.0,0.0,0.0,0.0,0.0,0.0,0.0,0.0,0.0,0.0,0.0,0.0,0.0,0.0,0.0,0.0,0.0,0.0,0.0,0.0,0.0,0.0,0.0,0.0,0.0,0.0,0.0,0.0,0.0,0.0,0.0,0.0,0.0,0.0,0.0,0.0,0.0,0.0,0.0,0.0,0.0,0.0,0.0,0.0,0.0,0.0,0.0,0.0,0.0,0.0,0.0,0.0,0.0,0.0,0.0,0.0,0.0,0.0,0.0,0.0,0.0,0.0,0.0,0.0,0.0,0.0,0.0,0.0,0.0,0.0,0.0,0.0,0.0,0.0",6.5,66755.125,965111.1953125,8689.7861328125,167881.89111328125,35.9365234375
1791409164.8657901,idle,4.8,"4.6,0.0,7.8,2.9,7.8,2.0,1.0,5.7,4.9,1.0,1.0,0.0,1.0,2.0,3.9,2.9,3.9,2.9,1.9,2.9,13.5,1.0,3.1,8.4,1.9,1.0,3.8,0.0,2.8,1.9,27.5,13.7,0.0,23.8,5.9,6.7,2.9,1.0,6.7,3.9,5.9,14.0,2.0,1.9,1.0,0.0,1.9,3.0,11.3,8.4,4.0,18.4,15.5,8.0,8.0,7.1,4.9,1.0,1.0,1.9,3.8,1.0,1.0,6.7,1.0,0.0,0.0,1.0,100.0,99.1,100.0,99.1,99.1,99.1,99.0,100.0,0.0,0.0,0.0,0.0,0.0,0.0,0.0,0.0,0.0,0.0,0.0,0.0,0.0,0.0,0.0,0.0,0.0,0.0,0.0,0.0,0.0,0.0,100.0,0.0,0.0,0.0,0.0,0.0,0.0,0.0,0.0,0.0,0.0,0.0,0.0,0.0,0.0,0.0,0.0,0.0,0.0,0.0,0.0,0.0,0.0,0.0,0.0,0.0,0.0,0.0,0.0,0.0,0.0,0.0,0.0,0.0,0.0,0.0,0.0,0.0,0.0,0.0,0.0,0.0,0.0,0.0,0.0,0.0,0.0,0.0,0.0,0.0,0.0,0.0,0.0,0.0,0.0,0.0,0.0,0.0,0.0,0.0,0.0,1.0,0.0,0.0,0.0,0.0,0.0,0.0,0.0,0.0,0.0,0.0,0.0,0.0,0.0,0.0,1.0,0.0,0.0,0.0,0.0,0.0,0.0,0.0,0.0,0.0,0.0,0.0,0.0,0.0,0.0,0.0,0.0,0.0,0.0,0.0,0.0,0.0,0.0,0.0,0.0,0.0,0.0,0.0,0.0,0.0,0.0,0.0,0.0,0.0,0.0,0.0,0.0,0.0,0.0,0.0,0.0,0.0,0.0,0.0,0.0,0.0,0.0,0.0,0.0,0.0,0.0,0.0,0.0,0.0,0.0,0.0,0.0,0.0,0.0,0.0,0.0,0.0,0.0,0.0,0.0,0.0,0.0,0.0,0.0,0.0,0.0,0.0,0.0,1.0,0.0,0.0,0.0,0.0,0.0,0.0,0.0",6.4,66019.796875,965846.5234375,8689.7861328125,167881.89501953125,35.9365234375
1791409165.8721082,idle,6.0,"9.5,12.5,8.1,5.3,9.2,4.3,3.1,11.5,4.1,13.5,8.2,8.2,5.1,6.0,5.2,8.3,10.8,10.2,8.3,10.2,12.5,8.5,13.4,15.1,5.2,8.2,9.5,10.2,7.1,19.6,0.0,2.1,0.0,0.0,15.5,16.0,13.4,9.0,9.4,15.2,7.0,8.2,9.4,4.2,13.4,10.3,10.5,12.8,17.4,22.7,13.5,11.6,18.8,16.1,11.8,12.6,6.3,7.1,9.2,9.1,8.5,7.1,6.1,11.1,4.0,5.1,3.0,4.0,100.0,100.0,100.0,100.0,100.0,100.0,100.0,100.0,0.0,0.0,0.0,0.0,0.0,1.0,0.0,0.0,0.0,1.0,0.0,0.0,0.0,0.0,0.0,0.0,0.0,0.0,0.0,0.0,0.0,0.0,100.0,0.0,0.0,0.0,0.0,0.0,0.0,0.0,0.0,0.0,0.0,0.0,0.0,0.0,0.0,0.0,0.0,0.0,0.0,0.0,0.0,0.0,0.0,0.0,0.0,0.0,0.0,0.0,0.0,0.0,0.0,0.0,0.0,0.0,0.0,0.0,0.0,0.0,0.0,0.0,0.0,0.0,0.0,0.0,0.0,0.0,0.0,0.0,0.0,0.0,0.0,0.0,0.0,0.0,0.0,0.0,0.0,0.0,0.0,0.0,0.0,1.0,0.0,0.0,0.0,0.0,0.0,0.0,0.0,0.0,0.0,0.0,0.0,0.0,0.0,0.0,0.0,0.0,0.0,0.0,0.0,0.0,0.0,0.0,0.0,0.0,0.0,0.0,0.0,0.0,0.0,0.0,0.0,0.0,0.0,0.0,0.0,0.0,0.0,0.0,0.0,0.0,0.0,0.0,0.0,0.0,0.0,0.0,0.0,0.0,0.0,0.0,0.0,0.0,0.0,0.0,0.0,0.0,0.0,0.0,0.0,0.0,0.0,0.0,0.0,0.0,0.0,0.0,0.0,0.0,0.0,0.0,0.0,0.0,0.0,0.0,0.0,0.0,0.0,0.0,0.0,0.0,0.0,0.0,0.0,0.0,0.0,0.0,0.0,0.0,0.0,0.0,0.0,0.0,0.0,0.0,0.0",6.4,66263.18359375,965603.13671875,8689.7861328125,167881.89501953125,34.8203125
1791409166.9066377,idle,4.6,"5.9,4.0,1.0,0.0,1.0,10.0,1.0,7.8,1.0,1.9,2.9,1.0,1.9,1.0,5.9,1.0,3.0,3.0,3.0,1.0,6.8,3.0,5.2,6.1,2.9,0.0,5.0,0.0,3.8,6.9,0.0,0.0,1.0,0.0,7.0,8.1,15.8,6.9,7.8,2.0,2.0,8.1,0.0,0.0,1.0,1.0,4.0,18.0,3.1,6.1,12.1,11.1,5.3,7.1,14.3,18.2,3.0,1.0,2.0,1.0,2.9,0.0,1.0,0.0,0.0,1.9,2.0,0.0,100.0,100.0,99.0,100.0,100.0,100.0,100.0,100.0,0.0,0.0,0.0,0.0,0.0,0.0,0.0,0.0,0.0,0.0,0.0,0.0,0.0,0.0,0.0,0.0,0.0,0.0,0.0,0.0,0.0,0.0,100.0,0.0,0.0,0.0,0.0,0.0,0.0,0.0,0.0,0.0,0.0,0.0,0.0,0.0,0.0,0.0,0.0,0.0,0.0,0.0,0.0,0.0,0.0,0.0,0.0,0.0,0.0,0.0,0.0,0.0,0.0,0.0,0.0,0.0,0.0,0.0,0.0,0.0,0.0,0.0,0.0,0.0,0.0,0.0,0.0,0.0,0.0,0.0,0.0,0.0,0.0,0.0,0.0,0.0,0.0,0.0,0.0,0.0,0.0,0.0,0.0,1.0,0.0,0.0,0.0,0.0,0.0,0.0,0.0,0.0,0.0,0.0,0.0,0.0,0.0,0.0,0.0,0.0,0.0,0.0,0.0,0.0,0.0,0.0,0.0,0.0,0.0,0.0,0.0,0.0,0.0,0.0,0.0,0.0,0.0,0.0,0.0,0.0,0.0,0.0,0.0,0.0,0.0,0.0,0.0,0.0,0.0,0.0,0.0,0.0,0.0,0.0,0.0,0.0,0.0,0.0,0.0,0.0,0.0,0.0,0.0,0.0,0.0,0.0,0.0,0.0,0.0,0.0,0.0,0.0,0.0,0.0,0.0,0.0,0.0,0.0,0.0,0.0,0.0,0.0,0.0,0.0,0.0,0.0,0.0,0.0,0.0,0.0,0.0,0.0,0.0,0.0,0.0,0.0,0.0,0.0,0.0",6.4,66490.0390625,965376.28125,8689.7861328125,167881.89501953125,34.8203125
1791409167.934769,idle,6.1,"8.4,4.2,2.0,8.1,12.0,12.1,9.3,7.1,5.1,7.0,8.1,10.9,5.2,7.3,10.3,10.0,12.6,7.5,9.6,7.2,13.0,4.3,13.8,14.9,8.3,6.2,15.0,13.3,5.1,8.3,13.9,15.8,0.0,18.6,19.0,11.2,11.1,5.1,9.2,11.0,8.5,21.9,8.1,5.1,10.1,6.1,8.2,15.8,14.6,12.6,9.3,17.7,23.7,15.8,18.6,9.5,5.1,6.9,7.9,5.1,5.2,8.2,6.9,9.0,5.0,3.0,5.8,8.0,100.0,100.0,100.0,100.0,100.0,100.0,99.0,100.0,0.0,0.0,0.0,0.0,0.0,0.0,0.0,0.0,0.0,0.0,0.0,0.0,0.0,0.0,0.0,0.0,0.0,0.0,0.0,0.0,0.0,0.0,99.0,0.0,2.9,0.0,0.0,0.0,0.0,0.0,0.0,0.0,0.0,0.0,0.0,0.0,0.0,0.0,0.0,0.0,0.0,0.0,0.0,0.0,0.0,0.0,0.0,0.0,0.0,0.0,0.0,0.0,0.0,0.0,0.0,0.0,0.0,0.0,0.0,0.0,0.0,0.0,0.0,0.0,0.0,0.0,0.0,0.0,0.0,0.0,0.0,0.0,0.0,0.0,0.0,0.0,0.0,0.0,0.0,0.0,0.0,0.0,0.0,1.0,0.0,0.0,0.0,0.0,0.0,0.0,0.0,0.0,0.0,0.0,0.0,0.0,0.0,0.0,0.0,0.0,0.0,0.0,0.0,0.0,0.0,0.0,0.0,0.0,0.0,0.0,0.0,0.0,0.0,0.0,0.0,0.0,0.0,0.0,0.0,0.0,0.0,0.0,0.0,0.0,0.0,0.0,0.0,0.0,0.0,0.0,0.0,0.0,0.0,0.0,0.0,0.0,0.0,0.0,0.0,0.0,0.0,0.0,0.0,0.0,0.0,0.0,0.0,0.0,0.0,0.0,0.0,0.0,0.0,0.0,0.0,0.0,0.0,0.0,0.0,0.0,0.0,0.0,0.0,0.0,0.0,0.0,0.0,0.0,0.0,0.0,0.0,0.0,0.0,0.0,0.0,0.0,0.0,0.0,0.0",6.4,66042.25,965824.0703125,8689.7861328125,167881.89501953125,34.8203125
1791409168.9408677,idle,4.8,"3.5,2.0,1.0,3.0,10.4,4.2,11.3,4.0,1.0,0.0,12.2,0.0,0.0,1.0,4.0,12.2,11.3,0.0,5.3,3.0,9.2,3.2,4.1,6.1,1.0,3.0,7.0,1.0,3.0,6.1,3.0,9.9,0.0,7.1,1.0,12.1,9.9,1.0,3.1,4.0,1.0,18.6,4.0,3.0,2.0,5.1,3.1,6.9,14.6,7.6,4.3,4.2,9.8,10.6,17.7,1.0,2.0,0.0,1.0,1.0,1.0,2.0,4.2,13.1,1.0,0.0,0.0,1.0,100.0,100.0,100.0,100.0,100.0,100.0,100.0,100.0,0.0,0.0,0.0,0.0,0.0,0.0,0.0,0.0,1.0,0.0,0.0,0.0,0.0,0.0,0.0,0.0,0.0,0.0,0.0,0.0,0.0,0.0,100.0,0.0,0.0,0.0,0.0,0.0,0.0,0.0,0.0,0.0,0.0,0.0,0.0,0.0,0.0,0.0,0.0,0.0,0.0,0.0,0.0,0.0,0.0,0.0,0.0,0.0,0.0,0.0,0.0,0.0,0.0,0.0,1.0,0.0,0.0,0.0,0.0,0.0,0.0,0.0,0.0,0.0,0.0,0.0,0.0,0.0,0.0,0.0,0.0,0.0,0.0,0.0,0.0,0.0,0.0,0.0,0.0,0.0,0.0,0.0,0.0,1.1,0.0,0.0,0.0,0.0,0.0,0.0,0.0,0.0,0.0,0.0,0.0,0.0,0.0,0.0,0.0,0.0,0.0,0.0,0.0,0.0,0.0,0.0,0.0,0.0,0.0,0.0,0.0,0.0,0.0,0.0,0.0,0.0,0.0,0.0,0.0,0.0,0.0,0.0,0.0,0.0,0.0,0.0,0.0,0.0,0.0,0.0,0.0,0.0,0.0,0.0,0.0,0.0,0.0,0.0,0.0,0.0,0.0,0.0,0.0,0.0,0.0,0.0,0.0,0.0,0.0,0.0,0.0,0.0,0.0,0.0,0.0,0.0,0.0,0.0,0.0,0.0,0.0,0.0,0.0,0.0,0.0,0.0,0.0,0.0,0.0,0.0,0.0,2.0,0.0,0.0,0.0,0.0,0.0,0.0,0.0",6.4,66227.40234375,965638.91796875,8689.7861328125,167883.49267578125,34.8203125
1791409170.0056434,idle,6.1,"11.1,5.9,6.7,6.8,15.7,9.2,6.7,5.8,5.6,8.6,33.0,6.7,10.5,13.7,15.5,9.6,3.9,6.8,12.9,9.8,11.0,12.1,8.7,11.5,11.9,9.4,12.6,15.5,9.7,19.2,0.0,0.0,0.0,0.0,15.0,15.4,12.4,3.8,10.6,12.5,4.8,17.2,28.4,9.8,5.7,5.7,7.8,9.6,7.9,6.1,10.9,14.3,12.9,14.7,12.9,12.6,7.7,6.8,12.4,9.6,8.6,10.4,8.5,16.3,2.9,3.7,1.9,2.9,100.0,89.5,96.2,99.1,99.1,99.1,100.0,99.1,0.0,0.0,0.0,0.0,0.0,6.7,0.0,0.0,0.0,0.0,0.0,0.0,0.0,0.0,0.0,0.0,0.0,0.0,0.0,0.0,0.0,0.0,100.0,0.0,0.0,0.0,0.0,0.0,0.0,0.0,0.0,0.0,0.0,0.0,0.0,0.0,0.0,0.0,0.0,0.0,0.0,0.0,0.0,0.0,0.0,0.0,0.0,0.0,0.0,0.0,0.0,0.0,0.0,0.0,0.0,0.0,0.0,0.0,0.0,0.0,0.0,0.0,0.0,0.0,0.0,0.0,0.0,0.0,0.0,0.0,0.0,0.0,0.0,0.0,0.0,0.0,1.9,0.0,0.0,0.0,0.0,0.0,0.0,1.9,0.0,0.0,0.0,0.0,0.0,0.0,0.0,0.0,0.0,0.0,0.0,0.0,0.0,0.0,0.0,0.0,0.0,0.0,0.0,0.0,0.0,0.0,0.0,0.0,0.0,0.0,0.0,0.0,0.0,0.0,0.0,0.0,0.0,0.0,0.0,0.0,0.0,0.0,0.0,0.0,0.0,0.0,0.0,0.0,0.0,0.0,0.0,0.0,0.0,0.0,0.0,0.0,0.0,0.0,0.0,0.0,0.0,0.0,0.0,0.0,0.0,0.0,0.0,0.0,0.0,0.0,0.0,0.0,0.0,0.0,0.0,0.0,0.0,0.0,0.0,0.0,0.0,0.0,0.0,0.0,0.0,0.0,0.0,0.0,0.0,0.0,0.0,0.0,0.0,0.0,0.0,0.0,0.0,0.0,0.0",6.4,66314.98046875,965551.33984375,8689.7861328125,167883.49267578125,34.8203125
1791409171.0498161,idle,5.0,"9.1,5.3,2.9,1.0,4.9,3.9,2.9,0.0,2.0,2.0,11.0,2.9,2.9,13.4,10.9,7.9,2.0,1.0,9.1,8.9,5.0,3.9,6.8,3.0,2.0,3.0,2.0,19.6,3.0,8.2,0.0,0.0,0.0,0.0,21.2,7.8,6.8,2.9,4.0,8.8,1.0,11.1,8.1,1.0,5.0,12.7,1.0,0.0,9.7,12.1,7.1,2.1,14.4,20.2,6.4,11.5,2.9,2.9,0.0,1.0,4.8,0.0,14.0,11.0,1.0,0.0,1.0,3.8,100.0,99.0,100.0,99.0,100.0,100.0,100.0,100.0,0.0,0.0,0.0,0.0,0.0,0.0,1.0,0.0,0.0,0.0,0.0,0.0,0.0,0.0,0.0,0.0,0.0,0.0,0.0,0.0,0.0,0.0,100.0,1.0,0.0,0.0,0.0,0.0,0.0,0.0,0.0,0.0,0.0,0.0,0.0,0.0,0.0,0.0,0.0,0.0,0.0,0.0,0.0,0.0,0.0,0.0,0.0,0.0,0.0,0.0,0.0,0.0,0.0,0.0,0.0,0.0,0.0,0.0,0.0,0.0,0.0,0.0,0.0,0.0,0.0,0.0,0.0,0.0,0.0,0.0,0.0,0.0,0.0,0.0,0.0,0.0,0.0,0.0,0.0,0.0,0.0,0.0,0.0,0.0,0.0,0.0,0.0,0.0,0.0,0.0,0.0,0.0,0.0,0.0,0.0,0.0,0.0,0.0,0.0,0.0,0.0,0.0,0.0,0.0,0.0,0.0,0.0,0.0,0.0,0.0,0.0,0.0,0.0,0.0,0.0,0.0,0.0,0.0,0.0,0.0,0.0,0.0,0.0,0.0,0.0,0.0,0.0,0.0,0.0,0.0,0.0,0.0,0.0,0.0,0.0,0.0,0.0,0.0,0.0,0.0,0.0,0.0,0.0,0.0,0.0,0.0,0.0,0.0,0.0,0.0,0.0,0.0,0.0,0.0,0.0,0.0,0.0,0.0,0.0,0.0,0.0,0.0,0.0,0.0,0.0,0.0,0.0,0.0,0.0,0.0,0.0,0.0,0.0,0.0,0.0,0.0,0.0,0.0,0.0",6.4,66517.453125,965348.8671875,8689.7861328125,167883.49658203125,34.03369140625
1791409172.077082,idle,6.1,"10.5,8.4,3.2,5.2,10.4,6.0,10.0,8.8,8.2,15.3,7.1,4.1,3.1,13.7,6.2,10.3,4.1,5.0,14.3,11.3,15.2,10.0,11.2,12.0,3.1,6.1,3.0,7.9,5.0,5.1,45.5,10.7,1.0,32.4,8.2,15.8,8.1,8.2,8.2,11.1,5.2,12.4,10.1,6.2,9.1,12.9,7.1,7.1,7.3,9.6,18.4,9.2,32.6,13.3,11.3,11.7,6.2,14.3,7.1,5.0,6.0,7.0,8.1,8.2,5.9,3.0,2.0,2.9,99.0,100.0,100.0,100.0,100.0,100.0,99.0,100.0,0.0,0.0,0.0,0.0,0.0,1.0,0.0,1.0,1.9,1.0,0.0,0.0,0.0,0.0,0.0,0.0,0.0,0.0,0.0,0.0,0.0,0.0,99.0,1.9,0.0,1.0,0.0,0.0,0.0,0.0,0.0,0.0,0.0,0.0,0.0,0.0,0.0,0.0,0.0,0.0,0.0,0.0,0.0,0.0,0.0,0.0,0.0,0.0,0.0,0.0,0.0,0.0,0.0,0.0,0.0,0.0,0.0,0.0,0.0,0.0,0.0,0.0,0.0,0.0,0.0,0.0,0.0,0.0,0.0,0.0,0.0,0.0,0.0,0.0,0.0,0.0,0.0,0.0,0.0,0.0,0.0,0.0,0.0,1.0,0.0,0.0,0.0,0.0,0.0,0.0,0.0,0.0,0.0,0.0,0.0,0.0,0.0,0.0,0.0,0.0,0.0,0.0,0.0,0.0,0.0,0.0,0.0,0.0,0.0,0.0,0.0,0.0,0.0,0.0,0.0,0.0,0.0,0.0,0.0,0.0,0.0,0.0,0.0,0.0,0.0,0.0,0.0,0.0,0.0,0.0,0.0,0.0,0.0,0.0,0.0,0.0,0.0,0.0,0.0,0.0,0.0,0.0,0.0,0.0,0.0,0.0,0.0,0.0,0.0,0.0,0.0,0.0,0.0,0.0,0.0,0.0,0.0,0.0,0.0,0.0,0.0,0.0,0.0,0.0,0.0,0.0,0.0,0.0,0.0,0.0,0.0,0.0,0.0,0.0,0.0,0.0,0.0,0.0,0.0",6.4,65710.0234375,966156.296875,8689.7861328125,167883.49658203125,34.03369140625
1791409173.1082876,idle,5.1,"4.8,13.7,3.0,2.9,2.0,8.7,2.0,1.0,2.0,2.0,1.0,2.9,4.0,5.1,6.0,9.1,3.9,1.0,7.9,6.9,9.0,3.0,13.3,7.0,2.0,8.0,9.8,4.0,1.0,4.0,21.2,19.6,5.9,39.4,10.0,6.1,4.9,7.1,4.0,5.8,4.9,4.0,8.8,2.0,3.9,6.1,5.0,6.1,16.0,10.6,3.0,13.0,14.4,5.9,3.0,6.0,4.0,4.9,2.0,2.0,2.0,4.9,5.0,3.0,2.0,1.0,0.0,2.0,100.0,91.2,98.1,95.1,100.0,92.2,100.0,97.1,0.0,0.0,0.0,0.0,0.0,0.0,0.0,0.0,0.0,0.0,0.0,0.0,0.0,0.0,0.0,0.0,0.0,0.0,0.0,0.0,0.0,0.0,100.0,4.0,0.0,3.9,0.0,0.0,0.0,0.0,0.0,0.0,0.0,0.0,0.0,0.0,0.0,0.0,0.0,0.0,0.0,0.0,0.0,0.0,0.0,0.0,0.0,0.0,0.0,0.0,0.0,0.0,0.0,0.0,0.0,0.0,0.0,0.0,0.0,0.0,0.0,0.0,0.0,0.0,0.0,0.0,0.0,0.0,0.0,0.0,0.0,0.0,0.0,0.0,0.0,0.0,0.0,0.0,0.0,0.0,0.0,0.0,0.0,1.0,0.0,0.0,0.0,0.0,0.0,0.0,0.0,0.0,0.0,0.0,0.0,0.0,0.0,0.0,0.0,0.0,0.0,0.0,0.0,0.0,0.0,0.0,0.0,0.0,0.0,0.0,0.0,0.0,0.0,0.0,0.0,0.0,0.0,0.0,0.0,0.0,0.0,0.0,0.0,0.0,0.0,0.0,0.0,0.0,0.0,0.0,0.0,0.0,0.0,0.0,0.0,0.0,0.0,0.0,0.0,0.0,0.0,0.0,0.0,0.0,0.0,0.0,0.0,0.0,0.0,0.0,0.0,0.0,0.0,0.0,0.0,0.0,0.0,0.0,0.0,0.0,0.0,0.0,0.0,0.0,0.0,0.0,0.0,0.0,0.0,0.0,0.0,0.0,0.0,0.0,0.0,0.0,0.0,0.0,0.0",6.4,65615.375,966250.9453125,8689.7861328125,167883.49658203125,34.03369140625
1791409174.134179,idle,6.1,"6.0,6.4,7.0,16.3,7.1,6.0,7.1,18.0,8.2,13.3,8.2,7.1,9.1,8.8,6.3,18.8,5.1,15.6,17.5,9.3,11.0,6.0,11.1,9.0,3.0,3.0,3.9,7.1,3.0,1.0,68.6,0.0,0.0,0.0,14.4,24.0,17.0,7.4,16.5,9.3,5.0,2.0,7.0,5.2,12.2,6.1,7.1,6.9,10.9,17.4,13.4,12.6,18.9,11.6,8.3,9.7,15.3,8.0,5.1,4.9,5.9,7.4,11.2,25.3,2.0,3.9,5.0,2.0,100.0,100.0,100.0,100.0,100.0,100.0,100.0,100.0,0.0,0.0,0.0,0.0,0.0,2.1,0.0,0.0,1.0,0.0,0.0,0.0,0.0,0.0,0.0,0.0,0.0,0.0,0.0,0.0,0.0,0.0,100.0,0.0,0.0,0.0,0.0,0.0,0.0,0.0,0.0,0.0,0.0,0.0,0.0,0.0,0.0,0.0,0.0,0.0,0.0,0.0,0.0,0.0,0.0,0.0,0.0,0.0,0.0,0.0,0.0,0.0,0.0,0.0,0.0,1.0,0.0,0.0,0.0,0.0,0.0,0.0,0.0,0.0,0.0,0.0,0.0,0.0,0.0,0.0,0.0,0.0,0.0,0.0,0.0,0.0,0.0,0.0,0.0,0.0,0.0,0.0,0.0,1.0,0.0,0.0,0.0,0.0,0.0,0.0,0.0,0.0,0.0,0.0,0.0,0.0,0.0,0.0,0.0,0.0,0.0,0.0,0.0,0.0,0.0,0.0,0.0,0.0,0.0,0.0,0.0,0.0,0.0,0.0,0.0,0.0,0.0,0.0,0.0,0.0,0.0,0.0,0.0,0.0,0.0,0.0,0.0,0.0,0.0,0.0,0.0,0.0,0.0,0.0,0.0,0.0,0.0,0.0,0.0,0.0,0.0,0.0,0.0,0.0,0.0,0.0,0.0,0.0,0.0,0.0,0.0,0.0,0.0,0.0,0.0,0.0,0.0,0.0,0.0,0.0,0.0,0.0,0.0,0.0,0.0,0.0,0.0,0.0,0.0,0.0,0.0,0.0,0.0,0.0,0.0,0.0,0.0,0.0,0.0",6.4,65907.94921875,965958.37109375,8689.7861328125,167885.32080078125,34.03369140625
1791409175.1679635,idle,5.3,"16.3,5.0,1.0,1.0,8.2,5.0,5.9,3.0,4.9,7.9,2.0,2.0,5.0,6.1,7.0,16.0,2.0,5.9,6.0,4.4,5.2,2.0,4.9,3.1,2.9,5.9,6.0,2.9,2.9,1.0,48.1,3.8,1.9,2.0,9.9,14.1,9.0,3.2,8.2,18.2,4.0,3.9,2.9,3.9,6.9,4.9,2.0,18.0,7.9,4.3,6.9,6.5,16.7,8.2,5.2,5.9,2.9,2.9,2.9,0.0,1.0,2.0,14.7,67.6,1.0,1.9,1.9,1.9,100.0,100.0,100.0,100.0,100.0,100.0,100.0,99.1,0.0,0.0,0.0,0.0,0.0,1.0,0.0,0.0,1.0,0.0,0.0,0.0,0.0,0.0,0.0,0.0,0.0,0.0,0.0,0.0,0.0,0.0,67.3,2.0,0.0,1.9,0.0,0.0,0.0,0.0,0.0,0.0,0.0,0.0,0.0,0.0,0.0,0.0,0.0,0.0,0.0,0.0,0.0,0.0,0.0,0.0,0.0,0.0,0.0,0.0,0.0,0.0,0.0,0.0,0.0,0.0,0.0,0.0,0.0,0.0,0.0,0.0,0.0,0.0,0.0,0.0,0.0,0.0,0.0,0.0,0.0,0.0,0.0,0.0,0.0,0.0,0.0,0.0,0.0,0.0,0.0,0.0,0.0,2.0,0.0,0.0,0.0,0.0,0.0,0.0,0.0,0.0,0.0,0.0,0.0,0.0,0.0,0.0,0.0,0.0,0.0,0.0,0.0,0.0,0.0,0.0,0.0,0.0,0.0,0.0,0.0,0.0,0.0,0.0,0.0,0.0,0.0,0.0,0.0,0.0,0.0,0.0,0.0,0.0,0.0,0.0,0.0,0.0,0.0,0.0,0.0,0.0,0.0,0.0,0.0,0.0,0.0,0.0,0.0,0.0,0.0,0.0,0.0,0.0,0.0,0.0,0.0,0.0,0.0,0.0,0.0,0.0,0.0,0.0,0.0,0.0,0.0,0.0,0.0,0.0,0.0,0.0,0.0,0.0,0.0,0.0,0.0,0.0,0.0,0.0,0.0,1.0,0.0,0.0,0.0,0.0,0.0,0.0,0.0",6.3,65503.49609375,966362.82421875,8689.7861328125,167885.32080078125,32.74951171875
1791409176.1962016,idle,5.5,"18.5,6.4,9.9,4.1,21.0,2.0,12.6,3.0,3.0,4.1,4.9,8.9,1.0,3.9,20.0,6.1,4.0,3.0,1.0,9.0,7.0,5.8,6.0,5.0,1.0,6.9,1.9,1.0,2.0,1.0,61.0,53.5,4.8,1.0,11.0,17.5,3.0,14.1,8.9,13.1,19.6,5.9,3.9,2.0,6.0,1.0,2.1,10.8,2.0,6.1,9.0,7.1,15.2,5.1,6.1,7.8,4.0,2.0,3.0,4.0,2.0,22.8,55.3,5.1,1.9,2.0,3.9,3.0,100.0,100.0,100.0,100.0,100.0,100.0,100.0,100.0,0.0,0.0,0.0,0.0,0.0,0.0,0.0,0.0,0.0,0.0,0.0,0.0,0.0,0.0,0.0,0.0,0.0,0.0,0.0,0.0,0.0,0.0,11.5,1.9,11.5,0.0,0.0,0.0,0.0,0.0,0.0,0.0,0.0,0.0,0.0,0.0,0.0,0.0,0.0,0.0,0.0,0.0,0.0,0.0,0.0,0.0,0.0,0.0,0.0,0.0,0.0,0.0,0.0,0.0,0.0,0.0,0.0,0.0,0.0,0.0,0.0,0.0,0.0,0.0,0.0,0.0,0.0,0.0,0.0,0.0,0.0,0.0,0.0,0.0,0.0,0.0,0.0,0.0,0.0,0.0,0.0,0.0,0.0,0.0,0.0,0.0,0.0,0.0,0.0,0.0,0.0,0.0,0.0,0.0,0.0,0.0,0.0,0.0,0.0,0.0,0.0,0.0,0.0,0.0,0.0,0.0,0.0,0.0,0.0,0.0,0.0,0.0,0.0,0.0,0.0,0.0,0.0,0.0,0.0,0.0,0.0,0.0,0.0,0.0,0.0,0.0,0.0,0.0,0.0,0.0,0.0,0.0,0.0,0.0,0.0,0.0,0.0,0.0,0.0,0.0,0.0,0.0,0.0,0.0,0.0,0.0,0.0,0.0,0.0,0.0,0.0,0.0,0.0,0.0,0.0,0.0,0.0,0.0,0.0,0.0,0.0,0.0,0.0,0.0,0.0,0.0,0.0,0.0,0.0,0.0,0.0,0.0,0.0,0.0,0.0,0.0,0.0,0.0,0.0",6.4,65746.9921875,966119.328125,8689.7861328125,167885.32080078125,32.74951171875
1791409177.2404902,aggregate_n8_vmnos256_r1:submission,5.8,"5.7,5.1,7.1,5.9,8.1,7.0,5.9,4.9,5.0,14.7,5.1,7.0,4.0,5.8,6.8,9.7,3.0,2.0,1.0,12.1,24.0,7.0,5.9,5.0,2.0,2.0,2.0,3.0,1.0,2.0,91.3,57.8,6.8,25.2,13.3,12.9,3.0,4.0,7.0,7.0,5.3,3.9,1.0,4.9,9.0,5.8,4.0,3.0,8.8,2.0,1.9,4.9,91.3,2.0,2.9,2.9,5.1,4.0,8.0,5.2,7.2,8.0,8.9,7.8,2.9,2.0,1.0,5.8,99.0,100.0,98.1,100.0,100.0,99.0,100.0,100.0,0.0,0.0,0.0,0.0,0.0,1.0,0.0,0.0,2.0,0.0,0.0,0.0,0.0,0.0,0.0,0.0,0.0,0.0,0.0,0.0,0.0,0.0,11.7,2.9,23.5,2.0,0.0,0.0,0.0,0.0,0.0,0.0,0.0,0.0,0.0,0.0,0.0,0.0,0.0,0.0,0.0,0.0,0.0,0.0,0.0,0.0,0.0,0.0,0.0,0.0,0.0,0.0,0.0,0.0,0.0,0.0,0.0,0.0,0.0,0.0,0.0,0.0,0.0,0.0,0.0,0.0,0.0,0.0,0.0,0.0,0.0,0.0,0.0,0.0,0.0,0.0,0.0,0.0,0.0,0.0,0.0,0.0,0.0,1.0,0.0,0.0,0.0,0.0,0.0,0.0,0.0,0.0,0.0,0.0,0.0,0.0,0.0,0.0,0.0,0.0,0.0,0.0,0.0,0.0,0.0,0.0,0.0,0.0,0.0,0.0,0.0,0.0,0.0,0.0,0.0,0.0,0.0,0.0,0.0,0.0,0.0,0.0,0.0,0.0,0.0,0.0,0.0,0.0,0.0,0.0,0.0,0.0,0.0,0.0,0.0,0.0,0.0,0.0,0.0,0.0,0.0,0.0,0.0,0.0,0.0,0.0,0.0,0.0,0.0,0.0,0.0,0.0,0.0,0.0,0.0,0.0,0.0,0.0,0.0,0.0,0.0,0.0,0.0,0.0,0.0,0.0,0.0,0.0,0.0,0.0,0.0,0.0,0.0,0.0,0.0,0.0,0.0,0.0,0.0",6.4,66300.03515625,965566.28515625,8689.7861328125,167885.32470703125,32.74951171875
1791409178.513943,aggregate_n8_vmnos256_r1:confirmation,11.9,"37.3,31.7,34.4,30.1,30.6,34.7,41.0,29.7,40.2,29.7,28.6,28.7,31.5,32.5,35.4,38.6,28.0,34.4,31.2,25.4,43.3,28.0,28.0,26.4,26.4,27.8,27.0,22.6,27.1,23.8,20.2,53.4,63.8,41.1,24.8,33.3,38.6,30.9,23.0,29.1,27.8,40.0,38.2,33.9,27.9,30.4,28.9,36.7,29.0,32.0,27.3,32.0,31.3,28.8,25.2,38.5,27.6,39.5,26.0,35.5,28.7,31.1,27.4,29.8,26.6,24.8,29.5,27.2,100.0,100.0,99.2,100.0,99.2,100.0,99.2,100.0,0.0,0.0,0.0,0.0,0.0,1.5,0.0,0.0,4.8,0.0,0.0,0.0,0.0,0.0,0.0,0.0,0.0,0.0,0.0,0.0,0.0,0.0,94.7,3.1,3.1,3.1,0.0,0.0,0.0,0.0,0.0,0.0,0.0,0.0,0.0,0.0,0.0,0.0,0.0,0.0,0.0,0.0,0.0,0.0,0.0,0.0,0.0,0.0,0.0,0.0,0.0,0.0,0.0,0.0,0.0,0.0,0.0,0.0,0.0,0.0,0.0,0.0,0.0,0.0,0.0,0.0,0.0,0.0,0.0,0.0,0.0,0.0,0.0,0.0,0.0,0.0,0.0,0.0,0.0,0.0,0.0,0.0,0.0,0.0,0.0,0.0,0.0,0.0,0.0,0.0,0.0,0.0,0.0,0.0,0.0,0.8,0.0,0.0,0.0,0.0,0.0,0.0,0.0,0.0,0.0,0.0,0.0,0.0,0.0,0.0,0.0,0.0,0.0,0.0,0.0,0.0,0.0,0.0,0.0,0.0,0.0,0.0,0.0,0.0,0.0,0.0,0.0,0.0,0.0,0.0,0.0,0.0,0.0,0.0,0.0,0.0,0.0,0.0,0.0,0.0,0.0,0.0,0.0,0.0,0.0,0.0,0.0,0.0,0.0,0.0,0.0,0.0,0.0,0.0,0.0,0.0,0.0,0.0,0.0,0.0,0.0,0.0,0.0,0.0,0.0,0.0,0.0,0.0,0.0,0.0,0.0,0.0,0.0,0.0,0.0,0.0,0.0,0.0,0.0",6.4,66112.26953125,965754.05078125,8689.7861328125,167885.59033203125,32.74951171875
1791409179.798455,aggregate_n8_vmnos256_r1:confirmation,12.8,"32.6,32.3,38.0,35.7,42.7,34.4,32.3,36.7,31.5,40.3,32.8,38.3,28.1,36.9,35.2,32.8,33.8,32.8,31.3,31.0,32.8,32.8,29.8,26.9,30.5,32.3,46.9,32.0,29.5,33.3,50.8,24.8,4.4,38.2,34.8,34.6,35.4,37.0,38.1,43.3,32.0,50.4,36.4,36.7,46.0,31.3,32.3,33.6,30.5,30.5,48.1,44.4,54.3,30.5,28.7,42.9,39.8,29.5,55.0,30.3,47.7,31.8,36.1,37.7,41.8,42.2,34.6,43.0,100.0,100.0,100.0,96.4,100.0,100.0,100.0,100.0,0.0,0.0,0.0,0.0,0.0,0.8,0.0,0.0,0.8,0.0,0.0,0.0,0.0,0.0,0.0,0.0,0.0,0.0,0.0,0.0,0.0,0.0,100.0,5.9,0.7,0.0,0.0,0.0,0.0,0.0,0.0,0.0,0.0,0.0,0.0,0.0,0.0,0.0,0.0,0.0,0.0,0.0,0.0,0.0,0.0,0.0,0.0,0.0,0.0,0.0,0.0,0.0,0.0,0.0,0.0,0.0,0.0,0.0,0.0,0.0,0.0,0.0,0.0,0.0,0.0,0.0,0.0,0.0,0.0,0.0,0.0,0.0,0.0,0.0,0.0,0.0,0.0,0.0,0.0,0.0,0.0,0.0,0.0,0.8,0.0,0.0,0.0,0.0,0.0,0.0,0.0,0.0,0.0,0.0,0.0,0.0,0.0,0.0,0.0,0.0,0.7,0.0,0.0,0.0,0.7,0.0,0.0,0.0,0.0,0.0,0.0,0.0,0.0,0.0,0.0,0.0,0.0,0.0,0.0,0.0,0.0,0.0,0.0,0.0,0.0,0.0,0.0,0.0,0.0,0.0,0.0,0.0,0.0,0.0,0.0,0.0,0.0,0.0,0.0,0.0,0.0,0.0,0.0,0.0,0.0,0.0,0.0,0.0,0.0,0.0,0.0,0.0,0.0,0.0,0.0,0.0,0.0,0.0,0.0,0.0,0.0,0.0,0.0,0.0,0.0,0.0,0.0,0.0,0.0,0.0,0.0,0.0,0.0,0.0,0.0,0.0,0.0,0.0,0.0",6.3,65277.32421875,966588.99609375,8689.7861328125,167888.07080078125,32.048828125
1791409181.3523393,aggregate_n8_vmnos256_r1:confirmation,8.1,"19.1,24.3,24.8,28.7,13.2,13.8,29.7,12.6,12.4,15.1,20.8,12.0,15.3,16.7,14.8,30.2,13.8,10.5,17.3,12.7,11.8,13.7,25.5,10.6,9.9,19.7,29.7,28.5,15.3,13.7,16.6,10.7,3.3,33.8,13.2,15.7,16.8,17.6,10.0,18.0,14.2,11.4,13.3,21.3,22.1,18.4,15.6,15.3,11.7,16.6,28.3,13.8,19.9,14.6,12.8,21.7,22.3,12.1,11.0,25.9,14.1,12.4,16.0,16.3,12.2,25.3,12.6,13.2,100.0,99.4,100.0,100.0,100.0,100.0,100.0,100.0,0.0,0.0,0.0,0.0,0.0,0.0,0.0,0.0,0.0,0.0,0.0,0.0,0.0,0.0,0.0,0.0,0.0,0.0,0.0,0.0,0.0,0.0,100.0,3.9,2.6,3.9,0.0,0.0,0.0,0.0,0.0,0.0,0.0,0.0,0.0,0.0,0.0,0.0,0.0,0.0,0.0,0.0,0.0,0.0,0.0,0.0,0.0,0.0,0.0,0.0,0.0,0.0,0.0,0.0,0.0,0.0,0.0,0.0,0.0,0.0,0.0,0.0,0.0,0.0,0.0,0.0,0.0,0.0,0.0,0.0,0.0,0.0,0.0,0.0,0.0,0.0,0.0,0.0,0.0,0.0,0.0,0.0,0.0,0.7,0.0,0.0,0.0,0.0,0.0,0.0,0.0,0.0,0.0,0.0,0.0,0.0,0.0,0.0,0.0,0.0,0.0,0.0,0.0,0.0,0.0,0.0,0.0,0.0,0.0,0.0,0.0,0.0,0.0,0.0,0.0,0.0,0.0,0.0,0.0,0.0,0.0,0.0,0.0,0.0,0.0,0.0,0.0,0.0,0.0,0.0,0.0,0.0,0.0,0.0,0.0,0.0,0.0,0.0,0.0,0.0,0.0,0.0,0.0,0.0,0.0,38.3,0.0,0.0,0.0,0.0,0.0,0.0,0.0,0.0,0.0,0.0,0.0,0.0,0.0,0.0,0.0,0.0,0.0,0.0,0.0,0.0,0.0,0.0,0.0,0.0,0.0,0.0,0.0,0.0,0.0,0.0,0.0,0.0,0.0",6.2,64345.0390625,967521.28125,8689.7861328125,167888.07080078125,32.048828125
1791409182.9250996,aggregate_n8_vmnos256_r1:confirmation,5.6,"14.4,9.2,5.9,12.2,4.5,6.5,5.8,5.1,1.3,7.9,9.2,5.2,3.2,11.8,4.6,9.0,7.6,4.5,2.6,3.2,6.5,4.5,3.2,6.0,3.9,7.1,2.6,5.8,4.5,3.2,15.0,23.0,1.9,1.3,7.1,8.9,2.6,2.6,16.8,11.7,2.5,5.2,7.7,3.9,2.6,3.2,2.5,5.2,3.9,12.2,13.7,13.6,12.0,7.8,10.5,5.9,5.1,6.4,4.4,3.1,4.5,7.3,8.1,7.8,0.0,5.1,0.6,0.0,100.0,100.0,99.4,100.0,100.0,100.0,100.0,99.4,0.0,0.0,0.0,0.0,0.0,2.6,0.0,0.0,1.3,0.0,0.0,0.0,0.0,0.0,0.0,0.0,0.0,0.0,0.0,0.0,0.0,0.0,74.7,0.6,1.2,1.9,0.0,0.0,0.0,0.0,0.0,0.0,0.0,0.0,0.0,0.0,0.0,0.0,0.0,0.0,0.0,0.0,0.0,0.0,0.0,0.0,0.0,0.0,0.0,0.0,0.0,0.0,0.0,0.0,0.0,0.0,0.0,0.0,0.0,0.0,0.0,0.0,0.0,0.0,0.0,0.0,0.0,0.0,0.0,0.0,0.0,0.0,0.0,0.0,0.0,0.0,0.0,0.0,0.0,0.0,0.0,0.0,0.0,0.0,0.0,0.0,0.0,0.0,0.0,0.0,0.0,0.0,0.0,0.0,0.0,0.0,0.0,0.0,0.0,0.0,0.0,0.0,0.0,0.0,0.0,0.0,0.0,0.0,0.0,0.0,0.0,0.0,0.0,0.0,0.0,0.0,0.0,0.0,0.0,0.0,0.0,0.0,0.0,0.0,0.0,0.0,0.0,0.0,0.0,0.0,0.0,0.0,0.0,0.0,0.0,0.0,0.0,0.0,0.0,0.0,0.0,0.0,0.0,0.0,0.0,100.0,0.0,0.0,0.0,0.0,0.0,0.0,0.0,0.0,0.0,0.0,0.0,0.0,0.0,0.0,0.0,0.0,0.0,0.0,0.0,0.0,0.0,0.0,0.0,0.0,0.0,0.0,0.0,0.0,0.0,0.0,0.0,0.0,0.0",6.2,63668.375,968197.9453125,8689.7861328125,167888.07080078125,32.048828125
1791409184.446851,aggregate_n8_vmnos256_r1:confirmation,7.7,"21.0,14.1,17.4,18.8,13.5,15.2,17.4,11.7,16.1,12.9,10.7,11.5,12.1,15.6,17.2,23.1,14.5,11.6,8.2,16.9,8.1,9.9,16.8,15.4,7.9,12.7,11.3,12.6,10.4,7.4,67.1,35.5,65.8,59.2,11.3,19.9,8.9,16.7,10.3,10.2,15.8,12.2,14.4,16.7,11.5,17.8,11.6,12.6,13.6,18.6,16.2,15.5,10.2,10.8,14.4,9.7,11.1,12.5,11.6,12.2,14.8,11.6,16.1,22.4,7.3,12.3,8.0,7.3,100.0,99.3,100.0,100.0,100.0,100.0,100.0,100.0,0.0,0.0,0.0,0.0,0.0,0.7,0.0,0.0,9.7,0.0,0.0,0.0,0.0,0.0,0.0,0.0,0.0,0.0,0.0,0.0,0.0,0.0,0.0,0.0,0.0,0.0,0.0,0.0,0.0,0.0,0.0,0.0,0.0,0.0,0.0,0.0,0.0,0.0,0.0,0.0,0.0,0.0,0.0,0.0,0.0,0.0,0.0,0.0,0.0,0.0,0.0,0.0,0.0,0.0,0.0,0.0,0.0,0.0,0.0,0.0,0.0,0.0,0.0,0.0,0.0,0.0,0.0,0.0,0.0,0.0,0.0,0.0,0.0,0.0,0.0,0.0,0.0,0.0,0.0,0.0,0.0,0.0,0.0,1.3,0.0,0.0,0.0,0.0,0.0,0.0,0.0,0.0,0.0,0.0,0.0,0.0,0.0,0.0,0.0,0.0,0.0,0.0,0.0,0.0,0.0,0.0,0.0,0.0,0.0,0.0,0.0,0.0,0.0,0.0,0.0,0.0,0.0,0.0,0.0,0.0,0.0,0.0,0.0,0.0,0.0,0.0,0.0,0.0,0.0,0.0,0.0,0.0,0.0,0.0,0.0,0.0,0.0,0.0,0.0,0.0,0.0,0.0,0.0,0.0,0.0,94.8,0.0,0.0,0.0,0.0,0.0,0.0,0.0,0.0,0.0,0.0,0.0,0.0,0.0,0.0,0.0,0.0,0.0,0.0,0.0,0.0,0.0,0.0,0.0,0.0,0.0,1.3,0.0,0.0,0.0,0.0,0.0,0.0,0.0",6.2,63808.09375,968058.2265625,8689.7861328125,167893.70361328125,32.048828125
1791409186.0797546,aggregate_n8_vmnos256_r1:confirmation,8.0,"15.6,6.2,15.1,31.4,23.0,15.5,24.2,15.1,15.5,13.7,14.4,18.3,24.3,18.8,15.8,22.4,25.5,26.0,6.8,11.4,14.7,18.4,25.3,18.6,4.0,10.2,9.7,9.1,7.9,8.4,86.5,44.9,87.2,14.6,6.0,11.8,9.0,11.1,18.7,14.8,26.6,12.8,9.2,9.9,26.8,25.0,13.3,11.9,13.8,18.4,27.3,24.7,11.7,37.1,11.7,9.4,11.2,11.9,18.8,14.4,19.7,15.1,30.7,10.0,7.7,16.7,7.6,8.3,100.0,100.0,100.0,100.0,100.0,100.0,100.0,100.0,0.0,0.0,0.0,0.0,0.0,0.6,0.0,0.0,2.6,1.3,0.0,0.0,0.0,0.0,0.0,0.0,0.0,0.0,0.0,0.0,0.0,0.0,1.3,1.3,1.3,7.7,0.0,0.0,0.0,0.0,0.0,0.0,0.0,0.0,0.0,0.0,0.0,0.0,0.0,0.0,0.0,0.0,0.0,0.0,0.0,0.0,0.0,0.0,0.0,0.0,0.0,0.0,0.0,0.0,0.0,0.0,0.0,0.0,0.0,0.0,0.0,0.0,0.0,0.0,0.0,0.0,0.0,0.0,0.0,0.0,0.0,0.0,0.0,0.0,0.0,0.0,0.0,0.0,0.0,0.0,0.0,0.0,0.0,0.0,0.0,0.0,0.0,0.0,0.0,0.0,0.0,0.0,0.0,0.0,0.0,0.0,0.0,0.0,0.0,0.0,0.0,0.0,0.0,0.0,0.0,0.0,0.0,0.0,0.0,0.0,0.0,0.0,0.0,0.0,0.0,0.0,0.0,0.0,0.0,0.0,0.0,0.0,0.0,0.0,0.0,0.0,0.0,0.0,0.0,0.0,0.0,0.0,0.0,0.0,0.0,0.0,0.0,0.0,0.0,0.0,0.0,0.0,0.0,0.0,0.0,0.0,0.0,0.0,0.0,0.0,0.0,0.0,0.0,0.0,0.0,0.6,0.0,0.0,0.0,0.0,0.0,0.0,0.0,0.0,0.0,0.0,0.0,0.0,0.0,0.0,0.0,0.6,0.0,0.0,0.0,0.0,0.0,0.0,0.0",6.1,63167.08984375,968699.23046875,8689.7861328125,167893.70361328125,36.2890625
1791409187.2308984,aggregate_n8_vmnos256_r1:confirmation,5.9,"10.8,11.7,7.8,11.8,10.3,8.0,7.0,6.1,9.0,9.4,8.1,8.0,5.4,11.5,24.1,12.7,7.1,12.4,6.8,6.3,11.0,13.6,8.8,10.3,3.4,12.7,5.1,6.0,1.7,5.1,68.1,54.2,69.5,1.7,8.7,22.8,8.0,7.0,6.1,7.7,14.2,8.1,4.5,11.6,6.1,4.3,20.7,10.6,7.0,14.9,12.2,10.8,16.7,5.4,6.1,8.3,11.8,8.0,7.1,4.5,8.2,7.3,11.0,11.0,5.2,14.5,8.7,2.6,100.0,100.0,99.2,100.0,100.0,100.0,100.0,100.0,0.0,0.0,0.0,0.0,0.0,0.8,0.0,0.0,0.9,0.0,0.0,0.0,0.0,0.0,0.0,0.0,0.0,0.0,0.0,0.0,0.0,0.0,2.5,1.7,1.7,6.8,0.0,0.0,0.0,0.0,0.0,0.0,0.0,0.0,0.0,0.0,0.0,0.0,0.0,0.0,0.0,0.0,0.0,0.0,0.0,0.0,0.0,0.0,0.0,0.0,0.0,0.0,0.0,0.0,0.0,0.0,0.0,0.0,0.0,0.0,0.0,0.0,0.0,0.0,0.0,0.0,0.0,0.0,0.0,0.0,0.0,0.0,0.0,0.0,0.0,0.0,0.0,0.0,0.0,0.0,0.0,0.0,0.0,0.9,0.0,0.0,0.0,0.0,0.0,0.0,0.0,0.0,0.0,0.0,0.0,0.0,0.0,0.0,0.0,0.0,0.0,0.0,0.0,0.0,0.0,0.0,0.0,0.0,0.0,0.0,0.0,0.0,0.0,0.0,0.0,0.0,0.0,0.0,0.0,0.0,0.0,0.0,0.0,0.0,0.0,0.0,0.0,0.0,0.0,0.0,0.0,0.0,0.0,0.0,0.0,0.0,0.0,0.0,0.0,0.0,0.0,0.0,0.0,0.0,0.0,0.0,0.0,0.0,0.0,0.0,0.0,0.0,0.0,0.0,0.0,0.0,0.0,0.0,0.0,0.0,0.0,0.0,0.0,0.0,0.0,0.0,0.0,0.0,0.0,0.0,0.0,0.0,0.0,0.0,0.0,0.0,0.0,0.0,0.0",6.1,63312.41015625,968553.91015625,8689.7861328125,167893.70751953125,36.2890625
1791409188.3821507,aggregate_n8_vmnos256_r1:confirmation,6.3,"7.7,26.5,10.4,20.9,6.4,15.3,9.7,8.0,8.2,8.8,4.5,5.2,8.9,8.0,16.2,11.2,13.8,7.5,1.8,8.8,6.4,7.1,6.1,12.0,2.6,4.4,4.3,3.6,5.0,4.3,81.4,43.6,88.2,3.4,8.8,10.3,8.7,6.1,7.1,11.5,8.8,9.0,4.3,7.8,9.5,5.6,13.2,7.0,3.5,19.8,4.3,7.3,6.2,6.0,3.5,2.7,7.5,6.3,12.1,6.1,7.3,9.6,4.4,2.8,3.4,0.0,3.4,2.5,99.2,100.0,100.0,100.0,100.0,100.0,100.0,100.0,0.0,0.0,0.0,0.0,0.0,0.0,0.0,0.0,0.0,0.0,0.0,0.0,0.0,0.0,0.0,0.0,0.0,0.0,0.0,0.0,0.0,0.0,1.7,1.7,2.5,4.3,0.0,0.0,0.0,0.0,0.0,0.0,0.0,0.0,0.0,0.0,0.0,0.0,0.0,0.0,0.0,0.0,0.0,0.0,0.0,0.0,0.0,0.0,0.0,0.0,0.0,0.0,0.0,0.0,0.0,0.0,0.0,0.0,0.0,0.0,0.0,0.0,0.0,0.0,0.0,0.0,0.0,0.0,0.0,0.0,0.0,0.0,0.0,0.0,0.0,0.0,0.0,0.0,0.0,0.0,0.0,0.0,0.0,0.0,0.0,0.0,0.0,0.0,0.0,0.0,0.0,0.0,0.0,0.0,0.0,0.0,0.0,0.0,0.0,0.0,0.0,0.0,0.0,0.0,0.0,0.0,0.0,0.0,0.0,0.0,0.0,0.0,0.0,0.0,0.0,0.0,0.0,0.0,0.0,0.0,0.0,0.0,0.0,0.0,0.0,0.0,0.0,0.0,0.0,0.0,0.0,0.0,0.0,0.0,0.0,0.0,0.0,0.0,0.0,0.0,0.0,0.0,0.0,0.0,0.0,0.0,0.0,0.0,0.0,0.0,0.0,0.0,0.0,0.0,0.0,0.0,0.0,0.0,0.0,0.0,0.0,0.0,0.0,0.0,0.0,0.0,0.0,0.0,0.0,0.0,0.0,0.0,0.0,0.0,0.0,0.0,0.0,0.0,0.0",6.1,63073.9765625,968792.34375,8689.7861328125,167893.70751953125,36.2890625
1791409189.5717971,aggregate_n8_vmnos256_r1:confirmation,7.7,"33.0,20.6,17.8,26.0,17.3,16.8,24.7,20.6,21.8,24.2,17.8,14.6,14.9,16.7,18.0,14.9,20.2,24.5,12.9,15.2,12.0,29.7,10.1,25.0,9.8,15.2,13.9,17.6,17.0,8.8,83.5,35.3,0.0,54.9,10.1,17.5,15.8,10.2,15.0,15.2,25.2,9.1,10.7,13.0,16.7,13.0,13.3,11.9,15.3,15.2,13.1,13.4,16.3,19.6,13.3,16.5,17.3,17.2,14.3,17.3,17.2,19.2,22.8,15.8,19.6,10.9,12.0,14.4,100.0,100.0,100.0,100.0,100.0,99.0,100.0,100.0,0.0,0.0,0.0,0.0,0.0,0.0,0.0,0.0,1.0,0.0,0.0,0.0,0.0,0.0,0.0,0.0,0.0,0.0,0.0,0.0,0.0,0.0,0.0,0.0,0.0,4.9,0.0,0.0,0.0,0.0,0.0,0.0,0.0,0.0,0.0,0.0,0.0,0.0,0.0,0.0,0.0,0.0,0.0,0.0,0.0,0.0,0.0,0.0,0.0,0.0,0.0,0.0,0.0,0.0,0.0,0.0,0.0,0.0,0.0,0.0,0.0,0.0,0.0,0.0,0.0,0.0,0.0,0.0,0.0,0.0,0.0,0.0,0.0,0.0,0.0,0.0,0.0,0.0,0.0,0.0,0.0,0.0,0.0,1.0,0.0,0.0,0.0,0.0,0.0,0.0,0.0,0.0,0.0,0.0,0.0,0.0,0.0,0.0,0.0,0.0,0.0,0.0,0.0,1.0,0.0,0.0,0.0,0.0,0.0,0.0,0.0,0.0,0.0,0.0,0.0,0.0,0.0,0.0,0.0,0.0,0.0,0.0,0.0,0.0,0.0,0.0,0.0,0.0,0.0,0.0,0.0,0.0,0.0,0.0,0.0,0.0,0.0,0.0,0.0,0.0,0.0,0.0,0.0,0.0,0.0,0.0,0.0,0.0,0.0,0.0,0.0,0.0,0.0,0.0,0.0,0.0,0.0,0.0,0.0,0.0,0.0,0.0,0.0,0.0,0.0,0.0,0.0,0.0,0.0,0.0,0.0,0.0,0.0,0.0,0.0,0.0,0.0,0.0,0.0",6.1,62693.234375,969173.0859375,8689.7861328125,167898.09814453125,36.2890625
1791409190.5799448,aggregate_n8_vmnos256_r1:confirmation,5.7,"10.3,1.0,7.7,5.9,9.0,7.9,12.4,7.7,21.9,6.5,0.9,1.0,4.6,8.4,1.0,7.8,7.0,4.8,1.9,2.9,1.9,1.0,5.7,15.2,1.8,3.7,4.7,15.7,6.5,0.9,95.4,73.1,17.8,48.6,7.5,5.7,9.3,6.7,7.8,5.7,7.1,8.7,4.8,5.7,13.0,7.6,13.6,6.9,9.6,7.9,4.7,17.6,2.9,1.9,3.7,2.8,1.9,1.9,0.0,2.9,5.7,3.8,6.7,9.3,1.9,3.7,2.8,1.9,100.0,100.0,100.0,100.0,99.1,100.0,99.1,97.3,0.0,0.0,0.0,0.0,0.0,2.9,0.0,0.0,0.0,0.0,0.0,0.0,0.0,0.0,0.0,0.0,0.0,0.0,0.0,0.0,0.0,0.0,1.9,11.3,4.6,3.7,0.0,0.0,0.0,0.0,0.0,0.0,0.0,0.0,0.0,0.0,0.0,0.0,0.0,0.0,0.0,0.0,0.0,0.0,0.0,0.0,0.0,0.0,0.0,0.0,0.0,0.0,0.0,0.0,0.0,0.0,0.0,0.0,0.0,0.0,0.0,0.0,0.0,0.0,0.0,0.0,0.0,0.0,0.0,0.0,0.0,0.0,0.0,0.0,0.0,0.0,0.0,0.0,0.0,0.0,0.0,0.0,0.0,0.0,0.0,0.0,0.0,0.0,0.0,0.0,0.0,0.0,0.0,0.0,0.0,0.0,0.0,0.0,0.0,0.0,0.0,0.0,0.0,0.0,0.0,0.0,0.0,0.0,0.0,0.0,0.0,0.0,0.0,0.0,0.0,0.0,0.0,0.0,0.0,0.0,0.0,0.0,0.0,0.0,0.0,0.0,0.0,0.0,0.0,0.0,0.0,0.0,0.0,0.0,0.0,0.0,0.0,0.0,0.0,0.0,0.0,0.0,0.0,0.0,0.0,0.0,0.0,0.0,0.0,0.0,0.0,0.0,0.0,0.0,0.0,0.0,0.0,0.0,0.0,0.0,0.0,0.0,0.0,0.0,0.0,0.0,0.0,0.0,0.0,0.0,0.0,0.9,0.0,0.0,0.0,0.0,0.0,0.0,0.0",6.1,62876.02734375,968990.29296875,8689.7861328125,167898.09814453125,35.224609375
1791409191.800504,aggregate_n8_vmnos256_r1:confirmation,7.1,"17.9,14.4,10.2,10.1,7.5,13.3,11.1,12.7,14.5,18.2,9.9,13.8,11.2,6.5,11.9,14.7,15.0,11.0,10.7,6.3,10.8,24.8,9.9,16.7,6.3,5.4,6.4,7.2,6.3,7.1,84.2,60.2,80.7,48.6,8.2,10.8,10.9,4.6,9.0,11.8,11.3,22.0,20.5,20.4,20.0,9.5,15.7,17.4,14.8,16.0,6.9,14.8,11.3,12.0,9.3,9.1,11.0,9.8,10.0,12.4,9.3,18.0,9.1,9.3,8.9,6.4,8.0,11.5,100.0,100.0,100.0,100.0,100.0,100.0,100.0,100.0,0.0,0.0,0.0,0.0,0.0,0.9,0.0,0.0,0.0,0.0,0.0,0.0,0.0,0.0,0.0,0.0,0.0,0.0,0.0,0.0,0.0,0.0,0.9,8.9,8.0,4.4,0.0,0.0,0.0,0.0,0.0,0.0,0.0,0.0,0.0,0.0,0.0,0.0,0.0,0.0,0.0,0.0,0.0,0.0,0.0,0.0,0.0,0.0,0.0,0.0,0.0,0.0,0.0,0.0,0.0,0.0,0.0,0.0,0.0,0.0,0.0,0.0,0.0,0.0,0.0,0.0,0.0,0.0,0.0,0.0,0.0,0.0,0.0,0.0,0.0,0.0,0.0,0.0,0.0,0.0,0.0,0.0,0.0,0.0,0.0,0.0,0.0,0.0,0.0,0.0,0.0,0.0,0.0,0.0,0.0,0.0,0.0,0.0,0.0,0.0,0.0,0.0,0.0,0.0,1.8,0.9,0.0,0.0,0.0,0.0,0.0,0.0,0.0,0.0,0.0,0.0,0.0,0.0,0.0,0.0,0.0,0.0,0.0,0.0,0.0,0.0,0.0,0.0,0.0,0.0,0.0,0.0,0.0,0.0,0.0,0.0,0.0,0.0,0.0,0.0,0.0,0.0,0.0,0.0,0.0,0.0,0.0,0.0,0.0,0.0,0.0,0.0,0.0,0.0,0.0,0.0,0.0,0.0,0.0,0.0,0.0,0.0,0.0,0.0,0.0,0.0,0.0,0.0,0.0,0.0,0.0,0.0,0.0,0.0,0.0,0.0,0.0,0.0,0.0",6.1,62669.09375,969197.2265625,8689.7861328125,167898.09814453125,35.224609375
1791409192.8256462,aggregate_n8_vmnos256_r1:confirmation,5.2,"7.1,4.7,5.3,1.8,3.5,6.1,4.6,6.4,3.5,12.6,3.6,7.3,6.4,7.0,3.4,10.7,2.6,2.6,1.8,1.7,1.7,9.4,1.7,6.9,1.7,3.4,0.9,0.9,1.7,2.6,40.5,47.4,99.2,44.2,3.4,4.3,4.2,0.8,2.7,6.0,9.0,3.7,7.1,4.7,13.8,5.2,3.8,4.7,0.0,6.6,5.3,5.6,9.4,4.6,4.5,1.7,5.7,3.5,4.5,3.6,0.9,4.6,5.3,10.6,0.0,1.7,0.0,0.0,100.0,100.0,100.0,100.0,100.0,99.2,99.2,100.0,0.0,0.0,0.0,0.0,0.0,0.8,0.0,0.0,0.9,0.0,0.0,0.0,0.0,0.0,0.0,0.0,0.0,0.0,0.0,0.0,0.0,0.0,0.0,4.2,0.8,0.0,0.0,0.0,0.0,0.0,0.0,0.0,0.0,0.0,0.0,0.0,0.0,0.0,0.0,0.0,0.0,0.0,0.0,0.0,0.0,0.0,0.0,0.0,0.0,0.0,0.0,0.0,0.0,0.0,0.0,0.0,0.0,0.0,0.0,0.0,0.0,0.0,0.0,0.0,0.0,0.0,0.0,0.0,0.0,0.0,0.0,0.0,0.0,0.0,0.0,0.0,0.0,0.0,0.0,0.0,0.0,0.0,0.0,0.9,0.0,0.0,0.0,0.0,0.0,0.0,0.0,0.0,0.0,0.0,0.0,0.0,0.0,0.0,0.0,0.0,0.0,0.0,0.0,0.0,0.0,0.0,0.0,0.0,0.0,0.0,0.0,0.0,0.0,0.0,0.0,0.0,0.0,0.0,0.0,0.0,0.0,0.0,0.0,0.0,0.0,0.0,0.0,0.0,0.0,0.0,0.0,0.0,0.0,0.0,0.0,0.0,0.0,0.0,0.0,0.0,0.0,0.0,0.0,0.0,0.0,0.0,0.0,0.0,0.0,0.0,0.0,0.0,0.0,0.0,0.0,0.0,0.0,0.0,0.0,0.0,0.0,0.0,0.0,0.0,0.0,0.0,0.0,0.0,0.0,0.0,0.0,0.8,0.0,0.0,0.0,0.0,0.0,0.0,0.0",6.1,62819.55078125,969046.76953125,8689.7861328125,167898.10205078125,35.224609375
1791409194.2127974,aggregate_n8_vmnos256_r1:confirmation,8.0,"19.5,16.4,17.5,17.6,19.8,30.4,24.8,22.0,21.4,16.7,17.5,15.6,16.3,15.9,13.6,19.8,17.4,16.4,13.6,15.3,16.7,13.7,16.1,20.7,15.2,16.2,19.7,10.2,13.1,12.4,0.7,53.4,85.8,40.0,15.3,14.0,14.4,19.1,12.4,13.2,22.1,17.6,16.3,21.3,13.6,16.1,23.3,17.2,12.4,14.9,17.1,23.8,21.8,16.5,19.4,18.4,15.7,28.9,17.5,13.8,17.1,16.7,13.7,16.5,11.2,11.4,13.4,10.5,100.0,100.0,100.0,99.3,100.0,100.0,100.0,100.0,0.0,0.0,0.0,0.0,0.0,0.7,0.0,0.0,2.4,0.0,0.0,0.0,0.0,0.0,0.0,0.0,0.0,0.0,0.0,0.0,0.0,0.0,0.0,1.5,0.7,0.0,0.0,0.0,0.0,0.0,0.0,0.0,0.0,0.0,0.0,0.0,0.0,0.0,0.0,0.0,0.0,0.0,0.0,0.0,0.0,0.0,0.0,0.0,0.0,0.0,0.0,0.0,0.0,0.0,0.0,0.0,0.0,0.0,0.0,0.0,0.0,0.0,0.0,0.0,0.0,0.0,0.0,0.0,0.0,0.0,0.0,0.0,0.0,0.0,0.0,0.0,0.0,0.0,0.0,0.0,0.0,0.0,0.0,0.0,0.0,0.0,0.0,0.0,0.0,0.0,0.0,0.0,0.0,0.0,0.0,0.0,0.0,0.0,0.0,0.0,0.0,0.0,0.0,0.0,0.0,0.0,0.0,0.0,0.0,0.0,0.0,0.0,0.0,0.0,0.0,0.0,0.0,0.0,0.0,0.0,0.0,0.0,0.0,0.0,0.0,0.0,0.0,0.0,0.0,0.0,0.0,0.0,0.0,0.0,0.0,0.0,0.0,0.0,0.0,0.0,0.0,0.0,0.0,0.0,0.0,0.0,0.0,0.0,0.0,0.0,0.0,0.0,0.0,0.0,0.0,0.0,0.0,0.0,0.0,0.0,0.0,0.0,0.0,0.0,0.0,0.0,0.0,0.0,0.0,0.0,0.0,0.0,0.0,0.0,0.0,0.0,0.0,0.0,0.0",5.9,60674.06640625,971192.25390625,8689.7861328125,167898.81298828125,35.224609375
1791409195.3854654,aggregate_n8_vmnos256_r1:confirmation,7.2,"17.8,11.3,6.1,7.9,27.0,8.9,17.9,14.0,10.2,17.8,14.1,8.1,9.8,14.6,15.2,9.0,11.2,16.2,11.3,10.2,8.2,9.1,17.5,11.2,8.8,25.5,14.7,6.9,25.5,19.6,34.0,89.3,41.3,100.0,19.6,6.9,5.0,12.0,7.9,7.8,9.4,7.0,8.1,9.8,10.4,6.3,28.0,8.1,8.3,11.3,8.1,30.3,12.2,11.9,29.6,9.3,17.0,11.1,9.9,15.5,9.3,10.2,7.9,27.6,7.0,7.8,6.9,10.0,100.0,100.0,100.0,100.0,100.0,100.0,100.0,100.0,0.0,0.0,0.0,0.0,0.0,2.0,0.0,0.0,4.1,0.0,0.0,0.0,0.0,0.0,0.0,0.0,0.0,0.0,0.0,0.0,0.0,0.0,0.0,0.0,0.0,0.0,0.0,0.0,0.0,0.0,0.0,0.0,0.0,0.0,0.0,0.0,0.0,0.0,0.0,0.0,0.0,0.0,0.0,0.0,0.0,0.0,0.0,0.0,0.0,0.0,0.0,0.0,0.0,0.0,0.0,0.0,0.0,0.0,0.0,0.0,0.0,0.0,0.0,0.0,0.0,0.0,0.0,0.0,0.0,0.0,0.0,0.0,0.0,0.0,0.0,0.0,0.0,0.0,0.0,0.0,0.0,0.0,0.0,2.0,0.0,0.0,0.0,0.0,0.0,0.0,0.0,0.0,0.0,0.0,0.0,0.0,0.0,0.0,0.0,0.0,0.0,0.0,0.0,0.0,0.0,0.0,0.0,0.0,0.0,0.0,0.0,0.0,0.0,0.0,0.0,0.0,0.0,0.0,0.0,0.0,0.0,0.0,0.0,0.0,0.0,0.0,0.0,0.0,0.0,0.0,0.0,0.0,0.0,0.0,0.0,0.0,0.0,0.0,0.0,0.0,0.0,0.0,0.0,0.0,0.0,0.0,0.0,0.0,0.0,0.0,0.0,0.0,0.0,0.0,0.0,0.0,0.0,0.0,0.0,0.0,0.0,0.0,0.0,0.0,0.0,0.0,0.0,0.0,0.0,0.0,0.0,0.0,0.0,0.0,0.0,0.0,0.0,0.0,0.0",6.0,61678.21875,970188.1015625,8689.7861328125,167904.16064453125,35.12646484375
1791409196.4060912,aggregate_n8_vmnos256_r1:confirmation,6.3,"22.0,5.3,5.8,4.0,17.0,7.8,8.1,15.3,9.3,7.2,4.1,2.0,4.0,4.2,10.1,6.2,7.2,4.1,14.3,14.9,15.2,10.8,7.2,9.5,6.1,1.0,28.7,2.0,16.7,2.0,53.9,85.0,39.6,76.5,3.0,4.1,5.1,3.0,2.0,6.1,10.2,5.4,6.2,12.0,7.1,10.6,26.3,9.7,4.0,7.1,0.0,19.2,6.1,30.9,8.2,5.2,7.1,5.1,3.0,8.0,2.0,4.0,6.0,13.5,2.0,5.0,9.9,8.8,100.0,100.0,100.0,100.0,100.0,100.0,100.0,100.0,0.0,0.0,0.0,0.0,0.0,0.0,0.0,0.0,1.9,0.0,0.0,0.0,0.0,0.0,0.0,0.0,0.0,0.0,0.0,0.0,0.0,0.0,8.7,7.9,5.8,5.9,0.0,0.0,0.0,0.0,0.0,0.0,0.0,0.0,0.0,0.0,0.0,0.0,0.0,0.0,0.0,0.0,0.0,0.0,0.0,0.0,0.0,0.0,0.0,0.0,0.0,0.0,0.0,0.0,0.0,0.0,0.0,0.0,0.0,0.0,0.0,0.0,0.0,0.0,0.0,0.0,0.0,0.0,0.0,0.0,0.0,0.0,0.0,0.0,0.0,0.0,0.0,0.0,0.0,0.0,0.0,0.0,0.0,0.0,0.0,0.0,0.0,0.0,0.0,0.0,0.0,0.0,0.0,0.0,0.0,0.0,0.0,0.0,0.0,0.0,0.0,0.0,0.0,0.0,0.0,0.0,0.0,0.0,0.0,0.0,0.0,0.0,0.0,0.0,0.0,0.0,0.0,0.0,0.0,0.0,0.0,0.0,0.0,0.0,0.0,0.0,0.0,0.0,0.0,0.0,0.0,0.0,0.0,0.0,0.0,0.0,0.0,0.0,0.0,0.0,0.0,0.0,0.0,0.0,0.0,0.0,0.0,0.0,0.0,0.0,0.0,0.0,0.0,0.0,0.0,0.0,0.0,0.0,0.0,0.0,0.0,0.0,0.0,0.0,0.0,0.0,0.0,0.0,0.0,0.0,0.0,0.0,0.0,0.0,0.0,0.0,0.0,0.0,0.0",5.9,60693.37890625,971172.94140625,8689.7861328125,167904.16064453125,35.12646484375
1791409197.4342282,aggregate_n8_vmnos256_r1:confirmation,6.6,"36.7,11.5,8.3,8.3,14.3,7.1,8.2,8.2,16.2,17.3,12.0,7.9,8.9,10.0,9.1,7.0,19.0,12.0,5.9,12.0,13.1,30.9,12.6,15.5,4.0,19.6,17.5,6.1,5.0,4.0,57.1,11.8,17.0,54.5,12.1,15.3,9.3,15.2,10.5,14.9,5.2,10.1,15.3,8.0,8.0,9.3,13.4,8.3,8.3,11.5,7.2,13.3,8.4,4.2,27.3,12.1,9.1,10.1,8.1,7.1,9.5,21.3,14.1,12.6,11.0,9.6,7.0,5.1,100.0,100.0,100.0,100.0,100.0,100.0,100.0,99.0,0.0,0.0,0.0,0.0,0.0,0.0,0.0,0.0,1.0,0.0,0.0,0.0,0.0,0.0,0.0,0.0,0.0,0.0,0.0,0.0,0.0,0.0,1.0,6.9,2.0,1.0,0.0,0.0,0.0,0.0,0.0,0.0,0.0,0.0,0.0,0.0,0.0,0.0,0.0,0.0,0.0,0.0,0.0,0.0,0.0,0.0,0.0,0.0,0.0,0.0,0.0,0.0,0.0,0.0,0.0,0.0,0.0,0.0,0.0,0.0,0.0,0.0,0.0,0.0,0.0,0.0,0.0,0.0,0.0,0.0,0.0,0.0,0.0,0.0,0.0,0.0,0.0,0.0,0.0,0.0,0.0,0.0,0.0,0.0,0.0,0.0,0.0,0.0,0.0,0.0,0.0,0.0,0.0,0.0,0.0,0.0,0.0,0.0,0.0,0.0,0.0,0.0,0.0,0.0,0.0,0.0,0.0,0.0,0.0,0.0,0.0,0.0,0.0,0.0,0.0,0.0,0.0,0.0,0.0,0.0,0.0,0.0,0.0,0.0,0.0,0.0,0.0,0.0,0.0,0.0,0.0,0.0,0.0,0.0,0.0,0.0,0.0,0.0,0.0,0.0,0.0,0.0,0.0,0.0,0.0,0.0,0.0,0.0,0.0,0.0,0.0,0.0,0.0,0.0,0.0,0.0,0.0,0.0,0.0,0.0,0.0,0.0,0.0,0.0,0.0,0.0,0.0,0.0,0.0,0.0,0.0,0.0,0.0,0.0,0.0,0.0,0.0,0.0,0.0",5.9,61009.86328125,970856.45703125,8689.7861328125,167904.16064453125,35.12646484375
1791409198.4417534,aggregate_n8_vmnos256_r1:confirmation,5.6,"7.9,7.3,6.1,11.1,7.7,15.0,11.0,11.5,15.2,7.1,7.1,2.0,24.2,3.0,5.9,9.0,10.3,10.1,4.0,4.4,2.0,6.9,5.0,8.2,1.0,3.8,7.6,1.9,1.9,2.0,42.7,74.8,22.1,9.5,8.2,7.0,2.0,3.1,7.2,7.8,6.9,11.1,2.0,1.9,2.9,6.0,8.3,12.6,18.0,6.4,10.0,11.5,15.8,14.0,5.2,10.1,2.0,3.1,4.0,6.9,16.3,16.2,4.0,0.0,4.8,1.0,15.4,0.0,99.1,100.0,100.0,99.1,100.0,100.0,100.0,100.0,0.0,0.0,0.0,0.0,0.0,1.9,0.0,0.0,0.0,0.0,0.0,0.0,0.0,0.0,0.0,0.0,0.0,0.0,0.0,0.0,0.0,0.0,0.0,6.8,0.0,2.8,0.0,0.0,0.0,0.0,0.0,0.0,0.0,0.0,0.0,0.0,0.0,0.0,0.0,0.0,0.0,0.0,0.0,0.0,0.0,0.0,0.0,0.0,0.0,0.0,0.0,0.0,0.0,0.0,0.0,0.0,0.0,0.0,0.0,0.0,0.9,0.0,0.0,0.0,0.0,0.0,0.0,0.0,0.0,0.0,0.0,0.0,0.0,0.0,0.0,0.0,0.0,0.0,0.0,0.0,0.0,0.0,0.0,1.0,0.0,0.0,0.0,0.0,0.0,0.0,0.0,0.0,0.0,0.0,0.0,0.0,0.0,0.0,0.0,0.0,0.0,0.0,0.0,0.0,0.0,0.0,0.0,0.0,0.0,0.0,0.0,0.0,0.0,0.0,0.0,0.0,0.0,0.0,0.0,0.0,0.0,0.0,0.0,0.0,0.0,0.0,0.0,0.0,0.0,0.0,0.0,0.0,0.0,0.0,0.0,0.0,0.0,0.0,0.0,0.0,0.0,0.0,0.0,0.0,0.0,0.0,0.0,0.0,0.0,0.0,0.0,0.0,0.0,0.0,0.0,0.0,0.0,0.0,0.0,0.0,0.0,0.0,0.0,0.0,0.0,0.0,0.0,0.0,0.0,0.0,0.0,0.0,0.0,0.0,0.0,0.0,0.0,0.0,0.0",5.9,61121.5,970744.8203125,8689.7861328125,167904.16064453125,35.12646484375
1791409199.6318352,aggregate_n8_vmnos256_r1:confirmation,8.5,"33.3,17.6,17.6,17.0,16.1,14.0,13.8,14.0,15.5,8.3,20.9,14.7,44.5,20.4,17.8,21.8,19.8,21.6,20.8,19.6,18.6,17.8,13.9,15.7,10.8,8.9,13.2,11.4,9.8,10.7,100.0,78.6,27.2,43.5,22.7,19.8,30.0,24.8,13.5,20.2,16.4,10.3,10.2,14.5,11.8,16.1,16.8,19.8,14.8,15.9,18.5,30.8,17.9,14.3,17.9,13.8,28.8,13.5,15.9,32.4,27.3,14.2,10.9,10.0,18.6,13.5,13.5,22.6,100.0,100.0,100.0,100.0,100.0,99.1,100.0,100.0,0.0,0.0,0.0,0.0,0.0,0.0,0.0,0.0,0.0,0.0,0.0,0.0,0.0,0.0,0.0,0.0,0.0,0.0,0.0,0.0,0.0,0.0,4.4,8.8,0.9,6.2,0.0,0.0,0.0,0.0,0.0,0.0,0.0,0.0,0.0,0.0,0.0,0.0,0.0,0.0,0.0,0.0,0.0,0.0,0.0,0.0,0.0,0.0,0.0,0.0,0.0,0.0,0.0,0.0,0.0,0.9,0.0,0.0,0.0,0.0,0.0,0.0,0.0,0.0,0.0,0.0,0.0,0.0,0.0,0.0,0.0,0.0,0.0,0.0,0.0,0.0,0.0,0.0,0.0,0.0,0.0,0.0,0.0,1.8,0.0,0.0,0.0,0.0,0.0,0.0,0.0,0.0,0.0,0.0,0.0,0.0,0.0,0.0,0.0,0.0,0.0,0.0,0.0,0.0,0.0,0.0,0.0,0.0,0.0,0.0,0.0,0.0,0.0,0.0,0.0,0.0,0.0,0.0,0.0,0.0,0.0,0.0,0.0,0.0,0.0,0.0,0.0,0.0,0.0,0.0,0.0,0.0,0.0,0.0,0.0,0.0,0.0,0.0,0.0,0.0,0.0,0.0,0.0,0.0,0.0,0.0,0.0,0.0,0.0,0.0,0.0,0.0,0.0,0.0,0.0,0.0,0.0,0.0,0.0,0.0,0.0,0.0,0.0,0.0,0.0,0.0,0.0,0.0,0.0,0.0,0.0,0.0,0.0,0.0,0.0,0.0,0.0,0.0,0.0",6.0,61722.66015625,970143.66015625,8689.7861328125,167908.60986328125,35.12646484375
1791409200.6364827,aggregate_n8_vmnos256_r1:confirmation,5.6,"6.7,27.7,4.2,4.0,1.0,2.0,2.0,2.2,3.1,3.1,0.0,9.3,6.2,7.5,6.5,6.4,4.2,39.6,17.0,1.0,7.2,10.5,7.3,6.3,1.0,2.0,6.1,0.0,2.0,0.0,56.1,11.3,47.4,56.6,8.2,27.4,1.1,6.2,3.2,4.2,19.6,5.2,8.6,20.2,7.3,4.1,1.1,4.3,10.4,25.8,8.4,7.5,5.2,11.5,4.3,2.0,6.1,4.2,1.0,7.1,4.0,0.0,14.4,3.2,0.0,19.2,1.0,2.0,100.0,100.0,100.0,100.0,100.0,100.0,100.0,100.0,0.0,0.0,0.0,0.0,0.0,0.0,0.0,0.0,0.0,0.0,0.0,0.0,0.0,0.0,0.0,0.0,0.0,0.0,0.0,0.0,0.0,0.0,3.0,3.0,4.0,3.0,0.0,0.0,0.0,0.0,0.0,0.0,0.0,0.0,0.0,0.0,0.0,0.0,0.0,0.0,0.0,0.0,0.0,0.0,0.0,0.0,0.0,0.0,0.0,0.0,0.0,0.0,0.0,0.0,0.0,0.0,0.0,0.0,0.0,0.0,0.0,0.0,0.0,0.0,0.0,0.0,0.0,0.0,0.0,0.0,0.0,0.0,0.0,0.0,0.0,0.0,0.0,0.0,0.0,0.0,0.0,0.0,0.0,0.0,0.0,0.0,0.0,0.0,0.0,0.0,0.0,0.0,0.0,0.0,0.0,0.0,0.0,0.0,0.0,0.0,0.0,1.0,0.0,0.0,0.0,0.0,0.0,0.0,0.0,0.0,0.0,0.0,0.0,0.0,0.0,0.0,0.0,0.0,0.0,0.0,0.0,0.0,0.0,0.0,0.0,0.0,0.0,0.0,0.0,0.0,0.0,0.0,0.0,0.0,0.0,0.0,0.0,0.0,0.0,0.0,0.0,0.0,0.0,0.0,0.0,0.0,0.0,0.0,0.0,0.0,0.0,0.0,0.0,0.0,0.0,0.0,0.0,0.0,0.0,0.0,0.0,0.0,0.0,0.0,0.0,0.0,0.0,0.0,0.0,0.0,0.0,0.0,0.0,0.0,0.0,0.0,0.0,0.0,0.0",5.9,61254.65234375,970611.66796875,8689.7861328125,167908.60986328125,34.2353515625
1791409201.6418767,aggregate_n8_vmnos256_r1:confirmation,7.3,"10.2,15.1,7.6,6.2,7.1,11.7,27.8,15.8,16.7,9.5,10.4,10.3,14.7,9.4,7.7,10.2,7.2,7.4,9.3,11.3,16.0,13.7,4.3,33.0,30.3,17.3,9.3,3.1,6.9,9.1,55.6,70.3,38.0,95.0,8.2,30.3,9.3,14.4,7.1,9.3,10.4,11.6,9.4,10.4,15.5,16.3,15.3,12.2,13.0,25.0,6.1,27.1,9.5,6.2,5.2,8.2,4.1,8.1,5.1,31.3,5.1,6.1,22.4,30.7,26.0,6.9,5.2,8.0,100.0,100.0,100.0,100.0,100.0,100.0,100.0,100.0,0.0,0.0,0.0,0.0,0.0,0.0,0.0,0.0,3.3,0.0,0.0,0.0,0.0,0.0,0.0,0.0,0.0,0.0,0.0,0.0,0.0,0.0,1.0,1.0,1.0,1.0,0.0,0.0,0.0,0.0,0.0,0.0,0.0,0.0,0.0,0.0,0.0,0.0,0.0,0.0,0.0,0.0,0.0,0.0,0.0,0.0,0.0,0.0,0.0,0.0,0.0,0.0,0.0,0.0,0.0,0.0,0.0,0.0,0.0,0.0,0.0,0.0,0.0,0.0,0.0,0.0,0.0,0.0,2.0,0.0,0.0,0.0,0.0,0.0,0.0,0.0,0.0,0.0,0.0,0.0,0.0,0.0,0.0,0.0,0.0,0.0,0.0,0.0,0.0,0.0,0.0,0.0,1.0,0.0,0.0,0.0,0.0,0.0,0.0,0.0,0.0,0.0,0.0,0.0,0.0,0.0,0.0,0.0,0.0,0.0,0.0,0.0,0.0,0.0,0.0,0.0,0.0,0.0,0.0,0.0,0.0,0.0,0.0,0.0,0.0,0.0,0.0,0.0,0.0,0.0,0.0,0.0,0.0,0.0,0.0,0.0,0.0,0.0,0.0,0.0,0.0,0.0,0.0,0.0,0.0,0.0,0.0,0.0,0.0,0.0,0.0,0.0,0.0,0.0,0.0,0.0,0.0,0.0,0.0,0.0,0.0,0.0,0.0,0.0,0.0,0.0,0.0,0.0,0.0,0.0,0.0,0.0,0.0,0.0,0.0,0.0,0.0,0.0,0.0",5.9,61206.49609375,970659.82421875,8689.7861328125,167908.60986328125,34.2353515625
1791409202.6743298,aggregate_n8_vmnos256_r1:confirmation,5.2,"2.2,2.9,19.6,5.8,0.0,1.0,1.0,14.4,4.9,2.0,1.9,3.9,10.2,11.0,9.2,2.0,4.9,0.0,1.0,8.9,9.0,3.0,3.8,2.0,19.2,1.9,5.0,5.8,4.0,4.9,4.8,83.5,48.6,67.6,2.9,2.9,2.9,2.9,3.9,3.9,5.9,3.0,1.0,5.0,6.0,3.0,3.8,4.8,8.3,16.7,9.5,6.2,6.3,6.3,9.4,6.0,1.9,2.9,2.9,2.9,1.9,0.0,4.0,2.0,0.9,0.0,0.0,1.0,100.0,100.0,100.0,100.0,99.1,100.0,100.0,100.0,0.0,0.0,0.0,0.0,0.0,0.0,0.0,0.0,0.0,0.0,0.0,0.0,0.0,0.0,0.0,0.0,0.0,0.0,0.0,0.0,0.0,0.0,1.9,2.8,2.8,1.9,0.0,0.0,0.0,0.0,0.0,0.0,0.0,0.0,0.0,0.0,0.0,0.0,0.0,0.0,0.0,0.0,0.0,0.0,0.0,0.0,0.0,0.0,0.0,0.0,0.0,0.0,0.0,0.0,0.0,0.0,0.0,0.0,0.0,0.0,0.0,0.0,0.0,0.0,0.0,0.0,0.0,0.0,0.0,0.0,0.0,0.0,0.0,0.0,0.0,0.0,0.0,0.0,0.0,0.0,0.0,0.0,0.0,0.0,0.0,0.0,0.0,0.0,0.0,0.0,0.0,0.0,0.0,0.0,0.0,0.0,0.0,0.0,0.0,0.0,0.0,0.0,0.0,0.0,0.0,0.0,0.0,0.0,0.0,0.0,0.0,0.0,0.0,0.0,0.0,0.0,0.0,0.0,0.0,0.0,0.0,0.0,0.0,0.0,0.0,0.0,0.0,0.0,0.0,0.0,0.0,0.0,0.0,0.0,0.0,0.0,0.0,0.0,0.0,0.0,0.0,0.0,0.0,0.0,0.0,0.0,0.0,0.0,0.0,0.0,0.0,0.0,0.0,0.0,0.0,0.0,0.0,0.0,0.0,0.0,0.0,0.0,0.0,0.0,0.0,0.0,0.0,0.0,0.0,0.0,0.0,0.0,0.0,0.0,0.0,0.0,0.0,0.0,0.0",5.9,61392.4453125,970473.875,8689.7861328125,167908.60986328125,34.2353515625
1791409203.7663093,aggregate_n8_vmnos256_r1:confirmation,7.2,"16.1,12.0,6.7,11.3,4.8,21.9,8.7,6.7,28.3,9.4,5.8,7.7,14.6,6.7,26.0,14.3,10.0,8.7,12.4,7.5,22.1,17.1,10.7,18.2,10.4,5.7,4.8,9.8,7.6,15.1,1.9,99.1,84.9,91.5,6.6,7.6,14.4,17.9,5.8,10.4,13.9,17.6,8.7,12.6,8.0,16.0,17.5,11.0,11.9,18.8,9.6,30.0,11.0,9.0,8.7,9.0,16.2,13.7,11.8,11.8,23.5,13.9,16.2,22.3,7.6,7.7,10.4,6.5,100.0,100.0,100.0,100.0,100.0,100.0,100.0,100.0,0.0,0.0,0.0,0.0,0.0,1.0,0.0,0.0,0.0,0.0,0.0,0.0,0.0,0.0,0.0,0.0,0.0,0.0,0.0,0.0,0.0,0.0,0.0,0.0,0.0,0.0,0.0,0.0,0.0,0.0,0.0,0.0,0.0,0.0,0.0,0.0,0.0,0.0,0.0,0.0,0.0,0.0,0.0,0.0,0.0,0.0,0.0,0.0,0.0,0.0,0.0,0.0,0.0,0.0,0.0,0.0,0.0,0.0,0.0,0.0,0.0,0.0,0.0,0.0,0.0,0.0,0.0,0.0,0.0,0.0,0.0,0.0,0.0,0.0,0.0,0.0,0.0,0.0,0.0,0.0,0.0,0.0,0.0,0.9,0.0,0.0,0.0,0.0,0.0,0.0,0.0,0.0,0.0,0.0,0.0,0.0,0.0,0.0,0.0,0.0,0.0,0.0,0.0,0.0,0.0,0.0,0.0,0.0,0.0,0.0,0.0,0.0,0.0,0.0,0.0,0.0,0.0,0.0,0.0,0.0,0.0,0.0,0.0,0.0,0.0,0.0,0.0,0.0,0.0,0.0,0.0,0.0,0.0,0.0,0.0,0.0,0.0,0.0,0.0,0.0,0.0,0.0,0.0,0.0,0.0,0.0,0.0,0.0,0.0,0.0,0.0,0.0,0.0,0.0,0.0,0.0,0.0,0.0,0.0,0.0,0.0,0.0,0.0,0.0,0.0,0.0,0.0,0.0,0.0,0.0,0.0,0.0,0.0,0.0,0.0,0.0,0.0,0.0,0.0",6.0,62140.5625,969725.7578125,8689.7861328125,167908.84033203125,34.2353515625
1791409204.793204,aggregate_n8_vmnos256_r1:confirmation,4.9,"4.7,5.2,5.1,1.0,1.0,1.0,1.0,1.0,8.9,6.0,1.0,0.0,10.9,3.0,1.0,3.0,4.9,6.1,6.0,7.8,4.0,7.2,11.9,5.3,4.0,1.0,7.7,3.9,3.0,3.0,24.8,51.0,57.7,54.8,1.9,1.9,2.9,9.1,1.0,1.9,3.9,5.1,4.2,5.9,2.0,2.9,0.0,5.8,2.9,5.9,6.9,6.1,6.2,3.1,4.0,5.9,2.0,4.2,1.0,1.9,5.1,4.0,8.7,3.2,0.0,0.0,1.0,0.0,100.0,99.1,99.0,100.0,100.0,100.0,100.0,100.0,0.0,0.0,0.0,0.0,0.0,1.0,0.0,0.0,0.0,0.0,0.0,0.0,0.0,0.0,0.0,0.0,0.0,0.0,0.0,0.0,0.0,0.0,1.0,1.0,1.0,0.0,0.0,0.0,0.0,0.0,0.0,0.0,0.0,0.0,0.0,0.0,0.0,0.0,0.0,0.0,0.0,0.0,0.0,0.0,0.0,0.0,0.0,0.0,0.0,0.0,0.0,0.0,0.0,0.0,0.0,0.0,0.0,0.0,0.0,0.0,0.0,0.0,0.0,0.0,0.0,0.0,0.0,0.0,0.0,0.0,0.0,0.0,0.0,0.0,0.0,0.0,0.0,1.0,0.0,0.0,0.0,0.0,0.0,0.0,0.0,0.0,0.0,0.0,0.0,0.0,0.0,0.0,0.0,0.0,0.0,0.0,0.0,0.0,1.9,0.0,0.0,0.0,0.0,0.0,0.0,0.0,0.0,0.0,0.0,0.0,0.0,0.0,0.0,0.0,0.0,0.0,0.0,0.0,0.0,0.0,0.0,0.0,0.0,0.0,0.0,0.0,0.0,0.0,0.0,0.0,0.0,0.0,0.0,0.0,0.0,0.0,0.0,0.0,0.0,0.0,0.0,0.0,0.0,0.0,0.0,0.0,0.0,0.0,0.0,0.0,0.0,0.0,0.0,0.0,0.0,0.0,0.0,0.0,0.0,0.0,0.0,0.0,0.0,0.0,0.0,0.0,0.0,0.0,0.0,0.0,0.0,0.0,0.0,0.0,0.0,0.0,0.0,0.0,0.0",6.0,62286.69140625,969579.62890625,8689.7861328125,167914.54736328125,34.2353515625
1791409205.8199184,aggregate_n8_vmnos256_r1:confirmation,7.2,"14.9,18.5,18.3,10.3,10.3,14.3,7.4,15.3,15.8,10.5,9.6,15.7,8.2,6.5,11.3,21.9,12.1,15.2,14.7,23.2,12.2,14.1,19.8,18.3,10.3,36.4,7.3,7.1,8.2,6.2,33.7,52.5,72.0,26.7,6.2,7.1,8.2,15.2,10.4,8.3,13.5,13.8,20.0,22.6,15.6,14.1,22.7,15.6,10.3,8.7,8.2,8.8,14.9,10.3,10.1,12.1,21.2,14.4,9.4,7.4,33.0,9.4,13.0,13.5,6.9,3.0,15.3,35.4,100.0,100.0,100.0,100.0,100.0,100.0,100.0,100.0,0.0,0.0,0.0,0.0,0.0,1.0,0.0,0.0,0.0,0.0,0.0,0.0,0.0,0.0,0.0,0.0,0.0,0.0,0.0,0.0,0.0,0.0,0.0,0.0,0.0,0.0,0.0,0.0,0.0,0.0,0.0,0.0,0.0,0.0,0.0,0.0,0.0,0.0,0.0,0.0,0.0,0.0,0.0,0.0,0.0,0.0,0.0,0.0,0.0,0.0,0.0,0.0,0.0,0.0,0.0,0.0,0.0,0.0,0.0,0.0,0.0,0.0,0.0,0.0,0.0,0.0,0.0,0.0,0.0,0.0,0.0,0.0,0.0,0.0,0.0,0.0,0.0,1.0,0.0,0.0,0.0,0.0,0.0,0.0,1.0,0.0,0.0,0.0,0.0,0.0,0.0,0.0,0.0,0.0,0.0,0.0,0.0,0.0,0.0,0.0,0.0,0.0,0.0,0.0,0.0,0.0,0.0,0.0,0.0,0.0,0.0,0.0,0.0,0.0,0.0,0.0,0.0,0.0,0.0,0.0,0.0,0.0,0.0,0.0,0.0,0.0,0.0,0.0,0.0,0.0,0.0,0.0,0.0,0.0,0.0,0.0,0.0,0.0,0.0,0.0,0.0,0.0,0.0,0.0,0.0,0.0,0.0,0.0,0.0,0.0,0.0,0.0,0.0,0.0,0.0,0.0,0.0,0.0,0.0,0.0,0.0,0.0,0.0,0.0,0.0,0.0,0.0,0.0,0.0,0.0,0.0,0.0,0.0,0.0,0.0,0.0,0.0,0.0,0.0",6.0,62054.23828125,969812.08203125,8689.7861328125,167914.54736328125,36.5390625
1791409206.8300853,aggregate_n8_vmnos256_r1:confirmation,4.5,"6.0,2.0,1.0,1.0,2.0,1.0,0.0,0.0,4.0,2.1,4.0,1.0,1.0,2.0,5.0,0.0,1.0,0.0,4.1,1.0,0.0,1.0,0.0,2.0,0.0,5.1,2.0,1.0,2.0,1.0,39.8,59.6,99.0,5.1,3.0,1.0,3.1,3.1,0.0,1.0,4.0,2.0,4.0,5.0,6.2,3.1,1.0,3.1,1.0,2.1,0.0,3.1,7.6,2.1,1.0,2.0,0.0,2.0,1.1,1.0,1.0,6.1,2.1,5.1,0.0,0.0,0.0,2.0,99.0,100.0,100.0,99.0,100.0,99.0,100.0,99.0,0.0,0.0,0.0,0.0,0.0,0.0,0.0,0.0,0.0,0.0,0.0,0.0,0.0,0.0,0.0,0.0,0.0,0.0,0.0,0.0,0.0,0.0,4.0,5.0,5.0,5.0,0.0,0.0,0.0,0.0,0.0,0.0,0.0,0.0,0.0,0.0,0.0,0.0,0.0,0.0,0.0,0.0,0.0,0.0,0.0,0.0,0.0,0.0,0.0,0.0,0.0,0.0,0.0,0.0,0.0,0.0,0.0,0.0,0.0,0.0,0.0,0.0,0.0,0.0,0.0,0.0,0.0,1.0,0.0,0.0,0.0,0.0,0.0,0.0,0.0,0.0,0.0,0.0,0.0,0.0,0.0,0.0,0.0,0.0,0.0,0.0,0.0,0.0,0.0,0.0,0.0,0.0,0.0,0.0,0.0,0.0,0.0,0.0,0.0,0.0,0.0,0.0,0.0,0.0,0.0,0.0,0.0,0.0,0.0,0.0,0.0,0.0,0.0,0.0,0.0,0.0,0.0,0.0,0.0,0.0,0.0,0.0,0.0,0.0,0.0,0.0,0.0,0.0,0.0,0.0,0.0,0.0,0.0,0.0,0.0,0.0,0.0,0.0,0.0,0.0,0.0,0.0,0.0,0.0,0.0,0.0,0.0,0.0,0.0,0.0,0.0,0.0,0.0,0.0,0.0,0.0,0.0,0.0,0.0,0.0,0.0,0.0,0.0,0.0,0.0,0.0,0.0,0.0,0.0,0.0,0.0,0.0,0.0,0.0,0.0,0.0,0.0,0.0,0.0",6.0,61598.2109375,970268.109375,8689.7861328125,167914.54736328125,36.5390625
1791409207.839653,idle,7.0,"29.1,14.9,10.3,10.1,13.0,14.6,14.1,10.3,9.6,14.0,12.5,11.6,10.3,17.2,20.4,16.3,9.7,7.2,13.4,14.3,9.2,8.2,9.3,31.5,11.1,13.4,15.3,14.1,9.9,12.4,32.7,39.4,53.5,2.0,10.5,11.3,8.2,17.0,9.5,14.4,11.5,21.1,15.3,20.0,15.6,19.6,10.5,16.2,15.6,13.8,15.2,13.4,17.0,13.5,18.6,11.2,12.6,16.3,14.7,15.2,11.3,9.3,9.2,11.6,4.0,6.1,6.9,6.9,100.0,100.0,100.0,100.0,100.0,100.0,100.0,100.0,0.0,0.0,0.0,0.0,0.0,3.1,0.0,0.0,2.1,0.0,0.0,0.0,0.0,0.0,0.0,0.0,0.0,0.0,0.0,0.0,0.0,0.0,3.0,2.0,2.0,3.9,0.0,0.0,0.0,0.0,0.0,0.0,0.0,0.0,0.0,0.0,0.0,0.0,0.0,0.0,0.0,0.0,0.0,0.0,0.0,0.0,0.0,0.0,0.0,0.0,0.0,0.0,0.0,0.0,0.0,0.0,0.0,0.0,0.0,0.0,0.0,0.0,0.0,0.0,0.0,0.0,0.0,0.0,0.0,0.0,0.0,0.0,0.0,0.0,0.0,0.0,0.0,0.0,0.0,0.0,0.0,0.0,0.0,1.0,0.0,0.0,0.0,0.0,0.0,0.0,0.0,0.0,0.0,0.0,0.0,0.0,0.0,0.0,0.0,0.0,0.0,0.0,0.0,0.0,0.0,0.0,0.0,0.0,0.0,0.0,0.0,0.0,0.0,0.0,0.0,0.0,0.0,0.0,0.0,0.0,0.0,0.0,0.0,0.0,0.0,0.0,0.0,0.0,0.0,0.0,0.0,0.0,0.0,0.0,0.0,0.0,0.0,0.0,0.0,0.0,0.0,0.0,0.0,0.0,0.0,0.0,0.0,0.0,0.0,0.0,0.0,0.0,0.0,0.0,0.0,0.0,0.0,0.0,0.0,0.0,0.0,0.0,0.0,0.0,0.0,0.0,0.0,0.0,0.0,0.0,0.0,0.0,0.0,0.0,0.0,0.0,0.0,0.0,0.0",5.9,61273.3125,970593.0078125,8689.7861328125,167914.54736328125,36.5390625
1791409208.8522108,idle,7.0,"5.7,9.3,1.0,15.5,13.7,8.1,12.0,22.9,14.1,3.1,2.0,39.2,15.5,12.4,18.2,8.2,4.0,12.2,13.5,8.2,12.4,18.7,17.5,14.4,8.1,11.0,10.1,7.2,10.1,9.0,75.0,80.0,99.0,8.9,11.1,8.1,9.3,11.9,15.8,11.1,19.4,7.2,11.2,12.1,6.0,7.0,21.6,9.4,13.1,9.4,13.2,14.6,16.3,19.2,15.3,14.1,7.0,1.0,10.3,10.1,5.2,14.1,9.1,7.3,5.0,1.0,10.2,0.0,100.0,100.0,100.0,100.0,100.0,100.0,100.0,100.0,0.0,0.0,0.0,0.0,0.0,2.0,0.0,0.0,6.3,0.0,0.0,0.0,0.0,0.0,0.0,0.0,0.0,0.0,0.0,0.0,0.0,0.0,1.0,1.0,2.0,1.0,0.0,0.0,0.0,0.0,0.0,0.0,0.0,0.0,0.0,0.0,0.0,0.0,0.0,0.0,0.0,0.0,0.0,0.0,0.0,0.0,0.0,0.0,0.0,0.0,0.0,0.0,0.0,0.0,0.0,0.0,0.0,0.0,0.0,0.0,0.0,0.0,0.0,0.0,0.0,0.0,0.0,0.0,0.0,0.0,0.0,0.0,0.0,0.0,0.0,0.0,0.0,0.0,0.0,0.0,0.0,0.0,0.0,0.0,0.0,0.0,0.0,0.0,0.0,0.0,0.0,0.0,0.0,0.0,0.0,0.0,0.0,0.0,0.0,0.0,0.0,0.0,0.0,0.0,2.0,0.0,0.0,0.0,0.0,0.0,0.0,0.0,0.0,0.0,0.0,0.0,0.0,0.0,0.0,0.0,0.0,0.0,0.0,0.0,0.0,0.0,0.0,0.0,0.0,0.0,0.0,0.0,0.0,0.0,0.0,0.0,0.0,0.0,0.0,0.0,0.0,0.0,0.0,0.0,0.0,0.0,0.0,0.0,0.0,0.0,0.0,0.0,0.0,0.0,0.0,0.0,0.0,0.0,0.0,0.0,0.0,0.0,0.0,0.0,0.0,0.0,0.0,0.0,0.0,0.0,0.0,0.0,0.0,0.0,0.0,0.0,0.0,0.0,0.0",6.0,61577.640625,970288.6796875,8689.7861328125,167914.81689453125,36.5390625
1791409209.8574083,idle,6.2,"10.5,8.5,4.1,7.1,22.2,9.5,21.6,10.3,7.4,5.4,10.3,6.2,9.2,13.0,18.7,9.2,6.1,20.6,9.3,10.3,9.0,14.0,14.6,5.3,7.1,6.2,4.2,10.0,10.0,5.2,99.0,46.9,11.1,22.0,9.3,6.3,9.4,11.5,14.7,7.3,9.2,16.5,11.5,9.2,6.2,4.1,7.1,18.6,9.2,9.6,12.9,10.6,11.3,13.3,9.5,10.3,4.1,3.2,7.4,9.1,3.2,10.3,7.4,6.2,7.0,4.0,8.8,4.0,100.0,100.0,100.0,100.0,100.0,100.0,100.0,100.0,0.0,0.0,0.0,0.0,0.0,0.0,0.0,0.0,3.0,0.0,0.0,0.0,0.0,0.0,0.0,0.0,0.0,0.0,0.0,0.0,0.0,0.0,1.0,1.0,1.0,0.0,0.0,0.0,0.0,0.0,0.0,0.0,0.0,0.0,0.0,0.0,0.0,0.0,0.0,0.0,0.0,0.0,0.0,0.0,0.0,0.0,0.0,0.0,0.0,0.0,0.0,0.0,0.0,0.0,0.0,0.0,0.0,0.0,0.0,0.0,0.0,0.0,0.0,0.0,0.0,0.0,0.0,0.0,0.0,0.0,0.0,0.0,0.0,0.0,0.0,0.0,0.0,0.0,0.0,0.0,0.0,0.0,0.0,2.0,0.0,0.0,0.0,0.0,0.0,0.0,0.0,0.0,0.0,0.0,0.0,0.0,0.0,0.0,0.0,0.0,0.0,0.0,0.0,0.0,2.9,0.0,0.0,0.0,0.0,0.0,0.0,0.0,0.0,0.0,0.0,0.0,0.0,0.0,0.0,0.0,0.0,0.0,0.0,0.0,0.0,0.0,0.0,0.0,0.0,0.0,0.0,0.0,0.0,0.0,0.0,0.0,0.0,0.0,0.0,0.0,0.0,0.0,0.0,0.0,0.0,0.0,0.0,0.0,0.0,0.0,0.0,0.0,0.0,0.0,0.0,0.0,0.0,0.0,0.0,0.0,0.0,0.0,0.0,0.0,0.0,0.0,0.0,0.0,0.0,0.0,0.0,0.0,0.0,0.0,0.0,0.0,0.0,0.0,0.0",6.0,61615.04296875,970251.27734375,8689.7861328125,167919.09423828125,36.5390625
1791409210.8635123,idle,5.0,"3.6,4.0,1.0,0.0,21.2,2.0,10.2,1.0,1.0,7.1,12.5,1.0,3.2,3.1,4.0,2.0,2.0,2.0,2.0,1.0,3.0,9.1,7.2,3.1,0.0,3.0,0.0,1.0,7.0,2.0,77.6,52.0,41.0,76.0,2.1,2.0,3.0,2.0,7.0,2.0,6.1,10.4,11.6,3.1,2.1,1.0,1.0,4.1,1.0,4.3,7.1,6.2,4.3,1.0,5.1,3.1,2.0,1.0,2.0,0.0,1.0,6.0,3.0,1.0,1.0,0.0,2.0,1.0,100.0,100.0,100.0,100.0,100.0,100.0,100.0,100.0,0.0,0.0,0.0,0.0,0.0,0.0,0.0,0.0,0.0,0.0,0.0,0.0,0.0,0.0,0.0,0.0,0.0,0.0,0.0,0.0,0.0,0.0,3.0,3.0,3.0,0.0,0.0,0.0,0.0,0.0,0.0,0.0,0.0,0.0,0.0,0.0,0.0,0.0,0.0,0.0,0.0,0.0,0.0,0.0,0.0,0.0,0.0,0.0,0.0,0.0,0.0,0.0,1.0,0.0,0.0,0.0,0.0,0.0,0.0,0.0,0.0,0.0,0.0,0.0,0.0,0.0,0.0,0.0,0.0,0.0,0.0,0.0,0.0,0.0,0.0,0.0,1.0,0.0,0.0,0.0,0.0,0.0,0.0,0.0,0.0,0.0,0.0,0.0,0.0,0.0,0.0,0.0,0.0,0.0,0.0,0.0,0.0,0.0,0.0,0.0,0.0,0.0,0.0,0.0,1.0,0.0,0.0,0.0,0.0,0.0,0.0,0.0,0.0,0.0,0.0,0.0,0.0,0.0,0.0,0.0,0.0,0.0,0.0,0.0,0.0,0.0,0.0,0.0,0.0,0.0,0.0,0.0,0.0,0.0,0.0,0.0,0.0,0.0,0.0,0.0,0.0,0.0,0.0,0.0,0.0,0.0,0.0,0.0,0.0,0.0,0.0,0.0,0.0,0.0,0.0,0.0,0.0,0.0,0.0,0.0,0.0,0.0,0.0,0.0,0.0,0.0,0.0,0.0,0.0,0.0,0.0,0.0,0.0,0.0,0.0,0.0,0.0,0.0,0.0",6.0,61846.0859375,970020.234375,8689.7861328125,167919.09423828125,35.29443359375
1791409211.869419,idle,6.3,"9.1,2.1,5.1,5.1,5.1,6.1,2.1,7.0,42.9,5.2,5.1,6.9,3.1,7.2,13.3,19.1,6.3,6.1,15.3,4.0,19.2,9.2,8.0,11.1,5.0,5.2,14.3,4.1,11.3,4.1,39.0,99.0,72.0,37.4,6.0,14.3,4.0,1.0,13.1,10.1,14.3,8.0,5.2,13.1,16.0,5.0,4.1,5.1,5.2,5.1,0.0,11.1,8.4,5.2,9.4,6.2,11.1,11.9,9.9,2.0,3.0,9.1,7.3,4.1,3.0,3.0,5.0,7.1,100.0,100.0,100.0,100.0,100.0,100.0,100.0,100.0,0.0,0.0,0.0,0.0,0.0,0.0,1.0,0.0,0.0,0.0,0.0,0.0,0.0,0.0,0.0,0.0,0.0,0.0,0.0,0.0,0.0,0.0,9.0,9.0,9.0,4.9,0.0,0.0,0.0,0.0,0.0,0.0,0.0,0.0,0.0,0.0,0.0,0.0,0.0,0.0,0.0,0.0,0.0,0.0,0.0,0.0,0.0,0.0,0.0,0.0,0.0,0.0,0.0,0.0,0.0,0.0,0.0,0.0,0.0,0.0,0.0,0.0,0.0,0.0,0.0,0.0,0.0,0.0,0.0,0.0,0.0,0.0,0.0,0.0,0.0,0.0,0.0,0.0,0.0,0.0,0.0,0.0,0.0,1.0,0.0,0.0,0.0,0.0,0.0,0.0,0.0,0.0,0.0,0.0,0.0,0.0,0.0,0.0,0.0,0.0,0.0,0.0,0.0,0.0,0.0,0.0,0.0,0.0,0.0,0.0,0.0,0.0,0.0,0.0,0.0,0.0,0.0,0.0,0.0,0.0,0.0,0.0,0.0,0.0,0.0,0.0,0.0,0.0,0.0,0.0,0.0,0.0,0.0,0.0,0.0,0.0,0.0,0.0,0.0,0.0,0.0,0.0,0.0,0.0,0.0,0.0,0.0,0.0,0.0,0.0,0.0,0.0,0.0,0.0,0.0,0.0,0.0,0.0,0.0,0.0,0.0,0.0,0.0,0.0,0.0,0.0,0.0,0.0,0.0,0.0,0.0,0.0,0.0,0.0,0.0,0.0,0.0,0.0,0.0",5.9,60947.92578125,970918.39453125,8689.7861328125,167919.09423828125,35.29443359375
1791409212.9053442,idle,6.7,"8.0,10.8,4.8,8.7,3.8,9.9,9.6,7.9,100.0,10.6,7.7,3.9,8.8,9.6,10.7,23.3,2.9,2.9,23.1,8.0,20.4,2.9,12.5,9.0,7.8,3.8,9.6,9.9,9.6,4.9,66.7,73.8,50.5,49.5,8.8,17.6,9.9,5.8,5.0,5.8,9.8,8.9,10.7,12.6,11.5,13.5,12.9,8.9,9.0,12.6,5.0,10.6,13.1,8.7,7.9,6.8,8.9,5.1,8.0,8.7,1.0,8.7,8.9,7.8,6.8,2.9,7.6,9.7,99.0,100.0,100.0,100.0,100.0,100.0,100.0,100.0,0.0,0.0,0.0,0.0,0.0,0.0,0.0,0.0,0.0,0.0,0.0,0.0,0.0,0.0,0.0,0.0,0.0,0.0,0.0,0.0,0.0,0.0,3.8,3.8,2.9,0.0,0.0,0.0,0.0,0.0,0.0,0.0,0.0,0.0,0.0,0.0,0.0,0.0,0.0,0.0,0.0,0.0,0.0,0.0,0.0,0.0,0.0,0.0,0.0,0.0,0.0,0.0,0.0,0.0,0.0,0.0,0.0,0.0,0.0,0.0,0.0,0.0,0.0,0.0,0.0,0.0,0.0,0.0,0.0,0.0,0.0,0.0,0.0,0.0,0.0,0.0,0.0,0.0,0.0,0.0,0.0,0.0,0.0,0.0,0.0,0.0,0.0,0.0,0.0,0.0,0.0,0.0,0.0,0.0,0.0,0.0,0.0,0.0,0.0,0.0,0.0,0.0,0.0,0.0,0.0,0.0,0.0,0.0,0.0,0.0,0.0,0.0,0.0,0.0,0.0,0.0,0.0,0.0,0.0,0.0,0.0,0.0,0.0,0.0,0.0,0.0,0.0,0.0,0.0,0.0,0.0,0.0,0.0,0.0,0.0,0.0,0.0,0.0,0.0,0.0,0.0,0.0,0.0,0.0,0.0,0.0,0.0,0.0,0.0,0.0,0.0,0.0,0.0,0.0,0.0,0.0,0.0,0.0,0.0,0.0,0.0,0.0,0.0,0.0,0.0,0.0,0.0,0.0,0.0,0.0,0.0,0.9,0.0,0.0,0.0,0.0,0.0,0.0,0.0",5.9,60620.48046875,971245.83984375,8689.7861328125,167919.09423828125,35.29443359375
1791409213.983938,idle,5.9,"8.0,7.7,7.1,4.8,7.8,4.0,5.7,7.7,98.1,3.8,3.8,1.9,2.8,2.9,1.0,3.7,4.9,6.8,5.8,8.4,14.6,4.0,4.8,11.8,4.8,2.9,10.6,3.8,2.9,3.8,74.3,48.1,66.7,33.0,3.8,3.8,5.7,4.9,5.0,4.8,6.9,13.6,3.8,7.7,10.0,2.0,5.8,11.9,4.0,7.7,7.9,5.0,7.2,10.0,5.9,7.6,4.8,6.7,12.4,5.8,5.0,3.0,4.9,4.9,2.9,5.6,2.9,1.9,100.0,100.0,100.0,100.0,100.0,100.0,100.0,100.0,0.0,0.0,0.0,0.0,0.0,0.0,0.0,0.0,1.0,0.0,0.0,0.0,0.0,0.0,0.0,0.0,0.0,0.0,0.0,0.0,0.0,0.0,5.6,5.7,4.7,4.8,0.0,0.0,0.0,0.0,0.0,0.0,0.0,0.0,0.0,0.0,0.0,0.0,0.0,0.0,0.0,0.0,0.0,0.0,0.0,0.0,0.0,0.0,0.0,0.0,0.0,0.0,0.0,0.0,0.0,0.0,0.0,0.0,0.0,0.0,0.0,0.0,0.0,0.0,0.0,0.0,0.0,0.0,0.0,0.0,0.0,0.0,0.0,0.0,0.0,0.0,0.0,0.0,0.0,0.0,0.0,0.0,0.0,0.0,0.0,0.0,0.0,0.0,0.0,0.0,0.0,0.0,0.0,0.0,0.0,0.0,0.0,0.0,0.0,0.0,0.0,0.0,0.0,0.0,0.0,0.0,0.0,0.0,0.0,0.0,0.0,0.0,0.0,0.0,0.0,0.0,0.0,0.0,0.0,0.0,0.0,0.0,0.0,0.0,0.0,0.0,0.0,0.0,0.0,0.0,0.0,0.0,0.0,0.0,0.0,0.0,0.0,0.0,0.0,0.0,0.0,0.0,0.0,0.0,0.0,0.0,0.0,0.0,0.0,0.0,0.0,0.0,0.0,0.0,0.0,0.0,0.0,0.0,0.0,0.0,0.0,0.9,0.0,0.0,0.0,0.0,0.0,0.0,0.0,0.0,0.0,0.0,0.0,0.0,0.0,0.0,0.0,0.0,0.0",5.9,60617.890625,971248.4296875,8689.7861328125,167919.64501953125,35.29443359375
1791409215.0249674,idle,5.0,"9.3,3.0,1.9,0.0,1.9,1.9,0.0,1.9,100.0,0.0,1.0,1.0,1.0,1.0,1.9,1.0,1.0,12.7,0.0,4.9,1.9,1.9,0.0,2.9,0.0,1.9,1.0,1.9,2.0,2.9,39.4,59.4,100.0,24.3,2.0,1.0,2.0,3.9,2.0,2.9,1.0,2.0,1.9,4.9,3.0,4.1,0.0,2.0,1.0,3.0,2.0,2.0,3.0,20.4,1.0,1.0,2.9,2.9,1.0,0.0,5.8,2.0,3.9,1.0,1.9,1.0,1.0,1.0,100.0,100.0,100.0,100.0,100.0,100.0,99.0,100.0,0.0,0.0,0.0,0.0,0.0,0.0,0.0,0.0,1.0,0.0,0.0,0.0,0.0,0.0,0.0,0.0,0.0,0.0,0.0,0.0,0.0,0.0,4.9,3.9,5.8,5.8,0.0,0.0,0.0,0.0,0.0,0.0,0.0,0.0,0.0,0.0,0.0,0.0,0.0,0.0,0.0,0.0,0.0,0.0,0.0,0.0,0.0,0.0,0.0,0.0,0.0,0.0,0.0,0.0,0.0,0.0,0.0,0.0,0.0,0.0,0.0,0.0,0.0,0.0,0.0,0.0,0.0,0.0,0.0,0.0,0.0,0.0,0.0,0.0,0.0,0.0,0.0,0.0,0.0,0.0,0.0,0.0,0.0,0.0,0.0,0.0,0.0,0.0,0.0,0.0,0.0,0.0,0.0,0.0,0.0,0.0,0.0,0.0,0.0,0.0,0.0,0.0,0.0,0.0,0.0,0.0,0.0,0.0,0.0,0.0,0.0,0.0,0.0,0.0,0.0,0.0,0.0,0.0,0.0,0.0,0.0,0.0,0.0,0.0,0.0,0.0,0.0,0.0,0.0,0.0,0.0,0.0,0.0,0.0,0.0,0.0,0.0,0.0,0.0,0.0,0.0,0.0,0.0,0.0,0.0,0.0,0.0,0.0,0.0,0.0,0.0,0.0,0.0,0.0,0.0,0.0,0.0,0.0,0.0,0.0,0.0,0.0,0.0,0.0,0.0,0.0,0.0,0.0,0.0,0.0,0.0,0.0,0.0,0.0,0.0,0.0,0.0,0.0,0.0",5.9,60613.2265625,971253.09375,8689.7861328125,167921.23095703125,35.29443359375
1791409216.062394,idle,6.3,"17.2,7.1,14.1,5.1,6.1,7.1,5.0,11.9,100.0,4.8,4.0,3.0,2.9,2.0,1.0,4.9,8.7,6.0,6.9,7.9,4.0,2.0,4.0,3.2,2.9,1.0,2.9,4.8,11.7,15.5,63.5,79.8,99.0,29.4,6.7,3.0,4.0,11.7,5.0,5.9,10.1,7.2,5.1,9.2,9.1,4.0,6.2,3.0,4.1,7.2,6.1,4.1,6.1,9.0,3.0,3.0,2.0,8.9,27.0,25.0,10.9,7.9,8.8,5.1,2.9,2.9,1.9,1.0,100.0,100.0,100.0,100.0,100.0,99.1,100.0,100.0,0.0,0.0,0.0,0.0,0.0,0.0,0.0,0.0,0.0,0.0,0.0,0.0,0.0,0.0,0.0,0.0,0.0,0.0,0.0,0.0,0.0,0.0,1.0,1.0,1.9,0.0,0.0,0.0,0.0,0.0,0.0,0.0,0.0,0.0,0.0,0.0,0.0,0.0,0.0,0.0,0.0,0.0,0.0,0.0,0.0,0.0,0.0,0.0,0.0,0.0,0.0,0.0,0.0,0.0,0.0,0.0,0.0,0.0,0.0,0.0,0.0,0.0,0.0,0.0,0.0,0.0,0.0,0.0,0.0,0.0,0.0,0.0,0.0,0.0,0.0,0.0,0.0,0.0,0.0,0.0,0.0,0.0,0.0,0.0,0.0,0.0,0.0,0.0,0.0,0.0,0.0,0.0,0.0,0.0,0.0,0.0,0.0,0.0,0.0,0.0,0.0,0.0,0.0,0.0,0.0,0.0,0.0,0.0,0.0,0.0,1.0,0.0,0.0,0.0,0.0,0.0,0.0,0.0,0.0,0.0,0.0,0.0,0.0,0.0,0.0,0.0,0.0,0.0,0.0,0.0,0.0,0.0,0.0,0.0,0.0,0.0,0.0,0.0,0.0,0.0,0.0,0.0,0.0,0.0,0.0,0.0,0.0,0.0,0.0,0.0,0.0,0.0,0.0,0.0,0.0,0.0,0.0,0.0,0.0,0.0,0.0,0.0,0.0,0.0,0.0,0.0,0.0,0.0,0.0,0.0,0.0,0.0,0.0,0.0,0.0,0.0,0.0,0.0,0.0",5.9,61029.078125,970837.2421875,8689.7861328125,167921.23095703125,36.55224609375
1791409217.1016557,idle,5.0,"5.7,6.9,2.0,0.0,0.0,1.0,1.9,1.9,4.8,97.1,1.0,1.0,1.9,2.9,6.7,1.0,6.8,2.0,3.0,1.0,1.0,1.9,1.0,1.0,1.0,0.0,0.0,0.0,1.0,15.8,43.7,14.1,80.2,48.5,1.0,5.9,2.9,2.0,2.0,1.0,0.0,9.8,4.9,2.9,2.0,2.0,3.0,0.0,1.9,1.0,1.0,2.0,4.0,1.0,1.0,1.0,0.0,1.9,36.3,14.0,2.0,1.9,0.0,2.0,0.0,1.0,0.0,0.0,100.0,100.0,99.0,100.0,100.0,100.0,100.0,100.0,0.0,0.0,0.0,0.0,0.0,0.0,0.0,0.0,1.0,0.0,0.0,0.0,0.0,0.0,0.0,0.0,0.0,0.0,0.0,0.0,0.0,0.0,1.0,1.9,0.0,0.0,0.0,0.0,0.0,0.0,0.0,0.0,0.0,0.0,0.0,0.0,0.0,0.0,0.0,0.0,0.0,0.0,0.0,0.0,0.0,0.0,0.0,0.0,0.0,0.0,0.0,0.0,0.0,0.0,0.0,0.0,0.0,0.0,0.0,0.0,0.0,0.0,0.0,0.0,0.0,0.0,0.0,0.0,0.0,0.0,0.0,0.0,0.0,0.0,0.0,0.0,0.0,0.0,0.0,0.0,0.0,0.0,0.0,0.0,0.0,0.0,0.0,0.0,0.0,0.0,0.0,0.0,0.0,0.0,0.0,0.0,0.0,0.0,0.0,0.0,0.0,0.0,0.0,0.0,0.0,0.0,0.0,0.0,0.0,0.0,0.0,0.0,0.0,0.0,0.0,0.0,0.0,0.0,0.0,0.0,0.0,0.0,0.0,0.0,0.0,0.0,0.0,0.0,0.0,0.0,0.0,0.0,0.0,0.0,0.0,0.0,0.0,0.0,0.0,0.0,0.0,0.0,0.0,0.0,0.0,0.0,0.0,0.0,0.0,0.0,0.0,0.0,0.0,0.0,0.0,0.0,0.0,0.0,0.0,0.0,0.0,0.0,0.0,0.0,0.0,0.0,0.0,0.0,0.0,0.0,0.0,0.0,0.0,0.0,0.0,0.0,0.0,0.0,0.0",5.9,60501.4921875,971364.828125,8689.7861328125,167921.23095703125,36.55224609375
1791409218.1503508,idle,5.3,"10.1,6.3,7.1,4.0,6.1,2.9,4.9,2.0,3.8,100.0,3.8,3.9,1.0,2.9,1.0,2.0,5.0,7.9,5.9,2.9,7.8,4.0,5.8,3.0,6.8,7.9,4.9,4.1,8.8,2.9,13.5,12.7,68.0,34.0,4.9,2.0,3.0,3.9,2.9,3.9,6.8,5.9,5.0,7.0,6.9,6.9,6.0,4.9,3.0,5.2,3.9,4.1,5.3,3.9,1.0,2.9,2.9,1.9,2.0,6.9,4.9,2.9,4.0,40.2,3.8,1.0,2.9,2.9,100.0,99.1,100.0,100.0,100.0,100.0,100.0,100.0,0.0,0.0,0.0,0.0,0.0,2.0,0.0,0.0,2.2,0.0,0.0,0.0,0.0,0.0,0.0,0.0,0.0,0.0,0.0,0.0,0.0,0.0,0.0,1.0,0.0,0.0,0.0,0.0,0.0,0.0,0.0,0.0,0.0,0.0,0.0,0.0,0.0,0.0,0.0,0.0,0.0,0.0,0.0,0.0,0.0,0.0,0.0,0.0,0.0,0.0,0.0,0.0,0.0,0.0,0.0,0.0,0.0,0.0,0.0,0.0,0.0,0.0,0.0,0.0,0.0,0.0,0.0,0.0,0.0,0.0,0.0,0.0,0.0,0.0,0.0,0.0,0.0,0.0,0.9,0.0,0.0,0.0,0.0,0.0,0.0,0.0,0.0,0.0,0.0,0.0,0.0,0.0,0.0,0.0,0.0,0.0,0.0,0.0,0.0,0.0,0.0,0.0,0.0,0.0,0.0,0.0,0.0,0.0,0.0,0.0,0.0,0.0,0.0,0.0,0.0,0.0,0.0,0.0,0.0,0.0,0.0,0.0,0.0,0.0,0.0,0.0,0.0,0.0,0.0,0.0,0.0,0.0,0.0,0.0,0.0,0.0,0.0,0.0,0.0,0.0,0.0,0.0,0.0,0.0,0.0,0.0,0.0,0.0,0.0,0.0,0.0,0.0,0.0,0.0,0.0,0.0,0.0,0.0,0.0,0.0,0.0,0.0,0.0,0.0,0.0,0.0,0.0,0.0,0.0,0.0,0.0,0.0,0.0,0.0,0.0,0.0,0.0,0.0,0.0",5.9,60677.75390625,971188.56640625,8689.7861328125,167921.23095703125,36.55224609375
1791409219.1892216,idle,5.1,"11.0,5.8,3.9,1.0,2.9,1.0,1.9,1.0,98.1,1.9,1.0,1.0,1.0,0.0,1.9,1.9,2.9,2.0,1.9,4.9,1.0,1.9,0.0,3.0,0.0,0.0,1.0,1.0,1.9,0.0,95.2,60.6,62.1,43.3,1.9,2.0,2.9,2.9,0.0,2.0,1.9,2.0,1.9,2.9,1.9,3.0,3.9,2.0,0.0,5.0,1.0,2.0,3.0,2.9,4.9,1.9,3.8,1.0,2.8,2.0,1.0,2.9,8.7,3.8,1.0,1.9,1.9,0.0,99.0,100.0,100.0,100.0,100.0,100.0,100.0,100.0,0.0,0.0,0.0,0.0,0.0,1.0,0.0,0.0,2.2,0.0,0.0,0.0,0.0,0.0,0.0,0.0,0.0,0.0,0.0,0.0,0.0,0.0,1.9,5.8,1.0,1.0,0.0,0.0,0.0,0.0,0.0,0.0,0.0,0.0,0.0,0.0,0.0,0.0,0.0,0.0,0.0,0.0,0.0,0.0,0.0,0.0,0.0,0.0,0.0,0.0,0.0,0.0,0.0,0.0,1.0,0.0,0.0,0.0,0.0,0.0,0.0,0.0,0.0,0.0,0.0,0.0,0.0,0.0,0.0,0.0,0.0,0.0,0.0,0.0,0.0,0.0,0.0,0.0,0.0,0.0,0.0,0.0,0.0,0.0,0.0,0.0,0.0,0.0,0.0,0.0,0.0,0.0,0.0,0.0,0.0,0.0,0.0,0.0,0.0,0.0,0.0,0.0,0.0,0.0,0.0,0.0,0.0,0.0,0.0,0.0,0.0,0.0,0.0,0.0,0.0,0.0,0.0,0.0,0.0,0.0,0.0,0.0,0.0,0.0,0.0,0.0,0.0,0.0,0.0,0.0,0.0,0.0,0.0,0.0,0.0,0.0,0.0,0.0,0.0,0.0,0.0,0.0,0.0,0.0,0.0,0.0,0.0,0.0,0.0,0.0,0.0,0.0,0.0,0.0,0.0,0.0,0.0,0.0,0.0,0.0,0.0,0.0,0.0,0.0,0.0,0.0,0.0,0.0,0.0,0.0,0.0,0.0,0.0,0.0,0.0,0.0,0.0,0.0,0.0",5.9,60810.84375,971055.4765625,8689.7861328125,167921.50830078125,36.55224609375
1791409220.2731438,individual_n8_vmnos256_r2:submission,10.7,"38.5,20.6,33.0,21.0,17.8,17.3,34.6,30.2,34.9,23.6,42.7,16.2,31.8,28.2,23.3,29.1,45.4,21.0,23.4,36.7,24.8,34.6,26.8,20.9,21.1,21.3,27.5,35.1,44.5,35.2,100.0,100.0,14.4,27.4,18.9,38.5,23.4,28.3,19.0,32.1,25.5,28.0,24.5,32.1,27.1,29.4,25.5,27.4,20.9,25.5,22.4,25.0,28.0,17.5,41.8,21.2,40.5,18.6,28.3,21.3,22.2,19.4,24.3,31.1,31.8,17.8,25.5,20.4,100.0,100.0,100.0,100.0,99.1,99.1,100.0,100.0,0.0,0.0,0.0,0.0,0.0,0.9,0.0,0.0,0.0,0.0,0.0,0.0,0.0,0.0,0.0,0.0,0.0,0.0,0.0,0.0,0.0,0.0,0.0,0.0,0.0,0.0,0.0,0.0,0.0,0.0,0.0,0.0,0.0,0.0,0.0,0.0,0.0,0.0,0.0,0.0,0.0,0.0,0.0,0.0,0.0,0.0,0.0,0.0,0.0,0.0,0.0,0.0,0.0,0.0,0.0,0.0,0.0,0.0,0.0,0.0,0.0,0.0,0.0,0.0,0.0,0.0,0.0,0.0,0.0,0.0,0.0,0.0,0.0,0.0,0.0,0.0,0.0,0.0,0.0,0.0,0.0,0.0,0.0,0.9,0.0,0.0,0.0,0.0,0.0,0.0,0.0,0.0,0.0,0.0,0.0,0.0,0.0,0.0,0.0,0.0,0.0,0.0,0.0,0.0,0.0,0.0,0.0,0.0,0.0,0.0,0.0,0.0,0.0,0.0,0.0,0.0,0.0,0.0,0.0,0.0,0.0,0.0,0.0,0.0,0.0,0.0,0.0,0.0,0.0,0.0,0.0,0.0,0.0,0.0,0.0,0.0,0.0,0.0,0.0,0.0,0.0,0.0,0.0,0.0,0.0,0.0,0.0,0.0,0.0,0.0,0.0,0.0,0.0,0.0,0.0,0.0,0.0,0.0,0.0,0.0,0.0,0.0,0.0,0.0,0.0,0.0,0.0,0.0,0.0,0.0,0.0,0.0,0.0,0.0,0.0,0.0,0.0,0.0,0.0",6.0,62120.59765625,969745.72265625,8689.7861328125,167922.77001953125,41.47314453125
1791409221.764508,individual_n8_vmnos256_r2:submission,14.9,"42.1,36.2,46.4,31.8,40.3,34.3,61.3,44.5,44.9,47.8,61.0,38.6,40.0,52.5,35.1,35.5,50.4,52.8,46.4,48.6,46.8,46.8,41.6,44.6,55.7,49.3,36.7,60.5,32.8,41.4,19.2,17.1,87.9,92.0,37.3,36.4,38.5,56.0,33.3,45.7,44.9,53.1,46.9,56.1,42.6,57.0,62.2,43.5,41.5,31.7,36.5,46.0,57.2,49.3,44.3,47.5,35.6,40.6,64.1,40.4,47.9,42.6,42.3,44.9,68.7,66.7,44.2,60.9,100.0,100.0,100.0,100.0,100.0,100.0,100.0,100.0,0.0,0.0,0.0,0.0,0.0,0.0,0.0,0.0,4.1,1.3,0.0,0.0,0.0,0.0,0.0,0.0,0.0,0.0,0.0,0.0,0.0,0.0,0.7,6.7,1.3,1.3,0.0,0.0,0.0,0.0,0.0,0.0,0.0,0.0,0.0,0.0,0.0,0.0,0.0,0.0,0.0,0.0,0.0,0.0,0.0,0.0,0.0,0.0,0.0,0.0,0.0,0.0,0.0,0.0,0.0,0.0,0.0,0.0,0.0,0.0,0.0,0.0,0.0,0.0,0.0,0.0,0.0,0.0,0.0,0.7,0.0,0.0,0.0,0.0,0.0,0.0,0.0,0.0,0.0,0.0,0.0,0.0,0.0,0.7,0.0,0.0,0.0,0.0,0.0,0.0,0.0,0.0,0.0,0.0,0.0,0.0,0.0,0.0,0.0,0.0,0.0,0.0,0.0,0.0,0.0,0.0,0.0,0.0,0.0,0.0,0.0,0.0,0.0,0.0,0.0,0.0,0.0,0.0,0.0,0.0,0.0,0.0,0.0,0.0,0.0,0.0,0.0,0.0,0.0,0.0,0.0,0.0,0.0,0.0,0.0,0.0,0.0,0.0,0.0,0.0,0.0,0.0,0.0,0.0,0.0,0.0,0.0,0.0,0.0,0.0,0.0,0.0,0.0,0.0,0.0,0.0,0.0,0.0,0.0,0.0,0.0,0.0,0.0,0.0,0.0,0.0,0.0,0.0,0.0,0.0,0.0,0.0,0.0,0.0,0.0,0.0,0.0,0.0,0.0",6.0,61606.41796875,970259.90234375,8689.7861328125,167922.77001953125,41.47314453125
1791409223.9312077,individual_n8_vmnos256_r2:submission,14.2,"59.8,50.2,40.2,33.2,37.7,49.8,38.5,43.1,42.8,34.3,43.1,39.8,36.3,48.1,43.3,48.3,41.3,47.9,47.6,51.2,38.8,45.7,38.7,52.5,35.1,29.3,30.8,34.5,31.6,32.5,70.6,21.7,69.1,83.0,34.0,29.3,36.5,32.4,29.3,33.8,41.7,48.8,32.9,39.9,36.6,36.7,30.4,40.5,40.5,34.0,37.2,48.8,39.7,43.2,37.0,43.0,44.3,44.2,36.4,35.0,36.4,46.4,46.1,46.9,51.0,44.5,50.7,50.7,100.0,100.0,100.0,100.0,100.0,100.0,100.0,100.0,0.0,0.0,0.0,0.0,0.0,0.9,0.0,0.0,0.9,0.0,0.0,0.0,0.0,0.0,0.0,0.0,0.0,0.0,0.0,0.0,0.0,0.0,1.3,5.8,0.9,17.9,0.0,0.0,0.0,0.0,0.0,0.0,0.0,0.0,0.0,0.0,0.0,0.0,0.0,0.0,0.0,0.0,0.0,0.0,0.0,0.0,0.0,0.0,0.0,0.0,0.0,0.0,0.0,0.0,0.0,0.0,0.0,0.0,0.0,0.0,0.0,0.0,0.0,0.0,0.0,0.0,0.0,0.0,0.0,0.0,0.0,0.0,0.0,0.0,0.0,0.0,0.0,0.0,0.0,0.0,0.0,0.0,0.0,0.5,0.0,0.0,0.0,0.0,0.0,0.0,0.0,0.0,0.0,0.0,0.0,0.0,0.0,0.0,0.0,0.0,0.0,0.0,0.0,0.0,0.0,0.0,0.0,0.0,0.0,0.0,0.0,0.0,0.0,0.0,0.0,0.0,0.0,0.0,0.0,0.0,0.0,0.0,0.0,0.0,0.0,0.0,0.0,0.0,0.0,0.0,0.0,0.0,0.0,0.0,0.0,0.0,0.0,0.0,0.0,0.0,0.0,0.0,0.0,0.0,0.0,0.0,0.0,0.0,0.0,0.0,0.0,0.0,0.0,0.0,0.0,0.0,0.0,0.0,0.0,0.0,0.0,0.0,0.0,0.0,0.0,0.0,0.0,0.0,0.0,0.0,0.0,0.0,0.0,0.0,0.0,0.0,0.0,0.0,0.0",5.9,61324.5546875,970541.765625,8689.7861328125,167923.43408203125,41.47314453125
1791409225.629207,individual_n8_vmnos256_r2:confirmation,14.2,"45.8,45.3,41.5,42.3,45.1,45.0,48.6,43.2,41.0,40.8,58.0,47.0,54.1,48.6,44.0,36.4,37.1,40.0,42.9,41.3,50.6,40.3,42.6,36.6,36.2,37.5,36.5,29.9,32.0,46.3,55.5,11.5,94.3,2.5,32.9,44.7,34.2,31.9,42.2,38.8,38.2,46.7,57.8,39.7,46.1,45.7,50.3,46.6,45.5,51.0,57.3,50.3,48.6,44.4,43.5,44.0,42.0,38.0,38.2,44.1,34.7,37.7,44.5,51.3,39.6,53.3,40.3,47.6,100.0,100.0,100.0,100.0,100.0,100.0,100.0,100.0,0.0,0.0,0.0,0.0,0.0,0.0,0.0,0.0,1.3,0.0,0.0,0.0,0.0,0.0,0.0,0.0,0.0,0.0,0.0,0.0,0.0,0.0,13.4,20.4,17.7,1.9,0.0,0.0,0.0,0.0,0.0,0.0,0.0,0.0,0.0,0.0,0.0,0.0,0.0,0.0,0.0,0.0,0.0,0.0,0.0,0.0,0.0,0.0,0.0,0.0,0.0,0.0,0.0,0.0,0.0,0.0,0.0,0.0,0.0,0.0,0.0,0.0,0.0,0.0,0.0,0.0,0.0,0.0,0.0,0.0,0.0,0.0,0.6,0.0,0.0,0.0,0.0,0.0,0.6,0.0,0.0,0.0,0.0,0.0,0.0,0.0,0.0,0.0,0.0,0.0,0.0,0.0,0.0,0.0,0.0,0.0,0.0,0.0,0.0,0.0,0.0,0.0,0.6,0.0,0.0,0.0,0.0,0.0,0.0,0.0,0.0,0.0,0.6,0.0,0.0,0.0,0.0,0.0,0.0,0.0,0.0,0.0,0.0,0.0,0.0,0.0,0.0,0.0,0.0,0.0,0.0,0.0,0.0,0.0,0.0,0.0,0.0,0.0,0.0,0.0,0.0,0.0,0.0,0.0,0.0,0.0,0.0,0.0,0.0,0.0,0.0,0.0,0.0,0.0,0.0,0.0,0.0,0.0,0.0,0.0,0.0,0.0,0.0,0.0,0.0,0.0,0.0,0.0,0.0,0.0,0.0,0.0,0.0,0.0,0.0,0.0,0.0,0.0,0.0",6.0,61495.05078125,970371.26953125,8689.7861328125,167929.78173828125,45.759765625
1791409226.7910752,individual_n8_vmnos256_r2:confirmation,12.6,"26.4,25.7,23.8,20.6,43.2,21.7,25.0,22.2,57.5,53.2,54.5,49.5,31.5,31.2,16.0,42.9,31.2,20.8,33.6,25.9,29.6,77.9,17.3,56.9,27.3,22.4,21.8,60.6,16.7,16.8,55.8,0.0,99.1,0.9,27.5,32.4,15.1,32.7,15.7,15.2,17.9,25.5,44.1,52.3,25.5,47.7,66.1,29.4,29.9,56.6,22.4,19.2,25.0,25.5,29.4,21.1,26.7,23.4,37.7,23.4,22.7,29.2,29.6,37.1,53.6,42.1,65.8,67.3,100.0,100.0,100.0,100.0,100.0,100.0,100.0,100.0,0.0,0.0,0.0,0.0,0.0,0.0,0.0,0.0,0.0,0.0,0.0,0.0,0.0,0.0,0.0,0.0,0.0,0.0,32.5,0.0,0.0,0.0,7.9,38.9,0.0,93.0,0.0,0.0,0.0,0.0,0.0,0.0,0.0,0.0,0.0,0.0,0.0,0.0,0.0,0.0,0.0,0.0,0.0,0.0,0.0,0.0,0.0,0.0,0.0,0.0,0.0,0.0,0.0,0.0,0.0,0.0,0.0,0.0,0.0,0.0,0.0,0.0,0.0,0.0,0.0,0.0,0.0,0.0,0.0,0.0,0.0,0.0,0.0,0.0,0.0,0.0,0.0,0.0,0.0,0.0,0.0,0.0,0.0,0.0,0.9,0.0,0.0,0.0,0.0,0.0,0.0,0.0,0.0,0.0,0.0,0.0,0.0,0.0,0.9,0.0,0.0,0.9,0.0,0.0,0.0,0.0,0.0,0.0,0.0,0.0,0.0,0.0,0.0,0.0,0.0,0.0,0.0,0.0,0.0,0.0,0.0,0.0,0.0,0.0,0.0,0.0,0.0,0.0,0.0,0.0,0.0,0.0,0.0,0.0,0.0,0.0,0.0,0.0,0.0,0.0,0.0,0.0,0.0,0.0,0.0,0.0,0.0,0.0,0.0,0.0,0.0,0.0,0.0,0.0,0.0,0.0,0.0,0.0,0.0,0.0,0.0,0.0,0.0,0.0,0.0,0.0,0.0,0.0,0.0,0.0,0.0,0.0,0.0,0.0,0.0,0.0,0.0,0.0,0.0",6.0,62083.1875,969783.1328125,8689.7861328125,167929.78173828125,45.759765625
1791409227.893441,individual_n8_vmnos256_r2:confirmation,10.7,"36.5,20.6,10.8,29.1,34.3,42.7,16.7,30.0,28.3,38.8,23.1,30.8,29.2,13.9,24.8,44.2,26.0,13.4,13.9,39.4,29.2,29.2,19.6,39.8,14.6,16.8,29.5,24.3,15.2,20.0,48.6,2.8,20.2,80.7,11.5,10.7,13.5,18.5,13.7,12.6,20.6,14.7,24.5,48.5,21.6,15.5,23.1,19.2,32.0,25.2,15.7,15.8,24.3,37.9,18.4,18.8,28.3,29.6,34.3,32.4,36.8,38.1,30.2,21.8,36.7,33.6,11.8,20.2,100.0,100.0,100.0,100.0,100.0,100.0,100.0,100.0,0.0,0.0,0.0,0.0,0.0,0.9,0.0,0.0,1.9,0.0,0.0,0.0,0.0,0.0,0.0,0.0,0.0,0.0,100.0,0.0,0.0,0.0,16.5,8.3,0.9,99.1,0.0,0.0,0.0,0.0,0.0,0.0,0.0,0.0,0.0,0.0,0.0,0.0,0.0,0.0,0.0,0.0,0.0,0.0,0.0,0.0,0.0,0.0,0.0,0.0,0.0,0.0,0.0,0.0,0.0,0.0,0.0,0.0,0.0,0.0,0.0,0.0,0.0,0.0,0.0,0.0,0.0,0.0,0.0,0.0,0.0,0.0,0.0,0.0,0.0,0.0,0.0,0.0,0.0,0.0,0.0,0.0,0.0,0.9,0.0,0.0,0.0,0.0,0.0,0.0,0.0,0.0,0.0,0.0,0.0,0.0,0.0,0.0,0.0,0.0,0.0,0.0,0.0,0.0,0.0,0.0,0.0,0.0,0.0,0.0,0.0,0.0,0.0,0.0,0.0,0.0,0.0,0.0,0.0,0.0,0.0,0.0,0.0,0.0,0.0,0.0,0.0,0.0,0.0,0.0,0.0,0.0,0.0,0.0,0.0,0.0,0.0,0.0,0.0,0.0,0.0,0.0,0.0,0.0,0.0,0.0,0.0,0.0,0.0,0.0,0.0,0.0,0.0,0.0,0.0,0.0,0.0,0.0,0.0,0.0,0.0,0.0,0.0,0.0,0.0,0.0,0.0,0.0,0.0,0.0,0.0,0.0,0.0,0.0,0.0,0.0,0.0,0.0,0.0",5.9,61138.31640625,970728.00390625,8689.7861328125,167929.78173828125,45.759765625
1791409228.9592068,individual_n8_vmnos256_r2:confirmation,13.3,"62.6,37.6,21.0,20.6,53.4,46.6,42.7,54.2,49.0,28.4,42.3,45.3,38.6,23.5,46.7,43.7,23.1,41.7,30.5,51.9,22.5,19.0,41.0,43.3,23.8,44.9,17.0,33.0,41.2,27.5,50.0,8.4,5.6,77.8,45.2,20.2,17.0,18.0,17.0,18.6,38.2,43.4,40.8,55.2,63.2,25.0,38.8,19.2,27.5,39.8,31.7,19.8,35.9,16.5,17.8,15.3,49.5,60.8,28.6,38.8,30.8,20.4,36.5,42.7,48.6,32.7,59.4,71.4,100.0,100.0,100.0,100.0,100.0,100.0,100.0,100.0,0.0,0.0,0.0,0.0,0.0,0.0,0.0,0.0,0.0,0.0,0.0,0.0,0.0,0.0,0.0,0.0,0.0,0.0,100.0,0.0,0.0,0.0,49.5,8.4,3.7,52.8,0.0,0.0,0.0,0.0,0.0,0.0,0.0,0.0,0.0,0.0,0.0,0.0,0.0,0.0,0.0,0.0,0.0,0.0,0.0,0.0,0.0,0.0,0.0,0.0,0.0,0.0,0.0,0.0,0.0,0.0,0.0,0.0,0.0,0.0,0.0,0.0,0.0,0.0,0.0,0.0,0.0,0.0,0.0,0.0,0.0,0.0,0.0,0.0,0.0,0.0,0.0,0.0,0.0,0.0,0.0,0.0,0.0,0.0,0.0,0.0,0.0,0.0,0.0,0.0,0.0,0.0,0.0,0.0,0.0,0.0,0.0,0.0,0.0,0.0,0.0,0.0,0.0,0.0,0.0,0.0,0.0,0.0,0.0,0.0,0.0,0.0,0.0,0.0,0.0,0.0,0.0,0.0,0.0,0.0,0.0,0.0,0.0,0.0,0.0,0.0,0.0,0.0,0.0,0.0,0.0,0.0,0.0,0.0,0.0,0.0,0.0,0.0,0.0,0.0,0.0,0.0,0.0,0.0,0.0,0.0,0.0,0.0,0.0,0.0,0.0,0.0,0.0,0.0,0.0,0.0,0.0,0.0,0.0,0.0,0.0,0.0,0.0,0.0,0.0,0.0,0.0,0.0,0.0,0.0,0.0,0.0,0.0,0.0,0.0,0.0,0.0,0.0,0.0",5.9,61045.578125,970820.7421875,8689.7861328125,167930.02392578125,45.759765625
1791409230.0353937,individual_n8_vmnos256_r2:confirmation,10.7,"35.7,19.1,22.4,16.8,15.6,17.1,19.6,20.7,15.7,11.1,9.2,36.9,22.0,9.2,22.7,51.8,16.8,34.6,28.6,51.3,16.2,11.4,14.3,30.2,23.1,36.6,18.7,22.9,25.7,16.8,0.0,0.0,0.0,49.6,47.3,15.1,26.2,32.4,15.2,22.2,45.0,35.8,39.1,18.0,17.3,20.4,18.3,7.6,19.3,24.3,42.2,17.4,27.3,18.2,24.1,19.4,26.4,43.7,18.0,30.3,32.4,31.8,29.9,21.0,39.3,18.3,35.5,12.4,100.0,100.0,100.0,100.0,100.0,100.0,100.0,100.0,0.0,0.0,0.0,0.0,0.0,0.9,0.0,0.0,2.9,0.0,0.0,0.0,0.0,0.0,0.0,0.0,0.0,0.0,99.1,0.0,0.0,0.0,86.8,43.4,78.3,0.0,0.0,0.0,0.0,0.0,0.0,0.0,0.0,0.0,0.0,0.0,0.0,0.0,0.0,0.0,0.0,0.0,0.0,0.0,0.0,0.0,0.0,0.0,0.0,0.0,0.0,0.0,0.0,0.0,0.0,0.0,0.0,0.0,0.0,0.0,0.0,0.0,0.0,0.0,0.0,0.0,0.0,0.0,0.0,0.0,0.0,0.0,0.0,0.0,0.0,0.0,0.0,0.0,0.0,0.0,0.0,0.0,0.0,0.0,0.0,0.0,0.0,0.0,0.0,0.0,0.0,0.0,0.0,0.0,0.0,0.0,0.0,0.0,0.0,0.0,0.0,0.0,0.0,0.0,0.0,0.0,0.0,0.0,0.0,0.0,0.0,0.0,0.0,0.0,0.0,0.0,0.0,0.0,0.0,0.0,0.0,0.0,0.0,0.0,0.0,0.0,0.0,0.0,0.0,0.0,0.0,0.0,0.0,0.0,0.0,0.0,0.0,0.0,0.0,0.0,0.0,0.0,0.0,0.0,0.0,0.0,0.0,0.0,0.0,0.0,0.0,0.0,0.0,0.0,0.0,0.0,0.0,0.0,0.0,0.0,0.0,0.0,0.0,0.0,0.0,0.0,0.0,0.0,0.0,0.0,0.0,0.0,0.0,0.0,0.0,0.0,0.0,0.0,0.0",6.0,61685.265625,970181.0546875,8689.7861328125,167930.02392578125,43.85693359375
1791409231.720905,individual_n8_vmnos256_r2:confirmation,7.7,"15.2,26.8,9.7,9.7,8.9,39.1,10.9,6.5,14.6,9.8,11.8,31.0,7.7,7.8,11.5,12.8,5.1,9.1,60.2,17.5,5.7,15.0,11.5,27.3,17.8,24.1,9.1,31.1,21.4,13.5,0.0,1.2,0.0,18.0,10.3,15.4,17.9,15.4,7.8,32.5,11.4,36.0,32.2,14.3,14.9,30.0,9.8,8.1,9.1,11.2,21.7,22.4,13.7,14.3,15.3,9.9,7.0,15.9,14.1,16.9,13.6,10.4,28.0,11.8,1.8,2.3,6.5,17.8,99.4,100.0,99.4,99.4,100.0,100.0,99.4,100.0,0.0,0.0,0.0,0.0,0.0,0.6,0.0,0.6,0.0,0.0,0.0,0.0,0.0,0.0,0.0,0.0,0.0,0.0,0.0,0.0,0.0,0.0,100.0,7.7,100.0,0.0,0.0,0.0,0.0,0.0,0.0,0.0,0.0,0.0,0.0,0.0,0.0,0.0,0.0,0.0,0.0,0.0,0.0,0.0,0.0,0.0,0.0,0.0,0.0,0.0,0.0,0.0,0.0,0.0,0.0,0.0,0.0,0.0,0.0,0.0,0.0,0.0,0.0,0.0,0.0,0.0,0.0,0.0,0.0,0.0,0.0,0.0,0.0,0.0,0.0,0.0,0.6,0.0,0.0,0.0,0.0,0.0,0.0,1.2,0.0,0.0,0.0,0.0,0.0,0.0,0.0,0.0,0.0,0.0,0.0,0.0,0.0,0.0,0.0,0.0,0.0,0.0,0.0,0.0,0.0,0.0,0.0,0.0,0.0,0.0,0.0,0.0,0.0,0.0,0.0,0.0,0.0,0.0,0.0,0.0,0.0,0.0,0.0,0.0,0.0,0.0,0.0,0.0,0.0,0.0,0.0,0.0,0.0,0.0,0.0,0.0,0.0,0.0,0.0,0.0,0.0,0.0,0.0,0.0,0.0,0.0,0.0,0.0,0.0,0.0,0.0,0.0,0.0,0.0,0.0,0.0,0.0,0.0,0.0,0.0,0.0,0.0,0.0,0.0,0.0,0.0,0.0,0.0,0.0,0.0,0.0,0.0,0.0,0.0,0.0,0.0,0.0,0.0,0.0",6.0,62338.49609375,969527.82421875,8689.7861328125,167939.28173828125,43.85693359375
1791409233.6038427,individual_n8_vmnos256_r2:confirmation,10.3,"29.1,13.6,12.6,15.7,12.8,21.4,16.0,43.9,30.2,35.7,34.7,24.5,30.6,31.6,38.9,21.6,12.0,17.5,38.1,18.3,21.5,36.8,33.9,30.4,21.6,19.6,25.5,22.9,34.9,30.6,12.0,3.0,1.0,15.9,15.5,13.5,25.0,17.6,22.6,23.3,36.1,27.8,22.1,16.0,17.7,35.7,29.4,30.7,27.3,10.8,20.0,9.2,13.2,11.0,8.5,32.1,15.9,18.8,27.2,26.8,27.2,38.1,32.5,32.1,13.3,17.5,38.1,24.2,100.0,100.0,100.0,100.0,100.0,100.0,100.0,100.0,0.0,0.0,0.0,0.0,0.0,2.5,0.5,0.0,1.0,0.0,0.0,0.0,0.5,0.0,0.0,0.0,0.0,0.0,0.0,0.0,0.0,0.0,56.4,9.5,70.1,0.5,0.0,0.0,0.0,0.0,0.0,0.5,0.0,0.0,0.0,0.0,0.0,0.0,0.0,0.0,0.0,0.0,0.0,0.0,0.0,0.0,0.0,0.5,0.0,0.5,0.0,0.5,0.0,0.0,0.0,0.5,0.0,0.0,0.0,0.0,0.0,0.0,0.0,0.0,0.0,0.0,0.0,0.0,0.0,0.0,0.0,0.0,0.0,0.0,0.0,0.0,0.0,0.0,0.0,0.0,0.0,0.0,0.0,0.0,0.0,0.5,0.0,0.0,0.0,0.0,0.0,0.0,0.0,0.0,0.0,0.5,0.0,0.0,0.0,0.0,0.0,0.0,0.0,0.0,0.0,0.0,0.0,0.0,0.0,0.0,0.0,0.0,0.0,0.0,0.0,0.0,0.0,0.0,0.0,0.0,0.0,0.0,0.0,0.0,0.0,0.0,0.0,0.0,0.0,0.0,0.0,0.0,0.0,0.0,0.0,0.0,0.0,0.0,0.0,0.0,0.0,0.0,0.0,0.0,0.0,0.0,0.0,0.0,0.0,0.0,0.0,0.5,0.0,0.0,0.0,0.0,0.0,0.0,0.0,0.0,0.0,0.0,0.0,0.0,0.0,0.0,0.0,0.0,0.0,0.0,0.0,0.0,0.0,0.0,0.0,0.0,0.0,0.0,0.0",6.0,61417.90234375,970448.41796875,8689.7861328125,167939.55126953125,43.85693359375
1791409235.3020973,individual_n8_vmnos256_r2:confirmation,7.2,"11.6,16.7,6.5,34.8,8.3,8.2,5.9,32.7,30.3,33.8,11.3,31.8,19.6,8.9,5.3,12.2,8.4,7.3,10.1,27.0,21.4,14.6,28.7,29.6,20.9,32.3,4.3,30.1,3.8,4.4,80.6,69.1,45.5,5.5,16.3,9.4,18.0,12.7,12.5,16.6,32.7,8.3,5.1,14.9,10.0,7.2,5.1,32.3,4.5,9.3,7.0,8.5,13.4,8.1,9.7,11.6,13.2,21.2,9.3,6.5,9.7,10.1,5.3,6.8,9.6,6.7,26.5,10.5,100.0,100.0,100.0,100.0,100.0,100.0,100.0,100.0,0.0,0.0,0.0,0.0,0.0,0.0,0.0,0.0,1.8,0.0,0.0,0.0,0.0,0.0,0.0,0.0,0.0,0.0,0.0,0.0,0.0,0.0,15.7,10.8,0.0,0.0,0.0,0.0,0.0,0.0,0.0,0.0,0.0,0.0,0.0,0.0,0.0,0.0,0.0,0.0,0.0,0.0,0.0,0.0,0.0,0.0,0.0,0.0,0.0,0.0,0.0,0.0,0.0,0.0,0.0,0.0,0.0,0.0,0.0,0.0,0.0,0.0,0.0,0.0,0.0,0.0,0.0,0.0,0.0,0.0,0.0,0.0,0.0,0.0,0.0,0.0,0.0,0.0,0.0,0.0,0.0,0.0,0.0,0.6,0.0,0.0,0.0,0.0,0.0,0.0,0.0,0.0,0.0,0.0,0.0,0.0,0.0,0.0,0.0,0.0,0.0,0.0,0.0,0.0,0.0,0.0,0.0,0.0,0.0,0.0,0.0,0.0,0.0,0.0,0.0,0.0,0.0,0.0,0.0,0.0,0.0,0.0,0.0,0.0,0.0,0.0,0.0,0.0,0.0,0.0,0.0,0.0,0.0,0.0,0.0,0.0,0.0,0.0,0.0,0.0,0.0,0.0,0.0,0.0,0.0,0.0,0.0,0.0,0.0,0.0,0.0,0.0,0.0,0.0,0.0,0.0,0.0,0.0,0.0,0.0,0.0,0.0,0.0,0.0,0.0,0.0,0.0,0.0,0.0,0.0,0.0,0.0,0.0,0.0,0.0,0.0,0.0,0.0,0.0",6.1,62676.921875,969189.3984375,8689.7861328125,167944.77392578125,44.82958984375
1791409237.3118913,individual_n8_vmnos256_r2:confirmation,9.6,"32.3,44.1,24.1,26.7,8.9,16.2,19.3,25.9,13.1,19.1,10.8,16.1,32.8,23.7,24.9,11.7,10.4,10.4,35.5,9.5,28.5,29.3,15.8,17.3,6.8,7.3,33.3,32.5,24.2,9.5,78.7,87.2,59.2,16.5,35.6,13.4,17.5,14.4,13.3,14.9,42.0,17.4,13.9,24.4,12.3,36.6,29.3,28.9,12.0,11.3,7.7,14.9,14.9,31.7,28.1,12.8,10.7,14.1,8.9,25.9,18.8,21.0,8.8,18.4,43.4,36.5,19.6,13.3,99.5,99.5,100.0,98.6,100.0,100.0,100.0,100.0,0.0,0.0,0.0,0.0,0.0,1.0,0.0,0.0,0.5,0.0,0.0,0.0,0.0,0.0,0.0,0.0,0.0,0.0,0.0,0.0,0.0,0.0,0.5,3.8,3.3,3.8,0.0,0.0,0.0,0.0,0.0,0.0,0.0,0.0,0.0,0.0,0.0,0.0,0.0,0.0,0.0,0.0,0.0,0.0,0.0,0.0,0.0,0.0,0.0,0.0,0.0,0.0,0.0,0.0,0.0,0.0,0.0,0.0,0.0,0.0,0.0,0.0,0.0,0.0,0.0,0.0,0.0,0.0,0.0,0.0,0.0,0.0,0.0,0.0,0.0,0.0,0.0,0.0,0.0,0.0,0.0,0.0,0.0,1.0,0.0,0.0,0.0,0.0,0.0,0.0,0.0,0.0,0.0,0.0,0.0,0.0,0.0,0.0,0.0,0.0,0.0,0.0,0.0,0.0,0.0,0.0,0.0,0.0,0.0,0.0,0.0,0.0,0.0,0.0,0.0,0.0,0.0,0.0,0.0,0.0,0.0,0.0,0.0,0.0,0.0,0.0,0.0,0.0,0.0,0.0,0.0,0.0,0.0,0.0,0.0,0.0,0.0,0.0,0.0,0.0,0.0,0.0,0.0,0.0,0.0,0.0,0.0,0.0,0.0,0.0,0.0,0.0,0.0,0.0,0.0,0.0,0.0,0.0,0.0,0.0,0.0,0.0,0.0,0.0,0.0,0.0,0.0,0.0,0.0,0.0,0.0,0.0,0.0,0.0,0.0,0.0,0.0,0.0,0.0",6.0,62427.8828125,969438.4375,8689.7861328125,167944.77392578125,44.82958984375
1791409239.542001,individual_n8_vmnos256_r2:confirmation,10.8,"31.2,23.8,26.1,16.0,24.7,45.3,41.6,40.4,39.4,12.5,21.6,25.9,18.2,31.4,27.4,15.6,37.6,52.4,17.1,17.5,35.3,26.5,16.6,14.0,36.1,31.6,38.3,58.5,20.8,41.1,67.3,91.9,38.8,33.0,21.1,29.5,39.1,50.0,42.2,42.6,26.7,34.6,22.9,28.3,38.3,21.2,41.7,33.7,11.3,19.4,14.2,36.6,17.8,36.2,12.2,17.5,28.7,22.2,33.7,22.8,22.3,19.8,13.0,14.7,59.3,37.2,55.2,17.6,100.0,99.5,99.5,99.5,100.0,100.0,100.0,100.0,0.0,0.0,0.0,0.0,0.0,0.0,0.0,0.0,0.5,0.5,0.0,0.0,0.0,0.0,0.0,0.0,0.0,0.0,0.0,0.0,0.0,0.0,0.0,0.0,0.0,0.0,0.0,0.0,0.0,0.0,0.0,0.0,0.0,0.0,0.0,0.0,0.0,0.0,0.0,0.0,0.0,0.0,0.0,0.0,0.0,0.0,0.0,0.0,0.0,0.0,0.0,0.0,0.0,0.0,0.0,0.0,0.0,0.0,0.0,0.0,0.0,0.0,0.0,0.0,0.0,0.0,0.0,0.0,0.0,0.0,0.0,0.0,0.0,0.0,0.0,0.0,0.0,0.0,0.0,0.0,0.0,0.0,0.0,1.5,0.0,0.0,0.0,0.0,0.0,0.0,0.0,0.0,0.0,0.0,0.0,0.0,0.0,0.0,0.0,0.0,0.0,0.0,0.0,0.0,0.0,0.0,0.0,0.0,0.0,0.0,0.0,0.0,0.0,0.0,0.0,0.0,0.0,0.0,0.0,0.0,0.0,0.0,0.0,0.0,0.0,0.0,0.0,0.0,0.0,0.0,0.0,0.0,0.0,0.0,0.0,0.0,0.0,0.0,0.0,0.0,0.0,0.0,0.0,0.0,0.0,0.0,0.0,0.0,0.0,0.0,0.0,0.0,0.0,0.0,0.0,0.0,0.0,0.0,0.0,0.0,0.0,0.0,0.0,0.0,0.0,0.0,0.0,0.0,0.0,0.0,0.0,0.0,0.0,0.0,0.0,0.0,0.0,0.0,0.0",6.2,63776.9921875,968089.328125,8689.7861328125,167945.26220703125,44.82958984375
1791409240.7951355,individual_n8_vmnos256_r2:confirmation,10.6,"40.9,48.1,17.6,14.8,9.4,40.5,32.8,23.3,29.3,25.0,20.0,22.6,28.2,18.5,19.8,23.6,18.9,42.3,21.3,13.4,42.5,38.9,43.3,12.7,34.1,19.2,9.2,19.2,28.9,37.9,39.4,39.7,88.7,57.3,44.2,17.8,20.5,11.5,28.1,45.7,16.7,52.3,57.6,29.1,17.5,44.6,17.3,24.8,22.7,22.4,8.3,14.5,16.8,32.3,38.1,18.5,19.0,16.7,48.8,26.2,11.2,20.3,14.4,18.7,55.0,38.8,56.1,18.0,100.0,100.0,99.2,100.0,99.3,100.0,100.0,100.0,0.0,0.0,0.0,0.0,0.0,0.0,0.0,0.0,1.6,0.0,0.0,0.0,0.0,0.0,0.0,0.0,0.0,0.0,0.0,0.0,0.0,0.0,9.1,5.3,2.3,4.5,0.0,0.0,0.0,0.0,0.0,0.0,0.0,0.0,0.0,0.0,0.0,0.0,0.0,0.0,0.0,0.0,0.0,0.0,0.0,0.0,0.0,0.0,0.0,0.0,0.0,0.0,0.0,0.0,0.0,0.0,0.0,0.0,0.0,0.0,0.0,0.0,0.0,0.0,0.0,0.0,0.0,0.0,0.0,0.0,0.0,0.0,0.0,0.0,0.0,0.0,0.0,0.0,0.0,0.0,0.0,0.0,0.0,0.0,0.0,0.0,0.0,0.0,0.0,0.0,0.0,0.0,0.0,0.0,0.0,0.0,0.0,0.0,0.0,0.0,0.0,0.0,0.0,0.0,0.0,0.0,0.0,0.0,0.0,0.0,0.0,0.0,0.0,0.0,0.0,0.0,0.0,0.0,0.0,0.0,0.0,0.0,0.0,0.0,0.0,0.0,0.0,0.0,0.0,0.0,0.0,0.0,0.0,0.0,0.0,0.0,0.0,0.0,0.0,0.0,0.0,0.0,0.0,0.0,0.0,0.0,0.0,0.0,0.0,0.0,0.0,0.0,0.0,0.0,0.0,0.0,0.0,0.0,0.0,0.0,0.0,0.0,0.0,0.0,0.0,0.0,0.0,0.0,0.0,0.0,0.0,0.0,0.0,0.0,0.0,0.0,0.0,0.0,0.0",6.1,63023.41015625,968842.91015625,8689.7861328125,167953.95361328125,44.7626953125
1791409242.2955687,individual_n8_vmnos256_r2:confirmation,9.3,"10.7,34.0,12.8,8.5,17.9,7.6,21.5,7.1,21.5,33.8,15.3,21.7,18.2,22.2,10.1,7.7,36.8,15.6,23.3,31.0,13.0,29.0,50.0,34.7,29.3,31.7,11.0,20.8,15.3,32.0,57.4,4.6,18.5,58.7,11.8,40.8,29.3,16.3,47.0,9.2,6.9,8.8,15.2,31.1,9.7,27.5,17.4,11.3,42.8,39.6,17.9,42.0,11.1,21.7,21.0,37.9,11.1,57.4,26.1,10.3,9.0,18.2,12.5,37.4,21.8,14.0,45.0,11.0,99.3,100.0,100.0,100.0,100.0,99.3,100.0,100.0,0.0,0.0,0.0,0.0,0.0,1.4,0.0,0.0,1.4,0.0,0.0,0.0,0.0,0.0,0.0,0.0,0.0,0.0,0.0,0.0,0.0,0.0,1.3,1.3,0.7,9.9,0.0,0.0,0.0,0.0,0.0,0.0,0.0,0.0,0.0,0.0,0.0,0.0,0.0,0.0,0.0,0.0,0.0,0.0,0.0,0.0,0.0,0.0,0.0,0.0,0.0,0.0,0.0,0.0,0.0,0.0,0.0,0.0,0.0,0.0,0.0,0.0,0.0,0.0,0.0,0.0,0.0,0.0,0.0,0.0,0.0,0.0,0.0,0.0,0.0,0.0,0.0,0.0,0.0,0.0,0.0,0.0,0.0,0.0,0.0,0.0,0.0,0.0,0.0,0.0,0.0,0.0,0.0,0.0,0.0,0.0,0.0,0.0,0.0,0.0,0.0,0.0,0.0,0.0,0.0,0.0,0.0,0.0,0.0,0.0,0.0,0.0,0.0,0.0,0.0,0.0,0.0,0.0,0.0,0.0,0.0,0.0,0.0,0.0,0.0,0.0,0.0,0.0,0.0,0.0,0.0,0.0,0.0,0.0,0.0,0.0,0.0,0.0,0.0,0.0,0.0,0.0,0.0,0.0,0.0,0.0,0.0,0.0,0.0,0.0,0.0,0.0,0.0,0.0,0.0,0.0,0.0,0.0,0.0,0.0,0.0,0.0,0.0,0.0,0.0,0.0,0.0,0.0,0.0,0.0,0.0,0.0,0.0,0.0,0.0,0.0,0.0,0.0,0.0",6.2,63752.0078125,968114.3125,8689.7861328125,167953.95361328125,44.7626953125
1791409243.869019,individual_n8_vmnos256_r2:confirmation,10.8,"27.9,20.5,16.8,12.9,41.2,12.5,13.2,16.4,31.9,12.3,45.7,11.9,44.6,33.3,26.1,32.9,52.1,13.7,15.2,15.2,23.4,13.8,36.4,38.8,60.0,65.0,28.4,17.4,21.7,25.7,72.7,2.8,61.4,50.0,10.2,32.1,16.9,43.9,39.6,11.2,16.7,22.5,20.1,13.2,18.8,33.1,52.1,14.3,15.9,21.9,23.4,18.5,67.9,17.4,11.8,9.0,30.9,43.9,33.6,30.4,54.9,15.2,33.8,33.8,39.7,45.8,20.6,48.2,100.0,100.0,100.0,98.6,100.0,100.0,100.0,100.0,0.0,0.0,0.0,0.0,0.0,0.7,0.0,0.0,1.4,0.0,0.0,0.0,0.0,0.0,0.0,0.0,0.0,0.0,0.0,0.0,0.0,0.0,3.5,5.5,3.5,4.2,0.0,0.0,0.0,0.0,0.0,0.0,0.0,0.0,0.0,0.0,0.0,0.0,0.0,0.0,0.0,0.0,0.0,0.0,0.0,0.0,0.0,0.0,0.0,0.0,0.0,0.0,0.0,0.0,0.0,0.0,0.0,0.0,0.0,0.0,0.0,0.0,0.0,0.0,0.0,0.0,0.0,0.0,0.0,0.0,0.0,0.0,0.0,0.0,0.0,0.0,0.0,0.0,0.0,0.0,0.0,0.0,0.0,0.7,0.0,0.0,0.0,0.0,0.0,0.0,0.0,0.0,0.0,0.0,0.0,0.0,0.0,0.0,0.0,0.0,0.0,0.0,0.0,0.0,0.0,0.0,0.0,0.0,0.0,0.0,0.0,0.0,0.0,0.0,0.0,0.0,0.0,0.0,0.0,0.0,0.0,0.0,0.0,0.0,0.0,0.0,0.0,0.0,0.0,0.0,0.0,0.0,0.0,0.0,0.0,0.0,0.0,0.0,0.0,0.0,0.0,0.0,0.0,0.0,0.0,0.0,0.0,0.0,0.0,0.0,0.0,0.0,0.0,0.0,0.0,0.0,0.0,0.0,0.0,0.0,0.0,0.0,0.0,0.0,0.0,0.0,0.0,0.0,0.0,0.0,0.0,0.0,0.0,0.0,0.0,0.0,0.0,0.0,0.0",6.2,63659.1953125,968207.125,8689.7861328125,167954.18798828125,44.7626953125
1791409244.87956,individual_n8_vmnos256_r2:confirmation,8.7,"22.4,7.5,8.9,6.3,3.6,27.9,22.8,12.0,39.4,12.6,46.4,10.1,6.5,6.3,11.0,11.2,42.3,11.7,29.9,27.8,11.0,11.1,29.4,7.6,4.5,3.6,8.8,50.9,52.6,2.8,21.7,42.6,99.1,52.2,8.2,7.3,8.1,45.6,52.2,15.5,39.8,28.6,12.6,16.8,22.5,24.3,9.8,49.6,7.5,13.8,12.0,19.0,18.3,10.4,9.3,16.5,25.5,46.9,10.6,7.1,8.1,9.1,11.5,55.5,51.3,6.3,33.9,42.9,100.0,99.1,99.1,100.0,100.0,100.0,99.1,100.0,0.0,0.0,0.0,0.0,0.0,0.0,0.0,0.0,0.0,0.0,0.0,0.0,0.0,0.0,0.0,0.0,0.0,0.0,0.0,0.0,0.0,0.0,0.0,0.0,0.9,0.0,0.0,0.0,0.0,0.0,0.0,0.0,0.0,0.0,0.0,0.0,0.0,0.0,0.0,0.0,0.0,0.0,0.0,0.0,0.0,0.0,0.0,0.0,0.0,0.0,0.0,0.0,0.0,0.0,0.0,0.0,0.0,0.0,0.0,0.0,0.0,0.0,0.0,0.0,0.0,0.0,0.0,0.0,0.0,0.0,0.0,0.0,0.0,0.0,0.0,0.0,0.0,0.0,0.0,0.0,0.0,0.0,0.0,0.0,0.0,0.0,0.0,0.0,0.0,0.0,0.0,0.0,0.0,0.0,0.0,0.0,0.0,0.0,0.0,0.0,0.0,0.0,0.0,0.9,0.0,0.0,0.0,0.0,0.0,0.0,0.0,0.0,0.0,0.0,0.0,0.0,0.0,0.0,0.0,0.0,0.0,0.0,0.0,0.0,0.0,0.0,0.0,0.0,0.0,0.0,0.0,0.0,0.0,0.0,0.0,0.0,0.0,0.0,0.0,0.0,0.0,0.0,0.0,0.0,0.0,0.0,0.0,0.0,0.0,0.0,0.0,0.0,0.0,0.0,0.0,0.0,0.0,0.0,0.0,0.0,0.0,0.0,0.0,0.0,0.0,0.0,0.0,0.0,0.0,0.0,0.0,0.0,0.0,0.0,0.0,0.0,0.0,0.0,0.0",6.2,63767.67578125,968098.64453125,8689.7861328125,167954.18798828125,47.34423828125
1791409246.6417325,individual_n8_vmnos256_r2:confirmation,9.7,"29.4,16.5,17.0,32.1,18.0,17.1,14.1,14.2,30.1,14.0,14.1,12.5,13.3,16.8,23.4,21.1,35.6,27.5,13.9,29.7,30.2,14.4,20.5,14.7,27.5,10.8,16.8,21.7,13.7,25.0,28.7,12.3,74.3,35.8,35.9,47.1,25.3,43.5,45.3,27.1,31.3,24.4,25.0,20.6,29.6,32.7,24.8,17.8,12.2,10.7,30.3,12.9,27.6,13.9,13.9,10.8,35.3,38.7,32.3,23.9,17.5,22.0,24.4,41.9,35.3,36.0,30.4,48.8,100.0,99.4,100.0,100.0,100.0,100.0,99.4,99.4,0.0,0.0,0.0,0.0,0.0,2.9,0.0,0.0,2.4,0.6,0.0,0.0,0.0,0.0,0.0,0.0,0.0,0.0,0.0,0.0,0.0,0.0,1.7,5.1,8.6,22.0,0.0,0.0,0.0,0.0,0.0,0.0,0.0,0.0,0.0,0.0,0.0,0.0,0.0,0.0,0.0,0.0,0.0,0.0,0.0,0.0,0.0,0.0,0.0,0.0,0.0,0.0,0.0,0.0,0.0,0.0,0.0,0.0,0.0,0.0,0.0,0.0,0.0,0.0,0.0,0.0,0.0,0.0,0.0,0.0,0.0,0.0,0.0,0.0,0.0,0.0,0.0,0.0,0.0,0.0,0.0,0.0,0.0,1.2,0.0,0.0,0.0,0.0,0.0,0.0,0.0,0.0,0.0,0.0,0.0,0.0,0.0,0.0,0.0,0.0,0.0,0.0,0.0,0.0,0.0,0.0,0.0,0.0,0.0,0.0,0.0,0.0,0.0,0.0,0.0,0.0,0.0,0.0,0.0,0.0,0.0,0.0,0.0,0.0,0.0,0.0,0.0,0.0,0.0,0.0,0.0,0.0,0.0,0.0,0.0,0.0,0.0,0.0,0.0,0.0,0.0,0.0,0.0,0.0,0.0,0.0,0.0,0.0,0.0,0.0,0.0,0.6,0.0,0.0,0.0,0.0,0.0,0.0,0.0,0.0,0.0,0.0,0.0,0.0,0.0,0.0,0.0,0.0,0.0,0.0,0.0,0.0,0.0,0.0,0.0,0.0,0.0,0.0,0.0",6.1,63102.14453125,968764.17578125,8689.7861328125,167963.30126953125,47.34423828125
1791409248.737705,individual_n8_vmnos256_r2:confirmation,10.5,"15.5,19.6,14.4,13.0,19.0,16.9,21.7,13.3,36.6,29.0,20.0,24.9,20.9,35.2,34.4,35.3,50.0,16.6,38.1,19.6,12.4,14.0,14.7,16.1,18.5,14.3,26.6,23.0,9.4,23.0,47.5,35.6,59.5,4.5,18.2,29.2,32.3,27.7,36.1,44.6,11.3,22.8,28.9,12.3,35.6,29.8,12.2,33.5,16.3,25.9,25.1,18.1,14.5,34.7,35.4,11.2,28.2,37.3,29.2,33.7,11.4,10.1,35.1,34.4,52.5,51.5,44.2,55.1,99.5,100.0,100.0,100.0,100.0,100.0,99.5,100.0,0.0,0.0,0.0,0.0,0.0,0.5,0.5,0.5,2.2,0.0,0.0,0.0,0.0,0.0,0.0,0.0,0.0,0.0,0.0,0.0,0.0,0.0,40.0,0.5,1.0,14.9,0.0,0.0,0.0,0.0,0.0,0.0,0.0,0.0,0.0,0.0,0.0,0.0,0.0,0.0,0.0,0.0,0.0,0.0,0.0,0.0,0.0,0.0,0.0,0.0,0.0,0.0,0.0,0.0,0.0,0.0,0.0,0.0,0.0,0.0,0.0,0.0,0.0,0.0,0.0,0.0,0.0,0.0,0.0,0.0,0.0,0.0,0.0,0.0,0.0,0.0,0.0,0.0,0.0,0.0,0.0,0.0,0.0,0.5,0.0,0.0,0.0,0.0,0.0,0.0,0.0,0.0,0.0,0.0,0.0,0.0,0.0,0.0,0.0,0.0,0.0,0.0,0.0,0.0,0.0,0.0,0.0,0.0,0.0,0.0,0.0,0.0,0.0,0.0,0.0,0.0,0.0,0.0,0.0,0.0,0.0,0.0,0.0,0.0,0.0,0.0,0.0,0.0,0.0,0.0,0.0,0.0,0.0,0.0,0.0,0.0,0.0,0.0,0.0,0.0,0.0,0.0,0.0,0.0,0.0,0.0,0.0,0.0,0.0,0.0,0.0,0.0,0.0,0.0,0.0,0.0,0.0,0.0,0.0,0.0,0.0,0.0,0.0,0.0,0.0,0.0,0.0,0.0,0.0,0.0,0.0,0.0,0.0,0.0,0.0,0.0,0.0,0.0,0.0",6.1,63429.37109375,968436.94921875,8689.7861328125,167963.56298828125,47.34423828125
1791409250.5299783,individual_n8_vmnos256_r2:confirmation,11.2,"16.7,18.1,12.7,12.6,16.2,21.0,20.3,25.3,15.6,53.0,10.6,65.1,10.8,15.9,14.4,22.9,14.9,65.7,28.6,70.2,42.8,30.5,20.1,27.2,26.3,11.0,11.0,9.8,9.5,60.8,60.5,19.1,93.7,18.5,50.0,25.3,12.4,33.1,25.6,10.1,11.4,25.6,10.8,34.1,33.3,33.9,17.9,22.1,30.1,33.3,25.3,34.9,28.7,13.2,49.1,13.9,33.5,20.1,61.3,36.3,16.1,40.0,32.3,17.4,54.3,61.6,54.1,60.2,100.0,100.0,100.0,100.0,100.0,100.0,99.4,100.0,0.0,0.0,0.0,0.0,0.0,0.6,0.0,0.0,0.6,0.0,0.0,0.0,0.0,0.0,0.0,0.0,0.0,0.0,0.0,0.0,0.0,0.0,54.9,3.5,4.6,5.2,0.0,0.0,0.0,0.0,0.0,0.0,0.0,0.0,0.0,0.0,0.0,0.0,0.0,0.0,0.0,0.0,0.0,0.0,0.0,0.0,0.0,0.0,0.0,0.0,0.0,0.0,0.0,0.0,0.0,0.0,0.0,0.0,0.0,0.0,0.0,0.0,0.0,0.0,0.0,0.0,0.0,0.0,0.0,0.0,0.0,0.0,0.0,0.0,0.0,0.0,0.0,0.0,0.0,0.0,0.0,0.0,0.0,0.6,0.0,0.0,0.0,0.0,0.0,0.0,0.0,0.0,0.0,0.0,0.0,0.0,0.0,0.0,0.0,0.0,0.0,0.0,0.0,0.0,0.0,0.0,0.0,0.0,0.0,0.0,0.0,0.0,0.0,0.0,0.0,0.0,0.0,0.0,0.0,0.0,0.0,0.0,0.0,0.0,0.0,0.0,0.0,0.0,0.0,0.0,0.0,0.0,0.0,0.0,0.0,0.0,0.0,0.0,0.0,0.0,0.0,0.0,0.0,0.0,0.0,0.0,0.0,0.0,0.0,0.0,0.0,0.0,0.0,0.0,0.0,0.0,0.0,0.0,0.0,0.0,0.0,0.0,0.0,0.0,0.0,0.0,0.0,0.0,0.0,0.0,0.0,0.0,0.0,0.0,0.0,0.0,0.0,0.0,0.0",6.2,63525.453125,968340.8671875,8689.7861328125,167963.56298828125,48.83837890625
1791409251.5812006,individual_n8_vmnos256_r2:confirmation,8.5,"14.0,7.4,11.7,20.6,20.4,8.3,12.6,15.9,19.6,35.7,57.3,3.6,7.1,10.7,10.8,10.0,35.5,6.6,8.8,10.8,6.7,23.1,51.4,38.0,15.9,7.2,12.4,5.4,10.1,38.1,63.2,40.5,58.4,11.5,9.3,47.8,46.8,18.9,36.6,8.3,17.9,9.6,14.0,12.8,11.4,17.3,17.6,9.8,6.4,5.6,4.6,3.9,54.1,10.1,10.0,8.2,6.5,38.9,6.4,5.4,9.3,53.2,48.7,26.1,44.2,45.6,45.5,6.1,99.1,100.0,100.0,100.0,100.0,100.0,100.0,100.0,0.0,0.0,0.0,0.0,0.0,0.0,0.0,0.0,0.0,0.0,0.0,0.0,0.0,0.0,0.0,0.0,0.0,0.0,0.0,0.0,0.0,0.0,44.3,0.0,0.0,0.0,0.0,0.0,0.0,0.0,0.0,0.0,0.0,0.0,0.0,0.0,0.0,0.0,0.0,0.0,0.0,0.0,0.0,0.0,0.0,0.0,0.0,0.0,0.0,0.0,0.0,0.0,0.0,0.0,0.0,0.0,0.0,0.0,0.0,0.0,0.0,0.0,0.0,0.0,0.0,0.0,0.0,0.0,0.0,0.0,0.0,0.0,0.0,0.0,0.0,0.0,0.0,0.0,0.0,0.0,0.0,0.0,0.0,0.9,0.0,0.0,0.9,0.0,0.0,0.0,0.0,0.0,0.0,0.0,0.0,0.0,0.0,0.0,0.0,0.0,0.0,0.0,0.0,0.0,0.0,0.0,0.0,0.0,0.0,0.0,0.0,0.0,0.0,0.0,0.0,0.0,0.0,0.0,0.0,0.0,0.0,0.0,0.0,0.0,0.0,0.0,0.0,0.0,0.0,0.0,0.0,0.0,0.0,0.0,0.0,0.0,0.0,0.0,0.0,0.0,0.0,0.0,0.0,0.0,0.0,0.0,0.0,0.0,0.0,0.0,0.0,0.0,0.0,0.0,0.0,0.0,0.0,0.0,0.0,0.0,0.0,0.0,0.0,0.0,0.0,0.0,0.0,0.0,0.0,0.0,0.0,0.0,0.0,0.0,0.0,0.0,0.0,0.0,0.0",6.2,64151.9453125,967714.375,8689.7861328125,167975.18798828125,48.83837890625
1791409253.3533425,individual_n8_vmnos256_r2:confirmation,9.3,"11.0,16.7,6.1,14.6,18.9,28.0,14.6,40.0,13.7,17.8,11.3,11.0,26.4,12.6,33.1,35.4,11.3,10.8,9.9,10.1,20.0,17.6,26.9,9.2,16.0,17.9,11.7,32.1,26.8,26.2,12.9,42.0,57.6,4.7,12.8,27.7,12.8,45.2,30.7,15.8,10.7,31.1,14.5,44.0,15.4,19.4,12.3,14.3,33.5,28.8,31.5,38.2,26.4,16.0,12.6,11.0,11.1,19.0,12.3,14.5,26.3,34.2,19.9,22.1,40.7,49.1,18.6,42.8,100.0,100.0,100.0,99.4,100.0,100.0,100.0,100.0,0.0,0.0,0.0,0.0,0.0,0.0,0.0,0.0,2.6,0.0,0.0,0.0,0.0,0.0,0.0,0.0,0.0,0.0,0.0,0.0,0.0,0.0,60.4,1.8,0.0,0.0,0.0,0.0,0.0,0.0,0.0,0.0,0.0,0.0,0.0,0.0,0.0,0.0,0.0,0.0,0.0,0.0,0.0,0.0,0.0,0.0,0.0,0.0,0.0,0.0,0.0,0.0,0.0,0.0,0.0,0.0,0.0,0.0,0.0,0.0,0.0,0.0,0.0,0.0,0.0,0.0,0.0,0.0,0.0,0.0,0.0,0.0,0.0,0.0,0.0,0.0,0.0,0.0,0.0,0.0,0.0,0.0,0.0,0.6,0.0,0.0,0.0,0.0,0.0,0.0,0.0,0.0,0.0,0.0,0.0,0.0,0.0,0.0,0.0,0.0,0.0,0.0,0.0,0.0,0.0,0.0,0.0,0.0,0.0,0.0,0.0,0.0,0.0,0.0,0.0,0.0,0.0,0.0,0.0,0.0,1.2,0.0,0.0,0.0,0.0,0.0,0.0,0.0,0.0,0.0,0.0,0.0,0.0,0.0,0.0,0.0,0.0,0.0,0.0,0.0,0.0,0.0,0.0,0.0,0.0,0.0,0.0,0.0,0.0,0.0,0.0,0.0,0.0,0.0,0.0,0.0,0.0,0.0,0.0,0.0,0.0,0.0,0.0,0.0,0.0,0.0,0.0,0.0,0.0,0.0,0.0,0.6,0.0,0.0,0.0,0.0,0.0,0.0,0.0",6.2,63539.26953125,968327.05078125,8689.7861328125,167975.18798828125,48.83837890625
1791409254.8651283,individual_n8_vmnos256_r2:confirmation,9.9,"50.7,31.5,13.4,18.2,22.0,37.7,36.0,12.6,13.3,46.4,16.4,8.1,22.9,9.2,16.5,11.0,9.2,10.7,10.6,24.1,17.7,40.8,15.3,10.6,48.3,27.2,15.5,15.7,30.6,20.3,59.1,42.9,85.8,8.1,27.6,53.1,12.3,22.1,9.9,49.3,9.4,35.6,22.5,13.6,16.7,42.1,18.2,12.2,50.3,21.3,9.1,8.6,25.4,19.1,36.2,20.0,14.2,11.3,14.7,12.6,41.7,16.0,18.2,57.3,55.1,55.1,12.4,23.3,100.0,100.0,100.0,100.0,100.0,100.0,100.0,100.0,0.0,0.0,0.0,0.0,0.0,2.8,0.0,0.0,1.5,0.0,0.0,0.0,0.0,0.0,0.0,0.0,0.0,0.0,0.0,0.0,0.0,0.0,43.6,3.4,0.7,0.0,0.0,0.0,0.0,0.0,0.0,0.0,0.0,0.0,0.0,0.0,0.0,0.0,0.0,0.0,0.0,0.0,0.0,0.0,0.0,0.0,0.0,0.0,0.0,0.0,0.0,0.0,0.0,0.0,0.0,0.0,0.0,0.0,0.0,0.0,0.0,0.0,0.0,0.0,0.0,0.0,0.0,0.0,0.0,0.0,0.0,0.0,0.0,0.0,0.0,0.0,0.0,0.0,0.0,0.0,0.0,0.0,0.0,0.0,0.0,0.0,0.0,0.0,0.0,0.0,0.0,0.0,0.0,0.0,0.0,0.0,0.0,0.0,0.0,0.0,0.0,0.0,0.0,0.0,0.0,0.0,0.0,0.0,0.0,0.0,0.0,0.0,0.0,0.0,0.0,0.0,0.0,0.0,0.0,0.0,0.0,0.0,0.0,0.0,0.0,0.0,0.0,0.0,0.0,0.0,0.0,0.0,0.7,0.0,0.0,0.0,0.0,0.0,0.0,0.0,0.0,0.0,0.0,0.0,0.0,0.0,0.0,0.0,0.0,0.0,0.0,0.0,0.0,0.0,0.0,0.0,0.0,0.0,0.0,0.0,0.0,0.0,0.0,0.0,0.0,0.0,0.0,0.0,0.0,0.0,0.0,0.0,0.0,0.0,0.0,0.0,0.0,0.0,0.0",6.2,64177.32421875,967688.99609375,8689.7861328125,167975.75048828125,48.83837890625
1791409255.9583223,individual_n8_vmnos256_r2:confirmation,8.3,"28.2,17.7,7.8,32.2,15.2,8.5,21.4,8.1,9.4,7.8,58.8,6.3,6.2,8.0,4.5,9.5,23.2,5.5,7.1,37.2,25.0,13.2,18.6,9.8,27.4,26.3,11.0,7.1,20.5,26.3,13.3,0.0,99.2,17.6,8.8,19.3,7.8,20.2,16.0,40.2,5.2,7.0,8.0,18.1,32.8,8.1,14.5,8.0,12.0,43.2,21.7,24.1,15.3,21.6,7.1,34.5,28.7,11.5,33.0,17.5,8.8,19.7,7.8,41.2,30.5,22.7,29.8,37.0,100.0,100.0,100.0,100.0,100.0,99.2,100.0,100.0,0.0,0.0,0.0,0.0,0.0,0.0,0.0,0.0,0.0,0.0,0.0,0.0,0.0,0.0,0.0,0.0,0.0,0.0,0.0,0.0,0.0,0.0,7.5,0.0,0.0,0.0,0.0,0.0,0.0,0.0,0.0,0.0,0.0,0.0,0.0,0.0,0.0,0.0,0.0,0.0,0.0,0.0,0.0,0.0,0.0,0.0,0.0,0.0,0.0,0.0,0.0,0.0,0.0,0.0,0.0,0.0,0.0,0.0,0.0,0.0,0.0,0.0,0.0,0.0,0.0,0.0,0.0,0.0,0.0,0.0,0.0,0.0,0.0,0.0,0.0,0.0,0.0,0.0,0.0,0.0,0.0,0.0,0.0,0.0,0.8,0.0,0.0,0.0,0.0,0.0,0.0,0.0,0.0,0.0,0.0,0.0,0.0,0.0,0.0,0.0,0.0,0.0,0.0,0.0,0.0,0.0,0.0,0.0,0.0,0.0,0.0,0.0,0.0,0.0,0.0,0.0,0.0,0.0,0.0,0.0,0.0,0.0,0.0,0.0,0.0,0.0,0.0,0.0,0.0,0.0,0.0,0.0,0.0,0.0,0.0,0.0,0.0,0.0,0.0,0.0,0.0,0.0,0.0,0.0,0.0,0.0,0.0,0.0,0.0,0.0,0.0,0.0,0.0,0.0,0.0,0.0,0.0,0.0,0.0,0.0,0.0,0.0,0.0,0.0,0.0,0.0,0.0,0.0,0.0,0.0,0.0,0.0,0.0,0.0,0.0,0.0,0.0,0.0,0.0",6.2,63770.2265625,968096.09375,8689.7861328125,167984.16845703125,49.091796875
1791409257.4825785,individual_n8_vmnos256_r2:confirmation,10.9,"8.9,8.2,27.3,43.0,33.3,13.2,11.0,17.0,28.9,39.7,49.3,28.9,10.3,50.7,48.7,22.1,10.9,41.1,19.6,46.9,16.4,18.4,12.6,11.8,46.7,29.6,34.7,18.9,18.7,27.3,54.2,39.4,51.0,35.5,14.0,14.9,34.9,13.0,46.3,48.7,31.8,10.7,66.0,8.9,12.3,13.4,13.5,12.8,11.6,43.7,37.2,34.7,21.8,36.0,22.8,34.2,11.8,20.0,34.0,25.5,34.4,63.2,31.1,24.7,65.4,62.1,55.9,68.6,100.0,99.4,100.0,100.0,100.0,100.0,100.0,100.0,0.0,0.0,0.0,0.0,0.0,0.7,0.0,0.0,0.7,0.0,0.0,0.0,0.0,0.0,0.0,0.0,0.0,0.0,0.0,0.0,0.0,0.0,2.6,3.2,1.9,3.8,0.0,0.0,0.0,0.0,0.0,0.0,0.0,0.0,0.0,0.0,0.0,0.0,0.0,0.0,0.0,0.0,0.0,0.0,0.0,0.0,0.0,0.0,0.0,0.0,0.0,0.0,0.0,0.0,0.0,0.0,0.0,0.0,0.0,0.0,0.0,0.0,0.0,0.0,0.0,0.0,0.0,0.0,0.0,0.0,0.0,0.0,0.0,0.0,0.0,0.0,0.0,0.0,0.0,0.0,0.0,0.0,0.0,0.0,0.0,0.0,0.0,0.0,0.0,0.0,0.0,0.0,0.0,0.0,0.0,0.0,0.0,0.0,0.0,0.0,0.0,0.0,0.0,0.0,0.0,0.0,0.0,0.0,0.0,0.0,0.0,0.0,0.0,0.0,0.0,0.0,0.0,0.0,0.0,0.0,0.0,0.0,0.0,0.0,0.0,0.0,0.0,0.0,0.0,0.0,0.0,0.0,0.0,0.0,0.0,0.0,0.0,0.0,0.0,0.0,0.0,0.0,0.0,0.0,0.0,0.0,0.0,0.0,0.0,0.0,0.0,0.0,0.0,0.0,0.0,0.0,0.0,0.0,0.0,0.0,0.0,0.0,0.0,0.0,0.0,0.0,0.0,0.0,0.0,0.0,0.0,0.0,0.0,0.0,0.0,0.0,0.0,0.0,0.0",6.2,63843.37890625,968022.94140625,8689.7861328125,167984.16845703125,49.091796875
1791409258.6728148,individual_n8_vmnos256_r2:confirmation,8.9,"12.6,6.6,7.5,43.6,3.7,5.5,10.8,26.4,8.4,6.4,37.3,7.5,48.6,27.3,48.6,11.8,7.5,4.7,5.6,12.6,15.7,8.7,38.2,23.1,45.5,6.3,41.4,7.3,7.3,5.6,71.8,30.4,60.7,18.7,8.2,3.7,44.1,11.7,4.7,6.4,15.0,20.4,21.2,16.0,10.7,15.4,19.2,9.9,12.1,10.2,7.5,18.4,7.6,46.3,28.4,9.5,21.8,21.8,4.7,46.4,7.3,8.3,31.8,30.0,21.8,41.6,41.8,44.2,100.0,100.0,99.1,100.0,100.0,100.0,100.0,100.0,0.0,0.0,0.0,0.0,0.0,2.7,0.9,0.0,6.3,0.0,0.0,0.0,0.0,0.0,0.0,0.0,0.0,0.0,0.0,0.0,0.0,0.0,1.8,1.8,1.8,0.9,0.0,0.0,0.0,0.0,0.0,0.0,0.0,0.0,0.0,0.0,0.0,0.0,0.0,0.0,0.0,0.0,0.0,0.0,0.0,0.0,0.0,0.0,0.0,0.0,0.0,0.0,0.0,0.0,0.0,0.0,0.0,0.0,0.0,0.0,0.0,0.0,0.0,0.0,0.0,0.0,0.0,0.0,0.0,0.0,0.0,0.0,0.0,0.0,0.0,0.0,0.0,0.0,0.0,0.0,0.0,0.0,0.0,0.9,0.0,0.0,0.0,0.0,0.0,0.0,0.0,0.0,0.0,0.0,0.0,0.0,0.0,0.0,0.0,0.0,0.0,0.0,0.0,0.0,0.0,0.0,0.0,0.0,0.0,0.0,0.0,0.0,0.0,0.0,0.0,0.0,0.0,0.0,0.0,0.0,0.0,0.0,0.0,0.0,0.0,0.0,0.0,0.0,0.0,0.0,0.0,0.0,0.0,0.0,0.0,0.0,0.0,0.0,0.0,0.0,0.0,0.0,0.0,0.0,0.0,0.0,0.0,0.0,0.0,0.0,0.0,0.0,0.0,0.0,0.0,0.0,0.0,0.0,0.0,0.0,0.0,0.0,0.0,0.0,0.0,0.0,0.0,0.0,0.0,0.0,0.0,0.0,0.0,0.0,0.0,0.0,0.0,0.0,0.0",6.2,63775.90234375,968090.41796875,8689.7861328125,167984.16845703125,49.091796875
1791409259.8026304,individual_n8_vmnos256_r2:confirmation,9.7,"26.7,11.2,11.9,5.9,10.7,14.2,28.1,7.7,11.8,14.4,42.1,18.3,23.3,8.4,40.2,16.7,12.6,17.4,11.1,10.3,27.0,36.8,15.4,15.9,29.3,10.2,41.6,20.5,9.2,24.0,58.5,71.8,72.4,74.8,10.0,14.2,6.7,45.8,16.3,16.9,10.4,12.3,13.7,15.1,12.1,13.7,16.4,17.1,10.0,29.8,29.9,17.1,14.7,48.8,34.7,18.2,11.1,16.4,31.7,40.7,13.6,23.1,35.9,17.8,24.2,36.1,18.6,28.7,99.2,100.0,100.0,100.0,99.2,100.0,100.0,100.0,0.0,0.0,0.0,0.0,0.0,0.8,0.0,0.0,4.2,1.6,0.0,0.0,0.0,0.0,0.0,0.0,0.0,0.0,0.0,0.0,0.0,0.0,1.6,1.6,1.6,2.4,0.0,0.0,0.0,0.0,0.0,0.0,0.0,0.0,0.0,0.0,0.0,0.0,0.0,0.0,0.0,0.0,0.0,0.0,0.0,0.0,0.0,0.0,0.0,0.0,0.0,0.0,0.0,0.0,0.0,0.0,0.0,0.0,0.0,0.0,0.0,0.0,0.0,0.0,0.0,0.0,0.0,0.0,0.0,0.0,0.0,0.0,0.0,0.0,0.0,0.0,0.0,0.0,0.0,0.0,0.0,0.0,0.0,0.8,0.0,0.0,0.0,0.0,0.0,0.0,0.0,0.0,0.0,0.0,0.0,0.0,0.0,0.0,0.0,0.0,0.0,0.0,0.0,0.0,0.0,0.0,0.0,0.0,0.0,0.0,0.0,0.0,0.0,0.0,0.0,0.0,0.0,0.0,0.0,0.0,0.0,0.0,0.0,0.0,0.0,0.0,0.0,0.0,0.0,0.0,0.0,0.0,0.0,0.0,0.0,0.0,0.0,0.0,0.0,0.0,0.0,0.0,0.0,0.0,0.0,0.0,0.0,0.0,0.0,0.0,0.0,0.0,0.0,0.0,0.0,0.0,0.0,0.0,0.0,0.0,0.0,0.0,0.0,0.0,0.0,0.0,0.0,0.0,0.0,0.0,0.0,0.0,0.0,0.0,0.0,0.0,0.0,0.0,0.0",6.2,63867.94140625,967998.37890625,8689.7861328125,167984.40283203125,47.40234375
1791409261.3250372,individual_n8_vmnos256_r2:confirmation,8.9,"19.4,8.6,29.9,29.2,16.9,10.2,31.2,25.0,7.6,9.2,18.0,38.2,32.3,7.0,50.8,7.5,12.4,19.2,7.1,7.0,41.7,6.2,23.4,11.6,27.9,47.3,36.1,27.9,9.8,9.2,78.9,32.8,70.4,69.2,16.5,12.5,31.0,9.4,12.0,48.9,14.7,8.7,31.8,6.2,14.7,8.7,7.8,52.3,27.6,12.1,17.3,20.0,14.2,33.3,14.7,10.4,12.0,12.3,8.7,28.7,27.0,11.1,26.0,20.0,33.6,26.5,48.5,6.8,100.0,100.0,99.3,100.0,100.0,100.0,100.0,100.0,0.0,0.0,0.0,0.0,0.0,0.0,0.0,0.0,0.8,0.0,0.0,0.0,0.0,0.0,0.0,0.0,0.0,0.0,0.0,0.0,0.0,0.0,1.5,0.7,1.5,1.5,0.0,0.0,0.0,0.0,0.0,0.0,0.0,0.0,0.0,0.0,0.0,0.0,0.0,0.0,0.0,0.0,0.0,0.0,0.0,0.0,0.0,0.0,0.0,0.0,0.0,0.0,0.0,0.0,0.0,0.0,0.0,0.0,0.0,0.0,0.0,0.0,0.0,0.0,0.0,0.0,0.0,0.0,0.0,0.0,0.0,0.0,0.0,0.0,0.0,0.0,0.7,0.0,0.0,0.0,0.0,0.0,0.0,0.8,0.0,0.0,0.0,0.0,0.0,0.0,0.0,0.0,0.0,0.0,0.0,0.0,0.0,0.0,0.0,0.0,0.0,0.0,0.0,0.0,0.0,0.0,0.0,0.0,0.0,0.0,0.0,0.0,0.0,0.0,0.0,0.0,0.0,0.0,0.0,0.0,0.0,0.0,0.0,0.0,0.0,0.0,0.0,0.0,0.0,0.0,0.0,0.0,0.0,0.0,0.0,0.0,0.0,0.0,0.0,0.0,0.0,0.0,0.0,0.0,0.0,0.0,0.0,0.0,0.0,0.0,0.0,0.0,0.0,0.0,0.0,0.0,0.0,0.0,0.0,0.0,0.0,0.0,0.0,0.0,0.0,0.0,0.0,0.0,0.0,0.0,0.0,0.0,0.0,0.0,0.0,0.0,0.0,0.0,0.0",6.2,64156.1328125,967710.1875,8689.7861328125,167992.53564453125,47.40234375
1791409262.8064103,individual_n8_vmnos256_r2:confirmation,6.7,"10.1,32.6,7.0,3.5,4.3,8.3,7.1,10.2,6.2,9.2,5.5,8.8,13.4,10.4,11.0,19.4,12.6,7.6,18.0,7.2,7.1,5.0,10.1,23.2,2.7,2.7,14.7,2.7,10.3,9.7,58.8,55.4,35.8,38.3,21.8,10.3,8.2,14.5,8.9,20.7,17.5,6.5,13.4,9.0,6.5,18.2,5.0,10.6,12.6,4.4,18.9,8.5,20.7,3.4,17.1,9.7,7.7,9.0,11.3,5.6,16.0,8.5,14.4,26.4,4.7,4.8,14.1,13.0,100.0,100.0,100.0,100.0,100.0,100.0,100.0,99.3,0.0,0.0,0.0,0.0,0.0,0.0,0.0,0.7,0.0,0.0,0.7,0.0,0.0,0.0,0.0,0.0,0.0,0.0,0.0,0.0,0.0,0.0,0.7,4.0,2.7,3.4,0.0,0.0,0.0,0.0,0.0,0.0,0.0,0.0,0.0,0.0,0.0,0.0,0.0,0.0,0.0,0.0,0.0,0.0,0.0,0.0,0.0,0.0,0.0,0.0,0.0,0.0,0.0,0.0,0.0,0.0,0.0,0.0,0.0,0.0,0.0,0.0,0.0,0.0,0.0,0.0,0.0,0.0,0.0,0.0,0.0,0.0,0.0,0.0,0.0,0.0,0.0,0.0,0.0,0.0,0.0,0.0,0.0,0.0,0.0,0.0,0.0,0.0,0.0,0.0,0.0,0.0,0.0,0.0,0.0,0.0,0.0,0.0,0.0,0.0,0.0,0.0,0.0,0.0,0.0,0.0,0.0,0.0,0.0,0.0,0.0,0.7,0.0,0.0,0.0,0.0,0.0,0.0,0.0,0.0,0.0,0.0,0.0,0.0,0.0,0.0,0.0,0.0,0.0,0.0,0.0,0.0,0.0,0.0,0.0,0.0,0.0,0.0,0.0,0.0,0.0,0.0,0.0,0.0,0.0,0.0,0.0,0.0,0.0,0.0,0.0,0.0,0.0,0.0,0.0,0.0,0.0,0.0,0.0,0.0,0.0,0.0,0.0,0.0,0.0,0.0,0.0,0.0,0.0,0.0,0.0,0.0,0.0,0.0,0.0,0.0,0.0,0.0,0.0",6.2,63730.11328125,968136.20703125,8689.7861328125,167992.53564453125,47.40234375
1791409263.9526029,idle,4.7,"3.3,0.9,1.9,6.5,17.0,4.8,2.8,3.8,3.7,4.8,2.9,4.7,5.5,2.8,2.8,0.0,9.3,0.9,1.9,0.9,0.9,2.9,8.6,5.8,1.9,0.9,1.8,1.8,0.0,2.7,14.3,61.7,50.0,17.6,1.9,2.9,5.6,0.9,4.8,1.9,8.5,12.4,2.9,7.5,4.7,2.9,1.9,0.9,1.8,5.8,10.4,7.8,13.9,4.7,4.7,4.8,4.6,8.6,0.9,0.9,7.7,3.8,0.0,1.9,0.9,0.0,0.0,1.8,100.0,99.1,100.0,100.0,100.0,100.0,100.0,100.0,0.0,0.0,0.0,0.0,0.0,0.0,0.0,0.0,0.0,0.0,0.0,0.0,0.0,0.0,0.0,0.0,0.0,0.0,0.0,0.0,0.0,0.0,0.0,0.0,0.9,0.9,0.0,0.0,0.0,0.0,0.0,0.0,0.0,0.0,0.0,0.0,0.0,0.0,0.0,0.0,0.0,0.0,0.0,0.0,0.0,0.0,0.0,0.0,0.0,0.0,0.0,0.0,0.0,0.0,0.0,0.0,0.0,0.0,0.0,0.0,0.0,0.0,0.0,0.0,0.0,0.0,0.0,0.0,0.0,0.0,0.0,0.0,0.0,0.0,0.0,0.0,0.0,0.0,0.0,0.0,0.0,0.0,0.0,1.8,0.0,0.0,0.0,0.0,0.0,0.0,0.0,0.0,0.0,0.0,0.0,0.0,0.0,0.0,0.0,0.0,0.0,0.0,0.9,0.0,0.0,0.0,0.0,0.0,0.0,0.0,0.0,0.0,0.0,0.0,0.0,0.0,0.0,0.0,0.0,0.0,0.0,0.0,0.0,0.0,0.0,0.0,0.0,0.0,0.0,0.0,0.0,0.0,0.0,0.0,0.0,0.0,0.0,0.0,0.0,0.0,0.0,0.0,0.0,0.0,0.0,0.0,0.0,0.0,0.0,0.0,0.0,0.0,0.0,0.0,0.0,0.0,0.0,0.0,0.0,0.0,0.0,0.0,0.0,0.0,0.0,0.0,0.0,0.0,0.0,0.0,0.0,0.0,0.0,0.0,0.0,0.0,0.0,0.0,0.0",6.2,64009.98828125,967856.33203125,8689.7861328125,167992.84423828125,47.40234375
1791409264.9864264,idle,6.2,"8.9,12.2,14.3,20.2,11.3,6.1,8.1,9.2,11.2,12.1,16.2,10.3,9.9,11.9,6.2,10.2,13.1,15.2,12.5,19.4,16.0,7.1,10.2,7.0,9.7,7.9,4.9,4.0,5.9,6.0,24.0,63.7,46.7,61.5,7.0,9.0,6.0,7.9,7.8,5.9,10.2,22.9,8.0,7.0,5.1,8.0,8.0,8.9,9.0,12.6,8.2,13.7,7.2,7.1,8.0,17.5,15.2,3.0,8.0,8.3,13.4,11.0,8.1,8.9,3.0,3.9,4.0,4.0,100.0,100.0,100.0,100.0,100.0,100.0,100.0,100.0,0.0,0.0,0.0,0.0,0.0,1.0,0.0,0.0,0.0,0.0,0.0,0.0,0.0,0.0,0.0,0.0,0.0,0.0,0.0,0.0,0.0,0.0,0.0,0.0,0.0,0.0,0.0,0.0,0.0,0.0,0.0,0.0,0.0,0.0,0.0,0.0,0.0,0.0,0.0,0.0,0.0,0.0,0.0,0.0,0.0,0.0,0.0,0.0,0.0,0.0,0.0,0.0,0.0,0.0,0.0,0.0,0.0,0.0,0.0,0.0,0.0,0.0,0.0,0.0,0.0,0.0,0.0,0.0,0.0,0.0,0.0,0.0,0.0,0.0,0.0,0.0,0.0,0.0,0.0,0.0,0.0,0.0,0.0,0.0,0.0,0.0,0.0,0.0,0.0,0.0,0.0,0.0,0.0,0.0,0.0,0.0,0.0,0.0,0.0,0.0,0.0,0.0,0.0,0.0,0.0,0.0,0.0,0.0,0.0,0.0,0.0,0.0,0.0,0.0,0.0,0.0,0.0,0.0,0.0,0.0,0.0,0.0,0.0,0.0,0.0,0.0,0.0,0.0,0.0,0.0,0.0,0.0,0.0,0.0,0.0,0.0,0.0,0.0,0.0,0.0,0.0,0.0,0.0,0.0,0.0,0.0,0.0,0.0,0.0,0.0,0.0,0.0,0.0,0.0,0.0,0.0,0.0,0.0,0.0,0.0,0.0,0.0,0.0,0.0,0.0,0.0,0.0,0.0,0.0,0.0,0.0,0.0,0.0,0.0,0.0,0.0,0.0,0.0,0.0",6.2,64488.328125,967377.9921875,8689.7861328125,167993.13720703125,47.40234375
1791409266.0598693,idle,5.3,"6.7,4.8,1.9,16.0,2.9,1.0,2.8,4.7,7.5,2.8,3.8,5.9,6.8,4.8,1.9,0.9,1.0,4.8,7.5,12.4,12.5,2.8,0.0,0.9,0.9,0.0,1.9,0.9,0.9,0.9,100.0,76.6,56.6,57.5,0.0,2.8,1.0,4.9,1.0,0.0,1.9,6.8,8.8,4.7,0.9,0.0,1.0,1.9,6.7,5.1,0.9,3.0,7.1,4.8,0.0,9.6,11.8,0.9,3.0,2.9,1.9,7.5,6.7,14.3,0.0,0.0,0.9,0.0,100.0,99.1,98.1,100.0,100.0,100.0,100.0,100.0,0.0,0.0,0.0,0.0,0.0,0.0,0.0,0.0,1.0,0.0,0.0,0.0,0.0,0.0,0.0,0.0,0.0,0.0,0.0,0.0,0.0,0.0,0.0,6.5,6.5,6.5,0.0,0.0,0.0,0.0,0.0,0.0,0.0,0.0,0.0,0.0,0.0,0.0,0.0,0.0,0.0,0.0,0.0,0.0,0.0,0.0,0.0,0.0,0.0,0.0,0.0,0.0,0.0,0.0,0.0,0.0,0.0,0.0,0.0,0.0,0.0,0.0,0.0,0.0,0.0,0.0,0.0,0.0,0.0,0.0,0.0,0.0,0.0,0.0,0.0,0.0,0.0,0.0,0.0,0.0,0.0,0.0,0.0,0.0,0.0,0.0,0.0,0.0,0.0,0.0,0.0,0.0,0.0,0.0,0.0,0.0,0.0,0.0,0.0,0.0,0.0,0.0,0.0,0.0,0.0,0.0,0.0,0.0,0.0,0.0,0.0,0.0,0.0,0.0,0.0,0.0,0.0,0.0,0.0,0.0,0.0,0.0,0.0,0.0,0.0,0.0,0.0,0.0,0.0,0.0,0.0,0.0,0.0,0.0,0.0,0.0,0.0,0.0,0.0,0.0,0.0,0.0,0.0,0.0,0.0,0.0,0.0,0.0,0.0,0.0,0.0,0.0,0.0,0.0,0.0,0.0,0.0,0.0,0.0,0.0,0.0,0.0,0.0,0.0,0.0,0.0,0.0,0.0,0.0,0.0,0.0,0.0,0.0,0.0,0.0,0.0,0.0,0.0,0.0",6.3,64545.87109375,967320.44921875,8689.7861328125,167993.13720703125,44.9677734375
1791409267.087397,idle,6.9,"11.2,10.1,8.3,25.0,17.2,13.1,9.8,9.2,11.8,14.9,10.3,10.9,10.8,7.9,8.1,13.1,10.8,8.9,10.2,20.4,9.2,15.2,6.2,9.2,7.8,4.0,5.0,4.9,2.9,5.0,82.4,50.0,99.0,52.5,5.9,7.8,4.9,7.8,5.8,2.0,8.1,8.1,9.2,15.2,8.7,10.0,10.1,10.1,8.2,16.7,11.1,11.2,12.8,14.0,7.0,11.1,10.0,14.3,11.0,9.1,11.0,12.1,9.3,11.2,5.0,3.0,4.0,1.0,100.0,100.0,100.0,100.0,100.0,100.0,100.0,99.0,0.0,0.0,0.0,0.0,0.0,0.0,0.0,0.0,0.0,0.0,0.0,0.0,0.0,0.0,0.0,0.0,0.0,0.0,69.9,0.0,0.0,0.0,0.0,1.0,0.0,0.0,0.0,0.0,0.0,0.0,0.0,0.0,0.0,0.0,0.0,0.0,0.0,0.0,0.0,0.0,0.0,0.0,0.0,0.0,0.0,0.0,0.0,0.0,0.0,0.0,0.0,0.0,0.0,0.0,0.0,0.0,0.0,0.0,0.0,0.0,0.0,0.0,0.0,0.0,0.0,0.0,0.0,0.0,0.0,0.0,0.0,0.0,0.0,0.0,0.0,0.0,0.0,0.0,0.0,0.0,0.0,0.0,0.0,0.0,0.0,0.0,0.0,0.0,0.0,0.0,0.0,0.0,0.0,0.0,0.0,0.0,0.0,0.0,0.0,0.0,0.0,0.0,0.0,0.0,0.0,0.0,0.0,0.0,0.0,0.0,0.0,0.0,0.0,0.0,0.0,0.0,0.0,0.0,0.0,0.0,0.0,0.0,0.0,0.0,0.0,0.0,0.0,0.0,0.0,0.0,0.0,0.0,0.0,0.0,0.0,0.0,0.0,0.0,0.0,0.0,0.0,0.0,0.0,0.0,0.0,0.0,0.0,0.0,0.0,0.0,0.0,0.0,0.0,0.0,0.0,0.0,0.0,0.0,0.0,0.0,0.0,0.0,0.0,0.0,0.0,0.0,0.0,0.0,0.0,0.0,0.0,0.0,0.0,0.0,0.0,0.0,0.0,0.0,0.0",6.2,64248.734375,967617.5859375,8689.7861328125,167996.57470703125,44.9677734375
1791409268.1228595,idle,5.3,"9.6,6.9,6.9,3.9,7.8,2.9,6.8,8.7,2.9,2.0,12.6,13.5,4.8,1.0,1.9,9.8,1.0,7.9,14.4,4.9,1.0,1.0,0.0,0.0,4.9,1.9,1.9,0.0,1.9,2.9,26.2,41.6,20.6,61.9,1.0,3.9,5.9,3.9,3.9,1.0,1.9,3.9,1.0,4.9,8.8,7.8,1.0,1.0,9.7,4.9,7.9,5.9,6.9,10.8,5.7,5.8,0.0,0.0,13.6,0.0,0.0,2.9,14.6,1.9,1.0,0.0,1.0,0.0,100.0,99.0,100.0,99.1,100.0,99.0,100.0,100.0,0.0,0.0,0.0,0.0,0.0,0.0,0.0,0.0,0.0,0.0,0.0,0.0,0.0,0.0,0.0,0.0,0.0,0.0,100.0,0.0,0.0,0.0,1.9,1.9,1.0,1.9,0.0,0.0,0.0,0.0,0.0,0.0,0.0,0.0,0.0,0.0,0.0,0.0,0.0,0.0,0.0,0.0,0.0,0.0,0.0,0.0,0.0,0.0,0.0,0.0,0.0,0.0,0.0,0.0,0.0,0.0,0.0,0.0,0.0,0.0,0.0,0.0,0.0,0.0,0.0,0.0,0.0,0.0,0.0,0.0,0.0,0.0,0.0,0.0,0.0,0.0,0.0,0.0,0.0,0.0,0.0,0.0,0.0,0.0,0.0,0.0,0.0,0.0,0.0,0.0,0.0,0.0,0.0,0.0,0.0,0.0,0.0,0.0,0.0,0.0,0.0,0.0,0.0,0.0,0.0,0.0,0.0,0.0,0.0,0.0,0.0,0.0,0.0,0.0,0.0,0.0,0.0,0.0,0.0,0.0,0.0,0.0,0.0,0.0,0.0,0.0,0.0,0.0,0.0,0.0,0.0,0.0,0.0,0.0,0.0,0.0,0.0,0.0,0.0,0.0,0.0,0.0,0.0,0.0,0.0,0.0,0.0,0.0,0.0,0.0,0.0,0.0,0.0,0.0,0.0,0.0,0.0,0.0,0.0,0.0,0.0,0.0,0.0,0.0,0.0,0.0,0.0,0.0,0.0,0.0,0.0,0.0,0.0,0.0,0.0,0.0,0.0,0.0,0.0",6.2,64021.8515625,967844.46875,8689.7861328125,167996.57470703125,44.9677734375
1791409269.1602528,idle,6.6,"13.7,5.1,12.0,12.1,11.1,9.8,7.1,8.9,9.1,12.9,8.2,8.0,9.9,7.8,7.1,14.4,6.0,8.2,5.1,7.8,16.7,4.1,14.1,6.3,13.9,5.0,5.9,5.9,9.7,7.8,73.8,37.5,23.3,64.1,3.0,6.9,9.9,8.9,7.0,6.9,11.1,10.8,10.1,12.7,8.1,8.0,8.0,9.0,4.1,14.4,16.0,10.3,9.8,16.5,7.1,12.0,7.1,8.7,12.4,6.0,7.0,6.9,17.8,11.1,3.9,2.9,2.0,3.0,100.0,100.0,98.1,100.0,100.0,100.0,100.0,100.0,0.0,0.0,0.0,0.0,0.0,1.0,0.0,0.0,0.0,0.0,0.0,0.0,0.0,0.0,0.0,0.0,0.0,0.0,100.0,0.0,0.0,0.0,2.9,4.9,5.8,6.8,0.0,0.0,0.0,0.0,0.0,0.0,0.0,0.0,0.0,0.0,0.0,0.0,0.0,0.0,0.0,0.0,1.9,0.0,0.0,0.0,0.0,0.0,0.0,0.0,0.0,0.0,0.0,0.0,0.0,0.0,0.0,0.0,0.0,0.0,0.0,0.0,0.0,0.0,0.0,0.0,0.0,0.0,0.0,0.0,0.0,0.0,0.0,0.0,0.0,0.0,0.0,0.0,0.0,0.0,0.0,0.0,0.0,1.0,0.0,0.0,0.0,0.0,0.0,0.0,0.0,0.0,0.0,0.0,0.0,0.0,0.0,0.0,0.0,0.0,0.0,0.0,0.0,0.0,0.0,0.0,0.0,0.0,0.0,0.0,0.0,0.0,0.0,0.0,0.0,0.0,0.0,0.0,0.0,0.0,0.0,0.0,0.0,0.0,0.0,0.0,0.0,0.0,0.0,0.0,0.0,0.0,0.0,0.0,0.0,0.0,0.0,0.0,0.0,0.0,0.0,0.0,0.0,0.0,0.0,0.0,0.0,0.0,0.0,0.0,0.0,0.0,0.0,0.0,0.0,0.0,0.0,0.0,0.0,0.0,0.0,0.0,0.0,0.0,0.0,0.0,0.0,0.0,0.0,0.0,0.0,0.0,0.0,0.0,0.0,0.0,0.0,0.0,0.0",6.2,64030.0703125,967836.25,8689.7861328125,167996.82470703125,44.9677734375
1791409270.2139869,idle,5.4,"3.2,1.9,5.7,1.9,4.7,2.9,1.9,4.8,2.9,4.8,2.9,7.6,6.8,3.9,7.6,1.0,0.9,2.8,0.0,7.7,1.0,1.9,13.5,0.0,3.9,0.0,0.9,0.0,1.9,0.0,45.6,99.1,74.0,74.0,2.9,1.9,4.9,1.9,9.8,4.8,5.7,2.9,1.0,3.7,1.9,1.0,1.9,1.9,2.9,2.0,4.8,2.0,5.0,12.6,5.8,1.0,1.0,1.0,7.6,2.9,1.9,5.7,10.7,2.9,0.0,0.0,0.0,0.9,100.0,100.0,100.0,100.0,100.0,100.0,100.0,100.0,0.0,0.0,0.0,0.0,0.0,0.0,0.0,0.0,0.0,0.0,0.0,0.0,0.0,0.0,0.0,0.0,0.0,0.0,81.1,0.0,0.0,0.0,0.0,0.0,0.0,0.0,0.0,0.0,0.0,0.0,0.0,0.0,0.0,0.0,0.0,0.0,0.0,0.0,0.0,0.0,0.0,0.0,0.0,0.0,0.0,0.0,0.0,0.0,0.0,0.0,0.0,0.0,0.0,0.0,0.0,0.0,0.0,0.0,0.0,0.0,0.0,0.0,0.0,0.0,0.0,0.0,0.0,0.0,0.0,0.0,0.0,0.0,0.0,0.0,0.0,0.0,0.0,0.0,0.0,0.0,0.0,0.0,0.0,0.0,0.0,0.0,0.0,0.0,0.0,0.0,0.0,0.0,0.0,0.0,0.0,0.0,0.0,0.0,0.0,0.0,0.0,0.0,0.0,0.0,0.0,0.0,0.0,0.9,0.0,0.0,0.0,0.0,0.0,0.0,0.0,0.0,0.0,0.0,0.0,0.0,0.0,0.0,0.0,0.0,0.0,0.0,0.0,0.0,0.0,0.0,0.0,0.0,0.0,0.0,0.0,0.0,0.0,0.0,0.0,0.0,0.0,0.0,0.0,0.0,0.0,0.0,0.0,0.0,0.0,0.0,0.0,0.0,0.0,0.0,0.0,0.0,0.0,0.0,0.0,0.0,0.0,0.0,0.0,0.0,0.0,0.0,0.0,0.0,0.0,0.0,0.0,0.0,0.0,0.0,0.0,0.0,0.0,0.0,0.0",6.3,64780.875,967085.4453125,8689.7861328125,167996.82470703125,42.80810546875
1791409271.236407,idle,6.3,"8.1,7.1,5.1,11.1,8.2,18.6,11.2,6.2,8.2,7.2,7.4,8.2,10.4,9.8,6.4,9.3,9.4,9.1,9.3,5.2,6.0,8.3,16.7,31.2,5.1,7.0,4.0,6.0,6.1,4.1,31.3,48.5,99.0,27.5,5.1,4.0,9.0,6.1,8.1,9.3,5.2,11.1,14.1,12.2,8.3,7.1,8.5,6.1,7.4,8.6,17.5,6.3,14.6,10.6,9.4,12.2,7.3,10.2,20.2,8.1,7.1,9.2,8.2,19.6,4.9,3.0,3.9,3.0,100.0,99.0,100.0,100.0,100.0,100.0,100.0,100.0,0.0,0.0,0.0,0.0,0.0,2.0,0.0,0.0,2.9,1.0,0.0,0.0,0.0,0.0,0.0,0.0,0.0,0.0,0.0,0.0,0.0,0.0,2.0,2.9,1.0,1.0,0.0,0.0,0.0,0.0,0.0,0.0,0.0,0.0,0.0,0.0,0.0,0.0,0.0,0.0,0.0,0.0,0.0,0.0,0.0,0.0,0.0,0.0,0.0,0.0,0.0,0.0,0.0,0.0,0.0,0.0,0.0,0.0,0.0,0.0,0.0,0.0,0.0,0.0,0.0,0.0,0.0,0.0,0.0,0.0,0.0,0.0,0.0,0.0,0.0,0.0,0.0,0.0,0.0,0.0,0.0,0.0,0.0,1.0,0.0,0.0,0.0,0.0,0.0,0.0,0.0,0.0,0.0,0.0,0.0,0.0,0.0,0.0,1.0,0.0,0.0,0.0,0.0,0.0,0.0,0.0,0.0,0.0,0.0,0.0,0.0,0.0,0.0,0.0,0.0,0.0,0.0,0.0,0.0,0.0,0.0,0.0,0.0,0.0,0.0,0.0,0.0,0.0,0.0,0.0,0.0,0.0,0.0,0.0,0.0,0.0,0.0,0.0,0.0,0.0,0.0,0.0,0.0,0.0,0.0,0.0,0.0,0.0,0.0,0.0,0.0,0.0,0.0,0.0,0.0,0.0,0.0,0.0,0.0,0.0,0.0,0.0,0.0,0.0,0.0,0.0,0.0,0.0,0.0,0.0,0.0,0.0,0.0,0.0,0.0,0.0,0.0,0.0,0.0",6.2,64226.67578125,967639.64453125,8689.7861328125,167998.21142578125,42.80810546875
1791409272.2462363,idle,5.8,"9.2,3.1,5.0,5.1,7.1,10.3,8.0,5.2,10.1,8.8,5.1,7.1,8.0,3.1,5.9,7.1,5.1,8.2,5.1,6.9,5.0,3.0,5.1,6.1,4.0,6.9,2.0,5.0,5.0,6.9,46.5,71.0,100.0,35.0,6.9,4.1,4.0,5.0,5.1,6.1,5.0,4.1,11.1,8.2,14.3,7.1,9.3,8.1,4.1,6.5,15.3,10.9,9.6,3.3,10.2,6.1,13.1,7.0,12.6,5.0,5.2,2.0,4.0,17.5,5.0,2.0,2.0,2.0,100.0,100.0,100.0,100.0,100.0,100.0,100.0,100.0,0.0,0.0,0.0,0.0,0.0,0.0,0.0,0.0,6.7,0.0,0.0,0.0,0.0,0.0,0.0,0.0,0.0,0.0,0.0,0.0,0.0,0.0,0.0,0.0,0.0,0.0,0.0,0.0,0.0,0.0,0.0,0.0,0.0,0.0,0.0,0.0,0.0,0.0,0.0,0.0,0.0,0.0,0.0,0.0,0.0,0.0,0.0,0.0,0.0,0.0,0.0,0.0,0.0,0.0,0.0,0.0,0.0,0.0,0.0,0.0,0.0,0.0,0.0,0.0,0.0,0.0,0.0,0.0,0.0,0.0,0.0,0.0,0.0,0.0,0.0,0.0,1.0,0.0,0.0,0.0,0.0,0.0,0.0,0.0,0.0,0.0,0.0,0.0,0.0,0.0,0.0,0.0,0.0,0.0,0.0,0.0,0.0,0.0,0.0,0.0,0.0,0.0,0.0,0.0,0.0,0.0,0.0,0.0,0.0,0.0,0.0,0.0,0.0,0.0,0.0,0.0,0.0,0.0,0.0,0.0,0.0,0.0,0.0,0.0,0.0,0.0,0.0,0.0,0.0,0.0,0.0,0.0,0.0,0.0,0.0,0.0,0.0,0.0,0.0,0.0,0.0,0.0,0.0,0.0,0.0,0.0,0.0,0.0,0.0,0.0,0.0,0.0,0.0,0.0,0.0,0.0,0.0,0.0,0.0,0.0,0.0,0.0,0.0,0.0,0.0,0.0,0.0,0.0,0.0,0.0,0.0,0.0,0.0,0.0,0.0,0.0,0.0,0.0,0.0",6.2,64476.0234375,967390.296875,8689.7861328125,167998.21533203125,42.80810546875
1791409273.2568345,idle,5.2,"4.7,8.1,3.0,15.0,5.0,2.0,7.9,2.0,12.0,0.0,2.0,2.0,7.2,2.0,3.1,9.3,7.3,5.1,2.1,5.2,7.1,4.0,13.1,5.9,4.0,5.0,2.0,4.2,5.1,4.0,38.8,34.3,9.0,70.3,5.2,4.1,7.1,4.2,6.3,3.1,2.0,4.0,6.1,12.1,4.0,8.1,3.1,2.0,7.1,7.2,9.9,9.2,16.7,12.1,8.2,3.0,5.9,5.0,5.1,6.2,6.2,1.0,0.0,3.0,1.0,1.9,0.0,0.0,100.0,100.0,100.0,100.0,100.0,100.0,99.0,100.0,0.0,0.0,0.0,0.0,0.0,1.0,0.0,0.0,0.0,0.0,0.0,0.0,0.0,0.0,0.0,0.0,0.0,0.0,0.0,0.0,0.0,0.0,6.7,4.9,6.8,5.9,0.0,0.0,0.0,0.0,0.0,0.0,0.0,0.0,0.0,0.0,0.0,0.0,0.0,0.0,0.0,0.0,0.0,0.0,0.0,0.0,0.0,0.0,0.0,0.0,0.0,0.0,0.0,0.0,0.0,0.0,0.0,0.0,0.0,0.0,0.0,0.0,0.0,0.0,0.0,0.0,0.0,0.0,0.0,0.0,0.0,0.0,0.0,0.0,0.0,0.0,0.0,0.0,0.0,0.0,0.0,0.0,0.0,0.0,0.0,0.0,0.0,0.0,0.0,0.0,0.0,0.0,0.0,0.0,0.0,0.0,0.0,0.0,0.0,0.0,0.0,0.0,0.0,0.0,0.0,0.0,0.0,0.0,0.0,0.0,0.0,0.0,0.0,0.0,0.0,0.0,0.0,0.0,0.0,0.0,0.0,0.0,0.0,0.0,0.0,0.0,0.0,0.0,0.0,0.0,0.0,0.0,0.0,0.0,0.0,0.0,0.0,0.0,0.0,0.0,0.0,0.0,0.0,0.0,0.0,0.0,0.0,0.0,0.0,0.0,0.0,0.0,0.0,0.0,0.0,0.0,0.0,0.0,0.0,0.0,0.0,0.0,0.0,0.0,0.0,0.0,0.0,0.0,0.0,0.0,0.0,0.0,0.0,0.0,0.0,0.0,0.0,0.0,0.0",6.2,64194.12109375,967672.19921875,8689.7861328125,167998.21533203125,42.80810546875
1791409274.2981677,idle,5.8,"1.1,18.4,3.0,19.0,5.0,7.9,3.9,4.0,13.0,4.0,7.8,13.3,4.9,7.8,5.0,11.0,4.0,4.0,5.9,4.0,6.1,3.1,24.0,5.2,4.0,4.0,2.0,5.9,2.0,2.9,85.3,91.2,1.9,59.8,7.1,8.7,9.2,12.2,6.1,3.1,16.0,6.1,5.2,16.3,7.1,8.0,6.1,4.9,3.0,8.4,6.1,5.2,9.5,4.0,17.0,5.0,6.1,4.0,9.8,8.0,6.2,4.0,6.9,4.0,1.0,1.0,2.0,2.0,99.0,100.0,100.0,100.0,100.0,100.0,100.0,100.0,0.0,0.0,0.0,0.0,0.0,0.0,0.0,0.0,1.0,0.0,0.0,0.0,0.0,0.0,0.0,0.0,0.0,0.0,0.0,0.0,0.0,0.0,0.0,0.0,0.0,0.0,0.0,0.0,0.0,0.0,0.0,0.0,0.0,0.0,0.0,0.0,0.0,0.0,0.0,0.0,0.0,0.0,0.0,0.0,0.0,0.0,0.0,0.0,0.0,0.0,0.0,0.0,0.0,0.0,0.0,0.0,0.0,0.0,0.0,0.0,0.0,0.0,0.0,0.0,0.0,0.0,0.0,0.0,0.0,0.0,0.0,0.0,0.0,0.0,0.0,0.0,0.0,0.0,0.0,0.0,0.0,0.0,0.0,1.0,0.0,0.0,0.0,0.0,0.0,0.0,0.0,0.0,0.0,0.0,0.0,0.0,0.0,0.0,0.0,0.0,0.0,0.0,0.0,0.0,0.0,0.0,0.0,0.0,0.0,0.0,0.0,0.0,0.0,0.0,0.0,0.0,0.0,0.0,0.0,0.0,0.0,0.0,0.0,0.0,0.0,0.0,0.0,0.0,0.0,0.0,0.0,0.0,0.0,0.0,0.0,0.0,0.0,0.0,0.0,0.0,0.0,0.0,0.0,0.0,0.0,0.0,0.0,0.0,0.0,0.0,0.0,0.0,0.0,0.0,0.0,0.0,0.0,0.0,0.0,0.0,0.0,0.0,0.0,0.0,0.0,0.0,0.0,0.0,0.0,0.0,0.0,0.0,0.0,0.0,0.0,0.0,0.0,0.0,0.0",6.2,64007.00390625,967859.31640625,8689.7861328125,167998.71142578125,42.80810546875
1791409275.3103068,idle,4.8,"7.1,4.0,1.0,3.1,1.0,7.8,5.1,1.0,6.9,3.9,1.0,3.0,4.0,3.0,3.0,5.9,13.1,5.0,8.2,1.0,5.9,5.0,3.2,9.2,3.0,3.0,2.0,3.0,3.0,3.0,68.0,48.0,1.0,15.7,9.4,7.2,7.4,17.5,19.0,8.8,2.0,2.0,4.9,6.0,3.0,8.4,10.2,4.0,3.0,10.4,7.1,4.2,7.3,3.0,2.0,5.1,3.0,2.0,6.0,3.0,2.0,2.0,1.0,1.0,1.0,0.0,1.0,0.0,100.0,99.0,100.0,100.0,100.0,100.0,100.0,100.0,0.0,0.0,0.0,0.0,0.0,0.0,0.0,0.0,2.2,0.0,0.0,0.0,0.0,0.0,0.0,0.0,0.0,0.0,0.0,0.0,0.0,0.0,0.0,0.0,1.0,1.0,0.0,0.0,0.0,0.0,0.0,0.0,0.0,0.0,0.0,0.0,0.0,0.0,0.0,0.0,0.0,0.0,0.0,0.0,0.0,0.0,0.0,0.0,0.0,0.0,0.0,0.0,0.0,0.0,0.0,0.0,0.0,0.0,0.0,0.0,0.0,0.0,0.0,0.0,0.0,0.0,0.0,0.0,0.0,0.0,0.0,0.0,0.0,0.0,0.0,0.0,0.0,0.0,0.0,0.0,0.0,0.0,0.0,1.0,0.0,0.0,0.0,0.0,0.0,0.0,0.0,0.0,0.0,0.0,0.0,0.0,0.0,0.0,0.0,0.0,0.0,0.0,0.0,0.0,0.0,0.0,0.0,0.0,0.0,0.0,0.0,0.0,0.0,0.0,0.0,0.0,0.0,0.0,0.0,0.0,0.0,0.0,0.0,0.0,0.0,0.0,0.0,0.0,0.0,0.0,0.0,0.0,0.0,0.0,0.0,0.0,0.0,0.0,0.0,0.0,0.0,0.0,0.0,0.0,0.0,0.0,0.0,0.0,0.0,0.0,0.0,0.0,0.0,0.0,0.0,0.0,0.0,0.0,0.0,0.0,0.0,0.0,0.0,0.0,0.0,0.0,0.0,0.0,0.0,0.0,0.0,0.0,0.0,0.0,0.0,0.0,0.0,0.0,0.0",6.2,64148.79296875,967717.52734375,8689.7861328125,167998.71142578125,40.7412109375
1791409276.3221607,idle,5.9,"12.8,19.6,9.1,8.0,6.2,13.3,8.2,4.3,7.3,11.3,6.1,6.0,7.1,9.4,7.1,10.0,11.7,13.4,14.7,6.3,4.1,6.2,7.3,7.6,6.1,2.0,8.2,2.1,7.9,18.4,55.6,46.5,14.1,61.0,7.3,7.3,11.0,11.6,4.2,6.4,14.6,7.2,4.1,7.4,15.3,8.2,11.5,8.3,9.2,17.7,12.4,16.7,6.2,4.2,8.2,7.1,11.1,5.2,10.9,5.1,5.2,2.1,4.1,7.2,3.0,2.0,1.0,2.0,100.0,100.0,100.0,100.0,99.0,100.0,100.0,100.0,0.0,0.0,0.0,0.0,0.0,0.0,0.0,0.0,1.0,0.0,0.0,0.0,0.0,0.0,0.0,0.0,0.0,0.0,0.0,0.0,0.0,0.0,3.0,1.0,2.0,2.0,0.0,0.0,0.0,0.0,0.0,0.0,0.0,0.0,0.0,0.0,0.0,0.0,0.0,0.0,0.0,0.0,0.0,0.0,0.0,0.0,0.0,0.0,0.0,0.0,0.0,0.0,0.0,0.0,0.0,0.0,0.0,0.0,0.0,0.0,0.0,0.0,0.0,0.0,0.0,0.0,0.0,0.0,0.0,0.0,0.0,0.0,0.0,0.0,0.0,0.0,0.0,0.0,0.0,0.0,0.0,0.0,0.0,0.0,0.0,0.0,0.0,0.0,0.0,0.0,0.0,0.0,0.0,0.0,0.0,0.0,0.0,0.0,0.0,0.0,0.0,0.0,0.0,0.0,0.0,0.0,0.0,0.0,0.0,0.0,0.0,0.0,0.0,0.0,0.0,0.0,0.0,0.0,0.0,0.0,0.0,0.0,0.0,0.0,0.0,0.0,0.0,0.0,0.0,0.0,0.0,0.0,0.0,0.0,0.0,0.0,0.0,0.0,0.0,0.0,0.0,0.0,0.0,0.0,0.0,0.0,0.0,0.0,0.0,0.0,0.0,0.0,0.0,0.0,0.0,0.0,0.0,0.0,0.0,0.0,0.0,0.0,0.0,0.0,0.0,0.0,0.0,0.0,0.0,0.0,0.0,0.0,0.0,0.0,0.0,0.0,0.0,0.0,0.0",6.2,64157.7890625,967708.53125,8689.7861328125,167998.71142578125,40.7412109375
1791409277.345542,idle,5.2,"8.0,2.1,2.0,2.0,2.0,5.0,5.9,3.0,4.0,3.0,3.9,3.0,3.1,8.3,3.0,2.0,3.0,1.0,5.0,16.2,2.9,5.0,16.5,7.3,1.0,1.0,10.0,5.0,2.0,3.9,99.0,55.9,9.8,0.0,10.4,16.7,9.5,13.0,10.3,8.4,3.3,2.0,3.9,2.0,16.2,4.0,5.9,7.0,2.0,6.3,10.0,7.1,7.1,11.0,5.1,6.1,7.0,9.2,5.9,3.0,4.0,1.0,4.0,4.0,0.0,0.0,0.0,1.0,100.0,100.0,100.0,99.0,100.0,100.0,100.0,100.0,0.0,0.0,0.0,0.0,0.0,0.0,0.0,0.0,1.1,0.0,0.0,0.0,0.0,0.0,0.0,0.0,0.0,0.0,0.0,0.0,0.0,0.0,0.0,0.0,0.0,0.0,0.0,0.0,0.0,0.0,0.0,0.0,0.0,0.0,0.0,0.0,0.0,0.0,0.0,0.0,0.0,0.0,0.0,0.0,0.0,0.0,0.0,0.0,0.0,0.0,0.0,0.0,0.0,0.0,0.0,0.0,0.0,0.0,0.0,0.0,0.0,0.0,0.0,0.0,0.0,0.0,0.0,0.0,0.0,0.0,0.0,0.0,0.0,0.0,0.0,0.0,0.0,0.0,0.0,0.0,0.0,0.0,0.0,1.0,0.0,0.0,0.0,0.0,0.0,0.0,0.0,0.0,0.0,0.0,0.0,0.0,0.0,0.0,0.0,0.0,0.0,0.0,0.0,0.0,0.0,0.0,0.0,0.0,0.0,0.0,0.0,0.0,0.0,0.0,0.0,0.0,0.0,0.0,0.0,0.0,0.0,0.0,0.0,0.0,0.0,0.0,0.0,0.0,0.0,0.0,0.0,0.0,0.0,0.0,0.0,0.0,0.0,0.0,0.0,0.0,0.0,0.0,0.0,0.0,0.0,0.0,0.0,0.0,0.0,0.0,0.0,0.0,0.0,0.0,0.0,0.0,0.0,0.0,0.0,0.0,0.0,0.0,0.0,0.0,0.0,0.0,0.0,0.0,0.0,0.0,0.0,0.0,0.0,0.0,0.0,0.0,0.0,0.0,0.0",6.3,64685.89453125,967180.42578125,8689.7861328125,168000.00439453125,40.7412109375
1791409278.3791218,idle,6.0,"11.5,4.3,4.0,5.1,6.9,5.1,10.0,6.0,5.9,7.0,6.9,7.1,8.2,10.0,7.2,8.9,4.0,5.0,5.1,11.0,5.0,6.1,30.9,19.4,2.0,2.9,8.0,4.0,7.0,2.0,90.3,49.0,23.3,3.8,13.0,13.3,26.0,13.1,17.0,7.1,10.0,6.0,4.0,13.0,17.0,7.1,6.1,8.1,6.0,5.1,7.9,6.2,15.3,11.5,7.1,6.1,6.0,6.1,36.3,23.2,6.2,6.1,7.1,3.0,2.9,2.9,2.0,1.0,100.0,100.0,100.0,100.0,99.0,100.0,100.0,100.0,0.0,0.0,0.0,0.0,0.0,1.0,0.0,0.0,1.0,0.0,0.0,0.0,0.0,0.0,0.0,0.0,0.0,0.0,0.0,0.0,0.0,0.0,2.0,2.9,2.9,2.9,0.0,0.0,0.0,0.0,0.0,0.0,0.0,0.0,0.0,0.0,0.0,0.0,0.0,0.0,0.0,0.0,0.0,0.0,0.0,0.0,0.0,0.0,0.0,0.0,0.0,0.0,0.0,0.0,0.0,0.0,0.0,0.0,0.0,0.0,0.0,0.0,0.0,0.0,0.0,0.0,0.0,0.0,0.0,0.0,0.0,0.0,0.0,0.0,0.0,0.0,0.0,0.0,0.0,0.0,0.0,0.0,0.0,1.0,0.0,0.0,0.0,0.0,0.0,0.0,0.0,0.0,0.0,0.0,0.0,0.0,0.0,0.0,0.0,0.0,1.0,0.0,0.0,0.0,0.0,0.0,0.0,0.0,0.0,0.0,0.0,0.0,0.0,0.0,0.0,0.0,0.0,0.0,0.0,0.0,0.0,0.0,0.0,0.0,0.0,0.0,0.0,0.0,0.0,0.0,0.0,0.0,0.0,0.0,0.0,0.0,0.0,0.0,0.0,0.0,0.0,0.0,0.0,0.0,0.0,0.0,0.0,0.0,0.0,0.0,0.0,0.0,0.0,0.0,0.0,0.0,0.0,0.0,0.0,0.0,0.0,0.0,0.0,0.0,0.0,0.0,0.0,0.0,0.0,0.0,0.0,0.0,0.0,0.0,0.0,0.0,0.0,0.0,0.0",6.2,64469.1796875,967397.140625,8689.7861328125,168000.00439453125,40.7412109375
1791409279.3928592,idle,5.0,"8.2,5.1,0.0,1.0,2.0,0.0,5.0,3.0,3.0,2.0,1.0,1.0,2.0,6.4,4.0,1.0,5.9,1.0,1.1,18.6,3.1,3.1,4.0,9.4,2.0,2.0,4.9,1.0,1.0,4.0,57.1,91.8,22.0,37.6,3.0,13.0,5.2,6.0,6.2,6.2,2.0,10.2,1.0,3.1,9.1,7.1,5.2,2.0,10.1,1.1,6.9,5.3,3.2,15.3,6.1,4.0,3.0,2.0,5.1,2.0,5.3,2.0,6.1,1.0,1.0,1.0,0.0,0.0,100.0,100.0,100.0,100.0,100.0,100.0,100.0,100.0,0.0,0.0,0.0,0.0,0.0,0.0,0.0,0.0,0.0,0.0,0.0,0.0,0.0,0.0,0.0,0.0,0.0,0.0,0.0,0.0,0.0,0.0,2.0,0.0,1.0,2.0,0.0,0.0,0.0,0.0,0.0,0.0,0.0,0.0,0.0,0.0,0.0,0.0,0.0,0.0,0.0,0.0,0.0,0.0,0.0,0.0,0.0,0.0,0.0,0.0,0.0,0.0,0.0,0.0,0.0,0.0,0.0,0.0,0.0,0.0,0.0,0.0,0.0,0.0,0.0,0.0,0.0,0.0,0.0,0.0,0.0,0.0,0.0,0.0,0.0,0.0,0.0,0.0,0.0,0.0,0.0,0.0,0.0,0.0,0.0,0.0,0.0,0.0,0.0,0.0,0.0,0.0,0.0,0.0,0.0,0.0,0.0,0.0,0.0,0.0,0.0,0.0,0.0,0.0,0.0,0.0,0.0,0.0,0.0,0.0,0.0,0.0,0.0,0.0,0.0,0.0,0.0,0.0,0.0,0.0,0.0,0.0,0.0,0.0,0.0,0.0,0.0,0.0,0.0,0.0,0.0,0.0,0.0,0.0,0.0,0.0,0.0,0.0,0.0,0.0,0.0,0.0,0.0,0.0,0.0,0.0,0.0,0.0,0.0,0.0,0.0,0.0,0.0,0.0,0.0,0.0,0.0,0.0,0.0,0.0,0.0,0.0,0.0,0.0,0.0,0.0,0.0,0.0,0.0,0.0,0.0,0.0,0.0,0.0,0.0,0.0,0.0,0.0,0.0",6.2,64320.69140625,967545.62890625,8689.7861328125,168000.25439453125,40.7412109375
1791409280.3976526,idle,5.6,"12.6,5.3,6.2,3.1,5.3,6.3,11.3,7.2,11.2,4.2,7.3,9.2,7.2,7.4,6.3,6.5,13.5,5.2,10.6,13.4,17.2,18.5,12.5,9.5,5.2,6.3,10.3,6.2,2.1,6.3,71.0,4.0,3.0,30.3,6.5,6.3,6.3,5.4,17.0,8.3,9.2,6.1,6.2,14.3,14.4,10.3,14.4,7.5,4.1,5.3,7.4,9.7,8.3,4.3,10.5,8.2,7.1,6.1,5.1,6.0,7.2,5.3,18.5,4.1,3.0,1.0,1.0,3.0,100.0,100.0,99.0,100.0,100.0,100.0,100.0,100.0,0.0,0.0,0.0,0.0,0.0,1.0,0.0,0.0,1.1,0.0,0.0,0.0,0.0,0.0,0.0,0.0,0.0,0.0,0.0,0.0,0.0,0.0,0.0,0.0,0.0,0.0,0.0,0.0,0.0,0.0,0.0,0.0,0.0,0.0,0.0,0.0,0.0,0.0,0.0,0.0,0.0,0.0,0.0,0.0,0.0,0.0,0.0,0.0,0.0,0.0,0.0,0.0,0.0,0.0,0.0,0.0,0.0,0.0,0.0,0.0,0.0,0.0,0.0,0.0,0.0,0.0,0.0,0.0,0.0,0.0,0.0,0.0,0.0,0.0,0.0,0.0,0.0,0.0,0.0,0.0,0.0,0.0,0.0,0.0,0.0,0.0,0.0,0.0,0.0,0.0,0.0,0.0,0.0,0.0,0.0,0.0,0.0,0.0,0.0,0.0,0.0,0.0,0.0,0.0,0.0,0.0,0.0,0.0,0.0,0.0,0.0,0.0,0.0,0.0,0.0,0.0,0.0,0.0,0.0,0.0,0.0,0.0,0.0,0.0,0.0,0.0,0.0,0.0,0.0,0.0,0.0,0.0,0.0,0.0,0.0,0.0,0.0,0.0,0.0,0.0,0.0,0.0,0.0,0.0,0.0,0.0,0.0,0.0,0.0,0.0,0.0,0.0,0.0,0.0,0.0,0.0,0.0,0.0,0.0,0.0,0.0,0.0,0.0,0.0,0.0,0.0,0.0,0.0,0.0,0.0,0.0,0.0,0.0,0.0,0.0,0.0,0.0,0.0,0.0",6.2,64436.2578125,967430.0625,8689.7861328125,168000.25439453125,39.640625
1791409281.417797,idle,5.2,"2.4,3.0,4.0,2.9,5.1,2.0,5.9,3.0,2.0,3.0,7.1,3.0,4.9,8.2,1.0,2.0,7.0,3.0,1.0,3.0,12.2,5.1,19.4,3.0,9.1,5.0,1.0,1.0,2.9,4.0,92.1,32.0,73.5,51.0,5.0,4.0,8.0,2.0,13.1,5.1,1.0,1.0,2.0,1.0,4.0,2.0,9.2,2.9,0.0,5.4,6.0,5.4,6.3,4.0,4.9,1.0,6.1,4.0,2.0,2.0,4.1,5.0,8.0,4.1,1.9,0.0,0.0,1.0,99.0,99.0,100.0,100.0,100.0,100.0,100.0,100.0,0.0,0.0,0.0,0.0,0.0,0.0,0.0,0.0,1.0,0.0,0.0,0.0,0.0,0.0,0.0,0.0,0.0,0.0,0.0,0.0,0.0,0.0,0.0,0.0,0.0,0.0,0.0,0.0,0.0,0.0,0.0,0.0,0.0,0.0,0.0,0.0,0.0,0.0,0.0,0.0,0.0,0.0,0.0,0.0,0.0,0.0,0.0,0.0,0.0,0.0,0.0,0.0,0.0,0.0,0.0,0.0,0.0,0.0,0.0,0.0,0.0,0.0,0.0,0.0,0.0,0.0,0.0,0.0,0.0,0.0,0.0,0.0,0.0,0.0,0.0,0.0,0.0,0.0,0.0,0.0,0.0,0.0,0.0,1.0,0.0,0.0,0.0,0.0,0.0,0.0,0.0,0.0,0.0,0.0,0.0,0.0,0.0,0.0,0.0,0.0,0.0,0.0,0.0,0.0,0.0,0.0,0.0,0.0,0.0,0.0,0.0,0.0,0.0,0.0,0.0,0.0,0.0,0.0,0.0,0.0,0.0,0.0,0.0,0.0,0.0,0.0,0.0,0.0,0.0,0.0,0.0,0.0,0.0,0.0,0.0,0.0,0.0,0.0,0.0,0.0,0.0,0.0,0.0,0.0,0.0,0.0,0.0,0.0,0.0,0.0,0.0,0.0,0.0,0.0,0.0,0.0,0.0,0.0,0.0,0.0,0.0,0.0,0.0,0.0,0.0,0.0,0.0,0.0,0.0,0.0,0.0,0.0,0.0,0.0,0.0,0.0,0.0,0.0,0.0",6.4,65641.01171875,966225.30859375,8689.7861328125,168000.25439453125,39.640625
1791409282.430635,idle,6.3,"7.1,5.2,5.9,2.0,10.9,8.2,6.9,7.0,4.1,7.1,12.2,10.3,8.1,9.2,6.1,8.1,10.1,4.0,2.0,8.1,6.1,6.2,11.2,40.0,7.9,8.0,4.0,4.0,8.1,6.9,100.0,38.6,95.0,23.2,9.6,5.9,8.1,11.1,8.2,6.0,25.5,5.1,5.1,9.4,9.0,5.2,9.2,4.0,7.0,6.3,9.4,5.4,11.5,5.1,9.4,7.1,10.1,7.1,9.1,6.1,7.9,8.0,13.1,9.3,2.0,3.0,3.0,2.0,100.0,100.0,100.0,100.0,100.0,100.0,100.0,100.0,0.0,0.0,0.0,0.0,0.0,1.0,0.0,0.0,1.0,0.0,0.0,0.0,0.0,0.0,0.0,0.0,0.0,0.0,0.0,0.0,0.0,0.0,12.1,11.8,10.9,11.0,0.0,0.0,0.0,0.0,0.0,0.0,0.0,0.0,0.0,0.0,0.0,0.0,0.0,0.0,0.0,0.0,0.0,0.0,0.0,0.0,0.0,0.0,0.0,0.0,0.0,0.0,0.0,0.0,0.0,0.0,0.0,0.0,0.0,0.0,0.0,0.0,0.0,0.0,0.0,0.0,0.0,0.0,0.0,0.0,0.0,0.0,0.0,0.0,0.0,0.0,0.0,0.0,1.0,0.0,0.0,0.0,0.0,0.0,0.0,0.0,0.0,0.0,0.0,0.0,0.0,0.0,0.0,0.0,0.0,0.0,0.0,0.0,0.0,0.0,0.0,0.0,0.0,0.0,0.0,0.0,0.0,0.0,0.0,0.0,0.0,0.0,0.0,0.0,0.0,0.0,0.0,0.0,0.0,0.0,0.0,0.0,0.0,0.0,0.0,0.0,0.0,0.0,0.0,0.0,0.0,0.0,0.0,0.0,0.0,0.0,0.0,0.0,0.0,0.0,0.0,0.0,0.0,0.0,0.0,0.0,0.0,0.0,0.0,0.0,0.0,0.0,0.0,0.0,0.0,0.0,0.0,0.0,0.0,0.0,0.0,0.0,0.0,0.0,0.0,0.0,0.0,0.0,0.0,0.0,0.0,0.0,0.0,0.0,0.0,0.0,0.0,0.0,0.0",6.3,64516.98828125,967349.33203125,8689.7861328125,168001.63330078125,39.640625
1791409283.4549496,idle,5.3,"11.2,2.0,0.0,1.0,5.1,1.0,0.0,0.0,5.9,1.0,4.0,1.0,3.0,3.0,8.0,3.0,3.0,5.0,2.0,3.0,12.1,5.0,7.0,16.2,2.9,12.0,7.7,1.9,2.9,2.9,47.6,70.3,95.1,28.2,5.9,3.0,7.0,6.9,8.9,4.9,9.0,1.0,1.0,5.1,2.0,3.9,5.9,0.0,2.9,3.1,3.0,5.2,5.2,1.0,7.3,12.1,2.9,4.0,14.0,5.9,3.9,3.0,2.0,12.0,0.0,0.0,1.0,1.0,100.0,100.0,100.0,100.0,100.0,99.0,100.0,100.0,0.0,0.0,0.0,0.0,0.0,2.1,0.0,0.0,6.3,0.0,0.0,0.0,0.0,0.0,0.0,0.0,0.0,0.0,0.0,0.0,0.0,0.0,3.8,3.9,6.8,3.9,0.0,0.0,0.0,0.0,0.0,0.0,0.0,0.0,0.0,0.0,0.0,0.0,0.0,0.0,0.0,0.0,1.9,0.0,0.0,0.0,0.0,0.0,0.0,0.0,0.0,0.0,0.0,0.0,0.0,0.0,0.0,0.0,0.0,0.0,0.0,0.0,0.0,0.0,0.0,0.0,0.0,0.0,0.0,0.0,0.0,0.0,0.0,0.0,0.0,0.0,0.0,0.0,0.0,0.0,0.0,0.0,0.0,0.0,0.0,0.0,0.0,0.0,0.0,0.0,0.0,0.0,0.0,0.0,0.0,0.0,0.0,0.0,0.0,0.0,0.0,0.0,0.0,1.0,0.0,0.0,0.0,0.0,0.0,0.0,0.0,0.0,0.0,0.0,0.0,0.0,0.0,0.0,0.0,0.0,0.0,0.0,0.0,0.0,0.0,0.0,0.0,0.0,0.0,0.0,0.0,0.0,0.0,0.0,0.0,0.0,0.0,0.0,0.0,0.0,0.0,0.0,0.0,0.0,0.0,0.0,0.0,0.0,0.0,0.0,0.0,0.0,0.0,0.0,0.0,0.0,0.0,0.0,0.0,0.0,0.0,0.0,0.0,0.0,0.0,0.0,0.0,0.0,0.0,0.0,0.0,0.0,0.0,0.0,0.0,0.0,0.0,0.0,0.0",6.2,64250.171875,967616.1484375,8689.7861328125,168001.63330078125,39.640625
1791409284.4711297,idle,6.1,"7.1,5.3,6.2,4.1,7.2,13.3,15.6,6.2,3.1,6.1,3.1,6.2,6.1,10.4,16.8,8.0,9.4,16.8,10.1,6.1,6.2,4.1,4.2,9.3,3.0,7.1,9.2,3.0,2.0,5.0,78.0,78.4,32.4,21.0,8.3,7.4,13.4,24.5,7.4,15.3,7.3,5.2,7.0,6.2,10.3,9.2,13.1,13.3,4.1,5.4,10.0,9.6,11.7,5.2,8.2,11.5,9.1,14.1,11.1,5.2,7.2,5.2,6.1,20.4,2.0,2.0,2.0,1.0,100.0,99.0,100.0,100.0,100.0,100.0,100.0,100.0,0.0,0.0,0.0,0.0,0.0,1.0,0.0,0.0,3.2,0.0,0.0,0.0,0.0,0.0,0.0,0.0,0.0,0.0,0.0,0.0,0.0,0.0,0.0,0.0,13.7,0.0,0.0,0.0,0.0,0.0,0.0,0.0,0.0,0.0,0.0,0.0,0.0,0.0,0.0,0.0,0.0,0.0,0.0,0.0,0.0,0.0,0.0,0.0,0.0,0.0,0.0,0.0,0.0,0.0,0.0,0.0,0.0,0.0,0.0,0.0,0.0,0.0,0.0,0.0,0.0,0.0,0.0,0.0,0.0,0.0,0.0,0.0,0.0,0.0,0.0,0.0,0.0,0.0,0.0,0.0,0.0,0.0,0.0,1.0,0.0,0.0,0.0,0.0,0.0,0.0,0.0,0.0,0.0,0.0,0.0,0.0,0.0,0.0,0.0,0.0,0.0,0.0,0.0,0.0,0.0,0.0,0.0,0.0,0.0,0.0,0.0,0.0,0.0,0.0,0.0,0.0,0.0,0.0,0.0,0.0,0.0,0.0,0.0,0.0,0.0,0.0,0.0,0.0,0.0,0.0,0.0,0.0,0.0,0.0,0.0,0.0,0.0,0.0,0.0,0.0,0.0,0.0,0.0,0.0,0.0,0.0,0.0,0.0,0.0,0.0,0.0,0.0,0.0,0.0,0.0,0.0,0.0,0.0,0.0,0.0,0.0,0.0,0.0,0.0,0.0,0.0,0.0,0.0,0.0,0.0,0.0,0.0,0.0,0.0,0.0,0.0,0.0,0.0,0.0",6.3,64698.171875,967168.1484375,8689.7861328125,168002.08642578125,39.640625
1791409285.5074337,idle,5.2,"4.7,2.0,2.0,0.0,1.9,7.8,2.0,1.0,1.0,1.0,1.0,1.9,1.0,4.0,17.3,6.1,1.0,5.9,10.0,15.8,1.0,0.0,2.0,3.1,2.0,8.1,2.0,1.0,0.0,2.0,99.0,85.3,0.0,73.1,5.9,3.0,10.9,3.0,7.8,11.8,6.1,2.9,0.0,1.0,2.0,1.0,2.0,14.3,2.0,5.2,5.9,4.1,7.3,3.0,8.4,7.3,5.0,18.6,5.9,3.9,3.0,2.0,4.9,5.0,0.0,0.0,0.0,0.0,99.0,100.0,100.0,100.0,100.0,100.0,100.0,100.0,0.0,0.0,0.0,0.0,0.0,0.0,0.0,0.0,1.0,0.0,0.0,0.0,0.0,0.0,0.0,0.0,0.0,0.0,0.0,0.0,0.0,0.0,2.9,1.0,0.0,1.9,0.0,0.0,0.0,0.0,0.0,0.0,0.0,0.0,0.0,0.0,0.0,0.0,0.0,0.0,0.0,0.0,0.0,0.0,0.0,0.0,0.0,0.0,0.0,0.0,0.0,0.0,0.0,0.0,0.0,0.0,0.0,0.0,0.0,0.0,0.0,0.0,0.0,0.0,0.0,0.0,0.0,0.0,0.0,0.0,0.0,0.0,0.0,0.0,0.0,0.0,0.0,0.0,0.0,0.0,0.0,0.0,0.0,0.0,0.0,0.0,0.0,0.0,0.0,0.0,0.0,0.0,0.0,0.0,0.0,0.0,0.0,0.0,0.0,0.0,0.0,0.0,0.0,0.0,1.0,0.0,0.0,0.0,0.0,0.0,0.0,0.0,0.0,0.0,0.0,0.0,0.0,0.0,0.0,0.0,0.0,0.0,0.0,0.0,0.0,0.0,0.0,0.0,0.0,0.0,0.0,0.0,0.0,0.0,0.0,0.0,0.0,0.0,0.0,0.0,0.0,0.0,0.0,0.0,0.0,0.0,0.0,0.0,0.0,0.0,0.0,0.0,0.0,0.0,0.0,0.0,0.0,0.0,0.0,0.0,0.0,0.0,0.0,0.0,0.0,0.0,0.0,0.0,0.0,0.0,0.0,0.0,0.0,0.0,0.0,0.0,0.0,0.0,0.0",6.3,65078.42578125,966787.89453125,8689.7861328125,168002.09033203125,38.1474609375
1791409286.5205657,idle,6.1,"10.0,4.2,12.5,3.0,4.0,11.0,4.0,4.0,11.0,8.2,9.9,4.1,7.1,9.1,11.0,9.9,3.1,16.3,16.2,8.1,8.2,8.0,6.2,25.0,5.0,9.0,10.9,2.0,3.0,2.0,52.0,54.5,41.2,36.6,6.1,6.2,11.0,3.1,4.1,4.0,18.4,17.7,7.3,6.0,6.9,6.1,9.1,11.1,5.2,13.3,7.1,4.3,12.5,5.1,6.2,8.2,4.2,17.3,10.3,5.0,7.9,4.0,2.0,8.9,3.0,1.0,3.0,1.0,100.0,100.0,100.0,100.0,99.0,100.0,99.0,100.0,0.0,0.0,0.0,0.0,0.0,0.0,0.0,0.0,1.0,0.0,0.0,0.0,0.0,0.0,0.0,0.0,0.0,0.0,11.8,0.0,0.0,0.0,64.7,9.9,1.0,6.9,0.0,0.0,0.0,0.0,0.0,0.0,0.0,0.0,0.0,0.0,0.0,0.0,0.0,0.0,0.0,0.0,0.0,0.0,0.0,0.0,0.0,0.0,0.0,0.0,0.0,0.0,0.0,0.0,0.0,0.0,0.0,0.0,0.0,0.0,0.0,0.0,0.0,0.0,0.0,0.0,0.0,0.0,0.0,0.0,0.0,0.0,0.0,0.0,0.0,0.0,0.0,0.0,0.0,0.0,0.0,0.0,0.0,0.0,0.0,0.0,0.0,0.0,0.0,0.0,0.0,0.0,0.0,0.0,0.0,0.0,0.0,0.0,0.0,0.0,0.0,0.0,0.0,0.0,0.0,0.0,0.0,0.0,0.0,0.0,0.0,0.0,0.0,0.0,0.0,0.0,0.0,0.0,0.0,0.0,0.0,0.0,0.0,0.0,0.0,0.0,0.0,0.0,0.0,0.0,0.0,0.0,0.0,0.0,0.0,0.0,0.0,0.0,0.0,0.0,0.0,0.0,0.0,0.0,0.0,0.0,0.0,0.0,0.0,0.0,0.0,0.0,0.0,0.0,0.0,0.0,0.0,0.0,0.0,0.0,0.0,0.0,0.0,0.0,0.0,0.0,0.0,0.0,0.0,0.0,0.0,0.0,0.0,0.0,0.0,0.0,0.0,0.0,0.0",6.2,64382.41796875,967483.90234375,8689.7861328125,168002.09033203125,38.1474609375
1791409287.5510163,idle,5.4,"19.6,9.2,8.8,4.0,1.0,6.9,3.9,3.9,1.0,0.0,0.0,2.0,1.9,1.0,1.0,1.0,1.0,4.9,10.0,13.1,4.1,1.0,0.0,5.1,1.0,11.9,2.0,4.9,4.9,1.0,0.0,44.1,4.0,31.7,12.4,8.2,10.2,7.1,12.1,6.0,1.0,15.2,0.0,4.0,1.0,2.0,1.0,12.9,3.0,5.1,3.0,2.0,9.0,4.0,3.0,1.0,10.9,4.0,5.0,3.0,2.9,1.0,4.0,13.3,1.0,0.0,0.0,0.0,100.0,100.0,100.0,100.0,100.0,100.0,100.0,100.0,0.0,0.0,0.0,0.0,0.0,1.0,0.0,0.0,0.0,0.0,0.0,0.0,0.0,0.0,0.0,0.0,0.0,0.0,100.0,0.0,0.0,0.0,99.0,1.0,0.0,0.0,0.0,0.0,0.0,0.0,0.0,0.0,0.0,0.0,0.0,0.0,0.0,0.0,0.0,0.0,0.0,0.0,0.0,0.0,0.0,0.0,0.0,0.0,0.0,0.0,0.0,0.0,0.0,0.0,0.0,0.0,0.0,0.0,0.0,0.0,0.0,0.0,0.0,0.0,0.0,0.0,0.0,0.0,0.0,0.0,0.0,0.0,0.0,0.0,0.0,0.0,0.0,0.0,0.0,0.0,0.0,0.0,2.0,0.0,0.0,0.0,0.0,0.0,0.0,0.0,0.0,0.0,0.0,0.0,0.0,0.0,0.0,0.0,0.0,0.0,0.0,0.0,0.0,0.0,0.0,0.0,0.0,0.0,0.0,0.0,0.0,0.0,0.0,0.0,0.0,0.0,0.0,0.0,0.0,0.0,0.0,0.0,0.0,0.0,0.0,0.0,0.0,0.0,0.0,0.0,0.0,0.0,0.0,0.0,0.0,0.0,0.0,0.0,0.0,0.0,0.0,0.0,0.0,0.0,0.0,0.0,0.0,0.0,0.0,0.0,0.0,0.0,0.0,0.0,0.0,0.0,0.0,0.0,0.0,0.0,0.0,0.0,0.0,0.0,0.0,0.0,0.0,0.0,0.0,0.0,0.0,0.0,0.0,0.0,0.0,0.0,0.0,0.0,0.0",6.3,64507.55078125,967358.76953125,8689.7861328125,168003.38720703125,38.1474609375
1791409288.5575628,idle,6.9,"17.2,16.7,8.2,4.1,9.1,11.9,10.0,6.2,6.0,7.0,6.0,5.1,6.1,10.8,7.1,7.1,7.1,6.1,8.2,7.1,14.3,7.1,9.0,6.2,5.0,5.9,6.8,15.8,8.0,82.2,4.9,93.1,23.8,6.1,9.3,10.2,9.4,11.7,15.6,10.1,9.8,6.0,10.7,3.0,9.9,3.0,6.1,6.1,9.1,8.5,7.1,10.4,10.4,18.8,7.1,18.0,7.0,7.1,9.1,10.2,7.1,8.0,6.1,8.0,4.9,6.9,5.1,3.0,99.0,100.0,99.0,100.0,100.0,100.0,100.0,100.0,0.0,0.0,0.0,0.0,0.0,0.0,0.0,0.0,0.0,0.0,0.0,0.0,0.0,0.0,0.0,0.0,0.0,0.0,100.0,0.0,0.0,0.0,96.1,4.0,4.0,3.0,0.0,0.0,0.0,0.0,0.0,0.0,0.0,0.0,0.0,0.0,0.0,0.0,0.0,0.0,0.0,0.0,0.0,0.0,0.0,0.0,0.0,0.0,0.0,0.0,0.0,0.0,0.0,0.0,0.0,0.0,0.0,0.0,0.0,0.0,0.0,0.0,0.0,0.0,0.0,0.0,0.0,0.0,0.0,0.0,0.0,0.0,0.0,0.0,0.0,0.0,0.0,0.0,0.0,0.0,0.0,1.0,0.0,0.0,0.0,0.0,0.0,0.0,0.0,0.0,0.0,0.0,0.0,0.0,0.0,0.0,0.0,0.0,0.0,0.0,0.0,0.0,0.0,0.0,0.0,0.0,0.0,0.0,0.0,0.0,0.0,0.0,0.0,0.0,0.0,0.0,0.0,0.0,0.0,0.0,0.0,0.0,0.0,0.0,0.0,0.0,0.0,0.0,0.0,0.0,0.0,0.0,0.0,0.0,0.0,0.0,0.0,0.0,0.0,0.0,0.0,0.0,0.0,0.0,0.0,0.0,0.0,0.0,0.0,0.0,0.0,0.0,0.0,0.0,0.0,0.0,0.0,0.0,0.0,0.0,0.0,0.0,0.0,0.0,0.0,0.0,0.0,0.0,0.0,0.0,0.0,0.0,0.0,0.0,0.0,0.0,0.0,0.0,0.0",6.2,64153.19140625,967713.12890625,8689.7861328125,168003.38720703125,38.1474609375
1791409289.6266391,idle,5.6,"11.6,26.2,1.9,0.9,1.0,4.8,0.0,4.8,17.1,8.7,1.0,3.8,18.1,1.0,6.8,6.7,0.0,2.8,4.8,6.7,4.9,2.9,8.7,1.9,33.3,1.9,1.0,0.0,2.8,1.0,28.2,70.8,14.4,8.7,4.9,16.5,4.0,11.8,7.7,4.8,4.8,12.6,17.1,15.5,15.4,8.4,1.0,1.9,2.8,6.1,1.0,3.9,13.0,4.9,2.8,6.7,2.9,2.9,4.9,1.0,2.9,1.9,16.7,7.6,0.0,0.0,0.9,0.0,100.0,100.0,100.0,99.1,100.0,100.0,100.0,100.0,0.0,0.0,0.0,0.0,0.0,0.0,0.0,0.0,3.1,0.0,0.0,0.0,0.0,0.0,0.0,0.0,0.0,0.0,100.0,0.0,0.0,0.0,5.7,0.0,0.9,0.0,0.0,0.0,0.0,0.0,0.0,0.0,0.0,0.0,0.0,0.0,0.0,0.0,0.0,0.0,0.0,0.0,1.0,0.0,0.0,0.0,0.0,0.0,0.0,0.0,0.0,0.0,0.0,0.0,0.0,0.0,0.0,0.0,0.0,0.0,0.9,0.0,0.0,0.0,0.0,0.0,0.0,0.0,0.0,0.0,0.0,0.0,0.0,0.0,0.0,0.0,0.0,0.0,0.0,0.0,0.0,0.0,0.0,0.0,0.0,0.0,0.0,0.0,0.0,0.0,0.0,0.0,0.0,0.0,0.0,0.0,0.0,0.0,0.0,0.0,0.0,0.0,0.0,0.0,0.0,0.0,0.0,0.0,0.0,0.0,0.0,0.0,0.0,0.0,0.0,0.0,0.0,0.0,0.0,0.0,0.0,0.0,0.0,0.0,0.0,0.0,0.0,0.0,0.0,0.0,0.0,0.0,0.0,0.0,0.0,0.0,0.0,0.0,0.0,0.0,0.0,0.0,0.0,0.0,0.0,0.0,0.0,0.0,0.0,0.0,0.0,0.0,0.0,0.0,0.0,0.0,0.0,0.0,0.0,0.0,0.0,0.0,0.0,0.0,0.0,0.0,0.0,0.0,0.0,0.0,0.0,0.0,0.0,0.0,0.0,0.0,0.0,0.0,0.0",6.2,64151.9765625,967714.34375,8689.7861328125,168003.68408203125,38.1474609375
1791409290.631676,idle,6.1,"22.1,4.3,2.1,6.1,17.5,16.3,7.1,9.2,3.0,21.6,2.0,12.1,24.5,9.9,4.2,5.1,4.1,7.1,4.1,9.1,9.3,3.1,9.2,6.3,2.1,7.0,1.0,4.0,2.0,5.1,77.5,20.8,6.9,21.0,5.1,4.0,4.2,37.0,65.7,11.2,6.1,7.0,4.2,25.5,7.3,3.1,23.2,5.1,9.0,9.3,7.0,10.2,14.0,19.0,7.2,6.1,8.2,5.1,8.2,6.3,5.1,3.1,10.0,4.2,2.0,4.9,2.0,2.0,99.0,100.0,100.0,100.0,100.0,99.0,100.0,100.0,0.0,0.0,0.0,0.0,0.0,0.0,0.0,0.0,4.4,0.0,0.0,0.0,0.0,0.0,0.0,0.0,0.0,0.0,41.6,0.0,0.0,0.0,2.0,1.0,0.0,0.0,0.0,0.0,0.0,0.0,0.0,0.0,0.0,0.0,0.0,0.0,0.0,0.0,0.0,0.0,0.0,0.0,0.0,0.0,0.0,0.0,0.0,0.0,0.0,0.0,0.0,0.0,0.0,0.0,0.0,0.0,0.0,0.0,0.0,0.0,0.0,0.0,0.0,0.0,0.0,0.0,0.0,0.0,0.0,0.0,0.0,0.0,0.0,0.0,0.0,0.0,0.0,0.0,0.0,0.0,0.0,0.0,0.0,0.0,0.0,0.0,0.0,0.0,0.0,0.0,0.0,0.0,0.0,0.0,0.0,0.0,0.0,0.0,0.0,0.0,0.0,0.0,0.0,0.0,0.0,0.0,0.0,0.0,0.0,0.0,0.0,0.0,0.0,0.0,0.0,0.0,0.0,0.0,0.0,0.0,0.0,0.0,0.0,0.0,0.0,0.0,0.0,0.0,0.0,0.0,0.0,0.0,0.0,0.0,0.0,0.0,0.0,0.0,0.0,0.0,0.0,0.0,0.0,0.0,0.0,0.0,0.0,0.0,0.0,0.0,0.0,0.0,0.0,0.0,0.0,0.0,0.0,0.0,0.0,0.0,0.0,0.0,0.0,0.0,0.0,0.0,0.0,0.0,0.0,0.0,0.0,0.0,0.0,0.0,0.0,0.0,0.0,0.0,0.0",6.2,64191.96484375,967674.35546875,8689.7861328125,168003.68408203125,37.17431640625
1791409291.6756546,aggregate_n8_vmnos256_r2:submission,8.8,"21.9,25.2,22.6,19.3,21.1,25.9,18.6,19.1,19.5,21.5,18.6,26.4,15.5,16.8,18.7,27.0,18.8,16.4,17.7,23.2,18.3,27.4,20.9,19.1,16.2,16.4,12.3,14.5,18.2,11.5,83.6,51.7,29.3,51.7,13.3,16.9,15.8,19.3,54.3,17.7,15.9,17.7,20.5,14.7,17.5,17.7,12.8,21.6,20.4,19.1,21.9,16.4,19.3,23.0,32.2,19.0,19.5,14.3,18.0,17.7,16.2,16.4,21.4,17.9,14.0,14.2,13.3,14.7,91.5,95.7,100.0,90.6,100.0,100.0,100.0,95.7,0.0,0.0,0.0,0.0,0.0,0.9,0.0,0.0,1.7,0.0,0.0,0.0,0.0,0.0,0.0,0.0,0.0,0.0,62.4,0.0,0.0,0.0,5.2,6.0,5.2,0.0,0.0,0.0,0.0,0.0,0.0,0.0,0.0,0.0,0.0,0.0,0.0,0.0,0.0,0.0,0.0,0.0,0.0,0.0,0.0,0.0,0.0,0.0,0.0,0.0,0.0,0.0,0.0,0.0,0.0,0.0,0.0,0.0,0.0,0.0,0.0,0.0,0.0,0.0,0.0,0.0,0.0,0.0,0.0,0.0,0.0,0.0,0.0,0.0,0.0,0.0,0.0,0.0,0.0,0.0,0.0,0.0,0.0,0.0,0.0,0.0,0.0,0.0,0.0,0.0,0.0,0.0,0.0,0.0,0.0,0.0,0.0,0.0,0.0,0.0,0.0,0.0,0.0,0.0,0.0,0.0,0.0,0.0,0.0,0.0,0.0,0.0,0.0,0.0,0.0,0.0,0.0,0.0,0.0,0.0,0.0,0.0,0.0,0.0,0.0,0.0,0.0,0.0,0.0,0.0,0.0,0.0,0.0,0.0,0.0,0.0,0.0,0.0,0.0,0.0,0.0,0.0,0.0,0.0,0.0,0.0,0.0,0.0,0.0,0.0,0.0,0.0,0.0,0.0,0.0,0.0,0.0,0.0,0.0,0.0,0.0,0.0,0.0,0.0,0.0,0.0,0.0,0.0,0.0,0.0,0.0,0.0,0.0,0.0,0.0,0.0,0.0,0.0,0.0",6.2,64316.27734375,967550.04296875,8689.7861328125,168005.72705078125,37.17431640625
1791409292.9720685,aggregate_n8_vmnos256_r2:confirmation,10.4,"29.5,24.6,22.4,19.7,27.0,22.7,24.2,25.6,24.6,21.9,21.5,15.7,24.4,18.3,24.6,20.5,16.8,23.4,29.5,21.1,24.4,22.7,17.2,21.9,15.2,19.5,15.2,13.4,20.1,18.0,8.9,93.3,91.0,32.8,19.4,16.2,11.8,17.1,16.3,16.9,17.8,17.7,25.4,21.1,31.5,18.8,22.0,21.9,17.6,19.5,26.9,20.6,23.6,32.6,19.8,25.2,29.6,26.2,26.9,19.5,24.2,23.8,29.9,23.8,19.1,16.0,16.0,13.1,100.0,100.0,100.0,100.0,100.0,100.0,100.0,100.0,0.0,0.0,0.0,0.0,0.0,0.8,0.0,0.0,0.8,0.7,0.0,0.0,0.0,0.0,0.0,0.0,0.0,0.0,100.0,0.0,0.0,0.0,1.5,4.5,5.2,5.1,0.0,0.0,0.0,0.0,0.0,0.0,0.0,0.0,0.0,0.0,0.0,0.0,0.0,0.0,0.0,0.0,0.0,0.0,0.0,0.0,0.0,0.0,0.0,0.0,0.0,0.0,0.0,0.0,0.0,0.0,0.0,0.0,0.0,0.0,0.0,0.7,0.0,0.0,0.0,0.0,0.0,0.0,0.0,0.0,0.0,0.0,0.0,0.0,0.0,0.0,0.0,0.0,0.0,0.0,0.0,0.0,0.0,0.7,0.0,0.0,0.0,0.0,0.0,0.0,0.0,0.0,0.0,0.0,0.0,0.0,0.0,0.0,0.0,0.0,0.0,0.0,0.0,0.0,0.0,0.0,0.0,0.0,0.0,0.0,0.0,0.0,0.0,0.0,0.0,0.0,0.0,0.0,0.0,0.0,0.0,0.0,0.0,0.0,0.0,0.0,0.0,0.0,0.0,0.0,0.0,0.0,0.0,0.0,0.0,0.0,0.0,0.0,0.0,0.0,0.0,0.0,0.0,0.0,0.0,0.0,0.0,0.0,0.0,0.0,0.0,0.0,0.0,0.0,0.0,0.0,0.0,0.0,0.0,0.0,0.0,0.0,0.0,0.0,0.0,0.0,0.0,0.0,0.0,0.0,0.0,0.0,0.0,0.0,0.0,0.0,0.0,0.0,0.0",6.2,64378.22265625,967488.09765625,8689.7861328125,168005.72705078125,37.17431640625
1791409294.4767096,aggregate_n8_vmnos256_r2:confirmation,7.1,"23.4,9.4,11.9,6.1,4.5,19.3,12.5,8.0,9.0,8.3,9.9,7.8,8.3,15.8,12.2,23.8,10.3,10.4,16.3,16.1,11.2,11.5,12.8,14.3,8.1,7.5,8.1,9.0,4.5,13.0,22.1,74.3,67.2,43.1,8.7,6.8,7.4,14.0,8.8,5.2,18.7,16.4,10.1,9.8,6.0,6.8,8.2,9.3,11.1,12.3,14.9,18.6,16.2,11.9,18.5,15.3,10.6,12.1,19.4,9.0,8.9,7.4,11.4,11.3,5.9,8.6,6.6,6.0,100.0,100.0,100.0,99.3,100.0,100.0,100.0,99.3,0.0,0.0,0.0,0.0,0.0,0.0,0.0,0.0,0.8,0.0,0.0,0.0,0.0,0.0,0.0,0.0,0.0,0.0,100.0,0.0,0.0,0.0,4.4,4.3,4.3,3.6,0.0,0.0,0.0,0.0,0.0,0.0,0.0,0.0,0.0,0.0,0.0,0.0,0.0,0.0,0.0,0.0,0.0,0.0,0.0,0.0,0.0,0.0,0.0,0.0,0.0,0.0,0.0,0.0,0.0,0.0,0.0,0.0,0.0,0.0,0.0,0.0,0.0,0.0,0.0,0.0,0.0,0.0,0.0,0.0,0.0,0.0,0.0,0.0,0.0,0.0,0.0,0.0,0.0,0.0,0.0,0.0,0.0,0.0,0.0,0.0,0.0,0.0,0.0,0.0,0.0,0.0,0.0,0.0,0.0,0.0,0.0,0.0,0.0,0.7,0.0,0.0,0.0,0.0,0.0,0.0,0.0,0.0,0.0,0.0,0.0,0.0,0.0,0.0,0.0,0.0,0.0,0.0,0.0,0.0,0.0,0.0,0.0,0.0,0.0,0.0,0.0,0.0,0.0,0.0,0.0,0.0,0.0,0.0,0.0,0.0,0.0,0.0,0.0,0.0,0.0,0.0,0.0,0.0,0.0,0.0,0.0,0.0,0.0,0.0,0.0,0.0,0.0,0.0,0.0,0.0,0.0,0.0,0.0,0.0,0.0,0.0,0.0,0.0,0.0,0.0,0.0,0.0,0.0,0.0,0.0,0.0,0.0,0.0,0.0,0.0,0.0,0.0,0.0",6.3,64542.88671875,967323.43359375,8689.7861328125,168006.32861328125,37.17431640625
1791409295.5791025,aggregate_n8_vmnos256_r2:confirmation,5.6,"15.5,9.4,5.4,6.3,11.6,4.8,3.6,5.3,4.5,1.7,2.5,3.4,2.5,3.4,9.6,10.6,6.6,4.4,2.6,2.6,8.9,5.3,5.4,11.8,3.4,5.0,5.9,2.6,1.7,6.0,88.2,74.2,30.5,70.9,6.8,4.2,2.6,3.5,2.6,2.6,2.6,4.5,7.8,2.7,7.0,4.3,2.6,5.3,6.4,0.9,5.4,5.6,4.8,7.0,7.0,9.9,5.4,10.1,5.4,7.9,4.4,2.6,6.3,9.9,3.4,2.5,1.7,0.8,100.0,100.0,100.0,100.0,100.0,100.0,100.0,100.0,0.0,0.0,0.0,0.0,0.0,0.8,0.0,0.0,4.2,0.0,0.0,0.0,0.0,0.0,0.0,0.0,0.0,0.0,8.4,0.0,0.0,0.0,1.7,2.5,2.5,0.0,0.0,0.0,0.0,0.0,0.0,0.0,0.0,0.0,0.0,0.0,0.0,0.0,0.0,0.0,0.0,0.0,2.5,0.0,0.0,0.0,0.0,0.0,0.0,0.0,0.0,0.0,0.0,0.0,0.0,0.0,0.0,0.0,0.0,0.0,0.0,0.0,0.0,0.0,0.0,0.0,0.0,0.0,0.0,0.0,0.0,0.0,0.0,0.0,0.0,0.0,0.0,0.0,0.0,0.0,0.0,0.0,0.0,1.7,0.0,0.0,0.0,0.0,0.0,0.0,0.0,0.0,0.0,0.0,0.0,0.0,0.0,0.0,0.0,0.0,0.0,0.0,0.0,0.0,0.0,0.0,0.0,0.0,0.0,0.0,0.0,0.0,0.0,0.0,0.0,0.0,0.0,0.0,0.0,0.0,0.0,0.0,0.0,0.0,0.0,0.0,0.0,0.0,0.0,0.0,0.0,0.0,0.0,0.0,0.0,0.0,0.0,0.0,0.0,0.0,0.0,0.0,0.0,0.0,0.0,0.0,0.0,0.0,0.0,0.0,0.0,0.0,0.0,0.0,0.0,0.0,0.0,0.0,0.0,0.0,0.0,0.0,0.0,0.0,0.0,0.0,0.0,0.0,0.0,0.0,0.0,0.0,0.0,0.0,0.0,0.0,0.0,0.0,0.0",6.3,64608.6015625,967257.71875,8689.7861328125,168006.32861328125,35.71875
1791409297.0727441,aggregate_n8_vmnos256_r2:confirmation,6.8,"12.2,11.5,11.5,11.6,14.4,10.8,15.2,9.1,9.8,9.6,9.0,10.4,18.0,6.1,6.0,14.1,12.2,17.6,15.8,16.7,10.8,6.1,15.6,23.1,9.4,11.9,8.1,6.4,6.5,7.2,92.9,28.6,33.6,56.1,9.6,8.3,9.0,10.4,7.5,8.8,8.1,16.4,10.9,11.8,6.9,7.4,7.4,11.7,10.9,15.2,12.4,15.2,12.8,13.7,21.5,13.8,9.8,8.5,12.0,20.0,8.1,23.7,7.4,7.5,7.1,5.8,6.4,5.8,99.3,100.0,99.3,100.0,99.3,100.0,100.0,100.0,0.0,0.0,0.0,0.0,0.0,0.0,0.0,0.0,1.4,0.0,0.0,0.0,0.0,0.0,0.0,0.0,0.0,0.0,0.0,0.0,0.0,0.0,2.9,2.1,0.0,3.5,0.0,0.0,0.0,0.0,0.0,0.0,0.0,0.0,0.0,0.0,0.0,0.0,0.0,0.0,0.0,0.0,0.0,0.0,0.0,0.0,0.0,0.0,0.0,0.0,0.0,0.0,0.0,0.0,0.0,0.0,0.0,0.0,0.0,0.0,0.0,0.0,0.0,0.0,0.0,0.0,0.0,0.0,0.0,0.0,0.0,0.0,0.0,0.0,0.0,0.0,0.0,0.0,0.0,0.0,0.0,0.0,0.0,0.7,0.0,0.0,0.0,0.0,0.0,0.0,0.0,0.0,0.0,0.0,0.0,0.0,0.0,0.0,0.0,0.0,0.0,0.0,0.0,0.0,0.0,0.0,0.0,0.0,0.0,0.0,0.0,0.0,0.0,0.0,0.0,0.0,0.0,0.0,0.0,0.0,0.0,0.0,0.0,0.0,0.0,0.0,0.0,0.0,0.0,0.0,0.0,0.0,0.0,0.0,0.0,0.0,0.0,0.0,0.0,0.0,0.0,0.0,0.0,0.0,0.0,0.0,0.0,0.0,0.0,0.0,0.0,0.0,0.0,0.0,0.0,0.0,0.0,0.0,0.0,0.0,0.0,0.0,0.0,0.0,0.0,0.0,0.0,0.0,0.0,0.0,0.0,0.0,0.0,0.0,0.0,0.0,0.0,0.0,0.0",6.3,64557.125,967309.1953125,8689.7861328125,168012.33251953125,35.71875
1791409298.720632,aggregate_n8_vmnos256_r2:confirmation,6.7,"16.9,13.5,7.3,11.1,12.9,13.8,13.9,13.5,9.4,9.4,9.2,8.5,23.5,14.4,11.2,10.0,11.1,11.1,10.7,11.6,10.7,12.3,14.3,9.7,22.7,11.6,8.5,9.2,7.8,8.5,53.2,14.5,68.4,80.8,7.9,9.1,11.0,10.5,7.1,7.1,7.8,10.7,12.7,14.0,12.5,11.0,8.1,6.7,9.5,14.4,12.3,10.4,9.0,7.4,12.0,9.5,11.4,10.6,10.7,15.2,11.5,11.6,9.2,14.2,5.9,5.2,5.3,8.2,100.0,99.4,100.0,100.0,100.0,100.0,100.0,100.0,0.0,0.0,0.0,0.0,0.0,1.3,0.0,0.0,1.3,0.0,0.0,0.0,0.0,0.0,0.0,0.0,0.0,0.0,0.0,0.0,0.0,0.0,3.1,4.4,2.5,2.5,0.0,0.0,0.0,0.0,0.0,0.0,0.0,0.0,0.0,0.0,0.0,0.0,0.0,0.0,0.0,0.0,0.0,0.0,0.0,0.0,0.0,0.0,0.0,0.0,0.0,0.0,0.0,0.0,0.0,0.0,0.0,0.0,0.0,0.0,0.0,0.0,0.0,0.6,0.0,0.0,0.0,0.0,0.0,0.0,0.0,0.0,0.0,0.0,0.0,0.0,0.0,0.0,0.0,0.0,0.0,0.0,0.0,0.6,0.0,0.0,0.0,0.0,0.0,0.0,0.0,0.0,0.0,0.0,0.0,0.0,0.0,0.0,0.0,0.0,0.0,0.0,0.0,0.0,0.0,0.0,0.0,0.0,0.0,0.0,0.6,0.0,0.0,0.0,0.0,0.0,0.0,0.0,0.0,0.0,0.0,0.0,0.0,0.0,0.0,0.0,0.0,0.0,0.0,0.0,0.0,0.0,0.0,0.0,0.0,0.0,0.0,0.0,0.0,0.0,0.0,0.0,0.0,0.0,0.0,0.0,0.0,0.0,0.0,0.0,0.0,0.0,0.0,0.0,0.0,0.0,0.0,0.0,0.0,0.0,0.0,0.0,0.0,0.0,0.0,0.0,0.0,0.0,0.0,0.0,0.0,0.0,0.0,0.0,0.0,0.0,0.0,0.0,0.0",6.3,64679.83984375,967186.48046875,8689.7861328125,168012.33251953125,35.71875
1791409300.2479863,aggregate_n8_vmnos256_r2:confirmation,5.5,"8.4,4.9,2.1,1.4,9.7,6.9,8.7,2.8,2.7,4.1,2.8,4.0,5.4,12.4,9.0,4.7,5.5,2.0,8.7,3.5,2.0,8.3,23.6,6.3,3.3,1.3,2.0,1.3,1.3,1.3,63.2,77.1,98.7,13.6,4.0,3.4,3.4,4.6,2.0,2.6,3.5,4.2,9.1,4.1,2.7,2.6,5.6,4.2,8.4,7.2,4.9,6.6,10.0,10.9,10.4,7.0,3.5,13.3,13.6,1.3,7.4,6.1,5.0,4.8,0.7,0.6,1.3,0.0,100.0,100.0,100.0,100.0,100.0,100.0,100.0,100.0,0.0,0.0,0.0,0.0,0.0,0.7,0.0,0.0,4.3,0.0,0.0,0.0,0.0,0.0,0.0,0.0,0.0,0.0,0.0,0.0,0.0,0.0,1.9,1.9,1.9,0.0,0.0,0.0,0.0,0.0,0.0,0.0,0.0,0.0,0.0,0.0,0.0,0.0,0.0,0.0,0.0,0.0,0.0,0.0,0.0,0.0,0.0,0.0,0.0,0.0,0.0,0.0,0.0,0.0,0.0,0.0,0.0,0.0,0.0,0.0,0.0,0.0,0.0,0.0,0.0,0.0,0.0,0.0,0.0,0.0,0.0,0.0,0.0,0.0,0.0,0.0,0.0,0.0,0.0,0.0,0.0,0.0,0.0,1.3,0.0,0.0,0.0,0.0,0.0,0.0,0.0,0.0,0.0,0.0,0.0,0.0,0.0,0.0,0.0,0.0,0.0,0.0,0.0,0.0,0.0,0.0,0.0,0.0,0.0,0.0,0.0,0.0,0.0,0.0,0.0,0.0,0.0,0.0,0.0,0.0,0.0,0.0,0.0,0.0,0.0,0.0,0.0,0.0,0.0,0.0,0.0,0.0,0.0,0.0,0.0,0.0,0.0,0.0,0.0,0.0,0.0,0.0,0.0,0.0,0.0,0.0,0.0,0.0,0.0,0.0,0.0,0.0,0.0,0.0,0.0,0.0,0.0,0.0,0.0,0.0,0.0,0.0,0.0,0.0,0.0,0.0,0.0,0.0,0.0,0.0,0.0,0.0,0.0,0.0,0.0,0.0,0.0,0.0,0.0",6.4,65570.3671875,966295.953125,8689.7861328125,168012.60595703125,34.6201171875
1791409301.541578,aggregate_n8_vmnos256_r2:confirmation,7.0,"12.3,8.1,11.5,17.0,11.1,11.2,10.8,10.1,11.2,6.9,15.6,4.8,6.9,11.0,6.1,18.7,9.8,7.1,17.1,4.8,7.1,8.9,22.1,4.8,5.1,13.6,4.5,3.5,6.3,14.8,93.7,83.5,99.4,10.9,14.9,7.0,5.4,7.0,6.4,7.0,9.1,2.4,10.3,5.4,18.6,10.8,8.7,8.1,6.9,13.9,8.6,10.4,14.3,15.6,9.7,11.5,8.6,8.0,14.1,6.0,5.9,3.6,7.3,19.3,11.9,6.9,8.8,12.5,100.0,100.0,100.0,100.0,100.0,100.0,100.0,100.0,0.0,0.0,0.0,0.0,0.0,0.6,0.0,0.0,0.6,2.2,0.0,0.0,0.0,0.0,0.0,0.0,0.0,0.0,0.0,0.0,0.0,0.0,2.8,2.8,2.3,4.5,0.0,0.0,0.0,0.0,0.0,0.0,0.0,0.0,0.0,0.0,0.0,0.0,0.0,0.0,0.0,0.0,0.6,0.0,0.0,0.0,0.0,0.0,0.0,0.0,0.0,0.0,0.0,0.0,0.0,0.0,0.0,0.0,0.0,0.0,0.0,0.0,0.0,0.0,0.0,0.0,0.0,0.0,0.0,0.0,0.0,0.0,0.0,0.0,0.0,0.0,0.0,0.0,0.0,0.0,0.0,0.0,0.0,0.6,0.0,0.0,0.0,0.0,0.0,0.0,0.0,0.0,0.0,0.0,0.0,0.0,0.0,0.0,0.0,0.0,0.0,0.0,0.0,0.0,0.0,0.0,0.0,0.0,0.0,0.0,0.0,0.0,0.0,0.0,0.0,0.0,0.0,0.0,0.0,0.0,0.0,0.0,0.0,0.0,0.0,0.0,0.0,0.0,0.0,0.0,0.0,0.0,0.0,0.0,0.0,0.0,0.0,0.0,0.0,0.0,0.0,0.0,0.0,0.0,0.0,0.0,0.0,0.0,0.0,0.0,0.0,0.0,0.0,0.0,0.0,0.0,0.0,0.0,0.0,0.0,0.0,0.0,0.0,0.0,0.0,0.0,0.0,0.0,0.0,0.0,0.0,0.0,0.0,0.0,0.0,0.0,0.0,0.0,0.0",6.3,64638.046875,967228.2734375,8689.7861328125,168017.00439453125,34.6201171875
1791409303.0975296,aggregate_n8_vmnos256_r2:confirmation,6.5,"17.3,10.7,11.4,11.0,19.1,11.5,10.8,16.0,8.3,11.8,9.3,8.0,6.5,10.7,9.1,17.3,18.7,10.2,11.1,10.7,11.0,14.7,14.9,13.3,10.6,7.2,3.6,5.4,5.4,6.3,80.5,100.0,68.7,17.1,12.7,9.1,10.9,8.5,8.1,9.3,16.7,11.5,13.0,9.6,10.4,11.8,10.5,17.5,9.3,13.5,11.7,16.2,15.3,10.7,9.3,13.2,13.5,14.2,19.4,8.3,8.3,8.3,11.2,12.0,4.5,5.3,4.4,6.1,100.0,100.0,100.0,100.0,100.0,100.0,100.0,100.0,0.0,0.0,0.0,0.0,0.0,0.0,0.0,0.0,0.0,0.0,0.0,0.0,0.0,0.0,0.0,0.0,0.0,0.0,0.0,0.0,0.0,0.0,0.9,0.9,0.9,0.9,0.0,0.0,0.0,0.0,0.0,0.0,0.0,0.0,0.0,0.0,0.0,0.0,0.0,0.0,0.0,0.0,0.9,0.0,0.0,0.0,0.0,0.0,0.0,0.0,0.0,0.0,0.0,0.0,0.0,0.0,0.0,0.0,0.0,0.0,0.0,0.0,0.0,0.0,0.0,0.0,0.0,0.0,0.0,0.0,0.0,0.0,0.0,0.0,0.0,0.0,0.0,0.0,0.0,0.0,0.0,0.0,0.0,0.0,0.0,0.9,0.0,0.0,0.0,0.0,0.0,0.0,0.0,0.0,0.0,0.0,0.0,0.0,0.0,0.0,0.0,0.0,0.0,0.0,0.0,0.0,0.0,0.0,0.0,0.0,0.0,0.0,0.0,0.0,0.0,0.0,0.0,0.0,0.0,0.0,0.0,0.0,0.0,0.0,0.0,0.0,0.0,0.0,0.0,0.0,0.0,0.0,0.0,0.0,0.0,0.0,0.0,0.0,0.0,0.0,0.0,0.0,0.0,0.0,0.0,0.0,0.0,0.0,0.0,0.0,0.0,0.0,0.0,0.0,0.0,0.0,0.0,0.0,0.0,0.0,0.0,0.0,0.0,0.0,0.0,0.0,0.0,0.0,0.0,0.0,0.0,0.0,0.0,0.0,0.0,0.0,0.0,0.0,0.0",6.3,65229.49609375,966636.82421875,8689.7861328125,168017.00830078125,34.6201171875
1791409304.3953302,aggregate_n8_vmnos256_r2:confirmation,6.8,"18.6,13.1,11.4,12.4,13.7,14.2,10.6,9.7,10.2,13.0,12.4,13.8,13.7,7.9,11.9,8.9,13.9,6.1,10.3,12.6,12.7,11.6,13.3,10.4,8.5,6.7,7.5,9.1,7.6,5.9,22.5,98.3,57.1,27.4,8.0,8.0,15.3,16.8,12.3,14.4,13.4,13.0,14.0,9.8,11.6,11.0,13.9,14.7,9.6,14.4,14.2,12.4,18.1,13.5,14.8,10.6,13.4,15.9,13.9,10.8,13.2,11.5,11.6,17.3,7.5,7.6,7.7,8.5,100.0,100.0,100.0,99.2,100.0,100.0,99.2,100.0,0.0,0.0,0.0,0.0,0.0,0.0,0.8,0.0,0.9,0.0,0.0,0.0,0.0,0.0,0.0,0.0,0.0,0.0,0.0,0.0,0.0,0.0,0.8,0.8,1.7,0.8,0.0,0.0,0.0,0.0,0.0,0.0,0.0,0.0,0.0,0.0,0.0,0.0,0.0,0.0,0.0,0.0,0.0,0.0,0.0,0.0,0.0,0.0,0.0,0.0,0.0,0.0,0.0,0.0,0.0,0.0,0.0,0.0,0.0,0.0,0.0,0.0,0.0,0.0,0.0,0.0,0.0,0.0,0.0,0.0,0.0,0.0,0.0,0.0,0.0,0.0,0.0,0.0,0.0,0.0,0.0,0.0,0.0,0.0,0.0,0.0,0.0,0.0,0.0,0.0,0.0,0.0,0.0,0.0,0.0,0.0,0.0,0.0,0.0,0.0,0.0,0.0,0.0,0.0,0.0,0.0,0.0,0.0,0.0,0.0,0.0,0.0,0.0,0.0,0.0,0.0,0.0,0.0,0.0,0.0,0.0,0.0,0.0,0.0,0.0,0.0,0.0,0.0,0.0,0.0,0.0,0.0,0.0,0.0,0.0,0.0,0.0,0.0,0.0,0.0,0.0,0.0,0.0,0.0,0.0,0.0,0.0,0.0,0.0,0.0,0.0,0.0,0.0,0.0,0.0,0.0,0.0,0.0,0.0,0.0,0.0,0.0,0.0,0.0,0.0,0.0,0.0,0.0,0.0,0.0,0.0,0.0,0.0,0.0,0.0,0.0,0.0,0.0,0.0",6.2,64271.4140625,967594.90625,8689.7861328125,168017.27392578125,34.6201171875
1791409305.519667,aggregate_n8_vmnos256_r2:confirmation,5.3,"5.8,7.6,5.9,5.9,7.8,6.9,6.8,6.7,5.0,5.9,7.5,6.9,2.6,2.5,4.1,3.3,7.1,4.0,9.1,9.3,1.6,10.0,7.0,5.0,3.9,3.2,0.8,6.4,5.7,1.6,12.0,100.0,69.3,73.4,2.4,2.3,5.6,4.1,4.0,1.6,4.2,3.4,3.3,2.5,4.0,2.4,4.8,4.1,1.7,4.2,1.7,4.1,5.9,5.8,4.2,6.5,3.3,2.4,2.4,3.3,3.3,0.8,4.3,4.1,0.8,0.0,0.0,0.8,100.0,100.0,100.0,100.0,100.0,100.0,100.0,100.0,0.0,0.0,0.0,0.0,0.0,0.8,0.0,0.0,0.8,0.0,0.0,0.0,0.0,0.0,0.0,0.0,0.0,0.0,0.0,0.0,0.0,0.0,0.8,0.0,0.8,0.0,0.0,0.0,0.0,0.0,0.0,0.0,0.0,0.0,0.0,0.0,0.0,0.0,0.0,0.0,0.0,0.0,0.0,0.0,0.0,0.0,0.0,0.0,0.0,0.0,0.0,0.0,0.0,0.0,0.0,0.0,0.0,0.0,0.0,0.0,0.0,0.0,0.0,0.0,0.0,0.0,0.0,0.0,0.0,0.0,0.0,0.0,0.0,0.0,0.0,0.0,0.0,0.0,0.0,0.0,0.0,0.0,0.0,0.0,0.0,0.0,0.0,0.0,0.0,0.0,0.0,0.0,0.0,0.0,0.0,0.0,0.0,0.0,0.0,0.0,0.0,0.0,0.0,0.0,0.0,0.0,0.0,0.0,0.0,0.0,0.0,0.0,0.0,0.0,0.0,0.0,0.0,0.0,0.0,0.0,0.0,0.0,0.0,0.0,0.0,0.0,0.0,0.0,0.0,0.0,0.0,0.0,0.0,0.0,0.0,0.0,0.0,0.0,0.0,0.0,0.0,0.0,0.0,0.0,0.0,0.0,0.0,0.0,0.0,0.0,0.0,0.0,0.0,0.0,0.0,0.0,0.0,0.0,0.0,0.0,0.0,0.0,0.0,0.0,0.0,0.0,0.0,0.0,0.0,0.0,0.0,0.0,0.0,0.0,0.0,0.0,0.0,0.0,0.0",6.3,65237.25390625,966629.06640625,8689.7861328125,168017.40283203125,33.529296875
1791409306.7348933,aggregate_n8_vmnos256_r2:confirmation,7.1,"14.6,15.5,13.0,11.9,12.1,10.9,11.1,17.1,15.0,10.1,12.6,13.0,10.1,15.2,16.0,13.5,10.7,10.7,10.8,22.5,13.6,20.2,13.6,11.2,5.9,8.7,9.5,10.3,12.5,9.5,80.4,99.1,49.5,21.0,11.9,19.2,13.6,19.8,16.7,12.7,8.8,9.9,7.8,9.8,17.8,10.7,10.8,20.2,11.8,13.0,9.9,17.0,11.6,11.1,15.5,9.7,13.4,18.4,14.0,13.9,15.5,16.5,17.0,19.8,11.4,11.9,8.7,7.8,100.0,99.1,100.0,100.0,100.0,100.0,100.0,100.0,0.0,0.0,0.0,0.0,0.0,0.0,0.0,0.0,0.0,0.0,0.0,0.0,0.0,0.0,0.0,0.0,0.0,0.0,0.0,0.0,0.0,0.0,2.8,1.0,2.8,1.9,0.0,0.0,0.0,0.0,0.0,0.0,0.0,0.0,0.0,0.0,0.0,0.0,0.0,0.0,0.0,0.0,0.0,0.0,0.0,0.0,0.0,0.0,0.0,0.0,0.0,0.0,0.0,0.0,0.0,0.0,0.0,0.0,0.0,0.0,0.0,0.0,0.0,0.0,0.0,0.0,0.0,0.0,0.0,0.0,0.0,0.0,0.0,0.0,0.0,0.0,0.0,0.0,0.0,0.0,0.0,0.0,0.0,1.9,0.0,0.0,0.0,0.0,0.0,0.0,0.0,0.0,0.0,0.0,0.0,0.0,0.0,0.0,0.0,0.0,0.0,0.0,0.0,0.0,0.0,0.0,0.0,0.0,0.0,0.0,0.0,0.0,0.0,0.0,0.0,0.0,0.0,0.0,0.0,0.0,0.0,0.0,0.0,0.0,0.0,0.0,0.0,0.0,0.0,0.0,0.0,0.0,0.0,0.0,0.0,0.0,0.0,0.0,0.0,0.0,0.0,0.0,0.0,0.0,0.0,0.0,0.0,0.0,0.0,0.0,0.0,0.0,0.0,0.0,0.0,0.0,0.0,0.0,0.0,0.0,0.0,0.0,0.0,0.0,0.0,0.0,0.0,0.0,0.0,0.0,0.0,0.0,0.0,0.0,0.0,0.0,0.0,0.0,0.0",6.3,64929.09375,966937.2265625,8689.7861328125,168017.40283203125,33.529296875
1791409307.8374693,aggregate_n8_vmnos256_r2:confirmation,5.4,"9.1,6.1,4.1,7.4,5.7,5.2,10.1,6.9,2.3,2.3,7.8,3.3,3.2,0.8,0.8,2.4,3.2,5.4,4.8,21.8,4.7,7.3,3.3,11.5,5.4,3.1,2.3,0.8,0.8,0.0,71.3,99.2,53.1,51.2,4.8,4.1,3.3,6.3,1.6,5.6,7.2,2.5,0.8,2.4,5.0,1.6,4.8,6.6,9.6,10.3,8.3,4.4,8.1,4.1,11.1,5.0,4.9,4.9,3.3,7.3,5.8,5.6,3.3,5.0,0.0,0.0,0.0,0.8,100.0,100.0,100.0,100.0,100.0,100.0,100.0,100.0,0.0,0.0,0.0,0.0,0.0,1.6,0.0,0.0,2.4,0.0,0.0,0.0,0.0,0.0,0.0,0.0,0.0,0.0,0.0,0.0,0.0,0.0,5.4,0.0,6.1,0.0,0.0,0.0,0.0,0.0,0.0,0.0,0.0,0.0,0.0,0.0,0.0,0.0,0.0,0.0,0.0,0.0,0.0,0.0,0.0,0.0,0.0,0.0,0.0,0.0,0.0,0.0,0.0,0.0,0.0,0.0,0.0,0.0,0.0,0.0,0.0,0.0,0.0,0.0,0.0,0.0,0.0,0.0,0.0,0.0,0.0,0.0,0.0,0.0,0.0,0.0,0.0,0.0,0.0,0.0,0.0,0.0,0.0,2.3,0.0,0.0,0.0,0.0,0.0,0.0,0.0,0.0,0.0,0.0,0.0,0.0,0.0,0.0,0.0,0.0,0.0,0.0,0.0,0.0,0.0,0.0,0.0,0.0,0.0,0.0,0.0,0.0,0.0,0.0,0.0,0.0,0.0,0.0,0.0,0.0,0.0,0.0,0.0,0.0,0.0,0.0,0.0,0.0,0.0,0.0,0.0,0.0,0.0,0.0,0.0,0.0,0.0,0.0,0.0,0.0,0.0,0.0,0.0,0.0,0.0,0.0,0.0,0.0,0.0,0.0,0.0,0.0,0.0,0.0,0.0,0.0,0.0,0.0,0.0,0.0,0.0,0.0,0.0,0.0,0.0,0.0,0.0,0.0,0.0,0.0,0.0,0.0,0.0,0.0,0.0,0.0,0.0,0.0,0.0",6.2,64372.53125,967493.7890625,8689.7861328125,168023.23095703125,33.529296875
1791409309.0771992,aggregate_n8_vmnos256_r2:confirmation,6.9,"15.9,11.7,10.3,10.4,12.1,11.2,9.3,16.0,12.1,10.9,16.8,8.3,8.6,15.2,16.0,15.8,8.3,14.0,16.8,13.7,12.8,19.8,14.1,19.4,6.9,4.0,4.0,5.0,6.7,3.0,25.5,100.0,35.6,62.5,9.7,9.0,8.9,7.0,9.7,6.9,14.1,11.1,19.8,12.9,15.5,13.9,13.5,10.3,11.7,13.3,17.0,23.9,18.3,18.6,14.9,14.4,9.1,11.2,14.1,8.1,10.1,10.3,12.1,14.7,10.7,5.9,4.9,6.9,100.0,100.0,100.0,100.0,99.0,99.0,100.0,100.0,0.0,0.0,0.0,0.0,0.0,3.0,0.0,0.0,8.2,0.0,0.0,0.0,0.0,0.0,0.0,0.0,0.0,0.0,0.0,0.0,0.0,0.0,1.0,1.0,1.0,1.0,0.0,0.0,0.0,0.0,0.0,0.0,0.0,0.0,0.0,0.0,0.0,0.0,0.0,0.0,0.0,0.0,0.0,0.0,0.0,0.0,0.0,0.0,0.0,0.0,0.0,0.0,0.0,0.0,0.0,0.0,0.0,0.0,0.0,0.0,0.0,0.0,0.0,0.0,0.0,0.0,0.0,0.0,0.0,0.0,0.0,0.0,0.0,0.0,0.0,0.0,0.0,0.0,0.0,0.0,0.0,0.0,0.0,0.0,0.0,0.0,0.0,0.0,0.0,0.0,0.0,0.0,0.0,0.0,0.0,0.0,0.0,0.0,0.0,0.0,0.0,0.0,0.0,0.0,0.0,0.0,0.0,0.0,0.0,0.0,0.0,0.0,0.0,0.0,0.0,0.0,0.0,0.0,0.0,0.0,0.0,0.0,0.0,0.0,0.0,0.0,0.0,0.0,0.0,0.0,0.0,0.0,0.0,0.0,0.0,0.0,0.0,0.0,0.0,0.0,0.0,0.0,0.0,0.0,0.0,0.0,0.0,0.0,0.0,0.0,0.0,0.0,0.0,0.0,0.0,0.0,0.0,0.0,0.0,0.0,0.0,0.0,0.0,0.0,0.0,0.0,0.0,0.0,0.0,0.0,0.0,0.0,0.0,0.0,0.0,0.0,0.0,0.0,0.0",6.2,64329.61328125,967536.70703125,8689.7861328125,168023.23095703125,33.529296875
1791409310.08302,aggregate_n8_vmnos256_r2:confirmation,5.1,"7.2,7.2,3.1,4.1,7.1,13.4,4.2,5.3,6.5,6.4,5.1,3.0,7.1,3.0,5.1,4.4,4.3,3.1,2.0,5.1,6.2,5.0,2.0,9.7,4.0,3.0,4.0,3.1,3.1,2.0,0.0,98.0,14.4,36.7,6.5,7.4,10.0,8.7,12.1,8.7,6.4,6.4,4.2,4.2,3.1,2.0,3.0,7.2,3.0,6.4,7.1,8.3,5.4,7.2,6.3,4.0,10.8,10.9,4.1,6.2,14.7,7.7,9.6,9.9,3.0,5.9,3.0,4.9,100.0,100.0,100.0,100.0,100.0,100.0,100.0,100.0,0.0,0.0,0.0,0.0,0.0,0.0,0.0,0.0,0.0,0.0,0.0,0.0,0.0,0.0,0.0,0.0,0.0,0.0,0.0,0.0,0.0,0.0,0.0,0.0,0.0,0.0,0.0,0.0,0.0,0.0,0.0,0.0,0.0,0.0,0.0,0.0,0.0,0.0,0.0,0.0,0.0,0.0,0.0,0.0,0.0,0.0,0.0,0.0,0.0,0.0,0.0,0.0,0.0,0.0,0.0,0.0,0.0,0.0,0.0,0.0,0.0,0.0,0.0,0.0,0.0,0.0,0.0,0.0,0.0,0.0,0.0,0.0,0.0,0.0,0.0,0.0,0.0,0.0,0.0,0.0,0.0,0.0,0.0,0.0,0.0,0.0,0.0,0.0,0.0,0.0,0.0,0.0,0.0,0.0,0.0,0.0,0.0,0.0,0.0,0.0,0.0,0.0,0.0,0.0,0.0,0.0,0.0,0.0,0.0,1.0,0.0,0.0,0.0,0.0,0.0,0.0,0.0,0.0,0.0,0.0,0.0,0.0,0.0,0.0,0.0,0.0,0.0,0.0,0.0,0.0,0.0,0.0,0.0,0.0,0.0,0.0,0.0,0.0,0.0,0.0,0.0,0.0,0.0,0.0,0.0,0.0,0.0,0.0,0.0,0.0,0.0,0.0,0.0,0.0,0.0,0.0,0.0,0.0,0.0,0.0,0.0,0.0,0.0,0.0,0.0,0.0,0.0,0.0,0.0,0.0,0.0,0.0,0.0,0.0,0.0,0.0,0.0,0.0,0.0",6.2,64228.41796875,967637.90234375,8689.7861328125,168023.50830078125,33.529296875
1791409311.1068494,aggregate_n8_vmnos256_r2:confirmation,6.6,"8.0,8.1,5.1,8.9,16.5,15.8,10.8,10.3,9.3,15.5,19.4,8.3,6.5,7.4,15.6,6.1,8.2,8.6,12.2,13.7,8.7,17.9,17.3,9.5,7.0,9.0,8.1,4.0,12.0,12.1,9.9,91.2,49.0,40.2,7.3,7.2,7.3,11.0,7.1,7.1,6.2,22.9,9.3,16.1,13.4,10.3,12.1,5.1,8.4,16.8,7.4,11.7,8.6,8.2,13.7,9.7,11.6,8.2,10.1,9.2,7.2,12.2,11.5,21.9,9.0,2.0,14.0,4.0,98.1,100.0,100.0,100.0,100.0,100.0,100.0,99.0,0.0,0.0,0.0,0.0,0.0,0.0,0.0,0.0,0.0,0.0,0.0,0.0,0.0,0.0,0.0,0.0,0.0,0.0,0.0,0.0,0.0,0.0,4.9,1.0,4.9,1.0,0.0,0.0,0.0,0.0,0.0,0.0,0.0,0.0,0.0,0.0,0.0,0.0,0.0,0.0,0.0,0.0,1.0,0.0,0.0,0.0,0.0,0.0,0.0,0.0,0.0,0.0,0.0,0.0,0.0,0.0,0.0,0.0,0.0,0.0,0.0,0.0,0.0,0.0,0.0,0.0,0.0,0.0,0.0,0.0,0.0,0.0,0.0,0.0,0.0,0.0,0.0,0.0,0.0,0.0,0.0,0.0,0.0,1.0,0.0,0.0,0.0,0.0,0.0,0.0,0.0,0.0,0.0,0.0,0.0,0.0,0.0,0.0,0.0,0.0,0.0,0.0,0.0,0.0,0.0,0.0,0.0,0.0,0.0,0.0,0.0,0.0,0.0,0.0,0.0,0.0,0.0,0.0,0.0,0.0,0.0,0.0,0.0,0.0,0.0,0.0,0.0,0.0,0.0,0.0,0.0,0.0,0.0,0.0,0.0,0.0,0.0,0.0,0.0,0.0,0.0,0.0,0.0,0.0,0.0,0.0,0.0,0.0,0.0,0.0,0.0,0.0,0.0,0.0,0.0,0.0,0.0,0.0,0.0,0.0,0.0,0.0,0.0,0.0,0.0,0.0,0.0,0.0,0.0,0.0,0.0,0.0,0.0,0.0,0.0,0.0,0.0,0.0,0.0",6.2,64272.75390625,967593.56640625,8689.7861328125,168023.50830078125,34.6083984375
1791409312.1318188,aggregate_n8_vmnos256_r2:confirmation,6.1,"17.0,2.9,7.2,15.9,19.4,6.5,5.5,4.8,8.2,7.8,2.9,4.7,8.3,7.7,7.8,21.5,4.7,8.7,8.3,7.5,6.6,5.6,9.3,13.6,5.6,12.1,8.2,3.6,1.9,13.1,99.1,0.0,72.7,49.1,10.9,4.7,5.6,5.6,4.7,6.4,7.5,3.7,6.3,4.7,9.8,7.5,6.7,6.5,8.4,13.9,16.8,7.8,22.8,6.8,9.3,12.1,15.7,5.5,6.5,4.6,5.6,16.7,6.4,7.4,11.8,3.6,11.0,3.7,100.0,100.0,99.1,100.0,100.0,100.0,100.0,100.0,0.0,0.0,0.0,0.0,0.0,0.9,0.0,0.0,0.0,0.0,0.0,0.0,0.0,0.0,0.0,0.0,0.0,0.0,0.0,0.0,0.0,0.0,0.9,0.0,0.0,0.0,0.0,0.0,0.0,0.0,0.0,0.0,0.0,0.0,0.0,0.0,0.0,0.0,0.0,0.0,0.0,0.0,0.0,0.0,0.0,0.0,0.0,0.0,0.0,0.0,0.0,0.0,0.0,0.0,0.0,0.0,0.0,0.0,0.0,0.0,0.0,0.0,0.0,0.0,0.0,0.0,0.0,0.0,0.0,0.0,0.0,0.0,0.0,0.0,0.0,0.0,0.0,0.0,0.0,0.0,0.0,0.0,0.0,0.0,0.0,0.0,0.0,0.0,0.0,0.0,0.0,0.0,0.0,0.0,0.0,0.0,0.0,0.0,0.0,0.0,0.0,0.0,0.0,0.0,0.0,0.0,0.0,0.0,0.0,0.0,0.0,0.0,0.0,0.0,0.0,0.0,0.0,0.0,0.0,0.0,0.0,0.0,0.0,0.0,0.0,0.0,0.0,0.0,0.0,0.0,0.0,0.0,0.0,0.0,0.0,0.0,0.0,0.0,0.0,0.0,0.0,0.0,0.0,0.0,0.0,0.0,0.0,0.0,0.0,0.0,0.0,0.0,0.0,0.0,0.0,0.0,0.0,0.0,0.0,0.0,0.0,0.0,0.0,0.0,0.0,0.0,0.0,0.0,0.0,0.0,0.0,0.0,0.0,0.0,0.0,0.0,0.0,0.0,0.0",6.3,64568.33984375,967297.98046875,8689.7861328125,168027.73486328125,34.6083984375
1791409313.3971624,aggregate_n8_vmnos256_r2:confirmation,5.7,"6.6,5.0,7.1,4.9,7.0,3.6,2.1,3.5,8.7,4.3,6.5,6.5,4.4,5.8,7.3,6.5,2.1,1.4,2.8,5.6,4.3,11.2,5.8,3.7,5.0,7.2,4.9,4.3,6.4,13.2,24.1,47.5,50.3,45.4,8.0,5.8,6.5,4.4,7.9,5.1,2.8,2.8,2.1,2.1,6.4,9.2,5.0,5.6,12.1,5.1,12.5,7.5,10.3,8.0,4.4,6.6,5.7,5.1,12.4,7.1,5.8,6.5,3.0,6.6,1.4,2.8,3.5,13.2,100.0,100.0,100.0,100.0,100.0,100.0,100.0,100.0,0.0,0.0,0.0,0.0,0.0,1.5,0.0,0.0,1.5,0.0,0.0,0.0,0.0,0.0,0.0,0.0,0.0,0.0,0.0,0.0,0.0,0.0,0.7,0.7,0.7,59.0,0.0,0.0,0.0,0.0,0.0,0.0,0.0,0.0,0.0,0.0,0.0,0.0,0.0,0.0,0.0,0.0,0.0,0.0,0.0,0.0,0.0,0.0,0.0,0.0,0.0,0.0,0.0,0.0,0.0,0.0,0.0,0.0,0.0,0.0,0.0,0.0,0.0,0.0,0.0,0.0,0.0,0.0,0.0,0.0,0.0,0.0,0.0,0.0,0.0,0.0,0.0,0.0,0.0,0.0,0.0,0.0,0.0,0.7,0.0,0.0,0.0,0.0,0.0,0.0,0.0,0.0,0.0,0.0,0.0,0.0,0.0,0.0,0.0,0.0,0.0,0.0,0.0,0.0,0.0,0.0,0.0,0.0,0.0,0.0,0.0,0.0,0.0,0.0,0.0,0.0,0.0,0.0,0.0,0.0,0.0,0.0,0.0,0.0,0.0,0.0,0.0,0.0,0.0,0.0,0.0,0.0,0.0,0.0,0.0,0.0,0.0,0.0,0.0,0.0,0.0,0.0,0.0,0.0,0.0,0.0,0.0,0.0,0.0,0.0,0.0,0.0,0.0,0.0,0.0,0.0,0.0,0.0,0.0,0.0,0.0,0.0,0.0,0.0,0.0,0.0,0.0,0.0,0.0,0.0,0.0,0.0,0.0,0.0,0.0,0.0,0.0,0.0,0.0",6.3,64592.54296875,967273.77734375,8689.7861328125,168027.73876953125,34.6083984375
1791409314.7333791,aggregate_n8_vmnos256_r2:confirmation,6.4,"9.7,8.5,12.6,10.7,13.3,6.7,7.4,16.4,9.1,7.6,6.7,10.9,10.9,10.7,7.5,11.7,8.4,8.2,10.0,11.6,8.3,12.5,10.3,19.3,5.6,4.0,6.4,7.4,8.0,4.8,3.1,99.2,80.5,34.4,7.4,6.6,4.9,6.6,7.4,6.5,14.0,9.8,5.7,11.8,14.9,16.4,11.9,9.3,10.7,4.4,4.9,10.2,9.9,10.7,24.6,10.0,8.1,8.3,9.7,10.4,9.2,11.5,12.7,11.3,5.4,4.8,4.7,10.3,100.0,100.0,100.0,100.0,99.2,100.0,100.0,100.0,0.0,0.0,0.0,0.0,0.0,0.8,0.0,0.0,0.0,0.0,0.0,0.0,0.0,0.0,0.0,0.0,0.0,0.0,0.0,0.0,0.0,0.0,3.1,0.8,1.6,0.8,0.0,0.0,0.0,0.0,0.0,0.0,0.0,0.0,0.0,0.0,0.0,0.0,0.0,0.0,0.0,0.0,0.0,0.0,0.0,0.0,0.0,0.0,0.0,0.0,0.0,0.0,0.0,0.0,0.0,0.0,0.0,0.0,0.0,0.0,0.0,0.0,0.0,0.0,0.0,0.0,0.0,0.0,0.0,0.0,0.0,0.0,0.0,0.0,0.0,0.0,0.0,0.0,0.0,0.0,0.0,0.0,0.0,0.0,0.0,0.0,0.0,0.0,0.0,0.0,0.0,0.0,0.0,0.0,0.0,0.0,0.0,0.0,0.0,0.0,0.0,0.0,0.0,0.0,0.0,0.0,0.0,0.0,0.0,0.0,0.0,0.0,0.0,0.0,0.0,0.0,0.0,0.0,0.0,0.0,0.0,0.0,0.0,0.0,0.0,0.0,0.0,0.0,0.0,0.0,0.0,0.0,0.0,0.0,0.0,0.0,0.0,0.0,0.0,0.0,0.0,0.0,0.0,0.0,0.0,0.0,0.0,0.0,0.0,0.0,0.0,0.0,0.0,0.0,0.0,0.0,0.0,0.0,0.0,0.0,0.0,0.0,0.0,0.0,0.0,0.0,0.0,0.0,0.0,0.0,0.0,0.0,0.0,0.0,0.0,0.0,0.0,0.0,0.0",6.2,64356.12109375,967510.19921875,8689.7861328125,168028.18408203125,34.6083984375
1791409316.0009444,aggregate_n8_vmnos256_r2:confirmation,4.8,"6.3,3.6,2.6,3.5,7.0,0.0,0.9,2.6,3.5,3.6,3.5,0.9,1.7,1.7,2.6,2.6,2.6,4.3,0.9,0.0,8.7,8.7,7.0,0.9,3.5,3.5,0.9,1.8,4.4,6.1,60.3,47.0,41.2,78.6,3.5,2.7,3.5,3.4,3.5,1.8,2.6,2.7,1.8,6.1,3.5,0.9,3.4,0.9,7.2,4.6,3.5,1.9,3.7,2.6,2.7,3.5,2.7,3.6,7.0,4.3,0.9,1.8,0.9,1.8,0.0,1.7,0.8,0.0,100.0,100.0,100.0,100.0,100.0,100.0,100.0,100.0,0.0,0.0,0.0,0.0,0.0,0.0,0.0,0.0,1.8,0.0,0.0,0.0,0.0,0.0,0.0,0.0,0.0,0.0,0.0,0.0,0.0,0.0,0.9,0.0,1.7,0.0,0.0,0.0,0.0,0.0,0.0,0.0,0.0,0.0,0.0,0.0,0.0,0.0,0.0,0.0,0.0,0.0,0.0,0.0,0.0,0.0,0.0,0.0,0.0,0.0,0.0,0.0,0.0,0.0,0.0,0.0,0.0,0.0,0.0,0.0,0.0,0.0,0.0,0.0,0.0,0.0,0.0,0.0,0.0,0.0,0.0,0.0,0.0,0.0,0.0,0.0,0.0,0.0,0.0,0.0,0.0,0.0,0.0,0.9,0.0,0.0,0.0,0.0,0.0,0.0,0.0,0.0,0.0,0.0,0.0,0.0,0.0,0.0,0.0,0.0,0.0,0.0,0.0,0.0,0.0,0.0,0.0,0.0,0.0,0.0,0.0,0.0,0.0,0.0,0.0,0.0,0.0,0.0,0.0,0.0,0.0,0.0,0.0,0.0,0.0,0.0,0.0,0.0,0.0,0.0,0.0,0.0,0.0,0.0,0.0,0.0,0.0,0.0,0.0,0.0,0.0,0.0,0.0,0.0,0.0,0.0,0.0,0.0,0.0,0.0,0.0,0.0,0.0,0.0,0.0,0.0,0.0,0.0,0.0,0.0,0.0,0.0,0.0,0.0,0.0,0.0,0.0,0.0,0.0,0.0,0.0,0.0,0.0,0.0,0.0,0.0,0.0,0.0,0.0",6.2,64417.765625,967448.5546875,8689.7861328125,168028.18408203125,33.1181640625
1791409317.1936007,aggregate_n8_vmnos256_r2:confirmation,7.1,"13.5,12.1,18.3,16.5,15.2,13.5,11.4,13.2,8.1,11.2,11.4,13.3,8.3,9.4,13.6,10.2,13.3,17.9,11.1,11.2,14.0,8.7,19.2,13.5,14.7,11.1,10.2,8.3,13.8,7.3,27.0,87.4,77.1,79.1,13.0,10.0,7.5,8.4,7.5,11.8,9.7,12.0,14.7,13.6,15.4,20.0,16.5,10.7,14.4,12.6,11.4,11.8,12.6,16.3,9.2,9.5,10.2,18.5,12.1,10.3,8.5,9.3,12.4,15.6,3.7,5.5,5.5,5.4,100.0,99.1,100.0,100.0,100.0,100.0,100.0,100.0,0.0,0.0,0.0,0.0,0.0,1.8,0.0,0.0,1.9,0.0,0.0,0.0,0.0,0.0,0.0,0.0,0.0,0.0,0.0,0.0,0.0,0.0,3.6,0.9,1.8,0.9,0.0,0.0,0.0,0.0,0.0,0.0,0.0,0.0,0.0,0.0,0.0,1.8,0.0,0.0,0.0,0.0,0.0,0.0,0.0,0.0,0.0,0.0,0.0,0.0,0.0,0.0,0.0,0.0,0.0,0.0,0.0,0.0,0.0,0.0,0.0,0.0,0.0,0.0,0.0,0.0,0.0,0.0,0.0,0.0,0.0,0.0,0.0,0.0,0.0,0.0,0.0,0.0,0.0,0.0,0.0,0.0,0.0,0.0,0.9,0.0,0.0,0.0,0.0,0.0,0.0,0.0,0.0,0.0,0.0,0.0,0.0,0.0,0.0,0.0,0.0,0.0,0.0,0.0,0.0,0.0,0.0,0.0,0.0,0.0,0.0,0.0,0.0,0.0,0.0,0.0,0.0,0.0,0.0,0.0,0.0,0.0,0.0,0.0,0.0,0.0,0.0,0.0,0.0,0.0,0.0,0.0,0.0,0.0,0.0,0.0,0.0,0.0,0.0,0.0,0.0,0.0,0.0,0.0,0.0,0.0,0.0,0.0,0.0,0.0,0.0,0.0,0.0,0.0,0.0,0.0,0.0,0.0,0.0,0.0,0.0,0.0,0.0,0.0,0.0,0.0,0.0,0.0,0.0,0.0,0.0,0.0,0.0,0.0,0.0,0.0,0.0,0.0,0.0",6.2,64327.46875,967538.8515625,8689.7861328125,168028.18408203125,33.1181640625
1791409318.2393603,aggregate_n8_vmnos256_r2:confirmation,6.0,"6.0,6.1,13.4,4.0,19.0,12.2,7.3,6.9,5.2,8.2,6.0,6.9,7.1,12.2,7.2,11.3,10.9,12.6,8.0,6.9,8.9,5.1,7.1,14.0,12.7,4.9,9.9,12.6,5.9,11.7,40.0,30.3,54.0,62.7,6.0,8.2,5.9,6.9,7.9,7.9,4.0,5.0,10.0,5.0,5.9,5.0,5.0,8.2,10.5,8.5,7.1,6.4,9.5,6.5,15.3,10.6,9.1,3.1,7.1,10.0,7.1,13.1,9.4,13.4,5.9,3.0,6.9,6.9,100.0,100.0,99.0,100.0,100.0,100.0,100.0,100.0,0.0,0.0,0.0,0.0,0.0,0.0,0.0,0.0,2.2,0.0,0.0,0.0,0.0,0.0,0.0,0.0,0.0,0.0,0.0,0.0,0.0,0.0,4.0,5.0,4.9,5.9,0.0,0.0,0.0,0.0,0.0,0.0,0.0,0.0,0.0,0.0,0.0,0.0,0.0,0.0,0.0,0.0,0.0,0.0,0.0,0.0,0.0,0.0,0.0,0.0,0.0,0.0,0.0,0.0,0.0,0.0,0.0,0.0,0.0,0.0,0.0,0.0,0.0,0.0,0.0,0.0,0.0,0.0,0.0,0.0,0.0,0.0,0.0,0.0,0.0,0.0,0.0,0.0,0.0,0.0,0.0,0.0,0.0,2.0,0.0,0.0,0.0,0.0,0.0,0.0,0.0,0.0,0.0,0.0,0.0,0.0,0.0,0.0,0.0,0.0,0.0,0.0,0.0,0.0,0.0,0.0,0.0,0.0,0.0,0.0,0.0,0.0,0.0,0.0,0.0,0.0,0.0,0.0,0.0,0.0,0.0,0.0,0.0,0.0,0.0,0.0,0.0,0.0,0.0,0.0,0.0,0.0,0.0,0.0,0.0,0.0,0.0,0.0,0.0,0.0,0.0,0.0,0.0,0.0,0.0,0.0,0.0,0.0,0.0,0.0,0.0,0.0,0.0,0.0,0.0,0.0,0.0,0.0,0.0,0.0,0.0,0.0,0.0,0.0,0.0,0.0,0.0,0.0,0.0,0.0,0.0,0.0,0.0,0.0,0.0,0.0,0.0,0.0,0.0",6.2,64264.6328125,967601.6875,8689.7861328125,168033.86767578125,33.1181640625
1791409319.244019,aggregate_n8_vmnos256_r2:confirmation,7.6,"16.5,10.4,9.3,11.6,14.3,21.4,20.8,8.4,14.6,20.4,15.5,16.7,15.5,15.5,17.5,18.2,37.4,16.3,5.1,20.8,19.4,6.2,6.1,13.5,10.2,7.0,11.2,11.2,14.0,12.5,99.0,43.0,49.5,11.9,13.3,25.0,10.0,13.3,19.6,4.3,16.3,22.4,12.5,15.5,8.1,15.5,19.4,15.5,15.1,16.8,13.8,18.6,17.0,21.6,20.4,15.2,17.2,12.5,13.5,13.5,14.3,13.4,19.6,18.1,7.1,2.0,3.0,4.1,100.0,100.0,100.0,99.0,100.0,100.0,100.0,100.0,0.0,0.0,0.0,0.0,0.0,0.0,0.0,0.0,0.0,0.0,0.0,0.0,0.0,0.0,0.0,0.0,0.0,0.0,0.0,0.0,0.0,0.0,2.0,3.0,2.0,2.0,0.0,0.0,0.0,0.0,0.0,0.0,0.0,0.0,0.0,0.0,0.0,0.0,0.0,0.0,0.0,0.0,0.0,0.0,0.0,0.0,0.0,0.0,0.0,0.0,0.0,0.0,0.0,0.0,0.0,0.0,0.0,0.0,0.0,0.0,0.0,0.0,0.0,0.0,0.0,0.0,0.0,0.0,0.0,0.0,0.0,0.0,0.0,0.0,0.0,0.0,0.0,0.0,0.0,0.0,0.0,0.0,0.0,0.0,0.0,0.0,0.0,0.0,0.0,0.0,0.0,0.0,0.0,0.0,0.0,0.0,0.0,0.0,0.0,0.0,0.0,0.0,0.0,0.0,0.0,0.0,0.0,0.0,0.0,0.0,0.0,0.0,0.0,0.0,0.0,0.0,0.0,0.0,0.0,0.0,0.0,0.0,0.0,0.0,0.0,0.0,0.0,0.0,0.0,0.0,0.0,0.0,0.0,0.0,0.0,0.0,0.0,0.0,0.0,0.0,0.0,0.0,0.0,0.0,0.0,0.0,0.0,0.0,0.0,0.0,0.0,0.0,0.0,0.0,0.0,0.0,0.0,0.0,0.0,0.0,0.0,0.0,0.0,0.0,0.0,0.0,0.0,0.0,0.0,0.0,0.0,0.0,0.0,0.0,0.0,0.0,0.0,0.0,0.0",6.2,64479.8046875,967386.515625,8689.7861328125,168033.87158203125,33.1181640625
1791409320.3084261,aggregate_n8_vmnos256_r2:confirmation,5.6,"7.9,5.7,9.4,7.6,11.5,3.8,5.7,7.5,6.7,7.5,2.9,2.8,5.5,5.8,12.4,15.0,5.7,10.3,4.9,10.4,6.7,6.6,3.7,4.0,0.9,2.8,2.8,4.6,1.9,3.7,100.0,41.5,42.5,36.4,4.9,4.8,3.8,6.5,6.4,3.9,6.5,1.9,8.3,3.8,5.9,7.7,4.6,3.8,6.5,6.7,5.7,6.9,6.8,4.7,2.9,5.5,8.5,6.6,5.7,6.7,4.7,10.6,3.8,6.7,4.7,18.7,5.6,8.3,100.0,99.1,100.0,100.0,100.0,100.0,100.0,100.0,0.0,0.0,0.0,0.0,0.0,0.0,0.0,0.0,1.9,0.0,0.0,0.0,0.0,0.0,0.0,0.0,0.0,0.0,0.0,0.0,0.0,0.0,4.6,4.6,5.5,5.6,0.0,0.0,0.0,0.0,0.0,0.0,0.0,0.0,0.0,0.0,0.0,0.0,0.0,0.0,0.0,0.0,0.0,0.0,0.0,0.0,0.0,0.0,0.0,0.0,0.0,0.0,0.0,0.0,0.0,0.0,0.0,0.0,0.0,0.0,0.0,0.0,0.0,0.0,0.0,0.0,0.0,0.0,0.0,0.0,0.0,0.0,0.0,0.0,0.0,0.0,0.0,0.0,0.0,0.0,0.0,0.0,0.0,0.9,0.0,0.0,0.0,0.0,0.0,0.0,0.0,0.0,0.0,0.0,0.0,0.0,0.0,0.0,0.0,0.0,0.0,0.0,0.0,0.0,0.0,0.0,0.0,0.0,0.0,0.9,0.0,0.0,0.0,0.0,0.0,0.0,0.0,0.0,0.0,0.0,0.0,0.0,0.0,0.0,0.0,0.0,0.0,0.0,0.0,0.0,0.0,0.0,0.0,0.0,0.0,0.0,0.0,0.0,0.0,0.0,0.0,0.0,0.0,0.0,0.0,0.0,0.0,0.0,0.0,0.0,0.0,0.0,0.0,0.0,0.0,0.0,0.0,0.0,0.0,0.0,0.0,0.0,0.0,0.0,0.0,0.0,0.0,0.0,0.0,0.0,0.0,0.0,0.0,0.0,0.0,0.0,0.0,0.0,0.0",6.2,64322.38671875,967543.93359375,8689.7861328125,168034.13720703125,34.39013671875
1791409321.353487,aggregate_n8_vmnos256_r2:confirmation,5.7,"8.1,6.6,10.0,23.0,6.1,5.9,3.0,5.1,6.3,37.4,5.2,6.9,5.0,6.0,7.1,3.0,2.0,3.1,16.8,5.9,4.2,7.9,7.2,6.1,6.9,4.0,3.9,7.8,7.0,3.1,99.0,30.0,0.0,40.2,27.0,11.1,11.3,12.2,6.2,6.2,4.0,9.0,4.0,3.1,4.0,4.0,4.1,8.0,7.1,14.6,7.2,8.2,6.5,5.1,7.1,5.1,10.3,11.8,12.1,6.0,8.0,4.0,5.0,7.1,5.0,7.0,4.0,5.0,100.0,100.0,100.0,100.0,100.0,100.0,100.0,100.0,0.0,0.0,0.0,0.0,0.0,0.0,0.0,0.0,2.0,0.0,0.0,0.0,0.0,0.0,0.0,0.0,0.0,0.0,0.0,0.0,0.0,0.0,1.0,0.0,0.0,0.0,0.0,0.0,0.0,0.0,0.0,0.0,0.0,0.0,0.0,0.0,0.0,0.0,0.0,0.0,0.0,0.0,0.0,0.0,0.0,0.0,0.0,0.0,0.0,0.0,0.0,0.0,0.0,0.0,0.0,0.0,0.0,0.0,0.0,0.0,0.0,0.0,0.0,0.0,0.0,0.0,0.0,0.0,0.0,0.0,0.0,0.0,0.0,0.0,0.0,0.0,0.0,0.0,0.0,0.0,0.0,0.0,0.0,0.0,0.0,0.0,0.0,0.0,0.0,0.0,0.0,0.0,0.0,0.0,0.0,0.0,0.0,0.0,0.0,0.0,0.0,0.0,0.0,0.0,0.0,0.0,0.0,0.0,0.0,0.0,0.0,0.0,0.0,0.0,0.0,0.0,0.0,0.0,0.0,0.0,0.0,0.0,0.0,0.0,0.0,0.0,0.0,0.0,0.0,0.0,0.0,0.0,0.0,0.0,0.0,0.0,0.0,0.0,0.0,0.0,0.0,0.0,0.0,0.0,0.0,0.0,0.0,0.0,0.0,0.0,0.0,0.0,0.0,0.0,0.0,0.0,0.0,0.0,0.0,0.0,0.0,0.0,0.0,0.0,0.0,0.0,0.0,0.0,0.0,0.0,0.0,0.0,0.0,0.0,0.0,0.0,0.0,0.0,0.0",6.3,64948.9140625,966917.40625,8689.7861328125,168034.13720703125,34.39013671875
1791409322.35878,aggregate_n8_vmnos256_r2:confirmation,5.4,"10.6,10.6,3.1,4.1,9.1,10.0,5.2,7.1,9.1,5.2,6.2,5.1,7.1,6.9,6.0,8.1,5.1,5.1,4.1,5.1,5.1,3.1,4.2,3.1,1.0,3.0,4.0,3.0,2.0,9.0,69.0,36.4,76.8,53.5,2.0,3.0,5.1,7.1,2.0,4.0,3.2,12.0,3.1,2.1,2.0,4.0,4.2,4.1,3.1,8.5,7.9,7.5,7.8,4.0,5.1,4.0,3.1,7.2,5.0,3.1,2.1,6.9,6.3,4.0,3.0,2.0,4.0,2.1,100.0,100.0,100.0,100.0,99.0,100.0,99.0,100.0,0.0,0.0,0.0,0.0,0.0,1.0,0.0,0.0,4.0,0.0,0.0,0.0,0.0,0.0,0.0,0.0,0.0,0.0,0.0,0.0,0.0,0.0,5.9,5.0,4.0,4.0,0.0,0.0,0.0,0.0,0.0,0.0,0.0,0.0,0.0,0.0,0.0,1.0,0.0,0.0,0.0,0.0,0.0,0.0,0.0,0.0,0.0,0.0,0.0,0.0,0.0,0.0,0.0,1.0,0.0,0.0,0.0,0.0,0.0,0.0,0.0,0.0,0.0,0.0,0.0,0.0,0.0,0.0,0.0,0.0,0.0,0.0,0.0,0.0,0.0,0.0,0.0,0.0,0.0,0.0,0.0,0.0,0.0,0.0,0.0,0.0,0.0,0.0,0.0,0.0,0.0,0.0,0.0,0.0,0.0,0.0,0.0,0.0,0.0,0.0,0.0,0.0,0.0,0.0,0.0,1.0,0.0,0.0,0.0,0.0,0.0,0.0,0.0,0.0,0.0,0.0,0.0,0.0,0.0,0.0,0.0,0.0,0.0,0.0,0.0,0.0,0.0,0.0,0.0,0.0,0.0,0.0,0.0,0.0,0.0,0.0,0.0,0.0,0.0,0.0,0.0,0.0,0.0,0.0,0.0,0.0,0.0,0.0,0.0,0.0,0.0,0.0,0.0,0.0,0.0,0.0,0.0,0.0,0.0,0.0,0.0,0.0,0.0,0.0,0.0,0.0,0.0,0.0,0.0,0.0,0.0,0.0,0.0,0.0,0.0,0.0,0.0,0.0,0.0",6.2,64180.9296875,967685.390625,8689.7861328125,168034.13720703125,34.39013671875
1791409323.3656266,idle,5.3,"12.0,5.2,2.1,4.0,1.0,9.2,3.0,3.1,6.0,5.1,11.2,7.9,4.1,9.3,3.2,3.0,2.0,1.0,3.0,4.0,3.0,2.0,5.2,10.2,2.0,0.0,0.0,1.0,3.9,0.0,100.0,100.0,24.5,37.0,2.1,7.1,11.5,13.7,11.3,8.3,4.0,6.2,1.0,3.0,2.0,1.0,1.0,1.0,6.1,5.3,6.2,7.4,4.1,3.1,3.0,1.0,5.2,11.1,3.1,5.0,9.2,3.0,2.0,3.0,2.0,0.0,1.0,0.0,99.0,100.0,100.0,100.0,100.0,100.0,100.0,100.0,0.0,0.0,0.0,0.0,0.0,0.0,0.0,0.0,0.0,0.0,0.0,0.0,0.0,0.0,0.0,0.0,0.0,0.0,0.0,0.0,0.0,0.0,0.0,0.0,0.0,0.0,0.0,0.0,0.0,0.0,0.0,0.0,0.0,0.0,0.0,0.0,0.0,0.0,0.0,0.0,0.0,0.0,0.0,0.0,0.0,0.0,0.0,0.0,0.0,0.0,0.0,0.0,0.0,0.0,0.0,0.0,0.0,0.0,0.0,0.0,0.0,0.0,0.0,0.0,0.0,0.0,0.0,0.0,0.0,0.0,0.0,0.0,0.0,0.0,0.0,0.0,0.0,0.0,0.0,0.0,0.0,0.0,0.0,0.0,0.0,0.0,0.0,0.0,0.0,0.0,0.0,0.0,0.0,0.0,0.0,0.0,0.0,0.0,0.0,0.0,0.0,0.0,0.0,0.0,0.0,0.0,0.0,0.0,0.0,0.0,0.0,0.0,0.0,0.0,0.0,0.0,0.0,0.0,0.0,0.0,0.0,0.0,0.0,0.0,0.0,0.0,0.0,0.0,0.0,0.0,0.0,0.0,0.0,0.0,0.0,0.0,0.0,0.0,0.0,0.0,0.0,0.0,0.0,0.0,0.0,0.0,0.0,0.0,0.0,0.0,0.0,0.0,0.0,0.0,0.0,0.0,0.0,0.0,0.0,0.0,0.0,0.0,0.0,0.0,0.0,0.0,0.0,0.0,0.0,0.0,0.0,0.0,0.0,0.0,0.0,0.0,0.0,0.0,0.0",6.3,65237.359375,966628.9609375,8689.7861328125,168038.68017578125,34.39013671875
1791409324.3798754,idle,6.0,"21.1,17.2,7.2,5.1,5.9,6.0,5.0,5.1,5.9,6.1,10.1,10.4,11.5,7.1,6.9,6.1,6.1,5.1,2.0,4.1,6.9,9.2,9.2,11.2,2.0,2.0,5.0,3.0,6.1,2.0,31.7,99.0,80.0,91.1,5.1,3.0,5.0,6.9,8.0,5.1,7.0,10.1,8.2,7.8,6.1,4.0,6.0,5.1,7.0,9.2,4.0,8.2,5.2,4.0,7.1,8.9,5.1,9.3,11.0,9.0,14.3,6.2,6.1,11.2,0.0,4.0,3.0,2.0,100.0,91.1,100.0,99.0,99.0,100.0,100.0,100.0,0.0,0.0,0.0,0.0,0.0,0.0,0.0,0.0,1.0,0.0,0.0,0.0,0.0,0.0,0.0,0.0,0.0,0.0,0.0,0.0,0.0,0.0,2.0,5.9,5.9,4.9,0.0,0.0,0.0,0.0,0.0,0.0,0.0,0.0,0.0,0.0,0.0,0.0,0.0,0.0,0.0,0.0,0.0,0.0,0.0,0.0,0.0,0.0,0.0,0.0,0.0,0.0,0.0,0.0,0.0,0.0,0.0,0.0,0.0,0.0,0.0,0.0,0.0,0.0,0.0,0.0,0.0,0.0,0.0,0.0,0.0,0.0,0.0,0.0,0.0,0.0,0.0,0.0,0.0,0.0,0.0,0.0,0.0,1.0,0.0,0.0,0.0,0.0,0.0,0.0,0.0,0.0,0.0,0.0,0.0,0.0,0.0,0.0,0.0,0.0,0.0,0.0,0.0,0.0,0.0,0.0,0.0,0.0,0.0,0.0,0.0,0.0,0.0,0.0,0.0,0.0,0.0,0.0,0.0,0.0,0.0,0.0,0.0,0.0,0.0,0.0,0.0,0.0,0.0,0.0,0.0,0.0,0.0,0.0,0.0,0.0,0.0,0.0,0.0,0.0,0.0,0.0,0.0,0.0,0.0,0.0,0.0,0.0,0.0,0.0,0.0,0.0,0.0,0.0,0.0,0.0,0.0,0.0,0.0,0.0,0.0,0.0,0.0,0.0,0.0,0.0,0.0,0.0,0.0,0.0,0.0,0.0,0.0,0.0,0.0,0.0,0.0,0.0,0.0",6.3,64557.7578125,967308.5625,8689.7861328125,168038.68017578125,34.39013671875
1791409325.3964262,idle,5.1,"21.7,18.7,2.0,1.0,0.0,2.0,2.0,0.0,8.0,5.0,4.0,3.1,6.1,3.0,5.2,3.0,3.0,0.0,4.0,6.0,1.0,5.1,7.1,7.2,1.0,1.0,2.0,0.0,1.0,2.0,95.0,6.0,51.0,68.3,6.0,5.9,5.1,5.1,3.0,4.0,6.9,5.0,6.1,3.1,0.0,1.0,0.0,3.0,3.0,7.3,2.0,7.2,3.2,2.0,5.1,3.1,12.0,8.1,3.0,1.0,7.1,6.0,6.1,10.8,1.0,1.0,1.0,2.9,98.0,100.0,100.0,100.0,96.0,96.1,100.0,100.0,0.0,0.0,0.0,0.0,0.0,0.0,0.0,0.0,0.0,0.0,0.0,0.0,0.0,0.0,0.0,0.0,0.0,0.0,0.0,0.0,0.0,0.0,5.0,5.9,5.9,0.0,0.0,0.0,0.0,0.0,0.0,0.0,0.0,0.0,0.0,0.0,0.0,0.0,0.0,0.0,0.0,0.0,0.0,0.0,0.0,0.0,0.0,0.0,0.0,0.0,0.0,0.0,0.0,0.0,0.0,0.0,0.0,0.0,0.0,0.0,0.0,0.0,0.0,0.0,0.0,0.0,0.0,0.0,0.0,0.0,0.0,0.0,0.0,0.0,0.0,0.0,0.0,0.0,0.0,0.0,0.0,0.0,0.0,0.0,0.0,0.0,0.0,0.0,0.0,0.0,0.0,0.0,0.0,0.0,0.0,0.0,0.0,0.0,0.0,0.0,0.0,0.0,0.0,0.0,0.0,0.0,0.0,0.0,0.0,0.0,0.0,0.0,0.0,0.0,0.0,0.0,0.0,0.0,0.0,0.0,0.0,0.0,0.0,0.0,0.0,0.0,0.0,0.0,0.0,0.0,0.0,0.0,0.0,0.0,0.0,0.0,0.0,0.0,0.0,0.0,0.0,0.0,0.0,0.0,0.0,0.0,0.0,0.0,0.0,0.0,0.0,0.0,0.0,0.0,0.0,0.0,0.0,0.0,0.0,0.0,0.0,0.0,0.0,0.0,0.0,0.0,0.0,0.0,0.0,0.0,0.0,0.0,0.0,0.0,0.0,0.0,0.0,0.0,0.0",6.3,64918.48828125,966947.83203125,8689.7861328125,168039.26611328125,33.47802734375
1791409326.4068992,idle,5.6,"8.2,19.4,4.1,3.1,9.2,4.1,1.0,8.1,5.2,4.1,6.3,13.7,5.3,6.2,4.0,5.2,16.8,3.1,4.0,4.1,8.2,7.3,8.2,9.8,3.0,4.1,5.0,3.0,5.0,3.0,99.0,1.0,73.0,60.6,4.0,2.1,5.2,8.0,2.0,3.1,8.2,7.1,10.2,6.5,8.1,2.1,6.9,4.2,5.1,9.5,8.2,6.3,8.9,4.2,5.3,4.1,12.8,13.1,4.1,5.1,8.3,7.0,12.1,11.8,2.0,0.0,2.0,2.0,100.0,100.0,100.0,99.0,99.0,100.0,100.0,100.0,0.0,0.0,0.0,0.0,0.0,1.0,0.0,0.0,1.0,0.0,0.0,0.0,0.0,0.0,0.0,0.0,0.0,0.0,0.0,0.0,0.0,0.0,0.0,0.0,0.0,0.0,0.0,0.0,0.0,0.0,0.0,0.0,0.0,0.0,0.0,0.0,0.0,0.0,0.0,0.0,0.0,0.0,0.0,0.0,0.0,0.0,0.0,0.0,0.0,0.0,0.0,0.0,0.0,0.0,0.0,0.0,0.0,0.0,0.0,0.0,0.0,0.0,0.0,0.0,0.0,0.0,0.0,0.0,0.0,0.0,0.0,0.0,0.0,0.0,0.0,0.0,0.0,0.0,0.0,0.0,0.0,0.0,0.0,1.0,0.0,0.0,0.0,0.0,0.0,0.0,0.0,0.0,0.0,0.0,0.0,0.0,0.0,0.0,0.0,0.0,0.0,0.0,0.0,0.0,0.0,0.0,0.0,0.0,0.0,0.0,0.0,0.0,0.0,0.0,0.0,0.0,0.0,0.0,0.0,0.0,0.0,0.0,0.0,0.0,0.0,0.0,0.0,0.0,0.0,0.0,0.0,0.0,0.0,0.0,0.0,0.0,0.0,0.0,0.0,0.0,0.0,0.0,0.0,0.0,0.0,0.0,0.0,0.0,0.0,0.0,0.0,0.0,0.0,0.0,0.0,0.0,0.0,0.0,0.0,0.0,0.0,0.0,0.0,0.0,0.0,0.0,0.0,0.0,0.0,0.0,0.0,0.0,0.0,0.0,0.0,0.0,0.0,0.0,0.0",6.3,65068.7265625,966797.59375,8689.7861328125,168039.26611328125,33.47802734375
1791409327.4169238,idle,5.4,"10.7,2.0,10.1,2.0,8.1,7.1,2.0,6.0,1.0,4.0,8.2,2.0,1.0,3.0,3.0,3.0,5.9,1.0,3.0,1.0,0.0,12.1,2.1,11.1,2.9,2.9,3.0,2.0,2.0,1.0,100.0,1.0,66.7,90.2,1.0,3.0,3.0,5.1,2.0,2.0,0.0,3.0,6.0,2.0,2.0,6.0,2.0,6.9,2.1,8.4,6.0,6.2,5.3,5.9,3.0,2.0,12.5,11.0,7.0,4.0,3.0,5.9,3.0,34.0,0.0,1.0,3.0,1.0,100.0,100.0,100.0,100.0,100.0,100.0,100.0,99.0,0.0,0.0,0.0,0.0,0.0,0.0,0.0,0.0,0.0,0.0,0.0,0.0,0.0,0.0,0.0,0.0,0.0,0.0,0.0,0.0,0.0,0.0,1.0,1.0,1.0,2.0,0.0,0.0,0.0,0.0,0.0,0.0,0.0,0.0,0.0,0.0,0.0,0.0,0.0,0.0,0.0,0.0,0.0,0.0,0.0,0.0,0.0,0.0,0.0,0.0,0.0,0.0,0.0,0.0,0.0,0.0,0.0,0.0,0.0,0.0,0.0,0.0,0.0,0.0,0.0,0.0,0.0,0.0,0.0,0.0,0.0,0.0,0.0,0.0,0.0,0.0,0.0,0.0,0.0,0.0,0.0,0.0,0.0,0.0,0.0,0.0,0.0,0.0,0.0,0.0,0.0,0.0,0.0,0.0,0.0,0.0,0.0,0.0,0.0,0.0,0.0,0.0,0.0,0.0,0.0,0.0,0.0,0.0,0.0,0.0,0.0,0.0,0.0,0.0,0.0,0.0,0.0,0.0,0.0,0.0,0.0,0.0,0.0,0.0,0.0,0.0,0.0,0.0,0.0,0.0,0.0,0.0,0.0,0.0,0.0,0.0,0.0,0.0,0.0,0.0,0.0,0.0,0.0,0.0,0.0,0.0,0.0,0.0,0.0,0.0,0.0,0.0,0.0,0.0,0.0,0.0,0.0,0.0,0.0,0.0,0.0,0.0,0.0,0.0,0.0,0.0,0.0,0.0,0.0,0.0,0.0,0.0,0.0,0.0,0.0,0.0,0.0,0.0,0.0",6.3,65258.24609375,966608.07421875,8689.7861328125,168039.26611328125,33.47802734375
1791409328.4512503,idle,5.6,"5.8,4.9,2.0,3.0,2.9,5.9,3.8,5.0,2.9,2.9,3.0,2.0,4.8,10.7,2.0,2.0,2.9,2.9,3.9,4.9,1.9,2.9,2.9,5.8,4.8,2.0,4.9,2.9,2.9,0.0,64.7,45.2,66.3,99.0,4.9,6.9,5.0,6.1,3.9,3.9,2.0,3.9,4.9,2.9,2.0,4.0,3.9,3.9,2.0,8.2,4.9,5.1,8.2,2.0,4.0,4.9,3.0,99.0,1.0,1.9,1.0,1.9,1.0,1.9,2.9,1.9,3.8,4.8,100.0,99.0,100.0,100.0,100.0,100.0,99.0,100.0,0.0,0.0,0.0,0.0,0.0,0.0,0.0,0.0,0.0,0.0,0.0,0.0,0.0,0.0,0.0,0.0,0.0,0.0,0.0,0.0,0.0,0.0,0.0,11.5,10.6,9.8,0.0,0.0,0.0,0.0,0.0,0.0,0.0,0.0,0.0,0.0,0.0,0.0,0.0,0.0,0.0,0.0,0.0,0.0,0.0,0.0,0.0,0.0,0.0,0.0,0.0,0.0,0.0,0.0,0.0,0.0,0.0,0.0,0.0,0.0,0.0,0.0,0.0,0.0,0.0,0.0,0.0,0.0,0.0,0.0,0.0,0.0,0.0,0.0,0.0,0.0,0.0,0.0,0.0,0.0,0.0,0.0,0.0,0.0,0.0,0.0,0.0,0.0,0.0,0.0,0.0,0.0,0.0,0.0,0.0,0.0,0.0,0.0,0.0,0.0,0.0,0.0,0.0,0.0,0.0,0.0,0.0,0.0,0.0,0.0,0.0,0.0,0.0,0.0,0.0,0.0,0.0,0.0,0.0,0.0,0.0,0.0,0.0,0.0,0.0,0.0,0.0,0.0,0.0,0.0,0.0,0.0,0.0,0.0,0.0,0.0,0.0,0.0,0.0,0.0,0.0,0.0,0.0,0.0,0.0,0.0,0.0,0.0,0.0,0.0,0.0,0.0,0.0,0.0,0.0,0.0,0.0,0.0,0.0,0.0,0.0,0.0,0.0,0.0,0.0,0.0,0.0,0.0,0.0,0.0,0.0,0.0,0.0,0.0,0.0,0.0,0.0,0.0,0.0",6.3,64872.6484375,966993.671875,8689.7861328125,168040.80517578125,33.47802734375
1791409329.5022326,idle,5.1,"8.0,2.0,4.0,3.0,2.9,5.0,3.0,4.9,2.0,0.0,1.0,0.0,3.9,4.8,1.0,2.0,2.0,3.9,2.0,0.0,2.9,1.9,2.9,0.0,1.0,1.0,3.0,1.9,3.9,0.0,7.9,74.8,74.5,90.4,4.9,2.0,2.9,2.0,2.0,2.0,1.9,1.9,2.9,2.9,1.9,2.9,3.8,5.8,1.9,4.0,1.0,2.0,4.0,2.9,1.9,1.0,1.9,99.0,1.0,1.0,1.0,1.9,0.0,0.0,0.0,1.9,0.0,1.0,100.0,100.0,100.0,100.0,100.0,100.0,100.0,100.0,0.0,0.0,0.0,0.0,0.0,1.0,0.0,0.0,2.0,0.0,0.0,0.0,0.0,0.0,0.0,0.0,0.0,0.0,0.0,0.0,0.0,0.0,0.0,0.0,0.0,0.0,0.0,0.0,0.0,0.0,0.0,0.0,0.0,0.0,0.0,0.0,0.0,0.0,0.0,0.0,0.0,0.0,0.0,0.0,0.0,0.0,0.0,0.0,0.0,0.0,0.0,0.0,0.0,0.0,0.0,0.0,0.0,0.0,0.0,0.0,0.0,0.0,0.0,0.0,0.0,0.0,0.0,0.0,0.0,0.0,0.0,0.0,0.0,0.0,0.0,0.0,0.0,0.0,0.0,0.0,0.0,0.0,0.0,0.0,0.0,0.0,0.0,0.0,0.0,0.0,0.9,0.0,0.0,0.0,0.0,0.0,0.0,0.0,0.0,0.0,0.0,0.0,0.0,0.0,0.0,0.0,0.0,0.0,0.0,0.0,0.0,0.0,0.0,0.0,0.0,0.0,0.0,0.0,0.0,0.0,0.0,0.0,0.0,0.0,0.0,0.0,0.0,0.0,0.0,0.0,0.0,0.0,0.0,0.0,0.0,0.0,0.0,0.0,0.0,0.0,0.0,0.0,0.0,0.0,0.0,0.0,0.0,0.0,0.0,0.0,0.0,0.0,0.0,0.0,0.0,0.0,0.0,0.0,0.0,0.0,0.0,0.0,0.0,0.0,0.0,0.0,0.0,0.0,0.0,0.0,0.0,0.0,0.0,0.0,0.0,0.0,0.0,0.0,0.0",6.3,64996.02734375,966870.29296875,8689.7861328125,168040.80517578125,33.47802734375
1791409330.5351276,idle,5.5,"9.3,7.4,3.0,4.0,4.0,3.0,3.0,6.1,9.0,5.9,4.1,1.0,4.0,2.0,7.1,4.9,3.0,5.0,6.0,5.0,5.0,4.0,4.9,5.1,2.0,2.9,3.9,2.0,4.0,2.0,3.0,85.1,76.5,71.8,3.0,6.1,3.0,3.0,4.9,2.0,3.9,5.0,4.0,5.1,5.0,5.9,2.0,2.0,8.7,4.1,3.0,5.1,7.1,2.0,5.0,7.0,99.0,3.0,2.9,3.9,1.0,1.0,0.0,5.9,2.9,2.0,1.0,3.0,99.0,100.0,100.0,100.0,100.0,100.0,100.0,100.0,0.0,0.0,0.0,0.0,0.0,0.0,0.0,0.0,2.0,0.0,0.0,0.0,0.0,0.0,0.0,0.0,0.0,0.0,0.0,0.0,0.0,0.0,0.0,2.9,2.0,2.9,0.0,0.0,0.0,0.0,0.0,0.0,0.0,0.0,0.0,0.0,0.0,0.0,0.0,0.0,0.0,0.0,0.0,0.0,0.0,0.0,0.0,0.0,0.0,0.0,0.0,0.0,0.0,0.0,0.0,0.0,0.0,0.0,0.0,0.0,0.0,0.0,0.0,0.0,0.0,0.0,0.0,0.0,0.0,0.0,0.0,0.0,0.0,0.0,0.0,0.0,0.0,0.0,0.0,0.0,0.0,0.0,0.0,1.0,0.0,0.0,0.0,0.0,0.0,0.0,0.0,0.0,0.0,0.0,0.0,0.0,0.0,0.0,0.0,0.0,0.0,0.0,0.0,0.0,0.0,0.0,0.0,0.0,0.0,0.0,0.0,0.0,0.0,0.0,0.0,0.0,0.0,0.0,0.0,0.0,0.0,0.0,0.0,0.0,0.0,0.0,0.0,0.0,0.0,0.0,0.0,0.0,0.0,0.0,0.0,0.0,0.0,0.0,0.0,0.0,0.0,1.0,0.0,0.0,0.0,0.0,0.0,0.0,0.0,0.0,0.0,0.0,0.0,0.0,0.0,0.0,0.0,0.0,0.0,0.0,0.0,0.0,0.0,0.0,0.0,0.0,0.0,0.0,0.0,0.0,0.0,0.0,0.0,0.0,0.0,0.0,0.0,0.0,0.0",6.3,64553.47265625,967312.84765625,8689.7861328125,168041.04345703125,34.48095703125
1791409331.5646985,idle,4.9,"6.0,4.0,2.0,0.0,1.0,1.9,2.9,3.0,3.0,0.0,0.0,2.9,1.9,1.9,0.0,1.0,2.9,0.0,1.0,0.0,0.0,0.0,2.0,1.0,0.0,2.9,0.0,0.0,0.0,0.0,35.3,67.0,45.0,100.0,1.0,3.0,3.0,2.0,4.0,1.9,0.0,0.0,2.9,0.0,1.0,0.0,2.0,1.0,2.1,4.1,2.9,5.0,5.1,1.0,2.9,2.0,1.0,99.0,0.0,1.0,0.0,1.9,0.0,0.0,3.9,1.0,1.0,0.0,100.0,100.0,100.0,100.0,99.0,100.0,100.0,100.0,0.0,0.0,0.0,0.0,0.0,1.0,0.0,0.0,2.2,0.0,0.0,0.0,0.0,0.0,0.0,0.0,0.0,0.0,0.0,0.0,0.0,0.0,0.0,1.0,1.9,1.9,0.0,0.0,0.0,0.0,0.0,0.0,0.0,0.0,0.0,0.0,0.0,0.0,0.0,0.0,0.0,0.0,0.0,0.0,0.0,0.0,0.0,0.0,0.0,0.0,0.0,0.0,0.0,0.0,0.0,0.0,0.0,0.0,0.0,0.0,0.0,0.0,0.0,0.0,0.0,0.0,0.0,0.0,0.0,0.0,0.0,0.0,0.0,0.0,0.0,0.0,0.0,0.0,0.0,0.0,0.0,0.0,0.0,0.0,0.0,0.0,0.0,0.0,0.0,0.0,0.0,0.0,0.0,0.0,0.0,0.0,0.0,0.0,0.0,0.0,0.0,0.0,0.0,0.0,0.0,0.0,0.0,0.0,0.0,0.0,0.0,0.0,0.0,0.0,0.0,0.0,0.0,0.0,0.0,0.0,0.0,0.0,0.0,0.0,0.0,0.0,0.0,0.0,0.0,0.0,0.0,0.0,0.0,0.0,0.0,0.0,0.0,0.0,0.0,0.0,0.0,0.0,0.0,0.0,0.0,0.0,0.0,0.0,0.0,0.0,0.0,0.0,0.0,0.0,0.0,0.0,0.0,0.0,0.0,0.0,0.0,0.0,0.0,0.0,0.0,0.0,0.0,0.0,0.0,0.0,0.0,0.0,0.0,0.0,0.0,0.0,0.0,0.0,0.0",6.3,64839.9296875,967026.390625,8689.7861328125,168041.04345703125,34.48095703125
1791409332.6012452,idle,5.4,"9.2,7.9,5.9,5.0,4.9,7.8,4.0,8.8,5.1,5.9,6.8,8.1,6.0,5.9,4.0,5.8,4.0,3.0,6.1,3.9,5.8,5.9,3.9,4.0,1.0,2.9,1.0,3.9,2.9,2.9,41.2,86.4,41.7,15.0,29.1,4.0,6.1,5.0,5.9,6.7,4.0,3.0,6.9,4.0,5.9,3.0,4.9,5.1,3.0,5.1,4.1,6.2,4.2,4.0,5.9,2.1,1.0,100.0,2.9,2.9,2.9,2.9,1.0,3.0,2.9,2.0,1.0,1.9,100.0,95.1,100.0,100.0,100.0,99.0,93.1,100.0,0.0,0.0,0.0,0.0,0.0,0.0,1.0,0.0,0.0,0.0,0.0,0.0,0.0,0.0,0.0,0.0,0.0,0.0,0.0,0.0,0.0,0.0,0.0,1.9,1.0,1.9,0.0,0.0,0.0,0.0,0.0,0.0,0.0,0.0,0.0,0.0,0.0,0.0,0.0,0.0,0.0,0.0,0.0,0.0,0.0,0.0,0.0,0.0,0.0,0.0,0.0,0.0,0.0,0.0,0.0,0.0,0.0,0.0,0.0,0.0,0.0,0.0,0.0,0.0,0.0,0.0,0.0,0.0,0.0,0.0,0.0,0.0,0.0,0.0,0.0,0.0,0.0,0.0,0.0,0.0,0.0,0.0,0.0,1.0,0.0,0.0,0.0,0.0,0.0,0.0,0.0,0.0,0.0,0.0,0.0,0.0,0.0,0.0,0.0,0.0,0.0,0.0,0.0,0.0,0.0,0.0,0.0,0.0,0.0,0.0,0.0,0.0,0.0,0.0,0.0,0.0,0.0,0.0,0.0,0.0,0.0,0.0,0.0,0.0,0.0,0.0,0.0,0.0,0.0,0.0,0.0,0.0,0.0,0.0,0.0,0.0,0.0,0.0,0.0,0.0,0.0,0.0,0.0,0.0,0.0,0.0,0.0,0.0,0.0,0.0,0.0,0.0,0.0,0.0,0.0,0.0,0.0,0.0,0.0,0.0,0.0,0.0,0.0,0.0,0.0,0.0,0.0,0.0,0.0,0.0,0.0,0.0,0.0,0.0,0.0,0.0,0.0,0.0,0.0",6.3,65269.8125,966596.5078125,8689.7861328125,168041.04345703125,34.48095703125
1791409333.6324499,idle,4.5,"4.7,2.0,0.0,1.0,0.0,1.0,1.0,2.0,1.0,1.0,1.0,1.0,6.0,0.0,3.0,0.0,1.0,1.0,2.0,1.0,0.0,1.0,2.9,0.0,0.0,2.0,1.0,0.0,2.0,0.0,49.5,60.4,27.0,15.0,0.0,7.1,6.1,4.3,6.9,1.0,1.0,0.0,2.0,2.0,2.0,0.0,0.0,0.0,1.9,5.0,0.0,2.0,5.1,1.0,3.0,0.0,99.0,1.9,1.0,1.0,0.0,1.0,1.9,3.0,1.9,1.0,0.0,0.0,99.0,100.0,100.0,100.0,100.0,100.0,100.0,100.0,0.0,0.0,0.0,0.0,0.0,0.0,0.0,0.0,2.0,0.0,0.0,0.0,0.0,0.0,0.0,0.0,0.0,0.0,0.0,0.0,0.0,0.0,0.0,2.9,2.0,3.9,0.0,0.0,0.0,0.0,0.0,0.0,0.0,0.0,0.0,0.0,0.0,0.0,0.0,0.0,0.0,0.0,0.0,0.0,0.0,0.0,0.0,0.0,0.0,0.0,0.0,0.0,0.0,0.0,0.0,0.0,0.0,0.0,0.0,0.0,0.0,0.0,0.0,0.0,0.0,0.0,0.0,0.0,0.0,0.0,0.0,0.0,0.0,0.0,0.0,0.0,0.0,0.0,0.0,0.0,0.0,0.0,0.0,1.0,0.0,0.0,0.0,0.0,0.0,0.0,0.0,0.0,1.0,0.0,0.0,0.0,0.0,0.0,0.0,0.0,0.0,0.0,0.0,0.0,0.0,0.0,0.0,0.0,0.0,0.0,0.0,0.0,0.0,0.0,0.0,0.0,0.0,0.0,0.0,0.0,0.0,0.0,0.0,0.0,0.0,0.0,0.0,0.0,0.0,0.0,0.0,0.0,0.0,0.0,0.0,0.0,0.0,0.0,0.0,0.0,0.0,0.0,0.0,0.0,0.0,0.0,0.0,0.0,0.0,0.0,0.0,0.0,0.0,0.0,0.0,0.0,0.0,0.0,0.0,0.0,0.0,0.0,0.0,0.0,0.0,0.0,0.0,0.0,0.0,0.0,0.0,0.0,0.0,0.0,0.0,0.0,0.0,0.0,0.0",6.3,64797.59765625,967068.72265625,8689.7861328125,168042.26220703125,34.48095703125
1791409334.6696336,idle,5.4,"8.1,2.1,8.6,5.0,6.0,10.9,6.0,9.9,5.0,8.9,4.9,8.7,8.0,3.0,2.0,6.1,4.0,4.9,4.0,2.0,5.0,4.1,4.0,3.1,2.0,2.9,3.0,2.0,2.9,2.0,76.2,65.3,10.9,4.9,5.9,12.1,7.2,5.3,5.2,4.0,4.0,5.0,5.0,6.1,4.0,7.8,6.7,3.0,4.0,8.2,4.0,6.2,8.2,7.8,8.0,6.7,4.0,98.1,3.9,4.0,4.8,7.0,1.9,5.9,1.0,2.9,2.9,3.8,100.0,100.0,99.0,99.0,99.0,100.0,100.0,99.0,0.0,0.0,0.0,0.0,0.0,1.0,0.0,0.0,2.9,0.0,0.0,0.0,0.0,0.0,0.0,0.0,0.0,0.0,0.0,0.0,0.0,0.0,0.0,0.0,0.0,0.0,0.0,0.0,0.0,0.0,0.0,0.0,0.0,0.0,0.0,0.0,0.0,0.0,0.0,0.0,0.0,0.0,0.0,0.0,0.0,0.0,0.0,0.0,0.0,0.0,0.0,0.0,0.0,0.0,0.0,0.0,0.0,0.0,0.0,0.0,0.0,0.0,0.0,0.0,0.0,0.0,0.0,0.0,0.0,0.0,0.0,0.0,0.0,0.0,0.0,0.0,0.0,0.0,0.0,0.0,0.0,0.0,0.0,1.0,0.0,0.0,0.0,0.0,0.0,0.0,0.0,0.0,0.0,0.0,0.0,0.0,0.0,0.0,0.0,0.0,0.0,0.0,0.0,0.0,0.0,0.0,0.0,0.0,0.0,0.0,0.0,0.0,0.0,0.0,0.0,0.0,0.0,0.0,0.0,0.0,0.0,0.0,0.0,0.0,0.0,0.0,0.0,0.0,0.0,0.0,0.0,0.0,0.0,0.0,0.0,0.0,0.0,0.0,0.0,0.0,0.0,0.0,0.0,0.0,0.0,0.0,0.0,0.0,0.0,0.0,0.0,0.0,0.0,0.0,0.0,0.0,0.0,0.0,0.0,0.0,0.0,0.0,0.0,0.0,0.0,0.0,0.0,0.0,0.0,0.0,0.0,0.0,0.0,0.0,0.0,0.0,0.0,0.0,0.0",6.3,64968.453125,966897.8671875,8689.7861328125,168042.53564453125,34.48095703125
1791409335.6965384,individual_n8_vmnos256_r3:submission,6.4,"13.2,12.7,8.0,7.7,9.7,11.7,10.6,16.8,4.8,6.9,8.7,8.9,8.6,8.6,10.5,8.7,8.1,10.7,6.9,9.6,10.6,10.7,8.8,19.8,4.8,4.9,5.8,4.9,4.9,3.0,62.9,98.1,20.0,18.3,9.8,9.2,9.2,6.7,19.4,16.0,14.6,24.3,10.8,7.8,11.5,7.0,7.8,6.8,9.9,21.6,11.9,12.5,11.5,9.9,11.7,9.9,65.7,13.6,9.8,11.5,10.9,9.9,6.0,6.9,6.7,6.7,2.9,3.8,100.0,100.0,100.0,100.0,100.0,100.0,100.0,100.0,0.0,0.0,0.0,0.0,0.0,0.0,0.0,0.0,0.0,0.0,0.0,0.0,0.0,0.0,0.0,0.0,0.0,0.0,0.0,0.0,0.0,0.0,9.4,0.9,0.9,0.0,0.0,0.0,0.0,0.0,0.0,0.0,0.0,0.0,0.0,0.0,0.0,0.9,0.0,0.0,0.0,0.0,0.0,0.0,0.0,0.0,0.0,0.0,0.0,0.0,0.0,0.0,0.0,0.0,0.0,0.0,0.0,0.0,0.0,0.0,0.0,0.0,0.0,0.0,0.0,0.0,0.0,0.0,0.0,0.0,0.0,0.0,0.0,0.0,0.0,0.0,0.0,0.0,0.0,0.0,0.0,0.0,0.0,1.0,0.0,0.0,0.0,0.0,0.0,0.0,0.0,0.0,0.0,0.0,0.0,0.0,0.0,0.0,0.0,0.0,0.0,0.0,0.0,0.0,0.0,0.0,0.0,0.0,0.0,0.0,0.0,0.0,0.0,0.0,0.0,0.0,0.0,0.0,0.0,0.0,0.0,0.0,0.0,0.0,0.0,0.0,0.0,0.0,0.0,0.0,0.0,0.0,0.0,0.0,0.0,0.0,0.0,0.0,0.0,0.0,0.0,0.0,0.0,0.0,0.0,0.0,0.0,0.0,0.0,0.0,0.0,0.0,0.0,0.0,0.0,0.0,0.0,0.0,0.0,0.0,0.0,0.0,0.0,0.0,0.0,0.0,0.0,0.0,0.0,0.0,0.0,0.0,0.0,0.0,0.0,0.0,0.0,0.0,0.0",6.3,64788.4765625,967077.84375,8689.7861328125,168042.78955078125,32.9208984375
1791409337.1162212,individual_n8_vmnos256_r3:submission,13.5,"31.3,28.6,40.4,33.6,54.6,32.4,55.6,38.4,29.5,51.6,32.7,29.7,42.5,31.1,49.7,36.6,50.3,36.1,38.0,35.8,39.2,29.5,34.2,66.5,33.3,36.0,37.7,32.9,26.0,29.3,59.9,89.0,39.6,39.1,49.7,42.8,41.6,30.3,45.8,34.2,32.4,32.0,30.0,30.3,34.7,31.6,46.6,48.4,38.3,41.2,36.1,34.9,41.2,37.9,38.5,42.8,39.7,39.6,50.0,48.4,34.2,36.2,38.6,35.7,44.8,53.5,40.8,48.3,99.4,99.4,100.0,100.0,100.0,100.0,100.0,100.0,0.0,0.0,0.0,0.0,0.0,0.6,0.0,0.0,0.0,0.0,0.0,0.0,0.0,0.0,0.0,0.0,0.0,0.0,0.0,0.0,0.0,0.0,0.0,0.6,1.2,1.8,0.0,0.0,0.0,0.0,0.0,0.0,0.0,0.0,0.0,0.0,0.0,0.0,0.0,0.0,0.0,0.0,0.0,0.0,0.0,0.0,0.0,0.0,0.0,0.0,0.0,0.0,0.0,0.0,0.0,0.0,0.0,0.0,0.0,0.0,0.0,0.0,0.0,0.0,0.0,0.0,0.0,0.0,0.0,0.0,0.0,0.0,0.0,0.0,0.0,0.0,0.0,0.0,0.0,0.0,0.0,0.0,0.0,0.6,0.0,0.0,0.0,0.0,0.0,0.0,0.0,0.0,0.0,0.0,0.0,0.0,0.0,0.0,0.0,0.0,0.0,0.0,0.0,0.0,0.0,0.0,0.0,0.0,0.0,0.0,0.0,0.0,0.0,0.0,0.0,0.0,0.0,0.0,0.0,0.0,0.0,0.0,0.0,0.0,0.0,0.0,0.0,0.0,0.0,0.0,0.0,0.0,0.0,0.0,0.0,0.0,0.0,0.0,0.0,0.0,0.0,0.0,0.0,0.0,0.0,0.0,0.0,0.0,0.0,0.0,0.0,0.0,0.0,0.0,0.0,0.0,0.0,0.0,0.0,0.0,0.0,0.0,0.0,0.0,0.0,0.0,0.0,0.0,0.0,0.0,0.0,0.0,0.0,0.0,0.0,0.0,0.0,0.0,0.0",6.3,65011.57421875,966854.74609375,8689.7861328125,168042.78955078125,32.9208984375
1791409338.7397003,individual_n8_vmnos256_r3:submission,14.2,"35.2,37.8,46.9,54.0,37.6,35.4,38.7,60.1,37.3,49.1,36.5,38.3,59.5,49.7,45.4,50.3,38.8,60.7,65.1,40.7,31.9,31.6,51.2,41.5,45.8,38.8,33.9,43.0,34.6,29.9,56.1,99.4,30.6,22.1,39.4,40.2,38.3,32.3,35.8,61.6,44.9,50.0,40.4,42.9,37.3,39.8,43.8,39.8,53.6,39.5,42.9,36.0,44.2,49.1,35.8,35.7,51.5,41.1,41.3,67.9,50.0,42.9,38.6,43.8,64.9,48.0,56.4,49.1,100.0,100.0,100.0,97.1,100.0,100.0,100.0,100.0,0.0,0.0,0.0,0.0,0.0,0.6,0.0,0.0,1.3,0.0,0.0,0.0,0.0,0.0,0.0,0.0,0.0,0.0,0.0,0.0,0.0,0.0,0.0,1.7,2.3,1.7,0.0,0.0,0.0,0.0,0.0,0.0,0.0,0.0,0.0,0.0,0.0,0.0,0.0,0.0,0.0,0.0,0.0,0.0,0.0,0.0,0.0,0.0,0.0,0.0,0.0,0.0,0.0,0.0,0.0,0.0,0.0,0.0,0.0,0.6,0.0,0.0,0.0,0.0,0.0,0.0,0.0,0.0,0.0,0.6,0.0,0.0,0.0,0.0,0.0,0.0,0.0,0.0,0.0,0.0,0.0,0.0,0.0,0.0,0.0,0.0,0.0,0.0,0.0,0.0,0.0,0.0,0.0,0.0,0.0,0.0,0.0,0.0,0.0,0.0,0.0,0.0,0.0,0.0,0.0,0.0,0.0,0.0,0.0,0.0,0.0,0.0,0.0,0.0,0.0,0.0,0.0,0.0,0.0,0.0,0.0,0.0,0.0,0.0,0.0,0.0,0.0,0.0,0.0,0.0,0.0,0.0,0.0,0.0,0.0,0.0,0.0,0.0,0.0,0.0,0.0,0.0,0.0,0.0,0.0,0.0,0.0,0.0,0.0,0.0,0.0,0.0,0.0,0.0,0.0,0.0,0.0,0.0,0.0,0.0,0.0,0.0,0.0,0.0,0.0,0.0,0.0,0.0,0.0,0.0,0.0,0.0,0.0,0.0,0.0,0.0,0.0,0.0,0.0",6.3,65257.2109375,966609.109375,8689.7861328125,168045.34814453125,32.9208984375
1791409340.8460832,individual_n8_vmnos256_r3:submission,14.0,"42.9,51.9,40.4,32.2,44.6,45.1,27.6,30.7,48.6,41.9,49.2,45.8,42.7,39.0,46.1,50.6,34.5,41.9,50.5,34.9,37.2,36.0,35.6,32.2,35.9,30.7,34.4,30.4,42.9,29.0,57.6,99.0,70.5,50.5,44.1,32.8,35.0,41.7,40.5,31.7,48.3,35.0,34.6,36.2,44.5,41.4,40.6,35.5,40.2,38.5,41.1,45.1,37.9,36.4,39.3,45.0,37.1,35.1,33.7,49.2,47.5,48.3,41.8,44.9,48.0,45.3,48.4,37.0,100.0,100.0,99.5,100.0,99.5,100.0,100.0,100.0,0.0,0.0,0.0,0.0,0.0,1.1,0.0,0.5,0.6,0.0,0.0,0.0,0.0,0.0,0.0,0.0,0.0,0.0,0.0,0.0,0.0,0.0,0.0,5.7,4.7,6.7,0.0,0.0,0.0,0.0,0.0,0.0,0.0,0.0,0.0,0.0,0.0,0.0,0.0,0.0,0.0,0.0,0.0,0.0,0.0,0.0,0.0,0.0,0.0,0.0,0.0,0.0,0.0,0.0,0.0,0.0,0.0,0.0,0.0,0.0,0.0,0.0,0.0,0.0,0.0,0.0,0.0,0.0,0.0,0.0,0.0,0.0,0.0,0.0,0.0,0.0,0.0,0.0,0.0,0.0,0.0,0.0,0.0,0.5,0.0,0.0,0.0,0.0,0.0,0.0,0.0,0.0,0.0,0.0,0.0,0.0,0.0,0.0,0.0,0.0,1.0,0.0,0.0,0.0,0.0,0.0,0.0,0.0,0.0,0.0,0.0,0.0,0.0,0.0,0.0,0.0,0.0,0.0,0.0,0.0,0.0,0.0,0.0,0.0,0.0,0.0,0.0,0.0,0.0,0.0,0.0,0.0,0.0,0.0,0.0,0.0,0.0,0.0,0.0,0.0,0.0,0.0,0.0,0.0,0.0,0.0,0.0,0.0,0.0,0.0,0.0,0.0,0.0,0.0,0.0,0.0,0.0,0.0,0.0,0.0,0.0,0.0,0.0,0.0,0.0,0.0,0.0,0.0,0.0,0.0,0.0,0.0,0.0,0.0,0.0,0.0,0.0,0.0,0.0",6.3,65339.26171875,966527.05859375,8689.7861328125,168045.34814453125,37.81201171875
1791409342.2233806,individual_n8_vmnos256_r3:confirmation,13.2,"35.7,33.0,28.0,37.2,28.1,27.8,33.9,40.7,24.8,34.2,29.1,47.9,38.1,22.8,34.5,33.6,36.1,29.7,37.6,26.8,27.0,27.0,40.3,34.5,35.3,37.9,28.3,45.0,31.6,23.7,96.9,99.2,65.6,33.6,21.4,32.8,38.7,24.1,24.3,26.1,46.6,24.8,32.8,30.5,53.7,36.7,36.5,26.1,44.5,29.8,39.5,36.8,37.7,42.7,43.6,41.5,42.4,37.1,41.3,25.7,37.9,43.2,28.1,27.4,45.4,50.0,40.2,47.1,99.2,100.0,100.0,100.0,100.0,100.0,100.0,100.0,0.0,0.0,0.0,0.0,0.0,0.0,0.0,0.0,0.8,0.0,0.0,0.0,0.0,0.0,0.0,0.0,0.0,0.0,0.0,0.0,0.0,0.0,0.0,3.2,4.0,3.2,0.0,0.0,0.0,0.0,0.0,0.0,0.0,0.0,0.0,0.0,0.0,0.0,0.0,0.0,0.0,0.0,0.0,0.0,0.0,0.0,0.0,0.0,0.0,0.0,0.0,0.0,0.0,0.0,0.0,0.0,0.0,0.0,0.0,0.0,0.0,0.0,0.0,0.0,0.0,0.0,0.0,0.0,0.0,0.0,0.0,0.0,0.0,0.0,0.0,0.0,0.0,0.0,0.0,0.0,0.0,0.0,0.0,0.8,0.0,0.0,0.0,0.0,0.0,0.0,0.0,0.0,0.0,0.0,0.0,0.0,0.0,0.0,0.0,0.0,0.0,0.0,0.0,0.8,0.8,0.0,0.0,0.0,0.0,0.0,0.0,0.0,0.0,0.0,0.0,0.0,0.0,0.0,0.0,0.0,0.0,0.0,0.0,0.0,0.0,0.0,0.0,0.0,0.0,0.0,0.0,0.0,0.0,0.0,0.0,0.0,0.0,0.0,0.0,0.0,0.0,0.0,0.0,0.0,0.0,0.0,0.0,0.0,0.0,0.0,0.0,0.0,0.0,0.0,0.0,0.0,0.0,0.0,0.0,0.0,0.0,0.0,0.0,0.0,0.0,0.0,0.0,0.0,0.0,0.0,0.0,0.0,0.0,0.0,0.0,0.0,0.0,0.0,0.0",6.4,65741.1171875,966125.203125,8689.7861328125,168045.34814453125,37.81201171875
1791409343.7007837,individual_n8_vmnos256_r3:confirmation,10.9,"13.2,38.7,20.9,14.1,12.5,32.5,29.7,20.0,19.9,29.9,24.3,41.7,23.2,23.2,19.1,22.0,31.8,19.4,27.7,47.8,15.5,44.8,37.4,23.5,8.4,46.5,23.9,45.6,37.5,24.1,97.6,100.0,30.9,43.6,26.6,43.0,29.9,22.6,24.4,16.8,24.5,31.4,16.2,16.6,42.0,32.9,52.9,24.0,11.3,16.9,15.0,17.3,41.8,23.5,40.1,21.7,35.3,32.3,41.8,16.0,32.2,43.6,32.5,15.8,50.6,39.6,54.4,48.7,100.0,100.0,100.0,100.0,100.0,100.0,100.0,100.0,0.0,0.0,0.0,0.0,0.0,1.3,0.0,0.0,0.6,0.0,0.0,0.0,0.0,0.0,0.0,0.0,0.0,0.0,0.0,0.0,0.0,0.0,0.6,5.5,3.6,4.9,0.0,0.0,0.0,0.0,0.0,0.0,0.0,0.0,0.0,0.0,0.0,0.0,0.0,0.0,0.0,0.0,0.0,0.0,0.0,0.0,0.0,0.0,0.0,0.0,0.0,0.0,0.0,0.0,0.0,0.0,0.0,0.0,0.0,0.0,0.0,0.0,0.0,0.0,0.0,0.0,0.0,0.0,0.0,0.0,0.0,0.0,0.0,0.0,0.0,0.0,0.0,0.0,0.0,0.0,0.0,0.0,0.0,1.2,0.0,0.0,0.0,0.0,0.0,0.0,0.0,0.0,0.0,0.0,0.0,0.0,0.0,0.0,0.0,0.0,0.0,0.0,0.0,0.0,0.0,0.0,0.0,0.0,0.0,0.0,0.0,0.0,0.0,0.0,0.0,0.0,0.0,0.0,0.0,0.6,0.0,0.0,0.0,0.0,0.0,0.0,0.0,0.0,0.0,0.0,0.0,0.0,0.0,0.0,0.0,0.0,0.0,0.0,0.0,0.0,0.0,0.0,0.0,0.0,0.0,0.0,0.0,0.0,0.0,0.0,0.0,0.0,0.0,0.0,0.0,0.0,0.0,0.0,0.0,0.0,0.0,0.0,0.0,0.0,0.0,0.0,0.0,0.0,0.0,0.0,0.0,0.0,0.0,0.0,0.0,0.0,0.0,0.0,0.0",6.4,66110.95703125,965755.36328125,8689.7861328125,168052.28173828125,37.81201171875
1791409345.601868,individual_n8_vmnos256_r3:confirmation,11.1,"12.7,9.9,12.9,49.7,30.4,34.5,20.8,32.1,23.0,17.9,20.5,24.4,25.8,24.5,19.0,25.3,14.2,18.5,18.3,35.9,21.7,16.6,23.2,44.2,8.5,7.8,8.5,46.2,52.4,17.8,99.4,81.0,57.6,34.1,15.2,23.2,24.2,20.4,22.7,21.1,30.7,30.0,35.8,30.1,45.2,15.4,37.1,40.7,22.4,23.6,13.2,19.1,49.1,26.1,16.9,21.1,12.9,27.3,30.7,25.5,38.3,39.9,42.3,18.1,34.1,42.4,57.0,34.1,100.0,100.0,99.4,100.0,100.0,100.0,99.4,100.0,0.0,0.0,0.0,0.0,0.0,0.6,0.0,0.0,4.8,1.1,0.0,0.0,0.0,0.0,0.0,0.0,0.0,0.0,0.0,0.0,0.0,0.0,0.0,1.7,0.0,1.7,0.0,0.0,0.0,0.0,0.0,0.0,0.0,0.0,0.0,0.0,0.0,0.0,0.0,0.0,0.0,0.0,0.0,0.0,0.0,0.0,0.0,0.0,0.0,0.0,0.0,0.0,0.0,0.0,0.0,0.0,0.0,0.0,0.0,0.0,0.0,0.0,0.0,0.0,0.0,0.0,0.0,0.0,0.0,0.0,0.0,0.0,0.0,0.0,0.0,0.0,0.0,0.0,0.0,0.0,0.0,0.0,0.0,0.0,0.0,0.0,0.0,0.0,0.0,0.0,0.0,0.0,0.0,0.0,0.0,0.0,0.0,0.0,0.0,0.0,0.0,0.0,0.0,0.0,0.0,0.0,0.0,0.0,0.0,0.0,0.0,0.0,0.0,0.0,0.0,0.0,0.0,0.0,0.0,0.0,0.0,0.0,0.0,0.0,0.0,0.0,0.0,0.0,0.0,0.0,0.0,0.0,0.0,0.0,0.0,0.0,0.0,0.0,0.0,0.0,0.0,0.0,0.0,0.0,0.0,0.0,0.0,0.0,0.0,0.0,0.0,0.0,0.0,0.0,0.0,0.0,0.0,0.0,0.0,0.0,0.0,0.0,0.0,0.0,0.0,0.0,0.0,0.0,0.0,0.0,0.0,0.0,0.0,0.0,0.0,0.0,0.0,0.0,0.0",6.4,65970.15234375,965896.16796875,8689.7861328125,168052.79736328125,40.5498046875
1791409347.2485611,individual_n8_vmnos256_r3:confirmation,9.2,"17.4,17.7,20.1,13.0,12.7,24.8,24.1,12.3,19.4,14.7,11.0,14.6,12.8,36.9,24.2,26.6,10.1,24.1,7.8,26.5,17.8,12.2,10.6,23.6,19.0,19.9,13.1,11.2,16.6,40.4,30.7,8.5,88.0,61.2,22.5,8.8,30.4,36.4,13.5,23.9,17.0,17.2,14.3,17.0,14.4,15.2,16.7,15.4,14.6,23.2,50.6,17.8,37.0,35.2,32.3,11.8,14.6,40.7,35.6,46.0,10.8,22.4,54.3,27.5,47.9,27.6,49.4,38.3,99.4,100.0,100.0,100.0,100.0,100.0,100.0,100.0,0.0,0.0,0.0,0.0,0.0,0.6,0.0,0.0,1.2,0.6,0.0,0.0,0.0,0.0,0.0,0.0,0.0,0.0,0.0,0.0,0.0,0.0,0.0,0.6,0.0,0.6,0.0,0.0,0.0,0.0,0.0,0.0,0.0,0.0,0.0,0.0,0.0,0.0,0.0,0.0,0.0,0.0,0.0,0.0,0.0,0.0,0.0,0.0,0.0,0.0,0.0,0.0,0.0,0.0,0.0,0.0,0.0,0.0,0.0,0.0,0.0,0.0,0.0,0.0,0.0,0.0,0.0,0.0,0.0,0.0,0.0,0.0,0.0,0.0,0.0,0.0,0.0,0.0,0.0,0.0,0.0,0.0,0.0,0.0,1.2,0.0,0.0,0.0,0.0,0.0,0.0,0.0,0.0,0.0,0.0,0.0,0.0,0.0,0.0,0.0,0.0,0.0,0.0,0.0,0.0,0.0,0.0,0.0,0.0,0.0,0.0,0.0,0.0,0.0,0.0,0.0,0.0,0.0,0.0,0.0,0.0,0.0,0.0,0.0,0.0,0.0,0.0,0.0,0.0,0.0,0.0,0.0,0.0,0.0,0.0,0.0,0.0,0.0,0.0,0.0,0.0,0.0,0.0,0.0,0.0,0.0,0.0,0.0,0.0,0.0,0.0,0.0,0.0,0.0,0.0,0.0,0.0,0.0,0.0,0.0,0.0,0.0,0.0,0.0,0.0,0.0,0.0,0.0,0.0,0.0,0.0,0.0,0.0,0.0,0.0,0.0,0.0,0.0,0.0",6.4,65873.23046875,965993.08984375,8689.7861328125,168052.79736328125,40.5498046875
1791409349.113046,individual_n8_vmnos256_r3:confirmation,11.1,"35.3,17.9,12.3,13.6,11.6,11.5,14.9,14.1,18.0,21.5,22.0,12.1,46.6,13.0,28.7,14.4,23.8,18.0,15.0,17.3,27.0,27.8,30.2,26.2,48.7,44.1,14.4,22.2,12.2,25.9,7.6,1.0,62.2,59.2,24.4,32.8,37.6,37.8,23.4,27.1,36.7,33.7,27.0,31.7,23.4,40.5,10.8,18.6,41.4,41.3,15.4,21.7,30.5,54.5,19.9,30.5,28.9,32.1,18.6,46.3,38.6,13.2,30.0,11.4,38.5,37.6,61.9,40.2,100.0,99.5,100.0,99.5,100.0,100.0,100.0,100.0,0.0,0.0,0.0,0.0,0.0,0.5,0.0,0.0,0.0,0.0,0.0,0.0,0.0,0.0,0.0,0.0,0.0,0.0,0.0,0.0,0.0,0.0,15.2,63.1,3.0,4.5,0.0,0.0,0.0,0.0,0.0,0.0,0.0,0.0,0.0,0.0,0.0,0.0,0.0,0.0,0.0,0.0,0.0,0.0,0.0,0.0,0.0,0.0,0.0,0.0,0.0,0.0,0.0,0.0,0.0,0.0,0.0,0.0,0.0,0.0,0.0,0.0,0.0,0.0,0.0,0.0,0.0,0.0,0.0,0.0,0.0,0.0,0.0,0.0,0.0,0.0,0.0,0.0,0.0,0.0,0.0,0.0,0.0,0.5,0.0,0.0,0.0,0.0,0.0,0.0,0.0,0.0,0.0,0.0,0.0,0.0,0.0,0.0,0.0,0.0,0.0,0.0,0.0,0.0,0.0,0.0,0.0,0.0,0.0,0.0,0.0,0.0,0.0,0.0,0.0,0.0,0.0,0.0,0.0,0.0,0.0,0.0,0.0,0.0,0.0,0.0,0.0,0.0,0.0,0.0,0.0,0.0,0.0,0.0,0.0,0.0,0.0,0.0,0.0,0.0,0.0,26.9,0.0,0.0,0.0,0.0,0.0,0.0,0.0,0.0,0.0,0.0,0.0,0.0,0.0,0.0,0.0,0.0,0.0,0.0,0.0,0.0,0.0,0.0,0.0,0.0,0.0,0.0,0.0,0.0,0.0,0.0,0.0,0.0,0.0,0.0,0.0,0.0,0.0",6.4,65704.78125,966161.5390625,8689.7861328125,168061.91845703125,40.5498046875
1791409350.910132,individual_n8_vmnos256_r3:confirmation,10.4,"31.4,12.6,5.5,23.3,8.3,27.2,44.6,15.5,17.9,45.8,11.4,20.2,13.3,23.6,43.5,23.6,29.0,34.1,37.6,9.3,24.4,18.9,16.8,42.0,48.0,29.2,10.0,52.1,34.5,20.6,0.6,0.6,23.3,36.2,13.9,44.8,38.6,28.0,30.9,28.8,28.5,17.5,24.1,56.2,20.7,36.5,9.5,26.6,10.3,17.1,18.1,12.3,51.5,37.1,12.0,60.2,22.2,17.6,11.9,20.5,34.8,39.5,41.5,36.6,41.7,41.8,39.8,42.4,100.0,100.0,100.0,100.0,100.0,100.0,100.0,100.0,0.0,0.0,0.0,0.0,0.0,0.0,0.0,0.0,1.2,0.0,0.0,0.0,0.0,0.0,0.0,0.0,0.0,0.0,0.0,0.0,0.0,0.0,1.2,78.0,1.2,1.1,0.0,0.0,0.0,0.0,0.0,0.0,0.0,0.0,0.0,0.0,0.0,0.0,0.0,0.0,0.0,0.0,0.0,0.0,0.0,0.0,0.0,0.0,0.0,0.0,0.0,0.0,0.0,0.0,0.0,0.0,0.0,0.0,0.0,0.0,0.0,0.0,0.0,0.0,0.0,0.0,0.0,0.0,0.0,0.0,0.0,0.0,0.0,0.0,0.0,0.0,0.0,0.0,0.0,0.0,0.0,0.0,0.0,0.0,0.0,0.0,0.0,0.0,0.0,0.0,0.0,0.0,0.0,0.0,0.0,0.0,0.0,0.0,0.0,0.0,0.0,0.6,0.0,0.0,0.0,0.0,0.0,0.0,0.0,0.0,0.0,0.0,0.0,0.0,0.0,0.0,0.0,0.0,0.0,0.0,0.0,0.0,0.0,0.0,0.0,0.0,0.0,0.0,0.0,0.0,0.0,0.0,0.0,0.0,0.0,0.0,0.0,0.0,0.0,0.0,0.0,100.0,0.0,0.0,0.0,0.0,0.0,0.0,0.0,0.0,0.0,0.0,0.0,0.0,0.0,0.0,0.0,0.0,0.0,0.0,0.0,0.0,0.0,0.0,0.0,0.0,0.0,0.0,0.0,0.0,0.0,0.0,0.0,0.0,0.0,0.0,0.0,0.0,0.0",6.4,65972.0078125,965894.3125,8689.7861328125,168062.16064453125,42.34765625
1791409352.9657593,individual_n8_vmnos256_r3:confirmation,10.3,"14.1,14.5,15.2,14.3,22.4,19.8,15.7,18.3,14.6,16.5,16.7,27.5,14.4,40.0,33.0,15.5,33.8,11.6,26.9,13.8,18.2,24.2,49.2,14.5,9.4,14.3,14.4,34.5,32.5,29.6,2.4,5.4,78.0,69.3,27.0,38.1,11.9,17.6,22.5,32.0,21.4,8.9,12.4,22.1,30.8,10.7,14.5,17.3,39.8,32.0,35.3,27.0,17.5,45.8,34.7,52.2,29.3,23.2,18.1,33.5,24.2,39.2,17.4,12.1,38.0,33.2,29.9,23.4,100.0,100.0,99.5,100.0,100.0,99.5,100.0,100.0,0.0,0.0,0.0,0.0,0.0,0.0,0.0,0.0,0.5,0.0,0.0,0.0,0.0,0.0,0.0,0.0,0.0,0.0,0.0,0.0,0.0,0.0,1.5,99.5,0.0,1.5,0.0,0.0,0.0,0.0,0.0,0.0,0.0,0.0,0.0,0.0,0.0,0.0,0.0,0.0,0.0,0.0,0.0,0.0,0.0,0.0,0.0,0.0,0.0,0.0,0.0,0.0,0.0,0.0,0.0,0.0,0.0,0.0,0.0,0.0,0.0,0.0,0.0,0.0,0.0,0.0,0.0,0.0,0.0,0.0,0.0,0.0,0.5,0.0,0.0,0.0,0.0,0.5,0.0,0.0,0.0,0.0,0.0,0.0,0.0,0.0,0.0,0.0,0.0,0.0,0.0,0.0,0.0,0.0,0.0,0.0,0.0,0.0,0.0,0.0,0.0,0.0,0.0,0.0,0.0,0.0,0.0,0.0,0.0,0.0,0.0,0.0,0.0,0.0,0.0,0.0,0.0,0.0,0.0,0.0,0.0,0.0,0.0,0.0,0.0,0.0,0.0,0.0,0.0,0.0,0.0,0.0,0.0,0.0,0.0,0.0,0.0,0.0,0.0,0.0,0.0,68.1,0.0,0.0,0.0,0.0,0.0,0.0,0.0,0.0,0.0,0.0,0.0,0.0,0.0,0.0,0.0,0.0,0.0,0.0,0.0,0.0,0.0,0.0,0.0,0.0,0.0,0.0,0.0,0.0,0.0,0.0,0.0,0.0,0.0,0.0,0.0,0.0,0.0",6.3,65330.96875,966535.3515625,8689.7861328125,168070.45361328125,42.34765625
1791409354.3669634,individual_n8_vmnos256_r3:confirmation,9.5,"24.0,7.4,45.2,5.3,27.4,24.3,13.3,5.9,9.6,19.5,15.0,14.2,20.6,13.4,33.6,9.4,5.3,16.9,8.1,12.5,11.8,44.2,22.1,39.7,25.2,16.5,51.8,19.7,8.4,10.9,0.0,0.0,27.3,5.8,75.9,12.9,10.4,21.9,28.5,20.4,12.0,9.1,11.2,37.5,52.6,10.4,11.2,16.3,36.0,50.4,39.9,21.9,14.0,31.6,39.4,21.9,20.0,14.9,16.0,14.6,12.4,15.5,11.4,12.2,36.9,20.7,42.4,18.7,99.3,100.0,100.0,98.6,99.3,100.0,100.0,100.0,0.0,0.0,0.0,0.0,0.0,0.7,0.0,0.0,0.7,0.0,0.0,0.0,0.0,0.0,0.0,0.0,0.0,0.0,0.0,0.0,0.0,0.0,100.0,100.0,0.0,0.0,0.0,0.0,0.0,0.0,0.0,0.0,0.0,0.0,0.0,0.0,0.0,0.0,0.0,0.0,0.0,0.0,0.0,0.0,0.0,0.0,0.0,0.0,0.0,0.0,0.0,0.0,0.0,0.0,0.0,0.0,0.0,0.0,0.7,0.0,0.0,0.0,0.0,0.0,0.0,0.0,0.0,0.0,0.0,0.0,0.0,0.0,0.0,0.0,0.0,0.0,0.0,0.0,0.0,0.0,0.0,0.0,0.0,0.0,0.0,0.7,0.0,0.7,0.0,0.0,0.0,0.0,0.0,0.0,0.0,0.0,0.0,0.0,0.0,0.0,0.0,0.0,0.0,0.7,0.0,0.0,0.0,0.0,0.0,0.0,0.0,0.0,0.0,0.0,0.0,0.0,0.0,0.0,0.0,0.0,0.0,0.0,0.0,0.0,0.0,0.0,0.0,0.0,0.0,0.0,0.0,0.0,0.0,0.0,0.0,0.0,0.0,0.0,0.0,0.0,0.0,0.0,0.0,0.0,0.0,0.0,0.0,0.0,0.0,0.0,0.0,0.0,0.0,0.0,0.0,0.0,0.7,0.7,0.0,0.0,0.0,0.0,0.0,0.0,0.0,0.0,0.0,0.0,0.0,0.0,0.0,0.0,0.0,0.0,0.0,0.0,0.0,0.0,0.0",6.4,66226.55078125,965639.76953125,8689.7861328125,168070.85205078125,42.47998046875
1791409356.43267,individual_n8_vmnos256_r3:confirmation,9.8,"12.1,29.6,13.8,46.3,20.9,12.2,18.1,23.1,12.6,14.0,13.3,18.7,30.5,12.1,19.0,36.4,27.5,18.3,13.2,22.2,19.2,33.2,26.7,22.6,15.5,35.1,35.3,11.3,10.7,30.8,17.6,5.3,32.2,0.5,16.4,11.9,13.0,40.6,27.2,16.5,15.3,9.5,20.4,34.2,31.2,30.8,14.4,25.0,33.0,56.4,24.5,31.0,17.5,48.5,30.7,19.2,29.4,14.2,30.5,10.4,17.3,34.5,35.4,15.9,38.7,22.1,44.4,16.2,100.0,100.0,100.0,100.0,100.0,99.5,100.0,100.0,0.0,0.0,0.0,0.0,0.0,0.0,0.0,0.0,1.0,0.0,0.0,0.0,0.0,0.0,0.0,0.0,0.0,0.0,0.0,0.0,0.0,0.0,53.8,100.0,0.5,0.5,0.0,0.0,0.0,0.0,0.0,0.0,0.0,0.0,0.0,0.0,0.0,0.0,0.0,0.0,0.0,0.0,0.0,0.0,0.0,0.0,0.0,0.0,0.0,0.0,0.0,0.0,0.0,0.0,0.0,0.0,0.0,0.0,0.0,0.0,0.0,0.0,0.0,0.0,0.0,0.0,0.0,0.0,0.0,0.0,0.0,0.0,0.0,0.0,0.0,0.0,0.0,0.0,0.0,0.0,0.0,0.0,0.0,1.0,0.0,0.0,0.0,0.0,0.0,0.0,0.0,0.0,0.0,0.0,0.0,0.0,0.0,0.0,0.0,0.0,0.0,0.0,0.0,0.0,0.0,0.0,0.0,0.0,0.0,0.0,0.0,0.0,0.0,0.0,0.0,0.0,0.0,0.0,0.0,0.0,0.0,0.0,0.0,0.0,0.0,0.0,0.0,0.0,0.0,0.0,0.0,0.0,0.0,0.0,0.0,0.0,0.0,0.0,0.0,0.0,0.0,0.0,0.0,0.0,0.0,0.0,0.0,0.0,0.0,0.0,0.0,0.0,0.0,0.0,0.0,0.0,0.0,0.0,0.0,0.0,0.0,0.0,0.0,0.0,0.0,0.0,0.0,0.0,0.0,0.0,0.0,0.0,0.0,0.0,0.0,0.0,0.0,0.0,0.0",6.4,65578.1171875,966288.203125,8689.7861328125,168070.85205078125,42.47998046875
1791409358.0564964,individual_n8_vmnos256_r3:confirmation,11.4,"28.9,15.4,31.6,34.6,66.2,29.1,25.7,21.6,12.7,15.6,29.8,13.5,12.9,33.1,22.1,22.6,15.8,20.6,26.3,44.1,24.2,55.9,36.0,17.3,26.7,29.4,13.8,36.5,48.1,25.4,2.1,2.8,0.0,2.8,19.7,12.6,11.5,32.1,34.6,41.2,9.8,14.4,16.4,17.0,33.1,50.4,40.9,14.2,38.8,67.4,12.8,39.9,35.5,45.3,52.5,46.0,12.7,12.6,17.2,11.1,42.8,45.7,53.3,20.6,56.1,61.6,42.3,24.6,100.0,97.2,97.2,100.0,100.0,100.0,100.0,100.0,0.0,0.0,0.0,0.0,0.0,1.4,0.0,0.0,0.0,0.0,0.0,0.0,0.0,0.0,0.0,0.0,0.0,0.0,0.0,0.0,0.0,0.0,100.0,100.0,1.4,2.1,0.0,0.0,0.0,0.0,0.0,0.0,0.0,0.0,0.0,0.0,0.0,0.0,0.0,0.0,0.0,0.0,0.0,0.0,0.0,0.0,0.0,0.0,0.0,0.0,0.0,0.0,0.0,0.0,0.0,0.0,0.7,0.0,0.0,0.0,0.0,0.0,0.0,0.0,0.0,0.7,0.0,0.0,0.0,0.0,0.0,0.0,0.0,0.0,0.0,0.0,0.0,0.0,0.0,0.0,0.0,0.0,0.0,1.4,0.0,0.0,0.0,0.0,0.0,0.0,0.0,0.0,0.0,0.0,0.0,0.0,0.0,0.0,0.0,0.0,0.0,0.0,0.0,0.0,0.0,0.0,0.0,0.0,0.0,0.0,0.0,0.0,0.0,0.0,0.0,0.0,0.0,0.0,0.0,0.0,0.0,0.0,0.0,0.0,0.0,0.0,0.0,0.0,0.0,0.0,0.0,0.0,0.0,0.0,0.0,0.0,0.0,0.0,0.0,0.0,0.0,0.0,0.0,0.0,0.0,0.0,0.0,0.0,0.0,0.0,0.0,0.0,0.0,0.0,0.0,0.0,0.0,0.0,0.0,0.0,0.0,0.0,0.0,0.0,0.0,0.0,0.0,0.0,0.0,0.0,0.0,0.0,0.0,0.0,0.0,0.0,0.0,0.0,0.0",6.3,65225.078125,966641.2421875,8689.7861328125,168070.85205078125,42.47998046875
1791409359.132447,individual_n8_vmnos256_r3:confirmation,7.2,"11.0,13.5,9.4,8.6,21.1,10.2,4.2,5.2,5.8,5.2,5.0,5.1,8.1,25.0,51.2,38.3,29.1,7.3,6.4,8.1,11.6,22.8,27.9,15.3,6.0,7.1,8.5,7.7,21.7,9.7,26.1,0.0,36.4,1.7,10.0,9.2,5.9,24.8,5.0,5.0,6.7,12.3,13.7,6.9,24.1,5.3,9.4,10.5,24.3,22.9,10.0,12.8,17.3,14.4,8.4,10.9,6.8,17.5,11.0,8.0,25.0,6.1,23.1,18.8,15.7,1.6,17.1,1.7,100.0,100.0,100.0,99.2,100.0,100.0,100.0,100.0,0.0,0.0,0.0,0.0,0.0,0.0,0.0,0.0,0.0,0.0,0.0,0.0,0.0,0.0,0.0,0.0,0.0,0.0,0.0,0.0,0.0,0.0,99.2,99.2,0.0,0.0,0.0,0.0,0.0,0.0,0.0,0.0,0.0,0.0,0.0,0.0,0.0,0.0,0.0,0.0,0.0,0.0,0.0,0.0,0.0,0.0,0.0,0.0,0.0,0.0,0.0,0.0,0.0,0.0,0.0,0.0,0.0,0.0,0.8,0.0,0.0,0.0,0.0,0.0,0.0,0.0,0.0,0.0,0.0,0.0,0.0,0.0,0.0,0.0,0.0,0.0,0.0,0.0,0.0,0.0,0.0,0.8,0.0,0.0,0.0,0.0,0.0,0.0,0.0,0.0,0.0,0.0,0.0,0.0,0.0,0.0,0.0,0.0,0.0,0.0,0.0,0.0,0.0,0.0,0.8,0.0,0.0,0.0,0.0,0.0,0.0,0.0,0.0,0.0,0.0,0.0,0.0,0.0,0.0,0.0,0.0,0.0,0.0,0.0,0.0,0.0,0.0,0.0,0.0,0.0,0.0,0.0,0.0,0.0,0.0,0.0,0.0,0.0,0.0,0.0,0.0,0.0,0.0,0.0,0.0,0.0,0.0,0.0,0.0,0.0,0.0,0.0,0.0,0.0,0.0,0.0,0.0,0.0,0.0,0.0,0.0,0.0,0.0,0.0,0.0,0.0,0.0,0.0,0.0,0.0,0.0,0.0,0.0,0.0,0.0,0.0,0.0,0.0,0.0",6.3,65267.39453125,966598.92578125,8689.7861328125,168082.12939453125,42.47998046875
1791409360.8867266,individual_n8_vmnos256_r3:confirmation,11.2,"19.4,14.7,16.3,9.3,42.0,14.1,44.9,12.2,19.0,27.8,22.8,17.4,18.0,18.7,51.8,27.1,47.0,29.3,30.2,21.7,51.2,30.9,60.9,36.5,35.8,14.5,23.1,15.8,22.6,23.6,1.1,29.5,32.6,0.0,32.9,24.7,30.4,45.6,31.8,20.7,20.1,11.7,20.8,15.3,66.9,13.3,14.8,42.7,37.8,15.2,48.8,24.0,45.6,22.6,18.9,39.8,21.1,17.1,21.2,23.2,42.8,15.1,22.4,16.6,28.7,41.5,58.1,17.5,99.4,100.0,98.3,100.0,98.9,99.4,100.0,99.4,0.0,0.0,0.0,0.0,0.0,0.0,0.0,0.0,0.0,0.0,0.0,0.0,0.0,0.0,0.0,0.0,0.0,0.0,0.0,0.0,0.0,0.0,100.0,99.4,0.0,0.6,0.0,0.0,0.0,0.0,0.0,0.0,0.0,0.0,0.0,0.0,0.0,0.0,0.0,0.0,0.0,0.0,0.0,0.0,0.0,0.0,0.0,0.0,0.0,0.0,0.0,0.0,0.0,0.0,0.0,0.0,0.0,0.0,0.0,0.0,0.0,0.0,0.0,0.0,0.0,0.0,0.0,0.0,0.0,0.0,0.0,0.0,0.0,0.0,0.0,0.0,0.0,0.0,0.0,0.0,0.0,0.0,0.0,0.0,0.0,0.0,0.0,0.0,0.0,0.0,0.0,0.0,0.0,0.0,0.0,0.0,0.0,0.0,0.0,0.0,0.0,0.0,0.0,0.0,0.0,0.0,0.0,0.0,0.0,0.0,0.0,0.0,0.0,0.0,0.0,0.0,0.0,0.0,0.0,0.0,0.0,0.0,0.0,0.0,0.0,0.0,0.0,0.0,0.0,0.0,0.0,0.0,0.0,0.0,0.0,0.0,0.0,0.0,0.0,0.0,0.0,0.0,0.0,0.0,0.0,0.0,0.0,0.0,0.0,0.0,0.0,0.0,0.0,0.0,0.0,0.0,0.0,0.0,0.0,0.0,0.0,0.0,0.0,0.0,0.0,0.0,0.0,0.0,0.0,0.0,0.0,0.0,0.0,0.0,0.0,0.0,0.0,0.0,0.0",6.3,65410.76171875,966455.55859375,8689.7861328125,168082.42626953125,42.92236328125
1791409362.879326,individual_n8_vmnos256_r3:confirmation,9.9,"58.3,15.3,32.2,40.1,32.8,33.3,14.8,8.4,15.2,9.2,30.8,12.1,24.7,23.5,37.8,11.5,28.2,56.0,24.6,15.2,11.1,10.2,5.7,11.4,15.3,17.7,38.3,12.9,24.9,30.8,39.4,23.7,24.0,6.7,9.3,48.4,23.8,47.6,25.0,20.2,47.8,33.5,17.7,14.3,33.5,7.1,39.6,13.7,21.3,30.2,8.9,36.1,18.1,25.4,10.1,28.3,35.5,51.6,21.8,16.2,13.0,7.8,14.9,11.4,23.7,47.7,54.9,9.7,99.5,100.0,100.0,100.0,100.0,100.0,100.0,100.0,0.0,0.0,0.0,0.0,0.0,1.6,0.0,0.0,1.1,0.0,0.0,0.0,0.0,0.0,0.0,0.0,0.0,0.0,0.0,0.0,0.0,0.0,10.8,62.7,92.8,9.8,0.0,0.0,0.0,0.0,0.0,0.0,0.0,0.0,0.0,0.0,0.0,0.0,0.0,0.0,0.0,0.0,0.0,0.0,0.0,0.0,0.0,0.0,0.0,0.0,0.0,0.0,0.0,0.0,0.0,0.0,0.0,0.0,0.0,0.0,0.0,0.0,0.0,0.0,0.0,0.0,0.0,0.0,0.0,0.0,0.0,0.0,0.0,0.0,0.0,0.0,0.0,0.0,0.0,0.0,0.0,0.0,0.0,1.1,0.0,0.0,0.0,0.0,0.0,0.0,0.0,0.0,0.0,0.0,0.0,0.0,0.0,0.0,0.0,0.0,0.0,0.0,0.0,0.0,0.0,0.0,0.0,0.0,0.0,0.0,0.0,0.0,0.0,0.0,0.0,0.0,0.0,0.0,0.0,0.0,0.0,0.0,0.0,0.0,0.0,0.0,0.0,0.0,0.0,0.0,0.0,0.0,0.0,0.0,0.0,0.0,0.0,0.0,0.0,0.0,0.0,0.0,0.0,0.0,0.0,0.0,0.0,0.0,0.0,0.0,0.0,0.0,0.0,0.0,0.0,0.0,0.0,0.0,0.0,0.0,0.0,0.0,0.0,0.0,0.0,0.0,0.0,0.0,0.0,0.0,0.0,0.0,0.0,0.0,0.0,0.0,0.0,0.0,0.0",6.3,65505.953125,966360.3671875,8689.7861328125,168090.98486328125,42.92236328125
1791409365.1278188,individual_n8_vmnos256_r3:confirmation,8.1,"22.4,12.7,22.0,5.3,31.8,24.0,17.0,25.7,35.6,10.9,11.3,11.7,10.4,11.7,11.4,24.0,13.6,10.2,8.6,12.0,22.2,14.4,12.9,16.7,43.6,33.2,13.9,31.5,7.9,29.0,9.7,0.0,0.0,0.0,12.3,30.1,11.2,22.7,28.0,17.2,13.7,16.6,27.2,32.2,19.4,17.3,10.4,13.8,12.8,18.5,10.6,11.8,40.8,6.5,20.5,40.0,11.6,25.8,12.0,4.3,14.2,9.6,9.8,8.6,6.6,9.9,36.7,35.3,98.2,88.6,99.5,94.5,100.0,99.1,100.0,99.5,0.0,0.0,0.0,0.0,0.0,0.5,0.0,0.0,0.0,0.0,0.0,0.0,0.0,0.0,0.0,0.0,0.0,0.0,0.0,0.0,0.0,0.0,0.5,0.5,100.0,1.4,0.0,0.0,0.0,0.0,0.0,0.0,0.0,0.0,0.0,0.0,0.0,0.0,0.0,0.0,0.0,0.0,0.0,0.0,0.0,0.0,0.0,0.0,0.0,0.0,0.0,0.0,0.0,0.0,0.0,0.0,0.0,0.0,0.5,0.0,0.0,0.0,0.0,0.0,0.0,0.0,0.0,0.0,0.0,0.0,0.0,0.0,0.0,0.0,0.0,0.0,0.0,0.0,0.0,0.0,0.0,0.0,0.0,0.5,0.0,0.0,0.0,0.0,0.0,0.0,0.0,0.0,0.0,0.0,0.0,0.0,0.0,0.0,0.0,0.0,0.0,0.0,0.0,0.0,0.0,0.0,0.0,0.0,0.0,0.0,0.0,0.0,0.0,0.0,0.0,0.0,0.0,0.0,0.0,0.0,0.0,0.0,0.0,0.0,0.0,0.0,0.0,0.0,0.0,0.0,0.0,0.0,0.0,0.0,0.0,0.0,0.0,0.0,0.0,0.0,0.0,0.0,0.0,0.0,0.0,0.0,0.0,0.0,0.0,0.0,0.0,0.0,0.0,0.0,0.0,0.0,0.0,0.0,0.0,0.0,0.0,0.0,0.0,0.0,0.0,0.0,0.0,0.0,0.0,0.0,0.0,0.0,0.0,0.0,0.0,0.0,0.0,0.0,0.0",6.4,65845.30078125,966021.01953125,8689.7861328125,168091.53173828125,43.2490234375
1791409366.3199685,individual_n8_vmnos256_r3:confirmation,9.2,"29.1,10.1,50.0,22.9,8.7,7.1,7.9,38.5,8.5,36.8,6.2,10.1,38.2,48.8,19.2,9.3,7.3,13.1,11.1,12.4,14.3,9.4,9.2,11.8,8.5,14.1,13.4,4.7,7.7,47.4,2.2,1.5,27.6,27.7,7.6,9.2,8.5,36.8,29.8,8.5,33.3,51.5,20.5,23.1,24.6,11.6,31.6,16.5,48.1,9.8,8.3,12.9,6.3,27.0,12.8,41.8,37.3,10.6,25.8,15.4,14.7,47.7,10.4,50.4,54.1,32.4,20.0,12.3,100.0,100.0,100.0,100.0,100.0,100.0,100.0,99.3,0.0,0.0,0.0,0.0,0.0,0.0,0.0,0.7,0.7,0.0,0.0,0.0,0.0,0.0,0.0,0.0,0.0,0.0,0.0,0.0,0.0,0.0,7.5,0.0,57.7,0.7,0.0,0.0,0.0,0.0,0.0,0.0,0.0,0.0,0.0,0.0,0.0,0.0,0.0,0.0,0.0,0.0,0.0,0.0,0.0,0.0,0.0,0.0,0.0,0.0,0.0,0.0,0.0,0.0,0.0,0.0,0.0,0.0,0.0,0.0,0.0,0.0,0.0,0.0,0.0,0.0,0.0,0.0,0.0,0.0,0.0,0.0,0.0,0.0,0.7,0.0,0.0,0.0,0.0,0.0,0.0,0.0,0.0,0.0,0.0,0.0,0.0,0.0,0.0,0.0,0.0,0.0,0.0,0.0,0.0,0.0,0.0,0.0,0.0,0.0,0.0,0.0,0.0,0.0,0.0,0.0,0.0,0.0,0.0,0.0,0.0,0.0,0.0,0.0,0.0,0.0,0.0,0.0,0.0,0.0,0.0,0.0,0.0,0.0,0.0,0.0,0.0,0.0,0.0,0.0,0.0,0.0,0.0,0.0,0.0,0.0,0.0,0.0,0.0,0.0,0.0,0.0,0.0,0.0,0.0,0.0,0.0,0.0,0.0,0.0,0.0,0.0,0.0,0.0,0.0,0.0,0.0,0.0,0.0,0.0,0.0,0.0,0.0,0.0,0.0,0.0,0.0,0.0,0.0,0.0,0.0,0.0,0.0,0.0,0.0,0.0,0.0,0.0,0.0",6.3,65190.90234375,966675.41796875,8689.7861328125,168091.53173828125,43.2490234375
1791409368.1384246,individual_n8_vmnos256_r3:confirmation,10.2,"27.4,35.6,62.2,29.0,14.1,40.2,43.6,46.9,35.8,32.5,29.0,26.9,46.0,16.1,19.1,24.1,17.1,16.5,54.4,32.3,13.9,47.5,14.5,15.8,12.1,57.7,25.6,12.6,29.6,39.3,3.0,1.2,77.2,27.5,26.9,13.4,12.6,28.2,28.4,14.5,9.4,50.6,10.7,19.9,11.9,66.0,19.0,12.5,37.2,10.8,16.1,55.2,50.0,18.4,21.1,10.7,66.5,15.0,19.3,42.1,46.3,13.3,54.2,13.4,52.7,42.9,36.2,67.9,96.4,91.7,100.0,98.8,100.0,100.0,99.4,99.4,0.0,0.0,0.0,0.0,0.0,0.6,0.0,0.0,0.0,0.0,0.0,0.0,0.0,0.0,0.0,0.0,0.0,0.0,0.0,0.0,0.0,0.0,1.2,1.2,6.0,3.0,0.0,0.0,0.0,0.0,0.0,0.0,0.0,0.0,0.0,0.0,0.0,0.0,0.0,0.0,0.0,0.0,0.0,0.0,0.0,0.0,0.0,0.0,0.0,0.0,0.0,0.0,0.0,0.0,0.0,0.0,0.0,0.0,0.0,0.0,0.0,0.0,0.0,0.0,0.0,0.0,0.0,0.0,0.0,0.0,0.0,0.0,0.0,0.0,0.0,0.0,0.0,0.0,0.0,0.0,0.0,0.0,0.0,0.6,0.0,0.0,0.0,0.0,0.0,0.0,0.0,0.0,0.0,0.0,0.0,0.0,0.0,0.0,0.0,0.0,0.0,0.0,0.0,0.0,0.0,0.0,0.0,0.0,0.0,0.0,0.0,0.0,0.0,0.0,0.0,0.0,0.0,0.0,0.0,0.0,0.0,0.0,0.0,0.0,0.0,0.0,0.0,0.0,0.0,0.0,0.0,0.0,0.0,0.0,0.0,0.0,0.0,0.0,0.0,0.0,0.0,0.0,0.0,0.0,0.0,0.0,0.0,0.0,0.0,0.0,0.0,0.0,0.0,0.0,0.0,0.0,0.0,0.0,0.0,0.0,0.0,0.0,0.0,0.0,0.0,0.0,0.0,0.0,0.0,0.0,0.0,0.0,0.0,0.0,0.0,0.0,0.0,0.0,0.0",6.3,64921.9375,966944.3828125,8689.7861328125,168091.53173828125,43.2490234375
1791409370.1161098,individual_n8_vmnos256_r3:confirmation,10.5,"21.2,25.5,17.6,55.0,26.2,31.6,13.2,26.2,28.3,29.4,20.0,40.1,18.0,40.5,25.3,16.0,17.9,27.9,22.6,29.0,17.1,14.3,41.7,27.6,23.5,21.0,12.4,36.1,11.0,54.6,1.0,15.0,75.1,74.6,33.0,29.3,29.4,14.7,17.2,8.6,13.5,9.8,13.4,15.3,14.1,15.1,19.3,20.3,16.2,22.0,10.3,31.1,17.8,35.6,35.3,33.7,25.8,11.3,8.3,13.9,15.1,16.8,36.9,28.6,39.7,47.6,37.4,48.2,100.0,100.0,100.0,100.0,99.5,100.0,100.0,99.5,0.0,0.0,0.0,0.0,0.0,1.1,0.0,0.0,2.7,0.0,0.0,0.0,0.0,0.0,0.0,0.0,0.0,0.0,0.0,0.0,0.0,0.5,1.0,1.5,95.9,1.0,0.0,0.0,0.0,0.0,0.0,0.0,0.0,0.0,0.0,0.0,0.0,0.0,0.0,0.0,0.0,0.0,0.0,0.0,0.0,0.0,0.0,0.0,0.0,0.0,0.0,0.0,0.0,0.0,0.0,0.0,0.0,0.0,0.0,0.0,0.0,0.0,0.0,0.0,0.0,0.0,0.0,0.0,0.0,0.0,0.0,0.0,0.0,0.0,0.0,0.0,0.0,0.0,0.0,0.0,0.0,0.0,0.0,0.0,0.0,0.0,0.0,0.0,0.0,0.0,0.0,0.0,0.0,0.0,0.0,0.0,0.0,0.0,0.0,0.0,0.0,0.0,0.0,0.0,0.0,0.0,0.0,0.0,0.0,0.0,0.0,0.0,0.0,0.0,0.0,0.0,0.0,0.0,0.0,0.0,0.0,0.0,0.0,0.0,0.0,0.0,0.0,0.0,0.0,0.0,0.0,0.0,0.0,0.0,0.0,0.0,0.0,0.0,0.0,0.0,0.0,0.0,0.0,0.0,0.0,0.0,0.0,0.0,0.0,0.0,0.0,0.0,0.0,0.0,0.0,0.0,0.0,0.0,0.0,0.0,0.0,0.0,0.0,0.0,0.0,0.0,0.0,0.0,0.0,0.0,0.0,0.0,0.0,0.0,0.0,0.0,0.0,0.0,0.0",6.3,64916.09375,966950.2265625,8689.7861328125,168100.12548828125,43.8701171875
1791409371.48392,individual_n8_vmnos256_r3:confirmation,9.3,"41.4,23.9,22.6,14.6,32.8,13.0,6.7,5.2,15.2,6.8,15.3,13.5,12.8,51.1,33.1,23.3,40.3,21.7,8.7,9.4,12.2,8.5,16.2,49.6,9.7,41.2,13.7,11.9,9.0,9.8,25.4,29.3,0.7,64.3,14.4,10.4,60.9,33.1,14.6,23.7,10.2,9.8,10.9,15.7,14.5,14.7,11.0,15.7,48.5,54.8,26.9,41.9,28.4,13.6,51.1,30.4,8.9,15.6,16.9,14.5,17.3,10.7,15.2,13.8,10.3,36.0,23.6,48.6,100.0,100.0,100.0,100.0,100.0,100.0,100.0,100.0,0.0,0.0,0.0,0.0,0.0,0.0,0.0,0.0,2.2,0.0,0.0,0.0,0.0,0.0,0.0,0.0,0.0,0.0,0.0,0.0,0.0,0.0,0.0,0.0,98.6,0.0,0.0,0.0,0.0,0.0,0.0,0.0,0.0,0.0,0.0,0.0,0.0,0.0,0.0,0.0,0.0,0.0,0.0,0.0,0.0,0.0,0.0,0.0,0.0,0.0,0.0,0.0,0.0,0.0,0.0,0.0,0.0,0.0,0.0,0.0,0.0,0.0,0.0,0.0,0.0,0.0,0.0,0.0,0.0,0.0,0.0,0.0,0.0,0.0,0.0,0.0,0.0,0.0,0.0,0.0,0.0,0.0,0.0,0.0,0.0,0.0,0.0,0.0,0.0,0.0,0.0,0.0,0.0,0.0,0.0,0.0,0.0,0.0,0.0,0.0,0.0,0.0,0.0,0.0,0.0,0.0,0.0,0.0,0.0,0.0,0.0,0.0,0.0,0.0,0.0,0.0,0.0,0.0,0.0,0.0,0.0,0.0,0.0,0.0,0.0,0.0,0.0,0.0,0.0,0.0,0.0,0.0,0.0,0.0,0.0,0.0,0.0,0.0,0.0,0.0,0.0,0.0,0.0,0.0,0.0,0.0,0.0,0.0,0.0,0.0,0.0,0.0,0.0,0.0,0.0,0.0,0.0,0.0,0.0,0.0,0.0,0.0,0.0,0.0,0.0,0.0,0.0,0.0,0.0,0.0,0.0,0.0,0.0,0.0,0.0,0.0,0.0,0.0,0.0",6.3,65251.70703125,966614.61328125,8689.7861328125,168100.12548828125,43.8701171875
1791409373.2672265,individual_n8_vmnos256_r3:confirmation,10.1,"11.8,35.9,23.8,15.7,20.3,19.4,11.5,12.7,12.3,20.4,22.5,30.1,21.9,12.8,19.2,26.3,13.8,10.9,7.8,46.0,26.8,13.4,38.9,10.4,16.5,9.7,39.9,20.3,69.2,31.9,9.8,13.3,0.0,33.7,19.1,42.0,12.1,50.9,49.1,27.5,32.5,24.8,30.8,39.2,22.6,22.3,43.8,36.9,10.0,10.1,14.7,17.8,45.8,15.9,20.3,34.2,32.3,26.1,46.5,11.5,25.8,14.0,7.6,64.6,41.1,36.4,37.0,19.8,99.4,100.0,100.0,100.0,100.0,100.0,100.0,100.0,0.0,0.0,0.0,0.0,0.0,0.6,0.0,0.0,0.0,0.0,0.0,0.0,0.0,0.0,0.0,0.0,0.0,0.0,0.0,0.0,0.0,0.0,0.0,0.0,100.0,0.0,0.0,0.0,0.0,0.0,0.0,0.0,0.0,0.0,0.0,0.0,0.0,0.0,0.0,0.0,0.0,0.0,0.0,0.0,0.0,0.0,0.0,0.0,0.0,0.0,0.0,0.0,0.0,0.0,0.0,0.0,0.0,0.0,0.0,0.0,0.0,0.0,0.0,0.0,0.0,0.0,0.0,0.0,0.0,0.0,0.0,0.0,0.0,0.0,0.0,0.0,0.0,0.0,0.0,0.0,0.0,0.0,0.0,0.0,0.0,0.0,0.0,0.0,0.0,0.0,0.0,0.0,0.0,0.0,0.0,0.0,0.0,0.0,0.0,0.0,0.0,0.0,0.0,0.0,0.0,0.0,0.0,0.0,0.0,0.0,0.0,0.0,0.0,0.0,0.0,0.0,0.0,0.0,0.0,0.0,0.0,0.0,0.0,0.0,0.0,0.0,0.0,0.0,0.0,0.0,0.0,0.0,0.0,0.0,0.0,0.0,0.0,0.0,0.0,0.0,0.0,0.0,0.0,0.0,0.0,0.0,0.0,0.0,0.0,0.0,0.0,0.0,0.0,0.0,0.0,0.0,0.0,0.0,0.0,0.0,0.0,0.0,0.0,0.0,0.0,0.0,0.0,0.0,0.0,0.0,0.0,0.0,0.0,0.0,0.0,0.0,0.0,0.0,0.0",6.4,65538.7265625,966327.59375,8689.7861328125,168100.12548828125,43.8701171875
1791409374.277038,individual_n8_vmnos256_r3:confirmation,8.9,"37.9,26.8,17.3,5.2,23.7,10.3,7.2,6.1,4.2,26.5,28.4,7.1,26.5,7.3,4.2,24.5,58.2,15.5,10.9,20.8,5.3,12.5,5.3,53.0,6.1,3.1,5.1,3.0,42.6,20.0,60.8,38.2,4.0,59.8,10.4,7.4,34.7,10.1,12.8,14.9,3.1,9.2,50.5,17.7,35.1,26.0,8.2,10.5,48.0,25.0,10.3,8.3,3.2,25.5,36.6,43.4,6.1,44.0,11.3,7.2,18.6,10.5,30.9,29.5,40.6,16.3,6.0,24.5,100.0,100.0,100.0,100.0,100.0,100.0,100.0,100.0,0.0,0.0,0.0,0.0,0.0,0.0,0.0,0.0,1.0,0.0,0.0,0.0,0.0,0.0,0.0,0.0,0.0,0.0,0.0,0.0,0.0,0.0,4.9,4.0,99.0,3.9,0.0,0.0,0.0,0.0,0.0,0.0,0.0,0.0,0.0,0.0,0.0,0.0,0.0,0.0,0.0,0.0,0.0,0.0,0.0,0.0,0.0,0.0,0.0,0.0,0.0,0.0,0.0,0.0,0.0,0.0,0.0,0.0,0.0,0.0,0.0,0.0,0.0,0.0,0.0,0.0,0.0,0.0,0.0,0.0,0.0,0.0,0.0,0.0,0.0,0.0,0.0,0.0,0.0,0.0,0.0,0.0,0.0,0.0,0.0,0.0,0.0,0.0,0.0,0.0,0.0,0.0,0.0,0.0,0.0,0.0,0.0,0.0,0.0,0.0,0.0,0.0,0.0,0.0,0.0,0.0,0.0,0.0,0.0,0.0,0.0,0.0,0.0,0.0,0.0,0.0,0.0,0.0,0.0,0.0,0.0,0.0,0.0,0.0,0.0,0.0,0.0,0.0,0.0,0.0,0.0,0.0,0.0,0.0,0.0,0.0,0.0,0.0,0.0,0.0,0.0,0.0,0.0,0.0,0.0,0.0,0.0,0.0,0.0,0.0,0.0,0.0,0.0,0.0,0.0,0.0,0.0,0.0,0.0,0.0,0.0,0.0,0.0,0.0,0.0,0.0,0.0,0.0,0.0,0.0,0.0,0.0,0.0,0.0,0.0,0.0,0.0,0.0,0.0",6.3,65324.63671875,966541.68359375,8689.7861328125,168108.67236328125,43.8701171875
1791409375.492607,individual_n8_vmnos256_r3:confirmation,7.8,"13.2,29.0,24.0,5.6,16.0,8.9,9.8,8.7,16.3,23.4,36.8,13.8,50.4,38.4,9.7,38.2,13.0,33.1,9.0,18.4,18.0,11.7,23.2,9.8,15.6,32.3,6.6,18.0,17.4,21.0,8.5,18.5,1.5,0.0,24.6,24.8,15.1,7.3,13.7,14.4,4.1,4.8,28.6,16.5,6.3,6.5,32.5,10.9,22.7,7.5,9.8,4.9,4.8,35.4,3.9,4.7,8.0,7.9,29.8,11.2,12.8,9.8,21.0,7.5,6.5,16.3,5.7,25.6,100.0,100.0,100.0,100.0,100.0,100.0,100.0,100.0,0.0,0.0,0.0,0.0,0.0,0.0,0.0,0.0,0.0,0.0,0.0,0.0,0.0,0.0,0.0,0.0,0.0,0.0,0.0,0.0,0.0,0.0,0.0,0.0,100.0,0.0,0.0,0.0,0.0,0.0,0.0,0.0,0.0,0.0,0.0,0.0,0.0,0.0,0.0,0.0,0.0,0.0,0.0,0.0,0.0,0.0,0.0,0.0,0.0,0.0,0.0,0.0,0.0,0.0,0.0,0.0,0.0,0.0,0.0,0.0,0.0,0.0,0.0,0.0,0.0,0.0,0.0,0.0,0.0,0.0,0.0,0.0,0.0,0.0,0.0,0.0,0.8,0.0,0.0,0.0,0.0,0.0,0.0,1.6,0.0,0.0,0.0,0.0,0.0,0.0,0.0,0.0,0.0,0.0,0.0,0.0,0.0,0.0,0.0,0.0,0.0,0.0,0.0,0.0,0.0,0.0,0.0,0.0,0.0,0.0,0.0,0.0,0.0,0.0,0.0,0.0,0.0,0.0,0.0,0.0,0.0,0.0,0.0,0.0,0.0,0.0,0.0,0.0,0.0,0.0,0.0,0.0,0.0,0.0,0.0,0.0,0.0,0.0,0.0,0.0,0.0,0.0,0.0,0.0,0.0,0.0,0.0,0.0,0.0,0.0,0.0,0.0,0.0,0.0,0.0,0.0,0.0,0.0,0.0,0.0,0.0,0.0,0.0,0.0,0.0,0.0,0.0,0.0,0.0,0.0,0.0,0.0,0.0,0.0,0.0,0.0,0.0,0.0,0.0",6.4,65647.453125,966218.8671875,8689.7861328125,168109.17236328125,42.67919921875
1791409376.6260087,idle,6.1,"10.5,9.3,11.1,7.1,12.1,5.1,8.9,7.1,10.2,11.3,8.3,13.5,10.4,8.1,9.4,7.3,7.1,9.2,8.2,7.0,9.3,9.1,7.1,10.4,13.9,8.8,5.9,9.9,8.2,7.1,46.1,54.9,14.7,7.8,8.2,9.2,10.5,14.9,15.5,11.5,9.0,7.0,9.0,12.1,9.1,20.0,7.1,11.2,8.1,8.5,6.2,10.2,8.6,6.1,6.1,9.1,15.0,10.6,11.1,9.0,7.3,15.3,17.5,17.9,2.0,2.0,5.9,3.1,100.0,100.0,99.0,100.0,100.0,100.0,100.0,100.0,0.0,0.0,0.0,0.0,0.0,0.0,0.0,0.0,0.0,0.0,0.0,0.0,0.0,0.0,0.0,0.0,0.0,0.0,0.0,0.0,0.0,0.0,3.9,6.7,33.3,6.9,0.0,0.0,0.0,0.0,0.0,0.0,0.0,0.0,0.0,0.0,0.0,0.0,0.0,0.0,0.0,0.0,0.0,0.0,0.0,0.0,0.0,0.0,0.0,0.0,0.0,0.0,0.0,0.0,0.0,0.0,0.0,0.0,0.0,0.0,0.0,0.0,0.0,0.0,0.0,0.0,0.0,0.0,0.0,0.0,0.0,0.0,0.0,0.0,0.0,0.0,0.0,0.0,0.0,0.0,0.0,0.0,0.0,1.0,0.0,0.0,0.0,0.0,0.0,0.0,0.0,0.0,0.0,0.0,0.0,0.0,0.0,0.0,0.0,0.0,0.0,0.0,0.0,0.0,0.0,0.0,0.0,0.0,0.0,0.0,0.0,0.0,0.0,0.0,0.0,0.0,0.0,0.0,0.0,0.0,0.0,0.0,0.0,0.0,0.0,0.0,0.0,0.0,0.0,0.0,0.0,0.0,0.0,0.0,0.0,0.0,0.0,0.0,0.0,0.0,0.0,0.0,0.0,0.0,0.0,0.0,0.0,0.0,0.0,0.0,0.0,0.0,0.0,0.0,0.0,0.0,0.0,0.0,0.0,0.0,0.0,0.0,0.0,0.0,0.0,0.0,0.0,0.0,0.0,0.0,0.0,0.0,0.0,0.0,0.0,0.0,0.0,0.0,0.0",6.3,65122.96484375,966743.35546875,8689.7861328125,168109.17236328125,42.67919921875
1791409377.6585667,idle,5.0,"4.6,10.7,5.0,0.0,12.7,1.0,5.9,1.9,3.0,3.0,5.9,3.9,4.0,2.9,2.9,1.9,5.0,1.0,5.9,2.9,1.0,7.8,1.0,5.9,3.9,2.0,1.9,0.0,1.9,1.0,64.4,82.7,25.2,3.8,1.0,3.9,5.0,7.8,9.6,1.9,6.9,3.9,1.0,3.8,3.8,8.7,2.9,21.8,2.9,9.2,9.7,3.0,5.1,3.8,2.0,3.8,8.8,7.9,5.9,2.0,10.5,9.7,10.7,19.6,0.0,0.0,1.0,1.0,100.0,100.0,100.0,100.0,99.0,99.0,100.0,100.0,0.0,0.0,0.0,0.0,0.0,1.0,0.0,0.0,0.0,0.0,0.0,0.0,0.0,0.0,0.0,0.0,0.0,0.0,0.0,0.0,0.0,0.0,6.7,3.8,0.0,3.8,0.0,0.0,0.0,0.0,0.0,0.0,0.0,0.0,0.0,0.0,0.0,0.0,0.0,0.0,0.0,0.0,0.0,0.0,0.0,0.0,0.0,0.0,0.0,0.0,0.0,0.0,0.0,0.0,0.0,0.0,0.0,0.0,0.0,0.0,0.0,0.0,0.0,0.0,0.0,0.0,0.0,0.0,0.0,0.0,0.0,0.0,0.0,0.0,0.0,0.0,0.0,0.0,0.0,0.0,0.0,0.0,0.0,0.0,0.0,0.0,0.0,0.0,0.0,0.0,0.0,0.0,0.0,0.0,0.0,0.0,0.0,0.0,0.0,0.0,0.0,0.0,0.0,0.0,0.0,0.0,0.0,0.0,0.0,0.0,0.0,0.0,0.0,0.0,0.0,0.0,0.0,0.0,0.0,0.0,0.0,0.0,0.0,0.0,0.0,0.0,0.0,0.0,0.0,0.0,0.0,0.0,0.0,0.0,0.0,0.0,0.0,0.0,0.0,0.0,0.0,0.0,0.0,0.0,0.0,0.0,0.0,0.0,0.0,0.0,0.0,0.0,0.0,0.0,0.0,0.0,0.0,0.0,0.0,0.0,0.0,0.0,0.0,0.0,0.0,0.0,0.0,0.0,0.0,0.0,0.0,0.0,0.0,0.0,0.0,0.0,0.0,0.0,0.0",6.3,65388.73046875,966477.58984375,8689.7861328125,168109.17236328125,42.67919921875
1791409378.708903,idle,6.2,"12.4,7.4,11.1,6.1,13.3,7.0,10.0,10.9,3.0,6.1,10.3,12.2,14.1,8.1,6.0,10.9,7.8,5.2,9.1,4.1,5.9,5.1,10.0,9.0,5.0,5.9,4.9,3.9,6.9,3.9,69.6,81.6,45.1,33.7,7.9,6.9,6.9,9.9,5.1,4.0,5.1,12.0,8.2,12.0,7.1,9.1,11.2,7.9,6.1,9.2,8.0,7.2,7.4,5.1,6.9,4.0,6.2,21.2,7.1,19.8,7.2,8.2,8.1,10.9,2.0,3.0,2.0,2.0,100.0,100.0,100.0,100.0,100.0,100.0,99.0,100.0,0.0,0.0,0.0,0.0,0.0,0.0,0.0,0.0,0.0,0.0,0.0,0.0,0.0,0.0,0.0,0.0,0.0,0.0,0.0,0.0,0.0,0.0,2.9,2.9,2.9,7.8,0.0,0.0,0.0,0.0,0.0,0.0,0.0,0.0,0.0,0.0,0.0,0.0,0.0,0.0,0.0,0.0,0.0,0.0,0.0,0.0,0.0,0.0,0.0,0.0,0.0,0.0,0.0,0.0,0.0,0.0,0.0,0.0,0.0,0.0,0.0,0.0,0.0,0.0,0.0,0.0,0.0,0.0,0.0,0.0,0.0,0.0,0.0,0.0,0.0,0.0,0.0,0.0,0.0,0.0,0.0,0.0,0.0,0.0,0.0,0.0,0.0,0.0,0.0,0.0,0.0,0.0,0.0,0.0,0.0,0.0,0.0,0.0,0.0,0.0,0.0,0.0,0.0,0.0,0.0,0.0,0.0,0.0,0.0,0.0,0.0,0.0,0.0,0.0,0.0,0.0,0.0,0.0,0.0,0.0,0.0,0.0,0.0,0.0,0.0,0.0,0.0,0.0,0.0,0.0,0.0,0.0,0.0,0.0,0.0,0.0,0.0,0.0,0.0,0.0,0.0,0.0,0.0,0.0,0.0,0.0,0.0,0.0,0.0,0.0,0.0,0.0,0.0,0.0,0.0,0.0,0.0,0.0,0.0,0.0,0.0,0.0,0.0,0.0,0.0,0.0,0.0,0.0,0.0,0.0,0.0,0.0,0.0,0.0,0.0,0.0,0.0,0.0,0.0",6.3,65269.51171875,966596.80859375,8689.7861328125,168109.17236328125,42.67919921875
1791409379.7631934,idle,5.3,"7.5,9.0,9.8,5.0,2.9,2.9,4.8,5.8,4.8,1.0,3.9,3.8,4.8,2.0,3.8,6.7,2.9,1.9,5.8,0.9,1.9,1.9,1.9,2.1,1.9,1.9,3.8,1.0,8.9,1.9,61.5,84.8,44.7,66.0,1.9,5.8,4.9,3.9,9.7,2.0,3.9,2.9,5.8,3.9,1.9,6.7,2.0,6.7,1.9,3.0,3.0,11.2,4.0,2.9,3.8,5.0,2.9,1.0,2.9,7.7,1.9,12.4,1.9,4.8,0.9,1.0,1.0,1.0,100.0,100.0,100.0,100.0,99.0,99.1,100.0,99.1,0.0,0.0,0.0,0.0,0.0,0.0,0.0,0.0,0.0,0.0,0.0,0.0,0.0,0.0,0.0,0.0,0.0,0.0,0.0,0.0,0.0,0.0,23.1,1.9,1.0,3.8,0.0,0.0,0.0,0.0,0.0,0.0,0.0,0.0,0.0,0.0,0.0,0.9,0.0,0.0,0.0,0.0,0.0,0.0,0.0,0.0,0.0,0.0,0.0,0.0,0.0,0.0,0.0,0.0,0.0,0.0,0.0,0.0,0.0,0.0,0.0,0.0,0.0,0.0,0.0,0.0,0.0,0.0,0.0,0.0,0.0,0.0,0.0,0.0,0.0,0.0,0.0,0.0,0.0,0.0,0.0,0.0,0.0,1.9,0.0,0.0,0.0,0.0,0.0,0.0,0.0,0.0,0.0,0.0,0.0,0.0,0.0,0.0,0.0,0.0,0.0,0.0,0.0,0.0,0.0,0.0,0.0,0.0,0.0,0.0,0.0,0.0,0.0,0.0,0.0,0.0,0.0,0.0,0.0,0.0,0.0,0.0,0.0,0.0,0.0,0.0,0.0,0.0,0.0,0.0,0.0,0.0,0.0,0.0,0.0,0.0,0.0,0.0,0.0,0.0,0.0,0.0,0.0,0.0,0.0,0.0,0.0,0.0,0.0,0.0,0.0,0.0,0.0,0.0,0.0,0.0,0.0,0.0,0.0,0.0,0.0,0.0,0.0,0.0,0.0,0.0,0.0,0.0,0.0,0.0,0.0,0.0,0.0,0.0,0.0,0.0,0.0,0.0,0.0",6.3,64942.05859375,966924.26171875,8689.7861328125,168113.86376953125,42.67919921875
1791409380.7989817,idle,6.1,"11.2,10.2,12.6,8.0,8.4,8.2,17.0,11.9,10.9,6.0,13.0,6.0,10.0,7.0,5.0,10.9,17.3,5.2,8.9,7.1,6.0,7.1,8.0,15.6,2.0,3.9,3.8,5.7,2.0,1.0,50.0,77.7,89.2,34.3,1.0,7.8,8.1,7.1,11.1,4.1,8.9,9.2,8.7,6.1,7.1,7.2,7.0,10.1,3.0,8.4,6.1,10.3,8.1,9.7,6.2,6.2,11.9,6.9,9.9,9.2,11.2,14.7,5.1,5.9,2.0,2.9,3.0,1.0,100.0,100.0,100.0,100.0,99.0,100.0,100.0,100.0,0.0,0.0,0.0,0.0,0.0,1.9,0.0,0.0,0.0,0.0,0.0,0.0,0.0,0.0,0.0,0.0,0.0,0.0,0.0,0.0,0.0,0.0,8.8,3.9,1.0,9.6,0.0,0.0,0.0,0.0,0.0,0.0,0.0,0.0,0.0,0.0,0.0,0.0,0.0,0.0,0.0,0.0,0.0,0.0,0.0,0.0,0.0,0.0,0.0,0.0,0.0,0.0,0.0,0.0,0.0,0.0,0.0,0.0,0.0,0.0,0.0,0.0,0.0,0.0,0.0,0.0,0.0,0.0,0.0,0.0,0.0,0.0,0.0,0.0,0.0,0.0,0.0,0.0,0.0,0.0,0.0,0.0,0.0,0.0,0.0,0.0,0.0,0.0,0.0,0.0,0.0,0.0,0.0,0.0,0.0,0.0,0.0,0.0,1.0,0.0,0.0,0.0,0.0,0.0,0.0,0.0,0.0,0.0,0.0,0.0,0.0,0.0,0.0,0.0,0.0,0.0,0.0,0.0,0.0,0.0,0.0,0.0,0.0,0.0,0.0,0.0,0.0,0.0,0.0,0.0,0.0,0.0,0.0,0.0,0.0,0.0,0.0,0.0,0.0,0.0,0.0,0.0,0.0,0.0,0.0,0.0,0.0,0.0,0.0,0.0,0.0,0.0,0.0,0.0,0.0,0.0,0.0,0.0,0.0,0.0,0.0,0.0,0.0,0.0,0.0,0.0,0.0,0.0,0.0,0.0,0.0,0.0,0.0,0.0,0.0,0.0,0.0,0.0,0.0",6.3,65385.49609375,966480.82421875,8689.7861328125,168114.10595703125,41.10302734375
1791409381.8460407,idle,5.0,"9.0,5.0,6.9,0.0,2.9,8.9,5.0,4.8,1.9,6.7,2.9,1.0,13.5,1.9,1.0,5.8,9.0,2.0,4.9,2.0,0.0,1.9,2.9,0.0,1.0,0.0,0.0,0.0,1.9,0.0,26.7,100.0,99.1,23.0,1.9,2.0,4.9,7.8,2.9,4.9,1.0,1.0,0.0,4.8,1.0,1.0,1.0,2.9,1.0,4.0,6.8,12.9,2.0,0.0,3.8,1.9,2.9,0.0,1.0,1.9,8.7,13.6,10.1,1.0,0.0,0.0,0.0,0.0,100.0,99.0,100.0,100.0,100.0,100.0,100.0,99.0,0.0,0.0,0.0,0.0,0.0,0.0,0.0,0.0,1.0,0.0,0.0,0.0,0.0,0.0,0.0,0.0,0.0,0.0,0.0,0.0,0.0,0.0,10.5,0.0,0.0,0.0,0.0,0.0,0.0,0.0,0.0,0.0,0.0,0.0,0.0,0.0,0.0,0.0,0.0,0.0,0.0,0.0,0.0,0.0,0.0,0.0,0.0,0.0,0.0,0.0,0.0,0.0,0.0,0.0,0.0,0.0,0.0,0.0,0.0,0.0,0.0,0.0,0.0,0.0,0.0,0.0,0.0,0.0,0.0,0.0,0.0,0.0,0.0,0.0,0.0,0.0,0.0,0.0,0.0,0.0,0.0,0.0,0.0,0.0,0.0,0.0,0.0,0.0,0.0,0.0,0.0,0.0,0.0,0.0,0.0,0.0,0.0,0.0,0.0,0.0,0.0,0.0,0.0,0.0,0.0,0.0,0.0,0.0,0.0,0.0,0.0,0.0,0.0,0.0,0.0,0.0,0.0,0.0,0.0,0.0,0.0,0.0,0.0,0.0,0.0,0.0,0.0,0.0,0.0,0.0,0.0,0.0,0.0,0.0,0.0,0.0,0.0,0.0,0.0,0.0,0.0,0.0,0.0,0.0,0.0,0.0,0.0,0.0,0.0,0.0,0.0,0.0,0.0,0.0,0.0,0.0,0.0,0.0,0.0,0.0,0.0,0.0,0.0,0.0,0.0,0.0,0.0,0.0,0.0,0.0,0.0,0.0,0.0,0.0,0.0,0.0,0.0,0.0,0.0",6.3,65244.23828125,966622.08203125,8689.7861328125,168114.10595703125,41.10302734375
1791409382.8823707,idle,6.1,"16.5,9.2,9.3,8.9,8.2,9.9,24.7,10.0,8.8,9.8,5.1,5.0,14.1,5.0,4.9,9.0,5.9,8.7,6.1,9.7,21.0,6.9,5.1,8.0,3.9,5.0,2.0,3.8,4.0,3.0,51.5,30.8,49.0,90.5,6.9,7.1,7.0,9.9,7.9,9.8,6.0,8.9,8.2,8.9,5.9,5.9,8.2,5.0,5.1,8.3,16.3,13.3,12.5,6.2,14.1,5.9,11.0,8.0,7.0,7.1,12.0,8.0,7.1,7.8,2.0,2.0,3.9,4.9,100.0,100.0,100.0,100.0,100.0,100.0,100.0,100.0,0.0,0.0,0.0,0.0,0.0,0.0,0.0,0.0,1.0,0.0,0.0,0.0,0.0,0.0,0.0,0.0,0.0,0.0,0.0,0.0,0.0,0.0,0.0,0.0,1.0,14.7,0.0,0.0,0.0,0.0,0.0,0.0,0.0,0.0,0.0,0.0,0.0,0.0,0.0,0.0,0.0,0.0,0.0,0.0,0.0,0.0,0.0,0.0,0.0,0.0,0.0,0.0,0.0,0.0,0.0,0.0,0.0,0.0,0.0,0.0,0.0,0.0,0.0,0.0,0.0,0.0,0.0,0.0,0.0,0.0,0.0,0.0,0.0,0.0,0.0,0.0,0.0,0.0,0.0,0.0,0.0,0.0,0.0,0.0,0.0,0.0,0.0,0.0,0.0,0.0,0.0,0.0,0.0,0.0,0.0,0.0,0.0,0.0,0.0,0.0,0.0,0.0,0.0,0.0,0.0,0.0,0.0,0.0,0.0,0.0,0.0,0.0,0.0,0.0,0.0,0.0,0.0,0.0,0.0,0.0,0.0,0.0,0.0,0.0,0.0,0.0,0.0,0.0,0.0,0.0,0.0,0.0,0.0,0.0,0.0,0.0,0.0,0.0,0.0,0.0,0.0,0.0,0.0,0.0,0.0,0.0,0.0,0.0,0.0,0.0,0.0,0.0,0.0,0.0,0.0,0.0,0.0,0.0,0.0,0.0,0.0,0.0,0.0,0.0,0.0,0.0,0.0,0.0,0.0,0.0,0.0,0.0,0.0,0.0,0.0,0.0,0.0,0.0,0.0",6.3,65296.53125,966569.7890625,8689.7861328125,168114.10595703125,41.10302734375
1791409383.934487,idle,4.7,"7.9,3.0,9.7,10.8,1.0,0.9,8.7,1.9,1.9,0.0,3.8,1.9,4.8,1.0,2.9,10.6,4.9,1.9,1.0,0.0,1.9,1.0,3.8,2.0,0.0,2.9,0.0,1.0,1.0,2.9,75.0,30.4,75.0,25.0,2.9,1.9,2.9,3.8,5.8,1.0,1.0,1.9,5.8,2.9,0.0,6.6,11.5,8.7,2.9,2.0,2.9,3.2,6.2,3.8,2.0,5.0,7.7,1.0,1.9,1.9,1.0,4.8,1.0,3.9,0.0,0.0,0.9,0.0,99.0,100.0,100.0,99.0,100.0,100.0,100.0,99.1,0.0,0.0,0.0,0.0,0.0,0.0,0.0,0.0,1.9,0.9,0.0,0.0,0.0,0.0,0.0,0.0,0.0,0.0,0.0,0.0,0.0,0.0,2.9,0.0,0.0,1.9,0.0,0.0,0.0,0.0,0.0,0.0,0.0,0.0,0.0,0.0,0.0,0.0,0.0,0.0,0.0,0.0,0.0,0.0,0.0,0.0,0.0,0.0,0.0,0.0,0.0,0.0,0.0,0.0,0.0,0.0,0.0,0.0,0.0,0.0,0.0,0.0,0.0,0.0,0.0,0.0,0.0,0.0,0.0,0.0,0.0,0.0,0.0,0.0,0.0,0.0,0.0,0.0,0.0,0.0,0.0,0.0,0.0,1.0,0.0,0.0,0.0,0.0,0.0,0.0,0.0,0.0,0.0,0.0,0.0,0.0,0.0,0.0,0.0,0.0,0.0,0.0,0.0,0.0,0.0,0.0,0.0,0.0,0.0,0.0,0.0,0.0,0.0,0.0,0.0,0.0,0.0,0.0,0.0,0.0,0.0,0.0,0.0,0.0,0.0,0.0,0.0,0.0,0.0,0.0,0.0,0.0,0.0,0.0,0.0,0.0,0.0,0.0,0.0,0.0,0.0,0.0,0.0,0.0,0.0,0.0,0.0,0.0,0.0,0.0,0.0,0.0,0.0,0.0,0.0,0.0,0.0,0.0,0.0,0.0,0.0,0.0,0.0,0.0,0.0,0.0,0.0,0.0,0.0,0.0,0.0,0.0,0.0,0.0,0.0,0.0,0.0,0.0,0.0",6.4,66231.21484375,965635.10546875,8689.7861328125,168115.43017578125,41.10302734375
1791409384.9853444,idle,6.1,"13.2,6.3,12.0,9.8,29.1,8.0,18.4,12.9,4.9,8.1,13.1,5.0,13.9,7.0,6.9,9.7,5.0,9.9,5.9,7.0,18.4,6.9,6.9,14.1,7.8,7.9,6.9,7.8,6.9,6.9,42.2,4.9,25.5,45.6,9.0,5.9,16.2,14.0,8.1,11.9,11.2,13.0,4.1,9.1,7.8,10.0,13.3,9.1,8.2,6.1,8.9,13.0,9.1,8.8,16.2,17.2,10.0,10.6,6.9,8.7,4.9,8.3,9.8,10.6,4.8,2.9,2.9,2.9,100.0,100.0,100.0,100.0,100.0,100.0,100.0,100.0,0.0,0.0,0.0,0.0,0.0,1.0,0.0,0.0,0.0,0.0,0.0,0.0,0.0,0.0,0.0,0.0,0.0,0.0,0.0,0.0,0.0,0.0,2.9,3.8,1.0,25.5,0.0,0.0,0.0,0.0,0.0,0.0,0.0,0.0,0.0,0.0,0.0,0.0,0.0,0.0,0.0,0.0,0.0,0.0,0.0,0.0,0.0,0.0,0.0,0.0,0.0,0.0,0.0,0.0,0.0,0.0,0.0,0.0,0.0,0.0,0.0,0.0,0.0,0.0,0.0,0.0,0.0,0.0,0.0,0.0,0.0,0.0,0.0,0.0,0.0,0.0,0.0,0.0,0.0,0.0,0.0,0.0,0.0,0.0,0.0,0.0,0.0,0.0,0.0,0.0,0.0,0.0,0.0,0.0,0.0,0.0,0.0,0.0,0.0,0.0,0.0,0.0,0.0,0.0,0.0,0.0,0.0,0.0,0.0,0.0,0.0,0.0,0.0,0.0,0.0,0.0,0.0,0.0,0.0,0.0,0.0,0.0,0.0,0.0,0.0,0.0,0.0,0.0,0.0,0.0,0.0,0.0,0.0,0.0,0.0,0.0,0.0,0.0,0.0,0.0,0.0,0.0,0.0,0.0,0.0,0.0,0.0,0.0,0.0,0.0,0.0,0.0,0.0,0.0,0.0,0.0,0.0,0.0,0.0,0.0,0.0,0.0,0.0,0.0,0.0,0.0,0.0,0.0,0.0,0.0,0.0,0.0,0.0,0.0,0.0,0.0,0.0,0.0,0.0",6.3,64990.89453125,966875.42578125,8689.7861328125,168115.65283203125,41.10302734375
1791409386.0207863,idle,4.8,"19.4,8.0,2.9,6.0,2.0,1.0,2.0,6.9,0.0,1.9,5.9,2.0,0.0,1.0,1.0,4.9,2.1,1.9,1.0,2.0,3.0,1.0,1.9,1.9,2.0,0.0,0.0,2.9,2.0,1.0,63.1,28.8,33.0,27.2,3.0,1.9,7.1,4.0,7.8,6.9,5.0,1.0,3.8,14.9,7.9,3.0,12.7,4.1,1.9,3.1,6.8,10.6,4.3,5.0,5.9,1.9,4.9,3.0,1.0,0.0,3.0,3.9,1.9,1.0,0.0,0.0,0.0,0.0,100.0,99.0,100.0,100.0,99.0,100.0,100.0,100.0,0.0,0.0,0.0,0.0,0.0,1.0,1.0,0.0,0.0,0.0,0.0,0.0,0.0,0.0,0.0,0.0,0.0,0.0,0.0,0.0,0.0,0.0,5.8,1.9,1.0,0.0,0.0,0.0,0.0,0.0,0.0,0.0,0.0,0.0,0.0,0.0,0.0,0.0,0.0,0.0,0.0,0.0,0.0,0.0,0.0,0.0,0.0,0.0,0.0,0.0,0.0,0.0,0.0,0.0,0.0,0.0,0.0,0.0,0.0,0.0,0.0,0.0,0.0,0.0,0.0,0.0,0.0,0.0,0.0,0.0,0.0,0.0,0.0,0.0,0.0,0.0,0.0,0.0,0.0,0.0,0.0,0.0,0.0,1.0,0.0,0.0,0.0,0.0,0.0,0.0,0.0,0.0,0.0,0.0,0.0,0.0,0.0,0.0,0.0,0.0,0.0,0.0,0.0,0.0,0.0,0.0,0.0,0.0,0.0,0.0,0.0,0.0,0.0,0.0,0.0,0.0,0.0,0.0,0.0,0.0,0.0,0.0,0.0,0.0,0.0,0.0,0.0,0.0,0.0,0.0,0.0,0.0,0.0,0.0,0.0,0.0,0.0,0.0,0.0,0.0,0.0,34.0,0.0,0.0,0.0,0.0,0.0,0.0,0.0,0.0,0.0,0.0,0.0,0.0,0.0,0.0,0.0,0.0,0.0,0.0,0.0,0.0,0.0,0.0,0.0,0.0,0.0,0.0,0.0,0.0,0.0,0.0,0.0,0.0,0.0,0.0,0.0,0.0,0.0",6.3,65018.78125,966847.5390625,8689.7861328125,168115.86767578125,39.4130859375
1791409387.0631645,idle,6.7,"19.4,7.9,12.6,5.8,4.0,5.9,5.8,7.0,3.8,5.8,6.9,10.7,6.1,7.8,8.6,6.8,8.7,9.7,8.9,6.9,30.5,6.7,7.8,4.0,4.9,5.7,1.9,2.9,2.0,1.0,70.2,74.3,36.5,59.6,5.9,4.9,14.0,12.6,4.0,6.9,5.8,6.8,7.7,9.7,17.6,7.7,17.1,13.3,3.9,5.0,11.7,12.7,14.4,8.7,17.2,4.9,2.9,13.3,2.0,10.4,34.3,5.0,3.0,6.7,2.0,2.0,2.9,2.9,100.0,100.0,100.0,100.0,100.0,100.0,100.0,100.0,0.0,0.0,0.0,0.0,0.0,0.0,0.0,0.0,0.0,0.0,0.0,0.0,0.0,0.0,0.0,0.0,0.0,0.0,0.0,0.0,0.0,0.0,7.8,5.7,4.8,4.8,0.0,0.0,0.0,0.0,0.0,0.0,0.0,0.0,0.0,0.0,0.0,0.0,0.0,0.0,0.0,0.0,0.0,0.0,0.0,0.0,0.0,0.0,0.0,0.0,0.0,0.0,0.0,0.0,0.0,0.0,0.0,0.0,0.0,0.0,0.0,0.0,0.0,0.0,0.0,0.0,0.0,0.0,0.0,0.0,0.0,0.0,0.0,0.0,0.0,0.0,0.0,0.0,0.0,0.0,0.0,0.0,0.0,1.0,0.0,0.0,0.0,0.0,0.0,0.0,0.0,0.0,0.0,0.0,0.0,0.0,0.0,0.0,0.0,0.0,0.0,0.0,0.0,0.0,0.0,0.0,0.0,0.0,0.0,0.0,0.0,0.0,0.0,0.0,0.0,0.0,0.0,0.0,0.0,0.0,0.0,0.0,0.0,0.0,0.0,0.0,0.0,0.0,0.0,0.0,0.0,0.0,0.0,0.0,0.0,0.0,0.0,0.0,0.0,0.0,0.0,100.0,0.0,0.0,0.0,0.0,0.0,0.0,0.0,0.0,0.0,0.0,0.0,0.0,0.0,0.0,0.0,0.0,0.0,0.0,0.0,0.0,0.0,0.0,0.0,0.0,0.0,0.0,0.0,0.0,0.0,0.0,0.0,0.0,0.0,0.0,0.0,0.0,0.0",6.3,65328.71484375,966537.60546875,8689.7861328125,168115.86767578125,39.4130859375
1791409388.1001675,idle,5.1,"13.1,5.8,10.7,2.9,1.9,4.9,2.9,1.0,0.0,1.0,3.9,4.0,3.0,1.0,1.0,3.9,4.0,9.9,4.9,3.0,2.0,2.0,4.8,0.0,1.0,4.0,0.0,1.9,7.8,0.0,11.9,70.6,18.4,64.7,3.9,6.9,2.9,5.0,8.2,11.0,1.9,9.8,0.0,2.9,1.0,1.0,6.9,0.0,1.0,4.1,8.8,5.1,17.7,2.0,5.0,5.0,3.8,3.8,1.0,9.8,5.9,1.0,2.0,0.0,0.0,1.0,1.0,1.0,100.0,100.0,100.0,100.0,100.0,100.0,100.0,100.0,0.0,0.0,0.0,0.0,0.0,0.0,0.0,0.0,1.0,0.0,0.0,0.0,0.0,0.0,0.0,0.0,0.0,0.0,0.0,0.0,0.0,0.0,3.9,2.0,2.9,1.0,0.0,0.0,0.0,0.0,0.0,0.0,0.0,0.0,0.0,0.0,0.0,0.0,0.0,0.0,0.0,0.0,0.0,0.0,0.0,0.0,0.0,0.0,0.0,0.0,0.0,0.0,0.0,0.0,0.0,0.0,0.0,0.0,0.0,0.0,0.0,0.0,0.0,0.0,0.0,0.0,0.0,0.0,0.0,0.0,0.0,0.0,0.0,0.0,0.0,0.0,0.0,0.0,0.0,0.0,0.0,0.0,0.0,0.0,0.0,0.0,0.0,0.0,0.0,0.0,0.0,0.0,0.0,0.0,0.0,0.0,0.0,0.0,0.0,0.0,0.0,0.0,0.0,0.0,0.0,0.0,0.0,0.0,0.0,0.0,0.0,0.0,0.0,0.0,0.0,0.0,0.0,0.0,0.0,0.0,0.0,0.0,0.0,0.0,0.0,0.0,0.0,0.0,0.0,0.0,0.0,0.0,0.0,0.0,0.0,0.0,0.0,0.0,0.0,0.0,0.0,100.0,0.0,0.0,0.0,0.0,0.0,0.0,0.0,0.0,0.0,0.0,0.0,0.0,0.0,0.0,0.0,0.0,0.0,0.0,0.0,0.0,0.0,0.0,0.0,0.0,0.0,0.0,0.0,0.0,0.0,0.0,0.0,0.0,0.0,0.0,0.0,0.0,0.0",6.3,65385.5625,966480.7578125,8689.7861328125,168115.86767578125,39.4130859375
1791409389.1484761,idle,6.5,"17.5,2.0,6.0,2.9,2.9,9.7,8.8,7.7,3.9,3.9,7.8,8.7,9.7,8.0,9.0,10.8,5.9,11.0,7.1,7.9,8.8,11.0,7.8,5.1,2.9,2.9,1.9,3.8,1.0,3.8,89.5,50.5,90.4,52.9,2.9,3.9,3.9,10.7,5.9,5.8,9.0,6.8,15.0,9.7,7.8,2.9,12.9,6.9,7.8,11.0,10.0,8.2,8.4,17.0,8.8,8.7,5.0,6.8,3.9,21.4,8.7,8.7,2.9,3.9,1.9,0.0,4.8,1.0,100.0,100.0,100.0,100.0,100.0,100.0,100.0,100.0,0.0,0.0,0.0,0.0,0.0,1.0,0.0,0.0,0.0,0.0,0.0,0.0,0.0,0.0,0.0,0.0,0.0,0.0,0.0,0.0,0.0,0.0,4.9,4.8,1.9,1.0,0.0,0.0,0.0,0.0,0.0,0.0,0.0,0.0,0.0,0.0,0.0,0.0,0.0,0.0,0.0,0.0,0.0,0.0,0.0,0.0,0.0,0.0,0.0,0.0,0.0,0.0,0.0,0.0,0.0,0.0,0.0,0.0,0.0,0.0,0.0,0.0,0.0,0.0,0.0,0.0,0.0,0.0,0.0,0.0,0.0,0.0,0.0,0.0,0.0,0.0,0.0,0.0,0.0,0.0,0.0,0.0,0.0,0.0,0.0,0.0,0.0,0.0,0.0,0.0,0.0,0.0,0.0,0.0,0.0,0.0,0.0,0.0,0.0,0.0,0.0,0.0,0.0,0.0,0.0,0.0,0.0,0.0,0.0,0.0,0.0,0.0,0.0,0.0,0.0,0.0,0.0,0.0,0.0,0.0,0.0,0.0,0.0,0.0,0.0,0.0,0.0,0.0,0.0,0.0,0.0,0.0,0.0,0.0,0.0,0.0,0.0,0.0,0.0,0.0,0.0,100.0,0.0,0.0,0.0,0.0,0.0,0.0,0.0,0.0,0.0,0.0,0.0,0.0,0.0,0.0,0.0,0.0,0.0,0.0,0.0,0.0,0.0,0.0,0.0,0.0,0.0,0.0,0.0,0.0,0.0,0.0,0.0,0.0,0.0,0.0,0.0,0.0,0.0",6.4,65936.6171875,965929.703125,8689.7861328125,168117.19189453125,39.4130859375
1791409390.2033806,idle,5.2,"6.8,2.0,3.8,0.9,0.0,1.0,8.8,0.0,0.0,1.0,2.8,2.9,1.0,4.9,17.5,0.9,3.9,6.9,5.7,4.8,1.0,2.8,3.8,16.2,1.0,0.0,0.0,0.0,13.3,0.0,84.0,88.6,31.4,51.9,1.0,1.0,1.9,1.9,5.8,3.9,1.9,1.9,4.8,2.8,1.9,1.9,8.7,10.6,0.0,2.9,7.5,3.0,9.0,5.0,4.9,11.5,4.8,3.8,1.9,2.9,1.0,0.0,7.9,2.9,1.0,0.9,0.0,0.0,100.0,100.0,100.0,100.0,99.1,100.0,100.0,100.0,0.0,0.0,0.0,0.0,0.0,0.0,0.0,0.0,2.0,0.0,0.0,0.0,0.0,0.0,0.0,0.0,0.0,0.0,0.0,0.0,0.0,0.0,9.6,7.7,3.8,3.8,0.0,0.0,0.0,0.0,0.0,0.0,0.0,0.0,0.0,0.0,0.0,0.0,0.0,0.0,0.0,0.0,0.0,0.0,0.0,0.0,0.0,0.0,0.0,0.0,0.0,0.0,0.0,0.0,0.0,0.0,0.0,0.0,0.0,0.0,0.0,0.0,0.0,0.0,0.0,0.0,0.0,0.0,0.9,0.0,0.0,0.0,0.9,0.0,0.0,0.0,0.0,0.0,0.0,0.0,0.0,0.0,0.0,1.0,0.0,0.0,0.0,0.0,0.0,0.0,0.0,0.0,0.0,0.0,0.0,0.0,0.0,0.0,0.0,0.0,0.0,0.0,0.0,0.0,0.0,0.0,0.0,0.0,0.0,0.0,0.0,0.0,0.0,0.0,0.0,0.0,0.0,0.0,0.0,0.0,0.0,0.0,0.0,0.0,0.0,0.0,0.0,0.0,0.0,0.0,0.0,0.0,0.0,0.0,0.0,0.0,0.0,0.0,0.0,0.0,0.0,1.9,0.0,0.0,0.0,0.0,0.0,0.0,0.0,0.0,0.0,0.0,0.0,0.0,0.0,0.0,0.0,0.0,0.0,0.0,0.0,0.0,0.0,0.0,0.0,0.0,0.0,0.0,0.0,0.0,0.0,0.0,0.0,0.0,0.0,0.0,0.0,0.0,0.0",6.3,65424.08984375,966442.23046875,8689.7861328125,168117.50439453125,39.4130859375
1791409391.2567015,idle,6.2,"14.9,5.9,8.9,5.8,4.8,3.9,11.7,10.5,15.0,5.1,3.0,11.0,5.9,12.1,16.0,7.8,5.1,6.9,15.8,10.6,5.9,5.1,9.8,8.0,1.9,4.9,2.9,2.9,4.0,3.9,92.4,41.6,83.7,54.4,4.8,3.9,6.7,4.8,24.3,1.0,13.9,5.0,5.8,7.8,5.9,5.9,19.2,8.1,6.3,10.3,10.8,12.2,19.8,9.1,7.1,9.8,8.6,9.9,4.0,5.0,5.9,5.9,7.8,5.8,2.9,1.9,7.5,4.7,100.0,100.0,100.0,99.1,100.0,100.0,100.0,100.0,0.0,0.0,0.0,0.0,0.0,0.0,0.0,0.0,0.0,0.0,0.0,0.0,0.0,0.0,0.0,0.0,0.0,0.0,0.0,0.0,0.0,0.0,6.8,1.0,5.7,5.8,0.0,0.0,0.0,0.0,0.0,0.0,0.0,0.0,0.0,0.0,0.0,0.0,0.0,0.0,0.0,0.0,0.0,0.0,0.0,0.0,0.0,0.0,0.0,0.0,0.0,0.0,0.0,0.0,0.0,0.0,0.0,0.0,0.0,0.0,0.0,0.0,0.0,0.0,0.0,0.0,0.0,0.0,0.0,0.0,0.0,0.0,0.0,0.0,0.0,0.0,0.0,0.0,0.0,0.0,0.0,0.0,0.0,0.0,0.0,0.0,0.0,0.0,0.0,0.0,0.0,0.0,0.0,0.0,0.0,0.0,0.0,0.0,0.0,0.0,0.0,0.0,0.0,0.0,0.0,0.0,0.0,0.0,0.0,0.0,0.0,0.0,0.0,0.0,0.0,0.0,0.0,0.0,0.0,0.0,0.0,0.0,0.0,0.0,0.0,0.0,0.0,0.0,0.0,0.0,0.0,0.0,0.0,0.0,0.0,0.0,0.0,0.0,0.0,0.0,0.0,0.0,0.0,0.0,0.0,0.0,0.0,0.0,0.0,0.0,0.0,0.0,0.0,0.0,0.0,0.0,0.0,0.0,0.0,0.0,0.0,0.0,0.0,0.0,0.0,0.0,0.0,0.0,0.0,0.0,0.0,0.0,0.0,0.0,0.0,0.0,0.0,0.0,0.0",6.3,65219.5234375,966646.796875,8689.7861328125,168117.50439453125,41.38232421875
1791409392.291711,idle,5.4,"11.8,4.0,5.8,3.9,3.9,3.0,9.0,5.1,5.9,7.1,1.0,8.0,5.9,12.9,14.0,9.1,4.0,6.0,11.0,2.9,4.9,4.0,5.0,4.0,1.9,0.0,1.9,3.9,3.9,1.9,83.5,90.4,9.9,29.0,8.2,3.0,4.0,5.0,5.9,5.2,4.0,8.9,4.9,1.0,3.9,2.0,4.9,2.9,3.0,7.1,6.1,5.2,12.8,13.3,5.1,4.9,8.8,6.9,4.8,8.7,8.9,5.8,8.7,3.0,1.0,2.9,1.0,1.0,100.0,100.0,100.0,100.0,100.0,100.0,100.0,100.0,0.0,0.0,0.0,0.0,0.0,0.0,0.0,0.0,0.0,0.0,0.0,0.0,0.0,0.0,0.0,0.0,0.0,0.0,0.0,0.0,0.0,0.0,1.0,0.0,2.9,12.6,0.0,0.0,0.0,0.0,0.0,0.0,0.0,0.0,0.0,0.0,0.0,0.0,0.0,0.0,0.0,0.0,0.0,0.0,0.0,0.0,0.0,0.0,0.0,0.0,0.0,0.0,0.0,0.0,0.0,0.0,0.0,0.0,0.0,0.0,0.0,0.0,0.0,0.0,0.0,0.0,0.0,0.0,0.0,0.0,0.0,0.0,0.0,0.0,0.0,0.0,0.0,0.0,0.0,0.0,0.0,0.0,0.0,0.0,0.0,0.0,0.0,0.0,0.0,0.0,0.0,0.0,0.0,0.0,0.0,0.0,0.0,0.0,0.0,0.0,0.0,0.0,0.0,0.0,0.0,0.0,0.0,0.0,0.0,0.0,0.0,0.0,0.0,0.0,0.0,0.0,0.0,0.0,0.0,0.0,0.0,0.0,0.0,0.0,0.0,0.0,0.0,0.0,0.0,0.0,0.0,0.0,0.0,0.0,0.0,0.0,0.0,0.0,0.0,0.0,0.0,0.0,0.0,0.0,0.0,0.0,0.0,0.0,0.0,0.0,0.0,0.0,0.0,0.0,0.0,0.0,0.0,0.0,0.0,0.0,0.0,0.0,0.0,0.0,0.0,0.0,0.0,0.0,0.0,0.0,0.0,0.0,0.0,0.0,0.0,0.0,0.0,0.0,0.0",6.3,65333.69140625,966532.62890625,8689.7861328125,168117.50439453125,41.38232421875
1791409393.3383706,idle,5.4,"16.5,6.4,20.6,10.0,10.3,5.9,1.0,3.9,3.0,4.0,5.0,6.9,8.1,7.9,7.2,7.0,6.9,12.9,5.1,8.8,3.0,3.0,3.0,31.3,6.8,5.8,1.0,2.0,2.0,7.8,10.7,76.0,3.9,43.7,4.0,3.0,6.2,7.0,5.0,3.0,3.0,9.0,4.1,5.9,5.9,3.0,10.9,5.9,18.8,5.2,7.8,5.2,9.2,7.1,6.0,11.0,18.8,10.0,4.0,6.8,5.0,6.9,5.1,8.1,3.9,0.0,1.9,2.0,99.0,100.0,100.0,100.0,100.0,100.0,100.0,100.0,0.0,0.0,0.0,0.0,0.0,0.0,0.0,0.0,1.0,0.0,0.0,0.0,0.0,0.0,0.0,0.0,0.0,0.0,0.0,0.0,0.0,0.0,1.9,0.0,1.0,1.0,0.0,0.0,0.0,0.0,0.0,0.0,0.0,0.0,0.0,0.0,0.0,0.0,0.0,0.0,0.0,0.0,0.0,0.0,0.0,0.0,0.0,0.0,0.0,0.0,0.0,0.0,0.0,0.0,0.0,0.0,0.0,0.0,0.0,0.0,0.0,0.0,0.0,0.0,0.0,0.0,0.0,0.0,0.0,0.0,0.0,0.0,0.0,0.0,0.0,0.0,0.0,0.0,0.0,0.0,0.0,0.0,0.0,0.0,0.0,0.0,0.0,0.0,0.0,0.0,0.0,0.0,0.0,0.0,0.0,0.0,0.0,0.0,0.0,0.0,0.0,0.0,0.0,0.0,0.0,0.0,0.0,0.0,0.0,0.0,0.0,0.0,0.0,0.0,0.0,0.0,0.0,0.0,0.0,0.0,0.0,0.0,0.0,0.0,0.0,0.0,0.0,0.0,0.0,0.0,0.0,0.0,0.0,0.0,0.0,0.0,0.0,0.0,0.0,0.0,0.0,1.0,0.0,0.0,0.0,0.0,0.0,0.0,0.0,0.0,0.0,0.0,0.0,0.0,0.0,0.0,0.0,0.0,0.0,0.0,0.0,0.0,0.0,0.0,0.0,0.0,0.0,0.0,0.0,0.0,0.0,0.0,0.0,0.0,0.0,0.0,0.0,0.0,0.0",6.3,65254.41796875,966611.90234375,8689.7861328125,168117.50439453125,41.38232421875
1791409394.3892539,idle,5.1,"13.3,3.0,2.9,2.9,5.8,7.8,12.6,3.9,1.9,3.8,3.9,9.7,8.8,5.9,2.9,5.9,4.8,2.0,3.9,3.0,5.8,7.9,10.1,10.8,5.8,7.7,1.9,1.9,2.0,4.9,33.3,70.9,1.9,55.8,5.8,3.9,4.8,6.9,9.0,5.0,3.9,3.0,2.0,3.8,3.9,4.9,4.1,5.9,9.9,6.1,9.0,4.0,7.1,10.0,15.0,7.8,11.8,6.9,2.9,2.9,2.9,2.9,3.8,3.9,1.0,1.9,1.0,3.8,100.0,100.0,100.0,100.0,100.0,100.0,100.0,100.0,0.0,0.0,0.0,0.0,0.0,0.9,0.0,0.0,0.0,0.0,0.0,0.0,0.0,0.0,0.0,0.0,0.0,0.0,0.0,0.0,0.0,0.0,0.9,0.0,1.0,0.0,0.0,0.0,0.0,0.0,0.0,0.0,0.0,0.0,0.0,0.0,0.0,0.0,0.0,0.0,0.0,0.0,0.0,0.0,0.0,0.0,0.0,0.0,0.0,0.0,0.0,0.0,0.0,0.0,0.0,0.0,0.0,0.0,0.0,0.0,0.0,0.0,0.0,0.0,0.0,0.0,0.0,0.0,0.0,0.0,0.0,0.0,0.0,0.0,0.0,0.0,0.0,0.0,0.0,0.0,0.0,0.0,0.0,1.0,0.0,0.0,0.0,0.0,0.0,0.0,0.0,0.0,0.0,0.0,0.0,0.0,0.0,0.0,0.0,0.0,0.0,0.0,0.0,0.0,0.0,0.0,0.0,0.0,0.0,0.0,0.0,0.0,0.0,0.0,0.0,0.0,0.0,0.0,0.0,0.0,0.0,0.0,0.0,0.0,0.0,0.0,0.0,0.0,0.0,0.0,0.0,0.0,0.0,0.0,0.0,0.0,0.0,0.0,0.0,0.0,0.0,0.0,0.0,0.0,0.0,0.0,0.0,0.0,0.0,0.0,0.0,0.0,0.0,0.0,0.0,0.0,0.0,0.0,0.0,0.0,0.0,0.0,0.0,0.0,0.0,0.0,0.0,0.0,0.0,0.0,0.0,0.0,0.0,0.0,0.0,0.0,0.0,0.0,0.0",6.3,65465.68359375,966400.63671875,8689.7861328125,168118.75048828125,41.38232421875
1791409395.432376,idle,5.4,"9.1,4.0,4.0,7.9,5.9,7.1,4.9,3.9,5.9,3.0,5.9,4.0,4.9,9.0,6.9,6.9,4.0,8.1,4.0,5.9,3.0,8.7,5.9,14.3,2.0,26.0,3.8,0.0,1.0,1.0,79.4,67.6,29.1,13.7,3.2,13.0,7.0,7.0,4.0,3.1,4.9,4.1,11.0,3.0,5.1,6.9,10.0,3.0,5.0,5.3,17.6,8.2,5.2,18.2,13.4,12.1,4.0,6.0,4.0,3.9,3.0,5.9,2.9,2.9,1.0,1.0,1.9,1.0,100.0,100.0,99.0,100.0,100.0,100.0,100.0,100.0,0.0,0.0,0.0,0.0,0.0,0.0,0.0,0.0,2.0,0.0,0.0,0.0,0.0,0.0,0.0,0.0,0.0,0.0,0.0,0.0,0.0,0.0,0.0,0.0,0.0,0.0,0.0,0.0,0.0,0.0,0.0,0.0,0.0,0.0,0.0,0.0,0.0,1.9,0.0,0.0,0.0,0.0,0.0,0.0,0.0,0.0,0.0,0.0,0.0,0.0,0.0,0.0,0.0,0.0,0.0,0.0,0.0,0.0,0.0,0.0,0.0,0.0,0.0,0.0,0.0,0.0,0.0,0.0,0.0,0.0,0.0,0.0,0.0,0.0,0.0,0.0,0.0,0.0,0.0,0.0,0.0,0.0,0.0,1.0,0.0,0.0,0.0,0.0,0.0,0.0,0.0,0.0,0.0,0.0,0.0,0.0,0.0,0.0,0.0,0.0,0.0,0.0,0.0,0.0,0.0,0.0,0.0,0.0,0.0,0.0,0.0,0.0,0.0,0.0,0.0,0.0,0.0,0.0,0.0,0.0,0.0,0.0,0.0,0.0,0.0,0.0,0.0,0.0,0.0,0.0,0.0,0.0,0.0,0.0,0.0,0.0,0.0,0.0,0.0,0.0,0.0,0.0,0.0,0.0,0.0,0.0,0.0,0.0,0.0,0.0,0.0,0.0,0.0,0.0,0.0,0.0,0.0,0.0,0.0,0.0,0.0,0.0,0.0,0.0,0.0,0.0,0.0,0.0,0.0,0.0,0.0,0.0,0.0,0.0,0.0,0.0,0.0,0.0,0.0",6.3,65345.32421875,966520.99609375,8689.7861328125,168119.30517578125,39.58984375
1791409396.4694815,idle,5.9,"12.1,6.9,5.0,3.9,8.9,6.0,6.0,1.0,5.0,3.0,5.0,33.3,4.0,6.9,3.0,9.8,11.2,13.9,10.0,4.0,9.9,11.2,7.9,17.7,2.9,4.0,1.0,2.9,6.8,1.9,80.2,98.1,2.9,39.8,17.8,7.1,10.1,11.0,5.1,9.0,12.1,7.8,27.5,2.0,9.1,7.8,9.3,5.8,7.0,9.3,13.9,6.2,10.1,12.5,10.0,8.8,7.8,10.1,4.0,5.9,7.0,2.0,6.9,4.0,2.9,2.0,2.9,3.0,100.0,98.1,98.1,100.0,99.0,100.0,99.0,100.0,0.0,0.0,0.0,0.0,0.0,0.0,0.0,0.0,1.0,0.0,0.0,0.0,0.0,0.0,0.0,0.0,0.0,0.0,0.0,0.0,0.0,0.0,1.0,1.0,1.0,1.0,0.0,0.0,0.0,0.0,0.0,0.0,0.0,0.0,0.0,0.0,0.0,0.0,0.0,0.0,0.0,0.0,0.0,0.0,0.0,0.0,0.0,0.0,0.0,0.0,0.0,0.0,0.0,0.0,0.0,0.0,0.0,0.0,0.0,0.0,0.0,0.0,0.0,0.0,0.0,0.0,0.0,0.0,0.0,0.0,0.0,0.0,0.0,0.0,0.0,0.0,0.0,0.0,0.0,0.0,0.0,0.0,0.0,0.0,0.0,0.0,0.0,0.0,0.0,0.0,0.0,0.0,0.0,0.0,0.0,0.0,0.0,0.0,0.0,0.0,0.0,0.0,0.0,0.0,0.0,0.0,0.0,0.0,0.0,0.0,0.0,0.0,0.0,0.0,0.0,0.0,0.0,0.0,0.0,0.0,0.0,0.0,0.0,0.0,0.0,0.0,0.0,0.0,0.0,0.0,0.0,0.0,0.0,0.0,0.0,0.0,0.0,0.0,0.0,0.0,0.0,0.0,0.0,0.0,0.0,0.0,0.0,0.0,0.0,0.0,0.0,0.0,0.0,0.0,0.0,0.0,0.0,0.0,0.0,0.0,0.0,0.0,0.0,0.0,0.0,0.0,0.0,0.0,0.0,0.0,0.0,0.0,0.0,0.0,0.0,0.0,0.0,0.0,0.0",6.3,65187.296875,966679.0234375,8689.7861328125,168119.30517578125,39.58984375
1791409397.4852154,idle,5.0,"2.3,4.0,8.7,1.0,3.9,3.9,0.0,0.0,3.0,5.9,0.0,1.0,3.9,11.2,3.0,1.0,13.7,7.0,0.0,2.9,3.0,8.0,0.0,6.1,2.0,2.9,1.9,1.0,0.0,0.0,92.1,81.4,15.2,46.5,4.0,4.1,4.3,6.2,4.1,4.1,7.1,1.0,5.0,2.9,5.0,3.0,2.0,2.0,0.0,2.1,17.9,6.1,12.1,6.1,5.1,5.9,2.0,3.9,1.0,2.9,2.0,2.0,0.0,1.9,1.0,2.0,0.0,1.0,100.0,99.0,100.0,100.0,100.0,100.0,100.0,100.0,0.0,0.0,0.0,0.0,0.0,0.0,0.0,0.0,0.0,0.0,0.0,0.0,0.0,0.0,0.0,0.0,0.0,0.0,0.0,0.0,0.0,0.0,2.9,2.0,2.0,2.9,0.0,0.0,0.0,0.0,0.0,0.0,0.0,0.0,0.0,0.0,0.0,1.0,0.0,0.0,0.0,0.0,0.0,0.0,0.0,0.0,0.0,0.0,0.0,0.0,0.0,0.0,0.0,0.0,0.0,0.0,0.0,1.0,0.0,0.0,0.0,0.0,0.0,0.0,0.0,0.0,0.0,0.0,0.0,0.0,0.0,0.0,0.0,0.0,0.0,0.0,0.0,0.0,0.0,0.0,0.0,0.0,0.0,1.0,0.0,0.0,0.0,0.0,0.0,0.0,0.0,0.0,0.0,0.0,0.0,0.0,0.0,0.0,0.0,0.0,0.0,0.0,0.0,0.0,0.0,0.0,0.0,0.0,0.0,0.0,0.0,0.0,0.0,0.0,0.0,0.0,0.0,0.0,0.0,0.0,0.0,0.0,0.0,0.0,0.0,0.0,0.0,0.0,0.0,0.0,0.0,0.0,0.0,0.0,0.0,0.0,0.0,0.0,0.0,0.0,0.0,0.0,0.0,0.0,0.0,0.0,0.0,0.0,0.0,0.0,0.0,0.0,0.0,0.0,0.0,0.0,0.0,0.0,0.0,0.0,0.0,0.0,0.0,0.0,0.0,0.0,0.0,0.0,0.0,0.0,0.0,0.0,0.0,0.0,0.0,0.0,0.0,0.0,0.0",6.3,65469.41796875,966396.90234375,8689.7861328125,168119.30908203125,39.58984375
1791409398.5384843,idle,5.9,"9.2,5.1,2.0,11.2,13.0,6.9,5.0,6.9,5.1,18.0,6.9,4.0,13.9,9.3,4.0,7.1,7.2,8.1,5.0,10.0,11.1,10.1,8.9,7.9,1.0,3.9,1.9,2.9,20.6,3.0,51.5,21.2,52.9,100.0,5.9,4.8,5.9,10.9,5.9,4.0,6.0,7.0,4.0,5.1,6.9,6.9,7.1,3.1,10.9,9.2,15.0,7.1,12.4,14.3,13.3,11.9,3.0,12.0,8.2,7.1,5.0,4.0,7.1,6.0,2.0,20.6,1.9,2.0,100.0,100.0,100.0,100.0,99.0,100.0,100.0,100.0,0.0,0.0,0.0,0.0,0.0,3.0,1.0,0.0,1.0,0.0,0.0,0.0,0.0,0.0,0.0,0.0,0.0,0.0,0.0,0.0,0.0,0.0,0.0,0.0,0.0,0.0,0.0,0.0,0.0,0.0,0.0,0.0,0.0,0.0,0.0,0.0,0.0,0.0,0.0,0.0,0.0,0.0,0.0,0.0,0.0,0.0,0.0,0.0,0.0,0.0,0.0,0.0,0.0,0.0,0.0,0.0,0.0,0.0,0.0,0.0,0.0,0.0,0.0,0.0,0.0,0.0,0.0,0.0,0.0,0.0,0.0,0.0,0.0,0.0,0.0,0.0,0.0,0.0,0.0,0.0,0.0,0.0,0.0,1.0,0.0,0.0,0.0,0.0,0.0,0.0,0.0,0.0,0.0,0.0,0.0,0.0,0.0,0.0,0.0,0.0,0.0,0.0,0.0,0.0,0.0,0.0,0.0,0.0,0.0,0.0,0.0,0.0,0.0,0.0,0.0,0.0,0.0,0.0,0.0,0.0,0.0,0.0,0.0,0.0,0.0,0.0,0.0,0.0,0.0,0.0,0.0,0.0,0.0,0.0,0.0,0.0,0.0,0.0,0.0,0.0,0.0,0.0,0.0,0.0,0.0,0.0,0.0,0.0,0.0,0.0,0.0,0.0,0.0,0.0,0.0,0.0,0.0,0.0,0.0,0.0,0.0,0.0,0.0,0.0,0.0,0.0,0.0,0.0,0.0,0.0,0.0,0.0,0.0,0.0,0.0,0.0,0.0,0.0,0.0",6.3,65462.30078125,966404.01953125,8689.7861328125,168119.30908203125,39.58984375
1791409399.5737984,idle,5.1,"2.3,1.0,1.0,7.0,7.8,3.9,1.0,1.0,2.9,0.0,1.0,1.0,1.9,5.9,2.9,1.9,2.9,5.1,2.9,2.9,5.8,7.8,2.9,16.8,0.0,0.0,0.0,1.0,0.0,1.0,62.1,56.3,35.3,99.0,1.0,2.0,2.0,7.0,11.8,2.9,4.0,3.0,1.0,1.9,1.9,0.0,3.1,2.0,6.9,8.1,6.0,3.0,8.2,6.9,5.9,20.8,1.9,5.9,3.9,7.1,4.9,1.0,2.9,1.9,1.0,0.0,0.0,0.0,100.0,100.0,100.0,98.1,100.0,99.0,100.0,100.0,0.0,0.0,0.0,0.0,0.0,0.0,0.0,0.0,0.0,0.0,0.0,0.0,0.0,0.0,0.0,0.0,0.0,0.0,0.0,0.0,0.0,0.0,0.0,0.0,0.0,0.0,0.0,0.0,0.0,0.0,0.0,0.0,0.0,0.0,0.0,0.0,0.0,0.0,0.0,0.0,0.0,0.0,0.0,0.0,0.0,0.0,0.0,0.0,0.0,0.0,0.0,0.0,0.0,0.0,0.0,0.0,0.0,0.0,0.0,0.0,0.0,0.0,0.0,0.0,0.0,0.0,0.0,0.0,0.0,0.0,0.0,0.0,0.0,0.0,0.0,0.0,0.0,0.0,0.0,0.0,0.0,0.0,0.0,0.0,0.0,0.0,0.0,0.0,0.0,0.0,0.0,0.0,0.0,0.0,0.0,0.0,0.0,0.0,0.0,0.0,0.0,0.0,0.0,0.0,0.0,0.0,0.0,0.0,0.0,0.0,0.0,0.0,0.0,0.0,0.0,0.0,0.0,0.0,0.0,0.0,0.0,0.0,0.0,0.0,0.0,0.0,0.0,0.0,0.0,0.0,0.0,0.0,0.0,0.0,0.0,0.0,0.0,0.0,0.0,0.0,0.0,0.0,0.0,0.0,0.0,0.0,0.0,0.0,0.0,0.0,0.0,0.0,0.0,0.0,0.0,0.0,0.0,0.0,0.0,0.0,0.0,0.0,0.0,0.0,0.0,0.0,0.0,0.0,0.0,0.0,0.0,0.0,0.0,0.0,0.0,0.0,0.0,0.0,0.0",6.4,65718.24609375,966148.07421875,8689.7861328125,168120.64111328125,39.58984375
1791409400.617656,idle,5.6,"12.2,13.3,11.2,14.3,11.1,4.0,4.9,5.9,7.9,3.8,3.0,5.0,4.9,19.8,2.9,2.0,5.0,6.9,8.9,3.9,8.7,3.9,7.8,10.3,3.8,2.9,1.9,1.9,4.8,5.8,41.3,67.3,7.6,27.5,6.1,4.0,12.0,8.8,35.6,7.2,4.9,25.2,5.9,2.9,3.9,5.7,8.1,3.0,12.9,13.7,15.0,3.1,7.1,10.8,5.9,12.0,6.7,15.4,3.8,9.0,6.8,4.0,3.9,5.0,5.7,2.8,1.9,1.0,99.1,98.1,100.0,100.0,100.0,100.0,100.0,100.0,0.0,0.0,0.0,0.0,0.0,0.0,0.0,0.0,0.0,0.0,0.0,0.0,0.0,0.0,0.0,0.0,0.0,0.0,0.0,0.0,0.0,0.0,0.9,0.0,0.9,0.9,0.0,0.0,0.0,0.0,0.0,0.0,0.0,0.0,0.0,0.0,0.0,0.0,0.0,0.0,0.0,0.0,0.0,0.0,0.0,0.0,0.0,0.0,0.0,0.0,0.0,0.0,0.0,0.0,0.0,0.0,0.0,0.0,0.0,0.0,0.0,0.0,0.0,0.0,0.0,0.0,0.0,0.0,0.0,0.0,0.0,0.0,0.0,0.0,0.0,0.0,0.0,0.0,0.0,0.0,0.0,0.0,0.0,1.0,0.0,0.0,0.0,0.0,0.0,0.0,0.0,0.0,0.0,0.0,0.0,0.0,0.0,0.0,0.0,0.0,0.0,0.0,0.0,0.0,0.0,0.0,0.0,0.0,0.0,0.0,0.0,0.0,0.0,0.0,0.0,0.0,0.0,0.0,0.0,0.0,0.0,0.0,0.0,0.0,0.0,0.0,0.0,0.0,0.0,0.0,0.0,0.0,0.0,0.0,0.0,0.0,0.0,0.0,0.0,0.0,0.0,0.0,0.0,0.0,0.0,0.0,0.0,0.0,0.0,0.0,0.0,0.0,0.0,0.0,0.0,0.0,0.0,0.0,0.0,0.0,0.0,0.0,0.0,0.0,0.0,0.0,0.0,0.0,0.0,0.0,0.0,0.0,0.0,0.0,0.0,0.0,0.0,0.0,0.0",6.3,65265.90625,966600.4140625,8689.7861328125,168120.91845703125,38.50146484375
1791409401.7180445,idle,4.5,"6.5,1.9,3.7,4.7,5.5,0.0,0.0,0.0,11.3,0.9,0.0,0.9,0.0,0.9,0.9,9.4,0.0,4.6,0.9,5.6,0.0,0.9,0.0,0.9,0.9,0.0,0.0,0.0,0.9,0.0,45.4,58.7,2.8,32.1,1.9,0.9,2.8,1.9,86.4,0.9,0.0,0.0,3.8,9.3,0.0,0.0,0.0,0.9,3.9,2.0,3.7,2.9,5.9,1.9,1.0,3.8,2.8,2.8,0.0,0.9,1.9,3.7,0.9,5.6,0.0,0.0,0.0,0.0,100.0,100.0,100.0,100.0,100.0,100.0,100.0,100.0,0.0,0.0,0.0,0.0,0.0,0.9,0.0,0.0,0.0,0.0,0.0,0.0,0.0,0.0,0.0,0.0,0.0,0.0,0.0,0.0,0.0,0.0,1.9,1.8,1.9,0.0,0.0,0.0,0.0,0.0,0.0,0.0,0.0,0.0,0.0,0.0,0.0,0.0,0.0,0.0,0.0,0.0,0.0,0.0,0.0,0.0,0.0,0.0,0.0,0.0,0.0,0.0,0.0,0.0,0.0,0.0,0.0,0.0,0.0,0.0,0.0,0.0,0.0,0.0,0.0,0.0,0.0,0.0,0.0,0.0,0.0,0.0,0.0,0.0,0.0,0.0,0.0,0.0,0.0,0.0,0.0,0.0,0.0,0.0,0.0,0.0,0.0,0.0,0.0,0.0,0.0,0.0,0.0,0.0,0.0,0.0,0.0,0.0,0.0,0.0,0.0,0.0,0.0,0.0,0.0,0.0,0.0,0.0,0.0,0.0,0.0,0.0,0.0,0.0,0.0,0.0,0.0,0.0,0.0,0.0,0.0,0.0,0.0,0.0,0.0,0.0,0.0,0.0,0.0,0.0,0.0,0.0,0.0,0.0,0.0,0.0,0.0,0.0,0.0,0.0,0.0,0.0,0.0,0.0,0.0,0.0,0.0,0.0,0.0,0.0,0.0,0.0,0.0,0.0,0.0,0.0,0.0,0.0,0.0,0.0,0.0,0.0,0.0,0.0,0.0,0.0,0.0,0.0,0.0,0.0,0.0,0.0,0.0,0.0,0.0,0.0,0.0,0.0,0.0",6.4,65534.421875,966331.8984375,8689.7861328125,168120.91845703125,38.50146484375
1791409402.724193,idle,6.0,"17.4,5.9,11.4,16.2,14.6,3.8,3.8,3.8,2.9,4.9,29.5,3.9,2.9,6.7,2.9,2.9,3.8,9.7,9.5,4.8,3.8,5.8,4.8,8.7,5.7,1.9,35.5,3.8,1.9,2.8,65.1,74.1,40.7,85.8,4.8,2.9,7.5,2.9,3.7,4.9,12.3,8.5,11.7,7.5,3.9,3.8,3.8,7.7,7.7,3.0,9.6,3.9,5.1,9.7,4.9,20.0,11.0,8.6,1.9,2.9,9.5,5.8,2.0,4.8,0.9,0.0,0.0,0.9,100.0,100.0,100.0,100.0,99.1,100.0,100.0,99.1,0.0,0.0,0.0,0.0,0.0,0.0,0.0,0.0,0.0,0.0,0.0,0.0,0.0,0.0,0.0,0.0,0.0,0.0,0.0,0.0,0.0,0.0,7.4,1.9,6.5,3.7,0.0,0.0,0.0,0.0,0.0,0.0,0.0,0.0,0.0,0.0,0.0,0.0,0.0,0.0,0.0,0.0,0.0,0.0,0.0,0.0,0.0,0.0,0.0,0.0,0.0,0.0,0.0,0.0,0.0,0.0,0.0,0.0,0.0,0.0,0.0,0.0,0.0,0.0,0.0,0.0,0.0,0.0,0.0,0.0,0.0,0.0,0.0,0.0,0.0,0.0,0.0,0.0,0.0,0.0,0.0,0.0,0.0,0.0,0.0,0.0,0.0,0.0,0.0,0.0,0.0,0.0,0.0,0.0,0.0,0.0,0.0,0.0,0.0,0.0,0.0,0.0,0.0,0.0,0.0,0.0,0.0,0.0,0.0,0.0,0.0,0.0,0.0,0.0,0.0,0.0,0.0,0.0,0.0,0.0,0.0,0.0,0.0,0.0,0.0,0.0,0.0,0.0,0.0,0.0,0.0,0.0,0.0,0.0,0.0,0.0,0.0,0.0,0.0,0.0,0.0,0.0,0.0,0.0,0.0,0.0,0.0,0.0,0.0,0.0,0.0,0.0,0.0,0.0,0.0,0.0,0.0,0.0,0.0,0.0,0.0,0.0,0.0,0.0,0.0,0.0,0.0,0.0,0.0,0.0,0.0,0.0,0.0,0.0,0.0,0.0,0.0,0.0,0.0",6.4,65557.39453125,966308.92578125,8689.7861328125,168120.91845703125,38.50146484375
1791409403.9950733,aggregate_n8_vmnos256_r3:submission,7.5,"17.0,16.7,13.9,18.4,20.3,12.3,16.1,11.8,10.7,15.7,12.5,15.7,12.3,25.4,16.1,14.6,12.3,13.9,13.7,20.3,13.1,16.9,11.8,14.8,8.1,12.6,10.3,17.6,19.4,11.7,69.4,73.6,61.1,13.3,13.1,19.0,14.6,14.6,13.4,17.9,66.1,12.4,17.9,16.9,14.2,16.0,13.9,13.2,19.5,15.3,14.6,16.0,19.3,17.2,15.7,13.2,16.1,22.0,12.7,14.4,13.7,16.7,15.4,13.6,13.7,8.9,9.7,8.0,100.0,100.0,97.7,100.0,100.0,100.0,100.0,100.0,0.0,0.0,0.0,0.0,0.0,0.0,0.0,0.0,0.0,0.0,0.0,0.0,0.0,0.0,0.0,0.0,0.0,0.0,0.0,0.0,0.0,0.0,1.6,1.6,2.3,0.8,0.0,0.0,0.0,0.0,0.0,0.0,0.0,0.0,0.0,0.0,0.0,0.0,0.0,0.0,0.0,0.0,0.0,0.0,0.0,0.0,0.0,0.0,0.0,0.0,0.0,0.0,0.0,0.0,0.0,0.0,0.0,0.0,0.0,0.0,0.0,0.0,0.0,0.0,0.0,0.0,0.0,0.0,0.0,0.0,0.0,0.0,0.0,0.0,0.0,0.0,0.0,0.0,0.0,0.0,0.0,0.0,0.0,0.0,0.0,0.0,0.0,0.0,0.0,0.0,0.0,0.0,0.0,0.0,0.0,0.0,0.0,0.0,0.0,0.0,0.0,0.0,0.0,0.0,0.0,0.0,0.0,0.0,0.0,0.0,0.0,0.0,0.0,0.0,0.0,0.0,0.0,0.0,0.0,0.0,0.0,0.0,0.0,0.0,0.0,0.0,0.0,0.0,0.0,0.0,0.0,0.0,0.0,0.0,0.0,0.0,0.0,0.0,0.0,0.0,0.0,0.0,0.0,0.0,0.0,0.0,0.0,0.0,0.0,0.0,0.0,0.0,0.0,0.0,0.0,0.0,0.0,0.0,0.0,0.0,0.0,0.0,0.0,0.0,0.0,0.0,0.0,0.0,0.0,0.0,0.0,0.0,0.0,0.0,0.0,0.0,0.0,0.0,0.0",6.4,65736.35546875,966129.96484375,8689.7861328125,168120.91845703125,38.50146484375
1791409405.419215,aggregate_n8_vmnos256_r3:confirmation,9.3,"20.1,21.4,17.4,16.9,20.6,23.6,17.0,16.2,15.6,24.2,21.9,24.2,17.4,24.2,16.5,17.8,21.9,18.4,18.7,27.1,20.3,17.0,17.0,24.1,11.3,11.7,12.1,14.5,12.7,9.6,76.0,86.5,71.0,51.2,19.0,19.6,18.9,15.2,18.9,19.3,13.6,18.2,21.0,21.0,17.8,21.4,21.8,17.6,19.0,20.4,16.5,30.6,19.6,23.0,15.2,18.6,14.5,20.3,19.0,14.8,19.9,18.9,19.6,17.1,16.1,13.4,15.5,16.1,100.0,100.0,100.0,100.0,99.4,100.0,100.0,100.0,0.0,0.0,0.0,0.0,0.0,1.8,0.0,0.0,2.6,0.0,0.0,0.0,0.0,0.0,0.0,0.0,0.0,0.0,0.0,0.0,0.0,0.0,0.0,0.0,0.0,0.0,0.0,0.0,0.0,0.0,0.0,0.0,0.0,0.0,0.0,0.0,0.0,0.0,0.0,0.0,0.0,0.0,0.0,0.0,0.0,0.0,0.0,0.0,0.0,0.0,0.0,0.0,0.0,0.0,0.0,0.0,0.0,0.0,0.0,0.0,0.0,0.0,0.0,0.0,0.0,0.0,0.0,0.0,0.0,0.0,0.0,0.0,0.0,0.0,0.0,0.0,0.0,0.0,0.0,0.0,0.0,0.0,0.0,1.2,0.0,0.0,0.0,0.0,0.0,0.0,0.0,0.0,0.0,0.0,0.0,0.0,0.0,0.0,0.0,0.0,0.0,0.0,0.0,0.0,0.0,0.0,0.0,0.0,0.0,0.0,0.0,0.0,0.0,0.0,0.0,0.0,0.0,0.0,0.0,0.0,0.0,0.0,0.0,0.0,0.0,0.0,0.0,0.0,0.0,0.0,0.0,0.0,0.0,0.0,0.0,0.0,0.0,0.0,0.0,0.0,0.0,0.0,0.0,0.0,0.0,0.0,0.0,0.0,0.0,0.0,0.0,0.0,0.0,0.0,0.0,0.0,0.0,0.0,0.0,0.0,0.0,0.0,0.0,0.0,0.0,0.0,0.0,0.0,0.0,0.0,0.0,0.0,0.0,0.0,0.0,0.0,0.0,0.0,0.0",6.4,66158.01171875,965708.30859375,8689.7861328125,168124.36376953125,37.900390625
1791409407.0719473,aggregate_n8_vmnos256_r3:confirmation,7.2,"14.4,15.9,15.8,14.8,17.8,13.0,12.9,15.8,12.1,8.6,15.1,14.1,10.1,13.9,18.3,18.3,8.7,10.5,11.3,11.0,15.9,10.6,11.2,24.5,6.3,9.3,8.7,7.0,6.5,7.6,60.2,93.7,84.3,29.6,11.9,12.5,12.3,14.5,13.7,9.3,9.3,9.9,10.3,9.3,15.1,13.6,13.5,10.2,12.1,12.1,13.9,16.1,12.4,17.0,10.4,22.5,11.4,15.0,11.3,11.1,12.9,12.4,15.8,16.3,4.4,5.0,5.6,5.0,100.0,100.0,100.0,100.0,99.4,100.0,100.0,100.0,0.0,0.0,0.0,0.0,0.0,0.6,0.0,0.0,2.0,0.6,0.0,0.0,0.0,0.0,0.0,0.0,0.0,0.0,0.0,0.0,0.0,0.0,0.0,0.6,0.0,0.6,0.0,0.0,0.0,0.0,0.0,0.0,0.0,0.0,0.0,0.0,0.0,0.0,0.0,0.0,0.0,0.0,0.0,0.0,0.0,0.0,0.0,0.0,0.0,0.0,0.0,0.0,0.0,0.0,0.0,0.0,0.0,0.0,0.0,0.0,0.0,0.0,0.0,0.0,0.0,0.0,0.0,0.0,0.0,0.0,0.0,0.0,0.0,0.0,0.0,0.0,0.0,0.0,0.0,0.0,0.0,0.0,0.0,0.6,0.0,0.0,0.0,0.0,0.0,0.0,0.0,0.0,0.0,0.0,0.0,0.0,0.0,0.0,0.0,0.0,0.0,0.0,0.0,0.0,0.0,0.0,0.0,0.0,0.0,0.0,0.0,0.0,0.0,0.0,0.0,0.0,0.0,0.0,0.0,0.0,0.0,0.0,0.0,0.0,0.0,0.0,0.0,0.0,0.0,0.0,0.0,0.0,0.0,0.0,0.0,0.0,0.0,0.0,0.0,0.0,0.0,0.0,0.0,0.0,0.0,0.0,0.0,0.0,0.0,0.0,0.0,0.0,0.0,0.0,0.0,0.0,0.0,0.0,0.0,0.0,0.0,0.0,0.0,0.0,0.0,0.0,0.0,0.0,0.0,0.0,0.0,0.0,0.0,0.0,0.0,0.0,0.0,0.0,0.0",6.4,65597.46484375,966268.85546875,8689.7861328125,168124.36376953125,37.900390625
1791409408.6488109,aggregate_n8_vmnos256_r3:confirmation,7.0,"16.4,13.5,22.6,11.7,21.1,12.3,11.0,12.9,14.7,11.9,9.3,13.8,16.7,11.1,14.6,10.8,16.3,13.1,11.8,12.0,12.2,12.3,11.5,14.4,11.2,11.0,10.9,10.2,12.7,11.6,1.5,68.2,89.5,44.7,13.0,10.2,11.7,11.6,13.0,14.7,8.7,10.2,9.3,14.5,11.7,14.3,9.8,12.2,18.8,13.6,11.6,16.7,15.6,14.7,11.1,10.2,8.7,11.8,15.2,15.5,12.7,16.8,14.6,18.0,8.3,10.7,6.2,9.1,99.3,99.3,100.0,100.0,100.0,100.0,100.0,100.0,0.0,0.0,0.0,0.0,0.0,0.0,0.0,0.0,1.5,0.0,0.0,0.0,0.0,0.0,0.0,0.0,0.0,0.0,0.0,0.0,0.0,0.0,0.0,0.0,0.0,0.0,0.0,0.0,0.0,0.0,0.0,0.0,0.0,0.0,0.0,0.0,0.0,0.0,0.0,0.0,0.0,0.0,0.0,0.0,0.0,0.0,0.0,0.0,0.0,0.0,0.0,0.0,0.0,0.0,0.0,0.0,0.0,0.0,0.0,0.0,0.0,0.0,0.0,0.0,0.0,0.0,0.0,0.0,0.0,0.0,0.0,0.0,0.0,0.0,0.0,0.0,0.0,0.0,0.0,0.0,0.0,0.0,0.0,0.0,0.0,0.0,0.0,0.0,0.0,0.0,0.0,0.0,0.0,0.0,1.5,0.0,0.0,0.0,0.0,0.0,0.0,0.0,0.0,0.0,0.0,0.0,0.0,0.0,0.0,0.0,0.0,0.0,0.0,0.0,0.0,0.0,0.0,0.0,0.0,0.0,0.0,0.0,0.0,0.0,0.0,0.0,0.0,0.0,0.0,0.0,0.0,0.0,0.0,0.0,0.0,0.0,0.0,0.0,0.0,0.0,0.0,0.0,0.0,0.0,0.0,0.0,0.0,0.0,0.0,0.0,0.0,0.0,0.0,0.0,0.0,0.0,0.0,0.0,0.0,0.0,0.0,0.0,0.0,0.0,0.0,0.0,0.0,0.0,0.0,0.0,0.0,0.0,0.0,0.0,0.0,0.0,0.0,0.0,0.0",6.4,65679.48828125,966186.83203125,8689.7861328125,168124.36376953125,37.900390625
1791409409.914675,aggregate_n8_vmnos256_r3:confirmation,5.2,"8.1,8.6,5.7,5.6,12.7,8.6,6.4,10.2,3.4,4.1,5.6,11.7,6.9,7.7,7.7,6.9,6.1,11.1,5.6,5.5,3.4,2.8,2.8,4.1,6.2,4.1,4.1,4.8,4.8,4.8,34.5,76.4,33.8,66.4,13.2,18.2,10.3,6.4,7.0,8.5,6.3,6.2,14.3,4.2,11.7,4.9,6.5,17.1,20.7,6.6,10.6,11.7,12.5,9.5,8.3,11.8,6.9,4.2,6.8,4.7,7.2,10.4,4.9,7.9,2.7,1.3,3.3,0.7,100.0,100.0,100.0,100.0,100.0,100.0,100.0,100.0,0.0,0.0,0.0,0.0,0.0,1.3,0.0,0.0,1.4,0.7,0.0,0.0,0.0,0.0,0.0,0.0,0.0,0.0,0.0,0.0,0.0,0.0,0.0,0.7,0.0,0.0,0.0,0.0,0.0,0.0,0.0,0.0,0.0,0.0,0.0,0.0,0.0,0.7,0.0,0.0,0.0,0.0,0.0,0.0,0.0,0.0,0.0,0.0,0.0,0.0,0.0,0.0,0.0,0.0,0.0,0.0,0.0,0.0,0.0,0.0,0.0,0.0,0.0,0.0,0.0,0.0,0.0,0.0,0.0,0.7,0.0,0.0,0.0,0.0,0.0,0.0,0.0,0.0,0.0,0.0,0.0,0.0,0.0,1.3,0.0,0.0,0.0,0.0,0.0,0.0,0.0,0.0,0.0,0.0,0.7,0.0,0.0,0.0,0.0,0.0,0.7,0.0,0.0,0.7,0.0,0.0,0.0,0.0,0.0,0.0,0.0,0.0,0.0,0.0,0.0,0.0,0.0,0.0,0.0,0.0,0.0,0.0,0.0,0.0,0.0,0.0,0.0,0.0,0.0,0.0,0.0,0.0,0.0,0.0,0.0,0.0,0.0,0.0,0.0,0.0,0.0,0.0,0.0,0.0,0.0,0.0,0.0,0.0,0.0,0.0,0.0,0.0,0.0,0.0,0.0,0.0,0.0,0.0,0.0,0.0,0.0,0.0,0.0,0.0,0.0,0.0,0.0,0.0,0.0,0.0,0.0,0.0,0.0,0.0,0.0,0.0,0.0,0.0,0.0",6.4,66046.21484375,965820.10546875,8689.7861328125,168129.51220703125,37.748046875
1791409411.429707,aggregate_n8_vmnos256_r3:confirmation,6.7,"11.1,13.3,13.9,10.7,15.6,8.0,4.7,8.1,5.3,3.8,6.2,10.7,8.5,3.9,7.0,5.4,13.4,5.3,7.6,9.8,14.1,7.1,7.1,8.1,3.8,4.6,3.8,7.5,3.8,3.8,71.9,35.1,69.6,92.6,4.7,9.2,4.6,6.1,6.9,7.6,11.5,4.0,6.3,6.4,7.9,7.9,7.7,6.2,14.3,15.1,10.3,11.8,7.1,12.5,12.3,15.1,12.7,8.2,6.5,10.2,8.9,7.8,7.6,13.7,7.5,3.0,4.5,3.0,100.0,100.0,100.0,100.0,100.0,100.0,100.0,100.0,0.0,0.0,0.0,0.0,0.0,0.0,0.0,0.0,0.0,0.0,0.0,0.0,0.0,0.0,0.0,0.0,0.0,0.0,0.0,0.0,0.0,0.0,0.7,3.0,0.0,0.7,0.0,0.0,0.0,0.0,0.0,0.0,0.0,0.0,0.0,0.0,0.0,0.0,0.0,0.0,0.0,0.0,0.0,0.0,0.0,0.0,0.0,0.0,0.0,0.0,0.0,0.0,0.0,0.0,0.0,0.0,0.0,0.0,0.0,0.0,0.0,0.0,0.0,0.0,0.0,0.0,0.0,0.0,0.0,0.0,0.0,0.0,0.0,0.0,0.0,0.0,0.7,0.0,0.0,0.0,0.0,0.0,0.0,0.0,0.0,0.0,0.0,0.0,0.0,0.0,0.0,0.0,0.0,0.0,0.0,0.0,0.0,0.0,0.0,0.0,0.0,0.0,0.0,0.0,0.0,0.0,0.0,0.0,0.0,0.0,0.0,0.0,0.0,0.0,0.0,0.0,0.0,0.0,0.0,0.0,0.0,0.0,0.0,0.0,0.0,0.0,0.0,0.0,0.0,0.0,0.0,0.0,0.0,0.0,0.0,0.0,0.0,0.0,0.0,0.0,0.0,0.0,0.0,0.0,0.0,0.0,0.0,0.0,0.0,0.0,0.0,0.0,0.0,0.0,0.0,0.0,0.0,0.0,0.0,0.0,0.0,0.0,0.0,0.0,0.0,0.0,0.0,0.0,0.0,0.0,0.0,0.0,0.0,0.0,0.0,0.0,0.0,0.0,0.0",6.4,65778.01953125,966088.30078125,8689.7861328125,168129.51611328125,37.748046875
1791409413.021013,aggregate_n8_vmnos256_r3:confirmation,6.7,"17.1,9.6,7.8,11.0,28.0,12.3,13.6,12.8,10.1,9.1,12.4,14.8,9.5,10.1,8.3,6.6,12.1,9.2,12.1,11.9,10.1,9.9,11.7,12.9,6.4,6.3,4.1,5.2,4.7,11.6,46.6,48.0,15.1,85.1,7.5,11.6,8.2,5.8,7.1,6.0,9.6,12.2,4.9,8.9,8.4,15.4,13.2,8.1,13.0,14.2,17.2,14.7,20.2,14.5,10.8,11.7,7.6,11.2,10.0,11.7,10.6,14.0,7.9,10.4,5.2,2.9,2.9,6.2,100.0,100.0,98.9,99.4,99.4,100.0,100.0,100.0,0.0,0.0,0.0,0.0,0.0,0.6,0.0,0.0,1.2,0.0,0.0,0.0,0.0,0.0,0.0,0.0,0.0,0.0,0.0,0.0,0.0,0.0,17.2,13.1,0.0,4.6,0.0,0.0,0.0,0.0,0.0,0.0,0.0,0.0,0.0,0.0,0.0,0.0,0.0,0.0,0.0,0.0,0.0,0.0,0.0,0.0,0.0,0.0,0.0,0.0,0.0,0.0,0.0,0.0,0.0,0.0,0.0,0.0,0.0,0.0,0.0,0.0,0.0,0.0,0.0,0.0,0.0,0.0,0.0,0.0,0.0,0.0,0.0,0.0,0.6,0.0,0.0,0.0,0.0,0.0,0.0,0.0,0.0,1.1,0.0,0.0,0.0,0.0,0.0,0.0,0.0,0.0,0.0,0.0,0.0,0.0,0.0,0.0,0.0,0.0,0.0,0.0,0.0,0.0,0.0,0.0,0.0,0.0,0.0,0.0,0.0,0.0,0.0,0.0,0.0,0.0,0.0,0.0,0.0,0.0,0.0,0.0,0.0,0.0,0.0,0.0,0.0,0.0,0.0,0.0,0.0,0.0,0.0,0.0,0.0,0.0,0.0,0.0,0.0,0.0,0.0,0.0,0.0,0.0,0.0,0.0,0.0,0.0,0.0,0.0,0.0,0.0,0.0,0.0,0.0,0.0,0.0,0.0,0.0,0.0,0.0,0.0,0.0,0.0,0.0,0.0,0.0,0.0,0.0,0.0,0.0,0.0,0.0,0.0,0.0,0.0,0.0,0.0,0.0",6.4,66034.94921875,965831.37109375,8689.7861328125,168129.51611328125,37.748046875
1791409414.5884194,aggregate_n8_vmnos256_r3:confirmation,6.5,"10.0,7.6,10.0,8.3,12.5,22.1,16.2,6.1,11.1,12.7,8.4,17.5,14.5,15.6,13.9,8.5,10.8,4.3,11.1,5.1,19.0,10.9,8.5,13.2,15.4,8.1,23.8,16.3,8.1,12.2,79.2,35.5,33.3,34.7,9.9,11.8,8.5,9.5,7.7,11.5,11.6,12.0,10.7,16.8,8.3,11.5,15.5,11.1,8.5,17.2,9.6,15.8,12.5,10.5,11.9,16.0,6.8,11.7,10.2,13.4,11.9,13.4,12.3,11.0,8.9,4.9,7.9,5.7,100.0,100.0,100.0,100.0,100.0,100.0,100.0,100.0,0.0,0.0,0.0,0.0,0.0,0.8,0.0,0.8,0.9,0.0,0.0,0.0,0.0,0.0,0.0,0.0,0.0,0.0,0.0,0.0,0.0,0.0,0.0,1.6,0.0,0.8,0.0,0.0,0.0,0.0,0.0,0.0,0.0,0.0,0.0,0.0,0.0,0.0,0.0,0.0,0.0,0.0,0.0,0.0,0.0,0.0,0.0,0.0,0.0,0.0,0.0,0.0,0.0,0.0,0.0,0.0,0.0,0.0,0.0,0.0,0.0,0.0,0.0,0.0,0.0,0.0,0.0,0.0,0.0,0.0,0.0,0.0,0.0,0.0,0.0,0.0,0.0,0.0,0.0,0.0,0.0,0.0,0.0,0.8,0.0,0.0,0.0,0.0,0.0,0.0,0.0,0.0,0.0,0.0,0.0,0.0,0.0,0.0,0.0,0.0,0.0,0.0,0.0,0.0,0.0,0.0,0.0,0.0,0.0,0.0,0.0,0.0,0.0,0.0,0.0,0.0,0.0,0.0,0.0,0.0,0.0,0.0,0.0,0.0,0.0,0.0,0.0,0.0,0.0,0.0,0.0,0.0,0.0,0.0,0.0,0.0,0.0,0.0,0.0,0.0,0.0,0.0,0.0,0.0,0.0,0.0,0.0,0.0,0.0,0.0,0.0,0.0,0.0,0.0,0.0,0.0,0.0,0.0,0.0,0.0,0.0,0.0,0.0,0.0,0.0,0.0,0.0,0.0,0.0,0.0,0.0,0.0,0.0,0.0,0.0,0.0,0.0,0.0,0.0",6.4,66259.00390625,965607.31640625,8689.7861328125,168135.28955078125,37.748046875
1791409415.6966937,aggregate_n8_vmnos256_r3:confirmation,5.0,"8.2,3.3,12.2,7.2,6.5,9.4,2.3,1.5,3.1,2.3,0.8,2.3,1.5,5.5,4.0,0.0,4.8,5.6,1.6,7.3,5.8,3.8,2.4,4.0,0.0,2.3,0.0,0.0,0.0,3.1,36.8,19.8,87.2,91.7,6.1,4.6,2.3,3.1,2.3,3.1,5.6,4.8,2.4,5.7,5.7,2.4,3.2,4.9,3.9,7.4,6.3,8.6,5.7,5.6,1.6,4.8,2.3,2.3,1.5,3.9,2.3,4.9,4.9,1.7,1.5,1.5,0.0,1.5,100.0,99.3,100.0,100.0,100.0,100.0,99.3,99.3,0.0,0.0,0.0,0.0,0.0,0.0,0.0,0.0,0.8,0.0,0.0,0.0,0.0,0.0,0.0,0.0,0.0,0.0,0.0,0.0,0.0,0.0,2.3,3.8,0.0,0.8,0.0,0.0,0.0,0.0,0.0,0.0,0.0,0.0,0.0,0.0,0.0,0.8,0.0,0.0,0.0,0.0,0.0,0.0,0.0,0.0,0.0,0.0,0.0,0.0,0.0,0.0,0.0,0.0,0.0,0.0,0.0,0.0,0.0,0.0,0.0,0.0,0.0,0.0,0.0,0.0,0.0,0.0,0.0,0.0,0.0,0.0,0.0,0.0,0.0,0.0,0.0,0.0,0.0,3.8,0.0,0.0,0.0,0.0,0.0,0.0,0.0,0.0,0.0,0.0,0.0,0.0,0.0,0.0,0.0,0.0,0.0,0.0,0.0,0.0,0.0,0.0,0.0,0.0,0.0,0.0,0.0,0.0,0.0,0.0,0.0,0.0,0.0,0.0,0.0,0.0,0.0,0.0,0.0,0.0,0.0,0.0,0.0,0.0,0.0,0.0,0.0,0.0,0.0,0.0,0.0,0.0,0.0,0.0,0.0,0.0,0.0,0.0,0.0,0.0,0.0,0.0,0.0,0.0,0.0,0.0,0.0,0.0,0.0,0.0,0.0,0.0,0.0,0.0,0.0,0.0,0.0,0.0,0.0,0.0,0.0,0.0,0.0,0.0,0.0,0.0,0.0,0.0,0.0,0.0,0.0,0.0,0.0,0.0,0.0,0.0,0.0,0.0,0.0",6.4,65860.7578125,966005.5625,8689.7861328125,168136.06298828125,36.08642578125
1791409417.176415,aggregate_n8_vmnos256_r3:confirmation,6.9,"22.5,12.9,10.8,14.3,15.0,12.5,13.1,9.8,13.7,8.0,20.0,17.8,8.4,33.9,12.3,12.9,12.3,6.5,12.4,7.9,25.2,19.2,10.3,6.8,5.7,11.3,6.5,5.6,5.7,8.9,100.0,2.4,86.3,49.6,8.9,8.5,9.0,9.2,6.8,30.9,8.6,17.5,11.0,11.8,10.3,17.1,19.6,7.4,10.4,20.9,21.2,20.7,11.4,14.8,16.0,20.2,10.3,8.6,13.2,11.9,13.3,14.9,10.5,9.1,9.7,5.7,4.9,6.4,100.0,100.0,100.0,100.0,100.0,99.2,100.0,100.0,0.0,0.0,0.0,0.0,0.0,0.8,0.0,0.0,2.6,0.0,0.0,0.0,0.0,0.0,0.0,0.0,0.0,0.0,0.0,0.0,0.0,0.0,0.0,0.8,0.0,0.0,0.0,0.0,0.0,0.0,0.0,0.0,0.0,0.0,0.0,0.0,0.0,0.0,0.0,0.0,0.0,0.0,0.0,0.0,0.0,0.0,0.0,0.0,0.0,0.0,0.0,0.0,0.0,0.0,0.0,0.0,0.0,0.0,0.0,0.0,0.0,0.0,0.0,0.0,0.0,0.0,0.0,0.0,0.0,0.0,0.0,0.0,0.0,0.0,0.0,0.0,0.0,0.0,0.0,0.0,0.0,0.0,0.0,1.6,0.0,0.0,0.0,0.0,0.0,0.0,0.0,0.0,0.0,0.0,0.0,0.0,0.0,0.0,0.0,0.0,0.0,0.0,0.0,0.0,0.8,0.0,0.0,0.0,0.0,0.0,0.0,0.0,0.0,0.0,0.0,0.0,0.0,0.0,0.0,0.0,0.0,0.0,0.0,0.0,0.0,0.0,0.0,0.0,0.0,0.0,0.0,0.0,0.0,0.0,0.0,0.0,0.0,0.0,0.0,0.0,0.0,0.0,0.0,0.0,0.0,0.0,0.0,0.0,0.0,0.0,0.0,0.0,0.0,0.0,0.0,0.0,0.0,0.0,0.0,0.0,0.0,0.0,0.0,0.0,0.0,0.0,0.0,0.0,0.0,0.0,0.0,0.0,0.0,0.0,0.0,0.0,0.0,0.0,0.0",6.4,66093.85546875,965772.46484375,8689.7861328125,168136.06689453125,36.08642578125
1791409418.2228434,aggregate_n8_vmnos256_r3:confirmation,6.1,"18.1,14.6,6.5,6.3,9.8,7.2,9.0,7.5,14.4,15.4,10.3,9.5,11.7,13.3,6.7,12.9,3.6,8.8,7.1,4.5,19.8,4.6,7.5,10.1,3.6,5.4,4.5,5.4,4.4,5.3,100.0,64.6,55.8,50.5,9.2,8.1,9.3,11.9,9.2,8.4,12.0,8.6,7.3,6.5,6.4,8.5,8.5,7.5,9.3,7.5,18.3,13.0,7.8,12.6,10.6,9.3,7.5,9.5,4.6,6.4,6.4,7.3,4.5,4.5,2.7,6.0,2.7,2.7,100.0,100.0,100.0,100.0,100.0,100.0,100.0,100.0,0.0,0.0,0.0,0.0,0.0,0.9,0.0,0.0,0.9,0.0,0.0,0.0,0.0,0.0,0.0,0.0,0.0,0.0,0.0,0.0,0.0,0.0,0.9,0.0,0.0,0.9,0.0,0.0,0.0,0.0,0.0,0.0,0.0,0.0,0.0,0.0,0.0,0.0,0.0,0.0,0.0,0.0,0.0,0.0,0.0,0.0,0.0,0.0,0.0,0.0,0.0,0.0,0.0,0.0,0.0,0.0,0.0,0.0,0.0,0.0,0.0,0.0,0.0,0.0,0.0,0.0,0.0,0.0,0.0,0.0,0.0,0.0,0.0,0.0,0.0,0.0,0.0,0.0,0.0,0.0,0.0,0.0,0.0,0.0,0.0,0.0,0.0,0.0,0.0,0.0,0.0,0.0,0.0,0.0,0.0,0.0,0.0,0.0,0.0,0.0,0.0,0.0,0.0,0.0,0.0,0.0,0.0,0.0,0.0,0.0,0.0,0.0,0.0,0.0,0.0,0.0,0.0,0.0,0.0,0.0,0.0,0.0,0.0,0.0,0.0,0.0,0.0,0.0,0.0,0.0,0.0,0.0,0.0,0.0,0.0,0.0,0.0,0.0,0.0,0.0,0.0,0.0,0.0,0.0,0.0,0.0,0.0,0.0,0.0,0.0,0.0,0.0,0.0,0.0,0.0,0.0,0.0,0.0,0.0,0.0,0.0,0.0,0.0,0.0,0.0,0.0,0.0,0.0,0.0,0.0,0.0,0.0,0.0,0.0,0.0,0.0,0.0,0.0,0.0",6.4,66364.0625,965502.2578125,8689.7861328125,168136.06689453125,36.08642578125
1791409419.3742456,aggregate_n8_vmnos256_r3:confirmation,6.1,"15.7,7.1,8.2,6.0,15.8,4.0,10.9,9.0,5.7,5.0,3.9,5.9,2.0,6.7,9.7,8.0,3.9,3.9,3.9,2.9,10.6,3.9,10.7,4.0,4.7,5.8,5.8,4.9,5.8,8.7,79.4,48.6,12.5,74.8,9.0,12.7,12.7,7.0,12.7,6.9,8.1,9.8,5.1,6.1,6.4,8.2,5.3,9.2,5.9,14.4,13.0,16.3,11.9,9.3,8.0,8.0,6.1,5.8,5.0,4.9,6.8,8.0,10.0,4.9,1.9,5.9,8.4,4.8,99.1,100.0,100.0,100.0,100.0,100.0,100.0,100.0,0.0,0.0,0.0,0.0,0.0,0.0,0.0,0.0,1.0,0.0,0.0,0.0,0.0,0.0,0.0,0.0,0.0,0.0,0.0,0.0,0.0,0.0,1.0,3.7,0.0,1.9,0.0,0.0,0.0,0.0,0.0,0.0,0.0,0.0,0.0,0.0,0.0,0.0,0.0,0.0,0.0,0.0,0.0,0.0,0.0,0.0,0.0,0.0,0.0,0.0,0.0,0.0,0.0,0.0,0.0,0.0,0.0,0.0,0.0,0.0,0.0,0.0,0.0,0.0,0.0,0.9,0.0,0.0,0.0,0.0,0.0,0.0,0.0,0.0,0.0,0.0,0.0,0.0,0.0,0.0,0.0,0.0,0.0,0.0,0.0,0.0,0.0,0.0,0.0,0.0,0.0,0.0,0.0,0.0,0.0,0.0,0.0,0.0,0.0,0.0,0.0,0.0,0.0,0.0,0.0,0.0,0.0,0.0,0.0,0.0,0.0,0.0,0.0,0.0,0.0,0.0,0.0,0.0,0.0,0.0,0.0,0.0,0.0,0.0,0.0,0.0,0.0,0.0,0.0,0.0,0.0,0.0,0.0,0.0,0.0,0.0,0.0,0.0,0.0,0.0,0.0,0.0,0.0,0.0,0.0,0.0,0.0,0.0,0.0,0.0,0.0,0.0,0.0,0.0,0.0,0.0,0.0,0.0,0.0,0.0,0.0,0.0,0.0,0.0,0.0,0.0,0.0,0.0,0.0,0.0,0.0,0.0,0.0,0.0,0.0,0.0,0.0,0.0,0.0",6.4,65697.0703125,966169.25,8689.7861328125,168136.06689453125,36.08642578125
1791409420.3979208,aggregate_n8_vmnos256_r3:confirmation,5.7,"21.6,7.3,9.0,7.3,8.3,10.4,14.6,10.5,6.0,4.0,16.0,4.1,8.0,5.0,6.1,11.1,7.1,4.1,5.2,8.7,8.2,7.1,7.1,5.1,3.1,5.1,4.0,6.0,3.1,2.0,36.6,76.0,4.9,98.0,6.0,6.3,5.1,9.0,4.0,5.1,9.5,8.3,8.3,6.2,6.1,4.1,9.2,11.3,9.1,8.6,7.2,12.0,10.3,9.0,9.0,5.1,2.0,2.0,7.1,4.0,9.4,8.2,2.0,2.0,5.9,2.0,3.0,3.9,100.0,100.0,100.0,100.0,100.0,100.0,100.0,100.0,0.0,0.0,0.0,0.0,0.0,1.0,0.0,0.0,2.0,0.0,0.0,0.0,0.0,0.0,0.0,0.0,0.0,0.0,0.0,0.0,0.0,0.0,3.9,0.0,0.0,3.9,0.0,0.0,0.0,0.0,0.0,0.0,0.0,0.0,0.0,0.0,0.0,0.0,0.0,0.0,0.0,0.0,0.0,0.0,0.0,0.0,0.0,0.0,0.0,0.0,0.0,0.0,0.0,0.0,0.0,0.0,0.0,0.0,0.0,0.0,0.0,0.0,0.0,0.0,0.0,0.0,0.0,0.0,0.0,0.0,0.0,0.0,0.0,0.0,0.0,0.0,0.0,0.0,0.0,0.0,0.0,0.0,0.0,0.0,0.0,0.0,0.0,0.0,0.0,0.0,0.0,0.0,0.0,0.0,0.0,0.0,0.0,0.0,0.0,0.0,0.0,0.0,0.0,0.0,0.0,0.0,0.0,0.0,0.0,0.0,0.0,0.0,0.0,0.0,0.0,0.0,0.0,0.0,0.0,0.0,0.0,0.0,0.0,0.0,0.0,0.0,0.0,0.0,0.0,0.0,0.0,0.0,0.0,0.0,0.0,0.0,0.0,0.0,0.0,0.0,0.0,0.0,0.0,0.0,0.0,0.0,0.0,0.0,0.0,0.0,0.0,0.0,0.0,0.0,0.0,0.0,0.0,0.0,0.0,0.0,0.0,0.0,0.0,0.0,0.0,0.0,0.0,0.0,0.0,0.0,0.0,0.0,0.0,0.0,0.0,0.0,0.0,0.0,0.0",6.4,65932.52734375,965933.79296875,8689.7861328125,168141.03955078125,35.7587890625
1791409421.4481547,aggregate_n8_vmnos256_r3:confirmation,6.6,"8.7,7.1,4.9,11.5,10.9,9.5,16.8,6.8,16.8,7.5,5.0,6.4,3.5,8.5,10.1,9.4,7.0,6.5,5.0,8.6,12.9,5.7,8.5,11.7,5.6,2.9,5.6,4.2,4.9,4.3,76.2,78.8,0.0,100.0,5.1,10.3,8.5,7.7,7.1,8.9,5.8,7.1,15.8,19.6,8.8,12.3,6.6,7.6,11.6,16.2,9.6,11.5,14.5,10.2,12.2,5.8,9.4,23.9,10.6,11.5,10.0,7.1,7.0,7.9,2.1,5.6,4.2,2.8,100.0,98.6,100.0,100.0,99.3,100.0,100.0,100.0,0.0,0.0,0.0,0.0,0.0,0.0,0.0,0.0,1.4,0.7,0.0,0.0,0.0,0.0,0.0,0.0,0.0,0.0,0.0,0.0,0.0,0.0,0.0,0.0,0.0,0.0,0.0,0.0,0.0,0.0,0.0,0.0,0.0,0.0,0.0,0.0,0.0,1.4,0.0,0.0,0.0,0.0,0.0,0.0,0.0,0.0,0.0,0.0,0.0,0.0,0.0,0.0,0.0,0.0,0.0,0.0,0.0,0.0,0.0,0.0,0.0,0.0,0.0,0.0,0.0,0.0,0.0,0.0,0.0,0.0,0.0,0.0,0.0,0.0,0.0,0.0,0.0,0.0,0.0,0.0,0.0,0.0,0.0,1.4,0.0,0.0,0.0,0.0,0.0,0.0,0.0,0.0,0.0,0.0,0.0,0.0,0.0,0.0,0.0,0.0,0.0,0.0,0.0,0.0,0.0,0.0,0.0,0.0,0.0,0.0,0.0,0.0,0.0,0.0,0.0,0.0,0.0,0.0,0.0,0.0,0.0,0.0,0.0,0.0,0.0,0.0,0.0,0.0,0.0,0.0,0.0,0.0,0.0,0.0,0.0,0.0,0.0,0.0,0.0,0.0,0.0,0.0,0.0,0.0,0.0,0.0,0.0,0.0,0.0,0.0,0.0,0.0,0.0,0.0,0.0,0.0,0.0,0.0,0.0,0.0,0.0,0.0,0.0,0.0,0.0,0.0,0.0,0.0,0.0,0.0,0.0,0.0,0.0,0.0,0.0,0.0,0.0,0.0,0.0",6.4,66186.53125,965679.7890625,8689.7861328125,168141.03955078125,35.7587890625
1791409422.8910344,aggregate_n8_vmnos256_r3:confirmation,6.6,"9.3,11.8,11.8,13.1,6.3,12.5,7.2,12.0,7.9,6.1,9.8,8.0,21.6,8.9,9.9,7.0,9.9,11.0,11.0,12.1,8.3,20.6,9.8,16.3,4.9,12.5,6.9,5.9,7.0,9.6,86.4,50.5,7.7,100.0,5.0,7.1,10.0,10.6,7.9,7.9,10.1,10.1,11.1,19.6,13.7,11.0,14.9,11.9,14.4,11.7,20.6,18.7,13.4,11.1,15.8,7.1,10.4,17.5,16.2,13.3,16.7,14.4,15.3,19.0,5.9,6.9,7.7,5.9,100.0,100.0,100.0,99.0,100.0,100.0,99.0,100.0,0.0,0.0,0.0,0.0,0.0,0.0,1.0,0.0,0.0,0.0,0.0,0.0,0.0,0.0,0.0,0.0,0.0,0.0,0.0,0.0,0.0,0.0,5.8,0.0,0.0,5.8,0.0,0.0,0.0,0.0,0.0,0.0,0.0,0.0,0.0,0.0,0.0,0.0,0.0,0.0,0.0,0.0,0.0,0.0,0.0,0.0,0.0,0.0,0.0,0.0,0.0,0.0,0.0,0.0,0.0,0.0,0.0,0.0,0.0,0.0,0.0,0.0,0.0,0.0,0.0,0.0,0.0,0.0,0.0,0.0,0.0,0.0,0.0,0.0,0.0,0.0,0.0,0.0,0.0,0.0,0.0,0.0,0.0,0.0,0.0,0.0,0.0,0.0,0.0,0.0,0.0,0.0,0.0,0.0,0.0,0.0,0.0,0.0,0.0,0.0,0.0,0.0,0.0,0.0,0.0,0.0,0.0,0.0,0.0,0.0,0.0,0.0,0.0,0.0,0.0,0.0,0.0,0.0,0.0,0.0,0.0,0.0,0.0,0.0,0.0,0.0,0.0,0.0,0.0,0.0,0.0,0.0,0.0,0.0,0.0,0.0,0.0,0.0,0.0,0.0,0.0,0.0,0.0,0.0,0.0,0.0,0.0,0.0,0.0,0.0,0.0,0.0,0.0,0.0,0.0,0.0,0.0,0.0,0.0,0.0,0.0,0.0,0.0,0.0,0.0,0.0,0.0,0.0,0.0,0.0,0.0,0.0,0.0,0.0,0.0,0.0,0.0,0.0,0.0",6.4,66193.3125,965673.0078125,8689.7861328125,168141.03955078125,35.7587890625
1791409423.8988085,aggregate_n8_vmnos256_r3:confirmation,5.2,"9.4,7.6,4.3,4.2,3.1,16.5,5.4,5.4,6.1,0.0,2.0,0.0,2.1,2.1,3.1,3.2,1.0,1.0,4.3,1.0,3.1,15.0,2.1,1.0,1.0,2.0,0.0,2.0,1.0,2.0,52.0,66.0,76.5,69.0,1.0,2.0,5.1,4.2,4.0,2.0,5.2,13.0,3.1,2.1,3.2,1.0,1.0,2.0,3.0,3.3,5.1,15.2,9.0,13.7,4.1,3.2,2.1,7.5,8.8,6.5,4.4,6.6,4.2,8.7,0.0,0.0,0.0,0.0,100.0,100.0,100.0,100.0,99.0,100.0,100.0,100.0,0.0,0.0,0.0,0.0,0.0,0.0,0.0,0.0,0.0,0.0,0.0,0.0,0.0,0.0,0.0,0.0,0.0,0.0,0.0,0.0,0.0,0.0,0.0,6.0,0.0,0.0,0.0,0.0,0.0,0.0,0.0,0.0,0.0,0.0,0.0,0.0,0.0,0.0,0.0,0.0,0.0,0.0,0.0,0.0,0.0,0.0,0.0,0.0,0.0,0.0,0.0,0.0,0.0,0.0,0.0,0.0,0.0,0.0,0.0,0.0,0.0,0.0,0.0,0.0,0.0,0.0,0.0,0.0,0.0,0.0,0.0,0.0,0.0,0.0,0.0,0.0,0.0,0.0,0.0,0.0,0.0,0.0,0.0,2.0,0.0,0.0,0.0,0.0,0.0,0.0,0.0,0.0,0.0,0.0,0.0,0.0,0.0,0.0,0.0,0.0,0.0,0.0,0.0,0.0,0.0,0.0,0.0,0.0,0.0,0.0,0.0,0.0,0.0,0.0,0.0,0.0,0.0,0.0,0.0,0.0,0.0,0.0,0.0,0.0,0.0,0.0,0.0,0.0,0.0,0.0,0.0,0.0,0.0,0.0,0.0,0.0,0.0,0.0,0.0,0.0,0.0,0.0,0.0,0.0,0.0,0.0,0.0,0.0,0.0,0.0,0.0,0.0,0.0,0.0,0.0,0.0,0.0,0.0,0.0,0.0,0.0,0.0,0.0,0.0,0.0,0.0,0.0,0.0,0.0,0.0,0.0,0.0,0.0,0.0,0.0,0.0,0.0,0.0,0.0",6.4,66340.46875,965525.8515625,8689.7861328125,168141.04345703125,35.7587890625
1791409424.9197972,aggregate_n8_vmnos256_r3:confirmation,7.3,"13.7,13.3,16.0,17.8,11.8,17.0,11.5,17.1,16.5,10.3,12.6,18.5,12.0,9.0,8.5,7.5,8.4,18.3,12.8,16.7,12.5,21.7,15.7,10.6,4.5,6.5,7.3,4.5,10.9,9.0,41.1,99.1,73.2,56.2,11.6,8.2,6.5,9.9,10.8,9.9,8.3,10.9,15.5,11.6,9.5,9.3,9.1,12.8,9.3,10.9,19.8,14.4,14.6,15.1,15.3,11.5,14.2,20.8,7.5,8.3,15.2,15.9,14.2,31.1,8.2,8.2,9.9,9.0,100.0,100.0,99.1,100.0,100.0,100.0,100.0,100.0,0.0,0.0,0.0,0.0,0.0,0.0,0.0,0.0,0.0,0.0,0.0,0.0,0.0,0.0,0.0,0.0,0.0,0.0,0.0,0.0,0.0,0.0,0.0,0.0,0.0,0.0,0.0,0.0,0.0,0.0,0.0,0.0,0.0,0.0,0.0,0.0,0.0,0.0,0.0,0.0,0.0,0.0,0.0,0.0,0.0,0.0,0.0,0.0,0.0,0.0,0.0,0.0,0.0,0.0,0.0,0.0,0.0,0.0,0.0,0.0,0.0,0.0,0.0,0.0,0.0,0.0,0.0,0.0,0.0,0.0,0.0,0.0,0.0,0.0,0.0,0.0,0.0,0.0,0.0,0.0,0.0,0.0,0.0,1.8,0.0,0.0,0.0,0.0,0.0,0.0,0.0,0.0,0.0,0.0,0.0,0.0,0.0,0.0,0.0,0.0,0.0,0.0,0.0,0.0,0.0,0.0,0.0,0.0,0.0,0.0,0.0,0.0,0.0,0.0,0.0,0.0,0.0,0.0,0.0,0.0,0.0,0.0,0.0,0.0,0.0,0.0,0.0,0.0,0.0,0.0,0.0,0.0,0.0,0.0,0.0,0.0,0.0,0.0,0.0,0.0,0.0,0.0,0.0,0.0,0.0,0.0,0.0,0.0,0.0,0.0,0.0,0.0,0.0,0.0,0.0,0.0,0.0,0.0,0.0,0.0,0.0,0.0,0.0,0.0,0.0,0.0,0.0,0.0,0.0,0.0,0.0,0.0,0.0,0.0,0.0,0.0,0.0,0.0,0.0",6.5,66960.58203125,964905.73828125,8689.7900390625,168147.36767578125,35.7587890625
1791409426.3031263,aggregate_n8_vmnos256_r3:confirmation,6.1,"11.7,10.2,5.0,5.7,26.2,13.9,7.8,5.7,13.5,7.0,9.8,9.3,8.8,6.6,10.2,13.8,7.4,4.8,5.6,6.5,12.3,13.3,8.3,10.7,7.0,6.3,7.9,8.7,4.9,6.5,3.1,83.3,65.1,71.1,8.0,6.5,5.6,3.2,4.8,5.6,5.5,7.2,10.9,5.7,8.9,8.9,7.9,7.2,5.6,11.4,12.9,8.9,9.2,11.5,18.4,9.1,8.1,8.9,7.6,5.8,23.8,7.3,9.4,10.8,6.3,7.9,6.4,7.1,99.2,100.0,100.0,100.0,100.0,99.2,100.0,100.0,0.0,0.0,0.0,0.0,0.0,1.7,0.0,0.0,0.8,0.0,0.0,0.0,0.0,0.0,0.0,0.0,0.0,0.0,0.0,0.0,0.0,0.0,0.0,0.8,0.0,0.0,0.0,0.0,0.0,0.0,0.0,0.0,0.0,0.0,0.0,0.0,0.0,0.8,0.0,0.0,0.0,0.0,0.0,0.0,0.0,0.0,0.0,0.0,0.0,0.0,0.0,0.0,0.0,0.0,0.0,0.0,0.0,0.0,0.0,0.0,0.0,0.0,0.0,0.0,0.0,0.0,0.0,0.0,0.0,0.0,0.0,0.0,0.0,0.0,0.0,0.0,0.0,0.0,0.0,0.0,0.0,0.0,0.0,0.8,0.0,0.0,0.0,0.0,0.0,0.0,0.0,0.0,0.0,0.0,0.0,0.0,0.0,0.0,0.0,0.0,0.0,0.0,0.0,0.0,0.0,0.0,0.0,0.0,0.0,0.0,0.0,0.0,0.0,0.0,0.0,0.0,0.0,0.0,0.0,0.0,0.0,0.0,0.0,0.0,0.0,0.0,0.0,0.0,0.0,0.0,0.0,0.0,0.0,0.0,0.0,0.0,0.0,0.0,0.0,0.0,0.0,0.0,0.0,0.0,0.0,0.0,0.0,0.0,0.0,0.0,0.0,0.0,0.0,0.0,0.0,0.0,0.0,0.0,0.0,0.0,0.0,0.0,0.0,0.0,0.0,0.0,0.0,0.0,0.0,0.0,0.0,0.0,0.0,0.0,0.0,0.0,0.0,0.0,0.0",6.4,65976.08984375,965890.23046875,8689.7900390625,168148.09033203125,34.33642578125
1791409427.5292234,aggregate_n8_vmnos256_r3:confirmation,5.4,"11.9,2.9,2.9,3.6,5.0,8.1,5.6,2.9,5.8,3.5,12.3,2.1,4.9,4.2,6.5,1.4,1.4,2.1,2.1,1.4,2.1,1.4,10.0,6.5,2.1,1.4,2.1,9.8,0.7,14.3,72.2,100.0,40.1,73.4,2.1,4.9,5.6,2.1,0.7,1.4,2.8,1.4,0.0,2.8,2.9,9.9,0.0,1.4,2.1,4.5,11.7,2.3,6.9,5.8,8.7,5.1,5.8,18.6,2.8,2.8,5.7,2.1,2.1,5.0,0.7,0.7,3.5,3.5,100.0,99.3,100.0,100.0,100.0,100.0,100.0,100.0,0.0,0.0,0.0,0.0,0.0,0.0,0.0,0.0,0.0,0.0,0.0,0.0,0.0,0.0,0.0,0.0,0.0,0.0,0.0,0.0,0.0,0.0,1.4,4.8,0.0,0.0,0.0,0.0,0.0,0.0,0.0,0.0,0.0,0.0,0.0,0.0,0.0,1.4,0.0,0.0,0.0,0.0,0.0,0.0,0.0,0.0,0.0,0.0,0.0,0.0,0.0,0.0,0.0,0.0,0.0,0.0,0.0,0.0,0.0,0.0,0.0,0.0,0.0,0.0,0.0,0.0,0.0,0.0,0.0,0.0,0.0,0.0,0.0,0.0,0.0,0.0,0.0,0.0,0.0,0.0,0.0,0.0,0.0,0.7,0.0,0.0,0.0,0.0,0.0,0.0,0.0,0.0,0.0,0.0,0.0,0.0,0.0,0.0,0.0,0.0,0.0,0.0,0.0,0.0,0.0,0.0,0.0,0.0,0.0,0.0,0.0,0.0,0.0,0.0,0.0,0.0,0.0,0.0,0.0,0.0,0.0,0.0,0.0,0.0,0.0,0.0,0.0,0.0,0.0,0.0,0.0,0.0,0.0,0.0,0.0,0.0,0.0,0.0,0.0,0.0,0.0,0.0,0.0,0.0,0.0,0.0,0.0,0.0,0.0,0.0,0.0,0.0,0.0,0.0,0.0,0.0,0.0,0.0,0.0,0.0,0.0,0.0,0.0,0.0,0.0,0.0,0.0,0.0,0.0,0.0,0.0,0.0,0.0,0.0,0.0,0.0,0.0,0.0,0.0",6.5,66634.66015625,965231.66015625,8689.7900390625,168148.09033203125,34.33642578125
1791409428.8710015,aggregate_n8_vmnos256_r3:confirmation,6.7,"13.4,8.9,17.0,7.3,9.0,11.0,10.7,9.8,18.4,11.5,15.7,13.0,7.0,7.1,9.7,9.5,7.9,13.4,13.3,16.1,8.8,13.2,11.0,11.2,8.5,6.1,6.0,7.8,5.2,7.7,46.6,80.5,91.6,35.0,5.3,6.9,5.2,6.0,7.0,6.9,8.8,8.7,7.0,10.4,11.1,13.9,8.7,9.9,10.3,13.6,15.3,17.9,12.0,11.7,8.8,8.8,10.4,18.5,13.0,9.0,19.8,7.2,8.2,11.4,8.4,7.6,6.8,6.9,100.0,100.0,100.0,100.0,100.0,100.0,100.0,100.0,0.0,0.0,0.0,0.0,0.0,1.8,0.0,0.0,0.9,0.0,0.0,0.0,0.0,0.0,0.0,0.0,0.0,0.0,0.0,0.0,0.0,0.0,6.7,0.8,0.0,5.8,0.0,0.0,0.0,0.0,0.0,0.0,0.0,0.0,0.0,0.0,0.0,0.0,0.0,0.0,0.0,0.0,0.0,0.0,0.0,0.0,0.0,0.0,0.0,0.0,0.0,0.0,0.0,0.0,0.0,0.0,0.0,0.0,0.0,0.0,0.0,0.0,0.0,0.0,0.0,0.0,0.0,0.0,0.0,0.0,0.0,0.0,0.0,0.0,0.0,0.0,0.0,0.0,0.0,0.0,0.0,0.0,0.0,0.0,0.0,0.0,0.0,0.0,0.0,0.0,0.0,0.0,0.0,0.0,0.0,0.0,0.0,0.0,0.0,0.0,0.0,0.0,0.0,0.0,0.0,0.0,0.0,0.0,0.0,0.0,0.0,0.0,0.0,0.0,0.0,0.0,0.0,0.0,0.0,0.0,0.0,0.0,0.0,0.0,0.0,0.0,0.0,0.0,0.0,0.0,0.0,0.0,0.0,0.0,0.0,0.0,0.0,0.0,0.0,0.0,0.0,0.0,0.0,0.0,0.0,0.0,0.0,0.0,0.0,0.0,0.0,0.0,0.0,0.0,0.0,0.0,0.0,0.0,0.0,0.0,0.0,0.0,0.0,0.0,0.0,0.0,0.0,0.0,0.0,0.0,0.0,0.0,0.0,0.0,0.0,0.0,0.0,0.0,0.0",6.4,66364.04296875,965502.27734375,8689.7900390625,168148.09423828125,34.33642578125
1791409430.2746642,aggregate_n8_vmnos256_r3:confirmation,6.5,"13.9,14.1,13.5,9.8,9.0,8.8,10.2,10.3,10.1,9.6,11.8,7.5,11.5,13.9,11.1,12.3,11.7,10.8,8.5,7.9,8.5,7.9,8.1,28.8,8.0,5.0,5.7,5.8,6.5,4.4,56.4,59.1,90.2,60.7,6.5,5.9,7.9,7.1,6.9,5.8,10.3,7.9,7.3,7.1,8.1,7.2,7.1,12.2,13.3,12.2,10.3,14.1,10.4,15.7,10.9,7.9,12.3,15.3,9.2,10.6,13.9,14.5,11.1,11.0,7.0,4.3,4.4,4.3,100.0,99.3,100.0,100.0,100.0,100.0,100.0,100.0,0.0,0.0,0.0,0.0,0.0,0.0,0.0,0.0,0.7,0.0,0.0,0.0,0.0,0.0,0.0,0.0,0.0,0.0,0.0,0.0,0.0,0.0,8.5,2.8,0.0,14.8,0.0,0.0,0.0,0.0,0.0,0.0,0.0,0.0,0.0,0.0,0.0,0.0,0.0,0.0,0.0,0.0,0.0,0.0,0.0,0.0,0.0,0.0,0.0,0.0,0.0,0.0,0.0,0.0,0.0,0.0,0.0,0.0,0.0,0.0,0.0,0.0,0.0,0.0,0.0,0.0,0.0,0.0,0.0,0.0,0.0,0.0,0.0,0.0,0.0,0.0,0.0,0.7,0.0,0.0,0.0,0.0,0.0,0.0,0.0,0.0,0.0,0.0,0.0,0.0,0.0,0.0,0.0,0.0,0.0,0.0,0.0,0.0,0.0,0.0,0.0,0.0,0.0,0.0,0.0,0.0,0.0,0.0,0.0,0.0,0.0,0.0,0.0,0.0,0.0,0.0,0.0,0.0,0.0,0.0,0.0,0.0,0.0,0.0,0.0,0.0,0.0,0.0,0.0,0.0,0.0,0.0,0.0,0.0,0.0,0.0,0.0,0.0,0.0,0.0,0.0,0.0,0.0,0.0,0.0,0.0,0.0,0.0,0.0,0.0,0.0,0.0,0.0,0.0,0.0,0.0,0.0,0.0,0.0,0.0,0.0,0.0,0.0,0.0,0.0,0.0,0.0,0.0,0.0,0.0,0.0,0.0,0.0,0.0,0.0,0.0,0.0,0.0,0.0",6.5,66584.87890625,965281.44140625,8689.7900390625,168152.95751953125,38.9541015625
1791409431.426962,aggregate_n8_vmnos256_r3:confirmation,5.5,"10.2,5.1,2.0,5.1,4.1,2.0,5.2,8.2,4.0,3.0,1.0,2.9,2.0,4.1,3.0,7.3,7.9,1.0,2.0,6.0,4.0,3.0,5.1,7.1,2.0,0.0,2.0,2.9,4.9,2.9,30.1,99.0,30.7,99.0,2.9,2.0,3.0,3.9,5.0,3.9,1.0,2.0,1.0,2.0,1.0,6.9,1.0,2.9,2.0,4.1,5.1,6.3,10.3,6.0,3.0,2.0,9.2,4.2,8.2,3.1,7.2,4.0,3.2,3.0,1.0,1.9,1.0,1.9,100.0,100.0,100.0,100.0,100.0,100.0,100.0,100.0,0.0,0.0,0.0,0.0,0.0,1.0,0.0,0.0,1.0,0.0,0.0,0.0,0.0,0.0,0.0,0.0,0.0,0.0,0.0,0.0,0.0,0.0,1.0,1.0,1.0,1.0,0.0,0.0,0.0,0.0,0.0,0.0,0.0,0.0,0.0,0.0,0.0,0.0,0.0,0.0,0.0,0.0,0.0,0.0,0.0,0.0,0.0,0.0,0.0,0.0,0.0,0.0,0.0,0.0,0.0,0.0,0.0,0.0,0.0,0.0,0.0,0.0,0.0,0.0,0.0,0.0,0.0,0.0,0.0,0.0,0.0,0.0,0.0,0.0,0.0,0.0,0.0,0.0,0.0,0.0,0.0,0.0,0.0,1.0,0.0,0.0,0.0,0.0,0.0,0.0,0.0,0.0,0.0,0.0,0.0,0.0,0.0,0.0,1.0,0.0,0.0,0.0,0.0,0.0,0.0,0.0,0.0,0.0,0.0,0.0,0.0,0.0,0.0,0.0,0.0,0.0,0.0,0.0,0.0,0.0,0.0,0.0,0.0,0.0,0.0,0.0,0.0,0.0,0.0,0.0,0.0,0.0,0.0,0.0,0.0,0.0,0.0,0.0,0.0,0.0,0.0,0.0,0.0,0.0,0.0,0.0,0.0,0.0,0.0,0.0,0.0,0.0,0.0,0.0,0.0,0.0,0.0,0.0,0.0,0.0,0.0,0.0,0.0,0.0,0.0,0.0,0.0,0.0,0.0,0.0,0.0,0.0,0.0,0.0,0.0,0.0,0.0,0.0,0.0",6.4,66494.78125,965371.5390625,8689.7900390625,168152.95751953125,38.9541015625
1791409432.4497952,aggregate_n8_vmnos256_r3:confirmation,6.8,"14.1,12.8,8.3,13.1,14.3,11.6,11.3,13.4,9.3,6.3,12.5,8.2,12.1,13.5,11.3,10.4,9.3,19.1,11.7,10.4,14.0,15.0,16.2,11.7,8.1,6.0,3.1,9.9,6.9,21.6,59.4,81.2,34.7,45.6,9.0,9.9,5.2,4.1,7.8,9.6,12.0,8.2,8.1,13.1,13.0,11.2,10.2,9.9,12.2,18.5,10.4,9.7,17.0,13.7,11.3,24.0,10.9,11.1,12.5,11.2,10.1,14.1,10.3,17.2,6.1,8.0,7.0,7.0,100.0,100.0,99.0,100.0,99.0,100.0,100.0,99.0,0.0,0.0,0.0,0.0,0.0,1.0,0.0,0.0,2.9,0.0,0.0,0.0,0.0,0.0,0.0,0.0,0.0,0.0,0.0,0.0,0.0,0.0,2.0,1.9,0.0,0.0,0.0,0.0,0.0,0.0,0.0,0.0,0.0,0.0,0.0,0.0,0.0,0.0,0.0,0.0,0.0,0.0,0.0,0.0,0.0,0.0,0.0,0.0,0.0,0.0,0.0,0.0,0.0,0.0,0.0,0.0,0.0,0.0,0.0,0.0,0.0,0.0,0.0,0.0,0.0,0.0,0.0,0.0,0.0,0.0,0.0,0.0,0.0,0.0,0.0,0.0,0.0,0.0,0.0,0.0,0.0,0.0,0.0,0.0,0.0,0.0,0.0,0.0,0.0,0.0,0.0,0.0,0.0,0.0,0.0,0.0,0.0,0.0,0.0,0.0,0.0,0.0,0.0,0.0,0.0,0.0,0.0,0.0,0.0,0.0,0.0,0.0,0.0,0.0,0.0,0.0,0.0,0.0,0.0,0.0,0.0,0.0,0.0,0.0,0.0,0.0,0.0,0.0,0.0,0.0,0.0,0.0,0.0,0.0,0.0,0.0,0.0,0.0,0.0,0.0,0.0,0.0,0.0,0.0,0.0,0.0,0.0,0.0,0.0,0.0,0.0,0.0,0.0,0.0,0.0,0.0,0.0,0.0,0.0,0.0,0.0,0.0,0.0,0.0,0.0,0.0,0.0,0.0,0.0,0.0,0.0,0.0,0.0,0.0,0.0,0.0,0.0,0.0,0.0",6.4,66115.7890625,965750.53125,8689.7900390625,168152.95751953125,38.9541015625
1791409433.4674602,aggregate_n8_vmnos256_r3:confirmation,4.8,"6.1,0.0,0.0,5.0,0.0,4.0,5.1,3.0,3.1,3.0,2.0,8.1,2.0,2.0,1.0,3.0,0.0,5.1,4.1,3.1,1.0,2.1,2.0,1.1,0.0,0.0,0.0,1.0,1.0,7.4,53.1,91.0,41.4,43.0,1.0,3.0,3.0,1.0,3.1,2.1,3.0,1.0,1.0,1.0,2.1,1.0,1.0,1.0,3.0,2.1,3.0,4.1,7.6,6.2,3.1,3.1,0.0,6.2,2.0,1.0,7.0,1.0,6.0,4.0,0.0,2.0,0.0,0.0,100.0,100.0,100.0,100.0,100.0,100.0,100.0,100.0,0.0,0.0,0.0,1.0,0.0,0.0,0.0,0.0,3.1,0.0,0.0,0.0,0.0,0.0,0.0,0.0,0.0,0.0,0.0,0.0,0.0,0.0,9.9,4.0,4.0,0.0,0.0,0.0,0.0,0.0,0.0,0.0,0.0,0.0,0.0,0.0,0.0,0.0,0.0,0.0,0.0,0.0,0.0,0.0,0.0,0.0,0.0,0.0,0.0,0.0,0.0,0.0,0.0,0.0,0.0,0.0,0.0,0.0,0.0,0.0,0.0,0.0,0.0,0.0,0.0,0.0,0.0,0.0,0.0,0.0,0.0,0.0,0.0,0.0,0.0,0.0,0.0,0.0,0.0,0.0,0.0,0.0,0.0,0.0,0.0,0.0,0.0,0.0,0.0,0.0,0.0,0.0,0.0,0.0,0.0,0.0,0.0,0.0,0.0,0.0,0.0,0.0,0.0,0.0,0.0,0.0,0.0,0.0,0.0,0.0,0.0,0.0,0.0,0.0,0.0,0.0,0.0,0.0,0.0,0.0,0.0,0.0,0.0,0.0,0.0,0.0,0.0,0.0,0.0,0.0,0.0,0.0,0.0,0.0,0.0,0.0,0.0,0.0,0.0,0.0,0.0,0.0,0.0,0.0,0.0,0.0,0.0,0.0,0.0,0.0,0.0,0.0,0.0,0.0,0.0,0.0,0.0,0.0,0.0,0.0,0.0,0.0,0.0,0.0,0.0,0.0,0.0,0.0,0.0,0.0,0.0,0.0,0.0,0.0,0.0,0.0,0.0,0.0,0.0",6.4,66179.8984375,965686.421875,8689.7900390625,168152.95751953125,38.9541015625
1791409434.4903324,aggregate_n8_vmnos256_r3:confirmation,6.3,"11.1,9.9,8.9,14.3,15.8,16.2,9.4,12.9,8.1,6.1,9.1,9.0,9.0,8.1,5.1,7.0,8.9,9.4,11.0,14.4,10.3,9.2,8.2,7.4,10.6,6.8,6.8,4.9,4.0,5.1,69.6,62.7,69.6,53.5,5.1,7.0,14.6,7.8,5.1,5.9,5.0,9.8,4.1,7.0,5.0,10.9,9.1,9.0,4.1,14.3,9.0,23.4,12.1,11.1,12.0,6.2,12.1,9.9,5.1,10.8,9.0,10.2,10.1,9.0,7.8,7.0,6.9,4.0,99.0,100.0,100.0,99.0,100.0,95.1,99.0,100.0,0.0,0.0,0.0,0.0,0.0,1.0,0.0,0.0,2.0,0.0,0.0,0.0,0.0,0.0,0.0,0.0,0.0,0.0,0.0,0.0,0.0,0.0,0.0,0.0,0.0,0.0,0.0,0.0,0.0,0.0,0.0,0.0,0.0,0.0,0.0,0.0,0.0,0.0,0.0,0.0,0.0,0.0,0.0,0.0,0.0,0.0,0.0,0.0,0.0,0.0,0.0,0.0,0.0,0.0,0.0,0.0,0.0,0.0,0.0,0.0,0.0,0.0,0.0,0.0,0.0,0.0,0.0,0.0,0.0,0.0,0.0,0.0,0.0,0.0,0.0,0.0,0.0,0.0,0.0,0.0,0.0,0.0,0.0,1.0,0.0,0.0,0.0,0.0,0.0,0.0,0.0,0.0,0.0,0.0,0.0,0.0,0.0,0.0,0.0,0.0,0.0,0.0,0.0,0.0,0.0,0.0,0.0,0.0,0.0,0.0,0.0,0.0,0.0,0.0,0.0,0.0,0.0,0.0,0.0,0.0,0.0,0.0,0.0,0.0,0.0,0.0,0.0,0.0,0.0,0.0,0.0,0.0,0.0,0.0,0.0,0.0,0.0,0.0,0.0,0.0,0.0,0.0,0.0,0.0,0.0,0.0,0.0,0.0,0.0,0.0,0.0,0.0,0.0,0.0,0.0,0.0,0.0,0.0,0.0,0.0,0.0,0.0,0.0,0.0,0.0,0.0,0.0,0.0,0.0,0.0,0.0,0.0,0.0,0.0,0.0,0.0,0.0,0.0,0.0",6.4,66351.828125,965514.4921875,8689.7900390625,168152.95751953125,38.9541015625
1791409435.5135531,idle,5.4,"9.9,5.1,3.0,10.2,19.6,8.9,5.0,2.9,3.9,6.0,4.0,7.1,6.1,7.9,3.0,5.0,5.1,4.0,5.1,4.0,8.2,8.2,9.2,3.1,3.0,1.0,0.0,2.0,0.0,2.0,80.2,48.5,40.4,94.1,3.9,2.0,6.1,4.0,5.0,3.0,1.0,5.9,10.2,6.9,3.1,2.0,2.0,1.0,3.0,5.1,3.1,7.0,5.1,12.1,4.9,1.0,0.0,2.0,1.0,1.0,7.9,1.0,1.0,6.9,1.0,0.0,1.0,0.0,100.0,100.0,100.0,100.0,99.0,100.0,100.0,100.0,0.0,0.0,0.0,0.0,0.0,0.0,0.0,0.0,0.0,0.0,0.0,0.0,0.0,0.0,0.0,0.0,0.0,0.0,0.0,0.0,0.0,0.0,1.9,2.0,13.7,2.0,0.0,0.0,0.0,0.0,0.0,0.0,0.0,0.0,0.0,0.0,0.0,0.0,0.0,0.0,0.0,0.0,0.0,0.0,0.0,0.0,0.0,0.0,0.0,0.0,0.0,0.0,0.0,0.0,0.0,0.0,0.0,0.0,0.0,0.0,0.0,0.0,0.0,0.0,0.0,0.0,0.0,0.0,0.0,0.0,0.0,0.0,0.0,0.0,0.0,0.0,0.0,0.0,0.0,0.0,0.0,0.0,0.0,0.0,0.0,0.0,0.0,0.0,0.0,0.0,0.0,0.0,0.0,0.0,0.0,0.0,0.0,0.0,0.0,0.0,0.0,1.0,0.0,0.0,0.0,0.0,0.0,0.0,0.0,0.0,0.0,0.0,0.0,0.0,0.0,0.0,0.0,0.0,0.0,0.0,0.0,0.0,0.0,0.0,0.0,0.0,0.0,0.0,0.0,0.0,0.0,0.0,0.0,0.0,0.0,0.0,0.0,0.0,0.0,0.0,0.0,0.0,0.0,0.0,0.0,0.0,0.0,0.0,0.0,0.0,0.0,0.0,0.0,0.0,0.0,0.0,0.0,0.0,0.0,0.0,0.0,0.0,0.0,0.0,0.0,0.0,0.0,0.0,0.0,0.0,0.0,0.0,0.0,0.0,0.0,0.0,0.0,0.0,0.0",6.4,66402.15625,965464.1640625,8689.7900390625,168159.01611328125,37.67626953125
1791409436.55777,idle,6.2,"11.0,9.1,13.7,16.8,6.1,9.1,7.8,4.0,7.0,7.0,5.9,9.2,12.7,9.0,11.8,6.9,7.9,8.9,11.0,5.0,12.6,16.3,7.1,8.9,3.0,5.9,3.9,1.0,6.7,3.0,69.2,100.0,3.8,77.7,3.9,4.0,6.8,6.0,13.9,7.7,6.9,4.1,9.8,15.0,6.9,8.0,2.0,8.1,8.7,11.3,7.1,11.1,10.3,9.9,6.0,5.3,4.9,9.0,5.9,5.9,10.9,9.8,10.1,7.3,3.9,2.9,2.9,3.9,100.0,100.0,100.0,100.0,100.0,100.0,100.0,100.0,0.0,0.0,0.0,0.0,0.0,1.0,0.0,0.0,0.0,0.0,0.0,0.0,0.0,0.0,0.0,0.0,0.0,0.0,0.0,0.0,0.0,0.0,1.0,1.9,33.3,1.0,0.0,0.0,0.0,0.0,0.0,0.0,0.0,0.0,0.0,0.0,0.0,0.0,0.0,0.0,0.0,0.0,0.0,0.0,0.0,0.0,0.0,0.0,0.0,0.0,0.0,0.0,0.0,0.0,0.0,0.0,0.0,0.0,0.0,0.0,0.0,0.0,0.0,0.0,0.0,0.0,0.0,0.0,0.0,0.0,0.0,0.0,0.0,0.0,0.0,0.0,0.0,0.0,0.0,0.0,0.0,0.0,0.0,1.0,0.0,0.0,0.0,0.0,0.0,0.0,0.0,0.0,0.0,0.0,0.0,0.0,0.0,0.0,0.0,0.0,0.0,0.0,0.0,0.0,0.0,0.0,0.0,0.0,0.0,0.0,0.0,0.0,0.0,0.0,0.0,0.0,0.0,0.0,0.0,0.0,0.0,0.0,0.0,0.0,0.0,0.0,0.0,0.0,0.0,0.0,0.0,0.0,0.0,0.0,0.0,0.0,0.0,0.0,0.0,0.0,0.0,0.0,0.0,0.0,0.0,0.0,0.0,0.0,0.0,0.0,0.0,0.0,0.0,0.0,0.0,0.0,0.0,0.0,0.0,0.0,0.0,0.0,0.0,0.0,0.0,0.0,0.0,0.0,0.0,0.0,0.0,0.0,0.0,0.0,0.0,0.0,0.0,0.0,0.0",6.5,66588.7265625,965277.59375,8689.7900390625,168159.01611328125,37.67626953125
1791409437.5849802,idle,5.4,"18.3,0.0,4.0,18.2,7.0,11.0,2.0,1.0,3.9,1.9,2.9,6.9,1.0,1.0,8.7,5.0,2.0,3.0,4.0,6.9,5.9,8.7,1.0,2.0,4.9,5.7,0.0,2.0,3.9,2.0,24.0,100.0,16.7,52.0,4.0,2.0,1.0,5.9,19.4,2.0,1.0,1.9,1.9,1.0,1.0,1.9,28.0,2.0,2.9,11.0,10.0,6.1,5.2,3.9,5.9,1.9,6.9,5.9,7.8,1.0,3.9,3.8,41.4,3.0,0.0,1.0,1.0,1.0,100.0,100.0,100.0,100.0,100.0,100.0,100.0,100.0,0.0,0.0,0.0,0.0,0.0,0.0,0.0,0.0,0.0,0.0,0.0,0.0,0.0,0.0,0.0,0.0,0.0,0.0,0.0,0.0,0.0,0.0,2.9,1.9,28.4,0.0,0.0,0.0,0.0,0.0,0.0,0.0,0.0,0.0,0.0,0.0,0.0,1.9,0.0,0.0,0.0,0.0,0.0,0.0,0.0,0.0,0.0,0.0,0.0,0.0,0.0,0.0,0.0,0.0,0.0,0.0,0.0,0.0,0.0,0.0,0.0,0.0,0.0,0.0,0.0,0.0,0.0,0.0,0.0,0.0,0.0,0.0,0.0,0.0,0.0,0.0,0.0,0.0,0.0,0.0,0.0,0.0,0.0,0.0,0.0,0.0,0.0,0.0,0.0,0.0,0.0,0.0,0.0,0.0,0.0,0.0,0.0,0.0,0.0,0.0,0.0,0.0,0.0,0.0,0.0,0.0,0.0,0.0,0.0,0.0,0.0,0.0,0.0,0.0,0.0,0.0,0.0,0.0,0.0,0.0,0.0,0.0,0.0,0.0,0.0,0.0,0.0,0.0,0.0,0.0,0.0,0.0,0.0,0.0,0.0,0.0,0.0,0.0,0.0,0.0,0.0,0.0,0.0,0.0,0.0,0.0,0.0,0.0,0.0,0.0,0.0,0.0,0.0,0.0,0.0,0.0,0.0,0.0,0.0,0.0,0.0,0.0,0.0,0.0,0.0,0.0,0.0,0.0,0.0,0.0,0.0,0.0,0.0,0.0,0.0,0.0,0.0,0.0,0.0",6.5,66714.63671875,965151.68359375,8689.7900390625,168159.01611328125,37.67626953125
1791409438.6321397,idle,6.0,"11.9,4.1,9.8,11.2,9.0,15.3,7.9,11.1,8.8,6.9,7.0,10.1,5.0,11.2,11.0,5.1,7.8,3.9,5.0,26.0,5.9,6.9,9.0,6.4,11.0,6.1,7.1,5.0,4.0,12.9,43.6,61.2,10.9,66.0,10.2,9.1,13.9,5.1,14.9,7.0,7.9,14.9,5.0,7.8,4.0,7.8,6.0,7.1,2.0,5.3,6.0,10.4,7.2,3.1,5.1,3.0,4.1,6.1,9.1,9.0,9.9,6.0,7.8,8.7,3.8,2.9,2.9,2.0,100.0,100.0,100.0,100.0,100.0,100.0,100.0,100.0,0.0,0.0,0.0,0.0,0.0,1.0,1.0,0.0,1.1,0.0,0.0,0.0,0.0,0.0,0.0,0.0,0.0,0.0,0.0,0.0,0.0,0.0,8.7,2.0,36.9,3.8,0.0,0.0,0.0,0.0,0.0,0.0,0.0,0.0,0.0,0.0,0.0,0.0,0.0,0.0,0.0,0.0,0.0,0.0,0.0,0.0,0.0,0.0,0.0,0.0,0.0,0.0,0.0,0.0,0.0,0.0,0.0,0.0,0.0,0.0,0.0,0.0,0.0,0.0,0.0,0.0,0.0,0.0,0.0,0.0,0.0,0.0,0.0,0.0,0.0,0.0,0.0,0.0,0.0,0.0,0.0,0.0,0.0,2.0,0.0,0.0,0.0,0.0,0.0,0.0,0.0,0.0,0.0,0.0,0.0,0.0,0.0,0.0,0.0,0.0,0.0,0.0,0.0,0.0,0.0,0.0,0.0,0.0,0.0,0.0,0.0,0.0,0.0,0.0,0.0,0.0,0.0,0.0,0.0,0.0,0.0,0.0,0.0,0.0,0.0,0.0,0.0,0.0,0.0,0.0,0.0,0.0,0.0,0.0,0.0,0.0,0.0,0.0,0.0,0.0,0.0,0.0,0.0,0.0,0.0,0.0,0.0,0.0,0.0,0.0,0.0,0.0,0.0,0.0,0.0,0.0,0.0,0.0,0.0,0.0,0.0,0.0,0.0,0.0,0.0,0.0,0.0,0.0,0.0,0.0,0.0,0.0,0.0,0.0,0.0,0.0,0.0,0.0,0.0",6.4,65874.8984375,965991.421875,8689.7900390625,168159.01611328125,37.67626953125
1791409439.658522,idle,4.7,"10.5,8.0,3.0,1.0,2.9,4.9,1.0,4.9,5.8,0.0,1.0,1.0,0.0,1.0,3.0,1.0,0.0,1.0,1.0,0.0,0.0,1.9,0.0,0.0,4.9,2.0,5.7,4.9,2.0,0.0,16.7,41.6,35.2,0.0,3.0,5.2,8.3,3.3,7.9,2.0,1.0,1.0,0.0,0.0,0.0,0.0,1.9,1.0,0.0,3.1,0.0,1.0,2.1,2.0,3.9,2.0,93.3,1.0,6.7,6.7,5.8,0.0,1.0,1.9,0.0,0.0,0.0,0.0,100.0,100.0,100.0,100.0,99.1,100.0,100.0,100.0,0.0,0.0,0.0,0.0,0.0,1.0,0.0,0.0,2.0,0.0,0.0,0.0,0.0,0.0,0.0,0.0,0.0,0.0,0.0,0.0,0.0,0.0,0.0,0.0,61.0,0.0,0.0,0.0,0.0,0.0,0.0,0.0,0.0,0.0,0.0,0.0,0.0,1.0,0.0,0.0,0.0,0.0,0.0,0.0,0.0,0.0,0.0,0.0,0.0,0.0,0.0,0.0,0.0,0.0,0.0,0.0,0.0,0.0,0.0,0.0,0.0,0.0,0.0,0.0,0.0,0.0,0.0,0.0,0.0,0.0,0.0,0.0,0.0,0.0,0.0,0.0,0.0,0.0,0.0,0.0,0.0,0.0,0.0,0.0,0.0,0.0,0.0,0.0,0.0,0.0,0.0,0.0,0.0,0.0,0.0,0.0,0.0,0.0,0.0,0.0,0.0,0.0,0.0,0.0,0.0,0.0,0.0,0.0,0.0,0.0,0.0,0.0,0.0,0.0,0.0,0.0,0.0,0.0,0.0,0.0,0.0,0.0,0.0,0.0,0.0,0.0,0.0,0.0,0.0,0.0,0.0,0.0,0.0,0.0,0.0,0.0,0.0,0.0,0.0,0.0,0.0,0.0,0.0,0.0,0.0,0.0,0.0,0.0,0.0,0.0,0.0,0.0,0.0,0.0,0.0,0.0,0.0,0.0,0.0,0.0,0.0,0.0,0.0,0.0,0.0,0.0,0.0,0.0,0.0,0.0,0.0,0.0,0.0,0.0,0.0,0.0,0.0,0.0,0.0",6.4,66171.73828125,965694.58203125,8689.7900390625,168159.02001953125,37.67626953125
1791409440.7792642,idle,5.7,"10.6,2.8,4.5,22.7,4.6,6.4,2.7,3.6,3.6,5.5,1.8,1.8,5.5,6.3,5.6,7.9,3.6,5.5,7.1,4.5,2.7,1.8,2.7,3.8,3.7,10.9,4.6,4.5,3.7,3.7,31.2,39.6,100.0,0.9,2.7,6.2,2.8,6.3,2.7,3.6,4.5,5.4,21.3,5.5,3.7,5.5,5.4,4.7,9.2,7.5,8.2,7.5,6.7,4.8,7.1,4.6,3.6,97.4,2.7,1.8,1.8,0.0,0.9,3.6,0.9,0.9,0.9,1.8,100.0,100.0,100.0,100.0,100.0,100.0,100.0,100.0,0.0,0.0,0.0,0.0,0.0,0.0,0.0,0.0,1.0,0.0,0.0,0.0,0.0,0.0,0.0,0.0,0.0,0.0,0.0,0.0,0.0,0.0,1.8,0.9,30.1,23.9,0.0,0.0,0.0,0.0,0.0,0.0,0.0,0.0,0.0,0.0,0.0,0.0,0.0,0.0,0.0,0.0,0.0,0.0,0.0,0.0,0.0,0.0,0.0,0.0,0.0,0.0,0.0,0.0,0.0,0.0,0.0,0.0,0.9,0.0,0.0,0.0,0.0,0.0,0.0,0.0,0.0,0.0,0.0,0.0,0.0,0.0,0.0,0.0,0.0,0.0,0.0,1.8,0.0,0.0,0.0,0.0,0.0,0.0,0.0,0.0,0.0,0.0,0.0,0.0,0.0,0.0,0.0,0.0,0.0,0.0,0.0,0.0,0.0,0.0,0.0,0.0,0.0,0.0,0.0,0.0,0.0,0.0,0.0,0.0,0.0,0.0,0.0,0.0,0.0,0.0,0.0,0.0,0.0,0.0,0.0,0.0,0.0,0.0,0.0,0.0,0.0,0.0,0.0,0.0,0.0,0.0,0.0,0.0,0.0,0.0,0.0,0.0,0.0,0.0,0.0,0.0,0.0,0.0,0.0,0.0,0.0,0.0,0.0,0.0,0.0,0.0,0.0,0.0,0.0,0.0,0.0,0.0,0.0,0.0,0.0,0.0,0.0,0.0,0.0,0.0,0.0,0.0,0.0,0.0,0.0,0.0,0.0,0.0,0.0,0.0,0.0,0.0,0.0",6.4,66453.875,965412.4453125,8689.7900390625,168160.94970703125,37.3017578125
1791409441.8996172,idle,4.7,"7.4,0.0,0.0,0.0,0.9,1.8,0.0,0.9,3.6,3.6,1.8,0.0,0.9,0.0,0.0,0.0,0.0,0.9,0.0,1.8,1.8,0.9,0.0,0.0,4.5,0.0,0.0,0.0,3.6,0.9,82.7,22.6,33.0,50.9,2.8,1.9,1.9,1.0,3.6,3.8,1.8,0.0,0.0,1.8,1.8,1.8,0.0,0.0,0.0,0.9,0.9,7.3,1.9,0.0,2.7,0.0,0.0,99.1,0.0,0.9,0.9,0.0,0.0,0.0,0.0,0.0,0.0,0.0,99.1,99.1,98.2,100.0,100.0,100.0,100.0,100.0,0.0,0.0,0.0,0.0,0.0,0.9,0.0,0.0,1.0,0.0,0.0,0.0,0.0,0.0,0.0,0.0,0.0,0.0,0.0,0.0,0.0,0.0,2.7,3.6,0.0,36.9,0.0,0.0,0.0,0.0,0.0,0.0,0.0,0.0,0.0,0.0,0.0,0.0,0.0,0.0,0.0,0.0,0.0,0.0,0.0,0.0,0.0,0.0,0.0,0.0,0.0,0.0,0.0,0.0,0.0,0.0,0.0,0.0,0.0,0.0,0.0,0.0,0.0,0.0,0.0,0.0,0.0,0.0,0.0,0.0,0.0,0.0,0.0,0.0,0.0,0.0,0.0,0.0,0.0,0.0,0.0,0.0,0.0,0.9,0.0,0.0,0.0,0.0,0.0,0.0,0.0,0.0,0.0,0.0,0.0,0.0,0.0,0.0,0.0,0.0,0.0,0.0,0.0,0.0,0.0,0.0,0.0,0.0,0.0,0.0,0.0,0.0,0.0,0.0,0.0,0.0,0.0,0.0,0.0,0.0,0.0,0.0,0.0,0.0,0.0,0.0,0.0,0.0,0.0,0.0,0.0,0.0,0.0,0.0,0.0,0.0,0.0,0.0,0.0,0.0,0.0,0.0,0.0,0.0,0.0,0.0,0.0,0.0,0.0,0.0,0.0,0.0,0.0,0.0,0.0,0.0,0.0,0.0,0.0,0.0,0.0,0.0,0.0,0.0,0.0,0.0,0.0,0.0,0.0,0.0,0.0,0.0,0.0,0.0,0.0,0.0,0.0,0.0,0.0",6.4,65801.8984375,966064.421875,8689.7900390625,168160.94970703125,37.3017578125
1791409443.0026762,idle,5.5,"8.7,7.5,2.9,1.9,8.4,8.3,3.8,3.7,8.5,5.8,6.6,2.8,5.6,9.5,4.6,5.6,1.9,2.9,6.4,3.8,6.5,3.9,13.2,4.0,7.4,2.8,3.6,3.7,2.8,2.8,94.5,1.8,16.8,22.7,5.7,5.8,5.9,8.3,3.0,9.4,6.6,4.6,2.9,13.0,31.1,1.8,1.9,2.8,0.9,5.0,1.9,3.9,4.0,4.7,5.8,1.9,1.9,98.2,4.7,1.9,1.8,2.8,1.8,1.8,0.9,1.9,0.9,1.9,100.0,100.0,100.0,100.0,100.0,99.1,100.0,100.0,0.0,0.0,0.0,0.0,0.0,0.0,0.0,0.0,0.0,0.0,0.0,0.0,0.0,0.0,0.0,0.0,0.0,0.0,0.0,0.0,0.0,0.0,0.0,0.0,0.0,63.6,0.0,0.0,0.0,0.0,0.0,0.0,0.0,0.0,0.0,0.0,0.0,0.0,0.0,0.0,0.0,0.0,0.0,0.0,0.0,0.0,0.0,0.0,0.0,0.0,0.0,0.0,0.0,0.0,0.0,0.0,0.0,0.0,0.0,0.0,0.0,0.0,0.0,0.0,0.0,0.0,0.0,0.0,0.0,0.0,0.0,0.0,0.0,0.0,0.0,0.0,0.0,0.0,0.0,0.0,0.0,0.0,0.0,0.9,0.0,0.0,0.0,0.0,0.0,0.0,0.0,0.0,0.0,0.0,0.0,0.0,0.0,0.0,0.0,0.0,0.0,0.0,0.0,0.0,0.0,0.0,0.0,0.0,0.0,0.0,0.0,0.0,0.0,0.0,0.0,0.0,0.0,0.0,0.0,0.0,0.0,0.0,0.0,0.0,0.0,0.0,0.0,0.0,0.0,0.0,0.0,0.0,0.0,0.0,0.0,0.0,0.0,0.0,0.0,0.0,0.0,0.0,0.0,0.0,0.0,0.0,0.0,0.0,0.0,0.0,0.0,0.0,0.0,0.0,0.0,0.0,0.0,0.0,0.0,0.0,0.0,0.0,0.0,0.0,0.0,0.0,0.0,0.0,0.0,0.0,0.0,0.0,0.0,0.0,0.0,0.0,0.0,0.0,0.0",6.4,66289.765625,965576.5546875,8689.7900390625,168160.94970703125,37.3017578125
1791409444.099228,idle,4.7,"4.6,0.0,1.8,0.0,0.0,2.8,0.9,0.9,3.7,2.9,2.8,0.9,0.9,0.0,2.7,0.9,0.9,2.7,0.9,10.3,0.0,5.7,0.9,0.0,2.8,0.9,0.0,0.9,1.8,0.0,100.0,41.3,40.2,0.0,4.7,15.4,3.9,1.9,1.0,1.9,3.1,2.0,1.9,3.8,1.9,0.9,0.0,0.0,3.6,1.0,0.9,1.9,4.7,0.9,0.9,1.8,1.8,94.5,2.8,0.9,0.9,0.0,0.0,0.9,0.0,0.0,0.9,0.0,100.0,100.0,100.0,100.0,100.0,100.0,99.1,100.0,0.0,0.0,0.0,0.0,0.0,0.0,0.0,0.0,0.9,0.0,0.0,0.0,0.0,0.0,0.0,0.0,0.0,0.0,0.0,0.0,0.0,0.0,0.0,0.0,0.0,20.0,0.0,0.0,0.0,0.0,0.0,0.0,0.0,0.0,0.0,0.0,0.0,0.9,0.0,0.0,0.0,0.0,0.0,0.0,0.0,0.0,0.0,0.0,0.0,0.0,0.0,0.0,0.0,0.0,0.0,0.0,0.0,0.0,0.0,0.0,0.0,0.0,0.0,0.0,0.0,0.0,0.0,0.0,0.0,0.0,0.0,0.0,0.0,0.0,0.0,0.0,0.0,0.0,0.0,0.0,0.0,0.0,0.0,0.9,0.0,0.0,0.0,0.0,0.0,0.0,0.0,0.0,0.0,0.0,0.0,0.0,0.0,0.0,0.0,0.0,0.0,0.0,0.0,0.0,0.0,0.0,0.0,0.0,0.0,0.0,0.0,0.0,0.0,0.0,0.0,0.0,0.0,0.0,0.0,0.0,0.0,0.0,0.0,0.0,0.0,0.0,0.0,0.0,0.0,0.0,0.0,0.0,0.0,0.0,0.0,0.0,0.0,0.0,0.0,0.0,0.0,0.0,0.0,0.0,0.0,0.0,0.0,0.0,0.0,0.0,0.0,0.0,0.0,0.0,0.0,0.0,0.0,0.0,0.0,0.0,0.0,0.0,0.0,0.0,0.0,0.0,0.0,0.0,0.0,0.0,0.0,0.0,0.0,0.0,0.0,0.0,0.0,0.0,0.0",6.4,66524.765625,965341.5546875,8689.7900390625,168160.94970703125,37.3017578125
1791409445.2121906,idle,5.6,"10.9,2.9,4.6,2.8,3.6,7.4,4.8,4.8,4.6,3.7,1.8,1.9,93.6,2.8,4.7,2.7,0.9,4.6,3.8,3.8,3.8,2.8,2.9,1.9,3.8,2.8,1.8,0.9,0.9,1.8,34.3,68.5,47.2,99.1,6.4,1.9,1.9,4.6,3.7,2.8,4.6,4.6,3.8,8.6,3.9,9.3,6.5,4.6,4.6,6.9,1.9,5.0,5.9,2.8,4.6,2.9,3.9,2.8,4.0,3.7,5.8,1.9,2.7,11.1,2.7,1.8,2.7,1.8,100.0,100.0,100.0,100.0,100.0,100.0,100.0,100.0,0.0,0.0,0.0,0.0,0.0,0.9,0.0,0.0,0.9,0.9,0.0,0.0,0.0,0.0,0.0,0.0,0.0,0.0,0.0,0.0,0.0,0.0,0.9,0.9,0.0,0.9,0.0,0.0,0.0,0.0,0.9,0.0,0.0,0.0,0.0,0.0,0.0,0.9,0.0,0.0,0.0,0.0,0.0,0.0,0.0,0.0,0.0,0.0,0.0,0.0,0.0,0.0,0.0,0.0,0.0,0.0,0.0,0.0,0.0,0.0,0.0,0.0,0.0,0.0,0.0,0.0,0.0,0.0,0.0,0.0,0.0,0.0,0.0,0.0,0.0,0.0,0.0,0.0,0.0,0.0,0.0,0.0,0.0,0.9,0.0,0.0,0.0,0.0,0.0,0.0,0.0,0.0,0.0,0.0,0.0,0.0,0.0,0.0,0.9,0.0,0.0,0.0,0.0,0.0,0.0,0.0,0.0,0.0,0.0,0.0,0.0,0.0,0.0,0.0,0.0,0.0,0.0,0.0,0.0,0.0,0.0,0.0,0.0,0.0,0.0,0.0,0.0,0.0,0.0,0.0,0.0,0.0,0.0,0.0,0.0,0.0,0.0,0.0,0.0,0.0,0.0,0.0,0.0,0.0,0.0,0.0,0.0,0.0,0.0,0.0,0.0,0.0,0.0,0.0,0.0,0.0,0.0,0.0,0.0,0.0,0.0,0.0,0.0,0.0,0.0,0.0,0.0,0.0,0.0,0.0,0.0,0.0,0.0,0.0,0.0,0.0,0.0,0.0,0.0",6.4,66174.33203125,965691.98828125,8689.7900390625,168160.95361328125,37.3017578125
1791409446.2423494,idle,5.3,"6.0,2.0,11.0,1.0,2.0,2.9,2.9,3.9,3.9,2.9,1.0,1.0,99.0,1.0,6.9,2.0,5.1,4.9,3.9,6.0,2.9,5.8,4.9,2.9,2.0,2.0,0.0,2.9,2.0,2.0,16.0,57.0,59.2,76.5,2.0,2.9,5.0,2.9,2.9,2.9,2.0,4.0,3.0,3.0,5.0,6.0,3.0,4.9,1.0,4.1,5.1,5.1,4.2,1.0,2.0,4.0,4.0,5.0,4.0,2.0,8.8,3.9,9.1,4.0,1.0,1.9,1.0,1.0,100.0,100.0,100.0,100.0,100.0,100.0,100.0,100.0,0.0,0.0,0.0,0.0,0.0,1.0,0.0,0.0,4.1,1.0,0.0,0.0,0.0,0.0,0.0,0.0,0.0,0.0,0.0,0.0,0.0,0.0,6.9,1.0,3.9,1.9,0.0,0.0,0.0,0.0,0.0,0.0,0.0,0.0,0.0,0.0,0.0,0.0,0.0,0.0,0.0,0.0,0.0,0.0,0.0,0.0,0.0,0.0,0.0,0.0,0.0,0.0,0.0,0.0,0.0,0.0,0.0,0.0,1.0,0.0,0.0,0.0,0.0,0.0,0.0,0.0,0.0,0.0,0.0,0.0,0.0,0.0,0.0,0.0,0.0,0.0,0.0,0.0,0.0,0.0,0.0,0.0,0.0,0.0,0.0,0.0,0.0,0.0,0.0,0.0,0.0,0.0,0.0,0.0,0.0,0.0,0.0,0.0,0.0,0.0,0.0,0.0,0.0,0.0,0.0,0.0,0.0,0.0,0.0,0.0,0.0,0.0,0.0,0.0,0.0,0.0,0.0,0.0,0.0,0.0,0.0,0.0,0.0,0.0,0.0,1.0,0.0,0.0,0.0,0.0,0.0,0.0,0.0,0.0,0.0,0.0,0.0,0.0,0.0,0.0,0.0,0.0,0.0,0.0,0.0,0.0,0.0,0.0,0.0,0.0,0.0,0.0,0.0,0.0,0.0,0.0,0.0,0.0,0.0,0.0,0.0,0.0,0.0,0.0,0.0,0.0,0.0,0.0,0.0,0.0,0.0,0.0,0.0,0.0,0.0,0.0,0.0,0.0,0.0",6.4,66048.76953125,965817.55078125,8689.7900390625,168162.46142578125,35.8359375
1791409447.3124511,individual_n8_vmnos256_r4:submission,6.3,"17.1,12.2,11.1,8.0,7.8,9.5,13.6,23.5,9.3,6.1,8.4,9.6,68.7,7.0,6.0,6.1,7.8,7.0,11.2,14.3,11.4,10.7,9.8,8.1,7.0,6.0,6.0,6.1,4.3,5.2,28.6,95.8,34.5,74.2,9.5,6.2,8.8,7.8,6.9,12.1,7.1,8.7,14.2,15.8,8.0,14.0,16.0,10.3,7.3,11.7,8.0,11.7,14.4,9.6,8.7,8.7,8.8,10.7,13.0,10.5,13.3,14.9,11.2,11.8,8.4,7.6,8.3,6.8,100.0,100.0,100.0,99.2,100.0,100.0,100.0,100.0,0.0,0.0,0.0,0.0,0.0,0.0,0.0,0.0,0.8,0.0,0.0,0.0,0.0,0.0,0.0,0.0,0.0,0.0,0.0,0.0,0.0,0.0,0.0,0.0,0.0,0.0,0.0,0.0,0.0,0.0,0.0,0.0,0.0,0.0,0.0,0.0,0.0,0.0,0.0,0.0,0.0,0.0,0.0,0.0,0.0,0.0,0.0,0.0,0.0,0.0,0.0,0.0,0.0,0.0,0.0,0.0,0.0,0.0,0.0,0.0,0.0,0.0,0.0,0.0,0.0,0.0,0.0,0.0,0.0,0.0,0.0,0.0,0.0,0.0,0.0,0.0,0.0,0.0,0.0,0.0,0.0,0.0,0.0,0.0,0.0,0.0,0.0,0.0,0.0,0.0,0.0,0.0,0.0,0.0,0.0,0.0,0.0,0.0,0.0,0.0,0.0,0.0,0.0,0.0,0.0,0.0,0.0,0.0,0.0,0.0,0.0,0.0,0.0,0.0,0.0,0.0,0.0,0.0,0.0,0.0,0.0,0.0,0.0,0.0,0.0,0.0,0.0,0.0,0.0,0.0,0.0,0.0,0.0,0.0,0.0,0.0,0.0,0.0,0.0,0.0,0.0,0.0,0.0,0.0,0.0,0.0,0.0,0.0,0.0,0.0,0.0,0.0,0.0,0.0,0.0,0.0,0.0,0.0,0.0,0.0,0.0,0.0,0.0,0.0,0.0,0.0,0.0,0.0,0.0,0.0,0.0,0.0,0.0,0.0,0.0,0.0,0.0,0.0,0.0",6.5,67409.30859375,964457.01171875,8689.7900390625,168162.46142578125,35.8359375
1791409448.7739382,individual_n8_vmnos256_r4:submission,12.9,"40.3,33.1,30.0,46.5,32.8,35.3,37.5,37.9,41.7,39.0,36.2,36.0,32.4,37.1,39.7,34.3,34.8,31.9,40.6,42.3,43.7,40.0,45.2,36.7,26.8,32.6,26.2,24.5,24.5,31.5,92.2,61.8,43.4,55.3,27.5,33.3,34.3,28.7,32.4,28.3,45.7,36.9,45.0,38.7,37.3,42.3,46.9,43.0,44.4,34.1,49.7,42.9,37.4,40.3,38.7,39.7,33.8,31.3,40.4,33.3,39.0,47.4,36.2,34.8,38.0,30.2,34.5,33.6,99.4,100.0,100.0,100.0,100.0,100.0,100.0,100.0,0.0,0.0,0.0,0.0,0.0,0.0,0.0,0.0,0.0,0.0,0.0,0.0,0.0,0.0,0.0,0.0,0.0,0.0,0.0,0.0,0.0,0.0,1.3,1.3,0.0,0.7,0.0,0.0,0.0,0.0,0.0,0.0,0.0,0.0,0.0,0.0,0.0,0.0,0.0,0.0,0.0,0.0,0.0,0.0,0.0,0.0,0.0,0.0,0.0,0.0,0.0,0.0,0.0,0.0,0.0,0.0,0.0,0.0,0.0,0.0,0.0,0.0,0.0,0.0,0.0,0.0,0.0,0.0,0.0,0.0,0.0,0.0,0.0,0.0,0.0,0.0,0.0,0.0,0.0,0.0,0.0,0.0,0.0,0.0,0.0,0.0,0.0,0.0,0.0,0.0,0.0,0.0,0.0,0.0,0.0,0.0,0.0,0.0,0.0,0.0,0.0,0.0,0.0,0.0,0.0,0.0,0.0,0.0,0.0,0.0,0.0,0.0,0.0,0.0,0.0,0.0,0.0,0.0,0.0,0.0,0.0,0.0,0.0,0.0,0.0,0.0,0.0,0.0,0.0,0.0,0.0,0.0,0.0,0.0,0.0,0.0,0.0,0.0,0.0,0.0,0.0,0.0,0.0,0.0,0.0,0.0,0.0,0.0,0.0,0.0,0.0,0.0,0.0,0.0,0.0,0.0,0.0,0.0,0.0,0.0,0.0,0.0,0.0,0.0,0.0,0.0,0.0,0.0,0.0,0.0,0.0,0.0,0.0,0.0,0.0,0.0,0.0,0.0,0.0",6.4,66374.921875,965491.3984375,8689.7900390625,168162.46142578125,35.8359375
1791409450.7764676,individual_n8_vmnos256_r4:submission,13.5,"46.2,46.3,48.4,45.4,48.4,45.9,45.7,44.8,45.5,47.8,47.8,46.2,45.5,45.9,48.1,43.4,38.1,41.5,54.1,44.1,37.8,39.5,42.2,48.7,30.5,32.1,31.4,30.4,28.5,33.7,52.7,25.6,49.5,29.8,40.6,36.1,33.9,35.3,35.7,37.3,47.6,44.8,44.4,45.4,43.2,44.3,49.2,44.6,43.6,40.7,44.2,43.6,41.8,41.8,45.2,43.2,44.1,43.1,44.1,42.2,48.7,40.9,45.2,50.0,36.8,32.2,33.0,32.8,100.0,100.0,100.0,100.0,100.0,100.0,100.0,100.0,0.0,0.0,0.0,0.0,0.0,0.5,0.0,0.0,0.5,0.0,0.0,0.0,0.0,0.0,0.0,0.0,0.0,0.0,0.0,0.0,0.0,0.0,0.5,1.0,0.5,0.0,0.0,0.0,0.0,0.0,0.0,0.0,0.0,0.0,0.0,0.0,0.0,0.0,0.0,0.0,0.0,0.0,0.0,0.0,0.0,0.0,0.0,0.0,0.0,0.0,0.0,0.0,0.0,0.0,0.0,0.0,0.0,0.0,0.0,0.0,0.0,0.0,0.0,0.0,0.0,0.0,0.0,0.0,0.0,0.0,0.0,0.0,0.0,0.0,0.0,0.0,0.0,0.0,0.5,0.0,0.0,0.0,0.0,0.5,0.0,0.0,0.0,0.0,0.0,0.0,0.0,0.0,0.0,0.0,0.0,0.0,0.0,0.0,0.0,0.0,0.0,0.0,0.0,0.0,0.0,0.0,0.0,0.0,0.0,0.0,0.0,0.0,0.0,0.0,0.0,0.0,0.0,0.0,0.0,0.0,0.0,0.0,0.0,0.0,0.0,0.0,0.0,0.0,0.0,0.0,0.0,0.0,0.0,0.0,0.0,0.0,0.0,0.0,0.0,0.0,0.0,0.0,0.0,0.0,0.0,0.0,0.0,0.0,0.0,0.0,0.0,0.0,0.0,0.0,0.0,0.0,0.0,0.0,0.0,0.0,0.0,0.0,0.0,0.0,0.0,0.0,0.0,0.0,0.0,0.0,0.0,0.0,0.0,0.0,0.0,0.0,0.0,0.0,0.0",6.4,66476.1328125,965390.1875,8689.7900390625,168165.32080078125,41.69482421875
1791409453.0236785,individual_n8_vmnos256_r4:submission,14.7,"46.4,49.5,45.2,45.7,47.9,48.4,52.6,47.9,46.2,45.2,44.1,47.1,48.9,44.4,45.9,47.0,48.1,50.8,42.8,52.1,46.3,53.2,47.3,45.9,37.1,28.9,38.2,32.6,30.6,33.0,59.2,76.1,72.1,51.0,34.9,36.7,36.2,31.9,34.5,35.2,49.5,45.3,46.2,51.1,48.1,49.7,50.8,49.5,49.4,46.5,45.8,47.5,47.3,52.2,47.3,47.1,48.1,45.7,48.4,47.3,45.9,49.7,49.7,50.3,43.5,40.6,35.6,35.6,100.0,100.0,99.5,100.0,99.5,100.0,100.0,100.0,0.0,0.0,0.0,0.0,0.0,0.0,0.0,0.0,0.5,0.0,0.0,0.0,0.0,0.0,0.0,0.0,0.0,0.0,0.0,0.0,0.0,0.0,8.3,8.4,3.5,3.4,0.0,0.0,0.0,0.0,0.0,0.0,0.0,0.0,0.0,0.0,0.0,0.0,0.0,0.0,0.0,0.0,0.0,0.0,0.0,0.0,0.0,0.0,0.0,0.0,0.0,0.0,0.0,0.0,0.0,0.0,0.0,0.0,0.0,0.0,0.0,0.0,0.0,0.0,0.0,0.0,0.0,0.0,0.0,0.0,0.0,0.0,0.0,0.0,0.0,0.0,0.0,0.0,0.0,0.0,0.0,0.0,0.0,1.0,0.0,0.0,0.0,0.0,0.0,0.0,0.0,0.0,0.0,0.0,0.0,0.0,0.0,0.0,0.0,0.0,0.0,0.0,0.0,0.0,0.0,0.0,0.0,0.0,0.0,0.0,0.0,0.0,0.0,0.0,0.0,0.0,0.0,0.0,0.0,0.0,0.0,0.0,0.0,0.0,0.0,0.0,0.0,0.0,0.0,0.0,0.0,0.0,0.0,0.0,0.0,0.0,0.0,0.0,0.0,0.0,0.0,0.0,0.0,0.0,0.0,0.0,0.0,0.0,0.0,0.0,0.0,0.0,0.0,0.0,0.0,0.0,0.0,0.0,0.0,0.0,0.0,0.0,0.0,0.0,0.0,0.0,0.0,0.0,0.0,0.0,0.0,0.0,0.0,0.0,0.0,0.0,0.0,0.0,0.0",6.4,66119.78515625,965746.53515625,8689.7900390625,168165.32080078125,41.69482421875
1791409454.1008847,individual_n8_vmnos256_r4:confirmation,10.9,"41.2,44.1,17.1,18.5,17.9,44.9,26.3,17.1,17.1,35.8,13.9,22.3,32.8,27.5,28.2,14.7,33.6,20.2,17.2,30.0,43.2,50.4,20.0,32.5,30.0,22.0,11.5,34.2,19.2,14.7,9.8,99.2,96.8,82.3,24.4,13.9,42.6,16.1,21.0,11.9,17.9,37.9,19.8,21.3,18.1,15.8,14.8,45.9,36.7,21.4,12.9,12.5,13.9,26.7,15.0,31.7,16.4,22.0,12.7,27.5,14.5,13.7,14.7,45.3,26.4,39.8,14.9,11.2,100.0,100.0,100.0,100.0,100.0,100.0,100.0,99.2,0.0,0.0,0.0,0.0,0.0,0.8,0.0,0.0,0.8,0.0,0.0,0.0,0.0,0.0,0.0,0.0,0.0,0.0,0.0,0.0,0.0,0.0,4.0,4.8,1.6,4.0,0.0,0.0,0.0,0.0,0.0,0.0,0.0,0.0,0.0,0.0,0.0,0.0,0.0,0.0,0.0,0.0,0.0,0.0,0.0,0.0,0.0,0.0,0.0,0.0,0.0,0.0,0.0,0.0,0.0,0.0,0.0,0.0,0.0,0.0,0.0,0.0,0.0,0.0,0.0,0.0,0.0,0.0,0.0,0.0,0.0,0.0,0.0,0.0,0.0,0.0,0.0,0.0,0.0,0.0,0.0,0.0,0.0,0.0,0.0,0.0,0.0,0.0,0.0,0.0,0.0,0.0,0.0,0.0,0.0,0.0,0.0,0.0,0.0,0.0,0.0,0.0,0.0,0.8,0.0,0.0,0.0,0.0,0.0,0.0,0.0,0.0,0.0,0.0,0.0,0.0,0.0,0.0,0.0,0.0,0.0,0.0,0.0,0.0,0.0,0.0,0.0,0.0,0.0,0.0,0.0,0.0,0.0,0.0,0.0,0.0,0.0,0.0,0.0,0.0,0.0,0.0,0.0,0.0,0.0,0.0,0.0,0.0,0.0,0.0,0.0,0.0,0.0,0.0,0.0,0.0,0.0,0.0,0.0,0.0,0.0,0.0,0.0,0.0,0.0,0.0,0.0,0.0,0.0,0.0,0.0,0.0,0.0,0.0,0.0,0.0,0.0,0.0,0.0",6.5,67397.16015625,964469.16015625,8689.7900390625,168165.32080078125,43.0009765625
1791409456.4119847,individual_n8_vmnos256_r4:confirmation,9.8,"22.2,12.0,14.0,13.0,13.0,34.2,44.1,14.4,21.4,17.3,18.0,17.8,16.5,30.4,20.2,17.1,13.3,23.9,39.2,34.9,28.7,14.6,31.4,16.1,46.6,23.6,29.6,27.3,33.5,19.6,34.2,88.5,57.1,6.2,16.1,21.1,49.8,24.1,31.2,44.0,13.2,30.6,23.4,17.8,16.3,15.5,31.6,21.0,38.3,13.3,17.3,22.2,19.6,26.2,28.6,19.8,34.6,37.7,43.7,26.9,22.5,21.2,32.1,29.8,15.4,21.1,26.0,32.7,100.0,100.0,100.0,100.0,100.0,100.0,100.0,100.0,0.0,0.0,0.0,0.0,0.0,0.0,0.0,0.0,0.5,0.0,0.0,0.0,0.0,0.0,0.0,0.0,0.0,0.0,0.0,0.0,0.0,0.0,23.2,4.0,1.8,3.1,0.0,0.0,0.0,0.0,0.0,0.0,0.0,0.0,0.0,0.0,0.0,0.0,0.0,0.0,0.0,0.0,0.0,0.0,0.0,0.0,0.0,0.0,0.0,0.0,0.0,0.0,0.0,0.0,0.0,0.0,0.0,0.0,0.0,0.0,0.0,0.0,0.0,0.0,0.0,0.0,0.0,0.0,0.0,0.0,0.0,0.0,0.0,0.0,0.0,0.0,0.0,0.0,0.0,0.0,0.0,0.0,0.0,0.9,0.0,0.0,0.0,0.0,0.0,0.0,0.0,0.0,0.0,0.0,0.0,0.0,0.0,0.0,0.0,0.0,0.0,0.0,0.0,0.4,0.0,0.0,0.0,0.0,0.0,0.0,0.0,0.0,0.0,0.0,0.0,0.0,0.0,0.0,0.0,0.0,0.0,0.0,0.0,0.0,0.0,0.0,0.0,0.0,0.0,0.0,0.0,0.0,0.0,0.0,0.0,0.0,0.0,0.0,0.0,0.0,0.0,0.0,0.0,0.0,0.0,0.0,0.0,0.0,0.0,0.0,0.0,0.0,0.0,0.0,0.0,0.0,0.0,0.0,0.0,0.0,0.0,0.0,0.0,0.0,0.0,0.0,0.0,0.4,0.0,0.0,0.0,0.0,0.0,0.0,0.0,0.0,0.0,0.0,0.0",6.5,67501.671875,964364.6484375,8689.7900390625,168169.86376953125,43.0009765625
1791409458.621828,individual_n8_vmnos256_r4:confirmation,8.2,"17.6,15.7,9.1,11.2,17.1,18.6,16.8,14.5,11.7,14.3,16.5,15.1,12.0,16.1,14.6,14.4,12.2,13.6,17.0,13.6,10.9,11.1,14.7,16.9,41.8,15.1,12.3,10.4,14.1,10.5,17.7,64.0,52.0,52.5,13.5,12.0,16.8,16.6,16.8,12.2,16.0,16.8,18.1,13.9,14.3,12.8,19.1,15.5,16.0,25.4,15.8,15.8,16.2,13.4,12.2,26.6,13.2,9.9,11.5,18.4,8.1,12.9,12.2,10.5,8.2,11.9,11.6,8.8,100.0,100.0,100.0,99.5,100.0,99.5,100.0,99.0,0.0,0.0,0.0,0.0,0.0,1.0,0.0,0.0,2.0,0.0,0.0,0.0,0.0,0.0,0.0,0.0,0.0,0.0,0.0,0.0,0.0,0.0,40.3,1.5,2.0,1.5,0.0,0.0,0.0,0.0,0.0,0.0,0.0,0.0,0.0,0.0,0.0,0.0,0.0,0.0,0.0,0.0,0.0,0.0,0.0,0.0,0.0,0.0,0.0,0.0,0.0,0.0,0.0,0.0,0.0,0.0,0.0,0.0,0.0,0.0,0.0,0.0,0.0,0.0,0.0,0.0,0.0,0.0,0.0,0.0,0.0,0.0,0.0,0.0,0.0,0.0,0.0,0.0,0.0,0.0,0.0,0.0,0.0,1.0,0.0,0.0,0.0,0.0,0.0,0.0,0.0,0.0,0.0,0.0,0.0,0.0,0.0,0.0,0.0,0.0,0.0,0.0,0.0,0.0,0.0,0.0,0.0,0.0,0.0,0.0,0.0,0.0,0.0,0.0,0.0,0.0,0.0,0.0,0.0,0.0,0.0,0.0,0.0,0.0,0.0,0.0,0.0,0.0,0.0,0.0,0.0,0.0,0.0,0.0,0.0,0.0,0.0,0.0,0.0,0.0,0.0,92.0,0.0,0.0,0.0,0.0,0.0,0.0,0.0,0.0,0.0,0.0,0.0,0.0,0.0,0.0,0.0,0.0,0.0,0.0,0.0,0.0,0.0,0.0,0.0,0.0,0.0,0.0,0.0,0.0,0.0,0.0,0.0,0.0,0.0,0.0,0.0,0.0,0.0",6.4,66405.6953125,965460.625,8689.7900390625,168169.86376953125,43.0009765625
1791409461.0783079,individual_n8_vmnos256_r4:confirmation,6.4,"17.1,5.9,5.0,10.0,8.5,9.9,7.5,12.3,8.3,5.1,4.6,10.6,13.8,8.1,9.1,8.4,8.0,9.6,7.7,10.0,10.7,6.7,7.4,9.1,6.3,6.7,12.2,7.1,8.9,5.5,41.4,56.7,62.7,68.7,9.2,9.5,8.4,10.3,7.5,7.1,5.6,9.2,7.2,4.7,4.5,7.8,7.9,12.9,7.5,9.6,9.9,12.5,11.7,6.5,7.8,7.3,7.9,6.1,7.2,7.4,9.2,10.9,7.4,6.9,2.8,3.6,2.0,3.3,99.6,99.2,100.0,100.0,100.0,100.0,100.0,100.0,0.0,0.0,0.0,0.0,0.0,0.0,0.0,0.0,0.4,0.0,0.0,0.0,0.0,0.0,0.0,0.0,0.0,0.0,0.0,0.0,0.0,0.0,2.4,2.4,0.0,2.8,0.0,0.0,0.0,0.0,0.0,0.0,0.0,0.0,0.0,0.0,0.0,0.0,0.0,0.0,0.0,0.0,0.0,0.0,0.0,0.0,0.0,0.0,0.0,0.0,0.0,0.0,0.0,0.0,0.0,0.0,0.0,0.0,0.4,0.0,0.0,0.0,0.0,0.0,0.0,0.0,0.0,0.0,0.0,0.0,0.0,0.0,0.0,0.0,0.0,0.0,0.4,0.0,0.0,0.0,0.0,0.0,0.0,1.2,0.0,0.0,0.0,0.0,0.0,0.0,0.0,0.0,0.0,0.0,0.0,0.0,0.0,0.0,0.0,0.0,0.0,0.0,0.0,0.0,0.0,0.0,0.0,0.0,0.0,0.0,0.0,0.0,0.0,0.0,0.0,0.0,0.0,0.0,0.0,0.0,0.0,0.0,0.0,0.0,0.0,0.0,0.0,0.0,0.0,0.0,0.0,0.0,0.0,0.0,0.0,0.0,0.0,0.0,0.0,0.0,0.0,65.0,0.0,0.0,0.0,0.0,0.0,0.0,0.0,0.0,0.0,0.0,0.0,0.0,0.0,0.0,0.0,0.0,0.0,0.0,0.0,0.0,0.0,0.0,0.0,0.0,0.0,0.0,0.0,0.0,0.0,0.0,0.0,0.0,0.0,0.0,0.0,0.0,0.0",6.5,67336.6328125,964529.6875,8689.7900390625,168175.19580078125,41.39892578125
1791409462.3033245,individual_n8_vmnos256_r4:confirmation,6.6,"21.2,6.2,16.2,19.8,8.0,8.0,6.3,20.0,6.9,5.3,3.5,7.8,20.5,10.7,8.0,8.8,3.7,26.4,7.9,6.2,11.9,7.0,10.0,9.3,17.8,1.8,1.7,18.3,3.5,19.7,28.7,75.2,73.3,53.0,23.3,6.0,6.2,7.3,18.6,5.3,5.3,9.6,7.8,10.6,8.3,8.2,12.6,14.7,7.3,14.7,7.0,37.0,8.3,5.4,32.1,6.5,8.9,6.2,11.5,5.2,18.2,10.4,10.9,5.5,1.7,0.9,17.9,2.6,100.0,100.0,99.2,100.0,100.0,100.0,100.0,100.0,0.0,0.0,0.0,0.0,0.0,1.7,0.0,0.0,0.0,0.0,0.0,0.0,0.0,0.0,0.0,0.0,0.0,0.0,0.0,0.0,0.0,0.0,2.6,3.4,3.4,3.4,0.0,0.0,0.0,0.0,0.0,0.0,0.0,0.0,0.0,0.0,0.0,0.0,0.0,0.0,0.0,0.0,0.0,0.0,0.0,0.0,0.0,0.0,0.0,0.0,0.0,0.0,0.0,0.0,0.0,0.0,0.0,0.0,0.0,0.0,0.0,0.0,0.0,0.0,0.0,0.0,0.0,0.0,0.0,0.0,0.0,0.0,0.0,0.0,0.0,0.0,0.0,0.0,0.0,0.0,0.0,0.0,0.0,0.9,0.0,0.0,0.0,0.0,0.0,0.0,0.0,0.0,0.0,0.0,0.0,0.0,0.0,0.0,0.0,0.0,0.8,0.0,0.0,0.0,0.0,0.0,0.0,0.0,0.0,0.0,0.0,0.0,0.0,0.0,0.0,0.0,0.0,0.0,0.0,0.0,0.0,0.0,0.0,0.0,0.0,0.0,0.0,0.0,0.0,0.0,0.0,0.0,0.0,0.0,0.0,0.0,0.0,0.0,0.0,0.0,0.0,0.0,0.0,0.0,0.0,0.0,0.0,0.0,0.0,0.0,0.0,0.0,0.0,0.0,0.0,0.0,0.0,0.0,0.0,0.0,0.0,0.0,0.0,0.0,0.0,0.0,0.0,0.0,0.0,0.0,0.0,0.0,0.0,0.0,0.0,0.0,0.0,0.0,0.0",6.5,66562.453125,965303.8671875,8689.7900390625,168175.19580078125,41.39892578125
1791409464.479076,individual_n8_vmnos256_r4:confirmation,10.4,"49.8,17.2,27.8,39.5,21.3,28.0,19.0,37.3,21.7,24.4,16.5,14.7,33.2,31.7,12.3,17.8,35.8,37.2,19.8,15.7,48.8,27.7,19.8,22.7,43.3,51.1,38.9,48.4,26.0,42.1,55.7,48.4,56.6,52.5,39.3,49.3,16.4,11.8,20.8,17.7,32.1,16.6,13.5,24.2,26.3,25.5,27.5,23.8,28.3,24.8,16.0,45.3,17.8,17.9,14.5,34.1,14.8,11.0,20.1,14.1,39.3,19.3,26.8,20.1,38.8,16.6,21.5,16.7,100.0,99.6,100.0,100.0,100.0,100.0,100.0,100.0,0.0,0.0,0.0,0.0,0.0,0.0,0.0,0.0,0.5,0.0,0.0,0.0,0.0,0.0,0.0,0.0,0.0,0.0,0.0,0.0,0.0,0.0,1.3,0.9,0.5,1.4,0.0,0.0,0.0,0.0,0.0,0.0,0.0,0.0,0.0,0.0,0.0,0.0,0.0,0.0,0.0,0.0,0.0,0.0,0.0,0.0,0.0,0.0,0.0,0.0,0.0,0.0,0.0,0.0,0.0,0.0,0.0,0.0,0.0,0.0,0.0,0.0,0.0,0.0,0.0,0.0,0.0,0.0,0.0,0.0,0.0,0.0,0.0,0.0,0.0,0.0,0.0,0.0,0.0,0.0,0.0,0.0,0.0,0.5,0.0,0.0,0.0,0.0,0.0,0.0,0.0,0.0,0.0,0.0,0.0,0.0,0.0,0.0,0.0,0.0,0.0,0.0,0.0,0.0,0.0,0.0,0.0,0.0,0.0,0.0,0.0,0.0,0.0,0.0,0.0,0.0,0.0,0.0,0.0,0.0,0.0,0.0,0.0,0.0,0.0,0.0,0.0,0.0,0.0,0.0,0.0,0.0,0.0,0.0,0.0,0.0,0.0,0.0,0.0,0.0,0.0,0.0,0.0,0.0,0.0,0.0,0.0,0.0,0.0,0.0,0.0,0.0,0.0,0.0,0.0,0.0,0.0,0.0,0.0,0.0,0.0,0.0,0.0,0.0,0.0,0.0,0.0,0.0,0.0,0.0,0.0,0.0,0.0,0.0,0.0,0.0,0.0,0.0,0.0",6.5,67055.0234375,964811.296875,8689.7900390625,168175.19580078125,41.39892578125
1791409466.3761168,individual_n8_vmnos256_r4:confirmation,10.1,"24.6,19.0,27.2,29.2,28.1,27.1,13.5,18.4,17.4,13.4,15.8,21.8,12.2,15.8,16.1,13.5,20.0,20.9,28.6,11.8,14.2,12.5,21.0,46.8,32.4,44.1,34.1,42.5,37.5,45.9,40.1,53.2,78.9,35.0,26.5,38.7,16.7,17.3,35.9,20.1,36.3,26.2,20.9,11.4,27.3,25.6,16.7,9.4,21.7,28.8,32.1,18.1,27.4,17.0,10.8,12.7,19.9,15.6,26.3,15.8,38.6,9.5,30.0,17.1,27.6,19.7,23.2,14.6,100.0,100.0,100.0,100.0,100.0,100.0,100.0,100.0,0.0,0.0,0.0,0.0,0.0,0.0,0.0,0.0,0.5,0.0,0.0,0.0,0.0,0.0,0.0,0.0,0.0,0.0,0.0,0.0,0.0,0.0,2.2,52.2,4.4,4.0,0.0,0.0,0.0,0.0,0.0,0.0,0.0,0.0,0.0,0.0,0.0,0.4,0.0,0.0,0.0,0.0,0.0,0.0,0.0,0.0,0.0,0.0,0.0,0.0,0.0,0.0,0.0,0.0,0.0,0.0,0.0,0.0,0.0,0.0,0.0,0.0,0.0,0.0,0.0,0.0,0.0,0.0,0.0,0.0,0.0,0.0,0.0,0.0,0.0,0.0,0.0,0.0,0.0,0.0,0.0,0.0,0.0,1.3,0.0,0.0,0.0,0.0,0.0,0.0,0.0,0.0,0.0,0.0,0.0,0.0,0.0,0.0,0.0,0.0,0.0,0.0,0.0,0.0,0.0,0.0,0.0,0.0,0.0,0.0,0.0,0.0,0.0,0.0,0.0,0.0,0.0,0.0,0.0,0.0,0.0,0.0,0.0,0.0,0.0,0.0,0.0,0.0,0.0,0.0,0.0,0.0,0.0,0.0,0.0,0.0,0.0,0.0,0.0,0.0,0.0,39.9,0.0,0.0,0.0,0.0,0.0,0.0,0.0,0.0,0.0,0.0,0.0,0.0,0.0,0.0,0.0,0.0,0.0,0.0,0.0,0.0,0.0,0.0,0.0,0.0,0.0,0.0,0.0,0.0,0.0,0.0,0.0,0.0,0.0,0.0,0.0,0.0,0.0",6.6,67684.41796875,964181.90234375,8689.7900390625,168180.97314453125,41.36669921875
1791409468.315719,individual_n8_vmnos256_r4:confirmation,11.3,"33.1,40.9,14.3,28.2,25.4,44.1,21.6,17.2,24.1,22.1,18.4,15.8,14.6,18.9,16.6,15.5,31.2,59.3,45.6,40.6,39.2,17.9,35.9,34.9,13.1,14.2,61.8,20.7,27.6,42.4,32.0,74.7,26.2,27.3,17.9,30.2,28.9,14.5,30.2,37.7,14.9,15.6,32.5,21.0,38.0,17.5,22.1,31.9,32.0,11.2,31.4,41.7,8.6,22.2,12.3,16.3,18.5,30.0,68.6,13.7,18.3,17.6,22.2,54.8,13.3,62.1,15.4,17.8,97.1,100.0,100.0,98.3,100.0,100.0,100.0,100.0,0.0,0.0,0.0,0.0,0.0,0.6,0.0,0.0,0.0,0.0,0.0,0.0,0.0,0.0,0.0,0.0,0.0,0.0,0.0,0.0,0.0,0.0,6.3,58.0,3.4,3.4,0.0,0.0,0.0,0.0,0.0,0.0,0.0,0.0,0.0,0.0,0.0,0.0,0.0,0.0,0.0,0.0,0.0,0.0,0.0,0.0,0.0,0.0,0.0,0.0,0.0,0.0,0.0,0.0,0.0,0.0,0.0,0.0,0.0,0.0,0.0,0.0,0.0,0.0,0.0,0.0,0.0,0.0,0.0,0.0,0.0,0.0,0.0,0.0,0.0,0.0,0.0,0.0,0.0,0.0,0.0,0.0,0.0,0.0,0.0,0.0,0.0,0.0,0.0,0.0,0.0,0.0,0.0,0.0,0.0,0.0,0.0,0.0,0.0,0.0,0.0,0.0,0.0,0.0,0.0,0.0,0.0,0.0,0.0,0.0,0.0,0.0,0.0,0.0,0.0,0.0,0.0,0.0,0.0,0.0,0.0,0.0,0.0,0.0,0.0,0.0,0.0,0.0,0.0,0.0,0.0,0.0,0.0,0.0,0.0,0.0,0.0,0.0,0.0,0.0,0.0,100.0,0.0,0.0,0.0,0.0,0.0,0.0,0.0,0.0,0.0,0.0,0.0,0.0,0.0,0.0,0.0,0.0,0.0,0.0,0.0,0.0,0.0,0.0,0.0,0.0,0.0,0.0,0.0,0.0,0.0,0.0,0.0,0.0,0.0,0.0,0.0,0.0,0.0",6.5,67102.375,964763.9453125,8689.7900390625,168180.97314453125,41.36669921875
1791409470.1672502,individual_n8_vmnos256_r4:confirmation,10.4,"13.7,45.6,17.2,10.1,10.3,11.3,19.4,15.4,41.2,27.8,12.5,34.6,15.1,16.0,13.8,13.8,10.6,7.7,48.1,47.2,41.2,38.3,36.3,18.2,22.9,34.0,10.1,8.7,55.5,12.2,49.4,1.2,72.3,30.1,24.7,48.2,38.9,53.7,61.1,36.8,27.2,69.9,13.9,12.0,33.5,11.8,10.7,12.3,14.1,15.1,11.6,11.5,10.1,14.4,21.1,50.0,39.6,24.2,11.9,33.1,31.7,12.2,65.6,34.8,22.6,32.7,10.1,50.0,97.0,99.4,98.8,100.0,98.8,99.4,99.4,100.0,0.0,0.0,0.0,0.0,0.0,0.6,0.6,0.0,3.6,0.0,0.0,0.0,0.0,0.0,0.0,0.0,0.0,0.0,0.0,0.0,0.0,0.0,75.3,6.7,2.4,2.4,0.0,0.0,0.0,0.0,0.0,0.0,0.0,0.0,0.0,0.0,0.0,0.0,0.0,0.0,0.0,0.0,0.0,0.0,0.0,0.0,0.0,0.0,0.0,0.0,0.0,0.0,0.0,0.0,0.0,0.0,0.0,0.0,0.0,0.0,0.0,0.0,0.0,0.0,0.0,0.0,0.0,0.0,0.0,0.0,0.0,0.6,0.0,0.0,0.0,0.0,0.0,0.0,0.0,0.0,0.0,0.0,0.0,0.0,0.0,0.0,0.0,0.0,0.0,0.0,0.0,0.0,0.0,0.0,0.0,0.0,0.0,0.0,0.0,0.0,0.0,0.0,0.0,0.0,0.0,0.6,0.0,0.0,0.0,0.0,0.0,0.0,0.0,0.0,0.0,0.0,0.0,0.0,0.0,0.0,0.0,0.0,0.0,0.0,0.0,0.0,0.0,0.0,0.0,0.0,0.0,0.0,0.0,0.0,0.0,0.0,0.0,0.0,0.0,0.0,0.0,65.3,0.0,0.0,0.0,0.0,0.0,0.0,0.0,0.0,0.0,0.0,0.0,0.0,0.0,0.0,0.0,0.0,0.0,0.0,0.0,0.0,0.0,0.0,0.0,0.0,0.0,0.0,0.0,0.0,0.0,0.0,0.0,0.0,0.0,0.0,0.0,0.0,0.0",6.5,67342.12890625,964524.19140625,8689.7900390625,168181.22705078125,43.17919921875
1791409472.2277145,individual_n8_vmnos256_r4:confirmation,9.9,"11.8,11.5,38.2,20.8,20.9,12.6,27.1,27.6,30.0,36.5,61.0,17.6,23.8,14.6,37.9,19.1,36.8,8.8,40.6,26.7,18.3,16.4,37.5,16.6,11.8,40.4,12.9,32.9,38.3,34.6,2.7,11.8,46.3,59.3,17.9,64.1,25.1,46.8,13.6,35.8,28.8,15.0,15.3,18.2,11.6,15.5,14.2,13.7,34.0,25.8,21.9,15.8,12.8,11.2,34.0,20.5,39.7,22.0,8.3,18.2,32.7,23.3,33.0,56.1,14.5,9.4,7.7,17.1,99.6,99.5,99.6,100.0,100.0,100.0,100.0,100.0,0.0,0.0,0.0,0.0,0.0,0.5,0.0,0.0,0.5,0.0,0.0,0.0,0.0,0.0,0.0,0.0,0.0,0.0,0.0,0.0,0.0,0.0,96.4,2.3,1.8,2.3,0.0,0.0,0.0,0.0,0.0,0.0,0.0,0.0,0.0,0.0,0.0,0.0,0.0,0.0,0.0,0.0,0.0,0.0,0.0,0.0,0.0,0.0,0.0,0.0,0.0,0.0,0.0,0.0,0.0,0.0,0.0,0.0,0.5,0.0,0.0,0.0,0.0,0.0,0.0,0.0,0.0,0.0,0.0,0.0,0.0,0.0,0.0,0.0,0.0,0.0,0.0,0.0,0.0,0.0,0.5,0.0,0.0,0.5,0.0,0.0,0.0,0.0,0.0,0.0,0.0,0.0,0.0,0.0,0.0,0.0,0.0,0.0,0.0,0.0,0.0,0.0,0.0,0.5,0.0,0.0,0.0,0.0,0.0,0.0,0.0,0.0,0.0,0.0,0.0,0.0,0.0,0.0,0.0,0.0,0.0,0.0,0.0,0.0,0.0,0.0,0.0,0.0,0.0,0.0,0.0,0.0,0.0,0.0,0.0,0.0,0.0,0.0,0.0,0.0,0.0,0.0,0.0,0.0,0.0,0.0,0.0,0.0,0.0,0.0,0.0,0.0,0.0,0.0,0.0,0.0,0.0,0.0,0.0,0.0,0.0,0.0,0.0,0.0,0.0,0.0,0.0,0.0,0.0,0.0,0.0,0.0,0.0,0.0,0.0,0.0,0.0,0.0,0.0",6.5,67481.72265625,964384.59765625,8689.7900390625,168192.81298828125,43.17919921875
1791409473.662598,individual_n8_vmnos256_r4:confirmation,9.1,"24.5,31.2,17.9,44.8,33.8,7.7,22.7,41.5,17.1,43.0,21.7,40.0,31.7,35.5,12.4,17.7,8.0,43.0,10.9,10.1,19.9,6.6,10.4,12.8,8.5,25.4,45.1,6.4,6.5,7.2,43.4,65.3,59.4,48.6,13.7,13.8,6.7,8.6,6.6,12.4,16.2,16.1,8.6,20.0,23.0,12.0,11.9,24.6,32.6,10.8,34.5,27.7,30.4,28.1,11.3,17.3,18.6,34.0,34.6,39.9,26.3,26.7,38.1,14.0,14.5,10.3,12.1,12.1,100.0,100.0,100.0,99.3,100.0,100.0,100.0,100.0,0.0,0.0,0.0,0.0,0.0,0.0,0.0,0.0,1.4,0.7,0.0,0.0,0.0,0.0,0.0,0.0,0.0,0.0,0.0,0.0,0.0,0.0,5.6,3.4,2.1,4.2,0.0,0.0,0.0,0.0,0.0,0.0,0.0,0.0,0.0,0.0,0.0,0.0,0.0,0.0,0.0,0.0,0.0,0.0,0.0,0.0,0.0,0.0,0.0,0.0,0.0,0.0,0.0,0.0,0.0,0.0,0.0,0.0,0.0,0.0,0.0,0.0,0.0,0.0,0.0,0.0,0.0,0.0,0.0,0.0,0.0,0.0,0.0,0.0,0.0,0.0,0.0,0.0,0.0,0.0,0.0,0.0,0.0,1.4,0.0,0.0,0.0,0.0,0.0,0.0,0.0,0.0,0.0,0.0,0.0,0.0,0.0,0.0,0.0,0.0,0.0,0.0,0.0,0.0,0.0,0.0,0.0,0.0,0.0,0.0,0.0,0.0,0.0,0.0,0.0,0.0,0.0,0.0,0.0,0.0,0.0,0.0,0.0,0.0,0.0,0.0,0.0,0.0,0.0,0.0,0.0,0.0,0.0,0.0,0.0,0.0,0.0,0.0,0.0,0.0,0.0,0.0,0.0,0.0,0.0,0.0,0.0,0.0,0.0,0.0,0.0,0.0,0.0,0.0,0.0,0.0,0.0,0.0,0.0,0.0,0.0,0.0,0.0,0.0,0.0,0.0,0.0,0.0,0.0,0.0,0.0,0.0,0.0,0.0,0.0,0.0,0.0,0.0,0.0",6.5,67141.078125,964725.2421875,8689.7900390625,168192.81298828125,43.17919921875
1791409475.4998372,individual_n8_vmnos256_r4:confirmation,10.0,"39.9,23.9,19.0,11.1,24.4,37.0,30.9,22.7,14.9,38.4,43.6,39.0,39.2,51.8,10.4,10.8,14.9,18.9,13.0,10.8,14.3,12.8,32.1,30.0,28.7,22.1,26.1,11.0,28.8,36.0,42.8,11.4,88.0,54.2,41.4,13.6,36.2,13.5,20.7,12.9,16.7,22.5,28.4,36.4,35.6,27.3,15.7,23.3,29.9,35.0,17.5,16.1,44.7,16.9,15.5,17.9,17.5,12.1,17.1,17.0,16.8,23.7,19.5,24.8,11.3,11.1,7.7,22.3,100.0,100.0,100.0,100.0,100.0,100.0,100.0,99.4,0.0,0.0,0.0,0.0,0.0,0.6,0.0,0.0,0.0,0.0,0.0,0.0,0.0,0.0,0.0,0.0,0.0,0.0,0.0,0.0,0.0,0.0,0.6,0.6,0.6,1.2,0.0,0.0,0.0,0.0,0.0,0.0,0.0,0.0,0.0,0.0,0.0,0.0,0.0,0.0,0.0,0.0,0.0,0.0,0.0,0.0,0.0,0.0,0.0,0.0,0.0,0.0,0.0,0.0,0.0,0.0,0.0,0.0,0.0,0.0,0.0,0.0,0.0,0.0,0.0,0.0,0.0,0.0,0.0,0.0,0.0,0.0,0.0,0.0,0.0,0.0,0.0,0.0,0.0,0.0,0.0,0.0,0.0,0.0,0.0,0.0,0.0,0.0,0.0,0.0,0.0,0.0,0.0,0.0,0.0,0.0,0.0,0.0,0.0,0.0,0.0,0.0,0.0,0.0,0.0,0.0,0.0,0.0,0.0,0.0,0.0,0.0,0.0,0.0,0.0,0.0,0.0,0.0,0.0,0.0,0.0,0.0,0.0,0.0,0.0,0.0,0.0,0.0,0.0,0.0,0.0,0.0,0.0,0.0,0.0,0.0,0.0,0.0,0.0,0.0,0.0,0.0,0.0,0.0,0.0,0.0,0.0,0.0,0.0,0.0,0.0,0.0,0.0,0.0,0.0,0.0,0.0,0.0,0.0,0.0,0.0,0.0,0.0,0.0,0.0,0.0,0.0,0.0,0.0,0.0,0.0,0.0,0.0,0.0,0.0,0.0,0.0,0.0,0.0",6.6,67766.40625,964099.9140625,8689.7900390625,168193.08251953125,41.08251953125
1791409477.5205436,individual_n8_vmnos256_r4:confirmation,10.3,"31.5,24.5,23.6,18.2,7.1,20.2,27.4,31.6,16.9,10.9,19.3,42.0,27.1,21.1,13.2,10.9,13.4,11.1,31.2,22.9,41.5,14.8,32.8,55.2,20.5,34.7,20.9,29.8,23.4,7.1,38.8,36.9,55.1,87.8,22.8,10.1,39.0,12.4,69.0,29.8,36.8,21.5,33.3,17.0,32.5,33.8,34.8,53.2,8.0,38.9,11.2,26.3,28.3,58.4,17.0,40.6,13.5,25.5,22.0,19.2,13.7,16.0,37.0,13.8,16.9,27.6,11.8,48.7,100.0,100.0,100.0,99.5,100.0,100.0,100.0,100.0,0.0,0.0,0.0,0.0,0.0,0.5,0.0,0.0,0.5,0.0,0.0,0.0,0.0,0.0,0.0,0.0,0.0,0.0,0.0,0.0,0.0,0.0,1.0,18.8,1.5,1.0,0.0,0.0,0.0,0.0,0.0,0.0,0.0,0.0,0.0,0.0,0.0,0.0,0.0,0.0,0.0,0.0,0.0,0.0,0.0,0.0,0.0,0.0,0.0,0.0,0.0,0.0,0.0,0.0,0.0,0.0,0.0,0.0,0.0,0.0,0.0,0.0,0.0,0.0,0.0,0.0,0.0,0.0,0.0,0.0,0.0,0.0,0.0,0.0,0.0,0.0,0.0,0.0,0.0,0.0,0.0,0.0,0.0,0.0,0.0,0.0,0.0,0.0,0.0,0.0,0.0,0.0,0.0,0.0,0.0,0.0,0.0,0.0,0.0,0.0,0.0,0.0,0.0,0.5,0.0,0.0,0.0,0.0,0.0,0.0,0.0,0.0,0.0,0.0,0.0,0.0,0.0,0.0,0.0,0.0,0.0,0.0,0.0,0.0,0.0,0.0,0.0,0.0,0.0,0.0,0.0,0.0,0.0,0.0,0.0,0.0,0.0,0.0,0.0,0.0,0.0,0.0,0.0,0.0,0.0,0.0,0.0,0.0,0.0,0.0,0.0,0.0,0.0,0.0,0.0,0.0,0.0,0.0,0.0,0.0,0.0,0.0,0.0,0.0,0.0,0.0,0.0,0.0,0.0,0.0,0.0,0.0,0.0,0.0,0.0,0.0,0.0,0.0,0.0",6.6,67624.5078125,964241.8125,8689.7900390625,168201.89892578125,41.08251953125
1791409478.7665021,individual_n8_vmnos256_r4:confirmation,10.0,"51.8,48.6,21.2,18.5,23.9,11.6,11.6,36.9,21.7,27.9,29.4,15.4,13.3,14.2,10.7,12.2,31.6,19.4,20.1,27.1,38.5,27.5,43.1,57.4,6.6,29.5,15.6,8.5,10.7,10.6,61.3,53.8,39.7,21.0,13.4,32.1,8.9,56.0,44.3,19.9,8.6,59.4,33.1,41.4,40.8,10.7,53.2,22.9,23.9,11.8,7.4,11.3,12.1,17.4,42.9,11.8,29.5,7.5,24.8,11.8,15.7,12.6,27.5,12.3,10.3,10.0,8.1,65.0,100.0,99.3,100.0,100.0,100.0,100.0,100.0,100.0,0.0,0.0,0.0,0.0,0.0,0.0,0.0,0.0,0.7,0.0,0.0,0.0,0.0,0.0,0.0,0.0,0.0,0.0,0.0,0.0,0.0,0.0,65.3,34.0,1.4,2.1,0.0,0.0,0.0,0.0,0.0,0.0,0.0,0.0,0.0,0.0,0.0,0.0,0.0,0.0,0.0,0.0,0.0,0.0,0.0,0.0,0.0,0.0,0.0,0.0,0.0,0.0,0.0,0.0,0.0,0.0,0.0,0.0,0.0,0.0,0.0,0.0,0.0,0.0,0.0,0.0,0.0,0.0,0.0,0.0,0.0,0.0,0.0,0.0,0.0,0.0,0.0,0.0,0.0,0.0,0.0,0.0,0.0,0.0,0.0,0.0,0.0,0.0,0.0,0.0,0.0,0.0,0.0,0.0,0.0,0.0,0.0,0.0,0.0,0.0,0.0,0.0,0.0,0.0,0.0,0.0,0.0,0.0,0.0,0.0,0.0,0.0,0.0,0.0,0.0,0.0,0.0,0.0,0.0,0.0,0.0,0.0,0.0,0.0,0.0,0.0,0.0,0.0,0.0,0.0,0.0,0.0,0.0,0.0,0.0,0.0,0.0,0.0,0.0,0.0,0.0,0.0,0.0,0.0,0.0,0.0,0.0,0.0,0.0,0.0,0.0,0.0,0.0,0.0,0.0,0.0,0.0,0.0,0.0,0.0,0.0,0.0,0.0,0.0,0.0,0.0,0.0,0.0,0.0,0.0,0.0,0.0,0.0,0.0,0.0,0.0,0.0,0.0,0.0",6.7,69094.9375,962771.3828125,8689.7900390625,168201.89892578125,41.08251953125
1791409480.520357,individual_n8_vmnos256_r4:confirmation,9.5,"28.8,8.9,6.9,8.2,11.0,24.7,44.3,11.3,7.2,29.8,41.0,11.4,8.6,13.7,8.1,6.2,13.7,18.5,31.1,36.9,25.3,31.9,25.3,49.7,7.5,7.6,55.7,49.4,13.1,25.0,34.1,6.4,64.7,43.1,7.9,13.2,9.7,58.5,10.2,6.0,34.7,52.3,29.3,54.7,10.9,13.7,43.9,15.0,33.3,7.6,33.5,12.0,10.8,10.2,9.4,11.9,11.7,25.6,13.5,12.4,13.3,20.3,45.7,20.0,7.9,16.1,28.0,42.7,99.4,100.0,100.0,100.0,100.0,100.0,100.0,100.0,0.0,0.0,0.0,0.0,0.0,0.6,0.0,0.0,0.0,0.0,0.0,0.0,0.0,0.0,0.0,0.0,0.0,0.0,0.0,0.0,0.0,0.0,100.0,5.2,7.5,5.7,0.0,0.0,0.0,0.0,0.0,0.0,0.0,0.0,0.0,0.0,0.0,0.0,0.0,0.0,0.0,0.0,0.0,0.0,0.0,0.0,0.0,0.0,0.0,0.0,0.0,0.0,0.0,0.0,0.0,0.0,0.0,0.0,0.0,0.0,0.0,0.0,0.0,0.0,0.0,0.0,0.0,0.0,0.0,0.0,0.0,0.0,0.0,0.0,0.0,0.0,0.0,0.0,0.0,0.0,0.0,0.0,0.0,0.6,0.0,0.0,0.0,0.0,0.0,0.0,0.0,0.0,0.0,0.0,0.0,0.0,0.0,0.0,0.0,0.0,0.0,0.0,0.0,0.0,0.0,0.0,0.0,0.0,0.0,0.0,0.0,0.0,0.0,0.0,0.0,0.0,0.0,0.0,0.0,0.0,0.0,0.0,0.0,0.0,0.0,0.0,0.0,0.0,0.0,0.0,0.0,0.0,0.0,0.0,0.0,0.0,0.0,0.0,0.0,0.0,0.0,0.0,0.0,0.0,0.0,0.0,0.0,0.0,0.0,0.0,0.0,0.0,0.0,0.0,0.0,0.0,0.0,0.0,0.0,0.0,0.0,0.0,0.0,0.0,0.0,0.0,0.0,0.0,0.0,0.0,0.0,0.0,0.0,0.0,0.0,0.0,0.0,0.0,0.0",6.6,67913.0390625,963953.28125,8689.7900390625,168202.41064453125,42.357421875
1791409481.9568548,individual_n8_vmnos256_r4:confirmation,10.7,"28.3,11.5,13.0,11.5,16.8,30.4,17.4,16.1,51.3,12.5,39.0,19.2,42.9,11.0,11.9,32.2,51.2,40.8,24.6,46.6,41.2,38.0,12.5,43.0,31.9,32.5,54.5,31.7,25.0,19.0,3.3,0.0,8.9,4.0,49.2,39.0,39.0,36.1,42.0,33.3,18.0,39.5,56.6,31.1,22.9,29.8,38.8,34.7,32.8,12.8,32.5,22.5,10.8,9.2,16.1,7.7,22.6,23.0,19.0,17.4,37.0,20.0,13.8,31.0,24.8,55.4,15.8,24.8,100.0,100.0,99.2,100.0,100.0,100.0,100.0,100.0,0.0,0.0,0.0,0.0,0.0,0.0,0.0,0.0,0.0,0.0,0.0,0.0,0.0,0.0,0.0,0.0,0.0,0.0,0.0,0.0,0.0,0.0,100.0,3.2,3.2,3.2,0.0,0.0,0.0,0.0,0.0,0.0,0.0,0.0,0.0,0.0,0.0,0.0,0.0,0.0,0.0,0.0,0.0,0.0,0.0,0.0,0.0,0.0,0.0,0.0,0.0,0.0,0.0,0.0,0.0,0.8,0.0,0.8,0.0,0.0,0.0,0.0,0.0,0.0,0.0,0.0,0.0,0.0,0.0,0.0,0.0,0.0,0.0,0.0,0.0,0.0,0.0,0.0,0.0,0.0,0.0,0.0,0.0,0.8,0.0,0.0,0.0,0.0,0.0,0.0,0.0,0.0,0.0,0.0,0.0,0.0,0.0,0.0,0.0,0.0,0.0,0.0,0.0,0.0,0.0,0.0,0.0,0.0,0.0,0.0,0.0,0.0,0.0,0.0,0.0,0.0,0.0,0.0,0.0,0.0,0.0,0.0,0.0,0.0,0.0,0.0,0.0,0.0,0.0,0.0,0.0,0.0,0.0,0.0,0.0,0.0,0.0,0.0,0.0,0.0,0.0,0.0,0.0,0.0,0.0,0.0,0.0,0.0,0.0,0.0,0.0,0.0,0.0,0.0,0.0,0.0,0.0,0.0,0.0,0.0,0.0,0.0,0.0,0.0,0.0,0.0,0.0,0.0,0.0,0.0,0.0,0.0,0.0,0.0,0.0,0.0,0.0,0.0,0.0",6.6,67653.37890625,964212.94140625,8689.7900390625,168210.94189453125,42.357421875
1791409483.5573692,individual_n8_vmnos256_r4:confirmation,9.3,"16.1,8.3,9.9,10.4,9.0,11.5,29.0,16.4,12.3,17.2,9.3,16.8,57.8,22.2,13.0,14.8,30.5,12.0,57.0,50.6,30.5,29.9,15.0,10.6,23.7,30.8,10.2,45.3,12.5,37.0,68.8,7.1,14.5,15.8,8.9,17.9,28.9,52.3,38.9,38.2,17.4,11.9,14.4,40.3,38.7,14.6,16.7,30.4,44.2,11.8,13.8,15.0,30.8,44.5,8.2,10.9,11.1,8.7,10.4,22.9,14.1,32.9,9.8,34.3,17.4,47.4,6.1,15.9,100.0,99.4,100.0,100.0,100.0,100.0,100.0,100.0,0.0,0.0,0.0,0.0,0.0,1.2,0.0,0.0,1.7,0.0,0.0,0.0,0.0,0.0,0.0,0.0,0.0,0.0,0.0,0.0,0.0,0.0,98.8,0.6,0.6,1.2,0.0,0.0,0.0,0.0,0.0,0.0,0.0,0.0,0.0,0.0,0.0,0.0,0.0,0.0,0.0,0.0,0.0,0.0,0.0,0.0,0.0,0.0,0.0,0.0,0.0,0.0,0.0,0.0,0.0,0.0,0.0,0.0,0.0,0.0,0.0,0.0,0.0,0.0,0.0,0.0,0.0,0.0,0.0,0.0,0.0,0.0,0.0,0.0,0.0,0.0,0.0,0.0,0.0,0.0,0.0,0.0,0.0,0.0,0.0,0.0,0.0,0.0,0.0,0.0,0.0,0.0,0.0,0.0,0.0,0.0,0.0,0.0,0.0,0.0,0.0,0.0,0.0,0.0,0.0,0.0,0.0,0.0,0.0,0.0,0.0,0.0,0.0,0.0,0.0,0.0,0.0,0.0,0.0,0.0,0.0,0.0,0.0,0.0,0.0,0.0,0.0,0.0,0.0,0.0,0.0,0.0,0.0,0.0,0.0,0.0,0.0,0.0,0.0,0.0,0.0,0.0,0.0,0.0,0.0,0.0,0.0,0.0,0.0,0.0,0.0,0.0,0.0,0.0,0.0,0.0,0.0,0.0,0.0,0.0,0.0,0.0,0.0,0.0,0.0,0.0,0.0,0.0,0.0,0.0,0.0,0.0,0.0,0.0,0.0,0.0,0.0,0.0,0.0",6.6,67861.73828125,964004.58203125,8689.7900390625,168210.94189453125,42.357421875
1791409484.804928,individual_n8_vmnos256_r4:confirmation,8.3,"11.8,24.1,9.1,5.5,5.5,3.6,22.9,12.3,5.6,3.8,7.5,34.9,11.7,7.5,6.5,7.3,14.8,12.0,25.7,20.2,12.5,38.4,20.6,39.1,58.9,8.3,10.0,22.5,20.9,32.5,53.5,0.0,0.0,0.0,32.4,25.7,15.9,17.6,13.1,15.1,21.8,7.2,17.7,9.5,3.7,20.0,34.9,16.0,14.4,33.3,22.9,20.4,9.4,6.4,6.5,9.3,11.2,30.4,8.5,23.7,8.3,22.5,11.9,29.4,24.5,13.5,10.0,8.8,100.0,100.0,100.0,100.0,100.0,100.0,100.0,100.0,0.0,0.0,0.0,0.0,0.0,0.0,0.0,0.0,0.0,0.0,0.0,0.0,0.0,0.0,0.0,0.0,0.0,0.0,0.0,0.0,0.0,0.0,100.0,0.0,0.0,0.0,0.0,0.0,0.0,0.0,0.0,0.0,0.0,0.0,0.0,0.0,0.0,0.0,0.0,0.0,0.0,0.0,0.0,0.0,0.0,0.0,0.0,0.0,0.0,0.0,0.0,0.0,0.0,0.0,0.0,0.0,0.0,0.0,0.0,0.0,0.0,0.0,0.0,0.0,0.0,0.0,0.0,0.0,0.0,0.0,0.0,0.0,0.0,0.0,0.0,0.0,0.0,0.0,0.0,0.0,0.0,0.0,0.0,0.9,0.0,0.0,0.0,0.0,0.0,0.0,0.0,0.0,0.0,0.0,0.0,0.0,0.0,0.0,0.0,0.0,0.0,0.0,0.0,0.0,0.0,0.0,0.0,0.0,0.0,0.0,0.0,0.0,0.0,0.0,0.0,0.0,0.0,0.0,0.0,0.0,0.0,0.0,0.0,0.0,0.0,0.0,0.0,0.0,0.0,0.0,0.0,0.0,0.0,0.0,0.0,0.0,0.0,0.0,0.0,0.0,0.0,0.0,0.0,0.0,0.0,0.0,0.0,0.0,0.0,0.0,0.0,0.0,0.0,0.0,0.0,0.0,0.0,0.0,0.0,0.0,0.0,0.0,0.0,0.0,0.0,0.0,0.0,0.0,0.0,0.0,0.0,0.0,0.0,0.0,0.0,0.0,0.0,0.0,0.0",6.6,67908.15234375,963958.16796875,8689.7900390625,168210.94189453125,42.357421875
1791409486.2402263,individual_n8_vmnos256_r4:confirmation,10.5,"13.5,45.5,12.9,11.6,35.9,13.3,20.0,24.8,31.9,29.1,22.9,79.6,22.8,50.4,48.1,9.1,49.6,10.9,17.4,60.7,68.4,13.0,33.3,25.7,41.4,10.0,14.1,64.0,25.6,40.7,0.0,0.0,0.0,0.0,11.2,13.3,30.9,74.3,14.2,40.4,10.4,10.4,31.1,35.0,18.9,44.9,22.7,16.3,7.7,12.1,20.6,40.3,19.7,72.5,12.0,8.4,11.2,11.2,13.3,47.8,36.3,55.5,22.0,9.0,10.6,8.4,57.2,38.3,98.6,98.6,96.4,100.0,99.3,100.0,94.2,100.0,0.0,0.0,0.0,0.0,0.0,3.0,0.7,0.0,0.0,0.0,0.0,0.0,0.0,0.0,0.0,0.0,0.0,0.0,0.0,0.0,0.0,0.0,100.0,0.0,0.0,0.0,0.0,0.0,0.0,0.0,0.0,0.0,0.0,0.0,0.0,0.0,0.0,0.0,0.0,0.0,0.0,0.0,0.0,0.0,0.0,0.0,0.0,0.0,0.0,0.0,0.0,0.0,0.0,0.0,0.7,0.0,0.0,0.0,0.0,0.0,0.0,0.0,0.0,0.0,0.0,0.0,0.0,0.0,0.0,0.0,0.0,0.0,0.0,0.0,0.0,0.0,0.0,0.0,0.0,0.0,0.0,0.0,0.0,0.0,0.0,0.0,0.0,0.0,0.0,0.0,0.0,0.0,0.0,0.0,0.0,0.0,0.0,0.0,0.0,0.0,0.0,0.0,0.0,0.0,0.0,0.0,0.0,0.0,0.0,0.0,0.0,0.0,0.0,0.0,0.0,0.0,0.0,0.0,0.0,0.0,0.0,0.0,0.0,0.0,0.0,0.0,0.0,0.0,0.0,0.0,0.0,0.0,0.0,0.0,0.0,0.0,0.0,0.0,0.0,0.0,0.0,0.0,0.0,0.0,0.0,0.0,0.0,0.0,0.0,0.0,0.0,0.0,0.0,0.0,0.0,0.0,0.0,0.0,0.0,0.0,0.0,0.0,0.0,0.0,0.0,0.0,0.0,0.0,0.0,0.0,0.0,0.0,0.0,0.0,0.0,0.0,0.0,0.0,0.0",6.6,68086.5390625,963779.78125,8689.7900390625,168219.41455078125,43.2900390625
1791409488.2845316,individual_n8_vmnos256_r4:confirmation,9.5,"7.9,43.9,16.3,20.7,10.3,16.3,7.2,26.9,40.5,16.5,46.2,22.4,15.0,17.0,49.7,34.7,30.5,38.7,11.1,37.5,26.9,24.6,47.7,20.2,10.6,8.6,35.7,10.0,18.6,10.9,49.3,32.5,2.4,1.9,36.2,23.3,15.5,34.0,27.9,28.1,9.8,15.4,21.7,10.1,38.0,25.6,18.4,17.0,16.8,18.8,10.6,35.6,25.0,44.7,14.6,36.9,16.8,13.4,15.5,22.9,30.1,23.3,12.0,16.2,15.8,15.7,36.9,24.6,99.5,100.0,100.0,100.0,100.0,100.0,100.0,99.5,0.0,0.0,0.0,0.0,0.0,0.5,0.0,0.5,0.0,0.0,0.0,0.0,0.0,0.0,0.0,0.0,0.0,0.0,0.0,0.0,0.0,0.0,58.0,15.0,9.7,1.9,0.0,0.0,0.0,0.0,0.0,0.0,0.0,0.0,0.0,0.0,0.0,0.0,0.0,0.0,0.0,0.0,0.0,0.0,0.0,0.0,0.0,0.0,0.0,0.0,0.0,0.0,0.0,0.0,0.0,0.0,0.0,0.0,0.0,0.0,0.0,0.0,0.0,0.0,0.0,0.0,0.0,0.0,0.0,0.0,0.0,0.0,0.0,0.0,0.0,0.0,0.0,0.0,0.0,0.0,0.0,0.0,0.0,0.0,0.0,0.0,0.0,0.0,0.0,0.0,0.0,0.0,0.0,0.0,0.0,0.0,0.0,0.0,0.0,0.0,0.0,0.0,0.0,0.0,0.0,0.0,0.0,0.0,0.0,0.0,0.0,0.0,0.0,0.0,0.0,0.0,0.0,0.0,0.0,0.0,0.0,0.0,0.0,0.0,0.0,0.0,0.0,0.0,0.0,0.0,0.0,0.0,0.0,0.0,0.0,0.0,0.0,0.0,0.0,0.0,0.0,0.0,0.0,0.0,0.0,0.0,0.0,0.0,0.0,0.0,0.0,0.0,0.0,0.0,0.0,0.0,0.0,0.0,0.0,0.0,0.0,0.0,0.0,0.0,0.0,0.0,0.0,0.0,0.0,0.0,0.0,0.0,0.0,0.0,0.0,0.0,0.0,0.0,0.0",6.6,68093.765625,963772.5546875,8689.7900390625,168219.41455078125,43.2900390625
1791409489.6383278,individual_n8_vmnos256_r4:confirmation,9.5,"8.9,14.1,37.9,22.5,16.2,7.0,19.1,22.6,42.8,8.5,8.4,23.4,47.6,12.4,23.6,23.6,58.5,37.9,7.6,16.3,41.2,22.2,19.4,16.8,9.9,8.6,11.9,14.0,19.7,11.4,47.3,36.2,17.3,1.3,25.5,51.0,42.8,12.9,23.4,20.7,37.7,38.2,44.9,19.1,16.8,25.2,17.0,8.3,9.9,17.9,10.3,38.6,10.9,15.3,15.9,43.7,11.9,12.7,16.1,33.3,16.6,59.9,13.3,9.9,13.1,23.3,49.3,9.0,100.0,99.3,100.0,99.3,100.0,99.3,98.0,100.0,0.0,0.0,0.0,0.0,0.0,0.0,0.0,0.0,0.7,0.0,0.0,0.0,0.0,0.0,0.0,0.0,0.0,0.0,0.0,0.0,0.0,0.0,0.7,100.0,33.6,1.3,0.0,0.0,0.0,0.0,0.0,0.0,0.0,0.0,0.0,0.0,0.0,0.0,0.0,0.0,0.0,0.0,0.0,0.0,0.0,0.0,0.0,0.0,0.0,0.0,0.0,0.0,0.0,0.0,0.0,0.0,0.0,0.0,0.0,0.0,0.0,0.0,0.0,0.0,0.0,0.0,0.0,0.0,0.0,0.0,0.0,0.0,0.0,0.0,0.0,0.0,0.0,0.0,0.0,0.0,0.0,0.0,0.0,1.3,0.0,0.0,0.0,0.0,0.0,0.0,0.0,0.0,0.0,0.0,0.0,0.0,0.0,0.0,0.0,0.0,0.0,0.0,0.0,0.0,0.0,0.0,0.0,0.0,0.0,0.0,0.0,0.7,0.0,0.0,0.0,0.0,0.0,0.0,0.0,0.0,0.0,0.0,0.0,0.0,0.0,0.0,0.0,0.0,0.0,0.0,0.0,0.0,0.0,0.0,0.0,0.0,0.0,0.0,0.0,0.0,0.0,0.0,0.0,0.0,0.0,0.0,0.0,0.0,0.0,0.0,0.0,0.0,0.0,0.0,0.0,0.0,0.0,0.0,0.0,0.0,0.0,0.0,0.0,0.0,0.0,0.0,0.0,0.0,0.0,0.0,0.0,0.0,0.0,0.0,0.0,0.0,0.0,0.0,0.0",6.6,67877.7421875,963988.578125,8689.7900390625,168219.41455078125,43.2900390625
1791409491.2539842,individual_n8_vmnos256_r4:confirmation,9.1,"6.1,6.5,20.7,41.0,49.3,43.5,29.6,6.6,9.2,13.5,8.5,10.1,18.7,12.9,18.2,8.7,48.2,10.1,26.3,44.5,14.7,22.2,8.1,26.8,10.0,13.5,11.9,44.5,46.0,21.4,0.0,0.0,0.0,0.0,6.7,47.1,55.8,34.3,31.3,12.9,50.0,8.4,14.3,8.2,10.4,19.4,7.6,10.4,41.9,19.4,9.0,14.9,9.9,16.5,14.2,9.1,10.4,41.5,34.3,30.4,8.2,23.7,12.9,10.4,31.9,12.5,33.8,28.5,100.0,100.0,100.0,100.0,99.3,100.0,100.0,100.0,0.0,0.0,0.0,0.0,0.0,0.0,0.0,0.0,0.0,0.0,0.0,0.0,0.0,0.0,0.0,0.0,0.0,0.0,0.0,0.0,0.0,0.0,0.0,100.0,0.0,0.0,0.0,0.0,0.0,0.0,0.0,0.0,0.0,0.0,0.0,0.0,0.0,0.0,0.0,0.0,0.0,0.0,0.0,0.0,0.0,0.0,0.0,0.0,0.0,0.0,0.0,0.0,0.0,0.0,0.0,0.0,0.0,0.0,0.0,0.0,0.0,0.0,0.0,0.0,0.0,0.0,0.0,0.0,0.0,0.0,0.0,0.0,0.0,0.0,0.0,0.0,0.0,0.0,0.0,0.0,0.0,0.0,0.0,1.4,0.0,0.0,0.0,0.0,0.0,0.0,0.0,0.0,0.0,0.0,0.0,0.0,0.0,0.0,0.0,0.0,0.0,0.0,0.0,0.0,0.0,0.0,0.0,0.0,0.0,0.0,0.0,0.0,0.0,0.0,0.0,0.0,0.0,0.0,0.0,0.0,0.0,0.0,0.0,0.0,0.0,0.0,0.0,0.0,0.0,0.0,0.0,0.0,0.0,0.0,0.0,0.0,0.0,0.0,0.0,0.0,0.0,0.0,0.0,0.0,0.0,0.0,0.0,0.0,0.0,0.0,0.0,0.0,0.0,0.0,0.0,0.0,0.0,0.0,0.0,0.0,0.0,0.0,0.0,0.0,0.0,0.0,0.0,0.0,0.0,0.0,0.0,0.0,0.0,0.0,0.0,0.0,0.0,0.0,0.0",6.6,67926.11328125,963940.20703125,8689.7900390625,168219.87158203125,43.1064453125
1791409492.3151457,individual_n8_vmnos256_r4:confirmation,8.5,"18.9,7.9,23.0,7.0,19.3,23.9,48.7,42.1,19.5,39.1,15.5,16.7,43.9,8.1,20.2,20.0,9.6,11.6,16.7,39.8,8.6,11.2,33.6,19.1,10.9,10.7,15.5,11.4,9.7,11.9,0.0,0.0,0.0,0.0,42.1,31.9,8.9,40.7,23.4,9.8,11.8,42.5,22.9,45.1,17.7,9.8,12.5,13.5,21.8,10.1,11.6,12.8,41.4,24.5,42.3,16.2,13.7,47.8,21.6,9.8,9.8,19.1,9.6,11.5,20.9,18.3,13.8,42.2,100.0,100.0,99.2,100.0,100.0,100.0,100.0,99.2,0.0,0.0,0.0,0.0,0.8,0.8,0.0,0.0,0.0,0.0,0.0,0.0,0.0,0.0,0.0,0.0,0.0,0.0,0.0,0.0,0.0,0.0,0.0,100.0,0.0,0.0,0.0,0.0,0.0,0.0,0.0,0.0,0.0,0.0,0.0,0.0,0.0,0.0,0.0,0.0,0.0,0.0,0.0,0.0,0.0,0.0,0.0,0.0,0.0,0.0,0.0,0.0,0.0,0.0,0.0,0.0,0.0,0.0,0.0,0.0,0.0,0.0,0.0,0.0,0.0,0.0,0.0,0.0,0.0,0.0,0.0,0.0,0.0,0.0,0.0,0.0,0.0,0.0,0.0,0.0,0.0,0.0,0.0,0.9,0.0,0.0,0.0,0.0,0.0,0.0,0.0,0.0,0.0,0.0,0.0,0.0,0.0,0.0,0.0,0.0,0.0,0.0,0.0,0.0,0.0,0.0,0.0,0.0,0.0,0.0,0.0,0.0,0.0,0.0,0.0,0.0,0.0,0.0,0.0,0.0,0.0,0.0,0.0,0.0,0.0,0.0,0.0,0.0,0.0,0.0,0.0,0.0,0.0,0.0,0.0,0.0,0.0,0.0,0.0,0.0,0.0,0.0,0.0,0.0,0.0,0.0,0.0,0.0,0.0,0.0,0.0,0.0,0.0,0.0,0.0,0.0,0.0,0.0,0.0,0.0,0.0,0.0,0.0,0.0,0.0,0.0,0.0,0.0,0.0,0.0,0.0,0.0,0.0,0.0,0.0,0.0,0.0,0.0,0.0",6.6,68147.046875,963719.2734375,8689.7900390625,168230.73486328125,43.1064453125
1791409493.530672,idle,7.8,"34.7,18.4,9.9,8.0,36.9,13.6,10.5,5.0,33.7,17.3,7.8,27.1,6.8,20.2,26.0,31.1,11.1,7.8,28.0,17.5,19.4,27.7,36.3,37.5,7.5,7.6,12.3,3.9,9.5,16.8,39.1,25.7,0.0,18.3,6.5,27.5,9.4,2.8,5.7,2.9,12.6,29.1,10.6,7.8,20.4,12.6,8.2,9.1,30.8,8.1,10.9,38.5,14.1,9.8,9.4,15.7,12.0,9.8,13.6,13.9,6.8,10.7,39.0,11.7,5.7,29.9,2.9,3.8,100.0,100.0,100.0,100.0,100.0,100.0,99.1,100.0,0.0,0.0,0.0,0.0,0.0,1.0,0.0,0.0,0.0,0.0,0.0,0.0,0.0,0.0,0.0,0.0,0.0,0.0,0.0,0.0,0.0,0.0,0.0,60.9,0.0,0.0,0.0,0.0,0.0,0.0,0.0,0.0,0.0,0.0,0.0,0.0,0.0,0.0,0.0,0.0,0.0,0.0,0.0,0.0,0.0,0.0,0.0,0.0,0.0,0.0,0.0,0.0,0.0,0.0,0.0,0.0,0.0,0.0,0.0,0.0,0.0,0.0,0.0,0.0,0.0,0.0,0.0,0.0,0.0,0.0,0.0,0.0,0.0,0.0,0.0,0.0,0.0,0.0,0.0,0.0,0.0,0.0,0.0,0.9,0.0,0.0,0.0,0.0,0.0,0.0,0.0,0.0,0.0,0.0,0.0,0.0,0.0,0.0,0.0,0.0,0.0,0.0,0.0,0.0,0.0,0.0,0.0,0.0,0.0,0.0,0.0,0.0,0.0,0.0,0.0,0.0,0.0,0.0,0.0,0.0,0.0,0.0,0.0,0.0,0.0,0.0,0.0,0.0,0.0,0.0,0.0,0.0,0.0,0.0,0.0,0.0,0.0,0.0,0.0,0.0,0.0,0.0,0.0,0.0,0.0,0.0,0.0,0.0,0.0,0.0,0.0,0.0,0.0,0.0,0.0,0.0,0.0,0.0,0.0,0.0,0.0,0.0,0.0,0.0,0.0,0.0,0.0,0.0,0.0,0.0,0.0,0.0,0.0,0.0,0.0,0.0,0.0,0.0,0.0",6.6,67927.18359375,963939.13671875,8689.7900390625,168230.73486328125,43.1064453125
1791409494.5732532,idle,5.5,"10.1,4.0,2.9,2.9,3.0,1.0,4.9,5.0,2.9,2.9,1.0,1.0,2.0,8.0,2.9,5.8,10.8,4.0,1.0,3.1,1.9,2.0,14.6,3.9,1.0,1.0,7.8,1.0,0.0,2.9,93.3,40.4,66.3,75.7,3.8,3.0,1.9,2.9,4.8,1.0,2.9,1.0,2.9,7.7,1.9,3.9,1.9,2.0,3.9,4.2,12.1,19.2,8.2,4.9,3.9,3.9,4.0,4.0,5.0,7.0,40.2,1.9,4.0,7.8,1.9,1.0,1.0,0.0,99.0,100.0,100.0,100.0,100.0,100.0,100.0,100.0,0.0,0.0,0.0,0.0,0.0,1.0,0.0,0.0,2.1,0.0,0.0,0.0,0.0,0.0,0.0,0.0,0.0,0.0,0.0,0.0,0.0,0.0,3.9,2.9,3.8,6.7,0.0,0.0,0.0,0.0,0.0,0.0,0.0,0.0,0.0,0.0,0.0,0.0,0.0,0.0,0.0,0.0,0.0,0.0,0.0,0.0,0.0,0.0,0.0,0.0,0.0,0.0,0.0,0.0,0.0,0.0,0.0,0.0,0.0,0.0,0.0,0.0,0.0,0.0,0.0,0.0,0.0,0.0,0.0,0.0,0.0,0.0,0.0,0.0,0.0,0.0,1.0,0.0,0.0,0.0,0.0,0.0,0.0,1.0,0.0,0.0,0.0,0.0,0.0,0.0,0.0,0.0,0.0,0.0,0.0,0.0,0.0,0.0,0.0,0.0,0.0,0.0,0.0,0.0,0.0,0.0,0.0,0.0,0.0,0.0,0.0,0.0,0.0,0.0,0.0,0.0,0.0,0.0,0.0,0.0,0.0,0.0,0.0,0.0,0.0,0.0,0.0,0.0,0.0,0.0,0.0,0.0,0.0,0.0,0.0,0.0,0.0,0.0,0.0,0.0,0.0,0.0,0.0,0.0,0.0,0.0,0.0,0.0,0.0,0.0,0.0,0.0,0.0,0.0,0.0,0.0,0.0,0.0,0.0,0.0,0.0,0.0,0.0,0.0,0.0,0.0,0.0,0.0,0.0,0.0,0.0,0.0,0.0,0.0,0.0,0.0,0.0,0.0,0.0",6.6,67776.55078125,964089.76953125,8689.7900390625,168230.73486328125,43.1064453125
1791409495.5976555,idle,5.8,"14.1,6.2,6.9,6.0,5.0,5.9,6.2,9.1,5.1,5.1,5.2,6.1,10.0,10.1,8.2,10.2,11.5,8.0,7.1,6.1,5.2,10.0,17.7,15.2,4.9,6.8,7.1,3.9,3.9,5.9,47.6,99.0,1.0,15.4,11.0,15.5,5.0,7.1,5.1,7.1,10.9,6.1,5.0,7.1,6.0,10.2,9.3,7.8,11.0,4.2,9.5,12.6,8.4,5.9,9.1,4.1,17.3,13.7,9.0,12.7,12.1,7.1,10.6,20.0,2.0,5.8,3.8,3.9,100.0,100.0,100.0,100.0,100.0,100.0,100.0,100.0,0.0,0.0,0.0,0.0,0.0,0.0,0.0,0.0,0.0,0.0,0.0,0.0,0.0,0.0,0.0,0.0,0.0,0.0,0.0,0.0,0.0,0.0,0.0,0.0,0.0,0.0,0.0,0.0,0.0,0.0,0.0,0.0,0.0,0.0,0.0,0.0,0.0,0.0,0.0,0.0,0.0,0.0,0.0,0.0,0.0,0.0,0.0,0.0,0.0,0.0,0.0,0.0,0.0,0.0,0.0,0.0,0.0,0.0,0.0,0.0,0.0,0.0,0.0,0.0,0.0,0.0,0.0,0.0,0.0,0.0,0.0,0.0,0.0,0.0,0.0,0.0,0.0,0.0,0.0,0.0,0.0,0.0,0.0,0.0,0.0,0.0,0.0,0.0,0.0,0.0,0.0,0.0,0.0,0.0,0.0,0.0,0.0,0.0,0.0,0.0,0.0,0.0,0.0,0.0,0.0,0.0,0.0,0.0,0.0,0.0,0.0,0.0,0.0,0.0,0.0,0.0,0.0,0.0,0.0,0.0,0.0,0.0,0.0,0.0,0.0,0.0,0.0,0.0,0.0,0.0,0.0,0.0,0.0,0.0,0.0,0.0,0.0,0.0,0.0,0.0,0.0,0.0,0.0,0.0,0.0,0.0,0.0,0.0,0.0,0.0,0.0,0.0,0.0,0.0,0.0,0.0,0.0,0.0,0.0,0.0,0.0,0.0,0.0,0.0,0.0,0.0,0.0,0.0,0.0,0.0,0.0,0.0,0.0,0.0,0.0,0.0,0.0,0.0,0.0",6.6,67648.1796875,964218.140625,8689.7900390625,168230.99658203125,41.896484375
1791409496.6549778,idle,5.1,"4.5,6.9,7.8,14.4,4.9,1.0,1.9,8.9,0.0,2.9,2.9,1.0,2.0,7.0,2.0,2.9,4.9,5.8,2.9,0.0,1.9,1.9,2.9,6.0,5.7,2.9,7.8,1.9,1.9,0.0,58.7,100.0,0.0,50.0,4.9,7.8,1.9,2.0,2.9,4.0,6.0,2.9,1.9,3.9,2.9,4.9,5.0,5.9,6.8,6.9,3.9,14.3,7.1,3.9,1.0,2.0,10.0,18.2,7.4,11.1,5.0,2.0,2.9,11.9,1.9,1.0,0.0,0.0,100.0,100.0,100.0,100.0,100.0,100.0,100.0,100.0,0.0,0.0,0.0,0.0,0.0,0.0,0.0,0.9,0.9,0.0,0.0,0.0,0.0,0.0,0.0,0.0,0.0,0.0,0.0,0.0,0.0,0.0,0.0,0.0,0.0,0.0,0.0,0.0,0.0,0.0,0.0,0.0,0.0,0.0,0.0,0.0,0.0,0.0,0.0,0.0,0.0,0.0,0.0,0.0,0.0,0.0,0.0,0.0,0.0,0.0,0.0,0.0,0.0,0.0,0.0,0.0,0.0,0.0,0.0,0.0,0.0,0.0,0.0,0.0,0.0,0.0,0.0,0.0,0.0,0.0,0.0,0.0,0.0,0.0,0.0,0.0,0.0,0.0,0.0,0.0,0.0,0.0,0.0,1.9,0.0,0.0,0.0,0.0,0.0,0.0,0.0,0.0,0.0,0.0,0.0,0.0,0.0,0.0,0.0,0.0,0.0,0.0,0.0,0.0,0.0,0.0,0.0,0.0,0.0,0.0,0.0,0.0,0.0,0.0,0.0,0.0,0.0,0.0,0.0,0.0,0.0,0.0,0.0,0.0,0.0,0.0,0.0,0.0,0.0,0.0,0.0,0.0,0.0,0.0,0.0,0.0,0.0,0.0,0.0,0.0,0.0,0.0,0.0,0.0,0.0,0.0,0.0,0.0,0.0,0.0,0.0,0.0,0.0,0.0,0.0,0.0,0.0,0.0,0.0,0.0,0.0,0.0,0.0,0.0,0.0,0.0,0.0,0.0,0.0,0.0,0.0,0.0,0.0,0.0,0.0,0.0,0.0,0.0,0.0",6.6,68061.8984375,963804.421875,8689.7900390625,168234.86376953125,41.896484375
1791409497.7024372,idle,6.0,"16.5,7.5,4.0,7.0,4.0,6.9,3.0,11.9,6.9,9.1,5.9,4.0,5.9,8.8,10.7,8.0,8.0,6.9,9.0,5.8,5.0,9.8,5.8,5.0,5.9,5.8,7.5,4.0,4.9,2.9,48.1,82.7,33.7,22.3,10.0,8.9,3.0,5.0,5.9,5.9,11.8,5.0,5.9,7.0,8.1,10.8,10.9,9.3,5.9,9.8,10.7,12.4,8.2,8.9,6.8,5.9,10.2,16.0,20.8,14.1,12.1,13.9,6.8,13.9,3.8,5.7,1.0,2.9,100.0,100.0,100.0,100.0,100.0,100.0,100.0,100.0,0.0,0.0,0.0,0.0,0.0,0.0,0.0,0.0,1.0,0.0,0.0,0.0,0.0,0.0,0.0,0.0,0.0,0.0,0.0,0.0,0.0,0.0,5.8,6.8,2.9,38.1,0.0,0.0,0.0,0.0,0.0,0.0,0.0,0.0,0.0,0.0,0.0,0.0,0.0,0.0,0.0,0.0,0.0,0.0,0.0,0.0,0.0,0.0,0.0,0.0,0.0,0.0,0.0,0.0,0.0,0.0,0.0,0.0,0.0,0.0,0.0,0.0,0.0,0.0,0.0,0.0,0.0,0.0,0.0,0.0,0.0,0.0,0.0,0.0,0.0,0.0,0.0,0.0,0.0,0.0,0.0,0.0,0.0,0.0,1.9,0.0,0.0,0.0,0.0,0.0,0.0,0.0,0.0,0.0,0.0,0.0,0.0,0.0,0.0,0.0,0.0,0.0,0.0,0.0,0.0,0.0,0.0,0.0,0.0,0.0,0.0,0.0,0.0,0.0,0.0,0.0,0.0,0.0,0.0,0.0,0.0,0.0,0.0,0.0,0.0,0.0,0.0,0.0,0.0,0.0,0.0,0.0,0.0,0.0,0.0,0.0,0.0,0.0,0.0,0.0,0.0,0.0,0.0,0.0,0.0,0.0,0.0,0.0,0.0,0.0,0.0,0.0,0.0,0.0,0.0,0.0,0.0,0.0,0.0,0.0,0.0,0.0,0.0,0.0,0.0,0.0,0.0,0.0,0.0,0.0,0.0,0.0,0.0,0.0,0.0,0.0,0.0,0.0,0.0",6.6,67720.62109375,964145.69921875,8689.7900390625,168234.86376953125,41.896484375
1791409498.7238388,idle,5.3,"10.3,4.2,2.0,0.0,1.0,2.9,4.9,9.2,2.9,1.0,4.9,2.0,2.9,4.0,2.0,4.0,5.0,2.0,4.0,2.0,2.0,3.0,2.0,34.7,4.0,2.0,3.0,7.9,4.9,1.0,80.2,23.5,68.3,48.0,5.0,2.0,2.9,4.9,2.0,2.0,5.0,3.0,5.2,12.1,6.2,10.3,3.0,3.9,2.0,5.1,9.0,4.0,11.3,3.0,6.0,4.0,5.1,9.0,3.0,7.8,13.0,3.0,7.1,8.2,1.0,2.0,1.0,0.0,100.0,100.0,100.0,100.0,100.0,99.0,100.0,100.0,0.0,0.0,0.0,0.0,0.0,1.0,0.0,0.0,0.0,0.0,0.0,0.0,0.0,0.0,0.0,0.0,0.0,0.0,0.0,0.0,0.0,0.0,0.0,0.0,7.8,0.0,0.0,0.0,0.0,0.0,0.0,0.0,0.0,0.0,0.0,0.0,0.0,0.0,0.0,0.0,0.0,0.0,0.0,0.0,0.0,0.0,0.0,0.0,0.0,0.0,0.0,0.0,0.0,0.0,0.0,0.0,0.0,0.0,0.0,0.0,0.0,0.0,0.0,0.0,0.0,0.0,0.0,0.0,0.0,0.0,0.0,0.0,0.0,0.0,0.0,0.0,0.0,0.0,1.0,0.0,0.0,0.0,0.0,0.0,0.0,0.0,0.0,0.0,0.0,0.0,0.0,0.0,0.0,0.0,0.0,0.0,0.0,0.0,0.0,0.0,0.0,0.0,0.0,0.0,0.0,0.0,0.0,0.0,0.0,0.0,0.0,0.0,0.0,0.0,0.0,0.0,0.0,0.0,0.0,0.0,0.0,0.0,0.0,0.0,0.0,0.0,0.0,0.0,0.0,0.0,0.0,0.0,0.0,0.0,0.0,0.0,0.0,0.0,0.0,0.0,0.0,0.0,0.0,0.0,0.0,0.0,0.0,0.0,0.0,0.0,0.0,0.0,0.0,0.0,0.0,0.0,0.0,0.0,0.0,0.0,0.0,0.0,0.0,0.0,0.0,0.0,0.0,0.0,0.0,0.0,0.0,0.0,0.0,0.0,0.0,0.0,0.0,0.0,0.0",6.5,67533.828125,964332.4921875,8689.7900390625,168234.86376953125,41.896484375
1791409499.7400393,idle,5.7,"13.0,10.5,6.0,4.0,6.1,8.1,4.0,12.9,7.1,7.0,5.0,6.9,9.1,6.1,7.0,12.1,6.9,4.0,2.0,6.0,6.0,5.9,15.0,6.9,13.1,11.8,11.2,6.1,9.3,11.2,9.9,3.9,19.8,14.9,9.2,10.9,14.1,5.2,9.9,5.0,13.3,5.1,6.0,15.5,17.5,25.3,7.1,6.2,5.9,7.1,11.8,9.1,10.4,9.9,7.0,6.9,8.2,11.2,7.2,10.1,8.1,4.1,13.0,8.2,6.0,3.0,3.0,3.0,100.0,100.0,100.0,99.0,99.0,100.0,100.0,99.0,0.0,0.0,0.0,0.0,0.0,1.0,0.0,0.0,1.0,0.0,0.0,0.0,0.0,0.0,0.0,0.0,0.0,0.0,0.0,0.0,0.0,0.0,0.0,0.0,68.3,0.0,0.0,0.0,0.0,0.0,0.0,0.0,0.0,0.0,0.0,0.0,0.0,0.0,0.0,0.0,0.0,0.0,0.0,0.0,0.0,0.0,0.0,0.0,0.0,0.0,0.0,0.0,0.0,0.0,0.0,0.0,0.0,0.0,0.0,0.0,0.0,0.0,0.0,0.0,0.0,0.0,0.0,0.0,0.0,0.0,0.0,0.0,0.0,0.0,0.0,0.0,0.0,0.0,1.0,0.0,0.0,0.0,0.0,0.0,0.0,0.0,0.0,0.0,0.0,0.0,0.0,0.0,0.0,0.0,0.0,0.0,0.0,0.0,0.0,0.0,0.0,0.0,0.0,0.0,0.0,0.0,0.0,0.0,0.0,0.0,0.0,0.0,0.0,0.0,0.0,0.0,0.0,0.0,0.0,0.0,0.0,0.0,0.0,0.0,0.0,0.0,0.0,0.0,0.0,0.0,0.0,0.0,0.0,0.0,0.0,0.0,0.0,0.0,0.0,0.0,0.0,0.0,0.0,0.0,0.0,0.0,0.0,0.0,0.0,0.0,0.0,0.0,0.0,0.0,0.0,0.0,0.0,0.0,0.0,0.0,0.0,0.0,0.0,0.0,0.0,0.0,0.0,0.0,0.0,0.0,0.0,0.0,0.0,0.0,0.0,0.0,0.0,0.0,0.0",6.5,66980.08203125,964886.23828125,8689.7900390625,168234.86376953125,41.896484375
1791409500.7695322,idle,4.9,"10.1,9.5,1.9,1.0,1.0,0.0,0.0,0.0,1.0,1.0,2.0,1.0,1.0,1.0,0.0,2.0,1.0,0.0,3.0,2.0,0.0,1.0,1.0,1.0,5.9,1.0,4.0,2.9,0.0,2.0,78.2,57.3,36.3,34.7,4.9,2.9,8.9,0.0,3.0,9.0,12.7,2.0,1.0,7.1,18.0,12.4,2.0,2.9,1.0,4.0,6.0,4.3,11.2,7.1,7.1,9.9,5.9,8.1,1.9,7.9,5.9,0.0,2.0,1.0,1.9,0.0,0.0,0.0,100.0,100.0,100.0,100.0,100.0,100.0,100.0,100.0,0.0,0.0,0.0,0.0,0.0,0.0,0.0,0.0,0.0,0.0,0.0,0.0,0.0,0.0,0.0,0.0,0.0,0.0,0.0,0.0,0.0,0.0,0.0,1.9,5.9,1.0,0.0,0.0,0.0,0.0,0.0,0.0,0.0,0.0,0.0,0.0,0.0,0.0,0.0,0.0,0.0,0.0,0.0,0.0,0.0,0.0,0.0,0.0,0.0,0.0,0.0,0.0,0.0,0.0,0.0,0.0,0.0,0.0,0.0,0.0,0.0,0.0,0.0,0.0,0.0,0.0,0.0,0.0,0.0,0.0,0.0,0.0,0.0,0.0,0.0,0.0,0.0,0.0,0.0,0.0,0.0,0.0,0.0,1.0,0.0,0.0,0.0,0.0,0.0,0.0,0.0,0.0,0.0,0.0,0.0,0.0,0.0,0.0,0.0,0.0,1.0,0.0,0.0,0.0,0.0,0.0,0.0,0.0,0.0,0.0,0.0,0.0,0.0,0.0,0.0,0.0,0.0,0.0,0.0,0.0,0.0,0.0,0.0,0.0,0.0,0.0,0.0,0.0,0.0,0.0,0.0,0.0,0.0,0.0,0.0,0.0,0.0,0.0,0.0,0.0,0.0,0.0,0.0,0.0,0.0,0.0,0.0,0.0,0.0,0.0,0.0,0.0,0.0,0.0,0.0,0.0,0.0,0.0,0.0,0.0,0.0,0.0,0.0,0.0,0.0,0.0,0.0,0.0,0.0,0.0,0.0,0.0,0.0,0.0,0.0,0.0,0.0,0.0,0.0",6.6,67813.3359375,964052.984375,8689.7900390625,168235.49658203125,40.142578125
1791409501.809015,idle,6.2,"8.8,13.3,7.1,5.0,6.9,5.8,3.9,4.0,4.9,5.9,6.0,8.1,10.0,7.9,9.7,5.1,6.2,7.0,11.9,3.1,8.0,6.8,8.0,5.1,3.9,4.9,6.7,6.0,3.8,6.8,99.0,42.7,59.4,44.7,2.1,6.1,6.8,5.9,10.0,6.9,12.0,6.1,9.9,28.6,8.2,13.1,17.5,6.0,6.0,9.3,5.1,7.4,12.8,22.7,8.1,7.1,11.2,11.8,5.1,10.0,9.1,7.8,5.1,8.1,2.0,1.0,2.0,2.9,99.0,100.0,100.0,100.0,100.0,100.0,100.0,100.0,0.0,0.0,0.0,0.0,0.0,1.0,0.0,0.0,1.1,0.0,0.0,0.0,0.0,0.0,0.0,0.0,0.0,0.0,0.0,0.0,0.0,0.0,5.7,5.8,5.7,6.8,0.0,0.0,0.0,0.0,0.0,0.0,0.0,0.0,0.0,0.0,0.0,0.0,0.0,0.0,0.0,0.0,0.0,0.0,0.0,0.0,0.0,0.0,0.0,0.0,0.0,0.0,0.0,0.0,0.0,0.0,0.0,0.0,0.0,0.0,0.0,0.0,0.0,0.0,0.0,0.0,0.0,0.0,0.0,0.0,0.0,1.0,0.0,0.0,0.0,0.0,0.0,0.0,0.0,0.0,0.0,0.0,0.0,0.0,0.0,0.0,0.0,0.0,0.0,0.0,0.0,0.0,0.0,0.0,0.0,0.0,0.0,0.0,0.0,0.0,0.0,0.0,0.0,0.0,0.0,0.0,0.0,0.0,0.0,0.0,0.0,0.0,0.0,0.0,0.0,0.0,0.0,0.0,0.0,0.0,0.0,0.0,0.0,0.0,0.0,0.0,0.0,0.0,0.0,0.0,0.0,0.0,1.0,0.0,0.0,0.0,0.0,0.0,0.0,0.0,0.0,0.0,0.0,0.0,0.0,0.0,0.0,0.0,0.0,0.0,0.0,0.0,0.0,0.0,0.0,0.0,0.0,0.0,0.0,0.0,0.0,0.0,0.0,0.0,0.0,0.0,0.0,0.0,0.0,0.0,0.0,0.0,0.0,0.0,0.0,0.0,0.0,0.0,0.0",6.5,67146.578125,964719.7421875,8689.7900390625,168236.96533203125,40.142578125
1791409502.848338,idle,4.9,"6.7,6.0,2.0,1.9,5.8,1.9,1.0,1.0,1.0,1.0,0.0,0.0,5.8,1.9,2.9,1.9,1.9,1.9,1.9,1.9,1.9,3.9,2.9,1.0,1.0,1.0,1.0,5.8,0.0,1.0,99.0,60.0,45.7,16.7,4.9,20.4,4.1,12.6,1.0,0.0,18.0,2.9,3.9,6.7,2.9,8.0,1.9,4.0,1.0,5.0,2.9,5.1,8.1,6.2,6.0,5.8,2.0,6.8,0.0,4.0,1.9,0.0,1.0,1.9,1.9,1.0,0.0,0.9,100.0,100.0,100.0,100.0,100.0,100.0,99.0,100.0,0.0,0.0,0.0,0.0,0.0,1.0,1.0,0.9,1.9,0.0,0.0,0.0,0.0,0.0,0.0,0.0,0.0,0.0,0.0,0.0,0.0,0.0,0.0,0.0,0.0,1.0,0.0,0.0,0.0,0.0,0.0,0.0,0.0,0.0,0.0,0.0,0.0,0.0,0.0,0.0,0.0,0.0,0.0,0.0,0.0,0.0,0.0,0.0,0.0,0.0,0.0,0.0,0.0,0.0,0.0,0.0,0.0,0.0,0.0,0.0,0.0,0.0,0.0,0.0,0.0,0.0,0.0,0.0,0.0,0.0,0.0,0.0,0.0,0.0,0.0,0.0,0.0,0.0,0.0,0.0,0.0,0.0,0.0,1.0,0.0,0.0,0.0,0.0,0.0,0.0,0.0,0.0,0.0,0.0,0.0,0.0,0.0,0.0,0.0,0.0,0.0,0.0,0.0,0.0,0.0,0.0,0.0,0.0,0.0,0.0,0.0,0.0,0.0,0.0,0.0,0.0,0.0,0.0,0.0,0.0,0.0,0.0,0.0,0.0,0.0,0.0,0.0,0.0,0.0,0.0,0.0,0.0,0.0,0.0,0.0,0.0,0.0,0.0,0.0,0.0,0.0,0.0,0.0,0.0,0.0,0.0,0.0,0.0,0.0,0.0,0.0,0.0,0.0,0.0,0.0,0.0,0.0,0.0,0.0,0.0,0.0,0.0,0.0,0.0,0.0,0.0,0.0,0.0,0.0,0.0,0.0,0.0,0.0,0.0,0.0,0.0,0.0,0.0,0.0",6.5,67536.609375,964329.7109375,8689.7900390625,168236.96533203125,40.142578125
1791409503.8876958,idle,6.0,"11.0,8.4,5.0,6.9,11.7,11.7,9.0,5.0,6.7,6.0,5.9,6.0,10.8,5.9,5.0,8.0,10.9,4.9,7.9,5.0,5.0,12.7,5.9,5.9,6.8,4.9,6.8,5.9,5.8,4.0,32.4,40.2,67.3,53.8,9.5,6.9,5.0,9.8,14.6,5.9,16.5,9.0,15.8,7.8,7.8,9.8,9.5,8.9,6.8,7.3,5.8,12.2,10.3,15.8,8.0,10.1,11.0,7.2,6.9,14.7,10.9,7.7,12.9,15.2,4.8,2.9,3.8,1.9,100.0,100.0,100.0,100.0,100.0,100.0,100.0,99.0,0.0,0.0,0.0,0.0,0.0,0.0,0.0,0.0,1.0,0.0,0.0,0.0,0.0,0.0,0.0,0.0,0.0,0.0,0.0,0.0,0.0,0.0,0.0,0.0,1.0,1.9,0.0,0.0,0.0,0.0,0.0,0.0,0.0,0.0,0.0,0.0,0.0,0.0,0.0,0.0,0.0,0.0,0.0,0.0,0.0,0.0,0.0,0.0,0.0,0.0,0.0,0.0,0.0,0.0,0.0,0.0,0.0,0.0,0.0,0.0,0.0,0.0,0.0,0.0,0.0,0.0,0.0,0.0,0.0,0.0,0.0,0.0,0.0,0.0,0.0,0.0,0.0,0.0,0.0,0.0,0.0,0.0,0.0,1.9,0.0,0.0,0.0,0.0,0.0,0.0,0.0,0.0,0.0,0.0,0.0,0.0,0.0,0.0,0.0,0.0,0.0,0.0,0.0,0.0,0.0,0.0,0.0,0.0,0.0,0.0,0.0,0.0,0.0,0.0,0.0,0.0,0.0,0.0,0.0,0.0,0.0,0.0,0.0,0.0,0.0,0.0,0.0,0.0,0.0,0.0,0.0,0.0,0.0,0.0,0.0,0.0,0.0,0.0,0.0,0.0,0.0,0.0,0.0,0.0,0.0,0.0,0.0,0.0,0.0,0.0,0.0,0.0,0.0,0.0,0.0,0.0,0.0,0.0,0.0,0.0,0.0,0.0,0.0,0.0,0.0,0.0,0.0,0.0,0.0,0.0,0.0,0.0,0.0,0.0,0.0,0.0,0.0,0.0,0.0",6.5,67227.4140625,964638.90625,8689.7900390625,168236.96533203125,40.142578125
1791409504.9368775,idle,5.1,"6.7,5.0,1.0,9.8,4.0,10.1,2.9,2.0,1.0,2.9,1.0,1.0,5.8,1.9,2.9,5.9,4.0,4.0,2.9,1.9,2.9,7.0,2.0,5.1,0.0,1.0,2.9,4.8,0.0,1.0,52.0,69.2,100.0,41.2,5.8,3.0,2.0,4.9,8.0,4.9,6.1,7.1,8.8,6.8,4.0,9.8,1.0,5.0,1.0,4.0,1.0,5.1,5.2,5.1,9.0,2.9,4.9,9.7,1.9,3.9,2.0,1.9,5.0,8.9,1.0,0.0,0.0,1.0,100.0,100.0,99.0,100.0,100.0,100.0,100.0,100.0,0.0,0.0,0.0,0.0,0.0,0.0,0.0,0.0,1.0,0.0,0.0,0.0,0.0,0.0,0.0,0.0,0.0,0.0,0.0,0.0,0.0,0.0,0.0,0.0,0.0,1.0,0.0,0.0,0.0,0.0,0.0,0.0,0.0,0.0,0.0,0.0,0.0,0.0,0.0,0.0,0.0,0.0,0.0,0.0,0.0,0.0,0.0,0.0,0.0,0.0,0.0,0.0,0.0,0.0,0.0,0.0,0.0,0.0,0.0,0.0,0.0,0.0,0.0,0.0,0.0,0.0,0.0,0.0,0.0,0.0,0.0,0.0,0.0,0.0,0.0,0.0,0.0,0.0,0.0,0.0,0.0,0.0,0.0,0.0,0.0,0.0,0.0,0.0,0.0,0.0,0.0,0.0,0.0,0.0,0.0,0.0,0.0,0.0,0.0,0.0,0.0,0.0,0.0,0.0,0.0,0.0,0.0,0.0,0.0,0.0,0.0,0.0,0.0,0.0,0.0,0.0,0.0,0.0,0.0,0.0,0.0,0.0,0.0,0.0,0.0,0.0,0.0,0.0,0.0,0.0,0.0,0.0,0.0,0.0,0.0,0.0,0.0,0.0,0.0,0.0,0.0,0.0,0.0,0.0,0.0,0.0,0.0,0.0,0.0,0.0,0.0,0.0,0.0,0.0,0.0,0.0,0.0,0.0,0.0,0.0,0.0,0.0,0.0,0.0,0.0,0.0,0.0,0.0,0.0,0.0,0.0,0.0,0.0,0.0,0.0,0.0,0.0,0.0,0.0",6.5,67156.64453125,964709.67578125,8689.7900390625,168236.96533203125,40.142578125
1791409505.963991,idle,6.8,"16.1,22.9,12.4,6.2,13.3,9.2,14.3,6.2,12.2,13.3,11.0,12.1,9.4,7.0,5.1,14.9,8.2,12.4,13.3,7.2,14.1,28.6,12.5,7.3,19.4,10.3,13.3,11.1,11.0,8.0,43.0,12.0,57.8,33.7,13.5,13.3,12.1,25.3,15.2,15.5,14.6,13.3,7.1,10.1,16.7,20.0,11.3,10.8,11.6,14.6,13.5,14.0,13.5,14.7,14.7,12.6,8.2,11.3,15.5,20.6,7.3,12.1,11.3,16.5,8.2,7.8,8.0,13.0,99.0,100.0,100.0,100.0,100.0,100.0,100.0,100.0,0.0,0.0,0.0,0.0,0.0,0.0,0.0,0.0,0.0,0.0,0.0,0.0,0.0,0.0,0.0,0.0,0.0,0.0,0.0,0.0,0.0,0.0,2.0,1.0,0.0,2.9,0.0,0.0,0.0,0.0,0.0,0.0,0.0,0.0,0.0,0.0,0.0,1.0,0.0,0.0,0.0,0.0,0.0,0.0,0.0,0.0,0.0,0.0,0.0,0.0,0.0,0.0,0.0,0.0,0.0,0.0,0.0,0.0,0.0,0.0,0.0,0.0,0.0,0.0,0.0,0.0,0.0,0.0,0.0,0.0,0.0,0.0,0.0,0.0,0.0,0.0,0.0,0.0,0.0,0.0,0.0,0.0,0.0,0.0,0.0,0.0,0.0,0.0,0.0,0.0,0.0,0.0,0.0,0.0,0.0,0.0,0.0,0.0,0.0,0.0,0.0,0.0,0.0,0.0,0.0,0.0,0.0,0.0,0.0,0.0,0.0,0.0,0.0,0.0,0.0,0.0,0.0,0.0,0.0,0.0,0.0,0.0,0.0,0.0,0.0,0.0,0.0,0.0,0.0,0.0,0.0,0.0,0.0,0.0,0.0,0.0,0.0,0.0,0.0,0.0,0.0,0.0,0.0,0.0,0.0,0.0,0.0,0.0,0.0,0.0,0.0,0.0,0.0,0.0,0.0,0.0,0.0,0.0,0.0,0.0,0.0,0.0,0.0,0.0,0.0,0.0,0.0,0.0,0.0,0.0,0.0,0.0,0.0,0.0,0.0,0.0,0.0,0.0,0.0",6.5,67278.62109375,964587.69921875,8689.7900390625,168237.20751953125,38.76953125
1791409506.9837759,idle,4.9,"9.4,5.0,1.0,0.0,1.0,2.0,1.0,1.0,2.0,2.0,0.0,0.0,2.1,5.1,1.0,1.0,9.1,2.0,4.0,2.0,1.0,13.9,0.0,4.1,7.0,3.0,1.0,3.0,2.9,3.0,1.0,93.1,59.4,67.3,3.0,8.1,3.0,4.0,3.1,3.0,7.1,6.1,13.3,12.4,11.1,10.2,2.0,14.0,2.9,1.1,4.0,6.1,7.2,0.0,0.0,0.0,2.9,1.0,1.0,7.9,1.0,1.0,2.0,2.0,2.0,1.0,0.0,0.0,100.0,99.0,99.0,100.0,100.0,99.0,100.0,100.0,0.0,0.0,0.0,0.0,0.0,0.0,0.0,0.0,2.0,0.0,0.0,0.0,0.0,0.0,0.0,0.0,0.0,0.0,0.0,0.0,0.0,0.0,0.0,0.0,0.0,0.0,0.0,0.0,0.0,0.0,0.0,0.0,0.0,0.0,0.0,0.0,0.0,0.0,0.0,0.0,0.0,0.0,0.0,0.0,0.0,0.0,0.0,0.0,0.0,0.0,0.0,0.0,0.0,0.0,0.0,0.0,0.0,0.0,0.0,0.0,0.0,0.0,0.0,0.0,0.0,0.0,0.0,0.0,0.0,0.0,0.0,0.0,0.0,0.0,0.0,0.0,0.0,0.0,0.0,0.0,0.0,0.0,0.0,0.0,1.0,0.0,0.0,0.0,0.0,0.0,0.0,0.0,0.0,0.0,0.0,0.0,0.0,0.0,0.0,0.0,0.0,0.0,0.0,0.0,0.0,0.0,0.0,0.0,0.0,0.0,0.0,0.0,0.0,0.0,0.0,0.0,0.0,0.0,0.0,0.0,0.0,0.0,0.0,0.0,0.0,0.0,0.0,0.0,0.0,0.0,0.0,0.0,1.0,0.0,0.0,0.0,0.0,0.0,0.0,0.0,0.0,0.0,0.0,0.0,0.0,0.0,0.0,0.0,0.0,0.0,0.0,0.0,0.0,0.0,0.0,0.0,0.0,0.0,0.0,0.0,0.0,0.0,0.0,0.0,0.0,0.0,0.0,0.0,0.0,0.0,0.0,0.0,0.0,0.0,0.0,0.0,0.0,0.0,0.0",6.6,67672.00390625,964194.31640625,8689.7900390625,168238.66845703125,38.76953125
1791409508.012804,idle,5.9,"9.4,14.3,7.0,3.0,4.1,6.0,3.0,5.9,7.0,6.1,6.0,6.1,9.9,8.0,5.1,9.1,5.1,2.0,6.1,7.2,8.2,14.1,6.0,7.0,2.0,8.0,3.9,4.0,4.9,4.9,2.9,71.8,100.0,75.5,7.8,10.2,6.1,9.3,3.0,5.9,7.1,5.1,7.1,9.0,12.4,22.1,18.7,15.5,15.3,5.2,5.0,7.4,5.3,5.1,8.0,7.0,8.1,5.1,8.4,10.1,9.0,5.1,7.9,8.8,3.9,2.0,2.9,1.0,100.0,100.0,100.0,100.0,100.0,100.0,100.0,100.0,0.0,0.0,0.0,0.0,0.0,1.9,0.0,0.0,5.6,0.0,0.0,0.0,0.0,0.0,0.0,0.0,0.0,0.0,0.0,0.0,0.0,0.0,0.0,0.0,0.0,0.0,0.0,0.0,0.0,0.0,0.0,0.0,0.0,0.0,0.0,0.0,0.0,0.0,0.0,0.0,0.0,0.0,0.0,0.0,0.0,0.0,0.0,0.0,0.0,0.0,0.0,0.0,0.0,0.0,0.0,0.0,0.0,0.0,0.0,0.0,0.0,0.0,0.0,0.0,0.0,0.0,0.0,0.0,0.0,0.0,0.0,0.0,0.0,0.0,0.0,0.0,0.0,0.0,0.0,0.0,0.0,0.0,0.0,1.0,0.0,0.0,0.0,0.0,0.0,0.0,0.0,0.0,0.0,0.0,0.0,0.0,0.0,0.0,0.0,0.0,0.0,0.0,0.0,0.0,0.0,0.0,0.0,0.0,0.0,0.0,0.0,0.0,0.0,0.0,0.0,0.0,0.0,0.0,0.0,0.0,0.0,0.0,0.0,0.0,0.0,0.0,0.0,0.0,0.0,0.0,0.0,0.0,0.0,0.0,0.0,0.0,0.0,0.0,0.0,0.0,0.0,0.0,0.0,0.0,0.0,0.0,0.0,0.0,0.0,0.0,0.0,0.0,0.0,0.0,0.0,0.0,0.0,0.0,0.0,0.0,0.0,0.0,0.0,0.0,0.0,0.0,0.0,0.0,0.0,0.0,0.0,0.0,0.0,0.0,0.0,0.0,0.0,0.0,0.0",6.5,67541.27734375,964325.04296875,8689.7900390625,168238.66845703125,38.76953125
1791409509.0282838,idle,5.1,"10.2,3.1,5.9,2.0,3.1,2.0,2.0,2.0,0.0,2.9,0.0,1.0,0.0,5.9,1.0,3.0,10.2,0.0,5.0,2.0,2.0,1.0,1.0,7.1,2.0,4.1,0.0,2.0,2.0,0.0,57.6,83.2,59.8,73.3,7.1,6.0,4.0,6.1,1.0,2.1,5.1,5.9,2.0,16.7,5.1,21.6,7.1,10.1,5.1,1.0,0.0,4.2,3.2,2.0,0.0,1.0,2.0,6.1,4.0,6.0,1.0,1.0,1.0,0.0,2.0,1.9,0.0,0.0,100.0,100.0,100.0,100.0,100.0,100.0,100.0,100.0,0.0,0.0,0.0,0.0,0.0,0.0,0.0,0.0,2.0,0.0,0.0,0.0,0.0,0.0,0.0,0.0,0.0,0.0,0.0,0.0,0.0,0.0,0.0,0.0,0.0,2.0,0.0,0.0,0.0,0.0,0.0,0.0,0.0,0.0,0.0,0.0,0.0,0.0,0.0,0.0,0.0,0.0,0.0,0.0,0.0,0.0,0.0,0.0,0.0,0.0,0.0,0.0,0.0,0.0,0.0,0.0,0.0,0.0,0.0,0.0,0.0,0.0,0.0,0.0,0.0,0.0,0.0,0.0,0.0,0.0,0.0,0.0,0.0,0.0,0.0,0.0,0.0,0.0,0.0,0.0,0.0,0.0,0.0,0.0,0.0,0.0,0.0,0.0,0.0,0.0,0.0,0.0,0.0,0.0,0.0,0.0,0.0,0.0,0.0,0.0,0.0,0.0,0.0,0.0,0.0,0.0,0.0,0.0,0.0,0.0,0.0,0.0,0.0,0.0,0.0,0.0,0.0,0.0,0.0,0.0,0.0,0.0,0.0,0.0,0.0,0.0,0.0,0.0,0.0,0.0,0.0,0.0,0.0,0.0,0.0,0.0,0.0,0.0,0.0,0.0,0.0,0.0,0.0,0.0,0.0,0.0,0.0,0.0,0.0,0.0,0.0,0.0,0.0,0.0,0.0,0.0,0.0,0.0,0.0,0.0,0.0,0.0,0.0,0.0,0.0,0.0,0.0,0.0,0.0,0.0,0.0,0.0,0.0,0.0,0.0,0.0,0.0,0.0,0.0",6.6,68053.578125,963812.7421875,8689.7900390625,168238.66845703125,38.76953125
1791409510.0507207,idle,6.0,"6.8,14.3,3.1,5.3,9.1,4.0,4.1,14.4,6.1,3.0,4.9,6.3,7.1,6.1,9.1,12.4,10.3,6.1,5.1,4.1,13.9,7.1,4.1,6.3,2.0,5.9,4.0,2.0,4.0,9.0,24.5,49.0,50.5,80.2,6.9,8.2,7.1,5.1,7.0,9.1,12.0,2.0,8.1,19.8,18.6,15.3,4.1,7.3,4.2,7.3,7.2,11.7,8.3,25.3,6.2,5.0,6.0,7.9,7.0,12.1,12.9,4.0,9.9,5.0,6.8,31.3,1.0,4.9,100.0,100.0,100.0,100.0,99.0,100.0,100.0,100.0,0.0,0.0,0.0,0.0,0.0,0.0,0.0,0.0,2.1,0.0,0.0,0.0,0.0,0.0,0.0,0.0,0.0,0.0,0.0,0.0,0.0,0.0,3.9,4.9,1.0,5.9,0.0,0.0,0.0,0.0,0.0,0.0,0.0,0.0,0.0,0.0,0.0,0.0,0.0,0.0,0.0,0.0,0.0,0.0,0.0,0.0,0.0,0.0,0.0,0.0,0.0,0.0,0.0,0.0,0.0,0.0,0.0,0.0,0.0,0.0,0.0,0.0,0.0,0.0,0.0,0.0,0.0,0.0,1.0,0.0,0.0,0.0,0.0,0.0,0.0,0.0,0.0,0.0,0.0,0.0,0.0,0.0,0.0,0.0,0.0,0.0,0.0,0.0,0.0,0.0,0.0,0.0,0.0,0.0,0.0,0.0,0.0,0.0,0.0,0.0,0.0,0.0,0.0,0.0,0.0,0.0,0.0,0.0,0.0,0.0,0.0,0.0,0.0,0.0,0.0,0.0,0.0,0.0,0.0,0.0,0.0,0.0,0.0,0.0,0.0,0.0,0.0,0.0,0.0,0.0,0.0,0.0,0.0,0.0,0.0,0.0,0.0,0.0,0.0,0.0,0.0,0.0,0.0,0.0,0.0,0.0,0.0,0.0,0.0,0.0,0.0,0.0,0.0,0.0,0.0,0.0,0.0,0.0,0.0,0.0,0.0,0.0,0.0,0.0,0.0,0.0,0.0,0.0,0.0,0.0,0.0,0.0,0.0,0.0,0.0,0.0,0.0,0.0,0.0",6.6,67681.5078125,964184.8125,8689.7900390625,168238.66845703125,38.76953125
1791409511.084628,idle,5.0,"5.7,8.3,2.9,2.0,2.0,2.0,1.9,1.0,3.0,2.0,0.0,1.0,1.0,1.9,2.0,9.8,4.9,9.7,1.9,1.9,10.0,3.1,1.0,2.9,1.0,2.0,5.9,1.0,1.0,1.0,60.4,29.1,45.5,54.8,6.1,11.1,3.1,5.1,1.0,10.6,7.1,0.0,1.0,8.7,4.9,13.7,2.9,9.0,13.3,7.2,1.0,6.0,7.4,16.3,3.1,2.9,1.0,0.0,0.0,4.9,1.9,4.0,10.2,1.0,1.0,9.9,1.0,1.9,100.0,100.0,100.0,100.0,100.0,100.0,100.0,100.0,0.0,0.0,0.0,0.0,0.0,1.0,0.0,0.0,0.0,0.0,0.0,0.0,0.0,0.0,0.0,0.0,0.0,0.0,0.0,0.0,0.0,0.0,1.0,0.0,0.0,3.8,0.0,0.0,0.0,0.0,0.0,0.0,0.0,0.0,0.0,0.0,0.0,0.0,0.0,0.0,0.0,0.0,0.0,0.0,0.0,0.0,0.0,0.0,0.0,0.0,0.0,0.0,0.0,0.0,0.0,0.0,0.0,0.0,0.0,0.0,0.0,0.0,0.0,0.0,0.0,0.0,0.0,0.0,0.0,0.0,0.0,0.0,0.0,0.0,0.0,0.0,0.0,0.0,0.0,0.0,0.0,0.0,0.0,1.0,0.0,0.0,0.0,0.0,0.0,0.0,0.0,0.0,0.0,0.0,0.0,0.0,0.0,0.0,0.0,0.0,0.0,0.0,0.0,0.0,0.0,0.0,0.0,0.0,0.0,0.0,0.0,0.0,0.0,0.0,0.0,0.0,0.0,0.0,0.0,0.0,0.0,0.0,0.0,0.0,0.0,0.0,0.0,0.0,0.0,0.0,0.0,0.0,0.0,0.0,0.0,0.0,0.0,0.0,0.0,0.0,0.0,0.0,0.0,0.0,0.0,0.0,0.0,0.0,0.0,0.0,0.0,0.0,0.0,0.0,0.0,0.0,0.0,0.0,0.0,0.0,0.0,0.0,0.0,0.0,0.0,0.0,0.0,0.0,0.0,0.0,0.0,0.0,0.0,0.0,0.0,0.0,0.0,0.0,0.0",6.5,67573.4609375,964292.859375,8689.7900390625,168239.14892578125,37.42626953125
1791409512.1041875,idle,6.1,"37.9,9.4,7.3,10.2,5.1,9.3,5.1,5.1,9.4,14.4,8.4,6.2,6.0,7.4,9.2,8.2,10.4,4.1,6.2,8.2,16.5,12.0,13.4,12.6,7.1,9.1,4.0,7.1,6.1,7.0,81.2,10.8,55.4,36.0,4.3,9.9,8.2,17.2,5.1,6.2,21.6,6.2,4.2,6.3,17.0,14.6,10.3,16.0,12.1,5.6,10.8,9.5,8.9,5.3,7.1,11.2,8.3,8.8,7.2,9.3,8.3,9.1,11.1,10.3,6.0,4.0,4.0,3.0,100.0,99.0,99.0,99.0,100.0,100.0,100.0,100.0,0.0,0.0,0.0,0.0,0.0,0.0,0.0,0.0,0.0,0.0,0.0,0.0,0.0,0.0,0.0,0.0,0.0,0.0,0.0,0.0,0.0,0.0,0.0,0.0,0.0,0.0,0.0,0.0,0.0,0.0,0.0,0.0,0.0,0.0,0.0,0.0,0.0,0.0,0.0,0.0,0.0,0.0,0.0,0.0,0.0,0.0,0.0,0.0,0.0,0.0,0.0,0.0,0.0,0.0,0.0,0.0,0.0,0.0,0.0,0.0,0.0,0.0,0.0,0.0,0.0,0.0,0.0,0.0,0.0,0.0,0.0,0.0,0.0,0.0,0.0,0.0,0.0,0.0,0.0,0.0,0.0,0.0,0.0,2.0,0.0,0.0,0.0,0.0,0.0,0.0,0.0,0.0,0.0,0.0,0.0,0.0,0.0,0.0,0.0,0.0,0.0,0.0,0.0,0.0,0.0,0.0,0.0,0.0,0.0,0.0,0.0,0.0,0.0,0.0,0.0,0.0,0.0,0.0,0.0,0.0,0.0,0.0,0.0,0.0,0.0,0.0,0.0,0.0,0.0,0.0,0.0,0.0,0.0,0.0,0.0,0.0,0.0,0.0,0.0,0.0,0.0,0.0,0.0,0.0,0.0,0.0,0.0,0.0,0.0,0.0,0.0,0.0,0.0,0.0,0.0,0.0,0.0,0.0,0.0,0.0,0.0,0.0,0.0,0.0,0.0,0.0,0.0,0.0,0.0,0.0,0.0,0.0,0.0,0.0,0.0,0.0,0.0,0.0,0.0",6.6,67990.296875,963876.0234375,8689.7900390625,168240.47705078125,37.42626953125
1791409513.117584,idle,5.1,"1.2,4.1,28.6,1.0,2.0,4.0,0.0,0.0,3.0,4.1,3.1,2.0,3.0,2.0,2.0,4.0,5.1,8.1,3.0,4.0,4.0,8.2,1.0,10.4,0.0,5.0,1.0,0.0,2.9,1.0,79.0,72.0,36.0,6.0,8.4,17.9,5.2,8.3,4.1,14.0,6.1,1.0,7.0,6.1,4.1,10.0,2.0,15.3,2.0,5.2,4.2,5.5,9.4,4.1,2.0,5.1,2.0,4.0,3.0,5.1,10.8,0.0,5.1,8.2,2.0,1.0,1.0,0.0,100.0,100.0,100.0,100.0,100.0,100.0,100.0,100.0,0.0,0.0,0.0,0.0,0.0,0.0,0.0,0.0,1.0,0.0,0.0,0.0,0.0,0.0,0.0,0.0,0.0,0.0,0.0,0.0,0.0,0.0,2.9,2.0,2.0,2.0,0.0,0.0,0.0,0.0,0.0,0.0,0.0,0.0,0.0,0.0,0.0,0.0,0.0,0.0,0.0,0.0,0.0,0.0,0.0,0.0,0.0,0.0,0.0,0.0,0.0,0.0,0.0,0.0,0.0,0.0,0.0,0.0,0.0,0.0,0.0,0.0,0.0,0.0,0.0,0.0,0.0,0.0,0.0,0.0,0.0,0.0,0.0,0.0,0.0,0.0,0.0,0.0,0.0,0.0,0.0,0.0,0.0,0.0,0.0,0.0,0.0,0.0,0.0,0.0,0.0,0.0,0.0,0.0,0.0,0.0,0.0,0.0,0.0,0.0,0.0,0.0,0.0,0.0,0.0,0.0,0.0,0.0,0.0,0.0,0.0,0.0,0.0,0.0,0.0,0.0,0.0,0.0,0.0,0.0,0.0,0.0,0.0,0.0,0.0,0.0,0.0,0.0,0.0,0.0,0.0,0.0,0.0,0.0,0.0,0.0,0.0,0.0,0.0,0.0,0.0,0.0,0.0,0.0,0.0,0.0,0.0,0.0,0.0,0.0,0.0,0.0,0.0,0.0,0.0,0.0,0.0,0.0,0.0,0.0,0.0,0.0,0.0,0.0,0.0,0.0,0.0,0.0,0.0,0.0,0.0,0.0,0.0,0.0,0.0,0.0,0.0,0.0,0.0",6.6,67946.34375,963919.9765625,8689.7900390625,168240.47705078125,37.42626953125
1791409514.148288,idle,6.1,"11.4,6.1,6.1,10.0,8.0,7.1,6.9,5.9,5.3,8.9,7.1,6.0,8.3,7.0,10.4,8.1,11.2,5.0,7.0,5.9,5.1,15.8,11.9,5.2,3.9,6.9,5.8,2.9,7.0,9.8,68.3,100.0,50.0,9.8,11.2,13.1,9.1,7.2,6.2,16.7,8.8,4.1,6.0,8.8,5.9,8.1,5.9,14.0,11.8,8.2,12.0,8.1,8.5,11.1,17.5,4.0,8.0,7.4,8.1,14.3,12.0,9.2,11.1,5.1,4.9,11.7,2.0,3.9,100.0,100.0,100.0,100.0,100.0,100.0,100.0,100.0,0.0,0.0,0.0,0.0,0.0,1.0,0.0,0.0,1.0,0.0,0.0,0.0,0.0,0.0,0.0,0.0,0.0,0.0,0.0,0.0,0.0,0.0,0.0,0.0,0.0,0.0,0.0,0.0,0.0,0.0,0.0,0.0,0.0,0.0,0.0,0.0,0.0,0.0,0.0,0.0,0.0,0.0,0.0,0.0,0.0,0.0,0.0,0.0,0.0,0.0,0.0,0.0,0.0,0.0,0.0,0.0,0.0,0.0,0.0,0.0,0.0,0.0,0.0,0.0,0.0,0.0,0.0,0.0,0.0,0.0,0.0,0.0,0.0,0.0,0.0,0.0,0.0,0.0,0.0,0.0,0.0,0.0,0.0,0.0,0.0,0.0,0.0,0.0,0.0,0.0,0.0,0.0,0.0,0.0,0.0,0.0,0.0,1.0,0.0,0.0,0.0,0.0,0.0,0.0,0.0,0.0,0.0,0.0,0.0,0.0,0.0,0.0,0.0,0.0,0.0,0.0,0.0,0.0,0.0,0.0,0.0,0.0,0.0,0.0,0.0,0.0,0.0,0.0,0.0,0.0,0.0,0.0,0.0,0.0,0.0,0.0,0.0,0.0,0.0,0.0,0.0,1.0,0.0,0.0,0.0,0.0,0.0,0.0,0.0,0.0,0.0,0.0,0.0,0.0,0.0,0.0,0.0,0.0,0.0,0.0,0.0,0.0,0.0,0.0,0.0,0.0,0.0,0.0,0.0,0.0,0.0,0.0,0.0,0.0,0.0,0.0,0.0,0.0,0.0",6.6,67659.88671875,964206.43359375,8689.7900390625,168240.47705078125,37.42626953125
1791409515.1692233,idle,5.2,"4.8,2.0,2.9,8.0,1.0,5.9,1.0,1.0,5.1,5.0,1.0,1.0,3.0,5.1,3.0,3.0,3.0,5.0,1.0,3.0,3.0,4.0,10.1,4.0,2.9,3.9,1.0,2.0,2.9,0.0,88.2,67.3,59.0,22.8,6.0,11.1,6.1,4.2,35.4,1.0,3.0,3.0,6.9,6.8,1.0,5.9,1.0,6.0,2.0,6.3,3.1,2.1,8.6,2.1,9.2,2.0,5.0,3.9,1.0,5.0,4.0,2.0,1.0,2.0,1.0,0.0,0.0,1.0,100.0,100.0,99.0,100.0,100.0,100.0,100.0,100.0,0.0,0.0,0.0,0.0,0.0,1.0,0.0,0.0,2.1,0.0,0.0,0.0,0.0,0.0,0.0,0.0,0.0,0.0,0.0,0.0,0.0,0.0,1.0,3.9,3.9,5.9,0.0,0.0,0.0,0.0,0.0,0.0,0.0,0.0,0.0,0.0,0.0,0.0,0.0,0.0,0.0,0.0,0.0,0.0,0.0,0.0,0.0,0.0,0.0,0.0,0.0,0.0,0.0,0.0,0.0,0.0,0.0,0.0,0.0,0.0,0.0,0.0,0.0,0.0,0.0,0.0,0.0,0.0,0.0,0.0,0.0,0.0,0.0,0.0,0.0,0.0,0.0,0.0,0.0,0.0,0.0,0.0,0.0,0.0,0.0,0.0,0.0,0.0,0.0,0.0,0.0,0.0,0.0,0.0,0.0,0.0,0.0,0.0,0.0,0.0,0.0,0.0,0.0,0.0,0.0,0.0,0.0,0.0,0.0,0.0,0.0,0.0,0.0,0.0,0.0,0.0,0.0,0.0,0.0,0.0,0.0,0.0,0.0,0.0,0.0,0.0,0.0,0.0,0.0,0.0,0.0,0.0,0.0,0.0,0.0,0.0,0.0,0.0,0.0,0.0,0.0,0.0,0.0,0.0,0.0,0.0,0.0,0.0,0.0,0.0,0.0,0.0,0.0,0.0,0.0,0.0,0.0,0.0,0.0,0.0,0.0,0.0,0.0,0.0,0.0,0.0,0.0,0.0,0.0,0.0,0.0,0.0,0.0,0.0,0.0,0.0,0.0,0.0,0.0",6.6,67963.3828125,963902.9375,8689.7900390625,168240.47705078125,37.42626953125
1791409516.1921558,idle,5.6,"12.6,2.1,3.0,3.0,5.1,4.0,3.0,5.1,10.9,5.0,4.0,5.9,5.0,5.9,3.0,8.0,7.1,4.0,5.0,1.0,4.3,6.0,4.0,6.9,3.0,2.0,7.1,4.0,1.0,5.9,92.1,67.6,39.4,18.8,5.9,3.1,2.0,2.0,93.1,5.9,8.0,4.0,6.0,3.1,4.9,3.1,8.0,8.2,3.1,6.1,5.2,4.1,4.2,5.2,4.0,5.1,9.0,4.0,6.0,6.1,8.2,4.0,6.1,4.0,1.0,2.0,3.0,3.0,100.0,97.1,100.0,100.0,100.0,100.0,100.0,100.0,0.0,0.0,0.0,0.0,0.0,0.0,0.0,0.0,0.0,0.0,0.0,0.0,0.0,0.0,0.0,0.0,0.0,0.0,0.0,0.0,0.0,0.0,2.0,1.0,0.0,2.0,0.0,0.0,0.0,0.0,0.0,0.0,0.0,0.0,0.0,0.0,0.0,0.0,0.0,0.0,0.0,0.0,0.0,0.0,0.0,0.0,0.0,0.0,0.0,0.0,0.0,0.0,0.0,0.0,0.0,0.0,0.0,0.0,0.0,0.0,0.0,0.0,0.0,0.0,0.0,0.0,0.0,0.0,0.0,0.0,0.0,0.0,0.0,0.0,0.0,0.0,0.0,0.0,0.0,0.0,0.0,0.0,0.0,0.0,0.0,0.0,0.0,0.0,0.0,0.0,0.0,0.0,0.0,0.0,0.0,0.0,0.0,0.0,0.0,0.0,0.0,0.0,0.0,0.0,0.0,0.0,0.0,0.0,0.0,0.0,0.0,0.0,0.0,0.0,0.0,0.0,0.0,0.0,0.0,0.0,0.0,0.0,0.0,0.0,0.0,0.0,0.0,0.0,0.0,0.0,0.0,0.0,0.0,0.0,0.0,0.0,0.0,0.0,0.0,0.0,0.0,0.0,0.0,0.0,0.0,0.0,0.0,0.0,0.0,0.0,0.0,0.0,0.0,0.0,0.0,0.0,0.0,0.0,0.0,0.0,0.0,0.0,0.0,0.0,0.0,0.0,0.0,0.0,0.0,0.0,0.0,0.0,0.0,0.0,0.0,0.0,0.0,0.0,0.0",6.5,67547.828125,964318.4921875,8689.7900390625,168240.71923828125,36.19091796875
1791409517.1976047,idle,5.1,"6.3,3.2,19.0,3.0,6.1,5.1,3.1,2.1,4.1,8.0,3.1,11.1,3.0,3.1,4.0,6.1,6.1,4.0,4.0,3.0,14.6,4.0,2.0,2.2,1.0,3.0,2.0,2.0,3.0,2.0,79.0,56.4,15.2,8.2,4.4,4.3,7.1,11.2,3.2,14.9,20.4,5.9,2.0,16.8,1.0,2.0,9.1,13.1,4.0,5.4,3.1,3.3,5.6,3.1,2.0,3.0,9.4,4.1,3.0,8.1,10.2,4.0,4.1,14.0,2.0,1.0,1.0,1.0,100.0,100.0,100.0,100.0,100.0,100.0,100.0,100.0,0.0,0.0,0.0,0.0,0.0,0.0,0.0,0.0,0.0,0.0,0.0,0.0,0.0,0.0,0.0,0.0,0.0,0.0,0.0,0.0,0.0,0.0,0.0,3.0,3.0,3.0,0.0,0.0,0.0,0.0,0.0,0.0,0.0,0.0,0.0,0.0,0.0,0.0,0.0,0.0,0.0,0.0,0.0,0.0,0.0,0.0,0.0,0.0,0.0,0.0,0.0,0.0,0.0,0.0,0.0,0.0,0.0,0.0,0.0,0.0,0.0,0.0,0.0,0.0,0.0,0.0,0.0,0.0,0.0,0.0,0.0,0.0,0.0,0.0,0.0,0.0,0.0,0.0,0.0,0.0,0.0,0.0,0.0,0.0,0.0,0.0,0.0,0.0,0.0,0.0,0.0,0.0,0.0,0.0,0.0,0.0,0.0,0.0,0.0,0.0,0.0,0.0,0.0,0.0,0.0,0.0,0.0,0.0,0.0,0.0,0.0,0.0,0.0,0.0,0.0,0.0,0.0,0.0,0.0,0.0,0.0,0.0,0.0,0.0,0.0,0.0,0.0,0.0,0.0,0.0,0.0,0.0,0.0,0.0,0.0,0.0,0.0,0.0,0.0,0.0,0.0,0.0,0.0,0.0,0.0,0.0,0.0,0.0,0.0,0.0,0.0,0.0,0.0,0.0,0.0,0.0,0.0,0.0,0.0,0.0,0.0,0.0,0.0,0.0,0.0,0.0,0.0,0.0,0.0,0.0,0.0,0.0,0.0,0.0,0.0,0.0,0.0,0.0,0.0",6.5,67346.64453125,964519.67578125,8689.7900390625,168242.56298828125,36.19091796875
1791409518.227345,idle,5.6,"7.0,5.1,5.1,3.2,4.9,7.0,5.9,5.0,4.0,7.1,4.0,4.0,5.9,7.0,3.0,5.9,8.0,5.2,4.0,3.0,7.2,5.0,7.1,5.1,2.9,2.0,3.0,2.9,3.9,3.0,50.0,71.6,54.0,23.8,3.0,10.1,5.0,3.1,95.0,11.0,25.7,4.0,4.9,2.9,2.9,2.9,3.0,10.9,2.0,4.1,10.0,3.1,4.0,2.0,2.9,2.0,4.1,10.9,4.0,8.2,6.9,6.0,4.0,5.0,1.0,3.9,2.9,4.9,100.0,100.0,100.0,100.0,100.0,100.0,99.0,100.0,0.0,0.0,0.0,0.0,0.0,0.0,0.0,0.0,2.2,0.0,0.0,0.0,0.0,0.0,0.0,0.0,0.0,0.0,0.0,0.0,0.0,0.0,0.0,1.9,1.9,1.9,0.0,0.0,0.0,0.0,0.0,0.0,0.0,0.0,0.0,0.0,0.0,0.0,0.0,0.0,0.0,0.0,0.0,0.0,0.0,0.0,0.0,0.0,0.0,0.0,0.0,0.0,0.0,0.0,0.0,0.0,0.0,0.0,0.0,0.0,0.0,0.0,0.0,0.0,0.0,0.0,0.0,0.0,0.0,0.0,0.0,0.0,0.0,0.0,0.0,0.0,0.0,0.0,0.0,0.0,0.0,0.0,0.0,1.0,0.0,0.0,0.0,0.0,0.0,0.0,0.0,0.0,0.0,0.0,0.0,0.0,0.0,0.0,0.0,0.0,0.0,0.0,0.0,0.0,0.0,0.0,0.0,0.0,0.0,0.0,0.0,0.0,0.0,0.0,0.0,0.0,0.0,0.0,0.0,0.0,0.0,0.0,0.0,0.0,0.0,0.0,0.0,0.0,0.0,0.0,0.0,0.0,0.0,0.0,0.0,0.0,0.0,0.0,0.0,0.0,0.0,0.0,0.0,0.0,0.0,0.0,0.0,0.0,0.0,0.0,0.0,0.0,0.0,0.0,0.0,0.0,0.0,0.0,0.0,0.0,0.0,0.0,0.0,0.0,0.0,0.0,0.0,0.0,0.0,0.0,0.0,0.0,0.0,0.0,0.0,0.0,0.0,0.0,0.0",6.5,67379.359375,964486.9609375,8689.7900390625,168242.56298828125,36.19091796875
1791409519.268622,aggregate_n8_vmnos256_r4:confirmation,11.5,"32.3,34.0,33.3,28.7,26.5,28.3,26.7,30.4,30.4,25.5,27.7,29.7,29.7,49.5,27.3,30.8,28.9,33.3,32.0,29.4,32.4,27.1,31.1,27.3,22.9,22.6,22.9,26.4,20.8,19.4,37.7,77.1,75.9,57.9,20.8,27.1,32.1,31.5,23.1,26.2,35.4,31.7,32.7,34.3,32.7,36.2,30.0,36.0,39.4,27.0,24.2,32.7,30.1,27.5,29.2,35.2,29.3,38.4,32.0,35.0,37.7,30.6,35.0,29.9,24.8,28.3,28.8,34.0,99.0,100.0,100.0,100.0,100.0,100.0,100.0,100.0,0.0,0.0,0.0,0.0,0.0,0.0,0.0,0.0,2.9,0.0,0.0,0.0,0.0,0.0,0.0,0.0,0.0,0.0,0.0,0.0,0.0,0.0,0.0,4.7,1.0,8.5,0.0,0.0,0.0,0.0,0.0,0.0,0.0,0.0,0.0,0.0,0.0,0.0,0.0,0.0,0.0,0.0,0.0,0.0,0.0,0.0,0.0,0.0,0.0,0.0,0.0,0.0,0.0,0.0,0.0,0.0,0.0,0.0,0.0,0.0,0.0,0.0,0.0,0.0,0.0,0.0,0.0,0.0,0.0,0.0,0.0,0.0,0.0,0.0,0.0,0.0,0.0,0.0,0.0,0.0,0.0,0.0,0.0,0.0,0.0,0.0,0.0,0.0,0.0,0.0,0.0,0.0,0.0,0.0,0.0,0.0,0.0,0.0,0.0,0.0,0.0,0.0,0.0,0.0,0.0,0.0,0.0,0.0,0.0,0.0,0.0,0.0,0.0,0.0,0.0,0.0,0.0,0.0,0.0,0.0,0.0,0.0,0.0,0.0,0.0,0.0,0.0,0.0,0.0,0.0,0.0,0.0,0.0,0.0,0.0,0.0,0.0,0.0,0.0,0.0,0.0,0.0,0.0,0.0,0.0,0.0,0.0,0.0,0.0,0.0,0.0,0.0,0.0,0.0,0.0,0.0,0.0,0.0,0.0,0.0,0.0,0.0,0.0,0.0,0.0,0.0,0.0,0.0,0.0,0.0,0.0,0.0,0.0,0.0,0.0,0.0,0.0,0.0,0.0",6.5,67477.8984375,964388.421875,8689.7900390625,168242.56298828125,36.19091796875
1791409520.4419117,aggregate_n8_vmnos256_r4:confirmation,7.4,"15.4,13.3,12.4,10.5,13.6,20.4,8.6,15.0,9.9,15.5,10.7,12.5,19.6,18.9,12.0,9.3,15.5,14.7,20.2,13.0,8.7,11.7,21.4,11.5,8.0,8.6,7.9,9.7,7.3,7.2,52.1,92.3,25.9,84.2,10.9,10.8,11.3,15.3,14.5,9.8,15.6,14.4,14.0,11.9,18.3,16.0,18.2,21.5,13.8,13.5,14.4,13.1,15.2,13.8,10.5,10.4,13.3,13.1,9.3,11.2,12.3,6.5,16.4,13.2,7.0,5.2,7.9,10.5,100.0,100.0,100.0,100.0,100.0,100.0,100.0,100.0,0.0,0.0,0.0,0.0,0.0,0.9,0.0,0.0,2.7,0.9,0.0,0.0,0.0,0.0,0.0,0.0,0.0,0.0,0.0,0.0,0.0,0.0,0.0,6.9,6.9,7.0,0.0,0.0,0.0,0.0,0.0,0.0,0.0,0.0,0.0,0.0,0.0,0.0,0.0,0.0,0.0,0.0,0.0,0.0,0.0,0.0,0.0,0.0,0.0,0.0,0.0,0.0,0.0,0.0,0.0,0.0,0.0,0.0,0.0,0.0,0.0,0.0,0.0,0.0,0.0,0.0,0.0,0.0,0.0,0.0,0.0,0.0,0.0,0.0,0.0,0.0,0.0,0.0,0.0,0.0,0.0,0.0,0.0,0.9,0.0,0.0,0.0,0.0,0.0,0.0,0.0,0.0,0.0,0.0,0.0,0.0,0.0,0.0,0.0,0.0,0.0,0.0,0.0,0.0,0.0,0.0,0.0,0.0,0.0,0.0,0.0,0.0,0.0,0.0,0.0,0.0,0.0,0.0,0.0,0.0,0.0,0.0,0.0,0.0,0.0,0.0,0.0,0.0,0.0,0.0,0.0,0.0,0.0,0.0,0.0,0.0,0.0,0.0,0.0,0.0,0.0,0.0,0.0,0.0,0.0,0.0,0.0,0.0,0.0,0.0,0.0,0.0,0.0,0.0,0.0,0.0,0.0,0.0,0.0,0.0,0.0,0.0,0.0,0.0,0.0,0.0,0.0,0.0,0.0,0.0,0.0,0.0,0.0,0.0,0.0,0.0,0.0,0.0,0.0",6.5,67352.68359375,964513.63671875,8689.7900390625,168242.56298828125,36.3359375
1791409521.4937034,aggregate_n8_vmnos256_r4:confirmation,6.5,"11.2,11.1,15.2,6.3,5.0,16.5,11.0,18.6,10.2,4.9,15.7,4.1,19.4,8.0,7.1,9.8,8.0,4.9,6.3,15.4,8.2,12.5,7.1,20.6,2.9,4.9,5.8,4.8,1.9,17.3,53.4,100.0,18.8,64.8,11.8,10.9,7.9,18.4,13.7,9.8,12.6,7.4,10.8,10.0,9.4,15.2,13.4,13.3,12.7,9.2,5.0,14.9,23.5,12.4,12.2,11.2,7.9,8.8,6.9,20.2,5.0,4.0,21.9,7.3,1.9,3.8,8.6,5.7,100.0,100.0,100.0,100.0,100.0,100.0,100.0,100.0,0.0,0.0,0.0,0.0,0.0,1.0,0.0,0.0,2.0,0.9,0.0,0.0,0.0,0.0,0.0,0.0,0.0,0.0,0.0,0.0,0.0,0.0,0.0,0.0,0.0,0.9,0.0,0.0,0.0,0.0,0.0,0.0,0.0,0.0,0.0,0.0,0.0,1.9,0.0,0.0,0.0,0.0,0.0,0.0,0.0,0.0,0.0,0.0,0.0,0.0,0.0,0.0,0.0,0.0,0.0,0.0,0.0,0.0,0.0,0.0,0.0,0.0,0.0,0.0,0.0,0.0,0.9,0.0,0.0,0.0,0.0,0.0,0.0,0.0,0.0,0.0,0.0,0.0,0.0,0.0,0.0,0.0,0.0,0.0,0.0,0.0,0.0,0.0,0.0,0.0,0.0,0.0,0.0,0.0,0.0,0.0,0.0,0.0,0.0,0.0,0.0,0.0,0.0,0.0,0.0,0.0,0.0,0.0,0.0,0.0,0.0,0.0,0.0,0.0,0.0,0.0,0.0,0.0,0.0,0.0,0.0,0.0,0.0,0.0,0.0,0.0,0.0,0.0,0.0,0.0,0.0,0.0,0.0,0.0,0.0,0.0,0.0,0.0,0.0,0.0,0.0,0.0,0.0,0.0,0.0,0.0,0.0,0.0,0.0,0.0,0.0,0.0,0.0,0.0,0.0,0.0,0.0,0.0,0.0,0.0,0.0,0.0,0.0,0.0,0.0,0.0,0.0,0.0,0.0,0.0,0.0,0.0,0.0,0.0,0.0,0.0,0.0,0.0,0.0",6.6,68054.80859375,963811.51171875,8689.7900390625,168243.08251953125,36.3359375
1791409522.940052,aggregate_n8_vmnos256_r4:confirmation,5.6,"5.7,7.0,4.1,5.6,5.6,10.9,7.9,6.6,4.3,4.8,6.8,3.5,5.6,11.9,5.6,5.6,6.5,8.3,5.7,12.6,5.0,6.9,6.9,5.7,4.9,7.0,6.4,6.2,2.1,2.7,49.7,34.7,65.3,15.6,8.5,10.4,5.6,9.7,7.0,9.9,11.1,8.2,7.0,7.1,9.9,5.6,5.7,13.3,6.3,11.3,6.3,11.0,11.0,8.6,9.4,5.9,4.2,6.9,10.2,7.5,7.8,9.7,3.4,5.1,5.3,6.0,5.3,3.4,99.3,100.0,99.3,100.0,100.0,100.0,100.0,99.3,0.0,0.0,0.0,0.0,0.0,0.0,0.0,0.0,0.0,0.0,0.0,0.0,0.0,0.0,0.0,0.0,0.0,0.0,0.0,0.0,0.0,0.0,0.0,1.3,6.7,1.3,0.0,0.0,0.0,0.0,0.0,0.0,0.0,0.0,0.0,0.0,0.0,0.0,0.0,0.0,0.0,0.0,0.0,0.0,0.0,0.0,0.0,0.0,0.0,0.0,0.0,0.0,0.0,0.0,0.0,0.0,0.0,0.0,0.0,0.0,0.0,0.0,0.0,0.0,0.0,0.0,0.0,0.0,0.0,0.0,0.0,0.0,0.0,0.0,0.0,0.0,0.0,0.0,0.0,0.0,0.0,0.0,0.0,0.0,0.0,0.0,0.0,0.0,0.0,0.0,0.0,0.0,0.0,0.0,0.0,0.0,0.0,0.0,0.0,0.0,0.0,0.0,0.0,0.0,0.0,0.0,0.0,0.0,0.0,0.0,0.0,0.0,0.0,0.0,0.0,0.0,0.0,0.0,0.0,0.0,0.0,0.0,0.0,0.0,0.0,0.0,0.0,0.0,0.0,0.0,0.0,0.0,0.0,0.0,0.0,0.0,0.7,0.0,0.0,0.0,0.0,0.0,0.0,0.0,0.0,0.0,0.0,0.0,0.0,0.0,0.0,0.0,0.0,0.0,0.0,0.0,0.0,0.0,0.0,0.0,0.0,0.0,0.0,0.0,0.0,0.0,0.0,0.0,0.0,0.0,0.0,0.0,0.0,0.0,0.0,0.0,0.0,0.0,0.0",6.5,67545.046875,964321.2734375,8689.7900390625,168247.77783203125,36.3359375
1791409524.5184815,aggregate_n8_vmnos256_r4:confirmation,6.5,"14.0,20.0,10.3,9.3,19.2,9.2,12.8,11.3,11.3,13.6,11.2,10.8,15.6,11.3,16.2,11.5,9.7,11.0,6.7,8.8,10.8,5.3,8.7,10.2,7.4,8.3,7.1,6.5,8.4,7.2,68.9,42.8,64.2,18.9,10.8,8.5,9.0,11.0,8.4,12.0,10.4,12.2,10.5,9.3,12.6,10.2,13.0,12.8,8.4,9.6,5.3,12.2,9.6,12.4,12.8,7.2,9.8,12.0,7.8,8.4,9.7,7.7,8.5,12.5,4.4,6.8,4.5,4.4,100.0,100.0,100.0,100.0,100.0,100.0,100.0,100.0,0.0,0.0,0.0,0.0,0.0,3.1,0.0,0.0,0.7,0.0,0.0,0.0,0.0,0.0,0.0,0.0,0.0,0.0,0.0,0.0,0.0,0.0,1.2,0.0,0.0,3.1,0.0,0.0,0.0,0.0,0.0,0.0,0.0,0.0,0.0,0.0,0.0,0.0,0.0,0.0,0.0,0.0,0.0,0.0,0.0,0.0,0.0,0.0,0.0,0.0,0.0,0.0,0.0,0.0,0.0,0.0,0.0,0.0,0.0,0.0,0.0,0.0,0.0,0.0,0.0,0.0,0.0,0.0,0.0,0.0,0.0,0.0,0.0,0.0,0.0,0.0,0.0,0.0,0.0,0.0,0.0,0.0,0.0,0.6,0.0,0.0,0.0,0.0,0.0,0.0,0.0,0.0,0.0,0.0,0.0,0.0,0.0,0.0,0.0,0.0,0.0,0.0,0.0,0.0,0.0,0.0,0.0,0.0,0.0,0.0,0.0,0.0,0.0,0.0,0.0,0.0,0.0,0.0,0.0,0.0,0.0,0.0,0.0,0.0,0.0,0.0,0.0,0.0,0.0,0.0,0.0,0.0,0.0,0.0,0.0,0.0,0.0,0.0,0.0,0.0,0.0,0.0,0.0,0.0,0.0,0.0,0.0,0.0,0.0,0.0,0.0,0.0,0.0,0.0,0.0,0.0,0.0,0.0,0.0,0.0,0.0,0.0,0.0,0.0,0.0,0.0,0.0,0.0,0.0,0.0,0.0,0.0,0.0,0.0,0.0,0.0,0.0,0.0,0.0",6.5,67474.4375,964391.8828125,8689.7900390625,168247.78173828125,36.3359375
1791409525.9880412,aggregate_n8_vmnos256_r4:confirmation,6.6,"17.4,7.3,13.2,8.6,9.9,11.8,12.1,9.5,8.4,10.5,10.1,9.5,19.7,17.2,17.8,7.4,6.7,8.5,7.7,9.4,7.8,6.0,19.5,11.0,10.9,7.2,7.5,10.3,8.4,7.2,61.5,15.6,92.4,72.5,7.8,9.1,13.4,7.8,7.7,9.2,9.7,8.1,11.0,14.1,12.6,9.8,14.7,10.5,20.0,9.9,7.9,11.0,9.7,8.4,11.9,7.5,8.1,14.4,8.0,13.7,7.1,8.3,17.0,8.7,5.1,4.4,9.4,15.1,100.0,99.4,100.0,100.0,100.0,99.4,100.0,100.0,0.0,0.0,0.0,0.0,0.0,0.6,0.0,0.0,1.4,0.0,0.0,0.0,0.0,0.0,0.6,0.0,0.0,0.0,0.0,0.0,0.0,0.0,0.0,0.0,0.6,0.0,0.0,0.0,0.0,0.0,0.0,0.0,0.0,0.0,0.0,0.0,0.0,0.6,0.0,0.0,0.0,0.0,0.0,0.0,0.0,0.0,0.0,0.0,0.0,0.0,0.0,0.0,0.0,0.0,0.0,0.0,0.0,0.0,0.0,0.0,0.0,0.0,0.0,0.0,0.0,0.0,0.0,0.0,0.0,0.6,2.5,0.0,0.0,0.0,0.0,0.0,0.0,0.0,0.0,0.0,0.0,0.0,0.0,0.0,0.0,0.0,0.0,0.0,0.0,0.0,0.0,0.0,0.0,0.0,0.0,0.0,0.0,0.0,0.0,0.0,0.0,0.0,0.0,0.0,0.6,0.0,0.0,0.0,0.0,0.0,0.0,0.0,0.0,0.0,0.0,0.0,0.0,0.0,0.0,0.0,0.0,0.0,0.0,0.0,0.0,0.0,0.0,0.0,0.0,0.0,0.0,0.0,0.0,0.0,0.0,0.0,0.0,0.0,0.0,0.0,0.0,0.0,0.0,0.0,0.0,0.0,0.0,0.0,0.0,0.0,0.0,0.0,0.0,0.0,0.0,0.0,0.0,0.0,0.0,0.0,0.0,0.0,0.0,0.0,0.0,0.0,0.0,0.0,0.0,0.0,0.0,0.0,0.0,0.0,0.0,0.0,0.0,0.0,0.0",6.6,67860.2578125,964006.0625,8689.7900390625,168248.04736328125,38.55126953125
1791409527.3456542,aggregate_n8_vmnos256_r4:confirmation,6.9,"20.7,15.2,7.9,10.5,10.7,12.3,9.9,12.0,10.7,9.9,15.2,11.0,16.0,13.1,16.7,17.2,9.4,9.5,10.2,9.4,11.3,9.0,9.6,8.2,9.3,7.9,6.3,8.5,7.1,10.0,100.0,11.5,50.0,74.0,7.8,8.6,7.9,10.2,15.6,9.4,10.4,9.8,8.8,8.9,12.9,12.2,12.8,17.3,9.8,13.4,8.9,13.7,14.7,11.5,15.3,14.6,10.9,13.4,12.5,10.3,12.6,9.4,18.5,13.5,5.4,9.4,7.8,7.0,100.0,100.0,100.0,99.2,100.0,100.0,100.0,100.0,0.0,0.0,0.0,0.0,0.0,0.0,0.0,0.0,0.8,0.0,0.0,0.0,0.0,0.0,0.0,0.0,0.0,0.0,0.0,0.0,0.0,0.0,3.1,0.0,2.3,2.3,0.0,0.0,0.0,0.0,0.0,0.0,0.0,0.0,0.0,0.0,0.0,0.0,0.0,0.0,0.0,0.0,0.0,0.0,0.0,0.0,0.0,0.0,0.0,0.0,0.0,0.0,0.0,0.0,0.0,0.0,0.0,0.0,0.0,0.0,0.0,0.0,0.0,0.0,0.0,0.0,0.0,0.0,0.0,0.0,0.0,0.0,0.0,0.0,0.0,0.0,0.0,0.0,0.0,0.0,0.0,0.0,0.0,0.0,0.0,0.0,0.0,0.0,0.0,0.0,0.0,0.0,0.0,0.0,0.0,0.0,0.0,0.0,0.0,0.0,0.0,0.0,0.0,0.0,0.0,0.0,0.0,0.0,0.0,0.0,0.0,0.0,0.0,0.0,0.0,0.0,0.0,0.0,0.0,0.0,0.0,0.0,0.0,0.0,0.0,0.0,0.0,0.0,0.0,0.0,0.0,0.0,0.0,0.0,0.0,0.0,0.0,0.0,0.0,0.0,0.0,0.0,0.0,0.0,0.0,0.0,0.0,0.0,0.0,0.0,0.0,0.0,0.0,0.0,0.0,0.0,0.0,0.0,0.0,0.0,0.0,0.0,0.0,0.0,0.0,0.0,0.0,0.0,0.0,0.0,0.0,0.0,0.0,0.0,0.0,0.0,0.0,0.0,0.0",6.6,67905.09375,963961.2265625,8689.7900390625,168252.72705078125,38.55126953125
1791409528.664602,aggregate_n8_vmnos256_r4:confirmation,5.1,"12.2,4.4,8.0,5.6,2.4,2.4,2.5,7.2,1.5,3.9,4.0,3.2,3.9,2.3,2.3,1.5,1.5,1.5,0.8,0.0,4.6,3.4,0.8,6.3,2.3,3.1,3.8,2.3,2.3,3.8,99.2,7.6,40.5,87.0,4.6,3.9,5.4,2.3,1.5,3.8,4.0,8.8,1.6,1.5,6.9,3.2,6.5,11.5,4.8,5.0,1.6,8.3,5.7,3.3,8.1,4.8,4.7,5.5,1.5,2.4,7.9,5.6,2.4,5.6,0.8,3.0,0.0,0.0,100.0,100.0,100.0,100.0,100.0,100.0,100.0,100.0,0.0,0.0,0.0,0.0,0.0,0.0,0.0,0.0,0.0,0.0,0.0,0.0,0.0,0.0,0.0,0.0,0.0,0.0,0.0,0.0,0.0,0.0,6.8,0.0,6.0,6.1,0.0,0.0,0.0,0.0,0.0,0.0,0.0,0.0,0.0,0.0,0.0,0.0,0.0,0.0,0.0,0.0,0.0,0.0,0.0,0.0,0.0,0.0,0.0,0.0,0.0,0.0,0.0,0.0,0.0,0.0,0.0,0.0,0.0,0.0,0.0,0.0,0.0,0.0,0.0,0.0,0.0,0.0,0.0,0.0,0.0,0.0,0.0,0.0,0.0,0.0,0.0,0.0,0.0,0.0,0.0,0.0,0.0,0.0,0.0,0.0,0.0,0.0,0.0,0.0,0.0,0.0,0.0,0.0,0.0,0.0,0.0,0.0,0.0,0.0,0.0,0.0,0.0,0.0,0.0,0.0,0.0,0.0,0.0,0.0,0.0,0.0,0.0,0.0,0.0,0.0,0.0,0.0,0.0,0.0,0.0,0.0,0.0,0.0,0.0,0.0,0.0,0.0,0.0,0.0,0.0,0.0,0.0,0.0,0.0,0.0,0.0,0.0,0.0,0.0,0.0,0.0,0.0,0.0,0.0,0.0,0.0,0.0,0.0,0.0,0.0,0.0,0.0,0.0,0.0,0.0,0.0,0.0,0.0,0.0,0.0,0.0,0.0,0.0,0.0,0.0,0.0,0.0,0.0,0.0,0.0,0.0,0.0,0.0,0.0,0.0,0.0,0.0,0.0",6.6,67701.046875,964165.2734375,8689.7900390625,168252.72705078125,38.55126953125
1791409530.0725737,aggregate_n8_vmnos256_r4:confirmation,6.5,"13.9,11.1,10.2,13.1,9.8,8.5,15.2,12.1,9.6,16.7,8.1,5.2,12.6,13.1,16.8,15.8,10.2,12.9,13.6,6.8,9.0,9.0,9.8,16.1,4.4,7.4,6.6,7.9,8.0,5.2,99.3,2.1,25.2,40.3,11.0,11.1,6.7,12.3,10.0,9.8,7.8,11.2,10.8,14.9,12.0,9.8,12.0,15.9,7.6,13.4,10.0,11.7,11.8,11.2,10.1,11.5,17.7,10.2,9.3,8.6,12.9,11.5,8.1,9.5,5.0,8.0,5.0,6.4,100.0,99.3,100.0,100.0,100.0,100.0,100.0,100.0,0.0,0.0,0.0,0.0,0.0,0.0,0.0,0.0,0.0,0.0,0.0,0.0,0.0,0.0,0.0,0.0,0.0,0.0,0.0,0.0,0.0,0.0,0.0,0.0,0.0,0.0,0.0,0.0,0.0,0.0,0.0,0.0,0.0,0.0,0.0,0.0,0.0,0.0,0.0,0.0,0.0,0.0,0.0,0.0,0.0,0.0,0.0,0.0,0.0,0.0,0.0,0.0,0.0,0.0,0.0,0.0,0.0,0.0,0.0,0.0,0.0,0.0,0.0,0.0,0.0,0.0,0.0,0.0,0.0,0.0,0.0,0.0,0.0,0.0,0.0,0.0,0.0,0.0,0.0,0.0,0.0,0.0,0.0,0.0,0.0,0.0,0.0,0.0,0.0,0.0,0.0,0.0,0.0,0.0,0.0,0.0,0.0,0.0,0.0,0.0,0.0,0.0,0.0,0.0,0.0,0.0,0.0,0.0,0.0,0.0,0.0,0.7,0.0,0.0,0.0,0.0,0.0,0.0,0.0,0.0,0.0,0.0,0.0,0.0,0.0,0.0,0.0,0.0,0.0,0.0,0.0,0.0,0.0,0.0,0.0,0.0,0.0,0.0,0.0,0.0,0.0,0.0,0.0,0.0,0.0,0.0,0.0,0.0,0.0,0.0,0.0,0.0,0.0,0.0,0.0,0.0,0.0,0.0,0.0,0.0,0.0,0.0,0.0,0.0,0.0,0.0,0.0,0.0,0.0,0.0,0.0,0.0,0.0,0.0,0.0,0.0,0.0,0.0,0.0",6.6,68092.5859375,963773.734375,8689.7900390625,168252.72705078125,38.55126953125
1791409531.4208422,aggregate_n8_vmnos256_r4:confirmation,6.7,"14.3,16.0,12.1,11.1,10.8,20.6,15.1,22.6,12.3,19.0,8.4,13.0,13.8,18.3,13.1,16.7,10.4,14.7,14.2,13.8,10.1,16.5,14.6,14.4,14.4,31.5,18.1,15.9,15.5,19.6,18.0,13.8,64.9,32.1,13.5,8.4,9.3,10.3,11.2,7.8,11.8,11.8,11.4,9.3,11.8,15.2,15.6,38.9,11.1,9.4,9.4,15.7,11.7,12.0,16.8,8.5,10.2,9.3,12.8,10.9,17.3,11.3,10.1,20.4,8.8,10.5,6.4,9.9,100.0,100.0,100.0,100.0,100.0,100.0,100.0,100.0,0.0,0.0,0.0,0.0,0.0,0.9,0.0,0.0,1.9,0.0,0.0,0.0,0.0,0.0,0.0,0.0,0.0,0.0,0.0,0.0,0.0,0.0,0.9,0.9,0.9,0.9,0.0,0.0,0.0,0.0,0.0,0.0,0.0,0.0,0.0,0.0,0.0,0.0,0.0,0.0,0.0,0.0,0.0,0.0,0.0,0.0,0.0,0.0,0.0,0.0,0.0,0.0,0.0,0.0,0.0,0.0,0.0,0.0,0.0,0.0,0.0,0.0,0.0,0.0,0.0,0.0,0.0,0.0,0.0,0.0,0.0,0.0,0.0,0.0,0.0,0.0,0.0,0.0,0.0,0.0,0.0,0.0,0.0,0.9,0.0,0.0,0.0,0.0,0.0,0.0,0.0,0.0,0.0,0.0,0.0,0.0,0.0,0.0,0.0,0.0,0.0,0.0,0.0,0.0,0.0,0.0,0.0,0.0,0.0,0.0,0.0,0.0,0.0,0.0,0.0,0.0,0.0,0.0,0.0,0.0,0.0,0.0,0.0,0.0,0.0,0.0,0.0,0.0,0.0,0.0,0.0,0.0,0.0,0.0,0.0,0.0,0.0,0.0,0.0,0.0,0.0,0.0,0.0,0.0,0.0,0.0,0.0,0.0,0.0,0.0,0.0,0.0,0.0,0.0,0.0,0.0,0.0,0.0,0.0,0.0,0.0,0.0,0.0,0.0,0.0,0.0,0.0,0.0,0.0,0.0,0.0,0.0,0.0,0.0,0.0,0.0,0.0,0.0,0.0",6.6,67922.6015625,963943.71875,8689.7900390625,168253.23876953125,37.0654296875
1791409532.4818552,aggregate_n8_vmnos256_r4:confirmation,5.0,"10.4,2.8,1.8,4.5,1.8,5.7,5.9,5.8,3.6,10.4,3.7,1.8,2.7,4.6,3.8,8.5,0.9,1.7,0.9,0.9,3.7,7.5,5.6,1.9,12.0,4.6,1.8,4.8,7.5,6.4,9.6,25.7,14.2,73.7,0.9,2.7,3.5,9.9,3.6,5.3,2.7,1.8,6.2,2.7,1.8,6.5,10.0,13.5,5.6,4.7,4.4,7.5,10.8,8.7,17.9,8.4,2.0,6.5,5.4,1.8,4.8,4.5,7.5,5.5,16.7,0.0,2.6,0.9,100.0,100.0,99.1,100.0,100.0,100.0,100.0,100.0,0.0,0.0,0.0,0.0,0.0,0.9,0.0,0.0,0.9,0.0,0.0,0.0,0.0,0.0,0.0,0.0,0.0,0.0,0.0,0.0,0.0,0.0,0.9,0.9,1.7,1.7,0.0,0.0,0.0,0.0,0.0,0.0,0.0,0.0,0.0,0.0,0.0,0.0,0.0,0.0,0.0,0.0,0.0,0.0,0.0,0.0,0.0,0.0,0.0,0.0,0.0,0.0,0.0,0.0,0.0,0.0,0.0,0.0,0.0,0.0,0.0,0.0,0.0,0.0,0.0,0.0,0.0,0.0,0.0,0.0,0.0,0.0,0.0,0.0,0.0,0.0,0.9,0.0,0.0,0.0,0.0,0.0,0.0,0.9,0.0,0.0,0.0,0.0,0.0,0.0,0.0,0.0,0.0,0.0,0.0,0.0,0.0,0.0,0.0,0.0,0.0,0.0,0.0,0.0,0.0,0.0,0.0,0.0,0.0,0.0,0.0,0.0,0.0,0.0,0.0,0.0,0.0,0.0,0.0,0.0,0.0,0.0,0.0,0.0,0.0,0.0,0.0,0.0,0.0,0.0,0.0,0.0,0.0,0.0,0.0,0.0,0.0,0.0,0.0,0.0,0.0,0.0,0.0,0.0,0.0,0.0,0.0,0.0,0.0,0.0,0.0,0.0,0.0,0.0,0.0,0.0,0.0,0.0,0.0,0.0,0.0,0.0,0.0,0.0,0.0,0.0,0.0,0.0,0.0,0.0,0.0,0.0,0.0,0.0,0.0,0.0,0.0,0.0,0.0",6.6,67736.03515625,964130.28515625,8689.7900390625,168259.39892578125,37.0654296875
1791409533.6930163,aggregate_n8_vmnos256_r4:confirmation,6.7,"17.6,16.3,7.6,16.8,10.7,10.6,11.3,10.8,11.2,17.3,13.3,8.7,13.3,13.3,9.0,12.4,15.1,11.2,8.6,6.9,11.1,11.3,11.7,14.0,8.4,4.8,5.7,8.4,18.5,9.4,49.5,46.8,9.3,74.8,13.3,10.7,10.5,13.3,11.4,13.2,10.6,9.8,9.4,13.2,15.6,16.3,18.5,10.6,7.8,12.9,13.3,12.6,13.0,17.6,16.8,11.5,10.6,14.8,19.6,12.0,12.6,11.3,14.2,11.8,11.0,9.2,9.3,7.3,99.1,100.0,100.0,100.0,100.0,100.0,100.0,100.0,0.0,0.0,0.0,0.0,0.0,0.9,0.9,0.0,1.9,0.0,0.0,0.0,0.0,0.0,0.0,0.0,0.0,0.0,0.0,0.0,0.0,0.0,0.9,0.0,0.0,0.0,0.9,0.0,0.0,0.0,0.0,0.0,0.0,0.0,0.0,0.0,0.0,0.0,0.0,0.0,0.0,0.0,0.0,0.0,0.0,0.0,0.0,0.0,0.0,0.0,0.0,0.0,0.0,0.0,0.0,0.0,0.0,0.0,0.0,0.0,0.0,0.0,0.0,0.0,0.0,0.0,0.0,0.0,0.0,0.0,0.0,0.0,0.0,0.0,0.0,0.0,0.0,0.0,0.0,0.0,0.0,0.0,0.0,0.9,0.0,0.0,0.0,0.0,0.0,0.0,0.0,0.0,0.0,0.0,0.0,0.0,0.0,0.0,0.0,0.0,0.0,0.9,0.0,0.0,0.0,0.0,0.0,0.0,0.0,0.0,0.0,0.0,0.0,0.0,0.0,0.0,0.0,0.0,0.0,0.0,0.0,0.0,0.0,0.0,0.0,0.0,0.0,0.0,0.0,0.0,0.0,0.0,0.0,0.0,0.0,0.0,0.0,0.0,0.0,0.0,0.0,0.0,0.0,0.0,0.0,0.0,0.0,0.0,0.0,0.0,0.0,0.0,0.0,0.0,0.0,0.0,0.9,0.0,0.0,0.0,0.0,0.0,0.0,0.0,0.0,0.0,0.0,0.0,0.0,0.0,0.0,0.0,0.0,0.0,0.0,0.0,0.0,0.0,0.0",6.6,68370.578125,963495.7421875,8689.7900390625,168259.39892578125,37.0654296875
1791409534.697743,aggregate_n8_vmnos256_r4:confirmation,5.1,"8.3,5.2,4.1,4.1,5.3,6.3,3.3,6.6,1.0,0.0,3.1,4.1,1.1,0.0,7.8,1.0,8.7,4.3,4.3,3.2,4.3,6.6,5.3,5.5,0.0,2.0,0.0,2.0,1.0,2.0,94.0,43.9,0.0,73.7,2.0,23.7,2.0,3.1,2.1,6.2,6.2,3.1,3.0,2.0,2.1,10.0,5.4,4.3,5.4,10.9,10.6,11.2,15.4,9.8,13.5,5.4,3.1,3.1,4.1,2.1,5.4,6.1,1.0,4.0,2.0,0.0,2.0,1.0,100.0,100.0,100.0,100.0,100.0,100.0,99.0,100.0,0.0,0.0,0.0,0.0,0.0,1.0,0.0,0.0,0.0,0.0,0.0,0.0,0.0,0.0,0.0,0.0,0.0,0.0,0.0,0.0,0.0,0.0,0.0,0.0,0.0,0.0,0.0,0.0,0.0,0.0,0.0,0.0,0.0,0.0,0.0,0.0,0.0,0.0,0.0,0.0,0.0,0.0,0.0,0.0,0.0,0.0,0.0,0.0,0.0,0.0,0.0,0.0,0.0,0.0,0.0,0.0,0.0,0.0,0.0,0.0,0.0,0.0,0.0,0.0,0.0,0.0,0.0,0.0,0.0,0.0,0.0,0.0,0.0,0.0,0.0,0.0,0.0,0.0,0.0,0.0,0.0,0.0,0.0,0.0,0.0,0.0,0.0,0.0,0.0,0.0,0.0,0.0,0.0,0.0,0.0,0.0,0.0,0.0,0.0,0.0,0.0,0.0,0.0,0.0,0.0,0.0,0.0,0.0,0.0,0.0,0.0,0.0,0.0,0.0,0.0,0.0,0.0,0.0,0.0,0.0,0.0,0.0,0.0,0.0,0.0,0.0,0.0,0.0,0.0,0.0,0.0,0.0,0.0,0.0,0.0,0.0,0.0,0.0,0.0,0.0,0.0,0.0,0.0,0.0,0.0,0.0,0.0,0.0,0.0,0.0,0.0,0.0,0.0,0.0,0.0,0.0,0.0,0.0,0.0,0.0,0.0,0.0,0.0,0.0,0.0,0.0,0.0,0.0,0.0,0.0,0.0,0.0,0.0,0.0,0.0,0.0,0.0,0.0,0.0",6.6,68051.5078125,963814.8125,8689.7900390625,168259.39892578125,37.0654296875
1791409535.7031667,aggregate_n8_vmnos256_r4:confirmation,8.4,"18.2,25.0,23.2,20.0,21.6,16.5,17.5,12.4,15.6,15.2,20.6,13.8,22.9,10.8,16.8,15.6,14.4,16.7,16.3,18.6,14.3,18.7,19.6,25.0,14.1,7.1,14.3,13.4,10.5,13.1,33.0,99.0,50.5,65.0,15.0,15.5,10.3,13.0,15.6,13.7,18.6,14.6,13.5,18.8,19.6,15.8,13.5,19.8,14.6,22.7,17.0,17.9,21.1,16.5,13.8,13.7,15.3,19.0,17.5,15.3,25.5,40.8,15.5,19.8,14.1,9.1,23.2,9.1,100.0,100.0,100.0,100.0,100.0,100.0,100.0,100.0,0.0,0.0,0.0,0.0,0.0,0.0,0.0,0.0,0.0,0.0,0.0,0.0,0.0,0.0,0.0,4.0,0.0,0.0,0.0,0.0,0.0,0.0,3.0,4.0,6.1,2.0,0.0,0.0,0.0,0.0,0.0,0.0,0.0,0.0,0.0,0.0,0.0,2.0,0.0,0.0,0.0,0.0,0.0,0.0,0.0,0.0,0.0,0.0,0.0,0.0,0.0,0.0,0.0,0.0,0.0,0.0,0.0,0.0,0.0,0.0,0.0,0.0,0.0,0.0,0.0,0.0,0.0,0.0,0.0,0.0,0.0,0.0,0.0,0.0,0.0,0.0,0.0,0.0,0.0,0.0,0.0,0.0,0.0,1.0,0.0,0.0,0.0,0.0,0.0,0.0,0.0,0.0,0.0,0.0,0.0,0.0,0.0,0.0,0.0,0.0,0.0,0.0,0.0,0.0,0.0,0.0,0.0,0.0,0.0,0.0,0.0,0.0,0.0,0.0,0.0,0.0,0.0,0.0,0.0,0.0,0.0,0.0,0.0,0.0,0.0,0.0,0.0,0.0,0.0,0.0,0.0,0.0,0.0,0.0,0.0,0.0,0.0,0.0,0.0,0.0,0.0,0.0,0.0,0.0,0.0,0.0,0.0,0.0,0.0,0.0,0.0,0.0,0.0,0.0,0.0,0.0,0.0,0.0,0.0,0.0,0.0,0.0,0.0,0.0,0.0,0.0,0.0,0.0,0.0,0.0,0.0,0.0,0.0,0.0,0.0,0.0,0.0,0.0,0.0",6.6,68038.234375,963828.0859375,8689.7900390625,168259.39892578125,38.021484375
1791409536.733312,aggregate_n8_vmnos256_r4:confirmation,4.9,"10.9,1.0,1.9,4.0,2.9,7.8,5.9,4.2,3.0,4.1,7.2,5.3,5.0,7.2,5.9,8.1,2.0,1.9,0.9,1.0,2.9,3.0,1.0,1.9,2.0,3.1,5.8,6.1,7.9,6.2,4.8,23.1,56.4,92.3,1.9,3.8,4.7,1.0,1.0,1.9,2.9,2.9,1.0,1.9,1.9,1.9,1.0,1.0,0.0,4.1,6.9,14.9,4.3,5.0,12.0,2.0,1.0,9.1,5.0,3.0,4.1,6.9,4.3,4.1,1.0,0.0,0.0,0.9,100.0,100.0,100.0,100.0,100.0,100.0,100.0,100.0,0.0,0.0,0.0,0.0,0.0,1.0,0.0,0.0,0.0,0.0,0.0,0.0,0.0,0.0,0.0,0.0,0.0,0.0,0.0,0.0,0.0,0.0,0.0,0.0,29.0,0.0,0.0,0.0,0.0,0.0,0.0,0.0,0.0,0.0,0.0,0.0,0.0,0.0,0.0,0.0,0.0,0.0,0.0,0.0,0.0,0.0,0.0,0.0,0.0,0.0,0.0,0.0,0.0,0.0,0.0,0.0,0.0,0.0,0.0,0.0,0.0,0.0,0.0,0.0,0.0,0.0,0.0,0.0,0.0,0.0,0.0,0.0,0.0,0.0,0.0,0.0,0.0,0.0,0.0,0.0,0.0,0.0,0.0,0.0,0.0,0.0,0.0,0.0,0.0,0.0,0.0,0.0,0.0,0.0,0.0,0.0,0.0,0.0,0.0,0.0,0.0,0.0,0.0,0.0,0.0,0.0,0.0,0.0,0.0,0.0,0.0,0.0,0.0,0.0,0.0,0.0,0.0,0.0,0.0,0.0,0.0,0.0,0.0,0.0,0.0,0.0,0.0,0.0,0.0,0.0,0.0,0.0,0.0,0.0,0.0,0.0,0.0,0.0,0.0,0.0,0.0,0.0,0.0,0.0,0.0,0.0,0.0,0.0,0.0,0.0,0.0,0.0,0.0,0.0,0.0,0.0,0.0,0.0,0.0,0.0,0.0,0.0,0.0,0.0,0.0,0.0,0.0,0.0,0.0,0.0,0.0,0.0,0.0,0.0,0.0,0.0,0.0,0.0,0.0",6.6,68148.58984375,963717.73046875,8689.7900390625,168259.69580078125,38.021484375
1791409537.8013146,aggregate_n8_vmnos256_r4:confirmation,6.6,"19.0,8.9,9.2,9.3,9.0,7.8,12.7,12.4,10.4,7.0,8.3,12.3,10.0,8.5,16.3,11.0,5.5,9.2,11.6,7.6,6.8,10.7,7.9,11.9,8.3,7.5,9.7,7.5,14.0,9.0,71.9,60.6,39.8,41.6,7.8,7.8,7.8,12.8,9.4,9.2,5.6,8.5,12.2,9.0,7.8,7.0,11.1,13.4,7.6,13.1,7.0,14.0,12.3,19.4,15.2,7.6,8.4,11.8,7.8,7.0,8.2,10.0,10.1,15.5,7.5,5.9,4.5,8.1,100.0,100.0,100.0,99.3,100.0,100.0,100.0,100.0,0.0,0.0,0.0,0.0,0.0,0.0,0.0,0.0,1.5,0.0,0.0,0.0,0.0,0.0,0.0,0.0,0.0,0.0,0.0,0.0,0.0,0.7,0.7,0.0,0.0,0.7,0.0,0.0,0.0,0.0,0.0,0.0,0.0,0.0,0.0,0.0,0.0,0.0,0.0,0.0,0.0,0.0,0.0,0.0,0.0,0.0,0.0,0.0,0.0,0.0,0.0,0.0,0.0,0.0,0.0,0.0,0.0,0.0,0.0,0.0,0.0,0.0,0.0,0.0,0.0,0.0,0.0,0.0,0.0,0.0,0.0,0.0,0.0,0.0,0.0,0.0,0.0,0.0,0.0,0.0,0.0,0.0,0.0,0.8,0.0,0.0,0.0,0.0,0.0,0.0,0.0,0.0,0.0,0.0,0.0,0.0,0.0,0.0,0.0,0.0,0.0,0.0,0.0,0.0,0.0,0.0,0.0,0.0,0.0,0.0,0.0,0.0,0.0,0.0,0.0,0.0,0.0,0.0,0.0,0.0,0.0,0.0,0.0,0.0,0.0,0.0,0.0,0.0,0.0,0.0,0.0,0.0,0.0,0.0,0.0,0.0,0.0,0.0,0.0,0.0,0.0,0.0,0.0,0.0,0.0,0.0,0.0,0.0,0.0,0.0,0.0,0.0,0.0,0.0,0.0,0.0,0.0,0.0,0.0,0.0,0.0,0.0,0.0,0.0,0.0,0.0,0.0,0.0,0.0,0.0,0.0,0.0,0.0,0.0,0.0,0.0,0.0,0.0,0.0",6.6,68150.54296875,963715.77734375,8689.7900390625,168265.87939453125,38.021484375
1791409539.6124506,aggregate_n8_vmnos256_r4:confirmation,6.8,"17.1,16.0,9.5,14.5,12.7,10.1,9.1,11.9,10.4,13.8,15.1,11.8,7.6,9.5,13.7,13.7,17.4,12.7,16.7,11.3,16.1,16.4,14.1,13.0,11.3,10.1,9.4,15.5,15.0,10.6,48.8,44.1,49.4,45.8,10.2,11.5,9.4,10.8,9.7,12.7,12.8,12.1,11.3,13.7,10.6,17.9,10.6,22.5,9.7,11.1,9.6,11.7,18.2,12.9,11.1,10.1,12.4,14.6,10.0,12.5,13.7,9.0,10.0,12.9,9.4,8.7,8.0,13.0,99.4,100.0,100.0,100.0,99.4,100.0,100.0,100.0,0.0,0.0,0.0,0.0,0.0,0.6,0.0,0.0,0.6,0.0,0.0,0.0,0.0,0.0,0.0,0.0,0.0,0.0,0.0,0.0,0.0,0.0,0.6,0.0,0.0,0.6,0.0,0.0,0.0,0.0,0.0,0.0,0.0,0.0,0.0,0.0,0.0,0.0,0.0,0.0,0.0,0.0,0.0,0.0,0.0,0.0,0.0,0.0,0.0,0.0,0.0,0.0,0.0,0.0,0.0,0.0,0.0,0.0,0.0,0.0,0.0,0.0,0.0,0.0,0.0,0.0,0.0,0.0,0.0,0.0,0.0,0.0,0.0,0.0,0.0,0.0,0.0,0.0,0.0,0.0,0.0,0.0,0.0,0.6,0.0,0.0,0.0,0.0,0.0,0.0,0.0,0.0,0.0,0.0,0.0,0.0,0.0,0.0,0.0,0.0,0.0,0.0,0.0,0.0,0.0,0.0,0.0,0.0,0.0,0.0,0.0,0.0,0.0,0.0,0.0,0.0,0.0,0.0,0.0,0.0,0.0,0.0,0.0,0.0,0.0,0.0,0.0,0.0,0.0,0.0,0.0,0.0,0.0,0.0,0.0,0.0,0.0,0.0,0.0,0.0,0.0,0.0,0.0,0.0,0.0,0.0,0.0,0.0,0.0,0.0,0.0,0.0,0.0,0.0,0.0,0.0,0.0,0.0,0.0,0.0,0.0,0.0,0.0,0.0,0.0,0.0,0.0,0.0,0.0,0.0,0.0,0.0,0.0,0.0,0.0,0.0,0.0,0.0,0.0",6.6,68394.75,963471.5703125,8689.7900390625,168265.87939453125,38.021484375
1791409541.023572,aggregate_n8_vmnos256_r4:confirmation,5.2,"7.1,4.6,2.9,4.6,3.7,3.7,10.2,6.2,3.8,3.9,5.3,2.3,2.3,4.7,3.1,10.5,4.6,11.9,4.6,6.1,3.1,7.0,3.9,7.0,1.5,1.5,3.6,1.5,5.2,1.5,95.6,84.6,82.1,36.4,6.0,4.4,2.3,4.5,5.3,3.7,0.7,3.8,3.0,0.8,0.7,0.8,2.9,1.5,6.2,7.1,3.0,11.3,7.8,12.7,7.7,5.6,5.3,10.0,8.5,4.5,3.0,3.0,1.5,6.2,2.2,2.2,2.9,3.7,100.0,99.3,100.0,100.0,100.0,100.0,100.0,100.0,0.0,0.0,0.0,0.0,0.0,0.7,0.0,0.7,0.0,0.0,0.0,0.0,0.0,0.0,0.0,0.0,0.0,0.0,0.0,0.0,0.0,0.0,0.7,1.5,0.7,1.5,0.0,0.0,0.0,0.0,0.0,0.0,0.0,0.0,0.0,0.0,0.0,0.0,0.0,0.0,0.0,0.0,0.0,0.0,0.0,0.0,0.0,0.0,0.0,0.0,0.0,0.0,0.0,0.0,0.0,0.0,0.0,0.0,0.0,0.0,0.0,0.0,0.0,0.0,0.0,0.0,0.0,0.0,0.0,0.0,0.0,0.0,0.0,0.0,0.0,0.0,0.0,0.0,0.0,0.0,0.0,0.0,0.0,0.0,0.0,0.0,0.0,0.0,0.0,0.0,0.0,0.0,0.0,0.0,0.0,0.0,0.0,0.0,0.0,0.0,0.0,0.0,0.0,0.0,0.0,0.0,0.0,0.0,0.0,0.0,0.0,0.0,0.0,0.0,0.0,0.0,0.0,0.0,0.0,0.0,0.0,0.0,0.0,0.0,0.0,0.0,0.0,0.0,0.0,0.0,0.0,0.0,0.0,0.0,0.0,0.0,0.0,0.0,0.0,0.0,0.0,0.0,0.0,0.0,0.0,0.0,0.0,0.0,0.0,0.0,0.0,0.0,0.0,0.0,0.0,0.0,0.0,0.0,0.0,0.0,0.0,0.0,0.0,0.0,0.0,0.0,0.0,0.0,0.0,0.0,0.0,0.0,0.0,0.0,0.0,0.0,0.0,0.0,0.0",6.6,68319.94140625,963546.37890625,8689.7900390625,168266.48095703125,36.658203125
1791409542.2986336,aggregate_n8_vmnos256_r4:confirmation,8.2,"24.0,14.4,17.4,13.4,16.8,8.1,9.6,14.7,12.5,18.5,15.5,11.7,13.5,17.5,15.2,17.7,16.7,17.0,16.8,19.5,19.8,19.6,22.4,15.2,12.2,12.2,13.7,8.2,12.8,14.5,44.4,50.4,63.5,99.2,13.9,13.9,12.2,13.7,12.3,11.5,17.8,14.3,13.3,18.9,16.2,22.3,14.0,16.4,11.3,11.2,8.0,25.2,14.2,16.1,12.5,14.5,13.3,13.3,18.3,15.5,19.6,19.1,22.6,14.7,12.0,13.0,12.8,12.2,100.0,100.0,99.2,100.0,100.0,100.0,100.0,100.0,0.0,0.0,0.0,0.0,0.0,0.9,0.0,0.0,0.9,0.0,0.0,0.0,0.0,0.0,0.0,0.0,0.0,0.0,3.4,0.0,0.0,0.0,0.0,0.0,0.0,0.0,0.0,0.0,0.0,0.0,0.0,0.0,0.0,0.0,0.0,0.0,0.0,1.7,0.0,0.0,0.0,0.0,0.0,0.0,0.0,0.0,0.0,0.0,0.0,0.0,0.0,0.0,0.0,0.0,0.0,0.0,0.0,0.0,0.0,0.0,0.0,0.0,0.0,0.0,0.0,0.0,0.0,0.0,0.0,0.8,0.0,0.0,0.0,0.0,0.0,0.0,0.0,0.0,0.0,0.0,0.0,0.0,0.0,0.9,0.0,0.0,0.0,0.0,0.0,0.0,0.0,0.0,0.0,0.0,0.0,0.0,0.0,0.0,0.0,0.0,0.0,0.0,0.0,0.0,0.0,0.0,0.0,0.0,0.0,0.0,0.0,0.0,0.0,0.0,0.0,0.0,0.0,0.0,0.0,0.0,0.0,0.0,0.0,0.0,0.0,0.0,0.0,0.0,0.0,0.0,0.0,0.0,0.0,0.0,0.0,0.0,0.0,0.0,0.0,0.0,0.0,0.0,0.0,0.0,0.0,0.0,0.0,0.0,0.0,0.0,0.0,0.0,0.0,0.0,0.0,0.0,0.0,0.0,0.0,0.0,0.0,0.0,0.0,0.0,0.0,0.0,0.0,0.0,0.0,0.0,0.0,0.0,0.0,0.0,0.0,0.0,0.0,0.0,0.0",6.6,68334.4453125,963531.875,8689.7900390625,168266.48095703125,36.658203125
1791409543.3527193,aggregate_n8_vmnos256_r4:confirmation,6.2,"13.5,13.5,6.9,9.0,7.1,5.8,7.1,13.4,13.4,13.5,9.3,5.0,9.9,6.8,8.8,13.4,5.9,10.1,4.9,7.1,8.2,19.0,9.2,13.7,4.8,5.8,5.7,5.8,4.8,3.8,60.4,67.9,58.8,100.0,2.9,6.5,3.0,2.9,5.8,3.9,5.1,6.1,10.4,6.2,6.1,9.8,11.7,13.4,5.8,8.2,5.9,8.2,12.1,15.0,9.9,5.1,14.3,4.9,9.0,8.7,13.9,5.9,6.8,6.7,7.5,5.7,3.9,3.9,100.0,100.0,100.0,100.0,100.0,100.0,100.0,100.0,0.0,0.0,0.0,0.0,0.0,1.0,0.0,0.0,1.0,0.9,0.0,0.0,0.0,0.0,0.0,0.0,0.0,0.0,0.0,0.0,0.0,0.0,0.0,0.0,0.0,0.0,0.0,0.0,0.0,0.0,0.0,0.0,0.0,0.0,0.0,0.0,0.0,0.0,0.0,0.0,0.0,0.0,0.0,0.0,0.0,0.0,0.0,0.0,0.0,0.0,0.0,0.0,0.0,0.0,0.0,0.0,0.0,0.0,0.0,0.0,0.0,0.0,0.0,0.0,0.0,0.0,0.0,0.0,0.0,0.0,0.0,0.0,0.0,0.0,0.0,0.0,0.9,0.0,0.0,0.0,0.0,0.0,0.0,2.8,0.0,0.0,0.0,0.0,0.0,0.0,0.0,0.0,0.0,0.0,0.0,0.0,0.0,0.0,0.0,0.0,0.0,0.0,0.0,0.0,0.0,0.0,0.0,0.0,0.0,0.0,0.0,0.0,0.0,0.0,0.0,0.0,0.0,0.0,0.0,0.0,0.0,0.0,0.0,0.0,0.0,0.0,0.0,0.0,0.0,0.0,0.0,0.0,0.0,0.0,0.0,0.0,0.0,0.0,0.0,0.0,0.0,0.0,0.0,0.0,0.0,0.0,0.0,0.0,0.0,0.0,0.0,0.0,0.0,0.0,0.0,0.0,0.0,0.0,0.0,0.0,0.0,0.0,0.0,0.0,0.0,0.0,0.0,0.0,0.0,0.0,0.0,0.0,0.0,0.0,0.0,0.0,0.0,0.0,0.0",6.6,68170.53125,963695.7890625,8689.7900390625,168271.15283203125,36.658203125
1791409544.482214,aggregate_n8_vmnos256_r4:confirmation,5.9,"10.8,3.9,8.1,5.6,11.5,5.6,2.9,4.7,3.9,4.8,7.6,3.7,6.7,7.8,5.9,10.7,5.6,11.1,10.6,6.7,7.5,2.8,8.5,4.8,4.7,7.4,4.6,5.7,4.9,5.6,8.4,60.2,67.3,99.1,0.9,4.7,8.3,7.4,4.8,3.8,8.9,14.4,5.7,8.3,7.9,17.6,8.7,13.3,6.5,13.7,3.8,14.9,6.0,5.7,6.6,4.7,6.9,11.1,2.9,7.5,11.5,10.9,6.5,6.8,2.8,1.9,2.8,4.6,99.1,100.0,100.0,100.0,100.0,99.1,100.0,100.0,0.0,0.0,0.0,0.0,0.0,1.9,0.0,0.0,0.0,0.0,0.0,0.0,0.0,0.0,0.0,0.0,0.0,0.0,0.0,0.0,0.0,0.0,0.0,0.0,0.0,0.0,0.0,0.0,0.0,0.0,0.0,0.0,0.0,0.0,0.0,0.0,0.0,0.0,0.0,0.0,0.0,0.0,0.0,0.0,0.0,0.0,0.0,0.0,0.0,0.0,0.0,0.0,0.0,0.0,0.0,0.0,0.0,0.0,0.0,0.0,0.0,0.0,0.0,0.0,0.0,0.0,0.0,0.0,0.0,0.0,0.0,0.0,0.0,0.0,0.0,0.0,0.0,0.0,0.0,0.0,0.0,0.0,0.0,0.0,0.9,0.0,0.0,0.0,0.0,0.0,0.0,0.0,0.0,2.7,0.0,0.0,0.0,0.0,0.0,0.0,0.0,0.0,0.0,0.0,0.0,0.0,0.0,0.0,0.0,0.0,0.0,0.0,0.0,0.0,0.0,0.0,0.0,0.0,0.0,0.0,0.0,0.0,0.0,0.0,0.0,0.0,0.0,0.0,0.0,0.0,0.0,0.0,0.0,0.0,0.0,0.0,0.0,0.0,0.0,0.0,0.0,0.0,0.0,0.0,0.0,0.0,0.0,0.0,0.0,0.0,0.0,0.0,0.0,0.0,0.0,0.0,0.0,0.0,0.0,0.0,0.0,0.0,0.0,0.0,0.0,0.0,0.0,0.0,0.0,0.0,0.0,0.0,0.0,0.0,0.0,0.0,0.0,0.0,0.0",6.7,68973.76171875,962892.55859375,8689.7900390625,168271.15283203125,36.658203125
1791409545.513621,aggregate_n8_vmnos256_r4:confirmation,6.8,"25.8,9.6,11.5,7.6,7.5,8.7,11.7,7.7,13.2,11.7,11.0,13.6,12.5,12.4,16.3,13.6,11.8,14.0,21.4,19.0,7.7,4.8,12.3,18.6,4.7,5.7,5.7,3.8,5.7,6.5,25.5,85.5,44.0,67.9,13.5,12.1,7.8,6.7,10.5,9.8,12.1,13.7,15.2,11.7,14.9,20.2,11.5,11.1,6.9,13.3,8.7,12.1,16.8,10.0,7.0,13.3,11.7,15.8,17.6,10.7,13.9,11.5,11.7,15.1,4.7,7.5,6.5,3.8,100.0,100.0,100.0,99.1,100.0,100.0,100.0,99.1,0.0,0.0,0.0,0.0,0.0,0.0,0.0,0.0,0.9,0.0,0.0,0.0,0.0,0.0,0.0,0.0,0.0,0.0,0.0,0.0,0.0,0.0,0.0,0.0,0.0,0.0,0.0,0.0,0.0,0.0,0.0,0.0,0.0,0.0,0.0,0.0,0.0,0.0,0.0,0.0,0.0,0.0,0.0,0.0,0.0,0.0,0.0,0.0,0.0,0.0,0.0,0.0,0.0,0.0,0.0,0.9,0.0,0.0,0.0,0.0,0.0,0.0,0.0,0.0,0.0,0.0,0.0,0.0,0.0,0.0,0.0,0.0,0.0,0.0,0.0,0.0,0.0,0.0,0.0,0.0,0.0,0.0,0.0,0.9,0.0,0.0,0.0,0.0,0.0,0.0,0.0,0.0,0.0,0.9,0.0,0.0,0.0,0.0,0.0,0.0,0.0,0.0,0.0,0.0,0.0,0.0,0.0,0.0,0.0,0.0,0.0,0.0,0.0,0.0,0.0,0.0,0.0,0.0,0.0,0.0,0.0,0.0,0.0,0.0,0.0,0.0,0.0,0.0,0.0,0.0,0.0,0.0,0.0,0.0,0.0,0.0,0.0,0.0,0.0,0.0,0.0,0.0,0.0,0.0,0.0,0.0,0.0,0.0,0.0,0.0,0.0,0.0,0.0,0.0,0.0,0.0,0.0,0.0,0.0,0.0,0.0,0.0,0.0,0.0,0.0,0.0,0.0,0.0,0.0,0.0,0.0,0.0,0.0,0.0,0.0,0.0,0.0,0.0,0.0",6.6,68146.73046875,963719.58984375,8689.7900390625,168271.15283203125,38.28759765625
1791409546.589157,aggregate_n8_vmnos256_r4:confirmation,5.2,"1.2,14.4,1.0,1.0,11.1,3.0,0.0,0.0,1.0,1.0,1.0,0.0,0.0,0.0,0.0,4.0,2.1,5.1,1.0,4.9,9.1,2.0,26.3,11.1,0.0,3.0,1.0,1.0,1.0,2.9,82.4,79.4,20.6,100.0,5.0,2.0,3.0,5.0,2.0,2.0,1.0,5.1,22.2,2.0,1.0,3.0,3.1,2.0,1.0,3.1,1.0,9.5,14.4,4.2,2.0,0.0,2.0,2.0,1.0,4.0,4.3,2.0,5.1,1.0,0.0,2.0,0.0,1.0,100.0,100.0,100.0,100.0,100.0,100.0,100.0,100.0,0.0,0.0,0.0,0.0,0.0,0.0,0.0,0.0,1.0,0.0,0.0,0.0,0.0,0.0,0.0,0.0,0.0,0.0,0.0,0.0,0.0,0.0,2.9,0.0,0.0,0.0,0.0,0.0,0.0,0.0,0.0,0.0,0.0,0.0,0.0,0.0,0.0,0.0,0.0,0.0,0.0,0.0,0.0,0.0,0.0,0.0,0.0,0.0,0.0,0.0,0.0,0.0,0.0,0.0,0.0,0.0,0.0,0.0,0.0,0.0,0.0,0.0,0.0,0.0,0.0,0.0,0.0,0.0,0.0,0.0,0.0,0.0,0.0,0.0,0.0,0.0,0.0,0.0,0.0,0.0,0.0,0.0,0.0,1.0,0.0,0.0,0.0,0.0,0.0,0.0,0.0,0.0,0.0,0.0,0.0,0.0,0.0,0.0,0.0,0.0,0.0,0.0,0.0,0.0,0.0,0.0,0.0,0.0,0.0,0.0,0.0,0.0,0.0,0.0,0.0,0.0,0.0,0.0,0.0,0.0,0.0,0.0,0.0,0.0,0.0,0.0,0.0,0.0,0.0,0.0,0.0,0.0,0.0,0.0,0.0,0.0,0.0,0.0,0.0,0.0,0.0,0.0,0.0,0.0,0.0,0.0,0.0,0.0,0.0,0.0,0.0,0.0,0.0,0.0,0.0,0.0,0.0,0.0,0.0,0.0,0.0,0.0,0.0,0.0,0.0,0.0,0.0,0.0,0.0,0.0,0.0,0.0,0.0,0.0,0.0,0.0,0.0,0.0,0.0",6.7,68704.27734375,963162.04296875,8689.7900390625,168271.41845703125,38.28759765625
1791409547.6415737,aggregate_n8_vmnos256_r4:confirmation,7.0,"14.1,14.4,14.7,14.5,9.2,11.9,13.9,9.4,16.2,13.8,9.0,9.0,14.7,8.9,11.8,12.3,8.3,13.0,12.0,12.1,12.7,16.7,13.4,20.6,6.3,8.7,6.3,3.7,6.3,6.3,54.0,89.4,36.3,19.5,10.1,14.4,10.0,11.6,13.9,13.0,17.1,17.1,12.1,13.9,18.0,15.6,12.4,16.4,8.0,12.1,5.5,14.8,18.3,9.9,7.3,10.0,13.0,17.3,10.0,15.9,14.8,13.5,11.8,10.7,6.1,7.1,8.0,4.4,100.0,99.1,100.0,98.3,100.0,100.0,100.0,100.0,0.0,0.0,0.0,0.0,0.0,0.0,0.0,0.0,0.0,0.0,0.0,0.0,0.0,0.0,0.0,0.0,0.0,0.0,0.0,0.0,0.0,0.0,5.2,18.6,0.9,5.3,0.0,0.0,0.0,0.0,0.0,0.0,0.0,0.0,0.0,0.0,0.0,1.7,0.0,0.0,0.0,0.0,0.0,0.0,0.0,0.0,0.0,0.0,0.0,0.0,0.0,0.0,0.0,0.0,0.0,0.0,0.0,0.0,0.0,0.0,0.0,0.0,0.0,0.0,0.0,0.0,0.0,0.0,0.0,0.0,0.0,0.0,0.0,0.0,0.0,0.0,0.0,0.0,0.0,0.0,0.0,0.0,0.0,0.0,0.0,0.0,0.0,0.0,0.0,0.0,0.0,0.0,0.0,0.0,0.0,0.0,0.0,0.0,0.0,0.0,0.0,0.0,0.0,0.0,0.0,0.0,0.0,0.0,0.0,0.0,0.0,0.0,0.0,0.0,0.0,0.0,0.0,0.0,0.0,0.0,0.0,0.0,0.0,0.0,0.0,0.0,0.0,0.0,0.0,0.0,0.0,0.0,0.0,0.0,0.0,0.0,0.0,0.0,0.0,0.0,0.0,0.0,0.0,0.0,0.0,0.0,0.0,0.0,0.0,0.0,0.0,0.0,0.0,0.0,0.0,0.0,0.0,0.0,0.0,0.0,0.0,0.0,0.0,0.0,0.0,0.0,0.0,0.0,0.0,0.0,0.0,0.0,0.0,0.0,0.0,0.0,0.0,0.0,0.0",6.6,68177.52734375,963688.79296875,8689.7900390625,168277.53564453125,38.28759765625
1791409548.7754524,aggregate_n8_vmnos256_r4:confirmation,4.4,"2.4,6.1,0.0,1.0,1.9,0.0,0.0,1.0,2.0,0.0,0.0,1.9,4.9,2.0,1.0,1.9,2.9,13.9,7.0,1.0,2.0,1.0,0.0,0.0,1.0,1.0,1.0,1.9,1.9,0.0,32.4,91.3,15.3,28.7,4.3,3.0,4.0,3.0,2.0,5.0,0.0,0.0,7.7,2.0,1.0,1.0,0.0,2.0,0.0,5.7,0.0,7.0,10.1,4.9,1.0,2.0,3.1,1.9,0.0,0.0,3.9,0.0,2.0,1.9,0.0,1.9,0.0,0.0,100.0,99.0,100.0,100.0,100.0,100.0,100.0,100.0,0.0,0.0,0.0,0.0,0.0,0.0,0.0,0.0,0.0,0.0,0.0,0.0,0.0,0.0,0.0,0.0,0.0,0.0,0.0,0.0,0.0,0.0,5.9,0.0,0.0,5.9,0.0,0.0,0.0,0.0,0.0,0.0,0.0,0.0,0.0,0.0,0.0,0.0,0.0,0.0,0.0,0.0,0.0,0.0,0.0,0.0,0.0,0.0,0.0,0.0,0.0,0.0,0.0,0.0,0.0,0.0,0.0,0.0,0.0,0.0,0.0,0.0,0.0,0.0,0.0,0.0,0.0,0.0,0.0,0.0,0.0,0.0,0.0,0.0,0.0,0.0,1.0,0.0,0.0,0.0,0.0,0.0,0.0,0.0,0.0,0.0,0.0,0.0,0.0,0.0,0.0,0.0,0.0,0.0,0.0,0.0,0.0,0.0,0.0,0.0,0.0,0.0,0.0,0.0,0.0,0.0,0.0,0.0,0.0,0.0,0.0,0.0,0.0,0.0,0.0,0.0,0.0,0.0,0.0,0.0,0.0,0.0,0.0,0.0,0.0,0.0,0.0,0.0,0.0,0.0,0.0,0.0,0.0,0.0,0.0,0.0,0.0,0.0,0.0,0.0,0.0,0.0,0.0,0.0,0.0,0.0,0.0,0.0,0.0,0.0,0.0,0.0,0.0,0.0,0.0,0.0,0.0,0.0,0.0,0.0,0.0,0.0,0.0,0.0,0.0,0.0,0.0,0.0,0.0,0.0,0.0,0.0,0.0,0.0,0.0,0.0,0.0,0.0,0.0",6.6,68032.00390625,963834.31640625,8689.7900390625,168277.53564453125,38.28759765625
1791409549.797549,idle,6.0,"22.2,10.5,6.2,8.2,4.2,10.1,7.9,7.0,7.4,6.1,6.2,8.9,7.3,9.5,5.3,11.2,9.3,6.2,5.3,3.3,10.2,6.3,10.2,15.3,5.1,6.9,13.9,5.9,7.9,4.0,39.2,24.5,77.2,86.4,6.2,5.9,5.0,4.1,5.0,6.2,7.2,8.2,10.2,10.0,4.2,14.0,7.3,13.5,6.1,8.6,8.1,11.3,10.5,7.1,6.1,6.2,11.3,12.2,13.1,11.2,5.2,9.2,6.3,4.2,4.0,5.9,6.7,6.0,100.0,100.0,100.0,100.0,100.0,100.0,100.0,100.0,0.0,0.0,0.0,0.0,0.0,2.0,0.0,0.0,1.0,0.0,0.0,0.0,0.0,0.0,0.0,0.0,0.0,0.0,0.0,0.0,0.0,0.0,0.0,0.0,0.0,0.0,0.0,0.0,0.0,0.0,0.0,0.0,0.0,0.0,0.0,0.0,0.0,1.0,0.0,0.0,0.0,0.0,0.0,0.0,0.0,0.0,0.0,0.0,0.0,0.0,0.0,0.0,1.0,0.0,0.0,0.0,0.0,0.0,0.0,0.0,0.0,0.0,0.0,0.0,0.0,0.0,0.0,0.0,0.0,0.0,0.0,0.0,0.0,0.0,0.0,0.0,0.0,0.0,0.0,0.0,0.0,0.0,0.0,0.0,0.0,0.0,0.0,0.0,0.0,0.0,0.0,0.0,0.0,0.0,0.0,0.0,0.0,0.0,0.0,0.0,0.0,0.0,0.0,0.0,0.0,0.0,0.0,0.0,0.0,0.0,0.0,0.0,0.0,0.0,0.0,0.0,0.0,0.0,0.0,0.0,0.0,0.0,0.0,0.0,0.0,0.0,0.0,0.0,0.0,0.0,0.0,0.0,0.0,0.0,0.0,0.0,0.0,0.0,0.0,0.0,0.0,0.0,0.0,0.0,0.0,0.0,0.0,0.0,0.0,0.0,0.0,0.0,0.0,0.0,0.0,0.0,0.0,0.0,0.0,0.0,0.0,0.0,0.0,0.0,0.0,0.0,0.0,0.0,0.0,0.0,0.0,0.0,0.0,0.0,0.0,0.0,0.0,0.0,0.0",6.7,68909.12109375,962957.19921875,8689.7900390625,168277.53955078125,38.28759765625
1791409550.8263974,idle,5.1,"6.7,5.1,1.0,1.0,1.0,1.0,19.8,2.0,5.9,4.0,1.9,3.1,18.0,2.0,0.0,2.0,3.9,4.9,4.9,1.9,3.0,1.0,2.9,7.1,11.1,2.0,4.0,2.9,2.0,2.0,52.9,90.2,77.5,28.7,1.0,3.9,2.0,7.9,2.0,5.9,1.0,0.0,1.9,1.0,1.9,5.0,6.9,5.2,3.0,3.0,2.9,6.1,13.0,3.0,1.0,2.0,9.0,16.0,1.0,2.9,1.0,2.0,4.0,2.0,1.0,1.0,0.0,1.0,100.0,100.0,100.0,100.0,100.0,100.0,100.0,99.0,0.0,0.0,0.0,0.0,0.0,1.0,0.0,0.0,4.3,0.0,0.0,0.0,0.0,0.0,0.0,0.0,0.0,0.0,0.0,0.0,0.0,0.0,1.0,0.0,0.0,1.0,0.0,0.0,0.0,0.0,0.0,0.0,0.0,0.0,0.0,0.0,0.0,0.0,0.0,0.0,0.0,0.0,0.0,0.0,0.0,0.0,0.0,0.0,0.0,0.0,0.0,0.0,0.0,0.0,0.0,0.0,0.0,0.0,0.0,0.0,0.0,0.0,0.0,0.0,0.0,0.0,0.0,0.0,0.0,0.0,0.0,0.0,0.0,0.0,0.0,0.0,0.0,0.0,0.0,0.0,0.0,0.0,0.0,0.0,0.0,0.0,0.0,0.0,0.0,0.0,0.0,0.0,0.0,0.0,0.0,0.0,0.0,0.0,0.0,0.0,0.0,0.0,0.0,0.0,0.0,0.0,0.0,0.0,0.0,0.0,0.0,0.0,0.0,0.0,0.0,0.0,0.0,0.0,0.0,0.0,0.0,0.0,0.0,0.0,0.0,0.0,0.0,0.0,0.0,0.0,0.0,0.0,0.0,0.0,0.0,0.0,0.0,0.0,0.0,0.0,0.0,0.0,0.0,0.0,0.0,0.0,0.0,0.0,0.0,0.0,0.0,0.0,0.0,0.0,0.0,0.0,0.0,0.0,0.0,0.0,0.0,0.0,0.0,0.0,0.0,0.0,0.0,0.0,0.0,0.0,0.0,0.0,0.0,0.0,0.0,0.0,0.0,0.0,0.0",6.6,67951.24609375,963915.07421875,8689.7900390625,168277.53955078125,36.98291015625
1791409551.8629653,idle,6.4,"12.6,10.4,5.2,16.2,5.9,6.0,7.1,7.0,8.1,10.0,6.1,11.9,9.2,14.7,8.9,8.9,14.3,10.1,13.0,13.3,9.0,12.7,4.0,11.1,12.1,9.0,3.9,5.1,6.8,7.1,73.3,69.2,71.3,50.5,5.9,3.0,7.8,10.0,5.8,4.0,4.0,5.0,5.0,9.1,12.2,6.9,7.3,6.2,8.0,16.5,8.3,16.7,11.6,10.1,8.0,9.1,14.1,11.2,5.2,7.2,5.0,11.0,17.2,7.0,3.0,7.7,5.9,3.9,100.0,100.0,100.0,100.0,100.0,100.0,100.0,100.0,0.0,0.0,0.0,0.0,0.0,0.0,0.0,0.0,0.0,0.0,0.0,0.0,0.0,0.0,0.0,0.0,0.0,0.0,0.0,0.0,0.0,0.0,2.9,1.0,0.0,2.9,0.0,0.0,0.0,0.0,0.0,0.0,0.0,0.0,0.0,0.0,0.0,0.0,0.0,0.0,0.0,0.0,0.0,0.0,0.0,0.0,0.0,0.0,0.0,0.0,0.0,0.0,0.0,0.0,0.0,0.0,0.0,0.0,0.0,0.0,0.0,0.0,0.0,0.0,0.0,0.0,0.0,0.0,0.0,0.0,0.0,0.0,0.0,0.0,0.0,0.0,0.0,0.0,0.0,0.0,0.0,0.0,0.0,1.9,0.0,0.0,0.0,0.0,0.0,0.0,0.0,0.0,0.0,0.0,0.0,0.0,0.0,0.0,0.0,0.0,0.0,0.0,0.0,0.0,0.0,0.0,0.0,0.0,0.0,0.0,0.0,0.0,0.0,0.0,0.0,0.0,0.0,0.0,0.0,0.0,0.0,0.0,0.0,0.0,0.0,0.0,0.0,0.0,0.0,0.0,0.0,0.0,0.0,0.0,0.0,0.0,0.0,0.0,0.0,0.0,0.0,0.0,0.0,0.0,0.0,0.0,0.0,0.0,0.0,0.0,0.0,0.0,0.0,0.0,0.0,0.0,0.0,0.0,0.0,0.0,0.0,0.0,0.0,0.0,0.0,0.0,0.0,0.0,0.0,0.0,0.0,0.0,0.0,0.0,0.0,0.0,0.0,0.0,0.0",6.6,68312.8515625,963553.46875,8689.7900390625,168278.08251953125,36.98291015625
1791409552.8784158,idle,4.8,"5.7,2.0,1.9,1.9,5.8,0.0,0.0,1.9,7.8,1.0,5.8,3.8,10.0,1.0,1.9,1.0,11.7,7.8,0.0,1.0,6.8,1.0,1.0,4.9,1.0,0.0,2.0,1.9,2.9,4.9,100.0,0.0,65.3,46.6,2.0,3.0,3.0,2.9,2.0,3.8,1.0,0.0,6.8,5.7,2.9,1.9,6.8,0.0,0.0,5.0,8.7,19.2,34.3,1.0,5.8,0.0,0.0,1.9,1.0,1.0,0.0,0.0,2.9,0.0,1.0,1.0,0.0,0.0,100.0,100.0,100.0,100.0,100.0,100.0,100.0,100.0,0.0,0.0,0.0,0.0,0.0,0.0,0.0,0.0,0.0,0.0,0.0,0.0,0.0,0.0,0.0,0.0,0.0,0.0,0.0,0.0,0.0,0.0,0.0,0.0,0.0,0.0,0.0,0.0,0.0,0.0,0.0,0.0,0.0,0.0,0.0,0.0,0.0,0.0,0.0,0.0,0.0,0.0,0.0,0.0,0.0,0.0,0.0,0.0,0.0,0.0,0.0,0.0,0.0,0.0,0.0,0.0,0.0,0.0,0.0,0.0,0.0,0.0,0.0,0.0,0.0,0.0,0.0,0.0,0.0,0.0,0.0,0.0,0.0,0.0,0.0,0.0,0.0,0.0,0.0,0.0,0.0,0.0,0.0,1.0,0.0,0.0,0.0,0.0,0.0,0.0,0.0,0.0,0.0,0.0,0.0,0.0,0.0,0.0,0.0,0.0,0.0,0.0,0.0,0.0,0.0,0.0,0.0,0.0,0.0,0.0,0.0,0.0,0.0,0.0,0.0,0.0,0.0,0.0,0.0,0.0,0.0,0.0,0.0,0.0,0.0,0.0,0.0,0.0,0.0,0.0,0.0,0.0,0.0,0.0,0.0,0.0,0.0,0.0,0.0,0.0,0.0,0.0,0.0,0.0,0.0,0.0,0.0,0.0,0.0,0.0,0.0,0.0,0.0,0.0,0.0,0.0,0.0,0.0,0.0,0.0,0.0,0.0,0.0,0.0,0.0,0.0,0.0,0.0,0.0,0.0,0.0,0.0,0.0,0.0,0.0,0.0,0.0,0.0,0.0",6.6,68273.25,963593.0703125,8689.7900390625,168280.30517578125,36.98291015625
1791409554.0366108,idle,5.5,"11.5,5.6,5.4,8.2,7.2,8.3,6.3,4.5,6.4,4.6,5.5,1.8,7.3,13.0,2.9,6.6,6.4,9.1,6.4,22.0,6.4,6.4,6.4,5.7,5.5,3.6,7.2,8.0,4.5,4.6,42.0,2.7,82.1,40.7,2.7,3.6,4.5,3.6,4.5,4.5,2.8,4.5,4.5,4.5,6.2,4.5,1.8,3.7,0.9,2.8,2.7,3.7,12.8,88.5,3.5,1.8,7.1,5.5,5.5,11.9,4.5,7.3,7.3,5.5,3.5,3.5,1.8,2.7,100.0,100.0,100.0,100.0,100.0,100.0,100.0,100.0,0.0,0.0,0.0,0.0,0.0,0.0,0.0,0.0,5.0,0.0,0.0,0.0,0.0,0.0,0.0,0.0,0.0,0.0,0.0,0.0,0.0,0.0,0.0,1.7,0.0,0.9,0.0,0.0,0.0,0.0,0.0,0.0,0.0,0.0,0.0,0.0,0.0,0.9,0.0,0.0,0.0,0.0,0.0,0.0,0.0,0.0,0.0,0.0,0.0,0.0,0.0,0.0,0.0,0.0,0.0,0.0,0.0,0.0,0.0,0.0,0.0,0.0,0.0,0.0,0.0,0.0,0.0,0.0,0.0,0.0,0.0,0.0,0.0,0.0,0.0,0.0,0.0,0.0,0.0,0.0,0.0,0.0,0.0,0.0,0.0,0.0,0.0,0.0,0.0,0.0,0.0,0.0,0.0,0.0,0.0,0.0,0.0,0.0,0.0,0.0,0.0,0.0,0.0,0.0,0.0,0.0,0.0,0.0,0.0,0.0,0.0,0.0,0.0,0.0,0.0,0.0,0.0,0.0,0.0,0.0,0.0,0.0,0.0,0.0,0.0,0.0,0.0,0.0,0.0,0.0,0.0,0.0,0.0,0.0,0.0,0.0,0.0,0.0,0.0,0.0,0.0,0.0,0.0,0.0,0.0,0.0,0.0,0.0,0.0,0.0,0.0,0.0,0.0,0.0,0.0,0.0,0.0,0.0,0.0,0.0,0.0,0.0,0.0,0.0,0.0,0.0,0.0,0.0,0.0,0.0,0.0,0.0,0.0,0.0,0.0,0.0,0.0,0.0,0.0",6.6,68390.421875,963475.8984375,8689.7900390625,168280.30517578125,36.98291015625
1791409555.0832145,idle,4.8,"4.8,2.0,1.0,0.0,0.0,0.0,0.0,0.0,0.0,7.8,1.0,0.0,4.8,1.9,1.0,1.0,0.0,2.9,0.0,1.0,1.0,1.0,0.0,4.0,1.0,1.0,1.0,1.0,2.9,1.0,1.0,97.1,79.0,68.9,0.0,0.0,1.9,1.0,1.9,1.0,2.0,3.0,6.8,2.0,1.0,1.0,0.0,0.0,1.0,0.0,0.0,2.0,3.0,98.1,0.0,0.0,0.0,1.0,1.0,0.0,0.0,1.0,1.0,4.0,1.0,1.0,0.0,0.0,100.0,100.0,100.0,100.0,100.0,100.0,100.0,100.0,0.0,0.0,0.0,0.0,0.0,0.0,1.0,0.0,0.0,0.0,0.0,0.0,0.0,0.0,0.0,0.0,0.0,0.0,0.0,0.0,0.0,0.0,0.0,0.0,0.0,0.0,0.0,0.0,0.0,0.0,0.0,0.0,0.0,0.0,0.0,0.0,0.0,0.0,0.0,0.0,0.0,0.0,0.0,0.0,0.0,0.0,0.0,0.0,0.0,0.0,0.0,0.0,0.0,0.0,0.0,0.0,0.0,0.0,0.0,0.0,0.0,0.0,0.0,0.0,0.0,0.0,0.0,0.0,0.0,0.0,0.0,0.0,0.0,0.0,0.0,0.0,0.0,0.0,0.0,0.0,0.0,0.0,0.0,0.0,0.0,0.0,0.0,0.0,0.0,0.0,0.0,0.0,0.0,0.0,0.0,0.0,0.0,0.0,0.0,0.0,0.0,0.0,0.0,0.0,0.0,0.0,0.0,0.0,0.0,0.0,0.0,0.0,0.0,0.0,0.0,0.0,0.0,0.0,0.0,0.0,0.0,0.0,0.0,0.0,0.0,0.0,0.0,0.0,0.0,0.0,0.0,0.0,0.0,0.0,0.0,0.0,0.0,0.0,0.0,0.0,0.0,0.0,0.0,0.0,0.0,0.0,0.0,0.0,0.0,0.0,0.0,0.0,0.0,0.0,0.0,0.0,0.0,0.0,0.0,0.0,0.0,0.0,0.0,0.0,0.0,0.0,0.0,0.0,0.0,0.0,0.0,0.0,0.0,0.0,0.0,0.0,0.0,0.0,0.0",6.6,68485.76953125,963380.55078125,8689.7900390625,168280.30517578125,36.98291015625
1791409556.1229835,idle,5.8,"12.6,7.3,5.2,7.1,4.0,7.1,5.0,8.1,6.9,8.3,3.1,10.0,12.7,6.1,4.9,8.1,4.0,6.1,3.1,3.0,10.0,9.2,9.4,6.1,3.0,3.9,4.0,1.0,3.9,5.7,22.3,51.5,71.2,80.0,4.9,6.9,2.9,3.1,4.0,5.0,5.9,8.0,2.9,4.9,5.9,5.0,5.0,10.9,2.9,3.0,3.9,3.0,4.0,5.0,97.1,2.0,7.0,6.2,5.0,8.9,6.9,5.0,9.2,6.0,2.9,2.9,1.0,5.8,100.0,100.0,100.0,99.1,100.0,100.0,100.0,99.0,0.0,0.0,0.0,0.0,0.0,0.0,0.0,0.0,0.0,0.0,0.0,0.0,0.0,0.0,0.0,0.0,0.0,0.0,0.0,0.0,0.0,0.0,1.0,1.0,0.0,1.0,0.0,0.0,0.0,0.0,0.0,0.0,0.0,0.0,0.0,0.0,0.0,1.0,0.0,0.0,0.0,0.0,0.0,0.0,0.0,0.0,0.0,0.0,0.0,0.0,0.0,0.0,0.0,0.0,0.0,0.0,0.0,0.0,0.0,0.0,0.0,0.0,0.0,0.0,0.0,0.0,0.0,0.0,0.0,0.0,0.0,0.0,0.0,0.0,0.0,0.0,0.0,0.0,0.0,0.0,0.0,0.0,0.0,1.0,0.0,0.0,0.0,0.0,0.0,0.0,0.0,0.0,0.0,0.0,0.0,0.0,0.0,0.0,0.0,0.0,0.0,0.0,0.0,0.0,0.0,0.0,0.0,0.0,0.0,0.0,0.0,0.0,0.0,0.0,0.0,0.0,0.0,0.0,0.0,0.0,0.0,0.0,0.0,0.0,0.0,0.0,0.0,0.0,0.0,0.0,0.0,0.0,0.0,0.0,0.0,0.0,0.0,0.0,0.0,0.0,0.0,0.0,0.0,0.0,0.0,0.0,0.0,0.0,0.0,0.0,0.0,0.0,0.0,0.0,0.0,0.0,0.0,0.0,0.0,0.0,0.0,0.0,0.0,0.0,0.0,0.0,0.0,0.0,0.0,0.0,0.0,0.0,0.0,0.0,0.0,0.0,0.0,0.0,0.0",6.6,68157.77734375,963708.54296875,8689.7900390625,168280.57861328125,35.54248046875
1791409557.155249,idle,5.6,"10.3,3.0,4.0,2.0,4.0,7.1,6.1,5.9,4.0,4.0,16.2,5.9,7.8,5.0,5.0,6.9,2.0,5.0,4.9,4.0,6.0,5.9,13.0,8.1,2.9,2.9,3.9,4.9,0.0,2.9,0.0,100.0,28.6,77.7,3.0,5.8,3.0,3.0,2.0,3.9,7.9,9.0,3.9,5.9,8.0,3.9,7.6,4.0,3.8,4.9,5.0,5.1,3.1,5.9,99.0,5.8,4.0,4.0,4.9,5.8,3.0,4.9,7.1,5.0,2.0,1.9,1.9,2.9,100.0,99.0,99.0,100.0,100.0,100.0,100.0,100.0,0.0,0.0,0.0,0.0,0.0,1.0,0.0,0.0,1.9,0.0,0.0,0.0,0.0,0.0,0.0,0.0,0.0,0.0,0.0,0.0,0.0,0.0,0.0,0.0,0.0,0.0,0.0,0.0,0.0,0.0,0.0,0.0,0.0,0.0,0.0,0.0,0.0,0.0,0.0,0.0,0.0,0.0,0.0,0.0,0.0,0.0,0.0,0.0,0.0,0.0,0.0,0.0,0.0,0.0,0.0,0.0,0.0,0.0,0.0,0.0,0.0,0.0,0.0,0.0,0.0,0.0,0.0,0.0,0.0,0.0,0.0,0.0,0.0,0.0,0.0,0.0,0.0,0.0,0.0,0.0,0.0,0.0,0.0,1.0,0.0,0.0,0.0,0.0,0.0,0.0,0.0,0.0,0.0,0.0,0.0,0.0,0.0,0.0,0.0,0.0,0.0,0.0,0.0,0.0,0.0,0.0,0.0,0.0,0.0,0.0,0.0,0.0,0.0,0.0,0.0,0.0,0.0,0.0,0.0,0.0,0.0,0.0,0.0,0.0,0.0,0.0,0.0,0.0,0.0,0.0,0.0,0.0,0.0,0.0,0.0,0.0,0.0,0.0,0.0,0.0,0.0,0.0,0.0,0.0,0.0,0.0,0.0,0.0,0.0,0.0,0.0,0.0,0.0,0.0,0.0,0.0,0.0,0.0,0.0,0.0,0.0,0.0,0.0,0.0,0.0,0.0,0.0,0.0,0.0,0.0,0.0,0.0,0.0,0.0,0.0,0.0,0.0,0.0,0.0",6.6,68140.40625,963725.9140625,8689.7900390625,168280.57861328125,35.54248046875
1791409558.1846128,idle,5.4,"16.1,3.1,5.0,4.0,3.0,2.1,10.0,5.0,3.0,2.0,4.0,4.9,6.0,4.0,7.8,6.9,11.8,5.9,1.0,3.0,6.8,5.0,5.1,6.0,2.9,1.0,1.0,3.0,1.9,3.0,3.9,99.0,52.0,69.0,2.0,2.0,4.9,1.0,2.9,1.0,5.9,3.0,4.1,2.0,2.0,10.0,3.0,6.1,2.0,0.0,1.0,5.0,3.0,98.1,3.9,1.0,3.2,7.2,3.9,2.0,3.0,2.0,2.0,4.9,2.9,2.9,1.0,1.9,99.0,100.0,100.0,100.0,100.0,100.0,100.0,100.0,0.0,0.0,0.0,0.0,0.0,0.0,0.0,0.0,7.3,0.0,0.0,0.0,0.0,0.0,0.0,0.0,0.0,0.0,0.0,0.0,0.0,0.0,1.0,0.0,0.0,1.0,0.0,0.0,0.0,0.0,0.0,0.0,0.0,0.0,0.0,0.0,0.0,0.0,0.0,0.0,0.0,0.0,0.0,0.0,0.0,0.0,0.0,0.0,0.0,0.0,0.0,0.0,0.0,0.0,0.0,0.0,0.0,0.0,0.0,0.0,0.0,0.0,0.0,0.0,0.0,0.0,0.0,0.0,0.0,0.0,0.0,0.0,0.0,0.0,0.0,0.0,1.0,0.0,0.0,0.0,0.0,0.0,0.0,1.0,0.0,0.0,0.0,0.0,0.0,0.0,0.0,0.0,0.0,0.0,0.0,0.0,0.0,0.0,0.0,0.0,0.0,0.0,0.0,0.0,0.0,0.0,0.0,0.0,0.0,0.0,0.0,0.0,0.0,0.0,0.0,0.0,0.0,0.0,0.0,0.0,0.0,0.0,0.0,0.0,0.0,0.0,0.0,0.0,0.0,0.0,0.0,0.0,0.0,0.0,0.0,0.0,0.0,0.0,0.0,0.0,0.0,0.0,0.0,0.0,0.0,0.0,0.0,0.0,0.0,0.0,0.0,0.0,0.0,0.0,0.0,0.0,0.0,0.0,0.0,0.0,0.0,0.0,0.0,0.0,0.0,0.0,0.0,0.0,0.0,0.0,0.0,0.0,0.0,0.0,0.0,0.0,0.0,0.0,0.0",6.6,68230.26171875,963636.05859375,8689.7900390625,168281.80126953125,35.54248046875
1791409559.2183352,idle,5.5,"12.1,1.0,6.9,4.9,1.0,1.0,4.0,4.1,3.0,5.9,5.0,5.9,5.9,5.1,5.0,5.9,10.7,5.0,4.0,5.0,7.9,4.0,6.2,6.0,2.9,1.0,3.0,3.9,3.0,1.0,10.9,73.0,67.6,49.0,2.0,3.0,3.0,1.0,1.0,4.9,7.9,3.1,4.0,8.0,4.0,4.1,3.9,5.0,2.9,5.1,2.0,4.1,3.1,4.0,99.0,9.0,5.9,4.9,4.0,5.0,4.0,5.9,5.0,4.0,2.0,3.9,2.0,2.0,100.0,100.0,100.0,100.0,100.0,100.0,99.0,99.0,0.0,0.0,0.0,0.0,0.0,0.0,0.0,0.0,0.0,0.0,0.0,0.0,0.0,0.0,0.0,0.0,0.0,0.0,0.0,0.0,0.0,0.0,7.8,8.7,0.0,7.8,0.0,0.0,0.0,0.0,0.0,0.0,0.0,0.0,0.0,0.0,0.0,0.0,0.0,0.0,0.0,0.0,0.0,0.0,0.0,0.0,0.0,0.0,0.0,0.0,0.0,0.0,0.0,0.0,0.0,0.0,0.0,0.0,0.0,0.0,0.0,0.0,0.0,0.0,0.0,0.0,0.0,0.0,0.0,0.0,0.0,0.0,0.0,0.0,0.0,0.0,0.0,0.0,0.0,0.0,0.0,0.0,0.0,0.0,0.0,0.0,0.0,0.0,0.0,0.0,0.0,0.0,0.0,0.0,0.0,0.0,0.0,0.0,0.0,0.0,0.0,0.0,0.0,0.0,0.0,0.0,0.0,0.0,0.0,0.0,0.0,0.0,0.0,0.0,0.0,0.0,0.0,0.0,0.0,0.0,0.0,0.0,0.0,0.0,0.0,0.0,0.0,0.0,0.0,0.0,0.0,0.0,0.0,0.0,0.0,0.0,0.0,0.0,0.0,0.0,0.0,0.0,0.0,0.0,0.0,0.0,0.0,0.0,0.0,0.0,0.0,0.0,0.0,0.0,0.0,0.0,0.0,0.0,0.0,0.0,0.0,0.0,0.0,0.0,0.0,0.0,0.0,0.0,0.0,0.0,0.0,0.0,0.0,0.0,0.0,0.0,0.0,0.0,0.0",6.6,68520.3828125,963345.9375,8689.7900390625,168281.80126953125,35.54248046875
1791409560.2448127,idle,5.4,"11.5,2.0,1.0,2.0,2.0,5.2,1.0,6.0,2.0,3.0,3.9,4.0,2.0,3.0,2.0,7.8,5.9,4.0,9.1,2.0,3.9,4.0,5.1,4.0,1.0,1.0,3.8,2.0,2.9,3.8,59.0,75.5,67.6,35.0,1.0,3.9,2.0,3.1,3.9,3.0,10.8,1.0,4.0,5.0,2.0,3.9,2.9,3.0,2.0,3.0,0.0,1.0,2.1,3.8,99.0,1.0,3.1,3.9,4.9,3.9,5.9,3.9,4.0,5.8,2.9,2.0,1.0,2.0,100.0,100.0,100.0,100.0,100.0,100.0,100.0,100.0,0.0,0.0,0.0,0.0,0.0,0.0,0.0,0.0,0.0,0.0,0.0,0.0,0.0,0.0,0.0,0.0,0.0,0.0,0.0,0.0,0.0,0.0,4.9,3.9,0.0,4.9,0.0,0.0,0.0,0.0,0.0,0.0,0.0,0.0,0.0,0.0,0.0,0.0,0.0,0.0,0.0,0.0,0.0,0.0,0.0,0.0,0.0,0.0,0.0,0.0,0.0,0.0,0.0,0.0,0.0,0.0,0.0,0.0,0.0,0.0,0.0,0.0,0.0,0.0,0.0,0.0,0.0,0.0,0.0,0.0,0.0,0.0,0.0,0.0,0.0,0.0,0.0,0.0,0.0,0.0,0.0,0.0,0.0,1.0,0.0,0.0,0.0,0.0,0.0,0.0,0.0,0.0,0.0,0.0,0.0,0.0,0.0,0.0,0.0,0.0,0.0,0.0,0.0,0.0,0.0,0.0,0.0,0.0,0.0,0.0,0.0,0.0,0.0,0.0,0.0,0.0,0.0,0.0,0.0,0.0,0.0,0.0,0.0,0.0,0.0,0.0,0.0,0.0,0.0,0.0,0.0,0.0,0.0,0.0,0.0,0.0,0.0,0.0,0.0,0.0,0.0,0.0,0.0,0.0,0.0,0.0,0.0,0.0,0.0,0.0,0.0,0.0,0.0,0.0,0.0,0.0,0.0,0.0,0.0,0.0,0.0,0.0,0.0,0.0,0.0,0.0,0.0,0.0,0.0,0.0,0.0,0.0,0.0,0.0,0.0,0.0,0.0,0.0,0.0",6.6,68521.4375,963344.8828125,8689.7900390625,168281.80126953125,35.54248046875
1791409561.311755,individual_n8_vmnos256_r5:submission,7.3,"17.2,11.8,13.5,11.5,13.0,11.5,12.0,12.4,18.3,16.2,14.6,15.5,12.9,12.9,13.0,12.6,9.9,14.6,14.4,11.7,13.6,11.8,18.1,16.0,5.0,8.5,7.7,8.6,7.5,7.7,91.6,63.2,20.0,50.9,8.8,9.8,8.8,10.6,10.6,12.0,17.4,16.0,17.0,12.9,15.1,10.8,9.8,13.9,8.1,12.1,18.3,15.8,19.4,10.0,70.6,15.5,11.0,12.0,15.4,13.7,15.5,19.2,18.6,17.3,6.7,11.1,5.7,4.9,100.0,99.1,100.0,100.0,100.0,100.0,100.0,100.0,0.0,0.0,0.0,0.0,0.0,0.9,0.0,0.0,0.0,0.0,0.0,0.0,0.0,0.0,0.0,0.0,0.0,0.0,0.0,0.0,0.0,0.0,0.0,0.9,5.6,0.9,0.0,0.0,0.0,0.0,0.0,0.0,0.0,0.0,0.0,0.0,0.0,0.0,0.0,0.0,0.0,0.0,0.0,0.0,0.0,0.0,0.0,0.0,0.0,0.0,0.0,0.0,0.0,0.0,0.0,0.0,0.0,0.0,0.0,0.0,0.0,0.0,0.0,0.9,0.0,0.0,0.0,0.0,0.0,0.0,0.0,0.0,0.0,0.0,0.0,0.0,0.0,0.0,0.0,0.0,0.0,0.0,0.0,0.0,0.0,0.0,0.0,0.0,0.0,0.0,0.0,0.0,0.0,0.0,0.0,0.0,0.0,0.0,0.0,0.0,0.0,0.0,0.0,0.0,0.0,0.0,0.0,0.0,0.0,0.0,0.0,0.0,0.0,0.0,0.0,0.0,0.0,0.0,0.0,0.0,0.0,0.0,0.0,0.0,0.0,0.0,0.0,0.0,0.0,0.0,0.0,0.0,0.0,0.0,0.0,0.0,0.0,0.0,0.0,0.0,0.0,0.0,0.0,0.0,0.0,0.0,0.0,0.0,0.0,0.0,0.0,0.0,0.0,0.0,0.0,0.0,0.0,0.0,0.0,0.0,0.0,0.0,0.0,0.0,0.0,0.0,0.0,0.0,0.0,0.0,0.0,0.0,0.0,0.0,0.0,0.0,0.0,0.0,0.0",6.7,68677.77734375,963188.54296875,8689.7900390625,168282.25830078125,34.2978515625
1791409562.5403545,individual_n8_vmnos256_r5:submission,13.4,"38.3,39.8,34.7,35.8,36.8,33.6,35.6,59.1,45.5,39.7,47.5,37.7,45.5,43.1,42.6,43.0,37.1,41.7,47.9,42.5,43.4,41.7,45.0,50.0,30.4,26.3,26.7,30.4,27.9,25.2,14.4,79.1,4.5,39.1,38.3,39.5,41.0,38.0,39.8,42.1,42.2,41.5,42.4,40.8,39.3,46.8,41.1,43.0,33.0,33.9,39.3,35.0,40.5,37.7,50.0,40.3,45.8,42.0,42.4,42.5,43.7,44.2,45.1,45.8,30.8,33.3,32.8,30.3,100.0,100.0,100.0,100.0,100.0,100.0,100.0,99.3,0.0,0.0,0.0,0.0,0.0,0.0,0.0,0.0,1.6,0.0,0.0,0.0,0.0,0.0,0.0,0.0,0.0,0.0,0.0,0.0,0.0,0.0,65.2,3.7,9.6,3.7,0.0,0.0,0.0,0.0,0.0,0.0,0.0,0.0,0.0,0.0,0.0,0.0,0.0,0.0,0.0,0.0,0.0,0.0,0.0,0.0,0.0,0.0,0.0,0.0,0.0,0.0,0.0,0.0,0.0,0.0,0.0,0.0,0.0,0.0,0.0,0.0,0.0,0.0,0.0,0.0,0.0,0.0,0.0,0.0,0.0,0.0,0.0,0.0,0.0,0.0,0.0,0.0,0.0,0.0,0.0,0.0,0.0,1.5,0.0,0.0,0.0,0.0,0.0,0.0,0.0,0.0,0.0,0.0,0.0,0.0,0.0,0.0,0.0,0.0,0.0,0.0,0.7,0.0,0.7,0.0,0.0,0.0,0.0,0.0,0.0,0.0,0.0,0.0,0.0,0.0,0.0,0.0,0.0,0.0,0.0,0.0,0.0,0.0,0.0,0.0,0.0,0.0,0.0,0.0,0.0,0.0,0.0,0.0,0.0,0.0,0.0,0.0,0.0,0.0,0.0,0.0,0.0,0.0,0.0,0.0,0.0,0.0,0.0,0.0,0.0,0.0,0.0,0.0,0.0,0.0,0.0,0.0,0.0,0.0,0.0,0.0,0.0,0.0,0.0,0.0,0.0,0.0,0.0,0.0,0.0,0.0,0.0,0.0,0.0,0.0,0.0,0.0,0.0",6.7,68667.23046875,963199.08984375,8689.7900390625,168282.25830078125,34.2978515625
1791409564.3152385,individual_n8_vmnos256_r5:submission,14.7,"40.3,42.9,45.3,44.6,48.4,45.1,41.9,43.3,41.4,49.1,36.4,48.1,46.1,50.0,48.4,51.8,53.8,35.8,44.3,46.7,38.2,39.9,48.1,37.1,41.8,44.8,44.2,51.6,39.5,50.9,16.1,19.4,0.6,0.6,46.5,46.3,51.9,48.4,47.5,48.1,54.8,52.5,45.1,34.8,42.8,44.2,42.7,46.3,36.5,49.1,41.3,47.5,59.5,48.1,49.7,49.1,47.0,40.2,37.8,44.6,35.8,50.0,52.8,42.4,52.1,41.4,39.2,45.8,100.0,100.0,100.0,100.0,100.0,100.0,100.0,99.4,0.0,0.0,0.0,0.0,0.0,0.6,0.0,0.0,2.4,0.6,0.0,0.0,0.0,92.0,0.0,0.0,0.0,0.0,0.0,0.0,0.0,0.0,99.4,1.1,9.8,0.6,0.0,0.0,0.0,0.0,0.0,0.0,0.0,0.0,0.0,0.0,0.0,1.1,0.0,0.0,0.0,0.0,0.0,0.0,0.0,0.0,0.0,0.0,0.0,0.0,0.0,0.0,0.0,0.0,0.0,0.0,0.0,0.0,0.0,0.0,0.0,0.0,0.0,0.0,0.0,0.0,0.0,0.0,0.0,0.0,0.0,0.0,0.0,0.0,0.0,0.0,0.0,0.0,0.0,0.0,0.0,0.0,0.0,0.0,0.0,0.0,0.0,0.0,0.0,0.0,0.0,0.0,0.0,0.0,0.0,0.0,0.0,0.0,0.0,0.0,0.0,0.0,0.0,0.0,0.6,0.6,0.0,0.0,0.0,0.0,0.0,0.0,0.0,0.0,0.0,0.0,0.0,0.0,0.0,0.0,0.0,0.0,0.0,0.0,0.0,0.0,0.0,0.0,0.0,0.0,0.0,0.0,0.0,0.0,0.0,0.0,0.0,0.0,0.0,0.0,0.0,0.0,0.0,0.0,0.0,0.0,0.0,0.0,0.0,0.0,0.0,0.0,0.0,0.0,0.0,0.0,0.0,0.0,0.0,0.0,0.0,0.0,0.0,0.0,0.0,0.0,0.0,0.0,0.0,0.0,0.0,0.0,0.0,0.0,0.0,0.0,0.0,0.0,0.0",6.7,68837.0625,963029.2578125,8689.7900390625,168284.03173828125,34.2978515625
1791409566.4046266,individual_n8_vmnos256_r5:submission,15.6,"34.4,48.7,47.4,40.4,50.8,46.9,37.9,43.8,41.1,60.7,41.5,48.7,47.7,40.7,42.1,44.6,62.2,52.7,49.0,49.5,57.4,57.9,45.3,48.7,55.3,50.3,53.5,49.5,47.1,56.0,1.5,0.5,2.4,2.0,46.4,58.5,46.5,51.1,55.0,49.5,53.1,59.0,45.7,46.0,63.0,43.5,37.3,52.3,52.6,45.0,47.9,42.2,50.3,47.3,46.6,52.0,55.2,49.7,46.9,53.6,48.2,53.1,48.7,48.7,52.9,45.0,46.5,50.3,100.0,100.0,100.0,99.5,100.0,100.0,100.0,99.5,0.0,0.0,0.0,0.0,0.0,1.0,0.0,0.0,0.5,0.0,0.0,0.0,0.0,100.0,0.0,0.0,0.0,0.0,0.0,0.0,0.0,0.0,100.0,2.0,2.9,2.4,0.0,0.0,0.0,0.0,0.0,0.0,0.0,0.0,0.0,0.0,0.0,0.5,0.0,0.0,0.0,0.0,0.0,0.0,0.0,0.0,0.0,0.0,0.0,0.0,0.0,0.0,0.0,0.0,0.0,0.0,0.0,0.0,0.0,0.0,0.0,0.0,0.0,0.0,0.0,0.0,0.0,0.0,0.0,0.0,0.0,0.0,0.0,0.0,0.0,0.0,0.0,0.0,0.0,0.0,0.0,0.0,0.0,0.5,0.0,0.0,0.0,0.0,0.0,0.0,0.0,0.0,0.0,0.0,0.0,0.0,0.0,0.0,0.0,0.0,0.0,0.0,0.0,0.0,0.0,0.0,0.0,0.0,0.0,0.0,0.0,0.0,0.0,0.0,0.0,0.5,0.0,0.0,0.0,0.0,0.0,0.0,0.0,0.0,0.0,0.0,0.0,0.0,0.0,0.0,0.0,0.0,0.0,0.0,0.0,0.0,0.0,0.0,0.0,0.0,0.0,0.0,0.0,0.0,0.0,0.0,0.0,0.0,0.0,0.0,0.0,0.0,0.0,0.0,0.0,0.0,0.0,0.0,0.0,0.0,0.0,0.0,0.0,0.0,0.0,0.0,0.0,0.0,0.0,0.0,0.0,0.0,0.0,0.0,0.0,0.0,0.0,0.0,0.0",6.6,68285.80078125,963580.51953125,8689.7900390625,168284.35205078125,39.1591796875
1791409567.9786816,individual_n8_vmnos256_r5:confirmation,11.0,"26.7,41.0,23.1,27.1,19.3,40.1,29.0,33.3,22.9,42.5,24.3,38.0,30.1,22.5,41.4,25.0,43.4,24.3,20.3,21.7,26.7,23.9,23.6,47.6,42.3,16.9,18.3,23.4,21.8,15.7,23.7,49.3,1.3,2.0,20.6,24.1,39.3,22.1,57.4,25.5,24.3,25.5,28.2,25.7,33.3,19.6,41.4,17.3,24.3,17.9,21.3,35.7,21.7,23.4,24.1,48.2,22.0,26.6,18.8,41.8,26.8,28.8,22.4,20.4,38.7,14.2,21.5,18.9,100.0,100.0,100.0,100.0,100.0,100.0,100.0,100.0,0.0,0.0,0.0,0.0,0.0,0.7,0.0,0.0,0.0,0.0,0.0,0.0,0.0,4.6,0.0,0.0,0.0,0.0,0.0,0.0,0.0,0.0,15.8,26.5,55.6,2.0,0.0,0.0,0.0,0.0,0.0,0.0,0.0,0.0,0.0,0.0,0.0,0.0,0.0,0.0,0.0,0.0,0.0,0.0,0.0,0.0,0.0,0.0,0.0,0.0,0.0,0.0,0.0,0.0,0.0,0.0,0.0,0.0,0.0,0.0,0.0,0.0,0.0,0.0,0.0,0.0,0.0,0.0,0.0,0.0,0.0,0.0,0.0,0.0,0.0,0.0,0.0,0.0,0.0,0.0,0.0,0.0,0.0,0.0,0.0,0.0,0.0,0.0,0.0,0.0,0.0,0.0,0.0,0.0,0.0,0.0,0.0,0.0,0.0,0.0,0.0,0.0,0.0,0.0,0.0,0.0,0.0,0.0,0.0,0.0,0.0,0.0,0.0,0.0,0.0,0.0,0.0,0.0,0.0,0.0,0.0,0.0,0.0,0.0,0.0,0.0,0.0,0.0,0.0,0.0,0.0,0.0,0.0,0.0,0.0,0.0,0.0,0.0,0.0,0.0,0.0,0.0,0.0,0.0,0.0,0.0,0.0,0.0,0.0,0.0,0.0,0.0,0.0,0.0,0.0,0.0,0.0,0.0,0.0,0.0,0.0,0.0,0.0,0.0,0.0,0.0,0.0,0.0,0.0,0.0,0.0,0.0,0.0,0.0,0.0,0.0,0.0,0.0,0.0",6.6,68472.75,963393.5703125,8689.7900390625,168284.35205078125,39.1591796875
1791409569.1202815,individual_n8_vmnos256_r5:confirmation,12.4,"13.8,35.8,18.6,40.3,29.5,44.3,18.8,12.8,30.0,30.8,55.0,16.2,33.9,53.3,52.5,33.9,24.8,21.2,19.8,20.0,17.9,18.2,39.7,27.0,48.8,16.0,44.5,12.0,12.8,16.7,64.2,35.8,3.2,2.4,23.7,37.1,25.9,47.5,50.8,45.4,33.9,28.2,57.9,18.5,38.3,43.7,23.5,45.5,20.2,38.8,34.5,33.6,22.2,23.1,30.7,56.2,28.8,25.6,55.8,64.0,54.5,30.0,70.5,33.9,41.3,17.9,31.6,23.3,99.2,99.2,100.0,100.0,100.0,100.0,100.0,99.2,0.0,0.0,0.0,0.0,0.0,0.0,0.8,0.0,1.6,0.0,0.0,0.0,0.0,94.4,0.0,0.0,0.0,0.0,0.0,0.0,0.0,0.0,14.5,6.4,84.8,18.9,0.0,0.0,0.0,0.0,0.0,0.0,0.0,0.0,0.0,0.0,0.0,0.0,0.0,0.0,0.0,0.0,0.0,0.0,0.0,0.0,0.0,0.0,0.0,0.0,0.0,0.0,0.0,0.0,0.0,0.0,0.0,0.0,0.0,0.0,0.0,0.0,0.0,0.0,0.0,0.0,0.0,0.0,0.0,0.0,0.0,0.0,0.0,0.0,0.0,0.0,0.0,0.0,0.0,0.0,0.0,0.0,0.0,1.6,0.0,0.0,0.0,0.0,0.0,0.0,0.0,0.0,0.0,0.0,0.0,0.0,0.0,0.0,0.0,0.0,0.0,0.0,0.0,0.0,0.0,0.0,0.0,0.0,0.0,0.0,0.0,0.0,0.0,0.0,0.0,0.0,0.0,0.0,0.0,0.0,0.0,0.0,0.0,0.0,0.0,0.0,0.0,0.0,0.0,0.0,0.0,0.0,0.0,0.0,0.0,0.0,0.0,0.0,0.0,0.0,0.0,0.0,0.0,0.0,0.0,0.0,0.0,0.0,0.0,0.0,0.0,0.0,0.0,0.0,0.0,0.0,0.0,0.0,0.0,0.0,0.0,0.0,0.0,0.0,0.0,0.0,0.0,0.0,0.0,0.0,0.0,0.0,0.0,0.0,0.0,0.0,0.0,0.0,0.0",6.6,68345.76953125,963520.55078125,8689.7900390625,168290.52392578125,39.1591796875
1791409570.7301958,individual_n8_vmnos256_r5:confirmation,11.0,"19.6,25.6,20.5,18.5,27.3,41.3,17.1,25.9,20.5,41.2,29.8,24.7,25.2,18.7,21.0,19.7,43.6,24.4,18.3,17.9,14.6,43.6,16.6,38.2,16.5,26.4,31.1,35.6,35.2,13.4,77.1,40.8,0.0,0.6,30.4,32.7,30.4,23.3,51.5,40.2,18.8,43.2,42.6,32.5,30.2,34.2,30.2,21.5,17.5,15.4,32.1,29.4,23.0,28.1,22.4,15.8,33.9,14.8,33.3,46.6,25.9,29.1,15.7,27.4,15.5,23.6,22.7,20.3,100.0,100.0,100.0,100.0,100.0,100.0,100.0,100.0,0.0,0.0,0.0,0.0,0.0,0.0,0.0,0.0,1.2,0.0,0.0,0.0,0.0,100.0,0.0,0.0,0.0,0.0,0.0,0.0,0.0,0.0,41.8,0.0,0.0,100.0,0.0,0.0,0.0,0.0,0.0,0.0,0.0,0.0,0.0,0.0,0.0,0.6,0.0,0.0,0.0,0.0,0.0,0.0,0.0,0.0,0.0,0.0,0.0,0.0,0.0,0.0,0.0,0.0,0.0,0.0,0.0,0.0,0.0,0.0,0.0,0.0,0.0,0.0,0.0,0.0,0.0,0.0,0.0,0.0,0.0,0.0,0.0,0.0,0.0,0.0,0.0,0.0,0.0,0.0,0.0,0.0,0.0,0.6,0.0,0.0,0.0,0.0,0.0,0.0,0.0,0.0,0.0,0.0,0.0,0.0,0.0,0.0,0.0,0.0,0.0,0.0,0.0,0.6,0.0,0.0,0.0,0.0,0.0,0.0,0.0,0.0,0.0,0.0,0.0,0.0,0.0,0.0,0.0,0.0,0.0,0.0,0.0,0.0,0.0,0.0,0.0,0.0,0.0,0.0,0.0,0.0,0.0,0.0,0.0,0.0,0.0,0.0,0.0,0.0,0.0,0.0,0.0,0.0,0.0,0.0,0.0,0.0,0.0,0.0,0.0,0.0,0.0,0.0,0.0,0.0,0.0,0.0,0.0,0.0,0.0,0.0,0.0,0.0,0.0,0.0,0.0,0.0,0.0,0.0,0.0,0.0,0.0,0.0,0.0,0.0,0.0,0.0,0.0",6.7,69159.24609375,962707.07421875,8689.7900390625,168290.52392578125,41.708984375
1791409572.4647498,individual_n8_vmnos256_r5:confirmation,11.4,"16.3,31.8,17.3,15.7,21.2,18.8,22.1,50.3,23.0,18.7,21.4,24.7,35.1,37.4,25.3,22.7,17.8,16.7,35.8,19.3,21.7,18.9,20.3,23.7,19.9,36.0,52.8,49.1,36.9,40.0,72.8,44.8,1.2,1.2,30.6,38.4,19.4,17.3,38.9,39.2,51.6,24.5,18.8,17.2,28.9,35.9,17.8,37.7,25.2,26.5,29.5,27.5,28.1,32.7,37.0,23.9,31.6,41.8,36.3,24.2,45.6,38.6,30.6,17.5,38.4,18.9,21.9,16.2,99.4,99.4,100.0,100.0,97.6,100.0,100.0,97.0,0.0,0.0,0.0,0.0,0.0,0.0,0.0,0.0,0.0,0.0,0.0,0.0,0.0,69.5,0.0,0.0,0.0,0.0,0.0,0.0,0.0,0.0,35.0,0.6,50.3,18.9,0.0,0.0,0.0,0.0,0.0,0.0,0.0,0.0,0.0,0.0,0.0,0.6,0.0,0.0,0.0,0.0,0.0,0.0,0.0,0.0,0.0,0.0,0.0,0.0,0.0,0.0,0.0,0.0,0.0,0.0,0.0,0.0,0.0,0.0,0.0,0.0,0.0,0.0,0.0,0.0,0.0,0.0,0.0,0.0,0.0,0.0,0.0,0.0,0.0,0.0,0.0,0.0,0.0,0.0,0.0,0.0,0.0,0.6,0.0,0.0,0.0,0.0,0.0,0.0,0.0,0.0,0.0,0.0,0.0,0.0,0.0,0.0,0.0,0.0,0.6,0.0,0.0,0.0,0.0,0.0,0.0,0.0,0.0,0.0,0.0,0.0,0.0,0.0,0.0,0.0,0.0,0.0,0.0,0.0,0.0,0.0,0.0,0.0,0.0,0.0,0.0,0.0,0.0,0.0,0.0,0.0,0.0,0.0,0.0,0.0,0.0,0.0,0.0,0.0,0.0,0.0,0.0,0.0,0.0,0.0,0.0,0.0,0.0,0.0,0.0,0.0,0.0,0.0,0.0,0.0,0.0,0.0,0.0,0.0,0.0,0.0,0.0,0.0,0.0,0.0,0.0,0.0,0.0,0.0,0.0,0.0,0.0,0.0,0.0,0.0,0.0,0.0,0.0",6.6,68362.828125,963503.4921875,8689.7900390625,168291.09814453125,41.708984375
1791409574.2833169,individual_n8_vmnos256_r5:confirmation,8.8,"15.3,20.0,13.3,34.9,7.0,13.8,12.8,7.6,39.6,29.5,33.9,23.9,39.5,15.7,28.1,42.4,9.9,12.0,39.0,7.6,10.7,8.6,29.6,10.1,11.9,36.5,19.2,33.2,42.0,22.1,27.2,43.3,0.5,0.5,25.1,14.1,15.1,24.6,34.7,22.2,34.0,13.2,15.4,30.5,20.4,19.8,15.8,25.4,14.2,17.0,17.3,35.8,8.2,25.5,30.3,18.7,16.0,16.1,9.7,19.4,38.0,45.5,12.4,16.3,16.1,20.6,23.7,17.6,54.7,65.6,92.7,99.0,39.1,92.3,46.6,52.6,0.0,0.0,0.0,0.0,0.0,1.0,0.0,0.0,0.0,0.0,0.0,0.0,0.0,100.0,0.0,0.0,0.0,0.0,0.0,0.0,0.0,0.0,0.0,0.0,100.0,0.0,0.0,0.0,0.0,0.0,0.0,0.0,0.0,0.0,0.0,0.0,0.0,0.5,0.0,0.0,0.0,0.0,0.0,0.0,0.0,0.0,0.0,0.0,0.0,0.0,0.0,0.0,0.0,0.0,0.0,0.0,0.0,0.0,0.0,0.0,0.0,0.0,0.0,0.0,0.0,0.0,0.0,0.0,0.0,0.0,0.0,0.0,0.0,0.0,0.0,0.0,0.0,0.0,0.0,0.0,0.0,0.0,0.0,0.0,0.0,0.0,0.0,0.0,0.0,0.0,0.0,0.0,0.0,0.0,0.0,0.0,0.0,0.0,0.5,0.0,0.0,0.0,0.0,0.0,0.0,0.0,0.0,0.0,0.0,0.0,0.0,0.0,0.0,0.0,0.0,0.0,0.0,0.0,0.0,0.0,0.0,0.0,0.0,0.0,0.0,0.0,0.0,0.0,0.0,0.0,0.0,0.0,0.0,0.0,0.0,0.0,0.0,0.0,0.0,0.0,0.0,0.0,0.0,0.0,0.0,0.0,0.0,0.0,0.0,0.0,0.0,0.0,0.0,0.0,0.0,0.0,0.0,0.0,0.0,0.0,0.0,0.0,0.0,0.0,0.0,0.0,0.0,0.0,0.0,0.0,0.0,0.0,0.0,0.0,0.0,0.0,0.0,0.0,0.0",6.7,68712.05078125,963154.26953125,8689.7900390625,168299.82080078125,41.892578125
1791409576.5322537,individual_n8_vmnos256_r5:confirmation,9.0,"43.7,13.7,12.4,58.7,10.9,11.4,30.7,27.5,34.7,35.4,14.3,22.6,21.5,12.2,10.3,14.8,22.4,11.9,16.7,37.1,27.5,13.4,16.7,13.7,25.2,29.2,26.9,22.7,14.7,19.3,6.6,10.4,0.0,0.0,35.3,31.3,14.9,18.1,21.9,10.3,44.7,13.4,22.5,35.5,24.0,35.4,27.9,21.4,63.8,26.5,30.7,38.6,27.7,18.2,33.7,25.9,24.5,24.8,35.9,38.5,36.8,55.6,17.6,42.5,20.4,13.1,13.4,35.3,41.6,42.2,76.2,94.3,31.4,87.2,17.1,90.4,0.0,0.0,0.0,0.0,0.0,1.4,0.0,0.0,0.0,0.0,0.0,0.0,0.0,67.0,0.0,0.0,0.0,0.0,0.0,0.0,0.0,0.0,0.0,8.1,98.6,0.0,0.0,0.0,0.0,0.0,0.0,0.0,0.0,0.0,0.0,0.0,0.0,0.0,0.0,0.0,0.0,0.0,0.0,0.0,0.0,0.0,0.0,0.0,0.0,0.0,0.0,0.0,0.0,0.0,0.0,0.0,0.0,0.0,0.0,0.0,0.0,0.0,0.0,0.0,0.0,0.0,0.0,0.0,0.0,0.0,0.0,0.0,0.0,0.0,0.0,0.0,0.0,0.0,0.0,0.0,0.0,0.0,0.0,0.5,0.0,0.0,0.0,0.0,0.0,0.0,0.0,0.0,0.0,0.0,0.0,0.0,0.0,0.0,0.0,0.0,0.0,0.0,0.0,0.0,0.0,0.0,0.0,0.0,0.0,0.0,0.0,0.0,0.0,0.0,0.0,0.0,0.0,0.0,0.0,0.0,0.0,0.0,0.0,0.0,0.0,0.0,0.0,0.0,0.0,0.0,0.0,0.0,0.0,0.0,0.0,0.0,0.0,0.0,0.0,0.0,0.0,0.0,0.0,0.0,0.0,0.0,0.0,0.0,0.0,0.0,0.0,0.0,0.0,0.0,0.0,0.0,0.0,0.0,0.0,0.0,0.0,0.0,0.0,0.0,0.0,0.0,0.0,0.0,0.0,0.0,0.0,0.0,0.0,0.0,0.0,0.0,0.0,0.0,0.0",6.6,68276.9140625,963589.40625,8689.7900390625,168300.14501953125,41.892578125
1791409577.9145398,individual_n8_vmnos256_r5:confirmation,9.6,"32.4,26.4,39.9,27.1,37.4,30.6,34.7,54.4,14.2,14.4,16.6,15.8,13.3,11.0,14.4,54.7,13.0,14.4,9.7,11.0,31.5,17.0,14.8,28.5,27.2,21.1,31.1,12.6,63.8,15.9,31.8,56.6,3.3,2.0,30.1,11.7,12.4,28.1,37.6,25.9,11.7,9.1,8.4,11.7,38.9,38.6,27.9,26.2,19.0,26.4,45.0,13.1,30.4,27.7,43.9,15.4,36.1,40.9,33.6,12.0,32.5,31.5,37.2,22.8,12.7,13.5,14.3,25.0,98.0,98.7,90.7,81.8,98.0,99.3,98.7,94.8,0.0,0.0,0.0,0.0,0.0,0.0,0.0,0.0,1.4,0.0,0.0,0.0,0.0,0.0,0.0,0.0,0.0,0.0,0.0,0.0,0.0,0.0,8.6,34.6,67.1,6.5,0.0,0.0,0.0,0.0,0.0,0.0,0.0,0.0,0.0,0.0,0.0,0.0,0.0,0.0,0.0,0.0,0.0,0.0,0.0,0.0,0.0,0.0,0.0,0.0,0.0,0.0,0.0,0.0,0.0,0.0,0.0,0.0,0.0,0.0,0.0,0.0,0.0,0.0,0.0,0.0,0.0,0.0,0.0,0.0,0.0,0.0,0.6,0.0,0.0,0.0,0.0,0.0,0.0,0.0,0.0,0.0,0.0,0.7,0.0,0.0,0.0,0.0,0.0,0.0,0.0,0.0,0.0,0.0,0.0,0.0,0.0,0.0,0.0,0.0,0.0,0.0,0.0,0.0,0.0,0.0,0.0,0.0,0.0,0.0,0.0,0.0,0.0,0.0,0.0,0.0,0.0,0.0,0.0,0.0,0.0,0.0,0.0,0.0,0.0,0.0,0.0,0.0,0.0,0.0,0.0,0.0,0.0,0.0,0.0,0.0,0.0,0.0,0.0,0.0,0.0,0.0,0.0,0.0,0.0,0.0,0.0,0.0,0.0,0.0,0.0,0.0,0.0,0.0,0.0,0.0,0.0,0.0,0.0,0.0,0.0,0.0,0.0,0.0,0.0,0.0,0.0,0.0,0.0,0.0,0.0,0.0,0.0,0.0,0.0,0.0,0.0,0.0,0.0",6.6,68330.42578125,963535.89453125,8689.7900390625,168300.14501953125,41.892578125
1791409579.5790448,individual_n8_vmnos256_r5:confirmation,8.5,"22.9,6.0,7.1,5.4,40.5,42.2,13.4,23.3,12.8,10.3,19.5,31.1,11.6,19.3,20.3,12.2,6.9,6.0,5.4,10.5,41.8,32.7,43.6,14.9,31.2,24.7,22.4,20.9,50.3,40.5,12.3,27.7,0.0,0.0,32.3,31.8,36.8,14.7,54.9,20.1,16.6,16.0,7.8,22.1,30.1,7.5,26.2,24.7,11.9,6.9,21.5,9.5,6.0,41.3,4.7,16.6,10.7,37.2,5.4,6.7,35.8,11.4,14.9,23.0,6.8,6.8,7.4,27.7,99.4,98.7,98.7,98.7,99.4,99.4,99.4,98.1,0.0,0.0,0.0,0.0,0.0,0.0,0.0,0.0,0.0,0.0,0.0,0.0,0.0,0.0,0.0,0.0,0.0,0.0,0.0,0.0,0.0,0.0,0.0,1.3,100.0,0.0,0.0,0.0,0.0,0.0,0.0,0.0,0.0,0.0,0.0,0.0,0.0,0.0,0.0,0.0,0.0,0.0,0.0,0.0,0.0,0.0,0.0,0.0,0.0,0.0,0.0,0.0,0.0,0.0,0.0,0.0,0.0,0.0,0.0,0.0,0.0,0.0,0.0,0.0,0.0,0.0,0.0,0.0,0.0,0.0,0.0,0.0,0.0,0.0,0.0,0.0,0.0,0.0,0.0,0.0,0.0,0.0,0.0,1.3,0.0,0.0,0.0,0.0,0.0,0.0,0.0,0.0,0.0,0.0,0.0,0.0,0.0,0.0,0.0,0.0,0.0,0.0,0.0,0.0,0.0,0.0,0.0,0.0,0.0,0.0,0.0,0.0,0.0,0.0,0.0,0.0,0.0,0.0,0.0,0.0,0.0,0.0,0.0,0.0,0.0,0.0,0.0,0.0,0.0,0.0,0.0,0.0,0.0,0.0,0.0,0.0,0.0,0.0,0.0,0.0,0.0,0.0,0.0,0.0,0.0,0.0,0.0,0.0,0.0,0.0,0.0,0.0,0.0,0.0,0.0,0.0,0.0,0.0,0.0,0.0,0.0,0.0,0.0,0.0,0.0,0.0,0.0,0.0,0.0,0.0,0.0,0.0,0.0,0.0,0.0,0.0,0.0,0.0,0.0",6.7,68715.5,963150.8203125,8689.7900390625,168309.67236328125,41.66064453125
1791409581.7615736,individual_n8_vmnos256_r5:confirmation,9.7,"31.1,18.8,15.6,10.0,11.1,26.2,44.3,34.1,48.2,18.2,10.7,12.3,25.4,11.9,34.5,42.0,21.1,33.3,20.1,16.3,42.7,35.6,33.7,27.9,17.1,24.0,24.6,18.9,18.2,25.6,1.0,22.7,1.0,0.5,12.4,53.5,38.8,18.6,22.3,19.2,44.4,32.4,30.9,21.2,18.1,12.5,20.8,23.6,9.7,14.5,19.4,26.7,20.7,36.9,15.4,12.6,10.1,12.2,42.0,17.7,16.4,16.5,13.7,13.8,22.0,17.1,9.5,9.0,97.6,98.6,98.6,98.6,100.0,100.0,99.5,98.6,0.0,0.0,0.0,0.0,0.0,1.0,0.0,0.0,1.4,0.0,0.0,0.0,0.0,0.0,0.0,0.0,0.0,0.0,0.0,0.0,0.0,0.0,96.7,1.4,99.5,13.5,0.0,0.0,0.0,0.0,0.0,0.0,0.0,0.0,0.0,0.0,0.0,0.0,0.0,0.0,0.0,0.0,0.0,0.0,0.0,0.0,0.0,0.0,0.0,0.0,0.0,0.0,0.0,0.0,0.0,0.0,0.0,0.0,0.0,0.0,0.0,0.0,0.0,0.0,0.0,0.0,0.0,0.0,0.0,0.0,0.0,0.0,0.0,0.0,0.0,0.0,0.0,0.0,0.0,0.0,0.0,0.0,0.0,1.0,0.5,0.0,0.0,0.0,0.0,0.0,0.0,0.0,0.0,0.0,0.0,0.0,0.0,0.0,0.0,0.0,0.0,0.0,0.0,0.0,0.0,0.0,0.0,0.0,0.0,0.0,0.0,0.0,0.0,0.0,0.0,0.5,0.0,0.0,0.0,0.0,0.0,0.0,0.0,0.0,0.0,0.0,0.0,0.0,0.0,0.0,0.0,0.0,0.0,0.0,0.0,0.0,0.0,0.0,0.0,0.0,0.0,0.0,0.0,0.0,0.0,0.0,0.0,0.0,0.0,0.0,0.0,0.0,0.0,0.0,0.0,0.0,0.0,0.0,0.0,0.0,0.0,0.0,0.0,0.0,0.0,0.0,0.0,0.0,0.0,0.0,0.0,0.0,0.0,0.0,0.0,0.0,0.0,0.0,0.0",6.7,68996.27734375,962870.04296875,8689.7900390625,168310.09033203125,41.66064453125
1791409583.6549487,individual_n8_vmnos256_r5:confirmation,10.9,"48.0,48.0,19.0,5.9,7.0,27.1,31.6,42.5,25.7,29.6,14.6,26.3,30.1,20.0,58.6,31.7,10.7,27.0,16.0,17.7,40.2,28.2,22.2,20.6,16.5,48.9,18.2,46.4,18.5,41.6,0.5,43.2,0.0,0.0,13.3,40.9,11.2,16.5,25.7,14.5,44.4,40.2,41.3,22.9,24.9,37.6,39.0,20.0,29.3,22.3,11.5,37.4,24.6,34.3,17.9,22.2,15.3,23.5,30.2,25.6,32.4,49.4,23.7,20.3,12.3,23.8,11.4,23.6,98.9,98.4,96.2,98.9,99.5,98.9,100.0,98.9,0.0,0.0,0.0,0.0,0.0,0.0,0.0,0.0,0.5,0.0,0.0,0.0,0.0,0.0,0.0,0.0,0.0,0.0,0.0,0.0,0.0,0.0,99.5,11.0,100.0,20.2,0.0,0.0,0.0,0.0,0.0,0.0,0.0,0.0,0.0,0.0,0.0,0.0,0.0,0.0,0.0,0.0,0.0,0.0,0.0,0.0,0.0,0.0,0.0,0.0,0.0,0.0,0.0,0.0,0.0,0.0,0.0,0.0,0.0,0.0,0.0,0.0,0.0,0.0,0.0,0.0,0.0,0.0,0.0,0.0,0.0,0.0,0.0,0.0,0.0,0.0,0.0,0.0,0.0,0.0,0.0,0.0,0.0,1.1,0.0,0.0,0.0,0.0,0.0,0.0,0.0,0.0,0.0,0.0,0.0,0.0,0.0,0.0,0.0,0.0,0.0,0.0,0.5,0.0,0.0,0.0,0.0,0.0,0.0,0.0,0.0,0.0,0.0,0.0,0.0,0.5,0.0,0.0,0.0,0.0,0.0,0.0,0.0,0.0,0.0,0.0,0.0,0.0,0.0,0.0,0.0,0.0,0.0,0.0,0.0,0.0,0.0,0.0,0.0,0.0,0.0,0.0,0.0,0.0,0.0,0.0,0.0,0.0,0.0,0.0,0.0,0.0,0.0,0.0,0.0,0.0,0.0,0.0,0.0,0.0,0.0,0.0,0.0,0.0,0.0,0.0,0.0,0.0,0.0,0.0,0.0,0.0,0.0,0.0,0.0,0.0,0.0,0.0,0.0",6.7,69527.10546875,962339.21484375,8689.7900390625,168321.13330078125,41.66064453125
1791409584.8386111,individual_n8_vmnos256_r5:confirmation,8.3,"14.0,30.1,2.4,25.0,9.4,9.6,14.7,31.7,7.1,7.2,5.7,6.5,35.5,9.7,5.7,9.8,8.8,31.3,4.8,43.8,11.8,6.3,3.2,5.5,48.4,8.2,12.6,17.1,16.1,50.0,0.0,4.6,0.0,0.0,4.2,52.4,10.2,46.8,21.7,8.2,28.0,45.7,49.6,18.3,20.5,37.3,14.0,18.7,4.8,6.6,15.7,9.8,21.7,8.2,40.8,5.6,30.4,31.5,28.2,26.6,13.1,7.9,7.5,12.4,6.5,7.9,10.2,8.1,99.2,98.5,98.5,98.5,99.2,100.0,99.2,99.2,0.0,0.0,0.0,0.0,0.0,0.8,0.0,0.8,0.0,0.0,0.0,0.0,0.0,0.0,0.0,0.0,0.0,0.0,0.0,0.0,0.0,0.0,100.0,9.2,100.0,0.0,0.0,0.0,0.0,0.0,0.0,0.0,0.0,0.0,0.0,0.0,0.0,0.0,0.0,0.0,0.0,0.0,0.0,0.0,0.0,0.0,0.0,0.0,0.0,0.0,0.0,0.0,0.0,0.0,0.8,0.0,0.0,0.0,0.0,0.0,0.0,0.0,0.0,0.0,0.0,0.0,0.0,0.0,0.0,0.0,0.0,0.0,0.0,0.0,0.0,0.0,0.0,0.0,0.0,0.0,0.0,0.0,0.0,0.0,0.0,0.0,0.0,0.0,0.0,0.0,0.0,0.0,0.0,0.0,0.0,0.0,0.0,0.0,0.0,0.0,0.0,0.0,0.0,0.0,0.0,0.0,0.0,0.0,0.0,0.0,0.0,0.0,0.0,0.0,0.0,0.0,0.0,0.0,0.0,0.0,0.0,0.0,0.0,0.0,0.0,0.0,0.0,0.0,0.0,0.0,0.0,0.0,0.0,0.0,0.0,0.0,0.0,0.0,0.0,0.0,0.0,0.0,0.0,0.0,0.0,0.0,0.0,0.0,0.0,0.0,0.0,0.0,0.0,0.0,0.0,0.0,0.0,0.0,0.0,0.0,0.0,0.0,0.0,0.0,0.0,0.0,0.0,0.0,0.0,0.0,0.0,0.0,0.0,0.0,0.0,0.0,0.0,0.0,0.0",6.8,69739.65234375,962126.66796875,8689.7900390625,168321.13330078125,41.447265625
1791409586.9427233,individual_n8_vmnos256_r5:confirmation,8.1,"10.6,9.6,20.0,8.5,5.6,26.2,8.7,11.6,39.8,8.8,19.6,23.0,16.7,21.7,16.5,8.5,16.7,27.5,11.2,7.7,13.1,37.4,15.3,10.2,17.7,35.8,9.1,10.7,20.4,9.5,23.2,37.6,11.8,0.9,28.1,30.5,61.5,31.1,16.8,25.2,27.0,9.9,16.2,19.3,16.2,15.6,8.8,41.3,47.1,12.6,24.1,15.1,18.3,8.1,28.6,10.9,13.7,7.1,16.4,18.0,15.2,34.7,25.7,19.4,9.4,8.8,6.9,7.8,99.5,99.0,99.1,99.1,99.5,99.5,99.5,98.6,0.0,0.0,0.0,0.0,0.0,0.9,0.0,0.0,0.0,0.5,0.0,0.0,0.0,0.0,0.0,0.0,0.0,0.0,0.0,0.0,0.0,0.0,42.4,2.9,48.6,15.3,0.0,0.0,0.0,0.0,0.0,0.0,0.0,0.0,0.0,0.0,0.0,0.0,0.0,0.0,0.0,0.0,0.0,0.0,0.0,0.0,0.0,0.0,0.0,0.0,0.0,0.0,0.0,0.0,0.0,0.0,0.0,0.0,0.0,0.0,0.0,0.0,0.0,0.0,0.0,0.0,0.0,0.0,0.0,0.0,0.0,0.0,0.0,0.0,0.0,0.0,0.0,0.0,0.0,0.0,0.0,0.0,0.0,0.5,0.0,0.0,0.0,0.0,0.0,0.0,0.0,0.0,0.0,0.0,0.0,0.0,0.0,0.0,0.0,0.0,1.9,0.0,0.0,0.0,0.0,0.5,0.0,0.0,0.0,0.0,0.0,0.0,0.0,0.0,0.0,0.0,0.0,0.0,0.0,0.0,0.0,0.0,0.0,0.0,0.0,0.0,0.0,0.0,0.0,0.0,0.0,0.0,0.0,0.0,0.0,0.0,0.0,0.0,0.0,0.0,0.0,0.0,0.0,0.0,0.0,0.0,0.0,0.0,0.0,0.0,0.0,0.0,0.0,0.0,0.0,0.0,0.0,0.0,0.0,0.0,0.0,0.0,0.0,0.0,0.0,0.0,0.0,0.0,0.0,0.0,0.0,0.0,0.0,0.0,0.0,0.0,0.0,0.0,0.0",6.7,69310.51171875,962555.80859375,8689.7900390625,168321.74658203125,41.447265625
1791409588.179338,individual_n8_vmnos256_r5:confirmation,10.9,"17.8,14.3,17.7,14.2,14.2,16.5,33.8,16.5,68.1,23.1,41.8,67.9,41.0,20.3,61.0,46.0,14.3,43.2,52.2,28.6,13.5,14.3,17.7,15.7,20.3,25.2,16.0,9.2,41.0,12.1,20.3,35.8,0.0,0.0,15.9,8.3,10.9,47.4,44.8,65.4,25.4,54.8,17.4,29.7,67.2,15.7,42.6,57.5,44.4,15.4,32.8,29.8,19.8,8.7,14.5,33.1,25.9,20.9,9.8,17.2,14.1,33.8,26.1,36.0,14.1,20.8,25.6,42.5,98.6,97.8,98.6,98.6,99.3,99.3,99.3,99.3,0.0,0.0,0.0,0.0,0.0,0.7,0.0,0.0,0.7,0.0,0.0,0.0,0.0,0.0,0.0,0.0,0.0,0.0,0.0,0.0,0.0,0.0,0.0,0.7,100.0,0.7,0.0,0.0,0.0,0.0,0.0,0.0,0.0,0.0,0.0,0.0,0.0,0.0,0.0,0.0,0.0,0.0,0.0,0.0,0.0,0.0,0.0,0.0,0.0,0.0,0.0,0.0,0.0,0.0,0.0,0.0,0.0,0.0,0.0,0.0,0.0,0.0,0.0,0.0,0.0,0.0,0.0,0.0,0.0,0.0,0.0,0.0,0.0,0.0,0.0,0.0,0.0,0.0,0.0,0.0,0.0,0.0,0.0,0.0,0.0,0.0,0.0,0.0,0.0,0.0,0.0,0.0,0.0,0.0,0.0,0.0,0.0,0.0,0.0,0.0,2.2,0.0,0.0,0.0,0.0,0.0,0.0,0.0,0.0,0.0,0.0,0.0,0.0,0.0,0.0,0.0,0.0,0.0,0.0,0.0,0.0,0.0,0.0,0.0,0.0,0.0,0.0,0.0,0.0,0.0,0.0,0.0,0.0,0.0,0.0,0.0,0.0,0.0,0.0,0.0,0.0,0.0,0.0,0.0,0.0,0.0,0.0,0.0,0.0,0.0,0.0,0.0,0.0,0.0,0.0,0.0,0.0,0.0,0.0,0.0,0.0,0.0,0.0,0.0,0.0,0.0,0.0,0.0,0.0,0.0,0.0,0.0,0.0,0.0,0.0,0.0,0.0,0.0,0.0",6.7,69556.84765625,962309.47265625,8689.7900390625,168330.16845703125,41.447265625
1791409590.3982356,individual_n8_vmnos256_r5:confirmation,8.5,"33.1,21.2,9.3,8.7,12.3,10.3,8.6,11.5,34.9,14.4,32.1,14.4,19.4,12.4,17.2,10.7,29.0,19.7,40.0,15.6,14.9,25.1,13.0,14.1,63.3,24.3,18.5,13.6,20.9,28.6,0.0,0.5,0.0,0.0,11.8,11.8,39.4,12.5,39.9,10.8,8.7,27.5,13.7,11.7,10.1,8.7,23.6,10.5,40.4,12.3,18.2,12.4,13.6,10.6,11.7,40.9,33.5,32.1,14.7,23.0,14.7,39.0,9.7,22.3,12.6,11.9,6.0,10.6,99.0,99.0,99.0,99.0,99.5,99.0,99.5,98.5,0.0,0.0,0.0,0.0,0.0,0.0,0.0,0.0,0.0,0.0,0.0,0.0,0.0,0.0,0.0,0.0,0.0,0.0,0.0,0.0,0.0,0.0,0.5,0.0,100.0,0.0,0.0,0.0,0.0,0.0,0.0,0.0,0.0,0.0,0.0,0.0,0.0,0.0,0.0,0.0,0.0,0.0,0.0,0.0,0.0,0.0,0.0,0.0,0.0,0.0,0.0,0.0,0.0,0.0,0.0,0.0,0.0,0.0,0.5,0.0,0.0,0.0,0.0,0.0,0.0,0.0,0.0,0.0,0.0,0.0,0.0,0.0,0.0,0.0,0.0,0.0,0.0,0.0,0.0,0.0,0.0,0.0,0.0,0.0,0.0,0.0,0.0,0.0,0.0,0.0,0.0,0.0,0.0,0.0,0.0,0.0,0.0,0.0,0.0,0.0,0.5,0.0,0.0,0.0,0.0,0.0,0.0,0.0,0.0,0.0,0.0,0.0,0.0,0.0,0.0,0.0,0.0,0.0,0.0,0.0,0.0,0.0,0.0,0.0,0.0,0.0,0.0,0.0,0.0,0.0,0.0,0.0,0.0,0.0,0.0,0.0,0.0,0.0,0.0,0.0,0.0,0.0,0.0,0.0,0.0,0.0,0.0,0.0,0.0,0.0,0.0,0.0,0.0,0.0,0.0,0.0,0.0,0.0,0.0,0.0,0.0,0.0,0.0,0.0,0.0,0.0,0.0,0.0,0.0,0.0,0.0,0.0,0.0,0.0,0.0,0.0,0.0,0.0,0.0",6.8,70056.5859375,961809.734375,8689.7900390625,168330.16845703125,41.89208984375
1791409591.5947883,individual_n8_vmnos256_r5:confirmation,9.7,"10.8,35.0,31.4,12.3,33.3,29.0,7.4,9.1,8.9,20.2,8.1,9.0,38.7,9.8,9.1,26.0,37.1,4.9,54.3,18.7,42.9,18.9,34.7,26.6,6.3,27.8,21.4,7.3,11.6,23.0,54.7,5.5,3.9,3.9,9.2,40.8,33.3,7.8,9.3,9.3,8.5,12.4,14.4,10.7,31.5,10.7,11.9,39.2,9.1,9.0,13.9,10.5,40.2,31.5,39.7,46.5,25.6,14.6,32.0,54.3,57.5,10.8,12.5,9.9,11.6,12.3,9.1,9.1,99.2,98.4,98.4,98.4,98.4,97.6,99.2,98.4,0.0,0.0,0.0,0.0,0.0,0.0,0.0,0.0,0.0,0.0,0.0,0.0,0.0,0.0,0.0,0.0,0.0,0.0,0.0,0.0,0.0,0.0,76.6,23.6,99.2,3.1,0.0,0.0,0.0,0.0,0.0,0.0,0.0,0.0,0.0,0.0,0.0,0.0,0.0,0.0,0.0,0.0,0.0,0.0,0.0,0.0,0.0,0.0,0.0,0.0,0.0,0.0,0.0,0.0,0.0,0.0,0.0,0.0,0.0,0.0,0.0,0.0,0.0,0.0,0.0,0.0,0.0,0.0,0.0,0.0,0.0,0.0,0.0,0.0,0.0,0.0,0.0,0.0,0.0,0.0,0.0,0.0,0.0,1.6,0.0,0.0,0.0,0.0,0.0,0.0,0.0,0.0,0.0,0.0,0.0,0.0,0.0,0.0,0.0,0.0,0.0,0.0,0.0,0.0,0.0,0.0,0.0,0.0,0.0,0.0,0.0,0.0,0.0,0.0,0.0,0.0,0.0,0.0,0.0,0.0,0.0,0.0,0.0,0.0,0.0,0.0,0.0,0.0,0.0,0.0,0.0,0.0,0.0,0.0,0.0,0.0,0.0,0.0,0.0,0.0,0.0,0.0,0.0,0.0,0.0,0.0,0.0,0.0,0.0,0.0,0.0,0.0,0.0,0.0,0.0,0.0,0.0,0.0,0.0,0.0,0.0,0.0,0.0,0.0,0.0,0.0,0.0,0.0,0.0,0.0,0.0,0.0,0.0,0.0,0.0,0.0,0.0,0.0,0.0",6.8,70376.12109375,961490.19921875,8689.7900390625,168330.40283203125,41.89208984375
1791409593.1747274,individual_n8_vmnos256_r5:confirmation,10.5,"9.3,15.2,33.6,15.4,33.8,14.2,13.8,13.5,14.0,46.0,42.5,27.8,37.7,14.1,34.0,47.1,39.5,28.9,18.2,51.7,40.9,55.0,64.0,51.0,13.2,11.3,16.4,38.9,27.7,21.6,0.0,24.7,0.0,0.0,25.5,14.5,17.0,17.0,17.9,29.1,41.9,15.5,40.0,40.0,7.6,30.0,50.7,39.2,39.6,8.8,28.9,26.0,61.0,65.6,38.4,20.7,17.2,8.2,38.9,47.4,12.3,10.3,39.2,44.4,15.2,11.0,14.4,12.3,98.7,98.7,99.4,98.7,99.4,98.7,99.4,98.7,0.6,0.0,0.0,0.0,0.0,0.6,0.0,0.0,0.0,0.0,0.0,0.0,0.0,0.0,0.0,0.0,0.0,0.0,0.0,0.0,0.0,0.0,52.6,1.3,100.0,0.0,0.0,0.0,0.0,0.0,0.0,0.0,0.0,0.0,0.0,0.0,0.0,0.0,0.0,0.0,0.0,0.0,0.0,0.0,0.0,0.0,0.0,0.0,0.0,0.0,0.0,0.0,0.0,0.0,0.0,0.0,0.0,0.0,0.0,0.0,0.0,0.0,0.0,0.0,0.0,0.0,0.0,0.0,0.0,0.0,0.0,0.0,0.0,0.0,0.0,0.0,0.0,0.0,0.0,0.0,0.0,0.0,0.0,2.7,0.0,0.0,0.0,0.0,0.0,0.0,0.0,0.0,0.0,0.0,0.0,0.0,0.0,0.0,0.0,0.0,0.0,0.0,0.0,0.0,0.0,0.0,0.0,0.0,0.0,0.0,0.0,0.0,0.0,0.0,0.0,0.0,0.0,0.0,0.0,0.0,0.0,0.0,0.0,0.0,0.0,0.0,0.0,0.0,0.0,0.0,0.0,0.0,0.0,0.0,0.0,0.0,0.0,0.0,0.0,0.0,0.0,0.0,0.0,0.0,0.0,0.0,0.0,0.0,0.0,0.0,0.0,0.0,0.0,0.0,0.0,0.0,0.0,0.0,0.0,0.0,0.0,0.0,0.0,0.0,0.0,0.0,0.0,0.0,0.0,0.0,0.0,0.0,0.0,0.0,0.0,0.0,0.0,0.0,0.0",6.8,70251.51953125,961614.80078125,8689.7900390625,168330.40283203125,41.89208984375
1791409594.723653,individual_n8_vmnos256_r5:confirmation,9.7,"16.3,24.1,13.8,21.3,14.3,21.3,17.3,16.5,44.4,18.2,48.6,19.7,13.7,49.3,50.3,20.6,51.7,21.0,44.4,37.4,52.1,8.5,9.0,18.2,40.8,9.4,46.9,49.6,27.1,42.7,0.0,0.0,0.0,0.0,21.7,16.3,17.2,15.0,17.6,19.3,25.7,11.1,7.7,32.4,10.5,21.7,17.1,41.4,11.3,17.5,39.2,18.6,49.6,11.2,11.5,42.1,21.3,11.3,13.7,39.9,18.3,31.5,10.0,20.9,16.1,9.2,13.8,10.1,98.6,97.3,98.6,98.7,99.3,98.7,98.6,98.6,0.0,0.0,0.0,0.0,0.0,0.7,0.0,0.0,0.7,0.0,0.0,0.0,0.0,0.0,0.0,0.0,0.0,0.0,0.0,0.0,0.0,0.0,0.0,0.0,100.0,0.0,0.0,0.0,0.0,0.0,0.0,0.0,0.0,0.0,0.0,0.0,0.0,0.0,0.0,0.0,0.0,0.0,0.0,0.0,0.0,0.0,0.0,0.0,0.0,0.0,0.0,0.0,0.0,0.0,0.0,0.0,0.0,0.0,0.0,0.0,0.0,0.0,0.0,0.0,0.0,0.0,0.0,0.0,0.0,0.0,0.0,0.0,0.0,0.0,0.0,0.0,0.0,0.0,0.0,0.0,0.0,0.0,0.0,1.4,0.0,0.0,0.0,0.0,0.0,0.0,0.0,0.0,0.0,0.0,0.0,0.0,0.0,0.0,0.0,0.0,0.0,0.0,0.0,0.0,0.0,0.0,0.0,0.0,0.0,0.0,0.0,0.0,0.0,0.0,0.0,0.0,0.0,0.0,0.0,0.0,0.0,0.0,0.0,0.0,0.0,0.0,0.0,0.0,0.0,0.0,0.0,0.0,0.0,0.0,0.0,0.0,0.0,0.0,0.0,0.0,0.0,0.0,0.0,0.0,0.0,0.0,0.0,0.0,0.0,0.0,0.0,0.0,0.0,0.0,0.0,0.0,0.0,0.0,0.0,0.0,0.0,0.0,0.0,0.0,0.0,0.0,0.0,0.0,0.0,0.0,0.0,0.0,0.0,0.0,0.0,0.0,0.0,0.0,0.0",6.9,70866.71875,960999.6015625,8689.7900390625,168339.21142578125,41.89208984375
1791409595.7987154,individual_n8_vmnos256_r5:confirmation,8.8,"7.7,24.0,25.7,21.6,10.3,6.8,10.3,8.2,29.3,19.7,10.9,12.8,34.7,11.9,11.8,12.7,12.1,10.1,48.0,18.4,20.3,10.3,22.3,39.2,32.7,11.8,8.7,7.4,9.1,38.4,6.6,4.6,1.3,1.3,13.5,12.8,16.3,9.6,13.8,12.1,31.8,53.3,14.7,41.1,27.4,17.2,24.0,8.3,18.9,25.3,48.0,37.2,52.1,36.0,38.3,11.7,21.1,8.2,13.1,45.9,8.4,23.3,29.7,28.2,13.7,36.1,10.2,31.1,98.7,98.7,98.1,98.7,99.3,98.7,98.7,98.7,0.0,0.0,0.0,0.0,0.0,1.3,0.0,0.0,0.0,0.0,0.0,0.0,0.0,0.0,0.0,0.0,0.0,0.0,0.0,0.0,0.0,0.0,1.3,10.5,90.2,3.3,0.0,0.0,0.0,0.0,0.0,0.0,0.0,0.0,0.0,0.0,0.0,0.0,0.0,0.0,0.0,0.0,0.0,0.0,0.0,0.0,0.0,0.0,0.0,0.0,0.0,0.0,0.0,0.0,0.0,0.0,0.0,0.0,0.0,0.0,0.0,0.0,0.0,0.0,0.0,0.0,0.0,0.0,0.0,0.0,0.0,0.0,0.0,0.0,0.0,0.0,0.0,0.0,0.0,0.0,0.0,0.0,0.0,0.7,0.0,0.0,0.0,0.0,0.0,0.0,0.0,0.0,0.0,0.0,0.0,0.0,0.0,0.0,0.0,0.0,0.0,0.0,0.0,0.0,0.0,0.0,0.0,0.0,0.0,0.0,0.0,0.0,0.0,0.0,0.0,0.0,0.0,0.0,0.0,0.0,0.0,0.0,0.0,0.0,0.0,0.0,0.0,0.0,0.0,0.0,0.0,0.0,0.0,0.0,0.0,0.0,0.0,0.0,0.0,0.0,0.0,0.0,0.0,0.0,0.0,0.0,0.0,0.0,0.0,0.0,0.0,0.0,0.0,0.0,0.0,0.0,0.0,0.0,0.0,0.0,0.0,0.0,0.0,0.0,0.0,0.0,0.0,0.0,0.0,0.0,0.0,0.0,0.0,0.0,0.0,0.0,0.0,0.0,0.0",6.8,70507.7734375,961358.546875,8689.7900390625,168339.46142578125,42.06103515625
1791409597.547356,individual_n8_vmnos256_r5:confirmation,10.8,"9.1,35.3,21.3,49.3,33.1,31.6,21.2,11.1,29.5,33.3,34.6,26.3,10.6,41.0,23.9,24.1,14.1,21.5,64.7,24.4,34.5,23.9,25.2,7.5,21.2,46.6,11.9,11.0,20.0,21.3,28.6,6.5,0.0,0.0,19.5,25.6,17.8,14.7,42.9,46.1,43.7,39.9,23.1,69.1,32.8,41.3,23.0,11.1,40.7,47.4,47.5,23.7,47.4,34.8,59.0,40.7,23.1,40.9,47.1,42.3,15.4,72.3,22.6,20.1,16.3,11.9,10.6,12.1,99.3,98.6,99.3,99.3,99.3,98.6,99.3,98.6,0.0,0.0,0.0,0.0,0.0,1.5,0.0,0.0,0.0,0.0,0.0,0.0,0.0,0.0,0.0,0.0,0.0,0.0,0.0,0.0,0.0,0.0,14.3,99.3,1.4,0.0,0.0,0.0,0.0,0.0,0.0,0.0,0.0,0.0,0.0,0.0,0.0,0.0,0.0,0.0,0.0,0.0,0.0,0.0,0.0,0.0,0.0,0.0,0.0,0.0,0.0,0.0,0.0,0.0,0.0,0.0,0.0,0.0,0.0,0.0,0.0,0.0,0.0,0.0,0.0,0.0,0.0,0.0,0.0,0.0,0.0,0.0,0.0,0.0,0.0,0.0,0.0,0.0,0.0,0.0,0.0,0.0,0.0,0.0,0.0,0.0,0.0,0.0,0.0,0.0,0.0,0.0,1.4,0.0,0.0,0.0,0.0,0.0,0.0,0.0,0.0,0.0,0.0,0.0,0.0,0.0,0.0,0.0,0.0,0.0,0.0,0.0,0.0,0.0,0.0,0.0,0.0,0.0,0.0,0.0,0.0,0.0,0.0,0.0,0.0,0.0,0.0,0.0,0.0,0.0,0.0,0.0,0.0,0.0,0.0,0.0,0.0,0.0,0.0,0.0,0.0,0.0,0.0,0.0,0.0,0.0,0.0,0.0,0.0,0.0,0.0,0.0,0.0,0.0,0.0,0.0,0.0,0.0,0.0,0.0,0.0,0.0,0.0,0.0,0.0,0.0,0.0,0.0,0.0,0.0,0.0,0.0,0.0,0.0,0.0,0.0,0.0,0.0,0.0",6.9,70692.33203125,961173.98828125,8689.7900390625,168339.68408203125,42.06103515625
1791409598.7762375,individual_n8_vmnos256_r5:confirmation,8.3,"8.5,8.2,9.2,8.1,6.4,25.2,43.4,14.2,42.9,7.3,10.8,10.8,4.6,11.5,5.5,13.8,40.5,11.3,37.5,47.3,7.2,36.4,41.1,5.5,12.0,8.1,35.1,6.4,9.1,34.2,35.1,7.8,0.0,1.7,12.7,10.9,42.5,11.0,44.6,25.2,11.8,5.4,8.3,13.0,19.4,45.5,27.9,11.9,5.4,41.2,46.4,14.5,9.7,6.4,8.0,6.3,8.1,9.9,44.7,13.4,8.1,23.2,44.6,8.1,11.6,14.4,9.9,13.6,94.8,98.3,98.2,99.1,99.1,99.1,100.0,99.1,0.0,0.0,0.0,0.0,0.0,0.0,0.0,0.9,0.0,0.0,0.0,0.0,0.0,0.0,0.0,0.0,0.0,0.0,0.0,0.0,0.0,0.0,8.8,100.0,0.0,0.0,0.0,0.0,0.0,0.0,0.0,0.0,0.0,0.0,0.0,0.0,0.0,0.0,0.0,0.0,0.0,0.0,0.0,0.0,0.0,0.0,0.0,0.0,0.0,0.0,0.0,0.0,0.0,0.0,0.0,0.0,0.0,0.0,0.0,0.0,0.0,0.0,0.0,0.0,0.0,0.0,0.0,0.0,0.0,0.0,0.0,0.0,0.0,0.0,0.0,0.0,0.0,0.0,0.0,0.0,0.0,0.0,0.0,1.8,0.0,0.0,0.0,0.0,0.0,0.0,0.0,0.0,0.0,0.0,0.0,0.0,0.0,0.0,0.0,0.0,0.0,0.0,0.0,0.0,0.0,0.0,0.0,0.0,0.0,0.0,0.0,0.0,0.0,0.0,0.0,0.0,0.0,0.0,0.0,0.0,0.0,0.0,0.0,0.0,0.0,0.0,0.0,0.0,0.0,0.0,0.0,0.0,0.0,0.0,0.0,0.0,0.0,0.0,0.0,0.0,0.0,0.0,0.0,0.0,0.0,0.0,0.0,0.0,0.0,0.0,0.0,0.0,0.0,0.0,0.0,0.0,0.0,0.0,0.0,0.0,0.0,0.0,0.0,0.0,0.0,0.0,0.0,0.0,0.0,0.0,0.0,0.0,0.0,0.0,0.0,0.0,0.0,0.0,0.0",6.8,70378.58984375,961487.73046875,8689.7900390625,168339.68408203125,42.06103515625
1791409599.851094,individual_n8_vmnos256_r5:confirmation,8.8,"41.3,9.2,9.7,35.3,8.6,7.9,24.3,17.7,55.3,7.2,37.2,50.0,8.1,50.9,22.1,6.3,10.8,41.7,8.8,9.9,8.1,21.2,18.6,7.2,11.8,10.6,27.0,27.7,12.4,8.8,0.0,0.0,0.0,0.0,3.7,16.2,25.4,42.1,20.2,38.3,40.2,14.4,8.0,8.0,11.2,51.3,9.9,20.5,6.2,7.2,46.4,8.2,44.1,6.3,8.2,4.5,15.8,8.8,8.0,9.8,9.0,52.6,8.0,10.9,17.1,12.3,10.4,8.8,99.1,98.3,98.3,98.3,99.1,98.3,99.1,97.4,0.0,0.0,0.0,0.0,0.0,4.3,0.0,0.0,0.0,0.0,0.0,0.0,0.0,0.0,0.0,0.0,0.0,0.0,0.0,0.0,0.0,0.0,0.0,100.0,0.0,0.0,0.0,0.0,0.0,0.0,0.0,0.0,0.0,0.0,0.0,0.0,0.0,0.0,0.0,0.0,0.0,0.0,0.0,0.0,0.0,0.0,0.0,0.0,0.0,0.0,0.0,0.0,0.0,0.0,0.0,0.0,0.0,0.0,0.0,0.0,0.0,0.0,0.0,0.0,0.0,0.0,0.0,0.0,0.0,0.0,0.0,0.0,0.0,0.0,0.0,0.0,0.0,0.0,0.0,0.0,0.0,0.0,0.0,0.9,0.0,0.0,0.0,0.0,0.0,0.0,0.0,0.0,0.0,0.0,0.0,0.0,0.0,0.0,0.0,0.0,0.0,0.0,0.0,0.0,0.0,0.0,0.0,0.0,0.0,0.0,0.0,0.0,0.0,0.0,0.0,0.0,0.0,0.0,0.0,0.0,0.0,0.0,0.0,0.0,0.0,0.0,0.0,0.0,0.0,0.0,0.0,0.0,0.0,0.0,0.0,0.0,0.0,0.0,0.0,0.0,0.0,0.0,0.0,0.0,0.0,0.0,0.0,0.0,0.0,0.0,0.0,0.0,0.0,0.0,0.0,0.0,0.0,0.0,0.0,0.0,0.0,0.0,0.0,0.0,0.0,0.0,0.0,0.0,0.0,0.0,0.0,0.0,0.0,0.0,0.0,0.0,0.0,0.0,0.0",6.9,71091.46875,960774.8515625,8689.7900390625,168348.23095703125,42.06103515625
1791409601.406122,individual_n8_vmnos256_r5:confirmation,7.3,"27.1,6.9,5.5,8.3,23.3,5.4,39.9,20.7,10.5,20.1,45.2,28.5,14.1,15.1,20.0,22.8,4.2,10.9,5.0,30.6,7.7,30.3,8.2,11.4,32.4,7.9,9.2,7.0,46.2,14.7,0.0,0.0,0.0,0.0,12.4,18.9,6.8,23.8,33.1,8.8,24.3,23.4,9.7,7.7,21.5,27.3,6.3,8.4,41.1,5.7,5.6,28.7,19.7,6.2,8.2,24.3,13.8,10.3,10.1,9.2,8.6,6.4,26.4,11.4,5.4,4.7,4.8,3.4,99.3,98.7,97.4,98.0,98.7,98.7,98.7,98.7,0.0,0.0,0.0,0.0,0.0,0.0,0.0,0.0,0.0,0.0,0.0,0.0,0.0,0.0,0.0,0.0,0.0,0.0,0.0,0.0,0.0,0.0,0.0,100.0,0.0,0.0,0.0,0.0,0.0,0.0,0.0,0.0,0.0,0.0,0.0,0.0,0.0,0.0,0.0,0.0,0.0,0.0,0.0,0.0,0.0,0.0,0.0,0.0,0.0,0.0,0.0,0.0,0.0,0.0,0.0,0.0,0.0,0.0,0.0,0.0,0.0,0.0,0.0,0.0,0.0,0.0,0.0,0.0,0.0,0.0,0.0,0.0,0.0,0.0,0.0,0.0,0.0,0.0,0.0,0.0,0.0,0.0,0.0,0.7,0.0,0.0,0.0,0.0,0.0,0.0,0.0,0.0,0.0,0.0,0.0,0.0,0.0,0.0,0.0,0.0,0.0,0.0,0.0,0.0,0.0,0.0,0.0,0.0,0.0,0.0,0.0,0.0,0.0,0.0,0.0,0.0,0.0,0.0,0.0,0.0,0.0,0.0,0.0,0.0,0.0,0.0,0.0,0.0,0.0,0.0,0.0,0.0,0.0,0.0,0.0,0.0,0.0,0.0,0.0,0.0,0.0,0.0,0.0,0.0,0.0,0.0,0.0,0.0,0.0,0.0,0.0,0.0,0.0,0.0,0.0,0.0,0.0,0.0,0.0,0.0,0.0,0.0,0.0,0.0,0.0,0.0,0.0,0.0,0.0,0.0,0.0,0.0,0.0,0.0,0.0,0.0,0.0,0.0,0.0",6.9,71186.2265625,960680.09375,8689.7900390625,168348.56689453125,42.29638671875
1791409602.6662097,idle,5.6,"14.3,18.8,8.8,5.4,6.1,5.2,2.6,2.7,7.0,10.4,7.0,4.3,7.0,6.4,6.2,6.4,8.0,7.8,6.9,5.2,4.3,6.1,3.5,10.5,2.6,5.9,6.8,9.6,1.7,4.3,37.4,40.2,5.1,3.4,9.1,6.1,7.0,6.1,4.3,6.9,2.6,2.5,13.5,12.0,14.9,7.7,5.1,5.2,4.3,8.9,6.2,8.2,9.2,8.7,7.1,4.5,11.6,13.2,9.5,5.2,8.9,6.1,5.1,15.8,4.2,4.2,6.8,0.9,98.3,99.2,99.2,99.2,99.2,99.2,99.2,98.3,0.0,0.0,0.0,0.0,0.0,0.0,0.0,0.0,0.0,0.0,0.0,0.0,0.0,0.0,0.0,0.0,0.0,0.0,0.0,0.0,0.0,0.0,4.2,99.2,2.6,5.1,0.0,0.0,0.0,0.0,0.0,0.0,0.0,0.0,0.0,0.0,0.0,0.0,0.0,0.0,0.0,0.0,0.0,0.0,0.0,0.0,0.0,0.0,0.0,0.0,0.0,0.0,0.0,0.0,0.0,0.0,0.0,0.0,0.0,0.0,0.0,0.0,0.0,0.0,0.0,0.0,0.0,0.0,0.0,0.0,0.0,0.0,0.0,0.0,0.0,0.0,0.0,0.0,0.0,0.0,0.0,0.0,0.0,0.0,0.0,0.0,0.0,0.0,0.0,0.0,0.0,0.0,0.0,0.0,0.0,0.0,0.0,0.0,0.0,0.0,0.0,0.0,0.0,0.0,0.0,0.0,0.0,0.0,0.0,0.0,0.0,0.0,0.0,0.0,0.0,0.0,0.0,0.0,0.0,0.0,0.0,0.0,0.0,0.0,0.0,0.0,0.0,0.0,0.0,0.0,0.0,0.0,0.0,0.0,0.0,0.0,0.0,0.0,0.0,0.0,0.0,0.0,0.0,0.0,0.0,0.0,0.0,0.0,0.0,0.0,0.0,0.0,0.0,0.0,0.0,0.0,0.0,0.0,0.0,0.0,0.0,0.0,0.0,0.0,0.0,0.0,0.0,0.0,0.0,0.0,0.0,0.0,0.0,0.0,0.0,0.0,0.0,0.0,0.0",6.8,70229.37890625,961636.94140625,8689.7900390625,168348.56689453125,42.29638671875
1791409603.7081325,idle,5.3,"8.7,8.8,7.7,8.8,7.8,11.9,3.8,2.9,4.9,2.9,7.5,7.8,2.0,4.0,7.0,5.0,4.9,10.0,5.8,3.8,1.0,2.9,4.8,5.9,3.9,0.0,3.9,4.9,2.9,2.9,36.5,72.8,1.0,0.0,3.8,5.9,10.7,5.0,1.9,4.9,5.8,7.8,4.9,7.8,3.9,0.0,3.8,2.0,1.9,3.2,7.8,7.2,7.2,15.2,8.1,6.9,11.4,4.8,9.6,4.9,8.8,7.8,4.9,10.6,0.0,1.9,2.0,0.0,99.0,99.0,98.1,99.1,98.1,98.1,98.1,98.1,0.0,0.0,0.0,0.0,0.0,1.0,0.0,0.0,1.0,0.0,0.0,0.0,0.0,0.0,0.0,0.0,0.0,0.0,0.0,0.0,0.0,0.0,0.0,100.0,0.9,0.0,0.0,0.0,0.0,0.0,0.0,0.0,0.0,0.0,0.0,0.0,0.0,0.0,0.0,0.0,0.0,0.0,0.0,0.0,0.0,0.0,0.0,0.0,0.0,0.0,0.0,0.0,0.0,0.0,0.0,0.0,0.0,0.0,0.0,0.0,0.0,0.0,0.0,0.0,0.0,0.0,0.0,0.0,0.0,0.0,0.0,0.0,0.0,0.0,0.0,0.0,0.0,0.0,0.0,0.0,0.0,0.0,0.0,1.0,0.0,0.0,0.0,0.0,0.0,0.0,0.0,0.0,0.0,0.0,0.0,0.0,0.0,0.0,0.0,0.0,0.0,0.0,0.0,0.0,0.0,0.0,0.0,0.0,0.0,0.0,0.0,0.0,0.0,0.0,0.0,0.0,0.0,0.0,0.0,0.0,0.0,0.0,0.0,0.0,0.0,0.0,0.0,0.0,0.0,0.0,0.0,0.0,0.0,0.0,0.0,0.0,0.0,0.0,0.0,0.0,0.0,0.0,0.0,0.0,0.0,0.0,0.0,0.0,0.0,0.0,0.0,0.0,0.0,0.0,0.0,0.0,0.0,0.0,0.0,0.0,0.0,0.0,0.0,0.0,0.0,0.0,0.0,0.0,0.0,0.0,0.0,0.0,0.0,0.0,0.0,0.0,0.0,0.0,0.0",6.9,70856.64453125,961009.67578125,8689.7900390625,168348.56689453125,42.29638671875
1791409604.7521474,idle,5.8,"9.0,5.9,8.9,8.0,6.9,8.7,7.8,6.9,5.9,5.9,5.9,10.9,9.1,6.1,6.1,7.0,6.1,11.9,5.1,6.9,8.7,5.9,5.9,5.1,5.9,2.9,4.0,6.1,8.8,9.7,43.3,63.1,0.0,1.0,7.9,13.1,9.8,1.0,9.0,6.9,10.1,8.0,8.2,10.1,7.0,5.9,5.0,3.0,13.4,9.4,4.0,6.3,7.4,19.4,6.1,13.4,13.0,7.9,9.1,8.9,12.1,10.9,5.1,6.0,2.9,2.0,2.0,7.5,99.0,98.1,99.0,99.0,99.0,98.1,99.0,98.1,0.0,0.0,0.0,0.0,0.0,0.0,0.0,0.0,0.0,0.0,0.0,0.0,0.0,0.0,0.0,0.0,0.0,0.0,0.0,0.0,0.0,0.0,7.7,98.1,1.0,1.9,0.0,0.0,0.0,0.0,0.0,0.0,0.0,0.0,0.0,0.0,0.0,0.0,0.0,0.0,0.0,0.0,0.0,0.0,0.0,0.0,0.0,0.0,0.0,0.0,0.0,0.0,0.0,0.0,0.0,0.0,0.0,0.0,0.0,0.0,0.0,0.0,0.0,0.0,0.0,0.0,0.0,0.0,0.0,0.0,0.0,0.0,0.0,0.0,0.0,0.0,0.0,0.0,0.0,0.0,0.0,0.0,0.0,1.9,0.0,0.0,0.0,0.0,0.0,0.0,0.0,0.0,0.0,0.0,0.0,0.0,0.0,0.0,0.0,0.0,2.0,0.0,0.0,0.0,0.0,0.0,0.0,0.0,0.0,0.0,0.0,0.0,0.0,0.0,0.0,0.0,0.0,0.0,0.0,0.0,0.0,0.0,0.0,0.0,0.0,0.0,0.0,0.0,0.0,0.0,0.0,0.0,0.0,0.0,0.0,0.0,0.0,0.0,0.0,0.0,0.0,0.0,0.0,0.0,0.0,0.0,0.0,0.0,0.0,0.0,0.0,0.0,0.0,0.0,0.0,0.0,0.0,0.0,0.0,0.0,0.0,0.0,0.0,0.0,0.0,0.0,0.0,0.0,0.0,0.0,0.0,0.0,0.0,0.0,0.0,0.0,0.0,0.0,0.0",6.9,71584.6875,960281.6328125,8689.7900390625,168353.39501953125,42.29638671875
1791409605.7742321,idle,5.6,"6.0,4.1,4.0,0.0,3.0,3.0,5.1,3.9,5.0,16.3,4.0,5.0,3.1,3.0,3.0,5.9,6.1,3.0,4.0,2.0,1.0,5.0,2.0,4.2,3.0,2.0,4.0,3.9,4.0,6.0,100.0,76.5,5.0,4.9,6.9,8.1,4.1,3.1,4.5,2.0,11.1,3.1,8.2,12.2,3.0,2.0,1.0,9.0,9.0,7.4,9.2,8.4,10.5,8.3,4.0,6.2,15.3,3.0,6.1,6.9,3.0,7.1,2.0,3.0,8.0,6.9,11.0,12.9,99.0,99.0,99.0,99.0,100.0,92.1,99.0,99.0,0.0,0.0,0.0,0.0,0.0,0.0,0.0,0.0,1.0,0.0,0.0,0.0,0.0,0.0,0.0,0.0,0.0,0.0,0.0,0.0,0.0,0.0,3.0,100.0,3.0,3.0,0.0,0.0,0.0,0.0,0.0,0.0,0.0,0.0,0.0,0.0,0.0,0.0,0.0,0.0,0.0,0.0,0.0,0.0,0.0,0.0,0.0,0.0,0.0,0.0,0.0,0.0,0.0,0.0,0.0,0.0,0.0,0.0,0.0,0.0,0.0,0.0,0.0,0.0,0.0,0.0,0.0,0.0,0.0,0.0,0.0,0.0,0.0,0.0,0.0,0.0,0.0,0.0,0.0,0.0,0.0,0.0,0.0,1.0,0.0,0.0,0.0,0.0,0.0,0.0,0.0,0.0,0.0,0.0,0.0,0.0,0.0,0.0,0.0,0.0,0.0,0.0,0.0,0.0,0.0,0.0,0.0,0.0,0.0,0.0,0.0,0.0,0.0,0.0,0.0,0.0,0.0,0.0,0.0,0.0,0.0,0.0,0.0,0.0,0.0,0.0,0.0,0.0,0.0,0.0,0.0,0.0,0.0,0.0,0.0,0.0,0.0,0.0,0.0,0.0,0.0,0.0,0.0,0.0,0.0,0.0,0.0,0.0,0.0,0.0,0.0,0.0,0.0,0.0,0.0,0.0,0.0,0.0,0.0,0.0,0.0,0.0,0.0,0.0,0.0,0.0,0.0,0.0,0.0,0.0,0.0,0.0,0.0,0.0,0.0,0.0,0.0,0.0,0.0",6.8,70652.60546875,961213.71484375,8689.7900390625,168353.39501953125,40.1103515625
1791409606.7843094,idle,6.6,"11.6,8.3,7.1,8.3,6.2,8.2,9.2,13.3,7.2,12.5,9.1,6.2,8.3,11.2,7.3,23.2,14.4,10.0,7.2,9.3,8.2,7.3,13.4,11.3,8.2,7.1,14.3,9.2,9.3,11.1,37.0,11.0,2.0,27.0,10.4,10.2,11.2,9.3,35.1,11.3,9.5,13.4,10.4,24.0,9.4,9.2,4.3,10.4,13.4,14.0,10.3,10.2,12.6,14.1,9.3,7.2,13.8,14.4,15.8,11.5,10.3,21.4,10.4,9.2,10.9,8.1,5.0,6.1,99.0,99.0,99.0,98.0,98.0,99.0,97.1,99.0,0.0,0.0,0.0,0.0,0.0,0.0,0.0,0.0,1.0,0.0,0.0,0.0,0.0,0.0,0.0,0.0,0.0,0.0,0.0,0.0,0.0,0.0,4.9,100.0,4.0,4.9,0.0,0.0,0.0,0.0,0.0,0.0,0.0,0.0,0.0,0.0,0.0,0.0,0.0,0.0,0.0,0.0,0.0,0.0,0.0,0.0,0.0,0.0,0.0,0.0,0.0,0.0,0.0,0.0,0.0,0.0,0.0,0.0,0.0,0.0,0.0,0.0,0.0,0.0,0.0,0.0,0.0,0.0,0.0,0.0,0.0,0.0,0.0,0.0,0.0,0.0,0.0,0.0,0.0,0.0,0.0,0.0,0.0,1.1,0.0,0.0,0.0,0.0,0.0,0.0,0.0,0.0,0.0,0.0,0.0,0.0,0.0,0.0,0.0,0.0,1.0,0.0,0.0,0.0,0.0,0.0,0.0,0.0,0.0,0.0,0.0,0.0,0.0,0.0,0.0,0.0,0.0,0.0,0.0,0.0,0.0,0.0,0.0,0.0,0.0,0.0,0.0,0.0,0.0,0.0,0.0,0.0,0.0,0.0,0.0,0.0,0.0,0.0,0.0,0.0,0.0,0.0,0.0,0.0,0.0,0.0,0.0,0.0,0.0,0.0,0.0,0.0,0.0,0.0,0.0,0.0,0.0,0.0,0.0,0.0,0.0,0.0,0.0,0.0,0.0,0.0,0.0,0.0,0.0,0.0,0.0,0.0,0.0,0.0,0.0,0.0,0.0,0.0,0.0",6.8,70537.99609375,961328.32421875,8689.7900390625,168354.06298828125,40.1103515625
1791409607.8152297,idle,4.6,"5.7,3.0,0.0,3.9,2.9,1.9,4.0,1.0,6.9,0.0,2.9,2.9,2.0,5.9,4.9,5.9,1.0,2.0,2.9,2.0,2.9,2.0,6.9,1.0,7.9,0.0,3.0,5.9,2.0,2.0,31.1,0.0,1.0,9.7,1.0,1.0,5.9,4.0,18.4,0.0,7.7,2.9,4.0,10.0,1.9,0.0,2.0,1.0,3.9,13.3,5.9,8.1,4.3,5.2,6.0,3.1,8.0,3.0,5.1,5.9,1.0,4.0,1.0,2.9,1.0,1.9,1.0,1.9,98.1,98.1,98.1,98.0,99.0,97.1,98.1,99.0,0.0,0.0,0.0,0.0,0.0,3.0,0.0,0.0,0.0,0.0,0.0,0.0,0.0,0.0,0.0,0.0,0.0,0.0,0.0,0.0,0.0,0.0,0.0,100.0,0.0,0.0,0.0,0.0,0.0,0.0,0.0,0.0,0.0,0.0,0.0,0.0,0.0,0.0,0.0,0.0,0.0,0.0,0.0,0.0,0.0,0.0,0.0,0.0,0.0,0.0,0.0,0.0,0.0,0.0,0.0,0.0,0.0,0.0,0.0,0.0,0.0,0.0,0.0,0.0,0.0,0.0,0.0,0.0,0.0,0.0,0.0,0.0,0.0,0.0,0.0,0.0,0.0,0.0,0.0,0.0,0.0,0.0,0.0,0.0,1.9,0.0,0.0,0.0,0.0,0.0,0.0,0.0,0.0,0.0,0.0,0.0,0.0,0.0,0.0,0.0,0.0,0.0,0.0,0.0,0.0,0.0,0.0,0.0,0.0,0.0,0.0,0.0,0.0,0.0,0.0,0.0,0.0,0.0,0.0,0.0,0.0,0.0,0.0,0.0,0.0,0.0,0.0,0.0,0.0,0.0,0.0,0.0,0.0,0.0,0.0,0.0,0.0,0.0,0.0,0.0,0.0,0.0,0.0,0.0,0.0,0.0,0.0,0.0,0.0,0.0,0.0,0.0,0.0,0.0,0.0,0.0,0.0,0.0,0.0,0.0,0.0,0.0,0.0,0.0,0.0,0.0,0.0,0.0,0.0,0.0,0.0,0.0,0.0,0.0,0.0,0.0,0.0,0.0,0.0",6.9,71478.56640625,960387.75390625,8689.7900390625,168354.06298828125,40.1103515625
1791409608.8416004,idle,5.7,"17.8,8.0,5.9,7.2,7.8,6.1,3.9,11.2,11.8,6.9,7.7,10.0,5.9,7.9,9.1,5.9,12.1,4.0,5.0,5.9,7.8,7.9,8.9,7.2,6.0,11.0,10.1,18.4,14.0,8.8,0.0,10.8,0.0,3.9,8.1,8.0,11.0,11.1,9.0,14.0,5.1,3.0,7.0,9.3,4.0,4.0,6.0,7.0,9.0,10.3,9.7,11.0,14.3,10.2,11.2,14.4,10.1,5.8,9.7,8.1,11.1,10.1,7.8,5.0,1.0,2.9,5.0,3.0,99.0,98.0,99.0,99.1,99.0,99.0,99.0,99.0,0.0,0.0,0.0,0.0,0.0,0.0,0.0,0.0,0.0,0.0,0.0,0.0,0.0,0.0,0.0,0.0,0.0,0.0,0.0,0.0,0.0,0.0,2.9,100.0,3.8,2.9,0.0,0.0,0.0,0.0,0.0,0.0,0.0,0.0,0.0,0.0,0.0,1.0,0.0,0.0,0.0,0.0,0.0,0.0,0.0,0.0,0.0,0.0,0.0,0.0,0.0,0.0,0.0,0.0,0.0,0.0,0.0,0.0,0.0,0.0,0.0,0.0,0.0,0.0,0.0,0.0,0.0,0.0,0.0,0.0,0.0,0.0,0.0,0.0,0.0,0.0,0.0,0.0,0.0,0.0,0.0,0.0,0.0,0.0,0.0,0.0,0.0,0.0,0.0,0.0,0.0,0.0,0.0,0.0,0.0,0.0,0.0,0.0,0.0,0.0,0.0,0.0,0.0,1.0,0.0,0.0,0.0,0.0,0.0,0.0,0.0,0.0,0.0,0.0,0.0,0.0,0.0,0.0,0.0,0.0,0.0,0.0,0.0,0.0,0.0,0.0,0.0,0.0,0.0,0.0,0.0,0.0,0.0,0.0,0.0,0.0,0.0,0.0,0.0,0.0,0.0,0.0,0.0,0.0,0.0,0.0,0.0,0.0,0.0,0.0,0.0,0.0,0.0,0.0,0.0,0.0,0.0,0.0,0.0,0.0,0.0,0.0,0.0,0.0,0.0,0.0,0.0,0.0,0.0,0.0,0.0,0.0,0.0,0.0,0.0,0.0,0.0,0.0,0.0",6.8,70454.1484375,961412.171875,8689.7900390625,168354.06298828125,40.1103515625
1791409609.8895137,idle,5.2,"23.2,3.1,2.9,1.0,2.9,4.9,3.9,9.9,2.9,1.0,1.0,2.9,2.9,4.9,2.9,3.0,8.7,4.9,2.1,2.9,3.9,11.2,9.0,2.0,2.0,3.0,3.9,9.6,1.0,1.0,0.0,35.0,1.0,0.0,2.9,2.9,6.9,6.9,3.9,4.0,7.7,2.0,3.8,4.8,3.9,3.9,2.9,5.0,7.8,4.1,8.7,13.4,5.3,7.8,8.0,7.9,6.9,1.0,6.8,7.8,10.9,7.1,3.0,1.0,2.9,1.0,2.9,2.9,99.0,99.0,99.0,99.0,98.1,99.0,98.1,99.0,0.0,0.0,0.0,0.0,0.0,1.0,1.0,0.0,0.0,0.0,0.0,0.0,0.0,95.2,0.0,0.0,0.0,0.0,0.0,0.0,0.0,0.0,0.0,100.0,0.0,0.0,0.0,0.0,0.0,0.0,0.0,0.0,0.0,0.0,0.0,0.0,0.0,0.0,0.0,0.0,0.0,0.0,0.0,0.0,0.0,0.0,0.0,0.0,0.0,0.0,0.0,0.0,0.0,0.0,0.0,0.0,0.0,0.0,0.0,0.0,0.0,0.0,0.0,0.0,0.0,0.0,0.0,0.0,0.0,0.0,0.0,0.0,0.0,0.0,0.0,0.0,0.0,0.0,0.0,0.0,0.0,0.0,0.0,1.0,0.0,0.0,0.0,0.0,0.0,0.0,0.0,0.0,0.0,0.0,0.0,0.0,0.0,0.0,0.0,0.0,1.0,0.0,0.0,0.0,0.0,0.0,0.0,0.0,0.0,0.0,0.0,0.0,0.0,0.0,0.0,0.0,0.0,0.0,0.0,0.0,0.0,0.0,0.0,0.0,0.0,0.0,0.0,0.0,0.0,0.0,0.0,0.0,0.0,0.0,0.0,0.0,0.0,0.0,0.0,0.0,0.0,0.0,0.0,0.0,0.0,0.0,0.0,0.0,0.0,0.0,0.0,0.0,0.0,0.0,0.0,0.0,0.0,0.0,0.0,0.0,0.0,0.0,0.0,0.0,0.0,0.0,0.0,0.0,0.0,0.0,0.0,0.0,0.0,0.0,0.0,0.0,0.0,0.0,0.0",6.9,70884.33984375,960981.98046875,8689.7900390625,168355.80517578125,40.1103515625
1791409610.9113388,idle,6.8,"30.4,9.2,5.2,15.3,6.2,6.0,9.1,10.3,9.0,10.3,7.3,6.2,5.0,16.2,7.0,6.9,7.3,9.3,6.1,7.1,8.8,10.0,8.2,13.3,6.9,9.0,7.8,12.0,18.4,12.0,52.9,9.9,0.0,3.0,5.2,7.1,11.5,9.3,9.1,4.1,10.1,7.1,6.2,7.1,6.2,8.1,9.9,11.0,8.3,6.5,8.3,17.0,10.2,18.4,12.6,12.9,17.0,5.2,13.5,14.9,17.3,6.2,7.3,8.1,21.2,2.0,5.9,5.9,99.0,98.1,99.0,99.0,99.0,98.1,99.0,98.1,0.0,0.0,0.0,0.0,0.0,0.0,0.0,0.0,2.0,0.0,0.0,0.0,0.0,100.0,0.0,0.0,0.0,0.0,0.0,0.0,0.0,0.0,45.5,99.0,2.9,3.9,0.0,0.0,0.0,0.0,0.0,0.0,0.0,0.0,0.0,0.0,0.0,0.0,0.0,0.0,0.0,0.0,0.0,0.0,0.0,0.0,0.0,0.0,0.0,0.0,0.0,0.0,0.0,0.0,0.0,0.0,0.0,0.0,0.0,0.0,0.0,0.0,0.0,0.0,0.0,0.0,0.0,0.0,0.0,0.0,0.0,0.0,0.0,0.0,0.0,0.0,0.0,0.0,0.0,0.0,0.0,0.0,0.0,0.0,0.0,0.0,0.0,0.0,0.0,0.0,0.0,0.0,0.0,0.0,0.0,0.0,0.0,0.0,1.0,0.0,0.0,0.0,0.0,0.0,0.0,0.0,0.0,0.0,0.0,0.0,0.0,0.0,0.0,0.0,0.0,0.0,0.0,0.0,0.0,0.0,0.0,0.0,0.0,0.0,0.0,0.0,0.0,0.0,0.0,0.0,0.0,0.0,0.0,0.0,0.0,0.0,0.0,0.0,0.0,0.0,0.0,0.0,0.0,0.0,0.0,0.0,0.0,0.0,0.0,0.0,0.0,0.0,0.0,0.0,0.0,0.0,0.0,0.0,0.0,0.0,0.0,0.0,0.0,0.0,0.0,0.0,0.0,0.0,0.0,0.0,0.0,0.0,0.0,0.0,0.0,0.0,0.0,0.0,0.0",6.9,71123.63671875,960742.68359375,8689.7900390625,168355.80517578125,38.81982421875
1791409611.955083,idle,5.6,"12.4,3.0,0.0,7.7,0.0,0.0,5.0,31.4,2.0,2.9,2.9,1.9,2.9,1.9,1.0,1.9,2.0,1.0,1.0,2.9,1.9,1.0,2.9,8.1,1.9,0.0,0.0,1.9,1.0,0.0,75.0,57.3,25.2,1.9,8.7,1.0,1.0,2.9,26.5,2.9,0.0,1.0,2.9,5.9,2.9,0.0,2.0,1.0,2.9,3.1,10.8,7.2,8.2,18.2,4.1,6.1,6.7,0.0,12.0,2.0,11.7,4.9,5.8,7.8,0.0,1.9,1.9,1.0,100.0,100.0,99.0,99.0,99.0,98.1,98.1,99.0,0.0,0.0,0.0,0.0,0.0,2.8,0.0,0.0,0.0,0.0,0.0,0.0,0.0,49.5,0.0,0.0,0.0,0.0,0.0,0.0,0.0,0.0,44.2,99.0,2.9,1.9,0.0,0.0,0.0,0.0,0.0,0.0,0.0,0.0,0.0,0.0,0.0,0.0,0.0,0.0,0.0,0.0,0.0,0.0,0.0,0.0,0.0,0.0,0.0,0.0,0.0,0.0,0.0,0.0,0.0,0.0,0.0,0.0,0.0,0.0,0.0,0.0,0.0,0.0,0.0,0.0,0.0,0.0,0.0,0.0,0.0,0.0,0.0,0.0,0.0,0.0,1.0,0.0,0.0,0.0,0.0,0.0,0.0,0.0,0.0,0.0,0.0,0.0,0.0,0.0,0.0,0.0,0.0,0.0,0.0,0.0,0.0,0.0,1.9,0.0,0.0,0.0,0.0,0.0,0.0,0.0,0.0,0.0,0.0,0.0,0.0,0.0,0.0,0.0,0.0,0.0,0.0,0.0,0.0,0.0,0.0,0.0,0.0,0.0,0.0,0.0,0.0,0.0,0.0,0.0,0.0,0.0,0.0,0.0,0.0,0.0,0.0,0.0,0.0,0.0,0.0,0.0,0.0,0.0,0.0,0.0,0.0,0.0,0.0,0.0,0.0,0.0,0.0,0.0,0.0,0.0,0.0,0.0,0.0,0.0,0.0,0.0,0.0,0.0,0.0,0.0,0.0,0.0,0.0,0.0,0.0,0.0,0.0,0.0,0.0,0.0,0.0,0.0,0.0",6.9,70715.37890625,961150.94140625,8689.7900390625,168356.05517578125,38.81982421875
1791409612.965642,idle,6.4,"21.0,5.1,5.1,11.2,5.1,6.9,10.0,12.2,11.2,5.1,8.0,8.0,4.0,4.0,7.8,4.1,7.1,4.0,5.0,5.1,6.0,3.1,8.1,15.8,3.0,2.0,1.0,5.9,3.0,2.0,48.5,40.6,67.3,7.9,8.2,2.0,6.1,5.0,1.1,4.0,3.0,7.9,8.0,6.2,6.2,11.1,4.1,5.1,10.5,7.4,9.3,8.6,12.1,10.1,15.8,7.1,11.2,5.9,12.0,8.1,11.5,7.2,7.2,6.0,4.9,2.1,5.9,2.0,99.0,99.0,99.0,99.0,99.0,99.0,98.0,99.0,0.0,0.0,0.0,0.0,0.0,1.0,0.0,0.0,1.0,0.0,0.0,0.0,0.0,100.0,0.0,0.0,0.0,0.0,0.0,0.0,0.0,0.0,5.9,81.0,6.0,26.7,0.0,0.0,0.0,0.0,0.0,0.0,0.0,0.0,0.0,0.0,0.0,0.0,0.0,0.0,0.0,0.0,0.0,0.0,0.0,0.0,0.0,0.0,0.0,0.0,0.0,0.0,0.0,0.0,0.0,0.0,0.0,0.0,0.0,0.0,0.0,0.0,0.0,0.0,0.0,0.0,0.0,0.0,0.0,0.0,0.0,0.0,0.0,0.0,0.0,0.0,0.0,0.0,0.0,0.0,0.0,0.0,0.0,1.0,0.0,0.0,0.0,0.0,0.0,0.0,0.0,0.0,0.0,0.0,0.0,0.0,0.0,0.0,0.0,0.0,0.0,0.0,0.0,0.0,0.0,0.0,0.0,0.0,0.0,0.0,0.0,0.0,0.0,0.0,0.0,0.0,0.0,0.0,0.0,0.0,0.0,0.0,0.0,0.0,0.0,0.0,0.0,0.0,0.0,0.0,0.0,0.0,0.0,0.0,0.0,0.0,0.0,0.0,0.0,0.0,0.0,0.0,0.0,0.0,0.0,0.0,0.0,0.0,0.0,0.0,0.0,0.0,0.0,0.0,0.0,0.0,0.0,0.0,0.0,0.0,0.0,0.0,0.0,0.0,0.0,0.0,0.0,0.0,0.0,0.0,0.0,0.0,0.0,0.0,0.0,0.0,0.0,0.0,0.0",6.8,70392.578125,961473.7421875,8689.7900390625,168356.05517578125,38.81982421875
1791409613.9997647,idle,5.4,"16.5,1.9,1.0,0.0,1.9,2.9,3.8,1.0,4.9,8.0,5.9,3.8,7.8,4.9,3.0,1.9,4.9,2.0,6.7,3.9,2.9,2.8,1.0,5.0,1.0,0.0,0.0,1.0,0.0,1.0,73.1,27.2,0.0,0.9,6.7,1.9,8.7,8.7,3.9,1.9,1.9,0.0,1.9,1.0,2.9,1.0,4.8,1.0,9.8,9.1,4.9,10.1,8.2,4.9,6.9,8.7,4.9,1.9,4.8,1.9,10.7,3.0,7.8,1.0,0.0,2.8,3.8,0.0,98.1,99.0,99.0,99.0,98.1,97.1,98.1,99.0,0.0,0.0,0.0,0.0,0.0,0.0,0.0,0.0,1.0,0.0,0.0,0.0,0.0,100.0,0.0,0.0,0.0,0.0,0.0,0.0,0.0,0.0,0.0,68.6,0.0,68.3,0.0,0.0,0.0,0.0,0.0,0.0,0.0,0.0,0.0,0.0,0.0,0.0,0.0,0.0,0.0,0.0,0.0,0.0,0.0,0.0,0.0,0.0,0.0,0.0,0.0,0.0,0.0,0.0,0.0,0.0,0.0,0.0,0.0,0.0,0.0,0.0,0.0,0.0,0.0,0.0,0.0,0.0,0.0,0.0,0.0,0.0,0.0,0.0,0.0,0.0,0.0,0.0,0.0,0.0,0.0,0.0,0.0,0.0,0.0,0.0,0.0,0.0,0.0,0.0,0.0,0.0,0.0,0.0,0.0,0.0,0.0,0.0,0.0,0.0,0.0,0.0,0.0,0.0,0.0,0.0,0.0,0.0,0.0,0.0,0.0,0.0,0.0,0.0,0.0,0.0,0.0,0.0,0.0,0.0,0.0,0.0,0.0,0.0,0.0,0.0,0.0,0.0,0.0,0.0,0.0,0.0,0.0,0.0,0.0,0.0,0.0,0.0,0.0,0.0,0.0,0.0,0.0,0.0,0.0,0.0,0.0,0.0,0.0,0.0,0.0,0.0,0.0,0.0,0.0,0.0,0.0,0.0,0.0,0.0,0.0,0.0,0.0,0.0,0.0,0.0,0.0,0.0,0.0,0.0,0.0,0.0,0.0,0.0,0.0,0.0,0.0,0.0,0.0",6.9,71232.328125,960633.9921875,8689.7900390625,168356.05517578125,38.81982421875
1791409615.0448074,idle,6.1,"10.1,10.9,5.1,5.0,5.0,9.4,9.1,10.2,7.1,6.1,9.9,7.1,12.4,12.4,10.1,7.1,4.0,7.8,11.3,8.0,5.0,10.1,7.2,8.1,4.9,5.0,3.9,6.9,2.0,8.1,26.2,29.1,2.0,0.0,11.3,7.1,8.2,10.4,10.4,6.4,6.0,7.0,9.0,7.8,6.9,3.1,16.3,6.1,10.3,11.5,11.3,10.4,13.5,8.1,10.3,9.9,10.1,3.0,7.1,10.1,4.0,7.9,10.2,4.2,2.9,1.0,4.0,3.9,99.0,99.0,99.0,99.0,99.0,99.0,98.1,99.0,0.0,0.0,0.0,0.0,0.0,1.0,0.0,0.0,1.0,0.0,0.0,0.0,0.0,19.2,0.0,0.0,0.0,0.0,0.0,0.0,0.0,0.0,1.0,92.2,4.9,85.4,0.0,0.0,0.0,0.0,0.0,0.0,0.0,0.0,0.0,0.0,0.0,0.0,0.0,0.0,0.0,0.0,0.0,0.0,0.0,0.0,0.0,0.0,0.0,0.0,0.0,0.0,0.0,0.0,0.0,0.0,0.0,0.0,0.0,0.0,0.0,0.0,0.0,0.0,0.0,0.0,0.0,0.0,0.0,0.0,0.0,0.0,0.0,0.0,0.0,0.0,0.0,0.0,0.0,0.0,0.0,0.0,0.0,2.0,0.0,0.0,0.0,0.0,0.0,0.0,0.0,0.0,0.0,0.0,0.0,0.0,0.0,0.0,0.0,0.0,0.0,0.0,0.0,0.0,0.0,0.0,0.0,0.0,0.0,0.0,0.0,0.0,0.0,0.0,0.0,0.0,0.0,0.0,0.0,0.0,0.0,0.0,0.0,0.0,0.0,0.0,0.0,0.0,0.0,0.0,0.0,0.0,0.0,0.0,0.0,0.0,0.0,0.0,0.0,0.0,0.0,0.0,0.0,0.0,0.0,0.0,0.0,0.0,0.0,0.0,0.0,0.0,0.0,0.0,0.0,0.0,0.0,0.0,0.0,0.0,0.0,0.0,0.0,0.0,0.0,0.0,0.0,0.0,0.0,0.0,0.0,0.0,0.0,0.0,0.0,0.0,0.0,0.0,0.0",6.9,70913.23828125,960953.08203125,8689.7900390625,168357.64501953125,38.81982421875
1791409616.0834455,idle,4.7,"4.6,1.0,0.0,0.0,1.0,2.9,4.8,3.9,16.5,3.9,2.0,1.9,5.0,8.9,6.1,3.0,1.9,1.0,4.9,2.9,1.9,4.9,2.9,0.0,0.0,0.0,1.9,1.9,1.0,1.9,100.0,63.1,0.0,0.0,5.9,5.0,10.8,7.7,2.9,5.9,2.9,0.0,0.0,0.0,1.0,2.9,2.0,4.9,3.9,6.2,7.9,9.1,3.1,5.0,11.1,5.0,4.0,1.0,1.9,0.0,1.0,2.0,5.9,3.0,1.0,1.0,2.0,0.0,99.0,99.0,99.0,99.0,99.0,98.1,99.0,98.1,0.0,0.0,0.0,0.0,0.0,2.0,0.0,0.0,0.0,0.0,0.0,0.0,0.0,0.0,0.0,0.0,0.0,0.0,0.0,0.0,0.0,0.0,12.5,0.0,0.0,0.0,0.0,0.0,0.0,0.0,0.0,0.0,0.0,0.0,0.0,0.0,0.0,0.0,0.0,0.0,0.0,0.0,0.0,0.0,0.0,0.0,0.0,0.0,0.0,0.0,0.0,0.0,0.0,0.0,0.0,0.0,0.0,0.0,0.0,0.0,0.0,0.0,0.0,0.0,0.0,0.0,0.0,0.0,0.0,0.0,0.0,0.0,0.0,0.0,0.0,0.0,0.0,0.0,0.0,0.0,0.0,0.0,0.0,1.0,0.0,0.0,0.0,0.0,0.0,0.0,0.0,0.0,0.0,0.0,0.0,0.0,0.0,0.0,0.0,0.0,0.0,0.0,0.0,0.0,0.0,0.0,0.0,0.0,0.0,0.0,0.0,0.0,0.0,0.0,0.0,0.0,0.0,0.0,0.0,0.0,0.0,0.0,0.0,0.0,0.0,0.0,0.0,0.0,0.0,0.0,0.0,0.0,1.0,0.0,0.0,0.0,0.0,0.0,0.0,0.0,0.0,0.0,0.0,0.0,0.0,0.0,0.0,0.0,0.0,0.0,0.0,0.0,0.0,0.0,0.0,0.0,0.0,0.0,0.0,0.0,0.0,0.0,0.0,0.0,0.0,0.0,0.0,0.0,0.0,0.0,0.0,0.0,0.0,0.0,0.0,0.0,0.0,0.0,0.0",6.9,71262.25,960604.0703125,8689.7900390625,168357.64501953125,37.072265625
1791409617.1097696,idle,6.0,"7.8,6.0,9.2,14.0,5.0,9.0,10.0,8.0,9.2,10.1,7.0,7.9,13.3,15.2,7.1,8.1,4.0,6.9,5.1,5.0,11.2,4.1,6.2,3.1,4.0,3.0,6.9,4.0,4.0,6.0,98.1,68.0,3.0,0.0,9.3,9.0,5.3,16.5,14.1,12.0,11.1,21.2,5.2,7.1,7.0,5.9,5.2,6.9,9.2,11.0,8.3,11.7,10.6,8.1,5.2,11.2,12.0,5.2,10.0,10.8,4.9,10.0,10.1,8.9,2.0,2.0,3.0,2.0,99.0,100.0,99.0,99.0,98.1,98.1,98.1,98.0,0.0,0.0,0.0,0.0,0.0,0.0,0.0,0.0,0.0,0.0,0.0,0.0,0.0,0.0,0.0,0.0,0.0,0.0,0.0,0.0,0.0,0.0,52.4,2.0,2.0,2.9,0.0,0.0,0.0,0.0,0.0,0.0,0.0,0.0,0.0,0.0,0.0,0.0,0.0,0.0,0.0,0.0,0.0,0.0,0.0,0.0,0.0,0.0,0.0,0.0,0.0,0.0,0.0,0.0,0.0,0.0,0.0,0.0,0.0,0.0,0.0,0.0,0.0,0.0,0.0,0.0,0.0,0.0,0.0,0.0,0.0,0.0,0.0,0.0,0.0,0.0,0.0,1.0,0.0,0.0,0.0,0.0,0.0,2.0,0.0,0.0,0.0,0.0,0.0,0.0,0.0,0.0,0.0,0.0,0.0,0.0,0.0,0.0,0.0,0.0,0.0,0.0,0.0,0.0,0.0,0.0,0.0,0.0,0.0,0.0,0.0,0.0,0.0,0.0,0.0,0.0,0.0,0.0,0.0,0.0,0.0,0.0,0.0,0.0,0.0,0.0,0.0,0.0,0.0,0.0,0.0,0.0,0.0,0.0,0.0,0.0,0.0,0.0,0.0,0.0,0.0,0.0,0.0,0.0,0.0,0.0,0.0,0.0,0.0,0.0,0.0,0.0,0.0,0.0,0.0,0.0,0.0,0.0,0.0,0.0,0.0,0.0,0.0,0.0,0.0,0.0,0.0,0.0,0.0,0.0,0.0,0.0,0.0,0.0,0.0,0.0,0.0,0.0,0.0",6.9,71089.5078125,960776.8125,8689.7900390625,168358.15283203125,37.072265625
1791409618.134795,idle,5.8,"8.0,6.1,1.0,3.0,2.9,4.0,7.0,5.9,8.9,12.0,10.8,7.1,3.0,16.2,3.0,3.0,2.0,4.0,2.9,2.9,19.4,5.9,4.0,5.1,4.9,6.9,6.9,4.0,3.0,5.9,92.1,100.0,1.0,1.0,5.9,5.0,5.2,12.2,12.4,10.2,4.0,11.1,3.0,3.0,5.9,6.0,9.9,5.1,12.2,8.6,8.2,7.5,9.8,9.2,7.0,8.4,6.0,2.0,4.0,26.3,1.0,3.0,3.0,8.2,0.0,0.0,2.9,2.0,99.0,99.0,99.0,98.0,99.0,98.0,99.0,99.0,0.0,0.0,0.0,0.0,0.0,0.0,0.0,0.0,2.1,0.0,0.0,0.0,0.0,0.0,0.0,0.0,0.0,0.0,0.0,0.0,0.0,0.0,100.0,1.0,1.0,0.0,0.0,0.0,0.0,0.0,0.0,0.0,0.0,0.0,0.0,0.0,0.0,0.0,0.0,0.0,0.0,0.0,0.0,0.0,0.0,0.0,0.0,0.0,0.0,0.0,0.0,0.0,0.0,0.0,0.0,1.0,0.0,1.0,0.0,0.0,0.0,0.0,0.0,0.0,0.0,0.0,0.0,0.0,0.0,0.0,0.0,0.0,0.0,0.0,0.0,0.0,0.0,0.0,0.0,0.0,0.0,0.0,0.0,2.0,0.0,0.0,0.0,0.0,0.0,0.0,0.0,0.0,0.0,0.0,0.0,0.0,0.0,0.0,0.0,0.0,0.0,0.0,0.0,1.0,0.0,0.0,0.0,0.0,0.0,0.0,0.0,0.0,0.0,0.0,0.0,0.0,0.0,0.0,0.0,0.0,0.0,0.0,0.0,0.0,0.0,0.0,0.0,0.0,0.0,0.0,0.0,0.0,0.0,0.0,0.0,0.0,0.0,0.0,0.0,0.0,0.0,0.0,0.0,0.0,0.0,0.0,0.0,0.0,0.0,0.0,0.0,0.0,0.0,0.0,0.0,0.0,0.0,0.0,0.0,0.0,0.0,0.0,0.0,0.0,0.0,0.0,0.0,0.0,0.0,0.0,0.0,0.0,0.0,0.0,0.0,0.0,0.0,0.0,0.0",6.9,71243.23046875,960623.08984375,8689.7900390625,168358.15283203125,37.072265625
1791409619.1932282,idle,5.9,"9.9,13.5,4.9,6.7,5.8,5.9,10.7,5.0,6.8,5.8,5.0,17.6,10.9,8.7,4.0,7.7,8.8,8.7,6.7,3.9,4.8,9.7,15.5,4.0,1.0,3.8,6.7,8.5,4.7,3.8,41.0,63.2,17.1,0.9,5.8,7.8,4.9,11.8,8.7,6.9,15.9,5.8,3.8,6.8,6.9,9.5,5.8,7.6,7.9,6.4,13.0,9.4,10.3,9.0,12.9,14.7,14.7,5.9,8.7,7.7,4.0,7.7,9.7,11.8,2.0,1.9,3.8,2.9,99.0,99.0,99.1,99.0,100.0,98.1,98.1,99.0,0.0,0.0,0.0,0.0,0.0,1.0,0.0,0.0,2.9,0.0,0.0,0.0,0.0,0.0,0.0,0.0,0.0,0.0,0.0,0.0,0.0,0.0,99.0,0.0,0.0,11.3,0.0,0.0,0.0,0.0,0.0,0.0,0.0,0.0,0.0,0.0,0.0,0.0,0.0,0.0,0.0,0.0,0.0,0.0,0.0,0.0,0.0,0.0,0.0,0.0,0.0,0.0,0.0,0.0,0.0,0.0,0.0,0.0,0.0,0.0,0.0,0.0,0.0,0.0,0.0,0.0,0.0,0.0,0.0,0.0,0.0,0.0,0.0,0.0,0.0,0.0,0.0,0.0,0.0,0.0,0.0,0.0,0.0,0.0,0.0,0.0,0.0,0.0,0.0,0.0,0.0,0.0,0.0,0.0,0.0,0.0,0.0,0.0,0.0,0.0,0.0,0.0,0.0,0.0,0.0,0.0,0.0,0.0,0.0,0.0,0.0,0.0,0.0,0.0,0.0,0.0,0.0,0.0,0.0,0.0,0.0,0.0,0.0,0.0,0.0,0.0,0.0,0.0,0.0,0.0,0.0,0.0,0.0,0.0,0.0,0.0,0.0,0.0,0.0,0.0,0.0,0.0,0.0,0.0,0.0,0.0,0.0,0.0,0.0,0.0,0.0,0.0,0.0,0.0,0.0,0.0,0.0,0.0,0.0,0.0,0.0,0.0,0.0,0.0,0.0,0.0,0.0,0.0,0.0,0.0,0.0,0.0,0.0,0.0,0.0,0.0,0.0,0.0,0.0",6.9,70979.54296875,960886.77734375,8689.7900390625,168358.15283203125,37.072265625
1791409620.2024343,idle,5.2,"10.3,4.1,3.0,1.0,1.0,2.0,7.0,3.0,5.1,1.0,2.0,5.0,7.3,6.3,2.1,1.0,4.1,8.3,0.0,4.0,1.0,3.0,6.1,5.0,2.1,6.3,3.2,7.4,6.9,6.1,36.0,20.2,64.4,26.0,1.0,1.0,1.0,2.0,5.0,1.0,3.1,5.1,2.0,2.0,2.0,15.2,2.1,2.0,2.0,8.5,5.3,13.5,6.6,6.2,11.5,14.1,6.1,14.1,9.2,8.1,2.1,1.0,2.0,8.1,0.0,0.0,2.0,2.9,99.0,98.0,99.0,98.0,98.0,99.0,99.0,99.0,0.0,0.0,0.0,0.0,0.0,1.0,0.0,0.0,1.0,0.0,0.0,0.0,0.0,0.0,0.0,0.0,0.0,0.0,0.0,0.0,0.0,0.0,56.4,3.0,5.9,4.0,0.0,0.0,0.0,0.0,0.0,0.0,0.0,0.0,0.0,0.0,0.0,0.0,0.0,0.0,0.0,0.0,0.0,0.0,0.0,0.0,0.0,0.0,0.0,0.0,0.0,0.0,0.0,0.0,0.0,0.0,0.0,0.0,0.0,0.0,0.0,0.0,0.0,0.0,0.0,0.0,0.0,0.0,0.0,0.0,0.0,0.0,0.0,0.0,0.0,0.0,0.0,0.0,0.0,0.0,0.0,0.0,0.0,1.0,0.0,0.0,0.0,0.0,0.0,0.0,0.0,0.0,0.0,0.0,0.0,0.0,0.0,0.0,0.0,0.0,0.0,0.0,0.0,1.0,0.0,0.0,0.0,0.0,0.0,0.0,0.0,0.0,0.0,0.0,0.0,0.0,0.0,0.0,0.0,0.0,0.0,0.0,0.0,0.0,0.0,0.0,0.0,0.0,0.0,0.0,0.0,0.0,0.0,0.0,0.0,0.0,0.0,0.0,0.0,0.0,0.0,0.0,0.0,0.0,0.0,0.0,0.0,0.0,0.0,0.0,0.0,0.0,0.0,0.0,0.0,0.0,0.0,0.0,0.0,0.0,0.0,0.0,0.0,0.0,0.0,0.0,0.0,0.0,0.0,0.0,0.0,0.0,0.0,0.0,0.0,0.0,0.0,0.0,0.0",6.9,71070.77734375,960795.54296875,8689.7900390625,168359.64501953125,37.072265625
1791409621.2122648,idle,5.8,"14.4,5.2,12.0,4.0,3.2,5.1,10.0,8.1,5.1,2.1,3.0,7.2,11.1,3.1,7.1,5.1,5.1,7.1,4.1,5.2,2.1,9.7,8.3,2.1,2.0,3.0,3.0,8.2,3.0,2.1,90.2,78.0,0.0,100.0,5.0,0.0,3.0,4.0,1.0,6.1,7.2,11.1,7.0,5.1,10.3,4.2,6.1,10.2,3.1,8.3,11.2,6.7,11.7,8.2,6.1,6.2,9.4,9.4,8.3,9.2,4.1,7.3,6.1,8.2,27.3,3.0,3.0,2.0,99.0,100.0,100.0,99.0,99.0,99.0,98.0,98.0,0.0,0.0,0.0,0.0,0.0,0.0,0.0,0.0,0.0,0.0,0.0,0.0,0.0,0.0,0.0,0.0,0.0,0.0,0.0,0.0,0.0,0.0,2.0,1.0,1.0,0.0,0.0,0.0,0.0,0.0,0.0,0.0,0.0,0.0,0.0,0.0,0.0,0.0,0.0,0.0,0.0,0.0,0.0,0.0,0.0,0.0,0.0,0.0,0.0,0.0,0.0,0.0,0.0,0.0,0.0,0.0,0.0,0.0,0.0,0.0,0.0,0.0,0.0,0.0,0.0,0.0,0.0,0.0,0.0,0.0,0.0,0.0,0.0,0.0,0.0,0.0,0.0,0.0,0.0,0.0,0.0,0.0,0.0,0.0,1.0,1.0,0.0,0.0,0.0,0.0,0.0,0.0,0.0,0.0,0.0,0.0,0.0,0.0,0.0,0.0,0.0,0.0,0.0,0.0,2.0,0.0,0.0,0.0,0.0,0.0,0.0,0.0,0.0,0.0,0.0,0.0,0.0,0.0,0.0,0.0,0.0,0.0,0.0,0.0,0.0,0.0,0.0,0.0,0.0,0.0,0.0,0.0,0.0,0.0,0.0,0.0,0.0,0.0,0.0,0.0,0.0,0.0,0.0,0.0,0.0,0.0,0.0,0.0,0.0,0.0,0.0,0.0,0.0,0.0,0.0,0.0,0.0,0.0,0.0,0.0,0.0,0.0,0.0,0.0,0.0,0.0,0.0,0.0,0.0,0.0,0.0,0.0,0.0,0.0,0.0,0.0,0.0,0.0,0.0",6.9,70996.765625,960869.5546875,8689.7900390625,168359.64501953125,35.865234375
1791409622.2228658,idle,5.4,"14.4,4.0,1.0,4.0,2.1,3.0,7.1,1.1,3.0,3.0,11.1,7.2,17.0,6.1,5.0,3.0,4.0,7.0,4.0,3.0,5.1,6.1,7.4,8.0,3.0,2.0,4.0,3.0,2.0,1.0,90.0,38.0,0.0,98.0,4.0,4.9,3.0,3.0,2.0,3.0,5.1,6.0,5.0,7.1,10.0,11.0,7.1,11.3,6.1,10.5,6.1,5.4,6.5,3.1,7.1,6.2,6.0,5.1,7.4,12.1,8.2,9.1,2.0,4.0,10.0,1.0,1.0,1.0,99.0,99.0,99.0,99.0,99.0,99.0,98.0,99.0,0.0,0.0,0.0,0.0,0.0,2.0,0.0,0.0,1.0,0.0,0.0,0.0,0.0,0.0,0.0,0.0,0.0,0.0,0.0,0.0,0.0,0.0,0.0,2.0,2.9,0.0,0.0,0.0,0.0,0.0,0.0,0.0,0.0,0.0,0.0,0.0,0.0,0.0,0.0,0.0,0.0,0.0,0.0,0.0,0.0,0.0,0.0,0.0,0.0,0.0,0.0,0.0,0.0,0.0,0.0,0.0,0.0,0.0,0.0,0.0,0.0,0.0,0.0,0.0,0.0,0.0,0.0,0.0,0.0,0.0,0.0,0.0,0.0,0.0,0.0,0.0,0.0,0.0,0.0,0.0,0.0,0.0,0.0,0.0,0.0,1.0,0.0,0.0,0.0,0.0,0.0,0.0,0.0,0.0,0.0,0.0,0.0,0.0,0.0,0.0,0.0,0.0,0.0,0.0,1.0,0.0,0.0,0.0,0.0,0.0,0.0,0.0,0.0,0.0,0.0,0.0,0.0,0.0,0.0,0.0,0.0,0.0,0.0,0.0,0.0,0.0,0.0,0.0,0.0,0.0,0.0,0.0,0.0,0.0,0.0,0.0,0.0,0.0,0.0,0.0,0.0,0.0,0.0,0.0,0.0,0.0,0.0,0.0,0.0,0.0,0.0,0.0,0.0,0.0,0.0,0.0,0.0,0.0,0.0,0.0,0.0,0.0,0.0,0.0,0.0,0.0,0.0,0.0,0.0,0.0,0.0,0.0,0.0,0.0,0.0,0.0,0.0,0.0,0.0",6.8,70578.1640625,961288.15625,8689.7900390625,168359.89111328125,35.865234375
1791409623.2383583,idle,5.2,"15.4,4.1,4.0,2.0,5.0,8.0,9.0,4.0,6.1,5.0,3.0,5.0,6.2,13.0,7.1,3.1,5.1,11.2,5.1,3.0,4.0,5.0,4.0,7.1,2.0,1.0,1.0,3.0,3.0,3.0,66.3,97.0,26.0,24.0,5.1,2.0,0.0,2.0,2.9,5.0,7.0,4.0,2.0,1.0,4.0,5.1,5.0,12.2,3.1,7.4,8.2,3.1,6.2,11.8,5.1,4.0,1.0,4.1,8.2,19.4,4.2,15.6,2.0,5.1,1.0,2.0,3.0,0.0,99.0,99.0,99.0,98.1,99.0,99.0,99.0,98.1,0.0,0.0,0.0,0.0,0.0,1.0,0.0,0.0,0.0,0.0,0.0,0.0,0.0,0.0,0.0,0.0,0.0,0.0,0.0,0.0,0.0,0.0,0.0,0.0,1.0,0.0,0.0,0.0,0.0,0.0,0.0,0.0,0.0,0.0,0.0,0.0,0.0,0.0,0.0,0.0,0.0,0.0,0.0,0.0,0.0,0.0,0.0,0.0,0.0,0.0,0.0,0.0,0.0,0.0,0.0,0.0,0.0,0.0,0.0,0.0,0.0,0.0,0.0,0.0,0.0,0.0,0.0,0.0,0.0,0.0,0.0,0.0,0.0,0.0,0.0,0.0,0.0,0.0,0.0,0.0,0.0,0.0,0.0,0.0,0.0,0.0,0.0,0.0,0.0,0.0,0.0,0.0,0.0,1.0,0.0,0.0,0.0,0.0,0.0,0.0,0.0,0.0,0.0,0.0,0.0,0.0,0.0,0.0,0.0,0.0,0.0,0.0,0.0,0.0,0.0,0.0,0.0,0.0,0.0,0.0,0.0,0.0,0.0,0.0,0.0,0.0,0.0,0.0,0.0,0.0,0.0,0.0,0.0,0.0,0.0,0.0,0.0,0.0,0.0,0.0,0.0,0.0,0.0,0.0,0.0,0.0,0.0,0.0,0.0,0.0,0.0,0.0,0.0,0.0,0.0,0.0,0.0,0.0,0.0,0.0,0.0,0.0,0.0,0.0,0.0,0.0,0.0,0.0,0.0,0.0,0.0,0.0,0.0,0.0,0.0,0.0,0.0,0.0,0.0",6.9,71209.1328125,960657.1875,8689.7900390625,168359.89111328125,35.865234375
1791409624.2626398,idle,5.5,"10.0,8.2,6.0,3.9,5.1,8.9,8.0,7.7,4.0,3.9,2.0,12.9,7.8,8.9,12.0,5.9,9.8,11.0,5.0,5.9,2.9,7.0,9.1,4.3,4.9,3.9,3.9,2.0,3.9,4.9,53.9,90.3,1.0,28.7,8.9,8.1,6.0,6.0,4.0,3.0,4.0,6.9,3.0,4.9,5.0,3.0,5.0,11.0,6.1,12.9,15.3,5.3,16.3,8.2,3.1,7.1,4.9,10.0,8.0,8.0,7.1,9.3,6.2,4.9,2.0,3.8,3.9,2.9,99.0,99.0,99.0,99.0,98.1,98.1,97.1,99.0,0.0,0.0,0.0,0.0,0.0,0.0,0.0,0.0,1.0,0.0,0.0,0.0,0.0,0.0,0.0,0.0,0.0,0.0,0.0,0.0,0.0,0.0,6.9,5.9,6.8,5.9,0.0,0.0,0.0,0.0,0.0,0.0,0.0,0.0,0.0,0.0,0.0,0.0,0.0,0.0,0.0,0.0,0.0,0.0,0.0,0.0,0.0,0.0,0.0,0.0,0.0,0.0,0.0,0.0,0.0,0.0,0.0,0.0,0.0,0.0,0.0,0.0,0.0,0.0,0.0,0.0,0.0,0.0,0.0,0.0,0.0,0.0,0.0,0.0,0.0,0.0,0.0,0.0,0.0,0.0,0.0,0.0,0.0,2.9,0.0,0.0,0.0,0.0,0.0,0.0,0.0,0.0,0.0,0.0,0.0,0.0,0.0,0.0,0.0,0.0,0.0,0.0,0.0,1.0,0.0,0.0,0.0,0.0,0.0,0.0,0.0,0.0,0.0,0.0,0.0,0.0,0.0,0.0,0.0,0.0,0.0,0.0,0.0,0.0,0.0,0.0,0.0,0.0,0.0,0.0,0.0,0.0,0.0,0.0,0.0,0.0,0.0,0.0,0.0,0.0,0.0,0.0,0.0,0.0,0.0,0.0,0.0,0.0,0.0,0.0,0.0,0.0,0.0,0.0,0.0,0.0,0.0,0.0,0.0,0.0,0.0,0.0,0.0,0.0,0.0,0.0,0.0,0.0,0.0,0.0,0.0,0.0,0.0,0.0,0.0,0.0,0.0,0.0,0.0",6.9,70845.96484375,961020.35546875,8689.7900390625,168359.89111328125,35.865234375
1791409625.2888262,idle,4.9,"4.7,3.0,2.0,3.0,1.0,7.0,15.0,4.0,6.8,0.0,0.0,0.0,9.0,5.9,11.1,0.0,4.0,0.0,4.0,6.1,1.0,4.0,2.0,0.0,3.0,3.0,1.0,2.0,2.0,2.0,44.6,49.5,5.0,54.5,5.9,4.1,2.0,4.0,4.9,2.0,1.0,4.0,3.0,1.0,1.0,1.0,2.0,4.0,7.2,5.4,5.1,6.4,12.6,10.2,4.1,5.0,0.0,3.0,2.0,8.8,10.0,5.0,6.0,2.9,1.0,2.0,2.0,0.0,99.0,99.0,99.0,98.0,100.0,99.0,99.0,99.0,0.0,0.0,0.0,0.0,0.0,1.0,0.0,0.0,0.0,0.0,0.0,0.0,0.0,0.0,0.0,0.0,0.0,0.0,0.0,0.0,0.0,0.0,8.8,4.9,2.9,40.6,0.0,0.0,0.0,0.0,0.0,0.0,0.0,0.0,0.0,0.0,0.0,0.0,0.0,0.0,0.0,0.0,0.0,0.0,0.0,0.0,0.0,0.0,0.0,0.0,0.0,0.0,0.0,0.0,0.0,0.0,0.0,0.0,0.0,0.0,0.0,0.0,0.0,0.0,0.0,0.0,0.0,0.0,0.0,0.0,0.0,0.0,0.0,0.0,0.0,0.0,0.0,0.0,0.0,0.0,0.0,0.0,0.0,2.1,0.0,0.0,0.0,0.0,0.0,0.0,0.0,0.0,0.0,0.0,0.0,0.0,0.0,0.0,0.0,0.0,0.0,0.0,0.0,0.0,0.0,0.0,0.0,0.0,0.0,0.0,0.0,0.0,0.0,0.0,0.0,0.0,0.0,0.0,0.0,0.0,0.0,0.0,0.0,0.0,0.0,0.0,0.0,0.0,0.0,0.0,0.0,0.0,0.0,0.0,0.0,0.0,0.0,0.0,0.0,0.0,0.0,0.0,0.0,0.0,0.0,0.0,0.0,0.0,0.0,0.0,0.0,0.0,0.0,0.0,0.0,0.0,0.0,0.0,0.0,0.0,0.0,0.0,0.0,0.0,0.0,0.0,0.0,0.0,0.0,0.0,0.0,0.0,0.0,0.0,0.0,0.0,0.0,0.0,0.0",6.8,70567.0546875,961299.265625,8689.7900390625,168361.12939453125,35.865234375
1791409626.3441048,idle,5.9,"11.0,20.4,5.1,5.8,4.9,4.9,8.9,8.6,9.6,8.8,4.9,17.5,6.8,5.9,12.9,5.9,6.7,4.0,10.7,11.5,7.8,6.9,6.9,6.0,3.0,3.9,2.9,7.8,4.8,7.8,76.9,63.8,41.5,7.6,5.8,12.6,5.8,8.6,4.8,5.8,2.9,4.8,8.8,11.0,10.5,8.8,4.0,6.9,5.9,13.1,7.8,9.1,7.9,16.7,8.2,9.1,6.7,6.9,6.8,9.7,4.0,5.9,18.0,7.7,1.9,1.9,4.8,3.8,99.0,99.0,99.0,98.1,98.1,98.1,98.1,98.1,0.0,0.0,0.0,0.0,0.0,0.0,0.0,0.0,0.0,0.0,0.0,0.0,0.0,0.0,0.0,0.0,0.0,0.0,0.0,0.0,0.0,0.0,22.6,15.2,1.0,10.4,0.0,0.0,0.0,0.0,0.0,0.0,0.0,0.0,0.0,0.0,0.0,0.0,0.0,0.0,0.0,0.0,0.0,0.0,0.0,0.0,0.0,0.0,0.0,0.0,0.0,0.0,0.0,0.0,0.0,0.0,0.0,0.0,0.0,0.0,0.0,0.0,0.0,0.0,0.0,0.0,0.0,0.0,0.0,0.0,0.0,0.0,0.0,0.0,0.0,0.0,0.0,0.0,0.0,0.0,0.0,0.0,0.0,1.0,0.0,0.0,0.0,0.0,0.0,0.0,0.0,0.0,0.0,0.0,0.0,0.0,0.0,0.0,0.0,0.0,0.0,0.0,0.0,0.0,0.0,0.0,0.0,0.0,0.0,0.0,0.0,0.0,0.0,0.0,0.0,0.0,0.0,0.0,0.0,0.0,0.0,0.0,0.0,0.0,0.0,0.0,0.0,0.0,0.0,0.0,0.0,0.0,0.0,0.0,0.0,0.0,0.0,0.0,0.0,0.0,0.0,0.0,0.0,0.0,0.0,0.0,0.0,0.0,0.0,0.0,0.0,0.0,0.0,0.0,0.0,0.0,0.0,0.0,0.0,0.0,0.0,0.0,0.0,0.0,0.0,0.0,0.0,0.0,0.0,0.0,0.0,0.0,0.0,0.0,0.0,0.0,0.0,0.0,0.0",6.9,71161.26171875,960705.05859375,8689.7900390625,168361.12939453125,34.5947265625
1791409627.3592012,idle,5.1,"3.3,3.9,43.0,1.0,0.0,1.0,5.9,2.0,2.9,5.0,2.0,2.9,2.9,1.0,3.9,11.2,0.0,2.0,6.0,1.0,1.9,2.9,1.0,2.0,4.0,5.1,4.0,7.8,2.9,3.9,37.0,1.0,55.4,0.0,6.8,3.9,2.0,2.0,2.0,2.0,1.0,3.0,1.9,2.9,1.0,3.0,2.9,3.1,5.0,11.6,5.2,4.2,7.3,7.0,4.1,9.9,6.9,2.0,0.0,5.0,1.0,4.8,4.1,1.0,0.0,1.0,1.9,0.0,99.0,99.0,99.0,99.0,99.0,99.0,99.0,98.1,0.0,0.0,0.0,0.0,0.0,1.0,0.0,0.0,1.0,0.0,0.0,0.0,0.0,0.0,0.0,0.0,0.0,0.0,0.0,0.0,0.0,0.0,65.7,99.0,0.0,0.0,0.0,0.0,0.0,0.0,0.0,0.0,0.0,0.0,0.0,0.0,0.0,0.0,0.0,0.0,0.0,0.0,0.0,0.0,0.0,0.0,0.0,0.0,0.0,0.0,0.0,0.0,0.0,0.0,0.0,0.0,0.0,0.0,0.0,0.0,0.0,0.0,0.0,0.0,0.0,0.0,0.0,0.0,0.0,0.0,0.0,0.0,0.0,0.0,0.0,0.0,0.0,0.0,0.0,0.0,0.0,0.0,0.0,2.0,0.0,0.0,0.0,0.0,0.0,0.0,0.0,0.0,0.0,0.0,0.0,0.0,0.0,0.0,0.0,0.0,0.0,0.0,0.0,0.0,0.0,0.0,0.0,0.0,0.0,0.0,0.0,0.0,0.0,0.0,0.0,0.0,0.0,0.0,0.0,0.0,0.0,0.0,0.0,0.0,0.0,0.0,0.0,0.0,0.0,0.0,0.0,0.0,0.0,0.0,0.0,0.0,0.0,0.0,0.0,0.0,0.0,0.0,0.0,0.0,0.0,0.0,0.0,0.0,0.0,0.0,0.0,0.0,0.0,0.0,0.0,0.0,0.0,0.0,0.0,0.0,0.0,0.0,0.0,0.0,0.0,0.0,0.0,0.0,0.0,0.0,0.0,0.0,0.0,0.0,0.0,0.0,0.0,0.0,0.0",6.9,71171.1796875,960695.140625,8689.7900390625,168361.59814453125,34.5947265625
1791409628.4650357,idle,5.4,"2.9,1.9,53.7,2.8,30.8,0.9,2.8,0.0,3.8,5.7,6.5,5.7,4.7,6.5,3.9,9.3,5.9,2.8,5.9,2.9,3.8,2.9,12.3,5.7,2.9,3.7,2.8,2.8,2.9,1.9,37.7,51.4,0.0,0.0,6.6,9.7,14.7,7.7,6.7,4.9,7.5,4.7,5.7,2.8,4.6,3.8,4.8,10.4,3.8,9.8,7.5,9.2,6.1,4.8,6.6,3.8,5.7,3.8,4.6,1.9,5.5,5.6,4.6,1.0,4.6,1.9,2.8,2.8,99.1,99.1,98.2,99.1,99.1,98.2,98.2,98.2,0.0,0.0,0.0,0.0,0.0,0.0,0.0,0.0,0.0,0.0,0.0,0.0,0.0,0.0,0.0,0.0,0.0,0.0,0.0,0.0,0.0,0.0,37.0,56.0,0.9,0.0,0.0,0.0,0.0,0.0,0.0,0.0,0.0,0.0,0.0,0.0,0.0,0.0,0.0,0.0,0.0,0.0,0.0,0.0,0.0,0.0,0.0,0.0,0.0,0.0,0.0,0.0,0.0,0.0,0.0,0.0,0.0,0.0,0.0,0.0,0.0,0.0,0.0,0.0,0.0,0.0,0.0,0.0,0.0,0.0,0.0,0.0,0.0,0.0,0.0,0.0,0.0,0.0,0.0,0.0,0.0,0.0,0.0,0.0,0.0,0.0,0.0,0.0,0.0,0.0,0.0,0.0,0.0,0.0,0.0,0.0,0.0,0.0,0.0,0.0,0.0,0.0,0.0,0.0,0.0,0.0,0.0,0.0,0.0,0.0,0.0,0.0,0.0,0.0,0.0,0.0,0.0,0.0,0.0,0.0,0.0,0.0,0.0,0.0,0.0,0.0,0.0,0.0,0.0,0.0,0.0,0.0,0.0,0.0,0.0,0.0,0.0,0.0,0.0,0.0,0.0,0.0,0.0,0.0,0.0,0.0,0.0,0.0,0.0,0.0,0.0,0.0,0.0,0.0,0.0,0.0,0.0,0.0,0.0,0.0,0.0,0.0,0.0,0.0,0.0,0.0,0.0,0.0,0.0,0.0,0.0,0.0,0.0,0.0,0.0,0.0,0.0,0.0,0.0",6.9,70725.94140625,961140.37890625,8689.7900390625,168361.59814453125,34.5947265625
1791409629.4914768,idle,5.0,"4.6,10.1,1.0,2.0,6.9,2.9,5.9,0.0,0.0,6.0,16.8,2.0,0.0,0.0,8.7,5.0,0.0,1.0,13.6,3.8,0.0,6.0,8.0,4.0,0.0,0.0,1.9,0.0,0.0,1.0,46.6,100.0,55.8,2.0,1.9,2.0,6.0,2.9,3.9,1.9,2.0,1.0,1.0,1.0,1.0,0.0,7.8,1.0,2.9,22.4,2.0,6.2,4.2,6.9,2.0,3.0,1.0,0.0,5.8,2.0,6.8,1.0,0.0,0.0,0.0,1.0,1.0,0.0,99.0,99.0,99.0,99.0,99.0,99.0,99.0,98.1,0.0,0.0,0.0,0.0,0.0,1.0,0.0,0.0,1.0,0.0,0.0,0.0,0.0,0.0,0.0,0.0,0.0,0.0,0.0,0.0,0.0,0.0,1.0,64.4,1.0,0.0,0.0,0.0,0.0,0.0,0.0,0.0,0.0,0.0,0.0,0.0,0.0,0.0,0.0,0.0,0.0,0.0,0.0,0.0,0.0,0.0,0.0,0.0,0.0,0.0,0.0,0.0,0.0,0.0,0.0,0.0,0.0,0.0,0.0,0.0,0.0,0.0,0.0,0.0,0.0,0.0,0.0,0.0,0.0,0.0,0.0,0.0,0.0,0.0,0.0,0.0,0.0,0.0,0.0,0.0,0.0,0.0,0.0,3.0,0.0,0.0,0.0,0.0,0.0,0.0,0.0,0.0,0.0,0.0,0.0,0.0,0.0,0.0,0.0,0.0,0.0,0.0,0.0,0.0,0.0,0.0,0.0,0.0,0.0,0.0,0.0,0.0,0.0,0.0,0.0,0.0,0.0,0.0,0.0,0.0,0.0,0.0,0.0,0.0,0.0,0.0,0.0,0.0,0.0,0.0,0.0,0.0,0.0,0.0,0.0,0.0,0.0,0.0,0.0,0.0,0.0,0.0,0.0,0.0,0.0,0.0,0.0,0.0,0.0,0.0,0.0,0.0,0.0,0.0,0.0,0.0,0.0,0.0,0.0,0.0,0.0,0.0,0.0,0.0,0.0,0.0,0.0,0.0,0.0,0.0,0.0,0.0,0.0,0.0,0.0,0.0,0.0,0.0,0.0",6.9,70709.3203125,961157.0,8689.7900390625,168361.59814453125,34.5947265625
1791409630.5531454,aggregate_n8_vmnos256_r5:submission,6.1,"12.2,8.4,10.9,7.4,5.6,5.5,7.5,8.3,9.0,7.3,15.7,6.5,10.1,9.2,9.3,11.0,9.2,5.7,7.5,8.3,11.0,7.6,9.8,3.9,4.5,4.5,4.5,6.4,6.4,3.7,48.2,53.7,100.0,0.0,4.5,8.0,3.7,2.8,4.6,2.8,9.9,6.4,5.6,9.3,11.1,9.2,6.5,4.7,2.8,83.3,5.5,6.5,2.9,4.6,4.6,6.4,6.7,4.7,10.1,9.2,9.3,7.4,6.7,6.5,3.6,5.4,5.4,2.7,98.2,97.3,100.0,98.2,99.1,98.2,98.2,99.1,0.0,0.0,0.0,0.0,0.0,0.0,0.0,0.0,0.9,0.0,0.0,0.0,0.0,0.0,0.0,0.0,0.0,0.0,0.0,0.0,0.0,0.0,91.0,0.0,0.0,0.0,0.0,0.0,0.0,0.0,0.0,0.0,0.0,0.0,0.0,0.0,0.0,0.0,0.0,0.0,0.0,0.0,0.0,0.0,0.0,0.0,0.0,0.0,0.0,0.0,0.0,0.0,0.0,0.0,0.0,0.0,0.0,0.0,0.0,0.0,0.0,0.0,0.0,0.0,0.0,0.0,0.0,0.0,0.0,0.0,0.0,0.0,0.0,0.0,0.0,0.0,0.0,0.0,0.0,0.0,0.0,0.0,0.0,0.9,0.0,0.0,0.0,0.0,0.0,0.0,0.0,0.0,0.0,0.0,0.0,0.0,0.0,0.0,0.0,0.0,0.0,0.0,0.0,0.0,0.0,0.0,0.0,0.0,0.0,0.0,0.0,0.0,0.0,0.0,0.0,0.0,0.0,0.0,0.0,0.0,0.0,0.0,0.0,0.0,0.0,0.0,0.0,0.0,0.0,0.0,0.0,0.0,0.0,0.0,0.0,0.0,0.0,0.0,0.0,0.0,0.0,0.0,0.0,0.0,0.0,0.0,0.0,0.0,0.0,0.0,0.0,0.0,0.0,0.0,0.0,0.0,0.0,0.0,0.0,0.0,0.0,0.0,0.0,0.0,0.0,0.0,0.0,0.0,0.0,0.0,0.0,0.0,0.0,0.0,0.0,0.0,0.0,0.0,0.0",6.9,71502.8203125,960363.5,8689.7900390625,168363.35205078125,34.94775390625
1791409631.9461505,aggregate_n8_vmnos256_r5:confirmation,11.3,"34.4,37.9,31.3,29.0,28.8,27.3,26.4,30.3,34.1,26.8,29.1,27.4,36.7,28.2,33.3,30.5,29.2,31.3,40.3,33.1,37.7,33.8,35.1,32.8,24.6,26.7,25.0,23.3,26.7,24.4,17.1,41.4,36.2,2.8,30.1,27.4,30.1,25.6,26.5,26.5,28.9,29.8,30.0,30.5,32.3,31.9,30.3,32.6,25.4,28.7,28.3,28.1,29.8,28.7,25.4,28.8,29.5,31.5,27.6,28.6,27.3,32.8,34.8,34.1,23.0,21.2,23.2,21.6,99.3,99.3,98.6,99.3,99.3,98.6,99.3,97.9,0.0,0.0,0.0,0.0,0.0,2.2,0.0,0.0,0.7,0.0,0.0,0.0,0.0,0.0,0.0,0.0,0.0,0.0,0.0,0.0,0.0,0.0,99.3,15.0,2.1,3.5,0.0,0.0,0.0,0.0,0.0,0.0,0.0,0.0,0.0,0.0,0.0,0.0,0.0,0.0,0.0,0.0,0.0,0.0,0.0,0.0,0.0,0.0,0.0,0.0,0.0,0.0,0.0,0.0,0.0,0.0,0.0,0.0,0.0,0.0,0.0,0.0,0.0,0.0,0.0,0.0,0.0,0.0,0.7,0.0,0.0,0.0,0.0,0.0,0.0,0.0,0.0,0.0,0.0,0.0,0.0,0.0,0.0,2.9,0.0,0.0,0.0,0.0,0.0,0.0,0.0,0.0,0.0,0.0,0.0,0.0,0.0,0.0,0.0,0.0,0.0,0.0,0.0,0.0,0.0,0.0,0.0,0.0,0.0,0.0,0.0,0.0,0.0,0.0,0.0,0.0,0.0,0.0,0.0,0.0,0.0,0.0,0.0,0.0,0.0,0.0,0.0,0.0,0.0,0.0,0.0,0.0,0.0,0.0,0.0,0.0,0.0,0.0,0.0,0.0,0.0,0.0,0.0,0.0,0.0,0.0,0.0,0.0,0.0,0.0,0.0,0.0,0.0,0.0,0.0,0.0,0.0,0.0,0.0,0.0,0.0,0.0,0.0,0.0,0.0,0.0,0.0,0.0,0.0,0.0,0.0,0.0,0.0,0.0,0.0,0.0,0.0,0.0,0.0",6.9,70997.625,960868.6953125,8689.7900390625,168363.68017578125,34.94775390625
1791409633.316873,aggregate_n8_vmnos256_r5:confirmation,7.5,"26.4,20.6,11.0,16.4,18.0,18.1,14.4,13.7,13.3,10.8,14.7,11.0,22.8,19.5,16.5,14.6,12.7,9.5,16.7,11.3,9.7,16.4,14.3,15.2,13.2,10.2,10.9,13.8,10.9,12.2,0.8,64.2,0.8,0.8,19.5,10.9,14.6,14.8,16.3,38.9,11.7,16.7,14.7,10.2,10.9,13.5,19.8,13.5,14.8,13.6,13.7,19.8,13.1,16.8,17.6,14.3,11.5,10.3,14.5,14.3,11.5,17.1,12.5,15.6,12.8,9.2,10.5,11.9,99.3,99.2,99.3,99.2,98.5,98.5,98.5,99.2,0.0,0.0,0.0,0.0,0.0,1.6,0.0,0.0,3.1,0.0,0.0,0.0,0.0,0.0,0.0,0.0,0.0,0.0,0.0,0.0,0.0,0.0,99.3,16.8,14.4,1.5,0.0,0.0,0.0,0.0,0.0,0.0,0.0,0.0,0.0,0.0,0.0,0.0,0.0,0.0,0.0,0.0,0.0,0.0,0.0,0.0,0.0,0.0,0.0,0.0,0.0,0.0,0.0,0.0,0.0,0.0,0.0,0.0,0.0,0.0,0.0,0.0,0.0,0.0,0.0,0.0,0.0,0.0,0.0,0.0,0.0,0.0,0.0,0.0,0.0,0.0,0.0,0.8,0.0,0.0,0.0,0.0,0.0,0.8,0.0,0.0,0.0,0.0,0.0,0.0,0.0,0.0,0.0,0.0,0.0,0.0,0.0,0.0,0.0,0.0,0.0,0.0,0.0,0.0,0.0,0.0,0.0,0.7,0.0,0.0,0.0,0.0,0.0,0.0,0.0,0.0,0.0,0.0,0.0,0.0,0.0,0.0,0.0,0.0,0.0,0.0,0.0,0.0,0.0,0.0,0.0,0.0,0.0,0.0,0.0,0.0,0.0,0.0,0.0,0.0,0.0,0.0,0.0,0.0,0.0,0.0,0.0,0.0,0.0,0.0,0.0,0.0,0.0,0.0,0.0,0.0,0.0,0.0,0.0,0.0,0.0,0.0,0.0,0.0,0.0,0.0,0.0,0.0,0.0,0.0,0.0,0.0,0.0,0.0,0.0,0.0,0.0,0.0,0.0",6.8,70634.59765625,961231.72265625,8689.7900390625,168363.68017578125,34.94775390625
1791409634.8176844,aggregate_n8_vmnos256_r5:confirmation,7.3,"18.2,17.5,9.5,8.2,17.7,15.4,16.1,9.7,9.5,11.3,18.6,12.7,8.5,11.0,8.1,15.9,10.6,15.7,11.0,11.6,7.8,15.5,9.2,11.2,8.0,8.7,7.2,10.5,10.5,7.9,57.0,84.3,4.5,3.3,18.2,13.1,18.4,10.1,15.0,14.3,7.5,11.6,15.0,12.8,11.0,12.8,10.7,11.7,13.6,16.5,12.6,12.3,13.7,9.2,12.9,12.0,7.4,8.2,11.0,7.5,10.7,20.9,11.6,8.8,10.4,10.5,15.8,7.2,98.7,98.7,99.4,98.7,99.3,98.7,99.3,98.7,0.0,0.0,0.0,0.0,0.0,0.7,0.0,0.0,0.7,0.0,0.0,0.0,0.0,0.0,0.0,0.0,0.0,0.0,0.0,0.0,0.0,0.0,100.0,32.9,17.1,2.6,0.0,0.0,0.0,0.0,0.0,0.0,0.0,0.0,0.0,0.0,0.0,0.0,0.0,0.0,0.0,0.0,0.0,0.0,0.0,0.0,0.0,0.0,0.0,0.0,0.0,0.0,0.7,0.0,0.0,0.0,0.0,0.0,0.0,0.0,0.0,0.0,0.0,0.0,0.0,0.0,0.0,0.0,2.7,0.0,0.0,0.0,0.0,0.0,0.0,0.0,0.0,0.0,0.0,0.0,0.0,0.0,0.0,0.0,0.0,0.0,0.0,0.0,0.0,0.0,0.0,0.0,0.0,0.0,0.0,0.0,0.0,0.0,0.0,0.0,0.7,0.0,0.0,0.0,0.0,0.0,0.0,0.0,0.0,0.0,0.0,0.0,0.0,0.0,0.0,0.0,0.0,0.0,0.0,0.0,0.0,0.0,0.0,0.0,0.0,0.0,0.0,0.0,0.0,0.0,0.0,0.0,0.0,0.0,0.0,0.0,0.0,0.0,0.0,0.0,0.0,0.0,0.0,0.0,0.0,0.0,0.0,0.0,0.0,0.0,0.0,0.0,0.0,0.0,0.0,0.0,0.0,0.0,0.0,0.0,0.0,0.0,0.0,0.0,0.0,0.0,0.0,0.0,0.0,0.0,0.0,0.0,0.0,0.0,0.0,0.0,0.0,0.0,0.0",6.9,71129.5390625,960736.78125,8689.7900390625,168368.86376953125,34.94775390625
1791409636.0623596,aggregate_n8_vmnos256_r5:confirmation,5.4,"10.5,9.0,8.2,10.9,8.2,8.7,8.6,6.1,11.5,11.2,8.9,14.2,16.9,5.8,10.8,6.6,9.8,8.7,12.0,11.8,6.5,9.2,10.7,9.8,6.5,12.1,6.3,7.9,5.0,7.2,23.6,65.0,4.9,5.5,9.5,7.1,7.8,8.6,15.9,5.2,5.0,10.0,6.4,5.0,7.9,5.8,8.1,7.2,11.6,7.6,10.7,8.5,12.1,10.3,12.8,12.4,5.0,7.0,12.0,8.1,10.8,10.4,8.7,7.2,3.5,2.9,85.4,7.0,98.6,99.3,98.6,97.9,99.3,98.6,97.9,99.3,0.0,0.0,0.0,0.0,0.0,0.7,0.0,0.0,0.0,0.0,0.0,0.0,0.0,0.0,0.0,0.0,0.0,0.0,0.0,0.0,0.0,0.0,99.3,7.6,0.0,0.0,0.0,0.0,0.0,0.0,0.0,0.0,0.0,0.0,0.0,0.0,0.0,0.0,0.0,0.0,0.0,0.0,0.0,0.0,0.0,0.0,0.0,0.0,0.0,0.0,0.0,0.0,0.0,0.0,0.0,0.0,0.0,0.0,0.0,0.0,0.0,0.0,0.0,0.0,0.0,0.0,0.0,0.0,0.0,0.0,0.0,0.0,0.0,0.0,0.0,0.0,0.0,0.0,0.0,0.0,0.0,0.0,0.0,0.0,0.7,0.0,0.0,0.0,0.0,0.0,0.0,0.0,0.0,0.0,0.0,0.0,0.0,0.0,0.0,0.0,0.0,0.0,0.0,0.0,0.0,0.0,0.0,0.0,0.0,0.0,0.0,0.0,0.0,0.0,0.0,0.0,0.0,0.0,0.0,0.0,0.0,0.0,0.0,0.0,0.0,0.0,0.0,0.0,0.0,0.0,0.0,0.0,0.0,0.0,0.0,0.0,0.0,0.0,0.0,0.0,0.0,0.0,0.0,0.0,0.0,0.0,0.0,0.0,0.0,0.0,0.0,0.0,0.0,0.0,0.0,0.0,0.0,0.0,0.0,0.0,0.0,0.0,0.0,0.0,0.0,0.0,0.0,0.0,0.0,0.0,0.0,0.0,0.0,0.0,0.0,0.0,0.0,0.0,0.0",6.9,70871.51953125,960994.80078125,8689.7900390625,168368.86376953125,33.51025390625
1791409637.7134151,aggregate_n8_vmnos256_r5:confirmation,6.7,"19.7,9.2,11.7,11.5,4.8,4.8,4.8,5.5,4.2,3.5,7.9,14.2,22.7,9.0,5.6,11.1,15.1,7.1,11.0,8.5,7.5,8.5,9.9,11.8,4.7,4.1,6.1,8.7,4.0,4.7,70.6,59.7,2.0,1.3,7.5,4.1,5.4,2.8,6.2,13.7,3.4,10.1,12.2,6.2,7.2,15.0,7.8,4.1,6.2,9.3,13.3,10.3,9.9,6.2,8.2,21.2,6.1,6.1,2.7,6.6,2.0,6.1,8.0,3.9,2.7,4.7,4.0,6.7,98.0,98.7,98.7,98.7,98.7,98.0,98.0,98.7,0.0,0.0,0.0,0.0,0.0,2.0,0.7,0.0,1.4,0.0,0.0,0.0,0.0,0.0,0.0,0.0,0.0,0.0,0.0,0.0,0.0,0.0,68.6,2.0,22.5,4.6,0.0,0.0,0.0,0.0,0.0,0.0,0.0,0.0,0.0,0.0,0.7,0.0,0.0,0.0,0.0,0.0,0.0,0.0,0.0,0.0,0.0,0.0,0.0,0.0,0.0,0.0,0.0,0.0,0.0,0.0,0.0,0.0,0.0,0.0,0.0,0.6,0.0,0.0,0.0,0.0,0.0,0.6,0.0,0.0,0.7,0.0,0.0,0.0,0.0,0.0,0.0,0.0,0.0,0.0,0.0,0.0,0.0,1.4,0.0,0.0,0.0,0.0,0.0,0.0,0.0,0.0,0.0,0.0,0.0,0.0,0.0,0.0,0.0,0.0,0.0,0.0,0.0,0.0,0.0,0.0,0.0,0.0,0.0,0.0,0.0,0.0,0.0,0.0,0.0,0.0,0.0,0.0,0.0,0.0,0.0,0.0,0.0,0.0,0.0,0.0,0.0,0.0,0.0,0.0,0.0,0.0,0.0,0.0,0.0,0.0,0.0,0.0,0.0,0.0,0.0,0.0,0.0,0.0,0.0,0.0,0.0,0.0,0.0,0.0,0.0,0.0,0.0,0.0,0.0,0.0,0.0,0.0,0.0,0.0,0.0,0.0,0.0,0.0,0.0,0.0,0.0,0.0,0.0,0.0,0.0,0.0,0.0,0.0,0.0,0.0,0.0,0.0,0.0",6.9,71031.84375,960834.4765625,8689.7900390625,168369.46533203125,33.51025390625
1791409639.2702556,aggregate_n8_vmnos256_r5:confirmation,6.8,"13.8,11.6,11.5,17.8,8.1,12.9,12.8,17.0,18.1,8.0,10.6,13.0,18.1,9.7,14.3,11.0,10.3,8.2,15.5,9.6,14.0,10.3,19.0,10.8,9.2,7.2,9.8,8.5,7.0,7.0,53.1,100.0,0.0,47.3,8.1,8.5,7.1,12.8,11.2,17.4,19.4,6.3,9.2,16.4,10.1,9.9,12.7,9.1,14.7,13.2,13.3,14.1,19.7,11.9,11.2,11.8,12.1,8.0,13.0,8.6,11.5,8.0,10.0,9.9,4.9,4.9,6.2,4.2,99.3,99.3,99.3,98.6,98.6,99.3,98.6,97.3,0.0,0.0,0.0,0.0,0.0,0.0,0.0,0.0,0.0,0.0,0.0,0.0,0.0,0.0,0.0,0.0,0.0,0.0,0.0,0.0,0.0,0.0,0.0,1.4,46.2,0.0,0.0,0.0,0.0,0.0,0.0,0.0,0.0,0.0,0.0,0.0,0.0,0.0,0.0,0.0,0.0,0.0,0.0,0.0,0.0,0.0,0.0,0.0,0.0,0.0,0.0,0.0,0.0,0.0,0.0,0.0,0.0,0.0,0.0,0.0,0.0,0.0,0.0,0.0,0.0,0.0,0.0,0.0,0.0,0.0,0.0,0.0,0.0,0.0,0.0,0.0,0.0,0.0,0.0,0.0,0.0,0.0,0.0,1.4,0.0,0.0,0.0,0.0,0.0,0.0,0.0,0.0,0.0,0.0,0.7,0.0,0.0,0.0,0.0,0.0,0.0,0.0,0.0,0.0,0.0,0.0,0.0,0.0,0.0,0.0,0.0,0.0,0.0,0.0,0.0,0.0,0.0,0.0,0.0,0.0,0.0,0.0,0.0,0.0,0.0,0.0,0.0,0.0,0.0,0.0,0.0,0.0,0.0,0.0,0.0,0.0,0.0,0.0,0.0,0.0,0.0,0.0,0.0,0.0,0.0,0.0,0.0,0.0,0.0,0.0,0.0,0.0,0.0,0.0,0.0,0.0,0.0,0.0,0.0,0.0,0.0,0.0,0.0,0.0,0.0,0.0,0.0,0.0,0.0,0.0,0.0,0.0,0.0,0.0,0.0,0.0,0.0,0.0,0.0",6.9,71665.7734375,960200.546875,8689.7900390625,168369.46533203125,33.51025390625
1791409640.3682194,aggregate_n8_vmnos256_r5:confirmation,6.5,"16.3,13.7,14.6,18.4,15.7,11.2,11.8,12.7,15.9,12.4,7.6,13.6,13.7,7.8,11.5,10.4,8.3,10.3,5.7,6.7,8.3,11.3,13.0,8.7,7.4,7.6,6.5,5.6,6.7,6.5,45.8,99.1,0.0,30.9,10.6,5.8,12.1,9.3,9.5,10.7,6.5,3.8,8.4,11.1,10.3,12.4,4.7,6.5,11.2,14.7,14.3,17.0,12.0,13.7,14.3,15.2,9.3,13.1,12.3,8.5,7.8,13.2,10.6,9.7,6.5,5.6,6.5,4.7,98.2,99.1,99.1,98.2,98.2,99.1,99.1,98.2,0.0,0.0,0.0,0.0,0.0,0.9,0.0,0.0,0.9,0.0,0.0,0.0,0.0,0.0,0.0,0.0,0.0,0.0,0.0,0.0,0.0,0.0,0.0,0.9,76.1,0.9,0.0,0.0,0.0,0.0,0.0,0.0,0.0,0.0,0.0,0.0,1.8,0.0,0.0,0.0,0.0,0.0,0.0,0.0,0.0,0.0,0.0,0.0,0.0,0.0,0.0,0.0,0.0,0.0,0.0,0.0,0.0,0.0,0.0,0.0,0.0,0.0,0.0,0.0,0.0,0.0,0.0,0.0,0.0,0.0,0.0,0.0,0.0,0.0,0.0,0.0,0.0,0.0,0.0,0.0,0.0,0.0,0.0,2.8,0.0,0.0,0.0,0.0,0.0,0.0,0.0,0.0,0.0,0.0,0.0,0.0,0.0,0.0,0.0,0.0,0.0,0.0,0.0,0.0,0.0,0.0,0.0,0.0,0.0,0.0,0.0,0.0,0.0,0.0,0.0,0.0,0.0,0.0,0.0,0.0,0.0,0.0,0.0,0.0,0.0,0.0,0.0,0.0,0.0,0.0,0.0,0.0,0.0,0.0,0.0,0.0,0.0,0.0,0.0,0.0,0.0,0.0,0.0,0.0,0.0,0.0,0.0,0.0,0.0,0.0,0.0,0.0,0.0,0.0,0.0,0.0,0.0,0.0,0.0,0.0,0.0,0.0,0.0,0.0,0.0,0.0,0.0,0.0,0.0,0.0,0.0,0.0,0.0,0.0,0.0,0.0,0.0,0.0,0.0",6.8,70270.63671875,961595.68359375,8689.7900390625,168375.00830078125,34.7509765625
1791409641.6098192,aggregate_n8_vmnos256_r5:confirmation,5.0,"8.1,1.6,3.2,8.1,4.1,2.4,3.3,5.5,6.6,3.3,5.0,16.4,11.0,5.8,9.6,3.4,1.6,2.5,2.4,4.0,5.8,1.7,7.9,2.5,7.1,2.5,5.6,7.5,4.1,5.6,27.2,43.1,1.6,60.0,4.8,2.5,5.0,4.1,5.7,12.4,4.0,0.8,4.2,5.7,1.6,2.4,3.3,1.7,2.5,6.9,0.8,9.3,8.6,6.6,5.7,7.3,6.7,8.4,5.8,4.9,5.0,4.8,5.0,7.4,1.6,0.8,2.4,0.8,98.4,98.4,98.4,99.2,99.2,97.7,98.4,99.2,0.0,0.0,0.0,0.0,0.0,1.6,0.0,0.0,0.0,0.0,0.0,0.0,0.0,0.0,0.0,0.0,0.0,0.0,0.0,0.0,0.0,0.0,0.0,0.8,3.1,0.0,0.0,0.0,0.0,0.0,0.0,0.0,0.0,0.0,0.0,0.0,0.0,0.0,0.0,0.0,0.0,0.0,0.0,0.0,0.0,0.0,0.0,0.0,0.0,0.0,0.0,0.0,0.0,0.0,0.0,0.0,0.0,0.0,0.0,0.0,0.0,0.0,0.0,0.0,0.0,0.0,0.0,0.0,0.0,0.0,0.0,0.0,0.0,0.0,0.0,0.0,0.0,0.0,0.0,0.0,0.0,0.0,0.0,0.8,0.0,0.0,0.0,0.0,0.0,0.0,0.0,0.0,0.0,0.0,0.0,0.0,0.0,0.0,0.0,0.0,0.0,0.0,0.0,0.0,0.0,0.0,0.0,0.0,0.0,0.0,0.0,0.0,0.0,0.0,0.0,0.0,0.0,0.0,0.0,0.0,0.0,0.0,0.0,0.0,0.0,0.0,0.0,0.0,0.0,0.0,0.0,0.0,0.0,0.0,0.0,0.0,0.0,0.0,0.0,0.0,0.0,0.0,0.0,0.0,0.0,0.0,0.0,0.0,0.0,0.0,0.0,0.0,0.0,0.0,0.0,0.0,0.0,0.0,0.0,0.0,0.0,0.0,0.0,0.0,0.0,0.0,0.0,0.0,0.0,0.0,0.0,0.0,0.0,0.0,0.0,0.0,0.0,0.0,0.0",6.9,70963.7578125,960902.5625,8689.7900390625,168375.00830078125,34.7509765625
1791409642.7201207,aggregate_n8_vmnos256_r5:confirmation,6.8,"14.1,16.5,14.4,16.7,10.9,10.7,15.9,11.5,15.8,10.8,10.0,22.8,16.3,15.4,10.9,12.9,12.4,14.4,8.7,15.5,10.0,9.6,9.9,10.7,6.9,11.8,15.2,7.9,11.5,15.5,47.6,35.8,0.0,51.9,12.0,11.7,11.3,12.1,8.8,16.3,7.9,13.7,15.0,15.5,11.4,13.3,13.0,8.0,6.0,15.8,10.9,25.3,18.1,18.3,16.8,16.3,11.4,13.3,13.7,12.6,15.1,20.0,18.9,19.6,4.9,6.7,7.5,10.6,99.1,99.1,99.1,98.2,99.1,99.1,99.1,99.1,0.0,0.0,0.0,0.0,0.0,0.0,0.0,0.0,0.0,0.0,0.0,0.0,0.0,0.0,0.0,0.0,0.0,0.0,0.0,0.0,0.0,0.0,0.0,1.9,0.9,25.2,0.0,0.0,0.0,0.0,0.0,0.0,0.0,0.0,0.0,0.0,0.0,0.0,0.0,0.0,0.0,0.0,0.0,0.0,0.0,0.0,0.0,0.0,0.0,0.0,0.0,0.0,0.0,0.0,0.0,0.0,0.0,0.0,0.0,0.0,0.0,0.0,0.0,0.0,0.0,0.0,0.0,0.0,0.0,0.0,0.0,0.0,0.0,0.0,0.0,0.0,0.0,0.0,0.0,0.0,0.0,0.0,0.0,1.0,0.0,0.0,0.0,0.0,0.0,0.0,0.0,0.0,0.0,0.0,0.0,0.0,0.0,0.0,0.0,0.0,0.0,0.0,0.0,0.0,0.0,0.0,0.0,0.0,0.0,0.0,0.0,0.0,0.0,0.0,0.0,0.0,0.0,0.0,0.0,0.0,0.0,0.0,0.0,0.0,0.0,0.0,0.0,0.0,0.0,0.0,0.0,0.0,0.0,0.0,0.0,0.0,0.0,0.0,0.0,0.0,0.0,0.0,0.0,0.0,0.0,0.0,0.0,0.0,0.0,0.0,0.0,0.0,0.0,0.0,0.0,0.0,0.0,0.0,0.0,0.0,0.0,0.0,0.0,0.0,0.9,0.0,0.0,0.0,0.0,0.0,0.0,0.0,0.0,0.0,0.0,0.0,0.0,0.0,0.0",6.8,70615.73828125,961250.58203125,8689.7900390625,168375.25830078125,34.7509765625
1791409643.8034997,aggregate_n8_vmnos256_r5:confirmation,5.3,"9.2,6.8,0.9,2.8,3.6,3.8,4.5,3.8,1.8,0.9,1.8,8.3,13.6,0.9,1.9,6.5,0.0,2.7,22.0,3.8,5.6,5.6,9.4,1.9,1.8,8.1,11.8,2.7,3.6,2.7,56.8,78.6,0.0,44.1,6.4,1.8,4.5,2.8,3.8,9.3,1.9,1.9,3.7,3.7,5.6,8.3,24.1,5.6,3.8,7.8,1.9,6.9,5.8,3.8,8.6,7.5,3.7,2.8,0.9,4.6,4.8,3.7,2.9,0.9,0.0,0.0,1.8,1.8,98.2,99.1,99.1,98.1,99.1,99.1,98.2,98.2,0.0,0.0,0.0,0.0,0.0,0.0,0.0,0.0,2.7,0.0,0.0,0.0,0.0,0.0,0.0,0.0,0.0,0.0,0.0,0.0,0.0,0.0,0.0,61.9,0.0,20.5,0.0,0.0,0.0,0.0,0.0,0.0,0.0,0.0,0.0,0.0,0.0,0.0,0.0,0.0,0.0,0.0,0.0,0.0,0.0,0.0,0.0,0.0,0.0,0.0,0.0,0.0,0.0,0.0,0.0,0.0,0.0,0.0,0.0,0.0,0.0,0.0,0.0,0.0,0.0,0.0,0.0,0.0,0.0,0.0,0.0,0.0,0.0,0.0,0.0,0.0,0.0,0.0,0.0,0.0,0.0,0.0,0.0,2.7,0.0,0.0,0.0,0.0,0.0,0.0,0.0,0.0,0.0,0.0,0.0,0.0,0.0,0.0,0.0,0.0,0.0,0.0,0.0,0.0,0.0,0.0,0.0,0.0,0.0,0.0,0.0,0.0,0.0,0.0,0.0,0.0,0.0,0.0,0.0,0.0,0.0,0.0,0.0,0.0,0.0,0.0,0.0,0.0,0.0,0.0,0.0,0.0,0.0,0.0,0.0,0.0,0.0,0.0,0.0,0.0,0.0,0.0,0.0,0.0,0.0,0.0,0.0,0.0,0.0,0.0,0.0,0.0,0.0,0.0,0.0,0.0,0.0,0.0,0.0,0.0,0.0,0.0,0.0,0.0,0.0,0.0,0.0,0.0,0.0,0.0,0.0,0.0,0.0,0.0,0.0,0.0,0.0,0.0,0.0",6.9,70706.14453125,961160.17578125,8689.7900390625,168375.25830078125,34.7509765625
1791409645.0264852,aggregate_n8_vmnos256_r5:confirmation,7.2,"13.7,15.2,9.9,14.4,13.3,15.5,16.1,12.3,11.7,12.3,16.7,20.2,27.8,9.0,13.0,9.9,15.5,9.8,10.5,13.2,21.2,13.8,16.7,12.5,8.6,15.8,8.9,14.0,8.7,8.6,47.9,13.7,11.0,34.2,11.5,9.6,16.5,15.9,9.2,15.3,8.8,12.3,9.0,14.3,16.7,21.9,9.7,19.3,16.8,18.2,15.7,19.6,11.3,15.2,18.9,16.1,13.4,10.7,9.6,11.0,10.7,14.8,10.5,10.5,5.1,7.7,9.5,9.4,98.3,99.2,99.1,99.2,98.3,98.3,99.1,99.2,0.0,0.0,0.0,0.0,0.0,0.0,0.0,0.0,0.8,0.0,0.0,0.0,0.0,0.0,0.0,0.0,0.0,0.0,0.0,0.0,0.0,0.0,0.0,100.0,0.0,0.9,0.0,0.0,0.0,0.0,0.0,0.0,0.0,0.0,0.0,0.0,0.0,0.0,0.0,0.0,0.0,0.0,0.0,0.0,0.0,0.0,0.0,0.0,0.0,0.0,0.0,0.0,0.0,0.0,0.0,0.0,0.0,0.0,0.0,0.0,0.0,0.0,0.0,0.0,0.0,0.0,0.0,0.0,0.0,0.0,0.0,0.0,0.0,0.0,0.0,0.0,0.0,0.0,0.0,0.0,0.0,0.0,0.0,0.9,0.8,0.0,0.0,0.0,0.0,0.0,0.0,0.0,0.0,0.0,0.0,0.0,0.0,0.0,0.0,0.0,0.0,0.0,0.0,0.0,0.0,0.0,0.0,0.0,0.0,0.0,0.0,0.0,0.0,0.0,0.0,0.0,0.0,0.0,0.0,0.0,0.0,0.0,0.0,0.0,0.0,0.0,0.0,0.0,0.0,0.0,0.0,0.0,0.0,0.0,0.0,0.0,0.0,0.0,0.0,0.0,0.0,0.0,0.0,0.0,0.0,0.0,0.0,0.0,0.0,0.0,0.0,0.0,0.0,0.0,0.0,0.0,0.0,0.0,0.0,0.0,0.0,0.0,0.0,0.0,0.9,0.8,0.0,0.0,0.0,0.0,0.0,0.0,0.0,0.0,0.0,0.0,0.0,0.0,0.0",6.9,70944.44140625,960921.87890625,8689.7900390625,168381.60595703125,34.7509765625
1791409646.1154618,aggregate_n8_vmnos256_r5:confirmation,4.6,"6.3,7.4,6.5,9.7,7.3,4.8,3.9,3.1,2.3,3.1,3.1,6.5,10.6,7.9,3.2,3.9,7.1,4.7,4.8,3.9,5.4,3.1,7.0,4.1,3.9,8.7,5.5,4.0,3.8,3.9,4.6,0.8,0.0,0.0,15.7,10.0,7.9,9.1,10.4,16.8,3.1,3.8,6.5,4.0,4.7,5.5,3.1,4.7,4.8,10.4,10.7,12.7,10.6,8.1,12.9,8.1,4.6,5.3,4.6,4.6,4.6,3.9,4.6,3.1,2.3,2.3,2.3,2.3,98.5,98.5,99.2,97.7,98.5,99.2,98.5,98.5,0.0,0.0,0.0,0.0,0.0,4.9,0.0,0.0,0.8,0.0,0.0,0.0,0.0,0.0,0.0,0.0,0.0,0.0,0.0,0.0,0.0,0.0,0.0,99.2,1.5,6.8,0.0,0.0,0.0,0.0,0.0,0.0,0.0,0.0,0.0,0.0,0.0,0.8,0.0,0.0,0.0,0.0,0.0,0.0,0.0,0.0,0.0,0.0,0.0,0.0,0.0,0.0,0.0,0.0,0.0,0.0,0.0,0.0,0.0,0.0,0.0,0.0,0.0,0.0,0.0,0.0,0.0,0.0,0.0,0.0,0.0,0.0,0.0,0.0,0.0,0.0,0.0,0.0,0.0,0.0,0.0,0.0,0.0,2.4,0.0,0.0,0.0,0.0,0.0,0.0,0.0,0.0,0.0,0.0,2.3,0.0,0.0,0.0,0.0,0.0,0.0,0.0,0.0,0.0,0.0,0.0,0.0,0.0,0.0,0.0,0.0,0.0,0.0,0.0,0.0,0.0,0.0,0.0,0.0,0.0,0.0,0.0,0.0,0.0,0.0,0.0,0.0,0.0,0.0,0.0,0.0,0.0,0.0,0.0,0.0,0.0,0.0,0.0,0.0,0.0,0.0,0.0,0.0,0.0,0.0,0.0,0.0,0.0,0.0,0.0,0.0,0.0,0.0,0.0,0.0,0.0,0.0,0.0,0.0,0.0,0.0,0.0,0.0,0.0,0.0,0.0,0.0,0.0,0.0,0.0,0.0,0.0,0.0,0.0,0.0,0.0,0.0,0.0,0.0",6.9,71168.91015625,960697.41015625,8689.7900390625,168381.60595703125,32.8486328125
1791409647.5385742,aggregate_n8_vmnos256_r5:confirmation,6.9,"15.9,8.9,10.6,15.6,9.2,14.9,10.6,8.3,10.8,11.9,6.6,16.1,14.6,10.8,16.3,9.8,4.8,10.7,6.6,6.6,9.0,9.2,13.9,8.5,9.7,6.6,6.5,9.0,9.8,9.7,70.9,34.4,24.4,88.3,6.5,5.6,4.9,7.1,8.1,8.0,8.2,6.5,15.6,11.9,8.1,8.9,15.4,10.7,8.3,6.0,8.1,14.9,20.2,9.9,11.6,13.2,22.0,12.4,10.2,12.4,10.7,15.4,13.3,13.9,6.3,6.3,7.8,3.3,98.4,100.0,99.2,99.2,99.2,99.2,98.4,98.4,0.0,0.0,0.0,0.0,0.0,0.0,0.0,0.0,1.6,0.0,0.0,0.0,0.0,0.0,0.0,0.0,0.0,0.0,0.0,0.0,0.0,0.0,0.0,14.3,0.0,0.0,0.0,0.0,0.0,0.0,0.0,0.0,0.0,0.0,0.0,0.0,0.0,1.6,0.0,0.0,0.0,0.0,0.0,0.0,0.0,0.0,0.0,0.0,0.0,0.0,0.0,0.0,0.0,0.0,0.0,0.0,0.0,0.0,0.0,0.0,0.0,0.0,0.0,0.0,0.0,0.0,0.0,0.0,0.0,0.0,0.0,0.0,0.0,0.0,0.0,0.0,0.0,0.0,0.0,0.0,0.0,0.0,0.0,3.2,0.8,0.0,0.0,0.0,0.0,0.0,0.0,0.0,0.0,0.0,0.0,0.0,0.0,0.0,0.0,0.0,0.0,0.0,0.0,0.0,0.0,0.0,0.0,0.0,0.0,0.0,0.0,0.0,0.0,0.0,0.0,0.0,0.0,0.0,0.0,0.0,0.0,0.0,0.0,0.0,0.0,0.0,0.0,0.0,0.0,0.0,0.0,0.0,0.0,0.0,0.0,0.0,0.0,0.0,0.0,0.0,0.0,0.0,0.0,0.0,0.0,0.0,0.0,0.0,0.0,0.0,0.0,0.0,0.0,0.0,0.0,0.0,0.0,0.0,0.0,0.0,0.0,0.0,0.0,0.0,0.0,0.0,0.0,0.0,0.0,0.0,0.0,0.0,0.0,0.0,0.0,0.0,0.0,0.0,0.0",6.9,71683.4140625,960182.90625,8689.7900390625,168381.87158203125,32.8486328125
1791409648.7598758,aggregate_n8_vmnos256_r5:confirmation,6.6,"10.8,11.3,8.5,15.9,16.5,11.7,15.8,14.4,15.2,12.6,11.8,9.4,11.3,10.3,16.0,15.2,10.2,14.2,12.3,9.4,7.6,12.1,15.5,12.6,4.7,5.7,8.3,19.3,5.7,7.5,70.6,43.0,61.1,31.5,12.1,8.4,9.4,10.5,13.0,8.5,20.4,15.7,20.6,6.8,17.0,13.2,10.8,14.1,14.2,11.8,7.7,11.0,7.1,11.4,11.9,10.1,7.7,8.6,7.5,5.7,17.8,7.5,14.6,9.3,7.5,9.3,6.6,11.8,99.1,97.3,99.1,98.1,99.1,98.2,98.2,98.2,0.0,0.0,0.0,0.0,0.0,0.0,0.0,0.0,0.0,0.0,0.0,0.0,0.0,0.0,0.0,0.0,0.0,0.0,0.0,0.0,0.0,0.0,0.9,0.0,1.9,10.9,0.0,0.0,0.0,0.0,0.0,0.0,0.0,0.0,0.0,0.0,0.0,0.0,0.0,0.0,0.0,0.0,0.0,0.0,0.0,0.0,0.0,0.0,0.0,0.0,0.0,0.0,0.0,0.0,0.0,0.0,0.0,0.0,0.0,0.0,0.0,0.0,0.0,0.0,0.0,0.0,0.0,0.0,0.0,0.0,0.0,0.0,0.0,0.0,0.0,0.0,0.0,0.0,0.0,0.0,0.0,0.0,0.0,0.9,0.0,0.0,0.0,0.0,0.0,0.0,0.0,0.0,0.0,0.0,0.0,0.0,0.0,0.0,0.0,0.0,0.0,0.0,0.0,0.0,0.0,0.0,0.0,0.0,0.0,0.0,0.0,0.0,0.0,0.0,0.0,0.0,0.0,0.0,0.0,0.0,0.0,0.0,0.0,0.0,0.0,0.0,0.0,0.0,0.0,0.0,0.0,0.0,0.0,0.0,0.0,0.0,0.0,0.0,0.0,0.0,0.0,0.0,0.0,0.0,0.0,0.0,0.0,0.0,0.0,0.0,0.0,0.0,0.0,0.0,0.0,0.0,0.0,0.0,0.0,0.0,0.0,0.0,0.0,0.0,0.0,0.0,0.0,0.0,0.0,0.0,0.0,0.0,0.0,0.0,0.0,0.0,0.0,0.0,0.0",6.9,70851.57421875,961014.74609375,8689.7900390625,168381.87158203125,32.8486328125
1791409649.8412867,aggregate_n8_vmnos256_r5:confirmation,5.1,"8.6,3.6,4.4,20.9,3.4,1.7,4.3,8.6,1.7,1.7,2.5,2.5,12.7,2.5,5.4,7.0,0.8,0.8,1.7,2.5,0.8,6.0,3.4,0.0,0.0,2.5,8.5,3.4,2.5,1.7,43.1,69.2,65.8,19.5,0.9,0.9,2.6,4.2,1.7,2.5,0.0,2.6,3.5,0.9,6.1,1.7,11.3,2.7,2.5,17.1,4.3,11.7,10.0,3.5,7.1,2.6,3.4,2.6,1.7,3.4,21.2,2.6,2.6,5.2,0.8,1.7,0.9,0.0,98.3,98.3,98.4,99.2,99.2,99.2,99.2,98.3,0.0,0.0,0.0,0.0,0.0,1.7,0.0,0.0,0.8,0.0,0.0,0.0,0.0,0.8,0.0,0.0,0.0,0.0,0.0,0.0,0.0,0.0,3.3,4.2,7.6,20.2,0.0,0.0,0.0,0.0,0.0,0.0,0.0,0.0,0.0,0.0,0.0,0.0,0.0,0.0,0.0,0.0,0.0,0.0,0.0,0.0,0.0,0.0,0.0,0.0,0.0,0.0,0.0,0.0,0.0,0.0,0.0,0.0,0.0,0.0,0.0,0.0,0.0,0.0,0.0,0.0,0.0,0.0,0.0,0.0,0.0,0.0,0.0,0.8,0.0,0.0,0.0,0.0,0.0,0.0,0.0,0.0,0.0,0.0,0.0,0.0,0.0,0.0,0.0,0.0,0.0,0.0,0.0,0.0,0.0,0.0,0.0,0.0,0.0,0.0,0.0,0.0,0.0,0.0,0.0,0.0,0.0,0.0,0.0,0.0,0.0,0.0,0.0,0.0,0.0,0.0,0.0,0.0,0.0,0.0,0.0,0.0,0.0,0.0,0.0,0.0,0.0,0.0,0.0,0.0,0.0,0.0,0.0,0.0,0.0,0.0,0.0,0.0,0.0,0.0,0.0,0.0,0.0,0.0,0.0,0.0,0.0,0.0,0.0,0.0,0.0,0.0,0.0,0.0,0.0,0.0,0.0,0.0,0.0,0.0,0.0,0.0,0.0,0.0,0.0,0.0,0.0,0.0,0.0,0.0,0.0,0.0,0.0,0.0,0.0,0.0,0.0,0.0,0.0",6.9,70801.09765625,961065.22265625,8689.7900390625,168381.87548828125,32.8486328125
1791409651.1816025,aggregate_n8_vmnos256_r5:confirmation,6.9,"16.7,14.4,10.9,12.2,14.0,12.8,12.1,12.8,14.4,11.0,10.1,11.3,20.7,11.8,19.7,19.0,9.5,8.4,6.0,5.9,5.9,12.2,13.0,11.5,5.9,6.5,5.9,19.0,8.3,7.5,45.1,29.8,88.4,57.0,10.8,6.1,9.5,8.5,7.6,9.2,9.3,11.9,12.7,10.9,12.9,12.5,17.6,14.7,10.3,11.7,10.3,13.6,15.9,12.2,12.1,9.6,21.1,19.0,9.5,17.9,9.3,11.4,18.5,12.7,6.6,7.4,5.8,8.9,98.4,98.4,99.2,98.4,99.2,99.2,98.4,98.4,0.0,0.0,0.0,0.0,0.0,0.8,0.0,0.0,0.8,0.0,0.0,0.0,0.0,0.0,0.0,0.0,0.0,0.0,0.0,0.0,0.0,0.0,10.0,1.6,4.1,0.8,0.0,0.0,0.0,0.0,0.0,0.0,0.0,0.0,0.0,0.0,0.0,0.0,0.0,0.0,0.0,0.0,0.0,0.0,0.0,0.0,0.0,0.0,0.0,0.0,0.0,0.0,0.0,0.0,0.0,0.0,0.0,0.0,0.8,0.0,0.0,0.0,0.0,0.0,0.0,0.0,0.0,0.0,0.8,0.0,0.0,0.0,0.0,0.0,0.0,0.0,0.0,0.0,0.0,0.0,0.0,0.0,0.0,0.8,0.0,0.0,0.0,0.0,0.0,0.0,0.0,0.0,0.0,0.0,0.0,0.0,0.0,0.0,0.0,0.0,0.0,0.0,0.0,0.0,0.0,0.0,0.0,0.0,0.0,0.0,0.0,0.0,0.0,0.0,0.0,0.0,0.0,0.0,0.0,0.0,0.0,0.0,0.0,0.0,0.0,0.0,0.0,0.0,0.0,0.0,0.0,0.0,0.0,0.0,0.0,0.0,0.0,0.0,0.0,0.0,0.0,0.0,0.0,0.0,0.0,0.0,0.0,0.0,0.0,0.0,0.0,0.0,0.0,0.0,0.0,0.0,0.0,0.0,0.0,0.0,0.0,0.0,0.0,0.0,0.0,0.0,0.8,0.0,0.0,0.0,0.0,0.0,0.0,0.0,0.0,0.0,0.0,0.0,0.0",6.9,70734.1171875,961132.203125,8689.7900390625,168386.62548828125,33.10107421875
1791409652.1865005,aggregate_n8_vmnos256_r5:confirmation,5.6,"7.2,3.2,6.1,11.2,9.3,7.1,14.7,7.4,6.2,4.0,4.3,12.0,9.6,5.4,9.4,7.3,3.1,7.2,6.9,9.0,2.0,11.1,5.2,5.2,2.0,3.0,4.1,4.1,5.1,7.1,34.3,44.0,60.4,67.0,5.1,7.9,5.1,4.1,6.1,5.2,10.3,6.4,3.0,5.9,3.1,4.2,4.1,11.0,6.2,13.8,11.2,10.8,11.8,8.2,10.5,5.2,8.2,6.2,9.7,8.3,7.6,8.5,7.4,7.1,4.0,4.0,2.0,2.0,99.0,98.0,99.0,100.0,99.0,99.0,99.0,98.0,0.0,0.0,0.0,0.0,0.0,0.0,0.0,0.0,1.0,0.0,0.0,0.0,0.0,0.0,0.0,0.0,0.0,0.0,0.0,0.0,0.0,0.0,0.0,2.0,1.0,3.0,0.0,0.0,0.0,0.0,0.0,0.0,0.0,0.0,0.0,0.0,0.0,0.0,0.0,0.0,0.0,0.0,0.0,0.0,0.0,0.0,0.0,0.0,0.0,0.0,0.0,0.0,0.0,0.0,0.0,0.0,0.0,0.0,0.0,0.0,0.0,0.0,0.0,0.0,0.0,0.0,0.0,0.0,0.0,0.0,0.0,0.0,0.0,0.0,0.0,0.0,0.0,0.0,0.0,0.0,0.0,0.0,0.0,0.0,0.0,0.0,0.0,0.0,0.0,0.0,0.0,0.0,0.0,0.0,0.0,0.0,0.0,0.0,0.0,0.0,0.0,0.0,0.0,0.0,0.0,0.0,0.0,0.0,0.0,0.0,0.0,0.0,0.0,0.0,0.0,0.0,0.0,0.0,0.0,0.0,0.0,0.0,0.0,0.0,0.0,0.0,0.0,0.0,0.0,0.0,0.0,0.0,0.0,0.0,0.0,0.0,0.0,0.0,0.0,0.0,0.0,0.0,0.0,0.0,0.0,0.0,0.0,0.0,0.0,0.0,0.0,0.0,0.0,0.0,0.0,0.0,0.0,0.0,0.0,0.0,0.0,0.0,0.0,0.0,0.0,0.0,0.0,0.0,0.0,0.0,0.0,0.0,0.0,0.0,0.0,0.0,0.0,0.0,0.0",6.9,70866.85546875,960999.46484375,8689.7900390625,168387.11376953125,33.10107421875
1791409653.1948419,aggregate_n8_vmnos256_r5:confirmation,6.2,"14.1,9.6,8.2,11.2,6.1,7.9,7.1,6.9,9.8,6.4,10.3,9.6,21.6,10.5,10.5,11.6,7.4,13.5,8.9,6.4,10.1,9.3,8.5,10.6,3.0,11.7,4.2,5.0,12.1,6.0,45.0,0.0,41.0,64.0,4.0,8.0,6.2,5.1,3.2,3.1,10.2,13.5,15.2,11.6,12.1,13.5,7.4,17.9,6.2,7.8,6.2,12.0,10.8,9.5,17.9,8.3,10.4,4.3,3.2,15.3,9.6,10.6,9.7,9.7,2.0,1.0,2.0,4.9,99.0,98.0,99.0,99.0,99.0,100.0,99.0,99.0,0.0,0.0,0.0,0.0,0.0,3.1,0.0,0.0,0.0,0.0,0.0,0.0,0.0,0.0,0.0,0.0,0.0,0.0,0.0,0.0,0.0,0.0,0.0,1.0,62.0,0.0,0.0,0.0,0.0,0.0,0.0,0.0,0.0,0.0,0.0,0.0,0.0,0.0,0.0,0.0,0.0,0.0,0.0,0.0,0.0,0.0,0.0,0.0,0.0,0.0,0.0,0.0,0.0,0.0,0.0,0.0,0.0,0.0,0.0,0.0,0.0,0.0,0.0,0.0,0.0,0.0,0.0,0.0,0.0,0.0,0.0,0.0,0.0,0.0,0.0,0.0,0.0,0.0,0.0,0.0,0.0,0.0,0.0,2.0,0.0,0.0,0.0,0.0,0.0,0.0,0.0,0.0,0.0,0.0,0.0,0.0,0.0,0.0,0.0,0.0,0.0,0.0,0.0,0.0,0.0,0.0,0.0,0.0,0.0,0.0,0.0,0.0,0.0,0.0,0.0,0.0,0.0,0.0,0.0,0.0,0.0,0.0,0.0,0.0,0.0,0.0,0.0,0.0,0.0,0.0,0.0,0.0,0.0,0.0,0.0,0.0,0.0,0.0,0.0,0.0,0.0,0.0,0.0,0.0,0.0,0.0,0.0,0.0,0.0,0.0,0.0,0.0,0.0,0.0,0.0,0.0,0.0,0.0,0.0,0.0,0.0,0.0,0.0,0.0,0.0,0.0,0.0,0.0,0.0,0.0,0.0,0.0,0.0,0.0,0.0,0.0,0.0,0.0,0.0",6.9,71223.125,960643.1953125,8689.7900390625,168387.11376953125,33.10107421875
1791409654.227336,aggregate_n8_vmnos256_r5:confirmation,5.8,"8.2,6.5,3.8,2.9,9.4,5.7,24.5,4.7,7.7,4.8,4.8,12.0,11.5,5.7,3.8,8.7,14.9,5.9,8.7,5.7,2.9,1.9,5.7,8.8,3.7,3.8,8.4,3.7,3.8,5.6,47.7,33.3,79.8,74.1,4.8,6.5,8.6,3.8,5.7,8.4,11.7,6.7,3.9,3.9,8.6,9.8,4.9,5.0,4.8,12.6,4.8,10.0,7.1,7.8,9.0,8.7,10.5,10.6,5.8,4.8,5.8,9.4,8.8,12.5,2.8,5.7,4.7,2.8,98.1,98.2,99.1,99.1,100.0,99.1,98.1,99.1,0.0,0.0,0.0,0.0,0.0,1.9,0.0,0.0,1.0,0.0,0.0,0.0,0.0,0.0,0.0,0.0,0.0,0.0,0.0,0.0,0.0,0.0,2.8,4.7,1.9,6.5,0.0,0.0,0.0,0.0,0.0,0.0,0.0,0.0,0.0,0.0,0.0,0.0,0.0,0.0,0.0,0.0,0.0,0.0,0.0,0.0,0.0,0.0,0.0,0.0,0.0,0.0,0.0,0.0,0.0,0.0,0.0,0.0,0.0,0.0,0.0,0.0,0.0,0.0,0.0,0.0,0.0,0.0,0.0,0.0,0.0,0.0,0.0,0.0,0.0,0.0,0.0,0.0,0.0,0.0,0.0,0.0,0.0,0.9,0.0,0.0,0.0,0.0,0.0,0.0,0.0,0.0,0.0,0.0,0.0,0.0,0.0,0.0,0.0,0.0,0.0,0.0,0.0,0.0,0.0,0.0,0.0,0.0,0.0,0.0,0.0,0.0,0.0,0.0,0.0,0.0,0.0,0.0,0.0,0.0,0.0,0.0,0.0,0.0,0.0,0.0,0.0,0.0,0.0,0.0,0.0,0.0,0.0,0.0,0.0,0.0,0.0,0.0,0.0,0.0,0.0,0.0,0.0,0.0,0.0,0.0,0.0,0.0,0.0,0.0,0.0,0.0,0.0,0.0,0.0,0.0,0.0,0.0,0.0,0.0,0.0,0.0,0.0,0.0,0.0,0.0,0.0,0.0,0.0,0.0,0.0,0.0,0.0,0.0,0.0,0.0,0.0,0.0,0.0",6.9,71232.73046875,960633.58984375,8689.7900390625,168387.11376953125,33.10107421875
1791409655.389139,aggregate_n8_vmnos256_r5:confirmation,5.8,"11.1,3.8,1.8,12.4,4.6,12.0,12.0,6.7,6.5,5.4,4.5,5.5,21.3,5.6,7.3,13.8,14.4,10.5,5.7,5.5,5.6,4.8,7.4,12.8,5.5,5.5,3.6,3.6,3.6,4.6,31.2,100.0,82.6,44.0,2.8,5.5,7.3,4.6,3.6,7.1,5.6,4.6,9.9,9.0,8.0,15.1,4.7,10.3,4.6,5.0,5.7,6.9,7.8,6.5,6.5,3.7,7.4,3.6,4.5,3.6,1.8,5.4,7.2,9.3,4.5,2.7,1.8,0.9,98.2,99.1,99.1,98.2,98.2,99.1,100.0,99.1,0.0,0.0,0.0,0.0,0.0,0.0,0.0,0.0,0.9,0.0,0.0,0.0,0.0,0.0,0.0,0.0,0.0,0.0,0.0,0.0,0.0,0.0,1.8,2.7,1.8,2.7,0.0,0.0,0.0,0.0,0.0,0.0,0.0,0.0,0.0,0.0,0.0,0.0,0.0,0.0,0.0,0.0,0.0,0.0,0.0,0.0,0.0,0.0,0.0,0.0,0.0,0.0,0.0,0.0,0.0,0.0,0.0,0.0,0.0,0.0,0.0,0.0,0.0,0.0,0.0,0.0,0.0,0.0,0.0,0.0,0.0,0.0,0.0,0.0,0.0,0.0,0.0,0.0,0.0,0.0,0.0,0.0,0.0,0.9,0.0,0.0,0.0,0.0,0.0,0.0,0.0,0.0,0.0,0.0,0.0,0.0,0.0,0.0,0.0,0.0,0.0,0.0,0.0,0.0,0.0,0.0,0.0,0.0,0.0,0.0,0.0,0.0,0.0,0.0,0.0,0.0,0.0,0.0,0.0,0.0,0.0,0.0,0.0,0.0,0.0,0.0,0.0,0.0,0.0,0.0,0.0,0.0,0.0,0.0,0.0,0.0,0.0,0.0,0.0,0.0,0.0,0.0,0.0,0.0,0.0,0.0,0.0,0.0,0.0,0.0,0.0,0.0,0.0,0.0,0.0,0.0,0.0,0.0,0.0,0.0,0.0,0.0,0.0,0.0,0.0,0.0,0.0,0.0,0.0,0.0,0.0,0.0,0.0,0.0,0.0,0.0,0.0,0.0,0.0",6.9,71088.203125,960778.1171875,8689.7900390625,168393.62158203125,33.10107421875
1791409656.4119225,aggregate_n8_vmnos256_r5:confirmation,6.7,"15.1,7.3,10.1,10.0,9.0,9.2,17.0,12.1,13.4,12.2,7.1,17.5,17.7,14.1,7.4,15.3,10.1,7.3,8.2,20.4,12.4,6.3,11.0,14.3,10.1,12.0,13.9,11.0,7.1,12.1,32.0,78.4,57.4,67.6,7.9,7.0,5.1,7.0,6.1,6.1,8.1,8.9,8.8,13.0,6.0,13.1,11.9,9.0,9.3,10.2,11.5,14.0,11.8,15.6,14.1,11.6,10.2,14.1,12.8,15.3,8.3,9.5,7.4,11.5,10.8,9.9,9.0,8.9,99.0,98.0,99.0,99.0,100.0,99.0,99.0,98.1,0.0,0.0,0.0,0.0,0.0,1.0,0.0,0.0,4.8,0.0,0.0,0.0,0.0,0.0,0.0,0.0,0.0,0.0,0.0,0.0,0.0,0.0,1.0,1.0,1.9,1.0,0.0,0.0,0.0,0.0,0.0,0.0,0.0,0.0,0.0,0.0,1.0,0.0,0.0,0.0,0.0,0.0,0.0,0.0,0.0,0.0,0.0,0.0,0.0,0.0,0.0,0.0,0.0,0.0,0.0,0.0,0.0,0.0,0.0,0.0,0.0,0.0,0.0,0.0,0.0,0.0,0.0,0.0,0.0,0.0,0.0,0.0,0.0,0.0,0.0,0.0,0.0,0.0,0.0,0.0,0.0,0.0,0.0,1.0,0.0,0.0,0.0,0.0,0.0,0.0,0.0,0.0,0.0,0.0,0.0,0.0,0.0,0.0,0.0,0.0,0.0,0.0,0.0,0.0,0.0,0.0,0.0,0.0,0.0,0.0,0.0,0.0,0.0,0.0,0.0,0.0,0.0,0.0,0.0,0.0,0.0,0.0,0.0,0.0,0.0,0.0,0.0,0.0,0.0,0.0,0.0,0.0,0.0,0.0,0.0,0.0,0.0,0.0,0.0,0.0,0.0,0.0,0.0,0.0,0.0,0.0,0.0,0.0,0.0,0.0,0.0,0.0,0.0,0.0,0.0,0.0,0.0,0.0,0.0,0.0,0.0,0.0,0.0,0.0,0.0,1.0,0.0,0.0,0.0,0.0,0.0,0.0,0.0,0.0,0.0,0.0,0.0,0.0,0.0",6.9,71045.515625,960820.8046875,8689.7900390625,168393.62158203125,31.7314453125
1791409657.4584513,aggregate_n8_vmnos256_r5:confirmation,5.2,"6.5,2.9,1.9,1.8,2.7,4.6,4.7,3.7,1.9,3.7,1.8,5.6,13.9,2.8,1.9,6.4,3.6,1.8,1.9,4.5,6.5,5.6,3.8,7.8,1.8,0.9,0.0,0.0,2.7,0.9,30.4,97.3,99.1,73.6,2.7,1.9,5.6,3.6,2.7,1.8,12.6,1.8,0.0,0.9,0.9,4.5,3.9,1.8,1.8,3.8,0.9,3.9,5.1,5.6,10.8,6.5,4.7,0.9,0.0,4.5,7.3,3.7,3.9,3.8,0.0,0.0,1.8,0.0,99.1,99.1,99.1,99.1,99.1,98.2,99.1,99.1,0.0,0.0,0.0,0.0,0.0,0.0,0.9,0.9,1.8,0.0,0.0,0.0,0.0,0.0,0.0,0.0,0.0,0.0,0.0,0.0,0.0,0.0,0.0,0.0,0.9,0.9,0.0,0.0,0.0,0.0,0.0,0.0,0.0,0.0,0.0,0.0,0.0,0.0,0.0,0.0,0.0,0.0,0.0,0.0,0.0,0.0,0.0,0.0,0.0,0.0,0.0,0.0,0.0,0.0,0.0,0.0,0.0,0.0,0.0,0.0,0.0,0.0,0.0,0.0,0.0,0.9,0.0,0.0,0.0,0.0,0.0,0.0,0.0,0.0,0.0,0.0,0.0,0.0,0.0,0.0,0.0,0.0,0.0,1.9,0.0,0.0,0.0,0.0,0.0,0.0,0.0,0.0,0.0,0.0,0.0,0.0,0.0,0.0,0.0,0.0,0.0,0.0,0.0,0.0,0.0,0.0,0.0,0.0,0.0,0.0,0.0,0.0,0.0,0.0,0.0,0.0,0.0,0.0,0.0,0.0,0.0,0.0,0.0,0.0,0.0,0.0,0.0,0.0,0.0,0.0,0.0,0.0,0.0,0.0,0.0,0.0,0.0,0.0,0.0,0.0,0.0,0.0,0.0,0.0,0.0,0.0,0.0,0.0,0.0,0.0,0.0,0.0,0.0,0.0,0.0,0.0,0.0,0.0,0.0,0.0,0.0,0.0,0.0,0.0,0.0,0.0,0.0,0.0,0.0,0.0,0.0,0.0,0.0,0.0,0.0,0.0,0.0,0.0,0.0",6.9,71360.63671875,960505.68359375,8689.7900390625,168393.89111328125,31.7314453125
1791409658.5658562,aggregate_n8_vmnos256_r5:confirmation,8.2,"20.2,15.6,18.6,22.5,16.0,10.1,19.0,14.3,15.2,23.2,13.5,22.4,22.0,14.7,12.4,14.0,19.0,21.4,20.2,29.4,20.2,22.7,17.0,17.7,14.0,25.0,13.6,10.9,12.9,12.7,68.9,73.5,99.0,13.6,15.4,11.9,6.9,12.2,14.9,12.0,10.0,13.1,14.9,15.0,12.1,19.4,18.2,13.4,16.5,17.3,20.6,22.2,16.2,19.8,18.6,15.2,14.3,23.5,12.2,16.0,20.4,28.0,22.4,13.1,15.5,19.4,17.1,18.3,98.1,98.0,99.0,99.0,99.0,99.0,98.1,99.0,0.0,0.0,0.0,0.0,0.0,0.0,0.0,0.0,0.0,0.0,0.0,0.0,0.0,0.0,0.0,0.0,0.0,0.0,0.0,0.0,0.0,0.0,0.0,1.9,0.0,6.7,0.0,0.0,0.0,0.0,0.0,0.0,0.0,0.0,0.0,0.0,0.0,0.0,0.0,0.0,0.0,0.0,0.0,0.0,0.0,0.0,0.0,0.0,0.0,0.0,0.0,0.0,0.0,0.0,0.0,0.0,0.0,0.0,0.0,0.0,0.0,0.0,0.0,0.0,0.0,0.0,0.0,0.0,0.0,0.0,0.0,0.0,0.0,0.0,0.0,0.0,0.0,0.0,0.0,0.0,0.0,0.0,0.0,2.0,0.0,0.0,0.0,0.0,0.0,0.0,0.0,0.0,0.0,0.0,0.0,0.0,0.0,0.0,0.0,0.0,0.0,0.0,1.0,0.0,0.0,0.0,0.0,0.0,0.0,0.0,0.0,0.0,0.0,0.0,0.0,0.0,0.0,0.0,0.0,0.0,0.0,0.0,0.0,0.0,0.0,0.0,0.0,0.0,0.0,0.0,0.0,0.0,0.0,0.0,0.0,0.0,0.0,0.0,0.0,0.0,0.0,0.0,0.0,0.0,0.0,0.0,0.0,0.0,0.0,0.0,0.0,0.0,0.0,0.0,0.0,0.0,0.0,0.0,0.0,0.0,0.0,0.0,0.0,0.0,0.0,0.0,0.0,0.0,0.0,0.0,0.0,0.0,0.0,0.0,0.0,0.0,0.0,0.0,0.0",6.9,71449.74609375,960416.57421875,8689.7900390625,168393.89111328125,31.7314453125
1791409659.5883968,aggregate_n8_vmnos256_r5:confirmation,4.4,"5.6,5.1,1.9,0.0,1.0,1.9,1.0,1.9,1.0,1.0,2.9,1.0,10.7,3.9,1.9,5.8,0.0,1.0,7.6,2.9,3.0,5.0,1.0,0.0,1.0,1.9,2.8,1.0,0.0,1.9,37.4,30.4,6.7,93.3,0.0,1.9,5.7,4.8,1.0,1.9,2.0,0.0,0.0,2.0,0.0,2.9,2.9,3.9,0.0,2.0,1.9,4.1,5.1,3.9,1.9,3.0,6.4,3.9,3.9,1.0,2.0,4.0,6.9,5.0,0.0,0.0,0.0,0.0,98.1,98.1,99.0,99.0,99.0,99.0,99.0,99.0,0.0,0.0,0.0,0.0,0.0,1.0,0.0,0.0,1.0,0.0,0.0,0.0,0.0,0.0,0.0,0.0,0.0,0.0,0.0,0.0,0.0,0.0,0.0,0.0,0.0,2.9,0.0,0.0,0.0,0.0,0.0,0.0,0.0,0.0,0.0,0.0,0.0,0.0,0.0,0.0,0.0,0.0,0.0,0.0,0.0,0.0,0.0,0.0,0.0,0.0,0.0,0.0,0.0,0.0,0.0,0.0,0.0,0.0,0.0,0.0,0.0,0.0,0.0,0.0,0.0,0.0,0.0,0.0,0.0,0.0,0.0,0.0,0.0,0.0,0.0,0.0,0.0,0.0,0.0,0.0,0.0,0.0,0.0,3.0,0.0,0.0,0.0,0.0,0.0,0.0,0.0,0.0,0.0,0.0,0.0,0.0,0.0,0.0,0.0,0.0,0.0,0.0,0.0,0.0,0.0,0.0,0.0,0.0,0.0,0.0,0.0,0.0,0.0,0.0,0.0,0.0,0.0,0.0,0.0,0.0,0.0,0.0,0.0,0.0,0.0,0.0,0.0,0.0,0.0,0.0,0.0,0.0,0.0,0.0,0.0,0.0,0.0,0.0,0.0,0.0,0.0,0.0,0.0,0.0,0.0,0.0,0.0,0.0,0.0,0.0,0.0,0.0,0.0,0.0,0.0,0.0,0.0,0.0,0.0,0.0,0.0,0.0,0.0,0.0,0.0,0.0,0.0,0.0,0.0,0.0,0.0,0.0,0.0,0.0,0.0,0.0,0.0,0.0,0.0",6.9,70810.453125,961055.8671875,8689.7900390625,168393.89111328125,31.7314453125
1791409660.6839907,idle,6.0,"14.0,7.9,7.5,10.8,9.5,9.7,6.6,6.7,9.6,7.8,8.7,12.4,16.7,15.5,11.5,8.7,5.8,5.6,5.9,4.9,15.4,8.7,12.6,9.8,4.9,5.6,6.7,5.7,4.8,6.6,53.3,31.8,9.4,46.7,6.9,12.4,16.0,12.7,11.2,7.8,9.3,13.3,9.3,6.7,5.8,19.0,8.6,7.5,8.8,11.3,16.0,9.3,13.1,14.2,14.3,9.5,12.4,6.9,14.7,10.4,14.2,10.7,9.7,11.7,4.8,6.6,5.8,3.8,99.1,98.1,98.1,98.2,99.1,99.1,99.1,99.1,0.0,0.0,0.0,0.0,0.0,1.9,0.0,0.0,0.0,0.0,0.0,0.0,0.0,0.0,0.0,0.0,0.0,0.0,0.0,0.0,0.0,0.0,0.9,0.9,0.0,0.0,0.0,0.0,0.0,0.0,0.0,0.0,0.0,0.0,0.0,0.0,0.0,0.0,0.0,0.0,0.0,0.0,0.0,0.0,0.0,0.0,0.0,0.0,0.0,0.0,0.0,0.0,0.0,0.0,0.0,0.0,0.0,0.0,0.0,0.9,0.0,0.0,0.0,0.0,0.0,0.0,0.0,0.0,0.0,0.0,0.0,0.0,0.0,0.0,0.0,0.0,0.0,0.0,0.0,0.0,0.0,0.0,0.0,0.0,0.0,0.0,0.0,0.0,0.0,0.0,0.0,0.0,0.0,0.0,0.0,0.0,0.0,0.0,0.0,0.0,0.0,0.0,0.0,0.0,0.0,0.0,0.0,0.0,0.0,0.0,0.0,0.0,0.0,0.0,0.0,0.0,0.0,0.0,0.0,0.0,0.0,0.0,0.0,0.0,0.0,0.0,0.0,0.0,0.0,0.0,0.0,0.0,0.0,0.0,0.0,0.0,0.0,0.0,0.0,0.0,0.0,0.0,0.0,0.0,0.0,0.0,0.0,0.0,0.0,0.0,0.0,0.0,0.0,0.0,0.0,0.0,0.0,0.0,0.0,0.0,0.0,0.0,0.0,0.0,0.0,0.0,0.0,0.9,0.0,0.0,0.0,0.0,0.0,0.0,0.0,0.0,0.0,0.0,0.0",6.9,70833.67578125,961032.64453125,8689.7900390625,168400.07470703125,30.8720703125
1791409661.73121,idle,5.0,"2.2,4.0,8.6,9.0,5.0,1.9,1.9,1.9,1.9,0.0,1.9,7.8,6.9,2.9,6.9,7.8,1.0,4.9,16.2,5.9,15.0,6.9,5.9,4.8,1.9,2.0,1.0,1.0,1.9,2.9,28.8,92.2,73.1,34.3,2.9,1.9,11.8,4.0,4.9,5.9,2.9,2.8,1.0,0.0,0.0,3.9,3.9,1.0,1.9,3.1,0.0,3.2,9.1,4.9,3.9,5.8,1.9,7.8,1.0,6.9,3.0,2.9,1.0,1.0,0.0,0.0,1.9,2.0,99.0,98.1,99.0,98.1,99.0,99.0,98.1,98.1,0.0,0.0,0.0,0.0,0.0,0.0,0.0,0.0,0.0,0.0,0.0,0.0,0.0,0.0,0.0,0.0,0.0,0.0,0.0,0.0,0.0,0.0,0.0,0.0,0.0,0.0,0.0,0.0,0.0,0.0,0.0,0.0,0.0,0.0,0.0,0.0,1.0,0.0,0.0,0.0,0.0,0.0,0.0,0.0,0.0,0.0,0.0,0.0,0.0,0.0,0.0,0.0,0.0,0.0,0.0,0.0,0.0,0.0,0.0,0.0,0.0,0.0,0.0,0.0,0.0,0.0,0.0,0.0,0.0,0.0,0.0,0.0,0.0,0.0,0.0,0.0,1.0,0.0,0.0,0.0,0.0,0.0,0.0,0.0,0.0,0.0,0.0,0.0,0.0,0.0,0.0,0.0,1.0,0.0,0.0,0.0,0.0,0.0,0.0,0.0,0.0,1.0,0.0,0.0,0.0,0.0,0.0,0.0,0.0,0.0,0.0,0.0,0.0,0.0,0.0,0.0,0.0,0.0,0.0,0.0,0.0,0.0,0.0,0.0,0.0,0.0,0.0,0.0,0.0,0.0,0.0,0.0,0.0,0.0,0.0,0.0,0.0,0.0,0.0,0.0,0.0,0.0,0.0,0.0,0.0,0.0,0.0,0.0,0.0,0.0,0.0,0.0,0.0,0.0,0.0,0.0,0.0,0.0,0.0,0.0,0.0,0.0,0.0,0.0,0.0,0.0,0.0,0.0,0.0,0.0,0.0,0.0,0.0,0.0,0.0,0.0,0.0,0.0,0.0",7.0,72380.78125,959485.5390625,8689.7900390625,168400.07470703125,30.8720703125
1791409662.7552943,idle,5.8,"6.7,3.1,5.2,14.1,9.9,7.2,3.0,5.9,6.0,8.7,5.9,8.9,9.8,5.1,7.0,6.9,7.8,5.9,8.0,5.0,9.2,11.1,11.3,20.4,2.0,3.8,2.9,2.9,2.9,6.8,91.1,100.0,99.0,0.0,8.0,2.0,4.0,7.8,3.0,4.9,5.0,3.0,6.9,2.0,1.0,6.8,5.0,5.9,5.1,8.2,9.1,9.4,12.6,7.9,6.1,8.9,5.1,7.9,6.0,4.0,5.3,6.9,3.0,8.9,5.0,2.9,3.0,5.8,99.0,99.0,99.0,99.0,99.0,99.0,99.0,99.0,0.0,0.0,0.0,0.0,0.0,0.0,0.0,0.0,0.0,0.0,0.0,0.0,0.0,0.0,0.0,0.0,0.0,0.0,0.0,0.0,0.0,0.0,0.0,0.0,0.0,0.0,0.0,0.0,0.0,0.0,0.0,0.0,0.0,0.0,0.0,0.0,0.0,0.0,0.0,0.0,0.0,0.0,0.0,0.0,0.0,0.0,0.0,0.0,0.0,0.0,0.0,0.0,0.0,0.0,0.0,0.0,0.0,0.0,0.0,0.0,0.0,0.0,0.0,0.0,0.0,0.0,0.0,0.0,0.0,0.0,0.0,0.0,0.0,0.0,0.0,0.0,0.0,0.0,0.0,0.0,0.0,0.0,0.0,1.0,0.0,0.0,0.0,0.0,0.0,0.0,0.0,0.0,0.0,0.0,0.0,0.0,0.0,0.0,0.0,0.0,0.0,0.0,0.0,0.0,0.0,0.0,0.0,0.0,0.0,0.0,0.0,0.0,0.0,0.0,0.0,0.0,0.0,0.0,0.0,0.0,0.0,0.0,0.0,0.0,0.0,0.0,0.0,0.0,0.0,0.0,0.0,0.0,0.0,0.0,0.0,0.0,0.0,0.0,0.0,0.0,0.0,0.0,0.0,0.0,0.0,0.0,0.0,0.0,0.0,0.0,0.0,0.0,0.0,0.0,0.0,0.0,0.0,0.0,0.0,0.0,0.0,0.0,0.0,0.0,0.0,0.0,0.0,0.0,0.0,0.0,0.0,0.0,0.0,0.0,0.0,0.0,0.0,0.0,0.0",6.9,71543.46484375,960322.85546875,8689.7900390625,168400.41845703125,30.8720703125
