tx_index,sender,rpc_node,tx_hash,nonce,submit_ts,confirm_ts,latency_s,block_number,gas_used,status,error
0,0xF66cF8DA24Ae370fFd15a7566cfC4ca685289ba2,node00,8df660da8e83601a2f519b88bce5f12bca5de7ca8bdaea1fb500e7ddb11a61d3,4,1791382851.169285,1791382865.2634456,14.094160556793213,75,241970,confirmed,
1,0x1e1FE320472755Ceb5d6B36eC23B2C9070c7C214,node01,e8e006575e770e31c881564607c0a53df0a198e81ebf54070aa3222d2c4599ed,2,1791382851.1800997,1791382867.0988817,15.918781995773315,76,241970,confirmed,
2,0xF69b8bcFC001B49D1BfEf4a6cad4E058D478402E,node02,2c27eaee8445135169eed2eb6aa7af48e922b7a7fdff83f029b0d884435b8822,2,1791382851.1857817,1791382870.2918549,19.106073141098022,77,241970,confirmed,
3,0x729DE1eD56981a062BB04B2233E4005954c35069,node03,9d6b7b5ea8f69d3dda39288fbae7efbb9a6ce8b907d8633f68795fad0d08fc48,2,1791382851.1971395,1791382871.4694717,20.272332191467285,78,241970,confirmed,
4,0x12B187678eF9bBBB1E719c17287953Ed831Dc540,node04,cbac6104ed0cd0399bf0b292b938d3144bac0f1734ef653c3060168fd53256c0,2,1791382851.200856,1791382872.9149432,21.71408724784851,79,241970,confirmed,
5,0xe293F36D4E3E82cFD973aaA66CB079fbE1d9f204,node05,64cb5db412e5ae182844d2255f34b22adeda19801cf6f57d41f566f51aa8d588,2,1791382851.2043672,1791382875.3766704,24.172303199768066,80,241970,confirmed,
6,0xF88C2370a8FB0da4C1e6bfBBC0a930d7bA7CDa07,node06,9d1b79a1006e1aa31e4a8ac71854a978d6eeb3059cd580645e6e4ddaafc48bdd,2,1791382851.2067103,1791382877.1224802,25.915769815444946,81,241970,confirmed,
7,0x991c8d5451aca7201cdBe25801fd80B973843e74,node07,07f92570da10645d171e2dd66250be3760c9b12373666a37a3b521871fdc1d10,2,1791382851.2143507,1791382879.3868883,28.172537565231323,82,241970,confirmed,
8,0xD8DE18e137f81e97129591f9DDaAC5De28cb3a70,node08,bc722f1a77247e01c6fca1af787d022ac4af0f52ad3a6cb70251fb01d7d92992,1,1791382851.2162838,1791382881.1982765,29.981992721557617,83,241970,confirmed,
9,0xA0BB64b45Bf21225BC4E902DFF4c966268EE300a,node09,01f6bcf8b2cfed78c4708cdf114da357b956c24f9bc5921788b77afd1682c745,1,1791382851.2225208,1791382852.8238351,1.6013143062591553,69,241970,confirmed,
10,0x8876a3cAB74C834bF67300EE3552a74C41f49313,node10,9c58c1ca18e0d5100737d2ce0e4beef421d9f04f6f6951bb8e00a7e97444b5fc,1,1791382851.223995,1791382855.1158612,3.8918662071228027,70,241970,confirmed,
11,0xb0f07d467bF81C5D0af1E4aDd2244b92b8c3B78D,node11,ad90e7f5df2e56e2113ae62667767f7f53bbccbf324e8ddaae5e4e3eb3ba3e97,1,1791382851.2258842,1791382857.3201482,6.094264030456543,71,241970,confirmed,
12,0xc5f2624F62b574ab266e08Ee701BB6cC82860A3c,node12,42bc9bab17142ffb7d6f82828d36f98c594ceaadf54f75549994717eac648b12,1,1791382851.2330728,1791382859.589178,8.356105327606201,72,241970,confirmed,
13,0x527a2d1A08722565d2945C43CD26F466a004bc6E,node13,e07f6a5fce8040a8eaa0c99e6530dcea7ab1bbc21d145c27a242a16dcaf019b4,1,1791382851.2355464,1791382861.8324575,10.596911191940308,73,241970,confirmed,
14,0x61CC64368E3c722EC0fD2C10B4BF0810A8d4E3e3,node14,2cfde9858b55cf61ab620ece4279513229b93f224a020afa3f13144465cd092f,1,1791382851.2431285,1791382863.3711479,12.128019332885742,74,241970,confirmed,
15,0x21d63Cc312545e1bD670D1C630025b702319C090,node00,41aaefd798be40f316d10cb74a500f36faa10fa767aca52dd08655f95443ca38,1,1791382851.24747,1791382865.4279559,14.180485963821411,75,241970,confirmed,
16,0x3709952f4533F4c07Ab03aC3fE87C973086ffaD0,node01,431f0a0d52374a4190dd0c2c9ddf58315b6d70f041937d56a5f7925d5c19d719,1,1791382851.2508743,1791382867.1644893,15.913614988327026,76,241970,confirmed,
17,0xA477D0c34b12f49150c39e33AC3D66c32AA37c43,node02,5f83ef5ce018b02b350e5b3e3c791641272eb701624ebf170c1d599322654890,1,1791382851.2517688,1791382870.3299603,19.07819151878357,77,241970,confirmed,
18,0x89018e945AD325D17f77dc860cE6DBaD2160DC79,node03,6ace091f9e0f4b1b7b14e351911919adc4ed7dffd5807015815b8cfc6e4bc480,1,1791382851.253185,1791382871.5174606,20.264275550842285,78,241970,confirmed,
19,0x8349aD18343D94b79053870d8eba6F09D4515fcD,node04,f792e41f13f7d35191dd45e9561cd5466515a05677ef099d5c0fbcd423f9e874,1,1791382851.2540934,1791382872.9353635,21.681270122528076,79,241970,confirmed,
20,0x19da0f78faf32Ddcd9c27529cE401eD09CB43877,node05,ec10768196e2429c5532da7f8b3373bf97e3ca553ed0d1f7504912f08a970ca8,1,1791382851.256598,1791382875.2843716,24.02777361869812,80,241970,confirmed,
21,0x7f80FB0dBAAd9E167aC695790bE922716fba8b8A,node06,90032bad9172bf4b1f9b38602fe8c7aca6b27a47fdb416109f796c5343d0176b,1,1791382851.2615836,1791382877.1431673,25.88158369064331,81,241970,confirmed,
22,0xD15c57B8f5859e4A7046B96355a97bC254cE4421,node07,14b34c24943f89520cc5b0002c2b6443d2311851e130df1b250ef73ac35147e0,1,1791382851.2635758,1791382879.4578755,28.194299697875977,82,241970,confirmed,
23,0xc046Ea329026869cDeC9FBf8d3D0eF317689e3d2,node08,cbdab256c7e64c901f8543aa56faa4091e042297ff3488d1ceb5ca2b23a59b18,1,1791382851.2662125,1791382881.186937,29.920724630355835,83,241970,confirmed,
24,0xC703186b82C043e373d88Dac45A7ec6029f3cCa2,node09,672d7e78496366b227f1fd3e2ba900b7a8289d1529fb2bb86e64b81a80386661,1,1791382851.2677693,1791382852.9173114,1.6495420932769775,69,241970,confirmed,
25,0x66D535b9d508DcA8f307173c5076d6dA8283558e,node10,2f8f0aede760fa80f70461d69ddaac0e15030a50e6571bf17ffe35f712f07a65,1,1791382851.2713788,1791382855.2031207,3.931741952896118,70,241970,confirmed,
26,0x57AeD20B5f2bFA6140Ce92ed8eEd8B093C85f058,node11,3ffaa3d5da66a68b150fba4431bb4076757456e87747d00ee5e89c8f7f0a2a9f,1,1791382851.2765145,1791382857.4228776,6.146363019943237,71,241970,confirmed,
27,0xb45a1a3001F1FAE31d7188234826C2b18D07AF4e,node12,5d9a81bf0c5848c92326db077529d226d7265e1d2ced07001579ad955c804dc4,1,1791382851.2850807,1791382859.7187274,8.43364667892456,72,241970,confirmed,
28,0x67b81Ca8B3dc6DDcd9a2d97b4f3FbAF1C238d8D6,node13,7e98dae2b7371a9214742f5b0792cc62a17ed5930a55fc56bfbc89be56008393,1,1791382851.2877903,1791382861.7571502,10.469359874725342,73,241970,confirmed,
29,0xc2597b5A7Afae273cBb3CeFb8f943607579B3e1a,node14,353a332cf0884a9a2dd536edb0678bada099074cbebac1fb29c0544945c288a7,1,1791382851.2908258,1791382863.555433,12.264607191085815,74,241970,confirmed,
30,0xC7F47B43feDe09bc04be6E21347AA599258d2619,node00,4edb7dcfc04fc4be5bbfc138ee36adea69e194a40362ef85a6745dfa4bd36da2,1,1791382851.296105,1791382865.5845819,14.288476943969727,75,241970,confirmed,
31,0xaF1751b8bf85dfA4491eE8Df0DedFeC0Ff85eF8E,node01,d9299ea2becd1327cf3133ccb9ebce7114f214d638dee24df1d25848906bbc1c,1,1791382851.3070889,1791382867.1932223,15.886133432388306,76,241970,confirmed,
32,0xb8d546F327850DE433ba6595b2B869C5D1184654,node02,76cc6413727fa3ef83d600010d176dd5e74c78fcff6c3c36e0523ba975fbae97,1,1791382851.3110695,1791382870.3533564,19.04228687286377,77,241970,confirmed,
33,0xb1ff732A8E2b76f8Cd5Af154aE9BfC9Eab835f72,node03,ab835b70942383cb7e89b924d3dee0f960a1d2b0a1ad7ca5bce248792f08af21,1,1791382851.3192785,1791382871.548831,20.229552507400513,78,241970,confirmed,
34,0xc5Cf80cAe4f87EfA74c0514fFEC7D7900735D100,node04,ff152a879752972659c34ffdfcf3505ae4100936c59519d0765d1e694c38bb5e,1,1791382851.319979,1791382872.986123,21.666144132614136,79,241970,confirmed,
35,0x20d3c0793b10095053141e212cFE58932EAc1A8e,node05,56b257250c9d5a28d3c42b9a36273c89019116072973de3f1396ad3554e1bc15,1,1791382851.3228676,1791382875.445927,24.123059272766113,80,241970,confirmed,
36,0xA9eBe6fEA6C30f29C51ae57cF323bCc2e6D45DE3,node06,216d596fa2f31408ad7bd18ab23c70ed7b1eaf550c0d9aaae117fb4ad90c1b4e,1,1791382851.3252306,1791382877.2022269,25.876996278762817,81,241970,confirmed,
37,0xFB0cfeeEfAe4E47e21917048A17bAcEDde85B3B4,node07,8d084e7d1ca060a1144f7c55c8002cce38a1ae957f9c9942a0ee19c54a93ca6f,1,1791382851.331381,1791382879.433208,28.101826906204224,82,241970,confirmed,
38,0x791b4B0e90503FdAD705587a309279de5D669CD8,node08,a6633b2a2f8e646d2d3ee938992c2a270e83202a0075649e9b4274e52db1cad8,1,1791382851.3393605,1791382881.2424188,29.903058290481567,83,241970,confirmed,
39,0xb357534412606683F943e9dE0077B86250d0bf8a,node09,d2968bd3103d45b69685cbbdc00501cfbecf067ecb6f744d441266b93be52623,1,1791382851.3460433,1791382852.9029703,1.556926965713501,69,241970,confirmed,
40,0xDbb7146fAcd783de39291d544539Fd7D923894a2,node10,a331a14d0a04026a63368464472a8bef75a78f20269d4c58cddf070792877c92,1,1791382851.3501344,1791382855.2271569,3.8770225048065186,70,241970,confirmed,
41,0xE4F96bC272767e7134EeCB49c2EF236C2eA07cf2,node11,785b1f98ea1aa9cea7c369749e354077839fb63eda6d1a3a449a131d50271846,1,1791382851.3543665,1791382857.5509589,6.196592330932617,71,241970,confirmed,
42,0x3eB40e99E12eFBDF04a8862d641C3006CE9477f0,node12,107635664f401af24e29abbe003c3c2342b06de7c1d576886e7d9c8f62ad4282,1,1791382851.3575697,1791382859.8424413,8.484871625900269,72,241970,confirmed,
43,0x5aDF5B4B46bb216c98F1125B21ef1D7f2F6AaF30,node13,be63cf3083c28f72ce59d214ebe5f487a98a21ef314561c4cdc098ff61ecd473,1,1791382851.361813,1791382861.8038507,10.442037582397461,73,241970,confirmed,
44,0x5D9C63071d7152911C1CaF3F2afFAe6eC15f68Bd,node14,d620c098240b71795b126fc83be57f386c639bc4924c6e761dfdfe5dd69939e4,1,1791382851.366987,1791382863.4224966,12.055509567260742,74,241970,confirmed,
45,0xecB1889D7D4579AB8Ee9dAc6890C4BFcA084cD88,node00,f4de1747433cc87a1f0cfff1e921ee46e452c25f2ddd8eddde72803faf51333b,1,1791382851.371282,1791382865.7340703,14.362788200378418,75,241970,confirmed,
46,0x2547796c084307489791C521BF3BAc9229Eb46B8,node01,d21ef08886559d06e3c6602b3df8f82b2465c430da7ce5849d3b1d835da5e25c,1,1791382851.3746183,1791382867.5990384,16.224420070648193,76,241970,confirmed,
47,0xCfCf1147c64cd1c13C45Db1aC99ba1B69fa8d632,node02,75d20b9d8f9fe340dee51d9130d98cd37086ddcaf4db4a725c14e323dbd17789,1,1791382851.3798294,1791382870.3870008,19.007171392440796,77,241970,confirmed,
48,0x3E637e4b494424aca0935C133a14F65F2Be69cA5,node03,e774af104d7c1a1973d2b7943d56cc2c97649d283f5a28da6cd93bbc3f9a3689,1,1791382851.40073,1791382871.5792797,20.178549766540527,78,241970,confirmed,
49,0xACa605A04a893a4efd031363153BCbFB576360a2,node04,811ce60f186b444994e5fac0a932847bd39f4257decda5816b47eaa284e00946,1,1791382851.4027011,1791382873.232128,21.829426765441895,79,241970,confirmed,
50,0x7262a3620AED2FfFA40dE88BeDf4e21220c4c414,node05,d3234095b56e73b37f7efab00d9cd53cb1f9f325f0c758018f9b4ecdf19f78ed,1,1791382851.4108255,1791382875.3018138,23.89098834991455,80,241970,confirmed,
51,0x837Fda8FB1DFaAC30dFAb5b13517ad38F63289cc,node06,278519cb3a0a4b957c320574b428acf012c9dd4b8cc1fa092f2ac0509c3c75e7,1,1791382851.4122214,1791382877.2790136,25.86679220199585,81,241970,confirmed,
52,0x3aba75168D92915EAe3ffFE11ED33B7229649263,node07,0422c33f26829371d8881e84a16a53c7be0b190c3408e61bae0b44134d8874f8,1,1791382851.4144962,1791382879.5117457,28.097249507904053,82,241970,confirmed,
53,0x129b5d2448D5454CE5E486136d65C8528eAb88ee,node08,25e9880458adbd600fab0c9322606f61a6d6231ab227176b1c30a0b28365384b,1,1791382851.4211912,1791382881.333593,29.91240167617798,83,241970,confirmed,
54,0xf81832929fe2AA47c6BA76D21a401Dc2dD5CeA8e,node09,7527555e9031d63c72eced64dcea0f83984aa06433c626159974fee4768e2749,1,1791382851.4225247,1791382852.992411,1.5698862075805664,69,241970,confirmed,
55,0xB412edc3E94BeB0813b1F8DeCc46597BcF933595,node10,2fd8093df01cd1701972032644c2feb87324ae90cb518201055980a459305d49,1,1791382851.4282005,1791382855.279935,3.8517343997955322,70,241970,confirmed,
56,0x249dd2Ec4969a003084A28A8720E7309DD06e2bD,node11,165f84f99ad254cc8f0e6cbe1230b0c0c8f41fe1ce5c4c0df53a58bb726d70ce,1,1791382851.4305313,1791382857.6505818,6.220050573348999,71,241970,confirmed,
57,0xFbbeCe7E90f1ad127f122A4A7eDC339323B110a6,node12,f666a932b3a935f44ad75dd6df99ab644392831a05825e594abf88522717fcae,1,1791382851.4361358,1791382859.9136126,8.477476835250854,72,241970,confirmed,
58,0xa1c70F972Aa6D83fe0163169d649F2cEAcdC0Ab5,node13,04ba301a886230a91636ce32125505c9586fd2bb950e9cb2241f449ff3f29f42,1,1791382851.4399889,1791382862.0380576,10.598068714141846,73,241970,confirmed,
59,0x89CE6D2ba7914E2446D0204D58fb6aA0d286A8f7,node14,10e6b200598a430cafd5adfec5315be2c825761d7ff2669fb1fea447db5f188f,1,1791382851.4492776,1791382863.4819753,12.032697677612305,74,241970,confirmed,
60,0x09cC10aB08fbAE6f911b900917325E14222c5040,node00,3820352b4d5ec123a6f2688d596d21e28c1f71456f42f6fd6e429f77479e6f3a,1,1791382851.4502494,1791382865.4653184,14.015069007873535,75,241970,confirmed,
61,0xDd20A72ab1F2bE9153Aa40835581e8990f4A8cbC,node01,46c60a87ad100d864a2c8eace237281fc833996980204f04683d8aaef89b6a7c,1,1791382851.4528084,1791382867.3637478,15.910939455032349,76,241970,confirmed,
62,0xc842AB0cf76e080e6B65Be513dCA430C946d3162,node02,725eea78fa985fd82d736ff04538fc5b623d280d16fab358657372af0656f4c3,1,1791382851.4546442,1791382870.4380398,18.98339557647705,77,241970,confirmed,
63,0x1B7178640Ef73712d25348f352AEC2D8F73aE014,node03,41864a3d372d01fbafe1d311465f1a1e7e55a4ee6991323ad6b965c66b772889,1,1791382851.467729,1791382871.6140306,20.14630150794983,78,241970,confirmed,
64,0x33057D204c703B26fbbFdBc653d6878d968FC0b7,node04,e2e7e91f288f79acb9466a79d4ee379ead55722546be4bdf5e2f0ec6844f182f,1,1791382851.4689484,1791382873.10988,21.640931606292725,79,241970,confirmed,
65,0x3f629BB77863A17bB9003Aa02504956Fcb335aa5,node05,d12c3b3674639cfbdabedda886670ef6dac28930e3165edefec960c06e9ceb45,1,1791382851.4721122,1791382875.5829265,24.110814332962036,80,241970,confirmed,
66,0x85585B447c8E12CFd717036F07E0aC0E5C77F9B8,node06,2166373b4fe20e6c57511498d9d213776e78319bd6986b65cfb5f4ca1c428f5f,1,1791382851.474203,1791382877.2430193,25.768816232681274,81,241970,confirmed,
67,0x9d641b1D29008E0323A2fb1dbE5CF3d10FE9C3A7,node07,6b3f1b46eada750c5a78b8493535e4802afb55a7c3d1a18a7151e67fd428b535,1,1791382851.4765193,1791382879.5692115,28.092692136764526,82,241970,confirmed,
68,0xCe2bb61739D3085213C4C4b8b20e02592828f607,node08,c09a6049c93053cb26ec9c7c8f671ead88c7670cc9b7630f1163b737e9701342,1,1791382851.478564,1791382881.2686048,29.790040731430054,83,241970,confirmed,
69,0xEaF3Cc8748899455C3a5C95E93b99b2B3B2DF8f9,node09,1091a0c32173cda9fbd4e48896ba88455f66d7a95d7aa43fc4a91629efd05ac9,1,1791382851.4841423,1791382853.1285102,1.6443679332733154,69,241970,confirmed,
70,0x6dd8E22B6259A289a522726fA75Df82E1fB190Cc,node10,d4ba4db835447a30848e3c201b425378927ec2a0ae250a9e9b559dad5f0e2132,1,1791382851.4856768,1791382855.4102783,3.9246015548706055,70,241970,confirmed,
71,0xd7b75DbD3855C07F4C05560FDE56EcB2FABe6954,node11,776707b5c05f40838158f279e4436537c6c8960f56de146d994dd9dba7a226da,1,1791382851.488857,1791382858.0161018,6.527244806289673,71,241970,confirmed,
72,0x05F530F71D70E78524963e9D3f1063A82ffC1323,node12,a21aee37c37c35dc64b6f2cd70386d38d8219b020959b87a6616eaba90d97a33,1,1791382851.4911826,1791382860.0111868,8.520004272460938,72,241970,confirmed,
73,0x5108f8e3E7E2e76dEC404A7DE57dA972719E18bb,node13,8d4e28200455e92b8f88c67ca1dc4609bbc2f103745f76ac27d6a1e40a449304,1,1791382851.494289,1791382861.9884062,10.494117259979248,73,241970,confirmed,
74,0x9BD4dCE75A369a23ABFe35C1957e550a779F0e4A,node14,eb40ec508f19bbc2b9f34191190e47a5bec39d183d89f802db387fda57390167,1,1791382851.4994364,1791382863.6816359,12.182199478149414,74,241970,confirmed,
75,0x9552A48796AE4239Fe8dd3ba3E7BCbdDdf0dBd14,node00,d3d302fc59b13fea5ae1306909bdbfdd0a3773641aa1921f7415f9efd6aad53b,1,1791382851.5017416,1791382865.5996623,14.097920656204224,75,241970,confirmed,
76,0x376b065FA018e951E206deB76F536DD90d693DD5,node01,465ed21917c937a5e8961e400ce4c1513433f19788308b4b579908dc14a6148e,1,1791382851.5044632,1791382867.4613564,15.9568932056427,76,241970,confirmed,
77,0x7f28847c261382dbaE239Cfb16BA753D75e0EB14,node02,7a7b3e92e89b9ba11cbde4b89416b479536343633c31f92d837c01b251be9463,1,1791382851.5068238,1791382870.4582229,18.951399087905884,77,241970,confirmed,
78,0xCeCb2C995F01B84cdDeE32b5674ac6fa9B6AB312,node03,0b5805c868e2e3ec2d03c8da44b560ed50be44f88dba5aa21d70b17a31742281,1,1791382851.5126715,1791382871.7438836,20.23121213912964,78,241970,confirmed,
79,0x6F283C3f081d94fe2099547D8324E9Ce486CAbC4,node04,2ce02c9e861a21186c5f8f539f8eff319eb8d48e08f72bce51d714dbfcca99d1,1,1791382851.5163467,1791382873.1514063,21.635059595108032,79,241970,confirmed,
80,0x0E3c013b5BFc7a84a80878E2faba892cD2DA3042,node05,8047a080a73705eb63360cc54728191b3cc5a5c3f7f6156ac5854c79a3a24bf2,1,1791382851.5186114,1791382875.4175994,23.898988008499146,80,241970,confirmed,
81,0xaaA654Be9b5Fb51D83264189Df2c453c8831d27b,node06,6b09fd906330c6687ca09c0f91bf391f34a837f1ef2214ac689de79e09e5319a,1,1791382851.5208662,1791382877.2745643,25.753698110580444,81,241970,confirmed,
82,0x00db0cbCBa8dD72E36ED2e9e279a214F278E2B0B,node07,9b4c8247b414fd8bcf4e030460345c9ac1b85c2a23a50c65039c5fe705a36bea,1,1791382851.524572,1791382879.460989,27.93641710281372,82,241970,confirmed,
83,0xA09cd204feD3D0BcA61983FC373764117B5abaaD,node08,8068ada955355f02dc5a9b8c1605c685b5a7185c14187fb807bdfd826f0866e5,1,1791382851.5261474,1791382881.239386,29.71323871612549,83,241970,confirmed,
84,0x7167963C081B89fa519c116Eb356B84E7B438Da3,node09,a2eb08fe022f46d5cb0ca2115278bfbb3fc09924d5b3f1668d820fdb26202c95,1,1791382851.5282104,1791382853.1595626,1.631352186203003,69,241970,confirmed,
85,0xd9432c0c0426D8336a32ecf8Da8577670Ec86CC7,node10,ba3b6ac68387c2afbcde61a6251da3e598de294a8978e0d1525a8ac2ca8ee801,1,1791382851.5314221,1791382855.360775,3.829352855682373,70,241970,confirmed,
86,0xB9c4Aea97b719E73f0D9dE0980Cc90886d7B0E9A,node11,c354b02a1e586f0e4c4b6a6f58d830dce5fb3604e19e4cfc6df1b8fcf64a38e7,1,1791382851.5362697,1791382857.7380927,6.201822996139526,71,241970,confirmed,
87,0x6F5d6ce5251942AA0a7296EC6546De470eb87c4e,node12,5b9bb1f0296bc94f124b35871b9e42dc484e9e568443170d9ecf980a2dc202cd,1,1791382851.5373282,1791382860.1995914,8.66226315498352,72,241970,confirmed,
88,0xFea93E7Bdd5Bf15BB9EDf2BC8ACdd5c770F5aEf9,node13,04697198bd0981cc8592b923676a33400cead0bf177dde1dce3df1f711f88834,1,1791382851.5592597,1791382861.9842794,10.42501974105835,73,241970,confirmed,
89,0xa124807Cb93B0E01790cfc06082F5d5C4c2F637b,node14,54e1cb7be51798205809b624730e68c0dd791f7f0a309133adad218cb13b883f,1,1791382851.5604317,1791382863.6981673,12.137735605239868,74,241970,confirmed,
90,0x4d5e9610bA70e520D95C4A7d4eFbA5629086276f,node00,3a322a48498df994da0fc27d50907c9cd9984cdd9beacf15dd398ced249bd145,1,1791382851.5655618,1791382865.850476,14.284914255142212,75,241970,confirmed,
91,0x37F2C7192C0B515180fcba186249b51902096497,node01,3060cb7269e096c7a9603b982f8bfc7e51fde511ee47a9e98c9c91ab32f7791b,1,1791382851.5686288,1791382867.361483,15.792854309082031,76,241970,confirmed,
92,0x423b02107d81B45390EdBBF7C7994Cb6F724F9CB,node02,ba15d6cecbf89fbfe4c8a97e11d18fcfbd17056f28da6c02519f4ca8f90391c3,1,1791382851.5707283,1791382870.4408464,18.870118141174316,77,241970,confirmed,
93,0xf079979bbFFf64E5D0b305187Ce7837a63C42dd0,node03,357929c888b848cbdd807e7c7f334c632b6f20a994e210cbf2d51fa6ba22fb8d,1,1791382851.571856,1791382871.7578888,20.18603277206421,78,241970,confirmed,
94,0xEf2669bA71E2F363e3d5223f30e1A3fFeD8Ae85a,node04,214079f3e21133639f0f1f8725543bbc03e3076f5ee75659815797e5cabf4102,1,1791382851.5745726,1791382873.1741495,21.599576950073242,79,241970,confirmed,
95,0xa44610CEd138D8A8DD4138709BcDaAD3B5a23778,node05,6c8d505784e69cccd23c9d104a5ff8fb2f07caed7b52732c5dd19303fc73d939,1,1791382851.5804353,1791382875.6751747,24.09473943710327,80,241970,confirmed,
96,0xA85fc673f2EA88d8461D9e99A36e95BB83E632C0,node06,f68107b803c209c6e5741e8119028c1a8b5eab326d9e34e7c10669ade3d59409,1,1791382851.5820715,1791382877.3872547,25.805183172225952,81,241970,confirmed,
97,0xd1cBB490adD36e9D3b594cC8e3093f56879A526D,node07,7e9bed1da348fc3a1fc705fb6806ee3bfc0011a485248a53be9492c8227b5222,1,1791382851.5886393,1791382879.577979,27.98933982849121,82,241970,confirmed,
98,0xeef108e36Abb7211Dbb7Fbf7835DF4E6074655a6,node08,c5f515d0aa85801d78367480f6a257a1646c3766841210f33dd43ebe620b904a,1,1791382851.590083,1791382881.2372901,29.647207260131836,83,241970,confirmed,
99,0x62AA805f37432E0ae9Fa2dd92e2D1927D657F3d1,node09,fbe5546777d09e1547579a9a85d112fcbb4c7ab35b649e132de3f2e62dfcf2d7,1,1791382851.5916922,1791382853.2438097,1.6521174907684326,69,241970,confirmed,
100,0x4933eb03D69fB7C8a30B0B0d93271CEb656AaD50,node10,379828e167b6ae279dc117653acfba8a7ca4e5e491179a2ab7177a1b4656a1a4,1,1791382851.5948548,1791382855.415434,3.8205790519714355,70,241970,confirmed,
101,0x599ceF3208Ce6856689162e5Dde72CBa1d097030,node11,bdbbfa00344778187a9ba6f369d20c1486cea328c35708f99b69026abe1df90a,1,1791382851.6012611,1791382857.8208241,6.219563007354736,71,241970,confirmed,
102,0x8BbFb55E68c85a3D153Aa31D90B8AA7f3F3Bc647,node12,108a50ad988b9761b4bdb7e0f366347d108ec1e925cc364780de0ea5abda2794,1,1791382851.6052544,1791382860.3794873,8.774232864379883,72,241970,confirmed,
103,0x931a86646CB7FF20F3Cc5D9EEB6946718d681cc5,node13,7e107baf32ac65772b37441bf46361a8860d79e16310a70f25d3ec36ed910276,1,1791382851.608499,1791382861.995151,10.386651992797852,73,241970,confirmed,
104,0x60c6b374250362Eb4438eaB48cb012b999152471,node14,be76f616a6bd37330b585a60d603e4f3295c8676d4e49331709ed0e76cafb384,1,1791382851.6098084,1791382863.9818695,12.372061014175415,74,241970,confirmed,
105,0x357c406db3037b26Dab140Bc0743c4B1B59691bb,node00,a538da4878250a5ef4e07b01c6baa59883f68df1ab4412c54d8344c580e93c41,1,1791382851.6163352,1791382865.6635659,14.04723072052002,75,241970,confirmed,
106,0x1d537D152e8D7523ac2134264Af0f42381bc2e70,node01,6701537dd1094f62e31797c7df46975f8329f83a2b0c1177f0c6cf1634dcc524,1,1791382851.6183505,1791382867.3966098,15.77825927734375,76,241970,confirmed,
107,0x802b850d999BacB9E396d22741e174D1AF25b741,node02,0ec238c0dcf80779ae59238bacee08db94d133680ee2387deb0a791741fc26eb,1,1791382851.6205919,1791382870.4451876,18.82459568977356,77,241970,confirmed,
108,0xd2191f4f353bE5190a403DFd2468865B2a5424f5,node03,377e19390ee676af465062f70bca827a0abbf8fdb5f3ab00592748654aad883e,1,1791382851.6228204,1791382871.7752185,20.152398109436035,78,241970,confirmed,
109,0x110769d2018dec98047f6636B32cc89968455744,node04,7e3896ad7cc06c6f961cc54377fff5bc089a907c4b8cf2d817f06f68129616ff,1,1791382851.6261191,1791382873.3684795,21.74236035346985,79,241970,confirmed,
110,0xE06575dA577E73138dFD6320fA7545Bec006600B,node05,9b2a99dc4354e1304f6915c6e7c98e133049d18d4b0f9e25b0e97b2a20b326cb,1,1791382851.6315417,1791382875.4103458,23.778804063796997,80,241970,confirmed,
111,0x7B56d286A94f02Ae2DAd305D8C3b35F5FB475b19,node06,d0dcd5f7818c7dd529566058b7d251bf0a39b4dc4fb27a3384c8ab772ba20d00,1,1791382851.6356144,1791382877.4353347,25.799720287322998,81,241970,confirmed,
112,0x70D2a60F98d08c23646AA8aE8Cd14E7223959CfC,node07,6a0bff3b121029aa05e55e4ced0439dd7db7ed437dc19887084282fbc1c22d50,1,1791382851.6473618,1791382879.4807942,27.83343243598938,82,241970,confirmed,
113,0x58951847797165A13a5b36c0f7D54768e85F3dDF,node08,dae614c3694bba0d354b5e9a9c2600df21af712305b5a6397b8b8258f0131ca4,1,1791382851.650141,1791382881.295322,29.64518094062805,83,241970,confirmed,
114,0xAc68f0D700BD81207dA79423431455AA26F8A6D7,node09,139824f89794dc008610834a0081ba484976b29f35bf5f9511a0e313cc91f7c1,1,1791382851.6525054,1791382853.3776367,1.7251312732696533,69,241970,confirmed,
115,0x0B99abf5F21071D3eC9A165821eede76CA7A0085,node10,74ba29431cae604e4d1d1c201405a25695a81511ad38bc989fff8bf1396374ad,1,1791382851.6540625,1791382855.5960991,3.9420366287231445,70,241970,confirmed,
116,0xa585aD6c659699ef5D4b32e2D1c27C08EcB125Fb,node11,6c6cd88dde63751d21d0f251f0703eec41a93d3d3fac16d5ff1eaebbeb99b316,1,1791382851.6567655,1791382858.153505,6.496739625930786,71,241970,confirmed,
117,0xDF7D36bE2739DA2d5Bf44ACF049c0174A273DdE4,node12,e31e0707c9c8fd513771f7e5ebb7f2425fb93bb36a4b601f29ec16455fa0e6d7,1,1791382851.6591902,1791382860.22556,8.566369771957397,72,241970,confirmed,
118,0x95b662F6934B00F1F498D1879715bAFD0E63A436,node13,818f16b8f6a890304dc70cf3ab8b6747fc931658c9854e6f84bd93a486e6f244,1,1791382851.6631925,1791382862.2938275,10.630635023117065,73,241970,confirmed,
119,0x1384C3984fD27cA4b1e5A085005eF822CE6f9B4B,node14,1d936e97f52faf230924500cdb11b6a1f2232ff1bcbcf611ef833c0ce5169d5b,1,1791382851.6649115,1791382864.0611832,12.396271705627441,74,241970,confirmed,
120,0x46A2AD66763Db186CaCc876fBc3BD6565B614813,node00,3e1b7f3908048a7b51cb2f733d10129efa5b2e75af6fb6685ac5608c85ee6d29,1,1791382851.6702,1791382865.8226895,14.152489423751831,75,241970,confirmed,
121,0x0b79ACC6897dE09BE87D6906568c2c1479a3c04E,node01,fe55bb57fa730ee27a6d4a973c0b4d4392a9e8421d7ba1284c3b5dee34e2a5bb,1,1791382851.6728594,1791382867.5703082,15.897448778152466,76,241970,confirmed,
122,0xB465e984d1D3534C8aEd8121cd64311d303Cf963,node02,b6c07ed15738f7c659955b5bb77f217400da293fe23e56e8556c59a92194077d,1,1791382851.6743903,1791382870.492002,18.817611694335938,77,241970,confirmed,
123,0x2f1FD624fd092d7E9Aa1E77Cdc04dCF86347677A,node03,be6b487ce7f150756e0aea1b8f9f80f86fc041b756fc31e02211dd8d1178ac1b,1,1791382851.677056,1791382871.8412292,20.164173126220703,78,241970,confirmed,
124,0x088013e8eB09D2b58078d0B2c67639c94cb8ccac,node04,36f111c66e5e57c5c352860cd8404f6f2835bf10e05e8b3bcdebe2cfe8219519,1,1791382851.681135,1791382873.614403,21.933268070220947,79,241970,confirmed,
125,0x6Ae2D66071848E0fBCB6d06802403Eb6AA78B76A,node05,2461c321414d5d90163545b0bf73f1d93e83cc2da26d6cb1a6efb7dd27354ced,1,1791382851.6851747,1791382875.4781227,23.792948007583618,80,241970,confirmed,
126,0x6e9AaE8B499EC1c20152182E5A7883d40A8C6966,node06,d8eb8de0b7a5553a771d33c20930f7b8cd6d276b782b368024e8e68f2e7369dd,1,1791382851.6869578,1791382877.3341882,25.64723038673401,81,241970,confirmed,
127,0xc336Bb9F3246B13859cE331e7Ac4542bC4535a3b,node07,c88ce6a96aec2055262077792278f3c3af5515c984e28a7464b955a054656b8a,1,1791382851.6901326,1791382879.53834,27.848207473754883,82,241970,confirmed,
128,0x99846849BC636a199E21d2463d5439357580Bc8f,node08,3a2a93c8750cfb9d648dac28c7fb22d0c1174df8fb5766d84ed8d1c9fb3729ef,1,1791382851.6924322,1791382881.2745228,29.582090616226196,83,241970,confirmed,
129,0xf07e95c3Adf53dB474Cc5004487a5408602de58E,node09,e4a8ce7105c91d34fa5ebfe196ab21c41409de47ffb0052c69809ee5857387bb,1,1791382851.6950881,1791382853.3894956,1.6944074630737305,69,241970,confirmed,
130,0xa13683466abF126790eb11BdD8399A62636E48c4,node10,7bae5d205d809ed84b951841aa85d352e5c9a898a03d771f0bc32f741ef5eb9d,1,1791382851.697095,1791382855.7547305,4.057635545730591,70,241970,confirmed,
131,0x2D8DBd6f17b27d71bb991A356901CC4E9becb8F1,node11,0e84c39ccfbcff1900aeed39075635e0c8aea50317d3927ee32799faf6e071ed,1,1791382851.6985433,1791382858.110639,6.412095785140991,71,241970,confirmed,
132,0x61BA0E608A9A76E1E64fb59A66150dAa85fce8Fe,node12,5408f64549b1fd47c774345b49c84e825d9cf4ab0f737d3e3c86329edcd88bb0,1,1791382851.7071152,1791382860.5697274,8.862612247467041,72,241970,confirmed,
133,0x975f8f8654eef151B70ab30Ec8D543E908D8F4Bc,node13,1d42b632676fa4b7c9b9ae1180f37fea3f742526b52ee4d36a5c494bfc68d4a6,1,1791382851.7097385,1791382862.1412587,10.431520223617554,73,241970,confirmed,
134,0x90519D3A32F9991a54Da11667f8A0258c5A26Ade,node14,fdafda7eb0da799a1cf10700c4b5bd18ecd8fb877742a7e87121746f4b44cbf3,1,1791382851.7108417,1791382864.102321,12.391479253768921,74,241970,confirmed,
135,0xF3D7b50C0EEC07DEf783d5BB1EF44342d55dCFF6,node00,5708158d37f782f25272b6c1888c1c2f00854674a0bddfd47030dfd62027f105,1,1791382851.716056,1791382865.9535162,14.237460136413574,75,241970,confirmed,
136,0x8D241277E85801080E445cacb17dE7683a854661,node01,b3536e85c3854b180780a5592364ef8d7c3ac77a5dbc88766cbcfa5d37c5d94f,1,1791382851.7185316,1791382867.5459297,15.82739806175232,76,241970,confirmed,
137,0xeA9ad990D8f443B7aeeC9C1a416076805f81f51d,node02,fdc02743e1f0841168a84c4adaa9b5f6f7408edc92e310d51e78a3e909a27f12,1,1791382851.7241716,1791382870.4910543,18.76688265800476,77,241970,confirmed,
138,0x7B7784d5D7D4EF807A82CA4D176556918fEBE9B3,node03,488935a6c0c71b53b3716575cf8adc6244cfa07c7437b9dd0e24733808d9623a,1,1791382851.7260242,1791382871.9752944,20.24927020072937,78,241970,confirmed,
139,0xBa71dbc0d4B733838be001Eb1F49243088bd4D0B,node04,d425db7c09485542a4e9713fdfdc345ab98b19407055124b53bb8d2706e99c4a,1,1791382851.7283034,1791382873.374766,21.6464626789093,79,241970,confirmed,
140,0x4d166B2597E953C29E56ba47A9C40D3C28f48eaC,node05,aa0e8e41452e3e260d1430fad8fd495e2cecc52d7b59f40a19d51bd5a6d5612c,1,1791382851.73241,1791382875.4556901,23.72328019142151,80,241970,confirmed,
141,0x91d54A50A019dAc083896E40A9d564C1B7582EbC,node06,f5eef42c06279e2fad2cc890f5a7736b74eec932075f8c8a5ff24707920713f2,1,1791382851.7337053,1791382877.4928036,25.759098291397095,81,241970,confirmed,
142,0xd356454F2994dE9CdA36517DA537Eaf892C7a766,node07,0a00a3cc7d019429b05cd674288c7528af06690a9891ca963714239bff35f731,1,1791382851.7351663,1791382879.7791593,28.04399299621582,82,241970,confirmed,
143,0x73554a5A7d1dcA594305872478b51D3BA8C0C138,node08,8f83df4caca9b39469c8e3aa85cc85176719bf92ab0d209c1ca15a26cdb8ff15,1,1791382851.7386436,1791382881.315376,29.576732397079468,83,241970,confirmed,
144,0x9D95ED813DABE5659Df28e82214C761467193384,node09,1927a4f93a00949eef576dba801082f19664836efa8932d5c56006b065e59d13,1,1791382851.740045,1791382853.4222617,1.6822166442871094,69,241970,confirmed,
145,0xe84A921A4E64a51483ecADAE02133674765FEC57,node10,583997c4377dffbf10c65778d658feac07bcc41ff11e945e06e188005f442fd5,1,1791382851.7412722,1791382855.6651149,3.923842668533325,70,241970,confirmed,
146,0xbb05eaa0F7860F41958f33F3Bb4354C9bB2252D6,node11,9803c0f2b660b6f3e75bf99f729db996b76a658e6edbb52db622d70143b4dac6,1,1791382851.7436965,1791382858.5218287,6.778132200241089,71,241970,confirmed,
147,0x7cFb39247Cc8A261a2763b794001a2248C9622c2,node12,a30d9bf409920ba9c3ca4384864879eb78d8c9410ed86a4c9917120686d67e6a,1,1791382851.745079,1791382860.2822988,8.537219762802124,72,241970,confirmed,
148,0x62a1c2001c7CB38C865E63bC116c5cD63BF217Df,node13,9e4a2234373aa39b3ae684a5b1060702fc41b0c870ba3ecf8beb09bf7c199b24,1,1791382851.7466445,1791382862.1561093,10.409464836120605,73,241970,confirmed,
149,0x820dA5D1Db1B38d9624cB41b4298FF796067d0D0,node14,0b1d63b883f7ffb93427f7cf6305a6d0c0104e86ae5075b50da029d9e354193e,1,1791382851.7563262,1791382863.9716034,12.215277194976807,74,241970,confirmed,
150,0x2d0Ba9253E2971f8C6b2635df6c1491CfCf47c82,node00,f74d0d538ff737148c821d26eec0496682daf2165f8e8c2aaacfd4213d5d74e2,1,1791382851.7667897,1791382866.3832521,14.616462469100952,75,241970,confirmed,
151,0xEE2A1950D40bBdc461317D1Fee2318f561b328D4,node01,826802b1e86ee2f8362fe887b45088d29679cf502ef4fe30d41cff56a0bf2fdc,1,1791382851.7700455,1791382867.548681,15.778635501861572,76,241970,confirmed,
152,0x5061213B900361a521F5dba89a9F0142cC056248,node02,c712a0700a18c96dccdbd569821032c9c60c767f6b0fd55cc536baafc0fa8086,1,1791382851.7725883,1791382870.6541214,18.88153314590454,77,241970,confirmed,
153,0x53C5eDcff821a2B15e97C0459F3421aF77048552,node03,197d732a4a1f66ff98bf6beaef41eb124e4d7e48d0cd0ef1e814fc1aa44a4d24,1,1791382851.775854,1791382871.8528976,20.077043533325195,78,241970,confirmed,
154,0x2677fb575e0900F2A3a5eE7757668CaD7D9B8961,node04,5b48804ffa3179909ee2082ee43f9fffc6be109e3f2b51231038255e01fbe761,1,1791382851.7792945,1791382873.4087849,21.6294903755188,79,241970,confirmed,
155,0x3e0fA1253330b565ea437F769abefD57999302eb,node05,6f102300455f1a63d3f767c7cb3122383caf76b3d69c80c730fc4b7b19b9f04d,1,1791382851.785559,1791382875.628916,23.84335708618164,80,241970,confirmed,
156,0xfCDA5afa24335ADf7Dfd8580D732B7A47D5129Fd,node06,cb8368c9e085f1fc2e3b109ded2481f724cd2bfa2091cc9af17a368f92a31ee7,1,1791382851.7867389,1791382877.472943,25.686204195022583,81,241970,confirmed,
157,0xA51c1Be07Bf525E62e8Cf2c7871C0A505DA16d1c,node07,607db5d935871a1f32afefd0122c3808860598e9c344d35ac1ed184a7d55d6a6,1,1791382851.78935,1791382879.5628467,27.773496627807617,82,241970,confirmed,
158,0x197310644d09f3a79DdfB9C3098c0B311Cbb253a,node08,f89ef1ea2cff7f690b7aaf181effe40e540439a68552d4c43e444ac4c6bbfeed,1,1791382851.808307,1791382881.481378,29.673071146011353,83,241970,confirmed,
159,0x86b2Ddc6772f314440057101d9624B152a75b8cC,node09,54b17d38afc8749e1ba9e1288babde40bb3d410ccb3e8e6f7bdd8171ec849204,1,1791382851.8108642,1791382853.5983746,1.7875103950500488,69,241970,confirmed,
160,0x408Ef224C8F307769D16e62D0C680C31b5F7943d,node10,d270484e07e2b66a9cde8e8607acf7468bcbebca7b1ab39613160e721dc784e1,1,1791382851.813555,1791382855.9485943,4.135039329528809,70,241970,confirmed,
161,0x96211BDF18f06F162859AB1E6c41448C6848E421,node11,0125b76d1016c280d5d2e74b13ec8e0e6c7ac2274c1198c96b4c457f13f97318,1,1791382851.8154922,1791382858.1478217,6.332329511642456,71,241970,confirmed,
162,0xdFEB7B4390F6154006884FFb6ccDcbe4fB6f4474,node12,89cc6c315d0976a91d2d8ed71cf4f3df70c440dfc367e0304a543b1fcf773a5f,1,1791382851.8171408,1791382860.6160636,8.798922777175903,72,241970,confirmed,
163,0x7Ac3B0A38D97D58023F23e9C9A86Cca4eBAe1Ccd,node13,2a6c2a0673a8f4fa14716ac73bd99add7ae864d906d83f937d27cbcea599319b,1,1791382851.8215094,1791382862.260274,10.438764572143555,73,241970,confirmed,
164,0xFc640eA57942cB9C1A8A17e9a13b2c7594d89339,node14,c8d52431d60c5276cfc7264f58a11c9578083db40d6f695f4c745d911dd0aa1b,1,1791382851.8241243,1791382864.311982,12.487857580184937,74,241970,confirmed,
165,0xb9479fD45781F2742539A57614BDAcd9FAcec945,node00,2db3af3d9f2cec251730e8b9755091cb4a25a61ca05ce3aed346070d99b5a1c1,1,1791382851.8332937,1791382866.1730187,14.339725017547607,75,241970,confirmed,
166,0x3a527D3440BD575050b21575d6d0Ea1581b2847a,node01,9931ad7bb3548b46f8a4d86d9cc04383df65a44ca0256dadc3c7535d6690026e,1,1791382851.8354275,1791382867.773865,15.938437461853027,76,241970,confirmed,
167,0x68c35F33dcE49eB9a49195F1D1b16F258801AD44,node02,a311dbf7dbc2d50f7f72147c853dca3a427dda243d291aac85317ce54e569316,1,1791382851.839211,1791382869.127772,17.28856110572815,77,241970,confirmed,
168,0xA7732F6Edcbf4cEF3068AE4956CB8a97Dc49C1AF,node03,1fc2d01a2b97b5f786fc1d37ce15dff3aa6daa2cefa8c298c72a95ac651d967b,1,1791382851.8433144,1791382872.0152843,20.171969890594482,78,241970,confirmed,
169,0xCc44350E05839EB829a3F1148d418a541F6be982,node04,b0ffd5970ef70b8ad9fb15350eaa95408b23c83e22ad59af3fc5b27083ee8856,1,1791382851.8456717,1791382873.433796,21.58812427520752,79,241970,confirmed,
170,0xB267755a428EA12F66ec3a65Eb886C7a0f249b38,node05,1dfad9f5bf872971e82268147f77c9fc35554a0cfd73dfd4fd2ef06e35d3845b,1,1791382851.8511658,1791382875.7414966,23.89033079147339,80,241970,confirmed,
171,0x98Bae1DA8663e3d8d0153Bf00379e96a86356841,node06,f9d0244d92ff1297e2ddff8d6561f2d689ee144b0429513b343f206df0b8e9af,1,1791382851.8543384,1791382877.639412,25.78507351875305,81,241970,confirmed,
172,0xE4b128B167D758261d7eA0Ed95aEf814C2403956,node07,5e15407c380d5d500df53c19d5a620f7f4478db74f88ef002f03c400f1bec919,1,1791382851.858739,1791382879.6332772,27.774538278579712,82,241970,confirmed,
173,0x6a96A63076379e438bC07Fe83CCc427e3ea83572,node08,3e5cb6bcdeaa3aa9938425eca37340a49d3205d9d729edd817e74e91fc13f33c,1,1791382851.8615112,1791382881.3582745,29.496763229370117,83,241970,confirmed,
174,0x2E898BF368BdaFbb231f1896a88677ee0468E237,node09,6b2162e00a31f7479454b54689ecc055dc17e718da5ddce785a432759756d537,1,1791382851.8661253,1791382853.6934872,1.827361822128296,69,241970,confirmed,
175,0x61f3dF615056148118A73B8e72aF57a298543bD1,node10,b85a79e7a28e9c4b8312fdc7dd6b9deeb4ef0d1439f2d13df14ce39e541af948,1,1791382851.8684316,1791382856.0125344,4.1441028118133545,70,241970,confirmed,
176,0xeF7A2A509BfEA326a36508f63da9FA46228a1Af1,node11,786e270c3a8399c57d3d46698835b18f94ad8d8aa0658b4d002178b205ed8ca1,1,1791382851.8706467,1791382858.23188,6.361233234405518,71,241970,confirmed,
177,0x616991fC375fB1117A58bC753C345DCE8062dded,node12,89ad88669e0d483f1cf00dc7672f385762d5d5581b46fde291820a374f240b86,1,1791382851.874566,1791382860.6696458,8.795079708099365,72,241970,confirmed,
178,0xB4eeE2913733b599B28955D201F33Ef568A7F5fD,node13,8c691f936094f73ef24faa1982c6825bc0dcbf24d72221eb3ff2a8fb5de84448,1,1791382851.8775632,1791382862.2865865,10.40902328491211,73,241970,confirmed,
179,0x1f023f2FC029D072fF87A79c5CF87D5f1FcDcCD9,node14,c5fca1c2c78a0e8ac8a3f600ad75b1fb6167bfdd82b3948bbd81335064ad5f10,1,1791382851.8798103,1791382864.145393,12.26558256149292,74,241970,confirmed,
180,0x1C2540a4F6B16b8A51B4948D38C30Be6B383d4Cf,node00,453cb3f13e4f620ab5f723ccfe32f531a55424688eb1479d605ffc8ae6972b1d,1,1791382851.8814263,1791382866.3437197,14.46229338645935,75,241970,confirmed,
181,0x677fb8f9e8a0D4D8612ca5875A60a67dDfbA14c5,node01,f8f5fed9e2d7da89157ee3c546b7648330e2a9b2c75d3661599827bab9d497ab,1,1791382851.883565,1791382867.8744917,15.990926742553711,76,241970,confirmed,
182,0x0692b54b00a7e51DE4D27b8815929d9581ad50b9,node02,9c66384261dbf25946cced829495cccf8413ee960e4a17a97dddaffc887988b9,1,1791382851.8872654,1791382869.0650804,17.177814960479736,77,241970,confirmed,
183,0xd363e7753aCB38df0848Ea7E370EB4F236CC4371,node03,33c778b3362a52240b31856a50dd4c6b1454da397014e8381280f4113f1fe61d,1,1791382851.8928127,1791382872.163681,20.2708683013916,78,241970,confirmed,
184,0x42EeB38e7c54FD138C5ee79D02652bF2c35220d4,node04,3f8aeb78de47a961224356fd71d04b351cd344bbcbdc123316636d869a3d8ed3,1,1791382851.8967535,1791382873.4684324,21.57167887687683,79,241970,confirmed,
185,0xBb95156F1Fd14Fcc77396Bd0F7F5809205cBFAFF,node05,44e90a770497ea2f8550906c731f69ad3cfb6b66e17d60d15ca6b53917114d34,1,1791382851.8992023,1791382875.710926,23.811723709106445,80,241970,confirmed,
186,0xa131bC44b1Cac43dAd9d93cbc5757Cc2157636D0,node06,991fa25fdc103bf4d9e9b3a07a992e9fe1b9584a97fa15f9d79d55cadf9e976a,1,1791382851.9024894,1791382877.7158842,25.813394784927368,81,241970,confirmed,
187,0x647FD29E592F80B5bfC009485e62878191aa8De8,node07,44eea6650ad2fa3682e123fa57bf3a70b73bd0f1a4fbfd9d3a64c175849a40a2,1,1791382851.9055352,1791382879.694604,27.789068698883057,82,241970,confirmed,
188,0xfe5CADb0d159854e10271915EB4cfc3A2F68ba5B,node08,ff5b241eddfaf8703f7cc378bfb62a7a28523803df13da03fe370bc15768ac3f,1,1791382851.909552,1791382881.2857945,29.3762423992157,83,241970,confirmed,
189,0x46273054819BF9eb3fa2823910E120A8C581CF0D,node09,f7ca14099ced722a87af2a0936fecb45b3e102a78d7f7f7800020af65934405c,1,1791382851.9102645,1791382853.89664,1.9863755702972412,69,241970,confirmed,
190,0x3D0319BeB160A4b0D9b6349C2ADEeBf790Ce1957,node10,f680a13462e5e770fa84e3b811c84a5904fd9a2a3d5710f451e80f0e979a6d70,1,1791382851.9117064,1791382855.9855053,4.073798894882202,70,241970,confirmed,
191,0xFfEFd0f56D2a89084466cA80EbB94CFB09e5e0c0,node11,a96ffa05758b74280b089193873b7b3f6d66dc4302f05fb74eb4bf393e701d94,1,1791382851.9137008,1791382858.1879385,6.274237632751465,71,241970,confirmed,
192,0x532A8B8C1a8dBE43A907035171DC6d5C43e9025D,node12,fa1126a17e02b4ce47f5c201a77c809301375e456a8f3fbdd7a7941159e5234c,1,1791382851.917098,1791382860.7252557,8.808157682418823,72,241970,confirmed,
193,0x7464c32C347376cfDaa9e206Db04Eb6CbF0Dd98D,node13,1d5e5f111d1842ab8f570cd7d71c5f3b985787c7cb775ec3ef187f7ceb5d956a,1,1791382851.9191132,1791382862.358615,10.439501762390137,73,241970,confirmed,
194,0xe7dff2E79F552E9aF3EfB046207382030d12010A,node14,942d4a3c45cf26448f2c827712d145dbae79d03eb39634a39a4bbb2f513b10e4,1,1791382851.920348,1791382864.3432946,12.422946691513062,74,241970,confirmed,
195,0x8B3699b78437C017D67485bC69f230188D9b283E,node00,c66d2cccfe9998ad574f7c559f4f837698f97401a9930359b232d8413f5b9a08,1,1791382851.9235718,1791382866.2931046,14.369532823562622,75,241970,confirmed,
196,0x7a12AB3EfD9ED0de70c48053a9ee16516cc9eb2a,node01,42ab54921dfb0696cc268f69c54644ad41d9c8eca7097c8f793fac88bd0eb570,1,1791382851.929629,1791382867.7525132,15.82288408279419,76,241970,confirmed,
197,0x632db26D57162209267936f74C131731f0783053,node02,8026d221ed686de78d9c67b1ef16fa55531d372e52cabb88f2ce632da93eec9e,1,1791382851.9386559,1791382868.9851785,17.046522617340088,77,241970,confirmed,
198,0xb937A9e7F738b22651bfB3bC152D93eBE5A2B87D,node03,2018b442ff8c786616d3f172eaee2d40bc1e2197bcf3f4b4a4e3192b353d5726,1,1791382851.9402158,1791382871.9953253,20.05510950088501,78,241970,confirmed,
199,0x0430b70d688aBcAEb158724987aAd21a977F076f,node04,e9d90eb84f7f57eaa1cc65370c5b33a5946de43359190735433d0c8b4c2be79a,1,1791382851.9410906,1791382873.5836587,21.642568111419678,79,241970,confirmed,
200,0x10c284f816f24b84c3eE1b72904BebD4b5468ca3,node05,1fecbbc6cb96db5186bac1df8a7cbaf2b8b9999a75b9cec638b00d333a3334fa,1,1791382851.943059,1791382875.6334903,23.690431356430054,80,241970,confirmed,
201,0x3C8Cf233AdA99584CaEEe2343Cd0F7b8e627aaE1,node06,975973471eb6cf4726e9685ad7d11ea495277cd01b0da4601e252ca190abf526,1,1791382851.944194,1791382877.6334567,25.689262628555298,81,241970,confirmed,
202,0x349995F4439386da26f64B213815e467697cb1A5,node07,f47ad160d0fdc37be98f32dcd7b45fca4430f69954a9b7567167a3212bd51f62,1,1791382851.947151,1791382879.9139543,27.966803312301636,82,241970,confirmed,
203,0x211Fb4294D7572b785097A721344476B17E17E98,node08,44e59bb1f0a0c6cd1859cc34a7647bce04689e07c7a1b7fb0fc26ab2731749c9,1,1791382851.9497375,1791382881.2906117,29.340874195098877,83,241970,confirmed,
204,0x024fF83F263EEBb8137c893a03Eaf1C107562f34,node09,8ce189331744e076f00c31998803a18de7cad11c3cd8d498eaa4c8477c00d285,1,1791382851.952536,1791382853.7764816,1.8239455223083496,69,241970,confirmed,
205,0x0f532C69c45407Cf0B7D0D6407525f0063F6F051,node10,397a0eaf31dbf08bffa0c38cedac8cfdf5ee2d5fd604836d398bf3f40615545a,1,1791382851.9550476,1791382856.0778008,4.122753143310547,70,241970,confirmed,
206,0xe4358059BbE695307A7b9b11920B248eFC750EB6,node11,25d42e4610e0fa5c71ec45affad4c476183fbe0f36028d6c1eafcb367f879e92,1,1791382851.9573195,1791382858.3273373,6.370017766952515,71,241970,confirmed,
207,0xF9f618f7D2fd976bb11b2BceF39d7A2f3F7b0aC6,node12,f17c7b1b0c80d4a1ad348276d4be3d03b6e7c506857f0a97b6b02767ccb910c0,1,1791382851.9611485,1791382860.6686451,8.707496643066406,72,241970,confirmed,
208,0x41e1599376c279d5C685ceE83f30A2311C400C7B,node13,5a6ad9a46348d8cb57e13dd7957f905da28f257d6ac8a3e4336161cc19efac03,1,1791382851.9631324,1791382862.4273505,10.464218139648438,73,241970,confirmed,
209,0x141578CFFc0224CF35d773A56D1374818087D978,node14,f9cc74e9b03e12630183989a9b83c092899342cda51041a33d742d8742c7ca05,1,1791382851.9810388,1791382864.4111998,12.430160999298096,74,241970,confirmed,
210,0x724Ae7C29cCeb2fb75195D8d93943e18D2407799,node00,2934c7e483f550095fa20a7bd118ed6c3db03cd71625014db7186501447377cd,1,1791382851.9821477,1791382866.3285875,14.346439838409424,75,241970,confirmed,
211,0xB262d7E8e97254AbFd5Ec38Be240F5528C3b2d17,node01,3a949a5c3da301404e80ae663aa14b05a8db8431b7afc47626f91e67e513d191,1,1791382851.9835455,1791382867.8912935,15.907747983932495,76,241970,confirmed,
212,0x505a29Bb875A4Fe00a55c0A0DfE0fA97A7f944e2,node02,a05405a88b82e5db4b08e539691755892def1e8acdcee3945da68b758c11e3df,1,1791382851.9868226,1791382868.9981894,17.011366844177246,77,241970,confirmed,
213,0x3aC55074fE35aED482220650D940C4A15E39d43B,node03,794f85ddb72b98ec4d292bc6ec131dc7e96827d4f76e85137cbab3f1bacaa94e,1,1791382851.9901268,1791382872.0780976,20.087970733642578,78,241970,confirmed,
214,0xDa607Cb62d02c44879bCe5F7e1d91b1Afd1e10bd,node04,519f8a13f258a6fbb3d66111ecf9ec8474af3049b0572d10a986f0e1e147b05b,1,1791382851.9925694,1791382873.6547875,21.66221809387207,79,241970,confirmed,
215,0xC436778d3913487644eade8241c9bFcCb3EeE092,node05,04f04c0f112cc3c4324f3c80985b8c3071a083d7892b528fc66f04e295bdee55,1,1791382851.9946015,1791382875.7185426,23.72394108772278,80,241970,confirmed,
216,0x4b8db15b9505CDdE69fd32C97F19Bf9E5B45b1D6,node06,3aa17e02e261cdd000167d38dd98617f30acbda73105802c7d4b66c0aa7a8c10,1,1791382851.9967113,1791382877.5675018,25.5707905292511,81,241970,confirmed,
217,0xD34899e3D1EEd3a5aE196e3AF66dB99dD291AC52,node07,ba51f8091e5af46fd1d3f11657ae2b224ed2fac801f762e8e726308ab5b7e991,1,1791382851.9980729,1791382879.8240879,27.82601499557495,82,241970,confirmed,
218,0xfCbfA479Fade92bbE4b80BB108F1BD60CBc217EC,node08,ffd240488b990628117d46b04d500e4479d4c0f4200c723b1274fd9bb2eb312d,1,1791382851.9997134,1791382881.3079376,29.308224201202393,83,241970,confirmed,
219,0x4F82114a234C0105b3Cd3E43fdb433F3Acf998Ec,node09,f7b639cb264f691131a8ebde676c39a8f8f178e7c7dc2a6f6d622095bdfcd770,1,1791382852.002673,1791382883.0251212,31.022448301315308,84,241970,confirmed,
220,0x1E27e71757060f44CCd9e2c4Ccf812856f887a6d,node10,e8b2323834103b040d80830e410501e970c91dbc7425f96acf95c9bf5d104e19,1,1791382852.0053914,1791382856.2722118,4.266820430755615,70,241970,confirmed,
221,0x8D25d85d4FE5068Eeb85602Da08c8fF9A0C16E56,node11,e5f7d079493c09af49d8d011b06f8dde0c57933612b8062de031f077e718b3f0,1,1791382852.0097597,1791382858.4215488,6.411789178848267,71,241970,confirmed,
222,0xd3AAfbf145687c918A297CcEaaa2130f809e045f,node12,c55adc00570ab929e769870dcfd71e0fcea55d08eb0d23c307a35567f91c8353,1,1791382852.0155747,1791382860.6229465,8.607371807098389,72,241970,confirmed,
223,0x8f2F8299343839CBca80B6167dF042264a1834BB,node13,e47cbabc98f0d4d027a766d4d8b6727ea2fdb957f656fd5e3777a05659624133,1,1791382852.0182421,1791382862.5176425,10.49940037727356,73,241970,confirmed,
224,0xf6E483658Ee4d6C4fcf58b59BC3B06177C34e6b2,node14,9e51fdc1566d11d81499bb57eb1db845dc7c5e5ec8b110ec609a2c73ec465e17,1,1791382852.0195565,1791382864.4201317,12.400575160980225,74,241970,confirmed,
225,0xd7bE676EEe348a6368aC2d3cC77970Bdcc813516,node00,4c411eb6954741f725cf05a1aa9ac55c7703f16a44b0967e86827e21eff0340f,1,1791382852.0217192,1791382866.2527444,14.231025218963623,75,241970,confirmed,
226,0x82850846530f737f8659d759566862C87BCA86F0,node01,49d4c375e1420b590392944bcb418af510b2470e881e9e4c9ff1835f21ad666d,1,1791382852.0245016,1791382867.7877,15.763198375701904,76,241970,confirmed,
227,0xc050f6f823E9E6025C9522a9bc0FBbc0B9eF9a75,node02,df17761f144c9c7fc2437851190871a32a48436e4828e3ca802960f2f461c010,1,1791382852.0270405,1791382869.1350117,17.10797119140625,77,241970,confirmed,
228,0xaD065fb1A01bA910881279d172DAbE261A685251,node03,bf68a41510220d80d5d604c949140275b84bc9812dbfb6227ed42dfaee962c86,1,1791382852.0288415,1791382872.2927098,20.26386833190918,78,241970,confirmed,
229,0xD66016FEa452f13488e22Dc8DaAE24ce4bC11674,node04,820e0ca8365ed32e6fd71f17774a6f2e33e18501916565c32ded53d2b338d69c,1,1791382852.0304847,1791382873.674375,21.643890380859375,79,241970,confirmed,
230,0xFE3ff4Eb018A757E81Bc694A89F35c4f5CB6D9B3,node05,5b4d71da6afefa65b4e599443e29ebdf73bba4793b7e6bd2d85068312d14cd17,1,1791382852.0365741,1791382875.9494138,23.912839651107788,80,241970,confirmed,
231,0x0B13bdd7536C68Ac146B49e2e7FcF42951e52F60,node06,3d524506a0351f6917916af99236db926b68aa1b3fe5ca2676be949a8e7a2b95,1,1791382852.0422273,1791382877.7648728,25.72264552116394,81,241970,confirmed,
232,0x752e5697d3dBd9aA26390579F8049F6F75e76cA1,node07,a4fbb4eca2c5d968c88ae1b48cd8831119e07843836994ac250a202a86462899,1,1791382852.045507,1791382879.8801882,27.834681272506714,82,241970,confirmed,
233,0xB156B26e02fEadfc1f81c3acAAb0253D4e492701,node08,cef6faf3068cad15c0106e3b608c7d2657e6401c7945361fe0cd6d66ad2b8bf1,1,1791382852.050348,1791382881.3887916,29.338443517684937,83,241970,confirmed,
234,0xBcB2DF648D7852bA82F57d6E94d7dbF839E0FA41,node09,6467aff2ec84db7bbc8c1f9e2af03c0ede6280a463f73abcff21abeaec19cad6,1,1791382852.0519419,1791382883.0331824,30.98124051094055,84,241970,confirmed,
235,0x7c74CbbB3507276AFa49bCBfa3d95609d7e8DA71,node10,4ed90653bebc7de7b22b7b78b008631ff5c6e9c46f83db8a5c6fbcc67a72039f,1,1791382852.0533628,1791382856.0928144,4.039451599121094,70,241970,confirmed,
236,0xa56776ec2204c3141d29AbA89eFFb30f4764F7E0,node11,cc5e2e5b3e64f6d4e2f664ea6e091ff8ac774fe84ae7af914ad0aea5fddfbda1,1,1791382852.053949,1791382858.6154394,6.561490297317505,71,241970,confirmed,
237,0x73DaFB8BcEC47A090b78Cf404ce965DC9F94219a,node12,fe1e3f04b79807cbc6108476ba4ab17d05ad94ab88776521e974ad2709e59dfe,1,1791382852.057275,1791382860.6269636,8.569688558578491,72,241970,confirmed,
238,0xA0486F4a3143263331F09D764cffF93D03906690,node13,187f680adf815dd63f1ba0e9ea9e779b378839a2a5303266794dd8e95cace0c2,1,1791382852.0684006,1791382862.561868,10.493467330932617,73,241970,confirmed,
239,0xd3eDE7BC600aF925707AFed6b8894F76153CD6bD,node14,7b2513b5984f9cd5cd107d024921264ad83381f8df963785567c1460a82b5e1e,1,1791382852.069737,1791382864.371973,12.302236080169678,74,241970,confirmed,
240,0x21372536801FbD5ab47dE2A05b876AC727b743D6,node00,3ceb81138af9107a1d8161a6039bfdb7d6ab3b127508cf91e3aeb1f38ba855e1,1,1791382852.0726476,1791382866.4851933,14.412545680999756,75,241970,confirmed,
241,0x663Db6CC17C57257c6B41D171Cf2f2DD879b700C,node01,413fad93b29ba94998613ab2fc65cd4be69da5a771b1ed257eb601a068d0ad48,1,1791382852.0759966,1791382868.0511112,15.975114583969116,76,241970,confirmed,
242,0xdbD540E39999030900BFebD7Cd18F61b27694067,node02,e79b1c2263d12323df320ef10066f7eafc65d6a7fdb2323c9b609876515a164c,1,1791382852.0783389,1791382869.079103,17.00076413154602,77,241970,confirmed,
243,0xe730A36efEc25699bA67981Ea39B9f3d69F2dfEA,node03,5ddd6a678caaa77c64f85ba65608b7897c7044da25d15f4e5f14c45368123e27,1,1791382852.0803978,1791382872.474637,20.3942391872406,78,241970,confirmed,
244,0xB880422EDD9D695514d7E139eb82Ed3c1A09D03A,node04,2aa2da7f913f53beffd1c8975ba3827e7a6fdc396bf8b5a5bee8554c48a1cf58,1,1791382852.0839946,1791382873.5457044,21.46170973777771,79,241970,confirmed,
245,0xeA3DBAB3E0A65Ca6d6a812d0AB8659B334cEaeA0,node05,96db374b1ee7ebc55a9c4f638558f7d98a753a21f927d791290e1231e0274ef4,1,1791382852.0893922,1791382875.956949,23.86755681037903,80,241970,confirmed,
246,0xc18b8E68e393316A1a7f0B465aF671cf627C0976,node06,45a0c9e047981432141ee29251dcf20454704a914a4b159e06eb625463e1e53b,1,1791382852.0914,1791382877.6782563,25.586856365203857,81,241970,confirmed,
247,0xa19EE8B8848864201a321e0B41eb9c802eD44198,node07,694450356068a9c19bfae3b9326c61eca24490161c1eed91256b8bf9ab042292,1,1791382852.0933444,1791382879.6529725,27.559628009796143,82,241970,confirmed,
248,0x93421fC16c81a7d69d6dFBBC0485D8D59d88FFdf,node08,d98d9a1271248ec5d072ac2b3bc1ab8c87b6d01c8d5b89e6ac6956f8e07ca524,1,1791382852.0942883,1791382881.3779905,29.28370213508606,83,241970,confirmed,
249,0xA58ed00d29c827b447E67a2E439F935A48Ab7a4a,node09,de64205767248bbfc091c06a523a04e0c488804e843f5701e910537cda0f58af,1,1791382852.097464,1791382883.0044525,30.906988382339478,84,241970,confirmed,
250,0x587e13DB4732ED73C82b794Bbd5FF914bb5bDB77,node10,a2be190c6170d27f0f5a480d824837d835cf503904509cc6fa96dadd74f00abb,1,1791382852.098253,1791382856.285787,4.1875340938568115,70,241970,confirmed,
251,0x2084Bd40eD07B9909E8aAB16c33278951d642822,node11,fe72d1d61258c8704e6591a5b70c1a1839d0a20db3d9de47f9dc4bcf0ed11545,1,1791382852.1020234,1791382858.6547658,6.5527424812316895,71,241970,confirmed,
252,0x0d14003d849A079eFb04e992Cb13a332eB0da132,node12,4df11cb5fce08ff0e7f261bc9de4fb75173edfdda592da532c6f660fe263d0e8,1,1791382852.1042943,1791382860.706299,8.602004766464233,72,241970,confirmed,
253,0xE9e7e6e26C322D462E57cc5381CEf478570543B9,node13,a24b1a34e3c59b38d2a3cc97d13e126921161f48bd4fcbbea9b7290f270de900,1,1791382852.1060472,1791382862.4851491,10.379101991653442,73,241970,confirmed,
254,0x7E5A1Da577f1E6E8b10099198FC07610cAE92011,node14,c531e0c1a77f00d771bf1cc533f4305e0d016eb63340a5fa4e3eae9797032e48,1,1791382852.1102698,1791382864.3928192,12.282549381256104,74,241970,confirmed,
255,0x77844E1836871d2d7BFBBacf98E7346Bd2330648,node00,9e942a125fdf5bd21c8855a0fb8608e03f0d6fcf8f835130b1d9ab02bdf86992,1,1791382852.1122448,1791382866.6672416,14.554996728897095,75,241970,confirmed,
256,0x5F6EFADEb957c0092fbbEFE3D2bb0702ddBA5a10,node01,549c37484a86e3b17ed330c977c991e55e46103a949bedf77af215b0825c7ba0,1,1791382852.1142535,1791382867.957437,15.843183517456055,76,241970,confirmed,
257,0xb77F43FB71E47bfF9a70606BC72aC3419F231b0e,node02,e1f6c125f8d1bc91219d416dc75d7f616ed155206b07f499fc422889c09fa057,1,1791382852.116302,1791382869.0929928,16.976690769195557,77,241970,confirmed,
258,0x5BC7A7bC7Cef3bd874fC357C489dC1C3dCf67a0a,node03,5a0d1293588f20d9b1b29ac11d37c00de79bb7c3524ce64c654b54abc7469bfa,1,1791382852.1182208,1791382872.123181,20.004960298538208,78,241970,confirmed,
259,0x323fD27d64bE2c1A4Ba38BD9b96f65133072cFFf,node04,a7f4293f3a6b7d935b1aea3e776afe8d81a95e777465e62017d533f46ee3deba,1,1791382852.1207612,1791382873.7998497,21.679088592529297,79,241970,confirmed,
260,0x37d61a4E8180c8517503D56Bb259983Ec9FEB07F,node05,e9fe11dc6ec0c46df3cecb71cd459ac85e9e1b694610c904350ac7962f745f43,1,1791382852.126894,1791382875.8642795,23.737385511398315,80,241970,confirmed,
261,0x990734a29D0F4fF8e628E537aCDEF9b0b7c0D562,node06,ed10827e97d8204a63210a44115c3b0dac19ae6a55172a820dec3caa7d77ab48,1,1791382852.1307104,1791382877.667204,25.53649353981018,81,241970,confirmed,
262,0x7A817592736300C1e59Ca0a8433b6aDa0421B67f,node07,2dfae17a861f9866b8b8a8bd501dad7d5f1cf22b9c1577b04892d27475479346,1,1791382852.1315937,1791382879.7405138,27.608920097351074,82,241970,confirmed,
263,0x0C9270FE9C3736b1f68713c4F7357e3B4814EA05,node08,e9f3f21492a98a0b6d7612056aaea6be1b54d80b3fa3ce86b0cd0c2875cfbf10,1,1791382852.139218,1791382881.581045,29.441826820373535,83,241970,confirmed,
264,0x2038E4ebb8E298E61Bf090c84a178998769FbeD7,node09,e3bfa53351744bd0a486075cd0f286dc9afa3b2b65a91024342d09f50c9ab684,1,1791382852.1416254,1791382883.021135,30.879509687423706,84,241970,confirmed,
265,0x5C633c531811C57B01291709de59e1c78e49CFF2,node10,0279b5f78bd3545d84ffbca436fec1d78e1ecaad8c573bf61e3dfe2adc00aa8e,1,1791382852.143488,1791382856.2808244,4.137336492538452,70,241970,confirmed,
266,0x8469Fe87cAb39173fC75CF118fc29cD195200218,node11,5bc5bbb3da40e6d29e6201b0f315a1a6cd6d233c63a14ea92542a1d3ebeee49d,1,1791382852.1454601,1791382858.623054,6.477593898773193,71,241970,confirmed,
267,0x2b939425E935228f2c19Cdf35E826b3485A6B8AA,node12,9637d947249d43bf64dc51ee4f14fc1209b2b329ce8ddc473821c963f88cecc3,1,1791382852.1510603,1791382860.9510932,8.8000328540802,72,241970,confirmed,
268,0x5c86791Ef8A295d896241a563bad3F87109d804F,node13,76e9fbb4415626c2c376877e8f980f1522b6d941197fa9f3ac84ee2526912d8f,1,1791382852.1539152,1791382862.6816237,10.527708530426025,73,241970,confirmed,
269,0x176596f4173A55f6416b9E0056A6B2CD12942062,node14,fdf41e25cffb079a879210780bb91833df34e541b5778907ebc40ca19db02656,1,1791382852.1554701,1791382864.4552252,12.299755096435547,74,241970,confirmed,
270,0x8713aEE6eD7712C2EA2E176A55EaF1c07CC15d90,node00,6e99a835cf750772cd71d84b075e4e1d34be7a6637737469e7e10d72b3e95a35,1,1791382852.1573148,1791382866.408069,14.250754117965698,75,241970,confirmed,
271,0xf4d3Fbeb05208e29Ec607Db23B7eeE00fe92C3bE,node01,97808ee64e2858a440a4997801c6f17a6ee77e41619c4ef96d7d6511a2eb6c90,1,1791382852.1583595,1791382868.0393107,15.880951166152954,76,241970,confirmed,
272,0x074bDE7ADb9938E8a0A1892277c05981d9F58423,node02,43aef23c00c530792cc4cc689171f8b1604308a1ff141106b8eb554081f0a665,1,1791382852.159959,1791382869.7245514,17.564592361450195,77,241970,confirmed,
273,0x1b585D308c613c654b5C58F04F9dA1b60AdBB603,node03,6106405583a21307312f46244bffc0e8bacbb96398935f43c8a06a1f8e2e448a,1,1791382852.1618896,1791382872.32479,20.16290044784546,78,241970,confirmed,
274,0x558B5c5004E4EFc8c27c243fbB6c71f157F3020B,node04,5ac53e415be11c06216d23e5a54c5efc44846b4a14d19da4669c645d63678a49,1,1791382852.1643171,1791382873.8357708,21.671453714370728,79,241970,confirmed,
275,0xEA816F005Ffc24a34b0612d6F6bEaaa8424552eD,node05,81b510c4baa1ea024272ada030e0db38c9ccfe8cb2a28f4503855c3784062abc,1,1791382852.1654553,1791382876.001002,23.835546731948853,80,241970,confirmed,
276,0x89f12CFa19381c84C26190300c17AF8C1fFd3e52,node06,a1a406edf34e663e35d0511fb8ce9204c2ffcaf4c1182999bd92765e652ce2ae,1,1791382852.167558,1791382877.6653948,25.49783682823181,81,241970,confirmed,
277,0x780a5223a6138Ad6fc41d33688BB3bD33BF30f07,node07,89ecf6ad03c25d43847072faa366cfa56cc271ff49246e64ed824e8493060d30,1,1791382852.1690876,1791382879.768254,27.59916639328003,82,241970,confirmed,
278,0x7e194af20062563c303CE6f692768Bc3D43A7210,node08,066aa8c74f0451a0c03f2f5c786ad75971c8fa8bf96a4f910bc54c68e83310a7,1,1791382852.1710718,1791382881.5932157,29.422143936157227,83,241970,confirmed,
279,0x78F187E83D457060578F0f250596B0b07Fb36bc6,node09,abb7c975ce2db6d7b71e38cbd6c0d6f8df5728b8164f1b9d500cb999fb292ded,1,1791382852.1758776,1791382882.9853382,30.809460639953613,84,241970,confirmed,
280,0x82aAFe1118AD85eBb0987CA4229b6d057c5fC7Fe,node10,d9895c366d7dd58a6ba9d187f507590152e4b77504e878e9eda869023a73ec0c,1,1791382852.1766913,1791382856.2694063,4.09271502494812,70,241970,confirmed,
281,0xd628617132d473376C6b6d890b775f72e010A389,node11,d0f57126a6b10b814a0039477b46018b8ede5f834e6612589c5ae7f3d1ccf6d0,1,1791382852.181613,1791382858.6347706,6.453157663345337,71,241970,confirmed,
282,0x755fA3534651CdEd350445C3458f7884201E0A1c,node12,e516f7622fbab958b2a6ae9b0c103848dbe4be21ab7a56f09141ff9ab5f9a50b,1,1791382852.184392,1791382860.7381878,8.55379581451416,72,241970,confirmed,
283,0x24EB1aa47AeE4FFC0C65928822df6164C7993C75,node13,56a0c882fc1c7910919fd78c84b57507779746560d3f858b1e9070d7fd6f59cc,1,1791382852.1869025,1791382862.570332,10.383429527282715,73,241970,confirmed,
284,0x0F9387288043ABe41E8947eE1F0Ebde45f07e4Fd,node14,774f75ac40edaceace7758bed9f10dc92cab2f38d510b36f45fc124c6738eac8,1,1791382852.1910748,1791382864.6319506,12.440875768661499,74,241970,confirmed,
285,0xE54d81D667FD87EA678797134510A212492921ca,node00,9e786fba6795bf96a9ca5a975ef0329556f565948ba13be880c72745fb4335fe,1,1791382852.1936638,1791382866.5917177,14.398053884506226,75,241970,confirmed,
286,0x322956f57BED14f6dF978375B56C94FfeadaF180,node01,e115749c13d65a104005b130771490cfdf659098e8effa5c9d3b43e1cf40ad72,1,1791382852.195185,1791382868.1839516,15.98876667022705,76,241970,confirmed,
287,0x2223BcdD45d578222695cd80911338EF9f4C9290,node02,42724734b25ac80eaebab596d3b8b95cd872c2dc934306a0eedc0dfe2d517d45,1,1791382852.1977644,1791382869.3260465,17.128282070159912,77,241970,confirmed,
288,0x7cCa030eb323B2951B9d2163f6b0635CD3C35265,node03,78917b0ba638c6064c0168af54759dd69b2638bac7ea4d8cce9d794ce1cced75,1,1791382852.2025583,1791382872.2670727,20.06451439857483,78,241970,confirmed,
289,0xA3598170ab86b7C33924e24588f746aE8ABCB433,node04,ae0259686136d4a28152f875538fdfb87fc55ccfb3818eb91f18a8b07d668a1e,1,1791382852.2053533,1791382873.9914424,21.786089181900024,79,241970,confirmed,
290,0xA1f37780213a3cdfFc4A12eec089aDCF40277e82,node05,c62227d9da07f044d70583e4539b7593bb0876fd283ef626fe242045b0936a41,1,1791382852.2064226,1791382875.9209518,23.714529275894165,80,241970,confirmed,
291,0x7830F0bcdEFFF19Ed25100350aa8eae08F03C546,node06,3cbde21bd7991f2b7e48ac1cff8b9145053eb2ef858b4df593166e3bd191405a,1,1791382852.2074404,1791382877.8034976,25.596057176589966,81,241970,confirmed,
292,0x2B24Db1e7D4B7B1bdc894F2FCAf834ef720F5D60,node07,dd178d444634eb47c7b0353e2855b9f124eeae32ad4da4deb4b3dbd3ad7c9f7f,1,1791382852.2091608,1791382879.7961118,27.58695101737976,82,241970,confirmed,
293,0x412B9e6a80C02b76CFFEb55ad39e0C203Ed3cD92,node08,be2b33b4767245943437bb3553b2813af90e2f4bbfac8d70685ccbf6181ce7e3,1,1791382852.2103682,1791382881.6056762,29.395308017730713,83,241970,confirmed,
294,0xCE60bF0c98E6A05e375abb6E02f237fF09fa95AD,node09,b9acb94ffd28aa2d1dc6c20c1c65ea073d555bfd3d9441ebbf7885215be63726,1,1791382852.2183797,1791382883.0122035,30.793823719024658,84,241970,confirmed,
295,0xef7d0EF2aE91A832B2a6B6B118E69D8eC71Fb691,node10,0087d05521f4f10dd91c41466b189e5d126cd1e302c49482929b6e03ef84ec8d,1,1791382852.2215095,1791382856.460507,4.238997459411621,70,241970,confirmed,
296,0x5c3146179E12DB548bB731237Bc22108E97A34Be,node11,3bab1a5b637e65ae895fc1f6733ff2fa48934d9bfceb916d22d6cdb82428429c,1,1791382852.223746,1791382858.5897534,6.366007328033447,71,241970,confirmed,
297,0x81206FC57c612DeE6de03FE3159E12b2d9828662,node12,d182ccd4518c5e7923ae19de4fff61512654f051f5e54c6c4ff3e81e00c03a81,1,1791382852.2245758,1791382860.9758987,8.751322984695435,72,241970,confirmed,
298,0x9Fec19B4615CD2af92ef28D915394E7ffc7f9181,node13,8e6762a3dacc597d9141500c3ad2957255236fa3c10cd151d817179cfe210491,1,1791382852.230002,1791382862.6193228,10.389320850372314,73,241970,confirmed,
299,0xbfC0e2F607356F1d4C1204d3daFE59EBA7b60951,node14,bcf30de1282321c11f793e34f772b8289d2f7bad0bf881684b0a3c438d572919,1,1791382852.2320397,1791382864.4887903,12.256750583648682,74,241970,confirmed,
300,0x8D30586F7bb41794F59b5a6B27e48EE0579Af538,node00,765836cb898ede2b13982639e47f452c967fa8c21138bd52854b3a8ce89e8901,1,1791382852.2346292,1791382866.4263341,14.191704988479614,75,241970,confirmed,
301,0xfDCB103f4Ec7d73D63ba60e460Ecd815501F5Ca8,node01,11e95c26d75e37a1163ab0814020ee2386ff6bbe5475a4d534cd9b0d94579cdb,1,1791382852.236331,1791382868.2818158,16.04548478126526,76,241970,confirmed,
302,0xE80245f02C6D2c3506f6F8ABdD32069780AAB82E,node02,117abbe2107eac67e282299f39bba9fa3ad4bfd921da377826e65b812614fabf,1,1791382852.2386684,1791382869.2023304,16.963661909103394,77,241970,confirmed,
303,0xCF429D301634FCa80bB19b7F3228717Bd560d3A9,node03,a6cf5ca302a1045aaf4c875e314b58c9e3b45fda396bfb0cb125a2bf122430e4,1,1791382852.2447476,1791382872.418058,20.17331027984619,78,241970,confirmed,
304,0x02F0B25dfaAE285A7D005251C6748334ECbe7D9a,node04,561143d19ca4c2067a2d6d0c85006b47359aa7c3da3c699c42e7560e985b937c,1,1791382852.246468,1791382873.7239964,21.47752833366394,79,241970,confirmed,
305,0x911b160e9fc406454540084c0c1553f760BdD9Ae,node05,94ec8942117e0390b248575b08db1a363227d93aa697f71269bb4e103eb636af,1,1791382852.2507217,1791382876.101216,23.850494384765625,80,241970,confirmed,
306,0x062ebf70f290A73660f6Aa3aE331B6A9371a4e78,node06,0ca56eb8c0442f77dc85eaf389e9529114de546000a61f679e69a012bb823c68,1,1791382852.2517679,1791382877.6359286,25.38416075706482,81,241970,confirmed,
307,0xBF70418b9f9820CaC2771A80c5956D59F256Be55,node07,7e975c36bc3f62a93b27f1d4a71a4957bbb86121693c30d615bca3791512f66d,1,1791382852.254043,1791382880.0171185,27.763075351715088,82,241970,confirmed,
308,0x5CC26D34B389e261D261DC91Ac89e9513Ed094Ce,node08,1c6c011f882105363d3842f5173ff294377e92300263f25ec6f9f872cc944e12,1,1791382852.2566602,1791382881.5430279,29.286367654800415,83,241970,confirmed,
309,0x526395b98bb91bd85d8F2Eca1CdFD9d9C14286FB,node09,7e559b1b9d28af515e191c56e6f714d06df792655f7f2948cebf4b7670cc36af,1,1791382852.257425,1791382883.0281115,30.770686388015747,84,241970,confirmed,
310,0x4198251Aa8f1563FB3c7ba02a83A22F6DF53DE54,node10,952e27aed98552b48c8255320d9383b78ae5c96a41046c31ed32b5dc21464155,1,1791382852.2586231,1791382856.4228463,4.1642231941223145,70,241970,confirmed,
311,0xB69e2681f1Ee8DD3FD57C21B3cE48987c8be20dC,node11,b8f57bdc50b7207ed02bf5d47e4e49487dddef1133d7ceeea83510d16669e4e3,1,1791382852.2613468,1791382858.7883282,6.526981353759766,71,241970,confirmed,
312,0x466b69B69C6bE1851DF2a055f2f3dEADCd12532A,node12,9068deace42344e5c2ae0d5602f754b7e664abb622ade93821ffc76bc2c26f2f,1,1791382852.2650797,1791382860.8451285,8.58004879951477,72,241970,confirmed,
313,0x3ca5874aF1Ff531cEDF8D82D93B71F9DF070687e,node13,e79b0e6fc1b0b1e49ae5e9dcad3ead38f15330629a210bc5728f3f567632507c,1,1791382852.2669058,1791382862.741223,10.4743173122406,73,241970,confirmed,
314,0xA6A5738d37562ecB2FC355756B40cf97dFc26257,node14,f9f90d041de1f6d5c2f28bf5758fe14b67df9e7710ee0807b97661924c372aaa,1,1791382852.2699437,1791382864.7651796,12.495235919952393,74,241970,confirmed,
315,0x635Cf4Bf01f21b9BB6142caD02c90A039F537d5a,node00,215e6e7314e8a5324a9d2e56c6dc80a8e66ab9fc375c00e70dbb5b90919c7ae9,1,1791382852.2719667,1791382866.4378002,14.165833473205566,75,241970,confirmed,
316,0xa99E344d562ccdf14dcE31bD01FD60243c2516e2,node01,9ef27c6ea02c8b6a578e6c78fc910dc35df6ec974d6d18008d25696b78459f2b,1,1791382852.2763536,1791382868.174262,15.897908449172974,76,241970,confirmed,
317,0x732963651A75081Ed5Ebb9600C2ec5D5F6222A52,node02,40ab2e63f8690aa3bdf17eaa132cd0d3d1eeff86f496050cd599f161f7755de6,1,1791382852.2789814,1791382869.3883934,17.10941195487976,77,241970,confirmed,
318,0x118D590bB091e873346d721f77e90E1fab357619,node03,da35b1d4e63fc0b39eb0ee2f537c7af65ab7f09eddb38ed648009860b62e85d2,1,1791382852.2862775,1791382872.3372304,20.050952911376953,78,241970,confirmed,
319,0xeEDc258F203ad79790a1275A751d318AbC810802,node04,b2cf47ff41e24a0b0573b1cf9fcf08122350b6ae947f7e9b1c3dc10df642704c,1,1791382852.2883563,1791382874.0358446,21.747488260269165,79,241970,confirmed,
320,0x3d08962ceF17839E3aA64B0c700e62AEe0C7e7f6,node05,fcda129e8e47ef27a512f36aaa2e9a8a3743734d262f189d65d7522b1d673548,1,1791382852.292289,1791382875.901001,23.60871195793152,80,241970,confirmed,
321,0x6c77d62b90D7c7560aEBF6983342F8A3EB4bDD4e,node06,9a928076ab06828cc5e6d16df42651fa8b111af3a6eb52bc6ba61acd6a93ab92,1,1791382852.2994747,1791382877.7512264,25.451751708984375,81,241970,confirmed,
322,0x8F9502A5Bb94abA27570d91bAa5225F239AA0383,node07,32532acda04a48d5b9458eb98f84a73a94fa4a9d6fa1f6638183e9e03125e59a,1,1791382852.3019292,1791382879.0522032,26.750273942947388,82,241970,confirmed,
323,0x663D04e82DD45fCE5f59EFbECEDDe8Eba208b397,node08,08ae0ec02c039c51e4c063e9c2eaddbc6f8ca8c45934569d12205c1c654f18ce,1,1791382852.3054903,1791382880.9021919,28.596701622009277,83,241970,confirmed,
324,0x7c02Ae5d1de81AB8E3B6C2924a9d97D524659314,node09,ab65b7e26b305ac2067ec80e74a0c99eb5b9f3373ddc6dc95122aa4eeb6dbbf4,1,1791382852.3082435,1791382882.6831837,30.374940156936646,84,241970,confirmed,
325,0xF72D1b668ea139593eb179FAfa9E5d0d3797D1d3,node10,3991bab2cac2c61e700878f476b01a9512792ec6c5f867f3bcb1282c0f8c36d3,1,1791382852.311164,1791382856.5326736,4.221509695053101,70,241970,confirmed,
326,0x14B703fDC719Cf80d3254EBa2D1B11bD59Ce0d49,node11,0115bdd41e7f340f43ffbfbb94aa5d2265f9123f6b8c5889f69b6db82c884be3,1,1791382852.3136523,1791382858.7231536,6.409501314163208,71,241970,confirmed,
327,0x95b15Ce0B7F448e3026e3422E769BC89B890Dbc9,node12,14750253dec398bf98ca3b702328914c606c6480bc7598a1522fb0dc9356b248,1,1791382852.327333,1791382861.0043936,8.677060604095459,72,241970,confirmed,
328,0x178e460ACb853Cdf59744ce4BE600292f345A3bD,node13,bfed0d11c213e1c88ecc44d34377d3a43227ef60e89effbe15ec2c9f2b2a4124,1,1791382852.328475,1791382862.676225,10.347749948501587,73,241970,confirmed,
329,0x78c67548b8cF7F63ea4018BF79b13B795337B684,node14,2d0a94cd6302e99488dc014e280808ba20862392651eb6fd7e9a98796aa0d665,1,1791382852.3299496,1791382864.5808852,12.250935554504395,74,241970,confirmed,
330,0xbA5a633e6508144cf02d1e6fb7e030ACB128bd9d,node00,95d036894a2176b3ca59d55afc4eafe0944f35002503635578a96ecf4dabb647,1,1791382852.3312542,1791382866.6906419,14.359387636184692,75,241970,confirmed,
331,0x8994c8D92314E812c97a2EEfcbd4068c568a92cf,node01,036575448cafc9a644933ac91f5fecfd422ac3180d2fc7d2b45224384f79e1ca,1,1791382852.3322372,1791382868.1988869,15.866649627685547,76,241970,confirmed,
332,0xD7B17095C60F94426dB2E420B9DBe83F6644E326,node02,082a5d807125b58b82a2e5928f45d6c315daf42039919479e46a561edc8a30ec,1,1791382852.3343673,1791382869.9467874,17.612420082092285,77,241970,confirmed,
333,0x29B29ECf6f22403a93A677F56982421B4647014b,node03,50a656d259848450c7edd5ef7975b2e9b81fb6a87eb89d2d330b1e81cd4ef031,1,1791382852.3354144,1791382871.0522058,18.71679139137268,78,241970,confirmed,
334,0x5c97Be745FBb8054Dc9a5CC93D764F6570135160,node04,05a25b14e7bc33edb4de762ed8c8d7727be5193722e0a0cae086180982bea32e,1,1791382852.3373175,1791382873.9819405,21.644623041152954,79,241970,confirmed,
335,0x778487d0A91b10975325890D00D37db20591a14E,node05,6a686db3f12a02430a9c15ebe7c612106721f99e8fa44c699167e211f648d831,1,1791382852.338277,1791382876.050959,23.712682008743286,80,241970,confirmed,
336,0x2c81B5c406372fd11663D464a7ed6cd2B0f0080f,node06,83ed190bc8660ea5b8044ba0cb65e71cb7f4c336afe6d91e6fb906f254a1c120,1,1791382852.3400736,1791382877.7080598,25.36798620223999,81,241970,confirmed,
337,0x9B527Fc8B66A004dA6e3D69c20D8FBA8674800e7,node07,0ae5e6cb131208b79405c3d849248d5dbb594016735680930a0ee7da57dcbd2f,1,1791382852.341312,1791382879.8366203,27.49530839920044,82,241970,confirmed,
338,0x57CF01a8d7b1963f9DE73d06A9cA1D789c008a80,node08,de5b7baf97838529841ce7a4a71c2fec11a7da7e5741339e1aa1f1c82fc65c8d,1,1791382852.343548,1791382881.6044385,29.2608904838562,83,241970,confirmed,
339,0x196189cA13456A47ccc95F54CDB9824709ae0Ec0,node09,3129c020265f526564b21dbf2c73d8d9286bc290bb40c118b3afce8f26417f9e,1,1791382852.3452642,1791382883.027342,30.682077884674072,84,241970,confirmed,
340,0x54f03d6FDB84002127E97ADB979CcAe8cA3Ff217,node10,84ab12aaad138ce596e18191fc718b9c1ca787a98c5d8e2d95b29de111746026,1,1791382852.3477829,1791382856.484603,4.136820077896118,70,241970,confirmed,
341,0x4E2560c83Fd8c6807bb9ED1c1e59009dF9346059,node11,a85edc01a293143a9a7adf9cff831c2208c8fd8cf3d65b11991be4c475561397,1,1791382852.34915,1791382858.6636438,6.314493894577026,71,241970,confirmed,
342,0x136550822E7D665310be3f542feEb26D76348Fa7,node12,92771bab9365762c528728bb1dda095eeae475ec6268cbbd8b9e8db94f4f5171,1,1791382852.350462,1791382860.9341857,8.583723783493042,72,241970,confirmed,
343,0x4224AE9d4cEE00C2435262C9E085D5FE371813C8,node13,06039155214605b243aaa48e77e126a2b14c8cf2ca9f2f8c242dcb0d0dfdf35d,1,1791382852.3531568,1791382862.7263217,10.373164892196655,73,241970,confirmed,
344,0x485fE0312B9710eDF592a51830aB1C495b9a9A8e,node14,95085f0e588a4d7a16b593542ecf4e57f9206165b23f4587009f5fbcc6a606d6,1,1791382852.3553534,1791382864.8766246,12.521271228790283,74,241970,confirmed,
345,0x04460cF1bE502eE2e2F6EB6ddc21a091f219Be30,node00,eafe22198b08391fe805f69686cc091448666a8e1efc33e6540c441ad514d8b6,1,1791382852.358014,1791382866.4598699,14.101855754852295,75,241970,confirmed,
346,0xc33AD806Fff62DE318E66ee55AD0cf12e0ADDdB7,node01,da90123f28e49df64ff7ec7f1a6db19fd9d5e489bf9d030f29f2fc697655f042,1,1791382852.359855,1791382868.1569402,15.797085285186768,76,241970,confirmed,
347,0xdf6193F772031b22402E8e4baB869F062107eF9B,node02,1a8df36812bdf527715a16cecc9efe2b3f1edcad0fc7401f44a18cecc26e25ed,1,1791382852.360386,1791382869.838847,17.478461027145386,77,241970,confirmed,
348,0xd4a1626c0712Fb531656C0073725314C04c20D17,node03,5a8fa67d49d3682a880ae6ab1ca10b225545e25820211b379f8bc9ac563d70d0,1,1791382852.3632567,1791382871.0071979,18.643941164016724,78,241970,confirmed,
349,0xf5c250caf07Bd5aaDc3fF5dB9f91A5aD6bc78937,node04,e65cda879272b87cb711e896c48eaf5105d43c50a33edf844d7b798296b9fccd,1,1791382852.364192,1791382874.1335998,21.769407749176025,79,241970,confirmed,
350,0x4110C2C4592A8FC543e5e47F9E183af09fc83551,node05,3bfc391cc410d7838367098b5288c608bbc080ab95a1072c3a62644573c8d4bc,1,1791382852.3711572,1791382876.015873,23.644715785980225,80,241970,confirmed,
351,0xa3FC2D1d107B622d17ff48a41012563EF829EF2a,node06,9a92196261d1b2b31b93c9886020274c3f2635db42d962ef4666012bfb55fb73,1,1791382852.3723218,1791382877.7194219,25.347100019454956,81,241970,confirmed,
352,0x412b8c3C1b7F5e8C8fD3f47FF05d95fa6cE0D05f,node07,517f75fb26b1ea566efc21305356a01c352a5dec2d0d0d87ec897ec98744b564,1,1791382852.3753848,1791382879.798816,27.423431158065796,82,241970,confirmed,
353,0x800bC6f863050DccC1F039A7CEe6aB1Ded13dDb0,node08,1b2d7f3dee5dfa7323cf07ae2eb3f42a7bf94ff5dacccf9af4f97f77bd9c47a7,1,1791382852.3771904,1791382881.498632,29.12144160270691,83,241970,confirmed,
354,0xeE429ca2d161f0eE1BB95890b1a7EF9da9BA8145,node09,41c0454bc70ddc1c59462a0e2a145c047ae45a05ff24488c7123341881c67e9b,1,1791382852.378764,1791382882.6744182,30.295654296875,84,241970,confirmed,
355,0xC3aF828f27330Dea0C37B94B080EFf340E47CD49,node10,cc1334a7d553817131782b2e0d1f6e3b2a45141757ff0112c0f5f6df30eb5a31,1,1791382852.3808093,1791382856.5818503,4.201040983200073,70,241970,confirmed,
356,0xf7e7AC94563C400183786d112624de66727F6444,node11,3098f21ed8e2b07f3f2413c9028c53ac6f7c65d1a69dc03308da6776d9edd062,1,1791382852.385941,1791382858.7640123,6.378071308135986,71,241970,confirmed,
357,0xa578F41dA1B40232466112b331Ad023Eb160Fc4d,node12,cfd44286b27aa0fb4f7b406cf60a542f36839504955904e8e926a6fec8a1190f,1,1791382852.387755,1791382861.1043553,8.71660041809082,72,241970,confirmed,
358,0x4af42c1F042d11d59030a02F4d068e90386D17BF,node13,25e5ae000dc33b3738ed666d52bfe76b0914a80e971edd4920ca2cb57ead4e97,1,1791382852.3893583,1791382862.795808,10.406449794769287,73,241970,confirmed,
359,0xd7CeC0988dD1567FF13E7d5ad002cB4A6dB05935,node14,e6bf9d1787e2b13ec0ac9840d8004583b0a964bb0f867397b9d941c29d524aa2,1,1791382852.3920329,1791382864.5380526,12.146019697189331,74,241970,confirmed,
360,0x999714c012A5257ADd87430a35B0D10FCA73abA8,node00,b6df9ef5554afc0757e0c259a65c4096cef1abf6f65bb3473df230215a043a64,1,1791382852.3935158,1791382866.7418923,14.348376512527466,75,241970,confirmed,
361,0x99c3Af7C84A73c314dE4E1874B20372E85a5aC8d,node01,50d7ab5f1e8005f8cac3511fa034a39f2f49d7c666a7d28ad388a43ed8a6e563,1,1791382852.3951275,1791382868.216748,15.821620464324951,76,241970,confirmed,
362,0x1Bb746CfD76F9BC78213B16873660f0b78DFB47C,node02,bde249500058ff97240c75f2873d60e5b56a3852d0d11360d31f48217d80790f,1,1791382852.396385,1791382869.6205883,17.22420334815979,77,241970,confirmed,
363,0x8306beB07b9897278461cA6a7EA8fBdBA3c47017,node03,9b29d50ba23f3cbd3e8f0c5431edcbe988251341c60acb192d6382875c8303dd,1,1791382852.3980324,1791382870.9621422,18.564109802246094,78,241970,confirmed,
364,0x6794FEa94dBa1b54139Db6f481E3dEE0AFd597D2,node04,ecd6b917996b21acf6d6072999738e6ddff53ae794f5ffd8e6f08ca16c70d23a,1,1791382852.3993328,1791382873.7768366,21.377503871917725,79,241970,confirmed,
365,0xdc9Adb5DD4dA8b59062ABd6e9c605C5d88b18453,node05,6c923a758636a714a22b501ab812c70d90a0ab54877cb166e9c46a74baf77694,1,1791382852.402354,1791382876.0991366,23.69678258895874,80,241970,confirmed,
366,0xeDee89dBaE997CcFB80244c9eb8A8c75d946478e,node06,2ccd3fff901d88089909895946e206654a2a11da8da28f32a63cf7068d77d223,1,1791382852.4031923,1791382877.7586966,25.355504274368286,81,241970,confirmed,
367,0x1AD469d1438bcc48afbefBFE0b3DC0d6D0adb111,node07,2d3eaa7e90673cb76ee3eee16901bc0240c81b8a3d6149d2fcf98daff10a958e,1,1791382852.4081547,1791382879.070453,26.66229820251465,82,241970,confirmed,
368,0x53FEA03dAf7a1743B4F8E9354fda086e71a3b022,node08,3bffd9d1b8281bf833be1c628216b4de3d43e1ed3c57af511210d5466f8f8170,1,1791382852.4095137,1791382881.5991447,29.18963098526001,83,241970,confirmed,
369,0x0f4219E56333C267277dc552127f9989c1C8C529,node09,b9c12af53c5a2c9fea72f21deb9d48c81a32d84795cc328b8293e065a4663a25,1,1791382852.4109502,1791382883.0325034,30.62155318260193,84,241970,confirmed,
370,0x3e4654972Da4b826FC7c080722FcF4d0a05BE719,node10,e256f8674e8d9126f89d76702ef5f3dda83a86d92600c94ee02b0159c1638992,1,1791382852.4128492,1791382856.54901,4.136160850524902,70,241970,confirmed,
371,0xeC4d4fbb23e87362c1f4D7b1694e966bA979219d,node11,fcda9ab561a3f258ff3527c6025b39b7887788b4a79b23fc1bd03cf241c889c3,1,1791382852.4139044,1791382859.0125015,6.598597049713135,71,241970,confirmed,
372,0xDc7A73724b9A3687bF789A4f8423A9a12D05fc35,node12,a29c813c31327cedd71bc9c15e876d0e22c7287cbbc0abc585d4602bb49f30ea,1,1791382852.4164424,1791382860.9663599,8.549917459487915,72,241970,confirmed,
373,0x3C51e90A29a1F862626DF23Af7BE5C2bA9aBe805,node13,f797329da68af3c86b5a6e2d8dc52dbefb6bfb7cb660d6999e498e89514ca969,1,1791382852.4179242,1791382861.3181117,8.900187492370605,73,241970,confirmed,
374,0xC3579a5d59aB7E6AA64cF08f63711781ecBB7fAa,node14,e822d3bdb2eecfb36fd393e3846504fe8794aadaf1ee7750dc06d32da2c044cd,1,1791382852.4189656,1791382864.622953,12.20398736000061,74,241970,confirmed,
375,0xC93B1285F707DE77e877D99DbCa9a1DA172C7512,node00,2d8eeb9346c88ba94e527debc0678fb8f6fd3c74a054ab0e3e013ceb8a17e615,1,1791382852.4218788,1791382866.6384919,14.216613054275513,75,241970,confirmed,
376,0xB715Fd37DC0a6a1Ab6fA691D0D66Cd939DBc4516,node01,cc4c5083a402a984cf6304508e2b041c415e1020e22f50f273c60c2d6da939dd,1,1791382852.4238126,1791382868.345029,15.921216487884521,76,241970,confirmed,
377,0x757Efb4Ab2187C343358Ee9178d8d46b1B6be38b,node02,a4eea12220355a17032f9349166c38d47f9060924533cf583444cddf57a7ab14,1,1791382852.4281178,1791382869.6426008,17.21448302268982,77,241970,confirmed,
378,0x61Eb021Cda74A79Da5ba9Fe4B26804C0b3db6e65,node03,806b0ebd9d98070c6fe831c8d1026a011e17c46bad90297c12a46831e5c4b239,1,1791382852.431068,1791382870.9463465,18.515278577804565,78,241970,confirmed,
379,0xEbB23ffeef830C23f203f8b85A4b78224D0A8a44,node04,fa89f66229f96098daeabacc7f05b1313ced2421e11f0a399c9dc82b6502d255,1,1791382852.4325035,1791382873.824196,21.391692638397217,79,241970,confirmed,
380,0xe472F2D63327E6D214C4D791fC2B3376eA4e3087,node05,e408eee1ec9f0eabc6172144e1dfd7b9fb8a09ed12e117f00f8d875401b70825,1,1791382852.4346068,1791382876.1623142,23.727707386016846,80,241970,confirmed,
381,0x96d6DB837F64803EB5613FE96e3Fa87ba1Fe60cf,node06,2b49909455803025521fbd540a034333ee17346d3213fc0b61106b5b1b252dc0,1,1791382852.4364324,1791382877.817775,25.38134264945984,81,241970,confirmed,
382,0xfb634a3F9e5e3698b3df071221Eac9332668eaDc,node07,d81bb0cbd4a921abea4305b3f8c2d87aa7b560e3e506cd8533e788a7dae10d0d,1,1791382852.43812,1791382880.018167,27.580047130584717,82,241970,confirmed,
383,0x48726E869208B527ABB69C0484165EFAf869E660,node08,21ae2f1ca84ae4be2ab67e6ca35bb0ac9776a87e8906168d8394e58e9036b914,1,1791382852.4416394,1791382881.6306098,29.18897032737732,83,241970,confirmed,
384,0x488a6EbcA3204f9e52Bc5309F39479b289a32331,node09,c90a1410b865f9b0bfe34edcadcb4ef5eb50d0934163dd56ae48d924825c2735,1,1791382852.4433,1791382883.0370667,30.593766689300537,84,241970,confirmed,
385,0x9FecB9f78af01b746D1384feeC4463d08f38aC03,node10,d62443f746a7dd38bdceebca53c2525d8aec3c3ede4f8677a1ecda99ca42ba75,1,1791382852.4493754,1791382856.6568847,4.207509279251099,70,241970,confirmed,
386,0xFbF9bdbcE10506533211ca74ad88233A6469c27a,node11,32e46293811b8a896889c6bce79bf1c9bbefa41df428c62fe2c6ff5a9510b8c8,1,1791382852.4502928,1791382858.8587482,6.4084553718566895,71,241970,confirmed,
387,0x90079111c5dcb4527336a90F6Df066B482D9c0E1,node12,f70911ff3a25b5b559a418fd189b460b1ea56ee5910e2d684f0a54a150678427,1,1791382852.4523923,1791382861.2518291,8.799436807632446,72,241970,confirmed,
388,0xF5F4B5edfC8578649Fc55cD2F0Cfa223a582922E,node13,fa716e1909879c48de53ab058df2ade6d65d39b736acf12bf1030fff7be01580,1,1791382852.4535701,1791382862.794911,10.341340780258179,73,241970,confirmed,
389,0x107dCa221fF438d83B94Ea04cA911bb92ACAa00B,node14,a9901025302dddcb1bf1753fd1ac438623798ac309c2eade934e0cfdd5c5bdfc,1,1791382852.4588025,1791382864.672032,12.213229656219482,74,241970,confirmed,
390,0x0CeE1a1407086688449a1ef710F913b22bD640a2,node00,d44875e69cfef1156b3fe3289aea7528b5b225e8533337cd59db4142b9a41f46,1,1791382852.466372,1791382866.8022616,14.3358895778656,75,241970,confirmed,
391,0x98f7B0c02cF38E8bA8B639312a7C6CE91EfE60AC,node01,af2936d6c505341baa018d9730e76a5bf84cc5b9507cd296274976e90ecf7413,1,1791382852.468769,1791382868.2893214,15.820552349090576,76,241970,confirmed,
392,0xdFc96aE6a5CFdA2D96bb6AEBb22E67d666Fbe08A,node02,ed94f9fbb47e8b89cf630d00bfb76d7ce695813ea51124f874293a52b1dbec36,1,1791382852.4725156,1791382869.705283,17.232767343521118,77,241970,confirmed,
393,0x57221Bb54AC4747F9E136f106aAa891F61C4FBdF,node03,183598821452c5b67be328834df0ad1d50cb91ed8b5a8219846d2d460f26115a,1,1791382852.474928,1791382871.0561967,18.581268787384033,78,241970,confirmed,
394,0xA58D505C1eB4c564873763DD2b46b16eD6666Bd1,node04,0300eedd881b00213f0bbf49ccd9d5cc31e2fd8a3194bd9f4e496a3ca0aa7642,1,1791382852.4758656,1791382874.11529,21.639424324035645,79,241970,confirmed,
395,0x97e88B0d6457A5b2eB1E79C17481b2d55cC56bbc,node05,c2c6f9d6814a3d34d5d8664928627ab99165c70eb248e5573d57afafde0217d7,1,1791382852.4767818,1791382876.1582172,23.681435346603394,80,241970,confirmed,
396,0x74A24813ff2d82623e72260a645e6A97DF088352,node06,fd7f14058bf90a145942839baf326107b9dd31e6d5553d237609db3eafed2bac,1,1791382852.4782398,1791382877.8950624,25.41682267189026,81,241970,confirmed,
397,0x784F3e600897Ee88f30F34695217C3ae60D3cDe9,node07,e131df837f21d7135e42cf8ba80e34f98c5b25b92215155fed75ec8d58a24989,1,1791382852.4798427,1791382879.0669324,26.587089776992798,82,241970,confirmed,
398,0xD3C31156639543C9d53dca13300b3Fc4c0fDC28C,node08,b0d7be64b12facfe852c6518ab322c1d40b66e5b3314b4520409edbc697666e6,1,1791382852.4829655,1791382880.9010963,28.41813087463379,83,241970,confirmed,
399,0xBf8F1D93a0CF84B9BCD1e188C97448cD1301CE2E,node09,c1a9e2694fb71c49e197ba2947fa8d9d97caf2fe46caa268ea8e8ee60e5bd235,1,1791382852.4848428,1791382883.0392098,30.554367065429688,84,241970,confirmed,
400,0xe479940A707e9E4420edbeDc3F6Cd07B08cC44F0,node10,8f3e821e99b2be204dbe4e7920bf539c7f9ebe7de30ce1272c5f1205e0d241dd,1,1791382852.4876132,1791382856.7668085,4.279195308685303,70,241970,confirmed,
401,0xaDE64b775818E8D1146B21E40D5eff43Ab0a3a4f,node11,77a994349372a22f3cd4079d3e0bc7d967cb3bd00c7cbed90fb0e0a334aa38f4,1,1791382852.4900327,1791382859.1213093,6.631276607513428,71,241970,confirmed,
402,0xfB68C372568d696aA2DeA770d1EF17242394bc61,node12,c8c09c846a7104f69656eef7dea709cd43dc1711fce3ca7f46ce743fae00a267,1,1791382852.4953144,1791382861.2315755,8.736261129379272,72,241970,confirmed,
403,0x8434B0C680585841089aEba8D3548CA17217fc3E,node13,6bdfd79a50461efef1976ab798b054ca586b8df14930ee9c3f37875485055ef7,1,1791382852.4984667,1791382863.0314274,10.532960653305054,73,241970,confirmed,
404,0xe10cF0B2B1569028B12B5CaFBf6Bc97Ff3aB85A0,node14,688c3b674db960e4c9c45e3e8089fd41e2e0e9976e95a81462fcd32b1baf8909,1,1791382852.5001717,1791382864.7835162,12.283344507217407,74,241970,confirmed,
405,0x4313cF790F4cbc7c7C74522dC2D07FCcA60134BC,node00,132f1f5c95bcc829aa2d0d2f67d7f60ff0c0cba962b2b45dbd0378976efb1f8f,1,1791382852.5020027,1791382866.8031383,14.301135540008545,75,241970,confirmed,
406,0xA6E9B8124a224CcE42A831BfBd17E588d322Ed07,node01,e1c3b47ec14bd51c8de748be30f74e59dfb0f7f4e8216c2c6b6b53b841f83bf2,1,1791382852.5040574,1791382868.3489566,15.84489917755127,76,241970,confirmed,
407,0x8d0f01138f46AD60fC7C4cEB28cEAadc9E09D8e5,node02,33386746a789c17b742e4c64b587ebcd21019e18a2d926d3ca5755e8f2d294ca,1,1791382852.5065112,1791382869.969135,17.462623834609985,77,241970,confirmed,
408,0x822d6efBcA3CADeEC4148956be5D468321F40295,node03,fa55466263ec3225f1307563cbd862b9f5b1a7983afbb4e55595aa1d97791063,1,1791382852.5077083,1791382871.0346866,18.526978254318237,78,241970,confirmed,
409,0xCE7C6731d28Adb5C6c3800E1DfE4CD09810Ed27C,node04,6588d32f3269230a6fbaf881eab0220cf0b839344d616f71857e3f7c78096ada,1,1791382852.5097907,1791382873.9135823,21.403791666030884,79,241970,confirmed,
410,0xeF34AfF8eF2f392202Da4566076a461c8De2854F,node05,ab48d233018892a88c0d6a975e948df3c6f02545a99778b17db961718eff332d,1,1791382852.5122924,1791382876.1580856,23.645793199539185,80,241970,confirmed,
411,0x185659802a33Fb0A2AFC67135d742CE3285fE6ad,node06,962e9b11762f1ba1e403e74bef6cd599d89a6ca8370aac156e12921458bc97ae,1,1791382852.5155168,1791382877.9053807,25.389863967895508,81,241970,confirmed,
412,0x5522ccC85308cBfc6f7Ad291e382Aa044b621A2C,node07,e4d1c8abcb17eb87bcb2fcb61440967584deefb52caf818373c17343ea5ec2d0,1,1791382852.5238948,1791382880.0317411,27.507846355438232,82,241970,confirmed,
413,0x33294b3B713b67cE04D748561075D9708c38beA9,node08,8923680018f413ca5a09e5b00a910c65bf8c8179ce2c05dc2f224bcd0b599fd5,1,1791382852.5272503,1791382880.8965354,28.369285106658936,83,241970,confirmed,
414,0x349Fb65313557F9E2c02608C74A6b172C6348CB5,node09,3a2cea3501a16b56a7f839b39f4b77e2f6006a3c39d5b149299f4af5f86756f9,1,1791382852.5319989,1791382882.6879532,30.155954360961914,84,241970,confirmed,
415,0x8F32EB8B39f9414dA0945F968fE58AceE766FcD2,node10,e298986b4984c456b646bcb62c53190b32ecce5af11ab169c42e698aaeb63ac4,1,1791382852.5326886,1791382856.8323755,4.299686908721924,70,241970,confirmed,
416,0x34425Db9D896CAC977951Ad06130d81f9Bef9164,node11,c6708629b8e4498062114bc77360009150cf4945076f5100285a0ccdc3592911,1,1791382852.5334432,1791382859.1398077,6.606364488601685,71,241970,confirmed,
417,0xeD75f1D401639Fa951835dF0d471f1486C07b943,node12,b2cba543d6f572096eb17321da466082c2cee64ed1aae79ee3ed80a0f9f29505,1,1791382852.5357707,1791382861.2883348,8.752564191818237,72,241970,confirmed,
418,0xB43d2991eE3a0E39A7A5F494d23d28eFfB2D4e40,node13,ec833b692a7d41fb57cc9676564f14ac170ef33f95c8e3cdc2f24ab86eae13a0,1,1791382852.5376477,1791382862.8714614,10.333813667297363,73,241970,confirmed,
419,0x6eD22c51b1aa654488f952F7972aE054E5D9B187,node14,5caf82e888fef91c763b707c265d91add84577a0998093451236c1aeb1de9f90,1,1791382852.539269,1791382864.863985,12.324716091156006,74,241970,confirmed,
420,0xF830ff2ad04F2f4a5ea7504E683005D79EA23B36,node00,8381eb06627779a18e917aff4094ac5965cf108d4f2d86874d89d81089a36667,1,1791382852.5428069,1791382866.6640224,14.121215581893921,75,241970,confirmed,
421,0x41f26C019459406e20c3258535C66B762e532772,node01,89e1085b45cf6a1994c1736001549bef126e8e4ddb30da2d068a2bd4e30259d1,1,1791382852.5466802,1791382868.3904595,15.84377932548523,76,241970,confirmed,
422,0x833791cb0Ba1260E86C56B16fA68a15E3675FBF5,node02,1b5b4bae119f2c300f999b3e2e973603ceb49b61b0c29e1f164d87c7f9f0b1b5,1,1791382852.5475626,1791382869.6391811,17.091618537902832,77,241970,confirmed,
423,0x861CAdbE024Eb7EE90851c8bCb0A53065F8eCa2f,node03,c16450eae8188fce6521a8dd55febe70c24212992b2ec30219e6fb8b0317fb8a,1,1791382852.5483565,1791382871.0536425,18.50528597831726,78,241970,confirmed,
424,0xFCeeAAE2730D17bfe34b6Ae0a1c7F009f645c273,node04,ecc6d6e8631a8827af0a06bc420bb84a115efcba9ef479a372c1c69610377a79,1,1791382852.5502217,1791382874.1754591,21.625237464904785,79,241970,confirmed,
425,0x1e54Fd0Ec452dC26c8d2a00E553AdEcd198b5c64,node05,4783ffd5a9efeb3db75062c8af0fbf96c7415da4593ce1f96e579837c3ba48e3,1,1791382852.551,1791382876.1667187,23.615718603134155,80,241970,confirmed,
426,0x823852A836E7620f0e0626C8D156605fB7B59CFE,node06,6a78a8ecdad75a5f00e3edc958aefa95d62910809228fa77f5ecf32ec049ec35,1,1791382852.5542352,1791382877.8415914,25.28735613822937,81,241970,confirmed,
427,0x15d25fDde69Ed646e9871281bE5b3B023469A3F1,node07,fe8ec5f014c61608fca95748093434d5365a30aaa47074ecfc744764766f2884,1,1791382852.555017,1791382879.9782715,27.42325448989868,82,241970,confirmed,
428,0x8A82eF22161f4d4a3b7C7317634c40C2DFaB3379,node08,cdc0f8935fd615265cad6afe18b03001330d27ab592abb63a464c501d7ac6002,1,1791382852.5576572,1791382881.6189454,29.061288118362427,83,241970,confirmed,
429,0x1230762C106D9f9625b9281486015605F6c76ca6,node09,014a1863b6f3c33e5fdcc7dedaf39511d81aea878d6008924332d5fbce34967a,1,1791382852.5593307,1791382883.0297422,30.47041153907776,84,241970,confirmed,
430,0xE4688Ed3FaC860dB0851Afa4d0436e52cBBa359b,node10,4782f43486869efd7a13530a1e69bd09fac64ac2337134fa3605456cb4fc5abd,1,1791382852.5611732,1791382856.903879,4.342705726623535,70,241970,confirmed,
431,0xbEc8f83C2Ab0187F0b49103CAB42921E8DBC8B1D,node11,b118eb01f5eff6f32a1b7be9b975f5f14a97c84a20679c7f0fc46f8626e7b276,1,1791382852.564018,1791382859.161906,6.597887992858887,71,241970,confirmed,
432,0xDce77c41Db7ce1a117801BB9457094E512F6C44f,node12,0b9e92e46358e2f7c27427f2396aa666411374d4a5764cf742889b58bbc539af,1,1791382852.5651274,1791382861.1076677,8.542540311813354,72,241970,confirmed,
433,0x03319610B770aC1a4C1eDbC9dd54250aDC477437,node13,97c73a8629b9e5ae2367d72f18b89c7bc3130c8c97bd9d63ac419f27a828557d,1,1791382852.5659869,1791382861.250535,8.684548139572144,73,241970,confirmed,
434,0x730640775D50F6A05eA2220ab8665B7f54836271,node14,edcaa39b8493706378a8a1b19456cafc103a596bdc9875f15ddc96e0fe2ef2a5,1,1791382852.5706818,1791382864.8750708,12.304388999938965,74,241970,confirmed,
435,0xE09E87d82b40318bF5DFB8e950bBedEbfe551694,node00,778616ac4d6f55ca552bf5950eb2eb46ec0cbdf174f995b4da4bdd04f76d2bcf,1,1791382852.5740943,1791382866.6367013,14.062607049942017,75,241970,confirmed,
436,0x528d0bAFdaE50a25Fd3Fb14c1D35C5c6674AD824,node01,5b49180c9c14d703825173f5e77928b41b7ac7078751cab09048634e3e41e2c6,1,1791382852.578825,1791382868.4296606,15.85083556175232,76,241970,confirmed,
437,0x5E71B6423c2611bd1f97d7E0e67fFF7a1B3c5280,node02,62e659668802c890b89b6ea69acc436c4492a569f7859d585444c6828168508a,1,1791382852.580244,1791382869.9389596,17.358715534210205,77,241970,confirmed,
438,0x57eE9Aa89E4e47b968d16e492b9530F8659Ff02A,node03,ab18d81462443d73c1cca6d8268080707bdffaa8257e730951f1bcd64c5920d4,1,1791382852.582409,1791382871.001167,18.418758153915405,78,241970,confirmed,
439,0xE6D5fD8757396D9618686543AfB1be6bde99AFDd,node04,acce20de1dfd747324117df9e76dd11ae7e8506bf1faf30e4924a711d2bba200,1,1791382852.588107,1791382874.1943884,21.606281280517578,79,241970,confirmed,
440,0xBF09bd4eCdc629ecE9d22A138fE7349970d702f1,node05,5b876ceadeac7b3780634e7b45995c029252f2aaddc317d117c2202574ff01ca,1,1791382852.5890713,1791382876.1115038,23.522432565689087,80,241970,confirmed,
441,0x8F9740BC293a205F7321B32EfA64f7397665802e,node06,957f41f6d391d87731961c527bf839154c9b073f5e7385288afe88ccbe3146e5,1,1791382852.592863,1791382877.809883,25.21702003479004,81,241970,confirmed,
442,0xc4E80C2bEF4b08798e3805669D178520C167F7d1,node07,1ecb6850b7e1fc90f75a747b400c285618654663d8fe37c6854bf389b684ddb8,1,1791382852.5951643,1791382879.0579672,26.46280288696289,82,241970,confirmed,
443,0xCc85337a5b391Fe973103B2964828fDF55F08681,node08,d7ef590243973d087e4eddd84736c6b8b17b547d67d417120e23005069e0a515,1,1791382852.5979927,1791382881.585344,28.987351417541504,83,241970,confirmed,
444,0xcB9D6b416cC6edfb81bF22743Ca69cEe5c76CC8D,node09,3876e5c482d5a01984e5505427c58d733fd1018d1a9036db4a33ecbdfd3e07a0,1,1791382852.601294,1791382882.6780877,30.076793670654297,84,241970,confirmed,
445,0x21f2266850A235c9C71fD53CC98b62C88944C5E5,node10,056f914b618ec2a1c6ac2ddd5d45f8363f27215335a6aecaf5b6249b30076459,1,1791382852.6043334,1791382856.887258,4.282924652099609,70,241970,confirmed,
446,0x406f04DD86456AcE5725d688c88e2677d93E1Fc2,node11,f2997ca4c138e242b281e30a368b762bb86d7c3eb7b33ddb6d05b933072912a7,1,1791382852.605685,1791382859.152588,6.546902894973755,71,241970,confirmed,
447,0x427Fe91D2B8BC37fC89e4Ca946C0b8269C4F6e7E,node12,88403f7cecb58a05913937466737f2d0f0a138b419460cfcca1113a1cb81c9f1,1,1791382852.6064672,1791382859.1350691,6.528601884841919,72,241970,confirmed,
448,0xAce0DCca58A60F3119117Cbf4850b0b80B2c15eb,node13,181a9edb4f5010cc368c568f34034c3cffb942335c6d2a1629b6a909e3438c53,1,1791382852.608776,1791382862.917593,10.308816909790039,73,241970,confirmed,
449,0x57F0dB39Be8D3809A937C509Db737bbe4922c932,node14,458914ac6c6bb14c957aa5e19e9d0ef29f8a712314828e44742335e014e24ec7,1,1791382852.6104965,1791382864.8481953,12.237698793411255,74,241970,confirmed,
450,0x1A0562CE56BA1ED6509C86f3E49f7F763EA3Deb1,node00,e339965c5ee46cc4cd625845531bc27bf63e503e4f5080529261a73371e806cf,1,1791382852.612656,1791382866.7185235,14.105867385864258,75,241970,confirmed,
451,0xb12F085a1a018C620251f55CcC43549Cf1f39A1d,node01,0b321e19b5b10509ff7f458143668fe8cd20fd7ed5bee30caf8c14f7e579f4c4,1,1791382852.6148925,1791382868.339846,15.724953413009644,76,241970,confirmed,
452,0xe8fd4300c1EC9a5937d6942A32d2DFDc1E8b8016,node02,3162863667ea5cc10d1d06e19bc87d4337728cbbf1e5afaf50b842d7c052b13b,1,1791382852.6191726,1791382869.8219075,17.20273494720459,77,241970,confirmed,
453,0x13daE8B894B09dc2f34FeE7cc44B60c758d50169,node03,13633afb138e1a646d10b254d091358f736514ac81934b384e09c68ec14f2ce7,1,1791382852.6213207,1791382871.130691,18.50937032699585,78,241970,confirmed,
454,0xCb0eD4B1C6Fffa872d420EE39BF44a71a8D2aB3B,node04,69cdcf1b4ffc69fa26e6248d0a002b7e093650c1aa7d0c584494918005229cbf,1,1791382852.6234496,1791382874.0409865,21.417536973953247,79,241970,confirmed,
455,0xDa7F158aE6831339e02AFb21C33eB9dC8c3C0712,node05,b74e0c31e4edfbe5bbddb5b2dda96817e11c33b2e6dbd875f709cf69ad839345,1,1791382852.6252918,1791382876.1659424,23.540650606155396,80,241970,confirmed,
456,0xE3990FA8a4eCBc81fb7a9E7860a3a289506DB7d5,node06,ea0d9193b09a48feb75aee7ad6c5f5dc2f33e92a166173dd7220db509cc0d5dc,1,1791382852.6265593,1791382877.884543,25.257983684539795,81,241970,confirmed,
457,0x22919D6d95130f6D5a5f07e4184078f0aa0C4bf6,node07,6f53639ddaaaff7accbf8be7f11aade889806e7d63899045701c529e14cc4e56,1,1791382852.6294787,1791382879.0775797,26.448101043701172,82,241970,confirmed,
458,0x052d1038Da0249E37cF333E117B38229D6eE6e21,node08,7c8c84c7a1bcbc3353f2d62368d83cb5e9e3d96ec82592cc45c8290edd7c6be1,1,1791382852.6348844,1791382880.9019175,28.267033100128174,83,241970,confirmed,
459,0x84579F986477C8662efC34691C79d59a28d595bE,node09,b57e0b879d68471f900235dca9cc1e4b7be8a830008dc953ec501957f4c26f78,1,1791382852.636219,1791382882.6954114,30.059192419052124,84,241970,confirmed,
460,0x9512E43eE6A0692cd63C05e0Ab254Ffd883e18d3,node10,5ce621541fafd806ac30fac4f5f9c921fb3acbd9098df33c5c90c6ad525e667c,1,1791382852.637308,1791382856.872412,4.235104084014893,70,241970,confirmed,
461,0xc063006c3955A4B468A9948F8BB66D48c15c834c,node11,98fa3a2d4abbd621283848aaaa1bcbc57946dfa0f934e27872f6bfd86894bc4a,1,1791382852.6381,1791382859.0883925,6.450292587280273,71,241970,confirmed,
462,0x63B19AC878325492183a26dC6c97ae9F16fC19fD,node12,a6dde7c10616084a0634ed6b3609555edc95228c094dcf37f582a2065326e57b,1,1791382852.639994,1791382861.151798,8.511804103851318,72,241970,confirmed,
463,0xCAE2bf5786fedc446317caDeb8BCdb3750d0B74B,node13,e8260219343458d38792750a3c18575bcf07ff5584261eb5a59eadbd9e1fc30a,1,1791382852.64245,1791382861.3253229,8.682872772216797,73,241970,confirmed,
464,0x7AFf0F3512c870C41b42F17B6eFF2e62132cF33b,node14,0f72d5aaeb8eb2d664226cca55f662a8b2220a4c48a57e8b4d1f16c4502385c4,1,1791382852.64506,1791382864.8124921,12.167432069778442,74,241970,confirmed,
465,0x659F280761C9dC19C3dd66Fcf17DAaaCba221fB0,node00,52363a7fa49a7f968e446aa7294557d9016d2e5c3b044905c303e7897598c859,1,1791382852.6472898,1791382866.6739461,14.02665638923645,75,241970,confirmed,
466,0x40752Ea59F1fb86C949edda8eE27fCc98b2FF643,node01,b5c3a4277a28c971435b065511196f180cb1d7c53918cd14efc3f48ec060f974,1,1791382852.649473,1791382868.4090595,15.759586572647095,76,241970,confirmed,
467,0x54D27f1d7701da0F136F586c313d6d26934F61d1,node02,16eda7c6812fd41aa2d1404e0e6acdded192e350b00a8b72ecfc6106fe8e48db,1,1791382852.6510699,1791382869.9373465,17.2862765789032,77,241970,confirmed,
468,0xCfcA8345d74D39CF024D55A8A5008013A80c038b,node03,6baf2c7e69e8134d6df671541f888eeca7fb789925e02142ad1e3579cee4baba,1,1791382852.6518402,1791382871.0858588,18.43401861190796,78,241970,confirmed,
469,0xAFCe1d9bd0f8dB1DCf6C82BE1E61B7a388d262d9,node04,da97f25167c22ef12d749dc6ec30318276d559ee52aabf2704dfe8dcf9064227,1,1791382852.653113,1791382874.0713627,21.41824984550476,79,241970,confirmed,
470,0xcd7ed1c845D696670Fab360f71CCBA18A337daf1,node05,f730e028099e732c4735eb4d9c1f68e2ace40caf6fd5ace18de6bd004d0383d6,1,1791382852.654256,1791382876.1344092,23.48015308380127,80,241970,confirmed,
471,0xC2FeA6Eb2934C984aC893230d5C4A3372e56C09F,node06,07c08ebf92cc89aa02f48b943c9314f71aebec4097ecd5ce98c785714cd2d0d4,1,1791382852.6563566,1791382877.7992837,25.142927169799805,81,241970,confirmed,
472,0x00b40AE0c74DA85957A3b32007cd8FC7B5A2D17d,node07,686f7c6141d0a29401fc64b264171924ac3e311d9bcb35ba24efbc8cf6643a14,1,1791382852.658487,1791382879.0750122,26.41652512550354,82,241970,confirmed,
473,0xD924dcb03DF1b55cC1A784d74387c1D9cDd68A6c,node08,99e6d7bb7e67f7457c75bc2bdea043748a1936049636cb08daa5e23619a498a0,1,1791382852.6631384,1791382880.895803,28.232664585113525,83,241970,confirmed,
474,0x18ecfd9E45C0fD844953788f8414298c18C16993,node09,f49db1b42a74fdeb7cf562fc677dbac55862bc0f7ef82019ab5eaea086d0ada4,1,1791382852.6646805,1791382882.6949425,30.030261993408203,84,241970,confirmed,
475,0x6CF2C54945463b40B3F17A93F4e8927c4D5F518C,node10,30630c6de3caf005e7917bfffc626c0fd82908421c4d597c06deb3c81298f676,1,1791382852.6652393,1791382856.8944142,4.229174852371216,70,241970,confirmed,
476,0x453c726a4Dc5C2953b8D1dA07F2a70Da5c53Fa52,node11,8d70ab6f27c5151770775febaabbf366ecd25685d6b1f493fdf50a19482ff4ca,1,1791382852.667363,1791382859.149695,6.482331991195679,71,241970,confirmed,
477,0xEBb68039f0512E8b7d4cE3CDa7fA7ccC19Da5D7d,node12,9c119d97fd7a610c489ca9362eb2af9214704f58b063c6c3bd880471dacc8cde,1,1791382852.6697023,1791382859.1512213,6.481518983840942,72,241970,confirmed,
478,0x245A2bFd93Faa7235F8Ac3C57ecc607a3F35ECcc,node13,6c2328f8f03ee8af7f60e906047c2dfa8e77d3df94b1217d5e5930fee32e6ffe,1,1791382852.6720464,1791382861.2463257,8.574279308319092,73,241970,confirmed,
479,0xCAf3e2d00D46f6c5eFBdf9647B673665028C4DeA,node14,25422f529d7384b0b38743bfcc045c7590892375b236ada5f0d9e849bd066508,1,1791382852.6739824,1791382864.8975115,12.22352910041809,74,241970,confirmed,
480,0x5A5aE94Ed74A2396B07cf1D54Dd8c51686F147b2,node00,2a3ad1b9ec30e6c96c0f204530358f2c705398844506b2a0fb739d3bbaab2f01,1,1791382852.6771057,1791382866.8130975,14.13599181175232,75,241970,confirmed,
481,0x7a290481100D6030cF56D54cB6a8596123a67258,node01,354cf62a2b689c12b8be16c9978dd47484ff5bece60826bd5d305614b4fce6f9,1,1791382852.6786847,1791382868.43933,15.760645389556885,76,241970,confirmed,
482,0xc0777dDCca2328B128a0252a5eA6858d13327Da3,node02,5a0664f422111df31beabee97576515692584010f61f76821b15f0a9aab72ef0,1,1791382852.6807597,1791382869.8797243,17.198964595794678,77,241970,confirmed,
483,0xCee1bE20B26A666f102dF1B34F17B46e9dd21fcA,node03,561c78e7533541dc6d66ea9e45a10a4bec16133fe886b0050b7a2ae2f3f745fd,1,1791382852.682672,1791382871.0207293,18.338057279586792,78,241970,confirmed,
484,0x435ad182e50ACabc70657AB931cD35565B2716AC,node04,02ae6149eb7f503e22585f21c21adf4d0943c500fa3c9a2be8877d08eaa3017b,1,1791382852.6841335,1791382874.184986,21.500852584838867,79,241970,confirmed,
485,0xA9dd587727e639de475ae34E375d0D68007e9610,node05,e08dafd289b01eba2cc848f4476a20775c412b6217f030acbb24a74a76e547d4,1,1791382852.685568,1791382874.955653,22.270084857940674,80,241970,confirmed,
486,0xe07319C2Fdb878D04831840Cb906b10d73411Cab,node06,3fd47447b7880042b0b4d2165b60c1dc3171f9d9131233bf33a2a379e75c336d,1,1791382852.6882908,1791382877.899039,25.210748195648193,81,241970,confirmed,
487,0x8D2a48aFe99D0F98B682fC81dDE55205D13b282C,node07,3fffc81c820d0e9a79ccad8f4707aa9e4be42e7573d4e5c4a75ba428957a477c,1,1791382852.6900623,1791382879.075235,26.385172605514526,82,241970,confirmed,
488,0x30424AE492ffCC613B2D3Eb7E5E9749a4097e09C,node08,8356fa983e82aaca9f9cc29fd0e3c1b4df5594e14d7a48d9461ac24f50fa90ea,1,1791382852.691351,1791382880.9020612,28.210710287094116,83,241970,confirmed,
489,0x461c1584aB87ab22cfe1260C9EE47525Df98C578,node09,ca8c0747bc6d3c130f6be142b98da184d0c5eaaef5bf6af04981f36382d710ea,1,1791382852.6938188,1791382882.6941218,30.000303030014038,84,241970,confirmed,
490,0x8A14E8Be392Bc6364C81EBb23e42a407ECb39244,node10,5194f1adf1f8c0b784fbad53928d8f580bca91bc191b772a2a5367bdcf44c218,1,1791382852.6958256,1791382856.9171069,4.221281290054321,70,241970,confirmed,
491,0xCd22616182752303a561d207a12384Af4EE1a19a,node11,121e55417e51458ec3de0b8c5c7fb589ca88f7cb76c1799a2df3c04ac99d2b2d,1,1791382852.6975546,1791382859.1565657,6.459011077880859,71,241970,confirmed,
492,0xe624eBD3e92837e18731AC66968Cb916606eD66a,node12,1cf51fcb275ecec446ace74d841d1f0d610fcbdd1353952eb901ff67755fc772,1,1791382852.703889,1791382859.146956,6.4430670738220215,72,241970,confirmed,
493,0x087539d5fDC48dEdb6687420027006dF06c6665c,node13,0b34414120386d5e3795be1494e0fab50e7cfab245b9b6a0bfd2ec7614925d2f,1,1791382852.7097497,1791382861.3324327,8.622683048248291,73,241970,confirmed,
494,0xe2D1cb33074A1Cb75E150a2A77025B70Ca7313FD,node14,5941bfc73011260f69d25946514d1701f10fa67a0789120a8547725a65506850,1,1791382852.7109056,1791382864.834208,12.123302459716797,74,241970,confirmed,
495,0x84E6725566973d616d4C4640a0FFaC48404eC4c9,node00,4836ea46d2c35c44339610e09df705d05b4432c657ff72f93f7deff9e7cc5e44,1,1791382852.7120113,1791382866.7900183,14.078006982803345,75,241970,confirmed,
496,0x41C524De116e2D8dbF849B43cB38E97e922234Ed,node01,f4278733e68e627e0a417ff94929e8c70604bf208dbd3bc5e342ef75f9fec576,1,1791382852.7144785,1791382868.434935,15.720456600189209,76,241970,confirmed,
497,0x7354EA2c74f2232f75FED249ad6c20b121005E01,node02,95c4491c3edcd593f8a95802f2a1702e3e7959b4bad8d710e5619915e4c9cfeb,1,1791382852.718268,1791382869.9611692,17.24290132522583,77,241970,confirmed,
498,0x93e136451A903082945b6C8C2670a1A3c7C2B338,node03,fdbe2ce6c11c1ce0af0fafa06d510f45fcc8fb34dd4d04a18c4d58679d98f2c1,1,1791382852.7216969,1791382871.0873091,18.365612268447876,78,241970,confirmed,
499,0xcA39458AEDEbc31dE24a0e076Aa80E2Ee44a3De9,node04,4a82abb2303d9a27a2be7a92e24338b7c4fb0d88d93a7b1a61352f0ea909f095,1,1791382852.7251718,1791382874.2050865,21.479914665222168,79,241970,confirmed,
500,0x051258a387D70f251223ad6e1d51a77e23337800,node05,683528b54b4ae1acd0c0d85e20b8342313542ad4eb9201ac9faea5ae8ba22978,1,1791382852.7270653,1791382874.9506438,22.223578453063965,80,241970,confirmed,
501,0x8F19fE71c3b3B65d38466Bacf0B626E215C7AFF8,node06,26095bbe982abc23fc88d55f980c9ec378e50c4fa3f3006f95a9dc15f98803e7,1,1791382852.7285647,1791382877.8779633,25.14939856529236,81,241970,confirmed,
502,0xC946B8b2290dAFFa643FCf392eb0185216FCc522,node07,d210b1b73c867386bd61a63ed9110cf5868e8c7510be1514635ffcb62e48cde2,1,1791382852.7298455,1791382879.0762715,26.346426010131836,82,241970,confirmed,
503,0x69192075cd7d200530fB4c41c2a432b68A87B6b9,node08,fbe22ea3e48c1808256d53d9024fcdac3d2e27edf69281aeabec83f23d1d5dbc,1,1791382852.7318823,1791382880.903088,28.171205759048462,83,241970,confirmed,
504,0x6D4a9833D1d191727eeE4CbaF7Fd3eFF7E74046B,node09,c8d26175fa5482bee20dedcca634825e8259aec5fcb668fbe9b2daf2a20a58f7,1,1791382852.7343152,1791382882.6837025,29.949387311935425,84,241970,confirmed,
505,0x0EEece75140E3bb6A583a097A742B260DCDb47a7,node10,ed7f57f39d37347a664a1dfb1507a0ee1e256ded4eb6f2a1d9e8d02f93975bab,1,1791382852.7359495,1791382856.9045923,4.16864275932312,70,241970,confirmed,
506,0x34A748E03EC1b9cC0299267985Bf3FBDBB2620f8,node11,9f17aaf0028fdb55923369267853f34a46549e418330675ebffd9b41f9cffa2a,1,1791382852.7385054,1791382856.904818,4.1663126945495605,71,241970,confirmed,
507,0xc65EAee0Eb5Aec9ED64f639ec7A27852B9F764EB,node12,0692f98c57af36c466707c5fa963c608adcea788e3b7b50c715311987cdd53e7,1,1791382852.7404647,1791382859.1642323,6.423767566680908,72,241970,confirmed,
508,0x60cdfDE7F45466751eE0556e85B22269580f5806,node13,0150780e2cf7dc58e0dd17bcd6130eabeb7a6d4e129388f59fa69e91b0252c66,1,1791382852.742331,1791382861.2964616,8.554130554199219,73,241970,confirmed,
509,0xb7519e71169F65f71DEFf86b55f1B7e47cC6DDB8,node14,698361ff7ff3f6bd199f949683d221a5e45f24c316bf1a38e25d3319c267e3b0,1,1791382852.744779,1791382864.8935194,12.148740291595459,74,241970,confirmed,
510,0x67274fcf07eC5D5FDb15320D3f03F1d7577Dc07C,node00,d6332bbcee84e84b823e9425ffbc31677560b8d3482c27aa3a5b01d15c126843,1,1791382852.7467558,1791382866.8211708,14.0744149684906,75,241970,confirmed,
511,0xC2d18a9850ca5E87497638D3aF35AEDA789114f2,node01,b8f00305da776c84d3203d93e8781e9f1cf2f1fefc196ba87f17f50380f62e16,1,1791382852.748566,1791382868.4463341,15.697768211364746,76,241970,confirmed,
