Setting logging level to INFO
2026-10-07 19:46:31.826+00:00 | main | INFO  | Besu | Starting Besu
2026-10-07 19:46:32.218+00:00 | main | WARN  | Besu | --graphql-http-host has been ignored because --graphql-http-enabled was not defined on the command line.
2026-10-07 19:46:32.346+00:00 | main | INFO  | Besu | Connecting to 0 static nodes.
2026-10-07 19:46:32.350+00:00 | main | INFO  | Besu | Forcing price bump for transaction replacement to 0, since min-gas-price is set to 0
2026-10-07 19:46:32.351+00:00 | main | WARN  | Besu | Forcing tx-pool-min-gas-price=0, since it cannot be greater than the value of min-gas-price
2026-10-07 19:46:32.826+00:00 | main | INFO  | Besu | 
####################################################################################################
#                                                                                                  #
# Besu version 24.7.0                                                                              #
#                                                                                                  #
# Configuration:                                                                                   #
# Network: Custom genesis file                                                                     #
# /config/genesis.json                                                                             #
# Network Id: 1337                                                                                 #
# Data storage: Bonsai                                                                             #
# Sync mode: Full                                                                                  #
# RPC HTTP APIs: ETH,QBFT,NET,ADMIN,WEB3                                                           #
# RPC HTTP port: 8545                                                                              #
# Using LAYERED transaction pool implementation                                                    #
# Using STACKED worldstate update mode                                                             #
# Limit trie logs enabled: retention: 512; prune window: 30000                                     #
#                                                                                                  #
# Host:                                                                                            #
# Java: openjdk-java-21                                                                            #
# Maximum heap size: 29.50 GB                                                                      #
# OS: linux-x86_64                                                                                 #
# glibc: 2.39                                                                                      #
# jemalloc: 5.3.0-0-g54eaed1d8b56b1aa528be3bdd1877e59c56fa90c                                      #
# Total memory: 1007.68 GB                                                                         #
# CPU cores: 256                                                                                   #
#                                                                                                  #
# Plugin Registration Summary:                                                                     #
# No plugins have been registered.                                                                 #
# TOTAL = 0 of 0 plugins successfully registered.                                                  #
#                                                                                                  #
####################################################################################################
2026-10-07 19:46:32.827+00:00 | main | INFO  | Besu | Security Module: localfile
2026-10-07 19:46:32.830+00:00 | main | INFO  | VersionMetadata | Lookup version metadata file in data directory: /data
2026-10-07 19:46:32.830+00:00 | main | INFO  | VersionMetadata | No version data detected. Writing Besu version 24.7.0 to metadata file
2026-10-07 19:46:32.958+00:00 | main | INFO  | Besu | Using the native implementation of alt bn128
2026-10-07 19:46:33.048+00:00 | main | INFO  | Besu | Using the native implementation of modexp
2026-10-07 19:46:33.048+00:00 | main | INFO  | Besu | Using the native implementation of the signature algorithm
2026-10-07 19:46:33.058+00:00 | main | INFO  | Besu | Using the native implementation of the blake2bf algorithm
2026-10-07 19:46:33.177+00:00 | main | INFO  | Besu | Forcing price bump for transaction replacement to 0, since min-gas-price is set to 0
2026-10-07 19:46:33.178+00:00 | main | WARN  | Besu | Forcing tx-pool-min-gas-price=0, since it cannot be greater than the value of min-gas-price
2026-10-07 19:46:33.181+00:00 | main | INFO  | KeyPairUtil | Attempting to load public key from /data/key.priv
2026-10-07 19:46:33.219+00:00 | main | INFO  | KeyPairUtil | Loaded public key 0x3300fa6cefaab8f50c85cdd8c26261d50684c6e565c6e981602c12d9d0de9c637f81be4efc831a0e247527d33ae30fec76c305de0f9da9e0e8971c01a185e695 from /data/key.priv
2026-10-07 19:46:33.487+00:00 | main | INFO  | ProtocolScheduleBuilder | Protocol schedule created with milestones: [Berlin:0]
2026-10-07 19:46:33.496+00:00 | main | INFO  | RocksDBKeyValueStorageFactory | No existing database at /data. Using default metadata for new db versionedStorageFormat=BaseVersionedStorageFormat{format=BONSAI, version=2}
2026-10-07 19:46:34.005+00:00 | main | INFO  | FlatDbStrategyProvider | Bonsai flat db mode found FULL
2026-10-07 19:46:34.009+00:00 | main | INFO  | FlatDbStrategyProvider | Bonsai db mode with code stored using code hash enabled = true
2026-10-07 19:46:34.019+00:00 | main | INFO  | FlatDbStrategyProvider | Bonsai flat db mode found FULL
2026-10-07 19:46:34.024+00:00 | main | INFO  | FlatDbStrategyProvider | Bonsai db mode with code stored using code hash enabled = true
2026-10-07 19:46:34.487+00:00 | main | INFO  | TransactionPoolFactory | Enabling transaction pool
2026-10-07 19:46:34.503+00:00 | main | INFO  | BesuControllerBuilder | TTD difficulty is not present, creating initial sync phase for PoW
2026-10-07 19:46:34.540+00:00 | main | INFO  | TrieLogPruner | Loading first 30000 trie logs from database...
2026-10-07 19:46:34.542+00:00 | main | INFO  | TrieLogPruner | Loaded 1 trie logs from database
2026-10-07 19:46:34.549+00:00 | main | INFO  | RunnerBuilder | Resolved 3 bootnodes.
2026-10-07 19:46:34.555+00:00 | main | INFO  | RunnerBuilder | Detecting NAT service.
2026-10-07 19:46:34.804+00:00 | main | INFO  | Runner | Starting external services ... 
2026-10-07 19:46:34.805+00:00 | main | INFO  | JsonRpcHttpService | Starting JSON-RPC service on 0.0.0.0:8545
2026-10-07 19:46:35.000+00:00 | vert.x-eventloop-thread-1 | INFO  | JsonRpcHttpService | JSON-RPC service started and listening on 0.0.0.0:8545
2026-10-07 19:46:35.004+00:00 | main | INFO  | WebSocketService | Starting Websocket service on 0.0.0.0:8546
2026-10-07 19:46:35.008+00:00 | vert.x-eventloop-thread-1 | INFO  | WebSocketService | Websocket service started and listening on 0.0.0.0:8546
2026-10-07 19:46:35.012+00:00 | main | INFO  | AutoTransactionLogBloomCachingService | Starting auto transaction log bloom caching service.
2026-10-07 19:46:35.013+00:00 | main | INFO  | LogBloomCacheMetadata | Lookup cache metadata file in data directory: /data/caches
2026-10-07 19:46:35.022+00:00 | main | INFO  | Runner | Starting Ethereum main loop ... 
2026-10-07 19:46:35.022+00:00 | main | INFO  | NatService | No NAT environment detected so no service could be started
2026-10-07 19:46:35.022+00:00 | main | INFO  | NetworkRunner | Starting Network.
2026-10-07 19:46:35.035+00:00 | nioEventLoopGroup-2-1 | INFO  | RlpxAgent | P2P RLPx agent started and listening on /[0:0:0:0:0:0:0:0]:30303.
2026-10-07 19:46:35.036+00:00 | main | INFO  | PeerDiscoveryAgent | Starting peer discovery agent on host=0.0.0.0, port=30303. IPv6 available.
2026-10-07 19:46:35.054+00:00 | vert.x-eventloop-thread-1 | INFO  | VertxPeerDiscoveryAgent | Started peer discovery agent successfully, on effective host=0:0:0:0:0:0:0:0%0 and port=30303
2026-10-07 19:46:35.056+00:00 | vert.x-eventloop-thread-1 | INFO  | PeerDiscoveryAgent | P2P peer discovery agent started and listening on /[0:0:0:0:0:0:0:0%0]:30303
2026-10-07 19:46:35.115+00:00 | vert.x-eventloop-thread-1 | INFO  | PeerDiscoveryAgent | Writing node record to disk. NodeRecord{seq=1, publicKey=0x033300fa6cefaab8f50c85cdd8c26261d50684c6e565c6e981602c12d9d0de9c63, udpAddress=Optional[/0.0.0.0:30303], tcpAddress=Optional[/0.0.0.0:30303], asBase64=-Je4QLQpO5gJWC5BZUmIovqh_4KBjnF9_cem11S9UP3-uqnLWmF-9509WOVNMAgqTNCoq3sffYuz8kN3KTRWxTr3gKcBg2V0aMfGhO_EheWAgmlkgnY0gmlwhAAAAACJc2VjcDI1NmsxoQMzAPps76q49QyFzdjCYmHVBoTG5WXG6YFgLBLZ0N6cY4N0Y3CCdl-DdWRwgnZf, nodeId=0x2d7b0524b8df1967b4a7aa5ee91cf6a89ca44aabd212b17a33ac3d69d2473c19, customFields={tcp=30303, udp=30303, ip=0x00000000, eth=[[0xefc485e5, 0x]], id=V4, secp256k1=0x033300fa6cefaab8f50c85cdd8c26261d50684c6e565c6e981602c12d9d0de9c63}}
2026-10-07 19:46:35.154+00:00 | main | INFO  | DefaultP2PNetwork | Enode URL enode://3300fa6cefaab8f50c85cdd8c26261d50684c6e565c6e981602c12d9d0de9c637f81be4efc831a0e247527d33ae30fec76c305de0f9da9e0e8971c01a185e695@0.0.0.0:30303
2026-10-07 19:46:35.155+00:00 | main | INFO  | DefaultP2PNetwork | Node address 0xe91cf6a89ca44aabd212b17a33ac3d69d2473c19
2026-10-07 19:46:35.185+00:00 | main | INFO  | NetworkRunner | Supported capabilities: [eth/62, eth/63, eth/64, eth/65, eth/66, eth/67, eth/68], [istanbul/100], [snap/1]
2026-10-07 19:46:35.186+00:00 | main | INFO  | DefaultSynchronizer | Starting synchronizer.
2026-10-07 19:46:35.187+00:00 | main | INFO  | TransactionPoolFactory | Enabling transaction handling following initial sync
2026-10-07 19:46:35.187+00:00 | main | INFO  | QbftBesuControllerBuilder | Starting QBFT mining coordinator following initial sync
2026-10-07 19:46:35.197+00:00 | main | INFO  | FullSyncDownloader | Starting full sync.
2026-10-07 19:46:35.198+00:00 | main | INFO  | FullSyncTargetManager | Unable to find sync target. Currently checking 0 peers for usefulness
2026-10-07 19:46:35.205+00:00 | main | INFO  | Runner | Ethereum main loop is up.
2026-10-07 19:46:35.456+00:00 | nioEventLoopGroup-3-10 | INFO  | FullSyncTargetManager | Unable to find sync target. Currently checking 6 peers for usefulness
2026-10-07 19:46:35.459+00:00 | nioEventLoopGroup-3-10 | INFO  | FullSyncTargetManager | Unable to find sync target. Currently checking 7 peers for usefulness
2026-10-07 19:46:35.461+00:00 | nioEventLoopGroup-3-9 | INFO  | FullSyncTargetManager | Unable to find sync target. Currently checking 8 peers for usefulness
2026-10-07 19:46:37.268+00:00 | EthScheduler-Workers-0 | INFO  | PersistBlockTask | Imported #3 / 0 tx / 0 om / 0 (0.0%) gas / (0x620ecd19bc249c0515b2eae91a1e2c09c6a271f7bf1ac9df3e18a10b9065947f) in 0.007s. Peers: 14
2026-10-07 19:46:39.139+00:00 | EthScheduler-Workers-0 | INFO  | PersistBlockTask | Imported #4 / 0 tx / 0 om / 0 (0.0%) gas / (0x29b13b90f927b53cae388c29dd238d6de7dd32970f208651c66506c61b079a81) in 0.004s. Peers: 14
2026-10-07 19:46:41.122+00:00 | EthScheduler-Workers-0 | INFO  | PersistBlockTask | Block 5 (0x077a99f8e618cee608e2ea6de48d66fb07df35eba84c85c74465b18aae461929) is already imported
2026-10-07 19:46:41.123+00:00 | BftProcessorExecutor-QBFT-0 | INFO  | QbftBesuControllerBuilder | Imported #5 / 0 tx / 1 pending / 0 (0.0%) gas / (0x077a99f8e618cee608e2ea6de48d66fb07df35eba84c85c74465b18aae461929)
2026-10-07 19:46:43.163+00:00 | BftProcessorExecutor-QBFT-0 | INFO  | QbftBesuControllerBuilder | Imported #6 / 0 tx / 1 pending / 0 (0.0%) gas / (0xc8ca8139e636a87a6394a2930b8aee4d749ae4ceafdafa039fe44e0bf9b050e0)
2026-10-07 19:46:45.175+00:00 | BftProcessorExecutor-QBFT-0 | INFO  | QbftBesuControllerBuilder | Imported #7 / 0 tx / 1 pending / 0 (0.0%) gas / (0x01208a346cdc6fefbceeb2e4a3a214230fb2d3df6b1803b45c6f0ec7bf669a09)
2026-10-07 19:46:47.131+00:00 | BftProcessorExecutor-QBFT-0 | INFO  | QbftBesuControllerBuilder | Imported #8 / 0 tx / 1 pending / 0 (0.0%) gas / (0x443202a2087f5363d958fc77b78ff64b369fcf8446a9d900cd55a35c4c580af7)
2026-10-07 19:46:49.147+00:00 | EthScheduler-Workers-0 | INFO  | PersistBlockTask | Imported #9 / 0 tx / 0 om / 0 (0.0%) gas / (0x1af1289eeee676d08f07de0b6f24664ee91ca328a52d6be57af31e032902cc9c) in 0.003s. Peers: 14
2026-10-07 19:46:51.167+00:00 | BftProcessorExecutor-QBFT-0 | INFO  | QbftBesuControllerBuilder | Imported #10 / 0 tx / 1 pending / 0 (0.0%) gas / (0x886b9de89f96514c4422cbba87720203743ceb88acf918e5afc290e34efc44cf)
2026-10-07 19:46:53.198+00:00 | BftProcessorExecutor-QBFT-0 | INFO  | QbftBesuControllerBuilder | Imported #11 / 0 tx / 1 pending / 0 (0.0%) gas / (0xf8b577cdf1fc9dcb6a9463254f72cde1ce425cdd5b847456fa7f4e91b7354cb8)
2026-10-07 19:46:55.174+00:00 | EthScheduler-Workers-0 | INFO  | PersistBlockTask | Imported #12 / 0 tx / 0 om / 0 (0.0%) gas / (0xa27933d04471c4189bb52a207f601491b5145177a4c4918bcee487a8b9c4931c) in 0.003s. Peers: 14
2026-10-07 19:46:57.179+00:00 | BftProcessorExecutor-QBFT-0 | INFO  | QbftBesuControllerBuilder | Imported #13 / 0 tx / 1 pending / 0 (0.0%) gas / (0x7c775bf0718413c09bb9f5fdbc2d72a4583dadef913d3acaf9bf9c968f85ed2d)
2026-10-07 19:46:59.179+00:00 | EthScheduler-Workers-0 | INFO  | PersistBlockTask | Block 14 (0xb2e2472cc8bea234a6d3decf79ea4af4c09f05a5c2d15a3469714673ab360643) is already imported
2026-10-07 19:46:59.180+00:00 | BftProcessorExecutor-QBFT-0 | INFO  | QbftBesuControllerBuilder | Produced #14 / 0 tx / 1 pending / 0 (0.0%) gas / (0xb2e2472cc8bea234a6d3decf79ea4af4c09f05a5c2d15a3469714673ab360643)
2026-10-07 19:47:01.241+00:00 | BftProcessorExecutor-QBFT-0 | INFO  | QbftBesuControllerBuilder | Imported #15 / 1 tx / 0 pending / 465,218 (0.0%) gas / (0xc8cb8d94cd21c958178c60b2f03817a9305c433ec6b318dffe3047cce184e56c)
2026-10-07 19:47:03.091+00:00 | EthScheduler-Workers-0 | INFO  | PersistBlockTask | Block 16 (0x5fbba2132368a16cc09e30b72433154698cdab5b1bfdf8da676e26da77a47b90) is already imported
2026-10-07 19:47:03.092+00:00 | BftProcessorExecutor-QBFT-0 | INFO  | QbftBesuControllerBuilder | Imported #16 / 0 tx / 1 pending / 0 (0.0%) gas / (0x5fbba2132368a16cc09e30b72433154698cdab5b1bfdf8da676e26da77a47b90)
2026-10-07 19:47:05.084+00:00 | EthScheduler-Workers-0 | INFO  | PersistBlockTask | Imported #17 / 0 tx / 0 om / 0 (0.0%) gas / (0x1a607eab3d15f9e7a3506a441ce38a851f58f5fcdb666213e4bd5d05c38e63e3) in 0.002s. Peers: 14
2026-10-07 19:47:05.085+00:00 | BftProcessorExecutor-QBFT-0 | INFO  | QbftBesuControllerBuilder | Imported #17 / 0 tx / 1 pending / 0 (0.0%) gas / (0x1a607eab3d15f9e7a3506a441ce38a851f58f5fcdb666213e4bd5d05c38e63e3)
2026-10-07 19:47:07.077+00:00 | BftProcessorExecutor-QBFT-0 | INFO  | QbftBesuControllerBuilder | Imported #18 / 0 tx / 1 pending / 0 (0.0%) gas / (0x62a793e0cf44b461d57152e7cb9ad48395c156b9df2aea49d9c6ed6607530de5)
2026-10-07 19:47:09.077+00:00 | BftProcessorExecutor-QBFT-0 | INFO  | QbftBesuControllerBuilder | Imported #19 / 0 tx / 1 pending / 0 (0.0%) gas / (0x1c784bb471625ef945b1afad5b4ebd4d82fe32306697f174762dd14254b3268f)
2026-10-07 19:47:11.103+00:00 | EthScheduler-Workers-0 | INFO  | PersistBlockTask | Block 20 (0xc7147124db0638fa29970d77e6c680bba8fdc1c0bac28a710ed7ad02772eb61e) is already imported
2026-10-07 19:47:11.103+00:00 | BftProcessorExecutor-QBFT-0 | INFO  | QbftBesuControllerBuilder | Imported #20 / 0 tx / 1 pending / 0 (0.0%) gas / (0xc7147124db0638fa29970d77e6c680bba8fdc1c0bac28a710ed7ad02772eb61e)
2026-10-07 19:47:13.093+00:00 | BftProcessorExecutor-QBFT-0 | INFO  | QbftBesuControllerBuilder | Imported #21 / 0 tx / 1 pending / 0 (0.0%) gas / (0x876c6f6566b5023005cc167b74739d068fe97c5e25123ed925174a463115ef8e)
2026-10-07 19:47:13.093+00:00 | EthScheduler-Workers-0 | INFO  | PersistBlockTask | Block 21 (0x876c6f6566b5023005cc167b74739d068fe97c5e25123ed925174a463115ef8e) is already imported
2026-10-07 19:47:15.085+00:00 | BftProcessorExecutor-QBFT-0 | INFO  | QbftBesuControllerBuilder | Imported #22 / 0 tx / 1 pending / 0 (0.0%) gas / (0x186a71e924e77c67231b45a707a2fb0aa6c515b7c11b7b356d969d4e5d42f10f)
2026-10-07 19:47:17.070+00:00 | BftProcessorExecutor-QBFT-0 | INFO  | QbftBesuControllerBuilder | Imported #23 / 0 tx / 1 pending / 0 (0.0%) gas / (0x363f82c57829b56b0d2fe986353680f18328a6e5e005f67b57bb1c37c55eadca)
2026-10-07 19:47:17.073+00:00 | EthScheduler-Workers-0 | INFO  | PersistBlockTask | Block 23 (0x363f82c57829b56b0d2fe986353680f18328a6e5e005f67b57bb1c37c55eadca) is already imported
2026-10-07 19:47:19.074+00:00 | BftProcessorExecutor-QBFT-0 | INFO  | QbftBesuControllerBuilder | Imported #24 / 0 tx / 1 pending / 0 (0.0%) gas / (0x650442c42df612db0049200199f23aea98151713c6416678adb607b321d8caa2)
2026-10-07 19:47:21.079+00:00 | BftProcessorExecutor-QBFT-0 | INFO  | QbftBesuControllerBuilder | Imported #25 / 0 tx / 1 pending / 0 (0.0%) gas / (0x0559f03749dea2dea37b8712aef748d92814eb550e824ef88cf852b3d7491b6a)
2026-10-07 19:47:23.080+00:00 | EthScheduler-Workers-0 | INFO  | PersistBlockTask | Imported #26 / 0 tx / 0 om / 0 (0.0%) gas / (0x17c4ab7f1d547503bf271ac70194a14fe86770825733a218c61b71e4e7ec5198) in 0.001s. Peers: 14
2026-10-07 19:47:23.081+00:00 | BftProcessorExecutor-QBFT-0 | INFO  | QbftBesuControllerBuilder | Imported #26 / 0 tx / 1 pending / 0 (0.0%) gas / (0x17c4ab7f1d547503bf271ac70194a14fe86770825733a218c61b71e4e7ec5198)
2026-10-07 19:47:25.068+00:00 | BftProcessorExecutor-QBFT-0 | INFO  | QbftBesuControllerBuilder | Imported #27 / 0 tx / 1 pending / 0 (0.0%) gas / (0xa77f793571001bd22b8627dc46a4a78aae5638742f5edd0490fa51f275eb63ad)
2026-10-07 19:47:27.062+00:00 | BftProcessorExecutor-QBFT-0 | INFO  | QbftBesuControllerBuilder | Imported #28 / 0 tx / 1 pending / 0 (0.0%) gas / (0x7c510d0db0224b421598785146aa47012e943623fa3446644eeda8b29a735029)
2026-10-07 19:47:29.083+00:00 | EthScheduler-Workers-0 | INFO  | PersistBlockTask | Block 29 (0x16d1b60edf64fee667f9be0121ddc7d83bb75aecb85393eb9c43c5bb4b78deab) is already imported
2026-10-07 19:47:29.083+00:00 | BftProcessorExecutor-QBFT-0 | INFO  | QbftBesuControllerBuilder | Produced #29 / 0 tx / 1 pending / 0 (0.0%) gas / (0x16d1b60edf64fee667f9be0121ddc7d83bb75aecb85393eb9c43c5bb4b78deab)
2026-10-07 19:47:31.171+00:00 | BftProcessorExecutor-QBFT-0 | INFO  | QbftBesuControllerBuilder | Imported #30 / 1 tx / 0 pending / 1,832,981 (0.0%) gas / (0xa2af7f169d9b185628407d59ff9e4403cf9bb5d0dd15143433910df9fee6b8ad)
2026-10-07 19:47:33.077+00:00 | BftProcessorExecutor-QBFT-0 | INFO  | QbftBesuControllerBuilder | Imported #31 / 0 tx / 0 pending / 0 (0.0%) gas / (0xed082262bb8e0f81ab2a7a0e73e24c73a853bb68df46d5090f3b5f45d8339441)
2026-10-07 19:47:33.078+00:00 | EthScheduler-Workers-0 | INFO  | PersistBlockTask | Block 31 (0xed082262bb8e0f81ab2a7a0e73e24c73a853bb68df46d5090f3b5f45d8339441) is already imported
2026-10-07 19:47:35.084+00:00 | EthScheduler-Workers-0 | INFO  | PersistBlockTask | Imported #32 / 0 tx / 0 om / 0 (0.0%) gas / (0x2a9a340a61e68dfe854419444d2c37c9297eb95c526df1e6d01572deb939eb7e) in 0.006s. Peers: 14
2026-10-07 19:47:35.084+00:00 | BftProcessorExecutor-QBFT-0 | INFO  | QbftBesuControllerBuilder | Imported #32 / 0 tx / 0 pending / 0 (0.0%) gas / (0x2a9a340a61e68dfe854419444d2c37c9297eb95c526df1e6d01572deb939eb7e)
2026-10-07 19:47:37.098+00:00 | EthScheduler-Workers-0 | INFO  | PersistBlockTask | Block 33 (0xcfe0e17e4b10eb3709cae7cd15814ea15a6bf658aaf5e99352dd21d6bec10fe7) is already imported
2026-10-07 19:47:37.099+00:00 | BftProcessorExecutor-QBFT-0 | INFO  | QbftBesuControllerBuilder | Imported #33 / 0 tx / 0 pending / 0 (0.0%) gas / (0xcfe0e17e4b10eb3709cae7cd15814ea15a6bf658aaf5e99352dd21d6bec10fe7)
2026-10-07 19:47:39.075+00:00 | BftProcessorExecutor-QBFT-0 | INFO  | QbftBesuControllerBuilder | Imported #34 / 0 tx / 0 pending / 0 (0.0%) gas / (0x7272d8a4141787f65ba4ca92a3685500f793dfe852b9d097e929a2c841cf0a19)
2026-10-07 19:47:39.078+00:00 | EthScheduler-Workers-0 | INFO  | PersistBlockTask | Block 34 (0x7272d8a4141787f65ba4ca92a3685500f793dfe852b9d097e929a2c841cf0a19) is already imported
2026-10-07 19:47:41.094+00:00 | EthScheduler-Workers-0 | INFO  | PersistBlockTask | Block 35 (0x5fe72fc9158039cecb633e982a51e60a904f114ec43d097a9adb3ee027189a7c) is already imported
2026-10-07 19:47:41.094+00:00 | BftProcessorExecutor-QBFT-0 | INFO  | QbftBesuControllerBuilder | Imported #35 / 0 tx / 0 pending / 0 (0.0%) gas / (0x5fe72fc9158039cecb633e982a51e60a904f114ec43d097a9adb3ee027189a7c)
2026-10-07 19:47:43.078+00:00 | BftProcessorExecutor-QBFT-0 | INFO  | QbftBesuControllerBuilder | Imported #36 / 0 tx / 0 pending / 0 (0.0%) gas / (0x47837c5df48fee8b2aa3df80c067a0fb20a4588647a18a75b4157de8fcb29aee)
2026-10-07 19:47:45.076+00:00 | BftProcessorExecutor-QBFT-0 | INFO  | QbftBesuControllerBuilder | Imported #37 / 0 tx / 0 pending / 0 (0.0%) gas / (0x6b45c82265785617cf79f72389176b806634fff39955775473eb1c48858be0eb)
2026-10-07 19:47:47.084+00:00 | BftProcessorExecutor-QBFT-0 | INFO  | QbftBesuControllerBuilder | Imported #38 / 0 tx / 0 pending / 0 (0.0%) gas / (0xe38d19c508f8b2e2ca91a2139fff607ce435491cde66fef8e75eaa27d1b28d5b)
2026-10-07 19:47:49.078+00:00 | EthScheduler-Workers-0 | INFO  | PersistBlockTask | Imported #39 / 0 tx / 0 om / 0 (0.0%) gas / (0xcec3b7350bf7ae4aa4a7dcceded8e457b71e5a0a068a86a64ba0b6d1a51cb769) in 0.002s. Peers: 14
2026-10-07 19:47:51.072+00:00 | BftProcessorExecutor-QBFT-0 | INFO  | QbftBesuControllerBuilder | Imported #40 / 0 tx / 0 pending / 0 (0.0%) gas / (0xc6ba8e67f487b0b57521d5e37fbac493e9b29b88d0c87cc8f82b1dec88cd4b4b)
2026-10-07 19:47:53.092+00:00 | EthScheduler-Workers-0 | INFO  | PersistBlockTask | Imported #41 / 0 tx / 0 om / 0 (0.0%) gas / (0x5e4df002e4c7f0752e483941b6c716938424cb7d9c2e6ae0a156cd5eaffcb189) in 0.002s. Peers: 14
2026-10-07 19:47:55.079+00:00 | BftProcessorExecutor-QBFT-0 | INFO  | QbftBesuControllerBuilder | Imported #42 / 0 tx / 0 pending / 0 (0.0%) gas / (0x3acddebeb4ee4ff4bdad15d7934ea0c760bbad5f606edc93da82cb49f2796495)
2026-10-07 19:47:57.093+00:00 | EthScheduler-Workers-0 | INFO  | PersistBlockTask | Block 43 (0x4a171a9b5960fe0fbfd0bbe5774adc596a048b09dbda7e30e90e41b04448706f) is already imported
2026-10-07 19:47:57.094+00:00 | BftProcessorExecutor-QBFT-0 | INFO  | QbftBesuControllerBuilder | Imported #43 / 0 tx / 0 pending / 0 (0.0%) gas / (0x4a171a9b5960fe0fbfd0bbe5774adc596a048b09dbda7e30e90e41b04448706f)
2026-10-07 19:47:59.067+00:00 | BftProcessorExecutor-QBFT-0 | INFO  | QbftBesuControllerBuilder | Produced #44 / 0 tx / 0 pending / 0 (0.0%) gas / (0xfc8c8dc9d7b6ef4667dbed479abbb2febda816f98452482f784835510dc3e479)
2026-10-07 19:47:59.068+00:00 | EthScheduler-Workers-0 | INFO  | PersistBlockTask | Block 44 (0xfc8c8dc9d7b6ef4667dbed479abbb2febda816f98452482f784835510dc3e479) is already imported
2026-10-07 19:48:01.087+00:00 | EthScheduler-Workers-0 | INFO  | PersistBlockTask | Block 45 (0x2dcd03915a83506868254d2e158112633241e82b4443d5e8f2ba04681e25417c) is already imported
2026-10-07 19:48:01.087+00:00 | BftProcessorExecutor-QBFT-0 | INFO  | QbftBesuControllerBuilder | Imported #45 / 0 tx / 0 pending / 0 (0.0%) gas / (0x2dcd03915a83506868254d2e158112633241e82b4443d5e8f2ba04681e25417c)
2026-10-07 19:48:03.082+00:00 | BftProcessorExecutor-QBFT-0 | INFO  | QbftBesuControllerBuilder | Imported #46 / 0 tx / 0 pending / 0 (0.0%) gas / (0xe456de9cd30732ca01da4e445f1015a0e2bbbd4737630a415cd57ab68dc9b0c7)
2026-10-07 19:48:03.083+00:00 | EthScheduler-Workers-0 | INFO  | PersistBlockTask | Block 46 (0xe456de9cd30732ca01da4e445f1015a0e2bbbd4737630a415cd57ab68dc9b0c7) is already imported
2026-10-07 19:48:05.086+00:00 | BftProcessorExecutor-QBFT-0 | INFO  | QbftBesuControllerBuilder | Imported #47 / 0 tx / 0 pending / 0 (0.0%) gas / (0x06ed2f2035bc8544b0ef4c19b0d8afafa2907b5bab935e4ac706f9d390dd5288)
2026-10-07 19:48:07.067+00:00 | BftProcessorExecutor-QBFT-0 | INFO  | QbftBesuControllerBuilder | Imported #48 / 0 tx / 0 pending / 0 (0.0%) gas / (0x9eea7257ab0e4f715d1dd31226e967eb2178ea9f52e4ec7599e5e0da85c7b03f)
2026-10-07 19:48:09.067+00:00 | BftProcessorExecutor-QBFT-0 | INFO  | QbftBesuControllerBuilder | Imported #49 / 0 tx / 0 pending / 0 (0.0%) gas / (0x0e50967f5f384e80d57f43df1e1e93e653b8d42ddf87a13232fe3bbeb434e15a)
2026-10-07 19:48:11.076+00:00 | BftProcessorExecutor-QBFT-0 | INFO  | QbftBesuControllerBuilder | Imported #50 / 0 tx / 0 pending / 0 (0.0%) gas / (0x9ac170b945318f36d8b8c3fa3b6c1fd1d577381370a6902696286b3fcfc9d010)
2026-10-07 19:48:13.084+00:00 | BftProcessorExecutor-QBFT-0 | INFO  | QbftBesuControllerBuilder | Imported #51 / 0 tx / 0 pending / 0 (0.0%) gas / (0x4a80747f60c355fe455be5cb2c28484f11d7b076cdea5f211e9fc2f515362de6)
2026-10-07 19:48:13.088+00:00 | EthScheduler-Workers-0 | INFO  | PersistBlockTask | Block 51 (0x4a80747f60c355fe455be5cb2c28484f11d7b076cdea5f211e9fc2f515362de6) is already imported
2026-10-07 19:48:15.087+00:00 | BftProcessorExecutor-QBFT-0 | INFO  | QbftBesuControllerBuilder | Imported #52 / 0 tx / 0 pending / 0 (0.0%) gas / (0xee2621873fe27052a7bd7eb3eadc102bde042b7ea01a94f18047443bf981b48d)
2026-10-07 19:48:15.087+00:00 | EthScheduler-Workers-0 | INFO  | PersistBlockTask | Block 52 (0xee2621873fe27052a7bd7eb3eadc102bde042b7ea01a94f18047443bf981b48d) is already imported
2026-10-07 19:48:17.070+00:00 | BftProcessorExecutor-QBFT-0 | INFO  | QbftBesuControllerBuilder | Imported #53 / 0 tx / 0 pending / 0 (0.0%) gas / (0xa2fe93817e82fcbe495e8f5053dd012d28706d729ee8a1163e86aa7768d9de81)
2026-10-07 19:48:19.071+00:00 | BftProcessorExecutor-QBFT-0 | INFO  | QbftBesuControllerBuilder | Imported #54 / 0 tx / 0 pending / 0 (0.0%) gas / (0xec783d9307fd172cd5eca0f0b5d4017bdc53fd01083c8689789d0b6d33b173ef)
2026-10-07 19:48:21.246+00:00 | EthScheduler-Workers-0 | INFO  | PersistBlockTask | Block 55 (0xc57c4090919abfd1f41c1e80b7f59d97e5c936252aad963f0f8787b69f498c93) is already imported
2026-10-07 19:48:21.246+00:00 | BftProcessorExecutor-QBFT-0 | INFO  | QbftBesuControllerBuilder | Imported #55 / 4 tx / 138 pending / 967,880 (0.0%) gas / (0xc57c4090919abfd1f41c1e80b7f59d97e5c936252aad963f0f8787b69f498c93)
2026-10-07 19:48:24.205+00:00 | EthScheduler-Workers-0 | INFO  | PersistBlockTask | Block 56 (0x6acc8c731fee7f52b1eb3bcc2e6b188d6c9f0c5b45ae53e82358821bf2f2f579) is already imported
2026-10-07 19:48:24.208+00:00 | BftProcessorExecutor-QBFT-0 | INFO  | QbftBesuControllerBuilder | Imported #56 / 53 tx / 1180 pending / 12,824,410 (0.0%) gas / (0x6acc8c731fee7f52b1eb3bcc2e6b188d6c9f0c5b45ae53e82358821bf2f2f579)
2026-10-07 19:48:27.048+00:00 | EthScheduler-Workers-0 | INFO  | PersistBlockTask | Block 57 (0xe7f65ec0aeb477f5193922950b87bfff6349b5ee7b8e4d07f3cca1cea3927482) is already imported
2026-10-07 19:48:27.053+00:00 | BftProcessorExecutor-QBFT-0 | INFO  | QbftBesuControllerBuilder | Imported #57 / 105 tx / 2153 pending / 25,406,850 (0.0%) gas / (0xe7f65ec0aeb477f5193922950b87bfff6349b5ee7b8e4d07f3cca1cea3927482)
2026-10-07 19:48:29.698+00:00 | EthScheduler-Workers-0 | INFO  | PersistBlockTask | Block 58 (0x8d2e496c828d7ef59d2384d2f4061a6bf7fe306529226e3d26bd26aa4e0ce262) is already imported
2026-10-07 19:48:29.706+00:00 | BftProcessorExecutor-QBFT-0 | INFO  | QbftBesuControllerBuilder | Imported #58 / 151 tx / 2870 pending / 36,537,470 (0.0%) gas / (0x8d2e496c828d7ef59d2384d2f4061a6bf7fe306529226e3d26bd26aa4e0ce262)
2026-10-07 19:48:32.954+00:00 | EthScheduler-Workers-0 | INFO  | PersistBlockTask | Block 59 (0x69425f850b7f77d9c88f89fc9df1fcc7d7496a0381e80477f762c8aa8e6523fd) is already imported
2026-10-07 19:48:32.958+00:00 | BftProcessorExecutor-QBFT-0 | INFO  | QbftBesuControllerBuilder | Produced #59 / 213 tx / 3809 pending / 51,539,610 (0.0%) gas / (0x69425f850b7f77d9c88f89fc9df1fcc7d7496a0381e80477f762c8aa8e6523fd)
2026-10-07 19:48:37.657+00:00 | EthScheduler-Workers-0 | INFO  | PersistBlockTask | Block 60 (0xeb8d8b3eddd69cc7141f4f08e46d78cb2020645bb63ff61795a74b70a9c28140) is already imported
2026-10-07 19:48:37.669+00:00 | BftProcessorExecutor-QBFT-0 | INFO  | QbftBesuControllerBuilder | Imported #60 / 294 tx / 5140 pending / 71,139,180 (0.0%) gas / (0xeb8d8b3eddd69cc7141f4f08e46d78cb2020645bb63ff61795a74b70a9c28140)
2026-10-07 19:48:42.161+00:00 | EthScheduler-Workers-0 | INFO  | PersistBlockTask | Block 61 (0x639293beb91c24d4326eb8d78c7e45bbfb6c3e41b9e747bb4d80eb97b79de773) is already imported
2026-10-07 19:48:42.167+00:00 | BftProcessorExecutor-QBFT-0 | INFO  | QbftBesuControllerBuilder | Imported #61 / 318 tx / 6352 pending / 76,946,460 (0.0%) gas / (0x639293beb91c24d4326eb8d78c7e45bbfb6c3e41b9e747bb4d80eb97b79de773)
2026-10-07 19:48:46.744+00:00 | EthScheduler-Workers-0 | INFO  | PersistBlockTask | Block 62 (0xbc9317909248464de443af3a34fcbfc4f20ee21dd1b905eb473ea04bef637441) is already imported
2026-10-07 19:48:46.778+00:00 | BftProcessorExecutor-QBFT-0 | INFO  | QbftBesuControllerBuilder | Imported #62 / 303 tx / 6751 pending / 73,316,910 (0.0%) gas / (0xbc9317909248464de443af3a34fcbfc4f20ee21dd1b905eb473ea04bef637441)
2026-10-07 19:48:51.357+00:00 | EthScheduler-Workers-0 | INFO  | PersistBlockTask | Block 63 (0x6096495b665464d8bce0eb46bb5b79e0e8f6ccc626bceb5570be6cd31c94aed3) is already imported
2026-10-07 19:48:51.363+00:00 | BftProcessorExecutor-QBFT-0 | INFO  | QbftBesuControllerBuilder | Imported #63 / 331 tx / 6420 pending / 80,092,070 (0.0%) gas / (0x6096495b665464d8bce0eb46bb5b79e0e8f6ccc626bceb5570be6cd31c94aed3)
2026-10-07 19:48:56.014+00:00 | EthScheduler-Workers-0 | INFO  | PersistBlockTask | Block 64 (0xcf5990e61e81e96554744d9470f283025a250726df416422c7ec9a423e197158) is already imported
2026-10-07 19:48:56.038+00:00 | BftProcessorExecutor-QBFT-0 | INFO  | QbftBesuControllerBuilder | Imported #64 / 337 tx / 6083 pending / 81,543,890 (0.0%) gas / (0xcf5990e61e81e96554744d9470f283025a250726df416422c7ec9a423e197158)
2026-10-07 19:49:00.551+00:00 | EthScheduler-Workers-0 | INFO  | PersistBlockTask | Block 65 (0xbd4f4e6337e03a981f4d2b7fa5257163d349628217063018c189f71e82ebb02f) is already imported
2026-10-07 19:49:00.561+00:00 | BftProcessorExecutor-QBFT-0 | INFO  | QbftBesuControllerBuilder | Imported #65 / 323 tx / 5760 pending / 78,156,310 (0.0%) gas / (0xbd4f4e6337e03a981f4d2b7fa5257163d349628217063018c189f71e82ebb02f)
2026-10-07 19:49:05.102+00:00 | EthScheduler-Workers-0 | INFO  | PersistBlockTask | Block 66 (0x66d37bc9b3ffb3e6caf926834f1562960e241e0465597cadb61e8f7e480fe674) is already imported
2026-10-07 19:49:05.109+00:00 | BftProcessorExecutor-QBFT-0 | INFO  | QbftBesuControllerBuilder | Imported #66 / 329 tx / 5431 pending / 79,608,130 (0.0%) gas / (0x66d37bc9b3ffb3e6caf926834f1562960e241e0465597cadb61e8f7e480fe674)
2026-10-07 19:49:09.573+00:00 | EthScheduler-Workers-0 | INFO  | PersistBlockTask | Block 67 (0xd0c20d21ebee2073d1edb79bfa83a0e642e6836aa3d6e84d01c8be7565ad5ad0) is already imported
2026-10-07 19:49:09.601+00:00 | BftProcessorExecutor-QBFT-0 | INFO  | QbftBesuControllerBuilder | Imported #67 / 323 tx / 5108 pending / 78,156,310 (0.0%) gas / (0xd0c20d21ebee2073d1edb79bfa83a0e642e6836aa3d6e84d01c8be7565ad5ad0)
2026-10-07 19:49:14.237+00:00 | EthScheduler-Workers-0 | INFO  | PersistBlockTask | Block 68 (0x51f402e68b8093b1438c51147bf535ccd17e74225efdbac5e476f7574273f446) is already imported
2026-10-07 19:49:14.260+00:00 | BftProcessorExecutor-QBFT-0 | INFO  | QbftBesuControllerBuilder | Imported #68 / 333 tx / 4775 pending / 80,576,010 (0.0%) gas / (0x51f402e68b8093b1438c51147bf535ccd17e74225efdbac5e476f7574273f446)
2026-10-07 19:49:18.738+00:00 | EthScheduler-Workers-0 | INFO  | PersistBlockTask | Block 69 (0x2e04dc5460d0f09950d4cadff7c60e52a8faad148c07692c508508faff916362) is already imported
2026-10-07 19:49:18.744+00:00 | BftProcessorExecutor-QBFT-0 | INFO  | QbftBesuControllerBuilder | Imported #69 / 320 tx / 4455 pending / 77,430,400 (0.0%) gas / (0x2e04dc5460d0f09950d4cadff7c60e52a8faad148c07692c508508faff916362)
2026-10-07 19:49:23.420+00:00 | EthScheduler-Workers-0 | INFO  | PersistBlockTask | Block 70 (0x7590dd04f829ef3eb6b3d550ecdd0c549f5de2477eb2a347ebca303d35b05dd0) is already imported
2026-10-07 19:49:23.426+00:00 | BftProcessorExecutor-QBFT-0 | INFO  | QbftBesuControllerBuilder | Imported #70 / 330 tx / 4125 pending / 79,850,100 (0.0%) gas / (0x7590dd04f829ef3eb6b3d550ecdd0c549f5de2477eb2a347ebca303d35b05dd0)
2026-10-07 19:49:28.207+00:00 | EthScheduler-Workers-0 | INFO  | PersistBlockTask | Block 71 (0x47ea2e1519fb4b6f7b1feb3d3d5da86601ea774106bc6419232e81e02e74bd39) is already imported
2026-10-07 19:49:28.219+00:00 | BftProcessorExecutor-QBFT-0 | INFO  | QbftBesuControllerBuilder | Imported #71 / 342 tx / 3783 pending / 82,753,740 (0.0%) gas / (0x47ea2e1519fb4b6f7b1feb3d3d5da86601ea774106bc6419232e81e02e74bd39)
2026-10-07 19:49:32.995+00:00 | EthScheduler-Workers-0 | INFO  | PersistBlockTask | Block 72 (0x10490c2f82cce80a50b5b63e3d3a98803b9cd5edd14ad551d7ec8bbb7be5f086) is already imported
2026-10-07 19:49:33.003+00:00 | BftProcessorExecutor-QBFT-0 | INFO  | QbftBesuControllerBuilder | Imported #72 / 340 tx / 3443 pending / 82,269,800 (0.0%) gas / (0x10490c2f82cce80a50b5b63e3d3a98803b9cd5edd14ad551d7ec8bbb7be5f086)
2026-10-07 19:49:37.625+00:00 | EthScheduler-Workers-0 | INFO  | PersistBlockTask | Block 73 (0x6b833eba930d1c7e97dce1ab4d118db963b851964f6cc37b489bdef0e2c3a934) is already imported
2026-10-07 19:49:37.632+00:00 | BftProcessorExecutor-QBFT-0 | INFO  | QbftBesuControllerBuilder | Imported #73 / 338 tx / 3105 pending / 81,785,860 (0.0%) gas / (0x6b833eba930d1c7e97dce1ab4d118db963b851964f6cc37b489bdef0e2c3a934)
2026-10-07 19:49:39.146+00:00 | BftProcessorExecutor-QBFT-0 | WARN  | BlockTransactionSelector | Interrupting the selection of transactions for block inclusion as it exceeds the maximum configured duration of 1500ms
java.util.concurrent.TimeoutException
	at java.base/java.util.concurrent.CompletableFuture.timedGet(CompletableFuture.java:1960)
	at java.base/java.util.concurrent.CompletableFuture.get(CompletableFuture.java:2095)
	at org.hyperledger.besu.ethereum.blockcreation.txselection.BlockTransactionSelector.timeLimitedSelection(BlockTransactionSelector.java:186)
	at org.hyperledger.besu.ethereum.blockcreation.txselection.BlockTransactionSelector.buildTransactionListForBlock(BlockTransactionSelector.java:169)
	at org.hyperledger.besu.ethereum.blockcreation.AbstractBlockCreator.selectTransactions(AbstractBlockCreator.java:376)
	at org.hyperledger.besu.ethereum.blockcreation.AbstractBlockCreator.createBlock(AbstractBlockCreator.java:218)
	at org.hyperledger.besu.ethereum.blockcreation.AbstractBlockCreator.createBlock(AbstractBlockCreator.java:146)
	at org.hyperledger.besu.consensus.common.bft.blockcreation.BftBlockCreator.createBlock(BftBlockCreator.java:92)
	at org.hyperledger.besu.consensus.qbft.statemachine.QbftRound.createAndSendProposalMessage(QbftRound.java:137)
	at org.hyperledger.besu.consensus.qbft.statemachine.QbftBlockHeightManager.handleBlockTimerExpiry(QbftBlockHeightManager.java:140)
	at org.hyperledger.besu.consensus.common.bft.statemachine.BaseBftController.handleBlockTimerExpiry(BaseBftController.java:167)
	at org.hyperledger.besu.consensus.common.bft.EventMultiplexer.handleBftEvent(EventMultiplexer.java:65)
	at java.base/java.util.Optional.ifPresent(Optional.java:178)
	at org.hyperledger.besu.consensus.common.bft.BftProcessor.run(BftProcessor.java:65)
	at java.base/java.util.concurrent.ThreadPoolExecutor.runWorker(ThreadPoolExecutor.java:1144)
	at java.base/java.util.concurrent.ThreadPoolExecutor$Worker.run(ThreadPoolExecutor.java:642)
	at java.base/java.lang.Thread.run(Thread.java:1583)
2026-10-07 19:49:42.243+00:00 | EthScheduler-Workers-0 | INFO  | PersistBlockTask | Block 74 (0x09d736680682a6c1186d03c1de7c7191916218eacf79339db2f8dc5ff7f3fafd) is already imported
2026-10-07 19:49:42.246+00:00 | BftProcessorExecutor-QBFT-0 | INFO  | QbftBesuControllerBuilder | Produced #74 / 313 tx / 2792 pending / 75,736,610 (0.0%) gas / (0x09d736680682a6c1186d03c1de7c7191916218eacf79339db2f8dc5ff7f3fafd)
2026-10-07 19:49:45.975+00:00 | EthScheduler-Workers-0 | INFO  | PersistBlockTask | Block 75 (0xf35285f6f76abc47d8dc5349d506cedfaeb3f6f24ad5721c006dc9611cc33260) is already imported
2026-10-07 19:49:45.987+00:00 | BftProcessorExecutor-QBFT-0 | INFO  | QbftBesuControllerBuilder | Imported #75 / 255 tx / 2537 pending / 61,702,350 (0.0%) gas / (0xf35285f6f76abc47d8dc5349d506cedfaeb3f6f24ad5721c006dc9611cc33260)
2026-10-07 19:49:49.172+00:00 | EthScheduler-Workers-0 | INFO  | PersistBlockTask | Block 76 (0xc120e95d06d3f9e659b13b745dab0245831fea4bc2cdf9c00c81548173bd3a28) is already imported
2026-10-07 19:49:49.174+00:00 | BftProcessorExecutor-QBFT-0 | INFO  | QbftBesuControllerBuilder | Imported #76 / 231 tx / 2306 pending / 55,895,070 (0.0%) gas / (0xc120e95d06d3f9e659b13b745dab0245831fea4bc2cdf9c00c81548173bd3a28)
2026-10-07 19:49:52.553+00:00 | EthScheduler-Workers-0 | INFO  | PersistBlockTask | Block 77 (0x150a8d4b55843616490da688e952f95962ecfe913ec1dd0c17176054360d45a3) is already imported
2026-10-07 19:49:52.567+00:00 | BftProcessorExecutor-QBFT-0 | INFO  | QbftBesuControllerBuilder | Imported #77 / 246 tx / 2060 pending / 59,524,620 (0.0%) gas / (0x150a8d4b55843616490da688e952f95962ecfe913ec1dd0c17176054360d45a3)
2026-10-07 19:49:55.580+00:00 | EthScheduler-Workers-0 | INFO  | PersistBlockTask | Block 78 (0x46736b1bac0928a8c876b17a42f43fdac19f313b55f409e62c40c64b6f243f07) is already imported
2026-10-07 19:49:55.583+00:00 | BftProcessorExecutor-QBFT-0 | INFO  | QbftBesuControllerBuilder | Imported #78 / 218 tx / 1842 pending / 52,749,460 (0.0%) gas / (0x46736b1bac0928a8c876b17a42f43fdac19f313b55f409e62c40c64b6f243f07)
2026-10-07 19:49:58.562+00:00 | EthScheduler-Workers-0 | INFO  | PersistBlockTask | Block 79 (0x7d2f2a65d660957f70d6a7aa88c94b5f9f5344b1b75382b13287883a1a33339e) is already imported
2026-10-07 19:49:58.564+00:00 | BftProcessorExecutor-QBFT-0 | INFO  | QbftBesuControllerBuilder | Imported #79 / 212 tx / 1630 pending / 51,297,640 (0.0%) gas / (0x7d2f2a65d660957f70d6a7aa88c94b5f9f5344b1b75382b13287883a1a33339e)
2026-10-07 19:50:01.654+00:00 | EthScheduler-Workers-0 | INFO  | PersistBlockTask | Block 80 (0xc4157b8db0b9672b0a77fd677c36f649f07b731b601d0576076a05c49a93fbc7) is already imported
2026-10-07 19:50:01.657+00:00 | BftProcessorExecutor-QBFT-0 | INFO  | QbftBesuControllerBuilder | Imported #80 / 222 tx / 1408 pending / 53,717,340 (0.0%) gas / (0xc4157b8db0b9672b0a77fd677c36f649f07b731b601d0576076a05c49a93fbc7)
2026-10-07 19:50:04.612+00:00 | EthScheduler-Workers-0 | INFO  | PersistBlockTask | Block 81 (0x4b6dccf1320310714323c04841f97f158edf0df4b1ccaca6b68237d78c40d90a) is already imported
2026-10-07 19:50:04.615+00:00 | BftProcessorExecutor-QBFT-0 | INFO  | QbftBesuControllerBuilder | Imported #81 / 216 tx / 1192 pending / 52,265,520 (0.0%) gas / (0x4b6dccf1320310714323c04841f97f158edf0df4b1ccaca6b68237d78c40d90a)
2026-10-07 19:50:07.797+00:00 | EthScheduler-Workers-0 | INFO  | PersistBlockTask | Block 82 (0x2e101b2cb661f98fd0c7f1e96059bfdcf5956f886eba46d93600d554df19419d) is already imported
2026-10-07 19:50:07.802+00:00 | BftProcessorExecutor-QBFT-0 | INFO  | QbftBesuControllerBuilder | Imported #82 / 222 tx / 970 pending / 53,717,340 (0.0%) gas / (0x2e101b2cb661f98fd0c7f1e96059bfdcf5956f886eba46d93600d554df19419d)
2026-10-07 19:50:10.651+00:00 | EthScheduler-Workers-0 | INFO  | PersistBlockTask | Block 83 (0x58baee7133f3b91a83f5f46a1cd9608b2764409395f82e18641e3dcaf168fbc3) is already imported
2026-10-07 19:50:10.653+00:00 | BftProcessorExecutor-QBFT-0 | INFO  | QbftBesuControllerBuilder | Imported #83 / 212 tx / 758 pending / 51,297,640 (0.0%) gas / (0x58baee7133f3b91a83f5f46a1cd9608b2764409395f82e18641e3dcaf168fbc3)
2026-10-07 19:50:13.793+00:00 | EthScheduler-Workers-0 | INFO  | PersistBlockTask | Block 84 (0x493e25d9aeebe64ff858edcb49400e9da8070cc79cb8382289527850222a074a) is already imported
2026-10-07 19:50:13.795+00:00 | BftProcessorExecutor-QBFT-0 | INFO  | QbftBesuControllerBuilder | Imported #84 / 225 tx / 533 pending / 54,443,250 (0.0%) gas / (0x493e25d9aeebe64ff858edcb49400e9da8070cc79cb8382289527850222a074a)
2026-10-07 19:50:16.770+00:00 | EthScheduler-Workers-0 | INFO  | PersistBlockTask | Block 85 (0x1b3bc230b99a994a9333c88ff5634a8e3cf829fd379402ce9f487d98f32148c5) is already imported
2026-10-07 19:50:16.772+00:00 | BftProcessorExecutor-QBFT-0 | INFO  | QbftBesuControllerBuilder | Imported #85 / 211 tx / 322 pending / 51,055,670 (0.0%) gas / (0x1b3bc230b99a994a9333c88ff5634a8e3cf829fd379402ce9f487d98f32148c5)
2026-10-07 19:50:18.795+00:00 | EthScheduler-Workers-0 | INFO  | PersistBlockTask | Block 86 (0xd9e953f3065508770d8373de22e330e310221e3152c1f0aeecf81caa91a806b5) is already imported
2026-10-07 19:50:18.796+00:00 | BftProcessorExecutor-QBFT-0 | INFO  | QbftBesuControllerBuilder | Imported #86 / 150 tx / 172 pending / 36,295,500 (0.0%) gas / (0xd9e953f3065508770d8373de22e330e310221e3152c1f0aeecf81caa91a806b5)
2026-10-07 19:50:20.460+00:00 | EthScheduler-Workers-0 | INFO  | PersistBlockTask | Block 87 (0x1e0389a49de3638da405e4c42cfce2a1f3ba9612f29bbf0d1f4be68e9012fc97) is already imported
2026-10-07 19:50:20.461+00:00 | BftProcessorExecutor-QBFT-0 | INFO  | QbftBesuControllerBuilder | Imported #87 / 99 tx / 73 pending / 23,955,030 (0.0%) gas / (0x1e0389a49de3638da405e4c42cfce2a1f3ba9612f29bbf0d1f4be68e9012fc97)
2026-10-07 19:50:21.829+00:00 | EthScheduler-Workers-0 | INFO  | PersistBlockTask | Block 88 (0xd398fd1476c3fe189601cfe121d1e23168cb4ee5e459eb3cc946e6bd676f848d) is already imported
2026-10-07 19:50:21.830+00:00 | BftProcessorExecutor-QBFT-0 | INFO  | QbftBesuControllerBuilder | Imported #88 / 55 tx / 18 pending / 13,308,350 (0.0%) gas / (0xd398fd1476c3fe189601cfe121d1e23168cb4ee5e459eb3cc946e6bd676f848d)
2026-10-07 19:50:23.363+00:00 | BftProcessorExecutor-QBFT-0 | INFO  | QbftBesuControllerBuilder | Produced #89 / 18 tx / 0 pending / 4,355,460 (0.0%) gas / (0xa1ae4e22d92b697d29af4a19584d2d41409fa911076b1b79285e81ca0cfc55e2)
2026-10-07 19:50:23.363+00:00 | EthScheduler-Workers-0 | INFO  | PersistBlockTask | Block 89 (0xa1ae4e22d92b697d29af4a19584d2d41409fa911076b1b79285e81ca0cfc55e2) is already imported
2026-10-07 19:50:25.064+00:00 | BftProcessorExecutor-QBFT-0 | INFO  | QbftBesuControllerBuilder | Imported #90 / 0 tx / 0 pending / 0 (0.0%) gas / (0x63f2da6dfc06db8ff8d463229b02dfcbf23af6baca16e9ef1076d77979a1fbc1)
2026-10-07 19:50:27.067+00:00 | BftProcessorExecutor-QBFT-0 | INFO  | QbftBesuControllerBuilder | Imported #91 / 0 tx / 0 pending / 0 (0.0%) gas / (0xed4484627a5ac106b62df2e2923f1ca07f62619a07398303142f827fe9d0c4db)
2026-10-07 19:50:29.074+00:00 | BftProcessorExecutor-QBFT-0 | INFO  | QbftBesuControllerBuilder | Imported #92 / 0 tx / 0 pending / 0 (0.0%) gas / (0x5a1340c8c8c22a29ae19bab0ef199865f53aee5a4c9b9c4b7574af3f0b720566)
2026-10-07 19:50:31.061+00:00 | BftProcessorExecutor-QBFT-0 | INFO  | QbftBesuControllerBuilder | Imported #93 / 0 tx / 0 pending / 0 (0.0%) gas / (0x0387ce2e8ca0a8d06b8553475b7093146408626d5bed820b3aa669499304a06d)
2026-10-07 19:50:33.063+00:00 | BftProcessorExecutor-QBFT-0 | INFO  | QbftBesuControllerBuilder | Imported #94 / 0 tx / 0 pending / 0 (0.0%) gas / (0xb6787ce8b05e3a55c86214cb7fb71a5170a603e907a4f0d65138c83de4faadf1)
2026-10-07 19:50:35.065+00:00 | BftProcessorExecutor-QBFT-0 | INFO  | QbftBesuControllerBuilder | Imported #95 / 0 tx / 0 pending / 0 (0.0%) gas / (0xebdfd347267690c47f31fb9569388d307d895813a4b12a7322dba1c6f20a60ed)
2026-10-07 19:50:37.076+00:00 | BftProcessorExecutor-QBFT-0 | INFO  | QbftBesuControllerBuilder | Imported #96 / 0 tx / 0 pending / 0 (0.0%) gas / (0x7ead0677d664f7f48d0e26887193c198b0768c7714e4143ac6194fbf1e61ed8b)
2026-10-07 19:50:39.078+00:00 | BftProcessorExecutor-QBFT-0 | INFO  | QbftBesuControllerBuilder | Imported #97 / 0 tx / 0 pending / 0 (0.0%) gas / (0x99a1f9e6ea7ee09ce5880e34ff55727d6a79ec9aaf635e61fe33ad22cb04d266)
2026-10-07 19:50:41.076+00:00 | BftProcessorExecutor-QBFT-0 | INFO  | QbftBesuControllerBuilder | Imported #98 / 0 tx / 0 pending / 0 (0.0%) gas / (0xfbcc9c607a410bd0c1823b4868a7c0dc76c9dbcdfad41e697ee6492227ab267d)
2026-10-07 19:50:43.074+00:00 | BftProcessorExecutor-QBFT-0 | INFO  | QbftBesuControllerBuilder | Imported #99 / 0 tx / 0 pending / 0 (0.0%) gas / (0x98378ef249116b2ae6b2d30af921cac9f1597af451da99be61312932d29f6ad9)
2026-10-07 19:50:45.072+00:00 | BftProcessorExecutor-QBFT-0 | INFO  | QbftBesuControllerBuilder | Imported #100 / 0 tx / 0 pending / 0 (0.0%) gas / (0xb62802cd3bf8e692a1eab3a80572258650d7ebc5453d2364cd1f61492cc3e40d)
2026-10-07 19:50:47.069+00:00 | BftProcessorExecutor-QBFT-0 | INFO  | QbftBesuControllerBuilder | Imported #101 / 0 tx / 0 pending / 0 (0.0%) gas / (0x3a7201db1cf51f04aa29d8b6907b6ddaf785a3d043130b9418eb299f1f7aa251)
2026-10-07 19:50:49.075+00:00 | EthScheduler-Workers-0 | INFO  | PersistBlockTask | Block 102 (0xebaf321444cb7b5daa904e680f446da7c64005539c78da5c7a719a889bcbb011) is already imported
2026-10-07 19:50:49.075+00:00 | BftProcessorExecutor-QBFT-0 | INFO  | QbftBesuControllerBuilder | Imported #102 / 0 tx / 0 pending / 0 (0.0%) gas / (0xebaf321444cb7b5daa904e680f446da7c64005539c78da5c7a719a889bcbb011)
2026-10-07 19:50:51.060+00:00 | BftProcessorExecutor-QBFT-0 | INFO  | QbftBesuControllerBuilder | Imported #103 / 0 tx / 0 pending / 0 (0.0%) gas / (0x0dab2ea7120b0a88024de6bf1bd07c8bb6f088305dda2bc3750dae9a5b92a1ee)
2026-10-07 19:50:53.062+00:00 | BftProcessorExecutor-QBFT-0 | INFO  | QbftBesuControllerBuilder | Produced #104 / 0 tx / 0 pending / 0 (0.0%) gas / (0xe8039e02fed136d3b1994b47e323d9f966f92678ef9c95ae0de59e321d4fcda9)
2026-10-07 19:50:55.064+00:00 | BftProcessorExecutor-QBFT-0 | INFO  | QbftBesuControllerBuilder | Imported #105 / 0 tx / 0 pending / 0 (0.0%) gas / (0x6f2ecdbbebf7871711ed6117b255dc069ed24547570027fe8ddb339c2f750b64)
2026-10-07 19:50:57.062+00:00 | BftProcessorExecutor-QBFT-0 | INFO  | QbftBesuControllerBuilder | Imported #106 / 0 tx / 0 pending / 0 (0.0%) gas / (0x960eeb4ff6baea5a9633b369d3004a8e5bfd2cbf6f8224a14edd3c626a1646ea)
2026-10-07 19:50:59.064+00:00 | BftProcessorExecutor-QBFT-0 | INFO  | QbftBesuControllerBuilder | Imported #107 / 0 tx / 0 pending / 0 (0.0%) gas / (0x9b824aac451a055f974a9e9496ffd2fc260f93896d813e974051237f1dd41195)
2026-10-07 19:51:01.054+00:00 | BftProcessorExecutor-QBFT-0 | INFO  | QbftBesuControllerBuilder | Imported #108 / 0 tx / 0 pending / 0 (0.0%) gas / (0x51eee9b1276aeac8e465bd700d31b71899aa1a69f22a4b58860aa4b766451c35)
2026-10-07 19:51:03.065+00:00 | BftProcessorExecutor-QBFT-0 | INFO  | QbftBesuControllerBuilder | Imported #109 / 0 tx / 0 pending / 0 (0.0%) gas / (0x6e996f7a4472e0e5044330a25fb0674b6992849cc6494a1342930109ee09a6c4)
2026-10-07 19:51:05.063+00:00 | BftProcessorExecutor-QBFT-0 | INFO  | QbftBesuControllerBuilder | Imported #110 / 0 tx / 0 pending / 0 (0.0%) gas / (0xa47c6aa05a0f25f651371e786cffb1722aee5d4000f28eab48e81bbb5b741cdb)
2026-10-07 19:51:07.062+00:00 | BftProcessorExecutor-QBFT-0 | INFO  | QbftBesuControllerBuilder | Imported #111 / 0 tx / 0 pending / 0 (0.0%) gas / (0x9e05b76f95c7469974db9716f5bcd24a224296248145cce0dbb3e256c8d87d52)
2026-10-07 19:51:09.064+00:00 | BftProcessorExecutor-QBFT-0 | INFO  | QbftBesuControllerBuilder | Imported #112 / 0 tx / 0 pending / 0 (0.0%) gas / (0xb09830e1927392075bec8cd724fdb957997bb48c82f6dac29c7c437171e26e29)
2026-10-07 19:51:11.063+00:00 | BftProcessorExecutor-QBFT-0 | INFO  | QbftBesuControllerBuilder | Imported #113 / 0 tx / 0 pending / 0 (0.0%) gas / (0xff01adab1b4927339471bd5d80e85006f095e6b817d9f30a3a8858eff56579e0)
2026-10-07 19:51:13.073+00:00 | EthScheduler-Workers-0 | INFO  | PersistBlockTask | Block 114 (0x312d417a927c037ca3cf6c339927170faca091669fb40b8895a60ad63050a2d6) is already imported
2026-10-07 19:51:13.073+00:00 | BftProcessorExecutor-QBFT-0 | INFO  | QbftBesuControllerBuilder | Imported #114 / 0 tx / 0 pending / 0 (0.0%) gas / (0x312d417a927c037ca3cf6c339927170faca091669fb40b8895a60ad63050a2d6)
2026-10-07 19:51:15.066+00:00 | BftProcessorExecutor-QBFT-0 | INFO  | QbftBesuControllerBuilder | Imported #115 / 0 tx / 0 pending / 0 (0.0%) gas / (0xf7c8276e0fa0b216d1e7624ee87b126f334ecdb577850e37e529c3410fb9efcc)
2026-10-07 19:51:17.066+00:00 | BftProcessorExecutor-QBFT-0 | INFO  | QbftBesuControllerBuilder | Imported #116 / 0 tx / 0 pending / 0 (0.0%) gas / (0xd74586a468b129a237a0ca56b731149631286fb3e0379ddc0fa0b18e2fe869a8)
2026-10-07 19:51:19.060+00:00 | BftProcessorExecutor-QBFT-0 | INFO  | QbftBesuControllerBuilder | Imported #117 / 0 tx / 0 pending / 0 (0.0%) gas / (0x0cb8dc078cec65e5c7e8c947b35918a6ce509a040540e5391edd7e539bbcafd2)
2026-10-07 19:51:21.067+00:00 | BftProcessorExecutor-QBFT-0 | INFO  | QbftBesuControllerBuilder | Imported #118 / 0 tx / 0 pending / 0 (0.0%) gas / (0x75f14ea41350a5f89cab014c93a228b95abfe31f8c4d5d1fe952070d02a19c49)
2026-10-07 19:51:23.080+00:00 | BftProcessorExecutor-QBFT-0 | INFO  | QbftBesuControllerBuilder | Produced #119 / 0 tx / 0 pending / 0 (0.0%) gas / (0xb008cbf0c9849ee05fcbe8339e485068cbd6801fbce018d1af582ca580bb1e25)
2026-10-07 19:51:23.080+00:00 | EthScheduler-Workers-0 | INFO  | PersistBlockTask | Block 119 (0xb008cbf0c9849ee05fcbe8339e485068cbd6801fbce018d1af582ca580bb1e25) is already imported
2026-10-07 19:51:25.087+00:00 | BftProcessorExecutor-QBFT-0 | INFO  | QbftBesuControllerBuilder | Imported #120 / 0 tx / 0 pending / 0 (0.0%) gas / (0xe8cf1677f03a0523561872542c45d1c65a738eb6211089ba2322bc6e113c956c)
2026-10-07 19:51:25.087+00:00 | EthScheduler-Workers-0 | INFO  | PersistBlockTask | Block 120 (0xe8cf1677f03a0523561872542c45d1c65a738eb6211089ba2322bc6e113c956c) is already imported
2026-10-07 19:51:27.062+00:00 | BftProcessorExecutor-QBFT-0 | INFO  | QbftBesuControllerBuilder | Imported #121 / 0 tx / 0 pending / 0 (0.0%) gas / (0x2b0f6dce3f9389a95aaeb06a3737e4e8198af42fd0c080a30ba7b82a26512f93)
2026-10-07 19:51:29.069+00:00 | BftProcessorExecutor-QBFT-0 | INFO  | QbftBesuControllerBuilder | Imported #122 / 0 tx / 0 pending / 0 (0.0%) gas / (0x9eb8f37b1fe050b14c307fff1e3cb64de3b17230a1eafe1c380b7d63375a4a3c)
2026-10-07 19:51:31.076+00:00 | BftProcessorExecutor-QBFT-0 | INFO  | QbftBesuControllerBuilder | Imported #123 / 0 tx / 0 pending / 0 (0.0%) gas / (0x03e44d2a9b2373597b9c34595cb82d966b9f20542dd57d05036deeaba09d5a1b)
2026-10-07 19:51:33.053+00:00 | BftProcessorExecutor-QBFT-0 | INFO  | QbftBesuControllerBuilder | Imported #124 / 0 tx / 0 pending / 0 (0.0%) gas / (0xda9aa3114f149b1f1f897afb947debd828a6c67a817146d76fea5fcbb0de5852)
2026-10-07 19:51:35.062+00:00 | BftProcessorExecutor-QBFT-0 | INFO  | QbftBesuControllerBuilder | Imported #125 / 0 tx / 0 pending / 0 (0.0%) gas / (0x6eebb6dfd5ed72f4cce2c6659c4a463805fa3522b77dfcb7010d112d183088d1)
2026-10-07 19:51:37.083+00:00 | BftProcessorExecutor-QBFT-0 | INFO  | QbftBesuControllerBuilder | Imported #126 / 0 tx / 0 pending / 0 (0.0%) gas / (0xbaa0f48b060899462cce5f68a2db2047eab0969d5308baab6a5d5b4e2d41f6ef)
2026-10-07 19:51:39.073+00:00 | BftProcessorExecutor-QBFT-0 | INFO  | QbftBesuControllerBuilder | Imported #127 / 0 tx / 0 pending / 0 (0.0%) gas / (0x0e80b82508ed49b781e0f70b8aa0eb80864fd4fbb106cfaf941f19e2689c31bf)
2026-10-07 19:51:41.090+00:00 | EthScheduler-Workers-0 | INFO  | PersistBlockTask | Imported #128 / 0 tx / 0 om / 0 (0.0%) gas / (0x8b9fe40eb0c4f748ecdfb7db15df331053a3edbb2dc32bbed718d80700fbaf6e) in 0.001s. Peers: 14
2026-10-07 19:51:43.085+00:00 | EthScheduler-Workers-0 | INFO  | PersistBlockTask | Block 129 (0x593b755a8174f3662f600e42ca69ba745d4c5f4d25581cf93ba0378c0543fdad) is already imported
2026-10-07 19:51:43.085+00:00 | BftProcessorExecutor-QBFT-0 | INFO  | QbftBesuControllerBuilder | Imported #129 / 0 tx / 0 pending / 0 (0.0%) gas / (0x593b755a8174f3662f600e42ca69ba745d4c5f4d25581cf93ba0378c0543fdad)
2026-10-07 19:51:45.081+00:00 | BftProcessorExecutor-QBFT-0 | INFO  | QbftBesuControllerBuilder | Imported #130 / 0 tx / 0 pending / 0 (0.0%) gas / (0xf75b567a232c88672aa08e6dc3a6d18e30af51463683226392a7465c309e00a4)
2026-10-07 19:51:47.067+00:00 | BftProcessorExecutor-QBFT-0 | INFO  | QbftBesuControllerBuilder | Imported #131 / 0 tx / 0 pending / 0 (0.0%) gas / (0x50d37dec3b5f3c141a225fef1041940837b1c468520f29e79f2846c2b510f01d)
2026-10-07 19:51:49.080+00:00 | EthScheduler-Workers-0 | INFO  | PersistBlockTask | Block 132 (0xc89afb76d6f3fe9e2b7bb01d8dd0126360e117fc9814b56a83d431c7f9356eb3) is already imported
2026-10-07 19:51:49.080+00:00 | BftProcessorExecutor-QBFT-0 | INFO  | QbftBesuControllerBuilder | Imported #132 / 0 tx / 0 pending / 0 (0.0%) gas / (0xc89afb76d6f3fe9e2b7bb01d8dd0126360e117fc9814b56a83d431c7f9356eb3)
2026-10-07 19:51:51.079+00:00 | BftProcessorExecutor-QBFT-0 | INFO  | QbftBesuControllerBuilder | Imported #133 / 0 tx / 0 pending / 0 (0.0%) gas / (0x9c46f8a41bafea936475d674cdb2fd99a4f9c452c25266a20333114a99add65b)
2026-10-07 19:51:53.078+00:00 | BftProcessorExecutor-QBFT-0 | INFO  | QbftBesuControllerBuilder | Produced #134 / 0 tx / 0 pending / 0 (0.0%) gas / (0xb473bb7d3dae72f31874949310efa28285389a15f8c911978fa8e3bf3e11aa03)
2026-10-07 19:51:55.071+00:00 | BftProcessorExecutor-QBFT-0 | INFO  | QbftBesuControllerBuilder | Imported #135 / 0 tx / 0 pending / 0 (0.0%) gas / (0x3e397adecc0db340381b65d2cb3d3ab99329dc0f0c757189e95751a1b80efd2c)
2026-10-07 19:51:57.077+00:00 | BftProcessorExecutor-QBFT-0 | INFO  | QbftBesuControllerBuilder | Imported #136 / 0 tx / 0 pending / 0 (0.0%) gas / (0x1ef2ad66850fd59942e71be1464909c7f6628747f2732412d51748d621502e7a)
2026-10-07 19:51:57.078+00:00 | EthScheduler-Workers-0 | INFO  | PersistBlockTask | Block 136 (0x1ef2ad66850fd59942e71be1464909c7f6628747f2732412d51748d621502e7a) is already imported
2026-10-07 19:51:59.083+00:00 | BftProcessorExecutor-QBFT-0 | INFO  | QbftBesuControllerBuilder | Imported #137 / 0 tx / 0 pending / 0 (0.0%) gas / (0x2b182648d5802cf146b4d81dc9f233a2c2a4a90147aa5b0c0533ce5bcb2fd576)
2026-10-07 19:51:59.083+00:00 | EthScheduler-Workers-0 | INFO  | PersistBlockTask | Block 137 (0x2b182648d5802cf146b4d81dc9f233a2c2a4a90147aa5b0c0533ce5bcb2fd576) is already imported
2026-10-07 19:52:01.076+00:00 | BftProcessorExecutor-QBFT-0 | INFO  | QbftBesuControllerBuilder | Imported #138 / 0 tx / 0 pending / 0 (0.0%) gas / (0x5116032f413f2266e5fada02b9d9296dee5ed33cf00efccb7bee6f236a564505)
2026-10-07 19:52:03.076+00:00 | BftProcessorExecutor-QBFT-0 | INFO  | QbftBesuControllerBuilder | Imported #139 / 0 tx / 0 pending / 0 (0.0%) gas / (0x84447e32d0b0ead06ff9b6853612941358f54dcfd912972cf6ad81c6de5ffa7b)
2026-10-07 19:52:05.071+00:00 | BftProcessorExecutor-QBFT-0 | INFO  | QbftBesuControllerBuilder | Imported #140 / 0 tx / 0 pending / 0 (0.0%) gas / (0x35779237c9ea0c38eed4e9fc7433c3f5eab0415b96c0caba96cffab27fa66d5a)
2026-10-07 19:52:07.069+00:00 | BftProcessorExecutor-QBFT-0 | INFO  | QbftBesuControllerBuilder | Imported #141 / 0 tx / 0 pending / 0 (0.0%) gas / (0x253b444e298541fce6b3533bf0fc61f044d5230990efd577c144bd7d2cdfa5d4)
2026-10-07 19:52:09.078+00:00 | EthScheduler-Workers-0 | INFO  | PersistBlockTask | Block 142 (0x58100dfff888afa8236becd893af03cb79d4440bf778e10f52280287fce7e3ee) is already imported
2026-10-07 19:52:09.079+00:00 | BftProcessorExecutor-QBFT-0 | INFO  | QbftBesuControllerBuilder | Imported #142 / 0 tx / 0 pending / 0 (0.0%) gas / (0x58100dfff888afa8236becd893af03cb79d4440bf778e10f52280287fce7e3ee)
2026-10-07 19:52:11.072+00:00 | BftProcessorExecutor-QBFT-0 | INFO  | QbftBesuControllerBuilder | Imported #143 / 0 tx / 0 pending / 0 (0.0%) gas / (0x286187fc10c2dd201182a7e7d2a5a7ee29681c9402b4545321086843505e844b)
2026-10-07 19:52:13.084+00:00 | BftProcessorExecutor-QBFT-0 | INFO  | QbftBesuControllerBuilder | Imported #144 / 0 tx / 0 pending / 0 (0.0%) gas / (0x650a74d1c1952236cd6811381ddf35a05ff50ed0f578e93aeb9c573f37f24ce1)
2026-10-07 19:52:13.084+00:00 | EthScheduler-Workers-0 | INFO  | PersistBlockTask | Block 144 (0x650a74d1c1952236cd6811381ddf35a05ff50ed0f578e93aeb9c573f37f24ce1) is already imported
2026-10-07 19:52:15.080+00:00 | BftProcessorExecutor-QBFT-0 | INFO  | QbftBesuControllerBuilder | Imported #145 / 0 tx / 0 pending / 0 (0.0%) gas / (0x1f98a8e664743b5ffd6d4693af5989a6e22270e1f1f5af601eb88372a0843273)
2026-10-07 19:52:17.074+00:00 | EthScheduler-Workers-0 | INFO  | PersistBlockTask | Block 146 (0x7a3a6a5bb58358c8298f84d55f15c36e3aec137d370f9b1a2b2143ce87a629a1) is already imported
2026-10-07 19:52:17.074+00:00 | BftProcessorExecutor-QBFT-0 | INFO  | QbftBesuControllerBuilder | Imported #146 / 0 tx / 0 pending / 0 (0.0%) gas / (0x7a3a6a5bb58358c8298f84d55f15c36e3aec137d370f9b1a2b2143ce87a629a1)
2026-10-07 19:52:19.079+00:00 | BftProcessorExecutor-QBFT-0 | INFO  | QbftBesuControllerBuilder | Imported #147 / 0 tx / 0 pending / 0 (0.0%) gas / (0x9b9dc67c057cbd77d5627788a9ea2dc933c43caceae5d00718b9a81c886f7aed)
2026-10-07 19:52:21.081+00:00 | EthScheduler-Workers-0 | INFO  | PersistBlockTask | Block 148 (0x16eda84f16eba9e221a20bab73b4d75a70de3781c58dcf5e1682a7ed45414599) is already imported
2026-10-07 19:52:21.081+00:00 | BftProcessorExecutor-QBFT-0 | INFO  | QbftBesuControllerBuilder | Imported #148 / 0 tx / 0 pending / 0 (0.0%) gas / (0x16eda84f16eba9e221a20bab73b4d75a70de3781c58dcf5e1682a7ed45414599)
2026-10-07 19:52:23.086+00:00 | EthScheduler-Workers-0 | INFO  | PersistBlockTask | Block 149 (0x1d474ae8d5dce0b353a2c8873bdcbbea9ef7d758e103dcc6a7864ac72395ab20) is already imported
2026-10-07 19:52:23.086+00:00 | BftProcessorExecutor-QBFT-0 | INFO  | QbftBesuControllerBuilder | Produced #149 / 0 tx / 0 pending / 0 (0.0%) gas / (0x1d474ae8d5dce0b353a2c8873bdcbbea9ef7d758e103dcc6a7864ac72395ab20)
2026-10-07 19:52:25.309+00:00 | EthScheduler-Workers-0 | INFO  | PersistBlockTask | Block 150 (0x78aa59ab8056b9a3c87a9a607cf23a8cf621fcb6501151195f9989a89f62cc52) is already imported
2026-10-07 19:52:25.309+00:00 | BftProcessorExecutor-QBFT-0 | INFO  | QbftBesuControllerBuilder | Imported #150 / 20 tx / 342 pending / 3,072,696 (0.0%) gas / (0x78aa59ab8056b9a3c87a9a607cf23a8cf621fcb6501151195f9989a89f62cc52)
2026-10-07 19:52:27.450+00:00 | BftProcessorExecutor-QBFT-0 | INFO  | QbftBesuControllerBuilder | Imported #151 / 60 tx / 944 pending / 9,217,848 (0.0%) gas / (0x6669f1daff2a21f8c32cf1040b1606a8f21589f25597c59fc3a166c87edb1453)
2026-10-07 19:52:29.439+00:00 | EthScheduler-Workers-0 | INFO  | PersistBlockTask | Block 152 (0x998195945c0a207cbb3bbb217a41cf562e72f006e29be72688db070270a36563) is already imported
2026-10-07 19:52:29.440+00:00 | BftProcessorExecutor-QBFT-0 | INFO  | QbftBesuControllerBuilder | Imported #152 / 69 tx / 875 pending / 10,600,706 (0.0%) gas / (0x998195945c0a207cbb3bbb217a41cf562e72f006e29be72688db070270a36563)
2026-10-07 19:52:31.391+00:00 | EthScheduler-Workers-0 | INFO  | PersistBlockTask | Block 153 (0xd8f5baff42b83bc4471a21e7194508e3693493018b1701f267cd0bee0244e1de) is already imported
2026-10-07 19:52:31.394+00:00 | BftProcessorExecutor-QBFT-0 | INFO  | QbftBesuControllerBuilder | Imported #153 / 69 tx / 806 pending / 10,600,494 (0.0%) gas / (0xd8f5baff42b83bc4471a21e7194508e3693493018b1701f267cd0bee0244e1de)
2026-10-07 19:52:33.440+00:00 | EthScheduler-Workers-0 | INFO  | PersistBlockTask | Block 154 (0xfbaace5969741bc281a9201658472a049c4257bb3f8318dbc4a642d88598db3a) is already imported
2026-10-07 19:52:33.441+00:00 | BftProcessorExecutor-QBFT-0 | INFO  | QbftBesuControllerBuilder | Imported #154 / 68 tx / 738 pending / 10,447,096 (0.0%) gas / (0xfbaace5969741bc281a9201658472a049c4257bb3f8318dbc4a642d88598db3a)
2026-10-07 19:52:35.431+00:00 | BftProcessorExecutor-QBFT-0 | INFO  | QbftBesuControllerBuilder | Imported #155 / 68 tx / 670 pending / 10,447,100 (0.0%) gas / (0x8d3e071b761e6c9dcac613a8c1545bdf747b7871c17b4da29e793fc4f17f8d71)
2026-10-07 19:52:37.394+00:00 | BftProcessorExecutor-QBFT-0 | INFO  | QbftBesuControllerBuilder | Imported #156 / 68 tx / 602 pending / 10,447,168 (0.0%) gas / (0x5f7ca599d3947ef7cd3168f2bb0b43e1cef4037dd42235cead850db3a572b704)
2026-10-07 19:52:39.398+00:00 | BftProcessorExecutor-QBFT-0 | INFO  | QbftBesuControllerBuilder | Imported #157 / 68 tx / 534 pending / 10,446,976 (0.0%) gas / (0xcfb9c4409a60f253a23ceb1a109139b8be4f6e5a62400ef28695c80fb41fbce2)
2026-10-07 19:52:41.291+00:00 | EthScheduler-Workers-0 | INFO  | PersistBlockTask | Block 158 (0x73caab11d4a9ef53bf929bb517ba05cc142861da35502e50d56587dd5612487d) is already imported
2026-10-07 19:52:41.292+00:00 | BftProcessorExecutor-QBFT-0 | INFO  | QbftBesuControllerBuilder | Imported #158 / 68 tx / 466 pending / 10,447,092 (0.0%) gas / (0x73caab11d4a9ef53bf929bb517ba05cc142861da35502e50d56587dd5612487d)
2026-10-07 19:52:43.476+00:00 | BftProcessorExecutor-QBFT-0 | INFO  | QbftBesuControllerBuilder | Imported #159 / 68 tx / 398 pending / 10,446,940 (0.0%) gas / (0xad05b693c0e70a884049306a7f818fc60f58402a46546afd360ceb9b7281d9b9)
2026-10-07 19:52:45.329+00:00 | BftProcessorExecutor-QBFT-0 | INFO  | QbftBesuControllerBuilder | Imported #160 / 68 tx / 330 pending / 10,447,232 (0.0%) gas / (0x8ef1cd891f9d806b36a08e3789e98c3513816854c862d5ec50648a200fa2c2de)
2026-10-07 19:52:47.533+00:00 | BftProcessorExecutor-QBFT-0 | INFO  | QbftBesuControllerBuilder | Imported #161 / 68 tx / 262 pending / 10,447,092 (0.0%) gas / (0x9da2f6b94908576c664801b2b35d6eb49ba51c913fd1878bff16f6bf3a354465)
2026-10-07 19:52:49.404+00:00 | BftProcessorExecutor-QBFT-0 | INFO  | QbftBesuControllerBuilder | Imported #162 / 68 tx / 194 pending / 10,447,096 (0.0%) gas / (0x28e3c4fba1e3e3d1dacfd50471fe1f44f16c85713899d368f0c4bcb57555bd8e)
2026-10-07 19:52:51.283+00:00 | EthScheduler-Workers-0 | INFO  | PersistBlockTask | Block 163 (0xb9752086fa3f3f0a9d56dd2dd072d37dcdcfdcaddeb813e2d985ec3d44635590) is already imported
2026-10-07 19:52:51.284+00:00 | BftProcessorExecutor-QBFT-0 | INFO  | QbftBesuControllerBuilder | Imported #163 / 68 tx / 126 pending / 10,447,096 (0.0%) gas / (0xb9752086fa3f3f0a9d56dd2dd072d37dcdcfdcaddeb813e2d985ec3d44635590)
2026-10-07 19:52:53.349+00:00 | BftProcessorExecutor-QBFT-0 | INFO  | QbftBesuControllerBuilder | Produced #164 / 68 tx / 58 pending / 10,447,132 (0.0%) gas / (0x0d6cc44e7aa0783c85b38d7932631c2d9732f74466a5dd137c08ead358edd98f)
2026-10-07 19:52:55.362+00:00 | EthScheduler-Workers-0 | INFO  | PersistBlockTask | Block 165 (0x1bb61c5a7c66b65454bf8f196aff512bcd208b6943748db4f7e37a7dc3ed5130) is already imported
2026-10-07 19:52:55.362+00:00 | BftProcessorExecutor-QBFT-0 | INFO  | QbftBesuControllerBuilder | Imported #165 / 49 tx / 9 pending / 7,528,022 (0.0%) gas / (0x1bb61c5a7c66b65454bf8f196aff512bcd208b6943748db4f7e37a7dc3ed5130)
2026-10-07 19:52:57.113+00:00 | BftProcessorExecutor-QBFT-0 | INFO  | QbftBesuControllerBuilder | Imported #166 / 9 tx / 0 pending / 1,382,682 (0.0%) gas / (0x47d5cc06a92ad26943cdc69c46bdc4a3ec1bc9bcb4fe7f02b48d53b694a044d7)
2026-10-07 19:52:59.073+00:00 | BftProcessorExecutor-QBFT-0 | INFO  | QbftBesuControllerBuilder | Imported #167 / 0 tx / 0 pending / 0 (0.0%) gas / (0x40fad179819cfc3ba7e9a0b9cf016a1f8edeed366f1c308fcf055646850b4bed)
2026-10-07 19:53:01.055+00:00 | BftProcessorExecutor-QBFT-0 | INFO  | QbftBesuControllerBuilder | Imported #168 / 0 tx / 0 pending / 0 (0.0%) gas / (0x7f450f370f9422929e5c4b264806029ce3c14a8f38a3f838026116d44d75566e)
2026-10-07 19:53:03.075+00:00 | BftProcessorExecutor-QBFT-0 | INFO  | QbftBesuControllerBuilder | Imported #169 / 0 tx / 0 pending / 0 (0.0%) gas / (0x64ebd7ed609dc188887ef3eaa205c13b50ffd509071f899742225a86310aba23)
2026-10-07 19:53:05.074+00:00 | BftProcessorExecutor-QBFT-0 | INFO  | QbftBesuControllerBuilder | Imported #170 / 0 tx / 0 pending / 0 (0.0%) gas / (0xec7591421f464e9319bcf685b51d43cd98222d350a25e25f08bb02ee4e386f81)
2026-10-07 19:53:07.061+00:00 | BftProcessorExecutor-QBFT-0 | INFO  | QbftBesuControllerBuilder | Imported #171 / 0 tx / 0 pending / 0 (0.0%) gas / (0x1681a884ff811aaef11d067a829dbed56d6116ac2748e4ce14e20e0cb4bcf2eb)
2026-10-07 19:53:09.058+00:00 | BftProcessorExecutor-QBFT-0 | INFO  | QbftBesuControllerBuilder | Imported #172 / 0 tx / 0 pending / 0 (0.0%) gas / (0xd8529aceb48cab1b9737519451b29aa48fda2b8f8c018b11df68170a32a0245b)
2026-10-07 19:53:11.078+00:00 | BftProcessorExecutor-QBFT-0 | INFO  | QbftBesuControllerBuilder | Imported #173 / 0 tx / 0 pending / 0 (0.0%) gas / (0x0a9667065bc6507cae40970851365f6ecf6747ad6c86ba759a8ea2f73eb4626a)
2026-10-07 19:53:13.087+00:00 | EthScheduler-Workers-0 | INFO  | PersistBlockTask | Block 174 (0xb1c4b5210ca45c480fa725c17dcf0fdcf3a3d5491e230c9e6bddcde5a347efe7) is already imported
2026-10-07 19:53:13.087+00:00 | BftProcessorExecutor-QBFT-0 | INFO  | QbftBesuControllerBuilder | Imported #174 / 0 tx / 0 pending / 0 (0.0%) gas / (0xb1c4b5210ca45c480fa725c17dcf0fdcf3a3d5491e230c9e6bddcde5a347efe7)
2026-10-07 19:53:15.077+00:00 | BftProcessorExecutor-QBFT-0 | INFO  | QbftBesuControllerBuilder | Imported #175 / 0 tx / 0 pending / 0 (0.0%) gas / (0x234837981d96a1f9abb61f2670a439a7ed8c1d7c7998679beb6d392e502e621b)
2026-10-07 19:53:15.078+00:00 | EthScheduler-Workers-0 | INFO  | PersistBlockTask | Block 175 (0x234837981d96a1f9abb61f2670a439a7ed8c1d7c7998679beb6d392e502e621b) is already imported
2026-10-07 19:53:17.070+00:00 | BftProcessorExecutor-QBFT-0 | INFO  | QbftBesuControllerBuilder | Imported #176 / 0 tx / 0 pending / 0 (0.0%) gas / (0xac22cfe105d3f84c6b2087bec5d55993eb18d9f2ef9e6d25d62897053edcd009)
2026-10-07 19:53:19.074+00:00 | EthScheduler-Workers-0 | INFO  | PersistBlockTask | Block 177 (0x3e138c160e84222b491f04e9b4769abf5f6d1322bbadfa36a3e0473ac6e02591) is already imported
2026-10-07 19:53:19.074+00:00 | BftProcessorExecutor-QBFT-0 | INFO  | QbftBesuControllerBuilder | Imported #177 / 0 tx / 0 pending / 0 (0.0%) gas / (0x3e138c160e84222b491f04e9b4769abf5f6d1322bbadfa36a3e0473ac6e02591)
2026-10-07 19:53:21.064+00:00 | BftProcessorExecutor-QBFT-0 | INFO  | QbftBesuControllerBuilder | Imported #178 / 0 tx / 0 pending / 0 (0.0%) gas / (0x796373dde16498b302c08e42f1edf30cdbe95d931168c24b9ce2fd3558330e05)
2026-10-07 19:53:23.078+00:00 | EthScheduler-Workers-0 | INFO  | PersistBlockTask | Imported #179 / 0 tx / 0 om / 0 (0.0%) gas / (0x5f4b6ef0d8354c710abf42bcaef127d67aa8ce1d03ececc0c3477d91fd7b4637) in 0.001s. Peers: 14
2026-10-07 19:53:23.078+00:00 | BftProcessorExecutor-QBFT-0 | INFO  | QbftBesuControllerBuilder | Produced #179 / 0 tx / 0 pending / 0 (0.0%) gas / (0x5f4b6ef0d8354c710abf42bcaef127d67aa8ce1d03ececc0c3477d91fd7b4637)
2026-10-07 19:53:25.083+00:00 | BftProcessorExecutor-QBFT-0 | INFO  | QbftBesuControllerBuilder | Imported #180 / 0 tx / 0 pending / 0 (0.0%) gas / (0x259633ec051b07f13027e7fba8e397cce930fb4b881bcd6eede5f07a3028e1e7)
2026-10-07 19:53:27.080+00:00 | EthScheduler-Workers-0 | INFO  | PersistBlockTask | Imported #181 / 0 tx / 0 om / 0 (0.0%) gas / (0x420a7e445723be0e5cfcf5e9a7c849a5a463ea34443083bc4a3259d561f15bd3) in 0.001s. Peers: 14
2026-10-07 19:53:29.076+00:00 | EthScheduler-Workers-0 | INFO  | PersistBlockTask | Block 182 (0x5bbfb8732720fedf63b0585a4155b76f0b0cd11356105848a8e4cd17bb882d82) is already imported
2026-10-07 19:53:29.076+00:00 | BftProcessorExecutor-QBFT-0 | INFO  | QbftBesuControllerBuilder | Imported #182 / 0 tx / 0 pending / 0 (0.0%) gas / (0x5bbfb8732720fedf63b0585a4155b76f0b0cd11356105848a8e4cd17bb882d82)
2026-10-07 19:53:31.061+00:00 | BftProcessorExecutor-QBFT-0 | INFO  | QbftBesuControllerBuilder | Imported #183 / 0 tx / 0 pending / 0 (0.0%) gas / (0x54030d0bb83b6ee75c8d07ecc3c2c6f27c5bb09169c93c87b4dc4c92e19582d6)
2026-10-07 19:53:33.092+00:00 | EthScheduler-Workers-0 | INFO  | PersistBlockTask | Imported #184 / 0 tx / 0 om / 0 (0.0%) gas / (0xee34113d43edfbefa44309272c107d0370120c23f4a743c85212a61f25550bdc) in 0.001s. Peers: 14
2026-10-07 19:53:35.077+00:00 | BftProcessorExecutor-QBFT-0 | INFO  | QbftBesuControllerBuilder | Imported #185 / 0 tx / 0 pending / 0 (0.0%) gas / (0x37e16edb1f917ddef17a96109245f8a8ead764ae905c7af862c221a33c696b9c)
2026-10-07 19:53:37.066+00:00 | BftProcessorExecutor-QBFT-0 | INFO  | QbftBesuControllerBuilder | Imported #186 / 0 tx / 0 pending / 0 (0.0%) gas / (0xdb95e8aca92c9a0c379bc77fffc20d1cd0d6740444c53d330652d0939ad9af60)
2026-10-07 19:53:39.070+00:00 | EthScheduler-Workers-0 | INFO  | PersistBlockTask | Block 187 (0x7beea7b575e72bff5cefce9454f41bd18a15c101431affe3951dcd33ff3925df) is already imported
2026-10-07 19:53:39.070+00:00 | BftProcessorExecutor-QBFT-0 | INFO  | QbftBesuControllerBuilder | Imported #187 / 0 tx / 0 pending / 0 (0.0%) gas / (0x7beea7b575e72bff5cefce9454f41bd18a15c101431affe3951dcd33ff3925df)
2026-10-07 19:53:41.071+00:00 | BftProcessorExecutor-QBFT-0 | INFO  | QbftBesuControllerBuilder | Imported #188 / 0 tx / 0 pending / 0 (0.0%) gas / (0xf8dc262362d29fe0090230d854035187f8d486fb9572de4fe329a7bbd1d5d4f8)
2026-10-07 19:53:43.445+00:00 | EthScheduler-Workers-0 | INFO  | PersistBlockTask | Block 189 (0x29db977102a14de619c2dab23608e6539fbe591e03357696af0f3b688ee188cd) is already imported
2026-10-07 19:53:43.445+00:00 | BftProcessorExecutor-QBFT-0 | INFO  | QbftBesuControllerBuilder | Imported #189 / 19 tx / 414 pending / 4,597,430 (0.0%) gas / (0x29db977102a14de619c2dab23608e6539fbe591e03357696af0f3b688ee188cd)
2026-10-07 19:53:46.255+00:00 | EthScheduler-Workers-0 | INFO  | PersistBlockTask | Block 190 (0x38828bb261c045d5f32debd534ef7952aeb0ae5070b759dec578a065ddadfed0) is already imported
2026-10-07 19:53:46.259+00:00 | BftProcessorExecutor-QBFT-0 | INFO  | QbftBesuControllerBuilder | Imported #190 / 75 tx / 1529 pending / 18,147,750 (0.0%) gas / (0x38828bb261c045d5f32debd534ef7952aeb0ae5070b759dec578a065ddadfed0)
2026-10-07 19:53:49.064+00:00 | EthScheduler-Workers-0 | INFO  | PersistBlockTask | Block 191 (0x17133314b9ec96484b2aa2a31bddbf0700a9e4a6ea069a2771052a9870a5dd1d) is already imported
2026-10-07 19:53:49.067+00:00 | BftProcessorExecutor-QBFT-0 | INFO  | QbftBesuControllerBuilder | Imported #191 / 132 tx / 2437 pending / 31,940,040 (0.0%) gas / (0x17133314b9ec96484b2aa2a31bddbf0700a9e4a6ea069a2771052a9870a5dd1d)
2026-10-07 19:53:51.692+00:00 | EthScheduler-Workers-0 | INFO  | PersistBlockTask | Block 192 (0xdf583b3b55c626a68c62d7ab0b37b1f9af19f78be4ef24098fb3114e02eb59e0) is already imported
2026-10-07 19:53:51.695+00:00 | BftProcessorExecutor-QBFT-0 | INFO  | QbftBesuControllerBuilder | Imported #192 / 175 tx / 3133 pending / 42,344,750 (0.0%) gas / (0xdf583b3b55c626a68c62d7ab0b37b1f9af19f78be4ef24098fb3114e02eb59e0)
2026-10-07 19:53:55.023+00:00 | EthScheduler-Workers-0 | INFO  | PersistBlockTask | Block 193 (0xe3d2e47775bc73e25f42c144a49039d3ddf663f5a0b04b0ca743991195294a37) is already imported
2026-10-07 19:53:55.027+00:00 | BftProcessorExecutor-QBFT-0 | INFO  | QbftBesuControllerBuilder | Imported #193 / 232 tx / 4248 pending / 56,137,040 (0.0%) gas / (0xe3d2e47775bc73e25f42c144a49039d3ddf663f5a0b04b0ca743991195294a37)
2026-10-07 19:53:56.530+00:00 | BftProcessorExecutor-QBFT-0 | WARN  | BlockTransactionSelector | Interrupting the selection of transactions for block inclusion as it exceeds the maximum configured duration of 1500ms
java.util.concurrent.TimeoutException
	at java.base/java.util.concurrent.CompletableFuture.timedGet(CompletableFuture.java:1960)
	at java.base/java.util.concurrent.CompletableFuture.get(CompletableFuture.java:2095)
	at org.hyperledger.besu.ethereum.blockcreation.txselection.BlockTransactionSelector.timeLimitedSelection(BlockTransactionSelector.java:186)
	at org.hyperledger.besu.ethereum.blockcreation.txselection.BlockTransactionSelector.buildTransactionListForBlock(BlockTransactionSelector.java:169)
	at org.hyperledger.besu.ethereum.blockcreation.AbstractBlockCreator.selectTransactions(AbstractBlockCreator.java:376)
	at org.hyperledger.besu.ethereum.blockcreation.AbstractBlockCreator.createBlock(AbstractBlockCreator.java:218)
	at org.hyperledger.besu.ethereum.blockcreation.AbstractBlockCreator.createBlock(AbstractBlockCreator.java:146)
	at org.hyperledger.besu.consensus.common.bft.blockcreation.BftBlockCreator.createBlock(BftBlockCreator.java:92)
	at org.hyperledger.besu.consensus.qbft.statemachine.QbftRound.createAndSendProposalMessage(QbftRound.java:137)
	at org.hyperledger.besu.consensus.qbft.statemachine.QbftBlockHeightManager.handleBlockTimerExpiry(QbftBlockHeightManager.java:140)
	at org.hyperledger.besu.consensus.common.bft.statemachine.BaseBftController.handleBlockTimerExpiry(BaseBftController.java:167)
	at org.hyperledger.besu.consensus.common.bft.EventMultiplexer.handleBftEvent(EventMultiplexer.java:65)
	at java.base/java.util.Optional.ifPresent(Optional.java:178)
	at org.hyperledger.besu.consensus.common.bft.BftProcessor.run(BftProcessor.java:65)
	at java.base/java.util.concurrent.ThreadPoolExecutor.runWorker(ThreadPoolExecutor.java:1144)
	at java.base/java.util.concurrent.ThreadPoolExecutor$Worker.run(ThreadPoolExecutor.java:642)
	at java.base/java.lang.Thread.run(Thread.java:1583)
2026-10-07 19:53:59.753+00:00 | EthScheduler-Workers-0 | INFO  | PersistBlockTask | Block 194 (0x8a06502dd1bd6e5a9afea70c21c5ff0274c4d0ecc4478902e374f29cc3d53a3b) is already imported
2026-10-07 19:53:59.757+00:00 | BftProcessorExecutor-QBFT-0 | INFO  | QbftBesuControllerBuilder | Produced #194 / 322 tx / 5699 pending / 77,914,340 (0.0%) gas / (0x8a06502dd1bd6e5a9afea70c21c5ff0274c4d0ecc4478902e374f29cc3d53a3b)
2026-10-07 19:54:04.669+00:00 | EthScheduler-Workers-0 | INFO  | PersistBlockTask | Block 195 (0x7146861384a35c5bc6930733205d2b8e98b5489a03d1e805bfe372ca9b51e70e) is already imported
2026-10-07 19:54:04.676+00:00 | BftProcessorExecutor-QBFT-0 | INFO  | QbftBesuControllerBuilder | Imported #195 / 326 tx / 6911 pending / 78,882,220 (0.0%) gas / (0x7146861384a35c5bc6930733205d2b8e98b5489a03d1e805bfe372ca9b51e70e)
2026-10-07 19:54:09.433+00:00 | EthScheduler-Workers-0 | INFO  | PersistBlockTask | Block 196 (0xcfd0e4e6d74fa8b134a18f245531e9ada39b5818091790b24ed315f73522a38a) is already imported
2026-10-07 19:54:09.461+00:00 | BftProcessorExecutor-QBFT-0 | INFO  | QbftBesuControllerBuilder | Imported #196 / 347 tx / 6564 pending / 83,963,590 (0.0%) gas / (0xcfd0e4e6d74fa8b134a18f245531e9ada39b5818091790b24ed315f73522a38a)
2026-10-07 19:54:13.920+00:00 | EthScheduler-Workers-0 | INFO  | PersistBlockTask | Block 197 (0x03d1e07fafcb28a86fcfed9611d55fb8bad0fd9a81257cbf10101688bd17025c) is already imported
2026-10-07 19:54:13.930+00:00 | BftProcessorExecutor-QBFT-0 | INFO  | QbftBesuControllerBuilder | Imported #197 / 329 tx / 6235 pending / 79,608,130 (0.0%) gas / (0x03d1e07fafcb28a86fcfed9611d55fb8bad0fd9a81257cbf10101688bd17025c)
2026-10-07 19:54:18.638+00:00 | EthScheduler-Workers-0 | INFO  | PersistBlockTask | Block 198 (0xe9d936dc30eae62b8c7667f276fd11f74905a27a0f63954c78c7adf619849608) is already imported
2026-10-07 19:54:18.695+00:00 | BftProcessorExecutor-QBFT-0 | INFO  | QbftBesuControllerBuilder | Imported #198 / 340 tx / 5895 pending / 82,269,800 (0.0%) gas / (0xe9d936dc30eae62b8c7667f276fd11f74905a27a0f63954c78c7adf619849608)
2026-10-07 19:54:23.332+00:00 | EthScheduler-Workers-0 | INFO  | PersistBlockTask | Block 199 (0x7333ce8a6b8f1d0adb7b649cad39a15bc6b0b3125d3fa3315a13531134bdb26e) is already imported
2026-10-07 19:54:23.350+00:00 | BftProcessorExecutor-QBFT-0 | INFO  | QbftBesuControllerBuilder | Imported #199 / 342 tx / 5553 pending / 82,753,740 (0.0%) gas / (0x7333ce8a6b8f1d0adb7b649cad39a15bc6b0b3125d3fa3315a13531134bdb26e)
2026-10-07 19:54:28.050+00:00 | EthScheduler-Workers-0 | INFO  | PersistBlockTask | Block 200 (0x69599432ff841b1c0931216ebf9389d8b86504728e51a7368688969f72f97a35) is already imported
2026-10-07 19:54:28.079+00:00 | BftProcessorExecutor-QBFT-0 | INFO  | QbftBesuControllerBuilder | Imported #200 / 340 tx / 5213 pending / 82,269,800 (0.0%) gas / (0x69599432ff841b1c0931216ebf9389d8b86504728e51a7368688969f72f97a35)
2026-10-07 19:54:32.779+00:00 | EthScheduler-Workers-0 | INFO  | PersistBlockTask | Block 201 (0x684105bc6f260a4cea62dfc17fde941fbde6d7dbb20ee1afbe01f45a8b01ff84) is already imported
2026-10-07 19:54:32.806+00:00 | BftProcessorExecutor-QBFT-0 | INFO  | QbftBesuControllerBuilder | Imported #201 / 341 tx / 4872 pending / 82,511,770 (0.0%) gas / (0x684105bc6f260a4cea62dfc17fde941fbde6d7dbb20ee1afbe01f45a8b01ff84)
2026-10-07 19:54:37.365+00:00 | EthScheduler-Workers-0 | INFO  | PersistBlockTask | Block 202 (0x192af5ca9f39be95d05568cb7237dcf8d3a337bdc7182c50174fc3bb75756c41) is already imported
2026-10-07 19:54:37.392+00:00 | BftProcessorExecutor-QBFT-0 | INFO  | QbftBesuControllerBuilder | Imported #202 / 339 tx / 4533 pending / 82,027,830 (0.0%) gas / (0x192af5ca9f39be95d05568cb7237dcf8d3a337bdc7182c50174fc3bb75756c41)
2026-10-07 19:54:42.057+00:00 | EthScheduler-Workers-0 | INFO  | PersistBlockTask | Block 203 (0x2a09276a910f5ace8bf1811d56450355e12a12b9d8d1a5f43748200e2c85e7c0) is already imported
2026-10-07 19:54:42.061+00:00 | BftProcessorExecutor-QBFT-0 | INFO  | QbftBesuControllerBuilder | Imported #203 / 341 tx / 4192 pending / 82,511,770 (0.0%) gas / (0x2a09276a910f5ace8bf1811d56450355e12a12b9d8d1a5f43748200e2c85e7c0)
2026-10-07 19:54:46.900+00:00 | EthScheduler-Workers-0 | INFO  | PersistBlockTask | Block 204 (0x2af45dbfa12892fe8a37c4376a0c1314ce216704caf8f958be4f8f42d76e6353) is already imported
2026-10-07 19:54:46.916+00:00 | BftProcessorExecutor-QBFT-0 | INFO  | QbftBesuControllerBuilder | Imported #204 / 342 tx / 3850 pending / 82,753,740 (0.0%) gas / (0x2af45dbfa12892fe8a37c4376a0c1314ce216704caf8f958be4f8f42d76e6353)
2026-10-07 19:54:51.772+00:00 | EthScheduler-Workers-0 | INFO  | PersistBlockTask | Block 205 (0x97d49e6202efee427f5f7e6f19384d5628a9c3eff72ad67bd11afeee2f3a276b) is already imported
2026-10-07 19:54:51.777+00:00 | BftProcessorExecutor-QBFT-0 | INFO  | QbftBesuControllerBuilder | Imported #205 / 344 tx / 3506 pending / 83,237,680 (0.0%) gas / (0x97d49e6202efee427f5f7e6f19384d5628a9c3eff72ad67bd11afeee2f3a276b)
2026-10-07 19:54:56.504+00:00 | EthScheduler-Workers-0 | INFO  | PersistBlockTask | Block 206 (0xde5126f6f1951d0ef1c65cee0ce202416b24c5bc2640f957e0c194903dac095e) is already imported
2026-10-07 19:54:56.508+00:00 | BftProcessorExecutor-QBFT-0 | INFO  | QbftBesuControllerBuilder | Imported #206 / 346 tx / 3160 pending / 83,721,620 (0.0%) gas / (0xde5126f6f1951d0ef1c65cee0ce202416b24c5bc2640f957e0c194903dac095e)
2026-10-07 19:55:01.312+00:00 | EthScheduler-Workers-0 | INFO  | PersistBlockTask | Block 207 (0x80985f7fa23d8ed7b89cab852b90c6f7412d3d066492082dde3990b686870439) is already imported
2026-10-07 19:55:01.314+00:00 | BftProcessorExecutor-QBFT-0 | INFO  | QbftBesuControllerBuilder | Imported #207 / 341 tx / 2819 pending / 82,511,770 (0.0%) gas / (0x80985f7fa23d8ed7b89cab852b90c6f7412d3d066492082dde3990b686870439)
2026-10-07 19:55:05.501+00:00 | EthScheduler-Workers-0 | INFO  | PersistBlockTask | Block 208 (0x6813a65ba6cd957e861b19aec6e68441b2028c05e596739955147f2bf39015d2) is already imported
2026-10-07 19:55:05.508+00:00 | BftProcessorExecutor-QBFT-0 | INFO  | QbftBesuControllerBuilder | Imported #208 / 312 tx / 2507 pending / 75,494,640 (0.0%) gas / (0x6813a65ba6cd957e861b19aec6e68441b2028c05e596739955147f2bf39015d2)
2026-10-07 19:55:08.810+00:00 | EthScheduler-Workers-0 | INFO  | PersistBlockTask | Block 209 (0xf218f45ab048e8059644896d537b06e7c44efdb90f3a5fc49c454ff8e6f78c96) is already imported
2026-10-07 19:55:08.811+00:00 | BftProcessorExecutor-QBFT-0 | INFO  | QbftBesuControllerBuilder | Produced #209 / 222 tx / 2285 pending / 53,717,340 (0.0%) gas / (0xf218f45ab048e8059644896d537b06e7c44efdb90f3a5fc49c454ff8e6f78c96)
2026-10-07 19:55:12.063+00:00 | EthScheduler-Workers-0 | INFO  | PersistBlockTask | Block 210 (0xf81a0b98da489095ed71a83d94579a0855a36c89703669670b7616b761f438bd) is already imported
2026-10-07 19:55:12.093+00:00 | BftProcessorExecutor-QBFT-0 | INFO  | QbftBesuControllerBuilder | Imported #210 / 223 tx / 2062 pending / 53,959,310 (0.0%) gas / (0xf81a0b98da489095ed71a83d94579a0855a36c89703669670b7616b761f438bd)
2026-10-07 19:55:14.877+00:00 | EthScheduler-Workers-0 | INFO  | PersistBlockTask | Block 211 (0xc7ce458307f15c44902ba7f6783bfe77a19cdedddec03af59d537f5f692d7e17) is already imported
2026-10-07 19:55:14.889+00:00 | BftProcessorExecutor-QBFT-0 | INFO  | QbftBesuControllerBuilder | Imported #211 / 202 tx / 1860 pending / 48,877,940 (0.0%) gas / (0xc7ce458307f15c44902ba7f6783bfe77a19cdedddec03af59d537f5f692d7e17)
2026-10-07 19:55:17.934+00:00 | EthScheduler-Workers-0 | INFO  | PersistBlockTask | Block 212 (0xc1731860621fd48ceb4982367a36c08433b4a036482bc9f0e539443fb53e6aab) is already imported
2026-10-07 19:55:17.937+00:00 | BftProcessorExecutor-QBFT-0 | INFO  | QbftBesuControllerBuilder | Imported #212 / 220 tx / 1640 pending / 53,233,400 (0.0%) gas / (0xc1731860621fd48ceb4982367a36c08433b4a036482bc9f0e539443fb53e6aab)
2026-10-07 19:55:20.783+00:00 | EthScheduler-Workers-0 | INFO  | PersistBlockTask | Block 213 (0xd21e93dfbd3325edbe8bffdebf6edef1f9dcba19077c2ad4842c301365edc9a8) is already imported
2026-10-07 19:55:20.785+00:00 | BftProcessorExecutor-QBFT-0 | INFO  | QbftBesuControllerBuilder | Imported #213 / 209 tx / 1431 pending / 50,571,730 (0.0%) gas / (0xd21e93dfbd3325edbe8bffdebf6edef1f9dcba19077c2ad4842c301365edc9a8)
2026-10-07 19:55:23.657+00:00 | EthScheduler-Workers-0 | INFO  | PersistBlockTask | Block 214 (0xb8429acbb6bade41c6227b7841955de242ac572bf40f9a752b27556b8c1dd2b4) is already imported
2026-10-07 19:55:23.658+00:00 | BftProcessorExecutor-QBFT-0 | INFO  | QbftBesuControllerBuilder | Imported #214 / 207 tx / 1224 pending / 50,087,790 (0.0%) gas / (0xb8429acbb6bade41c6227b7841955de242ac572bf40f9a752b27556b8c1dd2b4)
2026-10-07 19:55:26.484+00:00 | EthScheduler-Workers-0 | INFO  | PersistBlockTask | Block 215 (0x3fa2115b581e621b67eadfbe1d2148f3ecf2e3ade11a23fa07fe9b5f1de13400) is already imported
2026-10-07 19:55:26.486+00:00 | BftProcessorExecutor-QBFT-0 | INFO  | QbftBesuControllerBuilder | Imported #215 / 205 tx / 1019 pending / 49,603,850 (0.0%) gas / (0x3fa2115b581e621b67eadfbe1d2148f3ecf2e3ade11a23fa07fe9b5f1de13400)
2026-10-07 19:55:29.287+00:00 | EthScheduler-Workers-0 | INFO  | PersistBlockTask | Block 216 (0xd510941c13a6b83c12d96c2bb1cbe923bbfc3c4c0de05b2a85c315020aa57476) is already imported
2026-10-07 19:55:29.288+00:00 | BftProcessorExecutor-QBFT-0 | INFO  | QbftBesuControllerBuilder | Imported #216 / 204 tx / 815 pending / 49,361,880 (0.0%) gas / (0xd510941c13a6b83c12d96c2bb1cbe923bbfc3c4c0de05b2a85c315020aa57476)
2026-10-07 19:55:32.159+00:00 | EthScheduler-Workers-0 | INFO  | PersistBlockTask | Block 217 (0xe50b3e4a06f75a2cee7546a1bdb85aad0828005bece6255aab00dcc0822227f2) is already imported
2026-10-07 19:55:32.160+00:00 | BftProcessorExecutor-QBFT-0 | INFO  | QbftBesuControllerBuilder | Imported #217 / 206 tx / 609 pending / 49,845,820 (0.0%) gas / (0xe50b3e4a06f75a2cee7546a1bdb85aad0828005bece6255aab00dcc0822227f2)
2026-10-07 19:55:34.995+00:00 | EthScheduler-Workers-0 | INFO  | PersistBlockTask | Block 218 (0x03ea694030eb671f97c5414c233fc5c0ba8c69a62e1f7e31e33f641334019da3) is already imported
2026-10-07 19:55:34.997+00:00 | BftProcessorExecutor-QBFT-0 | INFO  | QbftBesuControllerBuilder | Imported #218 / 204 tx / 405 pending / 49,361,880 (0.0%) gas / (0x03ea694030eb671f97c5414c233fc5c0ba8c69a62e1f7e31e33f641334019da3)
2026-10-07 19:55:37.545+00:00 | EthScheduler-Workers-0 | INFO  | PersistBlockTask | Block 219 (0x97b77c2d4e20f40b9d5ad2119fc6a3805894347616db3a6da84aeb78e7b17823) is already imported
2026-10-07 19:55:37.554+00:00 | BftProcessorExecutor-QBFT-0 | INFO  | QbftBesuControllerBuilder | Imported #219 / 184 tx / 221 pending / 44,522,480 (0.0%) gas / (0x97b77c2d4e20f40b9d5ad2119fc6a3805894347616db3a6da84aeb78e7b17823)
2026-10-07 19:55:39.260+00:00 | EthScheduler-Workers-0 | INFO  | PersistBlockTask | Block 220 (0xc6be246c665040cdf7d99ca7c515c430aedd7ef76b361ac9a0bab5dc83492dab) is already imported
2026-10-07 19:55:39.262+00:00 | BftProcessorExecutor-QBFT-0 | INFO  | QbftBesuControllerBuilder | Imported #220 / 126 tx / 95 pending / 30,488,220 (0.0%) gas / (0xc6be246c665040cdf7d99ca7c515c430aedd7ef76b361ac9a0bab5dc83492dab)
2026-10-07 19:55:40.152+00:00 | EthScheduler-Workers-0 | INFO  | PersistBlockTask | Block 221 (0x3b13e7ad0d9e3ceacf681837abec4a4472fe8584d96d3d35cae760e142b0ba78) is already imported
2026-10-07 19:55:40.153+00:00 | BftProcessorExecutor-QBFT-0 | INFO  | QbftBesuControllerBuilder | Imported #221 / 67 tx / 28 pending / 16,211,990 (0.0%) gas / (0x3b13e7ad0d9e3ceacf681837abec4a4472fe8584d96d3d35cae760e142b0ba78)
2026-10-07 19:55:41.482+00:00 | EthScheduler-Workers-0 | INFO  | PersistBlockTask | Block 222 (0x75d8ff641b583388f5a64412db3afd1de7869c1882538f30097cea71099cf76f) is already imported
2026-10-07 19:55:41.482+00:00 | BftProcessorExecutor-QBFT-0 | INFO  | QbftBesuControllerBuilder | Imported #222 / 28 tx / 0 pending / 6,775,160 (0.0%) gas / (0x75d8ff641b583388f5a64412db3afd1de7869c1882538f30097cea71099cf76f)
2026-10-07 19:55:43.057+00:00 | BftProcessorExecutor-QBFT-0 | INFO  | QbftBesuControllerBuilder | Imported #223 / 0 tx / 0 pending / 0 (0.0%) gas / (0xe8b67beab859db2540ac4837d72cc88dcacd0193734fe6123bb19d21570880b1)
2026-10-07 19:55:45.094+00:00 | BftProcessorExecutor-QBFT-0 | INFO  | QbftBesuControllerBuilder | Produced #224 / 0 tx / 0 pending / 0 (0.0%) gas / (0xdffe7672e8491d7228ccedd0552486f34b6028acd8c857ae4050aad933b37056)
2026-10-07 19:55:45.094+00:00 | EthScheduler-Workers-0 | INFO  | PersistBlockTask | Block 224 (0xdffe7672e8491d7228ccedd0552486f34b6028acd8c857ae4050aad933b37056) is already imported
2026-10-07 19:55:47.068+00:00 | BftProcessorExecutor-QBFT-0 | INFO  | QbftBesuControllerBuilder | Imported #225 / 0 tx / 0 pending / 0 (0.0%) gas / (0x7c16d0709fb21b1b4ab3c76c35f1659d44d2c49d09db971fa0e2da66e4f076a1)
2026-10-07 19:55:49.075+00:00 | BftProcessorExecutor-QBFT-0 | INFO  | QbftBesuControllerBuilder | Imported #226 / 0 tx / 0 pending / 0 (0.0%) gas / (0x790c4f166535dbc66dab373167b227e153f220b7e862e153eb0ec9102f7e0271)
2026-10-07 19:55:51.068+00:00 | BftProcessorExecutor-QBFT-0 | INFO  | QbftBesuControllerBuilder | Imported #227 / 0 tx / 0 pending / 0 (0.0%) gas / (0xa0fb9050d1fe727ef21488b66c30dec5bdd1b7cff6072c4eca119c3688837154)
2026-10-07 19:55:53.069+00:00 | BftProcessorExecutor-QBFT-0 | INFO  | QbftBesuControllerBuilder | Imported #228 / 0 tx / 0 pending / 0 (0.0%) gas / (0x1b8387485247a078a599c562d05beba13e772950030f43421561242a0dd01523)
2026-10-07 19:55:55.067+00:00 | BftProcessorExecutor-QBFT-0 | INFO  | QbftBesuControllerBuilder | Imported #229 / 0 tx / 0 pending / 0 (0.0%) gas / (0xd04a3903236560ab6e1a0f661794b76f221a86bf7eacba27a092497e38b7df33)
2026-10-07 19:55:57.064+00:00 | BftProcessorExecutor-QBFT-0 | INFO  | QbftBesuControllerBuilder | Imported #230 / 0 tx / 0 pending / 0 (0.0%) gas / (0x797614ff36fd985f15aaa089824c73ced90418ac929932c550e80df8f2e6e5df)
2026-10-07 19:55:59.067+00:00 | BftProcessorExecutor-QBFT-0 | INFO  | QbftBesuControllerBuilder | Imported #231 / 0 tx / 0 pending / 0 (0.0%) gas / (0x313a1bce43d55482b9b0e5a9f1ec266aa3404291efea79fe4772f7df85507a85)
2026-10-07 19:56:01.074+00:00 | BftProcessorExecutor-QBFT-0 | INFO  | QbftBesuControllerBuilder | Imported #232 / 0 tx / 0 pending / 0 (0.0%) gas / (0x7f2ca478b4999e30d565989490457a90f8ce5a0fcac9bf9983c5558cfa06b8c3)
2026-10-07 19:56:03.070+00:00 | BftProcessorExecutor-QBFT-0 | INFO  | QbftBesuControllerBuilder | Imported #233 / 0 tx / 0 pending / 0 (0.0%) gas / (0x45be78e9f6cf9a841b998ab05876a9601d6aecaccbc230149dcb9403f454fcae)
2026-10-07 19:56:05.076+00:00 | BftProcessorExecutor-QBFT-0 | INFO  | QbftBesuControllerBuilder | Imported #234 / 0 tx / 0 pending / 0 (0.0%) gas / (0xd8bb4c030bd5e486c89e1688136021ea28d8c8dcfa64b0f02d9c9751fe59a45b)
2026-10-07 19:56:07.071+00:00 | BftProcessorExecutor-QBFT-0 | INFO  | QbftBesuControllerBuilder | Imported #235 / 0 tx / 0 pending / 0 (0.0%) gas / (0x05bf2c42eb8eda1eba1fca83ec56915c75b58fecff2148f9062577b01d571045)
2026-10-07 19:56:09.074+00:00 | BftProcessorExecutor-QBFT-0 | INFO  | QbftBesuControllerBuilder | Imported #236 / 0 tx / 0 pending / 0 (0.0%) gas / (0x9f336cdc3a2616d77574be5322b598bba07dc1f6c5ea27870519df4589340128)
2026-10-07 19:56:11.073+00:00 | BftProcessorExecutor-QBFT-0 | INFO  | QbftBesuControllerBuilder | Imported #237 / 0 tx / 0 pending / 0 (0.0%) gas / (0x3e4fc0430f4d9a43b3398c47e1d14b5e7ca9e4a7ef019807985a01175536fae8)
2026-10-07 19:56:13.065+00:00 | BftProcessorExecutor-QBFT-0 | INFO  | QbftBesuControllerBuilder | Imported #238 / 0 tx / 0 pending / 0 (0.0%) gas / (0x606e425df4522e57fa10942756455b5f19fca308a63463d378f96ef71f580fa3)
2026-10-07 19:56:15.086+00:00 | BftProcessorExecutor-QBFT-0 | INFO  | QbftBesuControllerBuilder | Produced #239 / 0 tx / 0 pending / 0 (0.0%) gas / (0xe639eab3120ad2b07b893f9143d2bfd28290d48afb68d5005dc62a22c0aa23a5)
2026-10-07 19:56:17.083+00:00 | BftProcessorExecutor-QBFT-0 | INFO  | QbftBesuControllerBuilder | Imported #240 / 0 tx / 0 pending / 0 (0.0%) gas / (0x9718e9f26ecbe1033bec4f32bdc90d3ad6bcfc85cb7d03fbde40f3a835079170)
2026-10-07 19:56:19.072+00:00 | BftProcessorExecutor-QBFT-0 | INFO  | QbftBesuControllerBuilder | Imported #241 / 0 tx / 0 pending / 0 (0.0%) gas / (0xa64ea59e63083cb3db713e25ee621221e214202455e88ed0ddabba1b98b8232b)
2026-10-07 19:56:21.062+00:00 | BftProcessorExecutor-QBFT-0 | INFO  | QbftBesuControllerBuilder | Imported #242 / 0 tx / 0 pending / 0 (0.0%) gas / (0x0ec28909dcdfe84e69e7377b4efd4635b085fb26e4b06a3b573f1c9f4988314f)
2026-10-07 19:56:23.057+00:00 | BftProcessorExecutor-QBFT-0 | INFO  | QbftBesuControllerBuilder | Imported #243 / 0 tx / 0 pending / 0 (0.0%) gas / (0x1eee612dbcd701fe8ecfb739ea90cc5f5a5096bf9748bb782136440d121c23ac)
2026-10-07 19:56:25.069+00:00 | BftProcessorExecutor-QBFT-0 | INFO  | QbftBesuControllerBuilder | Imported #244 / 0 tx / 0 pending / 0 (0.0%) gas / (0x404a3f54b987e5799154f51a91d22f77cbdb261eb0700323dc7b7dc5dec4f6b9)
2026-10-07 19:56:27.082+00:00 | BftProcessorExecutor-QBFT-0 | INFO  | QbftBesuControllerBuilder | Imported #245 / 0 tx / 0 pending / 0 (0.0%) gas / (0x6d4ecb0599ab8c28abb606de93b79d9107650ac8c9872615b64fdff120b0e0de)
2026-10-07 19:56:27.083+00:00 | EthScheduler-Workers-0 | INFO  | PersistBlockTask | Block 245 (0x6d4ecb0599ab8c28abb606de93b79d9107650ac8c9872615b64fdff120b0e0de) is already imported
2026-10-07 19:56:29.059+00:00 | BftProcessorExecutor-QBFT-0 | INFO  | QbftBesuControllerBuilder | Imported #246 / 0 tx / 0 pending / 0 (0.0%) gas / (0xf0968c605fcc52c157fabd538cfd6a2523d81c499e972973b799e2c731a12c53)
2026-10-07 19:56:31.066+00:00 | BftProcessorExecutor-QBFT-0 | INFO  | QbftBesuControllerBuilder | Imported #247 / 0 tx / 0 pending / 0 (0.0%) gas / (0xa7deeac5006f125f8105d59919a394065bdd3d7674c99d6a69d8582c20d59554)
2026-10-07 19:56:33.076+00:00 | BftProcessorExecutor-QBFT-0 | INFO  | QbftBesuControllerBuilder | Imported #248 / 0 tx / 0 pending / 0 (0.0%) gas / (0x4a809fc766e55fd9030e0cf61f72b658eb9a03827d1384a27576df9538ba5af5)
2026-10-07 19:56:35.063+00:00 | BftProcessorExecutor-QBFT-0 | INFO  | QbftBesuControllerBuilder | Imported #249 / 0 tx / 0 pending / 0 (0.0%) gas / (0x6b8faa00c36ba7e2edb9c648b6f5f1955dde1fb6f18590e468c5cbcc2af3623a)
2026-10-07 19:56:37.057+00:00 | BftProcessorExecutor-QBFT-0 | INFO  | QbftBesuControllerBuilder | Imported #250 / 0 tx / 0 pending / 0 (0.0%) gas / (0x457a8f713e6493f55d9c289fb1776c315599a2446d4fe5057b42c7a0fba9771a)
2026-10-07 19:56:39.060+00:00 | BftProcessorExecutor-QBFT-0 | INFO  | QbftBesuControllerBuilder | Imported #251 / 0 tx / 0 pending / 0 (0.0%) gas / (0xd21306de87c0e1eafecfeffb40f90d4172c867a5a07559d627693a84021d8820)
2026-10-07 19:56:41.059+00:00 | BftProcessorExecutor-QBFT-0 | INFO  | QbftBesuControllerBuilder | Imported #252 / 0 tx / 0 pending / 0 (0.0%) gas / (0xc02e1a3990823c17bbfc2757d600fb604d2be304fb1dd080167b462e73e9a59b)
2026-10-07 19:56:43.077+00:00 | EthScheduler-Workers-0 | INFO  | PersistBlockTask | Block 253 (0x1f73400ab7c84849c5febd12daaa18f3b7ac0b34d9b9d159d09bc8893f2d9ec3) is already imported
2026-10-07 19:56:43.077+00:00 | BftProcessorExecutor-QBFT-0 | INFO  | QbftBesuControllerBuilder | Imported #253 / 0 tx / 0 pending / 0 (0.0%) gas / (0x1f73400ab7c84849c5febd12daaa18f3b7ac0b34d9b9d159d09bc8893f2d9ec3)
2026-10-07 19:56:45.091+00:00 | BftProcessorExecutor-QBFT-0 | INFO  | QbftBesuControllerBuilder | Produced #254 / 0 tx / 0 pending / 0 (0.0%) gas / (0xdf2100fbb2b4e7c2fc4b29326ed1570deaa74639f9be6f46b0fa48c51b9535e1)
2026-10-07 19:56:45.092+00:00 | EthScheduler-Workers-0 | INFO  | PersistBlockTask | Block 254 (0xdf2100fbb2b4e7c2fc4b29326ed1570deaa74639f9be6f46b0fa48c51b9535e1) is already imported
2026-10-07 19:56:47.074+00:00 | EthScheduler-Workers-0 | INFO  | PersistBlockTask | Block 255 (0x452563dda08109b50ab279de8ab9fa5173db73c1e7d54c22acd785ec4b66942f) is already imported
2026-10-07 19:56:47.075+00:00 | BftProcessorExecutor-QBFT-0 | INFO  | QbftBesuControllerBuilder | Imported #255 / 0 tx / 0 pending / 0 (0.0%) gas / (0x452563dda08109b50ab279de8ab9fa5173db73c1e7d54c22acd785ec4b66942f)
2026-10-07 19:56:49.063+00:00 | BftProcessorExecutor-QBFT-0 | INFO  | QbftBesuControllerBuilder | Imported #256 / 0 tx / 0 pending / 0 (0.0%) gas / (0x79c7269b0284e2ca0265766a73fb01814e06405b6fb44a0017c9e2b339ce56e6)
2026-10-07 19:56:51.075+00:00 | BftProcessorExecutor-QBFT-0 | INFO  | QbftBesuControllerBuilder | Imported #257 / 0 tx / 0 pending / 0 (0.0%) gas / (0xa159d861f03d25b06ea0f11daffc8569c9677a85b225b1401bd6ca1ceca1e1c5)
2026-10-07 19:56:53.072+00:00 | BftProcessorExecutor-QBFT-0 | INFO  | QbftBesuControllerBuilder | Imported #258 / 0 tx / 0 pending / 0 (0.0%) gas / (0x1da86bb48f40e9036ce4568ffb6971dfe410bee2352d1a015a9a10e050f630ae)
2026-10-07 19:56:55.081+00:00 | BftProcessorExecutor-QBFT-0 | INFO  | QbftBesuControllerBuilder | Imported #259 / 0 tx / 0 pending / 0 (0.0%) gas / (0x3c0fb6ba889acb80d288a5acb3608e342a2096b143ccb53081faa8ce666f373c)
2026-10-07 19:56:55.084+00:00 | EthScheduler-Workers-0 | INFO  | PersistBlockTask | Block 259 (0x3c0fb6ba889acb80d288a5acb3608e342a2096b143ccb53081faa8ce666f373c) is already imported
2026-10-07 19:56:57.083+00:00 | BftProcessorExecutor-QBFT-0 | INFO  | QbftBesuControllerBuilder | Imported #260 / 0 tx / 0 pending / 0 (0.0%) gas / (0x536c735810b6d29aa8cda42099b20a09e3b1c798dddd0bfb6d0de7db790981c8)
2026-10-07 19:56:59.082+00:00 | BftProcessorExecutor-QBFT-0 | INFO  | QbftBesuControllerBuilder | Imported #261 / 0 tx / 0 pending / 0 (0.0%) gas / (0x63c77a34def2de999616876ff45dc3b14f6c8c062afbf85835fa711504fb0d28)
2026-10-07 19:56:59.082+00:00 | EthScheduler-Workers-0 | INFO  | PersistBlockTask | Block 261 (0x63c77a34def2de999616876ff45dc3b14f6c8c062afbf85835fa711504fb0d28) is already imported
2026-10-07 19:57:01.075+00:00 | BftProcessorExecutor-QBFT-0 | INFO  | QbftBesuControllerBuilder | Imported #262 / 0 tx / 0 pending / 0 (0.0%) gas / (0x64f9726cea2e9306454eeff7462cd9eafd5612af8fbbda660b846e550f2388ef)
2026-10-07 19:57:03.084+00:00 | BftProcessorExecutor-QBFT-0 | INFO  | QbftBesuControllerBuilder | Imported #263 / 0 tx / 0 pending / 0 (0.0%) gas / (0x5d901932860e73f6e2a6b044cf7c88d66c70e4233cfe7d61564d45259be718a2)
2026-10-07 19:57:03.086+00:00 | EthScheduler-Workers-0 | INFO  | PersistBlockTask | Block 263 (0x5d901932860e73f6e2a6b044cf7c88d66c70e4233cfe7d61564d45259be718a2) is already imported
2026-10-07 19:57:05.095+00:00 | BftProcessorExecutor-QBFT-0 | INFO  | QbftBesuControllerBuilder | Imported #264 / 0 tx / 0 pending / 0 (0.0%) gas / (0x933ae6dde871a5cd63ce00c32cffeb1fbba61cf94308d886271ef6ab4a4d7ba6)
2026-10-07 19:57:07.077+00:00 | BftProcessorExecutor-QBFT-0 | INFO  | QbftBesuControllerBuilder | Imported #265 / 0 tx / 0 pending / 0 (0.0%) gas / (0xe7aac34b0ac73370a37a01b91620ff7bac1a712923156bd20222349e2c085800)
2026-10-07 19:57:09.077+00:00 | BftProcessorExecutor-QBFT-0 | INFO  | QbftBesuControllerBuilder | Imported #266 / 0 tx / 0 pending / 0 (0.0%) gas / (0x52b6ee73bc3c126da84ccc8a8dc96d67c2ae41a4a6e0d34b04cbd4eef350ee33)
2026-10-07 19:57:11.076+00:00 | EthScheduler-Workers-0 | INFO  | PersistBlockTask | Block 267 (0xea87e7e4f36ab4e9e385f937186aa4183d31c8e46eafa53df95dc34902ae9848) is already imported
2026-10-07 19:57:11.077+00:00 | BftProcessorExecutor-QBFT-0 | INFO  | QbftBesuControllerBuilder | Imported #267 / 0 tx / 0 pending / 0 (0.0%) gas / (0xea87e7e4f36ab4e9e385f937186aa4183d31c8e46eafa53df95dc34902ae9848)
2026-10-07 19:57:13.080+00:00 | BftProcessorExecutor-QBFT-0 | INFO  | QbftBesuControllerBuilder | Imported #268 / 0 tx / 0 pending / 0 (0.0%) gas / (0x4d145a458d7dc42a6774ce156bdc906bbf5e862deb4038152349e063d92aa557)
2026-10-07 19:57:13.081+00:00 | EthScheduler-Workers-0 | INFO  | PersistBlockTask | Block 268 (0x4d145a458d7dc42a6774ce156bdc906bbf5e862deb4038152349e063d92aa557) is already imported
2026-10-07 19:57:15.066+00:00 | BftProcessorExecutor-QBFT-0 | INFO  | QbftBesuControllerBuilder | Produced #269 / 0 tx / 0 pending / 0 (0.0%) gas / (0xe3c9aa4109ae23d5007a978782c406ebccbbf8a8e1904beec783c32164bf24f2)
2026-10-07 19:57:17.070+00:00 | BftProcessorExecutor-QBFT-0 | INFO  | QbftBesuControllerBuilder | Imported #270 / 0 tx / 0 pending / 0 (0.0%) gas / (0xb71c9e5902507d115f1b5ea90bcc6aaf8ebb3067214e9e4704683a409a2f0dd5)
2026-10-07 19:57:19.073+00:00 | EthScheduler-Workers-0 | INFO  | PersistBlockTask | Block 271 (0xaf7c4d52bcc4b453d054cf87bd12edc98409edf5fee115b395aadfba78dd8bf3) is already imported
2026-10-07 19:57:19.073+00:00 | BftProcessorExecutor-QBFT-0 | INFO  | QbftBesuControllerBuilder | Imported #271 / 0 tx / 0 pending / 0 (0.0%) gas / (0xaf7c4d52bcc4b453d054cf87bd12edc98409edf5fee115b395aadfba78dd8bf3)
2026-10-07 19:57:21.089+00:00 | EthScheduler-Workers-0 | INFO  | PersistBlockTask | Imported #272 / 0 tx / 0 om / 0 (0.0%) gas / (0xc56ee9847919d756ad09f6653ddd3e7956dcf08c749bf42b0f5c4096cac84290) in 0.003s. Peers: 14
2026-10-07 19:57:23.086+00:00 | BftProcessorExecutor-QBFT-0 | INFO  | QbftBesuControllerBuilder | Imported #273 / 0 tx / 0 pending / 0 (0.0%) gas / (0xfd587c34f8b594a95d18574a58af84ee218c7225febeeeae3cd800a5cbb5c2f4)
2026-10-07 19:57:23.086+00:00 | EthScheduler-Workers-0 | INFO  | PersistBlockTask | Block 273 (0xfd587c34f8b594a95d18574a58af84ee218c7225febeeeae3cd800a5cbb5c2f4) is already imported
2026-10-07 19:57:25.076+00:00 | BftProcessorExecutor-QBFT-0 | INFO  | QbftBesuControllerBuilder | Imported #274 / 0 tx / 0 pending / 0 (0.0%) gas / (0xf3b79d683051768977b3f5dc8d97dff3f0bbdb9a2a8e37ee47cb012a3072a1ac)
2026-10-07 19:57:25.078+00:00 | EthScheduler-Workers-0 | INFO  | PersistBlockTask | Block 274 (0xf3b79d683051768977b3f5dc8d97dff3f0bbdb9a2a8e37ee47cb012a3072a1ac) is already imported
2026-10-07 19:57:27.067+00:00 | BftProcessorExecutor-QBFT-0 | INFO  | QbftBesuControllerBuilder | Imported #275 / 0 tx / 0 pending / 0 (0.0%) gas / (0x7c5ef770871d26d9aa2a881bac6179ed78aebf77333e69ca2b554eb203f50049)
2026-10-07 19:57:29.064+00:00 | BftProcessorExecutor-QBFT-0 | INFO  | QbftBesuControllerBuilder | Imported #276 / 0 tx / 0 pending / 0 (0.0%) gas / (0x77c49bb936d1f3317f4202ac4100f74c9e7ae2096e7c7a052dcd2ee3df30eb72)
2026-10-07 19:57:31.076+00:00 | BftProcessorExecutor-QBFT-0 | INFO  | QbftBesuControllerBuilder | Imported #277 / 0 tx / 0 pending / 0 (0.0%) gas / (0xbb202271b663c1cb336b3cb1202f4799ef602a0524ecdf281f4f51a0cb5791a9)
2026-10-07 19:57:33.069+00:00 | BftProcessorExecutor-QBFT-0 | INFO  | QbftBesuControllerBuilder | Imported #278 / 0 tx / 0 pending / 0 (0.0%) gas / (0x2d5c8d658ead9d7d15e5b0a9992563fad3c09313164718fc0ec8f71d94710001)
2026-10-07 19:57:35.072+00:00 | EthScheduler-Workers-0 | INFO  | PersistBlockTask | Block 279 (0x391b98c7d52289520fa30a40cab9ccae37a9d4336b0e4ed5d5e06bfbac210f2a) is already imported
2026-10-07 19:57:35.072+00:00 | BftProcessorExecutor-QBFT-0 | INFO  | QbftBesuControllerBuilder | Imported #279 / 0 tx / 0 pending / 0 (0.0%) gas / (0x391b98c7d52289520fa30a40cab9ccae37a9d4336b0e4ed5d5e06bfbac210f2a)
2026-10-07 19:57:37.080+00:00 | EthScheduler-Workers-0 | INFO  | PersistBlockTask | Block 280 (0x504fde3b6b10501f3c1f4502dda4699bcc8cc8ae59fdc20577f58cc379e56be5) is already imported
2026-10-07 19:57:37.080+00:00 | BftProcessorExecutor-QBFT-0 | INFO  | QbftBesuControllerBuilder | Imported #280 / 0 tx / 0 pending / 0 (0.0%) gas / (0x504fde3b6b10501f3c1f4502dda4699bcc8cc8ae59fdc20577f58cc379e56be5)
2026-10-07 19:57:39.080+00:00 | BftProcessorExecutor-QBFT-0 | INFO  | QbftBesuControllerBuilder | Imported #281 / 0 tx / 0 pending / 0 (0.0%) gas / (0xc6fbbd6351270889f10b59e7de6c1ec9b5be5dc419e3da33007f303fd0b40530)
2026-10-07 19:57:39.082+00:00 | EthScheduler-Workers-0 | INFO  | PersistBlockTask | Block 281 (0xc6fbbd6351270889f10b59e7de6c1ec9b5be5dc419e3da33007f303fd0b40530) is already imported
2026-10-07 19:57:41.084+00:00 | EthScheduler-Workers-0 | INFO  | PersistBlockTask | Block 282 (0x8ae4fbf7e82304529f699ba5eeeea81df0082f642a3ea9ab3b59fdbc657d8438) is already imported
2026-10-07 19:57:41.084+00:00 | BftProcessorExecutor-QBFT-0 | INFO  | QbftBesuControllerBuilder | Imported #282 / 0 tx / 0 pending / 0 (0.0%) gas / (0x8ae4fbf7e82304529f699ba5eeeea81df0082f642a3ea9ab3b59fdbc657d8438)
2026-10-07 19:57:43.061+00:00 | BftProcessorExecutor-QBFT-0 | INFO  | QbftBesuControllerBuilder | Imported #283 / 0 tx / 0 pending / 0 (0.0%) gas / (0xcafd78deb65d4081b098da38f8fdc1357d296ac7f2a533bc97c265bf3cc19a1e)
2026-10-07 19:57:45.233+00:00 | BftProcessorExecutor-QBFT-0 | INFO  | QbftBesuControllerBuilder | Produced #284 / 41 tx / 629 pending / 6,298,914 (0.0%) gas / (0x305985179856d4efeb69aa5ed044521abc238b9d26b0afd3a81501d1edd06ba5)
2026-10-07 19:57:47.359+00:00 | BftProcessorExecutor-QBFT-0 | INFO  | QbftBesuControllerBuilder | Imported #285 / 69 tx / 914 pending / 10,600,770 (0.0%) gas / (0xc3eef481d7bac470487abef23d2fd0dad1b96435aa59b92515110a66c2aca2d9)
2026-10-07 19:57:49.444+00:00 | BftProcessorExecutor-QBFT-0 | INFO  | QbftBesuControllerBuilder | Imported #286 / 69 tx / 845 pending / 10,600,822 (0.0%) gas / (0xaba30782c80c5ad791a9b94d9d7bea84ca2f72bf46826f4aa0e13e8d9105bf79)
2026-10-07 19:57:51.370+00:00 | EthScheduler-Workers-0 | INFO  | PersistBlockTask | Block 287 (0x732546f21d7e346f9654d011db523da52ecfb0fb65a35fb030e141ff8ead0af6) is already imported
2026-10-07 19:57:51.371+00:00 | BftProcessorExecutor-QBFT-0 | INFO  | QbftBesuControllerBuilder | Imported #287 / 69 tx / 776 pending / 10,600,894 (0.0%) gas / (0x732546f21d7e346f9654d011db523da52ecfb0fb65a35fb030e141ff8ead0af6)
2026-10-07 19:57:53.480+00:00 | BftProcessorExecutor-QBFT-0 | INFO  | QbftBesuControllerBuilder | Imported #288 / 69 tx / 707 pending / 10,600,734 (0.0%) gas / (0x765d64f5c70712077b2ba76e976f585cfbf4b4a98cef798fd4d90df6aaedbe59)
2026-10-07 19:57:55.387+00:00 | BftProcessorExecutor-QBFT-0 | INFO  | QbftBesuControllerBuilder | Imported #289 / 68 tx / 639 pending / 10,447,268 (0.0%) gas / (0x82a94bd92f30c468060aecd480fff3e8b4652292d3b3b978a2515ef6f77f9a8a)
2026-10-07 19:57:57.345+00:00 | BftProcessorExecutor-QBFT-0 | INFO  | QbftBesuControllerBuilder | Imported #290 / 68 tx / 571 pending / 10,447,156 (0.0%) gas / (0xd0effd2e9c12ad34619bcadf866d98c6fcf14648bcd47a484260b08d193d187a)
2026-10-07 19:57:59.380+00:00 | BftProcessorExecutor-QBFT-0 | INFO  | QbftBesuControllerBuilder | Imported #291 / 68 tx / 503 pending / 10,447,132 (0.0%) gas / (0x39decc0ecc71d407ff6b351e71815d4649a0b4f11a918e9b27a431470664fa42)
2026-10-07 19:58:01.492+00:00 | BftProcessorExecutor-QBFT-0 | INFO  | QbftBesuControllerBuilder | Imported #292 / 68 tx / 435 pending / 10,447,180 (0.0%) gas / (0x8e69a02f4e576a9ab1faf3a13395f6a3001209b7d533d9e30335ff7867b0cf1b)
2026-10-07 19:58:03.388+00:00 | BftProcessorExecutor-QBFT-0 | INFO  | QbftBesuControllerBuilder | Imported #293 / 68 tx / 367 pending / 10,447,136 (0.0%) gas / (0xcb1bc9ac9c810ad482934aff3091c5c76faafac2b60a81e5f27fda877b65d68a)
2026-10-07 19:58:05.485+00:00 | BftProcessorExecutor-QBFT-0 | INFO  | QbftBesuControllerBuilder | Imported #294 / 68 tx / 299 pending / 10,447,200 (0.0%) gas / (0x15d33b7892df5c3bb0f58db55c7768920d06c66703d2c2da76cf17dbd1e2ba57)
2026-10-07 19:58:07.497+00:00 | BftProcessorExecutor-QBFT-0 | INFO  | QbftBesuControllerBuilder | Imported #295 / 68 tx / 231 pending / 10,447,144 (0.0%) gas / (0x8e0411a67862365ea44b44e53f9ea5f4faa9acea071b1eb80babb82af827ec80)
2026-10-07 19:58:09.352+00:00 | BftProcessorExecutor-QBFT-0 | INFO  | QbftBesuControllerBuilder | Imported #296 / 68 tx / 163 pending / 10,447,188 (0.0%) gas / (0x49f90fd5537627555f395ea3f4ee98b634611f7aee97dc6293b3b6e8268ee8cd)
2026-10-07 19:58:11.414+00:00 | BftProcessorExecutor-QBFT-0 | INFO  | QbftBesuControllerBuilder | Imported #297 / 68 tx / 95 pending / 10,447,104 (0.0%) gas / (0x68b9090df95cc67e6abc92094a8e6a2133dafc232c3d12705a35138ec450ee5a)
2026-10-07 19:58:13.353+00:00 | BftProcessorExecutor-QBFT-0 | INFO  | QbftBesuControllerBuilder | Imported #298 / 68 tx / 27 pending / 10,447,192 (0.0%) gas / (0x80417efffd5a6f6db3276078e634a303b039b665b9e052ab377ca4ee8946c414)
2026-10-07 19:58:15.212+00:00 | BftProcessorExecutor-QBFT-0 | INFO  | QbftBesuControllerBuilder | Produced #299 / 27 tx / 0 pending / 4,148,062 (0.0%) gas / (0xd16354199022c111032f802c0f132f83438392b0c59b854bb77eab3d41f49ff4)
2026-10-07 19:58:15.212+00:00 | EthScheduler-Workers-0 | INFO  | PersistBlockTask | Block 299 (0xd16354199022c111032f802c0f132f83438392b0c59b854bb77eab3d41f49ff4) is already imported
2026-10-07 19:58:17.062+00:00 | BftProcessorExecutor-QBFT-0 | INFO  | QbftBesuControllerBuilder | Imported #300 / 0 tx / 0 pending / 0 (0.0%) gas / (0x1a924c76a8a16bac6116773f3c540aefe89012e68c9b1dc5e6ada953f852b164)
2026-10-07 19:58:19.084+00:00 | EthScheduler-Workers-0 | INFO  | PersistBlockTask | Block 301 (0x77932ddcf9a671de230f10c8c65887622f1da10ecd62ca2194061440cb454775) is already imported
2026-10-07 19:58:19.084+00:00 | BftProcessorExecutor-QBFT-0 | INFO  | QbftBesuControllerBuilder | Imported #301 / 0 tx / 0 pending / 0 (0.0%) gas / (0x77932ddcf9a671de230f10c8c65887622f1da10ecd62ca2194061440cb454775)
2026-10-07 19:58:21.066+00:00 | BftProcessorExecutor-QBFT-0 | INFO  | QbftBesuControllerBuilder | Imported #302 / 0 tx / 0 pending / 0 (0.0%) gas / (0x66d7cf2afbcc595d7312547422e7cd31745f2b25d655ed15916c77bd0e2484ef)
2026-10-07 19:58:23.071+00:00 | BftProcessorExecutor-QBFT-0 | INFO  | QbftBesuControllerBuilder | Imported #303 / 0 tx / 0 pending / 0 (0.0%) gas / (0xbf14a43562c75987e14fd15ee5579367550ae071a97fcde0ef689e4ef2c8117d)
2026-10-07 19:58:25.072+00:00 | BftProcessorExecutor-QBFT-0 | INFO  | QbftBesuControllerBuilder | Imported #304 / 0 tx / 0 pending / 0 (0.0%) gas / (0xf01410e5ecef47c8bc21161d46b95164ff7bedd60d647ebeb37269cb94b708ab)
2026-10-07 19:58:25.073+00:00 | EthScheduler-Workers-0 | INFO  | PersistBlockTask | Block 304 (0xf01410e5ecef47c8bc21161d46b95164ff7bedd60d647ebeb37269cb94b708ab) is already imported
2026-10-07 19:58:27.079+00:00 | EthScheduler-Workers-0 | INFO  | PersistBlockTask | Block 305 (0x89953e5dddb3be1f9395567a5b44bd67f20edd2810f330b006ce30aeb4be6806) is already imported
2026-10-07 19:58:27.081+00:00 | BftProcessorExecutor-QBFT-0 | INFO  | QbftBesuControllerBuilder | Imported #305 / 0 tx / 0 pending / 0 (0.0%) gas / (0x89953e5dddb3be1f9395567a5b44bd67f20edd2810f330b006ce30aeb4be6806)
2026-10-07 19:58:29.083+00:00 | EthScheduler-Workers-0 | INFO  | PersistBlockTask | Block 306 (0x42ce9a654dae21137cfbced05ca5eae632aa000886c9c9ba8558d6f3850023f9) is already imported
2026-10-07 19:58:29.083+00:00 | BftProcessorExecutor-QBFT-0 | INFO  | QbftBesuControllerBuilder | Imported #306 / 0 tx / 0 pending / 0 (0.0%) gas / (0x42ce9a654dae21137cfbced05ca5eae632aa000886c9c9ba8558d6f3850023f9)
2026-10-07 19:58:31.070+00:00 | BftProcessorExecutor-QBFT-0 | INFO  | QbftBesuControllerBuilder | Imported #307 / 0 tx / 0 pending / 0 (0.0%) gas / (0x401e5d1c5076d9c8ccc7e86fbf4f74cac39cf32f3398a0a41a1e9fdf5ab8face)
2026-10-07 19:58:31.071+00:00 | EthScheduler-Workers-0 | INFO  | PersistBlockTask | Block 307 (0x401e5d1c5076d9c8ccc7e86fbf4f74cac39cf32f3398a0a41a1e9fdf5ab8face) is already imported
2026-10-07 19:58:33.064+00:00 | BftProcessorExecutor-QBFT-0 | INFO  | QbftBesuControllerBuilder | Imported #308 / 0 tx / 0 pending / 0 (0.0%) gas / (0x687065fc7c916d86d8261738701405c9a8a4f5bb51fd6822d563a591c086fc11)
2026-10-07 19:58:35.088+00:00 | BftProcessorExecutor-QBFT-0 | INFO  | QbftBesuControllerBuilder | Imported #309 / 0 tx / 0 pending / 0 (0.0%) gas / (0xa7b1a791da0451112bdf4fa7f35a2350924a8fbd81ce5bb2647d0c9c8bbb641a)
2026-10-07 19:58:37.059+00:00 | BftProcessorExecutor-QBFT-0 | INFO  | QbftBesuControllerBuilder | Imported #310 / 0 tx / 0 pending / 0 (0.0%) gas / (0x62967a06e09c6f3ab2f40e538fc0de7dc565ff5b808d76cea7a353facc127569)
2026-10-07 19:58:39.070+00:00 | BftProcessorExecutor-QBFT-0 | INFO  | QbftBesuControllerBuilder | Imported #311 / 0 tx / 0 pending / 0 (0.0%) gas / (0x44861c01ce44d69ce47e40cf3462c895373eae94f93ab8a0b81daad00df98142)
2026-10-07 19:58:41.082+00:00 | EthScheduler-Workers-0 | INFO  | PersistBlockTask | Block 312 (0xf45bde51ea4b60df963a971171c952302835014ed799d7df73033bd8318b2f1e) is already imported
2026-10-07 19:58:41.082+00:00 | BftProcessorExecutor-QBFT-0 | INFO  | QbftBesuControllerBuilder | Imported #312 / 0 tx / 0 pending / 0 (0.0%) gas / (0xf45bde51ea4b60df963a971171c952302835014ed799d7df73033bd8318b2f1e)
2026-10-07 19:58:43.074+00:00 | BftProcessorExecutor-QBFT-0 | INFO  | QbftBesuControllerBuilder | Imported #313 / 0 tx / 0 pending / 0 (0.0%) gas / (0x341fd5bcd11c13f7b1dbf268ee610d39661cd0b056062d4bd9968f64eb16c7c8)
2026-10-07 19:58:45.074+00:00 | EthScheduler-Workers-0 | INFO  | PersistBlockTask | Block 314 (0xc4b4480353021084d8dd045bfe40732b450a215ea836364954d54cb80e959f6e) is already imported
2026-10-07 19:58:45.073+00:00 | BftProcessorExecutor-QBFT-0 | INFO  | QbftBesuControllerBuilder | Produced #314 / 0 tx / 0 pending / 0 (0.0%) gas / (0xc4b4480353021084d8dd045bfe40732b450a215ea836364954d54cb80e959f6e)
2026-10-07 19:58:47.076+00:00 | EthScheduler-Workers-0 | INFO  | PersistBlockTask | Block 315 (0x1475725233262a982ea3727938b3344750be989e138caf428b1ef10afb3a3417) is already imported
2026-10-07 19:58:47.077+00:00 | BftProcessorExecutor-QBFT-0 | INFO  | QbftBesuControllerBuilder | Imported #315 / 0 tx / 0 pending / 0 (0.0%) gas / (0x1475725233262a982ea3727938b3344750be989e138caf428b1ef10afb3a3417)
2026-10-07 19:58:49.067+00:00 | BftProcessorExecutor-QBFT-0 | INFO  | QbftBesuControllerBuilder | Imported #316 / 0 tx / 0 pending / 0 (0.0%) gas / (0x155f92000768b543b9d1e70f1ef66210f2db4bd6b6d1dcd7eb65f7f64e335145)
2026-10-07 19:58:51.088+00:00 | EthScheduler-Workers-0 | INFO  | PersistBlockTask | Block 317 (0x1accbadb2f136f04b2b908deb82356fec0f5ddf69055ff6b270291f481e3d296) is already imported
2026-10-07 19:58:51.088+00:00 | BftProcessorExecutor-QBFT-0 | INFO  | QbftBesuControllerBuilder | Imported #317 / 0 tx / 0 pending / 0 (0.0%) gas / (0x1accbadb2f136f04b2b908deb82356fec0f5ddf69055ff6b270291f481e3d296)
2026-10-07 19:58:53.074+00:00 | BftProcessorExecutor-QBFT-0 | INFO  | QbftBesuControllerBuilder | Imported #318 / 0 tx / 0 pending / 0 (0.0%) gas / (0x8de3a6eebb4d61b9a42269d2442040e8bb9b49af52a0dd9330d6f1539176220f)
2026-10-07 19:58:55.089+00:00 | EthScheduler-Workers-0 | INFO  | PersistBlockTask | Block 319 (0x1e990ace17050286215e17545304ed846c7a75b415bb8ee53b485528ad7e2be3) is already imported
2026-10-07 19:58:55.089+00:00 | BftProcessorExecutor-QBFT-0 | INFO  | QbftBesuControllerBuilder | Imported #319 / 0 tx / 0 pending / 0 (0.0%) gas / (0x1e990ace17050286215e17545304ed846c7a75b415bb8ee53b485528ad7e2be3)
2026-10-07 19:58:57.081+00:00 | EthScheduler-Workers-0 | INFO  | PersistBlockTask | Block 320 (0x9f1dd5e4e1ae693524e4eb0a06e19ba66e1d13c7d447558761dc54634ad45eff) is already imported
2026-10-07 19:58:57.081+00:00 | BftProcessorExecutor-QBFT-0 | INFO  | QbftBesuControllerBuilder | Imported #320 / 0 tx / 0 pending / 0 (0.0%) gas / (0x9f1dd5e4e1ae693524e4eb0a06e19ba66e1d13c7d447558761dc54634ad45eff)
2026-10-07 19:58:59.081+00:00 | EthScheduler-Workers-0 | INFO  | PersistBlockTask | Block 321 (0xbbaeb183ea4a518a14ddac37544b6fe26c6d028540e074ec2d2e13945a7fb557) is already imported
2026-10-07 19:58:59.081+00:00 | BftProcessorExecutor-QBFT-0 | INFO  | QbftBesuControllerBuilder | Imported #321 / 0 tx / 0 pending / 0 (0.0%) gas / (0xbbaeb183ea4a518a14ddac37544b6fe26c6d028540e074ec2d2e13945a7fb557)
2026-10-07 19:59:01.547+00:00 | BftProcessorExecutor-QBFT-0 | INFO  | QbftBesuControllerBuilder | Imported #322 / 29 tx / 592 pending / 7,017,130 (0.0%) gas / (0x02d4e7255b90d1e3397fdc9df2b5eb12239cad6746296676f4c899619d425fbb)
2026-10-07 19:59:04.222+00:00 | EthScheduler-Workers-0 | INFO  | PersistBlockTask | Block 323 (0x0bfbc6cda0b9ab27cc480ae2eeabc030791b9ae7bba1c7878d97939c09a807a8) is already imported
2026-10-07 19:59:04.224+00:00 | BftProcessorExecutor-QBFT-0 | INFO  | QbftBesuControllerBuilder | Imported #323 / 76 tx / 1490 pending / 18,389,720 (0.0%) gas / (0x0bfbc6cda0b9ab27cc480ae2eeabc030791b9ae7bba1c7878d97939c09a807a8)
2026-10-07 19:59:06.997+00:00 | EthScheduler-Workers-0 | INFO  | PersistBlockTask | Block 324 (0x9abda8e3abebd91eae2f9807689f5bf1b82b3fba2690bd3dca03b3ce8a0caa62) is already imported
2026-10-07 19:59:06.999+00:00 | BftProcessorExecutor-QBFT-0 | INFO  | QbftBesuControllerBuilder | Imported #324 / 129 tx / 2416 pending / 31,214,130 (0.0%) gas / (0x9abda8e3abebd91eae2f9807689f5bf1b82b3fba2690bd3dca03b3ce8a0caa62)
2026-10-07 19:59:09.670+00:00 | EthScheduler-Workers-0 | INFO  | PersistBlockTask | Block 325 (0xea446fb944319f0d98ca017ac7e121c20e2305e0fb281729d8ee3b16a04b1349) is already imported
2026-10-07 19:59:09.673+00:00 | BftProcessorExecutor-QBFT-0 | INFO  | QbftBesuControllerBuilder | Imported #325 / 177 tx / 3211 pending / 42,828,690 (0.0%) gas / (0xea446fb944319f0d98ca017ac7e121c20e2305e0fb281729d8ee3b16a04b1349)
2026-10-07 19:59:13.088+00:00 | EthScheduler-Workers-0 | INFO  | PersistBlockTask | Block 326 (0x6b45f4ecb58d62fe1a2daed6c0dd2257df3f7fd648fca81d7c5ee484e109941c) is already imported
2026-10-07 19:59:13.092+00:00 | BftProcessorExecutor-QBFT-0 | INFO  | QbftBesuControllerBuilder | Imported #326 / 238 tx / 4242 pending / 57,588,860 (0.0%) gas / (0x6b45f4ecb58d62fe1a2daed6c0dd2257df3f7fd648fca81d7c5ee484e109941c)
2026-10-07 19:59:17.878+00:00 | EthScheduler-Workers-0 | INFO  | PersistBlockTask | Block 327 (0x151af49f3bea845a14d23dedd40b4a8ef022a5c8a93474eebdff3e145261d266) is already imported
2026-10-07 19:59:17.890+00:00 | BftProcessorExecutor-QBFT-0 | INFO  | QbftBesuControllerBuilder | Imported #327 / 323 tx / 5862 pending / 78,156,310 (0.0%) gas / (0x151af49f3bea845a14d23dedd40b4a8ef022a5c8a93474eebdff3e145261d266)
2026-10-07 19:59:22.570+00:00 | EthScheduler-Workers-0 | INFO  | PersistBlockTask | Block 328 (0x0e33c09a025cff459d72d3587bd9f070143b1188a9d99bd848eed16f84f98ea3) is already imported
2026-10-07 19:59:22.578+00:00 | BftProcessorExecutor-QBFT-0 | INFO  | QbftBesuControllerBuilder | Imported #328 / 345 tx / 6875 pending / 83,479,650 (0.0%) gas / (0x0e33c09a025cff459d72d3587bd9f070143b1188a9d99bd848eed16f84f98ea3)
2026-10-07 19:59:24.084+00:00 | BftProcessorExecutor-QBFT-0 | WARN  | BlockTransactionSelector | Interrupting the selection of transactions for block inclusion as it exceeds the maximum configured duration of 1500ms
java.util.concurrent.TimeoutException
	at java.base/java.util.concurrent.CompletableFuture.timedGet(CompletableFuture.java:1960)
	at java.base/java.util.concurrent.CompletableFuture.get(CompletableFuture.java:2095)
	at org.hyperledger.besu.ethereum.blockcreation.txselection.BlockTransactionSelector.timeLimitedSelection(BlockTransactionSelector.java:186)
	at org.hyperledger.besu.ethereum.blockcreation.txselection.BlockTransactionSelector.buildTransactionListForBlock(BlockTransactionSelector.java:169)
	at org.hyperledger.besu.ethereum.blockcreation.AbstractBlockCreator.selectTransactions(AbstractBlockCreator.java:376)
	at org.hyperledger.besu.ethereum.blockcreation.AbstractBlockCreator.createBlock(AbstractBlockCreator.java:218)
	at org.hyperledger.besu.ethereum.blockcreation.AbstractBlockCreator.createBlock(AbstractBlockCreator.java:146)
	at org.hyperledger.besu.consensus.common.bft.blockcreation.BftBlockCreator.createBlock(BftBlockCreator.java:92)
	at org.hyperledger.besu.consensus.qbft.statemachine.QbftRound.createAndSendProposalMessage(QbftRound.java:137)
	at org.hyperledger.besu.consensus.qbft.statemachine.QbftBlockHeightManager.handleBlockTimerExpiry(QbftBlockHeightManager.java:140)
	at org.hyperledger.besu.consensus.common.bft.statemachine.BaseBftController.handleBlockTimerExpiry(BaseBftController.java:167)
	at org.hyperledger.besu.consensus.common.bft.EventMultiplexer.handleBftEvent(EventMultiplexer.java:65)
	at java.base/java.util.Optional.ifPresent(Optional.java:178)
	at org.hyperledger.besu.consensus.common.bft.BftProcessor.run(BftProcessor.java:65)
	at java.base/java.util.concurrent.ThreadPoolExecutor.runWorker(ThreadPoolExecutor.java:1144)
	at java.base/java.util.concurrent.ThreadPoolExecutor$Worker.run(ThreadPoolExecutor.java:642)
	at java.base/java.lang.Thread.run(Thread.java:1583)
2026-10-07 19:59:27.046+00:00 | EthScheduler-Workers-0 | INFO  | PersistBlockTask | Block 329 (0x6e56a2b33877178d1b61ae9ddbcabac58eb572ed9df810e350c3e86f2d53bd18) is already imported
2026-10-07 19:59:27.049+00:00 | BftProcessorExecutor-QBFT-0 | INFO  | QbftBesuControllerBuilder | Produced #329 / 311 tx / 6564 pending / 75,252,670 (0.0%) gas / (0x6e56a2b33877178d1b61ae9ddbcabac58eb572ed9df810e350c3e86f2d53bd18)
2026-10-07 19:59:31.862+00:00 | EthScheduler-Workers-0 | INFO  | PersistBlockTask | Block 330 (0x5b7d3925d8a1889e0e676e3a993c3642eda57e4cb8a930cabb2df3ab8e507ec9) is already imported
2026-10-07 19:59:31.889+00:00 | BftProcessorExecutor-QBFT-0 | INFO  | QbftBesuControllerBuilder | Imported #330 / 329 tx / 6235 pending / 79,608,130 (0.0%) gas / (0x5b7d3925d8a1889e0e676e3a993c3642eda57e4cb8a930cabb2df3ab8e507ec9)
2026-10-07 19:59:36.541+00:00 | EthScheduler-Workers-0 | INFO  | PersistBlockTask | Block 331 (0x2be5e62cb27ec258b797622a9cee40559671828bbfe27706d96c9aad5a4717dc) is already imported
2026-10-07 19:59:36.562+00:00 | BftProcessorExecutor-QBFT-0 | INFO  | QbftBesuControllerBuilder | Imported #331 / 338 tx / 5897 pending / 81,785,860 (0.0%) gas / (0x2be5e62cb27ec258b797622a9cee40559671828bbfe27706d96c9aad5a4717dc)
2026-10-07 19:59:41.222+00:00 | EthScheduler-Workers-0 | INFO  | PersistBlockTask | Block 332 (0x635e85414639700982c162edfde443f204db729862755e7bd24ca0c55962c1b3) is already imported
2026-10-07 19:59:41.227+00:00 | BftProcessorExecutor-QBFT-0 | INFO  | QbftBesuControllerBuilder | Imported #332 / 342 tx / 5555 pending / 82,753,740 (0.0%) gas / (0x635e85414639700982c162edfde443f204db729862755e7bd24ca0c55962c1b3)
2026-10-07 19:59:45.619+00:00 | EthScheduler-Workers-0 | INFO  | PersistBlockTask | Block 333 (0x221345aeefe703db283f25eaded52080670c95d4e8ad7146f1a186e22bb95963) is already imported
2026-10-07 19:59:45.623+00:00 | BftProcessorExecutor-QBFT-0 | INFO  | QbftBesuControllerBuilder | Imported #333 / 308 tx / 5247 pending / 74,526,760 (0.0%) gas / (0x221345aeefe703db283f25eaded52080670c95d4e8ad7146f1a186e22bb95963)
2026-10-07 19:59:50.378+00:00 | EthScheduler-Workers-0 | INFO  | PersistBlockTask | Block 334 (0xac673d33e10a1bab8b5959096ccad72a513f62d32703a1bb75ae43a463a006e6) is already imported
2026-10-07 19:59:50.390+00:00 | BftProcessorExecutor-QBFT-0 | INFO  | QbftBesuControllerBuilder | Imported #334 / 342 tx / 4905 pending / 82,753,740 (0.0%) gas / (0xac673d33e10a1bab8b5959096ccad72a513f62d32703a1bb75ae43a463a006e6)
2026-10-07 19:59:55.017+00:00 | EthScheduler-Workers-0 | INFO  | PersistBlockTask | Block 335 (0xb46fa00674cdca37eeb6af7628752f3d10a848308c699822d31988e6b7efad61) is already imported
2026-10-07 19:59:55.025+00:00 | BftProcessorExecutor-QBFT-0 | INFO  | QbftBesuControllerBuilder | Imported #335 / 340 tx / 4565 pending / 82,269,800 (0.0%) gas / (0xb46fa00674cdca37eeb6af7628752f3d10a848308c699822d31988e6b7efad61)
2026-10-07 19:59:59.713+00:00 | EthScheduler-Workers-0 | INFO  | PersistBlockTask | Block 336 (0xca362c87e0ac2e7bfa6dff87eaa297b9e995a1b496680432e620fed791a55911) is already imported
2026-10-07 19:59:59.728+00:00 | BftProcessorExecutor-QBFT-0 | INFO  | QbftBesuControllerBuilder | Imported #336 / 336 tx / 4229 pending / 81,301,920 (0.0%) gas / (0xca362c87e0ac2e7bfa6dff87eaa297b9e995a1b496680432e620fed791a55911)
2026-10-07 20:00:04.491+00:00 | EthScheduler-Workers-0 | INFO  | PersistBlockTask | Block 337 (0x3713b30bfff49c9fe15f4aae6c26e765c276407f027498e051dad97e797abade) is already imported
2026-10-07 20:00:04.517+00:00 | BftProcessorExecutor-QBFT-0 | INFO  | QbftBesuControllerBuilder | Imported #337 / 342 tx / 3887 pending / 82,753,740 (0.0%) gas / (0x3713b30bfff49c9fe15f4aae6c26e765c276407f027498e051dad97e797abade)
2026-10-07 20:00:09.111+00:00 | EthScheduler-Workers-0 | INFO  | PersistBlockTask | Block 338 (0xbab4d136fed7ea310429f0efbea91282049232a00222914f729c2fffa623b4f9) is already imported
2026-10-07 20:00:09.135+00:00 | BftProcessorExecutor-QBFT-0 | INFO  | QbftBesuControllerBuilder | Imported #338 / 323 tx / 3564 pending / 78,156,310 (0.0%) gas / (0xbab4d136fed7ea310429f0efbea91282049232a00222914f729c2fffa623b4f9)
2026-10-07 20:00:13.837+00:00 | EthScheduler-Workers-0 | INFO  | PersistBlockTask | Block 339 (0x65447ef91837a5054573f7a55f18b5651964bc80b3324abbe9ab63d3b3b2d624) is already imported
2026-10-07 20:00:13.860+00:00 | BftProcessorExecutor-QBFT-0 | INFO  | QbftBesuControllerBuilder | Imported #339 / 322 tx / 3242 pending / 77,914,340 (0.0%) gas / (0x65447ef91837a5054573f7a55f18b5651964bc80b3324abbe9ab63d3b3b2d624)
2026-10-07 20:00:18.540+00:00 | EthScheduler-Workers-0 | INFO  | PersistBlockTask | Block 340 (0x025e64216e84eae2dd978786bf74afc125d0b51804dacabcfc9b4a2a7151c36a) is already imported
2026-10-07 20:00:18.561+00:00 | BftProcessorExecutor-QBFT-0 | INFO  | QbftBesuControllerBuilder | Imported #340 / 339 tx / 2903 pending / 82,027,830 (0.0%) gas / (0x025e64216e84eae2dd978786bf74afc125d0b51804dacabcfc9b4a2a7151c36a)
2026-10-07 20:00:22.829+00:00 | EthScheduler-Workers-0 | INFO  | PersistBlockTask | Block 341 (0x5d6051d77bd2be222f483f8ac69fed552bdbff5ac0a6ab9c52e5a4bdfa3ff265) is already imported
2026-10-07 20:00:22.832+00:00 | BftProcessorExecutor-QBFT-0 | INFO  | QbftBesuControllerBuilder | Imported #341 / 307 tx / 2596 pending / 74,284,790 (0.0%) gas / (0x5d6051d77bd2be222f483f8ac69fed552bdbff5ac0a6ab9c52e5a4bdfa3ff265)
2026-10-07 20:00:25.828+00:00 | EthScheduler-Workers-0 | INFO  | PersistBlockTask | Block 342 (0xda5245bd989b1a25ec01b5cced9b9e89efcc93a90fc477dba1b5de710b69d6de) is already imported
2026-10-07 20:00:25.830+00:00 | BftProcessorExecutor-QBFT-0 | INFO  | QbftBesuControllerBuilder | Imported #342 / 221 tx / 2375 pending / 53,475,370 (0.0%) gas / (0xda5245bd989b1a25ec01b5cced9b9e89efcc93a90fc477dba1b5de710b69d6de)
2026-10-07 20:00:28.599+00:00 | EthScheduler-Workers-0 | INFO  | PersistBlockTask | Block 343 (0x00764bafcb6031b2a19d7b850a1aa775f925f40f962994597a2a51cc8c59946d) is already imported
2026-10-07 20:00:28.601+00:00 | BftProcessorExecutor-QBFT-0 | INFO  | QbftBesuControllerBuilder | Imported #343 / 199 tx / 2176 pending / 48,152,030 (0.0%) gas / (0x00764bafcb6031b2a19d7b850a1aa775f925f40f962994597a2a51cc8c59946d)
2026-10-07 20:00:31.919+00:00 | EthScheduler-Workers-0 | INFO  | PersistBlockTask | Block 344 (0xf9586838de228104ceaa535743681d251bfaaa217d1cb8c98998afb2e6ad1d5d) is already imported
2026-10-07 20:00:31.920+00:00 | BftProcessorExecutor-QBFT-0 | INFO  | QbftBesuControllerBuilder | Produced #344 / 233 tx / 1943 pending / 56,379,010 (0.0%) gas / (0xf9586838de228104ceaa535743681d251bfaaa217d1cb8c98998afb2e6ad1d5d)
2026-10-07 20:00:35.177+00:00 | EthScheduler-Workers-0 | INFO  | PersistBlockTask | Block 345 (0x94d199f25be19197b38034986b8b9e8397198891a929126525b3873fdb5e4741) is already imported
2026-10-07 20:00:35.189+00:00 | BftProcessorExecutor-QBFT-0 | INFO  | QbftBesuControllerBuilder | Imported #345 / 220 tx / 1723 pending / 53,233,400 (0.0%) gas / (0x94d199f25be19197b38034986b8b9e8397198891a929126525b3873fdb5e4741)
2026-10-07 20:00:38.031+00:00 | EthScheduler-Workers-0 | INFO  | PersistBlockTask | Block 346 (0x70838816dbe614fa8ba9e2265f33b83cdd9ed332870e85e3c20b511fa3acf09e) is already imported
2026-10-07 20:00:38.040+00:00 | BftProcessorExecutor-QBFT-0 | INFO  | QbftBesuControllerBuilder | Imported #346 / 211 tx / 1512 pending / 51,055,670 (0.0%) gas / (0x70838816dbe614fa8ba9e2265f33b83cdd9ed332870e85e3c20b511fa3acf09e)
2026-10-07 20:00:40.953+00:00 | EthScheduler-Workers-0 | INFO  | PersistBlockTask | Block 347 (0xf561c327745bbc4f317f03b932343c9fb95caf2611b45c7bc82c22aff1caf828) is already imported
2026-10-07 20:00:40.954+00:00 | BftProcessorExecutor-QBFT-0 | INFO  | QbftBesuControllerBuilder | Imported #347 / 207 tx / 1305 pending / 50,087,790 (0.0%) gas / (0xf561c327745bbc4f317f03b932343c9fb95caf2611b45c7bc82c22aff1caf828)
2026-10-07 20:00:44.146+00:00 | EthScheduler-Workers-0 | INFO  | PersistBlockTask | Block 348 (0x5e9796fd177bb8e4491131818ba372d2ee4f75efc802ee9ccc7e298a5d2a2256) is already imported
2026-10-07 20:00:44.150+00:00 | BftProcessorExecutor-QBFT-0 | INFO  | QbftBesuControllerBuilder | Imported #348 / 241 tx / 1064 pending / 58,314,770 (0.0%) gas / (0x5e9796fd177bb8e4491131818ba372d2ee4f75efc802ee9ccc7e298a5d2a2256)
2026-10-07 20:00:47.059+00:00 | BftProcessorExecutor-QBFT-0 | INFO  | QbftBesuControllerBuilder | Imported #349 / 207 tx / 857 pending / 50,087,790 (0.0%) gas / (0x81864abac7bf86392de1bb8132963f061d1799c1b93a3b3b88857e907606a28d)
2026-10-07 20:00:49.906+00:00 | EthScheduler-Workers-0 | INFO  | PersistBlockTask | Block 350 (0x56227506b577859aa0a99f2be7d8eaf546c271dd940278a2abcee98c1d4e2d6d) is already imported
2026-10-07 20:00:49.908+00:00 | BftProcessorExecutor-QBFT-0 | INFO  | QbftBesuControllerBuilder | Imported #350 / 205 tx / 652 pending / 49,603,850 (0.0%) gas / (0x56227506b577859aa0a99f2be7d8eaf546c271dd940278a2abcee98c1d4e2d6d)
2026-10-07 20:00:52.805+00:00 | EthScheduler-Workers-0 | INFO  | PersistBlockTask | Block 351 (0x9e456596fac1f4e6502392773addf87139b80bc0d37f6563e20fffdf7fb2760e) is already imported
2026-10-07 20:00:52.807+00:00 | BftProcessorExecutor-QBFT-0 | INFO  | QbftBesuControllerBuilder | Imported #351 / 209 tx / 443 pending / 50,571,730 (0.0%) gas / (0x9e456596fac1f4e6502392773addf87139b80bc0d37f6563e20fffdf7fb2760e)
2026-10-07 20:00:55.182+00:00 | BftProcessorExecutor-QBFT-0 | INFO  | QbftBesuControllerBuilder | Imported #352 / 174 tx / 269 pending / 42,102,780 (0.0%) gas / (0x73c1a3243048c13c873da520bead97ce9f0d559702ed2f7f023c1819fcccbdea)
2026-10-07 20:00:57.194+00:00 | BftProcessorExecutor-QBFT-0 | INFO  | QbftBesuControllerBuilder | Imported #353 / 146 tx / 123 pending / 35,327,620 (0.0%) gas / (0x3368b1e173f57167b9713f9e57daab622382e17e5c625a7bf9d6765e3b842b65)
2026-10-07 20:00:58.533+00:00 | BftProcessorExecutor-QBFT-0 | INFO  | QbftBesuControllerBuilder | Imported #354 / 94 tx / 29 pending / 22,745,180 (0.0%) gas / (0xd22d780370bb89c2585eee0d0a7c9411e59bf205dd0fd95d74a4f266bd3147c6)
2026-10-07 20:00:59.473+00:00 | BftProcessorExecutor-QBFT-0 | INFO  | QbftBesuControllerBuilder | Imported #355 / 29 tx / 0 pending / 7,017,130 (0.0%) gas / (0x602b48785b45aac5e50b855ae408719d43281cb6629cb3e3587b28a21270d22f)
2026-10-07 20:01:01.069+00:00 | BftProcessorExecutor-QBFT-0 | INFO  | QbftBesuControllerBuilder | Imported #356 / 0 tx / 0 pending / 0 (0.0%) gas / (0x0ea127a629ed6a7c599523489d5d37e1ff7a600d2cdf3eb6a88bc4885cfcc2c5)
2026-10-07 20:01:03.092+00:00 | EthScheduler-Workers-0 | INFO  | PersistBlockTask | Block 357 (0x79daf3e759a42b5af132e40c03ea90a6fcb98325e4688f2ef5f87f408b32953a) is already imported
2026-10-07 20:01:03.092+00:00 | BftProcessorExecutor-QBFT-0 | INFO  | QbftBesuControllerBuilder | Imported #357 / 0 tx / 0 pending / 0 (0.0%) gas / (0x79daf3e759a42b5af132e40c03ea90a6fcb98325e4688f2ef5f87f408b32953a)
2026-10-07 20:01:05.072+00:00 | BftProcessorExecutor-QBFT-0 | INFO  | QbftBesuControllerBuilder | Imported #358 / 0 tx / 0 pending / 0 (0.0%) gas / (0xc10f5f86f7e07ca21c21fce09890c39555b5f3e92f273857d4bf1e52cbbc85f9)
2026-10-07 20:01:07.075+00:00 | BftProcessorExecutor-QBFT-0 | INFO  | QbftBesuControllerBuilder | Produced #359 / 0 tx / 0 pending / 0 (0.0%) gas / (0x2b098440ce5ed4662811c421b10a53fc32a2ba452ed93d4ce8f0d931eb109f76)
2026-10-07 20:01:09.075+00:00 | EthScheduler-Workers-0 | INFO  | PersistBlockTask | Block 360 (0x7e535bcffef6946dd9de5f0c31d50168db06a8a22f43064593f33df9ea4a6a44) is already imported
2026-10-07 20:01:09.075+00:00 | BftProcessorExecutor-QBFT-0 | INFO  | QbftBesuControllerBuilder | Imported #360 / 0 tx / 0 pending / 0 (0.0%) gas / (0x7e535bcffef6946dd9de5f0c31d50168db06a8a22f43064593f33df9ea4a6a44)
2026-10-07 20:01:11.075+00:00 | EthScheduler-Workers-0 | INFO  | PersistBlockTask | Block 361 (0xbe248ad73ef0eefa17f7fa81244d26e4e1889b1649375b2d60ef42a65b27f8bb) is already imported
2026-10-07 20:01:11.075+00:00 | BftProcessorExecutor-QBFT-0 | INFO  | QbftBesuControllerBuilder | Imported #361 / 0 tx / 0 pending / 0 (0.0%) gas / (0xbe248ad73ef0eefa17f7fa81244d26e4e1889b1649375b2d60ef42a65b27f8bb)
2026-10-07 20:01:13.081+00:00 | EthScheduler-Workers-0 | INFO  | PersistBlockTask | Imported #362 / 0 tx / 0 om / 0 (0.0%) gas / (0x14014d74c9f98f7e3ca17ff583e1d8836c881c8f2e7a050ef75fa8ab5ef7686a) in 0.001s. Peers: 14
2026-10-07 20:01:13.082+00:00 | BftProcessorExecutor-QBFT-0 | INFO  | QbftBesuControllerBuilder | Imported #362 / 0 tx / 0 pending / 0 (0.0%) gas / (0x14014d74c9f98f7e3ca17ff583e1d8836c881c8f2e7a050ef75fa8ab5ef7686a)
2026-10-07 20:01:15.070+00:00 | BftProcessorExecutor-QBFT-0 | INFO  | QbftBesuControllerBuilder | Imported #363 / 0 tx / 0 pending / 0 (0.0%) gas / (0xb25744c68a35f66fef0c7d0fbaf9078c71a87e4a9210314b6fdc5b58a9063de8)
2026-10-07 20:01:17.085+00:00 | EthScheduler-Workers-0 | INFO  | PersistBlockTask | Block 364 (0x3da82b4326b73714b7fc79d2380ab5415d1ee2ba9a577733f9d5f6a4e19ea90e) is already imported
2026-10-07 20:01:17.085+00:00 | BftProcessorExecutor-QBFT-0 | INFO  | QbftBesuControllerBuilder | Imported #364 / 0 tx / 0 pending / 0 (0.0%) gas / (0x3da82b4326b73714b7fc79d2380ab5415d1ee2ba9a577733f9d5f6a4e19ea90e)
2026-10-07 20:01:19.082+00:00 | EthScheduler-Workers-0 | INFO  | PersistBlockTask | Block 365 (0x72ae5938ebadf5115070ff4379c7c56065832c44250f0d884dac71ec0e11649a) is already imported
2026-10-07 20:01:19.082+00:00 | BftProcessorExecutor-QBFT-0 | INFO  | QbftBesuControllerBuilder | Imported #365 / 0 tx / 0 pending / 0 (0.0%) gas / (0x72ae5938ebadf5115070ff4379c7c56065832c44250f0d884dac71ec0e11649a)
2026-10-07 20:01:21.084+00:00 | EthScheduler-Workers-0 | INFO  | PersistBlockTask | Block 366 (0x0f65e0d0d1c1f136f96bd42045d5a9aa2fd28ba4837f4712323c034d2050fcbc) is already imported
2026-10-07 20:01:21.084+00:00 | BftProcessorExecutor-QBFT-0 | INFO  | QbftBesuControllerBuilder | Imported #366 / 0 tx / 0 pending / 0 (0.0%) gas / (0x0f65e0d0d1c1f136f96bd42045d5a9aa2fd28ba4837f4712323c034d2050fcbc)
2026-10-07 20:01:23.081+00:00 | EthScheduler-Workers-0 | INFO  | PersistBlockTask | Block 367 (0x28fd0b676d77b08a11935134a2e8bc9d3dfa8688ed2888c2229cc72a8f51067c) is already imported
2026-10-07 20:01:23.081+00:00 | BftProcessorExecutor-QBFT-0 | INFO  | QbftBesuControllerBuilder | Imported #367 / 0 tx / 0 pending / 0 (0.0%) gas / (0x28fd0b676d77b08a11935134a2e8bc9d3dfa8688ed2888c2229cc72a8f51067c)
2026-10-07 20:01:25.071+00:00 | BftProcessorExecutor-QBFT-0 | INFO  | QbftBesuControllerBuilder | Imported #368 / 0 tx / 0 pending / 0 (0.0%) gas / (0x673a7eb4fb4e607c4c86a7b9f130280bfee48d93e4e301807c7aeeca8079d922)
2026-10-07 20:01:27.060+00:00 | BftProcessorExecutor-QBFT-0 | INFO  | QbftBesuControllerBuilder | Imported #369 / 0 tx / 0 pending / 0 (0.0%) gas / (0x8b13c5c07ad7a0961b0b5841e0a03fc52dc01cfd1e7c7e60f6a2e9da2a5f125d)
2026-10-07 20:01:29.067+00:00 | BftProcessorExecutor-QBFT-0 | INFO  | QbftBesuControllerBuilder | Imported #370 / 0 tx / 0 pending / 0 (0.0%) gas / (0x4b4015b00bc55d32aa53ba623937954ae90125618cdf00fdc57f717228d1d13a)
2026-10-07 20:01:31.071+00:00 | BftProcessorExecutor-QBFT-0 | INFO  | QbftBesuControllerBuilder | Imported #371 / 0 tx / 0 pending / 0 (0.0%) gas / (0xcad616f0d1b83cfa2567c8044aa0aa2ba1bf0c9b7ae42f3e30dea0f5dc478289)
2026-10-07 20:01:33.080+00:00 | BftProcessorExecutor-QBFT-0 | INFO  | QbftBesuControllerBuilder | Imported #372 / 0 tx / 0 pending / 0 (0.0%) gas / (0x08c3dc2ab3ea66e7f1bdf7f62d03bf046ef42aadbcbfa36277413a3556b2a98e)
2026-10-07 20:01:35.074+00:00 | BftProcessorExecutor-QBFT-0 | INFO  | QbftBesuControllerBuilder | Imported #373 / 0 tx / 0 pending / 0 (0.0%) gas / (0x6168ab384bfb4003faf7f7c8bac956d67e291ba03e40c47cf75aabbae34f94a9)
2026-10-07 20:01:35.074+00:00 | EthScheduler-Workers-0 | INFO  | PersistBlockTask | Block 373 (0x6168ab384bfb4003faf7f7c8bac956d67e291ba03e40c47cf75aabbae34f94a9) is already imported
2026-10-07 20:01:37.082+00:00 | BftProcessorExecutor-QBFT-0 | INFO  | QbftBesuControllerBuilder | Produced #374 / 0 tx / 0 pending / 0 (0.0%) gas / (0x93e68202c0618aa2aaa332a1b8ac1335b414081f7c4c0d318a7fabb1a394712f)
2026-10-07 20:01:39.090+00:00 | EthScheduler-Workers-0 | INFO  | PersistBlockTask | Block 375 (0xdc331732d927d5a1e8b2e65b7aff01f74e61dbaa443b7986b5760e6ccb68b11e) is already imported
2026-10-07 20:01:39.090+00:00 | BftProcessorExecutor-QBFT-0 | INFO  | QbftBesuControllerBuilder | Imported #375 / 0 tx / 0 pending / 0 (0.0%) gas / (0xdc331732d927d5a1e8b2e65b7aff01f74e61dbaa443b7986b5760e6ccb68b11e)
2026-10-07 20:01:41.075+00:00 | BftProcessorExecutor-QBFT-0 | INFO  | QbftBesuControllerBuilder | Imported #376 / 0 tx / 0 pending / 0 (0.0%) gas / (0x3477257002e2e4955c69c10f157beabce22d6dbf1ace029b1d29baa35234fd4a)
2026-10-07 20:01:41.077+00:00 | EthScheduler-Workers-0 | INFO  | PersistBlockTask | Block 376 (0x3477257002e2e4955c69c10f157beabce22d6dbf1ace029b1d29baa35234fd4a) is already imported
2026-10-07 20:01:43.086+00:00 | BftProcessorExecutor-QBFT-0 | INFO  | QbftBesuControllerBuilder | Imported #377 / 0 tx / 0 pending / 0 (0.0%) gas / (0x765d0de684156b855d0e342b428d9cc2a6f5d464394e90de6404c3040e1ea624)
2026-10-07 20:01:43.090+00:00 | EthScheduler-Workers-0 | INFO  | PersistBlockTask | Block 377 (0x765d0de684156b855d0e342b428d9cc2a6f5d464394e90de6404c3040e1ea624) is already imported
2026-10-07 20:01:45.082+00:00 | EthScheduler-Workers-0 | INFO  | PersistBlockTask | Block 378 (0xa427045df00fbeae7d4bafbd8c5484abe5b0e9b8934ce5ff506c8363ff3a6621) is already imported
2026-10-07 20:01:45.082+00:00 | BftProcessorExecutor-QBFT-0 | INFO  | QbftBesuControllerBuilder | Imported #378 / 0 tx / 0 pending / 0 (0.0%) gas / (0xa427045df00fbeae7d4bafbd8c5484abe5b0e9b8934ce5ff506c8363ff3a6621)
2026-10-07 20:01:47.083+00:00 | EthScheduler-Workers-0 | INFO  | PersistBlockTask | Block 379 (0x22dfbc201a2fbf7d8fd7a9d8569ee4e81f210d6ced89e2cd7335a377f19875d8) is already imported
2026-10-07 20:01:47.084+00:00 | BftProcessorExecutor-QBFT-0 | INFO  | QbftBesuControllerBuilder | Imported #379 / 0 tx / 0 pending / 0 (0.0%) gas / (0x22dfbc201a2fbf7d8fd7a9d8569ee4e81f210d6ced89e2cd7335a377f19875d8)
2026-10-07 20:01:49.075+00:00 | BftProcessorExecutor-QBFT-0 | INFO  | QbftBesuControllerBuilder | Imported #380 / 0 tx / 0 pending / 0 (0.0%) gas / (0x665ef8023380ca8183f5208ef65242cda2dfa4b8b26a404a5d34c054e88c9e27)
2026-10-07 20:01:49.077+00:00 | EthScheduler-Workers-0 | INFO  | PersistBlockTask | Block 380 (0x665ef8023380ca8183f5208ef65242cda2dfa4b8b26a404a5d34c054e88c9e27) is already imported
2026-10-07 20:01:51.088+00:00 | EthScheduler-Workers-0 | INFO  | PersistBlockTask | Block 381 (0x553e14a79f01e31a9e9a81e09f86f3932a087f02bb24cd11988398f9432e2528) is already imported
2026-10-07 20:01:51.088+00:00 | BftProcessorExecutor-QBFT-0 | INFO  | QbftBesuControllerBuilder | Imported #381 / 0 tx / 0 pending / 0 (0.0%) gas / (0x553e14a79f01e31a9e9a81e09f86f3932a087f02bb24cd11988398f9432e2528)
2026-10-07 20:01:53.073+00:00 | EthScheduler-Workers-0 | INFO  | PersistBlockTask | Imported #382 / 0 tx / 0 om / 0 (0.0%) gas / (0x9bbdc71d2424f505a52b93e2d54bfc85e876858a938f2db365064c792a4c6ac8) in 0.001s. Peers: 14
2026-10-07 20:01:55.074+00:00 | EthScheduler-Workers-0 | INFO  | PersistBlockTask | Block 383 (0x81632dd104bf60af3aa3181262a594e0544fa386dc443db94f527eae78b3eafd) is already imported
2026-10-07 20:01:55.074+00:00 | BftProcessorExecutor-QBFT-0 | INFO  | QbftBesuControllerBuilder | Imported #383 / 0 tx / 0 pending / 0 (0.0%) gas / (0x81632dd104bf60af3aa3181262a594e0544fa386dc443db94f527eae78b3eafd)
2026-10-07 20:01:57.084+00:00 | BftProcessorExecutor-QBFT-0 | INFO  | QbftBesuControllerBuilder | Imported #384 / 0 tx / 0 pending / 0 (0.0%) gas / (0x9edebee5ebae2511f7f6d17afd42ef6f033672460610bf0729745f1fc296f70d)
2026-10-07 20:01:59.060+00:00 | BftProcessorExecutor-QBFT-0 | INFO  | QbftBesuControllerBuilder | Imported #385 / 0 tx / 0 pending / 0 (0.0%) gas / (0xd0a6eab27baf09a6173c1853b378a86bf36d03995f00120adc8aac5d3855b4d3)
2026-10-07 20:02:01.073+00:00 | BftProcessorExecutor-QBFT-0 | INFO  | QbftBesuControllerBuilder | Imported #386 / 0 tx / 0 pending / 0 (0.0%) gas / (0x3aada7df20015b7a7847c14fc31099db745c1754cc5ecdc47755965211b38f1b)
2026-10-07 20:02:03.076+00:00 | EthScheduler-Workers-0 | INFO  | PersistBlockTask | Imported #387 / 0 tx / 0 om / 0 (0.0%) gas / (0x5da91da991b1714e4dd0afedc5a096e48d1ac375282102d01b8d8d33f3c24784) in 0.001s. Peers: 14
2026-10-07 20:02:05.083+00:00 | EthScheduler-Workers-0 | INFO  | PersistBlockTask | Block 388 (0x2cf10c205b688f6b7fa8f36f47862317ec88a48a2faad3d7917854188947a870) is already imported
2026-10-07 20:02:05.083+00:00 | BftProcessorExecutor-QBFT-0 | INFO  | QbftBesuControllerBuilder | Imported #388 / 0 tx / 0 pending / 0 (0.0%) gas / (0x2cf10c205b688f6b7fa8f36f47862317ec88a48a2faad3d7917854188947a870)
2026-10-07 20:02:07.075+00:00 | BftProcessorExecutor-QBFT-0 | INFO  | QbftBesuControllerBuilder | Produced #389 / 0 tx / 0 pending / 0 (0.0%) gas / (0x61e2ca3a64846a5b2fdbcf837c63e22de907f634892d59b4248af93efa5e58a3)
2026-10-07 20:02:09.068+00:00 | BftProcessorExecutor-QBFT-0 | INFO  | QbftBesuControllerBuilder | Imported #390 / 0 tx / 0 pending / 0 (0.0%) gas / (0x18d0924a97991ae7f139198f7f34993935294c334a54b39cf70377e15b9d6971)
2026-10-07 20:02:11.068+00:00 | BftProcessorExecutor-QBFT-0 | INFO  | QbftBesuControllerBuilder | Imported #391 / 0 tx / 0 pending / 0 (0.0%) gas / (0x7dd70236b5183d1874f4168443922237e5f19b4adbf3e7d8371eb48251c65406)
2026-10-07 20:02:13.070+00:00 | BftProcessorExecutor-QBFT-0 | INFO  | QbftBesuControllerBuilder | Imported #392 / 0 tx / 0 pending / 0 (0.0%) gas / (0x125b009c8054f9ee12ab43650bf32cfc6b739e74f02470e0780426bd196fc1d7)
2026-10-07 20:02:15.079+00:00 | EthScheduler-Workers-0 | INFO  | PersistBlockTask | Block 393 (0xe171300c64388fe51d49fa723e4be1a737dc00be441726577e4b1e7581d6c206) is already imported
2026-10-07 20:02:15.079+00:00 | BftProcessorExecutor-QBFT-0 | INFO  | QbftBesuControllerBuilder | Imported #393 / 0 tx / 0 pending / 0 (0.0%) gas / (0xe171300c64388fe51d49fa723e4be1a737dc00be441726577e4b1e7581d6c206)
2026-10-07 20:02:17.065+00:00 | BftProcessorExecutor-QBFT-0 | INFO  | QbftBesuControllerBuilder | Imported #394 / 0 tx / 0 pending / 0 (0.0%) gas / (0xcbf37ff96b2735c10f1263d335708dc47d2d3215622056b4711eacb93c95dbdb)
2026-10-07 20:02:19.080+00:00 | BftProcessorExecutor-QBFT-0 | INFO  | QbftBesuControllerBuilder | Imported #395 / 0 tx / 0 pending / 0 (0.0%) gas / (0x8b46f4cf15c0fdd5086d6c1872f74b4dc4a33befd357d0b971388e39e9cde4fc)
2026-10-07 20:02:19.080+00:00 | EthScheduler-Workers-0 | INFO  | PersistBlockTask | Block 395 (0x8b46f4cf15c0fdd5086d6c1872f74b4dc4a33befd357d0b971388e39e9cde4fc) is already imported
2026-10-07 20:02:21.083+00:00 | BftProcessorExecutor-QBFT-0 | INFO  | QbftBesuControllerBuilder | Imported #396 / 0 tx / 0 pending / 0 (0.0%) gas / (0x3f3f78a9678f74ac6908020fb19ece18177f7603c2befd7a782133a6f9b4d1c5)
2026-10-07 20:02:23.086+00:00 | EthScheduler-Workers-0 | INFO  | PersistBlockTask | Block 397 (0x4fb99578559079fcc7c6e91ce3c57ee4ee5d8360e40a4455ae1e92ec02dad37a) is already imported
2026-10-07 20:02:23.086+00:00 | BftProcessorExecutor-QBFT-0 | INFO  | QbftBesuControllerBuilder | Imported #397 / 0 tx / 0 pending / 0 (0.0%) gas / (0x4fb99578559079fcc7c6e91ce3c57ee4ee5d8360e40a4455ae1e92ec02dad37a)
2026-10-07 20:02:25.087+00:00 | EthScheduler-Workers-0 | INFO  | PersistBlockTask | Block 398 (0x6d9e7e370a55e09be5486d98aed35ac281eee987e50170a980bab347602e6b4a) is already imported
2026-10-07 20:02:25.087+00:00 | BftProcessorExecutor-QBFT-0 | INFO  | QbftBesuControllerBuilder | Imported #398 / 0 tx / 0 pending / 0 (0.0%) gas / (0x6d9e7e370a55e09be5486d98aed35ac281eee987e50170a980bab347602e6b4a)
2026-10-07 20:02:27.070+00:00 | BftProcessorExecutor-QBFT-0 | INFO  | QbftBesuControllerBuilder | Imported #399 / 0 tx / 0 pending / 0 (0.0%) gas / (0xb8d0d91ea9b339dc8eb7a973a26872410568fec1d33f419de593156d23bdbd59)
2026-10-07 20:02:27.071+00:00 | EthScheduler-Workers-0 | INFO  | PersistBlockTask | Block 399 (0xb8d0d91ea9b339dc8eb7a973a26872410568fec1d33f419de593156d23bdbd59) is already imported
2026-10-07 20:02:29.078+00:00 | BftProcessorExecutor-QBFT-0 | INFO  | QbftBesuControllerBuilder | Imported #400 / 0 tx / 0 pending / 0 (0.0%) gas / (0x0dc5f1dcb0876f8c040a9b1608b242d2ba523fad0d748558a609ab320b0a929b)
2026-10-07 20:02:31.077+00:00 | BftProcessorExecutor-QBFT-0 | INFO  | QbftBesuControllerBuilder | Imported #401 / 0 tx / 0 pending / 0 (0.0%) gas / (0xae64ea5b75b69c2305b974f7942d14da94febbe5c80cdca85242312049107d50)
2026-10-07 20:02:33.073+00:00 | BftProcessorExecutor-QBFT-0 | INFO  | QbftBesuControllerBuilder | Imported #402 / 0 tx / 0 pending / 0 (0.0%) gas / (0xa401c98f00f9e6ae2f8fda68b89cb4b7206532f3d9b57e52fbaba15b514d6dfb)
2026-10-07 20:02:33.073+00:00 | EthScheduler-Workers-0 | INFO  | PersistBlockTask | Block 402 (0xa401c98f00f9e6ae2f8fda68b89cb4b7206532f3d9b57e52fbaba15b514d6dfb) is already imported
2026-10-07 20:02:35.081+00:00 | BftProcessorExecutor-QBFT-0 | INFO  | QbftBesuControllerBuilder | Imported #403 / 0 tx / 0 pending / 0 (0.0%) gas / (0xce1a161907a7417a736828334e86660d3ce185da42b9489a95c397725feb5a47)
2026-10-07 20:02:35.082+00:00 | EthScheduler-Workers-0 | INFO  | PersistBlockTask | Block 403 (0xce1a161907a7417a736828334e86660d3ce185da42b9489a95c397725feb5a47) is already imported
2026-10-07 20:02:37.084+00:00 | EthScheduler-Workers-0 | INFO  | PersistBlockTask | Block 404 (0x8fe30eec776b1713f836bad5ae49b5a8d21f79e3df21dd78013dce9113c0d437) is already imported
2026-10-07 20:02:37.084+00:00 | BftProcessorExecutor-QBFT-0 | INFO  | QbftBesuControllerBuilder | Produced #404 / 0 tx / 0 pending / 0 (0.0%) gas / (0x8fe30eec776b1713f836bad5ae49b5a8d21f79e3df21dd78013dce9113c0d437)
2026-10-07 20:02:39.061+00:00 | BftProcessorExecutor-QBFT-0 | INFO  | QbftBesuControllerBuilder | Imported #405 / 0 tx / 0 pending / 0 (0.0%) gas / (0x169fe01e2e025575819213a23cd67a8457303659abc80c93381cc6d2efa1ee1a)
2026-10-07 20:02:41.062+00:00 | BftProcessorExecutor-QBFT-0 | INFO  | QbftBesuControllerBuilder | Imported #406 / 0 tx / 0 pending / 0 (0.0%) gas / (0x555f4a28f725bb0d4690bf9dcd43ede60ea79b0bc0ea5cb088987ac85839f313)
2026-10-07 20:02:43.068+00:00 | BftProcessorExecutor-QBFT-0 | INFO  | QbftBesuControllerBuilder | Imported #407 / 0 tx / 0 pending / 0 (0.0%) gas / (0x7d29af34a5f77248a4a993af8fccdb7a276af3e07ab541a51cd0a0e77a005066)
2026-10-07 20:02:45.288+00:00 | EthScheduler-Workers-0 | INFO  | PersistBlockTask | Imported #408 / 42 tx / 0 om / 6,452,632 (0.0%) gas / (0xa818d69379935b2bbc3d7ded2c0d8f494c66ec2a6765ded0bf120be102b3e661) in 0.051s. Peers: 14
2026-10-07 20:02:45.289+00:00 | BftProcessorExecutor-QBFT-0 | INFO  | QbftBesuControllerBuilder | Imported #408 / 42 tx / 645 pending / 6,452,632 (0.0%) gas / (0xa818d69379935b2bbc3d7ded2c0d8f494c66ec2a6765ded0bf120be102b3e661)
2026-10-07 20:02:47.364+00:00 | BftProcessorExecutor-QBFT-0 | INFO  | QbftBesuControllerBuilder | Imported #409 / 68 tx / 914 pending / 10,447,040 (0.0%) gas / (0xec517a380576de1b5cf5702ee1b2a42750641411208121b23872b39cdd5bd6a4)
2026-10-07 20:02:49.308+00:00 | BftProcessorExecutor-QBFT-0 | INFO  | QbftBesuControllerBuilder | Imported #410 / 68 tx / 846 pending / 10,447,076 (0.0%) gas / (0x750303ecb5c1c6d3e1e64d896b8f27faa05a14a75e296a46ee51e89ac79da4c6)
2026-10-07 20:02:51.402+00:00 | BftProcessorExecutor-QBFT-0 | INFO  | QbftBesuControllerBuilder | Imported #411 / 68 tx / 778 pending / 10,446,984 (0.0%) gas / (0x0a97b76ad56b7bc3805f84c2aac216f2ac3b1f89030a1dc1c6f87f2c4965e715)
2026-10-07 20:02:53.515+00:00 | EthScheduler-Workers-0 | INFO  | PersistBlockTask | Block 412 (0x4933b86c29ee81e599d7b466514463c767a1d6eb2fc2abc396beb1955d9b94df) is already imported
2026-10-07 20:02:53.516+00:00 | BftProcessorExecutor-QBFT-0 | INFO  | QbftBesuControllerBuilder | Imported #412 / 68 tx / 710 pending / 10,446,964 (0.0%) gas / (0x4933b86c29ee81e599d7b466514463c767a1d6eb2fc2abc396beb1955d9b94df)
2026-10-07 20:02:55.312+00:00 | EthScheduler-Workers-0 | INFO  | PersistBlockTask | Block 413 (0x99672ec5ef901c2abf91d7d7e56b8d9bc498ddf84ddadd49d4d2f487f83a1940) is already imported
2026-10-07 20:02:55.313+00:00 | BftProcessorExecutor-QBFT-0 | INFO  | QbftBesuControllerBuilder | Imported #413 / 68 tx / 642 pending / 10,446,932 (0.0%) gas / (0x99672ec5ef901c2abf91d7d7e56b8d9bc498ddf84ddadd49d4d2f487f83a1940)
2026-10-07 20:02:57.440+00:00 | BftProcessorExecutor-QBFT-0 | INFO  | QbftBesuControllerBuilder | Imported #414 / 68 tx / 574 pending / 10,447,020 (0.0%) gas / (0xfe45e18e26bb18e16cff44edb1bc72e27388f9c6ac9c7266096eefc457316f14)
2026-10-07 20:02:59.415+00:00 | BftProcessorExecutor-QBFT-0 | INFO  | QbftBesuControllerBuilder | Imported #415 / 68 tx / 506 pending / 10,447,332 (0.0%) gas / (0x9a964d2e44a359a957bb7ca4ee421c9919ffc31dfe0fc3de0db7f0d449e05236)
2026-10-07 20:03:01.402+00:00 | EthScheduler-Workers-0 | INFO  | PersistBlockTask | Block 416 (0x002bb6aa94525fe7352cb917810f4e30b23bdb6a9df40f878c18d47a357d072f) is already imported
2026-10-07 20:03:01.403+00:00 | BftProcessorExecutor-QBFT-0 | INFO  | QbftBesuControllerBuilder | Imported #416 / 68 tx / 438 pending / 10,447,128 (0.0%) gas / (0x002bb6aa94525fe7352cb917810f4e30b23bdb6a9df40f878c18d47a357d072f)
2026-10-07 20:03:03.407+00:00 | BftProcessorExecutor-QBFT-0 | INFO  | QbftBesuControllerBuilder | Imported #417 / 68 tx / 370 pending / 10,447,248 (0.0%) gas / (0x3348a39d364d2cf93b8390664e7aa4462478204f8a904d678bd9ddb339408397)
2026-10-07 20:03:05.416+00:00 | EthScheduler-Workers-0 | INFO  | PersistBlockTask | Block 418 (0xe84b782e8ea924861b40c06e87c469e5f4d330dc786b21cc563dbe538f087797) is already imported
2026-10-07 20:03:05.416+00:00 | BftProcessorExecutor-QBFT-0 | INFO  | QbftBesuControllerBuilder | Imported #418 / 68 tx / 302 pending / 10,447,180 (0.0%) gas / (0xe84b782e8ea924861b40c06e87c469e5f4d330dc786b21cc563dbe538f087797)
2026-10-07 20:03:07.443+00:00 | BftProcessorExecutor-QBFT-0 | INFO  | QbftBesuControllerBuilder | Produced #419 / 68 tx / 234 pending / 10,447,204 (0.0%) gas / (0x44fbd5789ef3bdf1f357dfffc6a2a075d2d428fa2e4822c18d3245d9c5e2d8b1)
2026-10-07 20:03:09.403+00:00 | BftProcessorExecutor-QBFT-0 | INFO  | QbftBesuControllerBuilder | Imported #420 / 69 tx / 165 pending / 10,600,718 (0.0%) gas / (0x678da1510fa988a2bfec2b089c51f86289f8b75b5198899695aee7292327bfde)
2026-10-07 20:03:09.404+00:00 | EthScheduler-Workers-0 | INFO  | PersistBlockTask | Block 420 (0x678da1510fa988a2bfec2b089c51f86289f8b75b5198899695aee7292327bfde) is already imported
2026-10-07 20:03:11.443+00:00 | BftProcessorExecutor-QBFT-0 | INFO  | QbftBesuControllerBuilder | Imported #421 / 69 tx / 96 pending / 10,600,738 (0.0%) gas / (0x0846f75b2ae1848dc5a6566420ceb46c281abf14ef23113301b713dc80b5bf5c)
2026-10-07 20:03:13.501+00:00 | EthScheduler-Workers-0 | INFO  | PersistBlockTask | Block 422 (0x96c0bb64d5c53d78187cbe5847838a8756ebe8816040174cd7e0a8ead2408d6a) is already imported
2026-10-07 20:03:13.502+00:00 | BftProcessorExecutor-QBFT-0 | INFO  | QbftBesuControllerBuilder | Imported #422 / 69 tx / 27 pending / 10,600,742 (0.0%) gas / (0x96c0bb64d5c53d78187cbe5847838a8756ebe8816040174cd7e0a8ead2408d6a)
2026-10-07 20:03:15.254+00:00 | BftProcessorExecutor-QBFT-0 | INFO  | QbftBesuControllerBuilder | Imported #423 / 27 tx / 0 pending / 4,148,058 (0.0%) gas / (0xe4d17ee5b0ef2cbdfecda4319f334ccb5c9672858a051cf01062d2a1911b0c64)
2026-10-07 20:03:17.061+00:00 | BftProcessorExecutor-QBFT-0 | INFO  | QbftBesuControllerBuilder | Imported #424 / 0 tx / 0 pending / 0 (0.0%) gas / (0x66717ae7f35fd6705f7b687918e2787f857521b5d723874f8c70163dd5fb7fbd)
2026-10-07 20:03:19.058+00:00 | BftProcessorExecutor-QBFT-0 | INFO  | QbftBesuControllerBuilder | Imported #425 / 0 tx / 0 pending / 0 (0.0%) gas / (0x911af3b8f7d98819c11c38378457f380a3ebcd30a1890906280ca16ee5a620c6)
2026-10-07 20:03:21.074+00:00 | BftProcessorExecutor-QBFT-0 | INFO  | QbftBesuControllerBuilder | Imported #426 / 0 tx / 0 pending / 0 (0.0%) gas / (0x3b7188d95a78160d234f138abbae1c39b5d270bf864ceb384c833ff301b0572e)
2026-10-07 20:03:23.085+00:00 | BftProcessorExecutor-QBFT-0 | INFO  | QbftBesuControllerBuilder | Imported #427 / 0 tx / 0 pending / 0 (0.0%) gas / (0xc5ac5bc6b2ba91150a112eabcab15516614fdc1962fddbf3e14b86946f285408)
2026-10-07 20:03:23.086+00:00 | EthScheduler-Workers-0 | INFO  | PersistBlockTask | Block 427 (0xc5ac5bc6b2ba91150a112eabcab15516614fdc1962fddbf3e14b86946f285408) is already imported
2026-10-07 20:03:25.062+00:00 | BftProcessorExecutor-QBFT-0 | INFO  | QbftBesuControllerBuilder | Imported #428 / 0 tx / 0 pending / 0 (0.0%) gas / (0x7f4f29983637766ff65f9aebf645c79edc6ce30d5fbc704d46feaea3760175c7)
2026-10-07 20:03:27.055+00:00 | BftProcessorExecutor-QBFT-0 | INFO  | QbftBesuControllerBuilder | Imported #429 / 0 tx / 0 pending / 0 (0.0%) gas / (0xd7b411a91606650afa38bc07546aafce2f7ec778479d2ce1719e4836de17ee8b)
2026-10-07 20:03:29.063+00:00 | BftProcessorExecutor-QBFT-0 | INFO  | QbftBesuControllerBuilder | Imported #430 / 0 tx / 0 pending / 0 (0.0%) gas / (0x5a95b2767596d3aff237f73da52e98183cc9045066edfa28a33e6e5a3f6f7901)
2026-10-07 20:03:31.065+00:00 | BftProcessorExecutor-QBFT-0 | INFO  | QbftBesuControllerBuilder | Imported #431 / 0 tx / 0 pending / 0 (0.0%) gas / (0xa8a51279dd416a4cc731b3baad7a759a739a10490b54d0479e9ce59f50f40a2a)
2026-10-07 20:03:33.063+00:00 | BftProcessorExecutor-QBFT-0 | INFO  | QbftBesuControllerBuilder | Imported #432 / 0 tx / 0 pending / 0 (0.0%) gas / (0xcacf49615377a20c9799b321c0594b486bccf3fdb64bfcabcd402605b84044bb)
2026-10-07 20:03:35.060+00:00 | BftProcessorExecutor-QBFT-0 | INFO  | QbftBesuControllerBuilder | Imported #433 / 0 tx / 0 pending / 0 (0.0%) gas / (0xaa261a87dae41585144977881fc8d1e64ce168b4b58abea931a57e0dbf39fc28)
2026-10-07 20:03:37.061+00:00 | BftProcessorExecutor-QBFT-0 | INFO  | QbftBesuControllerBuilder | Produced #434 / 0 tx / 0 pending / 0 (0.0%) gas / (0xa11fb81fa294409af52e1f59e2b644d3d1416a601057cbeda8cefe928cd7b0b5)
2026-10-07 20:03:39.067+00:00 | BftProcessorExecutor-QBFT-0 | INFO  | QbftBesuControllerBuilder | Imported #435 / 0 tx / 0 pending / 0 (0.0%) gas / (0x05a3d9b235b9e071d40cc60acc6ae43beb2ec77e4bd424a03b85ff32a2cab65c)
2026-10-07 20:03:41.063+00:00 | BftProcessorExecutor-QBFT-0 | INFO  | QbftBesuControllerBuilder | Imported #436 / 0 tx / 0 pending / 0 (0.0%) gas / (0x770bef91b766e6d8a85c30cfcdd8ea03427a7384f7db3ee6bb0ee93edf01f116)
2026-10-07 20:03:43.066+00:00 | BftProcessorExecutor-QBFT-0 | INFO  | QbftBesuControllerBuilder | Imported #437 / 0 tx / 0 pending / 0 (0.0%) gas / (0xb8c61bc7fca028990c8f2d22110465c29cbd9c19677bae3aed443e99b34536f7)
2026-10-07 20:03:45.067+00:00 | BftProcessorExecutor-QBFT-0 | INFO  | QbftBesuControllerBuilder | Imported #438 / 0 tx / 0 pending / 0 (0.0%) gas / (0x58f8c58e088d82a82b12f58c51428162ca6f7770246f8b857dfe07b56e46f536)
2026-10-07 20:03:47.066+00:00 | BftProcessorExecutor-QBFT-0 | INFO  | QbftBesuControllerBuilder | Imported #439 / 0 tx / 0 pending / 0 (0.0%) gas / (0xd8b1c55572e39801346069d4ce73c32432d644805f43f61af69bff012579aa86)
2026-10-07 20:03:49.076+00:00 | EthScheduler-Workers-0 | INFO  | PersistBlockTask | Block 440 (0x9c4757e075a45003107bc2336afa8d61ff6553cec634623df86f3c15b3100e49) is already imported
2026-10-07 20:03:49.076+00:00 | BftProcessorExecutor-QBFT-0 | INFO  | QbftBesuControllerBuilder | Imported #440 / 0 tx / 0 pending / 0 (0.0%) gas / (0x9c4757e075a45003107bc2336afa8d61ff6553cec634623df86f3c15b3100e49)
2026-10-07 20:03:51.063+00:00 | BftProcessorExecutor-QBFT-0 | INFO  | QbftBesuControllerBuilder | Imported #441 / 0 tx / 0 pending / 0 (0.0%) gas / (0xa01e74c2665459f49fcdb17a2df70a827c95da46d63425f2f6545d6fb3986593)
2026-10-07 20:03:53.063+00:00 | BftProcessorExecutor-QBFT-0 | INFO  | QbftBesuControllerBuilder | Imported #442 / 0 tx / 0 pending / 0 (0.0%) gas / (0x1b743b23675a4dd9d3a9eface0c44e63935a8943e7bc23822d161f9f723228ba)
2026-10-07 20:03:55.059+00:00 | BftProcessorExecutor-QBFT-0 | INFO  | QbftBesuControllerBuilder | Imported #443 / 0 tx / 0 pending / 0 (0.0%) gas / (0x6eb3b81eadfbc22616bf54f55b42ff5992936e9467fe1e09724046eb8da2d635)
2026-10-07 20:03:57.069+00:00 | BftProcessorExecutor-QBFT-0 | INFO  | QbftBesuControllerBuilder | Imported #444 / 0 tx / 0 pending / 0 (0.0%) gas / (0x9e23426e96c2b0ac03df2816adb24ccada3cf4c2ef3b9217bb8bd5235fb2cf36)
2026-10-07 20:03:59.246+00:00 | BftProcessorExecutor-QBFT-0 | INFO  | QbftBesuControllerBuilder | Imported #445 / 7 tx / 145 pending / 1,693,790 (0.0%) gas / (0x25437b07ab36dd69bc39dbdcfb6c38a24fff766e960b9516c779a676ae7b5311)
2026-10-07 20:04:01.694+00:00 | BftProcessorExecutor-QBFT-0 | INFO  | QbftBesuControllerBuilder | Imported #446 / 37 tx / 832 pending / 8,952,890 (0.0%) gas / (0x5727b8dcd9e1081bab34df6bfcca87d1432e3ccad30dcf0be1612d1e0f687a3e)
2026-10-07 20:04:04.420+00:00 | EthScheduler-Workers-0 | INFO  | PersistBlockTask | Block 447 (0x26e0ee7de65f564a374b57bc49ac669a40157854593204470efa52c9f8d8431e) is already imported
2026-10-07 20:04:04.421+00:00 | BftProcessorExecutor-QBFT-0 | INFO  | QbftBesuControllerBuilder | Imported #447 / 90 tx / 1764 pending / 21,777,300 (0.0%) gas / (0x26e0ee7de65f564a374b57bc49ac669a40157854593204470efa52c9f8d8431e)
2026-10-07 20:04:07.139+00:00 | EthScheduler-Workers-0 | INFO  | PersistBlockTask | Block 448 (0x292fe6e760f754bd96b1ce464ab4d717bf3a9927bf285f403194b5bb448768ad) is already imported
2026-10-07 20:04:07.142+00:00 | BftProcessorExecutor-QBFT-0 | INFO  | QbftBesuControllerBuilder | Imported #448 / 139 tx / 2610 pending / 33,633,830 (0.0%) gas / (0x292fe6e760f754bd96b1ce464ab4d717bf3a9927bf285f403194b5bb448768ad)
2026-10-07 20:04:09.983+00:00 | BftProcessorExecutor-QBFT-0 | INFO  | QbftBesuControllerBuilder | Produced #449 / 193 tx / 3433 pending / 46,700,210 (0.0%) gas / (0x9d6e98f97b0b4fbe79c08ac2c22dfa927bc5feefb24b04d30d5730f7b2cef29a)
2026-10-07 20:04:13.790+00:00 | EthScheduler-Workers-0 | INFO  | PersistBlockTask | Block 450 (0xaef87f306bb4eab57dd3bf545c6b1ce821ce9aa5ef3aa58c2d5ab255d9967fbb) is already imported
2026-10-07 20:04:13.795+00:00 | BftProcessorExecutor-QBFT-0 | INFO  | QbftBesuControllerBuilder | Imported #450 / 263 tx / 4608 pending / 63,638,110 (0.0%) gas / (0xaef87f306bb4eab57dd3bf545c6b1ce821ce9aa5ef3aa58c2d5ab255d9967fbb)
2026-10-07 20:04:18.412+00:00 | EthScheduler-Workers-0 | INFO  | PersistBlockTask | Block 451 (0xcece5c7ff3816b4fb2bc3d025aa39682795bf2e38aa0bfede21a949f6ac5aa22) is already imported
2026-10-07 20:04:18.420+00:00 | BftProcessorExecutor-QBFT-0 | INFO  | QbftBesuControllerBuilder | Imported #451 / 326 tx / 6037 pending / 78,882,220 (0.0%) gas / (0xcece5c7ff3816b4fb2bc3d025aa39682795bf2e38aa0bfede21a949f6ac5aa22)
2026-10-07 20:04:23.018+00:00 | EthScheduler-Workers-0 | INFO  | PersistBlockTask | Block 452 (0xc3532ea5c9809084cd1f6551c959cbcec58b3b3c47864bb5a8b571a37278eb0e) is already imported
2026-10-07 20:04:23.024+00:00 | BftProcessorExecutor-QBFT-0 | INFO  | QbftBesuControllerBuilder | Imported #452 / 328 tx / 6809 pending / 79,366,160 (0.0%) gas / (0xc3532ea5c9809084cd1f6551c959cbcec58b3b3c47864bb5a8b571a37278eb0e)
2026-10-07 20:04:27.724+00:00 | EthScheduler-Workers-0 | INFO  | PersistBlockTask | Block 453 (0x308f89f20ae7e793782b539f3179f4662a819e101406c9ab54257b9b9deab090) is already imported
2026-10-07 20:04:27.729+00:00 | BftProcessorExecutor-QBFT-0 | INFO  | QbftBesuControllerBuilder | Imported #453 / 343 tx / 6466 pending / 82,995,710 (0.0%) gas / (0x308f89f20ae7e793782b539f3179f4662a819e101406c9ab54257b9b9deab090)
2026-10-07 20:04:32.495+00:00 | EthScheduler-Workers-0 | INFO  | PersistBlockTask | Block 454 (0xce48e7a9479f168757c258f5f39b2bd30c42529d6f0a0547dc383bf04af5e85c) is already imported
2026-10-07 20:04:32.500+00:00 | BftProcessorExecutor-QBFT-0 | INFO  | QbftBesuControllerBuilder | Imported #454 / 345 tx / 6121 pending / 83,479,650 (0.0%) gas / (0xce48e7a9479f168757c258f5f39b2bd30c42529d6f0a0547dc383bf04af5e85c)
2026-10-07 20:04:37.201+00:00 | EthScheduler-Workers-0 | INFO  | PersistBlockTask | Block 455 (0xd6cee19fae88555a3cf8dee3938788b8fffe7a51786e072a4d6a06a020231cbc) is already imported
2026-10-07 20:04:37.207+00:00 | BftProcessorExecutor-QBFT-0 | INFO  | QbftBesuControllerBuilder | Imported #455 / 342 tx / 5779 pending / 82,753,740 (0.0%) gas / (0xd6cee19fae88555a3cf8dee3938788b8fffe7a51786e072a4d6a06a020231cbc)
2026-10-07 20:04:41.841+00:00 | EthScheduler-Workers-0 | INFO  | PersistBlockTask | Block 456 (0x6f89fc8dc5e9d98c590079c9034d03f64dac01cec4abe2062dd088f624c27ef9) is already imported
2026-10-07 20:04:41.846+00:00 | BftProcessorExecutor-QBFT-0 | INFO  | QbftBesuControllerBuilder | Imported #456 / 339 tx / 5440 pending / 82,027,830 (0.0%) gas / (0x6f89fc8dc5e9d98c590079c9034d03f64dac01cec4abe2062dd088f624c27ef9)
2026-10-07 20:04:46.573+00:00 | EthScheduler-Workers-0 | INFO  | PersistBlockTask | Block 457 (0xe1670ca93d9e7557e440ea3fb7458346b925ef3ff0746ad73a5876d7cbce7e7a) is already imported
2026-10-07 20:04:46.578+00:00 | BftProcessorExecutor-QBFT-0 | INFO  | QbftBesuControllerBuilder | Imported #457 / 344 tx / 5096 pending / 83,237,680 (0.0%) gas / (0xe1670ca93d9e7557e440ea3fb7458346b925ef3ff0746ad73a5876d7cbce7e7a)
2026-10-07 20:04:51.281+00:00 | EthScheduler-Workers-0 | INFO  | PersistBlockTask | Block 458 (0x1b18a9b661ff791fc697a899611c2d89918f94517972c0d1379cc080644dd165) is already imported
2026-10-07 20:04:51.288+00:00 | BftProcessorExecutor-QBFT-0 | INFO  | QbftBesuControllerBuilder | Imported #458 / 344 tx / 4752 pending / 83,237,680 (0.0%) gas / (0x1b18a9b661ff791fc697a899611c2d89918f94517972c0d1379cc080644dd165)
2026-10-07 20:04:55.942+00:00 | EthScheduler-Workers-0 | INFO  | PersistBlockTask | Block 459 (0xf886858d7c6874a01468c476e6a4d13052f848151580529046270b1537f7a496) is already imported
2026-10-07 20:04:55.955+00:00 | BftProcessorExecutor-QBFT-0 | INFO  | QbftBesuControllerBuilder | Imported #459 / 337 tx / 4415 pending / 81,543,890 (0.0%) gas / (0xf886858d7c6874a01468c476e6a4d13052f848151580529046270b1537f7a496)
2026-10-07 20:05:00.706+00:00 | EthScheduler-Workers-0 | INFO  | PersistBlockTask | Block 460 (0x52d156ee85221c0e24ab71e02476fea3100f861a29749d48cf8a0b48ff971d71) is already imported
2026-10-07 20:05:00.715+00:00 | BftProcessorExecutor-QBFT-0 | INFO  | QbftBesuControllerBuilder | Imported #460 / 340 tx / 4075 pending / 82,269,800 (0.0%) gas / (0x52d156ee85221c0e24ab71e02476fea3100f861a29749d48cf8a0b48ff971d71)
2026-10-07 20:05:05.353+00:00 | BftProcessorExecutor-QBFT-0 | INFO  | QbftBesuControllerBuilder | Imported #461 / 343 tx / 3732 pending / 82,995,710 (0.0%) gas / (0x86f00307d5138b0aead3aa784c1ad27cdfc0cf92875a3b433f0fc481ccb97b6b)
2026-10-07 20:05:10.065+00:00 | EthScheduler-Workers-0 | INFO  | PersistBlockTask | Block 462 (0x88ed6daa50a5109551891742a80eb841321e5e395ba3dfcd33e27f68e36fbcc6) is already imported
2026-10-07 20:05:10.069+00:00 | BftProcessorExecutor-QBFT-0 | INFO  | QbftBesuControllerBuilder | Imported #462 / 340 tx / 3392 pending / 82,269,800 (0.0%) gas / (0x88ed6daa50a5109551891742a80eb841321e5e395ba3dfcd33e27f68e36fbcc6)
2026-10-07 20:05:14.754+00:00 | EthScheduler-Workers-0 | INFO  | PersistBlockTask | Block 463 (0xf4aff1f44d8cf31367c2840dca56eb2fa8c542e246b13e9a4196a82941b1915c) is already imported
2026-10-07 20:05:14.757+00:00 | BftProcessorExecutor-QBFT-0 | INFO  | QbftBesuControllerBuilder | Imported #463 / 342 tx / 3050 pending / 82,753,740 (0.0%) gas / (0xf4aff1f44d8cf31367c2840dca56eb2fa8c542e246b13e9a4196a82941b1915c)
2026-10-07 20:05:16.260+00:00 | BftProcessorExecutor-QBFT-0 | WARN  | BlockTransactionSelector | Interrupting the selection of transactions for block inclusion as it exceeds the maximum configured duration of 1500ms
java.util.concurrent.TimeoutException
	at java.base/java.util.concurrent.CompletableFuture.timedGet(CompletableFuture.java:1960)
	at java.base/java.util.concurrent.CompletableFuture.get(CompletableFuture.java:2095)
	at org.hyperledger.besu.ethereum.blockcreation.txselection.BlockTransactionSelector.timeLimitedSelection(BlockTransactionSelector.java:186)
	at org.hyperledger.besu.ethereum.blockcreation.txselection.BlockTransactionSelector.buildTransactionListForBlock(BlockTransactionSelector.java:169)
	at org.hyperledger.besu.ethereum.blockcreation.AbstractBlockCreator.selectTransactions(AbstractBlockCreator.java:376)
	at org.hyperledger.besu.ethereum.blockcreation.AbstractBlockCreator.createBlock(AbstractBlockCreator.java:218)
	at org.hyperledger.besu.ethereum.blockcreation.AbstractBlockCreator.createBlock(AbstractBlockCreator.java:146)
	at org.hyperledger.besu.consensus.common.bft.blockcreation.BftBlockCreator.createBlock(BftBlockCreator.java:92)
	at org.hyperledger.besu.consensus.qbft.statemachine.QbftRound.createAndSendProposalMessage(QbftRound.java:137)
	at org.hyperledger.besu.consensus.qbft.statemachine.QbftBlockHeightManager.handleBlockTimerExpiry(QbftBlockHeightManager.java:140)
	at org.hyperledger.besu.consensus.common.bft.statemachine.BaseBftController.handleBlockTimerExpiry(BaseBftController.java:167)
	at org.hyperledger.besu.consensus.common.bft.EventMultiplexer.handleBftEvent(EventMultiplexer.java:65)
	at java.base/java.util.Optional.ifPresent(Optional.java:178)
	at org.hyperledger.besu.consensus.common.bft.BftProcessor.run(BftProcessor.java:65)
	at java.base/java.util.concurrent.ThreadPoolExecutor.runWorker(ThreadPoolExecutor.java:1144)
	at java.base/java.util.concurrent.ThreadPoolExecutor$Worker.run(ThreadPoolExecutor.java:642)
	at java.base/java.lang.Thread.run(Thread.java:1583)
2026-10-07 20:05:19.428+00:00 | EthScheduler-Workers-0 | INFO  | PersistBlockTask | Block 464 (0x42850a9da533c8fb2d3da1757bef4aa98ee59b8bffdd8e8248fca4b7508ed854) is already imported
2026-10-07 20:05:19.434+00:00 | BftProcessorExecutor-QBFT-0 | INFO  | QbftBesuControllerBuilder | Produced #464 / 334 tx / 2716 pending / 80,817,980 (0.0%) gas / (0x42850a9da533c8fb2d3da1757bef4aa98ee59b8bffdd8e8248fca4b7508ed854)
2026-10-07 20:05:23.453+00:00 | EthScheduler-Workers-0 | INFO  | PersistBlockTask | Block 465 (0x3d5bfef6be83c0973082aa374b77d17c5579ad45446828df33f483783fac13b2) is already imported
2026-10-07 20:05:23.458+00:00 | BftProcessorExecutor-QBFT-0 | INFO  | QbftBesuControllerBuilder | Imported #465 / 286 tx / 2430 pending / 69,203,420 (0.0%) gas / (0x3d5bfef6be83c0973082aa374b77d17c5579ad45446828df33f483783fac13b2)
2026-10-07 20:05:26.485+00:00 | EthScheduler-Workers-0 | INFO  | PersistBlockTask | Block 466 (0x772b639a57b8e096b70bb112776976c6f8cbe7335d2b044d5be63f0a60e186aa) is already imported
2026-10-07 20:05:26.487+00:00 | BftProcessorExecutor-QBFT-0 | INFO  | QbftBesuControllerBuilder | Imported #466 / 223 tx / 2207 pending / 53,959,310 (0.0%) gas / (0x772b639a57b8e096b70bb112776976c6f8cbe7335d2b044d5be63f0a60e186aa)
2026-10-07 20:05:29.547+00:00 | BftProcessorExecutor-QBFT-0 | INFO  | QbftBesuControllerBuilder | Imported #467 / 221 tx / 1986 pending / 53,475,370 (0.0%) gas / (0x3a2097385368b1962ea52c5790f4b8d61c8e6f113316e738abf97fc0d6bacf38)
2026-10-07 20:05:32.402+00:00 | BftProcessorExecutor-QBFT-0 | INFO  | QbftBesuControllerBuilder | Imported #468 / 206 tx / 1780 pending / 49,845,820 (0.0%) gas / (0x132fda16a202e789563bb76c5f29bc50d8dc421049003056294f4bf52f724e9b)
2026-10-07 20:05:35.252+00:00 | EthScheduler-Workers-0 | INFO  | PersistBlockTask | Block 469 (0x36a722badec25f51991ac347778fe45939cc721657fe8b161637834bd6b282c3) is already imported
2026-10-07 20:05:35.254+00:00 | BftProcessorExecutor-QBFT-0 | INFO  | QbftBesuControllerBuilder | Imported #469 / 204 tx / 1576 pending / 49,361,880 (0.0%) gas / (0x36a722badec25f51991ac347778fe45939cc721657fe8b161637834bd6b282c3)
2026-10-07 20:05:38.042+00:00 | EthScheduler-Workers-0 | INFO  | PersistBlockTask | Block 470 (0x64f185f629e3868d050196bbc615b8e3aae1aa6c3b2be08b8aabfa8e8b5002a8) is already imported
2026-10-07 20:05:38.044+00:00 | BftProcessorExecutor-QBFT-0 | INFO  | QbftBesuControllerBuilder | Imported #470 / 203 tx / 1373 pending / 49,119,910 (0.0%) gas / (0x64f185f629e3868d050196bbc615b8e3aae1aa6c3b2be08b8aabfa8e8b5002a8)
2026-10-07 20:05:40.872+00:00 | BftProcessorExecutor-QBFT-0 | INFO  | QbftBesuControllerBuilder | Imported #471 / 206 tx / 1167 pending / 49,845,820 (0.0%) gas / (0xcfde25ae8af7cf47712070dce306de5f033d178d02fd2bf9502a1e5446e13e2d)
2026-10-07 20:05:43.643+00:00 | BftProcessorExecutor-QBFT-0 | INFO  | QbftBesuControllerBuilder | Imported #472 / 201 tx / 966 pending / 48,635,970 (0.0%) gas / (0x066e910d292162cddc2688486c136d422bbaf07e442697743601f926cf583a38)
2026-10-07 20:05:46.460+00:00 | EthScheduler-Workers-0 | INFO  | PersistBlockTask | Block 473 (0x68e8e30f676f2378298144e32fe62b741400fc2fd6846e5144597c8733e0eab1) is already imported
2026-10-07 20:05:46.461+00:00 | BftProcessorExecutor-QBFT-0 | INFO  | QbftBesuControllerBuilder | Imported #473 / 201 tx / 765 pending / 48,635,970 (0.0%) gas / (0x68e8e30f676f2378298144e32fe62b741400fc2fd6846e5144597c8733e0eab1)
2026-10-07 20:05:49.333+00:00 | BftProcessorExecutor-QBFT-0 | INFO  | QbftBesuControllerBuilder | Imported #474 / 208 tx / 557 pending / 50,329,760 (0.0%) gas / (0xb1ce1a76cbfa07fdfa4c507a1b501a525030dbbb60cf8f0abe534bf6dc26bbfa)
2026-10-07 20:05:52.075+00:00 | BftProcessorExecutor-QBFT-0 | INFO  | QbftBesuControllerBuilder | Imported #475 / 198 tx / 359 pending / 47,910,060 (0.0%) gas / (0xbf423645487fce576b9bcc382ae1b87b864d0efc26d375cb5df05de39b9cef02)
2026-10-07 20:05:54.355+00:00 | EthScheduler-Workers-0 | INFO  | PersistBlockTask | Block 476 (0x3b41a638798b4df01dbf7106b177c436fed28c9175c28941eea16ba961868311) is already imported
2026-10-07 20:05:54.356+00:00 | BftProcessorExecutor-QBFT-0 | INFO  | QbftBesuControllerBuilder | Imported #476 / 165 tx / 194 pending / 39,925,050 (0.0%) gas / (0x3b41a638798b4df01dbf7106b177c436fed28c9175c28941eea16ba961868311)
2026-10-07 20:05:55.918+00:00 | BftProcessorExecutor-QBFT-0 | INFO  | QbftBesuControllerBuilder | Imported #477 / 114 tx / 80 pending / 27,584,580 (0.0%) gas / (0x0008b6d00d478d8b4ad46f199a7ff425628d7f1ec7ea793e3946eaf452841aa3)
2026-10-07 20:05:56.897+00:00 | BftProcessorExecutor-QBFT-0 | INFO  | QbftBesuControllerBuilder | Imported #478 / 63 tx / 17 pending / 15,244,110 (0.0%) gas / (0x9cdf85ee45227d5105628bc51adc535c9e751b0b4a30f519509f586953eab964)
2026-10-07 20:05:58.371+00:00 | EthScheduler-Workers-0 | INFO  | PersistBlockTask | Block 479 (0x0882d70ed2f375d980392a3a4fc30bc6a68d44021b9ac0ea3e6ea916efd29598) is already imported
2026-10-07 20:05:58.371+00:00 | BftProcessorExecutor-QBFT-0 | INFO  | QbftBesuControllerBuilder | Produced #479 / 17 tx / 0 pending / 4,113,490 (0.0%) gas / (0x0882d70ed2f375d980392a3a4fc30bc6a68d44021b9ac0ea3e6ea916efd29598)
2026-10-07 20:06:00.069+00:00 | BftProcessorExecutor-QBFT-0 | INFO  | QbftBesuControllerBuilder | Imported #480 / 0 tx / 0 pending / 0 (0.0%) gas / (0x15689ebbb2a58419afdcf74206bc26ca970fc741e322c30786be7dbd25869342)
2026-10-07 20:06:02.091+00:00 | BftProcessorExecutor-QBFT-0 | INFO  | QbftBesuControllerBuilder | Imported #481 / 0 tx / 0 pending / 0 (0.0%) gas / (0xd84eb11803d116a71e23cf23295db95e7f87ec6d0018f178e9e7746858268918)
2026-10-07 20:06:04.086+00:00 | EthScheduler-Workers-0 | INFO  | PersistBlockTask | Block 482 (0x2f66acaf9e115dba7e7721b96cf5e8e0ca90924f5fa03fe348b777d0f1b37c9a) is already imported
2026-10-07 20:06:04.086+00:00 | BftProcessorExecutor-QBFT-0 | INFO  | QbftBesuControllerBuilder | Imported #482 / 0 tx / 0 pending / 0 (0.0%) gas / (0x2f66acaf9e115dba7e7721b96cf5e8e0ca90924f5fa03fe348b777d0f1b37c9a)
2026-10-07 20:06:06.082+00:00 | EthScheduler-Workers-0 | INFO  | PersistBlockTask | Imported #483 / 0 tx / 0 om / 0 (0.0%) gas / (0x2ec76fa53805e4b44de289682554d26b4b826c646b1793740ead95de646817e0) in 0.003s. Peers: 14
2026-10-07 20:06:06.082+00:00 | BftProcessorExecutor-QBFT-0 | INFO  | QbftBesuControllerBuilder | Imported #483 / 0 tx / 0 pending / 0 (0.0%) gas / (0x2ec76fa53805e4b44de289682554d26b4b826c646b1793740ead95de646817e0)
2026-10-07 20:06:08.080+00:00 | BftProcessorExecutor-QBFT-0 | INFO  | QbftBesuControllerBuilder | Imported #484 / 0 tx / 0 pending / 0 (0.0%) gas / (0x4bdcf0c5effa64ca729c2458b7a15c132e50485d0cce26b359edfd24f1a8f74d)
2026-10-07 20:06:10.065+00:00 | BftProcessorExecutor-QBFT-0 | INFO  | QbftBesuControllerBuilder | Imported #485 / 0 tx / 0 pending / 0 (0.0%) gas / (0xe16bcf2fd4908770f09e082c9b706d155a97037134e1fb6e83e2cbe3b577159e)
2026-10-07 20:06:12.082+00:00 | BftProcessorExecutor-QBFT-0 | INFO  | QbftBesuControllerBuilder | Imported #486 / 0 tx / 0 pending / 0 (0.0%) gas / (0xbe921bea70ee9a7f55ecedf0df86e9b33aa1f915ab31fdca6f3795b6cadf80fa)
2026-10-07 20:06:12.082+00:00 | EthScheduler-Workers-0 | INFO  | PersistBlockTask | Block 486 (0xbe921bea70ee9a7f55ecedf0df86e9b33aa1f915ab31fdca6f3795b6cadf80fa) is already imported
2026-10-07 20:06:14.079+00:00 | BftProcessorExecutor-QBFT-0 | INFO  | QbftBesuControllerBuilder | Imported #487 / 0 tx / 0 pending / 0 (0.0%) gas / (0x73feff553e6d5368ad0f373d5c9d6cb60b5a89e616f17eea6907e60edc1b2203)
2026-10-07 20:06:14.080+00:00 | EthScheduler-Workers-0 | INFO  | PersistBlockTask | Block 487 (0x73feff553e6d5368ad0f373d5c9d6cb60b5a89e616f17eea6907e60edc1b2203) is already imported
2026-10-07 20:06:16.090+00:00 | BftProcessorExecutor-QBFT-0 | INFO  | QbftBesuControllerBuilder | Imported #488 / 0 tx / 0 pending / 0 (0.0%) gas / (0x33f6d1ad38dbd9c7e58ab97f3b2f1f6406a8e25fbb108bccfbdcd4c337263c06)
2026-10-07 20:06:18.083+00:00 | BftProcessorExecutor-QBFT-0 | INFO  | QbftBesuControllerBuilder | Imported #489 / 0 tx / 0 pending / 0 (0.0%) gas / (0x403f732531f659659ac96399ebbf2acee56c4292b194af810dbd1ca7657fd620)
2026-10-07 20:06:18.083+00:00 | EthScheduler-Workers-0 | INFO  | PersistBlockTask | Block 489 (0x403f732531f659659ac96399ebbf2acee56c4292b194af810dbd1ca7657fd620) is already imported
2026-10-07 20:06:20.082+00:00 | BftProcessorExecutor-QBFT-0 | INFO  | QbftBesuControllerBuilder | Imported #490 / 0 tx / 0 pending / 0 (0.0%) gas / (0x42d1c68ccda5b202d86e472456c189519dcd7440bf1c26a57da7e05c49327d96)
2026-10-07 20:06:22.086+00:00 | BftProcessorExecutor-QBFT-0 | INFO  | QbftBesuControllerBuilder | Imported #491 / 0 tx / 0 pending / 0 (0.0%) gas / (0x99cd8034712b0abe0088f5511186b2dea809f64d8c0b3e2df657ae07bfa28d1a)
2026-10-07 20:06:22.088+00:00 | EthScheduler-Workers-0 | INFO  | PersistBlockTask | Block 491 (0x99cd8034712b0abe0088f5511186b2dea809f64d8c0b3e2df657ae07bfa28d1a) is already imported
2026-10-07 20:06:24.082+00:00 | BftProcessorExecutor-QBFT-0 | INFO  | QbftBesuControllerBuilder | Imported #492 / 0 tx / 0 pending / 0 (0.0%) gas / (0xc324ada9d58fbf51c9e4b2a0d76766da9211d518cc2c4712b4899cd890e98c50)
2026-10-07 20:06:24.083+00:00 | EthScheduler-Workers-0 | INFO  | PersistBlockTask | Block 492 (0xc324ada9d58fbf51c9e4b2a0d76766da9211d518cc2c4712b4899cd890e98c50) is already imported
2026-10-07 20:06:26.078+00:00 | BftProcessorExecutor-QBFT-0 | INFO  | QbftBesuControllerBuilder | Imported #493 / 0 tx / 0 pending / 0 (0.0%) gas / (0xd5cdbb23ed50a6a022aba203ef806c55caf016224d70a9608c8b0ba3d3239ac3)
2026-10-07 20:06:28.073+00:00 | BftProcessorExecutor-QBFT-0 | INFO  | QbftBesuControllerBuilder | Produced #494 / 0 tx / 0 pending / 0 (0.0%) gas / (0x0c09256cbd347b4db8b4f37dd12518ad23f5c522f480e8e95fb041617a5a7639)
2026-10-07 20:06:30.071+00:00 | BftProcessorExecutor-QBFT-0 | INFO  | QbftBesuControllerBuilder | Imported #495 / 0 tx / 0 pending / 0 (0.0%) gas / (0xf3306faaaa5c539b2965131dfa22f3dfa98954fa920322b77ff504a788c5ce46)
2026-10-07 20:06:32.077+00:00 | EthScheduler-Workers-0 | INFO  | PersistBlockTask | Block 496 (0x82320d9a7a9ddbc58c2e05c888dea66b0e07501670cf73315e4a7504e787f91f) is already imported
2026-10-07 20:06:32.077+00:00 | BftProcessorExecutor-QBFT-0 | INFO  | QbftBesuControllerBuilder | Imported #496 / 0 tx / 0 pending / 0 (0.0%) gas / (0x82320d9a7a9ddbc58c2e05c888dea66b0e07501670cf73315e4a7504e787f91f)
2026-10-07 20:06:34.078+00:00 | EthScheduler-Workers-0 | INFO  | PersistBlockTask | Imported #497 / 0 tx / 0 om / 0 (0.0%) gas / (0x881799e2b5d390b6f3a4014426ffd55f0f3fd1c16a0f41b170865cf71c7b801c) in 0.001s. Peers: 14
2026-10-07 20:06:34.078+00:00 | BftProcessorExecutor-QBFT-0 | INFO  | QbftBesuControllerBuilder | Imported #497 / 0 tx / 0 pending / 0 (0.0%) gas / (0x881799e2b5d390b6f3a4014426ffd55f0f3fd1c16a0f41b170865cf71c7b801c)
2026-10-07 20:06:36.074+00:00 | BftProcessorExecutor-QBFT-0 | INFO  | QbftBesuControllerBuilder | Imported #498 / 0 tx / 0 pending / 0 (0.0%) gas / (0xf5d638b35c5da01bda923f457f6449afd4d8550ad530cb6e2d9cc5c658110c5f)
2026-10-07 20:06:38.077+00:00 | EthScheduler-Workers-0 | INFO  | PersistBlockTask | Block 499 (0x943649c692b2208ea5de1185487722d319d22010087c2ddfc5fb5850aa2c24c8) is already imported
2026-10-07 20:06:38.077+00:00 | BftProcessorExecutor-QBFT-0 | INFO  | QbftBesuControllerBuilder | Imported #499 / 0 tx / 0 pending / 0 (0.0%) gas / (0x943649c692b2208ea5de1185487722d319d22010087c2ddfc5fb5850aa2c24c8)
2026-10-07 20:06:40.069+00:00 | BftProcessorExecutor-QBFT-0 | INFO  | QbftBesuControllerBuilder | Imported #500 / 0 tx / 0 pending / 0 (0.0%) gas / (0xa696f344a34d18793b473f4fc9248a90c68ad7a565ee54223eed6da5ffa4da75)
2026-10-07 20:06:42.076+00:00 | BftProcessorExecutor-QBFT-0 | INFO  | QbftBesuControllerBuilder | Imported #501 / 0 tx / 0 pending / 0 (0.0%) gas / (0x103792eee59153e7d463ac5f53dcf2c3f37b45b6777f7df668af39acedd4cc9a)
2026-10-07 20:06:42.076+00:00 | EthScheduler-Workers-0 | INFO  | PersistBlockTask | Block 501 (0x103792eee59153e7d463ac5f53dcf2c3f37b45b6777f7df668af39acedd4cc9a) is already imported
2026-10-07 20:06:44.079+00:00 | EthScheduler-Workers-0 | INFO  | PersistBlockTask | Block 502 (0x365d2cc556f7fb7617354b2f37f916d3364639000d30a516af14531ef51c9898) is already imported
2026-10-07 20:06:44.079+00:00 | BftProcessorExecutor-QBFT-0 | INFO  | QbftBesuControllerBuilder | Imported #502 / 0 tx / 0 pending / 0 (0.0%) gas / (0x365d2cc556f7fb7617354b2f37f916d3364639000d30a516af14531ef51c9898)
2026-10-07 20:06:46.075+00:00 | BftProcessorExecutor-QBFT-0 | INFO  | QbftBesuControllerBuilder | Imported #503 / 0 tx / 0 pending / 0 (0.0%) gas / (0x5d4a6983e932263f988688fa8635b3309a55e318015bc9eaa66cf969994f4080)
2026-10-07 20:06:48.081+00:00 | BftProcessorExecutor-QBFT-0 | INFO  | QbftBesuControllerBuilder | Imported #504 / 0 tx / 0 pending / 0 (0.0%) gas / (0x5954ed1df9eb377e0f4aa06434d7120f1f3e3cc1bac8ae632eeca463dba28529)
2026-10-07 20:06:48.081+00:00 | EthScheduler-Workers-0 | INFO  | PersistBlockTask | Block 504 (0x5954ed1df9eb377e0f4aa06434d7120f1f3e3cc1bac8ae632eeca463dba28529) is already imported
2026-10-07 20:06:50.080+00:00 | BftProcessorExecutor-QBFT-0 | INFO  | QbftBesuControllerBuilder | Imported #505 / 0 tx / 0 pending / 0 (0.0%) gas / (0x69f547b70f620d2df9f648882df084152d349a4209e6faa4abf5f20995f969d3)
2026-10-07 20:06:50.080+00:00 | EthScheduler-Workers-0 | INFO  | PersistBlockTask | Block 505 (0x69f547b70f620d2df9f648882df084152d349a4209e6faa4abf5f20995f969d3) is already imported
2026-10-07 20:06:52.078+00:00 | EthScheduler-Workers-0 | INFO  | PersistBlockTask | Block 506 (0x4bf1a8ad78183c9073c0304cdf68db9748c34c8b1002ea6452f8e426460a1241) is already imported
2026-10-07 20:06:52.078+00:00 | BftProcessorExecutor-QBFT-0 | INFO  | QbftBesuControllerBuilder | Imported #506 / 0 tx / 0 pending / 0 (0.0%) gas / (0x4bf1a8ad78183c9073c0304cdf68db9748c34c8b1002ea6452f8e426460a1241)
2026-10-07 20:06:54.064+00:00 | BftProcessorExecutor-QBFT-0 | INFO  | QbftBesuControllerBuilder | Imported #507 / 0 tx / 0 pending / 0 (0.0%) gas / (0x9fddcba56bb9510061ecf3e31f05223e67b5f04294529c2992d39ca015343256)
2026-10-07 20:06:56.076+00:00 | BftProcessorExecutor-QBFT-0 | INFO  | QbftBesuControllerBuilder | Imported #508 / 0 tx / 0 pending / 0 (0.0%) gas / (0x6decb1c2e524bb72858ddfba32b1372ea0dfaf35018e6d75dabf9462490f7d55)
2026-10-07 20:06:58.078+00:00 | BftProcessorExecutor-QBFT-0 | INFO  | QbftBesuControllerBuilder | Produced #509 / 0 tx / 0 pending / 0 (0.0%) gas / (0xa5f9f7a5451329caaf04f0ab54ab0ce467da6fd14eb0ef4982db917ad4fec30d)
2026-10-07 20:06:58.077+00:00 | EthScheduler-Workers-0 | INFO  | PersistBlockTask | Block 509 (0xa5f9f7a5451329caaf04f0ab54ab0ce467da6fd14eb0ef4982db917ad4fec30d) is already imported
2026-10-07 20:07:00.082+00:00 | BftProcessorExecutor-QBFT-0 | INFO  | QbftBesuControllerBuilder | Imported #510 / 0 tx / 0 pending / 0 (0.0%) gas / (0x8cf08b5386bd54ba08d93fa7339c7e82362ecca9571f8dbd9ba5440b21f63437)
2026-10-07 20:07:00.088+00:00 | EthScheduler-Workers-0 | INFO  | PersistBlockTask | Block 510 (0x8cf08b5386bd54ba08d93fa7339c7e82362ecca9571f8dbd9ba5440b21f63437) is already imported
2026-10-07 20:07:02.088+00:00 | EthScheduler-Workers-0 | INFO  | PersistBlockTask | Block 511 (0x1e31e73abf78240ecd8035c8052c98e6f6c65242d29836a0e93ec49cb1a3d372) is already imported
2026-10-07 20:07:02.088+00:00 | BftProcessorExecutor-QBFT-0 | INFO  | QbftBesuControllerBuilder | Imported #511 / 0 tx / 0 pending / 0 (0.0%) gas / (0x1e31e73abf78240ecd8035c8052c98e6f6c65242d29836a0e93ec49cb1a3d372)
2026-10-07 20:07:04.091+00:00 | EthScheduler-Workers-0 | INFO  | PersistBlockTask | Block 512 (0x57dc121e25a2b13958d9c94a3a202594562147389d03321f60c6a6a708c237c0) is already imported
2026-10-07 20:07:04.091+00:00 | BftProcessorExecutor-QBFT-0 | INFO  | QbftBesuControllerBuilder | Imported #512 / 0 tx / 0 pending / 0 (0.0%) gas / (0x57dc121e25a2b13958d9c94a3a202594562147389d03321f60c6a6a708c237c0)
2026-10-07 20:07:06.069+00:00 | BftProcessorExecutor-QBFT-0 | INFO  | QbftBesuControllerBuilder | Imported #513 / 0 tx / 0 pending / 0 (0.0%) gas / (0x2b631dac9fba23ccd1ea7c1966966d0737b05b38f70e4b286b97bfbe5d1913ef)
2026-10-07 20:07:08.060+00:00 | BftProcessorExecutor-QBFT-0 | INFO  | QbftBesuControllerBuilder | Imported #514 / 0 tx / 0 pending / 0 (0.0%) gas / (0xad62f84d8af3b18ef562964d7ca84369a13c0889f47a2d355dac1de7c2528984)
2026-10-07 20:07:10.063+00:00 | BftProcessorExecutor-QBFT-0 | INFO  | QbftBesuControllerBuilder | Imported #515 / 0 tx / 0 pending / 0 (0.0%) gas / (0x76991f2be3f386b527a86d06cf19afa568d859f353f125a80d40a99fcdfc374a)
2026-10-07 20:07:12.068+00:00 | BftProcessorExecutor-QBFT-0 | INFO  | QbftBesuControllerBuilder | Imported #516 / 0 tx / 0 pending / 0 (0.0%) gas / (0xbbb35fcefd6a34c4f15b96089496a9eba9f98c2b912a61a7bb0839c0213a0f09)
2026-10-07 20:07:14.056+00:00 | BftProcessorExecutor-QBFT-0 | INFO  | QbftBesuControllerBuilder | Imported #517 / 0 tx / 0 pending / 0 (0.0%) gas / (0x85622daff569ebc42cde37528cb8bc746fb7561d9ac32b8acbdff84aa6018caa)
2026-10-07 20:07:16.078+00:00 | EthScheduler-Workers-0 | INFO  | PersistBlockTask | Block 518 (0xa2b283e00d6e5db87129b3af2978226401d6dce4a56a47e85b782a1f3c5d8ed4) is already imported
2026-10-07 20:07:16.078+00:00 | BftProcessorExecutor-QBFT-0 | INFO  | QbftBesuControllerBuilder | Imported #518 / 0 tx / 0 pending / 0 (0.0%) gas / (0xa2b283e00d6e5db87129b3af2978226401d6dce4a56a47e85b782a1f3c5d8ed4)
2026-10-07 20:07:18.079+00:00 | EthScheduler-Workers-0 | INFO  | PersistBlockTask | Block 519 (0x5f77fed67819f491a896bbc71908f8575d32ac2723b291b5e5dc50623a83b2dc) is already imported
2026-10-07 20:07:18.080+00:00 | BftProcessorExecutor-QBFT-0 | INFO  | QbftBesuControllerBuilder | Imported #519 / 0 tx / 0 pending / 0 (0.0%) gas / (0x5f77fed67819f491a896bbc71908f8575d32ac2723b291b5e5dc50623a83b2dc)
2026-10-07 20:07:20.061+00:00 | BftProcessorExecutor-QBFT-0 | INFO  | QbftBesuControllerBuilder | Imported #520 / 0 tx / 0 pending / 0 (0.0%) gas / (0xdbfa51468bbc9cc638729c38abddb6c21be1e5fe5597fe949ae4f308002ab21c)
2026-10-07 20:07:22.068+00:00 | BftProcessorExecutor-QBFT-0 | INFO  | QbftBesuControllerBuilder | Imported #521 / 0 tx / 0 pending / 0 (0.0%) gas / (0x243f093e966e0d72a9804fb7b62f676026447748ac3491b3016b1bc1297ff196)
2026-10-07 20:07:24.081+00:00 | EthScheduler-Workers-0 | INFO  | PersistBlockTask | Block 522 (0xfc3528fb7247e7e494c816141dc7f4bb079245e30a01edec45f296188ae1b702) is already imported
2026-10-07 20:07:24.081+00:00 | BftProcessorExecutor-QBFT-0 | INFO  | QbftBesuControllerBuilder | Imported #522 / 0 tx / 0 pending / 0 (0.0%) gas / (0xfc3528fb7247e7e494c816141dc7f4bb079245e30a01edec45f296188ae1b702)
2026-10-07 20:07:26.057+00:00 | BftProcessorExecutor-QBFT-0 | INFO  | QbftBesuControllerBuilder | Imported #523 / 0 tx / 0 pending / 0 (0.0%) gas / (0xf71daead200c2f4df510c20d2a22101c26493f877d0a28f9027ca6075791491e)
2026-10-07 20:07:28.069+00:00 | BftProcessorExecutor-QBFT-0 | INFO  | QbftBesuControllerBuilder | Produced #524 / 0 tx / 0 pending / 0 (0.0%) gas / (0xcb46d2e5dd939409da34ad66e34b8d59c45e03cd3c1b1c3e87820a11701a03e7)
2026-10-07 20:07:30.088+00:00 | BftProcessorExecutor-QBFT-0 | INFO  | QbftBesuControllerBuilder | Imported #525 / 0 tx / 0 pending / 0 (0.0%) gas / (0x957fadf45308e384de066afd0a4de1cc328064745906d014a988fc8f775b28b5)
2026-10-07 20:07:30.089+00:00 | EthScheduler-Workers-0 | INFO  | PersistBlockTask | Block 525 (0x957fadf45308e384de066afd0a4de1cc328064745906d014a988fc8f775b28b5) is already imported
2026-10-07 20:07:32.081+00:00 | BftProcessorExecutor-QBFT-0 | INFO  | QbftBesuControllerBuilder | Imported #526 / 0 tx / 0 pending / 0 (0.0%) gas / (0xfba2bc1df45cde27db3bd80830bc7e921bf9205fdcaf54271fedefb64e9da17e)
2026-10-07 20:07:32.081+00:00 | EthScheduler-Workers-0 | INFO  | PersistBlockTask | Block 526 (0xfba2bc1df45cde27db3bd80830bc7e921bf9205fdcaf54271fedefb64e9da17e) is already imported
2026-10-07 20:07:34.086+00:00 | BftProcessorExecutor-QBFT-0 | INFO  | QbftBesuControllerBuilder | Imported #527 / 0 tx / 0 pending / 0 (0.0%) gas / (0x513de6996a4483479ad5661ccc9345885f281a6903fd7c5480b6ddb1b11b9976)
2026-10-07 20:07:36.077+00:00 | EthScheduler-Workers-0 | INFO  | PersistBlockTask | Block 528 (0xb8977f4f7d13f70c92b1896432332180be98e8f518061b74e0c94d74f77da256) is already imported
2026-10-07 20:07:36.077+00:00 | BftProcessorExecutor-QBFT-0 | INFO  | QbftBesuControllerBuilder | Imported #528 / 0 tx / 0 pending / 0 (0.0%) gas / (0xb8977f4f7d13f70c92b1896432332180be98e8f518061b74e0c94d74f77da256)
2026-10-07 20:07:38.078+00:00 | BftProcessorExecutor-QBFT-0 | INFO  | QbftBesuControllerBuilder | Imported #529 / 0 tx / 0 pending / 0 (0.0%) gas / (0x66454227082e0bbf4487b7dfb76bf8462ea4f68ffa246fe94fc0117be4fe756b)
2026-10-07 20:07:38.081+00:00 | EthScheduler-Workers-0 | INFO  | PersistBlockTask | Block 529 (0x66454227082e0bbf4487b7dfb76bf8462ea4f68ffa246fe94fc0117be4fe756b) is already imported
2026-10-07 20:07:40.079+00:00 | BftProcessorExecutor-QBFT-0 | INFO  | QbftBesuControllerBuilder | Imported #530 / 0 tx / 0 pending / 0 (0.0%) gas / (0x62ecab2534600ca1a312ab44013818841d93007d14599e9cb571d0b46b051d79)
2026-10-07 20:07:40.080+00:00 | EthScheduler-Workers-0 | INFO  | PersistBlockTask | Block 530 (0x62ecab2534600ca1a312ab44013818841d93007d14599e9cb571d0b46b051d79) is already imported
2026-10-07 20:07:42.083+00:00 | BftProcessorExecutor-QBFT-0 | INFO  | QbftBesuControllerBuilder | Imported #531 / 0 tx / 0 pending / 0 (0.0%) gas / (0x4a0c6aea681a8f5888e3e474d08b39a6fcaef1ed767cd34fd2ce0290b81a97e7)
2026-10-07 20:07:44.065+00:00 | BftProcessorExecutor-QBFT-0 | INFO  | QbftBesuControllerBuilder | Imported #532 / 0 tx / 0 pending / 0 (0.0%) gas / (0x29593f38ebfa759c28b6ae74f5200cfa72dad2ab0ab4ab0e98b0229c9793b787)
2026-10-07 20:07:46.084+00:00 | BftProcessorExecutor-QBFT-0 | INFO  | QbftBesuControllerBuilder | Imported #533 / 0 tx / 0 pending / 0 (0.0%) gas / (0x274d14b736f8b5f276d7006207f5ea98f1f66292a2211f572a64d54de03900d3)
2026-10-07 20:07:48.080+00:00 | BftProcessorExecutor-QBFT-0 | INFO  | QbftBesuControllerBuilder | Imported #534 / 0 tx / 0 pending / 0 (0.0%) gas / (0x23da080cad3913493292b0749d78986513793cc981446f2ca5572d2724ae7043)
2026-10-07 20:07:48.080+00:00 | EthScheduler-Workers-0 | INFO  | PersistBlockTask | Block 534 (0x23da080cad3913493292b0749d78986513793cc981446f2ca5572d2724ae7043) is already imported
2026-10-07 20:07:50.075+00:00 | EthScheduler-Workers-0 | INFO  | PersistBlockTask | Block 535 (0x3de640f689fb36649959c4ed00cf135563fcc965b8ef1050ecc1811a3c2ddf29) is already imported
2026-10-07 20:07:50.076+00:00 | BftProcessorExecutor-QBFT-0 | INFO  | QbftBesuControllerBuilder | Imported #535 / 0 tx / 0 pending / 0 (0.0%) gas / (0x3de640f689fb36649959c4ed00cf135563fcc965b8ef1050ecc1811a3c2ddf29)
2026-10-07 20:07:52.077+00:00 | EthScheduler-Workers-0 | INFO  | PersistBlockTask | Block 536 (0x1ab2c53c2acc2110bc6d5b903b94b0d80cab19df9661876954312c7f0b91cecf) is already imported
2026-10-07 20:07:52.077+00:00 | BftProcessorExecutor-QBFT-0 | INFO  | QbftBesuControllerBuilder | Imported #536 / 0 tx / 0 pending / 0 (0.0%) gas / (0x1ab2c53c2acc2110bc6d5b903b94b0d80cab19df9661876954312c7f0b91cecf)
2026-10-07 20:07:54.074+00:00 | EthScheduler-Workers-0 | INFO  | PersistBlockTask | Block 537 (0x828c1ec7078b225be075c3385b783ebbb41312e3d4d1a201d7d2c3400eadda4d) is already imported
2026-10-07 20:07:54.075+00:00 | BftProcessorExecutor-QBFT-0 | INFO  | QbftBesuControllerBuilder | Imported #537 / 0 tx / 0 pending / 0 (0.0%) gas / (0x828c1ec7078b225be075c3385b783ebbb41312e3d4d1a201d7d2c3400eadda4d)
2026-10-07 20:07:56.215+00:00 | BftProcessorExecutor-QBFT-0 | INFO  | QbftBesuControllerBuilder | Imported #538 / 40 tx / 620 pending / 6,145,336 (0.0%) gas / (0x283edd1e179f8e47f3da43c5da1353e9405cc7912cb246754b1054f034d6dfce)
2026-10-07 20:07:58.385+00:00 | BftProcessorExecutor-QBFT-0 | INFO  | QbftBesuControllerBuilder | Produced #539 / 68 tx / 916 pending / 10,447,128 (0.0%) gas / (0x4ec91524b35c73efed82e6c56ed401b5404c9c6c74c216d505fac271c2ebd053)
2026-10-07 20:08:00.330+00:00 | BftProcessorExecutor-QBFT-0 | INFO  | QbftBesuControllerBuilder | Imported #540 / 69 tx / 847 pending / 10,600,750 (0.0%) gas / (0xfc63ca2c8a44206c84635198053bd16b72eac534f1edb7a0a1b1767c6cb90c73)
2026-10-07 20:08:02.285+00:00 | BftProcessorExecutor-QBFT-0 | INFO  | QbftBesuControllerBuilder | Imported #541 / 69 tx / 778 pending / 10,600,710 (0.0%) gas / (0xe60353205578d84d777dcfe6008d35678e51e85e68613969da126bc4ff16a8fc)
2026-10-07 20:08:04.323+00:00 | BftProcessorExecutor-QBFT-0 | INFO  | QbftBesuControllerBuilder | Imported #542 / 69 tx / 709 pending / 10,600,826 (0.0%) gas / (0x1a3280c13ee0be6b6c498e6aa61ea9f1f90ad3fae0919b9a60f61dc91c458fba)
2026-10-07 20:08:06.361+00:00 | BftProcessorExecutor-QBFT-0 | INFO  | QbftBesuControllerBuilder | Imported #543 / 69 tx / 640 pending / 10,600,950 (0.0%) gas / (0x9219dd38c3696d6854cc6d62ff9381b62e343981b208e32f56323b3b0550f9b1)
2026-10-07 20:08:08.489+00:00 | BftProcessorExecutor-QBFT-0 | INFO  | QbftBesuControllerBuilder | Imported #544 / 68 tx / 572 pending / 10,447,220 (0.0%) gas / (0xb2d3f4560948f0f04d80d936097de696895b339815f1505a088ed289b79c4d6f)
2026-10-07 20:08:10.413+00:00 | EthScheduler-Workers-0 | INFO  | PersistBlockTask | Block 545 (0x60499699b1ac39754a3f27d4c76d3abf5726b065bcda5bd04580ad401ac449f7) is already imported
2026-10-07 20:08:10.414+00:00 | BftProcessorExecutor-QBFT-0 | INFO  | QbftBesuControllerBuilder | Imported #545 / 68 tx / 504 pending / 10,447,168 (0.0%) gas / (0x60499699b1ac39754a3f27d4c76d3abf5726b065bcda5bd04580ad401ac449f7)
2026-10-07 20:08:12.376+00:00 | BftProcessorExecutor-QBFT-0 | INFO  | QbftBesuControllerBuilder | Imported #546 / 68 tx / 436 pending / 10,447,044 (0.0%) gas / (0x636082a97d7ad497e99c624f84705c45628bded7b2517f19c435cb7bb0c83a1d)
2026-10-07 20:08:14.422+00:00 | BftProcessorExecutor-QBFT-0 | INFO  | QbftBesuControllerBuilder | Imported #547 / 68 tx / 368 pending / 10,447,148 (0.0%) gas / (0x5dc8e46faf5b06ab7f5070eb199e361b1dfb64ef1802897c30bd04b5e62e8c9c)
2026-10-07 20:08:16.357+00:00 | EthScheduler-Workers-0 | INFO  | PersistBlockTask | Block 548 (0x157dbd9c09f277f8ba5d03c6fd1bcfa7bf95f7a525a4eb420aee17157a5b6843) is already imported
2026-10-07 20:08:16.358+00:00 | BftProcessorExecutor-QBFT-0 | INFO  | QbftBesuControllerBuilder | Imported #548 / 68 tx / 300 pending / 10,447,160 (0.0%) gas / (0x157dbd9c09f277f8ba5d03c6fd1bcfa7bf95f7a525a4eb420aee17157a5b6843)
2026-10-07 20:08:18.524+00:00 | EthScheduler-Workers-0 | INFO  | PersistBlockTask | Block 549 (0x3495beb904b8abfba1e38c422059cd1aff4c12dfcfa563de4a80115b26ac4fbe) is already imported
2026-10-07 20:08:18.524+00:00 | BftProcessorExecutor-QBFT-0 | INFO  | QbftBesuControllerBuilder | Imported #549 / 68 tx / 232 pending / 10,447,120 (0.0%) gas / (0x3495beb904b8abfba1e38c422059cd1aff4c12dfcfa563de4a80115b26ac4fbe)
2026-10-07 20:08:20.343+00:00 | EthScheduler-Workers-0 | INFO  | PersistBlockTask | Block 550 (0x8a8d645f19c8255263999cd58228eb2f8d0a478380784ac9a16e4673a91e6ae1) is already imported
2026-10-07 20:08:20.344+00:00 | BftProcessorExecutor-QBFT-0 | INFO  | QbftBesuControllerBuilder | Imported #550 / 68 tx / 164 pending / 10,447,176 (0.0%) gas / (0x8a8d645f19c8255263999cd58228eb2f8d0a478380784ac9a16e4673a91e6ae1)
2026-10-07 20:08:22.419+00:00 | BftProcessorExecutor-QBFT-0 | INFO  | QbftBesuControllerBuilder | Imported #551 / 68 tx / 96 pending / 10,447,080 (0.0%) gas / (0x79539b003b179a5cd3ce9d43b0daddcfd574229c73b3a80cd92625a6dfd16a61)
2026-10-07 20:08:24.402+00:00 | BftProcessorExecutor-QBFT-0 | INFO  | QbftBesuControllerBuilder | Imported #552 / 68 tx / 28 pending / 10,447,104 (0.0%) gas / (0x998f48ea1f4d4828f887faf9f35465f2e702c7d155410e78456dcb5622eda2ac)
2026-10-07 20:08:26.212+00:00 | EthScheduler-Workers-0 | INFO  | PersistBlockTask | Block 553 (0xdd3f5298eb48c080bfe566b85163c0149cedefb361d6677b8e8046e2c2af37ce) is already imported
2026-10-07 20:08:26.212+00:00 | BftProcessorExecutor-QBFT-0 | INFO  | QbftBesuControllerBuilder | Imported #553 / 28 tx / 0 pending / 4,301,736 (0.0%) gas / (0xdd3f5298eb48c080bfe566b85163c0149cedefb361d6677b8e8046e2c2af37ce)
2026-10-07 20:08:28.075+00:00 | BftProcessorExecutor-QBFT-0 | INFO  | QbftBesuControllerBuilder | Produced #554 / 0 tx / 0 pending / 0 (0.0%) gas / (0x7ed89ea8afefb4fd787f16fda5e83010d1ebc05c1bc252f3958d06b3de249ceb)
2026-10-07 20:08:28.076+00:00 | EthScheduler-Workers-0 | INFO  | PersistBlockTask | Block 554 (0x7ed89ea8afefb4fd787f16fda5e83010d1ebc05c1bc252f3958d06b3de249ceb) is already imported
2026-10-07 20:08:30.072+00:00 | BftProcessorExecutor-QBFT-0 | INFO  | QbftBesuControllerBuilder | Imported #555 / 0 tx / 0 pending / 0 (0.0%) gas / (0x81f8f4a992b6f9cdf3f63db373f370df9084bdd28c52e60ee0ab656cdc40cdf8)
2026-10-07 20:08:30.076+00:00 | EthScheduler-Workers-0 | INFO  | PersistBlockTask | Block 555 (0x81f8f4a992b6f9cdf3f63db373f370df9084bdd28c52e60ee0ab656cdc40cdf8) is already imported
2026-10-07 20:08:32.081+00:00 | BftProcessorExecutor-QBFT-0 | INFO  | QbftBesuControllerBuilder | Imported #556 / 0 tx / 0 pending / 0 (0.0%) gas / (0xff97e4159666bb367f572e5ae0600bf7ac12824f52078331deeba668b06a10fb)
2026-10-07 20:08:32.084+00:00 | EthScheduler-Workers-0 | INFO  | PersistBlockTask | Block 556 (0xff97e4159666bb367f572e5ae0600bf7ac12824f52078331deeba668b06a10fb) is already imported
2026-10-07 20:08:34.073+00:00 | BftProcessorExecutor-QBFT-0 | INFO  | QbftBesuControllerBuilder | Imported #557 / 0 tx / 0 pending / 0 (0.0%) gas / (0x88273d10dfa1ad2ef864c1b3eb15ef23d3d0691d309281d496be8e825bb31a69)
2026-10-07 20:08:36.068+00:00 | BftProcessorExecutor-QBFT-0 | INFO  | QbftBesuControllerBuilder | Imported #558 / 0 tx / 0 pending / 0 (0.0%) gas / (0x59baf7e4f6af19f139cd0fbd63519e7b2e90dcc649ff24c158ccd0ba1adaa6df)
2026-10-07 20:08:38.069+00:00 | BftProcessorExecutor-QBFT-0 | INFO  | QbftBesuControllerBuilder | Imported #559 / 0 tx / 0 pending / 0 (0.0%) gas / (0xf448cd55a55dd6f1ce2cb6927d133e103fd59b729dc30621055390bb9c2182f3)
2026-10-07 20:08:40.079+00:00 | EthScheduler-Workers-0 | INFO  | PersistBlockTask | Block 560 (0x7f8ce068732371d5dfede0fff07e8e71edf01859acdad22503bf43ad071a7e59) is already imported
2026-10-07 20:08:40.080+00:00 | BftProcessorExecutor-QBFT-0 | INFO  | QbftBesuControllerBuilder | Imported #560 / 0 tx / 0 pending / 0 (0.0%) gas / (0x7f8ce068732371d5dfede0fff07e8e71edf01859acdad22503bf43ad071a7e59)
2026-10-07 20:08:42.078+00:00 | EthScheduler-Workers-0 | INFO  | PersistBlockTask | Block 561 (0x3b011892ffd14a7681f5d182e426506adbfede7942f8fab5567b2bdd0c1a120f) is already imported
2026-10-07 20:08:42.078+00:00 | BftProcessorExecutor-QBFT-0 | INFO  | QbftBesuControllerBuilder | Imported #561 / 0 tx / 0 pending / 0 (0.0%) gas / (0x3b011892ffd14a7681f5d182e426506adbfede7942f8fab5567b2bdd0c1a120f)
2026-10-07 20:08:44.072+00:00 | EthScheduler-Workers-0 | INFO  | PersistBlockTask | Block 562 (0x86f4fa8ef2ceeb06d5a0c2ed8db024f019b62306167e178733d81f8c59648e66) is already imported
2026-10-07 20:08:44.073+00:00 | BftProcessorExecutor-QBFT-0 | INFO  | QbftBesuControllerBuilder | Imported #562 / 0 tx / 0 pending / 0 (0.0%) gas / (0x86f4fa8ef2ceeb06d5a0c2ed8db024f019b62306167e178733d81f8c59648e66)
2026-10-07 20:08:46.069+00:00 | BftProcessorExecutor-QBFT-0 | INFO  | QbftBesuControllerBuilder | Imported #563 / 0 tx / 0 pending / 0 (0.0%) gas / (0xb9c30a870b046261b1b331f3188ff5ffc76848f86e890b67767ff1f88ef38528)
2026-10-07 20:08:48.080+00:00 | EthScheduler-Workers-0 | INFO  | PersistBlockTask | Block 564 (0xf9f8a962115818d19ef728085d680d4405187f1f83275e87b1b38f399c39cbee) is already imported
2026-10-07 20:08:48.080+00:00 | BftProcessorExecutor-QBFT-0 | INFO  | QbftBesuControllerBuilder | Imported #564 / 0 tx / 0 pending / 0 (0.0%) gas / (0xf9f8a962115818d19ef728085d680d4405187f1f83275e87b1b38f399c39cbee)
2026-10-07 20:08:50.076+00:00 | BftProcessorExecutor-QBFT-0 | INFO  | QbftBesuControllerBuilder | Imported #565 / 0 tx / 0 pending / 0 (0.0%) gas / (0x33d56f786a3b9d79d73f5c4407df50452b60334f651a0d9d3a40882c9e2fae92)
2026-10-07 20:08:50.078+00:00 | EthScheduler-Workers-0 | INFO  | PersistBlockTask | Block 565 (0x33d56f786a3b9d79d73f5c4407df50452b60334f651a0d9d3a40882c9e2fae92) is already imported
2026-10-07 20:08:52.076+00:00 | EthScheduler-Workers-0 | INFO  | PersistBlockTask | Block 566 (0xc7e1815911f71f771c88d18391cf889e4a4e0dbaa9bd92b3bcad3374dfc7499b) is already imported
2026-10-07 20:08:52.076+00:00 | BftProcessorExecutor-QBFT-0 | INFO  | QbftBesuControllerBuilder | Imported #566 / 0 tx / 0 pending / 0 (0.0%) gas / (0xc7e1815911f71f771c88d18391cf889e4a4e0dbaa9bd92b3bcad3374dfc7499b)
2026-10-07 20:08:54.070+00:00 | BftProcessorExecutor-QBFT-0 | INFO  | QbftBesuControllerBuilder | Imported #567 / 0 tx / 0 pending / 0 (0.0%) gas / (0x5aeb1675938a5ffaa54032e76d65ca414bd7f253b60e3e3b2c7635f2808ff1b5)
2026-10-07 20:08:56.066+00:00 | BftProcessorExecutor-QBFT-0 | INFO  | QbftBesuControllerBuilder | Imported #568 / 0 tx / 0 pending / 0 (0.0%) gas / (0xcfebfddc3fe4661d15032e2b2f4fc207b0f625dc1d595e48c47a5696cd1d1e4c)
2026-10-07 20:08:58.066+00:00 | BftProcessorExecutor-QBFT-0 | INFO  | QbftBesuControllerBuilder | Produced #569 / 0 tx / 0 pending / 0 (0.0%) gas / (0x6ae767fddfcd99c478738649d1e00dc42ed07e9f3c6a54c4a3ab3e58cd2fa85a)
2026-10-07 20:09:00.079+00:00 | EthScheduler-Workers-0 | INFO  | PersistBlockTask | Block 570 (0xf6052df3d3cf030dc1e5041db17e3a46de33c868e6f20d2c8ac95f1fd66cc2b7) is already imported
2026-10-07 20:09:00.079+00:00 | BftProcessorExecutor-QBFT-0 | INFO  | QbftBesuControllerBuilder | Imported #570 / 0 tx / 0 pending / 0 (0.0%) gas / (0xf6052df3d3cf030dc1e5041db17e3a46de33c868e6f20d2c8ac95f1fd66cc2b7)
2026-10-07 20:09:02.083+00:00 | EthScheduler-Workers-0 | INFO  | PersistBlockTask | Block 571 (0x506c0922b4f7c864f47d3df355996bf2bd2032a4e4b6fd8146c82a4c20f253ac) is already imported
2026-10-07 20:09:02.083+00:00 | BftProcessorExecutor-QBFT-0 | INFO  | QbftBesuControllerBuilder | Imported #571 / 0 tx / 0 pending / 0 (0.0%) gas / (0x506c0922b4f7c864f47d3df355996bf2bd2032a4e4b6fd8146c82a4c20f253ac)
2026-10-07 20:09:04.079+00:00 | EthScheduler-Workers-0 | INFO  | PersistBlockTask | Block 572 (0x94983e4a9dc462e1158f53c3466a32ce2a527404097d113ad3fad275d816c597) is already imported
2026-10-07 20:09:04.079+00:00 | BftProcessorExecutor-QBFT-0 | INFO  | QbftBesuControllerBuilder | Imported #572 / 0 tx / 0 pending / 0 (0.0%) gas / (0x94983e4a9dc462e1158f53c3466a32ce2a527404097d113ad3fad275d816c597)
2026-10-07 20:09:06.078+00:00 | EthScheduler-Workers-0 | INFO  | PersistBlockTask | Imported #573 / 0 tx / 0 om / 0 (0.0%) gas / (0xd754170d020a96fa573cc415e4f7c8646057288a05c8ab72a71b758215cc8aa4) in 0.002s. Peers: 14
2026-10-07 20:09:06.078+00:00 | BftProcessorExecutor-QBFT-0 | INFO  | QbftBesuControllerBuilder | Imported #573 / 0 tx / 0 pending / 0 (0.0%) gas / (0xd754170d020a96fa573cc415e4f7c8646057288a05c8ab72a71b758215cc8aa4)
2026-10-07 20:09:08.076+00:00 | BftProcessorExecutor-QBFT-0 | INFO  | QbftBesuControllerBuilder | Imported #574 / 0 tx / 0 pending / 0 (0.0%) gas / (0x76b062d8b7019d36c47c71638524c92689b4dd9546682e5c565aa73aa01c7e55)
2026-10-07 20:09:08.079+00:00 | EthScheduler-Workers-0 | INFO  | PersistBlockTask | Block 574 (0x76b062d8b7019d36c47c71638524c92689b4dd9546682e5c565aa73aa01c7e55) is already imported
2026-10-07 20:09:10.074+00:00 | EthScheduler-Workers-0 | INFO  | PersistBlockTask | Block 575 (0x6e4ba51d19e981c1fc8d9dd7c82ef360a01e805ef2f774551eacc32b2d5e5905) is already imported
2026-10-07 20:09:10.074+00:00 | BftProcessorExecutor-QBFT-0 | INFO  | QbftBesuControllerBuilder | Imported #575 / 0 tx / 0 pending / 0 (0.0%) gas / (0x6e4ba51d19e981c1fc8d9dd7c82ef360a01e805ef2f774551eacc32b2d5e5905)
2026-10-07 20:09:12.168+00:00 | BftProcessorExecutor-QBFT-0 | INFO  | QbftBesuControllerBuilder | Imported #576 / 4 tx / 94 pending / 967,880 (0.0%) gas / (0x385a36f4cc5d3e00dbd71a6483b5453843a5714f9c02bae0b6b4ce97c6f42b73)
2026-10-07 20:09:14.823+00:00 | EthScheduler-Workers-0 | INFO  | PersistBlockTask | Block 577 (0xeb9d3efa34b9c993dccadab7db8f1d88a6e1dedb1e799a9c1422e44d2a16d6e8) is already imported
2026-10-07 20:09:14.823+00:00 | BftProcessorExecutor-QBFT-0 | INFO  | QbftBesuControllerBuilder | Imported #577 / 44 tx / 935 pending / 10,646,680 (0.0%) gas / (0xeb9d3efa34b9c993dccadab7db8f1d88a6e1dedb1e799a9c1422e44d2a16d6e8)
2026-10-07 20:09:17.308+00:00 | BftProcessorExecutor-QBFT-0 | INFO  | QbftBesuControllerBuilder | Imported #578 / 86 tx / 1602 pending / 20,809,420 (0.0%) gas / (0x1fe597245cf0548cdd0cb95043a4770ecea4a76a1ce7b54937a9a34d251a2998)
2026-10-07 20:09:19.961+00:00 | EthScheduler-Workers-0 | INFO  | PersistBlockTask | Block 579 (0x2f4b65b18a3dc4c3baf14bb9a6c3e9917ed6a2a61a887328bc1b57ee5e459638) is already imported
2026-10-07 20:09:19.963+00:00 | BftProcessorExecutor-QBFT-0 | INFO  | QbftBesuControllerBuilder | Imported #579 / 124 tx / 2373 pending / 30,004,280 (0.0%) gas / (0x2f4b65b18a3dc4c3baf14bb9a6c3e9917ed6a2a61a887328bc1b57ee5e459638)
2026-10-07 20:09:22.570+00:00 | EthScheduler-Workers-0 | INFO  | PersistBlockTask | Block 580 (0xfda8786d65c9efe21bfeeb421b4e36b8f1933fd9d2d4eda5cd52add6de55c549) is already imported
2026-10-07 20:09:22.573+00:00 | BftProcessorExecutor-QBFT-0 | INFO  | QbftBesuControllerBuilder | Imported #580 / 178 tx / 3276 pending / 43,070,660 (0.0%) gas / (0xfda8786d65c9efe21bfeeb421b4e36b8f1933fd9d2d4eda5cd52add6de55c549)
2026-10-07 20:09:26.153+00:00 | EthScheduler-Workers-0 | INFO  | PersistBlockTask | Block 581 (0x5dbe03f919e4899fce4cfa3068919842cf8d6c9ef50eb765dab7c75203193013) is already imported
2026-10-07 20:09:26.159+00:00 | BftProcessorExecutor-QBFT-0 | INFO  | QbftBesuControllerBuilder | Imported #581 / 248 tx / 4479 pending / 60,008,560 (0.0%) gas / (0x5dbe03f919e4899fce4cfa3068919842cf8d6c9ef50eb765dab7c75203193013)
2026-10-07 20:09:30.807+00:00 | EthScheduler-Workers-0 | INFO  | PersistBlockTask | Block 582 (0x1f93bad67393b63396702441b35d06d06598bf00833dd405f4b6ca1870ea9f83) is already imported
2026-10-07 20:09:30.813+00:00 | BftProcessorExecutor-QBFT-0 | INFO  | QbftBesuControllerBuilder | Imported #582 / 327 tx / 6010 pending / 79,124,190 (0.0%) gas / (0x1f93bad67393b63396702441b35d06d06598bf00833dd405f4b6ca1870ea9f83)
2026-10-07 20:09:35.520+00:00 | EthScheduler-Workers-0 | INFO  | PersistBlockTask | Block 583 (0x03b593c26145130305f46339a2102e6c13b78e924d0cc106a18d9302b7d6bf3d) is already imported
2026-10-07 20:09:35.541+00:00 | BftProcessorExecutor-QBFT-0 | INFO  | QbftBesuControllerBuilder | Imported #583 / 334 tx / 6847 pending / 80,817,980 (0.0%) gas / (0x03b593c26145130305f46339a2102e6c13b78e924d0cc106a18d9302b7d6bf3d)
2026-10-07 20:09:37.046+00:00 | BftProcessorExecutor-QBFT-0 | WARN  | BlockTransactionSelector | Interrupting the selection of transactions for block inclusion as it exceeds the maximum configured duration of 1500ms
java.util.concurrent.TimeoutException
	at java.base/java.util.concurrent.CompletableFuture.timedGet(CompletableFuture.java:1960)
	at java.base/java.util.concurrent.CompletableFuture.get(CompletableFuture.java:2095)
	at org.hyperledger.besu.ethereum.blockcreation.txselection.BlockTransactionSelector.timeLimitedSelection(BlockTransactionSelector.java:186)
	at org.hyperledger.besu.ethereum.blockcreation.txselection.BlockTransactionSelector.buildTransactionListForBlock(BlockTransactionSelector.java:169)
	at org.hyperledger.besu.ethereum.blockcreation.AbstractBlockCreator.selectTransactions(AbstractBlockCreator.java:376)
	at org.hyperledger.besu.ethereum.blockcreation.AbstractBlockCreator.createBlock(AbstractBlockCreator.java:218)
	at org.hyperledger.besu.ethereum.blockcreation.AbstractBlockCreator.createBlock(AbstractBlockCreator.java:146)
	at org.hyperledger.besu.consensus.common.bft.blockcreation.BftBlockCreator.createBlock(BftBlockCreator.java:92)
	at org.hyperledger.besu.consensus.qbft.statemachine.QbftRound.createAndSendProposalMessage(QbftRound.java:137)
	at org.hyperledger.besu.consensus.qbft.statemachine.QbftBlockHeightManager.handleBlockTimerExpiry(QbftBlockHeightManager.java:140)
	at org.hyperledger.besu.consensus.common.bft.statemachine.BaseBftController.handleBlockTimerExpiry(BaseBftController.java:167)
	at org.hyperledger.besu.consensus.common.bft.EventMultiplexer.handleBftEvent(EventMultiplexer.java:65)
	at java.base/java.util.Optional.ifPresent(Optional.java:178)
	at org.hyperledger.besu.consensus.common.bft.BftProcessor.run(BftProcessor.java:65)
	at java.base/java.util.concurrent.ThreadPoolExecutor.runWorker(ThreadPoolExecutor.java:1144)
	at java.base/java.util.concurrent.ThreadPoolExecutor$Worker.run(ThreadPoolExecutor.java:642)
	at java.base/java.lang.Thread.run(Thread.java:1583)
2026-10-07 20:09:40.116+00:00 | BftProcessorExecutor-QBFT-0 | INFO  | QbftBesuControllerBuilder | Produced #584 / 327 tx / 6520 pending / 79,124,190 (0.0%) gas / (0xc967041abcaf7ac12fc28b66d543447b1a7c79eb8e3794ad9e0fd77a013f45c9)
2026-10-07 20:09:44.705+00:00 | EthScheduler-Workers-0 | INFO  | PersistBlockTask | Block 585 (0xcc7bf9e1bce1c3b72a179ee8c7e0cc0a1997cb83be1ac2187ecab85c96a37835) is already imported
2026-10-07 20:09:44.713+00:00 | BftProcessorExecutor-QBFT-0 | INFO  | QbftBesuControllerBuilder | Imported #585 / 321 tx / 6199 pending / 77,672,370 (0.0%) gas / (0xcc7bf9e1bce1c3b72a179ee8c7e0cc0a1997cb83be1ac2187ecab85c96a37835)
2026-10-07 20:09:49.417+00:00 | EthScheduler-Workers-0 | INFO  | PersistBlockTask | Block 586 (0x51ae6f8e8714060760680ff87fc3d329bfbeb486c8cf5054dbbcd99ca960cc65) is already imported
2026-10-07 20:09:49.423+00:00 | BftProcessorExecutor-QBFT-0 | INFO  | QbftBesuControllerBuilder | Imported #586 / 343 tx / 5856 pending / 82,995,710 (0.0%) gas / (0x51ae6f8e8714060760680ff87fc3d329bfbeb486c8cf5054dbbcd99ca960cc65)
2026-10-07 20:09:54.069+00:00 | BftProcessorExecutor-QBFT-0 | INFO  | QbftBesuControllerBuilder | Imported #587 / 339 tx / 5517 pending / 82,027,830 (0.0%) gas / (0x44646c6847a15d6fdec75d4e6d569aa49a72da012f22f857792744f50c6a8d50)
2026-10-07 20:09:58.783+00:00 | BftProcessorExecutor-QBFT-0 | INFO  | QbftBesuControllerBuilder | Imported #588 / 342 tx / 5175 pending / 82,753,740 (0.0%) gas / (0xfbc4b49161b271876dc6aab09993a470584085715ddb89981662013b65bf7928)
2026-10-07 20:10:03.556+00:00 | EthScheduler-Workers-0 | INFO  | PersistBlockTask | Block 589 (0x182c49db9eaa7ba7be1ad41f5a2c4ce0d4f9e8e1d04125a725359b6f9588bfd2) is already imported
2026-10-07 20:10:03.569+00:00 | BftProcessorExecutor-QBFT-0 | INFO  | QbftBesuControllerBuilder | Imported #589 / 341 tx / 4834 pending / 82,511,770 (0.0%) gas / (0x182c49db9eaa7ba7be1ad41f5a2c4ce0d4f9e8e1d04125a725359b6f9588bfd2)
2026-10-07 20:10:08.227+00:00 | EthScheduler-Workers-0 | INFO  | PersistBlockTask | Block 590 (0x34a0a9dd3d52d715d98858dbb5ec7e51ed31e5c591b3d4b50a9863e798debfe3) is already imported
2026-10-07 20:10:08.233+00:00 | BftProcessorExecutor-QBFT-0 | INFO  | QbftBesuControllerBuilder | Imported #590 / 339 tx / 4495 pending / 82,027,830 (0.0%) gas / (0x34a0a9dd3d52d715d98858dbb5ec7e51ed31e5c591b3d4b50a9863e798debfe3)
2026-10-07 20:10:12.950+00:00 | EthScheduler-Workers-0 | INFO  | PersistBlockTask | Block 591 (0x0cf1b964429c7cce02d2129c135a0f74312414a080e1621e1faa036daef29795) is already imported
2026-10-07 20:10:12.954+00:00 | BftProcessorExecutor-QBFT-0 | INFO  | QbftBesuControllerBuilder | Imported #591 / 340 tx / 4155 pending / 82,269,800 (0.0%) gas / (0x0cf1b964429c7cce02d2129c135a0f74312414a080e1621e1faa036daef29795)
2026-10-07 20:10:17.656+00:00 | EthScheduler-Workers-0 | INFO  | PersistBlockTask | Block 592 (0xd67c48b58f84959b1117bd265278a32f4016a664a4a34f4e776758652baa0209) is already imported
2026-10-07 20:10:17.664+00:00 | BftProcessorExecutor-QBFT-0 | INFO  | QbftBesuControllerBuilder | Imported #592 / 344 tx / 3811 pending / 83,237,680 (0.0%) gas / (0xd67c48b58f84959b1117bd265278a32f4016a664a4a34f4e776758652baa0209)
2026-10-07 20:10:22.403+00:00 | EthScheduler-Workers-0 | INFO  | PersistBlockTask | Block 593 (0xed62b7908b97a22fcba389279e89b6e9d3ec6f74d1eab44ada743e4b47c04030) is already imported
2026-10-07 20:10:22.408+00:00 | BftProcessorExecutor-QBFT-0 | INFO  | QbftBesuControllerBuilder | Imported #593 / 346 tx / 3465 pending / 83,721,620 (0.0%) gas / (0xed62b7908b97a22fcba389279e89b6e9d3ec6f74d1eab44ada743e4b47c04030)
2026-10-07 20:10:27.052+00:00 | EthScheduler-Workers-0 | INFO  | PersistBlockTask | Block 594 (0x39703455853a7d7d07450def39e8cdee8a3111cfc907528f3c46fa73e65092c7) is already imported
2026-10-07 20:10:27.058+00:00 | BftProcessorExecutor-QBFT-0 | INFO  | QbftBesuControllerBuilder | Imported #594 / 341 tx / 3124 pending / 82,511,770 (0.0%) gas / (0x39703455853a7d7d07450def39e8cdee8a3111cfc907528f3c46fa73e65092c7)
2026-10-07 20:10:31.803+00:00 | EthScheduler-Workers-0 | INFO  | PersistBlockTask | Block 595 (0x944078e7274fadd8294ede0e3137364e89931c65d69b863e316b8d93594ca156) is already imported
2026-10-07 20:10:31.806+00:00 | BftProcessorExecutor-QBFT-0 | INFO  | QbftBesuControllerBuilder | Imported #595 / 328 tx / 2796 pending / 79,366,160 (0.0%) gas / (0x944078e7274fadd8294ede0e3137364e89931c65d69b863e316b8d93594ca156)
2026-10-07 20:10:35.889+00:00 | EthScheduler-Workers-0 | INFO  | PersistBlockTask | Block 596 (0x485c4200ef599a88dcfe2c788691d044110003c33ec94858ca357e7f087bea80) is already imported
2026-10-07 20:10:35.892+00:00 | BftProcessorExecutor-QBFT-0 | INFO  | QbftBesuControllerBuilder | Imported #596 / 297 tx / 2499 pending / 71,865,090 (0.0%) gas / (0x485c4200ef599a88dcfe2c788691d044110003c33ec94858ca357e7f087bea80)
2026-10-07 20:10:38.888+00:00 | EthScheduler-Workers-0 | INFO  | PersistBlockTask | Block 597 (0x3edc55ab428d78254db8f55beae4f8d9a55f165f133c608eafba74d84e6479f4) is already imported
2026-10-07 20:10:38.889+00:00 | BftProcessorExecutor-QBFT-0 | INFO  | QbftBesuControllerBuilder | Imported #597 / 217 tx / 2282 pending / 52,507,490 (0.0%) gas / (0x3edc55ab428d78254db8f55beae4f8d9a55f165f133c608eafba74d84e6479f4)
2026-10-07 20:10:41.793+00:00 | BftProcessorExecutor-QBFT-0 | INFO  | QbftBesuControllerBuilder | Imported #598 / 210 tx / 2072 pending / 50,813,700 (0.0%) gas / (0x10e0ee8804c184b13f020388dfc4d1f76500394b041623be8245cfc2a9dd4522)
2026-10-07 20:10:44.795+00:00 | BftProcessorExecutor-QBFT-0 | INFO  | QbftBesuControllerBuilder | Produced #599 / 217 tx / 1855 pending / 52,507,490 (0.0%) gas / (0x603f01bca509ad70e88729822856b2f4aff39d6ce695626e30853ae774f2cd78)
2026-10-07 20:10:48.038+00:00 | BftProcessorExecutor-QBFT-0 | INFO  | QbftBesuControllerBuilder | Imported #600 / 228 tx / 1627 pending / 55,169,160 (0.0%) gas / (0x1671e5f56937e39584d17a15136afb645d8db2c74f9b09dbfd6dd5082bd83214)
2026-10-07 20:10:50.889+00:00 | EthScheduler-Workers-0 | INFO  | PersistBlockTask | Block 601 (0xd1055fa9390b633f16787ca5d61f4228755b64201aa537c4e1b25243641b50f8) is already imported
2026-10-07 20:10:50.891+00:00 | BftProcessorExecutor-QBFT-0 | INFO  | QbftBesuControllerBuilder | Imported #601 / 206 tx / 1421 pending / 49,845,820 (0.0%) gas / (0xd1055fa9390b633f16787ca5d61f4228755b64201aa537c4e1b25243641b50f8)
2026-10-07 20:10:53.784+00:00 | EthScheduler-Workers-0 | INFO  | PersistBlockTask | Block 602 (0x957580b5c3e616e9692351838952810399f2f8d64c1de93843e5fead39c11a50) is already imported
2026-10-07 20:10:53.786+00:00 | BftProcessorExecutor-QBFT-0 | INFO  | QbftBesuControllerBuilder | Imported #602 / 210 tx / 1211 pending / 50,813,700 (0.0%) gas / (0x957580b5c3e616e9692351838952810399f2f8d64c1de93843e5fead39c11a50)
2026-10-07 20:10:56.595+00:00 | BftProcessorExecutor-QBFT-0 | INFO  | QbftBesuControllerBuilder | Imported #603 / 207 tx / 1004 pending / 50,087,790 (0.0%) gas / (0x39b83f05ccb0f977859daa01cfbc610a1a04c19de6444646de4381dc1ac2d47c)
2026-10-07 20:10:59.520+00:00 | BftProcessorExecutor-QBFT-0 | INFO  | QbftBesuControllerBuilder | Imported #604 / 208 tx / 796 pending / 50,329,760 (0.0%) gas / (0xfb633b8eb8bbecbf8cc7b20383c6f8f76d515e6686663433f7c5896c24226511)
2026-10-07 20:11:02.421+00:00 | BftProcessorExecutor-QBFT-0 | INFO  | QbftBesuControllerBuilder | Imported #605 / 206 tx / 590 pending / 49,845,820 (0.0%) gas / (0x73410a6b03892f4a8a8113c143e1dfec7b5220369c2c4f28ee0dfc3af6202033)
2026-10-07 20:11:05.192+00:00 | EthScheduler-Workers-0 | INFO  | PersistBlockTask | Block 606 (0xfdf5d07eb432ef5ae5600cc2124831a23fc615e3b3890af44d0bb6fbb830fa2d) is already imported
2026-10-07 20:11:05.194+00:00 | BftProcessorExecutor-QBFT-0 | INFO  | QbftBesuControllerBuilder | Imported #606 / 201 tx / 389 pending / 48,635,970 (0.0%) gas / (0xfdf5d07eb432ef5ae5600cc2124831a23fc615e3b3890af44d0bb6fbb830fa2d)
2026-10-07 20:11:07.370+00:00 | BftProcessorExecutor-QBFT-0 | INFO  | QbftBesuControllerBuilder | Imported #607 / 157 tx / 232 pending / 37,989,290 (0.0%) gas / (0x7bc16d2466bacfb5c10a06da64e9a27660008edcbf57250df0145a088e136f0d)
2026-10-07 20:11:08.955+00:00 | EthScheduler-Workers-0 | INFO  | PersistBlockTask | Block 608 (0xf9e7f67bd314a02a725e75a8046bc979210a29a8676c1e897baa32a91a5e26ac) is already imported
2026-10-07 20:11:08.957+00:00 | BftProcessorExecutor-QBFT-0 | INFO  | QbftBesuControllerBuilder | Imported #608 / 113 tx / 119 pending / 27,342,610 (0.0%) gas / (0xf9e7f67bd314a02a725e75a8046bc979210a29a8676c1e897baa32a91a5e26ac)
2026-10-07 20:11:10.131+00:00 | BftProcessorExecutor-QBFT-0 | INFO  | QbftBesuControllerBuilder | Imported #609 / 80 tx / 39 pending / 19,357,600 (0.0%) gas / (0x4f8c5000150a93abd7195060aaf508c7a42597c32d6a8b1f22196ce8e464e6e1)
2026-10-07 20:11:11.607+00:00 | BftProcessorExecutor-QBFT-0 | INFO  | QbftBesuControllerBuilder | Imported #610 / 39 tx / 0 pending / 9,436,830 (0.0%) gas / (0xc8e9264d5868ccdb86d16aa346bf7573191077499015f88da76f2789ec75eb06)
2026-10-07 20:11:13.066+00:00 | EthScheduler-Workers-0 | INFO  | PersistBlockTask | Block 611 (0x40c2136ac2f67a66083fc50240bf691e211bd3c15265df603b1cc5fde3f57588) is already imported
2026-10-07 20:11:13.067+00:00 | BftProcessorExecutor-QBFT-0 | INFO  | QbftBesuControllerBuilder | Imported #611 / 0 tx / 0 pending / 0 (0.0%) gas / (0x40c2136ac2f67a66083fc50240bf691e211bd3c15265df603b1cc5fde3f57588)
2026-10-07 20:11:15.074+00:00 | EthScheduler-Workers-0 | INFO  | PersistBlockTask | Block 612 (0xb8b175b6f9c51bd91aa9d2b318eb345c8387042c78e97f6870ce108829bb99ad) is already imported
2026-10-07 20:11:15.074+00:00 | BftProcessorExecutor-QBFT-0 | INFO  | QbftBesuControllerBuilder | Imported #612 / 0 tx / 0 pending / 0 (0.0%) gas / (0xb8b175b6f9c51bd91aa9d2b318eb345c8387042c78e97f6870ce108829bb99ad)
2026-10-07 20:11:17.066+00:00 | BftProcessorExecutor-QBFT-0 | INFO  | QbftBesuControllerBuilder | Imported #613 / 0 tx / 0 pending / 0 (0.0%) gas / (0x2798bced91cd437af6c9c94c9dbc056b4b3ed65f3bfd2216928da69b6a2f3186)
2026-10-07 20:11:19.072+00:00 | BftProcessorExecutor-QBFT-0 | INFO  | QbftBesuControllerBuilder | Produced #614 / 0 tx / 0 pending / 0 (0.0%) gas / (0xc61ef00d5cb387b53e0c15901edb4a7d6486bfef20577125768f5c34b161e510)
2026-10-07 20:11:21.073+00:00 | EthScheduler-Workers-0 | INFO  | PersistBlockTask | Block 615 (0xc9c9a509c3ffc6949ee7a4351e3ead143c87ca665a5e93b3ec66cbc6db566d81) is already imported
2026-10-07 20:11:21.074+00:00 | BftProcessorExecutor-QBFT-0 | INFO  | QbftBesuControllerBuilder | Imported #615 / 0 tx / 0 pending / 0 (0.0%) gas / (0xc9c9a509c3ffc6949ee7a4351e3ead143c87ca665a5e93b3ec66cbc6db566d81)
2026-10-07 20:11:23.085+00:00 | EthScheduler-Workers-0 | INFO  | PersistBlockTask | Block 616 (0x359e62dcfc1222058a6882120c3756e09d4a51bd3e4d7b703c8a61bc2370c6ac) is already imported
2026-10-07 20:11:23.085+00:00 | BftProcessorExecutor-QBFT-0 | INFO  | QbftBesuControllerBuilder | Imported #616 / 0 tx / 0 pending / 0 (0.0%) gas / (0x359e62dcfc1222058a6882120c3756e09d4a51bd3e4d7b703c8a61bc2370c6ac)
2026-10-07 20:11:25.074+00:00 | BftProcessorExecutor-QBFT-0 | INFO  | QbftBesuControllerBuilder | Imported #617 / 0 tx / 0 pending / 0 (0.0%) gas / (0x02daef59419bf76c9d83128d3780840ce9e02496eb62712ac2c0f1c11b2b265f)
2026-10-07 20:11:27.077+00:00 | EthScheduler-Workers-0 | INFO  | PersistBlockTask | Imported #618 / 0 tx / 0 om / 0 (0.0%) gas / (0xca9921dddeba4a0b09635f3a60e64c26a0bcaa8d4f1fd0e6c4af123d40d701fa) in 0.001s. Peers: 14
2026-10-07 20:11:29.084+00:00 | EthScheduler-Workers-0 | INFO  | PersistBlockTask | Block 619 (0x9df47e4a4493b92aa9feb2fcdc7cc4e9aa201a323e2396bbe71d93b58479eca0) is already imported
2026-10-07 20:11:29.084+00:00 | BftProcessorExecutor-QBFT-0 | INFO  | QbftBesuControllerBuilder | Imported #619 / 0 tx / 0 pending / 0 (0.0%) gas / (0x9df47e4a4493b92aa9feb2fcdc7cc4e9aa201a323e2396bbe71d93b58479eca0)
2026-10-07 20:11:31.085+00:00 | EthScheduler-Workers-0 | INFO  | PersistBlockTask | Block 620 (0x79d20b10be1480c5281b414b31e018db4d9e39ea5ae555b3f30da0e118f68eef) is already imported
2026-10-07 20:11:31.085+00:00 | BftProcessorExecutor-QBFT-0 | INFO  | QbftBesuControllerBuilder | Imported #620 / 0 tx / 0 pending / 0 (0.0%) gas / (0x79d20b10be1480c5281b414b31e018db4d9e39ea5ae555b3f30da0e118f68eef)
2026-10-07 20:11:33.086+00:00 | EthScheduler-Workers-0 | INFO  | PersistBlockTask | Block 621 (0xdec8411b5405f2eb668c5fe7e86396bd6ba7f10c1bcd191e9870927ba660e8d2) is already imported
2026-10-07 20:11:33.086+00:00 | BftProcessorExecutor-QBFT-0 | INFO  | QbftBesuControllerBuilder | Imported #621 / 0 tx / 0 pending / 0 (0.0%) gas / (0xdec8411b5405f2eb668c5fe7e86396bd6ba7f10c1bcd191e9870927ba660e8d2)
2026-10-07 20:11:35.076+00:00 | EthScheduler-Workers-0 | INFO  | PersistBlockTask | Block 622 (0x7cbcc1791316da2baa03546c75de1852cb671ac2f7a2ca3a344a8375df788ce8) is already imported
2026-10-07 20:11:35.076+00:00 | BftProcessorExecutor-QBFT-0 | INFO  | QbftBesuControllerBuilder | Imported #622 / 0 tx / 0 pending / 0 (0.0%) gas / (0x7cbcc1791316da2baa03546c75de1852cb671ac2f7a2ca3a344a8375df788ce8)
2026-10-07 20:11:37.085+00:00 | BftProcessorExecutor-QBFT-0 | INFO  | QbftBesuControllerBuilder | Imported #623 / 0 tx / 0 pending / 0 (0.0%) gas / (0x7c7e99ad133d2da17741f67978be1a884cf7c60cf8a840eba79aa55a4009f989)
2026-10-07 20:11:39.056+00:00 | BftProcessorExecutor-QBFT-0 | INFO  | QbftBesuControllerBuilder | Imported #624 / 0 tx / 0 pending / 0 (0.0%) gas / (0x692d22d026ce7ccfd514dfd95b9770d8114a9e3e3c37acf13a0c902aa73e6721)
2026-10-07 20:11:41.070+00:00 | EthScheduler-Workers-0 | INFO  | PersistBlockTask | Block 625 (0xfb7edddc2d9ff97cd77af7ea9da7ba51226fa731cd725508722696961604c080) is already imported
2026-10-07 20:11:41.070+00:00 | BftProcessorExecutor-QBFT-0 | INFO  | QbftBesuControllerBuilder | Imported #625 / 0 tx / 0 pending / 0 (0.0%) gas / (0xfb7edddc2d9ff97cd77af7ea9da7ba51226fa731cd725508722696961604c080)
2026-10-07 20:11:43.073+00:00 | EthScheduler-Workers-0 | INFO  | PersistBlockTask | Block 626 (0x7ad1328b5d6c72410dff09191cb3ad056a188133a653587d58645aa7baf350d6) is already imported
2026-10-07 20:11:43.073+00:00 | BftProcessorExecutor-QBFT-0 | INFO  | QbftBesuControllerBuilder | Imported #626 / 0 tx / 0 pending / 0 (0.0%) gas / (0x7ad1328b5d6c72410dff09191cb3ad056a188133a653587d58645aa7baf350d6)
2026-10-07 20:11:45.074+00:00 | BftProcessorExecutor-QBFT-0 | INFO  | QbftBesuControllerBuilder | Imported #627 / 0 tx / 0 pending / 0 (0.0%) gas / (0xe1a8820d110143e67a260c742ea3a277a84f400e8b2b90167502cf08562140fc)
2026-10-07 20:11:47.067+00:00 | BftProcessorExecutor-QBFT-0 | INFO  | QbftBesuControllerBuilder | Imported #628 / 0 tx / 0 pending / 0 (0.0%) gas / (0x918a7561e02337660bc1fb4675bf7b93faf939d1fc37bbc26b556bc51a93b012)
2026-10-07 20:11:49.076+00:00 | BftProcessorExecutor-QBFT-0 | INFO  | QbftBesuControllerBuilder | Produced #629 / 0 tx / 0 pending / 0 (0.0%) gas / (0x3e2f2c47f1ebb3298f2ccf84810fbc8bf3db561ddf5580a1bc77cea41ad6a3cb)
2026-10-07 20:11:51.079+00:00 | EthScheduler-Workers-0 | INFO  | PersistBlockTask | Imported #630 / 0 tx / 0 om / 0 (0.0%) gas / (0xe0c11409eaeb6dbf69543a197301744430735696f8f547be5755f024cc40117f) in 0.003s. Peers: 14
2026-10-07 20:11:51.080+00:00 | BftProcessorExecutor-QBFT-0 | INFO  | QbftBesuControllerBuilder | Imported #630 / 0 tx / 0 pending / 0 (0.0%) gas / (0xe0c11409eaeb6dbf69543a197301744430735696f8f547be5755f024cc40117f)
2026-10-07 20:11:53.075+00:00 | EthScheduler-Workers-0 | INFO  | PersistBlockTask | Block 631 (0x8d8f6dab7965ccd47a9f1151d416393cb35bf7743abf54e4421cb07d4e5fc323) is already imported
2026-10-07 20:11:53.075+00:00 | BftProcessorExecutor-QBFT-0 | INFO  | QbftBesuControllerBuilder | Imported #631 / 0 tx / 0 pending / 0 (0.0%) gas / (0x8d8f6dab7965ccd47a9f1151d416393cb35bf7743abf54e4421cb07d4e5fc323)
2026-10-07 20:11:55.058+00:00 | BftProcessorExecutor-QBFT-0 | INFO  | QbftBesuControllerBuilder | Imported #632 / 0 tx / 0 pending / 0 (0.0%) gas / (0x00a5f28dd551a5330fae34223e4ef86b01725f931b6cf19a136365c1ea251963)
2026-10-07 20:11:57.062+00:00 | EthScheduler-Workers-0 | INFO  | PersistBlockTask | Imported #633 / 0 tx / 0 om / 0 (0.0%) gas / (0xbb5e4558971a13c3827260de285ab420a8d05217079d2df9c64a3525d9230599) in 0.000s. Peers: 14
2026-10-07 20:11:57.063+00:00 | BftProcessorExecutor-QBFT-0 | INFO  | QbftBesuControllerBuilder | Imported #633 / 0 tx / 0 pending / 0 (0.0%) gas / (0xbb5e4558971a13c3827260de285ab420a8d05217079d2df9c64a3525d9230599)
2026-10-07 20:11:59.077+00:00 | EthScheduler-Workers-0 | INFO  | PersistBlockTask | Imported #634 / 0 tx / 0 om / 0 (0.0%) gas / (0x83960c8ce4df5172eff014fedc08c11431c7d2acfbcfc4bafdd26458a01fa36f) in 0.001s. Peers: 14
2026-10-07 20:11:59.077+00:00 | BftProcessorExecutor-QBFT-0 | INFO  | QbftBesuControllerBuilder | Imported #634 / 0 tx / 0 pending / 0 (0.0%) gas / (0x83960c8ce4df5172eff014fedc08c11431c7d2acfbcfc4bafdd26458a01fa36f)
2026-10-07 20:12:01.078+00:00 | EthScheduler-Workers-0 | INFO  | PersistBlockTask | Block 635 (0x09dbf242b432ff42f8d3123ade98277a191ecdabcab9ec01ad93c1a0526da940) is already imported
2026-10-07 20:12:01.078+00:00 | BftProcessorExecutor-QBFT-0 | INFO  | QbftBesuControllerBuilder | Imported #635 / 0 tx / 0 pending / 0 (0.0%) gas / (0x09dbf242b432ff42f8d3123ade98277a191ecdabcab9ec01ad93c1a0526da940)
2026-10-07 20:12:03.082+00:00 | EthScheduler-Workers-0 | INFO  | PersistBlockTask | Block 636 (0x5fbd4e0f7c848d8333cbd3c0a31b1fd207016db6b2da18ca33f17680efa10436) is already imported
2026-10-07 20:12:03.082+00:00 | BftProcessorExecutor-QBFT-0 | INFO  | QbftBesuControllerBuilder | Imported #636 / 0 tx / 0 pending / 0 (0.0%) gas / (0x5fbd4e0f7c848d8333cbd3c0a31b1fd207016db6b2da18ca33f17680efa10436)
2026-10-07 20:12:05.073+00:00 | BftProcessorExecutor-QBFT-0 | INFO  | QbftBesuControllerBuilder | Imported #637 / 0 tx / 0 pending / 0 (0.0%) gas / (0x8f2a81468d81ac852d52bf56ab337f61a843c3c887c2f04aa31a7d0726795892)
2026-10-07 20:12:07.072+00:00 | BftProcessorExecutor-QBFT-0 | INFO  | QbftBesuControllerBuilder | Imported #638 / 0 tx / 0 pending / 0 (0.0%) gas / (0x1cf9a1cc36601fceebab8257f03ceec0cd965743255b806b064c9c902d5284d6)
2026-10-07 20:12:09.076+00:00 | EthScheduler-Workers-0 | INFO  | PersistBlockTask | Block 639 (0xda7bd2b5afb26f3524dc5f464d2ec2050e9f37dd8d91536b74e8409e8c586171) is already imported
2026-10-07 20:12:09.076+00:00 | BftProcessorExecutor-QBFT-0 | INFO  | QbftBesuControllerBuilder | Imported #639 / 0 tx / 0 pending / 0 (0.0%) gas / (0xda7bd2b5afb26f3524dc5f464d2ec2050e9f37dd8d91536b74e8409e8c586171)
2026-10-07 20:12:11.064+00:00 | BftProcessorExecutor-QBFT-0 | INFO  | QbftBesuControllerBuilder | Imported #640 / 0 tx / 0 pending / 0 (0.0%) gas / (0x72130bb1e28c0edbaecc9e2d997f7eed2ca7acfdc35097b8e0a12f12c78f5e33)
2026-10-07 20:12:13.078+00:00 | EthScheduler-Workers-0 | INFO  | PersistBlockTask | Block 641 (0x280a6372f86deb19ef9d8efe4b0cff97a06338e47818b96670bb750641db7793) is already imported
2026-10-07 20:12:13.078+00:00 | BftProcessorExecutor-QBFT-0 | INFO  | QbftBesuControllerBuilder | Imported #641 / 0 tx / 0 pending / 0 (0.0%) gas / (0x280a6372f86deb19ef9d8efe4b0cff97a06338e47818b96670bb750641db7793)
2026-10-07 20:12:15.083+00:00 | EthScheduler-Workers-0 | INFO  | PersistBlockTask | Block 642 (0x160bf0951ddb04c2adf01ef9ae21641942581f61e6907b468d3eb338369f4f1c) is already imported
2026-10-07 20:12:15.083+00:00 | BftProcessorExecutor-QBFT-0 | INFO  | QbftBesuControllerBuilder | Imported #642 / 0 tx / 0 pending / 0 (0.0%) gas / (0x160bf0951ddb04c2adf01ef9ae21641942581f61e6907b468d3eb338369f4f1c)
2026-10-07 20:12:17.085+00:00 | EthScheduler-Workers-0 | INFO  | PersistBlockTask | Block 643 (0xadd55fcad2026cd8e263f7f59a7c820d5f87a86b3dbd407f080cfec8b58ffa30) is already imported
2026-10-07 20:12:17.086+00:00 | BftProcessorExecutor-QBFT-0 | INFO  | QbftBesuControllerBuilder | Imported #643 / 0 tx / 0 pending / 0 (0.0%) gas / (0xadd55fcad2026cd8e263f7f59a7c820d5f87a86b3dbd407f080cfec8b58ffa30)
2026-10-07 20:12:19.089+00:00 | EthScheduler-Workers-0 | INFO  | PersistBlockTask | Block 644 (0xc1803074d3e7650e7eed8ddea1dfff1d1a6a5f94b997cf80896cab1d43a7c57b) is already imported
2026-10-07 20:12:19.090+00:00 | BftProcessorExecutor-QBFT-0 | INFO  | QbftBesuControllerBuilder | Produced #644 / 0 tx / 0 pending / 0 (0.0%) gas / (0xc1803074d3e7650e7eed8ddea1dfff1d1a6a5f94b997cf80896cab1d43a7c57b)
2026-10-07 20:12:21.063+00:00 | BftProcessorExecutor-QBFT-0 | INFO  | QbftBesuControllerBuilder | Imported #645 / 0 tx / 0 pending / 0 (0.0%) gas / (0x8e5c929f4bf4445a16c5f6d12a05d3a7e4735d63b1d5ab94b3626c0889ae5321)
2026-10-07 20:12:23.081+00:00 | BftProcessorExecutor-QBFT-0 | INFO  | QbftBesuControllerBuilder | Imported #646 / 0 tx / 0 pending / 0 (0.0%) gas / (0x532267df1944a86c9e8eeba38a277103295bc6945b210640a775a037a9bd8b96)
2026-10-07 20:12:25.078+00:00 | EthScheduler-Workers-0 | INFO  | PersistBlockTask | Imported #647 / 0 tx / 0 om / 0 (0.0%) gas / (0xbc8ba1d521878305ee1adb7940f913dcbb630045a3fb3ba6a8aa634e8ff61d2f) in 0.001s. Peers: 14
2026-10-07 20:12:25.078+00:00 | BftProcessorExecutor-QBFT-0 | INFO  | QbftBesuControllerBuilder | Imported #647 / 0 tx / 0 pending / 0 (0.0%) gas / (0xbc8ba1d521878305ee1adb7940f913dcbb630045a3fb3ba6a8aa634e8ff61d2f)
2026-10-07 20:12:27.082+00:00 | BftProcessorExecutor-QBFT-0 | INFO  | QbftBesuControllerBuilder | Imported #648 / 0 tx / 0 pending / 0 (0.0%) gas / (0xb1c05b46fffbd2b55a896c1fd1cbdbe6a59bbb4590121dda2777773bdff413e5)
2026-10-07 20:12:27.084+00:00 | EthScheduler-Workers-0 | INFO  | PersistBlockTask | Block 648 (0xb1c05b46fffbd2b55a896c1fd1cbdbe6a59bbb4590121dda2777773bdff413e5) is already imported
2026-10-07 20:12:29.082+00:00 | EthScheduler-Workers-0 | INFO  | PersistBlockTask | Block 649 (0x30843805309f844404909e0d0f1187478ffafc7b3c750348b039b14aa3abfa0c) is already imported
2026-10-07 20:12:29.082+00:00 | BftProcessorExecutor-QBFT-0 | INFO  | QbftBesuControllerBuilder | Imported #649 / 0 tx / 0 pending / 0 (0.0%) gas / (0x30843805309f844404909e0d0f1187478ffafc7b3c750348b039b14aa3abfa0c)
2026-10-07 20:12:31.076+00:00 | EthScheduler-Workers-0 | INFO  | PersistBlockTask | Block 650 (0x2569fbc425f695d86f9131acf107f5e671fff9120521445f2005619804632d3a) is already imported
2026-10-07 20:12:31.076+00:00 | BftProcessorExecutor-QBFT-0 | INFO  | QbftBesuControllerBuilder | Imported #650 / 0 tx / 0 pending / 0 (0.0%) gas / (0x2569fbc425f695d86f9131acf107f5e671fff9120521445f2005619804632d3a)
2026-10-07 20:12:33.076+00:00 | BftProcessorExecutor-QBFT-0 | INFO  | QbftBesuControllerBuilder | Imported #651 / 0 tx / 0 pending / 0 (0.0%) gas / (0xb84a4b4d649e23f602dd05f9e6bfbfe609093a483212e04106efaf3597618488)
2026-10-07 20:12:35.076+00:00 | BftProcessorExecutor-QBFT-0 | INFO  | QbftBesuControllerBuilder | Imported #652 / 0 tx / 0 pending / 0 (0.0%) gas / (0xa413a07dadc421e9ac5a80ea674ea181f178ba763dbaf15b8009d1e270dbabf1)
2026-10-07 20:12:37.067+00:00 | BftProcessorExecutor-QBFT-0 | INFO  | QbftBesuControllerBuilder | Imported #653 / 0 tx / 0 pending / 0 (0.0%) gas / (0x2453f67fe38a0cddcf1004c479287555e7c211205c5a719bb6d12135acfeb97c)
2026-10-07 20:12:39.085+00:00 | EthScheduler-Workers-0 | INFO  | PersistBlockTask | Imported #654 / 0 tx / 0 om / 0 (0.0%) gas / (0x3d6e0ca472638cc5fe1ff50188ae33c4d2531037a6da77c1ef0e22b02d234740) in 0.002s. Peers: 14
2026-10-07 20:12:39.085+00:00 | BftProcessorExecutor-QBFT-0 | INFO  | QbftBesuControllerBuilder | Imported #654 / 0 tx / 0 pending / 0 (0.0%) gas / (0x3d6e0ca472638cc5fe1ff50188ae33c4d2531037a6da77c1ef0e22b02d234740)
2026-10-07 20:12:41.078+00:00 | BftProcessorExecutor-QBFT-0 | INFO  | QbftBesuControllerBuilder | Imported #655 / 0 tx / 0 pending / 0 (0.0%) gas / (0x26b7809412e96a99cb22e4134cb32a9dc585b9dd7ef46d32db2cc11d31bdc69d)
2026-10-07 20:12:41.078+00:00 | EthScheduler-Workers-0 | INFO  | PersistBlockTask | Block 655 (0x26b7809412e96a99cb22e4134cb32a9dc585b9dd7ef46d32db2cc11d31bdc69d) is already imported
2026-10-07 20:12:43.068+00:00 | BftProcessorExecutor-QBFT-0 | INFO  | QbftBesuControllerBuilder | Imported #656 / 0 tx / 0 pending / 0 (0.0%) gas / (0x7e203b50f5bc58db2c188619671f532136900dfabd4e2484b59b59cba6307148)
2026-10-07 20:12:45.083+00:00 | BftProcessorExecutor-QBFT-0 | INFO  | QbftBesuControllerBuilder | Imported #657 / 0 tx / 0 pending / 0 (0.0%) gas / (0x4ffbea494b99a7582bbcf13bb7e4078e475f06d27bdf2809d858bc8833e15986)
2026-10-07 20:12:47.082+00:00 | BftProcessorExecutor-QBFT-0 | INFO  | QbftBesuControllerBuilder | Imported #658 / 0 tx / 0 pending / 0 (0.0%) gas / (0xfd412e0bf5bf4d2bca349254b7f918e011534b9528fb294fb4b0af9d83d8a820)
2026-10-07 20:12:49.080+00:00 | EthScheduler-Workers-0 | INFO  | PersistBlockTask | Block 659 (0x6b269583129d441e141ad68e492d4f892dff0b9a15b33a17f34b86b5c2fb8a4f) is already imported
2026-10-07 20:12:49.080+00:00 | BftProcessorExecutor-QBFT-0 | INFO  | QbftBesuControllerBuilder | Produced #659 / 0 tx / 0 pending / 0 (0.0%) gas / (0x6b269583129d441e141ad68e492d4f892dff0b9a15b33a17f34b86b5c2fb8a4f)
2026-10-07 20:12:51.075+00:00 | BftProcessorExecutor-QBFT-0 | INFO  | QbftBesuControllerBuilder | Imported #660 / 0 tx / 0 pending / 0 (0.0%) gas / (0xf86db3fa856b6bb0ca87a4f0724ea026fbaaf5c3764dfaa1a802df1cf72f7f80)
2026-10-07 20:12:51.074+00:00 | EthScheduler-Workers-0 | INFO  | PersistBlockTask | Block 660 (0xf86db3fa856b6bb0ca87a4f0724ea026fbaaf5c3764dfaa1a802df1cf72f7f80) is already imported
2026-10-07 20:12:53.074+00:00 | EthScheduler-Workers-0 | INFO  | PersistBlockTask | Block 661 (0x06acd8df69097465429b805c63be5e5ea98322ed285daf897824c1a02bb5ef91) is already imported
2026-10-07 20:12:53.074+00:00 | BftProcessorExecutor-QBFT-0 | INFO  | QbftBesuControllerBuilder | Imported #661 / 0 tx / 0 pending / 0 (0.0%) gas / (0x06acd8df69097465429b805c63be5e5ea98322ed285daf897824c1a02bb5ef91)
2026-10-07 20:12:55.051+00:00 | BftProcessorExecutor-QBFT-0 | INFO  | QbftBesuControllerBuilder | Imported #662 / 0 tx / 8 pending / 0 (0.0%) gas / (0xd927065e70fa5f96b31ec75731cf6ebbb2acdddf7a20b813470bc14ff617ba3b)
2026-10-07 20:12:57.292+00:00 | EthScheduler-Workers-0 | INFO  | PersistBlockTask | Block 663 (0xe4c31078d3678c0594ec60ca19d804294206c0416835aed631927b387322e91c) is already imported
2026-10-07 20:12:57.293+00:00 | BftProcessorExecutor-QBFT-0 | INFO  | QbftBesuControllerBuilder | Imported #663 / 42 tx / 709 pending / 6,452,488 (0.0%) gas / (0xe4c31078d3678c0594ec60ca19d804294206c0416835aed631927b387322e91c)
2026-10-07 20:12:59.404+00:00 | BftProcessorExecutor-QBFT-0 | INFO  | QbftBesuControllerBuilder | Imported #664 / 68 tx / 914 pending / 10,447,076 (0.0%) gas / (0x855e36c3da30f4dc3a950c91aace82bd5af68da63b5977b5bcc2aa9df743c379)
2026-10-07 20:13:01.409+00:00 | EthScheduler-Workers-0 | INFO  | PersistBlockTask | Block 665 (0x477973b81401bcdcd40e563003274e4d559ca8d4bb0f8d47a2b6255666e084d5) is already imported
2026-10-07 20:13:01.410+00:00 | BftProcessorExecutor-QBFT-0 | INFO  | QbftBesuControllerBuilder | Imported #665 / 68 tx / 846 pending / 10,447,020 (0.0%) gas / (0x477973b81401bcdcd40e563003274e4d559ca8d4bb0f8d47a2b6255666e084d5)
2026-10-07 20:13:03.344+00:00 | BftProcessorExecutor-QBFT-0 | INFO  | QbftBesuControllerBuilder | Imported #666 / 68 tx / 778 pending / 10,447,180 (0.0%) gas / (0xc9a121d23c1d24ddb89ce8c72cf7f226807b5dec1c998e7f790ef86c20952013)
2026-10-07 20:13:05.417+00:00 | BftProcessorExecutor-QBFT-0 | INFO  | QbftBesuControllerBuilder | Imported #667 / 68 tx / 710 pending / 10,447,152 (0.0%) gas / (0x678275967df5d7fdedbb0189161439317782e6b6fe281f31908261bff9d713b8)
2026-10-07 20:13:07.434+00:00 | BftProcessorExecutor-QBFT-0 | INFO  | QbftBesuControllerBuilder | Imported #668 / 68 tx / 642 pending / 10,447,096 (0.0%) gas / (0x12e75e513155cbe8584aabc039b49ce8385b193e24834ed3b165f78ea827e777)
2026-10-07 20:13:09.348+00:00 | BftProcessorExecutor-QBFT-0 | INFO  | QbftBesuControllerBuilder | Imported #669 / 68 tx / 574 pending / 10,446,916 (0.0%) gas / (0x4327e6fbfd7b6d940ea7678d5fc3044138fa23cc3df697a2b9f593c8853a9791)
2026-10-07 20:13:11.399+00:00 | BftProcessorExecutor-QBFT-0 | INFO  | QbftBesuControllerBuilder | Imported #670 / 68 tx / 506 pending / 10,447,196 (0.0%) gas / (0xea731baa93690f7641992f1733a9eae8b78c31800a42f37a649cb53c72e094f4)
2026-10-07 20:13:13.373+00:00 | EthScheduler-Workers-0 | INFO  | PersistBlockTask | Block 671 (0x400e3760f555c48e43b95802476e1a170ed7856671ccd611635a2288810c93fa) is already imported
2026-10-07 20:13:13.373+00:00 | BftProcessorExecutor-QBFT-0 | INFO  | QbftBesuControllerBuilder | Imported #671 / 68 tx / 438 pending / 10,447,216 (0.0%) gas / (0x400e3760f555c48e43b95802476e1a170ed7856671ccd611635a2288810c93fa)
2026-10-07 20:13:15.369+00:00 | BftProcessorExecutor-QBFT-0 | INFO  | QbftBesuControllerBuilder | Imported #672 / 68 tx / 370 pending / 10,447,104 (0.0%) gas / (0x5abfb30ad1a7000ec57c138a71eca54c70b7aecfa9d738ee0509cdbc8ff274ce)
2026-10-07 20:13:17.460+00:00 | BftProcessorExecutor-QBFT-0 | INFO  | QbftBesuControllerBuilder | Imported #673 / 68 tx / 302 pending / 10,447,032 (0.0%) gas / (0xb6e6d20eeee438d60d94b26be59a15c8fd41d78c226982696abbe4eb339c3be1)
2026-10-07 20:13:19.341+00:00 | BftProcessorExecutor-QBFT-0 | INFO  | QbftBesuControllerBuilder | Produced #674 / 68 tx / 234 pending / 10,447,220 (0.0%) gas / (0x83c4054523c85c52be2c676c4a0ecce02e25b2147d3bd73e774808c8f06789ca)
2026-10-07 20:13:21.396+00:00 | BftProcessorExecutor-QBFT-0 | INFO  | QbftBesuControllerBuilder | Imported #675 / 69 tx / 165 pending / 10,600,850 (0.0%) gas / (0xc347dfdf8996f9249aa70cb021ab0e0530e807566d607754ba28bc39e3d88b62)
2026-10-07 20:13:23.314+00:00 | BftProcessorExecutor-QBFT-0 | INFO  | QbftBesuControllerBuilder | Imported #676 / 69 tx / 96 pending / 10,600,706 (0.0%) gas / (0xe5c1b87a08dff0c97d3bc44189929088ff5c7468a0733be454597cb40fc533f9)
2026-10-07 20:13:25.454+00:00 | EthScheduler-Workers-0 | INFO  | PersistBlockTask | Block 677 (0x5319deaaa974a7a40f386afe0f8b6184b32360f34c756ad5f37bc3af8236b059) is already imported
2026-10-07 20:13:25.454+00:00 | BftProcessorExecutor-QBFT-0 | INFO  | QbftBesuControllerBuilder | Imported #677 / 69 tx / 27 pending / 10,600,678 (0.0%) gas / (0x5319deaaa974a7a40f386afe0f8b6184b32360f34c756ad5f37bc3af8236b059)
2026-10-07 20:13:27.252+00:00 | EthScheduler-Workers-0 | INFO  | PersistBlockTask | Block 678 (0x0f60852e7c150f0dd2c65555255bba09d8399af66ca4f7a26ce48707931f8d06) is already imported
2026-10-07 20:13:27.252+00:00 | BftProcessorExecutor-QBFT-0 | INFO  | QbftBesuControllerBuilder | Imported #678 / 27 tx / 0 pending / 4,148,138 (0.0%) gas / (0x0f60852e7c150f0dd2c65555255bba09d8399af66ca4f7a26ce48707931f8d06)
2026-10-07 20:13:29.054+00:00 | BftProcessorExecutor-QBFT-0 | INFO  | QbftBesuControllerBuilder | Imported #679 / 0 tx / 0 pending / 0 (0.0%) gas / (0x8574d12877e3803de50cb645438133f64c4811baa974f8c17c00853793da2334)
2026-10-07 20:13:31.070+00:00 | BftProcessorExecutor-QBFT-0 | INFO  | QbftBesuControllerBuilder | Imported #680 / 0 tx / 0 pending / 0 (0.0%) gas / (0xc6f50d916effd8e9ed01fa23d325c1538fa02ec631b4da8b993b63abbe517203)
2026-10-07 20:13:33.079+00:00 | EthScheduler-Workers-0 | INFO  | PersistBlockTask | Block 681 (0xc5e742a47d07652f368dd0910c1db7f12916a98486059f4225059edfb0c233f1) is already imported
2026-10-07 20:13:33.079+00:00 | BftProcessorExecutor-QBFT-0 | INFO  | QbftBesuControllerBuilder | Imported #681 / 0 tx / 0 pending / 0 (0.0%) gas / (0xc5e742a47d07652f368dd0910c1db7f12916a98486059f4225059edfb0c233f1)
2026-10-07 20:13:35.076+00:00 | BftProcessorExecutor-QBFT-0 | INFO  | QbftBesuControllerBuilder | Imported #682 / 0 tx / 0 pending / 0 (0.0%) gas / (0xc83dfdea42f4f837ed9f67de489dac4c71ceb2c555a82504ea4a21ad51010a99)
2026-10-07 20:13:35.077+00:00 | EthScheduler-Workers-0 | INFO  | PersistBlockTask | Block 682 (0xc83dfdea42f4f837ed9f67de489dac4c71ceb2c555a82504ea4a21ad51010a99) is already imported
2026-10-07 20:13:37.070+00:00 | BftProcessorExecutor-QBFT-0 | INFO  | QbftBesuControllerBuilder | Imported #683 / 0 tx / 0 pending / 0 (0.0%) gas / (0xf6d60bceba1365c57192b61f2829ae2f9a0bc740fe28aa492e0457e533365a92)
2026-10-07 20:13:39.061+00:00 | BftProcessorExecutor-QBFT-0 | INFO  | QbftBesuControllerBuilder | Imported #684 / 0 tx / 0 pending / 0 (0.0%) gas / (0x9b5fe791fd524d2506310fd0a37ff3eba695a3dfdb44e8ff858191a0f679783d)
2026-10-07 20:13:41.069+00:00 | EthScheduler-Workers-0 | INFO  | PersistBlockTask | Imported #685 / 0 tx / 0 om / 0 (0.0%) gas / (0x03475e9453df62ac4920ea87e1542e02499ad4214459d2391bbed362f58e0a87) in 0.001s. Peers: 14
2026-10-07 20:13:43.066+00:00 | BftProcessorExecutor-QBFT-0 | INFO  | QbftBesuControllerBuilder | Imported #686 / 0 tx / 0 pending / 0 (0.0%) gas / (0x41e3bd67c677f6511bbcd8b2f1ea48bca5d2a54759806b639fd6e3dda36e2cce)
2026-10-07 20:13:45.063+00:00 | BftProcessorExecutor-QBFT-0 | INFO  | QbftBesuControllerBuilder | Imported #687 / 0 tx / 0 pending / 0 (0.0%) gas / (0x40a788ca46a1eaea8278f21c1f2fd9ad6ca1c9ca54c2bbd0b02c5408484511be)
2026-10-07 20:13:47.082+00:00 | BftProcessorExecutor-QBFT-0 | INFO  | QbftBesuControllerBuilder | Imported #688 / 0 tx / 0 pending / 0 (0.0%) gas / (0x3f5c983f82adcfc5060c2335cf4fe0d3b4ade52d4a36525a65fba61e32aea5fe)
2026-10-07 20:13:47.082+00:00 | EthScheduler-Workers-0 | INFO  | PersistBlockTask | Block 688 (0x3f5c983f82adcfc5060c2335cf4fe0d3b4ade52d4a36525a65fba61e32aea5fe) is already imported
2026-10-07 20:13:49.070+00:00 | BftProcessorExecutor-QBFT-0 | INFO  | QbftBesuControllerBuilder | Produced #689 / 0 tx / 0 pending / 0 (0.0%) gas / (0x25ac646aab9348d79ac7291dd086d0143cbbcf11af5583d73df0aa887e282f4e)
2026-10-07 20:13:51.065+00:00 | BftProcessorExecutor-QBFT-0 | INFO  | QbftBesuControllerBuilder | Imported #690 / 0 tx / 0 pending / 0 (0.0%) gas / (0x0d8ef8589bcbab5bacccf4bdaf3714db15515d8afd27231d35f2938965ffa87d)
2026-10-07 20:13:53.062+00:00 | BftProcessorExecutor-QBFT-0 | INFO  | QbftBesuControllerBuilder | Imported #691 / 0 tx / 0 pending / 0 (0.0%) gas / (0x3a9654f616c85d717e8fbcacf5837719e4e121aa67f670d0db586489a5545cd9)
2026-10-07 20:13:55.076+00:00 | BftProcessorExecutor-QBFT-0 | INFO  | QbftBesuControllerBuilder | Imported #692 / 0 tx / 0 pending / 0 (0.0%) gas / (0xd475d0a985183f53f36408c297e398eecf0e6533cc73c33492a04521c12e9083)
2026-10-07 20:13:55.076+00:00 | EthScheduler-Workers-0 | INFO  | PersistBlockTask | Block 692 (0xd475d0a985183f53f36408c297e398eecf0e6533cc73c33492a04521c12e9083) is already imported
2026-10-07 20:13:57.062+00:00 | BftProcessorExecutor-QBFT-0 | INFO  | QbftBesuControllerBuilder | Imported #693 / 0 tx / 0 pending / 0 (0.0%) gas / (0x945f141cee3ddff14c8dcaf157834fbf3ce39a64166e4e50ed8ada1445be87e5)
2026-10-07 20:13:59.064+00:00 | BftProcessorExecutor-QBFT-0 | INFO  | QbftBesuControllerBuilder | Imported #694 / 0 tx / 0 pending / 0 (0.0%) gas / (0x34858b3026b5bb762398d435b3b747ff72c9f3348f0c222243653e7a97d474e6)
2026-10-07 20:14:01.058+00:00 | BftProcessorExecutor-QBFT-0 | INFO  | QbftBesuControllerBuilder | Imported #695 / 0 tx / 0 pending / 0 (0.0%) gas / (0xa17bce647273daa76ebb1d07324af0cd2cd40145428dfb547e603e8cab37e87f)
2026-10-07 20:14:03.069+00:00 | EthScheduler-Workers-0 | INFO  | PersistBlockTask | Block 696 (0x42b969614eea27612cf9db17234486cb1ad948ebc50856435542e41adcf5ad24) is already imported
2026-10-07 20:14:03.070+00:00 | BftProcessorExecutor-QBFT-0 | INFO  | QbftBesuControllerBuilder | Imported #696 / 0 tx / 0 pending / 0 (0.0%) gas / (0x42b969614eea27612cf9db17234486cb1ad948ebc50856435542e41adcf5ad24)
2026-10-07 20:14:05.049+00:00 | BftProcessorExecutor-QBFT-0 | INFO  | QbftBesuControllerBuilder | Imported #697 / 0 tx / 0 pending / 0 (0.0%) gas / (0xa519934d85be04d81812aaab2f9ff8d39aaa49d89eff383f33f73a3f5c5a52fa)
2026-10-07 20:14:07.062+00:00 | BftProcessorExecutor-QBFT-0 | INFO  | QbftBesuControllerBuilder | Imported #698 / 0 tx / 0 pending / 0 (0.0%) gas / (0x9ebfce7f7df445b182cd2ed73b4cec8388c9ba957e865755235e8eb7f526df41)
