ts,phase,cpu_percent,cpu_percent_per_core,mem_percent,mem_used_mb,mem_available_mb,disk_read_mb,disk_write_mb,load_avg_1m
1791364732.8317747,setup:connecting,3.6,"0.0,0.0,0.0,0.0,0.0,0.0,0.0,0.0,0.0,0.0,0.0,0.0,0.0,0.0,0.0,0.0,0.0,0.0,0.0,0.0,0.0,0.0,0.0,100.0,0.0,0.0,0.0,0.0,0.0,0.0,0.0,0.0,0.0,0.0,0.0,0.0,0.0,0.0,100.0,0.0,0.0,0.0,0.0,0.0,0.0,50.0,100.0,0.0,0.0,0.0,0.0,0.0,0.0,0.0,0.0,0.0,0.0,0.0,0.0,0.0,0.0,0.0,0.0,0.0,0.0,0.0,100.0,0.0,0.0,0.0,0.0,0.0,0.0,0.0,0.0,0.0,0.0,0.0,0.0,0.0,0.0,0.0,0.0,0.0,0.0,0.0,0.0,0.0,0.0,0.0,0.0,0.0,0.0,0.0,0.0,0.0,0.0,0.0,100.0,0.0,100.0,100.0,0.0,0.0,0.0,0.0,0.0,0.0,0.0,0.0,0.0,0.0,0.0,0.0,0.0,0.0,0.0,0.0,0.0,0.0,0.0,0.0,0.0,0.0,0.0,0.0,0.0,0.0,0.0,0.0,0.0,0.0,0.0,0.0,0.0,0.0,0.0,0.0,0.0,0.0,0.0,0.0,0.0,0.0,0.0,0.0,0.0,0.0,0.0,0.0,0.0,0.0,0.0,0.0,0.0,0.0,0.0,0.0,0.0,0.0,0.0,0.0,0.0,0.0,0.0,0.0,0.0,0.0,0.0,0.0,0.0,0.0,0.0,0.0,0.0,0.0,0.0,0.0,0.0,0.0,0.0,0.0,0.0,0.0,0.0,0.0,0.0,0.0,0.0,0.0,0.0,0.0,0.0,0.0,0.0,0.0,0.0,0.0,0.0,0.0,0.0,0.0,0.0,0.0,0.0,0.0,0.0,0.0,0.0,0.0,0.0,0.0,0.0,0.0,0.0,0.0,0.0,0.0,0.0,0.0,0.0,0.0,0.0,0.0,0.0,0.0,0.0,0.0,0.0,0.0,0.0,0.0,0.0,0.0,0.0,0.0,0.0,0.0,0.0,0.0,0.0,0.0,0.0,0.0,0.0,0.0,0.0,0.0,0.0,0.0,0.0,0.0,0.0,0.0,0.0",4.9,50815.2421875,981051.078125,8684.2509765625,110685.61767578125,21.71240234375
1791364733.8473554,setup:loading_nonces,2.2,"7.8,5.2,2.0,6.1,12.9,5.9,5.0,3.9,8.1,3.0,2.0,3.0,5.9,3.9,2.0,18.8,1.0,0.0,1.0,2.0,4.0,8.1,6.0,4.1,17.5,5.1,4.0,4.9,12.2,38.4,1.9,2.0,1.0,1.0,14.0,8.0,3.0,3.0,5.0,9.0,3.0,2.0,4.9,2.0,1.0,3.0,6.0,2.0,1.0,3.9,3.0,3.0,3.0,1.0,3.0,1.0,0.0,3.9,1.0,1.0,7.8,4.0,4.9,5.0,3.1,5.0,10.0,1.0,0.0,0.0,0.0,0.0,0.0,0.0,0.0,0.0,0.0,0.0,0.0,0.0,0.0,1.0,0.0,0.0,1.0,0.0,0.0,0.0,0.0,0.0,0.0,0.0,0.0,0.0,0.0,0.0,0.0,0.0,99.0,19.6,18.7,83.0,0.0,0.0,0.0,0.0,0.0,0.0,0.0,0.0,0.0,0.0,0.0,0.0,0.0,0.0,0.0,0.0,0.0,0.0,0.0,0.0,0.0,0.0,0.0,0.0,0.0,0.0,0.0,0.0,0.0,0.0,1.0,0.0,0.0,1.0,0.0,0.0,0.0,0.0,0.0,0.0,0.0,0.0,0.0,0.0,0.0,0.0,0.0,0.0,0.0,0.0,0.0,0.0,0.0,0.0,1.0,0.0,0.0,0.0,0.0,0.0,0.0,0.0,0.0,0.0,0.0,0.0,0.0,0.0,0.0,0.0,0.0,0.0,0.0,0.0,0.0,0.0,0.0,0.0,0.0,0.0,0.0,0.0,0.0,0.0,0.0,0.0,0.0,0.0,0.0,0.0,0.0,0.0,0.0,0.0,0.0,0.0,0.0,0.0,0.0,0.0,0.0,0.0,0.0,0.0,0.0,0.0,0.0,0.0,0.0,0.0,0.0,0.0,0.0,0.0,0.0,0.0,0.0,0.0,0.0,0.0,0.0,0.0,0.0,0.0,0.0,0.0,0.0,0.0,0.0,0.0,0.0,0.0,0.0,0.0,0.0,0.0,0.0,0.0,0.0,0.0,0.0,0.0,0.0,0.0,0.0,0.0,0.0,0.0,0.0,0.0,0.0,0.0,0.0",4.9,50067.92578125,981798.39453125,8684.2509765625,110687.53955078125,21.71240234375
1791364734.9664257,setup:loading_nonces,4.7,"25.2,11.4,11.3,15.3,17.9,15.0,11.2,21.1,24.1,18.9,14.8,15.2,16.5,12.8,11.1,19.1,13.5,11.8,12.8,9.3,23.4,11.8,16.2,11.4,12.7,9.4,8.4,9.2,6.5,12.8,0.0,2.6,1.7,0.9,16.2,11.6,6.4,21.1,17.3,20.2,15.7,11.2,15.3,10.0,17.8,15.7,29.0,21.4,10.1,13.5,13.3,17.3,13.8,14.0,17.0,23.4,12.5,13.5,14.0,11.1,17.4,12.8,16.4,18.3,21.9,19.6,12.8,16.5,0.0,0.0,0.0,0.0,0.0,0.0,0.0,0.0,0.0,0.0,0.0,0.0,0.0,0.0,0.0,0.0,2.8,0.0,0.0,0.0,0.0,0.0,0.0,0.0,0.0,0.0,0.0,0.0,0.0,0.0,86.0,33.3,79.8,42.5,0.0,0.0,0.0,0.0,0.0,0.0,0.0,0.0,0.0,0.0,0.0,0.0,0.0,0.0,0.0,0.0,0.0,0.0,0.0,0.0,0.0,0.0,0.0,0.0,0.0,0.0,0.0,0.0,0.0,0.0,0.0,0.0,0.0,0.0,0.0,0.0,0.0,0.0,0.0,0.0,0.0,0.0,0.0,0.0,0.0,0.0,0.0,0.0,0.0,0.0,0.0,0.0,0.0,0.0,0.0,0.0,0.0,0.0,0.0,0.0,0.0,0.0,0.0,0.0,0.0,0.0,0.0,0.0,0.0,0.0,0.0,0.0,0.0,0.0,0.0,0.0,0.0,0.0,0.0,0.0,0.0,0.0,0.0,0.0,0.0,0.0,0.0,0.0,0.0,0.0,0.0,0.0,0.0,0.0,0.0,0.0,0.0,0.0,0.0,0.0,0.0,0.0,0.0,0.0,0.0,0.0,0.0,0.0,0.0,0.0,0.0,0.0,0.0,0.0,0.0,0.0,0.0,0.0,0.0,0.0,0.0,0.0,0.0,0.0,0.0,0.0,0.0,0.0,0.0,0.0,0.0,0.0,0.0,0.0,0.0,0.0,0.0,0.0,0.0,0.0,0.0,0.0,0.0,0.0,0.0,0.0,0.0,0.0,0.0,0.0,0.0,0.0,0.0",4.9,50244.5234375,981621.796875,8684.2509765625,110687.53955078125,20.8544921875
1791364736.5529575,setup:loading_nonces,4.4,"12.4,16.3,10.9,11.5,12.1,9.4,10.5,9.8,17.6,14.7,17.6,12.4,11.6,15.9,15.9,15.3,11.3,14.1,15.7,13.1,15.1,14.4,9.0,13.8,11.6,11.2,12.1,19.3,19.8,12.6,3.7,2.8,0.5,0.0,13.9,13.9,10.9,13.2,17.0,12.5,13.1,13.9,13.0,11.9,13.8,12.6,17.6,11.8,10.2,12.3,13.0,11.1,22.1,8.1,10.2,14.6,14.3,9.7,15.1,9.9,18.5,17.5,15.2,13.5,17.4,16.7,19.0,16.1,0.0,0.0,0.0,0.0,0.0,0.0,0.0,0.0,0.0,0.0,0.0,0.0,0.0,0.5,0.0,0.0,0.5,0.0,0.0,0.0,0.0,0.0,0.0,0.0,0.0,0.0,0.0,0.0,0.0,0.0,65.3,50.9,63.3,83.7,0.0,0.0,0.0,0.0,0.0,0.0,0.0,0.0,0.0,0.0,0.0,0.0,0.0,0.0,0.0,0.0,0.0,0.0,0.0,0.0,0.0,0.0,0.0,0.0,0.0,0.0,0.0,0.0,0.0,0.0,0.0,0.0,0.0,0.0,0.0,0.0,0.0,0.0,0.0,0.0,0.0,0.0,0.0,0.0,0.0,0.0,0.0,0.0,0.0,0.0,0.0,0.0,0.0,0.0,0.0,0.0,0.0,0.0,0.0,0.0,0.0,0.0,0.0,0.0,0.0,0.0,0.0,0.0,0.0,0.0,0.0,0.5,0.0,0.0,0.0,0.0,0.0,0.0,0.0,0.0,0.0,0.0,0.0,0.0,0.0,0.0,0.0,0.0,0.0,0.0,0.0,0.0,0.0,0.0,0.0,0.0,0.0,0.0,0.0,0.0,0.0,0.0,0.0,0.0,0.0,0.0,0.0,0.0,0.0,0.0,0.0,0.0,0.0,0.0,0.0,0.0,0.0,0.0,0.0,0.0,0.5,0.0,0.0,0.0,0.0,0.0,0.0,0.0,0.0,0.0,0.0,0.0,0.0,0.0,0.0,0.0,0.0,0.0,0.0,0.0,0.0,0.0,0.0,0.0,0.0,0.0,0.0,0.0,0.0,0.0,0.0,0.0,0.0",5.0,51438.484375,980427.8359375,8684.2509765625,110687.53955078125,20.8544921875
1791364739.903198,setup:loading_nonces,4.3,"15.2,15.3,9.5,14.0,11.6,10.2,18.0,13.4,12.8,12.5,14.1,14.8,12.3,14.8,14.6,17.6,11.2,10.0,12.1,8.6,5.8,11.1,13.0,12.8,15.6,20.5,15.3,22.3,17.5,15.8,2.1,7.7,0.3,0.0,13.4,16.3,13.5,14.9,18.4,18.1,14.4,10.4,15.2,15.5,10.3,9.4,10.0,12.0,12.3,11.4,8.4,13.2,8.5,13.5,11.7,14.2,12.0,13.0,14.5,12.9,16.4,20.5,13.2,14.5,21.9,13.4,16.1,18.1,0.0,0.0,0.0,0.0,0.0,0.0,0.0,0.0,0.0,0.0,0.0,0.0,0.0,0.0,0.0,0.3,1.5,0.0,0.0,0.0,0.0,0.0,0.0,0.0,0.0,0.0,0.0,0.0,0.0,0.0,49.0,46.3,86.4,50.2,0.0,0.0,0.0,0.0,0.0,0.0,0.0,0.0,0.0,0.0,0.0,0.0,0.0,0.0,0.0,0.0,0.0,0.0,0.0,0.0,0.0,0.0,0.0,0.0,0.0,0.0,0.0,0.0,0.0,0.0,0.0,0.0,0.0,0.0,0.3,0.0,0.0,0.0,0.0,0.0,0.0,0.0,0.0,0.0,0.0,0.0,0.0,0.3,0.0,0.0,0.3,0.0,0.0,0.0,0.0,0.0,0.0,0.0,0.0,0.0,0.0,0.0,0.0,0.0,0.0,0.0,0.0,0.0,0.3,0.0,0.0,0.3,0.0,0.0,0.0,0.0,0.0,0.0,0.0,0.0,0.0,0.0,0.0,0.0,0.0,0.0,0.0,0.0,0.0,0.0,0.0,0.0,0.0,0.0,0.0,0.0,0.0,0.0,0.0,0.0,0.0,0.0,0.0,0.0,0.0,0.0,0.0,0.0,0.0,0.0,0.0,0.0,0.0,0.0,0.0,0.0,0.0,0.0,0.0,0.0,0.9,0.6,0.0,0.0,0.0,0.0,0.0,0.0,0.0,0.0,0.0,0.0,0.0,0.0,0.0,0.0,0.0,0.0,0.0,0.0,0.0,0.0,0.0,0.0,0.0,0.0,0.0,0.0,0.0,0.0,0.0,0.0,0.0",4.9,50394.25,981472.0703125,8684.2509765625,110689.61767578125,19.50439453125
1791364743.7289557,setup:loading_nonces,4.0,"13.0,6.5,10.1,9.4,11.1,10.3,14.1,12.0,11.0,6.3,10.8,14.4,9.8,14.5,11.6,16.4,12.1,12.9,17.3,10.7,10.1,12.4,16.1,14.7,19.5,11.6,12.9,16.6,16.8,15.6,4.6,5.5,2.9,0.0,13.5,13.5,10.7,12.7,15.0,13.7,14.5,6.5,10.3,7.4,8.6,8.7,10.0,8.6,13.7,19.3,15.5,11.3,11.3,10.0,7.3,11.1,7.5,6.9,9.1,13.9,9.3,8.7,8.1,8.2,15.7,14.4,14.7,16.3,0.0,0.0,0.0,0.0,0.0,0.0,0.0,0.0,0.0,0.0,0.0,0.0,0.0,0.0,0.0,0.0,2.4,0.0,0.0,0.0,0.0,0.0,0.0,0.0,0.0,0.0,0.0,0.0,0.0,0.0,88.3,61.5,51.9,73.8,0.0,0.0,0.0,0.0,0.0,0.0,0.0,0.0,0.0,0.0,0.0,0.0,0.0,0.0,0.0,0.0,0.0,0.0,0.0,0.0,0.0,0.0,0.0,0.0,0.0,0.0,0.0,0.0,0.0,0.0,0.0,0.0,0.0,0.0,0.0,0.0,0.0,0.0,0.0,0.0,0.0,0.3,0.0,0.0,0.0,0.0,0.0,0.0,0.0,0.0,0.3,0.0,0.0,0.0,0.0,0.0,0.0,0.0,0.0,0.0,0.0,0.3,0.3,0.0,0.3,0.0,0.0,0.0,0.0,0.0,0.0,0.0,0.0,0.0,0.0,0.0,0.0,0.0,0.0,0.0,0.0,0.0,0.0,0.0,0.0,0.0,0.0,0.0,0.0,0.0,0.0,0.0,0.0,0.0,0.0,0.0,0.0,0.0,0.0,0.0,0.0,0.0,0.0,0.0,0.0,0.0,0.0,0.0,0.0,0.0,0.0,0.0,0.0,0.0,0.0,0.0,0.0,0.0,0.0,0.0,-0.0,0.3,0.0,0.0,0.0,0.0,0.0,0.0,0.0,0.0,0.0,0.0,0.0,0.0,0.0,0.0,0.0,0.0,0.0,0.0,0.0,0.0,0.0,0.0,0.0,0.0,0.0,0.0,0.0,0.0,0.0,0.0,0.0",4.9,50528.4296875,981337.890625,8684.2509765625,110691.50439453125,19.1435546875
1791364746.552528,setup:loading_nonces,4.4,"16.2,10.4,8.0,12.2,9.5,13.2,8.6,8.6,12.7,14.0,13.3,11.1,12.6,16.2,14.4,13.3,12.3,11.6,13.0,10.6,12.9,10.7,12.1,15.2,15.4,17.5,13.2,15.6,16.7,15.5,6.2,6.8,5.5,0.6,13.4,13.6,16.2,15.7,14.8,16.3,11.2,12.7,12.3,11.1,10.3,10.9,16.3,17.9,13.5,14.8,13.3,14.0,16.0,12.0,13.2,13.2,9.3,11.5,8.5,7.3,10.3,9.6,12.8,16.5,14.5,11.7,17.0,17.6,0.0,0.0,0.0,0.0,0.0,0.0,0.3,0.0,0.0,0.0,0.0,0.0,0.0,0.0,0.0,0.0,1.3,0.0,0.0,0.0,0.0,0.0,0.0,0.0,0.0,0.0,0.0,0.0,0.0,0.0,99.1,61.2,50.0,63.7,0.0,0.0,0.0,0.0,0.0,0.0,0.0,0.0,0.0,0.0,0.0,0.0,0.0,0.0,0.0,0.0,0.0,0.0,0.0,0.0,0.0,0.0,0.0,0.0,0.0,0.0,0.0,0.0,0.0,0.0,0.0,0.0,0.0,0.0,0.0,0.0,0.0,0.0,0.0,0.0,0.0,0.0,0.0,0.0,0.0,0.0,0.0,0.0,0.3,0.0,0.0,0.0,0.0,0.0,0.0,0.0,0.0,0.0,0.0,0.0,0.0,0.0,0.0,0.0,0.0,0.0,0.0,0.0,0.0,0.0,0.0,0.0,0.0,0.0,0.3,0.0,0.0,0.0,0.0,0.0,0.0,0.0,0.0,0.0,0.0,0.0,0.0,0.0,0.0,0.0,0.0,0.0,0.0,0.0,0.0,0.0,0.0,0.0,0.0,0.0,0.0,0.0,0.0,0.0,0.0,0.0,0.0,0.0,0.0,0.0,0.0,0.0,0.0,0.0,0.0,0.0,0.0,0.0,0.0,0.0,0.0,0.0,0.0,0.0,0.0,0.0,0.0,0.0,0.0,0.0,0.0,0.0,0.0,0.0,0.0,0.0,0.0,0.0,0.0,0.0,0.0,0.0,0.0,0.0,0.0,0.0,0.0,0.0,0.0,0.0,0.0,0.0,0.0",4.9,50531.16015625,981335.16015625,8684.2509765625,110691.50830078125,19.1435546875
1791364750.0745718,setup:loading_nonces,3.9,"13.8,10.5,14.4,14.0,13.5,12.5,12.3,14.5,13.6,11.1,11.1,13.0,16.9,15.8,12.9,12.8,13.1,14.1,11.9,12.1,11.7,14.5,16.7,15.0,13.0,14.5,12.5,13.2,12.3,15.8,2.5,7.4,15.4,6.5,13.2,16.8,14.4,10.5,16.3,15.8,17.4,17.4,11.1,8.1,10.7,10.7,12.5,12.1,14.4,15.1,12.4,12.1,14.6,13.2,9.2,9.9,10.6,15.3,9.3,17.4,8.7,10.6,11.6,11.1,16.6,15.7,12.1,13.8,0.0,0.0,0.0,0.0,0.0,0.0,0.0,0.0,0.0,0.0,0.0,0.0,0.0,0.0,0.0,0.0,3.1,0.0,0.0,0.0,0.0,0.0,0.0,0.0,0.0,0.0,0.0,0.0,0.0,0.0,66.0,78.1,48.0,31.5,0.0,0.0,0.0,0.0,0.0,0.0,0.0,0.0,0.0,0.0,0.0,0.0,0.0,0.0,0.0,0.0,0.0,0.0,0.0,0.0,0.0,0.0,0.0,0.0,0.0,0.0,0.0,0.0,0.3,0.3,0.0,0.0,0.0,0.0,0.0,0.3,0.0,0.0,0.0,0.0,0.3,0.0,0.0,0.3,0.0,0.0,0.0,0.0,0.0,0.0,0.0,0.0,0.3,0.0,0.0,0.3,0.0,0.0,0.0,0.0,0.0,0.0,0.0,0.0,0.0,0.0,0.0,0.0,0.0,0.0,0.0,0.0,0.0,0.0,0.0,0.0,0.0,0.3,0.0,0.0,0.0,0.0,0.0,0.0,0.0,0.0,0.0,0.0,0.0,0.0,0.0,0.0,0.0,0.0,0.0,0.0,0.0,0.0,0.0,0.0,0.0,0.0,0.0,0.0,0.0,0.0,0.0,0.0,0.0,0.0,0.0,0.0,0.0,0.0,0.0,0.0,0.0,0.0,0.0,0.0,0.0,0.3,0.0,0.0,0.0,0.0,0.0,0.0,0.0,0.0,0.0,0.0,0.0,0.0,0.0,0.0,0.0,0.0,0.0,0.0,0.0,0.0,0.0,0.0,0.0,0.0,0.0,0.0,0.0,0.0,0.0,0.0,0.0",5.0,51087.62109375,980778.69921875,8684.2509765625,110693.18017578125,19.0517578125
1791364753.592181,setup:loading_nonces,3.8,"12.1,9.7,9.5,15.0,11.2,14.0,10.4,7.7,13.5,11.0,11.4,11.4,11.0,10.1,11.8,15.4,8.9,11.7,10.7,10.5,9.4,11.5,9.1,13.4,15.2,14.1,15.0,19.5,17.0,15.0,3.2,3.0,1.4,0.0,16.8,15.0,17.6,14.7,17.3,13.8,10.3,9.7,9.1,13.5,15.3,12.6,12.5,14.7,11.5,15.2,13.2,13.6,15.7,13.7,14.0,11.8,12.7,15.6,14.2,14.5,14.1,15.4,10.4,10.0,13.8,16.1,11.9,13.1,0.0,0.0,0.0,0.0,0.0,0.0,0.0,0.0,0.0,0.0,0.0,0.0,0.0,0.0,0.0,0.0,1.1,0.0,0.0,0.0,0.0,0.0,0.0,0.0,0.0,0.0,0.0,0.0,0.0,0.0,54.4,54.1,33.1,81.4,0.0,0.0,0.0,0.0,0.0,0.0,0.0,0.0,0.0,0.0,0.0,0.0,0.0,0.0,0.0,0.0,0.0,0.0,0.0,0.0,0.0,0.0,0.0,0.0,0.0,0.0,0.0,0.0,0.0,0.0,0.0,0.0,0.0,0.0,0.0,0.0,0.0,0.0,0.0,0.0,0.0,0.0,0.0,0.0,0.0,0.0,0.0,0.0,0.0,0.0,0.0,0.0,0.0,0.0,0.0,0.0,0.0,0.0,0.3,0.0,0.0,0.0,0.0,0.3,0.0,0.0,0.0,0.0,0.0,0.0,0.0,0.3,0.0,0.0,0.0,0.0,0.3,0.0,0.3,0.0,0.0,0.0,0.0,0.0,0.0,0.0,0.0,0.0,0.0,0.0,0.0,0.0,0.0,0.0,0.0,0.0,0.0,0.0,0.0,0.0,0.0,0.0,0.0,0.0,0.0,0.0,0.0,0.0,0.0,0.0,0.0,0.0,0.0,0.0,0.0,0.0,0.0,0.0,0.0,0.0,0.0,0.0,0.0,0.0,0.0,0.0,0.0,0.0,0.0,0.0,0.0,0.0,0.0,0.0,0.0,0.0,0.0,0.0,0.0,0.0,0.0,0.0,0.0,0.0,0.0,0.0,0.0,0.0,0.0,0.0,0.0,0.0,0.0",4.9,50703.7890625,981162.53125,8684.2509765625,110694.96142578125,18.32666015625
1791364757.2000659,idle,4.0,"16.5,10.9,12.6,11.7,10.0,7.5,10.4,11.2,7.3,7.0,7.6,12.3,9.6,11.2,10.1,9.1,4.6,6.0,7.2,8.8,12.9,6.8,8.7,7.0,12.7,9.5,12.6,10.7,10.1,10.4,0.7,3.5,3.8,0.0,19.7,11.4,10.6,13.2,11.7,14.4,12.2,12.5,8.7,8.3,8.2,10.4,10.2,11.6,10.5,9.4,9.9,17.2,18.0,11.0,7.8,17.4,9.1,10.2,15.8,15.4,7.1,9.2,9.9,10.7,17.1,12.5,18.4,8.4,0.0,0.0,0.0,0.0,0.0,0.0,0.0,0.0,0.0,0.0,0.0,0.0,0.0,0.0,0.0,0.0,0.7,0.0,0.0,0.0,0.0,0.0,0.0,0.0,0.0,0.0,0.0,0.0,0.0,0.0,34.9,55.5,32.6,72.1,0.0,0.3,0.0,0.0,0.0,0.0,0.0,0.0,0.0,0.0,0.0,0.0,0.0,0.0,0.0,0.0,0.0,0.0,0.0,0.0,0.0,0.0,0.0,0.0,0.0,0.0,0.0,0.0,0.0,0.0,0.0,0.0,0.0,0.0,0.0,0.0,0.0,0.0,0.0,0.0,0.0,0.0,0.0,0.0,0.0,0.0,0.0,0.0,0.0,0.0,0.0,0.0,0.0,0.0,0.0,0.0,0.0,0.0,0.0,0.0,0.0,0.0,0.0,0.0,0.0,0.0,0.0,0.0,0.0,0.0,0.0,0.0,0.0,0.0,0.0,0.0,0.0,0.0,0.0,0.0,0.0,0.0,0.0,0.0,0.0,0.0,0.0,0.0,0.0,0.0,0.0,0.0,0.0,0.0,0.0,0.0,0.0,0.0,0.0,0.0,0.0,0.0,0.0,0.0,0.0,0.0,0.0,0.0,0.0,0.0,0.0,0.0,0.0,0.0,0.0,0.0,0.0,0.0,0.0,0.0,0.0,1.4,0.0,0.0,0.0,0.0,0.0,0.0,0.0,0.0,0.0,0.0,0.0,0.0,0.0,0.0,0.0,0.0,0.0,0.0,0.0,0.0,0.0,0.0,0.0,0.0,0.0,0.0,0.0,0.0,0.0,0.0,0.0",4.8,50001.9921875,981864.328125,8684.2509765625,110694.96142578125,18.32666015625
1791364758.2349992,idle,2.4,"6.5,2.9,3.8,2.9,2.0,12.0,4.9,5.8,4.0,5.8,3.9,8.7,13.7,16.7,4.8,4.8,6.7,3.9,6.7,3.9,5.8,3.8,2.9,2.9,9.7,3.9,6.7,4.8,3.9,3.9,1.0,0.0,0.0,0.0,2.0,4.9,5.9,4.9,2.9,1.0,3.9,9.8,3.9,7.8,6.9,1.9,5.0,3.9,10.8,1.0,1.9,3.0,4.0,21.4,35.0,14.9,7.8,6.7,5.7,8.8,2.9,1.0,5.0,8.7,6.9,12.9,7.8,3.9,0.0,0.0,0.0,0.0,0.0,0.0,0.0,0.0,0.0,0.0,0.0,0.0,0.0,0.0,0.0,0.0,1.0,0.0,0.0,0.0,0.0,0.0,0.0,0.0,0.0,0.0,0.0,0.0,0.0,0.0,7.8,80.8,51.5,55.9,0.0,0.0,0.0,0.0,0.0,0.0,0.0,0.0,0.0,0.0,0.0,0.0,0.0,0.0,0.0,0.0,0.0,0.0,0.0,0.0,0.0,0.0,0.0,0.0,0.0,0.0,0.0,0.9,0.0,0.0,0.0,0.0,0.0,0.0,0.0,0.0,0.0,0.0,0.0,0.0,0.0,0.0,0.0,0.0,0.0,0.0,0.0,0.0,0.0,0.0,0.0,0.0,1.0,0.0,0.0,0.0,0.0,0.0,0.0,0.0,0.0,0.0,0.0,0.0,0.0,1.0,0.0,0.0,0.0,0.0,1.0,0.0,0.0,0.0,0.0,0.0,0.0,0.0,0.0,0.0,0.0,0.0,0.0,0.0,0.0,0.0,0.0,0.0,0.0,0.0,0.0,0.0,0.0,0.0,0.0,0.0,0.0,0.0,0.0,0.0,0.0,0.0,0.0,0.0,0.0,0.0,0.0,0.0,0.0,0.0,0.0,0.0,0.0,0.0,0.0,0.0,0.0,0.0,0.0,0.0,0.0,0.0,0.0,0.0,0.0,0.0,0.0,0.0,0.0,0.0,0.0,0.0,0.0,0.0,0.0,0.0,0.0,0.0,0.0,0.0,0.0,0.0,0.0,0.0,0.0,0.0,0.0,0.0,0.0,0.0,0.0,0.0,0.0",4.9,50092.21484375,981774.10546875,8684.2509765625,110695.24658203125,18.32666015625
1791364759.348743,individual_n32_vmnos8_r1:submission,7.4,"25.0,28.8,24.8,26.5,36.3,34.5,25.0,25.5,21.6,28.6,25.9,27.3,25.5,25.7,29.7,28.2,24.1,33.0,21.1,26.8,27.0,20.6,23.9,31.9,27.4,27.4,27.7,27.4,29.8,31.0,0.9,1.7,0.9,0.0,28.1,25.9,27.7,27.8,23.9,28.6,22.5,26.1,31.6,29.8,24.0,29.5,27.4,26.9,34.2,21.1,25.2,25.2,26.1,29.4,81.7,23.2,23.4,25.9,39.3,33.6,21.1,29.5,29.6,24.1,36.0,36.8,34.5,40.5,0.0,0.0,0.0,0.0,0.0,0.0,0.0,0.0,0.0,0.0,0.0,0.0,0.0,0.0,0.0,0.0,0.9,0.0,0.0,0.0,0.0,0.0,0.0,0.0,0.0,0.0,0.0,0.0,0.0,0.0,51.8,34.5,20.7,53.6,0.0,0.0,0.0,0.0,0.0,0.0,0.0,0.0,0.0,0.0,0.0,0.0,0.0,0.0,0.0,0.0,0.0,0.0,0.0,0.0,0.0,0.0,0.0,0.0,0.0,0.0,0.0,0.0,0.0,0.0,0.0,0.0,0.0,0.0,0.0,0.0,0.0,0.0,0.0,0.0,0.0,0.0,0.0,0.0,0.0,0.0,0.0,0.0,0.0,0.0,0.0,0.0,0.0,0.9,0.0,0.0,0.0,0.0,0.0,0.0,0.0,0.0,0.0,0.0,0.0,0.0,0.0,0.0,0.0,0.0,0.0,0.0,0.0,0.0,0.0,0.0,0.0,0.0,0.0,0.0,0.0,0.0,0.0,0.0,0.0,0.0,0.0,0.0,0.0,0.0,0.0,0.0,0.0,0.0,0.0,0.0,0.0,0.0,0.0,0.0,0.0,0.0,0.0,0.0,0.0,0.0,0.0,0.0,0.0,0.0,0.0,0.0,0.0,0.0,0.0,0.0,0.0,0.0,0.0,0.0,0.0,0.0,0.0,0.0,0.0,0.0,0.0,0.0,0.0,0.0,0.0,0.0,0.0,0.0,0.0,0.0,0.0,0.0,0.0,0.0,0.0,0.0,0.0,0.0,0.0,0.0,0.0,0.0,0.0,0.0,0.0,0.0,0.0",4.9,50364.203125,981502.1171875,8684.2509765625,110696.95361328125,18.32666015625
1791364760.621838,individual_n32_vmnos8_r1:confirmation,10.6,"36.2,53.3,38.0,37.8,41.7,37.3,29.3,31.0,39.7,26.9,41.7,43.4,28.8,45.7,38.1,38.8,39.3,31.0,55.4,38.1,37.1,31.4,39.3,41.4,40.2,39.2,36.1,41.5,38.8,54.6,6.4,1.6,0.0,0.0,36.2,36.7,38.3,36.5,32.5,36.7,37.4,51.6,38.1,35.3,39.7,36.0,40.3,35.0,31.4,38.5,44.3,39.7,34.5,45.9,43.8,28.1,36.1,38.1,35.3,36.1,38.3,37.5,35.0,39.2,47.1,43.4,42.4,41.8,0.0,0.0,0.0,0.0,0.0,0.0,0.0,0.0,0.0,0.0,0.0,0.0,0.0,0.8,0.0,0.0,0.0,0.0,0.0,0.0,0.0,0.0,0.0,0.0,0.0,0.0,0.0,0.0,0.0,0.0,47.2,76.8,92.7,56.5,0.0,0.0,0.0,0.0,0.0,0.0,0.0,0.0,0.0,0.0,0.0,0.0,0.0,0.0,0.0,0.0,0.0,0.0,0.0,0.0,0.0,0.0,0.0,0.0,0.0,0.0,0.0,0.0,0.0,0.0,0.0,0.0,0.0,0.0,0.0,0.0,0.0,0.0,0.0,0.0,0.0,0.0,0.0,0.0,0.0,0.0,0.0,0.0,0.0,0.0,0.0,0.0,0.0,0.0,0.0,0.0,0.0,0.0,0.0,0.0,0.0,0.0,0.0,0.0,0.0,0.0,0.0,0.0,0.0,0.0,0.0,0.0,0.0,0.0,0.0,0.0,0.0,0.0,0.0,0.0,0.0,0.0,0.0,0.0,0.0,0.0,0.0,0.0,0.0,0.0,0.0,0.0,0.0,0.0,0.0,0.0,0.0,0.0,0.0,0.0,0.0,0.0,0.0,0.0,0.0,0.0,0.0,0.0,0.0,0.0,0.0,0.0,0.0,0.0,0.0,0.0,0.0,0.0,0.0,0.0,0.0,0.0,0.0,0.0,0.0,0.0,0.0,0.0,0.0,0.0,0.0,0.0,0.0,0.0,0.0,0.0,0.0,0.0,0.0,0.0,0.0,0.0,0.0,0.0,0.0,0.0,0.0,0.0,0.0,0.0,0.0,0.0,0.0",4.9,50301.1484375,981565.171875,8684.2509765625,110696.95361328125,24.146484375
1791364761.7874956,individual_n32_vmnos8_r1:confirmation,4.9,"11.7,13.4,19.7,8.1,9.4,14.8,8.2,10.3,13.7,11.9,13.0,14.2,9.5,8.7,26.5,16.2,19.5,11.1,10.3,15.4,20.0,23.3,16.4,17.9,20.3,11.9,16.7,16.6,18.6,20.3,0.7,0.0,0.0,0.0,13.4,13.2,10.3,17.5,17.6,10.7,13.0,7.6,29.9,9.7,13.0,10.1,9.3,8.2,12.0,25.0,17.0,10.1,16.4,13.6,17.6,13.5,16.6,20.4,22.6,14.2,17.8,29.5,12.5,11.7,23.1,12.3,11.0,14.3,0.0,0.0,0.0,0.0,0.0,0.0,0.0,0.0,0.0,0.0,0.0,0.0,0.0,0.0,0.0,0.0,4.1,0.0,0.0,0.0,0.0,0.0,0.0,0.0,0.0,0.0,0.0,0.0,0.0,0.0,37.3,23.5,58.6,73.2,0.0,0.0,0.0,0.0,0.0,0.0,0.0,0.0,0.0,0.0,0.0,0.0,0.0,0.0,0.0,0.0,0.0,0.0,0.0,0.0,0.0,0.0,0.0,0.0,0.0,0.0,0.0,0.0,0.0,0.0,0.0,0.7,0.0,0.0,0.0,0.0,0.0,0.0,0.0,0.7,0.0,0.0,0.0,0.0,0.0,0.0,0.0,0.0,0.0,0.0,0.0,0.0,0.0,0.7,0.0,0.0,0.0,0.0,0.0,0.0,0.0,0.0,0.0,0.0,0.0,0.0,0.0,0.0,0.0,0.0,0.0,0.0,0.0,0.0,0.0,0.0,0.0,0.0,0.0,0.7,0.0,0.0,0.0,0.0,0.0,0.0,0.0,0.0,0.0,0.0,0.0,0.0,0.0,0.0,0.0,0.0,0.0,0.0,0.0,0.0,0.0,0.0,0.0,0.0,0.0,0.0,0.0,0.0,0.0,0.0,0.0,0.0,0.0,0.0,0.0,0.0,0.0,0.0,0.0,0.0,0.0,0.0,0.0,0.0,0.0,0.0,0.0,0.0,0.0,0.0,0.0,0.0,0.0,0.0,0.0,0.0,0.0,0.0,0.0,0.0,0.0,0.0,0.0,0.0,0.0,0.0,0.0,0.0,0.0,0.0,0.0,0.0,0.0",4.9,50284.69921875,981581.62109375,8684.2509765625,110696.95361328125,24.146484375
1791364763.7392077,individual_n32_vmnos8_r1:confirmation,5.5,"12.8,14.7,13.9,18.7,9.0,21.2,22.0,22.4,9.2,21.7,27.0,23.9,29.2,16.5,21.0,28.5,15.7,19.0,18.4,22.2,16.0,15.7,27.3,10.5,23.6,12.7,17.7,28.4,20.1,29.7,15.9,7.6,0.0,0.0,21.4,22.0,11.0,15.2,40.0,24.0,12.6,10.6,11.7,10.1,20.5,19.1,27.8,14.4,22.6,32.1,19.0,23.6,15.0,17.2,23.6,20.0,9.1,21.0,27.5,21.8,15.0,15.8,36.1,35.3,24.5,19.3,20.9,14.8,0.0,0.0,0.0,0.0,0.0,0.0,0.0,0.0,0.0,0.0,0.0,0.0,0.0,0.0,0.0,0.0,3.6,0.0,0.0,0.0,0.0,0.0,0.0,0.0,0.0,0.0,0.0,0.0,0.0,0.0,41.9,35.1,71.9,77.1,0.0,0.0,0.0,0.0,0.0,0.0,0.0,0.0,0.0,0.0,0.0,0.0,0.0,0.0,0.0,0.0,0.0,0.0,0.0,0.0,0.0,0.0,0.0,0.0,0.0,0.0,0.0,0.0,0.0,0.0,0.0,0.0,0.0,0.0,0.0,0.0,0.0,0.0,0.0,0.0,0.0,0.0,0.0,0.0,0.0,0.0,0.0,0.0,0.0,0.0,0.0,0.0,0.0,0.0,0.0,0.0,0.0,0.0,0.0,0.0,0.0,0.0,0.0,0.0,0.0,0.0,0.0,0.0,0.0,0.0,0.0,0.6,0.0,0.0,0.0,0.0,0.0,0.0,0.0,0.0,0.0,0.0,0.0,0.0,0.0,0.0,0.0,0.0,0.0,0.0,0.0,0.0,0.0,0.0,0.0,0.0,0.0,0.0,0.0,0.0,0.0,0.0,0.0,0.0,0.0,0.0,0.0,0.0,0.0,0.0,0.0,0.0,0.0,0.0,0.0,0.0,0.0,0.0,0.0,0.0,0.0,0.0,0.0,0.0,0.0,0.0,0.0,0.0,0.0,0.0,0.0,0.0,0.0,0.0,0.0,0.0,0.0,0.0,0.0,0.0,0.0,0.0,0.0,0.0,0.0,0.0,0.0,0.0,0.0,0.0,0.0,0.0,0.0",5.0,51109.5703125,980756.75,8684.2509765625,110697.28173828125,24.146484375
1791364765.3145585,individual_n32_vmnos8_r1:confirmation,6.2,"37.0,34.9,15.2,27.5,25.9,19.0,45.3,17.9,17.7,21.5,7.7,18.2,16.6,29.3,23.1,28.5,20.8,24.5,8.3,12.2,27.0,9.5,27.6,29.0,14.7,28.9,17.2,23.8,21.1,30.9,0.0,0.0,0.0,0.0,15.9,42.5,30.6,28.4,24.6,23.8,27.0,30.4,34.7,15.8,15.5,13.9,31.2,16.1,26.2,34.9,27.0,18.2,7.5,27.3,38.5,9.6,15.6,28.6,24.5,40.3,11.0,9.8,17.7,16.3,33.3,19.1,22.7,25.0,0.0,0.0,0.0,0.0,0.0,0.0,0.0,0.0,0.0,0.0,0.0,0.0,0.0,0.0,0.7,0.0,1.4,0.0,0.0,0.0,0.0,0.0,0.0,0.0,0.0,0.0,0.0,0.0,0.0,0.0,62.0,6.7,38.0,44.0,0.0,0.7,0.0,0.0,0.0,0.0,0.0,0.0,0.0,0.0,0.0,0.0,0.0,0.0,0.0,0.0,0.0,0.0,0.0,0.0,0.0,0.0,0.0,0.0,0.0,0.0,0.0,0.0,0.0,0.0,0.0,0.0,0.0,0.0,0.0,0.0,0.0,0.0,0.0,0.0,0.0,0.0,0.0,0.0,0.0,0.7,0.7,0.0,0.0,0.0,0.0,0.0,0.0,0.7,0.0,0.0,0.0,0.0,0.0,0.0,0.0,0.7,0.7,0.0,0.0,0.0,0.0,0.0,0.0,0.0,0.0,0.0,0.0,0.0,0.0,0.0,0.0,0.0,0.0,0.0,0.0,0.0,0.0,0.0,0.0,0.0,0.0,0.0,0.0,0.0,0.0,0.0,0.0,0.0,0.0,0.0,0.0,0.0,0.0,0.0,0.0,0.0,0.0,0.0,0.0,0.0,0.0,0.0,0.0,0.0,0.0,0.0,0.0,0.0,0.0,0.0,0.0,0.0,0.0,0.0,0.0,0.0,0.0,0.0,0.0,0.0,0.0,0.0,0.0,0.0,0.0,0.0,0.0,0.0,0.0,0.0,0.0,0.0,0.0,0.0,0.0,0.0,0.0,0.0,0.0,0.0,0.0,0.0,0.0,0.0,0.0,0.0,0.0",4.9,50757.97265625,981108.34765625,8684.2509765625,110700.51611328125,27.2578125
1791364766.419393,individual_n32_vmnos8_r1:confirmation,3.8,"20.2,21.7,21.6,9.7,30.7,11.4,19.7,14.4,14.6,22.0,13.9,13.2,16.0,20.0,9.8,13.0,27.6,11.4,8.9,8.8,11.3,31.5,13.0,27.0,33.1,9.2,24.2,13.8,14.2,15.6,0.0,0.8,0.0,0.0,10.6,34.1,23.4,12.9,12.1,12.1,18.9,10.9,11.3,30.3,12.0,11.0,9.9,11.8,20.6,8.9,21.3,16.9,12.1,11.2,16.3,13.0,11.1,17.5,5.6,6.5,8.9,31.2,8.7,7.2,27.6,17.5,36.6,18.0,0.0,0.0,0.0,0.0,0.0,0.0,0.0,0.0,0.0,0.0,0.0,0.0,0.0,0.0,0.0,0.0,3.3,0.0,0.0,0.0,0.0,0.0,0.0,0.0,0.0,0.0,0.0,0.0,0.0,0.0,42.9,50.0,42.9,68.0,0.0,0.0,0.0,0.0,0.0,0.0,0.0,0.0,0.0,0.0,0.0,0.0,0.0,0.0,0.0,0.0,0.0,0.0,0.0,0.0,0.0,0.0,0.0,0.0,0.0,0.0,0.0,0.0,0.0,0.0,0.0,0.0,0.0,0.0,0.0,0.0,0.0,0.0,0.0,0.0,0.0,0.0,0.0,0.0,0.0,0.0,0.0,0.0,0.0,0.0,0.0,0.0,0.0,0.0,0.0,0.0,0.0,0.0,0.0,0.0,0.0,0.0,0.0,0.0,0.0,0.0,0.0,0.0,0.0,0.0,0.0,0.0,0.0,0.0,0.0,0.0,0.0,0.0,0.0,0.0,0.0,0.0,0.0,0.0,0.0,0.0,0.0,0.0,0.0,0.0,0.0,0.0,0.0,0.0,0.0,0.0,0.0,0.0,0.0,0.0,0.0,0.0,0.0,0.0,0.0,0.0,0.0,0.0,0.0,0.0,0.0,0.0,0.0,0.0,0.0,0.0,0.0,0.0,0.0,0.0,0.0,0.0,0.0,0.0,0.0,0.0,0.0,0.0,0.0,0.0,0.0,0.0,0.0,0.0,0.0,0.0,0.0,0.0,0.0,0.0,0.0,0.0,0.0,0.0,0.0,0.0,0.0,0.0,0.0,0.0,0.0,0.0,0.0",5.0,51184.140625,980682.1796875,8684.2509765625,110700.51611328125,27.2578125
1791364767.7055557,individual_n32_vmnos8_r1:confirmation,4.9,"14.5,12.5,9.3,13.1,19.0,10.8,22.6,35.2,14.5,16.8,13.7,29.4,12.2,7.5,24.1,10.4,10.7,9.3,13.1,9.4,9.6,22.5,15.7,13.8,15.4,11.6,22.6,22.9,15.5,23.9,0.0,4.2,0.0,0.0,10.6,10.0,21.9,11.1,9.9,21.5,6.2,15.1,12.3,9.1,13.7,10.6,15.6,9.2,17.0,9.6,12.1,11.5,11.9,12.6,8.9,22.2,13.0,13.1,14.6,22.4,15.2,14.7,15.8,15.0,11.3,16.7,8.6,15.7,0.0,0.0,0.0,0.0,0.0,0.0,0.0,0.0,0.0,0.0,0.0,0.0,0.0,0.0,0.0,0.0,0.0,0.0,0.0,0.0,0.0,0.0,0.0,0.0,0.0,0.0,0.0,0.0,0.0,0.0,83.5,53.7,45.6,50.6,0.0,0.0,0.0,0.0,0.0,0.0,0.0,0.0,0.0,0.0,0.0,0.0,0.0,0.0,0.0,0.0,0.0,0.0,0.0,0.0,0.0,0.0,0.0,0.0,0.0,0.0,0.0,0.0,0.0,0.0,0.0,0.0,0.0,0.0,0.0,0.0,0.0,0.0,0.0,0.0,0.0,0.0,0.0,0.0,0.0,0.0,0.0,0.0,0.0,0.0,0.0,0.0,0.0,0.0,0.0,0.0,0.0,0.0,0.0,0.0,0.0,0.0,0.0,0.0,0.0,0.0,0.0,0.0,0.0,0.0,0.0,0.0,0.0,0.0,0.0,0.0,0.0,0.0,0.0,0.0,0.0,0.0,0.0,0.0,0.0,0.0,0.0,0.0,0.0,0.0,0.0,0.0,0.0,0.0,0.0,0.0,0.0,0.0,0.0,0.0,0.0,0.0,0.0,0.0,0.0,0.0,0.0,0.0,0.0,0.0,0.0,0.0,0.0,0.0,0.0,0.0,0.0,0.0,0.0,0.0,0.0,0.0,0.0,0.0,0.0,0.0,0.0,0.0,0.0,0.0,0.0,0.0,0.0,0.0,0.0,0.0,0.0,0.0,0.0,0.0,0.0,0.0,0.0,0.0,0.0,0.0,0.0,0.0,0.0,0.0,0.0,0.0,0.0",4.9,51051.1171875,980815.203125,8684.2509765625,110701.01220703125,27.2578125
1791364769.5477238,individual_n32_vmnos8_r1:confirmation,5.2,"16.2,27.4,25.4,18.3,22.6,11.1,13.6,20.0,15.8,21.5,12.6,26.5,12.6,14.0,13.7,23.7,7.4,26.9,10.3,19.5,14.5,23.5,5.0,11.0,12.6,15.1,9.3,17.2,19.7,20.3,1.6,0.0,0.0,0.0,20.0,5.0,16.7,21.8,7.6,16.1,42.0,9.2,13.1,7.5,23.5,32.5,23.3,5.0,3.4,4.1,4.2,11.6,6.6,15.1,10.9,24.6,5.0,23.0,18.2,23.0,35.8,11.7,8.2,15.6,12.5,15.4,7.8,27.6,0.0,0.0,0.0,0.0,0.0,0.0,0.0,0.0,0.0,0.0,0.0,0.0,0.0,0.0,0.0,0.0,0.9,0.0,0.0,0.0,0.0,0.0,0.0,0.0,0.0,0.0,0.0,0.0,0.0,0.0,99.2,44.6,42.0,50.0,0.0,0.0,0.0,0.0,0.0,0.0,0.0,0.0,0.0,0.0,0.0,0.0,0.0,0.0,0.0,0.0,0.0,0.0,0.0,0.0,0.0,0.0,0.0,0.0,0.0,0.0,0.0,0.0,0.0,0.0,0.0,0.0,0.0,0.0,0.0,0.0,0.0,0.0,0.0,0.0,0.0,0.0,0.0,0.0,0.0,0.0,0.0,0.0,0.0,0.0,0.0,0.0,0.0,0.0,0.0,0.0,0.0,0.0,0.0,0.0,0.0,0.0,0.0,0.0,0.0,0.0,0.0,0.0,0.0,0.0,0.0,0.0,0.0,0.0,0.0,0.0,0.0,0.0,0.0,0.0,0.0,0.0,0.0,0.0,0.0,0.0,0.0,0.0,0.0,0.0,0.0,0.0,0.0,0.0,0.0,0.0,0.0,0.0,0.0,0.0,0.0,0.0,0.0,0.0,0.0,0.0,0.0,0.0,0.0,0.0,0.0,0.0,0.0,0.0,0.0,0.0,0.0,0.0,0.0,0.0,0.0,0.0,0.0,0.0,0.0,0.0,0.0,0.0,0.0,0.0,0.0,0.0,0.0,0.0,0.0,0.0,0.0,0.0,0.0,0.0,0.0,0.0,0.0,0.0,0.0,0.0,0.0,0.0,0.0,0.0,0.0,0.0,0.0",4.9,50978.06640625,980888.25390625,8684.2509765625,110704.30908203125,27.2578125
1791364770.6044924,individual_n32_vmnos8_r1:confirmation,4.8,"10.3,27.6,12.5,22.3,19.8,7.7,13.1,13.8,16.7,10.3,19.0,5.8,17.1,17.3,10.4,4.8,17.0,5.8,32.4,9.3,11.5,33.3,7.7,8.5,24.1,35.2,39.4,20.4,20.8,7.0,0.0,0.9,0.0,0.0,22.1,13.2,17.9,18.9,25.0,45.9,37.4,12.4,10.5,9.3,27.4,21.7,28.3,10.7,4.7,8.6,5.8,23.1,5.8,8.4,25.0,22.6,30.8,6.7,8.3,27.1,16.8,9.8,23.1,24.3,14.2,12.4,28.8,12.4,0.0,0.0,0.0,0.0,0.0,0.0,0.0,0.0,0.0,0.0,0.0,0.0,0.0,0.0,0.0,0.0,0.0,0.0,0.0,0.0,0.0,0.0,0.0,0.0,0.0,0.0,0.0,0.0,0.0,0.0,70.4,36.1,12.0,69.1,0.0,0.0,0.0,0.0,0.0,0.0,0.0,0.0,0.0,0.0,0.0,0.0,0.0,0.0,0.0,0.0,0.0,0.0,0.0,0.0,0.0,0.0,0.0,0.0,0.0,0.0,0.0,0.0,0.0,0.0,0.0,0.0,0.0,0.0,0.0,0.0,0.0,0.0,0.0,0.0,0.0,0.0,0.0,0.0,0.0,0.0,0.0,0.0,0.0,0.0,0.0,0.0,0.0,0.0,0.0,0.0,0.0,0.0,0.0,0.0,0.0,0.0,0.0,0.0,0.0,0.0,0.0,0.0,0.0,0.0,0.0,0.0,0.0,0.0,0.0,0.0,0.0,0.0,0.0,0.0,0.0,0.0,0.0,0.0,0.0,0.0,0.0,0.0,0.0,0.0,0.0,0.0,0.0,0.0,0.0,0.0,0.0,0.0,0.0,0.0,0.0,0.0,0.0,0.0,0.0,0.0,0.0,0.0,0.0,0.0,0.0,0.0,0.0,0.0,0.0,0.0,0.0,0.0,0.0,0.0,0.0,0.0,0.0,0.0,0.0,0.0,0.0,0.0,0.0,0.0,0.0,0.0,0.0,0.0,0.0,0.0,0.0,0.0,0.0,0.0,0.0,0.0,0.0,0.0,0.0,0.0,0.0,0.0,0.0,0.0,0.0,0.0,0.0",5.0,51409.25390625,980457.06640625,8684.2509765625,110704.30908203125,26.67626953125
1791364771.6952925,individual_n32_vmnos8_r1:confirmation,3.3,"9.3,3.3,11.5,10.1,5.4,4.7,15.0,7.1,8.4,3.1,5.6,3.1,6.0,4.6,11.4,4.6,8.6,6.5,9.4,3.1,2.3,11.6,13.2,6.6,7.0,8.4,12.1,5.5,6.2,5.6,0.0,3.1,0.0,0.0,5.3,3.1,3.8,3.8,5.5,14.8,11.1,7.6,3.8,2.3,5.5,6.9,11.9,5.4,6.9,12.5,5.6,9.6,7.9,6.3,6.1,5.4,10.1,2.3,5.3,4.5,3.0,6.1,3.1,22.0,8.6,12.5,10.0,7.0,0.0,0.0,0.0,0.0,0.0,0.0,0.0,0.0,0.0,0.0,0.0,0.0,0.0,0.0,0.0,0.0,0.0,0.0,0.0,0.0,0.0,0.0,0.0,0.0,0.0,0.0,0.0,0.0,0.0,0.0,74.6,42.0,99.2,63.6,0.0,0.0,0.0,0.0,0.0,0.0,0.0,0.0,0.0,0.0,0.0,0.0,0.0,0.0,0.0,0.0,0.0,0.0,0.0,0.0,0.0,0.0,0.0,0.0,0.0,0.0,0.0,0.0,0.0,0.0,0.0,0.0,0.0,0.0,0.0,0.0,0.0,0.0,0.0,0.0,0.0,0.0,0.0,0.0,0.0,0.0,0.0,0.0,0.0,0.0,0.0,0.0,0.0,0.0,0.0,0.0,0.0,0.0,0.0,0.0,0.0,0.0,0.0,0.0,0.0,0.0,0.0,0.0,0.0,0.0,0.0,0.0,0.0,0.0,0.0,0.0,0.0,0.0,0.0,0.0,0.0,0.0,0.0,0.0,0.0,0.0,0.0,0.0,0.0,0.0,0.0,0.0,0.0,0.0,0.0,0.0,0.0,0.0,0.0,0.0,0.0,0.0,0.0,0.0,0.0,0.0,0.0,0.0,0.0,0.0,0.0,0.0,0.0,0.0,0.0,0.0,0.0,0.0,0.0,0.0,0.0,0.0,0.0,0.0,0.0,0.0,0.0,0.0,0.0,0.0,0.0,0.0,0.0,0.0,0.0,0.0,0.0,0.0,0.0,0.0,0.0,0.0,0.0,0.0,0.0,0.0,0.0,0.0,0.0,0.0,0.0,0.0,0.0",5.0,51425.08984375,980441.23046875,8684.2509765625,110704.30908203125,26.67626953125
1791364773.6010544,individual_n32_vmnos8_r1:confirmation,4.7,"23.2,10.2,17.6,8.3,9.9,16.3,19.3,23.9,15.2,17.2,23.8,23.6,7.5,3.7,8.2,12.7,8.2,16.0,14.1,21.9,12.7,7.5,12.7,27.5,20.5,17.1,23.4,26.6,17.4,13.8,2.4,8.5,0.0,0.0,11.9,24.1,14.3,16.1,22.5,8.7,29.5,11.5,28.9,10.9,12.6,28.1,12.7,20.6,8.2,13.8,13.3,17.7,18.9,13.4,12.3,18.1,31.2,10.4,16.4,12.1,13.0,15.3,17.3,16.6,19.1,14.7,11.5,22.8,0.0,0.0,0.0,0.0,0.0,0.0,0.0,0.0,0.0,0.0,0.0,0.0,0.0,0.0,0.0,0.0,1.9,0.0,0.0,0.0,0.0,0.0,0.0,0.0,0.0,0.0,0.0,0.0,0.0,0.0,38.8,66.3,66.0,72.4,0.0,0.0,0.0,0.0,0.0,0.0,0.0,0.0,0.0,0.0,0.0,0.0,0.0,0.0,0.0,0.0,0.0,0.0,0.0,0.0,0.0,0.0,0.0,0.0,0.0,0.0,0.6,0.0,0.0,0.0,0.0,0.0,0.0,0.0,0.0,0.0,0.0,0.0,0.6,0.0,0.0,0.0,0.0,0.0,0.0,0.0,0.0,0.0,0.0,0.0,0.0,0.0,0.0,0.6,0.0,0.0,0.0,0.0,0.0,0.0,0.0,0.0,0.0,0.0,0.0,0.0,0.0,0.0,0.0,0.0,0.6,0.0,0.0,0.0,0.0,0.0,0.0,0.0,0.0,0.0,0.0,0.0,0.0,0.0,0.0,0.0,0.0,0.0,0.0,0.6,0.0,0.0,0.0,0.0,0.0,0.0,0.0,0.0,0.0,0.0,0.0,0.0,0.0,0.0,0.0,0.0,0.0,0.0,0.0,0.0,0.0,0.0,0.0,0.0,0.0,0.0,0.0,0.0,0.0,0.0,0.0,0.0,0.0,0.0,0.0,0.0,0.0,0.0,0.0,0.0,0.0,0.0,0.0,0.0,0.0,0.0,0.0,0.0,0.0,0.0,0.0,0.0,0.0,0.0,0.0,0.0,0.0,0.0,0.0,0.0,0.0,0.0,0.0",4.9,50653.8203125,981212.5,8684.2509765625,110704.50439453125,26.67626953125
1791364774.7976208,individual_n32_vmnos8_r1:confirmation,5.4,"20.2,21.1,14.9,11.0,19.0,14.7,18.8,34.5,19.3,7.8,8.7,11.0,19.7,20.0,25.6,19.7,13.9,21.4,19.5,16.7,23.3,13.8,19.5,20.2,15.8,16.7,10.4,28.0,40.2,27.4,0.0,0.0,0.0,0.0,11.3,23.9,16.7,10.3,33.3,22.8,11.3,13.8,4.3,19.3,18.8,26.5,21.4,23.7,10.7,18.6,9.6,14.5,14.2,25.0,18.6,18.3,11.6,20.0,32.5,11.2,8.8,18.4,15.5,25.2,42.4,10.5,12.9,28.4,0.0,0.0,0.0,0.0,0.0,0.0,0.0,0.0,0.0,0.0,0.0,0.0,0.0,0.0,0.0,0.0,3.4,0.0,0.0,0.0,0.0,0.0,0.0,0.0,0.0,0.0,0.0,0.0,0.0,0.0,35.6,62.2,40.2,67.2,0.0,0.0,0.0,0.0,0.0,0.0,0.0,0.0,0.0,0.0,0.0,0.0,0.0,0.0,0.0,0.0,0.0,0.0,0.0,0.0,0.0,0.0,0.0,0.0,0.0,0.0,0.0,0.0,0.0,0.0,0.0,0.0,0.0,0.0,0.0,0.0,0.0,0.0,0.0,0.0,0.0,0.8,0.0,0.0,0.0,0.0,0.0,0.0,0.0,0.0,0.0,0.0,0.0,0.0,0.0,0.0,0.0,0.0,0.0,0.0,0.0,0.0,0.0,0.0,0.0,0.0,0.0,0.0,0.0,0.0,0.0,0.0,0.0,0.0,0.0,0.0,0.0,0.0,0.0,0.0,0.0,0.0,0.0,0.0,0.0,0.0,0.0,0.0,0.0,0.0,0.0,0.0,0.0,0.0,0.0,0.0,0.0,0.0,0.0,0.0,0.0,0.0,0.0,0.0,0.0,0.0,0.0,0.0,0.0,0.0,0.0,0.0,0.0,0.0,0.0,0.0,0.0,0.0,0.0,0.0,0.0,0.0,0.0,0.0,0.0,0.0,0.0,0.0,0.0,0.0,0.0,0.0,0.0,0.0,0.0,0.0,0.0,0.0,0.0,0.0,0.0,0.0,0.0,0.0,0.0,0.0,0.0,0.0,0.0,0.0,0.0,0.0,0.0",4.9,50989.68359375,980876.63671875,8684.2509765625,110707.05517578125,28.46435546875
1791364775.8593843,individual_n32_vmnos8_r1:confirmation,3.5,"9.2,28.4,23.9,10.2,10.0,7.4,8.4,21.1,5.8,11.7,13.2,2.5,4.1,1.6,3.3,4.1,3.3,3.4,20.7,25.6,5.0,8.1,5.9,5.0,21.7,9.2,8.4,15.3,26.7,6.7,3.3,4.1,0.0,0.0,15.5,10.3,11.8,11.9,21.6,9.6,4.8,2.5,4.9,4.1,3.4,10.0,4.2,6.6,4.2,1.7,17.5,4.2,22.8,10.2,5.8,8.2,6.7,6.6,10.1,3.3,12.5,8.3,14.2,9.2,11.8,12.7,5.0,4.9,0.0,0.0,0.0,0.0,0.0,0.0,0.0,0.0,0.0,0.0,0.0,0.0,0.0,0.0,0.0,0.8,0.8,0.0,0.0,0.0,0.0,0.0,0.0,0.0,0.0,0.0,0.0,0.0,0.0,0.0,45.9,84.3,99.2,45.4,0.0,0.0,0.0,0.0,0.0,0.0,0.0,0.0,0.0,0.0,0.0,0.0,0.0,0.0,0.0,0.0,0.0,0.0,0.0,0.0,0.0,0.0,0.0,0.0,0.0,0.0,0.0,0.0,0.0,0.0,0.0,0.0,0.0,0.0,0.0,0.0,0.0,0.0,0.0,0.0,0.0,0.0,0.0,0.0,0.0,0.0,0.0,0.0,0.0,0.0,0.0,0.0,0.0,0.0,0.0,0.0,0.0,0.0,0.0,0.0,0.0,0.0,0.0,0.0,0.0,0.0,0.0,0.0,0.0,0.0,0.0,0.0,0.0,0.0,0.0,0.0,0.0,0.0,0.0,0.0,0.0,0.0,0.0,0.0,0.0,0.0,0.0,0.0,0.0,0.0,0.0,0.0,0.0,0.0,0.0,0.0,0.0,0.0,0.0,0.0,0.0,0.0,0.0,0.0,0.0,0.0,0.0,0.0,0.0,0.0,0.0,0.0,0.0,0.0,0.0,0.0,0.0,0.0,0.0,0.0,0.0,0.0,0.0,0.0,0.0,0.0,0.0,0.0,0.0,0.0,0.0,0.0,0.0,0.0,0.0,0.0,0.0,0.0,0.0,0.0,0.0,0.0,0.0,0.0,0.0,0.0,0.0,0.0,0.0,0.0,0.0,0.0,0.0",4.9,50748.20703125,981118.11328125,8684.2509765625,110707.05908203125,28.46435546875
1791364777.0957954,individual_n32_vmnos8_r1:confirmation,5.4,"40.2,14.3,19.8,6.4,10.2,7.1,21.3,8.7,27.2,19.5,13.3,5.5,6.2,25.2,14.8,13.6,16.4,14.6,15.5,28.2,26.6,11.1,21.9,12.0,11.0,23.4,10.1,37.5,14.4,18.0,2.3,3.0,0.0,0.0,9.6,27.2,25.2,29.8,32.8,22.4,12.5,11.1,12.7,14.5,5.6,35.4,8.6,26.0,10.9,24.4,9.4,14.0,17.3,10.9,38.6,19.4,13.6,15.1,10.1,8.5,18.6,36.0,21.1,10.5,27.6,30.4,21.4,15.0,0.0,0.0,0.0,0.0,0.0,0.0,0.0,0.0,0.0,0.0,0.0,0.0,0.0,0.0,0.0,0.0,0.0,0.0,0.0,0.0,0.0,0.0,0.0,0.0,0.0,0.0,0.0,0.0,0.0,0.0,44.3,51.5,100.0,35.7,0.0,0.0,0.0,0.0,0.0,0.0,0.0,0.0,0.0,0.0,0.0,0.0,0.0,0.0,0.0,0.0,0.0,0.0,0.0,0.0,0.0,0.0,0.0,0.0,0.0,0.0,0.0,0.0,0.0,0.0,0.0,0.0,0.0,0.0,0.0,0.0,0.0,0.0,0.0,0.0,0.0,0.0,0.0,0.0,0.0,0.0,0.0,0.0,0.0,0.0,0.0,0.0,0.0,0.0,0.8,0.0,0.0,0.0,0.0,0.0,0.0,0.0,0.0,0.0,0.8,0.0,0.0,0.0,0.0,0.0,0.0,0.0,0.0,0.0,0.0,0.0,0.0,0.8,0.0,0.0,0.0,0.0,0.0,0.0,0.0,0.0,0.0,0.0,0.0,0.0,0.0,0.0,0.0,0.0,0.0,0.0,0.0,0.0,0.0,0.0,0.0,0.0,0.0,0.0,0.0,0.0,0.0,0.0,0.0,0.0,0.0,0.0,0.0,0.0,0.0,0.0,0.0,0.0,0.0,0.0,0.0,0.0,0.0,0.0,0.0,0.0,0.0,0.0,0.0,0.0,0.0,0.0,0.0,0.0,0.0,0.0,0.0,0.0,0.0,0.0,0.0,0.0,0.0,0.0,0.0,0.0,0.0,0.0,0.0,0.0,0.0,0.0,0.0",5.0,51190.92578125,980675.39453125,8684.2509765625,110707.05908203125,28.46435546875
1791364778.7965662,individual_n32_vmnos8_r1:confirmation,4.5,"15.5,8.6,7.9,9.4,17.1,11.6,8.5,5.0,17.5,25.2,16.3,10.4,15.2,23.2,7.2,14.6,11.2,22.2,16.4,16.8,7.6,6.5,2.8,20.8,11.9,9.7,8.5,15.8,7.1,32.4,3.4,7.6,2.8,0.0,8.5,7.7,7.4,26.6,2.8,18.2,27.3,20.7,17.9,19.7,5.6,14.5,8.5,7.2,10.5,12.6,16.8,8.7,25.0,20.7,13.9,18.4,5.7,12.6,15.6,15.0,14.5,16.2,29.3,22.7,40.4,14.8,19.0,7.6,0.0,0.0,0.0,0.0,0.0,0.0,0.0,0.0,0.0,0.0,0.0,0.0,0.0,0.0,0.0,0.0,0.0,0.0,0.0,0.0,0.0,0.0,0.0,0.0,0.0,0.0,0.0,0.0,0.0,0.0,36.4,45.8,99.3,41.4,0.0,0.0,0.0,0.0,0.0,0.0,0.0,0.0,0.0,0.0,0.0,0.0,0.0,0.0,0.0,0.0,0.0,0.0,0.0,0.0,0.0,0.0,0.0,0.0,0.0,0.0,0.0,0.0,0.0,0.0,0.0,0.0,0.0,0.0,0.0,0.0,0.0,0.0,0.0,0.0,0.0,0.0,0.0,0.0,0.0,0.0,0.0,0.0,0.0,0.0,0.0,0.0,0.0,0.0,0.0,0.0,0.0,0.0,0.0,0.0,0.0,0.0,0.0,0.0,0.0,0.0,0.0,0.0,0.0,0.0,0.0,0.0,0.0,0.0,0.0,0.0,0.0,0.0,0.0,0.0,0.0,0.0,0.0,0.0,0.0,0.0,0.0,0.0,0.0,0.0,0.0,0.0,0.0,0.0,0.0,0.0,0.0,0.0,0.0,0.0,0.0,0.0,0.0,0.0,0.0,0.0,0.0,0.0,0.0,0.0,0.0,0.0,0.0,0.0,0.0,0.0,0.0,0.0,0.0,0.0,0.0,0.7,0.0,0.0,0.0,0.0,0.0,0.0,0.0,0.0,0.0,0.0,0.0,0.0,0.0,0.0,0.0,0.0,0.0,0.0,0.0,0.0,0.0,0.0,0.0,0.0,0.0,0.0,0.0,0.0,0.0,0.0,0.0",5.0,51669.26171875,980197.05859375,8684.2509765625,110707.45751953125,28.46435546875
1791364779.8538265,individual_n32_vmnos8_r1:confirmation,3.0,"10.6,9.7,5.2,12.1,6.7,7.5,14.4,4.4,10.5,6.6,6.6,3.7,2.9,5.1,2.2,5.1,3.6,8.1,1.5,3.7,9.5,7.9,3.0,10.4,12.5,2.2,2.9,0.7,5.8,9.6,2.1,3.6,1.4,0.0,7.2,3.7,8.0,5.1,11.0,3.0,17.2,6.6,7.9,7.3,5.1,5.3,4.5,8.2,5.3,13.5,18.5,10.7,8.8,18.8,5.9,14.2,1.5,2.9,3.7,2.2,8.1,4.3,6.5,5.8,7.4,9.8,19.1,7.4,0.0,0.0,0.0,0.0,0.0,0.0,0.0,0.0,0.0,0.0,0.0,0.0,0.0,0.0,0.0,0.0,2.2,0.0,0.0,0.0,0.0,0.0,0.0,0.0,0.0,0.0,0.0,0.0,0.0,0.0,43.6,57.2,77.4,63.0,0.0,0.0,0.0,0.0,0.0,0.0,0.0,0.0,0.0,0.0,0.0,0.0,0.0,0.0,0.0,0.0,0.0,0.0,0.0,0.0,0.0,0.0,0.0,0.0,0.0,0.0,0.0,0.0,0.0,0.0,0.0,0.0,0.0,0.0,0.0,0.0,0.0,0.0,0.0,0.0,0.0,0.0,0.0,0.0,0.0,0.0,0.0,0.0,0.0,0.0,0.0,0.0,0.0,0.0,0.0,0.0,0.0,0.0,0.0,0.0,0.0,0.0,0.0,0.0,0.0,0.0,0.0,0.0,0.0,0.0,0.0,0.0,0.0,0.0,0.0,0.0,0.0,0.0,0.0,0.0,0.0,0.0,0.0,0.0,0.0,0.0,0.0,0.0,0.0,0.0,0.0,0.0,0.0,0.0,0.0,0.0,0.0,0.0,0.0,0.0,0.0,0.0,0.0,0.0,0.0,0.0,0.0,0.0,0.0,0.0,0.0,0.0,0.0,0.0,0.0,0.0,0.0,0.0,0.0,0.0,0.0,0.0,0.0,0.0,0.0,0.0,0.0,0.0,0.0,0.0,0.0,0.0,0.0,0.0,0.0,0.0,0.0,0.0,0.0,0.0,0.0,0.0,0.0,0.0,0.0,0.0,0.0,0.0,0.0,0.0,0.0,0.0,0.0",4.9,50908.69921875,980957.62109375,8684.2509765625,110710.68798828125,26.7451171875
1791364781.333273,individual_n32_vmnos8_r1:confirmation,4.2,"19.4,8.1,12.3,12.6,16.1,6.1,16.4,8.2,16.0,8.8,23.6,17.7,17.6,14.9,7.4,21.3,4.7,4.7,11.0,16.7,14.8,19.6,6.1,12.2,19.7,8.7,20.8,3.4,25.3,20.3,2.0,3.9,1.3,0.0,15.8,11.0,11.5,16.9,4.8,10.7,14.2,12.3,10.7,7.4,10.0,34.7,9.7,7.5,21.2,11.3,43.9,9.0,17.7,16.2,15.8,15.5,4.7,6.7,20.8,20.7,18.0,14.0,18.7,10.0,13.0,15.6,28.0,24.3,0.0,0.0,0.0,0.0,0.0,0.0,0.0,0.0,0.0,0.0,0.0,0.0,0.0,0.0,0.0,0.0,1.4,0.0,0.0,0.0,0.0,0.0,0.0,0.0,0.0,0.0,0.0,0.0,0.0,0.0,47.9,65.8,20.0,60.9,0.0,0.0,0.0,0.0,0.0,0.0,0.0,0.0,0.0,0.0,0.0,0.0,0.0,0.0,0.0,0.0,0.0,0.0,0.0,0.0,0.0,0.0,0.0,0.0,0.0,0.0,0.0,0.0,0.6,0.0,0.0,0.0,0.0,0.0,0.0,0.0,0.0,0.0,0.0,0.0,0.0,0.0,0.0,0.0,0.0,0.0,0.0,0.0,0.0,0.0,0.0,0.0,0.0,0.0,0.0,0.0,0.0,0.0,0.0,0.0,0.0,0.0,0.0,0.0,0.0,0.0,0.0,0.0,0.0,0.0,0.0,0.0,0.0,0.0,0.0,0.0,0.0,0.0,0.0,0.0,0.0,0.0,0.0,0.0,0.0,0.0,0.0,0.0,0.0,0.0,0.0,0.0,0.0,0.0,0.0,0.0,0.0,0.0,0.0,0.0,0.0,0.0,0.0,0.0,0.0,0.0,0.0,0.0,0.0,0.0,0.0,0.0,0.0,0.0,0.0,0.0,0.0,0.0,0.0,0.0,0.0,0.0,0.0,0.0,0.0,0.0,0.0,0.0,0.0,0.0,0.0,0.0,0.0,0.0,0.0,0.0,0.0,0.0,0.0,0.0,0.0,0.0,0.0,0.0,0.0,0.0,0.0,0.0,0.0,0.0,0.0,0.0,0.0",5.0,51127.9296875,980738.390625,8684.2509765625,110710.69189453125,26.7451171875
1791364782.8169403,individual_n32_vmnos8_r1:confirmation,4.5,"20.8,16.7,21.9,19.4,8.5,7.5,20.8,6.9,3.8,4.6,30.6,24.8,27.8,16.5,20.4,4.8,15.0,6.5,18.2,20.2,29.9,23.6,13.8,7.7,34.5,21.8,15.9,10.8,17.4,8.3,2.7,2.7,3.6,0.0,32.4,7.8,17.9,8.5,14.8,8.4,7.6,11.0,30.6,20.4,9.4,54.1,18.2,20.6,9.3,16.8,19.3,13.6,10.2,18.3,21.0,22.6,7.4,3.8,5.7,26.6,8.3,22.0,33.0,25.2,24.1,10.3,8.4,38.9,0.0,0.0,0.0,0.0,0.0,0.0,0.0,0.0,0.0,0.0,0.0,0.0,0.0,0.0,0.0,0.0,2.0,0.0,0.0,0.0,0.0,0.0,0.0,0.0,0.0,0.0,0.0,0.0,0.0,0.0,49.1,55.0,55.0,11.9,0.0,0.0,0.0,0.0,0.0,0.0,0.0,0.0,0.0,0.0,0.0,0.0,0.0,0.0,0.0,0.0,0.0,0.0,0.0,0.0,0.0,0.0,0.0,0.0,0.0,0.0,0.0,0.0,0.0,0.0,0.0,0.0,0.0,0.0,0.0,0.0,0.0,0.0,0.0,0.0,0.0,0.0,0.0,0.0,0.0,0.0,0.0,0.0,0.0,0.0,0.0,0.0,0.0,0.0,0.0,0.0,0.0,0.0,0.0,0.0,0.9,0.0,0.0,0.0,0.0,0.0,0.0,0.0,0.0,0.0,0.0,0.0,0.0,0.0,0.0,0.0,0.0,0.0,0.0,0.0,0.0,0.0,0.0,0.0,0.0,0.0,0.0,0.0,0.0,0.0,0.0,0.0,0.0,0.0,0.0,0.0,0.0,0.0,0.0,0.0,0.0,0.0,0.0,0.0,0.0,0.0,0.0,0.0,0.0,0.0,0.0,0.0,0.0,0.0,0.0,0.0,0.0,0.0,0.0,0.0,0.0,0.0,0.0,0.0,0.0,0.0,0.0,0.0,0.0,0.0,0.0,0.0,0.0,0.0,0.0,0.0,0.0,0.0,0.0,0.0,0.0,0.0,0.0,0.0,0.0,0.0,0.0,0.0,0.0,0.0,0.0,0.0,0.0",4.9,50941.65625,980924.6640625,8684.2509765625,110710.69189453125,26.7451171875
1791364783.8270185,individual_n32_vmnos8_r1:confirmation,2.4,"5.6,7.2,4.1,21.4,3.0,6.1,5.1,7.1,7.1,7.1,6.0,5.1,10.4,1.0,3.0,2.0,3.0,2.0,2.0,28.6,7.3,4.1,3.1,6.1,0.0,0.0,2.0,3.0,1.0,5.1,5.9,5.0,5.0,0.0,15.2,6.0,3.0,4.0,6.0,6.2,0.0,4.0,0.0,10.0,5.1,3.1,6.1,2.0,2.0,1.0,11.1,5.0,4.9,4.0,1.1,2.0,0.0,5.0,1.0,12.0,0.0,2.0,1.0,1.0,9.3,3.1,5.1,16.3,0.0,0.0,0.0,0.0,0.0,0.0,0.0,0.0,0.0,0.0,0.0,0.0,0.0,0.0,0.0,0.0,1.0,0.0,0.0,0.0,0.0,0.0,0.0,0.0,0.0,0.0,0.0,0.0,0.0,0.0,65.7,92.1,53.5,52.5,0.0,0.0,0.0,0.0,0.0,0.0,0.0,0.0,0.0,0.0,0.0,0.0,0.0,0.0,0.0,0.0,0.0,0.0,0.0,0.0,0.0,0.0,0.0,0.0,0.0,0.0,0.0,0.0,0.0,0.0,0.0,0.0,0.0,0.0,0.0,0.0,0.0,0.0,0.0,0.0,0.0,0.0,0.0,0.0,0.0,0.0,0.0,0.0,0.0,0.0,0.0,0.0,0.0,1.0,0.0,0.0,0.0,0.0,0.0,0.0,1.0,0.0,0.0,0.0,0.0,0.0,0.0,0.0,0.0,0.0,0.0,0.0,0.0,0.0,0.0,0.0,0.0,0.0,0.0,0.0,0.0,0.0,0.0,0.0,0.0,0.0,0.0,0.0,0.0,0.0,0.0,0.0,0.0,0.0,0.0,0.0,0.0,0.0,0.0,0.0,0.0,0.0,0.0,0.0,0.0,0.0,0.0,0.0,0.0,0.0,0.0,0.0,0.0,0.0,0.0,0.0,0.0,0.0,0.0,0.0,0.0,0.0,0.0,0.0,0.0,0.0,0.0,0.0,0.0,0.0,0.0,0.0,0.0,0.0,0.0,0.0,0.0,0.0,0.0,0.0,0.0,0.0,0.0,0.0,0.0,0.0,0.0,0.0,0.0,0.0,0.0,0.0,0.0",5.0,51144.82421875,980721.49609375,8684.2509765625,110710.97705078125,26.7451171875
1791364785.0342147,individual_n32_vmnos8_r1:confirmation,5.3,"25.9,14.3,19.0,20.8,23.8,18.1,22.8,11.1,27.4,22.5,8.7,15.4,26.6,12.5,15.9,21.3,12.4,13.7,10.5,34.3,44.1,14.8,12.3,18.1,9.7,9.1,29.7,5.6,3.6,9.7,0.0,0.7,1.4,1.4,10.7,14.1,8.4,12.0,9.2,8.6,17.9,24.3,0.7,28.3,4.9,22.1,34.5,21.4,6.9,13.3,21.7,20.7,7.5,21.8,27.3,4.2,4.9,8.5,18.9,11.2,22.4,7.6,4.2,7.6,25.5,28.6,27.7,23.4,0.0,0.0,0.0,0.0,0.0,0.0,0.0,0.0,0.0,0.0,0.0,0.0,0.0,0.0,0.0,0.0,1.4,0.0,0.0,0.0,0.0,0.0,0.0,0.0,0.0,0.0,0.0,0.0,0.0,0.0,78.9,77.0,80.3,37.9,0.0,0.0,0.0,0.0,0.0,0.0,0.0,0.0,0.0,0.0,0.0,0.0,0.0,0.0,0.0,0.0,0.0,0.0,0.0,0.0,0.0,0.0,0.0,0.0,0.0,0.0,0.0,0.0,0.0,0.0,0.0,0.0,0.0,0.0,0.0,0.0,0.0,0.0,0.0,0.0,0.0,0.0,0.0,0.0,0.0,0.0,0.0,0.0,0.0,0.0,0.0,0.0,0.0,0.0,0.0,0.0,0.0,0.0,0.0,0.0,0.0,0.0,0.0,0.0,0.0,0.0,0.0,0.0,0.0,0.0,0.0,0.0,0.0,0.0,0.0,0.0,0.0,0.0,0.0,0.0,0.0,0.0,0.0,0.0,0.0,0.0,0.0,0.0,0.0,0.0,0.0,0.0,0.0,0.0,0.0,0.0,0.0,0.0,0.0,0.0,0.0,0.0,0.0,0.0,0.0,0.0,0.0,0.0,0.0,0.0,0.0,0.0,0.0,0.0,0.0,0.0,0.0,0.0,0.0,0.0,0.0,1.4,0.0,0.0,0.0,0.0,0.0,0.0,0.0,0.0,0.0,0.0,0.0,0.0,0.0,0.0,0.0,0.0,0.0,0.0,0.0,0.0,0.0,0.0,0.0,0.0,0.0,0.0,0.0,0.0,0.0,0.0,0.0",5.0,51717.4921875,980148.828125,8684.2509765625,110713.96533203125,29.16796875
1791364786.3346589,individual_n32_vmnos8_r1:confirmation,2.5,"5.4,4.9,4.0,4.9,4.0,7.9,4.0,15.7,5.9,20.2,4.9,6.9,5.9,4.9,4.0,27.0,1.9,1.0,0.0,1.0,0.0,1.0,13.6,4.9,1.0,0.0,0.0,1.0,0.0,11.9,1.9,21.2,1.0,0.0,8.9,5.8,2.0,2.9,2.9,5.8,3.8,2.9,1.9,0.0,5.8,12.7,2.9,1.9,3.9,4.9,4.9,3.0,16.5,12.9,6.8,5.8,0.0,12.0,2.0,1.0,4.9,0.0,6.9,3.9,11.8,19.0,5.8,12.6,0.0,0.0,0.0,0.0,0.0,0.0,0.0,0.0,0.0,0.0,0.0,0.0,0.0,0.0,0.0,0.0,1.9,1.9,0.0,0.0,0.0,0.0,0.0,0.0,0.0,0.0,0.0,0.0,0.0,0.0,62.1,69.6,57.8,54.4,0.0,0.0,0.0,0.0,0.0,0.0,0.0,0.0,0.0,0.0,0.0,0.0,0.0,0.0,0.0,0.0,0.0,0.0,0.0,0.0,0.0,0.0,0.0,0.0,0.0,0.0,0.0,0.0,0.0,0.0,0.0,0.0,0.0,0.0,0.0,0.0,0.0,0.0,0.0,0.0,0.0,0.0,0.0,0.0,0.0,0.0,0.0,0.0,0.0,0.0,0.0,0.0,0.0,0.0,0.0,0.0,0.0,0.0,0.0,0.0,0.0,0.0,0.0,0.0,0.0,0.0,0.0,0.0,0.0,0.0,0.0,0.0,0.0,0.0,0.0,0.0,0.0,0.0,0.0,0.0,1.0,0.0,0.0,0.0,0.0,0.0,0.0,0.0,0.0,0.0,0.0,0.0,0.0,0.0,0.0,0.0,0.0,0.0,0.0,0.0,0.0,0.0,0.0,0.0,0.0,0.0,0.0,0.0,0.0,0.0,0.0,0.0,0.0,0.0,0.0,0.0,0.0,0.0,0.0,0.0,0.0,0.0,0.0,0.0,0.0,0.0,0.0,0.0,0.0,0.0,0.0,0.0,0.0,0.0,0.0,0.0,0.0,0.0,0.0,0.0,0.0,0.0,0.0,0.0,0.0,0.0,0.0,0.0,0.0,0.0,0.0,0.0,0.0",4.9,51071.3125,980795.0078125,8684.2509765625,110713.96533203125,29.16796875
1791364787.3539553,individual_n32_vmnos8_r1:confirmation,5.5,"7.3,37.4,20.2,19.2,16.3,16.5,37.4,22.8,29.3,27.6,16.5,21.4,26.5,24.2,30.3,28.0,23.2,21.4,9.3,8.1,3.0,22.2,13.3,10.3,10.9,13.1,25.8,22.8,10.1,13.3,0.0,0.0,0.0,0.0,17.2,8.4,14.1,29.6,8.2,10.1,17.2,20.2,35.7,8.1,7.3,9.2,26.7,53.5,29.3,4.1,15.2,21.4,5.1,36.0,25.5,5.0,9.1,19.2,12.4,5.1,23.8,11.1,15.3,10.1,50.0,22.0,11.3,30.6,0.0,0.0,0.0,0.0,0.0,0.0,0.0,0.0,0.0,0.0,0.0,0.0,0.0,0.0,0.0,0.0,1.0,0.0,0.0,0.0,0.0,0.0,0.0,0.0,0.0,0.0,0.0,0.0,0.0,0.0,25.0,47.1,85.3,38.0,0.0,0.0,0.0,0.0,0.0,0.0,0.0,0.0,0.0,0.0,0.0,0.0,0.0,0.0,0.0,0.0,0.0,0.0,0.0,0.0,0.0,0.0,0.0,0.0,0.0,0.0,0.0,0.0,0.0,0.0,0.0,0.0,0.0,0.0,0.0,0.0,0.0,0.0,0.0,0.0,0.0,0.0,0.0,0.0,0.0,0.0,0.0,0.0,0.0,0.0,0.0,0.0,0.0,0.0,0.0,0.0,0.0,0.0,0.0,0.0,0.0,0.0,0.0,0.0,0.0,0.0,0.0,0.0,0.0,0.0,0.0,0.0,0.0,0.0,0.0,0.0,0.0,0.0,0.0,0.0,0.0,0.0,0.0,0.0,0.0,0.0,0.0,0.0,0.0,0.0,0.0,0.0,0.0,0.0,0.0,0.0,0.0,0.0,0.0,0.0,0.0,0.0,0.0,0.0,0.0,0.0,0.0,0.0,0.0,0.0,0.0,0.0,0.0,0.0,0.0,0.0,0.0,0.0,0.0,0.0,0.0,0.0,0.0,0.0,0.0,0.0,0.0,0.0,0.0,0.0,0.0,0.0,0.0,0.0,0.0,0.0,0.0,0.0,0.0,0.0,0.0,0.0,0.0,0.0,0.0,0.0,0.0,0.0,0.0,0.0,0.0,0.0,0.0",5.0,51643.515625,980222.8046875,8684.2509765625,110713.96533203125,29.16796875
1791364788.3759236,individual_n32_vmnos8_r1:confirmation,3.1,"4.5,4.9,16.8,2.0,9.0,3.0,6.1,9.2,18.8,12.0,12.1,5.0,8.8,5.0,18.0,7.9,10.0,25.0,5.9,2.0,1.0,4.0,1.0,5.2,2.0,2.0,23.0,21.0,2.0,5.1,1.0,3.0,1.0,5.9,31.4,4.0,4.0,10.2,3.9,4.0,9.9,3.0,3.0,17.0,7.9,3.1,5.1,7.1,5.0,3.0,4.1,12.9,3.1,2.0,15.0,6.1,2.0,0.0,12.0,10.8,11.8,4.0,13.7,7.0,7.1,8.2,15.0,8.1,0.0,0.0,0.0,0.0,0.0,0.0,0.0,0.0,0.0,0.0,0.0,0.0,0.0,0.0,0.0,0.0,1.0,1.0,0.0,0.0,0.0,0.0,0.0,0.0,0.0,0.0,0.0,0.0,0.0,0.0,51.5,57.0,100.0,52.5,0.0,0.0,0.0,0.0,0.0,0.0,0.0,0.0,0.0,0.0,0.0,0.0,0.0,0.0,0.0,0.0,0.0,0.0,0.0,0.0,0.0,0.0,0.0,0.0,0.0,0.0,0.0,0.0,0.0,0.0,0.0,0.0,0.0,0.0,0.0,0.0,0.0,0.0,0.0,0.0,0.0,0.0,0.0,0.0,0.0,0.0,0.0,0.0,0.0,0.0,0.0,0.0,0.0,0.0,0.0,0.0,0.0,0.0,0.0,0.0,0.0,0.0,0.0,0.0,0.0,0.0,0.0,0.0,0.0,0.0,0.0,0.0,0.0,0.0,0.0,0.0,0.0,0.0,0.0,0.0,0.0,0.0,0.0,0.0,0.0,0.0,0.0,0.0,0.0,0.0,0.0,0.0,0.0,0.0,0.0,0.0,0.0,0.0,0.0,0.0,0.0,0.0,0.0,0.0,0.0,0.0,0.0,0.0,0.0,0.0,0.0,0.0,0.0,0.0,0.0,0.0,0.0,0.0,0.0,0.0,0.0,0.0,0.0,0.0,0.0,0.0,0.0,0.0,0.0,0.0,0.0,0.0,0.0,0.0,0.0,0.0,0.0,0.0,0.0,0.0,0.0,0.0,0.0,0.0,0.0,0.0,0.0,0.0,0.0,0.0,0.0,0.0,0.0",5.0,51626.8046875,980239.515625,8684.2509765625,110714.18798828125,29.16796875
1791364789.3820922,idle,5.4,"9.5,9.0,21.0,10.9,8.9,10.0,38.8,28.6,7.1,38.6,7.0,17.2,19.0,4.1,38.1,39.8,16.0,25.8,46.5,8.1,6.0,19.2,9.0,7.1,12.5,13.3,8.5,5.3,8.7,10.2,5.9,8.0,3.0,0.0,18.2,19.0,44.3,7.0,8.2,20.0,27.3,5.1,37.4,5.9,5.1,6.2,20.2,19.2,48.5,19.4,27.7,9.4,7.9,4.2,15.2,34.3,3.1,21.8,27.6,7.9,18.0,12.9,22.9,12.1,11.1,55.1,28.3,17.0,0.0,0.0,0.0,0.0,0.0,0.0,0.0,0.0,0.0,0.0,0.0,0.0,0.0,0.0,0.0,0.0,1.0,0.0,0.0,0.0,0.0,0.0,0.0,0.0,0.0,0.0,0.0,0.0,0.0,0.0,28.6,52.5,98.0,67.7,0.0,0.0,0.0,0.0,0.0,0.0,0.0,0.0,0.0,0.0,0.0,0.0,0.0,0.0,0.0,0.0,0.0,0.0,0.0,0.0,0.0,0.0,0.0,0.0,0.0,0.0,0.0,0.0,0.0,0.0,0.0,0.0,0.0,0.0,0.0,0.0,0.0,0.0,0.0,0.0,0.0,0.0,0.0,0.0,0.0,0.0,0.0,0.0,0.0,0.0,0.0,0.0,0.0,0.0,0.0,0.0,0.0,0.0,0.0,0.0,0.0,0.0,0.0,0.0,0.0,0.0,0.0,0.0,0.0,0.0,0.0,0.0,0.0,0.0,0.0,0.0,0.0,0.0,0.0,0.0,0.0,0.0,0.0,0.0,0.0,0.0,0.0,0.0,0.0,0.0,0.0,0.0,0.0,0.0,0.0,0.0,0.0,0.0,0.0,0.0,0.0,0.0,0.0,0.0,0.0,0.0,0.0,0.0,0.0,0.0,0.0,0.0,0.0,0.0,0.0,0.0,0.0,0.0,0.0,0.0,0.0,0.0,0.0,0.0,0.0,0.0,0.0,0.0,0.0,0.0,0.0,0.0,0.0,0.0,0.0,0.0,0.0,0.0,0.0,0.0,0.0,0.0,0.0,0.0,0.0,0.0,0.0,0.0,0.0,0.0,0.0,0.0,0.0",5.0,51532.53125,980333.7890625,8684.2509765625,110714.44580078125,29.16796875
1791364790.3903363,idle,4.1,"12.2,11.2,14.3,13.4,11.2,6.2,7.2,10.4,15.0,11.5,6.3,12.1,11.5,15.8,13.0,18.8,10.4,16.7,11.2,18.9,8.4,16.5,7.2,11.5,12.2,8.2,15.0,14.1,14.4,9.5,4.0,5.0,1.0,2.0,13.8,10.5,12.5,8.3,10.4,13.5,5.1,15.2,9.2,15.6,17.2,11.2,12.4,9.1,15.3,13.3,10.4,7.2,13.3,6.1,19.8,9.1,12.1,13.3,17.5,9.5,8.2,6.2,18.6,12.6,16.8,17.6,13.7,13.5,0.0,0.0,0.0,0.0,0.0,0.0,0.0,0.0,0.0,0.0,0.0,0.0,0.0,0.0,0.0,0.0,0.0,0.0,0.0,0.0,0.0,0.0,0.0,0.0,0.0,0.0,0.0,0.0,0.0,0.0,36.4,70.0,100.0,53.0,0.0,0.0,0.0,0.0,0.0,0.0,0.0,0.0,0.0,0.0,0.0,0.0,0.0,0.0,0.0,0.0,0.0,0.0,0.0,0.0,0.0,0.0,0.0,0.0,0.0,0.0,0.0,0.0,0.0,0.0,0.0,0.0,0.0,0.0,0.0,0.0,0.0,0.0,0.0,0.0,0.0,0.0,0.0,0.0,0.0,0.0,0.0,0.0,0.0,0.0,0.0,0.0,0.0,0.0,0.0,0.0,0.0,0.0,0.0,0.0,0.0,0.0,0.0,0.0,0.0,0.0,0.0,0.0,0.0,0.0,0.0,0.0,0.0,0.0,0.0,1.0,0.0,0.0,0.0,0.0,0.0,0.0,0.0,0.0,0.0,0.0,0.0,0.0,0.0,0.0,0.0,0.0,0.0,0.0,0.0,0.0,0.0,0.0,0.0,0.0,0.0,0.0,0.0,0.0,0.0,0.0,0.0,0.0,0.0,0.0,0.0,0.0,0.0,0.0,0.0,0.0,0.0,0.0,0.0,0.0,0.0,0.0,0.0,0.0,0.0,0.0,0.0,0.0,0.0,0.0,0.0,0.0,0.0,0.0,0.0,0.0,0.0,0.0,0.0,0.0,0.0,0.0,0.0,0.0,0.0,0.0,0.0,0.0,0.0,0.0,0.0,0.0,0.0",4.9,50890.33203125,980975.98828125,8684.2509765625,110717.10595703125,27.873046875
1791364791.4003227,idle,2.5,"9.0,19.6,24.8,19.2,4.0,4.0,3.0,3.0,1.0,2.0,4.0,4.0,15.0,8.2,4.1,7.3,4.9,3.0,6.0,11.9,4.0,6.0,4.0,4.1,2.0,1.0,9.1,3.0,5.0,9.1,5.9,5.0,1.9,1.9,5.0,5.9,9.7,2.0,2.0,3.0,2.0,6.1,0.0,4.0,4.0,5.0,8.1,4.0,2.0,6.8,0.0,0.0,4.1,10.0,9.9,3.0,2.0,4.0,7.0,5.0,3.0,2.0,8.8,2.1,9.1,2.0,5.9,6.9,0.0,0.0,0.0,0.0,0.0,0.0,0.0,0.0,0.0,0.0,0.0,0.0,0.0,0.0,0.0,0.0,0.0,0.0,0.0,0.0,0.0,0.0,0.0,0.0,0.0,0.0,0.0,0.0,0.0,0.0,73.3,90.3,33.0,68.0,0.0,0.0,0.0,0.0,0.0,0.0,0.0,0.0,0.0,0.0,0.0,0.0,0.0,0.0,0.0,0.0,0.0,0.0,0.0,0.0,0.0,0.0,0.0,0.0,0.0,0.0,0.0,0.0,0.0,0.0,0.0,0.0,0.0,0.0,0.0,0.0,0.0,0.0,0.0,0.0,0.0,0.0,0.0,0.0,0.0,0.0,0.0,0.0,0.0,0.0,0.0,0.0,0.0,0.0,0.0,0.0,0.0,0.0,0.0,0.0,0.0,0.0,0.0,0.0,0.0,0.0,0.0,0.0,0.0,0.0,0.0,0.0,0.0,0.0,0.0,0.0,0.0,0.0,0.0,0.0,0.0,0.0,0.0,0.0,0.0,0.0,0.0,0.0,0.0,0.0,0.0,0.0,0.0,0.0,0.0,0.0,0.0,0.0,0.0,0.0,0.0,0.0,0.0,0.0,0.0,0.0,0.0,0.0,0.0,0.0,0.0,0.0,0.0,0.0,0.0,0.0,0.0,0.0,0.0,0.0,0.0,1.0,0.0,0.0,0.0,0.0,0.0,0.0,0.0,0.0,0.0,0.0,0.0,0.0,0.0,0.0,0.0,0.0,0.0,0.0,0.0,0.0,0.0,0.0,0.0,0.0,0.0,0.0,0.0,0.0,0.0,0.0,0.0",4.9,50956.0859375,980910.234375,8684.2509765625,110717.10595703125,27.873046875
1791364792.4492104,idle,3.7,"9.6,7.1,27.7,15.8,7.8,8.7,7.8,20.6,14.0,8.0,8.1,8.2,18.2,15.8,13.4,17.2,8.9,19.0,13.7,15.7,12.7,13.9,9.1,12.0,12.0,7.1,6.0,10.0,8.2,18.3,1.9,1.9,0.0,0.0,14.4,12.0,11.0,10.1,12.0,11.0,9.0,7.0,8.0,12.9,7.9,15.0,15.7,13.1,9.8,18.2,8.7,8.7,9.9,12.2,18.0,7.8,25.7,9.6,9.0,15.7,9.9,8.2,11.8,10.0,20.6,12.4,22.4,9.3,0.0,0.0,0.0,0.0,0.0,0.0,0.0,0.0,0.0,0.0,0.0,0.0,0.0,0.0,0.0,0.0,1.0,0.0,0.0,0.0,0.0,0.0,0.0,0.0,0.0,0.0,0.0,0.0,0.0,0.0,12.5,66.3,36.3,53.9,0.0,0.0,0.0,0.0,0.0,0.0,0.0,0.0,0.0,0.0,0.0,0.0,0.0,0.0,0.0,0.0,0.0,0.0,0.0,0.0,0.0,0.0,0.0,0.0,0.0,0.0,0.0,0.0,0.0,0.0,0.0,0.0,0.0,0.0,0.0,0.0,0.0,0.0,0.0,0.0,0.0,0.0,0.0,0.0,0.0,0.0,0.0,0.0,0.0,0.0,0.0,0.0,0.0,0.0,0.0,0.0,0.0,0.0,0.0,0.0,0.0,0.0,0.0,0.0,0.0,0.0,0.0,0.0,0.0,0.0,0.0,0.0,0.0,0.0,0.0,0.0,0.0,0.0,0.0,0.0,0.0,0.0,0.0,0.0,0.0,0.0,0.0,0.0,0.0,0.0,0.0,0.0,0.0,0.0,0.0,0.0,0.0,0.0,0.0,0.0,0.0,0.0,0.0,0.0,0.0,0.0,0.0,0.0,0.0,0.0,0.0,0.0,0.0,0.0,0.0,0.0,0.0,0.0,0.0,0.0,0.0,0.0,0.0,0.0,0.0,0.0,0.0,0.0,0.0,0.0,0.0,0.0,0.0,0.0,0.0,0.0,0.0,0.0,0.0,0.0,0.0,0.0,0.0,0.0,0.0,0.0,0.0,0.0,0.0,0.0,0.0,0.0,0.0",4.9,51041.140625,980825.1796875,8684.2509765625,110717.10595703125,27.873046875
1791364793.4831076,idle,2.1,"4.4,5.0,7.1,22.5,4.0,5.0,8.0,1.0,5.9,3.0,1.0,4.8,19.4,3.0,3.0,2.0,2.0,13.0,0.0,6.9,2.0,2.0,13.1,5.9,9.8,4.9,10.8,3.9,1.0,4.0,1.0,2.0,1.0,1.0,6.9,5.9,7.8,5.0,7.9,7.8,13.9,5.9,6.0,6.9,2.0,7.0,2.0,3.0,3.0,2.0,5.9,2.0,5.1,3.0,3.0,3.0,5.0,1.0,2.9,15.0,1.0,2.0,4.0,6.9,15.0,5.0,4.9,5.9,0.0,0.0,0.0,0.0,0.0,0.0,0.0,0.0,0.0,0.0,0.0,0.0,0.0,0.0,0.0,0.0,2.0,0.0,0.0,0.0,0.0,0.0,0.0,0.0,0.0,0.0,0.0,0.0,0.0,0.0,26.7,30.4,35.0,99.0,0.0,0.0,0.0,0.0,0.0,0.0,0.0,0.0,0.0,0.0,0.0,0.0,0.0,0.0,0.0,0.0,0.0,0.0,0.0,0.0,0.0,0.0,0.0,0.0,0.0,0.0,0.0,0.0,0.0,0.0,0.0,0.0,0.0,0.0,0.0,0.0,0.0,0.0,0.0,0.0,0.0,0.0,0.0,0.0,0.0,0.0,0.0,0.0,0.0,0.0,0.0,0.0,0.0,0.0,0.0,0.0,0.0,0.0,0.0,0.0,0.0,0.0,0.0,0.0,0.0,0.0,0.0,0.0,0.0,0.0,0.0,0.0,0.0,0.0,0.0,0.0,0.0,0.0,0.0,0.0,0.0,0.0,0.0,0.0,0.0,0.0,0.0,0.0,0.0,0.0,0.0,0.0,0.0,0.0,0.0,0.0,0.0,0.0,0.0,0.0,0.0,0.0,0.0,0.0,0.0,0.0,0.0,0.0,0.0,0.0,0.0,0.0,0.0,0.0,0.0,0.0,0.0,0.0,0.0,0.0,0.0,0.0,0.0,0.0,0.0,0.0,0.0,0.0,0.0,0.0,0.0,0.0,0.0,0.0,0.0,0.0,0.0,0.0,0.0,0.0,0.0,0.0,0.0,0.0,0.0,0.0,0.0,0.0,0.0,0.0,0.0,0.0,0.0",4.9,50928.3671875,980937.953125,8684.2509765625,110717.30908203125,27.873046875
1791364794.5210588,aggregate_n32_vmnos8_r1:submission,3.9,"11.3,7.8,36.2,14.6,8.7,7.7,15.5,6.0,12.5,6.8,10.9,8.0,14.2,15.5,10.7,5.9,6.9,8.7,12.7,16.7,9.7,16.3,9.9,12.6,6.0,7.8,11.5,12.5,6.9,6.7,2.8,5.7,0.0,2.8,15.8,9.0,7.9,12.7,17.8,7.1,8.8,13.6,30.0,14.7,21.4,13.2,11.7,13.7,14.0,17.5,12.4,11.8,14.3,17.0,11.9,10.0,10.9,9.7,7.7,24.2,7.8,5.8,8.8,11.4,17.0,21.8,13.9,13.1,0.0,0.0,0.0,0.0,0.0,0.0,0.0,0.0,0.0,0.0,0.0,0.0,0.0,0.0,0.0,0.0,5.2,0.0,0.0,0.0,0.0,0.0,0.0,0.0,0.0,0.0,0.0,0.0,0.0,0.0,40.4,95.2,71.2,7.6,0.0,0.0,0.0,0.0,0.0,0.0,0.0,0.0,0.0,0.0,0.0,0.0,0.0,0.0,0.0,0.0,0.0,0.0,0.0,0.0,0.0,0.0,0.0,0.0,0.0,0.0,0.0,0.0,0.0,0.0,0.0,0.0,0.0,0.0,0.0,0.0,0.0,0.0,0.0,0.0,0.0,0.0,0.0,0.0,0.0,0.0,0.0,0.0,0.0,0.0,0.0,0.0,0.0,0.0,0.0,0.0,0.0,0.0,0.0,0.0,0.0,0.0,0.0,0.0,0.0,0.0,0.0,0.0,0.0,0.0,0.0,0.0,0.0,0.0,0.0,0.0,0.0,0.0,0.0,0.0,0.0,0.0,0.0,0.0,0.0,0.0,0.0,0.0,0.0,0.0,0.0,0.0,0.0,0.0,0.0,0.0,0.0,0.0,0.0,0.0,0.0,0.0,0.0,0.0,0.0,0.0,0.0,0.0,0.0,0.0,0.0,0.0,0.0,0.0,0.0,0.0,0.0,0.0,0.0,0.0,0.0,0.0,0.0,0.0,0.0,0.0,0.0,0.0,0.0,0.0,0.0,0.0,0.0,0.0,0.0,0.0,0.0,0.0,0.0,0.0,0.0,0.0,0.0,0.0,0.0,0.0,0.0,0.0,0.0,0.0,0.0,0.0,0.0",5.0,51292.53125,980573.7890625,8684.2509765625,110717.30908203125,27.873046875
1791364795.6017404,aggregate_n32_vmnos8_r1:confirmation,3.1,"5.4,4.8,8.7,19.2,24.0,6.5,10.6,9.7,2.9,21.9,5.9,13.3,2.9,2.9,2.9,2.0,6.9,5.7,15.4,5.9,4.9,4.0,3.8,10.6,4.0,2.9,14.3,15.2,2.0,1.0,5.8,5.7,0.0,4.8,8.8,4.8,5.9,8.8,10.5,6.7,1.0,6.7,7.7,4.8,8.4,1.9,18.9,3.8,9.6,9.1,5.0,3.8,11.5,6.7,3.9,7.6,12.6,5.7,10.5,3.8,10.7,2.9,16.0,7.7,9.8,10.0,6.8,9.1,0.0,0.0,0.0,0.0,0.0,0.0,0.0,0.0,0.0,0.0,0.0,0.0,0.0,0.0,0.0,0.0,0.0,0.0,0.0,0.0,0.0,0.0,0.0,0.0,0.0,0.0,0.0,0.0,0.0,0.0,78.8,68.3,94.4,38.5,0.0,0.0,0.0,0.0,0.0,0.0,0.0,0.0,0.0,0.0,0.0,0.0,0.0,0.0,0.0,0.0,0.0,0.0,0.0,0.0,0.0,0.0,0.0,0.0,0.0,0.0,0.0,0.0,0.0,0.0,0.0,0.0,0.0,0.0,0.0,0.0,0.0,0.0,0.0,0.0,0.0,0.0,0.0,0.0,0.0,0.0,0.0,0.0,0.0,0.0,0.0,0.0,0.0,0.0,0.0,0.0,0.0,0.0,0.0,0.0,0.0,0.0,0.0,0.0,0.0,0.0,0.0,0.0,0.0,0.0,0.0,0.0,0.0,0.0,0.0,0.0,0.0,0.0,0.0,0.0,0.0,0.0,0.0,0.0,0.0,0.0,0.0,0.0,0.0,0.0,0.0,0.0,0.0,0.0,0.0,0.0,0.0,0.0,0.0,0.0,0.0,0.0,0.0,0.0,0.0,0.0,0.0,0.0,0.0,0.0,0.0,0.0,0.0,0.0,0.0,0.0,0.0,0.0,0.0,0.0,0.0,0.0,0.0,0.0,0.0,0.0,0.0,0.0,0.0,0.0,0.0,0.0,0.0,0.0,0.0,0.0,0.0,0.0,0.0,0.0,0.0,0.0,0.0,0.0,0.0,0.0,0.0,0.0,0.0,0.0,0.0,0.0,0.0",5.0,51251.8359375,980614.484375,8684.2509765625,110718.93798828125,29.56494140625
1791364796.6243982,aggregate_n32_vmnos8_r1:confirmation,4.4,"9.9,5.2,8.9,27.0,12.0,13.0,7.9,11.2,8.2,63.6,18.4,23.2,8.0,18.2,5.0,12.7,3.0,5.9,14.9,31.4,14.0,8.0,3.1,9.0,39.6,5.9,5.1,20.8,6.0,6.0,0.0,0.0,0.0,0.0,9.0,16.2,6.1,5.1,13.3,39.0,5.8,3.0,5.1,9.1,7.1,12.0,5.9,11.3,12.4,8.2,7.1,21.0,17.8,12.2,8.2,12.1,12.7,5.0,3.1,27.7,23.5,3.0,12.9,10.9,14.4,13.4,12.8,15.3,0.0,0.0,0.0,0.0,0.0,0.0,0.0,0.0,0.0,0.0,0.0,0.0,0.0,0.0,0.0,0.0,2.1,0.0,0.0,0.0,0.0,0.0,0.0,0.0,0.0,0.0,0.0,0.0,0.0,0.0,100.0,59.8,99.0,44.4,0.0,0.0,0.0,0.0,0.0,0.0,0.0,0.0,0.0,0.0,0.0,0.0,0.0,0.0,0.0,0.0,0.0,0.0,0.0,0.0,0.0,0.0,0.0,0.0,0.0,0.0,0.0,0.0,0.0,0.0,0.0,0.0,0.0,0.0,0.0,0.0,0.0,0.0,0.0,0.0,0.0,0.0,0.0,0.0,0.0,0.0,0.0,0.0,0.0,0.0,0.0,0.0,0.0,0.0,0.0,0.0,0.0,0.0,0.0,0.0,0.0,0.0,0.0,0.0,0.0,0.0,0.0,0.0,0.0,0.0,0.0,0.0,0.0,0.0,0.0,0.0,0.0,0.0,0.0,0.0,0.0,0.0,0.0,0.0,0.0,0.0,0.0,0.0,0.0,0.0,0.0,0.0,0.0,0.0,0.0,0.0,0.0,0.0,0.0,0.0,0.0,0.0,0.0,0.0,0.0,0.0,0.0,0.0,0.0,0.0,0.0,0.0,0.0,0.0,0.0,0.0,0.0,0.0,0.0,0.0,0.0,0.0,0.0,0.0,0.0,0.0,0.0,0.0,0.0,0.0,0.0,0.0,0.0,0.0,0.0,0.0,0.0,0.0,0.0,0.0,0.0,0.0,0.0,0.0,0.0,0.0,0.0,0.0,0.0,0.0,0.0,0.0,0.0",5.0,51179.7265625,980686.59375,8684.2509765625,110718.93798828125,29.56494140625
1791364797.634032,aggregate_n32_vmnos8_r1:confirmation,1.8,"10.2,5.1,1.0,2.0,3.0,0.0,2.0,2.0,3.0,1.0,10.0,8.2,1.0,4.0,1.0,1.0,2.0,0.0,3.0,1.0,4.0,2.0,15.8,2.0,3.0,1.0,0.0,3.0,2.0,1.0,0.0,11.0,0.0,0.0,0.0,0.0,0.0,0.0,2.0,2.0,3.0,3.0,1.0,0.0,1.0,1.0,0.0,0.0,3.0,2.0,1.0,2.0,3.0,5.1,2.0,8.1,6.0,0.0,7.1,0.0,0.0,1.0,3.0,1.0,4.1,7.0,10.1,4.0,0.0,0.0,0.0,0.0,0.0,0.0,0.0,0.0,0.0,0.0,0.0,0.0,0.0,0.0,0.0,0.0,4.0,0.0,0.0,0.0,0.0,0.0,0.0,0.0,0.0,0.0,0.0,0.0,0.0,0.0,56.4,30.9,99.0,87.0,0.0,0.0,0.0,0.0,0.0,0.0,0.0,0.0,0.0,0.0,0.0,0.0,0.0,0.0,0.0,0.0,0.0,0.0,0.0,0.0,0.0,0.0,0.0,0.0,0.0,0.0,0.0,0.0,0.0,0.0,0.0,0.0,0.0,0.0,0.0,0.0,0.0,0.0,0.0,0.0,0.0,0.0,0.0,0.0,0.0,0.0,0.0,0.0,0.0,0.0,3.8,0.0,0.0,0.0,0.0,0.0,0.0,0.0,0.0,0.0,0.0,0.0,0.0,0.0,0.0,0.0,0.0,0.0,0.0,0.0,0.0,0.0,0.0,0.0,0.0,0.0,0.0,0.0,0.0,0.0,0.0,0.0,0.0,0.0,0.0,0.0,0.0,0.0,0.0,0.0,0.0,0.0,0.0,0.0,0.0,0.0,0.0,0.0,0.0,0.0,0.0,0.0,0.0,0.0,0.0,0.0,0.0,0.0,0.0,0.0,0.0,0.0,0.0,0.0,0.0,0.0,0.0,0.0,0.0,0.0,0.0,0.0,0.0,0.0,0.0,0.0,0.0,0.0,0.0,0.0,0.0,0.0,0.0,0.0,0.0,0.0,0.0,0.0,0.0,0.0,0.0,0.0,0.0,0.0,0.0,0.0,0.0,0.0,0.0,0.0,0.0,0.0,0.0",5.1,52220.25,979646.0703125,8684.2509765625,110718.93798828125,29.56494140625
1791364798.6561077,aggregate_n32_vmnos8_r1:confirmation,4.3,"48.9,8.3,4.2,24.5,19.2,7.9,7.2,9.0,21.9,23.0,17.0,33.0,23.5,24.5,19.0,5.1,11.1,29.4,7.1,2.1,4.1,17.0,7.0,7.4,5.1,11.9,8.0,12.1,9.2,14.0,5.9,5.0,19.4,2.0,5.8,26.7,26.5,7.0,10.9,7.0,11.1,6.1,7.8,8.2,18.0,13.0,8.2,16.2,9.0,4.1,11.0,30.7,7.1,8.0,6.0,28.3,36.3,4.1,8.1,13.9,5.9,15.5,12.1,14.1,16.5,22.9,14.7,16.0,0.0,0.0,0.0,0.0,0.0,0.0,0.0,0.0,0.0,0.0,0.0,0.0,0.0,0.0,0.0,0.0,3.0,0.0,0.0,0.0,0.0,0.0,0.0,0.0,0.0,0.0,0.0,0.0,0.0,0.0,34.7,75.8,44.1,33.7,0.0,0.0,0.0,0.0,0.0,0.0,0.0,0.0,0.0,0.0,0.0,0.0,0.0,0.0,0.0,0.0,0.0,0.0,0.0,0.0,0.0,0.0,0.0,0.0,0.0,0.0,0.0,0.0,0.0,0.0,0.0,0.0,0.0,0.0,0.0,0.0,0.0,0.0,0.0,0.0,0.0,0.0,0.0,0.0,0.0,0.0,0.0,0.0,0.0,0.0,0.0,0.0,0.0,1.0,0.0,0.0,0.0,0.0,0.0,0.0,0.0,0.0,0.0,0.0,0.0,0.0,0.0,0.0,0.0,0.0,0.0,0.0,0.0,0.0,0.0,0.0,0.0,0.0,0.0,0.0,0.0,0.0,0.0,0.0,0.0,0.0,0.0,0.0,0.0,0.0,0.0,0.0,0.0,0.0,0.0,0.0,0.0,0.0,0.0,0.0,0.0,0.0,0.0,0.0,0.0,0.0,0.0,0.0,0.0,0.0,0.0,0.0,0.0,0.0,0.0,0.0,0.0,0.0,0.0,0.0,0.0,0.0,0.0,0.0,0.0,0.0,0.0,0.0,0.0,0.0,0.0,0.0,0.0,0.0,0.0,0.0,0.0,0.0,0.0,0.0,0.0,0.0,0.0,0.0,0.0,0.0,0.0,0.0,0.0,0.0,0.0,0.0,0.0",4.9,51003.4609375,980862.859375,8684.2509765625,110719.35205078125,29.56494140625
1791364799.6889327,aggregate_n32_vmnos8_r1:confirmation,1.4,"3.4,2.0,2.9,2.0,5.9,1.0,2.9,2.0,2.0,3.0,1.0,0.0,1.0,0.0,7.0,1.0,5.8,1.0,3.9,2.9,1.0,1.0,1.9,1.0,1.0,4.9,0.0,0.0,1.0,0.0,0.0,1.9,0.0,0.0,2.9,0.0,1.0,2.9,1.0,4.1,2.9,0.0,0.0,1.0,2.0,1.0,1.0,1.9,3.0,1.9,1.9,3.9,6.0,1.0,1.9,4.8,8.2,3.9,1.0,2.0,2.0,1.9,1.9,5.0,2.0,4.0,10.6,3.0,0.0,0.0,0.0,0.0,0.0,0.0,0.0,0.0,0.0,0.0,0.0,0.0,0.0,0.0,0.0,0.0,1.0,0.0,0.0,0.0,0.0,0.0,0.0,0.0,0.0,0.0,0.0,0.0,0.0,0.0,30.1,80.8,57.8,30.7,0.0,0.0,0.0,0.0,0.0,0.0,0.0,0.0,0.0,0.0,0.0,0.0,0.0,0.0,0.0,0.0,0.0,0.0,0.0,0.0,0.0,0.0,0.0,0.0,0.0,0.0,0.0,0.0,0.0,0.0,0.0,0.0,0.0,0.0,0.0,0.0,0.0,0.0,0.0,0.0,0.0,0.0,0.0,0.0,0.0,0.0,0.0,0.0,0.0,0.0,0.0,0.0,0.0,0.0,0.0,0.0,0.0,0.0,0.0,0.0,0.0,0.0,0.0,0.0,0.0,0.0,0.0,0.0,0.0,0.0,0.0,0.0,0.0,0.0,0.0,0.0,0.0,0.0,0.0,0.0,0.0,0.0,0.0,0.0,0.0,0.0,0.0,0.0,0.0,0.0,0.0,0.0,0.0,0.0,0.0,0.0,0.0,0.0,0.0,0.0,0.0,0.0,0.0,0.0,0.0,0.0,0.0,0.0,0.0,0.0,0.0,0.0,0.0,0.0,0.0,0.0,0.0,0.0,0.0,0.0,0.0,0.0,0.0,0.0,0.0,0.0,0.0,0.0,0.0,0.0,0.0,0.0,0.0,0.0,0.0,0.0,0.0,0.0,0.0,0.0,0.0,0.0,0.0,0.0,0.0,0.0,0.0,0.0,0.0,0.0,0.0,0.0,0.0",5.0,51331.73046875,980534.58984375,8684.2509765625,110719.35205078125,27.4375
1791364800.7118769,aggregate_n32_vmnos8_r1:confirmation,3.4,"9.3,10.2,15.9,9.3,10.1,3.7,7.2,5.5,25.5,31.3,1.8,6.4,3.6,0.9,21.2,4.6,9.1,6.4,12.7,8.3,8.3,9.3,13.1,12.0,2.7,7.2,4.6,6.4,5.4,4.5,5.4,3.6,0.0,6.3,3.8,10.7,5.4,8.3,7.5,13.5,5.6,9.1,7.3,7.4,8.3,1.9,8.2,22.9,10.3,5.6,4.6,5.5,8.3,3.7,8.2,24.8,13.6,11.8,8.3,7.4,9.3,7.5,9.1,13.6,13.6,12.6,15.2,11.1,0.0,0.0,0.0,0.0,0.0,0.0,0.0,0.0,0.0,0.0,0.0,0.0,0.0,0.0,0.0,0.0,0.0,0.0,0.0,0.0,0.0,0.0,0.0,0.0,0.0,0.0,0.0,0.0,0.0,0.0,78.0,53.2,86.6,45.0,0.0,0.0,0.0,0.0,0.0,0.0,0.0,0.0,0.0,0.0,0.0,0.0,0.0,0.0,0.0,0.0,0.0,0.0,0.0,0.0,0.0,0.0,0.0,0.0,0.0,0.0,0.0,0.0,0.0,0.0,0.0,0.0,0.0,0.0,0.0,0.0,0.0,0.0,0.0,0.0,0.0,0.0,0.0,0.0,0.0,0.0,0.0,0.0,0.0,0.0,0.0,0.0,0.0,0.0,0.0,0.0,0.0,0.0,0.0,0.0,0.0,0.0,0.0,0.0,0.0,0.0,0.0,0.0,0.0,0.0,0.0,0.0,0.0,0.0,0.0,0.0,0.0,0.0,0.0,0.0,0.0,0.0,0.0,0.0,0.0,0.0,0.0,0.0,0.0,0.0,0.0,0.0,0.0,0.0,0.0,0.0,0.0,0.0,0.0,0.0,0.0,0.0,0.0,0.0,0.0,0.0,0.0,0.0,0.0,0.0,0.0,0.0,0.0,0.0,0.0,0.0,0.0,0.0,0.0,0.0,0.0,0.0,0.0,0.0,0.0,0.0,0.0,0.0,0.0,0.0,0.0,0.0,0.0,0.0,0.0,0.0,0.0,0.0,0.0,0.0,0.0,0.0,0.0,0.0,0.0,0.0,0.0,0.0,0.0,0.0,0.0,0.0,0.0",5.0,51105.79296875,980760.52734375,8684.2509765625,110720.74267578125,27.4375
1791364801.8336134,aggregate_n32_vmnos8_r1:confirmation,1.6,"2.3,6.1,2.9,0.0,4.9,0.0,0.0,4.9,2.0,5.0,3.0,0.0,4.1,3.0,0.0,2.0,7.1,6.9,5.0,2.9,3.0,6.8,12.1,4.1,0.0,4.0,1.0,2.0,2.0,0.0,2.9,4.9,1.0,2.0,3.9,0.0,1.0,0.0,2.9,16.0,0.0,1.0,1.0,0.0,0.0,0.0,1.0,2.0,1.0,2.9,1.0,0.0,0.0,2.9,2.0,3.0,3.0,2.0,0.0,0.0,1.9,1.0,1.0,3.9,5.0,5.9,6.1,7.0,0.0,0.0,0.0,0.0,0.0,0.0,0.0,0.0,0.0,0.0,0.0,0.0,0.0,0.0,0.0,0.0,0.0,0.0,0.0,0.0,0.0,0.0,0.0,0.0,0.0,0.0,0.0,0.0,0.0,0.0,54.9,7.2,88.2,72.3,0.0,0.0,0.0,0.0,0.0,0.0,0.0,0.0,0.0,0.0,0.0,0.0,0.0,0.0,0.0,0.0,0.0,0.0,0.0,0.0,0.0,0.0,0.0,0.0,0.0,0.0,0.0,0.0,0.0,0.0,0.0,0.0,0.0,0.0,0.0,0.0,0.0,0.0,0.0,0.0,0.0,0.0,0.0,0.0,0.0,1.0,0.0,1.0,0.0,0.0,0.0,0.0,0.0,0.0,0.0,0.0,0.0,0.0,0.0,0.0,0.0,0.0,0.0,0.0,0.0,0.0,0.0,0.0,0.0,0.0,0.0,0.0,0.0,0.0,0.0,0.0,0.0,0.0,0.0,0.0,0.0,0.0,0.0,0.0,0.0,0.0,0.0,0.0,0.0,0.0,0.0,0.0,0.0,0.0,0.0,0.0,0.0,0.0,0.0,0.0,0.0,0.0,0.0,0.0,0.0,0.0,0.0,0.0,0.0,0.0,0.0,0.0,0.0,0.0,0.0,0.0,0.0,0.0,0.0,0.0,0.0,0.0,0.0,0.0,0.0,0.0,0.0,0.0,0.0,0.0,0.0,0.0,0.0,0.0,0.0,0.0,0.0,0.0,0.0,0.0,0.0,0.0,0.0,0.0,0.0,0.0,0.0,0.0,0.0,0.0,0.0,0.0,0.0",5.0,51483.828125,980382.4921875,8684.2509765625,110720.74267578125,27.4375
1791364802.8558712,aggregate_n32_vmnos8_r1:confirmation,3.8,"11.1,9.3,13.1,12.1,12.0,21.0,6.1,15.2,5.9,12.1,19.0,5.0,7.0,10.2,13.1,11.0,28.7,7.8,7.9,8.8,11.0,9.1,7.1,11.0,9.1,18.0,9.9,12.0,9.3,8.1,4.0,3.0,0.0,1.0,9.2,8.8,11.1,13.3,28.7,10.9,5.9,7.9,9.2,7.0,5.0,7.9,8.1,23.0,14.1,29.3,4.1,8.1,10.8,8.0,9.9,10.4,18.2,8.3,10.3,8.2,10.2,9.0,10.2,7.0,26.3,13.7,19.2,11.2,0.0,0.0,0.0,0.0,0.0,0.0,0.0,0.0,0.0,0.0,0.0,0.0,0.0,0.0,0.0,0.0,0.0,0.0,0.0,0.0,0.0,0.0,0.0,0.0,0.0,0.0,0.0,0.0,0.0,0.0,73.5,46.5,37.0,69.6,0.0,0.0,0.0,0.0,0.0,0.0,0.0,0.0,0.0,0.0,0.0,0.0,0.0,0.0,0.0,0.0,0.0,0.0,0.0,0.0,0.0,0.0,0.0,0.0,0.0,0.0,0.0,0.0,0.0,0.0,0.0,0.0,0.0,0.0,0.0,0.0,0.0,0.0,0.0,0.0,0.0,0.0,0.0,0.0,0.0,0.0,0.0,0.0,0.0,0.0,0.0,0.0,0.0,0.0,0.0,0.0,0.0,0.0,0.0,0.0,0.0,0.0,0.0,0.0,0.0,0.0,0.0,0.0,0.0,0.0,0.0,0.0,0.0,0.0,0.0,0.0,0.0,0.0,0.0,0.0,0.0,0.0,0.0,0.0,0.0,0.0,0.0,0.0,0.0,0.0,0.0,0.0,0.0,0.0,0.0,0.0,0.0,0.0,0.0,0.0,0.0,0.0,0.0,0.0,0.0,0.0,0.0,0.0,0.0,0.0,0.0,0.0,0.0,0.0,0.0,0.0,0.0,0.0,0.0,0.0,0.0,0.0,0.0,0.0,0.0,0.0,0.0,0.0,0.0,0.0,0.0,0.0,0.0,0.0,0.0,0.0,0.0,0.0,0.0,0.0,0.0,0.0,0.0,0.0,0.0,0.0,0.0,0.0,0.0,0.0,0.0,0.0,0.0",5.0,51143.421875,980722.8984375,8684.2509765625,110720.74267578125,27.4375
1791364803.8785973,aggregate_n32_vmnos8_r1:confirmation,1.4,"3.4,5.1,4.0,3.0,4.0,1.0,6.8,4.0,1.0,2.9,2.0,1.9,4.0,7.0,2.9,8.9,4.9,2.0,1.0,0.0,1.0,0.0,1.0,5.1,0.0,7.0,1.0,3.9,2.0,1.0,0.0,0.0,0.0,1.0,1.9,0.0,1.0,1.0,5.9,0.0,1.0,0.0,2.9,1.0,0.0,1.0,3.0,2.0,2.0,1.0,1.0,1.0,1.0,4.0,4.0,3.0,1.0,1.0,0.0,1.9,0.0,0.0,0.0,7.8,3.9,3.9,9.0,4.0,0.0,0.0,0.0,0.0,0.0,0.0,0.0,0.0,0.0,0.0,0.0,0.0,0.0,0.0,0.0,0.0,0.0,0.0,0.0,0.0,0.0,0.0,0.0,0.0,0.0,0.0,0.0,0.0,0.0,0.0,55.0,28.3,40.4,67.7,0.0,0.0,0.0,0.0,0.0,0.0,0.0,0.0,0.0,0.0,0.0,0.0,0.0,0.0,0.0,0.0,0.0,0.0,0.0,0.0,0.0,0.0,0.0,0.0,0.0,0.0,0.0,0.0,0.0,0.0,0.0,0.0,0.0,0.0,0.0,0.0,0.0,0.0,0.0,0.0,0.0,0.0,0.0,0.0,0.0,0.0,0.0,0.0,0.0,0.0,0.0,0.0,0.0,0.0,0.0,0.0,0.0,0.0,0.0,0.0,0.0,0.0,0.0,0.0,0.0,0.0,0.0,0.0,0.0,0.0,0.0,0.0,0.0,0.0,0.0,0.0,0.0,0.0,0.0,0.0,0.0,0.0,0.0,0.0,0.0,0.0,0.0,0.0,0.0,0.0,0.0,0.0,0.0,0.0,0.0,0.0,0.0,0.0,0.0,0.0,0.0,0.0,0.0,0.0,0.0,0.0,0.0,0.0,0.0,0.0,0.0,0.0,0.0,0.0,0.0,0.0,0.0,0.0,0.0,0.0,0.0,0.0,0.0,0.0,0.0,0.0,0.0,0.0,0.0,0.0,0.0,0.0,0.0,0.0,0.0,0.0,0.0,0.0,0.0,0.0,0.0,0.0,0.0,0.0,0.0,0.0,0.0,0.0,0.0,0.0,0.0,0.0,0.0",5.0,51483.67578125,980382.64453125,8684.2509765625,110721.01611328125,27.4375
1791364804.9382546,aggregate_n32_vmnos8_r1:confirmation,3.7,"28.6,13.9,11.9,12.0,20.4,16.5,11.5,16.0,8.7,20.0,16.7,4.9,7.8,26.9,8.9,8.7,11.4,12.9,8.9,15.8,13.9,10.6,9.6,8.9,11.4,9.9,10.8,16.7,9.9,21.6,0.0,0.0,0.0,0.0,11.0,6.0,7.8,8.9,15.7,15.5,6.9,5.9,6.9,17.5,13.6,11.8,5.9,16.3,10.7,7.8,7.7,5.9,11.7,13.9,13.7,11.7,6.9,10.6,9.8,13.2,12.6,8.7,5.8,7.9,18.4,17.2,15.2,13.0,0.0,0.0,0.0,0.0,0.0,0.0,0.0,0.0,0.0,0.0,0.0,0.0,0.0,0.0,0.0,0.0,1.9,0.0,0.0,0.0,0.0,0.0,0.0,0.0,0.0,0.0,0.0,0.0,0.0,0.0,17.8,72.8,3.8,99.1,0.0,0.0,0.0,0.0,0.0,0.0,0.0,0.0,0.0,0.0,0.0,0.0,0.0,0.0,0.0,0.0,0.0,0.0,0.0,0.0,0.0,0.0,0.0,0.0,0.0,0.0,0.0,0.0,0.0,0.0,0.0,0.0,0.0,0.0,0.0,0.0,0.0,0.0,0.0,0.0,0.0,0.0,0.0,0.0,0.0,0.0,0.0,0.0,0.0,0.0,0.0,0.0,0.0,0.0,0.0,0.0,0.0,0.0,0.0,0.0,0.0,0.0,0.0,0.0,0.0,0.0,0.0,0.0,0.0,0.0,0.0,0.0,0.0,0.0,0.0,0.0,0.0,0.0,0.0,0.0,0.0,0.0,0.0,0.0,0.0,0.0,0.0,0.0,0.0,0.0,0.0,0.0,0.0,0.0,0.0,0.0,0.0,0.0,0.0,0.0,0.0,0.0,0.0,0.0,0.0,0.0,0.0,0.0,0.0,0.0,0.0,0.0,0.0,0.0,0.0,0.0,0.0,0.0,0.0,0.0,0.0,0.0,0.0,0.0,0.0,0.0,0.0,0.0,0.0,0.0,0.0,0.0,0.0,0.0,0.0,0.0,0.0,0.0,0.0,0.0,0.0,0.0,0.0,0.0,0.0,0.0,0.0,0.0,0.0,0.0,0.0,0.0,0.0",5.0,51553.515625,980312.8046875,8684.2509765625,110721.01611328125,25.880859375
1791364805.9594407,aggregate_n32_vmnos8_r1:confirmation,1.5,"4.5,5.0,2.9,2.0,4.0,0.0,1.0,2.0,5.0,2.0,1.0,2.9,2.9,1.0,4.0,11.3,1.9,3.1,1.0,0.0,5.0,2.0,0.0,2.0,0.0,0.0,0.0,2.9,3.9,7.1,4.9,74.5,0.0,0.0,5.9,0.0,0.0,0.0,2.9,2.0,0.0,1.0,1.0,2.0,6.9,2.0,1.0,0.0,3.0,2.0,0.0,0.0,5.9,2.0,3.0,3.9,2.0,0.0,0.0,0.0,2.0,0.0,0.0,1.0,2.0,3.0,5.1,1.0,1.0,0.0,0.0,0.0,0.0,0.0,0.0,0.0,0.0,0.0,0.0,0.0,0.0,0.0,0.0,0.0,0.0,0.0,0.0,0.0,0.0,0.0,0.0,0.0,0.0,0.0,0.0,0.0,0.0,0.0,26.0,35.1,65.3,41.0,0.0,0.0,0.0,0.0,0.0,0.0,0.0,0.0,0.0,0.0,0.0,0.0,0.0,0.0,0.0,0.0,0.0,0.0,0.0,0.0,0.0,0.0,0.0,0.0,0.0,0.0,0.0,0.0,0.0,0.0,0.0,0.0,0.0,0.0,0.0,0.0,0.0,0.0,0.0,0.0,0.0,0.0,0.0,0.0,0.0,0.0,0.0,0.0,0.0,0.0,0.0,0.0,0.0,0.0,0.0,0.0,0.0,0.0,0.0,0.0,0.0,0.0,0.0,0.0,0.0,0.0,0.0,0.0,0.0,0.0,0.0,1.0,0.0,0.0,0.0,1.0,0.0,0.0,0.0,0.0,0.0,0.0,0.0,0.0,0.0,0.0,0.0,0.0,0.0,0.0,0.0,0.0,0.0,0.0,0.0,0.0,0.0,0.0,0.0,0.0,0.0,0.0,0.0,0.0,0.0,0.0,0.0,0.0,0.0,0.0,0.0,0.0,0.0,0.0,0.0,0.0,0.0,0.0,0.0,0.0,0.0,0.0,0.0,0.0,0.0,0.0,0.0,0.0,0.0,0.0,0.0,0.0,0.0,0.0,0.0,0.0,0.0,0.0,0.0,0.0,0.0,0.0,0.0,0.0,0.0,0.0,0.0,0.0,0.0,0.0,0.0,0.0,0.0",5.0,51597.26953125,980269.05078125,8684.2509765625,110722.50830078125,25.880859375
1791364807.0094564,aggregate_n32_vmnos8_r1:confirmation,3.1,"4.7,11.8,5.0,11.7,9.0,4.9,6.8,7.8,7.8,3.0,10.8,2.0,9.8,16.7,4.9,7.6,12.0,5.9,2.1,6.9,9.9,12.0,6.9,4.1,3.9,3.8,5.8,6.7,6.8,4.0,11.7,32.4,0.0,0.0,4.0,6.8,7.9,9.6,7.9,7.8,8.6,7.0,11.9,8.9,12.6,28.7,6.9,7.9,12.9,6.9,8.1,6.7,8.0,5.9,9.8,14.4,5.9,6.9,9.5,8.7,9.6,3.9,7.0,5.8,18.0,13.5,16.0,12.7,0.0,0.0,0.0,0.0,0.0,0.0,0.0,0.0,0.0,0.0,0.0,0.0,0.0,0.0,0.0,0.0,4.1,0.0,0.0,0.0,0.0,0.0,0.0,0.0,0.0,0.0,0.0,0.0,0.0,0.0,24.3,94.2,47.6,46.5,0.0,0.0,0.0,0.0,0.0,0.0,0.0,0.0,0.0,0.0,0.0,0.0,0.0,0.0,0.0,0.0,0.0,0.0,0.0,0.0,0.0,0.0,0.0,0.0,0.0,0.0,0.0,0.0,0.0,0.0,0.0,0.0,0.0,0.0,0.0,0.0,0.0,0.0,0.0,0.0,0.0,0.0,0.0,0.0,0.0,0.0,0.0,0.0,0.0,0.0,0.0,0.0,0.0,0.0,0.0,0.0,0.0,0.0,0.0,0.0,0.0,0.0,0.0,0.0,0.0,0.0,0.0,0.0,0.0,0.0,0.0,0.0,0.0,0.0,0.0,0.0,0.0,0.0,0.0,0.0,0.0,0.0,0.0,0.0,0.0,0.0,0.0,0.0,0.0,0.0,0.0,0.0,0.0,0.0,0.0,0.0,0.0,0.0,0.0,0.0,0.0,0.0,0.0,0.0,0.0,0.0,0.0,0.0,0.0,0.0,0.0,0.0,0.0,0.0,0.0,0.0,0.0,0.0,0.0,0.0,0.0,0.0,0.0,0.0,0.0,0.0,0.0,0.0,0.0,0.0,0.0,0.0,0.0,0.0,0.0,0.0,0.0,0.0,0.0,0.0,0.0,0.0,0.0,0.0,0.0,0.0,0.0,0.0,0.0,0.0,0.0,0.0,0.0",5.0,51114.5078125,980751.8125,8684.2509765625,110722.50830078125,25.880859375
1791364808.0362868,aggregate_n32_vmnos8_r1:confirmation,1.5,"3.4,1.0,1.0,2.0,2.9,2.9,7.8,1.9,1.0,2.0,1.0,2.0,1.0,18.4,4.9,2.9,2.0,0.0,1.9,1.0,1.0,3.0,3.0,1.0,5.1,3.9,1.0,1.0,3.0,20.4,17.5,23.3,0.0,0.0,7.8,0.0,0.0,1.0,2.9,1.0,0.0,2.0,2.0,4.0,2.0,1.0,0.0,0.0,2.0,2.0,3.0,2.0,1.0,2.9,2.9,2.0,1.9,0.0,0.0,1.0,1.0,0.0,1.9,0.0,3.0,4.0,5.9,4.0,0.0,0.0,0.0,0.0,0.0,0.0,0.0,0.0,0.0,0.0,0.0,0.0,0.0,0.0,0.0,0.0,0.0,0.0,0.0,0.0,0.0,0.0,0.0,0.0,0.0,0.0,0.0,0.0,0.0,0.0,52.9,9.7,59.4,66.7,0.0,0.0,0.0,0.0,0.0,0.0,0.0,0.0,0.0,0.0,0.0,0.0,0.0,0.0,0.0,0.0,0.0,0.0,0.0,0.0,0.0,0.0,0.0,0.0,0.0,0.0,0.0,0.0,0.0,0.0,0.0,0.0,0.0,0.0,0.0,0.0,0.0,0.0,0.0,0.0,0.0,0.0,0.0,0.0,0.0,0.0,0.0,0.0,0.0,0.0,0.0,0.0,0.0,0.0,0.0,0.0,0.0,0.0,0.0,0.0,0.0,0.0,0.0,0.0,0.0,0.0,0.0,0.0,0.0,0.0,0.0,0.0,0.0,0.0,0.0,0.0,0.0,0.0,0.0,0.0,0.0,0.0,0.0,0.0,0.0,0.0,0.0,0.0,0.0,0.0,0.0,0.0,0.0,0.0,0.0,0.0,0.0,0.0,0.0,0.0,0.0,0.0,0.0,0.0,0.0,0.0,0.0,0.0,0.0,0.0,0.0,0.0,0.0,0.0,0.0,0.0,0.0,0.0,0.0,0.0,0.0,0.0,0.0,0.0,0.0,0.0,0.0,0.0,0.0,0.0,0.0,0.0,0.0,0.0,0.0,0.0,0.0,0.0,0.0,0.0,0.0,0.0,0.0,0.0,0.0,0.0,0.0,0.0,0.0,0.0,0.0,0.0,0.0",5.0,51288.91015625,980577.41015625,8684.2509765625,110722.50830078125,25.880859375
1791364809.060886,aggregate_n32_vmnos8_r1:confirmation,3.1,"8.0,7.1,9.0,9.3,10.9,4.1,5.1,12.6,6.0,3.0,4.1,8.0,18.4,9.1,10.0,4.0,9.3,7.2,10.9,4.1,10.9,6.1,7.1,8.2,11.2,9.2,10.3,8.0,15.7,9.4,2.0,0.0,0.0,0.0,7.0,4.0,9.8,5.0,13.0,12.1,5.0,6.0,8.2,15.3,10.1,5.2,6.2,6.9,7.1,4.1,20.2,7.2,8.2,10.4,9.0,19.4,9.1,3.0,5.9,8.1,6.1,7.2,4.0,10.8,21.4,18.2,19.4,13.4,0.0,0.0,0.0,0.0,0.0,0.0,0.0,0.0,0.0,0.0,0.0,0.0,0.0,0.0,0.0,0.0,2.0,0.0,0.0,0.0,0.0,0.0,0.0,0.0,0.0,0.0,0.0,0.0,0.0,0.0,38.2,74.2,99.0,7.1,0.0,0.0,0.0,0.0,0.0,0.0,0.0,0.0,0.0,0.0,0.0,0.0,0.0,0.0,0.0,0.0,0.0,0.0,0.0,0.0,0.0,0.0,0.0,0.0,0.0,0.0,0.0,0.0,0.0,0.0,0.0,0.0,0.0,0.0,0.0,0.0,0.0,0.0,0.0,0.0,0.0,0.0,0.0,0.0,0.0,0.0,0.0,0.0,0.0,0.0,0.0,0.0,0.0,0.0,0.0,0.0,0.0,0.0,0.0,0.0,0.0,0.0,0.0,0.0,0.0,0.0,0.0,0.0,0.0,0.0,0.0,0.0,0.0,0.0,0.0,0.0,0.0,0.0,0.0,0.0,0.0,0.0,0.0,0.0,0.0,0.0,0.0,0.0,0.0,0.0,0.0,0.0,0.0,0.0,0.0,0.0,0.0,0.0,0.0,0.0,0.0,0.0,0.0,0.0,0.0,0.0,0.0,0.0,0.0,0.0,0.0,0.0,0.0,0.0,0.0,0.0,0.0,0.0,0.0,0.0,0.0,0.0,0.0,0.0,0.0,0.0,0.0,0.0,0.0,0.0,0.0,0.0,0.0,0.0,0.0,0.0,0.0,0.0,0.0,0.0,0.0,0.0,0.0,0.0,0.0,0.0,0.0,0.0,0.0,0.0,0.0,0.0,0.0",4.9,50703.953125,981162.3671875,8684.2509765625,110723.04345703125,25.880859375
1791364810.08287,aggregate_n32_vmnos8_r1:confirmation,1.9,"4.6,4.1,1.0,3.9,2.9,4.0,2.0,6.0,5.0,5.9,1.0,4.0,2.9,2.0,6.9,3.0,8.1,5.1,0.0,3.0,2.9,4.9,5.9,2.1,2.0,4.1,5.1,6.1,6.1,2.0,2.0,2.0,0.0,0.0,2.9,6.9,1.9,5.0,2.0,15.8,2.0,2.0,0.0,3.0,5.0,1.0,2.0,1.0,0.0,0.0,0.0,1.0,2.0,6.9,4.0,5.9,0.0,1.0,0.0,2.0,1.0,1.0,3.0,1.0,4.0,5.1,7.9,3.1,0.0,0.0,0.0,0.0,0.0,0.0,0.0,0.0,0.0,0.0,0.0,0.0,0.0,0.0,0.0,0.0,5.2,0.0,0.0,0.0,0.0,0.0,0.0,0.0,0.0,0.0,0.0,0.0,0.0,0.0,100.0,30.6,60.0,71.3,0.0,0.0,0.0,0.0,0.0,0.0,0.0,0.0,0.0,0.0,0.0,0.0,0.0,0.0,0.0,0.0,0.0,0.0,0.0,0.0,0.0,0.0,0.0,0.0,0.0,0.0,0.0,0.0,0.0,0.0,0.0,0.0,0.0,0.0,0.0,0.0,0.0,0.0,0.0,0.0,0.0,0.0,0.0,0.0,0.0,0.0,0.0,0.0,1.0,1.0,0.0,0.0,0.0,0.0,0.0,0.0,0.0,0.0,0.0,0.0,0.0,0.0,0.0,0.0,0.0,0.0,0.0,0.0,0.0,0.0,0.0,0.0,0.0,0.0,0.0,0.0,0.0,0.0,0.0,0.0,0.0,0.0,0.0,0.0,0.0,0.0,0.0,0.0,0.0,0.0,0.0,0.0,0.0,0.0,0.0,0.0,0.0,0.0,0.0,0.0,0.0,0.0,0.0,0.0,0.0,0.0,0.0,0.0,0.0,0.0,0.0,0.0,0.0,0.0,0.0,0.0,0.0,0.0,0.0,0.0,0.0,0.0,0.0,0.0,0.0,0.0,0.0,0.0,0.0,0.0,0.0,0.0,0.0,0.0,0.0,0.0,0.0,0.0,0.0,0.0,0.0,0.0,0.0,0.0,0.0,0.0,0.0,0.0,0.0,0.0,0.0,0.0,0.0",5.0,51671.5390625,980194.78125,8684.2509765625,110723.04345703125,24.68896484375
1791364811.1054626,aggregate_n32_vmnos8_r1:confirmation,3.7,"13.2,13.4,11.0,16.5,12.1,7.5,7.9,7.2,8.2,16.5,10.3,22.2,8.3,13.1,14.9,9.2,7.1,10.0,16.5,12.1,15.0,5.2,8.2,14.3,5.2,11.1,11.3,20.6,17.9,6.3,0.0,0.0,0.0,0.0,9.9,7.1,7.9,9.0,22.1,15.8,7.4,16.3,7.0,7.8,10.1,11.3,11.2,11.9,22.8,10.7,11.2,8.3,10.1,7.9,10.1,15.2,8.0,8.1,6.9,7.1,6.9,8.1,12.7,11.1,21.2,20.0,22.7,18.6,0.0,0.0,0.0,0.0,0.0,0.0,0.0,0.0,0.0,0.0,0.0,0.0,0.0,0.0,0.0,0.0,5.3,0.0,0.0,0.0,0.0,0.0,0.0,0.0,0.0,0.0,0.0,0.0,0.0,0.0,99.0,64.0,3.0,38.6,0.0,0.0,0.0,0.0,0.0,0.0,0.0,0.0,0.0,0.0,0.0,0.0,0.0,0.0,0.0,0.0,0.0,0.0,0.0,0.0,0.0,0.0,0.0,0.0,0.0,0.0,0.0,0.0,0.0,0.0,0.0,0.0,0.0,0.0,0.0,0.0,0.0,0.0,0.0,0.0,0.0,0.0,0.0,0.0,0.0,0.0,0.0,0.0,0.0,0.0,0.0,0.0,0.0,0.0,0.0,0.0,0.0,0.0,0.0,0.0,0.0,0.0,0.0,0.0,0.0,0.0,0.0,0.0,0.0,0.0,0.0,0.0,0.0,0.0,0.0,0.0,0.0,0.0,0.0,0.0,0.0,0.0,0.0,0.0,0.0,0.0,0.0,0.0,0.0,0.0,0.0,0.0,0.0,0.0,0.0,0.0,0.0,0.0,0.0,0.0,0.0,0.0,0.0,0.0,0.0,0.0,0.0,0.0,0.0,0.0,0.0,0.0,0.0,0.0,0.0,0.0,0.0,0.0,0.0,0.0,0.0,0.0,0.0,0.0,0.0,0.0,0.0,0.0,0.0,0.0,0.0,0.0,0.0,0.0,0.0,0.0,0.0,0.0,0.0,0.0,0.0,0.0,0.0,0.0,0.0,0.0,0.0,0.0,0.0,0.0,0.0,0.0,0.0",4.9,50696.5,981169.8203125,8684.2509765625,110724.07861328125,24.68896484375
1791364812.1273994,aggregate_n32_vmnos8_r1:confirmation,2.0,"5.8,6.2,4.0,2.0,2.9,6.8,6.1,3.0,3.0,2.0,2.0,3.1,9.1,4.0,3.0,5.9,4.1,4.0,3.0,2.0,4.0,4.0,4.0,21.4,17.6,2.9,2.0,3.0,9.0,5.8,11.8,14.0,5.9,0.0,2.0,3.9,2.0,1.0,4.9,3.0,3.9,1.0,5.0,2.0,2.0,5.0,4.0,3.0,4.9,10.1,2.0,5.9,2.1,2.0,4.0,5.0,2.0,1.0,2.0,1.0,1.0,2.0,7.0,2.0,12.0,5.9,7.0,6.1,0.0,0.0,0.0,0.0,0.0,0.0,0.0,0.0,0.0,0.0,0.0,0.0,0.0,0.0,0.0,0.0,1.0,0.0,0.0,0.0,0.0,0.0,0.0,0.0,0.0,0.0,0.0,0.0,0.0,0.0,40.4,56.9,28.3,76.7,0.0,0.0,0.0,0.0,0.0,0.0,0.0,0.0,0.0,0.0,0.0,0.0,0.0,0.0,0.0,0.0,0.0,0.0,0.0,0.0,0.0,0.0,0.0,0.0,0.0,0.0,0.0,0.0,0.0,0.0,0.0,0.0,0.0,0.0,0.0,0.0,0.0,0.0,0.0,0.0,0.0,0.0,0.0,0.0,0.0,0.0,0.0,0.0,0.0,0.0,0.0,0.0,0.0,0.0,0.0,0.0,0.0,0.0,0.0,0.0,0.0,0.0,0.0,0.0,0.0,0.0,0.0,0.0,0.0,0.0,0.0,0.0,0.0,0.0,0.0,0.0,0.0,0.0,0.0,0.0,0.0,0.0,0.0,0.0,0.0,0.0,0.0,0.0,0.0,0.0,0.0,0.0,0.0,0.0,0.0,0.0,0.0,0.0,0.0,0.0,0.0,0.0,0.0,0.0,0.0,0.0,0.0,0.0,0.0,0.0,0.0,0.0,0.0,0.0,0.0,0.0,0.0,0.0,0.0,0.0,0.0,0.0,0.0,0.0,0.0,0.0,0.0,0.0,0.0,0.0,0.0,0.0,0.0,0.0,0.0,0.0,0.0,0.0,0.0,0.0,0.0,0.0,0.0,0.0,0.0,0.0,0.0,0.0,0.0,0.0,0.0,0.0,0.0",4.9,50690.88671875,981175.43359375,8684.2509765625,110724.07861328125,24.68896484375
1791364813.1537097,aggregate_n32_vmnos8_r1:confirmation,2.7,"8.9,9.0,3.0,4.9,12.0,6.1,11.9,9.0,4.0,5.1,7.9,6.2,14.0,5.1,8.0,6.2,7.3,5.1,6.1,4.0,7.0,7.0,5.0,13.0,4.0,6.8,7.0,9.3,3.1,4.1,79.4,2.0,1.0,0.0,9.2,7.0,9.1,4.0,3.0,5.9,6.9,9.2,7.8,8.0,6.1,5.2,9.2,7.1,14.0,7.9,5.1,4.0,7.0,5.1,7.2,7.0,6.0,10.1,0.0,12.0,7.9,5.1,6.1,6.1,12.4,10.3,14.0,13.0,0.0,0.0,0.0,0.0,0.0,0.0,0.0,0.0,0.0,0.0,0.0,0.0,0.0,0.0,0.0,0.0,1.0,0.0,0.0,0.0,0.0,0.0,0.0,0.0,0.0,0.0,0.0,0.0,0.0,0.0,56.0,31.3,11.7,52.0,0.0,0.0,0.0,0.0,0.0,0.0,0.0,0.0,0.0,0.0,0.0,0.0,0.0,0.0,0.0,0.0,0.0,0.0,0.0,0.0,0.0,0.0,0.0,0.0,0.0,0.0,0.0,0.0,0.0,0.0,0.0,0.0,0.0,0.0,0.0,0.0,0.0,0.0,0.0,0.0,0.0,0.0,0.0,0.0,0.0,0.0,0.0,0.0,0.0,0.0,0.0,0.0,0.0,0.0,0.0,0.0,0.0,0.0,0.0,0.0,0.0,0.0,0.0,0.0,0.0,0.0,0.0,0.0,0.0,0.0,0.0,0.0,0.0,0.0,0.0,0.0,0.0,0.0,0.0,0.0,0.0,0.0,0.0,0.0,0.0,0.0,0.0,0.0,0.0,0.0,0.0,0.0,0.0,0.0,0.0,0.0,0.0,0.0,0.0,0.0,0.0,0.0,0.0,0.0,0.0,0.0,0.0,0.0,0.0,0.0,0.0,0.0,0.0,0.0,0.0,0.0,0.0,0.0,0.0,0.0,0.0,0.0,0.0,0.0,0.0,0.0,0.0,0.0,0.0,0.0,0.0,0.0,0.0,0.0,0.0,0.0,0.0,0.0,0.0,0.0,0.0,0.0,0.0,0.0,0.0,0.0,0.0,0.0,0.0,0.0,0.0,0.0,0.0",4.9,50692.32421875,981173.99609375,8684.2509765625,110724.07861328125,24.68896484375
1791364814.1991398,aggregate_n32_vmnos8_r1:confirmation,2.1,"4.5,4.1,1.9,2.9,5.8,6.9,7.8,6.7,9.7,3.8,4.9,3.8,4.8,6.7,2.9,3.8,11.7,7.8,5.1,1.9,2.9,1.9,3.9,1.0,7.8,5.2,5.0,5.9,8.8,5.9,0.0,0.0,0.0,0.0,6.7,2.0,2.9,6.7,5.7,3.8,8.7,1.0,6.7,2.9,3.8,1.0,3.0,2.0,24.5,3.9,3.9,1.0,9.7,11.5,6.5,9.6,3.8,8.7,3.9,2.9,2.0,3.9,3.9,1.0,8.7,6.9,7.9,7.8,0.0,0.0,0.0,0.0,0.0,0.0,0.0,0.0,0.0,0.0,0.0,0.0,0.0,0.0,0.0,0.0,2.0,0.0,0.0,0.0,0.0,0.0,0.0,0.0,0.0,0.0,0.0,0.0,0.0,0.0,99.0,24.3,15.7,60.6,0.0,0.0,0.0,0.0,0.0,0.0,0.0,0.0,0.0,0.0,0.0,0.0,0.0,0.0,0.0,0.0,0.0,0.0,0.0,0.0,0.0,0.0,0.0,0.0,0.0,0.0,0.0,0.0,0.0,0.0,0.0,0.0,0.0,0.0,0.0,0.0,0.0,0.0,0.0,0.0,0.0,0.0,0.0,0.0,0.0,0.0,0.0,0.0,0.0,0.0,0.0,0.0,0.0,0.0,0.0,0.0,0.0,0.0,0.0,0.0,0.0,0.0,0.0,0.0,0.0,0.0,0.0,0.0,0.0,0.0,0.0,0.0,0.0,0.0,0.0,0.0,0.0,0.0,0.0,0.0,0.0,0.0,0.0,0.0,0.0,0.0,0.0,0.0,0.0,0.0,0.0,0.0,0.0,0.0,0.0,0.0,0.0,0.0,0.0,0.0,0.0,0.0,0.0,0.0,0.0,0.0,0.0,0.0,0.0,0.0,0.0,0.0,0.0,0.0,0.0,0.0,0.0,0.0,0.0,0.0,0.0,0.0,0.0,0.0,0.0,0.0,0.0,0.0,0.0,0.0,0.0,0.0,0.0,0.0,0.0,0.0,0.0,0.0,0.0,0.0,0.0,0.0,0.0,0.0,0.0,0.0,0.0,0.0,0.0,0.0,0.0,0.0,0.0",4.9,50691.58984375,981174.73046875,8684.2509765625,110724.29345703125,24.68896484375
1791364815.2232888,aggregate_n32_vmnos8_r1:confirmation,2.6,"11.0,10.4,3.0,4.0,6.0,9.1,12.2,6.8,5.9,10.1,5.1,9.0,10.1,9.2,7.0,8.8,4.0,4.0,5.9,4.0,14.1,4.2,5.1,10.3,11.2,5.3,6.2,7.9,6.2,7.1,1.0,4.0,0.0,0.0,8.1,5.9,4.1,5.9,16.0,5.9,4.0,5.1,3.1,4.1,8.0,6.8,8.0,5.9,3.0,5.1,5.0,5.0,5.1,5.1,9.2,9.8,7.0,20.4,4.1,7.0,11.8,10.1,5.9,4.0,14.0,8.2,10.1,12.9,0.0,0.0,0.0,0.0,0.0,0.0,0.0,0.0,0.0,0.0,0.0,0.0,0.0,0.0,0.0,0.0,3.3,0.0,0.0,0.0,0.0,0.0,0.0,0.0,0.0,0.0,0.0,0.0,0.0,0.0,54.0,50.0,35.8,57.8,0.0,0.0,0.0,0.0,0.0,0.0,0.0,0.0,0.0,0.0,0.0,0.0,0.0,0.0,0.0,0.0,0.0,0.0,0.0,0.0,0.0,0.0,0.0,0.0,0.0,0.0,0.0,0.0,0.0,0.0,0.0,0.0,0.0,0.0,0.0,0.0,0.0,0.0,0.0,0.0,0.0,0.0,0.0,0.0,0.0,0.0,0.0,0.0,0.0,0.0,0.0,0.0,0.0,0.0,0.0,0.0,0.0,0.0,0.0,0.0,0.0,0.0,0.0,0.0,0.0,0.0,0.0,0.0,0.0,0.0,0.0,0.0,0.0,0.0,0.0,0.0,0.0,0.0,0.0,0.0,0.0,0.0,0.0,0.0,0.0,0.0,0.0,0.0,0.0,0.0,0.0,0.0,0.0,0.0,0.0,0.0,0.0,0.0,0.0,0.0,0.0,0.0,0.0,0.0,0.0,0.0,0.0,0.0,0.0,0.0,0.0,0.0,0.0,0.0,0.0,0.0,0.0,0.0,0.0,0.0,0.0,0.0,0.0,0.0,0.0,0.0,0.0,0.0,0.0,0.0,0.0,0.0,0.0,0.0,0.0,0.0,0.0,0.0,0.0,0.0,0.0,0.0,0.0,0.0,0.0,0.0,0.0,0.0,0.0,0.0,0.0,0.0,0.0",4.9,50699.64453125,981166.67578125,8684.2509765625,110724.29345703125,22.7919921875
1791364816.2451804,aggregate_n32_vmnos8_r1:confirmation,2.4,"5.9,9.0,8.9,5.0,1.0,10.0,5.9,7.0,3.0,6.0,4.0,6.0,7.8,7.1,3.0,3.0,22.3,5.0,3.0,4.0,5.9,3.0,2.1,7.1,10.6,15.5,8.2,8.2,11.2,10.3,0.0,0.0,0.0,0.0,6.0,7.9,3.9,2.0,3.0,3.9,4.0,5.0,3.9,4.0,3.0,4.0,6.9,5.0,3.1,5.0,10.9,9.0,14.3,8.0,10.0,7.0,3.0,3.9,4.0,6.1,11.1,4.0,6.9,5.1,11.1,7.0,10.0,9.0,0.0,0.0,0.0,0.0,0.0,0.0,0.0,0.0,0.0,0.0,0.0,0.0,0.0,0.0,0.0,0.0,3.1,0.0,0.0,0.0,0.0,0.0,0.0,0.0,0.0,0.0,0.0,0.0,0.0,0.0,50.0,57.6,1.0,92.1,0.0,0.0,0.0,0.0,0.0,0.0,0.0,0.0,0.0,0.0,0.0,0.0,0.0,0.0,0.0,0.0,0.0,0.0,0.0,0.0,0.0,0.0,0.0,0.0,0.0,0.0,0.0,0.0,0.0,0.0,0.0,0.0,0.0,0.0,0.0,0.0,0.0,0.0,0.0,0.0,0.0,0.0,0.0,0.0,0.0,0.0,0.0,0.0,0.0,0.0,0.0,0.0,0.0,0.0,0.0,0.0,0.0,0.0,0.0,0.0,0.0,0.0,0.0,0.0,0.0,0.0,0.0,0.0,0.0,0.0,0.0,0.0,0.0,0.0,0.0,0.0,0.0,0.0,0.0,0.0,0.0,0.0,0.0,0.0,0.0,0.0,0.0,0.0,0.0,0.0,0.0,0.0,0.0,0.0,0.0,0.0,0.0,0.0,0.0,0.0,0.0,0.0,0.0,0.0,0.0,0.0,0.0,0.0,0.0,0.0,0.0,0.0,0.0,0.0,0.0,0.0,0.0,0.0,0.0,0.0,0.0,0.0,0.0,0.0,0.0,0.0,0.0,0.0,0.0,0.0,0.0,0.0,0.0,0.0,0.0,0.0,0.0,0.0,0.0,0.0,0.0,0.0,0.0,0.0,0.0,0.0,0.0,0.0,0.0,0.0,0.0,0.0,0.0",4.9,50690.52734375,981175.79296875,8684.2509765625,110725.44189453125,22.7919921875
1791364817.2506971,aggregate_n32_vmnos8_r1:confirmation,2.4,"8.0,6.1,6.9,4.0,2.0,11.2,7.1,5.2,8.3,7.1,3.1,12.2,6.1,4.0,5.0,4.0,8.2,8.9,0.0,4.1,6.1,7.1,13.4,3.1,8.1,7.0,1.0,4.1,6.1,5.1,1.0,70.0,0.0,0.0,6.3,9.1,4.1,2.0,3.1,4.1,4.0,4.0,2.0,3.1,1.0,12.1,8.1,1.0,3.0,3.1,3.1,4.0,4.1,5.0,3.1,3.1,5.1,6.1,3.1,6.1,5.0,9.0,2.0,6.1,17.2,9.1,8.1,14.1,0.0,0.0,0.0,0.0,0.0,0.0,0.0,0.0,0.0,0.0,0.0,0.0,0.0,1.0,0.0,0.0,2.1,0.0,0.0,0.0,0.0,0.0,0.0,0.0,0.0,0.0,0.0,0.0,0.0,0.0,32.3,36.1,53.1,58.2,0.0,0.0,0.0,0.0,0.0,0.0,0.0,0.0,0.0,0.0,0.0,0.0,0.0,0.0,0.0,0.0,0.0,0.0,0.0,0.0,0.0,0.0,0.0,0.0,0.0,0.0,1.0,0.0,0.0,0.0,0.0,0.0,0.0,0.0,0.0,0.0,0.0,0.0,0.0,0.0,0.0,0.0,0.0,0.0,0.0,0.0,0.0,0.0,0.0,0.0,0.0,0.0,0.0,0.0,0.0,0.0,0.0,0.0,0.0,0.0,0.0,0.0,0.0,0.0,0.0,0.0,0.0,0.0,0.0,0.0,0.0,0.0,0.0,0.0,0.0,0.0,0.0,0.0,0.0,0.0,0.0,0.0,0.0,0.0,0.0,0.0,0.0,0.0,0.0,0.0,0.0,0.0,0.0,0.0,0.0,0.0,0.0,0.0,0.0,0.0,0.0,0.0,0.0,0.0,0.0,0.0,0.0,0.0,0.0,0.0,0.0,0.0,0.0,0.0,0.0,0.0,0.0,0.0,0.0,0.0,0.0,0.0,0.0,0.0,0.0,0.0,0.0,0.0,0.0,0.0,0.0,0.0,0.0,0.0,0.0,0.0,0.0,0.0,0.0,0.0,0.0,0.0,0.0,0.0,0.0,0.0,0.0,0.0,0.0,0.0,0.0,0.0,0.0",5.0,51274.328125,980591.9921875,8684.2509765625,110725.44189453125,22.7919921875
1791364818.2615614,aggregate_n32_vmnos8_r1:confirmation,2.2,"14.1,7.0,6.9,3.0,3.8,6.9,9.8,5.9,3.9,2.0,3.0,9.8,6.0,2.9,5.0,5.0,3.8,7.8,4.9,8.9,5.9,6.9,3.0,12.0,5.1,4.0,7.1,11.2,9.4,7.1,1.0,10.8,0.0,0.0,6.1,4.2,7.8,4.0,6.0,4.0,6.9,10.0,4.0,4.0,7.9,6.9,6.8,1.0,4.9,3.0,6.9,5.9,8.8,3.9,6.8,5.8,1.0,1.0,8.7,10.9,8.7,5.0,4.9,3.9,8.2,7.8,6.1,7.1,0.0,0.0,0.0,0.0,0.0,0.0,0.0,0.0,0.0,0.0,0.0,0.0,0.0,0.0,0.0,0.0,10.6,0.0,0.0,0.0,0.0,0.0,0.0,0.0,0.0,0.0,0.0,0.0,0.0,0.0,72.8,11.0,35.0,35.0,0.0,0.0,0.0,0.0,0.0,0.0,0.0,0.0,0.0,0.0,0.0,0.0,0.0,0.0,0.0,0.0,0.0,0.0,0.0,0.0,0.0,0.0,0.0,0.0,0.0,0.0,0.0,0.0,0.0,0.0,0.0,0.0,0.0,0.0,0.0,0.0,0.0,0.0,0.0,0.0,0.0,0.0,0.0,0.0,0.0,0.0,0.0,0.0,0.0,0.0,0.0,0.0,0.0,0.0,0.0,0.0,0.0,0.0,0.0,0.0,0.0,0.0,0.0,0.0,0.0,0.0,0.0,0.0,0.0,0.0,0.0,1.0,0.0,0.0,0.0,0.0,0.0,0.0,0.0,0.0,0.0,0.0,0.0,0.0,0.0,0.0,0.0,0.0,0.0,0.0,0.0,0.0,0.0,0.0,0.0,0.0,0.0,0.0,0.0,0.0,0.0,0.0,0.0,0.0,0.0,0.0,0.0,0.0,0.0,0.0,0.0,0.0,0.0,0.0,0.0,0.0,0.0,0.0,0.0,0.0,0.0,0.0,0.0,0.0,0.0,0.0,0.0,0.0,0.0,0.0,0.0,0.0,0.0,0.0,0.0,0.0,0.0,0.0,0.0,0.0,0.0,0.0,0.0,0.0,0.0,0.0,0.0,0.0,0.0,0.0,0.0,0.0,0.0",4.9,50842.703125,981023.6171875,8684.2509765625,110725.44189453125,22.7919921875
1791364819.310755,aggregate_n32_vmnos8_r1:confirmation,1.9,"5.6,3.0,4.0,1.0,2.9,5.9,5.0,3.0,2.0,2.0,3.0,5.9,9.0,2.0,0.0,3.9,2.0,9.1,5.9,5.9,8.7,6.0,3.0,4.1,11.5,5.1,4.1,10.9,9.1,10.2,7.7,1.0,0.0,0.0,5.0,0.0,4.0,3.0,4.8,2.0,4.9,1.9,0.0,1.0,2.0,6.9,15.2,2.0,3.9,4.0,1.0,4.0,2.0,4.0,6.8,3.0,0.0,1.0,4.9,2.0,6.8,4.9,2.0,1.0,8.0,6.0,9.0,7.9,0.0,0.0,0.0,0.0,0.0,0.0,0.0,0.0,0.0,0.0,0.0,0.0,0.0,1.0,0.0,0.0,3.4,0.0,0.0,0.0,0.0,0.0,0.0,0.0,0.0,0.0,0.0,0.0,0.0,0.0,54.9,66.3,19.0,47.5,0.0,0.0,0.0,0.0,0.0,0.0,0.0,0.0,0.0,0.0,0.0,0.0,0.0,0.0,0.0,0.0,0.0,0.0,0.0,0.0,0.0,0.0,0.0,0.0,0.0,0.0,0.0,0.0,0.0,0.0,0.0,0.0,0.0,0.0,0.0,0.0,0.0,0.0,0.0,0.0,0.0,0.0,0.0,0.0,0.0,0.0,0.0,0.0,0.0,0.0,0.0,0.0,0.0,0.0,0.0,0.0,0.0,0.0,0.0,0.0,0.0,0.0,0.0,0.0,0.0,0.0,0.0,0.0,0.0,0.0,0.0,0.0,0.0,0.0,0.0,0.0,0.0,0.0,0.0,0.0,0.0,0.0,0.0,0.0,0.0,0.0,0.0,0.0,0.0,0.0,0.0,0.0,0.0,0.0,0.0,0.0,0.0,0.0,0.0,0.0,0.0,0.0,0.0,0.0,0.0,0.0,0.0,0.0,0.0,0.0,0.0,0.0,0.0,0.0,0.0,0.0,0.0,0.0,0.0,0.0,0.0,0.0,0.0,0.0,0.0,0.0,0.0,0.0,0.0,0.0,0.0,0.0,0.0,0.0,0.0,0.0,0.0,0.0,0.0,0.0,0.0,0.0,0.0,0.0,0.0,0.0,0.0,0.0,0.0,0.0,0.0,0.0,0.0",4.9,50679.16015625,981187.16015625,8684.2509765625,110725.83251953125,22.7919921875
1791364820.330794,aggregate_n32_vmnos8_r1:confirmation,2.9,"8.8,7.1,7.1,6.0,3.1,10.1,6.2,5.1,10.8,7.1,5.0,18.0,9.1,6.1,7.1,6.0,10.4,13.4,9.9,10.1,8.1,10.3,10.1,10.3,12.4,14.6,8.5,16.7,11.6,19.0,0.0,1.0,0.0,0.0,17.8,5.1,9.1,5.2,6.2,9.9,4.1,6.1,10.8,4.0,5.0,10.9,11.8,5.1,10.0,18.6,4.0,9.1,10.0,5.1,7.9,12.0,3.0,15.8,4.9,4.0,12.0,6.9,20.6,5.8,16.3,23.2,12.1,13.0,0.0,0.0,0.0,0.0,0.0,0.0,0.0,0.0,0.0,0.0,0.0,0.0,0.0,0.0,1.0,0.0,1.0,0.0,0.0,0.0,0.0,0.0,0.0,0.0,0.0,0.0,0.0,0.0,0.0,0.0,11.1,43.7,69.7,28.4,0.0,0.0,0.0,0.0,0.0,0.0,0.0,0.0,0.0,0.0,0.0,0.0,0.0,0.0,0.0,0.0,0.0,0.0,0.0,0.0,0.0,0.0,0.0,0.0,0.0,0.0,0.0,0.0,0.0,0.0,0.0,0.0,0.0,0.0,0.0,0.0,0.0,0.0,0.0,0.0,0.0,0.0,0.0,0.0,0.0,0.0,0.0,0.0,0.0,0.0,0.0,0.0,0.0,0.0,0.0,0.0,0.0,0.0,0.0,0.0,0.0,0.0,0.0,0.0,0.0,0.0,0.0,0.0,0.0,0.0,0.0,0.0,0.0,0.0,0.0,0.0,0.0,0.0,0.0,0.0,0.0,0.0,0.0,0.0,0.0,0.0,0.0,0.0,0.0,0.0,0.0,0.0,0.0,0.0,0.0,0.0,0.0,0.0,0.0,0.0,0.0,0.0,0.0,0.0,0.0,0.0,0.0,0.0,0.0,0.0,0.0,0.0,0.0,0.0,0.0,0.0,0.0,0.0,0.0,0.0,0.0,0.0,0.0,0.0,0.0,0.0,0.0,0.0,0.0,0.0,0.0,0.0,0.0,0.0,0.0,0.0,0.0,0.0,0.0,0.0,0.0,0.0,0.0,0.0,0.0,0.0,0.0,0.0,0.0,0.0,0.0,0.0,0.0",4.9,50975.0703125,980891.25,8684.2509765625,110725.83251953125,21.126953125
1791364821.3572054,aggregate_n32_vmnos8_r1:confirmation,2.1,"5.6,3.0,1.0,2.0,2.0,4.9,4.9,4.0,1.9,2.9,3.9,5.9,7.9,1.0,2.9,2.0,4.9,7.9,9.8,3.0,13.9,3.9,1.0,2.1,2.0,6.1,3.0,2.0,8.0,6.1,0.0,0.0,0.0,0.0,3.0,8.7,0.0,2.0,0.0,3.9,1.0,1.0,12.0,2.0,2.9,6.8,4.0,0.0,0.0,6.9,2.0,3.0,2.0,1.0,0.0,2.0,3.8,2.0,0.0,1.9,2.9,5.9,1.0,0.0,6.0,6.1,21.4,4.0,0.0,0.0,0.0,0.0,0.0,0.0,0.0,0.0,0.0,0.0,0.0,0.0,0.0,0.0,0.0,0.0,2.9,0.0,0.0,0.0,0.0,0.0,0.0,0.0,0.0,0.0,0.0,0.0,0.0,0.0,69.4,36.4,99.0,74.0,0.0,0.0,0.0,0.0,0.0,0.0,0.0,0.0,0.0,0.0,0.0,0.0,0.0,0.0,0.0,0.0,0.0,0.0,0.0,0.0,0.0,0.0,0.0,0.0,0.0,0.0,0.0,0.0,0.0,0.0,0.0,0.0,0.0,0.0,0.0,0.0,0.0,0.0,0.0,0.0,0.0,0.0,0.0,0.0,0.0,0.0,0.0,0.0,0.0,0.0,0.0,0.0,0.0,0.0,0.0,0.0,0.0,0.0,0.0,0.0,0.0,0.0,0.0,0.0,0.0,0.0,0.0,0.0,0.0,0.0,0.0,0.0,0.0,0.0,0.0,0.0,0.0,0.0,0.0,0.0,0.0,0.0,0.0,0.0,0.0,0.0,0.0,0.0,0.0,0.0,0.0,0.0,0.0,0.0,0.0,0.0,0.0,0.0,0.0,0.0,0.0,0.0,0.0,0.0,0.0,0.0,0.0,0.0,0.0,0.0,0.0,0.0,0.0,0.0,0.0,0.0,0.0,0.0,0.0,0.0,0.0,0.0,0.0,0.0,0.0,0.0,0.0,0.0,0.0,0.0,0.0,0.0,0.0,0.0,0.0,0.0,0.0,0.0,0.0,0.0,0.0,0.0,0.0,0.0,0.0,0.0,0.0,0.0,0.0,0.0,0.0,0.0,0.0",5.0,51185.46484375,980680.85546875,8684.2509765625,110726.88720703125,21.126953125
1791364822.380335,aggregate_n32_vmnos8_r1:confirmation,3.6,"17.0,6.5,7.0,19.8,10.2,12.7,9.2,7.9,9.3,11.1,12.2,13.1,15.2,12.9,12.1,6.2,6.1,10.2,12.2,14.0,11.2,11.2,9.3,11.2,6.1,12.4,23.2,8.2,7.4,9.1,2.9,3.9,0.0,0.0,8.9,9.1,9.9,6.1,5.1,7.1,12.0,9.2,10.3,13.1,9.1,8.2,10.3,7.1,10.0,8.2,15.5,12.0,12.2,7.1,7.3,8.2,16.8,5.1,6.9,5.1,10.0,15.2,19.0,12.1,15.3,16.0,31.7,10.3,0.0,0.0,0.0,0.0,0.0,0.0,0.0,0.0,0.0,0.0,0.0,0.0,0.0,0.0,0.0,0.0,5.0,1.9,0.0,0.0,0.0,0.0,0.0,0.0,0.0,0.0,0.0,0.0,0.0,0.0,33.7,16.8,88.2,78.4,0.0,0.0,0.0,0.0,0.0,0.0,0.0,0.0,0.0,0.0,0.0,0.0,0.0,0.0,0.0,0.0,0.0,0.0,0.0,0.0,0.0,0.0,0.0,0.0,0.0,0.0,0.0,0.0,0.0,0.0,0.0,0.0,0.0,0.0,0.0,0.0,0.0,0.0,0.0,0.0,0.0,0.0,0.0,0.0,0.0,0.0,0.0,0.0,0.0,0.0,0.0,0.0,0.0,0.0,0.0,0.0,0.0,0.0,0.0,0.0,0.0,0.0,0.0,0.0,0.0,0.0,0.0,0.0,0.0,0.0,0.0,0.0,0.0,0.0,0.0,0.0,0.0,0.0,0.0,0.0,0.0,0.0,0.0,0.0,0.0,0.0,0.0,0.0,0.0,0.0,0.0,0.0,0.0,1.0,0.0,0.0,0.0,0.0,0.0,0.0,0.0,0.0,0.0,0.0,0.0,0.0,0.0,0.0,0.0,0.0,0.0,0.0,0.0,0.0,0.0,0.0,0.0,0.0,0.0,0.0,0.0,0.0,0.0,0.0,0.0,0.0,0.0,0.0,0.0,0.0,0.0,0.0,0.0,0.0,0.0,0.0,0.0,0.0,0.0,0.0,0.0,0.0,0.0,0.0,0.0,0.0,0.0,0.0,0.0,0.0,0.0,0.0,0.0",4.9,50670.9765625,981195.34375,8684.2509765625,110726.88720703125,21.126953125
1791364823.4032898,aggregate_n32_vmnos8_r1:confirmation,1.6,"8.9,3.0,0.0,7.8,4.0,4.9,0.0,0.0,1.0,1.0,0.0,14.9,7.8,0.0,2.9,0.0,1.0,6.9,1.0,2.0,1.0,2.0,1.0,0.0,3.0,8.2,3.1,4.0,5.9,9.0,3.9,3.0,0.0,0.0,5.9,1.0,13.3,0.0,4.9,2.9,0.0,1.0,2.0,6.9,5.0,12.6,10.2,0.0,1.0,3.9,1.0,1.0,3.0,2.0,6.9,3.0,1.0,1.0,2.0,2.0,0.0,1.0,1.0,1.0,2.0,0.0,6.0,0.0,0.0,0.0,0.0,0.0,0.0,0.0,0.0,0.0,0.0,0.0,0.0,0.0,0.0,0.0,0.0,0.0,2.0,0.0,0.0,0.0,0.0,0.0,0.0,0.0,0.0,0.0,0.0,0.0,0.0,0.0,45.5,20.2,66.7,63.7,0.0,0.0,0.0,0.0,0.0,0.0,0.0,0.0,0.0,0.0,0.0,0.0,0.0,0.0,0.0,0.0,0.0,0.0,0.0,0.0,0.0,0.0,0.0,0.0,0.0,0.0,0.0,0.0,0.0,0.0,0.0,0.0,0.0,0.0,0.0,0.0,0.0,0.0,0.0,0.0,0.0,0.0,0.0,0.0,0.0,0.0,0.0,0.0,0.0,0.0,0.0,0.0,0.0,0.0,0.0,0.0,0.0,0.0,0.0,0.0,0.0,0.0,0.0,0.0,0.0,0.0,0.0,0.0,0.0,0.0,0.0,0.0,0.0,0.0,0.0,0.0,0.0,0.0,0.0,0.0,0.0,0.0,0.0,0.0,0.0,0.0,0.0,0.0,0.0,0.0,0.0,0.0,0.0,0.0,0.0,0.0,0.0,0.0,0.0,0.0,0.0,0.0,0.0,0.0,0.0,0.0,0.0,0.0,0.0,0.0,0.0,0.0,0.0,0.0,0.0,0.0,0.0,0.0,0.0,0.0,0.0,0.0,0.0,0.0,0.0,0.0,0.0,0.0,0.0,0.0,0.0,0.0,0.0,0.0,0.0,0.0,0.0,0.0,0.0,0.0,0.0,0.0,0.0,0.0,0.0,0.0,0.0,0.0,0.0,0.0,0.0,0.0,0.0",4.9,50644.51953125,981221.80078125,8684.2509765625,110726.88720703125,21.126953125
1791364824.4263287,aggregate_n32_vmnos8_r1:confirmation,3.5,"17.2,11.3,11.1,10.4,12.9,8.2,8.3,8.2,11.2,18.4,9.9,7.1,7.1,8.1,10.0,9.1,7.1,16.7,10.0,8.9,11.0,13.1,12.1,13.5,17.2,11.5,10.5,11.2,9.4,11.0,2.9,8.9,0.0,0.0,11.0,10.1,12.0,11.1,12.1,11.9,5.2,10.1,11.1,9.1,12.6,9.2,8.2,11.2,9.0,8.2,10.2,13.3,12.0,5.1,8.9,10.2,10.9,12.1,11.1,4.1,12.0,5.1,3.1,11.2,15.8,5.3,23.0,11.2,0.0,0.0,0.0,0.0,0.0,0.0,0.0,0.0,0.0,0.0,0.0,0.0,0.0,0.0,0.0,0.0,3.1,0.0,0.0,0.0,0.0,0.0,0.0,0.0,0.0,0.0,0.0,0.0,0.0,0.0,40.0,51.0,48.0,76.2,0.0,0.0,0.0,0.0,0.0,0.0,0.0,0.0,0.0,0.0,0.0,0.0,0.0,0.0,0.0,0.0,0.0,0.0,0.0,0.0,0.0,0.0,0.0,0.0,0.0,0.0,0.0,0.0,0.0,0.0,0.0,0.0,0.0,0.0,0.0,0.0,0.0,0.0,0.0,0.0,0.0,0.0,0.0,0.0,0.0,0.0,0.0,0.0,0.0,0.0,0.0,0.0,0.0,1.0,0.0,0.0,0.0,0.0,0.0,0.0,0.0,0.0,0.0,0.0,0.0,0.0,0.0,0.0,0.0,0.0,0.0,0.0,0.0,0.0,0.0,0.0,0.0,0.0,0.0,0.0,0.0,0.0,0.0,0.0,0.0,0.0,0.0,0.0,0.0,0.0,0.0,0.0,0.0,0.0,0.0,0.0,0.0,0.0,0.0,0.0,0.0,0.0,0.0,0.0,0.0,0.0,0.0,0.0,0.0,0.0,0.0,0.0,0.0,0.0,0.0,0.0,0.0,0.0,0.0,0.0,0.0,0.0,0.0,0.0,0.0,0.0,0.0,0.0,0.0,0.0,0.0,0.0,0.0,0.0,0.0,0.0,0.0,0.0,0.0,0.0,0.0,0.0,0.0,0.0,0.0,0.0,0.0,0.0,0.0,0.0,0.0,0.0,0.0",4.9,50644.18359375,981222.13671875,8684.2509765625,110727.08251953125,21.126953125
1791364825.4595075,idle,2.7,"17.9,25.0,9.7,3.9,2.0,2.9,2.0,5.8,2.9,23.5,0.0,0.0,7.7,3.9,15.5,1.0,0.0,13.3,2.9,4.8,8.7,4.9,1.0,2.0,26.5,21.8,11.9,8.7,3.0,4.9,2.9,3.8,1.0,0.0,20.0,7.8,9.9,2.0,3.9,16.0,1.9,0.0,11.8,1.0,1.0,7.8,5.8,5.9,1.0,4.9,6.7,1.9,2.9,4.8,8.0,21.6,1.9,2.9,9.1,9.7,10.7,4.8,2.9,1.9,9.9,12.7,12.7,4.9,0.0,0.0,0.0,0.0,0.0,0.0,0.0,0.0,0.0,0.0,0.0,0.0,0.0,0.0,0.0,0.0,1.0,0.0,0.0,0.0,0.0,0.0,0.0,0.0,0.0,0.0,0.0,0.0,0.0,0.0,18.6,63.1,49.0,84.3,0.0,0.0,0.0,0.0,0.0,0.0,0.0,0.0,0.0,0.0,0.0,0.0,0.0,0.0,0.0,0.0,0.0,0.0,0.0,0.0,0.0,0.0,0.0,0.0,0.0,0.0,0.0,0.0,0.0,0.0,0.0,0.0,0.0,0.0,0.0,0.0,0.0,0.0,0.0,0.0,0.0,0.0,0.0,0.0,0.0,0.0,0.0,0.0,0.0,0.0,0.0,0.0,0.0,0.0,0.0,0.0,0.0,0.0,0.0,0.0,0.0,0.0,0.0,0.0,0.0,0.0,0.0,0.0,0.0,0.0,0.0,0.0,0.0,0.0,0.0,0.0,0.0,0.0,0.0,0.0,0.0,0.0,0.0,0.0,0.0,0.0,0.0,0.0,0.0,0.0,0.0,0.0,0.0,0.0,0.0,0.0,0.0,0.0,0.0,0.0,0.0,0.0,0.0,0.0,0.0,0.0,0.0,0.0,0.0,0.0,0.0,0.0,0.0,0.0,0.0,0.0,0.0,0.0,0.0,0.0,0.0,0.0,0.0,0.0,0.0,0.0,0.0,0.0,0.0,0.0,0.0,0.0,0.0,0.0,0.0,0.0,0.0,0.0,0.0,0.0,0.0,0.0,0.0,0.0,0.0,0.0,0.0,0.0,0.0,0.0,0.0,0.0,0.0",5.0,51371.0546875,980495.265625,8684.2509765625,110727.08251953125,20.15576171875
1791364826.5986094,idle,3.0,"18.0,6.4,6.4,4.5,4.4,2.7,9.9,3.6,10.8,11.9,8.0,2.7,11.0,8.8,17.4,8.1,5.4,15.2,8.2,4.6,6.5,5.5,6.4,9.5,9.8,9.0,6.5,19.3,7.3,8.8,7.0,7.1,4.4,0.0,9.8,2.8,9.7,6.3,10.5,2.8,4.5,8.1,10.0,5.4,7.3,7.3,12.7,5.6,1.8,4.4,82.1,0.0,6.4,2.7,2.7,3.6,1.8,8.1,5.4,6.3,6.3,7.3,6.3,1.8,6.4,9.2,5.6,8.2,0.0,0.0,0.0,0.0,0.0,0.0,0.0,0.0,0.0,0.0,0.0,0.0,0.0,0.0,0.0,0.0,0.9,0.0,0.0,0.0,0.0,0.0,0.0,0.0,0.0,0.0,0.0,0.0,0.0,0.0,21.6,43.2,69.6,94.8,0.0,0.0,0.0,0.0,0.0,0.0,0.0,0.0,0.0,0.0,0.0,0.0,0.0,0.0,0.0,0.0,0.0,0.0,0.0,0.0,0.0,0.0,0.0,0.0,0.0,0.0,0.0,0.0,0.0,0.0,0.0,0.0,0.0,0.0,0.0,0.0,0.0,0.0,0.0,0.0,0.0,0.0,0.0,0.0,0.0,0.0,0.0,0.0,0.0,0.0,0.0,0.0,0.0,0.0,0.0,0.0,0.0,0.0,0.0,0.0,0.0,0.0,0.0,0.0,0.0,0.0,0.0,0.0,0.0,0.0,0.0,0.0,0.0,0.0,0.0,0.0,0.0,0.0,0.0,0.0,0.0,0.0,0.0,0.0,0.0,0.0,0.0,0.0,0.0,0.0,0.0,0.0,0.0,0.0,0.0,0.0,0.0,0.0,0.0,0.0,0.0,0.0,0.0,0.0,0.0,0.0,0.0,0.0,0.0,0.0,0.0,0.0,0.0,0.0,0.0,0.0,0.0,0.0,0.0,0.0,0.0,0.0,0.0,0.0,0.0,0.0,0.0,0.0,0.0,0.0,0.0,0.0,0.0,0.0,0.0,0.0,0.0,0.0,0.0,0.0,0.0,0.0,0.0,0.0,0.0,0.0,0.0,0.0,0.0,0.0,0.0,0.0,0.0",4.9,50666.22265625,981200.09765625,8684.2509765625,110728.62548828125,20.15576171875
1791364827.7639093,individual_n32_vmnos8_r2:confirmation,10.9,"50.0,45.3,39.8,41.8,36.5,36.8,40.2,45.7,37.9,38.1,39.7,41.7,40.5,36.4,37.9,55.1,39.5,35.1,40.5,36.8,44.2,33.6,37.8,44.2,40.7,44.7,31.0,48.3,43.2,35.9,17.6,0.0,0.0,0.0,34.7,46.2,42.6,35.6,39.7,32.5,34.2,37.1,39.7,41.0,46.2,48.2,44.9,39.5,56.8,31.0,48.7,38.3,40.2,35.7,41.5,39.3,38.5,42.9,47.9,35.1,41.9,39.5,41.0,38.1,48.3,50.0,53.4,44.9,0.0,0.0,0.0,0.0,0.0,0.0,0.0,0.0,0.0,0.0,0.0,0.0,0.0,0.0,0.0,0.0,0.9,0.0,0.0,0.0,0.0,0.0,0.0,0.0,0.0,0.0,0.0,0.0,0.0,0.0,22.7,50.8,41.2,68.9,0.0,0.0,0.0,0.0,0.0,0.0,0.0,0.0,0.0,0.0,0.0,0.0,0.0,0.0,0.0,0.0,0.0,0.0,0.0,0.0,0.0,0.0,0.0,0.0,0.0,0.0,0.0,0.0,0.0,0.0,0.0,0.0,0.0,0.0,0.0,0.0,0.0,0.0,0.0,0.0,0.0,0.0,0.0,0.0,0.0,0.0,0.0,0.0,0.0,0.0,0.0,0.0,0.0,0.0,0.0,0.0,0.0,0.0,0.0,0.0,0.0,0.0,0.0,0.0,0.0,0.0,0.0,0.0,0.0,0.0,0.0,0.0,0.0,0.0,0.0,0.0,0.0,0.0,0.0,0.0,0.0,0.0,0.0,0.0,0.0,0.0,0.0,0.0,0.0,0.0,0.0,0.0,0.0,0.0,0.0,0.0,0.0,0.0,0.0,0.0,0.0,0.0,0.0,0.0,0.0,0.0,0.0,0.0,0.0,0.0,0.0,0.0,0.0,0.0,0.0,0.0,0.0,0.0,0.0,0.0,0.0,0.0,0.0,0.0,0.0,0.0,0.0,0.0,0.0,0.0,0.0,0.0,0.0,0.0,0.0,0.0,0.0,0.0,0.0,0.0,0.0,0.0,0.0,0.0,0.0,0.0,0.0,0.0,0.0,0.0,0.0,0.0,0.0",5.0,51135.0703125,980731.25,8684.2509765625,110728.62548828125,20.15576171875
1791364829.112975,individual_n32_vmnos8_r2:confirmation,6.1,"21.7,15.9,11.5,26.2,15.0,18.1,16.4,23.8,20.7,19.1,6.3,22.4,16.4,10.9,17.4,25.8,8.5,21.6,16.8,25.4,8.3,19.2,16.8,20.7,12.0,10.4,20.5,20.7,31.7,17.2,2.5,1.5,0.0,0.0,10.8,20.9,15.9,17.1,15.0,32.3,11.8,15.2,14.2,20.6,10.8,30.7,24.2,9.8,23.3,31.4,22.9,21.3,15.5,17.3,20.5,25.8,18.4,19.3,12.6,15.6,17.7,14.7,13.1,14.9,22.0,28.5,25.7,18.5,0.0,0.0,0.0,0.0,0.0,0.0,0.0,0.0,0.0,0.0,0.0,0.0,0.0,0.0,0.0,0.0,3.3,0.0,0.0,0.0,0.0,0.0,0.0,0.0,0.0,0.0,0.0,0.0,0.0,0.0,40.8,57.7,75.0,75.8,0.0,0.0,0.0,0.0,0.0,0.0,0.0,0.0,0.0,0.0,0.0,0.0,0.0,0.0,0.0,0.0,0.0,0.0,0.0,0.0,0.0,0.0,0.0,0.0,0.0,0.0,0.0,0.0,0.0,0.0,0.0,0.0,0.0,0.0,0.0,0.0,0.0,0.0,0.0,0.0,0.0,0.0,0.0,0.0,0.0,0.0,0.0,0.0,0.0,0.0,0.0,0.0,0.0,0.5,0.0,0.0,0.0,0.0,0.0,0.0,0.0,0.0,0.0,0.0,0.0,0.0,0.0,0.0,0.0,0.0,0.0,0.0,0.0,0.0,0.0,0.0,0.5,0.0,0.0,0.5,0.0,0.0,0.0,0.0,0.0,0.0,0.0,0.0,0.0,0.0,0.0,0.0,0.0,0.0,0.0,0.0,0.0,0.0,0.0,0.0,0.0,0.0,0.0,0.0,0.0,0.0,0.0,0.0,0.0,0.0,0.0,0.0,0.0,0.0,0.0,0.0,0.0,0.0,0.0,0.0,0.0,0.0,0.0,0.0,0.0,0.0,0.0,0.0,0.0,0.0,0.0,0.0,0.0,0.0,0.0,0.0,0.0,0.0,0.0,0.0,0.0,0.0,0.0,0.0,0.0,0.0,0.0,0.0,0.0,0.0,0.0,0.0,0.0",5.0,51840.69921875,980025.62109375,8684.2509765625,110729.05908203125,19.50244140625
1791364831.339616,individual_n32_vmnos8_r2:confirmation,5.0,"30.2,8.9,36.1,15.9,13.0,19.9,20.6,9.5,18.9,5.9,5.4,16.2,27.6,28.6,11.6,17.4,17.0,15.2,9.6,14.5,11.4,8.8,30.4,5.6,23.2,16.2,26.2,19.9,29.3,13.3,0.0,0.0,0.0,0.0,24.9,19.5,22.1,21.4,9.4,25.6,15.0,23.7,5.4,5.4,13.2,24.6,14.4,7.8,29.0,9.7,8.9,10.1,21.6,21.3,18.1,22.4,15.3,10.5,9.4,8.4,5.4,15.1,36.3,21.7,9.9,10.1,9.0,26.2,0.0,0.0,0.0,0.0,0.0,0.0,0.0,0.0,0.0,0.0,0.0,0.0,0.0,0.0,0.0,0.0,0.6,0.0,0.0,0.0,0.0,0.0,0.0,0.0,0.0,0.0,0.0,0.0,0.0,0.0,77.6,38.0,22.8,100.0,0.0,0.0,0.0,0.0,0.0,0.0,0.0,0.0,0.0,0.0,0.0,0.0,0.0,0.0,0.0,0.0,0.0,0.0,0.0,0.0,0.0,0.0,0.0,0.0,0.0,0.0,0.0,0.6,0.0,0.0,0.0,0.0,0.0,0.0,0.0,0.0,0.0,0.0,0.0,0.0,0.0,0.0,0.0,0.0,0.0,0.0,0.0,0.0,0.0,0.0,0.0,0.0,0.0,0.0,0.0,0.0,0.0,0.0,0.0,0.0,0.0,0.0,0.0,0.0,0.0,0.0,0.0,0.0,0.0,0.0,0.0,0.0,0.0,0.0,0.0,0.0,0.0,0.0,0.0,0.0,0.0,0.0,0.0,0.0,0.0,0.0,0.0,0.0,0.0,0.0,0.0,0.0,0.0,0.0,0.0,0.0,0.0,0.0,0.0,0.0,0.0,0.0,0.0,0.0,0.0,0.0,0.0,0.0,0.0,0.0,0.0,0.0,0.0,0.0,0.0,0.0,0.0,0.0,0.0,0.0,0.0,0.0,0.0,0.0,0.0,0.0,0.0,0.0,0.0,0.0,0.0,0.0,0.0,0.0,0.0,0.0,0.0,0.0,0.0,0.0,0.0,0.0,0.0,0.0,0.0,0.0,0.0,0.0,0.0,0.0,0.0,0.0,0.0",5.1,52204.52734375,979661.79296875,8684.2509765625,110732.07080078125,19.50244140625
1791364833.5307937,individual_n32_vmnos8_r2:confirmation,3.6,"15.5,13.1,11.0,12.8,8.1,17.1,13.2,9.4,13.1,7.9,8.7,5.0,19.5,8.3,12.2,11.0,10.9,5.5,4.2,11.6,15.3,12.8,12.7,16.6,12.9,13.4,8.2,16.7,17.9,16.6,2.5,2.1,2.1,0.0,16.6,19.9,9.5,14.1,10.0,20.6,6.8,9.2,8.4,12.7,16.2,17.1,11.3,8.0,7.9,2.9,6.7,4.6,4.6,15.1,15.1,8.7,12.1,12.5,10.4,13.7,11.6,14.3,9.6,13.6,9.2,5.5,18.3,8.0,0.0,0.0,0.0,0.0,0.0,0.0,0.0,0.0,0.0,0.0,0.0,0.0,0.0,0.0,0.0,0.0,3.7,0.0,0.0,0.0,0.0,0.0,0.0,0.0,0.0,0.0,0.0,0.0,0.0,0.0,38.5,36.0,18.8,48.8,0.0,0.0,0.0,0.0,0.0,0.0,0.0,0.0,0.0,0.0,0.0,0.0,0.0,0.0,0.0,0.0,0.0,0.0,0.0,0.0,0.0,0.4,0.0,0.4,0.0,0.4,0.0,0.0,0.0,0.4,0.0,0.0,0.0,0.0,0.0,0.0,0.0,0.0,0.0,0.0,0.0,0.0,0.0,0.0,0.0,0.0,0.0,0.0,0.0,0.0,0.0,0.0,0.0,0.0,0.0,0.0,0.0,0.0,0.0,0.0,0.0,0.0,0.0,0.0,0.0,0.0,0.0,0.0,0.0,0.0,0.0,0.0,0.0,0.0,0.0,0.0,0.0,0.0,0.0,0.0,0.0,0.0,0.0,0.0,0.0,0.0,0.0,0.0,0.0,0.0,0.0,0.0,0.0,0.0,0.0,0.0,0.0,0.0,0.0,0.0,0.0,0.0,0.0,0.0,0.0,0.0,0.0,0.0,0.0,0.0,0.0,0.0,0.0,0.0,0.0,0.0,0.0,0.0,0.0,0.0,0.0,0.0,0.0,0.0,0.0,0.0,0.0,0.0,0.0,0.0,0.0,0.0,0.0,0.0,0.0,0.0,0.0,0.0,0.0,0.0,0.0,0.0,0.0,0.0,0.0,0.0,0.0,0.0,0.0,0.0,0.0,0.0,0.4",5.0,51676.828125,980189.4921875,8684.2509765625,110732.34814453125,19.50244140625
1791364835.2223496,individual_n32_vmnos8_r2:confirmation,4.0,"9.0,20.4,7.3,15.8,11.3,19.2,22.2,11.3,9.6,20.4,28.1,10.9,13.5,14.5,16.9,16.4,19.5,13.9,21.2,20.1,5.1,8.2,9.0,7.0,8.1,18.5,9.5,7.0,20.6,7.0,4.3,4.9,0.0,0.0,9.0,10.0,21.7,13.3,10.3,32.3,12.5,9.4,11.3,10.0,20.3,5.1,13.3,23.1,9.6,15.4,15.2,12.3,17.2,9.4,9.7,22.8,16.0,18.0,9.3,7.0,18.0,18.8,7.0,5.1,3.8,15.7,15.0,23.5,0.0,0.0,0.0,0.0,0.0,0.0,0.0,0.0,0.0,0.0,0.0,0.0,0.0,0.0,0.0,0.0,1.8,0.0,0.0,0.0,0.0,0.0,0.0,0.0,0.0,0.0,0.0,0.0,0.0,0.0,75.2,34.8,37.3,75.3,0.0,0.0,0.0,0.0,0.0,0.0,0.0,0.0,0.0,0.0,0.0,0.0,0.0,0.0,0.0,0.0,0.0,0.0,0.0,0.0,0.0,0.0,0.0,0.0,0.0,0.0,0.0,0.0,0.0,0.0,0.0,0.0,0.0,0.0,0.0,0.0,0.0,0.0,0.0,0.0,0.0,0.0,0.0,0.0,0.0,0.0,0.0,0.0,0.0,0.0,0.0,0.0,0.0,0.0,0.0,0.0,0.0,0.0,0.0,0.0,0.0,0.0,0.0,0.0,0.0,0.0,0.0,0.0,0.0,0.0,0.0,0.0,0.0,0.0,0.0,0.0,0.0,0.0,0.0,0.0,0.0,0.0,0.0,0.0,0.0,0.0,0.0,0.0,0.0,0.0,0.0,0.0,0.0,0.0,0.0,0.0,0.0,0.0,0.0,0.0,0.0,0.0,0.0,0.0,0.0,0.0,0.0,0.0,0.0,0.0,0.0,0.0,0.0,0.0,0.0,0.0,0.0,0.0,0.0,0.0,0.0,0.0,0.0,0.0,0.0,0.0,0.0,0.0,0.0,0.0,0.0,0.0,0.0,0.0,0.0,0.0,0.0,0.0,0.0,0.0,0.0,0.0,0.0,0.0,0.0,0.0,0.0,0.0,0.0,0.0,0.0,0.0,0.0",5.0,51730.35546875,980135.96484375,8684.2509765625,110732.34814453125,21.14404296875
1791364836.6708965,individual_n32_vmnos8_r2:confirmation,4.5,"10.1,14.0,15.4,16.8,26.1,16.0,14.0,30.5,15.9,20.3,30.8,14.4,10.4,17.1,23.9,9.6,5.9,28.6,26.1,28.3,17.6,15.1,13.6,4.2,18.3,7.7,6.9,11.2,25.4,12.4,0.0,0.0,0.0,0.0,23.7,14.4,8.7,11.3,12.5,26.5,6.8,17.8,10.1,11.1,10.8,6.8,5.2,11.0,23.9,11.8,29.3,20.3,18.1,17.1,18.6,13.4,12.8,18.6,17.8,21.7,14.4,20.3,13.4,17.6,11.9,24.6,18.2,17.5,0.0,0.0,0.0,0.0,0.0,0.0,0.0,0.0,0.0,0.0,0.0,0.0,0.0,0.0,0.0,0.0,0.9,0.0,0.0,0.0,0.0,0.0,0.0,0.0,0.0,0.0,0.0,0.0,0.0,0.0,59.5,20.2,55.8,63.0,0.0,0.0,0.0,0.0,0.0,0.0,0.0,0.0,0.0,0.0,0.0,0.0,0.0,0.0,0.0,0.0,0.0,0.0,0.0,0.0,0.0,0.0,0.0,0.0,0.0,0.0,0.0,0.0,1.7,0.0,0.0,0.0,0.0,0.0,0.0,0.0,0.0,0.0,0.0,0.0,0.0,0.0,0.0,0.0,0.0,0.0,0.0,0.0,0.0,0.0,0.0,0.0,0.0,0.0,0.0,0.0,0.0,0.0,0.0,0.0,0.0,0.0,0.0,0.0,0.0,0.0,0.0,0.0,0.0,0.0,0.0,0.0,0.0,0.0,0.0,0.0,0.0,0.0,0.0,0.0,0.0,0.0,0.0,0.0,0.0,0.0,0.0,0.0,0.0,0.0,0.0,0.0,0.0,0.0,0.0,0.0,0.0,0.0,0.0,0.0,0.0,0.0,0.0,0.0,0.0,0.0,0.0,0.0,0.0,0.0,0.0,0.0,0.0,0.0,0.0,0.0,0.0,0.0,0.0,0.0,0.0,0.0,0.0,0.0,0.0,0.0,0.0,0.0,0.0,0.0,0.0,0.0,0.0,0.0,0.0,0.0,0.0,0.0,0.0,0.0,0.0,0.0,0.0,0.0,0.0,0.0,0.0,0.0,0.0,0.0,0.0,0.0,0.0",5.0,51638.70703125,980227.61328125,8684.2509765625,110734.78955078125,21.14404296875
1791364837.882366,individual_n32_vmnos8_r2:confirmation,2.9,"23.4,3.4,3.3,7.8,3.3,2.5,1.7,0.0,11.4,0.9,8.0,27.7,7.0,5.2,5.9,6.7,9.3,8.6,1.7,10.1,2.5,2.6,15.1,2.5,10.5,6.8,5.2,2.5,10.3,12.2,0.8,1.7,0.0,0.0,5.0,4.2,5.8,4.2,5.9,3.4,7.4,1.7,8.6,11.8,10.4,4.3,4.2,1.7,19.5,7.0,2.5,2.6,3.5,5.9,19.3,6.0,0.8,0.8,7.6,12.1,3.4,1.7,11.1,0.0,10.8,3.5,0.9,0.8,0.0,0.0,0.0,0.0,0.0,0.0,0.0,0.0,0.0,0.0,0.0,0.0,0.0,0.0,0.0,0.0,0.0,0.0,0.0,0.0,0.0,0.0,0.0,0.0,0.0,0.0,0.0,0.0,0.0,0.0,85.5,33.9,73.5,71.4,0.0,0.0,0.0,0.0,0.0,0.0,0.0,0.0,0.0,0.0,0.0,0.0,0.0,0.0,0.0,0.0,0.0,0.0,0.0,0.0,0.0,0.0,0.0,0.0,0.0,0.0,0.0,0.0,0.0,0.0,0.0,0.0,0.0,0.0,0.0,0.8,0.0,0.0,0.0,0.0,0.0,0.0,0.0,0.0,0.0,0.0,0.0,0.0,0.0,0.0,0.0,0.0,0.0,0.0,0.0,0.0,0.0,0.0,0.0,0.0,0.0,0.0,0.0,0.8,0.0,0.0,0.0,0.8,0.8,0.0,0.0,0.0,0.8,0.0,0.0,0.0,0.0,0.0,0.0,0.0,0.0,0.0,0.0,0.0,0.0,0.8,0.0,0.0,0.0,0.0,0.0,0.0,0.0,0.0,0.0,0.0,0.0,0.0,0.0,0.0,0.0,0.0,0.0,0.0,0.0,0.0,0.0,0.0,0.0,0.0,0.0,0.0,0.0,0.0,0.0,0.0,0.0,0.0,0.0,0.0,0.0,0.0,0.0,0.0,0.0,0.0,0.0,0.0,0.0,0.0,0.0,0.0,0.0,0.0,0.0,0.0,0.0,0.0,0.0,0.0,0.0,0.0,0.0,0.0,0.0,0.0,0.0,0.0,0.0,0.0,0.0,0.0,0.0",5.0,51325.1328125,980541.1875,8684.2509765625,110734.78955078125,21.14404296875
1791364839.7172768,individual_n32_vmnos8_r2:confirmation,4.1,"13.5,11.4,16.5,4.9,7.5,7.0,8.2,17.3,16.5,17.7,21.9,19.5,8.7,13.7,17.5,12.9,16.3,14.9,10.4,25.0,13.0,17.9,4.8,12.4,11.0,18.3,8.3,8.2,21.3,18.5,6.3,5.3,0.0,0.0,7.4,3.2,4.8,4.3,14.6,7.0,15.7,9.5,10.2,7.1,17.3,10.3,14.0,13.1,8.2,13.4,22.2,4.9,11.2,8.8,13.9,14.2,11.2,13.0,9.2,6.5,9.7,15.0,14.4,8.6,18.5,15.8,14.7,17.6,0.0,0.0,0.0,0.0,0.0,0.0,0.0,0.0,0.0,0.0,0.0,0.0,0.0,0.0,0.0,0.0,0.5,0.0,0.0,0.0,0.0,0.0,0.0,0.0,0.0,0.0,0.0,0.0,0.0,0.0,64.4,34.9,65.8,99.5,0.0,0.0,0.0,0.0,0.0,0.0,0.0,0.0,0.0,0.0,0.0,0.0,0.0,0.0,0.0,0.0,0.0,0.0,0.0,0.0,0.0,0.0,0.0,0.0,0.0,0.0,0.0,0.0,0.0,0.0,0.0,0.0,0.0,0.0,0.0,0.0,0.0,0.0,0.0,0.0,0.0,0.0,0.0,0.0,0.0,0.0,0.0,0.0,0.0,0.0,0.0,0.0,0.0,0.0,0.0,0.0,0.0,0.0,0.0,0.0,0.0,0.0,0.0,0.0,0.0,0.0,0.0,0.0,0.0,0.0,0.0,0.0,0.0,0.0,0.0,0.0,0.0,0.0,0.0,0.0,0.0,0.0,0.0,0.0,0.0,0.0,0.0,0.0,0.0,0.0,0.0,0.0,0.0,0.0,0.0,0.0,0.0,0.0,0.0,0.0,0.0,0.0,0.0,0.0,0.0,0.0,0.0,0.0,0.0,0.0,0.0,0.0,0.0,0.0,0.0,0.0,0.0,0.0,0.0,0.0,0.0,0.0,0.0,0.0,0.0,0.0,0.0,0.0,0.0,0.0,0.0,0.0,0.0,0.0,0.0,0.0,0.0,0.0,0.0,0.0,0.0,0.0,0.0,0.0,0.0,0.0,0.0,0.0,0.0,0.0,0.0,0.0,0.0",5.0,51652.78515625,980213.53515625,8684.2509765625,110735.28955078125,20.09130859375
1791364840.9638426,individual_n32_vmnos8_r2:confirmation,5.1,"24.0,10.1,24.0,11.9,10.8,27.7,9.9,24.0,24.5,10.8,35.6,13.9,23.8,22.8,9.7,28.6,18.6,12.6,12.6,35.6,23.5,27.4,20.0,10.9,11.5,14.3,41.7,17.8,22.1,8.7,1.0,1.9,0.0,0.0,11.7,10.8,9.5,7.7,21.0,9.8,22.1,11.7,12.5,22.9,24.3,15.5,20.2,8.9,12.9,24.8,25.0,33.3,20.8,24.5,8.8,36.3,15.0,9.7,8.0,12.0,11.0,16.0,44.2,7.1,17.0,26.5,24.5,26.9,0.0,0.0,0.0,0.0,0.0,0.0,0.0,0.0,0.0,0.0,0.0,0.0,0.0,0.0,0.0,0.0,0.0,0.0,0.0,0.0,0.0,0.0,0.0,0.0,0.0,0.0,0.0,0.0,0.0,0.0,21.2,29.8,61.0,50.5,0.0,0.0,0.0,0.0,0.0,0.0,0.0,0.0,0.0,0.0,0.0,0.0,0.0,0.0,0.0,0.0,0.0,0.0,0.0,0.0,0.0,0.0,0.0,0.0,0.0,0.0,0.0,0.0,0.0,0.0,0.0,0.0,0.0,0.0,0.0,0.0,0.0,0.0,0.0,0.0,0.0,0.0,0.0,0.0,0.0,0.0,0.0,0.0,0.0,0.0,0.0,0.0,0.0,0.0,0.0,0.0,0.0,0.0,0.0,0.0,0.0,0.0,0.0,0.0,0.0,0.0,0.0,0.0,0.0,0.0,0.0,0.0,0.0,0.0,0.0,0.0,0.0,0.0,0.0,0.0,0.0,0.0,0.0,0.0,0.0,0.0,0.0,0.0,0.0,0.0,0.0,0.0,0.0,0.0,0.0,0.0,0.0,0.0,0.0,0.0,0.0,0.0,0.0,0.0,0.0,0.0,0.0,0.0,0.0,0.0,0.0,0.0,0.0,0.0,0.0,0.0,0.0,0.0,0.0,0.0,0.0,0.0,0.0,0.0,0.0,0.0,0.0,0.0,0.0,0.0,0.0,0.0,0.0,0.0,0.0,0.0,0.0,0.0,0.0,0.0,0.0,0.0,0.0,0.0,0.0,0.0,0.0,0.0,0.0,0.0,0.0,0.0,0.0",5.0,51361.41015625,980504.91015625,8684.2509765625,110735.28955078125,20.09130859375
1791364841.9953353,individual_n32_vmnos8_r2:confirmation,2.4,"7.1,7.4,6.5,7.3,4.7,8.3,6.2,9.5,19.6,4.6,3.6,17.3,6.4,5.5,5.6,6.4,7.2,22.7,2.7,4.5,2.7,8.3,4.7,5.5,3.7,3.7,9.8,8.0,12.0,6.5,5.4,4.5,0.0,0.0,9.3,5.3,2.7,4.5,7.3,8.2,1.8,5.5,4.6,4.5,2.8,0.9,2.7,2.7,10.8,6.4,0.9,1.8,0.9,0.9,1.8,11.8,16.8,4.5,8.5,11.0,10.8,1.8,3.7,3.7,0.9,3.6,0.9,0.9,0.0,0.0,0.0,0.0,0.0,0.0,0.0,0.0,0.0,0.0,0.0,0.0,0.0,0.0,0.0,0.0,0.0,0.0,0.0,0.0,0.0,0.0,0.0,0.0,0.0,0.0,0.0,0.0,0.0,0.0,12.8,51.8,99.1,90.1,0.0,0.0,0.0,0.0,0.0,0.0,0.0,0.0,0.0,0.0,0.0,0.0,0.0,0.0,0.0,0.0,0.0,0.0,0.0,0.0,0.0,0.0,0.0,0.0,0.0,0.0,0.0,0.9,0.0,0.0,0.0,0.0,0.0,0.0,0.0,0.0,0.0,0.0,0.0,0.0,0.0,0.0,0.0,0.0,0.0,0.0,0.0,0.0,0.0,0.0,0.0,0.0,0.0,0.0,0.0,0.0,0.0,0.0,0.0,0.0,0.0,0.0,0.0,0.0,0.0,0.0,0.0,0.0,0.0,0.0,0.0,0.0,0.0,0.0,0.0,0.0,0.0,0.0,0.0,0.0,0.0,0.0,0.0,0.0,0.0,0.0,0.0,0.0,0.0,0.0,0.0,0.0,0.0,0.0,0.0,0.0,0.0,0.0,0.0,0.0,0.0,0.0,0.0,0.0,0.0,0.0,0.0,0.0,0.0,0.0,0.0,0.0,0.0,0.0,0.0,0.0,0.0,0.0,0.0,0.0,0.0,0.0,0.0,0.0,0.0,0.0,0.0,0.0,0.0,0.0,0.0,0.0,0.0,0.0,0.0,0.0,0.0,0.0,0.0,0.0,0.0,0.0,0.0,0.0,0.0,0.0,0.0,0.0,0.0,0.0,0.0,0.0,0.0",5.1,52134.46875,979731.8515625,8684.2509765625,110738.29736328125,20.09130859375
1791364843.138817,individual_n32_vmnos8_r2:confirmation,5.2,"9.2,27.0,22.3,7.8,24.5,23.5,19.8,9.7,27.9,6.9,13.5,11.8,6.9,34.6,7.9,15.0,38.5,6.8,8.8,26.7,19.6,16.5,12.6,27.5,8.0,10.5,20.6,25.0,46.2,12.7,3.8,4.7,0.0,0.0,11.7,7.7,6.8,5.9,22.3,27.7,4.9,7.1,6.9,20.4,10.3,2.9,7.9,21.4,13.7,29.0,7.1,10.1,18.3,23.8,9.7,28.8,21.2,3.8,16.0,17.1,11.7,28.0,21.7,18.4,29.7,21.0,22.5,27.5,0.0,0.0,0.0,0.0,0.0,0.0,0.0,0.0,0.0,0.0,0.0,0.0,0.0,0.0,0.0,0.0,2.0,0.0,0.0,0.0,0.0,0.0,0.0,0.0,0.0,0.0,0.0,0.0,0.0,0.0,51.9,66.0,79.4,26.2,0.0,0.0,0.0,0.0,0.0,0.0,0.0,0.0,0.0,0.0,0.0,0.0,0.0,0.0,0.0,0.0,0.0,0.0,0.0,0.0,0.0,0.0,0.0,0.0,0.0,0.0,0.0,0.0,0.0,0.0,0.0,0.0,0.0,0.0,0.0,0.0,0.0,0.0,0.0,0.0,0.0,0.0,0.0,0.0,0.0,0.0,0.0,0.0,0.0,0.0,0.0,0.0,0.0,0.0,0.0,0.0,0.0,0.0,0.0,0.0,0.0,0.0,0.0,0.0,0.0,0.0,0.0,0.0,0.0,0.0,0.0,0.0,0.0,0.0,0.0,0.0,0.0,0.0,0.0,0.0,0.0,0.0,0.0,0.0,0.0,0.0,0.0,0.0,0.0,0.0,0.0,0.0,0.0,0.0,0.0,0.0,0.0,0.0,0.0,0.0,0.0,0.0,0.0,0.0,0.0,0.0,0.0,0.0,0.0,0.0,0.0,0.0,0.0,0.0,0.0,0.0,0.0,0.0,0.0,0.0,0.0,0.0,0.0,0.0,0.0,0.0,0.0,0.0,0.0,0.0,0.0,0.0,0.0,0.0,0.0,0.0,0.0,0.0,0.0,0.0,0.0,0.0,0.0,0.0,0.0,0.0,0.0,0.0,0.0,0.0,0.0,0.0,0.0",5.0,51370.28515625,980496.03515625,8684.2509765625,110738.29736328125,20.09130859375
1791364844.2393873,individual_n32_vmnos8_r2:confirmation,2.4,"6.7,0.9,5.3,1.8,14.9,3.7,14.3,18.0,4.3,11.2,9.4,5.4,7.2,28.9,10.0,6.2,8.7,10.3,6.3,15.7,9.6,13.0,16.1,6.2,7.1,6.4,7.1,19.1,7.0,6.1,0.0,0.0,0.0,0.0,4.3,2.6,1.7,0.9,12.1,4.3,1.7,2.5,11.2,5.2,6.8,0.0,1.8,2.6,5.3,5.3,6.1,8.8,6.3,2.6,4.4,17.5,1.7,8.7,2.6,6.0,17.9,7.8,1.7,0.9,7.9,2.6,13.8,5.3,0.0,0.0,0.0,0.0,0.0,0.0,0.0,0.0,0.0,0.0,0.0,0.0,0.0,0.0,0.0,0.0,0.9,0.0,0.0,0.0,0.0,0.0,0.0,0.0,0.0,0.0,0.0,0.0,0.0,0.0,59.1,62.3,36.8,34.8,0.0,0.0,0.0,0.0,0.0,0.0,0.0,0.0,0.0,0.0,0.0,0.0,0.0,0.0,0.0,0.0,0.0,0.0,0.0,0.0,0.0,0.0,0.0,0.0,0.0,0.0,0.0,0.0,0.0,0.0,0.0,0.0,0.0,0.0,0.0,0.0,0.0,0.0,0.0,0.0,0.0,0.0,0.0,0.0,0.0,0.0,0.0,0.0,0.0,0.0,0.0,0.0,0.0,0.9,0.0,0.0,0.0,0.0,0.0,0.0,0.0,0.0,0.0,0.0,0.0,0.0,0.0,0.0,0.0,0.0,0.0,0.0,0.0,0.0,0.0,0.0,0.0,0.0,0.0,0.0,0.0,0.0,0.0,0.0,0.0,0.0,0.0,0.0,0.0,0.0,0.0,0.0,0.0,0.0,0.0,0.0,0.0,0.0,0.0,0.0,0.0,0.0,0.0,0.0,0.0,0.0,0.0,0.0,0.0,0.0,0.0,0.0,0.0,0.0,0.0,0.0,0.0,0.0,0.0,0.0,0.0,0.0,0.0,0.0,0.0,0.0,0.0,0.0,0.0,0.0,0.0,0.0,0.0,0.0,0.0,0.0,0.0,0.0,0.0,0.0,0.0,0.0,0.0,0.0,0.0,0.0,0.0,0.0,0.0,0.0,0.0,0.0,0.0",5.0,51482.62109375,980383.69921875,8684.2509765625,110738.50439453125,20.09130859375
1791364845.3474686,individual_n32_vmnos8_r2:confirmation,6.4,"54.7,3.1,5.2,19.2,7.8,6.0,6.1,19.8,7.9,21.4,50.0,18.2,8.2,7.0,15.2,3.1,63.0,23.2,48.0,56.4,19.0,5.2,10.9,63.6,15.3,10.5,13.3,12.1,17.2,13.3,0.0,0.0,0.0,0.0,7.8,13.1,2.0,3.0,12.6,53.5,4.0,6.0,14.7,21.6,47.1,60.8,5.0,13.9,53.4,46.1,2.0,12.0,4.0,3.0,3.0,43.0,49.0,53.0,2.0,66.0,6.9,9.0,15.8,15.8,29.3,19.4,14.6,10.1,0.0,0.0,0.0,0.0,0.0,0.0,0.0,0.0,0.0,0.0,0.0,0.0,0.0,0.0,0.0,0.0,3.0,0.0,0.0,0.0,0.0,0.0,0.0,0.0,0.0,0.0,0.0,0.0,0.0,0.0,95.0,16.8,99.0,52.0,0.0,0.0,0.0,0.0,0.0,0.0,0.0,0.0,0.0,0.0,0.0,0.0,0.0,0.0,0.0,0.0,0.0,0.0,0.0,0.0,0.0,0.0,0.0,0.0,0.0,0.0,0.0,0.0,0.0,0.0,0.0,0.0,0.0,0.0,0.0,0.0,0.0,0.0,0.0,0.0,0.0,0.0,0.0,0.0,0.0,0.0,0.0,0.0,0.0,0.0,0.0,1.0,0.0,0.0,0.0,0.0,0.0,0.0,0.0,0.0,0.0,0.0,0.0,0.0,0.0,0.0,0.0,0.0,0.0,0.0,0.0,0.0,0.0,0.0,0.0,0.0,0.0,0.0,0.0,0.0,0.0,0.0,0.0,0.0,0.0,0.0,0.0,0.0,0.0,0.0,0.0,0.0,0.0,0.0,0.0,0.0,0.0,0.0,0.0,0.0,0.0,0.0,0.0,0.0,0.0,0.0,0.0,0.0,0.0,0.0,0.0,0.0,0.0,0.0,0.0,0.0,0.0,0.0,0.0,0.0,0.0,0.0,0.0,0.0,0.0,0.0,0.0,0.0,0.0,0.0,0.0,0.0,0.0,0.0,0.0,0.0,0.0,0.0,0.0,0.0,0.0,0.0,0.0,0.0,0.0,0.0,0.0,0.0,0.0,0.0,0.0,0.0,0.0",5.1,52275.80859375,979590.51171875,8684.2509765625,110738.50439453125,23.12744140625
1791364846.369409,individual_n32_vmnos8_r2:confirmation,3.3,"6.8,1.0,5.0,4.9,1.0,14.1,1.0,14.9,4.0,5.1,3.0,3.0,15.0,5.9,5.0,5.0,6.1,4.9,2.0,5.0,2.0,3.0,15.5,12.5,12.6,13.1,10.2,13.0,10.2,8.4,9.8,9.0,0.0,0.0,6.1,26.3,7.2,6.1,14.1,11.3,3.1,21.2,18.6,10.1,4.1,10.3,8.0,5.0,8.1,9.0,2.0,7.1,16.8,3.0,1.0,31.3,4.0,2.0,4.0,7.0,5.0,1.0,14.9,7.1,3.0,25.5,15.8,4.0,0.0,0.0,0.0,0.0,0.0,0.0,0.0,0.0,0.0,0.0,0.0,0.0,0.0,0.0,0.0,0.0,1.0,0.0,0.0,0.0,0.0,0.0,0.0,0.0,0.0,0.0,0.0,0.0,0.0,0.0,67.7,47.5,94.1,99.0,0.0,0.0,0.0,0.0,0.0,0.0,0.0,0.0,0.0,0.0,0.0,0.0,0.0,0.0,0.0,0.0,0.0,0.0,0.0,0.0,0.0,0.0,0.0,0.0,0.0,0.0,0.0,0.0,0.0,0.0,0.0,0.0,0.0,0.0,0.0,0.0,0.0,0.0,0.0,0.0,0.0,0.0,0.0,0.0,0.0,0.0,0.0,0.0,0.0,0.0,0.0,0.0,0.0,0.0,0.0,0.0,0.0,0.0,0.0,0.0,0.0,0.0,0.0,0.0,0.0,0.0,0.0,0.0,0.0,0.0,0.0,0.0,0.0,0.0,0.0,0.0,0.0,0.0,0.0,0.0,0.0,0.0,0.0,0.0,0.0,0.0,0.0,0.0,0.0,0.0,0.0,0.0,0.0,0.0,0.0,0.0,0.0,0.0,0.0,0.0,0.0,0.0,0.0,0.0,0.0,0.0,0.0,0.0,0.0,0.0,0.0,0.0,0.0,0.0,0.0,0.0,0.0,0.0,0.0,0.0,0.0,0.0,0.0,0.0,0.0,0.0,0.0,0.0,1.0,0.0,0.0,0.0,0.0,0.0,0.0,0.0,0.0,0.0,0.0,0.0,0.0,0.0,0.0,0.0,0.0,0.0,0.0,0.0,0.0,0.0,0.0,0.0,0.0",5.1,52288.4375,979577.8828125,8684.2509765625,110740.78564453125,23.12744140625
1791364847.4016292,individual_n32_vmnos8_r2:confirmation,3.9,"5.0,17.2,5.3,3.8,17.0,16.4,3.8,6.1,11.4,7.8,17.6,5.4,12.2,10.7,10.9,16.0,8.7,16.7,2.4,8.3,3.8,18.7,7.5,18.2,21.3,9.9,9.2,5.4,6.9,10.1,0.0,0.0,0.0,0.0,4.6,2.3,6.1,5.4,10.0,23.3,8.3,3.1,5.3,12.8,24.6,3.0,11.4,6.2,23.5,14.3,3.9,20.3,14.4,16.0,9.9,17.4,13.1,10.6,14.9,24.8,11.2,6.2,6.0,12.0,16.7,8.3,15.2,36.9,0.0,0.0,0.0,0.0,0.0,0.0,0.0,0.0,0.0,0.0,0.0,0.0,0.0,0.0,0.0,0.0,2.2,0.0,0.0,0.0,0.0,0.0,0.0,0.0,0.0,0.0,0.0,0.0,0.0,0.0,43.5,82.2,77.4,65.7,0.0,0.0,0.0,0.0,0.0,0.0,0.0,0.0,0.0,0.0,0.0,0.0,0.0,0.0,0.0,0.0,0.0,0.0,0.0,0.0,0.0,0.0,0.0,0.0,0.0,0.0,0.0,0.0,0.0,0.0,0.0,0.0,0.0,0.0,0.0,0.0,0.0,0.0,0.0,0.0,0.0,0.0,0.0,0.0,0.0,0.0,0.0,0.0,0.0,0.0,0.0,0.0,0.0,0.0,0.0,0.0,0.0,0.0,0.0,0.0,0.0,0.0,0.0,0.0,0.0,0.0,0.0,0.0,0.0,0.0,0.0,0.0,0.0,0.0,0.0,0.0,0.0,0.0,0.0,0.0,0.0,0.0,0.0,0.0,0.0,0.0,0.0,0.0,0.0,0.0,0.0,0.0,0.0,0.0,0.0,0.0,0.0,0.0,0.0,0.0,0.0,0.0,0.0,0.0,0.0,0.0,0.0,0.0,0.0,0.0,0.0,0.0,0.0,0.0,0.0,0.0,0.0,0.0,0.0,0.0,0.0,0.0,0.0,0.0,0.0,0.0,0.0,0.0,0.0,0.0,0.0,0.0,0.0,0.0,0.0,0.0,0.0,0.0,0.0,0.0,0.0,0.0,0.0,0.0,0.0,0.0,0.0,0.0,0.0,0.0,0.0,0.0,0.0",5.0,51632.3359375,980233.984375,8684.2509765625,110740.78564453125,23.12744140625
1791364848.9824638,individual_n32_vmnos8_r2:confirmation,4.4,"7.7,14.7,21.8,11.0,22.9,16.4,5.3,6.5,9.0,9.7,26.0,11.8,18.3,12.0,17.3,24.2,21.4,6.5,5.2,17.8,15.1,9.9,21.7,18.5,23.0,16.7,18.4,7.3,5.3,13.5,1.3,6.4,1.3,1.3,12.6,10.4,15.9,7.7,17.5,22.4,15.1,7.2,6.6,3.4,16.6,6.0,17.3,14.4,19.0,8.6,6.0,9.1,3.9,27.5,5.2,11.9,9.4,3.9,4.6,45.8,12.7,7.3,27.6,7.2,9.9,22.4,16.1,17.8,0.0,0.0,0.0,0.0,0.0,0.0,0.0,0.0,0.0,0.0,0.0,0.0,0.0,0.0,0.0,0.0,0.7,0.0,0.0,0.0,0.0,0.0,0.0,0.0,0.0,0.0,0.0,0.0,0.0,0.0,73.4,50.0,8.5,49.0,0.0,0.0,0.0,0.0,0.0,0.0,0.0,0.0,0.0,0.0,0.0,0.0,0.0,0.0,0.0,0.0,0.0,0.0,0.0,0.0,0.0,0.0,0.0,0.0,0.0,0.0,0.0,0.0,0.0,0.0,0.0,0.0,0.0,0.0,0.0,0.0,0.0,0.0,0.0,0.0,0.0,0.0,0.0,0.0,0.0,0.0,0.0,0.0,0.0,0.0,0.0,0.0,0.0,0.0,0.0,0.0,0.0,0.0,0.0,0.0,0.0,0.0,0.0,0.0,0.0,0.0,0.0,0.0,0.0,0.0,0.0,0.0,0.0,0.0,0.0,0.0,0.0,0.0,0.0,0.0,0.0,0.0,0.0,0.0,0.0,0.0,0.0,0.0,0.0,0.0,0.0,0.0,0.0,0.0,0.0,0.0,0.0,0.0,0.0,0.0,0.0,0.0,0.0,0.0,0.0,0.0,0.0,0.0,0.0,0.0,0.0,0.0,0.0,0.0,0.0,0.0,0.0,0.0,0.0,0.0,0.0,0.0,0.0,0.0,0.0,0.0,0.0,0.0,0.0,0.0,0.0,0.0,0.0,0.0,0.0,0.0,0.0,0.0,0.0,0.0,0.0,0.0,0.0,0.0,0.0,0.0,0.0,0.0,0.0,0.0,0.0,0.0,0.0",5.0,51567.921875,980298.3984375,8684.2509765625,110741.23095703125,23.12744140625
1791364850.635647,individual_n32_vmnos8_r2:confirmation,3.1,"5.0,3.1,3.0,14.0,18.3,15.7,8.6,9.0,3.0,3.8,18.5,16.2,22.0,3.0,6.1,17.6,21.4,14.4,12.1,14.2,16.3,11.0,18.8,7.5,23.0,11.4,4.4,6.8,9.9,9.1,0.0,0.7,0.0,0.7,19.7,23.5,9.8,6.1,8.3,8.3,6.7,5.3,4.4,18.5,22.1,14.4,6.0,6.7,21.3,4.5,4.4,3.1,11.2,1.5,15.7,3.7,19.1,6.8,4.6,17.9,10.4,2.3,5.2,14.3,23.9,15.9,9.6,8.3,0.0,0.0,0.0,0.0,0.0,0.0,0.0,0.0,0.0,0.0,0.0,0.0,0.0,0.7,0.0,0.0,0.0,0.0,0.0,0.0,0.0,0.0,0.0,0.0,0.0,0.0,0.0,0.0,0.0,0.0,54.8,24.6,47.4,20.1,0.0,0.0,0.0,0.0,0.0,0.0,0.0,0.0,0.0,0.0,0.0,0.0,0.0,0.0,0.0,0.0,0.0,0.0,0.0,0.0,0.0,0.0,0.0,0.0,0.0,0.0,0.0,0.0,0.0,0.0,0.0,0.0,0.0,0.0,0.0,0.0,0.0,0.0,0.0,0.0,0.0,0.0,0.0,0.0,0.0,0.0,0.0,0.0,0.0,0.0,0.0,0.0,0.0,0.0,0.0,0.0,0.0,0.0,0.0,0.0,0.0,0.0,0.0,0.0,0.0,0.0,0.0,0.0,0.0,0.7,0.0,0.0,0.0,0.0,0.0,0.0,0.0,0.0,0.0,0.0,0.0,0.0,0.0,0.0,0.0,0.0,0.0,0.0,0.0,0.0,0.0,0.0,0.0,0.0,0.0,0.0,0.0,0.0,0.0,0.0,0.0,0.0,0.0,0.0,0.0,0.0,0.0,0.0,0.0,0.0,0.0,0.0,0.0,0.0,0.0,0.0,0.0,0.0,0.0,0.0,0.0,0.0,0.0,0.0,0.0,0.0,0.0,0.0,0.0,0.0,0.0,0.0,0.0,0.0,0.0,0.0,0.0,0.0,0.0,0.0,0.0,0.0,0.0,0.0,0.0,0.0,0.0,0.0,0.0,0.0,0.0,0.0,0.0",5.0,51512.6015625,980353.71875,8684.2509765625,110741.23095703125,21.515625
1791364851.9471424,individual_n32_vmnos8_r2:confirmation,3.1,"5.5,6.3,4.0,10.2,11.7,6.4,5.6,10.3,5.4,10.9,3.1,18.8,14.1,5.5,10.5,3.9,13.4,5.4,7.8,3.9,3.1,5.6,8.7,6.5,14.1,8.7,10.3,5.6,7.1,4.8,0.8,0.8,0.0,1.5,2.4,7.1,10.9,5.5,8.7,11.5,8.7,5.6,11.7,9.4,9.4,18.6,9.2,8.6,15.1,11.8,5.6,10.3,15.1,11.1,6.3,4.7,8.0,2.3,11.0,7.9,10.2,5.6,4.7,12.6,11.1,5.6,10.2,7.0,0.8,0.0,0.0,0.0,0.0,0.0,0.0,0.0,0.0,0.0,0.0,0.0,0.0,0.0,0.0,0.0,0.8,0.0,0.0,0.0,0.0,0.0,0.0,0.0,0.0,0.0,0.0,0.0,0.0,0.0,47.2,32.6,58.1,100.0,0.0,0.0,0.0,0.0,0.0,0.0,0.0,0.0,0.0,0.0,0.0,0.0,0.0,0.0,0.0,0.0,0.0,0.0,0.0,0.0,0.0,0.0,0.0,0.0,0.0,0.0,0.0,0.0,0.0,0.0,0.0,0.0,0.0,0.0,0.0,0.0,0.0,0.0,0.0,0.0,0.0,0.0,0.0,0.0,0.0,0.0,0.0,0.0,0.0,0.0,0.0,0.0,0.0,0.0,0.0,0.0,0.0,0.0,0.0,0.0,0.0,0.0,0.0,0.0,0.0,0.0,0.0,0.0,0.0,0.0,0.0,0.0,0.0,0.0,0.0,0.0,0.0,0.0,0.0,0.0,0.0,0.0,0.0,0.0,0.0,0.0,0.0,0.0,0.0,0.0,0.0,0.0,0.0,0.0,0.0,0.0,0.0,0.0,0.0,0.0,0.0,0.0,0.0,0.0,0.0,0.0,0.0,0.0,0.0,0.0,0.0,0.0,0.0,0.0,0.0,0.0,0.0,0.0,0.0,0.0,0.0,0.0,0.0,0.0,0.0,0.0,0.0,0.0,0.0,0.0,0.0,0.0,0.0,0.0,0.0,0.0,0.0,0.0,0.0,0.0,0.0,0.0,0.0,0.0,0.0,0.0,0.0,0.0,0.0,0.0,0.0,0.0,0.0",5.1,52445.1171875,979421.203125,8684.2509765625,110744.18017578125,21.515625
1791364852.9700196,individual_n32_vmnos8_r2:confirmation,5.2,"23.9,9.0,7.8,5.9,17.2,19.4,31.0,19.4,10.4,8.2,9.9,22.0,26.3,24.2,27.5,18.4,36.4,19.6,25.3,14.3,8.2,7.1,10.1,8.3,7.9,27.6,11.3,9.1,13.3,17.0,4.9,5.9,0.0,10.9,20.0,6.9,32.7,6.9,20.0,8.0,8.9,21.0,12.1,7.1,10.8,38.2,17.2,9.0,4.0,40.2,5.9,19.2,16.3,38.0,10.4,13.3,21.9,8.9,8.0,9.0,18.6,10.0,23.0,9.2,38.4,17.5,22.2,23.8,0.0,0.0,0.0,0.0,0.0,0.0,0.0,0.0,0.0,0.0,0.0,0.0,0.0,0.0,0.0,0.0,1.0,0.0,0.0,0.0,0.0,0.0,0.0,0.0,0.0,0.0,0.0,0.0,0.0,0.0,18.6,95.0,55.9,87.1,0.0,0.0,0.0,0.0,0.0,0.0,0.0,0.0,0.0,0.0,0.0,0.0,0.0,0.0,0.0,0.0,0.0,0.0,0.0,0.0,0.0,0.0,0.0,0.0,0.0,0.0,0.0,0.0,0.0,0.0,0.0,0.0,0.0,0.0,0.0,0.0,0.0,0.0,0.0,0.0,0.0,0.0,0.0,0.0,0.0,0.0,0.0,0.0,0.0,0.0,0.0,0.0,0.0,0.0,0.0,0.0,0.0,0.0,0.0,0.0,0.0,0.0,0.0,0.0,0.0,0.0,0.0,0.0,0.0,0.0,0.0,0.0,0.0,0.0,0.0,0.0,0.0,0.0,0.0,0.0,0.0,0.0,0.0,0.0,0.0,0.0,0.0,0.0,0.0,0.0,0.0,0.0,0.0,0.0,0.0,0.0,0.0,0.0,0.0,0.0,0.0,0.0,0.0,0.0,0.0,0.0,0.0,0.0,0.0,0.0,0.0,0.0,0.0,0.0,0.0,0.0,0.0,0.0,0.0,0.0,0.0,0.0,0.0,0.0,0.0,0.0,0.0,0.0,0.0,0.0,0.0,0.0,0.0,0.0,0.0,0.0,0.0,0.0,0.0,0.0,0.0,0.0,0.0,0.0,0.0,0.0,0.0,0.0,0.0,0.0,0.0,0.0,0.0",5.0,51551.890625,980314.4296875,8684.2509765625,110744.18017578125,21.515625
1791364854.0063834,individual_n32_vmnos8_r2:confirmation,2.0,"6.7,6.1,6.0,0.0,1.9,5.0,5.9,3.9,7.9,7.1,6.1,14.1,7.9,2.0,3.0,4.9,3.9,6.9,0.0,1.9,2.9,3.9,5.0,7.8,1.9,4.9,5.8,7.8,2.0,3.0,0.0,0.0,0.0,0.0,2.9,1.9,2.9,0.0,2.9,0.0,1.0,2.0,3.8,3.8,6.8,4.9,16.8,0.0,1.9,4.9,1.0,9.7,13.0,3.8,3.9,4.9,1.0,1.0,2.9,1.9,1.0,2.9,2.0,1.0,1.9,4.0,0.0,1.0,0.0,0.0,0.0,0.0,0.0,0.0,0.0,0.0,0.0,0.0,0.0,0.0,0.0,0.0,0.0,0.0,1.0,0.0,0.0,0.0,0.0,0.0,0.0,0.0,0.0,0.0,0.0,0.0,0.0,0.0,77.9,51.9,95.2,31.3,0.0,0.0,0.0,0.0,0.0,0.0,0.0,0.0,0.0,0.0,0.0,0.0,0.0,0.0,0.0,0.0,0.0,0.0,0.0,0.0,0.0,0.0,0.0,0.0,0.0,0.0,0.0,0.0,0.0,0.0,0.0,0.0,0.0,0.0,0.0,0.0,0.0,1.0,1.0,0.0,0.0,0.0,0.0,0.0,0.0,0.0,0.0,0.0,0.0,0.0,0.0,0.0,0.0,0.0,0.0,0.0,0.0,0.0,0.0,0.0,0.0,0.0,0.0,0.0,0.0,0.0,0.0,0.0,0.0,0.0,0.0,0.0,0.0,0.0,0.0,0.0,0.0,0.0,0.0,0.0,0.0,0.0,0.0,0.0,0.0,0.0,0.0,0.0,0.0,0.0,0.0,0.0,0.0,0.0,0.0,0.0,0.0,0.0,0.0,0.0,0.0,0.0,0.0,0.0,0.0,0.0,0.0,0.0,0.0,0.0,0.0,0.0,0.0,0.0,0.0,0.0,0.0,0.0,0.0,0.0,0.0,0.0,0.0,0.0,0.0,0.0,0.0,0.0,0.0,0.0,0.0,0.0,0.0,0.0,0.0,0.0,0.0,0.0,0.0,0.0,0.0,0.0,0.0,0.0,0.0,0.0,0.0,0.0,0.0,0.0,0.0,0.0,0.0",5.1,52141.13671875,979725.18359375,8684.2509765625,110744.18017578125,21.515625
1791364855.0458813,individual_n32_vmnos8_r2:confirmation,4.9,"21.1,9.8,6.9,25.7,12.5,13.9,16.7,21.7,33.0,5.0,17.0,7.9,9.9,6.7,29.1,18.2,45.2,14.0,8.7,22.8,24.3,25.7,5.9,35.3,27.7,19.4,12.4,45.6,18.4,18.8,0.0,1.0,0.0,0.0,4.0,3.8,6.9,7.9,20.2,17.8,19.4,22.3,6.9,11.8,27.0,5.1,23.5,21.6,8.9,25.5,6.9,23.8,11.8,24.5,24.5,18.6,4.0,17.0,19.8,5.0,6.7,13.0,30.1,3.0,32.4,18.2,14.0,17.8,0.0,0.0,0.0,0.0,0.0,0.0,0.0,0.0,0.0,0.0,0.0,0.0,0.0,0.0,0.0,0.0,3.2,0.0,0.0,0.0,0.0,0.0,0.0,0.0,0.0,0.0,0.0,0.0,0.0,0.0,43.7,68.0,3.8,46.7,0.0,0.0,0.0,0.0,0.0,0.0,0.0,0.0,0.0,0.0,0.0,0.0,0.0,0.0,0.0,0.0,0.0,0.0,0.0,0.0,0.0,0.0,0.0,0.0,0.0,0.0,0.0,0.0,0.0,0.0,0.0,0.0,0.0,0.0,0.0,0.0,0.0,0.0,0.0,0.0,0.0,0.0,0.0,0.0,0.0,0.0,0.0,0.0,0.0,0.0,0.0,0.0,0.0,1.0,0.0,0.0,0.0,0.0,0.0,0.0,0.0,0.0,0.0,0.0,0.0,0.0,0.0,0.0,0.0,0.0,0.0,0.0,0.0,0.0,0.0,0.0,0.0,0.0,0.0,0.0,0.0,0.0,0.0,0.0,0.0,0.0,0.0,0.0,0.0,0.0,0.0,0.0,0.0,0.0,0.0,0.0,0.0,0.0,0.0,0.0,0.0,0.0,0.0,0.0,0.0,0.0,0.0,0.0,0.0,0.0,0.0,0.0,0.0,0.0,0.0,0.0,0.0,0.0,0.0,0.0,0.0,0.0,0.0,0.0,0.0,0.0,0.0,0.0,0.0,0.0,0.0,0.0,0.0,0.0,0.0,0.0,0.0,0.0,0.0,0.0,0.0,0.0,0.0,0.0,0.0,0.0,0.0,0.0,0.0,0.0,0.0,0.0,0.0",5.0,51501.53125,980364.7890625,8684.2509765625,110744.40673828125,23.236328125
1791364856.315915,individual_n32_vmnos8_r2:confirmation,1.9,"2.8,4.1,3.2,2.4,7.9,2.4,0.8,1.6,0.0,1.6,4.0,4.1,4.0,3.2,6.3,0.0,4.8,2.4,1.6,2.4,7.3,1.6,4.0,5.0,13.7,7.3,3.3,3.2,4.1,3.9,0.8,0.8,0.0,0.0,11.2,1.6,17.7,9.4,1.6,2.4,3.2,0.8,4.8,0.8,7.3,2.4,6.5,2.4,11.2,4.1,3.2,15.6,8.8,4.8,2.5,4.8,0.8,10.2,5.8,1.6,2.4,0.8,3.2,0.8,4.0,1.6,2.4,1.6,0.0,0.0,0.0,0.0,0.0,0.0,0.0,0.0,0.0,0.0,0.0,0.0,0.0,0.0,0.0,0.8,1.7,0.0,0.0,0.0,0.0,0.0,0.0,0.0,0.0,0.0,0.0,0.0,0.0,0.0,54.1,77.8,74.2,23.1,0.0,0.0,0.0,0.0,0.0,0.0,0.0,0.0,0.0,0.0,0.0,0.0,0.0,0.0,0.0,0.0,0.0,0.0,0.0,0.0,0.0,0.0,0.0,0.0,0.0,0.0,0.0,0.0,0.0,0.0,0.0,0.0,0.0,0.0,0.0,0.0,0.0,0.0,0.0,0.0,0.0,0.0,0.0,0.0,0.0,0.0,0.0,0.0,0.0,0.0,0.0,0.0,0.0,0.0,0.0,0.0,0.0,0.0,0.0,0.0,0.0,0.0,0.0,0.0,0.0,0.0,0.0,0.0,0.0,0.0,0.0,0.0,0.0,0.0,0.0,0.0,0.0,0.0,0.0,0.0,0.0,0.0,0.0,0.0,0.0,0.0,0.0,0.0,0.0,0.0,0.0,0.0,0.0,0.0,0.0,0.0,0.0,0.0,0.0,0.0,0.0,0.0,0.0,0.0,0.0,0.0,0.0,0.0,0.0,0.0,0.0,0.0,0.0,0.0,0.0,0.0,0.0,0.0,0.0,0.0,0.0,0.0,0.0,0.0,0.0,0.0,0.0,0.0,0.0,0.0,0.0,0.0,0.0,0.0,0.0,0.0,0.0,0.0,0.0,0.0,0.0,0.0,0.0,0.0,0.0,0.0,0.0,0.0,0.0,0.0,0.0,0.0,0.0",5.1,52163.84765625,979702.47265625,8684.2509765625,110744.40673828125,23.236328125
1791364857.3671355,idle,4.1,"9.5,9.0,8.7,18.8,8.8,7.7,5.8,31.1,3.8,5.0,32.0,15.5,8.0,7.0,17.1,15.4,7.9,9.7,8.0,4.9,32.0,10.5,7.8,3.0,11.1,31.7,10.1,12.1,19.6,9.1,0.0,0.0,0.0,4.8,11.2,7.1,8.2,17.8,14.0,14.4,3.0,17.8,24.8,14.7,5.8,12.5,23.3,30.1,9.9,21.2,20.8,7.8,29.6,7.0,7.8,6.9,19.4,27.2,12.7,6.0,7.9,6.0,16.5,6.1,29.4,12.4,14.6,19.2,0.0,0.0,0.0,0.0,0.0,0.0,0.0,0.0,0.0,0.0,0.0,0.0,0.0,0.0,0.0,0.0,6.9,0.9,0.0,0.0,0.0,0.0,0.0,0.0,0.0,0.0,0.0,0.0,0.0,0.0,33.7,42.3,100.0,5.7,0.0,0.0,0.0,0.0,0.0,0.0,0.0,0.0,0.0,0.0,0.0,0.0,0.0,0.0,0.0,0.0,0.0,0.0,0.0,0.0,0.0,0.0,0.0,0.0,0.0,0.0,0.0,0.0,0.0,0.0,0.0,0.0,0.0,0.0,0.0,0.0,0.0,0.0,0.0,0.0,0.0,0.0,0.0,0.0,0.0,0.0,0.0,0.0,0.0,0.0,0.0,0.0,0.0,0.0,0.0,0.0,0.0,0.0,0.0,0.0,0.0,0.0,0.0,0.0,1.0,0.0,0.0,0.0,0.0,0.0,0.0,0.0,0.0,0.0,0.0,0.0,0.0,0.0,0.0,0.0,0.0,0.0,0.0,0.0,0.0,0.0,0.0,0.0,0.0,0.0,0.0,0.0,0.0,0.0,0.0,0.0,0.0,0.0,0.0,0.0,0.0,0.0,0.0,0.0,0.0,0.0,0.0,0.0,0.0,0.0,0.0,0.0,0.0,0.0,0.0,0.0,0.0,0.0,0.0,0.0,0.0,0.0,0.0,0.0,0.0,0.0,0.0,0.0,0.0,0.0,0.0,0.0,0.0,0.0,0.0,0.0,0.0,0.0,0.0,0.0,0.0,0.9,0.0,0.0,0.0,0.0,0.0,0.0,0.0,0.0,0.0,0.0,0.0",5.0,51457.40625,980408.9140625,8684.2509765625,110746.76220703125,23.236328125
1791364858.4015057,idle,3.8,"18.5,6.3,11.1,6.1,16.0,7.1,8.1,10.8,7.9,8.0,9.0,10.9,10.9,9.9,10.7,9.0,8.0,11.9,7.4,10.9,8.9,16.2,7.9,10.0,8.1,13.0,15.0,25.0,21.9,24.5,0.0,0.0,0.0,1.0,10.7,16.0,8.8,14.0,14.4,7.0,10.8,6.9,13.6,7.8,14.9,8.9,10.0,12.1,10.7,7.8,9.7,14.9,10.1,9.7,9.9,4.0,7.9,5.0,8.9,10.1,8.0,16.2,15.4,11.9,13.9,18.4,12.9,10.1,0.0,0.0,0.0,0.0,0.0,0.0,0.0,0.0,0.0,0.0,0.0,0.0,0.0,0.0,0.0,0.0,2.0,0.0,0.0,0.0,0.0,0.0,0.0,0.0,0.0,0.0,0.0,0.0,0.0,0.0,94.2,39.2,99.0,53.5,0.0,0.0,0.0,0.0,0.0,0.0,0.0,0.0,0.0,0.0,0.0,0.0,0.0,0.0,0.0,0.0,0.0,0.0,0.0,0.0,0.0,0.0,0.0,0.0,0.0,0.0,0.0,0.0,0.0,0.0,0.0,0.0,0.0,0.0,0.0,0.0,0.0,0.0,0.0,0.0,0.0,0.0,0.0,0.0,0.0,0.0,0.0,0.0,0.0,0.0,0.0,0.0,0.0,0.0,0.0,0.0,0.0,0.0,0.0,0.0,0.0,0.0,0.0,0.0,0.0,0.0,0.0,0.0,0.0,0.0,0.0,0.0,0.0,0.0,0.0,0.0,0.0,0.0,0.0,0.0,0.0,0.0,0.0,0.0,0.0,0.0,0.0,0.0,0.0,0.0,0.0,0.0,0.0,0.0,0.0,0.0,0.0,0.0,0.0,0.0,0.0,0.0,0.0,0.0,0.0,0.0,0.0,0.0,0.0,0.0,1.0,0.0,0.0,0.0,0.0,0.0,0.0,0.0,0.0,0.0,0.0,0.0,0.0,0.0,0.0,0.0,0.0,0.0,0.0,0.0,0.0,0.0,0.0,0.0,0.0,0.0,0.0,0.0,0.0,0.0,0.0,0.0,0.0,0.0,0.0,0.0,0.0,0.0,0.0,0.0,0.0,0.0,0.0",5.0,51691.6953125,980174.625,8684.2509765625,110746.76220703125,23.236328125
1791364859.4337091,idle,2.3,"13.3,7.9,4.9,4.0,2.0,4.0,3.0,4.9,0.0,6.9,0.0,1.0,1.0,18.6,5.0,5.9,2.0,3.0,2.0,3.0,10.1,10.0,8.0,3.1,24.3,3.9,2.0,5.1,5.0,1.9,6.8,0.0,4.9,5.8,5.0,2.9,2.0,7.0,4.9,3.9,9.8,3.9,11.9,16.0,0.0,1.0,9.0,2.9,3.0,3.0,7.9,5.9,1.0,1.0,2.0,3.0,4.0,8.1,3.0,11.2,2.0,3.0,3.0,2.0,3.0,1.0,5.9,1.0,0.0,0.0,0.0,0.0,0.0,0.0,0.0,0.0,0.0,0.0,0.0,0.0,0.0,0.0,0.0,0.0,1.0,0.0,0.0,0.0,0.0,0.0,0.0,0.0,0.0,0.0,0.0,0.0,0.0,0.0,19.6,78.2,34.0,83.2,0.0,0.0,0.0,0.0,0.0,0.0,0.0,0.0,0.0,0.0,0.0,0.0,0.0,0.0,0.0,0.0,0.0,0.0,0.0,0.0,0.0,0.0,0.0,0.0,0.0,0.0,0.0,0.0,0.0,0.0,0.0,0.0,0.0,0.0,0.0,0.0,0.0,0.0,0.0,0.0,0.0,0.0,0.0,0.0,0.0,0.0,0.0,0.0,0.0,0.0,0.0,0.0,0.0,0.0,0.0,0.0,0.0,0.0,0.0,0.0,0.0,0.0,0.0,0.0,0.0,0.0,0.0,0.0,0.0,0.0,0.0,0.0,0.0,0.0,0.0,0.0,0.0,0.0,0.0,0.0,0.0,0.0,0.0,0.0,0.0,0.0,0.0,0.0,0.0,0.0,0.0,0.0,0.0,0.0,0.0,0.0,0.0,0.0,0.0,0.0,0.0,0.0,0.0,0.0,0.0,0.0,0.0,0.0,0.0,0.0,0.0,0.0,0.0,0.0,0.0,0.0,0.0,0.0,0.0,0.0,0.0,0.0,0.0,0.0,0.0,0.0,0.0,0.0,0.0,0.0,0.0,0.0,0.0,0.0,0.0,0.0,0.0,0.0,0.0,0.0,0.0,0.0,0.0,0.0,0.0,0.0,0.0,0.0,0.0,0.0,0.0,0.0,0.0",5.0,51834.75,980031.5703125,8684.2509765625,110747.19970703125,23.236328125
1791364860.4708488,idle,3.7,"24.2,12.5,16.2,14.1,12.1,14.3,10.4,10.3,7.1,9.9,4.1,4.0,12.1,8.0,11.1,17.2,11.9,7.0,8.1,12.0,13.6,11.8,19.6,11.9,12.1,5.0,19.4,10.2,19.6,24.0,1.0,0.0,0.0,0.0,20.8,10.8,8.0,12.0,13.8,8.0,10.0,14.1,21.0,13.3,10.0,10.9,10.9,9.8,9.9,13.1,11.1,15.6,9.2,8.0,11.5,11.8,4.0,9.7,5.1,13.1,9.9,15.0,6.9,11.9,18.4,13.0,17.0,11.1,0.0,0.0,0.0,0.0,0.0,0.0,0.0,0.0,0.0,0.0,0.0,0.0,0.0,0.0,0.0,0.0,2.0,0.0,0.0,0.0,0.0,0.0,0.0,0.0,0.0,0.0,0.0,0.0,0.0,0.0,46.6,87.5,1.9,72.4,0.0,0.0,0.0,0.0,0.0,0.0,0.0,0.0,0.0,0.0,0.0,0.0,0.0,0.0,0.0,0.0,0.0,0.0,0.0,0.0,0.0,0.0,0.0,0.0,0.0,0.0,0.0,0.0,0.0,0.0,0.0,0.0,0.0,0.0,0.0,0.0,0.0,0.0,0.0,0.0,0.0,0.0,0.0,0.0,0.0,0.0,0.0,0.0,0.0,0.0,0.0,0.0,0.0,0.0,0.0,0.0,0.0,0.0,0.0,0.0,0.0,0.0,0.0,0.0,0.0,0.0,0.0,0.0,0.0,0.0,0.0,0.0,0.0,0.0,0.0,0.0,0.0,0.0,0.0,0.0,0.0,0.0,0.0,0.0,0.0,0.0,0.0,0.0,0.0,0.0,0.0,0.0,0.0,0.0,0.0,0.0,0.0,0.0,0.0,0.0,0.0,0.0,0.0,0.0,0.0,0.0,0.0,0.0,0.0,0.0,0.0,0.0,0.0,0.0,0.0,0.0,0.0,0.0,0.0,0.0,0.0,0.0,0.0,0.0,0.0,0.0,0.0,0.0,0.0,0.0,0.0,0.0,0.0,0.0,0.0,0.0,0.0,0.0,0.0,0.0,0.0,0.0,0.0,0.0,0.0,0.0,0.0,0.0,0.0,0.0,0.0,0.0,0.0",5.1,52223.47265625,979642.84765625,8684.2509765625,110747.19970703125,22.17626953125
1791364861.5122824,idle,2.5,"23.7,13.4,7.0,8.7,7.8,9.1,10.0,3.0,3.0,7.9,5.0,6.9,5.9,8.1,7.9,5.0,11.8,3.0,5.9,4.9,8.1,11.8,17.6,6.1,8.0,5.9,12.1,9.0,11.3,11.0,1.0,0.0,1.0,0.0,12.1,7.9,5.1,5.0,6.9,6.9,1.0,1.0,13.1,2.0,3.0,1.0,3.9,0.0,3.0,5.0,8.1,4.0,5.0,8.9,2.9,11.9,4.0,8.0,6.9,5.1,6.9,15.6,19.4,6.9,4.0,2.0,13.3,10.9,0.0,0.0,0.0,0.0,0.0,0.0,0.0,0.0,0.0,0.0,0.0,0.0,0.0,0.0,0.0,0.0,0.0,0.0,0.0,0.0,0.0,0.0,0.0,0.0,0.0,0.0,0.0,0.0,0.0,0.0,48.5,28.7,14.7,80.0,0.0,0.0,0.0,0.0,0.0,0.0,0.0,0.0,0.0,0.0,0.0,0.0,0.0,0.0,0.0,0.0,0.0,0.0,0.0,0.0,0.0,0.0,0.0,0.0,0.0,0.0,0.0,0.0,0.0,0.0,0.0,0.0,0.0,0.0,0.0,0.0,0.0,0.0,0.0,0.0,0.0,0.0,0.0,0.0,0.0,0.0,0.0,0.0,0.0,0.0,0.0,0.0,0.0,0.0,0.0,0.0,0.0,0.0,0.0,0.0,0.0,0.0,0.0,0.0,0.0,0.0,0.0,0.0,0.0,0.0,0.0,0.0,0.0,0.0,0.0,0.0,0.0,0.0,0.0,0.0,0.0,0.0,0.0,0.0,0.0,0.0,0.0,0.0,0.0,0.0,0.0,0.0,0.0,0.0,0.0,0.0,0.0,0.0,0.0,0.0,0.0,0.0,0.0,0.0,0.0,0.0,0.0,0.0,0.0,0.0,0.0,0.0,0.0,0.0,0.0,0.0,0.0,0.0,0.0,0.0,0.0,0.0,0.0,0.0,0.0,0.0,0.0,0.0,0.0,0.0,0.0,0.0,0.0,0.0,0.0,0.0,0.0,0.0,0.0,0.0,0.0,0.0,0.0,0.0,0.0,0.0,0.0,0.0,0.0,0.0,0.0,0.0,0.0",5.0,52006.69140625,979859.62890625,8684.2509765625,110747.19970703125,22.17626953125
1791364862.5634885,idle,3.5,"30.2,15.3,12.1,5.0,5.8,23.3,10.9,7.9,2.0,13.9,7.9,6.0,6.9,8.7,14.9,12.0,11.9,8.7,10.0,18.6,8.1,7.8,14.7,14.9,9.9,8.8,10.9,10.0,21.8,23.3,0.0,0.0,1.0,0.0,13.9,4.0,5.8,8.0,9.9,7.0,8.7,10.8,16.0,14.1,13.3,13.1,4.0,6.9,5.8,7.0,8.9,8.9,25.2,5.8,7.0,18.1,6.8,5.0,15.8,7.8,7.0,15.2,11.9,6.0,14.0,21.2,11.7,18.6,0.0,0.0,0.0,0.0,0.0,0.0,0.0,0.0,0.0,0.0,0.0,0.0,0.0,0.0,0.0,0.0,0.0,0.0,0.0,0.0,0.0,0.0,0.0,0.0,0.0,0.0,0.0,0.0,0.0,0.0,51.5,32.7,2.9,99.0,0.0,0.0,0.0,0.0,0.0,0.0,0.0,0.0,0.0,0.0,0.0,0.0,0.0,0.0,0.0,0.0,0.0,0.0,0.0,0.0,0.0,0.0,0.0,0.0,0.0,0.0,0.0,0.0,0.0,0.0,0.0,0.0,0.0,0.0,0.0,0.0,0.0,0.0,0.0,0.0,0.0,0.0,0.0,0.0,0.0,0.0,0.0,0.0,0.0,0.0,0.0,0.0,0.0,0.0,0.0,0.0,0.0,0.0,0.0,0.0,0.0,0.0,0.0,0.0,0.0,0.0,0.0,0.0,0.0,0.0,0.0,0.0,0.0,0.0,0.0,0.0,0.0,0.0,0.0,0.0,0.0,0.0,0.0,0.0,0.0,0.0,0.0,0.0,0.0,0.0,0.0,0.0,0.0,0.0,0.0,0.0,0.0,0.0,0.0,0.0,0.0,0.0,0.0,0.0,0.0,0.0,0.0,0.0,0.0,0.0,0.0,0.0,0.0,0.0,0.0,0.0,0.0,0.0,0.0,0.0,0.0,0.0,0.0,0.0,0.0,0.0,0.0,0.0,0.0,0.0,0.0,0.0,0.0,0.0,0.0,0.0,0.0,0.0,0.0,0.0,0.0,0.0,0.0,0.0,0.0,0.0,0.0,0.0,0.0,0.0,0.0,0.0,0.0",5.0,51519.4296875,980346.890625,8684.2509765625,110749.04345703125,22.17626953125
1791364863.5802944,aggregate_n32_vmnos8_r2:confirmation,2.5,"5.7,9.4,8.0,6.1,8.9,1.0,10.3,4.0,5.0,6.0,6.1,6.0,1.0,5.1,12.2,6.9,5.0,6.1,6.9,5.0,8.1,4.0,9.1,8.0,14.1,3.1,4.0,5.2,4.2,6.1,0.0,0.0,0.0,2.9,11.5,4.1,8.0,10.0,5.1,5.1,4.1,5.0,5.0,2.0,12.1,5.9,6.1,5.0,10.1,4.1,12.9,4.1,5.0,7.8,5.0,6.1,4.0,3.0,10.0,5.9,5.1,19.4,4.2,8.1,5.2,6.1,3.0,6.1,0.0,0.0,0.0,0.0,0.0,0.0,0.0,0.0,0.0,0.0,0.0,0.0,0.0,0.0,0.0,0.0,0.0,0.0,0.0,0.0,0.0,0.0,0.0,0.0,0.0,0.0,0.0,0.0,0.0,0.0,73.0,55.0,51.5,56.0,0.0,0.0,0.0,0.0,0.0,0.0,0.0,0.0,0.0,0.0,0.0,0.0,0.0,0.0,0.0,0.0,0.0,0.0,0.0,0.0,0.0,0.0,0.0,0.0,0.0,0.0,0.0,0.0,0.0,0.0,0.0,0.0,0.0,0.0,0.0,0.0,0.0,0.0,0.0,0.0,0.0,0.0,0.0,0.0,0.0,0.0,0.0,0.0,0.0,0.0,0.0,0.0,0.0,0.0,0.0,0.0,0.0,0.0,0.0,0.0,0.0,0.0,0.0,0.0,0.0,0.0,0.0,0.0,0.0,0.0,0.0,1.0,0.0,0.0,0.0,0.0,0.0,0.0,0.0,0.0,0.0,0.0,0.0,0.0,0.0,0.0,0.0,0.0,0.0,0.0,0.0,0.0,0.0,0.0,0.0,0.0,0.0,0.0,0.0,0.0,0.0,0.0,0.0,0.0,0.0,0.0,0.0,0.0,0.0,0.0,0.0,0.0,0.0,0.0,0.0,0.0,0.0,0.0,0.0,0.0,0.0,0.0,0.0,0.0,0.0,0.0,0.0,0.0,0.0,0.0,0.0,0.0,0.0,0.0,0.0,0.0,0.0,0.0,0.0,0.0,0.0,0.0,0.0,0.0,0.0,0.0,0.0,0.0,0.0,0.0,0.0,0.0,0.0",5.0,51245.69140625,980620.62890625,8684.2509765625,110749.04345703125,22.17626953125
1791364864.6059535,aggregate_n32_vmnos8_r2:confirmation,4.2,"19.8,12.0,11.3,12.2,12.4,14.1,29.9,10.9,6.3,10.1,6.3,9.0,7.2,11.1,12.1,7.5,13.1,11.2,16.7,10.5,13.5,13.7,12.5,20.2,10.1,8.1,12.0,15.0,12.2,7.2,6.7,0.0,5.9,0.0,13.4,10.4,15.2,14.3,11.1,11.5,6.2,13.3,10.3,8.0,12.9,9.4,14.3,8.2,9.2,9.2,10.4,12.2,12.1,11.2,15.3,6.2,10.0,9.3,13.4,8.3,10.3,15.8,27.8,11.3,16.8,16.5,11.1,13.1,0.0,0.0,0.0,0.0,0.0,0.0,0.0,0.0,0.0,0.0,0.0,0.0,0.0,0.0,0.0,0.0,0.0,0.0,0.0,0.0,0.0,0.0,0.0,0.0,0.0,0.0,0.0,0.0,0.0,0.0,50.0,58.3,99.0,100.0,0.0,0.0,0.0,0.0,0.0,0.0,0.0,0.0,0.0,0.0,0.0,0.0,0.0,0.0,0.0,0.0,0.0,0.0,0.0,0.0,0.0,0.0,0.0,0.0,0.0,0.0,0.0,0.0,0.0,0.0,0.0,0.0,0.0,0.0,0.0,0.0,0.0,0.0,0.0,0.0,0.0,0.0,0.0,0.0,0.0,0.0,0.0,0.0,0.0,0.0,0.0,0.0,0.0,0.0,0.0,0.0,0.0,0.0,0.0,0.0,0.0,0.0,0.0,0.0,0.0,0.0,0.0,0.0,0.0,0.0,0.0,0.0,0.0,0.0,0.0,0.0,0.0,0.0,0.0,0.0,0.0,0.0,0.0,0.0,0.0,0.0,0.0,0.0,0.0,0.0,0.0,0.0,0.0,0.0,0.0,0.0,0.0,0.0,0.0,0.0,0.0,0.0,0.0,0.0,0.0,0.0,0.0,0.0,0.0,0.0,0.0,0.0,0.0,0.0,0.0,0.0,0.0,0.0,0.0,0.0,0.0,0.0,0.0,0.0,0.0,0.0,0.0,0.0,0.0,0.0,0.0,0.0,0.0,0.0,0.0,0.0,0.0,0.0,0.0,0.0,0.0,0.0,0.0,0.0,0.0,0.0,0.0,0.0,0.0,0.0,0.0,0.0,0.0",5.0,51527.265625,980339.0546875,8684.2509765625,110749.34033203125,22.17626953125
1791364865.628965,aggregate_n32_vmnos8_r2:confirmation,2.2,"4.6,6.1,1.0,5.9,5.0,2.0,3.0,4.0,0.0,0.0,2.0,2.9,2.9,7.9,4.0,1.0,5.0,4.0,3.0,6.0,5.0,4.0,3.9,5.9,5.9,5.1,7.9,3.0,6.9,10.0,4.0,0.0,5.0,7.9,15.0,5.0,4.0,4.0,3.0,6.0,0.0,1.0,2.9,2.0,24.8,2.0,2.0,2.0,3.0,2.9,2.9,4.9,6.9,2.0,2.9,2.0,2.0,5.1,2.9,2.9,3.0,2.0,3.0,2.9,2.9,2.0,1.0,1.0,0.0,0.0,0.0,0.0,0.0,0.0,0.0,0.0,0.0,0.0,0.0,0.0,0.0,0.0,0.0,1.0,2.0,0.0,0.0,0.0,0.0,0.0,0.0,0.0,0.0,0.0,0.0,0.0,0.0,0.0,46.9,36.0,99.0,98.0,0.0,0.0,0.0,0.0,0.0,0.0,0.0,0.0,0.0,0.0,0.0,0.0,0.0,0.0,0.0,0.0,0.0,0.0,0.0,0.0,0.0,0.0,0.0,0.0,0.0,0.0,0.0,0.0,0.0,0.0,0.0,0.0,0.0,0.0,0.0,0.0,0.0,0.0,0.0,0.0,0.0,0.0,1.0,0.0,0.0,0.0,0.0,0.0,0.0,0.0,0.0,0.0,0.0,0.0,0.0,0.0,0.0,0.0,0.0,0.0,0.0,0.0,0.0,0.0,0.0,0.0,0.0,0.0,0.0,0.0,0.0,0.0,0.0,0.0,0.0,0.0,0.0,0.0,0.0,0.0,0.0,0.0,0.0,0.0,0.0,0.0,0.0,0.0,0.0,0.0,0.0,0.0,0.0,0.0,0.0,0.0,0.0,0.0,0.0,0.0,0.0,0.0,0.0,0.0,0.0,0.0,0.0,0.0,0.0,0.0,0.0,0.0,0.0,0.0,0.0,0.0,0.0,0.0,0.0,0.0,0.0,0.0,0.0,0.0,0.0,0.0,0.0,0.0,0.0,0.0,0.0,0.0,0.0,0.0,0.0,0.0,0.0,0.0,0.0,0.0,0.0,0.0,0.0,0.0,0.0,0.0,0.0,0.0,0.0,0.0,0.0,0.0,0.0",5.0,51512.35546875,980353.96484375,8684.2509765625,110749.34033203125,21.44140625
1791364866.6518798,aggregate_n32_vmnos8_r2:confirmation,3.5,"15.4,12.7,12.0,8.2,4.0,3.1,7.1,9.0,11.5,9.1,9.3,8.9,8.0,5.1,7.2,7.1,6.2,7.1,4.1,12.1,6.0,6.1,11.1,10.6,11.5,17.3,10.3,14.1,5.3,22.9,1.0,0.0,2.9,4.9,7.2,11.8,5.2,7.1,8.1,12.4,4.1,10.0,9.2,4.0,11.3,9.3,19.4,5.2,6.1,8.2,7.2,7.9,7.2,11.2,5.0,11.2,4.0,3.0,3.1,4.9,6.9,4.1,14.9,35.0,9.4,7.3,13.0,13.3,0.0,0.0,0.0,0.0,0.0,0.0,0.0,0.0,0.0,0.0,0.0,0.0,0.0,0.0,0.0,0.0,1.0,0.0,0.0,0.0,0.0,0.0,0.0,0.0,0.0,0.0,0.0,0.0,0.0,0.0,66.0,46.3,89.9,99.0,0.0,0.0,0.0,0.0,0.0,0.0,0.0,0.0,0.0,0.0,0.0,0.0,0.0,0.0,0.0,0.0,0.0,0.0,0.0,0.0,0.0,0.0,0.0,0.0,0.0,0.0,0.0,0.0,0.0,0.0,0.0,0.0,0.0,0.0,0.0,0.0,0.0,0.0,0.0,0.0,0.0,0.0,0.0,0.0,0.0,0.0,0.0,0.0,0.0,0.0,0.0,0.0,0.0,0.0,0.0,0.0,0.0,0.0,0.0,0.0,0.0,0.0,0.0,0.0,0.0,0.0,0.0,0.0,0.0,0.0,0.0,0.0,0.0,0.0,0.0,0.0,0.0,0.0,0.0,0.0,0.0,0.0,0.0,0.0,0.0,0.0,0.0,0.0,0.0,0.0,0.0,0.0,0.0,0.0,0.0,0.0,0.0,0.0,0.0,0.0,0.0,0.0,0.0,0.0,0.0,0.0,0.0,0.0,0.0,0.0,0.0,0.0,0.0,0.0,0.0,0.0,0.0,0.0,0.0,0.0,0.0,0.0,0.0,0.0,0.0,0.0,0.0,0.0,0.0,0.0,0.0,0.0,0.0,0.0,0.0,0.0,0.0,0.0,0.0,0.0,0.0,0.0,0.0,0.0,0.0,0.0,0.0,0.0,0.0,0.0,0.0,0.0,0.0",5.0,51577.80078125,980288.51953125,8684.2509765625,110749.34033203125,21.44140625
1791364867.6744862,aggregate_n32_vmnos8_r2:confirmation,2.2,"2.3,6.1,5.0,10.0,10.1,11.9,5.0,6.9,4.0,3.0,3.0,3.0,3.0,3.0,7.0,3.0,2.9,2.0,1.0,4.0,1.0,3.0,3.0,7.1,8.9,6.0,3.0,4.9,5.9,12.6,0.0,0.0,0.0,1.0,7.0,8.1,10.9,6.2,5.1,6.9,6.0,5.9,8.0,1.0,3.1,1.0,12.2,3.0,6.1,1.0,3.0,0.0,6.9,12.9,5.0,1.0,6.1,5.9,4.0,1.0,2.0,8.9,2.0,9.8,4.0,6.0,4.0,3.1,0.0,0.0,0.0,0.0,0.0,0.0,0.0,0.0,0.0,0.0,0.0,0.0,0.0,1.0,0.0,0.0,1.0,0.0,0.0,0.0,0.0,0.0,0.0,0.0,0.0,0.0,0.0,0.0,0.0,0.0,75.2,69.5,29.3,55.4,0.0,0.0,0.0,0.0,0.0,0.0,0.0,0.0,0.0,0.0,0.0,0.0,0.0,0.0,0.0,0.0,0.0,0.0,0.0,0.0,0.0,0.0,0.0,0.0,0.0,0.0,0.0,0.0,0.0,0.0,0.0,0.0,0.0,0.0,0.0,0.0,0.0,0.0,0.0,0.0,0.0,0.0,0.0,0.0,0.0,0.0,0.0,0.0,0.0,0.0,0.0,0.0,0.0,0.0,0.0,0.0,0.0,0.0,0.0,0.0,0.0,0.0,1.9,0.0,0.0,0.0,0.0,0.0,0.0,0.0,0.0,0.0,0.0,0.0,0.0,0.0,0.0,0.0,0.0,0.0,0.0,0.0,0.0,0.0,0.0,0.0,0.0,0.0,0.0,0.0,0.0,0.0,0.0,0.0,0.0,0.0,0.0,0.0,0.0,0.0,0.0,0.0,0.0,0.0,0.0,0.0,0.0,0.0,0.0,0.0,0.0,0.0,0.0,0.0,0.0,0.0,0.0,0.0,0.0,0.0,0.0,0.0,0.0,0.0,0.0,0.0,0.0,0.0,0.0,0.0,0.0,0.0,0.0,0.0,0.0,0.0,0.0,0.0,0.0,0.0,0.0,0.0,0.0,0.0,0.0,0.0,0.0,0.0,0.0,0.0,0.0,0.0,0.0",5.0,51450.38671875,980415.93359375,8684.2509765625,110751.04736328125,21.44140625
1791364868.7173219,aggregate_n32_vmnos8_r2:confirmation,3.0,"16.8,3.9,4.6,11.5,13.3,12.0,24.5,7.6,10.4,10.4,12.3,9.4,7.6,8.4,8.6,7.8,11.2,4.8,5.7,18.7,9.5,11.7,11.5,5.9,13.2,6.6,7.4,8.6,5.8,10.3,2.7,0.0,0.9,1.8,11.3,12.3,10.1,14.2,17.5,17.3,9.6,3.8,10.2,6.4,6.5,9.4,10.4,9.5,7.5,13.2,11.2,5.6,7.5,10.4,5.7,6.6,2.8,7.7,9.5,5.7,12.5,9.3,10.5,8.7,6.7,8.6,8.6,11.7,0.0,0.0,0.0,0.0,0.0,0.0,0.0,0.0,0.0,0.0,0.0,0.0,0.0,0.0,0.0,0.0,2.8,0.9,0.0,0.0,0.0,0.0,0.0,0.0,0.0,0.0,0.0,0.0,0.0,0.0,38.5,63.6,5.7,45.4,0.0,0.0,0.0,0.0,0.0,0.0,0.0,0.0,0.0,0.0,0.0,0.0,0.0,0.0,0.0,0.0,0.0,0.0,0.0,0.0,0.0,0.0,0.0,0.0,0.0,0.0,0.0,0.0,0.0,0.0,0.0,0.0,0.0,0.0,0.0,0.0,0.0,0.0,0.0,0.0,0.0,0.0,0.0,0.0,0.0,0.0,0.0,0.0,0.0,0.0,0.0,0.0,0.0,0.0,0.0,0.0,0.0,0.0,0.0,0.0,0.0,0.0,0.0,0.0,0.0,0.0,0.0,0.0,0.0,0.0,0.0,0.0,0.0,0.0,0.0,0.0,0.0,0.0,0.0,0.0,0.0,0.0,0.0,0.0,0.0,0.0,0.0,0.0,0.0,0.0,0.0,0.0,0.0,0.0,0.0,0.0,0.0,0.0,0.0,0.0,0.0,0.0,0.0,0.0,0.0,0.0,0.0,0.0,0.0,0.0,0.0,0.0,0.0,0.0,0.0,0.0,0.0,0.0,0.0,0.0,0.0,0.0,0.0,0.0,0.0,0.0,0.0,0.0,0.0,0.0,0.0,0.0,0.0,0.0,0.0,0.0,0.0,0.0,0.0,0.0,0.0,0.0,0.0,0.0,0.0,0.0,0.0,0.0,0.0,0.0,0.0,0.0,0.0",5.0,51652.49609375,980213.82421875,8684.2509765625,110751.04736328125,21.44140625
1791364869.7976656,aggregate_n32_vmnos8_r2:confirmation,2.0,"4.7,2.0,0.0,9.7,4.0,2.9,2.0,4.0,0.0,5.9,1.0,1.0,7.8,2.9,0.0,1.9,4.9,4.0,1.0,0.0,4.9,1.0,2.0,3.0,20.0,5.9,7.0,10.0,2.9,2.0,0.0,0.0,0.0,1.9,9.2,7.8,3.1,3.0,4.0,6.1,1.0,1.0,31.7,0.0,0.0,0.0,2.9,3.0,1.0,2.0,1.0,2.0,5.9,2.0,3.0,1.0,2.9,1.0,0.0,2.0,2.9,4.9,1.0,2.0,1.0,2.0,2.0,39.2,0.0,0.0,0.0,0.0,0.0,0.0,0.0,0.0,0.0,0.0,0.0,0.0,0.0,0.0,0.0,0.0,1.0,0.0,0.0,0.0,0.0,0.0,0.0,0.0,0.0,0.0,0.0,0.0,0.0,0.0,100.0,30.3,7.9,82.2,0.0,0.0,0.0,0.0,0.0,0.0,0.0,0.0,0.0,0.0,0.0,0.0,0.0,0.0,0.0,0.0,0.0,0.0,0.0,0.0,0.0,0.0,0.0,0.0,0.0,0.0,0.0,0.0,0.0,0.0,0.0,0.0,0.0,0.0,0.0,0.0,0.0,0.0,0.0,0.0,0.0,0.0,0.0,0.0,0.0,0.0,0.0,0.0,0.0,0.0,0.0,0.0,0.0,0.0,1.0,0.0,0.0,0.0,0.0,0.0,0.0,0.0,0.0,0.0,0.0,0.0,0.0,0.0,0.0,0.0,0.0,0.0,0.0,0.0,0.0,0.0,0.0,0.0,0.0,0.0,0.0,0.0,0.0,0.0,0.0,0.0,0.0,0.0,0.0,0.0,0.0,1.0,0.0,0.0,0.0,0.0,0.0,0.0,0.0,0.0,0.0,0.0,0.0,0.0,0.0,0.0,0.0,0.0,0.0,0.0,0.0,0.0,0.0,0.0,0.0,0.0,0.0,0.0,0.0,0.0,0.0,0.0,0.0,0.0,0.0,0.0,0.0,0.0,0.0,0.0,0.0,0.0,0.0,0.0,0.0,0.0,0.0,0.0,0.0,0.0,0.0,0.0,0.0,0.0,0.0,0.0,0.0,0.0,0.0,0.0,0.0,0.0,0.0",5.1,52136.0,979730.3203125,8684.2509765625,110751.68017578125,19.88427734375
1791364870.820273,aggregate_n32_vmnos8_r2:confirmation,3.2,"11.2,8.3,5.2,9.3,20.4,5.2,2.0,8.1,8.0,8.2,6.9,8.0,10.2,7.2,6.2,7.0,7.1,5.1,12.0,4.0,9.0,7.1,6.1,4.1,14.9,7.2,16.0,10.3,26.3,10.1,0.0,0.0,1.0,1.0,13.4,39.8,10.2,10.1,16.0,8.2,8.9,27.0,5.1,6.1,4.0,5.0,3.1,7.0,7.1,6.1,10.1,16.3,14.0,13.3,7.1,7.9,7.0,4.0,8.1,7.1,5.1,6.1,7.0,14.1,9.2,12.4,8.0,17.5,0.0,0.0,0.0,0.0,0.0,0.0,0.0,0.0,0.0,0.0,0.0,0.0,0.0,0.0,0.0,0.0,1.0,0.0,0.0,0.0,0.0,0.0,0.0,0.0,0.0,0.0,0.0,0.0,0.0,0.0,94.1,42.0,10.9,60.8,0.0,0.0,0.0,0.0,0.0,0.0,0.0,0.0,0.0,0.0,0.0,0.0,0.0,0.0,0.0,0.0,0.0,0.0,0.0,0.0,0.0,0.0,0.0,0.0,0.0,0.0,0.0,0.0,0.0,0.0,0.0,0.0,0.0,0.0,0.0,0.0,0.0,0.0,0.0,0.0,0.0,0.0,0.0,0.0,0.0,0.0,0.0,0.0,0.0,0.0,0.0,0.0,0.0,0.0,0.0,0.0,0.0,0.0,0.0,0.0,0.0,0.0,0.0,0.0,0.0,0.0,0.0,0.0,0.0,0.0,0.0,0.0,0.0,0.0,0.0,0.0,0.0,0.0,0.0,0.0,0.0,0.0,0.0,0.0,0.0,0.0,0.0,0.0,0.0,0.0,0.0,0.0,0.0,0.0,0.0,0.0,0.0,0.0,0.0,0.0,0.0,0.0,0.0,0.0,0.0,0.0,0.0,0.0,0.0,0.0,0.0,0.0,0.0,0.0,0.0,0.0,0.0,0.0,0.0,0.0,0.0,0.0,0.0,0.0,0.0,0.0,0.0,0.0,0.0,0.0,0.0,0.0,0.0,0.0,0.0,0.0,0.0,0.0,0.0,0.0,0.0,0.0,0.0,0.0,0.0,0.0,0.0,0.0,0.0,0.0,0.0,0.0,0.0",5.0,51518.57421875,980347.74609375,8684.2509765625,110751.68017578125,19.88427734375
1791364871.842515,aggregate_n32_vmnos8_r2:confirmation,1.6,"2.2,20.0,0.0,3.9,1.0,1.0,0.0,1.0,2.0,3.0,0.0,1.0,1.9,1.9,2.0,1.9,0.0,0.0,9.7,1.0,1.0,2.9,4.0,1.0,4.9,6.1,5.0,1.0,2.0,2.9,0.0,0.0,0.0,0.0,37.8,6.9,2.9,2.0,3.9,3.0,1.0,16.7,4.0,1.0,0.0,1.0,2.0,1.9,1.9,2.9,0.0,7.9,3.0,10.0,2.0,2.0,0.0,2.9,0.0,1.0,0.0,2.0,1.0,0.0,3.0,2.9,2.0,14.6,0.0,0.0,0.0,0.0,0.0,0.0,0.0,0.0,0.0,0.0,0.0,0.0,0.0,0.0,0.0,0.0,1.0,0.0,0.0,0.0,0.0,0.0,0.0,0.0,0.0,0.0,0.0,0.0,0.0,0.0,27.0,23.8,34.7,98.0,0.0,0.0,0.0,0.0,0.0,0.0,0.0,0.0,0.0,0.0,0.0,0.0,0.0,0.0,0.0,0.0,0.0,0.0,0.0,0.0,0.0,0.0,0.0,0.0,0.0,0.0,0.0,0.0,0.0,0.0,0.0,0.0,0.0,0.0,0.0,0.0,0.0,0.0,0.0,0.0,0.0,0.0,0.0,0.0,0.0,0.0,0.0,0.0,0.0,0.0,0.0,0.0,0.0,0.0,0.0,0.0,0.0,0.0,0.0,0.0,0.0,0.0,0.0,0.0,0.0,0.0,0.0,0.0,0.0,0.0,0.0,0.0,0.0,0.0,0.0,0.0,0.0,0.0,0.0,0.0,0.0,0.0,0.0,0.0,0.0,0.0,0.0,0.0,0.0,0.0,0.0,0.0,0.0,0.0,0.0,0.0,0.0,0.0,0.0,0.0,0.0,0.0,0.0,0.0,0.0,0.0,0.0,0.0,0.0,0.0,0.0,0.0,0.0,0.0,0.0,0.0,0.0,0.0,0.0,0.0,0.0,0.0,0.0,0.0,0.0,0.0,0.0,0.0,0.0,0.0,0.0,0.0,0.0,0.0,0.0,0.0,0.0,0.0,0.0,0.0,0.0,0.0,0.0,0.0,0.0,0.0,0.0,0.0,0.0,0.0,0.0,0.0,0.0",5.0,51737.03515625,980129.28515625,8684.2509765625,110751.68017578125,19.88427734375
1791364872.8687398,aggregate_n32_vmnos8_r2:confirmation,3.6,"17.9,29.1,26.9,2.0,2.0,8.8,2.0,13.6,6.9,7.8,6.9,4.0,9.8,12.1,8.1,10.1,5.0,3.9,8.8,4.9,5.1,6.8,7.8,7.1,9.7,11.5,13.0,11.7,8.7,4.9,35.2,0.0,3.8,7.8,9.9,10.8,8.9,6.9,11.9,7.9,4.0,4.0,21.0,4.9,5.0,5.9,5.9,7.8,10.8,8.9,10.6,9.7,8.9,13.5,5.0,12.7,5.9,5.9,6.9,11.7,10.0,5.0,8.8,5.0,12.5,12.9,12.9,9.8,0.0,0.0,0.0,0.0,0.0,0.0,0.0,0.0,0.0,0.0,0.0,0.0,0.0,0.0,0.0,0.0,0.0,0.0,0.0,0.0,0.0,0.0,0.0,0.0,0.0,0.0,0.0,0.0,0.0,0.0,80.2,68.6,84.0,38.8,0.0,0.0,0.0,0.0,0.0,0.0,0.0,0.0,0.0,0.0,0.0,0.0,0.0,0.0,0.0,0.0,0.0,0.0,0.0,0.0,0.0,0.0,0.0,0.0,0.0,0.0,0.0,0.0,0.0,0.0,0.0,0.0,0.0,0.0,0.0,0.0,0.0,0.0,0.0,0.0,0.0,0.0,0.0,0.0,0.0,0.0,0.0,0.0,0.0,0.0,0.0,0.0,0.0,0.0,0.0,0.0,0.0,0.0,0.0,0.0,0.9,0.0,0.0,0.0,0.0,0.0,0.0,0.0,0.0,0.0,0.0,0.0,0.0,0.0,0.0,0.0,0.0,0.0,0.0,0.0,0.0,0.0,0.0,0.0,0.0,0.0,0.0,0.0,0.0,0.0,0.0,0.0,0.0,0.0,0.0,0.0,0.0,0.0,0.0,0.0,0.0,0.0,0.0,0.0,0.0,0.0,0.0,0.0,0.0,0.0,0.0,0.0,0.0,0.0,0.0,0.0,0.0,0.0,0.0,0.0,0.0,0.0,0.0,0.0,0.0,0.0,0.0,0.0,0.0,0.0,0.0,0.0,0.0,0.0,0.0,0.0,0.0,0.0,0.0,0.0,0.0,0.0,0.0,0.0,0.0,0.0,0.0,0.0,0.0,0.0,0.0,0.0,0.0",5.0,51474.46875,980391.8515625,8684.2509765625,110752.80908203125,19.88427734375
1791364873.92622,aggregate_n32_vmnos8_r2:confirmation,1.5,"6.5,3.0,3.0,3.9,6.9,1.0,2.9,3.0,0.0,3.0,2.0,1.9,2.0,3.9,1.0,1.0,1.0,1.0,1.0,0.0,2.0,2.0,2.9,0.0,1.0,1.0,17.0,2.0,2.0,1.0,33.3,0.0,1.0,3.9,2.9,4.9,1.0,0.0,1.0,3.9,2.9,5.0,5.0,1.0,0.0,1.0,23.8,0.0,2.9,3.9,1.0,3.9,2.0,2.0,1.0,1.0,1.0,1.0,2.0,2.9,1.0,1.0,1.0,7.9,2.0,0.0,3.9,2.9,0.0,0.0,0.0,0.0,0.0,0.0,0.0,0.0,0.0,0.0,0.0,0.0,0.0,0.0,0.0,0.0,0.0,0.0,0.0,0.0,0.0,0.0,0.0,0.0,0.0,0.0,0.0,0.0,0.0,0.0,99.0,39.6,21.4,9.8,0.0,0.0,0.0,0.0,0.0,0.0,0.0,0.0,0.0,0.0,0.0,0.0,0.0,0.0,0.0,0.0,0.0,0.0,0.0,0.0,0.0,0.0,0.0,0.0,0.0,0.0,0.0,0.0,0.0,0.0,0.0,0.0,0.0,0.0,0.0,0.0,0.0,0.0,0.0,0.0,0.0,0.0,0.0,0.0,0.0,0.0,0.0,0.0,0.0,0.0,0.0,0.0,0.0,0.0,0.0,0.0,0.0,0.0,0.0,0.0,0.0,0.0,0.0,0.0,0.0,0.0,0.0,0.0,0.0,0.0,0.0,0.0,0.0,0.0,0.0,0.0,0.0,0.0,0.0,0.0,0.0,0.0,0.0,0.0,0.0,0.0,1.0,0.0,0.0,0.0,0.0,0.0,0.0,0.0,0.0,0.0,0.0,0.0,0.0,0.0,0.0,0.0,0.0,0.0,0.0,0.0,0.0,0.0,0.0,0.0,0.0,0.0,0.0,0.0,0.0,0.0,0.0,0.0,0.0,0.0,0.0,0.0,0.0,0.0,0.0,0.0,0.0,0.0,0.0,0.0,0.0,0.0,0.0,0.0,0.0,0.0,0.0,0.0,0.0,0.0,0.0,0.0,0.0,0.0,0.0,0.0,0.0,0.0,0.0,0.0,0.0,0.0,0.0",5.0,51510.984375,980355.3359375,8684.2509765625,110752.81298828125,19.88427734375
1791364874.947773,aggregate_n32_vmnos8_r2:confirmation,3.1,"14.4,6.2,4.0,8.8,14.9,7.2,6.1,7.1,5.0,3.1,5.0,17.6,12.7,16.7,3.1,14.1,6.1,8.1,7.0,5.9,13.9,9.0,12.2,7.5,6.1,5.1,18.0,12.1,7.2,14.0,21.6,0.0,1.0,1.9,7.9,16.2,12.9,11.0,8.1,8.9,6.1,7.1,10.1,1.1,4.1,6.0,5.3,8.0,7.2,12.2,9.1,11.0,11.1,6.0,6.1,12.0,5.0,7.0,10.9,12.2,10.1,9.3,5.1,8.9,13.0,19.8,11.2,12.2,0.0,0.0,0.0,0.0,0.0,0.0,0.0,0.0,0.0,0.0,0.0,0.0,0.0,0.0,0.0,0.0,4.0,1.0,0.0,0.0,0.0,0.0,0.0,0.0,0.0,0.0,0.0,0.0,0.0,0.0,100.0,13.1,66.7,8.9,0.0,0.0,0.0,0.0,0.0,0.0,0.0,0.0,0.0,0.0,0.0,0.0,0.0,0.0,0.0,0.0,0.0,0.0,0.0,0.0,0.0,0.0,0.0,0.0,0.0,0.0,0.0,0.0,0.0,0.0,0.0,0.0,0.0,0.0,0.0,0.0,0.0,0.0,0.0,0.0,0.0,0.0,0.0,0.0,0.0,0.0,0.0,0.0,0.0,0.0,0.0,0.0,0.0,0.0,0.0,0.0,0.0,0.0,0.0,0.0,0.0,0.0,0.0,0.0,0.0,0.0,0.0,0.0,0.0,0.0,0.0,0.0,0.0,0.0,0.0,0.0,0.0,0.0,0.0,0.0,0.0,0.0,0.0,0.0,0.0,0.0,0.0,0.0,0.0,0.0,0.0,0.0,0.0,0.0,0.0,0.0,0.0,0.0,0.0,0.0,0.0,0.0,0.0,0.0,0.0,0.0,0.0,0.0,0.0,0.0,0.0,0.0,0.0,0.0,0.0,0.0,0.0,0.0,0.0,0.0,0.0,0.0,0.0,0.0,0.0,0.0,0.0,0.0,0.0,0.0,0.0,0.0,0.0,0.0,0.0,0.0,0.0,0.0,0.0,0.0,0.0,0.0,0.0,0.0,0.0,0.0,0.0,0.0,0.0,0.0,0.0,0.0,0.0",5.0,51963.33984375,979902.98046875,8684.2509765625,110753.03564453125,18.45166015625
1791364875.970973,aggregate_n32_vmnos8_r2:confirmation,1.2,"6.8,3.0,0.0,11.9,1.0,1.0,2.9,4.9,1.0,4.0,0.0,3.0,2.0,1.0,3.0,2.0,0.0,0.0,2.0,1.0,1.0,1.0,2.0,0.0,4.0,3.0,3.9,7.1,2.0,3.9,2.9,0.0,0.0,0.0,6.9,2.0,1.9,0.0,7.1,0.0,6.0,0.0,1.9,1.0,0.0,0.0,1.0,1.0,2.0,2.9,3.0,1.0,4.9,1.0,0.0,1.9,0.0,2.0,2.0,0.0,2.9,1.0,0.0,0.0,2.0,3.0,3.0,0.0,0.0,0.0,0.0,0.0,0.0,0.0,0.0,0.0,0.0,0.0,0.0,0.0,0.0,0.0,0.0,1.0,2.1,0.0,0.0,0.0,0.0,0.0,0.0,0.0,0.0,0.0,0.0,0.0,0.0,0.0,99.0,36.3,20.0,11.9,0.0,0.0,0.0,0.0,0.0,0.0,0.0,0.0,0.0,0.0,0.0,0.0,0.0,0.0,0.0,0.0,0.0,0.0,0.0,0.0,0.0,0.0,0.0,0.0,0.0,0.0,0.0,0.0,0.0,0.0,0.0,0.0,0.0,0.0,0.0,0.0,0.0,0.0,0.0,0.0,0.0,0.0,0.0,0.0,0.0,0.0,0.0,0.0,0.0,0.0,0.0,0.0,0.0,0.0,0.0,0.0,0.0,0.0,0.0,0.0,0.0,0.0,0.0,0.0,0.0,0.0,0.0,0.0,0.0,0.0,0.0,0.0,0.0,0.0,0.0,0.0,0.0,0.0,0.0,0.0,0.0,0.0,0.0,0.0,0.0,0.0,0.0,0.0,0.0,0.0,0.0,0.0,0.0,0.0,0.0,0.0,0.0,0.0,0.0,0.0,0.0,0.0,0.0,0.0,0.0,0.0,0.0,0.0,0.0,0.0,0.0,0.0,0.0,0.0,0.0,0.0,0.0,0.0,0.0,0.0,0.0,0.0,0.0,0.0,0.0,0.0,0.0,0.0,0.0,0.0,0.0,0.0,0.0,0.0,0.0,0.0,0.0,0.0,0.0,0.0,0.0,0.0,0.0,0.0,0.0,0.0,0.0,0.0,0.0,0.0,0.0,0.0,0.0",5.0,52100.0,979766.3203125,8684.2509765625,110753.03564453125,18.45166015625
1791364876.9933972,aggregate_n32_vmnos8_r2:confirmation,3.1,"9.0,10.0,11.9,13.1,8.8,6.3,9.0,6.1,8.9,9.9,6.3,16.3,7.1,9.1,20.8,7.1,7.1,6.0,5.3,7.1,24.0,7.1,9.9,17.3,14.1,10.3,19.8,27.0,10.8,20.8,0.0,0.0,0.0,4.9,3.1,12.0,12.2,11.0,7.1,15.5,14.0,5.0,5.0,16.0,7.9,4.0,6.1,5.0,12.1,22.3,8.8,8.9,6.1,7.8,5.9,4.0,6.9,7.0,4.0,11.1,12.9,9.1,8.8,3.1,9.0,5.1,5.1,25.3,0.0,0.0,0.0,0.0,0.0,0.0,0.0,0.0,0.0,0.0,0.0,0.0,0.0,0.0,0.0,0.0,1.0,0.0,0.0,0.0,0.0,0.0,0.0,0.0,0.0,0.0,0.0,0.0,0.0,0.0,38.6,38.6,38.6,29.4,0.0,0.0,0.0,0.0,0.0,0.0,0.0,0.0,0.0,0.0,0.0,0.0,0.0,0.0,0.0,0.0,0.0,0.0,0.0,0.0,0.0,0.0,0.0,0.0,0.0,0.0,0.0,0.0,0.0,0.0,0.0,0.0,0.0,0.0,0.0,0.0,0.0,0.0,0.0,0.0,0.0,0.0,0.0,0.0,0.0,0.0,0.0,0.0,0.0,0.0,0.0,0.0,0.0,0.0,0.0,0.0,0.0,0.0,0.0,0.0,0.0,0.0,0.0,0.0,0.0,0.0,1.0,0.0,0.0,0.0,0.0,0.0,0.0,0.0,0.0,0.0,0.0,0.0,0.0,0.0,0.0,0.0,0.0,0.0,0.0,0.0,0.0,0.0,0.0,0.0,0.0,0.0,0.0,0.0,0.0,0.0,0.0,0.0,0.0,0.0,0.0,0.0,0.0,0.0,0.0,0.0,0.0,0.0,0.0,0.0,0.0,0.0,0.0,0.0,0.0,0.0,0.0,0.0,0.0,0.0,0.0,0.0,0.0,0.0,0.0,0.0,0.0,0.0,0.0,0.0,0.0,0.0,0.0,0.0,0.0,0.0,0.0,0.0,0.0,0.0,0.0,0.0,0.0,0.0,0.0,0.0,0.0,0.0,0.0,0.0,0.0,0.0,0.0",5.0,51436.30859375,980430.01171875,8684.2509765625,110754.09423828125,18.45166015625
1791364878.0333374,aggregate_n32_vmnos8_r2:confirmation,1.4,"21.2,1.0,0.9,6.5,5.6,1.9,0.9,0.9,0.0,4.8,2.8,1.9,3.8,7.5,3.7,0.9,0.0,0.0,0.9,0.0,3.7,0.9,4.7,0.0,1.9,4.7,7.6,2.9,6.6,6.6,0.0,0.0,0.9,4.7,4.6,1.9,0.9,1.9,3.9,8.6,0.9,0.9,0.9,2.8,0.9,0.9,0.9,0.9,2.8,1.0,3.8,1.0,1.9,1.9,0.0,0.9,0.0,0.0,0.0,2.8,5.6,3.8,0.9,0.0,0.9,0.9,3.7,1.9,0.0,0.0,0.0,0.0,0.0,0.0,0.0,0.0,0.0,0.0,0.0,0.0,0.0,0.0,0.0,0.0,3.0,0.0,0.0,0.0,0.0,0.0,0.0,0.0,0.0,0.0,0.0,0.0,0.0,0.0,36.2,67.6,49.1,41.9,0.0,0.0,0.0,0.0,0.0,0.0,0.0,0.0,0.0,0.0,0.0,0.0,0.0,0.0,0.0,0.0,0.0,0.0,0.0,0.0,0.0,0.0,0.0,0.0,0.0,0.0,0.0,0.0,0.0,0.0,0.0,0.0,0.0,0.0,0.0,0.0,0.0,0.0,0.0,0.0,0.0,0.0,0.0,0.0,0.0,0.0,0.0,0.0,0.0,5.6,0.0,0.0,0.0,0.0,0.0,0.0,0.0,0.0,0.0,0.0,0.0,0.0,0.0,0.0,0.0,0.0,0.0,0.0,0.0,0.0,0.0,0.0,0.0,0.0,0.0,0.0,0.0,0.0,0.0,0.0,0.0,0.0,0.0,0.0,0.0,0.0,0.0,0.0,0.0,0.0,0.0,0.0,0.0,0.0,0.0,0.0,0.0,0.0,0.0,0.0,0.0,0.0,0.0,0.0,0.0,0.0,0.0,0.0,0.0,0.0,0.0,0.0,0.0,0.0,0.0,0.0,0.0,0.0,0.0,0.0,0.0,0.0,0.0,0.0,0.0,0.0,0.0,0.0,0.0,0.0,0.0,0.0,0.0,0.0,0.0,0.0,0.0,0.0,0.0,0.0,0.0,0.0,0.0,0.0,0.0,0.0,0.0,0.0,0.0,0.0,0.0,0.0,0.0",5.0,51419.49609375,980446.82421875,8684.2509765625,110754.09423828125,18.45166015625
1791364879.1066499,aggregate_n32_vmnos8_r2:confirmation,3.6,"6.6,4.1,3.1,12.1,6.1,13.0,15.2,30.3,6.0,12.2,9.9,4.0,6.2,9.3,6.0,7.0,6.9,3.0,6.1,7.8,10.8,24.5,11.9,9.0,10.2,8.2,10.2,13.1,20.0,12.1,0.0,0.0,6.8,6.8,9.1,10.1,21.8,9.1,7.1,17.0,8.2,8.9,9.0,9.9,7.2,7.9,6.9,9.0,13.1,11.2,12.4,12.0,12.2,13.3,8.1,9.0,8.2,6.1,13.1,18.0,15.3,6.2,9.1,13.0,19.4,20.8,7.1,7.1,0.0,0.0,0.0,0.0,0.0,0.0,0.0,0.0,0.0,0.0,0.0,0.0,0.0,0.0,0.0,0.0,1.0,0.0,0.0,0.0,0.0,0.0,0.0,0.0,0.0,0.0,0.0,0.0,0.0,0.0,85.1,70.3,42.9,42.7,0.0,0.0,0.0,0.0,0.0,0.0,0.0,0.0,0.0,0.0,0.0,0.0,0.0,0.0,0.0,0.0,0.0,0.0,0.0,0.0,0.0,0.0,0.0,0.0,0.0,0.0,0.0,0.0,0.0,0.0,0.0,0.0,0.0,0.0,0.0,0.0,0.0,0.0,0.0,0.0,0.0,0.0,0.0,0.0,0.0,0.0,0.0,0.0,0.0,0.0,0.0,0.0,0.0,0.0,0.0,0.0,0.0,0.0,0.0,0.0,0.0,0.0,0.0,0.0,0.0,0.0,0.0,0.0,0.0,0.0,0.0,0.0,0.0,0.0,0.0,0.0,0.0,0.0,0.0,0.0,0.0,0.0,0.0,0.0,0.0,0.0,0.0,0.0,0.0,0.0,0.0,0.0,0.0,0.0,0.0,0.0,0.0,0.0,0.0,0.0,0.0,0.0,0.0,0.0,0.0,0.0,0.0,0.0,0.0,0.0,0.0,0.0,0.0,0.0,0.0,0.0,0.0,0.0,0.0,0.0,0.0,0.0,0.0,0.0,0.0,0.0,0.0,0.0,0.0,0.0,0.0,0.0,0.0,0.0,0.0,0.0,0.0,0.0,0.0,0.0,0.0,0.0,0.0,0.0,0.0,0.0,0.0,0.0,0.0,0.0,0.0,0.0,0.0",5.0,51435.94921875,980430.37109375,8684.2509765625,110754.09423828125,18.45166015625
1791364880.1242635,aggregate_n32_vmnos8_r2:confirmation,2.3,"7.8,5.1,2.0,7.1,2.9,5.0,6.9,3.0,1.0,3.0,1.0,5.0,3.0,5.1,3.0,2.0,4.0,2.0,17.3,1.0,4.0,14.9,2.0,8.1,9.9,1.0,0.0,0.0,8.0,2.0,0.0,12.6,0.0,0.0,12.9,5.0,2.0,1.0,3.0,8.0,1.9,0.0,6.0,3.0,2.9,10.1,1.0,2.0,7.8,2.0,16.0,8.0,9.8,4.0,4.0,3.9,3.0,4.9,3.0,2.0,3.9,6.9,4.0,2.0,2.0,6.9,3.0,2.0,0.0,0.0,0.0,0.0,0.0,0.0,0.0,0.0,0.0,0.0,0.0,0.0,0.0,0.0,0.0,0.0,1.0,0.0,0.0,0.0,0.0,0.0,0.0,0.0,0.0,0.0,0.0,0.0,0.0,0.0,86.4,99.0,36.6,55.1,0.0,0.0,0.0,0.0,0.0,0.0,0.0,0.0,0.0,0.0,0.0,0.0,0.0,0.0,0.0,0.0,0.0,0.0,0.0,0.0,0.0,0.0,0.0,0.0,0.0,0.0,0.0,0.0,0.0,0.0,0.0,0.0,0.0,0.0,0.0,0.0,0.0,0.0,0.0,0.0,0.0,0.0,0.0,0.0,0.0,0.0,0.0,0.0,0.0,0.0,0.0,0.0,0.0,0.0,0.0,0.0,0.0,0.0,0.0,0.0,0.0,0.0,0.0,0.0,0.0,0.0,0.0,0.0,0.0,0.0,0.0,0.0,0.0,0.0,0.0,0.0,0.0,0.0,0.0,0.0,0.0,0.0,0.0,0.0,0.0,0.0,0.0,0.0,0.0,0.0,0.0,0.0,0.0,0.0,0.0,0.0,0.0,0.0,0.0,0.0,0.0,0.0,0.0,0.0,0.0,0.0,0.0,0.0,0.0,0.0,0.0,0.0,0.0,0.0,0.0,0.0,0.0,0.0,0.0,0.0,0.0,0.0,0.0,0.0,0.0,0.0,0.0,0.0,0.0,0.0,0.0,0.0,0.0,0.0,0.0,0.0,0.0,0.0,0.0,0.0,0.0,0.0,0.0,0.0,0.0,0.0,0.0,0.0,0.0,0.0,0.0,0.0,0.0",5.0,51940.16015625,979926.16015625,8684.2509765625,110754.37158203125,17.4541015625
1791364881.1500897,aggregate_n32_vmnos8_r2:confirmation,3.1,"7.0,5.2,6.1,13.0,4.1,10.3,10.2,5.1,5.1,17.8,9.2,4.0,8.1,10.0,5.1,8.9,6.0,9.9,12.1,8.1,8.0,7.9,6.2,6.2,13.0,9.1,6.3,11.7,10.3,10.1,0.0,0.0,8.8,4.9,8.0,7.1,7.0,9.2,8.1,8.2,5.1,5.9,9.2,9.1,14.3,10.5,6.9,9.1,11.0,8.9,7.1,7.0,8.2,12.4,8.0,9.8,3.1,16.0,4.3,6.1,16.2,5.0,6.9,7.1,7.1,6.9,6.0,7.1,0.0,0.0,0.0,0.0,0.0,0.0,0.0,0.0,0.0,0.0,0.0,0.0,0.0,0.0,0.0,0.0,3.0,1.0,0.0,0.0,0.0,0.0,0.0,0.0,0.0,0.0,0.0,0.0,0.0,0.0,26.0,85.0,65.3,63.0,0.0,0.0,0.0,0.0,0.0,0.0,0.0,0.0,0.0,0.0,0.0,0.0,0.0,0.0,0.0,0.0,0.0,0.0,0.0,0.0,0.0,0.0,0.0,0.0,0.0,0.0,0.0,0.0,0.0,0.0,0.0,0.0,0.0,0.0,0.0,0.0,0.0,0.0,0.0,0.0,0.0,0.0,0.0,0.0,0.0,0.0,0.0,0.0,0.0,0.0,0.0,0.0,0.0,0.0,0.0,0.0,0.0,0.0,0.0,0.0,0.0,0.0,0.0,0.0,0.0,0.0,0.0,0.0,0.0,0.0,0.0,0.0,0.0,0.0,0.0,0.0,0.0,1.0,0.0,0.0,0.0,0.0,0.0,0.0,0.0,0.0,0.0,0.0,0.0,0.0,0.0,0.0,0.0,0.0,0.0,0.0,0.0,0.0,0.0,0.0,0.0,0.0,0.0,0.0,0.0,0.0,0.0,0.0,0.0,0.0,0.0,0.0,0.0,0.0,0.0,0.0,0.0,0.0,0.0,0.0,0.0,0.0,0.0,0.0,0.0,0.0,0.0,0.0,0.0,0.0,0.0,0.0,0.0,0.0,0.0,0.0,0.0,0.0,0.0,0.0,0.0,0.0,0.0,0.0,0.0,0.0,0.0,0.0,0.0,0.0,0.0,0.0,0.0",5.0,51418.3515625,980447.96875,8684.2509765625,110754.37158203125,17.4541015625
1791364882.172543,aggregate_n32_vmnos8_r2:confirmation,2.2,"6.9,2.0,5.9,6.9,2.0,8.8,1.9,1.0,4.0,3.0,1.0,2.0,3.0,3.0,4.0,7.0,6.9,22.0,7.2,8.0,4.0,1.0,4.9,3.0,5.1,13.9,5.0,5.9,17.5,9.2,0.0,0.0,1.0,2.9,4.0,5.9,2.0,5.1,3.0,4.0,2.0,1.0,10.0,2.0,2.0,4.0,4.9,4.8,7.0,5.9,4.0,2.9,2.0,4.1,4.0,3.9,1.0,5.0,2.0,14.9,10.7,5.0,12.4,3.0,5.9,4.1,4.0,4.1,0.0,0.0,0.0,0.0,0.0,0.0,0.0,0.0,0.0,0.0,0.0,0.0,0.0,1.0,0.0,0.0,2.0,0.0,0.0,0.0,0.0,0.0,0.0,0.0,0.0,0.0,0.0,0.0,0.0,0.0,96.0,67.7,30.0,38.6,0.0,0.0,0.0,0.0,0.0,0.0,0.0,0.0,0.0,0.0,0.0,0.0,0.0,0.0,0.0,0.0,0.0,0.0,0.0,0.0,0.0,0.0,0.0,0.0,0.0,0.0,0.0,0.0,0.0,0.0,0.0,0.0,0.0,0.0,0.0,0.0,0.0,0.0,0.0,0.0,0.0,0.0,0.0,0.0,0.0,0.0,0.0,0.0,0.0,0.0,0.0,0.0,0.0,0.0,0.0,0.0,0.0,0.0,0.0,0.0,0.0,0.0,0.0,0.0,0.0,0.0,1.0,0.0,0.0,0.0,0.0,0.0,0.0,0.0,0.0,0.0,0.0,0.0,0.0,0.0,0.0,0.0,0.0,0.0,0.0,0.0,0.0,0.0,0.0,0.0,0.0,0.0,0.0,0.0,0.0,0.0,0.0,0.0,0.0,0.0,0.0,0.0,0.0,0.0,0.0,0.0,0.0,0.0,0.0,0.0,0.0,0.0,0.0,0.0,0.0,0.0,0.0,0.0,0.0,0.0,0.0,0.0,0.0,0.0,0.0,0.0,0.0,0.0,0.0,0.0,0.0,0.0,0.0,0.0,0.0,0.0,0.0,0.0,0.0,0.0,0.0,0.0,0.0,0.0,0.0,0.0,0.0,0.0,0.0,0.0,0.0,0.0,0.0",5.0,51436.09375,980430.2265625,8684.2509765625,110755.49658203125,17.4541015625
1791364883.1865218,aggregate_n32_vmnos8_r2:confirmation,2.7,"10.0,7.1,7.1,9.8,11.8,7.1,6.2,6.1,3.1,5.1,4.0,4.0,9.2,10.2,8.0,6.1,8.1,7.2,10.3,7.1,8.1,9.1,11.3,7.4,7.1,9.1,18.9,7.4,12.2,8.5,0.0,0.0,5.0,5.1,8.0,10.8,7.1,10.9,9.2,7.0,3.1,3.0,5.0,5.0,9.1,4.1,3.1,4.0,7.0,8.2,11.1,6.3,8.0,11.3,12.2,8.1,5.9,8.9,7.1,9.0,6.2,9.2,10.3,6.1,16.8,10.0,11.9,8.9,0.0,0.0,0.0,0.0,0.0,0.0,0.0,0.0,0.0,0.0,0.0,0.0,0.0,0.0,0.0,0.0,3.0,0.0,0.0,0.0,0.0,0.0,0.0,0.0,0.0,0.0,0.0,0.0,0.0,0.0,53.9,67.6,11.9,38.6,0.0,0.0,0.0,0.0,0.0,0.0,0.0,0.0,0.0,0.0,0.0,0.0,0.0,0.0,0.0,0.0,0.0,0.0,0.0,0.0,0.0,0.0,0.0,0.0,0.0,0.0,0.0,0.0,0.0,0.0,0.0,0.0,0.0,0.0,0.0,0.0,0.0,0.0,0.0,0.0,0.0,0.0,0.0,0.0,0.0,0.0,0.0,0.0,0.0,0.0,0.0,0.0,0.0,0.0,0.0,0.0,0.0,0.0,0.0,0.0,0.0,0.0,0.0,0.0,0.0,0.0,0.0,0.0,0.0,0.0,0.0,0.0,0.0,0.0,0.0,0.0,0.0,0.0,0.0,0.0,0.0,0.0,0.0,0.0,0.0,0.0,0.0,0.0,0.0,0.0,0.0,0.0,0.0,0.0,0.0,0.0,0.0,0.0,0.0,0.0,0.0,0.0,0.0,0.0,0.0,0.0,0.0,0.0,0.0,0.0,0.0,0.0,0.0,0.0,0.0,0.0,0.0,0.0,0.0,0.0,0.0,0.0,0.0,0.0,0.0,0.0,0.0,0.0,0.0,0.0,0.0,0.0,0.0,0.0,0.0,0.0,0.0,0.0,0.0,0.0,0.0,0.0,0.0,0.0,0.0,0.0,0.0,0.0,0.0,0.0,0.0,0.0,0.0",5.0,51212.6875,980653.6328125,8684.2509765625,110755.49658203125,17.4541015625
1791364884.2648447,aggregate_n32_vmnos8_r2:confirmation,2.6,"7.6,12.3,11.1,10.0,11.5,12.6,4.8,5.8,10.3,3.8,5.6,4.7,7.5,7.6,3.8,4.7,11.3,4.9,12.6,7.6,4.8,5.8,9.3,6.7,7.6,6.8,7.4,11.8,7.8,9.5,0.0,3.8,0.9,0.9,9.6,8.6,6.7,3.8,8.6,9.5,5.6,2.8,2.9,3.8,6.7,6.5,5.7,4.7,1.9,11.2,4.9,9.4,5.8,5.8,3.8,6.7,1.9,3.8,4.8,5.7,1.9,15.2,2.9,14.0,3.8,6.7,9.4,2.9,0.0,0.0,0.0,0.0,0.0,0.0,0.0,0.0,0.0,0.0,0.0,0.0,0.0,0.0,0.0,0.0,2.0,0.0,0.0,0.0,0.0,0.0,0.0,0.0,0.0,0.0,0.0,0.0,0.0,0.0,70.1,76.4,45.3,38.7,0.0,0.0,0.0,0.0,0.0,0.0,0.0,0.0,0.0,0.0,0.0,0.0,0.0,0.0,0.0,0.0,0.0,0.0,0.0,0.0,0.0,0.0,0.0,0.0,0.0,0.0,0.0,0.0,0.0,0.0,0.0,0.0,0.0,0.0,0.0,0.0,0.0,0.0,0.0,0.0,0.0,0.0,0.0,0.0,0.0,0.0,0.0,0.0,0.0,0.0,0.0,0.0,0.0,0.0,0.0,0.0,0.0,0.0,0.0,0.0,0.0,0.0,0.0,0.0,0.0,0.0,0.0,0.0,0.0,0.0,0.0,0.0,0.0,0.0,0.0,0.0,0.0,0.0,0.0,0.0,0.0,0.0,0.0,0.0,0.0,0.0,0.0,0.0,0.0,0.0,0.0,0.0,0.0,0.0,0.0,0.0,0.0,0.0,0.0,0.0,0.0,0.0,0.0,0.0,0.0,0.0,0.0,0.0,0.0,0.0,0.0,0.0,0.0,0.0,0.0,0.0,0.0,0.0,0.0,0.0,0.0,0.0,0.0,0.0,0.0,0.0,0.0,0.0,0.0,0.0,0.0,0.0,0.0,0.0,0.0,0.0,0.0,0.0,0.0,0.0,0.0,0.0,0.0,0.0,0.0,0.0,0.0,0.0,0.0,0.0,0.0,0.0,0.0",5.0,51704.33203125,980161.98828125,8684.2509765625,110755.49658203125,17.4541015625
1791364885.287266,aggregate_n32_vmnos8_r2:confirmation,2.5,"4.5,4.1,2.0,4.1,7.1,11.1,3.0,1.0,5.0,5.0,4.0,2.0,3.0,5.0,2.0,3.0,4.0,5.0,8.7,5.9,4.0,5.9,4.0,6.1,5.1,15.2,7.1,6.9,6.8,5.1,0.0,0.0,0.0,0.0,6.0,6.1,6.1,4.1,6.9,5.0,1.0,2.9,2.9,3.0,5.0,5.0,4.0,6.9,5.9,9.9,8.9,4.0,4.0,5.9,4.0,13.9,2.0,5.0,2.9,6.0,8.9,5.0,5.0,5.0,2.0,28.7,2.0,5.1,0.0,0.0,0.0,0.0,0.0,0.0,0.0,0.0,0.0,0.0,0.0,0.0,0.0,0.0,0.0,0.0,2.0,0.0,0.0,0.0,0.0,0.0,0.0,0.0,0.0,0.0,0.0,0.0,0.0,0.0,78.4,100.0,62.0,41.0,0.0,0.0,0.0,0.0,0.0,0.0,0.0,0.0,0.0,0.0,0.0,0.0,0.0,0.0,0.0,0.0,0.0,0.0,0.0,0.0,0.0,0.0,0.0,0.0,0.0,0.0,0.0,0.0,0.0,0.0,0.0,0.0,0.0,0.0,0.0,0.0,0.0,0.0,0.0,0.0,0.0,0.0,0.0,0.0,0.0,0.0,0.0,0.0,0.0,0.0,0.0,0.0,0.0,0.0,0.0,0.0,0.0,0.0,0.0,0.0,0.0,0.0,0.0,0.0,0.0,0.0,0.0,0.0,0.0,0.0,0.0,0.0,0.0,0.0,0.0,0.0,0.0,0.0,0.0,0.0,0.0,0.0,0.0,0.0,0.0,0.0,0.0,0.0,0.0,0.0,0.0,0.0,0.0,0.0,0.0,0.0,0.0,0.0,0.0,0.0,0.0,0.0,0.0,0.0,0.0,0.0,0.0,0.0,0.0,0.0,0.0,0.0,0.0,0.0,0.0,0.0,0.0,0.0,0.0,0.0,0.0,0.0,0.0,0.0,0.0,0.0,0.0,0.0,0.0,0.0,0.0,0.0,0.0,0.0,0.0,0.0,0.0,0.0,0.0,0.0,0.0,0.0,0.0,0.0,0.0,0.0,0.0,0.0,0.0,0.0,0.0,0.0,0.0",5.0,51768.30859375,980098.01171875,8684.2509765625,110755.93017578125,16.77685546875
1791364886.3094938,aggregate_n32_vmnos8_r2:confirmation,2.9,"12.4,6.1,3.2,8.0,9.0,13.3,7.3,8.0,7.8,12.7,4.0,17.2,12.1,6.0,3.0,8.0,4.0,7.9,9.1,6.9,8.1,8.0,8.0,6.2,8.1,9.4,9.3,12.4,7.3,13.3,0.0,0.0,0.0,15.8,9.0,4.0,7.8,5.0,2.0,3.9,7.0,5.1,5.1,8.9,6.1,6.1,7.0,8.0,6.9,9.9,5.0,5.0,10.0,5.9,8.2,9.3,5.0,11.8,4.0,5.9,7.1,5.9,4.0,8.0,7.1,2.0,3.0,5.1,0.0,0.0,0.0,0.0,0.0,0.0,0.0,0.0,0.0,0.0,0.0,0.0,0.0,0.0,0.0,0.0,4.0,0.0,0.0,0.0,0.0,0.0,0.0,0.0,0.0,0.0,0.0,0.0,0.0,0.0,62.0,87.3,41.7,79.6,0.0,0.0,0.0,0.0,0.0,0.0,0.0,0.0,0.0,0.0,0.0,0.0,0.0,0.0,0.0,0.0,0.0,0.0,0.0,0.0,0.0,0.0,0.0,0.0,0.0,0.0,0.0,0.0,0.0,0.0,0.0,0.0,0.0,0.0,0.0,0.0,0.0,0.0,0.0,0.0,0.0,0.0,0.0,0.0,0.0,0.0,0.0,0.0,0.0,0.0,0.0,0.0,1.0,0.0,0.0,0.0,0.0,0.0,0.0,0.0,0.0,0.0,0.0,0.0,0.0,0.0,0.0,0.0,0.0,0.0,0.0,0.0,0.0,0.0,0.0,0.0,0.0,0.0,0.0,0.0,0.0,0.0,0.0,0.0,0.0,0.0,0.0,0.0,0.0,0.0,0.0,0.0,0.0,0.0,0.0,0.0,0.0,0.0,0.0,0.0,0.0,0.0,0.0,0.0,0.0,0.0,0.0,0.0,0.0,0.0,0.0,0.0,0.0,0.0,0.0,0.0,0.0,0.0,0.0,0.0,0.0,0.0,0.0,0.0,0.0,0.0,0.0,0.0,0.0,0.0,0.0,0.0,0.0,0.0,0.0,0.0,0.0,0.0,0.0,0.0,0.0,0.0,0.0,0.0,0.0,0.0,0.0,0.0,0.0,0.0,0.0,0.0,0.0",5.0,51240.38671875,980625.93359375,8684.2509765625,110755.93408203125,16.77685546875
1791364887.3327746,aggregate_n32_vmnos8_r2:confirmation,2.3,"6.9,4.0,7.0,4.1,7.1,9.2,7.9,4.9,3.0,2.0,5.8,3.9,4.0,6.0,2.9,2.0,3.0,3.0,3.0,4.9,6.9,7.1,6.0,6.2,6.9,8.1,5.9,6.1,6.8,4.0,0.0,0.0,1.9,2.9,7.8,6.1,6.0,5.9,7.0,6.1,4.0,3.0,2.0,4.0,12.1,6.0,13.0,5.1,2.0,4.0,3.0,5.0,5.2,7.9,4.0,17.0,3.9,7.0,3.0,1.0,5.0,6.8,5.1,5.0,6.1,5.0,4.9,5.9,0.0,0.0,0.0,0.0,0.0,0.0,0.0,0.0,0.0,0.0,0.0,0.0,0.0,0.0,0.0,0.0,0.0,0.0,0.0,0.0,0.0,0.0,0.0,0.0,0.0,0.0,0.0,0.0,0.0,0.0,39.2,75.2,42.6,67.3,0.0,0.0,0.0,0.0,0.0,0.0,0.0,0.0,0.0,0.0,0.0,0.0,0.0,0.0,0.0,0.0,0.0,0.0,0.0,0.0,0.0,0.0,0.0,0.0,0.0,0.0,0.0,0.0,0.0,1.0,0.0,1.0,1.0,0.0,0.0,0.0,0.0,0.0,0.0,0.0,0.0,0.0,0.0,0.0,0.0,0.0,0.0,0.0,0.0,0.0,0.0,0.0,0.0,0.0,0.0,0.0,0.0,0.0,0.0,0.0,0.0,0.0,0.0,0.0,0.0,0.0,0.0,0.0,0.0,0.0,0.0,0.0,0.0,0.0,0.0,0.0,0.0,0.0,0.0,0.0,0.0,0.0,0.0,0.0,0.0,0.0,0.0,0.0,0.0,0.0,0.0,0.0,0.0,0.0,0.0,0.0,0.0,0.0,0.0,0.0,0.0,0.0,0.0,0.0,0.0,0.0,0.0,0.0,0.0,0.0,0.0,0.0,0.0,0.0,0.0,0.0,0.0,0.0,0.0,0.0,0.0,0.0,0.0,0.0,0.0,0.0,0.0,0.0,0.0,0.0,0.0,0.0,0.0,0.0,0.0,0.0,0.0,0.0,0.0,0.0,0.0,0.0,0.0,0.0,0.0,0.0,0.0,0.0,0.0,0.0,0.0,0.0,0.0",5.0,51224.6328125,980641.6875,8684.2509765625,110757.41845703125,16.77685546875
1791364888.354951,aggregate_n32_vmnos8_r2:confirmation,3.0,"9.9,3.2,10.1,9.3,10.8,10.0,9.3,10.0,5.9,4.0,4.0,9.0,9.1,9.3,8.0,2.0,5.2,10.2,7.1,10.9,10.0,18.0,15.3,10.6,10.0,12.2,7.1,8.9,5.1,9.3,0.0,0.0,0.0,0.0,8.8,7.1,11.2,11.3,12.0,10.8,10.1,12.2,9.0,8.1,7.3,12.4,8.1,10.2,10.2,10.1,8.0,10.9,12.1,10.0,12.2,13.4,5.1,13.1,7.1,10.7,11.2,9.1,12.6,13.0,11.5,7.1,9.2,10.4,0.0,0.0,0.0,0.0,0.0,0.0,0.0,0.0,0.0,0.0,0.0,0.0,0.0,0.0,0.0,0.0,0.0,0.0,0.0,0.0,0.0,0.0,0.0,0.0,0.0,0.0,0.0,0.0,0.0,0.0,47.0,10.0,81.8,35.4,0.0,0.0,0.0,0.0,0.0,0.0,0.0,0.0,0.0,0.0,0.0,0.0,0.0,0.0,0.0,0.0,0.0,0.0,0.0,0.0,0.0,0.0,0.0,0.0,0.0,0.0,0.0,0.0,0.0,0.0,0.0,0.0,0.0,0.0,0.0,0.0,0.0,0.0,0.0,0.0,0.0,0.0,0.0,0.0,0.0,0.0,0.0,0.0,0.0,0.0,0.0,0.0,0.0,0.0,0.0,0.0,0.0,0.0,0.0,0.0,0.0,0.0,0.0,0.0,0.0,0.0,0.0,0.0,0.0,0.0,0.0,0.0,0.0,0.0,0.0,0.0,0.0,0.0,0.0,0.0,0.0,0.0,0.0,0.0,0.0,0.0,0.0,0.0,0.0,0.0,0.0,0.0,0.0,0.0,0.0,0.0,0.0,0.0,0.0,0.0,0.0,0.0,0.0,0.0,0.0,0.0,0.0,0.0,0.0,0.0,0.0,0.0,0.0,0.0,0.0,0.0,0.0,0.0,0.0,0.0,0.0,0.0,0.0,0.0,0.0,0.0,0.0,0.0,0.0,0.0,0.0,0.0,0.0,0.0,0.0,0.0,0.0,0.0,0.0,0.0,0.0,0.0,0.0,0.0,0.0,0.0,0.0,0.0,0.0,0.0,0.0,0.0,0.0",5.0,51720.453125,980145.8671875,8684.2509765625,110757.41845703125,16.77685546875
1791364889.366526,aggregate_n32_vmnos8_r2:confirmation,2.1,"5.6,3.1,6.1,5.1,5.1,3.0,5.0,2.0,1.0,1.0,2.0,4.0,4.0,3.0,2.0,3.1,4.0,5.2,3.0,5.1,4.1,1.0,5.0,4.1,6.1,8.1,5.0,10.3,1.0,3.0,0.0,0.0,0.0,2.0,6.1,4.1,3.1,2.0,5.0,1.0,2.0,3.0,3.0,1.0,3.0,11.9,5.9,2.0,2.9,7.0,2.0,5.0,2.0,6.0,3.0,11.0,11.9,13.9,4.0,5.0,2.0,3.0,4.0,3.0,3.0,2.0,3.1,3.0,0.0,0.0,0.0,0.0,0.0,0.0,0.0,0.0,0.0,0.0,0.0,0.0,0.0,0.0,0.0,0.0,2.1,0.0,0.0,0.0,0.0,0.0,0.0,0.0,0.0,0.0,0.0,0.0,0.0,0.0,35.4,77.8,100.0,41.2,0.0,0.0,0.0,0.0,0.0,0.0,0.0,0.0,0.0,0.0,0.0,0.0,0.0,0.0,0.0,0.0,0.0,0.0,0.0,0.0,0.0,0.0,0.0,0.0,0.0,0.0,0.0,0.0,0.0,0.0,0.0,0.0,0.0,0.0,0.0,0.0,0.0,0.0,0.0,0.0,0.0,0.0,0.0,0.0,0.0,0.0,0.0,0.0,0.0,0.0,0.0,0.0,0.0,0.0,0.0,0.0,0.0,0.0,0.0,0.0,0.0,0.0,0.0,0.0,0.0,0.0,0.0,0.0,0.0,0.0,0.0,0.0,0.0,0.0,0.0,0.0,0.0,0.0,0.0,0.0,0.0,0.0,0.0,0.0,0.0,0.0,0.0,0.0,0.0,0.0,0.0,0.0,0.0,0.0,0.0,0.0,0.0,0.0,0.0,0.0,0.0,0.0,0.0,0.0,0.0,0.0,0.0,0.0,0.0,0.0,0.0,0.0,0.0,0.0,0.0,0.0,0.0,0.0,0.0,0.0,0.0,0.0,0.0,0.0,0.0,0.0,0.0,0.0,0.0,0.0,0.0,0.0,0.0,0.0,0.0,0.0,0.0,0.0,0.0,0.0,0.0,0.0,0.0,0.0,0.0,0.0,0.0,0.0,0.0,0.0,0.0,0.0,0.0",5.0,51580.28125,980286.0390625,8684.2509765625,110757.68798828125,16.77685546875
1791364890.3893807,aggregate_n32_vmnos8_r2:confirmation,3.1,"14.0,12.1,12.9,6.9,13.0,10.1,11.1,9.3,6.9,3.0,6.1,11.8,16.8,7.0,7.9,7.0,16.8,11.8,3.1,9.0,7.1,13.3,9.2,5.1,10.1,10.8,9.0,10.2,13.4,12.1,0.0,0.0,0.0,0.0,5.1,13.9,7.1,8.2,10.8,13.0,5.2,9.2,13.0,10.1,10.1,9.2,5.1,9.0,10.0,7.0,7.9,13.9,13.3,22.0,11.0,17.2,5.9,9.8,15.7,11.0,9.9,4.0,6.9,12.0,10.3,11.0,7.1,15.2,0.0,0.0,0.0,0.0,0.0,0.0,0.0,0.0,0.0,0.0,0.0,0.0,0.0,0.0,0.0,0.0,2.1,0.0,0.0,0.0,0.0,0.0,0.0,0.0,0.0,0.0,0.0,0.0,0.0,0.0,18.8,29.4,99.0,11.8,0.0,0.0,0.0,0.0,0.0,0.0,0.0,0.0,0.0,0.0,0.0,0.0,0.0,0.0,0.0,0.0,0.0,0.0,0.0,0.0,0.0,0.0,0.0,0.0,0.0,0.0,0.0,0.0,0.0,0.0,0.0,0.0,0.0,0.0,0.0,0.0,0.0,0.0,0.0,0.0,0.0,0.0,0.0,0.0,0.0,0.0,0.0,0.0,0.0,0.0,0.0,0.0,0.0,0.0,1.0,0.0,0.0,0.0,0.0,0.0,0.0,0.0,0.0,0.0,0.0,0.0,0.0,0.0,0.0,0.0,0.0,0.0,0.0,0.0,0.0,0.0,0.0,0.0,0.0,0.0,0.0,0.0,0.0,0.0,0.0,0.0,0.0,0.0,0.0,0.0,0.0,0.0,0.0,0.0,0.0,0.0,0.0,0.0,0.0,0.0,0.0,0.0,0.0,0.0,0.0,0.0,0.0,0.0,0.0,0.0,0.0,0.0,0.0,0.0,0.0,0.0,0.0,0.0,0.0,0.0,0.0,0.0,0.0,0.0,0.0,0.0,0.0,0.0,0.0,0.0,0.0,0.0,0.0,0.0,0.0,0.0,0.0,0.0,0.0,0.0,0.0,0.0,0.0,0.0,0.0,0.0,0.0,0.0,0.0,0.0,0.0,0.0,0.0",5.0,51958.9453125,979907.375,8684.2509765625,110757.68798828125,15.75341796875
1791364891.4109411,aggregate_n32_vmnos8_r2:confirmation,1.3,"3.5,2.0,1.0,1.0,2.9,7.1,3.0,7.8,0.0,0.0,5.9,5.0,0.0,1.0,0.0,1.0,4.0,3.0,0.0,1.0,0.0,1.0,1.1,0.0,3.9,1.0,0.0,0.0,2.9,1.0,0.0,0.0,0.0,0.0,8.2,8.8,0.0,4.0,3.0,2.0,1.0,1.0,1.0,0.0,2.0,1.0,5.8,0.0,2.0,2.0,1.0,2.9,0.0,3.0,1.0,1.0,0.0,2.0,0.0,1.0,2.9,0.0,2.9,1.0,3.9,0.0,1.0,1.0,0.0,0.0,0.0,0.0,0.0,0.0,0.0,0.0,0.0,0.0,0.0,0.0,0.0,0.0,0.0,0.0,2.1,0.0,0.0,0.0,0.0,0.0,0.0,0.0,0.0,0.0,0.0,0.0,0.0,0.0,30.0,44.0,100.0,22.9,0.0,0.0,0.0,0.0,0.0,0.0,0.0,0.0,0.0,0.0,0.0,0.0,0.0,0.0,0.0,0.0,0.0,0.0,0.0,0.0,0.0,0.0,0.0,0.0,0.0,0.0,0.0,0.0,0.0,0.0,0.0,0.0,0.0,0.0,0.0,0.0,0.0,0.0,0.0,0.0,0.0,0.0,0.0,0.0,0.0,0.0,0.0,0.0,0.0,0.0,0.0,0.0,0.0,0.0,0.0,0.0,0.0,0.0,0.0,0.0,0.0,0.0,0.0,0.0,0.0,0.0,0.0,0.0,0.0,0.0,0.0,0.0,0.0,0.0,0.0,0.0,0.0,1.0,0.0,0.0,0.0,0.0,0.0,0.0,0.0,0.0,0.0,0.0,0.0,0.0,0.0,0.0,0.0,0.0,0.0,0.0,0.0,0.0,0.0,0.0,0.0,0.0,0.0,0.0,0.0,0.0,0.0,0.0,0.0,0.0,0.0,0.0,0.0,0.0,0.0,0.0,0.0,0.0,0.0,0.0,0.0,0.0,0.0,0.0,0.0,0.0,0.0,0.0,0.0,0.0,0.0,0.0,0.0,0.0,0.0,0.0,0.0,0.0,0.0,0.0,0.0,0.0,0.0,0.0,0.0,0.0,0.0,0.0,0.0,0.0,0.0,0.0,0.0",5.0,52041.37109375,979824.94921875,8684.2509765625,110757.69189453125,15.75341796875
1791364892.444223,idle,3.0,"14.6,18.4,7.9,8.2,8.0,10.2,9.2,12.1,8.8,5.0,8.1,7.1,14.0,5.9,9.0,7.1,12.0,8.9,8.0,7.0,10.1,8.1,13.0,7.4,14.7,14.4,7.1,10.1,15.4,7.0,0.0,0.0,0.0,0.0,15.0,20.2,10.0,16.0,9.3,16.0,6.0,4.2,7.0,5.1,21.6,9.1,4.0,6.1,6.1,7.0,4.0,5.0,8.2,9.9,8.0,14.0,7.1,17.8,9.1,7.0,7.1,12.4,6.1,6.1,7.4,8.2,10.2,14.7,0.0,0.0,0.0,0.0,0.0,0.0,0.0,0.0,0.0,0.0,0.0,0.0,0.0,0.0,0.0,0.0,2.9,0.0,0.0,0.0,0.0,0.0,0.0,0.0,0.0,0.0,0.0,0.0,0.0,0.0,18.6,71.8,40.2,37.6,0.0,0.0,0.0,0.0,0.0,0.0,0.0,0.0,0.0,0.0,0.0,0.0,0.0,0.0,0.0,0.0,0.0,0.0,0.0,0.0,0.0,0.0,0.0,0.0,0.0,0.0,0.0,0.0,0.0,0.0,0.0,0.0,0.0,0.0,0.0,0.0,0.0,0.0,0.0,0.0,0.0,0.0,0.0,0.0,0.0,0.0,0.0,0.0,0.0,0.0,0.0,0.0,0.0,0.0,0.0,0.0,0.0,0.0,0.0,0.0,0.0,0.0,0.0,0.0,0.0,0.0,0.0,0.0,0.0,0.0,0.0,0.0,0.0,0.0,0.0,0.0,0.0,0.0,0.0,0.0,0.0,0.0,0.0,0.0,0.0,0.0,0.0,0.0,0.0,0.0,0.0,0.0,0.0,0.0,0.0,0.0,0.0,0.0,0.0,0.0,0.0,0.0,0.0,0.0,0.0,0.0,0.0,0.0,0.0,0.0,0.0,0.0,0.0,0.0,0.0,0.0,0.0,0.0,0.0,0.0,0.0,0.0,0.0,0.0,0.0,0.0,0.0,0.0,0.0,0.0,0.0,0.0,0.0,0.0,0.0,0.0,0.0,0.0,0.0,0.0,0.0,0.0,0.0,0.0,0.0,0.0,0.0,0.0,0.0,0.0,0.0,0.0,0.0",5.0,51387.61328125,980478.70703125,8684.2509765625,110759.24267578125,15.75341796875
1791364893.4769373,idle,2.0,"20.4,3.0,7.8,5.8,0.0,11.5,3.8,1.9,2.0,1.9,14.1,2.9,2.9,3.8,11.7,5.8,6.8,16.7,1.0,1.0,0.0,12.7,4.0,8.8,3.8,2.9,3.9,2.9,3.9,2.9,0.0,2.9,0.0,1.0,9.5,0.0,3.9,11.7,4.9,1.9,1.9,3.0,23.6,0.0,1.9,3.8,5.8,0.0,3.9,1.0,8.7,9.5,2.0,2.9,2.9,3.8,1.9,2.9,16.3,1.9,3.8,16.8,2.8,1.0,5.0,6.9,1.9,0.0,0.0,0.0,0.0,0.0,0.0,0.0,0.0,0.0,0.0,0.0,0.0,0.0,0.0,0.0,0.0,1.0,2.9,0.0,0.0,0.0,0.0,0.0,0.0,0.0,0.0,0.0,0.0,0.0,0.0,0.0,12.7,38.0,44.3,70.6,0.0,0.0,0.0,0.0,0.0,0.0,0.0,0.0,0.0,0.0,0.0,0.0,0.0,0.0,0.0,0.0,0.0,0.0,0.0,1.0,0.0,0.0,0.0,0.0,0.0,0.0,0.0,0.0,0.0,0.0,0.0,0.0,0.0,0.0,0.0,0.0,0.0,0.0,0.0,0.0,0.0,0.0,0.0,0.0,0.0,0.0,0.0,0.0,0.0,0.0,0.0,0.0,0.0,0.0,0.0,0.0,0.0,0.0,0.0,0.0,0.0,0.0,0.0,0.0,0.0,0.0,0.0,0.0,0.0,0.0,0.0,0.0,0.0,0.0,0.0,0.0,0.9,0.0,0.0,0.0,0.0,0.0,0.0,0.0,0.0,0.0,0.0,0.0,0.0,0.0,0.0,0.0,0.0,0.0,0.0,0.0,0.0,0.0,0.0,0.0,0.0,0.0,0.0,0.0,0.0,0.0,0.0,0.0,0.0,0.0,0.0,0.0,0.0,0.0,0.0,0.0,0.0,0.0,0.0,0.0,0.0,0.0,0.0,0.0,0.0,0.0,0.0,0.0,0.0,0.0,0.0,0.0,0.0,0.0,0.0,0.0,0.0,0.0,0.0,0.0,0.0,0.0,0.0,0.0,0.0,0.0,0.0,0.0,0.0,0.0,0.0,0.0,0.0",5.0,51361.03515625,980505.28515625,8684.2509765625,110759.24267578125,15.75341796875
1791364894.6537955,idle,3.1,"17.4,5.3,32.2,12.9,3.5,27.8,7.1,3.5,9.9,15.8,7.0,9.0,20.0,9.9,15.5,7.9,10.4,8.9,8.7,6.2,6.1,10.2,13.3,12.7,12.8,10.3,8.8,8.6,15.0,7.1,0.0,0.0,0.0,0.0,7.1,6.3,4.4,8.0,15.7,14.8,9.2,8.8,5.3,5.3,5.4,7.0,9.5,7.0,10.4,5.4,9.5,9.6,12.5,16.5,6.2,7.0,13.2,7.1,7.0,6.9,10.3,9.6,8.8,9.6,12.1,11.6,11.2,10.4,0.0,0.0,0.0,0.0,0.0,0.0,0.0,0.0,0.0,0.0,0.0,0.0,0.0,0.0,0.0,0.0,3.5,0.0,0.0,0.0,0.0,0.0,0.0,0.0,0.0,0.0,0.0,0.0,0.0,0.0,19.8,0.9,68.4,67.8,0.0,0.0,0.0,0.0,0.0,0.0,0.0,0.0,0.0,0.0,0.0,0.0,0.0,0.0,0.0,0.0,0.0,0.0,0.0,0.0,0.0,0.0,0.0,0.0,0.0,0.0,0.0,0.0,0.0,0.0,0.0,0.0,0.0,0.0,0.0,0.0,0.0,0.0,0.0,0.0,0.0,0.0,0.0,0.0,0.0,0.0,0.0,0.0,0.0,0.0,0.0,0.0,0.0,0.0,0.0,0.0,0.0,0.0,0.0,0.0,0.0,0.0,0.0,0.0,0.0,0.0,0.0,0.0,0.0,0.0,0.0,0.0,0.0,0.0,0.0,0.0,0.0,0.0,0.0,0.0,0.0,0.0,0.0,0.0,0.0,0.0,0.0,0.0,0.0,0.0,0.0,0.0,0.0,0.0,0.0,0.0,0.0,0.0,0.0,0.0,0.0,0.0,0.0,0.0,0.0,0.0,0.0,0.0,0.0,0.0,0.0,0.0,0.0,0.0,0.0,0.0,0.0,0.0,0.0,0.0,0.0,0.0,0.0,0.0,0.0,0.0,0.0,0.0,0.0,0.0,0.0,0.0,0.0,0.0,0.0,0.0,0.0,0.0,0.0,0.0,0.0,0.0,0.0,0.0,0.0,0.0,0.0,0.0,0.0,0.0,0.0,0.0,0.0",5.0,51993.6328125,979872.6875,8684.2509765625,110759.56298828125,14.81201171875
1791364895.7764044,individual_n32_vmnos8_r3:submission,8.5,"25.7,23.9,25.2,25.9,37.3,25.7,64.9,24.5,24.1,28.3,42.7,19.4,21.3,48.1,32.4,23.9,43.2,32.4,32.1,22.2,25.9,40.4,20.4,24.1,35.8,46.4,36.4,37.6,41.7,29.5,0.0,0.0,0.0,0.0,27.5,37.3,27.1,24.8,26.2,32.1,24.1,34.9,37.4,34.3,25.2,33.6,30.2,34.0,31.5,23.4,25.7,37.6,32.4,23.8,26.9,25.2,22.1,50.0,23.1,38.4,23.1,37.5,23.6,48.2,39.1,43.0,31.7,31.1,0.0,0.0,0.0,0.0,0.0,0.0,0.0,0.0,0.0,0.0,0.0,0.0,0.0,0.0,0.0,0.0,0.0,0.0,0.0,0.0,0.0,0.0,0.0,0.0,0.0,0.0,0.0,0.0,0.0,0.0,97.4,32.1,61.3,36.0,0.0,0.0,0.0,0.0,0.0,0.0,0.0,0.0,0.0,0.0,0.0,0.0,0.0,0.0,0.0,0.0,0.0,0.0,0.0,0.0,0.0,0.0,0.0,0.0,0.0,0.0,0.0,0.0,0.0,0.0,0.0,0.0,0.0,0.0,0.0,0.0,0.0,0.0,0.0,0.0,0.0,0.0,0.0,0.0,0.0,0.0,0.0,0.0,0.0,0.0,0.0,0.0,0.0,0.0,0.0,0.0,0.0,0.0,0.0,0.0,0.0,0.0,0.0,0.0,0.0,0.0,0.0,0.0,0.0,0.0,0.0,0.0,0.0,0.0,0.0,0.0,0.0,0.0,0.0,0.0,0.0,0.0,0.0,0.0,0.0,0.0,0.0,0.0,0.0,0.0,0.0,0.0,0.0,0.0,0.0,0.0,0.0,0.0,0.0,0.0,0.0,0.0,0.0,0.0,0.0,0.0,0.0,0.0,0.0,0.0,0.0,0.0,0.0,0.0,0.0,0.0,0.0,0.0,0.0,0.0,0.0,0.0,0.0,0.0,0.0,0.0,0.0,0.0,0.0,0.0,0.0,0.0,0.0,0.0,0.0,0.0,0.0,0.0,0.0,0.0,0.0,0.0,0.0,0.0,0.0,0.0,0.0,0.0,0.0,0.0,0.0,0.0,0.0",5.0,51985.3203125,979881.0,8684.2509765625,110759.56298828125,14.81201171875
1791364896.8792999,individual_n32_vmnos8_r3:confirmation,8.3,"24.5,46.7,33.3,28.4,25.7,37.1,28.4,31.7,25.7,27.9,24.5,34.9,27.4,33.7,27.9,32.4,29.2,24.0,19.0,40.2,39.8,37.7,40.0,34.0,23.8,24.5,37.3,19.2,37.1,30.8,0.0,0.0,0.0,0.0,34.6,35.2,15.0,23.3,29.1,38.1,26.5,22.8,24.5,28.2,32.1,24.0,31.4,20.8,24.5,25.7,26.7,16.5,23.1,40.8,21.2,15.4,17.5,30.1,31.1,26.0,45.3,21.8,26.0,22.5,35.8,23.6,33.6,29.4,0.0,0.0,0.0,0.0,0.0,0.0,0.0,0.0,0.0,0.0,0.0,0.0,0.0,0.0,0.9,0.0,2.0,0.0,0.0,0.0,0.0,0.0,0.0,0.0,0.0,0.0,0.0,0.0,0.0,0.0,72.9,58.9,99.1,48.1,0.0,0.0,0.0,0.0,0.0,0.0,0.0,0.0,0.0,0.0,0.0,0.0,0.0,0.0,0.0,0.0,0.0,0.0,0.0,0.0,0.0,0.0,0.0,0.0,0.0,0.0,0.0,0.0,0.0,0.0,0.0,0.0,0.0,0.0,0.0,0.0,0.0,0.0,0.0,0.0,0.0,0.0,0.0,0.0,0.0,0.0,0.0,0.0,0.0,0.0,0.0,0.0,0.0,0.0,0.0,0.0,0.0,0.0,0.0,0.0,0.0,0.0,0.0,0.0,0.0,0.0,0.0,0.0,0.0,0.0,0.0,0.0,0.0,0.0,0.0,0.0,0.0,0.0,0.0,0.0,0.0,0.0,0.0,0.0,0.0,0.0,0.0,0.0,0.0,0.0,0.0,0.0,0.0,0.0,0.0,0.0,0.0,0.0,0.0,0.0,0.0,0.0,0.0,0.0,0.0,0.0,0.0,0.0,0.0,0.0,0.0,0.0,0.0,0.0,0.0,0.0,0.0,0.0,0.0,0.0,0.0,0.0,0.0,0.0,0.0,0.0,0.0,0.0,0.0,0.0,0.0,0.0,0.0,0.0,0.0,0.0,0.0,0.0,0.0,0.0,0.0,0.0,0.0,0.0,0.0,0.0,0.0,0.0,0.0,0.0,0.0,0.0,0.0",5.1,52281.765625,979584.5546875,8684.2509765625,110759.56298828125,14.81201171875
1791364898.2967074,individual_n32_vmnos8_r3:confirmation,2.7,"10.0,6.9,4.4,21.0,7.5,17.3,9.1,14.8,10.5,6.1,6.8,24.1,7.5,6.1,18.5,7.4,3.1,9.8,2.5,11.5,17.1,3.1,13.0,8.0,9.1,14.8,11.1,13.8,5.0,6.8,0.0,0.0,0.0,1.2,13.1,4.3,11.2,10.1,12.7,14.8,12.7,7.4,3.7,15.2,1.8,3.7,6.7,6.8,3.1,14.5,3.7,8.3,10.6,16.6,16.4,6.2,4.4,7.5,2.5,4.9,4.3,20.2,11.1,6.8,7.8,3.8,2.5,5.5,0.0,0.0,0.0,0.0,0.0,0.0,0.0,0.0,0.0,0.0,0.0,0.0,0.0,0.0,0.0,0.0,2.5,0.0,0.0,0.0,0.0,0.0,0.0,0.0,0.0,0.0,0.0,0.0,0.0,0.0,25.8,51.2,58.2,99.4,0.0,0.0,0.0,0.0,0.0,0.0,0.0,0.0,0.0,0.0,0.0,0.0,0.0,0.0,0.0,0.0,0.0,0.0,0.0,0.0,0.0,0.0,0.0,0.0,0.0,0.0,0.0,0.0,0.0,0.0,0.0,0.0,0.0,0.0,0.0,0.0,0.0,0.0,0.0,0.0,0.0,0.0,0.0,0.0,0.0,0.0,0.0,0.0,0.0,0.0,0.0,0.0,0.0,0.0,0.0,0.0,0.0,0.0,0.0,0.0,0.0,0.0,0.0,0.0,0.0,0.0,0.0,0.0,0.0,0.0,0.0,0.6,0.0,0.0,0.0,0.0,0.0,0.6,0.0,0.0,0.0,0.0,0.0,0.0,0.0,0.0,0.0,0.0,0.0,0.0,0.0,0.0,0.0,0.0,0.0,0.0,0.0,0.0,0.0,0.0,0.0,0.0,0.0,0.0,0.0,0.0,0.0,0.0,0.0,0.0,0.0,0.0,0.0,0.0,0.0,0.0,0.0,0.0,0.0,0.0,0.0,0.0,0.0,0.0,0.0,0.0,0.0,0.0,0.0,0.0,0.0,0.0,0.0,0.0,0.0,0.0,0.0,0.0,0.0,0.0,0.0,0.0,0.0,0.0,0.0,0.0,0.0,0.0,0.0,0.0,0.0,0.0,0.0",5.1,52660.4296875,979205.890625,8684.2509765625,110762.08251953125,14.81201171875
1791364899.6023448,individual_n32_vmnos8_r3:confirmation,3.8,"13.5,6.0,4.9,10.7,2.9,1.9,4.9,21.0,7.0,10.7,7.6,6.7,7.7,3.0,20.6,6.9,1.9,15.4,11.8,14.9,4.8,1.9,3.9,6.7,10.5,7.8,13.6,11.5,3.9,2.9,4.8,1.9,4.8,0.9,6.8,3.9,4.8,8.9,5.9,18.6,11.5,2.9,10.4,15.4,4.8,5.8,13.9,17.3,18.6,4.9,18.3,5.9,4.0,9.8,20.4,9.8,2.9,15.4,1.9,6.5,3.9,17.6,17.6,3.8,12.0,10.7,8.8,11.7,0.0,0.0,0.0,0.0,0.0,0.0,0.0,0.0,0.0,0.0,0.0,0.0,0.0,0.0,0.0,0.0,1.0,0.0,0.0,0.0,0.0,0.0,0.0,0.0,0.0,0.0,0.0,0.0,0.0,0.0,33.7,88.7,71.2,48.6,0.0,0.0,0.0,0.0,0.0,0.0,0.0,0.0,0.0,0.0,0.0,0.0,0.0,0.0,0.0,0.0,0.0,0.0,0.0,0.0,0.0,0.0,0.0,0.0,0.0,0.0,0.0,0.0,0.0,0.0,0.0,0.0,0.0,0.0,0.0,0.0,0.0,0.0,0.0,0.0,0.0,0.0,0.0,0.0,0.0,0.0,0.0,0.0,0.0,0.0,0.0,0.0,0.0,0.0,0.0,0.0,0.0,0.0,0.0,0.0,0.0,0.0,0.0,0.0,0.0,0.0,0.0,0.0,0.0,0.0,0.0,0.0,0.0,0.0,0.0,0.0,0.0,0.0,0.0,0.0,0.0,0.0,0.0,0.0,0.0,0.0,0.0,0.0,0.0,0.0,0.0,0.0,0.0,0.0,0.0,0.0,0.0,0.0,0.0,0.0,0.0,0.0,0.0,0.0,0.0,0.0,0.0,0.0,0.0,0.0,0.0,0.0,0.0,0.0,0.0,0.0,0.0,0.0,0.0,0.0,0.0,0.0,0.0,0.0,0.0,0.0,0.0,0.0,0.0,0.0,0.0,0.0,0.0,0.0,0.0,0.0,0.0,0.0,0.0,0.0,0.0,0.0,0.0,0.0,0.0,0.0,0.0,0.0,0.0,0.0,0.0,0.0,0.0",5.1,52160.16015625,979706.16015625,8684.2509765625,110762.43408203125,13.78564453125
1791364901.3062062,individual_n32_vmnos8_r3:confirmation,3.8,"14.9,7.8,7.5,5.9,6.9,6.0,6.4,15.9,3.0,8.0,10.2,13.6,4.0,4.9,11.6,7.0,5.5,9.2,8.0,12.7,14.2,19.8,12.7,6.7,16.2,13.3,13.6,23.5,13.8,8.1,2.4,1.5,2.4,0.0,6.7,18.4,20.5,11.7,8.7,13.7,9.1,8.0,16.2,11.4,10.6,25.4,12.0,15.0,4.5,5.9,9.5,13.6,7.1,10.7,11.4,18.6,9.5,22.4,13.3,6.0,5.0,9.4,5.5,3.0,11.9,9.7,12.4,6.8,0.0,0.0,0.0,0.0,0.0,0.0,0.0,0.0,0.0,0.0,0.0,0.0,0.0,0.0,0.0,0.5,2.1,0.0,0.0,0.0,0.0,0.0,0.0,0.0,0.0,0.0,0.0,0.0,0.0,0.0,65.7,60.3,50.7,48.7,0.0,0.0,0.0,0.0,0.0,0.0,0.0,0.0,0.0,0.0,0.0,0.0,0.0,0.0,0.0,0.0,0.0,0.0,0.0,0.0,0.0,0.0,0.0,0.0,0.0,0.0,0.0,0.0,0.0,0.0,0.0,0.0,0.0,0.0,0.0,0.0,0.5,0.0,0.0,0.0,0.0,0.0,0.0,0.5,0.0,0.0,0.0,0.0,0.0,0.0,0.0,0.0,0.0,0.0,0.0,0.0,0.0,0.0,0.0,0.0,0.0,0.0,0.0,0.0,0.0,0.5,0.0,0.0,0.0,0.0,0.0,0.0,0.0,0.0,0.0,0.0,0.0,0.0,0.0,0.0,0.0,0.0,0.0,0.0,0.0,0.0,0.0,0.0,0.0,0.0,0.0,0.0,0.0,0.0,0.0,0.0,0.0,0.0,0.0,0.0,0.0,0.0,0.0,0.0,0.0,0.0,0.0,0.0,0.0,0.0,0.0,0.0,0.0,0.0,0.0,0.0,0.0,0.0,0.0,0.0,0.0,0.0,0.0,0.0,0.0,0.0,0.0,0.0,0.0,0.0,0.0,0.0,0.0,0.0,0.0,0.0,0.0,0.0,0.0,0.0,0.0,0.0,0.0,0.0,0.0,0.0,0.0,0.0,0.0,0.0,0.0,0.0,0.0",5.0,51696.640625,980169.6796875,8684.2509765625,110762.43798828125,13.78564453125
1791364903.4125934,individual_n32_vmnos8_r3:confirmation,4.0,"11.7,13.1,23.3,17.6,17.1,17.1,12.3,16.8,16.0,13.3,16.0,23.8,7.8,12.8,8.8,14.6,11.8,10.7,10.2,9.3,14.1,6.1,24.6,22.4,26.7,15.3,9.8,8.2,13.1,13.8,0.0,2.0,0.0,1.5,16.2,8.6,17.9,10.6,24.6,19.8,8.2,7.7,17.3,4.6,7.7,9.2,14.6,9.1,8.2,10.7,10.0,14.9,12.3,11.7,11.1,16.3,9.6,10.1,5.5,14.4,14.7,19.1,14.9,10.6,19.9,20.1,11.5,15.2,0.0,0.0,0.0,0.0,0.0,0.0,0.0,0.0,0.0,0.0,0.0,0.0,0.0,0.0,0.0,0.0,2.1,0.0,0.0,0.0,0.0,0.0,0.0,0.0,0.0,0.0,0.0,0.0,0.0,0.0,43.7,78.7,43.4,86.2,0.0,0.0,0.0,0.0,0.0,0.0,0.0,0.0,0.0,0.0,0.0,0.0,0.0,0.0,0.0,0.0,0.0,0.0,0.0,0.0,0.0,0.0,0.0,0.0,0.0,0.0,0.0,0.0,0.0,0.0,0.0,0.0,0.0,0.0,0.0,0.0,0.0,0.0,0.0,0.0,0.0,0.0,0.0,0.0,0.0,0.0,0.0,0.0,0.0,0.0,0.0,0.0,0.0,0.0,0.0,0.0,0.0,0.0,0.0,0.0,0.0,0.0,0.0,0.0,0.0,0.0,0.0,0.0,0.0,0.0,0.0,0.0,0.0,0.0,0.0,0.0,0.0,0.0,0.0,0.0,0.0,0.0,0.0,0.0,0.0,0.0,0.0,0.0,0.0,0.0,0.0,0.0,0.0,0.0,0.0,0.0,0.0,0.0,0.0,0.0,0.0,0.0,0.0,0.0,0.0,0.0,0.0,0.0,0.0,0.0,0.0,0.0,0.0,0.0,0.0,0.0,0.0,0.0,0.0,0.0,0.0,0.0,0.0,0.0,0.0,0.0,0.0,0.0,0.0,0.0,0.0,0.0,0.0,0.0,0.0,0.0,0.0,0.0,0.0,0.0,0.0,0.0,0.0,0.0,0.0,0.0,0.0,0.0,0.0,0.0,0.0,0.0,0.0",4.9,50929.12890625,980937.19140625,8684.2509765625,110764.79736328125,13.78564453125
1791364905.4067142,individual_n32_vmnos8_r3:confirmation,4.7,"10.7,22.3,25.8,20.0,18.7,10.2,22.5,12.3,19.0,21.5,13.6,23.0,22.2,14.0,13.4,16.8,40.3,13.6,21.6,6.9,8.1,12.6,16.5,15.5,12.7,9.2,7.1,8.6,19.9,20.2,2.0,1.5,0.0,0.5,19.4,11.1,10.6,27.7,19.9,10.2,10.2,18.4,16.0,10.2,9.4,11.6,14.8,16.8,14.9,11.6,12.6,17.7,10.1,11.7,12.9,10.2,16.1,20.5,22.7,14.5,9.2,21.5,15.6,14.8,24.7,18.1,22.6,26.6,0.0,0.0,0.0,0.0,0.0,0.0,0.0,0.0,0.0,0.0,0.0,0.0,0.0,0.0,0.0,0.0,1.6,0.0,0.0,0.0,0.0,0.0,0.0,0.0,0.0,0.0,0.0,0.0,0.0,0.0,49.0,20.0,70.8,22.6,0.0,0.0,0.0,0.5,0.0,0.0,0.0,0.0,0.0,0.0,0.0,0.0,0.0,0.0,0.0,0.0,0.0,0.0,0.0,0.0,0.0,0.0,0.0,0.0,0.0,0.0,0.0,0.0,0.0,0.0,0.0,0.0,0.0,0.0,0.0,0.0,0.0,0.0,0.0,0.0,0.0,0.5,0.0,0.0,0.5,0.0,0.0,0.5,0.5,0.5,0.0,0.0,0.0,0.0,0.0,0.0,0.0,0.0,0.0,0.0,0.0,0.0,0.0,0.0,0.0,0.0,0.0,0.0,0.0,0.0,0.0,0.0,0.0,0.0,0.0,0.0,0.0,0.0,0.0,0.0,0.5,0.0,0.0,0.0,0.0,0.0,0.0,0.0,0.0,0.0,0.0,0.0,0.0,0.0,0.0,0.0,0.0,0.0,0.0,0.0,0.0,0.0,0.0,0.0,0.0,0.0,0.0,0.0,0.0,0.0,0.0,0.0,0.0,0.0,0.0,0.0,0.0,0.0,0.0,0.0,0.0,0.0,0.0,0.0,0.0,0.0,0.0,0.0,0.0,0.0,0.0,0.0,0.0,0.0,0.0,0.0,0.0,0.0,0.0,0.0,0.0,0.0,0.0,0.0,0.0,0.0,0.0,0.0,0.0,0.0,0.0,0.0,0.0",4.9,50226.4609375,981639.859375,8684.2509765625,110765.30126953125,14.92431640625
1791364906.786089,individual_n32_vmnos8_r3:confirmation,4.4,"8.5,6.6,28.8,17.9,11.2,22.1,18.9,5.4,3.6,14.3,11.9,21.6,30.4,24.3,21.7,19.0,26.3,23.7,19.3,10.7,4.4,23.6,13.3,23.2,18.0,7.1,21.1,8.1,33.0,7.3,0.0,0.0,0.0,0.0,19.5,6.4,22.7,18.2,7.2,24.1,13.2,17.9,12.5,24.3,14.9,3.5,6.2,4.5,27.3,6.2,7.2,8.9,8.0,10.7,14.8,12.6,6.2,8.8,6.3,27.0,17.7,8.3,8.8,22.3,34.9,20.0,11.3,23.7,0.0,0.0,0.0,0.0,0.0,0.0,0.0,0.0,0.0,0.0,0.0,0.0,0.0,0.0,0.0,0.0,5.3,0.0,0.0,0.0,0.0,0.0,0.0,0.0,0.0,0.0,0.0,0.0,0.0,0.0,50.9,50.0,14.9,89.6,0.9,0.0,0.0,0.0,0.0,0.0,0.0,0.0,0.0,0.0,0.0,0.0,0.0,0.0,0.0,0.0,0.0,0.0,0.0,0.0,0.0,0.0,0.0,0.0,0.0,0.0,0.0,0.0,0.0,0.0,0.0,0.0,0.0,0.0,0.0,0.0,0.0,0.0,0.0,0.0,0.0,0.0,0.0,0.0,0.0,0.0,0.0,0.0,0.0,0.0,0.0,0.0,0.0,0.0,0.0,0.0,0.0,0.0,0.0,0.0,0.0,0.0,0.0,0.0,0.0,0.0,0.0,0.0,0.0,0.0,0.0,0.9,0.9,0.0,0.0,0.0,0.0,0.0,0.0,0.0,0.0,0.0,0.0,0.0,0.0,0.0,0.0,0.0,0.0,0.0,0.0,0.0,0.0,0.0,0.0,0.0,0.0,0.0,0.0,0.0,0.0,0.0,0.0,0.0,0.0,0.0,0.0,0.0,0.0,0.0,0.0,0.0,0.0,0.0,0.0,0.0,0.0,0.0,0.0,0.0,0.0,0.0,0.0,0.0,0.0,0.0,0.0,0.0,0.0,0.0,0.0,0.0,0.0,0.0,0.0,0.0,0.0,0.0,0.0,0.0,0.0,0.0,0.0,0.0,0.0,0.0,0.0,0.0,0.0,0.0,0.0,0.0,0.0",4.9,50309.42578125,981556.89453125,8684.2509765625,110765.30126953125,14.92431640625
1791364907.9291306,individual_n32_vmnos8_r3:confirmation,2.2,"9.0,6.1,11.3,2.6,18.3,8.5,11.9,19.6,1.9,9.0,12.2,3.2,8.4,8.4,15.3,3.2,1.3,5.2,9.9,11.5,11.0,14.6,7.9,11.2,9.9,7.4,8.1,6.7,12.1,12.7,1.3,2.6,0.0,0.0,4.0,5.2,6.0,13.3,10.4,12.8,12.3,10.5,0.6,3.2,7.2,2.0,9.8,5.9,5.8,1.9,3.2,1.9,2.6,5.3,3.3,4.5,10.1,6.8,5.3,2.6,9.1,7.4,6.6,8.6,9.9,13.5,9.0,8.0,0.0,0.0,0.0,0.0,0.0,0.0,0.0,0.0,0.0,0.0,0.0,0.0,0.0,0.0,0.0,0.0,0.0,0.0,0.0,0.0,0.0,0.0,0.0,0.0,0.0,0.0,0.0,0.0,0.0,0.0,60.8,62.3,97.4,35.7,0.0,0.0,0.0,0.0,0.0,0.0,0.0,0.0,0.0,0.0,0.0,0.0,0.0,0.0,0.0,0.0,0.0,0.0,0.0,0.0,0.0,0.0,0.0,0.0,0.0,0.0,0.0,0.0,0.0,0.0,0.0,0.0,0.0,0.0,0.0,0.0,0.0,0.0,0.0,0.0,0.0,0.0,0.0,0.0,0.0,0.0,0.0,0.0,0.0,0.0,0.0,0.0,0.0,0.0,0.0,0.0,0.0,0.0,0.0,0.0,0.0,0.0,0.0,0.0,0.0,0.0,0.0,0.0,0.0,0.0,0.0,0.0,0.0,0.0,0.0,0.0,0.0,0.0,0.0,0.0,0.0,0.0,0.0,0.0,0.0,0.0,0.0,0.0,0.0,0.0,0.0,0.0,0.0,0.0,0.0,0.0,0.0,0.0,0.0,0.0,0.0,0.0,0.0,0.0,0.0,0.0,0.0,0.0,0.0,0.0,0.0,0.0,0.0,0.0,0.0,0.0,0.0,0.0,0.0,0.0,0.0,0.0,0.0,0.0,0.0,0.0,0.0,0.0,0.0,0.0,0.0,0.0,0.0,0.0,0.0,0.0,0.0,0.0,0.0,0.0,0.0,0.0,0.0,0.0,0.0,0.0,0.0,0.0,0.0,0.0,0.0,0.0,0.0",4.9,50942.22265625,980924.09765625,8684.2509765625,110768.26611328125,14.92431640625
1791364909.47097,individual_n32_vmnos8_r3:confirmation,4.1,"2.7,10.2,15.9,20.2,19.2,13.8,16.3,6.4,14.3,14.5,22.4,9.4,11.7,10.2,10.7,7.1,4.7,5.5,6.3,3.9,4.8,12.7,9.5,3.3,10.7,16.1,4.9,5.6,8.1,1.6,0.0,3.1,0.0,2.4,4.7,5.6,4.8,18.4,4.8,9.4,7.1,8.1,4.8,19.8,4.1,20.2,7.9,9.0,13.1,5.8,8.7,10.6,7.3,8.2,21.7,14.5,8.0,8.0,8.1,6.5,8.1,9.4,22.2,24.4,10.4,14.8,7.4,18.9,0.0,0.0,0.0,0.0,0.0,0.0,0.0,0.0,0.0,0.0,0.0,0.0,0.0,0.0,0.0,0.0,0.0,0.0,0.0,0.0,0.0,0.0,0.0,0.0,0.0,0.0,0.0,0.0,0.0,0.0,97.7,68.5,17.1,53.1,0.0,0.0,0.0,0.0,0.0,0.0,0.0,0.0,0.0,0.0,0.0,0.0,0.0,0.0,0.0,0.0,0.0,0.0,0.0,0.0,0.0,0.0,0.0,0.0,0.0,0.0,0.0,0.0,0.0,0.0,0.8,0.0,0.0,0.0,0.0,0.0,0.8,0.0,0.0,0.0,0.0,0.0,0.0,0.0,0.0,0.0,0.0,0.0,0.0,0.0,0.0,0.0,0.0,0.0,0.0,0.0,0.0,0.0,0.0,0.0,0.0,0.0,0.8,0.0,0.0,0.0,0.0,0.0,0.0,0.0,0.0,0.0,0.0,0.0,0.0,0.0,0.0,0.0,0.0,0.0,0.0,0.0,0.0,0.0,0.0,0.0,0.0,0.0,0.0,0.0,0.0,0.0,0.0,0.0,0.0,0.0,0.0,0.0,0.0,0.0,0.0,0.0,0.0,0.0,0.0,0.0,0.0,0.0,0.0,0.0,0.0,0.0,0.0,0.0,0.0,0.0,0.0,0.0,0.0,0.0,0.0,0.0,0.0,0.0,0.0,0.0,0.0,0.0,0.0,0.0,0.0,0.0,0.0,0.0,0.0,0.0,0.0,0.0,0.0,0.0,0.0,0.0,0.0,0.0,0.0,0.0,0.0,0.0,0.0,0.0,0.0,0.0,0.0",4.9,50678.1328125,981188.1875,8684.2509765625,110768.51611328125,14.9306640625
1791364910.8266237,individual_n32_vmnos8_r3:confirmation,5.4,"18.0,14.8,23.2,15.4,12.4,22.6,13.8,27.0,23.9,24.8,7.2,8.9,7.0,7.0,28.7,12.4,13.0,19.5,25.4,17.0,9.7,5.2,11.8,29.8,25.2,15.7,17.9,22.8,21.6,13.3,0.0,0.0,0.0,5.0,17.4,17.8,15.8,25.4,21.1,28.1,16.7,35.0,8.0,29.9,12.5,37.7,8.8,39.8,14.4,11.7,14.2,19.6,12.6,14.8,21.4,14.0,10.5,39.5,23.7,14.9,23.5,10.6,24.8,21.1,26.5,14.8,31.9,29.6,0.0,0.0,0.0,0.0,0.0,0.0,0.0,0.0,0.0,0.0,0.0,0.0,0.0,0.0,0.0,0.0,0.9,0.0,0.0,0.0,0.0,0.0,0.0,0.0,0.0,0.0,0.0,0.0,0.0,0.0,41.4,69.8,37.3,86.4,0.0,0.0,0.0,0.0,0.0,0.0,0.0,0.0,0.0,0.0,0.0,0.0,0.0,0.0,0.0,0.0,0.0,0.0,0.0,0.0,0.0,0.0,0.0,0.0,0.0,0.0,0.0,0.0,0.0,0.0,0.0,0.0,0.0,0.0,0.0,0.0,0.0,0.0,0.0,0.0,0.0,0.0,0.0,0.0,0.0,0.0,0.0,0.0,0.0,0.0,0.0,0.0,0.0,0.0,0.0,0.0,0.0,0.0,0.0,0.0,0.0,0.0,0.0,0.0,0.0,0.0,0.0,0.0,0.0,0.0,0.0,0.0,0.0,0.0,0.0,0.0,0.0,0.0,0.0,0.0,0.0,0.0,0.0,0.0,0.0,0.0,0.0,0.0,0.0,0.0,0.0,0.0,0.0,0.0,0.0,0.0,0.0,0.0,0.0,0.0,0.0,0.0,0.0,0.0,0.0,0.0,0.0,0.0,0.0,0.0,0.0,0.0,0.0,0.0,0.0,0.0,0.0,0.0,0.0,0.0,0.0,0.0,0.0,0.0,0.0,0.0,0.0,0.0,0.0,0.0,0.0,0.0,0.0,0.0,0.0,0.0,0.0,0.0,0.0,0.0,0.0,0.0,0.0,0.0,0.0,0.0,0.0,0.0,0.0,0.0,0.0,0.0,0.0",4.9,50614.6171875,981251.703125,8684.2509765625,110768.51611328125,14.9306640625
1791364911.8712738,individual_n32_vmnos8_r3:confirmation,2.0,"15.7,6.9,4.5,18.0,5.9,8.6,2.9,2.2,14.4,9.6,13.8,5.1,3.6,2.9,7.1,9.5,3.6,5.8,6.7,11.7,3.6,8.8,3.6,8.2,10.3,6.8,4.4,4.3,5.7,10.9,2.1,0.7,2.1,1.4,2.2,2.9,7.9,2.2,2.9,5.1,0.7,4.3,10.1,0.7,0.7,1.4,0.7,17.4,2.9,2.9,3.0,5.1,1.4,1.5,1.4,1.5,2.9,2.9,5.0,13.6,4.3,6.5,10.4,11.0,9.5,4.4,1.5,0.7,0.0,0.0,0.0,0.0,0.0,0.0,0.0,0.0,0.0,0.0,0.0,0.0,0.0,0.0,0.0,0.0,0.7,0.0,0.0,0.0,0.0,0.0,0.0,0.0,0.0,0.0,0.0,0.0,0.0,0.0,27.1,57.6,78.6,57.4,0.0,0.0,0.0,0.0,0.0,0.0,0.0,0.0,0.0,0.0,0.0,0.0,0.0,0.0,0.0,0.0,0.0,0.0,0.0,0.0,0.0,0.0,0.0,0.0,0.0,0.0,0.0,0.0,0.0,0.0,0.0,0.0,0.0,0.0,0.0,0.0,0.0,0.0,0.0,0.0,0.0,0.0,0.0,0.0,0.0,0.0,0.0,0.0,0.0,0.0,0.0,0.0,0.0,0.0,0.0,0.0,0.0,0.0,0.0,0.0,0.0,0.0,0.0,0.0,0.0,0.0,0.0,0.0,0.0,0.0,0.0,0.0,0.0,0.0,0.0,0.0,0.0,0.0,0.0,0.0,0.0,0.0,0.0,0.0,0.0,0.0,0.0,0.0,0.0,0.0,0.0,0.0,0.0,0.0,0.0,0.0,0.0,0.0,0.0,0.0,0.0,0.0,0.0,0.0,0.0,0.0,0.0,0.0,0.0,0.0,0.0,0.0,0.0,0.0,0.0,0.0,0.0,0.0,0.0,0.0,0.0,0.0,0.0,0.0,0.0,0.0,0.0,0.0,0.0,0.0,0.0,0.0,0.0,0.0,0.0,0.0,0.0,0.0,0.0,0.0,0.0,0.0,0.0,0.0,0.0,0.0,0.0,0.0,0.0,0.0,0.0,0.0,0.0",4.9,50607.50390625,981258.81640625,8684.2509765625,110768.51611328125,14.9306640625
1791364913.2822843,individual_n32_vmnos8_r3:confirmation,4.4,"7.7,28.7,5.0,15.9,13.5,22.2,7.2,8.7,8.1,9.4,18.3,8.8,10.3,19.0,17.5,5.7,18.3,10.1,10.3,16.5,12.9,11.5,15.0,20.0,11.9,17.1,32.3,5.7,11.5,16.7,0.8,0.8,0.8,0.8,4.8,6.5,11.4,33.3,5.6,6.4,19.0,19.8,9.4,8.7,7.2,6.3,12.1,8.6,7.2,4.8,19.2,8.1,5.5,17.1,11.0,24.6,5.6,13.5,11.8,15.7,12.7,13.7,30.5,27.4,26.2,20.8,18.4,23.8,0.0,0.0,0.0,0.0,0.0,0.0,0.0,0.0,0.0,0.0,0.0,0.0,0.0,0.0,0.0,0.0,0.8,0.0,0.0,0.0,0.0,0.0,0.0,0.0,0.0,0.0,0.0,0.0,0.0,0.0,82.2,59.1,20.9,37.2,0.0,0.0,0.0,0.0,0.0,0.0,0.0,0.0,0.0,0.0,0.0,0.0,0.0,0.0,0.0,0.0,0.0,0.0,0.0,0.0,0.0,0.0,0.0,0.0,0.0,0.0,0.0,0.0,0.0,0.0,0.0,0.0,0.0,0.8,0.0,0.0,0.0,0.0,0.0,0.0,0.0,0.0,0.0,0.0,0.0,0.0,0.0,0.0,0.0,0.0,0.0,0.0,0.0,0.0,0.0,0.0,0.0,0.8,0.0,0.0,0.0,0.0,0.0,0.0,0.0,0.0,0.0,0.0,0.0,0.0,0.0,0.0,0.0,0.0,0.0,0.0,0.0,0.0,0.0,0.0,0.0,0.0,0.0,0.0,0.0,0.0,0.0,0.0,0.0,0.0,0.8,0.0,0.0,0.0,0.0,0.0,0.0,0.0,0.0,0.0,0.0,0.0,0.0,0.0,0.0,0.0,0.0,0.0,0.0,0.0,0.0,0.0,0.0,0.0,0.0,0.0,0.0,0.0,0.0,0.0,0.0,0.0,0.0,0.0,0.0,0.0,0.0,0.0,0.0,0.0,0.0,0.0,0.0,0.0,0.0,0.0,0.0,0.0,0.0,0.0,0.0,0.0,0.0,0.0,0.0,0.0,0.0,0.0,0.0,0.0,0.0,0.0,0.0",4.9,50449.97265625,981416.34765625,8684.2509765625,110771.30126953125,14.9306640625
1791364915.1224287,individual_n32_vmnos8_r3:confirmation,3.6,"26.5,13.8,17.3,8.3,15.5,7.2,9.6,6.7,8.2,14.3,11.5,7.9,13.4,12.5,7.1,8.4,12.0,5.4,14.4,7.6,24.6,10.7,22.9,6.8,8.9,11.0,5.4,6.0,6.0,16.2,0.6,1.2,0.0,0.0,16.0,4.2,6.1,22.9,10.2,9.1,11.4,5.3,5.4,5.4,4.2,6.0,6.0,25.1,7.1,6.5,10.2,15.7,3.6,7.1,6.5,5.4,20.5,19.2,4.9,5.5,7.9,10.4,17.1,27.4,13.1,15.1,22.0,3.6,0.0,0.0,0.0,0.0,0.0,0.0,0.0,0.0,0.0,0.0,0.0,0.0,0.0,0.0,0.0,0.0,4.4,0.0,0.0,0.0,0.0,0.0,0.0,0.0,0.0,0.0,0.0,0.0,0.0,0.0,46.7,50.0,62.1,53.5,0.0,0.0,0.0,0.0,0.0,0.0,0.0,0.0,0.0,0.0,0.0,0.0,0.0,0.0,0.0,0.0,0.0,0.0,0.0,0.0,0.0,0.0,0.0,0.0,0.0,0.0,0.0,0.0,0.0,0.0,0.0,0.0,0.0,0.0,0.0,0.0,0.0,0.0,0.0,0.0,0.0,0.0,0.0,0.0,0.0,0.0,0.0,0.0,0.0,0.0,0.0,0.0,0.0,0.0,0.0,0.0,0.0,0.0,0.0,0.0,0.0,0.0,0.0,0.0,0.0,0.0,0.0,0.0,0.0,0.0,0.0,0.0,0.0,0.0,0.0,0.0,0.0,0.0,0.0,0.0,0.0,0.0,0.0,0.0,0.0,0.0,0.0,0.0,0.0,0.0,0.0,0.0,0.0,0.0,0.0,0.0,0.0,0.0,0.0,0.0,0.0,0.0,0.0,0.0,0.0,0.0,0.0,0.0,0.0,0.0,0.0,0.0,0.0,0.0,0.0,0.0,0.0,0.0,0.0,0.0,0.0,0.0,0.0,0.0,0.0,0.0,0.0,0.0,0.0,0.0,0.0,0.0,0.0,0.0,0.0,0.0,0.0,0.0,0.0,0.0,0.0,0.0,0.0,0.0,0.0,0.0,0.0,0.0,0.0,0.0,0.0,0.0,0.0",4.9,50593.20703125,981273.11328125,8684.2509765625,110771.59814453125,16.8583984375
1791364916.9089515,individual_n32_vmnos8_r3:confirmation,3.7,"6.4,13.6,23.0,7.6,14.9,13.0,11.0,4.6,7.5,5.9,7.0,8.5,18.5,11.9,5.8,14.3,9.5,10.1,8.6,5.2,12.2,13.5,13.8,10.1,13.1,14.3,16.6,12.1,10.9,17.1,5.0,8.4,1.1,1.1,5.3,3.5,25.9,14.3,4.7,3.6,12.6,10.1,2.9,4.5,11.0,2.3,12.5,14.1,17.6,4.6,11.3,3.4,12.5,6.9,6.3,27.3,15.5,13.6,13.5,6.3,4.6,5.1,10.8,20.6,17.8,14.9,12.5,5.7,0.0,0.0,0.0,0.0,0.0,0.0,0.0,0.0,0.0,0.0,0.0,0.0,0.0,0.0,0.0,0.0,0.6,0.0,0.0,0.0,0.0,0.0,0.0,0.0,0.0,0.0,0.0,0.0,0.0,0.0,99.4,46.9,65.9,30.3,0.0,0.0,0.0,0.0,0.0,0.0,0.0,0.0,0.0,0.0,0.0,0.0,0.0,0.0,0.0,0.0,0.0,0.0,0.0,0.0,0.0,0.0,0.0,0.0,0.0,0.0,0.0,0.0,0.0,0.0,0.0,0.0,0.0,0.0,0.0,0.0,0.0,0.0,0.0,0.0,0.0,0.0,0.0,0.0,0.0,0.0,0.0,0.0,0.0,0.0,0.0,0.0,0.0,0.0,0.0,0.0,0.0,0.0,0.0,0.0,0.0,0.0,0.0,0.0,0.0,0.0,0.0,0.0,0.0,0.0,0.0,0.0,0.0,0.0,0.0,0.0,0.0,0.0,0.0,0.0,0.0,0.0,0.0,0.0,0.0,0.0,0.0,0.0,0.0,0.0,0.0,0.0,0.0,0.0,0.0,0.0,0.0,0.0,0.0,0.0,0.0,0.0,0.0,0.0,0.0,0.0,0.0,0.0,0.0,0.0,0.0,0.0,0.0,0.0,0.0,0.0,0.0,0.0,0.0,0.0,0.0,0.0,0.0,0.0,0.0,0.0,0.0,0.0,0.0,0.0,0.0,0.0,0.0,0.0,0.0,0.0,0.0,0.0,0.0,0.0,0.0,0.0,0.0,0.0,0.0,0.0,0.0,0.0,0.0,0.0,0.0,0.0,0.0",4.9,50651.98828125,981214.33203125,8684.2509765625,110771.59814453125,16.8583984375
1791364918.46067,individual_n32_vmnos8_r3:confirmation,4.1,"6.3,3.6,15.2,15.7,20.7,6.4,9.3,15.8,23.9,13.8,9.2,21.4,16.1,8.5,10.1,8.0,24.8,11.5,13.1,8.2,7.3,19.3,19.0,9.7,16.1,10.2,9.2,7.9,12.2,16.8,9.9,8.5,0.0,0.0,24.8,6.6,17.2,8.6,5.8,7.1,10.8,8.6,12.7,19.3,10.8,17.5,9.6,12.3,7.9,17.0,8.0,22.9,18.4,5.8,10.2,9.2,7.7,8.6,11.5,36.2,10.1,4.9,10.1,17.1,24.1,18.2,18.7,10.9,0.0,0.0,0.0,0.0,0.0,0.0,0.0,0.0,0.0,0.0,0.0,0.0,0.0,0.0,0.0,0.0,1.4,0.0,0.0,0.0,0.0,0.0,0.0,0.0,0.0,0.0,0.0,0.0,0.0,0.0,48.2,68.8,74.8,50.0,0.0,0.0,0.0,0.0,0.0,0.0,0.0,0.0,0.0,0.0,0.0,0.0,0.0,0.0,0.0,0.0,0.0,0.0,0.0,0.0,0.0,0.0,0.0,0.0,0.0,0.0,0.0,0.0,0.0,0.0,0.0,0.0,0.0,0.0,0.0,0.0,0.0,0.0,0.0,0.0,0.0,0.0,0.0,0.0,0.0,0.0,0.0,0.0,0.0,0.0,0.0,0.0,0.0,0.0,0.0,0.0,0.0,0.0,0.0,0.0,0.0,0.0,0.0,0.0,0.0,0.0,0.0,0.0,0.0,0.0,0.0,0.0,0.0,0.0,0.7,0.0,0.0,0.0,0.0,0.0,0.0,0.0,0.0,0.0,0.0,0.0,0.0,0.0,0.0,0.0,0.0,0.0,0.0,0.0,0.0,0.0,0.0,0.0,0.0,0.0,0.0,0.0,0.0,0.0,0.0,0.0,0.0,0.0,0.0,0.0,0.0,0.0,0.0,0.0,0.0,0.0,0.0,0.0,0.0,0.0,0.0,0.0,0.0,0.0,0.0,0.0,0.0,0.0,0.0,0.0,0.0,0.0,0.0,0.0,0.0,0.0,0.0,0.0,0.0,0.0,0.0,0.0,0.0,0.0,0.0,0.0,0.0,0.0,0.0,0.0,0.0,0.0,0.0",4.8,49544.62890625,982321.69140625,8684.2509765625,110773.96142578125,16.8583984375
1791364919.6104124,individual_n32_vmnos8_r3:confirmation,3.5,"10.6,6.9,9.6,9.6,8.5,9.4,3.6,8.8,6.8,3.5,3.4,13.9,8.6,14.5,6.7,6.9,12.1,6.1,8.9,11.2,8.0,13.9,12.5,11.4,17.4,5.9,17.1,10.5,8.5,9.5,0.0,0.8,0.0,0.8,8.5,6.8,8.0,8.9,7.9,14.7,19.1,19.8,11.0,6.3,15.5,6.1,10.3,7.7,12.0,22.0,13.7,4.3,3.4,15.4,14.4,3.4,16.0,13.7,11.9,12.8,15.4,4.3,6.9,6.0,22.1,11.2,14.7,16.4,0.0,0.0,0.0,0.0,0.0,0.0,0.0,0.0,0.0,0.0,0.0,0.0,0.0,0.0,0.0,0.0,0.8,0.0,0.0,0.0,0.0,0.0,0.0,0.0,0.0,0.0,0.0,0.0,0.0,0.0,83.8,62.7,25.4,64.7,0.0,0.0,0.0,0.0,0.0,0.0,0.0,0.0,0.0,0.0,0.0,0.0,0.0,0.0,0.0,0.0,0.0,0.0,0.0,0.0,0.0,0.0,0.0,0.0,0.0,0.0,0.0,0.0,0.0,0.0,0.0,0.0,0.0,0.0,0.0,0.0,0.0,0.0,0.0,0.0,0.0,0.0,0.0,0.0,0.0,0.0,0.0,0.0,0.0,0.0,0.0,0.0,0.0,0.0,0.0,0.0,0.0,0.0,0.0,0.0,0.0,0.0,0.0,0.0,0.0,0.0,0.0,0.0,0.0,0.0,0.0,0.0,0.0,0.0,0.0,0.0,0.0,0.0,0.0,0.0,0.0,0.0,0.0,0.0,0.0,0.0,0.0,0.0,0.0,0.0,0.0,0.0,0.0,0.0,0.0,0.0,0.0,0.0,0.0,0.0,0.0,0.0,0.0,0.0,0.0,0.0,0.0,0.0,0.0,0.0,0.0,0.0,0.0,0.0,0.0,0.0,0.0,0.0,0.0,0.0,0.0,0.0,0.0,0.0,0.0,0.0,0.0,0.0,0.0,0.0,0.0,0.0,0.0,0.0,0.0,0.0,0.0,0.0,0.0,0.0,0.0,0.0,0.0,0.0,0.0,0.0,0.0,0.0,0.0,0.0,0.0,0.0,0.0",4.8,49593.72265625,982272.59765625,8684.2509765625,110773.96142578125,16.8583984375
1791364920.717421,individual_n32_vmnos8_r3:confirmation,4.6,"25.2,6.7,6.7,11.4,5.7,3.7,6.5,9.3,23.9,17.8,14.0,24.3,4.7,11.2,5.6,4.7,9.2,22.0,5.9,13.3,9.3,26.9,15.9,11.2,2.8,13.6,17.6,28.0,6.5,24.3,32.1,2.7,1.9,2.8,11.5,9.8,11.4,11.2,12.1,6.7,33.6,20.6,18.8,8.4,4.7,29.0,34.0,7.6,21.7,17.8,21.7,18.9,21.5,15.1,19.6,11.1,14.6,20.0,5.8,7.6,22.2,10.4,27.1,10.2,6.6,35.8,13.2,20.0,0.0,0.0,0.0,0.0,0.0,0.0,0.0,0.0,0.0,0.0,0.0,0.0,0.0,0.0,0.0,0.0,0.0,0.0,0.0,0.0,0.0,0.0,0.0,0.0,0.0,0.0,0.0,0.0,0.0,0.0,41.3,56.1,20.4,99.1,0.0,0.0,0.0,0.0,0.0,0.0,0.0,0.0,0.0,0.0,0.0,0.0,0.0,0.0,0.0,0.0,0.0,0.0,0.0,0.0,0.0,0.0,0.0,0.0,0.0,0.0,0.0,0.0,0.0,0.0,0.0,0.0,0.0,0.0,0.0,0.0,0.0,0.0,0.0,0.0,0.0,0.0,0.0,0.0,0.0,0.0,0.0,0.0,0.0,0.0,0.0,0.0,0.0,0.0,0.0,0.0,0.0,0.0,0.0,0.0,0.0,0.0,0.0,0.0,0.0,0.0,0.0,0.0,0.0,0.0,0.0,0.0,0.0,0.0,0.0,0.0,0.0,0.0,0.0,0.0,0.0,0.0,0.0,0.0,0.0,0.0,0.0,0.0,0.0,0.0,0.0,0.0,0.0,0.0,0.0,0.0,0.0,0.0,0.0,0.0,0.0,0.0,0.0,0.0,0.0,0.0,0.0,0.0,0.0,0.0,0.0,0.0,0.0,0.0,0.0,0.0,0.0,0.0,0.0,0.0,0.0,0.0,0.0,0.0,0.0,0.0,0.0,0.0,0.0,0.0,0.0,0.0,0.0,0.0,0.0,0.0,0.0,0.0,0.0,0.0,0.0,0.0,0.0,0.0,0.0,0.0,0.0,0.0,0.0,0.0,0.0,0.0,0.0",4.8,49566.47265625,982299.84765625,8684.2509765625,110774.22705078125,16.30908203125
1791364921.7699046,individual_n32_vmnos8_r3:confirmation,1.5,"5.5,4.1,9.1,10.1,3.0,1.0,6.0,5.0,2.0,1.0,2.0,2.0,2.9,0.0,5.9,0.0,4.0,3.9,1.0,2.0,7.1,2.0,28.6,4.1,5.0,3.0,2.0,3.0,7.1,2.0,9.9,0.0,12.7,27.0,2.0,4.0,4.0,3.0,4.0,2.0,11.2,0.0,3.0,1.0,0.0,2.0,0.0,2.0,4.0,1.0,2.0,1.0,2.0,4.1,4.0,6.1,3.0,2.0,0.0,8.9,2.0,0.0,4.0,3.0,3.0,2.0,3.0,1.0,0.0,0.0,0.0,0.0,0.0,0.0,0.0,0.0,0.0,0.0,0.0,0.0,0.0,0.0,0.0,0.0,0.0,0.0,0.0,0.0,0.0,0.0,0.0,0.0,0.0,0.0,0.0,0.0,0.0,0.0,18.4,32.7,47.5,8.1,0.0,0.0,0.0,0.0,0.0,0.0,0.0,0.0,0.0,0.0,0.0,0.0,0.0,0.0,0.0,0.0,0.0,0.0,0.0,0.0,0.0,0.0,0.0,0.0,0.0,0.0,0.0,0.0,0.0,0.0,0.0,0.0,0.0,0.0,0.0,0.0,0.0,0.0,0.0,0.0,0.0,0.0,0.0,0.0,0.0,0.0,0.0,0.0,0.0,0.0,0.0,0.0,0.0,0.0,0.0,0.0,0.0,0.0,0.0,0.0,0.0,0.0,0.0,0.0,0.0,0.0,0.0,0.0,0.0,0.0,0.0,0.0,0.0,0.0,0.0,0.0,0.0,0.0,0.0,0.0,0.0,0.0,0.0,0.0,0.0,0.0,0.0,0.0,0.0,0.0,0.0,0.0,0.0,0.0,0.0,0.0,0.0,0.0,0.0,0.0,0.0,0.0,0.0,0.0,0.0,0.0,0.0,0.0,0.0,0.0,0.0,0.0,0.0,0.0,0.0,0.0,0.0,0.0,0.0,0.0,0.0,0.0,0.0,0.0,0.0,0.0,0.0,0.0,0.0,0.0,0.0,0.0,0.0,0.0,0.0,0.0,0.0,0.0,0.0,0.0,0.0,0.0,0.0,0.0,0.0,0.0,0.0,0.0,0.0,0.0,0.0,0.0,0.0",4.8,49559.140625,982307.1796875,8684.2509765625,110774.22705078125,16.30908203125
1791364922.790849,individual_n32_vmnos8_r3:confirmation,4.9,"26.3,14.4,14.3,11.9,8.1,17.8,12.1,20.6,2.1,31.0,17.3,23.0,3.1,2.1,7.1,21.0,11.2,40.0,7.1,10.8,11.0,25.3,26.0,10.0,11.2,5.2,34.7,38.4,8.0,14.3,2.9,1.0,34.7,6.8,13.3,7.0,8.0,20.0,6.1,7.1,29.6,17.3,6.4,5.2,5.3,10.0,24.5,20.6,11.0,9.0,7.0,9.9,23.8,27.0,19.4,3.1,6.1,25.0,3.0,23.5,9.3,4.0,26.7,37.0,32.0,34.0,8.0,15.8,0.0,0.0,0.0,0.0,0.0,0.0,0.0,0.0,0.0,0.0,0.0,0.0,0.0,0.0,0.0,0.0,2.1,0.0,0.0,0.0,0.0,0.0,0.0,0.0,0.0,0.0,0.0,0.0,0.0,0.0,36.6,20.2,50.0,98.0,0.0,0.0,0.0,0.0,0.0,0.0,0.0,0.0,0.0,0.0,0.0,0.0,0.0,0.0,0.0,0.0,0.0,0.0,0.0,0.0,0.0,0.0,0.0,0.0,0.0,0.0,0.0,0.0,0.0,0.0,0.0,0.0,0.0,0.0,0.0,0.0,0.0,0.0,0.0,0.0,0.0,0.0,0.0,0.0,0.0,0.0,0.0,0.0,0.0,0.0,0.0,0.0,0.0,0.0,0.0,0.0,0.0,0.0,0.0,0.0,0.0,0.0,0.0,0.0,0.0,0.0,0.0,0.0,0.0,0.0,0.0,0.0,0.0,0.0,0.0,0.0,0.0,0.0,0.0,0.0,0.0,0.0,0.0,0.0,0.0,0.0,0.0,0.0,0.0,0.0,0.0,0.0,0.0,0.0,0.0,0.0,0.0,0.0,0.0,0.0,0.0,0.0,0.0,0.0,0.0,0.0,0.0,0.0,0.0,0.0,0.0,0.0,0.0,0.0,0.0,0.0,0.0,0.0,0.0,0.0,0.0,0.0,0.0,0.0,0.0,0.0,0.0,0.0,0.0,0.0,0.0,0.0,0.0,0.0,0.0,0.0,0.0,0.0,0.0,0.0,0.0,0.0,0.0,0.0,0.0,0.0,0.0,0.0,0.0,0.0,0.0,0.0,0.0",4.8,49837.765625,982028.5546875,8684.2509765625,110774.22705078125,16.30908203125
1791364923.7987192,individual_n32_vmnos8_r3:confirmation,2.0,"8.0,6.2,13.1,9.3,3.9,2.0,4.0,12.0,2.0,1.0,6.0,5.0,5.1,3.1,3.0,4.0,2.0,6.1,1.0,1.0,4.0,6.9,4.1,4.2,9.2,5.9,5.1,3.1,4.0,7.1,3.0,4.0,3.0,0.0,6.1,6.1,13.7,5.1,8.2,7.1,3.0,2.0,2.0,5.1,7.8,3.0,3.0,5.1,5.9,6.1,2.0,3.1,1.0,3.0,0.0,4.0,4.0,1.0,1.0,16.3,1.0,2.0,3.0,2.0,2.0,0.0,1.0,3.0,0.0,0.0,0.0,0.0,0.0,0.0,0.0,0.0,0.0,0.0,0.0,0.0,0.0,0.0,0.0,0.0,0.0,0.0,0.0,0.0,0.0,0.0,0.0,0.0,0.0,0.0,0.0,0.0,0.0,0.0,57.6,36.0,91.0,44.9,0.0,0.0,0.0,0.0,0.0,0.0,0.0,0.0,0.0,0.0,0.0,0.0,0.0,0.0,0.0,0.0,0.0,0.0,0.0,0.0,0.0,0.0,0.0,0.0,0.0,0.0,0.0,0.0,0.0,0.0,0.0,0.0,0.0,0.0,0.0,0.0,0.0,0.0,0.0,0.0,0.0,0.0,0.0,0.0,0.0,0.0,0.0,0.0,0.0,0.0,0.0,0.0,0.0,0.0,0.0,0.0,0.0,0.0,0.0,0.0,0.0,0.0,0.0,0.0,0.0,0.0,0.0,1.0,0.0,0.0,0.0,0.0,0.0,0.0,0.0,0.0,0.0,0.0,0.0,0.0,0.0,0.0,0.0,0.0,0.0,0.0,0.0,0.0,0.0,0.0,0.0,0.0,0.0,0.0,0.0,0.0,0.0,0.0,0.0,0.0,0.0,0.0,0.0,0.0,0.0,0.0,0.0,0.0,0.0,0.0,0.0,0.0,0.0,0.0,0.0,0.0,0.0,0.0,0.0,0.0,0.0,0.0,0.0,0.0,0.0,0.0,0.0,1.0,0.0,0.0,0.0,0.0,0.0,0.0,0.0,0.0,0.0,0.0,0.0,0.0,0.0,0.0,0.0,0.0,0.0,0.0,0.0,0.0,0.0,0.0,0.0,0.0,0.0",4.9,50194.96484375,981671.35546875,8684.2509765625,110776.97314453125,16.30908203125
1791364924.8209958,individual_n32_vmnos8_r3:confirmation,5.4,"5.5,23.5,19.2,11.9,10.2,19.2,11.0,11.1,8.2,20.2,10.4,9.2,23.2,9.3,16.0,11.3,11.9,24.2,21.0,17.3,22.4,18.9,29.0,8.3,11.0,25.5,22.2,27.0,10.4,11.2,1.0,1.0,0.0,0.0,27.3,12.9,15.2,11.5,28.6,8.2,33.7,44.4,17.5,13.1,6.2,23.2,7.2,20.0,6.1,8.1,15.2,20.4,29.4,20.2,12.1,24.5,7.0,12.1,4.1,11.9,7.0,6.0,22.0,24.2,29.0,30.3,19.6,40.8,0.0,0.0,0.0,0.0,0.0,0.0,0.0,0.0,0.0,0.0,0.0,0.0,0.0,0.0,0.0,0.0,1.0,0.0,0.0,0.0,0.0,0.0,0.0,0.0,0.0,0.0,0.0,0.0,0.0,0.0,64.1,88.0,99.0,46.5,0.0,0.0,0.0,0.0,0.0,0.0,0.0,0.0,0.0,0.0,0.0,0.0,0.0,0.0,0.0,0.0,0.0,0.0,0.0,0.0,0.0,0.0,0.0,0.0,0.0,0.0,0.0,0.0,0.0,0.0,0.0,0.0,0.0,0.0,0.0,0.0,0.0,0.0,0.0,0.0,0.0,0.0,0.0,0.0,0.0,0.0,0.0,0.0,0.0,0.0,0.0,0.0,0.0,0.0,0.0,0.0,0.0,0.0,0.0,0.0,0.0,0.0,0.0,0.0,0.0,0.0,0.0,0.0,0.0,0.0,0.0,0.0,0.0,0.0,0.0,0.0,0.0,0.0,0.0,0.0,0.0,0.0,0.0,0.0,0.0,0.0,0.0,0.0,0.0,0.0,0.0,0.0,0.0,0.0,0.0,0.0,0.0,0.0,0.0,0.0,0.0,0.0,0.0,0.0,0.0,0.0,0.0,0.0,0.0,0.0,0.0,0.0,0.0,0.0,0.0,0.0,0.0,0.0,0.0,0.0,0.0,0.0,0.0,0.0,0.0,0.0,0.0,0.0,0.0,0.0,0.0,0.0,0.0,0.0,0.0,0.0,0.0,0.0,0.0,0.0,0.0,0.0,0.0,0.0,0.0,0.0,0.0,0.0,0.0,0.0,0.0,0.0,0.0",4.9,50446.8046875,981419.515625,8684.2509765625,110777.20751953125,20.68896484375
1791364925.8376105,idle,2.2,"25.0,14.3,0.0,4.0,2.0,0.0,16.7,6.9,4.0,6.1,8.0,5.1,12.1,5.0,3.1,3.0,5.1,1.0,2.0,10.8,2.0,11.8,7.9,7.3,8.9,3.0,7.1,2.0,3.0,5.0,2.0,3.0,1.0,10.9,2.0,2.0,8.0,9.0,5.9,2.0,8.0,0.0,5.8,8.0,3.0,8.8,2.0,3.0,3.0,8.0,1.0,0.0,1.0,20.2,2.0,2.0,2.0,5.9,1.0,3.0,8.8,1.0,5.9,2.0,3.0,6.9,4.0,7.8,0.0,0.0,0.0,0.0,0.0,0.0,0.0,0.0,0.0,0.0,0.0,0.0,0.0,1.0,0.0,0.0,1.0,0.0,0.0,0.0,0.0,0.0,0.0,0.0,0.0,0.0,0.0,0.0,0.0,0.0,67.0,93.1,26.7,32.0,0.0,0.0,0.0,0.0,0.0,0.0,0.0,0.0,0.0,0.0,0.0,0.0,0.0,0.0,0.0,0.0,0.0,0.0,0.0,0.0,0.0,0.0,0.0,0.0,0.0,0.0,0.0,1.0,0.0,0.0,0.0,0.0,0.0,0.0,0.0,0.0,0.0,0.0,0.0,0.0,0.0,0.0,0.0,0.0,0.0,0.0,0.0,0.0,0.0,0.0,0.0,0.0,0.0,0.0,0.0,0.0,0.0,0.0,0.0,0.0,0.0,0.0,0.0,0.0,0.0,0.0,0.0,0.0,0.0,0.0,0.0,0.0,0.0,0.0,0.0,0.0,0.0,0.0,0.0,0.0,0.0,0.0,0.0,0.0,0.0,1.0,0.0,0.0,0.0,0.0,0.0,0.0,0.0,0.0,0.0,0.0,0.0,0.0,0.0,0.0,0.0,0.0,0.0,0.0,0.0,0.0,0.0,0.0,0.0,0.0,0.0,0.0,0.0,0.0,0.0,0.0,0.0,0.0,0.0,0.0,0.0,0.0,0.0,0.0,0.0,0.0,0.0,0.0,0.0,0.0,0.0,0.0,0.0,0.0,0.0,0.0,0.0,0.0,0.0,0.0,0.0,0.0,0.0,0.0,0.0,0.0,0.0,0.0,0.0,0.0,0.0,0.0,0.0",4.8,49814.2734375,982052.046875,8684.2509765625,110777.36767578125,20.68896484375
1791364926.8531082,idle,5.9,"18.5,18.6,17.5,24.5,16.3,20.6,20.4,19.6,16.3,21.2,23.8,18.0,20.0,18.2,16.3,20.2,23.2,14.1,21.2,19.4,18.8,23.2,14.3,22.4,22.7,19.6,15.2,15.3,17.2,23.0,2.9,5.0,2.9,1.0,17.2,19.2,16.7,27.4,21.0,18.8,25.5,21.0,20.4,21.2,18.9,17.5,17.3,15.6,15.2,53.1,14.0,15.2,15.3,16.2,13.3,16.3,30.3,19.4,17.3,14.6,13.4,17.3,18.2,18.2,20.8,23.8,20.6,23.2,0.0,0.0,0.0,0.0,0.0,0.0,0.0,0.0,0.0,0.0,0.0,0.0,0.0,0.0,0.0,0.0,2.2,0.0,0.0,0.0,0.0,0.0,0.0,0.0,0.0,0.0,0.0,0.0,0.0,0.0,58.8,64.4,100.0,42.6,0.0,0.0,0.0,0.0,0.0,0.0,0.0,0.0,0.0,0.0,0.0,0.0,0.0,0.0,0.0,0.0,0.0,0.0,0.0,0.0,0.0,0.0,0.0,0.0,0.0,0.0,0.0,0.0,0.0,0.0,0.0,0.0,0.0,0.0,0.0,0.0,0.0,0.0,0.0,0.0,0.0,0.0,0.0,0.0,0.0,0.0,0.0,0.0,0.0,0.0,0.0,0.0,0.0,0.0,0.0,0.0,0.0,0.0,0.0,0.0,0.0,0.0,0.0,0.0,0.0,0.0,0.0,0.0,0.0,0.0,0.0,0.0,0.0,0.0,0.0,0.0,0.0,0.0,0.0,0.0,0.0,0.0,0.0,0.0,0.0,0.0,0.0,0.0,0.0,0.0,0.0,0.0,0.0,0.0,0.0,0.0,0.0,0.0,0.0,0.0,0.0,0.0,0.0,0.0,0.0,0.0,0.0,0.0,0.0,0.0,0.0,0.0,0.0,0.0,0.0,0.0,0.0,0.0,0.0,0.0,0.0,0.0,0.0,0.0,0.0,0.0,0.0,0.0,0.0,0.0,0.0,0.0,0.0,0.0,0.0,0.0,0.0,0.0,0.0,0.0,0.0,0.0,0.0,0.0,0.0,0.0,0.0,0.0,0.0,0.0,0.0,0.0,0.0",4.6,47831.73828125,984034.58203125,8684.2509765625,110777.36767578125,20.68896484375
1791364927.8999026,idle,2.4,"5.5,3.0,3.0,3.0,2.9,9.7,4.9,4.8,2.9,10.7,1.9,1.0,8.8,11.5,1.9,4.0,2.9,14.6,6.8,1.0,3.8,8.8,1.0,2.0,17.2,2.9,4.0,2.0,3.9,14.3,0.0,1.0,0.0,0.0,7.0,6.9,5.8,8.0,5.9,1.0,1.0,34.3,1.0,6.9,1.0,1.9,4.8,7.8,1.9,1.0,0.0,1.0,1.9,1.0,0.0,0.0,49.0,2.9,2.9,1.0,1.9,2.9,16.7,7.8,36.9,1.0,1.0,5.8,0.0,0.0,0.0,0.0,0.0,0.0,0.0,0.0,0.0,0.0,0.0,0.0,0.0,0.0,0.0,0.0,4.2,0.0,0.0,0.0,0.0,0.0,0.0,0.0,0.0,0.0,0.0,0.0,0.0,0.0,6.8,69.2,99.0,31.7,0.0,0.0,0.0,0.0,0.0,0.0,0.0,0.0,0.0,0.0,0.0,0.0,0.0,0.0,0.0,0.0,0.0,0.0,0.0,0.0,0.0,0.0,0.0,0.0,0.0,0.0,0.0,0.0,0.0,0.0,0.0,0.0,0.0,0.0,0.0,0.0,0.0,0.0,0.0,0.0,0.0,0.0,0.0,0.0,0.0,0.0,0.0,0.0,0.0,0.0,0.0,0.0,0.0,0.0,0.0,0.0,0.0,0.0,0.0,0.0,0.0,0.0,0.0,0.0,0.0,0.0,0.0,0.0,0.0,0.0,0.0,0.0,0.0,0.0,0.0,0.0,0.0,0.0,0.0,0.0,0.0,0.0,0.0,0.0,0.0,0.0,0.0,0.0,0.0,0.0,0.0,0.0,0.0,0.0,0.0,0.0,0.0,0.0,0.0,0.0,0.0,0.0,0.0,0.0,0.0,0.0,0.0,0.0,0.0,0.0,0.0,0.0,0.0,0.0,0.0,0.0,0.0,0.0,0.0,0.0,0.0,0.0,0.0,0.0,0.0,0.0,0.0,0.0,0.0,0.0,0.0,0.0,0.0,0.0,0.0,0.0,0.0,0.0,0.0,0.0,0.0,0.0,0.0,0.0,0.0,0.0,0.0,0.0,0.0,0.0,0.0,0.0,0.0",4.7,48337.02734375,983529.29296875,8684.2509765625,110777.36767578125,20.68896484375
1791364928.9078598,idle,3.9,"14.4,6.2,8.2,22.1,11.1,10.4,7.2,11.1,22.7,18.4,8.2,11.3,12.6,8.4,12.4,12.1,9.3,18.8,11.5,8.2,8.3,15.5,9.4,7.4,20.4,5.2,8.2,8.1,10.1,9.4,1.0,48.5,2.0,0.0,9.3,12.5,8.2,12.8,10.2,16.5,4.1,12.9,20.8,10.3,12.2,7.3,11.6,8.4,15.2,24.5,9.3,7.2,7.2,11.5,13.8,10.3,10.3,8.4,8.2,16.5,10.4,12.2,13.3,16.0,10.6,9.6,11.3,17.7,0.0,0.0,0.0,0.0,0.0,0.0,0.0,0.0,0.0,0.0,0.0,0.0,0.0,0.0,0.0,0.0,2.0,0.0,0.0,0.0,0.0,0.0,0.0,0.0,0.0,0.0,0.0,0.0,0.0,0.0,53.5,43.4,54.0,61.0,0.0,0.0,0.0,0.0,0.0,0.0,0.0,0.0,0.0,0.0,0.0,0.0,0.0,0.0,0.0,0.0,0.0,0.0,0.0,0.0,0.0,0.0,0.0,0.0,0.0,0.0,0.0,0.0,0.0,0.0,0.0,0.0,0.0,0.0,0.0,0.0,0.0,0.0,0.0,0.0,0.0,0.0,0.0,0.0,0.0,0.0,0.0,0.0,0.0,0.0,0.0,0.0,0.0,0.0,0.0,0.0,0.0,0.0,0.0,0.0,0.0,0.0,0.0,0.0,0.0,0.0,0.0,1.0,0.0,0.0,0.0,0.0,0.0,0.0,0.0,0.0,0.0,0.0,0.0,0.0,0.0,0.0,0.0,0.0,0.0,0.0,0.0,0.0,0.0,0.0,0.0,0.0,0.0,0.0,0.0,0.0,0.0,0.0,0.0,0.0,0.0,0.0,0.0,0.0,0.0,0.0,0.0,0.0,0.0,0.0,0.0,0.0,0.0,0.0,0.0,0.0,0.0,0.0,0.0,0.0,0.0,0.0,0.0,0.0,0.0,0.0,0.0,0.0,0.0,0.0,0.0,0.0,0.0,0.0,0.0,0.0,0.0,0.0,0.0,0.0,0.0,0.0,0.0,0.0,0.0,0.0,0.0,0.0,0.0,0.0,0.0,0.0,0.0",4.6,47810.5546875,984055.765625,8684.2509765625,110779.56689453125,20.68896484375
1791364929.9156783,aggregate_n32_vmnos8_r3:confirmation,2.9,"3.4,10.2,3.0,6.1,3.0,13.1,2.0,6.0,4.2,1.0,5.2,14.0,5.1,3.1,15.3,7.1,6.1,10.1,16.2,2.0,4.0,5.1,15.3,12.0,6.1,1.1,8.2,3.1,7.1,7.1,0.0,0.0,0.0,0.0,5.1,9.2,9.1,5.1,5.9,24.0,5.1,2.0,15.2,5.1,5.2,3.1,3.0,4.0,8.3,2.0,16.3,5.1,5.1,6.1,5.1,8.2,12.1,5.0,5.1,3.0,2.0,7.1,25.5,31.6,6.1,18.4,4.1,8.1,0.0,0.0,0.0,0.0,0.0,0.0,0.0,0.0,0.0,0.0,0.0,0.0,0.0,0.0,0.0,0.0,3.1,0.0,0.0,0.0,0.0,0.0,0.0,0.0,0.0,0.0,0.0,0.0,0.0,0.0,99.0,37.6,99.0,28.7,0.0,0.0,0.0,0.0,0.0,0.0,0.0,0.0,0.0,0.0,0.0,0.0,0.0,0.0,0.0,0.0,0.0,0.0,0.0,0.0,0.0,0.0,0.0,0.0,0.0,0.0,0.0,0.0,0.0,0.0,0.0,0.0,0.0,0.0,0.0,0.0,0.0,0.0,0.0,0.0,0.0,1.0,0.0,0.0,0.0,0.0,0.0,0.0,1.0,0.0,0.0,0.0,0.0,0.0,1.0,0.0,0.0,0.0,0.0,0.0,0.0,0.0,0.0,0.0,0.0,0.0,0.0,0.0,0.0,0.0,0.0,0.0,0.0,0.0,0.0,0.0,0.0,0.0,0.0,0.0,0.0,0.0,0.0,0.0,0.0,0.0,0.0,0.0,0.0,0.0,0.0,0.0,0.0,0.0,0.0,0.0,0.0,0.0,0.0,0.0,0.0,0.0,0.0,0.0,0.0,0.0,0.0,0.0,0.0,0.0,0.0,0.0,0.0,0.0,0.0,0.0,0.0,0.0,0.0,0.0,0.0,0.0,0.0,0.0,0.0,0.0,0.0,0.0,0.0,0.0,0.0,0.0,0.0,0.0,0.0,0.0,0.0,0.0,0.0,0.0,0.0,0.0,0.0,0.0,0.0,0.0,0.0,0.0,0.0,0.0,0.0,0.0,0.0",4.7,48167.296875,983699.0234375,8684.2509765625,110779.85986328125,19.3525390625
1791364930.9795876,aggregate_n32_vmnos8_r3:confirmation,3.0,"26.3,9.9,11.4,12.1,1.9,6.7,5.8,6.6,9.6,4.9,8.6,6.9,5.0,12.3,9.5,5.8,6.9,7.8,3.9,5.8,5.7,6.7,14.4,10.8,6.9,6.9,6.7,10.0,8.6,9.6,7.5,8.5,6.5,0.0,8.7,8.6,5.9,11.5,5.8,8.7,5.8,7.8,8.7,7.8,9.7,11.5,8.5,11.8,12.5,9.1,4.9,5.9,6.8,8.7,5.0,10.7,11.7,5.0,9.7,9.4,8.6,9.6,7.7,8.8,10.6,13.7,10.8,5.9,0.0,0.0,0.0,0.0,0.0,0.0,0.0,0.0,0.0,0.0,0.0,0.0,0.0,0.0,0.0,0.0,0.0,0.0,0.0,0.0,0.0,0.0,0.0,0.0,0.0,0.0,0.0,0.0,0.0,0.0,100.0,17.3,25.0,70.1,0.0,0.0,0.0,0.0,0.0,0.0,0.0,0.0,0.0,0.0,0.0,0.0,0.0,0.0,0.0,0.0,0.0,0.0,0.0,0.0,0.0,0.0,0.0,0.0,0.0,0.0,0.0,0.0,0.0,0.0,0.0,0.0,0.0,0.0,0.0,0.0,0.0,0.0,0.0,0.0,0.0,0.0,0.0,0.0,0.0,0.0,0.0,0.0,0.0,0.0,0.0,0.0,0.0,0.0,0.0,0.0,0.0,0.0,0.0,0.0,0.0,0.0,0.0,0.0,0.0,0.0,0.0,0.0,0.0,0.0,0.0,0.0,0.0,0.0,0.0,0.0,0.0,0.0,0.0,0.0,0.0,0.0,0.0,0.0,0.0,0.0,0.0,0.0,0.0,0.0,0.0,0.0,0.0,0.0,0.0,0.0,0.0,0.0,0.0,0.0,0.0,0.0,0.0,0.0,0.0,0.0,0.0,0.0,0.0,0.0,0.0,0.0,0.0,0.0,0.0,0.0,0.0,0.0,0.0,0.0,0.0,0.0,0.0,0.0,0.0,0.0,0.0,0.0,0.0,0.0,0.0,0.0,0.0,0.0,0.0,0.0,0.0,0.0,0.0,0.0,0.0,0.0,0.0,0.0,0.0,0.0,0.0,0.0,0.0,0.0,0.0,0.0,0.0",4.7,48268.44921875,983597.87109375,8684.2509765625,110779.85986328125,19.3525390625
1791364932.035059,aggregate_n32_vmnos8_r3:confirmation,1.8,"5.3,15.0,1.0,1.0,1.9,1.9,0.0,1.9,0.0,33.0,1.9,1.9,2.0,1.9,0.0,0.0,1.0,1.0,2.9,1.9,0.0,2.0,1.0,2.0,2.9,1.0,3.8,6.8,1.0,2.0,8.7,5.8,0.0,0.0,1.0,0.0,3.8,1.9,1.9,2.9,3.8,1.0,3.9,6.8,1.0,17.5,1.9,4.8,2.9,1.9,1.0,1.0,3.0,1.0,3.8,2.9,1.9,1.0,11.8,0.0,1.0,4.8,1.9,1.9,4.0,1.9,3.9,1.0,0.0,0.0,0.0,0.0,0.0,0.0,0.0,0.0,0.0,0.0,0.0,0.0,0.0,0.0,0.0,0.0,0.0,0.0,0.0,0.0,0.0,0.0,0.0,0.0,0.0,0.0,0.0,0.0,0.0,0.0,74.5,23.0,63.7,84.6,0.0,0.0,0.0,0.0,0.0,0.0,0.0,0.0,0.0,0.0,0.0,0.0,0.0,0.0,0.0,0.0,0.0,0.0,0.0,0.0,0.0,0.0,0.0,0.0,0.0,0.0,0.0,0.0,0.0,0.0,0.0,0.0,0.0,0.0,0.0,0.0,0.0,0.0,0.0,0.0,0.0,0.0,0.0,0.0,0.0,0.0,0.0,0.0,0.0,0.0,0.0,0.0,0.0,0.0,0.0,0.0,0.0,0.0,0.0,0.0,0.0,0.0,0.0,0.0,0.0,0.0,0.0,0.0,0.0,0.0,0.0,0.0,0.0,0.0,0.0,0.0,0.0,0.0,0.0,0.0,0.0,0.0,0.0,0.0,0.0,0.0,0.0,0.0,0.0,0.0,0.0,0.0,0.0,0.0,0.0,0.0,0.0,0.0,0.0,0.0,0.0,0.0,0.0,0.0,0.0,0.0,0.0,0.0,0.0,0.0,0.0,0.0,0.0,0.0,0.0,0.0,0.0,0.0,0.0,0.0,0.0,0.0,0.0,0.0,0.0,0.0,0.0,0.0,0.0,0.0,0.0,0.0,0.0,0.0,0.0,0.0,0.0,0.0,0.0,0.0,0.0,0.0,0.0,0.0,0.0,0.0,0.0,0.0,0.0,0.0,0.0,0.0,0.0",4.7,48101.64453125,983764.67578125,8684.2509765625,110779.85986328125,19.3525390625
1791364933.0609565,aggregate_n32_vmnos8_r3:confirmation,3.1,"10.3,8.1,7.1,10.0,6.0,10.2,8.0,10.0,8.2,19.0,11.0,7.1,17.5,9.2,6.2,5.2,10.0,9.2,7.1,6.1,6.9,11.1,7.9,5.2,15.0,10.0,7.2,22.4,10.2,7.1,2.0,2.9,2.0,0.0,14.9,8.8,10.0,13.1,7.8,6.1,8.3,7.9,6.1,11.3,12.1,10.1,8.0,7.1,8.1,7.2,32.3,7.8,4.0,5.0,7.1,7.0,15.6,8.1,5.1,4.0,10.7,9.1,19.6,8.8,15.7,11.5,12.5,11.7,0.0,0.0,0.0,0.0,0.0,0.0,0.0,0.0,0.0,0.0,0.0,0.0,0.0,0.0,0.0,0.0,0.0,0.0,0.0,0.0,0.0,0.0,0.0,0.0,0.0,0.0,0.0,0.0,0.0,0.0,29.7,3.9,99.0,43.1,0.0,0.0,0.0,0.0,0.0,0.0,0.0,0.0,0.0,0.0,0.0,0.0,0.0,0.0,0.0,0.0,0.0,0.0,0.0,0.0,0.0,0.0,0.0,0.0,0.0,0.0,0.0,0.0,0.0,0.0,0.0,0.0,0.0,0.0,0.0,0.0,0.0,0.0,0.0,0.0,0.0,0.0,0.0,0.0,0.0,0.0,0.0,0.0,0.0,0.0,0.0,0.0,0.0,0.0,0.0,0.0,0.0,0.0,0.0,0.0,0.0,0.0,0.0,0.0,0.0,0.0,0.0,0.0,0.0,0.0,0.0,0.0,0.0,0.0,0.0,0.0,0.0,0.0,0.0,0.0,0.0,0.0,0.0,0.0,0.0,0.0,0.0,0.0,0.0,0.0,0.0,0.0,0.0,0.0,0.0,0.0,0.0,0.0,0.0,0.0,0.0,0.0,0.0,0.0,0.0,0.0,0.0,0.0,0.0,0.0,0.0,0.0,0.0,0.0,0.0,0.0,0.0,0.0,0.0,0.0,0.0,0.0,0.0,0.0,0.0,0.0,0.0,0.0,0.0,0.0,0.0,0.0,0.0,0.0,0.0,0.0,0.0,0.0,0.0,0.0,0.0,0.0,0.0,0.0,0.0,0.0,0.0,0.0,0.0,0.0,0.0,0.0,0.0",4.7,47998.44140625,983867.87890625,8684.2509765625,110779.85986328125,19.3525390625
1791364934.0841882,aggregate_n32_vmnos8_r3:confirmation,1.6,"4.6,5.1,4.0,4.9,1.0,2.0,1.0,2.0,1.0,1.0,2.0,4.0,2.0,2.0,1.0,1.0,4.0,1.0,2.0,1.0,0.0,3.0,0.0,2.0,4.9,1.0,1.0,10.2,7.8,1.0,12.6,27.7,1.0,0.0,2.9,2.0,0.0,14.9,3.0,4.9,2.9,1.0,1.0,2.0,2.0,2.0,2.9,3.9,2.0,5.0,13.1,1.0,0.0,6.9,1.0,2.0,2.9,2.9,1.9,1.0,2.0,0.0,7.1,3.0,5.9,3.9,3.9,3.1,0.0,0.0,0.0,0.0,0.0,0.0,0.0,0.0,0.0,0.0,0.0,0.0,0.0,0.0,0.0,0.0,3.0,0.0,0.0,0.0,0.0,0.0,0.0,0.0,0.0,0.0,0.0,0.0,0.0,0.0,29.0,1.0,99.0,49.5,0.0,0.0,0.0,0.0,0.0,0.0,0.0,0.0,0.0,0.0,0.0,0.0,0.0,0.0,0.0,0.0,0.0,0.0,0.0,0.0,0.0,0.0,0.0,0.0,0.0,0.0,0.0,0.0,0.0,0.0,0.0,0.0,0.0,0.0,0.0,0.0,0.0,0.0,0.0,0.0,0.0,0.0,0.0,0.0,0.0,0.0,0.0,0.0,0.0,0.0,0.0,0.0,0.0,0.0,0.0,0.0,0.0,0.0,0.0,0.0,0.0,0.0,0.0,0.0,0.0,0.0,0.0,0.0,0.0,0.0,0.0,0.0,0.0,0.0,0.0,0.0,0.0,0.0,0.0,0.0,0.0,0.0,0.0,0.0,0.0,0.0,0.0,0.0,0.0,0.0,0.0,0.0,0.0,0.0,0.0,0.0,0.0,0.0,0.0,0.0,0.0,0.0,0.0,0.0,0.0,0.0,0.0,0.0,0.0,0.0,0.0,0.0,0.0,0.0,0.0,0.0,0.0,0.0,0.0,0.0,0.0,0.0,0.0,0.0,0.0,0.0,0.0,0.0,0.0,0.0,0.0,0.0,0.0,0.0,0.0,0.0,0.0,0.0,0.0,0.0,0.0,0.0,0.0,0.0,0.0,0.0,0.0,0.0,0.0,0.0,0.0,0.0,0.0",4.6,47732.7421875,984133.578125,8684.2509765625,110781.48876953125,19.3525390625
1791364935.1077888,aggregate_n32_vmnos8_r3:confirmation,3.2,"15.4,9.3,4.1,5.0,5.0,7.1,5.0,10.2,3.1,5.1,10.1,8.8,18.6,6.1,7.1,7.1,4.1,6.0,8.0,11.3,9.1,7.1,6.2,9.1,7.9,3.1,6.1,4.0,4.0,5.9,40.6,8.8,0.0,0.0,5.9,4.0,6.9,9.1,6.1,5.0,5.1,5.0,8.0,6.9,7.0,5.1,14.1,7.1,7.2,12.4,13.3,5.1,12.0,5.2,7.1,8.2,12.2,8.2,3.1,6.0,4.1,12.2,8.2,8.9,24.2,10.4,10.0,13.3,0.0,0.0,0.0,0.0,0.0,0.0,0.0,0.0,0.0,0.0,0.0,0.0,0.0,0.0,0.0,0.0,4.2,0.0,0.0,0.0,0.0,0.0,0.0,0.0,0.0,0.0,0.0,0.0,0.0,0.0,78.2,17.6,96.1,60.8,0.0,0.0,0.0,0.0,0.0,0.0,0.0,0.0,0.0,0.0,0.0,0.0,0.0,0.0,0.0,0.0,0.0,0.0,0.0,0.0,0.0,0.0,0.0,0.0,1.0,0.0,0.0,0.0,0.0,0.0,0.0,0.0,0.0,0.0,0.0,0.0,0.0,0.0,0.0,0.0,1.0,0.0,0.0,0.0,0.0,0.0,0.0,0.0,0.0,0.0,0.0,0.0,0.0,0.0,0.0,0.0,0.0,0.0,0.0,0.0,0.0,0.0,0.0,0.0,0.0,0.0,0.0,0.0,0.0,0.0,0.0,0.0,0.0,0.0,0.0,0.0,0.0,0.0,0.0,0.0,0.0,0.0,0.0,0.0,0.0,0.0,0.0,0.0,0.0,0.0,0.0,0.0,0.0,0.0,0.0,0.0,0.0,0.0,0.0,0.0,0.0,0.0,0.0,0.0,0.0,0.0,0.0,0.0,0.0,0.0,0.0,0.0,0.0,0.0,0.0,0.0,0.0,0.0,0.0,0.0,0.0,0.0,0.0,0.0,0.0,0.0,0.0,0.0,0.0,0.0,0.0,0.0,0.0,0.0,0.0,0.0,0.0,0.0,0.0,0.0,0.0,0.0,0.0,0.0,0.0,0.0,0.0,0.0,0.0,0.0,0.0,0.0,0.0",4.6,47868.78125,983997.5390625,8684.2509765625,110781.82080078125,18.36328125
1791364936.1307752,aggregate_n32_vmnos8_r3:confirmation,2.0,"11.4,12.2,5.9,1.0,3.0,2.0,7.9,2.0,2.0,1.0,1.0,3.9,1.0,6.9,1.0,2.0,3.9,2.0,1.0,1.0,3.0,3.0,1.9,4.1,1.0,5.9,3.1,3.9,3.0,3.0,22.0,0.0,0.0,0.0,0.0,2.0,3.0,5.0,4.0,3.9,2.0,3.0,2.0,7.1,3.0,2.0,3.0,2.0,3.0,0.0,2.0,4.1,1.1,1.0,0.0,2.0,9.8,1.0,2.9,5.9,4.0,5.0,4.0,3.0,12.0,4.2,5.8,5.0,0.0,0.0,0.0,0.0,0.0,0.0,0.0,0.0,0.0,0.0,0.0,0.0,0.0,0.0,0.0,0.0,2.0,0.0,0.0,0.0,0.0,0.0,0.0,0.0,0.0,0.0,0.0,0.0,0.0,0.0,99.0,47.1,17.2,89.2,0.0,0.0,0.0,0.0,0.0,0.0,0.0,0.0,0.0,0.0,0.0,0.0,0.0,0.0,0.0,0.0,0.0,0.0,0.0,0.0,0.0,0.0,0.0,0.0,0.0,0.0,0.0,0.0,0.0,0.0,0.0,0.0,0.0,0.0,0.0,0.0,0.0,0.0,0.0,0.0,0.0,0.0,0.0,0.0,0.0,0.0,0.0,0.0,0.0,0.0,0.0,0.0,0.0,0.0,0.0,0.0,0.0,0.0,0.0,0.0,0.0,0.0,0.0,0.0,0.0,0.0,0.0,0.0,0.0,0.0,0.0,0.0,0.0,0.0,0.0,0.0,0.0,0.0,0.0,0.0,0.0,0.0,0.0,0.0,0.0,0.0,0.0,0.0,0.0,0.0,0.0,0.0,0.0,0.0,0.0,0.0,0.0,0.0,0.0,0.0,0.0,0.0,0.0,0.0,0.0,0.0,0.0,0.0,0.0,0.0,0.0,0.0,0.0,0.0,0.0,0.0,0.0,0.0,0.0,0.0,0.0,0.0,0.0,0.0,0.0,0.0,0.0,0.0,0.0,0.0,0.0,0.0,0.0,0.0,0.0,0.0,0.0,0.0,0.0,0.0,0.0,0.0,0.0,0.0,0.0,0.0,0.0,0.0,0.0,0.0,0.0,0.0,0.0",4.7,48285.30859375,983581.01171875,8684.2509765625,110781.82080078125,18.36328125
1791364937.154439,aggregate_n32_vmnos8_r3:confirmation,3.7,"14.6,11.5,9.0,7.1,9.4,12.0,9.1,6.9,16.0,5.1,6.1,8.0,7.0,9.1,26.3,11.0,11.2,7.1,7.9,10.0,9.1,10.2,8.1,12.0,8.2,8.1,8.8,19.6,6.1,8.1,35.6,45.1,1.0,0.0,10.8,15.2,10.9,19.1,10.9,9.1,9.2,24.2,8.1,9.1,5.2,8.0,13.9,4.1,6.2,6.1,3.0,5.0,7.2,25.5,14.0,7.9,12.2,9.1,9.1,10.2,12.9,15.0,8.2,10.2,23.4,12.1,12.1,8.2,0.0,0.0,0.0,0.0,0.0,0.0,0.0,0.0,0.0,0.0,0.0,0.0,0.0,0.0,0.0,0.0,1.0,0.0,0.0,0.0,0.0,0.0,0.0,0.0,0.0,0.0,0.0,0.0,0.0,0.0,24.8,61.4,93.1,32.7,0.0,0.0,0.0,0.0,0.0,0.0,0.0,0.0,0.0,0.0,0.0,0.0,0.0,0.0,0.0,0.0,0.0,0.0,0.0,0.0,0.0,0.0,0.0,0.0,0.0,0.0,0.0,0.0,0.0,0.0,0.0,0.0,0.0,0.0,0.0,0.0,0.0,0.0,0.0,0.0,0.0,0.0,0.0,0.0,0.0,0.0,0.0,0.0,0.0,0.0,0.0,0.0,0.0,0.0,0.0,0.0,0.0,0.0,0.0,0.0,0.0,0.0,0.0,0.0,0.0,0.0,0.0,0.0,0.0,0.0,0.0,0.0,0.0,0.0,0.0,0.0,0.0,0.0,0.0,0.0,0.0,0.0,0.0,0.0,0.0,0.0,0.0,0.0,0.0,0.0,0.0,0.0,0.0,0.0,0.0,0.0,0.0,0.0,0.0,0.0,0.0,0.0,0.0,0.0,0.0,0.0,0.0,0.0,0.0,0.0,0.0,0.0,0.0,0.0,0.0,0.0,0.0,0.0,0.0,0.0,0.0,0.0,0.0,0.0,0.0,0.0,0.0,0.0,0.0,0.0,0.0,0.0,0.0,0.0,0.0,0.0,0.0,0.0,0.0,0.0,0.0,0.0,0.0,0.0,0.0,0.0,0.0,0.0,0.0,0.0,0.0,0.0,0.0",4.7,48114.74609375,983751.57421875,8684.2509765625,110781.82080078125,18.36328125
1791364938.1773741,aggregate_n32_vmnos8_r3:confirmation,2.0,"8.0,7.9,2.0,2.0,4.9,3.0,5.1,5.9,4.0,1.0,2.0,4.9,4.0,4.9,4.1,7.0,2.0,3.0,4.0,4.1,5.1,1.0,2.0,0.0,3.0,2.0,2.0,2.9,4.9,2.0,29.7,97.1,1.0,1.0,3.0,5.0,3.0,4.0,4.0,5.9,3.0,5.1,6.9,13.0,2.0,2.0,5.1,6.1,4.8,3.9,3.9,7.9,5.0,4.0,5.8,2.9,6.0,5.0,0.0,5.0,3.9,3.0,2.9,5.8,8.1,3.9,3.0,3.0,0.0,0.0,0.0,0.0,0.0,0.0,0.0,0.0,0.0,0.0,0.0,0.0,0.0,0.0,0.0,0.0,1.0,0.0,0.0,0.0,0.0,0.0,0.0,0.0,0.0,0.0,0.0,0.0,0.0,0.0,6.9,58.3,51.0,11.1,0.0,0.0,0.0,0.0,0.0,0.0,0.0,0.0,0.0,0.0,0.0,0.0,0.0,0.0,0.0,0.0,0.0,0.0,0.0,0.0,0.0,0.0,0.0,0.0,0.0,0.0,0.0,0.0,0.0,0.0,0.0,0.0,0.0,0.0,0.0,0.0,0.0,0.0,0.0,0.0,0.0,0.0,0.0,0.0,0.0,0.0,0.0,0.0,0.0,0.0,0.0,0.0,0.0,0.0,0.0,0.0,0.0,0.0,0.0,0.0,0.0,0.0,0.0,0.0,0.0,0.0,0.0,0.0,0.0,0.0,0.0,0.0,0.0,0.0,0.0,0.0,0.0,0.0,0.0,0.0,0.0,0.0,0.0,0.0,0.0,0.0,0.0,0.0,0.0,0.0,0.0,0.0,0.0,0.0,0.0,0.0,0.0,0.0,0.0,0.0,0.0,0.0,0.0,0.0,0.0,0.0,0.0,0.0,0.0,0.0,0.0,0.0,0.0,0.0,0.0,0.0,0.0,0.0,0.0,0.0,0.0,0.0,0.0,0.0,0.0,0.0,0.0,0.0,0.0,0.0,0.0,0.0,0.0,0.0,0.0,0.0,0.0,0.0,0.0,0.0,0.0,0.0,0.0,0.0,0.0,0.0,0.0,0.0,0.0,0.0,0.0,0.0,0.0",4.7,48417.4375,983448.8828125,8684.2509765625,110781.82080078125,18.36328125
1791364939.2012308,aggregate_n32_vmnos8_r3:confirmation,3.4,"18.0,12.2,7.1,7.1,8.1,7.1,7.1,6.1,27.6,17.2,21.6,6.2,7.0,4.0,24.2,8.2,12.9,10.1,8.1,12.2,11.1,11.8,9.9,7.9,3.0,9.1,5.0,17.2,5.0,5.0,30.0,15.8,0.0,0.0,5.1,28.9,4.1,15.6,16.5,6.2,10.0,9.8,5.2,10.1,6.0,6.1,10.1,8.2,6.1,6.0,7.1,27.7,6.0,5.1,4.1,12.0,10.0,10.1,11.0,10.2,8.1,15.2,10.0,7.1,19.4,7.2,13.3,12.0,0.0,0.0,0.0,0.0,0.0,0.0,0.0,0.0,0.0,0.0,0.0,0.0,0.0,0.0,0.0,0.0,2.1,0.0,0.0,0.0,0.0,0.0,0.0,0.0,0.0,0.0,0.0,0.0,0.0,0.0,63.7,60.4,3.9,40.2,0.0,0.0,0.0,0.0,0.0,0.0,0.0,0.0,0.0,0.0,0.0,0.0,0.0,0.0,0.0,0.0,0.0,0.0,0.0,0.0,0.0,0.0,0.0,0.0,0.0,0.0,0.0,0.0,0.0,0.0,0.0,0.0,0.0,0.0,0.0,0.0,0.0,0.0,0.0,0.0,0.0,0.0,0.0,0.0,0.0,0.0,0.0,0.0,0.0,0.0,0.0,0.0,0.0,0.0,0.0,0.0,0.0,0.0,1.0,0.0,0.0,0.0,0.0,0.0,0.0,0.0,0.0,0.0,0.0,0.0,0.0,0.0,0.0,0.0,0.0,0.0,0.0,0.0,0.0,0.0,0.0,0.0,0.0,0.0,0.0,0.0,0.0,0.0,0.0,0.0,0.0,0.0,0.0,0.0,0.0,0.0,0.0,0.0,0.0,0.0,0.0,0.0,0.0,0.0,0.0,0.0,0.0,0.0,0.0,0.0,0.0,0.0,0.0,0.0,0.0,0.0,0.0,0.0,0.0,0.0,0.0,0.0,0.0,0.0,0.0,0.0,0.0,0.0,0.0,0.0,0.0,0.0,0.0,0.0,0.0,0.0,0.0,0.0,0.0,0.0,0.0,0.0,0.0,0.0,0.0,0.0,0.0,0.0,0.0,0.0,0.0,0.0,0.0",4.6,47926.2578125,983940.0625,8684.2509765625,110782.89501953125,18.36328125
1791364940.224101,aggregate_n32_vmnos8_r3:confirmation,2.4,"9.0,18.8,7.8,6.9,7.0,8.7,5.9,4.1,2.9,1.0,6.1,8.9,4.0,9.9,1.0,12.1,4.0,3.9,5.0,1.0,6.1,5.1,7.1,8.1,4.0,2.0,2.0,1.0,1.0,2.9,63.4,11.8,0.0,0.0,1.0,2.0,5.8,16.5,6.2,6.9,19.8,0.0,3.9,4.0,2.0,4.9,7.8,3.0,3.9,11.7,5.8,2.0,13.9,2.9,4.0,29.0,7.1,4.0,5.0,9.8,4.1,3.0,5.0,2.0,21.6,17.5,10.0,4.0,0.0,0.0,0.0,0.0,0.0,0.0,0.0,0.0,0.0,0.0,0.0,0.0,0.0,0.0,0.0,0.0,3.1,0.0,0.0,0.0,0.0,0.0,0.0,0.0,0.0,0.0,0.0,0.0,0.0,0.0,13.7,58.3,15.7,48.0,0.0,0.0,0.0,0.0,0.0,0.0,0.0,0.0,0.0,0.0,0.0,0.0,0.0,0.0,0.0,0.0,0.0,0.0,0.0,0.0,0.0,0.0,0.0,0.0,0.0,0.0,0.0,0.0,0.0,0.0,0.0,0.0,0.0,0.0,0.0,0.0,0.0,0.0,0.0,0.0,0.0,0.0,0.0,0.0,0.0,0.0,0.0,0.0,0.0,0.0,0.0,0.0,0.0,0.0,0.0,0.0,0.0,0.0,0.0,0.0,0.0,0.0,0.0,0.0,0.0,0.0,0.0,0.0,0.0,0.0,0.0,0.0,0.0,0.0,0.0,0.0,0.0,0.0,0.0,0.0,0.0,0.0,0.0,0.0,0.0,0.0,0.0,0.0,0.0,0.0,0.0,0.0,0.0,0.0,0.0,0.0,0.0,0.0,0.0,0.0,0.0,0.0,0.0,0.0,0.0,0.0,0.0,0.0,0.0,0.0,0.0,0.0,0.0,0.0,0.0,0.0,0.0,0.0,0.0,0.0,0.0,0.0,0.0,0.0,0.0,0.0,0.0,0.0,0.0,0.0,0.0,0.0,0.0,0.0,0.0,0.0,0.0,0.0,0.0,0.0,0.0,0.0,0.0,0.0,0.0,0.0,0.0,0.0,0.0,0.0,0.0,0.0,0.0",4.7,48682.8203125,983183.5,8684.2509765625,110783.17236328125,17.453125
1791364941.2379997,aggregate_n32_vmnos8_r3:confirmation,2.4,"14.4,7.0,2.0,4.0,3.9,1.0,4.0,6.0,5.0,2.0,3.0,1.0,7.0,16.7,3.9,3.1,3.0,3.0,6.0,3.0,2.0,3.0,3.0,5.2,1.0,3.0,5.0,13.4,3.1,2.1,20.0,23.5,0.0,0.0,4.0,1.0,2.0,6.0,4.1,13.1,12.4,4.0,3.9,5.9,5.0,2.0,0.0,9.1,1.0,9.0,4.0,2.0,1.0,1.0,0.0,3.0,8.1,5.1,4.0,3.0,1.0,7.8,1.0,3.0,20.2,3.0,8.1,3.0,0.0,0.0,0.0,0.0,0.0,0.0,0.0,0.0,0.0,0.0,0.0,0.0,0.0,0.0,0.0,1.0,9.6,0.0,0.0,0.0,0.0,0.0,0.0,0.0,0.0,0.0,0.0,0.0,0.0,0.0,60.4,100.0,18.2,93.0,0.0,0.0,0.0,0.0,0.0,0.0,0.0,0.0,0.0,0.0,0.0,0.0,0.0,0.0,0.0,0.0,0.0,0.0,0.0,0.0,0.0,0.0,0.0,0.0,0.0,0.0,0.0,0.0,0.0,0.0,0.0,0.0,0.0,0.0,0.0,0.0,0.0,0.0,0.0,0.0,0.0,0.0,0.0,0.0,0.0,0.0,0.0,0.0,0.0,0.0,0.0,0.0,0.0,0.0,0.0,0.0,0.0,0.0,0.0,0.0,0.0,0.0,0.0,0.0,0.0,0.0,0.0,0.0,0.0,0.0,0.0,0.0,0.0,0.0,0.0,0.0,0.0,0.0,0.0,0.0,0.0,0.0,0.0,0.0,0.0,0.0,0.0,0.0,0.0,0.0,0.0,0.0,0.0,0.0,0.0,0.0,0.0,0.0,0.0,0.0,0.0,0.0,0.0,0.0,0.0,0.0,0.0,0.0,0.0,0.0,2.0,0.0,0.0,0.0,0.0,0.0,0.0,0.0,0.0,0.0,0.0,0.0,0.0,0.0,0.0,0.0,0.0,0.0,0.0,0.0,0.0,0.0,0.0,0.0,0.0,0.0,0.0,0.0,0.0,0.0,0.0,0.0,0.0,0.0,0.0,0.0,0.0,0.0,0.0,0.0,0.0,0.0,0.0",4.8,49143.390625,982722.9296875,8684.2509765625,110783.17236328125,17.453125
1791364942.3387494,aggregate_n32_vmnos8_r3:confirmation,2.8,"4.2,3.8,4.8,6.5,4.7,5.6,7.4,6.6,10.4,10.4,7.6,4.7,14.0,2.8,8.6,9.1,9.3,7.5,9.3,7.3,8.3,2.9,6.6,4.9,8.3,10.5,12.5,13.3,17.6,7.4,7.3,17.4,6.4,4.5,8.4,6.5,10.2,7.5,11.1,7.7,5.8,7.4,9.5,6.6,9.2,6.6,9.3,11.9,3.8,3.8,6.5,4.6,3.7,6.6,11.1,5.6,7.9,10.1,6.5,10.0,4.6,8.3,4.7,12.1,15.2,9.6,11.2,5.7,0.0,0.0,0.0,0.0,0.0,0.0,0.0,0.0,0.0,0.0,0.0,0.0,0.0,0.0,0.0,0.0,1.9,0.0,0.0,0.0,0.0,0.0,0.0,0.0,0.0,0.0,0.0,0.0,0.0,0.0,27.8,99.1,36.2,13.6,0.0,0.0,0.0,0.0,0.0,0.0,0.0,0.0,0.0,0.0,0.0,0.0,0.0,0.0,0.0,0.0,0.0,0.0,0.0,0.0,0.0,0.0,0.0,0.0,0.0,0.0,0.0,0.0,0.0,0.0,0.0,0.0,0.0,0.0,0.0,0.0,0.0,0.0,0.0,0.0,0.0,0.0,0.0,0.0,0.0,0.0,0.0,0.0,0.0,0.0,0.0,0.0,0.0,0.0,0.0,0.0,0.0,0.0,0.0,0.0,0.0,0.0,0.0,0.0,0.0,0.0,0.0,0.0,0.0,0.0,0.0,0.0,0.0,0.0,0.0,0.0,0.0,0.0,0.0,0.0,0.0,0.0,0.0,0.0,0.0,0.0,0.0,0.0,0.0,0.0,0.0,0.0,0.0,0.0,0.0,0.0,0.0,0.0,0.0,0.0,0.0,0.0,0.0,0.0,0.0,0.0,0.0,0.0,0.0,0.0,0.0,0.0,0.0,0.0,0.0,0.0,0.0,0.0,0.0,0.0,0.0,0.0,0.0,0.0,0.0,0.0,0.0,0.0,0.0,0.0,0.0,0.0,0.0,0.0,0.0,0.0,0.0,0.0,0.0,0.0,0.0,0.0,0.0,0.0,0.0,0.0,0.0,0.0,0.0,0.0,0.0,0.0,0.0",4.7,48275.796875,983590.5234375,8684.2509765625,110783.17236328125,17.453125
1791364943.3463433,aggregate_n32_vmnos8_r3:confirmation,1.6,"3.4,0.0,2.0,2.0,3.1,4.0,4.0,2.0,3.9,4.0,4.0,0.0,4.1,14.3,3.0,2.0,4.0,1.0,4.0,5.0,1.0,3.9,1.0,6.2,5.1,4.0,0.0,3.0,3.0,7.1,1.0,5.0,0.0,0.0,4.0,2.0,6.0,2.0,7.1,1.0,2.0,0.0,4.1,0.0,0.0,1.0,2.0,4.1,2.0,2.0,1.0,0.0,0.0,2.0,0.0,2.0,4.0,5.1,1.0,0.0,0.0,6.1,5.0,2.0,18.4,2.1,2.0,3.1,0.0,0.0,0.0,0.0,0.0,0.0,0.0,0.0,0.0,0.0,0.0,0.0,0.0,0.0,0.0,0.0,0.0,0.0,0.0,0.0,0.0,0.0,0.0,0.0,0.0,0.0,0.0,0.0,0.0,0.0,73.7,100.0,6.2,30.6,0.0,0.0,0.0,0.0,0.0,0.0,0.0,0.0,0.0,0.0,0.0,0.0,0.0,0.0,0.0,0.0,0.0,0.0,0.0,0.0,0.0,0.0,0.0,0.0,0.0,0.0,0.0,0.0,0.0,0.0,0.0,0.0,0.0,0.0,0.0,0.0,0.0,0.0,0.0,0.0,0.0,0.0,0.0,0.0,0.0,0.0,0.0,0.0,0.0,0.0,0.0,0.0,0.0,0.0,0.0,0.0,0.0,0.0,0.0,0.0,0.0,0.0,0.0,0.0,0.0,0.0,0.0,0.0,0.0,0.0,0.0,0.0,0.0,0.0,0.0,0.0,0.0,0.0,0.0,0.0,0.0,0.0,0.0,0.0,0.0,0.0,0.0,0.0,0.0,0.0,0.0,0.0,0.0,0.0,0.0,0.0,0.0,0.0,0.0,0.0,0.0,0.0,0.0,0.0,0.0,0.0,0.0,0.0,0.0,0.0,0.0,0.0,0.0,0.0,0.0,0.0,0.0,0.0,0.0,0.0,0.0,0.0,0.0,0.0,0.0,0.0,0.0,0.0,0.0,0.0,0.0,0.0,0.0,0.0,0.0,0.0,0.0,0.0,0.0,0.0,0.0,0.0,0.0,0.0,0.0,0.0,0.0,0.0,0.0,0.0,0.0,0.0,0.0",4.7,48395.0859375,983471.234375,8684.2509765625,110783.17236328125,17.453125
1791364944.3692827,aggregate_n32_vmnos8_r3:confirmation,3.2,"17.2,12.4,8.2,10.9,11.1,7.1,11.3,9.2,3.1,2.0,8.2,7.0,6.1,24.5,7.9,5.0,10.0,11.0,12.0,6.1,9.0,9.0,13.0,11.2,6.1,7.1,15.7,11.1,8.2,16.7,0.0,0.0,4.0,4.9,9.2,10.1,8.2,12.4,29.6,12.1,8.9,5.9,11.9,9.8,7.1,6.1,11.2,6.0,11.0,8.1,9.2,9.2,11.0,9.1,9.0,7.1,8.2,21.2,13.0,6.1,8.7,8.0,8.1,9.1,14.9,9.3,9.2,11.9,0.0,0.0,0.0,0.0,0.0,0.0,0.0,0.0,0.0,0.0,0.0,0.0,0.0,0.0,0.0,0.0,2.0,0.0,0.0,0.0,0.0,0.0,0.0,0.0,0.0,0.0,0.0,0.0,0.0,0.0,68.6,64.7,27.1,20.0,0.0,0.0,0.0,0.0,0.0,0.0,0.0,0.0,0.0,0.0,0.0,0.0,0.0,0.0,0.0,0.0,0.0,0.0,0.0,0.0,0.0,0.0,0.0,0.0,0.0,0.0,0.0,0.0,0.0,0.0,0.0,0.0,1.0,0.0,1.0,0.0,0.0,0.0,0.0,0.0,0.0,0.0,0.0,0.0,0.0,0.0,0.0,0.0,0.0,0.0,0.0,0.0,0.0,0.0,0.0,0.0,0.0,0.0,0.0,0.0,0.0,0.0,0.0,0.0,0.0,0.0,0.0,0.0,0.0,0.0,0.0,0.0,0.0,0.0,0.0,0.0,0.0,0.0,0.0,0.0,0.0,0.0,0.0,0.0,0.0,0.0,0.0,0.0,0.0,0.0,0.0,0.0,0.0,0.0,0.0,0.0,0.0,0.0,0.0,0.0,0.0,0.0,0.0,0.0,0.0,0.0,0.0,0.0,0.0,0.0,0.0,0.0,0.0,0.0,0.0,0.0,0.0,0.0,0.0,0.0,0.0,0.0,0.0,0.0,0.0,0.0,0.0,0.0,0.0,0.0,0.0,0.0,0.0,0.0,0.0,0.0,0.0,0.0,0.0,0.0,0.0,0.0,0.0,0.0,0.0,0.0,0.0,0.0,0.0,0.0,0.0,0.0,0.0",4.7,48117.6484375,983748.671875,8684.2509765625,110784.50439453125,17.453125
1791364945.3816464,aggregate_n32_vmnos8_r3:confirmation,1.8,"5.6,3.1,1.0,5.1,1.0,1.0,3.0,4.0,2.0,1.0,2.0,1.0,3.0,0.0,3.9,2.0,0.0,2.0,3.1,3.0,2.0,26.5,5.0,1.0,4.9,2.0,1.0,3.1,4.0,3.1,5.9,7.0,6.9,0.0,1.0,2.0,1.0,5.9,9.5,1.0,1.0,8.1,2.0,2.0,1.0,1.0,4.0,2.0,0.0,5.0,1.0,2.0,1.0,1.0,2.0,0.0,10.0,3.0,0.0,3.1,0.0,9.1,1.0,2.0,5.1,10.4,19.2,3.0,0.0,0.0,0.0,0.0,0.0,0.0,0.0,0.0,0.0,0.0,0.0,0.0,0.0,0.0,0.0,0.0,2.0,0.0,0.0,0.0,0.0,0.0,0.0,0.0,0.0,0.0,0.0,0.0,0.0,0.0,16.8,94.1,91.1,14.3,0.0,0.0,0.0,0.0,0.0,0.0,0.0,0.0,0.0,0.0,0.0,0.0,0.0,0.0,0.0,0.0,0.0,0.0,0.0,0.0,0.0,0.0,0.0,0.0,0.0,0.0,0.0,0.0,0.0,0.0,0.0,0.0,0.0,0.0,0.0,0.0,0.0,0.0,0.0,0.0,0.0,0.0,0.0,0.0,0.0,0.0,0.0,0.0,0.0,0.0,0.0,0.0,0.0,0.0,0.0,0.0,0.0,0.0,0.0,0.0,0.0,0.0,0.0,0.0,0.0,0.0,0.0,0.0,0.0,0.0,0.0,0.0,0.0,0.0,0.0,0.0,0.0,0.0,0.0,0.0,0.0,0.0,0.0,0.0,0.0,0.0,0.0,0.0,0.0,0.0,0.0,0.0,0.0,0.0,0.0,0.0,0.0,0.0,0.0,0.0,0.0,0.0,0.0,0.0,0.0,0.0,0.0,0.0,0.0,0.0,0.0,0.0,0.0,0.0,0.0,0.0,0.0,0.0,0.0,0.0,0.0,0.0,0.0,0.0,0.0,0.0,0.0,0.0,0.0,0.0,0.0,0.0,0.0,0.0,0.0,0.0,0.0,0.0,0.0,0.0,0.0,0.0,0.0,0.0,0.0,0.0,0.0,0.0,0.0,0.0,0.0,0.0,0.0",4.7,48318.45703125,983547.86328125,8684.2509765625,110784.75048828125,16.37548828125
1791364946.407568,aggregate_n32_vmnos8_r3:confirmation,3.0,"14.4,9.9,6.1,12.7,8.8,6.1,5.1,2.0,6.1,10.8,8.1,8.0,8.2,10.8,10.7,9.8,8.9,8.8,8.9,11.1,7.1,7.1,9.1,17.8,18.6,6.1,10.0,12.1,12.0,13.1,1.0,11.5,1.0,0.0,7.1,9.2,7.1,12.9,15.8,12.7,7.0,11.0,9.8,5.9,9.1,8.0,8.9,12.0,5.9,10.1,7.9,8.8,4.0,4.0,7.0,3.0,6.0,3.0,9.8,2.0,10.4,12.0,7.0,5.9,25.8,9.0,8.0,9.0,0.0,0.0,0.0,0.0,0.0,0.0,0.0,0.0,0.0,0.0,0.0,0.0,0.0,0.0,0.0,0.0,0.0,0.0,0.0,0.0,0.0,0.0,0.0,0.0,0.0,0.0,0.0,0.0,0.0,0.0,63.7,49.5,23.5,51.5,0.0,0.0,0.0,0.0,0.0,0.0,0.0,0.0,0.0,0.0,0.0,0.0,0.0,0.0,0.0,0.0,0.0,0.0,0.0,0.0,0.0,0.0,0.0,0.0,0.0,0.0,0.0,0.0,0.0,0.0,0.0,0.0,0.0,0.0,0.0,0.0,0.0,0.0,0.0,0.0,0.0,0.0,0.0,0.0,0.0,0.0,0.0,0.0,0.0,0.0,0.0,0.0,0.0,0.0,0.0,0.0,0.0,0.0,0.0,0.0,0.0,0.0,0.0,0.0,0.0,0.0,0.0,0.0,0.0,0.0,0.0,0.0,0.0,0.0,0.0,0.0,0.0,0.0,0.0,0.0,0.0,0.0,0.0,0.0,0.0,0.0,0.0,0.0,0.0,0.0,0.0,0.0,0.0,0.0,0.0,0.0,0.0,0.0,0.0,0.0,0.0,0.0,0.0,0.0,0.0,0.0,0.0,0.0,0.0,0.0,0.0,0.0,0.0,0.0,0.0,0.0,0.0,0.0,0.0,0.0,0.0,0.0,0.0,0.0,0.0,0.0,0.0,0.0,0.0,0.0,0.0,0.0,0.0,0.0,0.0,0.0,0.0,0.0,0.0,0.0,0.0,0.0,0.0,0.0,0.0,0.0,0.0,0.0,0.0,0.0,0.0,0.0,0.0",4.7,48162.23046875,983704.08984375,8684.2509765625,110784.75048828125,16.37548828125
1791364947.4402583,aggregate_n32_vmnos8_r3:confirmation,1.4,"3.4,1.0,1.9,2.0,4.9,2.0,3.9,2.0,6.0,2.0,2.9,2.0,2.9,1.0,1.0,1.0,1.0,0.0,1.0,0.0,0.0,3.0,1.0,0.0,5.1,3.0,2.0,2.0,5.0,8.0,0.0,0.0,0.0,0.0,2.0,1.9,1.0,5.0,3.0,2.0,2.0,2.9,0.0,1.0,1.0,1.9,0.0,10.1,1.0,1.9,2.0,4.0,2.0,0.0,1.0,1.0,6.9,1.0,2.0,0.0,1.9,2.0,1.0,2.9,15.3,3.9,1.0,2.9,0.0,0.0,0.0,0.0,0.0,0.0,0.0,0.0,0.0,0.0,0.0,0.0,0.0,0.0,0.0,0.0,2.1,0.0,0.0,0.0,0.0,0.0,0.0,0.0,0.0,0.0,0.0,0.0,0.0,0.0,63.6,77.3,51.0,12.7,0.0,0.0,0.0,0.0,0.0,0.0,0.0,0.0,0.0,0.0,0.0,0.0,0.0,0.0,0.0,0.0,0.0,0.0,0.0,0.0,0.0,0.0,0.0,0.0,0.0,0.0,0.0,0.0,0.0,0.0,0.0,0.0,0.0,0.0,0.0,0.0,0.0,0.0,0.0,0.0,0.0,0.0,0.0,0.0,0.0,0.0,0.0,0.0,0.0,0.0,0.0,0.0,0.0,0.0,0.0,0.0,0.0,0.0,0.0,0.0,0.0,0.0,0.0,0.0,0.0,0.0,0.0,0.0,0.0,0.0,0.0,0.0,0.0,0.0,0.0,0.0,0.0,0.0,0.0,0.0,0.0,0.0,0.0,0.0,0.0,0.0,0.0,0.0,0.0,0.0,0.0,0.0,0.0,0.0,0.0,0.0,0.0,0.0,0.0,0.0,0.0,0.0,0.0,0.0,0.0,0.0,0.0,0.0,0.0,0.0,0.0,0.0,0.0,0.0,0.0,0.0,0.0,0.0,0.0,0.0,0.0,0.0,0.0,0.0,0.0,0.0,0.0,0.0,0.0,0.0,0.0,0.0,0.0,0.0,0.0,0.0,0.0,0.0,0.0,0.0,0.0,0.0,0.0,0.0,0.0,0.0,0.0,0.0,0.0,0.0,0.0,0.0,0.0",4.7,48205.75390625,983660.56640625,8684.2509765625,110784.75048828125,16.37548828125
1791364948.4630334,aggregate_n32_vmnos8_r3:confirmation,3.5,"11.2,16.3,6.2,10.1,16.5,10.1,13.3,11.0,12.2,14.4,12.1,7.2,50.5,10.3,10.1,7.3,7.0,5.0,11.7,6.1,7.1,7.1,8.0,2.1,15.2,7.3,6.1,14.4,11.1,11.6,0.0,0.0,0.0,0.0,12.2,16.8,13.4,12.1,17.0,11.6,15.8,6.3,19.8,10.3,8.2,8.2,13.9,11.0,13.0,9.1,12.1,17.0,15.8,7.3,10.1,8.0,10.3,9.0,10.1,10.9,7.1,11.1,13.9,15.3,15.3,8.2,13.3,22.0,0.0,0.0,0.0,0.0,0.0,0.0,0.0,0.0,0.0,0.0,0.0,0.0,0.0,0.0,0.0,0.0,1.0,0.0,0.0,0.0,0.0,0.0,0.0,0.0,0.0,0.0,0.0,0.0,0.0,0.0,59.8,14.7,29.0,64.7,0.0,0.0,0.0,0.0,0.0,0.0,0.0,0.0,0.0,0.0,0.0,0.0,0.0,0.0,0.0,0.0,0.0,0.0,0.0,0.0,0.0,0.0,0.0,0.0,0.0,0.0,0.0,0.0,0.0,0.0,0.0,0.0,0.0,0.0,0.0,0.0,0.0,0.0,0.0,0.0,0.0,0.0,0.0,0.0,0.0,0.0,0.0,0.0,0.0,0.0,0.0,0.0,0.0,0.0,0.0,0.0,0.0,0.0,0.0,0.0,0.0,0.0,0.0,0.0,0.0,0.0,0.0,0.0,0.0,0.0,0.0,0.0,0.0,0.0,0.0,0.0,0.0,0.0,0.0,0.0,0.0,0.0,0.0,0.0,0.0,0.0,0.0,0.0,0.0,0.0,0.0,0.0,0.0,0.0,0.0,0.0,0.0,0.0,0.0,0.0,0.0,0.0,0.0,0.0,0.0,0.0,0.0,0.0,0.0,0.0,0.0,0.0,0.0,0.0,0.0,0.0,0.0,0.0,0.0,0.0,0.0,0.0,0.0,0.0,0.0,0.0,0.0,0.0,0.0,0.0,0.0,0.0,0.0,0.0,0.0,0.0,0.0,0.0,0.0,0.0,0.0,0.0,0.0,0.0,0.0,0.0,0.0,0.0,0.0,0.0,0.0,0.0,0.0",4.7,48733.40234375,983132.91796875,8684.2509765625,110784.75048828125,16.37548828125
1791364949.469964,aggregate_n32_vmnos8_r3:confirmation,1.4,"2.3,2.0,1.0,2.0,1.0,0.0,0.0,0.0,1.0,2.0,7.1,2.0,2.0,2.0,2.1,0.0,0.0,0.0,1.0,2.0,0.0,4.0,0.0,2.0,3.0,2.0,1.0,2.0,8.3,8.2,40.0,3.0,5.9,0.0,2.0,2.0,2.0,3.0,2.0,2.0,1.0,1.0,5.0,1.0,1.0,0.0,1.0,5.9,3.9,2.0,3.0,1.0,3.0,4.0,3.0,1.0,5.1,0.0,0.0,0.0,1.0,3.0,5.0,0.0,2.0,2.0,2.0,12.0,0.0,0.0,0.0,0.0,0.0,0.0,0.0,0.0,0.0,0.0,0.0,0.0,0.0,0.0,0.0,0.0,1.1,0.0,0.0,0.0,0.0,0.0,0.0,0.0,0.0,0.0,0.0,0.0,0.0,0.0,5.2,19.6,64.0,69.0,0.0,0.0,0.0,0.0,0.0,0.0,0.0,0.0,0.0,0.0,0.0,0.0,0.0,0.0,0.0,0.0,0.0,0.0,0.0,0.0,0.0,0.0,0.0,0.0,0.0,0.0,0.0,0.0,0.0,0.0,0.0,0.0,0.0,0.0,0.0,0.0,0.0,0.0,0.0,0.0,0.0,0.0,0.0,0.0,0.0,0.0,0.0,0.0,0.0,0.0,0.0,0.0,0.0,0.0,0.0,0.0,0.0,0.0,0.0,0.0,0.0,0.0,0.0,0.0,0.0,0.0,0.0,0.0,0.0,0.0,0.0,0.0,0.0,0.0,0.0,0.0,0.0,0.0,0.0,0.0,0.0,0.0,0.0,0.0,0.0,0.0,0.0,0.0,0.0,0.0,0.0,0.0,0.0,0.0,0.0,0.0,0.0,0.0,0.0,0.0,0.0,0.0,0.0,0.0,0.0,0.0,0.0,0.0,0.0,0.0,0.0,0.0,0.0,0.0,0.0,0.0,0.0,0.0,0.0,0.0,0.0,0.0,0.0,0.0,0.0,0.0,0.0,0.0,0.0,0.0,0.0,0.0,0.0,0.0,0.0,0.0,0.0,0.0,0.0,0.0,0.0,0.0,0.0,0.0,0.0,0.0,0.0,0.0,0.0,0.0,0.0,0.0,0.0",4.7,48256.7421875,983609.578125,8684.2509765625,110786.30517578125,16.37548828125
1791364950.5212762,aggregate_n32_vmnos8_r3:confirmation,2.8,"6.7,7.8,5.9,10.5,5.9,12.6,5.0,8.9,4.0,10.1,10.7,5.0,17.8,8.1,19.4,8.8,2.9,5.8,8.7,9.9,2.0,9.7,7.1,6.9,7.7,3.9,3.8,5.8,9.7,6.7,62.3,0.0,1.0,0.0,9.1,11.8,6.9,9.7,5.0,6.0,6.9,4.0,6.7,7.0,23.5,2.0,7.8,16.5,9.7,9.1,8.2,5.0,5.9,7.8,8.0,11.5,5.9,7.8,4.0,5.9,13.5,6.9,13.0,9.8,12.1,12.1,14.4,13.0,0.0,0.0,0.0,0.0,0.0,0.0,0.0,0.0,0.0,0.0,0.0,0.0,0.0,0.0,0.9,0.0,0.0,0.0,0.0,0.0,0.0,0.0,0.0,0.0,0.0,0.0,0.0,0.0,0.0,0.0,3.8,62.5,19.0,25.0,0.0,0.0,0.0,0.0,0.0,0.0,0.0,0.0,0.0,0.0,0.0,0.0,0.0,0.0,0.0,0.0,0.0,0.0,0.0,0.0,0.0,0.0,0.0,0.0,0.0,0.0,0.0,0.0,0.0,0.0,0.0,0.0,0.0,0.0,0.0,0.0,0.0,0.0,0.0,0.0,0.0,0.0,0.0,0.0,0.0,0.0,0.0,0.0,0.0,0.0,0.0,0.0,0.0,0.0,0.0,0.0,0.0,0.0,0.0,0.0,0.0,0.0,0.0,0.0,0.0,0.0,0.0,0.0,0.0,0.0,0.0,0.0,0.0,0.0,0.0,0.0,0.0,0.0,0.0,0.0,0.0,0.0,0.0,0.0,0.0,0.0,0.0,0.0,0.0,0.0,0.0,0.0,0.0,0.0,0.0,0.0,0.0,0.0,0.0,0.0,0.0,0.0,0.0,0.0,0.0,0.0,0.0,0.0,0.0,0.0,0.0,0.0,0.0,0.0,0.0,0.0,0.0,0.0,0.0,0.0,0.0,0.0,0.0,0.0,0.0,0.0,0.0,0.0,0.0,0.0,0.0,0.0,0.0,0.0,0.0,0.0,0.0,0.0,0.0,0.0,0.0,0.0,0.0,0.0,0.0,0.0,0.0,0.0,0.0,0.0,0.0,0.0,0.0",4.7,48796.08203125,983070.23828125,8684.2509765625,110786.74267578125,15.14404296875
1791364951.544757,aggregate_n32_vmnos8_r3:confirmation,1.9,"3.4,1.0,1.9,2.0,3.0,2.0,1.0,1.0,2.9,5.0,4.0,1.0,3.0,7.9,4.0,3.0,3.9,3.0,3.9,2.0,2.9,8.8,4.0,1.0,7.8,5.0,3.0,4.0,14.1,5.0,4.9,0.0,0.0,0.0,1.0,3.9,0.0,3.0,2.0,1.0,17.8,2.9,7.1,4.0,4.0,2.0,1.0,5.9,2.0,5.0,2.0,3.0,2.9,1.0,3.9,4.0,3.0,11.5,3.0,3.0,2.0,5.9,2.9,15.5,3.0,1.0,1.0,6.1,0.0,0.0,0.0,0.0,0.0,0.0,0.0,0.0,0.0,0.0,0.0,0.0,0.0,0.0,0.0,0.0,1.0,0.0,0.0,0.0,0.0,0.0,0.0,0.0,0.0,0.0,0.0,0.0,0.0,0.0,20.8,99.0,50.5,57.4,0.0,0.0,0.0,0.0,0.0,0.0,0.0,0.0,0.0,0.0,0.0,0.0,0.0,0.0,0.0,0.0,0.0,0.0,0.0,0.0,0.0,0.0,0.0,0.0,0.0,0.0,0.0,0.0,0.0,0.0,0.0,0.0,0.0,0.0,0.0,0.0,0.0,0.0,0.0,0.0,0.0,0.0,0.0,0.0,0.0,0.0,0.0,0.0,0.0,0.0,0.0,0.0,0.0,0.0,0.0,0.0,0.0,0.0,0.0,0.0,0.0,0.0,0.0,0.0,0.0,0.0,0.0,0.0,0.0,0.0,0.0,0.0,0.0,0.0,0.0,0.0,0.0,0.0,0.0,0.0,0.0,0.0,0.0,0.0,0.0,0.0,0.0,0.0,0.0,0.0,0.0,0.0,0.0,0.0,0.0,0.0,0.0,0.0,0.0,0.0,0.0,0.0,0.0,0.0,0.0,0.0,0.0,0.0,0.0,0.0,0.0,0.0,0.0,0.0,0.0,0.0,0.0,0.0,0.0,0.0,0.0,0.0,0.0,0.0,0.0,0.0,0.0,0.0,0.0,0.0,0.0,0.0,0.0,0.0,0.0,0.0,0.0,0.0,0.0,0.0,0.0,0.0,0.0,0.0,0.0,0.0,0.0,0.0,0.0,0.0,0.0,0.0,0.0",4.7,48997.5703125,982868.75,8684.2509765625,110786.74267578125,15.14404296875
1791364952.5680964,aggregate_n32_vmnos8_r3:confirmation,3.6,"18.9,9.3,7.1,9.1,9.0,5.2,8.1,13.0,10.1,10.1,7.1,9.0,10.1,15.2,8.2,11.2,7.9,8.0,9.1,13.1,8.0,6.1,9.0,14.9,19.8,10.1,14.1,10.1,15.3,18.3,3.0,0.0,0.0,0.0,9.0,13.0,10.2,8.0,27.3,9.1,7.8,11.8,7.1,5.1,9.1,5.1,11.1,8.2,9.3,13.0,8.1,4.0,15.8,8.2,8.1,15.8,7.9,7.0,11.0,5.9,16.3,10.8,7.1,4.1,15.3,9.4,16.7,12.7,0.0,0.0,0.0,0.0,0.0,0.0,0.0,0.0,0.0,0.0,0.0,0.0,0.0,0.0,0.0,0.0,6.1,0.0,0.0,0.0,0.0,0.0,0.0,0.0,0.0,0.0,0.0,0.0,0.0,0.0,41.7,100.0,64.0,37.4,0.0,0.0,0.0,0.0,0.0,0.0,0.0,0.0,0.0,0.0,0.0,0.0,0.0,0.0,0.0,0.0,0.0,0.0,0.0,0.0,0.0,0.0,0.0,0.0,0.0,0.0,0.0,0.0,0.0,0.0,0.0,0.0,0.0,0.0,0.0,0.0,0.0,0.0,0.0,0.0,0.0,0.0,0.0,0.0,0.0,0.0,0.0,0.0,0.0,0.0,0.0,0.0,0.0,0.0,0.0,0.0,0.0,0.0,0.0,0.0,0.0,0.0,0.0,0.0,0.0,0.0,0.0,0.0,0.0,0.0,0.0,0.0,0.0,0.0,0.0,0.0,0.0,0.0,0.0,0.0,0.0,0.0,0.0,0.0,0.0,0.0,0.0,0.0,0.0,0.0,0.0,0.0,0.0,0.0,0.0,0.0,0.0,0.0,0.0,0.0,0.0,0.0,0.0,0.0,0.0,0.0,0.0,0.0,0.0,0.0,0.0,0.0,0.0,0.0,0.0,0.0,0.0,0.0,0.0,0.0,0.0,0.0,0.0,0.0,0.0,0.0,0.0,0.0,0.0,0.0,0.0,0.0,0.0,0.0,0.0,0.0,0.0,0.0,0.0,0.0,0.0,0.0,0.0,0.0,0.0,0.0,0.0,0.0,0.0,0.0,0.0,0.0,0.0",4.8,49445.19921875,982421.12109375,8684.2509765625,110786.74267578125,15.14404296875
1791364953.5907047,aggregate_n32_vmnos8_r3:confirmation,1.6,"1.2,2.0,1.0,2.0,4.0,2.0,0.0,0.0,0.0,2.0,2.0,0.0,2.0,1.0,1.9,1.0,0.0,1.0,0.0,1.0,0.0,3.0,1.0,1.0,5.0,16.0,4.0,1.0,4.0,3.1,0.0,0.0,3.9,0.0,6.9,2.0,2.0,3.0,2.0,2.0,0.0,0.0,5.0,3.0,3.0,1.0,2.0,2.0,3.0,11.0,0.0,2.9,1.0,1.0,1.0,2.0,2.0,3.0,0.0,1.0,3.0,1.0,2.9,1.0,4.0,3.0,5.0,2.0,0.0,0.0,0.0,0.0,0.0,0.0,0.0,0.0,0.0,0.0,1.0,0.0,0.0,0.0,0.0,1.0,3.0,1.0,0.0,0.0,0.0,0.0,0.0,0.0,0.0,0.0,0.0,0.0,0.0,0.0,74.5,80.6,35.4,59.4,0.0,0.0,0.0,0.0,0.0,1.0,0.0,0.0,0.0,0.0,0.0,0.0,0.0,0.0,0.0,0.0,0.0,0.0,0.0,0.0,0.0,0.0,0.0,0.0,0.0,0.0,0.0,0.0,0.0,0.0,0.0,0.0,0.0,0.0,0.0,0.0,0.0,0.0,0.0,0.0,0.0,0.0,0.0,0.0,0.0,0.0,0.0,0.0,0.0,0.0,0.0,0.0,0.0,0.0,0.0,0.0,0.0,0.0,0.0,0.0,0.0,0.0,0.0,0.0,0.0,0.0,0.0,0.0,0.0,0.0,0.0,0.0,0.0,0.0,0.0,0.0,0.0,0.0,0.0,1.0,0.0,0.0,0.0,0.0,0.0,0.0,0.0,0.0,0.0,0.0,0.0,0.0,0.0,0.0,0.0,0.0,0.0,0.0,0.0,0.0,0.0,0.0,0.0,0.0,0.0,0.0,0.0,0.0,0.0,0.0,0.0,0.0,0.0,0.0,0.0,0.0,0.0,0.0,0.0,0.0,0.0,0.0,0.0,0.0,0.0,0.0,0.0,0.0,0.0,0.0,0.0,0.0,0.0,0.0,0.0,0.0,0.0,0.0,0.0,0.0,0.0,0.0,0.0,0.0,0.0,0.0,0.0,0.0,0.0,0.0,0.0,0.0,0.0",4.8,49173.35546875,982692.96484375,8684.2509765625,110786.74267578125,15.14404296875
1791364954.619053,idle,3.6,"23.9,12.2,10.0,8.9,5.1,14.4,12.9,22.0,8.0,7.0,6.2,7.1,12.0,14.3,6.9,7.0,10.7,9.8,7.8,9.9,6.9,12.7,6.1,8.2,15.0,18.0,11.9,7.1,10.2,14.9,0.0,12.9,9.9,9.7,9.0,11.1,9.2,10.1,6.0,7.0,4.0,6.8,5.9,7.0,11.0,16.3,5.2,19.6,7.1,5.1,8.0,7.0,9.0,5.1,6.1,6.1,8.1,12.4,9.2,9.3,8.2,9.0,11.1,10.2,13.1,10.5,12.2,12.4,0.0,0.0,0.0,0.0,0.0,0.0,0.0,0.0,0.0,0.0,0.0,0.0,0.0,0.0,0.0,0.0,1.0,0.0,0.0,0.0,0.0,0.0,0.0,0.0,0.0,0.0,0.0,0.0,0.0,0.0,93.2,23.5,84.6,74.5,0.0,0.0,0.0,0.0,0.0,0.0,0.0,0.0,0.0,0.0,1.0,0.0,0.0,0.0,0.0,0.0,0.0,0.0,0.0,0.0,0.0,0.0,0.0,0.0,0.0,0.0,0.0,0.0,0.0,0.0,0.0,0.0,0.0,0.0,0.0,0.0,0.0,0.0,0.0,0.0,0.0,0.0,0.0,0.0,0.0,0.0,0.0,0.0,0.0,0.0,0.0,0.0,0.0,0.0,0.0,0.0,0.0,0.0,0.0,0.0,0.0,0.0,0.0,0.0,0.0,0.0,0.0,0.0,0.0,0.0,0.0,0.0,0.0,0.0,0.0,0.0,0.0,0.0,0.0,0.0,0.0,0.0,0.0,0.0,0.0,0.0,0.0,0.0,0.0,0.0,0.0,0.0,0.0,0.0,0.0,0.0,0.0,0.0,0.0,0.0,0.0,0.0,0.0,0.0,0.0,0.0,0.0,0.0,0.0,0.0,0.0,0.0,0.0,0.0,0.0,0.0,0.0,0.0,0.0,0.0,0.0,0.0,0.0,0.0,0.0,0.0,0.0,0.0,0.0,0.0,0.0,0.0,0.0,0.0,0.0,0.0,0.0,0.0,0.0,0.0,0.0,0.0,0.0,0.0,0.0,0.0,0.0,0.0,0.0,0.0,0.0,0.0,0.0",4.7,47991.84765625,983874.47265625,8684.2509765625,110788.12548828125,15.14404296875
1791364955.6597283,idle,2.4,"10.4,9.8,6.8,19.0,14.0,0.0,11.4,1.9,1.9,2.9,1.9,4.7,16.2,0.0,0.9,1.9,2.9,0.9,1.9,0.0,0.0,5.7,0.0,15.4,4.9,6.5,7.8,3.0,9.6,5.8,0.0,0.0,0.0,17.0,0.0,0.9,7.5,4.7,5.7,3.8,2.9,9.7,5.7,1.9,3.7,16.2,3.9,3.8,20.2,11.4,0.9,1.0,8.6,0.9,0.0,2.8,0.0,0.0,8.5,3.7,16.2,2.9,1.9,5.7,7.6,8.6,1.0,2.9,0.0,0.0,0.0,0.0,0.0,0.0,0.0,0.0,0.0,0.0,0.0,0.0,0.0,0.0,0.0,0.0,3.0,0.0,0.0,0.0,0.0,0.0,0.0,0.0,0.0,0.0,0.0,0.0,0.0,0.0,64.8,53.4,86.3,62.5,0.0,0.0,0.0,0.0,0.0,0.0,0.0,0.0,0.0,0.0,0.0,0.0,0.0,0.0,0.0,0.0,0.0,0.0,0.0,0.0,0.0,0.0,0.0,0.0,0.0,0.0,0.0,0.0,0.0,0.0,0.0,0.0,0.0,0.0,0.0,0.0,0.0,0.0,0.0,0.0,0.0,0.0,0.0,0.0,0.0,0.0,0.0,0.0,0.0,0.0,0.0,0.0,0.0,0.0,0.0,0.0,0.0,0.0,0.0,0.0,0.0,0.0,0.0,0.0,0.0,0.0,0.0,0.0,0.0,0.0,0.0,0.0,0.0,0.0,0.0,0.0,0.0,0.0,0.0,0.0,0.0,0.0,0.0,0.0,0.0,0.0,0.0,0.0,0.0,0.0,0.0,0.0,0.0,0.0,0.0,0.0,0.0,0.0,0.0,0.0,0.0,0.0,0.0,0.0,0.0,0.0,0.0,0.0,0.0,0.0,0.0,0.0,0.0,0.0,0.0,0.0,0.0,0.0,0.0,0.0,0.0,0.0,0.0,0.0,0.0,0.0,0.0,0.0,0.0,0.0,0.0,0.0,0.0,0.0,0.0,0.0,0.0,0.0,0.0,0.0,0.0,0.0,0.0,0.0,0.0,0.0,0.0,0.0,0.0,0.0,0.0,0.0,0.0",4.7,48034.91796875,983831.40234375,8684.2509765625,110788.36767578125,14.49169921875
1791364956.7468588,individual_n32_vmnos8_r4:submission,6.4,"32.1,50.9,35.4,32.4,24.3,15.9,13.6,16.1,22.9,22.9,20.7,22.0,32.7,23.9,20.0,23.1,21.8,20.0,17.0,18.3,18.0,18.6,17.3,29.5,18.0,15.6,22.9,22.5,24.6,25.0,0.0,1.7,1.7,0.0,25.0,29.7,18.0,22.9,23.4,22.7,18.2,23.1,21.6,23.2,18.7,29.2,29.9,16.0,21.9,30.3,20.4,18.2,23.6,18.7,20.5,18.7,21.7,18.2,26.4,18.7,20.7,23.5,19.6,22.5,30.4,27.9,32.4,28.7,0.0,0.0,0.0,0.0,0.0,0.0,0.0,0.0,0.0,0.0,0.0,0.0,0.0,0.0,0.0,0.0,5.5,0.0,0.0,0.0,0.0,0.0,0.0,0.0,0.0,0.0,0.0,0.0,0.0,0.0,54.8,36.0,67.8,100.0,0.0,0.0,0.0,0.0,0.0,0.0,0.0,0.0,0.0,0.0,0.0,0.0,0.0,0.0,0.0,0.0,0.0,0.0,0.0,0.0,0.0,0.0,0.0,0.0,0.0,0.0,0.0,0.0,0.0,0.0,0.0,0.0,0.0,0.0,0.0,0.0,0.0,0.0,0.0,0.0,0.0,0.0,0.0,0.0,0.0,0.0,0.0,0.0,0.0,0.0,0.0,0.0,0.0,0.0,0.0,0.0,0.0,0.0,0.0,0.0,0.0,0.0,0.0,0.0,0.0,0.0,0.0,0.0,0.0,0.0,0.0,0.0,0.0,0.0,0.0,0.0,0.0,0.0,0.0,0.0,0.0,0.0,0.0,0.0,0.0,0.0,0.0,0.0,0.0,0.0,0.0,0.0,0.0,0.0,0.0,0.0,0.0,0.0,0.0,0.0,0.0,0.0,0.0,0.0,0.0,0.0,0.0,0.0,0.0,0.0,0.0,0.0,0.0,0.0,0.0,0.0,0.0,0.0,0.0,0.0,0.0,0.0,0.0,0.0,0.0,0.0,0.0,0.0,0.0,0.0,0.0,0.0,0.0,0.0,0.0,0.0,0.0,0.0,0.0,0.0,0.0,0.0,0.0,0.0,0.0,0.0,0.0,0.0,0.0,0.0,0.0,0.0,0.0",4.7,48711.34375,983154.9765625,8684.2509765625,110788.36767578125,14.49169921875
1791364958.2060533,individual_n32_vmnos8_r4:confirmation,7.1,"19.8,28.1,19.7,40.6,28.3,25.7,24.1,16.3,27.5,19.1,28.1,16.8,17.8,20.6,24.8,31.9,15.3,24.8,24.4,17.0,26.1,22.9,15.3,29.1,18.7,26.1,31.9,20.0,29.2,29.7,8.3,4.1,2.7,4.1,26.1,21.6,33.8,28.3,20.3,20.9,31.9,31.2,21.3,16.5,20.3,31.9,29.7,16.4,18.8,22.5,20.9,17.2,19.0,23.6,22.9,34.3,17.9,18.4,17.7,33.3,17.3,19.3,21.7,24.6,41.0,36.2,27.2,28.7,0.0,0.0,0.0,0.0,0.0,0.0,0.0,0.0,0.0,0.0,0.0,0.0,0.0,0.0,0.0,0.0,2.2,0.0,0.0,0.0,0.0,0.0,0.0,0.0,0.0,0.0,0.0,0.0,0.0,0.0,93.7,61.4,49.3,72.9,0.0,0.0,0.0,0.0,0.0,0.0,0.0,0.0,0.0,0.7,0.0,0.0,0.0,0.0,0.0,0.0,0.0,0.0,0.0,0.0,0.0,0.0,0.0,0.0,0.0,0.0,0.0,0.0,0.0,0.0,0.0,0.0,0.0,0.0,0.0,0.0,0.0,0.0,0.0,0.0,0.0,0.0,0.0,0.0,0.0,0.0,0.0,0.0,0.0,0.0,0.0,0.0,0.0,0.0,0.0,0.0,0.0,0.0,0.0,0.0,0.0,0.0,0.0,0.0,0.0,0.0,0.0,0.0,0.0,0.0,0.0,0.0,0.0,0.0,0.0,0.0,0.0,0.7,0.0,0.0,0.0,0.0,0.0,0.0,0.0,0.0,0.0,0.0,0.0,0.0,0.0,0.0,0.0,0.0,0.0,0.0,0.0,0.0,0.0,0.0,0.0,0.0,0.0,0.0,0.0,0.0,0.0,0.0,0.0,0.0,0.0,0.0,0.0,0.0,0.0,0.0,0.0,0.0,0.0,0.0,0.0,0.0,0.0,0.0,0.0,0.0,0.0,0.0,0.0,0.0,0.0,0.0,0.0,0.0,0.0,0.0,0.0,0.0,0.0,0.0,0.0,0.0,0.0,0.0,0.0,0.0,0.0,0.0,0.0,0.0,0.0,0.0,0.0",4.7,48477.30078125,983389.01953125,8684.2509765625,110788.36767578125,14.49169921875
1791364959.5885763,individual_n32_vmnos8_r4:confirmation,4.5,"7.6,13.1,8.9,13.4,7.3,13.5,12.9,6.5,5.7,13.9,13.9,11.0,6.3,16.3,20.4,14.7,7.8,9.0,9.6,16.3,16.0,17.9,18.6,12.5,7.7,7.8,5.2,12.0,10.8,13.0,0.0,1.3,1.3,0.0,8.6,7.8,17.0,10.4,13.7,9.1,8.4,14.9,9.9,12.2,9.2,14.6,17.8,8.4,5.2,20.6,3.9,7.1,5.2,6.0,6.0,15.4,4.6,11.6,11.8,11.5,7.7,8.4,9.6,4.5,22.6,18.1,7.1,29.9,0.0,0.0,0.0,0.0,0.0,0.0,0.0,0.0,0.0,0.0,0.0,0.0,0.0,0.0,0.0,0.0,0.0,0.0,0.0,0.0,0.0,0.0,0.0,0.0,0.0,0.0,0.0,0.0,0.0,0.0,59.0,100.0,45.3,51.0,0.0,0.0,0.0,0.0,0.0,0.0,0.0,0.0,0.0,0.0,0.6,0.0,0.0,0.0,0.0,0.0,0.0,0.0,0.0,0.0,0.0,0.0,0.0,0.0,0.0,0.0,0.0,0.0,0.0,0.0,0.0,0.0,0.0,0.0,0.0,0.0,0.0,0.0,0.0,0.0,0.0,0.0,0.0,0.0,0.0,0.0,0.0,0.0,0.0,0.0,0.0,0.0,1.2,0.0,0.0,0.0,0.0,0.0,0.0,0.0,0.0,0.0,0.0,0.0,0.0,0.0,0.0,0.0,0.0,0.0,0.0,0.0,0.0,0.0,0.0,0.0,0.0,0.0,0.0,0.0,0.0,0.0,0.0,0.0,0.0,0.0,0.0,0.0,0.0,0.0,0.0,0.0,0.0,0.0,0.0,0.0,0.0,0.0,0.0,0.0,0.0,0.0,0.0,0.0,0.0,0.0,0.0,0.0,0.0,0.0,0.0,0.0,0.0,0.0,0.0,0.0,0.0,0.0,0.0,0.0,0.0,0.0,0.0,0.0,0.0,0.0,0.0,0.0,0.0,0.0,0.0,0.0,0.0,0.0,0.0,0.0,0.0,0.0,0.0,0.0,0.0,0.0,0.0,0.0,0.0,0.0,0.0,0.0,0.0,0.0,0.0,0.0,0.0",4.8,49235.1328125,982631.1875,8684.2509765625,110791.64892578125,13.8115234375
1791364961.7308366,individual_n32_vmnos8_r4:confirmation,3.5,"14.2,11.1,5.4,9.1,7.0,11.4,8.3,15.8,3.4,16.8,5.9,13.9,5.8,17.5,4.9,12.1,10.8,3.0,5.0,20.8,14.4,16.9,17.5,7.0,4.4,11.7,3.9,9.4,21.3,15.7,5.7,2.4,4.8,4.8,9.6,7.2,17.1,12.7,15.3,12.8,9.3,10.4,7.0,12.2,12.1,5.4,13.2,5.9,11.9,7.1,7.7,12.3,4.9,11.8,8.8,13.8,6.3,4.9,5.4,5.3,5.9,10.0,7.5,4.5,13.7,14.9,15.3,19.4,0.0,0.0,0.0,0.0,0.0,0.0,0.0,0.0,0.0,0.0,0.0,0.0,0.0,0.0,0.0,0.0,1.0,0.0,0.0,0.0,0.0,0.0,0.0,0.0,0.0,0.0,0.0,0.0,0.0,0.0,90.9,78.8,35.5,61.0,0.0,0.0,0.0,0.0,0.0,0.0,0.0,0.0,0.0,0.0,0.0,0.0,0.0,0.0,0.0,0.0,0.0,0.0,0.0,0.0,0.0,0.0,0.0,0.0,0.0,0.0,0.0,0.0,0.0,0.0,0.0,0.0,0.0,0.0,0.0,0.0,0.0,0.0,0.0,0.0,0.0,0.0,0.0,0.0,0.0,0.0,0.0,0.0,0.0,0.0,0.0,0.0,0.0,0.0,0.0,0.0,0.0,0.0,0.0,0.0,0.0,0.0,0.5,0.0,0.0,0.0,0.0,0.0,0.0,0.0,0.0,0.0,0.0,0.0,0.0,0.0,0.0,0.0,0.0,0.0,0.0,0.0,0.0,0.0,0.0,0.0,0.0,0.5,0.0,0.0,0.0,0.0,0.0,0.0,0.0,0.0,0.0,0.0,0.0,0.0,0.0,0.0,0.0,0.0,0.0,0.0,0.0,0.0,0.0,0.0,0.0,0.0,0.0,0.0,0.0,0.0,0.0,0.0,0.0,0.0,0.0,0.0,0.0,0.0,0.0,0.0,0.0,0.0,0.0,0.0,0.0,0.0,0.0,0.0,0.0,0.0,0.0,0.0,0.0,0.0,0.0,0.0,0.0,0.0,0.0,0.0,0.0,0.0,0.0,0.0,0.0,0.0,0.0",4.7,48719.4140625,983146.90625,8684.2509765625,110791.91455078125,13.8115234375
1791364963.3468666,individual_n32_vmnos8_r4:confirmation,3.9,"15.9,21.7,5.9,8.9,7.9,8.6,6.6,17.7,7.8,7.4,5.3,20.6,6.9,21.7,6.8,12.5,6.2,3.1,4.6,11.9,11.4,5.7,13.5,17.7,7.9,14.9,4.2,12.0,12.0,12.8,5.6,3.1,2.5,2.5,15.8,12.0,11.0,13.2,11.3,17.6,21.1,13.5,14.1,13.3,4.7,17.1,14.0,6.3,7.3,4.9,12.9,20.6,7.1,10.7,6.4,13.8,7.4,5.4,13.0,3.6,9.0,4.1,8.3,14.0,21.7,12.8,19.4,21.8,0.0,0.0,0.0,0.0,0.0,0.0,0.0,0.0,0.0,0.0,0.0,0.0,0.0,0.0,0.0,0.0,1.0,0.0,0.0,0.0,0.0,0.0,0.0,0.0,0.0,0.0,0.0,0.0,0.0,0.0,87.9,54.1,40.0,39.7,0.0,0.0,0.0,0.0,0.0,0.0,0.0,0.0,0.0,0.0,0.0,0.0,0.0,0.0,0.0,0.0,0.0,0.0,0.0,0.0,0.0,0.0,0.0,0.0,0.0,0.0,0.0,0.0,0.0,0.0,0.0,0.0,0.0,0.0,0.0,0.0,0.0,0.0,0.0,0.0,0.0,0.0,0.0,0.0,0.0,0.0,0.0,0.0,0.0,0.0,0.0,0.0,0.0,0.0,0.0,0.0,0.0,0.0,0.0,0.0,0.0,0.0,0.0,0.0,0.0,0.0,0.0,0.0,0.0,0.0,0.0,0.0,0.0,0.0,0.0,0.0,0.0,0.0,0.0,0.0,0.0,0.0,0.0,0.0,0.0,0.0,0.0,0.0,0.0,0.0,0.0,0.0,0.0,0.0,0.0,0.0,0.0,0.0,0.0,0.0,0.0,0.0,0.0,0.0,0.0,0.0,0.0,0.0,0.0,0.0,0.0,0.0,0.0,0.0,0.0,0.0,0.0,0.0,0.0,0.0,0.0,0.0,0.0,0.0,0.0,0.0,0.0,0.0,0.0,0.0,0.0,0.0,0.0,0.0,0.0,0.0,0.0,0.0,0.0,0.0,0.0,0.0,0.0,0.0,0.0,0.0,0.0,0.0,0.0,0.0,0.0,0.0,0.0",4.7,48658.80859375,983207.51171875,8684.2509765625,110791.91455078125,13.8115234375
1791364965.0826132,individual_n32_vmnos8_r4:confirmation,4.1,"14.4,9.3,24.6,12.5,8.2,9.1,11.0,15.8,18.2,9.7,21.1,7.4,25.8,8.3,7.4,8.2,6.5,16.3,19.7,6.5,18.5,5.6,13.6,16.8,29.8,12.2,8.1,13.2,7.3,20.0,0.0,0.0,0.0,0.0,16.4,12.9,13.0,19.7,15.3,26.7,19.2,8.7,29.8,5.0,6.5,14.9,17.2,8.9,4.1,10.6,23.4,17.7,6.5,27.0,21.0,4.2,6.3,27.3,26.2,6.6,4.9,7.4,9.4,15.9,19.7,31.2,17.1,21.7,0.0,0.0,0.0,0.0,0.0,0.0,0.0,0.0,0.0,0.0,0.0,0.0,0.0,0.0,0.0,0.0,1.6,0.0,0.0,0.0,0.0,0.0,0.0,0.0,0.0,0.0,0.0,0.0,0.0,0.0,15.3,86.4,60.5,53.2,0.0,0.0,0.0,0.0,0.0,0.0,0.0,0.0,0.0,0.0,0.0,0.0,0.0,0.0,0.0,0.0,0.0,0.0,0.0,0.0,0.0,0.0,0.0,0.0,0.0,0.0,0.0,0.0,0.0,0.0,0.0,0.0,0.0,0.0,0.0,0.0,0.0,0.0,0.0,0.0,0.0,0.0,0.0,0.0,0.0,0.0,0.0,0.0,0.0,0.0,0.0,0.0,0.0,0.0,0.0,0.0,0.0,0.0,0.0,0.0,0.0,0.0,0.0,0.0,0.0,0.0,0.0,0.0,0.0,0.0,0.0,0.0,0.0,0.0,0.0,0.0,0.0,0.0,0.0,0.0,0.0,0.0,0.0,0.0,0.0,0.0,0.0,0.0,0.0,0.0,0.0,0.0,0.0,0.0,0.0,0.0,0.0,0.0,0.0,0.0,0.0,0.0,0.0,0.0,0.0,0.0,0.0,0.0,0.0,0.0,0.0,0.0,0.0,0.0,0.0,0.0,0.0,0.0,0.0,0.0,0.0,0.0,0.0,0.0,0.0,0.0,0.0,0.0,0.0,0.8,0.0,0.0,0.0,0.0,0.0,0.0,0.0,0.0,0.0,0.0,0.0,0.0,0.0,0.0,0.0,0.0,0.0,0.0,0.0,0.0,0.0,0.0,0.0",4.7,48814.67578125,983051.64453125,8684.2509765625,110794.52783203125,14.30712890625
1791364966.7063923,individual_n32_vmnos8_r4:confirmation,3.9,"20.3,28.7,8.4,6.1,14.6,7.6,8.3,9.3,13.7,10.2,14.9,14.8,15.4,6.0,6.0,6.1,4.8,4.8,19.9,22.8,3.6,11.9,6.0,4.2,13.3,13.1,17.1,13.8,5.4,12.6,0.6,1.2,2.3,0.0,20.1,7.2,10.5,15.9,8.5,19.1,7.2,6.6,15.2,7.9,8.3,7.9,17.7,7.3,5.4,14.5,6.8,26.3,6.5,6.7,21.6,4.9,5.6,5.5,14.6,5.9,21.4,8.5,11.5,17.6,26.7,15.7,14.3,7.2,0.0,0.0,0.0,0.0,0.0,0.0,0.0,0.0,0.0,0.0,0.0,0.0,0.0,0.0,0.0,0.0,0.6,0.0,0.0,0.0,0.0,0.0,0.0,0.0,0.0,0.0,0.0,0.0,0.0,0.0,33.3,90.1,91.8,40.0,0.0,0.0,0.0,0.0,0.0,0.0,0.0,0.0,0.0,0.0,0.0,0.0,0.0,0.0,0.0,0.0,0.0,0.0,0.0,0.0,0.0,0.0,0.0,0.0,0.0,0.0,0.0,0.0,0.0,0.0,0.0,0.0,0.0,0.0,0.0,0.0,0.0,0.0,0.0,0.0,0.0,0.0,0.0,0.0,0.0,0.0,0.0,0.0,0.0,0.0,0.0,0.0,0.0,0.0,0.0,0.0,0.0,0.0,0.0,0.0,0.6,0.0,0.0,0.6,0.0,0.0,0.0,0.0,0.0,0.0,0.0,0.6,0.0,0.0,0.0,0.0,0.0,0.0,0.0,0.6,0.0,0.0,0.0,0.0,0.0,0.0,0.0,0.0,0.0,0.0,0.0,0.0,0.0,0.0,0.0,0.0,0.0,0.0,0.0,0.0,0.0,0.0,0.0,0.0,0.0,0.0,0.0,0.0,0.0,0.0,0.0,0.0,0.0,0.0,0.0,0.0,0.0,0.0,0.0,0.0,0.0,0.0,0.0,0.0,0.0,0.0,0.0,0.0,0.0,0.0,0.0,0.0,0.0,0.0,0.0,0.0,0.0,0.0,0.0,0.0,0.0,0.0,0.0,0.0,0.0,0.0,0.0,0.0,0.0,0.0,0.0,0.0,0.0",4.7,48941.734375,982924.5859375,8684.2509765625,110794.52783203125,14.30712890625
1791364967.9917343,individual_n32_vmnos8_r4:confirmation,2.2,"11.6,3.7,5.6,15.1,7.5,1.9,0.9,3.8,0.0,6.3,0.9,2.8,0.9,3.8,0.9,0.9,4.6,3.8,2.8,5.7,1.9,3.7,2.8,3.8,10.1,9.3,9.4,22.2,8.3,3.7,1.8,4.5,0.0,0.0,3.8,6.9,5.8,7.8,8.7,9.3,6.5,15.2,6.5,9.4,5.7,4.6,5.6,5.6,2.8,2.8,0.9,0.9,1.9,9.3,5.6,4.6,8.7,2.8,4.8,9.3,2.8,2.8,6.6,8.3,5.6,4.7,0.0,15.0,0.0,0.0,0.0,0.0,0.0,0.0,0.0,0.0,0.0,0.0,0.0,0.0,0.0,0.0,0.0,0.0,0.9,0.0,0.0,0.0,0.0,0.0,0.0,0.0,0.0,0.0,0.0,0.0,0.0,0.0,55.0,31.5,99.1,29.6,0.0,0.0,0.0,0.0,0.0,0.0,0.0,0.0,0.0,0.0,0.0,0.0,0.0,0.0,0.0,0.0,0.0,0.0,0.0,0.0,0.0,0.0,0.0,0.0,0.0,0.0,0.0,0.0,0.0,0.0,0.0,0.0,0.0,0.0,0.0,0.0,0.0,0.0,0.0,0.0,0.0,0.0,0.0,0.0,0.0,0.0,0.0,0.0,0.0,0.0,0.0,0.0,0.0,0.0,0.0,0.0,0.0,0.0,0.0,0.0,0.0,0.0,0.0,0.0,0.0,0.0,0.0,0.0,0.0,0.0,0.0,0.0,0.0,0.0,0.0,0.0,0.0,0.0,0.0,0.0,0.0,0.0,0.0,0.0,0.0,0.0,0.0,0.0,0.0,0.0,0.0,0.0,0.0,0.0,0.0,0.0,0.0,0.0,0.0,0.0,0.0,0.0,0.0,0.0,0.0,0.0,0.0,0.0,0.0,0.0,0.0,0.0,0.0,0.0,0.0,0.0,0.0,0.0,0.0,0.0,0.0,0.0,0.0,0.0,0.0,0.0,0.0,0.0,0.0,0.0,0.0,0.0,0.0,0.0,0.0,0.0,0.0,0.0,0.0,0.0,0.0,0.0,0.0,0.0,0.0,0.0,0.0,0.0,0.0,0.0,0.0,0.0,0.0",4.7,48696.14453125,983170.17578125,8684.2509765625,110794.52783203125,14.30712890625
1791364969.5943022,individual_n32_vmnos8_r4:confirmation,3.7,"15.0,9.4,12.4,23.2,12.0,7.7,5.2,9.4,9.4,9.5,6.1,6.7,4.6,6.2,23.2,10.4,6.7,6.7,3.6,22.8,5.6,10.2,14.3,16.9,8.7,8.7,12.6,14.4,13.4,6.6,9.5,3.0,1.0,2.5,7.1,11.4,13.4,19.3,10.1,15.9,11.2,7.1,14.4,12.8,6.2,11.3,10.6,6.7,3.6,6.1,3.0,4.0,3.0,16.2,4.1,18.4,15.9,9.3,11.3,5.6,12.0,5.1,7.2,22.9,27.2,9.5,16.7,14.0,0.0,0.0,0.0,0.0,0.0,0.0,0.0,0.0,0.0,0.0,0.0,0.0,0.0,0.0,0.0,0.0,3.7,0.5,0.0,0.0,0.0,0.0,0.0,0.0,0.0,0.0,0.0,0.0,0.0,0.0,44.7,41.5,22.5,50.5,0.0,0.0,0.0,0.0,0.0,0.0,0.0,0.0,0.0,0.0,0.0,0.0,0.0,0.0,0.0,0.0,0.0,0.0,0.0,0.0,0.0,0.0,0.0,0.0,0.0,0.0,0.0,0.0,0.0,0.0,0.0,0.0,0.0,0.0,0.0,0.0,0.0,0.0,0.0,0.0,0.0,0.0,0.0,0.0,0.0,0.0,0.0,0.0,0.0,0.0,0.0,0.0,0.0,0.0,0.0,0.0,0.0,0.0,0.0,0.0,0.0,0.0,0.0,0.0,0.0,0.0,0.0,0.0,0.0,0.0,0.0,0.0,0.0,0.0,0.0,0.0,0.0,0.0,0.0,0.0,0.0,0.0,0.0,0.0,0.0,0.0,0.0,0.0,0.0,0.0,0.0,0.0,0.0,0.0,0.0,0.0,0.0,0.0,0.0,0.0,0.0,0.0,0.0,0.0,0.0,0.0,0.0,0.0,0.0,0.0,0.0,0.0,0.0,0.0,0.0,0.0,0.0,0.0,0.0,0.0,0.0,0.0,0.0,0.0,0.0,0.0,0.0,0.0,0.0,0.0,0.0,0.0,0.0,0.0,0.0,0.0,0.0,0.0,0.0,0.0,0.0,0.0,0.0,0.0,0.0,0.0,0.0,0.0,0.0,0.0,0.0,0.0,0.0",4.8,49360.21875,982506.1015625,8684.2509765625,110797.46533203125,13.4814453125
1791364971.36348,individual_n32_vmnos8_r4:confirmation,3.9,"29.1,14.8,9.4,14.9,21.6,6.3,7.4,9.5,9.6,7.1,3.9,17.6,5.0,9.6,21.9,25.9,5.0,16.1,6.3,17.4,13.8,6.1,15.8,12.3,11.9,18.9,28.1,11.0,13.5,10.3,0.6,0.6,0.0,0.6,12.4,23.3,5.0,17.9,14.8,19.3,11.8,15.2,13.3,7.1,7.5,5.7,19.4,4.4,17.6,9.4,12.2,4.3,10.6,26.5,10.5,11.3,16.0,8.1,5.2,6.2,14.8,8.8,4.9,18.1,9.6,20.6,8.2,13.8,0.0,0.0,0.0,0.0,0.0,0.0,0.0,0.0,0.0,0.0,0.0,0.0,0.0,0.0,0.0,0.0,0.6,0.0,0.0,0.0,0.0,0.0,0.0,0.0,0.0,0.0,0.0,0.0,0.0,0.0,41.2,48.5,82.8,87.8,0.0,0.0,0.0,0.0,0.0,0.0,0.0,0.0,0.0,0.0,0.0,0.0,0.0,0.0,0.0,0.0,0.0,0.0,0.0,0.0,0.0,0.0,0.0,0.0,0.0,0.0,0.0,0.0,0.0,0.0,0.0,0.0,0.0,0.0,0.0,0.0,0.0,0.0,0.0,0.0,0.0,0.0,0.0,0.0,0.0,0.0,0.0,0.0,0.0,0.0,0.0,0.0,0.0,0.0,0.0,0.0,0.0,0.0,0.0,0.0,0.0,0.0,0.0,0.0,0.0,0.0,0.0,0.0,0.0,0.0,0.0,0.0,0.0,0.0,0.0,0.0,0.0,0.0,0.0,0.0,0.0,0.0,0.0,0.0,0.0,0.0,0.0,0.0,0.0,0.0,0.0,0.0,0.0,0.0,0.0,0.0,0.0,0.0,0.0,0.0,0.0,0.0,0.0,0.0,0.0,0.0,0.0,0.0,0.0,0.0,0.0,0.0,0.0,0.0,0.0,0.0,0.0,0.0,0.0,0.0,0.0,0.0,0.0,0.0,0.0,0.0,0.0,0.0,0.0,0.0,0.0,0.0,0.0,0.0,0.0,0.0,0.0,0.0,0.0,0.0,0.0,0.0,0.0,0.0,0.0,0.0,0.0,0.0,0.0,0.0,0.0,0.0,0.0",4.8,49172.26953125,982694.05078125,8684.2509765625,110797.86376953125,13.4814453125
1791364972.8373,individual_n32_vmnos8_r4:confirmation,4.1,"15.8,24.5,17.8,34.5,17.1,6.4,20.4,18.2,6.5,7.7,6.5,22.0,21.1,17.4,19.0,3.8,6.5,27.5,19.3,9.3,20.9,9.3,7.3,6.4,13.8,11.9,24.5,25.9,7.3,25.7,1.8,1.8,0.0,0.0,6.7,28.8,8.2,7.3,9.3,13.8,31.8,12.7,11.1,6.4,13.2,6.5,13.0,20.2,30.6,5.7,8.4,6.4,16.5,33.6,15.9,8.3,6.6,11.8,9.8,12.0,21.1,8.1,7.4,20.9,17.3,25.0,9.4,22.2,0.0,0.0,0.0,0.0,0.0,0.0,0.0,0.0,0.0,0.0,0.0,0.0,0.0,0.0,0.0,0.0,2.8,0.0,0.0,0.0,0.0,0.0,0.0,0.0,0.0,0.0,0.0,0.0,0.0,0.0,14.5,80.9,73.2,42.9,0.0,0.0,0.0,0.0,0.0,0.0,0.0,0.0,0.0,0.0,0.0,0.0,0.0,0.0,0.0,0.0,0.0,0.0,0.0,0.0,0.0,0.0,0.0,0.0,0.0,0.0,0.0,0.0,0.0,0.0,0.0,0.0,0.0,0.0,0.0,0.0,0.0,0.0,0.0,0.0,0.0,0.0,0.0,0.0,0.0,0.0,0.0,0.0,0.0,0.0,0.0,0.0,0.0,0.0,0.0,0.0,0.0,0.0,0.0,0.0,0.0,0.0,0.0,0.0,0.0,0.0,0.0,0.0,0.0,0.0,0.0,0.0,0.0,0.0,0.0,0.0,0.0,0.0,0.0,0.0,0.0,0.0,0.0,0.0,0.0,0.0,0.0,0.0,0.0,0.0,0.0,0.0,0.0,0.0,0.0,0.0,0.0,0.0,0.0,0.0,0.0,0.0,0.0,0.0,0.0,0.0,0.0,0.0,0.0,0.0,0.0,0.0,0.0,0.0,0.0,0.0,0.0,0.0,0.0,0.0,0.0,0.0,0.0,0.0,0.0,0.0,0.0,0.0,0.0,0.0,0.0,0.0,0.0,0.0,0.0,0.0,0.0,0.0,0.0,0.0,0.0,0.0,0.0,0.0,0.0,0.0,0.0,0.0,0.0,0.0,0.0,0.0,0.0",4.8,49123.109375,982743.2109375,8684.2509765625,110797.86376953125,13.4814453125
1791364974.1162941,individual_n32_vmnos8_r4:confirmation,2.3,"14.8,6.9,11.9,8.1,4.4,5.3,14.4,15.2,5.9,4.5,9.0,7.4,6.5,5.8,15.6,6.0,5.1,2.2,2.9,12.3,5.1,10.1,4.4,0.8,11.3,7.4,10.9,3.7,3.6,16.2,0.0,0.0,1.4,0.7,7.4,12.7,2.9,6.1,11.3,11.9,5.7,5.1,2.9,5.8,5.1,3.6,15.3,2.3,7.3,13.5,3.7,10.3,5.2,5.1,8.1,9.6,4.3,16.9,4.3,2.9,4.3,4.4,7.1,8.1,6.8,7.2,6.6,5.8,0.0,0.0,0.0,0.7,0.0,0.0,0.0,0.0,0.0,0.0,0.0,0.0,0.0,0.0,0.0,0.7,2.2,0.0,0.0,0.0,0.0,0.0,0.0,0.0,0.0,0.0,0.0,0.0,0.0,0.0,31.1,95.7,58.4,64.0,0.0,0.0,0.0,0.0,0.0,0.0,0.0,0.0,0.0,0.0,0.0,0.0,0.0,0.0,0.0,0.0,0.0,0.0,0.0,0.0,0.0,0.0,0.0,0.0,0.0,0.0,0.0,0.0,0.0,0.0,0.0,0.0,0.0,0.0,0.0,0.0,0.0,0.0,0.0,0.0,0.0,0.0,0.0,0.0,0.0,0.0,0.0,0.0,0.0,0.0,0.0,0.0,0.0,0.0,0.0,0.0,0.0,0.0,0.0,0.0,0.0,0.0,0.0,0.0,0.0,0.0,0.0,0.0,0.0,0.0,0.0,0.0,0.7,0.0,0.0,0.0,0.0,0.0,0.0,0.0,0.0,0.0,0.0,0.0,0.0,0.0,0.0,0.0,0.0,0.0,0.0,0.0,0.0,0.0,0.0,0.0,0.0,0.0,0.0,0.0,0.0,0.0,0.0,0.0,0.0,0.0,0.0,0.0,0.0,0.0,0.0,0.0,0.0,0.0,0.0,0.0,0.0,0.0,0.0,0.0,0.0,0.0,0.0,0.0,0.0,0.0,0.0,0.0,0.0,0.0,0.0,0.0,0.0,0.0,0.0,0.0,0.0,0.0,0.0,0.0,0.0,0.0,0.0,0.0,0.0,0.0,0.0,0.0,0.0,0.0,0.0,0.0,0.0",4.7,48334.15234375,983532.16796875,8684.2509765625,110797.86376953125,13.4814453125
1791364975.2754357,individual_n32_vmnos8_r4:confirmation,6.5,"22.9,11.2,35.4,18.0,16.2,17.8,20.6,22.0,16.3,18.2,21.0,23.0,20.4,15.0,17.6,44.0,33.3,31.0,27.2,13.0,6.2,20.2,27.8,15.3,25.0,15.0,36.6,13.0,16.8,17.0,1.9,1.0,0.0,1.0,24.2,23.7,19.6,16.8,21.9,21.2,36.0,21.0,26.5,20.0,18.6,43.6,21.2,19.0,13.3,19.8,15.2,34.0,10.0,33.7,17.2,18.2,13.1,21.4,16.0,22.1,14.1,19.0,22.5,30.4,22.4,34.7,31.0,29.2,0.0,0.0,0.0,0.0,0.0,0.0,0.0,0.0,0.0,0.0,0.0,0.0,0.0,0.0,0.0,0.0,0.0,0.0,0.0,0.0,0.0,0.0,0.0,0.0,0.0,0.0,0.0,0.0,0.0,0.0,53.8,58.4,2.0,97.1,0.0,0.0,0.0,0.0,0.0,0.0,0.0,0.0,0.0,0.0,0.0,0.0,0.0,0.0,0.0,0.0,0.0,0.0,0.0,0.0,0.0,0.0,0.0,0.0,0.0,0.0,0.0,0.0,0.0,0.0,0.0,0.0,0.0,0.0,0.0,0.0,0.0,0.0,0.0,0.0,0.0,0.0,0.0,0.0,0.0,0.0,0.0,0.0,0.0,0.0,0.0,0.0,0.0,0.0,0.0,0.0,0.0,0.0,0.0,0.0,0.0,0.0,0.0,0.0,0.0,0.0,0.0,0.0,0.0,0.0,0.0,0.0,0.0,0.0,0.0,0.0,0.0,0.0,0.0,0.0,0.0,0.0,0.0,0.0,0.0,0.0,0.0,0.0,0.0,0.0,0.0,0.0,0.0,0.0,0.0,0.0,0.0,0.0,0.0,0.0,0.0,0.0,0.0,0.0,0.0,0.0,0.0,0.0,0.0,0.0,0.0,0.0,0.0,0.0,0.0,0.0,0.0,0.0,0.0,0.0,0.0,0.0,0.0,0.0,0.0,0.0,0.0,0.0,0.0,1.0,0.0,0.0,0.0,0.0,0.0,0.0,0.0,0.0,0.0,0.0,0.0,0.0,0.0,0.0,0.0,0.0,0.0,0.0,0.0,0.0,0.0,0.0,0.0",4.6,47549.6953125,984316.625,8684.2509765625,110800.32861328125,15.125
1791364976.3303573,individual_n32_vmnos8_r4:confirmation,3.8,"33.0,14.6,12.7,9.4,12.6,15.3,7.6,11.4,14.7,19.6,7.6,14.9,9.7,11.4,10.8,10.8,8.7,20.0,20.8,12.6,9.5,15.5,11.0,11.8,13.5,16.2,13.3,9.7,25.2,10.6,1.0,1.0,6.7,0.9,7.5,8.8,7.6,7.8,23.8,9.5,21.9,14.3,13.3,7.6,7.7,17.1,13.6,24.5,9.5,11.8,9.6,15.5,10.7,8.5,9.7,18.3,14.7,11.8,11.5,12.6,13.7,16.3,15.4,10.6,9.7,10.6,8.6,7.7,0.0,0.0,0.0,0.0,0.0,0.0,0.0,0.0,0.0,0.0,0.0,0.0,0.0,0.0,0.0,0.0,2.9,0.0,0.0,0.0,0.0,0.0,0.0,0.0,0.0,0.0,0.0,0.0,0.0,0.0,64.8,34.3,16.2,30.8,0.0,0.0,0.0,0.0,0.0,0.0,0.0,0.0,0.0,0.0,0.0,0.0,0.0,0.0,0.0,0.0,0.0,0.0,0.0,0.0,0.0,0.0,0.0,0.0,0.0,0.0,0.0,0.0,0.0,0.0,0.0,0.0,0.0,0.0,0.0,0.0,0.0,0.0,0.0,0.0,0.0,0.0,0.0,0.0,0.0,0.0,0.0,0.0,0.0,0.0,0.0,0.0,0.0,0.0,0.0,0.0,0.0,0.0,0.0,0.0,0.0,0.0,0.0,0.0,0.0,0.0,0.0,0.0,0.0,0.0,0.0,0.0,0.0,0.0,0.0,0.0,0.0,0.0,0.0,0.0,0.0,0.0,0.0,0.0,0.0,0.0,0.0,0.0,0.0,0.0,0.0,0.0,0.0,0.0,0.0,0.0,0.0,0.0,0.0,0.0,0.0,0.0,0.0,0.0,0.0,0.0,0.0,0.0,0.0,0.0,0.0,0.0,0.0,0.0,0.0,0.0,0.0,0.0,0.0,0.0,0.0,0.0,0.0,0.0,0.0,0.0,0.0,0.0,0.0,0.0,0.0,0.0,0.0,0.0,0.0,0.0,0.0,0.0,0.0,0.0,0.0,0.0,0.0,0.0,0.0,0.0,0.0,0.0,0.0,0.0,0.0,0.0,0.0",4.6,47096.1484375,984770.171875,8684.2509765625,110800.55908203125,15.125
1791364977.3413699,individual_n32_vmnos8_r4:confirmation,4.1,"10.0,24.0,18.6,5.2,7.2,16.5,3.1,10.4,10.1,7.1,15.0,22.7,6.2,5.2,5.2,5.2,19.6,9.1,7.3,12.2,14.4,22.9,8.4,13.4,18.4,23.4,15.8,9.7,16.0,13.4,4.0,3.0,5.9,3.0,9.3,7.1,22.2,6.2,21.4,13.7,7.0,11.0,15.6,21.2,7.3,3.1,4.1,25.0,11.2,27.8,6.5,27.8,7.4,5.2,8.2,6.2,7.1,5.2,3.2,6.4,21.6,19.0,6.1,7.0,9.2,14.3,20.6,22.7,0.0,0.0,0.0,0.0,0.0,0.0,0.0,0.0,0.0,0.0,0.0,0.0,0.0,0.0,0.0,0.0,2.0,0.0,0.0,0.0,0.0,0.0,0.0,0.0,0.0,0.0,0.0,0.0,0.0,0.0,80.2,55.6,71.0,38.8,0.0,0.0,0.0,0.0,0.0,0.0,0.0,0.0,0.0,0.0,0.0,0.0,0.0,0.0,0.0,0.0,0.0,0.0,0.0,0.0,0.0,0.0,0.0,0.0,0.0,0.0,0.0,0.0,0.0,0.0,0.0,0.0,0.0,0.0,0.0,0.0,0.0,0.0,0.0,0.0,0.0,0.0,0.0,0.0,0.0,0.0,0.0,0.0,0.0,0.0,0.0,0.0,0.0,0.0,0.0,0.0,0.0,0.0,0.0,0.0,0.0,0.0,0.0,0.0,0.0,0.0,0.0,0.0,0.0,0.0,0.0,0.0,0.0,0.0,0.0,0.0,0.0,0.0,0.0,0.0,0.0,0.0,0.0,0.0,0.0,0.0,0.0,0.0,0.0,0.0,0.0,0.0,0.0,0.0,0.0,0.0,0.0,0.0,0.0,0.0,0.0,0.0,0.0,0.0,0.0,0.0,0.0,0.0,0.0,0.0,0.0,0.0,0.0,0.0,0.0,0.0,0.0,0.0,0.0,0.0,0.0,0.0,0.0,0.0,0.0,0.0,0.0,0.0,0.0,0.0,0.0,0.0,0.0,0.0,0.0,0.0,0.0,0.0,0.0,0.0,0.0,0.0,0.0,0.0,0.0,0.0,0.0,0.0,0.0,0.0,0.0,0.0,0.0",4.6,47320.3203125,984546.0,8684.2509765625,110800.55908203125,15.125
1791364978.347318,individual_n32_vmnos8_r4:confirmation,3.4,"11.0,6.2,4.0,18.8,8.1,14.1,3.1,7.9,3.1,8.1,4.1,2.0,21.4,3.0,13.1,4.1,21.9,22.2,4.2,7.3,9.2,9.3,14.4,10.1,8.2,17.2,21.6,9.9,15.2,5.2,1.0,0.0,5.0,0.0,11.5,5.3,7.3,7.1,10.3,13.4,1.0,1.0,11.0,9.3,5.1,9.1,19.4,8.2,5.0,13.4,14.9,3.0,7.3,18.9,3.2,11.0,2.1,3.0,7.1,6.1,9.0,6.2,17.3,6.2,14.6,11.3,6.2,16.2,0.0,0.0,0.0,0.0,0.0,0.0,0.0,0.0,0.0,0.0,0.0,0.0,0.0,0.0,0.0,0.0,0.0,0.0,0.0,0.0,0.0,0.0,0.0,0.0,0.0,0.0,0.0,0.0,0.0,0.0,43.4,45.9,99.0,81.0,0.0,0.0,0.0,0.0,0.0,0.0,0.0,0.0,0.0,0.0,0.0,0.0,0.0,0.0,0.0,0.0,0.0,0.0,0.0,0.0,0.0,0.0,0.0,0.0,0.0,0.0,0.0,0.0,0.0,0.0,0.0,0.0,0.0,0.0,0.0,0.0,0.0,0.0,0.0,0.0,0.0,0.0,0.0,0.0,0.0,0.0,0.0,0.0,0.0,0.0,0.0,0.0,0.0,0.0,0.0,0.0,0.0,0.0,0.0,0.0,0.0,0.0,0.0,0.0,0.0,0.0,0.0,0.0,0.0,0.0,0.0,0.0,0.0,0.0,0.0,0.0,0.0,0.0,0.0,0.0,0.0,0.0,0.0,0.0,0.0,0.0,0.0,0.0,0.0,0.0,0.0,0.0,0.0,0.0,0.0,0.0,0.0,0.0,0.0,0.0,0.0,0.0,0.0,0.0,0.0,0.0,0.0,0.0,0.0,0.0,0.0,0.0,0.0,0.0,0.0,0.0,0.0,0.0,0.0,0.0,0.0,0.0,0.0,0.0,0.0,0.0,0.0,0.0,0.0,0.0,0.0,0.0,0.0,0.0,0.0,0.0,0.0,0.0,0.0,0.0,0.0,0.0,0.0,0.0,0.0,0.0,0.0,0.0,0.0,0.0,0.0,0.0,0.0",4.6,47609.0,984257.3203125,8684.2509765625,110800.55908203125,15.125
1791364979.3901808,individual_n32_vmnos8_r4:confirmation,4.2,"11.0,24.1,10.1,6.5,6.3,4.3,3.5,7.9,6.5,8.5,9.6,8.8,19.6,18.6,12.2,12.3,18.6,16.4,4.3,5.0,8.6,16.4,5.2,9.5,6.5,16.7,2.9,9.5,28.8,9.7,1.4,4.9,2.8,0.0,8.1,5.8,24.6,3.6,20.4,25.2,4.3,7.8,4.3,7.8,9.5,6.5,15.3,6.4,9.4,11.5,5.1,4.3,4.4,19.7,5.8,6.6,5.7,7.3,17.9,9.4,18.2,7.2,7.3,11.7,25.9,7.1,6.5,14.9,0.0,0.0,0.0,0.0,0.0,0.0,0.0,0.0,0.0,0.0,0.0,0.0,0.0,0.0,0.0,0.0,0.0,0.0,0.0,0.0,0.0,0.0,0.0,0.0,0.0,0.0,0.0,0.0,0.0,0.0,40.6,51.4,99.3,63.4,0.0,0.0,0.0,0.0,0.0,0.0,0.0,0.0,0.0,0.0,0.0,0.0,0.0,0.0,0.0,0.0,0.0,0.0,0.0,0.0,0.0,0.0,0.0,0.0,0.0,0.0,0.0,0.0,0.0,0.0,0.0,0.0,0.0,0.0,0.0,0.0,0.0,0.0,0.0,0.0,0.0,0.0,0.0,0.0,0.0,0.0,0.0,0.0,0.0,0.0,0.0,0.0,0.0,0.0,0.0,0.0,0.0,0.0,0.0,0.0,0.0,0.0,0.0,0.0,0.0,0.0,0.0,0.0,0.0,0.0,0.0,0.0,0.7,0.0,0.0,0.0,0.0,0.0,0.0,0.0,0.0,0.0,0.0,0.0,0.0,0.0,0.0,0.0,0.0,0.0,0.0,0.0,0.0,0.0,0.0,0.0,0.0,0.0,0.0,0.0,0.0,0.0,0.0,0.0,0.0,0.0,0.0,0.0,0.0,0.0,0.0,0.0,0.0,0.0,0.0,0.0,0.0,0.0,0.0,0.0,0.0,0.0,0.0,0.0,0.0,0.0,0.0,0.0,0.7,0.0,0.0,0.0,0.0,0.0,0.0,0.0,0.0,0.0,0.0,0.0,0.0,0.0,0.0,0.0,0.0,0.0,0.0,0.0,0.0,0.0,0.0,0.0,0.0",4.6,47384.3984375,984481.921875,8684.2509765625,110803.73876953125,14.47412109375
1791364981.004238,individual_n32_vmnos8_r4:confirmation,4.2,"12.4,18.5,22.3,4.2,21.0,21.0,9.8,6.7,6.6,11.6,13.4,12.2,22.3,15.4,23.4,9.4,29.3,31.1,21.2,6.7,13.7,7.3,5.8,28.7,14.0,7.3,10.9,21.5,15.0,11.4,4.8,5.7,0.8,0.0,12.6,14.8,19.5,9.8,13.3,21.5,22.8,18.9,16.1,21.6,30.8,8.1,6.7,4.2,15.7,22.3,5.6,5.0,6.6,35.8,7.8,6.7,5.8,4.2,10.7,9.1,19.0,19.2,9.9,9.1,17.4,18.3,23.0,16.5,0.0,0.0,0.0,0.0,0.0,0.0,0.0,0.0,0.0,0.0,0.0,0.0,0.0,0.0,0.0,0.0,0.0,0.0,0.0,0.0,0.0,0.0,0.0,0.0,0.0,0.0,0.0,0.0,0.0,0.0,51.6,97.6,79.0,43.0,0.0,0.0,0.0,0.0,0.0,0.0,0.0,0.0,0.0,0.0,0.0,0.0,0.0,0.0,0.0,0.0,0.0,0.0,0.0,0.0,0.0,0.0,0.0,0.0,0.0,0.0,0.0,0.0,0.0,0.0,0.0,0.0,0.0,0.0,0.0,0.0,0.0,0.0,0.0,0.0,0.0,0.0,0.0,0.0,0.0,0.0,0.0,0.0,0.0,0.0,0.0,0.0,0.0,0.0,0.0,0.0,0.0,0.0,0.0,0.0,0.0,0.0,0.0,0.0,0.0,0.0,0.0,0.0,0.0,0.0,0.0,1.6,0.0,0.0,0.0,0.0,0.0,0.0,0.0,0.0,0.0,0.0,0.0,0.0,0.0,0.0,0.0,0.0,0.0,0.0,0.8,0.0,0.0,0.0,0.0,0.0,0.0,0.0,0.0,0.0,0.0,0.0,0.0,0.0,0.0,0.0,0.0,0.0,0.0,0.0,0.0,0.0,0.0,0.0,0.0,0.0,0.0,0.0,0.0,0.0,0.0,0.0,0.0,0.0,0.0,0.0,0.0,0.0,0.0,0.0,0.0,0.0,0.0,0.0,0.0,0.0,0.0,0.0,0.0,0.0,0.0,0.0,0.0,0.0,0.0,0.0,0.0,0.0,0.0,0.0,0.0,0.0,0.0",4.6,47495.85546875,984370.46484375,8684.2509765625,110804.22705078125,14.47412109375
1791364982.5373101,individual_n32_vmnos8_r4:confirmation,3.8,"13.4,12.6,13.1,6.0,16.7,19.2,22.0,15.4,19.9,10.5,11.3,9.2,19.2,10.1,9.4,9.3,6.6,7.2,19.6,9.1,11.2,9.5,19.7,18.8,14.8,10.0,9.9,12.1,9.9,7.9,0.0,1.3,1.3,0.0,27.3,11.9,21.1,9.5,16.8,28.4,17.2,10.0,14.5,7.3,21.2,11.3,5.3,9.9,10.7,11.3,10.0,9.7,10.5,13.9,6.0,16.7,12.2,6.6,9.9,9.9,6.5,7.3,14.1,12.5,19.6,10.8,21.9,13.6,0.0,0.0,0.0,0.0,0.0,0.0,0.0,0.0,0.0,0.0,0.0,0.0,0.0,0.6,0.0,0.0,2.0,0.0,0.0,0.0,0.0,0.0,0.0,0.0,0.0,0.0,0.0,0.0,0.0,0.0,40.9,61.6,47.7,48.4,0.0,0.0,0.0,0.0,0.0,0.0,0.0,0.0,0.0,0.0,0.0,0.0,0.0,0.0,0.0,0.0,0.0,0.0,0.0,0.0,0.0,0.0,0.0,0.0,0.0,0.0,0.0,0.0,0.0,0.0,0.0,0.0,0.0,0.0,0.0,0.0,0.0,0.0,0.0,0.0,0.0,0.0,0.0,0.0,0.0,0.0,0.0,0.0,0.0,0.0,0.0,0.0,0.0,0.0,0.0,0.0,0.0,0.0,0.0,0.0,0.0,0.0,0.0,0.0,0.0,0.0,0.0,0.0,0.0,0.0,0.0,0.0,0.0,0.0,0.0,0.0,0.0,0.0,0.0,0.0,0.0,0.0,0.0,0.0,0.0,0.0,0.0,0.0,0.0,0.0,0.0,0.0,0.0,0.0,0.0,0.0,0.0,0.0,0.0,0.0,0.0,0.0,0.0,0.0,0.0,0.0,0.0,0.0,0.0,0.0,0.0,0.0,0.0,0.0,0.0,0.0,0.0,0.0,0.0,0.0,0.0,0.0,0.0,0.0,0.0,0.0,0.0,0.0,0.0,0.0,0.0,0.0,0.0,0.0,0.0,0.0,0.0,0.0,0.0,0.0,0.0,0.0,0.0,0.0,0.0,0.0,0.0,0.0,0.0,0.0,0.0,0.0,0.0",4.5,46643.1640625,985223.15625,8684.2509765625,110804.22705078125,14.47412109375
1791364983.730974,individual_n32_vmnos8_r4:confirmation,3.0,"7.8,1.8,14.0,9.7,15.7,19.5,4.5,3.5,16.5,7.1,5.5,8.0,7.1,6.2,1.8,8.1,0.9,4.4,2.7,5.4,18.4,13.2,4.4,3.5,20.9,7.0,4.5,7.0,3.6,19.1,0.9,1.7,0.9,0.0,4.5,17.1,16.4,15.2,16.1,1.8,6.2,13.2,4.5,2.7,9.6,8.8,5.4,14.3,1.8,2.7,11.2,2.6,1.8,3.5,5.3,8.8,4.4,6.1,4.5,1.8,11.4,0.9,20.0,6.2,13.4,4.4,16.8,19.8,0.0,0.0,0.0,0.0,0.0,0.0,0.0,0.0,0.0,0.0,0.0,0.0,0.0,0.0,0.0,0.0,0.9,0.0,0.0,0.0,0.0,0.0,0.0,0.0,0.0,0.0,0.0,0.0,0.0,0.0,1.8,93.0,35.1,44.7,0.0,0.0,0.0,0.0,0.0,0.0,0.0,0.0,0.0,0.0,0.0,0.0,0.0,0.0,0.0,0.0,0.0,0.0,0.0,0.0,0.0,0.0,0.0,0.0,0.0,0.0,0.0,0.0,0.0,0.0,0.0,0.0,0.0,0.0,0.0,0.0,0.0,0.0,0.0,0.0,0.0,0.0,0.0,0.0,0.0,0.0,0.0,0.0,0.0,0.0,0.0,0.0,0.0,0.0,0.0,0.0,0.0,0.0,0.0,0.0,0.0,0.0,0.0,0.0,0.0,0.0,0.0,0.0,0.0,0.0,0.0,0.0,0.0,0.0,0.0,0.0,0.0,0.0,0.0,0.0,0.0,0.0,0.0,0.0,0.0,0.0,0.0,0.0,0.0,0.0,0.0,0.0,0.0,0.0,0.0,0.0,0.0,0.0,0.0,0.0,0.0,0.0,0.0,0.0,0.0,0.0,0.0,0.0,0.0,0.0,0.0,0.0,0.0,0.0,0.0,0.0,0.0,0.0,0.0,0.0,0.0,0.0,0.0,0.0,0.0,0.0,0.0,0.0,0.0,0.0,0.0,0.0,0.0,0.0,0.0,0.0,0.0,0.0,0.0,0.0,0.0,0.0,0.0,0.0,0.0,0.0,0.0,0.0,0.0,0.0,0.0,0.0,0.0",4.6,47100.3046875,984766.015625,8684.2509765625,110804.22705078125,14.47412109375
1791364984.7480655,individual_n32_vmnos8_r4:confirmation,5.1,"20.9,27.3,29.8,14.1,19.4,10.1,20.6,14.1,46.9,14.7,13.1,12.2,16.8,14.1,8.3,13.5,11.1,14.4,24.5,12.9,17.2,29.9,13.4,13.5,8.1,8.2,19.0,21.0,9.0,17.6,0.0,13.7,4.0,0.0,10.2,10.1,22.2,26.3,33.3,7.1,8.2,16.2,6.2,12.0,24.2,20.8,17.3,32.3,12.0,6.0,20.4,16.5,19.2,23.7,8.2,17.3,10.4,11.1,11.1,8.3,16.5,17.0,15.5,15.3,16.0,14.1,21.4,22.0,0.0,0.0,0.0,0.0,0.0,0.0,0.0,0.0,0.0,0.0,0.0,0.0,0.0,0.0,0.0,0.0,1.0,0.0,0.0,0.0,0.0,0.0,0.0,0.0,0.0,0.0,0.0,0.0,0.0,0.0,39.0,98.0,50.0,38.1,0.0,0.0,0.0,0.0,0.0,0.0,0.0,0.0,0.0,0.0,0.0,0.0,0.0,0.0,0.0,0.0,0.0,0.0,0.0,0.0,0.0,0.0,0.0,0.0,0.0,0.0,0.0,0.0,0.0,0.0,0.0,0.0,0.0,0.0,0.0,0.0,0.0,0.0,0.0,0.0,0.0,0.0,0.0,0.0,0.0,0.0,0.0,0.0,0.0,0.0,0.0,0.0,0.0,0.0,0.0,0.0,0.0,0.0,0.0,0.0,0.0,0.0,0.0,0.0,0.0,0.0,0.0,0.0,0.0,0.0,0.0,0.0,0.0,0.0,0.0,0.0,0.0,0.0,0.0,0.0,0.0,0.0,0.0,0.0,0.0,0.0,0.0,0.0,0.0,0.0,0.0,0.0,0.0,0.0,0.0,0.0,0.0,0.0,0.0,0.0,0.0,0.0,0.0,0.0,0.0,0.0,0.0,0.0,0.0,0.0,0.0,0.0,0.0,0.0,0.0,0.0,0.0,0.0,0.0,0.0,0.0,0.0,0.0,0.0,0.0,0.0,0.0,0.0,0.0,0.0,0.0,0.0,0.0,0.0,0.0,0.0,0.0,0.0,0.0,0.0,0.0,0.0,0.0,0.0,0.0,0.0,0.0,0.0,0.0,0.0,0.0,0.0,0.0",4.5,46067.49609375,985798.82421875,8684.2509765625,110806.68408203125,14.47412109375
1791364985.7717988,individual_n32_vmnos8_r4:confirmation,2.2,"11.5,0.9,4.6,2.8,2.8,7.5,5.5,9.4,5.6,6.6,8.4,15.7,1.9,4.6,4.7,2.8,1.8,3.7,3.7,0.9,1.8,2.8,3.7,4.6,2.7,1.9,2.8,15.1,7.3,6.3,29.4,1.8,3.7,0.0,4.5,4.5,12.0,1.9,8.3,3.7,1.8,4.6,0.0,0.9,7.5,6.5,0.9,2.7,0.0,0.9,7.3,2.8,4.7,5.5,2.8,0.9,8.3,2.8,4.6,1.8,5.5,9.1,6.4,6.4,0.9,2.8,2.8,1.9,0.0,0.0,0.0,0.0,0.0,0.0,0.0,0.0,0.0,0.0,0.0,0.0,0.0,0.0,0.0,0.0,2.8,0.0,0.0,0.0,0.0,0.0,0.0,0.0,0.0,0.0,0.0,0.0,0.0,0.0,43.0,86.2,63.6,60.9,0.0,0.0,0.0,0.0,0.0,0.0,0.0,0.0,0.0,0.0,0.0,0.0,0.0,0.0,0.0,0.0,0.0,0.0,0.0,0.0,0.0,0.0,0.0,0.0,0.0,0.0,0.0,0.0,0.0,0.0,0.0,0.0,0.0,0.0,0.0,0.0,0.0,0.0,0.0,0.0,0.0,0.0,0.0,0.0,0.0,0.0,0.0,0.0,0.0,0.0,0.0,0.0,0.0,0.0,0.0,0.0,0.0,0.0,0.0,0.0,0.0,0.0,0.0,0.0,0.0,0.0,0.0,0.0,0.0,0.0,0.0,0.0,0.0,0.0,0.0,0.0,0.0,0.0,0.0,0.0,0.0,0.0,0.0,0.0,0.0,0.0,0.0,0.0,0.0,0.0,0.0,0.0,0.0,0.0,0.0,0.0,0.0,0.0,0.0,0.0,0.0,0.0,0.0,0.0,0.0,0.0,0.0,0.0,0.0,0.0,0.0,0.0,0.0,0.0,0.0,0.0,0.0,0.0,0.0,0.0,0.0,0.0,0.0,0.0,0.0,0.0,0.0,0.0,0.0,0.0,0.0,0.0,0.0,0.0,0.0,0.0,0.0,0.0,0.0,0.0,0.0,0.0,0.0,0.0,0.0,0.0,0.0,0.0,0.0,0.0,0.0,0.0,0.0",4.5,46320.38671875,985545.93359375,8684.2509765625,110806.91845703125,15.3974609375
1791364986.8819299,individual_n32_vmnos8_r4:confirmation,4.7,"9.4,3.9,10.5,5.8,23.3,44.7,8.7,24.2,7.9,25.2,10.0,9.0,12.5,10.0,10.7,9.0,19.2,6.0,6.8,21.2,6.9,19.0,7.8,5.2,5.9,19.0,5.8,26.2,23.1,14.9,0.0,5.7,3.8,1.0,18.0,7.8,21.9,20.4,8.7,36.3,18.6,9.9,22.3,6.9,6.8,17.6,22.1,16.2,26.7,10.7,20.6,8.0,8.9,19.4,10.0,5.9,23.5,19.8,19.8,7.6,4.0,8.7,5.9,9.9,11.8,36.3,21.6,19.8,0.0,0.0,0.0,0.0,0.0,0.0,0.0,0.0,0.0,0.0,0.0,0.0,0.0,0.0,0.0,0.0,2.0,0.0,0.0,0.0,0.0,0.0,0.0,0.0,0.0,0.0,0.0,0.0,0.0,0.0,83.0,87.6,51.0,64.8,0.0,0.0,0.0,0.0,0.0,0.0,0.0,0.0,0.0,0.0,0.0,0.0,0.0,0.0,0.0,0.0,0.0,0.0,0.0,0.0,0.0,0.0,0.0,0.0,0.0,0.0,0.0,0.0,0.0,0.0,0.0,0.0,0.0,0.0,0.0,0.0,0.0,0.0,0.0,0.0,0.0,0.0,0.0,0.0,0.0,0.0,0.0,0.0,0.0,0.0,0.0,0.0,0.0,0.0,0.0,0.0,0.0,0.0,0.0,0.0,0.0,0.0,0.0,0.0,0.0,0.0,0.0,0.0,0.0,0.0,0.0,0.0,0.0,0.0,0.0,0.0,0.0,0.0,0.0,0.0,0.0,0.0,0.0,0.0,0.0,0.0,0.0,0.0,0.0,0.0,0.0,0.0,0.0,0.0,0.0,0.0,0.0,0.0,0.0,0.0,0.0,0.0,0.0,0.0,0.0,0.0,0.0,0.0,0.0,0.0,0.0,0.0,0.0,0.0,0.0,0.0,0.0,0.0,0.0,0.0,0.0,0.0,0.0,0.0,0.0,0.0,0.0,0.0,0.0,0.0,0.0,0.0,0.0,0.0,0.0,0.0,0.0,0.0,0.0,0.0,0.0,0.0,0.0,0.0,0.0,0.0,0.0,0.0,0.0,0.0,0.0,0.0,0.0",4.5,46893.89453125,984972.42578125,8684.2509765625,110806.91845703125,15.3974609375
1791364988.1142242,idle,2.2,"10.3,11.1,4.2,5.8,6.7,4.9,0.8,3.3,5.9,8.4,10.3,4.3,2.5,21.0,4.2,2.5,2.5,4.2,3.4,3.4,5.1,4.3,4.2,5.1,3.3,0.8,2.5,5.8,2.5,5.0,0.8,0.8,1.6,0.8,4.2,2.5,8.5,9.4,6.7,5.8,7.6,10.7,2.5,0.9,3.3,9.2,1.7,0.8,2.6,1.7,2.5,12.7,8.4,9.2,16.0,8.4,7.0,12.9,5.9,5.9,13.4,2.6,3.3,9.5,5.0,4.2,1.7,6.0,0.0,0.0,0.0,0.0,0.0,0.0,0.0,0.0,0.0,0.0,0.0,0.0,0.0,0.0,0.0,0.0,1.7,0.0,0.0,0.0,0.0,0.0,0.0,0.0,0.0,0.0,0.0,0.0,0.0,0.0,41.2,91.7,37.3,18.6,0.0,0.0,0.0,0.0,0.0,0.0,0.0,0.0,0.0,0.0,0.0,0.0,0.0,0.0,0.0,0.0,0.0,0.0,0.0,0.0,0.0,0.0,0.0,0.0,0.0,0.0,0.0,0.0,0.0,0.0,0.0,0.0,0.0,0.0,0.0,0.0,0.0,0.0,0.0,0.0,0.0,0.0,0.0,0.0,0.0,0.0,0.0,0.0,0.0,0.0,0.0,0.0,0.0,0.0,0.0,0.0,0.0,0.0,0.0,0.0,0.0,0.0,0.0,0.0,0.0,0.0,0.0,0.0,0.0,0.0,0.0,0.0,0.0,0.0,0.0,0.0,0.0,0.0,0.0,0.0,0.0,0.0,0.0,0.0,0.0,0.0,0.0,0.0,0.0,0.0,0.0,0.0,0.0,0.0,0.0,0.0,0.0,0.0,0.0,0.0,0.0,0.0,0.0,0.0,0.0,0.0,0.0,0.0,0.0,0.0,0.0,0.0,0.0,0.0,0.0,0.0,0.0,0.0,0.0,0.0,0.0,0.0,0.0,0.0,0.0,0.0,0.0,0.0,0.0,0.0,0.0,0.0,0.0,0.0,0.0,0.0,0.0,0.0,0.0,0.0,0.0,0.0,0.0,0.0,0.0,0.0,0.0,0.0,0.0,0.0,0.0,0.0,0.0",4.6,46992.2578125,984874.0625,8684.2509765625,110806.91845703125,15.3974609375
1791364989.1707017,idle,3.4,"7.7,15.7,3.9,8.8,12.6,5.0,5.9,12.6,9.9,9.7,29.8,12.5,4.9,7.8,7.1,6.9,3.0,4.0,6.9,6.9,10.5,11.9,11.1,9.9,8.7,5.9,10.6,6.9,7.7,5.1,0.0,0.0,0.0,0.0,9.6,3.8,9.9,8.8,30.0,12.7,7.9,17.0,6.9,7.8,8.9,16.2,10.6,9.8,6.9,9.7,5.8,6.9,11.8,10.0,18.3,13.6,5.0,11.0,7.8,5.9,9.1,14.7,9.9,9.7,9.9,9.9,5.9,9.6,0.0,0.0,0.0,0.0,0.0,0.0,0.0,0.0,0.0,0.0,0.0,0.0,0.0,0.0,0.0,0.0,7.9,0.0,1.9,0.0,0.0,0.0,0.0,0.0,0.0,0.0,0.0,0.0,0.0,0.0,46.7,100.0,60.4,41.0,0.0,0.0,0.0,0.0,0.0,0.0,0.0,0.0,0.0,0.0,0.0,0.0,0.0,0.0,0.0,0.0,0.0,0.0,0.0,0.0,0.0,0.0,0.0,0.0,0.0,0.0,0.0,0.0,0.0,0.0,0.0,0.0,0.0,0.0,0.0,0.0,0.0,0.0,0.0,0.0,0.0,0.0,0.0,0.0,0.0,0.0,0.0,0.0,0.0,0.0,0.0,0.0,0.0,0.0,0.0,0.0,0.0,0.0,0.0,0.0,0.0,0.0,0.0,0.0,0.0,0.0,0.0,0.0,0.0,0.0,0.0,0.0,0.0,0.0,0.0,0.0,0.0,0.0,0.0,0.0,0.0,0.0,0.0,0.0,0.0,0.0,0.0,0.0,0.0,0.0,0.0,0.0,0.0,0.0,0.0,0.0,0.0,0.0,0.0,0.0,0.0,0.0,0.0,0.0,0.0,0.0,0.0,0.0,0.0,0.0,0.0,0.0,0.0,0.0,0.0,0.0,0.0,0.0,0.0,0.0,0.0,0.0,0.0,0.0,0.0,0.0,0.0,0.0,0.0,0.0,0.0,0.0,0.0,0.0,0.0,0.0,0.0,0.0,0.0,0.0,0.0,0.0,0.0,0.0,0.0,0.0,0.0,0.0,0.0,0.0,0.0,0.0,0.0",4.5,46786.578125,985079.7421875,8684.2509765625,110806.91845703125,15.3974609375
1791364990.211423,idle,3.0,"5.5,5.0,3.9,7.0,8.7,7.7,3.9,8.7,14.4,6.9,13.6,5.9,5.0,9.8,7.0,7.0,2.0,6.8,6.8,8.6,11.7,4.8,9.8,8.1,13.7,5.8,3.9,5.7,5.8,6.7,5.8,4.8,2.9,2.9,3.9,1.9,8.7,10.5,7.0,8.8,2.0,8.1,3.9,2.0,2.0,9.6,7.8,1.0,6.9,11.6,9.1,6.7,9.5,12.7,11.8,7.8,11.8,6.9,5.0,6.8,9.7,8.7,9.8,11.7,14.4,4.1,7.8,6.8,0.0,0.0,0.0,0.0,0.0,0.0,0.0,0.0,0.0,0.0,0.0,0.0,0.0,0.0,0.0,0.0,5.0,0.0,0.0,0.0,0.0,0.0,0.0,0.0,0.0,0.0,0.0,0.0,0.0,0.0,99.0,61.8,88.3,34.3,0.0,0.0,0.0,0.0,0.0,0.0,0.0,0.0,0.0,0.0,0.0,0.0,0.0,0.0,0.0,0.0,0.0,0.0,0.0,0.0,0.0,0.0,0.0,0.0,0.0,0.0,0.9,0.0,0.0,0.0,0.0,0.0,0.0,0.0,0.0,0.0,0.0,0.0,0.0,0.0,0.0,0.0,0.0,0.0,0.0,0.0,0.0,0.0,0.0,0.0,0.0,0.0,0.0,0.0,0.0,0.0,0.0,0.0,0.0,0.0,0.0,0.0,0.0,0.0,0.0,0.0,0.0,0.0,0.0,0.0,0.0,0.0,0.0,0.0,0.0,0.0,0.0,0.0,0.0,0.0,0.0,0.0,0.0,0.0,0.0,0.0,0.0,0.0,0.0,0.0,0.0,0.0,1.0,0.0,0.0,0.0,0.0,0.0,0.0,0.0,0.0,0.0,0.0,0.0,0.0,0.0,0.0,0.0,0.0,0.0,0.0,0.0,0.0,0.0,0.0,0.0,0.0,0.0,0.0,0.0,0.0,0.0,0.0,0.0,0.0,0.0,0.0,0.0,0.9,0.0,0.0,0.0,0.0,0.0,0.0,0.0,0.0,0.0,0.0,0.0,0.0,0.0,0.0,0.0,0.0,0.0,0.0,0.0,0.0,0.0,0.0,0.0,0.0",4.4,45895.515625,985970.8046875,8684.2509765625,110809.44189453125,15.44580078125
1791364991.2673907,idle,2.5,"4.4,9.8,3.8,20.8,6.9,3.9,2.0,4.9,5.0,7.6,9.8,4.8,14.7,6.8,4.9,4.9,5.8,9.8,7.9,5.0,4.8,1.0,12.7,7.9,4.9,2.9,4.8,5.8,2.9,2.0,1.0,0.0,0.0,0.0,11.8,3.0,27.7,8.7,6.8,5.9,9.8,10.6,2.9,2.9,2.0,3.0,2.9,10.4,4.9,6.7,5.9,6.9,6.9,6.7,17.2,9.6,6.9,7.8,6.9,6.7,8.7,7.9,13.6,16.0,9.6,6.0,4.9,4.9,0.0,0.0,0.0,0.0,0.0,0.0,0.0,0.0,0.0,0.0,0.0,0.0,0.0,0.0,0.0,0.0,0.0,0.0,0.0,0.0,0.0,0.0,0.0,0.0,0.0,0.0,0.0,0.0,0.0,0.0,76.9,70.9,32.7,2.9,0.0,0.0,0.0,0.0,0.0,0.0,0.0,0.0,0.0,0.0,0.0,0.0,0.0,0.0,0.0,0.0,0.0,0.0,0.0,0.0,0.0,0.0,0.0,0.0,0.0,0.0,0.0,0.0,0.0,0.0,0.0,0.0,0.0,0.0,0.0,0.0,0.0,0.0,0.0,0.0,0.0,0.0,0.0,0.0,0.0,0.0,0.0,0.0,0.0,0.0,0.0,0.0,0.0,0.0,0.0,0.0,0.0,0.0,0.0,0.0,0.0,0.0,0.0,0.0,0.0,0.0,0.0,0.0,0.0,0.0,0.0,0.0,0.0,0.0,0.0,0.0,0.0,0.0,0.9,0.0,0.0,0.0,0.0,0.0,0.0,0.0,0.0,0.0,0.0,0.0,0.0,0.0,0.0,0.0,0.0,0.0,0.0,0.0,0.0,0.0,0.0,0.0,0.0,0.0,0.0,0.0,0.0,0.0,0.0,0.0,0.0,0.0,0.0,0.0,0.0,0.0,0.0,0.0,0.0,0.0,0.0,0.0,0.0,0.0,0.0,0.0,0.0,0.0,0.0,0.0,0.0,0.0,0.0,0.0,0.0,0.0,0.0,0.0,0.0,0.0,0.0,0.0,0.0,0.0,0.0,0.0,0.0,0.0,0.0,0.0,0.0,0.0,0.0",4.5,45920.01171875,985946.30859375,8684.2509765625,110809.93798828125,15.44580078125
1791364992.3134975,idle,3.1,"8.6,17.8,16.2,9.9,7.9,10.9,8.0,15.5,9.8,9.9,9.1,12.0,11.9,25.0,5.2,11.7,8.8,5.1,12.1,8.7,9.7,7.8,9.7,14.0,7.8,11.9,5.1,5.9,5.8,6.9,0.0,1.0,0.0,1.0,6.8,4.0,14.1,6.9,11.0,9.8,11.2,15.2,6.9,5.0,6.7,16.3,6.9,9.9,9.9,9.2,2.0,8.9,5.9,7.9,14.0,14.0,8.0,14.7,10.6,8.0,14.7,4.0,7.7,16.5,10.0,10.9,4.2,24.3,0.0,0.0,0.0,0.0,0.0,0.0,0.0,0.0,0.0,0.0,0.0,0.0,0.0,0.0,0.0,0.0,0.0,0.0,0.0,0.0,0.0,0.0,0.0,0.0,0.0,0.0,0.0,0.0,0.0,0.0,56.2,32.7,71.8,12.6,0.0,0.0,0.0,0.0,0.0,0.0,0.0,0.0,0.0,0.0,0.0,0.0,0.0,0.0,0.0,0.0,0.0,0.0,0.0,0.0,0.0,0.0,0.0,0.0,0.0,0.0,0.0,0.0,0.0,0.0,0.0,0.0,0.0,0.0,0.0,0.0,0.0,0.0,0.0,0.0,0.0,0.0,0.0,0.0,0.0,0.0,0.0,0.0,0.0,0.0,0.0,0.0,0.0,0.0,0.0,0.0,0.0,0.0,0.0,0.0,0.0,0.0,0.0,0.0,0.0,0.0,0.0,0.0,0.0,0.0,0.0,0.0,0.0,0.0,0.0,0.0,0.0,0.0,0.0,0.0,0.0,0.0,0.0,0.0,0.0,0.0,0.0,0.0,0.0,0.0,0.0,0.0,0.0,0.0,0.0,0.0,0.0,0.0,0.0,0.0,0.0,0.0,0.0,0.0,0.0,0.0,0.0,0.0,0.0,0.0,0.0,0.0,0.0,0.0,0.0,0.0,0.0,0.0,0.0,0.0,0.0,0.0,0.0,0.0,0.0,0.0,0.0,0.0,0.0,0.0,0.0,0.0,0.0,0.0,0.0,0.0,0.0,0.0,0.0,0.0,0.0,0.0,0.0,0.0,0.0,0.0,0.0,0.0,0.0,0.0,0.0,0.0,0.0",4.5,46305.3515625,985560.96875,8684.2509765625,110809.93798828125,15.44580078125
1791364993.3356073,aggregate_n32_vmnos8_r4:confirmation,3.0,"8.8,7.0,10.1,10.0,11.8,9.1,7.1,7.1,6.0,5.0,6.9,17.5,5.9,5.0,5.9,15.3,2.0,5.0,14.9,6.0,5.1,8.9,2.0,12.1,5.1,3.0,4.9,6.9,13.0,8.7,0.0,2.0,1.0,9.8,10.3,10.8,30.4,4.9,2.0,16.2,3.0,3.0,7.1,2.0,4.0,6.8,3.9,5.1,7.1,4.0,5.0,3.0,9.1,16.0,14.7,15.2,3.0,7.9,4.1,8.1,16.8,6.1,7.1,8.0,6.1,8.1,7.1,10.2,0.0,0.0,0.0,0.0,0.0,0.0,0.0,0.0,0.0,0.0,0.0,0.0,0.0,0.0,0.0,0.0,1.0,0.0,0.0,0.0,0.0,0.0,0.0,0.0,0.0,0.0,0.0,0.0,0.0,0.0,84.2,43.8,86.1,30.3,0.0,0.0,0.0,0.0,0.0,0.0,0.0,0.0,0.0,0.0,0.0,0.0,0.0,0.0,0.0,0.0,0.0,0.0,0.0,0.0,0.0,0.0,0.0,0.0,0.0,0.0,0.0,0.0,0.0,0.0,0.0,0.0,0.0,0.0,0.0,0.0,0.0,0.0,0.0,0.0,0.0,0.0,0.0,0.0,0.0,0.0,0.0,0.0,0.0,0.0,0.0,0.0,0.0,0.0,0.0,0.0,0.0,0.0,0.0,0.0,0.0,0.0,0.0,0.0,0.0,0.0,0.0,0.0,0.0,0.0,0.0,0.0,1.0,0.0,0.0,0.0,0.0,0.0,0.0,0.0,0.0,0.0,0.0,0.0,0.0,0.0,0.0,0.0,0.0,0.0,0.0,0.0,0.0,0.0,0.0,0.0,0.0,0.0,0.0,0.0,0.0,0.0,0.0,0.0,0.0,0.0,0.0,0.0,0.0,0.0,0.0,0.0,0.0,0.0,0.0,0.0,0.0,0.0,0.0,0.0,0.0,0.0,0.0,0.0,0.0,0.0,0.0,0.0,0.0,0.0,0.0,0.0,0.0,0.0,0.0,0.0,0.0,0.0,0.0,0.0,0.0,0.0,0.0,0.0,0.0,0.0,0.0,0.0,0.0,0.0,0.0,0.0,0.0",4.5,45971.8359375,985894.484375,8684.2509765625,110809.93798828125,15.44580078125
1791364994.3577592,aggregate_n32_vmnos8_r4:confirmation,2.9,"7.9,8.2,4.1,15.5,9.3,8.3,10.2,11.0,12.1,9.8,4.1,34.3,11.2,10.1,11.1,10.3,7.1,16.7,6.2,6.2,6.1,7.1,6.0,10.2,15.0,6.1,9.2,7.2,8.1,7.1,0.0,1.0,0.0,0.0,10.3,8.8,7.4,14.6,5.2,5.1,7.1,7.2,6.2,8.1,3.1,5.3,6.1,9.2,12.1,10.2,6.1,7.0,11.2,10.3,8.2,10.6,5.1,5.0,9.9,21.6,9.2,7.1,7.0,5.1,15.2,16.3,15.5,13.4,0.0,0.0,0.0,0.0,0.0,0.0,0.0,0.0,0.0,0.0,0.0,0.0,0.0,0.0,0.0,0.0,5.2,0.0,0.0,0.0,0.0,0.0,0.0,0.0,0.0,0.0,0.0,0.0,0.0,0.0,8.8,64.6,79.2,12.7,0.0,0.0,0.0,0.0,0.0,0.0,0.0,0.0,0.0,0.0,0.0,0.0,0.0,0.0,0.0,0.0,0.0,0.0,0.0,0.0,0.0,0.0,0.0,0.0,0.0,0.0,0.0,0.0,0.0,0.0,0.0,0.0,0.0,0.0,0.0,0.0,0.0,0.0,0.0,0.0,0.0,0.0,0.0,0.0,0.0,0.0,0.0,0.0,0.0,0.0,0.0,0.0,0.0,0.0,0.0,0.0,0.0,0.0,0.0,0.0,0.0,0.0,0.0,0.0,0.0,0.0,0.0,0.0,0.0,0.0,0.0,0.0,0.0,0.0,0.0,0.0,0.0,1.0,0.0,0.0,0.0,0.0,1.0,0.0,0.0,0.0,0.0,0.0,0.0,0.0,0.0,0.0,0.0,0.0,0.0,0.0,0.0,0.0,0.0,0.0,0.0,0.0,0.0,0.0,0.0,0.0,0.0,0.0,0.0,0.0,0.0,0.0,0.0,0.0,0.0,0.0,0.0,0.0,0.0,0.0,0.0,0.0,0.0,0.0,0.0,0.0,0.0,0.0,0.0,0.0,0.0,0.0,0.0,0.0,0.0,0.0,0.0,0.0,0.0,0.0,0.0,0.0,0.0,0.0,0.0,0.0,0.0,0.0,0.0,0.0,0.0,0.0,0.0",4.5,46371.33984375,985494.98046875,8684.2509765625,110809.93798828125,15.44580078125
1791364995.3738585,aggregate_n32_vmnos8_r4:confirmation,1.8,"5.7,3.1,1.0,6.0,4.0,2.1,2.0,5.0,4.0,1.0,1.0,4.0,4.0,2.0,1.0,4.0,1.0,3.0,5.0,1.0,0.0,3.0,0.0,5.2,8.0,1.0,3.0,11.0,1.0,1.0,0.0,1.0,3.9,2.0,5.1,1.0,6.1,4.1,1.0,2.0,1.0,2.0,1.0,2.0,3.0,0.0,2.0,2.0,3.0,1.0,4.0,1.0,3.9,2.9,0.0,1.0,3.0,3.0,2.0,5.9,2.0,9.0,3.0,4.0,5.1,12.1,3.9,19.8,0.0,0.0,0.0,0.0,0.0,0.0,0.0,0.0,0.0,0.0,0.0,0.0,0.0,0.0,0.0,0.0,4.4,1.0,0.0,0.0,0.0,0.0,0.0,0.0,0.0,0.0,0.0,0.0,0.0,0.0,35.7,49.5,82.0,53.5,0.0,0.0,0.0,0.0,0.0,0.0,0.0,0.0,0.0,0.0,0.0,0.0,0.0,0.0,0.0,0.0,0.0,0.0,0.0,0.0,0.0,0.0,0.0,0.0,0.0,0.0,0.0,0.0,0.0,0.0,0.0,0.0,0.0,0.0,0.0,0.0,0.0,0.0,0.0,0.0,0.0,0.0,0.0,1.0,0.0,1.0,0.0,0.0,0.0,0.0,0.0,0.0,0.0,0.0,0.0,0.0,0.0,0.0,0.0,0.0,0.0,0.0,0.0,0.0,0.0,0.0,0.0,0.0,0.0,0.0,0.0,0.0,0.0,0.0,0.0,0.0,0.0,0.0,0.0,0.0,0.0,0.0,0.0,0.0,0.0,0.0,0.0,0.0,0.0,0.0,0.0,0.0,0.0,0.0,0.0,0.0,0.0,0.0,0.0,0.0,0.0,0.0,0.0,0.0,0.0,0.0,0.0,0.0,0.0,0.0,0.0,0.0,0.0,0.0,0.0,0.0,0.0,0.0,0.0,0.0,0.0,0.0,0.0,0.0,0.0,0.0,0.0,0.0,0.0,0.0,0.0,0.0,0.0,0.0,0.0,0.0,0.0,0.0,0.0,0.0,0.0,0.0,0.0,0.0,0.0,0.0,0.0,0.0,0.0,0.0,0.0,0.0,0.0",4.5,46300.4140625,985565.90625,8684.2548828125,110811.57470703125,14.68896484375
1791364996.3970377,aggregate_n32_vmnos8_r4:confirmation,2.6,"10.1,7.4,6.1,17.0,7.0,6.1,11.1,12.1,6.1,4.1,6.2,10.2,8.2,5.2,10.3,7.1,6.1,8.9,8.1,5.0,5.9,7.2,6.0,12.9,8.0,5.0,5.9,9.3,6.0,10.8,1.0,0.0,0.0,0.0,13.9,9.5,12.5,2.0,7.1,4.0,4.0,5.1,7.9,5.1,4.0,2.0,3.1,5.0,7.0,8.1,6.0,4.1,6.1,12.0,4.0,5.1,4.0,2.1,8.1,4.0,4.2,12.5,11.3,10.1,11.9,13.0,7.1,10.0,0.0,0.0,0.0,0.0,0.0,0.0,0.0,0.0,0.0,0.0,0.0,0.0,0.0,0.0,0.0,0.0,6.5,0.0,0.0,0.0,0.0,0.0,0.0,0.0,0.0,0.0,0.0,0.0,0.0,0.0,8.0,64.7,61.8,56.0,0.0,0.0,0.0,0.0,0.0,0.0,0.0,0.0,0.0,0.0,0.0,0.0,0.0,0.0,0.0,0.0,0.0,0.0,0.0,0.0,0.0,0.0,0.0,0.0,0.0,0.0,0.0,0.0,0.0,0.0,0.0,0.0,0.0,0.0,0.0,0.0,0.0,0.0,0.0,0.0,0.0,0.0,0.0,0.0,0.0,0.0,0.0,0.0,0.0,0.0,0.0,0.0,0.0,0.0,0.0,0.0,0.0,0.0,0.0,0.0,0.0,0.0,0.0,0.0,0.0,0.0,0.0,0.0,0.0,0.0,0.0,0.0,0.0,0.0,0.0,0.0,0.0,0.0,0.0,0.0,0.0,0.0,0.0,0.0,0.0,0.0,0.0,0.0,0.0,0.0,0.0,0.0,0.0,0.0,0.0,0.0,0.0,0.0,0.0,0.0,0.0,0.0,0.0,0.0,0.0,0.0,0.0,0.0,0.0,0.0,0.0,0.0,0.0,0.0,0.0,0.0,0.0,0.0,0.0,0.0,0.0,0.0,0.0,0.0,0.0,0.0,0.0,0.0,0.0,0.0,0.0,0.0,0.0,0.0,0.0,0.0,0.0,0.0,0.0,0.0,0.0,0.0,0.0,0.0,0.0,0.0,0.0,0.0,0.0,0.0,0.0,0.0,0.0",4.5,46022.98828125,985843.33203125,8684.2548828125,110811.88720703125,14.68896484375
1791364997.4200852,aggregate_n32_vmnos8_r4:confirmation,1.7,"14.6,4.1,2.9,11.8,2.9,2.0,2.9,2.0,2.0,3.0,2.0,1.0,0.0,1.0,5.9,2.0,1.0,6.9,1.0,2.0,0.0,5.0,1.0,10.1,5.0,3.0,2.9,0.0,1.0,1.9,0.0,4.9,3.9,3.9,2.0,3.0,8.1,4.0,3.9,3.0,0.0,1.0,1.0,2.0,3.0,1.0,1.0,1.0,2.0,3.9,4.9,4.0,3.0,2.0,2.0,3.9,2.9,5.9,4.9,8.3,3.0,17.0,10.0,5.9,1.0,2.9,2.0,1.0,0.0,0.0,0.0,0.0,0.0,0.0,0.0,0.0,0.0,0.0,0.0,0.0,0.0,0.0,0.0,0.0,1.1,0.0,0.0,0.0,0.0,0.0,0.0,0.0,0.0,0.0,0.0,0.0,0.0,0.0,76.5,29.0,15.7,82.2,0.0,0.0,0.0,0.0,0.0,0.0,0.0,0.0,0.0,0.0,0.0,0.0,0.0,0.0,0.0,0.0,0.0,0.0,0.0,0.0,0.0,0.0,0.0,0.0,0.0,0.0,0.0,0.0,0.0,0.0,0.0,0.0,0.0,0.0,0.0,0.0,0.0,0.0,0.0,0.0,0.0,0.0,0.0,0.0,0.0,0.0,0.0,0.0,0.0,0.0,0.0,0.0,0.0,0.0,0.0,0.0,0.0,0.0,0.0,0.0,0.0,0.0,0.0,0.0,0.0,0.0,0.0,0.0,0.0,0.0,0.0,0.0,0.0,0.0,0.0,0.0,0.0,0.0,0.0,0.0,0.0,0.0,0.0,0.0,0.0,0.0,0.0,0.0,0.0,0.0,0.0,0.0,0.0,0.0,0.0,0.0,0.0,0.0,0.0,0.0,0.0,0.0,0.0,0.0,0.0,0.0,0.0,0.0,0.0,0.0,0.0,0.0,0.0,0.0,0.0,0.0,0.0,0.0,0.0,0.0,0.0,0.0,0.0,0.0,0.0,0.0,0.0,0.0,0.0,0.0,0.0,0.0,0.0,0.0,0.0,0.0,0.0,0.0,0.0,0.0,0.0,0.0,0.0,0.0,0.0,0.0,0.0,0.0,0.0,0.0,0.0,0.0,0.0",4.5,46008.15234375,985858.16796875,8684.2548828125,110811.88720703125,14.68896484375
1791364998.442915,aggregate_n32_vmnos8_r4:confirmation,2.8,"15.2,9.4,14.1,8.2,8.0,6.2,9.2,7.1,9.9,8.0,5.2,4.0,5.1,10.2,6.0,10.1,3.1,6.9,13.1,7.9,5.2,5.9,6.9,13.1,10.0,13.1,5.3,10.1,9.1,11.7,2.0,0.0,0.0,0.0,5.1,7.1,17.5,11.0,7.1,10.9,7.1,7.9,6.1,8.0,8.1,11.1,5.2,10.2,4.1,6.1,6.9,7.2,7.1,12.7,8.0,18.8,7.1,7.1,3.0,9.0,12.7,4.0,7.1,15.3,9.1,12.0,9.2,9.3,0.0,0.0,0.0,0.0,0.0,0.0,0.0,0.0,0.0,0.0,0.0,0.0,0.0,0.0,0.0,0.0,0.0,0.0,0.0,0.0,0.0,0.0,0.0,0.0,0.0,0.0,0.0,0.0,0.0,0.0,51.0,23.2,33.3,75.2,0.0,0.0,0.0,0.0,0.0,0.0,0.0,0.0,0.0,0.0,0.0,0.0,0.0,0.0,0.0,0.0,0.0,0.0,0.0,0.0,0.0,0.0,0.0,0.0,0.0,0.0,0.0,0.0,0.0,0.0,0.0,0.0,0.0,0.0,0.0,0.0,0.0,0.0,0.0,0.0,0.0,0.0,0.0,0.0,0.0,0.0,0.0,0.0,0.0,0.0,0.0,0.0,0.0,0.0,0.0,0.0,0.0,0.0,0.0,0.0,0.0,0.0,0.0,0.0,0.0,0.0,0.0,0.0,0.0,0.0,0.0,0.0,0.0,0.0,0.0,0.0,0.0,0.0,0.0,0.0,0.0,0.0,0.0,0.0,0.0,0.0,0.0,0.0,0.0,0.0,0.0,0.0,0.0,0.0,0.0,0.0,0.0,0.0,0.0,0.0,0.0,0.0,0.0,0.0,0.0,0.0,0.0,0.0,0.0,0.0,0.0,0.0,0.0,0.0,0.0,0.0,0.0,0.0,0.0,0.0,0.0,0.0,0.0,0.0,0.0,0.0,0.0,0.0,0.0,0.0,0.0,0.0,0.0,0.0,0.0,0.0,0.0,0.0,0.0,0.0,0.0,0.0,0.0,0.0,0.0,0.0,0.0,0.0,0.0,0.0,0.0,0.0,0.0",4.5,46685.8046875,985180.515625,8684.2548828125,110811.88720703125,14.68896484375
1791364999.563747,aggregate_n32_vmnos8_r4:confirmation,2.2,"14.3,12.1,6.4,8.2,1.8,0.9,2.7,0.9,4.6,1.9,5.5,7.4,2.8,2.7,4.6,3.6,3.7,3.6,2.7,1.8,0.9,1.8,3.7,12.1,1.8,2.7,1.8,1.8,1.8,0.9,21.4,10.0,14.5,8.9,8.1,3.7,7.3,1.8,0.9,8.9,6.4,0.9,2.8,8.1,0.9,0.9,8.0,3.6,0.9,5.5,0.9,3.7,5.5,1.9,3.7,2.7,9.1,5.5,3.6,1.8,5.4,6.2,3.6,1.9,8.3,5.4,0.0,2.7,0.0,0.0,0.0,0.0,0.0,0.0,0.0,0.0,0.0,0.0,0.0,0.0,0.0,0.0,0.0,0.0,0.0,0.0,0.0,0.0,0.0,0.0,0.0,0.0,0.0,0.0,0.0,0.0,0.0,0.0,55.5,65.8,87.5,43.6,0.0,0.0,0.0,0.0,0.0,0.0,0.0,0.0,0.0,0.0,0.0,0.0,0.0,0.0,0.0,0.0,0.0,0.0,0.0,0.0,0.0,0.0,0.0,0.0,0.0,0.0,0.0,0.0,0.0,0.0,0.0,0.0,0.0,0.0,0.0,0.0,0.0,0.0,0.0,0.0,0.0,0.0,0.0,0.0,0.0,0.0,0.0,0.0,0.0,0.0,0.0,0.0,0.0,0.0,0.0,0.0,0.0,0.0,0.0,0.0,0.0,0.0,0.0,0.0,0.0,0.0,0.0,0.0,0.0,0.0,0.0,0.0,0.0,0.0,0.0,0.0,0.0,0.0,0.0,0.0,0.0,0.0,0.0,0.0,0.0,0.0,0.0,0.0,0.0,0.0,0.0,0.0,0.0,0.0,0.0,0.0,0.0,0.0,0.0,0.0,0.0,0.0,0.0,0.0,0.0,0.0,0.0,0.0,0.0,0.0,0.0,0.0,0.0,0.0,0.0,0.0,0.0,0.0,0.0,0.0,0.0,0.0,0.0,0.0,0.0,0.0,0.0,0.0,0.0,0.0,0.0,0.0,0.0,0.0,0.0,0.0,0.0,0.0,0.0,0.0,0.0,0.0,0.0,0.0,0.0,0.0,0.0,0.0,0.0,0.0,0.0,0.0,0.0",4.5,46219.95703125,985646.36328125,8684.2548828125,110811.89111328125,14.68896484375
1791365000.5882146,aggregate_n32_vmnos8_r4:confirmation,3.3,"16.1,11.3,9.4,14.9,7.0,11.3,6.4,11.2,9.2,10.2,7.2,5.1,17.3,6.0,5.1,8.1,10.0,9.1,8.2,11.0,6.1,7.0,9.2,19.6,17.3,8.2,9.8,12.4,7.9,3.1,0.0,1.0,1.0,2.9,18.4,8.0,11.9,7.0,7.9,5.2,11.2,25.8,5.0,6.1,6.1,5.0,10.3,10.1,8.2,12.1,11.2,12.1,7.2,9.2,7.3,9.8,15.3,8.2,8.1,6.2,11.3,17.0,6.2,4.0,18.4,12.4,9.3,9.5,0.0,0.0,0.0,0.0,0.0,0.0,0.0,0.0,0.0,0.0,0.0,0.0,0.0,0.0,1.0,0.0,2.0,0.0,0.0,0.0,0.0,0.0,0.0,0.0,0.0,0.0,0.0,0.0,0.0,0.0,50.5,59.0,49.5,59.6,0.0,0.0,0.0,0.0,0.0,0.0,0.0,0.0,0.0,0.0,0.0,0.0,0.0,0.0,0.0,0.0,0.0,0.0,0.0,0.0,0.0,0.0,0.0,0.0,0.0,0.0,0.0,0.0,0.0,0.0,0.0,0.0,0.0,0.0,0.0,0.0,0.0,0.0,0.0,0.0,0.0,0.0,0.0,0.0,0.0,0.0,0.0,0.0,0.0,0.0,0.0,0.0,0.0,0.0,0.0,0.0,0.0,0.0,0.0,0.0,0.0,0.0,0.0,0.0,0.0,0.0,0.0,0.0,0.0,0.0,0.0,0.0,0.0,0.0,0.0,0.0,0.0,0.0,0.0,0.0,0.0,0.0,0.0,0.0,0.0,0.0,0.0,0.0,0.0,0.0,0.0,0.0,0.0,0.0,0.0,0.0,0.0,0.0,0.0,0.0,0.0,0.0,0.0,0.0,0.0,0.0,0.0,0.0,0.0,0.0,0.0,0.0,0.0,0.0,0.0,0.0,0.0,0.0,0.0,0.0,0.0,0.0,0.0,0.0,0.0,0.0,0.0,0.0,0.0,0.0,0.0,0.0,0.0,0.0,0.0,0.0,0.0,0.0,0.0,0.0,0.0,0.0,0.0,0.0,0.0,0.0,0.0,0.0,0.0,0.0,0.0,0.0,0.0",4.5,46342.66015625,985523.66015625,8684.2548828125,110812.97314453125,13.6728515625
1791365001.611961,aggregate_n32_vmnos8_r4:confirmation,1.7,"12.4,13.5,3.0,12.0,1.9,2.9,0.0,1.9,4.9,3.0,1.0,1.0,13.7,19.2,3.0,1.0,4.0,3.0,5.0,6.0,1.0,0.0,2.0,6.2,3.0,1.0,2.0,1.0,1.0,3.0,0.0,0.0,1.0,1.0,6.9,7.0,5.0,5.0,5.0,5.9,2.0,1.0,2.9,1.9,1.0,1.0,5.0,0.0,4.0,4.0,7.9,2.9,1.0,1.0,1.0,0.0,1.0,2.0,1.0,1.0,2.0,5.9,2.9,4.0,6.0,13.9,3.0,5.0,0.0,0.0,0.0,0.0,0.0,0.0,0.0,0.0,0.0,0.0,0.0,0.0,0.0,0.0,0.0,0.0,0.0,0.0,0.0,0.0,0.0,0.0,0.0,0.0,0.0,0.0,0.0,0.0,0.0,0.0,49.0,48.5,57.4,30.4,0.0,0.0,0.0,0.0,0.0,0.0,0.0,0.0,0.0,0.0,0.0,0.0,0.0,0.0,0.0,0.0,0.0,0.0,0.0,0.0,0.0,0.0,0.0,0.0,0.0,0.0,0.0,0.0,0.0,0.0,0.0,0.0,0.0,0.0,0.0,0.0,0.0,0.0,0.0,0.0,0.0,0.0,0.0,0.0,0.0,0.0,0.0,0.0,0.0,0.0,0.0,0.0,0.0,0.0,0.0,0.0,0.0,0.0,0.0,0.0,0.0,0.0,0.0,0.0,0.0,0.0,0.0,0.0,0.0,0.0,0.0,0.0,0.0,0.0,0.0,0.0,0.0,0.0,0.0,0.0,0.0,0.0,0.0,0.0,0.0,0.0,0.0,0.0,0.0,0.0,0.0,1.0,0.0,0.0,0.0,0.0,0.0,0.0,0.0,0.0,0.0,0.0,0.0,0.0,0.0,0.0,0.0,0.0,0.0,0.0,0.0,0.0,0.0,0.0,0.0,0.0,0.0,0.0,0.0,0.0,0.0,0.0,0.0,0.0,0.0,0.0,0.0,0.0,0.0,0.0,0.0,0.0,0.0,0.0,0.0,0.0,0.0,0.0,0.0,0.0,0.0,0.0,0.0,0.0,0.0,0.0,0.0,0.0,0.0,0.0,0.0,0.0,0.0",4.5,46243.15234375,985623.16796875,8684.2548828125,110813.32470703125,13.6728515625
1791365002.6382856,aggregate_n32_vmnos8_r4:confirmation,3.4,"12.2,13.1,7.4,13.3,10.9,11.3,9.2,13.1,4.1,22.4,7.1,6.1,11.1,9.3,10.1,6.1,9.2,9.4,10.2,11.3,13.0,8.1,11.1,12.0,15.0,6.2,10.1,9.2,9.1,11.3,2.0,2.0,0.0,0.0,8.0,10.1,8.1,3.1,7.1,7.1,4.1,10.0,12.6,8.2,9.1,7.1,8.0,7.8,10.0,13.0,9.3,6.2,9.2,8.2,9.3,11.1,7.0,12.2,5.3,7.0,6.1,19.4,15.2,12.0,12.7,15.0,13.1,13.1,0.0,0.0,0.0,0.0,0.0,0.0,0.0,0.0,0.0,0.0,0.0,0.0,0.0,0.0,0.0,0.0,0.0,0.0,0.0,0.0,0.0,0.0,0.0,0.0,0.0,0.0,0.0,0.0,0.0,0.0,44.6,59.6,100.0,53.0,0.0,0.0,0.0,0.0,0.0,0.0,0.0,0.0,0.0,0.0,0.0,0.0,0.0,0.0,0.0,0.0,0.0,0.0,0.0,0.0,0.0,0.0,0.0,0.0,0.0,0.0,0.0,0.0,0.0,0.0,0.0,0.0,0.0,0.0,0.0,0.0,0.0,0.0,0.0,0.0,0.0,0.0,0.0,0.0,0.0,0.0,0.0,0.0,0.0,0.0,0.0,0.0,0.0,0.0,0.0,0.0,0.0,0.0,0.0,0.0,0.0,0.0,0.0,0.0,0.0,0.0,0.0,0.0,0.0,0.0,0.0,0.0,0.0,0.0,0.0,0.0,0.0,0.0,0.0,0.0,0.0,0.0,0.0,0.0,0.0,0.0,0.0,0.0,0.0,0.0,0.0,0.0,0.0,0.0,0.0,0.0,0.0,0.0,0.0,0.0,0.0,0.0,0.0,0.0,0.0,0.0,0.0,0.0,0.0,0.0,0.0,0.0,0.0,0.0,0.0,0.0,0.0,0.0,0.0,0.0,0.0,0.0,0.0,0.0,0.0,0.0,0.0,0.0,0.0,0.0,0.0,0.0,0.0,0.0,0.0,0.0,0.0,0.0,0.0,0.0,0.0,0.0,0.0,0.0,0.0,0.0,0.0,0.0,0.0,0.0,0.0,0.0,0.0",4.6,46967.48046875,984898.83984375,8684.2548828125,110813.32470703125,13.6728515625
1791365003.6616652,aggregate_n32_vmnos8_r4:confirmation,1.8,"13.8,5.2,5.9,7.9,0.0,2.0,8.8,1.0,1.0,2.0,2.0,0.0,2.0,1.0,3.0,1.0,4.9,1.0,1.0,4.9,2.0,1.0,1.0,4.9,0.0,2.9,0.0,0.0,1.0,1.0,3.9,2.9,2.0,2.0,2.0,6.9,2.0,3.0,4.0,9.0,0.0,5.0,4.0,1.0,0.0,0.0,6.1,1.0,3.0,1.0,4.0,2.0,2.0,0.0,1.0,1.0,2.0,1.0,0.0,0.0,2.0,4.0,2.0,3.0,4.0,0.0,0.0,0.0,0.0,0.0,0.0,0.0,0.0,0.0,0.0,0.0,0.0,0.0,0.0,0.0,0.0,0.0,0.0,0.0,0.0,0.0,0.0,0.0,0.0,0.0,0.0,0.0,0.0,0.0,0.0,0.0,0.0,0.0,86.0,67.0,99.0,43.4,0.0,0.0,0.0,0.0,0.0,0.0,0.0,0.0,0.0,0.0,0.0,0.0,0.0,0.0,0.0,0.0,0.0,0.0,0.0,0.0,0.0,0.0,0.0,0.0,0.0,0.0,0.0,0.0,0.0,0.0,0.0,0.0,0.0,0.0,0.0,0.0,0.0,0.0,0.0,0.0,0.0,0.0,0.0,0.0,0.0,0.0,0.0,0.0,0.0,0.0,0.0,0.0,0.0,0.0,0.0,0.0,0.0,0.0,0.0,0.0,0.0,0.0,0.0,0.0,0.0,0.0,0.0,0.0,0.0,0.0,0.0,0.0,0.0,0.0,0.0,0.0,0.0,0.0,0.0,0.0,0.0,0.0,0.0,0.0,0.0,0.0,0.0,0.0,0.0,0.0,0.0,0.0,0.0,0.0,0.0,0.0,0.0,0.0,0.0,0.0,0.0,0.0,0.0,0.0,0.0,0.0,0.0,0.0,0.0,0.0,0.0,0.0,0.0,0.0,0.0,0.0,0.0,0.0,0.0,0.0,0.0,0.0,0.0,0.0,0.0,0.0,0.0,0.0,0.0,0.0,0.0,0.0,0.0,0.0,0.0,0.0,0.0,0.0,0.0,0.0,0.0,0.0,0.0,0.0,0.0,0.0,0.0,0.0,0.0,0.0,0.0,0.0,0.0",4.5,46087.8359375,985778.484375,8684.2548828125,110813.32470703125,13.6728515625
1791365004.6796956,aggregate_n32_vmnos8_r4:confirmation,3.8,"20.9,18.4,19.2,19.2,7.0,6.3,9.0,11.2,6.2,14.0,6.0,9.7,5.0,10.5,26.3,8.0,11.3,13.1,19.4,22.4,11.5,13.1,8.2,15.3,20.8,10.5,10.9,10.1,11.1,8.1,2.0,2.0,0.0,0.0,14.1,15.3,13.1,13.0,11.0,29.0,5.2,12.0,23.5,10.1,9.1,6.1,11.3,9.4,9.4,11.5,23.5,26.5,7.2,11.2,8.2,8.3,13.3,7.5,12.2,6.2,7.4,18.4,9.5,10.4,14.3,25.0,10.0,12.9,0.0,0.0,0.0,0.0,0.0,0.0,0.0,0.0,0.0,0.0,0.0,0.0,0.0,0.0,0.0,0.0,4.2,0.0,0.0,0.0,0.0,0.0,0.0,0.0,0.0,0.0,0.0,0.0,0.0,0.0,66.7,42.3,14.1,46.0,0.0,0.0,0.0,0.0,0.0,0.0,0.0,0.0,0.0,0.0,0.0,0.0,0.0,0.0,0.0,0.0,0.0,0.0,0.0,0.0,0.0,0.0,0.0,0.0,0.0,0.0,0.0,0.0,0.0,0.0,0.0,0.0,0.0,0.0,0.0,0.0,0.0,0.0,0.0,0.0,0.0,0.0,0.0,0.0,0.0,0.0,0.0,0.0,0.0,0.0,0.0,0.0,0.0,0.0,0.0,0.0,0.0,0.0,0.0,0.0,0.0,0.0,0.0,0.0,0.0,0.0,0.0,0.0,0.0,0.0,0.0,0.0,0.0,0.0,0.0,0.0,0.0,0.0,0.0,0.0,0.0,0.0,0.0,0.0,0.0,0.0,0.0,0.0,0.0,0.0,0.0,0.0,0.0,0.0,0.0,0.0,0.0,0.0,0.0,0.0,0.0,0.0,0.0,0.0,0.0,0.0,0.0,0.0,0.0,0.0,0.0,0.0,0.0,0.0,0.0,0.0,0.0,0.0,0.0,0.0,0.0,0.0,0.0,0.0,0.0,0.0,0.0,0.0,0.0,0.0,0.0,0.0,0.0,0.0,0.0,0.0,0.0,0.0,0.0,0.0,0.0,0.0,0.0,0.0,0.0,0.0,0.0,0.0,0.0,0.0,0.0,0.0,0.0",4.5,46380.296875,985486.0234375,8684.2548828125,110813.32470703125,13.6728515625
1791365005.702294,aggregate_n32_vmnos8_r4:confirmation,1.9,"16.9,5.2,6.1,6.1,7.0,3.0,1.0,3.0,5.0,3.0,5.0,2.0,3.9,2.0,3.0,2.9,0.0,2.0,5.0,1.0,2.0,1.0,1.0,4.0,6.0,2.0,3.0,2.0,2.0,3.0,1.0,0.0,0.0,0.0,6.1,13.3,6.1,8.2,5.1,6.0,6.0,3.0,3.0,1.0,1.0,5.9,2.0,6.0,3.0,5.1,5.2,6.9,2.0,4.0,2.9,3.0,2.0,0.0,3.9,2.0,5.8,8.0,8.1,3.9,4.0,1.0,1.0,0.0,0.0,0.0,0.0,0.0,0.0,0.0,0.0,0.0,0.0,0.0,0.0,0.0,0.0,0.0,0.0,0.0,2.1,0.0,0.0,0.0,0.0,0.0,0.0,0.0,0.0,0.0,0.0,0.0,0.0,0.0,39.2,100.0,17.6,64.4,0.0,0.0,0.0,0.0,0.0,0.0,0.0,0.0,0.0,0.0,0.0,0.0,0.0,0.0,0.0,0.0,0.0,0.0,0.0,0.0,0.0,0.0,0.0,0.0,0.0,0.0,1.0,0.0,0.0,0.0,2.0,0.0,1.0,0.0,0.0,0.0,0.0,0.0,0.0,0.0,0.0,0.0,0.0,0.0,0.0,0.0,0.0,0.0,0.0,0.0,0.0,0.0,0.0,0.0,0.0,0.0,0.0,0.0,0.0,0.0,0.0,0.0,0.0,0.0,0.0,0.0,0.0,0.0,0.0,0.0,0.0,0.0,0.0,0.0,0.0,1.0,0.0,0.0,0.0,0.0,0.0,0.0,0.0,1.0,0.0,0.0,0.0,0.0,0.0,0.0,0.0,0.0,0.0,0.0,0.0,0.0,0.0,0.0,0.0,0.0,0.0,0.0,1.0,0.0,0.0,0.0,0.0,0.0,0.0,0.0,0.0,0.0,0.0,0.0,0.0,0.0,0.0,0.0,0.0,0.0,0.0,0.0,0.0,0.0,0.0,0.0,0.0,0.0,0.0,0.0,0.0,0.0,0.0,0.0,0.0,0.0,0.0,0.0,0.0,0.0,0.0,0.0,0.0,0.0,0.0,0.0,0.0,0.0,0.0,0.0,0.0,0.0,0.0",4.5,46446.796875,985419.5234375,8684.2548828125,110815.03173828125,14.8203125
1791365006.7249632,aggregate_n32_vmnos8_r4:confirmation,3.2,"16.7,11.5,11.5,13.4,7.9,6.1,6.1,12.0,7.3,15.3,10.1,10.0,12.2,7.2,10.4,12.2,11.1,7.1,20.2,22.0,7.1,10.1,8.2,8.3,17.0,6.1,8.0,4.2,5.1,10.0,0.0,1.0,0.0,0.0,13.1,13.5,11.0,9.1,10.0,7.2,14.0,20.6,17.3,7.1,7.9,6.1,8.2,8.9,7.0,10.1,11.1,8.2,6.1,9.3,11.2,8.2,11.3,10.0,11.2,13.1,12.0,7.4,14.6,10.1,14.1,18.6,11.9,7.1,0.0,0.0,0.0,0.0,0.0,0.0,0.0,0.0,0.0,0.0,0.0,0.0,0.0,1.0,0.0,0.0,2.1,0.0,0.0,0.0,0.0,0.0,0.0,0.0,0.0,0.0,0.0,0.0,0.0,0.0,17.8,37.5,26.3,61.4,1.0,0.0,0.0,0.0,0.0,0.0,0.0,0.0,0.0,0.0,0.0,0.0,0.0,0.0,0.0,0.0,0.0,0.0,0.0,0.0,0.0,0.0,0.0,0.0,0.0,0.0,0.0,0.0,0.0,0.0,0.0,1.0,0.0,0.0,0.0,0.0,0.0,0.0,0.0,0.0,0.0,0.0,0.0,0.0,0.0,0.0,0.0,0.0,0.0,0.0,0.0,0.0,0.0,0.0,0.0,0.0,0.0,0.0,0.0,0.0,0.0,0.0,0.0,0.0,0.0,0.0,0.0,0.0,0.0,0.0,0.0,0.0,0.0,0.0,0.0,0.0,0.0,0.0,0.0,0.0,0.0,0.0,0.0,0.0,0.0,0.0,0.0,0.0,0.0,0.0,0.0,0.0,0.0,0.0,0.0,0.0,0.0,0.0,0.0,0.0,0.0,0.0,0.0,0.0,0.0,0.0,0.0,0.0,0.0,0.0,0.0,0.0,0.0,0.0,0.0,0.0,0.0,0.0,0.0,0.0,0.0,0.0,0.0,0.0,0.0,0.0,0.0,0.0,0.0,0.0,0.0,0.0,0.0,0.0,0.0,0.0,0.0,0.0,0.0,0.0,0.0,0.0,0.0,0.0,0.0,0.0,0.0,0.0,0.0,0.0,0.0,0.0,0.0",4.5,46110.13671875,985756.18359375,8684.2548828125,110815.55908203125,14.8203125
1791365007.75997,aggregate_n32_vmnos8_r4:confirmation,1.6,"4.4,5.9,10.0,3.9,4.8,1.9,1.0,2.9,1.9,0.0,0.0,0.0,2.9,2.0,0.0,2.0,1.0,1.0,1.0,1.0,5.9,4.0,1.9,1.0,0.0,0.0,0.0,1.0,0.0,0.0,0.0,1.0,0.0,0.0,0.0,8.8,3.0,1.9,2.9,9.8,6.8,0.0,11.9,1.0,0.0,0.0,0.0,0.0,1.0,1.9,1.9,0.0,1.0,1.0,1.0,0.0,1.9,1.0,2.0,2.9,2.0,5.8,2.9,1.9,3.9,1.0,0.0,0.0,0.0,0.0,0.0,0.0,0.0,0.0,0.0,0.0,0.0,0.0,0.0,0.0,0.0,0.0,1.0,0.0,5.2,0.0,0.0,0.0,0.0,0.0,0.0,0.0,0.0,0.0,0.0,0.0,0.0,0.0,43.7,92.1,59.8,78.6,0.0,0.0,0.0,0.0,0.0,0.0,0.0,0.0,0.0,0.0,0.0,0.0,0.0,0.0,0.0,0.0,0.0,0.0,0.0,0.0,0.0,0.0,0.0,0.0,0.0,0.0,0.0,0.0,0.0,0.0,0.0,0.0,0.0,0.0,0.0,0.0,0.0,0.0,0.0,0.0,0.0,0.0,0.0,0.0,0.0,0.0,0.0,0.0,0.0,0.0,0.0,0.0,0.0,0.0,0.0,0.0,0.0,0.0,0.0,0.0,0.0,0.0,0.0,0.0,0.0,0.0,0.0,0.0,0.0,0.0,0.0,0.0,0.0,0.0,0.0,0.0,0.0,0.0,0.0,0.0,0.0,0.0,0.0,0.0,0.0,0.0,0.0,0.0,0.0,0.0,0.0,0.0,0.0,0.0,0.0,0.0,0.0,0.0,0.0,0.0,0.0,0.0,0.0,0.0,0.0,0.0,0.0,0.0,0.0,0.0,0.0,0.0,0.0,0.0,0.0,0.0,0.0,0.0,0.0,0.0,0.0,0.0,0.0,0.0,0.0,0.0,0.0,0.0,0.0,0.0,0.0,0.0,0.0,0.0,0.0,0.0,0.0,0.0,0.0,0.0,0.0,0.0,0.0,0.0,0.0,0.0,0.0,0.0,0.0,0.0,0.0,0.0,0.0",4.5,46137.625,985728.6953125,8684.2548828125,110815.55908203125,14.8203125
1791365008.783073,aggregate_n32_vmnos8_r4:confirmation,3.4,"11.0,13.1,9.5,11.2,11.0,9.0,5.1,7.1,6.0,7.1,15.2,10.3,10.1,12.1,3.2,10.0,8.2,5.1,8.4,13.1,11.0,10.1,7.0,8.0,8.8,7.1,7.1,16.0,7.2,12.2,0.0,2.9,0.0,0.0,8.2,7.4,13.4,5.2,8.2,10.4,9.9,2.0,4.0,8.9,10.1,8.0,10.1,21.0,14.9,11.1,11.3,6.2,9.1,10.2,11.1,5.3,5.2,6.8,8.2,10.2,12.0,15.8,17.3,12.1,27.6,13.0,15.3,11.0,0.0,0.0,0.0,0.0,0.0,0.0,0.0,0.0,0.0,0.0,0.0,0.0,0.0,0.0,0.0,0.0,4.2,0.0,0.0,0.0,0.0,0.0,0.0,0.0,0.0,0.0,0.0,0.0,0.0,0.0,39.0,52.4,58.0,67.3,0.0,0.0,0.0,0.0,0.0,0.0,0.0,0.0,0.0,0.0,0.0,0.0,0.0,0.0,0.0,0.0,0.0,0.0,0.0,0.0,0.0,0.0,0.0,0.0,0.0,0.0,0.0,0.0,0.0,0.0,0.0,0.0,0.0,0.0,0.0,0.0,0.0,0.0,0.0,0.0,0.0,0.0,0.0,0.0,0.0,0.0,0.0,0.0,0.0,0.0,0.0,0.0,0.0,0.0,0.0,0.0,0.0,0.0,0.0,0.0,0.0,0.0,0.0,0.0,0.0,0.0,0.0,0.0,0.0,0.0,0.0,0.0,0.0,0.0,0.0,0.0,0.0,0.0,0.0,0.0,0.0,0.0,0.0,0.0,0.0,0.0,0.0,0.0,0.0,0.0,0.0,0.0,0.0,0.0,0.0,0.0,0.0,0.0,0.0,0.0,0.0,0.0,0.0,0.0,0.0,0.0,0.0,0.0,0.0,0.0,0.0,0.0,0.0,0.0,0.0,0.0,0.0,0.0,0.0,0.0,0.0,0.0,0.0,0.0,0.0,0.0,0.0,0.0,0.0,0.0,0.0,0.0,0.0,0.0,0.0,0.0,0.0,0.0,0.0,0.0,0.0,0.0,0.0,0.0,0.0,0.0,0.0,0.0,0.0,0.0,0.0,0.0,0.0",4.5,46348.83203125,985517.48828125,8684.2548828125,110815.55908203125,14.8203125
1791365009.8052218,aggregate_n32_vmnos8_r4:confirmation,1.6,"2.4,4.0,10.1,4.0,2.9,0.0,3.0,2.9,0.0,3.9,1.0,2.0,7.0,0.0,1.0,3.0,3.0,0.0,3.9,2.0,4.0,7.0,2.0,5.0,3.0,1.0,1.0,2.0,1.0,1.0,11.0,3.9,6.8,4.0,1.0,4.0,5.0,2.0,1.0,4.0,2.9,0.0,4.0,5.0,0.0,2.0,1.0,1.0,1.0,3.0,3.9,1.0,0.0,4.0,1.0,0.0,6.9,1.0,0.0,4.1,6.9,8.8,5.9,0.0,8.1,2.0,2.0,0.0,0.0,0.0,0.0,0.0,0.0,0.0,0.0,0.0,0.0,0.0,0.0,0.0,0.0,0.0,0.0,0.0,1.0,0.0,0.0,0.0,0.0,0.0,0.0,0.0,0.0,0.0,0.0,0.0,0.0,0.0,60.8,74.0,27.8,43.0,0.0,0.0,0.0,0.0,0.0,0.0,0.0,0.0,0.0,0.0,0.0,0.0,0.0,0.0,0.0,0.0,0.0,0.0,0.0,0.0,0.0,0.0,0.0,0.0,0.0,0.0,0.0,0.0,0.0,0.0,0.0,0.0,0.0,0.0,0.0,0.0,0.0,0.0,0.0,0.0,0.0,0.0,0.0,0.0,0.0,0.0,0.0,0.0,0.0,0.0,0.0,0.0,0.0,0.0,0.0,0.0,0.0,0.0,0.0,0.0,0.0,0.0,0.0,0.0,0.0,0.0,0.0,0.0,0.0,0.0,0.0,0.0,0.0,0.0,0.0,0.0,0.0,0.0,0.0,0.0,0.0,0.0,0.0,0.0,0.0,0.0,0.0,0.0,0.0,0.0,0.0,0.0,0.0,0.0,0.0,0.0,0.0,0.0,0.0,0.0,0.0,0.0,0.0,0.0,0.0,0.0,0.0,0.0,0.0,0.0,0.0,0.0,0.0,0.0,0.0,0.0,0.0,0.0,0.0,0.0,0.0,0.0,0.0,0.0,0.0,0.0,0.0,0.0,0.0,0.0,0.0,0.0,0.0,0.0,0.0,0.0,0.0,0.0,0.0,0.0,0.0,0.0,0.0,0.0,0.0,0.0,0.0,0.0,0.0,0.0,0.0,0.0,0.0",4.5,46148.921875,985717.3984375,8684.2548828125,110815.55908203125,14.8203125
1791365010.827267,aggregate_n32_vmnos8_r4:confirmation,3.1,"9.9,12.0,3.1,5.9,7.0,11.0,4.1,7.1,6.1,14.0,20.4,8.0,10.0,10.9,12.9,8.2,10.8,4.1,4.0,5.2,8.1,6.9,10.2,4.1,11.1,20.4,10.0,7.1,7.8,7.2,3.9,4.0,3.0,4.8,14.9,9.3,12.2,8.9,9.5,12.4,9.0,5.1,7.8,8.9,8.1,11.1,5.2,11.0,11.3,7.9,10.0,16.0,5.2,7.0,6.0,11.0,10.9,9.1,6.9,9.8,8.9,15.2,13.9,8.9,14.6,19.0,7.1,9.3,0.0,0.0,0.0,0.0,0.0,0.0,0.0,0.0,0.0,0.0,0.0,0.0,0.0,0.0,0.0,0.0,3.3,0.0,0.0,0.0,0.0,0.0,0.0,0.0,0.0,0.0,0.0,0.0,0.0,0.0,32.7,70.9,37.4,46.5,0.0,0.0,0.0,0.0,0.0,0.0,0.0,0.0,0.0,0.0,0.0,0.0,0.0,0.0,0.0,0.0,0.0,0.0,0.0,0.0,0.0,0.0,0.0,0.0,0.0,0.0,0.0,0.0,0.0,0.0,0.0,1.0,0.0,0.0,0.0,0.0,0.0,0.0,0.0,0.0,0.0,0.0,0.0,0.0,0.0,0.0,0.0,0.0,0.0,0.0,0.0,0.0,0.0,0.0,0.0,0.0,0.0,0.0,0.0,0.0,0.0,0.0,0.0,0.0,0.0,0.0,0.0,0.0,0.0,0.0,0.0,0.0,0.0,0.0,0.0,0.0,0.0,0.0,0.0,0.0,0.0,0.0,0.0,0.0,0.0,0.0,0.0,0.0,0.0,0.0,0.0,0.0,0.0,0.0,0.0,0.0,0.0,0.0,0.0,0.0,0.0,0.0,0.0,0.0,0.0,0.0,0.0,0.0,0.0,0.0,0.0,0.0,0.0,0.0,0.0,0.0,0.0,0.0,0.0,0.0,0.0,0.0,0.0,0.0,0.0,0.0,0.0,0.0,0.0,0.0,0.0,0.0,0.0,0.0,0.0,0.0,0.0,0.0,0.0,0.0,0.0,0.0,0.0,0.0,0.0,0.0,0.0,0.0,0.0,0.0,0.0,0.0,0.0",4.5,46173.65625,985692.6640625,8684.2548828125,110817.24658203125,14.11376953125
1791365011.8740335,aggregate_n32_vmnos8_r4:confirmation,1.6,"9.0,5.0,2.0,0.0,2.9,1.9,3.9,1.9,2.9,5.8,2.9,0.0,1.0,5.8,7.0,2.0,5.8,1.0,1.9,2.9,0.0,1.9,0.0,1.0,0.0,0.0,2.9,0.0,0.0,1.0,30.8,26.7,0.0,0.0,0.0,2.0,5.0,1.0,4.9,3.8,0.0,0.0,5.8,0.0,1.0,3.0,1.0,0.0,3.9,2.0,1.0,4.8,2.9,0.0,3.9,0.0,1.0,1.9,1.9,4.8,0.0,2.9,3.8,0.0,3.8,1.0,1.0,1.9,0.0,0.0,0.0,0.0,0.0,0.0,0.0,0.0,0.0,0.0,0.0,0.0,0.0,0.0,0.0,0.0,3.2,0.0,0.0,0.0,0.0,0.0,0.0,0.0,0.0,0.0,0.0,0.0,0.0,0.0,71.4,44.0,83.8,8.8,0.0,0.0,0.0,0.0,0.0,0.0,0.0,0.0,0.0,0.0,0.0,0.0,0.0,0.0,0.0,0.0,0.0,0.0,0.0,0.0,0.0,0.0,0.0,0.0,0.0,0.0,0.0,0.0,0.0,0.0,0.0,0.0,0.0,0.0,0.0,0.0,0.0,0.0,0.0,0.0,0.0,0.0,0.0,0.0,0.0,0.0,0.0,0.0,0.0,0.0,0.0,0.0,0.0,0.0,0.0,0.0,0.0,0.0,0.0,0.0,0.0,0.0,0.0,0.0,0.0,0.0,0.0,0.0,0.0,0.0,0.0,0.0,0.0,0.0,0.0,0.0,0.0,0.0,0.0,0.0,0.0,0.0,0.0,0.0,0.0,0.0,0.0,0.0,0.0,0.0,0.0,0.0,0.0,0.0,0.0,0.0,0.0,0.0,0.0,0.0,0.0,0.0,0.0,0.0,0.0,0.0,0.0,0.0,0.0,0.0,0.0,0.0,0.0,0.0,0.0,0.0,0.0,0.0,0.0,0.0,0.0,0.0,0.0,0.0,0.0,0.0,0.0,0.0,0.0,0.0,0.0,0.0,0.0,0.0,0.0,0.0,0.0,0.0,0.0,0.0,0.0,0.0,0.0,0.0,0.0,0.0,0.0,0.0,0.0,0.0,0.0,0.0,0.0",4.5,46250.703125,985615.6171875,8684.2548828125,110817.25048828125,14.11376953125
1791365012.897136,aggregate_n32_vmnos8_r4:confirmation,3.4,"13.0,14.1,12.4,5.1,10.1,8.4,8.2,10.3,7.1,13.4,6.1,13.1,15.3,7.1,18.6,12.0,9.4,7.1,6.1,12.6,15.0,16.0,13.1,10.1,9.3,7.1,7.1,12.9,11.2,9.6,23.3,22.5,0.0,0.0,6.2,9.5,14.1,9.3,13.3,15.0,8.2,12.0,7.0,14.0,7.1,10.2,13.1,6.0,7.2,10.3,5.1,11.1,11.2,12.0,9.1,9.2,8.9,7.1,12.1,6.2,6.1,17.2,8.9,10.0,10.0,7.0,12.1,13.1,0.0,0.0,0.0,0.0,0.0,0.0,0.0,0.0,0.0,0.0,0.0,0.0,0.0,0.0,0.0,0.0,5.0,0.0,0.0,0.0,0.0,0.0,0.0,0.0,0.0,0.0,0.0,0.0,0.0,0.0,22.8,72.3,54.5,29.7,0.0,0.0,0.0,0.0,0.0,0.0,0.0,0.0,0.0,0.0,0.0,0.0,0.0,0.0,0.0,0.0,0.0,0.0,0.0,0.0,0.0,0.0,0.0,0.0,0.0,0.0,0.0,0.0,0.0,0.0,0.0,0.0,0.0,0.0,0.0,0.0,0.0,0.0,0.0,0.0,0.0,0.0,0.0,0.0,0.0,0.0,0.0,0.0,0.0,0.0,0.0,0.0,0.0,0.0,0.0,0.0,0.0,0.0,0.0,0.0,0.0,0.0,0.0,0.0,0.0,0.0,0.0,0.0,0.0,0.0,0.0,0.0,0.0,0.0,0.0,0.0,0.0,1.0,0.0,0.0,0.0,0.0,0.0,0.0,0.0,0.0,0.0,0.0,0.0,0.0,0.0,0.0,0.0,0.0,0.0,0.0,0.0,0.0,0.0,0.0,0.0,0.0,0.0,0.0,0.0,0.0,0.0,0.0,0.0,0.0,0.0,0.0,0.0,0.0,0.0,0.0,0.0,0.0,0.0,0.0,0.0,0.0,0.0,0.0,0.0,0.0,0.0,0.0,0.0,0.0,0.0,0.0,0.0,0.0,0.0,0.0,0.0,0.0,0.0,0.0,0.0,0.0,0.0,0.0,0.0,0.0,0.0,0.0,0.0,0.0,0.0,0.0,0.0",4.5,46219.46484375,985646.85546875,8684.2548828125,110817.25048828125,14.11376953125
1791365013.9062834,aggregate_n32_vmnos8_r4:confirmation,1.3,"6.7,7.1,0.0,1.0,0.0,0.0,5.0,0.0,0.0,3.0,1.0,1.0,5.0,0.0,2.0,2.0,7.0,3.0,0.0,0.0,0.0,1.0,6.9,3.2,2.0,2.0,1.0,0.0,0.0,0.0,1.0,2.0,2.9,2.0,2.0,0.0,2.1,0.0,8.1,6.2,1.0,3.1,5.9,2.0,0.0,0.0,0.0,1.0,3.0,2.0,4.0,1.0,0.0,2.9,1.0,0.0,9.1,0.0,1.0,2.0,0.0,3.0,2.0,0.0,3.0,0.0,0.0,2.0,0.0,0.0,0.0,0.0,0.0,0.0,0.0,0.0,0.0,0.0,0.0,0.0,0.0,0.0,0.0,0.0,1.0,1.0,0.0,0.0,0.0,0.0,0.0,0.0,0.0,0.0,0.0,0.0,0.0,0.0,9.1,52.0,70.3,67.3,0.0,0.0,0.0,0.0,0.0,0.0,0.0,0.0,0.0,0.0,0.0,0.0,0.0,0.0,0.0,0.0,0.0,0.0,0.0,0.0,0.0,0.0,0.0,0.0,0.0,0.0,0.0,0.0,0.0,0.0,0.0,0.0,0.0,0.0,0.0,0.0,0.0,0.0,0.0,0.0,0.0,0.0,0.0,0.0,0.0,0.0,0.0,0.0,0.0,0.0,0.0,0.0,0.0,0.0,0.0,0.0,0.0,0.0,0.0,0.0,0.0,0.0,0.0,0.0,0.0,0.0,0.0,0.0,0.0,0.0,0.0,0.0,0.0,0.0,0.0,0.0,0.0,0.0,0.0,0.0,0.0,0.0,0.0,0.0,0.0,0.0,0.0,0.0,0.0,0.0,0.0,0.0,0.0,0.0,0.0,0.0,0.0,0.0,0.0,0.0,0.0,0.0,0.0,0.0,0.0,0.0,0.0,0.0,0.0,0.0,0.0,0.0,0.0,0.0,0.0,0.0,0.0,0.0,0.0,0.0,0.0,0.0,0.0,0.0,0.0,0.0,0.0,0.0,0.0,0.0,0.0,0.0,0.0,0.0,0.0,0.0,0.0,0.0,0.0,0.0,0.0,0.0,0.0,0.0,0.0,0.0,0.0,0.0,0.0,0.0,0.0,0.0,0.0",4.5,46246.859375,985619.4609375,8684.2548828125,110817.25048828125,14.11376953125
1791365014.928473,idle,3.2,"20.2,16.7,8.2,10.3,8.0,12.1,11.3,8.3,9.3,7.2,6.1,10.1,17.3,12.7,11.0,12.2,7.2,13.3,8.2,6.1,12.0,11.9,12.1,11.0,14.3,7.1,12.2,13.0,6.1,8.0,0.0,0.0,0.0,0.0,9.4,13.1,14.9,11.3,19.8,12.4,11.2,16.8,8.3,11.1,5.1,6.2,8.2,7.2,10.0,12.7,15.6,14.0,10.0,7.2,10.2,15.2,19.0,8.9,6.2,9.2,20.8,12.1,15.3,7.1,12.1,10.2,9.1,13.4,0.0,0.0,0.0,0.0,0.0,0.0,0.0,0.0,0.0,0.0,0.0,0.0,0.0,0.0,0.0,0.0,0.0,0.0,0.0,0.0,0.0,0.0,0.0,0.0,0.0,0.0,0.0,0.0,0.0,0.0,13.9,38.2,12.0,65.7,0.0,0.0,0.0,0.0,0.0,0.0,0.0,0.0,0.0,0.0,0.0,0.0,0.0,0.0,0.0,0.0,0.0,0.0,0.0,0.0,0.0,0.0,0.0,0.0,0.0,0.0,0.0,0.0,0.0,0.0,0.0,0.0,0.0,0.0,0.0,0.0,0.0,0.0,0.0,0.0,0.0,0.0,0.0,0.0,0.0,0.0,0.0,0.0,0.0,0.0,0.0,0.0,0.0,0.0,0.0,0.0,0.0,0.0,0.0,0.0,0.0,0.0,0.0,0.0,0.0,0.0,0.0,0.0,0.0,0.0,0.0,0.0,0.0,0.0,0.0,0.0,0.0,0.0,0.0,0.0,0.0,0.0,0.0,0.0,0.0,0.0,0.0,0.0,0.0,0.0,0.0,0.0,0.0,0.0,0.0,0.0,0.0,0.0,0.0,0.0,0.0,0.0,0.0,0.0,0.0,0.0,0.0,0.0,0.0,0.0,0.0,0.0,0.0,0.0,0.0,0.0,0.0,0.0,0.0,0.0,0.0,0.0,0.0,0.0,0.0,0.0,0.0,0.0,0.0,0.0,0.0,0.0,0.0,0.0,0.0,0.0,0.0,0.0,0.0,0.0,0.0,0.0,0.0,0.0,0.0,0.0,0.0,0.0,0.0,0.0,0.0,0.0,0.0",4.5,46250.625,985615.6953125,8684.2548828125,110817.25048828125,13.2236328125
1791365015.9622078,idle,2.1,"15.1,3.0,3.0,2.9,1.0,0.0,1.0,1.0,78.8,0.0,1.0,0.0,1.9,3.8,2.9,1.0,1.9,3.9,0.0,0.0,0.0,1.0,1.0,2.9,3.8,1.9,0.0,0.0,3.9,1.0,0.0,0.0,0.0,0.0,2.9,1.9,3.8,1.9,19.6,5.9,1.9,1.9,1.0,4.8,1.9,0.0,0.0,1.9,1.0,3.9,8.9,4.8,1.9,1.0,1.9,3.9,4.8,1.0,3.8,1.9,6.8,4.8,5.8,5.8,7.8,1.0,1.0,25.2,0.0,0.0,0.0,0.0,0.0,0.0,0.0,0.0,0.0,0.0,0.0,0.0,0.0,0.0,0.0,0.0,1.0,0.0,0.0,0.0,0.0,0.0,0.0,0.0,0.0,0.0,0.0,0.0,0.0,0.0,45.1,68.3,98.1,43.6,0.0,0.0,0.0,0.0,0.0,0.0,0.0,0.0,0.0,0.0,0.0,0.0,0.0,0.0,0.0,0.0,0.0,0.0,0.0,0.0,0.0,0.0,0.0,0.0,0.0,0.0,0.0,0.0,0.0,0.0,0.0,0.0,0.0,1.0,0.0,0.0,0.0,0.0,0.0,0.0,0.0,0.0,0.0,0.0,0.0,0.0,0.0,0.0,0.0,0.0,0.0,0.0,0.0,0.0,0.0,0.0,0.0,0.0,0.0,0.0,0.0,0.0,0.0,0.0,0.0,0.0,0.0,0.0,0.0,0.0,0.0,0.0,0.0,0.0,0.0,0.0,0.0,0.0,0.0,0.0,0.0,0.0,0.0,0.0,0.0,0.0,0.0,0.0,0.0,0.0,0.0,1.0,0.0,0.0,0.0,0.0,0.0,0.0,0.0,0.0,0.0,0.0,0.0,0.0,0.0,0.0,0.0,0.0,0.0,0.0,0.0,0.0,0.0,0.0,0.0,0.0,0.0,0.0,0.0,0.0,0.0,0.0,0.0,0.0,0.0,0.0,0.0,0.0,0.0,0.0,0.0,0.0,0.0,0.0,0.0,0.0,0.0,0.0,0.0,0.0,0.0,0.0,0.0,0.0,0.0,0.0,0.0,0.0,0.0,0.0,0.0,0.0,0.0",4.6,46994.35546875,984871.96484375,8684.2548828125,110819.44970703125,13.2236328125
1791365017.0996952,individual_n32_vmnos8_r5:submission,9.5,"36.8,34.9,33.6,37.0,28.8,35.5,31.0,34.9,33.6,38.6,51.6,33.3,35.5,31.5,35.2,32.5,33.3,30.3,32.2,33.8,27.6,33.3,36.7,31.1,38.5,40.8,33.9,38.0,35.8,39.1,6.6,4.4,4.5,0.0,39.8,34.9,29.3,35.7,32.5,39.5,30.2,36.5,39.4,33.3,38.6,34.6,38.1,41.9,40.0,43.4,36.6,41.7,43.3,36.1,37.3,40.0,32.8,37.2,43.4,40.2,38.0,36.5,34.7,38.4,48.0,41.5,41.9,48.4,0.0,0.0,0.0,0.0,0.0,0.0,0.0,0.0,0.0,0.0,0.0,0.0,0.0,0.0,0.0,0.0,2.4,0.0,0.0,0.0,0.0,0.0,0.0,0.0,0.0,0.0,0.0,0.0,0.0,0.0,53.0,54.5,56.6,54.2,0.0,0.0,0.0,0.0,0.0,0.0,0.0,0.0,0.0,0.0,0.0,0.0,0.0,0.0,0.0,0.0,0.0,0.0,0.0,0.0,0.0,0.0,0.0,0.0,0.0,0.0,0.0,0.0,0.0,0.0,0.0,0.0,0.0,0.0,0.0,0.0,0.0,0.0,0.0,0.0,0.0,0.0,0.0,0.0,0.0,0.0,0.0,0.0,0.0,0.0,0.0,0.0,0.0,0.0,0.0,0.0,0.0,0.0,0.0,0.0,0.0,0.0,0.0,0.0,0.0,0.0,0.0,0.0,0.0,0.0,0.0,0.0,0.0,0.0,0.0,0.0,0.0,0.0,0.0,0.0,0.0,0.0,0.0,0.0,0.0,0.0,0.0,0.0,0.0,0.0,0.0,0.0,0.0,0.0,0.0,0.0,0.0,0.0,0.0,0.0,0.0,0.0,0.0,0.0,0.0,0.0,0.0,0.0,0.0,0.0,0.0,0.0,0.0,0.0,0.0,0.0,0.0,0.0,0.0,0.0,0.0,0.0,0.0,0.0,0.0,0.0,0.0,0.0,0.0,0.0,0.0,0.0,0.0,0.0,0.0,0.0,0.0,0.0,0.0,0.0,0.0,0.0,0.0,0.0,0.0,0.0,0.0,0.0,0.0,0.0,0.0,0.0,0.0",4.5,46828.6640625,985037.65625,8684.2548828125,110819.44970703125,13.2236328125
1791365018.4026747,individual_n32_vmnos8_r5:confirmation,5.6,"35.5,20.7,15.5,14.7,14.3,14.5,12.0,26.8,10.0,21.5,27.0,15.6,19.1,23.6,14.8,15.3,29.5,20.4,8.5,16.4,14.7,37.8,12.6,11.8,13.8,25.0,11.3,11.1,23.7,10.3,1.7,0.0,0.9,0.0,17.3,23.2,19.4,18.3,16.4,18.0,25.0,9.3,11.9,7.4,22.3,11.0,26.4,17.1,23.1,13.2,12.7,29.4,28.2,14.4,9.3,12.5,9.4,12.8,24.5,25.2,14.8,27.3,16.4,12.0,39.5,12.6,14.3,26.8,0.0,0.0,0.0,0.0,0.0,0.0,0.0,0.0,0.0,0.0,0.0,0.0,0.0,0.0,0.0,0.9,2.8,0.0,0.0,0.0,0.0,0.0,0.0,0.0,0.0,0.0,0.0,0.0,0.0,0.0,61.6,57.0,34.5,47.8,0.0,0.0,0.0,0.0,0.0,0.0,0.0,0.0,0.0,0.0,0.0,0.0,0.0,0.0,0.0,0.0,0.0,0.0,0.0,0.0,0.0,0.0,0.0,0.0,0.0,0.0,0.0,0.0,0.0,0.0,0.0,0.0,0.0,0.0,0.0,0.0,0.0,0.0,0.0,0.0,0.0,0.0,0.0,0.0,0.0,0.0,0.0,0.0,0.0,0.0,0.0,0.0,0.0,0.0,0.0,0.0,0.0,0.0,0.0,0.0,0.0,0.0,0.0,0.0,0.0,0.0,0.0,0.0,0.0,0.0,0.0,0.0,0.0,0.0,0.0,0.0,0.0,0.0,0.0,0.0,0.0,0.0,0.0,0.0,0.0,0.0,0.0,0.0,0.0,0.0,0.0,0.0,0.0,0.0,0.0,0.0,0.0,0.0,0.0,0.0,0.0,0.0,0.0,0.0,0.0,0.0,0.0,0.0,0.0,0.0,0.0,0.0,0.0,0.0,0.0,0.0,0.0,0.0,0.0,0.0,0.0,0.0,0.0,0.0,0.0,0.0,0.0,0.0,0.0,0.0,0.0,0.0,0.0,0.0,0.0,0.0,0.0,0.0,0.0,0.0,0.0,0.0,0.0,0.0,0.0,0.0,0.0,0.0,0.0,0.0,0.0,0.0,0.0",4.5,46939.23046875,984927.08984375,8684.2548828125,110819.45361328125,13.2236328125
1791365019.7238185,individual_n32_vmnos8_r5:confirmation,4.5,"16.3,14.4,8.6,8.5,5.8,6.5,18.6,24.8,5.0,21.5,7.8,8.4,18.6,7.7,17.0,20.6,10.0,17.9,6.3,12.8,19.0,31.9,10.0,9.3,19.9,7.7,11.9,10.6,19.1,11.5,1.4,14.4,11.0,0.0,8.3,9.1,11.9,22.4,13.1,9.4,37.4,10.0,21.7,9.2,6.4,3.5,8.2,23.1,10.5,6.2,13.1,5.5,18.3,13.3,12.6,6.9,6.3,13.3,11.1,16.7,18.5,20.1,10.6,17.1,24.6,12.1,16.2,22.4,0.0,0.0,0.0,0.0,0.0,0.0,0.0,0.0,0.0,0.0,0.0,0.0,0.0,0.0,0.0,0.0,0.0,0.0,0.0,0.0,0.0,0.0,0.0,0.0,0.0,0.0,0.0,0.0,0.0,0.0,13.8,37.8,98.6,45.9,0.0,0.0,0.0,0.0,0.0,0.0,0.0,0.0,0.0,0.0,0.0,0.0,0.0,0.0,0.0,0.0,0.0,0.0,0.0,0.0,0.0,0.0,0.0,0.0,0.0,0.0,0.0,0.0,0.0,0.0,0.0,0.0,0.0,0.0,0.0,0.0,0.0,0.0,0.0,0.0,0.0,0.0,0.0,0.0,0.0,0.0,0.0,0.0,0.0,0.0,0.0,0.0,0.0,0.0,0.0,0.0,0.0,0.0,0.0,0.0,0.0,0.0,0.0,0.0,0.0,0.0,0.0,0.0,0.0,0.0,0.0,0.0,0.0,0.0,0.0,0.0,0.0,0.0,0.0,0.0,0.0,0.0,0.0,0.0,0.0,0.0,0.0,0.0,0.0,0.0,0.0,0.0,0.0,0.0,0.0,0.0,0.0,0.0,0.0,0.0,0.0,0.0,0.0,0.0,0.0,0.0,0.0,0.0,0.0,0.0,0.0,0.0,0.0,0.0,0.0,0.0,0.0,0.0,0.0,0.0,0.0,0.0,0.0,0.0,0.0,0.0,0.0,0.0,0.0,0.0,0.0,0.0,0.0,0.0,0.0,0.0,0.0,0.0,0.0,0.0,0.0,0.0,0.0,0.0,0.0,0.0,0.0,0.0,0.0,0.0,0.0,0.0,0.0",4.5,46837.08203125,985029.23828125,8684.2548828125,110819.45361328125,12.80517578125
1791365021.45049,individual_n32_vmnos8_r5:confirmation,4.0,"13.4,11.8,18.1,4.7,6.9,16.0,4.7,11.1,12.8,2.9,2.9,20.5,16.5,9.8,15.4,11.8,5.3,11.0,9.4,11.7,24.6,21.2,15.2,7.1,21.4,7.1,9.4,10.6,8.6,7.0,10.9,3.5,2.3,2.9,15.3,8.2,11.2,20.7,15.9,7.0,4.8,7.0,12.0,14.7,7.6,8.3,6.4,3.6,22.7,5.2,1.8,10.5,17.2,13.0,10.8,10.1,5.2,5.2,11.8,20.9,27.9,13.5,6.4,5.3,15.7,23.8,18.7,18.7,0.0,0.0,0.0,0.0,0.0,0.0,0.0,0.0,0.0,0.0,0.0,0.0,0.0,0.0,0.0,0.0,1.2,0.0,0.0,0.0,0.0,0.0,0.0,0.0,0.0,0.0,0.0,0.0,0.0,0.0,33.5,69.1,93.2,66.3,0.0,0.0,0.0,0.0,0.0,0.0,0.0,0.0,0.0,0.0,0.0,0.0,0.0,0.0,0.0,0.0,0.0,0.0,0.0,0.0,0.0,0.0,0.0,0.0,0.0,0.0,0.0,0.0,0.0,0.0,0.0,0.0,0.0,0.0,0.0,0.0,0.0,0.0,0.0,0.0,0.0,0.0,0.0,0.0,0.0,0.0,0.0,0.0,0.0,0.0,0.0,0.0,0.0,0.0,0.0,0.0,0.0,0.0,0.0,0.0,0.0,0.0,0.0,0.0,0.0,0.0,0.0,0.0,0.0,0.0,0.0,0.0,0.0,0.0,0.0,0.0,0.0,0.0,0.0,0.0,0.0,0.0,0.0,0.0,0.0,0.0,0.0,0.0,0.6,0.6,0.0,0.0,0.0,0.0,0.0,0.0,0.0,0.0,0.0,0.0,0.0,0.0,0.0,0.0,0.0,0.0,0.0,0.0,0.0,0.0,0.0,0.0,0.0,0.0,0.0,0.0,0.0,0.0,0.0,0.0,0.0,0.0,0.0,0.0,0.0,0.0,0.0,0.0,0.0,0.0,0.0,0.0,0.0,0.0,0.0,0.0,0.0,0.0,0.0,0.0,0.0,0.0,0.0,0.0,0.0,0.0,0.0,0.0,0.0,0.0,0.0,0.0,0.0",4.6,47358.25,984508.0703125,8684.2548828125,110822.35205078125,12.80517578125
1791365023.1464875,individual_n32_vmnos8_r5:confirmation,4.1,"10.9,22.5,6.8,6.8,5.7,3.2,5.1,17.7,5.6,24.5,16.9,14.6,11.8,8.1,11.4,7.5,5.6,7.5,20.6,9.6,17.0,16.5,4.4,12.7,26.9,9.3,8.3,10.6,10.5,7.7,3.7,2.4,1.2,6.2,16.6,7.0,8.1,13.0,15.5,7.1,9.5,10.2,16.6,13.6,17.1,7.4,7.5,15.2,6.4,7.7,21.7,7.1,7.0,9.6,22.6,6.2,6.4,7.4,19.8,16.8,27.4,8.1,7.5,4.4,14.6,23.1,25.5,9.4,0.0,0.0,0.0,0.0,0.0,0.0,0.0,0.0,0.0,0.0,0.0,0.0,0.0,0.0,0.0,0.0,1.3,0.0,0.0,0.0,0.0,0.0,0.0,0.0,0.0,0.0,0.0,0.0,0.0,0.0,37.3,100.0,99.4,46.9,0.0,0.0,0.0,0.0,0.0,0.0,0.0,0.0,0.0,0.0,0.0,0.0,0.0,0.0,0.0,0.0,0.0,0.0,0.0,0.0,0.0,0.0,0.0,0.0,0.0,0.0,0.0,0.0,0.0,0.0,0.0,0.0,0.0,0.0,0.0,0.0,0.0,0.0,0.0,0.0,0.0,0.0,0.0,0.0,0.0,0.0,0.0,0.0,0.0,0.0,0.0,0.0,0.0,0.0,0.0,0.0,0.0,0.0,0.0,0.0,0.0,0.0,0.0,0.0,0.0,0.0,0.0,0.0,0.0,0.0,0.0,0.6,0.0,0.0,0.0,0.0,0.0,0.0,0.0,0.0,0.0,0.0,0.0,0.0,0.0,0.0,0.0,0.0,0.0,0.0,0.0,0.0,0.0,0.0,0.0,0.0,0.0,0.0,0.0,0.0,0.0,0.0,0.0,0.0,0.0,0.0,0.0,0.0,0.0,0.0,0.0,0.0,0.0,0.0,0.0,0.0,0.0,0.0,0.0,0.0,0.0,0.0,0.0,0.0,0.0,0.0,0.0,0.0,0.0,0.0,0.0,0.0,0.0,0.0,0.0,0.0,0.0,0.0,0.0,0.0,0.0,0.0,0.0,0.0,0.0,0.0,0.0,0.0,0.0,0.0,0.0,0.0,0.0",4.6,47324.12109375,984542.19921875,8684.2548828125,110822.35205078125,12.80517578125
1791365024.917797,individual_n32_vmnos8_r5:confirmation,4.0,"18.0,4.5,14.9,8.3,14.5,7.4,14.4,7.7,16.3,17.3,6.2,6.8,13.0,15.8,11.7,8.3,5.6,5.5,10.3,16.0,13.4,9.6,14.1,15.6,14.7,18.3,6.7,10.9,6.6,5.6,4.8,3.8,6.5,13.0,10.0,5.7,15.1,9.6,11.3,10.6,11.0,9.3,4.4,11.5,21.3,6.1,4.4,16.7,17.2,14.5,7.2,7.3,8.2,6.9,17.9,5.2,6.6,6.2,16.1,6.6,12.2,27.5,27.5,9.0,18.5,17.9,20.1,7.4,0.0,0.0,0.0,0.0,0.0,0.0,0.0,0.0,0.0,0.0,0.0,0.0,0.0,0.0,0.5,0.0,1.6,0.0,0.0,0.0,0.0,0.0,0.0,0.0,0.0,0.0,0.0,0.0,0.0,0.0,68.3,81.0,75.1,31.1,0.0,0.0,0.0,0.0,0.0,0.0,0.0,0.0,0.0,0.0,0.0,0.0,0.0,0.0,0.0,0.0,0.0,0.0,0.0,0.0,0.0,0.0,0.0,0.0,0.0,0.0,0.0,0.0,0.0,0.0,0.0,0.0,0.0,0.0,0.0,0.0,0.0,0.0,0.0,0.0,0.0,0.0,0.0,0.0,0.0,0.0,0.0,0.0,0.0,0.0,0.0,0.0,0.0,0.0,0.0,0.0,0.0,0.0,0.0,0.0,0.0,0.0,0.0,0.0,0.0,0.0,0.0,0.0,0.0,0.0,0.0,0.0,0.0,0.0,0.0,0.0,0.0,0.0,0.0,0.0,0.0,0.0,0.0,0.0,0.0,0.0,0.0,0.0,0.0,0.0,0.0,0.0,0.0,0.0,0.0,0.0,0.0,0.0,0.0,0.0,0.0,0.0,0.0,0.0,0.0,0.0,0.0,0.0,0.0,0.0,0.0,0.0,0.0,0.0,0.0,0.0,0.0,0.0,0.0,0.0,0.0,0.0,0.0,0.0,0.0,0.0,0.0,0.0,0.0,0.0,0.0,0.0,0.0,0.0,0.0,0.0,0.0,0.0,0.0,0.0,0.0,0.0,0.0,0.0,0.0,0.0,0.0,0.0,0.0,0.0,0.0,0.0,0.0",4.5,46454.93359375,985411.38671875,8684.2548828125,110825.53564453125,13.30126953125
1791365027.1499746,individual_n32_vmnos8_r5:confirmation,3.8,"26.7,5.0,9.9,7.8,6.3,1.4,17.6,6.3,7.9,10.3,10.9,3.4,3.4,4.9,17.2,23.9,5.2,7.3,14.3,21.8,14.4,22.7,9.7,4.3,13.6,11.9,10.0,13.0,9.7,20.0,1.4,1.4,0.5,1.4,11.9,7.5,7.5,19.7,22.8,10.0,15.3,15.5,11.0,9.6,2.9,14.8,9.7,13.2,13.2,10.1,12.1,5.8,8.7,6.9,21.7,5.9,11.3,13.6,7.7,9.8,20.3,17.5,14.0,6.2,24.8,16.8,8.8,14.9,0.0,0.0,0.0,0.0,0.0,0.0,0.0,0.0,0.0,0.0,0.0,0.0,0.0,0.5,0.0,0.0,1.9,0.0,0.0,0.0,0.0,0.0,0.0,0.0,0.0,0.0,0.0,0.0,0.0,0.0,93.8,23.7,69.9,46.2,0.0,0.0,0.0,0.0,0.0,0.0,0.0,0.0,0.0,0.0,0.0,0.0,0.0,0.0,0.0,0.0,0.0,0.0,0.0,0.0,0.0,0.0,0.0,0.0,0.0,0.0,0.0,0.5,0.0,0.0,0.9,0.5,0.5,0.0,0.0,0.0,0.0,0.0,0.0,0.0,0.0,0.0,0.0,0.0,0.0,0.0,0.0,0.0,0.0,0.5,0.0,0.0,0.0,0.0,0.0,0.0,0.0,0.0,0.0,0.0,0.0,0.0,0.0,0.0,0.0,0.0,0.0,0.0,0.0,0.0,0.5,0.0,0.0,0.0,0.0,0.0,0.0,0.0,0.0,0.0,0.0,0.0,0.0,0.0,0.0,0.0,0.0,0.0,0.0,0.0,0.0,0.0,0.0,0.0,0.0,0.0,0.0,0.0,0.0,0.0,0.0,0.0,0.0,0.0,0.0,0.0,0.0,0.0,0.0,0.0,0.0,0.0,0.5,0.0,0.0,0.0,0.0,0.0,0.0,0.0,0.0,0.0,0.0,0.0,0.0,0.0,0.0,0.0,0.0,0.0,0.0,0.0,0.0,0.0,0.0,0.0,0.0,0.0,0.0,0.0,0.0,0.0,0.0,0.0,0.0,0.0,0.0,0.0,0.0,0.0,0.0,0.0,0.0",4.6,47061.69140625,984804.62890625,8684.2548828125,110826.15283203125,13.30126953125
1791365028.4181013,individual_n32_vmnos8_r5:confirmation,3.0,"4.9,6.8,5.1,6.9,10.2,2.6,5.0,15.7,5.1,14.5,26.1,5.9,4.2,5.1,3.4,13.4,3.4,3.4,16.2,11.2,12.2,21.7,5.9,2.6,9.6,13.6,8.8,16.4,24.3,14.5,0.8,0.8,0.8,0.0,6.8,11.2,4.5,8.6,15.4,17.6,1.7,5.9,9.5,7.6,3.4,14.9,4.3,3.4,4.4,7.8,6.8,11.0,9.8,22.4,9.4,0.0,6.7,14.4,6.8,18.3,12.8,12.1,9.4,13.7,22.4,13.9,10.2,16.2,0.0,0.0,0.0,0.0,0.0,0.0,0.0,0.0,0.0,0.0,0.0,0.0,0.0,0.0,0.0,0.0,0.8,0.0,0.0,0.0,0.0,0.0,0.0,0.0,0.0,0.0,0.0,0.0,0.0,0.0,38.3,63.0,50.4,16.5,0.0,0.0,0.0,0.0,0.0,0.0,0.0,0.0,0.0,0.0,0.0,0.0,0.0,0.0,0.0,0.0,0.0,0.0,0.0,0.0,0.0,0.0,0.0,0.0,0.0,0.0,0.0,0.0,0.0,0.0,0.0,0.0,0.0,0.0,0.0,0.0,0.0,0.0,0.0,0.0,0.0,0.0,0.0,0.0,0.0,0.0,0.0,0.0,0.0,0.0,0.0,0.0,0.0,0.0,0.0,0.0,0.0,0.0,0.0,0.0,0.0,0.0,0.0,0.0,0.0,0.0,0.0,0.0,0.0,0.0,0.0,0.0,0.0,0.0,0.0,0.0,0.0,0.0,0.0,0.0,0.0,0.0,0.0,0.0,0.0,0.0,0.0,0.0,0.0,0.0,0.0,0.0,0.0,0.0,0.0,0.0,0.0,0.0,0.0,0.0,0.0,0.0,0.0,0.0,0.0,0.0,0.0,0.0,0.0,0.0,0.0,0.0,0.0,0.0,0.0,0.0,0.0,0.0,0.0,0.0,0.0,0.0,0.0,0.0,0.0,0.0,0.0,0.0,0.0,0.0,0.0,0.0,0.0,0.0,0.0,0.0,0.0,0.0,0.0,0.0,0.0,0.0,0.0,0.0,0.0,0.0,0.0,0.0,0.0,0.0,0.0,0.0,0.0",4.5,46556.95703125,985309.36328125,8684.2548828125,110826.15673828125,13.30126953125
1791365029.7104352,individual_n32_vmnos8_r5:confirmation,3.1,"6.6,16.8,8.1,21.6,7.5,5.9,3.0,16.3,5.4,8.5,5.3,5.3,6.8,2.3,10.6,7.8,9.0,3.7,5.3,9.8,1.5,9.1,4.8,18.8,8.1,7.8,17.2,6.8,6.0,3.0,2.9,2.2,0.0,0.0,7.5,11.4,5.3,6.0,7.5,12.4,13.2,10.6,7.5,17.3,3.0,20.1,4.4,3.7,5.3,8.9,6.8,4.7,3.1,17.2,2.2,2.9,11.5,14.3,9.0,16.4,1.5,13.0,8.4,5.3,17.2,15.9,8.3,3.8,0.0,0.0,0.0,0.0,0.0,0.0,0.0,0.0,0.0,0.0,0.0,0.0,0.0,0.0,0.0,0.0,2.2,0.0,0.0,0.0,0.0,0.0,0.0,0.0,0.0,0.0,0.0,0.0,0.0,0.0,40.3,86.7,52.6,16.2,0.0,0.0,0.0,0.0,0.0,0.0,0.0,0.0,0.0,0.0,0.0,0.0,0.0,0.0,0.0,0.0,0.0,0.0,0.0,0.0,0.0,0.0,0.0,0.0,0.0,0.0,0.0,0.0,0.0,0.0,0.0,0.0,0.0,0.0,0.0,0.0,0.0,0.0,0.0,0.0,0.0,0.0,0.0,0.0,0.0,0.0,0.0,0.0,0.0,0.0,0.0,0.0,0.0,0.0,0.0,0.0,0.0,0.0,0.0,0.0,0.0,0.0,0.7,0.0,0.0,0.0,0.0,0.0,0.0,0.7,0.0,0.0,0.0,0.7,0.0,0.0,0.0,0.0,0.0,0.0,0.0,0.0,0.0,0.0,0.0,0.0,0.7,0.0,0.0,0.0,0.0,0.0,0.0,0.0,0.0,0.0,0.0,0.0,0.0,0.0,0.0,0.0,0.0,0.0,0.0,0.0,0.0,0.0,0.0,0.0,0.0,0.0,0.0,0.0,0.0,0.0,0.0,0.0,0.0,0.0,0.0,0.0,0.0,0.0,0.0,0.0,0.0,0.0,0.0,0.0,0.0,0.0,0.0,0.0,0.0,0.0,0.0,0.0,0.0,0.0,0.0,0.0,0.0,0.0,0.0,0.0,0.0,0.0,0.0,0.0,0.0,0.0,0.0",4.6,47768.98046875,984097.33984375,8684.2548828125,110826.15673828125,13.03662109375
1791365031.0579898,individual_n32_vmnos8_r5:confirmation,4.3,"8.7,27.4,6.1,14.9,6.1,11.3,9.6,18.6,15.7,21.7,6.0,21.2,14.2,15.4,7.8,11.5,12.7,11.1,9.4,12.2,7.7,17.4,27.0,20.9,6.2,8.8,9.6,21.2,20.5,15.5,0.8,2.5,0.0,5.0,6.3,32.2,6.2,8.0,10.3,23.9,19.5,11.0,17.9,22.0,20.2,3.5,19.8,9.4,8.8,7.0,9.6,21.2,8.0,7.0,12.1,10.3,4.3,18.6,9.5,14.7,6.8,19.0,27.4,26.3,37.9,14.8,11.3,32.8,0.0,0.0,0.0,0.0,0.0,0.0,0.0,0.0,0.0,0.0,0.0,0.0,0.0,0.0,0.0,0.0,0.8,0.0,0.0,0.0,0.0,0.0,0.0,0.0,0.0,0.0,0.0,0.0,0.0,0.0,77.3,35.6,55.5,22.9,0.0,0.0,0.0,0.0,0.0,0.0,0.0,0.0,0.0,0.0,0.0,0.0,0.0,0.0,0.0,0.0,0.0,0.0,0.0,0.0,0.0,0.0,0.0,0.0,0.0,0.0,0.0,0.0,0.0,0.8,0.0,0.0,0.0,0.0,0.0,0.0,0.0,0.0,0.0,0.0,0.0,0.0,0.0,0.0,0.0,0.0,0.0,0.0,0.0,0.0,0.0,0.0,0.0,0.0,0.0,0.0,0.0,0.0,0.0,0.0,0.0,0.0,0.0,0.0,0.0,0.0,0.0,0.0,0.0,0.0,0.0,0.0,0.0,0.0,0.0,0.0,0.0,0.0,0.0,0.0,0.0,0.0,0.0,0.0,0.0,0.0,0.0,0.0,0.0,0.0,0.0,0.8,0.0,0.0,0.0,0.0,0.0,0.0,0.0,0.0,0.0,0.0,0.0,0.0,0.0,0.0,0.0,0.0,0.0,0.0,0.0,0.0,0.0,0.0,0.0,0.0,0.0,0.0,0.0,0.0,0.0,0.0,0.0,0.0,0.0,0.0,0.0,0.0,0.0,0.0,0.0,0.0,0.0,0.0,0.0,0.0,0.0,0.0,0.0,0.0,0.0,0.0,0.0,0.0,0.0,0.0,0.0,0.0,0.0,0.0,0.0,0.0,0.0",4.5,46549.59375,985316.7265625,8684.2548828125,110828.96142578125,13.03662109375
1791365032.205482,individual_n32_vmnos8_r5:confirmation,2.2,"10.0,7.1,4.8,9.3,5.4,7.6,6.9,7.0,8.6,6.3,4.6,6.2,10.8,4.6,9.3,9.4,10.9,16.3,5.4,17.6,4.9,19.8,9.5,7.8,12.5,10.3,4.0,8.8,16.5,17.3,2.3,3.8,3.0,0.0,7.0,7.8,7.1,10.2,7.2,10.8,4.7,10.1,8.3,0.8,12.9,3.1,3.9,7.6,4.6,3.1,3.1,6.2,6.8,10.0,7.9,8.3,3.8,7.6,5.4,3.8,3.8,16.2,7.0,9.3,20.0,10.1,7.1,14.3,0.0,0.0,0.0,0.0,0.0,0.0,0.0,0.0,0.0,0.0,0.0,0.0,0.0,0.0,0.0,0.0,0.0,0.0,0.0,0.0,0.0,0.0,0.0,0.0,0.0,0.0,0.0,0.0,0.0,0.0,70.5,14.3,31.3,27.5,0.0,0.0,0.0,0.0,0.0,0.0,0.0,0.0,0.0,0.0,0.0,0.0,0.0,0.0,0.0,0.0,0.0,0.0,0.0,0.0,0.0,0.0,0.0,0.0,0.0,0.0,0.0,0.0,0.0,0.0,0.0,0.0,0.0,0.0,0.0,0.0,0.0,0.0,0.0,0.0,0.0,0.0,0.0,0.0,0.0,0.0,0.0,0.0,0.0,0.0,0.0,0.0,0.0,0.0,0.0,0.0,0.0,0.0,0.0,0.0,0.0,0.0,0.0,0.0,0.0,0.0,0.0,0.0,0.0,0.0,0.0,0.0,0.0,0.0,0.0,0.0,0.0,0.0,0.0,0.0,0.0,0.0,0.0,0.0,0.0,0.0,0.0,0.0,0.0,0.0,0.0,0.0,0.0,0.0,0.0,0.0,0.0,0.0,0.0,0.0,0.0,0.0,0.0,0.0,0.0,0.0,0.0,0.0,0.0,0.0,0.0,0.0,0.0,0.0,0.0,0.0,0.0,0.0,0.0,0.0,0.0,0.0,0.0,0.0,0.0,0.0,0.0,0.0,0.0,0.0,0.0,0.0,0.0,0.0,0.0,0.0,0.0,0.0,0.0,0.0,0.0,0.0,0.0,0.0,0.0,0.0,0.0,0.0,0.0,0.0,0.0,0.0,0.0",4.5,46537.99609375,985328.32421875,8684.2548828125,110828.96142578125,13.03662109375
1791365033.4724665,individual_n32_vmnos8_r5:confirmation,5.2,"9.9,21.2,20.4,12.1,20.5,13.6,11.8,8.8,25.9,23.5,19.5,11.8,8.5,10.4,22.8,16.5,9.2,17.9,20.8,7.6,20.8,8.5,16.2,7.6,10.9,7.8,9.5,11.1,32.5,29.9,2.5,1.6,0.0,0.0,8.5,20.3,18.1,23.5,35.0,10.3,10.0,11.8,13.4,9.8,9.1,9.9,10.4,21.5,7.6,11.7,10.3,8.5,12.1,14.4,4.3,12.8,25.2,26.4,12.5,12.6,14.3,30.6,4.2,11.0,22.9,20.3,15.1,21.4,0.0,0.0,0.0,0.0,0.0,0.0,0.0,0.0,0.0,0.0,0.0,0.0,0.0,0.0,0.0,0.0,2.6,0.0,0.0,0.0,0.0,0.0,0.0,0.0,0.0,0.0,0.0,0.0,0.0,0.0,77.0,64.7,71.1,6.8,0.0,0.0,0.0,0.0,0.0,0.0,0.0,0.0,0.0,0.0,0.0,0.0,0.0,0.0,0.0,0.0,0.0,0.0,0.0,0.0,0.0,0.0,0.0,0.0,0.0,0.0,0.0,0.0,0.0,0.0,0.0,0.0,0.0,0.0,0.0,0.0,0.0,0.0,0.0,0.0,0.0,0.0,0.0,0.0,0.0,0.0,0.0,0.0,0.0,0.0,0.0,0.0,0.0,0.0,0.0,0.0,0.0,0.0,0.0,0.0,0.0,0.0,0.0,0.8,0.0,0.0,0.0,0.0,0.0,0.0,0.0,0.0,0.0,0.0,0.0,0.0,0.0,0.0,0.0,0.0,0.0,0.0,0.0,0.0,0.0,0.0,0.0,0.0,0.0,0.0,0.0,0.0,0.8,0.0,0.0,0.0,0.0,0.0,0.0,0.0,0.0,0.0,0.0,0.0,0.0,0.0,0.0,0.0,0.0,0.0,0.0,0.0,0.0,0.0,0.0,0.0,0.0,0.0,0.0,0.0,0.0,0.0,0.0,0.0,0.0,0.0,0.0,0.0,0.0,0.0,0.0,0.0,0.0,0.0,0.0,0.0,0.0,0.0,0.0,0.0,0.0,0.0,0.0,0.0,0.0,0.0,0.0,0.0,0.0,0.0,0.0,0.0,0.0",4.5,46614.37109375,985251.94921875,8684.2548828125,110828.96533203125,13.03662109375
1791365034.6799655,individual_n32_vmnos8_r5:confirmation,4.1,"7.4,5.8,10.6,17.1,3.9,8.7,21.4,16.0,9.7,33.0,8.7,26.9,11.0,30.7,13.7,7.8,10.9,10.9,5.9,9.7,9.0,10.9,10.8,8.3,19.4,23.8,19.4,15.8,24.0,9.8,0.0,0.0,0.0,0.0,7.8,25.5,9.6,21.9,22.3,4.0,16.2,17.0,15.2,19.4,14.3,31.4,9.7,6.7,19.2,19.4,4.8,6.8,7.8,21.4,5.0,8.4,5.8,18.4,26.0,3.8,9.7,7.5,11.5,19.6,23.3,7.8,18.4,23.1,0.0,0.0,0.0,0.0,0.0,0.0,0.0,0.0,0.0,0.0,0.0,0.0,0.0,0.0,0.0,0.0,1.0,0.0,0.0,0.0,0.0,0.0,0.0,0.0,0.0,0.0,0.0,0.0,0.0,0.0,33.7,38.0,91.6,42.5,0.0,0.0,0.0,0.0,0.0,0.0,0.0,0.0,0.0,0.0,0.0,0.0,0.0,0.0,0.0,0.0,0.0,0.0,0.0,0.0,0.0,0.0,0.0,0.0,0.0,0.0,0.0,0.0,0.0,0.0,0.0,0.0,0.0,0.0,0.0,0.0,0.0,0.0,0.0,0.0,0.0,0.0,0.0,0.0,0.0,0.0,0.0,0.0,0.0,0.0,0.0,0.0,0.0,0.0,0.0,0.0,0.0,0.0,0.0,0.0,0.0,0.0,0.0,0.0,0.0,0.0,0.0,0.0,0.0,0.0,0.0,0.0,0.0,0.0,0.0,0.0,0.0,0.0,0.0,0.0,0.0,0.0,0.0,0.0,0.0,0.0,0.0,0.0,0.0,0.0,0.0,0.0,0.0,0.0,0.0,0.0,0.0,0.0,0.0,0.0,0.0,0.0,0.0,0.0,0.0,0.0,0.0,0.0,0.0,0.0,0.0,0.0,0.0,0.0,0.0,0.0,0.0,0.0,0.0,0.0,0.0,0.0,0.0,0.0,0.0,0.0,0.0,0.0,0.0,0.0,0.0,0.0,0.0,0.0,0.0,0.0,0.0,0.0,0.0,0.0,0.0,0.0,0.0,0.0,0.0,0.0,0.0,0.0,0.0,0.0,0.0,0.0,0.0",4.6,47164.07421875,984702.24609375,8684.2548828125,110828.96533203125,13.03662109375
1791365035.7528408,individual_n32_vmnos8_r5:confirmation,2.4,"7.9,3.6,6.3,3.5,5.3,6.3,1.8,5.4,7.4,7.4,5.6,3.6,7.2,4.5,9.3,4.6,4.5,10.8,3.6,10.0,1.9,3.7,9.0,5.7,9.8,5.4,5.5,4.6,7.3,6.4,23.2,5.4,9.7,0.0,4.7,6.5,8.3,24.1,12.8,9.3,1.8,7.2,6.4,6.3,2.7,5.4,5.4,0.9,9.1,5.5,1.8,2.7,4.5,2.7,4.5,1.8,2.8,2.7,9.0,2.7,8.0,6.3,0.0,1.8,5.6,2.8,3.6,5.4,0.0,0.0,0.0,0.0,0.0,0.0,0.0,0.0,0.0,0.0,0.0,0.0,0.0,0.0,0.0,0.0,2.8,0.9,0.0,0.0,0.0,0.0,0.0,0.0,0.0,0.0,0.0,0.0,0.0,0.0,28.6,73.6,51.3,53.7,0.0,0.0,0.0,0.0,0.0,0.0,0.0,0.0,0.0,0.0,0.0,0.0,0.0,0.0,0.0,0.0,0.0,0.0,0.0,0.0,0.0,0.0,0.0,0.0,0.0,0.0,0.0,0.0,0.0,0.0,0.0,0.0,0.0,0.0,0.0,0.0,0.0,0.0,0.0,0.0,0.0,0.0,0.0,0.0,0.0,0.0,0.0,0.0,0.0,0.0,0.0,0.0,0.0,0.0,0.0,0.0,0.0,0.0,0.0,0.0,0.0,0.0,0.0,0.0,0.0,0.0,0.0,0.0,0.0,0.0,0.0,0.0,0.0,0.0,0.0,0.0,0.0,0.0,0.0,0.0,0.0,0.0,0.0,0.0,0.0,0.0,0.0,0.0,0.0,0.0,0.0,0.0,0.0,0.0,0.0,0.0,0.0,0.0,0.0,0.0,0.0,0.0,0.0,0.0,0.0,0.0,0.0,0.0,0.0,0.0,0.0,0.0,0.0,0.0,0.0,0.0,0.0,0.0,0.0,0.0,0.0,0.0,0.0,0.0,0.0,0.0,0.0,0.0,0.0,0.0,0.0,0.0,0.0,0.0,0.0,0.0,0.0,0.0,0.0,0.0,0.0,0.0,0.0,0.0,0.0,0.0,0.0,0.0,0.0,0.0,0.0,0.0,0.0",4.6,47148.7421875,984717.578125,8684.2548828125,110832.10986328125,12.232421875
1791365036.8471131,individual_n32_vmnos8_r5:confirmation,4.6,"21.7,8.2,20.2,8.1,5.6,12.0,10.8,16.9,4.9,5.6,3.2,16.8,24.4,4.8,10.5,19.4,8.1,8.0,8.7,13.6,15.7,16.9,7.4,6.3,15.1,19.2,17.5,16.0,16.9,12.6,0.8,8.6,0.0,0.0,5.0,21.8,11.2,20.8,7.3,23.6,2.5,24.6,18.3,7.1,16.1,17.3,5.7,19.2,25.8,6.4,6.2,18.6,21.6,16.9,22.6,8.1,5.6,6.5,20.0,6.4,4.9,8.0,29.8,4.1,17.9,26.8,9.8,17.6,0.0,0.0,0.0,0.0,0.0,0.0,0.0,0.0,0.0,0.0,0.0,0.0,0.0,0.0,0.0,0.0,6.3,0.8,0.0,0.0,0.0,0.0,0.0,0.0,0.0,0.0,0.0,0.0,0.0,0.0,83.3,44.0,63.8,59.5,0.0,0.0,0.0,0.0,0.0,0.0,0.0,0.0,0.0,0.0,0.0,0.0,0.0,0.0,0.0,0.0,0.0,0.0,0.0,0.0,0.0,0.0,0.0,0.0,0.0,0.0,0.0,0.0,0.0,0.0,0.0,0.0,0.0,0.0,0.0,0.0,0.0,0.0,0.0,0.0,0.0,0.0,0.0,0.0,0.0,0.0,0.0,0.0,0.0,0.0,0.0,0.0,0.0,0.0,0.0,0.0,0.0,0.0,0.0,0.0,0.0,0.0,0.0,0.0,0.0,0.0,0.0,0.0,0.0,0.0,0.0,0.0,0.0,0.0,0.0,0.0,0.0,0.0,0.0,0.0,0.0,0.0,0.0,0.0,0.0,0.0,0.0,0.0,0.0,0.0,0.0,0.0,0.0,0.0,0.0,0.0,0.0,0.0,0.0,0.0,0.0,0.0,0.0,0.0,0.0,0.0,0.0,0.0,0.0,0.0,0.0,0.0,0.0,0.0,0.0,0.0,0.0,0.0,0.0,0.0,0.0,0.0,0.0,0.0,0.0,0.0,0.0,0.0,0.0,0.0,0.0,0.0,0.0,0.0,0.0,0.0,0.0,0.0,0.0,0.0,0.0,0.0,0.0,0.0,0.0,0.0,0.0,0.0,0.0,0.0,0.0,0.0,0.0",4.6,47206.4296875,984659.890625,8684.2548828125,110832.62158203125,12.232421875
1791365038.758423,individual_n32_vmnos8_r5:confirmation,3.4,"9.4,3.6,17.8,5.2,9.2,6.4,8.6,13.3,2.9,4.1,6.9,6.6,17.0,5.9,16.9,2.4,3.6,2.9,2.3,8.8,22.1,7.0,23.1,4.1,8.0,5.2,15.0,8.3,9.4,25.3,2.3,1.7,0.0,0.0,12.4,9.6,13.6,22.4,11.8,12.4,4.1,9.9,18.7,21.5,15.7,6.5,13.5,16.9,9.4,7.6,4.1,8.2,12.6,11.2,29.0,17.8,6.9,13.9,10.0,5.2,15.6,19.5,7.0,16.1,22.0,17.5,6.6,15.1,0.0,0.0,0.0,0.0,0.0,0.0,0.0,0.0,0.0,0.0,0.0,0.0,0.0,0.0,0.0,0.0,2.9,0.0,0.0,0.0,0.0,0.0,0.0,0.0,0.0,0.0,0.0,0.0,0.0,0.0,55.2,14.4,75.1,31.4,0.0,0.0,0.0,0.0,0.0,0.0,0.0,0.0,0.0,0.0,0.0,0.0,0.0,0.0,0.0,0.0,0.0,0.0,0.0,0.0,0.0,0.0,0.0,0.0,0.0,0.0,0.0,0.0,0.0,0.0,0.0,0.0,0.0,0.0,0.6,0.0,0.0,0.0,0.0,0.0,0.0,0.0,0.0,0.0,0.0,0.0,0.0,0.0,0.0,0.0,0.0,0.0,0.0,0.0,0.0,0.0,0.6,0.0,0.0,0.0,0.0,0.0,0.0,0.0,0.0,0.0,0.0,0.0,0.0,0.0,0.0,0.0,0.0,0.0,0.0,0.0,0.0,0.0,0.0,0.0,0.0,0.0,0.0,0.0,0.0,0.0,0.0,0.6,0.0,0.0,0.0,0.0,0.0,0.0,0.0,0.0,0.0,0.0,0.0,0.0,0.0,0.0,0.0,0.0,0.0,0.0,0.0,0.0,0.0,0.0,0.0,0.0,0.0,0.0,0.0,0.0,0.0,0.0,0.0,0.0,0.0,0.0,0.0,0.0,0.0,0.0,0.0,0.0,0.0,0.0,0.0,0.0,0.0,0.0,0.0,0.0,0.0,0.0,0.0,0.0,0.0,0.0,0.0,0.0,0.0,0.0,0.0,0.0,0.0,0.0,0.0,0.0,0.0",4.6,47445.33984375,984420.98046875,8684.2548828125,110832.62158203125,12.232421875
1791365040.3304646,individual_n32_vmnos8_r5:confirmation,2.7,"8.2,3.5,13.2,3.4,2.1,12.3,2.1,9.0,2.7,3.4,1.4,3.4,3.4,2.1,8.2,2.1,8.7,4.1,2.0,9.0,0.0,4.1,19.3,9.6,2.1,4.7,4.7,7.5,2.1,8.9,76.5,4.0,0.0,0.0,6.8,4.8,11.7,10.4,14.6,4.9,5.6,9.1,12.1,13.8,5.5,3.4,4.2,14.5,6.2,10.3,7.5,9.2,6.9,11.8,4.2,6.2,0.7,0.0,8.7,12.8,1.4,15.1,2.1,2.8,9.8,9.0,7.5,16.9,0.0,0.0,0.0,0.0,0.0,0.0,0.0,0.0,0.0,0.0,0.0,0.0,0.0,0.0,0.0,0.0,1.4,0.0,0.0,0.0,0.0,0.0,0.0,0.0,0.0,0.0,0.0,0.0,0.0,0.0,89.9,34.7,50.0,23.6,0.0,0.0,0.0,0.0,0.0,0.0,0.0,0.0,0.0,0.0,0.0,0.0,0.0,0.0,0.0,0.0,0.0,0.0,0.0,0.0,0.0,0.0,0.0,0.0,0.0,0.0,0.0,0.0,0.0,0.0,0.0,0.0,0.0,0.0,0.0,0.0,0.0,0.0,0.0,0.0,0.0,0.0,0.0,0.0,0.0,0.0,0.0,0.0,0.0,0.0,0.0,0.0,0.0,0.0,0.0,0.0,0.0,0.0,0.0,0.0,0.0,0.0,0.0,0.0,0.0,0.0,0.0,0.0,0.0,0.0,0.0,0.0,0.0,0.0,0.0,0.0,0.0,0.0,0.0,0.0,0.0,0.0,0.0,0.0,0.0,0.0,0.0,0.0,0.0,0.0,0.0,0.0,0.0,0.0,0.0,0.0,0.0,0.0,0.0,0.0,0.0,0.0,0.0,0.0,0.0,0.0,0.0,0.0,0.0,0.0,0.0,0.0,0.0,0.0,0.0,0.0,0.0,0.0,0.0,0.0,0.0,0.0,0.0,0.0,0.0,0.0,0.0,0.0,0.0,0.0,0.0,0.0,0.0,0.0,0.0,0.0,0.0,0.0,0.0,0.0,0.0,0.0,0.0,0.0,0.0,0.0,0.0,0.0,0.0,0.0,0.0,0.0,0.0",4.5,46806.41796875,985059.90234375,8684.2548828125,110832.62158203125,11.81298828125
1791365041.3362782,individual_n32_vmnos8_r5:confirmation,4.2,"9.8,12.2,25.5,12.0,6.1,9.1,8.2,7.3,4.2,4.1,7.9,4.0,24.7,7.1,11.1,4.2,10.1,8.2,8.2,12.4,7.2,10.0,29.5,8.3,3.1,7.3,23.7,26.8,7.1,8.1,0.0,1.0,0.0,0.0,11.3,6.3,13.5,32.0,28.9,9.2,6.2,4.2,7.9,23.0,22.2,4.0,5.2,14.4,18.8,8.5,9.6,23.7,23.2,8.2,9.9,24.7,4.1,4.0,13.1,22.0,6.0,12.2,5.2,7.0,9.4,23.5,7.1,22.0,0.0,0.0,0.0,0.0,0.0,0.0,0.0,0.0,0.0,0.0,0.0,0.0,0.0,0.0,0.0,0.0,4.3,0.0,0.0,0.0,0.0,0.0,0.0,0.0,0.0,0.0,0.0,0.0,0.0,0.0,98.0,100.0,53.1,54.0,0.0,0.0,0.0,0.0,0.0,0.0,0.0,0.0,0.0,0.0,0.0,0.0,0.0,0.0,0.0,0.0,0.0,0.0,0.0,0.0,0.0,0.0,0.0,0.0,0.0,0.0,0.0,0.0,0.0,0.0,0.0,0.0,0.0,0.0,0.0,0.0,0.0,0.0,0.0,0.0,0.0,0.0,0.0,1.0,1.0,0.0,0.0,0.0,0.0,0.0,0.0,0.0,0.0,0.0,0.0,0.0,0.0,0.0,0.0,0.0,0.0,0.0,0.0,0.0,0.0,0.0,0.0,0.0,0.0,0.0,0.0,0.0,0.0,0.0,0.0,0.0,0.0,0.0,0.0,0.0,0.0,0.0,0.0,0.0,0.0,0.0,0.0,0.0,0.0,0.0,1.0,0.0,0.0,0.0,0.0,0.0,0.0,0.0,0.0,0.0,0.0,0.0,0.0,0.0,0.0,0.0,0.0,0.0,0.0,0.0,0.0,0.0,0.0,0.0,0.0,0.0,0.0,0.0,0.0,0.0,0.0,0.0,0.0,0.0,0.0,0.0,0.0,0.0,0.0,0.0,0.0,0.0,0.0,0.0,0.0,0.0,0.0,0.0,0.0,0.0,0.0,0.0,0.0,0.0,0.0,0.0,0.0,0.0,0.0,0.0,0.0,0.0,0.0",4.6,47107.85546875,984758.46484375,8684.2548828125,110835.93017578125,11.81298828125
1791365042.3799164,individual_n32_vmnos8_r5:confirmation,3.4,"20.0,7.2,18.6,4.9,1.9,6.7,19.2,4.8,1.9,22.9,2.9,11.5,17.1,0.0,1.9,31.1,3.0,7.9,9.7,6.9,6.9,7.8,6.9,8.0,2.9,1.0,21.4,5.8,20.8,2.9,0.0,0.0,0.0,0.0,12.6,10.4,13.7,17.6,13.7,11.7,1.0,7.6,2.9,22.5,16.3,2.0,3.8,5.8,2.9,8.9,4.8,16.8,16.5,6.9,22.5,19.0,1.0,1.9,3.9,1.0,3.0,19.4,5.7,1.9,16.0,4.9,4.9,15.7,0.0,0.0,0.0,0.0,0.0,0.0,0.0,0.0,0.0,0.0,0.0,0.0,0.0,0.0,0.0,0.0,3.1,0.0,0.0,0.0,0.0,0.0,0.0,0.0,0.0,0.0,0.0,0.0,0.0,0.0,99.0,74.8,75.0,43.1,0.0,0.0,0.0,0.0,0.0,0.0,0.0,0.0,0.0,0.0,0.0,0.0,0.0,0.0,0.0,0.0,0.0,0.0,0.0,0.0,0.0,0.0,0.0,0.0,0.0,0.0,0.0,0.0,0.0,0.0,0.0,0.0,0.0,0.0,0.0,0.0,0.0,0.0,0.0,0.0,0.0,0.0,0.0,0.0,0.0,0.0,0.0,0.0,0.0,0.0,0.0,0.0,0.0,0.0,0.0,0.0,0.0,0.0,0.0,0.0,0.0,0.0,0.0,0.0,0.9,0.0,0.0,0.0,0.0,0.0,0.0,0.0,0.0,0.0,0.0,0.0,0.0,0.0,0.0,0.0,0.0,0.0,0.0,0.0,0.0,0.0,0.0,0.0,0.0,0.0,0.0,0.0,0.0,0.0,0.0,0.9,0.0,0.0,0.0,0.0,0.0,0.0,0.0,0.0,0.0,0.0,0.0,0.0,0.0,0.0,0.0,0.0,0.0,0.0,0.0,0.0,0.0,0.0,0.0,0.0,0.0,0.0,0.0,0.0,0.0,0.0,0.0,0.0,0.0,0.0,0.0,0.0,0.0,0.0,0.0,0.0,0.0,0.0,0.0,0.0,0.0,0.0,0.0,0.0,0.0,0.0,0.0,0.0,0.0,0.0,0.0,0.0,0.0",4.5,46719.01171875,985147.30859375,8684.2548828125,110835.93017578125,11.81298828125
1791365043.5697172,individual_n32_vmnos8_r5:confirmation,4.0,"8.7,4.3,4.3,3.5,19.1,13.8,17.9,6.0,9.6,16.5,17.1,17.2,17.4,8.6,19.1,4.4,16.7,5.3,26.3,8.0,18.4,7.0,25.9,13.6,7.0,9.6,7.8,8.7,6.8,20.0,0.0,3.4,0.0,0.0,7.0,9.2,8.0,19.8,7.0,12.5,7.9,8.5,7.9,10.3,6.0,6.1,24.3,5.4,7.1,20.9,11.5,4.5,5.2,21.6,3.5,6.1,5.2,10.9,11.2,6.0,5.3,18.3,5.4,7.1,21.2,7.8,8.8,12.3,0.0,0.0,0.0,0.0,0.0,0.0,0.0,0.0,0.0,0.0,0.0,0.0,0.0,0.0,0.0,0.0,1.7,0.0,0.0,0.0,0.0,0.0,0.0,0.0,0.0,0.0,0.0,0.0,0.0,0.0,100.0,56.9,41.5,100.0,0.0,0.0,0.0,0.0,0.0,0.0,0.0,0.0,0.0,0.0,0.0,0.0,0.0,0.0,0.0,0.0,0.0,0.0,0.0,0.0,0.0,0.0,0.0,0.0,0.0,0.0,0.0,0.0,0.0,0.0,0.0,0.0,0.0,0.0,0.0,0.0,0.0,0.0,0.0,0.0,0.0,0.0,0.0,0.0,0.0,0.0,0.0,0.0,0.0,0.0,0.0,0.0,0.0,0.0,0.0,0.0,0.0,0.0,0.0,0.0,0.0,0.0,0.0,0.0,0.0,0.0,0.0,0.0,0.0,0.0,0.0,0.8,0.0,0.0,0.0,0.0,0.0,0.0,0.0,0.0,0.0,0.0,0.0,0.0,0.0,0.0,0.0,0.0,0.0,0.0,0.0,0.0,0.0,0.0,0.0,0.0,0.0,0.0,0.0,0.0,0.0,0.0,0.0,0.0,0.0,0.0,0.0,0.0,0.0,0.0,0.0,0.0,0.0,0.0,0.0,0.0,0.0,0.0,0.0,0.0,0.0,0.0,0.0,0.0,0.0,0.0,0.0,0.0,0.0,0.0,0.0,0.0,0.0,0.0,0.0,0.0,0.0,0.0,0.0,0.0,0.0,0.0,0.0,0.0,0.0,0.0,0.0,0.0,0.0,0.0,0.0,0.0,0.0",4.5,46685.05078125,985181.26953125,8684.2548828125,110835.93017578125,11.81298828125
1791365044.6003113,individual_n32_vmnos8_r5:confirmation,4.3,"7.4,15.0,7.6,25.2,5.0,23.1,16.7,2.0,16.2,19.0,8.7,4.9,14.0,28.2,10.8,8.7,26.9,5.0,14.7,8.1,7.8,7.9,11.7,17.3,8.7,20.8,6.9,8.0,4.9,15.7,1.0,1.0,0.0,0.0,11.8,12.1,9.8,20.6,8.7,5.1,10.6,5.0,3.9,7.8,23.1,9.0,17.6,26.0,14.6,6.9,9.8,19.2,4.9,19.6,9.7,7.8,18.4,2.0,20.6,16.5,9.7,15.5,11.7,13.7,26.2,14.7,5.0,33.7,0.0,0.0,0.0,0.0,0.0,0.0,0.0,0.0,0.0,0.0,0.0,0.0,0.0,0.0,0.0,0.0,3.9,0.0,0.0,0.0,0.0,0.0,0.0,0.0,0.0,0.0,0.0,0.0,0.0,0.0,42.7,99.1,93.4,69.8,0.0,0.0,0.0,0.0,0.0,0.0,0.0,0.0,0.0,0.0,0.0,0.0,0.0,0.0,0.0,0.0,0.0,0.0,0.0,0.0,0.0,0.0,0.0,0.0,0.0,0.0,0.0,0.0,0.0,0.0,0.0,0.0,0.0,0.0,0.0,0.0,0.0,0.0,0.0,0.0,0.0,0.0,0.0,0.0,0.0,0.0,0.0,0.0,0.0,0.0,0.0,0.0,0.0,0.0,0.0,0.0,0.0,0.0,0.0,0.0,0.0,0.0,0.0,0.0,0.0,0.0,0.0,0.0,0.0,0.0,0.0,0.0,0.0,0.0,0.0,0.0,0.0,0.0,0.0,0.0,0.0,0.0,0.0,0.0,0.0,0.0,0.0,0.0,0.0,0.0,0.0,0.0,0.0,0.0,0.0,0.0,0.0,0.0,0.0,0.0,0.0,0.0,0.0,0.0,0.0,0.0,0.0,0.0,0.0,0.0,0.0,0.0,0.0,0.0,0.0,0.0,0.0,0.0,0.0,0.0,0.0,0.0,0.0,0.0,0.0,0.0,0.0,0.0,0.0,0.0,0.0,0.0,0.0,0.0,0.0,0.0,0.0,0.0,0.0,0.0,0.0,0.0,0.0,0.0,0.0,0.0,0.0,0.0,0.0,0.0,0.0,0.0,0.0",4.6,47643.03125,984223.2890625,8684.2548828125,110835.93017578125,11.81298828125
1791365045.7016401,individual_n32_vmnos8_r5:confirmation,2.7,"7.5,11.2,5.7,5.7,6.7,8.6,4.7,2.8,4.7,7.4,3.8,5.6,5.7,10.6,12.5,2.9,8.5,4.7,2.8,17.3,6.7,0.0,17.3,6.9,3.9,6.7,9.5,7.3,2.8,3.8,38.3,6.5,0.9,0.0,16.2,8.6,5.6,10.5,7.6,5.8,4.6,0.9,6.6,3.7,4.7,2.9,7.5,0.9,4.8,4.6,3.9,15.4,6.8,2.9,4.9,2.8,5.7,3.7,5.8,6.6,4.8,8.5,7.5,8.5,2.9,6.6,5.7,6.6,0.0,0.0,0.0,0.0,0.0,0.0,0.0,0.0,0.0,0.0,0.0,0.0,0.0,0.0,0.0,0.0,4.0,0.0,0.0,0.0,0.9,0.0,0.0,0.0,0.0,0.0,0.0,0.0,0.0,0.0,91.6,21.0,70.5,28.8,0.0,0.0,0.0,0.0,0.0,0.0,0.0,0.0,0.0,0.0,0.0,0.0,0.0,0.0,0.0,0.0,0.0,0.0,0.0,0.0,0.0,0.0,0.0,0.0,0.0,0.0,0.0,0.0,0.0,0.0,0.0,0.0,0.0,0.0,0.0,0.0,0.0,0.0,0.0,0.0,0.0,0.0,0.0,0.0,0.0,0.0,0.0,0.0,0.0,0.0,0.0,0.0,0.0,0.0,0.0,0.0,0.0,0.0,0.0,0.0,0.0,0.0,0.0,0.0,0.0,0.0,0.0,0.0,0.0,0.0,0.0,0.0,0.0,0.0,0.0,0.0,0.0,0.0,0.9,0.0,0.0,0.0,0.0,0.0,0.0,0.0,0.0,0.0,0.0,0.0,0.0,0.0,0.0,0.0,0.0,0.0,0.0,0.0,0.0,0.0,0.0,0.0,0.0,0.0,0.0,0.0,0.0,0.0,0.0,0.0,0.0,0.0,0.0,0.0,0.0,0.0,0.0,0.0,0.0,0.0,0.0,0.0,0.0,0.0,0.0,0.0,0.0,0.0,0.0,0.0,0.0,0.0,0.0,0.0,0.0,0.0,0.0,0.0,0.0,0.0,0.0,0.0,0.0,0.0,0.0,0.0,0.0,0.0,0.0,0.0,0.0,0.0,0.0",4.5,46519.77734375,985346.54296875,8684.2548828125,110835.93017578125,11.26708984375
1791365046.7300122,individual_n32_vmnos8_r5:confirmation,3.6,"16.7,14.0,24.8,24.0,16.3,23.5,15.7,9.8,14.4,15.4,21.0,6.9,6.8,5.8,13.7,13.3,17.5,5.0,8.6,5.0,4.9,24.8,17.6,4.1,4.0,20.4,14.0,5.0,20.8,8.1,1.9,0.0,0.0,0.0,5.0,10.9,9.7,6.0,24.8,7.2,6.9,7.8,3.0,5.0,21.6,11.9,16.2,7.8,3.9,3.0,7.9,6.9,6.0,8.9,20.0,7.0,3.9,16.5,3.9,19.4,6.9,4.9,29.7,28.4,17.3,9.5,28.6,27.5,0.0,0.0,0.0,0.0,0.0,0.0,0.0,0.0,0.0,0.0,0.0,0.0,0.0,0.0,0.0,0.0,2.1,0.0,0.0,0.0,0.0,0.0,0.0,0.0,0.0,0.0,0.0,0.0,0.0,0.0,48.1,3.9,77.1,6.8,0.0,0.0,0.0,0.0,0.0,0.0,0.0,0.0,0.0,0.0,0.0,0.0,0.0,0.0,0.0,0.0,0.0,0.0,0.0,0.0,0.0,0.0,0.0,0.0,0.0,0.0,0.0,0.0,0.0,0.0,0.0,0.0,0.0,0.0,0.0,0.0,0.0,0.0,0.0,0.0,0.0,0.0,0.0,0.0,0.0,0.0,0.0,0.0,0.0,0.0,0.0,0.0,0.0,0.0,0.0,0.0,0.0,0.0,0.0,0.0,0.0,0.0,0.0,0.0,0.0,0.0,0.0,0.0,0.0,0.0,0.0,0.0,0.0,0.0,1.0,0.0,0.0,0.0,0.0,0.0,0.0,0.0,0.0,0.0,0.0,0.0,0.0,0.0,0.0,0.0,0.0,0.0,0.0,0.0,0.0,0.0,0.0,0.0,0.0,0.0,0.0,0.0,0.0,0.0,0.0,0.0,0.0,0.0,0.0,0.0,0.0,0.0,0.0,0.0,0.0,0.0,0.0,0.0,0.0,0.0,0.0,0.0,0.0,0.0,0.0,0.0,0.0,0.0,0.0,0.0,0.0,0.0,0.0,0.0,0.0,0.0,0.0,0.0,0.0,0.0,0.0,0.0,0.0,0.0,0.0,0.0,0.0,0.0,0.0,0.0,0.0,0.0,0.0",4.5,46489.921875,985376.3984375,8684.2548828125,110838.80517578125,11.26708984375
1791365047.8027072,idle,2.2,"12.5,1.0,7.7,1.9,13.2,0.0,7.8,6.7,2.0,1.9,1.9,10.6,2.9,1.0,1.9,4.9,3.8,4.8,1.9,5.8,10.7,7.7,13.5,11.7,1.0,6.7,12.6,5.0,5.8,6.8,0.0,0.0,0.0,0.0,5.0,8.6,1.9,3.8,4.8,18.1,1.0,6.7,6.7,10.6,27.0,1.9,2.9,3.8,3.8,9.6,6.9,9.5,3.8,5.7,11.7,5.8,1.9,11.5,4.9,1.9,3.9,5.8,6.9,5.8,6.7,2.9,9.7,9.6,0.0,0.0,0.0,0.0,0.0,0.0,0.0,0.0,0.0,0.0,0.0,0.0,0.0,0.0,0.0,0.0,1.0,0.0,0.0,0.0,0.0,0.0,0.0,0.0,0.0,0.0,0.0,0.0,0.0,0.0,31.7,31.4,66.0,20.2,0.0,0.0,0.0,0.0,0.0,0.0,0.0,0.0,0.0,0.0,0.0,0.0,0.0,0.0,0.0,0.0,0.0,0.0,0.0,0.0,0.0,0.0,0.0,0.0,0.0,0.0,0.0,0.0,0.0,0.0,0.0,0.0,0.0,0.0,0.0,0.0,0.0,0.0,0.0,0.0,0.0,0.0,0.0,0.0,0.0,0.0,0.0,0.0,0.0,0.0,0.0,0.0,0.0,0.0,0.0,0.0,0.0,0.0,0.0,0.0,0.0,0.0,0.0,0.0,0.0,0.0,0.0,0.0,0.0,0.0,0.0,0.0,0.0,0.0,0.0,0.0,0.0,0.0,0.0,0.0,0.0,0.0,0.0,0.0,0.0,0.0,0.0,0.0,0.0,0.0,0.0,0.0,0.0,0.0,0.0,0.0,0.0,0.0,0.0,0.0,0.0,0.0,0.0,0.0,0.0,0.0,0.0,0.0,0.0,0.0,0.0,0.0,0.0,0.0,0.0,0.0,0.0,0.0,0.0,0.0,0.0,0.0,0.0,0.0,0.0,0.0,0.0,0.0,0.0,0.0,0.0,0.0,0.0,0.0,0.0,0.0,0.0,0.0,0.0,0.0,0.0,0.0,0.0,0.0,0.0,0.0,0.0,0.0,0.0,0.0,0.0,0.0,0.0",4.5,46450.125,985416.1953125,8684.2548828125,110838.80517578125,11.26708984375
1791365048.8414795,idle,3.7,"16.3,9.2,11.9,11.7,12.7,5.0,10.8,7.9,5.0,9.0,8.9,12.0,4.1,8.9,9.1,22.3,4.1,5.1,26.7,18.4,13.7,9.0,14.4,12.1,11.5,12.1,10.1,9.4,20.2,20.2,0.0,2.9,0.0,0.0,11.0,10.2,5.9,10.0,14.9,22.2,6.9,15.8,9.0,7.1,15.7,7.1,9.0,6.1,7.1,9.2,10.2,13.7,14.0,9.0,10.0,10.0,10.0,17.0,12.7,7.9,11.8,10.2,7.8,6.8,20.2,10.9,15.0,13.0,0.0,0.0,0.0,0.0,0.0,0.0,0.0,0.0,0.0,0.0,0.0,0.0,0.0,0.0,0.0,0.0,2.9,1.0,0.0,0.0,0.0,0.0,0.0,0.0,0.0,0.0,0.0,0.0,0.0,0.0,48.0,60.2,78.6,38.8,0.0,0.0,0.0,0.0,0.0,0.0,0.0,0.0,0.0,0.0,0.0,0.0,0.0,0.0,0.0,0.0,0.0,0.0,0.0,0.0,0.0,0.0,0.0,0.0,0.0,0.0,0.0,0.0,0.0,0.0,0.0,0.0,0.0,0.0,0.0,0.0,0.0,0.0,0.0,0.0,0.0,0.0,0.0,0.0,0.0,0.0,0.0,0.0,0.0,0.0,0.0,0.0,0.0,0.0,0.0,0.0,0.0,0.0,0.0,0.0,0.0,0.0,0.0,0.0,0.0,0.0,0.0,0.0,0.0,0.0,0.0,0.0,0.0,0.0,0.0,0.0,0.0,0.0,0.0,0.0,0.0,0.0,0.0,0.0,0.0,0.0,0.0,0.0,0.0,0.0,0.0,0.0,0.0,0.0,0.0,0.0,0.0,0.0,0.0,0.0,0.0,0.0,0.0,0.0,0.0,0.0,0.0,0.0,0.0,0.0,0.0,0.0,0.0,0.0,0.0,0.0,0.0,0.0,0.0,0.0,0.0,0.0,0.0,0.0,0.0,0.0,0.0,0.0,0.0,0.0,0.0,0.0,0.0,0.0,0.0,0.0,0.0,0.0,0.0,0.0,0.0,0.0,0.0,0.0,0.0,0.0,0.0,0.0,0.0,0.0,0.0,0.0,0.0",4.5,46699.4375,985166.8828125,8684.2548828125,110838.80517578125,11.26708984375
1791365049.8958967,idle,2.0,"6.7,3.9,0.0,4.8,3.8,2.9,1.9,1.0,0.0,1.0,3.8,4.7,1.0,3.8,0.0,1.9,10.8,1.9,5.7,1.9,10.8,1.0,6.7,11.8,6.7,1.9,3.8,5.7,17.6,9.6,1.0,1.0,0.0,0.0,4.9,11.4,12.4,1.0,3.0,2.9,0.0,5.8,1.0,10.6,8.5,6.7,6.8,2.9,2.9,1.9,6.6,1.0,5.7,4.8,5.8,2.9,1.0,8.6,7.8,1.0,16.5,1.9,0.0,1.0,6.9,0.0,4.0,3.8,0.0,0.0,0.0,0.0,0.0,0.0,0.0,0.0,0.0,0.0,0.0,0.0,0.0,0.0,0.0,0.0,1.0,0.0,0.0,0.0,0.0,0.0,0.0,0.0,0.0,0.0,0.0,0.0,0.0,0.0,41.3,7.7,99.1,62.5,0.0,0.0,0.9,0.9,0.0,0.0,0.0,0.0,0.0,0.0,0.0,0.0,0.0,0.0,0.0,0.0,0.0,0.0,0.0,0.0,0.0,0.0,0.0,0.0,0.0,0.0,0.0,0.0,0.0,0.0,0.0,0.0,0.0,0.0,0.0,0.0,0.0,0.0,0.0,0.0,0.0,0.0,0.0,0.0,0.0,0.0,0.0,0.0,0.0,0.0,0.0,0.0,0.0,0.0,0.0,0.0,0.0,0.0,0.0,0.0,0.0,0.0,0.0,0.0,0.0,0.0,0.0,0.0,0.0,0.0,0.0,0.0,0.0,0.0,0.0,0.0,0.0,0.0,0.0,0.0,0.0,0.0,0.0,0.0,0.0,0.0,0.0,0.0,0.0,0.0,0.0,0.0,0.0,0.0,0.0,0.0,0.0,0.0,0.0,0.0,0.0,0.0,0.0,0.0,0.0,0.0,0.0,0.0,0.0,0.0,0.0,0.0,0.0,0.0,0.0,0.0,0.0,0.0,0.0,0.0,0.0,0.0,0.0,0.0,0.0,0.0,0.0,0.0,0.0,0.0,0.0,0.0,0.0,0.0,0.0,0.0,0.0,0.0,0.0,0.0,0.0,0.0,0.0,0.0,0.0,0.0,0.0,0.0,0.0,0.0,0.0,0.0,0.0",4.6,47071.24609375,984795.07421875,8684.2548828125,110838.80517578125,11.7265625
1791365050.949271,idle,3.6,"12.1,16.7,7.9,14.4,11.9,6.9,11.7,10.7,6.9,4.8,5.8,10.0,8.7,17.6,11.9,6.9,18.6,12.6,6.7,5.9,9.6,9.8,14.7,14.3,15.8,12.9,8.2,16.0,12.0,23.8,0.0,0.0,0.0,0.0,9.2,20.0,17.1,10.0,12.5,7.0,6.9,16.5,10.9,10.9,7.0,10.6,15.7,11.0,3.9,7.7,5.1,11.8,11.4,9.9,10.9,8.6,3.9,10.9,14.9,8.6,9.8,8.7,6.9,11.7,20.6,10.9,13.7,17.2,0.0,0.0,0.0,0.0,0.0,0.0,0.0,0.0,0.0,0.0,0.0,0.0,0.0,0.0,0.0,0.0,0.0,0.0,0.0,0.0,0.0,0.0,0.0,0.0,0.0,0.0,0.0,0.0,0.0,0.0,96.2,38.1,72.9,9.5,0.0,0.0,0.0,0.0,0.0,0.0,0.0,0.0,0.0,0.0,0.0,0.0,0.0,0.0,0.0,0.0,0.0,0.0,0.0,0.0,0.0,0.0,0.0,0.0,0.0,0.0,0.0,0.0,0.0,0.0,0.0,0.0,0.0,0.0,0.0,0.0,0.0,0.0,0.0,0.0,0.0,0.0,0.0,0.0,0.0,0.0,0.0,0.0,0.0,0.0,0.0,0.0,0.0,0.0,0.0,0.0,0.0,0.0,0.0,0.0,0.0,0.0,0.0,0.0,0.0,0.0,0.0,0.0,0.0,0.0,0.0,0.0,0.0,0.0,0.0,0.0,0.0,0.0,0.0,0.0,0.0,0.0,0.0,0.0,0.0,0.0,0.0,0.0,0.0,0.0,0.0,0.0,0.0,0.0,0.0,0.0,0.0,0.0,0.0,0.0,0.0,0.0,0.0,0.0,0.0,0.0,0.0,0.0,0.0,0.0,0.0,0.0,0.0,0.0,0.0,0.0,0.0,0.0,0.0,0.0,0.0,0.0,0.0,0.0,0.0,0.0,0.0,0.0,0.0,0.0,0.0,0.0,0.0,0.0,0.0,0.0,0.0,0.0,0.0,0.0,0.0,0.0,0.0,0.0,0.0,0.0,0.0,0.0,0.0,0.0,0.0,0.0,0.0",4.5,46438.50390625,985427.81640625,8684.2548828125,110838.80517578125,11.7265625
1791365052.0006723,idle,1.9,"17.7,11.1,1.9,5.7,7.6,0.0,1.0,2.9,6.7,0.0,0.0,0.0,1.0,8.6,8.5,0.9,4.9,3.8,10.6,9.5,1.9,18.9,6.8,7.8,4.9,8.5,1.9,2.8,3.8,11.5,0.0,0.0,0.0,0.0,1.9,8.7,1.9,1.9,0.0,1.0,2.9,7.9,5.8,9.7,8.8,2.9,1.9,5.8,1.9,6.8,1.9,5.7,2.9,1.9,1.0,1.0,1.0,3.8,2.9,0.0,4.9,3.8,0.9,0.0,5.8,3.8,2.9,1.9,0.0,0.0,0.0,0.0,0.0,0.0,0.0,0.0,0.0,0.0,0.0,0.0,0.0,0.0,0.0,0.0,1.0,0.0,0.0,0.0,0.0,0.0,0.0,0.0,0.0,0.0,0.0,0.0,0.0,0.0,1.9,38.8,99.1,65.4,0.0,0.0,0.0,0.0,0.0,0.0,0.0,0.0,0.0,0.0,0.0,0.0,0.0,0.0,0.0,0.0,0.0,0.0,0.0,0.0,0.0,0.0,0.0,0.0,0.0,0.0,0.0,0.0,0.0,0.0,0.0,0.0,0.0,0.0,0.0,0.0,0.0,0.0,0.0,0.0,0.0,0.0,0.0,0.0,0.0,0.0,0.0,0.0,0.0,0.0,0.0,0.0,0.0,0.0,0.0,0.0,0.0,0.0,0.0,0.0,0.0,0.0,0.0,0.0,0.0,0.0,0.0,0.0,0.0,0.0,0.0,0.0,0.0,0.0,0.0,0.0,0.0,0.0,0.0,0.0,0.0,0.0,0.0,0.0,0.0,0.0,0.0,0.0,0.0,0.0,0.0,0.0,0.0,0.0,0.0,0.0,0.0,0.0,0.0,0.0,0.0,0.0,0.0,0.0,0.0,0.0,0.0,0.0,0.0,0.0,0.0,0.0,0.0,0.0,0.0,0.0,0.0,0.0,0.0,0.0,0.0,0.0,0.0,0.0,0.0,0.0,0.0,0.0,0.0,0.0,0.0,0.0,0.0,0.0,0.0,0.0,0.0,0.0,0.0,0.0,0.0,0.0,0.0,0.0,0.0,0.0,0.0,0.0,0.0,0.0,0.0,0.0,0.0",4.5,46500.54296875,985365.77734375,8684.2548828125,110841.05908203125,11.7265625
1791365053.076942,aggregate_n32_vmnos8_r5:confirmation,4.1,"12.0,12.1,12.7,9.8,12.7,10.8,12.7,12.0,11.7,4.8,8.0,8.9,13.2,9.8,6.8,11.7,20.2,10.9,19.2,9.1,14.0,13.1,13.5,12.7,7.7,24.5,11.7,12.9,12.7,16.5,0.0,4.8,0.0,0.0,7.8,15.2,13.6,12.6,16.5,10.8,10.9,11.7,9.0,12.0,15.3,21.8,8.3,12.0,7.0,18.8,10.9,10.9,10.0,6.9,11.7,11.0,11.4,9.9,8.8,9.9,13.7,11.1,11.5,12.6,28.8,17.2,12.2,19.4,0.0,0.0,0.0,0.0,0.0,0.0,0.0,0.0,0.0,0.0,0.0,0.0,0.0,0.0,0.9,0.0,3.9,0.0,0.0,0.0,0.0,0.0,0.0,0.0,0.0,0.0,0.0,0.0,0.0,0.0,41.0,63.8,99.1,67.0,0.0,0.0,0.0,0.0,0.0,0.0,0.0,0.0,0.0,0.0,0.0,0.0,0.0,0.0,0.0,0.0,0.0,0.0,0.0,0.0,0.0,0.0,0.0,0.0,0.0,0.0,0.0,0.0,0.0,0.0,0.0,0.0,0.0,0.0,0.0,0.0,0.0,0.0,0.0,0.0,0.0,0.0,0.0,0.0,0.0,0.0,0.0,0.0,0.0,0.0,0.0,0.0,0.0,0.0,0.0,0.0,0.0,0.0,0.0,0.0,0.0,0.0,0.0,0.0,0.0,0.0,0.0,0.0,0.0,0.0,0.0,0.0,0.0,0.0,0.0,0.0,0.0,0.0,0.0,0.0,0.0,0.0,0.0,0.0,0.0,0.0,0.0,0.0,0.0,0.0,0.0,0.0,0.0,0.0,0.0,0.0,0.0,0.0,0.0,0.0,0.0,0.0,0.0,0.0,0.0,0.0,0.0,0.0,0.0,0.0,0.0,0.0,0.0,0.0,0.0,0.0,0.0,0.0,0.0,0.0,0.0,0.0,0.0,0.0,0.0,0.0,0.0,0.0,0.0,0.0,0.0,0.0,0.0,0.0,0.0,0.0,0.0,0.0,0.0,0.0,0.0,0.0,0.0,0.0,0.0,0.0,0.0,0.0,0.0,0.0,0.0,0.0,0.0",4.5,46626.6171875,985239.703125,8684.2548828125,110841.05908203125,11.7265625
1791365054.1008365,aggregate_n32_vmnos8_r5:confirmation,1.8,"2.3,4.0,6.0,5.0,5.0,7.9,3.0,3.0,9.0,4.0,3.0,0.0,2.0,3.0,1.0,1.0,7.8,1.0,11.1,5.0,3.1,4.0,3.0,6.0,3.0,1.0,4.0,2.0,2.0,7.2,12.6,4.0,0.0,0.0,4.9,4.0,1.0,5.0,0.0,8.1,6.0,0.0,1.0,2.0,6.9,2.0,10.0,7.0,3.0,8.0,5.0,2.0,2.9,1.0,2.0,2.9,2.0,7.0,2.0,3.1,4.9,3.0,6.9,4.0,4.0,7.0,4.9,4.0,0.0,0.0,0.0,0.0,0.0,0.0,0.0,0.0,0.0,0.0,0.0,0.0,0.0,0.0,0.0,0.0,2.0,0.0,0.0,0.0,0.0,0.0,0.0,0.0,0.0,0.0,0.0,0.0,0.0,0.0,17.2,73.0,49.5,32.7,0.0,0.0,0.0,0.0,0.0,0.0,0.0,0.0,0.0,0.0,0.0,0.0,0.0,0.0,0.0,0.0,0.0,0.0,0.0,0.0,0.0,0.0,0.0,0.0,0.0,0.0,0.0,0.0,0.0,0.0,0.0,0.0,0.0,0.0,0.0,0.0,0.0,0.0,0.0,0.0,0.0,0.0,0.0,0.0,0.0,0.0,0.0,0.0,0.0,0.0,0.0,0.0,0.0,0.0,0.0,0.0,0.0,0.0,0.0,0.0,0.0,0.0,0.0,0.0,0.0,0.0,0.0,0.0,0.0,0.0,0.0,0.0,0.0,0.0,0.0,0.0,0.0,1.0,0.0,0.0,0.0,0.0,0.0,0.0,0.0,0.0,0.0,0.0,0.0,0.0,0.0,0.0,0.0,0.0,0.0,0.0,0.0,0.0,0.0,0.0,0.0,0.0,0.0,0.0,0.0,0.0,0.0,0.0,0.0,0.0,0.0,0.0,0.0,0.0,0.0,0.0,0.0,0.0,0.0,0.0,0.0,0.0,0.0,0.0,0.0,0.0,0.0,0.0,0.0,0.0,0.0,0.0,0.0,0.0,0.0,0.0,0.0,0.0,0.0,0.0,0.0,0.0,0.0,0.0,0.0,0.0,0.0,0.0,0.0,0.0,0.0,0.0,0.0",4.5,46448.15234375,985418.16796875,8684.2548828125,110841.05908203125,11.7265625
1791365055.1148531,aggregate_n32_vmnos8_r5:confirmation,2.4,"9.6,11.5,10.9,6.1,13.0,7.0,6.1,18.0,5.0,4.0,2.9,3.9,5.1,5.9,8.7,3.9,5.9,6.7,2.0,7.0,6.9,8.0,6.0,19.2,8.9,5.2,3.0,5.0,6.9,26.0,0.0,0.0,0.0,0.0,5.1,9.8,6.0,11.0,8.9,7.1,7.7,5.0,8.9,7.9,8.1,4.0,9.9,7.1,3.0,4.9,6.8,4.0,6.9,5.0,3.0,1.0,6.9,17.2,9.0,7.9,8.1,7.1,9.0,9.3,11.1,16.3,8.1,14.1,0.0,0.0,0.0,0.0,0.0,0.0,0.0,0.0,0.0,0.0,0.0,0.0,0.0,0.0,0.0,0.0,2.0,0.0,0.0,0.0,0.0,0.0,0.0,0.0,0.0,0.0,0.0,0.0,0.0,0.0,6.9,63.7,5.8,43.3,0.0,0.0,0.0,0.0,0.0,0.0,0.0,0.0,0.0,0.0,0.0,0.0,0.0,0.0,0.0,0.0,0.0,0.0,0.0,0.0,0.0,0.0,0.0,0.0,0.0,0.0,0.0,0.0,0.0,0.0,0.0,0.0,0.0,0.0,0.0,0.0,0.0,0.0,0.0,0.0,0.0,0.0,0.0,0.0,0.0,0.0,0.0,0.0,0.0,0.0,0.0,0.0,0.0,0.0,0.0,0.0,0.0,0.0,0.0,0.0,0.0,0.0,0.0,0.0,0.0,0.0,0.0,0.0,0.0,0.0,0.0,0.0,0.0,0.0,0.0,0.0,0.0,0.0,0.0,0.0,0.0,0.0,0.0,0.0,0.0,0.0,0.0,0.0,0.0,0.0,0.0,0.0,0.0,0.0,0.0,0.0,0.0,0.0,0.0,0.0,0.0,0.0,0.0,0.0,0.0,0.0,0.0,0.0,0.0,0.0,0.0,0.0,0.0,0.0,0.0,0.0,0.0,0.0,0.0,0.0,0.0,0.0,0.0,0.0,0.0,0.0,0.0,0.0,0.0,0.0,0.0,0.0,0.0,0.0,0.0,0.0,0.0,0.0,0.0,0.0,0.0,0.0,0.0,0.0,0.0,0.0,0.0,0.0,0.0,0.0,0.0,0.0,0.0",4.5,46565.66015625,985300.66015625,8684.2548828125,110841.05908203125,10.947265625
1791365056.1867995,aggregate_n32_vmnos8_r5:confirmation,2.9,"21.6,12.6,18.4,3.8,18.1,3.9,1.9,1.9,11.8,8.8,5.7,10.5,1.0,3.8,2.9,4.8,8.7,4.9,7.7,6.6,3.8,10.6,6.6,2.9,2.9,3.0,5.8,6.6,5.8,6.8,7.7,1.9,0.0,0.0,17.3,5.8,3.9,18.8,6.8,6.8,3.8,2.9,4.8,2.9,6.7,4.7,3.8,19.4,2.8,3.8,5.8,4.8,2.9,3.8,14.3,11.3,8.3,9.7,4.8,4.8,10.5,6.7,2.9,3.8,15.4,11.9,4.7,6.6,0.0,0.0,0.0,0.0,0.0,0.0,0.0,0.0,0.0,0.0,0.0,0.0,0.0,0.0,0.0,0.9,2.0,0.0,0.0,0.0,0.0,0.0,0.0,0.0,0.0,0.0,0.0,0.0,0.0,0.0,46.1,55.3,93.3,84.6,0.0,0.0,0.0,0.0,0.0,0.0,0.0,0.0,0.0,0.0,0.0,0.0,0.0,0.0,0.0,0.0,0.0,0.0,0.0,0.0,0.0,0.0,0.0,0.0,0.0,0.0,0.0,0.0,0.0,0.0,0.0,0.0,0.0,0.0,0.0,0.0,0.0,0.0,0.0,0.0,0.0,0.0,0.0,0.0,0.0,0.0,0.0,0.0,0.0,0.0,0.0,0.0,0.0,0.0,0.0,0.0,0.0,0.0,0.0,0.0,0.0,0.0,0.0,0.0,0.0,0.0,0.0,0.0,0.0,0.0,0.0,0.0,0.0,0.0,0.0,0.0,0.0,0.0,0.0,0.0,0.0,0.0,0.0,0.0,0.0,0.0,0.0,0.0,0.0,0.0,0.0,0.0,0.0,0.0,0.0,0.0,0.0,0.0,0.0,0.0,0.0,0.0,0.0,0.0,0.0,0.0,0.0,0.0,0.0,0.0,0.0,0.0,0.0,0.0,0.0,0.0,0.0,0.0,0.0,0.0,0.0,0.0,0.0,0.0,0.0,0.0,0.0,0.0,0.0,0.0,0.0,0.0,0.0,0.0,0.0,0.0,0.0,0.0,0.0,0.0,0.0,0.0,0.0,0.0,0.0,0.0,0.0,0.0,0.0,0.0,0.0,0.0,0.0",4.6,47094.76953125,984771.55078125,8684.2548828125,110841.48876953125,10.947265625
1791365057.206658,aggregate_n32_vmnos8_r5:confirmation,2.5,"23.7,24.2,19.0,3.0,5.0,2.0,0.0,2.0,24.0,3.9,15.2,18.6,2.0,1.0,10.0,1.0,6.9,19.0,20.2,1.0,4.2,4.0,1.0,1.0,3.0,2.0,2.0,5.2,5.0,3.0,1.9,0.0,0.0,0.0,18.2,6.9,8.8,10.9,9.1,8.1,3.9,4.0,2.0,5.0,27.0,5.0,12.0,5.9,2.0,4.0,3.9,4.0,2.0,2.0,2.0,24.5,5.1,10.2,6.1,4.9,1.0,3.0,2.0,5.1,4.2,24.8,9.2,5.9,0.0,0.0,0.0,0.0,0.0,0.0,0.0,0.0,0.0,0.0,0.0,0.0,0.0,0.0,0.0,0.0,0.0,0.0,0.0,0.0,0.0,0.0,0.0,0.0,0.0,0.0,0.0,0.0,0.0,0.0,39.8,45.5,32.4,27.7,0.0,0.0,0.0,0.0,0.0,0.0,0.0,0.0,0.0,0.0,0.0,0.0,0.0,0.0,0.0,0.0,0.0,0.0,0.0,0.0,0.0,0.0,0.0,0.0,0.0,0.0,0.0,0.0,0.0,0.0,0.0,0.0,0.0,0.0,0.0,0.0,0.0,0.0,0.0,0.0,0.0,0.0,0.0,0.0,0.0,0.0,0.0,0.0,0.0,0.0,0.0,0.0,0.0,0.0,0.0,0.0,0.0,0.0,0.0,0.0,0.0,0.0,0.0,0.0,0.0,0.0,0.0,0.0,0.0,0.0,0.0,2.0,0.0,0.0,0.0,0.0,0.0,0.0,0.0,0.0,0.0,0.0,0.0,0.0,0.0,0.0,0.0,0.0,0.0,0.0,0.0,0.0,0.0,0.0,0.0,0.0,0.0,0.0,0.0,0.0,0.0,0.0,0.0,0.0,0.0,0.0,0.0,0.0,0.0,0.0,0.0,0.0,0.0,0.0,0.0,0.0,0.0,0.0,0.0,0.0,0.0,0.0,0.0,0.0,0.0,0.0,0.0,0.0,0.0,0.0,0.0,0.0,0.0,0.0,0.0,0.0,0.0,0.0,0.0,0.0,0.0,0.0,0.0,0.0,0.0,0.0,0.0,0.0,0.0,0.0,0.0,0.0,0.0",4.5,46733.2734375,985133.046875,8684.2548828125,110842.96142578125,10.947265625
1791365058.2331545,aggregate_n32_vmnos8_r5:confirmation,2.3,"12.0,8.0,6.1,5.9,7.9,5.9,6.8,3.0,6.9,4.0,3.0,5.0,8.0,6.1,3.9,6.9,7.8,7.8,4.0,6.9,9.5,11.1,7.9,11.5,4.1,3.9,2.0,11.0,17.8,4.1,0.0,0.0,0.0,0.0,8.1,5.0,6.0,4.1,6.9,5.0,3.0,4.0,7.1,4.9,4.9,5.8,11.9,7.9,5.8,4.0,5.0,4.0,5.9,4.0,4.0,2.9,5.1,8.9,6.9,4.0,6.8,4.0,5.9,4.0,15.0,5.0,9.0,5.0,0.0,0.0,0.0,0.0,0.0,0.0,0.0,0.0,0.0,0.0,0.0,0.0,0.0,0.0,0.0,0.0,2.0,0.0,0.0,0.0,0.0,0.0,0.0,0.0,0.0,0.0,0.0,0.0,0.0,0.0,44.6,70.3,45.5,22.3,0.0,0.0,0.0,0.0,0.0,0.0,0.0,0.0,0.0,0.0,0.0,0.0,0.0,0.0,0.0,0.0,0.0,0.0,0.0,0.0,0.0,0.0,0.0,0.0,0.0,0.0,0.0,0.0,0.0,0.0,0.0,0.0,0.0,0.0,0.0,0.0,0.0,0.0,0.0,0.0,0.0,0.0,0.0,0.0,0.0,0.0,0.0,0.0,0.0,0.0,0.0,0.0,0.0,0.0,0.0,0.0,0.0,0.0,0.0,0.0,0.0,0.0,0.0,0.0,0.0,0.0,0.0,0.0,0.0,0.0,0.0,0.0,0.0,0.0,0.0,0.0,0.0,0.0,0.0,0.0,0.0,0.0,0.0,0.0,0.0,0.0,0.0,0.0,0.0,0.0,0.0,0.0,0.0,0.0,0.0,0.0,0.0,0.0,0.0,0.0,0.0,0.0,0.0,0.0,0.0,0.0,0.0,0.0,0.0,0.0,0.0,0.0,0.0,0.0,0.0,0.0,0.0,0.0,0.0,0.0,0.0,0.0,0.0,0.0,0.0,0.0,0.0,0.0,0.0,0.0,0.0,0.0,0.0,1.0,0.0,0.0,0.0,0.0,0.0,0.0,0.0,0.0,0.0,0.0,0.0,0.0,0.0,0.0,0.0,0.0,0.0,0.0,0.0",4.6,47036.58984375,984829.73046875,8684.2548828125,110842.96142578125,10.947265625
1791365059.254231,aggregate_n32_vmnos8_r5:confirmation,2.1,"6.7,5.9,6.8,6.8,5.8,2.0,0.0,2.9,3.8,5.1,2.9,14.7,1.0,2.9,0.0,2.0,2.0,2.0,1.0,5.8,8.7,8.8,9.7,6.0,4.0,1.9,1.9,7.2,17.8,4.9,0.0,0.0,0.0,0.0,2.9,11.5,2.0,7.8,4.8,7.9,1.0,3.9,2.0,6.9,6.9,3.0,6.9,5.0,3.9,4.9,2.9,5.8,4.0,2.0,2.9,5.8,3.0,7.9,4.9,2.9,1.0,4.9,4.9,5.8,19.2,3.0,6.8,4.8,0.0,0.0,0.0,0.0,0.0,0.0,0.0,0.0,0.0,0.0,0.0,0.0,0.0,0.0,0.0,0.0,1.0,0.0,0.0,0.0,0.0,0.0,0.0,0.0,0.0,0.0,0.0,0.0,0.0,0.0,65.4,100.0,32.0,7.8,0.0,0.0,0.0,0.0,0.0,0.0,0.0,0.0,0.0,0.0,0.0,0.0,0.0,0.0,0.0,0.0,0.0,0.0,0.0,0.0,0.0,0.0,0.0,0.0,0.0,0.0,0.0,0.0,0.0,0.0,0.0,0.0,0.0,0.0,0.0,0.0,0.0,0.0,0.0,0.0,0.0,0.0,0.0,0.0,0.0,0.0,0.0,0.0,0.0,0.0,0.0,0.0,0.0,0.0,0.0,0.0,0.0,0.0,0.0,0.0,0.0,0.0,0.0,0.0,0.0,0.0,0.0,0.0,0.0,0.0,0.0,0.0,0.0,0.0,0.0,0.0,0.0,0.0,0.0,0.0,0.0,0.0,0.0,0.0,0.0,0.0,0.0,0.0,0.0,0.0,0.0,0.0,0.0,0.0,0.0,0.0,0.0,0.0,0.0,0.0,0.0,0.0,0.0,0.0,0.0,0.0,0.0,0.0,0.0,0.0,0.0,0.0,0.0,0.0,0.0,0.0,0.0,0.0,0.0,0.0,0.0,0.0,0.0,0.0,0.0,0.0,0.0,0.0,0.0,0.0,0.0,0.0,0.0,0.0,0.0,0.0,0.0,0.0,0.0,0.0,0.0,0.0,0.0,0.0,0.0,0.0,0.0,0.0,0.0,0.0,0.0,0.0,0.0",4.6,47104.57421875,984761.74609375,8684.2548828125,110842.96142578125,10.947265625
1791365060.3122656,aggregate_n32_vmnos8_r5:confirmation,2.9,"7.8,5.0,7.1,10.1,5.9,12.7,5.8,4.0,10.3,9.0,11.1,6.2,5.1,5.1,11.0,7.1,3.9,4.1,5.9,6.1,6.1,11.0,9.2,7.1,10.2,8.2,10.0,16.3,8.9,11.1,7.8,1.9,0.0,0.0,11.9,6.2,8.1,7.0,7.1,6.9,6.9,12.2,8.1,12.0,8.0,3.0,6.1,9.8,9.9,10.0,7.0,6.1,13.0,10.0,10.2,8.1,7.0,13.9,6.0,4.0,3.1,4.0,5.1,5.1,7.9,10.0,10.1,11.2,0.0,0.0,0.0,0.0,0.0,0.0,0.0,0.0,0.0,0.0,0.0,0.0,0.0,0.0,0.0,0.0,1.0,0.0,0.0,0.0,0.0,0.0,0.0,0.0,0.0,0.0,0.0,0.0,0.0,0.0,89.2,50.5,49.5,27.3,0.0,0.0,0.0,0.0,0.0,0.0,0.0,0.0,0.0,0.0,0.0,0.0,0.0,0.0,0.0,0.0,0.0,0.0,0.0,0.0,0.0,0.0,0.0,0.0,0.0,0.0,0.0,0.0,0.0,0.0,0.0,0.0,0.0,0.0,0.0,0.0,0.0,0.0,0.0,0.0,0.0,0.0,0.0,0.0,0.0,0.0,0.0,0.0,0.0,0.0,0.0,0.0,0.0,0.0,0.0,0.0,0.0,0.0,0.0,0.0,0.0,0.0,0.0,0.0,0.0,0.0,0.0,0.0,0.0,0.0,0.0,0.0,0.0,0.0,0.0,0.0,0.0,0.0,0.0,0.0,0.0,0.0,0.0,0.0,0.0,0.0,0.0,0.0,0.0,0.0,0.0,0.0,0.0,0.0,0.0,0.0,0.0,0.0,0.0,0.0,0.0,0.0,0.0,0.0,0.0,0.0,0.0,0.0,0.0,0.0,0.0,0.0,0.0,0.0,0.0,0.0,0.0,0.0,0.0,0.0,0.0,0.0,0.0,0.0,0.0,0.0,0.0,0.0,0.0,0.0,0.0,0.0,0.0,0.0,0.0,0.0,0.0,0.0,0.0,0.0,0.0,0.0,0.0,0.0,0.0,0.0,0.0,0.0,0.0,0.0,0.0,0.0,0.0",4.6,47352.38671875,984513.93359375,8684.2548828125,110842.96142578125,10.630859375
1791365061.3313124,aggregate_n32_vmnos8_r5:confirmation,2.1,"9.1,4.2,3.0,2.9,3.0,5.0,1.0,6.9,4.9,1.0,5.9,1.0,4.0,3.0,2.0,3.0,1.0,14.0,2.0,2.0,4.9,4.0,1.0,2.0,5.0,6.1,6.2,1.0,4.0,2.0,0.0,1.0,0.0,0.0,2.9,6.9,4.3,4.1,5.9,3.0,0.0,2.0,3.0,7.9,10.0,4.9,5.9,0.0,2.0,3.9,6.1,1.0,5.0,3.0,6.9,2.1,2.0,9.0,2.9,1.0,2.0,1.0,4.9,1.0,12.2,10.9,4.0,3.0,0.0,0.0,0.0,0.0,0.0,0.0,0.0,0.0,0.0,0.0,0.0,0.0,0.0,0.0,0.0,0.0,3.0,1.0,0.0,0.0,0.0,0.0,0.0,0.0,0.0,0.0,0.0,0.0,0.0,0.0,69.7,94.0,67.0,45.9,0.0,0.0,0.0,0.0,0.0,0.0,0.0,0.0,0.0,0.0,0.0,0.0,0.0,0.0,0.0,0.0,0.0,0.0,0.0,0.0,0.0,0.0,0.0,0.0,0.0,0.0,0.0,0.0,0.0,0.0,0.0,0.0,0.0,0.0,0.0,0.0,0.0,0.0,0.0,0.0,0.0,0.0,0.0,0.0,0.0,0.0,0.0,0.0,0.0,0.0,0.0,0.0,0.0,0.0,0.0,0.0,0.0,0.0,0.0,0.0,0.0,0.0,0.0,0.0,0.0,0.0,0.0,0.0,0.0,0.0,0.0,1.0,0.0,0.0,0.0,0.0,0.0,0.0,0.0,0.0,0.0,0.0,0.0,0.0,0.0,0.0,0.0,0.0,0.0,0.0,0.0,0.0,0.0,0.0,0.0,0.0,0.0,0.0,0.0,0.0,0.0,0.0,0.0,0.0,0.0,0.0,0.0,0.0,0.0,0.0,0.0,0.0,0.0,0.0,0.0,0.0,0.0,0.0,0.0,0.0,0.0,0.0,0.0,0.0,0.0,0.0,0.0,0.0,0.0,0.0,0.0,0.0,0.0,0.0,0.0,0.0,0.0,0.0,0.0,0.0,0.0,0.0,0.0,0.0,0.0,0.0,0.0,0.0,0.0,0.0,0.0,0.0,0.0",4.5,46775.62109375,985090.69921875,8684.2548828125,110844.61376953125,10.630859375
1791365062.3557315,aggregate_n32_vmnos8_r5:confirmation,3.1,"12.1,11.2,15.5,9.2,9.7,12.2,9.1,11.2,9.0,11.1,8.1,9.3,7.1,7.1,13.1,10.2,6.1,7.2,8.0,7.9,13.0,8.1,9.2,9.6,12.0,10.3,11.3,6.1,8.0,11.0,0.0,0.0,0.0,0.0,11.1,12.0,13.4,11.2,14.4,7.2,7.9,5.2,10.1,11.1,11.3,7.2,13.1,7.9,15.3,9.2,11.2,9.1,11.8,17.2,7.1,9.4,10.9,10.1,8.2,9.9,8.1,10.0,12.1,8.9,13.5,16.5,16.7,9.3,0.0,0.0,0.0,0.0,0.0,0.0,0.0,0.0,0.0,0.0,0.0,0.0,0.0,0.0,0.0,0.0,5.1,0.0,0.0,0.0,0.0,0.0,0.0,0.0,0.0,0.0,0.0,0.0,0.0,0.0,24.0,38.4,80.2,4.0,0.0,0.0,0.0,0.0,0.0,0.0,0.0,0.0,0.0,0.0,0.0,0.0,0.0,0.0,0.0,0.0,0.0,0.0,0.0,0.0,0.0,0.0,0.0,0.0,0.0,0.0,0.0,0.0,0.0,0.0,0.0,0.0,0.0,0.0,0.0,0.0,0.0,0.0,0.0,0.0,0.0,0.0,0.0,0.0,0.0,0.0,0.0,0.0,0.0,0.0,0.0,0.0,0.0,0.0,0.0,0.0,0.0,0.0,0.0,0.0,0.0,0.0,0.0,0.0,0.0,1.0,0.0,0.0,0.0,0.0,0.0,0.0,0.0,0.0,0.0,0.0,0.0,0.0,0.0,0.0,0.0,0.0,0.0,0.0,0.0,0.0,0.0,0.0,0.0,0.0,0.0,0.0,0.0,0.0,0.0,0.0,0.0,0.0,0.0,0.0,0.0,0.0,0.0,0.0,0.0,0.0,0.0,0.0,0.0,0.0,0.0,0.0,0.0,0.0,0.0,0.0,0.0,0.0,0.0,0.0,0.0,0.0,0.0,0.0,0.0,0.0,0.0,0.0,0.0,0.0,0.0,0.0,0.0,0.0,0.0,0.0,0.0,0.0,0.0,0.0,0.0,0.0,0.0,0.0,0.0,0.0,0.0,0.0,0.0,0.0,0.0,0.0,0.0",4.5,46777.4453125,985088.875,8684.2548828125,110844.61376953125,10.630859375
1791365063.37672,aggregate_n32_vmnos8_r5:confirmation,4.5,"31.5,18.2,17.0,17.6,15.8,22.5,17.8,14.1,20.0,20.0,8.9,4.0,1.0,3.0,2.0,4.9,18.6,17.0,1.0,16.7,4.0,7.8,17.0,10.9,17.8,2.0,4.0,4.1,17.8,5.0,0.0,1.0,0.0,0.0,54.0,24.5,16.8,17.0,18.4,16.8,8.7,4.9,5.0,19.8,6.9,9.2,20.0,18.0,20.0,15.5,18.4,22.0,20.2,2.0,16.2,17.2,15.8,25.7,25.0,17.8,17.6,14.7,28.4,19.6,22.0,23.5,23.8,25.0,0.0,0.0,0.0,0.0,0.0,0.0,0.0,0.0,0.0,0.0,0.0,0.0,0.0,0.0,0.0,0.0,2.0,0.0,0.0,0.0,0.0,0.0,0.0,0.0,0.0,0.0,0.0,0.0,0.0,0.0,33.3,38.0,67.0,32.7,0.0,0.0,0.0,0.0,0.0,0.0,0.0,0.0,0.0,0.0,0.0,0.0,0.0,0.0,0.0,0.0,0.0,0.0,0.0,0.0,0.0,0.0,0.0,0.0,0.0,0.0,0.0,0.0,0.0,0.0,0.0,0.0,0.0,0.0,0.0,0.0,0.0,0.0,0.0,0.0,0.0,0.0,0.0,0.0,0.0,0.0,0.0,0.0,0.0,0.0,0.0,0.0,0.0,0.0,0.0,0.0,0.0,0.0,0.0,0.0,0.0,0.0,0.0,0.0,0.0,0.0,0.0,0.0,0.0,0.0,0.0,0.0,0.0,0.0,0.0,0.0,0.0,0.0,0.0,0.0,0.0,0.0,0.0,0.0,0.0,0.0,0.0,0.0,0.0,0.0,0.0,0.0,0.0,0.0,0.0,0.0,0.0,0.0,0.0,0.0,0.0,0.0,0.0,0.0,0.0,0.0,0.0,0.0,0.0,0.0,0.0,0.0,0.0,0.0,0.0,0.0,0.0,0.0,0.0,0.0,0.0,0.0,0.0,0.0,0.0,0.0,0.0,0.0,0.0,0.0,0.0,0.0,0.0,0.0,0.0,0.0,0.0,0.0,0.0,0.0,0.0,0.0,0.0,0.0,0.0,0.0,0.0,0.0,0.0,0.0,0.0,0.0,0.0",4.5,46937.48828125,984928.83203125,8684.2548828125,110844.61376953125,10.630859375
1791365064.3990872,aggregate_n32_vmnos8_r5:confirmation,3.6,"10.6,10.3,6.2,6.1,12.0,14.1,10.1,9.0,16.5,14.0,10.0,10.1,12.0,12.1,10.2,11.3,8.2,12.2,10.1,10.1,13.3,10.3,7.1,10.3,9.3,10.4,14.4,8.3,12.4,13.5,0.0,5.9,0.0,0.0,7.0,11.1,7.2,12.1,8.4,10.1,12.4,7.1,9.3,10.1,6.3,10.4,14.4,13.0,9.0,10.1,12.0,11.2,10.5,14.0,11.0,16.2,8.2,16.8,10.2,10.2,10.2,10.0,10.1,14.3,15.2,10.2,14.3,12.4,0.0,0.0,0.0,0.0,0.0,0.0,0.0,0.0,0.0,0.0,0.0,0.0,0.0,0.0,0.0,0.0,2.1,0.0,0.0,0.0,0.0,0.0,0.0,0.0,0.0,0.0,0.0,0.0,0.0,0.0,75.5,36.7,43.3,81.2,0.0,0.0,0.0,0.0,0.0,0.0,0.0,0.0,0.0,0.0,0.0,0.0,0.0,0.0,0.0,0.0,0.0,0.0,0.0,0.0,0.0,0.0,0.0,0.0,0.0,0.0,0.0,0.0,0.0,0.0,0.0,0.0,0.0,0.0,0.0,0.0,0.0,0.0,0.0,0.0,0.0,0.0,0.0,0.0,0.0,0.0,0.0,0.0,0.0,0.0,0.0,0.0,0.0,0.0,0.0,0.0,0.0,0.0,0.0,0.0,0.0,0.0,0.0,0.0,0.0,0.0,0.0,0.0,0.0,0.0,0.0,0.0,0.0,0.0,0.0,0.0,0.0,0.0,0.0,0.0,0.0,0.0,0.0,0.0,0.0,0.0,0.0,0.0,0.0,0.0,0.0,0.0,0.0,0.0,0.0,0.0,0.0,0.0,0.0,0.0,0.0,0.0,0.0,0.0,0.0,0.0,0.0,0.0,0.0,0.0,0.0,0.0,0.0,0.0,0.0,0.0,0.0,0.0,0.0,0.0,0.0,0.0,0.0,0.0,0.0,0.0,0.0,0.0,0.0,0.0,0.0,0.0,0.0,0.0,0.0,0.0,0.0,0.0,0.0,0.0,0.0,0.0,0.0,0.0,0.0,0.0,0.0,0.0,0.0,0.0,0.0,0.0,0.0",4.5,46772.33984375,985093.98046875,8684.2548828125,110844.61376953125,10.630859375
1791365065.4230075,aggregate_n32_vmnos8_r5:confirmation,1.4,"4.4,5.0,1.9,2.0,1.9,5.9,0.0,1.0,4.0,5.0,1.0,5.9,2.9,0.0,1.0,4.0,0.0,0.0,0.0,2.0,9.9,3.0,2.0,1.0,2.9,0.0,2.0,3.0,3.9,12.9,0.0,2.0,0.0,0.0,1.0,4.0,0.0,5.1,5.9,2.0,0.0,2.0,5.1,6.8,4.9,3.9,2.9,1.0,1.0,0.0,0.0,0.0,0.0,2.0,1.0,2.0,1.0,10.8,6.1,3.9,1.0,0.0,2.0,1.0,4.9,1.0,1.0,5.0,0.0,0.0,0.0,0.0,0.0,0.0,0.0,0.0,0.0,0.0,0.0,0.0,0.0,0.0,0.0,0.0,2.2,0.0,0.0,0.0,0.0,0.0,0.0,0.0,0.0,0.0,0.0,0.0,0.0,0.0,51.5,65.0,39.4,10.0,0.0,0.0,0.0,0.0,0.0,0.0,0.0,0.0,0.0,0.0,0.0,0.0,0.0,0.0,0.0,0.0,0.0,0.0,0.0,0.0,0.0,0.0,0.0,0.0,0.0,0.0,0.0,0.0,0.0,0.0,0.0,0.0,0.0,0.0,0.0,0.0,0.0,0.0,0.0,0.0,0.0,0.0,0.0,0.0,0.0,0.0,0.0,0.0,0.0,0.0,0.0,0.0,0.0,0.0,0.0,0.0,0.0,0.0,0.0,0.0,0.0,0.0,0.0,0.0,0.0,0.0,0.0,0.0,0.0,0.0,0.0,0.0,0.0,0.0,0.0,0.0,0.0,0.0,0.0,0.0,0.0,0.0,0.0,0.0,0.0,0.0,0.0,0.0,0.0,0.0,0.0,0.0,0.0,0.0,0.0,0.0,0.0,0.0,0.0,0.0,0.0,0.0,0.0,0.0,0.0,0.0,0.0,0.0,0.0,0.0,0.0,0.0,0.0,0.0,0.0,0.0,0.0,0.0,0.0,0.0,0.0,0.0,0.0,0.0,0.0,0.0,0.0,0.0,0.0,0.0,0.0,0.0,0.0,0.0,0.0,0.0,0.0,0.0,0.0,0.0,0.0,0.0,0.0,0.0,0.0,0.0,0.0,0.0,0.0,0.0,0.0,0.0,0.0",4.5,46776.50390625,985089.81640625,8684.2548828125,110844.61376953125,9.859375
1791365066.4494283,aggregate_n32_vmnos8_r5:confirmation,3.0,"12.9,9.0,11.9,7.0,5.9,11.5,12.5,8.7,10.0,12.9,7.0,11.0,16.8,9.7,7.8,6.1,13.7,10.0,7.8,8.0,10.8,9.8,9.8,6.1,11.8,9.7,7.9,12.4,6.8,13.7,0.0,0.0,0.0,0.0,12.9,11.1,9.0,12.9,12.7,13.9,6.9,9.0,9.8,9.9,7.0,12.5,7.9,7.0,8.7,5.9,5.8,5.0,7.8,11.8,11.9,8.8,13.9,7.9,7.9,12.7,6.9,6.9,7.9,7.0,11.9,12.4,10.9,12.7,0.0,0.0,0.0,0.0,0.0,0.0,0.0,0.0,0.0,0.0,0.0,0.0,0.0,0.9,0.0,0.0,4.0,0.0,0.0,0.0,0.0,0.0,0.0,0.0,0.0,0.0,0.0,0.0,0.0,0.0,57.7,59.6,46.2,1.0,0.0,0.0,0.0,0.0,0.0,0.0,0.0,0.0,0.0,0.0,0.0,0.0,0.0,0.0,0.0,0.0,0.0,0.0,0.0,0.0,0.0,0.0,0.0,0.0,0.0,0.0,0.0,0.0,0.0,0.0,0.0,0.0,0.0,0.0,0.0,0.0,0.0,0.0,0.0,0.0,0.0,0.0,0.0,0.0,0.0,0.0,0.0,0.0,0.0,0.0,0.0,0.0,0.0,0.0,0.0,0.0,0.0,0.0,0.0,0.0,0.0,0.0,0.0,0.0,0.0,0.0,0.0,0.0,0.0,0.0,0.0,0.0,0.0,0.0,0.0,0.0,0.0,0.0,0.0,0.0,0.0,0.0,0.0,0.0,0.0,0.0,0.0,0.0,0.0,0.0,0.0,0.0,0.0,0.0,0.0,0.0,0.0,0.0,0.0,0.0,0.0,0.0,0.0,0.0,0.0,0.0,0.0,0.0,0.0,0.0,0.0,0.0,0.0,0.0,0.0,0.0,0.0,0.0,0.0,0.0,0.0,0.0,0.0,0.0,0.0,0.0,0.0,0.0,0.0,0.0,0.0,0.0,0.0,0.0,0.0,0.0,0.0,0.0,0.0,0.0,0.0,0.0,0.0,0.0,0.0,0.0,0.0,0.0,0.0,0.0,0.0,0.0,0.0",4.6,47084.34375,984781.9765625,8684.2548828125,110846.71142578125,9.859375
1791365067.5020816,aggregate_n32_vmnos8_r5:confirmation,1.8,"2.3,5.0,6.9,3.0,1.0,1.0,0.0,1.0,1.0,2.0,4.0,1.0,0.0,1.0,1.0,2.0,6.9,1.0,0.0,0.0,7.8,1.0,1.9,3.0,1.0,1.0,2.9,3.0,2.9,1.0,0.0,1.9,0.0,0.0,2.0,9.0,4.0,8.0,7.0,2.0,0.0,2.0,17.8,9.0,0.0,1.0,1.0,1.0,1.9,2.0,1.0,1.0,2.0,1.0,1.9,0.0,7.7,8.9,2.0,1.0,2.0,2.0,4.9,2.9,7.9,2.0,4.0,1.0,0.0,0.0,0.0,0.0,0.0,0.0,0.0,0.0,0.0,0.0,0.0,0.0,0.0,0.0,0.0,0.0,3.1,0.0,0.0,0.0,0.0,0.0,0.0,0.0,0.0,0.0,0.0,0.0,0.0,0.0,45.1,82.2,98.0,27.3,0.0,0.0,0.0,0.0,0.0,0.0,0.0,0.0,0.0,0.0,0.0,0.0,0.0,0.0,0.0,0.0,0.0,0.0,0.0,0.0,0.0,0.0,0.0,0.0,0.0,0.0,0.0,0.0,0.0,0.0,0.0,0.0,0.0,0.0,0.0,0.0,0.0,0.0,0.0,0.0,0.0,0.0,0.0,0.0,0.0,0.0,0.0,0.0,0.0,0.0,0.0,0.0,0.0,0.0,0.0,0.0,0.0,0.0,0.0,0.0,0.0,0.0,0.0,0.0,0.0,0.0,0.0,0.0,0.0,0.0,0.0,0.0,0.0,0.0,0.0,0.0,0.0,0.0,0.0,0.0,0.0,0.0,0.0,0.0,0.0,0.0,0.0,0.0,0.0,0.0,0.0,0.0,0.0,0.0,0.0,0.0,0.0,0.0,0.0,0.0,0.0,0.0,0.0,0.0,0.0,0.0,0.0,0.0,0.0,0.0,0.0,0.0,0.0,0.0,0.0,0.0,0.0,0.0,0.0,0.0,0.0,0.0,0.0,0.0,0.0,0.0,0.0,0.0,0.0,0.0,0.0,0.0,0.0,0.0,0.0,0.0,0.0,0.0,0.0,0.0,0.0,0.0,0.0,0.0,0.0,0.0,0.0,0.0,0.0,0.0,0.0,0.0,0.0",4.6,47050.94140625,984815.37890625,8684.2548828125,110846.71142578125,9.859375
1791365068.5254858,aggregate_n32_vmnos8_r5:confirmation,3.1,"5.8,9.3,12.5,5.2,8.3,5.1,2.0,8.8,9.2,9.1,22.2,6.0,9.0,4.1,9.2,4.2,14.0,10.4,7.9,11.1,9.2,9.3,7.3,7.3,11.0,9.1,13.3,14.3,6.2,3.1,0.0,0.0,1.0,0.0,8.2,17.3,8.3,10.3,13.7,7.2,8.0,9.3,7.3,10.4,10.1,15.3,14.1,11.9,5.0,3.1,4.1,6.1,6.1,11.1,12.1,5.1,5.2,12.2,11.1,6.2,14.0,6.1,11.3,11.2,13.4,9.3,10.4,8.2,0.0,0.0,0.0,0.0,0.0,0.0,0.0,0.0,0.0,0.0,0.0,0.0,0.0,0.0,0.0,0.0,1.0,0.0,0.0,0.0,0.0,0.0,0.0,0.0,0.0,0.0,0.0,0.0,0.0,0.0,55.9,41.4,100.0,28.4,0.0,0.0,0.0,0.0,0.0,0.0,0.0,0.0,0.0,0.0,0.0,0.0,0.0,0.0,0.0,0.0,0.0,0.0,0.0,0.0,0.0,0.0,0.0,0.0,0.0,0.0,0.0,0.0,0.0,0.0,0.0,0.0,0.0,0.0,0.0,0.0,0.0,0.0,0.0,0.0,0.0,0.0,0.0,0.0,0.0,0.0,0.0,0.0,0.0,0.0,0.0,0.0,0.0,0.0,0.0,0.0,0.0,0.0,0.0,0.0,0.0,0.0,0.0,0.0,0.0,0.0,0.0,0.0,0.0,0.0,0.0,0.0,0.0,0.0,0.0,0.0,0.0,0.0,0.0,0.0,0.0,0.0,0.0,0.0,0.0,0.0,0.0,0.0,0.0,0.0,0.0,0.0,0.0,0.0,0.0,0.0,0.0,0.0,0.0,0.0,0.0,0.0,0.0,0.0,0.0,0.0,0.0,0.0,0.0,0.0,0.0,0.0,0.0,0.0,0.0,0.0,0.0,0.0,0.0,0.0,0.0,0.0,0.0,0.0,0.0,0.0,0.0,0.0,0.0,0.0,0.0,0.0,0.0,0.0,0.0,0.0,0.0,0.0,0.0,0.0,0.0,0.0,0.0,0.0,0.0,0.0,0.0,0.0,0.0,0.0,0.0,0.0,0.0",4.5,46844.296875,985022.0234375,8684.2548828125,110846.71142578125,9.859375
1791365069.6032028,aggregate_n32_vmnos8_r5:confirmation,1.8,"5.3,1.0,1.9,2.8,1.9,0.0,0.9,1.0,0.0,0.0,6.5,0.9,0.0,1.9,2.8,0.9,2.8,2.9,0.0,0.0,7.5,0.0,0.0,0.0,0.0,1.9,2.8,2.8,0.0,0.0,0.0,16.0,0.0,0.0,0.0,13.3,1.9,0.0,8.6,0.9,0.0,7.5,10.5,4.7,1.0,1.9,1.9,0.0,1.9,1.9,0.9,1.9,0.9,2.8,9.3,1.9,0.0,4.6,0.0,1.9,0.0,0.0,2.8,2.8,8.6,0.9,0.0,1.9,0.0,0.0,0.0,0.0,0.0,0.0,0.0,0.0,0.0,0.0,0.0,0.9,0.0,0.0,0.0,0.0,2.0,0.0,0.0,0.0,0.0,0.0,0.0,0.0,0.0,0.0,0.0,0.0,0.0,0.0,67.3,32.4,97.2,93.4,0.0,0.0,0.0,0.0,0.0,0.0,0.0,0.0,0.0,0.0,0.0,0.0,0.0,0.0,0.0,0.0,0.0,0.0,0.0,0.0,0.0,0.0,0.0,0.0,0.0,0.0,0.0,0.0,0.0,0.0,0.0,0.0,0.0,0.0,0.0,0.0,0.0,0.0,0.0,0.0,0.0,0.0,0.0,0.0,0.0,0.0,0.0,0.0,0.0,0.0,0.0,0.0,0.0,0.0,0.0,0.0,0.0,0.0,0.0,0.0,0.0,0.0,0.0,0.0,0.0,0.0,0.0,0.0,0.0,0.0,0.0,0.0,0.0,0.0,0.0,0.0,0.0,0.0,0.0,0.0,0.0,0.0,0.0,0.0,0.0,0.0,0.0,0.0,0.0,0.0,0.0,0.0,0.0,0.0,0.0,0.0,0.0,0.0,0.0,0.0,0.0,0.0,0.0,0.0,0.0,0.0,0.0,0.0,0.0,0.0,0.0,0.0,0.0,0.0,0.0,0.0,0.0,0.0,0.0,0.0,0.0,0.0,0.0,0.0,0.0,0.0,0.0,0.0,0.0,0.0,0.0,0.0,0.0,0.0,0.0,0.0,0.0,0.0,0.0,0.0,0.0,0.0,0.0,0.0,0.0,0.0,0.0,0.0,0.0,0.0,0.0,0.0,0.0",4.7,48032.8125,983833.5078125,8684.2548828125,110846.71142578125,9.859375
1791365070.6265428,aggregate_n32_vmnos8_r5:confirmation,3.4,"11.1,9.0,10.8,8.2,5.2,6.1,7.0,9.3,9.9,8.2,13.0,8.0,7.0,12.0,12.2,9.0,5.1,10.3,12.1,9.0,11.1,7.0,9.9,14.4,9.0,4.0,5.9,6.9,5.9,7.2,0.0,2.9,0.0,0.0,3.2,11.9,11.0,8.2,8.1,7.3,4.1,17.2,10.9,15.3,11.2,12.0,7.1,12.0,7.1,7.1,3.1,10.0,7.1,7.1,22.2,4.1,6.1,9.4,10.1,12.1,11.9,9.1,8.0,8.2,13.7,15.5,12.2,16.3,0.0,0.0,0.0,0.0,0.0,0.0,0.0,0.0,0.0,0.0,0.0,0.0,0.0,0.0,0.0,0.0,1.0,0.0,0.0,0.0,0.0,0.0,0.0,0.0,0.0,0.0,0.0,0.0,0.0,0.0,71.7,71.6,33.7,99.0,0.0,0.0,0.0,0.0,0.0,0.0,0.0,0.0,0.0,0.0,0.0,0.0,0.0,0.0,0.0,0.0,0.0,0.0,0.0,0.0,0.0,0.0,0.0,0.0,0.0,0.0,0.0,0.0,0.0,0.0,0.0,0.0,0.0,0.0,0.0,0.0,0.0,0.0,0.0,0.0,0.0,0.0,0.0,0.0,0.0,0.0,0.0,0.0,0.0,0.0,0.0,0.0,0.0,0.0,0.0,0.0,0.0,0.0,0.0,0.0,0.0,0.0,0.0,0.0,0.0,0.0,0.0,0.0,0.0,0.0,0.0,0.0,0.0,0.0,0.0,0.0,0.0,0.0,0.0,0.0,0.0,0.0,0.0,0.0,0.0,0.0,0.0,0.0,0.0,0.0,0.0,0.0,0.0,0.0,0.0,0.0,0.0,0.0,0.0,0.0,0.0,0.0,0.0,0.0,0.0,0.0,0.0,0.0,0.0,0.0,0.0,0.0,0.0,0.0,0.0,0.0,0.0,0.0,0.0,0.0,0.0,0.0,0.0,0.0,0.0,0.0,0.0,0.0,0.0,0.0,0.0,0.0,0.0,0.0,0.0,0.0,0.0,0.0,0.0,0.0,0.0,0.0,0.0,0.0,0.0,0.0,0.0,0.0,0.0,0.0,0.0,0.0,0.0",4.6,47500.48828125,984365.83203125,8684.2548828125,110846.71142578125,9.47021484375
1791365071.6499712,aggregate_n32_vmnos8_r5:confirmation,1.4,"10.1,2.0,0.0,0.0,1.0,0.0,0.0,0.0,1.0,1.0,5.0,0.0,0.0,1.0,0.0,1.0,2.0,0.0,1.0,0.0,3.9,0.0,0.0,2.0,2.0,5.0,7.9,16.7,2.0,2.0,4.9,5.0,2.1,1.0,1.0,1.0,2.9,0.0,3.9,0.0,0.0,1.0,2.0,7.8,1.0,2.0,3.0,5.9,1.0,0.0,8.7,1.0,0.0,1.0,0.0,1.0,5.0,1.0,0.0,0.0,2.9,2.0,3.9,0.0,1.0,5.9,1.0,4.9,0.0,0.0,0.0,0.0,0.0,0.0,0.0,0.0,0.0,0.0,0.0,0.0,0.0,0.0,0.0,0.0,2.0,0.0,0.0,0.0,0.0,0.0,0.0,0.0,0.0,0.0,0.0,0.0,0.0,0.0,34.0,57.8,29.6,80.4,0.0,0.0,0.0,0.0,0.0,0.0,0.0,0.0,0.0,0.0,0.0,0.0,0.0,0.0,0.0,0.0,0.0,0.0,0.0,0.0,0.0,0.0,0.0,0.0,0.0,0.0,0.0,0.0,0.0,0.0,0.0,0.0,0.0,0.0,0.0,0.0,0.0,0.0,0.0,0.0,0.0,0.0,0.0,0.0,0.0,0.0,0.0,0.0,0.0,0.0,0.0,0.0,0.0,0.0,0.0,0.0,0.0,0.0,0.0,0.0,0.0,0.0,0.0,0.0,0.0,0.0,0.0,0.0,0.0,0.0,0.0,0.0,0.0,0.0,0.0,0.0,0.0,0.0,0.0,0.0,0.0,0.0,0.0,0.0,0.0,0.0,0.0,0.0,0.0,0.0,0.0,0.0,0.0,0.0,0.0,0.0,0.0,0.0,0.0,0.0,0.0,0.0,0.0,0.0,0.0,0.0,0.0,0.0,0.0,0.0,0.0,0.0,0.0,0.0,0.0,0.0,0.0,0.0,0.0,0.0,0.0,0.0,0.0,0.0,0.0,0.0,0.0,0.0,0.0,0.0,0.0,0.0,0.0,0.0,0.0,0.0,0.0,0.0,0.0,0.0,0.0,0.0,0.0,0.0,0.0,0.0,0.0,0.0,0.0,0.0,0.0,0.0,0.0",4.5,46782.109375,985084.2109375,8684.2548828125,110848.51611328125,9.47021484375
1791365072.6721885,aggregate_n32_vmnos8_r5:confirmation,3.4,"17.8,7.7,12.0,11.2,10.0,8.3,8.1,8.2,9.3,10.9,15.2,5.1,7.9,10.0,6.1,10.0,13.3,6.1,13.1,5.2,14.1,7.0,7.0,10.3,9.0,8.1,7.1,11.5,7.1,18.6,0.0,0.0,1.0,0.0,18.4,3.1,11.1,10.1,10.0,4.0,10.0,9.2,11.2,14.4,9.2,12.0,7.1,12.9,9.1,10.0,15.2,11.5,9.4,6.1,6.1,9.2,12.2,11.0,9.0,8.2,12.8,8.2,11.0,14.0,18.4,16.3,19.6,9.1,0.0,0.0,0.0,0.0,0.0,0.0,0.0,0.0,0.0,0.0,0.0,0.0,0.0,0.0,1.0,0.0,3.3,0.0,0.0,0.0,0.0,0.0,0.0,0.0,0.0,0.0,0.0,0.0,0.0,0.0,91.1,65.0,8.0,41.6,0.0,0.0,0.0,0.0,0.0,0.0,0.0,0.0,0.0,0.0,0.0,0.0,0.0,0.0,0.0,0.0,0.0,0.0,0.0,0.0,0.0,0.0,0.0,0.0,0.0,0.0,0.0,0.0,0.0,0.0,0.0,0.0,0.0,0.0,0.0,0.0,0.0,0.0,0.0,0.0,0.0,0.0,0.0,0.0,0.0,0.0,0.0,0.0,0.0,0.0,0.0,0.0,0.0,0.0,0.0,0.0,0.0,0.0,0.0,0.0,0.0,0.0,0.0,0.0,0.0,0.0,0.0,0.0,0.0,0.0,0.0,0.0,0.0,0.0,0.0,0.0,0.0,0.0,0.0,0.0,0.0,0.0,0.0,0.0,0.0,0.0,0.0,0.0,0.0,0.0,0.0,0.0,0.0,0.0,0.0,0.0,0.0,0.0,0.0,0.0,0.0,0.0,0.0,0.0,0.0,0.0,0.0,0.0,0.0,0.0,0.0,0.0,0.0,0.0,0.0,0.0,0.0,0.0,0.0,0.0,0.0,0.0,0.0,0.0,0.0,0.0,0.0,0.0,0.0,0.0,0.0,0.0,0.0,0.0,0.0,0.0,0.0,0.0,0.0,0.0,0.0,0.0,0.0,0.0,0.0,0.0,0.0,0.0,0.0,0.0,0.0,0.0,0.0",4.5,46927.3515625,984938.96875,8684.2548828125,110848.51611328125,9.47021484375
1791365073.6949947,aggregate_n32_vmnos8_r5:confirmation,1.2,"5.6,9.7,1.0,0.0,2.9,1.0,0.0,0.0,0.0,0.0,6.8,1.9,0.0,0.0,2.9,0.0,3.0,2.0,6.9,1.0,5.0,10.8,0.0,1.0,1.0,2.0,0.0,3.0,1.0,4.0,0.0,0.0,1.0,0.0,0.0,0.0,2.0,1.0,2.9,0.0,0.0,1.0,4.0,3.9,1.0,0.0,1.0,3.0,2.9,1.0,3.9,1.0,3.2,1.0,0.0,2.0,4.9,0.0,0.0,0.0,1.0,1.9,1.0,2.0,0.0,4.0,1.0,13.7,0.0,0.0,0.0,0.0,0.0,0.0,0.0,0.0,0.0,0.0,0.0,0.0,0.0,1.0,0.0,0.0,3.1,0.0,0.0,0.0,0.0,0.0,0.0,0.0,0.0,0.0,0.0,0.0,0.0,0.0,52.9,53.0,16.0,44.7,0.0,0.0,0.0,0.0,0.0,0.0,0.0,0.0,0.0,0.0,0.0,0.0,0.0,0.0,0.0,0.0,0.0,0.0,0.0,0.0,0.0,0.0,0.0,0.0,0.0,0.0,0.0,0.0,0.0,0.0,0.0,0.0,0.0,0.0,0.0,0.0,0.0,0.0,0.0,0.0,0.0,0.0,0.0,0.0,0.0,0.0,0.0,0.0,0.0,0.0,0.0,0.0,0.0,0.0,0.0,0.0,0.0,0.0,0.0,0.0,0.0,0.0,0.0,0.0,0.0,0.0,0.0,0.0,0.0,0.0,0.0,0.0,0.0,0.0,0.0,0.0,0.0,0.0,0.0,0.0,0.0,0.0,0.0,0.0,0.0,0.0,0.0,0.0,0.0,0.0,0.0,0.0,0.0,0.0,0.0,0.0,0.0,0.0,0.0,0.0,0.0,0.0,0.0,0.0,0.0,0.0,0.0,0.0,0.0,0.0,0.0,0.0,0.0,0.0,0.0,0.0,0.0,0.0,0.0,0.0,0.0,0.0,0.0,0.0,0.0,0.0,0.0,0.0,0.0,0.0,0.0,0.0,0.0,0.0,0.0,0.0,0.0,0.0,0.0,0.0,0.0,0.0,0.0,0.0,0.0,0.0,0.0,0.0,0.0,0.0,0.0,0.0,0.0",4.5,46680.40234375,985185.91796875,8684.2548828125,110848.51611328125,9.47021484375
