[node06] network interface=eth0
[node06] tier=core applying P2P-only tc netem:  delay=10ms(+/-0ms) rate=100mbit loss=0%
[node06] tc rules applied:
qdisc htb 1: root refcnt 257 r2q 10 default 0x1 direct_packets_stat 0 direct_qlen 1000
qdisc netem 110: parent 1:10 limit 1000 delay 10ms
Setting logging level to INFO
2026-10-07 19:28:22.383+00:00 | main | INFO  | Besu | Starting Besu
2026-10-07 19:28:22.764+00:00 | main | WARN  | Besu | --graphql-http-host has been ignored because --graphql-http-enabled was not defined on the command line.
2026-10-07 19:28:22.878+00:00 | main | INFO  | Besu | Connecting to 0 static nodes.
2026-10-07 19:28:22.881+00:00 | main | INFO  | Besu | Forcing price bump for transaction replacement to 0, since min-gas-price is set to 0
2026-10-07 19:28:22.882+00:00 | main | WARN  | Besu | Forcing tx-pool-min-gas-price=0, since it cannot be greater than the value of min-gas-price
2026-10-07 19:28:23.307+00:00 | main | INFO  | Besu | 
####################################################################################################
#                                                                                                  #
# Besu version 24.7.0                                                                              #
#                                                                                                  #
# Configuration:                                                                                   #
# Network: Custom genesis file                                                                     #
# /config/genesis.json                                                                             #
# Network Id: 1337                                                                                 #
# Data storage: Bonsai                                                                             #
# Sync mode: Full                                                                                  #
# RPC HTTP APIs: ETH,QBFT,NET,ADMIN,WEB3                                                           #
# RPC HTTP port: 8545                                                                              #
# Using LAYERED transaction pool implementation                                                    #
# Using STACKED worldstate update mode                                                             #
# Limit trie logs enabled: retention: 512; prune window: 30000                                     #
#                                                                                                  #
# Host:                                                                                            #
# Java: openjdk-java-21                                                                            #
# Maximum heap size: 29.50 GB                                                                      #
# OS: linux-x86_64                                                                                 #
# glibc: 2.39                                                                                      #
# jemalloc: 5.3.0-0-g54eaed1d8b56b1aa528be3bdd1877e59c56fa90c                                      #
# Total memory: 1007.68 GB                                                                         #
# CPU cores: 256                                                                                   #
#                                                                                                  #
# Plugin Registration Summary:                                                                     #
# No plugins have been registered.                                                                 #
# TOTAL = 0 of 0 plugins successfully registered.                                                  #
#                                                                                                  #
####################################################################################################
2026-10-07 19:28:23.308+00:00 | main | INFO  | Besu | Security Module: localfile
2026-10-07 19:28:23.310+00:00 | main | INFO  | VersionMetadata | Lookup version metadata file in data directory: /data
2026-10-07 19:28:23.310+00:00 | main | INFO  | VersionMetadata | No version data detected. Writing Besu version 24.7.0 to metadata file
2026-10-07 19:28:23.419+00:00 | main | INFO  | Besu | Using the native implementation of alt bn128
2026-10-07 19:28:23.512+00:00 | main | INFO  | Besu | Using the native implementation of modexp
2026-10-07 19:28:23.515+00:00 | main | INFO  | Besu | Using the native implementation of the signature algorithm
2026-10-07 19:28:23.529+00:00 | main | INFO  | Besu | Using the native implementation of the blake2bf algorithm
2026-10-07 19:28:23.640+00:00 | main | INFO  | Besu | Forcing price bump for transaction replacement to 0, since min-gas-price is set to 0
2026-10-07 19:28:23.641+00:00 | main | WARN  | Besu | Forcing tx-pool-min-gas-price=0, since it cannot be greater than the value of min-gas-price
2026-10-07 19:28:23.644+00:00 | main | INFO  | KeyPairUtil | Attempting to load public key from /data/key.priv
2026-10-07 19:28:23.663+00:00 | main | INFO  | KeyPairUtil | Loaded public key 0xf163520b566c439911157e4004a620bdccfa993a131e0320bd3227ad228cce92271458f8a54c11b190c446aad10293af426cee05606dd2c651e6629184051db7 from /data/key.priv
2026-10-07 19:28:23.849+00:00 | main | INFO  | ProtocolScheduleBuilder | Protocol schedule created with milestones: [Berlin:0]
2026-10-07 19:28:23.857+00:00 | main | INFO  | RocksDBKeyValueStorageFactory | No existing database at /data. Using default metadata for new db versionedStorageFormat=BaseVersionedStorageFormat{format=BONSAI, version=2}
2026-10-07 19:28:24.159+00:00 | main | INFO  | FlatDbStrategyProvider | Bonsai flat db mode found FULL
2026-10-07 19:28:24.163+00:00 | main | INFO  | FlatDbStrategyProvider | Bonsai db mode with code stored using code hash enabled = true
2026-10-07 19:28:24.174+00:00 | main | INFO  | FlatDbStrategyProvider | Bonsai flat db mode found FULL
2026-10-07 19:28:24.176+00:00 | main | INFO  | FlatDbStrategyProvider | Bonsai db mode with code stored using code hash enabled = true
2026-10-07 19:28:24.613+00:00 | main | INFO  | TransactionPoolFactory | Enabling transaction pool
2026-10-07 19:28:24.634+00:00 | main | INFO  | BesuControllerBuilder | TTD difficulty is not present, creating initial sync phase for PoW
2026-10-07 19:28:24.681+00:00 | main | INFO  | TrieLogPruner | Loading first 30000 trie logs from database...
2026-10-07 19:28:24.683+00:00 | main | INFO  | TrieLogPruner | Loaded 1 trie logs from database
2026-10-07 19:28:24.694+00:00 | main | INFO  | RunnerBuilder | Resolved 3 bootnodes.
2026-10-07 19:28:24.700+00:00 | main | INFO  | RunnerBuilder | Detecting NAT service.
2026-10-07 19:28:24.889+00:00 | main | INFO  | Runner | Starting external services ... 
2026-10-07 19:28:24.890+00:00 | main | INFO  | JsonRpcHttpService | Starting JSON-RPC service on 0.0.0.0:8545
2026-10-07 19:28:25.038+00:00 | vert.x-eventloop-thread-3 | INFO  | JsonRpcHttpService | JSON-RPC service started and listening on 0.0.0.0:8545
2026-10-07 19:28:25.039+00:00 | main | INFO  | WebSocketService | Starting Websocket service on 0.0.0.0:8546
2026-10-07 19:28:25.043+00:00 | vert.x-eventloop-thread-3 | INFO  | WebSocketService | Websocket service started and listening on 0.0.0.0:8546
2026-10-07 19:28:25.046+00:00 | main | INFO  | AutoTransactionLogBloomCachingService | Starting auto transaction log bloom caching service.
2026-10-07 19:28:25.047+00:00 | main | INFO  | LogBloomCacheMetadata | Lookup cache metadata file in data directory: /data/caches
2026-10-07 19:28:25.058+00:00 | main | INFO  | Runner | Starting Ethereum main loop ... 
2026-10-07 19:28:25.058+00:00 | main | INFO  | NatService | No NAT environment detected so no service could be started
2026-10-07 19:28:25.058+00:00 | main | INFO  | NetworkRunner | Starting Network.
2026-10-07 19:28:25.072+00:00 | nioEventLoopGroup-2-1 | INFO  | RlpxAgent | P2P RLPx agent started and listening on /[0:0:0:0:0:0:0:0]:30303.
2026-10-07 19:28:25.073+00:00 | main | INFO  | PeerDiscoveryAgent | Starting peer discovery agent on host=0.0.0.0, port=30303. IPv6 available.
2026-10-07 19:28:25.085+00:00 | vert.x-eventloop-thread-3 | INFO  | VertxPeerDiscoveryAgent | Started peer discovery agent successfully, on effective host=0:0:0:0:0:0:0:0%0 and port=30303
2026-10-07 19:28:25.087+00:00 | vert.x-eventloop-thread-3 | INFO  | PeerDiscoveryAgent | P2P peer discovery agent started and listening on /[0:0:0:0:0:0:0:0%0]:30303
2026-10-07 19:28:25.140+00:00 | vert.x-eventloop-thread-3 | INFO  | PeerDiscoveryAgent | Writing node record to disk. NodeRecord{seq=1, publicKey=0x03f163520b566c439911157e4004a620bdccfa993a131e0320bd3227ad228cce92, udpAddress=Optional[/0.0.0.0:30303], tcpAddress=Optional[/0.0.0.0:30303], asBase64=-Je4QMde7ojkPOWTPRCU16FTZ2YJ3i2wgoe4kspJUnldgiAeEtFi2eBSquhvwpzYptt1tL5Jq23rAqsdahiQD-tId4ABg2V0aMfGhMNT2DKAgmlkgnY0gmlwhAAAAACJc2VjcDI1NmsxoQPxY1ILVmxDmREVfkAEpiC9zPqZOhMeAyC9MietIozOkoN0Y3CCdl-DdWRwgnZf, nodeId=0x0de4b725de4d9bc74cdcfe4d5dfd84d82e5cf3e12a8a7008f406eb53690a2691, customFields={tcp=30303, udp=30303, ip=0x00000000, eth=[[0xc353d832, 0x]], id=V4, secp256k1=0x03f163520b566c439911157e4004a620bdccfa993a131e0320bd3227ad228cce92}}
2026-10-07 19:28:25.175+00:00 | main | INFO  | DefaultP2PNetwork | Enode URL enode://f163520b566c439911157e4004a620bdccfa993a131e0320bd3227ad228cce92271458f8a54c11b190c446aad10293af426cee05606dd2c651e6629184051db7@0.0.0.0:30303
2026-10-07 19:28:25.175+00:00 | main | INFO  | DefaultP2PNetwork | Node address 0x5dfd84d82e5cf3e12a8a7008f406eb53690a2691
2026-10-07 19:28:25.200+00:00 | main | INFO  | NetworkRunner | Supported capabilities: [eth/62, eth/63, eth/64, eth/65, eth/66, eth/67, eth/68], [istanbul/100], [snap/1]
2026-10-07 19:28:25.200+00:00 | main | INFO  | DefaultSynchronizer | Starting synchronizer.
2026-10-07 19:28:25.202+00:00 | main | INFO  | TransactionPoolFactory | Enabling transaction handling following initial sync
2026-10-07 19:28:25.202+00:00 | main | INFO  | QbftBesuControllerBuilder | Starting QBFT mining coordinator following initial sync
2026-10-07 19:28:25.222+00:00 | main | INFO  | FullSyncDownloader | Starting full sync.
2026-10-07 19:28:25.223+00:00 | main | INFO  | FullSyncTargetManager | Unable to find sync target. Currently checking 0 peers for usefulness
2026-10-07 19:28:25.231+00:00 | main | INFO  | Runner | Ethereum main loop is up.
2026-10-07 19:28:25.463+00:00 | nioEventLoopGroup-3-10 | INFO  | FullSyncTargetManager | Unable to find sync target. Currently checking 6 peers for usefulness
2026-10-07 19:28:29.247+00:00 | nioEventLoopGroup-3-3 | INFO  | FullSyncTargetManager | Unable to find sync target. Currently checking 7 peers for usefulness
2026-10-07 19:28:29.471+00:00 | nioEventLoopGroup-3-6 | INFO  | FullSyncTargetManager | Unable to find sync target. Currently checking 8 peers for usefulness
2026-10-07 19:28:33.519+00:00 | nioEventLoopGroup-3-8 | INFO  | FullSyncTargetManager | Unable to find sync target. Currently checking 9 peers for usefulness
2026-10-07 19:28:35.889+00:00 | nioEventLoopGroup-3-9 | INFO  | FullSyncTargetManager | Unable to find sync target. Currently checking 10 peers for usefulness
2026-10-07 19:28:38.026+00:00 | nioEventLoopGroup-3-1 | INFO  | FullSyncTargetManager | Unable to find sync target. Currently checking 11 peers for usefulness
2026-10-07 19:28:38.356+00:00 | nioEventLoopGroup-3-3 | INFO  | FullSyncTargetManager | Unable to find sync target. Currently checking 12 peers for usefulness
2026-10-07 19:28:40.577+00:00 | nioEventLoopGroup-3-5 | INFO  | FullSyncTargetManager | Unable to find sync target. Currently checking 13 peers for usefulness
2026-10-07 19:28:41.568+00:00 | BftProcessorExecutor-QBFT-0 | INFO  | QbftRound | Importing proposed block to chain. round=ConsensusRoundIdentifier{Sequence=1, Round=1}, hash=0x1ce80b658204e80a0768fc06bf3e98923352d508b004b9e1a9dbedda41300167
2026-10-07 19:28:41.587+00:00 | BftProcessorExecutor-QBFT-0 | INFO  | QbftBesuControllerBuilder | Imported #1 / 0 tx / 0 pending / 0 (0.0%) gas / (0x1ce80b658204e80a0768fc06bf3e98923352d508b004b9e1a9dbedda41300167)
2026-10-07 19:28:43.146+00:00 | EthScheduler-Workers-0 | INFO  | PersistBlockTask | Block 2 (0x5761a08996ef153a39150a31acc34e8eb5b24d4a7649cc248476999f06542c4c) is already imported
2026-10-07 19:28:43.146+00:00 | BftProcessorExecutor-QBFT-0 | INFO  | QbftBesuControllerBuilder | Imported #2 / 0 tx / 0 pending / 0 (0.0%) gas / (0x5761a08996ef153a39150a31acc34e8eb5b24d4a7649cc248476999f06542c4c)
2026-10-07 19:28:45.150+00:00 | BftProcessorExecutor-QBFT-0 | INFO  | QbftBesuControllerBuilder | Imported #3 / 0 tx / 0 pending / 0 (0.0%) gas / (0x19c8ec07aa5822292ef8ba1ae2df8521c0aa0b2a0a7e995e7e34d77d609b81fd)
2026-10-07 19:28:47.134+00:00 | BftProcessorExecutor-QBFT-0 | INFO  | QbftBesuControllerBuilder | Imported #4 / 0 tx / 0 pending / 0 (0.0%) gas / (0x9ccd07f0458466fb87b59e395bd4a5a6b1b9e94f31a2f695c79d9242c85d0eca)
2026-10-07 19:28:49.170+00:00 | BftProcessorExecutor-QBFT-0 | INFO  | QbftBesuControllerBuilder | Imported #5 / 0 tx / 1 pending / 0 (0.0%) gas / (0xca537410ecb6335e32b400da85ed2606f7c10fa8c7d9c08e361f85135dd9bf10)
2026-10-07 19:28:51.137+00:00 | BftProcessorExecutor-QBFT-0 | INFO  | QbftBesuControllerBuilder | Produced #6 / 0 tx / 1 pending / 0 (0.0%) gas / (0x829ea00aff7d9eeadb4c22b4939cd7f7a1773e9a80381aa20c3899ebacbef52c)
2026-10-07 19:28:53.165+00:00 | EthScheduler-Workers-0 | INFO  | PersistBlockTask | Imported #7 / 0 tx / 0 om / 0 (0.0%) gas / (0xdc8f83caf956ffbf6634c798713648082f945b9f8ff64220649542b0fcebf38a) in 0.004s. Peers: 14
2026-10-07 19:28:55.170+00:00 | EthScheduler-Workers-0 | INFO  | PersistBlockTask | Imported #8 / 0 tx / 0 om / 0 (0.0%) gas / (0x0c98e2676724746fdfd4f436fcf4faba5a0338b75c5b8cfdb4d162907065674b) in 0.002s. Peers: 14
2026-10-07 19:28:57.156+00:00 | BftProcessorExecutor-QBFT-0 | INFO  | QbftBesuControllerBuilder | Imported #9 / 0 tx / 1 pending / 0 (0.0%) gas / (0x0d94a45c6d61d0b3d12a85f75bcfa30fc205e65abcab4553ef543c449e08897f)
2026-10-07 19:28:59.170+00:00 | BftProcessorExecutor-QBFT-0 | INFO  | QbftBesuControllerBuilder | Imported #10 / 0 tx / 1 pending / 0 (0.0%) gas / (0x615a3a48070b89ac199c0c1f074b3abc232d2df7c305c7c46d1462bcd8535bea)
2026-10-07 19:29:01.141+00:00 | BftProcessorExecutor-QBFT-0 | INFO  | QbftBesuControllerBuilder | Imported #11 / 0 tx / 1 pending / 0 (0.0%) gas / (0x91b3802796b3639de121bcbdd6df9d13b52028368dd52b9f566dd7a2cc6c5a89)
2026-10-07 19:29:03.184+00:00 | EthScheduler-Workers-0 | INFO  | PersistBlockTask | Block 12 (0x105f3f36e9021e3898339f598784190dd88aac2b9afebd74ae394597ce4c74da) is already imported
2026-10-07 19:29:03.184+00:00 | BftProcessorExecutor-QBFT-0 | INFO  | QbftBesuControllerBuilder | Imported #12 / 0 tx / 1 pending / 0 (0.0%) gas / (0x105f3f36e9021e3898339f598784190dd88aac2b9afebd74ae394597ce4c74da)
2026-10-07 19:29:05.115+00:00 | EthScheduler-Workers-0 | INFO  | PersistBlockTask | Imported #13 / 0 tx / 0 om / 0 (0.0%) gas / (0xc7836c783ea1963da9cd2bf808316ef46258a4587384c28df03e0ad39c7523c3) in 0.003s. Peers: 14
2026-10-07 19:29:07.144+00:00 | BftProcessorExecutor-QBFT-0 | INFO  | QbftBesuControllerBuilder | Imported #14 / 0 tx / 1 pending / 0 (0.0%) gas / (0xd4f0258e665bc11f444c5efbfd38df52c32b30f97f0fc88b6eedc7853cf6aaa1)
2026-10-07 19:29:09.244+00:00 | BftProcessorExecutor-QBFT-0 | INFO  | QbftBesuControllerBuilder | Imported #15 / 1 tx / 0 pending / 465,218 (0.0%) gas / (0x06da3e0a504c34042cc3d6049c12041eca2c6ac4862b57fff542075bd3413557)
2026-10-07 19:29:11.078+00:00 | BftProcessorExecutor-QBFT-0 | INFO  | QbftBesuControllerBuilder | Imported #16 / 0 tx / 1 pending / 0 (0.0%) gas / (0x9f155c441a11de36edec3327b6fae7e05e815fd1f3162917f028348b4185bd87)
2026-10-07 19:29:13.086+00:00 | EthScheduler-Workers-0 | INFO  | PersistBlockTask | Block 17 (0xdf9f2373259c7afc44e95c6c49ca8649c415fcd08728dbbdbdfce9ed1cd995d7) is already imported
2026-10-07 19:29:13.086+00:00 | BftProcessorExecutor-QBFT-0 | INFO  | QbftBesuControllerBuilder | Imported #17 / 0 tx / 1 pending / 0 (0.0%) gas / (0xdf9f2373259c7afc44e95c6c49ca8649c415fcd08728dbbdbdfce9ed1cd995d7)
2026-10-07 19:29:15.080+00:00 | BftProcessorExecutor-QBFT-0 | INFO  | QbftBesuControllerBuilder | Imported #18 / 0 tx / 1 pending / 0 (0.0%) gas / (0xee2cbe05a0d90ee6786a66faccb2ccb30444b7f1c578787ddeb82028beb40f90)
2026-10-07 19:29:15.081+00:00 | EthScheduler-Workers-0 | INFO  | PersistBlockTask | Block 18 (0xee2cbe05a0d90ee6786a66faccb2ccb30444b7f1c578787ddeb82028beb40f90) is already imported
2026-10-07 19:29:17.084+00:00 | BftProcessorExecutor-QBFT-0 | INFO  | QbftBesuControllerBuilder | Imported #19 / 0 tx / 1 pending / 0 (0.0%) gas / (0x26d391e478d7fde728e4b4c644c6def06c31a904366f105e5741b7a46096d977)
2026-10-07 19:29:17.084+00:00 | EthScheduler-Workers-0 | INFO  | PersistBlockTask | Block 19 (0x26d391e478d7fde728e4b4c644c6def06c31a904366f105e5741b7a46096d977) is already imported
2026-10-07 19:29:19.087+00:00 | EthScheduler-Workers-0 | INFO  | PersistBlockTask | Imported #20 / 0 tx / 0 om / 0 (0.0%) gas / (0x84066658b90f6813d28a09f792210f2defc1084d9e4dbf46a58d28853edb973e) in 0.001s. Peers: 14
2026-10-07 19:29:21.073+00:00 | BftProcessorExecutor-QBFT-0 | INFO  | QbftBesuControllerBuilder | Produced #21 / 0 tx / 1 pending / 0 (0.0%) gas / (0xd1ac669c544c182257f91c4f0b4c6bbafc1534841befe0cd357aa4c5322217d4)
2026-10-07 19:29:23.081+00:00 | BftProcessorExecutor-QBFT-0 | INFO  | QbftBesuControllerBuilder | Imported #22 / 0 tx / 1 pending / 0 (0.0%) gas / (0x5853f928b7b5336a66194dc2c85c3dac6522cf212520b3cef7f8beb5626e72b8)
2026-10-07 19:29:25.087+00:00 | EthScheduler-Workers-0 | INFO  | PersistBlockTask | Block 23 (0x4192f25197ebadd9353814818b523f36c29362c81dcfe7b02a6dec64c7856686) is already imported
2026-10-07 19:29:25.088+00:00 | BftProcessorExecutor-QBFT-0 | INFO  | QbftBesuControllerBuilder | Imported #23 / 0 tx / 1 pending / 0 (0.0%) gas / (0x4192f25197ebadd9353814818b523f36c29362c81dcfe7b02a6dec64c7856686)
2026-10-07 19:29:27.078+00:00 | BftProcessorExecutor-QBFT-0 | INFO  | QbftBesuControllerBuilder | Imported #24 / 0 tx / 1 pending / 0 (0.0%) gas / (0xdfc0dda67e7b503e6d0c98417f6154440414fa5069f3991216f288cc99d5a38f)
2026-10-07 19:29:29.057+00:00 | BftProcessorExecutor-QBFT-0 | INFO  | QbftBesuControllerBuilder | Imported #25 / 0 tx / 1 pending / 0 (0.0%) gas / (0x36435fd7e276861a7336764102ec35679353473d81b6d3bebc05880f850d1147)
2026-10-07 19:29:31.083+00:00 | BftProcessorExecutor-QBFT-0 | INFO  | QbftBesuControllerBuilder | Imported #26 / 0 tx / 1 pending / 0 (0.0%) gas / (0xd0e066b111e5aad8b8c59887c2680bcadb54c93227226998f687a2ad5aa66201)
2026-10-07 19:29:33.091+00:00 | BftProcessorExecutor-QBFT-0 | INFO  | QbftBesuControllerBuilder | Imported #27 / 0 tx / 1 pending / 0 (0.0%) gas / (0xfdb5d657fee1aa1a452527dbe6308b84ced931c1d1035aed18358b793ffc7a0a)
2026-10-07 19:29:33.091+00:00 | EthScheduler-Workers-0 | INFO  | PersistBlockTask | Imported #27 / 0 tx / 0 om / 0 (0.0%) gas / (0xfdb5d657fee1aa1a452527dbe6308b84ced931c1d1035aed18358b793ffc7a0a) in 0.008s. Peers: 14
2026-10-07 19:29:35.086+00:00 | BftProcessorExecutor-QBFT-0 | INFO  | QbftBesuControllerBuilder | Imported #28 / 0 tx / 1 pending / 0 (0.0%) gas / (0x75418d3ea23ff070f6a471aa0f9b06ae8992d60ba337cf550689c56cb9aa40ca)
2026-10-07 19:29:37.087+00:00 | EthScheduler-Workers-0 | INFO  | PersistBlockTask | Block 29 (0x244b08607f3c1aca5589c13e0da7e1705a74a474efddccb8f7c2964c9fb306b9) is already imported
2026-10-07 19:29:37.087+00:00 | BftProcessorExecutor-QBFT-0 | INFO  | QbftBesuControllerBuilder | Imported #29 / 0 tx / 1 pending / 0 (0.0%) gas / (0x244b08607f3c1aca5589c13e0da7e1705a74a474efddccb8f7c2964c9fb306b9)
2026-10-07 19:29:39.152+00:00 | BftProcessorExecutor-QBFT-0 | INFO  | QbftBesuControllerBuilder | Imported #30 / 1 tx / 0 pending / 1,832,981 (0.0%) gas / (0x6326b1ca2b22947a3bddc8afa71dd15184574689d447fd89c8833008106ca806)
2026-10-07 19:29:41.095+00:00 | EthScheduler-Workers-0 | INFO  | PersistBlockTask | Block 31 (0xf337bafe6be93692fe285131e8df52d8ad67d6a1bfef27a38c8cce0434d2f28f) is already imported
2026-10-07 19:29:41.095+00:00 | BftProcessorExecutor-QBFT-0 | INFO  | QbftBesuControllerBuilder | Imported #31 / 0 tx / 0 pending / 0 (0.0%) gas / (0xf337bafe6be93692fe285131e8df52d8ad67d6a1bfef27a38c8cce0434d2f28f)
2026-10-07 19:29:43.086+00:00 | EthScheduler-Workers-0 | INFO  | PersistBlockTask | Imported #32 / 0 tx / 0 om / 0 (0.0%) gas / (0xcdb5d6d6647863fdc85bd630a191d2b3465681529cb53ead5ec1e579fe1ab25b) in 0.006s. Peers: 14
2026-10-07 19:29:45.095+00:00 | EthScheduler-Workers-0 | INFO  | PersistBlockTask | Block 33 (0x0a359e2f29070a2c61f50cce6d701e5d5fb4163422bc906bdc19e72e066c42d4) is already imported
2026-10-07 19:29:45.095+00:00 | BftProcessorExecutor-QBFT-0 | INFO  | QbftBesuControllerBuilder | Imported #33 / 0 tx / 0 pending / 0 (0.0%) gas / (0x0a359e2f29070a2c61f50cce6d701e5d5fb4163422bc906bdc19e72e066c42d4)
2026-10-07 19:29:47.082+00:00 | BftProcessorExecutor-QBFT-0 | INFO  | QbftBesuControllerBuilder | Imported #34 / 0 tx / 0 pending / 0 (0.0%) gas / (0x084afa064c2a3debfcfe1f2b1567c588f4ca8ba376c81b24486e623f6b230a28)
2026-10-07 19:29:49.110+00:00 | BftProcessorExecutor-QBFT-0 | INFO  | QbftBesuControllerBuilder | Imported #35 / 0 tx / 0 pending / 0 (0.0%) gas / (0x12961a3d8f7e289e8133707fdf45fe31e884320c9c3a6f6b1ec45bffd01c5034)
2026-10-07 19:29:51.084+00:00 | BftProcessorExecutor-QBFT-0 | INFO  | QbftBesuControllerBuilder | Produced #36 / 0 tx / 0 pending / 0 (0.0%) gas / (0xcbe8c463b6e8cde321bb13695d1c5545d5d52dfe6caab21a4aed91e0064841d6)
2026-10-07 19:29:53.099+00:00 | EthScheduler-Workers-0 | INFO  | PersistBlockTask | Block 37 (0xf785547be0c94c51a944cd54c67d4c7618b5692ca57ee87a4ab4e02e3412bfa5) is already imported
2026-10-07 19:29:53.099+00:00 | BftProcessorExecutor-QBFT-0 | INFO  | QbftBesuControllerBuilder | Imported #37 / 0 tx / 0 pending / 0 (0.0%) gas / (0xf785547be0c94c51a944cd54c67d4c7618b5692ca57ee87a4ab4e02e3412bfa5)
2026-10-07 19:29:55.093+00:00 | BftProcessorExecutor-QBFT-0 | INFO  | QbftBesuControllerBuilder | Imported #38 / 0 tx / 0 pending / 0 (0.0%) gas / (0x6d1ea4b9d966566f9f563037fb37ca5188863b9e7ae1c3bfdc1bb78e6876026a)
2026-10-07 19:29:57.084+00:00 | EthScheduler-Workers-0 | INFO  | PersistBlockTask | Block 39 (0x5f0185f553b2a02edd96a9634c9982724d8ab9436d3ef88ff3d3bdbd7ebb2bb4) is already imported
2026-10-07 19:29:57.085+00:00 | BftProcessorExecutor-QBFT-0 | INFO  | QbftBesuControllerBuilder | Imported #39 / 0 tx / 0 pending / 0 (0.0%) gas / (0x5f0185f553b2a02edd96a9634c9982724d8ab9436d3ef88ff3d3bdbd7ebb2bb4)
2026-10-07 19:29:59.071+00:00 | BftProcessorExecutor-QBFT-0 | INFO  | QbftBesuControllerBuilder | Imported #40 / 0 tx / 0 pending / 0 (0.0%) gas / (0x09b8735e4034c34703dab241b1d462efe704638873f310060785f4576404f54e)
2026-10-07 19:30:01.097+00:00 | EthScheduler-Workers-0 | INFO  | PersistBlockTask | Block 41 (0x22c420dfdbe5cee4303ce3700d4003124200cab852ef1023a9cfc8bcf56c7838) is already imported
2026-10-07 19:30:01.097+00:00 | BftProcessorExecutor-QBFT-0 | INFO  | QbftBesuControllerBuilder | Imported #41 / 0 tx / 0 pending / 0 (0.0%) gas / (0x22c420dfdbe5cee4303ce3700d4003124200cab852ef1023a9cfc8bcf56c7838)
2026-10-07 19:30:03.074+00:00 | BftProcessorExecutor-QBFT-0 | INFO  | QbftBesuControllerBuilder | Imported #42 / 0 tx / 0 pending / 0 (0.0%) gas / (0x63b153a999b082aadeb6d7bd64bc53692843929d359e8b45888e958bbacaaf24)
2026-10-07 19:30:03.075+00:00 | EthScheduler-Workers-0 | INFO  | PersistBlockTask | Block 42 (0x63b153a999b082aadeb6d7bd64bc53692843929d359e8b45888e958bbacaaf24) is already imported
2026-10-07 19:30:05.088+00:00 | EthScheduler-Workers-0 | INFO  | PersistBlockTask | Block 43 (0x4fd4aed665db85d51d77d37b061736840cfa208b5a1e959cba3526cf8688d483) is already imported
2026-10-07 19:30:05.088+00:00 | BftProcessorExecutor-QBFT-0 | INFO  | QbftBesuControllerBuilder | Imported #43 / 0 tx / 0 pending / 0 (0.0%) gas / (0x4fd4aed665db85d51d77d37b061736840cfa208b5a1e959cba3526cf8688d483)
2026-10-07 19:30:07.093+00:00 | EthScheduler-Workers-0 | INFO  | PersistBlockTask | Imported #44 / 0 tx / 0 om / 0 (0.0%) gas / (0x75536eef6999f4e28e318d43c212a2a52f050bd892cbdeabe99763dc730342a2) in 0.001s. Peers: 14
2026-10-07 19:30:09.097+00:00 | EthScheduler-Workers-0 | INFO  | PersistBlockTask | Block 45 (0x37dcf57c0efb0ef2c04e1f3f4c09b330c9cc59bf26b4e3d915eba77dd3caa05a) is already imported
2026-10-07 19:30:09.097+00:00 | BftProcessorExecutor-QBFT-0 | INFO  | QbftBesuControllerBuilder | Imported #45 / 0 tx / 0 pending / 0 (0.0%) gas / (0x37dcf57c0efb0ef2c04e1f3f4c09b330c9cc59bf26b4e3d915eba77dd3caa05a)
2026-10-07 19:30:11.085+00:00 | EthScheduler-Workers-0 | INFO  | PersistBlockTask | Block 46 (0x3a5a85fa5742a0c88d931bcfb59129235065991cc399bcd3821a78df524f2012) is already imported
2026-10-07 19:30:11.085+00:00 | BftProcessorExecutor-QBFT-0 | INFO  | QbftBesuControllerBuilder | Imported #46 / 0 tx / 0 pending / 0 (0.0%) gas / (0x3a5a85fa5742a0c88d931bcfb59129235065991cc399bcd3821a78df524f2012)
2026-10-07 19:30:14.068+00:00 | BftProcessorExecutor-QBFT-0 | INFO  | QbftBesuControllerBuilder | Imported #47 / 37 tx / 907 pending / 8,952,890 (0.0%) gas / (0x7325180efe697bc7bf5e0cacc18477ad5c2bdd5a51915384c9e2706cd981f87f)
2026-10-07 19:30:16.844+00:00 | EthScheduler-Workers-0 | INFO  | PersistBlockTask | Block 48 (0x85e49bb8ab0e8a265edf9567e8af8c0ce37f85a52d751c54395453a552700b98) is already imported
2026-10-07 19:30:16.851+00:00 | BftProcessorExecutor-QBFT-0 | INFO  | QbftBesuControllerBuilder | Imported #48 / 86 tx / 1769 pending / 20,809,420 (0.0%) gas / (0x85e49bb8ab0e8a265edf9567e8af8c0ce37f85a52d751c54395453a552700b98)
2026-10-07 19:30:19.300+00:00 | EthScheduler-Workers-0 | INFO  | PersistBlockTask | Block 49 (0xa105902ce43e8d288447750bdd6a95709db3c941c5b9b69f12e8c1a3b3b8e839) is already imported
2026-10-07 19:30:19.308+00:00 | BftProcessorExecutor-QBFT-0 | INFO  | QbftBesuControllerBuilder | Imported #49 / 132 tx / 2557 pending / 31,940,040 (0.0%) gas / (0xa105902ce43e8d288447750bdd6a95709db3c941c5b9b69f12e8c1a3b3b8e839)
2026-10-07 19:30:22.247+00:00 | EthScheduler-Workers-0 | INFO  | PersistBlockTask | Block 50 (0x07eddf5b866a881cb8e1746229bddaa02fa6fb616c816467b511396209aa584f) is already imported
2026-10-07 19:30:22.255+00:00 | BftProcessorExecutor-QBFT-0 | INFO  | QbftBesuControllerBuilder | Imported #50 / 188 tx / 3485 pending / 45,490,360 (0.0%) gas / (0x07eddf5b866a881cb8e1746229bddaa02fa6fb616c816467b511396209aa584f)
2026-10-07 19:30:26.142+00:00 | EthScheduler-Workers-0 | INFO  | PersistBlockTask | Block 51 (0x81ef7790c8b32c970731c18dc5491a62ec35464df694a66d4f91083d5e7ed200) is already imported
2026-10-07 19:30:26.146+00:00 | BftProcessorExecutor-QBFT-0 | INFO  | QbftBesuControllerBuilder | Produced #51 / 264 tx / 3389 pending / 63,880,080 (0.0%) gas / (0x81ef7790c8b32c970731c18dc5491a62ec35464df694a66d4f91083d5e7ed200)
2026-10-07 19:30:30.131+00:00 | EthScheduler-Workers-0 | INFO  | PersistBlockTask | Block 52 (0x2e2bb6fc155e0ebe330a91b77cfdb970c8721a34b914a6ed064421cd85022af7) is already imported
2026-10-07 19:30:30.136+00:00 | BftProcessorExecutor-QBFT-0 | INFO  | QbftBesuControllerBuilder | Imported #52 / 272 tx / 3117 pending / 65,815,840 (0.0%) gas / (0x2e2bb6fc155e0ebe330a91b77cfdb970c8721a34b914a6ed064421cd85022af7)
2026-10-07 19:30:33.901+00:00 | EthScheduler-Workers-0 | INFO  | PersistBlockTask | Block 53 (0xfec39e59087855bd9610be1e6004f8cd63a7457ccf3377dcc11463f2f87d9279) is already imported
2026-10-07 19:30:33.906+00:00 | BftProcessorExecutor-QBFT-0 | INFO  | QbftBesuControllerBuilder | Imported #53 / 272 tx / 2845 pending / 65,815,840 (0.0%) gas / (0xfec39e59087855bd9610be1e6004f8cd63a7457ccf3377dcc11463f2f87d9279)
2026-10-07 19:30:37.775+00:00 | BftProcessorExecutor-QBFT-0 | INFO  | QbftBesuControllerBuilder | Imported #54 / 272 tx / 2573 pending / 65,815,840 (0.0%) gas / (0xcdadc250c793cdd3a04d9574330ff607ee910728dd08c5206543a7b485577b95)
2026-10-07 19:30:41.653+00:00 | BftProcessorExecutor-QBFT-0 | INFO  | QbftBesuControllerBuilder | Imported #55 / 272 tx / 2301 pending / 65,815,840 (0.0%) gas / (0x5efd51b8d86c3d68708c7bd849040b486839d28d8a026f11a783567d5e408680)
2026-10-07 19:30:45.554+00:00 | EthScheduler-Workers-0 | INFO  | PersistBlockTask | Block 56 (0xa2ac7c9c2262800686c961c88bb5cb53d874224ab67f65dcd4b8d1942c06ae4c) is already imported
2026-10-07 19:30:45.559+00:00 | BftProcessorExecutor-QBFT-0 | INFO  | QbftBesuControllerBuilder | Imported #56 / 272 tx / 2029 pending / 65,815,840 (0.0%) gas / (0xa2ac7c9c2262800686c961c88bb5cb53d874224ab67f65dcd4b8d1942c06ae4c)
2026-10-07 19:30:49.554+00:00 | EthScheduler-Workers-0 | INFO  | PersistBlockTask | Block 57 (0x0eec644a989e44fa7dbb45ae06f5380b1310d3e1e99d0673cb62fd08818e98b5) is already imported
2026-10-07 19:30:49.556+00:00 | BftProcessorExecutor-QBFT-0 | INFO  | QbftBesuControllerBuilder | Imported #57 / 272 tx / 1757 pending / 65,815,840 (0.0%) gas / (0x0eec644a989e44fa7dbb45ae06f5380b1310d3e1e99d0673cb62fd08818e98b5)
2026-10-07 19:30:53.423+00:00 | BftProcessorExecutor-QBFT-0 | INFO  | QbftBesuControllerBuilder | Imported #58 / 272 tx / 1485 pending / 65,815,840 (0.0%) gas / (0x7aef052c6392062497fd994154c64d8560c0fe6ed1beee76657eabe4763e6cb4)
2026-10-07 19:30:57.281+00:00 | BftProcessorExecutor-QBFT-0 | INFO  | QbftBesuControllerBuilder | Imported #59 / 272 tx / 1213 pending / 65,815,840 (0.0%) gas / (0xc9db5fde38eced8d7b64cc96881e2a7d0bfcdccf5ad46f4c58550115fd258af4)
2026-10-07 19:31:01.158+00:00 | BftProcessorExecutor-QBFT-0 | INFO  | QbftBesuControllerBuilder | Imported #60 / 275 tx / 938 pending / 66,541,750 (0.0%) gas / (0x1f37c78cd4e9e06e559860e1ad49525e630634b9fbaed8f0554c94d90da2e311)
2026-10-07 19:31:05.114+00:00 | BftProcessorExecutor-QBFT-0 | INFO  | QbftBesuControllerBuilder | Imported #61 / 275 tx / 663 pending / 66,541,750 (0.0%) gas / (0xf1929bf62e8710bafe0c45e6676df33ac4f78c3a5e96785391ed9ae62ec0fb4c)
2026-10-07 19:31:08.491+00:00 | BftProcessorExecutor-QBFT-0 | INFO  | QbftBesuControllerBuilder | Imported #62 / 238 tx / 425 pending / 57,588,860 (0.0%) gas / (0x8936e9bdc6f0ad1f10175698dd0b712bde5b998736dfb0cce07166be3839d83b)
2026-10-07 19:31:11.158+00:00 | BftProcessorExecutor-QBFT-0 | INFO  | QbftBesuControllerBuilder | Imported #63 / 189 tx / 236 pending / 45,732,330 (0.0%) gas / (0x991c016446dc2c527249149038c14560605f55c8c4311bacdf3421fc663c884b)
2026-10-07 19:31:13.354+00:00 | BftProcessorExecutor-QBFT-0 | INFO  | QbftBesuControllerBuilder | Imported #64 / 143 tx / 93 pending / 34,601,710 (0.0%) gas / (0x228c155f85a551688246e3ca713a71f114d37ef1b4eb1a81d9ba247b394bd0ee)
2026-10-07 19:31:14.581+00:00 | BftProcessorExecutor-QBFT-0 | INFO  | QbftBesuControllerBuilder | Imported #65 / 85 tx / 8 pending / 20,567,450 (0.0%) gas / (0xb44733aa2be3407d44b038e732604ef27bb11932fe375fe4000cca079b9cd240)
2026-10-07 19:31:15.189+00:00 | EthScheduler-Workers-0 | INFO  | PersistBlockTask | Block 66 (0x13e72c5923c40aea208e5d14b3a403b167adf186cc93d452d2dea9896621948c) is already imported
2026-10-07 19:31:15.189+00:00 | BftProcessorExecutor-QBFT-0 | INFO  | QbftBesuControllerBuilder | Produced #66 / 8 tx / 0 pending / 1,935,760 (0.0%) gas / (0x13e72c5923c40aea208e5d14b3a403b167adf186cc93d452d2dea9896621948c)
2026-10-07 19:31:17.052+00:00 | BftProcessorExecutor-QBFT-0 | INFO  | QbftBesuControllerBuilder | Imported #67 / 0 tx / 0 pending / 0 (0.0%) gas / (0x782787cdb193b43fe8ea5770a3cb6d64a64d68961c891ab5ec76ad2961ae6991)
2026-10-07 19:31:19.067+00:00 | BftProcessorExecutor-QBFT-0 | INFO  | QbftBesuControllerBuilder | Imported #68 / 0 tx / 0 pending / 0 (0.0%) gas / (0x14664993bc9caa9bb287a9d26ee67c6bc216be63601502f9a695141b0e65f879)
2026-10-07 19:31:21.070+00:00 | BftProcessorExecutor-QBFT-0 | INFO  | QbftBesuControllerBuilder | Imported #69 / 0 tx / 0 pending / 0 (0.0%) gas / (0x51f60f6d6c3698d249c064759df70107d2f5e16ae11225b9124d3a1eef1bb55e)
2026-10-07 19:31:23.083+00:00 | EthScheduler-Workers-0 | INFO  | PersistBlockTask | Block 70 (0x1cd178573ce7bbbb4e21904746847c57110fad5328a23db7a35281a2b874a9ea) is already imported
2026-10-07 19:31:23.084+00:00 | BftProcessorExecutor-QBFT-0 | INFO  | QbftBesuControllerBuilder | Imported #70 / 0 tx / 0 pending / 0 (0.0%) gas / (0x1cd178573ce7bbbb4e21904746847c57110fad5328a23db7a35281a2b874a9ea)
2026-10-07 19:31:25.076+00:00 | BftProcessorExecutor-QBFT-0 | INFO  | QbftBesuControllerBuilder | Imported #71 / 0 tx / 0 pending / 0 (0.0%) gas / (0x4b4befa0c8c71fa930f0d430665ecbbfa145f54f3a01acecd17daf121e9d3219)
2026-10-07 19:31:25.079+00:00 | EthScheduler-Workers-0 | INFO  | PersistBlockTask | Block 71 (0x4b4befa0c8c71fa930f0d430665ecbbfa145f54f3a01acecd17daf121e9d3219) is already imported
2026-10-07 19:31:27.085+00:00 | EthScheduler-Workers-0 | INFO  | PersistBlockTask | Block 72 (0xfe3f5ce7d32b3f69998fcf5579f2022357372cbf42d85402c8dddd31a16d0636) is already imported
2026-10-07 19:31:27.085+00:00 | BftProcessorExecutor-QBFT-0 | INFO  | QbftBesuControllerBuilder | Imported #72 / 0 tx / 0 pending / 0 (0.0%) gas / (0xfe3f5ce7d32b3f69998fcf5579f2022357372cbf42d85402c8dddd31a16d0636)
2026-10-07 19:31:29.081+00:00 | EthScheduler-Workers-0 | INFO  | PersistBlockTask | Block 73 (0xf2dfda30e9f0be84f578b0ddab71077b88d13b4aad05455d71a729f002ad5cae) is already imported
2026-10-07 19:31:29.081+00:00 | BftProcessorExecutor-QBFT-0 | INFO  | QbftBesuControllerBuilder | Imported #73 / 0 tx / 0 pending / 0 (0.0%) gas / (0xf2dfda30e9f0be84f578b0ddab71077b88d13b4aad05455d71a729f002ad5cae)
2026-10-07 19:31:31.081+00:00 | EthScheduler-Workers-0 | INFO  | PersistBlockTask | Imported #74 / 0 tx / 0 om / 0 (0.0%) gas / (0x4f5bcfeea1b9def19b50cf8bf86c21d59e63ac9a4473b966fca866b89def3b0f) in 0.002s. Peers: 14
2026-10-07 19:31:33.092+00:00 | EthScheduler-Workers-0 | INFO  | PersistBlockTask | Block 75 (0x49bb1620117e5b42b7c909a63fde02ed89073262707cd9d7cd5a4b3f47b050bf) is already imported
2026-10-07 19:31:33.092+00:00 | BftProcessorExecutor-QBFT-0 | INFO  | QbftBesuControllerBuilder | Imported #75 / 0 tx / 0 pending / 0 (0.0%) gas / (0x49bb1620117e5b42b7c909a63fde02ed89073262707cd9d7cd5a4b3f47b050bf)
2026-10-07 19:31:35.090+00:00 | EthScheduler-Workers-0 | INFO  | PersistBlockTask | Block 76 (0xb239ad3f62a6ddc554c1e2b6b16d76a9e2cab8c1ce9fc67ded42dd8779859864) is already imported
2026-10-07 19:31:35.090+00:00 | BftProcessorExecutor-QBFT-0 | INFO  | QbftBesuControllerBuilder | Imported #76 / 0 tx / 0 pending / 0 (0.0%) gas / (0xb239ad3f62a6ddc554c1e2b6b16d76a9e2cab8c1ce9fc67ded42dd8779859864)
2026-10-07 19:31:37.078+00:00 | BftProcessorExecutor-QBFT-0 | INFO  | QbftBesuControllerBuilder | Imported #77 / 0 tx / 0 pending / 0 (0.0%) gas / (0x44f02a48503a487073375895fef1ea97aa757cab812c7b2117a36cc64f70e450)
2026-10-07 19:31:39.074+00:00 | BftProcessorExecutor-QBFT-0 | INFO  | QbftBesuControllerBuilder | Imported #78 / 0 tx / 0 pending / 0 (0.0%) gas / (0x5f87ad3574ba4e0ddb90590a7fe2f21bbeb7ac5b4a207a426a1015836ffce3ce)
2026-10-07 19:31:41.070+00:00 | BftProcessorExecutor-QBFT-0 | INFO  | QbftBesuControllerBuilder | Imported #79 / 0 tx / 0 pending / 0 (0.0%) gas / (0x090d73de2131c83029a2e570838211e1efed05cb68875e4e3d5cc05499568041)
2026-10-07 19:31:43.062+00:00 | BftProcessorExecutor-QBFT-0 | INFO  | QbftBesuControllerBuilder | Imported #80 / 0 tx / 0 pending / 0 (0.0%) gas / (0xa4d7e0280ae179be512f5e613579e8d4520c9208da71947e62349b000b9cea81)
2026-10-07 19:31:45.078+00:00 | BftProcessorExecutor-QBFT-0 | INFO  | QbftBesuControllerBuilder | Produced #81 / 0 tx / 0 pending / 0 (0.0%) gas / (0x8d646f76da1727c5e55192ed2283111ac82bb2ac9c4f01820385fa74795d7f99)
2026-10-07 19:31:47.091+00:00 | EthScheduler-Workers-0 | INFO  | PersistBlockTask | Block 82 (0x99ce8afa788e0bfa948c8b17be4ae8eaf545ab7dbfe7dcdae940d1c7abc3c22a) is already imported
2026-10-07 19:31:47.092+00:00 | BftProcessorExecutor-QBFT-0 | INFO  | QbftBesuControllerBuilder | Imported #82 / 0 tx / 0 pending / 0 (0.0%) gas / (0x99ce8afa788e0bfa948c8b17be4ae8eaf545ab7dbfe7dcdae940d1c7abc3c22a)
2026-10-07 19:31:49.072+00:00 | BftProcessorExecutor-QBFT-0 | INFO  | QbftBesuControllerBuilder | Imported #83 / 0 tx / 0 pending / 0 (0.0%) gas / (0x38e6ac53f62292fa36d9062e6920beb54feb6b47a4491b4b510c503f9cd04d28)
2026-10-07 19:31:51.083+00:00 | BftProcessorExecutor-QBFT-0 | INFO  | QbftBesuControllerBuilder | Imported #84 / 0 tx / 0 pending / 0 (0.0%) gas / (0x683b2a28d8e700cacc47e06dc4d924a9486ee03bdd824ccbcf549e0ce41c9c95)
2026-10-07 19:31:53.064+00:00 | BftProcessorExecutor-QBFT-0 | INFO  | QbftBesuControllerBuilder | Imported #85 / 0 tx / 0 pending / 0 (0.0%) gas / (0x4cdd76b3b5cfe5e157a60dc5d2a00caee9b03c025b8de1aa7ddfb03fecdb7034)
2026-10-07 19:31:55.064+00:00 | BftProcessorExecutor-QBFT-0 | INFO  | QbftBesuControllerBuilder | Imported #86 / 0 tx / 0 pending / 0 (0.0%) gas / (0x8c750e088f6d8955c7f95cbb99426ec6eac4b96f1fda4f5bb9a7bafb5cda4d19)
2026-10-07 19:31:57.081+00:00 | BftProcessorExecutor-QBFT-0 | INFO  | QbftBesuControllerBuilder | Imported #87 / 0 tx / 0 pending / 0 (0.0%) gas / (0xcc6c2d0aa2022799c1ab20494f90fc46c24b8fe72773043d18947434e025c067)
2026-10-07 19:31:57.082+00:00 | EthScheduler-Workers-0 | INFO  | PersistBlockTask | Block 87 (0xcc6c2d0aa2022799c1ab20494f90fc46c24b8fe72773043d18947434e025c067) is already imported
2026-10-07 19:31:59.074+00:00 | EthScheduler-Workers-0 | INFO  | PersistBlockTask | Imported #88 / 0 tx / 0 om / 0 (0.0%) gas / (0x9bebf5873dcae6e9a1487b30bbc4ddaf220f1b45f941569508cd30ca18208518) in 0.001s. Peers: 14
2026-10-07 19:32:01.062+00:00 | BftProcessorExecutor-QBFT-0 | INFO  | QbftBesuControllerBuilder | Imported #89 / 0 tx / 0 pending / 0 (0.0%) gas / (0x834e5b9569b01c031b9da47ed6b86fd121d2bd89745482bda61f79f9bd49a654)
2026-10-07 19:32:03.062+00:00 | BftProcessorExecutor-QBFT-0 | INFO  | QbftBesuControllerBuilder | Imported #90 / 0 tx / 0 pending / 0 (0.0%) gas / (0xbd7922df48f14e3d3ce0af728057d9371498d7727c9d622d0f1d6062dcc8d179)
2026-10-07 19:32:05.078+00:00 | EthScheduler-Workers-0 | INFO  | PersistBlockTask | Block 91 (0x837325b7acbcd6ed1d82caac6efe73173f305a069f1b7736e01de28c9c29d654) is already imported
2026-10-07 19:32:05.079+00:00 | BftProcessorExecutor-QBFT-0 | INFO  | QbftBesuControllerBuilder | Imported #91 / 0 tx / 0 pending / 0 (0.0%) gas / (0x837325b7acbcd6ed1d82caac6efe73173f305a069f1b7736e01de28c9c29d654)
2026-10-07 19:32:07.078+00:00 | BftProcessorExecutor-QBFT-0 | INFO  | QbftBesuControllerBuilder | Imported #92 / 0 tx / 0 pending / 0 (0.0%) gas / (0x79be4ed1b6a80db4efbd0fc6b97b1688b20796e0a7a2e3b29431ab7e226d7ab7)
2026-10-07 19:32:09.072+00:00 | BftProcessorExecutor-QBFT-0 | INFO  | QbftBesuControllerBuilder | Imported #93 / 0 tx / 0 pending / 0 (0.0%) gas / (0x1540d92060eb9de6feee68a215a60d36eea4823a246d50b5d885ae9f94646aa5)
2026-10-07 19:32:11.076+00:00 | EthScheduler-Workers-0 | INFO  | PersistBlockTask | Block 94 (0xb96f46328d2743ae29a147207efe321d715f1f7eac8827654e957411e9824f8a) is already imported
2026-10-07 19:32:11.077+00:00 | BftProcessorExecutor-QBFT-0 | INFO  | QbftBesuControllerBuilder | Imported #94 / 0 tx / 0 pending / 0 (0.0%) gas / (0xb96f46328d2743ae29a147207efe321d715f1f7eac8827654e957411e9824f8a)
2026-10-07 19:32:13.056+00:00 | BftProcessorExecutor-QBFT-0 | INFO  | QbftBesuControllerBuilder | Imported #95 / 0 tx / 0 pending / 0 (0.0%) gas / (0x3b77970013c08f0891e6704b568a2f4f043a79b674e14ae37236ce7d55dd481a)
2026-10-07 19:32:15.080+00:00 | EthScheduler-Workers-0 | INFO  | PersistBlockTask | Block 96 (0xc5b3b1483aa2ab30a81d861cb2a6b31469883a233bdfeb448fdc850c66e9ab64) is already imported
2026-10-07 19:32:15.080+00:00 | BftProcessorExecutor-QBFT-0 | INFO  | QbftBesuControllerBuilder | Produced #96 / 0 tx / 0 pending / 0 (0.0%) gas / (0xc5b3b1483aa2ab30a81d861cb2a6b31469883a233bdfeb448fdc850c66e9ab64)
2026-10-07 19:32:17.060+00:00 | BftProcessorExecutor-QBFT-0 | INFO  | QbftBesuControllerBuilder | Imported #97 / 0 tx / 0 pending / 0 (0.0%) gas / (0x843b5f4f3b9af24c83a3e7f4f4e2cfdbc04977d3d5f29eb519cd4c7f91e0cb48)
2026-10-07 19:32:19.080+00:00 | EthScheduler-Workers-0 | INFO  | PersistBlockTask | Imported #98 / 0 tx / 0 om / 0 (0.0%) gas / (0xfe97ea1327fa71f35d96266ebda0aebc23e4c6852a13242c9b752113a2a7cb17) in 0.001s. Peers: 14
2026-10-07 19:32:21.398+00:00 | EthScheduler-Workers-0 | INFO  | PersistBlockTask | Imported #99 / 31 tx / 0 om / 4,762,750 (0.0%) gas / (0x92e323e6616cdc5d5bab64bc78c4cabd735e85b893f13302188927399aeaab76) in 0.052s. Peers: 14
2026-10-07 19:32:21.402+00:00 | BftProcessorExecutor-QBFT-0 | INFO  | QbftBesuControllerBuilder | Imported #99 / 31 tx / 481 pending / 4,762,750 (0.0%) gas / (0x92e323e6616cdc5d5bab64bc78c4cabd735e85b893f13302188927399aeaab76)
2026-10-07 19:32:23.216+00:00 | BftProcessorExecutor-QBFT-0 | INFO  | QbftBesuControllerBuilder | Imported #100 / 34 tx / 447 pending / 5,223,568 (0.0%) gas / (0xe9c57b4cd0731e740fc92a74afc82060468f91d0fb318ebfa4224d1e09abe7a0)
2026-10-07 19:32:25.213+00:00 | BftProcessorExecutor-QBFT-0 | INFO  | QbftBesuControllerBuilder | Imported #101 / 34 tx / 413 pending / 5,223,556 (0.0%) gas / (0x680b8ad23ddef120b2b7b60abb8b1b2d1dc82e7654598345f5d694786603d63e)
2026-10-07 19:32:27.251+00:00 | BftProcessorExecutor-QBFT-0 | INFO  | QbftBesuControllerBuilder | Imported #102 / 34 tx / 379 pending / 5,223,564 (0.0%) gas / (0x7c9557529fa8d4c84caa3b9c812500ef52b2f6dd9e71accca91ac33de2a85a66)
2026-10-07 19:32:29.248+00:00 | EthScheduler-Workers-0 | INFO  | PersistBlockTask | Block 103 (0x4a0469df5443aa97a35ee19bd980574d6583381e3e59f1d62dd190968c12e563) is already imported
2026-10-07 19:32:29.248+00:00 | BftProcessorExecutor-QBFT-0 | INFO  | QbftBesuControllerBuilder | Imported #103 / 34 tx / 345 pending / 5,223,652 (0.0%) gas / (0x4a0469df5443aa97a35ee19bd980574d6583381e3e59f1d62dd190968c12e563)
2026-10-07 19:32:31.199+00:00 | BftProcessorExecutor-QBFT-0 | INFO  | QbftBesuControllerBuilder | Imported #104 / 34 tx / 311 pending / 5,223,524 (0.0%) gas / (0x19edfde713a36062e3c0bf33fc658d3b0dd6e49970c6f5c398b0cda6aef83d7e)
2026-10-07 19:32:33.174+00:00 | BftProcessorExecutor-QBFT-0 | INFO  | QbftBesuControllerBuilder | Imported #105 / 35 tx / 276 pending / 5,377,158 (0.0%) gas / (0xea6ab88ca9d2f89ac5ee978851fa9fbf6c0966fe99dbe3d7d10d18e0297392a3)
2026-10-07 19:32:35.174+00:00 | BftProcessorExecutor-QBFT-0 | INFO  | QbftBesuControllerBuilder | Imported #106 / 35 tx / 241 pending / 5,377,166 (0.0%) gas / (0xdc66e278801f77d483e4e45a1509af4215f6024b0e64e68f3a18de944750159b)
2026-10-07 19:32:35.174+00:00 | EthScheduler-Workers-0 | INFO  | PersistBlockTask | Block 106 (0xdc66e278801f77d483e4e45a1509af4215f6024b0e64e68f3a18de944750159b) is already imported
2026-10-07 19:32:37.213+00:00 | BftProcessorExecutor-QBFT-0 | INFO  | QbftBesuControllerBuilder | Imported #107 / 34 tx / 207 pending / 5,223,472 (0.0%) gas / (0x44f15e53023420d2faea54634d442697b7ea656c93efcb6e050e5988833a6ef4)
2026-10-07 19:32:39.256+00:00 | BftProcessorExecutor-QBFT-0 | INFO  | QbftBesuControllerBuilder | Imported #108 / 34 tx / 173 pending / 5,223,540 (0.0%) gas / (0x95dba019d7ee37c695045c6612c5e6c6abf2943bc8aa458eacbc6c52c2b2e0b3)
2026-10-07 19:32:41.201+00:00 | BftProcessorExecutor-QBFT-0 | INFO  | QbftBesuControllerBuilder | Imported #109 / 34 tx / 139 pending / 5,223,680 (0.0%) gas / (0xcec56050997630a425696ea38fe548ba38091efe733e9713e6a880767abda0eb)
2026-10-07 19:32:43.213+00:00 | BftProcessorExecutor-QBFT-0 | INFO  | QbftBesuControllerBuilder | Imported #110 / 34 tx / 105 pending / 5,223,536 (0.0%) gas / (0x189a98584a53107645663ae3a23ce88a8d97423898dae0686ac9e255e637d799)
2026-10-07 19:32:43.213+00:00 | EthScheduler-Workers-0 | INFO  | PersistBlockTask | Block 110 (0x189a98584a53107645663ae3a23ce88a8d97423898dae0686ac9e255e637d799) is already imported
2026-10-07 19:32:45.201+00:00 | EthScheduler-Workers-0 | INFO  | PersistBlockTask | Block 111 (0xa13cbc51d068e1cb1e15bf28c4e35299e7545e2154ffb315afebae2b60baf2b9) is already imported
2026-10-07 19:32:45.201+00:00 | BftProcessorExecutor-QBFT-0 | INFO  | QbftBesuControllerBuilder | Produced #111 / 34 tx / 71 pending / 5,223,592 (0.0%) gas / (0xa13cbc51d068e1cb1e15bf28c4e35299e7545e2154ffb315afebae2b60baf2b9)
2026-10-07 19:32:47.164+00:00 | BftProcessorExecutor-QBFT-0 | INFO  | QbftBesuControllerBuilder | Imported #112 / 34 tx / 37 pending / 5,223,392 (0.0%) gas / (0x2cef59443c7af59e2caab3eab73bcf3e5b02c658ce762c27b72289bd232d6561)
2026-10-07 19:32:47.164+00:00 | EthScheduler-Workers-0 | INFO  | PersistBlockTask | Block 112 (0x2cef59443c7af59e2caab3eab73bcf3e5b02c658ce762c27b72289bd232d6561) is already imported
2026-10-07 19:32:49.226+00:00 | BftProcessorExecutor-QBFT-0 | INFO  | QbftBesuControllerBuilder | Imported #113 / 34 tx / 3 pending / 5,223,568 (0.0%) gas / (0x3040a61f9894e2e968efaae292bbb0338f73a02aae1ea241d5a0552e5220c02a)
2026-10-07 19:32:51.109+00:00 | BftProcessorExecutor-QBFT-0 | INFO  | QbftBesuControllerBuilder | Imported #114 / 3 tx / 0 pending / 460,906 (0.0%) gas / (0x57eba3635cd6c63d561b6aa2f02d801abf2895206ef673268704b7ec7f2f4e46)
2026-10-07 19:32:53.080+00:00 | EthScheduler-Workers-0 | INFO  | PersistBlockTask | Block 115 (0x8e96b26af85c0d8517f9cfa6c25b7a36d0c5005ac2e93adf1da97946ed75f020) is already imported
2026-10-07 19:32:53.080+00:00 | BftProcessorExecutor-QBFT-0 | INFO  | QbftBesuControllerBuilder | Imported #115 / 0 tx / 0 pending / 0 (0.0%) gas / (0x8e96b26af85c0d8517f9cfa6c25b7a36d0c5005ac2e93adf1da97946ed75f020)
2026-10-07 19:32:55.074+00:00 | EthScheduler-Workers-0 | INFO  | PersistBlockTask | Block 116 (0xaa198372f9200ebf05fb4fe0ffe7f256fccf65ef509c578378098db1636fcedf) is already imported
2026-10-07 19:32:55.074+00:00 | BftProcessorExecutor-QBFT-0 | INFO  | QbftBesuControllerBuilder | Imported #116 / 0 tx / 0 pending / 0 (0.0%) gas / (0xaa198372f9200ebf05fb4fe0ffe7f256fccf65ef509c578378098db1636fcedf)
2026-10-07 19:32:57.079+00:00 | BftProcessorExecutor-QBFT-0 | INFO  | QbftBesuControllerBuilder | Imported #117 / 0 tx / 0 pending / 0 (0.0%) gas / (0x5091dac3ae5e01a1911a2ae268d3042328f73b1568adc2dba9cce43eba69d545)
2026-10-07 19:32:59.085+00:00 | BftProcessorExecutor-QBFT-0 | INFO  | QbftBesuControllerBuilder | Imported #118 / 0 tx / 0 pending / 0 (0.0%) gas / (0x05abaa27747c084e06625fdd364c156f9713e2a91174e7b33cbb1df01af54b40)
2026-10-07 19:32:59.085+00:00 | EthScheduler-Workers-0 | INFO  | PersistBlockTask | Block 118 (0x05abaa27747c084e06625fdd364c156f9713e2a91174e7b33cbb1df01af54b40) is already imported
2026-10-07 19:33:01.083+00:00 | BftProcessorExecutor-QBFT-0 | INFO  | QbftBesuControllerBuilder | Imported #119 / 0 tx / 0 pending / 0 (0.0%) gas / (0x03d009b25cebfe4dc10d0a7e252f327ad12950c1f6df791f53b14dbf8c4c18fa)
2026-10-07 19:33:03.079+00:00 | EthScheduler-Workers-0 | INFO  | PersistBlockTask | Block 120 (0xc74b39e1c132c4983657c604ca6cc8ea16ab2e16a811f3bdc54aebfd96646235) is already imported
2026-10-07 19:33:03.080+00:00 | BftProcessorExecutor-QBFT-0 | INFO  | QbftBesuControllerBuilder | Imported #120 / 0 tx / 0 pending / 0 (0.0%) gas / (0xc74b39e1c132c4983657c604ca6cc8ea16ab2e16a811f3bdc54aebfd96646235)
2026-10-07 19:33:05.077+00:00 | BftProcessorExecutor-QBFT-0 | INFO  | QbftBesuControllerBuilder | Imported #121 / 0 tx / 0 pending / 0 (0.0%) gas / (0x8ffadca0104e70f5a17d73be05575fb81750fab59d03676710a05bf1e4c0054a)
2026-10-07 19:33:07.073+00:00 | EthScheduler-Workers-0 | INFO  | PersistBlockTask | Block 122 (0xe1beda1fdef237d239022996e79405707c5308b9a167f5c21ac5012c9356fcad) is already imported
2026-10-07 19:33:07.073+00:00 | BftProcessorExecutor-QBFT-0 | INFO  | QbftBesuControllerBuilder | Imported #122 / 0 tx / 0 pending / 0 (0.0%) gas / (0xe1beda1fdef237d239022996e79405707c5308b9a167f5c21ac5012c9356fcad)
2026-10-07 19:33:09.078+00:00 | EthScheduler-Workers-0 | INFO  | PersistBlockTask | Imported #123 / 0 tx / 0 om / 0 (0.0%) gas / (0x257aff65298fff4f4286565dacda9a8a1b453193aecdfa1e8e5635b009b07496) in 0.002s. Peers: 14
2026-10-07 19:33:11.067+00:00 | BftProcessorExecutor-QBFT-0 | INFO  | QbftBesuControllerBuilder | Imported #124 / 0 tx / 0 pending / 0 (0.0%) gas / (0x10ce8e01ca1acc4828a1fbd1db8ce394512fcdf76f73c919661c91f1653fa247)
2026-10-07 19:33:13.076+00:00 | BftProcessorExecutor-QBFT-0 | INFO  | QbftBesuControllerBuilder | Imported #125 / 0 tx / 0 pending / 0 (0.0%) gas / (0xa99e323c2c2e89e503ba43392395339962182fbfba0673bfb98f850edfc86794)
2026-10-07 19:33:13.077+00:00 | EthScheduler-Workers-0 | INFO  | PersistBlockTask | Block 125 (0xa99e323c2c2e89e503ba43392395339962182fbfba0673bfb98f850edfc86794) is already imported
2026-10-07 19:33:15.132+00:00 | BftProcessorExecutor-QBFT-0 | INFO  | QbftBesuControllerBuilder | Produced #126 / 2 tx / 45 pending / 483,940 (0.0%) gas / (0xcd8e41068340c7340c5c0bf1ae667bec711732ab1b775941731fee238aa51750)
2026-10-07 19:33:17.747+00:00 | BftProcessorExecutor-QBFT-0 | INFO  | QbftBesuControllerBuilder | Imported #127 / 45 tx / 896 pending / 10,888,650 (0.0%) gas / (0x645b507f740333e41a98f54a47f36b9145746b05f735fef3ddb4f0917f4ab38b)
2026-10-07 19:33:20.539+00:00 | BftProcessorExecutor-QBFT-0 | INFO  | QbftBesuControllerBuilder | Imported #128 / 98 tx / 1886 pending / 23,713,060 (0.0%) gas / (0xfaa6d1146f379b4f0d2d0fe67ac883ae505b1a8881f8fccac538563f692889b1)
2026-10-07 19:33:23.068+00:00 | BftProcessorExecutor-QBFT-0 | INFO  | QbftBesuControllerBuilder | Imported #129 / 143 tx / 2644 pending / 34,601,710 (0.0%) gas / (0x4fd816b7ac17f4e19c5aa6a169a9bf677a538ff9430c9eab865d5f3f0367f310)
2026-10-07 19:33:25.925+00:00 | EthScheduler-Workers-0 | INFO  | PersistBlockTask | Block 130 (0x46b490f7298a73448ec06a3a405828dd3e85b73127719d09c00affd92e71b4c0) is already imported
2026-10-07 19:33:25.929+00:00 | BftProcessorExecutor-QBFT-0 | INFO  | QbftBesuControllerBuilder | Imported #130 / 195 tx / 3439 pending / 47,184,150 (0.0%) gas / (0x46b490f7298a73448ec06a3a405828dd3e85b73127719d09c00affd92e71b4c0)
2026-10-07 19:33:29.577+00:00 | BftProcessorExecutor-QBFT-0 | INFO  | QbftBesuControllerBuilder | Imported #131 / 262 tx / 3351 pending / 63,396,140 (0.0%) gas / (0x564583ca1a1e52a8443d4c78e9e9fded6932dbc0cbd625186818a61a01a7ce05)
2026-10-07 19:33:33.345+00:00 | BftProcessorExecutor-QBFT-0 | INFO  | QbftBesuControllerBuilder | Imported #132 / 272 tx / 3079 pending / 65,815,840 (0.0%) gas / (0xb084b58e36d01b584da779a8327cdf7d2fd49e3bf95d1d21ab8a9c7efe2a967d)
2026-10-07 19:33:37.205+00:00 | BftProcessorExecutor-QBFT-0 | INFO  | QbftBesuControllerBuilder | Imported #133 / 272 tx / 2807 pending / 65,815,840 (0.0%) gas / (0x6200a6d3627698cbab0ecfc88d800c6305e016c57a78a60303e6fc74e3588889)
2026-10-07 19:33:41.012+00:00 | BftProcessorExecutor-QBFT-0 | INFO  | QbftBesuControllerBuilder | Imported #134 / 272 tx / 2535 pending / 65,815,840 (0.0%) gas / (0xef8f574db0741776d8d1fb36dde4c7d8819f36f0ce2db503aee4f24e50ed3767)
2026-10-07 19:33:44.805+00:00 | BftProcessorExecutor-QBFT-0 | INFO  | QbftBesuControllerBuilder | Imported #135 / 275 tx / 2260 pending / 66,541,750 (0.0%) gas / (0xe9f47edc3a0f5ab9afe7b253532d349627f910ce5b4f6dc190c61bf9f2eeb973)
2026-10-07 19:33:48.650+00:00 | BftProcessorExecutor-QBFT-0 | INFO  | QbftBesuControllerBuilder | Imported #136 / 275 tx / 1985 pending / 66,541,750 (0.0%) gas / (0x54b8b6b92d5e168ce62798ea6a78f19124d5a7a80ca1971195993cc9359e1fc5)
2026-10-07 19:33:52.596+00:00 | BftProcessorExecutor-QBFT-0 | INFO  | QbftBesuControllerBuilder | Imported #137 / 275 tx / 1710 pending / 66,541,750 (0.0%) gas / (0x0953f70f510666ba7e3bd8d952f6185f0502ee62a6d878e924509a0a84e610a5)
2026-10-07 19:33:56.412+00:00 | BftProcessorExecutor-QBFT-0 | INFO  | QbftBesuControllerBuilder | Imported #138 / 275 tx / 1435 pending / 66,541,750 (0.0%) gas / (0xe2ad8277a04662465b3f6885d745516725662c4930f3bb77c8ca431a61f74bcc)
2026-10-07 19:34:00.405+00:00 | BftProcessorExecutor-QBFT-0 | INFO  | QbftBesuControllerBuilder | Imported #139 / 275 tx / 1160 pending / 66,541,750 (0.0%) gas / (0xe0a708916d2c06879931923ea8bab91f44e6fc0a9df46cb28e90a174c6ee4a22)
2026-10-07 19:34:04.228+00:00 | BftProcessorExecutor-QBFT-0 | INFO  | QbftBesuControllerBuilder | Imported #140 / 273 tx / 887 pending / 66,057,810 (0.0%) gas / (0xcccc94d34e5572ef3bfbb178d08eea9278408712999ec0e2c86551c3d98408fb)
2026-10-07 19:34:08.012+00:00 | EthScheduler-Workers-0 | INFO  | PersistBlockTask | Block 141 (0x2e12b037ca3589194f6852fd8ea5ef963f4f1b9223ea9923aa6e1519defb716d) is already imported
2026-10-07 19:34:08.014+00:00 | BftProcessorExecutor-QBFT-0 | INFO  | QbftBesuControllerBuilder | Produced #141 / 270 tx / 617 pending / 65,331,900 (0.0%) gas / (0x2e12b037ca3589194f6852fd8ea5ef963f4f1b9223ea9923aa6e1519defb716d)
2026-10-07 19:34:11.157+00:00 | BftProcessorExecutor-QBFT-0 | INFO  | QbftBesuControllerBuilder | Imported #142 / 227 tx / 390 pending / 54,927,190 (0.0%) gas / (0x06d39d20f2528d07ea539c261d938ee26a5162335da8d6e7c115cd0361813b9c)
2026-10-07 19:34:13.587+00:00 | BftProcessorExecutor-QBFT-0 | INFO  | QbftBesuControllerBuilder | Imported #143 / 174 tx / 216 pending / 42,102,780 (0.0%) gas / (0xae0f7097fb03ad025ff7bcb60d6f88ac2a81b6a4e80edebce155dc2184c4049b)
2026-10-07 19:34:15.401+00:00 | BftProcessorExecutor-QBFT-0 | INFO  | QbftBesuControllerBuilder | Imported #144 / 129 tx / 87 pending / 31,214,130 (0.0%) gas / (0xef0677bd3f1de70c63efa46379a1841b9a064d023bc5cdff2147ef01463a5941)
2026-10-07 19:34:17.134+00:00 | BftProcessorExecutor-QBFT-0 | INFO  | QbftBesuControllerBuilder | Imported #145 / 77 tx / 10 pending / 18,631,690 (0.0%) gas / (0xf61a50e1e6a542c5b6d2b988b8e93693a02200165af34bcd0d7c8037e43702f2)
2026-10-07 19:34:17.134+00:00 | EthScheduler-Workers-0 | INFO  | PersistBlockTask | Block 145 (0xf61a50e1e6a542c5b6d2b988b8e93693a02200165af34bcd0d7c8037e43702f2) is already imported
2026-10-07 19:34:18.226+00:00 | BftProcessorExecutor-QBFT-0 | INFO  | QbftBesuControllerBuilder | Imported #146 / 10 tx / 0 pending / 2,419,700 (0.0%) gas / (0x283cc811942e3ff2ce60a1de0b826dd3bd1b12cc57e6d10aec765346596899e9)
2026-10-07 19:34:18.226+00:00 | EthScheduler-Workers-0 | INFO  | PersistBlockTask | Block 146 (0x283cc811942e3ff2ce60a1de0b826dd3bd1b12cc57e6d10aec765346596899e9) is already imported
2026-10-07 19:34:20.079+00:00 | BftProcessorExecutor-QBFT-0 | INFO  | QbftBesuControllerBuilder | Imported #147 / 0 tx / 0 pending / 0 (0.0%) gas / (0xa49d8872b472d0b40fbc2529b26421c00a4a44858093c468def799268f855b87)
2026-10-07 19:34:20.079+00:00 | EthScheduler-Workers-0 | INFO  | PersistBlockTask | Block 147 (0xa49d8872b472d0b40fbc2529b26421c00a4a44858093c468def799268f855b87) is already imported
2026-10-07 19:34:22.069+00:00 | BftProcessorExecutor-QBFT-0 | INFO  | QbftBesuControllerBuilder | Imported #148 / 0 tx / 0 pending / 0 (0.0%) gas / (0xa69d8d7a7bbec91414dea0e75908be61344f584d53fb9636bb783da0f6147246)
2026-10-07 19:34:24.085+00:00 | BftProcessorExecutor-QBFT-0 | INFO  | QbftBesuControllerBuilder | Imported #149 / 0 tx / 0 pending / 0 (0.0%) gas / (0xfe5e266955dee7b716ffda48623bf36ace2bb76da0a9b870f8bd21e8e9cc22d1)
2026-10-07 19:34:26.078+00:00 | BftProcessorExecutor-QBFT-0 | INFO  | QbftBesuControllerBuilder | Imported #150 / 0 tx / 0 pending / 0 (0.0%) gas / (0x035c5a4dd5c709022fb218cf8fbb75016664b4db1a9deafc888ccf1b697fdc8f)
2026-10-07 19:34:28.081+00:00 | BftProcessorExecutor-QBFT-0 | INFO  | QbftBesuControllerBuilder | Imported #151 / 0 tx / 0 pending / 0 (0.0%) gas / (0x05f2520c31a52dfbe697fc7fe3cb7649871b9b3a440bc323163de95b612b4414)
2026-10-07 19:34:30.076+00:00 | BftProcessorExecutor-QBFT-0 | INFO  | QbftBesuControllerBuilder | Imported #152 / 0 tx / 0 pending / 0 (0.0%) gas / (0x5279fd46884441759cafa510b7dd8e40e41626a3919f7da21adbb0fc13c568d1)
2026-10-07 19:34:32.087+00:00 | BftProcessorExecutor-QBFT-0 | INFO  | QbftBesuControllerBuilder | Imported #153 / 0 tx / 0 pending / 0 (0.0%) gas / (0xb39969d9965a4bb061169b97d6dc6f7c5c25c0cb866cb0e3f058c5a53071ff7c)
2026-10-07 19:34:34.083+00:00 | EthScheduler-Workers-0 | INFO  | PersistBlockTask | Imported #154 / 0 tx / 0 om / 0 (0.0%) gas / (0x72e386e093eefae3d473c19b70b7b3c3c725365596f679fde22b6d8a14b0c29d) in 0.004s. Peers: 14
2026-10-07 19:34:36.096+00:00 | BftProcessorExecutor-QBFT-0 | INFO  | QbftBesuControllerBuilder | Imported #155 / 0 tx / 0 pending / 0 (0.0%) gas / (0xc5b6c3af660b82dcfbccd9875129639f9d18720e1468c7b9c0b7484f3af0acfe)
2026-10-07 19:34:38.077+00:00 | EthScheduler-Workers-0 | INFO  | PersistBlockTask | Block 156 (0x7992dec04b7c995d34ede32f5ea10072f8bdbc63f524100335263d7b1b84eb73) is already imported
2026-10-07 19:34:38.077+00:00 | BftProcessorExecutor-QBFT-0 | INFO  | QbftBesuControllerBuilder | Produced #156 / 0 tx / 0 pending / 0 (0.0%) gas / (0x7992dec04b7c995d34ede32f5ea10072f8bdbc63f524100335263d7b1b84eb73)
2026-10-07 19:34:40.087+00:00 | BftProcessorExecutor-QBFT-0 | INFO  | QbftBesuControllerBuilder | Imported #157 / 0 tx / 0 pending / 0 (0.0%) gas / (0xe2b9f76b765fd5bc2b1f6952b6fbd5fd79ff64cb21ebc19a6ffadf699efe56c8)
2026-10-07 19:34:42.088+00:00 | BftProcessorExecutor-QBFT-0 | INFO  | QbftBesuControllerBuilder | Imported #158 / 0 tx / 0 pending / 0 (0.0%) gas / (0xdbcb30f029b6976cb9d4bdf3068904092e9bf094cf08fb43539dec1cc5bef5ab)
2026-10-07 19:34:42.089+00:00 | EthScheduler-Workers-0 | INFO  | PersistBlockTask | Block 158 (0xdbcb30f029b6976cb9d4bdf3068904092e9bf094cf08fb43539dec1cc5bef5ab) is already imported
2026-10-07 19:34:44.085+00:00 | EthScheduler-Workers-0 | INFO  | PersistBlockTask | Block 159 (0x6b9d0b57cf25d5500ed1a894aff56d63ebd97990b93b27692285dc977db44cee) is already imported
2026-10-07 19:34:44.085+00:00 | BftProcessorExecutor-QBFT-0 | INFO  | QbftBesuControllerBuilder | Imported #159 / 0 tx / 0 pending / 0 (0.0%) gas / (0x6b9d0b57cf25d5500ed1a894aff56d63ebd97990b93b27692285dc977db44cee)
2026-10-07 19:34:46.079+00:00 | BftProcessorExecutor-QBFT-0 | INFO  | QbftBesuControllerBuilder | Imported #160 / 0 tx / 0 pending / 0 (0.0%) gas / (0x3aa6cf6aaa1fdb9cb6107f1d859626c4756ee09f1cd1e05d8209efb1676db015)
2026-10-07 19:34:48.075+00:00 | EthScheduler-Workers-0 | INFO  | PersistBlockTask | Block 161 (0x09e810f19d6ba640d50703d0dfadcb253a6577d06d39905bed972bd154a2842c) is already imported
2026-10-07 19:34:48.076+00:00 | BftProcessorExecutor-QBFT-0 | INFO  | QbftBesuControllerBuilder | Imported #161 / 0 tx / 0 pending / 0 (0.0%) gas / (0x09e810f19d6ba640d50703d0dfadcb253a6577d06d39905bed972bd154a2842c)
2026-10-07 19:34:50.077+00:00 | BftProcessorExecutor-QBFT-0 | INFO  | QbftBesuControllerBuilder | Imported #162 / 0 tx / 0 pending / 0 (0.0%) gas / (0xc8683c5caf6a99fcf920760b319ad194f8a17c764dcc4c84994d22fbba27424a)
2026-10-07 19:34:52.085+00:00 | EthScheduler-Workers-0 | INFO  | PersistBlockTask | Block 163 (0x80a54290289921b3e68fa6727a36d34f53b5b04b00e029a2161204e81598e3ea) is already imported
2026-10-07 19:34:52.085+00:00 | BftProcessorExecutor-QBFT-0 | INFO  | QbftBesuControllerBuilder | Imported #163 / 0 tx / 0 pending / 0 (0.0%) gas / (0x80a54290289921b3e68fa6727a36d34f53b5b04b00e029a2161204e81598e3ea)
2026-10-07 19:34:54.060+00:00 | BftProcessorExecutor-QBFT-0 | INFO  | QbftBesuControllerBuilder | Imported #164 / 0 tx / 0 pending / 0 (0.0%) gas / (0x4ac1be42526f58e6e11c67729370e24ef2f85469f507ab33b6315eaab5227c60)
2026-10-07 19:34:56.072+00:00 | BftProcessorExecutor-QBFT-0 | INFO  | QbftBesuControllerBuilder | Imported #165 / 0 tx / 0 pending / 0 (0.0%) gas / (0x6332e0df10c8c19c3869924dda6fb51ff038b896372f7d08e1810dfa05940fc1)
2026-10-07 19:34:58.073+00:00 | BftProcessorExecutor-QBFT-0 | INFO  | QbftBesuControllerBuilder | Imported #166 / 0 tx / 0 pending / 0 (0.0%) gas / (0xb61e86ee916057b4c29753c441fb85ef686591e2ef852d04f9f008068a28a1d6)
2026-10-07 19:35:00.066+00:00 | BftProcessorExecutor-QBFT-0 | INFO  | QbftBesuControllerBuilder | Imported #167 / 0 tx / 0 pending / 0 (0.0%) gas / (0x768123ddca80608cab6c507ab5366674dc7250690901f8a3760dbf392c3383d4)
2026-10-07 19:35:02.085+00:00 | BftProcessorExecutor-QBFT-0 | INFO  | QbftBesuControllerBuilder | Imported #168 / 0 tx / 0 pending / 0 (0.0%) gas / (0x9acd95fa491849c32658681339949bcd11a916339633fc4a93aa954ad275456c)
2026-10-07 19:35:02.085+00:00 | EthScheduler-Workers-0 | INFO  | PersistBlockTask | Block 168 (0x9acd95fa491849c32658681339949bcd11a916339633fc4a93aa954ad275456c) is already imported
2026-10-07 19:35:04.071+00:00 | BftProcessorExecutor-QBFT-0 | INFO  | QbftBesuControllerBuilder | Imported #169 / 0 tx / 0 pending / 0 (0.0%) gas / (0xcd38bde14be4e9418074b579c9d169fac6b4df6cc09efad69d97ddbaa311c5d0)
2026-10-07 19:35:06.085+00:00 | BftProcessorExecutor-QBFT-0 | INFO  | QbftBesuControllerBuilder | Imported #170 / 0 tx / 0 pending / 0 (0.0%) gas / (0xfc7e9e443640367d05c982fce127cca558cf9a82ff846ab47d918babfbb8b479)
2026-10-07 19:35:06.087+00:00 | EthScheduler-Workers-0 | INFO  | PersistBlockTask | Block 170 (0xfc7e9e443640367d05c982fce127cca558cf9a82ff846ab47d918babfbb8b479) is already imported
2026-10-07 19:35:08.082+00:00 | BftProcessorExecutor-QBFT-0 | INFO  | QbftBesuControllerBuilder | Produced #171 / 0 tx / 0 pending / 0 (0.0%) gas / (0x0c16093f630a208675cba65603c61200b4253b9a2da20d89c5409c8e6ce102fd)
2026-10-07 19:35:08.084+00:00 | EthScheduler-Workers-0 | INFO  | PersistBlockTask | Block 171 (0x0c16093f630a208675cba65603c61200b4253b9a2da20d89c5409c8e6ce102fd) is already imported
2026-10-07 19:35:10.083+00:00 | BftProcessorExecutor-QBFT-0 | INFO  | QbftBesuControllerBuilder | Imported #172 / 0 tx / 0 pending / 0 (0.0%) gas / (0xc011b73238d284a57fd514d8e6db6359a1c2f85f881416ced7a19d7b12de39d6)
2026-10-07 19:35:10.085+00:00 | EthScheduler-Workers-0 | INFO  | PersistBlockTask | Block 172 (0xc011b73238d284a57fd514d8e6db6359a1c2f85f881416ced7a19d7b12de39d6) is already imported
2026-10-07 19:35:12.084+00:00 | EthScheduler-Workers-0 | INFO  | PersistBlockTask | Block 173 (0x80a7e83b1e629d862d84a22bed866dabf6cfc212887caf27f6c32a70308b5d32) is already imported
2026-10-07 19:35:12.084+00:00 | BftProcessorExecutor-QBFT-0 | INFO  | QbftBesuControllerBuilder | Imported #173 / 0 tx / 0 pending / 0 (0.0%) gas / (0x80a7e83b1e629d862d84a22bed866dabf6cfc212887caf27f6c32a70308b5d32)
2026-10-07 19:35:14.077+00:00 | EthScheduler-Workers-0 | INFO  | PersistBlockTask | Block 174 (0x5dbcb00233d3df50c7d78d4e99fd97fdc4cffac6ddb274885f49280c9b2e2bcb) is already imported
2026-10-07 19:35:14.077+00:00 | BftProcessorExecutor-QBFT-0 | INFO  | QbftBesuControllerBuilder | Imported #174 / 0 tx / 0 pending / 0 (0.0%) gas / (0x5dbcb00233d3df50c7d78d4e99fd97fdc4cffac6ddb274885f49280c9b2e2bcb)
2026-10-07 19:35:16.089+00:00 | BftProcessorExecutor-QBFT-0 | INFO  | QbftBesuControllerBuilder | Imported #175 / 0 tx / 0 pending / 0 (0.0%) gas / (0x456836150ffb279d7e6abc75c288d875b7efaef5e5d873ce9da85de9a908d49d)
2026-10-07 19:35:16.089+00:00 | EthScheduler-Workers-0 | INFO  | PersistBlockTask | Block 175 (0x456836150ffb279d7e6abc75c288d875b7efaef5e5d873ce9da85de9a908d49d) is already imported
2026-10-07 19:35:18.082+00:00 | EthScheduler-Workers-0 | INFO  | PersistBlockTask | Block 176 (0x56219637df79ef297642c876a90433818d6baaca9b5a8e291bfcff3533dc4802) is already imported
2026-10-07 19:35:18.082+00:00 | BftProcessorExecutor-QBFT-0 | INFO  | QbftBesuControllerBuilder | Imported #176 / 0 tx / 0 pending / 0 (0.0%) gas / (0x56219637df79ef297642c876a90433818d6baaca9b5a8e291bfcff3533dc4802)
2026-10-07 19:35:20.068+00:00 | BftProcessorExecutor-QBFT-0 | INFO  | QbftBesuControllerBuilder | Imported #177 / 0 tx / 0 pending / 0 (0.0%) gas / (0x07aab9361b097759b678a0184ea8b0b974c2911e71746d7871fc9c68259517dd)
2026-10-07 19:35:22.166+00:00 | BftProcessorExecutor-QBFT-0 | INFO  | QbftBesuControllerBuilder | Imported #178 / 24 tx / 379 pending / 3,687,196 (0.0%) gas / (0xa2e84447dfda0def7d73eed561773dc73176a73e8b9f677f16352bbe3c844348)
2026-10-07 19:35:24.212+00:00 | EthScheduler-Workers-0 | INFO  | PersistBlockTask | Block 179 (0x6ffb1c43d0e6312f9b7ffd20189d18f5f858ea417873e5cac36765cbb1141721) is already imported
2026-10-07 19:35:24.213+00:00 | BftProcessorExecutor-QBFT-0 | INFO  | QbftBesuControllerBuilder | Imported #179 / 34 tx / 454 pending / 5,223,540 (0.0%) gas / (0x6ffb1c43d0e6312f9b7ffd20189d18f5f858ea417873e5cac36765cbb1141721)
2026-10-07 19:35:26.242+00:00 | EthScheduler-Workers-0 | INFO  | PersistBlockTask | Block 180 (0xeb4fcbe1935994b270dba3a3cc599b12b7dc199d58f67cc387f0ba74f3301446) is already imported
2026-10-07 19:35:26.242+00:00 | BftProcessorExecutor-QBFT-0 | INFO  | QbftBesuControllerBuilder | Imported #180 / 35 tx / 419 pending / 5,377,194 (0.0%) gas / (0xeb4fcbe1935994b270dba3a3cc599b12b7dc199d58f67cc387f0ba74f3301446)
2026-10-07 19:35:28.229+00:00 | BftProcessorExecutor-QBFT-0 | INFO  | QbftBesuControllerBuilder | Imported #181 / 35 tx / 384 pending / 5,377,262 (0.0%) gas / (0xccb76d5b3545bfdf358f4976465cf86a90e5cdb76719d98a4e519b42c8f81c9f)
2026-10-07 19:35:30.224+00:00 | BftProcessorExecutor-QBFT-0 | INFO  | QbftBesuControllerBuilder | Imported #182 / 34 tx / 350 pending / 5,223,464 (0.0%) gas / (0xaf61bac7761d4c54a7b5d22ba0ccc03b700ce001496e00049df090a2830ada0d)
2026-10-07 19:35:32.236+00:00 | BftProcessorExecutor-QBFT-0 | INFO  | QbftBesuControllerBuilder | Imported #183 / 34 tx / 316 pending / 5,223,636 (0.0%) gas / (0xef79200254a6e39f0a6a543025df852c585cd503bcd67507484348fc062bc0d6)
2026-10-07 19:35:32.236+00:00 | EthScheduler-Workers-0 | INFO  | PersistBlockTask | Block 183 (0xef79200254a6e39f0a6a543025df852c585cd503bcd67507484348fc062bc0d6) is already imported
2026-10-07 19:35:34.210+00:00 | EthScheduler-Workers-0 | INFO  | PersistBlockTask | Block 184 (0x934451122bc767ae330d672b6adc0d48c3c2639cc4a8d83b8d9358ba6aeb45e0) is already imported
2026-10-07 19:35:34.210+00:00 | BftProcessorExecutor-QBFT-0 | INFO  | QbftBesuControllerBuilder | Imported #184 / 34 tx / 282 pending / 5,223,620 (0.0%) gas / (0x934451122bc767ae330d672b6adc0d48c3c2639cc4a8d83b8d9358ba6aeb45e0)
2026-10-07 19:35:36.210+00:00 | BftProcessorExecutor-QBFT-0 | INFO  | QbftBesuControllerBuilder | Imported #185 / 34 tx / 248 pending / 5,223,616 (0.0%) gas / (0xc78b6d64efa144b16221ee08625f8b2a7acc3538769a1e8e56b4e514c46a40ca)
2026-10-07 19:35:38.223+00:00 | EthScheduler-Workers-0 | INFO  | PersistBlockTask | Block 186 (0x7eee97314169dd585e56e96a1904f2aaa8a354d08263e93a440f3d6f1b845f5c) is already imported
2026-10-07 19:35:38.223+00:00 | BftProcessorExecutor-QBFT-0 | INFO  | QbftBesuControllerBuilder | Produced #186 / 34 tx / 214 pending / 5,223,520 (0.0%) gas / (0x7eee97314169dd585e56e96a1904f2aaa8a354d08263e93a440f3d6f1b845f5c)
2026-10-07 19:35:40.160+00:00 | BftProcessorExecutor-QBFT-0 | INFO  | QbftBesuControllerBuilder | Imported #187 / 34 tx / 180 pending / 5,223,528 (0.0%) gas / (0x60f6ba727b55ec946ee8858e3147b4ec0cd55e7c7cdde79ae469c5e9a4a83c46)
2026-10-07 19:35:42.208+00:00 | BftProcessorExecutor-QBFT-0 | INFO  | QbftBesuControllerBuilder | Imported #188 / 34 tx / 146 pending / 5,223,596 (0.0%) gas / (0x86faf5395b85dd635a5a933691aed6bf1fa9a0166945fe48ae2cd1d5fa2d892c)
2026-10-07 19:35:44.186+00:00 | BftProcessorExecutor-QBFT-0 | INFO  | QbftBesuControllerBuilder | Imported #189 / 34 tx / 112 pending / 5,223,504 (0.0%) gas / (0xa6093a140e7e87458a33f08b9b51bac64e85283fb21d8e93cf0ac8cf51950eb0)
2026-10-07 19:35:46.240+00:00 | BftProcessorExecutor-QBFT-0 | INFO  | QbftBesuControllerBuilder | Imported #190 / 34 tx / 78 pending / 5,223,524 (0.0%) gas / (0xb6375cbfaa33971e32fe66cd0ef04630208c9996bee8e0663f85bcfcddeeb34f)
2026-10-07 19:35:48.228+00:00 | BftProcessorExecutor-QBFT-0 | INFO  | QbftBesuControllerBuilder | Imported #191 / 34 tx / 44 pending / 5,223,704 (0.0%) gas / (0x82dace77cb431f8f6cffedba6db16c1b6d6683b118cff4881a76e376631f5796)
2026-10-07 19:35:50.209+00:00 | BftProcessorExecutor-QBFT-0 | INFO  | QbftBesuControllerBuilder | Imported #192 / 34 tx / 10 pending / 5,223,588 (0.0%) gas / (0x157711100bb6d5d9e824a6971e556b78f65db8d8e73400e042276984b2befd0c)
2026-10-07 19:35:52.127+00:00 | BftProcessorExecutor-QBFT-0 | INFO  | QbftBesuControllerBuilder | Imported #193 / 10 tx / 0 pending / 1,536,400 (0.0%) gas / (0xd284a8aa38de114f8d70ed70cfd5c12f5e3179cd36f5d6d6d22d1043624b867a)
2026-10-07 19:35:54.061+00:00 | BftProcessorExecutor-QBFT-0 | INFO  | QbftBesuControllerBuilder | Imported #194 / 0 tx / 0 pending / 0 (0.0%) gas / (0x4ee595256ac51930b5b0268820174f456695e27d5c5a3b11ea8f3b2608ca1683)
2026-10-07 19:35:56.068+00:00 | BftProcessorExecutor-QBFT-0 | INFO  | QbftBesuControllerBuilder | Imported #195 / 0 tx / 0 pending / 0 (0.0%) gas / (0xcab490bd8f927349dc2ec012c15e44a55f14a558a95b448de42499756310c349)
2026-10-07 19:35:58.067+00:00 | BftProcessorExecutor-QBFT-0 | INFO  | QbftBesuControllerBuilder | Imported #196 / 0 tx / 0 pending / 0 (0.0%) gas / (0x82ac6ad2cbec068010b399b5d69bde24c11e2683d6dfc8d5e2b20be864cdfcd2)
2026-10-07 19:36:00.068+00:00 | BftProcessorExecutor-QBFT-0 | INFO  | QbftBesuControllerBuilder | Imported #197 / 0 tx / 0 pending / 0 (0.0%) gas / (0x9812b38dde7bf375314300bcdc18e344e617c8324d98a289704a457cfd16b45e)
2026-10-07 19:36:02.066+00:00 | BftProcessorExecutor-QBFT-0 | INFO  | QbftBesuControllerBuilder | Imported #198 / 0 tx / 0 pending / 0 (0.0%) gas / (0x032857fa7438c40052e4df91b58e814f8f1a3151e028c75a561ed93bad8d3186)
2026-10-07 19:36:04.075+00:00 | BftProcessorExecutor-QBFT-0 | INFO  | QbftBesuControllerBuilder | Imported #199 / 0 tx / 0 pending / 0 (0.0%) gas / (0x3b56ca3799021eccd23287e088af4fabd5ea727490f834acf797d80cf7e2284e)
2026-10-07 19:36:06.061+00:00 | BftProcessorExecutor-QBFT-0 | INFO  | QbftBesuControllerBuilder | Imported #200 / 0 tx / 0 pending / 0 (0.0%) gas / (0xcf6beb7ac429cc8b299fe034b3108daf442af585a4b00e1e0220cfa2cd0e7df5)
2026-10-07 19:36:08.079+00:00 | EthScheduler-Workers-0 | INFO  | PersistBlockTask | Block 201 (0x5e97b06745511e46aa38f8d78ae593fa91e44a10a269724c01f5a1baede2b6b0) is already imported
2026-10-07 19:36:08.079+00:00 | BftProcessorExecutor-QBFT-0 | INFO  | QbftBesuControllerBuilder | Produced #201 / 0 tx / 0 pending / 0 (0.0%) gas / (0x5e97b06745511e46aa38f8d78ae593fa91e44a10a269724c01f5a1baede2b6b0)
2026-10-07 19:36:10.076+00:00 | BftProcessorExecutor-QBFT-0 | INFO  | QbftBesuControllerBuilder | Imported #202 / 0 tx / 0 pending / 0 (0.0%) gas / (0x8b766c78a0b426b123380c80c6a82f9a15d039e3b2e12a2b930ad3f1cb977dd2)
2026-10-07 19:36:10.076+00:00 | EthScheduler-Workers-0 | INFO  | PersistBlockTask | Block 202 (0x8b766c78a0b426b123380c80c6a82f9a15d039e3b2e12a2b930ad3f1cb977dd2) is already imported
2026-10-07 19:36:12.073+00:00 | EthScheduler-Workers-0 | INFO  | PersistBlockTask | Block 203 (0xf2c4be38846d2b9eb21b055fb8466cc7e2efc85b5a243109d1c90928afd6612f) is already imported
2026-10-07 19:36:12.074+00:00 | BftProcessorExecutor-QBFT-0 | INFO  | QbftBesuControllerBuilder | Imported #203 / 0 tx / 0 pending / 0 (0.0%) gas / (0xf2c4be38846d2b9eb21b055fb8466cc7e2efc85b5a243109d1c90928afd6612f)
2026-10-07 19:36:14.086+00:00 | EthScheduler-Workers-0 | INFO  | PersistBlockTask | Block 204 (0xa889a26ccf2a4e50b9b85d724f21eba0148db5dd95a5dbc1ed7f1ccf3ceec191) is already imported
2026-10-07 19:36:14.086+00:00 | BftProcessorExecutor-QBFT-0 | INFO  | QbftBesuControllerBuilder | Imported #204 / 0 tx / 0 pending / 0 (0.0%) gas / (0xa889a26ccf2a4e50b9b85d724f21eba0148db5dd95a5dbc1ed7f1ccf3ceec191)
2026-10-07 19:36:16.078+00:00 | EthScheduler-Workers-0 | INFO  | PersistBlockTask | Imported #205 / 0 tx / 0 om / 0 (0.0%) gas / (0x252135d1f5429ad8a896172f51c8780da37ac33afb933f2c0a8a3d0b60d24458) in 0.002s. Peers: 14
2026-10-07 19:36:16.079+00:00 | BftProcessorExecutor-QBFT-0 | INFO  | QbftBesuControllerBuilder | Imported #205 / 0 tx / 0 pending / 0 (0.0%) gas / (0x252135d1f5429ad8a896172f51c8780da37ac33afb933f2c0a8a3d0b60d24458)
2026-10-07 19:36:18.482+00:00 | BftProcessorExecutor-QBFT-0 | INFO  | QbftBesuControllerBuilder | Imported #206 / 24 tx / 509 pending / 5,807,280 (0.0%) gas / (0x6e93354bfcc8a38d22d426cf1a6a033332884a12ac65ec630edbfd49f98caea2)
2026-10-07 19:36:21.114+00:00 | EthScheduler-Workers-0 | INFO  | PersistBlockTask | Block 207 (0x70c22a047ccbae5530ed4a845bc5c2912eebb204a58fa399f5201d7566134631) is already imported
2026-10-07 19:36:21.116+00:00 | BftProcessorExecutor-QBFT-0 | INFO  | QbftBesuControllerBuilder | Imported #207 / 69 tx / 1318 pending / 16,695,930 (0.0%) gas / (0x70c22a047ccbae5530ed4a845bc5c2912eebb204a58fa399f5201d7566134631)
2026-10-07 19:36:23.829+00:00 | EthScheduler-Workers-0 | INFO  | PersistBlockTask | Block 208 (0xa84602c7b45de15c379aaab0afed0676ba21a07cd6d28406041d5c7138c11444) is already imported
2026-10-07 19:36:23.831+00:00 | BftProcessorExecutor-QBFT-0 | INFO  | QbftBesuControllerBuilder | Imported #208 / 116 tx / 2265 pending / 28,068,520 (0.0%) gas / (0xa84602c7b45de15c379aaab0afed0676ba21a07cd6d28406041d5c7138c11444)
2026-10-07 19:36:26.498+00:00 | EthScheduler-Workers-0 | INFO  | PersistBlockTask | Block 209 (0x145ee76bf8569337ac197962b5e60b8c72e4d69d838b8741636dacd682326270) is already imported
2026-10-07 19:36:26.501+00:00 | BftProcessorExecutor-QBFT-0 | INFO  | QbftBesuControllerBuilder | Imported #209 / 170 tx / 3106 pending / 41,134,900 (0.0%) gas / (0x145ee76bf8569337ac197962b5e60b8c72e4d69d838b8741636dacd682326270)
2026-10-07 19:36:29.965+00:00 | BftProcessorExecutor-QBFT-0 | INFO  | QbftBesuControllerBuilder | Imported #210 / 233 tx / 3484 pending / 56,379,010 (0.0%) gas / (0xae5fcbb6d534ecaabdf9754217324b6db3483e1b0fdd4c8ae2975844761f110f)
2026-10-07 19:36:33.802+00:00 | BftProcessorExecutor-QBFT-0 | INFO  | QbftBesuControllerBuilder | Imported #211 / 275 tx / 3209 pending / 66,541,750 (0.0%) gas / (0x7f460d1f7b807515536d8d2f6635de0d505a24742927d7142b8acdabc2c5e052)
2026-10-07 19:36:37.800+00:00 | BftProcessorExecutor-QBFT-0 | INFO  | QbftBesuControllerBuilder | Imported #212 / 275 tx / 2934 pending / 66,541,750 (0.0%) gas / (0x2ad7c9f6d8b92a43344ea6b85b3bd391600d0508b28a74c8274f9570674dd071)
2026-10-07 19:36:41.663+00:00 | BftProcessorExecutor-QBFT-0 | INFO  | QbftBesuControllerBuilder | Imported #213 / 275 tx / 2659 pending / 66,541,750 (0.0%) gas / (0xfe9dd6d342c2eabbaa6642ff4877d11e2fae6c6e5fbd967fe82b9f82b85a5c16)
2026-10-07 19:36:45.773+00:00 | BftProcessorExecutor-QBFT-0 | INFO  | QbftBesuControllerBuilder | Imported #214 / 275 tx / 2384 pending / 66,541,750 (0.0%) gas / (0xe04f5c65d6d03b8128b88493e6801267a92852244bda72e9124b13737b868b28)
2026-10-07 19:36:49.607+00:00 | EthScheduler-Workers-0 | INFO  | PersistBlockTask | Block 215 (0x26853fb8440a57113ee3abc5f1787c3fd69c32f36fee9ef15ea2023333fd3a44) is already imported
2026-10-07 19:36:49.610+00:00 | BftProcessorExecutor-QBFT-0 | INFO  | QbftBesuControllerBuilder | Imported #215 / 273 tx / 2111 pending / 66,057,810 (0.0%) gas / (0x26853fb8440a57113ee3abc5f1787c3fd69c32f36fee9ef15ea2023333fd3a44)
2026-10-07 19:36:53.421+00:00 | EthScheduler-Workers-0 | INFO  | PersistBlockTask | Block 216 (0x753c80df613bf77d15c569ab1cd67bda5f85eed7c579a5ae0587dd90b7a5e895) is already imported
2026-10-07 19:36:53.423+00:00 | BftProcessorExecutor-QBFT-0 | INFO  | QbftBesuControllerBuilder | Produced #216 / 272 tx / 1839 pending / 65,815,840 (0.0%) gas / (0x753c80df613bf77d15c569ab1cd67bda5f85eed7c579a5ae0587dd90b7a5e895)
2026-10-07 19:36:57.200+00:00 | EthScheduler-Workers-0 | INFO  | PersistBlockTask | Block 217 (0x27b32c6fb3d8cbbd57ad3d732b8c559583642c07f8b2469eafc15f11ace179ab) is already imported
2026-10-07 19:36:57.204+00:00 | BftProcessorExecutor-QBFT-0 | INFO  | QbftBesuControllerBuilder | Imported #217 / 272 tx / 1567 pending / 65,815,840 (0.0%) gas / (0x27b32c6fb3d8cbbd57ad3d732b8c559583642c07f8b2469eafc15f11ace179ab)
2026-10-07 19:37:01.017+00:00 | BftProcessorExecutor-QBFT-0 | INFO  | QbftBesuControllerBuilder | Imported #218 / 272 tx / 1295 pending / 65,815,840 (0.0%) gas / (0x3de6bb1ba46621f97ddf5fe0418e3915479ae1b717478d51021c7951bd86f771)
2026-10-07 19:37:04.877+00:00 | BftProcessorExecutor-QBFT-0 | INFO  | QbftBesuControllerBuilder | Imported #219 / 272 tx / 1023 pending / 65,815,840 (0.0%) gas / (0x6b4ba368349c7ce0d430b1c65b283ec28ed4d55924936a61ee346c966db68d46)
2026-10-07 19:37:08.696+00:00 | BftProcessorExecutor-QBFT-0 | INFO  | QbftBesuControllerBuilder | Imported #220 / 272 tx / 751 pending / 65,815,840 (0.0%) gas / (0xdf0d2f05bd79ea134949e88de65efb47647a7e6ed7f31578f1f3408111b98fce)
2026-10-07 19:37:12.143+00:00 | BftProcessorExecutor-QBFT-0 | INFO  | QbftBesuControllerBuilder | Imported #221 / 248 tx / 503 pending / 60,008,560 (0.0%) gas / (0x17e7df38f025e6a342f39f2a5f5f2737869b90fe873b1fc020abccc8ef49cc0a)
2026-10-07 19:37:15.054+00:00 | BftProcessorExecutor-QBFT-0 | INFO  | QbftBesuControllerBuilder | Imported #222 / 203 tx / 300 pending / 49,119,910 (0.0%) gas / (0xa7061eebab54e956f2f9c5a46f6a5b63dc4ddb59c28f2ee14147fe21efcf925a)
2026-10-07 19:37:17.266+00:00 | BftProcessorExecutor-QBFT-0 | INFO  | QbftBesuControllerBuilder | Imported #223 / 156 tx / 144 pending / 37,747,320 (0.0%) gas / (0x442ae99087adfa1ba1ee2d52d8b23fa7a23689d7ea83092f2e96f46d2a865037)
2026-10-07 19:37:18.693+00:00 | BftProcessorExecutor-QBFT-0 | INFO  | QbftBesuControllerBuilder | Imported #224 / 102 tx / 42 pending / 24,680,940 (0.0%) gas / (0xbb6292c98f32372a1a89c6a9070b7e5af59e17e083e75265eec97773c6f1fb59)
2026-10-07 19:37:19.626+00:00 | BftProcessorExecutor-QBFT-0 | INFO  | QbftBesuControllerBuilder | Imported #225 / 42 tx / 0 pending / 10,162,740 (0.0%) gas / (0xd1bb69006be23373e92ceff16b80ae6c074a0a3a19f1ac2054b41054465f5b97)
2026-10-07 19:37:21.063+00:00 | BftProcessorExecutor-QBFT-0 | INFO  | QbftBesuControllerBuilder | Imported #226 / 0 tx / 0 pending / 0 (0.0%) gas / (0xa952cfc9cd7a86c6827c6ff35cf1683b031484935850b8d11e90df6a35afb78a)
2026-10-07 19:37:23.067+00:00 | BftProcessorExecutor-QBFT-0 | INFO  | QbftBesuControllerBuilder | Imported #227 / 0 tx / 0 pending / 0 (0.0%) gas / (0x69c73763915db186f317dcaf1836ab577b231dbdf9ce99eb9c970cc0c928a54f)
2026-10-07 19:37:25.067+00:00 | BftProcessorExecutor-QBFT-0 | INFO  | QbftBesuControllerBuilder | Imported #228 / 0 tx / 0 pending / 0 (0.0%) gas / (0x957a6efa1fb266d8a6838b081dbb2a41e4e50e385a8f1b6450734b83f08f3d0d)
2026-10-07 19:37:27.068+00:00 | BftProcessorExecutor-QBFT-0 | INFO  | QbftBesuControllerBuilder | Imported #229 / 0 tx / 0 pending / 0 (0.0%) gas / (0x54c860865da2c1ad00b0715e79970761c9ff25e2028fcbd4d1ccac6040b7fd9e)
2026-10-07 19:37:29.055+00:00 | BftProcessorExecutor-QBFT-0 | INFO  | QbftBesuControllerBuilder | Imported #230 / 0 tx / 0 pending / 0 (0.0%) gas / (0x2a56bbb3e9f52c6f641f5acb1e8d9f7b2df2e28f32ea1a9b81e914a93304b411)
2026-10-07 19:37:31.072+00:00 | BftProcessorExecutor-QBFT-0 | INFO  | QbftBesuControllerBuilder | Produced #231 / 0 tx / 0 pending / 0 (0.0%) gas / (0x933f5be17bbd974b2dd10994a19d03709404ac7ebb6490df1de031988f5930d8)
2026-10-07 19:37:31.073+00:00 | EthScheduler-Workers-0 | INFO  | PersistBlockTask | Block 231 (0x933f5be17bbd974b2dd10994a19d03709404ac7ebb6490df1de031988f5930d8) is already imported
2026-10-07 19:37:33.075+00:00 | BftProcessorExecutor-QBFT-0 | INFO  | QbftBesuControllerBuilder | Imported #232 / 0 tx / 0 pending / 0 (0.0%) gas / (0xfeeddce9a0bc60a524cf09e2960d3821890fe644c971ef25462ed8663c0e684c)
2026-10-07 19:37:35.075+00:00 | BftProcessorExecutor-QBFT-0 | INFO  | QbftBesuControllerBuilder | Imported #233 / 0 tx / 0 pending / 0 (0.0%) gas / (0x520dbf2bd0560a8c72de8fac1b3cbd00f5b4e3c026a2a7c6ece63b5f0565c194)
2026-10-07 19:37:35.077+00:00 | EthScheduler-Workers-0 | INFO  | PersistBlockTask | Block 233 (0x520dbf2bd0560a8c72de8fac1b3cbd00f5b4e3c026a2a7c6ece63b5f0565c194) is already imported
2026-10-07 19:37:37.079+00:00 | BftProcessorExecutor-QBFT-0 | INFO  | QbftBesuControllerBuilder | Imported #234 / 0 tx / 0 pending / 0 (0.0%) gas / (0x554e7c0fcbe1ab8bee95a770e39f7fdeeac4e07f2cca89a673da2fb21d178b93)
2026-10-07 19:37:39.084+00:00 | EthScheduler-Workers-0 | INFO  | PersistBlockTask | Block 235 (0xe540d973f83ef07c0ddc18e18c01e4aa085b4aea50dba44ba20bdde29600258e) is already imported
2026-10-07 19:37:39.084+00:00 | BftProcessorExecutor-QBFT-0 | INFO  | QbftBesuControllerBuilder | Imported #235 / 0 tx / 0 pending / 0 (0.0%) gas / (0xe540d973f83ef07c0ddc18e18c01e4aa085b4aea50dba44ba20bdde29600258e)
2026-10-07 19:37:41.076+00:00 | BftProcessorExecutor-QBFT-0 | INFO  | QbftBesuControllerBuilder | Imported #236 / 0 tx / 0 pending / 0 (0.0%) gas / (0xac2c10ea67f3c7b78a2185b9733b6bb5da7c49e9e9c2ff157d9ee6fc53297c74)
2026-10-07 19:37:43.069+00:00 | BftProcessorExecutor-QBFT-0 | INFO  | QbftBesuControllerBuilder | Imported #237 / 0 tx / 0 pending / 0 (0.0%) gas / (0x5d30fb257b8213d93bcbdf49dd5915b15172f4e17db3b4bafcfcfbf7b19ccbf7)
2026-10-07 19:37:45.071+00:00 | BftProcessorExecutor-QBFT-0 | INFO  | QbftBesuControllerBuilder | Imported #238 / 0 tx / 0 pending / 0 (0.0%) gas / (0x75b71e9c04c6f51a1e1904bc521d25878b1c3bb25d71df14f406da9185b154b3)
2026-10-07 19:37:45.073+00:00 | EthScheduler-Workers-0 | INFO  | PersistBlockTask | Block 238 (0x75b71e9c04c6f51a1e1904bc521d25878b1c3bb25d71df14f406da9185b154b3) is already imported
2026-10-07 19:37:47.082+00:00 | EthScheduler-Workers-0 | INFO  | PersistBlockTask | Block 239 (0x93f6deeb85a61fc4f0dd85ddc4bce6b00f5eca0bce0a0e23f1d55ddd20aa525d) is already imported
2026-10-07 19:37:47.082+00:00 | BftProcessorExecutor-QBFT-0 | INFO  | QbftBesuControllerBuilder | Imported #239 / 0 tx / 0 pending / 0 (0.0%) gas / (0x93f6deeb85a61fc4f0dd85ddc4bce6b00f5eca0bce0a0e23f1d55ddd20aa525d)
2026-10-07 19:37:49.075+00:00 | EthScheduler-Workers-0 | INFO  | PersistBlockTask | Block 240 (0x666e59dbdaffb69e758e81979c0a6b7d2136878416f26e2990adef09dbe7b8b0) is already imported
2026-10-07 19:37:49.075+00:00 | BftProcessorExecutor-QBFT-0 | INFO  | QbftBesuControllerBuilder | Imported #240 / 0 tx / 0 pending / 0 (0.0%) gas / (0x666e59dbdaffb69e758e81979c0a6b7d2136878416f26e2990adef09dbe7b8b0)
2026-10-07 19:37:51.063+00:00 | BftProcessorExecutor-QBFT-0 | INFO  | QbftBesuControllerBuilder | Imported #241 / 0 tx / 0 pending / 0 (0.0%) gas / (0x76f2d9f21e88aeec60f23c358c7c57b3ab632c02c3c52aa88ac04335fb45407c)
2026-10-07 19:37:53.067+00:00 | BftProcessorExecutor-QBFT-0 | INFO  | QbftBesuControllerBuilder | Imported #242 / 0 tx / 0 pending / 0 (0.0%) gas / (0x6c52ad49c07491edc5442c2b19648b8ddcc6bc27863a1da7adffeeb33b4d38f4)
2026-10-07 19:37:55.069+00:00 | BftProcessorExecutor-QBFT-0 | INFO  | QbftBesuControllerBuilder | Imported #243 / 0 tx / 0 pending / 0 (0.0%) gas / (0xe15c0b1675e65e9c999db6fa86b46b8e4c202db24a0e0ffda8e4b5e799da0f80)
2026-10-07 19:37:57.070+00:00 | BftProcessorExecutor-QBFT-0 | INFO  | QbftBesuControllerBuilder | Imported #244 / 0 tx / 0 pending / 0 (0.0%) gas / (0x55d4d65e495231272f0a2a6d88333831efaf5aa65616b6f7c7bfc36e21baa137)
2026-10-07 19:37:59.061+00:00 | BftProcessorExecutor-QBFT-0 | INFO  | QbftBesuControllerBuilder | Imported #245 / 0 tx / 0 pending / 0 (0.0%) gas / (0x98a5e3f2c53824f1f7c6ba00131c92bcde977b0e56ae322552751e7061bff89e)
2026-10-07 19:38:01.073+00:00 | BftProcessorExecutor-QBFT-0 | INFO  | QbftBesuControllerBuilder | Produced #246 / 0 tx / 0 pending / 0 (0.0%) gas / (0x5f2d57863ba85d1e58af412e6ceea258c65c2a03912f8007ee160c0ccaec1ed7)
2026-10-07 19:38:03.062+00:00 | BftProcessorExecutor-QBFT-0 | INFO  | QbftBesuControllerBuilder | Imported #247 / 0 tx / 0 pending / 0 (0.0%) gas / (0x7f798212ab278194e053e79d05d2dab8112f2f447d1cad2550238f6726e4d205)
2026-10-07 19:38:05.061+00:00 | BftProcessorExecutor-QBFT-0 | INFO  | QbftBesuControllerBuilder | Imported #248 / 0 tx / 0 pending / 0 (0.0%) gas / (0x70bccbb0f2cc2d976055e8e17832e4a45d1a27a440862c60bca9116b651fece6)
2026-10-07 19:38:07.068+00:00 | BftProcessorExecutor-QBFT-0 | INFO  | QbftBesuControllerBuilder | Imported #249 / 0 tx / 0 pending / 0 (0.0%) gas / (0x77474ac1ddf018a90d70bc25f4c4938f5c5f0c407ee8a2864b50791824901b2b)
2026-10-07 19:38:07.068+00:00 | EthScheduler-Workers-0 | INFO  | PersistBlockTask | Block 249 (0x77474ac1ddf018a90d70bc25f4c4938f5c5f0c407ee8a2864b50791824901b2b) is already imported
2026-10-07 19:38:09.068+00:00 | BftProcessorExecutor-QBFT-0 | INFO  | QbftBesuControllerBuilder | Imported #250 / 0 tx / 0 pending / 0 (0.0%) gas / (0x24e2d82e70d7c50e859d19dd6c01325beb4cd70d2fc1307ac6b57fbf31a50a77)
2026-10-07 19:38:11.072+00:00 | BftProcessorExecutor-QBFT-0 | INFO  | QbftBesuControllerBuilder | Imported #251 / 0 tx / 0 pending / 0 (0.0%) gas / (0xa7c8d0ea26388ee986689556768bdcbd6db3ea952074c011dcc170196ac55f2b)
2026-10-07 19:38:13.062+00:00 | BftProcessorExecutor-QBFT-0 | INFO  | QbftBesuControllerBuilder | Imported #252 / 0 tx / 0 pending / 0 (0.0%) gas / (0xb825a129d5dad4ac4f1c5b26a1123d18a2e3a58311e26172fb8be62f0795f05d)
2026-10-07 19:38:15.063+00:00 | BftProcessorExecutor-QBFT-0 | INFO  | QbftBesuControllerBuilder | Imported #253 / 0 tx / 0 pending / 0 (0.0%) gas / (0xbf62a65da62092fd315c3b2f6894d6475f2ee7950bee2dab74d6e570e34bb21f)
2026-10-07 19:38:17.062+00:00 | BftProcessorExecutor-QBFT-0 | INFO  | QbftBesuControllerBuilder | Imported #254 / 0 tx / 0 pending / 0 (0.0%) gas / (0xc0f655717b870c4e8d70cd6c9330df178d98709106d41744a1eedce698f3635c)
2026-10-07 19:38:19.064+00:00 | BftProcessorExecutor-QBFT-0 | INFO  | QbftBesuControllerBuilder | Imported #255 / 0 tx / 0 pending / 0 (0.0%) gas / (0x35cac7da339dcc3d1a641c986834f063b85ee71582fa502e3a39de19bf2b505c)
2026-10-07 19:38:21.064+00:00 | BftProcessorExecutor-QBFT-0 | INFO  | QbftBesuControllerBuilder | Imported #256 / 0 tx / 0 pending / 0 (0.0%) gas / (0x5ca208440adb1bede4b8a9a74c3859949f2fd5fb4f8bb9d82568747a80fe16b1)
2026-10-07 19:38:23.179+00:00 | BftProcessorExecutor-QBFT-0 | INFO  | QbftBesuControllerBuilder | Imported #257 / 32 tx / 479 pending / 4,916,252 (0.0%) gas / (0x1d7d1ae787b04d4b5486a87c6cc7cfbc440eb134c5278207b7e91b7673b7c085)
2026-10-07 19:38:25.216+00:00 | BftProcessorExecutor-QBFT-0 | INFO  | QbftBesuControllerBuilder | Imported #258 / 34 tx / 446 pending / 5,223,516 (0.0%) gas / (0xcdd149a474cbfb921e3b7ca8cbd97c73b93092ea562e9e2acb15ad704e5a8645)
2026-10-07 19:38:27.224+00:00 | BftProcessorExecutor-QBFT-0 | INFO  | QbftBesuControllerBuilder | Imported #259 / 34 tx / 412 pending / 5,223,484 (0.0%) gas / (0x533b7e1788b06b11270a6914f41ed82ebdf8179a1d3f1e2e33744cbe13a7b9de)
2026-10-07 19:38:29.212+00:00 | BftProcessorExecutor-QBFT-0 | INFO  | QbftBesuControllerBuilder | Imported #260 / 34 tx / 378 pending / 5,223,460 (0.0%) gas / (0x2cfcb41ef55983fdb7f9d735eaf479b839fd751f2c76cbc0fbd4aeb214e8e282)
2026-10-07 19:38:31.224+00:00 | BftProcessorExecutor-QBFT-0 | INFO  | QbftBesuControllerBuilder | Produced #261 / 34 tx / 344 pending / 5,223,516 (0.0%) gas / (0xb75482004cff437dd0319f859e31ab0c32b975439d86fcc0abf184c9985acbde)
2026-10-07 19:38:33.238+00:00 | BftProcessorExecutor-QBFT-0 | INFO  | QbftBesuControllerBuilder | Imported #262 / 34 tx / 310 pending / 5,223,484 (0.0%) gas / (0x3d2350427b9200c33c526eb296d6274671ebc6a2a4e9f7e39f0d690689c698f9)
2026-10-07 19:38:35.217+00:00 | BftProcessorExecutor-QBFT-0 | INFO  | QbftBesuControllerBuilder | Imported #263 / 34 tx / 276 pending / 5,223,468 (0.0%) gas / (0xd76062a4600f6f8a702e8d802d3f8df9237ded7d3864fe46fc4dda28479d6a43)
2026-10-07 19:38:37.260+00:00 | EthScheduler-Workers-0 | INFO  | PersistBlockTask | Block 264 (0x172c1b84da02e216c163a1a3800c873ff1aaf7ae601bfc3d22ea1c1e3790eff8) is already imported
2026-10-07 19:38:37.261+00:00 | BftProcessorExecutor-QBFT-0 | INFO  | QbftBesuControllerBuilder | Imported #264 / 34 tx / 242 pending / 5,223,400 (0.0%) gas / (0x172c1b84da02e216c163a1a3800c873ff1aaf7ae601bfc3d22ea1c1e3790eff8)
2026-10-07 19:38:39.224+00:00 | BftProcessorExecutor-QBFT-0 | INFO  | QbftBesuControllerBuilder | Imported #265 / 34 tx / 208 pending / 5,223,616 (0.0%) gas / (0x773981caf158433ebad5cafa2957f58b52bcb302465caf8ab19421c728a87a69)
2026-10-07 19:38:41.186+00:00 | BftProcessorExecutor-QBFT-0 | INFO  | QbftBesuControllerBuilder | Imported #266 / 34 tx / 174 pending / 5,223,700 (0.0%) gas / (0x6ab2f2d7ee560b21186281da76e3f226f564ce3184be62c5305e3eeb2015e828)
2026-10-07 19:38:43.182+00:00 | BftProcessorExecutor-QBFT-0 | INFO  | QbftBesuControllerBuilder | Imported #267 / 34 tx / 140 pending / 5,223,496 (0.0%) gas / (0x8187fc04872623cb8b6bd285fd8d475508f67d369bd32b3e97fc24171203c599)
2026-10-07 19:38:45.191+00:00 | BftProcessorExecutor-QBFT-0 | INFO  | QbftBesuControllerBuilder | Imported #268 / 34 tx / 106 pending / 5,223,532 (0.0%) gas / (0x78b3b3c83e297505e040293b179d5f46050961adfb2947423f0668cb47a611f1)
2026-10-07 19:38:47.206+00:00 | BftProcessorExecutor-QBFT-0 | INFO  | QbftBesuControllerBuilder | Imported #269 / 34 tx / 72 pending / 5,223,448 (0.0%) gas / (0x48d288a7942b6a3405d20639848cb8c47ef27594167cd1b1f9a946797108efbc)
2026-10-07 19:38:49.212+00:00 | EthScheduler-Workers-0 | INFO  | PersistBlockTask | Block 270 (0x753340e06e722922dfcd474a0efd272a03b482b5928aa9d30e40959160b6243c) is already imported
2026-10-07 19:38:49.212+00:00 | BftProcessorExecutor-QBFT-0 | INFO  | QbftBesuControllerBuilder | Imported #270 / 35 tx / 37 pending / 5,377,058 (0.0%) gas / (0x753340e06e722922dfcd474a0efd272a03b482b5928aa9d30e40959160b6243c)
2026-10-07 19:38:51.173+00:00 | BftProcessorExecutor-QBFT-0 | INFO  | QbftBesuControllerBuilder | Imported #271 / 35 tx / 2 pending / 5,377,090 (0.0%) gas / (0xae032542dbca8f8e54a032f58a26e5ee3fcd0f81d0771db8dff675827efcb415)
2026-10-07 19:38:53.063+00:00 | BftProcessorExecutor-QBFT-0 | INFO  | QbftBesuControllerBuilder | Imported #272 / 2 tx / 0 pending / 307,280 (0.0%) gas / (0x3d53dbd4b328f011ef173f87ea8549c820ae6a9e7e427bc31b8476cfc3317b03)
2026-10-07 19:38:55.075+00:00 | BftProcessorExecutor-QBFT-0 | INFO  | QbftBesuControllerBuilder | Imported #273 / 0 tx / 0 pending / 0 (0.0%) gas / (0x0d31ac5f5eb14c51d0412df860c20eccdeb955dbf1afeedeeffc5679a1516839)
2026-10-07 19:38:57.070+00:00 | BftProcessorExecutor-QBFT-0 | INFO  | QbftBesuControllerBuilder | Imported #274 / 0 tx / 0 pending / 0 (0.0%) gas / (0x6d9c1081f0a5009b4d1d5cdcb56a8e851311b7a7d82a8ac25a882122b41b2d0a)
2026-10-07 19:38:59.073+00:00 | BftProcessorExecutor-QBFT-0 | INFO  | QbftBesuControllerBuilder | Imported #275 / 0 tx / 0 pending / 0 (0.0%) gas / (0xec767e5274b74cd8dfeac8fedf329140454b117704165cbf0f3db8227fa544db)
2026-10-07 19:39:01.060+00:00 | BftProcessorExecutor-QBFT-0 | INFO  | QbftBesuControllerBuilder | Produced #276 / 0 tx / 0 pending / 0 (0.0%) gas / (0xca377ab8ddc3c2e3c5f1091c66dbbe3bb1b377c881ddd89a169e1238c54fecf2)
2026-10-07 19:39:03.065+00:00 | BftProcessorExecutor-QBFT-0 | INFO  | QbftBesuControllerBuilder | Imported #277 / 0 tx / 0 pending / 0 (0.0%) gas / (0x5c1fec4c859001eff70eb717b6a8fe72492340f74781e94fd614cfa134992a33)
2026-10-07 19:39:05.075+00:00 | BftProcessorExecutor-QBFT-0 | INFO  | QbftBesuControllerBuilder | Imported #278 / 0 tx / 0 pending / 0 (0.0%) gas / (0x939aef195d6b52dd52a209fab2c6b64dfc1681c7989ff21e8bf4d8723d430ea3)
2026-10-07 19:39:07.076+00:00 | BftProcessorExecutor-QBFT-0 | INFO  | QbftBesuControllerBuilder | Imported #279 / 0 tx / 0 pending / 0 (0.0%) gas / (0xd41fd5af869c07b77aac9bf1609432026282d4a863748310c865f5977c82933c)
2026-10-07 19:39:09.069+00:00 | BftProcessorExecutor-QBFT-0 | INFO  | QbftBesuControllerBuilder | Imported #280 / 0 tx / 0 pending / 0 (0.0%) gas / (0xaef3c519767cd402bf9fe9fc222ee7284ba4bdefa43a2c73b5db8e9d7d2a65ad)
2026-10-07 19:39:09.071+00:00 | EthScheduler-Workers-0 | INFO  | PersistBlockTask | Block 280 (0xaef3c519767cd402bf9fe9fc222ee7284ba4bdefa43a2c73b5db8e9d7d2a65ad) is already imported
2026-10-07 19:39:11.073+00:00 | BftProcessorExecutor-QBFT-0 | INFO  | QbftBesuControllerBuilder | Imported #281 / 0 tx / 0 pending / 0 (0.0%) gas / (0x909bc95f904b74a839c66fc076d0efa6e3ac7198cd7721b03195a51127e87bcd)
2026-10-07 19:39:11.074+00:00 | EthScheduler-Workers-0 | INFO  | PersistBlockTask | Block 281 (0x909bc95f904b74a839c66fc076d0efa6e3ac7198cd7721b03195a51127e87bcd) is already imported
2026-10-07 19:39:13.068+00:00 | EthScheduler-Workers-0 | INFO  | PersistBlockTask | Block 282 (0x68ef13d7eab7611c094d1f44fb5af49b88495db6e5cd6ac75591202673568d61) is already imported
2026-10-07 19:39:13.068+00:00 | BftProcessorExecutor-QBFT-0 | INFO  | QbftBesuControllerBuilder | Imported #282 / 0 tx / 0 pending / 0 (0.0%) gas / (0x68ef13d7eab7611c094d1f44fb5af49b88495db6e5cd6ac75591202673568d61)
2026-10-07 19:39:15.059+00:00 | BftProcessorExecutor-QBFT-0 | INFO  | QbftBesuControllerBuilder | Imported #283 / 0 tx / 0 pending / 0 (0.0%) gas / (0x729bcce1c8db174af3e5afaafd7596630c43cd91dd2debf1939995c436a25b5b)
2026-10-07 19:39:17.762+00:00 | BftProcessorExecutor-QBFT-0 | INFO  | QbftBesuControllerBuilder | Imported #284 / 42 tx / 875 pending / 10,162,740 (0.0%) gas / (0x99ca3457473b91dbc773b025956f95363f580af00697e6e65a033716c309c8f3)
2026-10-07 19:39:20.448+00:00 | BftProcessorExecutor-QBFT-0 | INFO  | QbftBesuControllerBuilder | Imported #285 / 94 tx / 1807 pending / 22,745,180 (0.0%) gas / (0x6e65178c973b0e9932734332fb4234803559c9a1634d6113291485dbe06f3612)
2026-10-07 19:39:23.129+00:00 | BftProcessorExecutor-QBFT-0 | INFO  | QbftBesuControllerBuilder | Imported #286 / 142 tx / 2662 pending / 34,359,740 (0.0%) gas / (0x871ee9d47fb6b73daa7c42986579a64a3a621c7cb0d2a426b74c5aece362b2df)
2026-10-07 19:39:25.977+00:00 | EthScheduler-Workers-0 | INFO  | PersistBlockTask | Block 287 (0x31be0d3102275edb9bbf5f0b834b92b8f58a4db12b76635afb9e6a15d47c3e80) is already imported
2026-10-07 19:39:25.980+00:00 | BftProcessorExecutor-QBFT-0 | INFO  | QbftBesuControllerBuilder | Imported #287 / 198 tx / 3620 pending / 47,910,060 (0.0%) gas / (0x31be0d3102275edb9bbf5f0b834b92b8f58a4db12b76635afb9e6a15d47c3e80)
2026-10-07 19:39:29.812+00:00 | BftProcessorExecutor-QBFT-0 | INFO  | QbftBesuControllerBuilder | Imported #288 / 275 tx / 3345 pending / 66,541,750 (0.0%) gas / (0xdf2729a1a0227c7a4daa1f4b05c65f1aacb75daddb3b49c54f77cf52cb14e673)
2026-10-07 19:39:33.667+00:00 | EthScheduler-Workers-0 | INFO  | PersistBlockTask | Block 289 (0x15df2419734d7792d188c9a45ae3ec4dac22431f55ef0711f6c48f10892e4d77) is already imported
2026-10-07 19:39:33.672+00:00 | BftProcessorExecutor-QBFT-0 | INFO  | QbftBesuControllerBuilder | Imported #289 / 275 tx / 3070 pending / 66,541,750 (0.0%) gas / (0x15df2419734d7792d188c9a45ae3ec4dac22431f55ef0711f6c48f10892e4d77)
2026-10-07 19:39:37.470+00:00 | EthScheduler-Workers-0 | INFO  | PersistBlockTask | Block 290 (0x05214d3aad7059449b1aac9ff53a8882e844ae210415a1a33e78694f484168d3) is already imported
2026-10-07 19:39:37.474+00:00 | BftProcessorExecutor-QBFT-0 | INFO  | QbftBesuControllerBuilder | Imported #290 / 273 tx / 2797 pending / 66,057,810 (0.0%) gas / (0x05214d3aad7059449b1aac9ff53a8882e844ae210415a1a33e78694f484168d3)
2026-10-07 19:39:41.338+00:00 | EthScheduler-Workers-0 | INFO  | PersistBlockTask | Block 291 (0x763118f06bb3c7e96a54c937e788f2a77289d5f9540b01e799bab6626761eaa5) is already imported
2026-10-07 19:39:41.340+00:00 | BftProcessorExecutor-QBFT-0 | INFO  | QbftBesuControllerBuilder | Produced #291 / 272 tx / 2525 pending / 65,815,840 (0.0%) gas / (0x763118f06bb3c7e96a54c937e788f2a77289d5f9540b01e799bab6626761eaa5)
2026-10-07 19:39:45.142+00:00 | BftProcessorExecutor-QBFT-0 | INFO  | QbftBesuControllerBuilder | Imported #292 / 272 tx / 2253 pending / 65,815,840 (0.0%) gas / (0x5080875f0c9b3c066aeafb23c0cdace1127bf1d720ddb0968044f7d2fa377df8)
2026-10-07 19:39:48.964+00:00 | EthScheduler-Workers-0 | INFO  | PersistBlockTask | Block 293 (0xbe40344dd36c19fec49fc7397bccb7b2b355149f40e19ffab01b213275a38f88) is already imported
2026-10-07 19:39:48.980+00:00 | BftProcessorExecutor-QBFT-0 | INFO  | QbftBesuControllerBuilder | Imported #293 / 272 tx / 1981 pending / 65,815,840 (0.0%) gas / (0xbe40344dd36c19fec49fc7397bccb7b2b355149f40e19ffab01b213275a38f88)
2026-10-07 19:39:52.802+00:00 | EthScheduler-Workers-0 | INFO  | PersistBlockTask | Block 294 (0x847b537d72cf44ebe8f4bcf8ef338c9a4cbd37eb77a4eb9886212e63f1e51b73) is already imported
2026-10-07 19:39:52.804+00:00 | BftProcessorExecutor-QBFT-0 | INFO  | QbftBesuControllerBuilder | Imported #294 / 272 tx / 1709 pending / 65,815,840 (0.0%) gas / (0x847b537d72cf44ebe8f4bcf8ef338c9a4cbd37eb77a4eb9886212e63f1e51b73)
2026-10-07 19:39:56.666+00:00 | EthScheduler-Workers-0 | INFO  | PersistBlockTask | Block 295 (0x247d28aff4824c1ddf4b1b5ca0bbd32c5d539c12a081ba16e3e0b9da12ccdda2) is already imported
2026-10-07 19:39:56.669+00:00 | BftProcessorExecutor-QBFT-0 | INFO  | QbftBesuControllerBuilder | Imported #295 / 272 tx / 1437 pending / 65,815,840 (0.0%) gas / (0x247d28aff4824c1ddf4b1b5ca0bbd32c5d539c12a081ba16e3e0b9da12ccdda2)
2026-10-07 19:40:00.465+00:00 | EthScheduler-Workers-0 | INFO  | PersistBlockTask | Block 296 (0xd9d33b06251ae459819d4cb08df33aff1d830699cd43ea1eaa310f23a14b02ee) is already imported
2026-10-07 19:40:00.468+00:00 | BftProcessorExecutor-QBFT-0 | INFO  | QbftBesuControllerBuilder | Imported #296 / 272 tx / 1165 pending / 65,815,840 (0.0%) gas / (0xd9d33b06251ae459819d4cb08df33aff1d830699cd43ea1eaa310f23a14b02ee)
2026-10-07 19:40:04.201+00:00 | EthScheduler-Workers-0 | INFO  | PersistBlockTask | Block 297 (0x8a20f18c920e498dddef4c32f6169595e03d69d1177ace0fc2fc8cb2fe69703b) is already imported
2026-10-07 19:40:04.204+00:00 | BftProcessorExecutor-QBFT-0 | INFO  | QbftBesuControllerBuilder | Imported #297 / 272 tx / 893 pending / 65,815,840 (0.0%) gas / (0x8a20f18c920e498dddef4c32f6169595e03d69d1177ace0fc2fc8cb2fe69703b)
2026-10-07 19:40:08.043+00:00 | EthScheduler-Workers-0 | INFO  | PersistBlockTask | Block 298 (0xad314fbd159eb0a8a776349f2c8152206ffe97707f3b077cd3fe211ce4783eeb) is already imported
2026-10-07 19:40:08.046+00:00 | BftProcessorExecutor-QBFT-0 | INFO  | QbftBesuControllerBuilder | Imported #298 / 272 tx / 621 pending / 65,815,840 (0.0%) gas / (0xad314fbd159eb0a8a776349f2c8152206ffe97707f3b077cd3fe211ce4783eeb)
2026-10-07 19:40:11.199+00:00 | EthScheduler-Workers-0 | INFO  | PersistBlockTask | Block 299 (0x2e6583ad57da87f2e0a1dadc54b77e7a3fe67a0958ca105a719fd5a436152b8f) is already imported
2026-10-07 19:40:11.201+00:00 | BftProcessorExecutor-QBFT-0 | INFO  | QbftBesuControllerBuilder | Imported #299 / 230 tx / 391 pending / 55,653,100 (0.0%) gas / (0x2e6583ad57da87f2e0a1dadc54b77e7a3fe67a0958ca105a719fd5a436152b8f)
2026-10-07 19:40:13.699+00:00 | EthScheduler-Workers-0 | INFO  | PersistBlockTask | Block 300 (0x7c71fd3873e26dc1834940867e9cc5cd45828e5aab4e36a72775b7f4c2b87754) is already imported
2026-10-07 19:40:13.700+00:00 | BftProcessorExecutor-QBFT-0 | INFO  | QbftBesuControllerBuilder | Imported #300 / 181 tx / 210 pending / 43,796,570 (0.0%) gas / (0x7c71fd3873e26dc1834940867e9cc5cd45828e5aab4e36a72775b7f4c2b87754)
2026-10-07 19:40:15.573+00:00 | BftProcessorExecutor-QBFT-0 | INFO  | QbftBesuControllerBuilder | Imported #301 / 133 tx / 77 pending / 32,182,010 (0.0%) gas / (0x0100057b48ece5259386c2b3e2173dce6896b2d9150d6eccab2648665dbc541a)
2026-10-07 19:40:17.112+00:00 | BftProcessorExecutor-QBFT-0 | INFO  | QbftBesuControllerBuilder | Imported #302 / 77 tx / 0 pending / 18,631,690 (0.0%) gas / (0xc4f93ce1d40255ec8d4119b429fc94612e3d54493b57f580988aa60c2dd3c7b3)
2026-10-07 19:40:18.064+00:00 | BftProcessorExecutor-QBFT-0 | INFO  | QbftBesuControllerBuilder | Imported #303 / 0 tx / 0 pending / 0 (0.0%) gas / (0x89644fbabde2362007c55e8f7264b6610e865c8d6dede20295e4f812a0aa6bce)
2026-10-07 19:40:20.077+00:00 | EthScheduler-Workers-0 | INFO  | PersistBlockTask | Block 304 (0x80d71ad03e2d70c75dc58f1254f6cf57c6c13f1cef7623b6e11311b487026db5) is already imported
2026-10-07 19:40:20.077+00:00 | BftProcessorExecutor-QBFT-0 | INFO  | QbftBesuControllerBuilder | Imported #304 / 0 tx / 0 pending / 0 (0.0%) gas / (0x80d71ad03e2d70c75dc58f1254f6cf57c6c13f1cef7623b6e11311b487026db5)
2026-10-07 19:40:22.061+00:00 | BftProcessorExecutor-QBFT-0 | INFO  | QbftBesuControllerBuilder | Imported #305 / 0 tx / 0 pending / 0 (0.0%) gas / (0xaaa5d377318fec06b5a05941d0ac6e1982a272e6d7ab39d3ea8563564ce123d4)
2026-10-07 19:40:24.065+00:00 | BftProcessorExecutor-QBFT-0 | INFO  | QbftBesuControllerBuilder | Produced #306 / 0 tx / 0 pending / 0 (0.0%) gas / (0x5b16f0d8c470d273165ef58369627c20a5b6e5c6a703b7be8bc7a1e9d2fc2ecf)
2026-10-07 19:40:26.058+00:00 | BftProcessorExecutor-QBFT-0 | INFO  | QbftBesuControllerBuilder | Imported #307 / 0 tx / 0 pending / 0 (0.0%) gas / (0xf62e06490a00882ee05f72262ee18f3a92fbf5e0efba21f3827c2b8e700e55ce)
2026-10-07 19:40:28.069+00:00 | BftProcessorExecutor-QBFT-0 | INFO  | QbftBesuControllerBuilder | Imported #308 / 0 tx / 0 pending / 0 (0.0%) gas / (0x90d0c0e22fa3b2e3fc312b1fc4b63c277a80ee1fe6c49b6d08ce4e1cb13dce68)
2026-10-07 19:40:30.072+00:00 | BftProcessorExecutor-QBFT-0 | INFO  | QbftBesuControllerBuilder | Imported #309 / 0 tx / 0 pending / 0 (0.0%) gas / (0xf742bddff06259e777c8ac63c97eec53533249f9c3930411c6235e89a8458bdd)
2026-10-07 19:40:32.063+00:00 | BftProcessorExecutor-QBFT-0 | INFO  | QbftBesuControllerBuilder | Imported #310 / 0 tx / 0 pending / 0 (0.0%) gas / (0xd18bb396fda63a26f6e10a36f666697f2101f730e12a9585da88129026d1d2bc)
2026-10-07 19:40:34.087+00:00 | BftProcessorExecutor-QBFT-0 | INFO  | QbftBesuControllerBuilder | Imported #311 / 0 tx / 0 pending / 0 (0.0%) gas / (0x819c55102a327ce176433828a61751a93ca5f78358b474c6259c10be0865de9e)
2026-10-07 19:40:34.089+00:00 | EthScheduler-Workers-0 | INFO  | PersistBlockTask | Block 311 (0x819c55102a327ce176433828a61751a93ca5f78358b474c6259c10be0865de9e) is already imported
2026-10-07 19:40:36.062+00:00 | BftProcessorExecutor-QBFT-0 | INFO  | QbftBesuControllerBuilder | Imported #312 / 0 tx / 0 pending / 0 (0.0%) gas / (0x37f7f5e2fb2f3b4713e08af49fd02284e8d27a17beaa2269bbeba37fa797590d)
2026-10-07 19:40:38.065+00:00 | BftProcessorExecutor-QBFT-0 | INFO  | QbftBesuControllerBuilder | Imported #313 / 0 tx / 0 pending / 0 (0.0%) gas / (0xb970c6d05e82e7b1e8eaef3a0425e225efa8f2219224c8ab0c27fb7aa0b05737)
2026-10-07 19:40:40.072+00:00 | BftProcessorExecutor-QBFT-0 | INFO  | QbftBesuControllerBuilder | Imported #314 / 0 tx / 0 pending / 0 (0.0%) gas / (0xca23536f3e046beab0e26091c9bd1525dfac4ee9f7f73c447653373783f8a8e0)
2026-10-07 19:40:42.090+00:00 | EthScheduler-Workers-0 | INFO  | PersistBlockTask | Block 315 (0xedf6e9be75d7123f4d5c270019f4e41a5b7c0670c5de58bb52c09bfdeba1c7d8) is already imported
2026-10-07 19:40:42.090+00:00 | BftProcessorExecutor-QBFT-0 | INFO  | QbftBesuControllerBuilder | Imported #315 / 0 tx / 0 pending / 0 (0.0%) gas / (0xedf6e9be75d7123f4d5c270019f4e41a5b7c0670c5de58bb52c09bfdeba1c7d8)
2026-10-07 19:40:44.082+00:00 | EthScheduler-Workers-0 | INFO  | PersistBlockTask | Block 316 (0xa42bec12e6ee4d7a1933a23dc0d9c8e8aa42a267fa070ae6ab1b6a8f026df92e) is already imported
2026-10-07 19:40:44.083+00:00 | BftProcessorExecutor-QBFT-0 | INFO  | QbftBesuControllerBuilder | Imported #316 / 0 tx / 0 pending / 0 (0.0%) gas / (0xa42bec12e6ee4d7a1933a23dc0d9c8e8aa42a267fa070ae6ab1b6a8f026df92e)
2026-10-07 19:40:46.081+00:00 | BftProcessorExecutor-QBFT-0 | INFO  | QbftBesuControllerBuilder | Imported #317 / 0 tx / 0 pending / 0 (0.0%) gas / (0x6437922041ea83f2628562a2b568b369ad0373fd6b37c87092c84e855210ca9c)
2026-10-07 19:40:48.087+00:00 | BftProcessorExecutor-QBFT-0 | INFO  | QbftBesuControllerBuilder | Imported #318 / 0 tx / 0 pending / 0 (0.0%) gas / (0xc84005b58425aa555be425652f0ab8f90797ddf78366eedca9174601dcbcfa21)
2026-10-07 19:40:50.084+00:00 | BftProcessorExecutor-QBFT-0 | INFO  | QbftBesuControllerBuilder | Imported #319 / 0 tx / 0 pending / 0 (0.0%) gas / (0xb34412298f41b7961350959a6ce87eb3424c86d10c7394bd0764ef0b06465fb1)
2026-10-07 19:40:52.080+00:00 | BftProcessorExecutor-QBFT-0 | INFO  | QbftBesuControllerBuilder | Imported #320 / 0 tx / 0 pending / 0 (0.0%) gas / (0xf033c493c179efb5bfac5eda7852aa5a49614d12ebbe4eb05aa3f641f2a2d87b)
2026-10-07 19:40:52.083+00:00 | EthScheduler-Workers-0 | INFO  | PersistBlockTask | Block 320 (0xf033c493c179efb5bfac5eda7852aa5a49614d12ebbe4eb05aa3f641f2a2d87b) is already imported
2026-10-07 19:40:54.090+00:00 | BftProcessorExecutor-QBFT-0 | INFO  | QbftBesuControllerBuilder | Produced #321 / 0 tx / 0 pending / 0 (0.0%) gas / (0x86cb83605240525a5d544a625aa77d6ec2fcfea5920eb4b98d1692a48d11d2f6)
2026-10-07 19:40:56.080+00:00 | BftProcessorExecutor-QBFT-0 | INFO  | QbftBesuControllerBuilder | Imported #322 / 0 tx / 0 pending / 0 (0.0%) gas / (0x56706bcfa4fe406a0f46320c69950566dbf776440514653626096af59689e41c)
2026-10-07 19:40:58.082+00:00 | EthScheduler-Workers-0 | INFO  | PersistBlockTask | Block 323 (0x72ea5572c22bbfb17ac9d151dc6dd7f7dae0d67b8508210c6f5871723fafdf79) is already imported
2026-10-07 19:40:58.082+00:00 | BftProcessorExecutor-QBFT-0 | INFO  | QbftBesuControllerBuilder | Imported #323 / 0 tx / 0 pending / 0 (0.0%) gas / (0x72ea5572c22bbfb17ac9d151dc6dd7f7dae0d67b8508210c6f5871723fafdf79)
2026-10-07 19:41:00.084+00:00 | BftProcessorExecutor-QBFT-0 | INFO  | QbftBesuControllerBuilder | Imported #324 / 0 tx / 0 pending / 0 (0.0%) gas / (0x081be796cc9daede2800e0c2e5f9170b08ff5daf913f312c8236fe1e415f24b9)
2026-10-07 19:41:02.071+00:00 | BftProcessorExecutor-QBFT-0 | INFO  | QbftBesuControllerBuilder | Imported #325 / 0 tx / 0 pending / 0 (0.0%) gas / (0x20055a0cd86799226a7633c45d4edb1e364156c7a812f15849f6349bed62eb8a)
2026-10-07 19:41:04.083+00:00 | BftProcessorExecutor-QBFT-0 | INFO  | QbftBesuControllerBuilder | Imported #326 / 0 tx / 0 pending / 0 (0.0%) gas / (0xef6608b4b82b55927167ae594e3c201b7d0db8cab710e1ea362da8083b3648ae)
2026-10-07 19:41:06.081+00:00 | BftProcessorExecutor-QBFT-0 | INFO  | QbftBesuControllerBuilder | Imported #327 / 0 tx / 0 pending / 0 (0.0%) gas / (0xadd01ba99388abfc1725191ddd9e134703a9971478cfef88b97c25839fda95c7)
2026-10-07 19:41:08.084+00:00 | EthScheduler-Workers-0 | INFO  | PersistBlockTask | Block 328 (0xc3fe1dcdc040e85a387f84ed6fd8cf42f3a9b19794a0fa5fce76acd6b0cd3954) is already imported
2026-10-07 19:41:08.086+00:00 | BftProcessorExecutor-QBFT-0 | INFO  | QbftBesuControllerBuilder | Imported #328 / 0 tx / 0 pending / 0 (0.0%) gas / (0xc3fe1dcdc040e85a387f84ed6fd8cf42f3a9b19794a0fa5fce76acd6b0cd3954)
2026-10-07 19:41:10.093+00:00 | EthScheduler-Workers-0 | INFO  | PersistBlockTask | Block 329 (0xf93c094c9e1b25deda1364e2ccc649a233cdc4411bf533cab5adfcd8f71e88a5) is already imported
2026-10-07 19:41:10.094+00:00 | BftProcessorExecutor-QBFT-0 | INFO  | QbftBesuControllerBuilder | Imported #329 / 0 tx / 0 pending / 0 (0.0%) gas / (0xf93c094c9e1b25deda1364e2ccc649a233cdc4411bf533cab5adfcd8f71e88a5)
2026-10-07 19:41:12.080+00:00 | EthScheduler-Workers-0 | INFO  | PersistBlockTask | Block 330 (0x65715ec4a060f67f0085d4efe5a40ffa477ca7ea4719e7a042a3bab56843ecaa) is already imported
2026-10-07 19:41:12.081+00:00 | BftProcessorExecutor-QBFT-0 | INFO  | QbftBesuControllerBuilder | Imported #330 / 0 tx / 0 pending / 0 (0.0%) gas / (0x65715ec4a060f67f0085d4efe5a40ffa477ca7ea4719e7a042a3bab56843ecaa)
2026-10-07 19:41:14.078+00:00 | BftProcessorExecutor-QBFT-0 | INFO  | QbftBesuControllerBuilder | Imported #331 / 0 tx / 0 pending / 0 (0.0%) gas / (0x57f27372951cdfa6880ab5a154cee3ec34f36e25509f9b7a6b9487f442973886)
2026-10-07 19:41:14.078+00:00 | EthScheduler-Workers-0 | INFO  | PersistBlockTask | Block 331 (0x57f27372951cdfa6880ab5a154cee3ec34f36e25509f9b7a6b9487f442973886) is already imported
2026-10-07 19:41:16.068+00:00 | BftProcessorExecutor-QBFT-0 | INFO  | QbftBesuControllerBuilder | Imported #332 / 0 tx / 0 pending / 0 (0.0%) gas / (0x9aa6581ba34031c1dbe8fb520c79076aec233fa16f6b603d646745344fa814e3)
2026-10-07 19:41:18.059+00:00 | BftProcessorExecutor-QBFT-0 | INFO  | QbftBesuControllerBuilder | Imported #333 / 0 tx / 0 pending / 0 (0.0%) gas / (0xcd9b52f5fb174612e2f0cb7566328686005a7d19d5aaa4caff2b87c394b27efd)
2026-10-07 19:41:20.084+00:00 | EthScheduler-Workers-0 | INFO  | PersistBlockTask | Block 334 (0xe1185ee90323089727635676b8a42498255262cae1999be09ad3156245d9984e) is already imported
2026-10-07 19:41:20.087+00:00 | BftProcessorExecutor-QBFT-0 | INFO  | QbftBesuControllerBuilder | Imported #334 / 0 tx / 0 pending / 0 (0.0%) gas / (0xe1185ee90323089727635676b8a42498255262cae1999be09ad3156245d9984e)
2026-10-07 19:41:22.086+00:00 | BftProcessorExecutor-QBFT-0 | INFO  | QbftBesuControllerBuilder | Imported #335 / 0 tx / 0 pending / 0 (0.0%) gas / (0xffc51bffc3bc0dff21a7d049c6b3ae2d090d3dda5541459b692caa826625800b)
2026-10-07 19:41:22.086+00:00 | EthScheduler-Workers-0 | INFO  | PersistBlockTask | Block 335 (0xffc51bffc3bc0dff21a7d049c6b3ae2d090d3dda5541459b692caa826625800b) is already imported
2026-10-07 19:41:24.091+00:00 | BftProcessorExecutor-QBFT-0 | INFO  | QbftBesuControllerBuilder | Produced #336 / 0 tx / 0 pending / 0 (0.0%) gas / (0x22c24cf4a95534bad78ef54e0620820a26e9b93b115f2570e4164e02f53f4a24)
2026-10-07 19:41:24.091+00:00 | EthScheduler-Workers-0 | INFO  | PersistBlockTask | Block 336 (0x22c24cf4a95534bad78ef54e0620820a26e9b93b115f2570e4164e02f53f4a24) is already imported
2026-10-07 19:41:26.059+00:00 | BftProcessorExecutor-QBFT-0 | INFO  | QbftBesuControllerBuilder | Imported #337 / 0 tx / 0 pending / 0 (0.0%) gas / (0x19eb01e0117e0d8f442bf1e8572853d9f357e66e52eaf2f82d02fdad07d3d078)
2026-10-07 19:41:28.220+00:00 | BftProcessorExecutor-QBFT-0 | INFO  | QbftBesuControllerBuilder | Imported #338 / 34 tx / 478 pending / 5,223,448 (0.0%) gas / (0x97a603e5c1264b8a51ef721eaa25ad47b8f079514599f0841f61e7ddb703411c)
2026-10-07 19:41:30.238+00:00 | EthScheduler-Workers-0 | INFO  | PersistBlockTask | Block 339 (0xb539003df79f06be439333d5f7b5337b0dc9ac6b2f0809cde357932371ad29c3) is already imported
2026-10-07 19:41:30.239+00:00 | BftProcessorExecutor-QBFT-0 | INFO  | QbftBesuControllerBuilder | Imported #339 / 34 tx / 444 pending / 5,223,668 (0.0%) gas / (0xb539003df79f06be439333d5f7b5337b0dc9ac6b2f0809cde357932371ad29c3)
2026-10-07 19:41:32.226+00:00 | EthScheduler-Workers-0 | INFO  | PersistBlockTask | Block 340 (0x9905349aeac2ba4fee485296ed1076e554a15e2374c4e8785b109b24151cfb8c) is already imported
2026-10-07 19:41:32.226+00:00 | BftProcessorExecutor-QBFT-0 | INFO  | QbftBesuControllerBuilder | Imported #340 / 34 tx / 410 pending / 5,223,656 (0.0%) gas / (0x9905349aeac2ba4fee485296ed1076e554a15e2374c4e8785b109b24151cfb8c)
2026-10-07 19:41:34.229+00:00 | EthScheduler-Workers-0 | INFO  | PersistBlockTask | Block 341 (0xa0fe760d68bc8a3c886673380a614f1ea4f11bcae0f47d3cb2fc7fb4b022e119) is already imported
2026-10-07 19:41:34.230+00:00 | BftProcessorExecutor-QBFT-0 | INFO  | QbftBesuControllerBuilder | Imported #341 / 34 tx / 376 pending / 5,223,632 (0.0%) gas / (0xa0fe760d68bc8a3c886673380a614f1ea4f11bcae0f47d3cb2fc7fb4b022e119)
2026-10-07 19:41:36.214+00:00 | BftProcessorExecutor-QBFT-0 | INFO  | QbftBesuControllerBuilder | Imported #342 / 34 tx / 342 pending / 5,223,476 (0.0%) gas / (0x0cd2caf5f6f9b4140f59a022670a8ce34267e36b6fd4433dafab7c3a4f733e88)
2026-10-07 19:41:38.223+00:00 | EthScheduler-Workers-0 | INFO  | PersistBlockTask | Block 343 (0x3c269b030a5d263cc3bbe214415668eabe81c2a62c3966720a091465f31739da) is already imported
2026-10-07 19:41:38.224+00:00 | BftProcessorExecutor-QBFT-0 | INFO  | QbftBesuControllerBuilder | Imported #343 / 34 tx / 308 pending / 5,223,496 (0.0%) gas / (0x3c269b030a5d263cc3bbe214415668eabe81c2a62c3966720a091465f31739da)
2026-10-07 19:41:40.231+00:00 | BftProcessorExecutor-QBFT-0 | INFO  | QbftBesuControllerBuilder | Imported #344 / 34 tx / 274 pending / 5,223,484 (0.0%) gas / (0xbc2428991082b4838b393c52921d71c9aab113e15d62131fda33ab5cef03f3bc)
2026-10-07 19:41:42.226+00:00 | BftProcessorExecutor-QBFT-0 | INFO  | QbftBesuControllerBuilder | Imported #345 / 35 tx / 239 pending / 5,377,178 (0.0%) gas / (0xb10f9981379397d16eeef1c59b10cc7a37224a41023e1df809ac852c3d19f1b0)
2026-10-07 19:41:44.200+00:00 | EthScheduler-Workers-0 | INFO  | PersistBlockTask | Block 346 (0xcf8caa074aab51d92e47e2853807c3e210901b761be5208d8bc41700b84a5abc) is already imported
2026-10-07 19:41:44.200+00:00 | BftProcessorExecutor-QBFT-0 | INFO  | QbftBesuControllerBuilder | Imported #346 / 35 tx / 204 pending / 5,377,186 (0.0%) gas / (0xcf8caa074aab51d92e47e2853807c3e210901b761be5208d8bc41700b84a5abc)
2026-10-07 19:41:46.235+00:00 | BftProcessorExecutor-QBFT-0 | INFO  | QbftBesuControllerBuilder | Imported #347 / 34 tx / 170 pending / 5,223,592 (0.0%) gas / (0xb5af18438af9b3c93e2d3a9f27fbe607096ddb37d4e1afa13a9d521620e46b1e)
2026-10-07 19:41:48.274+00:00 | BftProcessorExecutor-QBFT-0 | INFO  | QbftBesuControllerBuilder | Imported #348 / 34 tx / 136 pending / 5,223,508 (0.0%) gas / (0x6d87c74e04e7d41844a4957761f101b9198ea94bd875e73021f8575bf9497f83)
2026-10-07 19:41:48.275+00:00 | EthScheduler-Workers-0 | INFO  | PersistBlockTask | Block 348 (0x6d87c74e04e7d41844a4957761f101b9198ea94bd875e73021f8575bf9497f83) is already imported
2026-10-07 19:41:50.262+00:00 | BftProcessorExecutor-QBFT-0 | INFO  | QbftBesuControllerBuilder | Imported #349 / 34 tx / 102 pending / 5,223,488 (0.0%) gas / (0xfe1ba00acc304e747533bfaa7e31b44b11bfedfe65c809c7bd5d96421881e177)
2026-10-07 19:41:50.262+00:00 | EthScheduler-Workers-0 | INFO  | PersistBlockTask | Block 349 (0xfe1ba00acc304e747533bfaa7e31b44b11bfedfe65c809c7bd5d96421881e177) is already imported
2026-10-07 19:41:52.259+00:00 | BftProcessorExecutor-QBFT-0 | INFO  | QbftBesuControllerBuilder | Imported #350 / 34 tx / 68 pending / 5,223,476 (0.0%) gas / (0x28f7790b10f687e7a53ff727e2bde58caf3ff4b2718852b21f4e5f7d93a135de)
2026-10-07 19:41:52.258+00:00 | EthScheduler-Workers-0 | INFO  | PersistBlockTask | Block 350 (0x28f7790b10f687e7a53ff727e2bde58caf3ff4b2718852b21f4e5f7d93a135de) is already imported
2026-10-07 19:41:54.259+00:00 | BftProcessorExecutor-QBFT-0 | INFO  | QbftBesuControllerBuilder | Produced #351 / 34 tx / 34 pending / 5,223,588 (0.0%) gas / (0xb716f427cd9bfe4f88d5522dee9bd7677ec234486e940c1b9d72ee47680d908e)
2026-10-07 19:41:54.260+00:00 | EthScheduler-Workers-0 | INFO  | PersistBlockTask | Block 351 (0xb716f427cd9bfe4f88d5522dee9bd7677ec234486e940c1b9d72ee47680d908e) is already imported
2026-10-07 19:41:56.247+00:00 | EthScheduler-Workers-0 | INFO  | PersistBlockTask | Block 352 (0xefa0e67d73d352a6562581083c6a6105d69333913db1df35d1f32c43b66fc544) is already imported
2026-10-07 19:41:56.247+00:00 | BftProcessorExecutor-QBFT-0 | INFO  | QbftBesuControllerBuilder | Imported #352 / 34 tx / 0 pending / 5,223,608 (0.0%) gas / (0xefa0e67d73d352a6562581083c6a6105d69333913db1df35d1f32c43b66fc544)
2026-10-07 19:41:58.071+00:00 | BftProcessorExecutor-QBFT-0 | INFO  | QbftBesuControllerBuilder | Imported #353 / 0 tx / 0 pending / 0 (0.0%) gas / (0x723cfa4847553234ef84c40175a891a8d93d1c25ccef5b0030612eb76b8a2fa6)
2026-10-07 19:42:00.054+00:00 | BftProcessorExecutor-QBFT-0 | INFO  | QbftBesuControllerBuilder | Imported #354 / 0 tx / 0 pending / 0 (0.0%) gas / (0xf3b631ae07a3cd5bd71c0b6ff104ef29ed530b70ca5959ed428d9c5571289b3a)
2026-10-07 19:42:02.076+00:00 | BftProcessorExecutor-QBFT-0 | INFO  | QbftBesuControllerBuilder | Imported #355 / 0 tx / 0 pending / 0 (0.0%) gas / (0xd3aafcc2a88b200923aa8f06f94afbddf4e1453d955c9d60d6ac52173067496d)
2026-10-07 19:42:02.077+00:00 | EthScheduler-Workers-0 | INFO  | PersistBlockTask | Block 355 (0xd3aafcc2a88b200923aa8f06f94afbddf4e1453d955c9d60d6ac52173067496d) is already imported
2026-10-07 19:42:04.083+00:00 | EthScheduler-Workers-0 | INFO  | PersistBlockTask | Block 356 (0xb9ce27fbbb03bf157d672bebb39b6e86ebfdbee16f402c691327baf77a34200a) is already imported
2026-10-07 19:42:04.083+00:00 | BftProcessorExecutor-QBFT-0 | INFO  | QbftBesuControllerBuilder | Imported #356 / 0 tx / 0 pending / 0 (0.0%) gas / (0xb9ce27fbbb03bf157d672bebb39b6e86ebfdbee16f402c691327baf77a34200a)
2026-10-07 19:42:06.069+00:00 | BftProcessorExecutor-QBFT-0 | INFO  | QbftBesuControllerBuilder | Imported #357 / 0 tx / 0 pending / 0 (0.0%) gas / (0xa9eda4ed8a3257a85ec4ae6620367218917b01dbeae58abe2f4faa29cdbebda8)
2026-10-07 19:42:08.078+00:00 | EthScheduler-Workers-0 | INFO  | PersistBlockTask | Block 358 (0xa37c930b480b0e3e29654fb884bd420aa31e2ced3b35c528207ac6d4ef8e83ac) is already imported
2026-10-07 19:42:08.078+00:00 | BftProcessorExecutor-QBFT-0 | INFO  | QbftBesuControllerBuilder | Imported #358 / 0 tx / 0 pending / 0 (0.0%) gas / (0xa37c930b480b0e3e29654fb884bd420aa31e2ced3b35c528207ac6d4ef8e83ac)
2026-10-07 19:42:10.077+00:00 | EthScheduler-Workers-0 | INFO  | PersistBlockTask | Block 359 (0x9eef9f78c9686e6d0762776eba36a3c92c4ff56c9fa1bd8c479a79d623136c9c) is already imported
2026-10-07 19:42:10.077+00:00 | BftProcessorExecutor-QBFT-0 | INFO  | QbftBesuControllerBuilder | Imported #359 / 0 tx / 0 pending / 0 (0.0%) gas / (0x9eef9f78c9686e6d0762776eba36a3c92c4ff56c9fa1bd8c479a79d623136c9c)
2026-10-07 19:42:12.075+00:00 | EthScheduler-Workers-0 | INFO  | PersistBlockTask | Block 360 (0xb0055c26845235c009b5466fc482d494c0cf3c1fb0e081e2ce009792974b4191) is already imported
2026-10-07 19:42:12.076+00:00 | BftProcessorExecutor-QBFT-0 | INFO  | QbftBesuControllerBuilder | Imported #360 / 0 tx / 0 pending / 0 (0.0%) gas / (0xb0055c26845235c009b5466fc482d494c0cf3c1fb0e081e2ce009792974b4191)
2026-10-07 19:42:14.079+00:00 | EthScheduler-Workers-0 | INFO  | PersistBlockTask | Block 361 (0x405848b9838c00e018b1ffd628cba27bc12aebf91c1b885b667366fb18d80ad3) is already imported
2026-10-07 19:42:14.079+00:00 | BftProcessorExecutor-QBFT-0 | INFO  | QbftBesuControllerBuilder | Imported #361 / 0 tx / 0 pending / 0 (0.0%) gas / (0x405848b9838c00e018b1ffd628cba27bc12aebf91c1b885b667366fb18d80ad3)
2026-10-07 19:42:16.079+00:00 | EthScheduler-Workers-0 | INFO  | PersistBlockTask | Block 362 (0xc1f5d96c32cdd130a6c67606a89a63d9a2db10375623609112ff53885d1882b2) is already imported
2026-10-07 19:42:16.080+00:00 | BftProcessorExecutor-QBFT-0 | INFO  | QbftBesuControllerBuilder | Imported #362 / 0 tx / 0 pending / 0 (0.0%) gas / (0xc1f5d96c32cdd130a6c67606a89a63d9a2db10375623609112ff53885d1882b2)
2026-10-07 19:42:18.081+00:00 | BftProcessorExecutor-QBFT-0 | INFO  | QbftBesuControllerBuilder | Imported #363 / 0 tx / 0 pending / 0 (0.0%) gas / (0x7bde7ba3a64d4e812f41742b872e7b68fa10ccae29df0e8e3d9eb4db662e3641)
2026-10-07 19:42:18.081+00:00 | EthScheduler-Workers-0 | INFO  | PersistBlockTask | Block 363 (0x7bde7ba3a64d4e812f41742b872e7b68fa10ccae29df0e8e3d9eb4db662e3641) is already imported
2026-10-07 19:42:20.510+00:00 | EthScheduler-Workers-0 | INFO  | PersistBlockTask | Block 364 (0x276bc40b22f37babd96f3f9236664a45b421034edab2996351297d2b6df6149c) is already imported
2026-10-07 19:42:20.511+00:00 | BftProcessorExecutor-QBFT-0 | INFO  | QbftBesuControllerBuilder | Imported #364 / 23 tx / 496 pending / 5,565,310 (0.0%) gas / (0x276bc40b22f37babd96f3f9236664a45b421034edab2996351297d2b6df6149c)
2026-10-07 19:42:23.107+00:00 | BftProcessorExecutor-QBFT-0 | INFO  | QbftBesuControllerBuilder | Imported #365 / 70 tx / 1323 pending / 16,937,900 (0.0%) gas / (0xa22f394a45c5adf074aeafbd4c56ae9e2344ba6092fb795981487f9e43102ef9)
2026-10-07 19:42:25.830+00:00 | EthScheduler-Workers-0 | INFO  | PersistBlockTask | Block 366 (0x9a1850ce311db3ac2af94b823e42dc67ef4c66ce7d42d2aaa3d9456cab85e618) is already imported
2026-10-07 19:42:25.833+00:00 | BftProcessorExecutor-QBFT-0 | INFO  | QbftBesuControllerBuilder | Produced #366 / 119 tx / 2283 pending / 28,794,430 (0.0%) gas / (0x9a1850ce311db3ac2af94b823e42dc67ef4c66ce7d42d2aaa3d9456cab85e618)
2026-10-07 19:42:28.509+00:00 | BftProcessorExecutor-QBFT-0 | INFO  | QbftBesuControllerBuilder | Imported #367 / 171 tx / 3134 pending / 41,376,870 (0.0%) gas / (0x906299b17eb4b0b8c20a3dad6c47635a97836d53ece27d7abc7474d723b6dcaf)
2026-10-07 19:42:31.907+00:00 | EthScheduler-Workers-0 | INFO  | PersistBlockTask | Block 368 (0x87e17ac492035877df5e2420808d27dbeb6da82c13a84f3e57e77e35e81f502e) is already imported
2026-10-07 19:42:31.912+00:00 | BftProcessorExecutor-QBFT-0 | INFO  | QbftBesuControllerBuilder | Imported #368 / 235 tx / 3478 pending / 56,862,950 (0.0%) gas / (0x87e17ac492035877df5e2420808d27dbeb6da82c13a84f3e57e77e35e81f502e)
2026-10-07 19:42:35.682+00:00 | BftProcessorExecutor-QBFT-0 | INFO  | QbftBesuControllerBuilder | Imported #369 / 272 tx / 3206 pending / 65,815,840 (0.0%) gas / (0x7d52d96c79c50cfac828b4b95b07fe54f455d65691c18018007895ee88530a34)
2026-10-07 19:42:39.584+00:00 | BftProcessorExecutor-QBFT-0 | INFO  | QbftBesuControllerBuilder | Imported #370 / 272 tx / 2934 pending / 65,815,840 (0.0%) gas / (0xac18ca8eaa0dd2a52a53c52a50c7e2935cd2a0febd1d317c0cb8bf9472336cdf)
2026-10-07 19:42:43.365+00:00 | EthScheduler-Workers-0 | INFO  | PersistBlockTask | Block 371 (0x4f70cfe40247c817d75cf5a3665d655bce27aca09bf07add2c7f3a6a33d24ead) is already imported
2026-10-07 19:42:43.369+00:00 | BftProcessorExecutor-QBFT-0 | INFO  | QbftBesuControllerBuilder | Imported #371 / 272 tx / 2662 pending / 65,815,840 (0.0%) gas / (0x4f70cfe40247c817d75cf5a3665d655bce27aca09bf07add2c7f3a6a33d24ead)
2026-10-07 19:42:47.168+00:00 | BftProcessorExecutor-QBFT-0 | INFO  | QbftBesuControllerBuilder | Imported #372 / 272 tx / 2390 pending / 65,815,840 (0.0%) gas / (0x036f502f8a3fcbfb3104b9e9d7fa22a06230203adb12371b38bed3c08a831c2c)
2026-10-07 19:42:51.024+00:00 | BftProcessorExecutor-QBFT-0 | INFO  | QbftBesuControllerBuilder | Imported #373 / 272 tx / 2118 pending / 65,815,840 (0.0%) gas / (0x3ce2cf6ca08b8f335b7045ce7034abee6f5778fad2564955567634a6eab0cf4f)
2026-10-07 19:42:54.796+00:00 | BftProcessorExecutor-QBFT-0 | INFO  | QbftBesuControllerBuilder | Imported #374 / 272 tx / 1846 pending / 65,815,840 (0.0%) gas / (0x906b6c762311149a02a3376cfa0d3b563aa34165e92d1feff25abec1007076ac)
2026-10-07 19:42:58.691+00:00 | BftProcessorExecutor-QBFT-0 | INFO  | QbftBesuControllerBuilder | Imported #375 / 275 tx / 1571 pending / 66,541,750 (0.0%) gas / (0x85d731980605d5dea84b3de43e39c0621e4f9bbff23fa28d272a677c83359916)
2026-10-07 19:43:02.574+00:00 | BftProcessorExecutor-QBFT-0 | INFO  | QbftBesuControllerBuilder | Imported #376 / 275 tx / 1296 pending / 66,541,750 (0.0%) gas / (0x542a874d6ad6d8b9ed1557b33a6e8f6f7dcc4f1c8df2401fe11b6bd9b145da34)
2026-10-07 19:43:06.463+00:00 | BftProcessorExecutor-QBFT-0 | INFO  | QbftBesuControllerBuilder | Imported #377 / 275 tx / 1021 pending / 66,541,750 (0.0%) gas / (0xef36e6f956a2c23c20f71d9b8441902f744ae47d850032bd2ac945284d463c03)
2026-10-07 19:43:10.334+00:00 | BftProcessorExecutor-QBFT-0 | INFO  | QbftBesuControllerBuilder | Imported #378 / 275 tx / 746 pending / 66,541,750 (0.0%) gas / (0xb282e80588b3de4d7a39f40dc8a278ab872432c08201c69f9fca1d53ed1263c7)
2026-10-07 19:43:13.944+00:00 | BftProcessorExecutor-QBFT-0 | INFO  | QbftBesuControllerBuilder | Imported #379 / 252 tx / 494 pending / 60,976,440 (0.0%) gas / (0xdc4ed18c531dcefd892f93e3ba4c3fc2e70fb5ea1cf4d70e59a10df30b2792f8)
2026-10-07 19:43:16.782+00:00 | BftProcessorExecutor-QBFT-0 | INFO  | QbftBesuControllerBuilder | Imported #380 / 203 tx / 291 pending / 49,119,910 (0.0%) gas / (0xc6481e21acd7ac3c53257c208d1215c61cd85978f80cb9e685e9bdad1963a09d)
2026-10-07 19:43:18.940+00:00 | BftProcessorExecutor-QBFT-0 | INFO  | QbftBesuControllerBuilder | Produced #381 / 153 tx / 138 pending / 37,021,410 (0.0%) gas / (0xee40474dad46f49e1336eb037be9ed23bd06ec97d22c5a9843479c00501e2d9b)
2026-10-07 19:43:20.418+00:00 | BftProcessorExecutor-QBFT-0 | INFO  | QbftBesuControllerBuilder | Imported #382 / 101 tx / 37 pending / 24,438,970 (0.0%) gas / (0xc24d807cade8fc54a882f8c54ab4f50a5d9f42e4486ba34f359539fb8a98cfb2)
2026-10-07 19:43:21.570+00:00 | BftProcessorExecutor-QBFT-0 | INFO  | QbftBesuControllerBuilder | Imported #383 / 37 tx / 0 pending / 8,952,890 (0.0%) gas / (0x4b4d3466dc4106be451a648ea80cd810361567ec21ac7c55fbeb9f002ee0a6e9)
2026-10-07 19:43:23.078+00:00 | BftProcessorExecutor-QBFT-0 | INFO  | QbftBesuControllerBuilder | Imported #384 / 0 tx / 0 pending / 0 (0.0%) gas / (0x2fb448178da700c23101490b6f4c4ce9ad132e14007f82eafe12ac00422cf701)
2026-10-07 19:43:25.079+00:00 | EthScheduler-Workers-0 | INFO  | PersistBlockTask | Block 385 (0x7d13a95e3c5948092e2e5584cad0a95a9d54bd83dc0f82e623be5234e714326d) is already imported
2026-10-07 19:43:25.079+00:00 | BftProcessorExecutor-QBFT-0 | INFO  | QbftBesuControllerBuilder | Imported #385 / 0 tx / 0 pending / 0 (0.0%) gas / (0x7d13a95e3c5948092e2e5584cad0a95a9d54bd83dc0f82e623be5234e714326d)
2026-10-07 19:43:27.072+00:00 | BftProcessorExecutor-QBFT-0 | INFO  | QbftBesuControllerBuilder | Imported #386 / 0 tx / 0 pending / 0 (0.0%) gas / (0x6bc58af6a8ab6d375e3c5b41c4659029d8b1c702af549e4f8671abbb6b04c422)
2026-10-07 19:43:29.078+00:00 | BftProcessorExecutor-QBFT-0 | INFO  | QbftBesuControllerBuilder | Imported #387 / 0 tx / 0 pending / 0 (0.0%) gas / (0x2d9fc77f189c4f1af3c0c2f2ac9a32a0f83e80c5b5064f5d095f2e4f8424bed4)
2026-10-07 19:43:31.071+00:00 | BftProcessorExecutor-QBFT-0 | INFO  | QbftBesuControllerBuilder | Imported #388 / 0 tx / 0 pending / 0 (0.0%) gas / (0x9fb42e3243cf4fccf3a32a730a5c66a93e61148a32fadc9dc4179e68564631f9)
2026-10-07 19:43:33.081+00:00 | BftProcessorExecutor-QBFT-0 | INFO  | QbftBesuControllerBuilder | Imported #389 / 0 tx / 0 pending / 0 (0.0%) gas / (0x261633358aec96f8e9f8b276661a43f570b7f76c2a6e3da8c8cbfa4d5cbae9ed)
2026-10-07 19:43:33.081+00:00 | EthScheduler-Workers-0 | INFO  | PersistBlockTask | Block 389 (0x261633358aec96f8e9f8b276661a43f570b7f76c2a6e3da8c8cbfa4d5cbae9ed) is already imported
2026-10-07 19:43:35.077+00:00 | BftProcessorExecutor-QBFT-0 | INFO  | QbftBesuControllerBuilder | Imported #390 / 0 tx / 0 pending / 0 (0.0%) gas / (0x48d0494ff6f508885a07f3aefef7d4be28559ea9254472766b8929ba6faa0abc)
2026-10-07 19:43:35.079+00:00 | EthScheduler-Workers-0 | INFO  | PersistBlockTask | Block 390 (0x48d0494ff6f508885a07f3aefef7d4be28559ea9254472766b8929ba6faa0abc) is already imported
2026-10-07 19:43:37.073+00:00 | BftProcessorExecutor-QBFT-0 | INFO  | QbftBesuControllerBuilder | Imported #391 / 0 tx / 0 pending / 0 (0.0%) gas / (0x1021ab1d520e255662ec5786ff6b48e12901905caaff4592b8b8f3a3d826a2d7)
2026-10-07 19:43:37.074+00:00 | EthScheduler-Workers-0 | INFO  | PersistBlockTask | Block 391 (0x1021ab1d520e255662ec5786ff6b48e12901905caaff4592b8b8f3a3d826a2d7) is already imported
2026-10-07 19:43:39.067+00:00 | BftProcessorExecutor-QBFT-0 | INFO  | QbftBesuControllerBuilder | Imported #392 / 0 tx / 0 pending / 0 (0.0%) gas / (0xd78e01ea811e256c1725f1e135b8a14ad51dbec50858cf45a64516e2dfab7b67)
2026-10-07 19:43:41.076+00:00 | BftProcessorExecutor-QBFT-0 | INFO  | QbftBesuControllerBuilder | Imported #393 / 0 tx / 0 pending / 0 (0.0%) gas / (0x3a8f099f83633f791558117a958df6d468a41861e5e1a58f11e1169870741e7d)
2026-10-07 19:43:41.076+00:00 | EthScheduler-Workers-0 | INFO  | PersistBlockTask | Block 393 (0x3a8f099f83633f791558117a958df6d468a41861e5e1a58f11e1169870741e7d) is already imported
2026-10-07 19:43:43.067+00:00 | BftProcessorExecutor-QBFT-0 | INFO  | QbftBesuControllerBuilder | Imported #394 / 0 tx / 0 pending / 0 (0.0%) gas / (0x054182b979a2028d4544bb1b3492c8db93dfb52cc261e66affe8ebe564a3cdd6)
2026-10-07 19:43:45.076+00:00 | BftProcessorExecutor-QBFT-0 | INFO  | QbftBesuControllerBuilder | Imported #395 / 0 tx / 0 pending / 0 (0.0%) gas / (0xb82f3ca3e27512528e06a218f682005c12f770a4018d84ca944c659d92529dee)
2026-10-07 19:43:45.078+00:00 | EthScheduler-Workers-0 | INFO  | PersistBlockTask | Block 395 (0xb82f3ca3e27512528e06a218f682005c12f770a4018d84ca944c659d92529dee) is already imported
2026-10-07 19:43:47.078+00:00 | BftProcessorExecutor-QBFT-0 | INFO  | QbftBesuControllerBuilder | Produced #396 / 0 tx / 0 pending / 0 (0.0%) gas / (0x612c124b64ab5ff049b2bff54b6847e697a809e7e5080173e6cd4261f7595be4)
2026-10-07 19:43:47.082+00:00 | EthScheduler-Workers-0 | INFO  | PersistBlockTask | Block 396 (0x612c124b64ab5ff049b2bff54b6847e697a809e7e5080173e6cd4261f7595be4) is already imported
2026-10-07 19:43:49.078+00:00 | BftProcessorExecutor-QBFT-0 | INFO  | QbftBesuControllerBuilder | Imported #397 / 0 tx / 0 pending / 0 (0.0%) gas / (0x8f151265334c0a0c812f93f7f149e5bdd48dc96e49bbc20965731f583f3c62b3)
2026-10-07 19:43:49.079+00:00 | EthScheduler-Workers-0 | INFO  | PersistBlockTask | Block 397 (0x8f151265334c0a0c812f93f7f149e5bdd48dc96e49bbc20965731f583f3c62b3) is already imported
2026-10-07 19:43:51.072+00:00 | BftProcessorExecutor-QBFT-0 | INFO  | QbftBesuControllerBuilder | Imported #398 / 0 tx / 0 pending / 0 (0.0%) gas / (0x1dad9437766e9cb118b9b721f53d12fcfdd481adeade400431c3f4479167ed4f)
2026-10-07 19:43:53.074+00:00 | EthScheduler-Workers-0 | INFO  | PersistBlockTask | Imported #399 / 0 tx / 0 om / 0 (0.0%) gas / (0x14c6200383aa1898b4378e299000329bb0f674fa6948e8f0812f372995dde093) in 0.001s. Peers: 14
2026-10-07 19:43:53.075+00:00 | BftProcessorExecutor-QBFT-0 | INFO  | QbftBesuControllerBuilder | Imported #399 / 0 tx / 0 pending / 0 (0.0%) gas / (0x14c6200383aa1898b4378e299000329bb0f674fa6948e8f0812f372995dde093)
2026-10-07 19:43:55.069+00:00 | BftProcessorExecutor-QBFT-0 | INFO  | QbftBesuControllerBuilder | Imported #400 / 0 tx / 0 pending / 0 (0.0%) gas / (0xa6930a6a471fde9994575ad31ce653e71083b8d97e939e06b47bb74a3aa52e8c)
2026-10-07 19:43:57.071+00:00 | BftProcessorExecutor-QBFT-0 | INFO  | QbftBesuControllerBuilder | Imported #401 / 0 tx / 0 pending / 0 (0.0%) gas / (0x12defe14fa445790e3f774423b12b46161b0fae558220f26d6d559dbec115df3)
2026-10-07 19:43:59.078+00:00 | BftProcessorExecutor-QBFT-0 | INFO  | QbftBesuControllerBuilder | Imported #402 / 0 tx / 0 pending / 0 (0.0%) gas / (0x0c9d906757f1403687e5f2de5bf9d14e5680f9b02300c97361a742cc50dd02d0)
2026-10-07 19:44:01.071+00:00 | BftProcessorExecutor-QBFT-0 | INFO  | QbftBesuControllerBuilder | Imported #403 / 0 tx / 0 pending / 0 (0.0%) gas / (0x052972971eef76957c3447ec7deac9f3b1684e279b36b2beca19f78397249195)
2026-10-07 19:44:03.088+00:00 | BftProcessorExecutor-QBFT-0 | INFO  | QbftBesuControllerBuilder | Imported #404 / 0 tx / 0 pending / 0 (0.0%) gas / (0xf2e346b23bcd5675240005d0535819810a01488c9c532f0ac18c564ec4613b3e)
2026-10-07 19:44:05.074+00:00 | BftProcessorExecutor-QBFT-0 | INFO  | QbftBesuControllerBuilder | Imported #405 / 0 tx / 0 pending / 0 (0.0%) gas / (0xc9064f6fc5e9c47dd604f99cc6808ac19d5fd9e74db32e4ac6091b5af4a7e145)
2026-10-07 19:44:05.075+00:00 | EthScheduler-Workers-0 | INFO  | PersistBlockTask | Block 405 (0xc9064f6fc5e9c47dd604f99cc6808ac19d5fd9e74db32e4ac6091b5af4a7e145) is already imported
2026-10-07 19:44:07.074+00:00 | BftProcessorExecutor-QBFT-0 | INFO  | QbftBesuControllerBuilder | Imported #406 / 0 tx / 0 pending / 0 (0.0%) gas / (0x70d0adc52f55157fdb07a60c0cafcd61c12a0ce69121e625a36bb9099e149f29)
2026-10-07 19:44:09.081+00:00 | EthScheduler-Workers-0 | INFO  | PersistBlockTask | Block 407 (0x765d78fd5458c8f00394e07497874287087ee84259447557083dcf622cb44f92) is already imported
2026-10-07 19:44:09.081+00:00 | BftProcessorExecutor-QBFT-0 | INFO  | QbftBesuControllerBuilder | Imported #407 / 0 tx / 0 pending / 0 (0.0%) gas / (0x765d78fd5458c8f00394e07497874287087ee84259447557083dcf622cb44f92)
2026-10-07 19:44:11.079+00:00 | EthScheduler-Workers-0 | INFO  | PersistBlockTask | Block 408 (0x6b92a71fa3de3cdc06d371ef6998e77701113c33f8a2b8a8b4dd6de5cf71162a) is already imported
2026-10-07 19:44:11.079+00:00 | BftProcessorExecutor-QBFT-0 | INFO  | QbftBesuControllerBuilder | Imported #408 / 0 tx / 0 pending / 0 (0.0%) gas / (0x6b92a71fa3de3cdc06d371ef6998e77701113c33f8a2b8a8b4dd6de5cf71162a)
2026-10-07 19:44:13.076+00:00 | BftProcessorExecutor-QBFT-0 | INFO  | QbftBesuControllerBuilder | Imported #409 / 0 tx / 0 pending / 0 (0.0%) gas / (0xca2c2ea565cc4457bf80debb1f80d3f0bae4e0d1f578f9a93c18083958c39985)
2026-10-07 19:44:13.077+00:00 | EthScheduler-Workers-0 | INFO  | PersistBlockTask | Block 409 (0xca2c2ea565cc4457bf80debb1f80d3f0bae4e0d1f578f9a93c18083958c39985) is already imported
2026-10-07 19:44:15.081+00:00 | BftProcessorExecutor-QBFT-0 | INFO  | QbftBesuControllerBuilder | Imported #410 / 0 tx / 0 pending / 0 (0.0%) gas / (0xf9e8ca1a17b1b5d4f79d0aabbdd0300c8a286e8a73466757094dbdd08b9664e2)
2026-10-07 19:44:15.081+00:00 | EthScheduler-Workers-0 | INFO  | PersistBlockTask | Block 410 (0xf9e8ca1a17b1b5d4f79d0aabbdd0300c8a286e8a73466757094dbdd08b9664e2) is already imported
2026-10-07 19:44:17.052+00:00 | BftProcessorExecutor-QBFT-0 | INFO  | QbftBesuControllerBuilder | Produced #411 / 0 tx / 0 pending / 0 (0.0%) gas / (0xbe59dfd91d8b81161c785f107f4b7d8331895ae938ece95f8d420986d24de934)
2026-10-07 19:44:19.077+00:00 | BftProcessorExecutor-QBFT-0 | INFO  | QbftBesuControllerBuilder | Imported #412 / 0 tx / 0 pending / 0 (0.0%) gas / (0x35b833c7b5b2b1196113b8d82d78e84238979786568128f2cb1764bfe300c7ab)
2026-10-07 19:44:21.064+00:00 | BftProcessorExecutor-QBFT-0 | INFO  | QbftBesuControllerBuilder | Imported #413 / 0 tx / 0 pending / 0 (0.0%) gas / (0xfd4bd90d485edd0bf4850fdd22e00b7ac367c7c928461b2dcb2530c3fcf6ddd9)
2026-10-07 19:44:23.162+00:00 | BftProcessorExecutor-QBFT-0 | INFO  | QbftBesuControllerBuilder | Imported #414 / 25 tx / 404 pending / 3,840,874 (0.0%) gas / (0xa056b07dad9394579c5f12658f8ae32417d52ef2e9215fb0cdf693a3b8150170)
2026-10-07 19:44:25.231+00:00 | EthScheduler-Workers-0 | INFO  | PersistBlockTask | Block 415 (0xede205e70b6da04d8394b2e8dfdb12772234ff37eb2952e3e698a7492e686dca) is already imported
2026-10-07 19:44:25.231+00:00 | BftProcessorExecutor-QBFT-0 | INFO  | QbftBesuControllerBuilder | Imported #415 / 34 tx / 453 pending / 5,223,664 (0.0%) gas / (0xede205e70b6da04d8394b2e8dfdb12772234ff37eb2952e3e698a7492e686dca)
2026-10-07 19:44:27.189+00:00 | BftProcessorExecutor-QBFT-0 | INFO  | QbftBesuControllerBuilder | Imported #416 / 34 tx / 419 pending / 5,223,616 (0.0%) gas / (0x49b07315d7ae2efdd879249a8954b68082eb204c918253ba681f809b8d9e8712)
2026-10-07 19:44:29.195+00:00 | EthScheduler-Workers-0 | INFO  | PersistBlockTask | Block 417 (0xfc015c9eeb0f36da6eac8ede2b614591ad99d266ad8eebe0b27e83abf654cb63) is already imported
2026-10-07 19:44:29.196+00:00 | BftProcessorExecutor-QBFT-0 | INFO  | QbftBesuControllerBuilder | Imported #417 / 34 tx / 385 pending / 5,223,560 (0.0%) gas / (0xfc015c9eeb0f36da6eac8ede2b614591ad99d266ad8eebe0b27e83abf654cb63)
2026-10-07 19:44:31.246+00:00 | BftProcessorExecutor-QBFT-0 | INFO  | QbftBesuControllerBuilder | Imported #418 / 34 tx / 351 pending / 5,223,480 (0.0%) gas / (0x787fb607cb8cd2beaabd316d1dde04220e719aaa98152a3b5740c64348281ba6)
2026-10-07 19:44:33.285+00:00 | EthScheduler-Workers-0 | INFO  | PersistBlockTask | Block 419 (0xc9f145d4fea8688ebda6495b090add3fc69de27ae6920c588d2832a780da0aa3) is already imported
2026-10-07 19:44:33.286+00:00 | BftProcessorExecutor-QBFT-0 | INFO  | QbftBesuControllerBuilder | Imported #419 / 34 tx / 317 pending / 5,223,424 (0.0%) gas / (0xc9f145d4fea8688ebda6495b090add3fc69de27ae6920c588d2832a780da0aa3)
2026-10-07 19:44:35.226+00:00 | BftProcessorExecutor-QBFT-0 | INFO  | QbftBesuControllerBuilder | Imported #420 / 35 tx / 282 pending / 5,377,282 (0.0%) gas / (0xf4516d7f167e630fa8d91a7d47b20f5ab53e4ee228a3ca033e9ab8b269f86967)
2026-10-07 19:44:37.212+00:00 | BftProcessorExecutor-QBFT-0 | INFO  | QbftBesuControllerBuilder | Imported #421 / 35 tx / 247 pending / 5,377,110 (0.0%) gas / (0x930371031d85334afe9dcf8f968ea3e7028eeca86ca177b78f1ecce7af609d14)
2026-10-07 19:44:39.268+00:00 | EthScheduler-Workers-0 | INFO  | PersistBlockTask | Block 422 (0xe308f622c59058cb5b7baac3168be75468f35d34769e05ada2ebfbd7bce0b735) is already imported
2026-10-07 19:44:39.269+00:00 | BftProcessorExecutor-QBFT-0 | INFO  | QbftBesuControllerBuilder | Imported #422 / 34 tx / 213 pending / 5,223,596 (0.0%) gas / (0xe308f622c59058cb5b7baac3168be75468f35d34769e05ada2ebfbd7bce0b735)
2026-10-07 19:44:41.228+00:00 | BftProcessorExecutor-QBFT-0 | INFO  | QbftBesuControllerBuilder | Imported #423 / 34 tx / 179 pending / 5,223,600 (0.0%) gas / (0x0a41ccd48f2e48359f8f032052bb183348e5f4d6593cbaad49e2fff4a3b703fc)
2026-10-07 19:44:43.243+00:00 | BftProcessorExecutor-QBFT-0 | INFO  | QbftBesuControllerBuilder | Imported #424 / 34 tx / 145 pending / 5,223,504 (0.0%) gas / (0x3b7b19f15ee32104b8a968ee5cf400bbd459b27f7f501d100af3aa57ff3399d5)
2026-10-07 19:44:45.225+00:00 | EthScheduler-Workers-0 | INFO  | PersistBlockTask | Block 425 (0xf4121e485e38501ac76195ccc297c3f2cedaea176e44ddfede7e3cec7919ec38) is already imported
2026-10-07 19:44:45.225+00:00 | BftProcessorExecutor-QBFT-0 | INFO  | QbftBesuControllerBuilder | Imported #425 / 34 tx / 111 pending / 5,223,488 (0.0%) gas / (0xf4121e485e38501ac76195ccc297c3f2cedaea176e44ddfede7e3cec7919ec38)
2026-10-07 19:44:47.216+00:00 | BftProcessorExecutor-QBFT-0 | INFO  | QbftBesuControllerBuilder | Produced #426 / 34 tx / 77 pending / 5,223,496 (0.0%) gas / (0xc499d673e5bfb877c2aee581ed28cd324c6976b01c274b816e3dd4c937a3b817)
2026-10-07 19:44:49.244+00:00 | EthScheduler-Workers-0 | INFO  | PersistBlockTask | Block 427 (0x23dc9324d2147fcf7d2ab0875ad1d7ce432a3dfc5bca500415804e778c50592e) is already imported
2026-10-07 19:44:49.247+00:00 | BftProcessorExecutor-QBFT-0 | INFO  | QbftBesuControllerBuilder | Imported #427 / 34 tx / 43 pending / 5,223,604 (0.0%) gas / (0x23dc9324d2147fcf7d2ab0875ad1d7ce432a3dfc5bca500415804e778c50592e)
2026-10-07 19:44:51.229+00:00 | BftProcessorExecutor-QBFT-0 | INFO  | QbftBesuControllerBuilder | Imported #428 / 34 tx / 9 pending / 5,223,516 (0.0%) gas / (0x47579b1b6ae2360d84f998b349fdd605f4867e8bd73abff590a85f8e79bfa625)
2026-10-07 19:44:53.143+00:00 | BftProcessorExecutor-QBFT-0 | INFO  | QbftBesuControllerBuilder | Imported #429 / 9 tx / 0 pending / 1,382,722 (0.0%) gas / (0xc7e5035238c2bfde9a04309cdf781b5f9d200da7d3c5717e315a0c9aa6207c48)
2026-10-07 19:44:55.061+00:00 | BftProcessorExecutor-QBFT-0 | INFO  | QbftBesuControllerBuilder | Imported #430 / 0 tx / 0 pending / 0 (0.0%) gas / (0x413b2f5554ea3337b2b80a96e87ab19edb7663afd175d58c13083237322a0a43)
2026-10-07 19:44:57.083+00:00 | BftProcessorExecutor-QBFT-0 | INFO  | QbftBesuControllerBuilder | Imported #431 / 0 tx / 0 pending / 0 (0.0%) gas / (0x0d90a87b7103d353f6e2e11280c4c14345b68140ff0f39b5131ea1f645f0732e)
2026-10-07 19:44:57.083+00:00 | EthScheduler-Workers-0 | INFO  | PersistBlockTask | Block 431 (0x0d90a87b7103d353f6e2e11280c4c14345b68140ff0f39b5131ea1f645f0732e) is already imported
2026-10-07 19:44:59.058+00:00 | BftProcessorExecutor-QBFT-0 | INFO  | QbftBesuControllerBuilder | Imported #432 / 0 tx / 0 pending / 0 (0.0%) gas / (0x4a5567a10da8b1af2e2b098a2b092e92d3e53106d2b772232a48bcab1669a2d0)
2026-10-07 19:45:01.076+00:00 | BftProcessorExecutor-QBFT-0 | INFO  | QbftBesuControllerBuilder | Imported #433 / 0 tx / 0 pending / 0 (0.0%) gas / (0x88e3ab89e6dfd6df84c8e9d587bb522c5d2869b01237d2865644410d642e7c1e)
2026-10-07 19:45:03.058+00:00 | BftProcessorExecutor-QBFT-0 | INFO  | QbftBesuControllerBuilder | Imported #434 / 0 tx / 0 pending / 0 (0.0%) gas / (0x2ecf55de8590cb0eba579f156b951567e7ddea433ed75c3a8c2620f6be3be699)
2026-10-07 19:45:05.061+00:00 | BftProcessorExecutor-QBFT-0 | INFO  | QbftBesuControllerBuilder | Imported #435 / 0 tx / 0 pending / 0 (0.0%) gas / (0xd802c39a523e5e98ed31094561e288e3cd6595942f1532812b7831ec7558a3c3)
2026-10-07 19:45:07.058+00:00 | BftProcessorExecutor-QBFT-0 | INFO  | QbftBesuControllerBuilder | Imported #436 / 0 tx / 0 pending / 0 (0.0%) gas / (0xc1df69c5f2838f76390f39e980eeee1bf0d8daba00202c4973149f20744fdf7b)
2026-10-07 19:45:09.055+00:00 | BftProcessorExecutor-QBFT-0 | INFO  | QbftBesuControllerBuilder | Imported #437 / 0 tx / 0 pending / 0 (0.0%) gas / (0x8f82c3cba4ec6d249a202b95c75839a98e7c47ad665e3856b572f177f1f25df8)
2026-10-07 19:45:11.065+00:00 | BftProcessorExecutor-QBFT-0 | INFO  | QbftBesuControllerBuilder | Imported #438 / 0 tx / 0 pending / 0 (0.0%) gas / (0xe097f838c0f08995c0b408ec709b58de834ac2aef540775901e68ffd4a345034)
2026-10-07 19:45:13.072+00:00 | BftProcessorExecutor-QBFT-0 | INFO  | QbftBesuControllerBuilder | Imported #439 / 0 tx / 0 pending / 0 (0.0%) gas / (0x5db90b0d17dcbb36e699c50e877412bf0dcbd71b5e32de2552ba77e4e7637eef)
2026-10-07 19:45:15.074+00:00 | BftProcessorExecutor-QBFT-0 | INFO  | QbftBesuControllerBuilder | Imported #440 / 0 tx / 0 pending / 0 (0.0%) gas / (0xe53d85a7d7a15d446735865e565a9c9daa7e81556cd45e7a2298aa4ff2b9f477)
2026-10-07 19:45:17.047+00:00 | BftProcessorExecutor-QBFT-0 | INFO  | QbftBesuControllerBuilder | Produced #441 / 0 tx / 0 pending / 0 (0.0%) gas / (0x6ecbebd8383e41c54442a0d7c96bc6bb1495d0ff0851de1934ebbaa0eeefce37)
2026-10-07 19:45:19.064+00:00 | BftProcessorExecutor-QBFT-0 | INFO  | QbftBesuControllerBuilder | Imported #442 / 0 tx / 0 pending / 0 (0.0%) gas / (0x27f9627b06ca9e1aacfaf22bc3c80a15417a3bb83e2db8f42ce880cb387fe4fc)
2026-10-07 19:45:21.054+00:00 | BftProcessorExecutor-QBFT-0 | INFO  | QbftBesuControllerBuilder | Imported #443 / 0 tx / 0 pending / 0 (0.0%) gas / (0x586548c88a2a890b5095e82910edddb04c2f1515439dc8a6bf591512acf2a995)
2026-10-07 19:45:23.064+00:00 | BftProcessorExecutor-QBFT-0 | INFO  | QbftBesuControllerBuilder | Imported #444 / 0 tx / 0 pending / 0 (0.0%) gas / (0x0581efa5732dab91293f6db2bea1f92c48593ca35a82f87a6eaf3677247607a4)
2026-10-07 19:45:25.054+00:00 | BftProcessorExecutor-QBFT-0 | INFO  | QbftBesuControllerBuilder | Imported #445 / 0 tx / 0 pending / 0 (0.0%) gas / (0x9db4a48d97bbe133fb2a839a21d6bcd976bbe574ebac0c77f8e12dab07c5ed3e)
2026-10-07 19:45:27.065+00:00 | BftProcessorExecutor-QBFT-0 | INFO  | QbftBesuControllerBuilder | Imported #446 / 0 tx / 0 pending / 0 (0.0%) gas / (0xc4dc10430fea07596cc2885c70dee53c1c5f0e26a113f788dcb11ca579c83d21)
