[node10] network interface=eth0
[node10] region=us-east applying per-destination WAN shaping from /config/tc.rules
[node10] tc rules applied:
qdisc htb 1: root refcnt 257 r2q 10 default 0x1 direct_packets_stat 0 direct_qlen 1000
qdisc netem 120: parent 1:20 limit 1000 delay 32.5ms  1.6ms loss 0.1%
qdisc netem 122: parent 1:22 limit 1000 delay 110ms  5.5ms loss 0.1%
qdisc netem 113: parent 1:13 limit 1000 delay 110ms  5.5ms loss 0.1%
qdisc netem 111: parent 1:11 limit 1000 delay 32.5ms  1.6ms loss 0.1%
qdisc netem 115: parent 1:15 limit 1000 delay 1ms  99us
qdisc netem 117: parent 1:17 limit 1000 delay 40ms  2ms loss 0.1%
qdisc netem 119: parent 1:19 limit 1000 delay 60ms  3ms loss 0.1%
qdisc netem 121: parent 1:21 limit 1000 delay 40ms  2ms loss 0.1%
qdisc netem 123: parent 1:23 limit 1000 delay 60ms  3ms loss 0.1%
qdisc netem 110: parent 1:10 limit 1000 delay 1ms  99us
qdisc netem 112: parent 1:12 limit 1000 delay 40ms  2ms loss 0.1%
qdisc netem 114: parent 1:14 limit 1000 delay 60ms  3ms loss 0.1%
qdisc netem 118: parent 1:18 limit 1000 delay 110ms  5.5ms loss 0.1%
qdisc netem 116: parent 1:16 limit 1000 delay 32.5ms  1.6ms loss 0.1%
Setting logging level to INFO
2026-10-07 16:49:25.010+00:00 | main | INFO  | Besu | Starting Besu
2026-10-07 16:49:25.391+00:00 | main | WARN  | Besu | --graphql-http-host has been ignored because --graphql-http-enabled was not defined on the command line.
2026-10-07 16:49:25.497+00:00 | main | INFO  | Besu | Connecting to 0 static nodes.
2026-10-07 16:49:25.501+00:00 | main | INFO  | Besu | Forcing price bump for transaction replacement to 0, since min-gas-price is set to 0
2026-10-07 16:49:25.501+00:00 | main | WARN  | Besu | Forcing tx-pool-min-gas-price=0, since it cannot be greater than the value of min-gas-price
2026-10-07 16:49:25.980+00:00 | main | INFO  | Besu | 
####################################################################################################
#                                                                                                  #
# Besu version 24.7.0                                                                              #
#                                                                                                  #
# Configuration:                                                                                   #
# Network: Custom genesis file                                                                     #
# /config/genesis.json                                                                             #
# Network Id: 1337                                                                                 #
# Data storage: Bonsai                                                                             #
# Sync mode: Full                                                                                  #
# RPC HTTP APIs: ETH,QBFT,NET,ADMIN,WEB3                                                           #
# RPC HTTP port: 8545                                                                              #
# Using LAYERED transaction pool implementation                                                    #
# Using STACKED worldstate update mode                                                             #
# Limit trie logs enabled: retention: 512; prune window: 30000                                     #
#                                                                                                  #
# Host:                                                                                            #
# Java: openjdk-java-21                                                                            #
# Maximum heap size: 29.50 GB                                                                      #
# OS: linux-x86_64                                                                                 #
# glibc: 2.39                                                                                      #
# jemalloc: 5.3.0-0-g54eaed1d8b56b1aa528be3bdd1877e59c56fa90c                                      #
# Total memory: 1007.68 GB                                                                         #
# CPU cores: 256                                                                                   #
#                                                                                                  #
# Plugin Registration Summary:                                                                     #
# No plugins have been registered.                                                                 #
# TOTAL = 0 of 0 plugins successfully registered.                                                  #
#                                                                                                  #
####################################################################################################
2026-10-07 16:49:25.981+00:00 | main | INFO  | Besu | Security Module: localfile
2026-10-07 16:49:25.984+00:00 | main | INFO  | VersionMetadata | Lookup version metadata file in data directory: /data
2026-10-07 16:49:25.984+00:00 | main | INFO  | VersionMetadata | No version data detected. Writing Besu version 24.7.0 to metadata file
2026-10-07 16:49:26.090+00:00 | main | INFO  | Besu | Using the native implementation of alt bn128
2026-10-07 16:49:26.172+00:00 | main | INFO  | Besu | Using the native implementation of modexp
2026-10-07 16:49:26.173+00:00 | main | INFO  | Besu | Using the native implementation of the signature algorithm
2026-10-07 16:49:26.180+00:00 | main | INFO  | Besu | Using the native implementation of the blake2bf algorithm
2026-10-07 16:49:26.282+00:00 | main | INFO  | Besu | Forcing price bump for transaction replacement to 0, since min-gas-price is set to 0
2026-10-07 16:49:26.283+00:00 | main | WARN  | Besu | Forcing tx-pool-min-gas-price=0, since it cannot be greater than the value of min-gas-price
2026-10-07 16:49:26.285+00:00 | main | INFO  | KeyPairUtil | Attempting to load public key from /data/key.priv
2026-10-07 16:49:26.315+00:00 | main | INFO  | KeyPairUtil | Loaded public key 0xf6de3da2d4c0054be0d3b5c82a3598138c6e94f6ead91fdda9ba9de4ef08aea1eb31b930654f24d56345d6fb651fc508897477dc7f691df03b685ffab1cc965c from /data/key.priv
2026-10-07 16:49:26.505+00:00 | main | INFO  | ProtocolScheduleBuilder | Protocol schedule created with milestones: [Berlin:0]
2026-10-07 16:49:26.509+00:00 | main | INFO  | RocksDBKeyValueStorageFactory | No existing database at /data. Using default metadata for new db versionedStorageFormat=BaseVersionedStorageFormat{format=BONSAI, version=2}
2026-10-07 16:49:26.822+00:00 | main | INFO  | FlatDbStrategyProvider | Bonsai flat db mode found FULL
2026-10-07 16:49:26.826+00:00 | main | INFO  | FlatDbStrategyProvider | Bonsai db mode with code stored using code hash enabled = true
2026-10-07 16:49:26.838+00:00 | main | INFO  | FlatDbStrategyProvider | Bonsai flat db mode found FULL
2026-10-07 16:49:26.840+00:00 | main | INFO  | FlatDbStrategyProvider | Bonsai db mode with code stored using code hash enabled = true
2026-10-07 16:49:27.304+00:00 | main | INFO  | TransactionPoolFactory | Enabling transaction pool
2026-10-07 16:49:27.324+00:00 | main | INFO  | BesuControllerBuilder | TTD difficulty is not present, creating initial sync phase for PoW
2026-10-07 16:49:27.366+00:00 | main | INFO  | TrieLogPruner | Loading first 30000 trie logs from database...
2026-10-07 16:49:27.367+00:00 | main | INFO  | TrieLogPruner | Loaded 1 trie logs from database
2026-10-07 16:49:27.376+00:00 | main | INFO  | RunnerBuilder | Resolved 5 bootnodes.
2026-10-07 16:49:27.382+00:00 | main | INFO  | RunnerBuilder | Detecting NAT service.
2026-10-07 16:49:27.578+00:00 | main | INFO  | Runner | Starting external services ... 
2026-10-07 16:49:27.579+00:00 | main | INFO  | JsonRpcHttpService | Starting JSON-RPC service on 0.0.0.0:8545
2026-10-07 16:49:27.721+00:00 | vert.x-eventloop-thread-1 | INFO  | JsonRpcHttpService | JSON-RPC service started and listening on 0.0.0.0:8545
2026-10-07 16:49:27.723+00:00 | main | INFO  | WebSocketService | Starting Websocket service on 0.0.0.0:8546
2026-10-07 16:49:27.726+00:00 | vert.x-eventloop-thread-1 | INFO  | WebSocketService | Websocket service started and listening on 0.0.0.0:8546
2026-10-07 16:49:27.728+00:00 | main | INFO  | AutoTransactionLogBloomCachingService | Starting auto transaction log bloom caching service.
2026-10-07 16:49:27.729+00:00 | main | INFO  | LogBloomCacheMetadata | Lookup cache metadata file in data directory: /data/caches
2026-10-07 16:49:27.740+00:00 | main | INFO  | Runner | Starting Ethereum main loop ... 
2026-10-07 16:49:27.740+00:00 | main | INFO  | NatService | No NAT environment detected so no service could be started
2026-10-07 16:49:27.740+00:00 | main | INFO  | NetworkRunner | Starting Network.
2026-10-07 16:49:27.752+00:00 | nioEventLoopGroup-2-1 | INFO  | RlpxAgent | P2P RLPx agent started and listening on /[0:0:0:0:0:0:0:0]:30303.
2026-10-07 16:49:27.752+00:00 | main | INFO  | PeerDiscoveryAgent | Starting peer discovery agent on host=0.0.0.0, port=30303. IPv6 available.
2026-10-07 16:49:27.762+00:00 | vert.x-eventloop-thread-1 | INFO  | VertxPeerDiscoveryAgent | Started peer discovery agent successfully, on effective host=0:0:0:0:0:0:0:0%0 and port=30303
2026-10-07 16:49:27.763+00:00 | vert.x-eventloop-thread-1 | INFO  | PeerDiscoveryAgent | P2P peer discovery agent started and listening on /[0:0:0:0:0:0:0:0%0]:30303
2026-10-07 16:49:27.792+00:00 | vert.x-eventloop-thread-1 | INFO  | PeerDiscoveryAgent | Writing node record to disk. NodeRecord{seq=1, publicKey=0x02f6de3da2d4c0054be0d3b5c82a3598138c6e94f6ead91fdda9ba9de4ef08aea1, udpAddress=Optional[/0.0.0.0:30303], tcpAddress=Optional[/0.0.0.0:30303], asBase64=-Je4QJpaoRZVu2Dg7VEfsh16ZbZRNVSAE-ZXsJfVzOACx89_cAsdlOBUlzCghZzuLnrnftNIG1WaTHvkZ-PSkpEuIjUBg2V0aMfGhFofjbGAgmlkgnY0gmlwhAAAAACJc2VjcDI1NmsxoQL23j2i1MAFS-DTtcgqNZgTjG6U9urZH92pup3k7wiuoYN0Y3CCdl-DdWRwgnZf, nodeId=0x57646cf404ce53cba3bdaf8b9e46a0acf21f08dac91e630b5b03170e97c20c4e, customFields={tcp=30303, udp=30303, ip=0x00000000, eth=[[0x5a1f8db1, 0x]], id=V4, secp256k1=0x02f6de3da2d4c0054be0d3b5c82a3598138c6e94f6ead91fdda9ba9de4ef08aea1}}
2026-10-07 16:49:27.817+00:00 | main | INFO  | DefaultP2PNetwork | Enode URL enode://f6de3da2d4c0054be0d3b5c82a3598138c6e94f6ead91fdda9ba9de4ef08aea1eb31b930654f24d56345d6fb651fc508897477dc7f691df03b685ffab1cc965c@0.0.0.0:30303
2026-10-07 16:49:27.817+00:00 | main | INFO  | DefaultP2PNetwork | Node address 0x9e46a0acf21f08dac91e630b5b03170e97c20c4e
2026-10-07 16:49:27.842+00:00 | main | INFO  | NetworkRunner | Supported capabilities: [eth/62, eth/63, eth/64, eth/65, eth/66, eth/67, eth/68], [istanbul/100], [snap/1]
2026-10-07 16:49:27.843+00:00 | main | INFO  | DefaultSynchronizer | Starting synchronizer.
2026-10-07 16:49:27.844+00:00 | main | INFO  | TransactionPoolFactory | Enabling transaction handling following initial sync
2026-10-07 16:49:27.844+00:00 | main | INFO  | QbftBesuControllerBuilder | Starting QBFT mining coordinator following initial sync
2026-10-07 16:49:27.857+00:00 | main | INFO  | FullSyncDownloader | Starting full sync.
2026-10-07 16:49:27.858+00:00 | main | INFO  | FullSyncTargetManager | Unable to find sync target. Currently checking 0 peers for usefulness
2026-10-07 16:49:27.868+00:00 | main | INFO  | Runner | Ethereum main loop is up.
2026-10-07 16:49:28.026+00:00 | nioEventLoopGroup-3-3 | INFO  | FullSyncTargetManager | Unable to find sync target. Currently checking 1 peers for usefulness
2026-10-07 16:49:28.153+00:00 | nioEventLoopGroup-3-4 | INFO  | FullSyncTargetManager | Unable to find sync target. Currently checking 2 peers for usefulness
2026-10-07 16:49:28.209+00:00 | nioEventLoopGroup-3-1 | INFO  | FullSyncTargetManager | Unable to find sync target. Currently checking 3 peers for usefulness
2026-10-07 16:49:28.325+00:00 | nioEventLoopGroup-3-2 | INFO  | FullSyncTargetManager | Unable to find sync target. Currently checking 4 peers for usefulness
2026-10-07 16:49:28.617+00:00 | nioEventLoopGroup-3-5 | INFO  | FullSyncTargetManager | Unable to find sync target. Currently checking 5 peers for usefulness
2026-10-07 16:49:29.009+00:00 | nioEventLoopGroup-3-2 | INFO  | FullSyncTargetManager | Unable to find sync target. Currently checking 6 peers for usefulness
2026-10-07 16:49:30.297+00:00 | nioEventLoopGroup-3-3 | INFO  | FullSyncTargetManager | Unable to find sync target. Currently checking 7 peers for usefulness
2026-10-07 16:49:30.329+00:00 | nioEventLoopGroup-3-6 | INFO  | FullSyncTargetManager | Unable to find sync target. Currently checking 8 peers for usefulness
2026-10-07 16:49:30.604+00:00 | nioEventLoopGroup-3-7 | INFO  | FullSyncTargetManager | Unable to find sync target. Currently checking 9 peers for usefulness
2026-10-07 16:49:30.636+00:00 | nioEventLoopGroup-3-8 | INFO  | FullSyncTargetManager | Unable to find sync target. Currently checking 10 peers for usefulness
2026-10-07 16:49:31.200+00:00 | nioEventLoopGroup-3-10 | INFO  | FullSyncTargetManager | Unable to find sync target. Currently checking 11 peers for usefulness
2026-10-07 16:49:35.863+00:00 | nioEventLoopGroup-3-4 | INFO  | FullSyncTargetManager | Unable to find sync target. Currently checking 12 peers for usefulness
2026-10-07 16:49:36.215+00:00 | BftProcessorExecutor-QBFT-0 | INFO  | QbftRound | Importing proposed block to chain. round=ConsensusRoundIdentifier{Sequence=1, Round=1}, hash=0xd5f10c0cc95f8806d06ba962758b18b0e486f22a7b6c55dcb3a69bd84b472a03
2026-10-07 16:49:36.235+00:00 | BftProcessorExecutor-QBFT-0 | INFO  | QbftBesuControllerBuilder | Imported #1 / 0 tx / 0 pending / 0 (0.0%) gas / (0xd5f10c0cc95f8806d06ba962758b18b0e486f22a7b6c55dcb3a69bd84b472a03)
2026-10-07 16:49:36.774+00:00 | nioEventLoopGroup-3-6 | INFO  | FullSyncTargetManager | Unable to find sync target. Currently checking 13 peers for usefulness
2026-10-07 16:49:37.264+00:00 | BftProcessorExecutor-QBFT-0 | INFO  | QbftBesuControllerBuilder | Imported #2 / 0 tx / 0 pending / 0 (0.0%) gas / (0xd17f4f3badb6262c8738eab8248184105952cd840ba2075c0ac918f8d8c874f4)
2026-10-07 16:49:39.277+00:00 | BftProcessorExecutor-QBFT-0 | INFO  | QbftBesuControllerBuilder | Imported #3 / 0 tx / 0 pending / 0 (0.0%) gas / (0x0c051faea98f5ba3f4508462e6cb4c7877ba1a41c8dd8715d3577ce6f928495d)
2026-10-07 16:49:41.333+00:00 | BftProcessorExecutor-QBFT-0 | INFO  | QbftBesuControllerBuilder | Imported #4 / 0 tx / 0 pending / 0 (0.0%) gas / (0x86b3b4195da04b019b84d11dc6ab55d778da9656080e8c0d332f9346051e05f6)
2026-10-07 16:49:43.244+00:00 | BftProcessorExecutor-QBFT-0 | INFO  | QbftBesuControllerBuilder | Imported #5 / 0 tx / 1 pending / 0 (0.0%) gas / (0x58ed46cb06b0bc5fb6637f138c523e46107a375610ddcd18275b678cd2897e91)
2026-10-07 16:49:45.296+00:00 | BftProcessorExecutor-QBFT-0 | INFO  | QbftBesuControllerBuilder | Imported #6 / 0 tx / 1 pending / 0 (0.0%) gas / (0x14469d0c1781538a42abd186c4981fa075a40504de4fe31b751ef54acfdd92db)
2026-10-07 16:49:47.340+00:00 | BftProcessorExecutor-QBFT-0 | INFO  | QbftBesuControllerBuilder | Imported #7 / 0 tx / 1 pending / 0 (0.0%) gas / (0xb96bf6db8cd0efea0adab8169e23ab9b4c86b765d8a83a737b2e406b7ce1fbed)
2026-10-07 16:49:49.413+00:00 | BftProcessorExecutor-QBFT-0 | INFO  | QbftBesuControllerBuilder | Imported #8 / 0 tx / 1 pending / 0 (0.0%) gas / (0xcaf4f82385274b1fea9dcfce89cda4106584f07d9f93581817a0642ad64bbdb3)
2026-10-07 16:49:51.310+00:00 | BftProcessorExecutor-QBFT-0 | INFO  | QbftBesuControllerBuilder | Imported #9 / 0 tx / 1 pending / 0 (0.0%) gas / (0x38b62135db51ab64fbd3e07342e2b5f75da7eb8000a9c48510aff0468534f9b9)
2026-10-07 16:49:51.315+00:00 | EthScheduler-Workers-0 | INFO  | PersistBlockTask | Block 9 (0x38b62135db51ab64fbd3e07342e2b5f75da7eb8000a9c48510aff0468534f9b9) is already imported
2026-10-07 16:49:53.314+00:00 | BftProcessorExecutor-QBFT-0 | INFO  | QbftBesuControllerBuilder | Produced #10 / 0 tx / 1 pending / 0 (0.0%) gas / (0xe30da5009aba4af682cb001105d30e2cf0da7a76172875c49375cbce1e1c80af)
2026-10-07 16:49:55.330+00:00 | BftProcessorExecutor-QBFT-0 | INFO  | QbftBesuControllerBuilder | Imported #11 / 0 tx / 1 pending / 0 (0.0%) gas / (0xbe4dfa4a90da71231f65fc0640b852cf9d44572e992e4e9fc51d644bd0f3ea4b)
2026-10-07 16:49:57.365+00:00 | BftProcessorExecutor-QBFT-0 | INFO  | QbftBesuControllerBuilder | Imported #12 / 0 tx / 1 pending / 0 (0.0%) gas / (0x01b5cdd0e395f70ce979e87cbe71d765bd0d67d96fe9c96ea2506cbc42e0155b)
2026-10-07 16:49:59.475+00:00 | BftProcessorExecutor-QBFT-0 | INFO  | QbftBesuControllerBuilder | Imported #13 / 0 tx / 1 pending / 0 (0.0%) gas / (0x6d0846cb8b0d58584be9f0335b4020efd7cec1bee4a11b10049e6f7fa351c52a)
2026-10-07 16:50:01.303+00:00 | BftProcessorExecutor-QBFT-0 | INFO  | QbftBesuControllerBuilder | Imported #14 / 0 tx / 1 pending / 0 (0.0%) gas / (0x75e90d9b62ee8fbe88ceba4a4bb93215c047098b8d5550d30d99bc7dcf7e56fb)
2026-10-07 16:50:03.333+00:00 | BftProcessorExecutor-QBFT-0 | INFO  | QbftBesuControllerBuilder | Imported #15 / 1 tx / 0 pending / 465,218 (0.0%) gas / (0xeb9b8e10bf3bb2f1a956cf1fc55fd0a6c18c225f9b5775afda87e47068fad922)
2026-10-07 16:50:05.250+00:00 | BftProcessorExecutor-QBFT-0 | INFO  | QbftBesuControllerBuilder | Imported #16 / 0 tx / 1 pending / 0 (0.0%) gas / (0x368d84cdb89fbdbeca17825ef3f84fe028954f5bdcab10215f58474801821e0d)
2026-10-07 16:50:07.241+00:00 | BftProcessorExecutor-QBFT-0 | INFO  | QbftBesuControllerBuilder | Imported #17 / 0 tx / 1 pending / 0 (0.0%) gas / (0xecbd41b91472a04be259de405fdfe7f0d3a43bf99be80033bae42e4abaac29e1)
2026-10-07 16:50:09.271+00:00 | EthScheduler-Workers-0 | INFO  | PersistBlockTask | Block 18 (0xd17c157488a2c9808381d537e4079e583d69448c247a4e3bf33cb0541ba372f5) is already imported
2026-10-07 16:50:09.271+00:00 | BftProcessorExecutor-QBFT-0 | INFO  | QbftBesuControllerBuilder | Imported #18 / 0 tx / 1 pending / 0 (0.0%) gas / (0xd17c157488a2c9808381d537e4079e583d69448c247a4e3bf33cb0541ba372f5)
2026-10-07 16:50:11.270+00:00 | BftProcessorExecutor-QBFT-0 | INFO  | QbftBesuControllerBuilder | Imported #19 / 0 tx / 1 pending / 0 (0.0%) gas / (0x887f215011ccbe882b189b55260422a8f8dc6c0a8034c399320c276e1a07ab7f)
2026-10-07 16:50:13.230+00:00 | BftProcessorExecutor-QBFT-0 | INFO  | QbftBesuControllerBuilder | Imported #20 / 0 tx / 1 pending / 0 (0.0%) gas / (0x72f6cdec8e3445eacc9359d89bf3cec71305a00f5e254784c371ff038f5786cc)
2026-10-07 16:50:15.267+00:00 | BftProcessorExecutor-QBFT-0 | INFO  | QbftBesuControllerBuilder | Imported #21 / 0 tx / 1 pending / 0 (0.0%) gas / (0x3bf80ed80437972abbb4c56f7286cfe653ea48dd8154a2ca25848d0bd6a09368)
2026-10-07 16:50:15.267+00:00 | EthScheduler-Workers-0 | INFO  | PersistBlockTask | Block 21 (0x3bf80ed80437972abbb4c56f7286cfe653ea48dd8154a2ca25848d0bd6a09368) is already imported
2026-10-07 16:50:17.272+00:00 | BftProcessorExecutor-QBFT-0 | INFO  | QbftBesuControllerBuilder | Imported #22 / 0 tx / 1 pending / 0 (0.0%) gas / (0x74022d4df69c394d009ab93eb454eda89997b007d8c52568ba640347408efe22)
2026-10-07 16:50:19.329+00:00 | BftProcessorExecutor-QBFT-0 | INFO  | QbftBesuControllerBuilder | Imported #23 / 0 tx / 1 pending / 0 (0.0%) gas / (0xda737bc7c663462cbc1ad74248fbe7a14524684b1dc5c8dfb9c94bda642380ee)
2026-10-07 16:50:21.266+00:00 | BftProcessorExecutor-QBFT-0 | INFO  | QbftBesuControllerBuilder | Imported #24 / 0 tx / 1 pending / 0 (0.0%) gas / (0x947a47fa94a2d077af1f0ce0aa1f2d3c4f149be1d2f743b4df1f1eec6b97e422)
2026-10-07 16:50:23.245+00:00 | EthScheduler-Workers-0 | INFO  | PersistBlockTask | Block 25 (0xdb1e79191a3ee4490328cf30d5aa5c635413c96487191f228404bb06a349643c) is already imported
2026-10-07 16:50:23.245+00:00 | BftProcessorExecutor-QBFT-0 | INFO  | QbftBesuControllerBuilder | Produced #25 / 0 tx / 1 pending / 0 (0.0%) gas / (0xdb1e79191a3ee4490328cf30d5aa5c635413c96487191f228404bb06a349643c)
2026-10-07 16:50:25.281+00:00 | BftProcessorExecutor-QBFT-0 | INFO  | QbftBesuControllerBuilder | Imported #26 / 0 tx / 1 pending / 0 (0.0%) gas / (0x5fdf07e83d7556125246ad28accbd8f3857774551d0c733c05dbb055b88040c9)
2026-10-07 16:50:27.263+00:00 | BftProcessorExecutor-QBFT-0 | INFO  | QbftBesuControllerBuilder | Imported #27 / 0 tx / 1 pending / 0 (0.0%) gas / (0x6a11c42ebd3083e9046bfd05c3bd7b6f90d7c995e60b329b6c326494f0da3e7a)
2026-10-07 16:50:29.262+00:00 | BftProcessorExecutor-QBFT-0 | INFO  | QbftBesuControllerBuilder | Imported #28 / 0 tx / 1 pending / 0 (0.0%) gas / (0x4f9203f037d4343b8976c0214ca0345a366efb2a9e676704edf8f39534ef0a30)
2026-10-07 16:50:31.279+00:00 | BftProcessorExecutor-QBFT-0 | INFO  | QbftBesuControllerBuilder | Imported #29 / 0 tx / 1 pending / 0 (0.0%) gas / (0xcb41eb743649bfb8fc662dcd821b48c1a5d3589fde8f6af230778320bf6da63d)
2026-10-07 16:50:33.268+00:00 | BftProcessorExecutor-QBFT-0 | INFO  | QbftBesuControllerBuilder | Imported #30 / 1 tx / 0 pending / 1,832,981 (0.0%) gas / (0xd15e3f648c82eaded3dc6bf1df7ee3554658ed93b0cea4af127856cfe77177c6)
2026-10-07 16:50:35.258+00:00 | BftProcessorExecutor-QBFT-0 | INFO  | QbftBesuControllerBuilder | Imported #31 / 0 tx / 0 pending / 0 (0.0%) gas / (0x1ce9dd6ea30d6b5c833f2a1256cf7abe904ef813c87cfc240bdbc8c8958da842)
2026-10-07 16:50:37.296+00:00 | BftProcessorExecutor-QBFT-0 | INFO  | QbftBesuControllerBuilder | Imported #32 / 0 tx / 0 pending / 0 (0.0%) gas / (0x689d9b587ec8f636988413b88499c6fb9b810bada3b4bb19ffd1f046a0b5420e)
2026-10-07 16:50:39.280+00:00 | BftProcessorExecutor-QBFT-0 | INFO  | QbftBesuControllerBuilder | Imported #33 / 0 tx / 0 pending / 0 (0.0%) gas / (0x4e00bc9dcfb3d257a7fb6e2aca54f2b8d53b5e414b8fb10c4d18d7843fba5393)
2026-10-07 16:50:41.283+00:00 | BftProcessorExecutor-QBFT-0 | INFO  | QbftBesuControllerBuilder | Imported #34 / 0 tx / 0 pending / 0 (0.0%) gas / (0x1885d0ec746b7fdbea3ebd910cb06d2556e3f5c693327c3a160a2b29d49ffe4d)
2026-10-07 16:50:43.223+00:00 | BftProcessorExecutor-QBFT-0 | INFO  | QbftBesuControllerBuilder | Imported #35 / 0 tx / 0 pending / 0 (0.0%) gas / (0xd2794be5a294fb6a9493d1e77526327bcd6d1d18775ab6376b66d738a7c371db)
2026-10-07 16:50:45.268+00:00 | BftProcessorExecutor-QBFT-0 | INFO  | QbftBesuControllerBuilder | Imported #36 / 0 tx / 0 pending / 0 (0.0%) gas / (0x319f945b259a7c3b251986f6acdd099f4a96e74539500589f8a874f2d8acfd52)
2026-10-07 16:50:47.233+00:00 | BftProcessorExecutor-QBFT-0 | INFO  | QbftBesuControllerBuilder | Imported #37 / 0 tx / 0 pending / 0 (0.0%) gas / (0xf81644614aa420c57eb8d29795cf8d0de6020e079f853b2b58ecc4ce354c248b)
2026-10-07 16:50:49.367+00:00 | BftProcessorExecutor-QBFT-0 | INFO  | QbftBesuControllerBuilder | Imported #38 / 0 tx / 0 pending / 0 (0.0%) gas / (0xd22b19ed8648e9ff86d156f0aa1e1c50b5f1580a905cada3e8890d0d380f06e8)
2026-10-07 16:50:49.367+00:00 | EthScheduler-Workers-0 | INFO  | PersistBlockTask | Block 38 (0xd22b19ed8648e9ff86d156f0aa1e1c50b5f1580a905cada3e8890d0d380f06e8) is already imported
2026-10-07 16:50:51.271+00:00 | BftProcessorExecutor-QBFT-0 | INFO  | QbftBesuControllerBuilder | Imported #39 / 0 tx / 0 pending / 0 (0.0%) gas / (0xfb29febd99e68dc800ce64f480cbd29677edf0050fd3d8a2e9055216c620462f)
2026-10-07 16:50:53.229+00:00 | BftProcessorExecutor-QBFT-0 | INFO  | QbftBesuControllerBuilder | Produced #40 / 0 tx / 0 pending / 0 (0.0%) gas / (0x6ccabf6d63461fe70e97e9387ce123050b33127f6ee33cbfa6d3844f39466ce6)
2026-10-07 16:50:56.070+00:00 | EthScheduler-Workers-0 | INFO  | PersistBlockTask | Block 41 (0x0318ed4427876a0c5ab569f83b7595cd5ffbce98f728b49e5c88379acdb9e495) is already imported
2026-10-07 16:50:56.073+00:00 | BftProcessorExecutor-QBFT-0 | INFO  | QbftBesuControllerBuilder | Imported #41 / 26 tx / 750 pending / 6,291,220 (0.0%) gas / (0x0318ed4427876a0c5ab569f83b7595cd5ffbce98f728b49e5c88379acdb9e495)
2026-10-07 16:50:58.932+00:00 | EthScheduler-Workers-0 | INFO  | PersistBlockTask | Block 42 (0x934146c1ae191c1d9e36961641cde47bf88112edc68bb334b741d2e571af82bc) is already imported
2026-10-07 16:50:58.944+00:00 | BftProcessorExecutor-QBFT-0 | INFO  | QbftBesuControllerBuilder | Imported #42 / 79 tx / 1644 pending / 19,115,630 (0.0%) gas / (0x934146c1ae191c1d9e36961641cde47bf88112edc68bb334b741d2e571af82bc)
2026-10-07 16:51:01.153+00:00 | BftProcessorExecutor-QBFT-0 | INFO  | QbftBesuControllerBuilder | Imported #43 / 122 tx / 1821 pending / 29,520,340 (0.0%) gas / (0x10a951a6091cfc81bf3a71c99cf7da6b7ad09283f05358c3d75b54e00ae8a7e6)
2026-10-07 16:51:03.560+00:00 | EthScheduler-Workers-0 | INFO  | PersistBlockTask | Block 44 (0xa712bd2047aef630d40e2320e09f188155ee7e01445afe1d7c638fad103f89bb) is already imported
2026-10-07 16:51:03.564+00:00 | BftProcessorExecutor-QBFT-0 | INFO  | QbftBesuControllerBuilder | Imported #44 / 136 tx / 1685 pending / 32,907,920 (0.0%) gas / (0xa712bd2047aef630d40e2320e09f188155ee7e01445afe1d7c638fad103f89bb)
2026-10-07 16:51:05.800+00:00 | EthScheduler-Workers-0 | INFO  | PersistBlockTask | Block 45 (0x836d38896c3d5495404a2acbbcf86d2ba6e975e90f0533277a54669bb4483824) is already imported
2026-10-07 16:51:05.803+00:00 | BftProcessorExecutor-QBFT-0 | INFO  | QbftBesuControllerBuilder | Imported #45 / 138 tx / 1547 pending / 33,391,860 (0.0%) gas / (0x836d38896c3d5495404a2acbbcf86d2ba6e975e90f0533277a54669bb4483824)
2026-10-07 16:51:08.368+00:00 | EthScheduler-Workers-0 | INFO  | PersistBlockTask | Block 46 (0x9245aced483f607c2c2c376b88ff652350cb2625ba1c39f3572d32605472eeb2) is already imported
2026-10-07 16:51:08.370+00:00 | BftProcessorExecutor-QBFT-0 | INFO  | QbftBesuControllerBuilder | Imported #46 / 138 tx / 1409 pending / 33,391,860 (0.0%) gas / (0x9245aced483f607c2c2c376b88ff652350cb2625ba1c39f3572d32605472eeb2)
2026-10-07 16:51:10.573+00:00 | EthScheduler-Workers-0 | INFO  | PersistBlockTask | Block 47 (0xce33191bc65d3e8560e509630efc96e9e24fa2ea0c26817ebfe71cdf5060361a) is already imported
2026-10-07 16:51:10.576+00:00 | BftProcessorExecutor-QBFT-0 | INFO  | QbftBesuControllerBuilder | Imported #47 / 138 tx / 1271 pending / 33,391,860 (0.0%) gas / (0xce33191bc65d3e8560e509630efc96e9e24fa2ea0c26817ebfe71cdf5060361a)
2026-10-07 16:51:12.849+00:00 | BftProcessorExecutor-QBFT-0 | INFO  | QbftBesuControllerBuilder | Imported #48 / 137 tx / 1134 pending / 33,149,890 (0.0%) gas / (0xaf3c4d098ab1702f1e0a06d02516fd248cb3a01d25740af13d3361fa43882955)
2026-10-07 16:51:15.316+00:00 | EthScheduler-Workers-0 | INFO  | PersistBlockTask | Block 49 (0x30778e09230cb6d23fb7ccaddbc6e88f48d809c4b8bbe9e265ecea0fe1bea4e2) is already imported
2026-10-07 16:51:15.317+00:00 | BftProcessorExecutor-QBFT-0 | INFO  | QbftBesuControllerBuilder | Imported #49 / 137 tx / 997 pending / 33,149,890 (0.0%) gas / (0x30778e09230cb6d23fb7ccaddbc6e88f48d809c4b8bbe9e265ecea0fe1bea4e2)
2026-10-07 16:51:17.469+00:00 | BftProcessorExecutor-QBFT-0 | INFO  | QbftBesuControllerBuilder | Imported #50 / 136 tx / 861 pending / 32,907,920 (0.0%) gas / (0x14c064d8984d43550ca5b15c551c580e186827e3a063521af4f82cdb00750928)
2026-10-07 16:51:19.827+00:00 | EthScheduler-Workers-0 | INFO  | PersistBlockTask | Block 51 (0xcab595352c1d980448a40d7a48743842bc3497236c955a8946bc26ef57dd4510) is already imported
2026-10-07 16:51:19.828+00:00 | BftProcessorExecutor-QBFT-0 | INFO  | QbftBesuControllerBuilder | Imported #51 / 136 tx / 725 pending / 32,907,920 (0.0%) gas / (0xcab595352c1d980448a40d7a48743842bc3497236c955a8946bc26ef57dd4510)
2026-10-07 16:51:22.250+00:00 | EthScheduler-Workers-0 | INFO  | PersistBlockTask | Block 52 (0x5d1b446fb79b8a1ad3224be6f316852b21bc471a366affec02f156591a5fd094) is already imported
2026-10-07 16:51:22.251+00:00 | BftProcessorExecutor-QBFT-0 | INFO  | QbftBesuControllerBuilder | Imported #52 / 136 tx / 589 pending / 32,907,920 (0.0%) gas / (0x5d1b446fb79b8a1ad3224be6f316852b21bc471a366affec02f156591a5fd094)
2026-10-07 16:51:24.509+00:00 | EthScheduler-Workers-0 | INFO  | PersistBlockTask | Block 53 (0xcef6fc694eaa69dafb751c6e8e18b420ed5d8786f4b4dd080a9261b5397b9c4b) is already imported
2026-10-07 16:51:24.510+00:00 | BftProcessorExecutor-QBFT-0 | INFO  | QbftBesuControllerBuilder | Imported #53 / 136 tx / 453 pending / 32,907,920 (0.0%) gas / (0xcef6fc694eaa69dafb751c6e8e18b420ed5d8786f4b4dd080a9261b5397b9c4b)
2026-10-07 16:51:26.770+00:00 | BftProcessorExecutor-QBFT-0 | INFO  | QbftBesuControllerBuilder | Imported #54 / 136 tx / 317 pending / 32,907,920 (0.0%) gas / (0x95b4c4a682c001179d2bec85b62b27bfbb1ddf30f61ed4d13772c719dd2d75ae)
2026-10-07 16:51:29.163+00:00 | BftProcessorExecutor-QBFT-0 | INFO  | QbftBesuControllerBuilder | Produced #55 / 136 tx / 181 pending / 32,907,920 (0.0%) gas / (0x1a5abf62534e67e035435b2d6928ce816c6e11699e2f43ea3657c559e33d1ae4)
2026-10-07 16:51:31.021+00:00 | EthScheduler-Workers-0 | INFO  | PersistBlockTask | Block 56 (0x67d1b9da9705cfbd94d3ee3b42a91c27331f526a2f265feb42ff6a5e08e14ba5) is already imported
2026-10-07 16:51:31.021+00:00 | BftProcessorExecutor-QBFT-0 | INFO  | QbftBesuControllerBuilder | Imported #56 / 110 tx / 71 pending / 26,616,700 (0.0%) gas / (0x67d1b9da9705cfbd94d3ee3b42a91c27331f526a2f265feb42ff6a5e08e14ba5)
2026-10-07 16:51:32.022+00:00 | BftProcessorExecutor-QBFT-0 | INFO  | QbftBesuControllerBuilder | Imported #57 / 57 tx / 14 pending / 13,792,290 (0.0%) gas / (0x523fad6a489f88bde5e0971ff0f6cb112d51f600270b5ab135925869e0fb3fc2)
2026-10-07 16:51:33.491+00:00 | BftProcessorExecutor-QBFT-0 | INFO  | QbftBesuControllerBuilder | Imported #58 / 14 tx / 0 pending / 3,387,580 (0.0%) gas / (0xa8e04d292486325c354af8297acab0fc1e1a40c7e36e4019ff14e523b68bcb83)
2026-10-07 16:51:35.271+00:00 | BftProcessorExecutor-QBFT-0 | INFO  | QbftBesuControllerBuilder | Imported #59 / 0 tx / 0 pending / 0 (0.0%) gas / (0x2791f34c093df3dd465e50effa63d83c1ae0a54e9d53d2c27603dcd7e82373f1)
2026-10-07 16:51:37.243+00:00 | EthScheduler-Workers-0 | INFO  | PersistBlockTask | Block 60 (0xa6d9b0b0e58cb73bbe28c9a55a482182b8d2ed297b794a9ddb5f08435630d020) is already imported
2026-10-07 16:51:37.243+00:00 | BftProcessorExecutor-QBFT-0 | INFO  | QbftBesuControllerBuilder | Imported #60 / 0 tx / 0 pending / 0 (0.0%) gas / (0xa6d9b0b0e58cb73bbe28c9a55a482182b8d2ed297b794a9ddb5f08435630d020)
2026-10-07 16:51:39.277+00:00 | BftProcessorExecutor-QBFT-0 | INFO  | QbftBesuControllerBuilder | Imported #61 / 0 tx / 0 pending / 0 (0.0%) gas / (0x593e12461939bae4747136690cab31b19cfc55d21dfb6cacae363102e264558d)
2026-10-07 16:51:41.286+00:00 | BftProcessorExecutor-QBFT-0 | INFO  | QbftBesuControllerBuilder | Imported #62 / 0 tx / 0 pending / 0 (0.0%) gas / (0x3a9ee12f2ffe3c0031987eee8719a4af01f00eb7a972f3b0760e5d6c6ea6dab2)
2026-10-07 16:51:43.344+00:00 | BftProcessorExecutor-QBFT-0 | INFO  | QbftBesuControllerBuilder | Imported #63 / 0 tx / 0 pending / 0 (0.0%) gas / (0x95036821909ed9c8ebf826cd1821b180b4de64da4fe9e375e83fb9a9e402b67b)
2026-10-07 16:51:45.274+00:00 | BftProcessorExecutor-QBFT-0 | INFO  | QbftBesuControllerBuilder | Imported #64 / 0 tx / 0 pending / 0 (0.0%) gas / (0x7fd3089c640dbbb2a756a7cbbc10a0a644c557aad1130b777217cb064bfc3abd)
2026-10-07 16:51:45.276+00:00 | EthScheduler-Workers-0 | INFO  | PersistBlockTask | Block 64 (0x7fd3089c640dbbb2a756a7cbbc10a0a644c557aad1130b777217cb064bfc3abd) is already imported
2026-10-07 16:51:47.235+00:00 | BftProcessorExecutor-QBFT-0 | INFO  | QbftBesuControllerBuilder | Imported #65 / 0 tx / 0 pending / 0 (0.0%) gas / (0x36505b4c8165ed53e29d1f7984c8a60e37bcea9ea8152992837dd1d01585ad41)
2026-10-07 16:51:49.256+00:00 | EthScheduler-Workers-0 | INFO  | PersistBlockTask | Block 66 (0x97455045f06991336768b399b08cbac68ec161bd8a61e11f7dfd3fccaed93e3f) is already imported
2026-10-07 16:51:49.256+00:00 | BftProcessorExecutor-QBFT-0 | INFO  | QbftBesuControllerBuilder | Imported #66 / 0 tx / 0 pending / 0 (0.0%) gas / (0x97455045f06991336768b399b08cbac68ec161bd8a61e11f7dfd3fccaed93e3f)
2026-10-07 16:51:51.250+00:00 | BftProcessorExecutor-QBFT-0 | INFO  | QbftBesuControllerBuilder | Imported #67 / 0 tx / 0 pending / 0 (0.0%) gas / (0x17bcfe884f0263e043c5327d1ed3baf03394bd21d0e4bbd45526c706573ad1cf)
2026-10-07 16:51:53.332+00:00 | BftProcessorExecutor-QBFT-0 | INFO  | QbftBesuControllerBuilder | Imported #68 / 0 tx / 0 pending / 0 (0.0%) gas / (0x446b2deb0c64ca197e88c3d40840d0a2aea0ed42762bd6334de06177e967485c)
2026-10-07 16:51:53.333+00:00 | EthScheduler-Workers-0 | INFO  | PersistBlockTask | Block 68 (0x446b2deb0c64ca197e88c3d40840d0a2aea0ed42762bd6334de06177e967485c) is already imported
2026-10-07 16:51:55.265+00:00 | BftProcessorExecutor-QBFT-0 | INFO  | QbftBesuControllerBuilder | Imported #69 / 0 tx / 0 pending / 0 (0.0%) gas / (0xb3997b8f80f4115f27a3eb71e2e72a150d200f12e989834ada07a1c3becdfb4c)
2026-10-07 16:51:57.231+00:00 | BftProcessorExecutor-QBFT-0 | INFO  | QbftBesuControllerBuilder | Produced #70 / 0 tx / 0 pending / 0 (0.0%) gas / (0x296ad9722785dd4a4ed1b57bacf5fdace3d4872766a1020d14df6d2da19aff3c)
2026-10-07 16:51:59.249+00:00 | BftProcessorExecutor-QBFT-0 | INFO  | QbftBesuControllerBuilder | Imported #71 / 0 tx / 0 pending / 0 (0.0%) gas / (0xff16b1ea1fe9b68788956f3793d5aae5fce843107fb22c4bf60dd8f82fba1ea3)
2026-10-07 16:51:59.251+00:00 | EthScheduler-Workers-0 | INFO  | PersistBlockTask | Block 71 (0xff16b1ea1fe9b68788956f3793d5aae5fce843107fb22c4bf60dd8f82fba1ea3) is already imported
2026-10-07 16:52:01.253+00:00 | EthScheduler-Workers-0 | INFO  | PersistBlockTask | Block 72 (0x117fc5787396ecf76294d722861e1a7f96dc2473c6a3f23b5b88640ef562e34d) is already imported
2026-10-07 16:52:01.253+00:00 | BftProcessorExecutor-QBFT-0 | INFO  | QbftBesuControllerBuilder | Imported #72 / 0 tx / 0 pending / 0 (0.0%) gas / (0x117fc5787396ecf76294d722861e1a7f96dc2473c6a3f23b5b88640ef562e34d)
2026-10-07 16:52:03.367+00:00 | BftProcessorExecutor-QBFT-0 | INFO  | QbftBesuControllerBuilder | Imported #73 / 17 tx / 239 pending / 2,611,734 (0.0%) gas / (0x3f7040381c33273618ec8acf9f3f0d023559b1b5b5276eb4ca8722d6446721dc)
2026-10-07 16:52:05.344+00:00 | BftProcessorExecutor-QBFT-0 | INFO  | QbftBesuControllerBuilder | Imported #74 / 17 tx / 222 pending / 2,611,774 (0.0%) gas / (0x3cc093b054efd95bcc78e7f3679b0cc188ef2ffd5e238798e0b7c57148332c16)
2026-10-07 16:52:07.352+00:00 | BftProcessorExecutor-QBFT-0 | INFO  | QbftBesuControllerBuilder | Imported #75 / 18 tx / 204 pending / 2,765,428 (0.0%) gas / (0xe0d06bb4b6a59706e252c645df60efdbd62b46f09e87ceae93d88ad560e735d9)
2026-10-07 16:52:07.352+00:00 | EthScheduler-Workers-0 | INFO  | PersistBlockTask | Block 75 (0xe0d06bb4b6a59706e252c645df60efdbd62b46f09e87ceae93d88ad560e735d9) is already imported
2026-10-07 16:52:09.312+00:00 | EthScheduler-Workers-0 | INFO  | PersistBlockTask | Block 76 (0xc367b29777f29af8ac538d9cb85a8b0771fc83e2fe4272ce6474696201b6fee2) is already imported
2026-10-07 16:52:09.313+00:00 | BftProcessorExecutor-QBFT-0 | INFO  | QbftBesuControllerBuilder | Imported #76 / 17 tx / 187 pending / 2,611,782 (0.0%) gas / (0xc367b29777f29af8ac538d9cb85a8b0771fc83e2fe4272ce6474696201b6fee2)
2026-10-07 16:52:11.312+00:00 | BftProcessorExecutor-QBFT-0 | INFO  | QbftBesuControllerBuilder | Imported #77 / 17 tx / 170 pending / 2,611,842 (0.0%) gas / (0x66f54380446cf586eca8eb9b078d59ce863c8a29c8363ebe731d09c6b248c55a)
2026-10-07 16:52:13.383+00:00 | BftProcessorExecutor-QBFT-0 | INFO  | QbftBesuControllerBuilder | Imported #78 / 17 tx / 153 pending / 2,611,786 (0.0%) gas / (0x63e01c7116522e9f4f9bc3c7c347373fc2e6eaacc66a298815aec1dd45061799)
2026-10-07 16:52:15.383+00:00 | BftProcessorExecutor-QBFT-0 | INFO  | QbftBesuControllerBuilder | Imported #79 / 17 tx / 136 pending / 2,611,750 (0.0%) gas / (0x816150e8f8525ea681f3be4e6ea7fd2f5291482d6dcc1dc043c1f0436c088ff2)
2026-10-07 16:52:17.321+00:00 | EthScheduler-Workers-0 | INFO  | PersistBlockTask | Block 80 (0x849b8887e95f31fe6afec66d4b0d85dccdf20318e1cb0a9bdc6b662263d33fd3) is already imported
2026-10-07 16:52:17.321+00:00 | BftProcessorExecutor-QBFT-0 | INFO  | QbftBesuControllerBuilder | Imported #80 / 17 tx / 119 pending / 2,611,802 (0.0%) gas / (0x849b8887e95f31fe6afec66d4b0d85dccdf20318e1cb0a9bdc6b662263d33fd3)
2026-10-07 16:52:19.395+00:00 | EthScheduler-Workers-0 | INFO  | PersistBlockTask | Block 81 (0x61105be984233441670e0d4fa4b6f450613ead569edc7b420a289975a58b505b) is already imported
2026-10-07 16:52:19.395+00:00 | BftProcessorExecutor-QBFT-0 | INFO  | QbftBesuControllerBuilder | Imported #81 / 17 tx / 102 pending / 2,611,850 (0.0%) gas / (0x61105be984233441670e0d4fa4b6f450613ead569edc7b420a289975a58b505b)
2026-10-07 16:52:21.307+00:00 | BftProcessorExecutor-QBFT-0 | INFO  | QbftBesuControllerBuilder | Imported #82 / 17 tx / 85 pending / 2,611,770 (0.0%) gas / (0x1bb792e0cc73ca4750a1e107daa824ee6d00cd4b8e757a7c0f9949ab0fb27ebc)
2026-10-07 16:52:23.395+00:00 | BftProcessorExecutor-QBFT-0 | INFO  | QbftBesuControllerBuilder | Imported #83 / 17 tx / 68 pending / 2,611,762 (0.0%) gas / (0xa1d512900e44f83fbbe63ec0c35ccab5a3d5b0e8acdaaaee772cf9953785c83c)
2026-10-07 16:52:25.308+00:00 | BftProcessorExecutor-QBFT-0 | INFO  | QbftBesuControllerBuilder | Imported #84 / 17 tx / 51 pending / 2,611,774 (0.0%) gas / (0x96449c5c01dc1eb3232a71e058ad6dd948217d14946fa93bec68859ffcba1a93)
2026-10-07 16:52:27.359+00:00 | BftProcessorExecutor-QBFT-0 | INFO  | QbftBesuControllerBuilder | Produced #85 / 17 tx / 34 pending / 2,611,838 (0.0%) gas / (0x87b65cd6eabe204e03e805365b4f2ad68946d0ab6da8e5787cacebbfadf5d1b0)
2026-10-07 16:52:27.359+00:00 | EthScheduler-Workers-0 | INFO  | PersistBlockTask | Block 85 (0x87b65cd6eabe204e03e805365b4f2ad68946d0ab6da8e5787cacebbfadf5d1b0) is already imported
2026-10-07 16:52:29.373+00:00 | EthScheduler-Workers-0 | INFO  | PersistBlockTask | Block 86 (0xa8c58e728bba0e1e35c5983fb872d510a1cc93ae516ec75fc8606922174f16b9) is already imported
2026-10-07 16:52:29.374+00:00 | BftProcessorExecutor-QBFT-0 | INFO  | QbftBesuControllerBuilder | Imported #86 / 17 tx / 17 pending / 2,611,762 (0.0%) gas / (0xa8c58e728bba0e1e35c5983fb872d510a1cc93ae516ec75fc8606922174f16b9)
2026-10-07 16:52:31.381+00:00 | BftProcessorExecutor-QBFT-0 | INFO  | QbftBesuControllerBuilder | Imported #87 / 17 tx / 0 pending / 2,611,690 (0.0%) gas / (0x5d8814079f996f12ee5e073342dbfeb78eb1f99c0a4ae05b2340098c7510750a)
2026-10-07 16:52:31.381+00:00 | EthScheduler-Workers-0 | INFO  | PersistBlockTask | Block 87 (0x5d8814079f996f12ee5e073342dbfeb78eb1f99c0a4ae05b2340098c7510750a) is already imported
2026-10-07 16:52:33.250+00:00 | BftProcessorExecutor-QBFT-0 | INFO  | QbftBesuControllerBuilder | Imported #88 / 0 tx / 0 pending / 0 (0.0%) gas / (0x584372a10981ca418a909820e03074989cc332e0038f54f3a89355dd6e9b1c5b)
2026-10-07 16:52:33.256+00:00 | EthScheduler-Workers-0 | INFO  | PersistBlockTask | Block 88 (0x584372a10981ca418a909820e03074989cc332e0038f54f3a89355dd6e9b1c5b) is already imported
2026-10-07 16:52:35.269+00:00 | BftProcessorExecutor-QBFT-0 | INFO  | QbftBesuControllerBuilder | Imported #89 / 0 tx / 0 pending / 0 (0.0%) gas / (0xcdf1a9b045b6549c4ae340c24541252bc788a33d89ee7c1a232c3ed805594d84)
2026-10-07 16:52:37.228+00:00 | EthScheduler-Workers-0 | INFO  | PersistBlockTask | Block 90 (0x91ff0a0892ad056071d76fccc38821f05a511ad43c42043aa6c623cc6860cd9d) is already imported
2026-10-07 16:52:37.228+00:00 | BftProcessorExecutor-QBFT-0 | INFO  | QbftBesuControllerBuilder | Imported #90 / 0 tx / 0 pending / 0 (0.0%) gas / (0x91ff0a0892ad056071d76fccc38821f05a511ad43c42043aa6c623cc6860cd9d)
2026-10-07 16:52:39.283+00:00 | BftProcessorExecutor-QBFT-0 | INFO  | QbftBesuControllerBuilder | Imported #91 / 0 tx / 0 pending / 0 (0.0%) gas / (0x1cdd2449fa8f502d96c679a1761b47f5972424bc8851e8912b7b0b15b5e60734)
2026-10-07 16:52:41.234+00:00 | EthScheduler-Workers-0 | INFO  | PersistBlockTask | Block 92 (0x400738448edeb0a4d6d996fb909646bcc225ca4d9ead6c9244cde2f02df912aa) is already imported
2026-10-07 16:52:41.235+00:00 | BftProcessorExecutor-QBFT-0 | INFO  | QbftBesuControllerBuilder | Imported #92 / 0 tx / 0 pending / 0 (0.0%) gas / (0x400738448edeb0a4d6d996fb909646bcc225ca4d9ead6c9244cde2f02df912aa)
2026-10-07 16:52:43.262+00:00 | BftProcessorExecutor-QBFT-0 | INFO  | QbftBesuControllerBuilder | Imported #93 / 0 tx / 0 pending / 0 (0.0%) gas / (0x5b7f57b7905e07507de37f20ceae5d37415a5ef2c2d4a4a474d4dc181d6f23a8)
2026-10-07 16:52:45.742+00:00 | BftProcessorExecutor-QBFT-0 | INFO  | QbftBesuControllerBuilder | Imported #94 / 30 tx / 650 pending / 7,259,100 (0.0%) gas / (0x0c779038980d273835a700fbf95f25005be0cb60f264ea0e06dc985c2387983a)
2026-10-07 16:52:48.351+00:00 | EthScheduler-Workers-0 | INFO  | PersistBlockTask | Block 95 (0xfc1153233d4433906909cbbb44acb2f63c430c2d63f559b7ea8105e47a4b817f) is already imported
2026-10-07 16:52:48.353+00:00 | BftProcessorExecutor-QBFT-0 | INFO  | QbftBesuControllerBuilder | Imported #95 / 73 tx / 1404 pending / 17,663,810 (0.0%) gas / (0xfc1153233d4433906909cbbb44acb2f63c430c2d63f559b7ea8105e47a4b817f)
2026-10-07 16:52:51.051+00:00 | EthScheduler-Workers-0 | INFO  | PersistBlockTask | Block 96 (0x5ce3c8d5b35cc84bb5cf0920e66bdaf8bdd8b697034ca1341b432c8d512386ca) is already imported
2026-10-07 16:52:51.053+00:00 | BftProcessorExecutor-QBFT-0 | INFO  | QbftBesuControllerBuilder | Imported #96 / 117 tx / 1828 pending / 28,310,490 (0.0%) gas / (0x5ce3c8d5b35cc84bb5cf0920e66bdaf8bdd8b697034ca1341b432c8d512386ca)
2026-10-07 16:52:53.298+00:00 | EthScheduler-Workers-0 | INFO  | PersistBlockTask | Block 97 (0x69094bd92645ba9cd573496f8a273d078a4bfc011870476dfaa9a4cb092aaed4) is already imported
2026-10-07 16:52:53.301+00:00 | BftProcessorExecutor-QBFT-0 | INFO  | QbftBesuControllerBuilder | Imported #97 / 136 tx / 1692 pending / 32,907,920 (0.0%) gas / (0x69094bd92645ba9cd573496f8a273d078a4bfc011870476dfaa9a4cb092aaed4)
2026-10-07 16:52:55.498+00:00 | EthScheduler-Workers-0 | INFO  | PersistBlockTask | Block 98 (0x458efddeaacce0350c4f833d6fdfcfcaa68d960b88323e6fc7dd89b536380732) is already imported
2026-10-07 16:52:55.500+00:00 | BftProcessorExecutor-QBFT-0 | INFO  | QbftBesuControllerBuilder | Imported #98 / 136 tx / 1556 pending / 32,907,920 (0.0%) gas / (0x458efddeaacce0350c4f833d6fdfcfcaa68d960b88323e6fc7dd89b536380732)
2026-10-07 16:52:57.758+00:00 | EthScheduler-Workers-0 | INFO  | PersistBlockTask | Block 99 (0x16ba88b1d228002ddf8198446064523f893980073354a4a586e323a725efd408) is already imported
2026-10-07 16:52:57.760+00:00 | BftProcessorExecutor-QBFT-0 | INFO  | QbftBesuControllerBuilder | Imported #99 / 136 tx / 1420 pending / 32,907,920 (0.0%) gas / (0x16ba88b1d228002ddf8198446064523f893980073354a4a586e323a725efd408)
2026-10-07 16:53:00.310+00:00 | EthScheduler-Workers-0 | INFO  | PersistBlockTask | Block 100 (0x4a63a00e3bcab2cc09a547ff085d233310c7457fe0f445d0382844e9c661c47e) is already imported
2026-10-07 16:53:00.312+00:00 | BftProcessorExecutor-QBFT-0 | INFO  | QbftBesuControllerBuilder | Produced #100 / 136 tx / 1284 pending / 32,907,920 (0.0%) gas / (0x4a63a00e3bcab2cc09a547ff085d233310c7457fe0f445d0382844e9c661c47e)
2026-10-07 16:53:02.539+00:00 | EthScheduler-Workers-0 | INFO  | PersistBlockTask | Block 101 (0xe7b04bf7a14935218e61a46db515b36cc1663ed52c3166e9e9a8d805e42b1a9f) is already imported
2026-10-07 16:53:02.542+00:00 | BftProcessorExecutor-QBFT-0 | INFO  | QbftBesuControllerBuilder | Imported #101 / 136 tx / 1148 pending / 32,907,920 (0.0%) gas / (0xe7b04bf7a14935218e61a46db515b36cc1663ed52c3166e9e9a8d805e42b1a9f)
2026-10-07 16:53:04.753+00:00 | EthScheduler-Workers-0 | INFO  | PersistBlockTask | Block 102 (0x5456769e5387998595406293610e3f7a88494bf5bcf74011443b9de25be657ac) is already imported
2026-10-07 16:53:04.754+00:00 | BftProcessorExecutor-QBFT-0 | INFO  | QbftBesuControllerBuilder | Imported #102 / 136 tx / 1012 pending / 32,907,920 (0.0%) gas / (0x5456769e5387998595406293610e3f7a88494bf5bcf74011443b9de25be657ac)
2026-10-07 16:53:07.231+00:00 | EthScheduler-Workers-0 | INFO  | PersistBlockTask | Block 103 (0xad3f56279971224ba7f10018733e4bedb2c4f82335ddb1e37826854cff38a515) is already imported
2026-10-07 16:53:07.232+00:00 | BftProcessorExecutor-QBFT-0 | INFO  | QbftBesuControllerBuilder | Imported #103 / 136 tx / 876 pending / 32,907,920 (0.0%) gas / (0xad3f56279971224ba7f10018733e4bedb2c4f82335ddb1e37826854cff38a515)
2026-10-07 16:53:09.557+00:00 | BftProcessorExecutor-QBFT-0 | INFO  | QbftBesuControllerBuilder | Imported #104 / 136 tx / 740 pending / 32,907,920 (0.0%) gas / (0x48e617dc45e944461ae799cf1918a066ddadbc6bb9cf2b70f034bcd6ac413216)
2026-10-07 16:53:11.789+00:00 | EthScheduler-Workers-0 | INFO  | PersistBlockTask | Block 105 (0x00b92d781bd5bb4413a2f08270e7509b8a9e3eb93bc0819bc397a0c420792b92) is already imported
2026-10-07 16:53:11.791+00:00 | BftProcessorExecutor-QBFT-0 | INFO  | QbftBesuControllerBuilder | Imported #105 / 138 tx / 602 pending / 33,391,860 (0.0%) gas / (0x00b92d781bd5bb4413a2f08270e7509b8a9e3eb93bc0819bc397a0c420792b92)
2026-10-07 16:53:14.303+00:00 | EthScheduler-Workers-0 | INFO  | PersistBlockTask | Block 106 (0x47f09c75ce465bb8cff0122617f52252c31da40e4c413418be018ea3809f9100) is already imported
2026-10-07 16:53:14.307+00:00 | BftProcessorExecutor-QBFT-0 | INFO  | QbftBesuControllerBuilder | Imported #106 / 138 tx / 464 pending / 33,391,860 (0.0%) gas / (0x47f09c75ce465bb8cff0122617f52252c31da40e4c413418be018ea3809f9100)
2026-10-07 16:53:16.533+00:00 | EthScheduler-Workers-0 | INFO  | PersistBlockTask | Block 107 (0x11ada635dc9cce478cdfbb8d0427779666e1940bae07a0eaf73170728f9a88e0) is already imported
2026-10-07 16:53:16.534+00:00 | BftProcessorExecutor-QBFT-0 | INFO  | QbftBesuControllerBuilder | Imported #107 / 138 tx / 326 pending / 33,391,860 (0.0%) gas / (0x11ada635dc9cce478cdfbb8d0427779666e1940bae07a0eaf73170728f9a88e0)
2026-10-07 16:53:18.767+00:00 | EthScheduler-Workers-0 | INFO  | PersistBlockTask | Block 108 (0x25a668dfb5a4e5b7a1d9b65810c95795c64aeb6326746f1f2748cef3759a39b5) is already imported
2026-10-07 16:53:18.768+00:00 | BftProcessorExecutor-QBFT-0 | INFO  | QbftBesuControllerBuilder | Imported #108 / 137 tx / 189 pending / 33,149,890 (0.0%) gas / (0x25a668dfb5a4e5b7a1d9b65810c95795c64aeb6326746f1f2748cef3759a39b5)
2026-10-07 16:53:20.833+00:00 | EthScheduler-Workers-0 | INFO  | PersistBlockTask | Block 109 (0xf46cd4394e269c455ae6fb61ed45ae9425a472fe969aa781b1baf659e4e81d87) is already imported
2026-10-07 16:53:20.834+00:00 | BftProcessorExecutor-QBFT-0 | INFO  | QbftBesuControllerBuilder | Imported #109 / 107 tx / 82 pending / 25,890,790 (0.0%) gas / (0xf46cd4394e269c455ae6fb61ed45ae9425a472fe969aa781b1baf659e4e81d87)
2026-10-07 16:53:22.133+00:00 | EthScheduler-Workers-0 | INFO  | PersistBlockTask | Block 110 (0x012dd83b8b7db23880dd11393451005d92a3029dda29571139697d4095fb5109) is already imported
2026-10-07 16:53:22.133+00:00 | BftProcessorExecutor-QBFT-0 | INFO  | QbftBesuControllerBuilder | Imported #110 / 63 tx / 19 pending / 15,244,110 (0.0%) gas / (0x012dd83b8b7db23880dd11393451005d92a3029dda29571139697d4095fb5109)
2026-10-07 16:53:23.589+00:00 | BftProcessorExecutor-QBFT-0 | INFO  | QbftBesuControllerBuilder | Imported #111 / 19 tx / 0 pending / 4,597,430 (0.0%) gas / (0xfe30fd4aae3a0fbb6f24a43dd871390cf893de848fc7fd43f40f4bf164916fe7)
2026-10-07 16:53:25.246+00:00 | BftProcessorExecutor-QBFT-0 | INFO  | QbftBesuControllerBuilder | Imported #112 / 0 tx / 0 pending / 0 (0.0%) gas / (0xafa4988f7f3098cd88df59c73e4af32385c283ef8b5f06ab96baf77fad354c0e)
2026-10-07 16:53:27.271+00:00 | BftProcessorExecutor-QBFT-0 | INFO  | QbftBesuControllerBuilder | Imported #113 / 0 tx / 0 pending / 0 (0.0%) gas / (0x0859755c077009f1b07a5a564aaa46aba3c35d7eec654379319c8e59146041a6)
2026-10-07 16:53:29.273+00:00 | BftProcessorExecutor-QBFT-0 | INFO  | QbftBesuControllerBuilder | Imported #114 / 0 tx / 0 pending / 0 (0.0%) gas / (0xed065491cc1d3f69dba2445b7cdaadb7b6d56e462d8f8761d2a9bbd709d952a3)
2026-10-07 16:53:31.234+00:00 | BftProcessorExecutor-QBFT-0 | INFO  | QbftBesuControllerBuilder | Produced #115 / 0 tx / 0 pending / 0 (0.0%) gas / (0xa0654626f573b608313742382cd61ee5dcf5fda5e2d9bbfeb38b5f533bcba2f3)
2026-10-07 16:53:33.287+00:00 | BftProcessorExecutor-QBFT-0 | INFO  | QbftBesuControllerBuilder | Imported #116 / 0 tx / 0 pending / 0 (0.0%) gas / (0xd25f81c48afe4a2bf833d5538349918d77b4bb1c3968e420a9c18ac324072805)
2026-10-07 16:53:35.251+00:00 | BftProcessorExecutor-QBFT-0 | INFO  | QbftBesuControllerBuilder | Imported #117 / 0 tx / 0 pending / 0 (0.0%) gas / (0x16c3748a8b34b85a53b989db258408f9bad02d79d5f026da10bbc925f92b4bae)
2026-10-07 16:53:37.342+00:00 | BftProcessorExecutor-QBFT-0 | INFO  | QbftBesuControllerBuilder | Imported #118 / 0 tx / 0 pending / 0 (0.0%) gas / (0xc7f9e6a7dd06ae8b35c58f3e8dc31fdb6652db902eca3a8b4f80202e3fa5545b)
2026-10-07 16:53:39.263+00:00 | BftProcessorExecutor-QBFT-0 | INFO  | QbftBesuControllerBuilder | Imported #119 / 0 tx / 0 pending / 0 (0.0%) gas / (0xa304ca17db76d2efc1659528b4a9d41a4d60b8647d9ee22b61046376ea6e6743)
2026-10-07 16:53:41.216+00:00 | BftProcessorExecutor-QBFT-0 | INFO  | QbftBesuControllerBuilder | Imported #120 / 0 tx / 0 pending / 0 (0.0%) gas / (0x5a6464493bde78ae36c8357857200ddd3731a8bf5d4d4a68ded2f042b38c9c7a)
2026-10-07 16:53:43.281+00:00 | BftProcessorExecutor-QBFT-0 | INFO  | QbftBesuControllerBuilder | Imported #121 / 0 tx / 0 pending / 0 (0.0%) gas / (0x67cfefd8ec5dc8c3c9c432509c293a6a3830cfd6e738b2ffe8310e57e52c962c)
2026-10-07 16:53:43.283+00:00 | EthScheduler-Workers-0 | INFO  | PersistBlockTask | Block 121 (0x67cfefd8ec5dc8c3c9c432509c293a6a3830cfd6e738b2ffe8310e57e52c962c) is already imported
2026-10-07 16:53:45.293+00:00 | BftProcessorExecutor-QBFT-0 | INFO  | QbftBesuControllerBuilder | Imported #122 / 0 tx / 0 pending / 0 (0.0%) gas / (0xc26ad6f022029a46ee306aef72b5464fb3c48f5f122903fd0db4264e4f3c54f6)
2026-10-07 16:53:47.353+00:00 | EthScheduler-Workers-0 | INFO  | PersistBlockTask | Block 123 (0x4ecfa4b67225e8e58d784398f37891f7f2357129f8576db2c856f962e91723d7) is already imported
2026-10-07 16:53:47.354+00:00 | BftProcessorExecutor-QBFT-0 | INFO  | QbftBesuControllerBuilder | Imported #123 / 0 tx / 0 pending / 0 (0.0%) gas / (0x4ecfa4b67225e8e58d784398f37891f7f2357129f8576db2c856f962e91723d7)
2026-10-07 16:53:49.264+00:00 | BftProcessorExecutor-QBFT-0 | INFO  | QbftBesuControllerBuilder | Imported #124 / 0 tx / 0 pending / 0 (0.0%) gas / (0x3d7a9d530e4706af17433e9cacf69bbbfb328b12a52e5a64d8946d43b75ca34d)
2026-10-07 16:53:51.237+00:00 | EthScheduler-Workers-0 | INFO  | PersistBlockTask | Block 125 (0x458fe9e0f0f2cdf0206aca026ddac5225a4e163a5a1840eaf3e8bef4208f8423) is already imported
2026-10-07 16:53:51.238+00:00 | BftProcessorExecutor-QBFT-0 | INFO  | QbftBesuControllerBuilder | Imported #125 / 0 tx / 0 pending / 0 (0.0%) gas / (0x458fe9e0f0f2cdf0206aca026ddac5225a4e163a5a1840eaf3e8bef4208f8423)
2026-10-07 16:53:53.262+00:00 | EthScheduler-Workers-0 | INFO  | PersistBlockTask | Block 126 (0x699862cfe949937cfc0858248bccc22eacc2f969fcd42a774d1d999dd4c36f46) is already imported
2026-10-07 16:53:53.263+00:00 | BftProcessorExecutor-QBFT-0 | INFO  | QbftBesuControllerBuilder | Imported #126 / 0 tx / 0 pending / 0 (0.0%) gas / (0x699862cfe949937cfc0858248bccc22eacc2f969fcd42a774d1d999dd4c36f46)
2026-10-07 16:53:55.246+00:00 | BftProcessorExecutor-QBFT-0 | INFO  | QbftBesuControllerBuilder | Imported #127 / 0 tx / 0 pending / 0 (0.0%) gas / (0x203d20665e41cf9e1bb36ab855063d1b8c81c4ac9fc68235c0adefe3bddd2bc5)
2026-10-07 16:53:57.253+00:00 | BftProcessorExecutor-QBFT-0 | INFO  | QbftBesuControllerBuilder | Imported #128 / 0 tx / 0 pending / 0 (0.0%) gas / (0x33dc71859ee30e498364061e808dc850139b5e87486300f719eee296985443ec)
2026-10-07 16:53:59.268+00:00 | BftProcessorExecutor-QBFT-0 | INFO  | QbftBesuControllerBuilder | Imported #129 / 0 tx / 0 pending / 0 (0.0%) gas / (0xcf48798391fd4d60d76e109e90634b957b7a88000af2d218e64ad9fad1beebb7)
2026-10-07 16:53:59.269+00:00 | EthScheduler-Workers-0 | INFO  | PersistBlockTask | Block 129 (0xcf48798391fd4d60d76e109e90634b957b7a88000af2d218e64ad9fad1beebb7) is already imported
2026-10-07 16:54:01.280+00:00 | BftProcessorExecutor-QBFT-0 | INFO  | QbftBesuControllerBuilder | Produced #130 / 10 tx / 203 pending / 1,536,300 (0.0%) gas / (0x3e9a3fd8702906d8a25089551fbc6158dae8450ded737fc68f5148b2a2f114c2)
2026-10-07 16:54:03.321+00:00 | BftProcessorExecutor-QBFT-0 | INFO  | QbftBesuControllerBuilder | Imported #131 / 17 tx / 229 pending / 2,611,862 (0.0%) gas / (0x98343aa43637a19ab0b24bfb85222ce5b118b94110fda54a34967e4581aaac5f)
2026-10-07 16:54:05.423+00:00 | EthScheduler-Workers-0 | INFO  | PersistBlockTask | Block 132 (0x9dad44d5d08dc39ca9727fbe2974e3794c40da980a815ef92a67be46e3b14cfc) is already imported
2026-10-07 16:54:05.423+00:00 | BftProcessorExecutor-QBFT-0 | INFO  | QbftBesuControllerBuilder | Imported #132 / 17 tx / 212 pending / 2,611,746 (0.0%) gas / (0x9dad44d5d08dc39ca9727fbe2974e3794c40da980a815ef92a67be46e3b14cfc)
2026-10-07 16:54:07.438+00:00 | BftProcessorExecutor-QBFT-0 | INFO  | QbftBesuControllerBuilder | Imported #133 / 17 tx / 195 pending / 2,611,758 (0.0%) gas / (0x998a665ef16d56d65bf4f9541c102b646b2cef1162f57f92b2e3aab8aa361f86)
2026-10-07 16:54:07.438+00:00 | EthScheduler-Workers-0 | INFO  | PersistBlockTask | Block 133 (0x998a665ef16d56d65bf4f9541c102b646b2cef1162f57f92b2e3aab8aa361f86) is already imported
2026-10-07 16:54:09.356+00:00 | BftProcessorExecutor-QBFT-0 | INFO  | QbftBesuControllerBuilder | Imported #134 / 17 tx / 178 pending / 2,611,790 (0.0%) gas / (0x16e6567b903ed59019613d38136aa71d9089ce4b2136277fe975d9d4db934cd2)
2026-10-07 16:54:09.356+00:00 | EthScheduler-Workers-0 | INFO  | PersistBlockTask | Block 134 (0x16e6567b903ed59019613d38136aa71d9089ce4b2136277fe975d9d4db934cd2) is already imported
2026-10-07 16:54:11.339+00:00 | BftProcessorExecutor-QBFT-0 | INFO  | QbftBesuControllerBuilder | Imported #135 / 18 tx / 160 pending / 2,765,432 (0.0%) gas / (0xf9c4033184b06e2b2efb3e53a40c5328afcb7d2cd46439fc449d3845376b06b6)
2026-10-07 16:54:11.339+00:00 | EthScheduler-Workers-0 | INFO  | PersistBlockTask | Block 135 (0xf9c4033184b06e2b2efb3e53a40c5328afcb7d2cd46439fc449d3845376b06b6) is already imported
2026-10-07 16:54:13.360+00:00 | BftProcessorExecutor-QBFT-0 | INFO  | QbftBesuControllerBuilder | Imported #136 / 17 tx / 143 pending / 2,611,726 (0.0%) gas / (0x2535a73ed08a595cffe8f9bba22be6d864698794c872371db74015e50322ceb8)
2026-10-07 16:54:13.361+00:00 | EthScheduler-Workers-0 | INFO  | PersistBlockTask | Block 136 (0x2535a73ed08a595cffe8f9bba22be6d864698794c872371db74015e50322ceb8) is already imported
2026-10-07 16:54:15.316+00:00 | BftProcessorExecutor-QBFT-0 | INFO  | QbftBesuControllerBuilder | Imported #137 / 17 tx / 126 pending / 2,611,798 (0.0%) gas / (0xecdfb26bd8b0956725471f4b853c91c75a8faa1f1387fcb024f5e4eb38bb348f)
2026-10-07 16:54:17.441+00:00 | BftProcessorExecutor-QBFT-0 | INFO  | QbftBesuControllerBuilder | Imported #138 / 17 tx / 109 pending / 2,611,794 (0.0%) gas / (0xaa1a4ac95785ba2610d7096ba4a45b68fa81dd20c10d9ecb861dad19fc843418)
2026-10-07 16:54:17.441+00:00 | EthScheduler-Workers-0 | INFO  | PersistBlockTask | Block 138 (0xaa1a4ac95785ba2610d7096ba4a45b68fa81dd20c10d9ecb861dad19fc843418) is already imported
2026-10-07 16:54:19.354+00:00 | BftProcessorExecutor-QBFT-0 | INFO  | QbftBesuControllerBuilder | Imported #139 / 17 tx / 92 pending / 2,611,842 (0.0%) gas / (0xa3cae0f914b8c0097f083a05326c0030eb041612d61c3f98c5be6af37c1330b5)
2026-10-07 16:54:21.340+00:00 | BftProcessorExecutor-QBFT-0 | INFO  | QbftBesuControllerBuilder | Imported #140 / 17 tx / 75 pending / 2,611,830 (0.0%) gas / (0x74ef91dce309d70e85c5f07459e7abf90abc31c52652cac5204969ad45251e90)
2026-10-07 16:54:21.340+00:00 | EthScheduler-Workers-0 | INFO  | PersistBlockTask | Block 140 (0x74ef91dce309d70e85c5f07459e7abf90abc31c52652cac5204969ad45251e90) is already imported
2026-10-07 16:54:23.390+00:00 | EthScheduler-Workers-0 | INFO  | PersistBlockTask | Block 141 (0x0cbcabb6b67d74ed1274bd088083b37b0462f614f2f592a66e73af51ef4f92c7) is already imported
2026-10-07 16:54:23.390+00:00 | BftProcessorExecutor-QBFT-0 | INFO  | QbftBesuControllerBuilder | Imported #141 / 17 tx / 58 pending / 2,611,698 (0.0%) gas / (0x0cbcabb6b67d74ed1274bd088083b37b0462f614f2f592a66e73af51ef4f92c7)
2026-10-07 16:54:25.366+00:00 | EthScheduler-Workers-0 | INFO  | PersistBlockTask | Block 142 (0x9df31250c21dbe35a6ab997c6c20072f26abc30a2965b40d60bfe32ae7f8a6e9) is already imported
2026-10-07 16:54:25.367+00:00 | BftProcessorExecutor-QBFT-0 | INFO  | QbftBesuControllerBuilder | Imported #142 / 17 tx / 41 pending / 2,611,830 (0.0%) gas / (0x9df31250c21dbe35a6ab997c6c20072f26abc30a2965b40d60bfe32ae7f8a6e9)
2026-10-07 16:54:27.453+00:00 | EthScheduler-Workers-0 | INFO  | PersistBlockTask | Block 143 (0x84db52504b6d1ea5484a48ea620fbf278bc6b3c6b1d5bcfbdf794cf6c16ae188) is already imported
2026-10-07 16:54:27.453+00:00 | BftProcessorExecutor-QBFT-0 | INFO  | QbftBesuControllerBuilder | Imported #143 / 17 tx / 24 pending / 2,611,738 (0.0%) gas / (0x84db52504b6d1ea5484a48ea620fbf278bc6b3c6b1d5bcfbdf794cf6c16ae188)
2026-10-07 16:54:29.417+00:00 | EthScheduler-Workers-0 | INFO  | PersistBlockTask | Block 144 (0xdef434e3c8535efabbc9bbe819de9eb80eaed743d2704737a72284dfbefa2770) is already imported
2026-10-07 16:54:29.417+00:00 | BftProcessorExecutor-QBFT-0 | INFO  | QbftBesuControllerBuilder | Imported #144 / 17 tx / 7 pending / 2,611,746 (0.0%) gas / (0xdef434e3c8535efabbc9bbe819de9eb80eaed743d2704737a72284dfbefa2770)
2026-10-07 16:54:31.320+00:00 | EthScheduler-Workers-0 | INFO  | PersistBlockTask | Block 145 (0x49a5764b0c4ea43cb67847a1d0962e85568e7ce4459f220c4a74d996fad228c9) is already imported
2026-10-07 16:54:31.320+00:00 | BftProcessorExecutor-QBFT-0 | INFO  | QbftBesuControllerBuilder | Produced #145 / 7 tx / 0 pending / 1,075,394 (0.0%) gas / (0x49a5764b0c4ea43cb67847a1d0962e85568e7ce4459f220c4a74d996fad228c9)
2026-10-07 16:54:33.241+00:00 | BftProcessorExecutor-QBFT-0 | INFO  | QbftBesuControllerBuilder | Imported #146 / 0 tx / 0 pending / 0 (0.0%) gas / (0x657fde70a8b252cb29ea3e029c7f803749035334d6f7f33686d1eace18c597b0)
2026-10-07 16:54:33.244+00:00 | EthScheduler-Workers-0 | INFO  | PersistBlockTask | Block 146 (0x657fde70a8b252cb29ea3e029c7f803749035334d6f7f33686d1eace18c597b0) is already imported
2026-10-07 16:54:35.236+00:00 | BftProcessorExecutor-QBFT-0 | INFO  | QbftBesuControllerBuilder | Imported #147 / 0 tx / 0 pending / 0 (0.0%) gas / (0xac78fcfd05ab5c42d47dbc3628f0b57aadbf2ae4be2f25dd46c97aa7e9474eb2)
2026-10-07 16:54:37.269+00:00 | EthScheduler-Workers-0 | INFO  | PersistBlockTask | Block 148 (0xc4a56ae65351b2222c4b97c29adddf7a0eaf0b746225ed23052e403f832ec914) is already imported
2026-10-07 16:54:37.270+00:00 | BftProcessorExecutor-QBFT-0 | INFO  | QbftBesuControllerBuilder | Imported #148 / 0 tx / 0 pending / 0 (0.0%) gas / (0xc4a56ae65351b2222c4b97c29adddf7a0eaf0b746225ed23052e403f832ec914)
2026-10-07 16:54:39.252+00:00 | BftProcessorExecutor-QBFT-0 | INFO  | QbftBesuControllerBuilder | Imported #149 / 0 tx / 0 pending / 0 (0.0%) gas / (0xfeaa5561b502408667430c51c9db5dfd6ece1752370ce4163e512949c1d13f3e)
2026-10-07 16:54:41.212+00:00 | BftProcessorExecutor-QBFT-0 | INFO  | QbftBesuControllerBuilder | Imported #150 / 0 tx / 0 pending / 0 (0.0%) gas / (0xc52cf0e4a0c257df4773b05327851686eb14fb23ae2dfb5fa46795812df061f3)
2026-10-07 16:54:43.280+00:00 | BftProcessorExecutor-QBFT-0 | INFO  | QbftBesuControllerBuilder | Imported #151 / 0 tx / 0 pending / 0 (0.0%) gas / (0xdc9a82875e9358ba2a9c265c22241738c4e142f280fe32825516f6cfca366132)
2026-10-07 16:54:45.655+00:00 | BftProcessorExecutor-QBFT-0 | INFO  | QbftBesuControllerBuilder | Imported #152 / 21 tx / 462 pending / 5,081,370 (0.0%) gas / (0x27d437af1f328ebdd1bfd796543004ad768f9634fdce92ad15988c32997c2395)
2026-10-07 16:54:45.655+00:00 | EthScheduler-Workers-0 | INFO  | PersistBlockTask | Block 152 (0x27d437af1f328ebdd1bfd796543004ad768f9634fdce92ad15988c32997c2395) is already imported
2026-10-07 16:54:48.244+00:00 | EthScheduler-Workers-0 | INFO  | PersistBlockTask | Block 153 (0x3c441e153bb842ecb62366fe090d5b8ce40c4cf555adfd914c826292c91dc6ee) is already imported
2026-10-07 16:54:48.245+00:00 | BftProcessorExecutor-QBFT-0 | INFO  | QbftBesuControllerBuilder | Imported #153 / 60 tx / 1208 pending / 14,518,200 (0.0%) gas / (0x3c441e153bb842ecb62366fe090d5b8ce40c4cf555adfd914c826292c91dc6ee)
2026-10-07 16:54:50.871+00:00 | EthScheduler-Workers-0 | INFO  | PersistBlockTask | Block 154 (0x2ecc692fae23d10414d2036e154a1f3b201677a746cf3cd7d560128d830552bd) is already imported
2026-10-07 16:54:50.873+00:00 | BftProcessorExecutor-QBFT-0 | INFO  | QbftBesuControllerBuilder | Imported #154 / 104 tx / 1863 pending / 25,164,880 (0.0%) gas / (0x2ecc692fae23d10414d2036e154a1f3b201677a746cf3cd7d560128d830552bd)
2026-10-07 16:54:53.148+00:00 | BftProcessorExecutor-QBFT-0 | INFO  | QbftBesuControllerBuilder | Imported #155 / 136 tx / 1727 pending / 32,907,920 (0.0%) gas / (0xb96f27d7ec0ee2e0e8a8b8d7929784f074c6bbf1faa3c4137056fa882d0fe840)
2026-10-07 16:54:55.334+00:00 | EthScheduler-Workers-0 | INFO  | PersistBlockTask | Block 156 (0x733beb96b6e74979cee9ac4ecb3cd17f1116dce141757db90ca1d4bdaa95cf99) is already imported
2026-10-07 16:54:55.336+00:00 | BftProcessorExecutor-QBFT-0 | INFO  | QbftBesuControllerBuilder | Imported #156 / 136 tx / 1591 pending / 32,907,920 (0.0%) gas / (0x733beb96b6e74979cee9ac4ecb3cd17f1116dce141757db90ca1d4bdaa95cf99)
2026-10-07 16:54:57.495+00:00 | EthScheduler-Workers-0 | INFO  | PersistBlockTask | Block 157 (0xe738046bcc180aa01b3cc799fe98469fa055bfa5c45cbb0eb4e7fa6a0bfd062b) is already imported
2026-10-07 16:54:57.496+00:00 | BftProcessorExecutor-QBFT-0 | INFO  | QbftBesuControllerBuilder | Imported #157 / 136 tx / 1455 pending / 32,907,920 (0.0%) gas / (0xe738046bcc180aa01b3cc799fe98469fa055bfa5c45cbb0eb4e7fa6a0bfd062b)
2026-10-07 16:54:59.744+00:00 | EthScheduler-Workers-0 | INFO  | PersistBlockTask | Block 158 (0x59fedaa20ec953a853ef3ad39dba9f25518ec78b250ee46de23bb53af5798a0b) is already imported
2026-10-07 16:54:59.745+00:00 | BftProcessorExecutor-QBFT-0 | INFO  | QbftBesuControllerBuilder | Imported #158 / 136 tx / 1319 pending / 32,907,920 (0.0%) gas / (0x59fedaa20ec953a853ef3ad39dba9f25518ec78b250ee46de23bb53af5798a0b)
2026-10-07 16:55:02.304+00:00 | EthScheduler-Workers-0 | INFO  | PersistBlockTask | Block 159 (0x9428c48a2c54a0f081d244b52ea07fe03cd1bc633125d8cdf8d780705f54b520) is already imported
2026-10-07 16:55:02.305+00:00 | BftProcessorExecutor-QBFT-0 | INFO  | QbftBesuControllerBuilder | Imported #159 / 136 tx / 1183 pending / 32,907,920 (0.0%) gas / (0x9428c48a2c54a0f081d244b52ea07fe03cd1bc633125d8cdf8d780705f54b520)
2026-10-07 16:55:04.499+00:00 | EthScheduler-Workers-0 | INFO  | PersistBlockTask | Block 160 (0xf6e4c7122b68e16b8536b879402ad6bee456415f748ec21e53a3bbe27975ecc6) is already imported
2026-10-07 16:55:04.500+00:00 | BftProcessorExecutor-QBFT-0 | INFO  | QbftBesuControllerBuilder | Produced #160 / 136 tx / 1047 pending / 32,907,920 (0.0%) gas / (0xf6e4c7122b68e16b8536b879402ad6bee456415f748ec21e53a3bbe27975ecc6)
2026-10-07 16:55:06.768+00:00 | BftProcessorExecutor-QBFT-0 | INFO  | QbftBesuControllerBuilder | Imported #161 / 136 tx / 911 pending / 32,907,920 (0.0%) gas / (0xd47c77f87a11e99853a8e82e73645b6e2b1f70ab5d70f4efa699f9991c984de0)
2026-10-07 16:55:06.768+00:00 | EthScheduler-Workers-0 | INFO  | PersistBlockTask | Block 161 (0xd47c77f87a11e99853a8e82e73645b6e2b1f70ab5d70f4efa699f9991c984de0) is already imported
2026-10-07 16:55:09.278+00:00 | EthScheduler-Workers-0 | INFO  | PersistBlockTask | Block 162 (0x6804a12e008ca5c9389a7fee73ce2970ae135ce7773f9553b9f28c760348972c) is already imported
2026-10-07 16:55:09.279+00:00 | BftProcessorExecutor-QBFT-0 | INFO  | QbftBesuControllerBuilder | Imported #162 / 136 tx / 775 pending / 32,907,920 (0.0%) gas / (0x6804a12e008ca5c9389a7fee73ce2970ae135ce7773f9553b9f28c760348972c)
2026-10-07 16:55:11.531+00:00 | EthScheduler-Workers-0 | INFO  | PersistBlockTask | Block 163 (0xe8c93dfa84bc6de7c3ff44dd9a290b0f2ee429f34accbf0d8a6ed76e58f917b5) is already imported
2026-10-07 16:55:11.532+00:00 | BftProcessorExecutor-QBFT-0 | INFO  | QbftBesuControllerBuilder | Imported #163 / 136 tx / 639 pending / 32,907,920 (0.0%) gas / (0xe8c93dfa84bc6de7c3ff44dd9a290b0f2ee429f34accbf0d8a6ed76e58f917b5)
2026-10-07 16:55:13.736+00:00 | EthScheduler-Workers-0 | INFO  | PersistBlockTask | Block 164 (0xb2171833705878967b7c29eb73ccbac463715786568f0e0ac7bc933df78b50ba) is already imported
2026-10-07 16:55:13.737+00:00 | BftProcessorExecutor-QBFT-0 | INFO  | QbftBesuControllerBuilder | Imported #164 / 136 tx / 503 pending / 32,907,920 (0.0%) gas / (0xb2171833705878967b7c29eb73ccbac463715786568f0e0ac7bc933df78b50ba)
2026-10-07 16:55:16.230+00:00 | EthScheduler-Workers-0 | INFO  | PersistBlockTask | Block 165 (0x9763ec06672ed530da42de0ff922edebe42c4c57a833d281a21e6ff1590b172a) is already imported
2026-10-07 16:55:16.231+00:00 | BftProcessorExecutor-QBFT-0 | INFO  | QbftBesuControllerBuilder | Imported #165 / 138 tx / 365 pending / 33,391,860 (0.0%) gas / (0x9763ec06672ed530da42de0ff922edebe42c4c57a833d281a21e6ff1590b172a)
2026-10-07 16:55:18.451+00:00 | EthScheduler-Workers-0 | INFO  | PersistBlockTask | Block 166 (0x1a7a97adc35e5bed187bf17757a023a81b638f286ed1ab8a193ae3ba6bac0a43) is already imported
2026-10-07 16:55:18.451+00:00 | BftProcessorExecutor-QBFT-0 | INFO  | QbftBesuControllerBuilder | Imported #166 / 138 tx / 227 pending / 33,391,860 (0.0%) gas / (0x1a7a97adc35e5bed187bf17757a023a81b638f286ed1ab8a193ae3ba6bac0a43)
2026-10-07 16:55:20.389+00:00 | BftProcessorExecutor-QBFT-0 | INFO  | QbftBesuControllerBuilder | Imported #167 / 117 tx / 110 pending / 28,310,490 (0.0%) gas / (0xe57b7e75453524cbe11d785130492dd84f0be033421938c67b65db5e0710d9a6)
2026-10-07 16:55:21.873+00:00 | EthScheduler-Workers-0 | INFO  | PersistBlockTask | Block 168 (0x9f180b3b1d2679a33607af900a528d378fe6fb890c315c4cb529768cb7aa110a) is already imported
2026-10-07 16:55:21.873+00:00 | BftProcessorExecutor-QBFT-0 | INFO  | QbftBesuControllerBuilder | Imported #168 / 77 tx / 33 pending / 18,631,690 (0.0%) gas / (0x9f180b3b1d2679a33607af900a528d378fe6fb890c315c4cb529768cb7aa110a)
2026-10-07 16:55:22.823+00:00 | EthScheduler-Workers-0 | INFO  | PersistBlockTask | Block 169 (0xc98610adfb311a2c70fc076b2b0eb3369ccf68d9a9c0bd896998fd0d4aad9428) is already imported
2026-10-07 16:55:22.823+00:00 | BftProcessorExecutor-QBFT-0 | INFO  | QbftBesuControllerBuilder | Imported #169 / 33 tx / 0 pending / 7,985,010 (0.0%) gas / (0xc98610adfb311a2c70fc076b2b0eb3369ccf68d9a9c0bd896998fd0d4aad9428)
2026-10-07 16:55:24.223+00:00 | BftProcessorExecutor-QBFT-0 | INFO  | QbftBesuControllerBuilder | Imported #170 / 0 tx / 0 pending / 0 (0.0%) gas / (0xcc274331169fb448943759f0c0910ae7051ddbb1d9c68c23586012d08308fa90)
2026-10-07 16:55:24.225+00:00 | EthScheduler-Workers-0 | INFO  | PersistBlockTask | Block 170 (0xcc274331169fb448943759f0c0910ae7051ddbb1d9c68c23586012d08308fa90) is already imported
2026-10-07 16:55:26.253+00:00 | BftProcessorExecutor-QBFT-0 | INFO  | QbftBesuControllerBuilder | Imported #171 / 0 tx / 0 pending / 0 (0.0%) gas / (0x7dff8e2e6def3fc1e7e7855b1afdaefb7d1150a8ba68ece0508b03cde4beda1d)
2026-10-07 16:55:28.240+00:00 | BftProcessorExecutor-QBFT-0 | INFO  | QbftBesuControllerBuilder | Imported #172 / 0 tx / 0 pending / 0 (0.0%) gas / (0xfa7430fe6e7b8755a081a2f2d59b256ad5151bd47c6978b097b67b01ce7378dc)
2026-10-07 16:55:30.338+00:00 | BftProcessorExecutor-QBFT-0 | INFO  | QbftBesuControllerBuilder | Imported #173 / 0 tx / 0 pending / 0 (0.0%) gas / (0x1f8ccc2ee0c05f792ccff254f386ef26efad377d98981e7481c56e1b09737bf3)
2026-10-07 16:55:32.276+00:00 | EthScheduler-Workers-0 | INFO  | PersistBlockTask | Block 174 (0xc71207fb610ecfb827c8a4a41efa7f3f251b61a1dd34acaff0911b4f5977f0d4) is already imported
2026-10-07 16:55:32.276+00:00 | BftProcessorExecutor-QBFT-0 | INFO  | QbftBesuControllerBuilder | Imported #174 / 0 tx / 0 pending / 0 (0.0%) gas / (0xc71207fb610ecfb827c8a4a41efa7f3f251b61a1dd34acaff0911b4f5977f0d4)
2026-10-07 16:55:34.230+00:00 | EthScheduler-Workers-0 | INFO  | PersistBlockTask | Block 175 (0x618cbb3f0898bb71786b4ca98ff58dd7b2d12db0cc1ecdea84bb22276328bb63) is already imported
2026-10-07 16:55:34.230+00:00 | BftProcessorExecutor-QBFT-0 | INFO  | QbftBesuControllerBuilder | Produced #175 / 0 tx / 0 pending / 0 (0.0%) gas / (0x618cbb3f0898bb71786b4ca98ff58dd7b2d12db0cc1ecdea84bb22276328bb63)
2026-10-07 16:55:36.247+00:00 | BftProcessorExecutor-QBFT-0 | INFO  | QbftBesuControllerBuilder | Imported #176 / 0 tx / 0 pending / 0 (0.0%) gas / (0x1525cf7a292003a7d135c64005ea5f79f1f87e179417cc57a863a712b8e8be36)
2026-10-07 16:55:38.243+00:00 | BftProcessorExecutor-QBFT-0 | INFO  | QbftBesuControllerBuilder | Imported #177 / 0 tx / 0 pending / 0 (0.0%) gas / (0xf456a70c4ea887626cefdb055f19e9ea7e2e548991357c833471b5c107a2ec19)
2026-10-07 16:55:40.349+00:00 | EthScheduler-Workers-0 | INFO  | PersistBlockTask | Block 178 (0xf8b38dc60a1c65b89642c4c1e6cbdd8157e573d2b76edc185786eba44ed39f53) is already imported
2026-10-07 16:55:40.350+00:00 | BftProcessorExecutor-QBFT-0 | INFO  | QbftBesuControllerBuilder | Imported #178 / 0 tx / 0 pending / 0 (0.0%) gas / (0xf8b38dc60a1c65b89642c4c1e6cbdd8157e573d2b76edc185786eba44ed39f53)
2026-10-07 16:55:42.270+00:00 | EthScheduler-Workers-0 | INFO  | PersistBlockTask | Block 179 (0xf5b7cfe5aa544a6021471bb572fb8d1510812b52875f7f3e2ac9393f8c35f42e) is already imported
2026-10-07 16:55:42.270+00:00 | BftProcessorExecutor-QBFT-0 | INFO  | QbftBesuControllerBuilder | Imported #179 / 0 tx / 0 pending / 0 (0.0%) gas / (0xf5b7cfe5aa544a6021471bb572fb8d1510812b52875f7f3e2ac9393f8c35f42e)
2026-10-07 16:55:44.228+00:00 | BftProcessorExecutor-QBFT-0 | INFO  | QbftBesuControllerBuilder | Imported #180 / 0 tx / 0 pending / 0 (0.0%) gas / (0x584801b28f134cf38cf8af6f604524744e835321896adf43065b684c399a49d1)
2026-10-07 16:55:44.228+00:00 | EthScheduler-Workers-0 | INFO  | PersistBlockTask | Block 180 (0x584801b28f134cf38cf8af6f604524744e835321896adf43065b684c399a49d1) is already imported
2026-10-07 16:55:46.265+00:00 | EthScheduler-Workers-0 | INFO  | PersistBlockTask | Block 181 (0xab3437f73d3e2b347cee79874c8a1ced06eb67ac5569b2c1290cab6444c45209) is already imported
2026-10-07 16:55:46.266+00:00 | BftProcessorExecutor-QBFT-0 | INFO  | QbftBesuControllerBuilder | Imported #181 / 0 tx / 0 pending / 0 (0.0%) gas / (0xab3437f73d3e2b347cee79874c8a1ced06eb67ac5569b2c1290cab6444c45209)
2026-10-07 16:55:48.238+00:00 | BftProcessorExecutor-QBFT-0 | INFO  | QbftBesuControllerBuilder | Imported #182 / 0 tx / 0 pending / 0 (0.0%) gas / (0xa18daa304271d9e331c9783d8c9fa0d9f16fb5dd285b4ab9b9af5d333547ba9e)
2026-10-07 16:55:50.320+00:00 | BftProcessorExecutor-QBFT-0 | INFO  | QbftBesuControllerBuilder | Imported #183 / 0 tx / 0 pending / 0 (0.0%) gas / (0xcd91756d98475e11c45d2b4461f033f2ddef41da141347a080bd7b4a7f0c5b5b)
2026-10-07 16:55:52.310+00:00 | BftProcessorExecutor-QBFT-0 | INFO  | QbftBesuControllerBuilder | Imported #184 / 15 tx / 241 pending / 2,304,522 (0.0%) gas / (0xea4fee9ad67d1a09022ecb8ecc6fb3223780b37dcc15070a4162bf3f183ade4f)
2026-10-07 16:55:54.321+00:00 | BftProcessorExecutor-QBFT-0 | INFO  | QbftBesuControllerBuilder | Imported #185 / 17 tx / 224 pending / 2,611,750 (0.0%) gas / (0xcbdbc254aedfeeeb36893b072b018c41ed3e9b85e7ed5789b2dc0a42d7fb8cca)
2026-10-07 16:55:54.320+00:00 | EthScheduler-Workers-0 | INFO  | PersistBlockTask | Block 185 (0xcbdbc254aedfeeeb36893b072b018c41ed3e9b85e7ed5789b2dc0a42d7fb8cca) is already imported
2026-10-07 16:55:56.419+00:00 | BftProcessorExecutor-QBFT-0 | INFO  | QbftBesuControllerBuilder | Imported #186 / 17 tx / 207 pending / 2,611,846 (0.0%) gas / (0x7e0b9d2fa8e3770ae78967b804e1dd26846b599897f0350a234c3bed7da2784d)
2026-10-07 16:55:56.420+00:00 | EthScheduler-Workers-0 | INFO  | PersistBlockTask | Block 186 (0x7e0b9d2fa8e3770ae78967b804e1dd26846b599897f0350a234c3bed7da2784d) is already imported
2026-10-07 16:55:58.385+00:00 | EthScheduler-Workers-0 | INFO  | PersistBlockTask | Block 187 (0x01afe05dc6face7453e93c417c63ffebd48f2c93da6ebc50ca24925757e58797) is already imported
2026-10-07 16:55:58.385+00:00 | BftProcessorExecutor-QBFT-0 | INFO  | QbftBesuControllerBuilder | Imported #187 / 17 tx / 190 pending / 2,611,790 (0.0%) gas / (0x01afe05dc6face7453e93c417c63ffebd48f2c93da6ebc50ca24925757e58797)
2026-10-07 16:56:00.441+00:00 | BftProcessorExecutor-QBFT-0 | INFO  | QbftBesuControllerBuilder | Imported #188 / 17 tx / 173 pending / 2,611,818 (0.0%) gas / (0x295157bc4c0ad9372008ab9a4db8f8585a7bb2816683d9050019b6954120b709)
2026-10-07 16:56:00.441+00:00 | EthScheduler-Workers-0 | INFO  | PersistBlockTask | Block 188 (0x295157bc4c0ad9372008ab9a4db8f8585a7bb2816683d9050019b6954120b709) is already imported
2026-10-07 16:56:02.423+00:00 | EthScheduler-Workers-0 | INFO  | PersistBlockTask | Block 189 (0x655b57de1c9dd5891a661a5aeceb7cff8ec21a1d6a05f5417c225b74ce9731a0) is already imported
2026-10-07 16:56:02.423+00:00 | BftProcessorExecutor-QBFT-0 | INFO  | QbftBesuControllerBuilder | Imported #189 / 17 tx / 156 pending / 2,611,754 (0.0%) gas / (0x655b57de1c9dd5891a661a5aeceb7cff8ec21a1d6a05f5417c225b74ce9731a0)
2026-10-07 16:56:04.301+00:00 | BftProcessorExecutor-QBFT-0 | INFO  | QbftBesuControllerBuilder | Produced #190 / 17 tx / 139 pending / 2,611,834 (0.0%) gas / (0xac57093fa380a0911ad16c0ea76de495cfb2d4dfe66347edd9493e777db80cc5)
2026-10-07 16:56:06.311+00:00 | BftProcessorExecutor-QBFT-0 | INFO  | QbftBesuControllerBuilder | Imported #191 / 17 tx / 122 pending / 2,611,770 (0.0%) gas / (0x3c7af263b1fd875b6d92885acb6ee00669aac40bf7dc4f2a970b073a5c544ae5)
2026-10-07 16:56:08.321+00:00 | BftProcessorExecutor-QBFT-0 | INFO  | QbftBesuControllerBuilder | Imported #192 / 17 tx / 105 pending / 2,611,730 (0.0%) gas / (0xf8cb4534df2b4ad181f7fe8d56afe18a47bdcff6eb915cd5f3980cecf440c696)
2026-10-07 16:56:10.416+00:00 | EthScheduler-Workers-0 | INFO  | PersistBlockTask | Block 193 (0x9b111c7ffa4417f435c1cc4f4d138033d1f3eb8066f146a12e14c8be7d31ba57) is already imported
2026-10-07 16:56:10.419+00:00 | BftProcessorExecutor-QBFT-0 | INFO  | QbftBesuControllerBuilder | Imported #193 / 17 tx / 88 pending / 2,611,770 (0.0%) gas / (0x9b111c7ffa4417f435c1cc4f4d138033d1f3eb8066f146a12e14c8be7d31ba57)
2026-10-07 16:56:12.378+00:00 | EthScheduler-Workers-0 | INFO  | PersistBlockTask | Block 194 (0x2c0f3f01ade2c43bfcb5c9dc574375b6b52c8acd44388f78955d88f96b9cda6d) is already imported
2026-10-07 16:56:12.378+00:00 | BftProcessorExecutor-QBFT-0 | INFO  | QbftBesuControllerBuilder | Imported #194 / 17 tx / 71 pending / 2,611,746 (0.0%) gas / (0x2c0f3f01ade2c43bfcb5c9dc574375b6b52c8acd44388f78955d88f96b9cda6d)
2026-10-07 16:56:14.366+00:00 | EthScheduler-Workers-0 | INFO  | PersistBlockTask | Block 195 (0x7d1621741006a6a1c40090638164b0d58c85840f0b4328f0471785ba7d9daa74) is already imported
2026-10-07 16:56:14.366+00:00 | BftProcessorExecutor-QBFT-0 | INFO  | QbftBesuControllerBuilder | Imported #195 / 18 tx / 53 pending / 2,765,468 (0.0%) gas / (0x7d1621741006a6a1c40090638164b0d58c85840f0b4328f0471785ba7d9daa74)
2026-10-07 16:56:16.417+00:00 | BftProcessorExecutor-QBFT-0 | INFO  | QbftBesuControllerBuilder | Imported #196 / 17 tx / 36 pending / 2,611,842 (0.0%) gas / (0xd7cb2de4a2cc60e5727a2abd5d021da76e8e3dba82bc59016d9695cf5879cf48)
2026-10-07 16:56:16.417+00:00 | EthScheduler-Workers-0 | INFO  | PersistBlockTask | Block 196 (0xd7cb2de4a2cc60e5727a2abd5d021da76e8e3dba82bc59016d9695cf5879cf48) is already imported
2026-10-07 16:56:18.340+00:00 | BftProcessorExecutor-QBFT-0 | INFO  | QbftBesuControllerBuilder | Imported #197 / 17 tx / 19 pending / 2,611,790 (0.0%) gas / (0x35415048d86cda413e31510b5c0cfa8561b113d7bbb3b8d2bcd489a42b83b779)
2026-10-07 16:56:18.341+00:00 | EthScheduler-Workers-0 | INFO  | PersistBlockTask | Block 197 (0x35415048d86cda413e31510b5c0cfa8561b113d7bbb3b8d2bcd489a42b83b779) is already imported
2026-10-07 16:56:20.395+00:00 | BftProcessorExecutor-QBFT-0 | INFO  | QbftBesuControllerBuilder | Imported #198 / 17 tx / 2 pending / 2,611,810 (0.0%) gas / (0x78023bbfc1c127b90aab170641c1d506873be6a0d9ab26a5d276876950893559)
2026-10-07 16:56:22.313+00:00 | BftProcessorExecutor-QBFT-0 | INFO  | QbftBesuControllerBuilder | Imported #199 / 2 tx / 0 pending / 307,252 (0.0%) gas / (0x41796b3719e4a964f197fb7decda5d01defd0292606bdc7b75f8f3f544e313b4)
2026-10-07 16:56:22.313+00:00 | EthScheduler-Workers-0 | INFO  | PersistBlockTask | Block 199 (0x41796b3719e4a964f197fb7decda5d01defd0292606bdc7b75f8f3f544e313b4) is already imported
2026-10-07 16:56:24.230+00:00 | BftProcessorExecutor-QBFT-0 | INFO  | QbftBesuControllerBuilder | Imported #200 / 0 tx / 0 pending / 0 (0.0%) gas / (0xc0e4b0cbacb3a288d0d12d6b4066360922363605864f33563b89875bca5d64ed)
2026-10-07 16:56:26.257+00:00 | BftProcessorExecutor-QBFT-0 | INFO  | QbftBesuControllerBuilder | Imported #201 / 0 tx / 0 pending / 0 (0.0%) gas / (0xcf5c3e4c35f7f6adc6bc4f6da294356b09b9d792aaa1862787aabaaa88493cbf)
2026-10-07 16:56:28.232+00:00 | BftProcessorExecutor-QBFT-0 | INFO  | QbftBesuControllerBuilder | Imported #202 / 0 tx / 0 pending / 0 (0.0%) gas / (0xf104b6daada17d8a8f77e36d07b0767f09ed0960341e95e14a0052639657206d)
2026-10-07 16:56:30.347+00:00 | BftProcessorExecutor-QBFT-0 | INFO  | QbftBesuControllerBuilder | Imported #203 / 0 tx / 0 pending / 0 (0.0%) gas / (0x08de3bb67d20ed32918faee59341179ab5fa2f901ca5ed97e891d53cfb2bac0e)
2026-10-07 16:56:30.346+00:00 | EthScheduler-Workers-0 | INFO  | PersistBlockTask | Block 203 (0x08de3bb67d20ed32918faee59341179ab5fa2f901ca5ed97e891d53cfb2bac0e) is already imported
2026-10-07 16:56:32.260+00:00 | BftProcessorExecutor-QBFT-0 | INFO  | QbftBesuControllerBuilder | Imported #204 / 0 tx / 0 pending / 0 (0.0%) gas / (0xa9cc1e5732dda1bac7c4e9bf63acfcd84226d8be27b803230a8057058c928074)
2026-10-07 16:56:34.225+00:00 | BftProcessorExecutor-QBFT-0 | INFO  | QbftBesuControllerBuilder | Produced #205 / 0 tx / 49 pending / 0 (0.0%) gas / (0x14ed0b959b5e92bd8ff6df84682d021acfef6226573ab562416b54b3a2244796)
2026-10-07 16:56:34.228+00:00 | EthScheduler-Workers-0 | INFO  | PersistBlockTask | Block 205 (0x14ed0b959b5e92bd8ff6df84682d021acfef6226573ab562416b54b3a2244796) is already imported
2026-10-07 16:56:36.944+00:00 | EthScheduler-Workers-0 | INFO  | PersistBlockTask | Block 206 (0x6c5066b239d3b6859aa441155a18a95495c21732775d7dead66b26a1ca790db6) is already imported
2026-10-07 16:56:36.945+00:00 | BftProcessorExecutor-QBFT-0 | INFO  | QbftBesuControllerBuilder | Imported #206 / 41 tx / 835 pending / 9,920,770 (0.0%) gas / (0x6c5066b239d3b6859aa441155a18a95495c21732775d7dead66b26a1ca790db6)
2026-10-07 16:56:39.427+00:00 | BftProcessorExecutor-QBFT-0 | INFO  | QbftBesuControllerBuilder | Imported #207 / 77 tx / 1514 pending / 18,631,690 (0.0%) gas / (0x66f9e4c7f7b36da5d2cec636ca681d51be38a16dd4e66597776e78c5b0c0270b)
2026-10-07 16:56:42.108+00:00 | EthScheduler-Workers-0 | INFO  | PersistBlockTask | Block 208 (0xefc0760c4e0797ebc76b51a254ab2fa0650d3dfedea1807baac33853a1e7e122) is already imported
2026-10-07 16:56:42.110+00:00 | BftProcessorExecutor-QBFT-0 | INFO  | QbftBesuControllerBuilder | Imported #208 / 123 tx / 1807 pending / 29,762,310 (0.0%) gas / (0xefc0760c4e0797ebc76b51a254ab2fa0650d3dfedea1807baac33853a1e7e122)
2026-10-07 16:56:44.344+00:00 | BftProcessorExecutor-QBFT-0 | INFO  | QbftBesuControllerBuilder | Imported #209 / 136 tx / 1671 pending / 32,907,920 (0.0%) gas / (0x5dd1956e1622f9e00c0b53c0d808de398d636da6cf0779807dfc43ce53815b2c)
2026-10-07 16:56:46.612+00:00 | EthScheduler-Workers-0 | INFO  | PersistBlockTask | Block 210 (0x75e23f5c84ec367937ef5d925b5a87f80048b7a58efd2e3d1061902e5df08bba) is already imported
2026-10-07 16:56:46.614+00:00 | BftProcessorExecutor-QBFT-0 | INFO  | QbftBesuControllerBuilder | Imported #210 / 138 tx / 1533 pending / 33,391,860 (0.0%) gas / (0x75e23f5c84ec367937ef5d925b5a87f80048b7a58efd2e3d1061902e5df08bba)
2026-10-07 16:56:48.867+00:00 | EthScheduler-Workers-0 | INFO  | PersistBlockTask | Block 211 (0x94ba1ccf2a3adbf4a982b278da4ead5574854ba20f03c15683095e366934f185) is already imported
2026-10-07 16:56:48.869+00:00 | BftProcessorExecutor-QBFT-0 | INFO  | QbftBesuControllerBuilder | Imported #211 / 138 tx / 1395 pending / 33,391,860 (0.0%) gas / (0x94ba1ccf2a3adbf4a982b278da4ead5574854ba20f03c15683095e366934f185)
2026-10-07 16:56:51.316+00:00 | EthScheduler-Workers-0 | INFO  | PersistBlockTask | Block 212 (0xbeb3745877e3e3b3d376a742633a6f9b5d5c104c05d9829f6b833523f1d6913b) is already imported
2026-10-07 16:56:51.318+00:00 | BftProcessorExecutor-QBFT-0 | INFO  | QbftBesuControllerBuilder | Imported #212 / 138 tx / 1257 pending / 33,391,860 (0.0%) gas / (0xbeb3745877e3e3b3d376a742633a6f9b5d5c104c05d9829f6b833523f1d6913b)
2026-10-07 16:56:53.635+00:00 | BftProcessorExecutor-QBFT-0 | INFO  | QbftBesuControllerBuilder | Imported #213 / 137 tx / 1120 pending / 33,149,890 (0.0%) gas / (0x79f1360b5d8ee2bfd29b4596bbef2456b89af6203c6b86c8867e52353848514f)
2026-10-07 16:56:55.870+00:00 | EthScheduler-Workers-0 | INFO  | PersistBlockTask | Block 214 (0xe7a37d8c23e5ce02678f3e16539b65659a0482ae2564011dd4ebd70942f354e1) is already imported
2026-10-07 16:56:55.871+00:00 | BftProcessorExecutor-QBFT-0 | INFO  | QbftBesuControllerBuilder | Imported #214 / 137 tx / 983 pending / 33,149,890 (0.0%) gas / (0xe7a37d8c23e5ce02678f3e16539b65659a0482ae2564011dd4ebd70942f354e1)
2026-10-07 16:56:58.206+00:00 | BftProcessorExecutor-QBFT-0 | INFO  | QbftBesuControllerBuilder | Imported #215 / 136 tx / 847 pending / 32,907,920 (0.0%) gas / (0x303f44e0ec8717e3d28ef7f6932822817096c75fa0882d7175cb932805467f68)
2026-10-07 16:57:00.538+00:00 | EthScheduler-Workers-0 | INFO  | PersistBlockTask | Block 216 (0xa15cc1e6e1870aa21a27755e9691db8096d1f2cc0ab2c3af58af8ec56767e5f4) is already imported
2026-10-07 16:57:00.539+00:00 | BftProcessorExecutor-QBFT-0 | INFO  | QbftBesuControllerBuilder | Imported #216 / 136 tx / 711 pending / 32,907,920 (0.0%) gas / (0xa15cc1e6e1870aa21a27755e9691db8096d1f2cc0ab2c3af58af8ec56767e5f4)
2026-10-07 16:57:02.693+00:00 | BftProcessorExecutor-QBFT-0 | INFO  | QbftBesuControllerBuilder | Imported #217 / 136 tx / 575 pending / 32,907,920 (0.0%) gas / (0x8ecc8436b25c217a30161bedb5204d0b9e75d59f02310b9a2b31cc43b5c8b401)
2026-10-07 16:57:05.298+00:00 | EthScheduler-Workers-0 | INFO  | PersistBlockTask | Block 218 (0xcbe2531abaff21245b69c7c8adb2c240971dc068e6f6ea0620fcb6d40dcb8feb) is already imported
2026-10-07 16:57:05.299+00:00 | BftProcessorExecutor-QBFT-0 | INFO  | QbftBesuControllerBuilder | Imported #218 / 136 tx / 439 pending / 32,907,920 (0.0%) gas / (0xcbe2531abaff21245b69c7c8adb2c240971dc068e6f6ea0620fcb6d40dcb8feb)
2026-10-07 16:57:07.605+00:00 | EthScheduler-Workers-0 | INFO  | PersistBlockTask | Block 219 (0x73e5754a1ed81e38899749ed7d03ca37bb958f37d4825456bcc5f6a2de92cef0) is already imported
2026-10-07 16:57:07.605+00:00 | BftProcessorExecutor-QBFT-0 | INFO  | QbftBesuControllerBuilder | Imported #219 / 136 tx / 303 pending / 32,907,920 (0.0%) gas / (0x73e5754a1ed81e38899749ed7d03ca37bb958f37d4825456bcc5f6a2de92cef0)
2026-10-07 16:57:09.798+00:00 | EthScheduler-Workers-0 | INFO  | PersistBlockTask | Block 220 (0x3cc43ccb730173108acfec0c870b17da5a7120603c05b4d391cf6eab029f76c5) is already imported
2026-10-07 16:57:09.799+00:00 | BftProcessorExecutor-QBFT-0 | INFO  | QbftBesuControllerBuilder | Produced #220 / 136 tx / 167 pending / 32,907,920 (0.0%) gas / (0x3cc43ccb730173108acfec0c870b17da5a7120603c05b4d391cf6eab029f76c5)
2026-10-07 16:57:11.692+00:00 | BftProcessorExecutor-QBFT-0 | INFO  | QbftBesuControllerBuilder | Imported #221 / 95 tx / 72 pending / 22,987,150 (0.0%) gas / (0xe72441e86b46055618333f9c57ee23708d236c535f30cca4e71af8e3eb97c624)
2026-10-07 16:57:11.692+00:00 | EthScheduler-Workers-0 | INFO  | PersistBlockTask | Block 221 (0xe72441e86b46055618333f9c57ee23708d236c535f30cca4e71af8e3eb97c624) is already imported
2026-10-07 16:57:13.172+00:00 | EthScheduler-Workers-0 | INFO  | PersistBlockTask | Block 222 (0xbf5f7fcc5db07fb24590a0824787ea7310a8cfef67fa30b6284380643a577b97) is already imported
2026-10-07 16:57:13.172+00:00 | BftProcessorExecutor-QBFT-0 | INFO  | QbftBesuControllerBuilder | Imported #222 / 59 tx / 13 pending / 14,276,230 (0.0%) gas / (0xbf5f7fcc5db07fb24590a0824787ea7310a8cfef67fa30b6284380643a577b97)
2026-10-07 16:57:14.525+00:00 | BftProcessorExecutor-QBFT-0 | INFO  | QbftBesuControllerBuilder | Imported #223 / 13 tx / 0 pending / 3,145,610 (0.0%) gas / (0x5fdd3ab61944d2602e319abad5f459ac12274d86e49d10a0e1452f1db3b19497)
2026-10-07 16:57:14.525+00:00 | EthScheduler-Workers-0 | INFO  | PersistBlockTask | Block 223 (0x5fdd3ab61944d2602e319abad5f459ac12274d86e49d10a0e1452f1db3b19497) is already imported
2026-10-07 16:57:16.274+00:00 | BftProcessorExecutor-QBFT-0 | INFO  | QbftBesuControllerBuilder | Imported #224 / 0 tx / 0 pending / 0 (0.0%) gas / (0x667cb38eb08701615b228f341b57670fbd9d8b78aade88cb4868f5dc5d97c936)
2026-10-07 16:57:18.228+00:00 | BftProcessorExecutor-QBFT-0 | INFO  | QbftBesuControllerBuilder | Imported #225 / 0 tx / 0 pending / 0 (0.0%) gas / (0x11c674188e20379e2bc035055cff586b4ce245f09a605f60f11070bbf7976a43)
2026-10-07 16:57:18.233+00:00 | EthScheduler-Workers-0 | INFO  | PersistBlockTask | Block 225 (0x11c674188e20379e2bc035055cff586b4ce245f09a605f60f11070bbf7976a43) is already imported
2026-10-07 16:57:20.253+00:00 | BftProcessorExecutor-QBFT-0 | INFO  | QbftBesuControllerBuilder | Imported #226 / 0 tx / 0 pending / 0 (0.0%) gas / (0x5ac83dc3a7fb44f28a268bc64e3cdcdf5612430e228a5c0865a66910309d259c)
2026-10-07 16:57:22.241+00:00 | EthScheduler-Workers-0 | INFO  | PersistBlockTask | Block 227 (0xfe8b25b726c0ac9c89779bf0de3dbe7f97527066b08455f5abf53a1e10b50248) is already imported
2026-10-07 16:57:22.241+00:00 | BftProcessorExecutor-QBFT-0 | INFO  | QbftBesuControllerBuilder | Imported #227 / 0 tx / 0 pending / 0 (0.0%) gas / (0xfe8b25b726c0ac9c89779bf0de3dbe7f97527066b08455f5abf53a1e10b50248)
2026-10-07 16:57:24.340+00:00 | BftProcessorExecutor-QBFT-0 | INFO  | QbftBesuControllerBuilder | Imported #228 / 0 tx / 0 pending / 0 (0.0%) gas / (0x3914b1b093d73293656b36e667bdcfa2378cad37f569e3c898f7ca9ad0528bfc)
2026-10-07 16:57:26.269+00:00 | BftProcessorExecutor-QBFT-0 | INFO  | QbftBesuControllerBuilder | Imported #229 / 0 tx / 0 pending / 0 (0.0%) gas / (0x10ddd7589760dfb789ff527c7c1024231326a097d2ada41a98015725b9a1b115)
2026-10-07 16:57:28.218+00:00 | BftProcessorExecutor-QBFT-0 | INFO  | QbftBesuControllerBuilder | Imported #230 / 0 tx / 0 pending / 0 (0.0%) gas / (0x151edfd7d6d77b945a716f382f425c59f88826ba00e5dbfe9fee559d3a96e807)
2026-10-07 16:57:30.249+00:00 | BftProcessorExecutor-QBFT-0 | INFO  | QbftBesuControllerBuilder | Imported #231 / 0 tx / 0 pending / 0 (0.0%) gas / (0xd606586e2959434b0d68585d585adcb4881891432fa9873dc7286a4426b7a8fc)
2026-10-07 16:57:32.246+00:00 | EthScheduler-Workers-0 | INFO  | PersistBlockTask | Block 232 (0x903219b27bf1b01d17130dee11bbc049b43b496afb8ff3cb5937a5ca0ad121e3) is already imported
2026-10-07 16:57:32.247+00:00 | BftProcessorExecutor-QBFT-0 | INFO  | QbftBesuControllerBuilder | Imported #232 / 0 tx / 0 pending / 0 (0.0%) gas / (0x903219b27bf1b01d17130dee11bbc049b43b496afb8ff3cb5937a5ca0ad121e3)
2026-10-07 16:57:34.348+00:00 | BftProcessorExecutor-QBFT-0 | INFO  | QbftBesuControllerBuilder | Imported #233 / 0 tx / 0 pending / 0 (0.0%) gas / (0xb2c6ff14547ff3ff7678f2a4b06dd60ad4260b4cb8d0ae409f4600f4cb3ab5a4)
2026-10-07 16:57:34.350+00:00 | EthScheduler-Workers-0 | INFO  | PersistBlockTask | Block 233 (0xb2c6ff14547ff3ff7678f2a4b06dd60ad4260b4cb8d0ae409f4600f4cb3ab5a4) is already imported
2026-10-07 16:57:36.277+00:00 | BftProcessorExecutor-QBFT-0 | INFO  | QbftBesuControllerBuilder | Imported #234 / 0 tx / 0 pending / 0 (0.0%) gas / (0x8e844de00d86088a7d261180ce0ea82aa2fcf4d29bfc01aa62f3c510e5807ae1)
2026-10-07 16:57:38.234+00:00 | BftProcessorExecutor-QBFT-0 | INFO  | QbftBesuControllerBuilder | Produced #235 / 0 tx / 0 pending / 0 (0.0%) gas / (0x1368270f2a0997200d2c7e46964f20ddae8efacc7a92b8a4d22b6d6f598ad81e)
2026-10-07 16:57:40.244+00:00 | BftProcessorExecutor-QBFT-0 | INFO  | QbftBesuControllerBuilder | Imported #236 / 0 tx / 0 pending / 0 (0.0%) gas / (0xe237520e2cfcd40200dc03ffd9d4d161d7e87d64ea3a1a396ecc9d766c400b5b)
2026-10-07 16:57:42.244+00:00 | BftProcessorExecutor-QBFT-0 | INFO  | QbftBesuControllerBuilder | Imported #237 / 0 tx / 0 pending / 0 (0.0%) gas / (0x2d809d9f176db89d025b6b649f496ea2bd16cfa956560edb9e243bd5279fe274)
2026-10-07 16:57:44.354+00:00 | BftProcessorExecutor-QBFT-0 | INFO  | QbftBesuControllerBuilder | Imported #238 / 0 tx / 0 pending / 0 (0.0%) gas / (0x64bf8deb2cd3cb1f5cdce4fb467c69feff6dbab48fef3440a2aa46241c2dcf78)
2026-10-07 16:57:44.355+00:00 | EthScheduler-Workers-0 | INFO  | PersistBlockTask | Block 238 (0x64bf8deb2cd3cb1f5cdce4fb467c69feff6dbab48fef3440a2aa46241c2dcf78) is already imported
2026-10-07 16:57:46.264+00:00 | BftProcessorExecutor-QBFT-0 | INFO  | QbftBesuControllerBuilder | Imported #239 / 0 tx / 0 pending / 0 (0.0%) gas / (0x26536493387e0c208ee12bff8fc20e882e5a79fb0f85c56bef0d861349df1b6b)
2026-10-07 16:57:48.258+00:00 | EthScheduler-Workers-0 | INFO  | PersistBlockTask | Block 240 (0x79f038c0026e5eb4fa1f9a1987c6079bb2ffdfbf00a50cefab0f691c117646ab) is already imported
2026-10-07 16:57:48.258+00:00 | BftProcessorExecutor-QBFT-0 | INFO  | QbftBesuControllerBuilder | Imported #240 / 0 tx / 14 pending / 0 (0.0%) gas / (0x79f038c0026e5eb4fa1f9a1987c6079bb2ffdfbf00a50cefab0f691c117646ab)
2026-10-07 16:57:50.304+00:00 | BftProcessorExecutor-QBFT-0 | INFO  | QbftBesuControllerBuilder | Imported #241 / 17 tx / 239 pending / 2,611,882 (0.0%) gas / (0xcbafeb90ad70436bec886fc2bd79d82bb47fed96a40e78da42fb653d35ba0a61)
2026-10-07 16:57:52.392+00:00 | EthScheduler-Workers-0 | INFO  | PersistBlockTask | Block 242 (0x5625837413e4d0f295c14cdf43a032e98fb41df03a980e791e129265773ae876) is already imported
2026-10-07 16:57:52.393+00:00 | BftProcessorExecutor-QBFT-0 | INFO  | QbftBesuControllerBuilder | Imported #242 / 17 tx / 222 pending / 2,611,806 (0.0%) gas / (0x5625837413e4d0f295c14cdf43a032e98fb41df03a980e791e129265773ae876)
2026-10-07 16:57:54.442+00:00 | EthScheduler-Workers-0 | INFO  | PersistBlockTask | Block 243 (0xd411144f406dfdaf0872596ef394029f96b57f0a9a4f8a0d9b7ae9959afc5c34) is already imported
2026-10-07 16:57:54.443+00:00 | BftProcessorExecutor-QBFT-0 | INFO  | QbftBesuControllerBuilder | Imported #243 / 17 tx / 205 pending / 2,611,774 (0.0%) gas / (0xd411144f406dfdaf0872596ef394029f96b57f0a9a4f8a0d9b7ae9959afc5c34)
2026-10-07 16:57:56.354+00:00 | EthScheduler-Workers-0 | INFO  | PersistBlockTask | Block 244 (0x3f65ff7142ab9d67252261f6d5045af7f58b505b38757b775f98a76765a7c39e) is already imported
2026-10-07 16:57:56.355+00:00 | BftProcessorExecutor-QBFT-0 | INFO  | QbftBesuControllerBuilder | Imported #244 / 17 tx / 188 pending / 2,611,662 (0.0%) gas / (0x3f65ff7142ab9d67252261f6d5045af7f58b505b38757b775f98a76765a7c39e)
2026-10-07 16:57:58.357+00:00 | EthScheduler-Workers-0 | INFO  | PersistBlockTask | Block 245 (0x46bd67fa81ff5b91d849a4e9f1c683410f76443d04a395e4acb5501a94592fcb) is already imported
2026-10-07 16:57:58.357+00:00 | BftProcessorExecutor-QBFT-0 | INFO  | QbftBesuControllerBuilder | Imported #245 / 17 tx / 171 pending / 2,611,798 (0.0%) gas / (0x46bd67fa81ff5b91d849a4e9f1c683410f76443d04a395e4acb5501a94592fcb)
2026-10-07 16:58:00.354+00:00 | BftProcessorExecutor-QBFT-0 | INFO  | QbftBesuControllerBuilder | Imported #246 / 17 tx / 154 pending / 2,611,782 (0.0%) gas / (0xd88b9b065b72df60bfd2069a6fd07db9ed8eadc0881c27798b0a086b6b0cb174)
2026-10-07 16:58:02.328+00:00 | BftProcessorExecutor-QBFT-0 | INFO  | QbftBesuControllerBuilder | Imported #247 / 17 tx / 137 pending / 2,611,850 (0.0%) gas / (0x4e6ca5f44dc91e30585020b52c297858f088fc603f315458e9f82630e18212a9)
2026-10-07 16:58:04.380+00:00 | EthScheduler-Workers-0 | INFO  | PersistBlockTask | Block 248 (0xa551d38bd81f1b9b6a27adfeca885fdf9de0fbc75fc66addfd86f5d87eb73d87) is already imported
2026-10-07 16:58:04.381+00:00 | BftProcessorExecutor-QBFT-0 | INFO  | QbftBesuControllerBuilder | Imported #248 / 17 tx / 120 pending / 2,611,718 (0.0%) gas / (0xa551d38bd81f1b9b6a27adfeca885fdf9de0fbc75fc66addfd86f5d87eb73d87)
2026-10-07 16:58:06.410+00:00 | EthScheduler-Workers-0 | INFO  | PersistBlockTask | Block 249 (0xac7600ef965548e08b022409afd265b8540c05d216763d0da65053b4e3309d1a) is already imported
2026-10-07 16:58:06.410+00:00 | BftProcessorExecutor-QBFT-0 | INFO  | QbftBesuControllerBuilder | Imported #249 / 17 tx / 103 pending / 2,611,818 (0.0%) gas / (0xac7600ef965548e08b022409afd265b8540c05d216763d0da65053b4e3309d1a)
2026-10-07 16:58:08.287+00:00 | BftProcessorExecutor-QBFT-0 | INFO  | QbftBesuControllerBuilder | Produced #250 / 17 tx / 86 pending / 2,611,826 (0.0%) gas / (0x83b83b9f4756b9443594e61d585b8b3ead166596412f37b45cc7f8ac9db66d06)
2026-10-07 16:58:10.399+00:00 | BftProcessorExecutor-QBFT-0 | INFO  | QbftBesuControllerBuilder | Imported #251 / 17 tx / 69 pending / 2,611,762 (0.0%) gas / (0x044cef2c6812d91d1479c739982bec78d946323e399c3259ac40606b1b7b8958)
2026-10-07 16:58:12.396+00:00 | EthScheduler-Workers-0 | INFO  | PersistBlockTask | Block 252 (0xe534247a85cf6aad2b46ec187cbf7c7caddea1721222a42729dcce97b00d5de2) is already imported
2026-10-07 16:58:12.396+00:00 | BftProcessorExecutor-QBFT-0 | INFO  | QbftBesuControllerBuilder | Imported #252 / 17 tx / 52 pending / 2,611,726 (0.0%) gas / (0xe534247a85cf6aad2b46ec187cbf7c7caddea1721222a42729dcce97b00d5de2)
2026-10-07 16:58:14.418+00:00 | BftProcessorExecutor-QBFT-0 | INFO  | QbftBesuControllerBuilder | Imported #253 / 17 tx / 35 pending / 2,611,738 (0.0%) gas / (0x38b188c99cb9b7c04a224710580fc58612ee5911165d203f34123416eac077d2)
2026-10-07 16:58:14.417+00:00 | EthScheduler-Workers-0 | INFO  | PersistBlockTask | Block 253 (0x38b188c99cb9b7c04a224710580fc58612ee5911165d203f34123416eac077d2) is already imported
2026-10-07 16:58:16.350+00:00 | BftProcessorExecutor-QBFT-0 | INFO  | QbftBesuControllerBuilder | Imported #254 / 17 tx / 18 pending / 2,611,678 (0.0%) gas / (0x55f66f5efb5ce38b62fff0744d8d5c8631333be98f3f997cc5a6bbb1b4ed8e4e)
2026-10-07 16:58:18.339+00:00 | EthScheduler-Workers-0 | INFO  | PersistBlockTask | Block 255 (0x96bea97880943d5d1828fbf1a91ee312a9a06ccff0a7e6b33bb56b191b0d2d9b) is already imported
2026-10-07 16:58:18.340+00:00 | BftProcessorExecutor-QBFT-0 | INFO  | QbftBesuControllerBuilder | Imported #255 / 18 tx / 0 pending / 2,765,420 (0.0%) gas / (0x96bea97880943d5d1828fbf1a91ee312a9a06ccff0a7e6b33bb56b191b0d2d9b)
2026-10-07 16:58:20.241+00:00 | EthScheduler-Workers-0 | INFO  | PersistBlockTask | Block 256 (0xbe38b40691f84af18bab220c3e0db4c0ce45d5cbe921c48810b95b472cc8fec4) is already imported
2026-10-07 16:58:20.246+00:00 | BftProcessorExecutor-QBFT-0 | INFO  | QbftBesuControllerBuilder | Imported #256 / 0 tx / 0 pending / 0 (0.0%) gas / (0xbe38b40691f84af18bab220c3e0db4c0ce45d5cbe921c48810b95b472cc8fec4)
2026-10-07 16:58:22.262+00:00 | EthScheduler-Workers-0 | INFO  | PersistBlockTask | Block 257 (0x50b00d0094c9bad4ee114972ba02aba96563bb387b83461913c6a380aa84e083) is already imported
2026-10-07 16:58:22.263+00:00 | BftProcessorExecutor-QBFT-0 | INFO  | QbftBesuControllerBuilder | Imported #257 / 0 tx / 0 pending / 0 (0.0%) gas / (0x50b00d0094c9bad4ee114972ba02aba96563bb387b83461913c6a380aa84e083)
2026-10-07 16:58:24.258+00:00 | EthScheduler-Workers-0 | INFO  | PersistBlockTask | Block 258 (0x70bb59f34348e92df95318c6cfb601e218e70089658a4af9f83a05884ec06c2f) is already imported
2026-10-07 16:58:24.258+00:00 | BftProcessorExecutor-QBFT-0 | INFO  | QbftBesuControllerBuilder | Imported #258 / 0 tx / 0 pending / 0 (0.0%) gas / (0x70bb59f34348e92df95318c6cfb601e218e70089658a4af9f83a05884ec06c2f)
2026-10-07 16:58:26.269+00:00 | EthScheduler-Workers-0 | INFO  | PersistBlockTask | Block 259 (0x67ad79bcc43cf5063c4cdd6623ab5b44a4405a492e053345237a80d260409127) is already imported
2026-10-07 16:58:26.269+00:00 | BftProcessorExecutor-QBFT-0 | INFO  | QbftBesuControllerBuilder | Imported #259 / 0 tx / 0 pending / 0 (0.0%) gas / (0x67ad79bcc43cf5063c4cdd6623ab5b44a4405a492e053345237a80d260409127)
2026-10-07 16:58:28.217+00:00 | BftProcessorExecutor-QBFT-0 | INFO  | QbftBesuControllerBuilder | Imported #260 / 0 tx / 0 pending / 0 (0.0%) gas / (0xf72f1c43f788d2e5512fbf626244331c8abc263b2528eb1fb9512f1ca42affa4)
2026-10-07 16:58:28.217+00:00 | EthScheduler-Workers-0 | INFO  | PersistBlockTask | Block 260 (0xf72f1c43f788d2e5512fbf626244331c8abc263b2528eb1fb9512f1ca42affa4) is already imported
2026-10-07 16:58:30.276+00:00 | BftProcessorExecutor-QBFT-0 | INFO  | QbftBesuControllerBuilder | Imported #261 / 0 tx / 0 pending / 0 (0.0%) gas / (0xfc92728276934e9521c2f8f0084954ad82903376ef7c1139a8e4aca4a7839a14)
2026-10-07 16:58:32.747+00:00 | EthScheduler-Workers-0 | INFO  | PersistBlockTask | Block 262 (0x6b4bc4b224cb2f6a655ed5b71ba9e92c007ffbb7b4c94513027a9ac5dd7ed242) is already imported
2026-10-07 16:58:32.748+00:00 | BftProcessorExecutor-QBFT-0 | INFO  | QbftBesuControllerBuilder | Imported #262 / 29 tx / 666 pending / 7,017,130 (0.0%) gas / (0x6b4bc4b224cb2f6a655ed5b71ba9e92c007ffbb7b4c94513027a9ac5dd7ed242)
2026-10-07 16:58:35.482+00:00 | BftProcessorExecutor-QBFT-0 | INFO  | QbftBesuControllerBuilder | Imported #263 / 80 tx / 1614 pending / 19,357,600 (0.0%) gas / (0x6d14a964339d6ec3b7de900fa20fb46b34ee3dfdb5b374322779a06302603533)
2026-10-07 16:58:38.094+00:00 | BftProcessorExecutor-QBFT-0 | INFO  | QbftBesuControllerBuilder | Imported #264 / 127 tx / 1812 pending / 30,730,190 (0.0%) gas / (0xe16d6247fbdbd9ae5f188710666550c8e9cf1a4c73fcb4009118c8bd6a35e5e4)
2026-10-07 16:58:40.250+00:00 | EthScheduler-Workers-0 | INFO  | PersistBlockTask | Block 265 (0x8ebd5e2b9647e0a469dcd55ca364c951cbe0ef859762ce60dfb543ce402734da) is already imported
2026-10-07 16:58:40.254+00:00 | BftProcessorExecutor-QBFT-0 | INFO  | QbftBesuControllerBuilder | Produced #265 / 136 tx / 1676 pending / 32,907,920 (0.0%) gas / (0x8ebd5e2b9647e0a469dcd55ca364c951cbe0ef859762ce60dfb543ce402734da)
2026-10-07 16:58:42.427+00:00 | EthScheduler-Workers-0 | INFO  | PersistBlockTask | Block 266 (0x7f4bb8fa358b5f96f3286ff7a24fba5027d9ffc1ca3661fdaf71e7a8ab642cb9) is already imported
2026-10-07 16:58:42.429+00:00 | BftProcessorExecutor-QBFT-0 | INFO  | QbftBesuControllerBuilder | Imported #266 / 136 tx / 1540 pending / 32,907,920 (0.0%) gas / (0x7f4bb8fa358b5f96f3286ff7a24fba5027d9ffc1ca3661fdaf71e7a8ab642cb9)
2026-10-07 16:58:44.597+00:00 | BftProcessorExecutor-QBFT-0 | INFO  | QbftBesuControllerBuilder | Imported #267 / 136 tx / 1404 pending / 32,907,920 (0.0%) gas / (0xbfeeb0f242066355d5f7782aed134561608e6c86c724931a9fc27119faa958d7)
2026-10-07 16:58:46.994+00:00 | EthScheduler-Workers-0 | INFO  | PersistBlockTask | Block 268 (0xb4d99570cf8f86191913e5a7b91e5d818150ddd83fec6712bba9788106a52e82) is already imported
2026-10-07 16:58:46.995+00:00 | BftProcessorExecutor-QBFT-0 | INFO  | QbftBesuControllerBuilder | Imported #268 / 136 tx / 1268 pending / 32,907,920 (0.0%) gas / (0xb4d99570cf8f86191913e5a7b91e5d818150ddd83fec6712bba9788106a52e82)
2026-10-07 16:58:49.242+00:00 | EthScheduler-Workers-0 | INFO  | PersistBlockTask | Block 269 (0x9e6cd1254157ded53040acdefc7c360b7b05fc47373593a25c0a3602da72b759) is already imported
2026-10-07 16:58:49.249+00:00 | BftProcessorExecutor-QBFT-0 | INFO  | QbftBesuControllerBuilder | Imported #269 / 136 tx / 1132 pending / 32,907,920 (0.0%) gas / (0x9e6cd1254157ded53040acdefc7c360b7b05fc47373593a25c0a3602da72b759)
2026-10-07 16:58:51.451+00:00 | EthScheduler-Workers-0 | INFO  | PersistBlockTask | Block 270 (0x7dd3ca960c6568d05e3a967da5bbaf6081c4055d07a13969bfdadafc68563103) is already imported
2026-10-07 16:58:51.453+00:00 | BftProcessorExecutor-QBFT-0 | INFO  | QbftBesuControllerBuilder | Imported #270 / 138 tx / 994 pending / 33,391,860 (0.0%) gas / (0x7dd3ca960c6568d05e3a967da5bbaf6081c4055d07a13969bfdadafc68563103)
2026-10-07 16:58:53.683+00:00 | EthScheduler-Workers-0 | INFO  | PersistBlockTask | Block 271 (0xcceeba1c313f808879f70073d37c38c921114095e3a772d2e70d8309f60b0ce9) is already imported
2026-10-07 16:58:53.684+00:00 | BftProcessorExecutor-QBFT-0 | INFO  | QbftBesuControllerBuilder | Imported #271 / 138 tx / 856 pending / 33,391,860 (0.0%) gas / (0xcceeba1c313f808879f70073d37c38c921114095e3a772d2e70d8309f60b0ce9)
2026-10-07 16:58:55.908+00:00 | EthScheduler-Workers-0 | INFO  | PersistBlockTask | Block 272 (0x890eb2da28254471ad8f801d0146d3446af4fbaaf86a07b69103f03fe9cbaa7d) is already imported
2026-10-07 16:58:55.909+00:00 | BftProcessorExecutor-QBFT-0 | INFO  | QbftBesuControllerBuilder | Imported #272 / 138 tx / 718 pending / 33,391,860 (0.0%) gas / (0x890eb2da28254471ad8f801d0146d3446af4fbaaf86a07b69103f03fe9cbaa7d)
2026-10-07 16:58:58.314+00:00 | EthScheduler-Workers-0 | INFO  | PersistBlockTask | Block 273 (0x4d1a7bb58e921d42813dc78a63770d725f56d0f39ebecf32ff0dafef689a064b) is already imported
2026-10-07 16:58:58.314+00:00 | BftProcessorExecutor-QBFT-0 | INFO  | QbftBesuControllerBuilder | Imported #273 / 137 tx / 581 pending / 33,149,890 (0.0%) gas / (0x4d1a7bb58e921d42813dc78a63770d725f56d0f39ebecf32ff0dafef689a064b)
2026-10-07 16:59:00.435+00:00 | BftProcessorExecutor-QBFT-0 | INFO  | QbftBesuControllerBuilder | Imported #274 / 137 tx / 444 pending / 33,149,890 (0.0%) gas / (0xf758366884b183660bbefa390a011860ff5992e6b9bbf9bd1d845fe0dd58c19a)
2026-10-07 16:59:02.636+00:00 | EthScheduler-Workers-0 | INFO  | PersistBlockTask | Block 275 (0xf9e11dcb40576bbeae3cbca37c81a3f54ca118815540a9042ea46ab8d2ed5e55) is already imported
2026-10-07 16:59:02.637+00:00 | BftProcessorExecutor-QBFT-0 | INFO  | QbftBesuControllerBuilder | Imported #275 / 136 tx / 308 pending / 32,907,920 (0.0%) gas / (0xf9e11dcb40576bbeae3cbca37c81a3f54ca118815540a9042ea46ab8d2ed5e55)
2026-10-07 16:59:04.781+00:00 | EthScheduler-Workers-0 | INFO  | PersistBlockTask | Block 276 (0x4ff1eb05ad8db7d3d8b193df67ebe5a0292b003769f4a2e1c950749f4e40672b) is already imported
2026-10-07 16:59:04.783+00:00 | BftProcessorExecutor-QBFT-0 | INFO  | QbftBesuControllerBuilder | Imported #276 / 136 tx / 172 pending / 32,907,920 (0.0%) gas / (0x4ff1eb05ad8db7d3d8b193df67ebe5a0292b003769f4a2e1c950749f4e40672b)
2026-10-07 16:59:06.772+00:00 | EthScheduler-Workers-0 | INFO  | PersistBlockTask | Block 277 (0x1febfa687707ea282b46a3f2b2ca4d89be5c21d2ddebd1569b4acac5faf58599) is already imported
2026-10-07 16:59:06.772+00:00 | BftProcessorExecutor-QBFT-0 | INFO  | QbftBesuControllerBuilder | Imported #277 / 107 tx / 65 pending / 25,890,790 (0.0%) gas / (0x1febfa687707ea282b46a3f2b2ca4d89be5c21d2ddebd1569b4acac5faf58599)
2026-10-07 16:59:08.080+00:00 | EthScheduler-Workers-0 | INFO  | PersistBlockTask | Block 278 (0x149e090689d5c18498aae7cc4f3a8741c5fb87fae998969bd42111817ead936b) is already imported
2026-10-07 16:59:08.080+00:00 | BftProcessorExecutor-QBFT-0 | INFO  | QbftBesuControllerBuilder | Imported #278 / 56 tx / 9 pending / 13,550,320 (0.0%) gas / (0x149e090689d5c18498aae7cc4f3a8741c5fb87fae998969bd42111817ead936b)
2026-10-07 16:59:09.464+00:00 | BftProcessorExecutor-QBFT-0 | INFO  | QbftBesuControllerBuilder | Imported #279 / 9 tx / 0 pending / 2,177,730 (0.0%) gas / (0x0d19abf7e032bb0da847941dc4d6e3281eabd902e8127a566ae321f8641d6040)
2026-10-07 16:59:09.465+00:00 | EthScheduler-Workers-0 | INFO  | PersistBlockTask | Block 279 (0x0d19abf7e032bb0da847941dc4d6e3281eabd902e8127a566ae321f8641d6040) is already imported
2026-10-07 16:59:11.226+00:00 | BftProcessorExecutor-QBFT-0 | INFO  | QbftBesuControllerBuilder | Produced #280 / 0 tx / 0 pending / 0 (0.0%) gas / (0x600edf5153e291b48c3e0753b3a445fdabeaa61c36ff349da0b05966774f8980)
2026-10-07 16:59:13.248+00:00 | BftProcessorExecutor-QBFT-0 | INFO  | QbftBesuControllerBuilder | Imported #281 / 0 tx / 0 pending / 0 (0.0%) gas / (0xdab71225e488eaca59092d098163da38feb022710706b0523c05ae09ae1e59bc)
2026-10-07 16:59:15.245+00:00 | BftProcessorExecutor-QBFT-0 | INFO  | QbftBesuControllerBuilder | Imported #282 / 0 tx / 0 pending / 0 (0.0%) gas / (0xfc243d9bafdc797fbdc3a770e7ab1a30b486db1592002ce24d46ec9f63e42b62)
2026-10-07 16:59:17.266+00:00 | BftProcessorExecutor-QBFT-0 | INFO  | QbftBesuControllerBuilder | Imported #283 / 0 tx / 0 pending / 0 (0.0%) gas / (0x8251675bdbdaf9757d612c6fe5b62fdbeb13f7b96e89cff3aff34c9ec4d46cf3)
2026-10-07 16:59:17.268+00:00 | EthScheduler-Workers-0 | INFO  | PersistBlockTask | Block 283 (0x8251675bdbdaf9757d612c6fe5b62fdbeb13f7b96e89cff3aff34c9ec4d46cf3) is already imported
2026-10-07 16:59:19.266+00:00 | BftProcessorExecutor-QBFT-0 | INFO  | QbftBesuControllerBuilder | Imported #284 / 0 tx / 0 pending / 0 (0.0%) gas / (0xaee152179a4c03166f34999519baebb03ec4d033ae8c34ce170583c3bafbc52e)
2026-10-07 16:59:21.229+00:00 | BftProcessorExecutor-QBFT-0 | INFO  | QbftBesuControllerBuilder | Imported #285 / 0 tx / 0 pending / 0 (0.0%) gas / (0x1c2be7943e8386cae4785b8baca7000a7a65b430ebf2f15de50d775021ac97dc)
2026-10-07 16:59:23.258+00:00 | BftProcessorExecutor-QBFT-0 | INFO  | QbftBesuControllerBuilder | Imported #286 / 0 tx / 0 pending / 0 (0.0%) gas / (0x7eb52c4eab9b19422ff3824e1cf4500a30e6c1a09f18c95811bf92152e074636)
2026-10-07 16:59:23.259+00:00 | EthScheduler-Workers-0 | INFO  | PersistBlockTask | Block 286 (0x7eb52c4eab9b19422ff3824e1cf4500a30e6c1a09f18c95811bf92152e074636) is already imported
2026-10-07 16:59:25.233+00:00 | BftProcessorExecutor-QBFT-0 | INFO  | QbftBesuControllerBuilder | Imported #287 / 0 tx / 0 pending / 0 (0.0%) gas / (0xdf31263f2729f17ba3295c8376c408fb60569455c23ef4fae4d30d3f920c7139)
2026-10-07 16:59:27.324+00:00 | BftProcessorExecutor-QBFT-0 | INFO  | QbftBesuControllerBuilder | Imported #288 / 0 tx / 0 pending / 0 (0.0%) gas / (0x579c6d3e9709603a17fb87a53641e7f06d30ca3b23cdef4149b9140ec0e3e6d0)
2026-10-07 16:59:29.257+00:00 | BftProcessorExecutor-QBFT-0 | INFO  | QbftBesuControllerBuilder | Imported #289 / 0 tx / 0 pending / 0 (0.0%) gas / (0x918e734f4650bd1f9ffea4a0846e8c4a95d91f12d422bd66beb52a76b871e9bd)
2026-10-07 16:59:31.229+00:00 | BftProcessorExecutor-QBFT-0 | INFO  | QbftBesuControllerBuilder | Imported #290 / 0 tx / 0 pending / 0 (0.0%) gas / (0x1595a9d9fdc4a1f97a46d05fe0bcee1c5af4a7d5e97e53f0a1edbc4bc21cd9dd)
2026-10-07 16:59:33.245+00:00 | BftProcessorExecutor-QBFT-0 | INFO  | QbftBesuControllerBuilder | Imported #291 / 0 tx / 0 pending / 0 (0.0%) gas / (0xcdacd9becb82a92131f8944ce996156c8b444a1f74ddb0517b4e66369958ad67)
2026-10-07 16:59:33.249+00:00 | EthScheduler-Workers-0 | INFO  | PersistBlockTask | Block 291 (0xcdacd9becb82a92131f8944ce996156c8b444a1f74ddb0517b4e66369958ad67) is already imported
2026-10-07 16:59:35.285+00:00 | EthScheduler-Workers-0 | INFO  | PersistBlockTask | Block 292 (0x1aebf4ecbe5fe86dc630e74c7ff2693474522bd8fe8023d4600b2ebf5fe14e6a) is already imported
2026-10-07 16:59:35.285+00:00 | BftProcessorExecutor-QBFT-0 | INFO  | QbftBesuControllerBuilder | Imported #292 / 0 tx / 0 pending / 0 (0.0%) gas / (0x1aebf4ecbe5fe86dc630e74c7ff2693474522bd8fe8023d4600b2ebf5fe14e6a)
2026-10-07 16:59:37.293+00:00 | EthScheduler-Workers-0 | INFO  | PersistBlockTask | Block 293 (0x986f36e8c1495d3b9510356ac2dc669a17cdd10ea986ed6960d958d81d05a14c) is already imported
2026-10-07 16:59:37.293+00:00 | BftProcessorExecutor-QBFT-0 | INFO  | QbftBesuControllerBuilder | Imported #293 / 10 tx / 218 pending / 1,536,360 (0.0%) gas / (0x986f36e8c1495d3b9510356ac2dc669a17cdd10ea986ed6960d958d81d05a14c)
2026-10-07 16:59:39.385+00:00 | EthScheduler-Workers-0 | INFO  | PersistBlockTask | Block 294 (0x888bb8c840b135063b5ef651716b718b006937be67ce6e7c7f77ebec98bdca1a) is already imported
2026-10-07 16:59:39.386+00:00 | BftProcessorExecutor-QBFT-0 | INFO  | QbftBesuControllerBuilder | Imported #294 / 17 tx / 229 pending / 2,611,730 (0.0%) gas / (0x888bb8c840b135063b5ef651716b718b006937be67ce6e7c7f77ebec98bdca1a)
2026-10-07 16:59:41.365+00:00 | EthScheduler-Workers-0 | INFO  | PersistBlockTask | Block 295 (0xb20349fac0453406fac0888bdce54ada600b78a43d00c6bf90df086c7728e891) is already imported
2026-10-07 16:59:41.365+00:00 | BftProcessorExecutor-QBFT-0 | INFO  | QbftBesuControllerBuilder | Produced #295 / 17 tx / 212 pending / 2,611,838 (0.0%) gas / (0xb20349fac0453406fac0888bdce54ada600b78a43d00c6bf90df086c7728e891)
2026-10-07 16:59:43.337+00:00 | EthScheduler-Workers-0 | INFO  | PersistBlockTask | Block 296 (0xcde8322d998cb6e07835313aa154e14497bbd5667f50a68ae1e4fc3f3884f0a9) is already imported
2026-10-07 16:59:43.338+00:00 | BftProcessorExecutor-QBFT-0 | INFO  | QbftBesuControllerBuilder | Imported #296 / 17 tx / 195 pending / 2,611,706 (0.0%) gas / (0xcde8322d998cb6e07835313aa154e14497bbd5667f50a68ae1e4fc3f3884f0a9)
2026-10-07 16:59:45.328+00:00 | BftProcessorExecutor-QBFT-0 | INFO  | QbftBesuControllerBuilder | Imported #297 / 17 tx / 178 pending / 2,611,786 (0.0%) gas / (0x9972a4f240ea3245ecb2049905d23174a352d5274b85a724a3b6904cf5fd03aa)
2026-10-07 16:59:47.399+00:00 | BftProcessorExecutor-QBFT-0 | INFO  | QbftBesuControllerBuilder | Imported #298 / 17 tx / 161 pending / 2,611,726 (0.0%) gas / (0x885fd6ee5208bdb0a66deeaae06a96007314e02a68b27b2f69bc064980ece0c7)
2026-10-07 16:59:49.403+00:00 | BftProcessorExecutor-QBFT-0 | INFO  | QbftBesuControllerBuilder | Imported #299 / 17 tx / 144 pending / 2,611,746 (0.0%) gas / (0x69c61006c4619bd60ef00cb2972709bcc38d52bbcdc6250106d9005e2b26dc0d)
2026-10-07 16:59:49.403+00:00 | EthScheduler-Workers-0 | INFO  | PersistBlockTask | Block 299 (0x69c61006c4619bd60ef00cb2972709bcc38d52bbcdc6250106d9005e2b26dc0d) is already imported
2026-10-07 16:59:51.297+00:00 | BftProcessorExecutor-QBFT-0 | INFO  | QbftBesuControllerBuilder | Imported #300 / 18 tx / 126 pending / 2,765,404 (0.0%) gas / (0x9b657e422addf068ecf6656d2c6fb4dea4d9cd80c7d8f9382b04d9d753aa6e5f)
2026-10-07 16:59:53.371+00:00 | EthScheduler-Workers-0 | INFO  | PersistBlockTask | Block 301 (0x5a193ec12406a0616ba76842974f29cfc69ee90a09ffd2c84b40bc501d1237da) is already imported
2026-10-07 16:59:53.371+00:00 | BftProcessorExecutor-QBFT-0 | INFO  | QbftBesuControllerBuilder | Imported #301 / 17 tx / 109 pending / 2,611,738 (0.0%) gas / (0x5a193ec12406a0616ba76842974f29cfc69ee90a09ffd2c84b40bc501d1237da)
2026-10-07 16:59:55.401+00:00 | EthScheduler-Workers-0 | INFO  | PersistBlockTask | Block 302 (0x2d7bd8d2eba9daa7ca6430d20ee0ba79e4aef6e078e16193dd838b53a7ed126c) is already imported
2026-10-07 16:59:55.402+00:00 | BftProcessorExecutor-QBFT-0 | INFO  | QbftBesuControllerBuilder | Imported #302 / 17 tx / 92 pending / 2,611,850 (0.0%) gas / (0x2d7bd8d2eba9daa7ca6430d20ee0ba79e4aef6e078e16193dd838b53a7ed126c)
2026-10-07 16:59:57.384+00:00 | BftProcessorExecutor-QBFT-0 | INFO  | QbftBesuControllerBuilder | Imported #303 / 17 tx / 75 pending / 2,611,754 (0.0%) gas / (0x49d9b32f809860b77e0e0094957df9d73e60ff5f8f34f5b113691a77d9b80260)
2026-10-07 16:59:59.392+00:00 | BftProcessorExecutor-QBFT-0 | INFO  | QbftBesuControllerBuilder | Imported #304 / 17 tx / 58 pending / 2,611,722 (0.0%) gas / (0x4f7f607cf777eb159d1c3a4072b206be30753d1fa54eacc27ffcd0c1bc19144f)
2026-10-07 16:59:59.392+00:00 | EthScheduler-Workers-0 | INFO  | PersistBlockTask | Block 304 (0x4f7f607cf777eb159d1c3a4072b206be30753d1fa54eacc27ffcd0c1bc19144f) is already imported
2026-10-07 17:00:01.346+00:00 | EthScheduler-Workers-0 | INFO  | PersistBlockTask | Block 305 (0x54cfd3a6c92f93f9354ac64585c6397cb51595a0bb186e1edbb675ef8bf74c07) is already imported
2026-10-07 17:00:01.347+00:00 | BftProcessorExecutor-QBFT-0 | INFO  | QbftBesuControllerBuilder | Imported #305 / 17 tx / 41 pending / 2,611,790 (0.0%) gas / (0x54cfd3a6c92f93f9354ac64585c6397cb51595a0bb186e1edbb675ef8bf74c07)
2026-10-07 17:00:03.309+00:00 | BftProcessorExecutor-QBFT-0 | INFO  | QbftBesuControllerBuilder | Imported #306 / 17 tx / 24 pending / 2,611,790 (0.0%) gas / (0x9a3ff59e1a344705fdf0a7f34d18087bd550d7a001b877a3170a82f23171fd5a)
2026-10-07 17:00:05.355+00:00 | EthScheduler-Workers-0 | INFO  | PersistBlockTask | Block 307 (0x5962bbc8fd1b7c29aafc2f2b882317687bc505c4b666aa62ead07db78e78edaa) is already imported
2026-10-07 17:00:05.355+00:00 | BftProcessorExecutor-QBFT-0 | INFO  | QbftBesuControllerBuilder | Imported #307 / 17 tx / 7 pending / 2,611,846 (0.0%) gas / (0x5962bbc8fd1b7c29aafc2f2b882317687bc505c4b666aa62ead07db78e78edaa)
2026-10-07 17:00:07.396+00:00 | EthScheduler-Workers-0 | INFO  | PersistBlockTask | Block 308 (0xfc1f947be44a44c4b7248f9a13c9f5acde7a6784b707f45ca3fd80f24b0cc13f) is already imported
2026-10-07 17:00:07.397+00:00 | BftProcessorExecutor-QBFT-0 | INFO  | QbftBesuControllerBuilder | Imported #308 / 7 tx / 0 pending / 1,075,434 (0.0%) gas / (0xfc1f947be44a44c4b7248f9a13c9f5acde7a6784b707f45ca3fd80f24b0cc13f)
2026-10-07 17:00:09.267+00:00 | BftProcessorExecutor-QBFT-0 | INFO  | QbftBesuControllerBuilder | Imported #309 / 0 tx / 0 pending / 0 (0.0%) gas / (0xe4e4f2a2eeab5e357d4fd095b6bb3b6d894526c5d9c500a89d40c5173c9198cf)
2026-10-07 17:00:11.230+00:00 | EthScheduler-Workers-0 | INFO  | PersistBlockTask | Block 310 (0xa33784daa6b3091c89526744c6df06e70ad03937c49bc02cd813dc245149b436) is already imported
2026-10-07 17:00:11.230+00:00 | BftProcessorExecutor-QBFT-0 | INFO  | QbftBesuControllerBuilder | Produced #310 / 0 tx / 0 pending / 0 (0.0%) gas / (0xa33784daa6b3091c89526744c6df06e70ad03937c49bc02cd813dc245149b436)
2026-10-07 17:00:13.257+00:00 | BftProcessorExecutor-QBFT-0 | INFO  | QbftBesuControllerBuilder | Imported #311 / 0 tx / 0 pending / 0 (0.0%) gas / (0xb89eef9dd081468835a63f58cedb8a50df322747ea88b888eb6487a206021624)
2026-10-07 17:00:15.251+00:00 | EthScheduler-Workers-0 | INFO  | PersistBlockTask | Block 312 (0x14a17dd48f723188853a69269a33abdb30cb1a795e1575ea05602601f9ad0df8) is already imported
2026-10-07 17:00:15.251+00:00 | BftProcessorExecutor-QBFT-0 | INFO  | QbftBesuControllerBuilder | Imported #312 / 0 tx / 0 pending / 0 (0.0%) gas / (0x14a17dd48f723188853a69269a33abdb30cb1a795e1575ea05602601f9ad0df8)
2026-10-07 17:00:17.247+00:00 | BftProcessorExecutor-QBFT-0 | INFO  | QbftBesuControllerBuilder | Imported #313 / 0 tx / 0 pending / 0 (0.0%) gas / (0xde6ec123378b3997837406f696200e9378338c03330b0aaf9590efee6497d61f)
2026-10-07 17:00:17.247+00:00 | EthScheduler-Workers-0 | INFO  | PersistBlockTask | Block 313 (0xde6ec123378b3997837406f696200e9378338c03330b0aaf9590efee6497d61f) is already imported
2026-10-07 17:00:19.264+00:00 | EthScheduler-Workers-0 | INFO  | PersistBlockTask | Block 314 (0xa24cd027a1b032244e114617097b8edbc351bf6169b3e7b61ec6193fc21fb6dc) is already imported
2026-10-07 17:00:19.264+00:00 | BftProcessorExecutor-QBFT-0 | INFO  | QbftBesuControllerBuilder | Imported #314 / 0 tx / 0 pending / 0 (0.0%) gas / (0xa24cd027a1b032244e114617097b8edbc351bf6169b3e7b61ec6193fc21fb6dc)
2026-10-07 17:00:21.217+00:00 | BftProcessorExecutor-QBFT-0 | INFO  | QbftBesuControllerBuilder | Imported #315 / 0 tx / 0 pending / 0 (0.0%) gas / (0x1720e0a476fa0af0f1b3a14ea0686f077bc400b59f20ffd06157372c54d0cddf)
2026-10-07 17:00:23.247+00:00 | EthScheduler-Workers-0 | INFO  | PersistBlockTask | Block 316 (0xe5c89c8b73b6a958730e5eb967bca1437aeb2f8712b444b1bf73bfa3e9d23979) is already imported
2026-10-07 17:00:23.247+00:00 | BftProcessorExecutor-QBFT-0 | INFO  | QbftBesuControllerBuilder | Imported #316 / 0 tx / 0 pending / 0 (0.0%) gas / (0xe5c89c8b73b6a958730e5eb967bca1437aeb2f8712b444b1bf73bfa3e9d23979)
2026-10-07 17:00:25.234+00:00 | BftProcessorExecutor-QBFT-0 | INFO  | QbftBesuControllerBuilder | Imported #317 / 0 tx / 0 pending / 0 (0.0%) gas / (0xc9b394211e2703720a694dba1322fef3f34e1e796fea5e6ef84ab1f1a43cc898)
2026-10-07 17:00:27.317+00:00 | BftProcessorExecutor-QBFT-0 | INFO  | QbftBesuControllerBuilder | Imported #318 / 0 tx / 0 pending / 0 (0.0%) gas / (0x9b805e77ef568c9825afa1dd067532acbaa151d69a06af98306b175682383159)
2026-10-07 17:00:29.272+00:00 | EthScheduler-Workers-0 | INFO  | PersistBlockTask | Block 319 (0x5225ff6f84ec1357f5167bf8a2a114afe64af88c3a225da2628041404fea1bec) is already imported
2026-10-07 17:00:29.272+00:00 | BftProcessorExecutor-QBFT-0 | INFO  | QbftBesuControllerBuilder | Imported #319 / 0 tx / 0 pending / 0 (0.0%) gas / (0x5225ff6f84ec1357f5167bf8a2a114afe64af88c3a225da2628041404fea1bec)
2026-10-07 17:00:31.222+00:00 | EthScheduler-Workers-0 | INFO  | PersistBlockTask | Block 320 (0x8d32678635005f582c99668aff5ceb3827eed2926dac13d528e1a40e5d4eca66) is already imported
2026-10-07 17:00:31.222+00:00 | BftProcessorExecutor-QBFT-0 | INFO  | QbftBesuControllerBuilder | Imported #320 / 0 tx / 0 pending / 0 (0.0%) gas / (0x8d32678635005f582c99668aff5ceb3827eed2926dac13d528e1a40e5d4eca66)
2026-10-07 17:00:33.248+00:00 | BftProcessorExecutor-QBFT-0 | INFO  | QbftBesuControllerBuilder | Imported #321 / 0 tx / 0 pending / 0 (0.0%) gas / (0xbcf3e3c92dc170a3cebedb126cfbd7e20f904d02dde83ea1f6a494e56420968c)
2026-10-07 17:00:35.269+00:00 | BftProcessorExecutor-QBFT-0 | INFO  | QbftBesuControllerBuilder | Imported #322 / 0 tx / 0 pending / 0 (0.0%) gas / (0xb42ca41dde0730b38ba8f890a536475d97957d142fdfc61013f5c955423baea8)
