[node07] network interface=eth0
[node07] tier=core applying P2P-only tc netem:  delay=10ms(+/-0ms) rate=100mbit loss=0%
[node07] tc rules applied:
qdisc htb 1: root refcnt 257 r2q 10 default 0x1 direct_packets_stat 0 direct_qlen 1000
qdisc netem 110: parent 1:10 limit 1000 delay 10ms
Setting logging level to INFO
2026-10-07 12:45:31.582+00:00 | main | INFO  | Besu | Starting Besu
2026-10-07 12:45:31.923+00:00 | main | WARN  | Besu | --graphql-http-host has been ignored because --graphql-http-enabled was not defined on the command line.
2026-10-07 12:45:32.053+00:00 | main | INFO  | Besu | Connecting to 0 static nodes.
2026-10-07 12:45:32.057+00:00 | main | INFO  | Besu | Forcing price bump for transaction replacement to 0, since min-gas-price is set to 0
2026-10-07 12:45:32.058+00:00 | main | WARN  | Besu | Forcing tx-pool-min-gas-price=0, since it cannot be greater than the value of min-gas-price
2026-10-07 12:45:32.502+00:00 | main | INFO  | Besu | 
####################################################################################################
#                                                                                                  #
# Besu version 24.7.0                                                                              #
#                                                                                                  #
# Configuration:                                                                                   #
# Network: Custom genesis file                                                                     #
# /config/genesis.json                                                                             #
# Network Id: 1337                                                                                 #
# Data storage: Bonsai                                                                             #
# Sync mode: Full                                                                                  #
# RPC HTTP APIs: ETH,QBFT,NET,ADMIN,WEB3                                                           #
# RPC HTTP port: 8545                                                                              #
# Using LAYERED transaction pool implementation                                                    #
# Using STACKED worldstate update mode                                                             #
# Limit trie logs enabled: retention: 512; prune window: 30000                                     #
#                                                                                                  #
# Host:                                                                                            #
# Java: openjdk-java-21                                                                            #
# Maximum heap size: 29.50 GB                                                                      #
# OS: linux-x86_64                                                                                 #
# glibc: 2.39                                                                                      #
# jemalloc: 5.3.0-0-g54eaed1d8b56b1aa528be3bdd1877e59c56fa90c                                      #
# Total memory: 1007.68 GB                                                                         #
# CPU cores: 256                                                                                   #
#                                                                                                  #
# Plugin Registration Summary:                                                                     #
# No plugins have been registered.                                                                 #
# TOTAL = 0 of 0 plugins successfully registered.                                                  #
#                                                                                                  #
####################################################################################################
2026-10-07 12:45:32.504+00:00 | main | INFO  | Besu | Security Module: localfile
2026-10-07 12:45:32.506+00:00 | main | INFO  | VersionMetadata | Lookup version metadata file in data directory: /data
2026-10-07 12:45:32.507+00:00 | main | INFO  | VersionMetadata | No version data detected. Writing Besu version 24.7.0 to metadata file
2026-10-07 12:45:32.618+00:00 | main | INFO  | Besu | Using the native implementation of alt bn128
2026-10-07 12:45:32.702+00:00 | main | INFO  | Besu | Using the native implementation of modexp
2026-10-07 12:45:32.702+00:00 | main | INFO  | Besu | Using the native implementation of the signature algorithm
2026-10-07 12:45:32.709+00:00 | main | INFO  | Besu | Using the native implementation of the blake2bf algorithm
2026-10-07 12:45:32.796+00:00 | main | INFO  | Besu | Forcing price bump for transaction replacement to 0, since min-gas-price is set to 0
2026-10-07 12:45:32.797+00:00 | main | WARN  | Besu | Forcing tx-pool-min-gas-price=0, since it cannot be greater than the value of min-gas-price
2026-10-07 12:45:32.799+00:00 | main | INFO  | KeyPairUtil | Attempting to load public key from /data/key.priv
2026-10-07 12:45:32.822+00:00 | main | INFO  | KeyPairUtil | Loaded public key 0x52a0450b8319029796ac529edb329d5e77f77242a7f8b5027a128da4691915a2e14930a0fc01682d4efb7b9974bd9eff81c62e8365291b927ca5f9d6f24f808d from /data/key.priv
2026-10-07 12:45:32.986+00:00 | main | INFO  | ProtocolScheduleBuilder | Protocol schedule created with milestones: [Berlin:0]
2026-10-07 12:45:32.991+00:00 | main | INFO  | RocksDBKeyValueStorageFactory | No existing database at /data. Using default metadata for new db versionedStorageFormat=BaseVersionedStorageFormat{format=BONSAI, version=2}
2026-10-07 12:45:33.303+00:00 | main | INFO  | FlatDbStrategyProvider | Bonsai flat db mode found FULL
2026-10-07 12:45:33.307+00:00 | main | INFO  | FlatDbStrategyProvider | Bonsai db mode with code stored using code hash enabled = true
2026-10-07 12:45:33.316+00:00 | main | INFO  | FlatDbStrategyProvider | Bonsai flat db mode found FULL
2026-10-07 12:45:33.319+00:00 | main | INFO  | FlatDbStrategyProvider | Bonsai db mode with code stored using code hash enabled = true
2026-10-07 12:45:33.780+00:00 | main | INFO  | TransactionPoolFactory | Enabling transaction pool
2026-10-07 12:45:33.798+00:00 | main | INFO  | BesuControllerBuilder | TTD difficulty is not present, creating initial sync phase for PoW
2026-10-07 12:45:33.847+00:00 | main | INFO  | TrieLogPruner | Loading first 30000 trie logs from database...
2026-10-07 12:45:33.849+00:00 | main | INFO  | TrieLogPruner | Loaded 1 trie logs from database
2026-10-07 12:45:33.857+00:00 | main | INFO  | RunnerBuilder | Resolved 3 bootnodes.
2026-10-07 12:45:33.863+00:00 | main | INFO  | RunnerBuilder | Detecting NAT service.
2026-10-07 12:45:34.054+00:00 | main | INFO  | Runner | Starting external services ... 
2026-10-07 12:45:34.055+00:00 | main | INFO  | JsonRpcHttpService | Starting JSON-RPC service on 0.0.0.0:8545
2026-10-07 12:45:34.191+00:00 | vert.x-eventloop-thread-1 | INFO  | JsonRpcHttpService | JSON-RPC service started and listening on 0.0.0.0:8545
2026-10-07 12:45:34.193+00:00 | main | INFO  | WebSocketService | Starting Websocket service on 0.0.0.0:8546
2026-10-07 12:45:34.196+00:00 | vert.x-eventloop-thread-1 | INFO  | WebSocketService | Websocket service started and listening on 0.0.0.0:8546
2026-10-07 12:45:34.199+00:00 | main | INFO  | AutoTransactionLogBloomCachingService | Starting auto transaction log bloom caching service.
2026-10-07 12:45:34.201+00:00 | main | INFO  | LogBloomCacheMetadata | Lookup cache metadata file in data directory: /data/caches
2026-10-07 12:45:34.210+00:00 | main | INFO  | Runner | Starting Ethereum main loop ... 
2026-10-07 12:45:34.211+00:00 | main | INFO  | NatService | No NAT environment detected so no service could be started
2026-10-07 12:45:34.211+00:00 | main | INFO  | NetworkRunner | Starting Network.
2026-10-07 12:45:34.227+00:00 | nioEventLoopGroup-2-1 | INFO  | RlpxAgent | P2P RLPx agent started and listening on /[0:0:0:0:0:0:0:0]:30303.
2026-10-07 12:45:34.227+00:00 | main | INFO  | PeerDiscoveryAgent | Starting peer discovery agent on host=0.0.0.0, port=30303. IPv6 available.
2026-10-07 12:45:34.244+00:00 | vert.x-eventloop-thread-1 | INFO  | VertxPeerDiscoveryAgent | Started peer discovery agent successfully, on effective host=0:0:0:0:0:0:0:0%0 and port=30303
2026-10-07 12:45:34.245+00:00 | vert.x-eventloop-thread-1 | INFO  | PeerDiscoveryAgent | P2P peer discovery agent started and listening on /[0:0:0:0:0:0:0:0%0]:30303
2026-10-07 12:45:34.291+00:00 | vert.x-eventloop-thread-1 | INFO  | PeerDiscoveryAgent | Writing node record to disk. NodeRecord{seq=1, publicKey=0x0352a0450b8319029796ac529edb329d5e77f77242a7f8b5027a128da4691915a2, udpAddress=Optional[/0.0.0.0:30303], tcpAddress=Optional[/0.0.0.0:30303], asBase64=-Je4QEUc3r61QNIBM6PjgPxuJRF8ySEn4gyKTf4-veqAc-OMDR8YScR9yH2X77eUdSJ1jkU9BZe4vzgWmrZ3WgA7IXoBg2V0aMfGhMb3xuOAgmlkgnY0gmlwhAAAAACJc2VjcDI1NmsxoQNSoEULgxkCl5asUp7bMp1ed_dyQqf4tQJ6Eo2kaRkVooN0Y3CCdl-DdWRwgnZf, nodeId=0x72b106c1e472087f1aea94499d126967ec09d834b1586ab21737b825eb91363e, customFields={tcp=30303, udp=30303, ip=0x00000000, eth=[[0xc6f7c6e3, 0x]], id=V4, secp256k1=0x0352a0450b8319029796ac529edb329d5e77f77242a7f8b5027a128da4691915a2}}
2026-10-07 12:45:34.321+00:00 | main | INFO  | DefaultP2PNetwork | Enode URL enode://52a0450b8319029796ac529edb329d5e77f77242a7f8b5027a128da4691915a2e14930a0fc01682d4efb7b9974bd9eff81c62e8365291b927ca5f9d6f24f808d@0.0.0.0:30303
2026-10-07 12:45:34.322+00:00 | main | INFO  | DefaultP2PNetwork | Node address 0x9d126967ec09d834b1586ab21737b825eb91363e
2026-10-07 12:45:34.352+00:00 | main | INFO  | NetworkRunner | Supported capabilities: [eth/62, eth/63, eth/64, eth/65, eth/66, eth/67, eth/68], [istanbul/100], [snap/1]
2026-10-07 12:45:34.352+00:00 | main | INFO  | DefaultSynchronizer | Starting synchronizer.
2026-10-07 12:45:34.354+00:00 | main | INFO  | TransactionPoolFactory | Enabling transaction handling following initial sync
2026-10-07 12:45:34.354+00:00 | main | INFO  | QbftBesuControllerBuilder | Starting QBFT mining coordinator following initial sync
2026-10-07 12:45:34.367+00:00 | main | INFO  | FullSyncDownloader | Starting full sync.
2026-10-07 12:45:34.369+00:00 | main | INFO  | FullSyncTargetManager | Unable to find sync target. Currently checking 0 peers for usefulness
2026-10-07 12:45:34.380+00:00 | main | INFO  | Runner | Ethereum main loop is up.
2026-10-07 12:45:34.624+00:00 | nioEventLoopGroup-3-5 | INFO  | FullSyncTargetManager | Unable to find sync target. Currently checking 7 peers for usefulness
2026-10-07 12:45:36.623+00:00 | nioEventLoopGroup-3-6 | INFO  | FullSyncTargetManager | Unable to find sync target. Currently checking 8 peers for usefulness
2026-10-07 12:45:38.552+00:00 | nioEventLoopGroup-3-8 | INFO  | FullSyncTargetManager | Unable to find sync target. Currently checking 9 peers for usefulness
2026-10-07 12:45:40.595+00:00 | nioEventLoopGroup-3-9 | INFO  | FullSyncTargetManager | Unable to find sync target. Currently checking 10 peers for usefulness
2026-10-07 12:45:44.479+00:00 | nioEventLoopGroup-3-1 | INFO  | FullSyncTargetManager | Unable to find sync target. Currently checking 11 peers for usefulness
2026-10-07 12:45:44.686+00:00 | nioEventLoopGroup-3-4 | INFO  | FullSyncTargetManager | Unable to find sync target. Currently checking 12 peers for usefulness
2026-10-07 12:45:47.212+00:00 | nioEventLoopGroup-3-5 | INFO  | FullSyncTargetManager | Unable to find sync target. Currently checking 13 peers for usefulness
2026-10-07 12:45:48.568+00:00 | BftProcessorExecutor-QBFT-0 | INFO  | QbftRound | Importing proposed block to chain. round=ConsensusRoundIdentifier{Sequence=1, Round=1}, hash=0x7d3ec0afd9d57038f0c18890d2022ac0e994f3f5bc1eec3abdac0a28ee0bd8e6
2026-10-07 12:45:48.598+00:00 | BftProcessorExecutor-QBFT-0 | INFO  | QbftBesuControllerBuilder | Imported #1 / 0 tx / 0 pending / 0 (0.0%) gas / (0x7d3ec0afd9d57038f0c18890d2022ac0e994f3f5bc1eec3abdac0a28ee0bd8e6)
2026-10-07 12:45:49.554+00:00 | nioEventLoopGroup-3-7 | INFO  | FullSyncTargetManager | Unable to find sync target. Currently checking 14 peers for usefulness
2026-10-07 12:45:50.169+00:00 | BftProcessorExecutor-QBFT-0 | INFO  | QbftBesuControllerBuilder | Imported #2 / 0 tx / 0 pending / 0 (0.0%) gas / (0xadd7a2df748571c2b0d88aeda4a953044d5cb874fba3df21100a76c0fdaaccd4)
2026-10-07 12:45:50.171+00:00 | EthScheduler-Workers-0 | INFO  | PersistBlockTask | Block 2 (0xadd7a2df748571c2b0d88aeda4a953044d5cb874fba3df21100a76c0fdaaccd4) is already imported
2026-10-07 12:45:52.193+00:00 | EthScheduler-Workers-0 | INFO  | PersistBlockTask | Block 3 (0x059c60c1eacfa8de84f63a6fee2025cc6588aba76163db4a37cef8f917c34208) is already imported
2026-10-07 12:45:52.194+00:00 | BftProcessorExecutor-QBFT-0 | INFO  | QbftBesuControllerBuilder | Imported #3 / 0 tx / 0 pending / 0 (0.0%) gas / (0x059c60c1eacfa8de84f63a6fee2025cc6588aba76163db4a37cef8f917c34208)
2026-10-07 12:45:54.155+00:00 | BftProcessorExecutor-QBFT-0 | INFO  | QbftBesuControllerBuilder | Imported #4 / 0 tx / 0 pending / 0 (0.0%) gas / (0x632d107227527d56042e29fc74fd5350b1471b5e5d8ec2a864dcaf91b0b0d91e)
2026-10-07 12:45:56.152+00:00 | BftProcessorExecutor-QBFT-0 | INFO  | QbftBesuControllerBuilder | Imported #5 / 0 tx / 1 pending / 0 (0.0%) gas / (0x6158a2223d7d42be21dbaab7d9213ed1c5527d5f8ab2dfa1b86c0b61b362e578)
2026-10-07 12:45:58.198+00:00 | EthScheduler-Workers-0 | INFO  | PersistBlockTask | Imported #6 / 0 tx / 0 om / 0 (0.0%) gas / (0x2008181012456f1d7a06c8360ba19f2307b342d6a39b8ade6e973dd8de065c32) in 0.002s. Peers: 14
2026-10-07 12:45:58.201+00:00 | BftProcessorExecutor-QBFT-0 | INFO  | QbftBesuControllerBuilder | Imported #6 / 0 tx / 1 pending / 0 (0.0%) gas / (0x2008181012456f1d7a06c8360ba19f2307b342d6a39b8ade6e973dd8de065c32)
2026-10-07 12:46:00.144+00:00 | BftProcessorExecutor-QBFT-0 | INFO  | QbftBesuControllerBuilder | Produced #7 / 0 tx / 1 pending / 0 (0.0%) gas / (0xb393d03fdf83c9bfc295949921a883b506483ff81c778931e6b5a705193f8992)
2026-10-07 12:46:02.192+00:00 | EthScheduler-Workers-0 | INFO  | PersistBlockTask | Imported #8 / 0 tx / 0 om / 0 (0.0%) gas / (0x7a87756e2adf254705c2db2e3b1bf7fc77c849b670063b58570ae086961a66d7) in 0.003s. Peers: 14
2026-10-07 12:46:04.166+00:00 | EthScheduler-Workers-0 | INFO  | PersistBlockTask | Imported #9 / 0 tx / 0 om / 0 (0.0%) gas / (0xd7ae81604142bfb87d77216b78b6e722e5f9d565b282363cb3d595be524c3af5) in 0.004s. Peers: 14
2026-10-07 12:46:06.191+00:00 | BftProcessorExecutor-QBFT-0 | INFO  | QbftBesuControllerBuilder | Imported #10 / 0 tx / 1 pending / 0 (0.0%) gas / (0x4f858c62f9387a95bea6309465570bf69b3bae987349b0a3d4948b914d2a856a)
2026-10-07 12:46:08.174+00:00 | BftProcessorExecutor-QBFT-0 | INFO  | QbftBesuControllerBuilder | Imported #11 / 0 tx / 1 pending / 0 (0.0%) gas / (0x601602afe55fd2fe2538207e5edefb1a010680e7d12823f04c8454cfd6819d59)
2026-10-07 12:46:10.169+00:00 | BftProcessorExecutor-QBFT-0 | INFO  | QbftBesuControllerBuilder | Imported #12 / 0 tx / 1 pending / 0 (0.0%) gas / (0xa65f17683742af9e280bde7dcb8088b0440ba6f67cb644650361ff0f926c2f57)
2026-10-07 12:46:12.166+00:00 | BftProcessorExecutor-QBFT-0 | INFO  | QbftBesuControllerBuilder | Imported #13 / 0 tx / 1 pending / 0 (0.0%) gas / (0xbd8963bdff127b5a92e1799649c443bb86a0447a6d8451e4497c9e475ad3461d)
2026-10-07 12:46:14.193+00:00 | EthScheduler-Workers-0 | INFO  | PersistBlockTask | Imported #14 / 0 tx / 0 om / 0 (0.0%) gas / (0xd20da23b3e65d58c0efb18236b3f0e0e051c1f51404103776ee6a0faceb5be41) in 0.002s. Peers: 14
2026-10-07 12:46:16.176+00:00 | BftProcessorExecutor-QBFT-0 | INFO  | QbftBesuControllerBuilder | Imported #15 / 1 tx / 0 pending / 465,218 (0.0%) gas / (0xa7639062652b592b644f70317895ecd013d290041f9832d374acbc3070409eac)
2026-10-07 12:46:18.095+00:00 | EthScheduler-Workers-0 | INFO  | PersistBlockTask | Imported #16 / 0 tx / 0 om / 0 (0.0%) gas / (0x477c7bf359f1e02aec2c1a57f7ee5d80cc5b946d927f0611457ff30d89f25d05) in 0.001s. Peers: 14
2026-10-07 12:46:20.088+00:00 | EthScheduler-Workers-0 | INFO  | PersistBlockTask | Imported #17 / 0 tx / 0 om / 0 (0.0%) gas / (0xf743e087dfb785559194b5835da9276491da2337c142e1877fd608fa947eec5e) in 0.002s. Peers: 14
2026-10-07 12:46:20.089+00:00 | BftProcessorExecutor-QBFT-0 | INFO  | QbftBesuControllerBuilder | Imported #17 / 0 tx / 1 pending / 0 (0.0%) gas / (0xf743e087dfb785559194b5835da9276491da2337c142e1877fd608fa947eec5e)
2026-10-07 12:46:22.078+00:00 | BftProcessorExecutor-QBFT-0 | INFO  | QbftBesuControllerBuilder | Imported #18 / 0 tx / 1 pending / 0 (0.0%) gas / (0x29edd5d5a505e2fee266006e8c299bad02bd4a0ca0595c6c126ad25adf87684e)
2026-10-07 12:46:24.098+00:00 | EthScheduler-Workers-0 | INFO  | PersistBlockTask | Imported #19 / 0 tx / 0 om / 0 (0.0%) gas / (0x209a21a758584fc2b98b2039e1d70f1c27c62ebd279499755d7f08435e544713) in 0.001s. Peers: 14
2026-10-07 12:46:26.119+00:00 | BftProcessorExecutor-QBFT-0 | INFO  | QbftBesuControllerBuilder | Imported #20 / 0 tx / 1 pending / 0 (0.0%) gas / (0x01db8d79c76a5a73a5511c80bd45875dfce458330fc2a974a16a5bfcc6a2b2ee)
2026-10-07 12:46:28.109+00:00 | EthScheduler-Workers-0 | INFO  | PersistBlockTask | Block 21 (0x4a7cec18e2946510ca56df06e5f3b184bf4ccd2105a79d2e5101997f8c50dd71) is already imported
2026-10-07 12:46:28.110+00:00 | BftProcessorExecutor-QBFT-0 | INFO  | QbftBesuControllerBuilder | Imported #21 / 0 tx / 1 pending / 0 (0.0%) gas / (0x4a7cec18e2946510ca56df06e5f3b184bf4ccd2105a79d2e5101997f8c50dd71)
2026-10-07 12:46:30.086+00:00 | BftProcessorExecutor-QBFT-0 | INFO  | QbftBesuControllerBuilder | Produced #22 / 0 tx / 1 pending / 0 (0.0%) gas / (0xf9548a6fe655e79f8fb0a7e7cebb045900e0906e3dad71c76d7329e13ac3804e)
2026-10-07 12:46:32.110+00:00 | EthScheduler-Workers-0 | INFO  | PersistBlockTask | Block 23 (0xea9ec10d568c5947bcdcf2a2b6f91f15b0018b829968499709d227a1f8b8976a) is already imported
2026-10-07 12:46:32.110+00:00 | BftProcessorExecutor-QBFT-0 | INFO  | QbftBesuControllerBuilder | Imported #23 / 0 tx / 1 pending / 0 (0.0%) gas / (0xea9ec10d568c5947bcdcf2a2b6f91f15b0018b829968499709d227a1f8b8976a)
2026-10-07 12:46:34.089+00:00 | BftProcessorExecutor-QBFT-0 | INFO  | QbftBesuControllerBuilder | Imported #24 / 0 tx / 1 pending / 0 (0.0%) gas / (0x2327a354827a7fc583a3e6bdd0bb7c9b8113ba5aa6c23834422eafb1f4c32be7)
2026-10-07 12:46:36.096+00:00 | BftProcessorExecutor-QBFT-0 | INFO  | QbftBesuControllerBuilder | Imported #25 / 0 tx / 1 pending / 0 (0.0%) gas / (0xe71e4bccfd949b572dcfaf9b64e15d9ec20194887fe0f7e33d36e67002a76c77)
2026-10-07 12:46:38.096+00:00 | BftProcessorExecutor-QBFT-0 | INFO  | QbftBesuControllerBuilder | Imported #26 / 0 tx / 1 pending / 0 (0.0%) gas / (0xaaff9a56fe1e2221b38a6454b34911fe7bfc934394236c7ecca303da2cef0a9e)
2026-10-07 12:46:40.087+00:00 | BftProcessorExecutor-QBFT-0 | INFO  | QbftBesuControllerBuilder | Imported #27 / 0 tx / 1 pending / 0 (0.0%) gas / (0x1a308b3a536f5f66155caaaa3b7a3417559b894dd58a602d2e47ac254aea0b65)
2026-10-07 12:46:42.077+00:00 | BftProcessorExecutor-QBFT-0 | INFO  | QbftBesuControllerBuilder | Imported #28 / 0 tx / 1 pending / 0 (0.0%) gas / (0xc36bd10548691431d3672f8f4e46643f2687485ef95c4a1eb8bd087cdfcae0aa)
2026-10-07 12:46:44.085+00:00 | BftProcessorExecutor-QBFT-0 | INFO  | QbftBesuControllerBuilder | Imported #29 / 0 tx / 1 pending / 0 (0.0%) gas / (0xf25c09fb9512376f6678c8032d5816d977d111c255516d63f1fdd3ee54bd99e8)
2026-10-07 12:46:46.169+00:00 | BftProcessorExecutor-QBFT-0 | INFO  | QbftBesuControllerBuilder | Imported #30 / 1 tx / 0 pending / 1,832,981 (0.0%) gas / (0x5ec4df9bedd7ddafd7d818c5bb28e66e82184747d2250c32f5230a5fbbd034d1)
2026-10-07 12:46:48.069+00:00 | BftProcessorExecutor-QBFT-0 | INFO  | QbftBesuControllerBuilder | Imported #31 / 0 tx / 0 pending / 0 (0.0%) gas / (0x63459958a6aa79f75e85a75c1865f2561b42dddd32208f922a16047dcb2d9e5d)
2026-10-07 12:46:50.086+00:00 | BftProcessorExecutor-QBFT-0 | INFO  | QbftBesuControllerBuilder | Imported #32 / 0 tx / 0 pending / 0 (0.0%) gas / (0x996ae22c47a0f8561c02b024d0cc42aca4c11a36f9ae6ba9b05006ba25544d10)
2026-10-07 12:46:52.115+00:00 | BftProcessorExecutor-QBFT-0 | INFO  | QbftBesuControllerBuilder | Imported #33 / 0 tx / 0 pending / 0 (0.0%) gas / (0xc9e1c62c4ed45a8eb238a1c56ea7033101f1b21915b6440a8fc085e2fa9d57e2)
2026-10-07 12:46:52.115+00:00 | EthScheduler-Workers-0 | INFO  | PersistBlockTask | Block 33 (0xc9e1c62c4ed45a8eb238a1c56ea7033101f1b21915b6440a8fc085e2fa9d57e2) is already imported
2026-10-07 12:46:54.099+00:00 | BftProcessorExecutor-QBFT-0 | INFO  | QbftBesuControllerBuilder | Imported #34 / 0 tx / 0 pending / 0 (0.0%) gas / (0x194430bda006ddac9c84a4baa7ecb8a36e9f51103076fe75d29befe729db5f6a)
2026-10-07 12:46:56.101+00:00 | BftProcessorExecutor-QBFT-0 | INFO  | QbftBesuControllerBuilder | Imported #35 / 0 tx / 0 pending / 0 (0.0%) gas / (0x28bd8b7fddb8697d6a3da97757550e59906b0f9be324a9edaf3c6d9859e17d43)
2026-10-07 12:46:56.102+00:00 | EthScheduler-Workers-0 | INFO  | PersistBlockTask | Block 35 (0x28bd8b7fddb8697d6a3da97757550e59906b0f9be324a9edaf3c6d9859e17d43) is already imported
2026-10-07 12:46:58.096+00:00 | BftProcessorExecutor-QBFT-0 | INFO  | QbftBesuControllerBuilder | Imported #36 / 0 tx / 0 pending / 0 (0.0%) gas / (0x9ad17d01bd3a8f440b674245a532ba897702bd792c36ca82b39666b1c327bd46)
2026-10-07 12:47:00.108+00:00 | BftProcessorExecutor-QBFT-0 | INFO  | QbftBesuControllerBuilder | Produced #37 / 0 tx / 0 pending / 0 (0.0%) gas / (0x95abf9e77e104823ad536ce606d96b57bebe938481ae1371e5b22c02b001b87b)
2026-10-07 12:47:02.106+00:00 | BftProcessorExecutor-QBFT-0 | INFO  | QbftBesuControllerBuilder | Imported #38 / 0 tx / 0 pending / 0 (0.0%) gas / (0x7792fc638889c143f0d4e35f8f3cd9a1a6182ddbba768be6d93e8e751719ac78)
2026-10-07 12:47:02.108+00:00 | EthScheduler-Workers-0 | INFO  | PersistBlockTask | Block 38 (0x7792fc638889c143f0d4e35f8f3cd9a1a6182ddbba768be6d93e8e751719ac78) is already imported
2026-10-07 12:47:04.098+00:00 | BftProcessorExecutor-QBFT-0 | INFO  | QbftBesuControllerBuilder | Imported #39 / 0 tx / 0 pending / 0 (0.0%) gas / (0x0da7bc670b4e95537887eb60e8828eff193f44a8f275ab439dc43e83c9debeab)
2026-10-07 12:47:06.094+00:00 | EthScheduler-Workers-0 | INFO  | PersistBlockTask | Block 40 (0x6691135a6fa7938f201e42fdeaa067ff2e5a3980eefdaca343aee1a3687fb129) is already imported
2026-10-07 12:47:06.095+00:00 | BftProcessorExecutor-QBFT-0 | INFO  | QbftBesuControllerBuilder | Imported #40 / 0 tx / 0 pending / 0 (0.0%) gas / (0x6691135a6fa7938f201e42fdeaa067ff2e5a3980eefdaca343aee1a3687fb129)
2026-10-07 12:47:08.084+00:00 | BftProcessorExecutor-QBFT-0 | INFO  | QbftBesuControllerBuilder | Imported #41 / 0 tx / 0 pending / 0 (0.0%) gas / (0xed671e2fa49940523825a3fe37e5855959c09d4d37cb36f593436ef125cd02e9)
2026-10-07 12:47:10.097+00:00 | BftProcessorExecutor-QBFT-0 | INFO  | QbftBesuControllerBuilder | Imported #42 / 0 tx / 0 pending / 0 (0.0%) gas / (0x0de929cea5de3de90a4df999a283abfee940054593160da75c670f1d94155597)
2026-10-07 12:47:12.108+00:00 | BftProcessorExecutor-QBFT-0 | INFO  | QbftBesuControllerBuilder | Imported #43 / 0 tx / 0 pending / 0 (0.0%) gas / (0x53e5c46243ea1f9624a890498614a7a71281b20fada6aa8dc93a24225ccc479b)
2026-10-07 12:47:14.077+00:00 | BftProcessorExecutor-QBFT-0 | INFO  | QbftBesuControllerBuilder | Imported #44 / 0 tx / 0 pending / 0 (0.0%) gas / (0x19f2f85d65b015afe98e2e517b55bf98908b320bc75d8937a1803a0101d69656)
2026-10-07 12:47:16.083+00:00 | BftProcessorExecutor-QBFT-0 | INFO  | QbftBesuControllerBuilder | Imported #45 / 0 tx / 0 pending / 0 (0.0%) gas / (0x426912cabe577d045b851d78b0f624fdcd8ce397a977a680490943ef1a5b2053)
2026-10-07 12:47:18.075+00:00 | BftProcessorExecutor-QBFT-0 | INFO  | QbftBesuControllerBuilder | Imported #46 / 0 tx / 0 pending / 0 (0.0%) gas / (0xbb510f284349fe8fb1b74225904426efd13a0f2c89b28ff6867c83148be07c18)
2026-10-07 12:47:20.094+00:00 | EthScheduler-Workers-0 | INFO  | PersistBlockTask | Block 47 (0x14f58bb60929fa4174e6216ee3c0fd4b1b0b968252c545c258d7844947024505) is already imported
2026-10-07 12:47:20.094+00:00 | BftProcessorExecutor-QBFT-0 | INFO  | QbftBesuControllerBuilder | Imported #47 / 0 tx / 0 pending / 0 (0.0%) gas / (0x14f58bb60929fa4174e6216ee3c0fd4b1b0b968252c545c258d7844947024505)
2026-10-07 12:47:22.084+00:00 | BftProcessorExecutor-QBFT-0 | INFO  | QbftBesuControllerBuilder | Imported #48 / 0 tx / 0 pending / 0 (0.0%) gas / (0xb9c7f2a0cd30c8a8b7d5476ecceac47b6bb776f9e38d3910e969058ee92c3697)
2026-10-07 12:47:24.093+00:00 | BftProcessorExecutor-QBFT-0 | INFO  | QbftBesuControllerBuilder | Imported #49 / 0 tx / 0 pending / 0 (0.0%) gas / (0x419a4741ec0c69e4fdef53a621360a262d4c9dd705d7f217b4c8010b5fb84bd9)
2026-10-07 12:47:26.102+00:00 | BftProcessorExecutor-QBFT-0 | INFO  | QbftBesuControllerBuilder | Imported #50 / 0 tx / 0 pending / 0 (0.0%) gas / (0xb63553847172cd1de373fb93bdb3a46b065cd209de83ad50e0fa53bcb7134811)
2026-10-07 12:47:28.095+00:00 | BftProcessorExecutor-QBFT-0 | INFO  | QbftBesuControllerBuilder | Imported #51 / 0 tx / 0 pending / 0 (0.0%) gas / (0xde39d3aa839cfc42ec6f62792e65261ee442ddcbe223822f5dfb07159a5bcbde)
2026-10-07 12:47:30.098+00:00 | BftProcessorExecutor-QBFT-0 | INFO  | QbftBesuControllerBuilder | Produced #52 / 0 tx / 0 pending / 0 (0.0%) gas / (0xe0eff9136c13033e02ff6161d80b2291457490f94dc1a3329715deaad7f47123)
2026-10-07 12:47:30.098+00:00 | EthScheduler-Workers-0 | INFO  | PersistBlockTask | Block 52 (0xe0eff9136c13033e02ff6161d80b2291457490f94dc1a3329715deaad7f47123) is already imported
2026-10-07 12:47:32.078+00:00 | BftProcessorExecutor-QBFT-0 | INFO  | QbftBesuControllerBuilder | Imported #53 / 0 tx / 0 pending / 0 (0.0%) gas / (0x1b119a7c0bb5de1f704115a2ce923c91cdaf77c8333c9c168cf638192c8b975e)
2026-10-07 12:47:34.092+00:00 | EthScheduler-Workers-0 | INFO  | PersistBlockTask | Block 54 (0xe56ff71273ebbe1bf2785608bb996db2e8e578596ac0008e6a289d4e4208cfca) is already imported
2026-10-07 12:47:34.093+00:00 | BftProcessorExecutor-QBFT-0 | INFO  | QbftBesuControllerBuilder | Imported #54 / 0 tx / 0 pending / 0 (0.0%) gas / (0xe56ff71273ebbe1bf2785608bb996db2e8e578596ac0008e6a289d4e4208cfca)
2026-10-07 12:47:36.091+00:00 | BftProcessorExecutor-QBFT-0 | INFO  | QbftBesuControllerBuilder | Imported #55 / 0 tx / 0 pending / 0 (0.0%) gas / (0x4f040605146d7f7613e81f0e8ca6319aa2a683042c48bcba1bf3fc805302de2e)
2026-10-07 12:47:38.090+00:00 | BftProcessorExecutor-QBFT-0 | INFO  | QbftBesuControllerBuilder | Imported #56 / 0 tx / 0 pending / 0 (0.0%) gas / (0xe024a4f3b7840c85ff5f80ce4b34f96ce54ea231f830174cba40eb14a6bcdac5)
2026-10-07 12:47:40.093+00:00 | BftProcessorExecutor-QBFT-0 | INFO  | QbftBesuControllerBuilder | Imported #57 / 0 tx / 0 pending / 0 (0.0%) gas / (0x98ee66a055bd4e8bb3c8aab38139a3dfa84d88dd5e98576b959e4c2655b9e3fd)
2026-10-07 12:47:40.095+00:00 | EthScheduler-Workers-0 | INFO  | PersistBlockTask | Block 57 (0x98ee66a055bd4e8bb3c8aab38139a3dfa84d88dd5e98576b959e4c2655b9e3fd) is already imported
2026-10-07 12:47:42.094+00:00 | EthScheduler-Workers-0 | INFO  | PersistBlockTask | Block 58 (0x979f870f6959bf3bfa640156679c6a32ca7bbc81b24cf6f7ad5dd9e171aad24b) is already imported
2026-10-07 12:47:42.095+00:00 | BftProcessorExecutor-QBFT-0 | INFO  | QbftBesuControllerBuilder | Imported #58 / 0 tx / 0 pending / 0 (0.0%) gas / (0x979f870f6959bf3bfa640156679c6a32ca7bbc81b24cf6f7ad5dd9e171aad24b)
2026-10-07 12:47:44.576+00:00 | EthScheduler-Workers-0 | INFO  | PersistBlockTask | Block 59 (0x32a679884adddfb9f17b9f2874ab1383750269ed4cdd97f70d99453864021206) is already imported
2026-10-07 12:47:44.579+00:00 | BftProcessorExecutor-QBFT-0 | INFO  | QbftBesuControllerBuilder | Imported #59 / 17 tx / 448 pending / 4,113,490 (0.0%) gas / (0x32a679884adddfb9f17b9f2874ab1383750269ed4cdd97f70d99453864021206)
2026-10-07 12:47:47.537+00:00 | EthScheduler-Workers-0 | INFO  | PersistBlockTask | Block 60 (0xbe78c3d135317e0c6276a6b6aa8518ae1674323b1f67064575a2287c29e03c0a) is already imported
2026-10-07 12:47:47.540+00:00 | BftProcessorExecutor-QBFT-0 | INFO  | QbftBesuControllerBuilder | Imported #60 / 61 tx / 1282 pending / 14,760,170 (0.0%) gas / (0xbe78c3d135317e0c6276a6b6aa8518ae1674323b1f67064575a2287c29e03c0a)
2026-10-07 12:47:49.797+00:00 | EthScheduler-Workers-0 | INFO  | PersistBlockTask | Block 61 (0xb421e0c0252cd1d78457db83617e05daa8bbc18e7ce6bddf1ea0e949a991ed15) is already imported
2026-10-07 12:47:49.803+00:00 | BftProcessorExecutor-QBFT-0 | INFO  | QbftBesuControllerBuilder | Imported #61 / 105 tx / 2138 pending / 25,406,850 (0.0%) gas / (0xb421e0c0252cd1d78457db83617e05daa8bbc18e7ce6bddf1ea0e949a991ed15)
2026-10-07 12:47:52.558+00:00 | BftProcessorExecutor-QBFT-0 | INFO  | QbftBesuControllerBuilder | Imported #62 / 162 tx / 3009 pending / 39,199,140 (0.0%) gas / (0xc64372bd6ea7ccf83915ae513b8be6f835504b4e8aeea775607b6f9498b6f944)
2026-10-07 12:47:55.937+00:00 | BftProcessorExecutor-QBFT-0 | INFO  | QbftBesuControllerBuilder | Imported #63 / 227 tx / 4158 pending / 54,927,190 (0.0%) gas / (0x979c1d46c5db0caec359c6188be326863a3bf2c6a79c3a4514376aac8d44ef16)
2026-10-07 12:48:00.537+00:00 | EthScheduler-Workers-0 | INFO  | PersistBlockTask | Block 64 (0xd0cff48381ff2cb77f0d224853050099469365fe75fb68af9406f0fb68286205) is already imported
2026-10-07 12:48:00.543+00:00 | BftProcessorExecutor-QBFT-0 | INFO  | QbftBesuControllerBuilder | Imported #64 / 315 tx / 5522 pending / 76,220,550 (0.0%) gas / (0xd0cff48381ff2cb77f0d224853050099469365fe75fb68af9406f0fb68286205)
2026-10-07 12:48:04.988+00:00 | EthScheduler-Workers-0 | INFO  | PersistBlockTask | Block 65 (0xcb806ce9f38d63f99b84eac0f0dc5f3f16c6543b314083379c24725691ecc0ed) is already imported
2026-10-07 12:48:04.997+00:00 | BftProcessorExecutor-QBFT-0 | INFO  | QbftBesuControllerBuilder | Imported #65 / 296 tx / 6859 pending / 71,623,120 (0.0%) gas / (0xcb806ce9f38d63f99b84eac0f0dc5f3f16c6543b314083379c24725691ecc0ed)
2026-10-07 12:48:09.442+00:00 | BftProcessorExecutor-QBFT-0 | INFO  | QbftBesuControllerBuilder | Imported #66 / 326 tx / 6683 pending / 78,882,220 (0.0%) gas / (0xd5f358ef8f1a5280e07ffa2ec83967e11f935a301ce7895c4e44c9d8c3f9b5b2)
2026-10-07 12:48:10.950+00:00 | BftProcessorExecutor-QBFT-0 | WARN  | BlockTransactionSelector | Interrupting the selection of transactions for block inclusion as it exceeds the maximum configured duration of 1500ms
java.util.concurrent.TimeoutException
	at java.base/java.util.concurrent.CompletableFuture.timedGet(CompletableFuture.java:1960)
	at java.base/java.util.concurrent.CompletableFuture.get(CompletableFuture.java:2095)
	at org.hyperledger.besu.ethereum.blockcreation.txselection.BlockTransactionSelector.timeLimitedSelection(BlockTransactionSelector.java:186)
	at org.hyperledger.besu.ethereum.blockcreation.txselection.BlockTransactionSelector.buildTransactionListForBlock(BlockTransactionSelector.java:169)
	at org.hyperledger.besu.ethereum.blockcreation.AbstractBlockCreator.selectTransactions(AbstractBlockCreator.java:376)
	at org.hyperledger.besu.ethereum.blockcreation.AbstractBlockCreator.createBlock(AbstractBlockCreator.java:218)
	at org.hyperledger.besu.ethereum.blockcreation.AbstractBlockCreator.createBlock(AbstractBlockCreator.java:146)
	at org.hyperledger.besu.consensus.common.bft.blockcreation.BftBlockCreator.createBlock(BftBlockCreator.java:92)
	at org.hyperledger.besu.consensus.qbft.statemachine.QbftRound.createAndSendProposalMessage(QbftRound.java:137)
	at org.hyperledger.besu.consensus.qbft.statemachine.QbftBlockHeightManager.handleBlockTimerExpiry(QbftBlockHeightManager.java:140)
	at org.hyperledger.besu.consensus.common.bft.statemachine.BaseBftController.handleBlockTimerExpiry(BaseBftController.java:167)
	at org.hyperledger.besu.consensus.common.bft.EventMultiplexer.handleBftEvent(EventMultiplexer.java:65)
	at java.base/java.util.Optional.ifPresent(Optional.java:178)
	at org.hyperledger.besu.consensus.common.bft.BftProcessor.run(BftProcessor.java:65)
	at java.base/java.util.concurrent.ThreadPoolExecutor.runWorker(ThreadPoolExecutor.java:1144)
	at java.base/java.util.concurrent.ThreadPoolExecutor$Worker.run(ThreadPoolExecutor.java:642)
	at java.base/java.lang.Thread.run(Thread.java:1583)
2026-10-07 12:48:13.797+00:00 | BftProcessorExecutor-QBFT-0 | INFO  | QbftBesuControllerBuilder | Produced #67 / 304 tx / 6379 pending / 73,558,880 (0.0%) gas / (0x3b63a5f90404e05edb0d076d1e456723e791149c9280507bb8d7aaaf85369498)
2026-10-07 12:48:18.435+00:00 | EthScheduler-Workers-0 | INFO  | PersistBlockTask | Block 68 (0xb713debf9cdb9a7fff322c878b4e357035cf69fccdbf7339fd8a28367e80dfdf) is already imported
2026-10-07 12:48:18.442+00:00 | BftProcessorExecutor-QBFT-0 | INFO  | QbftBesuControllerBuilder | Imported #68 / 337 tx / 6042 pending / 81,543,890 (0.0%) gas / (0xb713debf9cdb9a7fff322c878b4e357035cf69fccdbf7339fd8a28367e80dfdf)
2026-10-07 12:48:23.121+00:00 | BftProcessorExecutor-QBFT-0 | INFO  | QbftBesuControllerBuilder | Imported #69 / 336 tx / 5706 pending / 81,301,920 (0.0%) gas / (0x29f063b374cf5edbee605a7b6744d2b2931cfc36681b34bee100f0f00782f205)
2026-10-07 12:48:27.774+00:00 | EthScheduler-Workers-0 | INFO  | PersistBlockTask | Block 70 (0xbba53ea7b89e02dd26bc0410b529cb20af30c91e2d09a7f43c883f4f812f3977) is already imported
2026-10-07 12:48:27.779+00:00 | BftProcessorExecutor-QBFT-0 | INFO  | QbftBesuControllerBuilder | Imported #70 / 337 tx / 5369 pending / 81,543,890 (0.0%) gas / (0xbba53ea7b89e02dd26bc0410b529cb20af30c91e2d09a7f43c883f4f812f3977)
2026-10-07 12:48:32.378+00:00 | EthScheduler-Workers-0 | INFO  | PersistBlockTask | Block 71 (0x899d30743167a7cfaeb38a90fcae8fd3e18c2b6d3fc12482e06871a0cbe45e4b) is already imported
2026-10-07 12:48:32.383+00:00 | BftProcessorExecutor-QBFT-0 | INFO  | QbftBesuControllerBuilder | Imported #71 / 319 tx / 5050 pending / 77,188,430 (0.0%) gas / (0x899d30743167a7cfaeb38a90fcae8fd3e18c2b6d3fc12482e06871a0cbe45e4b)
2026-10-07 12:48:36.928+00:00 | EthScheduler-Workers-0 | INFO  | PersistBlockTask | Block 72 (0xd7f653040ef89c145bbcaf74f366a701110228d64fc6b199e1b948285366e27c) is already imported
2026-10-07 12:48:36.933+00:00 | BftProcessorExecutor-QBFT-0 | INFO  | QbftBesuControllerBuilder | Imported #72 / 334 tx / 4716 pending / 80,817,980 (0.0%) gas / (0xd7f653040ef89c145bbcaf74f366a701110228d64fc6b199e1b948285366e27c)
2026-10-07 12:48:41.471+00:00 | EthScheduler-Workers-0 | INFO  | PersistBlockTask | Block 73 (0x6a946a704997d134b7dabf345b4b7ce8572d90b9ba7df8d514861a0770389489) is already imported
2026-10-07 12:48:41.476+00:00 | BftProcessorExecutor-QBFT-0 | INFO  | QbftBesuControllerBuilder | Imported #73 / 327 tx / 4389 pending / 79,124,190 (0.0%) gas / (0x6a946a704997d134b7dabf345b4b7ce8572d90b9ba7df8d514861a0770389489)
2026-10-07 12:48:46.185+00:00 | EthScheduler-Workers-0 | INFO  | PersistBlockTask | Block 74 (0xa86bfec9fb45aa583771817f793894bce08af44b293187107fa8b50870506b43) is already imported
2026-10-07 12:48:46.190+00:00 | BftProcessorExecutor-QBFT-0 | INFO  | QbftBesuControllerBuilder | Imported #74 / 341 tx / 4048 pending / 82,511,770 (0.0%) gas / (0xa86bfec9fb45aa583771817f793894bce08af44b293187107fa8b50870506b43)
2026-10-07 12:48:50.456+00:00 | EthScheduler-Workers-0 | INFO  | PersistBlockTask | Block 75 (0x0de08986614908e8498cb3e1c1080adbed7120fca9a019d5bab74cbb25c776f2) is already imported
2026-10-07 12:48:50.460+00:00 | BftProcessorExecutor-QBFT-0 | INFO  | QbftBesuControllerBuilder | Imported #75 / 296 tx / 3752 pending / 71,623,120 (0.0%) gas / (0x0de08986614908e8498cb3e1c1080adbed7120fca9a019d5bab74cbb25c776f2)
2026-10-07 12:48:55.276+00:00 | EthScheduler-Workers-0 | INFO  | PersistBlockTask | Block 76 (0x5fc3858a30d9c2c288db892f51857d031a72af0162ccddda61ddeb6807f2eaac) is already imported
2026-10-07 12:48:55.282+00:00 | BftProcessorExecutor-QBFT-0 | INFO  | QbftBesuControllerBuilder | Imported #76 / 357 tx / 3395 pending / 86,383,290 (0.0%) gas / (0x5fc3858a30d9c2c288db892f51857d031a72af0162ccddda61ddeb6807f2eaac)
2026-10-07 12:49:00.049+00:00 | EthScheduler-Workers-0 | INFO  | PersistBlockTask | Block 77 (0x11995ef05651d0bef7cf5c330cc602a7ee601bc8d2390773ae6576495668f3e3) is already imported
2026-10-07 12:49:00.053+00:00 | BftProcessorExecutor-QBFT-0 | INFO  | QbftBesuControllerBuilder | Imported #77 / 346 tx / 3049 pending / 83,721,620 (0.0%) gas / (0x11995ef05651d0bef7cf5c330cc602a7ee601bc8d2390773ae6576495668f3e3)
2026-10-07 12:49:04.499+00:00 | BftProcessorExecutor-QBFT-0 | INFO  | QbftBesuControllerBuilder | Imported #78 / 322 tx / 2727 pending / 77,914,340 (0.0%) gas / (0x9cbe99c4d4476132e776ef43a06a4fe5ff7114a6effae04e27cd6022902cefd4)
2026-10-07 12:49:07.761+00:00 | BftProcessorExecutor-QBFT-0 | INFO  | QbftBesuControllerBuilder | Imported #79 / 234 tx / 2493 pending / 56,620,980 (0.0%) gas / (0xc14146bc0d9d3dda43b02ea51ce1155fd35b3206e4efe71f444fec5c8433c4ba)
2026-10-07 12:49:11.217+00:00 | EthScheduler-Workers-0 | INFO  | PersistBlockTask | Block 80 (0x5b9a6c3afee25d9c8a34e439443829684269d4cee505d4243e183e930d2441db) is already imported
2026-10-07 12:49:11.233+00:00 | BftProcessorExecutor-QBFT-0 | INFO  | QbftBesuControllerBuilder | Imported #80 / 249 tx / 2244 pending / 60,250,530 (0.0%) gas / (0x5b9a6c3afee25d9c8a34e439443829684269d4cee505d4243e183e930d2441db)
2026-10-07 12:49:14.181+00:00 | BftProcessorExecutor-QBFT-0 | INFO  | QbftBesuControllerBuilder | Imported #81 / 219 tx / 2025 pending / 52,991,430 (0.0%) gas / (0xfe8242fdd3586ea3cffc868d36bca72a29d4dd100fac6ac0a4e78c898fe27fdb)
2026-10-07 12:49:17.504+00:00 | EthScheduler-Workers-0 | INFO  | PersistBlockTask | Block 82 (0xbdee8de10a1495eb2d6d1885b8e04d4c2e2733c0a497dc77e8cbd10aab9e8164) is already imported
2026-10-07 12:49:17.505+00:00 | BftProcessorExecutor-QBFT-0 | INFO  | QbftBesuControllerBuilder | Produced #82 / 241 tx / 1784 pending / 58,314,770 (0.0%) gas / (0xbdee8de10a1495eb2d6d1885b8e04d4c2e2733c0a497dc77e8cbd10aab9e8164)
2026-10-07 12:49:20.349+00:00 | BftProcessorExecutor-QBFT-0 | INFO  | QbftBesuControllerBuilder | Imported #83 / 208 tx / 1576 pending / 50,329,760 (0.0%) gas / (0x0157760f55d467632a2ecb2c254d3d18ea0b1c4457f5cfe59ebbef9e8d471ceb)
2026-10-07 12:49:23.208+00:00 | EthScheduler-Workers-0 | INFO  | PersistBlockTask | Block 84 (0xbdcb9a2edee558970ee62e7532e9ee59c2e90d31d62579604cf6107d5c92ec4a) is already imported
2026-10-07 12:49:23.210+00:00 | BftProcessorExecutor-QBFT-0 | INFO  | QbftBesuControllerBuilder | Imported #84 / 209 tx / 1367 pending / 50,571,730 (0.0%) gas / (0xbdcb9a2edee558970ee62e7532e9ee59c2e90d31d62579604cf6107d5c92ec4a)
2026-10-07 12:49:26.053+00:00 | EthScheduler-Workers-0 | INFO  | PersistBlockTask | Block 85 (0x89552d9d4c9b97f3acdd0ecd5d1a1b22835a69e95d939a800740d6619fe009b4) is already imported
2026-10-07 12:49:26.055+00:00 | BftProcessorExecutor-QBFT-0 | INFO  | QbftBesuControllerBuilder | Imported #85 / 208 tx / 1159 pending / 50,329,760 (0.0%) gas / (0x89552d9d4c9b97f3acdd0ecd5d1a1b22835a69e95d939a800740d6619fe009b4)
2026-10-07 12:49:29.215+00:00 | EthScheduler-Workers-0 | INFO  | PersistBlockTask | Block 86 (0xb17508904717a1b01c7595395203f74fe7e962183e77ea2f79a5b318c23b3458) is already imported
2026-10-07 12:49:29.217+00:00 | BftProcessorExecutor-QBFT-0 | INFO  | QbftBesuControllerBuilder | Imported #86 / 226 tx / 933 pending / 54,685,220 (0.0%) gas / (0xb17508904717a1b01c7595395203f74fe7e962183e77ea2f79a5b318c23b3458)
2026-10-07 12:49:31.980+00:00 | BftProcessorExecutor-QBFT-0 | INFO  | QbftBesuControllerBuilder | Imported #87 / 210 tx / 723 pending / 50,813,700 (0.0%) gas / (0xf9ad98e9524a33952a5bb5aca7baac9d2f8e83e6b8edbc474ad0bf629ba14ed0)
2026-10-07 12:49:34.964+00:00 | BftProcessorExecutor-QBFT-0 | INFO  | QbftBesuControllerBuilder | Imported #88 / 217 tx / 506 pending / 52,507,490 (0.0%) gas / (0x39fec4cff0b1cddd2e76bbc938ee6071aa7df0e1eec1d295d347721af4997a22)
2026-10-07 12:49:37.514+00:00 | BftProcessorExecutor-QBFT-0 | INFO  | QbftBesuControllerBuilder | Imported #89 / 186 tx / 320 pending / 45,006,420 (0.0%) gas / (0x3f7c16c328b59e307bee506ac0fe25fcb40fc6bcd809dadd88429e3bef2656ab)
2026-10-07 12:49:40.176+00:00 | BftProcessorExecutor-QBFT-0 | INFO  | QbftBesuControllerBuilder | Imported #90 / 192 tx / 128 pending / 46,458,240 (0.0%) gas / (0x5803aa2fdc76a595bfa7b86dedcea86db28ac23da053c19e5d7deace731dd25f)
2026-10-07 12:49:41.355+00:00 | BftProcessorExecutor-QBFT-0 | INFO  | QbftBesuControllerBuilder | Imported #91 / 87 tx / 41 pending / 21,051,390 (0.0%) gas / (0x976b1e311f54eb92b25ef7ce4be20493fd91667f45983defb7861e86bea4e52f)
2026-10-07 12:49:42.636+00:00 | BftProcessorExecutor-QBFT-0 | INFO  | QbftBesuControllerBuilder | Imported #92 / 41 tx / 0 pending / 9,920,770 (0.0%) gas / (0xcdb6b6d37610aafa9aec36118336352ea6853de51572db1726a16851ce03985f)
2026-10-07 12:49:44.083+00:00 | BftProcessorExecutor-QBFT-0 | INFO  | QbftBesuControllerBuilder | Imported #93 / 0 tx / 0 pending / 0 (0.0%) gas / (0x4288e94de6a83e62e1e30ff4b2f4f849379262df6352454bcf168b8759babae6)
2026-10-07 12:49:44.084+00:00 | EthScheduler-Workers-0 | INFO  | PersistBlockTask | Block 93 (0x4288e94de6a83e62e1e30ff4b2f4f849379262df6352454bcf168b8759babae6) is already imported
2026-10-07 12:49:46.090+00:00 | BftProcessorExecutor-QBFT-0 | INFO  | QbftBesuControllerBuilder | Imported #94 / 0 tx / 0 pending / 0 (0.0%) gas / (0x32f92bd9d1d7ea097df6f4da72e10204b9f4abdcc67db462526f6b3d6f4390ed)
2026-10-07 12:49:48.098+00:00 | BftProcessorExecutor-QBFT-0 | INFO  | QbftBesuControllerBuilder | Imported #95 / 0 tx / 0 pending / 0 (0.0%) gas / (0x4e044611b400d669c88b5ab702948c1b4c0787d874a6b35e1958f6c0be74bd12)
2026-10-07 12:49:50.084+00:00 | BftProcessorExecutor-QBFT-0 | INFO  | QbftBesuControllerBuilder | Imported #96 / 0 tx / 0 pending / 0 (0.0%) gas / (0xf964a1d68f3df762b049cd7d656cc0cc5bd391b36592233cf53a19816019ec35)
2026-10-07 12:49:52.094+00:00 | BftProcessorExecutor-QBFT-0 | INFO  | QbftBesuControllerBuilder | Produced #97 / 0 tx / 0 pending / 0 (0.0%) gas / (0xed138b3cd694f4f66ee9e751e71c2e1c4459df04fdf366ad9180238b33c2426d)
2026-10-07 12:49:52.094+00:00 | EthScheduler-Workers-0 | INFO  | PersistBlockTask | Block 97 (0xed138b3cd694f4f66ee9e751e71c2e1c4459df04fdf366ad9180238b33c2426d) is already imported
2026-10-07 12:49:54.094+00:00 | BftProcessorExecutor-QBFT-0 | INFO  | QbftBesuControllerBuilder | Imported #98 / 0 tx / 0 pending / 0 (0.0%) gas / (0x9578bc5d8c22da2338ce522ad4fe8edd4f8757f8d4b0297a2e93eb6d0822bdf3)
2026-10-07 12:49:56.097+00:00 | BftProcessorExecutor-QBFT-0 | INFO  | QbftBesuControllerBuilder | Imported #99 / 0 tx / 0 pending / 0 (0.0%) gas / (0x30b9c5b0c48651e8552edbcaa343cde1814f1f57a38877fd8c3eb397be503473)
2026-10-07 12:49:58.101+00:00 | BftProcessorExecutor-QBFT-0 | INFO  | QbftBesuControllerBuilder | Imported #100 / 0 tx / 0 pending / 0 (0.0%) gas / (0xef87b2f772ba6a6c27b11becc7e7162629638ada2fd85b5c0dfd0ac668f018ab)
2026-10-07 12:50:00.095+00:00 | EthScheduler-Workers-0 | INFO  | PersistBlockTask | Block 101 (0x6863a509d02631a1aafc82cc3306069dd835155c96ea033e439a1ce6b99159d1) is already imported
2026-10-07 12:50:00.095+00:00 | BftProcessorExecutor-QBFT-0 | INFO  | QbftBesuControllerBuilder | Imported #101 / 0 tx / 0 pending / 0 (0.0%) gas / (0x6863a509d02631a1aafc82cc3306069dd835155c96ea033e439a1ce6b99159d1)
2026-10-07 12:50:02.094+00:00 | BftProcessorExecutor-QBFT-0 | INFO  | QbftBesuControllerBuilder | Imported #102 / 0 tx / 0 pending / 0 (0.0%) gas / (0x019ff1c1a7706ff721ac3c4978e6bce17365db9b5ea89153f02400e765f34661)
2026-10-07 12:50:04.090+00:00 | BftProcessorExecutor-QBFT-0 | INFO  | QbftBesuControllerBuilder | Imported #103 / 0 tx / 0 pending / 0 (0.0%) gas / (0x839d050810b292dcf139c5055b34ccc485ab2b0f27c2549a64341b306eba820e)
2026-10-07 12:50:06.092+00:00 | EthScheduler-Workers-0 | INFO  | PersistBlockTask | Block 104 (0xe469902bf449b107473e68aeef82951c5f9f22209579a00d66e5a93a75a1598b) is already imported
2026-10-07 12:50:06.092+00:00 | BftProcessorExecutor-QBFT-0 | INFO  | QbftBesuControllerBuilder | Imported #104 / 0 tx / 0 pending / 0 (0.0%) gas / (0xe469902bf449b107473e68aeef82951c5f9f22209579a00d66e5a93a75a1598b)
2026-10-07 12:50:08.087+00:00 | EthScheduler-Workers-0 | INFO  | PersistBlockTask | Block 105 (0x609148c37446806b3692506d8ce16be025c0a64130577204ce09339e47950546) is already imported
2026-10-07 12:50:08.087+00:00 | BftProcessorExecutor-QBFT-0 | INFO  | QbftBesuControllerBuilder | Imported #105 / 0 tx / 0 pending / 0 (0.0%) gas / (0x609148c37446806b3692506d8ce16be025c0a64130577204ce09339e47950546)
2026-10-07 12:50:10.089+00:00 | BftProcessorExecutor-QBFT-0 | INFO  | QbftBesuControllerBuilder | Imported #106 / 0 tx / 0 pending / 0 (0.0%) gas / (0x17f329d28b27edf0ed0cd0aff3bdecbcd94e3cbd81fba5fc840516647b414563)
2026-10-07 12:50:12.087+00:00 | BftProcessorExecutor-QBFT-0 | INFO  | QbftBesuControllerBuilder | Imported #107 / 0 tx / 0 pending / 0 (0.0%) gas / (0x0f8be671b8a23e592fa2bc7972840113efe402f8ed6f565c7b7ebbf15f2353a7)
2026-10-07 12:50:14.083+00:00 | BftProcessorExecutor-QBFT-0 | INFO  | QbftBesuControllerBuilder | Imported #108 / 0 tx / 0 pending / 0 (0.0%) gas / (0x3f23f4a318920f38e06798d4122cdd2a5b27240c46dbac25f78e43f5d1fa48e7)
2026-10-07 12:50:16.094+00:00 | BftProcessorExecutor-QBFT-0 | INFO  | QbftBesuControllerBuilder | Imported #109 / 0 tx / 0 pending / 0 (0.0%) gas / (0x7c622cdeb6fa2641e1adef0254dad4dcbdd8c18e7b1303f75ca6c020bab97488)
2026-10-07 12:50:18.092+00:00 | BftProcessorExecutor-QBFT-0 | INFO  | QbftBesuControllerBuilder | Imported #110 / 0 tx / 0 pending / 0 (0.0%) gas / (0x2e21f01c560c8d69ed94e5ddd777304c49cc5c1d7ce7f8c92f3143702d27a3c7)
2026-10-07 12:50:20.093+00:00 | EthScheduler-Workers-0 | INFO  | PersistBlockTask | Imported #111 / 0 tx / 0 om / 0 (0.0%) gas / (0x65c9452b4f38384fc4ccfa703c37d184132c5b2dc9326acfdf49a7eabca1c08b) in 0.003s. Peers: 14
2026-10-07 12:50:20.093+00:00 | BftProcessorExecutor-QBFT-0 | INFO  | QbftBesuControllerBuilder | Imported #111 / 0 tx / 0 pending / 0 (0.0%) gas / (0x65c9452b4f38384fc4ccfa703c37d184132c5b2dc9326acfdf49a7eabca1c08b)
2026-10-07 12:50:22.106+00:00 | BftProcessorExecutor-QBFT-0 | INFO  | QbftBesuControllerBuilder | Produced #112 / 0 tx / 0 pending / 0 (0.0%) gas / (0x323da7656ca78f12e35cfcb80325376e80ec3a37082eef75d421914100f6d6b8)
2026-10-07 12:50:24.087+00:00 | EthScheduler-Workers-0 | INFO  | PersistBlockTask | Block 113 (0x28d7b51ae02070d3726b2cc531f1ab37d910217566085fedf3c73a87d4496c19) is already imported
2026-10-07 12:50:24.087+00:00 | BftProcessorExecutor-QBFT-0 | INFO  | QbftBesuControllerBuilder | Imported #113 / 0 tx / 0 pending / 0 (0.0%) gas / (0x28d7b51ae02070d3726b2cc531f1ab37d910217566085fedf3c73a87d4496c19)
2026-10-07 12:50:26.093+00:00 | BftProcessorExecutor-QBFT-0 | INFO  | QbftBesuControllerBuilder | Imported #114 / 0 tx / 0 pending / 0 (0.0%) gas / (0x88304ba88053c54aab9c16c58215dca1e98221f7cb9d7950f7e987d0fda86116)
2026-10-07 12:50:26.093+00:00 | EthScheduler-Workers-0 | INFO  | PersistBlockTask | Block 114 (0x88304ba88053c54aab9c16c58215dca1e98221f7cb9d7950f7e987d0fda86116) is already imported
2026-10-07 12:50:28.099+00:00 | EthScheduler-Workers-0 | INFO  | PersistBlockTask | Block 115 (0x7cd8ed8815257f940a8e31046d47746adc4db8e6127b55782d96aa7ed3472c06) is already imported
2026-10-07 12:50:28.099+00:00 | BftProcessorExecutor-QBFT-0 | INFO  | QbftBesuControllerBuilder | Imported #115 / 0 tx / 0 pending / 0 (0.0%) gas / (0x7cd8ed8815257f940a8e31046d47746adc4db8e6127b55782d96aa7ed3472c06)
2026-10-07 12:50:30.087+00:00 | BftProcessorExecutor-QBFT-0 | INFO  | QbftBesuControllerBuilder | Imported #116 / 0 tx / 0 pending / 0 (0.0%) gas / (0x07cd9d815ac40d0e2e6908c039a8f4d7c15b844bffd3f0bd2513d134fd1324c5)
2026-10-07 12:50:32.096+00:00 | BftProcessorExecutor-QBFT-0 | INFO  | QbftBesuControllerBuilder | Imported #117 / 0 tx / 0 pending / 0 (0.0%) gas / (0x55ae919587c65a40bafa403794d3de9eeb47e14d5dd557ff08fed5561425fa03)
2026-10-07 12:50:34.088+00:00 | BftProcessorExecutor-QBFT-0 | INFO  | QbftBesuControllerBuilder | Imported #118 / 0 tx / 0 pending / 0 (0.0%) gas / (0x19e17d0fd680ec48d3ff59e2d66626fce6dd23069078e5f4083e60a603b24802)
2026-10-07 12:50:36.095+00:00 | BftProcessorExecutor-QBFT-0 | INFO  | QbftBesuControllerBuilder | Imported #119 / 0 tx / 0 pending / 0 (0.0%) gas / (0xfe2442cfbd56ac81359395d5eea40683c666e8fec183f5bbcabf63683a8ed065)
2026-10-07 12:50:38.094+00:00 | EthScheduler-Workers-0 | INFO  | PersistBlockTask | Block 120 (0x47a60abda7f53d234531007db4199ae799301a6c004858c1557549375e3d4b4e) is already imported
2026-10-07 12:50:38.094+00:00 | BftProcessorExecutor-QBFT-0 | INFO  | QbftBesuControllerBuilder | Imported #120 / 0 tx / 0 pending / 0 (0.0%) gas / (0x47a60abda7f53d234531007db4199ae799301a6c004858c1557549375e3d4b4e)
2026-10-07 12:50:40.100+00:00 | BftProcessorExecutor-QBFT-0 | INFO  | QbftBesuControllerBuilder | Imported #121 / 0 tx / 0 pending / 0 (0.0%) gas / (0x597ef43fc46e5a3875c169d74b7839874253cd39dd038ce713ed9059a5a239e3)
2026-10-07 12:50:42.094+00:00 | BftProcessorExecutor-QBFT-0 | INFO  | QbftBesuControllerBuilder | Imported #122 / 0 tx / 0 pending / 0 (0.0%) gas / (0x539552b61945c5a8a13cdf55ba7986ed816be36ab1f967d9febf4e155235c566)
2026-10-07 12:50:44.078+00:00 | BftProcessorExecutor-QBFT-0 | INFO  | QbftBesuControllerBuilder | Imported #123 / 0 tx / 0 pending / 0 (0.0%) gas / (0xf0f6048b9856f1e277d0722388512ba73695c61c2562ee9c4c261612a6bab157)
2026-10-07 12:50:44.078+00:00 | EthScheduler-Workers-0 | INFO  | PersistBlockTask | Block 123 (0xf0f6048b9856f1e277d0722388512ba73695c61c2562ee9c4c261612a6bab157) is already imported
2026-10-07 12:50:46.085+00:00 | EthScheduler-Workers-0 | INFO  | PersistBlockTask | Block 124 (0xe398caa1afe5ba5bc46ddfa7d43de34524743c95a780ca0ae189e1ba3f98fc00) is already imported
2026-10-07 12:50:46.085+00:00 | BftProcessorExecutor-QBFT-0 | INFO  | QbftBesuControllerBuilder | Imported #124 / 0 tx / 0 pending / 0 (0.0%) gas / (0xe398caa1afe5ba5bc46ddfa7d43de34524743c95a780ca0ae189e1ba3f98fc00)
2026-10-07 12:50:48.083+00:00 | BftProcessorExecutor-QBFT-0 | INFO  | QbftBesuControllerBuilder | Imported #125 / 0 tx / 0 pending / 0 (0.0%) gas / (0xc8290cb32d19d6852a127a52f89b2c4c2eb60b156103123199868088274fbbd6)
2026-10-07 12:50:50.098+00:00 | BftProcessorExecutor-QBFT-0 | INFO  | QbftBesuControllerBuilder | Imported #126 / 0 tx / 0 pending / 0 (0.0%) gas / (0x09ef1ad03aed50c4ce1a62e1944c627f8d38164f381d15a1d1116928f36f0cd8)
2026-10-07 12:50:50.098+00:00 | EthScheduler-Workers-0 | INFO  | PersistBlockTask | Block 126 (0x09ef1ad03aed50c4ce1a62e1944c627f8d38164f381d15a1d1116928f36f0cd8) is already imported
2026-10-07 12:50:52.097+00:00 | BftProcessorExecutor-QBFT-0 | INFO  | QbftBesuControllerBuilder | Produced #127 / 0 tx / 0 pending / 0 (0.0%) gas / (0x45b74da61a362be701ac05874c99346d35bc8faf5b1499b2e89812948548ca04)
2026-10-07 12:50:54.073+00:00 | BftProcessorExecutor-QBFT-0 | INFO  | QbftBesuControllerBuilder | Imported #128 / 0 tx / 0 pending / 0 (0.0%) gas / (0x4bf13b41cf6a79e3874cf2cf3b44af883ad6d99b8ceb63f104a1dc08d41f0d5f)
2026-10-07 12:50:56.095+00:00 | BftProcessorExecutor-QBFT-0 | INFO  | QbftBesuControllerBuilder | Imported #129 / 0 tx / 0 pending / 0 (0.0%) gas / (0xfaad5c6f1eec2b1b41809d693cae975db9c44f42190b4f1f7c54e01212be7f2d)
2026-10-07 12:50:58.090+00:00 | BftProcessorExecutor-QBFT-0 | INFO  | QbftBesuControllerBuilder | Imported #130 / 0 tx / 0 pending / 0 (0.0%) gas / (0xfb49311cbaa3ef22f545c55b3b7c61a0c9c0468fecc8f46aa556b4412391bdae)
2026-10-07 12:51:00.099+00:00 | EthScheduler-Workers-0 | INFO  | PersistBlockTask | Block 131 (0x76f6bedf2db2bd7d3fd427e1cb7fa6ac17de328984ccc9e12968223a114cf613) is already imported
2026-10-07 12:51:00.099+00:00 | BftProcessorExecutor-QBFT-0 | INFO  | QbftBesuControllerBuilder | Imported #131 / 0 tx / 0 pending / 0 (0.0%) gas / (0x76f6bedf2db2bd7d3fd427e1cb7fa6ac17de328984ccc9e12968223a114cf613)
2026-10-07 12:51:02.090+00:00 | BftProcessorExecutor-QBFT-0 | INFO  | QbftBesuControllerBuilder | Imported #132 / 0 tx / 0 pending / 0 (0.0%) gas / (0xac00b53ef7bb40866410169a25bad1a8de29a6b37a6141ed483d69fa9b6f9672)
2026-10-07 12:51:04.076+00:00 | BftProcessorExecutor-QBFT-0 | INFO  | QbftBesuControllerBuilder | Imported #133 / 0 tx / 0 pending / 0 (0.0%) gas / (0x914ade4d3dfb086b621c5567b2e0c773e14cc440cb2caf1a5792d4d6e59657da)
2026-10-07 12:51:06.094+00:00 | BftProcessorExecutor-QBFT-0 | INFO  | QbftBesuControllerBuilder | Imported #134 / 0 tx / 0 pending / 0 (0.0%) gas / (0xa675c11c00c230719a85194457c8061272a3907f57bbaa1dc48738fc209acc48)
2026-10-07 12:51:08.090+00:00 | BftProcessorExecutor-QBFT-0 | INFO  | QbftBesuControllerBuilder | Imported #135 / 0 tx / 0 pending / 0 (0.0%) gas / (0x9dd1d8c9187afc444ecfc7c8488d9c6fbc376610c21cd433b17c11882e0a8f95)
2026-10-07 12:51:10.095+00:00 | BftProcessorExecutor-QBFT-0 | INFO  | QbftBesuControllerBuilder | Imported #136 / 0 tx / 0 pending / 0 (0.0%) gas / (0x81b0084a83301542923bf830638a599376630a60753020bf57ba9dc131283d01)
2026-10-07 12:51:12.087+00:00 | BftProcessorExecutor-QBFT-0 | INFO  | QbftBesuControllerBuilder | Imported #137 / 0 tx / 0 pending / 0 (0.0%) gas / (0xe8b8d8e0096a743bc54caa6947918dd8c508bde69652a02a34a1045c595240c7)
2026-10-07 12:51:14.097+00:00 | BftProcessorExecutor-QBFT-0 | INFO  | QbftBesuControllerBuilder | Imported #138 / 0 tx / 0 pending / 0 (0.0%) gas / (0x02ede0a3fa2570a1041b130ea1b2dfeef854f1a0c9f4d21ae2faaf178ec1941b)
2026-10-07 12:51:16.094+00:00 | EthScheduler-Workers-0 | INFO  | PersistBlockTask | Block 139 (0xe50cde22ca804ebb2d254656bc70f8fc764918554e2eb3425a422255cb5d5009) is already imported
2026-10-07 12:51:16.094+00:00 | BftProcessorExecutor-QBFT-0 | INFO  | QbftBesuControllerBuilder | Imported #139 / 0 tx / 0 pending / 0 (0.0%) gas / (0xe50cde22ca804ebb2d254656bc70f8fc764918554e2eb3425a422255cb5d5009)
2026-10-07 12:51:18.092+00:00 | BftProcessorExecutor-QBFT-0 | INFO  | QbftBesuControllerBuilder | Imported #140 / 0 tx / 0 pending / 0 (0.0%) gas / (0x0c73677561d624c8a665d28664353ac014bf622342c70cc022b6604acc18f05e)
2026-10-07 12:51:20.084+00:00 | EthScheduler-Workers-0 | INFO  | PersistBlockTask | Block 141 (0x13bb6b8f3eac382e85cb7d0316b8664c5ab83eec738de5954d4251a487e3925a) is already imported
2026-10-07 12:51:20.084+00:00 | BftProcessorExecutor-QBFT-0 | INFO  | QbftBesuControllerBuilder | Imported #141 / 0 tx / 0 pending / 0 (0.0%) gas / (0x13bb6b8f3eac382e85cb7d0316b8664c5ab83eec738de5954d4251a487e3925a)
2026-10-07 12:51:22.083+00:00 | EthScheduler-Workers-0 | INFO  | PersistBlockTask | Block 142 (0x12670e16d2c9e26bdbe2a0ed82a5a134b7af827522d4170ca0846ec998204340) is already imported
2026-10-07 12:51:22.084+00:00 | BftProcessorExecutor-QBFT-0 | INFO  | QbftBesuControllerBuilder | Produced #142 / 0 tx / 0 pending / 0 (0.0%) gas / (0x12670e16d2c9e26bdbe2a0ed82a5a134b7af827522d4170ca0846ec998204340)
2026-10-07 12:51:24.085+00:00 | BftProcessorExecutor-QBFT-0 | INFO  | QbftBesuControllerBuilder | Imported #143 / 0 tx / 0 pending / 0 (0.0%) gas / (0x6f09d0356c24a8b740697f7939928f6d4657678c7193970bd6361ed4016fd2a4)
2026-10-07 12:51:26.102+00:00 | BftProcessorExecutor-QBFT-0 | INFO  | QbftBesuControllerBuilder | Imported #144 / 0 tx / 0 pending / 0 (0.0%) gas / (0xf24f8db5682eeb07ce589443d36284271d938449afa2c2d7c9d6b3d85ac74430)
2026-10-07 12:51:28.085+00:00 | BftProcessorExecutor-QBFT-0 | INFO  | QbftBesuControllerBuilder | Imported #145 / 0 tx / 0 pending / 0 (0.0%) gas / (0x3b814008d17a79c595bcf472a684cc0a899a28664adf34c6c86913ce6c8d0a37)
2026-10-07 12:51:30.087+00:00 | BftProcessorExecutor-QBFT-0 | INFO  | QbftBesuControllerBuilder | Imported #146 / 0 tx / 0 pending / 0 (0.0%) gas / (0x4909898369abbf372164fe51f3fbe34ee052ac78db2b065898c754dca4168b29)
2026-10-07 12:51:32.074+00:00 | BftProcessorExecutor-QBFT-0 | INFO  | QbftBesuControllerBuilder | Imported #147 / 0 tx / 0 pending / 0 (0.0%) gas / (0x71db1498664e0efd1ee26e17224ef199612cac66ecac0a3a0b3428ca5094baec)
2026-10-07 12:51:34.092+00:00 | BftProcessorExecutor-QBFT-0 | INFO  | QbftBesuControllerBuilder | Imported #148 / 0 tx / 0 pending / 0 (0.0%) gas / (0xb4c1f1989f84b611b7f9c10367c4c31571d8ad51b18b3d2a47c5e008ff2c2685)
2026-10-07 12:51:36.088+00:00 | BftProcessorExecutor-QBFT-0 | INFO  | QbftBesuControllerBuilder | Imported #149 / 0 tx / 0 pending / 0 (0.0%) gas / (0x31af17db110c31236dc3d92e2493ce8d2e79af9186adba730668a154f3aab690)
2026-10-07 12:51:38.086+00:00 | BftProcessorExecutor-QBFT-0 | INFO  | QbftBesuControllerBuilder | Imported #150 / 0 tx / 0 pending / 0 (0.0%) gas / (0x59b32866b77aa3c04d825854cc78867d95f40d7762e1cb516bdfadedcda9898b)
2026-10-07 12:51:40.104+00:00 | BftProcessorExecutor-QBFT-0 | INFO  | QbftBesuControllerBuilder | Imported #151 / 0 tx / 0 pending / 0 (0.0%) gas / (0x39660d988294c3abe1ca806d418570d2c63a948a63734e6d64bf872ee8b08fe8)
2026-10-07 12:51:42.090+00:00 | BftProcessorExecutor-QBFT-0 | INFO  | QbftBesuControllerBuilder | Imported #152 / 0 tx / 0 pending / 0 (0.0%) gas / (0x8d3dbb86f639c85fda69c9d7b0810afdcb2116ef6737a3f60f1b4e27e3f6f10a)
2026-10-07 12:51:44.087+00:00 | BftProcessorExecutor-QBFT-0 | INFO  | QbftBesuControllerBuilder | Imported #153 / 0 tx / 0 pending / 0 (0.0%) gas / (0x77153c995c2ba3fc9c9f87e7b48c3358c0c673b8de587e4145e5672a47a926f2)
2026-10-07 12:51:46.094+00:00 | BftProcessorExecutor-QBFT-0 | INFO  | QbftBesuControllerBuilder | Imported #154 / 0 tx / 0 pending / 0 (0.0%) gas / (0x6e1a8a2e3ae7574e27b87f3447047cae24f4f13bd41f717388cbca9759b7753d)
2026-10-07 12:51:46.098+00:00 | EthScheduler-Workers-0 | INFO  | PersistBlockTask | Block 154 (0x6e1a8a2e3ae7574e27b87f3447047cae24f4f13bd41f717388cbca9759b7753d) is already imported
2026-10-07 12:51:48.089+00:00 | BftProcessorExecutor-QBFT-0 | INFO  | QbftBesuControllerBuilder | Imported #155 / 0 tx / 0 pending / 0 (0.0%) gas / (0xefa434185630305fcf5b7a203e930e0277cc04335d939050af65095c76697494)
2026-10-07 12:51:50.110+00:00 | BftProcessorExecutor-QBFT-0 | INFO  | QbftBesuControllerBuilder | Imported #156 / 0 tx / 0 pending / 0 (0.0%) gas / (0xa77c49724d9a8e5143b032ec82270dee3febf235557963081cef562e81eada99)
2026-10-07 12:51:52.085+00:00 | EthScheduler-Workers-0 | INFO  | PersistBlockTask | Block 157 (0xf2c5f8f5640fe1126cfdcaddfdd8e78fd8363a0bfbfc3751ab3a92741bfc900a) is already imported
2026-10-07 12:51:52.085+00:00 | BftProcessorExecutor-QBFT-0 | INFO  | QbftBesuControllerBuilder | Produced #157 / 0 tx / 0 pending / 0 (0.0%) gas / (0xf2c5f8f5640fe1126cfdcaddfdd8e78fd8363a0bfbfc3751ab3a92741bfc900a)
2026-10-07 12:51:54.092+00:00 | BftProcessorExecutor-QBFT-0 | INFO  | QbftBesuControllerBuilder | Imported #158 / 0 tx / 0 pending / 0 (0.0%) gas / (0x5ff01c02accef2fd8f8095ce3e3d35abba4598383b36939f5e33be4ce1addbc5)
2026-10-07 12:51:56.085+00:00 | BftProcessorExecutor-QBFT-0 | INFO  | QbftBesuControllerBuilder | Imported #159 / 0 tx / 0 pending / 0 (0.0%) gas / (0x389311b76632dd828638b239f7a3bc792a34e78610c9e2d7552e2b459e4a0024)
2026-10-07 12:51:58.089+00:00 | BftProcessorExecutor-QBFT-0 | INFO  | QbftBesuControllerBuilder | Imported #160 / 0 tx / 0 pending / 0 (0.0%) gas / (0x8102a9edb60e53dbfee64cbc03b0e2cfedd3e8db17a0f1d8a18e6765e5f9f47c)
2026-10-07 12:52:00.087+00:00 | BftProcessorExecutor-QBFT-0 | INFO  | QbftBesuControllerBuilder | Imported #161 / 0 tx / 0 pending / 0 (0.0%) gas / (0xa6f9d55189423bb504ca3dc2735f96a88d7ed86e5dd058475cd4b3dcd79e5d67)
2026-10-07 12:52:02.092+00:00 | BftProcessorExecutor-QBFT-0 | INFO  | QbftBesuControllerBuilder | Imported #162 / 0 tx / 0 pending / 0 (0.0%) gas / (0xc9129405f0112cb67e199ec26fcf0dd8dada924d0374d80ba3233d8430fc6a48)
2026-10-07 12:52:04.093+00:00 | BftProcessorExecutor-QBFT-0 | INFO  | QbftBesuControllerBuilder | Imported #163 / 0 tx / 0 pending / 0 (0.0%) gas / (0xa3423e049315caadddcce240a60fce4300bd00f06f546e4bd32eadfb86c195c4)
2026-10-07 12:52:06.089+00:00 | BftProcessorExecutor-QBFT-0 | INFO  | QbftBesuControllerBuilder | Imported #164 / 0 tx / 0 pending / 0 (0.0%) gas / (0x0172e44710895010aecccfc01f4f5b6b583bcbbed37b942ecb9b359f35446892)
2026-10-07 12:52:08.094+00:00 | BftProcessorExecutor-QBFT-0 | INFO  | QbftBesuControllerBuilder | Imported #165 / 0 tx / 0 pending / 0 (0.0%) gas / (0x5763b8d5bf6c5510b3630cee5ba5600ab15a1550c567e5df54de43b52c6c6a34)
2026-10-07 12:52:10.093+00:00 | BftProcessorExecutor-QBFT-0 | INFO  | QbftBesuControllerBuilder | Imported #166 / 0 tx / 0 pending / 0 (0.0%) gas / (0xc4a6e4d55f1320939a417a82fb7a74cc641264c630ad8aea4064a20f987f618a)
2026-10-07 12:52:12.093+00:00 | BftProcessorExecutor-QBFT-0 | INFO  | QbftBesuControllerBuilder | Imported #167 / 0 tx / 0 pending / 0 (0.0%) gas / (0x0583833aee9d893bf626c8a01754bf414f7b5995c2364f827cec357b063d9a2d)
2026-10-07 12:52:14.098+00:00 | BftProcessorExecutor-QBFT-0 | INFO  | QbftBesuControllerBuilder | Imported #168 / 0 tx / 0 pending / 0 (0.0%) gas / (0xc2ea7beeb090d6038c2a5750c9d671cff3679e98a7b0803733eb3ba6c3b39c16)
2026-10-07 12:52:16.096+00:00 | BftProcessorExecutor-QBFT-0 | INFO  | QbftBesuControllerBuilder | Imported #169 / 0 tx / 0 pending / 0 (0.0%) gas / (0x1c79fd44770cb28c6449ce2c6ebc4e5689c4808d0fedc4954d808d6b2840e505)
2026-10-07 12:52:18.090+00:00 | BftProcessorExecutor-QBFT-0 | INFO  | QbftBesuControllerBuilder | Imported #170 / 0 tx / 0 pending / 0 (0.0%) gas / (0xe5b5635510ed562aa61dbc0d53f246f1c5dee7bb8c68bcd924410efd7270830b)
2026-10-07 12:52:20.100+00:00 | BftProcessorExecutor-QBFT-0 | INFO  | QbftBesuControllerBuilder | Imported #171 / 0 tx / 0 pending / 0 (0.0%) gas / (0x98d5c646c8fedd0cbf67d5c6593b932d6786805c20851bb6049f2fdbacc374a6)
2026-10-07 12:52:22.158+00:00 | EthScheduler-Workers-0 | INFO  | PersistBlockTask | Block 172 (0xf1dfbbc7f7b773d7a12293fc176247999b0d6b91c101381d89f335076cc244b8) is already imported
2026-10-07 12:52:22.158+00:00 | BftProcessorExecutor-QBFT-0 | INFO  | QbftBesuControllerBuilder | Produced #172 / 1 tx / 7 pending / 153,630 (0.0%) gas / (0xf1dfbbc7f7b773d7a12293fc176247999b0d6b91c101381d89f335076cc244b8)
2026-10-07 12:52:24.094+00:00 | EthScheduler-Workers-0 | INFO  | PersistBlockTask | Imported #173 / 0 tx / 0 om / 0 (0.0%) gas / (0xdbd686555c251a5877e47e1ec7a9400cb10730f82cbe073f87995ccc6d1dc1c2) in 0.002s. Peers: 14
2026-10-07 12:52:24.094+00:00 | BftProcessorExecutor-QBFT-0 | INFO  | QbftBesuControllerBuilder | Imported #173 / 0 tx / 7 pending / 0 (0.0%) gas / (0xdbd686555c251a5877e47e1ec7a9400cb10730f82cbe073f87995ccc6d1dc1c2)
2026-10-07 12:52:26.103+00:00 | BftProcessorExecutor-QBFT-0 | INFO  | QbftBesuControllerBuilder | Imported #174 / 0 tx / 7 pending / 0 (0.0%) gas / (0xd004ef6da08b76db044c5d5f87d189c81b721280e31dc8e62df21e66e59fe6a2)
2026-10-07 12:52:28.084+00:00 | BftProcessorExecutor-QBFT-0 | INFO  | QbftBesuControllerBuilder | Imported #175 / 0 tx / 7 pending / 0 (0.0%) gas / (0xb644ad712dc8ae4def622f0c9b43c6a0958b9837b64c07bd99e1dde4e128f992)
2026-10-07 12:52:30.089+00:00 | BftProcessorExecutor-QBFT-0 | INFO  | QbftBesuControllerBuilder | Imported #176 / 0 tx / 7 pending / 0 (0.0%) gas / (0x688e95edd2eaff3585ca58ee8acbc4a2335c7665bf1828aa250e6e51fab5eaee)
2026-10-07 12:52:32.090+00:00 | BftProcessorExecutor-QBFT-0 | INFO  | QbftBesuControllerBuilder | Imported #177 / 0 tx / 7 pending / 0 (0.0%) gas / (0x3f7f45f6089e669b7f8e92433fa965e76a2a1a6f763f65b02b69a06857ff2a73)
2026-10-07 12:52:34.086+00:00 | BftProcessorExecutor-QBFT-0 | INFO  | QbftBesuControllerBuilder | Imported #178 / 0 tx / 7 pending / 0 (0.0%) gas / (0xa9326b8c1ee4e128d6cf61684efc3effa62a25a86f3b8623adafc021272634df)
2026-10-07 12:52:36.095+00:00 | BftProcessorExecutor-QBFT-0 | INFO  | QbftBesuControllerBuilder | Imported #179 / 0 tx / 7 pending / 0 (0.0%) gas / (0xf2372a9d5131866a87aaa4809888e834e8a48e0c2792b03b087216513bdaa645)
2026-10-07 12:52:38.098+00:00 | EthScheduler-Workers-0 | INFO  | PersistBlockTask | Block 180 (0xa38ed0a3acb5a0c87e5b2c13ff2f041609de4544ecca17c4a2708a72234feb3f) is already imported
2026-10-07 12:52:38.098+00:00 | BftProcessorExecutor-QBFT-0 | INFO  | QbftBesuControllerBuilder | Imported #180 / 1 tx / 6 pending / 153,650 (0.0%) gas / (0xa38ed0a3acb5a0c87e5b2c13ff2f041609de4544ecca17c4a2708a72234feb3f)
2026-10-07 12:52:40.098+00:00 | EthScheduler-Workers-0 | INFO  | PersistBlockTask | Block 181 (0xccd61c811b5edb2967501d214a4ae84bf153c5ecfb4776db068367ecdb1b5ff2) is already imported
2026-10-07 12:52:40.099+00:00 | BftProcessorExecutor-QBFT-0 | INFO  | QbftBesuControllerBuilder | Imported #181 / 1 tx / 5 pending / 153,630 (0.0%) gas / (0xccd61c811b5edb2967501d214a4ae84bf153c5ecfb4776db068367ecdb1b5ff2)
2026-10-07 12:52:42.094+00:00 | BftProcessorExecutor-QBFT-0 | INFO  | QbftBesuControllerBuilder | Imported #182 / 1 tx / 4 pending / 153,650 (0.0%) gas / (0x98a38404560233d7f3baf7919c68c7b84e3bcae101d1db9eb4b87c0ca1c8057e)
2026-10-07 12:52:44.080+00:00 | BftProcessorExecutor-QBFT-0 | INFO  | QbftBesuControllerBuilder | Imported #183 / 1 tx / 3 pending / 153,650 (0.0%) gas / (0x5f5a6fafb9d9bee788e7cae45cb1e664f899d131b737185f4a2397d65b796672)
2026-10-07 12:52:46.095+00:00 | EthScheduler-Workers-0 | INFO  | PersistBlockTask | Block 184 (0x10a480e1dab1e03f024a04f4b5ee49d7e6e5d5793c238b211cfb2451f8cadabf) is already imported
2026-10-07 12:52:46.095+00:00 | BftProcessorExecutor-QBFT-0 | INFO  | QbftBesuControllerBuilder | Imported #184 / 1 tx / 2 pending / 153,618 (0.0%) gas / (0x10a480e1dab1e03f024a04f4b5ee49d7e6e5d5793c238b211cfb2451f8cadabf)
2026-10-07 12:52:48.091+00:00 | BftProcessorExecutor-QBFT-0 | INFO  | QbftBesuControllerBuilder | Imported #185 / 1 tx / 1 pending / 153,618 (0.0%) gas / (0x40644c06286f1c0421d8b7c70b126f32e3cae76cba3525ead64d7d0b7a745729)
2026-10-07 12:52:50.100+00:00 | EthScheduler-Workers-0 | INFO  | PersistBlockTask | Block 186 (0x04b184956886cdc9fb9ec293165734a1bc77dda81fd8685ea11015dd75f1dd5b) is already imported
2026-10-07 12:52:50.100+00:00 | BftProcessorExecutor-QBFT-0 | INFO  | QbftBesuControllerBuilder | Imported #186 / 1 tx / 0 pending / 153,630 (0.0%) gas / (0x04b184956886cdc9fb9ec293165734a1bc77dda81fd8685ea11015dd75f1dd5b)
2026-10-07 12:52:52.090+00:00 | EthScheduler-Workers-0 | INFO  | PersistBlockTask | Block 187 (0xbbd5ea064dac0cc876b0d5d524be70697983c86dc14fd63d9c54ca8c0f686c9b) is already imported
2026-10-07 12:52:52.091+00:00 | BftProcessorExecutor-QBFT-0 | INFO  | QbftBesuControllerBuilder | Produced #187 / 0 tx / 0 pending / 0 (0.0%) gas / (0xbbd5ea064dac0cc876b0d5d524be70697983c86dc14fd63d9c54ca8c0f686c9b)
2026-10-07 12:52:54.080+00:00 | BftProcessorExecutor-QBFT-0 | INFO  | QbftBesuControllerBuilder | Imported #188 / 0 tx / 0 pending / 0 (0.0%) gas / (0x1d7cf6c1601ee7201be2e17bbcece61d1a5157510f35f8d7095b51477352cd77)
2026-10-07 12:52:56.087+00:00 | EthScheduler-Workers-0 | INFO  | PersistBlockTask | Block 189 (0x77ea4554e0c89e7221b96066e3b045d677f6fcb89cb3cbc745a096a32a35e5cb) is already imported
2026-10-07 12:52:56.087+00:00 | BftProcessorExecutor-QBFT-0 | INFO  | QbftBesuControllerBuilder | Imported #189 / 0 tx / 0 pending / 0 (0.0%) gas / (0x77ea4554e0c89e7221b96066e3b045d677f6fcb89cb3cbc745a096a32a35e5cb)
2026-10-07 12:52:58.097+00:00 | BftProcessorExecutor-QBFT-0 | INFO  | QbftBesuControllerBuilder | Imported #190 / 0 tx / 0 pending / 0 (0.0%) gas / (0x32e5244c92698a4dd9055ce1e6aadebc1f8fae9abef682a4ac52415f2fe355ca)
2026-10-07 12:53:00.087+00:00 | EthScheduler-Workers-0 | INFO  | PersistBlockTask | Block 191 (0xf82fb5aecacccc0b52013966af4cc35924f52a9c3a51de51257555b8873479c1) is already imported
2026-10-07 12:53:00.087+00:00 | BftProcessorExecutor-QBFT-0 | INFO  | QbftBesuControllerBuilder | Imported #191 / 0 tx / 0 pending / 0 (0.0%) gas / (0xf82fb5aecacccc0b52013966af4cc35924f52a9c3a51de51257555b8873479c1)
2026-10-07 12:53:02.069+00:00 | BftProcessorExecutor-QBFT-0 | INFO  | QbftBesuControllerBuilder | Imported #192 / 0 tx / 0 pending / 0 (0.0%) gas / (0x298154d696e11bd7e157723600408b9976769822f6cae34774ee84eb26516c4d)
2026-10-07 12:53:04.086+00:00 | EthScheduler-Workers-0 | INFO  | PersistBlockTask | Block 193 (0xce4e12d66156338aafdd271b37fa292ed0e132c7f76cd1a00e1c318771a04950) is already imported
2026-10-07 12:53:04.086+00:00 | BftProcessorExecutor-QBFT-0 | INFO  | QbftBesuControllerBuilder | Imported #193 / 0 tx / 0 pending / 0 (0.0%) gas / (0xce4e12d66156338aafdd271b37fa292ed0e132c7f76cd1a00e1c318771a04950)
2026-10-07 12:53:06.067+00:00 | BftProcessorExecutor-QBFT-0 | INFO  | QbftBesuControllerBuilder | Imported #194 / 0 tx / 0 pending / 0 (0.0%) gas / (0x44b29b238d342d44d5e29a80ef75a4c7c916705904acae886abd1f65cc515390)
2026-10-07 12:53:08.087+00:00 | BftProcessorExecutor-QBFT-0 | INFO  | QbftBesuControllerBuilder | Imported #195 / 0 tx / 0 pending / 0 (0.0%) gas / (0x2b5efe1a621f6f0d74cf76456ea720966c7814d8a7fab6acf3bd081adad82995)
2026-10-07 12:53:08.088+00:00 | EthScheduler-Workers-0 | INFO  | PersistBlockTask | Block 195 (0x2b5efe1a621f6f0d74cf76456ea720966c7814d8a7fab6acf3bd081adad82995) is already imported
2026-10-07 12:53:10.068+00:00 | BftProcessorExecutor-QBFT-0 | INFO  | QbftBesuControllerBuilder | Imported #196 / 0 tx / 0 pending / 0 (0.0%) gas / (0x849a5818e39fc077edda530536c922d1b4660a51227b4aceeb03df82f406b889)
2026-10-07 12:53:12.086+00:00 | EthScheduler-Workers-0 | INFO  | PersistBlockTask | Block 197 (0xb693e65b83c0e9a3f7a15592f44c1644fb0ab99ae08bf5bb03390bfc5268e1f2) is already imported
2026-10-07 12:53:12.086+00:00 | BftProcessorExecutor-QBFT-0 | INFO  | QbftBesuControllerBuilder | Imported #197 / 0 tx / 0 pending / 0 (0.0%) gas / (0xb693e65b83c0e9a3f7a15592f44c1644fb0ab99ae08bf5bb03390bfc5268e1f2)
2026-10-07 12:53:14.085+00:00 | EthScheduler-Workers-0 | INFO  | PersistBlockTask | Block 198 (0x23c6ff7873334b74a97b43e3e0a99c7c1606add3e9951a8a4fbce6d2026951e8) is already imported
2026-10-07 12:53:14.086+00:00 | BftProcessorExecutor-QBFT-0 | INFO  | QbftBesuControllerBuilder | Imported #198 / 0 tx / 0 pending / 0 (0.0%) gas / (0x23c6ff7873334b74a97b43e3e0a99c7c1606add3e9951a8a4fbce6d2026951e8)
2026-10-07 12:53:16.086+00:00 | EthScheduler-Workers-0 | INFO  | PersistBlockTask | Block 199 (0x04083ea51700014972b5415ada8bf85faaa3584e482425b52e4a1842e21c7dad) is already imported
2026-10-07 12:53:16.086+00:00 | BftProcessorExecutor-QBFT-0 | INFO  | QbftBesuControllerBuilder | Imported #199 / 0 tx / 0 pending / 0 (0.0%) gas / (0x04083ea51700014972b5415ada8bf85faaa3584e482425b52e4a1842e21c7dad)
2026-10-07 12:53:18.084+00:00 | EthScheduler-Workers-0 | INFO  | PersistBlockTask | Block 200 (0x8324b472574a30d43991290f6426a8161b00b4b8761b8b116a23ce25c43d19ac) is already imported
2026-10-07 12:53:18.084+00:00 | BftProcessorExecutor-QBFT-0 | INFO  | QbftBesuControllerBuilder | Imported #200 / 0 tx / 0 pending / 0 (0.0%) gas / (0x8324b472574a30d43991290f6426a8161b00b4b8761b8b116a23ce25c43d19ac)
2026-10-07 12:53:20.081+00:00 | BftProcessorExecutor-QBFT-0 | INFO  | QbftBesuControllerBuilder | Imported #201 / 0 tx / 0 pending / 0 (0.0%) gas / (0x1445b4c7ea503858e7372bdbbde985a113acd55dd2923976cc970f6d70d4e4fa)
2026-10-07 12:53:20.083+00:00 | EthScheduler-Workers-0 | INFO  | PersistBlockTask | Block 201 (0x1445b4c7ea503858e7372bdbbde985a113acd55dd2923976cc970f6d70d4e4fa) is already imported
2026-10-07 12:53:22.094+00:00 | BftProcessorExecutor-QBFT-0 | INFO  | QbftBesuControllerBuilder | Produced #202 / 0 tx / 0 pending / 0 (0.0%) gas / (0x32e4e401e9317bb829bd22225fb2eb880728e334db6d101da09b9b84004ca970)
2026-10-07 12:53:24.503+00:00 | BftProcessorExecutor-QBFT-0 | INFO  | QbftBesuControllerBuilder | Imported #203 / 19 tx / 391 pending / 4,597,430 (0.0%) gas / (0xee59e9023b8f4255d9fd10d8c62f5e7355cbd0aef7a8ecb5294d0910d1ebb4d0)
2026-10-07 12:53:24.503+00:00 | EthScheduler-Workers-0 | INFO  | PersistBlockTask | Block 203 (0xee59e9023b8f4255d9fd10d8c62f5e7355cbd0aef7a8ecb5294d0910d1ebb4d0) is already imported
2026-10-07 12:53:26.965+00:00 | BftProcessorExecutor-QBFT-0 | INFO  | QbftBesuControllerBuilder | Imported #204 / 57 tx / 1040 pending / 13,792,290 (0.0%) gas / (0x28308ec6a45436b99dd44f3ea4a40875fa203e0c93b9074b6a1884849ea42113)
2026-10-07 12:53:29.330+00:00 | BftProcessorExecutor-QBFT-0 | INFO  | QbftBesuControllerBuilder | Imported #205 / 85 tx / 1511 pending / 20,567,450 (0.0%) gas / (0xe082f41852af3a2cc4b3ac14d69dfea87e12d3445ef02f9c9873b0f24675cc68)
2026-10-07 12:53:31.859+00:00 | EthScheduler-Workers-0 | INFO  | PersistBlockTask | Block 206 (0x6705084efd03b62ce76729239b23975cfd92c1c84ff79da9b0debf41efedc41f) is already imported
2026-10-07 12:53:31.860+00:00 | BftProcessorExecutor-QBFT-0 | INFO  | QbftBesuControllerBuilder | Imported #206 / 123 tx / 2131 pending / 29,762,310 (0.0%) gas / (0x6705084efd03b62ce76729239b23975cfd92c1c84ff79da9b0debf41efedc41f)
2026-10-07 12:53:34.320+00:00 | BftProcessorExecutor-QBFT-0 | INFO  | QbftBesuControllerBuilder | Imported #207 / 164 tx / 2800 pending / 39,683,080 (0.0%) gas / (0x48f928880c1fda4dd4668a71ff818ee48d079d1c8cf1c381bf3ae2ffda8fbb9d)
2026-10-07 12:53:37.391+00:00 | EthScheduler-Workers-0 | INFO  | PersistBlockTask | Block 208 (0x03e634be646286a3373870a29f5a0ca3462c94bcebcdad377faf912822971780) is already imported
2026-10-07 12:53:37.393+00:00 | BftProcessorExecutor-QBFT-0 | INFO  | QbftBesuControllerBuilder | Imported #208 / 217 tx / 3649 pending / 52,507,490 (0.0%) gas / (0x03e634be646286a3373870a29f5a0ca3462c94bcebcdad377faf912822971780)
2026-10-07 12:53:41.391+00:00 | EthScheduler-Workers-0 | INFO  | PersistBlockTask | Block 209 (0xd2637d3aa500804be063dd9bda86b7818a909fe7b64d46b03efc94b45f3d9854) is already imported
2026-10-07 12:53:41.395+00:00 | BftProcessorExecutor-QBFT-0 | INFO  | QbftBesuControllerBuilder | Imported #209 / 288 tx / 4896 pending / 69,687,360 (0.0%) gas / (0xd2637d3aa500804be063dd9bda86b7818a909fe7b64d46b03efc94b45f3d9854)
2026-10-07 12:53:46.077+00:00 | EthScheduler-Workers-0 | INFO  | PersistBlockTask | Block 210 (0x8ae33dd460e7c54a2f8c653d42bfca8c27306e8a407639cf21b3788268e84151) is already imported
2026-10-07 12:53:46.082+00:00 | BftProcessorExecutor-QBFT-0 | INFO  | QbftBesuControllerBuilder | Imported #210 / 337 tx / 6302 pending / 81,543,890 (0.0%) gas / (0x8ae33dd460e7c54a2f8c653d42bfca8c27306e8a407639cf21b3788268e84151)
2026-10-07 12:53:50.877+00:00 | EthScheduler-Workers-0 | INFO  | PersistBlockTask | Block 211 (0x174868ddc696c954e274708ca04a9c5475285e2efeb69421f9e34a54b219f345) is already imported
2026-10-07 12:53:50.882+00:00 | BftProcessorExecutor-QBFT-0 | INFO  | QbftBesuControllerBuilder | Imported #211 / 366 tx / 6536 pending / 88,561,020 (0.0%) gas / (0x174868ddc696c954e274708ca04a9c5475285e2efeb69421f9e34a54b219f345)
2026-10-07 12:53:55.570+00:00 | EthScheduler-Workers-0 | INFO  | PersistBlockTask | Block 212 (0xd631dec1e28bd256a8a4d4eb5141bb7316b52e9b95ca2a0a52e983f1ddf9a608) is already imported
2026-10-07 12:53:55.575+00:00 | BftProcessorExecutor-QBFT-0 | INFO  | QbftBesuControllerBuilder | Imported #212 / 345 tx / 6191 pending / 83,479,650 (0.0%) gas / (0xd631dec1e28bd256a8a4d4eb5141bb7316b52e9b95ca2a0a52e983f1ddf9a608)
2026-10-07 12:54:00.133+00:00 | EthScheduler-Workers-0 | INFO  | PersistBlockTask | Block 213 (0xa232f5c58882c4c02c3bd7dd9ab85f80752403681f9a2380eb20f591d3ade8c1) is already imported
2026-10-07 12:54:00.144+00:00 | BftProcessorExecutor-QBFT-0 | INFO  | QbftBesuControllerBuilder | Imported #213 / 323 tx / 5868 pending / 78,156,310 (0.0%) gas / (0xa232f5c58882c4c02c3bd7dd9ab85f80752403681f9a2380eb20f591d3ade8c1)
2026-10-07 12:54:04.756+00:00 | EthScheduler-Workers-0 | INFO  | PersistBlockTask | Block 214 (0x67a396f58c89bed180d20a65cbccab65984c74399566d9df36d7b7287d487171) is already imported
2026-10-07 12:54:04.760+00:00 | BftProcessorExecutor-QBFT-0 | INFO  | QbftBesuControllerBuilder | Imported #214 / 338 tx / 5530 pending / 81,785,860 (0.0%) gas / (0x67a396f58c89bed180d20a65cbccab65984c74399566d9df36d7b7287d487171)
2026-10-07 12:54:09.443+00:00 | BftProcessorExecutor-QBFT-0 | INFO  | QbftBesuControllerBuilder | Imported #215 / 339 tx / 5191 pending / 82,027,830 (0.0%) gas / (0x194a72d415acebf4f49cfe9ea47602b40247859ebcb0b28a82ba4a96759681d7)
2026-10-07 12:54:14.084+00:00 | BftProcessorExecutor-QBFT-0 | INFO  | QbftBesuControllerBuilder | Imported #216 / 345 tx / 4846 pending / 83,479,650 (0.0%) gas / (0x5dbfc1e06e22b25082c41d2742a1b479d1d531add4b5fa779d2a6c69c148bf1f)
2026-10-07 12:54:15.588+00:00 | BftProcessorExecutor-QBFT-0 | WARN  | BlockTransactionSelector | Interrupting the selection of transactions for block inclusion as it exceeds the maximum configured duration of 1500ms
java.util.concurrent.TimeoutException
	at java.base/java.util.concurrent.CompletableFuture.timedGet(CompletableFuture.java:1960)
	at java.base/java.util.concurrent.CompletableFuture.get(CompletableFuture.java:2095)
	at org.hyperledger.besu.ethereum.blockcreation.txselection.BlockTransactionSelector.timeLimitedSelection(BlockTransactionSelector.java:186)
	at org.hyperledger.besu.ethereum.blockcreation.txselection.BlockTransactionSelector.buildTransactionListForBlock(BlockTransactionSelector.java:169)
	at org.hyperledger.besu.ethereum.blockcreation.AbstractBlockCreator.selectTransactions(AbstractBlockCreator.java:376)
	at org.hyperledger.besu.ethereum.blockcreation.AbstractBlockCreator.createBlock(AbstractBlockCreator.java:218)
	at org.hyperledger.besu.ethereum.blockcreation.AbstractBlockCreator.createBlock(AbstractBlockCreator.java:146)
	at org.hyperledger.besu.consensus.common.bft.blockcreation.BftBlockCreator.createBlock(BftBlockCreator.java:92)
	at org.hyperledger.besu.consensus.qbft.statemachine.QbftRound.createAndSendProposalMessage(QbftRound.java:137)
	at org.hyperledger.besu.consensus.qbft.statemachine.QbftBlockHeightManager.handleBlockTimerExpiry(QbftBlockHeightManager.java:140)
	at org.hyperledger.besu.consensus.common.bft.statemachine.BaseBftController.handleBlockTimerExpiry(BaseBftController.java:167)
	at org.hyperledger.besu.consensus.common.bft.EventMultiplexer.handleBftEvent(EventMultiplexer.java:65)
	at java.base/java.util.Optional.ifPresent(Optional.java:178)
	at org.hyperledger.besu.consensus.common.bft.BftProcessor.run(BftProcessor.java:65)
	at java.base/java.util.concurrent.ThreadPoolExecutor.runWorker(ThreadPoolExecutor.java:1144)
	at java.base/java.util.concurrent.ThreadPoolExecutor$Worker.run(ThreadPoolExecutor.java:642)
	at java.base/java.lang.Thread.run(Thread.java:1583)
2026-10-07 12:54:18.621+00:00 | EthScheduler-Workers-0 | INFO  | PersistBlockTask | Block 217 (0xbaeb395b66a51e0fe4492a3271fb9cba75626f70c0ec48d679bd60c3e3ea758e) is already imported
2026-10-07 12:54:18.624+00:00 | BftProcessorExecutor-QBFT-0 | INFO  | QbftBesuControllerBuilder | Produced #217 / 319 tx / 4527 pending / 77,188,430 (0.0%) gas / (0xbaeb395b66a51e0fe4492a3271fb9cba75626f70c0ec48d679bd60c3e3ea758e)
2026-10-07 12:54:23.256+00:00 | EthScheduler-Workers-0 | INFO  | PersistBlockTask | Block 218 (0x98ad2b5dc7d2566cad59338f648248a80f7aa03c15314ebfe2552061c7844035) is already imported
2026-10-07 12:54:23.260+00:00 | BftProcessorExecutor-QBFT-0 | INFO  | QbftBesuControllerBuilder | Imported #218 / 347 tx / 4180 pending / 83,963,590 (0.0%) gas / (0x98ad2b5dc7d2566cad59338f648248a80f7aa03c15314ebfe2552061c7844035)
2026-10-07 12:54:28.035+00:00 | EthScheduler-Workers-0 | INFO  | PersistBlockTask | Block 219 (0xe17f6e3eed41d3ec397198acae9cc39973c470831630955621891fb55b9c9862) is already imported
2026-10-07 12:54:28.056+00:00 | BftProcessorExecutor-QBFT-0 | INFO  | QbftBesuControllerBuilder | Imported #219 / 348 tx / 3832 pending / 84,205,560 (0.0%) gas / (0xe17f6e3eed41d3ec397198acae9cc39973c470831630955621891fb55b9c9862)
2026-10-07 12:54:32.812+00:00 | EthScheduler-Workers-0 | INFO  | PersistBlockTask | Block 220 (0x5af08be1a72ff5d72b749956a0acd5ed26d23fc06b5a5f72c29a5cafe2e1e4d4) is already imported
2026-10-07 12:54:32.825+00:00 | BftProcessorExecutor-QBFT-0 | INFO  | QbftBesuControllerBuilder | Imported #220 / 347 tx / 3485 pending / 83,963,590 (0.0%) gas / (0x5af08be1a72ff5d72b749956a0acd5ed26d23fc06b5a5f72c29a5cafe2e1e4d4)
2026-10-07 12:54:37.579+00:00 | EthScheduler-Workers-0 | INFO  | PersistBlockTask | Block 221 (0x0dac2da0d9f5b37686e440c527556850fcc031224ddbcf01fc1e7f585361a1cc) is already imported
2026-10-07 12:54:37.583+00:00 | BftProcessorExecutor-QBFT-0 | INFO  | QbftBesuControllerBuilder | Imported #221 / 345 tx / 3140 pending / 83,479,650 (0.0%) gas / (0x0dac2da0d9f5b37686e440c527556850fcc031224ddbcf01fc1e7f585361a1cc)
2026-10-07 12:54:42.463+00:00 | BftProcessorExecutor-QBFT-0 | INFO  | QbftBesuControllerBuilder | Imported #222 / 371 tx / 2769 pending / 89,770,870 (0.0%) gas / (0xb3873cbd81b39f6e4beb32073441ac85ff90271c650881b268b77f27239ebc28)
2026-10-07 12:54:46.991+00:00 | EthScheduler-Workers-0 | INFO  | PersistBlockTask | Block 223 (0x17450bf80b428ce9be65415eb6f39bd3df6b35b6b4ca9ba1152d1c78fc8a040c) is already imported
2026-10-07 12:54:46.994+00:00 | BftProcessorExecutor-QBFT-0 | INFO  | QbftBesuControllerBuilder | Imported #223 / 327 tx / 2442 pending / 79,124,190 (0.0%) gas / (0x17450bf80b428ce9be65415eb6f39bd3df6b35b6b4ca9ba1152d1c78fc8a040c)
2026-10-07 12:54:50.584+00:00 | EthScheduler-Workers-0 | INFO  | PersistBlockTask | Block 224 (0xfe251790d961cc4709a131ee98cfc4e21c4b1a0c8f64bc9172ee5f573da62b27) is already imported
2026-10-07 12:54:50.586+00:00 | BftProcessorExecutor-QBFT-0 | INFO  | QbftBesuControllerBuilder | Imported #224 / 256 tx / 2186 pending / 61,944,320 (0.0%) gas / (0xfe251790d961cc4709a131ee98cfc4e21c4b1a0c8f64bc9172ee5f573da62b27)
2026-10-07 12:54:53.554+00:00 | EthScheduler-Workers-0 | INFO  | PersistBlockTask | Block 225 (0x96a535c7b82c788057317f7718e953c47bf40d4e0c608665882bd5445d9bb011) is already imported
2026-10-07 12:54:53.555+00:00 | BftProcessorExecutor-QBFT-0 | INFO  | QbftBesuControllerBuilder | Imported #225 / 212 tx / 1974 pending / 51,297,640 (0.0%) gas / (0x96a535c7b82c788057317f7718e953c47bf40d4e0c608665882bd5445d9bb011)
2026-10-07 12:54:55.997+00:00 | BftProcessorExecutor-QBFT-0 | INFO  | QbftBesuControllerBuilder | Imported #226 / 183 tx / 1791 pending / 44,280,510 (0.0%) gas / (0xc05782c3f4c424ea3ac1a253bba5a19a611742f3c123f61e8dd028241a0608c7)
2026-10-07 12:54:58.804+00:00 | BftProcessorExecutor-QBFT-0 | INFO  | QbftBesuControllerBuilder | Imported #227 / 204 tx / 1587 pending / 49,361,880 (0.0%) gas / (0xda084f3eb9e11b31a0c704b4273fca3211fc5f8eb0549f0891abcb9afbb94542)
2026-10-07 12:55:01.931+00:00 | BftProcessorExecutor-QBFT-0 | INFO  | QbftBesuControllerBuilder | Imported #228 / 226 tx / 1361 pending / 54,685,220 (0.0%) gas / (0x1f498603f368410b1898a76bbf660079d43b25174af1f4f02709aee2a79b8b2c)
2026-10-07 12:55:04.813+00:00 | EthScheduler-Workers-0 | INFO  | PersistBlockTask | Block 229 (0x60814739df7e76cd21f539d565018cfaa2759180b5dda2af377aca9ba4a0a222) is already imported
2026-10-07 12:55:04.815+00:00 | BftProcessorExecutor-QBFT-0 | INFO  | QbftBesuControllerBuilder | Imported #229 / 211 tx / 1150 pending / 51,055,670 (0.0%) gas / (0x60814739df7e76cd21f539d565018cfaa2759180b5dda2af377aca9ba4a0a222)
2026-10-07 12:55:07.646+00:00 | EthScheduler-Workers-0 | INFO  | PersistBlockTask | Block 230 (0x6dc685fbc3e27cef70ad929cf4de4d0e878021e4b4393bd503ca170b00442362) is already imported
2026-10-07 12:55:07.647+00:00 | BftProcessorExecutor-QBFT-0 | INFO  | QbftBesuControllerBuilder | Imported #230 / 206 tx / 944 pending / 49,845,820 (0.0%) gas / (0x6dc685fbc3e27cef70ad929cf4de4d0e878021e4b4393bd503ca170b00442362)
2026-10-07 12:55:10.307+00:00 | BftProcessorExecutor-QBFT-0 | INFO  | QbftBesuControllerBuilder | Imported #231 / 200 tx / 744 pending / 48,394,000 (0.0%) gas / (0x6827b5fe3a2bef899807d280d2d410395e1f2c64e5ae22c934825ca106e3fb39)
2026-10-07 12:55:13.387+00:00 | EthScheduler-Workers-0 | INFO  | PersistBlockTask | Block 232 (0xf5703bd30c9c91bc13a5f6ee09f5cf9a95649a08c1ca717abc435bb7365ddb18) is already imported
2026-10-07 12:55:13.388+00:00 | BftProcessorExecutor-QBFT-0 | INFO  | QbftBesuControllerBuilder | Produced #232 / 226 tx / 518 pending / 54,685,220 (0.0%) gas / (0xf5703bd30c9c91bc13a5f6ee09f5cf9a95649a08c1ca717abc435bb7365ddb18)
2026-10-07 12:55:15.862+00:00 | EthScheduler-Workers-0 | INFO  | PersistBlockTask | Block 233 (0xf893c33b135f261392a7c3fd38187a5b086977aabce2616d3690a6fd4b0d9671) is already imported
2026-10-07 12:55:15.863+00:00 | BftProcessorExecutor-QBFT-0 | INFO  | QbftBesuControllerBuilder | Imported #233 / 179 tx / 339 pending / 43,312,630 (0.0%) gas / (0xf893c33b135f261392a7c3fd38187a5b086977aabce2616d3690a6fd4b0d9671)
2026-10-07 12:55:17.779+00:00 | BftProcessorExecutor-QBFT-0 | INFO  | QbftBesuControllerBuilder | Imported #234 / 140 tx / 199 pending / 33,875,800 (0.0%) gas / (0xb8006fa1ba73de2fb5505de60385675d51a7f0a7cdbb18424e37cf08392a1c97)
2026-10-07 12:55:19.591+00:00 | EthScheduler-Workers-0 | INFO  | PersistBlockTask | Block 235 (0x8d7eadea4057678b553eeb7e65274324cf7aceb38aa1daf54685278a8bf2ab8e) is already imported
2026-10-07 12:55:19.591+00:00 | BftProcessorExecutor-QBFT-0 | INFO  | QbftBesuControllerBuilder | Imported #235 / 113 tx / 86 pending / 27,342,610 (0.0%) gas / (0x8d7eadea4057678b553eeb7e65274324cf7aceb38aa1daf54685278a8bf2ab8e)
2026-10-07 12:55:21.105+00:00 | BftProcessorExecutor-QBFT-0 | INFO  | QbftBesuControllerBuilder | Imported #236 / 77 tx / 9 pending / 18,631,690 (0.0%) gas / (0xd716bae6f1bfb90972a2cf2f129beb99c2a1165025765ff6c0829e45602f2b76)
2026-10-07 12:55:22.213+00:00 | BftProcessorExecutor-QBFT-0 | INFO  | QbftBesuControllerBuilder | Imported #237 / 9 tx / 0 pending / 2,177,730 (0.0%) gas / (0x8b427c7891d1a5cbe1786ac1e7f0b415cd8ca1a17ebf2a8dfd5bfc6668d5d521)
2026-10-07 12:55:24.081+00:00 | BftProcessorExecutor-QBFT-0 | INFO  | QbftBesuControllerBuilder | Imported #238 / 0 tx / 0 pending / 0 (0.0%) gas / (0x7769f68d2bd6598ea2d2e17aba6f74350d0c6e390d5eed06e36febf98678b6ce)
2026-10-07 12:55:26.089+00:00 | BftProcessorExecutor-QBFT-0 | INFO  | QbftBesuControllerBuilder | Imported #239 / 0 tx / 0 pending / 0 (0.0%) gas / (0xf8531b16b59b0d236d1b11be0afec79787caf9c2b815f9c02c17b5960dab8d0f)
2026-10-07 12:55:28.094+00:00 | BftProcessorExecutor-QBFT-0 | INFO  | QbftBesuControllerBuilder | Imported #240 / 0 tx / 0 pending / 0 (0.0%) gas / (0xfd19cf7a0829a6473ee4e65aa656bdb7ef34754b46b6037a1c6f4e32b0749c77)
2026-10-07 12:55:30.087+00:00 | BftProcessorExecutor-QBFT-0 | INFO  | QbftBesuControllerBuilder | Imported #241 / 0 tx / 0 pending / 0 (0.0%) gas / (0x3003ddf64543ba997fe2ecc36ec84f8e2a492ee2b0d64d2a63b144b3ea3822ca)
2026-10-07 12:55:32.091+00:00 | BftProcessorExecutor-QBFT-0 | INFO  | QbftBesuControllerBuilder | Imported #242 / 0 tx / 0 pending / 0 (0.0%) gas / (0xbc1bad53c0b5c5eb932ead301894346e8e31cdf4c32a8e6c13a0fb18c70c9c51)
2026-10-07 12:55:34.078+00:00 | BftProcessorExecutor-QBFT-0 | INFO  | QbftBesuControllerBuilder | Imported #243 / 0 tx / 0 pending / 0 (0.0%) gas / (0xed2566f0e1ba19fbe63fad70480aa922146c302351db8e29933c32ac48b5656c)
2026-10-07 12:55:36.075+00:00 | BftProcessorExecutor-QBFT-0 | INFO  | QbftBesuControllerBuilder | Imported #244 / 0 tx / 0 pending / 0 (0.0%) gas / (0x666d56dbf4746dcef541fb525521632c6e1b477f7766718262fa8c4e6aec99e1)
2026-10-07 12:55:38.076+00:00 | EthScheduler-Workers-0 | INFO  | PersistBlockTask | Block 245 (0x4afa792ae444b852d6ea8711d6640ae8fc07bdac175d871641ef9a0cf0dc0cc2) is already imported
2026-10-07 12:55:38.076+00:00 | BftProcessorExecutor-QBFT-0 | INFO  | QbftBesuControllerBuilder | Imported #245 / 0 tx / 0 pending / 0 (0.0%) gas / (0x4afa792ae444b852d6ea8711d6640ae8fc07bdac175d871641ef9a0cf0dc0cc2)
2026-10-07 12:55:40.079+00:00 | BftProcessorExecutor-QBFT-0 | INFO  | QbftBesuControllerBuilder | Imported #246 / 0 tx / 0 pending / 0 (0.0%) gas / (0x0a4f453e12a235bf7c1c37af5919dd486e7753935e3da0070c260855f14f010b)
2026-10-07 12:55:42.082+00:00 | BftProcessorExecutor-QBFT-0 | INFO  | QbftBesuControllerBuilder | Produced #247 / 0 tx / 0 pending / 0 (0.0%) gas / (0x4f90be15c839b154a5fa2746285ac081abca71bbee68f9253abff8611a02afca)
2026-10-07 12:55:44.083+00:00 | BftProcessorExecutor-QBFT-0 | INFO  | QbftBesuControllerBuilder | Imported #248 / 0 tx / 0 pending / 0 (0.0%) gas / (0xfc1cfcf935fe0a0f4d3a716429bcd52d4e6074fb7bc178b7816b4d644f7fef1e)
2026-10-07 12:55:44.086+00:00 | EthScheduler-Workers-0 | INFO  | PersistBlockTask | Block 248 (0xfc1cfcf935fe0a0f4d3a716429bcd52d4e6074fb7bc178b7816b4d644f7fef1e) is already imported
2026-10-07 12:55:46.078+00:00 | BftProcessorExecutor-QBFT-0 | INFO  | QbftBesuControllerBuilder | Imported #249 / 0 tx / 0 pending / 0 (0.0%) gas / (0x17f3a5e85f10f56a735614bd5561d7b6ab575676cf6bddc13e87c95486dbf087)
2026-10-07 12:55:48.082+00:00 | EthScheduler-Workers-0 | INFO  | PersistBlockTask | Block 250 (0x4b21799a1e8e219b5239b9b554f86a7d3089cc77c062d49b596b9aa711d11cac) is already imported
2026-10-07 12:55:48.082+00:00 | BftProcessorExecutor-QBFT-0 | INFO  | QbftBesuControllerBuilder | Imported #250 / 0 tx / 0 pending / 0 (0.0%) gas / (0x4b21799a1e8e219b5239b9b554f86a7d3089cc77c062d49b596b9aa711d11cac)
2026-10-07 12:55:50.084+00:00 | EthScheduler-Workers-0 | INFO  | PersistBlockTask | Block 251 (0x4aa5f9f0027801260e8a2f177e25c99215482db437b1c73ec2c29a38d3dca50a) is already imported
2026-10-07 12:55:50.085+00:00 | BftProcessorExecutor-QBFT-0 | INFO  | QbftBesuControllerBuilder | Imported #251 / 0 tx / 0 pending / 0 (0.0%) gas / (0x4aa5f9f0027801260e8a2f177e25c99215482db437b1c73ec2c29a38d3dca50a)
2026-10-07 12:55:52.096+00:00 | EthScheduler-Workers-0 | INFO  | PersistBlockTask | Block 252 (0xeb3386422060e5e2f3d0e6df41c3369d105b46cc1c2102de55a0e700723d1896) is already imported
2026-10-07 12:55:52.096+00:00 | BftProcessorExecutor-QBFT-0 | INFO  | QbftBesuControllerBuilder | Imported #252 / 0 tx / 0 pending / 0 (0.0%) gas / (0xeb3386422060e5e2f3d0e6df41c3369d105b46cc1c2102de55a0e700723d1896)
2026-10-07 12:55:54.093+00:00 | BftProcessorExecutor-QBFT-0 | INFO  | QbftBesuControllerBuilder | Imported #253 / 0 tx / 0 pending / 0 (0.0%) gas / (0xc1b1920c7797bc4a917ff68aa38959209fc7a141c4fa8e2baf3036ab84567f51)
2026-10-07 12:55:56.092+00:00 | BftProcessorExecutor-QBFT-0 | INFO  | QbftBesuControllerBuilder | Imported #254 / 0 tx / 0 pending / 0 (0.0%) gas / (0x7b27a295b8457cf9cf6150bd98580a03dfbb989173ce42d7c747604d33d5167f)
2026-10-07 12:55:58.085+00:00 | BftProcessorExecutor-QBFT-0 | INFO  | QbftBesuControllerBuilder | Imported #255 / 0 tx / 0 pending / 0 (0.0%) gas / (0xb5cd09822e9065746a12b7a02df499db8d1ba5290b0cdadca467caa42ee32e12)
2026-10-07 12:56:00.071+00:00 | BftProcessorExecutor-QBFT-0 | INFO  | QbftBesuControllerBuilder | Imported #256 / 0 tx / 0 pending / 0 (0.0%) gas / (0xd19542e533dda034cb11baf5cdfb0ad6f3d242911101895f45e5373b33043135)
2026-10-07 12:56:02.081+00:00 | EthScheduler-Workers-0 | INFO  | PersistBlockTask | Block 257 (0xdeaf22e641a843da017896ebb38eaf2c62a6dddd9b9be7a4fc158b87dbb7d356) is already imported
2026-10-07 12:56:02.082+00:00 | BftProcessorExecutor-QBFT-0 | INFO  | QbftBesuControllerBuilder | Imported #257 / 0 tx / 0 pending / 0 (0.0%) gas / (0xdeaf22e641a843da017896ebb38eaf2c62a6dddd9b9be7a4fc158b87dbb7d356)
2026-10-07 12:56:04.088+00:00 | BftProcessorExecutor-QBFT-0 | INFO  | QbftBesuControllerBuilder | Imported #258 / 0 tx / 0 pending / 0 (0.0%) gas / (0x488f3d879cc759cdd200e0db6746aca155312d928ccad68133f65963d612d8a6)
2026-10-07 12:56:04.088+00:00 | EthScheduler-Workers-0 | INFO  | PersistBlockTask | Block 258 (0x488f3d879cc759cdd200e0db6746aca155312d928ccad68133f65963d612d8a6) is already imported
2026-10-07 12:56:06.097+00:00 | BftProcessorExecutor-QBFT-0 | INFO  | QbftBesuControllerBuilder | Imported #259 / 0 tx / 0 pending / 0 (0.0%) gas / (0xa06f049dfecab6ad88d21dabcc673a40f4fdbb81e8648ac51535e7e5a64a699c)
2026-10-07 12:56:08.089+00:00 | BftProcessorExecutor-QBFT-0 | INFO  | QbftBesuControllerBuilder | Imported #260 / 0 tx / 0 pending / 0 (0.0%) gas / (0xbb0da3afe3a022c25f328a2585bc5c494ec8f907868ee3dc6b1e1a37ea304edb)
2026-10-07 12:56:10.090+00:00 | BftProcessorExecutor-QBFT-0 | INFO  | QbftBesuControllerBuilder | Imported #261 / 0 tx / 0 pending / 0 (0.0%) gas / (0x9b396a7fdafd9bd7c358700f20f50aaf57f4eb38a9ea3305ebc1a3321467a074)
2026-10-07 12:56:12.092+00:00 | BftProcessorExecutor-QBFT-0 | INFO  | QbftBesuControllerBuilder | Produced #262 / 0 tx / 0 pending / 0 (0.0%) gas / (0xd664c3add8c61f9e89af7d2345b369a03c0ef03b789a0341a7af92e693e40861)
2026-10-07 12:56:14.094+00:00 | BftProcessorExecutor-QBFT-0 | INFO  | QbftBesuControllerBuilder | Imported #263 / 0 tx / 0 pending / 0 (0.0%) gas / (0xace3593ae8c6884f6b8776fa11782dbeda9826ceebe15679cc68f827f28471cd)
2026-10-07 12:56:16.086+00:00 | BftProcessorExecutor-QBFT-0 | INFO  | QbftBesuControllerBuilder | Imported #264 / 0 tx / 0 pending / 0 (0.0%) gas / (0x00fba2b4c6eb9f19ab5d63a7ac9072406bb857eb7b0449ac9f381ca2938eddff)
2026-10-07 12:56:18.082+00:00 | BftProcessorExecutor-QBFT-0 | INFO  | QbftBesuControllerBuilder | Imported #265 / 0 tx / 0 pending / 0 (0.0%) gas / (0x7f343062ea4c5a177b5496f38ad84130c6f0dcd1c0439ef70ed3358753a91fb7)
2026-10-07 12:56:20.087+00:00 | BftProcessorExecutor-QBFT-0 | INFO  | QbftBesuControllerBuilder | Imported #266 / 0 tx / 0 pending / 0 (0.0%) gas / (0x8c922a9d0c65890defd2516b569fe30baf04112ffb968d6b84413706f452a9d4)
2026-10-07 12:56:22.094+00:00 | BftProcessorExecutor-QBFT-0 | INFO  | QbftBesuControllerBuilder | Imported #267 / 0 tx / 0 pending / 0 (0.0%) gas / (0x720ffac66d84ca4800a0f167465b68bc3a777c2ce1e7d5a5fab5e4b9922b4918)
2026-10-07 12:56:24.074+00:00 | BftProcessorExecutor-QBFT-0 | INFO  | QbftBesuControllerBuilder | Imported #268 / 0 tx / 0 pending / 0 (0.0%) gas / (0x6434b8edac20550eb65a8b6cd6b50876b9ef57dbefa32de55e520cb4d515cc1f)
2026-10-07 12:56:26.090+00:00 | EthScheduler-Workers-0 | INFO  | PersistBlockTask | Block 269 (0xdb6c53e73b0754a527fc99b72d7ae3880b838c11750813fa453f715e1aa32123) is already imported
2026-10-07 12:56:26.091+00:00 | BftProcessorExecutor-QBFT-0 | INFO  | QbftBesuControllerBuilder | Imported #269 / 0 tx / 0 pending / 0 (0.0%) gas / (0xdb6c53e73b0754a527fc99b72d7ae3880b838c11750813fa453f715e1aa32123)
2026-10-07 12:56:28.086+00:00 | BftProcessorExecutor-QBFT-0 | INFO  | QbftBesuControllerBuilder | Imported #270 / 0 tx / 0 pending / 0 (0.0%) gas / (0x094e1489988cf2a235bcb27488eba9459b82c8a9fd270aaa487ebf8d2a310a05)
2026-10-07 12:56:30.086+00:00 | BftProcessorExecutor-QBFT-0 | INFO  | QbftBesuControllerBuilder | Imported #271 / 0 tx / 0 pending / 0 (0.0%) gas / (0xa89f2e40cae0c091cbe43d4d6e3bfd3b60d4eec895f3115b74ea1c7993d94f54)
2026-10-07 12:56:32.099+00:00 | BftProcessorExecutor-QBFT-0 | INFO  | QbftBesuControllerBuilder | Imported #272 / 0 tx / 0 pending / 0 (0.0%) gas / (0x09ad5233bf1111b7491ce399b92d7be1a6398ff04fd275dc3dc2f956599bbf6d)
2026-10-07 12:56:34.088+00:00 | BftProcessorExecutor-QBFT-0 | INFO  | QbftBesuControllerBuilder | Imported #273 / 0 tx / 0 pending / 0 (0.0%) gas / (0x841057b4a867690c3716e95201d6943b467d6de72c362e156883f5123795011e)
2026-10-07 12:56:36.090+00:00 | BftProcessorExecutor-QBFT-0 | INFO  | QbftBesuControllerBuilder | Imported #274 / 0 tx / 0 pending / 0 (0.0%) gas / (0x19f76951f2168f1f1307e35cc529126c306479a68faa1a21f29c0cebb414be97)
2026-10-07 12:56:38.093+00:00 | BftProcessorExecutor-QBFT-0 | INFO  | QbftBesuControllerBuilder | Imported #275 / 0 tx / 0 pending / 0 (0.0%) gas / (0xe74ec7687f37e80560fe6ee134985ff9252118fca4d6594515c6cb6b150a2a6c)
2026-10-07 12:56:40.093+00:00 | BftProcessorExecutor-QBFT-0 | INFO  | QbftBesuControllerBuilder | Imported #276 / 0 tx / 0 pending / 0 (0.0%) gas / (0x0e5f22f73a013710da3f10f696e492d98bec27368ed2a9f6685ec4dd13981631)
2026-10-07 12:56:42.094+00:00 | BftProcessorExecutor-QBFT-0 | INFO  | QbftBesuControllerBuilder | Produced #277 / 0 tx / 0 pending / 0 (0.0%) gas / (0x86b87923dd696f9a61379b9ad81a1c3fd7d26130cccf762be10bfff6b98c6a25)
2026-10-07 12:56:44.095+00:00 | BftProcessorExecutor-QBFT-0 | INFO  | QbftBesuControllerBuilder | Imported #278 / 0 tx / 0 pending / 0 (0.0%) gas / (0xaa5b1bddff283ea78259cc18ef458a660fe44a12a2d3a76fab1aeac3f90c37c2)
2026-10-07 12:56:46.086+00:00 | BftProcessorExecutor-QBFT-0 | INFO  | QbftBesuControllerBuilder | Imported #279 / 0 tx / 0 pending / 0 (0.0%) gas / (0xbe4b94fc3b99543fb91187f4ce32a5904c9675424cccf1fbee8ef63a10c87056)
2026-10-07 12:56:48.091+00:00 | BftProcessorExecutor-QBFT-0 | INFO  | QbftBesuControllerBuilder | Imported #280 / 0 tx / 0 pending / 0 (0.0%) gas / (0x49d82e89b641775cf2f8009cf9ea174660674e7f460067a8cd2314e7a4572ab7)
2026-10-07 12:56:50.096+00:00 | BftProcessorExecutor-QBFT-0 | INFO  | QbftBesuControllerBuilder | Imported #281 / 0 tx / 0 pending / 0 (0.0%) gas / (0x00ce8dd1abd80adb0dfe7a9975efc41af9b716f39189989223da974d63ec45c1)
2026-10-07 12:56:52.090+00:00 | BftProcessorExecutor-QBFT-0 | INFO  | QbftBesuControllerBuilder | Imported #282 / 0 tx / 0 pending / 0 (0.0%) gas / (0x96fe4725b9d809c21c1e7a8d298c99b9635a3010457b16f6031f0747275c0895)
2026-10-07 12:56:54.085+00:00 | BftProcessorExecutor-QBFT-0 | INFO  | QbftBesuControllerBuilder | Imported #283 / 0 tx / 0 pending / 0 (0.0%) gas / (0x8f65207bdd349b7c0c58e9b13bbe36eae268e6eaf2e901673708f148f13bf6ba)
2026-10-07 12:56:54.086+00:00 | EthScheduler-Workers-0 | INFO  | PersistBlockTask | Block 283 (0x8f65207bdd349b7c0c58e9b13bbe36eae268e6eaf2e901673708f148f13bf6ba) is already imported
2026-10-07 12:56:56.087+00:00 | BftProcessorExecutor-QBFT-0 | INFO  | QbftBesuControllerBuilder | Imported #284 / 0 tx / 0 pending / 0 (0.0%) gas / (0x615b37d3ec99688d285f1fd3a966dde9be4570a9b77dd6917c054ee5dbc44c8a)
2026-10-07 12:56:58.093+00:00 | BftProcessorExecutor-QBFT-0 | INFO  | QbftBesuControllerBuilder | Imported #285 / 0 tx / 0 pending / 0 (0.0%) gas / (0xfe442c1f4149380c280dd00747610ccd128c2414da8f313c2dcdd206d59a4e2f)
2026-10-07 12:57:00.090+00:00 | BftProcessorExecutor-QBFT-0 | INFO  | QbftBesuControllerBuilder | Imported #286 / 0 tx / 0 pending / 0 (0.0%) gas / (0xfe6d59bc876678c893ea5fc878e75a6c4857986dedb7567e8fe3bfcead2935b4)
2026-10-07 12:57:02.084+00:00 | BftProcessorExecutor-QBFT-0 | INFO  | QbftBesuControllerBuilder | Imported #287 / 0 tx / 0 pending / 0 (0.0%) gas / (0xf1b3b8b091ba78f087586e1d35436155ea89fe7e4774fbd9571d65db03582acd)
2026-10-07 12:57:04.088+00:00 | BftProcessorExecutor-QBFT-0 | INFO  | QbftBesuControllerBuilder | Imported #288 / 0 tx / 0 pending / 0 (0.0%) gas / (0x6716ca7cce5a206b63253cc497903e5ab04138354df9e8d108dcaefd534d4242)
2026-10-07 12:57:06.092+00:00 | BftProcessorExecutor-QBFT-0 | INFO  | QbftBesuControllerBuilder | Imported #289 / 0 tx / 0 pending / 0 (0.0%) gas / (0xad2b7f2ccb6cfeb0195f286af9cf33839e2a0cffdd04ff4bf93461094d6515a4)
2026-10-07 12:57:08.097+00:00 | EthScheduler-Workers-0 | INFO  | PersistBlockTask | Block 290 (0x9b736be1a98633f6b11acebddd18878632fcf06b8c840a437fac7b52ac73b6fb) is already imported
2026-10-07 12:57:08.097+00:00 | BftProcessorExecutor-QBFT-0 | INFO  | QbftBesuControllerBuilder | Imported #290 / 0 tx / 0 pending / 0 (0.0%) gas / (0x9b736be1a98633f6b11acebddd18878632fcf06b8c840a437fac7b52ac73b6fb)
2026-10-07 12:57:10.090+00:00 | BftProcessorExecutor-QBFT-0 | INFO  | QbftBesuControllerBuilder | Imported #291 / 0 tx / 0 pending / 0 (0.0%) gas / (0x007b236e5452ba7a03f9bd86a6d9eabe254d6189b7a6f0cc4bbf6e876ba7477e)
2026-10-07 12:57:12.091+00:00 | BftProcessorExecutor-QBFT-0 | INFO  | QbftBesuControllerBuilder | Produced #292 / 0 tx / 0 pending / 0 (0.0%) gas / (0xe28a23dd861e23d7f6dc816f82d18aa8670e9d88383360aa8ad288aa7534b171)
2026-10-07 12:57:14.091+00:00 | BftProcessorExecutor-QBFT-0 | INFO  | QbftBesuControllerBuilder | Imported #293 / 0 tx / 0 pending / 0 (0.0%) gas / (0xe137d6ccf4c6c21cf8232bdf0423affe3e5a4813198b0648bb01b9b90edb7223)
2026-10-07 12:57:16.100+00:00 | EthScheduler-Workers-0 | INFO  | PersistBlockTask | Block 294 (0x002161460590d6d0c33129c1ab076b101d18944ce53a064b78a4575dafdf1121) is already imported
2026-10-07 12:57:16.100+00:00 | BftProcessorExecutor-QBFT-0 | INFO  | QbftBesuControllerBuilder | Imported #294 / 0 tx / 0 pending / 0 (0.0%) gas / (0x002161460590d6d0c33129c1ab076b101d18944ce53a064b78a4575dafdf1121)
2026-10-07 12:57:18.095+00:00 | BftProcessorExecutor-QBFT-0 | INFO  | QbftBesuControllerBuilder | Imported #295 / 0 tx / 0 pending / 0 (0.0%) gas / (0x06e4b64635fe12b60101ab4ebd4d98d48ffccee74176f556683f111cf1f9f6af)
2026-10-07 12:57:20.089+00:00 | BftProcessorExecutor-QBFT-0 | INFO  | QbftBesuControllerBuilder | Imported #296 / 0 tx / 0 pending / 0 (0.0%) gas / (0xd29b9c6566ef1b4767f61d11793b7c82865317383651629c1669d61761a5d6f3)
2026-10-07 12:57:20.089+00:00 | EthScheduler-Workers-0 | INFO  | PersistBlockTask | Block 296 (0xd29b9c6566ef1b4767f61d11793b7c82865317383651629c1669d61761a5d6f3) is already imported
2026-10-07 12:57:22.085+00:00 | BftProcessorExecutor-QBFT-0 | INFO  | QbftBesuControllerBuilder | Imported #297 / 0 tx / 0 pending / 0 (0.0%) gas / (0x803c5db5c9b7e19a969738c1ed4a9a263f276192c32fd577b65ee30d2e61d5a3)
2026-10-07 12:57:24.100+00:00 | BftProcessorExecutor-QBFT-0 | INFO  | QbftBesuControllerBuilder | Imported #298 / 0 tx / 0 pending / 0 (0.0%) gas / (0xd2a9281b3ff024ae1f0cc35d1e5752c3b1fc6aaeae458f787d4f9e5f1f92eaf7)
2026-10-07 12:57:24.101+00:00 | EthScheduler-Workers-0 | INFO  | PersistBlockTask | Block 298 (0xd2a9281b3ff024ae1f0cc35d1e5752c3b1fc6aaeae458f787d4f9e5f1f92eaf7) is already imported
2026-10-07 12:57:26.096+00:00 | BftProcessorExecutor-QBFT-0 | INFO  | QbftBesuControllerBuilder | Imported #299 / 0 tx / 0 pending / 0 (0.0%) gas / (0xf4edca9c8f29766058f2ec42735da9ea595b848eef1304fc43c8c3bb53950288)
2026-10-07 12:57:28.089+00:00 | BftProcessorExecutor-QBFT-0 | INFO  | QbftBesuControllerBuilder | Imported #300 / 0 tx / 0 pending / 0 (0.0%) gas / (0xe2665d57c960b4524d677ceb9507495377aa4924f9600c5bd3bb7174645494be)
2026-10-07 12:57:30.096+00:00 | BftProcessorExecutor-QBFT-0 | INFO  | QbftBesuControllerBuilder | Imported #301 / 0 tx / 0 pending / 0 (0.0%) gas / (0x00f9c94c122f50ee858c984c3aca04fa3b28dea55fcec0de882676d6282f36b4)
2026-10-07 12:57:32.091+00:00 | BftProcessorExecutor-QBFT-0 | INFO  | QbftBesuControllerBuilder | Imported #302 / 0 tx / 0 pending / 0 (0.0%) gas / (0x2408a4a25c930e417471f641643f171e5b8de5830dd8eaaa2a0a0eeb7848545a)
2026-10-07 12:57:34.088+00:00 | BftProcessorExecutor-QBFT-0 | INFO  | QbftBesuControllerBuilder | Imported #303 / 0 tx / 0 pending / 0 (0.0%) gas / (0xf930c3e770319638e0136858426a345e8cb43ad96068e36412971d2a0aeee743)
2026-10-07 12:57:36.095+00:00 | BftProcessorExecutor-QBFT-0 | INFO  | QbftBesuControllerBuilder | Imported #304 / 0 tx / 0 pending / 0 (0.0%) gas / (0x2cc71cf4811e1ee15611949f483f3c4f66b1dd552f1bc9419fdd5b7719e841ca)
2026-10-07 12:57:38.095+00:00 | BftProcessorExecutor-QBFT-0 | INFO  | QbftBesuControllerBuilder | Imported #305 / 0 tx / 0 pending / 0 (0.0%) gas / (0x1ef7796b3820656095396fafc494de339c324aafa8bf06d61b3e53d9259c5e28)
2026-10-07 12:57:40.098+00:00 | BftProcessorExecutor-QBFT-0 | INFO  | QbftBesuControllerBuilder | Imported #306 / 0 tx / 0 pending / 0 (0.0%) gas / (0x22221245953631801156c73fc264fa2d31631cd1c70f593733afc860c83497f9)
2026-10-07 12:57:42.100+00:00 | BftProcessorExecutor-QBFT-0 | INFO  | QbftBesuControllerBuilder | Produced #307 / 0 tx / 0 pending / 0 (0.0%) gas / (0x403f0b3cd13b97910418994a679d465fedd25fa166ae18407a75dd8a9d6aedb5)
2026-10-07 12:57:44.096+00:00 | BftProcessorExecutor-QBFT-0 | INFO  | QbftBesuControllerBuilder | Imported #308 / 0 tx / 0 pending / 0 (0.0%) gas / (0x387c9fe7f2f0875736034bc471d65c84e61ea51c51897e73d02502616d33bd59)
2026-10-07 12:57:44.098+00:00 | EthScheduler-Workers-0 | INFO  | PersistBlockTask | Block 308 (0x387c9fe7f2f0875736034bc471d65c84e61ea51c51897e73d02502616d33bd59) is already imported
2026-10-07 12:57:46.088+00:00 | BftProcessorExecutor-QBFT-0 | INFO  | QbftBesuControllerBuilder | Imported #309 / 0 tx / 0 pending / 0 (0.0%) gas / (0x0023f67b778de43dae2121c096cb6e9213e4412e5355eeca42bd96ae9223aa11)
2026-10-07 12:57:48.090+00:00 | BftProcessorExecutor-QBFT-0 | INFO  | QbftBesuControllerBuilder | Imported #310 / 0 tx / 0 pending / 0 (0.0%) gas / (0xc6a4a2f9342d46daecedd579e14282c3d2438b212e02b7d3696ad15d3452a5cf)
2026-10-07 12:57:50.088+00:00 | BftProcessorExecutor-QBFT-0 | INFO  | QbftBesuControllerBuilder | Imported #311 / 0 tx / 0 pending / 0 (0.0%) gas / (0x003dc12209bf4a460fc39deee571fdc1fd815f5bfb59d923beb3581f99f8f288)
2026-10-07 12:57:52.084+00:00 | BftProcessorExecutor-QBFT-0 | INFO  | QbftBesuControllerBuilder | Imported #312 / 0 tx / 0 pending / 0 (0.0%) gas / (0xb11ce941f6fe90f70ec2d9f66bd059b32754891e5d2382b713ba876799b9f592)
2026-10-07 12:57:54.094+00:00 | BftProcessorExecutor-QBFT-0 | INFO  | QbftBesuControllerBuilder | Imported #313 / 0 tx / 0 pending / 0 (0.0%) gas / (0x22c2709d171f767f6e7255425c85e66f9fa73da667c54dcc8ce6ddc355989443)
2026-10-07 12:57:54.095+00:00 | EthScheduler-Workers-0 | INFO  | PersistBlockTask | Block 313 (0x22c2709d171f767f6e7255425c85e66f9fa73da667c54dcc8ce6ddc355989443) is already imported
2026-10-07 12:57:56.091+00:00 | BftProcessorExecutor-QBFT-0 | INFO  | QbftBesuControllerBuilder | Imported #314 / 0 tx / 0 pending / 0 (0.0%) gas / (0x2aa4fcef5b263fb96982c771df85d2da77feff970cdf721d62298ac1db8b1b34)
2026-10-07 12:57:58.112+00:00 | BftProcessorExecutor-QBFT-0 | INFO  | QbftBesuControllerBuilder | Imported #315 / 1 tx / 7 pending / 153,638 (0.0%) gas / (0x1269321edceb1ec300dd5a122a988f8bd8082b53b8723d51fa53e0a805361ebc)
2026-10-07 12:58:00.122+00:00 | BftProcessorExecutor-QBFT-0 | INFO  | QbftBesuControllerBuilder | Imported #316 / 1 tx / 6 pending / 153,630 (0.0%) gas / (0xf8f213335ac6747fa115b45562ab77f4ba6241c451bea62c9fdb2dc2d1bd15db)
2026-10-07 12:58:02.108+00:00 | BftProcessorExecutor-QBFT-0 | INFO  | QbftBesuControllerBuilder | Imported #317 / 1 tx / 5 pending / 153,626 (0.0%) gas / (0xd4489e188332e141ba6f4e59a2e7682554f4baab9bbe723d7b8eaf251ea4e20e)
2026-10-07 12:58:04.101+00:00 | BftProcessorExecutor-QBFT-0 | INFO  | QbftBesuControllerBuilder | Imported #318 / 1 tx / 4 pending / 153,630 (0.0%) gas / (0xb14667bf0e3e471486fff8ae7b3db93624b010479b824dbf25344bf8d23ec876)
2026-10-07 12:58:06.102+00:00 | BftProcessorExecutor-QBFT-0 | INFO  | QbftBesuControllerBuilder | Imported #319 / 1 tx / 3 pending / 153,650 (0.0%) gas / (0x0c5663e7d651f48eba3be7afcc9696e0931771e3bf5e3164161b5c5bc6146b90)
2026-10-07 12:58:08.111+00:00 | BftProcessorExecutor-QBFT-0 | INFO  | QbftBesuControllerBuilder | Imported #320 / 1 tx / 2 pending / 153,650 (0.0%) gas / (0x1e551626af3d269712215b5ad2da754fc33228ea02ca178791fa495085e60a3e)
2026-10-07 12:58:10.108+00:00 | BftProcessorExecutor-QBFT-0 | INFO  | QbftBesuControllerBuilder | Imported #321 / 1 tx / 1 pending / 153,650 (0.0%) gas / (0x6cd39326cade2bd6dde2910452b703bbede57e48c7b66cd78e663542f49c2c34)
2026-10-07 12:58:12.112+00:00 | BftProcessorExecutor-QBFT-0 | INFO  | QbftBesuControllerBuilder | Produced #322 / 1 tx / 0 pending / 153,630 (0.0%) gas / (0xe127f115bf16001f8ab3b74245ad4527f51abe41e01a87950edee5d0c72eb0fe)
2026-10-07 12:58:14.082+00:00 | BftProcessorExecutor-QBFT-0 | INFO  | QbftBesuControllerBuilder | Imported #323 / 0 tx / 0 pending / 0 (0.0%) gas / (0xeca33437beb6a6186da60972e2a59917762ee0cf71c677ba9584eda6b3f7493c)
2026-10-07 12:58:14.083+00:00 | EthScheduler-Workers-0 | INFO  | PersistBlockTask | Block 323 (0xeca33437beb6a6186da60972e2a59917762ee0cf71c677ba9584eda6b3f7493c) is already imported
2026-10-07 12:58:16.080+00:00 | EthScheduler-Workers-0 | INFO  | PersistBlockTask | Block 324 (0x84bfe426655ee50d3ca200125fde353803691cd0086ff455e705856fa4373a5b) is already imported
2026-10-07 12:58:16.080+00:00 | BftProcessorExecutor-QBFT-0 | INFO  | QbftBesuControllerBuilder | Imported #324 / 0 tx / 0 pending / 0 (0.0%) gas / (0x84bfe426655ee50d3ca200125fde353803691cd0086ff455e705856fa4373a5b)
2026-10-07 12:58:18.084+00:00 | BftProcessorExecutor-QBFT-0 | INFO  | QbftBesuControllerBuilder | Imported #325 / 0 tx / 0 pending / 0 (0.0%) gas / (0xa45b50846572b09d6b490311e078452edf8e618fede27cd4ddf76f04e512a54f)
2026-10-07 12:58:20.087+00:00 | BftProcessorExecutor-QBFT-0 | INFO  | QbftBesuControllerBuilder | Imported #326 / 0 tx / 0 pending / 0 (0.0%) gas / (0x6ed5a15115ecea0916a9bd1854d48aef0ebb6f7b0dec2a414461c1e57f185cfe)
2026-10-07 12:58:22.083+00:00 | EthScheduler-Workers-0 | INFO  | PersistBlockTask | Block 327 (0x06b3e3a3410fb9dd7e26883211f625e52d9f7b9f4dc988b8c41caf79ff6bbb2d) is already imported
2026-10-07 12:58:22.083+00:00 | BftProcessorExecutor-QBFT-0 | INFO  | QbftBesuControllerBuilder | Imported #327 / 0 tx / 0 pending / 0 (0.0%) gas / (0x06b3e3a3410fb9dd7e26883211f625e52d9f7b9f4dc988b8c41caf79ff6bbb2d)
2026-10-07 12:58:24.096+00:00 | BftProcessorExecutor-QBFT-0 | INFO  | QbftBesuControllerBuilder | Imported #328 / 0 tx / 0 pending / 0 (0.0%) gas / (0x590c94c7e9d92720952c25ca4fba8740b514bd9d5f200e33451c1e2156d78a31)
2026-10-07 12:58:26.092+00:00 | EthScheduler-Workers-0 | INFO  | PersistBlockTask | Block 329 (0x1a726f1edb6e649f03c983b28e5890d0bb3773338c1ca298e1bb04f842d8de01) is already imported
2026-10-07 12:58:26.092+00:00 | BftProcessorExecutor-QBFT-0 | INFO  | QbftBesuControllerBuilder | Imported #329 / 0 tx / 0 pending / 0 (0.0%) gas / (0x1a726f1edb6e649f03c983b28e5890d0bb3773338c1ca298e1bb04f842d8de01)
2026-10-07 12:58:28.086+00:00 | BftProcessorExecutor-QBFT-0 | INFO  | QbftBesuControllerBuilder | Imported #330 / 0 tx / 0 pending / 0 (0.0%) gas / (0x19042774c180d61e8c3b0b722faf043e8172070f5ee1643901701aaa9c8e3fbc)
2026-10-07 12:58:30.080+00:00 | EthScheduler-Workers-0 | INFO  | PersistBlockTask | Block 331 (0x308e05ff678a86094c9d571bad810e65797cded79c7d17a1b937e31b26e889f3) is already imported
2026-10-07 12:58:30.080+00:00 | BftProcessorExecutor-QBFT-0 | INFO  | QbftBesuControllerBuilder | Imported #331 / 0 tx / 0 pending / 0 (0.0%) gas / (0x308e05ff678a86094c9d571bad810e65797cded79c7d17a1b937e31b26e889f3)
2026-10-07 12:58:32.072+00:00 | BftProcessorExecutor-QBFT-0 | INFO  | QbftBesuControllerBuilder | Imported #332 / 0 tx / 0 pending / 0 (0.0%) gas / (0xda575ec0409926f68df23a885277263be7663d2be4bf4d7d2eaea775272d8ec3)
2026-10-07 12:58:34.091+00:00 | BftProcessorExecutor-QBFT-0 | INFO  | QbftBesuControllerBuilder | Imported #333 / 0 tx / 0 pending / 0 (0.0%) gas / (0xede537649d964cd00ab57c62c2bac6635f01551b928d2059be45744dd25f128b)
2026-10-07 12:58:36.083+00:00 | BftProcessorExecutor-QBFT-0 | INFO  | QbftBesuControllerBuilder | Imported #334 / 0 tx / 0 pending / 0 (0.0%) gas / (0x56f49d17fe00f1e4d969309332154ef47d9ce7a950d29f0a8f8f9c98984a5f3b)
2026-10-07 12:58:38.079+00:00 | EthScheduler-Workers-0 | INFO  | PersistBlockTask | Block 335 (0x5fc2a57261bdd7e10c8784ab5296948bf21a7e4c5f478d8bea785f65dcfcfba9) is already imported
2026-10-07 12:58:38.079+00:00 | BftProcessorExecutor-QBFT-0 | INFO  | QbftBesuControllerBuilder | Imported #335 / 0 tx / 0 pending / 0 (0.0%) gas / (0x5fc2a57261bdd7e10c8784ab5296948bf21a7e4c5f478d8bea785f65dcfcfba9)
2026-10-07 12:58:40.092+00:00 | BftProcessorExecutor-QBFT-0 | INFO  | QbftBesuControllerBuilder | Imported #336 / 0 tx / 0 pending / 0 (0.0%) gas / (0xfe9c8fd37da7cf401b618b6cf6130f2789c37976ead7584324434bd84c25b024)
2026-10-07 12:58:40.094+00:00 | EthScheduler-Workers-0 | INFO  | PersistBlockTask | Block 336 (0xfe9c8fd37da7cf401b618b6cf6130f2789c37976ead7584324434bd84c25b024) is already imported
2026-10-07 12:58:42.091+00:00 | EthScheduler-Workers-0 | INFO  | PersistBlockTask | Block 337 (0xf40be2196ce1f1104198c80e5a925a7f8f2cfbcd80cec54ec26b8f8171d46965) is already imported
2026-10-07 12:58:42.092+00:00 | BftProcessorExecutor-QBFT-0 | INFO  | QbftBesuControllerBuilder | Produced #337 / 0 tx / 0 pending / 0 (0.0%) gas / (0xf40be2196ce1f1104198c80e5a925a7f8f2cfbcd80cec54ec26b8f8171d46965)
2026-10-07 12:58:44.089+00:00 | BftProcessorExecutor-QBFT-0 | INFO  | QbftBesuControllerBuilder | Imported #338 / 0 tx / 0 pending / 0 (0.0%) gas / (0x86a8ddc1daf5001a06793b7df451fc1d09b6544d8cb5ee30fd6de7f801b5b477)
2026-10-07 12:58:44.089+00:00 | EthScheduler-Workers-0 | INFO  | PersistBlockTask | Block 338 (0x86a8ddc1daf5001a06793b7df451fc1d09b6544d8cb5ee30fd6de7f801b5b477) is already imported
2026-10-07 12:58:46.262+00:00 | EthScheduler-Workers-0 | INFO  | PersistBlockTask | Block 339 (0x8ac161b1202f5c5d34d8b8f535c42fb682a47e578d7021302246f34fea9c5a42) is already imported
2026-10-07 12:58:46.263+00:00 | BftProcessorExecutor-QBFT-0 | INFO  | QbftBesuControllerBuilder | Imported #339 / 5 tx / 135 pending / 1,209,850 (0.0%) gas / (0x8ac161b1202f5c5d34d8b8f535c42fb682a47e578d7021302246f34fea9c5a42)
2026-10-07 12:58:48.629+00:00 | EthScheduler-Workers-0 | INFO  | PersistBlockTask | Block 340 (0xc5ab783e52908daaaabcf9abf1ffb06820fc4c098eb46c7d2e7fbc9e439920e8) is already imported
2026-10-07 12:58:48.629+00:00 | BftProcessorExecutor-QBFT-0 | INFO  | QbftBesuControllerBuilder | Imported #340 / 23 tx / 433 pending / 5,565,310 (0.0%) gas / (0xc5ab783e52908daaaabcf9abf1ffb06820fc4c098eb46c7d2e7fbc9e439920e8)
2026-10-07 12:58:50.807+00:00 | BftProcessorExecutor-QBFT-0 | INFO  | QbftBesuControllerBuilder | Imported #341 / 41 tx / 738 pending / 9,920,770 (0.0%) gas / (0xa6ce8acdab49a58a58d38cf3ddf54456656f5ea0c98e71e768a6db0251177c6d)
2026-10-07 12:58:53.004+00:00 | EthScheduler-Workers-0 | INFO  | PersistBlockTask | Block 342 (0x48106ff3d12a1a99a6128b029c6859957e84962b98e83ef9ec1d5f22d5a39e30) is already imported
2026-10-07 12:58:53.004+00:00 | BftProcessorExecutor-QBFT-0 | INFO  | QbftBesuControllerBuilder | Imported #342 / 62 tx / 1161 pending / 15,002,140 (0.0%) gas / (0x48106ff3d12a1a99a6128b029c6859957e84962b98e83ef9ec1d5f22d5a39e30)
2026-10-07 12:58:55.500+00:00 | EthScheduler-Workers-0 | INFO  | PersistBlockTask | Block 343 (0xe7de7f01c208ab37ae9543c5eaec6b234afdf7022e297daa135337b4caca4a40) is already imported
2026-10-07 12:58:55.501+00:00 | BftProcessorExecutor-QBFT-0 | INFO  | QbftBesuControllerBuilder | Imported #343 / 95 tx / 1642 pending / 22,987,150 (0.0%) gas / (0xe7de7f01c208ab37ae9543c5eaec6b234afdf7022e297daa135337b4caca4a40)
2026-10-07 12:58:57.943+00:00 | EthScheduler-Workers-0 | INFO  | PersistBlockTask | Block 344 (0x01fbe73dec245ad60502527c7e7e004990fdae09f870f54858d48e654efaf147) is already imported
2026-10-07 12:58:57.945+00:00 | BftProcessorExecutor-QBFT-0 | INFO  | QbftBesuControllerBuilder | Imported #344 / 129 tx / 2134 pending / 31,214,130 (0.0%) gas / (0x01fbe73dec245ad60502527c7e7e004990fdae09f870f54858d48e654efaf147)
2026-10-07 12:59:00.403+00:00 | EthScheduler-Workers-0 | INFO  | PersistBlockTask | Block 345 (0x7fef7a20ba9a83f21a9a13672c7dba6b48c2b9cf69e8ce95eb6d1dee7f3a9f94) is already imported
2026-10-07 12:59:00.406+00:00 | BftProcessorExecutor-QBFT-0 | INFO  | QbftBesuControllerBuilder | Imported #345 / 169 tx / 2870 pending / 40,892,930 (0.0%) gas / (0x7fef7a20ba9a83f21a9a13672c7dba6b48c2b9cf69e8ce95eb6d1dee7f3a9f94)
2026-10-07 12:59:03.546+00:00 | BftProcessorExecutor-QBFT-0 | INFO  | QbftBesuControllerBuilder | Imported #346 / 229 tx / 3733 pending / 55,411,130 (0.0%) gas / (0x0799fd7f72de68fd409b5f4549271f59c9db6e83edd4b8156ffbf83ea772c6b9)
2026-10-07 12:59:07.729+00:00 | EthScheduler-Workers-0 | INFO  | PersistBlockTask | Block 347 (0x7931ba05df25e06692743276e3091f9d358147d338ec1b16c6acce592b19ceec) is already imported
2026-10-07 12:59:07.735+00:00 | BftProcessorExecutor-QBFT-0 | INFO  | QbftBesuControllerBuilder | Imported #347 / 302 tx / 5167 pending / 73,074,940 (0.0%) gas / (0x7931ba05df25e06692743276e3091f9d358147d338ec1b16c6acce592b19ceec)
2026-10-07 12:59:12.406+00:00 | EthScheduler-Workers-0 | INFO  | PersistBlockTask | Block 348 (0x00b63014dcc3c8c5d7c2b9345655a5c2332768c9d13c8107309af39c30af7d86) is already imported
2026-10-07 12:59:12.417+00:00 | BftProcessorExecutor-QBFT-0 | INFO  | QbftBesuControllerBuilder | Imported #348 / 330 tx / 6807 pending / 79,850,100 (0.0%) gas / (0x00b63014dcc3c8c5d7c2b9345655a5c2332768c9d13c8107309af39c30af7d86)
2026-10-07 12:59:17.149+00:00 | BftProcessorExecutor-QBFT-0 | INFO  | QbftBesuControllerBuilder | Imported #349 / 346 tx / 6461 pending / 83,721,620 (0.0%) gas / (0x15ab3077143b80695cd43f175b979029a2b892595128a1a548f5fc3739947284)
2026-10-07 12:59:21.831+00:00 | EthScheduler-Workers-0 | INFO  | PersistBlockTask | Block 350 (0x518e599edc44ec9d4961834994bc26dd85ff35f8ad1e39e9efbe0a21241c6e5f) is already imported
2026-10-07 12:59:21.837+00:00 | BftProcessorExecutor-QBFT-0 | INFO  | QbftBesuControllerBuilder | Imported #350 / 340 tx / 6121 pending / 82,269,800 (0.0%) gas / (0x518e599edc44ec9d4961834994bc26dd85ff35f8ad1e39e9efbe0a21241c6e5f)
2026-10-07 12:59:26.201+00:00 | BftProcessorExecutor-QBFT-0 | INFO  | QbftBesuControllerBuilder | Imported #351 / 319 tx / 5802 pending / 77,188,430 (0.0%) gas / (0x07e8496790e6f0c65a0d1eece84776b3a0f98e9ef45a2193f67df03cc380f148)
2026-10-07 12:59:27.703+00:00 | BftProcessorExecutor-QBFT-0 | WARN  | BlockTransactionSelector | Interrupting the selection of transactions for block inclusion as it exceeds the maximum configured duration of 1500ms
java.util.concurrent.TimeoutException
	at java.base/java.util.concurrent.CompletableFuture.timedGet(CompletableFuture.java:1960)
	at java.base/java.util.concurrent.CompletableFuture.get(CompletableFuture.java:2095)
	at org.hyperledger.besu.ethereum.blockcreation.txselection.BlockTransactionSelector.timeLimitedSelection(BlockTransactionSelector.java:186)
	at org.hyperledger.besu.ethereum.blockcreation.txselection.BlockTransactionSelector.buildTransactionListForBlock(BlockTransactionSelector.java:169)
	at org.hyperledger.besu.ethereum.blockcreation.AbstractBlockCreator.selectTransactions(AbstractBlockCreator.java:376)
	at org.hyperledger.besu.ethereum.blockcreation.AbstractBlockCreator.createBlock(AbstractBlockCreator.java:218)
	at org.hyperledger.besu.ethereum.blockcreation.AbstractBlockCreator.createBlock(AbstractBlockCreator.java:146)
	at org.hyperledger.besu.consensus.common.bft.blockcreation.BftBlockCreator.createBlock(BftBlockCreator.java:92)
	at org.hyperledger.besu.consensus.qbft.statemachine.QbftRound.createAndSendProposalMessage(QbftRound.java:137)
	at org.hyperledger.besu.consensus.qbft.statemachine.QbftBlockHeightManager.handleBlockTimerExpiry(QbftBlockHeightManager.java:140)
	at org.hyperledger.besu.consensus.common.bft.statemachine.BaseBftController.handleBlockTimerExpiry(BaseBftController.java:167)
	at org.hyperledger.besu.consensus.common.bft.EventMultiplexer.handleBftEvent(EventMultiplexer.java:65)
	at java.base/java.util.Optional.ifPresent(Optional.java:178)
	at org.hyperledger.besu.consensus.common.bft.BftProcessor.run(BftProcessor.java:65)
	at java.base/java.util.concurrent.ThreadPoolExecutor.runWorker(ThreadPoolExecutor.java:1144)
	at java.base/java.util.concurrent.ThreadPoolExecutor$Worker.run(ThreadPoolExecutor.java:642)
	at java.base/java.lang.Thread.run(Thread.java:1583)
2026-10-07 12:59:30.889+00:00 | EthScheduler-Workers-0 | INFO  | PersistBlockTask | Block 352 (0xf45b9465235e08ef7c5a1611bbef90ce4ea752bb0c603703ed61389eb314b771) is already imported
2026-10-07 12:59:30.891+00:00 | BftProcessorExecutor-QBFT-0 | INFO  | QbftBesuControllerBuilder | Produced #352 / 344 tx / 5458 pending / 83,237,680 (0.0%) gas / (0xf45b9465235e08ef7c5a1611bbef90ce4ea752bb0c603703ed61389eb314b771)
2026-10-07 12:59:35.611+00:00 | BftProcessorExecutor-QBFT-0 | INFO  | QbftBesuControllerBuilder | Imported #353 / 343 tx / 5115 pending / 82,995,710 (0.0%) gas / (0xfe79430bd72711b165de53c3984720de6a670dd3fd5679c0491bd9bd83c263cf)
2026-10-07 12:59:40.305+00:00 | EthScheduler-Workers-0 | INFO  | PersistBlockTask | Block 354 (0x803c17f9b5ce506fdde41d02dc835aafc081e59abfeeebe01ca3356162dc4c58) is already imported
2026-10-07 12:59:40.309+00:00 | BftProcessorExecutor-QBFT-0 | INFO  | QbftBesuControllerBuilder | Imported #354 / 344 tx / 4771 pending / 83,237,680 (0.0%) gas / (0x803c17f9b5ce506fdde41d02dc835aafc081e59abfeeebe01ca3356162dc4c58)
2026-10-07 12:59:45.009+00:00 | EthScheduler-Workers-0 | INFO  | PersistBlockTask | Block 355 (0xd12dbdcc3a21da0067a5a324cd2c3c764d8da3f2adb6fe0f5cfde8a091e8627d) is already imported
2026-10-07 12:59:45.013+00:00 | BftProcessorExecutor-QBFT-0 | INFO  | QbftBesuControllerBuilder | Imported #355 / 339 tx / 4432 pending / 82,027,830 (0.0%) gas / (0xd12dbdcc3a21da0067a5a324cd2c3c764d8da3f2adb6fe0f5cfde8a091e8627d)
2026-10-07 12:59:49.681+00:00 | EthScheduler-Workers-0 | INFO  | PersistBlockTask | Block 356 (0x1c982bfd6f4eecc4c1b447eba8a5114a0c6c701d35b269b73fdae2c4fdcd3880) is already imported
2026-10-07 12:59:49.684+00:00 | BftProcessorExecutor-QBFT-0 | INFO  | QbftBesuControllerBuilder | Imported #356 / 337 tx / 4095 pending / 81,543,890 (0.0%) gas / (0x1c982bfd6f4eecc4c1b447eba8a5114a0c6c701d35b269b73fdae2c4fdcd3880)
2026-10-07 12:59:54.295+00:00 | BftProcessorExecutor-QBFT-0 | INFO  | QbftBesuControllerBuilder | Imported #357 / 343 tx / 3752 pending / 82,995,710 (0.0%) gas / (0xecc55e1513950b28b0922c198499a2b259be58c5a2d734b481ec483c792cd42c)
2026-10-07 12:59:59.022+00:00 | EthScheduler-Workers-0 | INFO  | PersistBlockTask | Block 358 (0x30257af721e430ab8d2a04dc292ad5679ad830617c44620bd479a5400526a1ec) is already imported
2026-10-07 12:59:59.026+00:00 | BftProcessorExecutor-QBFT-0 | INFO  | QbftBesuControllerBuilder | Imported #358 / 348 tx / 3404 pending / 84,205,560 (0.0%) gas / (0x30257af721e430ab8d2a04dc292ad5679ad830617c44620bd479a5400526a1ec)
2026-10-07 13:00:03.747+00:00 | EthScheduler-Workers-0 | INFO  | PersistBlockTask | Block 359 (0x952dac96bfc0967ef709c965d01262631d8d9aa7a00c2f8cb36e20703f3183d7) is already imported
2026-10-07 13:00:03.756+00:00 | BftProcessorExecutor-QBFT-0 | INFO  | QbftBesuControllerBuilder | Imported #359 / 341 tx / 3063 pending / 82,511,770 (0.0%) gas / (0x952dac96bfc0967ef709c965d01262631d8d9aa7a00c2f8cb36e20703f3183d7)
2026-10-07 13:00:08.469+00:00 | BftProcessorExecutor-QBFT-0 | INFO  | QbftBesuControllerBuilder | Imported #360 / 347 tx / 2716 pending / 83,963,590 (0.0%) gas / (0x007a856023630f9e280bcfd6a8ee456a6d1eeefd8a072ab559096eaacb61d27b)
2026-10-07 13:00:12.889+00:00 | BftProcessorExecutor-QBFT-0 | INFO  | QbftBesuControllerBuilder | Imported #361 / 320 tx / 2396 pending / 77,430,400 (0.0%) gas / (0x062d0ef70f1a29c241dcc1c98221bccc0e07288935c70d820dd436abfb684070)
2026-10-07 13:00:16.354+00:00 | BftProcessorExecutor-QBFT-0 | INFO  | QbftBesuControllerBuilder | Imported #362 / 247 tx / 2149 pending / 59,766,590 (0.0%) gas / (0x8320f58f3b8e6f33cc67acf6c0dca823108043b7756200466d317bcbd59f96d7)
2026-10-07 13:00:19.482+00:00 | EthScheduler-Workers-0 | INFO  | PersistBlockTask | Block 363 (0xb43eb3fe911435578101ae6c9c41b24db32b0d7fcf80b33d4506923d75835757) is already imported
2026-10-07 13:00:19.488+00:00 | BftProcessorExecutor-QBFT-0 | INFO  | QbftBesuControllerBuilder | Imported #363 / 219 tx / 1930 pending / 52,991,430 (0.0%) gas / (0xb43eb3fe911435578101ae6c9c41b24db32b0d7fcf80b33d4506923d75835757)
2026-10-07 13:00:22.233+00:00 | BftProcessorExecutor-QBFT-0 | INFO  | QbftBesuControllerBuilder | Imported #364 / 203 tx / 1727 pending / 49,119,910 (0.0%) gas / (0x3d56b2bb53d7b9bf13d0546388c9e8d30c8d74536fe9fa8fff6837fd7433d837)
2026-10-07 13:00:25.054+00:00 | BftProcessorExecutor-QBFT-0 | INFO  | QbftBesuControllerBuilder | Imported #365 / 205 tx / 1522 pending / 49,603,850 (0.0%) gas / (0xbd8cc3ab297269870b4481c4af5aa242b25e396353988b9608816d7f6a293f21)
2026-10-07 13:00:28.029+00:00 | BftProcessorExecutor-QBFT-0 | INFO  | QbftBesuControllerBuilder | Imported #366 / 226 tx / 1296 pending / 54,685,220 (0.0%) gas / (0xf71b6eba24e2e1cae390e6f578930f7989474df05b6281d7bde911c27c417da8)
2026-10-07 13:00:30.833+00:00 | EthScheduler-Workers-0 | INFO  | PersistBlockTask | Block 367 (0x6b70b23e541983681316a48fe8133d284bcedf821903284512543b804e4418ad) is already imported
2026-10-07 13:00:30.834+00:00 | BftProcessorExecutor-QBFT-0 | INFO  | QbftBesuControllerBuilder | Produced #367 / 201 tx / 1095 pending / 48,635,970 (0.0%) gas / (0x6b70b23e541983681316a48fe8133d284bcedf821903284512543b804e4418ad)
2026-10-07 13:00:33.622+00:00 | BftProcessorExecutor-QBFT-0 | INFO  | QbftBesuControllerBuilder | Imported #368 / 202 tx / 893 pending / 48,877,940 (0.0%) gas / (0x45d844807522afb1e119fae7a4ec7e50610267cbd1d7cf700c940f95cfe8518c)
2026-10-07 13:00:36.283+00:00 | BftProcessorExecutor-QBFT-0 | INFO  | QbftBesuControllerBuilder | Imported #369 / 196 tx / 697 pending / 47,426,120 (0.0%) gas / (0x5aa9dbe21f532f96e63d459db4cea840cf4c96c8b0b622673ff829ca52ac6c44)
2026-10-07 13:00:38.851+00:00 | BftProcessorExecutor-QBFT-0 | INFO  | QbftBesuControllerBuilder | Imported #370 / 183 tx / 514 pending / 44,280,510 (0.0%) gas / (0x3f9be43d1ed8de9d0bae733c6fadd09a76fc49864cac94e8c548b8e24c74e336)
2026-10-07 13:00:41.220+00:00 | BftProcessorExecutor-QBFT-0 | INFO  | QbftBesuControllerBuilder | Imported #371 / 167 tx / 347 pending / 40,408,990 (0.0%) gas / (0xe9c6c32bf0f71ec5fe3fa1c13b6450d135db97595dc66e3096e290a6b0b9c68c)
2026-10-07 13:00:43.084+00:00 | BftProcessorExecutor-QBFT-0 | INFO  | QbftBesuControllerBuilder | Imported #372 / 139 tx / 208 pending / 33,633,830 (0.0%) gas / (0x3206c2fb18c6fa5253ee0d0e08124c1bd940850315e799a35be416e646e7cec8)
2026-10-07 13:00:44.490+00:00 | EthScheduler-Workers-0 | INFO  | PersistBlockTask | Block 373 (0x7d6f1e1e77c2076ff10de70d06f578fdc2c40103aafc432d3a1f127dc3dda57b) is already imported
2026-10-07 13:00:44.490+00:00 | BftProcessorExecutor-QBFT-0 | INFO  | QbftBesuControllerBuilder | Imported #373 / 101 tx / 107 pending / 24,438,970 (0.0%) gas / (0x7d6f1e1e77c2076ff10de70d06f578fdc2c40103aafc432d3a1f127dc3dda57b)
2026-10-07 13:00:46.062+00:00 | BftProcessorExecutor-QBFT-0 | INFO  | QbftBesuControllerBuilder | Imported #374 / 74 tx / 33 pending / 17,905,780 (0.0%) gas / (0x41f9e2bacdc875c46f889bbcbf1c79cd988ede742437fa6523031520715fc081)
2026-10-07 13:00:47.546+00:00 | BftProcessorExecutor-QBFT-0 | INFO  | QbftBesuControllerBuilder | Imported #375 / 33 tx / 0 pending / 7,985,010 (0.0%) gas / (0x4116d20b06d7994f83c5f404af7b72fcdc26f48e3a5fa212ac2f8579218a7b7b)
2026-10-07 13:00:49.070+00:00 | BftProcessorExecutor-QBFT-0 | INFO  | QbftBesuControllerBuilder | Imported #376 / 0 tx / 0 pending / 0 (0.0%) gas / (0x806c187e8edc3fb7617e289d602aa1c3957c34284a249fb6c18d9a2fae1782eb)
2026-10-07 13:00:51.084+00:00 | BftProcessorExecutor-QBFT-0 | INFO  | QbftBesuControllerBuilder | Imported #377 / 0 tx / 0 pending / 0 (0.0%) gas / (0xc545c24d9b0e1879bb2d5a12475b4769d1937c4f7b689776cfca50acba1624ed)
2026-10-07 13:00:53.092+00:00 | BftProcessorExecutor-QBFT-0 | INFO  | QbftBesuControllerBuilder | Imported #378 / 0 tx / 0 pending / 0 (0.0%) gas / (0x06a1a081770110934131a55a289863cbd52d6e9008a237168f61ffa8ac3a577f)
2026-10-07 13:00:55.095+00:00 | BftProcessorExecutor-QBFT-0 | INFO  | QbftBesuControllerBuilder | Imported #379 / 0 tx / 0 pending / 0 (0.0%) gas / (0x57537f6a294b92d918b683c49f6db6388a5705f4b8766d2360dec6a4835b89ad)
2026-10-07 13:00:57.101+00:00 | BftProcessorExecutor-QBFT-0 | INFO  | QbftBesuControllerBuilder | Imported #380 / 0 tx / 0 pending / 0 (0.0%) gas / (0x37abe4ac9259182e272106e3badd71e2c47361df48406b1ea6cdafd7d3ab78fd)
2026-10-07 13:00:59.084+00:00 | BftProcessorExecutor-QBFT-0 | INFO  | QbftBesuControllerBuilder | Imported #381 / 0 tx / 0 pending / 0 (0.0%) gas / (0x4ceb8cf358531fb1b877ff44ef51ded1fe2fe2f8c91b4a39e62c9898dce1365e)
2026-10-07 13:01:01.089+00:00 | BftProcessorExecutor-QBFT-0 | INFO  | QbftBesuControllerBuilder | Produced #382 / 0 tx / 0 pending / 0 (0.0%) gas / (0x4fbc3227f43ed5f66efc7991e41868f3bd7b9985654931c7a674ccfeaac8ea7a)
2026-10-07 13:01:03.058+00:00 | BftProcessorExecutor-QBFT-0 | INFO  | QbftBesuControllerBuilder | Imported #383 / 0 tx / 0 pending / 0 (0.0%) gas / (0x2d8637d8392a1ca3b2cf00772500e3c45ff2573d0d3bb9db1eaaacfe8380267c)
2026-10-07 13:01:05.068+00:00 | BftProcessorExecutor-QBFT-0 | INFO  | QbftBesuControllerBuilder | Imported #384 / 0 tx / 0 pending / 0 (0.0%) gas / (0x04030a02ad5dd91ba80da19f84a4f9fa26b9b9855659223bc203645a60355cac)
2026-10-07 13:01:07.089+00:00 | BftProcessorExecutor-QBFT-0 | INFO  | QbftBesuControllerBuilder | Imported #385 / 0 tx / 0 pending / 0 (0.0%) gas / (0x652b2493749da185915e7590778d1925ce2f830cdbac198c4630c2f90461bd71)
2026-10-07 13:01:09.077+00:00 | BftProcessorExecutor-QBFT-0 | INFO  | QbftBesuControllerBuilder | Imported #386 / 0 tx / 0 pending / 0 (0.0%) gas / (0x6120d8d2ae834173d461becff3fad38f6652f87d9da440d1b49d13e027cb30db)
2026-10-07 13:01:11.085+00:00 | BftProcessorExecutor-QBFT-0 | INFO  | QbftBesuControllerBuilder | Imported #387 / 0 tx / 0 pending / 0 (0.0%) gas / (0xa4105675f62917932cc6046aff504583e67af2d6c3743cedbd029baac9718c39)
2026-10-07 13:01:13.093+00:00 | BftProcessorExecutor-QBFT-0 | INFO  | QbftBesuControllerBuilder | Imported #388 / 0 tx / 0 pending / 0 (0.0%) gas / (0x09cd1e60288b59b941c8ddf6529389dcb8c8b0b193f8df6f6533964264516614)
2026-10-07 13:01:15.090+00:00 | BftProcessorExecutor-QBFT-0 | INFO  | QbftBesuControllerBuilder | Imported #389 / 0 tx / 0 pending / 0 (0.0%) gas / (0xcd6183324874225c528467cc7a2766b1285345f5997f7f75dcaa81819148b786)
2026-10-07 13:01:17.076+00:00 | BftProcessorExecutor-QBFT-0 | INFO  | QbftBesuControllerBuilder | Imported #390 / 0 tx / 0 pending / 0 (0.0%) gas / (0xc6c685f7a675110b2d585a983835bd73fc546b58eef89d071f1f5a1f0f9890d5)
2026-10-07 13:01:19.087+00:00 | BftProcessorExecutor-QBFT-0 | INFO  | QbftBesuControllerBuilder | Imported #391 / 0 tx / 0 pending / 0 (0.0%) gas / (0xa13a5d1708f218778b05a70255e137ddaba7a1e44ddf7ff978e2973d23621e98)
2026-10-07 13:01:21.092+00:00 | BftProcessorExecutor-QBFT-0 | INFO  | QbftBesuControllerBuilder | Imported #392 / 0 tx / 0 pending / 0 (0.0%) gas / (0x2c00a4cc17961f302976d936a2488d5c963aab61f44cd496d83e30db7c71be2b)
2026-10-07 13:01:23.086+00:00 | BftProcessorExecutor-QBFT-0 | INFO  | QbftBesuControllerBuilder | Imported #393 / 0 tx / 0 pending / 0 (0.0%) gas / (0xcf5802a08c104547f0f416d7dfed43f581f35aa6ccf4ce196081e64a7b63880e)
2026-10-07 13:01:25.084+00:00 | BftProcessorExecutor-QBFT-0 | INFO  | QbftBesuControllerBuilder | Imported #394 / 0 tx / 0 pending / 0 (0.0%) gas / (0xb46864f9ac2b275763e8e209f154c0ab10e9ab8fb475ac37fa3f17916f9e48d6)
2026-10-07 13:01:27.079+00:00 | BftProcessorExecutor-QBFT-0 | INFO  | QbftBesuControllerBuilder | Imported #395 / 0 tx / 0 pending / 0 (0.0%) gas / (0x4a4a5835803db994754631500de2c96e7c9fc78d83d6852798bbf6c2fa65e12a)
2026-10-07 13:01:29.097+00:00 | BftProcessorExecutor-QBFT-0 | INFO  | QbftBesuControllerBuilder | Imported #396 / 0 tx / 0 pending / 0 (0.0%) gas / (0x3535852599013075b01c805a83a9026855058a7cff062dbba1813a11407a409c)
2026-10-07 13:01:31.098+00:00 | BftProcessorExecutor-QBFT-0 | INFO  | QbftBesuControllerBuilder | Produced #397 / 0 tx / 0 pending / 0 (0.0%) gas / (0x6fe2f3213a66ac6f9113617b2d0efbf1815a1cbf7aa074ba1ebe5e3d268fdffc)
2026-10-07 13:01:33.079+00:00 | BftProcessorExecutor-QBFT-0 | INFO  | QbftBesuControllerBuilder | Imported #398 / 0 tx / 0 pending / 0 (0.0%) gas / (0xb51ec6d7cc72d000e392c3a8c89c684a901d568badc998b9d46a67b046df89a3)
2026-10-07 13:01:33.079+00:00 | EthScheduler-Workers-0 | INFO  | PersistBlockTask | Block 398 (0xb51ec6d7cc72d000e392c3a8c89c684a901d568badc998b9d46a67b046df89a3) is already imported
2026-10-07 13:01:35.068+00:00 | BftProcessorExecutor-QBFT-0 | INFO  | QbftBesuControllerBuilder | Imported #399 / 0 tx / 0 pending / 0 (0.0%) gas / (0x4be051a18104046ebd186d613d8c14c787c469c536ebe36214aa1a4970c8473f)
2026-10-07 13:01:37.094+00:00 | EthScheduler-Workers-0 | INFO  | PersistBlockTask | Block 400 (0xaccdee01e01369b0f204a4a6f018dd5250389b8cf1256db4cc542a17435be053) is already imported
2026-10-07 13:01:37.094+00:00 | BftProcessorExecutor-QBFT-0 | INFO  | QbftBesuControllerBuilder | Imported #400 / 0 tx / 0 pending / 0 (0.0%) gas / (0xaccdee01e01369b0f204a4a6f018dd5250389b8cf1256db4cc542a17435be053)
2026-10-07 13:01:39.116+00:00 | BftProcessorExecutor-QBFT-0 | INFO  | QbftBesuControllerBuilder | Imported #401 / 0 tx / 0 pending / 0 (0.0%) gas / (0x0c5482f5bc90b424daa9cbd4728db1550ba803496822eb25e76a715a04a32c10)
2026-10-07 13:01:39.116+00:00 | EthScheduler-Workers-0 | INFO  | PersistBlockTask | Block 401 (0x0c5482f5bc90b424daa9cbd4728db1550ba803496822eb25e76a715a04a32c10) is already imported
2026-10-07 13:01:41.101+00:00 | BftProcessorExecutor-QBFT-0 | INFO  | QbftBesuControllerBuilder | Imported #402 / 0 tx / 0 pending / 0 (0.0%) gas / (0x8b52eb24a087497a5707ff59bfa53e9a839d070daa8ab1353f09f073ec685340)
2026-10-07 13:01:43.082+00:00 | BftProcessorExecutor-QBFT-0 | INFO  | QbftBesuControllerBuilder | Imported #403 / 0 tx / 0 pending / 0 (0.0%) gas / (0xb3308fd15555018584f65f5a360f9261dcefad8a0998770fa27b56de570b40e3)
2026-10-07 13:01:45.092+00:00 | BftProcessorExecutor-QBFT-0 | INFO  | QbftBesuControllerBuilder | Imported #404 / 0 tx / 0 pending / 0 (0.0%) gas / (0xb77399a08247e202b48c7b9c41055ba12564f08af353f317a0aff6c47d732204)
2026-10-07 13:01:47.097+00:00 | BftProcessorExecutor-QBFT-0 | INFO  | QbftBesuControllerBuilder | Imported #405 / 0 tx / 0 pending / 0 (0.0%) gas / (0xcc345b2655d967544e3df4439ede20c82e0ed3b662b35c49bee36da4ab1acd8d)
2026-10-07 13:01:49.096+00:00 | BftProcessorExecutor-QBFT-0 | INFO  | QbftBesuControllerBuilder | Imported #406 / 0 tx / 0 pending / 0 (0.0%) gas / (0xb31b3cc1b5d8ebc92bfdad7797122d4458e344076b45cecd6623ad66b7edf759)
2026-10-07 13:01:49.096+00:00 | EthScheduler-Workers-0 | INFO  | PersistBlockTask | Block 406 (0xb31b3cc1b5d8ebc92bfdad7797122d4458e344076b45cecd6623ad66b7edf759) is already imported
2026-10-07 13:01:51.090+00:00 | BftProcessorExecutor-QBFT-0 | INFO  | QbftBesuControllerBuilder | Imported #407 / 0 tx / 0 pending / 0 (0.0%) gas / (0x2c0bfe7520b21eeddc2729687c48731ff5ed114104f7e633cb1265e9da2c31a9)
2026-10-07 13:01:53.090+00:00 | BftProcessorExecutor-QBFT-0 | INFO  | QbftBesuControllerBuilder | Imported #408 / 0 tx / 0 pending / 0 (0.0%) gas / (0x056383abe72f5dc3fc93aa16ef2a4c4171318577656fe2f62810688719e26e45)
2026-10-07 13:01:55.090+00:00 | BftProcessorExecutor-QBFT-0 | INFO  | QbftBesuControllerBuilder | Imported #409 / 0 tx / 0 pending / 0 (0.0%) gas / (0x14944cf894cd7f75da3e617715852c2373d216ca11989c200df036c86a0ff03e)
2026-10-07 13:01:57.080+00:00 | BftProcessorExecutor-QBFT-0 | INFO  | QbftBesuControllerBuilder | Imported #410 / 0 tx / 0 pending / 0 (0.0%) gas / (0x478ca496a59b661cf9273fa7f4ac0c70ec3223cbb465e340367e99186eb5e221)
2026-10-07 13:01:59.109+00:00 | BftProcessorExecutor-QBFT-0 | INFO  | QbftBesuControllerBuilder | Imported #411 / 0 tx / 0 pending / 0 (0.0%) gas / (0x63140a13131147aa9c24d0f8fe437fedd4e23b750edb49ecdacf1989385ab6a9)
2026-10-07 13:02:01.095+00:00 | BftProcessorExecutor-QBFT-0 | INFO  | QbftBesuControllerBuilder | Produced #412 / 0 tx / 0 pending / 0 (0.0%) gas / (0xee9823a533c08a2461ad24c9b177a5df3c4f4aa569a9eee8510c6dd07bfab902)
2026-10-07 13:02:03.121+00:00 | EthScheduler-Workers-0 | INFO  | PersistBlockTask | Block 413 (0x72836d29df7e472f8e02e50fdcda48f2695ec8527cc275a47c4a639c47e29793) is already imported
2026-10-07 13:02:03.122+00:00 | BftProcessorExecutor-QBFT-0 | INFO  | QbftBesuControllerBuilder | Imported #413 / 0 tx / 0 pending / 0 (0.0%) gas / (0x72836d29df7e472f8e02e50fdcda48f2695ec8527cc275a47c4a639c47e29793)
2026-10-07 13:02:05.094+00:00 | BftProcessorExecutor-QBFT-0 | INFO  | QbftBesuControllerBuilder | Imported #414 / 0 tx / 0 pending / 0 (0.0%) gas / (0xbba2f7e911c4f78e2106733149efeb1ae612bc935e1675fc73c7473cfa8804c4)
2026-10-07 13:02:07.087+00:00 | BftProcessorExecutor-QBFT-0 | INFO  | QbftBesuControllerBuilder | Imported #415 / 0 tx / 0 pending / 0 (0.0%) gas / (0xa07190414978f8167a32e1fe82434084207cc609b0d5d300844802a452950cac)
2026-10-07 13:02:09.089+00:00 | BftProcessorExecutor-QBFT-0 | INFO  | QbftBesuControllerBuilder | Imported #416 / 0 tx / 0 pending / 0 (0.0%) gas / (0x38580e395ce1ddc8b1a582d9613cb69d561e23e9deb44b6e94078706a9312219)
2026-10-07 13:02:11.096+00:00 | BftProcessorExecutor-QBFT-0 | INFO  | QbftBesuControllerBuilder | Imported #417 / 0 tx / 0 pending / 0 (0.0%) gas / (0x0b1c4da1eada50a344bb132ddc3f6d52a0f5fadc1f80699736b4f06224c1f090)
2026-10-07 13:02:13.103+00:00 | BftProcessorExecutor-QBFT-0 | INFO  | QbftBesuControllerBuilder | Imported #418 / 0 tx / 0 pending / 0 (0.0%) gas / (0xbd09ab9ec4a6b56ddd68f105c4b9d6f708d7ddcb900089550c5b8b692c1ac5cb)
2026-10-07 13:02:15.091+00:00 | BftProcessorExecutor-QBFT-0 | INFO  | QbftBesuControllerBuilder | Imported #419 / 0 tx / 0 pending / 0 (0.0%) gas / (0x2ab04ca5d58718be4e5b1376d247538dddc13ff745c2f0c8b5ea7ca7b231e923)
2026-10-07 13:02:17.088+00:00 | BftProcessorExecutor-QBFT-0 | INFO  | QbftBesuControllerBuilder | Imported #420 / 0 tx / 0 pending / 0 (0.0%) gas / (0x867ccfb8fee4c5925665f35254a1739c5c723e9bb91663c009dc93ffa5dd35f7)
2026-10-07 13:02:19.089+00:00 | BftProcessorExecutor-QBFT-0 | INFO  | QbftBesuControllerBuilder | Imported #421 / 0 tx / 0 pending / 0 (0.0%) gas / (0x403b62393dfbcb2c3ef70c8d42e1e842850282ea29fe897948b77dd5384440e5)
2026-10-07 13:02:21.097+00:00 | BftProcessorExecutor-QBFT-0 | INFO  | QbftBesuControllerBuilder | Imported #422 / 0 tx / 0 pending / 0 (0.0%) gas / (0x35bbde9b99d7b481e5ed79533031d15beb9d6de0d59cfffa362e94e2f75f9c57)
2026-10-07 13:02:21.100+00:00 | EthScheduler-Workers-0 | INFO  | PersistBlockTask | Block 422 (0x35bbde9b99d7b481e5ed79533031d15beb9d6de0d59cfffa362e94e2f75f9c57) is already imported
2026-10-07 13:02:23.092+00:00 | BftProcessorExecutor-QBFT-0 | INFO  | QbftBesuControllerBuilder | Imported #423 / 0 tx / 0 pending / 0 (0.0%) gas / (0x9e622f73ad7d2a75a66d1469d0ee77d2754e80f6b7597a8d42faa3e88b685af5)
2026-10-07 13:02:25.083+00:00 | BftProcessorExecutor-QBFT-0 | INFO  | QbftBesuControllerBuilder | Imported #424 / 0 tx / 0 pending / 0 (0.0%) gas / (0x46af7c92330bbb7257f46ce548a1306b258077530dd28c1aec748c27742fb5bf)
2026-10-07 13:02:27.092+00:00 | BftProcessorExecutor-QBFT-0 | INFO  | QbftBesuControllerBuilder | Imported #425 / 0 tx / 0 pending / 0 (0.0%) gas / (0xfd327a19ef1e7732ad0c2781c49f172cad1afc4645d4f5d666df8fbb52b58ae4)
2026-10-07 13:02:29.090+00:00 | BftProcessorExecutor-QBFT-0 | INFO  | QbftBesuControllerBuilder | Imported #426 / 0 tx / 0 pending / 0 (0.0%) gas / (0xcc1d820536c61204b741385d60c425b1b356a6eae4e8fea49fbbd932d737297d)
2026-10-07 13:02:29.091+00:00 | EthScheduler-Workers-0 | INFO  | PersistBlockTask | Block 426 (0xcc1d820536c61204b741385d60c425b1b356a6eae4e8fea49fbbd932d737297d) is already imported
2026-10-07 13:02:31.090+00:00 | BftProcessorExecutor-QBFT-0 | INFO  | QbftBesuControllerBuilder | Produced #427 / 0 tx / 0 pending / 0 (0.0%) gas / (0xcd402fe02422687564be885dc0296b11771cf0e3adcdb5e221e5069f5656516b)
2026-10-07 13:02:33.089+00:00 | BftProcessorExecutor-QBFT-0 | INFO  | QbftBesuControllerBuilder | Imported #428 / 0 tx / 0 pending / 0 (0.0%) gas / (0xcae8f10e4c66476c1e650f6fd40f5a31f0ef2a5ae92db3ef7307924e2792c5ac)
2026-10-07 13:02:35.100+00:00 | BftProcessorExecutor-QBFT-0 | INFO  | QbftBesuControllerBuilder | Imported #429 / 0 tx / 0 pending / 0 (0.0%) gas / (0xc31c1ef3bd5c4b349f1c99c206b23669f825c32eab8bf45c4ad9360abf207b5f)
2026-10-07 13:02:37.089+00:00 | BftProcessorExecutor-QBFT-0 | INFO  | QbftBesuControllerBuilder | Imported #430 / 0 tx / 0 pending / 0 (0.0%) gas / (0x79df5c55fae20dfa70fa7b76df2c7aa300efcb8c480b71da2db950c35b264cb6)
2026-10-07 13:02:39.089+00:00 | BftProcessorExecutor-QBFT-0 | INFO  | QbftBesuControllerBuilder | Imported #431 / 0 tx / 0 pending / 0 (0.0%) gas / (0xf4422a36394fcb341c0579a9c6c0c64eebc4d29c01ee4dce99760c123fb31807)
2026-10-07 13:02:41.087+00:00 | BftProcessorExecutor-QBFT-0 | INFO  | QbftBesuControllerBuilder | Imported #432 / 0 tx / 0 pending / 0 (0.0%) gas / (0x5211e2ebf7d52c4bef3ec396dd7c729c40945b5c8cb20839fb264ef04eddcf86)
2026-10-07 13:02:43.091+00:00 | BftProcessorExecutor-QBFT-0 | INFO  | QbftBesuControllerBuilder | Imported #433 / 0 tx / 0 pending / 0 (0.0%) gas / (0x56ebc9fee9cf4817eaec34fb58f002e5c882cd0da0ac9974244d398ccae53480)
2026-10-07 13:02:45.087+00:00 | BftProcessorExecutor-QBFT-0 | INFO  | QbftBesuControllerBuilder | Imported #434 / 0 tx / 0 pending / 0 (0.0%) gas / (0xd39258a616c223bff625b4b0270baf94a2ea29dfde6898b757a93a21ec33fdf4)
2026-10-07 13:02:47.093+00:00 | BftProcessorExecutor-QBFT-0 | INFO  | QbftBesuControllerBuilder | Imported #435 / 0 tx / 0 pending / 0 (0.0%) gas / (0x64f9b1179af7b3a55001f3e420f1e7af27ffc532ddae6a414f7898610d360f39)
2026-10-07 13:02:49.082+00:00 | BftProcessorExecutor-QBFT-0 | INFO  | QbftBesuControllerBuilder | Imported #436 / 0 tx / 0 pending / 0 (0.0%) gas / (0x3b88bfc1494b904c7b905a15d2d598c8ce10a075a1807b7ccca8f9d368619fd1)
2026-10-07 13:02:51.086+00:00 | BftProcessorExecutor-QBFT-0 | INFO  | QbftBesuControllerBuilder | Imported #437 / 0 tx / 0 pending / 0 (0.0%) gas / (0xb4ee19b5b2d5cfbca66bbf859268fa80ce2eb2ecff45cbc35577bfbacb1e5d7b)
2026-10-07 13:02:51.088+00:00 | EthScheduler-Workers-0 | INFO  | PersistBlockTask | Block 437 (0xb4ee19b5b2d5cfbca66bbf859268fa80ce2eb2ecff45cbc35577bfbacb1e5d7b) is already imported
2026-10-07 13:02:53.092+00:00 | BftProcessorExecutor-QBFT-0 | INFO  | QbftBesuControllerBuilder | Imported #438 / 0 tx / 0 pending / 0 (0.0%) gas / (0x95f153f816ce8f0aa5d2ec61ee6b3a978a787c65ae331b42db061d265354226e)
2026-10-07 13:02:55.090+00:00 | BftProcessorExecutor-QBFT-0 | INFO  | QbftBesuControllerBuilder | Imported #439 / 0 tx / 0 pending / 0 (0.0%) gas / (0x0fe447de305405f1f99521868ebc38e58a3a22389ad3af4ad4b44c2ddc5432d8)
2026-10-07 13:02:57.081+00:00 | BftProcessorExecutor-QBFT-0 | INFO  | QbftBesuControllerBuilder | Imported #440 / 0 tx / 0 pending / 0 (0.0%) gas / (0xb1fde67540e73046cbc1b6661a3f83eea288e3b417f49faeb2e5e9cfe3b6a3f2)
2026-10-07 13:02:59.084+00:00 | BftProcessorExecutor-QBFT-0 | INFO  | QbftBesuControllerBuilder | Imported #441 / 0 tx / 0 pending / 0 (0.0%) gas / (0x3f581b3e605c067cd278a7fbcc764a5a15e19b16061395a7b3240ba26c3bd423)
2026-10-07 13:03:01.098+00:00 | BftProcessorExecutor-QBFT-0 | INFO  | QbftBesuControllerBuilder | Produced #442 / 0 tx / 0 pending / 0 (0.0%) gas / (0xe1cf88a7d155795fbf0ed5c67ebed84084c8a54905a4d9741d16fddd335f0436)
2026-10-07 13:03:03.092+00:00 | BftProcessorExecutor-QBFT-0 | INFO  | QbftBesuControllerBuilder | Imported #443 / 0 tx / 0 pending / 0 (0.0%) gas / (0xa0b79f474a2a867d5d171dc1dbbd58bbefc5c2c93a3e5f2d3e3caefb9b9f1352)
2026-10-07 13:03:05.095+00:00 | BftProcessorExecutor-QBFT-0 | INFO  | QbftBesuControllerBuilder | Imported #444 / 0 tx / 0 pending / 0 (0.0%) gas / (0x837b751b74b554e5d7e85db90556613285cb8a16b72743264e3acb982e8347b9)
2026-10-07 13:03:07.086+00:00 | EthScheduler-Workers-0 | INFO  | PersistBlockTask | Block 445 (0x970eba26403c32c863cd705cb204c463f1ac4da1de9b454b33dca0f2fac62502) is already imported
2026-10-07 13:03:07.086+00:00 | BftProcessorExecutor-QBFT-0 | INFO  | QbftBesuControllerBuilder | Imported #445 / 0 tx / 0 pending / 0 (0.0%) gas / (0x970eba26403c32c863cd705cb204c463f1ac4da1de9b454b33dca0f2fac62502)
2026-10-07 13:03:09.098+00:00 | BftProcessorExecutor-QBFT-0 | INFO  | QbftBesuControllerBuilder | Imported #446 / 0 tx / 0 pending / 0 (0.0%) gas / (0xafc2c4cef5820dc4049bcedaae8a5d8065b8ee35e57cdaefdfd475e2a4df4c36)
2026-10-07 13:03:11.074+00:00 | BftProcessorExecutor-QBFT-0 | INFO  | QbftBesuControllerBuilder | Imported #447 / 0 tx / 0 pending / 0 (0.0%) gas / (0xc294b1fc74c5be9f591e339e7652ed33a68341ed39c8c95cd811a6479221f98e)
2026-10-07 13:03:13.093+00:00 | BftProcessorExecutor-QBFT-0 | INFO  | QbftBesuControllerBuilder | Imported #448 / 0 tx / 0 pending / 0 (0.0%) gas / (0x21472e12af54c60e1c2dd12ab911744fbfd29394d9b661f5c4831bdf7a0ca800)
2026-10-07 13:03:15.094+00:00 | BftProcessorExecutor-QBFT-0 | INFO  | QbftBesuControllerBuilder | Imported #449 / 0 tx / 0 pending / 0 (0.0%) gas / (0x7cce5410e5d0869a4316342f5b5ac9cc456c6575c338b90f113d8350f053b747)
2026-10-07 13:03:17.089+00:00 | BftProcessorExecutor-QBFT-0 | INFO  | QbftBesuControllerBuilder | Imported #450 / 0 tx / 0 pending / 0 (0.0%) gas / (0xf8de64ee5eb5f8c4a3e9cfdd93467bc105bcce1839f9e41d1fbfd8b885cb5de9)
2026-10-07 13:03:19.087+00:00 | BftProcessorExecutor-QBFT-0 | INFO  | QbftBesuControllerBuilder | Imported #451 / 0 tx / 0 pending / 0 (0.0%) gas / (0x502c0919be356d1556185725f586341a715760bd6bf01d3e915309c3f1a4fc10)
2026-10-07 13:03:21.087+00:00 | BftProcessorExecutor-QBFT-0 | INFO  | QbftBesuControllerBuilder | Imported #452 / 0 tx / 0 pending / 0 (0.0%) gas / (0x2d99b37662e5e491dc412c71499226f39ebfb3c685fb8976e747d33dc612a8ea)
2026-10-07 13:03:23.099+00:00 | BftProcessorExecutor-QBFT-0 | INFO  | QbftBesuControllerBuilder | Imported #453 / 0 tx / 0 pending / 0 (0.0%) gas / (0xa8735121ad056002e3f34ca4551bd15ad872b89eb43755c7e386dfc0cd7343af)
2026-10-07 13:03:25.102+00:00 | BftProcessorExecutor-QBFT-0 | INFO  | QbftBesuControllerBuilder | Imported #454 / 1 tx / 7 pending / 153,650 (0.0%) gas / (0x326babb364fb5b672e9613f9910b394b1d43ce2f6efa8c2ad6a15a99605e5aef)
2026-10-07 13:03:27.104+00:00 | EthScheduler-Workers-0 | INFO  | PersistBlockTask | Block 455 (0x48d6addcdad5e6a5675869503be7953dda1415e94e9e4a14f0023dde9c979b0c) is already imported
2026-10-07 13:03:27.104+00:00 | BftProcessorExecutor-QBFT-0 | INFO  | QbftBesuControllerBuilder | Imported #455 / 1 tx / 6 pending / 153,630 (0.0%) gas / (0x48d6addcdad5e6a5675869503be7953dda1415e94e9e4a14f0023dde9c979b0c)
2026-10-07 13:03:29.106+00:00 | BftProcessorExecutor-QBFT-0 | INFO  | QbftBesuControllerBuilder | Imported #456 / 1 tx / 5 pending / 153,630 (0.0%) gas / (0x73628ca74c34c2019696a8a808dddc17fef74301f569a1646f84df250d2a4275)
2026-10-07 13:03:31.093+00:00 | BftProcessorExecutor-QBFT-0 | INFO  | QbftBesuControllerBuilder | Produced #457 / 1 tx / 4 pending / 153,650 (0.0%) gas / (0xf4fb8745d68ec7378130075f5f620a0af6f2dfa4fa8b68fff24d80ac12c437db)
2026-10-07 13:03:33.082+00:00 | BftProcessorExecutor-QBFT-0 | INFO  | QbftBesuControllerBuilder | Imported #458 / 0 tx / 4 pending / 0 (0.0%) gas / (0x67f557a422890f943625e7e737f5c7ca74e00f7a8bb1ae267ba17537fde59c5e)
2026-10-07 13:03:35.082+00:00 | BftProcessorExecutor-QBFT-0 | INFO  | QbftBesuControllerBuilder | Imported #459 / 0 tx / 4 pending / 0 (0.0%) gas / (0xd9a3dfb8b43662a671d5e1c7b909cadc592925cec888be7547cbfde543104b23)
2026-10-07 13:03:37.090+00:00 | EthScheduler-Workers-0 | INFO  | PersistBlockTask | Block 460 (0x7df0db4d2cda4e5aade3771d18b89f23c67cb636619b2566cb3ff36d4611ef8f) is already imported
2026-10-07 13:03:37.091+00:00 | BftProcessorExecutor-QBFT-0 | INFO  | QbftBesuControllerBuilder | Imported #460 / 0 tx / 4 pending / 0 (0.0%) gas / (0x7df0db4d2cda4e5aade3771d18b89f23c67cb636619b2566cb3ff36d4611ef8f)
2026-10-07 13:03:39.099+00:00 | BftProcessorExecutor-QBFT-0 | INFO  | QbftBesuControllerBuilder | Imported #461 / 0 tx / 4 pending / 0 (0.0%) gas / (0x42c177a185ac97676b4a6ec78d9ddf4cf05d266271417d6df56234291b8af746)
2026-10-07 13:03:41.070+00:00 | BftProcessorExecutor-QBFT-0 | INFO  | QbftBesuControllerBuilder | Imported #462 / 0 tx / 4 pending / 0 (0.0%) gas / (0xcfd7fccca4578e667849fab179d36a693e45012b08eab1b72aaf50183516c04d)
2026-10-07 13:03:43.090+00:00 | BftProcessorExecutor-QBFT-0 | INFO  | QbftBesuControllerBuilder | Imported #463 / 0 tx / 4 pending / 0 (0.0%) gas / (0x84cdfef26515b57fbd2a920b265c24a205b45d0b4c540b2e1b2d8a3800eb6f1f)
2026-10-07 13:03:45.090+00:00 | EthScheduler-Workers-0 | INFO  | PersistBlockTask | Block 464 (0x2b37313cb36d0b504b28888563d56226b9278042b84a77e7955e467422f2c2fd) is already imported
2026-10-07 13:03:45.091+00:00 | BftProcessorExecutor-QBFT-0 | INFO  | QbftBesuControllerBuilder | Imported #464 / 0 tx / 4 pending / 0 (0.0%) gas / (0x2b37313cb36d0b504b28888563d56226b9278042b84a77e7955e467422f2c2fd)
2026-10-07 13:03:47.092+00:00 | BftProcessorExecutor-QBFT-0 | INFO  | QbftBesuControllerBuilder | Imported #465 / 1 tx / 3 pending / 153,630 (0.0%) gas / (0xa860361c94ad5fb66655336b38b6b8aaf3159bba2216d2207c959c5bb8017692)
2026-10-07 13:03:49.104+00:00 | BftProcessorExecutor-QBFT-0 | INFO  | QbftBesuControllerBuilder | Imported #466 / 1 tx / 2 pending / 153,630 (0.0%) gas / (0x3c3e60f62493d96f8d42dc6a1ef03b2efe01f9e20cc643287854695ae803d0c6)
2026-10-07 13:03:51.096+00:00 | BftProcessorExecutor-QBFT-0 | INFO  | QbftBesuControllerBuilder | Imported #467 / 1 tx / 1 pending / 153,650 (0.0%) gas / (0x08791680fe4de4fc4b47d44d7e9f4ec6e4f2350f10debcef2f1e419c2976f964)
2026-10-07 13:03:53.107+00:00 | EthScheduler-Workers-0 | INFO  | PersistBlockTask | Block 468 (0x3f1035a3807a80ccaad471a3e8b2abef584f3441f5cec0f8b56cf9860aadd2b9) is already imported
2026-10-07 13:03:53.107+00:00 | BftProcessorExecutor-QBFT-0 | INFO  | QbftBesuControllerBuilder | Imported #468 / 1 tx / 0 pending / 153,650 (0.0%) gas / (0x3f1035a3807a80ccaad471a3e8b2abef584f3441f5cec0f8b56cf9860aadd2b9)
2026-10-07 13:03:55.088+00:00 | BftProcessorExecutor-QBFT-0 | INFO  | QbftBesuControllerBuilder | Imported #469 / 0 tx / 0 pending / 0 (0.0%) gas / (0xb04edc650d13569b91536c9e39eed214664baf4209b3c95a99aa5a1a4989c730)
2026-10-07 13:03:57.081+00:00 | BftProcessorExecutor-QBFT-0 | INFO  | QbftBesuControllerBuilder | Imported #470 / 0 tx / 0 pending / 0 (0.0%) gas / (0x7de6cf9f70de5fa0a7fbb36048382a9545c751e691affdfaa872ab0ebf2dea61)
2026-10-07 13:03:59.082+00:00 | EthScheduler-Workers-0 | INFO  | PersistBlockTask | Block 471 (0x41b8f71319fb26808b70488d141ad2505ccc30e332a53121b43601ee24c29f88) is already imported
2026-10-07 13:03:59.082+00:00 | BftProcessorExecutor-QBFT-0 | INFO  | QbftBesuControllerBuilder | Imported #471 / 0 tx / 0 pending / 0 (0.0%) gas / (0x41b8f71319fb26808b70488d141ad2505ccc30e332a53121b43601ee24c29f88)
2026-10-07 13:04:01.074+00:00 | BftProcessorExecutor-QBFT-0 | INFO  | QbftBesuControllerBuilder | Produced #472 / 0 tx / 0 pending / 0 (0.0%) gas / (0x9b56161f9ad72d748ca23f3e070ae3328ab7fedb3f59b1a183dd36cbd3a43632)
2026-10-07 13:04:03.091+00:00 | BftProcessorExecutor-QBFT-0 | INFO  | QbftBesuControllerBuilder | Imported #473 / 0 tx / 0 pending / 0 (0.0%) gas / (0x226e1db3842855bdb11f6981578728df3f984564be025e07be262324b6342107)
2026-10-07 13:04:03.092+00:00 | EthScheduler-Workers-0 | INFO  | PersistBlockTask | Block 473 (0x226e1db3842855bdb11f6981578728df3f984564be025e07be262324b6342107) is already imported
2026-10-07 13:04:05.091+00:00 | BftProcessorExecutor-QBFT-0 | INFO  | QbftBesuControllerBuilder | Imported #474 / 0 tx / 0 pending / 0 (0.0%) gas / (0x85e57cc27d17b0083c38328a9b57175c184aad90df673efb3e7f0146ee6581b5)
2026-10-07 13:04:07.074+00:00 | BftProcessorExecutor-QBFT-0 | INFO  | QbftBesuControllerBuilder | Imported #475 / 0 tx / 0 pending / 0 (0.0%) gas / (0xf5087f49ba99a2c94bc2bc1b1e00f5aa6b75a9627fccaac474b8bf48fbaea1db)
2026-10-07 13:04:09.085+00:00 | EthScheduler-Workers-0 | INFO  | PersistBlockTask | Block 476 (0xd1a8fe6d908d409465472b0812d30564bc02d8ff4b0b3604d87a4488964b4df7) is already imported
2026-10-07 13:04:09.085+00:00 | BftProcessorExecutor-QBFT-0 | INFO  | QbftBesuControllerBuilder | Imported #476 / 0 tx / 0 pending / 0 (0.0%) gas / (0xd1a8fe6d908d409465472b0812d30564bc02d8ff4b0b3604d87a4488964b4df7)
2026-10-07 13:04:11.088+00:00 | EthScheduler-Workers-0 | INFO  | PersistBlockTask | Imported #477 / 0 tx / 0 om / 0 (0.0%) gas / (0xbc04f5220f7d7924f5a4b19784e1b13a2342e37897ec4f01362ad765062e72a2) in 0.003s. Peers: 14
2026-10-07 13:04:11.088+00:00 | BftProcessorExecutor-QBFT-0 | INFO  | QbftBesuControllerBuilder | Imported #477 / 0 tx / 0 pending / 0 (0.0%) gas / (0xbc04f5220f7d7924f5a4b19784e1b13a2342e37897ec4f01362ad765062e72a2)
2026-10-07 13:04:13.086+00:00 | EthScheduler-Workers-0 | INFO  | PersistBlockTask | Block 478 (0xb6acb41fefc5f0913b633cf5e70762fc032a2b761a6563477cbfbd9b648b8425) is already imported
2026-10-07 13:04:13.087+00:00 | BftProcessorExecutor-QBFT-0 | INFO  | QbftBesuControllerBuilder | Imported #478 / 0 tx / 0 pending / 0 (0.0%) gas / (0xb6acb41fefc5f0913b633cf5e70762fc032a2b761a6563477cbfbd9b648b8425)
2026-10-07 13:04:15.091+00:00 | BftProcessorExecutor-QBFT-0 | INFO  | QbftBesuControllerBuilder | Imported #479 / 0 tx / 0 pending / 0 (0.0%) gas / (0x14158832f34ec60dec33171e82f7cc1b5b032f1976a8e76293e642e7e475e22d)
2026-10-07 13:04:15.092+00:00 | EthScheduler-Workers-0 | INFO  | PersistBlockTask | Block 479 (0x14158832f34ec60dec33171e82f7cc1b5b032f1976a8e76293e642e7e475e22d) is already imported
2026-10-07 13:04:17.088+00:00 | EthScheduler-Workers-0 | INFO  | PersistBlockTask | Block 480 (0xba7fccf34ca9c910b502387e9cfda52d1ad5ef0e0d2322dd25cbc68a317fe9c0) is already imported
2026-10-07 13:04:17.088+00:00 | BftProcessorExecutor-QBFT-0 | INFO  | QbftBesuControllerBuilder | Imported #480 / 0 tx / 0 pending / 0 (0.0%) gas / (0xba7fccf34ca9c910b502387e9cfda52d1ad5ef0e0d2322dd25cbc68a317fe9c0)
2026-10-07 13:04:19.090+00:00 | EthScheduler-Workers-0 | INFO  | PersistBlockTask | Block 481 (0x4b8e21649d79817fe6b134e08f9f98dced4c298daabdd54fad65196d7b6cc639) is already imported
2026-10-07 13:04:19.090+00:00 | BftProcessorExecutor-QBFT-0 | INFO  | QbftBesuControllerBuilder | Imported #481 / 0 tx / 0 pending / 0 (0.0%) gas / (0x4b8e21649d79817fe6b134e08f9f98dced4c298daabdd54fad65196d7b6cc639)
2026-10-07 13:04:21.089+00:00 | BftProcessorExecutor-QBFT-0 | INFO  | QbftBesuControllerBuilder | Imported #482 / 0 tx / 0 pending / 0 (0.0%) gas / (0xac310358f7632e53d2460f5206f212dc2a252f8917a8eb72ec7cc0b923766f28)
2026-10-07 13:04:21.090+00:00 | EthScheduler-Workers-0 | INFO  | PersistBlockTask | Block 482 (0xac310358f7632e53d2460f5206f212dc2a252f8917a8eb72ec7cc0b923766f28) is already imported
2026-10-07 13:04:23.100+00:00 | BftProcessorExecutor-QBFT-0 | INFO  | QbftBesuControllerBuilder | Imported #483 / 0 tx / 0 pending / 0 (0.0%) gas / (0x64408ded5bcd42e395b9da3c49abe7313e3878158d7c6eee28feb582d64d8ce9)
2026-10-07 13:04:25.091+00:00 | BftProcessorExecutor-QBFT-0 | INFO  | QbftBesuControllerBuilder | Imported #484 / 0 tx / 0 pending / 0 (0.0%) gas / (0x31750d336cde07fc891eb9cba125660089fba9db43889552ff205293ec883cdc)
2026-10-07 13:04:27.363+00:00 | BftProcessorExecutor-QBFT-0 | INFO  | QbftBesuControllerBuilder | Imported #485 / 10 tx / 207 pending / 2,419,700 (0.0%) gas / (0x7ba4562c0afa99cac0e5aaf62dc9fc6be3ed0b8bd7d0f4bc6a410d4095d1786b)
2026-10-07 13:04:27.363+00:00 | EthScheduler-Workers-0 | INFO  | PersistBlockTask | Block 485 (0x7ba4562c0afa99cac0e5aaf62dc9fc6be3ed0b8bd7d0f4bc6a410d4095d1786b) is already imported
2026-10-07 13:04:29.682+00:00 | EthScheduler-Workers-0 | INFO  | PersistBlockTask | Block 486 (0xbed4d75a2f67cfdbc2821382471e7116a95bce911b21b0a9c521c145c9ecc82d) is already imported
2026-10-07 13:04:29.682+00:00 | BftProcessorExecutor-QBFT-0 | INFO  | QbftBesuControllerBuilder | Imported #486 / 29 tx / 584 pending / 7,017,130 (0.0%) gas / (0xbed4d75a2f67cfdbc2821382471e7116a95bce911b21b0a9c521c145c9ecc82d)
2026-10-07 13:04:31.874+00:00 | BftProcessorExecutor-QBFT-0 | INFO  | QbftBesuControllerBuilder | Produced #487 / 51 tx / 933 pending / 12,340,470 (0.0%) gas / (0xbcfede31b9631ced6df7ae8be8ca73260bf14626b1ef322647d59897d94d1bf2)
2026-10-07 13:04:34.393+00:00 | EthScheduler-Workers-0 | INFO  | PersistBlockTask | Block 488 (0xcb0cbf260f7fee8c754078220cf8bcd523e59e4d9d3c75f713c1dcd490cac780) is already imported
2026-10-07 13:04:34.394+00:00 | BftProcessorExecutor-QBFT-0 | INFO  | QbftBesuControllerBuilder | Imported #488 / 83 tx / 1515 pending / 20,083,510 (0.0%) gas / (0xcb0cbf260f7fee8c754078220cf8bcd523e59e4d9d3c75f713c1dcd490cac780)
2026-10-07 13:04:36.854+00:00 | EthScheduler-Workers-0 | INFO  | PersistBlockTask | Block 489 (0x4500067a2c2d65f8e3ec881ac9a54d4784bbc986fcd034050c56ca99794e4d1a) is already imported
2026-10-07 13:04:36.856+00:00 | BftProcessorExecutor-QBFT-0 | INFO  | QbftBesuControllerBuilder | Imported #489 / 118 tx / 2096 pending / 28,552,460 (0.0%) gas / (0x4500067a2c2d65f8e3ec881ac9a54d4784bbc986fcd034050c56ca99794e4d1a)
2026-10-07 13:04:39.485+00:00 | EthScheduler-Workers-0 | INFO  | PersistBlockTask | Block 490 (0x231c8c710ec20e10947d83fdae2542a5b9d55b3f83b7e2f92b0e2d4dcbfc6db0) is already imported
2026-10-07 13:04:39.488+00:00 | BftProcessorExecutor-QBFT-0 | INFO  | QbftBesuControllerBuilder | Imported #490 / 163 tx / 2944 pending / 39,441,110 (0.0%) gas / (0x231c8c710ec20e10947d83fdae2542a5b9d55b3f83b7e2f92b0e2d4dcbfc6db0)
2026-10-07 13:04:42.561+00:00 | EthScheduler-Workers-0 | INFO  | PersistBlockTask | Block 491 (0x785c9773818b6364a28be347cdd1de54ddf1a74de91163b9211acd35b399568e) is already imported
2026-10-07 13:04:42.566+00:00 | BftProcessorExecutor-QBFT-0 | INFO  | QbftBesuControllerBuilder | Imported #491 / 224 tx / 3971 pending / 54,201,280 (0.0%) gas / (0x785c9773818b6364a28be347cdd1de54ddf1a74de91163b9211acd35b399568e)
2026-10-07 13:04:46.772+00:00 | EthScheduler-Workers-0 | INFO  | PersistBlockTask | Block 492 (0x61ed42cbae8499609b307439047c4023e895c56c08157eee0c6ee23521b8474a) is already imported
2026-10-07 13:04:46.777+00:00 | BftProcessorExecutor-QBFT-0 | INFO  | QbftBesuControllerBuilder | Imported #492 / 309 tx / 5176 pending / 74,768,730 (0.0%) gas / (0x61ed42cbae8499609b307439047c4023e895c56c08157eee0c6ee23521b8474a)
2026-10-07 13:04:51.312+00:00 | EthScheduler-Workers-0 | INFO  | PersistBlockTask | Block 493 (0x75b3211332438a4097ae335f6eb23ea7780cbca4a8cab09c3efaf1010e50df31) is already imported
2026-10-07 13:04:51.316+00:00 | BftProcessorExecutor-QBFT-0 | INFO  | QbftBesuControllerBuilder | Imported #493 / 322 tx / 6876 pending / 77,914,340 (0.0%) gas / (0x75b3211332438a4097ae335f6eb23ea7780cbca4a8cab09c3efaf1010e50df31)
2026-10-07 13:04:56.006+00:00 | EthScheduler-Workers-0 | INFO  | PersistBlockTask | Block 494 (0x32da3d7d55e71029e0a1b80c977e239d06685bf8bc33890a74d6c3ea32592a4b) is already imported
2026-10-07 13:04:56.011+00:00 | BftProcessorExecutor-QBFT-0 | INFO  | QbftBesuControllerBuilder | Imported #494 / 344 tx / 6539 pending / 83,237,680 (0.0%) gas / (0x32da3d7d55e71029e0a1b80c977e239d06685bf8bc33890a74d6c3ea32592a4b)
2026-10-07 13:05:00.699+00:00 | EthScheduler-Workers-0 | INFO  | PersistBlockTask | Block 495 (0x00a9359a1042ad9b2a7df34e123802b364f63b942ea778e3c0489a61196bce25) is already imported
2026-10-07 13:05:00.704+00:00 | BftProcessorExecutor-QBFT-0 | INFO  | QbftBesuControllerBuilder | Imported #495 / 346 tx / 6193 pending / 83,721,620 (0.0%) gas / (0x00a9359a1042ad9b2a7df34e123802b364f63b942ea778e3c0489a61196bce25)
2026-10-07 13:05:05.439+00:00 | EthScheduler-Workers-0 | INFO  | PersistBlockTask | Block 496 (0xc397c9608a6f79da05098da108ab85d1a8ba35b1a92403ff70f2bb670716cd96) is already imported
2026-10-07 13:05:05.444+00:00 | BftProcessorExecutor-QBFT-0 | INFO  | QbftBesuControllerBuilder | Imported #496 / 345 tx / 5848 pending / 83,479,650 (0.0%) gas / (0xc397c9608a6f79da05098da108ab85d1a8ba35b1a92403ff70f2bb670716cd96)
2026-10-07 13:05:10.051+00:00 | EthScheduler-Workers-0 | INFO  | PersistBlockTask | Block 497 (0x840a3eec8e4983dc06215889759436c011fe4272929e2d2ad03c8e406b1c04b4) is already imported
2026-10-07 13:05:10.055+00:00 | BftProcessorExecutor-QBFT-0 | INFO  | QbftBesuControllerBuilder | Imported #497 / 336 tx / 5512 pending / 81,301,920 (0.0%) gas / (0x840a3eec8e4983dc06215889759436c011fe4272929e2d2ad03c8e406b1c04b4)
2026-10-07 13:05:14.781+00:00 | EthScheduler-Workers-0 | INFO  | PersistBlockTask | Block 498 (0x78ab329e269cb497410a1910969ff17f40c1752823ea9df0f1f58f693eadfeb0) is already imported
2026-10-07 13:05:14.785+00:00 | BftProcessorExecutor-QBFT-0 | INFO  | QbftBesuControllerBuilder | Imported #498 / 340 tx / 5172 pending / 82,269,800 (0.0%) gas / (0x78ab329e269cb497410a1910969ff17f40c1752823ea9df0f1f58f693eadfeb0)
2026-10-07 13:05:19.474+00:00 | EthScheduler-Workers-0 | INFO  | PersistBlockTask | Block 499 (0xa204fa27e5049321410a44724e674cea547e618789ae87d120c147823cfac132) is already imported
2026-10-07 13:05:19.478+00:00 | BftProcessorExecutor-QBFT-0 | INFO  | QbftBesuControllerBuilder | Imported #499 / 346 tx / 4826 pending / 83,721,620 (0.0%) gas / (0xa204fa27e5049321410a44724e674cea547e618789ae87d120c147823cfac132)
2026-10-07 13:05:24.183+00:00 | EthScheduler-Workers-0 | INFO  | PersistBlockTask | Block 500 (0x5f2a5cf3e6e3084fb359fd0023049dd585c6cfbe5537caed81fa0a0f67fd4080) is already imported
2026-10-07 13:05:24.186+00:00 | BftProcessorExecutor-QBFT-0 | INFO  | QbftBesuControllerBuilder | Imported #500 / 338 tx / 4488 pending / 81,785,860 (0.0%) gas / (0x5f2a5cf3e6e3084fb359fd0023049dd585c6cfbe5537caed81fa0a0f67fd4080)
2026-10-07 13:05:29.140+00:00 | BftProcessorExecutor-QBFT-0 | INFO  | QbftBesuControllerBuilder | Imported #501 / 370 tx / 4118 pending / 89,528,900 (0.0%) gas / (0xe6a4d969980c3c11d2cd768e820111b20eca68be8b28d849a627a6bd4cd05674)
2026-10-07 13:05:30.642+00:00 | BftProcessorExecutor-QBFT-0 | WARN  | BlockTransactionSelector | Interrupting the selection of transactions for block inclusion as it exceeds the maximum configured duration of 1500ms
java.util.concurrent.TimeoutException
	at java.base/java.util.concurrent.CompletableFuture.timedGet(CompletableFuture.java:1960)
	at java.base/java.util.concurrent.CompletableFuture.get(CompletableFuture.java:2095)
	at org.hyperledger.besu.ethereum.blockcreation.txselection.BlockTransactionSelector.timeLimitedSelection(BlockTransactionSelector.java:186)
	at org.hyperledger.besu.ethereum.blockcreation.txselection.BlockTransactionSelector.buildTransactionListForBlock(BlockTransactionSelector.java:169)
	at org.hyperledger.besu.ethereum.blockcreation.AbstractBlockCreator.selectTransactions(AbstractBlockCreator.java:376)
	at org.hyperledger.besu.ethereum.blockcreation.AbstractBlockCreator.createBlock(AbstractBlockCreator.java:218)
	at org.hyperledger.besu.ethereum.blockcreation.AbstractBlockCreator.createBlock(AbstractBlockCreator.java:146)
	at org.hyperledger.besu.consensus.common.bft.blockcreation.BftBlockCreator.createBlock(BftBlockCreator.java:92)
	at org.hyperledger.besu.consensus.qbft.statemachine.QbftRound.createAndSendProposalMessage(QbftRound.java:137)
	at org.hyperledger.besu.consensus.qbft.statemachine.QbftBlockHeightManager.handleBlockTimerExpiry(QbftBlockHeightManager.java:140)
	at org.hyperledger.besu.consensus.common.bft.statemachine.BaseBftController.handleBlockTimerExpiry(BaseBftController.java:167)
	at org.hyperledger.besu.consensus.common.bft.EventMultiplexer.handleBftEvent(EventMultiplexer.java:65)
	at java.base/java.util.Optional.ifPresent(Optional.java:178)
	at org.hyperledger.besu.consensus.common.bft.BftProcessor.run(BftProcessor.java:65)
	at java.base/java.util.concurrent.ThreadPoolExecutor.runWorker(ThreadPoolExecutor.java:1144)
	at java.base/java.util.concurrent.ThreadPoolExecutor$Worker.run(ThreadPoolExecutor.java:642)
	at java.base/java.lang.Thread.run(Thread.java:1583)
2026-10-07 13:05:33.900+00:00 | EthScheduler-Workers-0 | INFO  | PersistBlockTask | Block 502 (0xe45aaf032660333959f45907405da92acc153a92f04648afe1dc2ebb360b2cd8) is already imported
2026-10-07 13:05:33.902+00:00 | BftProcessorExecutor-QBFT-0 | INFO  | QbftBesuControllerBuilder | Produced #502 / 345 tx / 3773 pending / 83,479,650 (0.0%) gas / (0xe45aaf032660333959f45907405da92acc153a92f04648afe1dc2ebb360b2cd8)
2026-10-07 13:05:38.553+00:00 | EthScheduler-Workers-0 | INFO  | PersistBlockTask | Block 503 (0xa576ca9e8ae57e2eb3a8453cc78c3fb4750e30058cff1975b7f438e9144d6512) is already imported
2026-10-07 13:05:38.556+00:00 | BftProcessorExecutor-QBFT-0 | INFO  | QbftBesuControllerBuilder | Imported #503 / 342 tx / 3431 pending / 82,753,740 (0.0%) gas / (0xa576ca9e8ae57e2eb3a8453cc78c3fb4750e30058cff1975b7f438e9144d6512)
2026-10-07 13:05:43.252+00:00 | BftProcessorExecutor-QBFT-0 | INFO  | QbftBesuControllerBuilder | Imported #504 / 345 tx / 3086 pending / 83,479,650 (0.0%) gas / (0x1f4f0d78bbda1b5a3b634c8e2c580e564f3a9335c18da7763f9f51918e44f98d)
2026-10-07 13:05:47.815+00:00 | EthScheduler-Workers-0 | INFO  | PersistBlockTask | Block 505 (0xfc5cca127a4f7aaad95b86c9d2e58950a468263f4c6142b1666c7ece33acb6e9) is already imported
2026-10-07 13:05:47.819+00:00 | BftProcessorExecutor-QBFT-0 | INFO  | QbftBesuControllerBuilder | Imported #505 / 320 tx / 2766 pending / 77,430,400 (0.0%) gas / (0xfc5cca127a4f7aaad95b86c9d2e58950a468263f4c6142b1666c7ece33acb6e9)
2026-10-07 13:05:51.997+00:00 | EthScheduler-Workers-0 | INFO  | PersistBlockTask | Block 506 (0xb88025683bc7df533b6bc2e8d8fc8f5247895df447a4cdcb3179b1514fb75d95) is already imported
2026-10-07 13:05:52.011+00:00 | BftProcessorExecutor-QBFT-0 | INFO  | QbftBesuControllerBuilder | Imported #506 / 321 tx / 2445 pending / 77,672,370 (0.0%) gas / (0xb88025683bc7df533b6bc2e8d8fc8f5247895df447a4cdcb3179b1514fb75d95)
2026-10-07 13:05:55.105+00:00 | EthScheduler-Workers-0 | INFO  | PersistBlockTask | Block 507 (0x2e3af8330e2f4c74a0874d491d8127a62f443497f412690650752538b8750cba) is already imported
2026-10-07 13:05:55.107+00:00 | BftProcessorExecutor-QBFT-0 | INFO  | QbftBesuControllerBuilder | Imported #507 / 235 tx / 2210 pending / 56,862,950 (0.0%) gas / (0x2e3af8330e2f4c74a0874d491d8127a62f443497f412690650752538b8750cba)
2026-10-07 13:05:58.208+00:00 | EthScheduler-Workers-0 | INFO  | PersistBlockTask | Block 508 (0xda3ea784263e6e20d787dfceb2a6a95831c9d1146db90dee2a9ffc04cbba659a) is already imported
2026-10-07 13:05:58.210+00:00 | BftProcessorExecutor-QBFT-0 | INFO  | QbftBesuControllerBuilder | Imported #508 / 222 tx / 1988 pending / 53,717,340 (0.0%) gas / (0xda3ea784263e6e20d787dfceb2a6a95831c9d1146db90dee2a9ffc04cbba659a)
2026-10-07 13:06:00.980+00:00 | EthScheduler-Workers-0 | INFO  | PersistBlockTask | Block 509 (0x0943638c88b4d1b22d159fac46f133fd51d2132d46a992ab7e8a631f4869292e) is already imported
2026-10-07 13:06:00.982+00:00 | BftProcessorExecutor-QBFT-0 | INFO  | QbftBesuControllerBuilder | Imported #509 / 200 tx / 1788 pending / 48,394,000 (0.0%) gas / (0x0943638c88b4d1b22d159fac46f133fd51d2132d46a992ab7e8a631f4869292e)
2026-10-07 13:06:03.801+00:00 | EthScheduler-Workers-0 | INFO  | PersistBlockTask | Block 510 (0x1b38f889d6a2e6fcd5d867d2761ffaab63877dea5f49be3712dcda301fd449e2) is already imported
2026-10-07 13:06:03.802+00:00 | BftProcessorExecutor-QBFT-0 | INFO  | QbftBesuControllerBuilder | Imported #510 / 203 tx / 1585 pending / 49,119,910 (0.0%) gas / (0x1b38f889d6a2e6fcd5d867d2761ffaab63877dea5f49be3712dcda301fd449e2)
2026-10-07 13:06:06.599+00:00 | EthScheduler-Workers-0 | INFO  | PersistBlockTask | Block 511 (0x1b945220905deb4526e988b2703fb23bdd564c0b55eb44ab687a080c8b0c6671) is already imported
2026-10-07 13:06:06.600+00:00 | BftProcessorExecutor-QBFT-0 | INFO  | QbftBesuControllerBuilder | Imported #511 / 204 tx / 1381 pending / 49,361,880 (0.0%) gas / (0x1b945220905deb4526e988b2703fb23bdd564c0b55eb44ab687a080c8b0c6671)
2026-10-07 13:06:09.492+00:00 | EthScheduler-Workers-0 | INFO  | PersistBlockTask | Block 512 (0x125c8e645dba95e42bc694d289e9655c335e5071d0c8d2c143abede63df49876) is already imported
2026-10-07 13:06:09.494+00:00 | BftProcessorExecutor-QBFT-0 | INFO  | QbftBesuControllerBuilder | Imported #512 / 213 tx / 1168 pending / 51,539,610 (0.0%) gas / (0x125c8e645dba95e42bc694d289e9655c335e5071d0c8d2c143abede63df49876)
2026-10-07 13:06:12.375+00:00 | EthScheduler-Workers-0 | INFO  | PersistBlockTask | Block 513 (0xd7bd085952267bd569131930040d8ee0c64ae7c1a8f0ed8881c52c4e5a02f7d5) is already imported
2026-10-07 13:06:12.377+00:00 | BftProcessorExecutor-QBFT-0 | INFO  | QbftBesuControllerBuilder | Imported #513 / 209 tx / 959 pending / 50,571,730 (0.0%) gas / (0xd7bd085952267bd569131930040d8ee0c64ae7c1a8f0ed8881c52c4e5a02f7d5)
2026-10-07 13:06:15.119+00:00 | EthScheduler-Workers-0 | INFO  | PersistBlockTask | Block 514 (0xc37c8a1947adb25fa247a1a9600d803ba6566f4cafe4f9d9ac5a50945aa658cd) is already imported
2026-10-07 13:06:15.120+00:00 | BftProcessorExecutor-QBFT-0 | INFO  | QbftBesuControllerBuilder | Imported #514 / 203 tx / 756 pending / 49,119,910 (0.0%) gas / (0xc37c8a1947adb25fa247a1a9600d803ba6566f4cafe4f9d9ac5a50945aa658cd)
2026-10-07 13:06:17.831+00:00 | EthScheduler-Workers-0 | INFO  | PersistBlockTask | Block 515 (0x7ce778f852f26ddff8cf2a42646c42d18b466b06a33dd61c7b2bbbcaa506e4a5) is already imported
2026-10-07 13:06:17.840+00:00 | BftProcessorExecutor-QBFT-0 | INFO  | QbftBesuControllerBuilder | Imported #515 / 197 tx / 559 pending / 47,668,090 (0.0%) gas / (0x7ce778f852f26ddff8cf2a42646c42d18b466b06a33dd61c7b2bbbcaa506e4a5)
2026-10-07 13:06:19.762+00:00 | BftProcessorExecutor-QBFT-0 | INFO  | QbftBesuControllerBuilder | Imported #516 / 146 tx / 413 pending / 35,327,620 (0.0%) gas / (0x1e443c4a7740300701c4a6acf34c54328db8e533822baf0c39608ebcf54ad408)
2026-10-07 13:06:22.105+00:00 | EthScheduler-Workers-0 | INFO  | PersistBlockTask | Block 517 (0x836378d1dd5bc6f683e06ebcb32f4fc49d1e64fd79921f632b54205dfc16606d) is already imported
2026-10-07 13:06:22.106+00:00 | BftProcessorExecutor-QBFT-0 | INFO  | QbftBesuControllerBuilder | Produced #517 / 149 tx / 264 pending / 36,053,530 (0.0%) gas / (0x836378d1dd5bc6f683e06ebcb32f4fc49d1e64fd79921f632b54205dfc16606d)
2026-10-07 13:06:23.738+00:00 | BftProcessorExecutor-QBFT-0 | INFO  | QbftBesuControllerBuilder | Imported #518 / 120 tx / 144 pending / 29,036,400 (0.0%) gas / (0xa4b6efe63c9668c4e4afd5638b8fecbacc64b31b987e3de3864d83685fad5d01)
2026-10-07 13:06:25.144+00:00 | EthScheduler-Workers-0 | INFO  | PersistBlockTask | Block 519 (0x9ef144a938e397001e5dedfd0cffd4b5a6cc046b894be8bd5076fb20ecab5fe8) is already imported
2026-10-07 13:06:25.144+00:00 | BftProcessorExecutor-QBFT-0 | INFO  | QbftBesuControllerBuilder | Imported #519 / 82 tx / 62 pending / 19,841,540 (0.0%) gas / (0x9ef144a938e397001e5dedfd0cffd4b5a6cc046b894be8bd5076fb20ecab5fe8)
2026-10-07 13:06:26.895+00:00 | BftProcessorExecutor-QBFT-0 | INFO  | QbftBesuControllerBuilder | Imported #520 / 62 tx / 0 pending / 15,002,140 (0.0%) gas / (0x0e953758ee5413340deeab8e9b40ca915aff954c5106a15e19fe6d4f716e2131)
2026-10-07 13:06:28.059+00:00 | BftProcessorExecutor-QBFT-0 | INFO  | QbftBesuControllerBuilder | Imported #521 / 0 tx / 0 pending / 0 (0.0%) gas / (0xf08e8213f60fbe9958dedf79c2a064433cb07c189fa3b3cd8729a5964750b3f2)
2026-10-07 13:06:30.088+00:00 | BftProcessorExecutor-QBFT-0 | INFO  | QbftBesuControllerBuilder | Imported #522 / 0 tx / 0 pending / 0 (0.0%) gas / (0xa13564672af2578e6e2d07d9ca1a8fd21fdcb88ef746ea1ca6333d67e69452e8)
2026-10-07 13:06:32.103+00:00 | BftProcessorExecutor-QBFT-0 | INFO  | QbftBesuControllerBuilder | Imported #523 / 0 tx / 0 pending / 0 (0.0%) gas / (0xeca90de23d657ae5614254e385d49f914f6a0c51815d99cf0eb0714f5ab47e19)
2026-10-07 13:06:32.106+00:00 | EthScheduler-Workers-0 | INFO  | PersistBlockTask | Block 523 (0xeca90de23d657ae5614254e385d49f914f6a0c51815d99cf0eb0714f5ab47e19) is already imported
2026-10-07 13:06:34.085+00:00 | BftProcessorExecutor-QBFT-0 | INFO  | QbftBesuControllerBuilder | Imported #524 / 0 tx / 0 pending / 0 (0.0%) gas / (0xacd60ef602a29d512cfff6f75aaa48e517510cb7451da285966cf43473392675)
2026-10-07 13:06:36.147+00:00 | BftProcessorExecutor-QBFT-0 | INFO  | QbftBesuControllerBuilder | Imported #525 / 0 tx / 0 pending / 0 (0.0%) gas / (0xca58923e62aa61e37bd9de2c1434e27dc56a59ff769a7b569fb984a678738dc6)
2026-10-07 13:06:38.087+00:00 | BftProcessorExecutor-QBFT-0 | INFO  | QbftBesuControllerBuilder | Imported #526 / 0 tx / 0 pending / 0 (0.0%) gas / (0x94f1d2266cde1f9b77cad450041bf4a0c918dc38754f0430809d847e1c43bfee)
2026-10-07 13:06:40.083+00:00 | BftProcessorExecutor-QBFT-0 | INFO  | QbftBesuControllerBuilder | Imported #527 / 0 tx / 0 pending / 0 (0.0%) gas / (0xc3616c525921aa422ec03a43a59e45b104f629b28cd99cf8d7d29e92d61b0575)
2026-10-07 13:06:42.079+00:00 | BftProcessorExecutor-QBFT-0 | INFO  | QbftBesuControllerBuilder | Imported #528 / 0 tx / 0 pending / 0 (0.0%) gas / (0x93731967297ee0d7efde3ab77e94bc4c52a9493106c190ca55650a6f1c820a2a)
2026-10-07 13:06:44.089+00:00 | BftProcessorExecutor-QBFT-0 | INFO  | QbftBesuControllerBuilder | Imported #529 / 0 tx / 0 pending / 0 (0.0%) gas / (0x59d2c99d5ea0aea18a4a99cfef9275907ad48bfa149150c6559de2dd2b6bc883)
2026-10-07 13:06:46.091+00:00 | BftProcessorExecutor-QBFT-0 | INFO  | QbftBesuControllerBuilder | Imported #530 / 0 tx / 0 pending / 0 (0.0%) gas / (0x9fc9a586a83ddbbef5e35da2961d9b10eddd4339228f99c0bb94313378b5b4ae)
2026-10-07 13:06:48.099+00:00 | BftProcessorExecutor-QBFT-0 | INFO  | QbftBesuControllerBuilder | Imported #531 / 0 tx / 0 pending / 0 (0.0%) gas / (0x5126f6af2fbfc6d4876e4f6d478919172e3a8fde4488a4ad303416141e5df382)
2026-10-07 13:06:50.088+00:00 | BftProcessorExecutor-QBFT-0 | INFO  | QbftBesuControllerBuilder | Produced #532 / 0 tx / 0 pending / 0 (0.0%) gas / (0x217d97d98d03a7446f71020f15fa556c85a8d2d9b148e59d1ec9947ad7749b6a)
2026-10-07 13:06:52.093+00:00 | BftProcessorExecutor-QBFT-0 | INFO  | QbftBesuControllerBuilder | Imported #533 / 0 tx / 0 pending / 0 (0.0%) gas / (0x8d6645ac21ff689283a2f7fcf2c50ee8e7c90727bc0f77327547e40771f7ba05)
2026-10-07 13:06:54.090+00:00 | BftProcessorExecutor-QBFT-0 | INFO  | QbftBesuControllerBuilder | Imported #534 / 0 tx / 0 pending / 0 (0.0%) gas / (0x7451a52d770d9cd81a9da7467c2704b8f9c056863a48b27b13315fbb6eb9bcd3)
2026-10-07 13:06:56.089+00:00 | BftProcessorExecutor-QBFT-0 | INFO  | QbftBesuControllerBuilder | Imported #535 / 0 tx / 0 pending / 0 (0.0%) gas / (0x931b66c34bc9c2f468683b6d014235fc0368e73687ca4b4645056fab37720ba5)
2026-10-07 13:06:58.079+00:00 | BftProcessorExecutor-QBFT-0 | INFO  | QbftBesuControllerBuilder | Imported #536 / 0 tx / 0 pending / 0 (0.0%) gas / (0x5342aa9a7eae1c5536be61d43c8d89e0953e110baaf7d8b2679449e7f26e65c8)
2026-10-07 13:07:00.087+00:00 | BftProcessorExecutor-QBFT-0 | INFO  | QbftBesuControllerBuilder | Imported #537 / 0 tx / 0 pending / 0 (0.0%) gas / (0xad044dff0ff7796489c81f1f582bbee494db5cbf7c712b340a4b132955cee570)
2026-10-07 13:07:02.089+00:00 | BftProcessorExecutor-QBFT-0 | INFO  | QbftBesuControllerBuilder | Imported #538 / 0 tx / 0 pending / 0 (0.0%) gas / (0x47121b9f1b1f7cfd68a2e516e039a457ddbf517481d3b37114583876fbe18771)
2026-10-07 13:07:04.084+00:00 | BftProcessorExecutor-QBFT-0 | INFO  | QbftBesuControllerBuilder | Imported #539 / 0 tx / 0 pending / 0 (0.0%) gas / (0xda9639f6f78d7d607f202d6355183740da9b1b9ac28cc3e1b4106aff5b68c3b1)
2026-10-07 13:07:06.089+00:00 | BftProcessorExecutor-QBFT-0 | INFO  | QbftBesuControllerBuilder | Imported #540 / 0 tx / 0 pending / 0 (0.0%) gas / (0x0da588b46c523942784c8c2709de77bc577163b681b51f4b08dc2296996b195d)
2026-10-07 13:07:08.083+00:00 | BftProcessorExecutor-QBFT-0 | INFO  | QbftBesuControllerBuilder | Imported #541 / 0 tx / 0 pending / 0 (0.0%) gas / (0x4867b8905bcc86dbf9496534eac10a9cbc7a041076527410a0603a7da1df22fb)
2026-10-07 13:07:10.087+00:00 | BftProcessorExecutor-QBFT-0 | INFO  | QbftBesuControllerBuilder | Imported #542 / 0 tx / 0 pending / 0 (0.0%) gas / (0x84c5a42b6ab696ecf6b39f670bf421a77798eca3716d17459ce1386c1061bb39)
2026-10-07 13:07:12.086+00:00 | BftProcessorExecutor-QBFT-0 | INFO  | QbftBesuControllerBuilder | Imported #543 / 0 tx / 0 pending / 0 (0.0%) gas / (0x61eae5813ec2e9285eaad0010d8c872a613da390f989a4408f5fc54a546ada60)
2026-10-07 13:07:14.089+00:00 | BftProcessorExecutor-QBFT-0 | INFO  | QbftBesuControllerBuilder | Imported #544 / 0 tx / 0 pending / 0 (0.0%) gas / (0x5087e5f7c5d608ec3bce03a93279af564eff87adcac596a76eda5e1abd7ca1f6)
2026-10-07 13:07:16.093+00:00 | BftProcessorExecutor-QBFT-0 | INFO  | QbftBesuControllerBuilder | Imported #545 / 0 tx / 0 pending / 0 (0.0%) gas / (0x02bacead3ecd19bf4d9ec7dfdfe9d1dba863ee75db4067b526c70f3e9a247601)
2026-10-07 13:07:18.099+00:00 | BftProcessorExecutor-QBFT-0 | INFO  | QbftBesuControllerBuilder | Imported #546 / 0 tx / 0 pending / 0 (0.0%) gas / (0xd98450c16baa78b7954751c527f743c3c9ffa8a8fc1d2bbc3c773e13c990c8ab)
2026-10-07 13:07:20.094+00:00 | BftProcessorExecutor-QBFT-0 | INFO  | QbftBesuControllerBuilder | Produced #547 / 0 tx / 0 pending / 0 (0.0%) gas / (0x811d053f8c700d8869ad797dff33b9729d925ca7015169f31f37c0467dbd51d2)
2026-10-07 13:07:22.089+00:00 | BftProcessorExecutor-QBFT-0 | INFO  | QbftBesuControllerBuilder | Imported #548 / 0 tx / 0 pending / 0 (0.0%) gas / (0xad3cf31c9a6a72a1fd0a57c350c4742dd9d3975c21e1ccb1fa213e924207ecf0)
2026-10-07 13:07:24.083+00:00 | BftProcessorExecutor-QBFT-0 | INFO  | QbftBesuControllerBuilder | Imported #549 / 0 tx / 0 pending / 0 (0.0%) gas / (0x5ab453844f7fc755887cf2e4c9fbb7ad80320b44aa623b3a2bfa418f7a7c35a1)
2026-10-07 13:07:24.084+00:00 | EthScheduler-Workers-0 | INFO  | PersistBlockTask | Block 549 (0x5ab453844f7fc755887cf2e4c9fbb7ad80320b44aa623b3a2bfa418f7a7c35a1) is already imported
2026-10-07 13:07:26.089+00:00 | BftProcessorExecutor-QBFT-0 | INFO  | QbftBesuControllerBuilder | Imported #550 / 0 tx / 0 pending / 0 (0.0%) gas / (0x01b5ab3f684349ed8daea996f5d0c7d23fc7ce4c72a5078fcf0ff2d1deae61d0)
2026-10-07 13:07:26.091+00:00 | EthScheduler-Workers-0 | INFO  | PersistBlockTask | Block 550 (0x01b5ab3f684349ed8daea996f5d0c7d23fc7ce4c72a5078fcf0ff2d1deae61d0) is already imported
2026-10-07 13:07:28.072+00:00 | BftProcessorExecutor-QBFT-0 | INFO  | QbftBesuControllerBuilder | Imported #551 / 0 tx / 0 pending / 0 (0.0%) gas / (0xf61695bb8b58fac1c1dfc96555f3dfeca3bf5ae6ba562fc0f530eda4d003b8bb)
2026-10-07 13:07:30.094+00:00 | BftProcessorExecutor-QBFT-0 | INFO  | QbftBesuControllerBuilder | Imported #552 / 0 tx / 0 pending / 0 (0.0%) gas / (0xba19a03310196fb68433c4ec0269572a9e6b7673d2c1c271764319a201be5a79)
2026-10-07 13:07:32.087+00:00 | BftProcessorExecutor-QBFT-0 | INFO  | QbftBesuControllerBuilder | Imported #553 / 0 tx / 0 pending / 0 (0.0%) gas / (0x6c966cba252898b08f6c403c1700724f033d5be1775611030f68d41fd2ed0606)
2026-10-07 13:07:34.094+00:00 | BftProcessorExecutor-QBFT-0 | INFO  | QbftBesuControllerBuilder | Imported #554 / 0 tx / 0 pending / 0 (0.0%) gas / (0xd8c3e97146b69c8ce8860624c078ee09ae657ecc05c50f30845a0bcf6c123eef)
2026-10-07 13:07:36.094+00:00 | BftProcessorExecutor-QBFT-0 | INFO  | QbftBesuControllerBuilder | Imported #555 / 0 tx / 0 pending / 0 (0.0%) gas / (0x4a3874ba03b46067296130245758f9f4cad5b6ea583054872a5b8f4940164c3b)
2026-10-07 13:07:38.096+00:00 | BftProcessorExecutor-QBFT-0 | INFO  | QbftBesuControllerBuilder | Imported #556 / 0 tx / 0 pending / 0 (0.0%) gas / (0x49224d7b64b47fe5c602668497310f49da17e566dccffb6dbed0a0fd2d25e4bc)
2026-10-07 13:07:40.091+00:00 | BftProcessorExecutor-QBFT-0 | INFO  | QbftBesuControllerBuilder | Imported #557 / 0 tx / 0 pending / 0 (0.0%) gas / (0x80575e10c517329caa869619ff9e204d8277e6ae7e8a14b588e8eec6c9e6109c)
2026-10-07 13:07:42.097+00:00 | BftProcessorExecutor-QBFT-0 | INFO  | QbftBesuControllerBuilder | Imported #558 / 0 tx / 0 pending / 0 (0.0%) gas / (0x05a106e99b0b4054a7410e1c9890a4fd01791803c47d1a8e78b04e2fb7410d15)
2026-10-07 13:07:44.091+00:00 | BftProcessorExecutor-QBFT-0 | INFO  | QbftBesuControllerBuilder | Imported #559 / 0 tx / 0 pending / 0 (0.0%) gas / (0x2aa377e353bc133dff74c37ed265fb5e1f3210bfb1eadee2b226f01717824de3)
2026-10-07 13:07:46.079+00:00 | BftProcessorExecutor-QBFT-0 | INFO  | QbftBesuControllerBuilder | Imported #560 / 0 tx / 0 pending / 0 (0.0%) gas / (0x2339b0c229125659766417ead138518cb0eb86173343f85300f4b82b10a4a64c)
2026-10-07 13:07:48.083+00:00 | EthScheduler-Workers-0 | INFO  | PersistBlockTask | Block 561 (0x63ac39e3624ef53b4c6d14786356025861e5ccec35762f9aa3ffabd6ce438a66) is already imported
2026-10-07 13:07:48.083+00:00 | BftProcessorExecutor-QBFT-0 | INFO  | QbftBesuControllerBuilder | Imported #561 / 0 tx / 0 pending / 0 (0.0%) gas / (0x63ac39e3624ef53b4c6d14786356025861e5ccec35762f9aa3ffabd6ce438a66)
2026-10-07 13:07:50.082+00:00 | BftProcessorExecutor-QBFT-0 | INFO  | QbftBesuControllerBuilder | Produced #562 / 0 tx / 0 pending / 0 (0.0%) gas / (0x51a13754ca7f4fbbc29427ef18049f1a621005018a9b3c8da69cb2a4f30b233e)
2026-10-07 13:07:52.097+00:00 | BftProcessorExecutor-QBFT-0 | INFO  | QbftBesuControllerBuilder | Imported #563 / 0 tx / 0 pending / 0 (0.0%) gas / (0x7a6fcac66748229b58d2b25eac577b871fd56b5bace6316c9caed91541935d53)
2026-10-07 13:07:54.099+00:00 | BftProcessorExecutor-QBFT-0 | INFO  | QbftBesuControllerBuilder | Imported #564 / 0 tx / 0 pending / 0 (0.0%) gas / (0x91ff6b420ebf8d72e9cd9165f90beb6e3bd215077eeb0c8a721d390b2f6f40f4)
2026-10-07 13:07:56.088+00:00 | BftProcessorExecutor-QBFT-0 | INFO  | QbftBesuControllerBuilder | Imported #565 / 0 tx / 0 pending / 0 (0.0%) gas / (0xefbfd39e03ac3b18ad1ffe7c61e4629d66f1af2d2115458a3ef18b511aef2e3f)
2026-10-07 13:07:58.081+00:00 | BftProcessorExecutor-QBFT-0 | INFO  | QbftBesuControllerBuilder | Imported #566 / 0 tx / 0 pending / 0 (0.0%) gas / (0x8741043063efa344ccc13b077625701acfd2d6a75509de97ed8eb1c666608cfa)
2026-10-07 13:07:58.081+00:00 | EthScheduler-Workers-0 | INFO  | PersistBlockTask | Block 566 (0x8741043063efa344ccc13b077625701acfd2d6a75509de97ed8eb1c666608cfa) is already imported
2026-10-07 13:08:00.087+00:00 | BftProcessorExecutor-QBFT-0 | INFO  | QbftBesuControllerBuilder | Imported #567 / 0 tx / 0 pending / 0 (0.0%) gas / (0x3624cd23a9ef993265a3db72eef745888a05fe3bd7586a717d6a47a622479d3a)
2026-10-07 13:08:02.090+00:00 | BftProcessorExecutor-QBFT-0 | INFO  | QbftBesuControllerBuilder | Imported #568 / 0 tx / 0 pending / 0 (0.0%) gas / (0xdf17c433ffc195187fffc4aa201674f745c51655bbdb8d8fae1f18026c51cdf0)
2026-10-07 13:08:02.090+00:00 | EthScheduler-Workers-0 | INFO  | PersistBlockTask | Block 568 (0xdf17c433ffc195187fffc4aa201674f745c51655bbdb8d8fae1f18026c51cdf0) is already imported
2026-10-07 13:08:04.082+00:00 | BftProcessorExecutor-QBFT-0 | INFO  | QbftBesuControllerBuilder | Imported #569 / 0 tx / 0 pending / 0 (0.0%) gas / (0xcf0873e8a0e939af29d16a5b88d559ddc83e488221be532d207f9ee61afe7943)
2026-10-07 13:08:06.094+00:00 | BftProcessorExecutor-QBFT-0 | INFO  | QbftBesuControllerBuilder | Imported #570 / 0 tx / 0 pending / 0 (0.0%) gas / (0x2c6ace526d16e0e598dc827ed2e45bbf6abfbad31ce737f0f68557f4b8a0c93e)
2026-10-07 13:08:08.090+00:00 | BftProcessorExecutor-QBFT-0 | INFO  | QbftBesuControllerBuilder | Imported #571 / 0 tx / 0 pending / 0 (0.0%) gas / (0x1bb1c768585a193788354a7bc2c03ace4f26db9cc24d157c49465b33d01a157c)
2026-10-07 13:08:10.094+00:00 | BftProcessorExecutor-QBFT-0 | INFO  | QbftBesuControllerBuilder | Imported #572 / 0 tx / 0 pending / 0 (0.0%) gas / (0xd36153522a063c1e7e4045abbc6f1e0f85d2803ea87ba55730bbc3e45216f7e9)
2026-10-07 13:08:12.086+00:00 | BftProcessorExecutor-QBFT-0 | INFO  | QbftBesuControllerBuilder | Imported #573 / 0 tx / 0 pending / 0 (0.0%) gas / (0x7f72931b1c4bd5b20c9af21fa1c34e060f3fa8fc5f2ebf3dcf0ff1369d3eddbf)
2026-10-07 13:08:14.085+00:00 | EthScheduler-Workers-0 | INFO  | PersistBlockTask | Block 574 (0x3e464d9daa37169c9610caf05786f21fbc5de77bc9385a21a34c2eea32b80c8c) is already imported
2026-10-07 13:08:14.085+00:00 | BftProcessorExecutor-QBFT-0 | INFO  | QbftBesuControllerBuilder | Imported #574 / 0 tx / 0 pending / 0 (0.0%) gas / (0x3e464d9daa37169c9610caf05786f21fbc5de77bc9385a21a34c2eea32b80c8c)
2026-10-07 13:08:16.090+00:00 | BftProcessorExecutor-QBFT-0 | INFO  | QbftBesuControllerBuilder | Imported #575 / 0 tx / 0 pending / 0 (0.0%) gas / (0x662d8559a526f1debdfbcfc61eb79a0b28ebee114ed10fa75777048fab9a96a5)
2026-10-07 13:08:18.077+00:00 | BftProcessorExecutor-QBFT-0 | INFO  | QbftBesuControllerBuilder | Imported #576 / 0 tx / 0 pending / 0 (0.0%) gas / (0x852a289976dbc38094b35ec4abe9d90cab622a0bf1d898232bc61119ec4ee030)
2026-10-07 13:08:20.094+00:00 | BftProcessorExecutor-QBFT-0 | INFO  | QbftBesuControllerBuilder | Produced #577 / 0 tx / 0 pending / 0 (0.0%) gas / (0x93fa62c354dbe2dd7ff56837e236b184c71688f3c8b79fdfc8b41f290128ac35)
2026-10-07 13:08:22.090+00:00 | BftProcessorExecutor-QBFT-0 | INFO  | QbftBesuControllerBuilder | Imported #578 / 0 tx / 0 pending / 0 (0.0%) gas / (0xe73c8fc43af61317656644aa3b870342eea3a37286fca47d7aacbbd05232bfdc)
2026-10-07 13:08:24.091+00:00 | BftProcessorExecutor-QBFT-0 | INFO  | QbftBesuControllerBuilder | Imported #579 / 0 tx / 0 pending / 0 (0.0%) gas / (0xb8b0b550775e2ebe011adf3a752aeeb74078e98e1389a8d27b57dbf7d3fde232)
2026-10-07 13:08:26.089+00:00 | BftProcessorExecutor-QBFT-0 | INFO  | QbftBesuControllerBuilder | Imported #580 / 0 tx / 0 pending / 0 (0.0%) gas / (0x8fbcde12d9977e6a559880574793c5ed40a86b425107fa529e3a559ad3e236c1)
2026-10-07 13:08:28.090+00:00 | BftProcessorExecutor-QBFT-0 | INFO  | QbftBesuControllerBuilder | Imported #581 / 0 tx / 0 pending / 0 (0.0%) gas / (0x7fc199c8babb36e13902ada0bb88dd8150554a613918775dafe56d582ba9e27f)
2026-10-07 13:08:30.083+00:00 | BftProcessorExecutor-QBFT-0 | INFO  | QbftBesuControllerBuilder | Imported #582 / 0 tx / 0 pending / 0 (0.0%) gas / (0x1ab25d0973f163f6c5a4c7d2efca03cbfba530938d890659988acb2dce415537)
2026-10-07 13:08:32.076+00:00 | BftProcessorExecutor-QBFT-0 | INFO  | QbftBesuControllerBuilder | Imported #583 / 0 tx / 0 pending / 0 (0.0%) gas / (0xcd705410a78e85fd3059eeaa724d2951a38eeeccdb1c4b32af856c4f929d17b9)
2026-10-07 13:08:34.083+00:00 | BftProcessorExecutor-QBFT-0 | INFO  | QbftBesuControllerBuilder | Imported #584 / 0 tx / 0 pending / 0 (0.0%) gas / (0x26a00537c8c3b524e2beb359036b10fca620ed9185b269be4f6a356e1d46de6b)
2026-10-07 13:08:36.086+00:00 | BftProcessorExecutor-QBFT-0 | INFO  | QbftBesuControllerBuilder | Imported #585 / 0 tx / 0 pending / 0 (0.0%) gas / (0x054b61da53c32f0f942a4d96f19e3b0f7e0f4d6b9045d66f6d2898cf687dce08)
2026-10-07 13:08:36.088+00:00 | EthScheduler-Workers-0 | INFO  | PersistBlockTask | Block 585 (0x054b61da53c32f0f942a4d96f19e3b0f7e0f4d6b9045d66f6d2898cf687dce08) is already imported
2026-10-07 13:08:38.094+00:00 | BftProcessorExecutor-QBFT-0 | INFO  | QbftBesuControllerBuilder | Imported #586 / 0 tx / 0 pending / 0 (0.0%) gas / (0xb938ba8e9e46346bf93461c1105d5935c00c14f967ae5b6ce3fffb48e0280ca8)
2026-10-07 13:08:40.084+00:00 | BftProcessorExecutor-QBFT-0 | INFO  | QbftBesuControllerBuilder | Imported #587 / 0 tx / 0 pending / 0 (0.0%) gas / (0xa7ffa1cb6ba6a1de9e8c383269f57bca93dbb8f210517e099e3154c4e459db82)
2026-10-07 13:08:42.098+00:00 | BftProcessorExecutor-QBFT-0 | INFO  | QbftBesuControllerBuilder | Imported #588 / 0 tx / 0 pending / 0 (0.0%) gas / (0x5b3503a2bd79b8dfcbc4f7b492d4bc6fc9e8ce2e94137bb03f014496563e179e)
2026-10-07 13:08:44.090+00:00 | BftProcessorExecutor-QBFT-0 | INFO  | QbftBesuControllerBuilder | Imported #589 / 0 tx / 0 pending / 0 (0.0%) gas / (0x325585536c016bc965b688ba91e500396009f63bcfa7e1b1ef26cb88605520db)
2026-10-07 13:08:46.091+00:00 | BftProcessorExecutor-QBFT-0 | INFO  | QbftBesuControllerBuilder | Imported #590 / 0 tx / 0 pending / 0 (0.0%) gas / (0xdc5d09b8df8777431fff6715cfe539af7a16e0d8df3a0badee2eb6504e26f040)
2026-10-07 13:08:48.094+00:00 | BftProcessorExecutor-QBFT-0 | INFO  | QbftBesuControllerBuilder | Imported #591 / 0 tx / 0 pending / 0 (0.0%) gas / (0xafe8fefc7b7532e44bc9eb592031d4220cd8a124d8eb9a553e6587de191f8246)
2026-10-07 13:08:50.096+00:00 | BftProcessorExecutor-QBFT-0 | INFO  | QbftBesuControllerBuilder | Produced #592 / 0 tx / 0 pending / 0 (0.0%) gas / (0x6187b7c858c2e2755a718e1953a6f989eb8b688deaa55201edb5917c3898587d)
2026-10-07 13:08:52.093+00:00 | BftProcessorExecutor-QBFT-0 | INFO  | QbftBesuControllerBuilder | Imported #593 / 0 tx / 0 pending / 0 (0.0%) gas / (0x0ee16735530cbb05969771917567fc2248d3a3316c83e5fc47c8c55b1d559272)
2026-10-07 13:08:54.092+00:00 | BftProcessorExecutor-QBFT-0 | INFO  | QbftBesuControllerBuilder | Imported #594 / 0 tx / 0 pending / 0 (0.0%) gas / (0x9f090fb274d8ec7dc3370d28a8f4b30008f9517fb062c89822d4d3b739e34bb6)
2026-10-07 13:08:56.089+00:00 | BftProcessorExecutor-QBFT-0 | INFO  | QbftBesuControllerBuilder | Imported #595 / 0 tx / 0 pending / 0 (0.0%) gas / (0x0d1357efea65251d189404f23ebaf637d678e547cfd3e29903d983320e2f0dba)
2026-10-07 13:08:58.094+00:00 | BftProcessorExecutor-QBFT-0 | INFO  | QbftBesuControllerBuilder | Imported #596 / 0 tx / 0 pending / 0 (0.0%) gas / (0x178506fa22c33890a33db5320eaffac7bd5dc0f44fe375d7e562935a267facd5)
2026-10-07 13:09:00.087+00:00 | BftProcessorExecutor-QBFT-0 | INFO  | QbftBesuControllerBuilder | Imported #597 / 0 tx / 0 pending / 0 (0.0%) gas / (0xf64ab605dc53258f3a8ee32eaeaee4c404d4ae7ce5a4d51c4a0432e308250e83)
2026-10-07 13:09:02.075+00:00 | BftProcessorExecutor-QBFT-0 | INFO  | QbftBesuControllerBuilder | Imported #598 / 0 tx / 8 pending / 0 (0.0%) gas / (0xd63516ec6c83b49e5bafbcda45a23d0f176deb89be99cf7c5b5fc13c0183e264)
2026-10-07 13:09:04.093+00:00 | BftProcessorExecutor-QBFT-0 | INFO  | QbftBesuControllerBuilder | Imported #599 / 0 tx / 8 pending / 0 (0.0%) gas / (0xc65069b3a81d56eb3cb568451fc03b2c3707eb358ee9b90f7a509ede01e9b296)
2026-10-07 13:09:06.097+00:00 | BftProcessorExecutor-QBFT-0 | INFO  | QbftBesuControllerBuilder | Imported #600 / 1 tx / 7 pending / 153,650 (0.0%) gas / (0x013d22e38b8a1fef4485bb5c24d5acdb4f1e1236dc795a256282c4fb0c0851d4)
2026-10-07 13:09:08.096+00:00 | BftProcessorExecutor-QBFT-0 | INFO  | QbftBesuControllerBuilder | Imported #601 / 1 tx / 6 pending / 153,630 (0.0%) gas / (0x1d6bd2bccaa0b795c8a503b521e329a1d8c5e721f46b9e5a62bfa3577eea1c17)
2026-10-07 13:09:10.100+00:00 | BftProcessorExecutor-QBFT-0 | INFO  | QbftBesuControllerBuilder | Imported #602 / 1 tx / 5 pending / 153,630 (0.0%) gas / (0xd74e168074102e6ef7da960682e185544b6d4b3b8ae37717e4402a2cc972a177)
2026-10-07 13:09:12.095+00:00 | BftProcessorExecutor-QBFT-0 | INFO  | QbftBesuControllerBuilder | Imported #603 / 1 tx / 4 pending / 153,618 (0.0%) gas / (0x3e88e20a52d46bbdf0710c9695762cf0adc94b373e345514fd33fe062737157f)
2026-10-07 13:09:12.096+00:00 | EthScheduler-Workers-0 | INFO  | PersistBlockTask | Block 603 (0x3e88e20a52d46bbdf0710c9695762cf0adc94b373e345514fd33fe062737157f) is already imported
2026-10-07 13:09:14.100+00:00 | BftProcessorExecutor-QBFT-0 | INFO  | QbftBesuControllerBuilder | Imported #604 / 1 tx / 3 pending / 153,650 (0.0%) gas / (0x290c141341e69863b72cdfdc8825e21d0bab33883d0c43feeffde268378ba074)
2026-10-07 13:09:16.108+00:00 | BftProcessorExecutor-QBFT-0 | INFO  | QbftBesuControllerBuilder | Imported #605 / 1 tx / 2 pending / 153,650 (0.0%) gas / (0xaef405ab49d878f3b24c1b894647109508e470292765d9c93b075d55fd972344)
2026-10-07 13:09:18.105+00:00 | BftProcessorExecutor-QBFT-0 | INFO  | QbftBesuControllerBuilder | Imported #606 / 1 tx / 1 pending / 153,650 (0.0%) gas / (0xefc347b7a310f2d5f339b20b603d242b3331270f57c15bd539531bc86d15b965)
2026-10-07 13:09:20.100+00:00 | BftProcessorExecutor-QBFT-0 | INFO  | QbftBesuControllerBuilder | Produced #607 / 1 tx / 0 pending / 153,630 (0.0%) gas / (0x50c3cd0184aceaa46bbb5baf6f58b540f07f110793814f6c5fe836bd1023470a)
2026-10-07 13:09:22.083+00:00 | EthScheduler-Workers-0 | INFO  | PersistBlockTask | Imported #608 / 0 tx / 0 om / 0 (0.0%) gas / (0x272de45f59b026ae5a8a1191276ed4d6fbd7ac8d5c155a3b6969f68b6835ee5e) in 0.001s. Peers: 14
2026-10-07 13:09:22.084+00:00 | BftProcessorExecutor-QBFT-0 | INFO  | QbftBesuControllerBuilder | Imported #608 / 0 tx / 0 pending / 0 (0.0%) gas / (0x272de45f59b026ae5a8a1191276ed4d6fbd7ac8d5c155a3b6969f68b6835ee5e)
2026-10-07 13:09:24.092+00:00 | EthScheduler-Workers-0 | INFO  | PersistBlockTask | Block 609 (0x5eb1e4a86de35bac8daacdeb295268af03d28d0b9cca6ace0a1f85bf779b6494) is already imported
2026-10-07 13:09:24.093+00:00 | BftProcessorExecutor-QBFT-0 | INFO  | QbftBesuControllerBuilder | Imported #609 / 0 tx / 0 pending / 0 (0.0%) gas / (0x5eb1e4a86de35bac8daacdeb295268af03d28d0b9cca6ace0a1f85bf779b6494)
2026-10-07 13:09:26.085+00:00 | EthScheduler-Workers-0 | INFO  | PersistBlockTask | Block 610 (0x1eabbbf3ae6d067f1cd30f5ef6642f68ed705987d09e74706de5c6bd6cb2d6f7) is already imported
2026-10-07 13:09:26.085+00:00 | BftProcessorExecutor-QBFT-0 | INFO  | QbftBesuControllerBuilder | Imported #610 / 0 tx / 0 pending / 0 (0.0%) gas / (0x1eabbbf3ae6d067f1cd30f5ef6642f68ed705987d09e74706de5c6bd6cb2d6f7)
2026-10-07 13:09:28.090+00:00 | BftProcessorExecutor-QBFT-0 | INFO  | QbftBesuControllerBuilder | Imported #611 / 0 tx / 0 pending / 0 (0.0%) gas / (0xf30587794b9ad694e40c4e5e4066d2ad5866401118a4c80b527ac13e7b34058a)
2026-10-07 13:09:30.086+00:00 | BftProcessorExecutor-QBFT-0 | INFO  | QbftBesuControllerBuilder | Imported #612 / 0 tx / 0 pending / 0 (0.0%) gas / (0x1c93a955c0c3ba49b4fd15639c44a4afaef23d0d63fd0303cc29676a5ac780a5)
2026-10-07 13:09:30.085+00:00 | EthScheduler-Workers-0 | INFO  | PersistBlockTask | Block 612 (0x1c93a955c0c3ba49b4fd15639c44a4afaef23d0d63fd0303cc29676a5ac780a5) is already imported
2026-10-07 13:09:32.083+00:00 | EthScheduler-Workers-0 | INFO  | PersistBlockTask | Block 613 (0x34f1254addfd32f5b6228406238fdb4ad3f02c07ead0bb6a1479589968bf6d99) is already imported
2026-10-07 13:09:32.083+00:00 | BftProcessorExecutor-QBFT-0 | INFO  | QbftBesuControllerBuilder | Imported #613 / 0 tx / 0 pending / 0 (0.0%) gas / (0x34f1254addfd32f5b6228406238fdb4ad3f02c07ead0bb6a1479589968bf6d99)
2026-10-07 13:09:34.086+00:00 | BftProcessorExecutor-QBFT-0 | INFO  | QbftBesuControllerBuilder | Imported #614 / 0 tx / 0 pending / 0 (0.0%) gas / (0xd544b1c6fe6812be7d9370d49df39bbfe1b0b94c118855266c3f847cec0f0290)
2026-10-07 13:09:36.087+00:00 | BftProcessorExecutor-QBFT-0 | INFO  | QbftBesuControllerBuilder | Imported #615 / 0 tx / 0 pending / 0 (0.0%) gas / (0x1c8dd117bdcfd0f5376bd9d17330c4f15c9ea14d2bd8226bffbe2f531b8451ea)
2026-10-07 13:09:38.061+00:00 | BftProcessorExecutor-QBFT-0 | INFO  | QbftBesuControllerBuilder | Imported #616 / 0 tx / 0 pending / 0 (0.0%) gas / (0xebf2bd7e7c03556c6960560b22b3fc18c0b45ddec8a51a64bdb679e32f8e41b0)
2026-10-07 13:09:40.081+00:00 | BftProcessorExecutor-QBFT-0 | INFO  | QbftBesuControllerBuilder | Imported #617 / 0 tx / 0 pending / 0 (0.0%) gas / (0xd64d1c5031a0431736e711139a5dc513a76771df33c613c186513beed76e8961)
2026-10-07 13:09:42.060+00:00 | BftProcessorExecutor-QBFT-0 | INFO  | QbftBesuControllerBuilder | Imported #618 / 0 tx / 0 pending / 0 (0.0%) gas / (0xdafd1929a52bf461b2fafae9fbdd42eddbd78b32d41332ed5144553a3ce413fc)
2026-10-07 13:09:44.091+00:00 | BftProcessorExecutor-QBFT-0 | INFO  | QbftBesuControllerBuilder | Imported #619 / 0 tx / 0 pending / 0 (0.0%) gas / (0x99216fef68c466f5f3c7de792c4dad4b409502affde3b628e9c18bd0caec2399)
2026-10-07 13:09:46.088+00:00 | BftProcessorExecutor-QBFT-0 | INFO  | QbftBesuControllerBuilder | Imported #620 / 0 tx / 0 pending / 0 (0.0%) gas / (0xbf16d489efffd6513625c72cdaf738eba6d4c9c2fd3e4879dd34d429ec590907)
2026-10-07 13:09:48.093+00:00 | BftProcessorExecutor-QBFT-0 | INFO  | QbftBesuControllerBuilder | Imported #621 / 0 tx / 0 pending / 0 (0.0%) gas / (0xc7d98ba075127ccea6c4085d513634eb1b2aeab303bdcd62d8a08aff84028871)
2026-10-07 13:09:48.093+00:00 | EthScheduler-Workers-0 | INFO  | PersistBlockTask | Block 621 (0xc7d98ba075127ccea6c4085d513634eb1b2aeab303bdcd62d8a08aff84028871) is already imported
2026-10-07 13:09:50.090+00:00 | BftProcessorExecutor-QBFT-0 | INFO  | QbftBesuControllerBuilder | Produced #622 / 0 tx / 0 pending / 0 (0.0%) gas / (0xb5420dadabe286ce621528df35e04a29b715b1af1502497bebbeb8c368f22342)
2026-10-07 13:09:52.092+00:00 | BftProcessorExecutor-QBFT-0 | INFO  | QbftBesuControllerBuilder | Imported #623 / 0 tx / 0 pending / 0 (0.0%) gas / (0x1c199f60da6eb7ffdc7e433b7815febc3ddb078d96531d9fb9de99a7ff264fbb)
2026-10-07 13:09:54.487+00:00 | BftProcessorExecutor-QBFT-0 | INFO  | QbftBesuControllerBuilder | Imported #624 / 19 tx / 379 pending / 4,597,430 (0.0%) gas / (0xfc8c2c7b82cb4aa0420afabf17b06bcbf3a9f53d179448a95f490cc00bc784ea)
2026-10-07 13:09:56.950+00:00 | EthScheduler-Workers-0 | INFO  | PersistBlockTask | Block 625 (0xd735f157c41c90e80d524c843a530f70f5ff4a8f778864ffa37bfdb5ec9b67ef) is already imported
2026-10-07 13:09:56.950+00:00 | BftProcessorExecutor-QBFT-0 | INFO  | QbftBesuControllerBuilder | Imported #625 / 49 tx / 885 pending / 11,856,530 (0.0%) gas / (0xd735f157c41c90e80d524c843a530f70f5ff4a8f778864ffa37bfdb5ec9b67ef)
2026-10-07 13:09:59.144+00:00 | EthScheduler-Workers-0 | INFO  | PersistBlockTask | Block 626 (0x0f34824f099f969409ec075659d456491cb6aee2ab8be9bf514c3ed9116514be) is already imported
2026-10-07 13:09:59.145+00:00 | BftProcessorExecutor-QBFT-0 | INFO  | QbftBesuControllerBuilder | Imported #626 / 71 tx / 1286 pending / 17,179,870 (0.0%) gas / (0x0f34824f099f969409ec075659d456491cb6aee2ab8be9bf514c3ed9116514be)
2026-10-07 13:10:01.640+00:00 | EthScheduler-Workers-0 | INFO  | PersistBlockTask | Block 627 (0xb6b1d4acc874bab4bd2bf61fd571a5b33df0cb868ac409d1155681e2f2548046) is already imported
2026-10-07 13:10:01.641+00:00 | BftProcessorExecutor-QBFT-0 | INFO  | QbftBesuControllerBuilder | Imported #627 / 104 tx / 1869 pending / 25,164,880 (0.0%) gas / (0xb6b1d4acc874bab4bd2bf61fd571a5b33df0cb868ac409d1155681e2f2548046)
2026-10-07 13:10:04.166+00:00 | EthScheduler-Workers-0 | INFO  | PersistBlockTask | Block 628 (0xb9e06cb4e9471555e5786507715bf099b5724cf9a12bd4b8367c00e445cd0906) is already imported
2026-10-07 13:10:04.168+00:00 | BftProcessorExecutor-QBFT-0 | INFO  | QbftBesuControllerBuilder | Imported #628 / 146 tx / 2538 pending / 35,327,620 (0.0%) gas / (0xb9e06cb4e9471555e5786507715bf099b5724cf9a12bd4b8367c00e445cd0906)
2026-10-07 13:10:06.875+00:00 | EthScheduler-Workers-0 | INFO  | PersistBlockTask | Block 629 (0x08776c8c8c1bf82a4f954882a0554168bdf55ff2f8d02e2c6c60302a69189bd5) is already imported
2026-10-07 13:10:06.878+00:00 | BftProcessorExecutor-QBFT-0 | INFO  | QbftBesuControllerBuilder | Imported #629 / 195 tx / 3450 pending / 47,184,150 (0.0%) gas / (0x08776c8c8c1bf82a4f954882a0554168bdf55ff2f8d02e2c6c60302a69189bd5)
2026-10-07 13:10:10.640+00:00 | EthScheduler-Workers-0 | INFO  | PersistBlockTask | Block 630 (0x117cef7d6d721ed4ef2d9bb94503944714ddcf9df93d3b421cab595410cfd933) is already imported
2026-10-07 13:10:10.644+00:00 | BftProcessorExecutor-QBFT-0 | INFO  | QbftBesuControllerBuilder | Imported #630 / 272 tx / 4891 pending / 65,815,840 (0.0%) gas / (0x117cef7d6d721ed4ef2d9bb94503944714ddcf9df93d3b421cab595410cfd933)
2026-10-07 13:10:15.213+00:00 | EthScheduler-Workers-0 | INFO  | PersistBlockTask | Block 631 (0xe789318a6a3f665a83e8d6dd440fb75c93c08ec1ef5f14e5bb6055397057cccc) is already imported
2026-10-07 13:10:15.219+00:00 | BftProcessorExecutor-QBFT-0 | INFO  | QbftBesuControllerBuilder | Imported #631 / 328 tx / 6496 pending / 79,366,160 (0.0%) gas / (0xe789318a6a3f665a83e8d6dd440fb75c93c08ec1ef5f14e5bb6055397057cccc)
2026-10-07 13:10:19.895+00:00 | EthScheduler-Workers-0 | INFO  | PersistBlockTask | Block 632 (0x742393e29480a39682de7d41c891128327d8f4f35b53a46e1e09c315e14c66ac) is already imported
2026-10-07 13:10:19.902+00:00 | BftProcessorExecutor-QBFT-0 | INFO  | QbftBesuControllerBuilder | Imported #632 / 343 tx / 6665 pending / 82,995,710 (0.0%) gas / (0x742393e29480a39682de7d41c891128327d8f4f35b53a46e1e09c315e14c66ac)
2026-10-07 13:10:24.596+00:00 | EthScheduler-Workers-0 | INFO  | PersistBlockTask | Block 633 (0x60fa39bc31093e2c4bc2da1bfed9dfe00821a8c5402250151ba42af542947022) is already imported
2026-10-07 13:10:24.623+00:00 | BftProcessorExecutor-QBFT-0 | INFO  | QbftBesuControllerBuilder | Imported #633 / 336 tx / 6329 pending / 81,301,920 (0.0%) gas / (0x60fa39bc31093e2c4bc2da1bfed9dfe00821a8c5402250151ba42af542947022)
2026-10-07 13:10:29.268+00:00 | BftProcessorExecutor-QBFT-0 | INFO  | QbftBesuControllerBuilder | Imported #634 / 340 tx / 5989 pending / 82,269,800 (0.0%) gas / (0xcb3478e4b562a18032972be9fe49b8b0c17af9fa029f4a3000984757050329b8)
2026-10-07 13:10:33.937+00:00 | BftProcessorExecutor-QBFT-0 | INFO  | QbftBesuControllerBuilder | Imported #635 / 336 tx / 5653 pending / 81,301,920 (0.0%) gas / (0x7cffe7c7ea296342d16bdd393cdaa4416a1426d943de96f78fe48e69ffbd724e)
2026-10-07 13:10:38.229+00:00 | BftProcessorExecutor-QBFT-0 | INFO  | QbftBesuControllerBuilder | Imported #636 / 300 tx / 5353 pending / 72,591,000 (0.0%) gas / (0x19dfd984a66fe339d195c84d56cbfb1d54c91b42152887a1a74e4913f1eadec9)
2026-10-07 13:10:39.734+00:00 | BftProcessorExecutor-QBFT-0 | WARN  | BlockTransactionSelector | Interrupting the selection of transactions for block inclusion as it exceeds the maximum configured duration of 1500ms
java.util.concurrent.TimeoutException
	at java.base/java.util.concurrent.CompletableFuture.timedGet(CompletableFuture.java:1960)
	at java.base/java.util.concurrent.CompletableFuture.get(CompletableFuture.java:2095)
	at org.hyperledger.besu.ethereum.blockcreation.txselection.BlockTransactionSelector.timeLimitedSelection(BlockTransactionSelector.java:186)
	at org.hyperledger.besu.ethereum.blockcreation.txselection.BlockTransactionSelector.buildTransactionListForBlock(BlockTransactionSelector.java:169)
	at org.hyperledger.besu.ethereum.blockcreation.AbstractBlockCreator.selectTransactions(AbstractBlockCreator.java:376)
	at org.hyperledger.besu.ethereum.blockcreation.AbstractBlockCreator.createBlock(AbstractBlockCreator.java:218)
	at org.hyperledger.besu.ethereum.blockcreation.AbstractBlockCreator.createBlock(AbstractBlockCreator.java:146)
	at org.hyperledger.besu.consensus.common.bft.blockcreation.BftBlockCreator.createBlock(BftBlockCreator.java:92)
	at org.hyperledger.besu.consensus.qbft.statemachine.QbftRound.createAndSendProposalMessage(QbftRound.java:137)
	at org.hyperledger.besu.consensus.qbft.statemachine.QbftBlockHeightManager.handleBlockTimerExpiry(QbftBlockHeightManager.java:140)
	at org.hyperledger.besu.consensus.common.bft.statemachine.BaseBftController.handleBlockTimerExpiry(BaseBftController.java:167)
	at org.hyperledger.besu.consensus.common.bft.EventMultiplexer.handleBftEvent(EventMultiplexer.java:65)
	at java.base/java.util.Optional.ifPresent(Optional.java:178)
	at org.hyperledger.besu.consensus.common.bft.BftProcessor.run(BftProcessor.java:65)
	at java.base/java.util.concurrent.ThreadPoolExecutor.runWorker(ThreadPoolExecutor.java:1144)
	at java.base/java.util.concurrent.ThreadPoolExecutor$Worker.run(ThreadPoolExecutor.java:642)
	at java.base/java.lang.Thread.run(Thread.java:1583)
2026-10-07 13:10:42.942+00:00 | EthScheduler-Workers-0 | INFO  | PersistBlockTask | Block 637 (0x25132afc6ced05afdb6d828f982d42f7daa6b82a24a9c443726ae0afacd2b618) is already imported
2026-10-07 13:10:42.945+00:00 | BftProcessorExecutor-QBFT-0 | INFO  | QbftBesuControllerBuilder | Produced #637 / 345 tx / 5008 pending / 83,479,650 (0.0%) gas / (0x25132afc6ced05afdb6d828f982d42f7daa6b82a24a9c443726ae0afacd2b618)
2026-10-07 13:10:47.591+00:00 | EthScheduler-Workers-0 | INFO  | PersistBlockTask | Block 638 (0xb5d147c07c7186a07fc84d233145d687fb49df416c5ece3b35d46ac02e5abe7e) is already imported
2026-10-07 13:10:47.595+00:00 | BftProcessorExecutor-QBFT-0 | INFO  | QbftBesuControllerBuilder | Imported #638 / 339 tx / 4669 pending / 82,027,830 (0.0%) gas / (0xb5d147c07c7186a07fc84d233145d687fb49df416c5ece3b35d46ac02e5abe7e)
2026-10-07 13:10:52.357+00:00 | EthScheduler-Workers-0 | INFO  | PersistBlockTask | Block 639 (0x047898f5d8613484de4acdc1e88098d8f85ca1242a99b64081b079df6a83dce5) is already imported
2026-10-07 13:10:52.363+00:00 | BftProcessorExecutor-QBFT-0 | INFO  | QbftBesuControllerBuilder | Imported #639 / 349 tx / 4320 pending / 84,447,530 (0.0%) gas / (0x047898f5d8613484de4acdc1e88098d8f85ca1242a99b64081b079df6a83dce5)
2026-10-07 13:10:57.063+00:00 | EthScheduler-Workers-0 | INFO  | PersistBlockTask | Block 640 (0xd3ca015a892e1e08205d2b933aab40341242b91243d93bb846579ba175cf2d4c) is already imported
2026-10-07 13:10:57.067+00:00 | BftProcessorExecutor-QBFT-0 | INFO  | QbftBesuControllerBuilder | Imported #640 / 345 tx / 3975 pending / 83,479,650 (0.0%) gas / (0xd3ca015a892e1e08205d2b933aab40341242b91243d93bb846579ba175cf2d4c)
2026-10-07 13:11:01.633+00:00 | EthScheduler-Workers-0 | INFO  | PersistBlockTask | Block 641 (0x350e3f5bde1c4c192cdfdbfb9172ee4d7418118bc598d6fd44b8839c2bf0c4d6) is already imported
2026-10-07 13:11:01.637+00:00 | BftProcessorExecutor-QBFT-0 | INFO  | QbftBesuControllerBuilder | Imported #641 / 342 tx / 3633 pending / 82,753,740 (0.0%) gas / (0x350e3f5bde1c4c192cdfdbfb9172ee4d7418118bc598d6fd44b8839c2bf0c4d6)
2026-10-07 13:11:06.296+00:00 | EthScheduler-Workers-0 | INFO  | PersistBlockTask | Block 642 (0xa362aa1a1fd2e2f78337ca02c6c9150515825aa750b852fd4e79b49a3077867b) is already imported
2026-10-07 13:11:06.300+00:00 | BftProcessorExecutor-QBFT-0 | INFO  | QbftBesuControllerBuilder | Imported #642 / 347 tx / 3286 pending / 83,963,590 (0.0%) gas / (0xa362aa1a1fd2e2f78337ca02c6c9150515825aa750b852fd4e79b49a3077867b)
2026-10-07 13:11:11.029+00:00 | EthScheduler-Workers-0 | INFO  | PersistBlockTask | Block 643 (0x42688700ef917e10f486ec59ff79c012f5992c12fde61374469e9b3a61569f55) is already imported
2026-10-07 13:11:11.033+00:00 | BftProcessorExecutor-QBFT-0 | INFO  | QbftBesuControllerBuilder | Imported #643 / 345 tx / 2941 pending / 83,479,650 (0.0%) gas / (0x42688700ef917e10f486ec59ff79c012f5992c12fde61374469e9b3a61569f55)
2026-10-07 13:11:15.788+00:00 | EthScheduler-Workers-0 | INFO  | PersistBlockTask | Block 644 (0xc1ae46a42a49cd1899bc8df38c5f4ca211bafb7c208ca2316909efce4bf89dc8) is already imported
2026-10-07 13:11:15.792+00:00 | BftProcessorExecutor-QBFT-0 | INFO  | QbftBesuControllerBuilder | Imported #644 / 344 tx / 2597 pending / 83,237,680 (0.0%) gas / (0xc1ae46a42a49cd1899bc8df38c5f4ca211bafb7c208ca2316909efce4bf89dc8)
2026-10-07 13:11:19.610+00:00 | EthScheduler-Workers-0 | INFO  | PersistBlockTask | Block 645 (0xd72e54401aa4fbdef21829d4642a7ec88c120c894c286dab1dc0573b87585750) is already imported
2026-10-07 13:11:19.612+00:00 | BftProcessorExecutor-QBFT-0 | INFO  | QbftBesuControllerBuilder | Imported #645 / 277 tx / 2320 pending / 67,025,690 (0.0%) gas / (0xd72e54401aa4fbdef21829d4642a7ec88c120c894c286dab1dc0573b87585750)
2026-10-07 13:11:22.650+00:00 | BftProcessorExecutor-QBFT-0 | INFO  | QbftBesuControllerBuilder | Imported #646 / 221 tx / 2099 pending / 53,475,370 (0.0%) gas / (0xbe75df664c3176c51178d7409ddcf86b050989dd223d2ab860faf0cc0f25fd6a)
2026-10-07 13:11:25.492+00:00 | BftProcessorExecutor-QBFT-0 | INFO  | QbftBesuControllerBuilder | Imported #647 / 206 tx / 1893 pending / 49,845,820 (0.0%) gas / (0x2df0d4f1a147332805ee0cb08341de239ab30419f7d0b2f075aaea04869ff353)
2026-10-07 13:11:28.485+00:00 | EthScheduler-Workers-0 | INFO  | PersistBlockTask | Block 648 (0x50faf2cc6f5a178578140fff27f89f734c8e23db5f78bde9d8e48d4b40cbb519) is already imported
2026-10-07 13:11:28.487+00:00 | BftProcessorExecutor-QBFT-0 | INFO  | QbftBesuControllerBuilder | Imported #648 / 213 tx / 1680 pending / 51,539,610 (0.0%) gas / (0x50faf2cc6f5a178578140fff27f89f734c8e23db5f78bde9d8e48d4b40cbb519)
2026-10-07 13:11:31.415+00:00 | EthScheduler-Workers-0 | INFO  | PersistBlockTask | Block 649 (0x2a577480f4c488dd4e94a726cb4b1c560bf6d28c8bca4da9d4edf34ca026c448) is already imported
2026-10-07 13:11:31.417+00:00 | BftProcessorExecutor-QBFT-0 | INFO  | QbftBesuControllerBuilder | Imported #649 / 209 tx / 1471 pending / 50,571,730 (0.0%) gas / (0x2a577480f4c488dd4e94a726cb4b1c560bf6d28c8bca4da9d4edf34ca026c448)
2026-10-07 13:11:34.293+00:00 | BftProcessorExecutor-QBFT-0 | INFO  | QbftBesuControllerBuilder | Imported #650 / 209 tx / 1262 pending / 50,571,730 (0.0%) gas / (0xfd81d402f8e5ca9ef2f3bfb27232d47e83eb98c1120e52fcf994ade758e04f6c)
2026-10-07 13:11:37.650+00:00 | EthScheduler-Workers-0 | INFO  | PersistBlockTask | Block 651 (0x32cef2417c273ca778304bd800db338c9329f9433f83869b6f485c86279325f5) is already imported
2026-10-07 13:11:37.651+00:00 | BftProcessorExecutor-QBFT-0 | INFO  | QbftBesuControllerBuilder | Imported #651 / 245 tx / 1017 pending / 59,282,650 (0.0%) gas / (0x32cef2417c273ca778304bd800db338c9329f9433f83869b6f485c86279325f5)
2026-10-07 13:11:40.401+00:00 | EthScheduler-Workers-0 | INFO  | PersistBlockTask | Block 652 (0xea251d4df51ad7a7e8c03fd68cea574cd0e85c44da224bda1b537bfb835b8d5b) is already imported
2026-10-07 13:11:40.402+00:00 | BftProcessorExecutor-QBFT-0 | INFO  | QbftBesuControllerBuilder | Produced #652 / 200 tx / 817 pending / 48,394,000 (0.0%) gas / (0xea251d4df51ad7a7e8c03fd68cea574cd0e85c44da224bda1b537bfb835b8d5b)
2026-10-07 13:11:43.234+00:00 | EthScheduler-Workers-0 | INFO  | PersistBlockTask | Block 653 (0x56ceaa5d2fc90b6a5bda5c34789629a92ac6230f219151222000598a1d8f8c4c) is already imported
2026-10-07 13:11:43.235+00:00 | BftProcessorExecutor-QBFT-0 | INFO  | QbftBesuControllerBuilder | Imported #653 / 206 tx / 611 pending / 49,845,820 (0.0%) gas / (0x56ceaa5d2fc90b6a5bda5c34789629a92ac6230f219151222000598a1d8f8c4c)
2026-10-07 13:11:45.617+00:00 | EthScheduler-Workers-0 | INFO  | PersistBlockTask | Block 654 (0x3c012f69b9c6754a96d6cf5ee1babf2dd34fe260e901dbfb47c7a35a98419d3c) is already imported
2026-10-07 13:11:45.617+00:00 | BftProcessorExecutor-QBFT-0 | INFO  | QbftBesuControllerBuilder | Imported #654 / 177 tx / 434 pending / 42,828,690 (0.0%) gas / (0x3c012f69b9c6754a96d6cf5ee1babf2dd34fe260e901dbfb47c7a35a98419d3c)
2026-10-07 13:11:47.715+00:00 | BftProcessorExecutor-QBFT-0 | INFO  | QbftBesuControllerBuilder | Imported #655 / 151 tx / 283 pending / 36,537,470 (0.0%) gas / (0x6d4ff581aaa7f266f149b9cea7fd66d750b15d136b8c8b888d7aa5f428f7caed)
2026-10-07 13:11:49.839+00:00 | BftProcessorExecutor-QBFT-0 | INFO  | QbftBesuControllerBuilder | Imported #656 / 132 tx / 151 pending / 31,940,040 (0.0%) gas / (0x12e33ee60aef8636e4d5044cb5851dfce26f6db49444b9ce882913100f96509a)
2026-10-07 13:11:51.310+00:00 | BftProcessorExecutor-QBFT-0 | INFO  | QbftBesuControllerBuilder | Imported #657 / 93 tx / 58 pending / 22,503,210 (0.0%) gas / (0x21281637d61ca78c47d3089a4724a1ce844e8d3b98a3ad9d74da9879193d75e9)
2026-10-07 13:11:53.159+00:00 | BftProcessorExecutor-QBFT-0 | INFO  | QbftBesuControllerBuilder | Imported #658 / 53 tx / 5 pending / 12,824,410 (0.0%) gas / (0x363dacba3ffeb17ed06b01366029e1c189a519849cedb7ac5d9b993836b98770)
2026-10-07 13:11:54.162+00:00 | BftProcessorExecutor-QBFT-0 | INFO  | QbftBesuControllerBuilder | Imported #659 / 5 tx / 0 pending / 1,209,850 (0.0%) gas / (0x490c6087c0ccd1ccd4f3dcdf8182f6a1594eb3039ba1d6d8337baa5d5a2d014d)
2026-10-07 13:11:56.081+00:00 | BftProcessorExecutor-QBFT-0 | INFO  | QbftBesuControllerBuilder | Imported #660 / 0 tx / 0 pending / 0 (0.0%) gas / (0x2d59e31003bb8263360d82180a92dac47057d5c3ab3ce7190796fa7d7cde5f64)
2026-10-07 13:11:58.085+00:00 | BftProcessorExecutor-QBFT-0 | INFO  | QbftBesuControllerBuilder | Imported #661 / 0 tx / 0 pending / 0 (0.0%) gas / (0x3ed1b58ff84604b503d2ec140d0b7837c8b03d8d38859571786741cd35b36f6e)
2026-10-07 13:12:00.085+00:00 | BftProcessorExecutor-QBFT-0 | INFO  | QbftBesuControllerBuilder | Imported #662 / 0 tx / 0 pending / 0 (0.0%) gas / (0x4dc6d85f10631f0dd28697cce0b179f51f7896e5fcce3a0867b095f59316350b)
2026-10-07 13:12:00.085+00:00 | EthScheduler-Workers-0 | INFO  | PersistBlockTask | Block 662 (0x4dc6d85f10631f0dd28697cce0b179f51f7896e5fcce3a0867b095f59316350b) is already imported
2026-10-07 13:12:02.085+00:00 | BftProcessorExecutor-QBFT-0 | INFO  | QbftBesuControllerBuilder | Imported #663 / 0 tx / 0 pending / 0 (0.0%) gas / (0x9c8d49641eb083178fe578cf860c41edee5d6d431f4780b556826dee40ab8587)
2026-10-07 13:12:04.097+00:00 | BftProcessorExecutor-QBFT-0 | INFO  | QbftBesuControllerBuilder | Imported #664 / 0 tx / 0 pending / 0 (0.0%) gas / (0xb779ffdf098539eaa7cc78b913e9564f5a064570d9743df4c5019de132832ccd)
2026-10-07 13:12:06.092+00:00 | BftProcessorExecutor-QBFT-0 | INFO  | QbftBesuControllerBuilder | Imported #665 / 0 tx / 0 pending / 0 (0.0%) gas / (0x876c873195e1e53e9195c09c52ce52b083473973f8dada9b3a1096a2b9413b96)
2026-10-07 13:12:08.091+00:00 | BftProcessorExecutor-QBFT-0 | INFO  | QbftBesuControllerBuilder | Imported #666 / 0 tx / 0 pending / 0 (0.0%) gas / (0x6db6da17795c18e18d7c14506030204b50856fbab87331199f57102e3bc36d0f)
2026-10-07 13:12:10.095+00:00 | BftProcessorExecutor-QBFT-0 | INFO  | QbftBesuControllerBuilder | Produced #667 / 0 tx / 0 pending / 0 (0.0%) gas / (0x82264d2b1ced36b4c8a712a1d43269cce2dab3806e1dd823d334fbeedb61524d)
2026-10-07 13:12:12.089+00:00 | BftProcessorExecutor-QBFT-0 | INFO  | QbftBesuControllerBuilder | Imported #668 / 0 tx / 0 pending / 0 (0.0%) gas / (0x8b9660cfa5281c7a2fc3f4cadd7b04fac232239d4cddf161b20caf863ebe4e4c)
2026-10-07 13:12:14.096+00:00 | EthScheduler-Workers-0 | INFO  | PersistBlockTask | Block 669 (0x20b7a11902b2ee9f6c748d10ecc1bbc998cb1a7df896c3b241f3d86ced3e3c99) is already imported
2026-10-07 13:12:14.096+00:00 | BftProcessorExecutor-QBFT-0 | INFO  | QbftBesuControllerBuilder | Imported #669 / 0 tx / 0 pending / 0 (0.0%) gas / (0x20b7a11902b2ee9f6c748d10ecc1bbc998cb1a7df896c3b241f3d86ced3e3c99)
2026-10-07 13:12:16.090+00:00 | BftProcessorExecutor-QBFT-0 | INFO  | QbftBesuControllerBuilder | Imported #670 / 0 tx / 0 pending / 0 (0.0%) gas / (0xca9d5851cd552435856fa4121551a985ab69c15518840c364211fcc2e8c0449f)
2026-10-07 13:12:18.078+00:00 | BftProcessorExecutor-QBFT-0 | INFO  | QbftBesuControllerBuilder | Imported #671 / 0 tx / 0 pending / 0 (0.0%) gas / (0x678caae1e9a40ad8c800083061cea6a4d75cc0e4ca38efdc3f25c070ca7dbe4f)
2026-10-07 13:12:18.079+00:00 | EthScheduler-Workers-0 | INFO  | PersistBlockTask | Block 671 (0x678caae1e9a40ad8c800083061cea6a4d75cc0e4ca38efdc3f25c070ca7dbe4f) is already imported
2026-10-07 13:12:20.083+00:00 | BftProcessorExecutor-QBFT-0 | INFO  | QbftBesuControllerBuilder | Imported #672 / 0 tx / 0 pending / 0 (0.0%) gas / (0xfdd28f69c9d7fd33d7cb585a9d0d0c541affe1fa2c35894ad4d7e30610f21089)
2026-10-07 13:12:22.107+00:00 | BftProcessorExecutor-QBFT-0 | INFO  | QbftBesuControllerBuilder | Imported #673 / 0 tx / 0 pending / 0 (0.0%) gas / (0xab43415b6e8d4f8b32f3bbfa12cb3efb4bf055b36169c15aded6371cbd1a9725)
2026-10-07 13:12:24.087+00:00 | BftProcessorExecutor-QBFT-0 | INFO  | QbftBesuControllerBuilder | Imported #674 / 0 tx / 0 pending / 0 (0.0%) gas / (0x9ed35983a24c357f09412b301e598b695a376c49cb38b2c790fb65c3ffc32d02)
2026-10-07 13:12:26.104+00:00 | EthScheduler-Workers-0 | INFO  | PersistBlockTask | Block 675 (0xb96c5ad9e40f54bd8b123a3d2c11bbbc2a531093a410f3164a264625f1278204) is already imported
2026-10-07 13:12:26.104+00:00 | BftProcessorExecutor-QBFT-0 | INFO  | QbftBesuControllerBuilder | Imported #675 / 0 tx / 0 pending / 0 (0.0%) gas / (0xb96c5ad9e40f54bd8b123a3d2c11bbbc2a531093a410f3164a264625f1278204)
2026-10-07 13:12:28.089+00:00 | BftProcessorExecutor-QBFT-0 | INFO  | QbftBesuControllerBuilder | Imported #676 / 0 tx / 0 pending / 0 (0.0%) gas / (0xfa194c98ac2bf5cd1dbe49d5974304a5e34fc563cde75a045347f5988bd8dec2)
2026-10-07 13:12:30.086+00:00 | BftProcessorExecutor-QBFT-0 | INFO  | QbftBesuControllerBuilder | Imported #677 / 0 tx / 0 pending / 0 (0.0%) gas / (0xa89550272e32d0ee4e42d15f5e2bc9288e21148c71f5341868839f4070590922)
2026-10-07 13:12:32.091+00:00 | BftProcessorExecutor-QBFT-0 | INFO  | QbftBesuControllerBuilder | Imported #678 / 0 tx / 0 pending / 0 (0.0%) gas / (0xad21ba224c06727648754947878dc1c83332c158d15fc34ae5d5676ba2a848db)
2026-10-07 13:12:34.081+00:00 | EthScheduler-Workers-0 | INFO  | PersistBlockTask | Block 679 (0x1c7f72b86bb0e1c7c65ac91e847049504bb1ff0014b142e0accfceede11824d5) is already imported
2026-10-07 13:12:34.081+00:00 | BftProcessorExecutor-QBFT-0 | INFO  | QbftBesuControllerBuilder | Imported #679 / 0 tx / 0 pending / 0 (0.0%) gas / (0x1c7f72b86bb0e1c7c65ac91e847049504bb1ff0014b142e0accfceede11824d5)
2026-10-07 13:12:36.081+00:00 | EthScheduler-Workers-0 | INFO  | PersistBlockTask | Block 680 (0x48387bb07dd52a3838497c3648a316d10b2675fa3a1a380dfb802e3904888982) is already imported
2026-10-07 13:12:36.081+00:00 | BftProcessorExecutor-QBFT-0 | INFO  | QbftBesuControllerBuilder | Imported #680 / 0 tx / 0 pending / 0 (0.0%) gas / (0x48387bb07dd52a3838497c3648a316d10b2675fa3a1a380dfb802e3904888982)
2026-10-07 13:12:38.095+00:00 | BftProcessorExecutor-QBFT-0 | INFO  | QbftBesuControllerBuilder | Imported #681 / 0 tx / 0 pending / 0 (0.0%) gas / (0x635314fcbdb098ce05e98729e3777646bb09fd972988b60a2f64ccf18c6d6041)
2026-10-07 13:12:40.085+00:00 | BftProcessorExecutor-QBFT-0 | INFO  | QbftBesuControllerBuilder | Produced #682 / 0 tx / 0 pending / 0 (0.0%) gas / (0x74385208608eeace86b19d39d64ca39e3334fb327c739b2114dd246d2a9e05ec)
2026-10-07 13:12:42.088+00:00 | BftProcessorExecutor-QBFT-0 | INFO  | QbftBesuControllerBuilder | Imported #683 / 0 tx / 0 pending / 0 (0.0%) gas / (0x67093e7d1d269d951c13e92f94aaba787e90d088518952802e009fd504eac23a)
2026-10-07 13:12:44.094+00:00 | BftProcessorExecutor-QBFT-0 | INFO  | QbftBesuControllerBuilder | Imported #684 / 0 tx / 0 pending / 0 (0.0%) gas / (0xfdf1e6a1cdb32b0430e82126ff6b2479b6641fcb32ddf9ceb7c370255dd8a83c)
2026-10-07 13:12:46.085+00:00 | BftProcessorExecutor-QBFT-0 | INFO  | QbftBesuControllerBuilder | Imported #685 / 0 tx / 0 pending / 0 (0.0%) gas / (0x76773535187329cf659611942337777e095dff6b47078048190518fe46761fe9)
2026-10-07 13:12:48.078+00:00 | BftProcessorExecutor-QBFT-0 | INFO  | QbftBesuControllerBuilder | Imported #686 / 0 tx / 0 pending / 0 (0.0%) gas / (0xccd2fdb5198e98143d9402d302a26e297838c4a29ed0d0538f01c78b0f99b89c)
2026-10-07 13:12:50.084+00:00 | BftProcessorExecutor-QBFT-0 | INFO  | QbftBesuControllerBuilder | Imported #687 / 0 tx / 0 pending / 0 (0.0%) gas / (0x62bc39df4c9e34dfdfb98dbdda2ef29ca194115eb5e0267963bca7f5c5ee5cfd)
2026-10-07 13:12:52.090+00:00 | BftProcessorExecutor-QBFT-0 | INFO  | QbftBesuControllerBuilder | Imported #688 / 0 tx / 0 pending / 0 (0.0%) gas / (0xa36263a03c743f700f53a39de3068f75fe856723321b5f0b6b140aed2fd0834b)
2026-10-07 13:12:54.091+00:00 | BftProcessorExecutor-QBFT-0 | INFO  | QbftBesuControllerBuilder | Imported #689 / 0 tx / 0 pending / 0 (0.0%) gas / (0xfdfb0bec22d77c4b2ca7e98cf68083939f453e6e332895012473980f640877ad)
2026-10-07 13:12:56.086+00:00 | BftProcessorExecutor-QBFT-0 | INFO  | QbftBesuControllerBuilder | Imported #690 / 0 tx / 0 pending / 0 (0.0%) gas / (0x6269a0cfa499cc978b024a3126cbbe075f3bbb848ea720a46cd1d00183356483)
2026-10-07 13:12:58.083+00:00 | BftProcessorExecutor-QBFT-0 | INFO  | QbftBesuControllerBuilder | Imported #691 / 0 tx / 0 pending / 0 (0.0%) gas / (0x32149645a449e731b203e437d0e24249465b4b76aaad2eed671660adab905bf0)
2026-10-07 13:13:00.094+00:00 | BftProcessorExecutor-QBFT-0 | INFO  | QbftBesuControllerBuilder | Imported #692 / 0 tx / 0 pending / 0 (0.0%) gas / (0xe81677d9af15483dc839c193a29682a5f7c227549c3012f5f6e492ae406b4f93)
2026-10-07 13:13:02.084+00:00 | BftProcessorExecutor-QBFT-0 | INFO  | QbftBesuControllerBuilder | Imported #693 / 0 tx / 0 pending / 0 (0.0%) gas / (0x2fe21f149ec95f6aee189dc1b3def49aae276842a389086186ab102c69553408)
2026-10-07 13:13:04.085+00:00 | BftProcessorExecutor-QBFT-0 | INFO  | QbftBesuControllerBuilder | Imported #694 / 0 tx / 0 pending / 0 (0.0%) gas / (0x49c723d5970b45f85aa68e5980748be691c96490d9a5e344cff6217310427296)
2026-10-07 13:13:06.089+00:00 | BftProcessorExecutor-QBFT-0 | INFO  | QbftBesuControllerBuilder | Imported #695 / 0 tx / 0 pending / 0 (0.0%) gas / (0x59777badeec4d9577df7f5a759e1f886eab3ca64823a93c8c13fdbca0475a485)
2026-10-07 13:13:08.093+00:00 | BftProcessorExecutor-QBFT-0 | INFO  | QbftBesuControllerBuilder | Imported #696 / 0 tx / 0 pending / 0 (0.0%) gas / (0x5c7e244df0a5691afa9f9eb5f9e3cf659f975d081260c11dfa18a05e0f60a36f)
2026-10-07 13:13:10.093+00:00 | BftProcessorExecutor-QBFT-0 | INFO  | QbftBesuControllerBuilder | Produced #697 / 0 tx / 0 pending / 0 (0.0%) gas / (0xd3d86d243c616d189579e8394c55162b3a3466c0ce6f85857226024d45bfdbb7)
2026-10-07 13:13:12.086+00:00 | BftProcessorExecutor-QBFT-0 | INFO  | QbftBesuControllerBuilder | Imported #698 / 0 tx / 0 pending / 0 (0.0%) gas / (0x21151265936cd287259156a933b92f2574a13efcc33c01f0a30f74a391d4ab4a)
2026-10-07 13:13:14.093+00:00 | BftProcessorExecutor-QBFT-0 | INFO  | QbftBesuControllerBuilder | Imported #699 / 0 tx / 0 pending / 0 (0.0%) gas / (0x95fa9fde0d4255c67e432a0cbe8552285cccbe5fc8198301a63e3e9f77e9329b)
2026-10-07 13:13:16.079+00:00 | BftProcessorExecutor-QBFT-0 | INFO  | QbftBesuControllerBuilder | Imported #700 / 0 tx / 0 pending / 0 (0.0%) gas / (0x597f9a70b203d03f4e663de7fb5bdae75305ed15f681fdf300e291f8f7f6656f)
2026-10-07 13:13:18.096+00:00 | BftProcessorExecutor-QBFT-0 | INFO  | QbftBesuControllerBuilder | Imported #701 / 0 tx / 0 pending / 0 (0.0%) gas / (0xae5c8dd10beaa100bfa6f9c9808b5c69bb8c30795f54e4c9eddb2163cfe5edfc)
2026-10-07 13:13:20.091+00:00 | BftProcessorExecutor-QBFT-0 | INFO  | QbftBesuControllerBuilder | Imported #702 / 0 tx / 0 pending / 0 (0.0%) gas / (0xe58c311a6647c327e10a4f2079237703a8f125c638009fc31bc40d77116f0daa)
2026-10-07 13:13:22.093+00:00 | BftProcessorExecutor-QBFT-0 | INFO  | QbftBesuControllerBuilder | Imported #703 / 0 tx / 0 pending / 0 (0.0%) gas / (0x0350e53f343584923574c4b8e6bc2f5572ede1581e5c17570113516f73b8b450)
2026-10-07 13:13:24.089+00:00 | BftProcessorExecutor-QBFT-0 | INFO  | QbftBesuControllerBuilder | Imported #704 / 0 tx / 0 pending / 0 (0.0%) gas / (0x964cf978e30bd7b5f6b12a9e4968bdc895cfc9af461b59756b21425cce6b9a61)
2026-10-07 13:13:26.092+00:00 | BftProcessorExecutor-QBFT-0 | INFO  | QbftBesuControllerBuilder | Imported #705 / 0 tx / 0 pending / 0 (0.0%) gas / (0xaba1b6595d50d4cdec5c84d9904515c7c0104753bb4e7bd44dbc34b9d4e74e82)
2026-10-07 13:13:28.097+00:00 | EthScheduler-Workers-0 | INFO  | PersistBlockTask | Block 706 (0xd42e6d4dcaf2e9fcdab72a4c77df7141c6938163238a5118589a57d99624d386) is already imported
2026-10-07 13:13:28.097+00:00 | BftProcessorExecutor-QBFT-0 | INFO  | QbftBesuControllerBuilder | Imported #706 / 0 tx / 0 pending / 0 (0.0%) gas / (0xd42e6d4dcaf2e9fcdab72a4c77df7141c6938163238a5118589a57d99624d386)
2026-10-07 13:13:30.094+00:00 | BftProcessorExecutor-QBFT-0 | INFO  | QbftBesuControllerBuilder | Imported #707 / 0 tx / 0 pending / 0 (0.0%) gas / (0xb2c76e2f86dbe6798d075f4e40cfe0198dc60004d74b5dff5539cf804c52fc6d)
2026-10-07 13:13:30.094+00:00 | EthScheduler-Workers-0 | INFO  | PersistBlockTask | Block 707 (0xb2c76e2f86dbe6798d075f4e40cfe0198dc60004d74b5dff5539cf804c52fc6d) is already imported
2026-10-07 13:13:32.091+00:00 | BftProcessorExecutor-QBFT-0 | INFO  | QbftBesuControllerBuilder | Imported #708 / 0 tx / 0 pending / 0 (0.0%) gas / (0x2136b734fb43834fe98daf7d4b3e4cc7095e93d4fb10f6c1b1131ded2726f080)
2026-10-07 13:13:34.089+00:00 | BftProcessorExecutor-QBFT-0 | INFO  | QbftBesuControllerBuilder | Imported #709 / 0 tx / 0 pending / 0 (0.0%) gas / (0xa081636bc871d91c60ae76fb2e2b176fe2505c3a18f6b082471fd1e18f8a0ec1)
2026-10-07 13:13:36.092+00:00 | BftProcessorExecutor-QBFT-0 | INFO  | QbftBesuControllerBuilder | Imported #710 / 0 tx / 0 pending / 0 (0.0%) gas / (0x6288d44e816afc6618e81d87f27ca020584300fd9b5cacd462e23499dcd74e6c)
2026-10-07 13:13:38.092+00:00 | BftProcessorExecutor-QBFT-0 | INFO  | QbftBesuControllerBuilder | Imported #711 / 0 tx / 0 pending / 0 (0.0%) gas / (0x7f968531fad4642a207426b611e76685b8d80f34cdb1bfb635cb612d2e8c5c73)
2026-10-07 13:13:40.092+00:00 | BftProcessorExecutor-QBFT-0 | INFO  | QbftBesuControllerBuilder | Produced #712 / 0 tx / 0 pending / 0 (0.0%) gas / (0x3db4a0a231536b8792000b0d2b237dd8beedf6c67f80eee1e74596df28d95ac5)
2026-10-07 13:13:42.083+00:00 | BftProcessorExecutor-QBFT-0 | INFO  | QbftBesuControllerBuilder | Imported #713 / 0 tx / 0 pending / 0 (0.0%) gas / (0x3f919631942e2f24ab7cf4b218ca246d95037ead5650f516a0fcdadd7f21970d)
2026-10-07 13:13:44.062+00:00 | BftProcessorExecutor-QBFT-0 | INFO  | QbftBesuControllerBuilder | Imported #714 / 0 tx / 0 pending / 0 (0.0%) gas / (0x0d7a3d9608ccf76dd479088f9b5c4bb7a053b7cf1ef8251ea0760e21dcf261b8)
2026-10-07 13:13:46.086+00:00 | BftProcessorExecutor-QBFT-0 | INFO  | QbftBesuControllerBuilder | Imported #715 / 0 tx / 0 pending / 0 (0.0%) gas / (0x22fe3a7519f39aa4c1d265dd6da3418532e241739d5d5ecc00c9786c0b7b41a3)
2026-10-07 13:13:48.077+00:00 | BftProcessorExecutor-QBFT-0 | INFO  | QbftBesuControllerBuilder | Imported #716 / 0 tx / 0 pending / 0 (0.0%) gas / (0xd213077c5997360528d19f89da8c68d390d091f8098e2cf6250edecee76b5c95)
2026-10-07 13:13:50.087+00:00 | BftProcessorExecutor-QBFT-0 | INFO  | QbftBesuControllerBuilder | Imported #717 / 0 tx / 0 pending / 0 (0.0%) gas / (0xfcf215557198cf99f85ba44390c053eb22ff121d9ce142010ce971904cfe27fa)
2026-10-07 13:13:52.093+00:00 | BftProcessorExecutor-QBFT-0 | INFO  | QbftBesuControllerBuilder | Imported #718 / 0 tx / 0 pending / 0 (0.0%) gas / (0x12276da8e76640dcdf2dbdebb67cd9104b61a800aaf919116ab3431456adb733)
2026-10-07 13:13:54.092+00:00 | BftProcessorExecutor-QBFT-0 | INFO  | QbftBesuControllerBuilder | Imported #719 / 0 tx / 0 pending / 0 (0.0%) gas / (0xb93c9c94e93239df27fc65c15c45579d1c57153d8c3ebaa054797036d5f5a18a)
2026-10-07 13:13:56.085+00:00 | BftProcessorExecutor-QBFT-0 | INFO  | QbftBesuControllerBuilder | Imported #720 / 0 tx / 0 pending / 0 (0.0%) gas / (0x49c772fecc63abae241f5617e04f5ea998560b4f53dd5a66c343a7d9ce39ab17)
2026-10-07 13:13:58.076+00:00 | BftProcessorExecutor-QBFT-0 | INFO  | QbftBesuControllerBuilder | Imported #721 / 0 tx / 0 pending / 0 (0.0%) gas / (0x3d384f983f6a23dd3d8e7a9d0ba6b231a501e4c833ca81dacf71d313f9f6db1e)
2026-10-07 13:14:00.098+00:00 | BftProcessorExecutor-QBFT-0 | INFO  | QbftBesuControllerBuilder | Imported #722 / 0 tx / 0 pending / 0 (0.0%) gas / (0x5e89c3d2919740f3167d8b444883649ef0533a155414b427834020de16176428)
2026-10-07 13:14:02.094+00:00 | BftProcessorExecutor-QBFT-0 | INFO  | QbftBesuControllerBuilder | Imported #723 / 0 tx / 0 pending / 0 (0.0%) gas / (0x0550e868a4e2f3df9122df53eac70a2b60691861a4d5e5fc7817c3c6e2a57df8)
2026-10-07 13:14:04.094+00:00 | BftProcessorExecutor-QBFT-0 | INFO  | QbftBesuControllerBuilder | Imported #724 / 0 tx / 0 pending / 0 (0.0%) gas / (0xe06d29249cf25530074c64ec348d49a19357e8534f5495f7a65cd50b25cd4d1f)
2026-10-07 13:14:06.096+00:00 | BftProcessorExecutor-QBFT-0 | INFO  | QbftBesuControllerBuilder | Imported #725 / 0 tx / 0 pending / 0 (0.0%) gas / (0x7760e58292400bd91ff1394e0fbf43df5b78716863760d323b4a5df1c52c2ac2)
2026-10-07 13:14:08.100+00:00 | BftProcessorExecutor-QBFT-0 | INFO  | QbftBesuControllerBuilder | Imported #726 / 0 tx / 0 pending / 0 (0.0%) gas / (0xcc6230dfc16234d5430d88b10321fa8e4b0de7138c142862b8354d8a3130155b)
2026-10-07 13:14:10.092+00:00 | BftProcessorExecutor-QBFT-0 | INFO  | QbftBesuControllerBuilder | Produced #727 / 0 tx / 0 pending / 0 (0.0%) gas / (0xb4753120f34911a796a6c09e2473dd0e2e61a6fb0675efbc35da32194d3f9d66)
2026-10-07 13:14:12.089+00:00 | BftProcessorExecutor-QBFT-0 | INFO  | QbftBesuControllerBuilder | Imported #728 / 0 tx / 0 pending / 0 (0.0%) gas / (0xfb12c7311a7b229b0445e715a76718a3c9c793c2e49fe3be452c68af39c132b8)
2026-10-07 13:14:14.090+00:00 | BftProcessorExecutor-QBFT-0 | INFO  | QbftBesuControllerBuilder | Imported #729 / 0 tx / 0 pending / 0 (0.0%) gas / (0x8ff7da9680da1996059dc3dbbd17b3fd8ef8e686bb0cee8a8854d967be618df3)
2026-10-07 13:14:16.092+00:00 | BftProcessorExecutor-QBFT-0 | INFO  | QbftBesuControllerBuilder | Imported #730 / 0 tx / 0 pending / 0 (0.0%) gas / (0x71fcc2e9857eb83ad11aebaf61272c2c766fd05b14870ca75fb5fed937a9a5fd)
2026-10-07 13:14:18.091+00:00 | BftProcessorExecutor-QBFT-0 | INFO  | QbftBesuControllerBuilder | Imported #731 / 0 tx / 0 pending / 0 (0.0%) gas / (0x04a867bddb647224ed1b087049d116fec89980320d223fc2da5d96c9d265958b)
2026-10-07 13:14:18.091+00:00 | EthScheduler-Workers-0 | INFO  | PersistBlockTask | Block 731 (0x04a867bddb647224ed1b087049d116fec89980320d223fc2da5d96c9d265958b) is already imported
2026-10-07 13:14:20.093+00:00 | BftProcessorExecutor-QBFT-0 | INFO  | QbftBesuControllerBuilder | Imported #732 / 0 tx / 0 pending / 0 (0.0%) gas / (0x2342916d63f59d2c9cd410ec4cd887a281c52e34ce1a7d2b022e8dd3059de683)
2026-10-07 13:14:20.093+00:00 | EthScheduler-Workers-0 | INFO  | PersistBlockTask | Block 732 (0x2342916d63f59d2c9cd410ec4cd887a281c52e34ce1a7d2b022e8dd3059de683) is already imported
2026-10-07 13:14:22.093+00:00 | BftProcessorExecutor-QBFT-0 | INFO  | QbftBesuControllerBuilder | Imported #733 / 0 tx / 0 pending / 0 (0.0%) gas / (0xf272046ac2af272ca2c954b569982f56134962b535f7b3490fd115a75c662ada)
2026-10-07 13:14:24.087+00:00 | BftProcessorExecutor-QBFT-0 | INFO  | QbftBesuControllerBuilder | Imported #734 / 0 tx / 0 pending / 0 (0.0%) gas / (0x6ed6483f811176116205502d8edc652a86b3bd9b93f84d47fe911a119a8a8251)
2026-10-07 13:14:26.083+00:00 | BftProcessorExecutor-QBFT-0 | INFO  | QbftBesuControllerBuilder | Imported #735 / 0 tx / 0 pending / 0 (0.0%) gas / (0x584f4a1fae4cfc5ab032051d325dbe3df76fd852914cc0d543b590d7911f9188)
2026-10-07 13:14:28.079+00:00 | EthScheduler-Workers-0 | INFO  | PersistBlockTask | Imported #736 / 0 tx / 0 om / 0 (0.0%) gas / (0xbfd8d0229a32cb4cf7603e4eb5d016189a9798e50882bf202fe8ca20b0852e94) in 0.001s. Peers: 14
2026-10-07 13:14:30.088+00:00 | BftProcessorExecutor-QBFT-0 | INFO  | QbftBesuControllerBuilder | Imported #737 / 1 tx / 7 pending / 153,650 (0.0%) gas / (0x5273efa81a4594f40faff832ff84f837ccfeccfa04a73dd399847dd38aa2a973)
2026-10-07 13:14:32.104+00:00 | BftProcessorExecutor-QBFT-0 | INFO  | QbftBesuControllerBuilder | Imported #738 / 1 tx / 6 pending / 153,630 (0.0%) gas / (0xf6e094dbbccbca18b8921dfdd4091a0019166742c5d0e3732e2c4577e5cecd63)
2026-10-07 13:14:34.102+00:00 | BftProcessorExecutor-QBFT-0 | INFO  | QbftBesuControllerBuilder | Imported #739 / 1 tx / 5 pending / 153,650 (0.0%) gas / (0xe7944f89a7b1fc487bf16fc5c847ee1b910195bdc444ab4211adec16dc5fea3b)
2026-10-07 13:14:34.102+00:00 | EthScheduler-Workers-0 | INFO  | PersistBlockTask | Block 739 (0xe7944f89a7b1fc487bf16fc5c847ee1b910195bdc444ab4211adec16dc5fea3b) is already imported
2026-10-07 13:14:36.098+00:00 | EthScheduler-Workers-0 | INFO  | PersistBlockTask | Block 740 (0x9fc68b31ea5a15e4612e520226470f98c57c5f8f366e89294df8dc84bc27c1fd) is already imported
2026-10-07 13:14:36.098+00:00 | BftProcessorExecutor-QBFT-0 | INFO  | QbftBesuControllerBuilder | Imported #740 / 1 tx / 4 pending / 153,650 (0.0%) gas / (0x9fc68b31ea5a15e4612e520226470f98c57c5f8f366e89294df8dc84bc27c1fd)
2026-10-07 13:14:38.090+00:00 | BftProcessorExecutor-QBFT-0 | INFO  | QbftBesuControllerBuilder | Imported #741 / 1 tx / 3 pending / 153,606 (0.0%) gas / (0x62c9d9c9f08295386450fa304915ff2ac553dd41c229acc54894e46c3757df10)
2026-10-07 13:14:40.112+00:00 | BftProcessorExecutor-QBFT-0 | INFO  | QbftBesuControllerBuilder | Produced #742 / 1 tx / 2 pending / 153,630 (0.0%) gas / (0x4e191bec40766250d20acb565756481f74c5453f6176671ac2968c3c12b0b59d)
2026-10-07 13:14:42.098+00:00 | BftProcessorExecutor-QBFT-0 | INFO  | QbftBesuControllerBuilder | Imported #743 / 0 tx / 2 pending / 0 (0.0%) gas / (0x66c7a8bde432b1c27a2823aaf86788a75f0b623a1a02dccdab6a95f8dc6789d8)
2026-10-07 13:14:44.092+00:00 | BftProcessorExecutor-QBFT-0 | INFO  | QbftBesuControllerBuilder | Imported #744 / 0 tx / 2 pending / 0 (0.0%) gas / (0xe3fef984a7ee23dfc6d14cdbe92c3e7d7165e039b753f25398bfa1a4a6ce66c0)
2026-10-07 13:14:46.089+00:00 | BftProcessorExecutor-QBFT-0 | INFO  | QbftBesuControllerBuilder | Imported #745 / 0 tx / 2 pending / 0 (0.0%) gas / (0x05aeeac495292b9c4549ae2462dac7359217dcff253545a2d4d91e86e5674334)
2026-10-07 13:14:48.087+00:00 | BftProcessorExecutor-QBFT-0 | INFO  | QbftBesuControllerBuilder | Imported #746 / 0 tx / 2 pending / 0 (0.0%) gas / (0x610596ddc2f224f57fb701e8170d950110968e99b9d556f0ccc620a916267d15)
2026-10-07 13:14:50.099+00:00 | BftProcessorExecutor-QBFT-0 | INFO  | QbftBesuControllerBuilder | Imported #747 / 0 tx / 2 pending / 0 (0.0%) gas / (0xc0b523aff5f57fff9202fa59d9c61432ffb1025c50c2522afe1225330ab3c853)
2026-10-07 13:14:52.095+00:00 | BftProcessorExecutor-QBFT-0 | INFO  | QbftBesuControllerBuilder | Imported #748 / 0 tx / 2 pending / 0 (0.0%) gas / (0xb644a30c97787297047b045966063bac865f1a123b2e40b11b921d77905cb6c9)
2026-10-07 13:14:54.088+00:00 | BftProcessorExecutor-QBFT-0 | INFO  | QbftBesuControllerBuilder | Imported #749 / 0 tx / 2 pending / 0 (0.0%) gas / (0x76f1f463dea70ec04dfbc2a568eb5d75277d72d7b8ee13f92611a7182a2dd7f4)
2026-10-07 13:14:54.089+00:00 | EthScheduler-Workers-0 | INFO  | PersistBlockTask | Block 749 (0x76f1f463dea70ec04dfbc2a568eb5d75277d72d7b8ee13f92611a7182a2dd7f4) is already imported
2026-10-07 13:14:56.107+00:00 | BftProcessorExecutor-QBFT-0 | INFO  | QbftBesuControllerBuilder | Imported #750 / 1 tx / 1 pending / 153,638 (0.0%) gas / (0x82f429c1cc0ef95189492910c556d9a9c28a659698cfaa4ca90154b818edfe39)
2026-10-07 13:14:58.106+00:00 | BftProcessorExecutor-QBFT-0 | INFO  | QbftBesuControllerBuilder | Imported #751 / 1 tx / 0 pending / 153,650 (0.0%) gas / (0x5e6761620441d58bac369ed0410db42fdea456c981887aed660e225943b2da4a)
2026-10-07 13:15:00.093+00:00 | BftProcessorExecutor-QBFT-0 | INFO  | QbftBesuControllerBuilder | Imported #752 / 0 tx / 0 pending / 0 (0.0%) gas / (0xef1469dbb2e2bd2eb4a40dbad08080e5936eea6e30f2366b635262a572b40f0e)
2026-10-07 13:15:02.078+00:00 | BftProcessorExecutor-QBFT-0 | INFO  | QbftBesuControllerBuilder | Imported #753 / 0 tx / 0 pending / 0 (0.0%) gas / (0x96d228f77d2bc46ed3e9974678942f495126e5b7c546e2b0538829a465974e9b)
2026-10-07 13:15:04.065+00:00 | BftProcessorExecutor-QBFT-0 | INFO  | QbftBesuControllerBuilder | Imported #754 / 0 tx / 0 pending / 0 (0.0%) gas / (0x97a550d82f94f14fd98ee660b03bed5dd7a550acf1dc46f537f3137041159952)
2026-10-07 13:15:06.072+00:00 | BftProcessorExecutor-QBFT-0 | INFO  | QbftBesuControllerBuilder | Imported #755 / 0 tx / 0 pending / 0 (0.0%) gas / (0x357e7705281372adf637aabe263d2138db78b8b5ff3385b435f573a1f0eadd2a)
2026-10-07 13:15:08.078+00:00 | BftProcessorExecutor-QBFT-0 | INFO  | QbftBesuControllerBuilder | Imported #756 / 0 tx / 0 pending / 0 (0.0%) gas / (0x29252674d1d72af6efdee433d9ad04221b3e0c342d3f77ef8e4c57f8bb0e1b5b)
2026-10-07 13:15:10.089+00:00 | BftProcessorExecutor-QBFT-0 | INFO  | QbftBesuControllerBuilder | Produced #757 / 0 tx / 0 pending / 0 (0.0%) gas / (0x61766fe2585491d4869e5a46d1d694c922f72ad3c4f9e2f76ad72ef7e0612a9f)
2026-10-07 13:15:12.088+00:00 | BftProcessorExecutor-QBFT-0 | INFO  | QbftBesuControllerBuilder | Imported #758 / 0 tx / 0 pending / 0 (0.0%) gas / (0x0c3f4d8a64ad1b0bc7afb9ac4cec4640dde53a7b4f9af6691f44f0b92be26437)
2026-10-07 13:15:14.058+00:00 | BftProcessorExecutor-QBFT-0 | INFO  | QbftBesuControllerBuilder | Imported #759 / 0 tx / 0 pending / 0 (0.0%) gas / (0x913d0a9dec302639b15d3e46a4225053be092670108fe2610c39248e7016e5c2)
2026-10-07 13:15:16.065+00:00 | BftProcessorExecutor-QBFT-0 | INFO  | QbftBesuControllerBuilder | Imported #760 / 0 tx / 0 pending / 0 (0.0%) gas / (0x3fc9cae50991d36d5764749c501167f7626ca643fddcb4b4000e98c51b5c8955)
2026-10-07 13:15:18.051+00:00 | BftProcessorExecutor-QBFT-0 | INFO  | QbftBesuControllerBuilder | Imported #761 / 0 tx / 0 pending / 0 (0.0%) gas / (0xeaeb67d15a9324df2e43cb8e5f0b5ebc523372de0af9b26df87a5396992eee3b)
2026-10-07 13:15:20.082+00:00 | BftProcessorExecutor-QBFT-0 | INFO  | QbftBesuControllerBuilder | Imported #762 / 0 tx / 0 pending / 0 (0.0%) gas / (0x3e9165b6146ba38e2b9e622aab03ebc7c89192e7123aa40b263ffd8187ac5412)
2026-10-07 13:15:22.068+00:00 | BftProcessorExecutor-QBFT-0 | INFO  | QbftBesuControllerBuilder | Imported #763 / 0 tx / 0 pending / 0 (0.0%) gas / (0x813a1e57dfce6e8a3e1895a9bc8dbc028024a23b1b2ac89ce0820cafc96841df)
2026-10-07 13:15:24.090+00:00 | EthScheduler-Workers-0 | INFO  | PersistBlockTask | Block 764 (0x93ab457f4555e277bad2c109e079afcbb50dcfccd964f4daafdc6b0eb459cf9d) is already imported
2026-10-07 13:15:24.090+00:00 | BftProcessorExecutor-QBFT-0 | INFO  | QbftBesuControllerBuilder | Imported #764 / 0 tx / 0 pending / 0 (0.0%) gas / (0x93ab457f4555e277bad2c109e079afcbb50dcfccd964f4daafdc6b0eb459cf9d)
2026-10-07 13:15:26.070+00:00 | BftProcessorExecutor-QBFT-0 | INFO  | QbftBesuControllerBuilder | Imported #765 / 0 tx / 0 pending / 0 (0.0%) gas / (0xf6b58acd5cf9ba1276f5229bee9c17a26bedc154dd5192f0bb1575d294c88276)
2026-10-07 13:15:28.079+00:00 | BftProcessorExecutor-QBFT-0 | INFO  | QbftBesuControllerBuilder | Imported #766 / 0 tx / 0 pending / 0 (0.0%) gas / (0x7637aa41324ef9f3f8437208af5b801685b6be1edb640518bf9232b748c71602)
2026-10-07 13:15:30.051+00:00 | BftProcessorExecutor-QBFT-0 | INFO  | QbftBesuControllerBuilder | Imported #767 / 0 tx / 0 pending / 0 (0.0%) gas / (0x39ed5215eaa71f95fa06834c6c22fa74f216eab752a0bce6ac4499fb1115e319)
2026-10-07 13:15:32.056+00:00 | BftProcessorExecutor-QBFT-0 | INFO  | QbftBesuControllerBuilder | Imported #768 / 0 tx / 0 pending / 0 (0.0%) gas / (0xb54202b2bd171d858bf31c9f9c39d2bcfdf44f1c74cfc9a042fdf36519a9580f)
2026-10-07 13:15:34.081+00:00 | BftProcessorExecutor-QBFT-0 | INFO  | QbftBesuControllerBuilder | Imported #769 / 0 tx / 0 pending / 0 (0.0%) gas / (0x9061384ae4f4dc9f14a279576aea15a3ab7a39c6a78a2d3cead6f0e2a81af73d)
2026-10-07 13:15:36.089+00:00 | BftProcessorExecutor-QBFT-0 | INFO  | QbftBesuControllerBuilder | Imported #770 / 0 tx / 0 pending / 0 (0.0%) gas / (0xd2115868c393f8ab25ec5de2d918c924ac454dc95308d6d650726305ab2ef9e0)
2026-10-07 13:15:38.050+00:00 | BftProcessorExecutor-QBFT-0 | INFO  | QbftBesuControllerBuilder | Imported #771 / 0 tx / 0 pending / 0 (0.0%) gas / (0xe1841b5f9992f15dfbb196b6f506e87e1e56e7e8bf530ebd754fcb298df2f51d)
