Setting logging level to INFO
2026-10-07 10:50:13.340+00:00 | main | INFO  | Besu | Starting Besu
2026-10-07 10:50:13.760+00:00 | main | WARN  | Besu | --graphql-http-host has been ignored because --graphql-http-enabled was not defined on the command line.
2026-10-07 10:50:13.915+00:00 | main | INFO  | Besu | Connecting to 0 static nodes.
2026-10-07 10:50:13.920+00:00 | main | INFO  | Besu | Forcing price bump for transaction replacement to 0, since min-gas-price is set to 0
2026-10-07 10:50:13.920+00:00 | main | WARN  | Besu | Forcing tx-pool-min-gas-price=0, since it cannot be greater than the value of min-gas-price
2026-10-07 10:50:14.475+00:00 | main | INFO  | Besu | 
####################################################################################################
#                                                                                                  #
# Besu version 24.7.0                                                                              #
#                                                                                                  #
# Configuration:                                                                                   #
# Network: Custom genesis file                                                                     #
# /config/genesis.json                                                                             #
# Network Id: 1337                                                                                 #
# Data storage: Bonsai                                                                             #
# Sync mode: Full                                                                                  #
# RPC HTTP APIs: ETH,QBFT,NET,ADMIN,WEB3                                                           #
# RPC HTTP port: 8545                                                                              #
# Using LAYERED transaction pool implementation                                                    #
# Using STACKED worldstate update mode                                                             #
# Limit trie logs enabled: retention: 512; prune window: 30000                                     #
#                                                                                                  #
# Host:                                                                                            #
# Java: openjdk-java-21                                                                            #
# Maximum heap size: 29.50 GB                                                                      #
# OS: linux-x86_64                                                                                 #
# glibc: 2.39                                                                                      #
# jemalloc: 5.3.0-0-g54eaed1d8b56b1aa528be3bdd1877e59c56fa90c                                      #
# Total memory: 1007.68 GB                                                                         #
# CPU cores: 256                                                                                   #
#                                                                                                  #
# Plugin Registration Summary:                                                                     #
# No plugins have been registered.                                                                 #
# TOTAL = 0 of 0 plugins successfully registered.                                                  #
#                                                                                                  #
####################################################################################################
2026-10-07 10:50:14.476+00:00 | main | INFO  | Besu | Security Module: localfile
2026-10-07 10:50:14.478+00:00 | main | INFO  | VersionMetadata | Lookup version metadata file in data directory: /data
2026-10-07 10:50:14.478+00:00 | main | INFO  | VersionMetadata | No version data detected. Writing Besu version 24.7.0 to metadata file
2026-10-07 10:50:14.585+00:00 | main | INFO  | Besu | Using the native implementation of alt bn128
2026-10-07 10:50:14.663+00:00 | main | INFO  | Besu | Using the native implementation of modexp
2026-10-07 10:50:14.664+00:00 | main | INFO  | Besu | Using the native implementation of the signature algorithm
2026-10-07 10:50:14.674+00:00 | main | INFO  | Besu | Using the native implementation of the blake2bf algorithm
2026-10-07 10:50:14.789+00:00 | main | INFO  | Besu | Forcing price bump for transaction replacement to 0, since min-gas-price is set to 0
2026-10-07 10:50:14.790+00:00 | main | WARN  | Besu | Forcing tx-pool-min-gas-price=0, since it cannot be greater than the value of min-gas-price
2026-10-07 10:50:14.792+00:00 | main | INFO  | KeyPairUtil | Attempting to load public key from /data/key.priv
2026-10-07 10:50:14.823+00:00 | main | INFO  | KeyPairUtil | Loaded public key 0xbba9ca085f92796e743343010335578087e63719518cd1c8c3a0c1152132b071db4a82c36094f01461a705c25fa904826f44d510b2686afe6c9e0d2e1f5bb146 from /data/key.priv
2026-10-07 10:50:15.031+00:00 | main | INFO  | ProtocolScheduleBuilder | Protocol schedule created with milestones: [Berlin:0]
2026-10-07 10:50:15.036+00:00 | main | INFO  | RocksDBKeyValueStorageFactory | No existing database at /data. Using default metadata for new db versionedStorageFormat=BaseVersionedStorageFormat{format=BONSAI, version=2}
2026-10-07 10:50:15.567+00:00 | main | INFO  | FlatDbStrategyProvider | Bonsai flat db mode found FULL
2026-10-07 10:50:15.575+00:00 | main | INFO  | FlatDbStrategyProvider | Bonsai db mode with code stored using code hash enabled = true
2026-10-07 10:50:15.589+00:00 | main | INFO  | FlatDbStrategyProvider | Bonsai flat db mode found FULL
2026-10-07 10:50:15.595+00:00 | main | INFO  | FlatDbStrategyProvider | Bonsai db mode with code stored using code hash enabled = true
2026-10-07 10:50:16.179+00:00 | main | INFO  | TransactionPoolFactory | Enabling transaction pool
2026-10-07 10:50:16.200+00:00 | main | INFO  | BesuControllerBuilder | TTD difficulty is not present, creating initial sync phase for PoW
2026-10-07 10:50:16.261+00:00 | main | INFO  | TrieLogPruner | Loading first 30000 trie logs from database...
2026-10-07 10:50:16.262+00:00 | main | INFO  | TrieLogPruner | Loaded 1 trie logs from database
2026-10-07 10:50:16.271+00:00 | main | INFO  | RunnerBuilder | Resolved 5 bootnodes.
2026-10-07 10:50:16.279+00:00 | main | INFO  | RunnerBuilder | Detecting NAT service.
2026-10-07 10:50:16.580+00:00 | main | INFO  | Runner | Starting external services ... 
2026-10-07 10:50:16.581+00:00 | main | INFO  | JsonRpcHttpService | Starting JSON-RPC service on 0.0.0.0:8545
2026-10-07 10:50:17.036+00:00 | vert.x-eventloop-thread-1 | INFO  | JsonRpcHttpService | JSON-RPC service started and listening on 0.0.0.0:8545
2026-10-07 10:50:17.040+00:00 | main | INFO  | WebSocketService | Starting Websocket service on 0.0.0.0:8546
2026-10-07 10:50:17.045+00:00 | vert.x-eventloop-thread-1 | INFO  | WebSocketService | Websocket service started and listening on 0.0.0.0:8546
2026-10-07 10:50:17.054+00:00 | main | INFO  | AutoTransactionLogBloomCachingService | Starting auto transaction log bloom caching service.
2026-10-07 10:50:17.056+00:00 | main | INFO  | LogBloomCacheMetadata | Lookup cache metadata file in data directory: /data/caches
2026-10-07 10:50:17.076+00:00 | main | INFO  | Runner | Starting Ethereum main loop ... 
2026-10-07 10:50:17.076+00:00 | main | INFO  | NatService | No NAT environment detected so no service could be started
2026-10-07 10:50:17.077+00:00 | main | INFO  | NetworkRunner | Starting Network.
2026-10-07 10:50:17.101+00:00 | nioEventLoopGroup-2-1 | INFO  | RlpxAgent | P2P RLPx agent started and listening on /[0:0:0:0:0:0:0:0]:30303.
2026-10-07 10:50:17.102+00:00 | main | INFO  | PeerDiscoveryAgent | Starting peer discovery agent on host=0.0.0.0, port=30303. IPv6 available.
2026-10-07 10:50:17.124+00:00 | vert.x-eventloop-thread-1 | INFO  | VertxPeerDiscoveryAgent | Started peer discovery agent successfully, on effective host=0:0:0:0:0:0:0:0%0 and port=30303
2026-10-07 10:50:17.127+00:00 | vert.x-eventloop-thread-1 | INFO  | PeerDiscoveryAgent | P2P peer discovery agent started and listening on /[0:0:0:0:0:0:0:0%0]:30303
2026-10-07 10:50:17.199+00:00 | vert.x-eventloop-thread-1 | INFO  | PeerDiscoveryAgent | Writing node record to disk. NodeRecord{seq=1, publicKey=0x02bba9ca085f92796e743343010335578087e63719518cd1c8c3a0c1152132b071, udpAddress=Optional[/0.0.0.0:30303], tcpAddress=Optional[/0.0.0.0:30303], asBase64=-Je4QICMmq4_V5SNexM29_e2zCfQ_JJFq7nW8CWw0F5cTwFoG1JFtbDp13CNheqVmLE6zmVIc52PQ0XQxT0XYybCpuQBg2V0aMfGhNnSx4OAgmlkgnY0gmlwhAAAAACJc2VjcDI1NmsxoQK7qcoIX5J5bnQzQwEDNVeAh-Y3GVGM0cjDoMEVITKwcYN0Y3CCdl-DdWRwgnZf, nodeId=0xe2806e941aeb5cc36d75a1eef3d89a1b4fdc31ce7466be5a04097b97741b190e, customFields={tcp=30303, udp=30303, ip=0x00000000, eth=[[0xd9d2c783, 0x]], id=V4, secp256k1=0x02bba9ca085f92796e743343010335578087e63719518cd1c8c3a0c1152132b071}}
2026-10-07 10:50:17.238+00:00 | main | INFO  | DefaultP2PNetwork | Enode URL enode://bba9ca085f92796e743343010335578087e63719518cd1c8c3a0c1152132b071db4a82c36094f01461a705c25fa904826f44d510b2686afe6c9e0d2e1f5bb146@0.0.0.0:30303
2026-10-07 10:50:17.239+00:00 | main | INFO  | DefaultP2PNetwork | Node address 0xf3d89a1b4fdc31ce7466be5a04097b97741b190e
2026-10-07 10:50:17.269+00:00 | main | INFO  | NetworkRunner | Supported capabilities: [eth/62, eth/63, eth/64, eth/65, eth/66, eth/67, eth/68], [istanbul/100], [snap/1]
2026-10-07 10:50:17.269+00:00 | main | INFO  | DefaultSynchronizer | Starting synchronizer.
2026-10-07 10:50:17.271+00:00 | main | INFO  | TransactionPoolFactory | Enabling transaction handling following initial sync
2026-10-07 10:50:17.271+00:00 | main | INFO  | QbftBesuControllerBuilder | Starting QBFT mining coordinator following initial sync
2026-10-07 10:50:17.284+00:00 | main | INFO  | FullSyncDownloader | Starting full sync.
2026-10-07 10:50:17.285+00:00 | main | INFO  | FullSyncTargetManager | Unable to find sync target. Currently checking 0 peers for usefulness
2026-10-07 10:50:17.296+00:00 | main | INFO  | Runner | Ethereum main loop is up.
2026-10-07 10:50:17.459+00:00 | nioEventLoopGroup-3-4 | INFO  | FullSyncTargetManager | Unable to find sync target. Currently checking 1 peers for usefulness
2026-10-07 10:50:17.755+00:00 | nioEventLoopGroup-3-2 | INFO  | FullSyncTargetManager | Unable to find sync target. Currently checking 2 peers for usefulness
2026-10-07 10:50:19.354+00:00 | BftProcessorExecutor-QBFT-0 | INFO  | QbftBesuControllerBuilder | Imported #2 / 0 tx / 0 pending / 0 (0.0%) gas / (0x3111740d08efd6c70aedb7736fe807c2450a53a8349c442b9aaf8caa2c18a339)
2026-10-07 10:50:21.395+00:00 | BftProcessorExecutor-QBFT-0 | INFO  | QbftBesuControllerBuilder | Imported #3 / 0 tx / 0 pending / 0 (0.0%) gas / (0xa683c3f2c8c451c3046fa453db42326bacbe55be44d20142a738997471dde173)
2026-10-07 10:50:23.360+00:00 | BftProcessorExecutor-QBFT-0 | INFO  | QbftBesuControllerBuilder | Imported #4 / 0 tx / 0 pending / 0 (0.0%) gas / (0x59ff2310e10ab6a516000f739f70c9be925e7db6cdbe0d730c23f845f060713b)
2026-10-07 10:50:23.363+00:00 | EthScheduler-Workers-0 | INFO  | PersistBlockTask | Block 4 (0x59ff2310e10ab6a516000f739f70c9be925e7db6cdbe0d730c23f845f060713b) is already imported
2026-10-07 10:50:25.341+00:00 | BftProcessorExecutor-QBFT-0 | INFO  | QbftBesuControllerBuilder | Imported #5 / 0 tx / 0 pending / 0 (0.0%) gas / (0x1fb84ed387b48c2c697e52789a6ed32869701c20645375c68abb4edf9788dfd0)
2026-10-07 10:50:25.342+00:00 | EthScheduler-Workers-0 | INFO  | PersistBlockTask | Block 5 (0x1fb84ed387b48c2c697e52789a6ed32869701c20645375c68abb4edf9788dfd0) is already imported
2026-10-07 10:50:27.362+00:00 | BftProcessorExecutor-QBFT-0 | INFO  | QbftBesuControllerBuilder | Imported #6 / 0 tx / 1 pending / 0 (0.0%) gas / (0xa9e4e5a8eb84a503a5001fa315304f1d2206ff95d6eccdc1848f35cc0a7c823e)
2026-10-07 10:50:29.354+00:00 | BftProcessorExecutor-QBFT-0 | INFO  | QbftBesuControllerBuilder | Imported #7 / 0 tx / 1 pending / 0 (0.0%) gas / (0xf7563b7aee302738f2f79666f29ca963460070ec6efbac5c8d6b9ca28359cdf9)
2026-10-07 10:50:31.376+00:00 | BftProcessorExecutor-QBFT-0 | INFO  | QbftBesuControllerBuilder | Imported #8 / 0 tx / 1 pending / 0 (0.0%) gas / (0xae779434c1e4d5be98ee3377ea06c1436a7352dc0138051c9397ec292a6f415f)
2026-10-07 10:50:33.380+00:00 | BftProcessorExecutor-QBFT-0 | INFO  | QbftBesuControllerBuilder | Imported #9 / 0 tx / 1 pending / 0 (0.0%) gas / (0x61fb7abb2ba4b203ba59edbb0522b18eec758ea6af30bcaf26b53e618db85643)
2026-10-07 10:50:35.369+00:00 | BftProcessorExecutor-QBFT-0 | INFO  | QbftBesuControllerBuilder | Imported #10 / 0 tx / 1 pending / 0 (0.0%) gas / (0x25bd455dd1d9b09ed2f0a3cc7cb3f84dee7e635a8a1e3b4bee7f1a470862a52c)
2026-10-07 10:50:37.385+00:00 | BftProcessorExecutor-QBFT-0 | INFO  | QbftBesuControllerBuilder | Imported #11 / 0 tx / 1 pending / 0 (0.0%) gas / (0xf2c0711a3e48e2fe6a29743745b5ad6cbf1058343b2f3df872229ef7c568e627)
2026-10-07 10:50:39.373+00:00 | EthScheduler-Workers-0 | INFO  | PersistBlockTask | Imported #12 / 0 tx / 0 om / 0 (0.0%) gas / (0x98597c248b2cabedaacda4515bb3d6ec47c5074d05a9e165eb45487e7fe0e2a4) in 0.004s. Peers: 14
2026-10-07 10:50:39.377+00:00 | BftProcessorExecutor-QBFT-0 | INFO  | QbftBesuControllerBuilder | Imported #12 / 0 tx / 1 pending / 0 (0.0%) gas / (0x98597c248b2cabedaacda4515bb3d6ec47c5074d05a9e165eb45487e7fe0e2a4)
2026-10-07 10:50:41.374+00:00 | EthScheduler-Workers-0 | INFO  | PersistBlockTask | Imported #13 / 0 tx / 0 om / 0 (0.0%) gas / (0x3f231385b423251d755f008a7a4094ca9845e65021e682d41e7b03723f4aa0c0) in 0.003s. Peers: 14
2026-10-07 10:50:43.388+00:00 | BftProcessorExecutor-QBFT-0 | INFO  | QbftBesuControllerBuilder | Produced #14 / 0 tx / 1 pending / 0 (0.0%) gas / (0x59d048c6c1f7dc758e515965a6fc18cc2b61e89e9a6667440024b87c72499229)
2026-10-07 10:50:45.460+00:00 | BftProcessorExecutor-QBFT-0 | INFO  | QbftBesuControllerBuilder | Imported #15 / 1 tx / 0 pending / 465,218 (0.0%) gas / (0x6677bf7356f7e20e26da0326ca51836e83cb43ced7177f2f8b70c40781322c77)
2026-10-07 10:50:47.294+00:00 | BftProcessorExecutor-QBFT-0 | INFO  | QbftBesuControllerBuilder | Imported #16 / 0 tx / 1 pending / 0 (0.0%) gas / (0x1b8b8e09b24559b25e61a8890b34e66095a57e7a9f5b31f251ab8b012d4f0fbb)
2026-10-07 10:50:49.293+00:00 | EthScheduler-Workers-0 | INFO  | PersistBlockTask | Block 17 (0xc33d47bd852cbdb0016d6d4ac03084147462adfc4c3f4f62961583ef685bcc49) is already imported
2026-10-07 10:50:49.293+00:00 | BftProcessorExecutor-QBFT-0 | INFO  | QbftBesuControllerBuilder | Imported #17 / 0 tx / 1 pending / 0 (0.0%) gas / (0xc33d47bd852cbdb0016d6d4ac03084147462adfc4c3f4f62961583ef685bcc49)
2026-10-07 10:50:51.304+00:00 | BftProcessorExecutor-QBFT-0 | INFO  | QbftBesuControllerBuilder | Imported #18 / 0 tx / 1 pending / 0 (0.0%) gas / (0xcf7df1144c330bd827f8f0c0e091c5368dbdf69f3852013c2fd0a58df73d33a1)
2026-10-07 10:50:53.282+00:00 | BftProcessorExecutor-QBFT-0 | INFO  | QbftBesuControllerBuilder | Imported #19 / 0 tx / 1 pending / 0 (0.0%) gas / (0xed7c45d3e9ba9a15ba44cd7742a69edd666e3ba29e3c23d9179def61c68fd0f4)
2026-10-07 10:50:55.279+00:00 | BftProcessorExecutor-QBFT-0 | INFO  | QbftBesuControllerBuilder | Imported #20 / 0 tx / 1 pending / 0 (0.0%) gas / (0xfd27636702eab548b76322a353ed4e4b0adc15d35d1b7839f454ef7beb629bc3)
2026-10-07 10:50:57.310+00:00 | BftProcessorExecutor-QBFT-0 | INFO  | QbftBesuControllerBuilder | Imported #21 / 0 tx / 1 pending / 0 (0.0%) gas / (0x33696123d2c58f515d8ab986818972d7a486f1ea7f013e0f99d747cc31b1841c)
2026-10-07 10:50:59.297+00:00 | BftProcessorExecutor-QBFT-0 | INFO  | QbftBesuControllerBuilder | Imported #22 / 0 tx / 1 pending / 0 (0.0%) gas / (0x9ebca67c99c7d9c5234a3fd35e87c2641d1d06ea8ae7a6ddd4329f1faba8a36d)
2026-10-07 10:51:01.302+00:00 | BftProcessorExecutor-QBFT-0 | INFO  | QbftBesuControllerBuilder | Imported #23 / 0 tx / 1 pending / 0 (0.0%) gas / (0xc2d3b291d960cf37883d27a8318c95ef3ede715736ec855d570b141d9b349605)
2026-10-07 10:51:03.298+00:00 | BftProcessorExecutor-QBFT-0 | INFO  | QbftBesuControllerBuilder | Imported #24 / 0 tx / 1 pending / 0 (0.0%) gas / (0x37df40f1c4dc6e0b5db1f6fdd6c002a248f3f785f218319b7a68afb4545a8d0f)
2026-10-07 10:51:05.314+00:00 | BftProcessorExecutor-QBFT-0 | INFO  | QbftBesuControllerBuilder | Imported #25 / 0 tx / 1 pending / 0 (0.0%) gas / (0xee5fd40e0334afe6d3b427cb9abca20c5165c3ef24d3e99e9fe1170bbcf6a76b)
2026-10-07 10:51:07.284+00:00 | BftProcessorExecutor-QBFT-0 | INFO  | QbftBesuControllerBuilder | Imported #26 / 0 tx / 1 pending / 0 (0.0%) gas / (0x917f95064e6727090d29308eff886e3da445e34ff9b4ab552c489b76eccbbe3b)
2026-10-07 10:51:09.303+00:00 | EthScheduler-Workers-0 | INFO  | PersistBlockTask | Block 27 (0xf76a2affccb8713437d425286b42343eff16e0cbf18956af30edb7a99783e33b) is already imported
2026-10-07 10:51:09.303+00:00 | BftProcessorExecutor-QBFT-0 | INFO  | QbftBesuControllerBuilder | Imported #27 / 0 tx / 1 pending / 0 (0.0%) gas / (0xf76a2affccb8713437d425286b42343eff16e0cbf18956af30edb7a99783e33b)
2026-10-07 10:51:11.324+00:00 | BftProcessorExecutor-QBFT-0 | INFO  | QbftBesuControllerBuilder | Imported #28 / 0 tx / 1 pending / 0 (0.0%) gas / (0x58049a691b35012133b2f23237148c3f7e523126ac485f3f932f1c638887070d)
2026-10-07 10:51:13.310+00:00 | BftProcessorExecutor-QBFT-0 | INFO  | QbftBesuControllerBuilder | Produced #29 / 0 tx / 1 pending / 0 (0.0%) gas / (0x2424da0c390c0eed331586ed0409e2385ec7178319dbdf2fcf6856c71bb22cc6)
2026-10-07 10:51:15.315+00:00 | BftProcessorExecutor-QBFT-0 | INFO  | QbftBesuControllerBuilder | Imported #30 / 1 tx / 0 pending / 1,832,981 (0.0%) gas / (0x08dfb937eef08ec076f2840285bb93cd9a39a1b6c591f4fef89ac0bd22725606)
2026-10-07 10:51:17.287+00:00 | BftProcessorExecutor-QBFT-0 | INFO  | QbftBesuControllerBuilder | Imported #31 / 0 tx / 0 pending / 0 (0.0%) gas / (0xbdeff412ff92ee52b8053e25ee8ea6132f9c97aa760a8e5aadb0356b33e993fa)
2026-10-07 10:51:19.307+00:00 | BftProcessorExecutor-QBFT-0 | INFO  | QbftBesuControllerBuilder | Imported #32 / 0 tx / 0 pending / 0 (0.0%) gas / (0x2f79d3b8454800e5e76926daea7b0340d9533fd8f9938c378d455cf43217f213)
2026-10-07 10:51:21.301+00:00 | BftProcessorExecutor-QBFT-0 | INFO  | QbftBesuControllerBuilder | Imported #33 / 0 tx / 0 pending / 0 (0.0%) gas / (0x4ecb27ebe2c582be24ab8266c906307fea7a4c69f03c2f1886fc8c62ba3a6ca5)
2026-10-07 10:51:23.304+00:00 | BftProcessorExecutor-QBFT-0 | INFO  | QbftBesuControllerBuilder | Imported #34 / 0 tx / 0 pending / 0 (0.0%) gas / (0x65798da822811dd06cd69c078e2b77e716f67fe7c9d1408796fef308f68b3d93)
2026-10-07 10:51:25.316+00:00 | EthScheduler-Workers-0 | INFO  | PersistBlockTask | Block 35 (0xe2269cd1b4919349200aafc61fa91d599f4212e2f37b75395d48c785b64d3946) is already imported
2026-10-07 10:51:25.317+00:00 | BftProcessorExecutor-QBFT-0 | INFO  | QbftBesuControllerBuilder | Imported #35 / 0 tx / 0 pending / 0 (0.0%) gas / (0xe2269cd1b4919349200aafc61fa91d599f4212e2f37b75395d48c785b64d3946)
2026-10-07 10:51:27.311+00:00 | EthScheduler-Workers-0 | INFO  | PersistBlockTask | Block 36 (0xd9bb0227e57ffff7e1cdefa49ec384a3f7da8aa6f34450505d5bdc80c3565b0c) is already imported
2026-10-07 10:51:27.311+00:00 | BftProcessorExecutor-QBFT-0 | INFO  | QbftBesuControllerBuilder | Imported #36 / 0 tx / 0 pending / 0 (0.0%) gas / (0xd9bb0227e57ffff7e1cdefa49ec384a3f7da8aa6f34450505d5bdc80c3565b0c)
2026-10-07 10:51:29.307+00:00 | BftProcessorExecutor-QBFT-0 | INFO  | QbftBesuControllerBuilder | Imported #37 / 0 tx / 0 pending / 0 (0.0%) gas / (0x30fa5ff020e23dcf9252e680064dc3c12b0a7036ab0b651d05144d5c4a9340f2)
2026-10-07 10:51:31.339+00:00 | BftProcessorExecutor-QBFT-0 | INFO  | QbftBesuControllerBuilder | Imported #38 / 0 tx / 0 pending / 0 (0.0%) gas / (0x6a89f8b3671d07319b87f4f8c39c5c241c52319130f16bafd40744c296f9c49d)
2026-10-07 10:51:33.284+00:00 | BftProcessorExecutor-QBFT-0 | INFO  | QbftBesuControllerBuilder | Imported #39 / 0 tx / 0 pending / 0 (0.0%) gas / (0x923ebd5725cd3163e56b46637f4f8e3dc53456a0236caf35938137d28526330e)
2026-10-07 10:51:35.312+00:00 | BftProcessorExecutor-QBFT-0 | INFO  | QbftBesuControllerBuilder | Imported #40 / 0 tx / 0 pending / 0 (0.0%) gas / (0xfb11dd319056caa592ae78d64be00201b405390e0a1e6f7bfa80865b52cabd52)
2026-10-07 10:51:35.315+00:00 | EthScheduler-Workers-0 | INFO  | PersistBlockTask | Block 40 (0xfb11dd319056caa592ae78d64be00201b405390e0a1e6f7bfa80865b52cabd52) is already imported
2026-10-07 10:51:37.319+00:00 | EthScheduler-Workers-0 | INFO  | PersistBlockTask | Block 41 (0xb0746346e8d41567fce1ea76b95d53d8d4914ef096900fb11fbb3c1e17c08a31) is already imported
2026-10-07 10:51:37.319+00:00 | BftProcessorExecutor-QBFT-0 | INFO  | QbftBesuControllerBuilder | Imported #41 / 0 tx / 0 pending / 0 (0.0%) gas / (0xb0746346e8d41567fce1ea76b95d53d8d4914ef096900fb11fbb3c1e17c08a31)
2026-10-07 10:51:39.301+00:00 | BftProcessorExecutor-QBFT-0 | INFO  | QbftBesuControllerBuilder | Imported #42 / 0 tx / 0 pending / 0 (0.0%) gas / (0x138f1de10a67d8e91b8f08a1e2dbbf89cbe3c386db7fe350ee5affd2e2d6e2fd)
2026-10-07 10:51:41.344+00:00 | EthScheduler-Workers-0 | INFO  | PersistBlockTask | Block 43 (0x8a28a9fe6933278b80e5cc6cc742186171dbd4ebdbb5b501f1cb53da26034989) is already imported
2026-10-07 10:51:41.346+00:00 | BftProcessorExecutor-QBFT-0 | INFO  | QbftBesuControllerBuilder | Imported #43 / 0 tx / 0 pending / 0 (0.0%) gas / (0x8a28a9fe6933278b80e5cc6cc742186171dbd4ebdbb5b501f1cb53da26034989)
2026-10-07 10:51:43.307+00:00 | BftProcessorExecutor-QBFT-0 | INFO  | QbftBesuControllerBuilder | Produced #44 / 0 tx / 0 pending / 0 (0.0%) gas / (0x0c795e3ae320b2edc79e599f4a3633f34188998e329511a0c59544103f1e4062)
2026-10-07 10:51:45.306+00:00 | EthScheduler-Workers-0 | INFO  | PersistBlockTask | Block 45 (0x8d1d03cedbe1e8b6f3888f32d536261649e246d1140d5500d3b1ec1b9e26d639) is already imported
2026-10-07 10:51:45.307+00:00 | BftProcessorExecutor-QBFT-0 | INFO  | QbftBesuControllerBuilder | Imported #45 / 0 tx / 0 pending / 0 (0.0%) gas / (0x8d1d03cedbe1e8b6f3888f32d536261649e246d1140d5500d3b1ec1b9e26d639)
2026-10-07 10:51:47.310+00:00 | BftProcessorExecutor-QBFT-0 | INFO  | QbftBesuControllerBuilder | Imported #46 / 0 tx / 0 pending / 0 (0.0%) gas / (0x74782b97994ebb002c39dd48ad9b1c8f62a643dd65effdf98fe0c8dbcc43e688)
2026-10-07 10:51:49.303+00:00 | EthScheduler-Workers-0 | INFO  | PersistBlockTask | Block 47 (0xad2d26a280715bcfb31719dfc972dbe80f1794ae259e375a33dd5348e34e4644) is already imported
2026-10-07 10:51:49.303+00:00 | BftProcessorExecutor-QBFT-0 | INFO  | QbftBesuControllerBuilder | Imported #47 / 0 tx / 0 pending / 0 (0.0%) gas / (0xad2d26a280715bcfb31719dfc972dbe80f1794ae259e375a33dd5348e34e4644)
2026-10-07 10:51:51.327+00:00 | BftProcessorExecutor-QBFT-0 | INFO  | QbftBesuControllerBuilder | Imported #48 / 0 tx / 0 pending / 0 (0.0%) gas / (0x3b00aabbd3ed976e86ccfc06f7adcbc351e9cb7bd423d171557a89b81fb7516e)
2026-10-07 10:51:53.298+00:00 | EthScheduler-Workers-0 | INFO  | PersistBlockTask | Block 49 (0x9ff3dda42d79c106f1f92116cbe6e10a3a8483dc3b2ce235ef01244ff192a46a) is already imported
2026-10-07 10:51:53.299+00:00 | BftProcessorExecutor-QBFT-0 | INFO  | QbftBesuControllerBuilder | Imported #49 / 0 tx / 0 pending / 0 (0.0%) gas / (0x9ff3dda42d79c106f1f92116cbe6e10a3a8483dc3b2ce235ef01244ff192a46a)
2026-10-07 10:51:55.300+00:00 | BftProcessorExecutor-QBFT-0 | INFO  | QbftBesuControllerBuilder | Imported #50 / 0 tx / 0 pending / 0 (0.0%) gas / (0x4966afa12a4960f520c62c6b84a88327e38039011221f5b310d92bdcf2522c31)
2026-10-07 10:51:57.312+00:00 | BftProcessorExecutor-QBFT-0 | INFO  | QbftBesuControllerBuilder | Imported #51 / 0 tx / 0 pending / 0 (0.0%) gas / (0x4983bfdb3109a2aad2106e64c6a2c5256529c89e029ccc1d93c39c82b00f05b6)
2026-10-07 10:51:57.314+00:00 | EthScheduler-Workers-0 | INFO  | PersistBlockTask | Block 51 (0x4983bfdb3109a2aad2106e64c6a2c5256529c89e029ccc1d93c39c82b00f05b6) is already imported
2026-10-07 10:51:59.300+00:00 | BftProcessorExecutor-QBFT-0 | INFO  | QbftBesuControllerBuilder | Imported #52 / 0 tx / 0 pending / 0 (0.0%) gas / (0xeb4d93a3f9960a3b5bace5425eb8c61fe91a765f4d7cdcfcf65d4149242842fa)
2026-10-07 10:51:59.308+00:00 | EthScheduler-Workers-0 | INFO  | PersistBlockTask | Block 52 (0xeb4d93a3f9960a3b5bace5425eb8c61fe91a765f4d7cdcfcf65d4149242842fa) is already imported
2026-10-07 10:52:01.328+00:00 | BftProcessorExecutor-QBFT-0 | INFO  | QbftBesuControllerBuilder | Imported #53 / 0 tx / 0 pending / 0 (0.0%) gas / (0xd5e4e7bb0b1961b4a5afc5bc56d6ffcc3910946075b05eb62ae10a0eacf378dc)
2026-10-07 10:52:03.296+00:00 | BftProcessorExecutor-QBFT-0 | INFO  | QbftBesuControllerBuilder | Imported #54 / 0 tx / 0 pending / 0 (0.0%) gas / (0x205cc91c03a436176d239b572c5252cf1564eba507ccb9a2f174678157bd8a86)
2026-10-07 10:52:05.293+00:00 | BftProcessorExecutor-QBFT-0 | INFO  | QbftBesuControllerBuilder | Imported #55 / 0 tx / 0 pending / 0 (0.0%) gas / (0x54c59dc7f3217190f227043fab25752ef25dd316c4eff7342c710416b7d150ff)
2026-10-07 10:52:05.296+00:00 | EthScheduler-Workers-0 | INFO  | PersistBlockTask | Block 55 (0x54c59dc7f3217190f227043fab25752ef25dd316c4eff7342c710416b7d150ff) is already imported
2026-10-07 10:52:07.283+00:00 | BftProcessorExecutor-QBFT-0 | INFO  | QbftBesuControllerBuilder | Imported #56 / 0 tx / 0 pending / 0 (0.0%) gas / (0xbf66013b3fa6a934bc51cd27bcc9f25b89b629ea964f35e2baee1a2ace380162)
2026-10-07 10:52:09.295+00:00 | BftProcessorExecutor-QBFT-0 | INFO  | QbftBesuControllerBuilder | Imported #57 / 0 tx / 0 pending / 0 (0.0%) gas / (0xa451d743ab8a14b14977d001db5d8335dcfb0f7685cfc0630b00e35666289c95)
2026-10-07 10:52:11.303+00:00 | BftProcessorExecutor-QBFT-0 | INFO  | QbftBesuControllerBuilder | Imported #58 / 0 tx / 0 pending / 0 (0.0%) gas / (0x5d6ae49b4af89f225a765eb0448b877183ccd0553b05a1d77db6eb2d0a27a48f)
2026-10-07 10:52:13.285+00:00 | BftProcessorExecutor-QBFT-0 | INFO  | QbftBesuControllerBuilder | Produced #59 / 0 tx / 0 pending / 0 (0.0%) gas / (0x34df7449c573e321a26ec91d099cc7c0564ef5ba3e2bd403c00a878af6a4bb43)
2026-10-07 10:52:15.298+00:00 | BftProcessorExecutor-QBFT-0 | INFO  | QbftBesuControllerBuilder | Imported #60 / 0 tx / 0 pending / 0 (0.0%) gas / (0x90d99b88fc23d30d07271fef09339961b027a4877f82176d18a62c457022ab42)
2026-10-07 10:52:17.303+00:00 | EthScheduler-Workers-0 | INFO  | PersistBlockTask | Block 61 (0xcf8c2e562487846347ccd8be422555651d3471a20b8fcd9cf274e1ca1d97676a) is already imported
2026-10-07 10:52:17.304+00:00 | BftProcessorExecutor-QBFT-0 | INFO  | QbftBesuControllerBuilder | Imported #61 / 0 tx / 0 pending / 0 (0.0%) gas / (0xcf8c2e562487846347ccd8be422555651d3471a20b8fcd9cf274e1ca1d97676a)
2026-10-07 10:52:19.293+00:00 | EthScheduler-Workers-0 | INFO  | PersistBlockTask | Block 62 (0x81bcf54cd8b532372bcc57270a4ed8eda958c311976426f21e0dae38cdbb5fcf) is already imported
2026-10-07 10:52:19.294+00:00 | BftProcessorExecutor-QBFT-0 | INFO  | QbftBesuControllerBuilder | Imported #62 / 0 tx / 0 pending / 0 (0.0%) gas / (0x81bcf54cd8b532372bcc57270a4ed8eda958c311976426f21e0dae38cdbb5fcf)
2026-10-07 10:52:21.314+00:00 | BftProcessorExecutor-QBFT-0 | INFO  | QbftBesuControllerBuilder | Imported #63 / 0 tx / 0 pending / 0 (0.0%) gas / (0xcbc547e574c08f6386fa38395ce23077bffd981510ed9e6f24acb1ed3cdc38a0)
2026-10-07 10:52:21.315+00:00 | EthScheduler-Workers-0 | INFO  | PersistBlockTask | Block 63 (0xcbc547e574c08f6386fa38395ce23077bffd981510ed9e6f24acb1ed3cdc38a0) is already imported
2026-10-07 10:52:23.303+00:00 | BftProcessorExecutor-QBFT-0 | INFO  | QbftBesuControllerBuilder | Imported #64 / 0 tx / 0 pending / 0 (0.0%) gas / (0x9d31355d42609d64717d7cdaf82879effc0d11d8c54a4467b2dab9afabba90ab)
2026-10-07 10:52:23.303+00:00 | EthScheduler-Workers-0 | INFO  | PersistBlockTask | Block 64 (0x9d31355d42609d64717d7cdaf82879effc0d11d8c54a4467b2dab9afabba90ab) is already imported
2026-10-07 10:52:25.305+00:00 | EthScheduler-Workers-0 | INFO  | PersistBlockTask | Block 65 (0x45356aa28dba8e1ec59dc16757c22c0498d3a1277f3a7d0e300ed6610cd3163f) is already imported
2026-10-07 10:52:25.305+00:00 | BftProcessorExecutor-QBFT-0 | INFO  | QbftBesuControllerBuilder | Imported #65 / 0 tx / 0 pending / 0 (0.0%) gas / (0x45356aa28dba8e1ec59dc16757c22c0498d3a1277f3a7d0e300ed6610cd3163f)
2026-10-07 10:52:27.307+00:00 | EthScheduler-Workers-0 | INFO  | PersistBlockTask | Block 66 (0x7909095503e6af21467c60c5652c5c00e57ed8e4a372c86de0f3ea15574ce7ee) is already imported
2026-10-07 10:52:27.308+00:00 | BftProcessorExecutor-QBFT-0 | INFO  | QbftBesuControllerBuilder | Imported #66 / 0 tx / 0 pending / 0 (0.0%) gas / (0x7909095503e6af21467c60c5652c5c00e57ed8e4a372c86de0f3ea15574ce7ee)
2026-10-07 10:52:29.309+00:00 | BftProcessorExecutor-QBFT-0 | INFO  | QbftBesuControllerBuilder | Imported #67 / 0 tx / 0 pending / 0 (0.0%) gas / (0xfe5dae49c4336e9b5d72def820a5e77b3a7eff12d3ce347dbf3c03c3ab2fc75c)
2026-10-07 10:52:31.323+00:00 | BftProcessorExecutor-QBFT-0 | INFO  | QbftBesuControllerBuilder | Imported #68 / 0 tx / 0 pending / 0 (0.0%) gas / (0x0268f340eaf5f1b54d2a11b5e5d1f3e3467e6ac3dcb3b4af5c5075d3095e2a1d)
2026-10-07 10:52:33.285+00:00 | EthScheduler-Workers-0 | INFO  | PersistBlockTask | Block 69 (0xfe2dff40c339388c369807d457356889956cb21541bf550b92c71be34240ad4b) is already imported
2026-10-07 10:52:33.285+00:00 | BftProcessorExecutor-QBFT-0 | INFO  | QbftBesuControllerBuilder | Imported #69 / 0 tx / 0 pending / 0 (0.0%) gas / (0xfe2dff40c339388c369807d457356889956cb21541bf550b92c71be34240ad4b)
2026-10-07 10:52:35.291+00:00 | EthScheduler-Workers-0 | INFO  | PersistBlockTask | Block 70 (0x5e2f64381891cf26a125c604b620fc566897390e44d653c31259bd5c8e8e8d03) is already imported
2026-10-07 10:52:35.291+00:00 | BftProcessorExecutor-QBFT-0 | INFO  | QbftBesuControllerBuilder | Imported #70 / 0 tx / 0 pending / 0 (0.0%) gas / (0x5e2f64381891cf26a125c604b620fc566897390e44d653c31259bd5c8e8e8d03)
2026-10-07 10:52:37.291+00:00 | BftProcessorExecutor-QBFT-0 | INFO  | QbftBesuControllerBuilder | Imported #71 / 0 tx / 0 pending / 0 (0.0%) gas / (0xbd62ceb9e10ef4b1059278cb187831f3c751b49d980cc1e3fa6a7c3196f4c2c1)
2026-10-07 10:52:39.293+00:00 | EthScheduler-Workers-0 | INFO  | PersistBlockTask | Block 72 (0x8d87d0b9ef911554c65e9609dbf8ad5729dd336e80019cb8851ffe661009a3c5) is already imported
2026-10-07 10:52:39.294+00:00 | BftProcessorExecutor-QBFT-0 | INFO  | QbftBesuControllerBuilder | Imported #72 / 0 tx / 0 pending / 0 (0.0%) gas / (0x8d87d0b9ef911554c65e9609dbf8ad5729dd336e80019cb8851ffe661009a3c5)
2026-10-07 10:52:41.295+00:00 | BftProcessorExecutor-QBFT-0 | INFO  | QbftBesuControllerBuilder | Imported #73 / 0 tx / 0 pending / 0 (0.0%) gas / (0x6c7c10302ddc155fb30cf3bd6af23fa82eb1bac2684f7c180836b155e349dc23)
2026-10-07 10:52:43.295+00:00 | BftProcessorExecutor-QBFT-0 | INFO  | QbftBesuControllerBuilder | Produced #74 / 0 tx / 0 pending / 0 (0.0%) gas / (0x88fb5ce131935059e0c7ba504afcebe92cf7559a0f95aa50d28742541c5e767d)
2026-10-07 10:52:43.298+00:00 | EthScheduler-Workers-0 | INFO  | PersistBlockTask | Block 74 (0x88fb5ce131935059e0c7ba504afcebe92cf7559a0f95aa50d28742541c5e767d) is already imported
2026-10-07 10:52:45.272+00:00 | BftProcessorExecutor-QBFT-0 | INFO  | QbftBesuControllerBuilder | Imported #75 / 0 tx / 0 pending / 0 (0.0%) gas / (0xca23b3cad61665532c1692f7b9b3b447b19f102c873a2112df237f6c3b96dcd6)
2026-10-07 10:52:45.277+00:00 | EthScheduler-Workers-0 | INFO  | PersistBlockTask | Block 75 (0xca23b3cad61665532c1692f7b9b3b447b19f102c873a2112df237f6c3b96dcd6) is already imported
2026-10-07 10:52:47.301+00:00 | BftProcessorExecutor-QBFT-0 | INFO  | QbftBesuControllerBuilder | Imported #76 / 0 tx / 0 pending / 0 (0.0%) gas / (0x981267aa7cb4a3c52903d0d76b551b18442d0959bad54ab9aa4248e6d1563ac6)
2026-10-07 10:52:49.953+00:00 | EthScheduler-Workers-0 | INFO  | PersistBlockTask | Block 77 (0xe24899773c65cf5adace1146a88da4e619f9f3a33b466894637f99e8af0a4054) is already imported
2026-10-07 10:52:49.958+00:00 | BftProcessorExecutor-QBFT-0 | INFO  | QbftBesuControllerBuilder | Imported #77 / 23 tx / 644 pending / 5,565,310 (0.0%) gas / (0xe24899773c65cf5adace1146a88da4e619f9f3a33b466894637f99e8af0a4054)
2026-10-07 10:52:52.901+00:00 | BftProcessorExecutor-QBFT-0 | INFO  | QbftBesuControllerBuilder | Imported #78 / 73 tx / 1580 pending / 17,663,810 (0.0%) gas / (0xff3c4df8a459fb073af0144e306575a92594dd63a614bae06dcf5211ff1b990e)
2026-10-07 10:52:55.167+00:00 | BftProcessorExecutor-QBFT-0 | INFO  | QbftBesuControllerBuilder | Imported #79 / 117 tx / 2307 pending / 28,310,490 (0.0%) gas / (0x0011c83de5672def54107917ecee040a6d67a30f3226012954847e17c7a86d8a)
2026-10-07 10:52:57.999+00:00 | BftProcessorExecutor-QBFT-0 | INFO  | QbftBesuControllerBuilder | Imported #80 / 172 tx / 3128 pending / 41,618,840 (0.0%) gas / (0xcbaf24a9d21a209d1cdb86f96b723df93b6537426c4e72d805e4fe78ff480ed2)
2026-10-07 10:53:01.664+00:00 | BftProcessorExecutor-QBFT-0 | INFO  | QbftBesuControllerBuilder | Imported #81 / 237 tx / 4204 pending / 57,346,890 (0.0%) gas / (0x64048a17247d41c8cf54c3296069b4369b0ac91757afb7a36035eda0ca9bc7cf)
2026-10-07 10:53:06.405+00:00 | BftProcessorExecutor-QBFT-0 | INFO  | QbftBesuControllerBuilder | Imported #82 / 312 tx / 5529 pending / 75,494,640 (0.0%) gas / (0x1ed44c8d4272f7883b939cf3ff7fe223933177106db7ce58b942695832a36245)
2026-10-07 10:53:11.212+00:00 | BftProcessorExecutor-QBFT-0 | INFO  | QbftBesuControllerBuilder | Imported #83 / 325 tx / 6820 pending / 78,640,250 (0.0%) gas / (0x5ba2cd03a62fa194b664801bb4e0a5891390e1b1fe0ed7e60b00daa113776f54)
2026-10-07 10:53:16.047+00:00 | BftProcessorExecutor-QBFT-0 | INFO  | QbftBesuControllerBuilder | Imported #84 / 321 tx / 8222 pending / 77,672,370 (0.0%) gas / (0x818ce402bc8c81efe85ace97dacef25c49498dcc2d0af55d2470d329082f03d1)
2026-10-07 10:53:20.677+00:00 | BftProcessorExecutor-QBFT-0 | INFO  | QbftBesuControllerBuilder | Imported #85 / 308 tx / 9498 pending / 74,526,760 (0.0%) gas / (0xd93b58ed8b4ab4253c56437f8395100971f7e9b8ee9fe9d06ece3cb85795e850)
2026-10-07 10:53:25.499+00:00 | EthScheduler-Workers-0 | INFO  | PersistBlockTask | Block 86 (0x2f560f0f01bae83a46676df17bd1e8c1a21f7cbe8b756eb21666f808c7d113bf) is already imported
2026-10-07 10:53:25.506+00:00 | BftProcessorExecutor-QBFT-0 | INFO  | QbftBesuControllerBuilder | Imported #86 / 332 tx / 11064 pending / 80,334,040 (0.0%) gas / (0x2f560f0f01bae83a46676df17bd1e8c1a21f7cbe8b756eb21666f808c7d113bf)
2026-10-07 10:53:30.415+00:00 | BftProcessorExecutor-QBFT-0 | INFO  | QbftBesuControllerBuilder | Imported #87 / 340 tx / 12399 pending / 82,269,800 (0.0%) gas / (0x0cfc7282214ab8d54f5555fa7c3cc114a99091ee8b900feff838bd5a8e18cd1b)
2026-10-07 10:53:35.454+00:00 | EthScheduler-Workers-0 | INFO  | PersistBlockTask | Block 88 (0x87efb3761a5159891ecf18af2e5ef3cea84a8bab8c2ec2f83228cf08779c661c) is already imported
2026-10-07 10:53:35.456+00:00 | BftProcessorExecutor-QBFT-0 | INFO  | QbftBesuControllerBuilder | Imported #88 / 360 tx / 13464 pending / 87,109,200 (0.0%) gas / (0x87efb3761a5159891ecf18af2e5ef3cea84a8bab8c2ec2f83228cf08779c661c)
2026-10-07 10:53:36.964+00:00 | BftProcessorExecutor-QBFT-0 | WARN  | BlockTransactionSelector | Interrupting the selection of transactions for block inclusion as it exceeds the maximum configured duration of 1500ms
java.util.concurrent.TimeoutException
	at java.base/java.util.concurrent.CompletableFuture.timedGet(CompletableFuture.java:1960)
	at java.base/java.util.concurrent.CompletableFuture.get(CompletableFuture.java:2095)
	at org.hyperledger.besu.ethereum.blockcreation.txselection.BlockTransactionSelector.timeLimitedSelection(BlockTransactionSelector.java:186)
	at org.hyperledger.besu.ethereum.blockcreation.txselection.BlockTransactionSelector.buildTransactionListForBlock(BlockTransactionSelector.java:169)
	at org.hyperledger.besu.ethereum.blockcreation.AbstractBlockCreator.selectTransactions(AbstractBlockCreator.java:376)
	at org.hyperledger.besu.ethereum.blockcreation.AbstractBlockCreator.createBlock(AbstractBlockCreator.java:218)
	at org.hyperledger.besu.ethereum.blockcreation.AbstractBlockCreator.createBlock(AbstractBlockCreator.java:146)
	at org.hyperledger.besu.consensus.common.bft.blockcreation.BftBlockCreator.createBlock(BftBlockCreator.java:92)
	at org.hyperledger.besu.consensus.qbft.statemachine.QbftRound.createAndSendProposalMessage(QbftRound.java:137)
	at org.hyperledger.besu.consensus.qbft.statemachine.QbftBlockHeightManager.handleBlockTimerExpiry(QbftBlockHeightManager.java:140)
	at org.hyperledger.besu.consensus.common.bft.statemachine.BaseBftController.handleBlockTimerExpiry(BaseBftController.java:167)
	at org.hyperledger.besu.consensus.common.bft.EventMultiplexer.handleBftEvent(EventMultiplexer.java:65)
	at java.base/java.util.Optional.ifPresent(Optional.java:178)
	at org.hyperledger.besu.consensus.common.bft.BftProcessor.run(BftProcessor.java:65)
	at java.base/java.util.concurrent.ThreadPoolExecutor.runWorker(ThreadPoolExecutor.java:1144)
	at java.base/java.util.concurrent.ThreadPoolExecutor$Worker.run(ThreadPoolExecutor.java:642)
	at java.base/java.lang.Thread.run(Thread.java:1583)
2026-10-07 10:53:40.339+00:00 | BftProcessorExecutor-QBFT-0 | INFO  | QbftBesuControllerBuilder | Produced #89 / 332 tx / 13132 pending / 80,334,040 (0.0%) gas / (0x5d2e13d1b9ad8a5c62dbf84112574727ed52537397069f37af38a98896ef42a9)
2026-10-07 10:53:44.953+00:00 | BftProcessorExecutor-QBFT-0 | INFO  | QbftBesuControllerBuilder | Imported #90 / 303 tx / 12829 pending / 73,316,910 (0.0%) gas / (0xd18f1b2196ecc48815df578008bb4cbd4048eb1c54450249c7dac5d842492d9e)
2026-10-07 10:53:49.960+00:00 | BftProcessorExecutor-QBFT-0 | INFO  | QbftBesuControllerBuilder | Imported #91 / 330 tx / 12499 pending / 79,850,100 (0.0%) gas / (0xdfd9e8df0a3d24bb702b78c39fbe85b39b5e5b175b06db0118ada03d845da2a4)
2026-10-07 10:53:55.041+00:00 | EthScheduler-Workers-0 | INFO  | PersistBlockTask | Block 92 (0x2a71b639f87162f3c0f83777bdfaec445168199bed71650e0111e2d7166e4029) is already imported
2026-10-07 10:53:55.048+00:00 | BftProcessorExecutor-QBFT-0 | INFO  | QbftBesuControllerBuilder | Imported #92 / 345 tx / 12154 pending / 83,479,650 (0.0%) gas / (0x2a71b639f87162f3c0f83777bdfaec445168199bed71650e0111e2d7166e4029)
2026-10-07 10:54:00.154+00:00 | BftProcessorExecutor-QBFT-0 | INFO  | QbftBesuControllerBuilder | Imported #93 / 344 tx / 11810 pending / 83,237,680 (0.0%) gas / (0x26e3eff9d1dbe5be33aae4b3e9e3a0a401dfd47075ae62fd57454ad0d4d32f63)
2026-10-07 10:54:05.216+00:00 | BftProcessorExecutor-QBFT-0 | INFO  | QbftBesuControllerBuilder | Imported #94 / 348 tx / 11462 pending / 84,205,560 (0.0%) gas / (0x14f384660d803d0ca20685de3794a272851c357c36eadd91d6044486f3fea41c)
2026-10-07 10:54:10.229+00:00 | BftProcessorExecutor-QBFT-0 | INFO  | QbftBesuControllerBuilder | Imported #95 / 347 tx / 11115 pending / 83,963,590 (0.0%) gas / (0x5f38fa6c66843b765e4f4b6be354a8dd86da15debc950343b3f132297e486e1e)
2026-10-07 10:54:15.242+00:00 | BftProcessorExecutor-QBFT-0 | INFO  | QbftBesuControllerBuilder | Imported #96 / 349 tx / 10766 pending / 84,447,530 (0.0%) gas / (0xbd3b0834f37fa52b427eb68cb85f42cdd89a8d628f8e9f79be522e1047419546)
2026-10-07 10:54:20.255+00:00 | BftProcessorExecutor-QBFT-0 | INFO  | QbftBesuControllerBuilder | Imported #97 / 347 tx / 10419 pending / 83,963,590 (0.0%) gas / (0x06da3e1cfcf6971921337b3fca22a9d902725af558f039b42ed7d58aa595ba78)
2026-10-07 10:54:25.504+00:00 | BftProcessorExecutor-QBFT-0 | INFO  | QbftBesuControllerBuilder | Imported #98 / 350 tx / 10069 pending / 84,689,500 (0.0%) gas / (0x2b904ef8a20450b90814fb566e1eeb3dac56ef04ac49342ce534d5cc5c2bf531)
2026-10-07 10:54:30.548+00:00 | BftProcessorExecutor-QBFT-0 | INFO  | QbftBesuControllerBuilder | Imported #99 / 347 tx / 9722 pending / 83,963,590 (0.0%) gas / (0xf100f282a5a997b22062a3b12bbc9294268b2d985802147fee699b83bcee327e)
2026-10-07 10:54:35.658+00:00 | BftProcessorExecutor-QBFT-0 | INFO  | QbftBesuControllerBuilder | Imported #100 / 361 tx / 9361 pending / 87,351,170 (0.0%) gas / (0xaad069f4ae0c9117f8a5cb7b90aed1d615a8f24755400dae333912a84faf0039)
2026-10-07 10:54:40.750+00:00 | BftProcessorExecutor-QBFT-0 | INFO  | QbftBesuControllerBuilder | Imported #101 / 347 tx / 9014 pending / 83,963,590 (0.0%) gas / (0x3c414a5fcb00f98bf0d41adc562c0f06ceb3dd712a3be51879d8422fdcb2a780)
2026-10-07 10:54:45.615+00:00 | BftProcessorExecutor-QBFT-0 | INFO  | QbftBesuControllerBuilder | Imported #102 / 325 tx / 8689 pending / 78,640,250 (0.0%) gas / (0xbe3530f6a9369a7879674c1a509c2292ced9e156259ae13f50c47af7d7dc534e)
2026-10-07 10:54:50.842+00:00 | BftProcessorExecutor-QBFT-0 | INFO  | QbftBesuControllerBuilder | Imported #103 / 371 tx / 8318 pending / 89,770,870 (0.0%) gas / (0xcb673a09b8210b3f92200dc539079e5ebe1a32375a49ee05011c638a797de959)
2026-10-07 10:54:52.347+00:00 | BftProcessorExecutor-QBFT-0 | WARN  | BlockTransactionSelector | Interrupting the selection of transactions for block inclusion as it exceeds the maximum configured duration of 1500ms
java.util.concurrent.TimeoutException
	at java.base/java.util.concurrent.CompletableFuture.timedGet(CompletableFuture.java:1960)
	at java.base/java.util.concurrent.CompletableFuture.get(CompletableFuture.java:2095)
	at org.hyperledger.besu.ethereum.blockcreation.txselection.BlockTransactionSelector.timeLimitedSelection(BlockTransactionSelector.java:186)
	at org.hyperledger.besu.ethereum.blockcreation.txselection.BlockTransactionSelector.buildTransactionListForBlock(BlockTransactionSelector.java:169)
	at org.hyperledger.besu.ethereum.blockcreation.AbstractBlockCreator.selectTransactions(AbstractBlockCreator.java:376)
	at org.hyperledger.besu.ethereum.blockcreation.AbstractBlockCreator.createBlock(AbstractBlockCreator.java:218)
	at org.hyperledger.besu.ethereum.blockcreation.AbstractBlockCreator.createBlock(AbstractBlockCreator.java:146)
	at org.hyperledger.besu.consensus.common.bft.blockcreation.BftBlockCreator.createBlock(BftBlockCreator.java:92)
	at org.hyperledger.besu.consensus.qbft.statemachine.QbftRound.createAndSendProposalMessage(QbftRound.java:137)
	at org.hyperledger.besu.consensus.qbft.statemachine.QbftBlockHeightManager.handleBlockTimerExpiry(QbftBlockHeightManager.java:140)
	at org.hyperledger.besu.consensus.common.bft.statemachine.BaseBftController.handleBlockTimerExpiry(BaseBftController.java:167)
	at org.hyperledger.besu.consensus.common.bft.EventMultiplexer.handleBftEvent(EventMultiplexer.java:65)
	at java.base/java.util.Optional.ifPresent(Optional.java:178)
	at org.hyperledger.besu.consensus.common.bft.BftProcessor.run(BftProcessor.java:65)
	at java.base/java.util.concurrent.ThreadPoolExecutor.runWorker(ThreadPoolExecutor.java:1144)
	at java.base/java.util.concurrent.ThreadPoolExecutor$Worker.run(ThreadPoolExecutor.java:642)
	at java.base/java.lang.Thread.run(Thread.java:1583)
2026-10-07 10:54:55.955+00:00 | BftProcessorExecutor-QBFT-0 | INFO  | QbftBesuControllerBuilder | Produced #104 / 357 tx / 7961 pending / 86,383,290 (0.0%) gas / (0x86244d6ecbeec76fe22d7a6c63d0b4d449cdac6cbc80e2169a14fd8330016037)
2026-10-07 10:55:01.004+00:00 | BftProcessorExecutor-QBFT-0 | INFO  | QbftBesuControllerBuilder | Imported #105 / 349 tx / 7612 pending / 84,447,530 (0.0%) gas / (0xefd44bfc53a611df50c3b60ad2f93dac8076cb350cf1e8139841cc5432667d0d)
2026-10-07 10:55:06.091+00:00 | BftProcessorExecutor-QBFT-0 | INFO  | QbftBesuControllerBuilder | Imported #106 / 346 tx / 7266 pending / 83,721,620 (0.0%) gas / (0x8247d4bc416fc6d2c0818ab171364a00e4a23510fcd833db5ca53a852a039fab)
2026-10-07 10:55:11.181+00:00 | BftProcessorExecutor-QBFT-0 | INFO  | QbftBesuControllerBuilder | Imported #107 / 349 tx / 6917 pending / 84,447,530 (0.0%) gas / (0x179bb05f51d2a350cbc7a9eabe8c3246b86ea8659c6b597bade2afbd582abf7a)
2026-10-07 10:55:16.268+00:00 | BftProcessorExecutor-QBFT-0 | INFO  | QbftBesuControllerBuilder | Imported #108 / 348 tx / 6569 pending / 84,205,560 (0.0%) gas / (0xb19e3e5582a48da22a3288b953570810b86eb083cfb54332e60f9d9d8d5e3ca4)
2026-10-07 10:55:21.471+00:00 | BftProcessorExecutor-QBFT-0 | INFO  | QbftBesuControllerBuilder | Imported #109 / 350 tx / 6219 pending / 84,689,500 (0.0%) gas / (0x1f2d0efdf0253cb87124658b6bb3161e797768b0f7d6fe8bb0f346da50ea1dc0)
2026-10-07 10:55:26.520+00:00 | BftProcessorExecutor-QBFT-0 | INFO  | QbftBesuControllerBuilder | Imported #110 / 346 tx / 5873 pending / 83,721,620 (0.0%) gas / (0x4da3a1871aba0cf1391f1b8c47fdfbedb0a62016c439591e927f3f57e386d4d1)
2026-10-07 10:55:31.630+00:00 | BftProcessorExecutor-QBFT-0 | INFO  | QbftBesuControllerBuilder | Imported #111 / 347 tx / 5526 pending / 83,963,590 (0.0%) gas / (0xf72ba5df08608935347c577f9555f05ab92198e43f4671bb372057b534f5a236)
2026-10-07 10:55:36.680+00:00 | BftProcessorExecutor-QBFT-0 | INFO  | QbftBesuControllerBuilder | Imported #112 / 348 tx / 5178 pending / 84,205,560 (0.0%) gas / (0x5eab4929182b1db6779f9a49a3a1f0479fc9c77a7a7c15b46f5c060a2fe184ad)
2026-10-07 10:55:41.777+00:00 | BftProcessorExecutor-QBFT-0 | INFO  | QbftBesuControllerBuilder | Imported #113 / 347 tx / 4831 pending / 83,963,590 (0.0%) gas / (0x4704bc55e7f8032384856153180ca9ea040ddc4059e6976e5534f90ecf8c03d7)
2026-10-07 10:55:46.968+00:00 | BftProcessorExecutor-QBFT-0 | INFO  | QbftBesuControllerBuilder | Imported #114 / 347 tx / 4484 pending / 83,963,590 (0.0%) gas / (0x607d1ae623db526431bebff8207792fecb32dce3c559f6710c457997bb67e15e)
2026-10-07 10:55:52.098+00:00 | BftProcessorExecutor-QBFT-0 | INFO  | QbftBesuControllerBuilder | Imported #115 / 370 tx / 4114 pending / 89,528,900 (0.0%) gas / (0x73bb2b25f58259cc0dc427f116648bad4e808c5e6e7c3a09316c3eb75bbfa329)
2026-10-07 10:55:57.234+00:00 | BftProcessorExecutor-QBFT-0 | INFO  | QbftBesuControllerBuilder | Imported #116 / 347 tx / 3767 pending / 83,963,590 (0.0%) gas / (0x8a77744abdcf12e8bb8c814266ab0adb562275bdef54af660c490cb98837f6c0)
2026-10-07 10:56:02.155+00:00 | BftProcessorExecutor-QBFT-0 | INFO  | QbftBesuControllerBuilder | Imported #117 / 338 tx / 3429 pending / 81,785,860 (0.0%) gas / (0xfd1b24ee6959bd18d53de05b20491eeaf263a1ff46e54fb85804ea79a2b9e11c)
2026-10-07 10:56:07.286+00:00 | BftProcessorExecutor-QBFT-0 | INFO  | QbftBesuControllerBuilder | Imported #118 / 358 tx / 3071 pending / 86,625,260 (0.0%) gas / (0xea0b4a0758e7210a2c8da1d818e84d28fb8e77b7320abb842a62c61212e01ece)
2026-10-07 10:56:08.789+00:00 | BftProcessorExecutor-QBFT-0 | WARN  | BlockTransactionSelector | Interrupting the selection of transactions for block inclusion as it exceeds the maximum configured duration of 1500ms
java.util.concurrent.TimeoutException
	at java.base/java.util.concurrent.CompletableFuture.timedGet(CompletableFuture.java:1960)
	at java.base/java.util.concurrent.CompletableFuture.get(CompletableFuture.java:2095)
	at org.hyperledger.besu.ethereum.blockcreation.txselection.BlockTransactionSelector.timeLimitedSelection(BlockTransactionSelector.java:186)
	at org.hyperledger.besu.ethereum.blockcreation.txselection.BlockTransactionSelector.buildTransactionListForBlock(BlockTransactionSelector.java:169)
	at org.hyperledger.besu.ethereum.blockcreation.AbstractBlockCreator.selectTransactions(AbstractBlockCreator.java:376)
	at org.hyperledger.besu.ethereum.blockcreation.AbstractBlockCreator.createBlock(AbstractBlockCreator.java:218)
	at org.hyperledger.besu.ethereum.blockcreation.AbstractBlockCreator.createBlock(AbstractBlockCreator.java:146)
	at org.hyperledger.besu.consensus.common.bft.blockcreation.BftBlockCreator.createBlock(BftBlockCreator.java:92)
	at org.hyperledger.besu.consensus.qbft.statemachine.QbftRound.createAndSendProposalMessage(QbftRound.java:137)
	at org.hyperledger.besu.consensus.qbft.statemachine.QbftBlockHeightManager.handleBlockTimerExpiry(QbftBlockHeightManager.java:140)
	at org.hyperledger.besu.consensus.common.bft.statemachine.BaseBftController.handleBlockTimerExpiry(BaseBftController.java:167)
	at org.hyperledger.besu.consensus.common.bft.EventMultiplexer.handleBftEvent(EventMultiplexer.java:65)
	at java.base/java.util.Optional.ifPresent(Optional.java:178)
	at org.hyperledger.besu.consensus.common.bft.BftProcessor.run(BftProcessor.java:65)
	at java.base/java.util.concurrent.ThreadPoolExecutor.runWorker(ThreadPoolExecutor.java:1144)
	at java.base/java.util.concurrent.ThreadPoolExecutor$Worker.run(ThreadPoolExecutor.java:642)
	at java.base/java.lang.Thread.run(Thread.java:1583)
2026-10-07 10:56:12.544+00:00 | BftProcessorExecutor-QBFT-0 | INFO  | QbftBesuControllerBuilder | Produced #119 / 373 tx / 2698 pending / 90,254,810 (0.0%) gas / (0x3945e387d8568a3e4ef45741dd855a02b5453a8ac7fda19f84bbb7da5e9a4469)
2026-10-07 10:56:17.365+00:00 | BftProcessorExecutor-QBFT-0 | INFO  | QbftBesuControllerBuilder | Imported #120 / 334 tx / 2364 pending / 80,817,980 (0.0%) gas / (0x7f4796d75377a3a226f971de4469eb8ee58685202f24f995cb9f812489bdafb1)
2026-10-07 10:56:22.590+00:00 | EthScheduler-Workers-0 | INFO  | PersistBlockTask | Block 121 (0x402cccb0925dd0d4267936798e3a42397022930b3cc2757d5f1fe39a5d83f0e7) is already imported
2026-10-07 10:56:22.594+00:00 | BftProcessorExecutor-QBFT-0 | INFO  | QbftBesuControllerBuilder | Imported #121 / 345 tx / 2019 pending / 83,479,650 (0.0%) gas / (0x402cccb0925dd0d4267936798e3a42397022930b3cc2757d5f1fe39a5d83f0e7)
2026-10-07 10:56:27.803+00:00 | EthScheduler-Workers-0 | INFO  | PersistBlockTask | Block 122 (0xf01b7918ca0430b9d12997608f0d90569f4073272c710c2896a979488e025a52) is already imported
2026-10-07 10:56:27.809+00:00 | BftProcessorExecutor-QBFT-0 | INFO  | QbftBesuControllerBuilder | Imported #122 / 375 tx / 1644 pending / 90,738,750 (0.0%) gas / (0xf01b7918ca0430b9d12997608f0d90569f4073272c710c2896a979488e025a52)
2026-10-07 10:56:32.583+00:00 | BftProcessorExecutor-QBFT-0 | INFO  | QbftBesuControllerBuilder | Imported #123 / 333 tx / 1311 pending / 80,576,010 (0.0%) gas / (0x5f16a77dccc216734785df02dfd03af5ec7ac04d532e6710c2fd64235b9a3a78)
2026-10-07 10:56:36.773+00:00 | BftProcessorExecutor-QBFT-0 | INFO  | QbftBesuControllerBuilder | Imported #124 / 283 tx / 1028 pending / 68,477,510 (0.0%) gas / (0xea3d899a5b2133d0c2ab0459e4ad706b652a33494f754e68d46d903a3d937af3)
2026-10-07 10:56:40.174+00:00 | BftProcessorExecutor-QBFT-0 | INFO  | QbftBesuControllerBuilder | Imported #125 / 225 tx / 803 pending / 54,443,250 (0.0%) gas / (0xc23a6534976fdf7dab5ba364473800cd771f8911306b12927a6465c82b6ac2c6)
2026-10-07 10:56:42.603+00:00 | EthScheduler-Workers-0 | INFO  | PersistBlockTask | Block 126 (0x2e2d5f685c481efcd28e96449448efba49d4b2221823cf4c311654c2ac428daf) is already imported
2026-10-07 10:56:42.604+00:00 | BftProcessorExecutor-QBFT-0 | INFO  | QbftBesuControllerBuilder | Imported #126 / 157 tx / 646 pending / 37,989,290 (0.0%) gas / (0x2e2d5f685c481efcd28e96449448efba49d4b2221823cf4c311654c2ac428daf)
2026-10-07 10:56:44.051+00:00 | BftProcessorExecutor-QBFT-0 | INFO  | QbftBesuControllerBuilder | Imported #127 / 83 tx / 563 pending / 20,083,510 (0.0%) gas / (0xdc992ecac69ba376e4cbc1b7aaf335d2f8ca55aa7b5375d45e71b7fb23b9100a)
2026-10-07 10:56:46.261+00:00 | EthScheduler-Workers-0 | INFO  | PersistBlockTask | Block 128 (0x288cbdfd2cffc667cf212d1ecb9cc8a68dcd3947e3d6279252d43d9ac658f0ff) is already imported
2026-10-07 10:56:46.262+00:00 | BftProcessorExecutor-QBFT-0 | INFO  | QbftBesuControllerBuilder | Imported #128 / 68 tx / 495 pending / 16,453,960 (0.0%) gas / (0x288cbdfd2cffc667cf212d1ecb9cc8a68dcd3947e3d6279252d43d9ac658f0ff)
2026-10-07 10:56:48.308+00:00 | BftProcessorExecutor-QBFT-0 | INFO  | QbftBesuControllerBuilder | Imported #129 / 74 tx / 421 pending / 17,905,780 (0.0%) gas / (0xd2629790366df799d3588a6b84b73005caa3ab2e01814c635991658c1e7a0f22)
2026-10-07 10:56:50.064+00:00 | BftProcessorExecutor-QBFT-0 | INFO  | QbftBesuControllerBuilder | Imported #130 / 50 tx / 371 pending / 12,098,500 (0.0%) gas / (0x4bda813a8e5a3d33f83a0a0795c38e2f6d372537b5d61b50daa3346fbfd2a298)
2026-10-07 10:56:52.238+00:00 | BftProcessorExecutor-QBFT-0 | INFO  | QbftBesuControllerBuilder | Imported #131 / 63 tx / 308 pending / 15,244,110 (0.0%) gas / (0x7a03c328e942bc6c88260bf02251b00b963ef5c45df0c444e77b989405ec562b)
2026-10-07 10:56:54.483+00:00 | EthScheduler-Workers-0 | INFO  | PersistBlockTask | Block 132 (0x55f236ebb49ce522b3df8bc7267a065f6eac5f4d64d8eb18f4e3fd282ad3a1a0) is already imported
2026-10-07 10:56:54.484+00:00 | BftProcessorExecutor-QBFT-0 | INFO  | QbftBesuControllerBuilder | Imported #132 / 86 tx / 222 pending / 20,809,420 (0.0%) gas / (0x55f236ebb49ce522b3df8bc7267a065f6eac5f4d64d8eb18f4e3fd282ad3a1a0)
2026-10-07 10:56:55.305+00:00 | BftProcessorExecutor-QBFT-0 | INFO  | QbftBesuControllerBuilder | Imported #133 / 0 tx / 222 pending / 0 (0.0%) gas / (0x072a3e6427927362a7b82d71e4a370bf43553eca12b58bff24f0a0ce5869b8c6)
2026-10-07 10:56:57.867+00:00 | EthScheduler-Workers-0 | INFO  | PersistBlockTask | Block 134 (0x6b7a4f1061717c68594c65cd85fe22bd5bc42e3c0ade4c8a1ef204dbcb1c9000) is already imported
2026-10-07 10:56:57.868+00:00 | BftProcessorExecutor-QBFT-0 | INFO  | QbftBesuControllerBuilder | Produced #134 / 27 tx / 195 pending / 6,533,190 (0.0%) gas / (0x6b7a4f1061717c68594c65cd85fe22bd5bc42e3c0ade4c8a1ef204dbcb1c9000)
2026-10-07 10:57:00.823+00:00 | BftProcessorExecutor-QBFT-0 | INFO  | QbftBesuControllerBuilder | Imported #135 / 112 tx / 83 pending / 27,100,640 (0.0%) gas / (0x81e43e2ef3f629c4e28c7eb6b77119e8d1c1dd7f33da0bbce1cf8b122677432c)
2026-10-07 10:57:02.328+00:00 | BftProcessorExecutor-QBFT-0 | INFO  | QbftBesuControllerBuilder | Imported #136 / 77 tx / 6 pending / 18,631,690 (0.0%) gas / (0x7d36f62394d60cd7c26cd520b43854c1393b11e3d70f0ae06c12519aed3d81b3)
2026-10-07 10:57:03.425+00:00 | BftProcessorExecutor-QBFT-0 | INFO  | QbftBesuControllerBuilder | Imported #137 / 6 tx / 0 pending / 1,451,820 (0.0%) gas / (0xaf4380a53d271cc768d5821c4d3ca845eb51e71101cfaedda8266210731bdc31)
2026-10-07 10:57:05.316+00:00 | BftProcessorExecutor-QBFT-0 | INFO  | QbftBesuControllerBuilder | Imported #138 / 0 tx / 0 pending / 0 (0.0%) gas / (0x59e2fd374bbc724955322ca31abe0a93973873f7b91359610d3a64d3dafb9874)
2026-10-07 10:57:07.295+00:00 | BftProcessorExecutor-QBFT-0 | INFO  | QbftBesuControllerBuilder | Imported #139 / 0 tx / 0 pending / 0 (0.0%) gas / (0x19c0e4ff9604e8d5338261bc4dd498aa1e405206a48605c50d46bfcd70179e47)
2026-10-07 10:57:09.289+00:00 | BftProcessorExecutor-QBFT-0 | INFO  | QbftBesuControllerBuilder | Imported #140 / 0 tx / 0 pending / 0 (0.0%) gas / (0x58940bad7562c3b86f96346009d5ce9b041f999597012219b41d9bbc1faa89c4)
2026-10-07 10:57:11.304+00:00 | BftProcessorExecutor-QBFT-0 | INFO  | QbftBesuControllerBuilder | Imported #141 / 0 tx / 0 pending / 0 (0.0%) gas / (0x074fbfc0aa58575477591e371b53e42972aa4641a6db1b2de963493cb2475d58)
2026-10-07 10:57:13.292+00:00 | BftProcessorExecutor-QBFT-0 | INFO  | QbftBesuControllerBuilder | Imported #142 / 0 tx / 0 pending / 0 (0.0%) gas / (0x80a4ea6355a8e824974356ef1e9ad0750a9707b0cc54b000846dd35c009c0123)
2026-10-07 10:57:15.316+00:00 | BftProcessorExecutor-QBFT-0 | INFO  | QbftBesuControllerBuilder | Imported #143 / 0 tx / 0 pending / 0 (0.0%) gas / (0x064c19af05ba351a4dd22421e3e74627aea379609971906d4c9ec391bcd9c08f)
2026-10-07 10:57:15.316+00:00 | EthScheduler-Workers-0 | INFO  | PersistBlockTask | Block 143 (0x064c19af05ba351a4dd22421e3e74627aea379609971906d4c9ec391bcd9c08f) is already imported
2026-10-07 10:57:17.302+00:00 | BftProcessorExecutor-QBFT-0 | INFO  | QbftBesuControllerBuilder | Imported #144 / 0 tx / 0 pending / 0 (0.0%) gas / (0xa6556308ca6f6b01210ab6b13a2e22718c98f22510dbdec3f84508758b1962f3)
2026-10-07 10:57:17.305+00:00 | EthScheduler-Workers-0 | INFO  | PersistBlockTask | Block 144 (0xa6556308ca6f6b01210ab6b13a2e22718c98f22510dbdec3f84508758b1962f3) is already imported
2026-10-07 10:57:19.290+00:00 | BftProcessorExecutor-QBFT-0 | INFO  | QbftBesuControllerBuilder | Imported #145 / 0 tx / 0 pending / 0 (0.0%) gas / (0x88c1a425f30497c29432de031395c0a3d52c52a0c63162ed1a949bd010c5e59e)
2026-10-07 10:57:21.298+00:00 | BftProcessorExecutor-QBFT-0 | INFO  | QbftBesuControllerBuilder | Imported #146 / 0 tx / 0 pending / 0 (0.0%) gas / (0x23a27bf5fe166d931701ed7d0d61ab301a25e451c431442186bc775cb297233c)
2026-10-07 10:57:23.297+00:00 | BftProcessorExecutor-QBFT-0 | INFO  | QbftBesuControllerBuilder | Imported #147 / 0 tx / 0 pending / 0 (0.0%) gas / (0x04b1a0202784696e212aa6689c49b9484e5f535487e1f289c300978a4ae9bf54)
2026-10-07 10:57:25.309+00:00 | BftProcessorExecutor-QBFT-0 | INFO  | QbftBesuControllerBuilder | Imported #148 / 0 tx / 0 pending / 0 (0.0%) gas / (0x484fe8f3f72a27ff2fd4aa7cf446bfc4687558f25ae86954ffafbf54be58871a)
2026-10-07 10:57:27.277+00:00 | BftProcessorExecutor-QBFT-0 | INFO  | QbftBesuControllerBuilder | Produced #149 / 0 tx / 0 pending / 0 (0.0%) gas / (0xd1a541bf29b4d6ceaac0860b23b52e08054f2f7ae5423d9791a759ae55187848)
2026-10-07 10:57:29.273+00:00 | BftProcessorExecutor-QBFT-0 | INFO  | QbftBesuControllerBuilder | Imported #150 / 0 tx / 0 pending / 0 (0.0%) gas / (0x759c518a079a56065b4840868191d3925bef2c731c0575ca83959531ca8f49f4)
2026-10-07 10:57:29.274+00:00 | EthScheduler-Workers-0 | INFO  | PersistBlockTask | Block 150 (0x759c518a079a56065b4840868191d3925bef2c731c0575ca83959531ca8f49f4) is already imported
2026-10-07 10:57:31.300+00:00 | BftProcessorExecutor-QBFT-0 | INFO  | QbftBesuControllerBuilder | Imported #151 / 0 tx / 0 pending / 0 (0.0%) gas / (0x8bf8b4029a457912241151645889a4a711760a9e76b93167e639696bcd8cf59f)
2026-10-07 10:57:33.295+00:00 | BftProcessorExecutor-QBFT-0 | INFO  | QbftBesuControllerBuilder | Imported #152 / 0 tx / 0 pending / 0 (0.0%) gas / (0x8029dc6f56731aba6b167a833c46135df51b47be8e51d01fb527822abd0f08d6)
2026-10-07 10:57:33.299+00:00 | EthScheduler-Workers-0 | INFO  | PersistBlockTask | Block 152 (0x8029dc6f56731aba6b167a833c46135df51b47be8e51d01fb527822abd0f08d6) is already imported
2026-10-07 10:57:35.328+00:00 | EthScheduler-Workers-0 | INFO  | PersistBlockTask | Block 153 (0x439666a45d8a4a2c2c6769e2820c4045ebdb3ea73f5791f096d2790e963895d8) is already imported
2026-10-07 10:57:35.328+00:00 | BftProcessorExecutor-QBFT-0 | INFO  | QbftBesuControllerBuilder | Imported #153 / 0 tx / 0 pending / 0 (0.0%) gas / (0x439666a45d8a4a2c2c6769e2820c4045ebdb3ea73f5791f096d2790e963895d8)
2026-10-07 10:57:37.295+00:00 | BftProcessorExecutor-QBFT-0 | INFO  | QbftBesuControllerBuilder | Imported #154 / 0 tx / 0 pending / 0 (0.0%) gas / (0x213213896799d2611d3383d44946fd152726e8fa065e5701a9134dbda5f8460c)
2026-10-07 10:57:39.288+00:00 | BftProcessorExecutor-QBFT-0 | INFO  | QbftBesuControllerBuilder | Imported #155 / 0 tx / 0 pending / 0 (0.0%) gas / (0xb9224dd0aa8354fd0833d240ed54612ca2268b4c7ac8d8138394e59787d11228)
2026-10-07 10:57:41.306+00:00 | BftProcessorExecutor-QBFT-0 | INFO  | QbftBesuControllerBuilder | Imported #156 / 0 tx / 0 pending / 0 (0.0%) gas / (0x6294807d5bb52c682f67c1fd408d977485918d4ca12b5678ccedf34754389a21)
2026-10-07 10:57:41.307+00:00 | EthScheduler-Workers-0 | INFO  | PersistBlockTask | Block 156 (0x6294807d5bb52c682f67c1fd408d977485918d4ca12b5678ccedf34754389a21) is already imported
2026-10-07 10:57:43.294+00:00 | EthScheduler-Workers-0 | INFO  | PersistBlockTask | Block 157 (0xa63892a0ace25adef6ffca35feae33e71a7e92bacb842276c95f0966b73500d1) is already imported
2026-10-07 10:57:43.295+00:00 | BftProcessorExecutor-QBFT-0 | INFO  | QbftBesuControllerBuilder | Imported #157 / 0 tx / 0 pending / 0 (0.0%) gas / (0xa63892a0ace25adef6ffca35feae33e71a7e92bacb842276c95f0966b73500d1)
2026-10-07 10:57:45.331+00:00 | BftProcessorExecutor-QBFT-0 | INFO  | QbftBesuControllerBuilder | Imported #158 / 0 tx / 0 pending / 0 (0.0%) gas / (0xd538fdaa22ab3ef26af2c1e8789e970026a0aba0eec53b5aa86668a931176433)
2026-10-07 10:57:45.332+00:00 | EthScheduler-Workers-0 | INFO  | PersistBlockTask | Block 158 (0xd538fdaa22ab3ef26af2c1e8789e970026a0aba0eec53b5aa86668a931176433) is already imported
2026-10-07 10:57:47.295+00:00 | BftProcessorExecutor-QBFT-0 | INFO  | QbftBesuControllerBuilder | Imported #159 / 0 tx / 0 pending / 0 (0.0%) gas / (0xb058592ce5daa7836b82749ae2ac4311e7a25516246252dccbc481b87b5bbac1)
2026-10-07 10:57:47.298+00:00 | EthScheduler-Workers-0 | INFO  | PersistBlockTask | Block 159 (0xb058592ce5daa7836b82749ae2ac4311e7a25516246252dccbc481b87b5bbac1) is already imported
2026-10-07 10:57:49.301+00:00 | EthScheduler-Workers-0 | INFO  | PersistBlockTask | Block 160 (0xc20a550badb0db2237435a2bacdc283aaee81b03ac52ba42465fcb851643470f) is already imported
2026-10-07 10:57:49.301+00:00 | BftProcessorExecutor-QBFT-0 | INFO  | QbftBesuControllerBuilder | Imported #160 / 0 tx / 0 pending / 0 (0.0%) gas / (0xc20a550badb0db2237435a2bacdc283aaee81b03ac52ba42465fcb851643470f)
2026-10-07 10:57:51.299+00:00 | BftProcessorExecutor-QBFT-0 | INFO  | QbftBesuControllerBuilder | Imported #161 / 0 tx / 0 pending / 0 (0.0%) gas / (0x7a5e64e59ac6f0a7e161e5e3f0e3614f042fe32c670c2d315cdd14e1cfad421f)
2026-10-07 10:57:51.299+00:00 | EthScheduler-Workers-0 | INFO  | PersistBlockTask | Block 161 (0x7a5e64e59ac6f0a7e161e5e3f0e3614f042fe32c670c2d315cdd14e1cfad421f) is already imported
2026-10-07 10:57:53.299+00:00 | BftProcessorExecutor-QBFT-0 | INFO  | QbftBesuControllerBuilder | Imported #162 / 0 tx / 0 pending / 0 (0.0%) gas / (0xa4f461636f8de631e133b36fbf7512fe1b19698beaa8d44bcb27a4879a66b8ff)
2026-10-07 10:57:55.321+00:00 | BftProcessorExecutor-QBFT-0 | INFO  | QbftBesuControllerBuilder | Imported #163 / 0 tx / 0 pending / 0 (0.0%) gas / (0xc555d92160353bd0aea6b2f9fb2de695123968723d8d038cf219fd09d7267f06)
2026-10-07 10:57:57.293+00:00 | BftProcessorExecutor-QBFT-0 | INFO  | QbftBesuControllerBuilder | Produced #164 / 0 tx / 0 pending / 0 (0.0%) gas / (0xdcd81139b19ea16400cb21477391b43b72aa9b32736c86055d03154ed04814b5)
2026-10-07 10:57:59.289+00:00 | BftProcessorExecutor-QBFT-0 | INFO  | QbftBesuControllerBuilder | Imported #165 / 0 tx / 0 pending / 0 (0.0%) gas / (0xac45179d4ababfa2c93607160e60f2eee45e634ec692b68c520991da2c074dfd)
2026-10-07 10:58:01.296+00:00 | BftProcessorExecutor-QBFT-0 | INFO  | QbftBesuControllerBuilder | Imported #166 / 0 tx / 0 pending / 0 (0.0%) gas / (0x80db6bfdb636bcbbc6882d8c9a6a6c6650b7ead13db1c5b1d9261228a7607b57)
2026-10-07 10:58:03.303+00:00 | EthScheduler-Workers-0 | INFO  | PersistBlockTask | Block 167 (0x2c77930f99a09659fcffd51e3d126ce086b941966bc2dfa0f4959ae2691406f7) is already imported
2026-10-07 10:58:03.304+00:00 | BftProcessorExecutor-QBFT-0 | INFO  | QbftBesuControllerBuilder | Imported #167 / 0 tx / 0 pending / 0 (0.0%) gas / (0x2c77930f99a09659fcffd51e3d126ce086b941966bc2dfa0f4959ae2691406f7)
2026-10-07 10:58:05.310+00:00 | BftProcessorExecutor-QBFT-0 | INFO  | QbftBesuControllerBuilder | Imported #168 / 0 tx / 0 pending / 0 (0.0%) gas / (0x46e1c5bf0f3a4bb98db4a47be509c81145f8af2d53007e83a56c72c8d5501dc8)
2026-10-07 10:58:07.300+00:00 | EthScheduler-Workers-0 | INFO  | PersistBlockTask | Block 169 (0x189fa8d5e1e7bf47e12bcf9c802b201a9a3759dbf48c62fc8b5fc05d624654f3) is already imported
2026-10-07 10:58:07.301+00:00 | BftProcessorExecutor-QBFT-0 | INFO  | QbftBesuControllerBuilder | Imported #169 / 0 tx / 0 pending / 0 (0.0%) gas / (0x189fa8d5e1e7bf47e12bcf9c802b201a9a3759dbf48c62fc8b5fc05d624654f3)
2026-10-07 10:58:09.285+00:00 | BftProcessorExecutor-QBFT-0 | INFO  | QbftBesuControllerBuilder | Imported #170 / 0 tx / 0 pending / 0 (0.0%) gas / (0x6eff2844e0fd797bf151290602129edc7353ce83e26648dc79e0505b51aa8ba8)
2026-10-07 10:58:11.291+00:00 | BftProcessorExecutor-QBFT-0 | INFO  | QbftBesuControllerBuilder | Imported #171 / 0 tx / 0 pending / 0 (0.0%) gas / (0x883d142fc0fca3ba109c8b586d7180a1c97782159e432110b6afbd87dc050db9)
2026-10-07 10:58:13.302+00:00 | BftProcessorExecutor-QBFT-0 | INFO  | QbftBesuControllerBuilder | Imported #172 / 0 tx / 0 pending / 0 (0.0%) gas / (0x1d3fb9ecf760b6d149b697b634acf43e1e3fee26bc00593f1409dd8dfda1e6fe)
2026-10-07 10:58:13.306+00:00 | EthScheduler-Workers-0 | INFO  | PersistBlockTask | Block 172 (0x1d3fb9ecf760b6d149b697b634acf43e1e3fee26bc00593f1409dd8dfda1e6fe) is already imported
2026-10-07 10:58:15.320+00:00 | BftProcessorExecutor-QBFT-0 | INFO  | QbftBesuControllerBuilder | Imported #173 / 0 tx / 0 pending / 0 (0.0%) gas / (0xa5b1a6456250c66d7f48d0a88cf4b5a99f855fa107fcc7a8148f66c5e8d809c9)
2026-10-07 10:58:17.292+00:00 | BftProcessorExecutor-QBFT-0 | INFO  | QbftBesuControllerBuilder | Imported #174 / 0 tx / 0 pending / 0 (0.0%) gas / (0x1e7dceee5ba1ed001b12126914ea0c3580c3c40485b32d3ea07505061e20d2ba)
2026-10-07 10:58:19.284+00:00 | BftProcessorExecutor-QBFT-0 | INFO  | QbftBesuControllerBuilder | Imported #175 / 0 tx / 0 pending / 0 (0.0%) gas / (0x25169f2681f0b171a90b7874c028402f1dc153891fde04911439d075e372432d)
2026-10-07 10:58:21.302+00:00 | BftProcessorExecutor-QBFT-0 | INFO  | QbftBesuControllerBuilder | Imported #176 / 0 tx / 0 pending / 0 (0.0%) gas / (0x5c602053220850fd3d0185970e4daef2d3685ba9c40c9e19eb998a95b6686b54)
2026-10-07 10:58:23.305+00:00 | BftProcessorExecutor-QBFT-0 | INFO  | QbftBesuControllerBuilder | Imported #177 / 0 tx / 0 pending / 0 (0.0%) gas / (0x8c6369d3895779343808ba1bf60750fcd8bdacbe6e7f96edd87773c1206ced7b)
2026-10-07 10:58:25.321+00:00 | BftProcessorExecutor-QBFT-0 | INFO  | QbftBesuControllerBuilder | Imported #178 / 0 tx / 0 pending / 0 (0.0%) gas / (0x286eacb7755de77511967d26b6a880a3048d4ff50fa039cd72e95cae94e8f94d)
2026-10-07 10:58:25.321+00:00 | EthScheduler-Workers-0 | INFO  | PersistBlockTask | Block 178 (0x286eacb7755de77511967d26b6a880a3048d4ff50fa039cd72e95cae94e8f94d) is already imported
2026-10-07 10:58:27.294+00:00 | BftProcessorExecutor-QBFT-0 | INFO  | QbftBesuControllerBuilder | Produced #179 / 0 tx / 0 pending / 0 (0.0%) gas / (0xad10284e1f198768c13a2f0c003615bf9a299ac47165f0e9a9babdb8893a16e7)
2026-10-07 10:58:27.299+00:00 | EthScheduler-Workers-0 | INFO  | PersistBlockTask | Block 179 (0xad10284e1f198768c13a2f0c003615bf9a299ac47165f0e9a9babdb8893a16e7) is already imported
2026-10-07 10:58:29.289+00:00 | EthScheduler-Workers-0 | INFO  | PersistBlockTask | Block 180 (0xed0451a37297744bb5873df008d92fa4c0f5b9e558a6580abe76dbf1852f52b1) is already imported
2026-10-07 10:58:29.290+00:00 | BftProcessorExecutor-QBFT-0 | INFO  | QbftBesuControllerBuilder | Imported #180 / 0 tx / 0 pending / 0 (0.0%) gas / (0xed0451a37297744bb5873df008d92fa4c0f5b9e558a6580abe76dbf1852f52b1)
2026-10-07 10:58:31.306+00:00 | BftProcessorExecutor-QBFT-0 | INFO  | QbftBesuControllerBuilder | Imported #181 / 0 tx / 0 pending / 0 (0.0%) gas / (0x7c143c54e774434838758c5ab162d2380a754c86ac65540fe6d55265f60a4949)
2026-10-07 10:58:31.307+00:00 | EthScheduler-Workers-0 | INFO  | PersistBlockTask | Block 181 (0x7c143c54e774434838758c5ab162d2380a754c86ac65540fe6d55265f60a4949) is already imported
2026-10-07 10:58:33.297+00:00 | BftProcessorExecutor-QBFT-0 | INFO  | QbftBesuControllerBuilder | Imported #182 / 0 tx / 0 pending / 0 (0.0%) gas / (0xa08ff16906adfe3036cd5e151ccde0ad7dd0dcc270fa848de2d7e8dfd9e3a5ef)
2026-10-07 10:58:35.321+00:00 | BftProcessorExecutor-QBFT-0 | INFO  | QbftBesuControllerBuilder | Imported #183 / 0 tx / 0 pending / 0 (0.0%) gas / (0x6b9e139b36bff7d516f3e119993fc0b2446a59e0a888cd824df5ed7c80b16bd4)
2026-10-07 10:58:37.294+00:00 | BftProcessorExecutor-QBFT-0 | INFO  | QbftBesuControllerBuilder | Imported #184 / 0 tx / 0 pending / 0 (0.0%) gas / (0x26ec082420ef7b2e73a43fb2900b32b5c5be60b113c3280e35574c704cdb58b9)
2026-10-07 10:58:39.296+00:00 | BftProcessorExecutor-QBFT-0 | INFO  | QbftBesuControllerBuilder | Imported #185 / 0 tx / 0 pending / 0 (0.0%) gas / (0x714dbc74622f62b9127f34951072f12f80d4416ae8ef863bbe2f4015e3321755)
2026-10-07 10:58:39.301+00:00 | EthScheduler-Workers-0 | INFO  | PersistBlockTask | Block 185 (0x714dbc74622f62b9127f34951072f12f80d4416ae8ef863bbe2f4015e3321755) is already imported
2026-10-07 10:58:41.299+00:00 | BftProcessorExecutor-QBFT-0 | INFO  | QbftBesuControllerBuilder | Imported #186 / 0 tx / 0 pending / 0 (0.0%) gas / (0x68d5157d1fe8a66ce8d68921448408d2ae22997d6e593415c8a3bc8e4594f62d)
2026-10-07 10:58:43.303+00:00 | BftProcessorExecutor-QBFT-0 | INFO  | QbftBesuControllerBuilder | Imported #187 / 1 tx / 7 pending / 153,638 (0.0%) gas / (0x0da9185dae7cbf7562ce2317e7969df0232bf400197bb22b046ad7c6a91c074c)
2026-10-07 10:58:45.317+00:00 | BftProcessorExecutor-QBFT-0 | INFO  | QbftBesuControllerBuilder | Imported #188 / 0 tx / 7 pending / 0 (0.0%) gas / (0xc8d35d8344df5ae2330b8c0071e6e381ab3c8dc2f21183bfaa383ef1fa3ee827)
2026-10-07 10:58:45.317+00:00 | EthScheduler-Workers-0 | INFO  | PersistBlockTask | Block 188 (0xc8d35d8344df5ae2330b8c0071e6e381ab3c8dc2f21183bfaa383ef1fa3ee827) is already imported
2026-10-07 10:58:47.293+00:00 | BftProcessorExecutor-QBFT-0 | INFO  | QbftBesuControllerBuilder | Imported #189 / 0 tx / 7 pending / 0 (0.0%) gas / (0x5767595fe7b0af32e5931c28df4a1c7256f652dbeb090552923400a0c27ca11e)
2026-10-07 10:58:49.289+00:00 | EthScheduler-Workers-0 | INFO  | PersistBlockTask | Block 190 (0xe2fe9dda580fb8ebb9708081b954530c16404c166e20c67f087f57f2dbe2b301) is already imported
2026-10-07 10:58:49.289+00:00 | BftProcessorExecutor-QBFT-0 | INFO  | QbftBesuControllerBuilder | Imported #190 / 0 tx / 7 pending / 0 (0.0%) gas / (0xe2fe9dda580fb8ebb9708081b954530c16404c166e20c67f087f57f2dbe2b301)
2026-10-07 10:58:51.300+00:00 | BftProcessorExecutor-QBFT-0 | INFO  | QbftBesuControllerBuilder | Imported #191 / 0 tx / 7 pending / 0 (0.0%) gas / (0x407aa4b0aae62edc8504820ebe25408c3a2a9c67ad8619477931435a2fe6ee86)
2026-10-07 10:58:53.298+00:00 | EthScheduler-Workers-0 | INFO  | PersistBlockTask | Block 192 (0xe3d65e329489b114f16ce29eea8a3707de4fd053b57c7625498b7172d8a781d6) is already imported
2026-10-07 10:58:53.300+00:00 | BftProcessorExecutor-QBFT-0 | INFO  | QbftBesuControllerBuilder | Imported #192 / 0 tx / 7 pending / 0 (0.0%) gas / (0xe3d65e329489b114f16ce29eea8a3707de4fd053b57c7625498b7172d8a781d6)
2026-10-07 10:58:55.304+00:00 | EthScheduler-Workers-0 | INFO  | PersistBlockTask | Block 193 (0x950485f775580b356b1b294592dfd9f4730257746e10067bb5b192560821827e) is already imported
2026-10-07 10:58:55.304+00:00 | BftProcessorExecutor-QBFT-0 | INFO  | QbftBesuControllerBuilder | Imported #193 / 0 tx / 7 pending / 0 (0.0%) gas / (0x950485f775580b356b1b294592dfd9f4730257746e10067bb5b192560821827e)
2026-10-07 10:58:57.271+00:00 | BftProcessorExecutor-QBFT-0 | INFO  | QbftBesuControllerBuilder | Produced #194 / 0 tx / 7 pending / 0 (0.0%) gas / (0xef9ec472c20658cb2867f4eac6c1f74ab3de9fbdf08d2f63ed597e10f8bf1bfc)
2026-10-07 10:58:59.264+00:00 | BftProcessorExecutor-QBFT-0 | INFO  | QbftBesuControllerBuilder | Imported #195 / 1 tx / 6 pending / 153,650 (0.0%) gas / (0xa56ae986bc42101a69b1dd0eebe133246d54dea609fa073e9ae176462194aa6b)
2026-10-07 10:59:01.336+00:00 | BftProcessorExecutor-QBFT-0 | INFO  | QbftBesuControllerBuilder | Imported #196 / 1 tx / 5 pending / 153,650 (0.0%) gas / (0x040661b4e989fc8c8220f3fd6480401a889487246d7117825a21d0696df25d5c)
2026-10-07 10:59:01.336+00:00 | EthScheduler-Workers-0 | INFO  | PersistBlockTask | Block 196 (0x040661b4e989fc8c8220f3fd6480401a889487246d7117825a21d0696df25d5c) is already imported
2026-10-07 10:59:03.282+00:00 | BftProcessorExecutor-QBFT-0 | INFO  | QbftBesuControllerBuilder | Imported #197 / 1 tx / 4 pending / 153,638 (0.0%) gas / (0xaed0378df1dc2e82c0ec6313cc4f2838cd99c098cff78ee06598a8ee5e250868)
2026-10-07 10:59:05.308+00:00 | BftProcessorExecutor-QBFT-0 | INFO  | QbftBesuControllerBuilder | Imported #198 / 1 tx / 3 pending / 153,650 (0.0%) gas / (0xc36dd63b2a88b8410e8f892e5dc35882843e47a72ac5a6ce1e5de4a7d61b7029)
2026-10-07 10:59:07.302+00:00 | BftProcessorExecutor-QBFT-0 | INFO  | QbftBesuControllerBuilder | Imported #199 / 1 tx / 2 pending / 153,638 (0.0%) gas / (0x8d0f8b6212c100425ef19b19fb0abc6612cc99833609536faef0deeade58e6c7)
2026-10-07 10:59:09.282+00:00 | BftProcessorExecutor-QBFT-0 | INFO  | QbftBesuControllerBuilder | Imported #200 / 1 tx / 1 pending / 153,638 (0.0%) gas / (0xb837b11ca16a2b3d266d84f43a5220a8720cedcd0563dea3b5531df18fae8dca)
2026-10-07 10:59:11.315+00:00 | EthScheduler-Workers-0 | INFO  | PersistBlockTask | Block 201 (0x32a7120020537743582511d58851d7fb1fe2cf3d6636c4863e8c6cd339e74c57) is already imported
2026-10-07 10:59:11.315+00:00 | BftProcessorExecutor-QBFT-0 | INFO  | QbftBesuControllerBuilder | Imported #201 / 1 tx / 0 pending / 153,650 (0.0%) gas / (0x32a7120020537743582511d58851d7fb1fe2cf3d6636c4863e8c6cd339e74c57)
2026-10-07 10:59:13.302+00:00 | BftProcessorExecutor-QBFT-0 | INFO  | QbftBesuControllerBuilder | Imported #202 / 0 tx / 0 pending / 0 (0.0%) gas / (0x3696531c35818b503ec32dfa026d9c11d11b98c135b53010e034013f1c7d0446)
2026-10-07 10:59:15.322+00:00 | BftProcessorExecutor-QBFT-0 | INFO  | QbftBesuControllerBuilder | Imported #203 / 0 tx / 0 pending / 0 (0.0%) gas / (0x76ea28a63a87f5e2e4fd0e9c1065012db24845279a4f2fd64f3e2ca8cd70a485)
2026-10-07 10:59:17.297+00:00 | BftProcessorExecutor-QBFT-0 | INFO  | QbftBesuControllerBuilder | Imported #204 / 0 tx / 0 pending / 0 (0.0%) gas / (0xb5d5b7e1e09b44f1b7944e728d4ce89978a238bb6c5983362dfc86fb3bbc387d)
2026-10-07 10:59:19.293+00:00 | EthScheduler-Workers-0 | INFO  | PersistBlockTask | Block 205 (0x9b6d03fb81269d98f9c78505531dd3e8acebb26ce8a5b746d39b06f13ad8e859) is already imported
2026-10-07 10:59:19.293+00:00 | BftProcessorExecutor-QBFT-0 | INFO  | QbftBesuControllerBuilder | Imported #205 / 0 tx / 0 pending / 0 (0.0%) gas / (0x9b6d03fb81269d98f9c78505531dd3e8acebb26ce8a5b746d39b06f13ad8e859)
2026-10-07 10:59:21.287+00:00 | EthScheduler-Workers-0 | INFO  | PersistBlockTask | Block 206 (0xc15dd33c95b44da4ca1d36081e07bbf72878d91f83ad937c3c7d5294a84609f9) is already imported
2026-10-07 10:59:21.288+00:00 | BftProcessorExecutor-QBFT-0 | INFO  | QbftBesuControllerBuilder | Imported #206 / 0 tx / 0 pending / 0 (0.0%) gas / (0xc15dd33c95b44da4ca1d36081e07bbf72878d91f83ad937c3c7d5294a84609f9)
2026-10-07 10:59:23.278+00:00 | BftProcessorExecutor-QBFT-0 | INFO  | QbftBesuControllerBuilder | Imported #207 / 0 tx / 0 pending / 0 (0.0%) gas / (0xa8d98ee7d9450b79c8494f4a4d8044625b2e5cf8e6f1357bb051c068806759c3)
2026-10-07 10:59:25.322+00:00 | EthScheduler-Workers-0 | INFO  | PersistBlockTask | Block 208 (0xc4112fb208311d094de3cc54e598ef8555ff2b187a2bb2a7a0c257676c5b7701) is already imported
2026-10-07 10:59:25.323+00:00 | BftProcessorExecutor-QBFT-0 | INFO  | QbftBesuControllerBuilder | Imported #208 / 0 tx / 0 pending / 0 (0.0%) gas / (0xc4112fb208311d094de3cc54e598ef8555ff2b187a2bb2a7a0c257676c5b7701)
2026-10-07 10:59:27.281+00:00 | BftProcessorExecutor-QBFT-0 | INFO  | QbftBesuControllerBuilder | Produced #209 / 0 tx / 0 pending / 0 (0.0%) gas / (0xe9cb988ab64135e402d72ed78a13537160998ddf277b03dc517b8150fc2c605a)
2026-10-07 10:59:29.272+00:00 | BftProcessorExecutor-QBFT-0 | INFO  | QbftBesuControllerBuilder | Imported #210 / 0 tx / 0 pending / 0 (0.0%) gas / (0x4c87dd6eccb81d8d5ce675414001295ab738959eaf1f8e11bdb28f90fc62d374)
2026-10-07 10:59:29.274+00:00 | EthScheduler-Workers-0 | INFO  | PersistBlockTask | Block 210 (0x4c87dd6eccb81d8d5ce675414001295ab738959eaf1f8e11bdb28f90fc62d374) is already imported
2026-10-07 10:59:31.294+00:00 | BftProcessorExecutor-QBFT-0 | INFO  | QbftBesuControllerBuilder | Imported #211 / 0 tx / 0 pending / 0 (0.0%) gas / (0x4dc7602ee2821208ee68f29dab44afe510a5b053f343128cc85e2c516c67818d)
2026-10-07 10:59:33.287+00:00 | BftProcessorExecutor-QBFT-0 | INFO  | QbftBesuControllerBuilder | Imported #212 / 0 tx / 0 pending / 0 (0.0%) gas / (0xf1f91682894a9a6e1c6da161f0807e81331c352f2800966ff55082b2ea8bcf88)
2026-10-07 10:59:35.317+00:00 | EthScheduler-Workers-0 | INFO  | PersistBlockTask | Block 213 (0xf3b1753327f06d4d9143470683a45ed33ce34ab40c12865a7326c2a13e562b0f) is already imported
2026-10-07 10:59:35.317+00:00 | BftProcessorExecutor-QBFT-0 | INFO  | QbftBesuControllerBuilder | Imported #213 / 0 tx / 0 pending / 0 (0.0%) gas / (0xf3b1753327f06d4d9143470683a45ed33ce34ab40c12865a7326c2a13e562b0f)
2026-10-07 10:59:37.283+00:00 | BftProcessorExecutor-QBFT-0 | INFO  | QbftBesuControllerBuilder | Imported #214 / 0 tx / 0 pending / 0 (0.0%) gas / (0xd5f80956cf3cf7d351801e0aeee5c3ea3998ac81c477a73fee00af92dab8cfe4)
2026-10-07 10:59:39.287+00:00 | BftProcessorExecutor-QBFT-0 | INFO  | QbftBesuControllerBuilder | Imported #215 / 0 tx / 0 pending / 0 (0.0%) gas / (0xfcb57f55581fd0487b37c37353a220dc591f3893be2f40640743ce8bee6604c3)
2026-10-07 10:59:39.288+00:00 | EthScheduler-Workers-0 | INFO  | PersistBlockTask | Block 215 (0xfcb57f55581fd0487b37c37353a220dc591f3893be2f40640743ce8bee6604c3) is already imported
2026-10-07 10:59:41.299+00:00 | BftProcessorExecutor-QBFT-0 | INFO  | QbftBesuControllerBuilder | Imported #216 / 0 tx / 0 pending / 0 (0.0%) gas / (0x800dcc1664d1ea6a85d568ef67d9f379f42cb105eb7ad5249a2b0c932a680598)
2026-10-07 10:59:43.297+00:00 | EthScheduler-Workers-0 | INFO  | PersistBlockTask | Block 217 (0x79ed2940b93785082b167aef4bee3a85945feeb671e8a1d305d29d0910acb389) is already imported
2026-10-07 10:59:43.297+00:00 | BftProcessorExecutor-QBFT-0 | INFO  | QbftBesuControllerBuilder | Imported #217 / 0 tx / 0 pending / 0 (0.0%) gas / (0x79ed2940b93785082b167aef4bee3a85945feeb671e8a1d305d29d0910acb389)
2026-10-07 10:59:45.326+00:00 | BftProcessorExecutor-QBFT-0 | INFO  | QbftBesuControllerBuilder | Imported #218 / 0 tx / 0 pending / 0 (0.0%) gas / (0xed25fc3bfcdd3a8f66070a00204297c67b33b6702a987dc26aae46c2892ed714)
2026-10-07 10:59:45.332+00:00 | EthScheduler-Workers-0 | INFO  | PersistBlockTask | Block 218 (0xed25fc3bfcdd3a8f66070a00204297c67b33b6702a987dc26aae46c2892ed714) is already imported
2026-10-07 10:59:47.291+00:00 | BftProcessorExecutor-QBFT-0 | INFO  | QbftBesuControllerBuilder | Imported #219 / 0 tx / 0 pending / 0 (0.0%) gas / (0xed5f74312cd1881ab3bdbd308bdea0c1f643c69a94735000a5689575380b3a7d)
2026-10-07 10:59:49.294+00:00 | BftProcessorExecutor-QBFT-0 | INFO  | QbftBesuControllerBuilder | Imported #220 / 0 tx / 0 pending / 0 (0.0%) gas / (0xe269132cc12955e3737cee05b8de895946fa938daff4700b3891cd616af233e3)
2026-10-07 10:59:51.299+00:00 | BftProcessorExecutor-QBFT-0 | INFO  | QbftBesuControllerBuilder | Imported #221 / 0 tx / 0 pending / 0 (0.0%) gas / (0x7af4b8c1f348f99de9d8a70580f184fe242fa54656017eda6bab4b8828a3f029)
2026-10-07 10:59:53.289+00:00 | BftProcessorExecutor-QBFT-0 | INFO  | QbftBesuControllerBuilder | Imported #222 / 0 tx / 0 pending / 0 (0.0%) gas / (0xd654f264b6037767108a344d3fe594aeeea8d1a955529f6400372c1a6b20e51a)
2026-10-07 10:59:55.294+00:00 | BftProcessorExecutor-QBFT-0 | INFO  | QbftBesuControllerBuilder | Imported #223 / 0 tx / 0 pending / 0 (0.0%) gas / (0x93effb3915d7adb543eac19c976f629e636d43eeefaf4b24f04abbe7bc5b1b90)
2026-10-07 10:59:57.279+00:00 | BftProcessorExecutor-QBFT-0 | INFO  | QbftBesuControllerBuilder | Produced #224 / 0 tx / 0 pending / 0 (0.0%) gas / (0x906c759d960de8badd8ff658c0dde3833573454af0fbc50fb1eb26fcf3d3b1ea)
2026-10-07 10:59:59.277+00:00 | BftProcessorExecutor-QBFT-0 | INFO  | QbftBesuControllerBuilder | Imported #225 / 0 tx / 0 pending / 0 (0.0%) gas / (0x1b482f5469ae38520e012bf0b89dc99b164f95690e6b2c423605939c561f1eaf)
2026-10-07 10:59:59.281+00:00 | EthScheduler-Workers-0 | INFO  | PersistBlockTask | Block 225 (0x1b482f5469ae38520e012bf0b89dc99b164f95690e6b2c423605939c561f1eaf) is already imported
2026-10-07 11:00:01.306+00:00 | BftProcessorExecutor-QBFT-0 | INFO  | QbftBesuControllerBuilder | Imported #226 / 0 tx / 0 pending / 0 (0.0%) gas / (0x91b9d75a8069b4820fb26d3f2d1e06379be528cf717c216b3ca32ebb3dca1181)
2026-10-07 11:00:03.301+00:00 | EthScheduler-Workers-0 | INFO  | PersistBlockTask | Block 227 (0x797a98e23369e7be7c8791a6ee9383fd011aecf24d6b86a9209528d5b84c1e86) is already imported
2026-10-07 11:00:03.302+00:00 | BftProcessorExecutor-QBFT-0 | INFO  | QbftBesuControllerBuilder | Imported #227 / 0 tx / 0 pending / 0 (0.0%) gas / (0x797a98e23369e7be7c8791a6ee9383fd011aecf24d6b86a9209528d5b84c1e86)
2026-10-07 11:00:05.321+00:00 | BftProcessorExecutor-QBFT-0 | INFO  | QbftBesuControllerBuilder | Imported #228 / 0 tx / 0 pending / 0 (0.0%) gas / (0x307391983b4da809143be4a5e0389d59df89900bfb955ec4f8f6bbfe9a354c13)
2026-10-07 11:00:07.289+00:00 | BftProcessorExecutor-QBFT-0 | INFO  | QbftBesuControllerBuilder | Imported #229 / 0 tx / 0 pending / 0 (0.0%) gas / (0x0c702e01166315721c77d122732b82cccd0e8339404e6b2503a66e1e5c9ef641)
2026-10-07 11:00:07.289+00:00 | EthScheduler-Workers-0 | INFO  | PersistBlockTask | Block 229 (0x0c702e01166315721c77d122732b82cccd0e8339404e6b2503a66e1e5c9ef641) is already imported
2026-10-07 11:00:09.296+00:00 | EthScheduler-Workers-0 | INFO  | PersistBlockTask | Block 230 (0x5fc34b22e92bd842bf477e966653db83b740c59f4ff4dafd7964079740319a0a) is already imported
2026-10-07 11:00:09.296+00:00 | BftProcessorExecutor-QBFT-0 | INFO  | QbftBesuControllerBuilder | Imported #230 / 0 tx / 0 pending / 0 (0.0%) gas / (0x5fc34b22e92bd842bf477e966653db83b740c59f4ff4dafd7964079740319a0a)
2026-10-07 11:00:11.297+00:00 | BftProcessorExecutor-QBFT-0 | INFO  | QbftBesuControllerBuilder | Imported #231 / 0 tx / 0 pending / 0 (0.0%) gas / (0x6621ed64edc2333de517da435f87b2d92ef38a73495bd700b46c4dc0109bab9b)
2026-10-07 11:00:13.298+00:00 | EthScheduler-Workers-0 | INFO  | PersistBlockTask | Block 232 (0x4d3c98442f01cdc524309133d36e3f1653f9cdcb2ff1f45f277c6a8e73d8483b) is already imported
2026-10-07 11:00:13.298+00:00 | BftProcessorExecutor-QBFT-0 | INFO  | QbftBesuControllerBuilder | Imported #232 / 0 tx / 0 pending / 0 (0.0%) gas / (0x4d3c98442f01cdc524309133d36e3f1653f9cdcb2ff1f45f277c6a8e73d8483b)
2026-10-07 11:00:15.298+00:00 | EthScheduler-Workers-0 | INFO  | PersistBlockTask | Imported #233 / 0 tx / 0 om / 0 (0.0%) gas / (0xcbc0f18db752ce386ac679b029daa3288c415eafee90ae485847ee18a5569a0e) in 0.001s. Peers: 14
2026-10-07 11:00:17.294+00:00 | EthScheduler-Workers-0 | INFO  | PersistBlockTask | Block 234 (0xe73a65d3ad5810687fefcd8c15fc425d7a72de17a1395f64576e5d9233faa8fe) is already imported
2026-10-07 11:00:17.294+00:00 | BftProcessorExecutor-QBFT-0 | INFO  | QbftBesuControllerBuilder | Imported #234 / 0 tx / 0 pending / 0 (0.0%) gas / (0xe73a65d3ad5810687fefcd8c15fc425d7a72de17a1395f64576e5d9233faa8fe)
2026-10-07 11:00:19.740+00:00 | BftProcessorExecutor-QBFT-0 | INFO  | QbftBesuControllerBuilder | Imported #235 / 23 tx / 496 pending / 5,565,310 (0.0%) gas / (0xaba78096985b22d14c1657c8464472118bdd24d7b58f9bab2f8d0358d78930ac)
2026-10-07 11:00:22.130+00:00 | BftProcessorExecutor-QBFT-0 | INFO  | QbftBesuControllerBuilder | Imported #236 / 53 tx / 955 pending / 12,824,410 (0.0%) gas / (0x81495e3557915751199d6375ada770cb63c95e00eca00293488467d4e1ccf88f)
2026-10-07 11:00:24.526+00:00 | BftProcessorExecutor-QBFT-0 | INFO  | QbftBesuControllerBuilder | Imported #237 / 84 tx / 1517 pending / 20,325,480 (0.0%) gas / (0x4d5d4083734386a2b2b51c526d576fa12a52f5b4e41d9b3f5ad1fb0662b68335)
2026-10-07 11:00:27.042+00:00 | BftProcessorExecutor-QBFT-0 | INFO  | QbftBesuControllerBuilder | Imported #238 / 123 tx / 2191 pending / 29,762,310 (0.0%) gas / (0xf4cb70b720c5bfc945f312dc8fc122608a3d014e2f0685dbbc39a1679e990343)
2026-10-07 11:00:29.683+00:00 | EthScheduler-Workers-0 | INFO  | PersistBlockTask | Block 239 (0x9133cdc676b1472847a91bc8bb714b53a416d291702827a47ec962a6d4c12112) is already imported
2026-10-07 11:00:29.684+00:00 | BftProcessorExecutor-QBFT-0 | INFO  | QbftBesuControllerBuilder | Produced #239 / 167 tx / 2973 pending / 40,408,990 (0.0%) gas / (0x9133cdc676b1472847a91bc8bb714b53a416d291702827a47ec962a6d4c12112)
2026-10-07 11:00:33.064+00:00 | BftProcessorExecutor-QBFT-0 | INFO  | QbftBesuControllerBuilder | Imported #240 / 234 tx / 3849 pending / 56,620,980 (0.0%) gas / (0xc4a40f75a1454262af107a385ea7874efac5cb1047ddab693cc474d95e4c37c6)
2026-10-07 11:00:37.717+00:00 | BftProcessorExecutor-QBFT-0 | INFO  | QbftBesuControllerBuilder | Imported #241 / 309 tx / 5314 pending / 74,768,730 (0.0%) gas / (0x1af856d7a31ca20fdf884ab887e82cb7cf8099bf246c497e884a40725f7f81ea)
2026-10-07 11:00:42.609+00:00 | BftProcessorExecutor-QBFT-0 | INFO  | QbftBesuControllerBuilder | Imported #242 / 343 tx / 6691 pending / 82,995,710 (0.0%) gas / (0x3a72bbd9130e9057cdefb27be762d2a2c125a5912f70e294db6ad09bf005462c)
2026-10-07 11:00:47.589+00:00 | BftProcessorExecutor-QBFT-0 | INFO  | QbftBesuControllerBuilder | Imported #243 / 340 tx / 8143 pending / 82,269,800 (0.0%) gas / (0x297ae271aa8d874ec3cc91fa6946487748d9097571f3da0e0cb644863c50b216)
2026-10-07 11:00:52.434+00:00 | BftProcessorExecutor-QBFT-0 | INFO  | QbftBesuControllerBuilder | Imported #244 / 340 tx / 9771 pending / 82,269,800 (0.0%) gas / (0x53e2cce643655412048b409ab1cc5625ed2d3478727ce8e552c968a5fb17e3fc)
2026-10-07 11:00:57.300+00:00 | BftProcessorExecutor-QBFT-0 | INFO  | QbftBesuControllerBuilder | Imported #245 / 332 tx / 11121 pending / 80,334,040 (0.0%) gas / (0xeb6b51dfd0c0632f9387a73cc17fad1d0e9e87be34187693c878446121b9190b)
2026-10-07 11:01:02.055+00:00 | BftProcessorExecutor-QBFT-0 | INFO  | QbftBesuControllerBuilder | Imported #246 / 331 tx / 12573 pending / 80,092,070 (0.0%) gas / (0x5c14505f377baa4a415ff429eede254b75a5b7479c6daf93ec7284303ccb189e)
2026-10-07 11:01:06.892+00:00 | BftProcessorExecutor-QBFT-0 | INFO  | QbftBesuControllerBuilder | Imported #247 / 337 tx / 13368 pending / 81,543,890 (0.0%) gas / (0xb2ce74ddf9a7895c573b57e03f46fa90e391863c8f2bde5df9641eb4a90094d4)
2026-10-07 11:01:12.028+00:00 | BftProcessorExecutor-QBFT-0 | INFO  | QbftBesuControllerBuilder | Imported #248 / 346 tx / 13022 pending / 83,721,620 (0.0%) gas / (0x7d4bb8fb02b61921bf17ae9fe0cfaa073f9878aa5c0e0964c13480f5761f7ca3)
2026-10-07 11:01:16.839+00:00 | BftProcessorExecutor-QBFT-0 | INFO  | QbftBesuControllerBuilder | Imported #249 / 324 tx / 12698 pending / 78,398,280 (0.0%) gas / (0x0b5c4ac88495658a3c27657cdd4938c53305595044f74bf63251f6446186e43b)
2026-10-07 11:01:21.797+00:00 | EthScheduler-Workers-0 | INFO  | PersistBlockTask | Block 250 (0xd13b860d3a010bd6cf7fbbee5b6c69f28732c2287d2d43454566a9afdf17b00b) is already imported
2026-10-07 11:01:21.803+00:00 | BftProcessorExecutor-QBFT-0 | INFO  | QbftBesuControllerBuilder | Imported #250 / 340 tx / 12358 pending / 82,269,800 (0.0%) gas / (0xd13b860d3a010bd6cf7fbbee5b6c69f28732c2287d2d43454566a9afdf17b00b)
2026-10-07 11:01:26.746+00:00 | BftProcessorExecutor-QBFT-0 | INFO  | QbftBesuControllerBuilder | Imported #251 / 342 tx / 12016 pending / 82,753,740 (0.0%) gas / (0xa70577f087227bf8d9e4c87147448abf63b663db01d8ab34e851e5554b9741fa)
2026-10-07 11:01:31.764+00:00 | BftProcessorExecutor-QBFT-0 | INFO  | QbftBesuControllerBuilder | Imported #252 / 348 tx / 11668 pending / 84,205,560 (0.0%) gas / (0xce6f028873dbd3727ef4e193d4b6df93bbdae882c98f0abd3fd1f003fb4390dc)
2026-10-07 11:01:36.923+00:00 | BftProcessorExecutor-QBFT-0 | INFO  | QbftBesuControllerBuilder | Imported #253 / 355 tx / 11313 pending / 85,899,350 (0.0%) gas / (0xf445303e6e4c37d7e1e5777f8afc4b5dda3bcd11c7659a15318384920d4e19ec)
2026-10-07 11:01:38.430+00:00 | BftProcessorExecutor-QBFT-0 | WARN  | BlockTransactionSelector | Interrupting the selection of transactions for block inclusion as it exceeds the maximum configured duration of 1500ms
java.util.concurrent.TimeoutException
	at java.base/java.util.concurrent.CompletableFuture.timedGet(CompletableFuture.java:1960)
	at java.base/java.util.concurrent.CompletableFuture.get(CompletableFuture.java:2095)
	at org.hyperledger.besu.ethereum.blockcreation.txselection.BlockTransactionSelector.timeLimitedSelection(BlockTransactionSelector.java:186)
	at org.hyperledger.besu.ethereum.blockcreation.txselection.BlockTransactionSelector.buildTransactionListForBlock(BlockTransactionSelector.java:169)
	at org.hyperledger.besu.ethereum.blockcreation.AbstractBlockCreator.selectTransactions(AbstractBlockCreator.java:376)
	at org.hyperledger.besu.ethereum.blockcreation.AbstractBlockCreator.createBlock(AbstractBlockCreator.java:218)
	at org.hyperledger.besu.ethereum.blockcreation.AbstractBlockCreator.createBlock(AbstractBlockCreator.java:146)
	at org.hyperledger.besu.consensus.common.bft.blockcreation.BftBlockCreator.createBlock(BftBlockCreator.java:92)
	at org.hyperledger.besu.consensus.qbft.statemachine.QbftRound.createAndSendProposalMessage(QbftRound.java:137)
	at org.hyperledger.besu.consensus.qbft.statemachine.QbftBlockHeightManager.handleBlockTimerExpiry(QbftBlockHeightManager.java:140)
	at org.hyperledger.besu.consensus.common.bft.statemachine.BaseBftController.handleBlockTimerExpiry(BaseBftController.java:167)
	at org.hyperledger.besu.consensus.common.bft.EventMultiplexer.handleBftEvent(EventMultiplexer.java:65)
	at java.base/java.util.Optional.ifPresent(Optional.java:178)
	at org.hyperledger.besu.consensus.common.bft.BftProcessor.run(BftProcessor.java:65)
	at java.base/java.util.concurrent.ThreadPoolExecutor.runWorker(ThreadPoolExecutor.java:1144)
	at java.base/java.util.concurrent.ThreadPoolExecutor$Worker.run(ThreadPoolExecutor.java:642)
	at java.base/java.lang.Thread.run(Thread.java:1583)
2026-10-07 11:01:41.727+00:00 | EthScheduler-Workers-0 | INFO  | PersistBlockTask | Block 254 (0x7fda9ce174ae33c5d6aa4102781e2b1c7c67779b89f01da1cdeebe564819c23a) is already imported
2026-10-07 11:01:41.730+00:00 | BftProcessorExecutor-QBFT-0 | INFO  | QbftBesuControllerBuilder | Produced #254 / 307 tx / 11006 pending / 74,284,790 (0.0%) gas / (0x7fda9ce174ae33c5d6aa4102781e2b1c7c67779b89f01da1cdeebe564819c23a)
2026-10-07 11:01:46.563+00:00 | BftProcessorExecutor-QBFT-0 | INFO  | QbftBesuControllerBuilder | Imported #255 / 344 tx / 10662 pending / 83,237,680 (0.0%) gas / (0xc27cc760c214f224aae12299638f2e075469d3248a3d49705bee45207c9e4966)
2026-10-07 11:01:51.606+00:00 | BftProcessorExecutor-QBFT-0 | INFO  | QbftBesuControllerBuilder | Imported #256 / 347 tx / 10315 pending / 83,963,590 (0.0%) gas / (0x09dd1a150330824f5deddfe285e801e1ffb5348534e1dafac20154f2ab543a86)
2026-10-07 11:01:56.842+00:00 | BftProcessorExecutor-QBFT-0 | INFO  | QbftBesuControllerBuilder | Imported #257 / 364 tx / 9951 pending / 88,077,080 (0.0%) gas / (0xb9560f79985f9f2ab4134b14029eba43c68b7edc93ec6262e3c1c5f36b4ccc5e)
2026-10-07 11:02:01.919+00:00 | BftProcessorExecutor-QBFT-0 | INFO  | QbftBesuControllerBuilder | Imported #258 / 330 tx / 9621 pending / 79,850,100 (0.0%) gas / (0xc1374f4524a6629f8314371176485262682c400fcae2415a4a098a932633734f)
2026-10-07 11:02:07.031+00:00 | BftProcessorExecutor-QBFT-0 | INFO  | QbftBesuControllerBuilder | Imported #259 / 350 tx / 9271 pending / 84,689,500 (0.0%) gas / (0xd31e9255929bca75eecab4e5d5fac49032c71229438c568ce35c794cee421b54)
2026-10-07 11:02:12.151+00:00 | BftProcessorExecutor-QBFT-0 | INFO  | QbftBesuControllerBuilder | Imported #260 / 364 tx / 8907 pending / 88,077,080 (0.0%) gas / (0x4015c7e1cd7849a92390ad666638124388ad2a2564c4ee6e7ce3fcb780162d75)
2026-10-07 11:02:17.284+00:00 | BftProcessorExecutor-QBFT-0 | INFO  | QbftBesuControllerBuilder | Imported #261 / 346 tx / 8561 pending / 83,721,620 (0.0%) gas / (0x49859e5305596eff4622c758cf1e801794997718187246eba76ec39625e3aa16)
2026-10-07 11:02:22.374+00:00 | BftProcessorExecutor-QBFT-0 | INFO  | QbftBesuControllerBuilder | Imported #262 / 349 tx / 8212 pending / 84,447,530 (0.0%) gas / (0x8972553067bdffebac9c4cd300d8644f9a7539315d16f27b33ace0871df673bc)
2026-10-07 11:02:27.349+00:00 | BftProcessorExecutor-QBFT-0 | INFO  | QbftBesuControllerBuilder | Imported #263 / 328 tx / 7884 pending / 79,366,160 (0.0%) gas / (0xe9f43313f085f54255c7a4f988abafff0925c2b60cc0779396fb92c50c91a7b6)
2026-10-07 11:02:32.201+00:00 | BftProcessorExecutor-QBFT-0 | INFO  | QbftBesuControllerBuilder | Imported #264 / 330 tx / 7554 pending / 79,850,100 (0.0%) gas / (0xe48eee3d281869adaba1de23610c816180a87e6f8ec142edcbcd81a867b81424)
2026-10-07 11:02:37.404+00:00 | BftProcessorExecutor-QBFT-0 | INFO  | QbftBesuControllerBuilder | Imported #265 / 367 tx / 7187 pending / 88,802,990 (0.0%) gas / (0x2b2b0764736214b2484d9bc29fc329dc46320064185f6f3a64bbdde71c339fab)
2026-10-07 11:02:42.377+00:00 | BftProcessorExecutor-QBFT-0 | INFO  | QbftBesuControllerBuilder | Imported #266 / 332 tx / 6855 pending / 80,334,040 (0.0%) gas / (0x9cbdfa0608650b5dd5200aacab00ecca992e9f86461d31e1b46c7c047546ed3e)
2026-10-07 11:02:47.434+00:00 | EthScheduler-Workers-0 | INFO  | PersistBlockTask | Block 267 (0xd1ed24dcb77c99210c2c7b966868984d64fa34a5cf34c3b6b1e405ee242c0d80) is already imported
2026-10-07 11:02:47.437+00:00 | BftProcessorExecutor-QBFT-0 | INFO  | QbftBesuControllerBuilder | Imported #267 / 349 tx / 6506 pending / 84,447,530 (0.0%) gas / (0xd1ed24dcb77c99210c2c7b966868984d64fa34a5cf34c3b6b1e405ee242c0d80)
2026-10-07 11:02:52.751+00:00 | EthScheduler-Workers-0 | INFO  | PersistBlockTask | Block 268 (0xca6164e721452e34b76d6784987b221d3a3cf1bfd031cf0ff5e714a7967ebdd2) is already imported
2026-10-07 11:02:52.755+00:00 | BftProcessorExecutor-QBFT-0 | INFO  | QbftBesuControllerBuilder | Imported #268 / 368 tx / 6138 pending / 89,044,960 (0.0%) gas / (0xca6164e721452e34b76d6784987b221d3a3cf1bfd031cf0ff5e714a7967ebdd2)
2026-10-07 11:02:54.260+00:00 | BftProcessorExecutor-QBFT-0 | WARN  | BlockTransactionSelector | Interrupting the selection of transactions for block inclusion as it exceeds the maximum configured duration of 1500ms
java.util.concurrent.TimeoutException
	at java.base/java.util.concurrent.CompletableFuture.timedGet(CompletableFuture.java:1960)
	at java.base/java.util.concurrent.CompletableFuture.get(CompletableFuture.java:2095)
	at org.hyperledger.besu.ethereum.blockcreation.txselection.BlockTransactionSelector.timeLimitedSelection(BlockTransactionSelector.java:186)
	at org.hyperledger.besu.ethereum.blockcreation.txselection.BlockTransactionSelector.buildTransactionListForBlock(BlockTransactionSelector.java:169)
	at org.hyperledger.besu.ethereum.blockcreation.AbstractBlockCreator.selectTransactions(AbstractBlockCreator.java:376)
	at org.hyperledger.besu.ethereum.blockcreation.AbstractBlockCreator.createBlock(AbstractBlockCreator.java:218)
	at org.hyperledger.besu.ethereum.blockcreation.AbstractBlockCreator.createBlock(AbstractBlockCreator.java:146)
	at org.hyperledger.besu.consensus.common.bft.blockcreation.BftBlockCreator.createBlock(BftBlockCreator.java:92)
	at org.hyperledger.besu.consensus.qbft.statemachine.QbftRound.createAndSendProposalMessage(QbftRound.java:137)
	at org.hyperledger.besu.consensus.qbft.statemachine.QbftBlockHeightManager.handleBlockTimerExpiry(QbftBlockHeightManager.java:140)
	at org.hyperledger.besu.consensus.common.bft.statemachine.BaseBftController.handleBlockTimerExpiry(BaseBftController.java:167)
	at org.hyperledger.besu.consensus.common.bft.EventMultiplexer.handleBftEvent(EventMultiplexer.java:65)
	at java.base/java.util.Optional.ifPresent(Optional.java:178)
	at org.hyperledger.besu.consensus.common.bft.BftProcessor.run(BftProcessor.java:65)
	at java.base/java.util.concurrent.ThreadPoolExecutor.runWorker(ThreadPoolExecutor.java:1144)
	at java.base/java.util.concurrent.ThreadPoolExecutor$Worker.run(ThreadPoolExecutor.java:642)
	at java.base/java.lang.Thread.run(Thread.java:1583)
2026-10-07 11:02:57.793+00:00 | BftProcessorExecutor-QBFT-0 | INFO  | QbftBesuControllerBuilder | Produced #269 / 352 tx / 5786 pending / 85,173,440 (0.0%) gas / (0x51eb2ef3d5fe75d017e2ec20ca2c010304866bc6cdff251dfb81dad7cb9821de)
2026-10-07 11:03:02.788+00:00 | BftProcessorExecutor-QBFT-0 | INFO  | QbftBesuControllerBuilder | Imported #270 / 346 tx / 5786 pending / 83,721,620 (0.0%) gas / (0x1029084a5edff788e068ac1bf232d82a51e735398438cfeef3930d9999ba4c39)
2026-10-07 11:03:07.852+00:00 | BftProcessorExecutor-QBFT-0 | INFO  | QbftBesuControllerBuilder | Imported #271 / 345 tx / 5095 pending / 83,479,650 (0.0%) gas / (0x60fb02b4818593241edc63ca897047d474f17f7dc07963fde2ae37c0c062886c)
2026-10-07 11:03:12.863+00:00 | BftProcessorExecutor-QBFT-0 | INFO  | QbftBesuControllerBuilder | Imported #272 / 345 tx / 4750 pending / 83,479,650 (0.0%) gas / (0x3ebd3cc9551272fb81655c8f079accf04a5d6c6d242c03ea2d9dfc95e68c160f)
2026-10-07 11:03:17.984+00:00 | BftProcessorExecutor-QBFT-0 | INFO  | QbftBesuControllerBuilder | Imported #273 / 344 tx / 4406 pending / 83,237,680 (0.0%) gas / (0xc5a53ebf1eeb443f2bd29de62959a099e2bdf3879fb5d3ac306a42be4d052f82)
2026-10-07 11:03:23.021+00:00 | BftProcessorExecutor-QBFT-0 | INFO  | QbftBesuControllerBuilder | Imported #274 / 341 tx / 4065 pending / 82,511,770 (0.0%) gas / (0x518a0330f7e406861f0f0aae608aedd41fd699a37edd97234ecdfbd318aa3bda)
2026-10-07 11:03:28.073+00:00 | EthScheduler-Workers-0 | INFO  | PersistBlockTask | Block 275 (0x4079462c8e8d83097086f88d2058ea8f5c719c444ff816fca5af3de99a00d788) is already imported
2026-10-07 11:03:28.077+00:00 | BftProcessorExecutor-QBFT-0 | INFO  | QbftBesuControllerBuilder | Imported #275 / 335 tx / 3730 pending / 81,059,950 (0.0%) gas / (0x4079462c8e8d83097086f88d2058ea8f5c719c444ff816fca5af3de99a00d788)
2026-10-07 11:03:33.033+00:00 | BftProcessorExecutor-QBFT-0 | INFO  | QbftBesuControllerBuilder | Imported #276 / 346 tx / 3384 pending / 83,721,620 (0.0%) gas / (0x6cb941a6ace46b7e321d0c8308b4b28db70851cb5f13e270a68fc0ba33c823b4)
2026-10-07 11:03:38.129+00:00 | BftProcessorExecutor-QBFT-0 | INFO  | QbftBesuControllerBuilder | Imported #277 / 352 tx / 3032 pending / 85,173,440 (0.0%) gas / (0x151d0c1f9e29208d2253080e41b8bc4802a10eaaa09a8a323c2400b24a9c1160)
2026-10-07 11:03:43.390+00:00 | BftProcessorExecutor-QBFT-0 | INFO  | QbftBesuControllerBuilder | Imported #278 / 368 tx / 2664 pending / 89,044,960 (0.0%) gas / (0xb462723333ae48dfcb9022e5fe61ee43f58098ae6e663ac9009e812bdb81b42e)
2026-10-07 11:03:48.580+00:00 | BftProcessorExecutor-QBFT-0 | INFO  | QbftBesuControllerBuilder | Imported #279 / 349 tx / 2315 pending / 84,447,530 (0.0%) gas / (0xab488329aee7eeccaa83e53e581c56f03144c7f96ae2bec721f8d25b78150ae5)
2026-10-07 11:03:53.468+00:00 | BftProcessorExecutor-QBFT-0 | INFO  | QbftBesuControllerBuilder | Imported #280 / 349 tx / 1966 pending / 84,447,530 (0.0%) gas / (0x4c37db03ea70da44171ff63ba73c3a3d86a28484e8ba5ab8a1a618a6a356cd10)
2026-10-07 11:03:58.581+00:00 | BftProcessorExecutor-QBFT-0 | INFO  | QbftBesuControllerBuilder | Imported #281 / 349 tx / 1617 pending / 84,447,530 (0.0%) gas / (0x613b8b0d3922cd51a240c39671c3ffd13d62033b0f9b119f6159c3e6a50ade15)
2026-10-07 11:04:03.081+00:00 | BftProcessorExecutor-QBFT-0 | INFO  | QbftBesuControllerBuilder | Imported #282 / 308 tx / 1309 pending / 74,526,760 (0.0%) gas / (0xa91a8168e54bcf1bf6928dfc4c4257083ca099e7c6ef6f1c13e04b3129515884)
2026-10-07 11:04:06.607+00:00 | BftProcessorExecutor-QBFT-0 | INFO  | QbftBesuControllerBuilder | Imported #283 / 243 tx / 1066 pending / 58,798,710 (0.0%) gas / (0xec6959239428e1fc2ad86491c0b90c0a07f389739885a07754cbaf0b05b9fb27)
2026-10-07 11:04:10.496+00:00 | BftProcessorExecutor-QBFT-0 | INFO  | QbftBesuControllerBuilder | Produced #284 / 263 tx / 803 pending / 63,638,110 (0.0%) gas / (0xa31a8113efb38d9102cd3c2d04f45bfaf29244718167180436ea3febb0a34505)
2026-10-07 11:04:13.274+00:00 | BftProcessorExecutor-QBFT-0 | INFO  | QbftBesuControllerBuilder | Imported #285 / 174 tx / 629 pending / 42,102,780 (0.0%) gas / (0xc49192e8dc8c03a5228e35387b524607ad9430e20044e9e486611001209491a2)
2026-10-07 11:04:13.273+00:00 | EthScheduler-Workers-0 | INFO  | PersistBlockTask | Block 285 (0xc49192e8dc8c03a5228e35387b524607ad9430e20044e9e486611001209491a2) is already imported
2026-10-07 11:04:14.882+00:00 | BftProcessorExecutor-QBFT-0 | INFO  | QbftBesuControllerBuilder | Imported #286 / 97 tx / 532 pending / 23,471,090 (0.0%) gas / (0xb07a9200569ce94d9019ef8083f7afb5146a7296abf82e68fdd3055aedf9fb53)
2026-10-07 11:04:15.938+00:00 | BftProcessorExecutor-QBFT-0 | INFO  | QbftBesuControllerBuilder | Imported #287 / 46 tx / 486 pending / 11,130,620 (0.0%) gas / (0x221b2cf4cabf57ef1e323a557c3a5f3f1ed267b6814d44968135b01f86ade535)
2026-10-07 11:04:18.482+00:00 | EthScheduler-Workers-0 | INFO  | PersistBlockTask | Block 288 (0xe6850bf1972745d102ce6de8132aacca9261961273fab54f09381c93f3cf3ee9) is already imported
2026-10-07 11:04:18.482+00:00 | BftProcessorExecutor-QBFT-0 | INFO  | QbftBesuControllerBuilder | Imported #288 / 84 tx / 402 pending / 20,325,480 (0.0%) gas / (0xe6850bf1972745d102ce6de8132aacca9261961273fab54f09381c93f3cf3ee9)
2026-10-07 11:04:20.189+00:00 | BftProcessorExecutor-QBFT-0 | INFO  | QbftBesuControllerBuilder | Imported #289 / 67 tx / 335 pending / 16,211,990 (0.0%) gas / (0x0cd7b52c62c603fe5d51984df4ab448ffb6019f9c21650325cfceff2365beabf)
2026-10-07 11:04:22.108+00:00 | BftProcessorExecutor-QBFT-0 | INFO  | QbftBesuControllerBuilder | Imported #290 / 59 tx / 276 pending / 14,276,230 (0.0%) gas / (0x26252f42855e7919c80df9827d33c6e94eb117ca7a78ef6b69191f4a266c44b1)
2026-10-07 11:04:24.183+00:00 | BftProcessorExecutor-QBFT-0 | INFO  | QbftBesuControllerBuilder | Imported #291 / 67 tx / 209 pending / 16,211,990 (0.0%) gas / (0x27480432e068661535e59ef7ad3d95e5ec89a32d4077b9afadd3cedcf0b8da3e)
2026-10-07 11:04:26.038+00:00 | EthScheduler-Workers-0 | INFO  | PersistBlockTask | Block 292 (0xe44a23445839d7fa577c3fa803dcd7d54b6dbeca9003a4c97b8911a18bfc3142) is already imported
2026-10-07 11:04:26.038+00:00 | BftProcessorExecutor-QBFT-0 | INFO  | QbftBesuControllerBuilder | Imported #292 / 52 tx / 157 pending / 12,582,440 (0.0%) gas / (0xe44a23445839d7fa577c3fa803dcd7d54b6dbeca9003a4c97b8911a18bfc3142)
2026-10-07 11:04:28.002+00:00 | BftProcessorExecutor-QBFT-0 | INFO  | QbftBesuControllerBuilder | Imported #293 / 48 tx / 109 pending / 11,614,560 (0.0%) gas / (0xffa1a68c8c3f2194b50bc88ab983e6015967887c242426a4c3bd035a694c1dcd)
2026-10-07 11:04:28.001+00:00 | EthScheduler-Workers-0 | INFO  | PersistBlockTask | Block 293 (0xffa1a68c8c3f2194b50bc88ab983e6015967887c242426a4c3bd035a694c1dcd) is already imported
2026-10-07 11:04:30.515+00:00 | BftProcessorExecutor-QBFT-0 | INFO  | QbftBesuControllerBuilder | Imported #294 / 86 tx / 23 pending / 20,809,420 (0.0%) gas / (0x943ce0a9be86b6aa61dfa6b389321033eefed776e36b86f5febb18c67647cf31)
2026-10-07 11:04:31.459+00:00 | EthScheduler-Workers-0 | INFO  | PersistBlockTask | Block 295 (0x3ca6e417c791400696131c8774d6e05752f0fe0def579e4ffa106a250c087729) is already imported
2026-10-07 11:04:31.459+00:00 | BftProcessorExecutor-QBFT-0 | INFO  | QbftBesuControllerBuilder | Imported #295 / 10 tx / 13 pending / 2,419,700 (0.0%) gas / (0x3ca6e417c791400696131c8774d6e05752f0fe0def579e4ffa106a250c087729)
2026-10-07 11:04:33.597+00:00 | BftProcessorExecutor-QBFT-0 | INFO  | QbftBesuControllerBuilder | Imported #296 / 13 tx / 0 pending / 3,145,610 (0.0%) gas / (0x6b1ab97530f7eed53b23d937ff1450d9a950fa4dc473d717600578cf70cbaadc)
2026-10-07 11:04:35.303+00:00 | BftProcessorExecutor-QBFT-0 | INFO  | QbftBesuControllerBuilder | Imported #297 / 0 tx / 0 pending / 0 (0.0%) gas / (0x2c40ecff0b1d5aa55717be29c5c41005ef1d74ec705d64d128e0d3b01aa8887d)
2026-10-07 11:04:37.332+00:00 | BftProcessorExecutor-QBFT-0 | INFO  | QbftBesuControllerBuilder | Imported #298 / 0 tx / 0 pending / 0 (0.0%) gas / (0x33a3bd038c02b916aa20792dcc81d337248c4e88d6f66048330f2132f083876b)
2026-10-07 11:04:37.333+00:00 | EthScheduler-Workers-0 | INFO  | PersistBlockTask | Block 298 (0x33a3bd038c02b916aa20792dcc81d337248c4e88d6f66048330f2132f083876b) is already imported
2026-10-07 11:04:39.284+00:00 | BftProcessorExecutor-QBFT-0 | INFO  | QbftBesuControllerBuilder | Produced #299 / 0 tx / 0 pending / 0 (0.0%) gas / (0xf933fe57ed4d4d0f142ef986256f03ff8c840e2e42a1869b4f6e44e9a4c22d66)
2026-10-07 11:04:41.288+00:00 | BftProcessorExecutor-QBFT-0 | INFO  | QbftBesuControllerBuilder | Imported #300 / 0 tx / 0 pending / 0 (0.0%) gas / (0xaf2552a236cd9e71b03019862aa58198227b93c8ba5404310ea4196d26f6a583)
2026-10-07 11:04:43.299+00:00 | BftProcessorExecutor-QBFT-0 | INFO  | QbftBesuControllerBuilder | Imported #301 / 0 tx / 0 pending / 0 (0.0%) gas / (0x8efac64cc4cc6d25a05274e1696504f82985f217c5b9660f512dfb20f90ea49d)
2026-10-07 11:04:45.290+00:00 | BftProcessorExecutor-QBFT-0 | INFO  | QbftBesuControllerBuilder | Imported #302 / 0 tx / 0 pending / 0 (0.0%) gas / (0xc7862bcc84c24de00fbcd67c700df1b8074970209511e0e54416999c125c875c)
2026-10-07 11:04:47.316+00:00 | BftProcessorExecutor-QBFT-0 | INFO  | QbftBesuControllerBuilder | Imported #303 / 0 tx / 0 pending / 0 (0.0%) gas / (0x7e203ba520777a805ef0c729b1ee5572995ec25e991653fb353233b17ee630cf)
2026-10-07 11:04:49.299+00:00 | BftProcessorExecutor-QBFT-0 | INFO  | QbftBesuControllerBuilder | Imported #304 / 0 tx / 0 pending / 0 (0.0%) gas / (0x4f453fca3976b6a628c1e8c5efaacd4b9bc5a2166a310b2113e7db74b9fd41ab)
2026-10-07 11:04:51.278+00:00 | BftProcessorExecutor-QBFT-0 | INFO  | QbftBesuControllerBuilder | Imported #305 / 0 tx / 0 pending / 0 (0.0%) gas / (0x50ede38b69de94ee142b6307cf4ae78a9ab88fc2a8d6b6baa5ffbcc9189e6985)
2026-10-07 11:04:53.301+00:00 | BftProcessorExecutor-QBFT-0 | INFO  | QbftBesuControllerBuilder | Imported #306 / 0 tx / 0 pending / 0 (0.0%) gas / (0xb01e3f5d1637f17d53986c69448cda6785ccff30eff89a58eecc8b9ec60b3599)
2026-10-07 11:04:55.297+00:00 | BftProcessorExecutor-QBFT-0 | INFO  | QbftBesuControllerBuilder | Imported #307 / 0 tx / 0 pending / 0 (0.0%) gas / (0xa72c4b4375f1217a7dc1b750f373d8e8278249e1ca88e503e80568489920fbb7)
2026-10-07 11:04:55.298+00:00 | EthScheduler-Workers-0 | INFO  | PersistBlockTask | Block 307 (0xa72c4b4375f1217a7dc1b750f373d8e8278249e1ca88e503e80568489920fbb7) is already imported
2026-10-07 11:04:57.317+00:00 | BftProcessorExecutor-QBFT-0 | INFO  | QbftBesuControllerBuilder | Imported #308 / 0 tx / 0 pending / 0 (0.0%) gas / (0x8eee3c0798587f077c9d9ffd875353aba4e186ec95ec21a08503c390c52e686f)
2026-10-07 11:04:57.322+00:00 | EthScheduler-Workers-0 | INFO  | PersistBlockTask | Block 308 (0x8eee3c0798587f077c9d9ffd875353aba4e186ec95ec21a08503c390c52e686f) is already imported
2026-10-07 11:04:59.292+00:00 | BftProcessorExecutor-QBFT-0 | INFO  | QbftBesuControllerBuilder | Imported #309 / 0 tx / 0 pending / 0 (0.0%) gas / (0x477aa4d8921efa29688a1255d4f1bd84467089551e16ee320db6802d934e8456)
2026-10-07 11:05:01.287+00:00 | BftProcessorExecutor-QBFT-0 | INFO  | QbftBesuControllerBuilder | Imported #310 / 0 tx / 0 pending / 0 (0.0%) gas / (0x4006464ad118753a49894ae2c923ec4aa533bde4c21d401831d877408add602e)
2026-10-07 11:05:03.299+00:00 | BftProcessorExecutor-QBFT-0 | INFO  | QbftBesuControllerBuilder | Imported #311 / 0 tx / 0 pending / 0 (0.0%) gas / (0x03fb4cff508052d54d8c487cd3e67e017679be6bc67f9cb685f5538d108eec66)
2026-10-07 11:05:05.297+00:00 | BftProcessorExecutor-QBFT-0 | INFO  | QbftBesuControllerBuilder | Imported #312 / 0 tx / 0 pending / 0 (0.0%) gas / (0x78975da35a43f3a9633b73e0f93604c101667388f8b50b3c665df285e11a9fca)
2026-10-07 11:05:07.316+00:00 | BftProcessorExecutor-QBFT-0 | INFO  | QbftBesuControllerBuilder | Imported #313 / 0 tx / 0 pending / 0 (0.0%) gas / (0xfe80d8b8577016154624666e16edacf9a6856691053b26b0502aaae23b6b64ec)
2026-10-07 11:05:07.322+00:00 | EthScheduler-Workers-0 | INFO  | PersistBlockTask | Block 313 (0xfe80d8b8577016154624666e16edacf9a6856691053b26b0502aaae23b6b64ec) is already imported
2026-10-07 11:05:09.295+00:00 | BftProcessorExecutor-QBFT-0 | INFO  | QbftBesuControllerBuilder | Produced #314 / 0 tx / 0 pending / 0 (0.0%) gas / (0x64f9e1c4f7a1ddf50f0a4c83181383bbd99052ec820cfe273d0fa98072e5c751)
2026-10-07 11:05:11.266+00:00 | BftProcessorExecutor-QBFT-0 | INFO  | QbftBesuControllerBuilder | Imported #315 / 0 tx / 0 pending / 0 (0.0%) gas / (0x2196219a5ffe5a636c354c16f065426aeb8a4918a8d3396b7c9fcb2289c1037c)
2026-10-07 11:05:13.294+00:00 | BftProcessorExecutor-QBFT-0 | INFO  | QbftBesuControllerBuilder | Imported #316 / 0 tx / 0 pending / 0 (0.0%) gas / (0x49ce01a87191ad72e9797f3c40821cbcaee985b6cb08a34567d8dc4a67705404)
2026-10-07 11:05:15.322+00:00 | BftProcessorExecutor-QBFT-0 | INFO  | QbftBesuControllerBuilder | Imported #317 / 1 tx / 7 pending / 153,630 (0.0%) gas / (0xae33f006d26caa090488aa31c77b2972ca59d66232aa821d6c8e96756e251d93)
2026-10-07 11:05:17.348+00:00 | BftProcessorExecutor-QBFT-0 | INFO  | QbftBesuControllerBuilder | Imported #318 / 1 tx / 6 pending / 153,606 (0.0%) gas / (0xea21804486c424e6780b99efcc6b495873686f92877cfc1396b6002f911adbc7)
2026-10-07 11:05:19.326+00:00 | BftProcessorExecutor-QBFT-0 | INFO  | QbftBesuControllerBuilder | Imported #319 / 1 tx / 5 pending / 153,630 (0.0%) gas / (0xa524b7f0a4d42f0cbd5c5f0d6221381b5499c9b91dcbc0a846ca60ccba84f8be)
2026-10-07 11:05:19.331+00:00 | EthScheduler-Workers-0 | INFO  | PersistBlockTask | Block 319 (0xa524b7f0a4d42f0cbd5c5f0d6221381b5499c9b91dcbc0a846ca60ccba84f8be) is already imported
2026-10-07 11:05:21.322+00:00 | EthScheduler-Workers-0 | INFO  | PersistBlockTask | Block 320 (0x09c2b2ddf55dc0fd0546a80461006e4a99b2bce550a0b214272ba32c5b62bdc9) is already imported
2026-10-07 11:05:21.322+00:00 | BftProcessorExecutor-QBFT-0 | INFO  | QbftBesuControllerBuilder | Imported #320 / 1 tx / 4 pending / 153,650 (0.0%) gas / (0x09c2b2ddf55dc0fd0546a80461006e4a99b2bce550a0b214272ba32c5b62bdc9)
2026-10-07 11:05:23.322+00:00 | BftProcessorExecutor-QBFT-0 | INFO  | QbftBesuControllerBuilder | Imported #321 / 1 tx / 3 pending / 153,630 (0.0%) gas / (0x8ce7866559fa21e057e206744719bbdae698ad19b3ba00ea170881fe094c63bf)
2026-10-07 11:05:25.307+00:00 | EthScheduler-Workers-0 | INFO  | PersistBlockTask | Block 322 (0x0d8b4679b57b2b82d467f3c03daca5ccdf6cdefc54399ce0013c57d056706079) is already imported
2026-10-07 11:05:25.308+00:00 | BftProcessorExecutor-QBFT-0 | INFO  | QbftBesuControllerBuilder | Imported #322 / 1 tx / 2 pending / 153,618 (0.0%) gas / (0x0d8b4679b57b2b82d467f3c03daca5ccdf6cdefc54399ce0013c57d056706079)
2026-10-07 11:05:27.313+00:00 | EthScheduler-Workers-0 | INFO  | PersistBlockTask | Block 323 (0x683aa4cd40f187a46aa06724be465218a697c20729ab6a354e152f7411b25380) is already imported
2026-10-07 11:05:27.314+00:00 | BftProcessorExecutor-QBFT-0 | INFO  | QbftBesuControllerBuilder | Imported #323 / 0 tx / 2 pending / 0 (0.0%) gas / (0x683aa4cd40f187a46aa06724be465218a697c20729ab6a354e152f7411b25380)
2026-10-07 11:05:29.299+00:00 | BftProcessorExecutor-QBFT-0 | INFO  | QbftBesuControllerBuilder | Imported #324 / 0 tx / 2 pending / 0 (0.0%) gas / (0xb673832c567d319f0c7836634251e82b484ceb29f0c266f7393b4c21dc1c5968)
2026-10-07 11:05:31.277+00:00 | BftProcessorExecutor-QBFT-0 | INFO  | QbftBesuControllerBuilder | Imported #325 / 0 tx / 2 pending / 0 (0.0%) gas / (0x1a14643df6e785b51ddbb2057b1fbf452f20eb1cad25f5d6b0ec1abdd79fc592)
2026-10-07 11:05:33.300+00:00 | BftProcessorExecutor-QBFT-0 | INFO  | QbftBesuControllerBuilder | Imported #326 / 0 tx / 2 pending / 0 (0.0%) gas / (0xe989f2b685f1a538af4560f01b48d8db0a908976c827481f43ede7c25107b739)
2026-10-07 11:05:33.303+00:00 | EthScheduler-Workers-0 | INFO  | PersistBlockTask | Block 326 (0xe989f2b685f1a538af4560f01b48d8db0a908976c827481f43ede7c25107b739) is already imported
2026-10-07 11:05:35.283+00:00 | BftProcessorExecutor-QBFT-0 | INFO  | QbftBesuControllerBuilder | Imported #327 / 0 tx / 2 pending / 0 (0.0%) gas / (0x70c67af0a01bc4e0be0e3cd17eca8057d83181001fd022f5e332934e5432a848)
2026-10-07 11:05:37.309+00:00 | BftProcessorExecutor-QBFT-0 | INFO  | QbftBesuControllerBuilder | Imported #328 / 0 tx / 2 pending / 0 (0.0%) gas / (0x63a56b4eb03d5f458b0d93252eb6a28b99b8e64f48d98003ebbf64272c7b70a7)
2026-10-07 11:05:39.287+00:00 | BftProcessorExecutor-QBFT-0 | INFO  | QbftBesuControllerBuilder | Produced #329 / 0 tx / 2 pending / 0 (0.0%) gas / (0x88e4ace4b32bcdab1453d46ab1bc5d81d169d55cf936d84f5ba2065a8454e24e)
2026-10-07 11:05:41.312+00:00 | BftProcessorExecutor-QBFT-0 | INFO  | QbftBesuControllerBuilder | Imported #330 / 1 tx / 1 pending / 153,630 (0.0%) gas / (0x3be194fbdd1900f35006aa57d0b878f6ebcd1397f535986bbaab20c6a27f7545)
2026-10-07 11:05:43.306+00:00 | BftProcessorExecutor-QBFT-0 | INFO  | QbftBesuControllerBuilder | Imported #331 / 1 tx / 0 pending / 153,618 (0.0%) gas / (0xbb4e8a93fa544778a6424f87b56ad419cfd306e40f219fa34214dbee013fe8cc)
2026-10-07 11:05:45.293+00:00 | BftProcessorExecutor-QBFT-0 | INFO  | QbftBesuControllerBuilder | Imported #332 / 0 tx / 0 pending / 0 (0.0%) gas / (0x4cf4bf10397b53e74ae074849fd77c772e30368ed97037c37de789ef6db9b762)
2026-10-07 11:05:47.317+00:00 | BftProcessorExecutor-QBFT-0 | INFO  | QbftBesuControllerBuilder | Imported #333 / 0 tx / 0 pending / 0 (0.0%) gas / (0xd98a915f525f5cce1269989ef2498ae764079be39ef64c738d2dc2efcde0676e)
2026-10-07 11:05:47.319+00:00 | EthScheduler-Workers-0 | INFO  | PersistBlockTask | Block 333 (0xd98a915f525f5cce1269989ef2498ae764079be39ef64c738d2dc2efcde0676e) is already imported
2026-10-07 11:05:49.283+00:00 | BftProcessorExecutor-QBFT-0 | INFO  | QbftBesuControllerBuilder | Imported #334 / 0 tx / 0 pending / 0 (0.0%) gas / (0xe815fc533f068e1fb7ef82426b95c336e8606bba1de5d5641c1f98771b15b68c)
2026-10-07 11:05:51.285+00:00 | BftProcessorExecutor-QBFT-0 | INFO  | QbftBesuControllerBuilder | Imported #335 / 0 tx / 0 pending / 0 (0.0%) gas / (0x178fa4d773997e6e2c4656f5efb70730dd5aa48a418c1f16bbd2df583fc777e2)
2026-10-07 11:05:51.286+00:00 | EthScheduler-Workers-0 | INFO  | PersistBlockTask | Block 335 (0x178fa4d773997e6e2c4656f5efb70730dd5aa48a418c1f16bbd2df583fc777e2) is already imported
2026-10-07 11:05:53.298+00:00 | BftProcessorExecutor-QBFT-0 | INFO  | QbftBesuControllerBuilder | Imported #336 / 0 tx / 0 pending / 0 (0.0%) gas / (0x32a7aabd145a716ad37a6c3ac593acd89d8c1e25e21d65d842e085af9537b5b2)
2026-10-07 11:05:53.298+00:00 | EthScheduler-Workers-0 | INFO  | PersistBlockTask | Block 336 (0x32a7aabd145a716ad37a6c3ac593acd89d8c1e25e21d65d842e085af9537b5b2) is already imported
2026-10-07 11:05:55.307+00:00 | BftProcessorExecutor-QBFT-0 | INFO  | QbftBesuControllerBuilder | Imported #337 / 0 tx / 0 pending / 0 (0.0%) gas / (0x948ca8b527388f6f5656221c544f60e36bd4b74a8fb9cf46b143fa3eafb736b3)
2026-10-07 11:05:57.305+00:00 | BftProcessorExecutor-QBFT-0 | INFO  | QbftBesuControllerBuilder | Imported #338 / 0 tx / 0 pending / 0 (0.0%) gas / (0xe822431c4ca33ecf8fafba688e92d8b962ac7516bb5f77f4ab694d93029ed64c)
2026-10-07 11:05:59.294+00:00 | EthScheduler-Workers-0 | INFO  | PersistBlockTask | Block 339 (0x66eecd9c96725c0d68135b1144f2985c09b4596a969dd1111eebf9870e70cc50) is already imported
2026-10-07 11:05:59.294+00:00 | BftProcessorExecutor-QBFT-0 | INFO  | QbftBesuControllerBuilder | Imported #339 / 0 tx / 0 pending / 0 (0.0%) gas / (0x66eecd9c96725c0d68135b1144f2985c09b4596a969dd1111eebf9870e70cc50)
2026-10-07 11:06:01.288+00:00 | BftProcessorExecutor-QBFT-0 | INFO  | QbftBesuControllerBuilder | Imported #340 / 0 tx / 0 pending / 0 (0.0%) gas / (0x78df3133f19cb007f2af947fc6a37e2eb1cba216af7d45e7413c43862d955cb2)
2026-10-07 11:06:03.302+00:00 | BftProcessorExecutor-QBFT-0 | INFO  | QbftBesuControllerBuilder | Imported #341 / 0 tx / 0 pending / 0 (0.0%) gas / (0x9cb94b741b322058860cd17ff225cab41aafddb7261b377fbb7a34f71ab73101)
2026-10-07 11:06:05.287+00:00 | BftProcessorExecutor-QBFT-0 | INFO  | QbftBesuControllerBuilder | Imported #342 / 0 tx / 0 pending / 0 (0.0%) gas / (0x5058df6f14ac6d4b60065e4013eb1b5a3e20be7cf30b3add181e422e9b15ddb2)
2026-10-07 11:06:05.287+00:00 | EthScheduler-Workers-0 | INFO  | PersistBlockTask | Block 342 (0x5058df6f14ac6d4b60065e4013eb1b5a3e20be7cf30b3add181e422e9b15ddb2) is already imported
2026-10-07 11:06:07.317+00:00 | BftProcessorExecutor-QBFT-0 | INFO  | QbftBesuControllerBuilder | Imported #343 / 0 tx / 0 pending / 0 (0.0%) gas / (0x923f8b3957502520fdb276f8d0781d882d39a564fe0fe2c1f9bb74f02a944df1)
2026-10-07 11:06:09.292+00:00 | BftProcessorExecutor-QBFT-0 | INFO  | QbftBesuControllerBuilder | Produced #344 / 0 tx / 0 pending / 0 (0.0%) gas / (0x467b2eb01cc19d47cbdbb15f27c8c46924a33c85f256ff45e261fa961fad4890)
2026-10-07 11:06:11.281+00:00 | EthScheduler-Workers-0 | INFO  | PersistBlockTask | Block 345 (0x6505e035e4fa0c8f4761f311aa739168f0dc04a43d29ed8bee1a58eb2af9d607) is already imported
2026-10-07 11:06:11.281+00:00 | BftProcessorExecutor-QBFT-0 | INFO  | QbftBesuControllerBuilder | Imported #345 / 0 tx / 0 pending / 0 (0.0%) gas / (0x6505e035e4fa0c8f4761f311aa739168f0dc04a43d29ed8bee1a58eb2af9d607)
2026-10-07 11:06:13.307+00:00 | BftProcessorExecutor-QBFT-0 | INFO  | QbftBesuControllerBuilder | Imported #346 / 0 tx / 0 pending / 0 (0.0%) gas / (0x4bc3d689f7c939c27c3626033d189e609cf96072dbb16ba138b27d41b65ecfd6)
2026-10-07 11:06:15.284+00:00 | BftProcessorExecutor-QBFT-0 | INFO  | QbftBesuControllerBuilder | Imported #347 / 0 tx / 0 pending / 0 (0.0%) gas / (0x9fc387626cf80574a998891d1a243011c63de4558c03de6118bdc4b2daa1b958)
2026-10-07 11:06:17.315+00:00 | BftProcessorExecutor-QBFT-0 | INFO  | QbftBesuControllerBuilder | Imported #348 / 0 tx / 0 pending / 0 (0.0%) gas / (0x92331f3be71dec9aec1f37bbcb6b98a0fbd7185368aa87747c3f73c65923d5ef)
2026-10-07 11:06:19.289+00:00 | BftProcessorExecutor-QBFT-0 | INFO  | QbftBesuControllerBuilder | Imported #349 / 0 tx / 0 pending / 0 (0.0%) gas / (0x197edc4a6af25f6c90fff2da2ed1f4449da5fdb68f00c98e4b3d49e18c4573bf)
2026-10-07 11:06:21.270+00:00 | BftProcessorExecutor-QBFT-0 | INFO  | QbftBesuControllerBuilder | Imported #350 / 0 tx / 0 pending / 0 (0.0%) gas / (0x00f2f1433e165d46a8a622ec400de0b2eb2e5541079ddd717265a9a11ad6f775)
2026-10-07 11:06:23.293+00:00 | BftProcessorExecutor-QBFT-0 | INFO  | QbftBesuControllerBuilder | Imported #351 / 0 tx / 0 pending / 0 (0.0%) gas / (0xb595104e39565feb2ba5534afef3a331108f3867224861c4fd0f8b121457c977)
2026-10-07 11:06:25.283+00:00 | BftProcessorExecutor-QBFT-0 | INFO  | QbftBesuControllerBuilder | Imported #352 / 0 tx / 0 pending / 0 (0.0%) gas / (0xbfde81a6192adec6d3c284143e622757631a7266fa05ae684f2c04e894b75d50)
2026-10-07 11:06:27.320+00:00 | EthScheduler-Workers-0 | INFO  | PersistBlockTask | Block 353 (0x23d9a257d32ac530df709ab8086f5ab425bf0664fc1a71dd350c60ea01196160) is already imported
2026-10-07 11:06:27.320+00:00 | BftProcessorExecutor-QBFT-0 | INFO  | QbftBesuControllerBuilder | Imported #353 / 0 tx / 0 pending / 0 (0.0%) gas / (0x23d9a257d32ac530df709ab8086f5ab425bf0664fc1a71dd350c60ea01196160)
2026-10-07 11:06:29.297+00:00 | BftProcessorExecutor-QBFT-0 | INFO  | QbftBesuControllerBuilder | Imported #354 / 0 tx / 0 pending / 0 (0.0%) gas / (0x5fab03251c86724d7d5f09f85372ef9c736378e15adadc77d728e8ab49d3dc2d)
2026-10-07 11:06:31.280+00:00 | EthScheduler-Workers-0 | INFO  | PersistBlockTask | Block 355 (0xc1194f773f3446ad5e0626603096958507203b3344dbc2da9b668e720d1529b0) is already imported
2026-10-07 11:06:31.280+00:00 | BftProcessorExecutor-QBFT-0 | INFO  | QbftBesuControllerBuilder | Imported #355 / 0 tx / 0 pending / 0 (0.0%) gas / (0xc1194f773f3446ad5e0626603096958507203b3344dbc2da9b668e720d1529b0)
2026-10-07 11:06:33.313+00:00 | BftProcessorExecutor-QBFT-0 | INFO  | QbftBesuControllerBuilder | Imported #356 / 0 tx / 0 pending / 0 (0.0%) gas / (0x5a06ba94139e403fe0eba393ddc3daafc4d5195f9e8ab3e7096ca48fc1773ba6)
2026-10-07 11:06:33.314+00:00 | EthScheduler-Workers-0 | INFO  | PersistBlockTask | Block 356 (0x5a06ba94139e403fe0eba393ddc3daafc4d5195f9e8ab3e7096ca48fc1773ba6) is already imported
2026-10-07 11:06:35.290+00:00 | BftProcessorExecutor-QBFT-0 | INFO  | QbftBesuControllerBuilder | Imported #357 / 0 tx / 0 pending / 0 (0.0%) gas / (0xa7ce2bee67f3d24f155bcecb98abbe7fa7ee21f40e08e40d264e7a33e3e6b036)
2026-10-07 11:06:37.308+00:00 | BftProcessorExecutor-QBFT-0 | INFO  | QbftBesuControllerBuilder | Imported #358 / 0 tx / 0 pending / 0 (0.0%) gas / (0x8786692f1193fba4c0f6e61028f1b457e4cf7b49b70196eea61f166cb26a1d2e)
2026-10-07 11:06:39.278+00:00 | EthScheduler-Workers-0 | INFO  | PersistBlockTask | Block 359 (0xba93b9ec71ff333412fae6fabc8d4fed6a18ab15850ebfc7ffc09e00fa071051) is already imported
2026-10-07 11:06:39.278+00:00 | BftProcessorExecutor-QBFT-0 | INFO  | QbftBesuControllerBuilder | Produced #359 / 0 tx / 0 pending / 0 (0.0%) gas / (0xba93b9ec71ff333412fae6fabc8d4fed6a18ab15850ebfc7ffc09e00fa071051)
2026-10-07 11:06:41.277+00:00 | BftProcessorExecutor-QBFT-0 | INFO  | QbftBesuControllerBuilder | Imported #360 / 0 tx / 0 pending / 0 (0.0%) gas / (0xe0d77b5713457911fca116325d9f3345c56c437d3b6c0de019f0a34bdabef1a4)
2026-10-07 11:06:43.287+00:00 | BftProcessorExecutor-QBFT-0 | INFO  | QbftBesuControllerBuilder | Imported #361 / 0 tx / 0 pending / 0 (0.0%) gas / (0x91fa7a6eeec3fd1424b7513e6f2ad9e2a30d87a7afc909523059646e4ec0182e)
2026-10-07 11:06:45.296+00:00 | BftProcessorExecutor-QBFT-0 | INFO  | QbftBesuControllerBuilder | Imported #362 / 0 tx / 0 pending / 0 (0.0%) gas / (0x5367e4b192fd630b5087c6c375c44f257f9f0ebbaca7775da33aba3b5658655a)
2026-10-07 11:06:45.297+00:00 | EthScheduler-Workers-0 | INFO  | PersistBlockTask | Block 362 (0x5367e4b192fd630b5087c6c375c44f257f9f0ebbaca7775da33aba3b5658655a) is already imported
2026-10-07 11:06:47.314+00:00 | EthScheduler-Workers-0 | INFO  | PersistBlockTask | Block 363 (0x5ebb4f4bd63d1a82437982e265cec70de7d793b70dac95a865430dce268832e8) is already imported
2026-10-07 11:06:47.314+00:00 | BftProcessorExecutor-QBFT-0 | INFO  | QbftBesuControllerBuilder | Imported #363 / 0 tx / 0 pending / 0 (0.0%) gas / (0x5ebb4f4bd63d1a82437982e265cec70de7d793b70dac95a865430dce268832e8)
2026-10-07 11:06:49.573+00:00 | BftProcessorExecutor-QBFT-0 | INFO  | QbftBesuControllerBuilder | Imported #364 / 15 tx / 375 pending / 3,629,550 (0.0%) gas / (0x1de3ef8518e727d8d5833e06e5ef73027b8179af4552f230a823636cf98ceba3)
2026-10-07 11:06:52.032+00:00 | EthScheduler-Workers-0 | INFO  | PersistBlockTask | Block 365 (0x71e6e6d40b08b49c9521bd1645cac04f93001888b3ecc8f81ba715c5d8c8f79a) is already imported
2026-10-07 11:06:52.033+00:00 | BftProcessorExecutor-QBFT-0 | INFO  | QbftBesuControllerBuilder | Imported #365 / 43 tx / 861 pending / 10,404,710 (0.0%) gas / (0x71e6e6d40b08b49c9521bd1645cac04f93001888b3ecc8f81ba715c5d8c8f79a)
2026-10-07 11:06:54.432+00:00 | BftProcessorExecutor-QBFT-0 | INFO  | QbftBesuControllerBuilder | Imported #366 / 77 tx / 1470 pending / 18,631,690 (0.0%) gas / (0x358b48f1bb75e26c700a5eca2279a5d6e576ee0e0477f27ef0b3feee219b8f0e)
2026-10-07 11:06:57.036+00:00 | BftProcessorExecutor-QBFT-0 | INFO  | QbftBesuControllerBuilder | Imported #367 / 123 tx / 2276 pending / 29,762,310 (0.0%) gas / (0x1c40161c7129e2f8e16083e7c1709849b8dbb48f8cbd48f9dfd314d2e2337116)
2026-10-07 11:06:59.751+00:00 | BftProcessorExecutor-QBFT-0 | INFO  | QbftBesuControllerBuilder | Imported #368 / 172 tx / 2994 pending / 41,618,840 (0.0%) gas / (0xaf850b2180f19bc8ef55076c13e105c08f83f4947d026e2b87307a9fbb00f33e)
2026-10-07 11:07:03.268+00:00 | BftProcessorExecutor-QBFT-0 | INFO  | QbftBesuControllerBuilder | Imported #369 / 233 tx / 4175 pending / 56,379,010 (0.0%) gas / (0x35c8358e3f88634287ee845e6d4fbcfaf43fdaf21cdc6361a9bcac900bd14e94)
2026-10-07 11:07:07.815+00:00 | BftProcessorExecutor-QBFT-0 | INFO  | QbftBesuControllerBuilder | Imported #370 / 326 tx / 5432 pending / 78,882,220 (0.0%) gas / (0x60020bcc3fdea768178d368ceecbdabe7219fc3b8fddbf637c7a18a21f7bd0ab)
2026-10-07 11:07:12.623+00:00 | BftProcessorExecutor-QBFT-0 | INFO  | QbftBesuControllerBuilder | Imported #371 / 332 tx / 6909 pending / 80,334,040 (0.0%) gas / (0x6b49a34c60500bdcb7824028c03780dd15f5a040df6c4e8264f8ce4d8111fdf2)
2026-10-07 11:07:17.693+00:00 | EthScheduler-Workers-0 | INFO  | PersistBlockTask | Block 372 (0xbe0809b2d0f9d7641ed5e38e9e0325b51c37d061caec4f27db802832a4e9a5e8) is already imported
2026-10-07 11:07:17.701+00:00 | BftProcessorExecutor-QBFT-0 | INFO  | QbftBesuControllerBuilder | Imported #372 / 338 tx / 8498 pending / 81,785,860 (0.0%) gas / (0xbe0809b2d0f9d7641ed5e38e9e0325b51c37d061caec4f27db802832a4e9a5e8)
2026-10-07 11:07:22.610+00:00 | BftProcessorExecutor-QBFT-0 | INFO  | QbftBesuControllerBuilder | Imported #373 / 358 tx / 9729 pending / 86,625,260 (0.0%) gas / (0x74d3b1d46e185ac801eff0d6d3c11f03463338f445a69e638648f83bbc67d786)
2026-10-07 11:07:24.116+00:00 | BftProcessorExecutor-QBFT-0 | WARN  | BlockTransactionSelector | Interrupting the selection of transactions for block inclusion as it exceeds the maximum configured duration of 1500ms
java.util.concurrent.TimeoutException
	at java.base/java.util.concurrent.CompletableFuture.timedGet(CompletableFuture.java:1960)
	at java.base/java.util.concurrent.CompletableFuture.get(CompletableFuture.java:2095)
	at org.hyperledger.besu.ethereum.blockcreation.txselection.BlockTransactionSelector.timeLimitedSelection(BlockTransactionSelector.java:186)
	at org.hyperledger.besu.ethereum.blockcreation.txselection.BlockTransactionSelector.buildTransactionListForBlock(BlockTransactionSelector.java:169)
	at org.hyperledger.besu.ethereum.blockcreation.AbstractBlockCreator.selectTransactions(AbstractBlockCreator.java:376)
	at org.hyperledger.besu.ethereum.blockcreation.AbstractBlockCreator.createBlock(AbstractBlockCreator.java:218)
	at org.hyperledger.besu.ethereum.blockcreation.AbstractBlockCreator.createBlock(AbstractBlockCreator.java:146)
	at org.hyperledger.besu.consensus.common.bft.blockcreation.BftBlockCreator.createBlock(BftBlockCreator.java:92)
	at org.hyperledger.besu.consensus.qbft.statemachine.QbftRound.createAndSendProposalMessage(QbftRound.java:137)
	at org.hyperledger.besu.consensus.qbft.statemachine.QbftBlockHeightManager.handleBlockTimerExpiry(QbftBlockHeightManager.java:140)
	at org.hyperledger.besu.consensus.common.bft.statemachine.BaseBftController.handleBlockTimerExpiry(BaseBftController.java:167)
	at org.hyperledger.besu.consensus.common.bft.EventMultiplexer.handleBftEvent(EventMultiplexer.java:65)
	at java.base/java.util.Optional.ifPresent(Optional.java:178)
	at org.hyperledger.besu.consensus.common.bft.BftProcessor.run(BftProcessor.java:65)
	at java.base/java.util.concurrent.ThreadPoolExecutor.runWorker(ThreadPoolExecutor.java:1144)
	at java.base/java.util.concurrent.ThreadPoolExecutor$Worker.run(ThreadPoolExecutor.java:642)
	at java.base/java.lang.Thread.run(Thread.java:1583)
2026-10-07 11:07:27.660+00:00 | BftProcessorExecutor-QBFT-0 | INFO  | QbftBesuControllerBuilder | Produced #374 / 364 tx / 11078 pending / 88,077,080 (0.0%) gas / (0xb9ad87fb0e8125efcdd246d4b4681e3cf4c771aa85a68237381a935c8e496ba5)
2026-10-07 11:07:32.524+00:00 | BftProcessorExecutor-QBFT-0 | INFO  | QbftBesuControllerBuilder | Imported #375 / 341 tx / 12721 pending / 82,511,770 (0.0%) gas / (0xe354122f3bca210963307e1130ae20bb53b0926c5381cb95910635aadae3721d)
2026-10-07 11:07:37.375+00:00 | BftProcessorExecutor-QBFT-0 | INFO  | QbftBesuControllerBuilder | Imported #376 / 340 tx / 13322 pending / 82,269,800 (0.0%) gas / (0x2c374385a18ded920e70ba43c80ca0e489c891d7dd03cf88a2295523cd04bafb)
2026-10-07 11:07:42.454+00:00 | BftProcessorExecutor-QBFT-0 | INFO  | QbftBesuControllerBuilder | Imported #377 / 347 tx / 12975 pending / 83,963,590 (0.0%) gas / (0xb12b8a5fe055cc9ef67aab3399418a5ddff04447adc6d05de52b56e9e119b42e)
2026-10-07 11:07:47.409+00:00 | BftProcessorExecutor-QBFT-0 | INFO  | QbftBesuControllerBuilder | Imported #378 / 328 tx / 12647 pending / 79,366,160 (0.0%) gas / (0x441c1eb5ffee75073f5f7a131127c2d26738034c3165b2438e221fa5b443c9ed)
2026-10-07 11:07:52.350+00:00 | BftProcessorExecutor-QBFT-0 | INFO  | QbftBesuControllerBuilder | Imported #379 / 332 tx / 12315 pending / 80,334,040 (0.0%) gas / (0x9835123ff14bb1ef6664f9c360651f0dbc037f46f6b65aeeca06e124cfa81192)
2026-10-07 11:07:57.663+00:00 | EthScheduler-Workers-0 | INFO  | PersistBlockTask | Block 380 (0x2757f91be8d4bef97b180f761f58f5b5386c31dda88cb0cd66307470b4c37fe3) is already imported
2026-10-07 11:07:57.671+00:00 | BftProcessorExecutor-QBFT-0 | INFO  | QbftBesuControllerBuilder | Imported #380 / 345 tx / 11970 pending / 83,479,650 (0.0%) gas / (0x2757f91be8d4bef97b180f761f58f5b5386c31dda88cb0cd66307470b4c37fe3)
2026-10-07 11:08:02.637+00:00 | BftProcessorExecutor-QBFT-0 | INFO  | QbftBesuControllerBuilder | Imported #381 / 350 tx / 11620 pending / 84,689,500 (0.0%) gas / (0x389cdcca6b84084539d6a600042ecb11e5c2981164845e5ef58511ccc3124b65)
2026-10-07 11:08:07.735+00:00 | BftProcessorExecutor-QBFT-0 | INFO  | QbftBesuControllerBuilder | Imported #382 / 347 tx / 11273 pending / 83,963,590 (0.0%) gas / (0x78a90047256a1d68d0224dcfae4b4fcce130a76df592128607bdd5e9f9f25843)
2026-10-07 11:08:12.950+00:00 | BftProcessorExecutor-QBFT-0 | INFO  | QbftBesuControllerBuilder | Imported #383 / 350 tx / 10923 pending / 84,689,500 (0.0%) gas / (0xc9dbbae49c17d4e5fb38e2c63e276a8b05009fc150c7a0b77ca5acd02afe6b35)
2026-10-07 11:08:18.057+00:00 | BftProcessorExecutor-QBFT-0 | INFO  | QbftBesuControllerBuilder | Imported #384 / 346 tx / 10577 pending / 83,721,620 (0.0%) gas / (0x14ab580cecc10ea145026f86d9fb45694709df299e3f96fa72520d3d57901212)
2026-10-07 11:08:23.234+00:00 | BftProcessorExecutor-QBFT-0 | INFO  | QbftBesuControllerBuilder | Imported #385 / 359 tx / 10218 pending / 86,867,230 (0.0%) gas / (0x2e0ebb2cdeaaa46aba1abe24b57f75f616e242b39fcb37aab1e3088639e6a510)
2026-10-07 11:08:28.381+00:00 | BftProcessorExecutor-QBFT-0 | INFO  | QbftBesuControllerBuilder | Imported #386 / 350 tx / 9868 pending / 84,689,500 (0.0%) gas / (0x39d2b5431ceeb0379de21a76339e8abeb3ae5ad2e42e0ce65adaf89d8b61a822)
2026-10-07 11:08:33.374+00:00 | EthScheduler-Workers-0 | INFO  | PersistBlockTask | Block 387 (0xa604495853d94257e6455f1b92096a57cf278338651313850b73ce5c2e6c3e7f) is already imported
2026-10-07 11:08:33.377+00:00 | BftProcessorExecutor-QBFT-0 | INFO  | QbftBesuControllerBuilder | Imported #387 / 339 tx / 9529 pending / 82,027,830 (0.0%) gas / (0xa604495853d94257e6455f1b92096a57cf278338651313850b73ce5c2e6c3e7f)
2026-10-07 11:08:38.601+00:00 | BftProcessorExecutor-QBFT-0 | INFO  | QbftBesuControllerBuilder | Imported #388 / 362 tx / 9167 pending / 87,593,140 (0.0%) gas / (0x30868a8860ce4f18f3bcbee74422a8e3dfd075edd7b145c704bbf77694413dfe)
2026-10-07 11:08:40.110+00:00 | BftProcessorExecutor-QBFT-0 | WARN  | BlockTransactionSelector | Interrupting the selection of transactions for block inclusion as it exceeds the maximum configured duration of 1500ms
java.util.concurrent.TimeoutException
	at java.base/java.util.concurrent.CompletableFuture.timedGet(CompletableFuture.java:1960)
	at java.base/java.util.concurrent.CompletableFuture.get(CompletableFuture.java:2095)
	at org.hyperledger.besu.ethereum.blockcreation.txselection.BlockTransactionSelector.timeLimitedSelection(BlockTransactionSelector.java:186)
	at org.hyperledger.besu.ethereum.blockcreation.txselection.BlockTransactionSelector.buildTransactionListForBlock(BlockTransactionSelector.java:169)
	at org.hyperledger.besu.ethereum.blockcreation.AbstractBlockCreator.selectTransactions(AbstractBlockCreator.java:376)
	at org.hyperledger.besu.ethereum.blockcreation.AbstractBlockCreator.createBlock(AbstractBlockCreator.java:218)
	at org.hyperledger.besu.ethereum.blockcreation.AbstractBlockCreator.createBlock(AbstractBlockCreator.java:146)
	at org.hyperledger.besu.consensus.common.bft.blockcreation.BftBlockCreator.createBlock(BftBlockCreator.java:92)
	at org.hyperledger.besu.consensus.qbft.statemachine.QbftRound.createAndSendProposalMessage(QbftRound.java:137)
	at org.hyperledger.besu.consensus.qbft.statemachine.QbftBlockHeightManager.handleBlockTimerExpiry(QbftBlockHeightManager.java:140)
	at org.hyperledger.besu.consensus.common.bft.statemachine.BaseBftController.handleBlockTimerExpiry(BaseBftController.java:167)
	at org.hyperledger.besu.consensus.common.bft.EventMultiplexer.handleBftEvent(EventMultiplexer.java:65)
	at java.base/java.util.Optional.ifPresent(Optional.java:178)
	at org.hyperledger.besu.consensus.common.bft.BftProcessor.run(BftProcessor.java:65)
	at java.base/java.util.concurrent.ThreadPoolExecutor.runWorker(ThreadPoolExecutor.java:1144)
	at java.base/java.util.concurrent.ThreadPoolExecutor$Worker.run(ThreadPoolExecutor.java:642)
	at java.base/java.lang.Thread.run(Thread.java:1583)
2026-10-07 11:08:43.825+00:00 | BftProcessorExecutor-QBFT-0 | INFO  | QbftBesuControllerBuilder | Produced #389 / 361 tx / 8806 pending / 87,351,170 (0.0%) gas / (0x9afe9229a19d26bde5e45864252758686501761d37b2b42d8674734bb3e27e0d)
2026-10-07 11:08:48.697+00:00 | BftProcessorExecutor-QBFT-0 | INFO  | QbftBesuControllerBuilder | Imported #390 / 343 tx / 8463 pending / 82,995,710 (0.0%) gas / (0xd0b367964a7e386dcba485fc3e647676d1f60c2327f097ffb8a8cd24a3e594cf)
2026-10-07 11:08:53.867+00:00 | EthScheduler-Workers-0 | INFO  | PersistBlockTask | Block 391 (0x5ea09c52013482c49ebb35d916a624daa5e119357706fcb90ef36e0b5f117b86) is already imported
2026-10-07 11:08:53.870+00:00 | BftProcessorExecutor-QBFT-0 | INFO  | QbftBesuControllerBuilder | Imported #391 / 348 tx / 8115 pending / 84,205,560 (0.0%) gas / (0x5ea09c52013482c49ebb35d916a624daa5e119357706fcb90ef36e0b5f117b86)
2026-10-07 11:08:58.915+00:00 | BftProcessorExecutor-QBFT-0 | INFO  | QbftBesuControllerBuilder | Imported #392 / 348 tx / 7767 pending / 84,205,560 (0.0%) gas / (0x02d082f5c5ae4c09f6f93c51abedaa07bffba6d40d1ee7d10fce4c0822a7d261)
2026-10-07 11:09:03.997+00:00 | BftProcessorExecutor-QBFT-0 | INFO  | QbftBesuControllerBuilder | Imported #393 / 349 tx / 7418 pending / 84,447,530 (0.0%) gas / (0x18618c44e595aeb9b44ffae6d65ed12d0d55cb42e62c8c7a73e5c9808a523d7e)
2026-10-07 11:09:08.969+00:00 | BftProcessorExecutor-QBFT-0 | INFO  | QbftBesuControllerBuilder | Imported #394 / 336 tx / 7082 pending / 81,301,920 (0.0%) gas / (0xd9338e9b4d591bbfb0db4e82b06f62879a6e55dc98f3b2b4301334ef2b00233d)
2026-10-07 11:09:13.993+00:00 | BftProcessorExecutor-QBFT-0 | INFO  | QbftBesuControllerBuilder | Imported #395 / 348 tx / 6734 pending / 84,205,560 (0.0%) gas / (0xf5f03f4f2457c6e8470071009e69f2d99901faa391f46ef1b8a2688b2ef0bad9)
2026-10-07 11:09:19.040+00:00 | BftProcessorExecutor-QBFT-0 | INFO  | QbftBesuControllerBuilder | Imported #396 / 346 tx / 6388 pending / 83,721,620 (0.0%) gas / (0xbf047626dddfa633bcac25e4d40541462817dfd28120f96486c2d7110f8bbb48)
2026-10-07 11:09:24.117+00:00 | BftProcessorExecutor-QBFT-0 | INFO  | QbftBesuControllerBuilder | Imported #397 / 347 tx / 6041 pending / 83,963,590 (0.0%) gas / (0x267015c60c86a41b1ef546534b43cbd0cd01cd371ad8ee3d52e1d4c437103d9a)
2026-10-07 11:09:29.159+00:00 | BftProcessorExecutor-QBFT-0 | INFO  | QbftBesuControllerBuilder | Imported #398 / 345 tx / 6041 pending / 83,479,650 (0.0%) gas / (0x65b34dabea1d5da15ab39beb4299cb2acbb6fc9812c1b81b4f7fceeb95e001c2)
2026-10-07 11:09:34.157+00:00 | BftProcessorExecutor-QBFT-0 | INFO  | QbftBesuControllerBuilder | Imported #399 / 324 tx / 5372 pending / 78,398,280 (0.0%) gas / (0xcd3f93c35e6d7eca4dc30bc1820db1b9debddc40439b7beb13eb25c2461364ad)
2026-10-07 11:09:39.196+00:00 | BftProcessorExecutor-QBFT-0 | INFO  | QbftBesuControllerBuilder | Imported #400 / 369 tx / 5003 pending / 89,286,930 (0.0%) gas / (0x1fce5e0b6a2d3d5f1dd37dd57474249e923cfa12444c0dce8feed89d5cd07e49)
2026-10-07 11:09:44.281+00:00 | BftProcessorExecutor-QBFT-0 | INFO  | QbftBesuControllerBuilder | Imported #401 / 347 tx / 4656 pending / 83,963,590 (0.0%) gas / (0xf6390d8daef09af13a0a098e25e9aee87fbf8aee4ecc5755a533ee6e9e0e2ffd)
2026-10-07 11:09:49.315+00:00 | EthScheduler-Workers-0 | INFO  | PersistBlockTask | Block 402 (0x24f691017a55704f3f990065641ce23a336238058e58cc1c9bae2896070b0abd) is already imported
2026-10-07 11:09:49.318+00:00 | BftProcessorExecutor-QBFT-0 | INFO  | QbftBesuControllerBuilder | Imported #402 / 347 tx / 4309 pending / 83,963,590 (0.0%) gas / (0x24f691017a55704f3f990065641ce23a336238058e58cc1c9bae2896070b0abd)
2026-10-07 11:09:54.597+00:00 | BftProcessorExecutor-QBFT-0 | INFO  | QbftBesuControllerBuilder | Imported #403 / 368 tx / 3941 pending / 89,044,960 (0.0%) gas / (0x33fbb39cb03ce6d7591c0b552df37daf716a9099cc22ba757245d60562c1400a)
2026-10-07 11:09:59.761+00:00 | BftProcessorExecutor-QBFT-0 | INFO  | QbftBesuControllerBuilder | Produced #404 / 364 tx / 3577 pending / 88,077,080 (0.0%) gas / (0x421f0b8d6f3e22aad3ef047c1924cf8717bb8bb812efc62cf60f79f0f7b16e28)
2026-10-07 11:10:04.752+00:00 | BftProcessorExecutor-QBFT-0 | INFO  | QbftBesuControllerBuilder | Imported #405 / 345 tx / 3232 pending / 83,479,650 (0.0%) gas / (0x11273e3b66ebaadf49059373b34426fd2153438fbd751c01c5ec7c0ed6d215b0)
2026-10-07 11:10:09.763+00:00 | BftProcessorExecutor-QBFT-0 | INFO  | QbftBesuControllerBuilder | Imported #406 / 343 tx / 2889 pending / 82,995,710 (0.0%) gas / (0x7d17d9efa1749177c6ad077eb21fb8a0e2008fb07672a1592e281d0cc7f467c1)
2026-10-07 11:10:14.878+00:00 | BftProcessorExecutor-QBFT-0 | INFO  | QbftBesuControllerBuilder | Imported #407 / 350 tx / 2539 pending / 84,689,500 (0.0%) gas / (0xedbfc0938b2c26ea958c5d045e27ed4d4f08f02b546851fb7750d52b464beae0)
2026-10-07 11:10:19.942+00:00 | BftProcessorExecutor-QBFT-0 | INFO  | QbftBesuControllerBuilder | Imported #408 / 348 tx / 2191 pending / 84,205,560 (0.0%) gas / (0x5319d4156493b243ec3f065184996d189e804ebb1fc5f1880c5c3dace5c903ec)
2026-10-07 11:10:25.058+00:00 | BftProcessorExecutor-QBFT-0 | INFO  | QbftBesuControllerBuilder | Imported #409 / 348 tx / 1843 pending / 84,205,560 (0.0%) gas / (0x85d6a5343e7ef22a7a9708f265c13226de6f6c834448da41775f9094a571bb4c)
2026-10-07 11:10:30.051+00:00 | BftProcessorExecutor-QBFT-0 | INFO  | QbftBesuControllerBuilder | Imported #410 / 347 tx / 1496 pending / 83,963,590 (0.0%) gas / (0x691b8edc1db48061eb9157c25e4bb721f6a804ca9fea310ee9d08a3216292958)
2026-10-07 11:10:34.658+00:00 | BftProcessorExecutor-QBFT-0 | INFO  | QbftBesuControllerBuilder | Imported #411 / 317 tx / 1179 pending / 76,704,490 (0.0%) gas / (0xe1a527a003f2283f06c84c01ae6ad5e824a56a9f3b6facc4f49b263e01f0b7ff)
2026-10-07 11:10:38.805+00:00 | BftProcessorExecutor-QBFT-0 | INFO  | QbftBesuControllerBuilder | Imported #412 / 273 tx / 906 pending / 66,057,810 (0.0%) gas / (0xe3df04f7285f6e5c744db18390085607f65a646b7f5a5f64ffefffab42209378)
2026-10-07 11:10:42.277+00:00 | BftProcessorExecutor-QBFT-0 | INFO  | QbftBesuControllerBuilder | Imported #413 / 223 tx / 683 pending / 53,959,310 (0.0%) gas / (0xb2f7ec682794d7de97137eb231a403941f4bac45db6cf19ee63d3abcd32c29ba)
2026-10-07 11:10:45.191+00:00 | EthScheduler-Workers-0 | INFO  | PersistBlockTask | Block 414 (0x1a5b09e68ea4a1b6ef42fd86f7516d67588439d8d0adbf63e3278ab8b620d2c0) is already imported
2026-10-07 11:10:45.192+00:00 | BftProcessorExecutor-QBFT-0 | INFO  | QbftBesuControllerBuilder | Imported #414 / 186 tx / 497 pending / 45,006,420 (0.0%) gas / (0x1a5b09e68ea4a1b6ef42fd86f7516d67588439d8d0adbf63e3278ab8b620d2c0)
2026-10-07 11:10:45.912+00:00 | BftProcessorExecutor-QBFT-0 | INFO  | QbftBesuControllerBuilder | Imported #415 / 35 tx / 462 pending / 8,468,950 (0.0%) gas / (0x0e45199ae762a9dd695b6097edc9021df03dd99888f10348ff38f38003a01c13)
2026-10-07 11:10:48.220+00:00 | BftProcessorExecutor-QBFT-0 | INFO  | QbftBesuControllerBuilder | Imported #416 / 60 tx / 402 pending / 14,518,200 (0.0%) gas / (0x37d533419174660c9820984b06e375500dbdbc510bc924f425833ff8b25b6f5e)
2026-10-07 11:10:48.220+00:00 | EthScheduler-Workers-0 | INFO  | PersistBlockTask | Block 416 (0x37d533419174660c9820984b06e375500dbdbc510bc924f425833ff8b25b6f5e) is already imported
2026-10-07 11:10:50.268+00:00 | BftProcessorExecutor-QBFT-0 | INFO  | QbftBesuControllerBuilder | Imported #417 / 65 tx / 337 pending / 15,728,050 (0.0%) gas / (0x6df29da89d48f8488a2eef4697b63f8c5015dc9dac0cfcf04bac77150a4e1cd0)
2026-10-07 11:10:51.345+00:00 | BftProcessorExecutor-QBFT-0 | INFO  | QbftBesuControllerBuilder | Imported #418 / 1 tx / 336 pending / 241,970 (0.0%) gas / (0xeabbe21d44224031e6f15899e51160ab0969151add9e62b0a5a3fc5470961fad)
2026-10-07 11:10:53.293+00:00 | BftProcessorExecutor-QBFT-0 | INFO  | QbftBesuControllerBuilder | Produced #419 / 0 tx / 336 pending / 0 (0.0%) gas / (0x2ef9e871362fa5776c0dea8c3148888f5b9c58ec0694557cdff21b7d2427f02c)
2026-10-07 11:10:56.278+00:00 | BftProcessorExecutor-QBFT-0 | INFO  | QbftBesuControllerBuilder | Imported #420 / 69 tx / 267 pending / 16,695,930 (0.0%) gas / (0xba56384d3ab3583b98eb4cbc5f9936053db240f1151917359c62ec6ad0f85cbb)
2026-10-07 11:10:58.236+00:00 | EthScheduler-Workers-0 | INFO  | PersistBlockTask | Block 421 (0x7ada593d139b553b552648dacdeaa96152ec8b07b4d76bf2759d8c95c6132e26) is already imported
2026-10-07 11:10:58.237+00:00 | BftProcessorExecutor-QBFT-0 | INFO  | QbftBesuControllerBuilder | Imported #421 / 67 tx / 200 pending / 16,211,990 (0.0%) gas / (0x7ada593d139b553b552648dacdeaa96152ec8b07b4d76bf2759d8c95c6132e26)
2026-10-07 11:11:00.035+00:00 | EthScheduler-Workers-0 | INFO  | PersistBlockTask | Block 422 (0x674ac7555eca867696dc229e5705eb7672d39c2cff9b12c959c5c69972ca928b) is already imported
2026-10-07 11:11:00.035+00:00 | BftProcessorExecutor-QBFT-0 | INFO  | QbftBesuControllerBuilder | Imported #422 / 53 tx / 155 pending / 12,824,410 (0.0%) gas / (0x674ac7555eca867696dc229e5705eb7672d39c2cff9b12c959c5c69972ca928b)
2026-10-07 11:11:02.326+00:00 | EthScheduler-Workers-0 | INFO  | PersistBlockTask | Block 423 (0x9d28487543245a836297ef3f002b6ae7936f94d1ca1fd1a36366fc79d577921b) is already imported
2026-10-07 11:11:02.326+00:00 | BftProcessorExecutor-QBFT-0 | INFO  | QbftBesuControllerBuilder | Imported #423 / 74 tx / 81 pending / 17,817,440 (0.0%) gas / (0x9d28487543245a836297ef3f002b6ae7936f94d1ca1fd1a36366fc79d577921b)
2026-10-07 11:11:04.355+00:00 | BftProcessorExecutor-QBFT-0 | INFO  | QbftBesuControllerBuilder | Imported #424 / 68 tx / 13 pending / 16,365,608 (0.0%) gas / (0xf7dbfa2da276d1dbe659bfa3a013192e2a54c8959b4c36e300c2283eced36559)
2026-10-07 11:11:04.355+00:00 | EthScheduler-Workers-0 | INFO  | PersistBlockTask | Block 424 (0xf7dbfa2da276d1dbe659bfa3a013192e2a54c8959b4c36e300c2283eced36559) is already imported
2026-10-07 11:11:05.488+00:00 | BftProcessorExecutor-QBFT-0 | INFO  | QbftBesuControllerBuilder | Imported #425 / 8 tx / 5 pending / 1,847,428 (0.0%) gas / (0x8c2f8a9e925f11cd47a1c114a95323a8ab06fa36f73cf87ed50a458f90793c0e)
2026-10-07 11:11:05.488+00:00 | EthScheduler-Workers-0 | INFO  | PersistBlockTask | Block 425 (0x8c2f8a9e925f11cd47a1c114a95323a8ab06fa36f73cf87ed50a458f90793c0e) is already imported
2026-10-07 11:11:07.308+00:00 | BftProcessorExecutor-QBFT-0 | INFO  | QbftBesuControllerBuilder | Imported #426 / 1 tx / 4 pending / 153,606 (0.0%) gas / (0xbae523c493e7db02e5e5a0b78333fa35722bc7c3152c3f8d12dd7f1107d34bf5)
2026-10-07 11:11:09.313+00:00 | BftProcessorExecutor-QBFT-0 | INFO  | QbftBesuControllerBuilder | Imported #427 / 1 tx / 3 pending / 153,630 (0.0%) gas / (0xb16b6b97e13e493e35fc5226f629eea48ff8f324e2695ddca5374f4cba70b188)
2026-10-07 11:11:11.327+00:00 | BftProcessorExecutor-QBFT-0 | INFO  | QbftBesuControllerBuilder | Imported #428 / 0 tx / 3 pending / 0 (0.0%) gas / (0xe8834acddf105d9eb35dfacba8ea921d386fb2fbf72f1f999f6f1a42af0e8fa6)
2026-10-07 11:11:13.299+00:00 | EthScheduler-Workers-0 | INFO  | PersistBlockTask | Block 429 (0x5462495375271f5ea05ef429f45e00f5ac03e1df286da0029fddd1855eff80f3) is already imported
2026-10-07 11:11:13.300+00:00 | BftProcessorExecutor-QBFT-0 | INFO  | QbftBesuControllerBuilder | Imported #429 / 0 tx / 3 pending / 0 (0.0%) gas / (0x5462495375271f5ea05ef429f45e00f5ac03e1df286da0029fddd1855eff80f3)
2026-10-07 11:11:15.298+00:00 | BftProcessorExecutor-QBFT-0 | INFO  | QbftBesuControllerBuilder | Imported #430 / 0 tx / 3 pending / 0 (0.0%) gas / (0x8d79ddad099df7a42eab80a955a6a571c4d18e4a83b713ff405a6c7920432061)
2026-10-07 11:11:17.303+00:00 | BftProcessorExecutor-QBFT-0 | INFO  | QbftBesuControllerBuilder | Imported #431 / 0 tx / 3 pending / 0 (0.0%) gas / (0x1f715e51b55f2449de5469223d2cac40ea5068cf74240a8b1f628731334f4075)
2026-10-07 11:11:19.294+00:00 | BftProcessorExecutor-QBFT-0 | INFO  | QbftBesuControllerBuilder | Imported #432 / 0 tx / 3 pending / 0 (0.0%) gas / (0xfb56eb81570dd2ee07cba0e06bfede95ecb7ad9674fa59ded81b92b6b6c10e75)
2026-10-07 11:11:21.326+00:00 | BftProcessorExecutor-QBFT-0 | INFO  | QbftBesuControllerBuilder | Imported #433 / 0 tx / 3 pending / 0 (0.0%) gas / (0x9a8df941338f3e9361f0fccbe367e358b5c04805537dfa7b19821ecb548c28e9)
2026-10-07 11:11:23.291+00:00 | BftProcessorExecutor-QBFT-0 | INFO  | QbftBesuControllerBuilder | Produced #434 / 0 tx / 3 pending / 0 (0.0%) gas / (0x86bb16143e8b40cbbc8ecdab97d47faf80f2ec7109bf4981669312ad2acf56ef)
2026-10-07 11:11:25.297+00:00 | BftProcessorExecutor-QBFT-0 | INFO  | QbftBesuControllerBuilder | Imported #435 / 1 tx / 2 pending / 153,650 (0.0%) gas / (0x0b1c9daced24d9b4a5dab1539f3321adfa5d0707b64359282f27e190029c372f)
2026-10-07 11:11:27.313+00:00 | BftProcessorExecutor-QBFT-0 | INFO  | QbftBesuControllerBuilder | Imported #436 / 1 tx / 1 pending / 153,650 (0.0%) gas / (0x355c009ff098c29e305153f4ba78e6d410f65424b0e6fd9fbecd4a0279b419da)
2026-10-07 11:11:29.321+00:00 | BftProcessorExecutor-QBFT-0 | INFO  | QbftBesuControllerBuilder | Imported #437 / 1 tx / 0 pending / 153,630 (0.0%) gas / (0x8871e16da04ae36b9220f932ec0e897f7403c530bd2b0ee24bb48cd142d13561)
2026-10-07 11:11:31.324+00:00 | BftProcessorExecutor-QBFT-0 | INFO  | QbftBesuControllerBuilder | Imported #438 / 0 tx / 0 pending / 0 (0.0%) gas / (0xd6025fce555add6daad02b8053c073204a9ef23c92949b898237277aff1309cb)
2026-10-07 11:11:33.301+00:00 | BftProcessorExecutor-QBFT-0 | INFO  | QbftBesuControllerBuilder | Imported #439 / 0 tx / 0 pending / 0 (0.0%) gas / (0xa39bfd4ac95cc81bcbec397ea3f44442d09bf6d1cca05294838a4738f147560b)
2026-10-07 11:11:35.277+00:00 | BftProcessorExecutor-QBFT-0 | INFO  | QbftBesuControllerBuilder | Imported #440 / 0 tx / 0 pending / 0 (0.0%) gas / (0x55131181bec690f439ffcdf3e192534679e068c06f9c4500bc1be891f430c1a7)
2026-10-07 11:11:35.279+00:00 | EthScheduler-Workers-0 | INFO  | PersistBlockTask | Block 440 (0x55131181bec690f439ffcdf3e192534679e068c06f9c4500bc1be891f430c1a7) is already imported
2026-10-07 11:11:37.294+00:00 | BftProcessorExecutor-QBFT-0 | INFO  | QbftBesuControllerBuilder | Imported #441 / 0 tx / 0 pending / 0 (0.0%) gas / (0x7bfe87c8cb8342ae6538a4d09c7233acfb34b87e986e884635a23fe44283b3b1)
2026-10-07 11:11:39.304+00:00 | BftProcessorExecutor-QBFT-0 | INFO  | QbftBesuControllerBuilder | Imported #442 / 0 tx / 0 pending / 0 (0.0%) gas / (0xa77da1f3c9bd3035d1e5d2d4dab202db5e5cac4e9d572cbdec0379497978c41e)
2026-10-07 11:11:41.316+00:00 | BftProcessorExecutor-QBFT-0 | INFO  | QbftBesuControllerBuilder | Imported #443 / 0 tx / 0 pending / 0 (0.0%) gas / (0xd2ea6638a27e0d9c4edba9c406bc52bb229970672591ba4cf2d880f303a47612)
2026-10-07 11:11:41.316+00:00 | EthScheduler-Workers-0 | INFO  | PersistBlockTask | Block 443 (0xd2ea6638a27e0d9c4edba9c406bc52bb229970672591ba4cf2d880f303a47612) is already imported
2026-10-07 11:11:43.293+00:00 | BftProcessorExecutor-QBFT-0 | INFO  | QbftBesuControllerBuilder | Imported #444 / 0 tx / 0 pending / 0 (0.0%) gas / (0xb0a86e52c2d34cbfe5fb05e6f5b00514ba063f5925daf6d8b2231b23581f8a34)
2026-10-07 11:11:45.283+00:00 | BftProcessorExecutor-QBFT-0 | INFO  | QbftBesuControllerBuilder | Imported #445 / 0 tx / 0 pending / 0 (0.0%) gas / (0x2b1a051b1768c49617a73a148c809e656454d344aff136a6e497e54059af94ad)
2026-10-07 11:11:47.293+00:00 | BftProcessorExecutor-QBFT-0 | INFO  | QbftBesuControllerBuilder | Imported #446 / 0 tx / 0 pending / 0 (0.0%) gas / (0x357d66b4e63f325bfe8c0a0ef1ace0245285582977dd3f293c60115bcf08399c)
2026-10-07 11:11:49.283+00:00 | BftProcessorExecutor-QBFT-0 | INFO  | QbftBesuControllerBuilder | Imported #447 / 0 tx / 0 pending / 0 (0.0%) gas / (0x5b3d6929e939838f0392e8ed7a2c25d84f669380b80aab0ef3ec4a1d81b2158a)
2026-10-07 11:11:49.285+00:00 | EthScheduler-Workers-0 | INFO  | PersistBlockTask | Block 447 (0x5b3d6929e939838f0392e8ed7a2c25d84f669380b80aab0ef3ec4a1d81b2158a) is already imported
2026-10-07 11:11:51.318+00:00 | EthScheduler-Workers-0 | INFO  | PersistBlockTask | Block 448 (0x83bae5d00aee177f76131ef011d46c67ad19d67c83f3e891fbd17e8f4aa030e3) is already imported
2026-10-07 11:11:51.318+00:00 | BftProcessorExecutor-QBFT-0 | INFO  | QbftBesuControllerBuilder | Imported #448 / 0 tx / 0 pending / 0 (0.0%) gas / (0x83bae5d00aee177f76131ef011d46c67ad19d67c83f3e891fbd17e8f4aa030e3)
2026-10-07 11:11:53.280+00:00 | BftProcessorExecutor-QBFT-0 | INFO  | QbftBesuControllerBuilder | Produced #449 / 0 tx / 0 pending / 0 (0.0%) gas / (0x49e9462768cec908ddac2575c897f0c1081ccbd834adf10f295a61b6e08403ec)
2026-10-07 11:11:53.281+00:00 | EthScheduler-Workers-0 | INFO  | PersistBlockTask | Block 449 (0x49e9462768cec908ddac2575c897f0c1081ccbd834adf10f295a61b6e08403ec) is already imported
2026-10-07 11:11:55.278+00:00 | BftProcessorExecutor-QBFT-0 | INFO  | QbftBesuControllerBuilder | Imported #450 / 0 tx / 0 pending / 0 (0.0%) gas / (0x99f60fad1a5c613ea7bfccee5b69fe5dc51ca43070dd524b3be15b9b928ea84e)
2026-10-07 11:11:55.281+00:00 | EthScheduler-Workers-0 | INFO  | PersistBlockTask | Block 450 (0x99f60fad1a5c613ea7bfccee5b69fe5dc51ca43070dd524b3be15b9b928ea84e) is already imported
2026-10-07 11:11:57.292+00:00 | BftProcessorExecutor-QBFT-0 | INFO  | QbftBesuControllerBuilder | Imported #451 / 0 tx / 0 pending / 0 (0.0%) gas / (0x20f932a8faf92113b134b603d43d4c6245dd737ff39752fc23f01885285181c1)
2026-10-07 11:11:59.289+00:00 | BftProcessorExecutor-QBFT-0 | INFO  | QbftBesuControllerBuilder | Imported #452 / 0 tx / 0 pending / 0 (0.0%) gas / (0x6bf1e80a57b82b8ad970c514f2617591f3b97dc592b58de678e099a4a1c637a3)
2026-10-07 11:12:01.306+00:00 | EthScheduler-Workers-0 | INFO  | PersistBlockTask | Imported #453 / 0 tx / 0 om / 0 (0.0%) gas / (0x545b9d788f3cc030c28b9b2507d3e10f98096821e173f0a2b5eeaa811baab0a8) in 0.004s. Peers: 14
2026-10-07 11:12:01.307+00:00 | BftProcessorExecutor-QBFT-0 | INFO  | QbftBesuControllerBuilder | Imported #453 / 0 tx / 0 pending / 0 (0.0%) gas / (0x545b9d788f3cc030c28b9b2507d3e10f98096821e173f0a2b5eeaa811baab0a8)
2026-10-07 11:12:03.275+00:00 | BftProcessorExecutor-QBFT-0 | INFO  | QbftBesuControllerBuilder | Imported #454 / 0 tx / 0 pending / 0 (0.0%) gas / (0x1e41d5e6a433f552bd90cc8c4f768c728614f269e10fc2f4f9070bed331949c8)
2026-10-07 11:12:05.285+00:00 | BftProcessorExecutor-QBFT-0 | INFO  | QbftBesuControllerBuilder | Imported #455 / 0 tx / 0 pending / 0 (0.0%) gas / (0xa173001b7adfd4ebc1e10114d2a66db6b367e256ff5b511ae0bfc6717dde36f0)
2026-10-07 11:12:05.289+00:00 | EthScheduler-Workers-0 | INFO  | PersistBlockTask | Block 455 (0xa173001b7adfd4ebc1e10114d2a66db6b367e256ff5b511ae0bfc6717dde36f0) is already imported
2026-10-07 11:12:07.292+00:00 | EthScheduler-Workers-0 | INFO  | PersistBlockTask | Block 456 (0x44e731fae0f7cfd61d20b43f8153267d808e1bde1cf46fed5110986785a5f358) is already imported
2026-10-07 11:12:07.292+00:00 | BftProcessorExecutor-QBFT-0 | INFO  | QbftBesuControllerBuilder | Imported #456 / 0 tx / 0 pending / 0 (0.0%) gas / (0x44e731fae0f7cfd61d20b43f8153267d808e1bde1cf46fed5110986785a5f358)
2026-10-07 11:12:09.300+00:00 | BftProcessorExecutor-QBFT-0 | INFO  | QbftBesuControllerBuilder | Imported #457 / 0 tx / 0 pending / 0 (0.0%) gas / (0x67fcd4614d1effe0ee3e8f06d564643808687cf6442190e1a85a16d43dbbc283)
2026-10-07 11:12:11.306+00:00 | BftProcessorExecutor-QBFT-0 | INFO  | QbftBesuControllerBuilder | Imported #458 / 0 tx / 0 pending / 0 (0.0%) gas / (0xf5d654cfdc253cc91f43a7a2ed30dd84f81d887707406275552ea949d9e42c32)
2026-10-07 11:12:13.287+00:00 | EthScheduler-Workers-0 | INFO  | PersistBlockTask | Block 459 (0xfe33c2727dacabcf67268feff9c720a23634bf347812c05f1c4db5f8cad6f87e) is already imported
2026-10-07 11:12:13.287+00:00 | BftProcessorExecutor-QBFT-0 | INFO  | QbftBesuControllerBuilder | Imported #459 / 0 tx / 0 pending / 0 (0.0%) gas / (0xfe33c2727dacabcf67268feff9c720a23634bf347812c05f1c4db5f8cad6f87e)
2026-10-07 11:12:15.278+00:00 | BftProcessorExecutor-QBFT-0 | INFO  | QbftBesuControllerBuilder | Imported #460 / 0 tx / 0 pending / 0 (0.0%) gas / (0xf045cb12e58758f796340ab14af406bcafc5cb0263efdbb1d8eb0f9b937588e0)
2026-10-07 11:12:15.283+00:00 | EthScheduler-Workers-0 | INFO  | PersistBlockTask | Block 460 (0xf045cb12e58758f796340ab14af406bcafc5cb0263efdbb1d8eb0f9b937588e0) is already imported
2026-10-07 11:12:17.289+00:00 | BftProcessorExecutor-QBFT-0 | INFO  | QbftBesuControllerBuilder | Imported #461 / 0 tx / 0 pending / 0 (0.0%) gas / (0xa864cde8f40e5a6524d5c8e0fb33f41a093ab31ab473330451bc78a317e9e6c5)
2026-10-07 11:12:17.289+00:00 | EthScheduler-Workers-0 | INFO  | PersistBlockTask | Block 461 (0xa864cde8f40e5a6524d5c8e0fb33f41a093ab31ab473330451bc78a317e9e6c5) is already imported
2026-10-07 11:12:19.288+00:00 | EthScheduler-Workers-0 | INFO  | PersistBlockTask | Block 462 (0x042deab62cbee9f572fc12d83c3c02cd0f97e85e23d0fdeb3d66fa1103f16e80) is already imported
2026-10-07 11:12:19.288+00:00 | BftProcessorExecutor-QBFT-0 | INFO  | QbftBesuControllerBuilder | Imported #462 / 0 tx / 0 pending / 0 (0.0%) gas / (0x042deab62cbee9f572fc12d83c3c02cd0f97e85e23d0fdeb3d66fa1103f16e80)
2026-10-07 11:12:21.319+00:00 | BftProcessorExecutor-QBFT-0 | INFO  | QbftBesuControllerBuilder | Imported #463 / 0 tx / 0 pending / 0 (0.0%) gas / (0x52c3046a83178c3f957e1630e2db4295da3bd1e55252b683909a254c554ffb56)
2026-10-07 11:12:21.321+00:00 | EthScheduler-Workers-0 | INFO  | PersistBlockTask | Block 463 (0x52c3046a83178c3f957e1630e2db4295da3bd1e55252b683909a254c554ffb56) is already imported
2026-10-07 11:12:23.290+00:00 | BftProcessorExecutor-QBFT-0 | INFO  | QbftBesuControllerBuilder | Produced #464 / 0 tx / 0 pending / 0 (0.0%) gas / (0xb50bca0161a99bdcf9831af6dc6103c0de2206a6d46836718dc6e2441c52ce89)
2026-10-07 11:12:25.287+00:00 | BftProcessorExecutor-QBFT-0 | INFO  | QbftBesuControllerBuilder | Imported #465 / 0 tx / 0 pending / 0 (0.0%) gas / (0x997c3ca371b147d4e5b7f0823f5279883aad966918c174d97d92e7b17315f711)
2026-10-07 11:12:25.289+00:00 | EthScheduler-Workers-0 | INFO  | PersistBlockTask | Block 465 (0x997c3ca371b147d4e5b7f0823f5279883aad966918c174d97d92e7b17315f711) is already imported
2026-10-07 11:12:27.297+00:00 | BftProcessorExecutor-QBFT-0 | INFO  | QbftBesuControllerBuilder | Imported #466 / 0 tx / 0 pending / 0 (0.0%) gas / (0x91606093b03649fac21ffe362c7ca32de7a85bfa7b16d8a07bae3c1f1d3ddc76)
2026-10-07 11:12:29.296+00:00 | BftProcessorExecutor-QBFT-0 | INFO  | QbftBesuControllerBuilder | Imported #467 / 0 tx / 0 pending / 0 (0.0%) gas / (0xa13b9c99ee069cdccccc235b6b27921779e22bbdbc9d0e30261ae6cd7bc97c12)
2026-10-07 11:12:31.312+00:00 | BftProcessorExecutor-QBFT-0 | INFO  | QbftBesuControllerBuilder | Imported #468 / 0 tx / 0 pending / 0 (0.0%) gas / (0xdd2150718dfce1c8f082574601d7caec383738d1bdb8a26561fbf418fdec93ba)
2026-10-07 11:12:33.282+00:00 | BftProcessorExecutor-QBFT-0 | INFO  | QbftBesuControllerBuilder | Imported #469 / 0 tx / 0 pending / 0 (0.0%) gas / (0xf6c4e25bc59f3b1926554b8e9a4d531477a859cee15ff28b5191079ed8d4c87e)
2026-10-07 11:12:33.283+00:00 | EthScheduler-Workers-0 | INFO  | PersistBlockTask | Block 469 (0xf6c4e25bc59f3b1926554b8e9a4d531477a859cee15ff28b5191079ed8d4c87e) is already imported
2026-10-07 11:12:35.286+00:00 | BftProcessorExecutor-QBFT-0 | INFO  | QbftBesuControllerBuilder | Imported #470 / 0 tx / 0 pending / 0 (0.0%) gas / (0xa6ccd054da6a3e01e43d96a68ee7d37c53e232797a83bb3375c53a2b6b5a8a22)
2026-10-07 11:12:37.775+00:00 | BftProcessorExecutor-QBFT-0 | INFO  | QbftBesuControllerBuilder | Imported #471 / 23 tx / 469 pending / 5,565,310 (0.0%) gas / (0x11599eeeec7dd35434e8d8bb0b50742016888327defc9b898b7d7ff83c274480)
2026-10-07 11:12:37.775+00:00 | EthScheduler-Workers-0 | INFO  | PersistBlockTask | Block 471 (0x11599eeeec7dd35434e8d8bb0b50742016888327defc9b898b7d7ff83c274480) is already imported
2026-10-07 11:12:39.986+00:00 | BftProcessorExecutor-QBFT-0 | INFO  | QbftBesuControllerBuilder | Imported #472 / 43 tx / 823 pending / 10,404,710 (0.0%) gas / (0x2290678e4e8037c169bedb27a7f3e8e3afc1a5f1584be46f6fbc66c2b472337f)
2026-10-07 11:12:42.327+00:00 | BftProcessorExecutor-QBFT-0 | INFO  | QbftBesuControllerBuilder | Imported #473 / 74 tx / 1333 pending / 17,905,780 (0.0%) gas / (0x599aff84dbd00ec7ec018cc36b9b3f4952672300d5bea0b2fe59ee95a3d628c3)
2026-10-07 11:12:44.868+00:00 | BftProcessorExecutor-QBFT-0 | INFO  | QbftBesuControllerBuilder | Imported #474 / 110 tx / 1948 pending / 26,616,700 (0.0%) gas / (0x3bdb551e5724b59b2387caafc4bfe7b06683cac385f19ee58149ef7127791e62)
2026-10-07 11:12:47.425+00:00 | EthScheduler-Workers-0 | INFO  | PersistBlockTask | Block 475 (0xd00e5e447eb239324bb5dd20ede22a68388ebdbe7ee1229cda728d6541ea44a0) is already imported
2026-10-07 11:12:47.428+00:00 | BftProcessorExecutor-QBFT-0 | INFO  | QbftBesuControllerBuilder | Imported #475 / 153 tx / 2723 pending / 37,021,410 (0.0%) gas / (0xd00e5e447eb239324bb5dd20ede22a68388ebdbe7ee1229cda728d6541ea44a0)
2026-10-07 11:12:50.554+00:00 | BftProcessorExecutor-QBFT-0 | INFO  | QbftBesuControllerBuilder | Imported #476 / 211 tx / 3600 pending / 51,055,670 (0.0%) gas / (0xb40dfe1165b11d6b0734c7f9e2090b5fcde1ac736dda59455b5291ce1f7786b5)
2026-10-07 11:12:54.838+00:00 | BftProcessorExecutor-QBFT-0 | INFO  | QbftBesuControllerBuilder | Imported #477 / 286 tx / 4935 pending / 69,203,420 (0.0%) gas / (0x8ea35827fb9a81d9058caf5e443b83ab1380b2c9d0e953d3baa9860e39d45831)
2026-10-07 11:12:59.636+00:00 | BftProcessorExecutor-QBFT-0 | INFO  | QbftBesuControllerBuilder | Imported #478 / 336 tx / 6254 pending / 81,301,920 (0.0%) gas / (0x0b681212fc5d95dddbeef3f6ca8ce15516286f02556f91d0b9c31ec1b2c97ba2)
2026-10-07 11:13:01.137+00:00 | BftProcessorExecutor-QBFT-0 | WARN  | BlockTransactionSelector | Interrupting the selection of transactions for block inclusion as it exceeds the maximum configured duration of 1500ms
java.util.concurrent.TimeoutException
	at java.base/java.util.concurrent.CompletableFuture.timedGet(CompletableFuture.java:1960)
	at java.base/java.util.concurrent.CompletableFuture.get(CompletableFuture.java:2095)
	at org.hyperledger.besu.ethereum.blockcreation.txselection.BlockTransactionSelector.timeLimitedSelection(BlockTransactionSelector.java:186)
	at org.hyperledger.besu.ethereum.blockcreation.txselection.BlockTransactionSelector.buildTransactionListForBlock(BlockTransactionSelector.java:169)
	at org.hyperledger.besu.ethereum.blockcreation.AbstractBlockCreator.selectTransactions(AbstractBlockCreator.java:376)
	at org.hyperledger.besu.ethereum.blockcreation.AbstractBlockCreator.createBlock(AbstractBlockCreator.java:218)
	at org.hyperledger.besu.ethereum.blockcreation.AbstractBlockCreator.createBlock(AbstractBlockCreator.java:146)
	at org.hyperledger.besu.consensus.common.bft.blockcreation.BftBlockCreator.createBlock(BftBlockCreator.java:92)
	at org.hyperledger.besu.consensus.qbft.statemachine.QbftRound.createAndSendProposalMessage(QbftRound.java:137)
	at org.hyperledger.besu.consensus.qbft.statemachine.QbftBlockHeightManager.handleBlockTimerExpiry(QbftBlockHeightManager.java:140)
	at org.hyperledger.besu.consensus.common.bft.statemachine.BaseBftController.handleBlockTimerExpiry(BaseBftController.java:167)
	at org.hyperledger.besu.consensus.common.bft.EventMultiplexer.handleBftEvent(EventMultiplexer.java:65)
	at java.base/java.util.Optional.ifPresent(Optional.java:178)
	at org.hyperledger.besu.consensus.common.bft.BftProcessor.run(BftProcessor.java:65)
	at java.base/java.util.concurrent.ThreadPoolExecutor.runWorker(ThreadPoolExecutor.java:1144)
	at java.base/java.util.concurrent.ThreadPoolExecutor$Worker.run(ThreadPoolExecutor.java:642)
	at java.base/java.lang.Thread.run(Thread.java:1583)
2026-10-07 11:13:04.750+00:00 | BftProcessorExecutor-QBFT-0 | INFO  | QbftBesuControllerBuilder | Produced #479 / 364 tx / 7670 pending / 88,077,080 (0.0%) gas / (0xfacfc81e30a98730a13a6179a9614d3ba22aaa78d8a57080a797d4fffe0a8c06)
2026-10-07 11:13:09.821+00:00 | BftProcessorExecutor-QBFT-0 | INFO  | QbftBesuControllerBuilder | Imported #480 / 357 tx / 9110 pending / 86,383,290 (0.0%) gas / (0x566dddc0130c587f273636b853488defb8ebb6d7349c0fb5a890d27195eaf227)
2026-10-07 11:13:14.724+00:00 | BftProcessorExecutor-QBFT-0 | INFO  | QbftBesuControllerBuilder | Imported #481 / 340 tx / 10767 pending / 82,269,800 (0.0%) gas / (0x40a673c8c96063b17c63ebdbefd8b5eff69a74a0a7e53fb12bf4c7e5d729a059)
2026-10-07 11:13:19.626+00:00 | BftProcessorExecutor-QBFT-0 | INFO  | QbftBesuControllerBuilder | Imported #482 / 347 tx / 12308 pending / 83,963,590 (0.0%) gas / (0xe4607a1539ce1524d1e8e0562e064a6f5ad568c41767f456eb9edcbb797d25d6)
2026-10-07 11:13:24.531+00:00 | BftProcessorExecutor-QBFT-0 | INFO  | QbftBesuControllerBuilder | Imported #483 / 345 tx / 13395 pending / 83,479,650 (0.0%) gas / (0x81ad9275dc18e9b705b1b3b5d3a95946fd1675617c5570afdc75d980004e2fdd)
2026-10-07 11:13:29.626+00:00 | BftProcessorExecutor-QBFT-0 | INFO  | QbftBesuControllerBuilder | Imported #484 / 345 tx / 13050 pending / 83,479,650 (0.0%) gas / (0x726a82cb745eca06113a42b8ac82720ba6fdd0542215ed0e538d050e3556b7f7)
2026-10-07 11:13:34.188+00:00 | BftProcessorExecutor-QBFT-0 | INFO  | QbftBesuControllerBuilder | Imported #485 / 298 tx / 12752 pending / 72,107,060 (0.0%) gas / (0x533f731896955e6a872febeacd66c94fe5c13f215f6bed316d7f0bc098890f5d)
2026-10-07 11:13:39.424+00:00 | BftProcessorExecutor-QBFT-0 | INFO  | QbftBesuControllerBuilder | Imported #486 / 350 tx / 12402 pending / 84,689,500 (0.0%) gas / (0x9e843db780210d13041858cfba5c1167971c38e323255b5f600edf16b43498e3)
2026-10-07 11:13:44.395+00:00 | BftProcessorExecutor-QBFT-0 | INFO  | QbftBesuControllerBuilder | Imported #487 / 346 tx / 12056 pending / 83,721,620 (0.0%) gas / (0x1542c8381d703df32a5301b42e5bc415a0426e9645a16771a590a5271d21650b)
2026-10-07 11:13:49.755+00:00 | EthScheduler-Workers-0 | INFO  | PersistBlockTask | Block 488 (0xce25149a00c9cb756c3b7e993ebdd9cfbcf3f0d49dc95171aca09fdf5b8ddc41) is already imported
2026-10-07 11:13:49.762+00:00 | BftProcessorExecutor-QBFT-0 | INFO  | QbftBesuControllerBuilder | Imported #488 / 348 tx / 11708 pending / 84,205,560 (0.0%) gas / (0xce25149a00c9cb756c3b7e993ebdd9cfbcf3f0d49dc95171aca09fdf5b8ddc41)
2026-10-07 11:13:54.795+00:00 | BftProcessorExecutor-QBFT-0 | INFO  | QbftBesuControllerBuilder | Imported #489 / 349 tx / 11359 pending / 84,447,530 (0.0%) gas / (0xd10ed7294618f3e21d9db96cd34f9da820d2203916898c2529722898ffc75a08)
2026-10-07 11:13:59.964+00:00 | BftProcessorExecutor-QBFT-0 | INFO  | QbftBesuControllerBuilder | Imported #490 / 364 tx / 10995 pending / 88,077,080 (0.0%) gas / (0xd29d15463f6685d520bafeffdb28d5b40d6766c4813c4fbcf3b6ae0f2d919970)
2026-10-07 11:14:05.083+00:00 | BftProcessorExecutor-QBFT-0 | INFO  | QbftBesuControllerBuilder | Imported #491 / 347 tx / 10648 pending / 83,963,590 (0.0%) gas / (0x7c76cd7850f6e5f03220b162366f8043eaf723afe4c389ee5549c06197aab089)
2026-10-07 11:14:10.055+00:00 | BftProcessorExecutor-QBFT-0 | INFO  | QbftBesuControllerBuilder | Imported #492 / 348 tx / 10300 pending / 84,205,560 (0.0%) gas / (0x124644c2d93976f9198241766421e9f988fecb769f4ead0c1c5984e90d7f70db)
2026-10-07 11:14:15.511+00:00 | BftProcessorExecutor-QBFT-0 | INFO  | QbftBesuControllerBuilder | Imported #493 / 379 tx / 9921 pending / 91,706,630 (0.0%) gas / (0xac53c71215a42536ab837c9969b6f90accafed0e635811d4cf7c5403c6748d27)
2026-10-07 11:14:17.014+00:00 | BftProcessorExecutor-QBFT-0 | WARN  | BlockTransactionSelector | Interrupting the selection of transactions for block inclusion as it exceeds the maximum configured duration of 1500ms
java.util.concurrent.TimeoutException
	at java.base/java.util.concurrent.CompletableFuture.timedGet(CompletableFuture.java:1960)
	at java.base/java.util.concurrent.CompletableFuture.get(CompletableFuture.java:2095)
	at org.hyperledger.besu.ethereum.blockcreation.txselection.BlockTransactionSelector.timeLimitedSelection(BlockTransactionSelector.java:186)
	at org.hyperledger.besu.ethereum.blockcreation.txselection.BlockTransactionSelector.buildTransactionListForBlock(BlockTransactionSelector.java:169)
	at org.hyperledger.besu.ethereum.blockcreation.AbstractBlockCreator.selectTransactions(AbstractBlockCreator.java:376)
	at org.hyperledger.besu.ethereum.blockcreation.AbstractBlockCreator.createBlock(AbstractBlockCreator.java:218)
	at org.hyperledger.besu.ethereum.blockcreation.AbstractBlockCreator.createBlock(AbstractBlockCreator.java:146)
	at org.hyperledger.besu.consensus.common.bft.blockcreation.BftBlockCreator.createBlock(BftBlockCreator.java:92)
	at org.hyperledger.besu.consensus.qbft.statemachine.QbftRound.createAndSendProposalMessage(QbftRound.java:137)
	at org.hyperledger.besu.consensus.qbft.statemachine.QbftBlockHeightManager.handleBlockTimerExpiry(QbftBlockHeightManager.java:140)
	at org.hyperledger.besu.consensus.common.bft.statemachine.BaseBftController.handleBlockTimerExpiry(BaseBftController.java:167)
	at org.hyperledger.besu.consensus.common.bft.EventMultiplexer.handleBftEvent(EventMultiplexer.java:65)
	at java.base/java.util.Optional.ifPresent(Optional.java:178)
	at org.hyperledger.besu.consensus.common.bft.BftProcessor.run(BftProcessor.java:65)
	at java.base/java.util.concurrent.ThreadPoolExecutor.runWorker(ThreadPoolExecutor.java:1144)
	at java.base/java.util.concurrent.ThreadPoolExecutor$Worker.run(ThreadPoolExecutor.java:642)
	at java.base/java.lang.Thread.run(Thread.java:1583)
2026-10-07 11:14:20.947+00:00 | EthScheduler-Workers-0 | INFO  | PersistBlockTask | Block 494 (0x59649382809bb91da5234b560b03cf95231b2caf739b59c9c39b7b8c80dc86d7) is already imported
2026-10-07 11:14:20.950+00:00 | BftProcessorExecutor-QBFT-0 | INFO  | QbftBesuControllerBuilder | Produced #494 / 367 tx / 9554 pending / 88,802,990 (0.0%) gas / (0x59649382809bb91da5234b560b03cf95231b2caf739b59c9c39b7b8c80dc86d7)
2026-10-07 11:14:25.601+00:00 | BftProcessorExecutor-QBFT-0 | INFO  | QbftBesuControllerBuilder | Imported #495 / 330 tx / 9224 pending / 79,850,100 (0.0%) gas / (0x311bf62c15bb65543698b76a4b324ae731c7b827d8c9d7c417e518b16777bc8a)
2026-10-07 11:14:31.015+00:00 | BftProcessorExecutor-QBFT-0 | INFO  | QbftBesuControllerBuilder | Imported #496 / 369 tx / 8855 pending / 89,286,930 (0.0%) gas / (0x93c0544f6b232738c9dd0db82d47b803b48ec82c1960c0f6cd7a16d4f44d797f)
2026-10-07 11:14:36.051+00:00 | BftProcessorExecutor-QBFT-0 | INFO  | QbftBesuControllerBuilder | Imported #497 / 348 tx / 8507 pending / 84,205,560 (0.0%) gas / (0x613aa7578fa4cad505fff21af0d24fd9a53e27ca0de68939e2359a5a610b70b4)
2026-10-07 11:14:41.210+00:00 | BftProcessorExecutor-QBFT-0 | INFO  | QbftBesuControllerBuilder | Imported #498 / 345 tx / 8162 pending / 83,479,650 (0.0%) gas / (0x37822c5753b1fd8709d341c9434328662d61fdec8b9f73a31a3edafb793217f3)
2026-10-07 11:14:46.368+00:00 | BftProcessorExecutor-QBFT-0 | INFO  | QbftBesuControllerBuilder | Imported #499 / 348 tx / 7814 pending / 84,205,560 (0.0%) gas / (0x497bbd2118484012b45cb42f83d47a2391591c83406b369e755e2e6457bb4d3c)
2026-10-07 11:14:51.228+00:00 | BftProcessorExecutor-QBFT-0 | INFO  | QbftBesuControllerBuilder | Imported #500 / 339 tx / 7475 pending / 82,027,830 (0.0%) gas / (0xa1e874b92aeab1d00d78c7ed2fef087524e95bdf2f9cfe0b27fadea0656ddf94)
2026-10-07 11:14:56.157+00:00 | BftProcessorExecutor-QBFT-0 | INFO  | QbftBesuControllerBuilder | Imported #501 / 325 tx / 7150 pending / 78,640,250 (0.0%) gas / (0xc062cdf006e64dc0632810dbb40b82698d7fff75c57f92b78f58cb4cdc612903)
2026-10-07 11:15:01.270+00:00 | EthScheduler-Workers-0 | INFO  | PersistBlockTask | Block 502 (0x7b61fefe772a91e3a12b1accea0900452d07b4fd6fe67a5629ad381ece0011e4) is already imported
2026-10-07 11:15:01.274+00:00 | BftProcessorExecutor-QBFT-0 | INFO  | QbftBesuControllerBuilder | Imported #502 / 345 tx / 6805 pending / 83,479,650 (0.0%) gas / (0x7b61fefe772a91e3a12b1accea0900452d07b4fd6fe67a5629ad381ece0011e4)
2026-10-07 11:15:06.286+00:00 | BftProcessorExecutor-QBFT-0 | INFO  | QbftBesuControllerBuilder | Imported #503 / 349 tx / 6456 pending / 84,447,530 (0.0%) gas / (0x129dc7ccbb5bd6145387ea166e5a045d04c4b2174b72b0689d00c6bf131d23fc)
2026-10-07 11:15:11.436+00:00 | BftProcessorExecutor-QBFT-0 | INFO  | QbftBesuControllerBuilder | Imported #504 / 350 tx / 6106 pending / 84,689,500 (0.0%) gas / (0x9857a6837bec4aada8478b262a353edbc877959a655d1f0db870cab96ccc5d95)
2026-10-07 11:15:16.665+00:00 | BftProcessorExecutor-QBFT-0 | INFO  | QbftBesuControllerBuilder | Imported #505 / 373 tx / 5733 pending / 90,254,810 (0.0%) gas / (0x98c039f97358d3a064de92371288775cac429ee6e503c850ae1fbff666f3d080)
2026-10-07 11:15:21.824+00:00 | EthScheduler-Workers-0 | INFO  | PersistBlockTask | Block 506 (0x054d43ed9787875abe6ac4150a0e8e3b3e3417b78773ce3957675279d356d7e5) is already imported
2026-10-07 11:15:21.827+00:00 | BftProcessorExecutor-QBFT-0 | INFO  | QbftBesuControllerBuilder | Imported #506 / 351 tx / 5382 pending / 84,931,470 (0.0%) gas / (0x054d43ed9787875abe6ac4150a0e8e3b3e3417b78773ce3957675279d356d7e5)
2026-10-07 11:15:26.850+00:00 | BftProcessorExecutor-QBFT-0 | INFO  | QbftBesuControllerBuilder | Imported #507 / 346 tx / 5036 pending / 83,721,620 (0.0%) gas / (0xd04b7317ce29215671b0d321c91cbb71ad8c3bc0036f08f7cd79a4237a499407)
2026-10-07 11:15:32.052+00:00 | BftProcessorExecutor-QBFT-0 | INFO  | QbftBesuControllerBuilder | Imported #508 / 369 tx / 4667 pending / 89,286,930 (0.0%) gas / (0xa2195454847a012cca6af67090df7d02e94c61f6ebddcbbd6a8d0a70d4e11841)
2026-10-07 11:15:37.270+00:00 | BftProcessorExecutor-QBFT-0 | INFO  | QbftBesuControllerBuilder | Produced #509 / 358 tx / 4309 pending / 86,625,260 (0.0%) gas / (0x511fe7f92c25bad8e4354c238e17f158c233e9b39ad7b4b3f37ff7fcf8aa1163)
2026-10-07 11:15:42.267+00:00 | BftProcessorExecutor-QBFT-0 | INFO  | QbftBesuControllerBuilder | Imported #510 / 346 tx / 3963 pending / 83,721,620 (0.0%) gas / (0xdb55c9e60af8d8fd914990b6369c1bf9d129a76a52d64b77c9cd8d2859ddfa3e)
2026-10-07 11:15:47.234+00:00 | BftProcessorExecutor-QBFT-0 | INFO  | QbftBesuControllerBuilder | Imported #511 / 344 tx / 3619 pending / 83,237,680 (0.0%) gas / (0xc2b42905d8a0799854d9e18e3c9d90c91f1e30f6ed46f2831c1a7e66ab5b16e1)
2026-10-07 11:15:52.351+00:00 | BftProcessorExecutor-QBFT-0 | INFO  | QbftBesuControllerBuilder | Imported #512 / 353 tx / 3266 pending / 85,415,410 (0.0%) gas / (0x7780080e181d6d0ca75c9d3bef070cc20aadf24e0d2bf85feaa9115ff8a07808)
2026-10-07 11:15:57.566+00:00 | EthScheduler-Workers-0 | INFO  | PersistBlockTask | Block 513 (0x44f00dd7b16b1e586269205660ad3ec13d5b26d62a56fe94f45dd5b916b321c4) is already imported
2026-10-07 11:15:57.574+00:00 | BftProcessorExecutor-QBFT-0 | INFO  | QbftBesuControllerBuilder | Imported #513 / 350 tx / 2916 pending / 84,689,500 (0.0%) gas / (0x44f00dd7b16b1e586269205660ad3ec13d5b26d62a56fe94f45dd5b916b321c4)
2026-10-07 11:16:02.552+00:00 | EthScheduler-Workers-0 | INFO  | PersistBlockTask | Block 514 (0x3d01ba41da43e967db0b606629881f7cd21c10c0b8465c11d1a28bd8d738c1d9) is already imported
2026-10-07 11:16:02.556+00:00 | BftProcessorExecutor-QBFT-0 | INFO  | QbftBesuControllerBuilder | Imported #514 / 347 tx / 2569 pending / 83,963,590 (0.0%) gas / (0x3d01ba41da43e967db0b606629881f7cd21c10c0b8465c11d1a28bd8d738c1d9)
2026-10-07 11:16:07.667+00:00 | EthScheduler-Workers-0 | INFO  | PersistBlockTask | Block 515 (0x0808873cf6eba3ba957990572c9b25f5a108492ea6431b0455f8f9891d1dc20e) is already imported
2026-10-07 11:16:07.670+00:00 | BftProcessorExecutor-QBFT-0 | INFO  | QbftBesuControllerBuilder | Imported #515 / 346 tx / 2223 pending / 83,721,620 (0.0%) gas / (0x0808873cf6eba3ba957990572c9b25f5a108492ea6431b0455f8f9891d1dc20e)
2026-10-07 11:16:12.584+00:00 | BftProcessorExecutor-QBFT-0 | INFO  | QbftBesuControllerBuilder | Imported #516 / 346 tx / 1877 pending / 83,721,620 (0.0%) gas / (0x75057b94c32185c31cdfa3a7141cd01191952f83a43dc69902e6540423d046a6)
2026-10-07 11:16:17.705+00:00 | BftProcessorExecutor-QBFT-0 | INFO  | QbftBesuControllerBuilder | Imported #517 / 356 tx / 1521 pending / 86,141,320 (0.0%) gas / (0x7a6177b3e58067db6b51745ec4dc1fb85f7fa81a9dda73b103c28f3fbf9e08d5)
2026-10-07 11:16:22.504+00:00 | BftProcessorExecutor-QBFT-0 | INFO  | QbftBesuControllerBuilder | Imported #518 / 319 tx / 1202 pending / 77,188,430 (0.0%) gas / (0x3d26e6feb73a9bd047f1deb1946b7644967bf140dee433d07d3edbf281c493b7)
2026-10-07 11:16:26.672+00:00 | BftProcessorExecutor-QBFT-0 | INFO  | QbftBesuControllerBuilder | Imported #519 / 280 tx / 922 pending / 67,751,600 (0.0%) gas / (0xe37cd9075a348ab50d9d7724e870f53b47d05f3f09617d231876031ce7d19ca7)
2026-10-07 11:16:29.658+00:00 | BftProcessorExecutor-QBFT-0 | INFO  | QbftBesuControllerBuilder | Imported #520 / 199 tx / 723 pending / 48,152,030 (0.0%) gas / (0x5e3db8c856d92e88e697b025f6eaff984e4c5d9f55b2bf0699cb4e243918f645)
2026-10-07 11:16:32.487+00:00 | BftProcessorExecutor-QBFT-0 | INFO  | QbftBesuControllerBuilder | Imported #521 / 180 tx / 543 pending / 43,554,600 (0.0%) gas / (0xc4d031e2f53c7b111cea41d4224490213a78345806d43a3005ec653cf9f0fd5c)
2026-10-07 11:16:34.264+00:00 | BftProcessorExecutor-QBFT-0 | INFO  | QbftBesuControllerBuilder | Imported #522 / 109 tx / 434 pending / 26,374,730 (0.0%) gas / (0x9c22598f6a5407dc2f63429f98c328f9862b986136879d8ad7078bbad9a7f608)
2026-10-07 11:16:35.438+00:00 | EthScheduler-Workers-0 | INFO  | PersistBlockTask | Block 523 (0x797ee6499cdbba499db25fa7428b08a82868ed858782790bd30829a3bd2629a0) is already imported
2026-10-07 11:16:35.438+00:00 | BftProcessorExecutor-QBFT-0 | INFO  | QbftBesuControllerBuilder | Imported #523 / 5 tx / 429 pending / 1,209,850 (0.0%) gas / (0x797ee6499cdbba499db25fa7428b08a82868ed858782790bd30829a3bd2629a0)
2026-10-07 11:16:37.290+00:00 | BftProcessorExecutor-QBFT-0 | INFO  | QbftBesuControllerBuilder | Produced #524 / 0 tx / 429 pending / 0 (0.0%) gas / (0x72f70151bda40369a79e527255ff38d902031429674d84f5685c324b65efccd9)
2026-10-07 11:16:37.292+00:00 | EthScheduler-Workers-0 | INFO  | PersistBlockTask | Block 524 (0x72f70151bda40369a79e527255ff38d902031429674d84f5685c324b65efccd9) is already imported
2026-10-07 11:16:40.343+00:00 | BftProcessorExecutor-QBFT-0 | INFO  | QbftBesuControllerBuilder | Imported #525 / 65 tx / 364 pending / 15,728,050 (0.0%) gas / (0x301e6379beb4ac0a3bfaf2f87fc469734d1ec56ac08a10462f40a1955c340e4a)
2026-10-07 11:16:41.954+00:00 | BftProcessorExecutor-QBFT-0 | INFO  | QbftBesuControllerBuilder | Imported #526 / 45 tx / 319 pending / 10,888,650 (0.0%) gas / (0xe93fc375c6e3966ac74e1e630cd5ae135a0450e0e1c17f7230d79d393749fc4a)
2026-10-07 11:16:44.030+00:00 | BftProcessorExecutor-QBFT-0 | INFO  | QbftBesuControllerBuilder | Imported #527 / 50 tx / 269 pending / 12,098,500 (0.0%) gas / (0xd47acfe0c44685b74391527e014a2783fec1e39ce7ce546d43ba6348b3a8a4f2)
2026-10-07 11:16:46.149+00:00 | BftProcessorExecutor-QBFT-0 | INFO  | QbftBesuControllerBuilder | Imported #528 / 58 tx / 211 pending / 14,034,260 (0.0%) gas / (0x27ebd4978e07b1c26a785bc8a17eb687ae4ee732f99f399b3f661d05e85c72de)
2026-10-07 11:16:48.128+00:00 | EthScheduler-Workers-0 | INFO  | PersistBlockTask | Block 529 (0xf648426d37cf3bbf2baeefa1c4c0b54e6f3f35b4b6011357c3e93595193340d2) is already imported
2026-10-07 11:16:48.129+00:00 | BftProcessorExecutor-QBFT-0 | INFO  | QbftBesuControllerBuilder | Imported #529 / 58 tx / 153 pending / 14,034,260 (0.0%) gas / (0xf648426d37cf3bbf2baeefa1c4c0b54e6f3f35b4b6011357c3e93595193340d2)
2026-10-07 11:16:50.790+00:00 | BftProcessorExecutor-QBFT-0 | INFO  | QbftBesuControllerBuilder | Imported #530 / 107 tx / 46 pending / 25,890,790 (0.0%) gas / (0x6ef8f23cf552bfc8ea8e24db0c49aa66f175d1d9047fd0b74792d7deaccd007d)
2026-10-07 11:16:51.934+00:00 | BftProcessorExecutor-QBFT-0 | INFO  | QbftBesuControllerBuilder | Imported #531 / 46 tx / 0 pending / 11,130,620 (0.0%) gas / (0xbf134c88ee1ab708c9f4126af67aaa02b7fd89f8174d8dbd82b45318d04592a3)
2026-10-07 11:16:53.296+00:00 | BftProcessorExecutor-QBFT-0 | INFO  | QbftBesuControllerBuilder | Imported #532 / 0 tx / 0 pending / 0 (0.0%) gas / (0x0bb1d22a62878f9a53ff54e308d549ec55b0afe95a362f0ddd0e5d2b8ad71a22)
2026-10-07 11:16:55.301+00:00 | BftProcessorExecutor-QBFT-0 | INFO  | QbftBesuControllerBuilder | Imported #533 / 0 tx / 0 pending / 0 (0.0%) gas / (0x3deb1afbb80df4908df6fb7c1f583aeb095155f60a66321783598cb6a17a889b)
2026-10-07 11:16:57.294+00:00 | BftProcessorExecutor-QBFT-0 | INFO  | QbftBesuControllerBuilder | Imported #534 / 0 tx / 0 pending / 0 (0.0%) gas / (0xffbb2e390342c0d4912d0c35d037a94287bedd9d71dafdd7b2a3af6d4b72b1d0)
2026-10-07 11:16:57.297+00:00 | EthScheduler-Workers-0 | INFO  | PersistBlockTask | Block 534 (0xffbb2e390342c0d4912d0c35d037a94287bedd9d71dafdd7b2a3af6d4b72b1d0) is already imported
2026-10-07 11:16:59.286+00:00 | BftProcessorExecutor-QBFT-0 | INFO  | QbftBesuControllerBuilder | Imported #535 / 0 tx / 0 pending / 0 (0.0%) gas / (0xca9396a5dbb0fb781af0ac38b7578231744d726cc970d5774a14a6f4dc627185)
2026-10-07 11:17:01.295+00:00 | BftProcessorExecutor-QBFT-0 | INFO  | QbftBesuControllerBuilder | Imported #536 / 0 tx / 0 pending / 0 (0.0%) gas / (0x44706886cc9320b8a7add639441d7133d2b0a3a9278cad20ec68d00a546bb1d2)
2026-10-07 11:17:03.310+00:00 | BftProcessorExecutor-QBFT-0 | INFO  | QbftBesuControllerBuilder | Imported #537 / 0 tx / 0 pending / 0 (0.0%) gas / (0x57fa4311a2734040770b8de1705a6a751baa4bac02359c799b28d5afd5a9a22f)
2026-10-07 11:17:05.314+00:00 | BftProcessorExecutor-QBFT-0 | INFO  | QbftBesuControllerBuilder | Imported #538 / 0 tx / 0 pending / 0 (0.0%) gas / (0x19157363b6ee3ab84e28f6ed16aa3757f1f4a9a159ce1fa0c1e484b42c587100)
2026-10-07 11:17:07.297+00:00 | BftProcessorExecutor-QBFT-0 | INFO  | QbftBesuControllerBuilder | Produced #539 / 0 tx / 0 pending / 0 (0.0%) gas / (0x125f4b6ddf2a6a021256346e751f8fe91085fd60abb89f3325267387f2929232)
2026-10-07 11:17:09.299+00:00 | EthScheduler-Workers-0 | INFO  | PersistBlockTask | Block 540 (0x574664342d9b725be9136584d99d69d6268876aece15bb33b34c9542b47fd186) is already imported
2026-10-07 11:17:09.299+00:00 | BftProcessorExecutor-QBFT-0 | INFO  | QbftBesuControllerBuilder | Imported #540 / 0 tx / 0 pending / 0 (0.0%) gas / (0x574664342d9b725be9136584d99d69d6268876aece15bb33b34c9542b47fd186)
2026-10-07 11:17:11.301+00:00 | BftProcessorExecutor-QBFT-0 | INFO  | QbftBesuControllerBuilder | Imported #541 / 0 tx / 0 pending / 0 (0.0%) gas / (0x161cd52e97332ac1aa2a4cfa61fe4dd7873d7dd02bfb2cb3261e290e60d7780a)
2026-10-07 11:17:11.306+00:00 | EthScheduler-Workers-0 | INFO  | PersistBlockTask | Block 541 (0x161cd52e97332ac1aa2a4cfa61fe4dd7873d7dd02bfb2cb3261e290e60d7780a) is already imported
2026-10-07 11:17:13.297+00:00 | BftProcessorExecutor-QBFT-0 | INFO  | QbftBesuControllerBuilder | Imported #542 / 0 tx / 0 pending / 0 (0.0%) gas / (0xe533a8a349cb510340fea2f8dcba8e6880bcea2729a5092e93dcd73f99d9a6dd)
2026-10-07 11:17:15.314+00:00 | BftProcessorExecutor-QBFT-0 | INFO  | QbftBesuControllerBuilder | Imported #543 / 0 tx / 0 pending / 0 (0.0%) gas / (0x170c7703f257b5f1f0187381a3104b09b74fe97685c64e8bde1bfb7df05904f1)
2026-10-07 11:17:17.295+00:00 | BftProcessorExecutor-QBFT-0 | INFO  | QbftBesuControllerBuilder | Imported #544 / 0 tx / 0 pending / 0 (0.0%) gas / (0xca1575a268954f0a85a406658606d3a737994c4e2b3e01c58895a9b99704633e)
2026-10-07 11:17:19.282+00:00 | BftProcessorExecutor-QBFT-0 | INFO  | QbftBesuControllerBuilder | Imported #545 / 0 tx / 0 pending / 0 (0.0%) gas / (0xe330bae6a1c3f07de528d8c2c67b653fe7430680c05f8fac3f7d59cbc8e41bd9)
2026-10-07 11:17:21.294+00:00 | BftProcessorExecutor-QBFT-0 | INFO  | QbftBesuControllerBuilder | Imported #546 / 0 tx / 0 pending / 0 (0.0%) gas / (0x4b8d0d6529d8aef486a4eee2e7508f2c644bbcfa48fd86963713a050707c903b)
2026-10-07 11:17:23.299+00:00 | BftProcessorExecutor-QBFT-0 | INFO  | QbftBesuControllerBuilder | Imported #547 / 0 tx / 0 pending / 0 (0.0%) gas / (0x1da5368fecdfc0e8eda29e4326b6bf23aa690740da1488d192a9ca5e360d4209)
2026-10-07 11:17:25.314+00:00 | BftProcessorExecutor-QBFT-0 | INFO  | QbftBesuControllerBuilder | Imported #548 / 0 tx / 0 pending / 0 (0.0%) gas / (0xb747cc6ba2373c3c8d620d38d833815588ab0b306777ec0a8754bd27a5570b1f)
2026-10-07 11:17:27.286+00:00 | BftProcessorExecutor-QBFT-0 | INFO  | QbftBesuControllerBuilder | Imported #549 / 0 tx / 0 pending / 0 (0.0%) gas / (0x877e7323602a8b771a304900126ea57059dd89d7c24d33fe028320bf1232297f)
2026-10-07 11:17:29.298+00:00 | BftProcessorExecutor-QBFT-0 | INFO  | QbftBesuControllerBuilder | Imported #550 / 0 tx / 0 pending / 0 (0.0%) gas / (0xc62894a60ff1bcc1f448e5a41c20d7dae2efb42f25ece3436a1725ba64b0b697)
2026-10-07 11:17:31.302+00:00 | BftProcessorExecutor-QBFT-0 | INFO  | QbftBesuControllerBuilder | Imported #551 / 0 tx / 0 pending / 0 (0.0%) gas / (0xb5dd3dae9803e984172949362518a39f0f9f652b41ba693c0c9f0b2c96170f3c)
2026-10-07 11:17:33.288+00:00 | BftProcessorExecutor-QBFT-0 | INFO  | QbftBesuControllerBuilder | Imported #552 / 0 tx / 0 pending / 0 (0.0%) gas / (0x60e261adc31190ed6311a1d0419548e4d66e2109653f55d8e8345ef55c887772)
2026-10-07 11:17:33.292+00:00 | EthScheduler-Workers-0 | INFO  | PersistBlockTask | Block 552 (0x60e261adc31190ed6311a1d0419548e4d66e2109653f55d8e8345ef55c887772) is already imported
2026-10-07 11:17:35.320+00:00 | BftProcessorExecutor-QBFT-0 | INFO  | QbftBesuControllerBuilder | Imported #553 / 0 tx / 0 pending / 0 (0.0%) gas / (0x072eea840df1d3ba662aadbf5e9da64c00813d1c76ef302ffebea2ed61a84431)
2026-10-07 11:17:37.293+00:00 | BftProcessorExecutor-QBFT-0 | INFO  | QbftBesuControllerBuilder | Produced #554 / 0 tx / 0 pending / 0 (0.0%) gas / (0xc5f36df25753513ad751edb2951ee2ea845afff08bbb5900b873d6a686e6ac5f)
2026-10-07 11:17:37.298+00:00 | EthScheduler-Workers-0 | INFO  | PersistBlockTask | Block 554 (0xc5f36df25753513ad751edb2951ee2ea845afff08bbb5900b873d6a686e6ac5f) is already imported
2026-10-07 11:17:39.290+00:00 | BftProcessorExecutor-QBFT-0 | INFO  | QbftBesuControllerBuilder | Imported #555 / 0 tx / 0 pending / 0 (0.0%) gas / (0xedce4bf12150d3d2f53436bd7fd8d0eaa3c8342432fb9747111cf3cdb588b3fa)
2026-10-07 11:17:41.303+00:00 | BftProcessorExecutor-QBFT-0 | INFO  | QbftBesuControllerBuilder | Imported #556 / 0 tx / 0 pending / 0 (0.0%) gas / (0x13db3c2752fe5f99a29f7f0020c480f3bec81b49e82d1cc6def13642d56ffde8)
2026-10-07 11:17:43.299+00:00 | BftProcessorExecutor-QBFT-0 | INFO  | QbftBesuControllerBuilder | Imported #557 / 0 tx / 0 pending / 0 (0.0%) gas / (0xe88af70c4b88b2200e2d012d85a9fa5bb05648335b516242a555087caabb9253)
2026-10-07 11:17:45.330+00:00 | BftProcessorExecutor-QBFT-0 | INFO  | QbftBesuControllerBuilder | Imported #558 / 0 tx / 0 pending / 0 (0.0%) gas / (0x93d976106decfc29750c8d1954b26ad24969ca2e4921f546b0d5c0110e4ea9dc)
2026-10-07 11:17:45.331+00:00 | EthScheduler-Workers-0 | INFO  | PersistBlockTask | Block 558 (0x93d976106decfc29750c8d1954b26ad24969ca2e4921f546b0d5c0110e4ea9dc) is already imported
2026-10-07 11:17:47.292+00:00 | BftProcessorExecutor-QBFT-0 | INFO  | QbftBesuControllerBuilder | Imported #559 / 0 tx / 0 pending / 0 (0.0%) gas / (0x7a1b5f6fbc65cc37393dd3ad693b1483b8f893eb3c720bd9c261f3ace6be72b6)
2026-10-07 11:17:49.280+00:00 | BftProcessorExecutor-QBFT-0 | INFO  | QbftBesuControllerBuilder | Imported #560 / 0 tx / 0 pending / 0 (0.0%) gas / (0xeb61b2cc1915808e259765897b3712663e4378d0a1c7fd17fbeebd94aed06b87)
2026-10-07 11:17:49.285+00:00 | EthScheduler-Workers-0 | INFO  | PersistBlockTask | Block 560 (0xeb61b2cc1915808e259765897b3712663e4378d0a1c7fd17fbeebd94aed06b87) is already imported
2026-10-07 11:17:51.285+00:00 | BftProcessorExecutor-QBFT-0 | INFO  | QbftBesuControllerBuilder | Imported #561 / 0 tx / 0 pending / 0 (0.0%) gas / (0x497f629544f1ae4bcd1903fdadca5892bf2011b99e971ea214a389f81e2d4ed2)
2026-10-07 11:17:53.297+00:00 | BftProcessorExecutor-QBFT-0 | INFO  | QbftBesuControllerBuilder | Imported #562 / 0 tx / 0 pending / 0 (0.0%) gas / (0xeee3cfd47c07b2206139cc2d7fa61cb9a6121cedd445a6b457bcb6072985e6a5)
2026-10-07 11:17:55.310+00:00 | EthScheduler-Workers-0 | INFO  | PersistBlockTask | Block 563 (0x749d407d0ca4cb89fa6890988e8b908be3ca423e1e49c6903a1306e2dbdb9046) is already imported
2026-10-07 11:17:55.310+00:00 | BftProcessorExecutor-QBFT-0 | INFO  | QbftBesuControllerBuilder | Imported #563 / 0 tx / 0 pending / 0 (0.0%) gas / (0x749d407d0ca4cb89fa6890988e8b908be3ca423e1e49c6903a1306e2dbdb9046)
2026-10-07 11:17:57.295+00:00 | BftProcessorExecutor-QBFT-0 | INFO  | QbftBesuControllerBuilder | Imported #564 / 0 tx / 0 pending / 0 (0.0%) gas / (0xc214ed2e5a6a6cf541350f388356b63537d2e50e24d8ee4d0882a11f62388f00)
2026-10-07 11:17:59.294+00:00 | EthScheduler-Workers-0 | INFO  | PersistBlockTask | Block 565 (0xa77db0606924d040b5e75fd543d9160c2b07f7545cd9cbb35920e4c1bac4d9f7) is already imported
2026-10-07 11:17:59.294+00:00 | BftProcessorExecutor-QBFT-0 | INFO  | QbftBesuControllerBuilder | Imported #565 / 0 tx / 0 pending / 0 (0.0%) gas / (0xa77db0606924d040b5e75fd543d9160c2b07f7545cd9cbb35920e4c1bac4d9f7)
2026-10-07 11:18:01.304+00:00 | BftProcessorExecutor-QBFT-0 | INFO  | QbftBesuControllerBuilder | Imported #566 / 0 tx / 0 pending / 0 (0.0%) gas / (0x0d032c1d822343ae43f1a0238df43d282ad338e7ec1c2f670021c40242a2da95)
2026-10-07 11:18:03.272+00:00 | BftProcessorExecutor-QBFT-0 | INFO  | QbftBesuControllerBuilder | Imported #567 / 0 tx / 8 pending / 0 (0.0%) gas / (0x58e5096ca98052e2038882a792a0ab55d919b482360f36feb346843063ef5f78)
2026-10-07 11:18:03.275+00:00 | EthScheduler-Workers-0 | INFO  | PersistBlockTask | Block 567 (0x58e5096ca98052e2038882a792a0ab55d919b482360f36feb346843063ef5f78) is already imported
2026-10-07 11:18:05.317+00:00 | EthScheduler-Workers-0 | INFO  | PersistBlockTask | Block 568 (0x524a8a8cc3b78eb3b3205184e4b8453ed649b80e2daf9bca3385f19cd1d5f039) is already imported
2026-10-07 11:18:05.318+00:00 | BftProcessorExecutor-QBFT-0 | INFO  | QbftBesuControllerBuilder | Imported #568 / 0 tx / 8 pending / 0 (0.0%) gas / (0x524a8a8cc3b78eb3b3205184e4b8453ed649b80e2daf9bca3385f19cd1d5f039)
2026-10-07 11:18:07.286+00:00 | BftProcessorExecutor-QBFT-0 | INFO  | QbftBesuControllerBuilder | Produced #569 / 0 tx / 8 pending / 0 (0.0%) gas / (0xdc1113488e050d58309117f635dce740fe982e028d37d8c9da0585bae486f53b)
2026-10-07 11:18:09.304+00:00 | BftProcessorExecutor-QBFT-0 | INFO  | QbftBesuControllerBuilder | Imported #570 / 1 tx / 7 pending / 153,630 (0.0%) gas / (0xc5e2ea787763b35582ef778914e5a50ac7a215f345457474c0834db9f34be5ce)
2026-10-07 11:18:09.304+00:00 | EthScheduler-Workers-0 | INFO  | PersistBlockTask | Block 570 (0xc5e2ea787763b35582ef778914e5a50ac7a215f345457474c0834db9f34be5ce) is already imported
2026-10-07 11:18:11.320+00:00 | BftProcessorExecutor-QBFT-0 | INFO  | QbftBesuControllerBuilder | Imported #571 / 1 tx / 6 pending / 153,618 (0.0%) gas / (0x70036907d264e110220f9515cad9497d2b1521264369601e76dbf258e5347569)
2026-10-07 11:18:13.329+00:00 | BftProcessorExecutor-QBFT-0 | INFO  | QbftBesuControllerBuilder | Imported #572 / 1 tx / 5 pending / 153,650 (0.0%) gas / (0x3b6364725708a316cba7d25820c1d96146a64494d08487ddf655119cf2fda6df)
2026-10-07 11:18:15.332+00:00 | BftProcessorExecutor-QBFT-0 | INFO  | QbftBesuControllerBuilder | Imported #573 / 1 tx / 4 pending / 153,594 (0.0%) gas / (0x3bf4dff81148b65ba3349a600564a54174f474ff9ecdc64dba34c1667dffec1e)
2026-10-07 11:18:15.336+00:00 | EthScheduler-Workers-0 | INFO  | PersistBlockTask | Block 573 (0x3bf4dff81148b65ba3349a600564a54174f474ff9ecdc64dba34c1667dffec1e) is already imported
2026-10-07 11:18:17.314+00:00 | BftProcessorExecutor-QBFT-0 | INFO  | QbftBesuControllerBuilder | Imported #574 / 1 tx / 3 pending / 153,638 (0.0%) gas / (0x7260258cca3daad00d38678a90be3aa5a46fcdc58fbf960a3dc043267708cc92)
2026-10-07 11:18:19.314+00:00 | BftProcessorExecutor-QBFT-0 | INFO  | QbftBesuControllerBuilder | Imported #575 / 1 tx / 2 pending / 153,650 (0.0%) gas / (0x26a21c571917c1f51789ba34dd59fa3b4f7a2d5312bfdfdc3c80a98c131d17bd)
2026-10-07 11:18:21.323+00:00 | BftProcessorExecutor-QBFT-0 | INFO  | QbftBesuControllerBuilder | Imported #576 / 1 tx / 1 pending / 153,630 (0.0%) gas / (0x019717eb0d230a7b999ad95e99fe9513c6098c3add47ea20cfcba130162f1696)
2026-10-07 11:18:21.325+00:00 | EthScheduler-Workers-0 | INFO  | PersistBlockTask | Block 576 (0x019717eb0d230a7b999ad95e99fe9513c6098c3add47ea20cfcba130162f1696) is already imported
2026-10-07 11:18:23.321+00:00 | EthScheduler-Workers-0 | INFO  | PersistBlockTask | Block 577 (0xdad15381e72ef9619de25b5482869c279c07a1b6dfcc6638c640af54565c7e84) is already imported
2026-10-07 11:18:23.321+00:00 | BftProcessorExecutor-QBFT-0 | INFO  | QbftBesuControllerBuilder | Imported #577 / 1 tx / 0 pending / 153,650 (0.0%) gas / (0xdad15381e72ef9619de25b5482869c279c07a1b6dfcc6638c640af54565c7e84)
2026-10-07 11:18:25.307+00:00 | EthScheduler-Workers-0 | INFO  | PersistBlockTask | Imported #578 / 0 tx / 0 om / 0 (0.0%) gas / (0xb31d25f6182b7c415e74a319a6b59ef2a68e65b7fbd6972f3d67c13869cc4863) in 0.004s. Peers: 14
2026-10-07 11:18:25.308+00:00 | BftProcessorExecutor-QBFT-0 | INFO  | QbftBesuControllerBuilder | Imported #578 / 0 tx / 0 pending / 0 (0.0%) gas / (0xb31d25f6182b7c415e74a319a6b59ef2a68e65b7fbd6972f3d67c13869cc4863)
2026-10-07 11:18:27.286+00:00 | BftProcessorExecutor-QBFT-0 | INFO  | QbftBesuControllerBuilder | Imported #579 / 0 tx / 0 pending / 0 (0.0%) gas / (0x2598c4bdc3faf031f8936c65f490561718e55948928449406fd035e93e24f1e9)
2026-10-07 11:18:29.287+00:00 | BftProcessorExecutor-QBFT-0 | INFO  | QbftBesuControllerBuilder | Imported #580 / 0 tx / 0 pending / 0 (0.0%) gas / (0xbff6c4762625abec1e48660760069156d4805bec8972ccdaf5877e5f42a99143)
2026-10-07 11:18:31.292+00:00 | BftProcessorExecutor-QBFT-0 | INFO  | QbftBesuControllerBuilder | Imported #581 / 0 tx / 0 pending / 0 (0.0%) gas / (0x0f848d8108da1b84329c8f9dc2965dac5c921a2b8bcd1dffc6450635554c46cd)
2026-10-07 11:18:31.295+00:00 | EthScheduler-Workers-0 | INFO  | PersistBlockTask | Block 581 (0x0f848d8108da1b84329c8f9dc2965dac5c921a2b8bcd1dffc6450635554c46cd) is already imported
2026-10-07 11:18:33.293+00:00 | BftProcessorExecutor-QBFT-0 | INFO  | QbftBesuControllerBuilder | Imported #582 / 0 tx / 0 pending / 0 (0.0%) gas / (0x23996d245f1e152c5790d4c213f1d825128b11b2896da04d05f927dd486f0b4c)
2026-10-07 11:18:35.320+00:00 | BftProcessorExecutor-QBFT-0 | INFO  | QbftBesuControllerBuilder | Imported #583 / 0 tx / 0 pending / 0 (0.0%) gas / (0x9e00322a8fc1d1ee69d03b0ae62470eb810a0ae95ed932bb82cd65c2c234ef07)
2026-10-07 11:18:37.281+00:00 | BftProcessorExecutor-QBFT-0 | INFO  | QbftBesuControllerBuilder | Produced #584 / 0 tx / 0 pending / 0 (0.0%) gas / (0x5f965934a45a9c7b4cc0ade8a7326305657329147dbc097b4203ece375fc6aaf)
2026-10-07 11:18:39.286+00:00 | BftProcessorExecutor-QBFT-0 | INFO  | QbftBesuControllerBuilder | Imported #585 / 0 tx / 0 pending / 0 (0.0%) gas / (0xa3b081c5a0b1ca74783bd0c700a7e41b33bf49d20ba065a6c0977bf1659a3440)
2026-10-07 11:18:39.289+00:00 | EthScheduler-Workers-0 | INFO  | PersistBlockTask | Block 585 (0xa3b081c5a0b1ca74783bd0c700a7e41b33bf49d20ba065a6c0977bf1659a3440) is already imported
2026-10-07 11:18:41.306+00:00 | EthScheduler-Workers-0 | INFO  | PersistBlockTask | Block 586 (0xb4f95b6ff1aa0ea3e308af73cf2f603027d20478b986153937aa158a09d47775) is already imported
2026-10-07 11:18:41.306+00:00 | BftProcessorExecutor-QBFT-0 | INFO  | QbftBesuControllerBuilder | Imported #586 / 0 tx / 0 pending / 0 (0.0%) gas / (0xb4f95b6ff1aa0ea3e308af73cf2f603027d20478b986153937aa158a09d47775)
2026-10-07 11:18:43.297+00:00 | BftProcessorExecutor-QBFT-0 | INFO  | QbftBesuControllerBuilder | Imported #587 / 0 tx / 0 pending / 0 (0.0%) gas / (0x90557cb57a3fe9f4e6a47652aab42f491d47282c638074e2bd49b6e523130ff9)
2026-10-07 11:18:45.318+00:00 | BftProcessorExecutor-QBFT-0 | INFO  | QbftBesuControllerBuilder | Imported #588 / 0 tx / 0 pending / 0 (0.0%) gas / (0x929d64f1505dcb063039fe94dbf90def932cbec09c7ae130c0e63e22c79269b2)
2026-10-07 11:18:47.294+00:00 | BftProcessorExecutor-QBFT-0 | INFO  | QbftBesuControllerBuilder | Imported #589 / 0 tx / 0 pending / 0 (0.0%) gas / (0xc7a7fe510c5e06d765a5e9fb4c866be7636290171dbd3b8f7ae873eaead8efa7)
2026-10-07 11:18:49.273+00:00 | BftProcessorExecutor-QBFT-0 | INFO  | QbftBesuControllerBuilder | Imported #590 / 0 tx / 0 pending / 0 (0.0%) gas / (0xb9d8a423082475527c64e63424aacda9b71b03b36ecf2c4d7c665b84ff68b594)
2026-10-07 11:18:51.291+00:00 | BftProcessorExecutor-QBFT-0 | INFO  | QbftBesuControllerBuilder | Imported #591 / 0 tx / 0 pending / 0 (0.0%) gas / (0x0199646056d47c118622dc6b6025d876a0fd7a5ed7ca06ca07a4db2203770ff0)
2026-10-07 11:18:53.287+00:00 | BftProcessorExecutor-QBFT-0 | INFO  | QbftBesuControllerBuilder | Imported #592 / 0 tx / 0 pending / 0 (0.0%) gas / (0x5e898b3421888180988fd20c80437ae1f1d606c273f9245fb9056bdd3b400169)
2026-10-07 11:18:53.292+00:00 | EthScheduler-Workers-0 | INFO  | PersistBlockTask | Block 592 (0x5e898b3421888180988fd20c80437ae1f1d606c273f9245fb9056bdd3b400169) is already imported
2026-10-07 11:18:55.314+00:00 | BftProcessorExecutor-QBFT-0 | INFO  | QbftBesuControllerBuilder | Imported #593 / 0 tx / 0 pending / 0 (0.0%) gas / (0x7f423b15c32a2ba358853e4e60a2e89f279f90d67a585f36c33032460bb32985)
2026-10-07 11:18:57.284+00:00 | BftProcessorExecutor-QBFT-0 | INFO  | QbftBesuControllerBuilder | Imported #594 / 0 tx / 0 pending / 0 (0.0%) gas / (0xd97296220e88e58eb738104b5e6bf1ed818ddaa56c8a82a71a8b85e0bf87a64d)
2026-10-07 11:18:59.277+00:00 | BftProcessorExecutor-QBFT-0 | INFO  | QbftBesuControllerBuilder | Imported #595 / 0 tx / 0 pending / 0 (0.0%) gas / (0x12b7cfe598f74ae48950731d88514cf1e9208cb88f198afd459ffa5f707df914)
2026-10-07 11:19:01.295+00:00 | BftProcessorExecutor-QBFT-0 | INFO  | QbftBesuControllerBuilder | Imported #596 / 0 tx / 0 pending / 0 (0.0%) gas / (0x64409036ef9ed4b106a8784a638dc2439bc17b6bd2072acaeade7370e0e00e6d)
2026-10-07 11:19:01.295+00:00 | EthScheduler-Workers-0 | INFO  | PersistBlockTask | Block 596 (0x64409036ef9ed4b106a8784a638dc2439bc17b6bd2072acaeade7370e0e00e6d) is already imported
2026-10-07 11:19:03.282+00:00 | BftProcessorExecutor-QBFT-0 | INFO  | QbftBesuControllerBuilder | Imported #597 / 0 tx / 0 pending / 0 (0.0%) gas / (0xe2ab4652c04e1fbb7a7dffd3ad8c1da9e36e45fa460164a372a666e89e6ba8f2)
2026-10-07 11:19:05.305+00:00 | BftProcessorExecutor-QBFT-0 | INFO  | QbftBesuControllerBuilder | Imported #598 / 0 tx / 0 pending / 0 (0.0%) gas / (0x23a4478a21782ef4a23237d586ff312d4636b68d39d5c6474063436c6eac8ed4)
2026-10-07 11:19:07.284+00:00 | BftProcessorExecutor-QBFT-0 | INFO  | QbftBesuControllerBuilder | Produced #599 / 0 tx / 0 pending / 0 (0.0%) gas / (0x8c5c75d9d8befd40330f49be24777b83fcd766462d5321afdd649f8b2778f51b)
2026-10-07 11:19:09.284+00:00 | EthScheduler-Workers-0 | INFO  | PersistBlockTask | Block 600 (0x96128f6adba3bdd8efebc243595c6e9ec3ea1cda35d986134b60819c1c664c9a) is already imported
2026-10-07 11:19:09.284+00:00 | BftProcessorExecutor-QBFT-0 | INFO  | QbftBesuControllerBuilder | Imported #600 / 0 tx / 0 pending / 0 (0.0%) gas / (0x96128f6adba3bdd8efebc243595c6e9ec3ea1cda35d986134b60819c1c664c9a)
2026-10-07 11:19:11.294+00:00 | BftProcessorExecutor-QBFT-0 | INFO  | QbftBesuControllerBuilder | Imported #601 / 0 tx / 0 pending / 0 (0.0%) gas / (0xf9663d102b554fbe04219b0f43dc12bb9cfe038ce8d4447d432a56e29951ca86)
2026-10-07 11:19:13.294+00:00 | BftProcessorExecutor-QBFT-0 | INFO  | QbftBesuControllerBuilder | Imported #602 / 0 tx / 0 pending / 0 (0.0%) gas / (0xf3dd94e332fb7481f852dcccd9a887cc84dfad1ac1e2354f44e0263dd4be5701)
2026-10-07 11:19:15.315+00:00 | BftProcessorExecutor-QBFT-0 | INFO  | QbftBesuControllerBuilder | Imported #603 / 0 tx / 0 pending / 0 (0.0%) gas / (0x552cfbc96310758868533af1d0d1281c39076f3766d21593e25308131ee94d53)
2026-10-07 11:19:15.320+00:00 | EthScheduler-Workers-0 | INFO  | PersistBlockTask | Block 603 (0x552cfbc96310758868533af1d0d1281c39076f3766d21593e25308131ee94d53) is already imported
2026-10-07 11:19:17.288+00:00 | BftProcessorExecutor-QBFT-0 | INFO  | QbftBesuControllerBuilder | Imported #604 / 0 tx / 0 pending / 0 (0.0%) gas / (0xfdf2d3a27dbbe5ea8b648b161b00caa6b698512e7536a0e2155bc08a753feee7)
2026-10-07 11:19:17.292+00:00 | EthScheduler-Workers-0 | INFO  | PersistBlockTask | Block 604 (0xfdf2d3a27dbbe5ea8b648b161b00caa6b698512e7536a0e2155bc08a753feee7) is already imported
2026-10-07 11:19:19.273+00:00 | BftProcessorExecutor-QBFT-0 | INFO  | QbftBesuControllerBuilder | Imported #605 / 0 tx / 0 pending / 0 (0.0%) gas / (0x268e4745a9cdd9be8db339465f47eba0de2eb4daec4f4c86addf21ec5ee453a0)
2026-10-07 11:19:21.292+00:00 | BftProcessorExecutor-QBFT-0 | INFO  | QbftBesuControllerBuilder | Imported #606 / 0 tx / 0 pending / 0 (0.0%) gas / (0x5a9afce1cf5b7e9d8c4745636a8694b727baa2f8cc3905a329c90c1088a9c31e)
2026-10-07 11:19:21.296+00:00 | EthScheduler-Workers-0 | INFO  | PersistBlockTask | Block 606 (0x5a9afce1cf5b7e9d8c4745636a8694b727baa2f8cc3905a329c90c1088a9c31e) is already imported
2026-10-07 11:19:23.277+00:00 | BftProcessorExecutor-QBFT-0 | INFO  | QbftBesuControllerBuilder | Imported #607 / 0 tx / 0 pending / 0 (0.0%) gas / (0x2ab78df77182408ebbe57aabd10912c2f9d1e4da0f74e303701dde4f7ad19403)
2026-10-07 11:19:25.305+00:00 | BftProcessorExecutor-QBFT-0 | INFO  | QbftBesuControllerBuilder | Imported #608 / 0 tx / 0 pending / 0 (0.0%) gas / (0x935d34a11e5ed72691b6919e87698bc673d3c2edd87963667f972ebd9c976361)
2026-10-07 11:19:27.297+00:00 | BftProcessorExecutor-QBFT-0 | INFO  | QbftBesuControllerBuilder | Imported #609 / 0 tx / 0 pending / 0 (0.0%) gas / (0x0c4db89b1eae192b704c99dc201f6ee42ef2c52c972df03cdf54c233c059e678)
2026-10-07 11:19:29.631+00:00 | BftProcessorExecutor-QBFT-0 | INFO  | QbftBesuControllerBuilder | Imported #610 / 13 tx / 282 pending / 3,145,610 (0.0%) gas / (0xeb64eb8271704a34d5d3f2df6a10e753b580c5b3b1a71509851340635525ffb9)
2026-10-07 11:19:31.869+00:00 | BftProcessorExecutor-QBFT-0 | INFO  | QbftBesuControllerBuilder | Imported #611 / 31 tx / 612 pending / 7,501,070 (0.0%) gas / (0x116494074eff0012661b90906edf295b60d86e3712bd08dda9de28a7bf98ab4b)
2026-10-07 11:19:34.212+00:00 | EthScheduler-Workers-0 | INFO  | PersistBlockTask | Block 612 (0xb7f471ec3d8a85310a57baab56528f53a691d6a430263be6ff5c8ec761871586) is already imported
2026-10-07 11:19:34.213+00:00 | BftProcessorExecutor-QBFT-0 | INFO  | QbftBesuControllerBuilder | Imported #612 / 57 tx / 1043 pending / 13,792,290 (0.0%) gas / (0xb7f471ec3d8a85310a57baab56528f53a691d6a430263be6ff5c8ec761871586)
2026-10-07 11:19:36.504+00:00 | BftProcessorExecutor-QBFT-0 | INFO  | QbftBesuControllerBuilder | Imported #613 / 85 tx / 1474 pending / 20,567,450 (0.0%) gas / (0x494ebaa3b29d8b0323d15258e9107b3621fcf8c5a76663418e1616926db969c5)
2026-10-07 11:19:39.087+00:00 | BftProcessorExecutor-QBFT-0 | INFO  | QbftBesuControllerBuilder | Produced #614 / 123 tx / 2240 pending / 29,762,310 (0.0%) gas / (0xee393a815f7506d253e57b19bf445149cf35233b29742c1b1053e81be6d44e86)
2026-10-07 11:19:41.777+00:00 | BftProcessorExecutor-QBFT-0 | INFO  | QbftBesuControllerBuilder | Imported #615 / 176 tx / 3002 pending / 42,586,720 (0.0%) gas / (0x9c53411cbcbb822bd6bd8926e98c06dacadb4a03c665494967358f8092d64fe2)
2026-10-07 11:19:45.397+00:00 | BftProcessorExecutor-QBFT-0 | INFO  | QbftBesuControllerBuilder | Imported #616 / 240 tx / 4204 pending / 58,072,800 (0.0%) gas / (0x719cbea5f39f01cdedde67549ec50fbcf7004d776fac86adc615a241be848e52)
2026-10-07 11:19:50.239+00:00 | BftProcessorExecutor-QBFT-0 | INFO  | QbftBesuControllerBuilder | Imported #617 / 327 tx / 5976 pending / 79,124,190 (0.0%) gas / (0x54000148a342fafb20f69e26fc01e5394afda0f8bbd79983b64b862ba6ad94dc)
2026-10-07 11:19:55.121+00:00 | BftProcessorExecutor-QBFT-0 | INFO  | QbftBesuControllerBuilder | Imported #618 / 338 tx / 7968 pending / 81,785,860 (0.0%) gas / (0x537f8acd0c159ea4be78b8a03a58a07b2d5de55275ef55b18bd1cbf7fe6ef626)
2026-10-07 11:20:00.005+00:00 | BftProcessorExecutor-QBFT-0 | INFO  | QbftBesuControllerBuilder | Imported #619 / 336 tx / 9419 pending / 81,301,920 (0.0%) gas / (0x2bfc3a73bc6e29ccc96538679803318068fa7ef03131ef80fb56b1e95c8d5ad4)
2026-10-07 11:20:04.783+00:00 | BftProcessorExecutor-QBFT-0 | INFO  | QbftBesuControllerBuilder | Imported #620 / 330 tx / 11043 pending / 79,850,100 (0.0%) gas / (0x00fc7193b561a67e409532370930091614c78b6ad82d043a431c8e3b9021247e)
2026-10-07 11:20:09.744+00:00 | BftProcessorExecutor-QBFT-0 | INFO  | QbftBesuControllerBuilder | Imported #621 / 339 tx / 12694 pending / 82,027,830 (0.0%) gas / (0x3ac2087f71dcc75ad6956b106602f23de512d89343f7ed8945d028fef9ab5c60)
2026-10-07 11:20:14.662+00:00 | BftProcessorExecutor-QBFT-0 | INFO  | QbftBesuControllerBuilder | Imported #622 / 341 tx / 13648 pending / 82,511,770 (0.0%) gas / (0xa9462c51b26186b7e071849dcc0efc89ef1b31e67eb365862e6e4aa8f759daf2)
2026-10-07 11:20:19.759+00:00 | BftProcessorExecutor-QBFT-0 | INFO  | QbftBesuControllerBuilder | Imported #623 / 351 tx / 13297 pending / 84,931,470 (0.0%) gas / (0x34d9b8261df9c33a0a133983c0860d8646eaff7fc029d0839ddfb97564e24dae)
2026-10-07 11:20:24.760+00:00 | BftProcessorExecutor-QBFT-0 | INFO  | QbftBesuControllerBuilder | Imported #624 / 332 tx / 12965 pending / 80,334,040 (0.0%) gas / (0xfcda1130dc975bfeed3f326a816b0b143d6f525b536b3e756965c282f70a6075)
2026-10-07 11:20:29.737+00:00 | EthScheduler-Workers-0 | INFO  | PersistBlockTask | Block 625 (0x031a8fa945084796a43d20e8cbb742d5ed16c768b18ab55e9b8c4cdd87e8c1b4) is already imported
2026-10-07 11:20:29.742+00:00 | BftProcessorExecutor-QBFT-0 | INFO  | QbftBesuControllerBuilder | Imported #625 / 345 tx / 12620 pending / 83,479,650 (0.0%) gas / (0x031a8fa945084796a43d20e8cbb742d5ed16c768b18ab55e9b8c4cdd87e8c1b4)
2026-10-07 11:20:34.731+00:00 | BftProcessorExecutor-QBFT-0 | INFO  | QbftBesuControllerBuilder | Imported #626 / 349 tx / 12271 pending / 84,447,530 (0.0%) gas / (0x209354a347554ffcfe3efe6bdb22567601d1d1fd2d29f9c0ec1cb34f2eb0baa4)
2026-10-07 11:20:39.853+00:00 | BftProcessorExecutor-QBFT-0 | INFO  | QbftBesuControllerBuilder | Imported #627 / 348 tx / 11923 pending / 84,205,560 (0.0%) gas / (0x36a38e3f2135d6d11d187744366a010a41d70e0d3732d78fd303b1c8e30f0fa3)
2026-10-07 11:20:45.086+00:00 | BftProcessorExecutor-QBFT-0 | INFO  | QbftBesuControllerBuilder | Imported #628 / 374 tx / 11549 pending / 90,496,780 (0.0%) gas / (0x881379884c0408a0e6d14be6eb94248e4898c2329559cda2e3d934e83634c0f0)
2026-10-07 11:20:46.592+00:00 | BftProcessorExecutor-QBFT-0 | WARN  | BlockTransactionSelector | Interrupting the selection of transactions for block inclusion as it exceeds the maximum configured duration of 1500ms
java.util.concurrent.TimeoutException
	at java.base/java.util.concurrent.CompletableFuture.timedGet(CompletableFuture.java:1960)
	at java.base/java.util.concurrent.CompletableFuture.get(CompletableFuture.java:2095)
	at org.hyperledger.besu.ethereum.blockcreation.txselection.BlockTransactionSelector.timeLimitedSelection(BlockTransactionSelector.java:186)
	at org.hyperledger.besu.ethereum.blockcreation.txselection.BlockTransactionSelector.buildTransactionListForBlock(BlockTransactionSelector.java:169)
	at org.hyperledger.besu.ethereum.blockcreation.AbstractBlockCreator.selectTransactions(AbstractBlockCreator.java:376)
	at org.hyperledger.besu.ethereum.blockcreation.AbstractBlockCreator.createBlock(AbstractBlockCreator.java:218)
	at org.hyperledger.besu.ethereum.blockcreation.AbstractBlockCreator.createBlock(AbstractBlockCreator.java:146)
	at org.hyperledger.besu.consensus.common.bft.blockcreation.BftBlockCreator.createBlock(BftBlockCreator.java:92)
	at org.hyperledger.besu.consensus.qbft.statemachine.QbftRound.createAndSendProposalMessage(QbftRound.java:137)
	at org.hyperledger.besu.consensus.qbft.statemachine.QbftBlockHeightManager.handleBlockTimerExpiry(QbftBlockHeightManager.java:140)
	at org.hyperledger.besu.consensus.common.bft.statemachine.BaseBftController.handleBlockTimerExpiry(BaseBftController.java:167)
	at org.hyperledger.besu.consensus.common.bft.EventMultiplexer.handleBftEvent(EventMultiplexer.java:65)
	at java.base/java.util.Optional.ifPresent(Optional.java:178)
	at org.hyperledger.besu.consensus.common.bft.BftProcessor.run(BftProcessor.java:65)
	at java.base/java.util.concurrent.ThreadPoolExecutor.runWorker(ThreadPoolExecutor.java:1144)
	at java.base/java.util.concurrent.ThreadPoolExecutor$Worker.run(ThreadPoolExecutor.java:642)
	at java.base/java.lang.Thread.run(Thread.java:1583)
2026-10-07 11:20:50.163+00:00 | BftProcessorExecutor-QBFT-0 | INFO  | QbftBesuControllerBuilder | Produced #629 / 357 tx / 11192 pending / 86,383,290 (0.0%) gas / (0xff71521ab88e1fe05012706731c30e5b113d19ccdaafbe18709acfe51df633f3)
2026-10-07 11:20:55.363+00:00 | BftProcessorExecutor-QBFT-0 | INFO  | QbftBesuControllerBuilder | Imported #630 / 348 tx / 10844 pending / 84,205,560 (0.0%) gas / (0x2af81ac84ff8b3858647d2f84ef0bb1b0f0a6678147990d664b6549f9267798e)
2026-10-07 11:21:00.388+00:00 | BftProcessorExecutor-QBFT-0 | INFO  | QbftBesuControllerBuilder | Imported #631 / 347 tx / 10497 pending / 83,963,590 (0.0%) gas / (0x914babb07644ee7d129425aa38927e4d018ee7dcccd1c45971c218b8bbc4260f)
2026-10-07 11:21:05.453+00:00 | BftProcessorExecutor-QBFT-0 | INFO  | QbftBesuControllerBuilder | Imported #632 / 347 tx / 10150 pending / 83,963,590 (0.0%) gas / (0x7aca330ccb8335d60765495e6eec29ca03e85e4d7ce6f09d9632da39d20c7fb9)
2026-10-07 11:21:10.912+00:00 | BftProcessorExecutor-QBFT-0 | INFO  | QbftBesuControllerBuilder | Imported #633 / 348 tx / 9802 pending / 84,205,560 (0.0%) gas / (0x6ffc0e76990378cf261cdfd4974c49668ba78e81efacb82c90cc92baa545a96d)
2026-10-07 11:21:15.910+00:00 | BftProcessorExecutor-QBFT-0 | INFO  | QbftBesuControllerBuilder | Imported #634 / 339 tx / 9463 pending / 82,027,830 (0.0%) gas / (0x093a75d4d4eab9eb966a57b31c7f28755823170f45e58cda5f30bab946a4ad2b)
2026-10-07 11:21:21.109+00:00 | BftProcessorExecutor-QBFT-0 | INFO  | QbftBesuControllerBuilder | Imported #635 / 358 tx / 9105 pending / 86,625,260 (0.0%) gas / (0xad94cfee03610f7780fcc4b2054fbcf2a47ee8294f8ea6207562108ab7a6bace)
2026-10-07 11:21:26.215+00:00 | BftProcessorExecutor-QBFT-0 | INFO  | QbftBesuControllerBuilder | Imported #636 / 347 tx / 8758 pending / 83,963,590 (0.0%) gas / (0x05cc22bf399ce6e2f712e001344c776aeaf79de22216a658ed718c343625c3ef)
2026-10-07 11:21:31.307+00:00 | BftProcessorExecutor-QBFT-0 | INFO  | QbftBesuControllerBuilder | Imported #637 / 346 tx / 8412 pending / 83,721,620 (0.0%) gas / (0xf8461f92ac5d611b9fbb9590048af0a0a41029514c95fbef1ca98e2e2e682ab3)
2026-10-07 11:21:36.558+00:00 | BftProcessorExecutor-QBFT-0 | INFO  | QbftBesuControllerBuilder | Imported #638 / 350 tx / 8062 pending / 84,689,500 (0.0%) gas / (0xed3328f51af305c689c026d19fcad38e1715594176e82c916cc50cb676853026)
2026-10-07 11:21:41.584+00:00 | BftProcessorExecutor-QBFT-0 | INFO  | QbftBesuControllerBuilder | Imported #639 / 348 tx / 7714 pending / 84,205,560 (0.0%) gas / (0x68e248f5b39d87c8e7773cef84c1b619dcd1b4e4b209516e58569a79afab5252)
2026-10-07 11:21:46.516+00:00 | BftProcessorExecutor-QBFT-0 | INFO  | QbftBesuControllerBuilder | Imported #640 / 347 tx / 7367 pending / 83,963,590 (0.0%) gas / (0x2fa0f6434472bc13e96684317fddbdfeb4cd41ff40aa1540350104ef0939417e)
2026-10-07 11:21:51.726+00:00 | BftProcessorExecutor-QBFT-0 | INFO  | QbftBesuControllerBuilder | Imported #641 / 345 tx / 7022 pending / 83,479,650 (0.0%) gas / (0x8326c35587ef08a5e5577864497036be1ac04531ce922035afa6cceafee777a6)
2026-10-07 11:21:56.703+00:00 | BftProcessorExecutor-QBFT-0 | INFO  | QbftBesuControllerBuilder | Imported #642 / 344 tx / 6678 pending / 83,237,680 (0.0%) gas / (0xa5da192819f4135d4264511fb6a8b5b1b96d8b7bf9ef4f248681fa7e48279a10)
2026-10-07 11:22:02.022+00:00 | BftProcessorExecutor-QBFT-0 | INFO  | QbftBesuControllerBuilder | Imported #643 / 369 tx / 6309 pending / 89,286,930 (0.0%) gas / (0x0e33fc8ad0c8d1ebe4de171d98b6c789511ea59e0f55fa354f775214b6ed6608)
2026-10-07 11:22:03.528+00:00 | BftProcessorExecutor-QBFT-0 | WARN  | BlockTransactionSelector | Interrupting the selection of transactions for block inclusion as it exceeds the maximum configured duration of 1500ms
java.util.concurrent.TimeoutException
	at java.base/java.util.concurrent.CompletableFuture.timedGet(CompletableFuture.java:1960)
	at java.base/java.util.concurrent.CompletableFuture.get(CompletableFuture.java:2095)
	at org.hyperledger.besu.ethereum.blockcreation.txselection.BlockTransactionSelector.timeLimitedSelection(BlockTransactionSelector.java:186)
	at org.hyperledger.besu.ethereum.blockcreation.txselection.BlockTransactionSelector.buildTransactionListForBlock(BlockTransactionSelector.java:169)
	at org.hyperledger.besu.ethereum.blockcreation.AbstractBlockCreator.selectTransactions(AbstractBlockCreator.java:376)
	at org.hyperledger.besu.ethereum.blockcreation.AbstractBlockCreator.createBlock(AbstractBlockCreator.java:218)
	at org.hyperledger.besu.ethereum.blockcreation.AbstractBlockCreator.createBlock(AbstractBlockCreator.java:146)
	at org.hyperledger.besu.consensus.common.bft.blockcreation.BftBlockCreator.createBlock(BftBlockCreator.java:92)
	at org.hyperledger.besu.consensus.qbft.statemachine.QbftRound.createAndSendProposalMessage(QbftRound.java:137)
	at org.hyperledger.besu.consensus.qbft.statemachine.QbftBlockHeightManager.handleBlockTimerExpiry(QbftBlockHeightManager.java:140)
	at org.hyperledger.besu.consensus.common.bft.statemachine.BaseBftController.handleBlockTimerExpiry(BaseBftController.java:167)
	at org.hyperledger.besu.consensus.common.bft.EventMultiplexer.handleBftEvent(EventMultiplexer.java:65)
	at java.base/java.util.Optional.ifPresent(Optional.java:178)
	at org.hyperledger.besu.consensus.common.bft.BftProcessor.run(BftProcessor.java:65)
	at java.base/java.util.concurrent.ThreadPoolExecutor.runWorker(ThreadPoolExecutor.java:1144)
	at java.base/java.util.concurrent.ThreadPoolExecutor$Worker.run(ThreadPoolExecutor.java:642)
	at java.base/java.lang.Thread.run(Thread.java:1583)
2026-10-07 11:22:07.091+00:00 | BftProcessorExecutor-QBFT-0 | INFO  | QbftBesuControllerBuilder | Produced #644 / 353 tx / 5956 pending / 85,415,410 (0.0%) gas / (0xa8773a31216eb99c7769986dd223b8481832b1d9a42b3bf42b9609167973c7ca)
2026-10-07 11:22:12.120+00:00 | BftProcessorExecutor-QBFT-0 | INFO  | QbftBesuControllerBuilder | Imported #645 / 345 tx / 5611 pending / 83,479,650 (0.0%) gas / (0x8bda5d15654e4624e84545139b005bb4edc1c1f6db0f606aa360ca8c3b709fd2)
2026-10-07 11:22:17.302+00:00 | EthScheduler-Workers-0 | INFO  | PersistBlockTask | Block 646 (0xe12bb6e9ead687f65bb35ae7770e45584123bc08ea03db6aa65dc83cef3c6bde) is already imported
2026-10-07 11:22:17.307+00:00 | BftProcessorExecutor-QBFT-0 | INFO  | QbftBesuControllerBuilder | Imported #646 / 339 tx / 5272 pending / 82,027,830 (0.0%) gas / (0xe12bb6e9ead687f65bb35ae7770e45584123bc08ea03db6aa65dc83cef3c6bde)
2026-10-07 11:22:22.350+00:00 | BftProcessorExecutor-QBFT-0 | INFO  | QbftBesuControllerBuilder | Imported #647 / 347 tx / 4925 pending / 83,963,590 (0.0%) gas / (0x954f8a3c17d731c5515d639834e5ab4d64bede6381576aacf4c28602d55e21b0)
2026-10-07 11:22:27.434+00:00 | BftProcessorExecutor-QBFT-0 | INFO  | QbftBesuControllerBuilder | Imported #648 / 348 tx / 4577 pending / 84,205,560 (0.0%) gas / (0x9e843434dcf3dcfca641d016f03488f5f0e9dde4f43659c0dca3ab618861b5e9)
2026-10-07 11:22:32.512+00:00 | EthScheduler-Workers-0 | INFO  | PersistBlockTask | Block 649 (0xccb6865bc4ce9e321ace83ae58baaf3a309f44017da92702d2a2551910c4f4f8) is already imported
2026-10-07 11:22:32.516+00:00 | BftProcessorExecutor-QBFT-0 | INFO  | QbftBesuControllerBuilder | Imported #649 / 339 tx / 4238 pending / 82,027,830 (0.0%) gas / (0xccb6865bc4ce9e321ace83ae58baaf3a309f44017da92702d2a2551910c4f4f8)
2026-10-07 11:22:37.355+00:00 | BftProcessorExecutor-QBFT-0 | INFO  | QbftBesuControllerBuilder | Imported #650 / 346 tx / 3892 pending / 83,721,620 (0.0%) gas / (0x909fb5e1c057dadc463b212827fe86f158ded5cfa07d0cee2c286f47e21bd0c6)
2026-10-07 11:22:42.600+00:00 | EthScheduler-Workers-0 | INFO  | PersistBlockTask | Block 651 (0x71fedecca721ebc9324027b4fa765dd86e78b842781db101f4cae01f7640504d) is already imported
2026-10-07 11:22:42.603+00:00 | BftProcessorExecutor-QBFT-0 | INFO  | QbftBesuControllerBuilder | Imported #651 / 346 tx / 3546 pending / 83,721,620 (0.0%) gas / (0x71fedecca721ebc9324027b4fa765dd86e78b842781db101f4cae01f7640504d)
2026-10-07 11:22:47.476+00:00 | BftProcessorExecutor-QBFT-0 | INFO  | QbftBesuControllerBuilder | Imported #652 / 336 tx / 3210 pending / 81,301,920 (0.0%) gas / (0x3f5dead37f2985b4d0bd63e5df01e4ddae37a096d99e9da55728c217a5d23dce)
2026-10-07 11:22:52.569+00:00 | BftProcessorExecutor-QBFT-0 | INFO  | QbftBesuControllerBuilder | Imported #653 / 348 tx / 2862 pending / 84,205,560 (0.0%) gas / (0x210071ab1f3609351ebde890d25c6130f8cd1c5b0461a836c3a9eeec27365c8e)
2026-10-07 11:22:57.556+00:00 | BftProcessorExecutor-QBFT-0 | INFO  | QbftBesuControllerBuilder | Imported #654 / 331 tx / 2531 pending / 80,092,070 (0.0%) gas / (0x9cb38e3fafadc255289e9da3718dc820c6dd4a79959e1dfde8072509e26bea53)
2026-10-07 11:23:02.641+00:00 | BftProcessorExecutor-QBFT-0 | INFO  | QbftBesuControllerBuilder | Imported #655 / 370 tx / 2161 pending / 89,528,900 (0.0%) gas / (0x61ca80ee629a42d087a41f4634e33ed74d0833299c8c1664ebc1be0efd27fa3a)
2026-10-07 11:23:07.718+00:00 | BftProcessorExecutor-QBFT-0 | INFO  | QbftBesuControllerBuilder | Imported #656 / 349 tx / 1812 pending / 84,447,530 (0.0%) gas / (0x001054e58cb1fdd596a51406f6dfb7ae4eaf2b94783e97e5a1904e7ee2d21d36)
2026-10-07 11:23:12.732+00:00 | BftProcessorExecutor-QBFT-0 | INFO  | QbftBesuControllerBuilder | Imported #657 / 340 tx / 1472 pending / 82,269,800 (0.0%) gas / (0x0ede28c59a9c13dde57aebe2cbf7d68818d3aa0b4f0e94079defb8588a2fcb53)
2026-10-07 11:23:16.461+00:00 | BftProcessorExecutor-QBFT-0 | INFO  | QbftBesuControllerBuilder | Imported #658 / 261 tx / 1211 pending / 63,154,170 (0.0%) gas / (0x87044c36da690ec5c5ba517f9d0a23351a8f0d8a84a11bcf8fb7b16cc76a0ef2)
2026-10-07 11:23:20.304+00:00 | BftProcessorExecutor-QBFT-0 | INFO  | QbftBesuControllerBuilder | Produced #659 / 256 tx / 955 pending / 61,944,320 (0.0%) gas / (0xf17486219b25c9246a50da80d848275979e4e02639f030480fe7c91dfd95bd57)
2026-10-07 11:23:23.693+00:00 | BftProcessorExecutor-QBFT-0 | INFO  | QbftBesuControllerBuilder | Imported #660 / 229 tx / 726 pending / 55,411,130 (0.0%) gas / (0x4769e5a6f25b2db13554af8a2e01d64617d19df7f79baaf37b24dd3b86f684a8)
2026-10-07 11:23:26.562+00:00 | BftProcessorExecutor-QBFT-0 | INFO  | QbftBesuControllerBuilder | Imported #661 / 172 tx / 554 pending / 41,618,840 (0.0%) gas / (0xb2343ecddf4bb7f12fc3c35b20f534d099d6cf71e1275ae8dfb673fe10b2c048)
2026-10-07 11:23:27.853+00:00 | BftProcessorExecutor-QBFT-0 | INFO  | QbftBesuControllerBuilder | Imported #662 / 77 tx / 477 pending / 18,631,690 (0.0%) gas / (0x3240b824a6173ecaa17e865e465705b09bb55c4daaecdd2e68c219cf137bb1b6)
2026-10-07 11:23:30.278+00:00 | BftProcessorExecutor-QBFT-0 | INFO  | QbftBesuControllerBuilder | Imported #663 / 64 tx / 413 pending / 15,486,080 (0.0%) gas / (0xb173a99c03f7026fed1871518d6e5d1e105280e05a77b49487fd2c2012fe6e5f)
2026-10-07 11:23:32.587+00:00 | BftProcessorExecutor-QBFT-0 | INFO  | QbftBesuControllerBuilder | Imported #664 / 84 tx / 329 pending / 20,325,480 (0.0%) gas / (0x357a3ba85a0d3fb9b127a9c0634a22e8c843d770f30a7fd12bbdc2d5f585ccdc)
2026-10-07 11:23:34.074+00:00 | BftProcessorExecutor-QBFT-0 | INFO  | QbftBesuControllerBuilder | Imported #665 / 56 tx / 273 pending / 13,550,320 (0.0%) gas / (0x437c177ca79569bbd1f083c953dbda3870662fb9df84a543826513635dd9e9f4)
2026-10-07 11:23:36.114+00:00 | BftProcessorExecutor-QBFT-0 | INFO  | QbftBesuControllerBuilder | Imported #666 / 58 tx / 215 pending / 14,034,260 (0.0%) gas / (0x1efe7208c2ab5d09ad987bf75b75bb4be0ffd82d2a622cb6bbd9c2569d5d45fc)
2026-10-07 11:23:38.250+00:00 | EthScheduler-Workers-0 | INFO  | PersistBlockTask | Block 667 (0x879d724d939c95fb130a54e4fe95bd228f1c8f9d46213f54837685810bcc2a95) is already imported
2026-10-07 11:23:38.250+00:00 | BftProcessorExecutor-QBFT-0 | INFO  | QbftBesuControllerBuilder | Imported #667 / 67 tx / 148 pending / 16,211,990 (0.0%) gas / (0x879d724d939c95fb130a54e4fe95bd228f1c8f9d46213f54837685810bcc2a95)
2026-10-07 11:23:39.948+00:00 | EthScheduler-Workers-0 | INFO  | PersistBlockTask | Block 668 (0x163ce05b4a83bd2ef8997ad4108c0a0fca01c41a776f157cdbbb4484031e66e1) is already imported
2026-10-07 11:23:39.949+00:00 | BftProcessorExecutor-QBFT-0 | INFO  | QbftBesuControllerBuilder | Imported #668 / 41 tx / 107 pending / 9,920,770 (0.0%) gas / (0x163ce05b4a83bd2ef8997ad4108c0a0fca01c41a776f157cdbbb4484031e66e1)
2026-10-07 11:23:42.400+00:00 | EthScheduler-Workers-0 | INFO  | PersistBlockTask | Block 669 (0x8ce55b491e45227dee3bf8bd246623d15045b53cf1737f68837c042f97090f93) is already imported
2026-10-07 11:23:42.402+00:00 | BftProcessorExecutor-QBFT-0 | INFO  | QbftBesuControllerBuilder | Imported #669 / 78 tx / 29 pending / 18,873,660 (0.0%) gas / (0x8ce55b491e45227dee3bf8bd246623d15045b53cf1737f68837c042f97090f93)
2026-10-07 11:23:43.505+00:00 | BftProcessorExecutor-QBFT-0 | INFO  | QbftBesuControllerBuilder | Imported #670 / 14 tx / 15 pending / 3,387,580 (0.0%) gas / (0xf699b0c2a9ee2d4ead700d2813620162e03b17b50aa0bb16636533486cce7490)
2026-10-07 11:23:45.647+00:00 | BftProcessorExecutor-QBFT-0 | INFO  | QbftBesuControllerBuilder | Imported #671 / 15 tx / 0 pending / 3,629,550 (0.0%) gas / (0xc0b6d0365bf2ef24233c1ea7d2b858481eb0cb0b41f9babea3b137569257d59c)
2026-10-07 11:23:45.647+00:00 | EthScheduler-Workers-0 | INFO  | PersistBlockTask | Block 671 (0xc0b6d0365bf2ef24233c1ea7d2b858481eb0cb0b41f9babea3b137569257d59c) is already imported
2026-10-07 11:23:47.299+00:00 | BftProcessorExecutor-QBFT-0 | INFO  | QbftBesuControllerBuilder | Imported #672 / 0 tx / 0 pending / 0 (0.0%) gas / (0x6ead23f4cda874c3f504aa96a5c89ab87aa6f30acab52a396da31c93077520ac)
2026-10-07 11:23:49.322+00:00 | BftProcessorExecutor-QBFT-0 | INFO  | QbftBesuControllerBuilder | Imported #673 / 0 tx / 0 pending / 0 (0.0%) gas / (0x2828507ddbd4dff1687af83afeec5bf3d5b1925e2f27dba19673e3f07b7ca084)
2026-10-07 11:23:51.287+00:00 | BftProcessorExecutor-QBFT-0 | INFO  | QbftBesuControllerBuilder | Produced #674 / 0 tx / 0 pending / 0 (0.0%) gas / (0xaf0c3f8d423b6ae0e9ef966b956dbbc929a4a900abb546708efa02866f4ff2ed)
2026-10-07 11:23:53.290+00:00 | BftProcessorExecutor-QBFT-0 | INFO  | QbftBesuControllerBuilder | Imported #675 / 0 tx / 0 pending / 0 (0.0%) gas / (0xfee9d4ece7b5bd6819e74dbfee8126d8fbb13f89732066a6f55534d517b88047)
2026-10-07 11:23:55.298+00:00 | BftProcessorExecutor-QBFT-0 | INFO  | QbftBesuControllerBuilder | Imported #676 / 0 tx / 0 pending / 0 (0.0%) gas / (0x7c25de711e633cd532fa489e4929708f9d7404ef96059756beb71b92aa6ec980)
2026-10-07 11:23:57.299+00:00 | BftProcessorExecutor-QBFT-0 | INFO  | QbftBesuControllerBuilder | Imported #677 / 0 tx / 0 pending / 0 (0.0%) gas / (0x728c2557856dedff9c37b9fe3586319522d8c99a7c388af56adcccf7ca9de473)
2026-10-07 11:23:59.316+00:00 | EthScheduler-Workers-0 | INFO  | PersistBlockTask | Block 678 (0x5cb4091fa12eb274f030708c712359c61d824b919d979f65992fcab32517ac96) is already imported
2026-10-07 11:23:59.316+00:00 | BftProcessorExecutor-QBFT-0 | INFO  | QbftBesuControllerBuilder | Imported #678 / 0 tx / 0 pending / 0 (0.0%) gas / (0x5cb4091fa12eb274f030708c712359c61d824b919d979f65992fcab32517ac96)
2026-10-07 11:24:01.328+00:00 | BftProcessorExecutor-QBFT-0 | INFO  | QbftBesuControllerBuilder | Imported #679 / 1 tx / 7 pending / 153,606 (0.0%) gas / (0x1047d926062e8dc1df623e9a196d445cde99bbc0dd6361e5513388e369b344dc)
2026-10-07 11:24:01.331+00:00 | EthScheduler-Workers-0 | INFO  | PersistBlockTask | Block 679 (0x1047d926062e8dc1df623e9a196d445cde99bbc0dd6361e5513388e369b344dc) is already imported
2026-10-07 11:24:03.309+00:00 | BftProcessorExecutor-QBFT-0 | INFO  | QbftBesuControllerBuilder | Imported #680 / 1 tx / 6 pending / 153,630 (0.0%) gas / (0x18ed557b6e76667598c064f38421d09876330f4549198ac5bbc3b8bea4eae52c)
2026-10-07 11:24:05.318+00:00 | BftProcessorExecutor-QBFT-0 | INFO  | QbftBesuControllerBuilder | Imported #681 / 1 tx / 5 pending / 153,638 (0.0%) gas / (0x9905f62df9b6e4c9b89bb10c33bc8216c91f59f6f3882ee87e3cd32ef54167b3)
2026-10-07 11:24:07.320+00:00 | BftProcessorExecutor-QBFT-0 | INFO  | QbftBesuControllerBuilder | Imported #682 / 1 tx / 4 pending / 153,630 (0.0%) gas / (0x534435b5df8165fb7d4c7c0277cb6b4003af88096593f1758ef9cb7ef6b84fa1)
2026-10-07 11:24:09.318+00:00 | BftProcessorExecutor-QBFT-0 | INFO  | QbftBesuControllerBuilder | Imported #683 / 0 tx / 4 pending / 0 (0.0%) gas / (0xb7e335676fce39f5b44f7325f115b06abc955a04d12a057ccb99a8070b39f3c1)
2026-10-07 11:24:09.322+00:00 | EthScheduler-Workers-0 | INFO  | PersistBlockTask | Block 683 (0xb7e335676fce39f5b44f7325f115b06abc955a04d12a057ccb99a8070b39f3c1) is already imported
2026-10-07 11:24:11.292+00:00 | BftProcessorExecutor-QBFT-0 | INFO  | QbftBesuControllerBuilder | Imported #684 / 0 tx / 4 pending / 0 (0.0%) gas / (0x3c99db889a650649cac1786d785c4c863d77ec74b301f7a3e4504fc020285cf8)
2026-10-07 11:24:13.290+00:00 | BftProcessorExecutor-QBFT-0 | INFO  | QbftBesuControllerBuilder | Imported #685 / 0 tx / 4 pending / 0 (0.0%) gas / (0xc8a1c15d8641b558ad03ac2120c048f1aca848f4cd2aaf37fc25b70d0675bf33)
2026-10-07 11:24:15.313+00:00 | BftProcessorExecutor-QBFT-0 | INFO  | QbftBesuControllerBuilder | Imported #686 / 0 tx / 4 pending / 0 (0.0%) gas / (0xdb468e3f95cd1e35fe121032d39506c18df7a5f60fcfcf4144509d48dbbe12e2)
2026-10-07 11:24:17.304+00:00 | BftProcessorExecutor-QBFT-0 | INFO  | QbftBesuControllerBuilder | Imported #687 / 0 tx / 4 pending / 0 (0.0%) gas / (0x18be517038b43b5dfd5d42c03b44453d330fabc5bc65bf108a38dbf6cb6c65f5)
2026-10-07 11:24:19.324+00:00 | EthScheduler-Workers-0 | INFO  | PersistBlockTask | Block 688 (0x13c696624f83f97698b995ed621c4f0841a31a99c602a58013d738ba254b13f2) is already imported
2026-10-07 11:24:19.325+00:00 | BftProcessorExecutor-QBFT-0 | INFO  | QbftBesuControllerBuilder | Imported #688 / 0 tx / 4 pending / 0 (0.0%) gas / (0x13c696624f83f97698b995ed621c4f0841a31a99c602a58013d738ba254b13f2)
2026-10-07 11:24:21.287+00:00 | BftProcessorExecutor-QBFT-0 | INFO  | QbftBesuControllerBuilder | Produced #689 / 0 tx / 4 pending / 0 (0.0%) gas / (0xe7a37f24e814904d8a702befd69fe833871f79169834fe4d55faf757d0b3d3c5)
2026-10-07 11:24:23.320+00:00 | EthScheduler-Workers-0 | INFO  | PersistBlockTask | Block 690 (0xb3d7fbaf331ccea5c29b67fa6a58f0f46b23f54b6e2e7eaabe0f8741bdf7ff17) is already imported
2026-10-07 11:24:23.320+00:00 | BftProcessorExecutor-QBFT-0 | INFO  | QbftBesuControllerBuilder | Imported #690 / 1 tx / 3 pending / 153,650 (0.0%) gas / (0xb3d7fbaf331ccea5c29b67fa6a58f0f46b23f54b6e2e7eaabe0f8741bdf7ff17)
2026-10-07 11:24:25.324+00:00 | BftProcessorExecutor-QBFT-0 | INFO  | QbftBesuControllerBuilder | Imported #691 / 1 tx / 2 pending / 153,630 (0.0%) gas / (0x0756a15da5e7ba8fcde8811619570e9897a3d73540aa1b79d4ca01aea6615611)
2026-10-07 11:24:27.311+00:00 | BftProcessorExecutor-QBFT-0 | INFO  | QbftBesuControllerBuilder | Imported #692 / 1 tx / 1 pending / 153,650 (0.0%) gas / (0x0516599c6ada00aac02c4864eb7eead9c446dc36ba98cb7f4259c52f99694326)
2026-10-07 11:24:29.329+00:00 | BftProcessorExecutor-QBFT-0 | INFO  | QbftBesuControllerBuilder | Imported #693 / 1 tx / 0 pending / 153,618 (0.0%) gas / (0xe56a581a61b00448750f05b3c7e1146e1f462d1bea6f2d52b16bb41c8dd58a41)
2026-10-07 11:24:31.288+00:00 | BftProcessorExecutor-QBFT-0 | INFO  | QbftBesuControllerBuilder | Imported #694 / 0 tx / 0 pending / 0 (0.0%) gas / (0xf1aa23b39c3d1adffc554933af5e5a0266ad1f032b911098064fd123074d4cfa)
2026-10-07 11:24:31.298+00:00 | EthScheduler-Workers-0 | INFO  | PersistBlockTask | Block 694 (0xf1aa23b39c3d1adffc554933af5e5a0266ad1f032b911098064fd123074d4cfa) is already imported
2026-10-07 11:24:33.291+00:00 | BftProcessorExecutor-QBFT-0 | INFO  | QbftBesuControllerBuilder | Imported #695 / 0 tx / 0 pending / 0 (0.0%) gas / (0x38be46deefd514994063f14d916634228bb2f521a2dab1944a6e841b3819e793)
2026-10-07 11:24:35.299+00:00 | BftProcessorExecutor-QBFT-0 | INFO  | QbftBesuControllerBuilder | Imported #696 / 0 tx / 0 pending / 0 (0.0%) gas / (0xfd4ce749292034df33184d107081fc73869971682df8bb332f2580ff6c07801c)
2026-10-07 11:24:37.293+00:00 | EthScheduler-Workers-0 | INFO  | PersistBlockTask | Block 697 (0xea699493e7b5a37a1aa064b1ecfd25145a29e6868d98670d422f8bbc4f2fef15) is already imported
2026-10-07 11:24:37.293+00:00 | BftProcessorExecutor-QBFT-0 | INFO  | QbftBesuControllerBuilder | Imported #697 / 0 tx / 0 pending / 0 (0.0%) gas / (0xea699493e7b5a37a1aa064b1ecfd25145a29e6868d98670d422f8bbc4f2fef15)
2026-10-07 11:24:39.325+00:00 | BftProcessorExecutor-QBFT-0 | INFO  | QbftBesuControllerBuilder | Imported #698 / 0 tx / 0 pending / 0 (0.0%) gas / (0xaa64ef7c67bdaa154a7dfe03eb92d54a1d9202132db930485ae3b4bfb09fba9d)
2026-10-07 11:24:39.325+00:00 | EthScheduler-Workers-0 | INFO  | PersistBlockTask | Block 698 (0xaa64ef7c67bdaa154a7dfe03eb92d54a1d9202132db930485ae3b4bfb09fba9d) is already imported
2026-10-07 11:24:41.294+00:00 | BftProcessorExecutor-QBFT-0 | INFO  | QbftBesuControllerBuilder | Imported #699 / 0 tx / 0 pending / 0 (0.0%) gas / (0xb5d2194c9f821f2d1151d48f4e7324037539d86aa3d176fd6ae3493cbc0e8058)
2026-10-07 11:24:43.291+00:00 | BftProcessorExecutor-QBFT-0 | INFO  | QbftBesuControllerBuilder | Imported #700 / 0 tx / 0 pending / 0 (0.0%) gas / (0x9e1b8ccd3fd5d9f7befc17aaa2c3bfd7f7baadf2d706cf2baaf611da6278dd33)
2026-10-07 11:24:45.296+00:00 | BftProcessorExecutor-QBFT-0 | INFO  | QbftBesuControllerBuilder | Imported #701 / 0 tx / 0 pending / 0 (0.0%) gas / (0x72c356556570ddaedcf28d2adb2f1b7ea0dadaa885e9176e6be82b0da66169b5)
2026-10-07 11:24:47.298+00:00 | BftProcessorExecutor-QBFT-0 | INFO  | QbftBesuControllerBuilder | Imported #702 / 0 tx / 0 pending / 0 (0.0%) gas / (0x016c7c22d6c66ef33b90cec50a79e691f4bf9e401f71b39565e74e4880dd0dab)
2026-10-07 11:24:47.300+00:00 | EthScheduler-Workers-0 | INFO  | PersistBlockTask | Block 702 (0x016c7c22d6c66ef33b90cec50a79e691f4bf9e401f71b39565e74e4880dd0dab) is already imported
2026-10-07 11:24:49.291+00:00 | BftProcessorExecutor-QBFT-0 | INFO  | QbftBesuControllerBuilder | Imported #703 / 0 tx / 0 pending / 0 (0.0%) gas / (0x170795f173c76624a2852ea87dceade72063b6826b290984dc0c850887dc2669)
2026-10-07 11:24:51.293+00:00 | EthScheduler-Workers-0 | INFO  | PersistBlockTask | Block 704 (0x6a0805bd79db701a4c921a58054279537b9f5f34c590a223159e097028094250) is already imported
2026-10-07 11:24:51.293+00:00 | BftProcessorExecutor-QBFT-0 | INFO  | QbftBesuControllerBuilder | Produced #704 / 0 tx / 0 pending / 0 (0.0%) gas / (0x6a0805bd79db701a4c921a58054279537b9f5f34c590a223159e097028094250)
2026-10-07 11:24:53.278+00:00 | BftProcessorExecutor-QBFT-0 | INFO  | QbftBesuControllerBuilder | Imported #705 / 0 tx / 0 pending / 0 (0.0%) gas / (0xc19bbbeb2c540bfa943590f1ce58e04fe69a165e6c345c1d13e88da251b6b14c)
2026-10-07 11:24:55.290+00:00 | EthScheduler-Workers-0 | INFO  | PersistBlockTask | Block 706 (0x563f278c1db6de433fb135f0db04a874bcb6a12fb87ee62dfafcae07c20a37b6) is already imported
2026-10-07 11:24:55.290+00:00 | BftProcessorExecutor-QBFT-0 | INFO  | QbftBesuControllerBuilder | Imported #706 / 0 tx / 0 pending / 0 (0.0%) gas / (0x563f278c1db6de433fb135f0db04a874bcb6a12fb87ee62dfafcae07c20a37b6)
2026-10-07 11:24:57.280+00:00 | BftProcessorExecutor-QBFT-0 | INFO  | QbftBesuControllerBuilder | Imported #707 / 0 tx / 0 pending / 0 (0.0%) gas / (0x1fb1091ff24270e5bfa7021c4464c4746c46a7a988f9afb7640d0c441a4ba306)
2026-10-07 11:24:57.280+00:00 | EthScheduler-Workers-0 | INFO  | PersistBlockTask | Block 707 (0x1fb1091ff24270e5bfa7021c4464c4746c46a7a988f9afb7640d0c441a4ba306) is already imported
2026-10-07 11:24:59.294+00:00 | BftProcessorExecutor-QBFT-0 | INFO  | QbftBesuControllerBuilder | Imported #708 / 0 tx / 0 pending / 0 (0.0%) gas / (0xdda5fcef588e47224b8a473ba41cf1980752c1a7e7efa5121426664ceaec017e)
2026-10-07 11:25:01.283+00:00 | BftProcessorExecutor-QBFT-0 | INFO  | QbftBesuControllerBuilder | Imported #709 / 0 tx / 0 pending / 0 (0.0%) gas / (0x620c8accff3f9410c9d0ab995df7be31da01167c9118bacd6000ec41ab86cd44)
2026-10-07 11:25:03.282+00:00 | BftProcessorExecutor-QBFT-0 | INFO  | QbftBesuControllerBuilder | Imported #710 / 0 tx / 0 pending / 0 (0.0%) gas / (0x71f7681e8b0bd845ec1ee2cc756b3615a300f1d7287454f1859f9b1d139556a2)
2026-10-07 11:25:05.292+00:00 | BftProcessorExecutor-QBFT-0 | INFO  | QbftBesuControllerBuilder | Imported #711 / 0 tx / 0 pending / 0 (0.0%) gas / (0x2dacae21af936ae65524d9a7714e6f4afa032a0e2b6e07552260acc4ae5abdbd)
2026-10-07 11:25:07.287+00:00 | BftProcessorExecutor-QBFT-0 | INFO  | QbftBesuControllerBuilder | Imported #712 / 0 tx / 0 pending / 0 (0.0%) gas / (0x57e68fe3552fd6f8e06f6ec7574410931ff82d42f788676b766ffc80aa31043f)
2026-10-07 11:25:09.296+00:00 | EthScheduler-Workers-0 | INFO  | PersistBlockTask | Imported #713 / 0 tx / 0 om / 0 (0.0%) gas / (0xc9b3b8694a24e147facbbe690eb6cc19435820e2a010e64eac14f1d18c829ae5) in 0.001s. Peers: 14
2026-10-07 11:25:11.283+00:00 | BftProcessorExecutor-QBFT-0 | INFO  | QbftBesuControllerBuilder | Imported #714 / 0 tx / 0 pending / 0 (0.0%) gas / (0x841caebb10e2495c3479363a347e5e49bfdadb086a0d0a656e9e64cdd8d180e3)
2026-10-07 11:25:13.285+00:00 | BftProcessorExecutor-QBFT-0 | INFO  | QbftBesuControllerBuilder | Imported #715 / 0 tx / 0 pending / 0 (0.0%) gas / (0xa73e7ab7987236feb811a8beddce50d5df839dc866b3f021c085caa9f90cc7f0)
