[node05] network interface=eth0
[node05] tier=core applying P2P-only tc netem:  delay=10ms(+/-0ms) rate=100mbit loss=0%
[node05] tc rules applied:
qdisc htb 1: root refcnt 257 r2q 10 default 0x1 direct_packets_stat 0 direct_qlen 1000
qdisc netem 110: parent 1:10 limit 1000 delay 10ms
Setting logging level to INFO
2026-10-07 22:38:15.062+00:00 | main | INFO  | Besu | Starting Besu
2026-10-07 22:38:15.490+00:00 | main | WARN  | Besu | --graphql-http-host has been ignored because --graphql-http-enabled was not defined on the command line.
2026-10-07 22:38:15.598+00:00 | main | INFO  | Besu | Connecting to 0 static nodes.
2026-10-07 22:38:15.602+00:00 | main | INFO  | Besu | Forcing price bump for transaction replacement to 0, since min-gas-price is set to 0
2026-10-07 22:38:15.603+00:00 | main | WARN  | Besu | Forcing tx-pool-min-gas-price=0, since it cannot be greater than the value of min-gas-price
2026-10-07 22:38:16.047+00:00 | main | INFO  | Besu | 
####################################################################################################
#                                                                                                  #
# Besu version 24.7.0                                                                              #
#                                                                                                  #
# Configuration:                                                                                   #
# Network: Custom genesis file                                                                     #
# /config/genesis.json                                                                             #
# Network Id: 1337                                                                                 #
# Data storage: Bonsai                                                                             #
# Sync mode: Full                                                                                  #
# RPC HTTP APIs: ETH,QBFT,NET,ADMIN,WEB3                                                           #
# RPC HTTP port: 8545                                                                              #
# Using LAYERED transaction pool implementation                                                    #
# Using STACKED worldstate update mode                                                             #
# Limit trie logs enabled: retention: 512; prune window: 30000                                     #
#                                                                                                  #
# Host:                                                                                            #
# Java: openjdk-java-21                                                                            #
# Maximum heap size: 29.50 GB                                                                      #
# OS: linux-x86_64                                                                                 #
# glibc: 2.39                                                                                      #
# jemalloc: 5.3.0-0-g54eaed1d8b56b1aa528be3bdd1877e59c56fa90c                                      #
# Total memory: 1007.68 GB                                                                         #
# CPU cores: 256                                                                                   #
#                                                                                                  #
# Plugin Registration Summary:                                                                     #
# No plugins have been registered.                                                                 #
# TOTAL = 0 of 0 plugins successfully registered.                                                  #
#                                                                                                  #
####################################################################################################
2026-10-07 22:38:16.048+00:00 | main | INFO  | Besu | Security Module: localfile
2026-10-07 22:38:16.050+00:00 | main | INFO  | VersionMetadata | Lookup version metadata file in data directory: /data
2026-10-07 22:38:16.050+00:00 | main | INFO  | VersionMetadata | No version data detected. Writing Besu version 24.7.0 to metadata file
2026-10-07 22:38:16.527+00:00 | main | INFO  | Besu | Using the native implementation of alt bn128
2026-10-07 22:38:16.926+00:00 | main | INFO  | Besu | Using the native implementation of modexp
2026-10-07 22:38:16.927+00:00 | main | INFO  | Besu | Using the native implementation of the signature algorithm
2026-10-07 22:38:16.942+00:00 | main | INFO  | Besu | Using the native implementation of the blake2bf algorithm
2026-10-07 22:38:17.028+00:00 | main | INFO  | Besu | Forcing price bump for transaction replacement to 0, since min-gas-price is set to 0
2026-10-07 22:38:17.029+00:00 | main | WARN  | Besu | Forcing tx-pool-min-gas-price=0, since it cannot be greater than the value of min-gas-price
2026-10-07 22:38:17.031+00:00 | main | INFO  | KeyPairUtil | Attempting to load public key from /data/key.priv
2026-10-07 22:38:17.054+00:00 | main | INFO  | KeyPairUtil | Loaded public key 0xa0043dd02ad873c084c7c5344ec63097983bad6e929cb1c2d0bf78c4b0be26b3de3a660110972d839bc7137162bd983b2eb67b0d1d1029c983e9e3cf32fa9a75 from /data/key.priv
2026-10-07 22:38:17.227+00:00 | main | INFO  | ProtocolScheduleBuilder | Protocol schedule created with milestones: [Berlin:0]
2026-10-07 22:38:17.234+00:00 | main | INFO  | RocksDBKeyValueStorageFactory | No existing database at /data. Using default metadata for new db versionedStorageFormat=BaseVersionedStorageFormat{format=BONSAI, version=2}
2026-10-07 22:38:17.578+00:00 | main | INFO  | FlatDbStrategyProvider | Bonsai flat db mode found FULL
2026-10-07 22:38:17.582+00:00 | main | INFO  | FlatDbStrategyProvider | Bonsai db mode with code stored using code hash enabled = true
2026-10-07 22:38:17.592+00:00 | main | INFO  | FlatDbStrategyProvider | Bonsai flat db mode found FULL
2026-10-07 22:38:17.596+00:00 | main | INFO  | FlatDbStrategyProvider | Bonsai db mode with code stored using code hash enabled = true
2026-10-07 22:38:18.061+00:00 | main | INFO  | TransactionPoolFactory | Enabling transaction pool
2026-10-07 22:38:18.079+00:00 | main | INFO  | BesuControllerBuilder | TTD difficulty is not present, creating initial sync phase for PoW
2026-10-07 22:38:18.121+00:00 | main | INFO  | TrieLogPruner | Loading first 30000 trie logs from database...
2026-10-07 22:38:18.123+00:00 | main | INFO  | TrieLogPruner | Loaded 1 trie logs from database
2026-10-07 22:38:18.129+00:00 | main | INFO  | RunnerBuilder | Resolved 3 bootnodes.
2026-10-07 22:38:18.136+00:00 | main | INFO  | RunnerBuilder | Detecting NAT service.
2026-10-07 22:38:18.318+00:00 | main | INFO  | Runner | Starting external services ... 
2026-10-07 22:38:18.319+00:00 | main | INFO  | JsonRpcHttpService | Starting JSON-RPC service on 0.0.0.0:8545
2026-10-07 22:38:18.448+00:00 | vert.x-eventloop-thread-1 | INFO  | JsonRpcHttpService | JSON-RPC service started and listening on 0.0.0.0:8545
2026-10-07 22:38:18.450+00:00 | main | INFO  | WebSocketService | Starting Websocket service on 0.0.0.0:8546
2026-10-07 22:38:18.453+00:00 | vert.x-eventloop-thread-1 | INFO  | WebSocketService | Websocket service started and listening on 0.0.0.0:8546
2026-10-07 22:38:18.456+00:00 | main | INFO  | AutoTransactionLogBloomCachingService | Starting auto transaction log bloom caching service.
2026-10-07 22:38:18.456+00:00 | main | INFO  | LogBloomCacheMetadata | Lookup cache metadata file in data directory: /data/caches
2026-10-07 22:38:18.465+00:00 | main | INFO  | Runner | Starting Ethereum main loop ... 
2026-10-07 22:38:18.466+00:00 | main | INFO  | NatService | No NAT environment detected so no service could be started
2026-10-07 22:38:18.466+00:00 | main | INFO  | NetworkRunner | Starting Network.
2026-10-07 22:38:18.479+00:00 | nioEventLoopGroup-2-1 | INFO  | RlpxAgent | P2P RLPx agent started and listening on /[0:0:0:0:0:0:0:0]:30303.
2026-10-07 22:38:18.480+00:00 | main | INFO  | PeerDiscoveryAgent | Starting peer discovery agent on host=0.0.0.0, port=30303. IPv6 available.
2026-10-07 22:38:18.491+00:00 | vert.x-eventloop-thread-1 | INFO  | VertxPeerDiscoveryAgent | Started peer discovery agent successfully, on effective host=0:0:0:0:0:0:0:0%0 and port=30303
2026-10-07 22:38:18.496+00:00 | vert.x-eventloop-thread-1 | INFO  | PeerDiscoveryAgent | P2P peer discovery agent started and listening on /[0:0:0:0:0:0:0:0%0]:30303
2026-10-07 22:38:18.579+00:00 | vert.x-eventloop-thread-1 | INFO  | PeerDiscoveryAgent | Writing node record to disk. NodeRecord{seq=1, publicKey=0x03a0043dd02ad873c084c7c5344ec63097983bad6e929cb1c2d0bf78c4b0be26b3, udpAddress=Optional[/0.0.0.0:30303], tcpAddress=Optional[/0.0.0.0:30303], asBase64=-Je4QLD9kOk_08U06mH8FYvfobGFadkx_VadaC8lQpKd_ssNC9ROfQgMF4G3MF2yH3L8d2ZBQH5IBL8_YLMlz2sZG3IBg2V0aMfGhEr-AVuAgmlkgnY0gmlwhAAAAACJc2VjcDI1NmsxoQOgBD3QKthzwITHxTROxjCXmDutbpKcscLQv3jEsL4ms4N0Y3CCdl-DdWRwgnZf, nodeId=0xbb0892bdb1d49ba3418203413f301a8f13e54c9f707296007a11a8baa436f26b, customFields={tcp=30303, udp=30303, ip=0x00000000, eth=[[0x4afe015b, 0x]], id=V4, secp256k1=0x03a0043dd02ad873c084c7c5344ec63097983bad6e929cb1c2d0bf78c4b0be26b3}}
2026-10-07 22:38:18.619+00:00 | main | INFO  | DefaultP2PNetwork | Enode URL enode://a0043dd02ad873c084c7c5344ec63097983bad6e929cb1c2d0bf78c4b0be26b3de3a660110972d839bc7137162bd983b2eb67b0d1d1029c983e9e3cf32fa9a75@0.0.0.0:30303
2026-10-07 22:38:18.620+00:00 | main | INFO  | DefaultP2PNetwork | Node address 0x3f301a8f13e54c9f707296007a11a8baa436f26b
2026-10-07 22:38:18.646+00:00 | main | INFO  | NetworkRunner | Supported capabilities: [eth/62, eth/63, eth/64, eth/65, eth/66, eth/67, eth/68], [istanbul/100], [snap/1]
2026-10-07 22:38:18.646+00:00 | main | INFO  | DefaultSynchronizer | Starting synchronizer.
2026-10-07 22:38:18.647+00:00 | main | INFO  | TransactionPoolFactory | Enabling transaction handling following initial sync
2026-10-07 22:38:18.648+00:00 | main | INFO  | QbftBesuControllerBuilder | Starting QBFT mining coordinator following initial sync
2026-10-07 22:38:18.661+00:00 | main | INFO  | FullSyncDownloader | Starting full sync.
2026-10-07 22:38:18.662+00:00 | main | INFO  | FullSyncTargetManager | Unable to find sync target. Currently checking 0 peers for usefulness
2026-10-07 22:38:18.672+00:00 | main | INFO  | Runner | Ethereum main loop is up.
2026-10-07 22:38:18.881+00:00 | nioEventLoopGroup-3-2 | INFO  | FullSyncTargetManager | Unable to find sync target. Currently checking 3 peers for usefulness
2026-10-07 22:38:20.863+00:00 | nioEventLoopGroup-3-7 | INFO  | FullSyncTargetManager | Unable to find sync target. Currently checking 5 peers for usefulness
2026-10-07 22:38:21.226+00:00 | nioEventLoopGroup-3-1 | INFO  | FullSyncTargetManager | Unable to find sync target. Currently checking 6 peers for usefulness
2026-10-07 22:38:24.384+00:00 | nioEventLoopGroup-3-4 | INFO  | FullSyncTargetManager | Unable to find sync target. Currently checking 7 peers for usefulness
2026-10-07 22:38:28.591+00:00 | nioEventLoopGroup-3-5 | INFO  | FullSyncTargetManager | Unable to find sync target. Currently checking 8 peers for usefulness
2026-10-07 22:38:31.459+00:00 | nioEventLoopGroup-3-7 | INFO  | FullSyncTargetManager | Unable to find sync target. Currently checking 9 peers for usefulness
2026-10-07 22:38:34.675+00:00 | nioEventLoopGroup-3-10 | INFO  | FullSyncTargetManager | Unable to find sync target. Currently checking 10 peers for usefulness
2026-10-07 22:38:35.194+00:00 | nioEventLoopGroup-3-1 | INFO  | FullSyncTargetManager | Unable to find sync target. Currently checking 11 peers for usefulness
2026-10-07 22:38:40.197+00:00 | EthScheduler-Timer-0 | INFO  | FullSyncTargetManager | Unable to find sync target. Currently checking 11 peers for usefulness
2026-10-07 22:38:41.861+00:00 | nioEventLoopGroup-3-3 | INFO  | FullSyncTargetManager | Unable to find sync target. Currently checking 12 peers for usefulness
2026-10-07 22:38:44.140+00:00 | nioEventLoopGroup-3-5 | INFO  | FullSyncTargetManager | Unable to find sync target. Currently checking 13 peers for usefulness
2026-10-07 22:38:47.147+00:00 | nioEventLoopGroup-3-7 | INFO  | FullSyncTargetManager | Unable to find sync target. Currently checking 14 peers for usefulness
2026-10-07 22:38:48.675+00:00 | BftProcessorExecutor-QBFT-0 | INFO  | RoundTimer | QBFT round 1 expired. Moved to round 2 which will expire in 40 seconds
2026-10-07 22:38:48.676+00:00 | BftProcessorExecutor-QBFT-0 | INFO  | RoundChangeManager | BFT round summary (quorum = 10)
2026-10-07 22:38:48.677+00:00 | BftProcessorExecutor-QBFT-0 | INFO  | RoundChangeManager | Address: 0x65d702bb0ab30c6d907b81e6caa412479a45fb5d  Round: 1 
2026-10-07 22:38:48.677+00:00 | BftProcessorExecutor-QBFT-0 | INFO  | RoundChangeManager | Address: 0x8da41128c59a61cd1ed6fd4b58a2fa09def68756  Round: 1 
2026-10-07 22:38:48.677+00:00 | BftProcessorExecutor-QBFT-0 | INFO  | RoundChangeManager | Address: 0x3f301a8f13e54c9f707296007a11a8baa436f26b  Round: 2 (Local node)
2026-10-07 22:38:48.677+00:00 | BftProcessorExecutor-QBFT-0 | INFO  | RoundChangeManager | Address: 0x04722b6a6ca0f14dc4ad8e89a903e14d5fc7f54b  Round: 2 
2026-10-07 22:38:48.677+00:00 | BftProcessorExecutor-QBFT-0 | INFO  | RoundChangeManager | Address: 0x8cec71c97b24a5bacf359a34356b5581660e6fab  Round: 1 
2026-10-07 22:38:48.677+00:00 | BftProcessorExecutor-QBFT-0 | INFO  | RoundChangeManager | Address: 0x19a437cb004a91f7e291616cb44bb18790839dc9  Round: 2 
2026-10-07 22:38:48.677+00:00 | BftProcessorExecutor-QBFT-0 | INFO  | RoundChangeManager | Address: 0x852843793c8b7e5e18de02133976a97f350e281b  Round: 1 
2026-10-07 22:38:48.677+00:00 | BftProcessorExecutor-QBFT-0 | INFO  | RoundChangeManager | Address: 0xd970350818dcaaeaa488f0f2fb93963237c0ece1  Round: 1 
2026-10-07 22:38:48.678+00:00 | BftProcessorExecutor-QBFT-0 | INFO  | RoundChangeManager | Address: 0x1219e9f99bb20f53b686466d8bcd20661c95293c  Round: 2 
2026-10-07 22:38:48.678+00:00 | BftProcessorExecutor-QBFT-0 | INFO  | RoundChangeManager | Address: 0x1d19615c9c1f34ebf69d68cd2aae84cfafc1856e  Round: 2 
2026-10-07 22:38:48.678+00:00 | BftProcessorExecutor-QBFT-0 | INFO  | RoundChangeManager | Address: 0x45a91261acfa561c90c70e39d565c57378c45dc1  Round: 1 
2026-10-07 22:38:48.678+00:00 | BftProcessorExecutor-QBFT-0 | INFO  | RoundChangeManager | Address: 0x4a5d2fcc5f76b7fac7a13611694dfbd0576f4ae8  Round: 1 
2026-10-07 22:38:48.678+00:00 | BftProcessorExecutor-QBFT-0 | INFO  | RoundChangeManager | Address: 0x235f2c5140560bd123bd2b28aa0d21c94e15ecc5  Round: 2 
2026-10-07 22:38:50.160+00:00 | BftProcessorExecutor-QBFT-0 | INFO  | RoundChangeManager | BFT round summary (quorum = 10)
2026-10-07 22:38:50.160+00:00 | BftProcessorExecutor-QBFT-0 | INFO  | RoundChangeManager | Address: 0x65d702bb0ab30c6d907b81e6caa412479a45fb5d  Round: 1 
2026-10-07 22:38:50.160+00:00 | BftProcessorExecutor-QBFT-0 | INFO  | RoundChangeManager | Address: 0x8da41128c59a61cd1ed6fd4b58a2fa09def68756  Round: 1 
2026-10-07 22:38:50.161+00:00 | BftProcessorExecutor-QBFT-0 | INFO  | RoundChangeManager | Address: 0x3f301a8f13e54c9f707296007a11a8baa436f26b  Round: 2 (Local node)
2026-10-07 22:38:50.161+00:00 | BftProcessorExecutor-QBFT-0 | INFO  | RoundChangeManager | Address: 0x04722b6a6ca0f14dc4ad8e89a903e14d5fc7f54b  Round: 2 
2026-10-07 22:38:50.161+00:00 | BftProcessorExecutor-QBFT-0 | INFO  | RoundChangeManager | Address: 0x8cec71c97b24a5bacf359a34356b5581660e6fab  Round: 1 
2026-10-07 22:38:50.161+00:00 | BftProcessorExecutor-QBFT-0 | INFO  | RoundChangeManager | Address: 0x19a437cb004a91f7e291616cb44bb18790839dc9  Round: 2 
2026-10-07 22:38:50.161+00:00 | BftProcessorExecutor-QBFT-0 | INFO  | RoundChangeManager | Address: 0x852843793c8b7e5e18de02133976a97f350e281b  Round: 1 
2026-10-07 22:38:50.162+00:00 | BftProcessorExecutor-QBFT-0 | INFO  | RoundChangeManager | Address: 0xd970350818dcaaeaa488f0f2fb93963237c0ece1  Round: 1 
2026-10-07 22:38:50.162+00:00 | BftProcessorExecutor-QBFT-0 | INFO  | RoundChangeManager | Address: 0x1219e9f99bb20f53b686466d8bcd20661c95293c  Round: 2 
2026-10-07 22:38:50.162+00:00 | BftProcessorExecutor-QBFT-0 | INFO  | RoundChangeManager | Address: 0x1d19615c9c1f34ebf69d68cd2aae84cfafc1856e  Round: 2 
2026-10-07 22:38:50.162+00:00 | BftProcessorExecutor-QBFT-0 | INFO  | RoundChangeManager | Address: 0x45a91261acfa561c90c70e39d565c57378c45dc1  Round: 1 
2026-10-07 22:38:50.162+00:00 | BftProcessorExecutor-QBFT-0 | INFO  | RoundChangeManager | Address: 0x4a5d2fcc5f76b7fac7a13611694dfbd0576f4ae8  Round: 1 
2026-10-07 22:38:50.162+00:00 | BftProcessorExecutor-QBFT-0 | INFO  | RoundChangeManager | Address: 0xe45bf258a9bd45b487d8c9319f42a7967af1d587  Round: 1 
2026-10-07 22:38:50.162+00:00 | BftProcessorExecutor-QBFT-0 | INFO  | RoundChangeManager | Address: 0x235f2c5140560bd123bd2b28aa0d21c94e15ecc5  Round: 2 
2026-10-07 22:38:50.596+00:00 | BftProcessorExecutor-QBFT-0 | INFO  | RoundChangeManager | BFT round summary (quorum = 10)
2026-10-07 22:38:50.596+00:00 | BftProcessorExecutor-QBFT-0 | INFO  | RoundChangeManager | Address: 0x65d702bb0ab30c6d907b81e6caa412479a45fb5d  Round: 1 
2026-10-07 22:38:50.596+00:00 | BftProcessorExecutor-QBFT-0 | INFO  | RoundChangeManager | Address: 0x8da41128c59a61cd1ed6fd4b58a2fa09def68756  Round: 1 
2026-10-07 22:38:50.597+00:00 | BftProcessorExecutor-QBFT-0 | INFO  | RoundChangeManager | Address: 0x3f301a8f13e54c9f707296007a11a8baa436f26b  Round: 2 (Local node)
2026-10-07 22:38:50.597+00:00 | BftProcessorExecutor-QBFT-0 | INFO  | RoundChangeManager | Address: 0x04722b6a6ca0f14dc4ad8e89a903e14d5fc7f54b  Round: 2 
2026-10-07 22:38:50.597+00:00 | BftProcessorExecutor-QBFT-0 | INFO  | RoundChangeManager | Address: 0x8cec71c97b24a5bacf359a34356b5581660e6fab  Round: 1 
2026-10-07 22:38:50.597+00:00 | BftProcessorExecutor-QBFT-0 | INFO  | RoundChangeManager | Address: 0x19a437cb004a91f7e291616cb44bb18790839dc9  Round: 2 
2026-10-07 22:38:50.597+00:00 | BftProcessorExecutor-QBFT-0 | INFO  | RoundChangeManager | Address: 0x852843793c8b7e5e18de02133976a97f350e281b  Round: 1 
2026-10-07 22:38:50.597+00:00 | BftProcessorExecutor-QBFT-0 | INFO  | RoundChangeManager | Address: 0xd970350818dcaaeaa488f0f2fb93963237c0ece1  Round: 1 
2026-10-07 22:38:50.597+00:00 | BftProcessorExecutor-QBFT-0 | INFO  | RoundChangeManager | Address: 0x1219e9f99bb20f53b686466d8bcd20661c95293c  Round: 2 
2026-10-07 22:38:50.597+00:00 | BftProcessorExecutor-QBFT-0 | INFO  | RoundChangeManager | Address: 0x1d19615c9c1f34ebf69d68cd2aae84cfafc1856e  Round: 2 
2026-10-07 22:38:50.597+00:00 | BftProcessorExecutor-QBFT-0 | INFO  | RoundChangeManager | Address: 0x45a91261acfa561c90c70e39d565c57378c45dc1  Round: 2 
2026-10-07 22:38:50.598+00:00 | BftProcessorExecutor-QBFT-0 | INFO  | RoundChangeManager | Address: 0x4a5d2fcc5f76b7fac7a13611694dfbd0576f4ae8  Round: 1 
2026-10-07 22:38:50.598+00:00 | BftProcessorExecutor-QBFT-0 | INFO  | RoundChangeManager | Address: 0xe45bf258a9bd45b487d8c9319f42a7967af1d587  Round: 1 
2026-10-07 22:38:50.598+00:00 | BftProcessorExecutor-QBFT-0 | INFO  | RoundChangeManager | Address: 0x235f2c5140560bd123bd2b28aa0d21c94e15ecc5  Round: 2 
2026-10-07 22:38:52.148+00:00 | EthScheduler-Timer-0 | INFO  | FullSyncTargetManager | Unable to find sync target. Currently checking 14 peers for usefulness
2026-10-07 22:38:52.895+00:00 | BftProcessorExecutor-QBFT-0 | INFO  | RoundChangeManager | BFT round summary (quorum = 10)
2026-10-07 22:38:52.896+00:00 | BftProcessorExecutor-QBFT-0 | INFO  | RoundChangeManager | Address: 0x65d702bb0ab30c6d907b81e6caa412479a45fb5d  Round: 1 
2026-10-07 22:38:52.897+00:00 | BftProcessorExecutor-QBFT-0 | INFO  | RoundChangeManager | Address: 0x8da41128c59a61cd1ed6fd4b58a2fa09def68756  Round: 1 
2026-10-07 22:38:52.897+00:00 | BftProcessorExecutor-QBFT-0 | INFO  | RoundChangeManager | Address: 0x3f301a8f13e54c9f707296007a11a8baa436f26b  Round: 2 (Local node)
2026-10-07 22:38:52.897+00:00 | BftProcessorExecutor-QBFT-0 | INFO  | RoundChangeManager | Address: 0x04722b6a6ca0f14dc4ad8e89a903e14d5fc7f54b  Round: 2 
2026-10-07 22:38:52.898+00:00 | BftProcessorExecutor-QBFT-0 | INFO  | RoundChangeManager | Address: 0x8cec71c97b24a5bacf359a34356b5581660e6fab  Round: 1 
2026-10-07 22:38:52.899+00:00 | BftProcessorExecutor-QBFT-0 | INFO  | RoundChangeManager | Address: 0x19a437cb004a91f7e291616cb44bb18790839dc9  Round: 2 
2026-10-07 22:38:52.900+00:00 | BftProcessorExecutor-QBFT-0 | INFO  | RoundChangeManager | Address: 0x852843793c8b7e5e18de02133976a97f350e281b  Round: 1 
2026-10-07 22:38:52.901+00:00 | BftProcessorExecutor-QBFT-0 | INFO  | RoundChangeManager | Address: 0xd970350818dcaaeaa488f0f2fb93963237c0ece1  Round: 1 
2026-10-07 22:38:52.901+00:00 | BftProcessorExecutor-QBFT-0 | INFO  | RoundChangeManager | Address: 0x1219e9f99bb20f53b686466d8bcd20661c95293c  Round: 2 
2026-10-07 22:38:52.902+00:00 | BftProcessorExecutor-QBFT-0 | INFO  | RoundChangeManager | Address: 0x1d19615c9c1f34ebf69d68cd2aae84cfafc1856e  Round: 2 
2026-10-07 22:38:52.903+00:00 | BftProcessorExecutor-QBFT-0 | INFO  | RoundChangeManager | Address: 0x45a91261acfa561c90c70e39d565c57378c45dc1  Round: 2 
2026-10-07 22:38:52.904+00:00 | BftProcessorExecutor-QBFT-0 | INFO  | RoundChangeManager | Address: 0x4a5d2fcc5f76b7fac7a13611694dfbd0576f4ae8  Round: 1 
2026-10-07 22:38:52.905+00:00 | BftProcessorExecutor-QBFT-0 | INFO  | RoundChangeManager | Address: 0xe45bf258a9bd45b487d8c9319f42a7967af1d587  Round: 1 
2026-10-07 22:38:52.906+00:00 | BftProcessorExecutor-QBFT-0 | INFO  | RoundChangeManager | Address: 0x235f2c5140560bd123bd2b28aa0d21c94e15ecc5  Round: 2 
2026-10-07 22:38:52.907+00:00 | BftProcessorExecutor-QBFT-0 | INFO  | RoundChangeManager | Address: 0xfe4692682e705ae91331258f10d588019012c5ac  Round: 1 
2026-10-07 22:38:53.621+00:00 | BftProcessorExecutor-QBFT-0 | INFO  | RoundChangeManager | BFT round summary (quorum = 10)
2026-10-07 22:38:53.622+00:00 | BftProcessorExecutor-QBFT-0 | INFO  | RoundChangeManager | Address: 0x65d702bb0ab30c6d907b81e6caa412479a45fb5d  Round: 1 
2026-10-07 22:38:53.622+00:00 | BftProcessorExecutor-QBFT-0 | INFO  | RoundChangeManager | Address: 0x8da41128c59a61cd1ed6fd4b58a2fa09def68756  Round: 1 
2026-10-07 22:38:53.622+00:00 | BftProcessorExecutor-QBFT-0 | INFO  | RoundChangeManager | Address: 0x3f301a8f13e54c9f707296007a11a8baa436f26b  Round: 2 (Local node)
2026-10-07 22:38:53.622+00:00 | BftProcessorExecutor-QBFT-0 | INFO  | RoundChangeManager | Address: 0x04722b6a6ca0f14dc4ad8e89a903e14d5fc7f54b  Round: 2 
2026-10-07 22:38:53.623+00:00 | BftProcessorExecutor-QBFT-0 | INFO  | RoundChangeManager | Address: 0x8cec71c97b24a5bacf359a34356b5581660e6fab  Round: 1 
2026-10-07 22:38:53.623+00:00 | BftProcessorExecutor-QBFT-0 | INFO  | RoundChangeManager | Address: 0x19a437cb004a91f7e291616cb44bb18790839dc9  Round: 2 
2026-10-07 22:38:53.623+00:00 | BftProcessorExecutor-QBFT-0 | INFO  | RoundChangeManager | Address: 0x852843793c8b7e5e18de02133976a97f350e281b  Round: 1 
2026-10-07 22:38:53.623+00:00 | BftProcessorExecutor-QBFT-0 | INFO  | RoundChangeManager | Address: 0xd970350818dcaaeaa488f0f2fb93963237c0ece1  Round: 1 
2026-10-07 22:38:53.623+00:00 | BftProcessorExecutor-QBFT-0 | INFO  | RoundChangeManager | Address: 0x1219e9f99bb20f53b686466d8bcd20661c95293c  Round: 2 
2026-10-07 22:38:53.623+00:00 | BftProcessorExecutor-QBFT-0 | INFO  | RoundChangeManager | Address: 0x1d19615c9c1f34ebf69d68cd2aae84cfafc1856e  Round: 2 
2026-10-07 22:38:53.623+00:00 | BftProcessorExecutor-QBFT-0 | INFO  | RoundChangeManager | Address: 0x45a91261acfa561c90c70e39d565c57378c45dc1  Round: 2 
2026-10-07 22:38:53.624+00:00 | BftProcessorExecutor-QBFT-0 | INFO  | RoundChangeManager | Address: 0x4a5d2fcc5f76b7fac7a13611694dfbd0576f4ae8  Round: 2 
2026-10-07 22:38:53.624+00:00 | BftProcessorExecutor-QBFT-0 | INFO  | RoundChangeManager | Address: 0xe45bf258a9bd45b487d8c9319f42a7967af1d587  Round: 1 
2026-10-07 22:38:53.624+00:00 | BftProcessorExecutor-QBFT-0 | INFO  | RoundChangeManager | Address: 0x235f2c5140560bd123bd2b28aa0d21c94e15ecc5  Round: 2 
2026-10-07 22:38:53.624+00:00 | BftProcessorExecutor-QBFT-0 | INFO  | RoundChangeManager | Address: 0xfe4692682e705ae91331258f10d588019012c5ac  Round: 1 
2026-10-07 22:38:55.863+00:00 | BftProcessorExecutor-QBFT-0 | INFO  | RoundChangeManager | BFT round summary (quorum = 10)
2026-10-07 22:38:55.864+00:00 | BftProcessorExecutor-QBFT-0 | INFO  | RoundChangeManager | Address: 0x65d702bb0ab30c6d907b81e6caa412479a45fb5d  Round: 2 
2026-10-07 22:38:55.864+00:00 | BftProcessorExecutor-QBFT-0 | INFO  | RoundChangeManager | Address: 0x8da41128c59a61cd1ed6fd4b58a2fa09def68756  Round: 1 
2026-10-07 22:38:55.864+00:00 | BftProcessorExecutor-QBFT-0 | INFO  | RoundChangeManager | Address: 0x3f301a8f13e54c9f707296007a11a8baa436f26b  Round: 2 (Local node)
2026-10-07 22:38:55.864+00:00 | BftProcessorExecutor-QBFT-0 | INFO  | RoundChangeManager | Address: 0x04722b6a6ca0f14dc4ad8e89a903e14d5fc7f54b  Round: 2 
2026-10-07 22:38:55.865+00:00 | BftProcessorExecutor-QBFT-0 | INFO  | RoundChangeManager | Address: 0x8cec71c97b24a5bacf359a34356b5581660e6fab  Round: 1 
2026-10-07 22:38:55.865+00:00 | BftProcessorExecutor-QBFT-0 | INFO  | RoundChangeManager | Address: 0x19a437cb004a91f7e291616cb44bb18790839dc9  Round: 2 
2026-10-07 22:38:55.865+00:00 | BftProcessorExecutor-QBFT-0 | INFO  | RoundChangeManager | Address: 0x852843793c8b7e5e18de02133976a97f350e281b  Round: 1 
2026-10-07 22:38:55.865+00:00 | BftProcessorExecutor-QBFT-0 | INFO  | RoundChangeManager | Address: 0xd970350818dcaaeaa488f0f2fb93963237c0ece1  Round: 1 
2026-10-07 22:38:55.865+00:00 | BftProcessorExecutor-QBFT-0 | INFO  | RoundChangeManager | Address: 0x1219e9f99bb20f53b686466d8bcd20661c95293c  Round: 2 
2026-10-07 22:38:55.865+00:00 | BftProcessorExecutor-QBFT-0 | INFO  | RoundChangeManager | Address: 0x1d19615c9c1f34ebf69d68cd2aae84cfafc1856e  Round: 2 
2026-10-07 22:38:55.865+00:00 | BftProcessorExecutor-QBFT-0 | INFO  | RoundChangeManager | Address: 0x45a91261acfa561c90c70e39d565c57378c45dc1  Round: 2 
2026-10-07 22:38:55.865+00:00 | BftProcessorExecutor-QBFT-0 | INFO  | RoundChangeManager | Address: 0x4a5d2fcc5f76b7fac7a13611694dfbd0576f4ae8  Round: 2 
2026-10-07 22:38:55.865+00:00 | BftProcessorExecutor-QBFT-0 | INFO  | RoundChangeManager | Address: 0xe45bf258a9bd45b487d8c9319f42a7967af1d587  Round: 1 
2026-10-07 22:38:55.866+00:00 | BftProcessorExecutor-QBFT-0 | INFO  | RoundChangeManager | Address: 0x235f2c5140560bd123bd2b28aa0d21c94e15ecc5  Round: 2 
2026-10-07 22:38:55.866+00:00 | BftProcessorExecutor-QBFT-0 | INFO  | RoundChangeManager | Address: 0xfe4692682e705ae91331258f10d588019012c5ac  Round: 1 
2026-10-07 22:38:57.151+00:00 | EthScheduler-Timer-0 | INFO  | FullSyncTargetManager | Unable to find sync target. Currently checking 14 peers for usefulness
2026-10-07 22:38:58.792+00:00 | BftProcessorExecutor-QBFT-0 | INFO  | RoundChangeManager | BFT round summary (quorum = 10)
2026-10-07 22:38:58.792+00:00 | BftProcessorExecutor-QBFT-0 | INFO  | RoundChangeManager | Address: 0x65d702bb0ab30c6d907b81e6caa412479a45fb5d  Round: 2 
2026-10-07 22:38:58.793+00:00 | BftProcessorExecutor-QBFT-0 | INFO  | RoundChangeManager | Address: 0x8da41128c59a61cd1ed6fd4b58a2fa09def68756  Round: 1 
2026-10-07 22:38:58.793+00:00 | BftProcessorExecutor-QBFT-0 | INFO  | RoundChangeManager | Address: 0x3f301a8f13e54c9f707296007a11a8baa436f26b  Round: 2 (Local node)
2026-10-07 22:38:58.793+00:00 | BftProcessorExecutor-QBFT-0 | INFO  | RoundChangeManager | Address: 0x04722b6a6ca0f14dc4ad8e89a903e14d5fc7f54b  Round: 2 
2026-10-07 22:38:58.793+00:00 | BftProcessorExecutor-QBFT-0 | INFO  | RoundChangeManager | Address: 0x8cec71c97b24a5bacf359a34356b5581660e6fab  Round: 1 
2026-10-07 22:38:58.793+00:00 | BftProcessorExecutor-QBFT-0 | INFO  | RoundChangeManager | Address: 0x19a437cb004a91f7e291616cb44bb18790839dc9  Round: 2 
2026-10-07 22:38:58.796+00:00 | BftProcessorExecutor-QBFT-0 | INFO  | RoundChangeManager | Address: 0x852843793c8b7e5e18de02133976a97f350e281b  Round: 2 
2026-10-07 22:38:58.797+00:00 | BftProcessorExecutor-QBFT-0 | INFO  | RoundChangeManager | Address: 0xd970350818dcaaeaa488f0f2fb93963237c0ece1  Round: 1 
2026-10-07 22:38:58.797+00:00 | BftProcessorExecutor-QBFT-0 | INFO  | RoundChangeManager | Address: 0x1219e9f99bb20f53b686466d8bcd20661c95293c  Round: 2 
2026-10-07 22:38:58.797+00:00 | BftProcessorExecutor-QBFT-0 | INFO  | RoundChangeManager | Address: 0x1d19615c9c1f34ebf69d68cd2aae84cfafc1856e  Round: 2 
2026-10-07 22:38:58.797+00:00 | BftProcessorExecutor-QBFT-0 | INFO  | RoundChangeManager | Address: 0x45a91261acfa561c90c70e39d565c57378c45dc1  Round: 2 
2026-10-07 22:38:58.797+00:00 | BftProcessorExecutor-QBFT-0 | INFO  | RoundChangeManager | Address: 0x4a5d2fcc5f76b7fac7a13611694dfbd0576f4ae8  Round: 2 
2026-10-07 22:38:58.797+00:00 | BftProcessorExecutor-QBFT-0 | INFO  | RoundChangeManager | Address: 0xe45bf258a9bd45b487d8c9319f42a7967af1d587  Round: 1 
2026-10-07 22:38:58.797+00:00 | BftProcessorExecutor-QBFT-0 | INFO  | RoundChangeManager | Address: 0x235f2c5140560bd123bd2b28aa0d21c94e15ecc5  Round: 2 
2026-10-07 22:38:58.797+00:00 | BftProcessorExecutor-QBFT-0 | INFO  | RoundChangeManager | Address: 0xfe4692682e705ae91331258f10d588019012c5ac  Round: 1 
2026-10-07 22:38:59.213+00:00 | BftProcessorExecutor-QBFT-0 | INFO  | QbftRound | Importing proposed block to chain. round=ConsensusRoundIdentifier{Sequence=1, Round=2}, hash=0x1cf17c8096dc5b3c5c4f3ea9db8f8f1f814842f973c71e560631ddb15f2d55e3
2026-10-07 22:38:59.262+00:00 | BftProcessorExecutor-QBFT-0 | INFO  | QbftBesuControllerBuilder | Imported #1 / 0 tx / 0 pending / 0 (0.0%) gas / (0x1cf17c8096dc5b3c5c4f3ea9db8f8f1f814842f973c71e560631ddb15f2d55e3)
2026-10-07 22:39:00.314+00:00 | BftProcessorExecutor-QBFT-0 | INFO  | QbftBesuControllerBuilder | Imported #2 / 0 tx / 0 pending / 0 (0.0%) gas / (0xc6513d79220278d5bf628172a9bb7ecb2a3f515361fab5d60a878ce8b516459e)
2026-10-07 22:39:02.330+00:00 | BftProcessorExecutor-QBFT-0 | INFO  | QbftBesuControllerBuilder | Imported #3 / 0 tx / 0 pending / 0 (0.0%) gas / (0x2051e768a93e5831600dab4c35d0f658cacd6f3030da3df8fa061fe552bbf9f0)
2026-10-07 22:39:02.334+00:00 | EthScheduler-Workers-0 | INFO  | PersistBlockTask | Block 3 (0x2051e768a93e5831600dab4c35d0f658cacd6f3030da3df8fa061fe552bbf9f0) is already imported
2026-10-07 22:39:04.300+00:00 | BftProcessorExecutor-QBFT-0 | INFO  | QbftBesuControllerBuilder | Produced #4 / 0 tx / 0 pending / 0 (0.0%) gas / (0x458c8e722a828bb68151f023465fb7b13e1142903a3e61347e0f2320aa9a0309)
2026-10-07 22:39:06.356+00:00 | BftProcessorExecutor-QBFT-0 | INFO  | QbftBesuControllerBuilder | Imported #5 / 0 tx / 1 pending / 0 (0.0%) gas / (0xc1ed2913a86526cc224603b30ba721c440cbcb4c3e0419dbefd69caab72412da)
2026-10-07 22:39:08.424+00:00 | BftProcessorExecutor-QBFT-0 | INFO  | QbftBesuControllerBuilder | Imported #6 / 0 tx / 1 pending / 0 (0.0%) gas / (0xe931a6eed79ce5148a1102ab500c19583fe23177340930040b6b1a1e9ab2b03f)
2026-10-07 22:39:10.431+00:00 | BftProcessorExecutor-QBFT-0 | INFO  | QbftBesuControllerBuilder | Imported #7 / 0 tx / 1 pending / 0 (0.0%) gas / (0xccf4078f272449360b67640e39a5260bb336654252b75b7eb606bcda599c7a21)
2026-10-07 22:39:12.408+00:00 | BftProcessorExecutor-QBFT-0 | INFO  | QbftBesuControllerBuilder | Imported #8 / 0 tx / 1 pending / 0 (0.0%) gas / (0x93619a47d2c905e37cc56db3472a2eaa5b582281bdf502c69e755ef578fbe9fb)
2026-10-07 22:39:14.447+00:00 | EthScheduler-Workers-0 | INFO  | PersistBlockTask | Block 9 (0x0751df13d569285534f00bece74a167ec386338c615829502d5bd8eddc8abbb0) is already imported
2026-10-07 22:39:14.448+00:00 | BftProcessorExecutor-QBFT-0 | INFO  | QbftBesuControllerBuilder | Imported #9 / 0 tx / 1 pending / 0 (0.0%) gas / (0x0751df13d569285534f00bece74a167ec386338c615829502d5bd8eddc8abbb0)
2026-10-07 22:39:16.445+00:00 | BftProcessorExecutor-QBFT-0 | INFO  | QbftBesuControllerBuilder | Imported #10 / 0 tx / 1 pending / 0 (0.0%) gas / (0xdb2d9e5dc7f458d438a821de8520429882c2a202b362ce2ca627d93bae339765)
2026-10-07 22:39:18.598+00:00 | BftProcessorExecutor-QBFT-0 | INFO  | QbftBesuControllerBuilder | Imported #11 / 0 tx / 1 pending / 0 (0.0%) gas / (0x7d6048a7b18c7cf1bd4f7fd1fd674dc119377ff7707c1ae8ab109c02c66cdeca)
2026-10-07 22:39:20.565+00:00 | BftProcessorExecutor-QBFT-0 | INFO  | QbftBesuControllerBuilder | Imported #12 / 0 tx / 1 pending / 0 (0.0%) gas / (0xc6587f9011e742e446a7bc509114d99160a738907b55f249cfebbf703959795b)
2026-10-07 22:39:22.571+00:00 | BftProcessorExecutor-QBFT-0 | INFO  | QbftBesuControllerBuilder | Imported #13 / 0 tx / 1 pending / 0 (0.0%) gas / (0x98f4f5d0cc0d3282b186d65ad0ea301895e0eb8c79dd9fa3522ffdbcb176d285)
2026-10-07 22:39:24.331+00:00 | BftProcessorExecutor-QBFT-0 | INFO  | QbftBesuControllerBuilder | Imported #14 / 1 tx / 0 pending / 465,218 (0.0%) gas / (0x54c53204cc7364a5a55054fe37ef82dc04caa60edcd30802d7bd13f55bbb4f49)
2026-10-07 22:39:26.274+00:00 | BftProcessorExecutor-QBFT-0 | INFO  | QbftBesuControllerBuilder | Imported #15 / 0 tx / 1 pending / 0 (0.0%) gas / (0x1e9d24fefb7d3f3f4f6aa41d628b964b392557a992c207f2e92c2970dc52af6c)
2026-10-07 22:39:28.250+00:00 | BftProcessorExecutor-QBFT-0 | INFO  | QbftBesuControllerBuilder | Imported #16 / 0 tx / 1 pending / 0 (0.0%) gas / (0xeb44e44d6e6a68a250d9f1591d7d6873e63d3183909e7c66f9c5647a3f8a28e3)
2026-10-07 22:39:30.244+00:00 | BftProcessorExecutor-QBFT-0 | INFO  | QbftBesuControllerBuilder | Imported #17 / 0 tx / 1 pending / 0 (0.0%) gas / (0xd225cc8c9304f810ddaad3bcae794db66f62da3d67f70dbcbfafb121fb3d1ebd)
2026-10-07 22:39:32.246+00:00 | BftProcessorExecutor-QBFT-0 | INFO  | QbftBesuControllerBuilder | Imported #18 / 0 tx / 1 pending / 0 (0.0%) gas / (0x59416a558251f33faad95e02d68658a4b5581b72acd5186c3a6f49cedad4ffe5)
2026-10-07 22:39:34.240+00:00 | BftProcessorExecutor-QBFT-0 | INFO  | QbftBesuControllerBuilder | Produced #19 / 0 tx / 1 pending / 0 (0.0%) gas / (0xe31d2ce2065700cc93c0dd1b803d9be5a3b4d6a61cc406e392c9f5817254b0cc)
2026-10-07 22:39:36.335+00:00 | BftProcessorExecutor-QBFT-0 | INFO  | QbftBesuControllerBuilder | Imported #20 / 0 tx / 1 pending / 0 (0.0%) gas / (0x0793e9719986eca15e2fd0b836c02a19d3f3acaad3637b25fef0aa3983f6814d)
2026-10-07 22:39:38.337+00:00 | BftProcessorExecutor-QBFT-0 | INFO  | QbftBesuControllerBuilder | Imported #21 / 0 tx / 1 pending / 0 (0.0%) gas / (0x8ce3b46ce490664a12fb77898d39876a24bc0b840b625ff483291c8aa6b0ca30)
2026-10-07 22:39:40.353+00:00 | BftProcessorExecutor-QBFT-0 | INFO  | QbftBesuControllerBuilder | Imported #22 / 0 tx / 1 pending / 0 (0.0%) gas / (0x0c3ec60c8c7cbd7dbe33dfc6798ea7e4a24ed8f755a765ecedf741150a647eeb)
2026-10-07 22:39:40.354+00:00 | EthScheduler-Workers-0 | INFO  | PersistBlockTask | Block 22 (0x0c3ec60c8c7cbd7dbe33dfc6798ea7e4a24ed8f755a765ecedf741150a647eeb) is already imported
2026-10-07 22:39:42.341+00:00 | BftProcessorExecutor-QBFT-0 | INFO  | QbftBesuControllerBuilder | Imported #23 / 0 tx / 1 pending / 0 (0.0%) gas / (0xdbf658e428f2ff50515e243a2626c8f7adec92f3956cd704fc07fbee3a524c7c)
2026-10-07 22:39:44.340+00:00 | BftProcessorExecutor-QBFT-0 | INFO  | QbftBesuControllerBuilder | Imported #24 / 0 tx / 1 pending / 0 (0.0%) gas / (0xb8f209ae7361f798d71ceb6f49c24598af2d9f7631a18af4196383738f5b812c)
2026-10-07 22:39:46.331+00:00 | BftProcessorExecutor-QBFT-0 | INFO  | QbftBesuControllerBuilder | Imported #25 / 0 tx / 1 pending / 0 (0.0%) gas / (0xe313ef05648b6ff11a28d30999b40c10c58e9d6cb975042cc4cdde21e06a373d)
2026-10-07 22:39:48.489+00:00 | BftProcessorExecutor-QBFT-0 | INFO  | QbftBesuControllerBuilder | Imported #26 / 0 tx / 1 pending / 0 (0.0%) gas / (0x947dd1aedef50c17b483e3d5234a42e4a3c9717c048057f5db96d26f231af53b)
2026-10-07 22:39:50.467+00:00 | BftProcessorExecutor-QBFT-0 | INFO  | QbftBesuControllerBuilder | Imported #27 / 0 tx / 1 pending / 0 (0.0%) gas / (0xbfad20e25528fd29964ef305b47d011c9aa548efbd11f5b93ee68b965c573310)
2026-10-07 22:39:52.458+00:00 | BftProcessorExecutor-QBFT-0 | INFO  | QbftBesuControllerBuilder | Imported #28 / 0 tx / 1 pending / 0 (0.0%) gas / (0x713e903ffc6c9445d170cb191ec38856026822b5036231a4d0e14e6d7811b0ad)
2026-10-07 22:39:54.290+00:00 | BftProcessorExecutor-QBFT-0 | INFO  | QbftBesuControllerBuilder | Imported #29 / 1 tx / 0 pending / 1,832,969 (0.0%) gas / (0x5c5475667a68bcafe22be8777435467b3b2054759b4d9af7f9dead4d57e4d811)
2026-10-07 22:39:56.256+00:00 | BftProcessorExecutor-QBFT-0 | INFO  | QbftBesuControllerBuilder | Imported #30 / 0 tx / 0 pending / 0 (0.0%) gas / (0xaf3a73dda7d93a9edbd32d2a81d919d8b765c6fc4715c6a40b7ac6546745e27c)
2026-10-07 22:39:58.260+00:00 | BftProcessorExecutor-QBFT-0 | INFO  | QbftBesuControllerBuilder | Imported #31 / 0 tx / 0 pending / 0 (0.0%) gas / (0xdb9430d0e89139214ccb32eaa1c39c4ff486dcf58e7aa2caffc621317c57aa95)
2026-10-07 22:40:00.256+00:00 | BftProcessorExecutor-QBFT-0 | INFO  | QbftBesuControllerBuilder | Imported #32 / 0 tx / 0 pending / 0 (0.0%) gas / (0x89370ac6fec42a608de2e1ba6f2226c2fa49255fdd0f502912abf232cd10b58b)
2026-10-07 22:40:02.257+00:00 | BftProcessorExecutor-QBFT-0 | INFO  | QbftBesuControllerBuilder | Imported #33 / 0 tx / 0 pending / 0 (0.0%) gas / (0xa9d66c4a593d111b9b078d29efe33346fe370168a28eb2217be601b23bdf8160)
2026-10-07 22:40:04.244+00:00 | BftProcessorExecutor-QBFT-0 | INFO  | QbftBesuControllerBuilder | Produced #34 / 0 tx / 0 pending / 0 (0.0%) gas / (0xff3806b7de65734cbd66984bcd441a5c48d21e2dc95ad2b156286da1b1f082cd)
2026-10-07 22:40:06.325+00:00 | BftProcessorExecutor-QBFT-0 | INFO  | QbftBesuControllerBuilder | Imported #35 / 0 tx / 0 pending / 0 (0.0%) gas / (0x54b07aa3732895898797ff6ac8a94d25c547cf003bc62412c8938edf4aa426cd)
2026-10-07 22:40:08.330+00:00 | BftProcessorExecutor-QBFT-0 | INFO  | QbftBesuControllerBuilder | Imported #36 / 0 tx / 0 pending / 0 (0.0%) gas / (0x9575b6e557d758ead2be4060734fd9d62055021bbe15e831b693f50192c88ddc)
2026-10-07 22:40:10.356+00:00 | BftProcessorExecutor-QBFT-0 | INFO  | QbftBesuControllerBuilder | Imported #37 / 0 tx / 0 pending / 0 (0.0%) gas / (0x98b231572e1618a3a808b6d249a999d967a3515ea06a99bf0d635347aef46edc)
2026-10-07 22:40:12.343+00:00 | BftProcessorExecutor-QBFT-0 | INFO  | QbftBesuControllerBuilder | Imported #38 / 0 tx / 0 pending / 0 (0.0%) gas / (0x4428da6cca37b1b5bc9bd829052f2884657b254ea607e128300fa2179ddbfc3d)
2026-10-07 22:40:14.331+00:00 | BftProcessorExecutor-QBFT-0 | INFO  | QbftBesuControllerBuilder | Imported #39 / 0 tx / 0 pending / 0 (0.0%) gas / (0x196380739a1b9d5bea4cecc64efbf52200a74a12619fd7f369c64a386eb3c4db)
2026-10-07 22:40:16.333+00:00 | BftProcessorExecutor-QBFT-0 | INFO  | QbftBesuControllerBuilder | Imported #40 / 0 tx / 0 pending / 0 (0.0%) gas / (0xeda7194414f025716aad4fc655adf61425a0ad07c9f300e932e79b5339811c4c)
2026-10-07 22:40:18.471+00:00 | BftProcessorExecutor-QBFT-0 | INFO  | QbftBesuControllerBuilder | Imported #41 / 0 tx / 0 pending / 0 (0.0%) gas / (0x27d4195662dc238395645e272dcf79216a36f67dbf2ad40215e82c87653fc6c7)
2026-10-07 22:40:20.446+00:00 | BftProcessorExecutor-QBFT-0 | INFO  | QbftBesuControllerBuilder | Imported #42 / 0 tx / 0 pending / 0 (0.0%) gas / (0x1f6d473f92d7f206a7591bd2a7d4f9ce60357c5944f240767872f91c98ca98a4)
2026-10-07 22:40:22.539+00:00 | EthScheduler-Workers-0 | INFO  | PersistBlockTask | Block 43 (0x7fc428956aa28db4591b373d2aab0f7bbb8213748b08065d05eb8499af17fb09) is already imported
2026-10-07 22:40:22.541+00:00 | BftProcessorExecutor-QBFT-0 | INFO  | QbftBesuControllerBuilder | Imported #43 / 0 tx / 0 pending / 0 (0.0%) gas / (0x7fc428956aa28db4591b373d2aab0f7bbb8213748b08065d05eb8499af17fb09)
2026-10-07 22:40:24.249+00:00 | BftProcessorExecutor-QBFT-0 | INFO  | QbftBesuControllerBuilder | Imported #44 / 0 tx / 0 pending / 0 (0.0%) gas / (0xcf9e8d0c65847d65325f6d5277bb8d68a304fa8a1afc4139022bacdbe0c3e8b8)
2026-10-07 22:40:26.252+00:00 | EthScheduler-Workers-0 | INFO  | PersistBlockTask | Block 45 (0x65fa31e513b285049f6f76285ff73492dab7bc2bfe10baecd3eaf4e147e7ac24) is already imported
2026-10-07 22:40:26.253+00:00 | BftProcessorExecutor-QBFT-0 | INFO  | QbftBesuControllerBuilder | Imported #45 / 0 tx / 0 pending / 0 (0.0%) gas / (0x65fa31e513b285049f6f76285ff73492dab7bc2bfe10baecd3eaf4e147e7ac24)
2026-10-07 22:40:28.263+00:00 | BftProcessorExecutor-QBFT-0 | INFO  | QbftBesuControllerBuilder | Imported #46 / 0 tx / 0 pending / 0 (0.0%) gas / (0x2a7a05ce013035210b21dfecdb7f64619128eef2928a05327ef83db5f7d1fb0a)
2026-10-07 22:40:30.238+00:00 | BftProcessorExecutor-QBFT-0 | INFO  | QbftBesuControllerBuilder | Imported #47 / 0 tx / 0 pending / 0 (0.0%) gas / (0x3fe45aea549975287205bdd6e3a6d7e6fd740c1a5aea6895d5a4a467134c4539)
2026-10-07 22:40:32.253+00:00 | BftProcessorExecutor-QBFT-0 | INFO  | QbftBesuControllerBuilder | Imported #48 / 0 tx / 0 pending / 0 (0.0%) gas / (0xd4bc48dd40f5b368bae4a828a4bad0517f513392d8201ded6f1b88caea6242c3)
2026-10-07 22:40:34.243+00:00 | BftProcessorExecutor-QBFT-0 | INFO  | QbftBesuControllerBuilder | Produced #49 / 0 tx / 0 pending / 0 (0.0%) gas / (0xca4d0ae687b592a6d5c563181a017dc46b6f6a1ceb5134a43bdd60b1066f3ba3)
2026-10-07 22:40:36.337+00:00 | BftProcessorExecutor-QBFT-0 | INFO  | QbftBesuControllerBuilder | Imported #50 / 0 tx / 0 pending / 0 (0.0%) gas / (0x98476e5409be92928a49a25fc6bea20fb7e22814572526465c20a53ee78f8a83)
2026-10-07 22:40:38.319+00:00 | BftProcessorExecutor-QBFT-0 | INFO  | QbftBesuControllerBuilder | Imported #51 / 0 tx / 0 pending / 0 (0.0%) gas / (0x861547353dd8820148fa99200b465031fe8ed38b4210906151c6f7d5360636fe)
2026-10-07 22:40:40.326+00:00 | EthScheduler-Workers-0 | INFO  | PersistBlockTask | Block 52 (0x5b7a0dc0289441e3b59f4cde2b598c75523d726fb5426361edf57616c9f1bb30) is already imported
2026-10-07 22:40:40.327+00:00 | BftProcessorExecutor-QBFT-0 | INFO  | QbftBesuControllerBuilder | Imported #52 / 0 tx / 0 pending / 0 (0.0%) gas / (0x5b7a0dc0289441e3b59f4cde2b598c75523d726fb5426361edf57616c9f1bb30)
2026-10-07 22:40:42.318+00:00 | BftProcessorExecutor-QBFT-0 | INFO  | QbftBesuControllerBuilder | Imported #53 / 0 tx / 0 pending / 0 (0.0%) gas / (0xe6ebaf0699a16da830ad62118deea6f53495befc14a819e5c781a5ed305f2e34)
2026-10-07 22:40:44.322+00:00 | BftProcessorExecutor-QBFT-0 | INFO  | QbftBesuControllerBuilder | Imported #54 / 0 tx / 0 pending / 0 (0.0%) gas / (0x9aaa6256d02db0f7de56a996c4c241d632cb57aecd0ba883835a6a0ac57592c7)
2026-10-07 22:40:46.326+00:00 | EthScheduler-Workers-0 | INFO  | PersistBlockTask | Block 55 (0xfa7ad9cf9c2e3b947da8a6307246460244e121d81ddcf9cbb2976477442faf46) is already imported
2026-10-07 22:40:46.327+00:00 | BftProcessorExecutor-QBFT-0 | INFO  | QbftBesuControllerBuilder | Imported #55 / 0 tx / 0 pending / 0 (0.0%) gas / (0xfa7ad9cf9c2e3b947da8a6307246460244e121d81ddcf9cbb2976477442faf46)
2026-10-07 22:40:48.516+00:00 | BftProcessorExecutor-QBFT-0 | INFO  | QbftBesuControllerBuilder | Imported #56 / 0 tx / 0 pending / 0 (0.0%) gas / (0x29daad2574e60a53445230013135d3740206f6ced139ce69afdd2aa789f2a8ac)
2026-10-07 22:40:48.516+00:00 | EthScheduler-Workers-0 | INFO  | PersistBlockTask | Block 56 (0x29daad2574e60a53445230013135d3740206f6ced139ce69afdd2aa789f2a8ac) is already imported
2026-10-07 22:40:50.464+00:00 | BftProcessorExecutor-QBFT-0 | INFO  | QbftBesuControllerBuilder | Imported #57 / 0 tx / 0 pending / 0 (0.0%) gas / (0x42ff64bf5932c2afa173d6cee8650832b1d5c50d18c114859bef34e456df711f)
2026-10-07 22:40:52.486+00:00 | EthScheduler-Workers-0 | INFO  | PersistBlockTask | Block 58 (0xafb846bd062e56091dccc3ecd2d19700dde0509dfaa419e9e1857e8bcb7dc3e3) is already imported
2026-10-07 22:40:52.486+00:00 | BftProcessorExecutor-QBFT-0 | INFO  | QbftBesuControllerBuilder | Imported #58 / 0 tx / 0 pending / 0 (0.0%) gas / (0xafb846bd062e56091dccc3ecd2d19700dde0509dfaa419e9e1857e8bcb7dc3e3)
2026-10-07 22:40:54.260+00:00 | BftProcessorExecutor-QBFT-0 | INFO  | QbftBesuControllerBuilder | Imported #59 / 0 tx / 0 pending / 0 (0.0%) gas / (0x50e6b70113222404e4247927e30f70f41f028bcb94394b1d55f095e391cbdc1e)
2026-10-07 22:40:56.255+00:00 | BftProcessorExecutor-QBFT-0 | INFO  | QbftBesuControllerBuilder | Imported #60 / 0 tx / 0 pending / 0 (0.0%) gas / (0xc96e8bd4bc81113c2549cb87a6d4e0604b1821a8b12f6b3937ab2fab11dd7710)
2026-10-07 22:40:56.256+00:00 | EthScheduler-Workers-0 | INFO  | PersistBlockTask | Block 60 (0xc96e8bd4bc81113c2549cb87a6d4e0604b1821a8b12f6b3937ab2fab11dd7710) is already imported
2026-10-07 22:40:58.252+00:00 | BftProcessorExecutor-QBFT-0 | INFO  | QbftBesuControllerBuilder | Imported #61 / 0 tx / 0 pending / 0 (0.0%) gas / (0xda71afbee3ad57988c0c6ec807927ffbfb5e27b80b50f6323f1d4bcbb3d3c2cf)
2026-10-07 22:41:00.253+00:00 | BftProcessorExecutor-QBFT-0 | INFO  | QbftBesuControllerBuilder | Imported #62 / 0 tx / 0 pending / 0 (0.0%) gas / (0x9c2bed80ef6e6d78eca3cd703360945c1a790eedfc1baa908527e24216ddb947)
2026-10-07 22:41:02.248+00:00 | BftProcessorExecutor-QBFT-0 | INFO  | QbftBesuControllerBuilder | Imported #63 / 0 tx / 0 pending / 0 (0.0%) gas / (0xd28bf3ead3a616d8d8dbc02a6b4c9d959de1a05d9ac8694e72f5dc3e2d1760bb)
2026-10-07 22:41:04.249+00:00 | BftProcessorExecutor-QBFT-0 | INFO  | QbftBesuControllerBuilder | Produced #64 / 0 tx / 0 pending / 0 (0.0%) gas / (0x2b968f5967a04849551c6edc2428687aaaa28483d084c07224713e4c2b3f0abe)
2026-10-07 22:41:06.326+00:00 | BftProcessorExecutor-QBFT-0 | INFO  | QbftBesuControllerBuilder | Imported #65 / 0 tx / 0 pending / 0 (0.0%) gas / (0x00fc8b38f016a5491a114169eaf8e2b65fc918a4dab4d3a8f67e856299be74ee)
2026-10-07 22:41:08.333+00:00 | BftProcessorExecutor-QBFT-0 | INFO  | QbftBesuControllerBuilder | Imported #66 / 0 tx / 0 pending / 0 (0.0%) gas / (0xa01364a5409f3a5c91cc227e6e7e3da0dfd0aa7690fdd87f4e09d55ec0f31dc7)
2026-10-07 22:41:10.324+00:00 | EthScheduler-Workers-0 | INFO  | PersistBlockTask | Block 67 (0x83b25a6b96914b5d55329da8e3d313d595c788afb99eba2f9c0c56edc31fb6d4) is already imported
2026-10-07 22:41:10.324+00:00 | BftProcessorExecutor-QBFT-0 | INFO  | QbftBesuControllerBuilder | Imported #67 / 0 tx / 0 pending / 0 (0.0%) gas / (0x83b25a6b96914b5d55329da8e3d313d595c788afb99eba2f9c0c56edc31fb6d4)
2026-10-07 22:41:12.321+00:00 | BftProcessorExecutor-QBFT-0 | INFO  | QbftBesuControllerBuilder | Imported #68 / 0 tx / 0 pending / 0 (0.0%) gas / (0xd09afa8c5a63dca96c61a67d9719f2c8647ecf86fa947a3b4365d32b241349ac)
2026-10-07 22:41:14.336+00:00 | BftProcessorExecutor-QBFT-0 | INFO  | QbftBesuControllerBuilder | Imported #69 / 0 tx / 0 pending / 0 (0.0%) gas / (0xb9f61116ffdf39ab190f46ac18d0d069c1d9c6c2d969c84dd0043eef1b5c4ecf)
2026-10-07 22:41:16.431+00:00 | BftProcessorExecutor-QBFT-0 | INFO  | QbftBesuControllerBuilder | Imported #70 / 2 tx / 131 pending / 483,940 (0.0%) gas / (0x26b3e668da6085184b39f01579ad44ab6394d5e59207e9b7e196ac1d036e58a7)
2026-10-07 22:41:21.258+00:00 | EthScheduler-Workers-0 | INFO  | PersistBlockTask | Block 71 (0x0e8f26169b700989011293ae865d10fbce3118ff5b251630308dddfa4f1e66cc) is already imported
2026-10-07 22:41:21.268+00:00 | BftProcessorExecutor-QBFT-0 | INFO  | QbftBesuControllerBuilder | Imported #71 / 45 tx / 1535 pending / 10,888,650 (0.0%) gas / (0x0e8f26169b700989011293ae865d10fbce3118ff5b251630308dddfa4f1e66cc)
2026-10-07 22:41:26.385+00:00 | EthScheduler-Workers-0 | INFO  | PersistBlockTask | Block 72 (0x7c3c8f61ac13b00fd4637b63acd5bb5c52d98e4334e9eb1b718ae2977f59213e) is already imported
2026-10-07 22:41:26.389+00:00 | BftProcessorExecutor-QBFT-0 | INFO  | QbftBesuControllerBuilder | Imported #72 / 119 tx / 2984 pending / 28,794,430 (0.0%) gas / (0x7c3c8f61ac13b00fd4637b63acd5bb5c52d98e4334e9eb1b718ae2977f59213e)
2026-10-07 22:41:34.199+00:00 | BftProcessorExecutor-QBFT-0 | INFO  | QbftBesuControllerBuilder | Imported #73 / 229 tx / 5507 pending / 55,411,130 (0.0%) gas / (0x4d135a40547454a7a693501f1fb0668b1099eb5dd7a686f16ce60d0d3bf5e234)
2026-10-07 22:41:39.158+00:00 | EthScheduler-Workers-0 | INFO  | PersistBlockTask | Block 74 (0x6ce0e763dcc827646e5d00b8ee9f13312c085a59922ffc438c0d4676f2abfd5f) is already imported
2026-10-07 22:41:39.166+00:00 | BftProcessorExecutor-QBFT-0 | INFO  | QbftBesuControllerBuilder | Imported #74 / 320 tx / 7020 pending / 77,430,400 (0.0%) gas / (0x6ce0e763dcc827646e5d00b8ee9f13312c085a59922ffc438c0d4676f2abfd5f)
2026-10-07 22:41:43.940+00:00 | BftProcessorExecutor-QBFT-0 | INFO  | QbftBesuControllerBuilder | Imported #75 / 318 tx / 8561 pending / 76,946,460 (0.0%) gas / (0x69a42456b3bf30640bf99769380b5e2aeebc32cca58a04392669a564656d1bb7)
2026-10-07 22:41:48.576+00:00 | BftProcessorExecutor-QBFT-0 | INFO  | QbftBesuControllerBuilder | Imported #76 / 310 tx / 10117 pending / 75,010,700 (0.0%) gas / (0x13711c84363d37059f7f0fb08f81c0b98a444616651dce409a8626559036dcc4)
2026-10-07 22:41:53.249+00:00 | EthScheduler-Workers-0 | INFO  | PersistBlockTask | Block 77 (0xa6ce0ef5324333b4b3c707d657637c2a9cdc64f88da12cf0283de40b9af1afc9) is already imported
2026-10-07 22:41:53.262+00:00 | BftProcessorExecutor-QBFT-0 | INFO  | QbftBesuControllerBuilder | Imported #77 / 309 tx / 11428 pending / 74,768,730 (0.0%) gas / (0xa6ce0ef5324333b4b3c707d657637c2a9cdc64f88da12cf0283de40b9af1afc9)
2026-10-07 22:41:58.157+00:00 | EthScheduler-Workers-0 | INFO  | PersistBlockTask | Block 78 (0x356976130060454387bf1fe16c7158a96dfc396ad05df290392b118ac11fa1ff) is already imported
2026-10-07 22:41:58.163+00:00 | BftProcessorExecutor-QBFT-0 | INFO  | QbftBesuControllerBuilder | Imported #78 / 334 tx / 12849 pending / 80,817,980 (0.0%) gas / (0x356976130060454387bf1fe16c7158a96dfc396ad05df290392b118ac11fa1ff)
2026-10-07 22:41:59.669+00:00 | BftProcessorExecutor-QBFT-0 | WARN  | BlockTransactionSelector | Interrupting the selection of transactions for block inclusion as it exceeds the maximum configured duration of 1500ms
java.util.concurrent.TimeoutException
	at java.base/java.util.concurrent.CompletableFuture.timedGet(CompletableFuture.java:1960)
	at java.base/java.util.concurrent.CompletableFuture.get(CompletableFuture.java:2095)
	at org.hyperledger.besu.ethereum.blockcreation.txselection.BlockTransactionSelector.timeLimitedSelection(BlockTransactionSelector.java:186)
	at org.hyperledger.besu.ethereum.blockcreation.txselection.BlockTransactionSelector.buildTransactionListForBlock(BlockTransactionSelector.java:169)
	at org.hyperledger.besu.ethereum.blockcreation.AbstractBlockCreator.selectTransactions(AbstractBlockCreator.java:376)
	at org.hyperledger.besu.ethereum.blockcreation.AbstractBlockCreator.createBlock(AbstractBlockCreator.java:218)
	at org.hyperledger.besu.ethereum.blockcreation.AbstractBlockCreator.createBlock(AbstractBlockCreator.java:146)
	at org.hyperledger.besu.consensus.common.bft.blockcreation.BftBlockCreator.createBlock(BftBlockCreator.java:92)
	at org.hyperledger.besu.consensus.qbft.statemachine.QbftRound.createAndSendProposalMessage(QbftRound.java:137)
	at org.hyperledger.besu.consensus.qbft.statemachine.QbftBlockHeightManager.handleBlockTimerExpiry(QbftBlockHeightManager.java:140)
	at org.hyperledger.besu.consensus.common.bft.statemachine.BaseBftController.handleBlockTimerExpiry(BaseBftController.java:167)
	at org.hyperledger.besu.consensus.common.bft.EventMultiplexer.handleBftEvent(EventMultiplexer.java:65)
	at java.base/java.util.Optional.ifPresent(Optional.java:178)
	at org.hyperledger.besu.consensus.common.bft.BftProcessor.run(BftProcessor.java:65)
	at java.base/java.util.concurrent.ThreadPoolExecutor.runWorker(ThreadPoolExecutor.java:1144)
	at java.base/java.util.concurrent.ThreadPoolExecutor$Worker.run(ThreadPoolExecutor.java:642)
	at java.base/java.lang.Thread.run(Thread.java:1583)
2026-10-07 22:42:02.784+00:00 | BftProcessorExecutor-QBFT-0 | INFO  | QbftBesuControllerBuilder | Produced #79 / 308 tx / 13944 pending / 74,526,760 (0.0%) gas / (0x53c329eedcc8a78ac4aeaf6457bd554aa0f778a367c9d44009b46cb7490300c0)
2026-10-07 22:42:07.740+00:00 | EthScheduler-Workers-0 | INFO  | PersistBlockTask | Block 80 (0xf3750a5c0a6d75c51387b8bde4e404176aa8260ad9414eddd622cb4a0f859edf) is already imported
2026-10-07 22:42:07.754+00:00 | BftProcessorExecutor-QBFT-0 | INFO  | QbftBesuControllerBuilder | Imported #80 / 329 tx / 13761 pending / 79,608,130 (0.0%) gas / (0xf3750a5c0a6d75c51387b8bde4e404176aa8260ad9414eddd622cb4a0f859edf)
2026-10-07 22:42:12.838+00:00 | EthScheduler-Workers-0 | INFO  | PersistBlockTask | Block 81 (0x4751f3e48cdf3dfb7fc76143f7b69fba65caf51fec50a717cbaa1ce9df045569) is already imported
2026-10-07 22:42:12.842+00:00 | BftProcessorExecutor-QBFT-0 | INFO  | QbftBesuControllerBuilder | Imported #81 / 334 tx / 13427 pending / 80,817,980 (0.0%) gas / (0x4751f3e48cdf3dfb7fc76143f7b69fba65caf51fec50a717cbaa1ce9df045569)
2026-10-07 22:42:17.896+00:00 | BftProcessorExecutor-QBFT-0 | INFO  | QbftBesuControllerBuilder | Imported #82 / 338 tx / 13089 pending / 81,785,860 (0.0%) gas / (0x74625fce2f7ba3f6f65573b3017bbcb2b5fdd8f0355f72b797f0a1851a2939e5)
2026-10-07 22:42:23.149+00:00 | EthScheduler-Workers-0 | INFO  | PersistBlockTask | Block 83 (0x8ae0e45d9c6afcce2551e1b8c3b05fedff18bee8e3a8fb11564f47a312f5ab14) is already imported
2026-10-07 22:42:23.151+00:00 | BftProcessorExecutor-QBFT-0 | INFO  | QbftBesuControllerBuilder | Imported #83 / 341 tx / 12748 pending / 82,511,770 (0.0%) gas / (0x8ae0e45d9c6afcce2551e1b8c3b05fedff18bee8e3a8fb11564f47a312f5ab14)
2026-10-07 22:42:28.299+00:00 | BftProcessorExecutor-QBFT-0 | INFO  | QbftBesuControllerBuilder | Imported #84 / 342 tx / 12406 pending / 82,753,740 (0.0%) gas / (0xd9c776f159c8a2a1a6e07d451e31d574b486f94ffdee488eaf11a1acae9de7a1)
2026-10-07 22:42:33.417+00:00 | BftProcessorExecutor-QBFT-0 | INFO  | QbftBesuControllerBuilder | Imported #85 / 338 tx / 12068 pending / 81,785,860 (0.0%) gas / (0x21ae72f93ad47bd01089825e88562b9024cdfb4c1ebb35049b46d60315b6a01f)
2026-10-07 22:42:39.317+00:00 | EthScheduler-Workers-0 | INFO  | PersistBlockTask | Block 86 (0x8037fd1e4e3f562bd31a9973f0fde5e32aa7789fb05c835b6563adaf876bf5a3) is already imported
2026-10-07 22:42:39.324+00:00 | BftProcessorExecutor-QBFT-0 | INFO  | QbftBesuControllerBuilder | Imported #86 / 340 tx / 11728 pending / 82,269,800 (0.0%) gas / (0x8037fd1e4e3f562bd31a9973f0fde5e32aa7789fb05c835b6563adaf876bf5a3)
2026-10-07 22:42:45.229+00:00 | BftProcessorExecutor-QBFT-0 | INFO  | QbftBesuControllerBuilder | Imported #87 / 342 tx / 11386 pending / 82,753,740 (0.0%) gas / (0xecc8fcebbcfd1f0ded2fb65cb5b877af32a6d658ad01d7aba3344843b4cad3f5)
2026-10-07 22:42:51.110+00:00 | EthScheduler-Workers-0 | INFO  | PersistBlockTask | Block 88 (0xde3ef93f2cf654296d4d0e309bc69cfb90efadbefc80db03a83a389b348d0c54) is already imported
2026-10-07 22:42:51.116+00:00 | BftProcessorExecutor-QBFT-0 | INFO  | QbftBesuControllerBuilder | Imported #88 / 348 tx / 11038 pending / 84,205,560 (0.0%) gas / (0xde3ef93f2cf654296d4d0e309bc69cfb90efadbefc80db03a83a389b348d0c54)
2026-10-07 22:42:56.104+00:00 | EthScheduler-Workers-0 | INFO  | PersistBlockTask | Block 89 (0x71768dbc04b119bc7293848081a0f1fd1e2bdae4a9238318ef3caeff023ba6b1) is already imported
2026-10-07 22:42:56.110+00:00 | BftProcessorExecutor-QBFT-0 | INFO  | QbftBesuControllerBuilder | Imported #89 / 343 tx / 10695 pending / 82,995,710 (0.0%) gas / (0x71768dbc04b119bc7293848081a0f1fd1e2bdae4a9238318ef3caeff023ba6b1)
2026-10-07 22:43:01.158+00:00 | BftProcessorExecutor-QBFT-0 | INFO  | QbftBesuControllerBuilder | Imported #90 / 347 tx / 10348 pending / 83,963,590 (0.0%) gas / (0xe9bc5a88d7a6e6e9712888ee1462c2da0d14371dbf8bfe91ca332021b716a92f)
2026-10-07 22:43:06.282+00:00 | BftProcessorExecutor-QBFT-0 | INFO  | QbftBesuControllerBuilder | Imported #91 / 341 tx / 10007 pending / 82,511,770 (0.0%) gas / (0x381d7e4397d052b1f976167ccd7e3dece6416c3427666525bab4a254ad21b056)
2026-10-07 22:43:11.229+00:00 | BftProcessorExecutor-QBFT-0 | INFO  | QbftBesuControllerBuilder | Imported #92 / 345 tx / 9662 pending / 83,479,650 (0.0%) gas / (0x6c77a51c468faeb700fa1a5261e1b6a7bba4a1a5ea31130ca31cb55277ac32bf)
2026-10-07 22:43:16.339+00:00 | BftProcessorExecutor-QBFT-0 | INFO  | QbftBesuControllerBuilder | Imported #93 / 345 tx / 9317 pending / 83,479,650 (0.0%) gas / (0xa6a9ac7f4a93ced232833a5b66b08f69eb84b4bb62e54e004f6430d462549415)
2026-10-07 22:43:17.845+00:00 | BftProcessorExecutor-QBFT-0 | WARN  | BlockTransactionSelector | Interrupting the selection of transactions for block inclusion as it exceeds the maximum configured duration of 1500ms
java.util.concurrent.TimeoutException
	at java.base/java.util.concurrent.CompletableFuture.timedGet(CompletableFuture.java:1960)
	at java.base/java.util.concurrent.CompletableFuture.get(CompletableFuture.java:2095)
	at org.hyperledger.besu.ethereum.blockcreation.txselection.BlockTransactionSelector.timeLimitedSelection(BlockTransactionSelector.java:186)
	at org.hyperledger.besu.ethereum.blockcreation.txselection.BlockTransactionSelector.buildTransactionListForBlock(BlockTransactionSelector.java:169)
	at org.hyperledger.besu.ethereum.blockcreation.AbstractBlockCreator.selectTransactions(AbstractBlockCreator.java:376)
	at org.hyperledger.besu.ethereum.blockcreation.AbstractBlockCreator.createBlock(AbstractBlockCreator.java:218)
	at org.hyperledger.besu.ethereum.blockcreation.AbstractBlockCreator.createBlock(AbstractBlockCreator.java:146)
	at org.hyperledger.besu.consensus.common.bft.blockcreation.BftBlockCreator.createBlock(BftBlockCreator.java:92)
	at org.hyperledger.besu.consensus.qbft.statemachine.QbftRound.createAndSendProposalMessage(QbftRound.java:137)
	at org.hyperledger.besu.consensus.qbft.statemachine.QbftBlockHeightManager.handleBlockTimerExpiry(QbftBlockHeightManager.java:140)
	at org.hyperledger.besu.consensus.common.bft.statemachine.BaseBftController.handleBlockTimerExpiry(BaseBftController.java:167)
	at org.hyperledger.besu.consensus.common.bft.EventMultiplexer.handleBftEvent(EventMultiplexer.java:65)
	at java.base/java.util.Optional.ifPresent(Optional.java:178)
	at org.hyperledger.besu.consensus.common.bft.BftProcessor.run(BftProcessor.java:65)
	at java.base/java.util.concurrent.ThreadPoolExecutor.runWorker(ThreadPoolExecutor.java:1144)
	at java.base/java.util.concurrent.ThreadPoolExecutor$Worker.run(ThreadPoolExecutor.java:642)
	at java.base/java.lang.Thread.run(Thread.java:1583)
2026-10-07 22:43:21.244+00:00 | BftProcessorExecutor-QBFT-0 | INFO  | QbftBesuControllerBuilder | Produced #94 / 337 tx / 8980 pending / 81,543,890 (0.0%) gas / (0xa84fc461a20f0e8699b5d04528ecff4470997547015713cda6c2db328cb6cab5)
2026-10-07 22:43:26.498+00:00 | BftProcessorExecutor-QBFT-0 | INFO  | QbftBesuControllerBuilder | Imported #95 / 344 tx / 8636 pending / 83,237,680 (0.0%) gas / (0x75246db27b2d767f6f143c835001fbbb665e926d852982321cef817d3e56c876)
2026-10-07 22:43:31.735+00:00 | BftProcessorExecutor-QBFT-0 | INFO  | QbftBesuControllerBuilder | Imported #96 / 344 tx / 8292 pending / 83,237,680 (0.0%) gas / (0x17c6488b17583d15093519ca80fc0f00710000d9ef434fb4b941670e6c315011)
2026-10-07 22:43:36.884+00:00 | EthScheduler-Workers-0 | INFO  | PersistBlockTask | Block 97 (0x14f2eb15500d1b18f55aad7cb152c79b3c6b0f9bcc323ddc4a3deeeac4f4fc15) is already imported
2026-10-07 22:43:36.889+00:00 | BftProcessorExecutor-QBFT-0 | INFO  | QbftBesuControllerBuilder | Imported #97 / 341 tx / 7951 pending / 82,511,770 (0.0%) gas / (0x14f2eb15500d1b18f55aad7cb152c79b3c6b0f9bcc323ddc4a3deeeac4f4fc15)
2026-10-07 22:43:42.084+00:00 | EthScheduler-Workers-0 | INFO  | PersistBlockTask | Block 98 (0x342536fb626ddd3f6829da38813a66ea0e3259ca1b696e63c4ca41e8ef6673e4) is already imported
2026-10-07 22:43:42.090+00:00 | BftProcessorExecutor-QBFT-0 | INFO  | QbftBesuControllerBuilder | Imported #98 / 344 tx / 7607 pending / 83,237,680 (0.0%) gas / (0x342536fb626ddd3f6829da38813a66ea0e3259ca1b696e63c4ca41e8ef6673e4)
2026-10-07 22:43:47.207+00:00 | BftProcessorExecutor-QBFT-0 | INFO  | QbftBesuControllerBuilder | Imported #99 / 338 tx / 7269 pending / 81,785,860 (0.0%) gas / (0x149b2f13c3c414ba62b84af404c0da3adb82aa7ba67a5349d138e615b412dcc1)
2026-10-07 22:43:52.368+00:00 | BftProcessorExecutor-QBFT-0 | INFO  | QbftBesuControllerBuilder | Imported #100 / 344 tx / 6925 pending / 83,237,680 (0.0%) gas / (0x11af3ac9c4914f2de5d938d125d41bd5f71111ad98c65c1a2ab3f7e3ed139943)
2026-10-07 22:43:58.024+00:00 | EthScheduler-Workers-0 | INFO  | PersistBlockTask | Block 101 (0x5418163855297093e83c990f1615d21406251a0c74fa0a83d251371ce7ee091d) is already imported
2026-10-07 22:43:58.028+00:00 | BftProcessorExecutor-QBFT-0 | INFO  | QbftBesuControllerBuilder | Imported #101 / 328 tx / 6597 pending / 79,366,160 (0.0%) gas / (0x5418163855297093e83c990f1615d21406251a0c74fa0a83d251371ce7ee091d)
2026-10-07 22:44:03.741+00:00 | BftProcessorExecutor-QBFT-0 | INFO  | QbftBesuControllerBuilder | Imported #102 / 331 tx / 6266 pending / 80,092,070 (0.0%) gas / (0x4409eadb24ff3923637cc796c6d32c94c973449bd42861661c2269d74594e473)
2026-10-07 22:44:09.634+00:00 | BftProcessorExecutor-QBFT-0 | INFO  | QbftBesuControllerBuilder | Imported #103 / 346 tx / 5920 pending / 83,721,620 (0.0%) gas / (0xa739cddac85817629746474df4aa5f2944365403cc22489b09008fe85a6f052a)
2026-10-07 22:44:14.692+00:00 | EthScheduler-Workers-0 | INFO  | PersistBlockTask | Block 104 (0x4a7c31668aa56d1dc96eb2e6a37c45addbe18832d41aa0e191fb73160b57b5db) is already imported
2026-10-07 22:44:14.696+00:00 | BftProcessorExecutor-QBFT-0 | INFO  | QbftBesuControllerBuilder | Imported #104 / 344 tx / 5576 pending / 83,237,680 (0.0%) gas / (0x4a7c31668aa56d1dc96eb2e6a37c45addbe18832d41aa0e191fb73160b57b5db)
2026-10-07 22:44:19.718+00:00 | EthScheduler-Workers-0 | INFO  | PersistBlockTask | Block 105 (0x1818067861a29eac3a8e904bf0cdc2516a1aa1666338e866afc729bf99f98f8f) is already imported
2026-10-07 22:44:19.722+00:00 | BftProcessorExecutor-QBFT-0 | INFO  | QbftBesuControllerBuilder | Imported #105 / 347 tx / 5229 pending / 83,963,590 (0.0%) gas / (0x1818067861a29eac3a8e904bf0cdc2516a1aa1666338e866afc729bf99f98f8f)
2026-10-07 22:44:24.655+00:00 | EthScheduler-Workers-0 | INFO  | PersistBlockTask | Block 106 (0xf9baedb07e21135be66bf9be758a32946acd9937826dc77f098fcc690c090f87) is already imported
2026-10-07 22:44:24.659+00:00 | BftProcessorExecutor-QBFT-0 | INFO  | QbftBesuControllerBuilder | Imported #106 / 336 tx / 4893 pending / 81,301,920 (0.0%) gas / (0xf9baedb07e21135be66bf9be758a32946acd9937826dc77f098fcc690c090f87)
2026-10-07 22:44:29.540+00:00 | BftProcessorExecutor-QBFT-0 | INFO  | QbftBesuControllerBuilder | Imported #107 / 339 tx / 4554 pending / 82,027,830 (0.0%) gas / (0x3f05f583391a469c2e22ee01a73da9881c8aa1ffaef8d56efd7f32169e170cb7)
2026-10-07 22:44:34.515+00:00 | EthScheduler-Workers-0 | INFO  | PersistBlockTask | Block 108 (0x00f9d3f33245c2ed5b6407d3424e1e332bdb17cc74f2dc0dc9dd4064913277cd) is already imported
2026-10-07 22:44:34.518+00:00 | BftProcessorExecutor-QBFT-0 | INFO  | QbftBesuControllerBuilder | Imported #108 / 331 tx / 4223 pending / 80,092,070 (0.0%) gas / (0x00f9d3f33245c2ed5b6407d3424e1e332bdb17cc74f2dc0dc9dd4064913277cd)
2026-10-07 22:44:36.023+00:00 | BftProcessorExecutor-QBFT-0 | WARN  | BlockTransactionSelector | Interrupting the selection of transactions for block inclusion as it exceeds the maximum configured duration of 1500ms
java.util.concurrent.TimeoutException
	at java.base/java.util.concurrent.CompletableFuture.timedGet(CompletableFuture.java:1960)
	at java.base/java.util.concurrent.CompletableFuture.get(CompletableFuture.java:2095)
	at org.hyperledger.besu.ethereum.blockcreation.txselection.BlockTransactionSelector.timeLimitedSelection(BlockTransactionSelector.java:186)
	at org.hyperledger.besu.ethereum.blockcreation.txselection.BlockTransactionSelector.buildTransactionListForBlock(BlockTransactionSelector.java:169)
	at org.hyperledger.besu.ethereum.blockcreation.AbstractBlockCreator.selectTransactions(AbstractBlockCreator.java:376)
	at org.hyperledger.besu.ethereum.blockcreation.AbstractBlockCreator.createBlock(AbstractBlockCreator.java:218)
	at org.hyperledger.besu.ethereum.blockcreation.AbstractBlockCreator.createBlock(AbstractBlockCreator.java:146)
	at org.hyperledger.besu.consensus.common.bft.blockcreation.BftBlockCreator.createBlock(BftBlockCreator.java:92)
	at org.hyperledger.besu.consensus.qbft.statemachine.QbftRound.createAndSendProposalMessage(QbftRound.java:137)
	at org.hyperledger.besu.consensus.qbft.statemachine.QbftBlockHeightManager.handleBlockTimerExpiry(QbftBlockHeightManager.java:140)
	at org.hyperledger.besu.consensus.common.bft.statemachine.BaseBftController.handleBlockTimerExpiry(BaseBftController.java:167)
	at org.hyperledger.besu.consensus.common.bft.EventMultiplexer.handleBftEvent(EventMultiplexer.java:65)
	at java.base/java.util.Optional.ifPresent(Optional.java:178)
	at org.hyperledger.besu.consensus.common.bft.BftProcessor.run(BftProcessor.java:65)
	at java.base/java.util.concurrent.ThreadPoolExecutor.runWorker(ThreadPoolExecutor.java:1144)
	at java.base/java.util.concurrent.ThreadPoolExecutor$Worker.run(ThreadPoolExecutor.java:642)
	at java.base/java.lang.Thread.run(Thread.java:1583)
2026-10-07 22:44:39.390+00:00 | BftProcessorExecutor-QBFT-0 | INFO  | QbftBesuControllerBuilder | Produced #109 / 336 tx / 3887 pending / 81,301,920 (0.0%) gas / (0x0faecd74eef571971b6c3c93888af37af71a54318372e35fef866fe9ce1cccc4)
2026-10-07 22:44:44.675+00:00 | BftProcessorExecutor-QBFT-0 | INFO  | QbftBesuControllerBuilder | Imported #110 / 346 tx / 3541 pending / 83,721,620 (0.0%) gas / (0x31af56b14497e5591e2e58a5f48c3a303a405583dd0c2ac64733ec819e3301fc)
2026-10-07 22:44:49.859+00:00 | BftProcessorExecutor-QBFT-0 | INFO  | QbftBesuControllerBuilder | Imported #111 / 348 tx / 3193 pending / 84,205,560 (0.0%) gas / (0x37698810d05d4e9eb373c2470e48a3f5096484616d491a286360b5c565fb1082)
2026-10-07 22:44:54.923+00:00 | BftProcessorExecutor-QBFT-0 | INFO  | QbftBesuControllerBuilder | Imported #112 / 336 tx / 2857 pending / 81,301,920 (0.0%) gas / (0x7b2128fdb7832336ad79be1deb58cb85a235f0224f4114d51d4852bf4b1092ec)
2026-10-07 22:45:00.105+00:00 | BftProcessorExecutor-QBFT-0 | INFO  | QbftBesuControllerBuilder | Imported #113 / 349 tx / 2508 pending / 84,447,530 (0.0%) gas / (0x5ad349c39c0b6767257e99059b80d654ba39422b15db1bacc281277b6bcdba21)
2026-10-07 22:45:05.254+00:00 | BftProcessorExecutor-QBFT-0 | INFO  | QbftBesuControllerBuilder | Imported #114 / 342 tx / 2166 pending / 82,753,740 (0.0%) gas / (0x253c88ee798514caf179c27793b5a5dd204f176748ab8531d390bde65e71e1ae)
2026-10-07 22:45:10.326+00:00 | BftProcessorExecutor-QBFT-0 | INFO  | QbftBesuControllerBuilder | Imported #115 / 339 tx / 1827 pending / 82,027,830 (0.0%) gas / (0x277bd67450f77ff85da516ca7a98441581e527b7c6889aa30c918855cd848a79)
2026-10-07 22:45:16.101+00:00 | BftProcessorExecutor-QBFT-0 | INFO  | QbftBesuControllerBuilder | Imported #116 / 345 tx / 1482 pending / 83,479,650 (0.0%) gas / (0x59306cf4a88609986ad0202c654b1c48e1f20c2fefd834d6d681c4456fc5318d)
2026-10-07 22:45:21.131+00:00 | BftProcessorExecutor-QBFT-0 | INFO  | QbftBesuControllerBuilder | Imported #117 / 297 tx / 1185 pending / 71,865,090 (0.0%) gas / (0xe7fd9a5fda2acc649217b93231ccbe21575eeccea35833cbc78871a9930bc109)
2026-10-07 22:45:24.317+00:00 | BftProcessorExecutor-QBFT-0 | INFO  | QbftBesuControllerBuilder | Imported #118 / 166 tx / 1019 pending / 40,167,020 (0.0%) gas / (0x7963575efce9f45d4444108e84ea4c1da9ca40d979c8edfda41e4a443e846da9)
2026-10-07 22:45:25.919+00:00 | EthScheduler-Workers-0 | INFO  | PersistBlockTask | Block 119 (0xa467eef18d4c6229fa74f5256c98fad875e6fe2593b7f39c146c16a7aac325a1) is already imported
2026-10-07 22:45:25.920+00:00 | BftProcessorExecutor-QBFT-0 | INFO  | QbftBesuControllerBuilder | Imported #119 / 91 tx / 928 pending / 22,019,270 (0.0%) gas / (0xa467eef18d4c6229fa74f5256c98fad875e6fe2593b7f39c146c16a7aac325a1)
2026-10-07 22:45:27.486+00:00 | EthScheduler-Workers-0 | INFO  | PersistBlockTask | Block 120 (0x0ad93ab6cf498bee1b4ecef642e0493eaf81b28b7cf8679d619ffeba6e0a67d5) is already imported
2026-10-07 22:45:27.491+00:00 | BftProcessorExecutor-QBFT-0 | INFO  | QbftBesuControllerBuilder | Imported #120 / 86 tx / 842 pending / 20,809,420 (0.0%) gas / (0x0ad93ab6cf498bee1b4ecef642e0493eaf81b28b7cf8679d619ffeba6e0a67d5)
2026-10-07 22:45:29.820+00:00 | BftProcessorExecutor-QBFT-0 | INFO  | QbftBesuControllerBuilder | Imported #121 / 111 tx / 731 pending / 26,858,670 (0.0%) gas / (0x3f10619793fe2ed23e518ebef44239a4e2be8688badac17b55c309d25b54fd18)
2026-10-07 22:45:31.698+00:00 | EthScheduler-Workers-0 | INFO  | PersistBlockTask | Block 122 (0xea574b89e381b232dca1044588b0d8bd6b7dadfb9d955d4cd1bf1079790f13e1) is already imported
2026-10-07 22:45:31.699+00:00 | BftProcessorExecutor-QBFT-0 | INFO  | QbftBesuControllerBuilder | Imported #122 / 105 tx / 626 pending / 25,406,850 (0.0%) gas / (0xea574b89e381b232dca1044588b0d8bd6b7dadfb9d955d4cd1bf1079790f13e1)
2026-10-07 22:45:33.523+00:00 | BftProcessorExecutor-QBFT-0 | INFO  | QbftBesuControllerBuilder | Imported #123 / 88 tx / 541 pending / 21,293,360 (0.0%) gas / (0x58c7b293d3bed8df25fb4b137fa9761d23536aaecff2227567e2cf85d7724f79)
2026-10-07 22:45:36.026+00:00 | EthScheduler-Workers-0 | INFO  | PersistBlockTask | Block 124 (0x26b6355fc14f48dee619b41e3589ebb4a759cc411beb2e9f2a98104c5d218bcb) is already imported
2026-10-07 22:45:36.027+00:00 | BftProcessorExecutor-QBFT-0 | INFO  | QbftBesuControllerBuilder | Produced #124 / 120 tx / 1142 pending / 28,064,680 (0.0%) gas / (0x26b6355fc14f48dee619b41e3589ebb4a759cc411beb2e9f2a98104c5d218bcb)
2026-10-07 22:45:37.662+00:00 | BftProcessorExecutor-QBFT-0 | INFO  | QbftBesuControllerBuilder | Imported #125 / 128 tx / 1472 pending / 25,936,172 (0.0%) gas / (0x19c3fab66d704363b3544da758a79b12049a87ec647d59eda9fb97ef05e617b4)
2026-10-07 22:45:39.708+00:00 | EthScheduler-Workers-0 | INFO  | PersistBlockTask | Block 126 (0xde6db863cfe1664a9f0f3de2b717055f579ac941ceeddb2b1343f0d1176239fa) is already imported
2026-10-07 22:45:39.710+00:00 | BftProcessorExecutor-QBFT-0 | INFO  | QbftBesuControllerBuilder | Imported #126 / 161 tx / 1902 pending / 30,387,386 (0.0%) gas / (0xde6db863cfe1664a9f0f3de2b717055f579ac941ceeddb2b1343f0d1176239fa)
2026-10-07 22:45:41.955+00:00 | EthScheduler-Workers-0 | INFO  | PersistBlockTask | Block 127 (0x6c32065048caa047284a6e1b10a257bddff8991e02bb1b9cc1561e5aff1a8ced) is already imported
2026-10-07 22:45:41.958+00:00 | BftProcessorExecutor-QBFT-0 | INFO  | QbftBesuControllerBuilder | Imported #127 / 211 tx / 1831 pending / 39,040,622 (0.0%) gas / (0x6c32065048caa047284a6e1b10a257bddff8991e02bb1b9cc1561e5aff1a8ced)
2026-10-07 22:45:43.680+00:00 | EthScheduler-Workers-0 | INFO  | PersistBlockTask | Block 128 (0x2bbe4e6f93b1271b1711e6e809cfd2fe840b05a2f840dffd26cb2caf6f431496) is already imported
2026-10-07 22:45:43.683+00:00 | BftProcessorExecutor-QBFT-0 | INFO  | QbftBesuControllerBuilder | Imported #128 / 191 tx / 1697 pending / 34,200,866 (0.0%) gas / (0x2bbe4e6f93b1271b1711e6e809cfd2fe840b05a2f840dffd26cb2caf6f431496)
2026-10-07 22:45:45.814+00:00 | EthScheduler-Workers-0 | INFO  | PersistBlockTask | Block 129 (0x58573ea2c482b407f1b5b13d994ba2471d86e27e76ede61a3e71e6818b3c22a7) is already imported
2026-10-07 22:45:45.816+00:00 | BftProcessorExecutor-QBFT-0 | INFO  | QbftBesuControllerBuilder | Imported #129 / 203 tx / 1540 pending / 37,104,538 (0.0%) gas / (0x58573ea2c482b407f1b5b13d994ba2471d86e27e76ede61a3e71e6818b3c22a7)
2026-10-07 22:45:47.795+00:00 | BftProcessorExecutor-QBFT-0 | INFO  | QbftBesuControllerBuilder | Imported #130 / 202 tx / 1368 pending / 36,862,732 (0.0%) gas / (0x3811128b8b271809c70af195901bef9ae4e2e941cb237120c636987285948baa)
2026-10-07 22:45:51.340+00:00 | BftProcessorExecutor-QBFT-0 | INFO  | QbftBesuControllerBuilder | Imported #131 / 167 tx / 1203 pending / 28,393,522 (0.0%) gas / (0x7b39c1012a8523da29695af0d718986feae6bcc71a2042a4cb8a8ef5e50e501c)
2026-10-07 22:45:53.067+00:00 | BftProcessorExecutor-QBFT-0 | INFO  | QbftBesuControllerBuilder | Imported #132 / 136 tx / 1067 pending / 20,892,616 (0.0%) gas / (0x2b25e751cd41b69d1385263528dc715e6911e4b7e94eb7a5560e164e778b4739)
2026-10-07 22:45:58.821+00:00 | BftProcessorExecutor-QBFT-0 | INFO  | QbftBesuControllerBuilder | Imported #133 / 136 tx / 931 pending / 20,892,560 (0.0%) gas / (0xde335fbbbb5176752ba277489dc30bb0441ce20a273a49ef1e622828caa728fc)
2026-10-07 22:45:59.504+00:00 | EthScheduler-Workers-0 | INFO  | PersistBlockTask | Block 134 (0xaa02570b283ae50891814316df1f7a0910711c466631d9b4afd99bb860c24d74) is already imported
2026-10-07 22:45:59.506+00:00 | BftProcessorExecutor-QBFT-0 | INFO  | QbftBesuControllerBuilder | Imported #134 / 138 tx / 793 pending / 21,199,776 (0.0%) gas / (0xaa02570b283ae50891814316df1f7a0910711c466631d9b4afd99bb860c24d74)
2026-10-07 22:46:01.761+00:00 | BftProcessorExecutor-QBFT-0 | INFO  | QbftBesuControllerBuilder | Imported #135 / 138 tx / 655 pending / 21,199,868 (0.0%) gas / (0x30e69f1cb57f78ed825e3cfd7a53314a64c773167916a170271a1c8f9490b4db)
2026-10-07 22:46:03.866+00:00 | BftProcessorExecutor-QBFT-0 | INFO  | QbftBesuControllerBuilder | Imported #136 / 138 tx / 517 pending / 21,199,876 (0.0%) gas / (0xd9d0b3505c7a864c3e39381e80676fb5ee32cb34f1f39b880a68d89597a38b1c)
2026-10-07 22:46:05.755+00:00 | BftProcessorExecutor-QBFT-0 | INFO  | QbftBesuControllerBuilder | Imported #137 / 137 tx / 380 pending / 21,046,270 (0.0%) gas / (0x7d4700fdb8cad8a3f2b7f9ed8dae9a3c62537fcba85df1b58b8d3dfaf6b3ec2b)
2026-10-07 22:46:07.829+00:00 | BftProcessorExecutor-QBFT-0 | INFO  | QbftBesuControllerBuilder | Imported #138 / 137 tx / 243 pending / 21,046,026 (0.0%) gas / (0x6cae52dcca199a02e74f0f1f7566cc0d73ef4d055735f7b726260afb3aa6fa71)
2026-10-07 22:46:09.807+00:00 | BftProcessorExecutor-QBFT-0 | INFO  | QbftBesuControllerBuilder | Produced #139 / 125 tx / 118 pending / 19,202,858 (0.0%) gas / (0x2c08edee28cebd6cbdea9ec508c002be1fe34d13a0ef7a153219270642d36566)
2026-10-07 22:46:11.792+00:00 | EthScheduler-Workers-0 | INFO  | PersistBlockTask | Block 140 (0x3b32c2c06b915357a5c6a7b573cd81f2b0795a2e305bd3c4599afc503d8d8808) is already imported
2026-10-07 22:46:11.792+00:00 | BftProcessorExecutor-QBFT-0 | INFO  | QbftBesuControllerBuilder | Imported #140 / 79 tx / 39 pending / 12,136,114 (0.0%) gas / (0x3b32c2c06b915357a5c6a7b573cd81f2b0795a2e305bd3c4599afc503d8d8808)
2026-10-07 22:46:13.453+00:00 | EthScheduler-Workers-0 | INFO  | PersistBlockTask | Block 141 (0x2042756f3fffa7004f3a8ba6d1ffa4b8409e313171553d2f7034bc0e3e9dcb79) is already imported
2026-10-07 22:46:13.453+00:00 | BftProcessorExecutor-QBFT-0 | INFO  | QbftBesuControllerBuilder | Imported #141 / 39 tx / 0 pending / 5,991,206 (0.0%) gas / (0x2042756f3fffa7004f3a8ba6d1ffa4b8409e313171553d2f7034bc0e3e9dcb79)
2026-10-07 22:46:15.316+00:00 | BftProcessorExecutor-QBFT-0 | INFO  | QbftBesuControllerBuilder | Imported #142 / 0 tx / 0 pending / 0 (0.0%) gas / (0xa9dd73ae376f2ac947cd4204b580476ec97abe05f069358474310ea286178aae)
2026-10-07 22:46:17.333+00:00 | BftProcessorExecutor-QBFT-0 | INFO  | QbftBesuControllerBuilder | Imported #143 / 0 tx / 0 pending / 0 (0.0%) gas / (0x192c055ac8c4564b502b7e19119171196ec28255d0708134e69747493899997b)
2026-10-07 22:46:19.324+00:00 | BftProcessorExecutor-QBFT-0 | INFO  | QbftBesuControllerBuilder | Imported #144 / 0 tx / 0 pending / 0 (0.0%) gas / (0x251d3b9e6ad96b59d87051d2af029bdf0300c90acd9e627ee9d3c35083b97e77)
2026-10-07 22:46:21.329+00:00 | BftProcessorExecutor-QBFT-0 | INFO  | QbftBesuControllerBuilder | Imported #145 / 0 tx / 0 pending / 0 (0.0%) gas / (0x9b11894e77604a7e6b0737670ce97444671726ca2140f82fb86719fdd1ef506f)
2026-10-07 22:46:23.505+00:00 | BftProcessorExecutor-QBFT-0 | INFO  | QbftBesuControllerBuilder | Imported #146 / 0 tx / 0 pending / 0 (0.0%) gas / (0x180e33ec0853c7f70d65b7c67280e4723066367b35d49355effcc2499c1fa15a)
2026-10-07 22:46:25.445+00:00 | BftProcessorExecutor-QBFT-0 | INFO  | QbftBesuControllerBuilder | Imported #147 / 0 tx / 0 pending / 0 (0.0%) gas / (0xd13ff4ffcd59c80ebc5c75e82f5bdc45f5dbdfe76363a181a718b2047d8754ff)
2026-10-07 22:46:27.416+00:00 | BftProcessorExecutor-QBFT-0 | INFO  | QbftBesuControllerBuilder | Imported #148 / 0 tx / 0 pending / 0 (0.0%) gas / (0x1fed36846ceef7daea917a7a983fac4f2dbe504703e05f3573d21250adf684c2)
2026-10-07 22:46:29.252+00:00 | BftProcessorExecutor-QBFT-0 | INFO  | QbftBesuControllerBuilder | Imported #149 / 0 tx / 0 pending / 0 (0.0%) gas / (0x5a0a6d7f2ebfd3d3a3e45043dd551d2ddd0f7af4e2087cd6de91133f1532fd63)
2026-10-07 22:46:31.248+00:00 | BftProcessorExecutor-QBFT-0 | INFO  | QbftBesuControllerBuilder | Imported #150 / 0 tx / 0 pending / 0 (0.0%) gas / (0xa97042a41d8fcc28e66f7fb9020bfc62295b2ccea4f0b8c967e1b1dd01bfe02c)
2026-10-07 22:46:33.240+00:00 | BftProcessorExecutor-QBFT-0 | INFO  | QbftBesuControllerBuilder | Imported #151 / 0 tx / 0 pending / 0 (0.0%) gas / (0x3c6415e573e2e543d7ccb9f15534fcc710519fef649330ec9fcc6673fd231280)
2026-10-07 22:46:35.239+00:00 | BftProcessorExecutor-QBFT-0 | INFO  | QbftBesuControllerBuilder | Imported #152 / 0 tx / 0 pending / 0 (0.0%) gas / (0xdb9504874bcfe7aa4bff08c6edbdc55c3e233284da55a9e49efa6bc307d2a683)
2026-10-07 22:46:37.241+00:00 | BftProcessorExecutor-QBFT-0 | INFO  | QbftBesuControllerBuilder | Imported #153 / 0 tx / 0 pending / 0 (0.0%) gas / (0x22070a096a365b4a34bb853b8b02151a3003c902c9d243d96084e778376dfe21)
2026-10-07 22:46:39.241+00:00 | BftProcessorExecutor-QBFT-0 | INFO  | QbftBesuControllerBuilder | Produced #154 / 0 tx / 0 pending / 0 (0.0%) gas / (0x345b84ec05ff07faf3e2dad1dec9a3ec9a8a64a6227b6e64a5ed10287dfbe08a)
2026-10-07 22:46:41.327+00:00 | BftProcessorExecutor-QBFT-0 | INFO  | QbftBesuControllerBuilder | Imported #155 / 0 tx / 0 pending / 0 (0.0%) gas / (0xaa140f3d39e09d487dd2f20b811099b268fec3c3e2179586b47096669603c5e2)
2026-10-07 22:46:43.314+00:00 | BftProcessorExecutor-QBFT-0 | INFO  | QbftBesuControllerBuilder | Imported #156 / 0 tx / 0 pending / 0 (0.0%) gas / (0x8561508e7c00a570c4f36c021264dc07279d20b8b84274ac8e02034545ecf989)
2026-10-07 22:46:45.313+00:00 | BftProcessorExecutor-QBFT-0 | INFO  | QbftBesuControllerBuilder | Imported #157 / 0 tx / 0 pending / 0 (0.0%) gas / (0x0f877e7afae69ae9e4605e760e3e1c96b7c2a86a1d89d624ae2df0e2216893da)
2026-10-07 22:46:47.320+00:00 | BftProcessorExecutor-QBFT-0 | INFO  | QbftBesuControllerBuilder | Imported #158 / 0 tx / 0 pending / 0 (0.0%) gas / (0x038b390f3163cdc71fe3b0ca5c806186c597350d3347bc3a26f361d917581361)
2026-10-07 22:46:49.330+00:00 | BftProcessorExecutor-QBFT-0 | INFO  | QbftBesuControllerBuilder | Imported #159 / 0 tx / 0 pending / 0 (0.0%) gas / (0xde7ebfdf6aa27b6b2b31c633f243fcb66a0b64f0cc7c5b38dcc35d28d1c37735)
2026-10-07 22:46:51.325+00:00 | BftProcessorExecutor-QBFT-0 | INFO  | QbftBesuControllerBuilder | Imported #160 / 0 tx / 0 pending / 0 (0.0%) gas / (0x320907fec9a3f79a6e90c9784946044ab28284578f6bdc8efe3c954168580203)
2026-10-07 22:46:53.484+00:00 | BftProcessorExecutor-QBFT-0 | INFO  | QbftBesuControllerBuilder | Imported #161 / 0 tx / 0 pending / 0 (0.0%) gas / (0x1b659abd4ee0ab71561ee9980ee188d0b296e7cd8efcc2ef44642c91441f0f83)
2026-10-07 22:46:55.345+00:00 | BftProcessorExecutor-QBFT-0 | INFO  | QbftBesuControllerBuilder | Imported #162 / 0 tx / 0 pending / 0 (0.0%) gas / (0x1ec49436fdb1ec7dad56a55764ed7daf21c91f4f89828213656e1f782ffa5af5)
2026-10-07 22:46:57.448+00:00 | BftProcessorExecutor-QBFT-0 | INFO  | QbftBesuControllerBuilder | Imported #163 / 0 tx / 0 pending / 0 (0.0%) gas / (0xa71da8903c00808358cea3a4334a11a631f243385ab73d83fe9eb7afa584d50c)
2026-10-07 22:46:59.234+00:00 | BftProcessorExecutor-QBFT-0 | INFO  | QbftBesuControllerBuilder | Imported #164 / 0 tx / 0 pending / 0 (0.0%) gas / (0x13a4add97ffa7b8eb97d81e7de58c85d3adfb7f22000dafead5d4dcd6685ee78)
2026-10-07 22:47:01.240+00:00 | BftProcessorExecutor-QBFT-0 | INFO  | QbftBesuControllerBuilder | Imported #165 / 0 tx / 0 pending / 0 (0.0%) gas / (0xace83b814cc2034a916bc733eb13c4503d4cf6857949e2764598d2799eef66ce)
2026-10-07 22:47:03.238+00:00 | BftProcessorExecutor-QBFT-0 | INFO  | QbftBesuControllerBuilder | Imported #166 / 0 tx / 0 pending / 0 (0.0%) gas / (0x563f9e27126473edfaa9e1562657b878a416e4a84f90c42ca3f23a0e67bde06e)
2026-10-07 22:47:05.249+00:00 | BftProcessorExecutor-QBFT-0 | INFO  | QbftBesuControllerBuilder | Imported #167 / 0 tx / 0 pending / 0 (0.0%) gas / (0x3231b823cbaf020e81cf33d5ab3b7fe2d910b9993dffbdc3380bcba3ae9d003d)
2026-10-07 22:47:07.248+00:00 | BftProcessorExecutor-QBFT-0 | INFO  | QbftBesuControllerBuilder | Imported #168 / 0 tx / 0 pending / 0 (0.0%) gas / (0xaf5c422222a029ee3af17a46d8ad7b7f9ad1e0322c3043fb95276b3082af5021)
2026-10-07 22:47:09.240+00:00 | BftProcessorExecutor-QBFT-0 | INFO  | QbftBesuControllerBuilder | Produced #169 / 0 tx / 0 pending / 0 (0.0%) gas / (0x0b86d16c9752784fda910b17081a3e61e72834e5d26a08e33cf1baa4e32cde64)
2026-10-07 22:47:11.319+00:00 | BftProcessorExecutor-QBFT-0 | INFO  | QbftBesuControllerBuilder | Imported #170 / 0 tx / 0 pending / 0 (0.0%) gas / (0x4aa4d90d9495db6c132c701843ebd2bed317a3f776fd7902c76de72766d33e71)
2026-10-07 22:47:13.318+00:00 | BftProcessorExecutor-QBFT-0 | INFO  | QbftBesuControllerBuilder | Imported #171 / 0 tx / 0 pending / 0 (0.0%) gas / (0xf3446ffdaf2219bdeb7c46092f3b7ed3db8f06a150b36cf6bc98eac6d34b7f8a)
2026-10-07 22:47:15.335+00:00 | BftProcessorExecutor-QBFT-0 | INFO  | QbftBesuControllerBuilder | Imported #172 / 0 tx / 0 pending / 0 (0.0%) gas / (0x066ddc09da6d0ac77418969108e1348cb8f381a693c93a4c9e8a1e96880aa45b)
2026-10-07 22:47:17.328+00:00 | BftProcessorExecutor-QBFT-0 | INFO  | QbftBesuControllerBuilder | Imported #173 / 0 tx / 0 pending / 0 (0.0%) gas / (0xb70f8ac4eb78031f54f334f303996b0c688fcb60f4cc907adf4575e3663826b1)
2026-10-07 22:47:19.324+00:00 | BftProcessorExecutor-QBFT-0 | INFO  | QbftBesuControllerBuilder | Imported #174 / 0 tx / 0 pending / 0 (0.0%) gas / (0x949129cc7212daa03b014f9b395bef17f46819083c92165fe2a2c98e3cca18c6)
2026-10-07 22:47:21.321+00:00 | BftProcessorExecutor-QBFT-0 | INFO  | QbftBesuControllerBuilder | Imported #175 / 0 tx / 0 pending / 0 (0.0%) gas / (0x40d0b814c3a3bea0c42889f56b797a24382cbfe859391742ac61f475f05f92a2)
2026-10-07 22:47:23.468+00:00 | BftProcessorExecutor-QBFT-0 | INFO  | QbftBesuControllerBuilder | Imported #176 / 0 tx / 0 pending / 0 (0.0%) gas / (0x34184ec1b7c3d071fe8d0ab7c8bd13e9a8e46ad9b258ff108c73a804e0faba0a)
2026-10-07 22:47:25.424+00:00 | BftProcessorExecutor-QBFT-0 | INFO  | QbftBesuControllerBuilder | Imported #177 / 0 tx / 0 pending / 0 (0.0%) gas / (0xc0fe73de96fbd937ffb37cce78e4bc0cfc0aec17b82d27d720c37ebeef5bc461)
2026-10-07 22:47:27.487+00:00 | BftProcessorExecutor-QBFT-0 | INFO  | QbftBesuControllerBuilder | Imported #178 / 0 tx / 0 pending / 0 (0.0%) gas / (0xfd8e5d9375e8b1264d7413babc3c06fd029faeabe53a15e954cc2a3d600d7c6e)
2026-10-07 22:47:29.240+00:00 | BftProcessorExecutor-QBFT-0 | INFO  | QbftBesuControllerBuilder | Imported #179 / 0 tx / 0 pending / 0 (0.0%) gas / (0x32d93e5d07358acc5c8b222dd469b57771c14fb10383a4093ef55e84ecfee346)
2026-10-07 22:47:31.242+00:00 | BftProcessorExecutor-QBFT-0 | INFO  | QbftBesuControllerBuilder | Imported #180 / 0 tx / 0 pending / 0 (0.0%) gas / (0xae1791a2a58c21726a40212ff461f09bd2b2a36a8d0dcbefcf075a4d712b7ed2)
2026-10-07 22:47:33.241+00:00 | BftProcessorExecutor-QBFT-0 | INFO  | QbftBesuControllerBuilder | Imported #181 / 0 tx / 0 pending / 0 (0.0%) gas / (0x122a5156a4c73f68f83767dca576058e06dfcc58a395f084d7b386695fadb825)
2026-10-07 22:47:35.252+00:00 | BftProcessorExecutor-QBFT-0 | INFO  | QbftBesuControllerBuilder | Imported #182 / 0 tx / 0 pending / 0 (0.0%) gas / (0xe98338e982f83e37ebea153668e38cfa9d0c6ca7b176079a564e8f91ccc739bd)
2026-10-07 22:47:37.246+00:00 | BftProcessorExecutor-QBFT-0 | INFO  | QbftBesuControllerBuilder | Imported #183 / 0 tx / 0 pending / 0 (0.0%) gas / (0x565e36f8fd774cae79896674fcce3b9c472d4f28904ce935b60124dc27ee4968)
2026-10-07 22:47:39.240+00:00 | BftProcessorExecutor-QBFT-0 | INFO  | QbftBesuControllerBuilder | Produced #184 / 0 tx / 0 pending / 0 (0.0%) gas / (0xa39be577e79aaf3ee38c1bf6d0d626ed59bd63a74a0edf9c74361d7069a1f073)
2026-10-07 22:47:41.325+00:00 | BftProcessorExecutor-QBFT-0 | INFO  | QbftBesuControllerBuilder | Imported #185 / 0 tx / 0 pending / 0 (0.0%) gas / (0x61445feedf9ebcff2bbf798409369708f096b8a37c1d4f76feaab5858e2b0c41)
2026-10-07 22:47:43.325+00:00 | BftProcessorExecutor-QBFT-0 | INFO  | QbftBesuControllerBuilder | Imported #186 / 0 tx / 0 pending / 0 (0.0%) gas / (0xdc9b3f4a33543a651c8ac3695ce26d56cf5434d82f41b1fefef7ccbc586e76eb)
2026-10-07 22:47:45.333+00:00 | BftProcessorExecutor-QBFT-0 | INFO  | QbftBesuControllerBuilder | Imported #187 / 0 tx / 0 pending / 0 (0.0%) gas / (0x9fcb9d7d67eb1044f9a11546b87e407194ca5ebf603e08a352eb190347846408)
2026-10-07 22:47:47.691+00:00 | BftProcessorExecutor-QBFT-0 | INFO  | QbftBesuControllerBuilder | Imported #188 / 18 tx / 394 pending / 4,355,460 (0.0%) gas / (0x66d305640f187524bf47e5a4dd835e33bf0a109542c8d4fe1af66c0809b92c1f)
2026-10-07 22:47:50.312+00:00 | EthScheduler-Workers-0 | INFO  | PersistBlockTask | Block 189 (0x86bbdb4bd6f7a9e2ae8187258fc56bdd37fc112985d3eef6565612a03cf1b218) is already imported
2026-10-07 22:47:50.313+00:00 | BftProcessorExecutor-QBFT-0 | INFO  | QbftBesuControllerBuilder | Imported #189 / 59 tx / 1086 pending / 14,276,230 (0.0%) gas / (0x86bbdb4bd6f7a9e2ae8187258fc56bdd37fc112985d3eef6565612a03cf1b218)
2026-10-07 22:47:52.897+00:00 | EthScheduler-Workers-0 | INFO  | PersistBlockTask | Block 190 (0xf9b2f53bfa752532d1e91f1b764814fb3907276ab9a63708b520edb37b6546f7) is already imported
2026-10-07 22:47:52.898+00:00 | BftProcessorExecutor-QBFT-0 | INFO  | QbftBesuControllerBuilder | Imported #190 / 102 tx / 1813 pending / 24,680,940 (0.0%) gas / (0xf9b2f53bfa752532d1e91f1b764814fb3907276ab9a63708b520edb37b6546f7)
2026-10-07 22:47:57.324+00:00 | BftProcessorExecutor-QBFT-0 | INFO  | QbftBesuControllerBuilder | Imported #191 / 146 tx / 3061 pending / 35,327,620 (0.0%) gas / (0xd3216c6b4005bbff6e233049b77644c3b0b6ed2848160b6b294472cb076b31f3)
2026-10-07 22:48:06.043+00:00 | BftProcessorExecutor-QBFT-0 | INFO  | QbftBesuControllerBuilder | Imported #192 / 238 tx / 5470 pending / 57,588,860 (0.0%) gas / (0x2b65ed5cc072de8540e485e81075eea9628ba70e1203e0d3325deed8343027a0)
2026-10-07 22:48:11.760+00:00 | BftProcessorExecutor-QBFT-0 | INFO  | QbftBesuControllerBuilder | Imported #193 / 338 tx / 7019 pending / 81,785,860 (0.0%) gas / (0xd1878c242106cb4de142233a3e5d713bcbf29fc0a370c218c7ed3c7adcbc8ab6)
2026-10-07 22:48:16.697+00:00 | EthScheduler-Workers-0 | INFO  | PersistBlockTask | Block 194 (0x869ea2ceb0002e1faceab9ebc625769778a0e3cf4dfdeb38e20e296d4b7b9141) is already imported
2026-10-07 22:48:16.704+00:00 | BftProcessorExecutor-QBFT-0 | INFO  | QbftBesuControllerBuilder | Imported #194 / 333 tx / 8471 pending / 80,576,010 (0.0%) gas / (0x869ea2ceb0002e1faceab9ebc625769778a0e3cf4dfdeb38e20e296d4b7b9141)
2026-10-07 22:48:21.616+00:00 | EthScheduler-Workers-0 | INFO  | PersistBlockTask | Block 195 (0xdc96fc3fdcdf7a37823d6b8393a67a69dc2c4e55a270f006eaf0bf2fe11983c3) is already imported
2026-10-07 22:48:21.625+00:00 | BftProcessorExecutor-QBFT-0 | INFO  | QbftBesuControllerBuilder | Imported #195 / 344 tx / 9861 pending / 83,237,680 (0.0%) gas / (0xdc96fc3fdcdf7a37823d6b8393a67a69dc2c4e55a270f006eaf0bf2fe11983c3)
2026-10-07 22:48:26.631+00:00 | EthScheduler-Workers-0 | INFO  | PersistBlockTask | Block 196 (0xcad125b3c70fc138557d71e78e8584d4116627c69c7726d80e9d11e173ad2d1d) is already imported
2026-10-07 22:48:26.639+00:00 | BftProcessorExecutor-QBFT-0 | INFO  | QbftBesuControllerBuilder | Imported #196 / 343 tx / 11305 pending / 82,995,710 (0.0%) gas / (0xcad125b3c70fc138557d71e78e8584d4116627c69c7726d80e9d11e173ad2d1d)
2026-10-07 22:48:31.412+00:00 | EthScheduler-Workers-0 | INFO  | PersistBlockTask | Block 197 (0x3f09cf345f5baf9a4a5096203fef1d3025d40e72af2dfd668af15e5d9fc58ab7) is already imported
2026-10-07 22:48:31.418+00:00 | BftProcessorExecutor-QBFT-0 | INFO  | QbftBesuControllerBuilder | Imported #197 / 320 tx / 12478 pending / 77,430,400 (0.0%) gas / (0x3f09cf345f5baf9a4a5096203fef1d3025d40e72af2dfd668af15e5d9fc58ab7)
2026-10-07 22:48:36.313+00:00 | EthScheduler-Workers-0 | INFO  | PersistBlockTask | Block 198 (0x83f5fbdf06d8d09f6e4c0776be128ec354806ea08783fb932b505cf120c51fd8) is already imported
2026-10-07 22:48:36.316+00:00 | BftProcessorExecutor-QBFT-0 | INFO  | QbftBesuControllerBuilder | Imported #198 / 341 tx / 13539 pending / 82,511,770 (0.0%) gas / (0x83f5fbdf06d8d09f6e4c0776be128ec354806ea08783fb932b505cf120c51fd8)
2026-10-07 22:48:37.818+00:00 | BftProcessorExecutor-QBFT-0 | WARN  | BlockTransactionSelector | Interrupting the selection of transactions for block inclusion as it exceeds the maximum configured duration of 1500ms
java.util.concurrent.TimeoutException
	at java.base/java.util.concurrent.CompletableFuture.timedGet(CompletableFuture.java:1960)
	at java.base/java.util.concurrent.CompletableFuture.get(CompletableFuture.java:2095)
	at org.hyperledger.besu.ethereum.blockcreation.txselection.BlockTransactionSelector.timeLimitedSelection(BlockTransactionSelector.java:186)
	at org.hyperledger.besu.ethereum.blockcreation.txselection.BlockTransactionSelector.buildTransactionListForBlock(BlockTransactionSelector.java:169)
	at org.hyperledger.besu.ethereum.blockcreation.AbstractBlockCreator.selectTransactions(AbstractBlockCreator.java:376)
	at org.hyperledger.besu.ethereum.blockcreation.AbstractBlockCreator.createBlock(AbstractBlockCreator.java:218)
	at org.hyperledger.besu.ethereum.blockcreation.AbstractBlockCreator.createBlock(AbstractBlockCreator.java:146)
	at org.hyperledger.besu.consensus.common.bft.blockcreation.BftBlockCreator.createBlock(BftBlockCreator.java:92)
	at org.hyperledger.besu.consensus.qbft.statemachine.QbftRound.createAndSendProposalMessage(QbftRound.java:137)
	at org.hyperledger.besu.consensus.qbft.statemachine.QbftBlockHeightManager.handleBlockTimerExpiry(QbftBlockHeightManager.java:140)
	at org.hyperledger.besu.consensus.common.bft.statemachine.BaseBftController.handleBlockTimerExpiry(BaseBftController.java:167)
	at org.hyperledger.besu.consensus.common.bft.EventMultiplexer.handleBftEvent(EventMultiplexer.java:65)
	at java.base/java.util.Optional.ifPresent(Optional.java:178)
	at org.hyperledger.besu.consensus.common.bft.BftProcessor.run(BftProcessor.java:65)
	at java.base/java.util.concurrent.ThreadPoolExecutor.runWorker(ThreadPoolExecutor.java:1144)
	at java.base/java.util.concurrent.ThreadPoolExecutor$Worker.run(ThreadPoolExecutor.java:642)
	at java.base/java.lang.Thread.run(Thread.java:1583)
2026-10-07 22:48:41.276+00:00 | EthScheduler-Workers-0 | INFO  | PersistBlockTask | Block 199 (0x7aee3b82078142612d87a500c34a666a0d13a848a5070e2885eefdec9ca57572) is already imported
2026-10-07 22:48:41.280+00:00 | BftProcessorExecutor-QBFT-0 | INFO  | QbftBesuControllerBuilder | Produced #199 / 340 tx / 13385 pending / 82,269,800 (0.0%) gas / (0x7aee3b82078142612d87a500c34a666a0d13a848a5070e2885eefdec9ca57572)
2026-10-07 22:48:46.068+00:00 | BftProcessorExecutor-QBFT-0 | INFO  | QbftBesuControllerBuilder | Imported #200 / 333 tx / 13108 pending / 80,576,010 (0.0%) gas / (0x1e4624bdae6a5dd4222d38ae07968108678f22597c462c36891f6db5c34f79f1)
2026-10-07 22:48:51.245+00:00 | EthScheduler-Workers-0 | INFO  | PersistBlockTask | Block 201 (0x63cf2b466afcd53bb69f5f329b393eb8d3aa0b4833e0b18432fbcac913e8aeab) is already imported
2026-10-07 22:48:51.250+00:00 | BftProcessorExecutor-QBFT-0 | INFO  | QbftBesuControllerBuilder | Imported #201 / 345 tx / 12770 pending / 83,479,650 (0.0%) gas / (0x63cf2b466afcd53bb69f5f329b393eb8d3aa0b4833e0b18432fbcac913e8aeab)
2026-10-07 22:48:56.376+00:00 | EthScheduler-Workers-0 | INFO  | PersistBlockTask | Block 202 (0xb8daf4e607710270fee35b49e627164e0d95f409fce361b8a003811a07a0dd64) is already imported
2026-10-07 22:48:56.380+00:00 | BftProcessorExecutor-QBFT-0 | INFO  | QbftBesuControllerBuilder | Imported #202 / 342 tx / 12428 pending / 82,753,740 (0.0%) gas / (0xb8daf4e607710270fee35b49e627164e0d95f409fce361b8a003811a07a0dd64)
2026-10-07 22:49:01.678+00:00 | EthScheduler-Workers-0 | INFO  | PersistBlockTask | Block 203 (0x9330c354452f5b503cfc7c88a4858d8fe86cf5efee1a7fc3bdfd83c86220e17e) is already imported
2026-10-07 22:49:01.688+00:00 | BftProcessorExecutor-QBFT-0 | INFO  | QbftBesuControllerBuilder | Imported #203 / 346 tx / 12082 pending / 83,721,620 (0.0%) gas / (0x9330c354452f5b503cfc7c88a4858d8fe86cf5efee1a7fc3bdfd83c86220e17e)
2026-10-07 22:49:06.706+00:00 | BftProcessorExecutor-QBFT-0 | INFO  | QbftBesuControllerBuilder | Imported #204 / 334 tx / 11748 pending / 80,817,980 (0.0%) gas / (0xf05acfe0cbdd6ed05a4bdf27787c337fa847f77216beb848667eb2693f752eee)
2026-10-07 22:49:12.012+00:00 | BftProcessorExecutor-QBFT-0 | INFO  | QbftBesuControllerBuilder | Imported #205 / 341 tx / 11410 pending / 82,511,770 (0.0%) gas / (0xddc1770045f5eb64c29365769aa10abff4d595bf456fdf8bf26ff3b2deb3f8c4)
2026-10-07 22:49:17.860+00:00 | BftProcessorExecutor-QBFT-0 | INFO  | QbftBesuControllerBuilder | Imported #206 / 333 tx / 11088 pending / 80,576,010 (0.0%) gas / (0x2be34f1ae891df2cbd1182f19bc01dacdc1f07bb21ce19ff9a48dce46bb5c1df)
2026-10-07 22:49:23.786+00:00 | EthScheduler-Workers-0 | INFO  | PersistBlockTask | Block 207 (0x3e7e83270b6dd78cd7f2be0b96e44b374c856e25de3c2a40d3b5383f3e725cbe) is already imported
2026-10-07 22:49:23.796+00:00 | BftProcessorExecutor-QBFT-0 | INFO  | QbftBesuControllerBuilder | Imported #207 / 338 tx / 10750 pending / 81,785,860 (0.0%) gas / (0x3e7e83270b6dd78cd7f2be0b96e44b374c856e25de3c2a40d3b5383f3e725cbe)
2026-10-07 22:49:29.842+00:00 | EthScheduler-Workers-0 | INFO  | PersistBlockTask | Block 208 (0x16180ae90dc25fcfdceb66c16e0b5d953e4edc879dd67dfd4adceec422b2434a) is already imported
2026-10-07 22:49:29.853+00:00 | BftProcessorExecutor-QBFT-0 | INFO  | QbftBesuControllerBuilder | Imported #208 / 334 tx / 10416 pending / 80,817,980 (0.0%) gas / (0x16180ae90dc25fcfdceb66c16e0b5d953e4edc879dd67dfd4adceec422b2434a)
2026-10-07 22:49:34.420+00:00 | EthScheduler-Workers-0 | INFO  | PersistBlockTask | Block 209 (0x2e148797de841cdc5c7d4fd3802b6998a5cf443d2b55ed52071255ca254d5ce7) is already imported
2026-10-07 22:49:34.427+00:00 | BftProcessorExecutor-QBFT-0 | INFO  | QbftBesuControllerBuilder | Imported #209 / 297 tx / 10119 pending / 71,865,090 (0.0%) gas / (0x2e148797de841cdc5c7d4fd3802b6998a5cf443d2b55ed52071255ca254d5ce7)
2026-10-07 22:49:39.423+00:00 | EthScheduler-Workers-0 | INFO  | PersistBlockTask | Block 210 (0x73df81671bdbd2700ebeb140002732a3ba2f999544dfd536080fe4425c731c2a) is already imported
2026-10-07 22:49:39.429+00:00 | BftProcessorExecutor-QBFT-0 | INFO  | QbftBesuControllerBuilder | Imported #210 / 349 tx / 9770 pending / 84,447,530 (0.0%) gas / (0x73df81671bdbd2700ebeb140002732a3ba2f999544dfd536080fe4425c731c2a)
2026-10-07 22:49:44.375+00:00 | BftProcessorExecutor-QBFT-0 | INFO  | QbftBesuControllerBuilder | Imported #211 / 340 tx / 9430 pending / 82,269,800 (0.0%) gas / (0x6c07d94c3d7cda21473c804fe394b2764927b283633d7c716b51a11c60b1aa8f)
2026-10-07 22:49:49.399+00:00 | BftProcessorExecutor-QBFT-0 | INFO  | QbftBesuControllerBuilder | Imported #212 / 344 tx / 9086 pending / 83,237,680 (0.0%) gas / (0x86cf9d748a410c25e46deecde80ff41d1ae47083cfdd3242b61d1a3d2e13f392)
2026-10-07 22:49:54.440+00:00 | EthScheduler-Workers-0 | INFO  | PersistBlockTask | Block 213 (0xa44e3169b306b1adea0a26a1acb7741bfb4dbdda06fcc7a62de0e7fa7050a59a) is already imported
2026-10-07 22:49:54.445+00:00 | BftProcessorExecutor-QBFT-0 | INFO  | QbftBesuControllerBuilder | Imported #213 / 344 tx / 8742 pending / 83,237,680 (0.0%) gas / (0xa44e3169b306b1adea0a26a1acb7741bfb4dbdda06fcc7a62de0e7fa7050a59a)
2026-10-07 22:49:55.950+00:00 | BftProcessorExecutor-QBFT-0 | WARN  | BlockTransactionSelector | Interrupting the selection of transactions for block inclusion as it exceeds the maximum configured duration of 1500ms
java.util.concurrent.TimeoutException
	at java.base/java.util.concurrent.CompletableFuture.timedGet(CompletableFuture.java:1960)
	at java.base/java.util.concurrent.CompletableFuture.get(CompletableFuture.java:2095)
	at org.hyperledger.besu.ethereum.blockcreation.txselection.BlockTransactionSelector.timeLimitedSelection(BlockTransactionSelector.java:186)
	at org.hyperledger.besu.ethereum.blockcreation.txselection.BlockTransactionSelector.buildTransactionListForBlock(BlockTransactionSelector.java:169)
	at org.hyperledger.besu.ethereum.blockcreation.AbstractBlockCreator.selectTransactions(AbstractBlockCreator.java:376)
	at org.hyperledger.besu.ethereum.blockcreation.AbstractBlockCreator.createBlock(AbstractBlockCreator.java:218)
	at org.hyperledger.besu.ethereum.blockcreation.AbstractBlockCreator.createBlock(AbstractBlockCreator.java:146)
	at org.hyperledger.besu.consensus.common.bft.blockcreation.BftBlockCreator.createBlock(BftBlockCreator.java:92)
	at org.hyperledger.besu.consensus.qbft.statemachine.QbftRound.createAndSendProposalMessage(QbftRound.java:137)
	at org.hyperledger.besu.consensus.qbft.statemachine.QbftBlockHeightManager.handleBlockTimerExpiry(QbftBlockHeightManager.java:140)
	at org.hyperledger.besu.consensus.common.bft.statemachine.BaseBftController.handleBlockTimerExpiry(BaseBftController.java:167)
	at org.hyperledger.besu.consensus.common.bft.EventMultiplexer.handleBftEvent(EventMultiplexer.java:65)
	at java.base/java.util.Optional.ifPresent(Optional.java:178)
	at org.hyperledger.besu.consensus.common.bft.BftProcessor.run(BftProcessor.java:65)
	at java.base/java.util.concurrent.ThreadPoolExecutor.runWorker(ThreadPoolExecutor.java:1144)
	at java.base/java.util.concurrent.ThreadPoolExecutor$Worker.run(ThreadPoolExecutor.java:642)
	at java.base/java.lang.Thread.run(Thread.java:1583)
2026-10-07 22:49:59.424+00:00 | EthScheduler-Workers-0 | INFO  | PersistBlockTask | Block 214 (0xd19f881d59cfa0dd02e7a6e3f3ab6ce1527c0a572b234c0be1929f420dde1a8b) is already imported
2026-10-07 22:49:59.427+00:00 | BftProcessorExecutor-QBFT-0 | INFO  | QbftBesuControllerBuilder | Produced #214 / 335 tx / 8407 pending / 81,059,950 (0.0%) gas / (0xd19f881d59cfa0dd02e7a6e3f3ab6ce1527c0a572b234c0be1929f420dde1a8b)
2026-10-07 22:50:04.292+00:00 | EthScheduler-Workers-0 | INFO  | PersistBlockTask | Block 215 (0x3e810fe327b491a0e47c476de0c3be8b38f891fb91140f346fd81d7307c6886f) is already imported
2026-10-07 22:50:04.295+00:00 | BftProcessorExecutor-QBFT-0 | INFO  | QbftBesuControllerBuilder | Imported #215 / 310 tx / 8097 pending / 75,010,700 (0.0%) gas / (0x3e810fe327b491a0e47c476de0c3be8b38f891fb91140f346fd81d7307c6886f)
2026-10-07 22:50:09.383+00:00 | EthScheduler-Workers-0 | INFO  | PersistBlockTask | Block 216 (0x16dd1cc91db8b024e2a24bc744ee4eca4e2a187eca009e289db9b5649e6c92c4) is already imported
2026-10-07 22:50:09.392+00:00 | BftProcessorExecutor-QBFT-0 | INFO  | QbftBesuControllerBuilder | Imported #216 / 331 tx / 7766 pending / 80,092,070 (0.0%) gas / (0x16dd1cc91db8b024e2a24bc744ee4eca4e2a187eca009e289db9b5649e6c92c4)
2026-10-07 22:50:14.549+00:00 | BftProcessorExecutor-QBFT-0 | INFO  | QbftBesuControllerBuilder | Imported #217 / 341 tx / 7425 pending / 82,511,770 (0.0%) gas / (0x8d2471c1911ce3aa618d8d2ecdd7eb519f0f50176d873453e89d2d1367a1b210)
2026-10-07 22:50:19.749+00:00 | BftProcessorExecutor-QBFT-0 | INFO  | QbftBesuControllerBuilder | Imported #218 / 347 tx / 7078 pending / 83,963,590 (0.0%) gas / (0x81d5d9e713d9dbd1ede83f887833b136d78d6607130efef6fd910172c5350f4e)
2026-10-07 22:50:25.050+00:00 | BftProcessorExecutor-QBFT-0 | INFO  | QbftBesuControllerBuilder | Imported #219 / 346 tx / 6732 pending / 83,721,620 (0.0%) gas / (0xc2a97c4ce87cd9031379658d806a9bcf7628847cd842416f932c9d846b1f70bb)
2026-10-07 22:50:30.257+00:00 | EthScheduler-Workers-0 | INFO  | PersistBlockTask | Block 220 (0x90ad9a6dcd6d97e6b8620cd654e7ca5825ae69859ef96b5c651b668a775ea6df) is already imported
2026-10-07 22:50:30.263+00:00 | BftProcessorExecutor-QBFT-0 | INFO  | QbftBesuControllerBuilder | Imported #220 / 345 tx / 6387 pending / 83,479,650 (0.0%) gas / (0x90ad9a6dcd6d97e6b8620cd654e7ca5825ae69859ef96b5c651b668a775ea6df)
2026-10-07 22:50:36.469+00:00 | EthScheduler-Workers-0 | INFO  | PersistBlockTask | Block 221 (0x9f23f598012ea938716ef813b370dc7910915b4699fee7df32c477014ddd60ae) is already imported
2026-10-07 22:50:36.472+00:00 | BftProcessorExecutor-QBFT-0 | INFO  | QbftBesuControllerBuilder | Imported #221 / 344 tx / 6043 pending / 83,237,680 (0.0%) gas / (0x9f23f598012ea938716ef813b370dc7910915b4699fee7df32c477014ddd60ae)
2026-10-07 22:50:42.358+00:00 | EthScheduler-Workers-0 | INFO  | PersistBlockTask | Block 222 (0xff613823ce503fab4713878e5da54ebaf5a546aa38288f86883ff0a50c24a721) is already imported
2026-10-07 22:50:42.361+00:00 | BftProcessorExecutor-QBFT-0 | INFO  | QbftBesuControllerBuilder | Imported #222 / 336 tx / 5707 pending / 81,301,920 (0.0%) gas / (0xff613823ce503fab4713878e5da54ebaf5a546aa38288f86883ff0a50c24a721)
2026-10-07 22:50:48.127+00:00 | BftProcessorExecutor-QBFT-0 | INFO  | QbftBesuControllerBuilder | Imported #223 / 337 tx / 5370 pending / 81,543,890 (0.0%) gas / (0x2926ff38fe97e959a4fa11aefa173050d8cf57d8ea0fb2ccf67252ef5c519a12)
2026-10-07 22:50:53.099+00:00 | EthScheduler-Workers-0 | INFO  | PersistBlockTask | Block 224 (0x6ea777a12942eaeea0eedbcc9b754447e531b9a71a982bcf206be9d0dd0e1573) is already imported
2026-10-07 22:50:53.107+00:00 | BftProcessorExecutor-QBFT-0 | INFO  | QbftBesuControllerBuilder | Imported #224 / 341 tx / 5029 pending / 82,511,770 (0.0%) gas / (0x6ea777a12942eaeea0eedbcc9b754447e531b9a71a982bcf206be9d0dd0e1573)
2026-10-07 22:50:58.077+00:00 | EthScheduler-Workers-0 | INFO  | PersistBlockTask | Block 225 (0xc070d1c512f546a35e2ddd2c2554700c8ca1409ce5c8e17979903056cd95357c) is already imported
2026-10-07 22:50:58.081+00:00 | BftProcessorExecutor-QBFT-0 | INFO  | QbftBesuControllerBuilder | Imported #225 / 347 tx / 4682 pending / 83,963,590 (0.0%) gas / (0xc070d1c512f546a35e2ddd2c2554700c8ca1409ce5c8e17979903056cd95357c)
2026-10-07 22:51:03.208+00:00 | BftProcessorExecutor-QBFT-0 | INFO  | QbftBesuControllerBuilder | Imported #226 / 345 tx / 4337 pending / 83,479,650 (0.0%) gas / (0xc914df416ec1070bf5c38cf552c6411fd89b6731c2ac3570605a73feaf01488c)
2026-10-07 22:51:08.159+00:00 | BftProcessorExecutor-QBFT-0 | INFO  | QbftBesuControllerBuilder | Imported #227 / 340 tx / 3997 pending / 82,269,800 (0.0%) gas / (0x8ddb28a1e7d33c93972cc006d862e8ad4aaa65eedca243ccfe6af914722d5e4f)
2026-10-07 22:51:13.170+00:00 | BftProcessorExecutor-QBFT-0 | INFO  | QbftBesuControllerBuilder | Imported #228 / 346 tx / 3651 pending / 83,721,620 (0.0%) gas / (0xf979e364194c4c191362b1ee091c50c825e608a7926b80bc05ace58decea98f9)
2026-10-07 22:51:14.673+00:00 | BftProcessorExecutor-QBFT-0 | WARN  | BlockTransactionSelector | Interrupting the selection of transactions for block inclusion as it exceeds the maximum configured duration of 1500ms
java.util.concurrent.TimeoutException
	at java.base/java.util.concurrent.CompletableFuture.timedGet(CompletableFuture.java:1960)
	at java.base/java.util.concurrent.CompletableFuture.get(CompletableFuture.java:2095)
	at org.hyperledger.besu.ethereum.blockcreation.txselection.BlockTransactionSelector.timeLimitedSelection(BlockTransactionSelector.java:186)
	at org.hyperledger.besu.ethereum.blockcreation.txselection.BlockTransactionSelector.buildTransactionListForBlock(BlockTransactionSelector.java:169)
	at org.hyperledger.besu.ethereum.blockcreation.AbstractBlockCreator.selectTransactions(AbstractBlockCreator.java:376)
	at org.hyperledger.besu.ethereum.blockcreation.AbstractBlockCreator.createBlock(AbstractBlockCreator.java:218)
	at org.hyperledger.besu.ethereum.blockcreation.AbstractBlockCreator.createBlock(AbstractBlockCreator.java:146)
	at org.hyperledger.besu.consensus.common.bft.blockcreation.BftBlockCreator.createBlock(BftBlockCreator.java:92)
	at org.hyperledger.besu.consensus.qbft.statemachine.QbftRound.createAndSendProposalMessage(QbftRound.java:137)
	at org.hyperledger.besu.consensus.qbft.statemachine.QbftBlockHeightManager.handleBlockTimerExpiry(QbftBlockHeightManager.java:140)
	at org.hyperledger.besu.consensus.common.bft.statemachine.BaseBftController.handleBlockTimerExpiry(BaseBftController.java:167)
	at org.hyperledger.besu.consensus.common.bft.EventMultiplexer.handleBftEvent(EventMultiplexer.java:65)
	at java.base/java.util.Optional.ifPresent(Optional.java:178)
	at org.hyperledger.besu.consensus.common.bft.BftProcessor.run(BftProcessor.java:65)
	at java.base/java.util.concurrent.ThreadPoolExecutor.runWorker(ThreadPoolExecutor.java:1144)
	at java.base/java.util.concurrent.ThreadPoolExecutor$Worker.run(ThreadPoolExecutor.java:642)
	at java.base/java.lang.Thread.run(Thread.java:1583)
2026-10-07 22:51:18.094+00:00 | BftProcessorExecutor-QBFT-0 | INFO  | QbftBesuControllerBuilder | Produced #229 / 342 tx / 3309 pending / 82,753,740 (0.0%) gas / (0x742ee795da0eba0d0b0e3509568132505ca4a27a0d2c786a81d6390a9e7b8bad)
2026-10-07 22:51:23.256+00:00 | EthScheduler-Workers-0 | INFO  | PersistBlockTask | Block 230 (0xc9e00a2fe4819c6f752e46f49fd470220f4416f24bdfda675a8d0f14084fb7e5) is already imported
2026-10-07 22:51:23.260+00:00 | BftProcessorExecutor-QBFT-0 | INFO  | QbftBesuControllerBuilder | Imported #230 / 338 tx / 2971 pending / 81,785,860 (0.0%) gas / (0xc9e00a2fe4819c6f752e46f49fd470220f4416f24bdfda675a8d0f14084fb7e5)
2026-10-07 22:51:28.461+00:00 | BftProcessorExecutor-QBFT-0 | INFO  | QbftBesuControllerBuilder | Imported #231 / 345 tx / 2626 pending / 83,479,650 (0.0%) gas / (0x928914c61c270ad4371b14df27aae580c2a2ff3abcc7168cd8fbf564bf73b045)
2026-10-07 22:51:33.636+00:00 | BftProcessorExecutor-QBFT-0 | INFO  | QbftBesuControllerBuilder | Imported #232 / 345 tx / 2281 pending / 83,479,650 (0.0%) gas / (0xddc2e579258c9489cbb0667ee54801ca25afed3b00f63e86c302a98012d9e7b8)
2026-10-07 22:51:38.885+00:00 | BftProcessorExecutor-QBFT-0 | INFO  | QbftBesuControllerBuilder | Imported #233 / 348 tx / 1933 pending / 84,205,560 (0.0%) gas / (0x0d68f3632fbb22200c3459a9ca773ecc939d176ddbe0bb337b1a6e86a852fa72)
2026-10-07 22:51:44.339+00:00 | EthScheduler-Workers-0 | INFO  | PersistBlockTask | Block 234 (0x1ef55f4a055eff80e765b88c037dc16db5ad97fc8623ef1adb94f5f2d5a1e881) is already imported
2026-10-07 22:51:44.343+00:00 | BftProcessorExecutor-QBFT-0 | INFO  | QbftBesuControllerBuilder | Imported #234 / 350 tx / 1583 pending / 84,689,500 (0.0%) gas / (0x1ef55f4a055eff80e765b88c037dc16db5ad97fc8623ef1adb94f5f2d5a1e881)
2026-10-07 22:51:48.827+00:00 | BftProcessorExecutor-QBFT-0 | INFO  | QbftBesuControllerBuilder | Imported #235 / 301 tx / 1282 pending / 72,832,970 (0.0%) gas / (0x7eeff9b53698b308a0a260cb7bf46efd74b68cc89d45f0f7c213de151fdbc9e2)
2026-10-07 22:51:53.485+00:00 | BftProcessorExecutor-QBFT-0 | INFO  | QbftBesuControllerBuilder | Imported #236 / 266 tx / 1016 pending / 64,364,020 (0.0%) gas / (0x7b039a46b96187413cc58eb23cba69277fe344af0ad6837883ea696252917d84)
2026-10-07 22:51:56.856+00:00 | BftProcessorExecutor-QBFT-0 | INFO  | QbftBesuControllerBuilder | Imported #237 / 177 tx / 839 pending / 42,828,690 (0.0%) gas / (0xa6807e80de6832f2532195db03c0873b4153cf3794e9aa94b2e409772a0ab7d0)
2026-10-07 22:51:58.713+00:00 | BftProcessorExecutor-QBFT-0 | INFO  | QbftBesuControllerBuilder | Imported #238 / 80 tx / 759 pending / 19,357,600 (0.0%) gas / (0x976a13b04d7404248cb98c52cdf01b2be34d2cc58e3e56a0ad37936377818636)
2026-10-07 22:52:01.022+00:00 | BftProcessorExecutor-QBFT-0 | INFO  | QbftBesuControllerBuilder | Imported #239 / 127 tx / 632 pending / 30,730,190 (0.0%) gas / (0xe500ad0586f0906afb00b4f5b9d4fca78a6bb417b5549555d701187b561c43cb)
2026-10-07 22:52:02.077+00:00 | BftProcessorExecutor-QBFT-0 | INFO  | QbftBesuControllerBuilder | Imported #240 / 58 tx / 574 pending / 14,034,260 (0.0%) gas / (0xb91abb88793a005045bda52bae79278add90846a3ec430afb41e25f0beb536da)
2026-10-07 22:52:04.271+00:00 | EthScheduler-Workers-0 | INFO  | PersistBlockTask | Block 241 (0x40c51a49b7d647ff545237cb93a24e7a2f16b8858bb2cfedd5e9674d6a0ef2e3) is already imported
2026-10-07 22:52:04.272+00:00 | BftProcessorExecutor-QBFT-0 | INFO  | QbftBesuControllerBuilder | Imported #241 / 70 tx / 504 pending / 16,937,900 (0.0%) gas / (0x40c51a49b7d647ff545237cb93a24e7a2f16b8858bb2cfedd5e9674d6a0ef2e3)
2026-10-07 22:52:06.531+00:00 | BftProcessorExecutor-QBFT-0 | INFO  | QbftBesuControllerBuilder | Imported #242 / 94 tx / 410 pending / 22,745,180 (0.0%) gas / (0xed2850cd17c426a9285dbeff898279db8708f6104179e25b336615ec146286f3)
2026-10-07 22:52:08.259+00:00 | EthScheduler-Workers-0 | INFO  | PersistBlockTask | Block 243 (0x01862bc9619228d5350afc3a3a101a2fd904ae69b979e9374967de8a0cc1b72d) is already imported
2026-10-07 22:52:08.259+00:00 | BftProcessorExecutor-QBFT-0 | INFO  | QbftBesuControllerBuilder | Imported #243 / 67 tx / 343 pending / 16,211,990 (0.0%) gas / (0x01862bc9619228d5350afc3a3a101a2fd904ae69b979e9374967de8a0cc1b72d)
2026-10-07 22:52:10.309+00:00 | EthScheduler-Workers-0 | INFO  | PersistBlockTask | Block 244 (0x99b30b33c719c556dd2f7c27235a8a9e49aa0e984c6ecfba173095e051287550) is already imported
2026-10-07 22:52:10.309+00:00 | BftProcessorExecutor-QBFT-0 | INFO  | QbftBesuControllerBuilder | Produced #244 / 73 tx / 270 pending / 17,663,810 (0.0%) gas / (0x99b30b33c719c556dd2f7c27235a8a9e49aa0e984c6ecfba173095e051287550)
2026-10-07 22:52:12.980+00:00 | BftProcessorExecutor-QBFT-0 | INFO  | QbftBesuControllerBuilder | Imported #245 / 109 tx / 161 pending / 26,374,730 (0.0%) gas / (0xf8136cac8e0f359881da1553aef642d0657df0d72153619c40710f14d7352ad5)
2026-10-07 22:52:14.343+00:00 | BftProcessorExecutor-QBFT-0 | INFO  | QbftBesuControllerBuilder | Imported #246 / 69 tx / 92 pending / 16,695,930 (0.0%) gas / (0xcbff2b7b670174b9e44d0a27107ef5192e8e10288e9af00f3923d22ae2884b85)
2026-10-07 22:52:16.216+00:00 | BftProcessorExecutor-QBFT-0 | INFO  | QbftBesuControllerBuilder | Imported #247 / 62 tx / 30 pending / 15,002,140 (0.0%) gas / (0xfd0940ef4de8dc0a0486f09777aad4ad45166c6b0d1b53e7f98398e41d6c9d26)
2026-10-07 22:52:17.824+00:00 | BftProcessorExecutor-QBFT-0 | INFO  | QbftBesuControllerBuilder | Imported #248 / 30 tx / 0 pending / 7,259,100 (0.0%) gas / (0x469162ebcfd788d5e8c3b3be407d53d0af4b1de8fa0d9f9cc080644fb1224095)
2026-10-07 22:52:19.436+00:00 | EthScheduler-Workers-0 | INFO  | PersistBlockTask | Block 249 (0x4f780b1f26681a28471c5830a785c5b96559634921b9f370ec8b45f01f798053) is already imported
2026-10-07 22:52:19.437+00:00 | BftProcessorExecutor-QBFT-0 | INFO  | QbftBesuControllerBuilder | Imported #249 / 13 tx / 299 pending / 1,997,086 (0.0%) gas / (0x4f780b1f26681a28471c5830a785c5b96559634921b9f370ec8b45f01f798053)
2026-10-07 22:52:21.586+00:00 | BftProcessorExecutor-QBFT-0 | INFO  | QbftBesuControllerBuilder | Imported #250 / 52 tx / 765 pending / 7,988,328 (0.0%) gas / (0xb744da6b61f700f8f6b12910473acd954b2126ff33d7b30b4a108676f651ac8f)
2026-10-07 22:52:26.684+00:00 | BftProcessorExecutor-QBFT-0 | INFO  | QbftBesuControllerBuilder | Imported #251 / 81 tx / 1501 pending / 12,443,454 (0.0%) gas / (0xb383ca204516646a04b3ce0ce0f802c42fa7dfb7a98cd0c8d11803e04158dd4f)
2026-10-07 22:52:29.615+00:00 | BftProcessorExecutor-QBFT-0 | INFO  | QbftBesuControllerBuilder | Imported #252 / 115 tx / 1738 pending / 17,666,758 (0.0%) gas / (0x364cd5662c05f50d1570664c4bfd2abf96365bd8d22f0c3bd4f931fa684bc88e)
2026-10-07 22:52:33.664+00:00 | BftProcessorExecutor-QBFT-0 | INFO  | QbftBesuControllerBuilder | Imported #253 / 136 tx / 1651 pending / 20,892,492 (0.0%) gas / (0xe92d8ad7e9a7b27564c3fcd054d91fdf17880b808ce4496e444a5059d2e6b393)
2026-10-07 22:52:34.393+00:00 | BftProcessorExecutor-QBFT-0 | INFO  | QbftBesuControllerBuilder | Imported #254 / 138 tx / 1513 pending / 21,199,972 (0.0%) gas / (0x25cde18e57d72b3bffa792fbd3dc4126d69946d0177a0d524035c9c1651f89d0)
2026-10-07 22:52:36.921+00:00 | EthScheduler-Workers-0 | INFO  | PersistBlockTask | Block 255 (0x784c2a2858dd54a59926d542f893719b9c8faed4d2f41ada7ba46a24fe201adc) is already imported
2026-10-07 22:52:36.922+00:00 | BftProcessorExecutor-QBFT-0 | INFO  | QbftBesuControllerBuilder | Imported #255 / 138 tx / 1375 pending / 21,199,692 (0.0%) gas / (0x784c2a2858dd54a59926d542f893719b9c8faed4d2f41ada7ba46a24fe201adc)
2026-10-07 22:52:38.842+00:00 | BftProcessorExecutor-QBFT-0 | INFO  | QbftBesuControllerBuilder | Imported #256 / 138 tx / 1237 pending / 21,199,788 (0.0%) gas / (0x58c8d1102fd034190ce763c921507466ebd4908ac552c6f1ecae30f2d8908771)
2026-10-07 22:52:40.964+00:00 | BftProcessorExecutor-QBFT-0 | INFO  | QbftBesuControllerBuilder | Imported #257 / 137 tx / 1100 pending / 21,046,342 (0.0%) gas / (0x6dbc8ec96789d3ce1026585d8b7e2566cab0fca6ecf2e77a4569f3a6a16ffde9)
2026-10-07 22:52:42.903+00:00 | EthScheduler-Workers-0 | INFO  | PersistBlockTask | Block 258 (0xbd80030697ab2ff96cd05192f36a2a36409e9f316c66298b1982b973af73fe7e) is already imported
2026-10-07 22:52:42.904+00:00 | BftProcessorExecutor-QBFT-0 | INFO  | QbftBesuControllerBuilder | Imported #258 / 137 tx / 963 pending / 21,046,454 (0.0%) gas / (0xbd80030697ab2ff96cd05192f36a2a36409e9f316c66298b1982b973af73fe7e)
2026-10-07 22:52:44.936+00:00 | BftProcessorExecutor-QBFT-0 | INFO  | QbftBesuControllerBuilder | Produced #259 / 136 tx / 827 pending / 20,892,648 (0.0%) gas / (0x7158a2e7158e6a442acb2428b6e5fbfc30d466b02adca64e743e01b6015442e8)
2026-10-07 22:52:47.222+00:00 | EthScheduler-Workers-0 | INFO  | PersistBlockTask | Block 260 (0x5a8037418ba9a8189355865fe25ed605624270d01f587de9465b901321c3b62f) is already imported
2026-10-07 22:52:47.223+00:00 | BftProcessorExecutor-QBFT-0 | INFO  | QbftBesuControllerBuilder | Imported #260 / 136 tx / 691 pending / 20,892,484 (0.0%) gas / (0x5a8037418ba9a8189355865fe25ed605624270d01f587de9465b901321c3b62f)
2026-10-07 22:52:49.162+00:00 | BftProcessorExecutor-QBFT-0 | INFO  | QbftBesuControllerBuilder | Imported #261 / 136 tx / 555 pending / 20,892,660 (0.0%) gas / (0x8b5b6b4128b2e814f4771c7b12c767ab1e860e83699b65426262a329c7975884)
2026-10-07 22:52:51.158+00:00 | BftProcessorExecutor-QBFT-0 | INFO  | QbftBesuControllerBuilder | Imported #262 / 136 tx / 419 pending / 20,892,632 (0.0%) gas / (0xac161cba1eb434e752a3b28077ca6c7ace0ea00e0a5365adaca90e25aa0f9ca8)
2026-10-07 22:52:53.047+00:00 | BftProcessorExecutor-QBFT-0 | INFO  | QbftBesuControllerBuilder | Imported #263 / 136 tx / 283 pending / 20,892,624 (0.0%) gas / (0x9ae3c1d3a2472d45dd1c2e9a33405671da8f9ac8258d5e9f9ca02b27c4d80680)
2026-10-07 22:52:55.199+00:00 | BftProcessorExecutor-QBFT-0 | INFO  | QbftBesuControllerBuilder | Imported #264 / 123 tx / 160 pending / 18,895,710 (0.0%) gas / (0xd71f5525eb6debb5c69a4c75eaeb6959cd1cd3010f296356695ae7053e6cf9a7)
2026-10-07 22:52:57.038+00:00 | BftProcessorExecutor-QBFT-0 | INFO  | QbftBesuControllerBuilder | Imported #265 / 84 tx / 76 pending / 12,904,252 (0.0%) gas / (0x65a80788ca5f8ae7d42455ea8d4d441301f62961e993d98b62b69cecc23b5de0)
2026-10-07 22:52:57.039+00:00 | EthScheduler-Workers-0 | INFO  | PersistBlockTask | Block 265 (0x65a80788ca5f8ae7d42455ea8d4d441301f62961e993d98b62b69cecc23b5de0) is already imported
2026-10-07 22:52:58.973+00:00 | BftProcessorExecutor-QBFT-0 | INFO  | QbftBesuControllerBuilder | Imported #266 / 55 tx / 21 pending / 8,449,154 (0.0%) gas / (0x7a7a335d36b5cb9074f6a32a118bfa3f8bbb75d38f789e5fc2515c05a0a0e105)
2026-10-07 22:53:00.784+00:00 | EthScheduler-Workers-0 | INFO  | PersistBlockTask | Block 267 (0xb13fb7fffc4bf7375a0ce1451790ca55587d50b8dc0ad941c772274289d2a530) is already imported
2026-10-07 22:53:00.784+00:00 | BftProcessorExecutor-QBFT-0 | INFO  | QbftBesuControllerBuilder | Imported #267 / 21 tx / 0 pending / 3,226,050 (0.0%) gas / (0xb13fb7fffc4bf7375a0ce1451790ca55587d50b8dc0ad941c772274289d2a530)
2026-10-07 22:53:02.538+00:00 | BftProcessorExecutor-QBFT-0 | INFO  | QbftBesuControllerBuilder | Imported #268 / 0 tx / 0 pending / 0 (0.0%) gas / (0xe012a866141ed69c4b3a1195d93abab1a90abac953ddd7c121cc1f8a7c0e4ab4)
2026-10-07 22:53:04.255+00:00 | BftProcessorExecutor-QBFT-0 | INFO  | QbftBesuControllerBuilder | Imported #269 / 0 tx / 0 pending / 0 (0.0%) gas / (0x057c69b427932b31a8d2df064325104c58d8a732534382df5244a2eef8f436ed)
2026-10-07 22:53:06.240+00:00 | BftProcessorExecutor-QBFT-0 | INFO  | QbftBesuControllerBuilder | Imported #270 / 0 tx / 0 pending / 0 (0.0%) gas / (0x3e8d79d219aa71d866ea795004e625ac2437ad98ff35c1a413837ec259cdee6d)
2026-10-07 22:53:08.249+00:00 | BftProcessorExecutor-QBFT-0 | INFO  | QbftBesuControllerBuilder | Imported #271 / 0 tx / 0 pending / 0 (0.0%) gas / (0xb77a476dfdfd3c277e4da0657bddaf79e81b938d5992530021af027dea46bf9b)
2026-10-07 22:53:10.254+00:00 | BftProcessorExecutor-QBFT-0 | INFO  | QbftBesuControllerBuilder | Imported #272 / 0 tx / 0 pending / 0 (0.0%) gas / (0x1224d4ad1380a218d39b565bec91d7acb98dbd23ddabd41531262d7b1d92291d)
2026-10-07 22:53:12.242+00:00 | BftProcessorExecutor-QBFT-0 | INFO  | QbftBesuControllerBuilder | Imported #273 / 0 tx / 0 pending / 0 (0.0%) gas / (0x7619fc2588f8c3314141a5e5c1432f39e603f159e9a74ee556a7eb17cac26ed5)
2026-10-07 22:53:14.237+00:00 | BftProcessorExecutor-QBFT-0 | INFO  | QbftBesuControllerBuilder | Produced #274 / 0 tx / 0 pending / 0 (0.0%) gas / (0x0b23b2d6d62fbe71d9cd154ccc50e7515447f2c1b8d253d9f5fbff993a833137)
2026-10-07 22:53:16.342+00:00 | BftProcessorExecutor-QBFT-0 | INFO  | QbftBesuControllerBuilder | Imported #275 / 0 tx / 0 pending / 0 (0.0%) gas / (0x934bb4abae2003d22695c6c4a05dc985a9908fb490fe2a890c87bf94a43e2c9c)
2026-10-07 22:53:18.342+00:00 | BftProcessorExecutor-QBFT-0 | INFO  | QbftBesuControllerBuilder | Imported #276 / 0 tx / 0 pending / 0 (0.0%) gas / (0x88c23ef36a8592059a42de1525c99df0c2ef1f48c6fdb0081bda4bb2ae39d95b)
2026-10-07 22:53:20.326+00:00 | BftProcessorExecutor-QBFT-0 | INFO  | QbftBesuControllerBuilder | Imported #277 / 0 tx / 0 pending / 0 (0.0%) gas / (0xe33e47fb0cb8fceb2389f5332fa7da9b519a794885379fdd01d151c4752253bf)
2026-10-07 22:53:22.349+00:00 | BftProcessorExecutor-QBFT-0 | INFO  | QbftBesuControllerBuilder | Imported #278 / 0 tx / 0 pending / 0 (0.0%) gas / (0x35f837e0ca1f9535814120eb019d32c5ccceef57b98a570f0f0c016890782cca)
2026-10-07 22:53:24.341+00:00 | BftProcessorExecutor-QBFT-0 | INFO  | QbftBesuControllerBuilder | Imported #279 / 0 tx / 0 pending / 0 (0.0%) gas / (0x6670a94737c08a6711a2b87784630285a677bcb15d64caeec7931a13eab2e81c)
2026-10-07 22:53:24.344+00:00 | EthScheduler-Workers-0 | INFO  | PersistBlockTask | Block 279 (0x6670a94737c08a6711a2b87784630285a677bcb15d64caeec7931a13eab2e81c) is already imported
2026-10-07 22:53:26.324+00:00 | BftProcessorExecutor-QBFT-0 | INFO  | QbftBesuControllerBuilder | Imported #280 / 0 tx / 0 pending / 0 (0.0%) gas / (0x9dc2097a6f8f287e2da3c40c0d26e285fa0adf44b88ee6f8e1bef59eaf7a55f7)
2026-10-07 22:53:28.466+00:00 | BftProcessorExecutor-QBFT-0 | INFO  | QbftBesuControllerBuilder | Imported #281 / 0 tx / 0 pending / 0 (0.0%) gas / (0x61b6863c5c23a8505ceff42a204ae253982838746aa1697f31d30c20d17ef54d)
2026-10-07 22:53:28.466+00:00 | EthScheduler-Workers-0 | INFO  | PersistBlockTask | Block 281 (0x61b6863c5c23a8505ceff42a204ae253982838746aa1697f31d30c20d17ef54d) is already imported
2026-10-07 22:53:30.493+00:00 | BftProcessorExecutor-QBFT-0 | INFO  | QbftBesuControllerBuilder | Imported #282 / 0 tx / 0 pending / 0 (0.0%) gas / (0xe9e648f29b4eb304a8aeace604de2334f5bf4e968a83454a651653862f732b17)
2026-10-07 22:53:32.506+00:00 | BftProcessorExecutor-QBFT-0 | INFO  | QbftBesuControllerBuilder | Imported #283 / 0 tx / 0 pending / 0 (0.0%) gas / (0x2cf0c334696067c222dc1ab0c423afb56a4acda187db190f70e4cbc67bbb0b6e)
2026-10-07 22:53:34.238+00:00 | BftProcessorExecutor-QBFT-0 | INFO  | QbftBesuControllerBuilder | Imported #284 / 0 tx / 0 pending / 0 (0.0%) gas / (0x0db30e11d4a0d8d376b28d208745af04075a67ec5638cb504dcbce03b33606fd)
2026-10-07 22:53:36.238+00:00 | BftProcessorExecutor-QBFT-0 | INFO  | QbftBesuControllerBuilder | Imported #285 / 0 tx / 0 pending / 0 (0.0%) gas / (0xa6e5b1f86fbc9f5389b9d3d0224975c8e2ab6218d92cee84a889070d432c8e23)
2026-10-07 22:53:38.237+00:00 | BftProcessorExecutor-QBFT-0 | INFO  | QbftBesuControllerBuilder | Imported #286 / 0 tx / 0 pending / 0 (0.0%) gas / (0xcd8d7ef608adae7e900b512bad53ac8c0a7a582dbdb9638b05e29009d3aa1a1f)
2026-10-07 22:53:40.257+00:00 | BftProcessorExecutor-QBFT-0 | INFO  | QbftBesuControllerBuilder | Imported #287 / 0 tx / 0 pending / 0 (0.0%) gas / (0x699dce6245e345a96374d021f65d25c77a7b76db4d3a5aa5a0072a699ff57181)
2026-10-07 22:53:40.260+00:00 | EthScheduler-Workers-0 | INFO  | PersistBlockTask | Block 287 (0x699dce6245e345a96374d021f65d25c77a7b76db4d3a5aa5a0072a699ff57181) is already imported
2026-10-07 22:53:42.244+00:00 | BftProcessorExecutor-QBFT-0 | INFO  | QbftBesuControllerBuilder | Imported #288 / 0 tx / 0 pending / 0 (0.0%) gas / (0xdb9740b2c9dca9015b26cd86e81c83c7227ccbf8c34bc5800bd2b7659a2beb95)
2026-10-07 22:53:44.247+00:00 | BftProcessorExecutor-QBFT-0 | INFO  | QbftBesuControllerBuilder | Produced #289 / 0 tx / 0 pending / 0 (0.0%) gas / (0xbaa772d493a1777b436357775001fff5365a0751e8697d73748ff027d2b2703b)
2026-10-07 22:53:46.332+00:00 | BftProcessorExecutor-QBFT-0 | INFO  | QbftBesuControllerBuilder | Imported #290 / 0 tx / 0 pending / 0 (0.0%) gas / (0xdc5e3b6f13d6ca02558b33d529c7a9935096a011b2f4ede3941ddcf32cd183e5)
2026-10-07 22:53:48.332+00:00 | BftProcessorExecutor-QBFT-0 | INFO  | QbftBesuControllerBuilder | Imported #291 / 0 tx / 0 pending / 0 (0.0%) gas / (0x5c52095bc2fcf932abb8c7cf52461f54d05376d5c06089f8401970cd71263044)
2026-10-07 22:53:50.326+00:00 | BftProcessorExecutor-QBFT-0 | INFO  | QbftBesuControllerBuilder | Imported #292 / 0 tx / 0 pending / 0 (0.0%) gas / (0x87a27f903e65931c68203bda0274479499def5d8e9f5b0da9c8700698ee4b0e4)
2026-10-07 22:53:50.330+00:00 | EthScheduler-Workers-0 | INFO  | PersistBlockTask | Block 292 (0x87a27f903e65931c68203bda0274479499def5d8e9f5b0da9c8700698ee4b0e4) is already imported
2026-10-07 22:53:52.322+00:00 | BftProcessorExecutor-QBFT-0 | INFO  | QbftBesuControllerBuilder | Imported #293 / 0 tx / 0 pending / 0 (0.0%) gas / (0xa20666d4763b0c2a5333a7572f4c345e96cfc4365a8690ca5aa369f0c2a6ac3d)
2026-10-07 22:53:54.329+00:00 | BftProcessorExecutor-QBFT-0 | INFO  | QbftBesuControllerBuilder | Imported #294 / 0 tx / 0 pending / 0 (0.0%) gas / (0x1c0bd95f256a371d0e63a4ed2c0effa34a91ac296e90ab75b34fc5ae52e40740)
2026-10-07 22:53:56.337+00:00 | EthScheduler-Workers-0 | INFO  | PersistBlockTask | Block 295 (0x5766a808545d9231f631c61fc079f0ae36ec7ced6bb55c08c1d4081c26e02068) is already imported
2026-10-07 22:53:56.338+00:00 | BftProcessorExecutor-QBFT-0 | INFO  | QbftBesuControllerBuilder | Imported #295 / 0 tx / 0 pending / 0 (0.0%) gas / (0x5766a808545d9231f631c61fc079f0ae36ec7ced6bb55c08c1d4081c26e02068)
2026-10-07 22:53:58.430+00:00 | BftProcessorExecutor-QBFT-0 | INFO  | QbftBesuControllerBuilder | Imported #296 / 0 tx / 0 pending / 0 (0.0%) gas / (0xde8e6ca0be8c77a9f210aa9bc2f1d6d077db26651c03ebc7a288f82cc3034dcb)
2026-10-07 22:54:00.481+00:00 | BftProcessorExecutor-QBFT-0 | INFO  | QbftBesuControllerBuilder | Imported #297 / 0 tx / 0 pending / 0 (0.0%) gas / (0xb7a0ed63bf064097ac21a6bff2463188dcfc66388dbf156f9d7efd0e25910bd8)
2026-10-07 22:54:02.506+00:00 | BftProcessorExecutor-QBFT-0 | INFO  | QbftBesuControllerBuilder | Imported #298 / 0 tx / 0 pending / 0 (0.0%) gas / (0xcff5b0b9283130ca6934982a5f03f7d596cd6945d2d5795f781c4511bbf6ca4a)
2026-10-07 22:54:04.234+00:00 | BftProcessorExecutor-QBFT-0 | INFO  | QbftBesuControllerBuilder | Imported #299 / 0 tx / 0 pending / 0 (0.0%) gas / (0x5b3057fc8669cef2fda6c88bb08fc182d936065bed3c0d2ee8794baaf8148aa1)
2026-10-07 22:54:06.256+00:00 | BftProcessorExecutor-QBFT-0 | INFO  | QbftBesuControllerBuilder | Imported #300 / 0 tx / 0 pending / 0 (0.0%) gas / (0x35304adf91553b3c90c5b32b2a9a9498d0da868085ae639fb088a6ccd60a2628)
2026-10-07 22:54:06.259+00:00 | EthScheduler-Workers-0 | INFO  | PersistBlockTask | Block 300 (0x35304adf91553b3c90c5b32b2a9a9498d0da868085ae639fb088a6ccd60a2628) is already imported
2026-10-07 22:54:08.238+00:00 | BftProcessorExecutor-QBFT-0 | INFO  | QbftBesuControllerBuilder | Imported #301 / 0 tx / 0 pending / 0 (0.0%) gas / (0xa4401bc6bcfe01f1e579c471a537f26d1f93b416a766d5ea8f4ec434abd6f408)
2026-10-07 22:54:08.239+00:00 | EthScheduler-Workers-0 | INFO  | PersistBlockTask | Block 301 (0xa4401bc6bcfe01f1e579c471a537f26d1f93b416a766d5ea8f4ec434abd6f408) is already imported
2026-10-07 22:54:10.235+00:00 | BftProcessorExecutor-QBFT-0 | INFO  | QbftBesuControllerBuilder | Imported #302 / 0 tx / 0 pending / 0 (0.0%) gas / (0x1332ee4acfed62a668fcadea670fd07583c13af9a0874b6a7fbe9193d2c542b6)
2026-10-07 22:54:12.241+00:00 | BftProcessorExecutor-QBFT-0 | INFO  | QbftBesuControllerBuilder | Imported #303 / 0 tx / 0 pending / 0 (0.0%) gas / (0x7737e52f538cfe2df7853351f9e4f32d8cfc07454c684a1c9cd677a83385f6b8)
2026-10-07 22:54:14.255+00:00 | EthScheduler-Workers-0 | INFO  | PersistBlockTask | Block 304 (0xb8e90cfbbf0c9d9b255daa191ad8ec09b003819f9625931e6ad427321e8ebae1) is already imported
2026-10-07 22:54:14.256+00:00 | BftProcessorExecutor-QBFT-0 | INFO  | QbftBesuControllerBuilder | Produced #304 / 0 tx / 0 pending / 0 (0.0%) gas / (0xb8e90cfbbf0c9d9b255daa191ad8ec09b003819f9625931e6ad427321e8ebae1)
2026-10-07 22:54:16.331+00:00 | BftProcessorExecutor-QBFT-0 | INFO  | QbftBesuControllerBuilder | Imported #305 / 0 tx / 0 pending / 0 (0.0%) gas / (0x37ebc2b08c829051023d75f780e2cded21972141034ad1b04dec6a4029dc6bf7)
2026-10-07 22:54:18.321+00:00 | BftProcessorExecutor-QBFT-0 | INFO  | QbftBesuControllerBuilder | Imported #306 / 0 tx / 0 pending / 0 (0.0%) gas / (0x0a7ca89f8d6779a91320313faa418fa7ba6b1a7c9045f918a628c7944b8af0bc)
2026-10-07 22:54:20.340+00:00 | BftProcessorExecutor-QBFT-0 | INFO  | QbftBesuControllerBuilder | Imported #307 / 0 tx / 0 pending / 0 (0.0%) gas / (0x668586ceb5e2e036f42bf63e5b3da509ea71b87ef2ec879b7c97f1241d693d43)
2026-10-07 22:54:20.341+00:00 | EthScheduler-Workers-0 | INFO  | PersistBlockTask | Block 307 (0x668586ceb5e2e036f42bf63e5b3da509ea71b87ef2ec879b7c97f1241d693d43) is already imported
2026-10-07 22:54:22.327+00:00 | BftProcessorExecutor-QBFT-0 | INFO  | QbftBesuControllerBuilder | Imported #308 / 0 tx / 0 pending / 0 (0.0%) gas / (0x6b5b4dbb09ee931b87cdbfcc498e1dfd1f7f26519a925f3c5ad8721bf3adec6a)
2026-10-07 22:54:24.330+00:00 | BftProcessorExecutor-QBFT-0 | INFO  | QbftBesuControllerBuilder | Imported #309 / 0 tx / 0 pending / 0 (0.0%) gas / (0x25ef8ab53792031769dca2eeb4fd1711b15fac9cb92f53f1e014d4615e39122e)
2026-10-07 22:54:26.317+00:00 | BftProcessorExecutor-QBFT-0 | INFO  | QbftBesuControllerBuilder | Imported #310 / 0 tx / 0 pending / 0 (0.0%) gas / (0xd4e8dbeaf080667be02fc096246908763efea31b8d7def0fc12fa0be98a8b5bf)
2026-10-07 22:54:28.472+00:00 | BftProcessorExecutor-QBFT-0 | INFO  | QbftBesuControllerBuilder | Imported #311 / 0 tx / 0 pending / 0 (0.0%) gas / (0xebdbfe08cb41c69410251801bf40602eb9a8c1b940c3fbc93edd29ba79bd7971)
2026-10-07 22:54:30.487+00:00 | BftProcessorExecutor-QBFT-0 | INFO  | QbftBesuControllerBuilder | Imported #312 / 0 tx / 0 pending / 0 (0.0%) gas / (0x6da61e085a659f76feef4b7385a40c9faf6460f62d9ae356698736b1df586cc5)
2026-10-07 22:54:30.491+00:00 | EthScheduler-Workers-0 | INFO  | PersistBlockTask | Block 312 (0x6da61e085a659f76feef4b7385a40c9faf6460f62d9ae356698736b1df586cc5) is already imported
2026-10-07 22:54:32.528+00:00 | BftProcessorExecutor-QBFT-0 | INFO  | QbftBesuControllerBuilder | Imported #313 / 0 tx / 0 pending / 0 (0.0%) gas / (0x1732304cd1702a14ef8e4cdccb38c4ba517f52dd8b8bd468955b8b7c4067f100)
2026-10-07 22:54:34.249+00:00 | BftProcessorExecutor-QBFT-0 | INFO  | QbftBesuControllerBuilder | Imported #314 / 0 tx / 0 pending / 0 (0.0%) gas / (0x848174c2a7ffba79abab710e6d304599fe7138a6a2a32b5106b554917e909497)
2026-10-07 22:54:36.236+00:00 | BftProcessorExecutor-QBFT-0 | INFO  | QbftBesuControllerBuilder | Imported #315 / 0 tx / 0 pending / 0 (0.0%) gas / (0x28e62dbde987a3e44aa883eb2a32d29460374ca1e485bc34c2da3b2b41601b89)
2026-10-07 22:54:38.826+00:00 | BftProcessorExecutor-QBFT-0 | INFO  | QbftBesuControllerBuilder | Imported #316 / 29 tx / 574 pending / 7,017,130 (0.0%) gas / (0xad5f10610727c59f520393fc419aa56eec0ae5faec0506507c62b25c5c311dc6)
2026-10-07 22:54:41.487+00:00 | BftProcessorExecutor-QBFT-0 | INFO  | QbftBesuControllerBuilder | Imported #317 / 75 tx / 1310 pending / 18,147,750 (0.0%) gas / (0x17ba57add258d6579262059d531e92ea6782bcad8a316fa5835b973b6c14010a)
2026-10-07 22:54:44.091+00:00 | BftProcessorExecutor-QBFT-0 | INFO  | QbftBesuControllerBuilder | Imported #318 / 122 tx / 2030 pending / 29,520,340 (0.0%) gas / (0xd81634be141c0b1a7e43aa1c3977d178aff07e68b1fe6ae667ccb9f4e62b6f91)
2026-10-07 22:54:46.750+00:00 | BftProcessorExecutor-QBFT-0 | INFO  | QbftBesuControllerBuilder | Produced #319 / 171 tx / 2748 pending / 41,376,870 (0.0%) gas / (0x93b0ea5a7a530db39f7837e7996c732ea068eb8205300fecbd5bc85054550780)
2026-10-07 22:54:50.451+00:00 | EthScheduler-Workers-0 | INFO  | PersistBlockTask | Block 320 (0x77962ccbdaef4811c27d33f23b4339306db4a450b331e1638c218a398d8a4540) is already imported
2026-10-07 22:54:50.455+00:00 | BftProcessorExecutor-QBFT-0 | INFO  | QbftBesuControllerBuilder | Imported #320 / 235 tx / 3775 pending / 56,862,950 (0.0%) gas / (0x77962ccbdaef4811c27d33f23b4339306db4a450b331e1638c218a398d8a4540)
2026-10-07 22:54:55.331+00:00 | BftProcessorExecutor-QBFT-0 | INFO  | QbftBesuControllerBuilder | Imported #321 / 324 tx / 5204 pending / 78,398,280 (0.0%) gas / (0x16ec41c509ecda951d8fd3d2188a91d78c418b06b5ebe22f4eba932fb95a4a5d)
2026-10-07 22:55:00.379+00:00 | BftProcessorExecutor-QBFT-0 | INFO  | QbftBesuControllerBuilder | Imported #322 / 341 tx / 6721 pending / 82,511,770 (0.0%) gas / (0xdf23e1bb39f624f48f6d053d3c768d8bcca452ae9a9968436ac8775a8ea98b19)
2026-10-07 22:55:05.506+00:00 | EthScheduler-Workers-0 | INFO  | PersistBlockTask | Block 323 (0x51858196dceab6b6d824063f1164a134c65f7be5dd05f4f4f5f5a8113fcd316c) is already imported
2026-10-07 22:55:05.514+00:00 | BftProcessorExecutor-QBFT-0 | INFO  | QbftBesuControllerBuilder | Imported #323 / 340 tx / 8563 pending / 82,269,800 (0.0%) gas / (0x51858196dceab6b6d824063f1164a134c65f7be5dd05f4f4f5f5a8113fcd316c)
2026-10-07 22:55:10.610+00:00 | BftProcessorExecutor-QBFT-0 | INFO  | QbftBesuControllerBuilder | Imported #324 / 340 tx / 10215 pending / 82,269,800 (0.0%) gas / (0xf4e98a23942cf724a1a548ecdbf867adcf999212c4f6907639b10af921e8eef5)
2026-10-07 22:55:15.739+00:00 | EthScheduler-Workers-0 | INFO  | PersistBlockTask | Block 325 (0x8d8b6e8a6d3682c9e0a22110fb25181d93e39f3a71a498d61021bc8b3f05791a) is already imported
2026-10-07 22:55:15.742+00:00 | BftProcessorExecutor-QBFT-0 | INFO  | QbftBesuControllerBuilder | Imported #325 / 346 tx / 11647 pending / 83,721,620 (0.0%) gas / (0x8d8b6e8a6d3682c9e0a22110fb25181d93e39f3a71a498d61021bc8b3f05791a)
2026-10-07 22:55:21.694+00:00 | BftProcessorExecutor-QBFT-0 | INFO  | QbftBesuControllerBuilder | Imported #326 / 343 tx / 13344 pending / 82,995,710 (0.0%) gas / (0x256b246bece779946c9658a2718555f81c0c49b50d46f836dc4f4cd6c92409ea)
2026-10-07 22:55:27.869+00:00 | BftProcessorExecutor-QBFT-0 | INFO  | QbftBesuControllerBuilder | Imported #327 / 339 tx / 13353 pending / 82,027,830 (0.0%) gas / (0x277407cc90c9b687c049d06d0a71b1e2924106c6bbb8e13e73aee8dc6ddc993e)
2026-10-07 22:55:35.892+00:00 | BftProcessorExecutor-QBFT-0 | INFO  | QbftBesuControllerBuilder | Imported #328 / 340 tx / 13039 pending / 82,269,800 (0.0%) gas / (0x82e3948d897341572be10425ef672be3c6c7231c357caeb42d96ec7c1b660141)
2026-10-07 22:55:41.048+00:00 | EthScheduler-Workers-0 | INFO  | PersistBlockTask | Block 329 (0xa805c40d014ff9588d4da027a537206c1ce95d19e09da27a98e74de904e4091e) is already imported
2026-10-07 22:55:41.051+00:00 | BftProcessorExecutor-QBFT-0 | INFO  | QbftBesuControllerBuilder | Imported #329 / 347 tx / 12692 pending / 83,963,590 (0.0%) gas / (0xa805c40d014ff9588d4da027a537206c1ce95d19e09da27a98e74de904e4091e)
2026-10-07 22:55:46.055+00:00 | EthScheduler-Workers-0 | INFO  | PersistBlockTask | Block 330 (0xa1b5067340f53f061a5485d3b64cde7952b6095077d5cb2543e5c6df7eb07ee4) is already imported
2026-10-07 22:55:46.060+00:00 | BftProcessorExecutor-QBFT-0 | INFO  | QbftBesuControllerBuilder | Imported #330 / 347 tx / 12345 pending / 83,963,590 (0.0%) gas / (0xa1b5067340f53f061a5485d3b64cde7952b6095077d5cb2543e5c6df7eb07ee4)
2026-10-07 22:55:51.036+00:00 | BftProcessorExecutor-QBFT-0 | INFO  | QbftBesuControllerBuilder | Imported #331 / 348 tx / 11997 pending / 84,205,560 (0.0%) gas / (0x9d6efc2cffeed5cfb1757f5649c85d6f9c815b149fe142896643927342b43258)
2026-10-07 22:55:56.089+00:00 | EthScheduler-Workers-0 | INFO  | PersistBlockTask | Block 332 (0x7c5aa3069124aaec9930b8c999d0756f4fd9392fb08096b1eefc3580641ddc20) is already imported
2026-10-07 22:55:56.095+00:00 | BftProcessorExecutor-QBFT-0 | INFO  | QbftBesuControllerBuilder | Imported #332 / 346 tx / 11651 pending / 83,721,620 (0.0%) gas / (0x7c5aa3069124aaec9930b8c999d0756f4fd9392fb08096b1eefc3580641ddc20)
2026-10-07 22:56:01.116+00:00 | EthScheduler-Workers-0 | INFO  | PersistBlockTask | Block 333 (0x9d246105a7d130bf07ff23cb71b98b299eddd1ea3fd5c677c4395017fd68e3f7) is already imported
2026-10-07 22:56:01.150+00:00 | BftProcessorExecutor-QBFT-0 | INFO  | QbftBesuControllerBuilder | Imported #333 / 331 tx / 11320 pending / 80,092,070 (0.0%) gas / (0x9d246105a7d130bf07ff23cb71b98b299eddd1ea3fd5c677c4395017fd68e3f7)
2026-10-07 22:56:02.653+00:00 | BftProcessorExecutor-QBFT-0 | WARN  | BlockTransactionSelector | Interrupting the selection of transactions for block inclusion as it exceeds the maximum configured duration of 1500ms
java.util.concurrent.TimeoutException
	at java.base/java.util.concurrent.CompletableFuture.timedGet(CompletableFuture.java:1960)
	at java.base/java.util.concurrent.CompletableFuture.get(CompletableFuture.java:2095)
	at org.hyperledger.besu.ethereum.blockcreation.txselection.BlockTransactionSelector.timeLimitedSelection(BlockTransactionSelector.java:186)
	at org.hyperledger.besu.ethereum.blockcreation.txselection.BlockTransactionSelector.buildTransactionListForBlock(BlockTransactionSelector.java:169)
	at org.hyperledger.besu.ethereum.blockcreation.AbstractBlockCreator.selectTransactions(AbstractBlockCreator.java:376)
	at org.hyperledger.besu.ethereum.blockcreation.AbstractBlockCreator.createBlock(AbstractBlockCreator.java:218)
	at org.hyperledger.besu.ethereum.blockcreation.AbstractBlockCreator.createBlock(AbstractBlockCreator.java:146)
	at org.hyperledger.besu.consensus.common.bft.blockcreation.BftBlockCreator.createBlock(BftBlockCreator.java:92)
	at org.hyperledger.besu.consensus.qbft.statemachine.QbftRound.createAndSendProposalMessage(QbftRound.java:137)
	at org.hyperledger.besu.consensus.qbft.statemachine.QbftBlockHeightManager.handleBlockTimerExpiry(QbftBlockHeightManager.java:140)
	at org.hyperledger.besu.consensus.common.bft.statemachine.BaseBftController.handleBlockTimerExpiry(BaseBftController.java:167)
	at org.hyperledger.besu.consensus.common.bft.EventMultiplexer.handleBftEvent(EventMultiplexer.java:65)
	at java.base/java.util.Optional.ifPresent(Optional.java:178)
	at org.hyperledger.besu.consensus.common.bft.BftProcessor.run(BftProcessor.java:65)
	at java.base/java.util.concurrent.ThreadPoolExecutor.runWorker(ThreadPoolExecutor.java:1144)
	at java.base/java.util.concurrent.ThreadPoolExecutor$Worker.run(ThreadPoolExecutor.java:642)
	at java.base/java.lang.Thread.run(Thread.java:1583)
2026-10-07 22:56:06.169+00:00 | BftProcessorExecutor-QBFT-0 | INFO  | QbftBesuControllerBuilder | Produced #334 / 346 tx / 10974 pending / 83,721,620 (0.0%) gas / (0x951685acaabed39afa008cb823cfb88cfc79123dca3080b38f870711deecf379)
2026-10-07 22:56:11.479+00:00 | BftProcessorExecutor-QBFT-0 | INFO  | QbftBesuControllerBuilder | Imported #335 / 346 tx / 10628 pending / 83,721,620 (0.0%) gas / (0x1b7d7b65ee65a9f5ccd593d1401dba89df29b8a42c0197c6541811821d65efa5)
2026-10-07 22:56:16.727+00:00 | BftProcessorExecutor-QBFT-0 | INFO  | QbftBesuControllerBuilder | Imported #336 / 346 tx / 10282 pending / 83,721,620 (0.0%) gas / (0xda04848b24ada7d191295043ae2a7c859c3817a96e329af482bbfd9038b06eb5)
2026-10-07 22:56:22.016+00:00 | EthScheduler-Workers-0 | INFO  | PersistBlockTask | Block 337 (0x23d35891c5bf3e6625525aa94f210703f4219c63fabd2579aff44793954eb674) is already imported
2026-10-07 22:56:22.022+00:00 | BftProcessorExecutor-QBFT-0 | INFO  | QbftBesuControllerBuilder | Imported #337 / 339 tx / 9943 pending / 82,027,830 (0.0%) gas / (0x23d35891c5bf3e6625525aa94f210703f4219c63fabd2579aff44793954eb674)
2026-10-07 22:56:27.184+00:00 | EthScheduler-Workers-0 | INFO  | PersistBlockTask | Block 338 (0x13e3c52fad737c757c5ed1b51bc27ee210f7a151dd25b8820ac0fc37b8855092) is already imported
2026-10-07 22:56:27.192+00:00 | BftProcessorExecutor-QBFT-0 | INFO  | QbftBesuControllerBuilder | Imported #338 / 343 tx / 9600 pending / 82,995,710 (0.0%) gas / (0x13e3c52fad737c757c5ed1b51bc27ee210f7a151dd25b8820ac0fc37b8855092)
2026-10-07 22:56:32.408+00:00 | EthScheduler-Workers-0 | INFO  | PersistBlockTask | Block 339 (0xf842662744f7c0b802ff1aced60255cfa0838a0ca395f15b8e37e100b9e58500) is already imported
2026-10-07 22:56:32.412+00:00 | BftProcessorExecutor-QBFT-0 | INFO  | QbftBesuControllerBuilder | Imported #339 / 343 tx / 9257 pending / 82,995,710 (0.0%) gas / (0xf842662744f7c0b802ff1aced60255cfa0838a0ca395f15b8e37e100b9e58500)
2026-10-07 22:56:37.634+00:00 | BftProcessorExecutor-QBFT-0 | INFO  | QbftBesuControllerBuilder | Imported #340 / 344 tx / 8913 pending / 83,237,680 (0.0%) gas / (0x3d49c12027482a88fe4d3da09bfabace5ccb834fcb80e98260a1b630c54706f5)
2026-10-07 22:56:44.215+00:00 | BftProcessorExecutor-QBFT-0 | INFO  | QbftBesuControllerBuilder | Imported #341 / 343 tx / 8570 pending / 82,995,710 (0.0%) gas / (0xf03444fa93d86f88a0c1ab5a65c19c83289aa5fa3f89dc175a98ec53315b5d80)
2026-10-07 22:56:50.093+00:00 | BftProcessorExecutor-QBFT-0 | INFO  | QbftBesuControllerBuilder | Imported #342 / 347 tx / 8223 pending / 83,963,590 (0.0%) gas / (0x294c0e38fcd08d4ae53576294a844252290641e0eb55826e19798779fc01e27a)
2026-10-07 22:56:56.095+00:00 | EthScheduler-Workers-0 | INFO  | PersistBlockTask | Block 343 (0x728a2b6e5ed6b15ab6581065b7044c920ebe565ef6849449ca37beb53f4e37de) is already imported
2026-10-07 22:56:56.103+00:00 | BftProcessorExecutor-QBFT-0 | INFO  | QbftBesuControllerBuilder | Imported #343 / 336 tx / 7887 pending / 81,301,920 (0.0%) gas / (0x728a2b6e5ed6b15ab6581065b7044c920ebe565ef6849449ca37beb53f4e37de)
2026-10-07 22:57:01.042+00:00 | BftProcessorExecutor-QBFT-0 | INFO  | QbftBesuControllerBuilder | Imported #344 / 343 tx / 7544 pending / 82,995,710 (0.0%) gas / (0x06f551c418c0b34fe521932fa1b6d980b96b0cb46ac46f884f13a5d1973a1f76)
2026-10-07 22:57:06.118+00:00 | BftProcessorExecutor-QBFT-0 | INFO  | QbftBesuControllerBuilder | Imported #345 / 347 tx / 7197 pending / 83,963,590 (0.0%) gas / (0x7722ff77e0fd1220d5020278fac4faefeb740b70f3a4b3c8e368427b3913ead5)
2026-10-07 22:57:11.057+00:00 | EthScheduler-Workers-0 | INFO  | PersistBlockTask | Block 346 (0x996baeb2ee79d7883d8fc038fda5fd90f2b204a327903e36bfbe434fb57880f7) is already imported
2026-10-07 22:57:11.060+00:00 | BftProcessorExecutor-QBFT-0 | INFO  | QbftBesuControllerBuilder | Imported #346 / 335 tx / 6862 pending / 81,059,950 (0.0%) gas / (0x996baeb2ee79d7883d8fc038fda5fd90f2b204a327903e36bfbe434fb57880f7)
2026-10-07 22:57:15.991+00:00 | BftProcessorExecutor-QBFT-0 | INFO  | QbftBesuControllerBuilder | Imported #347 / 343 tx / 6519 pending / 82,995,710 (0.0%) gas / (0xca93d3a9ad1554857921226c9433f97448a014132ea015538fbbae5595a299c8)
2026-10-07 22:57:21.124+00:00 | EthScheduler-Workers-0 | INFO  | PersistBlockTask | Block 348 (0x970802fcf140dc1de3a61a5cd578ed02155bd3fb5e79d7a124d1258472b71e3b) is already imported
2026-10-07 22:57:21.129+00:00 | BftProcessorExecutor-QBFT-0 | INFO  | QbftBesuControllerBuilder | Imported #348 / 346 tx / 6173 pending / 83,721,620 (0.0%) gas / (0x970802fcf140dc1de3a61a5cd578ed02155bd3fb5e79d7a124d1258472b71e3b)
2026-10-07 22:57:22.632+00:00 | BftProcessorExecutor-QBFT-0 | WARN  | BlockTransactionSelector | Interrupting the selection of transactions for block inclusion as it exceeds the maximum configured duration of 1500ms
java.util.concurrent.TimeoutException
	at java.base/java.util.concurrent.CompletableFuture.timedGet(CompletableFuture.java:1960)
	at java.base/java.util.concurrent.CompletableFuture.get(CompletableFuture.java:2095)
	at org.hyperledger.besu.ethereum.blockcreation.txselection.BlockTransactionSelector.timeLimitedSelection(BlockTransactionSelector.java:186)
	at org.hyperledger.besu.ethereum.blockcreation.txselection.BlockTransactionSelector.buildTransactionListForBlock(BlockTransactionSelector.java:169)
	at org.hyperledger.besu.ethereum.blockcreation.AbstractBlockCreator.selectTransactions(AbstractBlockCreator.java:376)
	at org.hyperledger.besu.ethereum.blockcreation.AbstractBlockCreator.createBlock(AbstractBlockCreator.java:218)
	at org.hyperledger.besu.ethereum.blockcreation.AbstractBlockCreator.createBlock(AbstractBlockCreator.java:146)
	at org.hyperledger.besu.consensus.common.bft.blockcreation.BftBlockCreator.createBlock(BftBlockCreator.java:92)
	at org.hyperledger.besu.consensus.qbft.statemachine.QbftRound.createAndSendProposalMessage(QbftRound.java:137)
	at org.hyperledger.besu.consensus.qbft.statemachine.QbftBlockHeightManager.handleBlockTimerExpiry(QbftBlockHeightManager.java:140)
	at org.hyperledger.besu.consensus.common.bft.statemachine.BaseBftController.handleBlockTimerExpiry(BaseBftController.java:167)
	at org.hyperledger.besu.consensus.common.bft.EventMultiplexer.handleBftEvent(EventMultiplexer.java:65)
	at java.base/java.util.Optional.ifPresent(Optional.java:178)
	at org.hyperledger.besu.consensus.common.bft.BftProcessor.run(BftProcessor.java:65)
	at java.base/java.util.concurrent.ThreadPoolExecutor.runWorker(ThreadPoolExecutor.java:1144)
	at java.base/java.util.concurrent.ThreadPoolExecutor$Worker.run(ThreadPoolExecutor.java:642)
	at java.base/java.lang.Thread.run(Thread.java:1583)
2026-10-07 22:57:26.234+00:00 | EthScheduler-Workers-0 | INFO  | PersistBlockTask | Block 349 (0xa853250a82a701a729673e08c068d7a13e008da0bb41c8309e9105c07a9e687a) is already imported
2026-10-07 22:57:26.236+00:00 | BftProcessorExecutor-QBFT-0 | INFO  | QbftBesuControllerBuilder | Produced #349 / 345 tx / 5828 pending / 83,479,650 (0.0%) gas / (0xa853250a82a701a729673e08c068d7a13e008da0bb41c8309e9105c07a9e687a)
2026-10-07 22:57:31.215+00:00 | BftProcessorExecutor-QBFT-0 | INFO  | QbftBesuControllerBuilder | Imported #350 / 331 tx / 5497 pending / 80,092,070 (0.0%) gas / (0x7788e82e35b5faa9ededc9b67394fa4c6b179420797b0a7bf7c584a42c74ec94)
2026-10-07 22:57:36.517+00:00 | EthScheduler-Workers-0 | INFO  | PersistBlockTask | Block 351 (0xf3da2dc5210bb77e4bd5d6308dc9bc3bfa6c7d90865c7d3ba7ee9455b3efec97) is already imported
2026-10-07 22:57:36.521+00:00 | BftProcessorExecutor-QBFT-0 | INFO  | QbftBesuControllerBuilder | Imported #351 / 348 tx / 5149 pending / 84,205,560 (0.0%) gas / (0xf3da2dc5210bb77e4bd5d6308dc9bc3bfa6c7d90865c7d3ba7ee9455b3efec97)
2026-10-07 22:57:41.521+00:00 | BftProcessorExecutor-QBFT-0 | INFO  | QbftBesuControllerBuilder | Imported #352 / 332 tx / 4817 pending / 80,334,040 (0.0%) gas / (0x31fe87d03d9415f6b80b68dabb0d0da1d7be4767fb18c3bc7890a4f883378b9b)
2026-10-07 22:57:46.560+00:00 | EthScheduler-Workers-0 | INFO  | PersistBlockTask | Block 353 (0x220d7275faebb17f4baaa0452b66edf7290b5a587020738794905fd64765b229) is already imported
2026-10-07 22:57:46.563+00:00 | BftProcessorExecutor-QBFT-0 | INFO  | QbftBesuControllerBuilder | Imported #353 / 333 tx / 4484 pending / 80,576,010 (0.0%) gas / (0x220d7275faebb17f4baaa0452b66edf7290b5a587020738794905fd64765b229)
2026-10-07 22:57:51.501+00:00 | BftProcessorExecutor-QBFT-0 | INFO  | QbftBesuControllerBuilder | Imported #354 / 326 tx / 4158 pending / 78,882,220 (0.0%) gas / (0x1e50f0080dd869c292fdc6bb79cc8210c22ce121388b0f6b49e85e79ca76e806)
2026-10-07 22:57:56.745+00:00 | EthScheduler-Workers-0 | INFO  | PersistBlockTask | Block 355 (0x3ea7197d4ef6df021abba06593119cc7a7a3eef9d6068d224e76824645bfa0bb) is already imported
2026-10-07 22:57:56.748+00:00 | BftProcessorExecutor-QBFT-0 | INFO  | QbftBesuControllerBuilder | Imported #355 / 347 tx / 3811 pending / 83,963,590 (0.0%) gas / (0x3ea7197d4ef6df021abba06593119cc7a7a3eef9d6068d224e76824645bfa0bb)
2026-10-07 22:58:02.765+00:00 | EthScheduler-Workers-0 | INFO  | PersistBlockTask | Block 356 (0xa9d6a65db3029d4bf58b419a114aadc6a73c2091ec2b92288326c0194d6a1419) is already imported
2026-10-07 22:58:02.769+00:00 | BftProcessorExecutor-QBFT-0 | INFO  | QbftBesuControllerBuilder | Imported #356 / 346 tx / 3465 pending / 83,721,620 (0.0%) gas / (0xa9d6a65db3029d4bf58b419a114aadc6a73c2091ec2b92288326c0194d6a1419)
2026-10-07 22:58:08.458+00:00 | BftProcessorExecutor-QBFT-0 | INFO  | QbftBesuControllerBuilder | Imported #357 / 337 tx / 3128 pending / 81,543,890 (0.0%) gas / (0x9e07e400029ed37e77f958dff7b35090821645b57b2d4474e32970c2b64c8cda)
2026-10-07 22:58:14.569+00:00 | BftProcessorExecutor-QBFT-0 | INFO  | QbftBesuControllerBuilder | Imported #358 / 350 tx / 2778 pending / 84,689,500 (0.0%) gas / (0x85001f3aa695b86ed8c86c008d6ffea2aa1ef8426988e9e5dd1166e6378ccbd6)
2026-10-07 22:58:19.562+00:00 | EthScheduler-Workers-0 | INFO  | PersistBlockTask | Block 359 (0x91028cc3d8406c70a1c46ff3be51d528fc091f45dca8ae6b87fb0714700b56c1) is already imported
2026-10-07 22:58:19.565+00:00 | BftProcessorExecutor-QBFT-0 | INFO  | QbftBesuControllerBuilder | Imported #359 / 344 tx / 2434 pending / 83,237,680 (0.0%) gas / (0x91028cc3d8406c70a1c46ff3be51d528fc091f45dca8ae6b87fb0714700b56c1)
2026-10-07 22:58:24.544+00:00 | EthScheduler-Workers-0 | INFO  | PersistBlockTask | Block 360 (0x1390e6a20d5ca4e055e854b51e5bdd2f60ef73e4f0dab20f118d7b8d4532a80c) is already imported
2026-10-07 22:58:24.547+00:00 | BftProcessorExecutor-QBFT-0 | INFO  | QbftBesuControllerBuilder | Imported #360 / 350 tx / 2084 pending / 84,689,500 (0.0%) gas / (0x1390e6a20d5ca4e055e854b51e5bdd2f60ef73e4f0dab20f118d7b8d4532a80c)
2026-10-07 22:58:29.628+00:00 | BftProcessorExecutor-QBFT-0 | INFO  | QbftBesuControllerBuilder | Imported #361 / 349 tx / 1735 pending / 84,447,530 (0.0%) gas / (0xab758e76229e75d6bad75df24d7517d508eacef5552c5b1c2c10549a0ce3fb1c)
2026-10-07 22:58:34.433+00:00 | BftProcessorExecutor-QBFT-0 | INFO  | QbftBesuControllerBuilder | Imported #362 / 334 tx / 1401 pending / 80,817,980 (0.0%) gas / (0x416301b89eea5bdce16b41b58c631c2ac7ec0322faa31dfef88aaafc1b24aab3)
2026-10-07 22:58:38.773+00:00 | BftProcessorExecutor-QBFT-0 | INFO  | QbftBesuControllerBuilder | Imported #363 / 299 tx / 1102 pending / 72,349,030 (0.0%) gas / (0x0ccd5357930946409c04b7764c7334b01cd00d8ded9a86190d95116b51f1b3ac)
2026-10-07 22:58:42.160+00:00 | BftProcessorExecutor-QBFT-0 | INFO  | QbftBesuControllerBuilder | Produced #364 / 228 tx / 874 pending / 55,169,160 (0.0%) gas / (0xf93c3fd3cc8be3bec3c5e9462909cb28a6e8225ca90cb90b75fd384265782347)
2026-10-07 22:58:45.077+00:00 | EthScheduler-Workers-0 | INFO  | PersistBlockTask | Block 365 (0xb6b6c5b97db74ef07fef14dd85b8b9e3953945d82d9d8c88cf18890028fcb3c6) is already imported
2026-10-07 22:58:45.079+00:00 | BftProcessorExecutor-QBFT-0 | INFO  | QbftBesuControllerBuilder | Imported #365 / 178 tx / 696 pending / 43,070,660 (0.0%) gas / (0xb6b6c5b97db74ef07fef14dd85b8b9e3953945d82d9d8c88cf18890028fcb3c6)
2026-10-07 22:58:46.356+00:00 | BftProcessorExecutor-QBFT-0 | INFO  | QbftBesuControllerBuilder | Imported #366 / 72 tx / 624 pending / 17,421,840 (0.0%) gas / (0x7e85731e0770173f04d6bf7916ae6693e890107c02a96e3af22a7c710bdaf3a8)
2026-10-07 22:58:46.356+00:00 | EthScheduler-Workers-0 | INFO  | PersistBlockTask | Block 366 (0x7e85731e0770173f04d6bf7916ae6693e890107c02a96e3af22a7c710bdaf3a8) is already imported
2026-10-07 22:58:48.567+00:00 | EthScheduler-Workers-0 | INFO  | PersistBlockTask | Block 367 (0xb9b74ae8cf42e33cd791c75742ea45c0cc2533cdb5cf5d4cb597b218ae8d3550) is already imported
2026-10-07 22:58:48.567+00:00 | BftProcessorExecutor-QBFT-0 | INFO  | QbftBesuControllerBuilder | Imported #367 / 78 tx / 546 pending / 18,873,660 (0.0%) gas / (0xb9b74ae8cf42e33cd791c75742ea45c0cc2533cdb5cf5d4cb597b218ae8d3550)
2026-10-07 22:58:50.410+00:00 | EthScheduler-Workers-0 | INFO  | PersistBlockTask | Block 368 (0x93353693f0607bd087bc7047a4abe05c09042a2fa78b064c926133bd624f2a91) is already imported
2026-10-07 22:58:50.410+00:00 | BftProcessorExecutor-QBFT-0 | INFO  | QbftBesuControllerBuilder | Imported #368 / 73 tx / 473 pending / 17,663,810 (0.0%) gas / (0x93353693f0607bd087bc7047a4abe05c09042a2fa78b064c926133bd624f2a91)
2026-10-07 22:58:52.521+00:00 | BftProcessorExecutor-QBFT-0 | INFO  | QbftBesuControllerBuilder | Imported #369 / 81 tx / 799 pending / 19,511,206 (0.0%) gas / (0x044dbeaddae6a55766854c210acdc1ad0d3fd8cd458ceef65a3de724404c3c20)
2026-10-07 22:58:54.314+00:00 | EthScheduler-Workers-0 | INFO  | PersistBlockTask | Block 370 (0xa459caeb393ff481d80fc84576c8b55f19061b633c2fa6441e79bb1644d7198c) is already imported
2026-10-07 22:58:54.315+00:00 | BftProcessorExecutor-QBFT-0 | INFO  | QbftBesuControllerBuilder | Imported #370 / 96 tx / 1270 pending / 19,341,588 (0.0%) gas / (0xa459caeb393ff481d80fc84576c8b55f19061b633c2fa6441e79bb1644d7198c)
2026-10-07 22:58:57.561+00:00 | BftProcessorExecutor-QBFT-0 | INFO  | QbftBesuControllerBuilder | Imported #371 / 144 tx / 2063 pending / 27,157,324 (0.0%) gas / (0x2a86cbf50d3e4992e9ef7b93eec907db0378a5d3a0c26bd6c87f767508da9e0d)
2026-10-07 22:59:00.916+00:00 | BftProcessorExecutor-QBFT-0 | INFO  | QbftBesuControllerBuilder | Imported #372 / 202 tx / 1977 pending / 36,862,492 (0.0%) gas / (0x9504f33867b3f1ff07eff934c32519dad76280469f2d118ccc2b8e5541c86818)
2026-10-07 22:59:07.039+00:00 | EthScheduler-Workers-0 | INFO  | PersistBlockTask | Block 373 (0xee9b00c363a603fc57148e031d0a6b2a48eebee2c72c43bbf19cb9997a6f6051) is already imported
2026-10-07 22:59:07.046+00:00 | BftProcessorExecutor-QBFT-0 | INFO  | QbftBesuControllerBuilder | Imported #373 / 199 tx / 1799 pending / 36,136,666 (0.0%) gas / (0xee9b00c363a603fc57148e031d0a6b2a48eebee2c72c43bbf19cb9997a6f6051)
2026-10-07 22:59:08.754+00:00 | EthScheduler-Workers-0 | INFO  | PersistBlockTask | Block 374 (0x08baf8f71eebd3fe0997cc23d9a2c86ca46f3ac0ecc8e98fe655daa79bf9e45f) is already imported
2026-10-07 22:59:08.756+00:00 | BftProcessorExecutor-QBFT-0 | INFO  | QbftBesuControllerBuilder | Imported #374 / 202 tx / 1597 pending / 36,685,984 (0.0%) gas / (0x08baf8f71eebd3fe0997cc23d9a2c86ca46f3ac0ecc8e98fe655daa79bf9e45f)
2026-10-07 22:59:10.612+00:00 | BftProcessorExecutor-QBFT-0 | INFO  | QbftBesuControllerBuilder | Imported #375 / 192 tx / 1405 pending / 34,266,376 (0.0%) gas / (0x61d39cc6acbc87339df3091c31f98940afe8ab8c8539459812097cc12a248c9a)
2026-10-07 22:59:12.362+00:00 | BftProcessorExecutor-QBFT-0 | INFO  | QbftBesuControllerBuilder | Imported #376 / 175 tx / 1230 pending / 30,152,782 (0.0%) gas / (0x9294a3118c52a7431c67c8fdd714dca8b55d99fb7c9cc8b219f8c7398deeac46)
2026-10-07 22:59:13.875+00:00 | BftProcessorExecutor-QBFT-0 | INFO  | QbftBesuControllerBuilder | Imported #377 / 137 tx / 1093 pending / 21,046,322 (0.0%) gas / (0x0f70119997f0dd0a0c57c0b370891c7315063b0b802ad3fa935aaa1e682efd4d)
2026-10-07 22:59:16.001+00:00 | EthScheduler-Workers-0 | INFO  | PersistBlockTask | Block 378 (0x7ca0832cc29d906927298028315fe011a3f9f530dfef5fb0a12f4fb66a61af61) is already imported
2026-10-07 22:59:16.003+00:00 | BftProcessorExecutor-QBFT-0 | INFO  | QbftBesuControllerBuilder | Imported #378 / 137 tx / 956 pending / 21,046,194 (0.0%) gas / (0x7ca0832cc29d906927298028315fe011a3f9f530dfef5fb0a12f4fb66a61af61)
2026-10-07 22:59:17.913+00:00 | BftProcessorExecutor-QBFT-0 | INFO  | QbftBesuControllerBuilder | Produced #379 / 136 tx / 820 pending / 20,892,396 (0.0%) gas / (0x3ddf1d103d4c3f7bd803765008f617c32cca826c85a2a43b0219a9feee3b4a2c)
2026-10-07 22:59:20.138+00:00 | BftProcessorExecutor-QBFT-0 | INFO  | QbftBesuControllerBuilder | Imported #380 / 136 tx / 684 pending / 20,892,560 (0.0%) gas / (0xaa328f4f664cd0f9c31711358221a0ae89f447871cd5f0bb765f40aa8a750e6c)
2026-10-07 22:59:22.047+00:00 | BftProcessorExecutor-QBFT-0 | INFO  | QbftBesuControllerBuilder | Imported #381 / 136 tx / 548 pending / 20,892,588 (0.0%) gas / (0x8d49cf23390b605921d6cd2c862b4afecd5a2633a8d1411e4cd79c9bf38a11b8)
2026-10-07 22:59:23.937+00:00 | EthScheduler-Workers-0 | INFO  | PersistBlockTask | Block 382 (0xc94eed211ae204fce34e186fa05c8859202578629f32f99dc39f29e04ad78f02) is already imported
2026-10-07 22:59:23.938+00:00 | BftProcessorExecutor-QBFT-0 | INFO  | QbftBesuControllerBuilder | Imported #382 / 136 tx / 412 pending / 20,892,512 (0.0%) gas / (0xc94eed211ae204fce34e186fa05c8859202578629f32f99dc39f29e04ad78f02)
2026-10-07 22:59:26.096+00:00 | BftProcessorExecutor-QBFT-0 | INFO  | QbftBesuControllerBuilder | Imported #383 / 136 tx / 276 pending / 20,892,580 (0.0%) gas / (0x18976ed1ccaf8a6aafc51451d07d4c975e9206ad4624d9f9fc3934a47e62d219)
2026-10-07 22:59:28.117+00:00 | BftProcessorExecutor-QBFT-0 | INFO  | QbftBesuControllerBuilder | Imported #384 / 135 tx / 141 pending / 20,739,134 (0.0%) gas / (0xce63854b16b1a0149f541131a3133f653f8399bd9e24051b028f0c0bf6a988ee)
2026-10-07 22:59:29.972+00:00 | BftProcessorExecutor-QBFT-0 | INFO  | QbftBesuControllerBuilder | Imported #385 / 92 tx / 49 pending / 14,133,192 (0.0%) gas / (0x7336d923df7999c72eb643d43b306652966963a67d2b6a41393926f4f5a64ffd)
2026-10-07 22:59:34.030+00:00 | BftProcessorExecutor-QBFT-0 | INFO  | QbftBesuControllerBuilder | Imported #386 / 49 tx / 0 pending / 7,527,534 (0.0%) gas / (0x3dc6affc483afd3883eb53acb07c6ef3b550280dc2f3f68417bd82ff84eae89b)
2026-10-07 22:59:34.855+00:00 | BftProcessorExecutor-QBFT-0 | INFO  | QbftBesuControllerBuilder | Imported #387 / 0 tx / 0 pending / 0 (0.0%) gas / (0xd11b390df402ce450043b8ff138dd325c4a8b85b057452d5f4868c7602ff8609)
2026-10-07 22:59:34.854+00:00 | EthScheduler-Workers-0 | INFO  | PersistBlockTask | Block 387 (0xd11b390df402ce450043b8ff138dd325c4a8b85b057452d5f4868c7602ff8609) is already imported
2026-10-07 22:59:36.476+00:00 | BftProcessorExecutor-QBFT-0 | INFO  | QbftBesuControllerBuilder | Imported #388 / 0 tx / 0 pending / 0 (0.0%) gas / (0xba489ef849cdb63a0b03e7073a358283696c80a7f2867480aa5f56b4ea23f012)
2026-10-07 22:59:38.245+00:00 | BftProcessorExecutor-QBFT-0 | INFO  | QbftBesuControllerBuilder | Imported #389 / 0 tx / 0 pending / 0 (0.0%) gas / (0x80ddff8540eb1f07c987eb2f5981faf73fcf746a247635b4d25c07b3bc5c1c7b)
2026-10-07 22:59:40.247+00:00 | BftProcessorExecutor-QBFT-0 | INFO  | QbftBesuControllerBuilder | Imported #390 / 0 tx / 0 pending / 0 (0.0%) gas / (0x1699deea167826814efa5c653159b0d2aea52de0bf9ee0b779d1202f5f1d31c4)
2026-10-07 22:59:42.252+00:00 | BftProcessorExecutor-QBFT-0 | INFO  | QbftBesuControllerBuilder | Imported #391 / 0 tx / 0 pending / 0 (0.0%) gas / (0x78c92c31c91eba06fca669040954240d63649729480c0c35a61739fd33a07a8c)
2026-10-07 22:59:44.246+00:00 | BftProcessorExecutor-QBFT-0 | INFO  | QbftBesuControllerBuilder | Imported #392 / 0 tx / 0 pending / 0 (0.0%) gas / (0xac8b2f5d1f75a4a265e2e3eb2951d893bdc5db464778e4dc6717bd0eba32cb6f)
2026-10-07 22:59:46.253+00:00 | BftProcessorExecutor-QBFT-0 | INFO  | QbftBesuControllerBuilder | Imported #393 / 0 tx / 0 pending / 0 (0.0%) gas / (0xda06430294bab82c8503617e3fb7357572f1848a094aef1db9ee701ea843e0c6)
2026-10-07 22:59:48.241+00:00 | BftProcessorExecutor-QBFT-0 | INFO  | QbftBesuControllerBuilder | Produced #394 / 0 tx / 0 pending / 0 (0.0%) gas / (0x8bb9a549ccc9e60f294dd8e9f9908af86f99cefd505693e15d429703665e3f87)
2026-10-07 22:59:50.335+00:00 | BftProcessorExecutor-QBFT-0 | INFO  | QbftBesuControllerBuilder | Imported #395 / 0 tx / 0 pending / 0 (0.0%) gas / (0xc19c9819a715437ce39d2d95f9d9c9decc4e6895df4e25390d7f4ce9bbedb491)
2026-10-07 22:59:52.336+00:00 | BftProcessorExecutor-QBFT-0 | INFO  | QbftBesuControllerBuilder | Imported #396 / 0 tx / 0 pending / 0 (0.0%) gas / (0x098cda96f41dc8c9d3a856404c441d6f8e68161381a5fb452cb4249ad6b9802d)
2026-10-07 22:59:54.327+00:00 | BftProcessorExecutor-QBFT-0 | INFO  | QbftBesuControllerBuilder | Imported #397 / 0 tx / 0 pending / 0 (0.0%) gas / (0xb9889ce3573f48f4ada7a319f407f340b4e16241998d7e115594be7bbaab49fd)
2026-10-07 22:59:56.338+00:00 | BftProcessorExecutor-QBFT-0 | INFO  | QbftBesuControllerBuilder | Imported #398 / 0 tx / 0 pending / 0 (0.0%) gas / (0xcce0637ea975a26baa50b7af357949428c28bd03a7f4c06b14157bcb2ae48f75)
2026-10-07 22:59:56.340+00:00 | EthScheduler-Workers-0 | INFO  | PersistBlockTask | Block 398 (0xcce0637ea975a26baa50b7af357949428c28bd03a7f4c06b14157bcb2ae48f75) is already imported
2026-10-07 22:59:58.343+00:00 | BftProcessorExecutor-QBFT-0 | INFO  | QbftBesuControllerBuilder | Imported #399 / 0 tx / 0 pending / 0 (0.0%) gas / (0xede5a05d87429fe5ec967ec5dd2f9f8a8d8ec8a985fe09577b9167c6aa9c6bd1)
2026-10-07 22:59:58.345+00:00 | EthScheduler-Workers-0 | INFO  | PersistBlockTask | Block 399 (0xede5a05d87429fe5ec967ec5dd2f9f8a8d8ec8a985fe09577b9167c6aa9c6bd1) is already imported
2026-10-07 23:00:00.313+00:00 | BftProcessorExecutor-QBFT-0 | INFO  | QbftBesuControllerBuilder | Imported #400 / 0 tx / 0 pending / 0 (0.0%) gas / (0x0847fc4d5d725926b218d86c9049da4cadfec6fc3010a6b2fded0793b66f21c3)
2026-10-07 23:00:02.428+00:00 | BftProcessorExecutor-QBFT-0 | INFO  | QbftBesuControllerBuilder | Imported #401 / 0 tx / 0 pending / 0 (0.0%) gas / (0x1215326bf2dfa9a2c5fb629451b4090a119963236235ca8ceabedd2b86066628)
2026-10-07 23:00:04.460+00:00 | BftProcessorExecutor-QBFT-0 | INFO  | QbftBesuControllerBuilder | Imported #402 / 0 tx / 0 pending / 0 (0.0%) gas / (0xbd97a03057b891ba1e54e0545596d837cd25c0609c4a9c231d3913717922d4cd)
2026-10-07 23:00:06.456+00:00 | BftProcessorExecutor-QBFT-0 | INFO  | QbftBesuControllerBuilder | Imported #403 / 0 tx / 0 pending / 0 (0.0%) gas / (0x14bd15bda18830aec2da0f35b8c0b2de176278946a5d570084a7a5327ef59dbc)
2026-10-07 23:00:08.234+00:00 | BftProcessorExecutor-QBFT-0 | INFO  | QbftBesuControllerBuilder | Imported #404 / 0 tx / 0 pending / 0 (0.0%) gas / (0xc862a8ab05e1ad3c56c08cf9176eb83381c86162f0b0bb58e77ac9742d59b894)
2026-10-07 23:00:10.241+00:00 | BftProcessorExecutor-QBFT-0 | INFO  | QbftBesuControllerBuilder | Imported #405 / 0 tx / 0 pending / 0 (0.0%) gas / (0x86d253554b052314aede3f520bca672e2b4a38b07c2d2b1b19267d3525f96c89)
2026-10-07 23:00:12.247+00:00 | BftProcessorExecutor-QBFT-0 | INFO  | QbftBesuControllerBuilder | Imported #406 / 0 tx / 0 pending / 0 (0.0%) gas / (0xa5af9d1bf8e1bdaaaabadc453fccfdfbc4e653579b29f1cc4058e76f29d62689)
2026-10-07 23:00:14.241+00:00 | BftProcessorExecutor-QBFT-0 | INFO  | QbftBesuControllerBuilder | Imported #407 / 0 tx / 0 pending / 0 (0.0%) gas / (0x799a4ec95029a9672e3c50c387273681630820d4c7de2ca477bfa9e720fa0fe9)
2026-10-07 23:00:16.245+00:00 | BftProcessorExecutor-QBFT-0 | INFO  | QbftBesuControllerBuilder | Imported #408 / 0 tx / 0 pending / 0 (0.0%) gas / (0xaae998c02f602cb084182ffdc20015234a03f5b22fa3872e4a0437b3a16f56aa)
2026-10-07 23:00:16.248+00:00 | EthScheduler-Workers-0 | INFO  | PersistBlockTask | Block 408 (0xaae998c02f602cb084182ffdc20015234a03f5b22fa3872e4a0437b3a16f56aa) is already imported
2026-10-07 23:00:18.244+00:00 | BftProcessorExecutor-QBFT-0 | INFO  | QbftBesuControllerBuilder | Produced #409 / 0 tx / 0 pending / 0 (0.0%) gas / (0x5dceb0a7a9ba1c0fbe0e2c2e0bb1de1b789313036c1fac9f8da9b2c2dbd435c9)
2026-10-07 23:00:20.328+00:00 | BftProcessorExecutor-QBFT-0 | INFO  | QbftBesuControllerBuilder | Imported #410 / 0 tx / 0 pending / 0 (0.0%) gas / (0x2a8d1bbd94e74b8b441cd293e50e09c91133d1d0e70c990a257eaddf0c0bf149)
2026-10-07 23:00:22.311+00:00 | BftProcessorExecutor-QBFT-0 | INFO  | QbftBesuControllerBuilder | Imported #411 / 0 tx / 0 pending / 0 (0.0%) gas / (0x8825bb8a118edfcbda01c561e72d7a4b57ff9aedb79cad9235b0dfc40eba0674)
2026-10-07 23:00:24.321+00:00 | BftProcessorExecutor-QBFT-0 | INFO  | QbftBesuControllerBuilder | Imported #412 / 0 tx / 0 pending / 0 (0.0%) gas / (0x8e45007e071fae28896d369103fb43e0c61c0b3ee4871c6b063e7f670c5b9145)
2026-10-07 23:00:24.326+00:00 | EthScheduler-Workers-0 | INFO  | PersistBlockTask | Block 412 (0x8e45007e071fae28896d369103fb43e0c61c0b3ee4871c6b063e7f670c5b9145) is already imported
2026-10-07 23:00:26.317+00:00 | BftProcessorExecutor-QBFT-0 | INFO  | QbftBesuControllerBuilder | Imported #413 / 0 tx / 0 pending / 0 (0.0%) gas / (0xebf3adf0d5295b3bb5012401e6a7c49e4b62acea050fa0a626cfc11923cb5bfc)
2026-10-07 23:00:28.332+00:00 | BftProcessorExecutor-QBFT-0 | INFO  | QbftBesuControllerBuilder | Imported #414 / 0 tx / 0 pending / 0 (0.0%) gas / (0x11ad6a5a6bb797ce8aa21a23cb6219cca49ba3f80f0d9938df000dc5ab00ef8b)
2026-10-07 23:00:30.326+00:00 | BftProcessorExecutor-QBFT-0 | INFO  | QbftBesuControllerBuilder | Imported #415 / 0 tx / 0 pending / 0 (0.0%) gas / (0x61e556a1275aa2fde454b3483019088d8277b22a81bfd70c752032320eff3783)
2026-10-07 23:00:32.495+00:00 | BftProcessorExecutor-QBFT-0 | INFO  | QbftBesuControllerBuilder | Imported #416 / 0 tx / 0 pending / 0 (0.0%) gas / (0xf156c23610e012040b3b72bdcea4155d798d0abd86f93ac2e30244df35b0f788)
2026-10-07 23:00:34.476+00:00 | BftProcessorExecutor-QBFT-0 | INFO  | QbftBesuControllerBuilder | Imported #417 / 0 tx / 0 pending / 0 (0.0%) gas / (0xb13df518cea39c902eb9bf7a89efba60e19af3d1332c5ec9e774c95dae11a8be)
2026-10-07 23:00:36.451+00:00 | BftProcessorExecutor-QBFT-0 | INFO  | QbftBesuControllerBuilder | Imported #418 / 0 tx / 0 pending / 0 (0.0%) gas / (0x8242eca5f318db858cf9c931202f12b7a0350cba6aa232d48264eaeb9701ae41)
2026-10-07 23:00:38.239+00:00 | BftProcessorExecutor-QBFT-0 | INFO  | QbftBesuControllerBuilder | Imported #419 / 0 tx / 0 pending / 0 (0.0%) gas / (0xc952507d23a783041a8966a8e45a2a6e2c794ae0add15f7d5ca74a6ae222375c)
2026-10-07 23:00:40.247+00:00 | BftProcessorExecutor-QBFT-0 | INFO  | QbftBesuControllerBuilder | Imported #420 / 0 tx / 0 pending / 0 (0.0%) gas / (0x7dab94dfb9d99953a09c0b363236b2696a3fcb77dcbf1bc3583d8cab6541153c)
2026-10-07 23:00:42.240+00:00 | BftProcessorExecutor-QBFT-0 | INFO  | QbftBesuControllerBuilder | Imported #421 / 0 tx / 0 pending / 0 (0.0%) gas / (0xf94c0c79ef87f46736e80d55b38d601cd0f74e24bbe706dd76c330d8755538ed)
2026-10-07 23:00:44.252+00:00 | BftProcessorExecutor-QBFT-0 | INFO  | QbftBesuControllerBuilder | Imported #422 / 0 tx / 0 pending / 0 (0.0%) gas / (0x6b8bb9e53b0cd9ff1fd07084157b0a5673298ecf57b48bcec5ed5ac78d288655)
2026-10-07 23:00:46.238+00:00 | BftProcessorExecutor-QBFT-0 | INFO  | QbftBesuControllerBuilder | Imported #423 / 0 tx / 0 pending / 0 (0.0%) gas / (0xb9d001c777c8c4bc514e457d6edce90883bafc4f33a47a1c467790f0a28d526a)
2026-10-07 23:00:48.241+00:00 | BftProcessorExecutor-QBFT-0 | INFO  | QbftBesuControllerBuilder | Produced #424 / 0 tx / 0 pending / 0 (0.0%) gas / (0x102f04a43a203083c6736f00a9e0b5ddf56391cd5a695e139a6f81e0c286cfb2)
2026-10-07 23:00:50.325+00:00 | BftProcessorExecutor-QBFT-0 | INFO  | QbftBesuControllerBuilder | Imported #425 / 0 tx / 0 pending / 0 (0.0%) gas / (0x06c26eb3754ce9009ce796c835e9ac9e8d2a98398eb039fcceabb9a1b0428ba8)
2026-10-07 23:00:52.319+00:00 | BftProcessorExecutor-QBFT-0 | INFO  | QbftBesuControllerBuilder | Imported #426 / 0 tx / 0 pending / 0 (0.0%) gas / (0x98350360eb13a2df9266220da657aaff9e392935e52c751b495808405bbbc935)
2026-10-07 23:00:54.320+00:00 | BftProcessorExecutor-QBFT-0 | INFO  | QbftBesuControllerBuilder | Imported #427 / 0 tx / 0 pending / 0 (0.0%) gas / (0x7fa846f654e90037dce678fd58f240ca66690cab7aa0173ea4c9d0695a59c6f6)
2026-10-07 23:00:56.331+00:00 | BftProcessorExecutor-QBFT-0 | INFO  | QbftBesuControllerBuilder | Imported #428 / 0 tx / 0 pending / 0 (0.0%) gas / (0x17d5d7245de6cc66ae4e4d56ffe368d77e38857d4cfc3859ca1f1e6bfef21542)
2026-10-07 23:00:58.318+00:00 | BftProcessorExecutor-QBFT-0 | INFO  | QbftBesuControllerBuilder | Imported #429 / 0 tx / 0 pending / 0 (0.0%) gas / (0x857db587bdc9742f2d01cee231b69f0878a99f35f712facbf7f53508d2094bad)
2026-10-07 23:01:00.311+00:00 | BftProcessorExecutor-QBFT-0 | INFO  | QbftBesuControllerBuilder | Imported #430 / 0 tx / 0 pending / 0 (0.0%) gas / (0x3520a4beeda613e10a0301d7c88e54a3f9aa9021895c4b2a50cc6aa3f75ae4a3)
2026-10-07 23:01:02.487+00:00 | BftProcessorExecutor-QBFT-0 | INFO  | QbftBesuControllerBuilder | Imported #431 / 0 tx / 0 pending / 0 (0.0%) gas / (0xe6ab1f2897bf33c90927c4806149937c5a13b5b4416e76e283e87ae32e388df9)
2026-10-07 23:01:04.483+00:00 | BftProcessorExecutor-QBFT-0 | INFO  | QbftBesuControllerBuilder | Imported #432 / 0 tx / 0 pending / 0 (0.0%) gas / (0x124d48c88a8502592814208053d9231c5bbd4186d59c9b638b983b900f249c74)
2026-10-07 23:01:06.475+00:00 | BftProcessorExecutor-QBFT-0 | INFO  | QbftBesuControllerBuilder | Imported #433 / 0 tx / 0 pending / 0 (0.0%) gas / (0x9eb1657d77e6b8a5c5d83db8b88291c4fe00a144a872df59465e47ce5c0c69e3)
2026-10-07 23:01:08.231+00:00 | BftProcessorExecutor-QBFT-0 | INFO  | QbftBesuControllerBuilder | Imported #434 / 0 tx / 0 pending / 0 (0.0%) gas / (0x1a4c88a2135f96d80650770fead3006caf613c6a5c972a9ec03a77412972b536)
2026-10-07 23:01:10.477+00:00 | EthScheduler-Workers-0 | INFO  | PersistBlockTask | Block 435 (0x7d639e3fd25a9054c9b7e3eebb7d4547ca6e9f00a15bef9396e2e0ab3c7891ff) is already imported
2026-10-07 23:01:10.477+00:00 | BftProcessorExecutor-QBFT-0 | INFO  | QbftBesuControllerBuilder | Imported #435 / 6 tx / 173 pending / 1,451,820 (0.0%) gas / (0x7d639e3fd25a9054c9b7e3eebb7d4547ca6e9f00a15bef9396e2e0ab3c7891ff)
2026-10-07 23:01:13.106+00:00 | EthScheduler-Workers-0 | INFO  | PersistBlockTask | Block 436 (0x56655256728a7ac037f30840900eae57ca7092bd06843c055ce993348ca5b58a) is already imported
2026-10-07 23:01:13.107+00:00 | BftProcessorExecutor-QBFT-0 | INFO  | QbftBesuControllerBuilder | Imported #436 / 48 tx / 892 pending / 11,614,560 (0.0%) gas / (0x56655256728a7ac037f30840900eae57ca7092bd06843c055ce993348ca5b58a)
2026-10-07 23:01:15.681+00:00 | EthScheduler-Workers-0 | INFO  | PersistBlockTask | Block 437 (0x978f3470023f537685ab45210b64a3606c8a7d1249448492099d600b543e6fbf) is already imported
2026-10-07 23:01:15.683+00:00 | BftProcessorExecutor-QBFT-0 | INFO  | QbftBesuControllerBuilder | Imported #437 / 92 tx / 1568 pending / 22,261,240 (0.0%) gas / (0x978f3470023f537685ab45210b64a3606c8a7d1249448492099d600b543e6fbf)
2026-10-07 23:01:18.301+00:00 | EthScheduler-Workers-0 | INFO  | PersistBlockTask | Block 438 (0x1a3a26211466f71b8d5e2e2300210fdcef74937f23c38e6189047be8c3483fbe) is already imported
2026-10-07 23:01:18.304+00:00 | BftProcessorExecutor-QBFT-0 | INFO  | QbftBesuControllerBuilder | Imported #438 / 137 tx / 2295 pending / 33,149,890 (0.0%) gas / (0x1a3a26211466f71b8d5e2e2300210fdcef74937f23c38e6189047be8c3483fbe)
2026-10-07 23:01:21.306+00:00 | EthScheduler-Workers-0 | INFO  | PersistBlockTask | Block 439 (0x93f22ea7d4820e9d5c73a10d99748112521367eed19137cb8956953252810c3f) is already imported
2026-10-07 23:01:21.309+00:00 | BftProcessorExecutor-QBFT-0 | INFO  | QbftBesuControllerBuilder | Produced #439 / 192 tx / 3103 pending / 46,458,240 (0.0%) gas / (0x93f22ea7d4820e9d5c73a10d99748112521367eed19137cb8956953252810c3f)
2026-10-07 23:01:25.406+00:00 | BftProcessorExecutor-QBFT-0 | INFO  | QbftBesuControllerBuilder | Imported #440 / 264 tx / 4324 pending / 63,880,080 (0.0%) gas / (0xdb3bcd05483963b8f470768e6a33fad0600e4c88d3c91bf6f93ba166af6ecb19)
2026-10-07 23:01:30.429+00:00 | EthScheduler-Workers-0 | INFO  | PersistBlockTask | Block 441 (0xf185c137155e0ef36f3bd38bd7c97d3d7bd3ac2cf40862083a586f93c0ee52ab) is already imported
2026-10-07 23:01:30.434+00:00 | BftProcessorExecutor-QBFT-0 | INFO  | QbftBesuControllerBuilder | Imported #441 / 326 tx / 5678 pending / 78,882,220 (0.0%) gas / (0xf185c137155e0ef36f3bd38bd7c97d3d7bd3ac2cf40862083a586f93c0ee52ab)
2026-10-07 23:01:35.257+00:00 | BftProcessorExecutor-QBFT-0 | INFO  | QbftBesuControllerBuilder | Imported #442 / 321 tx / 7302 pending / 77,672,370 (0.0%) gas / (0x0e47428d25f5538f7a920763a17e2bbce1ef0445dedcc794e2e2a2e441a7a9e4)
2026-10-07 23:01:40.234+00:00 | BftProcessorExecutor-QBFT-0 | INFO  | QbftBesuControllerBuilder | Imported #443 / 337 tx / 8750 pending / 81,543,890 (0.0%) gas / (0x4f600764cbd1fd382f1cfdc011c13af419b5f674f52413379c74a4355672fc86)
2026-10-07 23:01:45.302+00:00 | BftProcessorExecutor-QBFT-0 | INFO  | QbftBesuControllerBuilder | Imported #444 / 335 tx / 10166 pending / 81,059,950 (0.0%) gas / (0xdcc13f7b6ae2fab0e8bbb1698a6060f6350f3ab726c4f39779b01dd34abcb44a)
2026-10-07 23:01:50.406+00:00 | EthScheduler-Workers-0 | INFO  | PersistBlockTask | Block 445 (0xcc6806bfb56fd871a0121317939985a1910584e79b3502e41e1f76d5192a6ee2) is already imported
2026-10-07 23:01:50.411+00:00 | BftProcessorExecutor-QBFT-0 | INFO  | QbftBesuControllerBuilder | Imported #445 / 343 tx / 11643 pending / 82,995,710 (0.0%) gas / (0xcc6806bfb56fd871a0121317939985a1910584e79b3502e41e1f76d5192a6ee2)
2026-10-07 23:02:01.104+00:00 | EthScheduler-Workers-0 | INFO  | PersistBlockTask | Block 446 (0xcaaa6120a75b76e9062aa118f301eb43f56b77eb59530d69dca606859baf4213) is already imported
2026-10-07 23:02:01.108+00:00 | BftProcessorExecutor-QBFT-0 | INFO  | QbftBesuControllerBuilder | Imported #446 / 340 tx / 13479 pending / 82,269,800 (0.0%) gas / (0xcaaa6120a75b76e9062aa118f301eb43f56b77eb59530d69dca606859baf4213)
2026-10-07 23:02:07.358+00:00 | EthScheduler-Workers-0 | INFO  | PersistBlockTask | Block 447 (0xdb6cb288b709c6c7eb736ee7b30737876688a61860f3b0d880c3a82b23807e63) is already imported
2026-10-07 23:02:07.361+00:00 | BftProcessorExecutor-QBFT-0 | INFO  | QbftBesuControllerBuilder | Imported #447 / 342 tx / 13301 pending / 82,753,740 (0.0%) gas / (0xdb6cb288b709c6c7eb736ee7b30737876688a61860f3b0d880c3a82b23807e63)
2026-10-07 23:02:13.315+00:00 | BftProcessorExecutor-QBFT-0 | INFO  | QbftBesuControllerBuilder | Imported #448 / 345 tx / 12956 pending / 83,479,650 (0.0%) gas / (0x8ccde5e8608d57f6b2188959a9184c18cefa2fc507955c6f588aab128f40dc22)
2026-10-07 23:02:18.276+00:00 | BftProcessorExecutor-QBFT-0 | INFO  | QbftBesuControllerBuilder | Imported #449 / 348 tx / 12608 pending / 84,205,560 (0.0%) gas / (0xd58916cc1e8225c57f30b168ffbc300d63af22874683a1c047d70e6f1f2d3c48)
2026-10-07 23:02:23.056+00:00 | BftProcessorExecutor-QBFT-0 | INFO  | QbftBesuControllerBuilder | Imported #450 / 324 tx / 12284 pending / 78,398,280 (0.0%) gas / (0xd98715c40242f97ea242a347e9ec203549f0de692df89cdd20daca5bfba5eca8)
2026-10-07 23:02:28.056+00:00 | BftProcessorExecutor-QBFT-0 | INFO  | QbftBesuControllerBuilder | Imported #451 / 345 tx / 11939 pending / 83,479,650 (0.0%) gas / (0x768f6624c6168a5f411f2751082344a57225a0579e0d6769a8a51912c914fe28)
2026-10-07 23:02:32.860+00:00 | BftProcessorExecutor-QBFT-0 | INFO  | QbftBesuControllerBuilder | Imported #452 / 325 tx / 11614 pending / 78,640,250 (0.0%) gas / (0x423b25e25fedee943d8b80b007c92ae72579cfb8d13cba3c2d06b6925b564dec)
2026-10-07 23:02:37.923+00:00 | BftProcessorExecutor-QBFT-0 | INFO  | QbftBesuControllerBuilder | Imported #453 / 345 tx / 11269 pending / 83,479,650 (0.0%) gas / (0x74a4855d341a2a0b6b2e914d59532a38cf92a7fdbc89a18b4b6fd02166a6923b)
2026-10-07 23:02:39.428+00:00 | BftProcessorExecutor-QBFT-0 | WARN  | BlockTransactionSelector | Interrupting the selection of transactions for block inclusion as it exceeds the maximum configured duration of 1500ms
java.util.concurrent.TimeoutException
	at java.base/java.util.concurrent.CompletableFuture.timedGet(CompletableFuture.java:1960)
	at java.base/java.util.concurrent.CompletableFuture.get(CompletableFuture.java:2095)
	at org.hyperledger.besu.ethereum.blockcreation.txselection.BlockTransactionSelector.timeLimitedSelection(BlockTransactionSelector.java:186)
	at org.hyperledger.besu.ethereum.blockcreation.txselection.BlockTransactionSelector.buildTransactionListForBlock(BlockTransactionSelector.java:169)
	at org.hyperledger.besu.ethereum.blockcreation.AbstractBlockCreator.selectTransactions(AbstractBlockCreator.java:376)
	at org.hyperledger.besu.ethereum.blockcreation.AbstractBlockCreator.createBlock(AbstractBlockCreator.java:218)
	at org.hyperledger.besu.ethereum.blockcreation.AbstractBlockCreator.createBlock(AbstractBlockCreator.java:146)
	at org.hyperledger.besu.consensus.common.bft.blockcreation.BftBlockCreator.createBlock(BftBlockCreator.java:92)
	at org.hyperledger.besu.consensus.qbft.statemachine.QbftRound.createAndSendProposalMessage(QbftRound.java:137)
	at org.hyperledger.besu.consensus.qbft.statemachine.QbftBlockHeightManager.handleBlockTimerExpiry(QbftBlockHeightManager.java:140)
	at org.hyperledger.besu.consensus.common.bft.statemachine.BaseBftController.handleBlockTimerExpiry(BaseBftController.java:167)
	at org.hyperledger.besu.consensus.common.bft.EventMultiplexer.handleBftEvent(EventMultiplexer.java:65)
	at java.base/java.util.Optional.ifPresent(Optional.java:178)
	at org.hyperledger.besu.consensus.common.bft.BftProcessor.run(BftProcessor.java:65)
	at java.base/java.util.concurrent.ThreadPoolExecutor.runWorker(ThreadPoolExecutor.java:1144)
	at java.base/java.util.concurrent.ThreadPoolExecutor$Worker.run(ThreadPoolExecutor.java:642)
	at java.base/java.lang.Thread.run(Thread.java:1583)
2026-10-07 23:02:42.951+00:00 | EthScheduler-Workers-0 | INFO  | PersistBlockTask | Block 454 (0x35e42ac360d6bb3b4ae80f94fa4b2e0a1efac1200b639342440baaa4c31d01bb) is already imported
2026-10-07 23:02:42.953+00:00 | BftProcessorExecutor-QBFT-0 | INFO  | QbftBesuControllerBuilder | Produced #454 / 338 tx / 10931 pending / 81,785,860 (0.0%) gas / (0x35e42ac360d6bb3b4ae80f94fa4b2e0a1efac1200b639342440baaa4c31d01bb)
2026-10-07 23:02:48.089+00:00 | EthScheduler-Workers-0 | INFO  | PersistBlockTask | Block 455 (0x981827399062b821817f579868fe6f67b6ca770cfd5c0563ca4e8cef772aed52) is already imported
2026-10-07 23:02:48.098+00:00 | BftProcessorExecutor-QBFT-0 | INFO  | QbftBesuControllerBuilder | Imported #455 / 345 tx / 10586 pending / 83,479,650 (0.0%) gas / (0x981827399062b821817f579868fe6f67b6ca770cfd5c0563ca4e8cef772aed52)
2026-10-07 23:02:53.396+00:00 | EthScheduler-Workers-0 | INFO  | PersistBlockTask | Block 456 (0xcb39287bc736b2248dcaf2702022cbda982f4bbe93e0876e34652abe8551abbb) is already imported
2026-10-07 23:02:53.402+00:00 | BftProcessorExecutor-QBFT-0 | INFO  | QbftBesuControllerBuilder | Imported #456 / 343 tx / 10243 pending / 82,995,710 (0.0%) gas / (0xcb39287bc736b2248dcaf2702022cbda982f4bbe93e0876e34652abe8551abbb)
2026-10-07 23:02:58.466+00:00 | BftProcessorExecutor-QBFT-0 | INFO  | QbftBesuControllerBuilder | Imported #457 / 341 tx / 9902 pending / 82,511,770 (0.0%) gas / (0x475f27b91b16c73df9eb4c647268284cb485fb00a5824689b02991ba3d3a20ed)
2026-10-07 23:03:03.682+00:00 | BftProcessorExecutor-QBFT-0 | INFO  | QbftBesuControllerBuilder | Imported #458 / 345 tx / 9557 pending / 83,479,650 (0.0%) gas / (0x909cde45087b90e23a559c211a2dc816600f3c2874ffca631a23f5bf910d8248)
2026-10-07 23:03:08.962+00:00 | EthScheduler-Workers-0 | INFO  | PersistBlockTask | Block 459 (0xe288ed16a3ab15abf85e247e73337ae5239a90261cef313a0068f1ab5e57b567) is already imported
2026-10-07 23:03:08.968+00:00 | BftProcessorExecutor-QBFT-0 | INFO  | QbftBesuControllerBuilder | Imported #459 / 342 tx / 9215 pending / 82,753,740 (0.0%) gas / (0xe288ed16a3ab15abf85e247e73337ae5239a90261cef313a0068f1ab5e57b567)
2026-10-07 23:03:14.014+00:00 | EthScheduler-Workers-0 | INFO  | PersistBlockTask | Block 460 (0x6a1e9e69c33fd4a498a6d256100975df829b0cc3960ffb80b00a2abe8df1f307) is already imported
2026-10-07 23:03:14.021+00:00 | BftProcessorExecutor-QBFT-0 | INFO  | QbftBesuControllerBuilder | Imported #460 / 338 tx / 8877 pending / 81,785,860 (0.0%) gas / (0x6a1e9e69c33fd4a498a6d256100975df829b0cc3960ffb80b00a2abe8df1f307)
2026-10-07 23:03:20.057+00:00 | BftProcessorExecutor-QBFT-0 | INFO  | QbftBesuControllerBuilder | Imported #461 / 343 tx / 8534 pending / 82,995,710 (0.0%) gas / (0x074d4db5bf50b0eefd8488c379b3e57e00aa26e60a8dd7fb64452109b4c61495)
2026-10-07 23:03:25.845+00:00 | EthScheduler-Workers-0 | INFO  | PersistBlockTask | Block 462 (0xd17a968efaed0081d5e9bcd6ae3699002cebf64e385685bdefa50a6474405eef) is already imported
2026-10-07 23:03:25.860+00:00 | BftProcessorExecutor-QBFT-0 | INFO  | QbftBesuControllerBuilder | Imported #462 / 327 tx / 8207 pending / 79,124,190 (0.0%) gas / (0xd17a968efaed0081d5e9bcd6ae3699002cebf64e385685bdefa50a6474405eef)
2026-10-07 23:03:31.749+00:00 | BftProcessorExecutor-QBFT-0 | INFO  | QbftBesuControllerBuilder | Imported #463 / 342 tx / 7865 pending / 82,753,740 (0.0%) gas / (0xe752535572b59fde8318592c82567111494fa230e162403b4ec123bfdad4ecaf)
2026-10-07 23:03:36.795+00:00 | BftProcessorExecutor-QBFT-0 | INFO  | QbftBesuControllerBuilder | Imported #464 / 345 tx / 7520 pending / 83,479,650 (0.0%) gas / (0x0a05f34daa27b829851249b1f2693aca44287d8e2c85aabfcaa7af29bce54c96)
2026-10-07 23:03:41.885+00:00 | EthScheduler-Workers-0 | INFO  | PersistBlockTask | Block 465 (0xa97a6c69ccfd4ecbf2d9e8f13f2fdb33741d2d5ec04f3f25b0c0892a1fb01747) is already imported
2026-10-07 23:03:41.888+00:00 | BftProcessorExecutor-QBFT-0 | INFO  | QbftBesuControllerBuilder | Imported #465 / 347 tx / 7173 pending / 83,963,590 (0.0%) gas / (0xa97a6c69ccfd4ecbf2d9e8f13f2fdb33741d2d5ec04f3f25b0c0892a1fb01747)
2026-10-07 23:03:46.818+00:00 | EthScheduler-Workers-0 | INFO  | PersistBlockTask | Block 466 (0xa71a0013ee76e573849630659058e661a832c2aa584da710fa2b07b8c84f3425) is already imported
2026-10-07 23:03:46.822+00:00 | BftProcessorExecutor-QBFT-0 | INFO  | QbftBesuControllerBuilder | Imported #466 / 346 tx / 6827 pending / 83,721,620 (0.0%) gas / (0xa71a0013ee76e573849630659058e661a832c2aa584da710fa2b07b8c84f3425)
2026-10-07 23:03:51.756+00:00 | BftProcessorExecutor-QBFT-0 | INFO  | QbftBesuControllerBuilder | Imported #467 / 333 tx / 6494 pending / 80,576,010 (0.0%) gas / (0xe9c3621051bf2d0652e06d0436f28d6b17e6d4860785cc1d542c5dc193964f88)
2026-10-07 23:03:56.770+00:00 | EthScheduler-Workers-0 | INFO  | PersistBlockTask | Block 468 (0x0f32c879cd11ce22dff0c797f699842c959676eccdba53d4b6a15d6b685e9677) is already imported
2026-10-07 23:03:56.775+00:00 | BftProcessorExecutor-QBFT-0 | INFO  | QbftBesuControllerBuilder | Imported #468 / 334 tx / 6160 pending / 80,817,980 (0.0%) gas / (0x0f32c879cd11ce22dff0c797f699842c959676eccdba53d4b6a15d6b685e9677)
2026-10-07 23:03:58.278+00:00 | BftProcessorExecutor-QBFT-0 | WARN  | BlockTransactionSelector | Interrupting the selection of transactions for block inclusion as it exceeds the maximum configured duration of 1500ms
java.util.concurrent.TimeoutException
	at java.base/java.util.concurrent.CompletableFuture.timedGet(CompletableFuture.java:1960)
	at java.base/java.util.concurrent.CompletableFuture.get(CompletableFuture.java:2095)
	at org.hyperledger.besu.ethereum.blockcreation.txselection.BlockTransactionSelector.timeLimitedSelection(BlockTransactionSelector.java:186)
	at org.hyperledger.besu.ethereum.blockcreation.txselection.BlockTransactionSelector.buildTransactionListForBlock(BlockTransactionSelector.java:169)
	at org.hyperledger.besu.ethereum.blockcreation.AbstractBlockCreator.selectTransactions(AbstractBlockCreator.java:376)
	at org.hyperledger.besu.ethereum.blockcreation.AbstractBlockCreator.createBlock(AbstractBlockCreator.java:218)
	at org.hyperledger.besu.ethereum.blockcreation.AbstractBlockCreator.createBlock(AbstractBlockCreator.java:146)
	at org.hyperledger.besu.consensus.common.bft.blockcreation.BftBlockCreator.createBlock(BftBlockCreator.java:92)
	at org.hyperledger.besu.consensus.qbft.statemachine.QbftRound.createAndSendProposalMessage(QbftRound.java:137)
	at org.hyperledger.besu.consensus.qbft.statemachine.QbftBlockHeightManager.handleBlockTimerExpiry(QbftBlockHeightManager.java:140)
	at org.hyperledger.besu.consensus.common.bft.statemachine.BaseBftController.handleBlockTimerExpiry(BaseBftController.java:167)
	at org.hyperledger.besu.consensus.common.bft.EventMultiplexer.handleBftEvent(EventMultiplexer.java:65)
	at java.base/java.util.Optional.ifPresent(Optional.java:178)
	at org.hyperledger.besu.consensus.common.bft.BftProcessor.run(BftProcessor.java:65)
	at java.base/java.util.concurrent.ThreadPoolExecutor.runWorker(ThreadPoolExecutor.java:1144)
	at java.base/java.util.concurrent.ThreadPoolExecutor$Worker.run(ThreadPoolExecutor.java:642)
	at java.base/java.lang.Thread.run(Thread.java:1583)
2026-10-07 23:04:01.732+00:00 | EthScheduler-Workers-0 | INFO  | PersistBlockTask | Block 469 (0xe5a3e2f5f3b7fa0be46a801544c533ae108cb3fe2edb4f0ae7440b79d0e28f27) is already imported
2026-10-07 23:04:01.737+00:00 | BftProcessorExecutor-QBFT-0 | INFO  | QbftBesuControllerBuilder | Produced #469 / 334 tx / 5826 pending / 80,817,980 (0.0%) gas / (0xe5a3e2f5f3b7fa0be46a801544c533ae108cb3fe2edb4f0ae7440b79d0e28f27)
2026-10-07 23:04:06.871+00:00 | BftProcessorExecutor-QBFT-0 | INFO  | QbftBesuControllerBuilder | Imported #470 / 346 tx / 5480 pending / 83,721,620 (0.0%) gas / (0xec378c1f4cd4ea790192537eecc51aafb8fc558890edc245ff9118a88130bf7d)
2026-10-07 23:04:11.998+00:00 | EthScheduler-Workers-0 | INFO  | PersistBlockTask | Block 471 (0xb78355868a3617d3598ad46381ab68c01463619132fe8a4cf9eac6a2fd5fb44d) is already imported
2026-10-07 23:04:12.002+00:00 | BftProcessorExecutor-QBFT-0 | INFO  | QbftBesuControllerBuilder | Imported #471 / 329 tx / 5151 pending / 79,608,130 (0.0%) gas / (0xb78355868a3617d3598ad46381ab68c01463619132fe8a4cf9eac6a2fd5fb44d)
2026-10-07 23:04:17.132+00:00 | BftProcessorExecutor-QBFT-0 | INFO  | QbftBesuControllerBuilder | Imported #472 / 347 tx / 4804 pending / 83,963,590 (0.0%) gas / (0xa5b6d63186f4400eddf2771fc18a8b47cbffef80626f286c1232d295ae77b13d)
2026-10-07 23:04:22.337+00:00 | BftProcessorExecutor-QBFT-0 | INFO  | QbftBesuControllerBuilder | Imported #473 / 349 tx / 4455 pending / 84,447,530 (0.0%) gas / (0x4bcd6dca04d528b233113a69936bdf0666dd01cc5a555f9d55a39d13122783f6)
2026-10-07 23:04:27.528+00:00 | BftProcessorExecutor-QBFT-0 | INFO  | QbftBesuControllerBuilder | Imported #474 / 344 tx / 4111 pending / 83,237,680 (0.0%) gas / (0x149a900224faf70102b5f6860b7bce5882750ea870a95b764e4d9d4c87acdb4b)
2026-10-07 23:04:32.697+00:00 | EthScheduler-Workers-0 | INFO  | PersistBlockTask | Block 475 (0xae30038f41a5abb6f71e844c7f091116b3ee026e4175eb39798b65681031e7f8) is already imported
2026-10-07 23:04:32.701+00:00 | BftProcessorExecutor-QBFT-0 | INFO  | QbftBesuControllerBuilder | Imported #475 / 347 tx / 3764 pending / 83,963,590 (0.0%) gas / (0xae30038f41a5abb6f71e844c7f091116b3ee026e4175eb39798b65681031e7f8)
2026-10-07 23:04:38.604+00:00 | EthScheduler-Workers-0 | INFO  | PersistBlockTask | Block 476 (0x0f452fb0f9f41a62eb962859b9e3a51e7983e71998451daa3f6f064a335c9a29) is already imported
2026-10-07 23:04:38.608+00:00 | BftProcessorExecutor-QBFT-0 | INFO  | QbftBesuControllerBuilder | Imported #476 / 350 tx / 3414 pending / 84,689,500 (0.0%) gas / (0x0f452fb0f9f41a62eb962859b9e3a51e7983e71998451daa3f6f064a335c9a29)
2026-10-07 23:04:44.396+00:00 | EthScheduler-Workers-0 | INFO  | PersistBlockTask | Block 477 (0x58b1a7ab3bb94d477874c52a431bf982d617062e4f34504416ecf901c2ef83a8) is already imported
2026-10-07 23:04:44.399+00:00 | BftProcessorExecutor-QBFT-0 | INFO  | QbftBesuControllerBuilder | Imported #477 / 348 tx / 3066 pending / 84,205,560 (0.0%) gas / (0x58b1a7ab3bb94d477874c52a431bf982d617062e4f34504416ecf901c2ef83a8)
2026-10-07 23:04:50.323+00:00 | EthScheduler-Workers-0 | INFO  | PersistBlockTask | Block 478 (0x65a09c0c13516b48b7b91da10d5c5bffcf96cf18e26f67b83724d5b4e379b5d9) is already imported
2026-10-07 23:04:50.327+00:00 | BftProcessorExecutor-QBFT-0 | INFO  | QbftBesuControllerBuilder | Imported #478 / 347 tx / 2719 pending / 83,963,590 (0.0%) gas / (0x65a09c0c13516b48b7b91da10d5c5bffcf96cf18e26f67b83724d5b4e379b5d9)
2026-10-07 23:04:55.231+00:00 | BftProcessorExecutor-QBFT-0 | INFO  | QbftBesuControllerBuilder | Imported #479 / 346 tx / 2373 pending / 83,721,620 (0.0%) gas / (0x62340204421a1c3129b5b8a9ccbcb75cb15aa713465e9cc9fb46a3360f5446c6)
2026-10-07 23:05:00.323+00:00 | EthScheduler-Workers-0 | INFO  | PersistBlockTask | Block 480 (0x2a98c3338830e3188daf87aac8ff7bb69e970ef071b26f168ffc003dcdf3cbbd) is already imported
2026-10-07 23:05:00.326+00:00 | BftProcessorExecutor-QBFT-0 | INFO  | QbftBesuControllerBuilder | Imported #480 / 348 tx / 2025 pending / 84,205,560 (0.0%) gas / (0x2a98c3338830e3188daf87aac8ff7bb69e970ef071b26f168ffc003dcdf3cbbd)
2026-10-07 23:05:05.305+00:00 | BftProcessorExecutor-QBFT-0 | INFO  | QbftBesuControllerBuilder | Imported #481 / 347 tx / 1678 pending / 83,963,590 (0.0%) gas / (0x9204aac5864fdbef10435a1b47f1f5ba0bb8e19cfeb0f035c006f10e33134aba)
2026-10-07 23:05:10.371+00:00 | EthScheduler-Workers-0 | INFO  | PersistBlockTask | Block 482 (0xec64cf1f934fad594ed8b042cf2b31704beb0df6624366d706cd9547505f40ba) is already imported
2026-10-07 23:05:10.373+00:00 | BftProcessorExecutor-QBFT-0 | INFO  | QbftBesuControllerBuilder | Imported #482 / 346 tx / 1332 pending / 83,721,620 (0.0%) gas / (0xec64cf1f934fad594ed8b042cf2b31704beb0df6624366d706cd9547505f40ba)
2026-10-07 23:05:14.478+00:00 | EthScheduler-Workers-0 | INFO  | PersistBlockTask | Block 483 (0x012ee6a68d8e0bc312f6e67d396fb85b45714226ede9984bb8a6c9ebc474659b) is already imported
2026-10-07 23:05:14.483+00:00 | BftProcessorExecutor-QBFT-0 | INFO  | QbftBesuControllerBuilder | Imported #483 / 282 tx / 1050 pending / 68,235,540 (0.0%) gas / (0x012ee6a68d8e0bc312f6e67d396fb85b45714226ede9984bb8a6c9ebc474659b)
2026-10-07 23:05:17.859+00:00 | BftProcessorExecutor-QBFT-0 | INFO  | QbftBesuControllerBuilder | Produced #484 / 226 tx / 824 pending / 54,685,220 (0.0%) gas / (0x87b68e769836e8c96d89afc499601ab6189c1cdd38c60dc25d076cd2a2e922bb)
2026-10-07 23:05:20.162+00:00 | BftProcessorExecutor-QBFT-0 | INFO  | QbftBesuControllerBuilder | Imported #485 / 135 tx / 689 pending / 32,665,950 (0.0%) gas / (0x51c44376487c13466f40baa4fa6910c1214736b0047b61dbc25ab1a9b57ef379)
2026-10-07 23:05:21.782+00:00 | BftProcessorExecutor-QBFT-0 | INFO  | QbftBesuControllerBuilder | Imported #486 / 92 tx / 597 pending / 22,261,240 (0.0%) gas / (0x4cf988a5aaecf21abee1889d421f60f6aed9b6e9dae6730e7c7596ad85758e65)
2026-10-07 23:05:23.447+00:00 | BftProcessorExecutor-QBFT-0 | INFO  | QbftBesuControllerBuilder | Imported #487 / 81 tx / 516 pending / 19,599,570 (0.0%) gas / (0xebc92d7ea3bd2b2f1cf81a4ca385668bfc68357fd463c45fee14b474100aa95a)
2026-10-07 23:05:25.214+00:00 | BftProcessorExecutor-QBFT-0 | INFO  | QbftBesuControllerBuilder | Imported #488 / 58 tx / 458 pending / 14,034,260 (0.0%) gas / (0xf8ad85d45f5c26fbcbd3c7c9a5a52db02ec9c592cc47f3dd1e05016319c59d4c)
2026-10-07 23:05:27.338+00:00 | BftProcessorExecutor-QBFT-0 | INFO  | QbftBesuControllerBuilder | Imported #489 / 68 tx / 390 pending / 16,453,960 (0.0%) gas / (0x2ea9e1ee94559b567ac287a88cc16f83681f623d77838e3720be6dabfa1f39c5)
2026-10-07 23:05:29.185+00:00 | BftProcessorExecutor-QBFT-0 | INFO  | QbftBesuControllerBuilder | Imported #490 / 61 tx / 329 pending / 14,760,170 (0.0%) gas / (0xc0f634058d853189299cc25203b34da669da1c337efd9ae66e568d5b962cfaa3)
2026-10-07 23:05:31.353+00:00 | BftProcessorExecutor-QBFT-0 | INFO  | QbftBesuControllerBuilder | Imported #491 / 56 tx / 273 pending / 13,550,320 (0.0%) gas / (0x80ee143e049a3bcd429a5fea3a06031ba8f47520c4f3f16e0c8a22689a26ea6b)
2026-10-07 23:05:33.572+00:00 | BftProcessorExecutor-QBFT-0 | INFO  | QbftBesuControllerBuilder | Imported #492 / 72 tx / 201 pending / 17,421,840 (0.0%) gas / (0xf2b3551e8b40dd91bb9bef4e32a3419c2174d2a604e12981a324d50b3126fa33)
2026-10-07 23:05:35.433+00:00 | BftProcessorExecutor-QBFT-0 | INFO  | QbftBesuControllerBuilder | Imported #493 / 55 tx / 371 pending / 13,308,350 (0.0%) gas / (0x27b596c733e8a35e53467cf1dc3c895d5502e23547ea80a05ade788af6f2a632)
2026-10-07 23:05:37.242+00:00 | BftProcessorExecutor-QBFT-0 | INFO  | QbftBesuControllerBuilder | Imported #494 / 91 tx / 787 pending / 19,192,154 (0.0%) gas / (0xb6d5edeab7303cc6cf5b659b42079a17932f183427c2f5dd5c55e38038c9b098)
2026-10-07 23:05:39.597+00:00 | BftProcessorExecutor-QBFT-0 | INFO  | QbftBesuControllerBuilder | Imported #495 / 140 tx / 1200 pending / 27,956,488 (0.0%) gas / (0x776b66a3fd2ea5b21a159a5ab8fc97a89c7e9eab1c3c06f8416e7d9490f05a4e)
2026-10-07 23:05:40.852+00:00 | BftProcessorExecutor-QBFT-0 | INFO  | QbftBesuControllerBuilder | Imported #496 / 118 tx / 1394 pending / 19,187,616 (0.0%) gas / (0x4b853a10d0791bd452ba738bc70f4bd52e01f85565572e0600019ab02b0fc1d2)
2026-10-07 23:05:42.838+00:00 | BftProcessorExecutor-QBFT-0 | INFO  | QbftBesuControllerBuilder | Imported #497 / 132 tx / 1548 pending / 20,454,800 (0.0%) gas / (0xd61747e21b7b51425c275f219a86649ffb6824b573dbb3e61b9cc36c6394f956)
2026-10-07 23:05:44.789+00:00 | BftProcessorExecutor-QBFT-0 | INFO  | QbftBesuControllerBuilder | Imported #498 / 137 tx / 1463 pending / 21,046,310 (0.0%) gas / (0x9f9332955a6bfc6187e70ec5a58462d4fab31cfcc29215dd3e61dba601f35547)
2026-10-07 23:05:46.846+00:00 | BftProcessorExecutor-QBFT-0 | INFO  | QbftBesuControllerBuilder | Produced #499 / 136 tx / 1379 pending / 20,892,620 (0.0%) gas / (0x6b4e6d5bd1cebbcc74eb88386573810ccccf04189fe549d5a71c0f80bc8b7067)
2026-10-07 23:05:48.974+00:00 | BftProcessorExecutor-QBFT-0 | INFO  | QbftBesuControllerBuilder | Imported #500 / 136 tx / 1270 pending / 20,892,684 (0.0%) gas / (0x28560a4293da00cf0cf103a5279b4e3127db9663e1a3765002a9755361299412)
2026-10-07 23:05:50.873+00:00 | BftProcessorExecutor-QBFT-0 | INFO  | QbftBesuControllerBuilder | Imported #501 / 136 tx / 1148 pending / 20,892,888 (0.0%) gas / (0x63c5f3e4cb5f5e53f456e23e4ca44340e4805fed71e54728f737669addc8c4fd)
2026-10-07 23:05:52.971+00:00 | BftProcessorExecutor-QBFT-0 | INFO  | QbftBesuControllerBuilder | Imported #502 / 136 tx / 1024 pending / 20,892,712 (0.0%) gas / (0xfeb22eaddc44dab2e339f83b6779341ee1782f4ff890f4da6b27b248cf976cca)
2026-10-07 23:05:55.018+00:00 | BftProcessorExecutor-QBFT-0 | INFO  | QbftBesuControllerBuilder | Imported #503 / 136 tx / 891 pending / 20,892,860 (0.0%) gas / (0x6a49d5087dd0f094f2490b5423d3d4504183a02a15a27b07ed304812faed9150)
2026-10-07 23:05:57.054+00:00 | BftProcessorExecutor-QBFT-0 | INFO  | QbftBesuControllerBuilder | Imported #504 / 136 tx / 759 pending / 20,892,348 (0.0%) gas / (0xe0224fe7a6c064104c9e8304073ee47aff3a98c8fdbd68b8b8b020b4d1a74a90)
2026-10-07 23:05:59.063+00:00 | BftProcessorExecutor-QBFT-0 | INFO  | QbftBesuControllerBuilder | Imported #505 / 136 tx / 624 pending / 20,892,768 (0.0%) gas / (0xedf811ece6472475b020783de47442b841c9058d4897e6a10df069a55e40fa8b)
2026-10-07 23:06:01.902+00:00 | BftProcessorExecutor-QBFT-0 | INFO  | QbftBesuControllerBuilder | Imported #506 / 136 tx / 488 pending / 20,892,556 (0.0%) gas / (0x4b5cd8db1f65136cb0d8a0091f22b8d1d6b24d320a35a83c99603aa0bb8426ed)
2026-10-07 23:06:04.323+00:00 | BftProcessorExecutor-QBFT-0 | INFO  | QbftBesuControllerBuilder | Imported #507 / 136 tx / 488 pending / 20,892,408 (0.0%) gas / (0xcb8db3bd7b3c31c73fca27df22b31a8a0f43cf332d242f10f9d8fd9b8d189b11)
2026-10-07 23:06:07.283+00:00 | BftProcessorExecutor-QBFT-0 | INFO  | QbftBesuControllerBuilder | Imported #508 / 136 tx / 216 pending / 20,892,860 (0.0%) gas / (0xdaac7ced1e6976afa3916250b78357cfd6e53b8d0ff911945b0572e9a7edca20)
2026-10-07 23:06:07.853+00:00 | BftProcessorExecutor-QBFT-0 | INFO  | QbftBesuControllerBuilder | Imported #509 / 106 tx / 110 pending / 16,283,984 (0.0%) gas / (0xc0f1e5cc6bc0f57a9061a7330e9d176fdd9c527ddcbd6bc4793895263c66cc94)
2026-10-07 23:06:09.657+00:00 | EthScheduler-Workers-0 | INFO  | PersistBlockTask | Block 510 (0x17784e79219aaa1abdc7240bee5780bdb02c963a62c6ef2c7084e58cec56b18b) is already imported
2026-10-07 23:06:09.657+00:00 | BftProcessorExecutor-QBFT-0 | INFO  | QbftBesuControllerBuilder | Imported #510 / 71 tx / 39 pending / 10,907,118 (0.0%) gas / (0x17784e79219aaa1abdc7240bee5780bdb02c963a62c6ef2c7084e58cec56b18b)
2026-10-07 23:06:11.393+00:00 | BftProcessorExecutor-QBFT-0 | INFO  | QbftBesuControllerBuilder | Imported #511 / 32 tx / 7 pending / 4,915,836 (0.0%) gas / (0x0fb4d435159bcfc003e48309ba5411c51c5d76f5e2ad3949b5b1031bead8448d)
2026-10-07 23:06:13.320+00:00 | EthScheduler-Workers-0 | INFO  | PersistBlockTask | Block 512 (0x03869fffc72359f33338ddf4de7304839f5af4a36f3e4c625c2340077d871bd2) is already imported
2026-10-07 23:06:13.321+00:00 | BftProcessorExecutor-QBFT-0 | INFO  | QbftBesuControllerBuilder | Imported #512 / 7 tx / 0 pending / 1,075,338 (0.0%) gas / (0x03869fffc72359f33338ddf4de7304839f5af4a36f3e4c625c2340077d871bd2)
2026-10-07 23:06:15.242+00:00 | BftProcessorExecutor-QBFT-0 | INFO  | QbftBesuControllerBuilder | Imported #513 / 0 tx / 0 pending / 0 (0.0%) gas / (0x03f077cc0e20c32171bbf23720dbda1298f86e0d245bf679566620731410cdaf)
2026-10-07 23:06:17.249+00:00 | BftProcessorExecutor-QBFT-0 | INFO  | QbftBesuControllerBuilder | Produced #514 / 0 tx / 0 pending / 0 (0.0%) gas / (0x88ef82168c8e613c0d87136eca442923c558d65c25e893f5eee9473bbc967524)
2026-10-07 23:06:19.331+00:00 | BftProcessorExecutor-QBFT-0 | INFO  | QbftBesuControllerBuilder | Imported #515 / 0 tx / 0 pending / 0 (0.0%) gas / (0xf78ec8c9e62729eca8c6fa645754c0b44086e7406f7cbe4befd78e0bd20ba232)
2026-10-07 23:06:21.325+00:00 | BftProcessorExecutor-QBFT-0 | INFO  | QbftBesuControllerBuilder | Imported #516 / 0 tx / 0 pending / 0 (0.0%) gas / (0x8f1af2671cd4330a9d620a5091d884eeeeebdd731041951249950a5a32057a7d)
2026-10-07 23:06:23.328+00:00 | BftProcessorExecutor-QBFT-0 | INFO  | QbftBesuControllerBuilder | Imported #517 / 0 tx / 0 pending / 0 (0.0%) gas / (0x91147423d5ecece6a0294a18551035f8161306440b551677aca88cdeec01bafd)
2026-10-07 23:06:25.318+00:00 | BftProcessorExecutor-QBFT-0 | INFO  | QbftBesuControllerBuilder | Imported #518 / 0 tx / 0 pending / 0 (0.0%) gas / (0x838cf89993415004f6b8a6f65e57956014396cbe67bbe041e41313c39e3a047a)
2026-10-07 23:06:27.337+00:00 | BftProcessorExecutor-QBFT-0 | INFO  | QbftBesuControllerBuilder | Imported #519 / 0 tx / 0 pending / 0 (0.0%) gas / (0xc43d1faff4cf5557c286d9b2ca683489dc204feee439df6792776dd840d89ce0)
2026-10-07 23:06:27.341+00:00 | EthScheduler-Workers-0 | INFO  | PersistBlockTask | Block 519 (0xc43d1faff4cf5557c286d9b2ca683489dc204feee439df6792776dd840d89ce0) is already imported
2026-10-07 23:06:29.320+00:00 | BftProcessorExecutor-QBFT-0 | INFO  | QbftBesuControllerBuilder | Imported #520 / 0 tx / 0 pending / 0 (0.0%) gas / (0x1a468b39a20dc737b12ce9338b247cd0fba966314feeaec651990d4e1160c988)
2026-10-07 23:06:31.521+00:00 | BftProcessorExecutor-QBFT-0 | INFO  | QbftBesuControllerBuilder | Imported #521 / 0 tx / 0 pending / 0 (0.0%) gas / (0x8b70f3b841b65f917c939a24d78de854a9dcc01bf7560f1615dffd73c6695519)
2026-10-07 23:06:33.465+00:00 | BftProcessorExecutor-QBFT-0 | INFO  | QbftBesuControllerBuilder | Imported #522 / 0 tx / 0 pending / 0 (0.0%) gas / (0xc3e2d39a6947c2e825bc7c6d567b4bcc88d1d1b17a1b3c3ac41de74c5242e6b6)
2026-10-07 23:06:35.459+00:00 | BftProcessorExecutor-QBFT-0 | INFO  | QbftBesuControllerBuilder | Imported #523 / 0 tx / 0 pending / 0 (0.0%) gas / (0xd6cb4aace1965aa217f8daf05858c50ce81f4d3dc3ec5afa73dc71ea7429d2cb)
2026-10-07 23:06:37.236+00:00 | BftProcessorExecutor-QBFT-0 | INFO  | QbftBesuControllerBuilder | Imported #524 / 0 tx / 0 pending / 0 (0.0%) gas / (0x5ddc1075b51944b1d6a56267b5f9be72ad6412072dd2c27ee3f14f943439ce1b)
2026-10-07 23:06:39.238+00:00 | BftProcessorExecutor-QBFT-0 | INFO  | QbftBesuControllerBuilder | Imported #525 / 0 tx / 0 pending / 0 (0.0%) gas / (0x1fb52d4ba2c7ac5748261eb06a47b6553d9fd22fd4ab61f123161fb130f8e80f)
2026-10-07 23:06:41.235+00:00 | BftProcessorExecutor-QBFT-0 | INFO  | QbftBesuControllerBuilder | Imported #526 / 0 tx / 0 pending / 0 (0.0%) gas / (0x880f4b58a0fdad6d9d84d09a2b499a96b6cbd24a0b47059425db52db9b1c8597)
2026-10-07 23:06:43.245+00:00 | BftProcessorExecutor-QBFT-0 | INFO  | QbftBesuControllerBuilder | Imported #527 / 0 tx / 0 pending / 0 (0.0%) gas / (0x6c933a510a3a3a753c9cfba9f6a21c0ad638886cafd2c6a517a59a8f376051d8)
2026-10-07 23:06:45.242+00:00 | BftProcessorExecutor-QBFT-0 | INFO  | QbftBesuControllerBuilder | Imported #528 / 0 tx / 0 pending / 0 (0.0%) gas / (0xfaca2b187b946d8d17828f2fcbc9a609c77e881d3b7cb6e9ad6b866f2bd00cd5)
2026-10-07 23:06:47.235+00:00 | BftProcessorExecutor-QBFT-0 | INFO  | QbftBesuControllerBuilder | Produced #529 / 0 tx / 0 pending / 0 (0.0%) gas / (0xcaf60974af3a61482c1ef2db9e38501300132596d169149b216721755982a46a)
2026-10-07 23:06:49.310+00:00 | BftProcessorExecutor-QBFT-0 | INFO  | QbftBesuControllerBuilder | Imported #530 / 0 tx / 0 pending / 0 (0.0%) gas / (0xf89025839bde9d0a14e7ab7e2cf55606424016c4504fa8ff00be3f1ac11abe02)
2026-10-07 23:06:51.336+00:00 | BftProcessorExecutor-QBFT-0 | INFO  | QbftBesuControllerBuilder | Imported #531 / 0 tx / 0 pending / 0 (0.0%) gas / (0x2494ab5028c8bb462e3933edae07f4615ed5dfd3efff529788daf0fd51aecec7)
2026-10-07 23:06:51.338+00:00 | EthScheduler-Workers-0 | INFO  | PersistBlockTask | Block 531 (0x2494ab5028c8bb462e3933edae07f4615ed5dfd3efff529788daf0fd51aecec7) is already imported
2026-10-07 23:06:53.318+00:00 | BftProcessorExecutor-QBFT-0 | INFO  | QbftBesuControllerBuilder | Imported #532 / 0 tx / 0 pending / 0 (0.0%) gas / (0x8f40cfbb100bce7c4c16d0eafe4d5ae53df3d1dffee9a66bd1fd2d749bf7aeea)
2026-10-07 23:06:55.326+00:00 | BftProcessorExecutor-QBFT-0 | INFO  | QbftBesuControllerBuilder | Imported #533 / 0 tx / 0 pending / 0 (0.0%) gas / (0x2f01e8f63eac5650688a5aaca5ef9255f4303db1ea5df2fcb9b497fdb9fbd6b1)
2026-10-07 23:06:57.337+00:00 | BftProcessorExecutor-QBFT-0 | INFO  | QbftBesuControllerBuilder | Imported #534 / 0 tx / 0 pending / 0 (0.0%) gas / (0x7be7c3cb24f750eb2cb2ae833c6c240853c89a8eae09652221e1be79345d85a6)
2026-10-07 23:06:59.330+00:00 | BftProcessorExecutor-QBFT-0 | INFO  | QbftBesuControllerBuilder | Imported #535 / 0 tx / 0 pending / 0 (0.0%) gas / (0xadd6158352759554343804ce00fa54fdfb47bf291680a1b8444a1b9f43a7d568)
2026-10-07 23:07:01.448+00:00 | BftProcessorExecutor-QBFT-0 | INFO  | QbftBesuControllerBuilder | Imported #536 / 0 tx / 0 pending / 0 (0.0%) gas / (0x9e6ed7c32f2181c2b09c93d3b305e091d40fc548e8fbd55c45ad4d37066a1473)
2026-10-07 23:07:01.453+00:00 | EthScheduler-Workers-0 | INFO  | PersistBlockTask | Block 536 (0x9e6ed7c32f2181c2b09c93d3b305e091d40fc548e8fbd55c45ad4d37066a1473) is already imported
2026-10-07 23:07:03.488+00:00 | BftProcessorExecutor-QBFT-0 | INFO  | QbftBesuControllerBuilder | Imported #537 / 0 tx / 0 pending / 0 (0.0%) gas / (0xc3a5c6a9102eb3b6f768b1d4ff1b7c40594b8c7ba7c6e144c324bbb18541637c)
2026-10-07 23:07:05.467+00:00 | BftProcessorExecutor-QBFT-0 | INFO  | QbftBesuControllerBuilder | Imported #538 / 0 tx / 0 pending / 0 (0.0%) gas / (0xe25db2d818299fa2ddbda11c6daf0342d1e165b7f1963ce37a37d93a978601d1)
2026-10-07 23:07:07.249+00:00 | EthScheduler-Workers-0 | INFO  | PersistBlockTask | Block 539 (0x6760c10cd5a489155d4f832b4bce113e3bca9121f7f49f50177218219a3efe15) is already imported
2026-10-07 23:07:07.249+00:00 | BftProcessorExecutor-QBFT-0 | INFO  | QbftBesuControllerBuilder | Imported #539 / 0 tx / 0 pending / 0 (0.0%) gas / (0x6760c10cd5a489155d4f832b4bce113e3bca9121f7f49f50177218219a3efe15)
2026-10-07 23:07:09.251+00:00 | EthScheduler-Workers-0 | INFO  | PersistBlockTask | Block 540 (0x26a5ddc5750813afbd2b5e546cadfbdf80831ad35eca7da0cc4aca12a846e6dc) is already imported
2026-10-07 23:07:09.251+00:00 | BftProcessorExecutor-QBFT-0 | INFO  | QbftBesuControllerBuilder | Imported #540 / 0 tx / 0 pending / 0 (0.0%) gas / (0x26a5ddc5750813afbd2b5e546cadfbdf80831ad35eca7da0cc4aca12a846e6dc)
2026-10-07 23:07:11.232+00:00 | BftProcessorExecutor-QBFT-0 | INFO  | QbftBesuControllerBuilder | Imported #541 / 0 tx / 0 pending / 0 (0.0%) gas / (0x5a816bd1f76d157cb40cffc5542ef02fd93cc59643f32c07fbd852d3334849ec)
2026-10-07 23:07:13.236+00:00 | BftProcessorExecutor-QBFT-0 | INFO  | QbftBesuControllerBuilder | Imported #542 / 0 tx / 0 pending / 0 (0.0%) gas / (0xe146a8b1129917b8165e982dbd016a825f84c6871a40369cdbec3eef2bb648be)
2026-10-07 23:07:15.246+00:00 | EthScheduler-Workers-0 | INFO  | PersistBlockTask | Block 543 (0x622d1f9f88f9f14b174689ecddfb776f445091deea29f586d7fcf2a73cb92422) is already imported
2026-10-07 23:07:15.247+00:00 | BftProcessorExecutor-QBFT-0 | INFO  | QbftBesuControllerBuilder | Imported #543 / 0 tx / 0 pending / 0 (0.0%) gas / (0x622d1f9f88f9f14b174689ecddfb776f445091deea29f586d7fcf2a73cb92422)
2026-10-07 23:07:17.239+00:00 | BftProcessorExecutor-QBFT-0 | INFO  | QbftBesuControllerBuilder | Produced #544 / 0 tx / 0 pending / 0 (0.0%) gas / (0x832e4b734af5781119dd65f81e314e22d5f1348c02f846eaa6367d769eea31c6)
2026-10-07 23:07:19.328+00:00 | BftProcessorExecutor-QBFT-0 | INFO  | QbftBesuControllerBuilder | Imported #545 / 0 tx / 0 pending / 0 (0.0%) gas / (0x00bc7e723fd2bfc478c711e23ec56a2ca14378fe4e13364dfaeb1a730be240c6)
2026-10-07 23:07:21.326+00:00 | BftProcessorExecutor-QBFT-0 | INFO  | QbftBesuControllerBuilder | Imported #546 / 0 tx / 0 pending / 0 (0.0%) gas / (0x052cd56b9ac8779c208e2a0a3d94513ce26ff950aac30c3a38a5927e03f44dfd)
2026-10-07 23:07:23.313+00:00 | BftProcessorExecutor-QBFT-0 | INFO  | QbftBesuControllerBuilder | Imported #547 / 0 tx / 0 pending / 0 (0.0%) gas / (0x96a0927adcaeecbb4652fb59908131afd09a03b7da062bfc54106bc626b9fb30)
2026-10-07 23:07:25.327+00:00 | BftProcessorExecutor-QBFT-0 | INFO  | QbftBesuControllerBuilder | Imported #548 / 0 tx / 0 pending / 0 (0.0%) gas / (0x4b9374648d65c5054ca2ddd0965641dabb2827abf6164a9d3f935a76b211af24)
2026-10-07 23:07:27.336+00:00 | BftProcessorExecutor-QBFT-0 | INFO  | QbftBesuControllerBuilder | Imported #549 / 0 tx / 0 pending / 0 (0.0%) gas / (0xcd492cd27e50dfd973cb3d8861c8e6a3657b5264aa9449fbb01f78f84329a10c)
2026-10-07 23:07:27.336+00:00 | EthScheduler-Workers-0 | INFO  | PersistBlockTask | Block 549 (0xcd492cd27e50dfd973cb3d8861c8e6a3657b5264aa9449fbb01f78f84329a10c) is already imported
2026-10-07 23:07:29.322+00:00 | BftProcessorExecutor-QBFT-0 | INFO  | QbftBesuControllerBuilder | Imported #550 / 0 tx / 0 pending / 0 (0.0%) gas / (0x01f52513156e4a1443f357ba77a56e6fae47d9ff3f8e65c35779af2959a9f746)
2026-10-07 23:07:31.441+00:00 | BftProcessorExecutor-QBFT-0 | INFO  | QbftBesuControllerBuilder | Imported #551 / 0 tx / 0 pending / 0 (0.0%) gas / (0xf0f922566254d6989184af1a5a84d5c8c477bb69e7ab79b3a21632e8888d5afd)
2026-10-07 23:07:33.447+00:00 | BftProcessorExecutor-QBFT-0 | INFO  | QbftBesuControllerBuilder | Imported #552 / 0 tx / 0 pending / 0 (0.0%) gas / (0x708aa6af2e4230f3a0dbd529272a84f9ab62c58b2f4867360985bf585af3a5ad)
2026-10-07 23:07:35.482+00:00 | BftProcessorExecutor-QBFT-0 | INFO  | QbftBesuControllerBuilder | Imported #553 / 0 tx / 0 pending / 0 (0.0%) gas / (0xd84f948fa177a23bf243dd33e280f00f3439a4113df2799380b75db2a031cafa)
2026-10-07 23:07:37.253+00:00 | EthScheduler-Workers-0 | INFO  | PersistBlockTask | Block 554 (0x2b8f0d9dc0affedee67f344f7b3a8c1e911e984ebc411cf3469e61978c724dec) is already imported
2026-10-07 23:07:37.253+00:00 | BftProcessorExecutor-QBFT-0 | INFO  | QbftBesuControllerBuilder | Imported #554 / 0 tx / 0 pending / 0 (0.0%) gas / (0x2b8f0d9dc0affedee67f344f7b3a8c1e911e984ebc411cf3469e61978c724dec)
2026-10-07 23:07:39.244+00:00 | BftProcessorExecutor-QBFT-0 | INFO  | QbftBesuControllerBuilder | Imported #555 / 0 tx / 0 pending / 0 (0.0%) gas / (0xd92730b9dfbfe61677074ea126a90917ff46fef664dbb60a93ab5cfa357bc67b)
2026-10-07 23:07:41.237+00:00 | BftProcessorExecutor-QBFT-0 | INFO  | QbftBesuControllerBuilder | Imported #556 / 0 tx / 0 pending / 0 (0.0%) gas / (0xcb7579dd11e2c01914fa57fc7df135329e2c214b574274321eb0abade04d8dc3)
2026-10-07 23:07:43.250+00:00 | BftProcessorExecutor-QBFT-0 | INFO  | QbftBesuControllerBuilder | Imported #557 / 0 tx / 0 pending / 0 (0.0%) gas / (0x0f924d899533c0fc6f25557574b475857713fe83564c3948d743c02aa8debf02)
2026-10-07 23:07:43.251+00:00 | EthScheduler-Workers-0 | INFO  | PersistBlockTask | Block 557 (0x0f924d899533c0fc6f25557574b475857713fe83564c3948d743c02aa8debf02) is already imported
2026-10-07 23:07:45.713+00:00 | EthScheduler-Workers-0 | INFO  | PersistBlockTask | Block 558 (0xb1ea16b17e0092cf509ee36b2989334590fe5f4586ca185fc58c8f35ab94a3f4) is already imported
2026-10-07 23:07:45.713+00:00 | BftProcessorExecutor-QBFT-0 | INFO  | QbftBesuControllerBuilder | Imported #558 / 17 tx / 341 pending / 4,113,490 (0.0%) gas / (0xb1ea16b17e0092cf509ee36b2989334590fe5f4586ca185fc58c8f35ab94a3f4)
2026-10-07 23:07:48.234+00:00 | EthScheduler-Workers-0 | INFO  | PersistBlockTask | Block 559 (0x9a6f43636ddb879096e99b336395bc67eec332b5c7acadd33755bcb1aa39bf0c) is already imported
2026-10-07 23:07:48.235+00:00 | BftProcessorExecutor-QBFT-0 | INFO  | QbftBesuControllerBuilder | Produced #559 / 58 tx / 1025 pending / 14,034,260 (0.0%) gas / (0x9a6f43636ddb879096e99b336395bc67eec332b5c7acadd33755bcb1aa39bf0c)
2026-10-07 23:07:50.847+00:00 | BftProcessorExecutor-QBFT-0 | INFO  | QbftBesuControllerBuilder | Imported #560 / 96 tx / 1669 pending / 23,229,120 (0.0%) gas / (0xe34c0e0dc172315627724ed4b0d6eb7742e0cb6c6aefa17b2843a4c52ff12ea2)
2026-10-07 23:07:53.408+00:00 | EthScheduler-Workers-0 | INFO  | PersistBlockTask | Block 561 (0x5cf8420a147a7b46338f70f1f4ebfe438050481affe134e5c9f7b528c96059b6) is already imported
2026-10-07 23:07:53.412+00:00 | BftProcessorExecutor-QBFT-0 | INFO  | QbftBesuControllerBuilder | Imported #561 / 141 tx / 2374 pending / 34,117,770 (0.0%) gas / (0x5cf8420a147a7b46338f70f1f4ebfe438050481affe134e5c9f7b528c96059b6)
2026-10-07 23:07:56.560+00:00 | EthScheduler-Workers-0 | INFO  | PersistBlockTask | Block 562 (0xf213922f063bc3a81321f7fa063c2f40a3ca931a35ead504f4dfc7b454a8a624) is already imported
2026-10-07 23:07:56.563+00:00 | BftProcessorExecutor-QBFT-0 | INFO  | QbftBesuControllerBuilder | Imported #562 / 197 tx / 3221 pending / 47,668,090 (0.0%) gas / (0xf213922f063bc3a81321f7fa063c2f40a3ca931a35ead504f4dfc7b454a8a624)
2026-10-07 23:08:00.777+00:00 | EthScheduler-Workers-0 | INFO  | PersistBlockTask | Block 563 (0xf3623916b4eb32b585ef30db919957e44dc178cc7e2d4f699f53c046e9efaad8) is already imported
2026-10-07 23:08:00.781+00:00 | BftProcessorExecutor-QBFT-0 | INFO  | QbftBesuControllerBuilder | Imported #563 / 274 tx / 4478 pending / 66,299,780 (0.0%) gas / (0xf3623916b4eb32b585ef30db919957e44dc178cc7e2d4f699f53c046e9efaad8)
2026-10-07 23:08:05.749+00:00 | BftProcessorExecutor-QBFT-0 | INFO  | QbftBesuControllerBuilder | Imported #564 / 327 tx / 6029 pending / 79,124,190 (0.0%) gas / (0xc2de54a75134e47c44a544dbdfe019c9616194c1aed3feaaacb84c1deaf0afd0)
2026-10-07 23:08:10.839+00:00 | BftProcessorExecutor-QBFT-0 | INFO  | QbftBesuControllerBuilder | Imported #565 / 337 tx / 7640 pending / 81,543,890 (0.0%) gas / (0x5e2559503091b8810190e3d078e9b5eed6bb49e6e7236269fa2e033cf8110783)
2026-10-07 23:08:16.680+00:00 | BftProcessorExecutor-QBFT-0 | INFO  | QbftBesuControllerBuilder | Imported #566 / 332 tx / 9649 pending / 80,334,040 (0.0%) gas / (0x6609a46d8f3e300214447144beb35eef829d797efc7d89697eeb04c9ebe9832b)
2026-10-07 23:08:22.526+00:00 | EthScheduler-Workers-0 | INFO  | PersistBlockTask | Block 567 (0x8271b943942da99a64ad104e408837604263d4c3bdc42caa4b5b3e7390d0f08d) is already imported
2026-10-07 23:08:22.532+00:00 | BftProcessorExecutor-QBFT-0 | INFO  | QbftBesuControllerBuilder | Imported #567 / 341 tx / 11666 pending / 82,511,770 (0.0%) gas / (0x8271b943942da99a64ad104e408837604263d4c3bdc42caa4b5b3e7390d0f08d)
2026-10-07 23:08:29.699+00:00 | BftProcessorExecutor-QBFT-0 | INFO  | QbftBesuControllerBuilder | Imported #568 / 340 tx / 13736 pending / 82,269,800 (0.0%) gas / (0x1a4446be2b137efa258c475aa5f0b584696772549f9899c063fb1ed83f7d0afa)
2026-10-07 23:08:34.516+00:00 | EthScheduler-Workers-0 | INFO  | PersistBlockTask | Block 569 (0x7f2fa2fc29610446821d9900a09467dff6c8ead8893fff71059f8e7f8cd36b65) is already imported
2026-10-07 23:08:34.520+00:00 | BftProcessorExecutor-QBFT-0 | INFO  | QbftBesuControllerBuilder | Imported #569 / 325 tx / 13504 pending / 78,640,250 (0.0%) gas / (0x7f2fa2fc29610446821d9900a09467dff6c8ead8893fff71059f8e7f8cd36b65)
2026-10-07 23:08:39.443+00:00 | EthScheduler-Workers-0 | INFO  | PersistBlockTask | Block 570 (0x1bf95cb8d6ae91352ccba2c93c10849b59d761b55dda162219540d86431639ff) is already imported
2026-10-07 23:08:39.450+00:00 | BftProcessorExecutor-QBFT-0 | INFO  | QbftBesuControllerBuilder | Imported #570 / 320 tx / 13195 pending / 77,430,400 (0.0%) gas / (0x1bf95cb8d6ae91352ccba2c93c10849b59d761b55dda162219540d86431639ff)
2026-10-07 23:08:44.271+00:00 | EthScheduler-Workers-0 | INFO  | PersistBlockTask | Block 571 (0x1d46b116d2f23b1dd687a4c8afb4951c0e37d0589d5539377fe97fcd59ee15dc) is already imported
2026-10-07 23:08:44.279+00:00 | BftProcessorExecutor-QBFT-0 | INFO  | QbftBesuControllerBuilder | Imported #571 / 332 tx / 12863 pending / 80,334,040 (0.0%) gas / (0x1d46b116d2f23b1dd687a4c8afb4951c0e37d0589d5539377fe97fcd59ee15dc)
2026-10-07 23:08:49.174+00:00 | BftProcessorExecutor-QBFT-0 | INFO  | QbftBesuControllerBuilder | Imported #572 / 339 tx / 12608 pending / 82,027,830 (0.0%) gas / (0x1cf062c2a367a1fc558447abfd01026aade21fe9c1b31236acac289ca44671d1)
2026-10-07 23:08:54.179+00:00 | BftProcessorExecutor-QBFT-0 | INFO  | QbftBesuControllerBuilder | Imported #573 / 348 tx / 12260 pending / 84,205,560 (0.0%) gas / (0x16a17a94b6ebeefc30e6ee922d4b9d0d6a8fa05b292fcc79f2d6133c48a56f63)
2026-10-07 23:08:55.681+00:00 | BftProcessorExecutor-QBFT-0 | WARN  | BlockTransactionSelector | Interrupting the selection of transactions for block inclusion as it exceeds the maximum configured duration of 1500ms
java.util.concurrent.TimeoutException
	at java.base/java.util.concurrent.CompletableFuture.timedGet(CompletableFuture.java:1960)
	at java.base/java.util.concurrent.CompletableFuture.get(CompletableFuture.java:2095)
	at org.hyperledger.besu.ethereum.blockcreation.txselection.BlockTransactionSelector.timeLimitedSelection(BlockTransactionSelector.java:186)
	at org.hyperledger.besu.ethereum.blockcreation.txselection.BlockTransactionSelector.buildTransactionListForBlock(BlockTransactionSelector.java:169)
	at org.hyperledger.besu.ethereum.blockcreation.AbstractBlockCreator.selectTransactions(AbstractBlockCreator.java:376)
	at org.hyperledger.besu.ethereum.blockcreation.AbstractBlockCreator.createBlock(AbstractBlockCreator.java:218)
	at org.hyperledger.besu.ethereum.blockcreation.AbstractBlockCreator.createBlock(AbstractBlockCreator.java:146)
	at org.hyperledger.besu.consensus.common.bft.blockcreation.BftBlockCreator.createBlock(BftBlockCreator.java:92)
	at org.hyperledger.besu.consensus.qbft.statemachine.QbftRound.createAndSendProposalMessage(QbftRound.java:137)
	at org.hyperledger.besu.consensus.qbft.statemachine.QbftBlockHeightManager.handleBlockTimerExpiry(QbftBlockHeightManager.java:140)
	at org.hyperledger.besu.consensus.common.bft.statemachine.BaseBftController.handleBlockTimerExpiry(BaseBftController.java:167)
	at org.hyperledger.besu.consensus.common.bft.EventMultiplexer.handleBftEvent(EventMultiplexer.java:65)
	at java.base/java.util.Optional.ifPresent(Optional.java:178)
	at org.hyperledger.besu.consensus.common.bft.BftProcessor.run(BftProcessor.java:65)
	at java.base/java.util.concurrent.ThreadPoolExecutor.runWorker(ThreadPoolExecutor.java:1144)
	at java.base/java.util.concurrent.ThreadPoolExecutor$Worker.run(ThreadPoolExecutor.java:642)
	at java.base/java.lang.Thread.run(Thread.java:1583)
2026-10-07 23:08:59.043+00:00 | BftProcessorExecutor-QBFT-0 | INFO  | QbftBesuControllerBuilder | Produced #574 / 325 tx / 11935 pending / 78,640,250 (0.0%) gas / (0x42f4042276cf9bc7a8695b90f1bae862471bdcc961e01ee14a63cdd906f9dab4)
2026-10-07 23:09:04.222+00:00 | EthScheduler-Workers-0 | INFO  | PersistBlockTask | Block 575 (0xbede3531d5a1b1133175862334c02afaaeaacc2e2e4a7326bc54b70691bf97ef) is already imported
2026-10-07 23:09:04.228+00:00 | BftProcessorExecutor-QBFT-0 | INFO  | QbftBesuControllerBuilder | Imported #575 / 331 tx / 11604 pending / 80,092,070 (0.0%) gas / (0xbede3531d5a1b1133175862334c02afaaeaacc2e2e4a7326bc54b70691bf97ef)
2026-10-07 23:09:09.424+00:00 | BftProcessorExecutor-QBFT-0 | INFO  | QbftBesuControllerBuilder | Imported #576 / 344 tx / 11260 pending / 83,237,680 (0.0%) gas / (0x3bbf0963d9ff358381bd579cdc63c26f169308c71b576be70a0254f63c46ea76)
2026-10-07 23:09:14.687+00:00 | BftProcessorExecutor-QBFT-0 | INFO  | QbftBesuControllerBuilder | Imported #577 / 340 tx / 10920 pending / 82,269,800 (0.0%) gas / (0x2e85d81cec3271d78c98e92e49410082a7e2f2def0537970643dfe0ea526aa20)
2026-10-07 23:09:19.925+00:00 | EthScheduler-Workers-0 | INFO  | PersistBlockTask | Block 578 (0x33869336ad699862f82d232a0712f5561e2d25237784fbda2aac1ecf60f02f61) is already imported
2026-10-07 23:09:19.927+00:00 | BftProcessorExecutor-QBFT-0 | INFO  | QbftBesuControllerBuilder | Imported #578 / 347 tx / 10573 pending / 83,963,590 (0.0%) gas / (0x33869336ad699862f82d232a0712f5561e2d25237784fbda2aac1ecf60f02f61)
2026-10-07 23:09:24.948+00:00 | EthScheduler-Workers-0 | INFO  | PersistBlockTask | Block 579 (0xf649248b01ca9223c4820200b6f3981710a8a09e8d5f22fb851f45f3af1f6bfb) is already imported
2026-10-07 23:09:24.952+00:00 | BftProcessorExecutor-QBFT-0 | INFO  | QbftBesuControllerBuilder | Imported #579 / 315 tx / 10258 pending / 76,220,550 (0.0%) gas / (0xf649248b01ca9223c4820200b6f3981710a8a09e8d5f22fb851f45f3af1f6bfb)
2026-10-07 23:09:30.245+00:00 | EthScheduler-Workers-0 | INFO  | PersistBlockTask | Block 580 (0xe5679a00ebb0f33f854f92389e3ea3324ab894bfff3d8a3008b8a4a110f990f9) is already imported
2026-10-07 23:09:30.253+00:00 | BftProcessorExecutor-QBFT-0 | INFO  | QbftBesuControllerBuilder | Imported #580 / 346 tx / 9912 pending / 83,721,620 (0.0%) gas / (0xe5679a00ebb0f33f854f92389e3ea3324ab894bfff3d8a3008b8a4a110f990f9)
2026-10-07 23:09:36.391+00:00 | EthScheduler-Workers-0 | INFO  | PersistBlockTask | Block 581 (0xde4d95c8cdef39344c9d38a1ca5da7e27ce4289d4bcfd703de39360000940306) is already imported
2026-10-07 23:09:36.398+00:00 | BftProcessorExecutor-QBFT-0 | INFO  | QbftBesuControllerBuilder | Imported #581 / 348 tx / 9564 pending / 84,205,560 (0.0%) gas / (0xde4d95c8cdef39344c9d38a1ca5da7e27ce4289d4bcfd703de39360000940306)
2026-10-07 23:09:42.108+00:00 | BftProcessorExecutor-QBFT-0 | INFO  | QbftBesuControllerBuilder | Imported #582 / 318 tx / 9246 pending / 76,946,460 (0.0%) gas / (0xc7fafbb8132ed95cf33e22bee61795bfbfefbf083114c22482bd7153c1ba3a4d)
2026-10-07 23:09:47.840+00:00 | EthScheduler-Workers-0 | INFO  | PersistBlockTask | Block 583 (0x4732aadd6045c8d320f54420837d818056c3d44fb740a2df6806c94c36fcaeb9) is already imported
2026-10-07 23:09:47.846+00:00 | BftProcessorExecutor-QBFT-0 | INFO  | QbftBesuControllerBuilder | Imported #583 / 340 tx / 8906 pending / 82,269,800 (0.0%) gas / (0x4732aadd6045c8d320f54420837d818056c3d44fb740a2df6806c94c36fcaeb9)
2026-10-07 23:09:52.863+00:00 | EthScheduler-Workers-0 | INFO  | PersistBlockTask | Block 584 (0x9f30e2c4d83859e6287e9646b59927c1885974247805776ed5ec75de58cd2919) is already imported
2026-10-07 23:09:52.868+00:00 | BftProcessorExecutor-QBFT-0 | INFO  | QbftBesuControllerBuilder | Imported #584 / 346 tx / 8560 pending / 83,721,620 (0.0%) gas / (0x9f30e2c4d83859e6287e9646b59927c1885974247805776ed5ec75de58cd2919)
2026-10-07 23:09:57.832+00:00 | EthScheduler-Workers-0 | INFO  | PersistBlockTask | Block 585 (0xb51fd67bf5197d0b3537ffd023dc7e52f9c1379e26fdfd126e3b2e9b92d612a1) is already imported
2026-10-07 23:09:57.835+00:00 | BftProcessorExecutor-QBFT-0 | INFO  | QbftBesuControllerBuilder | Imported #585 / 345 tx / 8215 pending / 83,479,650 (0.0%) gas / (0xb51fd67bf5197d0b3537ffd023dc7e52f9c1379e26fdfd126e3b2e9b92d612a1)
2026-10-07 23:10:02.654+00:00 | EthScheduler-Workers-0 | INFO  | PersistBlockTask | Block 586 (0x3d5e3984eaae77e540197a66336cec1f9978dbca662db7a737e1d1820f3f8ed7) is already imported
2026-10-07 23:10:02.657+00:00 | BftProcessorExecutor-QBFT-0 | INFO  | QbftBesuControllerBuilder | Imported #586 / 332 tx / 7883 pending / 80,334,040 (0.0%) gas / (0x3d5e3984eaae77e540197a66336cec1f9978dbca662db7a737e1d1820f3f8ed7)
2026-10-07 23:10:07.667+00:00 | BftProcessorExecutor-QBFT-0 | INFO  | QbftBesuControllerBuilder | Imported #587 / 345 tx / 7538 pending / 83,479,650 (0.0%) gas / (0xdfecea7a840753abf80a224842d1473c177c6256852d3a77940d9886b1592374)
2026-10-07 23:10:12.712+00:00 | BftProcessorExecutor-QBFT-0 | INFO  | QbftBesuControllerBuilder | Imported #588 / 350 tx / 7188 pending / 84,689,500 (0.0%) gas / (0xdc8fd01b0b7b22f085f41f3bb746ca5888c2a278151b85fe42491db1936a9f0a)
2026-10-07 23:10:14.215+00:00 | BftProcessorExecutor-QBFT-0 | WARN  | BlockTransactionSelector | Interrupting the selection of transactions for block inclusion as it exceeds the maximum configured duration of 1500ms
java.util.concurrent.TimeoutException
	at java.base/java.util.concurrent.CompletableFuture.timedGet(CompletableFuture.java:1960)
	at java.base/java.util.concurrent.CompletableFuture.get(CompletableFuture.java:2095)
	at org.hyperledger.besu.ethereum.blockcreation.txselection.BlockTransactionSelector.timeLimitedSelection(BlockTransactionSelector.java:186)
	at org.hyperledger.besu.ethereum.blockcreation.txselection.BlockTransactionSelector.buildTransactionListForBlock(BlockTransactionSelector.java:169)
	at org.hyperledger.besu.ethereum.blockcreation.AbstractBlockCreator.selectTransactions(AbstractBlockCreator.java:376)
	at org.hyperledger.besu.ethereum.blockcreation.AbstractBlockCreator.createBlock(AbstractBlockCreator.java:218)
	at org.hyperledger.besu.ethereum.blockcreation.AbstractBlockCreator.createBlock(AbstractBlockCreator.java:146)
	at org.hyperledger.besu.consensus.common.bft.blockcreation.BftBlockCreator.createBlock(BftBlockCreator.java:92)
	at org.hyperledger.besu.consensus.qbft.statemachine.QbftRound.createAndSendProposalMessage(QbftRound.java:137)
	at org.hyperledger.besu.consensus.qbft.statemachine.QbftBlockHeightManager.handleBlockTimerExpiry(QbftBlockHeightManager.java:140)
	at org.hyperledger.besu.consensus.common.bft.statemachine.BaseBftController.handleBlockTimerExpiry(BaseBftController.java:167)
	at org.hyperledger.besu.consensus.common.bft.EventMultiplexer.handleBftEvent(EventMultiplexer.java:65)
	at java.base/java.util.Optional.ifPresent(Optional.java:178)
	at org.hyperledger.besu.consensus.common.bft.BftProcessor.run(BftProcessor.java:65)
	at java.base/java.util.concurrent.ThreadPoolExecutor.runWorker(ThreadPoolExecutor.java:1144)
	at java.base/java.util.concurrent.ThreadPoolExecutor$Worker.run(ThreadPoolExecutor.java:642)
	at java.base/java.lang.Thread.run(Thread.java:1583)
2026-10-07 23:10:17.601+00:00 | BftProcessorExecutor-QBFT-0 | INFO  | QbftBesuControllerBuilder | Produced #589 / 335 tx / 6853 pending / 81,059,950 (0.0%) gas / (0xadac46edbe2ea6433035325943eb61070d941ac1bb21b1ee307f0e05ce8603c4)
2026-10-07 23:10:22.841+00:00 | EthScheduler-Workers-0 | INFO  | PersistBlockTask | Block 590 (0xdad8498aa6663ff33dd0474873c164cbcd6c4d3964cc0b48d1a7603070ddd9b3) is already imported
2026-10-07 23:10:22.847+00:00 | BftProcessorExecutor-QBFT-0 | INFO  | QbftBesuControllerBuilder | Imported #590 / 343 tx / 6510 pending / 82,995,710 (0.0%) gas / (0xdad8498aa6663ff33dd0474873c164cbcd6c4d3964cc0b48d1a7603070ddd9b3)
2026-10-07 23:10:27.937+00:00 | EthScheduler-Workers-0 | INFO  | PersistBlockTask | Block 591 (0xece68bc68d5ee8f98f924456191a5f6cbd705e6cd7b6431dced1e826cce3ed64) is already imported
2026-10-07 23:10:27.941+00:00 | BftProcessorExecutor-QBFT-0 | INFO  | QbftBesuControllerBuilder | Imported #591 / 336 tx / 6174 pending / 81,301,920 (0.0%) gas / (0xece68bc68d5ee8f98f924456191a5f6cbd705e6cd7b6431dced1e826cce3ed64)
2026-10-07 23:10:33.071+00:00 | BftProcessorExecutor-QBFT-0 | INFO  | QbftBesuControllerBuilder | Imported #592 / 347 tx / 5827 pending / 83,963,590 (0.0%) gas / (0x313252724df46b73d29ad2969aa609a7939caa447674858aa7540de288093f9e)
2026-10-07 23:10:38.368+00:00 | BftProcessorExecutor-QBFT-0 | INFO  | QbftBesuControllerBuilder | Imported #593 / 345 tx / 5482 pending / 83,479,650 (0.0%) gas / (0xa9393030f848e05127d7112b111a7f2537ae8c2227774a03ba35d4451703b9e0)
2026-10-07 23:10:43.588+00:00 | BftProcessorExecutor-QBFT-0 | INFO  | QbftBesuControllerBuilder | Imported #594 / 343 tx / 5139 pending / 82,995,710 (0.0%) gas / (0xf13ce7f8d511756221e11982e2656950dba7710837434910f1e5d044090cbf45)
2026-10-07 23:10:48.860+00:00 | EthScheduler-Workers-0 | INFO  | PersistBlockTask | Block 595 (0xe6bf31384e29efe8275f032242a3150627bfab6866515090c9ba750ada642040) is already imported
2026-10-07 23:10:48.864+00:00 | BftProcessorExecutor-QBFT-0 | INFO  | QbftBesuControllerBuilder | Imported #595 / 343 tx / 4796 pending / 82,995,710 (0.0%) gas / (0xe6bf31384e29efe8275f032242a3150627bfab6866515090c9ba750ada642040)
2026-10-07 23:10:54.788+00:00 | BftProcessorExecutor-QBFT-0 | INFO  | QbftBesuControllerBuilder | Imported #596 / 329 tx / 4467 pending / 79,608,130 (0.0%) gas / (0x652b918bd5ef4743d0547f1c1e383fe9e7a2ddfc6c295216ceb6c518eb40926f)
2026-10-07 23:11:01.049+00:00 | EthScheduler-Workers-0 | INFO  | PersistBlockTask | Block 597 (0x5b2557ff84534993c7c1900ec8f71aed596dd1dc025ffa20f3b41c18b5893d6b) is already imported
2026-10-07 23:11:01.052+00:00 | BftProcessorExecutor-QBFT-0 | INFO  | QbftBesuControllerBuilder | Imported #597 / 346 tx / 4121 pending / 83,721,620 (0.0%) gas / (0x5b2557ff84534993c7c1900ec8f71aed596dd1dc025ffa20f3b41c18b5893d6b)
2026-10-07 23:11:07.056+00:00 | EthScheduler-Workers-0 | INFO  | PersistBlockTask | Block 598 (0x01eb26d1470d48b0a537653f3509c40015e38da538b1952b2f6ce213d45e98f3) is already imported
2026-10-07 23:11:07.060+00:00 | BftProcessorExecutor-QBFT-0 | INFO  | QbftBesuControllerBuilder | Imported #598 / 347 tx / 3774 pending / 83,963,590 (0.0%) gas / (0x01eb26d1470d48b0a537653f3509c40015e38da538b1952b2f6ce213d45e98f3)
2026-10-07 23:11:12.023+00:00 | BftProcessorExecutor-QBFT-0 | INFO  | QbftBesuControllerBuilder | Imported #599 / 348 tx / 3426 pending / 84,205,560 (0.0%) gas / (0x0b02990507c8584c03b2794f393acd2f311162cca13b53b54e1276aa16a65524)
2026-10-07 23:11:16.929+00:00 | BftProcessorExecutor-QBFT-0 | INFO  | QbftBesuControllerBuilder | Imported #600 / 342 tx / 3084 pending / 82,753,740 (0.0%) gas / (0x43a3aadc353f073b62f34100d2ea6f1d3af6b1e111035e8bc96620b9b44529ec)
2026-10-07 23:11:21.906+00:00 | BftProcessorExecutor-QBFT-0 | INFO  | QbftBesuControllerBuilder | Imported #601 / 337 tx / 2747 pending / 81,543,890 (0.0%) gas / (0x6dbf582f534d977796071b1a0eac4c7925b63f5e03083bd750b03470b4b3e613)
2026-10-07 23:11:26.842+00:00 | BftProcessorExecutor-QBFT-0 | INFO  | QbftBesuControllerBuilder | Imported #602 / 345 tx / 2402 pending / 83,479,650 (0.0%) gas / (0x1ce0812d9b16e417bba3232f7711b9f7f124ab1fa85c0fe6b16bb3604afa00e3)
2026-10-07 23:11:31.900+00:00 | BftProcessorExecutor-QBFT-0 | INFO  | QbftBesuControllerBuilder | Imported #603 / 350 tx / 2052 pending / 84,689,500 (0.0%) gas / (0xeacc6902108124bcd67a33b927ebb2cb4401043f32cbb2f32074ba3868a65912)
2026-10-07 23:11:33.403+00:00 | BftProcessorExecutor-QBFT-0 | WARN  | BlockTransactionSelector | Interrupting the selection of transactions for block inclusion as it exceeds the maximum configured duration of 1500ms
java.util.concurrent.TimeoutException
	at java.base/java.util.concurrent.CompletableFuture.timedGet(CompletableFuture.java:1960)
	at java.base/java.util.concurrent.CompletableFuture.get(CompletableFuture.java:2095)
	at org.hyperledger.besu.ethereum.blockcreation.txselection.BlockTransactionSelector.timeLimitedSelection(BlockTransactionSelector.java:186)
	at org.hyperledger.besu.ethereum.blockcreation.txselection.BlockTransactionSelector.buildTransactionListForBlock(BlockTransactionSelector.java:169)
	at org.hyperledger.besu.ethereum.blockcreation.AbstractBlockCreator.selectTransactions(AbstractBlockCreator.java:376)
	at org.hyperledger.besu.ethereum.blockcreation.AbstractBlockCreator.createBlock(AbstractBlockCreator.java:218)
	at org.hyperledger.besu.ethereum.blockcreation.AbstractBlockCreator.createBlock(AbstractBlockCreator.java:146)
	at org.hyperledger.besu.consensus.common.bft.blockcreation.BftBlockCreator.createBlock(BftBlockCreator.java:92)
	at org.hyperledger.besu.consensus.qbft.statemachine.QbftRound.createAndSendProposalMessage(QbftRound.java:137)
	at org.hyperledger.besu.consensus.qbft.statemachine.QbftBlockHeightManager.handleBlockTimerExpiry(QbftBlockHeightManager.java:140)
	at org.hyperledger.besu.consensus.common.bft.statemachine.BaseBftController.handleBlockTimerExpiry(BaseBftController.java:167)
	at org.hyperledger.besu.consensus.common.bft.EventMultiplexer.handleBftEvent(EventMultiplexer.java:65)
	at java.base/java.util.Optional.ifPresent(Optional.java:178)
	at org.hyperledger.besu.consensus.common.bft.BftProcessor.run(BftProcessor.java:65)
	at java.base/java.util.concurrent.ThreadPoolExecutor.runWorker(ThreadPoolExecutor.java:1144)
	at java.base/java.util.concurrent.ThreadPoolExecutor$Worker.run(ThreadPoolExecutor.java:642)
	at java.base/java.lang.Thread.run(Thread.java:1583)
2026-10-07 23:11:36.973+00:00 | EthScheduler-Workers-0 | INFO  | PersistBlockTask | Block 604 (0xcee5be25d2f6df0a880cb16eda04b55cd7450f5f77b2141a018bc1006a8d8945) is already imported
2026-10-07 23:11:36.975+00:00 | BftProcessorExecutor-QBFT-0 | INFO  | QbftBesuControllerBuilder | Produced #604 / 350 tx / 1702 pending / 84,689,500 (0.0%) gas / (0xcee5be25d2f6df0a880cb16eda04b55cd7450f5f77b2141a018bc1006a8d8945)
2026-10-07 23:11:41.798+00:00 | BftProcessorExecutor-QBFT-0 | INFO  | QbftBesuControllerBuilder | Imported #605 / 320 tx / 1382 pending / 77,430,400 (0.0%) gas / (0x9823d5868721788b2cdb66b2f177f5a3a333ca98ab43aa85e4339de8ff37c870)
2026-10-07 23:11:45.895+00:00 | BftProcessorExecutor-QBFT-0 | INFO  | QbftBesuControllerBuilder | Imported #606 / 269 tx / 1113 pending / 65,089,930 (0.0%) gas / (0x3766aa438d50464f4e57e24772cc5b9aecb0a03265d1e0ae7b421a7e9c1c8d49)
2026-10-07 23:11:49.106+00:00 | BftProcessorExecutor-QBFT-0 | INFO  | QbftBesuControllerBuilder | Imported #607 / 206 tx / 907 pending / 49,845,820 (0.0%) gas / (0x8aabda8477a2a6d5f0b4b311a9008c38a3df7109809960b9263ea1722700a43e)
2026-10-07 23:11:51.263+00:00 | EthScheduler-Workers-0 | INFO  | PersistBlockTask | Block 608 (0x1b0b56cf6535966303fb058075fd5c3d919032cd9427cb60b29e270b8629b225) is already imported
2026-10-07 23:11:51.264+00:00 | BftProcessorExecutor-QBFT-0 | INFO  | QbftBesuControllerBuilder | Imported #608 / 123 tx / 784 pending / 29,762,310 (0.0%) gas / (0x1b0b56cf6535966303fb058075fd5c3d919032cd9427cb60b29e270b8629b225)
2026-10-07 23:11:53.183+00:00 | BftProcessorExecutor-QBFT-0 | INFO  | QbftBesuControllerBuilder | Imported #609 / 104 tx / 680 pending / 25,164,880 (0.0%) gas / (0x653c4c4c1f1979c5a23d902b11ab85af2073a15cf894a71c20fdd2bf0bebe054)
2026-10-07 23:11:54.357+00:00 | EthScheduler-Workers-0 | INFO  | PersistBlockTask | Block 610 (0xbcf5ad1b383ba32505cc6b7fa69add029522625d4afcb82ef8a424c162e455ce) is already imported
2026-10-07 23:11:54.357+00:00 | BftProcessorExecutor-QBFT-0 | INFO  | QbftBesuControllerBuilder | Imported #610 / 63 tx / 617 pending / 15,244,110 (0.0%) gas / (0xbcf5ad1b383ba32505cc6b7fa69add029522625d4afcb82ef8a424c162e455ce)
2026-10-07 23:11:56.817+00:00 | EthScheduler-Workers-0 | INFO  | PersistBlockTask | Block 611 (0x95b0f1da4cb51a922afa4f11df79d061c711479020ba7d82cd3b40c7721ac24e) is already imported
2026-10-07 23:11:56.817+00:00 | BftProcessorExecutor-QBFT-0 | INFO  | QbftBesuControllerBuilder | Imported #611 / 80 tx / 537 pending / 19,357,600 (0.0%) gas / (0x95b0f1da4cb51a922afa4f11df79d061c711479020ba7d82cd3b40c7721ac24e)
2026-10-07 23:11:58.689+00:00 | BftProcessorExecutor-QBFT-0 | INFO  | QbftBesuControllerBuilder | Imported #612 / 84 tx / 453 pending / 20,325,480 (0.0%) gas / (0x7e9a57f333dc1b28ce7ed70aeeabe71b2cfc0cf3904884966542dd9cacc2ff2e)
2026-10-07 23:12:00.520+00:00 | EthScheduler-Workers-0 | INFO  | PersistBlockTask | Block 613 (0x1eaa16f5a43a532a911e000a0e352a917af7641d090217594e8cb23f1d63d87a) is already imported
2026-10-07 23:12:00.520+00:00 | BftProcessorExecutor-QBFT-0 | INFO  | QbftBesuControllerBuilder | Imported #613 / 62 tx / 391 pending / 15,002,140 (0.0%) gas / (0x1eaa16f5a43a532a911e000a0e352a917af7641d090217594e8cb23f1d63d87a)
2026-10-07 23:12:02.326+00:00 | BftProcessorExecutor-QBFT-0 | INFO  | QbftBesuControllerBuilder | Imported #614 / 79 tx / 312 pending / 19,115,630 (0.0%) gas / (0x42c40049a5dab7183cd7e34d48f7fbd425066280b91eb40f6dd846af0eac4caa)
2026-10-07 23:12:04.532+00:00 | BftProcessorExecutor-QBFT-0 | INFO  | QbftBesuControllerBuilder | Imported #615 / 91 tx / 221 pending / 22,019,270 (0.0%) gas / (0x21d9a639c0d9e3f0890b9580d861b2630a499a2b1a1f707d77862838a1f29c81)
2026-10-07 23:12:06.656+00:00 | EthScheduler-Workers-0 | INFO  | PersistBlockTask | Block 616 (0x1da63055fe5930be76726cc97eafddf06733af4da00583e5246d5a7bad7fb6a9) is already imported
2026-10-07 23:12:06.657+00:00 | BftProcessorExecutor-QBFT-0 | INFO  | QbftBesuControllerBuilder | Imported #616 / 97 tx / 124 pending / 23,471,090 (0.0%) gas / (0x1da63055fe5930be76726cc97eafddf06733af4da00583e5246d5a7bad7fb6a9)
2026-10-07 23:12:08.291+00:00 | EthScheduler-Workers-0 | INFO  | PersistBlockTask | Block 617 (0xb55ebea050364cf603e1bf845bbe27ff9d4df2cf76db9c422145c26ee84d9419) is already imported
2026-10-07 23:12:08.293+00:00 | BftProcessorExecutor-QBFT-0 | INFO  | QbftBesuControllerBuilder | Imported #617 / 72 tx / 432 pending / 17,156,804 (0.0%) gas / (0xb55ebea050364cf603e1bf845bbe27ff9d4df2cf76db9c422145c26ee84d9419)
2026-10-07 23:12:09.991+00:00 | BftProcessorExecutor-QBFT-0 | INFO  | QbftBesuControllerBuilder | Imported #618 / 81 tx / 914 pending / 15,358,826 (0.0%) gas / (0x65aaf67e233fdc79c80af510e7d36a4d166d6df3a2a5c4924eb72c19602ce4f7)
2026-10-07 23:12:11.980+00:00 | EthScheduler-Workers-0 | INFO  | PersistBlockTask | Block 619 (0xc58743536cad76bfbf8919a942e89580082fa32a346b67b25abcbfd9af3a1655) is already imported
2026-10-07 23:12:11.982+00:00 | BftProcessorExecutor-QBFT-0 | INFO  | QbftBesuControllerBuilder | Produced #619 / 114 tx / 1335 pending / 19,456,596 (0.0%) gas / (0xc58743536cad76bfbf8919a942e89580082fa32a346b67b25abcbfd9af3a1655)
2026-10-07 23:12:13.900+00:00 | BftProcessorExecutor-QBFT-0 | INFO  | QbftBesuControllerBuilder | Imported #620 / 133 tx / 1631 pending / 20,431,874 (0.0%) gas / (0xc0be9a523dd1f37aa30fb64b69d979e1d9b4b9110cb87e960ca9d4cde1bc3e41)
2026-10-07 23:12:16.024+00:00 | EthScheduler-Workers-0 | INFO  | PersistBlockTask | Block 621 (0x0ea2b679655cb5f11645fed7c1386dbe75dec8f00b22244f24ca53db57089d20) is already imported
2026-10-07 23:12:16.027+00:00 | BftProcessorExecutor-QBFT-0 | INFO  | QbftBesuControllerBuilder | Imported #621 / 136 tx / 1569 pending / 20,892,776 (0.0%) gas / (0x0ea2b679655cb5f11645fed7c1386dbe75dec8f00b22244f24ca53db57089d20)
2026-10-07 23:12:17.979+00:00 | EthScheduler-Workers-0 | INFO  | PersistBlockTask | Block 622 (0xad2033eead32ba5f904f073f3ed0c7539a90c02ba0be4db886236ed63e7637f1) is already imported
2026-10-07 23:12:17.981+00:00 | BftProcessorExecutor-QBFT-0 | INFO  | QbftBesuControllerBuilder | Imported #622 / 136 tx / 1470 pending / 20,892,408 (0.0%) gas / (0xad2033eead32ba5f904f073f3ed0c7539a90c02ba0be4db886236ed63e7637f1)
2026-10-07 23:12:20.066+00:00 | BftProcessorExecutor-QBFT-0 | INFO  | QbftBesuControllerBuilder | Imported #623 / 136 tx / 1359 pending / 20,892,640 (0.0%) gas / (0x229c36204e2b8d7082ce00b5ef3bffb34fdc369a17fbd22b215892ddcad82202)
2026-10-07 23:12:21.969+00:00 | EthScheduler-Workers-0 | INFO  | PersistBlockTask | Block 624 (0x8c18a789999bd7d07124141ba10a80bd6ef73ad4a7c3f0a2033f07df2f7850fc) is already imported
2026-10-07 23:12:21.971+00:00 | BftProcessorExecutor-QBFT-0 | INFO  | QbftBesuControllerBuilder | Imported #624 / 136 tx / 1228 pending / 20,892,656 (0.0%) gas / (0x8c18a789999bd7d07124141ba10a80bd6ef73ad4a7c3f0a2033f07df2f7850fc)
2026-10-07 23:12:24.167+00:00 | BftProcessorExecutor-QBFT-0 | INFO  | QbftBesuControllerBuilder | Imported #625 / 136 tx / 1092 pending / 20,892,716 (0.0%) gas / (0x8cb33d449c2d58d1428d24907221c258c824991693e62760f6849a49e27d92fc)
2026-10-07 23:12:30.954+00:00 | BftProcessorExecutor-QBFT-0 | INFO  | QbftBesuControllerBuilder | Imported #626 / 136 tx / 956 pending / 20,892,536 (0.0%) gas / (0x3d334aeb657c75bc74833bf7848fbc0aa79c84ab3bdb4e161649e5c6d61abd3d)
2026-10-07 23:12:33.474+00:00 | EthScheduler-Workers-0 | INFO  | PersistBlockTask | Block 627 (0x5c9b274b1f46640c9c0af8dfcf5b8e1372edc92d32dc8435475a76e6c8a96026) is already imported
2026-10-07 23:12:33.475+00:00 | BftProcessorExecutor-QBFT-0 | INFO  | QbftBesuControllerBuilder | Imported #627 / 136 tx / 820 pending / 20,892,516 (0.0%) gas / (0x5c9b274b1f46640c9c0af8dfcf5b8e1372edc92d32dc8435475a76e6c8a96026)
2026-10-07 23:12:35.710+00:00 | BftProcessorExecutor-QBFT-0 | INFO  | QbftBesuControllerBuilder | Imported #628 / 136 tx / 684 pending / 20,892,572 (0.0%) gas / (0x6c35b374a9d9d5b49da869391c7dbfc61711464351d335319b949a21ede19a9d)
2026-10-07 23:12:36.429+00:00 | EthScheduler-Workers-0 | INFO  | PersistBlockTask | Block 629 (0x5c4db00afd1bfa68025942c5f65af76d6e1c7b41b0b5eee2f93b9176e9fd72ee) is already imported
2026-10-07 23:12:36.430+00:00 | BftProcessorExecutor-QBFT-0 | INFO  | QbftBesuControllerBuilder | Imported #629 / 138 tx / 546 pending / 21,199,744 (0.0%) gas / (0x5c4db00afd1bfa68025942c5f65af76d6e1c7b41b0b5eee2f93b9176e9fd72ee)
2026-10-07 23:12:38.912+00:00 | BftProcessorExecutor-QBFT-0 | INFO  | QbftBesuControllerBuilder | Imported #630 / 138 tx / 408 pending / 21,199,584 (0.0%) gas / (0xb38ece393d2949fa67ef0280edd65219d6e182c4fcee1d772fa7a2a597d3c15a)
2026-10-07 23:12:40.990+00:00 | BftProcessorExecutor-QBFT-0 | INFO  | QbftBesuControllerBuilder | Imported #631 / 138 tx / 270 pending / 21,199,680 (0.0%) gas / (0x2a78e79f3f70a9e499e6df0d613e2771b89646626d51bd1990b73794373c8a68)
2026-10-07 23:12:42.933+00:00 | EthScheduler-Workers-0 | INFO  | PersistBlockTask | Block 632 (0x5ad39acdf0406325c664db747252ef568ab967c69d02c65c9712a644a4f426eb) is already imported
2026-10-07 23:12:42.933+00:00 | BftProcessorExecutor-QBFT-0 | INFO  | QbftBesuControllerBuilder | Imported #632 / 134 tx / 136 pending / 20,585,256 (0.0%) gas / (0x5ad39acdf0406325c664db747252ef568ab967c69d02c65c9712a644a4f426eb)
2026-10-07 23:12:44.681+00:00 | BftProcessorExecutor-QBFT-0 | INFO  | QbftBesuControllerBuilder | Imported #633 / 89 tx / 47 pending / 13,672,454 (0.0%) gas / (0x6d5968d43da05e3850b5255ff217fd953b01f230417dfe23ea1cba9eea7decc4)
2026-10-07 23:12:46.529+00:00 | EthScheduler-Workers-0 | INFO  | PersistBlockTask | Block 634 (0x080ddad935d13a3bd440611ba2eab3eaa8493dcc4c1ee3eaedd6a54fad4ca188) is already imported
2026-10-07 23:12:46.530+00:00 | BftProcessorExecutor-QBFT-0 | INFO  | QbftBesuControllerBuilder | Produced #634 / 44 tx / 3 pending / 6,759,364 (0.0%) gas / (0x080ddad935d13a3bd440611ba2eab3eaa8493dcc4c1ee3eaedd6a54fad4ca188)
2026-10-07 23:12:48.381+00:00 | BftProcessorExecutor-QBFT-0 | INFO  | QbftBesuControllerBuilder | Imported #635 / 3 tx / 0 pending / 460,870 (0.0%) gas / (0x2ac9d1f9272e2837add726947300752b689f9f45c09490615aa8a997357ca315)
2026-10-07 23:12:50.335+00:00 | EthScheduler-Workers-0 | INFO  | PersistBlockTask | Block 636 (0xbefe34f0c26b12e11999a40c75826f428aaae2f02bc53944464ee4629a70985b) is already imported
2026-10-07 23:12:50.335+00:00 | BftProcessorExecutor-QBFT-0 | INFO  | QbftBesuControllerBuilder | Imported #636 / 0 tx / 0 pending / 0 (0.0%) gas / (0xbefe34f0c26b12e11999a40c75826f428aaae2f02bc53944464ee4629a70985b)
2026-10-07 23:12:52.329+00:00 | BftProcessorExecutor-QBFT-0 | INFO  | QbftBesuControllerBuilder | Imported #637 / 0 tx / 0 pending / 0 (0.0%) gas / (0x7b91166b0658a64abc361c39b13f27f2d2c23fdaa4301a8482e63bba63426075)
2026-10-07 23:12:54.326+00:00 | BftProcessorExecutor-QBFT-0 | INFO  | QbftBesuControllerBuilder | Imported #638 / 0 tx / 0 pending / 0 (0.0%) gas / (0x216e8375ada01eca29682cb3b5686c40cefa7208698474193c436a9074ebe54c)
2026-10-07 23:12:56.328+00:00 | BftProcessorExecutor-QBFT-0 | INFO  | QbftBesuControllerBuilder | Imported #639 / 0 tx / 0 pending / 0 (0.0%) gas / (0xdbd467b4a065ed828df623dcd3cbe929812d0cd167657fc72f6a98e032a91cf0)
2026-10-07 23:12:58.324+00:00 | BftProcessorExecutor-QBFT-0 | INFO  | QbftBesuControllerBuilder | Imported #640 / 0 tx / 0 pending / 0 (0.0%) gas / (0xe53be6bee61d72d8a09f0f58d1a80c1ad0bb00aa7dc627dde6275f85a52fb2a9)
2026-10-07 23:13:00.492+00:00 | BftProcessorExecutor-QBFT-0 | INFO  | QbftBesuControllerBuilder | Imported #641 / 0 tx / 0 pending / 0 (0.0%) gas / (0xf382bef1c9978712b2784d7862175eea02e9044babb43b6e4b49992cb7069568)
2026-10-07 23:13:02.551+00:00 | EthScheduler-Workers-0 | INFO  | PersistBlockTask | Block 642 (0xd08025ff8ed1913d8d1c6db376cf32a11999fd583ef29524d952e754b9ea38f7) is already imported
2026-10-07 23:13:02.551+00:00 | BftProcessorExecutor-QBFT-0 | INFO  | QbftBesuControllerBuilder | Imported #642 / 0 tx / 0 pending / 0 (0.0%) gas / (0xd08025ff8ed1913d8d1c6db376cf32a11999fd583ef29524d952e754b9ea38f7)
2026-10-07 23:13:04.497+00:00 | BftProcessorExecutor-QBFT-0 | INFO  | QbftBesuControllerBuilder | Imported #643 / 0 tx / 0 pending / 0 (0.0%) gas / (0x8f8010b97c8d5a83e26fb62667c7a85e5f555292e51bdbf6218b206dd9d825be)
2026-10-07 23:13:06.243+00:00 | BftProcessorExecutor-QBFT-0 | INFO  | QbftBesuControllerBuilder | Imported #644 / 0 tx / 0 pending / 0 (0.0%) gas / (0xae8f1c7faf9c23e1ff945f50bb1a1749db378d2e10d644c7ce7f488970f48ff8)
2026-10-07 23:13:08.253+00:00 | BftProcessorExecutor-QBFT-0 | INFO  | QbftBesuControllerBuilder | Imported #645 / 0 tx / 0 pending / 0 (0.0%) gas / (0x4765ae9d928a74d60f795b71b683e6306c85ffde7d76e1f74545a036ce16b8d4)
2026-10-07 23:13:10.253+00:00 | BftProcessorExecutor-QBFT-0 | INFO  | QbftBesuControllerBuilder | Imported #646 / 0 tx / 0 pending / 0 (0.0%) gas / (0x1bb434e095c7356073634f12fb5b32b7358c6c238e5498abbebd13e64e28a67c)
2026-10-07 23:13:12.243+00:00 | BftProcessorExecutor-QBFT-0 | INFO  | QbftBesuControllerBuilder | Imported #647 / 0 tx / 0 pending / 0 (0.0%) gas / (0x8500e76f2c2c25869ef40b55e5ec10e5b379bf5d0f805cd85dc24771c852d443)
2026-10-07 23:13:14.240+00:00 | BftProcessorExecutor-QBFT-0 | INFO  | QbftBesuControllerBuilder | Imported #648 / 0 tx / 0 pending / 0 (0.0%) gas / (0x5a86ce7ba0a098fa5ebf5284e415f0d62face748d75c4e3392b5a310fda0b739)
2026-10-07 23:13:16.246+00:00 | BftProcessorExecutor-QBFT-0 | INFO  | QbftBesuControllerBuilder | Produced #649 / 0 tx / 0 pending / 0 (0.0%) gas / (0xe6a6653aff069d954c4d05835545610b8f1173baff3fe84f86791237d0cbe851)
2026-10-07 23:13:18.327+00:00 | BftProcessorExecutor-QBFT-0 | INFO  | QbftBesuControllerBuilder | Imported #650 / 0 tx / 0 pending / 0 (0.0%) gas / (0xf193f213f812c79d821daa695e5ba1de4855ce3e8843667de93ef9fa92dbc110)
2026-10-07 23:13:20.330+00:00 | BftProcessorExecutor-QBFT-0 | INFO  | QbftBesuControllerBuilder | Imported #651 / 0 tx / 0 pending / 0 (0.0%) gas / (0x11a8770cb706588b333fdfb07455ad1ab98aab967e022035b514fb330202420a)
2026-10-07 23:13:22.333+00:00 | BftProcessorExecutor-QBFT-0 | INFO  | QbftBesuControllerBuilder | Imported #652 / 0 tx / 0 pending / 0 (0.0%) gas / (0xa6a6f64a4777eb0edd3c504e3f7c79f9294319e1d9f09d78e5c6205f27ccefed)
2026-10-07 23:13:24.330+00:00 | EthScheduler-Workers-0 | INFO  | PersistBlockTask | Block 653 (0x7ee99e41dc199155d16a25189c91c8d96e4bcb899e5a1217a5f06831ae4fba2e) is already imported
2026-10-07 23:13:24.331+00:00 | BftProcessorExecutor-QBFT-0 | INFO  | QbftBesuControllerBuilder | Imported #653 / 0 tx / 0 pending / 0 (0.0%) gas / (0x7ee99e41dc199155d16a25189c91c8d96e4bcb899e5a1217a5f06831ae4fba2e)
2026-10-07 23:13:26.332+00:00 | BftProcessorExecutor-QBFT-0 | INFO  | QbftBesuControllerBuilder | Imported #654 / 0 tx / 0 pending / 0 (0.0%) gas / (0xeb93ee4e2d47bcb24308087f9c5f66e4691c818d535a45203bf7ac8b0e37e0fe)
2026-10-07 23:13:28.320+00:00 | BftProcessorExecutor-QBFT-0 | INFO  | QbftBesuControllerBuilder | Imported #655 / 0 tx / 0 pending / 0 (0.0%) gas / (0xf8b770a3760d2813860b064f19ea521f737b532ae8f2221c3b1cc19d1f038091)
2026-10-07 23:13:30.424+00:00 | BftProcessorExecutor-QBFT-0 | INFO  | QbftBesuControllerBuilder | Imported #656 / 0 tx / 0 pending / 0 (0.0%) gas / (0x6af75903f1c5c0125e16dd48fa7e9081bbe700cdf751b2e143589b71aa3b7b08)
2026-10-07 23:13:32.437+00:00 | BftProcessorExecutor-QBFT-0 | INFO  | QbftBesuControllerBuilder | Imported #657 / 0 tx / 0 pending / 0 (0.0%) gas / (0xedcb809b5539b8ccf8977b56f9b3aa4378f86f23f283a179f43399c3978ee7ef)
2026-10-07 23:13:34.442+00:00 | EthScheduler-Workers-0 | INFO  | PersistBlockTask | Block 658 (0xfb9e490745d6e3ce6f66581f43eb5a8a750a7123f279f282b8e9ee8ad2f1bd23) is already imported
2026-10-07 23:13:34.443+00:00 | BftProcessorExecutor-QBFT-0 | INFO  | QbftBesuControllerBuilder | Imported #658 / 0 tx / 0 pending / 0 (0.0%) gas / (0xfb9e490745d6e3ce6f66581f43eb5a8a750a7123f279f282b8e9ee8ad2f1bd23)
2026-10-07 23:13:36.231+00:00 | BftProcessorExecutor-QBFT-0 | INFO  | QbftBesuControllerBuilder | Imported #659 / 0 tx / 0 pending / 0 (0.0%) gas / (0x4b58342bee4f5c40b50c22feeb347486e26b02f14aee030dbde30a07b0aaf467)
2026-10-07 23:13:38.244+00:00 | BftProcessorExecutor-QBFT-0 | INFO  | QbftBesuControllerBuilder | Imported #660 / 0 tx / 0 pending / 0 (0.0%) gas / (0x08b767425c0aea6750819e7ce2234aa1e37a3ccb76594ae074d9d86deece783d)
2026-10-07 23:13:40.231+00:00 | BftProcessorExecutor-QBFT-0 | INFO  | QbftBesuControllerBuilder | Imported #661 / 0 tx / 0 pending / 0 (0.0%) gas / (0xa2256ac5270f3249dd3f4332fcc3c23bad746626a91f47ddb6eb0d4d5f0fb764)
2026-10-07 23:13:42.226+00:00 | BftProcessorExecutor-QBFT-0 | INFO  | QbftBesuControllerBuilder | Imported #662 / 0 tx / 0 pending / 0 (0.0%) gas / (0x3b147a14f9a2a0f84529164d0d36e26c85398857cfc789ea3562ae8759d5ff41)
2026-10-07 23:13:44.234+00:00 | BftProcessorExecutor-QBFT-0 | INFO  | QbftBesuControllerBuilder | Imported #663 / 0 tx / 0 pending / 0 (0.0%) gas / (0x8311a1b80525322b5e6be90725e8ffb665209378273c3e60e89cd3e4a9c8dcde)
2026-10-07 23:13:46.231+00:00 | BftProcessorExecutor-QBFT-0 | INFO  | QbftBesuControllerBuilder | Produced #664 / 0 tx / 0 pending / 0 (0.0%) gas / (0xc00e2217910b0716a8cf36708b6139e7dab0aebaf786071b3412ee35eee8fab6)
2026-10-07 23:13:48.316+00:00 | BftProcessorExecutor-QBFT-0 | INFO  | QbftBesuControllerBuilder | Imported #665 / 0 tx / 0 pending / 0 (0.0%) gas / (0x683e7267334eeb2c25f2a8b05687ccb96a36da28051c33728a9b80384b91f208)
2026-10-07 23:13:50.327+00:00 | BftProcessorExecutor-QBFT-0 | INFO  | QbftBesuControllerBuilder | Imported #666 / 0 tx / 0 pending / 0 (0.0%) gas / (0x31fb69a5a4534eaa3529b90bb80e43d368d391c45ed42db29dab692c76c245b5)
2026-10-07 23:13:50.332+00:00 | EthScheduler-Workers-0 | INFO  | PersistBlockTask | Block 666 (0x31fb69a5a4534eaa3529b90bb80e43d368d391c45ed42db29dab692c76c245b5) is already imported
2026-10-07 23:13:52.295+00:00 | BftProcessorExecutor-QBFT-0 | INFO  | QbftBesuControllerBuilder | Imported #667 / 0 tx / 0 pending / 0 (0.0%) gas / (0x2ce3a37883faf3615c130387b58fe8fbf87bad5c9e2c64219e125dd7f0ca9a13)
