Setting logging level to INFO
2026-10-07 11:34:16.025+00:00 | main | INFO  | Besu | Starting Besu
2026-10-07 11:34:16.434+00:00 | main | WARN  | Besu | --graphql-http-host has been ignored because --graphql-http-enabled was not defined on the command line.
2026-10-07 11:34:16.543+00:00 | main | INFO  | Besu | Connecting to 0 static nodes.
2026-10-07 11:34:16.547+00:00 | main | INFO  | Besu | Forcing price bump for transaction replacement to 0, since min-gas-price is set to 0
2026-10-07 11:34:16.548+00:00 | main | WARN  | Besu | Forcing tx-pool-min-gas-price=0, since it cannot be greater than the value of min-gas-price
2026-10-07 11:34:17.010+00:00 | main | INFO  | Besu | 
####################################################################################################
#                                                                                                  #
# Besu version 24.7.0                                                                              #
#                                                                                                  #
# Configuration:                                                                                   #
# Network: Custom genesis file                                                                     #
# /config/genesis.json                                                                             #
# Network Id: 1337                                                                                 #
# Data storage: Bonsai                                                                             #
# Sync mode: Full                                                                                  #
# RPC HTTP APIs: ETH,QBFT,NET,ADMIN,WEB3                                                           #
# RPC HTTP port: 8545                                                                              #
# Using LAYERED transaction pool implementation                                                    #
# Using STACKED worldstate update mode                                                             #
# Limit trie logs enabled: retention: 512; prune window: 30000                                     #
#                                                                                                  #
# Host:                                                                                            #
# Java: openjdk-java-21                                                                            #
# Maximum heap size: 29.50 GB                                                                      #
# OS: linux-x86_64                                                                                 #
# glibc: 2.39                                                                                      #
# jemalloc: 5.3.0-0-g54eaed1d8b56b1aa528be3bdd1877e59c56fa90c                                      #
# Total memory: 1007.68 GB                                                                         #
# CPU cores: 256                                                                                   #
#                                                                                                  #
# Plugin Registration Summary:                                                                     #
# No plugins have been registered.                                                                 #
# TOTAL = 0 of 0 plugins successfully registered.                                                  #
#                                                                                                  #
####################################################################################################
2026-10-07 11:34:17.011+00:00 | main | INFO  | Besu | Security Module: localfile
2026-10-07 11:34:17.013+00:00 | main | INFO  | VersionMetadata | Lookup version metadata file in data directory: /data
2026-10-07 11:34:17.013+00:00 | main | INFO  | VersionMetadata | No version data detected. Writing Besu version 24.7.0 to metadata file
2026-10-07 11:34:17.119+00:00 | main | INFO  | Besu | Using the native implementation of alt bn128
2026-10-07 11:34:17.213+00:00 | main | INFO  | Besu | Using the native implementation of modexp
2026-10-07 11:34:17.213+00:00 | main | INFO  | Besu | Using the native implementation of the signature algorithm
2026-10-07 11:34:17.226+00:00 | main | INFO  | Besu | Using the native implementation of the blake2bf algorithm
2026-10-07 11:34:17.351+00:00 | main | INFO  | Besu | Forcing price bump for transaction replacement to 0, since min-gas-price is set to 0
2026-10-07 11:34:17.352+00:00 | main | WARN  | Besu | Forcing tx-pool-min-gas-price=0, since it cannot be greater than the value of min-gas-price
2026-10-07 11:34:17.354+00:00 | main | INFO  | KeyPairUtil | Attempting to load public key from /data/key.priv
2026-10-07 11:34:17.377+00:00 | main | INFO  | KeyPairUtil | Loaded public key 0x546f8962cca26c0d20699f7b6b757dd361341de19c7e81d0aafd8660b59fc8eadcf2274c7999ee0009745ebf79a961f726ecc72ba8d9f53f92ee37486240311f from /data/key.priv
2026-10-07 11:34:17.611+00:00 | main | INFO  | ProtocolScheduleBuilder | Protocol schedule created with milestones: [Berlin:0]
2026-10-07 11:34:17.616+00:00 | main | INFO  | RocksDBKeyValueStorageFactory | No existing database at /data. Using default metadata for new db versionedStorageFormat=BaseVersionedStorageFormat{format=BONSAI, version=2}
2026-10-07 11:34:17.918+00:00 | main | INFO  | FlatDbStrategyProvider | Bonsai flat db mode found FULL
2026-10-07 11:34:17.922+00:00 | main | INFO  | FlatDbStrategyProvider | Bonsai db mode with code stored using code hash enabled = true
2026-10-07 11:34:17.933+00:00 | main | INFO  | FlatDbStrategyProvider | Bonsai flat db mode found FULL
2026-10-07 11:34:17.936+00:00 | main | INFO  | FlatDbStrategyProvider | Bonsai db mode with code stored using code hash enabled = true
2026-10-07 11:34:18.399+00:00 | main | INFO  | TransactionPoolFactory | Enabling transaction pool
2026-10-07 11:34:18.425+00:00 | main | INFO  | BesuControllerBuilder | TTD difficulty is not present, creating initial sync phase for PoW
2026-10-07 11:34:18.473+00:00 | main | INFO  | TrieLogPruner | Loading first 30000 trie logs from database...
2026-10-07 11:34:18.474+00:00 | main | INFO  | TrieLogPruner | Loaded 1 trie logs from database
2026-10-07 11:34:18.485+00:00 | main | INFO  | RunnerBuilder | Resolved 3 bootnodes.
2026-10-07 11:34:18.491+00:00 | main | INFO  | RunnerBuilder | Detecting NAT service.
2026-10-07 11:34:18.691+00:00 | main | INFO  | Runner | Starting external services ... 
2026-10-07 11:34:18.691+00:00 | main | INFO  | JsonRpcHttpService | Starting JSON-RPC service on 0.0.0.0:8545
2026-10-07 11:34:18.825+00:00 | vert.x-eventloop-thread-1 | INFO  | JsonRpcHttpService | JSON-RPC service started and listening on 0.0.0.0:8545
2026-10-07 11:34:18.827+00:00 | main | INFO  | WebSocketService | Starting Websocket service on 0.0.0.0:8546
2026-10-07 11:34:18.829+00:00 | vert.x-eventloop-thread-1 | INFO  | WebSocketService | Websocket service started and listening on 0.0.0.0:8546
2026-10-07 11:34:18.832+00:00 | main | INFO  | AutoTransactionLogBloomCachingService | Starting auto transaction log bloom caching service.
2026-10-07 11:34:18.833+00:00 | main | INFO  | LogBloomCacheMetadata | Lookup cache metadata file in data directory: /data/caches
2026-10-07 11:34:18.842+00:00 | main | INFO  | Runner | Starting Ethereum main loop ... 
2026-10-07 11:34:18.843+00:00 | main | INFO  | NatService | No NAT environment detected so no service could be started
2026-10-07 11:34:18.843+00:00 | main | INFO  | NetworkRunner | Starting Network.
2026-10-07 11:34:18.864+00:00 | nioEventLoopGroup-2-1 | INFO  | RlpxAgent | P2P RLPx agent started and listening on /[0:0:0:0:0:0:0:0]:30303.
2026-10-07 11:34:18.865+00:00 | main | INFO  | PeerDiscoveryAgent | Starting peer discovery agent on host=0.0.0.0, port=30303. IPv6 available.
2026-10-07 11:34:18.877+00:00 | vert.x-eventloop-thread-1 | INFO  | VertxPeerDiscoveryAgent | Started peer discovery agent successfully, on effective host=0:0:0:0:0:0:0:0%0 and port=30303
2026-10-07 11:34:18.878+00:00 | vert.x-eventloop-thread-1 | INFO  | PeerDiscoveryAgent | P2P peer discovery agent started and listening on /[0:0:0:0:0:0:0:0%0]:30303
2026-10-07 11:34:18.925+00:00 | vert.x-eventloop-thread-1 | INFO  | PeerDiscoveryAgent | Writing node record to disk. NodeRecord{seq=1, publicKey=0x03546f8962cca26c0d20699f7b6b757dd361341de19c7e81d0aafd8660b59fc8ea, udpAddress=Optional[/0.0.0.0:30303], tcpAddress=Optional[/0.0.0.0:30303], asBase64=-Je4QAD0JFZGXQwIGUHqRFCUH5pjPJ47ote8vsHDFt5nBx8EHfG1h6BiWIMZKoW0ijbnTM81iOVdgtrF5jFWS79kTcgBg2V0aMfGhMMd3CKAgmlkgnY0gmlwhAAAAACJc2VjcDI1NmsxoQNUb4lizKJsDSBpn3trdX3TYTQd4Zx-gdCq_YZgtZ_I6oN0Y3CCdl-DdWRwgnZf, nodeId=0x41bd5ea69f332a560e55a03f0e5288b661c6c636513a5d85833572a0ebb500e3, customFields={tcp=30303, udp=30303, ip=0x00000000, eth=[[0xc31ddc22, 0x]], id=V4, secp256k1=0x03546f8962cca26c0d20699f7b6b757dd361341de19c7e81d0aafd8660b59fc8ea}}
2026-10-07 11:34:18.982+00:00 | main | INFO  | DefaultP2PNetwork | Enode URL enode://546f8962cca26c0d20699f7b6b757dd361341de19c7e81d0aafd8660b59fc8eadcf2274c7999ee0009745ebf79a961f726ecc72ba8d9f53f92ee37486240311f@0.0.0.0:30303
2026-10-07 11:34:18.982+00:00 | main | INFO  | DefaultP2PNetwork | Node address 0x0e5288b661c6c636513a5d85833572a0ebb500e3
2026-10-07 11:34:19.014+00:00 | main | INFO  | NetworkRunner | Supported capabilities: [eth/62, eth/63, eth/64, eth/65, eth/66, eth/67, eth/68], [istanbul/100], [snap/1]
2026-10-07 11:34:19.014+00:00 | main | INFO  | DefaultSynchronizer | Starting synchronizer.
2026-10-07 11:34:19.016+00:00 | main | INFO  | TransactionPoolFactory | Enabling transaction handling following initial sync
2026-10-07 11:34:19.016+00:00 | main | INFO  | QbftBesuControllerBuilder | Starting QBFT mining coordinator following initial sync
2026-10-07 11:34:19.031+00:00 | main | INFO  | FullSyncDownloader | Starting full sync.
2026-10-07 11:34:19.032+00:00 | main | INFO  | FullSyncTargetManager | Unable to find sync target. Currently checking 0 peers for usefulness
2026-10-07 11:34:19.042+00:00 | main | INFO  | Runner | Ethereum main loop is up.
2026-10-07 11:34:20.854+00:00 | nioEventLoopGroup-3-3 | INFO  | FullSyncTargetManager | Unable to find sync target. Currently checking 1 peers for usefulness
2026-10-07 11:34:22.796+00:00 | nioEventLoopGroup-3-4 | INFO  | FullSyncTargetManager | Unable to find sync target. Currently checking 2 peers for usefulness
2026-10-07 11:34:24.283+00:00 | nioEventLoopGroup-3-5 | INFO  | FullSyncTargetManager | Unable to find sync target. Currently checking 3 peers for usefulness
2026-10-07 11:34:26.325+00:00 | nioEventLoopGroup-3-7 | INFO  | FullSyncTargetManager | Unable to find sync target. Currently checking 4 peers for usefulness
2026-10-07 11:34:28.066+00:00 | nioEventLoopGroup-3-9 | INFO  | FullSyncTargetManager | Unable to find sync target. Currently checking 5 peers for usefulness
2026-10-07 11:34:30.510+00:00 | nioEventLoopGroup-3-2 | INFO  | FullSyncTargetManager | Unable to find sync target. Currently checking 6 peers for usefulness
2026-10-07 11:34:32.077+00:00 | nioEventLoopGroup-3-4 | INFO  | FullSyncTargetManager | Unable to find sync target. Currently checking 7 peers for usefulness
2026-10-07 11:34:34.348+00:00 | nioEventLoopGroup-3-6 | INFO  | FullSyncTargetManager | Unable to find sync target. Currently checking 8 peers for usefulness
2026-10-07 11:34:36.174+00:00 | nioEventLoopGroup-3-7 | INFO  | FullSyncTargetManager | Unable to find sync target. Currently checking 9 peers for usefulness
2026-10-07 11:34:38.278+00:00 | nioEventLoopGroup-3-9 | INFO  | FullSyncTargetManager | Unable to find sync target. Currently checking 10 peers for usefulness
2026-10-07 11:34:40.024+00:00 | nioEventLoopGroup-3-1 | INFO  | FullSyncTargetManager | Unable to find sync target. Currently checking 11 peers for usefulness
2026-10-07 11:34:41.789+00:00 | nioEventLoopGroup-3-4 | INFO  | FullSyncTargetManager | Unable to find sync target. Currently checking 12 peers for usefulness
2026-10-07 11:34:44.493+00:00 | nioEventLoopGroup-3-6 | INFO  | FullSyncTargetManager | Unable to find sync target. Currently checking 13 peers for usefulness
2026-10-07 11:34:46.315+00:00 | BftProcessorExecutor-QBFT-0 | INFO  | QbftRound | Importing proposed block to chain. round=ConsensusRoundIdentifier{Sequence=1, Round=1}, hash=0xc484ce6eb43d58f010fcd92fb2545e4815315ad10013bf8dc0844269cc421a1e
2026-10-07 11:34:46.339+00:00 | EthScheduler-Workers-0 | INFO  | PersistBlockTask | Block 1 (0xc484ce6eb43d58f010fcd92fb2545e4815315ad10013bf8dc0844269cc421a1e) is already imported
2026-10-07 11:34:46.342+00:00 | BftProcessorExecutor-QBFT-0 | INFO  | QbftBesuControllerBuilder | Imported #1 / 0 tx / 0 pending / 0 (0.0%) gas / (0xc484ce6eb43d58f010fcd92fb2545e4815315ad10013bf8dc0844269cc421a1e)
2026-10-07 11:34:46.517+00:00 | nioEventLoopGroup-3-8 | INFO  | FullSyncTargetManager | Unable to find sync target. Currently checking 14 peers for usefulness
2026-10-07 11:34:48.195+00:00 | EthScheduler-Workers-0 | INFO  | PersistBlockTask | Imported #2 / 0 tx / 0 om / 0 (0.0%) gas / (0x06ad0c2d0e671c159fd5a6c72eed71d279ee257d8c3b8f091a8ac936e22ec416) in 0.004s. Peers: 14
2026-10-07 11:34:50.209+00:00 | BftProcessorExecutor-QBFT-0 | INFO  | QbftBesuControllerBuilder | Imported #3 / 0 tx / 0 pending / 0 (0.0%) gas / (0xd73f8b7e7fdca6d1b4d99ce0107777a33d50fcb700e64fa068f0f490ef04871b)
2026-10-07 11:34:52.126+00:00 | BftProcessorExecutor-QBFT-0 | INFO  | QbftBesuControllerBuilder | Imported #4 / 0 tx / 0 pending / 0 (0.0%) gas / (0x779037432995431ac8eaab3cd15cbed27b5ad479008ecd449b7c04bd2954abfa)
2026-10-07 11:34:54.200+00:00 | EthScheduler-Workers-0 | INFO  | PersistBlockTask | Imported #5 / 0 tx / 0 om / 0 (0.0%) gas / (0x0fe4434154933d72292cf4f5c94e6bb63a2b0607237d4b739daabed4faebedfc) in 0.002s. Peers: 14
2026-10-07 11:34:54.203+00:00 | BftProcessorExecutor-QBFT-0 | INFO  | QbftBesuControllerBuilder | Imported #5 / 0 tx / 1 pending / 0 (0.0%) gas / (0x0fe4434154933d72292cf4f5c94e6bb63a2b0607237d4b739daabed4faebedfc)
2026-10-07 11:34:56.155+00:00 | BftProcessorExecutor-QBFT-0 | INFO  | QbftBesuControllerBuilder | Imported #6 / 0 tx / 1 pending / 0 (0.0%) gas / (0x41d4dcafee5e946ffb6461c2db22c181c2e1bc2474ca26e73818459bb61d7cbf)
2026-10-07 11:34:58.127+00:00 | BftProcessorExecutor-QBFT-0 | INFO  | QbftBesuControllerBuilder | Imported #7 / 0 tx / 1 pending / 0 (0.0%) gas / (0xced54ab4a6461cba8935eeb240aaedad056dd9714ebbd1acc8432f8673e1712a)
2026-10-07 11:35:00.163+00:00 | BftProcessorExecutor-QBFT-0 | INFO  | QbftBesuControllerBuilder | Imported #8 / 0 tx / 1 pending / 0 (0.0%) gas / (0xb1a213be0566c9056e7de22f3aa09558d3272d727eac78264259bdc10a848b62)
2026-10-07 11:35:02.195+00:00 | BftProcessorExecutor-QBFT-0 | INFO  | QbftBesuControllerBuilder | Imported #9 / 0 tx / 1 pending / 0 (0.0%) gas / (0x1067cfefb05a4c3ec7ff84cca073ffd105d038dccd501c4e917ef05c7097ab2d)
2026-10-07 11:35:04.134+00:00 | EthScheduler-Workers-0 | INFO  | PersistBlockTask | Imported #10 / 0 tx / 0 om / 0 (0.0%) gas / (0x5c27f3e1f33e9ad4baa74b3c22cfa2215bbdc2b8ffad29e82f73ea05886f6f8e) in 0.007s. Peers: 14
2026-10-07 11:35:06.175+00:00 | BftProcessorExecutor-QBFT-0 | INFO  | QbftBesuControllerBuilder | Imported #11 / 0 tx / 1 pending / 0 (0.0%) gas / (0xf4641b02e5ffe6d805c90fb0c9db7409a7c57b62a8a934f607764080a9c2a6a9)
2026-10-07 11:35:08.185+00:00 | EthScheduler-Workers-0 | INFO  | PersistBlockTask | Imported #12 / 0 tx / 0 om / 0 (0.0%) gas / (0x7cf2a6d2765bd371513250e109c1d81f133dc4e3d2f0f12df0562a46dad9e974) in 0.006s. Peers: 14
2026-10-07 11:35:10.189+00:00 | BftProcessorExecutor-QBFT-0 | INFO  | QbftBesuControllerBuilder | Imported #13 / 0 tx / 1 pending / 0 (0.0%) gas / (0xeb2ddd3990496efeb2f512445b9f8a439ba21bf2f60e43b205303a90ff0d4f4f)
2026-10-07 11:35:12.178+00:00 | BftProcessorExecutor-QBFT-0 | INFO  | QbftBesuControllerBuilder | Imported #14 / 0 tx / 1 pending / 0 (0.0%) gas / (0x36f3577bad54577998dc2e20160e6448a9c9690cafa7a0dcfcebbe5e7dc72d12)
2026-10-07 11:35:14.255+00:00 | BftProcessorExecutor-QBFT-0 | INFO  | QbftBesuControllerBuilder | Produced #15 / 1 tx / 0 pending / 465,218 (0.0%) gas / (0x94d2a90aaa0a272adb4686f025250da2917038ac2647be5bb16fa65efe2823b0)
2026-10-07 11:35:16.079+00:00 | BftProcessorExecutor-QBFT-0 | INFO  | QbftBesuControllerBuilder | Imported #16 / 0 tx / 1 pending / 0 (0.0%) gas / (0x0802ecae7e414f33058e851c37db72aa7ec6a7bb3a8cf07bf135faec42b73fb7)
2026-10-07 11:35:18.080+00:00 | BftProcessorExecutor-QBFT-0 | INFO  | QbftBesuControllerBuilder | Imported #17 / 0 tx / 1 pending / 0 (0.0%) gas / (0x0775b8ff74861cd5cc5c983e10bcc25d32d50b78c4b3466c7bdfaedd46517bc3)
2026-10-07 11:35:20.098+00:00 | EthScheduler-Workers-0 | INFO  | PersistBlockTask | Block 18 (0xa6164e1fbd9340bedca236d1e49bd75b836ec6a45de2c068fcfc748a563a99b3) is already imported
2026-10-07 11:35:20.100+00:00 | BftProcessorExecutor-QBFT-0 | INFO  | QbftBesuControllerBuilder | Imported #18 / 0 tx / 1 pending / 0 (0.0%) gas / (0xa6164e1fbd9340bedca236d1e49bd75b836ec6a45de2c068fcfc748a563a99b3)
2026-10-07 11:35:22.084+00:00 | BftProcessorExecutor-QBFT-0 | INFO  | QbftBesuControllerBuilder | Imported #19 / 0 tx / 1 pending / 0 (0.0%) gas / (0x5efa066a3c46a89e176d6fe076bbcc6fbe203a42336332f1240522b6e8d8a5b3)
2026-10-07 11:35:24.092+00:00 | EthScheduler-Workers-0 | INFO  | PersistBlockTask | Imported #20 / 0 tx / 0 om / 0 (0.0%) gas / (0x87d6eac3949034c18bef0e8d4262b13cdabeea46d63f8420d05ea83d02b15432) in 0.003s. Peers: 14
2026-10-07 11:35:26.119+00:00 | EthScheduler-Workers-0 | INFO  | PersistBlockTask | Imported #21 / 0 tx / 0 om / 0 (0.0%) gas / (0xc43bf9956c309b88794c41ba8c8624a13aa16be5c478ca71a7f7b64bc2ccedc2) in 0.002s. Peers: 14
2026-10-07 11:35:28.097+00:00 | EthScheduler-Workers-0 | INFO  | PersistBlockTask | Block 22 (0x8a1d650fd8d4378409137207310daca96b748e633655971b2b419684dce3197d) is already imported
2026-10-07 11:35:28.097+00:00 | BftProcessorExecutor-QBFT-0 | INFO  | QbftBesuControllerBuilder | Imported #22 / 0 tx / 1 pending / 0 (0.0%) gas / (0x8a1d650fd8d4378409137207310daca96b748e633655971b2b419684dce3197d)
2026-10-07 11:35:30.098+00:00 | BftProcessorExecutor-QBFT-0 | INFO  | QbftBesuControllerBuilder | Imported #23 / 0 tx / 1 pending / 0 (0.0%) gas / (0x8668132d3c406e7d7a2124df9af8329c8468ccdeb24452fdd96027d9b43ce47e)
2026-10-07 11:35:32.088+00:00 | BftProcessorExecutor-QBFT-0 | INFO  | QbftBesuControllerBuilder | Imported #24 / 0 tx / 1 pending / 0 (0.0%) gas / (0x74473724afe1efad66a86cfd150239669c52e4f2f10c25557d50fb1eecf53054)
2026-10-07 11:35:34.111+00:00 | BftProcessorExecutor-QBFT-0 | INFO  | QbftBesuControllerBuilder | Imported #25 / 0 tx / 1 pending / 0 (0.0%) gas / (0xa99afe5859c32014c01fa8c000fcdc5f336644b1207f9c86a5e84f623c6db1fa)
2026-10-07 11:35:36.089+00:00 | BftProcessorExecutor-QBFT-0 | INFO  | QbftBesuControllerBuilder | Imported #26 / 0 tx / 1 pending / 0 (0.0%) gas / (0xdcf635ca9d615a7647ea5ac314e78e0b0e25c5281f7c7710c1da00ecd1b8cab0)
2026-10-07 11:35:38.079+00:00 | BftProcessorExecutor-QBFT-0 | INFO  | QbftBesuControllerBuilder | Imported #27 / 0 tx / 1 pending / 0 (0.0%) gas / (0x428fb37f29b8c404168a112aeaba6c10aaeb7629ca84642804baac8a822f8dff)
2026-10-07 11:35:40.073+00:00 | BftProcessorExecutor-QBFT-0 | INFO  | QbftBesuControllerBuilder | Imported #28 / 0 tx / 1 pending / 0 (0.0%) gas / (0x4de092038e2b08a0e9e113397108795cc87a7b9ff7c98e7026ab4b879b775716)
2026-10-07 11:35:42.098+00:00 | BftProcessorExecutor-QBFT-0 | INFO  | QbftBesuControllerBuilder | Imported #29 / 0 tx / 1 pending / 0 (0.0%) gas / (0x862831c2c2b70ed93e677aa1a33734b5dedff0da1a3d3e29fb7bece439ae615b)
2026-10-07 11:35:44.188+00:00 | BftProcessorExecutor-QBFT-0 | INFO  | QbftBesuControllerBuilder | Produced #30 / 1 tx / 0 pending / 1,832,981 (0.0%) gas / (0x3c3111fc90964bea5a005c4e0a80e0ddd920ad23bf16b53b7e52d1614ddc7a6a)
2026-10-07 11:35:44.188+00:00 | EthScheduler-Workers-0 | INFO  | PersistBlockTask | Block 30 (0x3c3111fc90964bea5a005c4e0a80e0ddd920ad23bf16b53b7e52d1614ddc7a6a) is already imported
2026-10-07 11:35:46.086+00:00 | EthScheduler-Workers-0 | INFO  | PersistBlockTask | Block 31 (0xb2b22b997524a15818d7ed02de99ac5365001aeb7da42acf2a707fe52f4a06cd) is already imported
2026-10-07 11:35:46.086+00:00 | BftProcessorExecutor-QBFT-0 | INFO  | QbftBesuControllerBuilder | Imported #31 / 0 tx / 0 pending / 0 (0.0%) gas / (0xb2b22b997524a15818d7ed02de99ac5365001aeb7da42acf2a707fe52f4a06cd)
2026-10-07 11:35:48.103+00:00 | EthScheduler-Workers-0 | INFO  | PersistBlockTask | Imported #32 / 0 tx / 0 om / 0 (0.0%) gas / (0x588edea96d55cf728cab7082cb1dc022739a11c379e281d196a5ca6f4d4250e5) in 0.003s. Peers: 14
2026-10-07 11:35:48.104+00:00 | BftProcessorExecutor-QBFT-0 | INFO  | QbftBesuControllerBuilder | Imported #32 / 0 tx / 0 pending / 0 (0.0%) gas / (0x588edea96d55cf728cab7082cb1dc022739a11c379e281d196a5ca6f4d4250e5)
2026-10-07 11:35:50.093+00:00 | BftProcessorExecutor-QBFT-0 | INFO  | QbftBesuControllerBuilder | Imported #33 / 0 tx / 0 pending / 0 (0.0%) gas / (0x3431b40a751edbfb4009c386689b6f0806447290641da7104816653550b95f72)
2026-10-07 11:35:52.113+00:00 | BftProcessorExecutor-QBFT-0 | INFO  | QbftBesuControllerBuilder | Imported #34 / 0 tx / 0 pending / 0 (0.0%) gas / (0x68b5a74573b382f02447600debfe32b072d14e7408bd6045f246fcf9e329ea83)
2026-10-07 11:35:54.110+00:00 | BftProcessorExecutor-QBFT-0 | INFO  | QbftBesuControllerBuilder | Imported #35 / 0 tx / 0 pending / 0 (0.0%) gas / (0xa66769e278beea9c9a07cfb48f5897298d92a5e07e6ae3a306269ab24b847b48)
2026-10-07 11:35:54.111+00:00 | EthScheduler-Workers-0 | INFO  | PersistBlockTask | Block 35 (0xa66769e278beea9c9a07cfb48f5897298d92a5e07e6ae3a306269ab24b847b48) is already imported
2026-10-07 11:35:56.096+00:00 | BftProcessorExecutor-QBFT-0 | INFO  | QbftBesuControllerBuilder | Imported #36 / 0 tx / 0 pending / 0 (0.0%) gas / (0xa88d9926e5c442822f9bd69431d8bf32caeb16afb0aacd2364e6ad35ecc3e56b)
2026-10-07 11:35:58.091+00:00 | BftProcessorExecutor-QBFT-0 | INFO  | QbftBesuControllerBuilder | Imported #37 / 0 tx / 0 pending / 0 (0.0%) gas / (0x458e7073811539c5d5c0afcd2806b484fad81ffb1291550aef72c46325fceed7)
2026-10-07 11:36:00.094+00:00 | BftProcessorExecutor-QBFT-0 | INFO  | QbftBesuControllerBuilder | Imported #38 / 0 tx / 0 pending / 0 (0.0%) gas / (0x47be00d24cb8f09442cfeba96054bc2502da9c33f773296527aca24439cd1c4c)
2026-10-07 11:36:02.096+00:00 | BftProcessorExecutor-QBFT-0 | INFO  | QbftBesuControllerBuilder | Imported #39 / 0 tx / 0 pending / 0 (0.0%) gas / (0xe2ce111cd099b882e0331aff8a9918aec4300d5b6f690de3096b9d543c0072ea)
2026-10-07 11:36:04.103+00:00 | BftProcessorExecutor-QBFT-0 | INFO  | QbftBesuControllerBuilder | Imported #40 / 0 tx / 0 pending / 0 (0.0%) gas / (0xa12569b54e5df2b15ecff1a6046efcb8362b6c0605b458e5d36533e6feb265bf)
2026-10-07 11:36:06.106+00:00 | BftProcessorExecutor-QBFT-0 | INFO  | QbftBesuControllerBuilder | Imported #41 / 0 tx / 0 pending / 0 (0.0%) gas / (0x427d97493a5d991f29defdd32c6a6278a9418145df207b3218d2ccccd5e30cce)
2026-10-07 11:36:08.099+00:00 | BftProcessorExecutor-QBFT-0 | INFO  | QbftBesuControllerBuilder | Imported #42 / 0 tx / 0 pending / 0 (0.0%) gas / (0x4f3f66bf9d826d8a818b645b7a66e557a35f8937fe7488081b928caf32100e01)
2026-10-07 11:36:10.107+00:00 | BftProcessorExecutor-QBFT-0 | INFO  | QbftBesuControllerBuilder | Imported #43 / 0 tx / 0 pending / 0 (0.0%) gas / (0x875d1559590eef793493ba8a72d35149f35e2dba1356cc216acef9aabf7c8837)
2026-10-07 11:36:12.102+00:00 | EthScheduler-Workers-0 | INFO  | PersistBlockTask | Block 44 (0x63b4d32d3601e42feeda3840ffb7ac92d9711b78a448dfaca5862b772b120ffe) is already imported
2026-10-07 11:36:12.102+00:00 | BftProcessorExecutor-QBFT-0 | INFO  | QbftBesuControllerBuilder | Imported #44 / 0 tx / 0 pending / 0 (0.0%) gas / (0x63b4d32d3601e42feeda3840ffb7ac92d9711b78a448dfaca5862b772b120ffe)
2026-10-07 11:36:14.502+00:00 | EthScheduler-Workers-0 | INFO  | PersistBlockTask | Block 45 (0x881a97cd2f82c2f816ac6922723110fd885238b7b5ed0b3fed85ea3a78cc228e) is already imported
2026-10-07 11:36:14.502+00:00 | BftProcessorExecutor-QBFT-0 | INFO  | QbftBesuControllerBuilder | Produced #45 / 9 tx / 119 pending / 2,177,730 (0.0%) gas / (0x881a97cd2f82c2f816ac6922723110fd885238b7b5ed0b3fed85ea3a78cc228e)
2026-10-07 11:36:16.416+00:00 | EthScheduler-Workers-0 | INFO  | PersistBlockTask | Block 46 (0x9e12bff045e3dcfe5d938866d6845fdd552a50a1a3f24d276f5384bfd68b5aa6) is already imported
2026-10-07 11:36:16.417+00:00 | BftProcessorExecutor-QBFT-0 | INFO  | QbftBesuControllerBuilder | Imported #46 / 9 tx / 110 pending / 2,177,730 (0.0%) gas / (0x9e12bff045e3dcfe5d938866d6845fdd552a50a1a3f24d276f5384bfd68b5aa6)
2026-10-07 11:36:18.365+00:00 | EthScheduler-Workers-0 | INFO  | PersistBlockTask | Block 47 (0xfc5b26d85e148291bd34cc25e07c6320e3b0a57281fab9cb1ff7c99826b05bfe) is already imported
2026-10-07 11:36:18.365+00:00 | BftProcessorExecutor-QBFT-0 | INFO  | QbftBesuControllerBuilder | Imported #47 / 9 tx / 101 pending / 2,177,730 (0.0%) gas / (0xfc5b26d85e148291bd34cc25e07c6320e3b0a57281fab9cb1ff7c99826b05bfe)
2026-10-07 11:36:20.350+00:00 | BftProcessorExecutor-QBFT-0 | INFO  | QbftBesuControllerBuilder | Imported #48 / 9 tx / 92 pending / 2,177,730 (0.0%) gas / (0x4ba8673ccdb9c162ce432aebcfa36902cd8d3a42e71c6491cbeac2088d732db6)
2026-10-07 11:36:22.381+00:00 | BftProcessorExecutor-QBFT-0 | INFO  | QbftBesuControllerBuilder | Imported #49 / 9 tx / 83 pending / 2,177,730 (0.0%) gas / (0x58acc9fdce684cbfa2f0c50a8c708e48a63441b7c8d97b817fc671f0a551904e)
2026-10-07 11:36:24.358+00:00 | BftProcessorExecutor-QBFT-0 | INFO  | QbftBesuControllerBuilder | Imported #50 / 9 tx / 74 pending / 2,177,730 (0.0%) gas / (0xabe46c29ba6098207991821e874e491db8f0e44544a361fd24174214001c1d1c)
2026-10-07 11:36:26.393+00:00 | BftProcessorExecutor-QBFT-0 | INFO  | QbftBesuControllerBuilder | Imported #51 / 9 tx / 65 pending / 2,177,730 (0.0%) gas / (0x41ca7b79eb441634db520fc7ab38ad989a1d0ec2887a55704f2bee90ce0070d5)
2026-10-07 11:36:28.422+00:00 | BftProcessorExecutor-QBFT-0 | INFO  | QbftBesuControllerBuilder | Imported #52 / 9 tx / 56 pending / 2,177,730 (0.0%) gas / (0x4d0c97cc4a3943cf551db721de470d25b869ca1a406ce842f8ea95195df42f7d)
2026-10-07 11:36:28.422+00:00 | EthScheduler-Workers-0 | INFO  | PersistBlockTask | Block 52 (0x4d0c97cc4a3943cf551db721de470d25b869ca1a406ce842f8ea95195df42f7d) is already imported
2026-10-07 11:36:30.421+00:00 | BftProcessorExecutor-QBFT-0 | INFO  | QbftBesuControllerBuilder | Imported #53 / 8 tx / 48 pending / 1,935,760 (0.0%) gas / (0x29d3f931dea3b6518acdf7dd949644aef5d7fa3a864e19689111bd5f2fa08723)
2026-10-07 11:36:30.422+00:00 | EthScheduler-Workers-0 | INFO  | PersistBlockTask | Block 53 (0x29d3f931dea3b6518acdf7dd949644aef5d7fa3a864e19689111bd5f2fa08723) is already imported
2026-10-07 11:36:32.324+00:00 | BftProcessorExecutor-QBFT-0 | INFO  | QbftBesuControllerBuilder | Imported #54 / 8 tx / 40 pending / 1,935,760 (0.0%) gas / (0x27912e8103c4f2a7f2a772d2c608a1c5d7aaf4986773f4fbe264b2e2d2532ecc)
2026-10-07 11:36:34.362+00:00 | EthScheduler-Workers-0 | INFO  | PersistBlockTask | Block 55 (0xe4022d6e9c69990b23760a45feb2dcb42cf2f9b8ad776107e484a40ad420933b) is already imported
2026-10-07 11:36:34.362+00:00 | BftProcessorExecutor-QBFT-0 | INFO  | QbftBesuControllerBuilder | Imported #55 / 8 tx / 32 pending / 1,935,760 (0.0%) gas / (0xe4022d6e9c69990b23760a45feb2dcb42cf2f9b8ad776107e484a40ad420933b)
2026-10-07 11:36:36.314+00:00 | BftProcessorExecutor-QBFT-0 | INFO  | QbftBesuControllerBuilder | Imported #56 / 8 tx / 24 pending / 1,935,760 (0.0%) gas / (0x24a5f3b267d3caadd3670351513789387ece23bbeeb45c1466d30a97fb79cbeb)
2026-10-07 11:36:38.402+00:00 | EthScheduler-Workers-0 | INFO  | PersistBlockTask | Block 57 (0x672e49c59ad30ed36546a1e6eb743118ca6f01b98e1453e9fc0e12fa43698c7c) is already imported
2026-10-07 11:36:38.402+00:00 | BftProcessorExecutor-QBFT-0 | INFO  | QbftBesuControllerBuilder | Imported #57 / 8 tx / 16 pending / 1,935,760 (0.0%) gas / (0x672e49c59ad30ed36546a1e6eb743118ca6f01b98e1453e9fc0e12fa43698c7c)
2026-10-07 11:36:40.391+00:00 | BftProcessorExecutor-QBFT-0 | INFO  | QbftBesuControllerBuilder | Imported #58 / 8 tx / 8 pending / 1,935,760 (0.0%) gas / (0xfc7afbfcb438e2e02ad5cc99033ad23cac88c3fcacc12add20ecffc50b146968)
2026-10-07 11:36:42.348+00:00 | BftProcessorExecutor-QBFT-0 | INFO  | QbftBesuControllerBuilder | Imported #59 / 8 tx / 0 pending / 1,935,760 (0.0%) gas / (0x220364d2dc23ebd1b4a2487566c3200f24232f2142da58181a26ede934791e00)
2026-10-07 11:36:44.083+00:00 | BftProcessorExecutor-QBFT-0 | INFO  | QbftBesuControllerBuilder | Produced #60 / 0 tx / 0 pending / 0 (0.0%) gas / (0x14c5bd4d35a0682de02642ee5233d39bfd35ca04463320d5dbf188a52f8b908e)
2026-10-07 11:36:46.108+00:00 | BftProcessorExecutor-QBFT-0 | INFO  | QbftBesuControllerBuilder | Imported #61 / 1 tx / 7 pending / 153,638 (0.0%) gas / (0xe50940940b1aa43d1eee1b26dea69153bafa697903c6e96721c5342f879cc73c)
2026-10-07 11:36:46.108+00:00 | EthScheduler-Workers-0 | INFO  | PersistBlockTask | Block 61 (0xe50940940b1aa43d1eee1b26dea69153bafa697903c6e96721c5342f879cc73c) is already imported
2026-10-07 11:36:48.103+00:00 | BftProcessorExecutor-QBFT-0 | INFO  | QbftBesuControllerBuilder | Imported #62 / 1 tx / 6 pending / 153,638 (0.0%) gas / (0x5c14bd6ab829fafc65fd7250be67006ea877cb5cbe76deaf40d6f33a7f50c61c)
2026-10-07 11:36:50.095+00:00 | BftProcessorExecutor-QBFT-0 | INFO  | QbftBesuControllerBuilder | Imported #63 / 1 tx / 5 pending / 153,650 (0.0%) gas / (0x242c03b32b80fec4255fa5cbf62357659876b140ca30c436ed74d600b35cd692)
2026-10-07 11:36:52.110+00:00 | BftProcessorExecutor-QBFT-0 | INFO  | QbftBesuControllerBuilder | Imported #64 / 1 tx / 4 pending / 153,650 (0.0%) gas / (0xb81211a86b81a26c18ff03ebaffc3785c4a8151c4a947ceebf107ca6a15357b6)
2026-10-07 11:36:54.120+00:00 | EthScheduler-Workers-0 | INFO  | PersistBlockTask | Block 65 (0x0c4e2a508353724dbbd8a2e399507e2b5165f86d0b580b133eeb0fd2e471baa4) is already imported
2026-10-07 11:36:54.120+00:00 | BftProcessorExecutor-QBFT-0 | INFO  | QbftBesuControllerBuilder | Imported #65 / 1 tx / 3 pending / 153,650 (0.0%) gas / (0x0c4e2a508353724dbbd8a2e399507e2b5165f86d0b580b133eeb0fd2e471baa4)
2026-10-07 11:36:56.082+00:00 | BftProcessorExecutor-QBFT-0 | INFO  | QbftBesuControllerBuilder | Imported #66 / 1 tx / 2 pending / 153,630 (0.0%) gas / (0xf9e8c1679c5458a9101811d33e66b2ae8ac47646d13294952bb9787df9419c8b)
2026-10-07 11:36:58.089+00:00 | BftProcessorExecutor-QBFT-0 | INFO  | QbftBesuControllerBuilder | Imported #67 / 1 tx / 1 pending / 153,630 (0.0%) gas / (0x49b7325d2c5fe29557b25e0a6092111ea01c6779d5284e9fd070f859261e0d46)
2026-10-07 11:37:00.092+00:00 | BftProcessorExecutor-QBFT-0 | INFO  | QbftBesuControllerBuilder | Imported #68 / 0 tx / 1 pending / 0 (0.0%) gas / (0xb44c6035604b730e5bfff6db57553777459bb579329eedfbf0c2060a53c8dd25)
2026-10-07 11:37:02.080+00:00 | EthScheduler-Workers-0 | INFO  | PersistBlockTask | Imported #69 / 0 tx / 0 om / 0 (0.0%) gas / (0xf9b9e2c782de862f7bd3e64451aed3ec6d4929e23e4ec3fae7d2799530cdfdaa) in 0.001s. Peers: 14
2026-10-07 11:37:04.085+00:00 | BftProcessorExecutor-QBFT-0 | INFO  | QbftBesuControllerBuilder | Imported #70 / 0 tx / 1 pending / 0 (0.0%) gas / (0x89f6dd811dbb58913c5049d4ffa1e9b9187d59bd0788fd64f335186501084d5d)
2026-10-07 11:37:06.099+00:00 | EthScheduler-Workers-0 | INFO  | PersistBlockTask | Block 71 (0x1c0612aa81743cfb61359e2c8988da7eb52974afc5c56a573e22c7ce409f0b52) is already imported
2026-10-07 11:37:06.099+00:00 | BftProcessorExecutor-QBFT-0 | INFO  | QbftBesuControllerBuilder | Imported #71 / 0 tx / 1 pending / 0 (0.0%) gas / (0x1c0612aa81743cfb61359e2c8988da7eb52974afc5c56a573e22c7ce409f0b52)
2026-10-07 11:37:08.093+00:00 | BftProcessorExecutor-QBFT-0 | INFO  | QbftBesuControllerBuilder | Imported #72 / 0 tx / 1 pending / 0 (0.0%) gas / (0xf65d964b374ccdf03133114a765fb87fc674fb3902b7db1f013f4fb871852d06)
2026-10-07 11:37:10.092+00:00 | BftProcessorExecutor-QBFT-0 | INFO  | QbftBesuControllerBuilder | Imported #73 / 0 tx / 1 pending / 0 (0.0%) gas / (0xb87f2c6b19e39c01a8c39a007684f2803ae27a962a3924341059e36ff712c585)
2026-10-07 11:37:12.096+00:00 | BftProcessorExecutor-QBFT-0 | INFO  | QbftBesuControllerBuilder | Imported #74 / 0 tx / 1 pending / 0 (0.0%) gas / (0x628905d24dcb4d8af57b829202a711ddc6c5072f3de3e7e884ad01efd93b4ad4)
2026-10-07 11:37:14.097+00:00 | EthScheduler-Workers-0 | INFO  | PersistBlockTask | Block 75 (0x0f5e669b0b1173eaf19b67f4ebd32a5afc6a69532ee09ec156754e9ec33dba09) is already imported
2026-10-07 11:37:14.098+00:00 | BftProcessorExecutor-QBFT-0 | INFO  | QbftBesuControllerBuilder | Produced #75 / 1 tx / 0 pending / 153,630 (0.0%) gas / (0x0f5e669b0b1173eaf19b67f4ebd32a5afc6a69532ee09ec156754e9ec33dba09)
2026-10-07 11:37:16.123+00:00 | BftProcessorExecutor-QBFT-0 | INFO  | QbftBesuControllerBuilder | Imported #76 / 3 tx / 80 pending / 725,910 (0.0%) gas / (0x37b942ccd4cc24b63ac8f99b41fded37ed0201e7dc24d1beb7b3e7552817e28e)
2026-10-07 11:37:18.346+00:00 | EthScheduler-Workers-0 | INFO  | PersistBlockTask | Block 77 (0x64fcb52e482a5a4418f9aa7b23573ee470d12210601de2138cc7f0a101f716bb) is already imported
2026-10-07 11:37:18.347+00:00 | BftProcessorExecutor-QBFT-0 | INFO  | QbftBesuControllerBuilder | Imported #77 / 9 tx / 116 pending / 2,177,730 (0.0%) gas / (0x64fcb52e482a5a4418f9aa7b23573ee470d12210601de2138cc7f0a101f716bb)
2026-10-07 11:37:20.299+00:00 | BftProcessorExecutor-QBFT-0 | INFO  | QbftBesuControllerBuilder | Imported #78 / 9 tx / 107 pending / 2,177,730 (0.0%) gas / (0xf5e8b0a0a070bc2f0a251a55cd7ac42e942951466ca2de36044e79b991765518)
2026-10-07 11:37:22.391+00:00 | EthScheduler-Workers-0 | INFO  | PersistBlockTask | Block 79 (0xb5b63d7011bdc3d39339cb6f69d346638a7efbcde8bd3de588ecdfb188df2e81) is already imported
2026-10-07 11:37:22.391+00:00 | BftProcessorExecutor-QBFT-0 | INFO  | QbftBesuControllerBuilder | Imported #79 / 9 tx / 98 pending / 2,177,730 (0.0%) gas / (0xb5b63d7011bdc3d39339cb6f69d346638a7efbcde8bd3de588ecdfb188df2e81)
2026-10-07 11:37:24.313+00:00 | BftProcessorExecutor-QBFT-0 | INFO  | QbftBesuControllerBuilder | Imported #80 / 9 tx / 89 pending / 2,177,730 (0.0%) gas / (0x010008779ef9d6a8bc56f76c2662821e58582adc307490258244339b2a74b74a)
2026-10-07 11:37:26.345+00:00 | BftProcessorExecutor-QBFT-0 | INFO  | QbftBesuControllerBuilder | Imported #81 / 9 tx / 80 pending / 2,177,730 (0.0%) gas / (0x7d211bc5f880796e3c37f751420b7e1a117a692d0e89216e70e5846edb4ad67a)
2026-10-07 11:37:26.345+00:00 | EthScheduler-Workers-0 | INFO  | PersistBlockTask | Block 81 (0x7d211bc5f880796e3c37f751420b7e1a117a692d0e89216e70e5846edb4ad67a) is already imported
2026-10-07 11:37:28.381+00:00 | EthScheduler-Workers-0 | INFO  | PersistBlockTask | Block 82 (0x4f6b8735d5011d2502d49a865fb60c699013709475bdc7dbce52dd194325a94b) is already imported
2026-10-07 11:37:28.381+00:00 | BftProcessorExecutor-QBFT-0 | INFO  | QbftBesuControllerBuilder | Imported #82 / 9 tx / 71 pending / 2,177,730 (0.0%) gas / (0x4f6b8735d5011d2502d49a865fb60c699013709475bdc7dbce52dd194325a94b)
2026-10-07 11:37:30.271+00:00 | BftProcessorExecutor-QBFT-0 | INFO  | QbftBesuControllerBuilder | Imported #83 / 8 tx / 63 pending / 1,935,760 (0.0%) gas / (0xeeb4e261ca1d3796fea8ced702a53afe948bacd3e1b4cd3d0f9822f978fe6f57)
2026-10-07 11:37:32.312+00:00 | EthScheduler-Workers-0 | INFO  | PersistBlockTask | Block 84 (0x5493cbf24847628443c6075f5d8ea361e6c8c26605b4929eef341679513e47c2) is already imported
2026-10-07 11:37:32.312+00:00 | BftProcessorExecutor-QBFT-0 | INFO  | QbftBesuControllerBuilder | Imported #84 / 8 tx / 55 pending / 1,935,760 (0.0%) gas / (0x5493cbf24847628443c6075f5d8ea361e6c8c26605b4929eef341679513e47c2)
2026-10-07 11:37:34.307+00:00 | EthScheduler-Workers-0 | INFO  | PersistBlockTask | Block 85 (0x07522b95ab8fdc69fa0b7f5c9a6b981adcba493a2ef81921162e9fad446e3932) is already imported
2026-10-07 11:37:34.307+00:00 | BftProcessorExecutor-QBFT-0 | INFO  | QbftBesuControllerBuilder | Imported #85 / 8 tx / 47 pending / 1,935,760 (0.0%) gas / (0x07522b95ab8fdc69fa0b7f5c9a6b981adcba493a2ef81921162e9fad446e3932)
2026-10-07 11:37:36.268+00:00 | BftProcessorExecutor-QBFT-0 | INFO  | QbftBesuControllerBuilder | Imported #86 / 8 tx / 39 pending / 1,935,760 (0.0%) gas / (0x6a62219dbdabfa8b72aff01c4877c6112639251db09d9f2ab4398b8ef6ac5383)
2026-10-07 11:37:38.286+00:00 | BftProcessorExecutor-QBFT-0 | INFO  | QbftBesuControllerBuilder | Imported #87 / 8 tx / 31 pending / 1,935,760 (0.0%) gas / (0x8f16c73a9254f0aa0883661939688ae8c7eab5da3a20f17016600028ddf936c9)
2026-10-07 11:37:40.299+00:00 | BftProcessorExecutor-QBFT-0 | INFO  | QbftBesuControllerBuilder | Imported #88 / 8 tx / 23 pending / 1,935,760 (0.0%) gas / (0xdb0210aa79c48245c4402290d95db33b5ea83df8b880ff34dae11e8fd6f63a84)
2026-10-07 11:37:42.291+00:00 | BftProcessorExecutor-QBFT-0 | INFO  | QbftBesuControllerBuilder | Imported #89 / 8 tx / 15 pending / 1,935,760 (0.0%) gas / (0xc6f02bc7c5d450ae64ac11ef46bf3ae46f52888e2b7728ac86447dd271fdd9ec)
2026-10-07 11:37:44.304+00:00 | EthScheduler-Workers-0 | INFO  | PersistBlockTask | Block 90 (0x729d8042509e5774d78c8aae4a1e3e4c0f2bd530acc493bb51b47d172139a2d7) is already imported
2026-10-07 11:37:44.304+00:00 | BftProcessorExecutor-QBFT-0 | INFO  | QbftBesuControllerBuilder | Produced #90 / 9 tx / 6 pending / 2,177,730 (0.0%) gas / (0x729d8042509e5774d78c8aae4a1e3e4c0f2bd530acc493bb51b47d172139a2d7)
2026-10-07 11:37:46.281+00:00 | BftProcessorExecutor-QBFT-0 | INFO  | QbftBesuControllerBuilder | Imported #91 / 6 tx / 0 pending / 1,451,820 (0.0%) gas / (0x36b341a63f98b11243c7ffc2778c61bf6b766ef90d19ba5dd4e08b03d0d41f2f)
2026-10-07 11:37:48.088+00:00 | EthScheduler-Workers-0 | INFO  | PersistBlockTask | Block 92 (0x7bb415fb0c0407c839fa8cbc00cc89d25ed909952283c90c655f9327a8d57b28) is already imported
2026-10-07 11:37:48.088+00:00 | BftProcessorExecutor-QBFT-0 | INFO  | QbftBesuControllerBuilder | Imported #92 / 0 tx / 0 pending / 0 (0.0%) gas / (0x7bb415fb0c0407c839fa8cbc00cc89d25ed909952283c90c655f9327a8d57b28)
2026-10-07 11:37:50.096+00:00 | BftProcessorExecutor-QBFT-0 | INFO  | QbftBesuControllerBuilder | Imported #93 / 1 tx / 7 pending / 153,618 (0.0%) gas / (0xb09502c8e8b4a9931e0a62aa2906ac540c5ca63e84b29b3921b30131513535f8)
2026-10-07 11:37:52.104+00:00 | BftProcessorExecutor-QBFT-0 | INFO  | QbftBesuControllerBuilder | Imported #94 / 1 tx / 6 pending / 153,606 (0.0%) gas / (0xb990ad4956058704b997979987a96abe46a6d9575c7a977b5bfcde24ab88e208)
2026-10-07 11:37:54.120+00:00 | EthScheduler-Workers-0 | INFO  | PersistBlockTask | Block 95 (0x4989be19d6a39f13c3d4b63ba5b770bc4538964297599b34379903637032eca7) is already imported
2026-10-07 11:37:54.120+00:00 | BftProcessorExecutor-QBFT-0 | INFO  | QbftBesuControllerBuilder | Imported #95 / 1 tx / 5 pending / 153,638 (0.0%) gas / (0x4989be19d6a39f13c3d4b63ba5b770bc4538964297599b34379903637032eca7)
2026-10-07 11:37:56.097+00:00 | BftProcessorExecutor-QBFT-0 | INFO  | QbftBesuControllerBuilder | Imported #96 / 1 tx / 4 pending / 153,650 (0.0%) gas / (0x00adafcf395b36d9790197727e289d8bd607b9498837d2c0dcf13cb8fcf768f8)
2026-10-07 11:37:58.087+00:00 | BftProcessorExecutor-QBFT-0 | INFO  | QbftBesuControllerBuilder | Imported #97 / 1 tx / 3 pending / 153,638 (0.0%) gas / (0x4d26ac55d824b5073ed050464ce9b442d6924c0578df32efd43007b2112a21c8)
2026-10-07 11:38:00.095+00:00 | BftProcessorExecutor-QBFT-0 | INFO  | QbftBesuControllerBuilder | Imported #98 / 0 tx / 3 pending / 0 (0.0%) gas / (0xfe57f7586ae8d33f7ee9bda043c9e9cae028b93fd833e358864185b69a67987c)
2026-10-07 11:38:02.088+00:00 | BftProcessorExecutor-QBFT-0 | INFO  | QbftBesuControllerBuilder | Imported #99 / 0 tx / 3 pending / 0 (0.0%) gas / (0x7eb66d81e2ae6d6418468259beb5a734c38e07da0876a49ee3164a62290b53ee)
2026-10-07 11:38:02.090+00:00 | EthScheduler-Workers-0 | INFO  | PersistBlockTask | Block 99 (0x7eb66d81e2ae6d6418468259beb5a734c38e07da0876a49ee3164a62290b53ee) is already imported
2026-10-07 11:38:04.101+00:00 | BftProcessorExecutor-QBFT-0 | INFO  | QbftBesuControllerBuilder | Imported #100 / 0 tx / 3 pending / 0 (0.0%) gas / (0xc86d0b8a20e3fb9644f2688e05ec0ab4a6c74ef63853fe8c227681ef87a116cc)
2026-10-07 11:38:06.071+00:00 | BftProcessorExecutor-QBFT-0 | INFO  | QbftBesuControllerBuilder | Imported #101 / 0 tx / 3 pending / 0 (0.0%) gas / (0x092d67f000996fb5698ddf30e7e408c2d11409c8f70d905e7c128d71ff2df37c)
2026-10-07 11:38:08.091+00:00 | EthScheduler-Workers-0 | INFO  | PersistBlockTask | Block 102 (0x05e9e8992c0fc950cedbef49611dcf61029cfcae78778538c6e8449348757259) is already imported
2026-10-07 11:38:08.092+00:00 | BftProcessorExecutor-QBFT-0 | INFO  | QbftBesuControllerBuilder | Imported #102 / 0 tx / 3 pending / 0 (0.0%) gas / (0x05e9e8992c0fc950cedbef49611dcf61029cfcae78778538c6e8449348757259)
2026-10-07 11:38:10.079+00:00 | BftProcessorExecutor-QBFT-0 | INFO  | QbftBesuControllerBuilder | Imported #103 / 0 tx / 3 pending / 0 (0.0%) gas / (0xe593ca55d359e600ea8d8206e4f5373a5cdcaa493b8eae926cf3148d62b70c6e)
2026-10-07 11:38:12.101+00:00 | EthScheduler-Workers-0 | INFO  | PersistBlockTask | Block 104 (0x6ec39225d55d6ed1b75a5b4f52fde11bcb10eb0695bad68dc0da853da8016621) is already imported
2026-10-07 11:38:12.101+00:00 | BftProcessorExecutor-QBFT-0 | INFO  | QbftBesuControllerBuilder | Imported #104 / 0 tx / 3 pending / 0 (0.0%) gas / (0x6ec39225d55d6ed1b75a5b4f52fde11bcb10eb0695bad68dc0da853da8016621)
2026-10-07 11:38:14.121+00:00 | BftProcessorExecutor-QBFT-0 | INFO  | QbftBesuControllerBuilder | Produced #105 / 1 tx / 2 pending / 153,630 (0.0%) gas / (0xab6629b37b132e92c02cf922f0d2cee73ee42736596d66d71aa08ad4cc94bafa)
2026-10-07 11:38:16.097+00:00 | BftProcessorExecutor-QBFT-0 | INFO  | QbftBesuControllerBuilder | Imported #106 / 1 tx / 1 pending / 153,630 (0.0%) gas / (0x643a64b1371eeac2d7bfd7ed2fbd42cf4646df5e9cdc1cbef01581eebce7936a)
2026-10-07 11:38:16.099+00:00 | EthScheduler-Workers-0 | INFO  | PersistBlockTask | Block 106 (0x643a64b1371eeac2d7bfd7ed2fbd42cf4646df5e9cdc1cbef01581eebce7936a) is already imported
2026-10-07 11:38:18.102+00:00 | EthScheduler-Workers-0 | INFO  | PersistBlockTask | Block 107 (0x34f3213ded3f9888966b7c3d7ef7f4d7859cbbf208c7635b28037cbd877a7af9) is already imported
2026-10-07 11:38:18.102+00:00 | BftProcessorExecutor-QBFT-0 | INFO  | QbftBesuControllerBuilder | Imported #107 / 1 tx / 0 pending / 153,626 (0.0%) gas / (0x34f3213ded3f9888966b7c3d7ef7f4d7859cbbf208c7635b28037cbd877a7af9)
2026-10-07 11:38:20.288+00:00 | BftProcessorExecutor-QBFT-0 | INFO  | QbftBesuControllerBuilder | Imported #108 / 9 tx / 119 pending / 2,177,730 (0.0%) gas / (0xe2dcbd3e07581a1ff903b61925c071fc7a7e4ed6792135bfb49ccc441726baee)
2026-10-07 11:38:22.298+00:00 | BftProcessorExecutor-QBFT-0 | INFO  | QbftBesuControllerBuilder | Imported #109 / 9 tx / 110 pending / 2,177,730 (0.0%) gas / (0x7523293725595316588af628fb9aa1d980a3977fd22e352bab185915ee121997)
2026-10-07 11:38:24.313+00:00 | BftProcessorExecutor-QBFT-0 | INFO  | QbftBesuControllerBuilder | Imported #110 / 9 tx / 101 pending / 2,177,730 (0.0%) gas / (0x72c9220b0464ceff7a6dedae59a7d284ae148d83e666820d39f4b3b7c5edaa0c)
2026-10-07 11:38:26.367+00:00 | EthScheduler-Workers-0 | INFO  | PersistBlockTask | Block 111 (0x0d4fb72eae653f67ee786d5139451dc874e4c12a079d0ea66631138125bdd6fe) is already imported
2026-10-07 11:38:26.367+00:00 | BftProcessorExecutor-QBFT-0 | INFO  | QbftBesuControllerBuilder | Imported #111 / 9 tx / 92 pending / 2,177,730 (0.0%) gas / (0x0d4fb72eae653f67ee786d5139451dc874e4c12a079d0ea66631138125bdd6fe)
2026-10-07 11:38:28.321+00:00 | BftProcessorExecutor-QBFT-0 | INFO  | QbftBesuControllerBuilder | Imported #112 / 9 tx / 83 pending / 2,177,730 (0.0%) gas / (0xc0a35f109ca9ef0bbdea9e6daf277a466de57f22ad368259fca742358b3254aa)
2026-10-07 11:38:30.280+00:00 | BftProcessorExecutor-QBFT-0 | INFO  | QbftBesuControllerBuilder | Imported #113 / 8 tx / 75 pending / 1,935,760 (0.0%) gas / (0xb1387613a8796eab29c8869c6b2bab04ab5bc8ba022059df2b10ce2d062d886c)
2026-10-07 11:38:32.347+00:00 | EthScheduler-Workers-0 | INFO  | PersistBlockTask | Block 114 (0x14306c30300e561d95ad49d975e82b36c16988ad05211c7aff0c1e71ee6f9016) is already imported
2026-10-07 11:38:32.347+00:00 | BftProcessorExecutor-QBFT-0 | INFO  | QbftBesuControllerBuilder | Imported #114 / 8 tx / 67 pending / 1,935,760 (0.0%) gas / (0x14306c30300e561d95ad49d975e82b36c16988ad05211c7aff0c1e71ee6f9016)
2026-10-07 11:38:34.321+00:00 | BftProcessorExecutor-QBFT-0 | INFO  | QbftBesuControllerBuilder | Imported #115 / 8 tx / 59 pending / 1,935,760 (0.0%) gas / (0x7131ed781e8b53674c5feb3923508349a5ffdcdc582208fb1a3b5ed2dd3fc13f)
2026-10-07 11:38:36.295+00:00 | BftProcessorExecutor-QBFT-0 | INFO  | QbftBesuControllerBuilder | Imported #116 / 8 tx / 51 pending / 1,935,760 (0.0%) gas / (0x6d563dc023b073a494055fe04724b96464f7526db9d5a35df89d99f3b1351217)
2026-10-07 11:38:38.361+00:00 | BftProcessorExecutor-QBFT-0 | INFO  | QbftBesuControllerBuilder | Imported #117 / 8 tx / 43 pending / 1,935,760 (0.0%) gas / (0x907993f115c7770ff8f3e21499921471fa1b9ee1cd20bc131f7feac72a2e2b7c)
2026-10-07 11:38:40.326+00:00 | EthScheduler-Workers-0 | INFO  | PersistBlockTask | Block 118 (0x957e047c8ca877f80c0c2d5d813f40b143011d4d8eca953d6eeb2061c5757d97) is already imported
2026-10-07 11:38:40.326+00:00 | BftProcessorExecutor-QBFT-0 | INFO  | QbftBesuControllerBuilder | Imported #118 / 8 tx / 35 pending / 1,935,760 (0.0%) gas / (0x957e047c8ca877f80c0c2d5d813f40b143011d4d8eca953d6eeb2061c5757d97)
2026-10-07 11:38:42.344+00:00 | EthScheduler-Workers-0 | INFO  | PersistBlockTask | Block 119 (0xc1e485423ad39f54edc339750bd28b38b29cb023d6c54f7ea838265bfc182720) is already imported
2026-10-07 11:38:42.344+00:00 | BftProcessorExecutor-QBFT-0 | INFO  | QbftBesuControllerBuilder | Imported #119 / 8 tx / 27 pending / 1,935,760 (0.0%) gas / (0xc1e485423ad39f54edc339750bd28b38b29cb023d6c54f7ea838265bfc182720)
2026-10-07 11:38:44.397+00:00 | EthScheduler-Workers-0 | INFO  | PersistBlockTask | Block 120 (0xc1e2d914310403f2c6c514bf97840ace2b5e7ada827e6ce36cdec5de3e7367fe) is already imported
2026-10-07 11:38:44.397+00:00 | BftProcessorExecutor-QBFT-0 | INFO  | QbftBesuControllerBuilder | Produced #120 / 9 tx / 18 pending / 2,177,730 (0.0%) gas / (0xc1e2d914310403f2c6c514bf97840ace2b5e7ada827e6ce36cdec5de3e7367fe)
2026-10-07 11:38:46.365+00:00 | EthScheduler-Workers-0 | INFO  | PersistBlockTask | Block 121 (0x5a4c59ba2c849871beddbd54093e88f40695a0b4c1020b561a62cbd2bf08ccb3) is already imported
2026-10-07 11:38:46.365+00:00 | BftProcessorExecutor-QBFT-0 | INFO  | QbftBesuControllerBuilder | Imported #121 / 9 tx / 9 pending / 2,177,730 (0.0%) gas / (0x5a4c59ba2c849871beddbd54093e88f40695a0b4c1020b561a62cbd2bf08ccb3)
2026-10-07 11:38:48.420+00:00 | EthScheduler-Workers-0 | INFO  | PersistBlockTask | Block 122 (0x5dd7a2a6c901348fe4e6b49aa02ea2b659f64e96be874d0f7197d60c3d264ea1) is already imported
2026-10-07 11:38:48.420+00:00 | BftProcessorExecutor-QBFT-0 | INFO  | QbftBesuControllerBuilder | Imported #122 / 9 tx / 0 pending / 2,177,730 (0.0%) gas / (0x5dd7a2a6c901348fe4e6b49aa02ea2b659f64e96be874d0f7197d60c3d264ea1)
2026-10-07 11:38:50.074+00:00 | BftProcessorExecutor-QBFT-0 | INFO  | QbftBesuControllerBuilder | Imported #123 / 0 tx / 0 pending / 0 (0.0%) gas / (0x72c70e54bbc9ff8e51914eac49dfd6525077b2f45c6e6e68ae8b0512c940b668)
2026-10-07 11:38:52.096+00:00 | BftProcessorExecutor-QBFT-0 | INFO  | QbftBesuControllerBuilder | Imported #124 / 1 tx / 7 pending / 153,630 (0.0%) gas / (0x924913edee53e2ada184cfae2fc04e5c851b118dded7c3746eb5026865e0a3bd)
2026-10-07 11:38:54.092+00:00 | BftProcessorExecutor-QBFT-0 | INFO  | QbftBesuControllerBuilder | Imported #125 / 1 tx / 6 pending / 153,618 (0.0%) gas / (0xfd62ba9bfbeca8e16cab0964fc87703c6a8f16d721d40323fb15912ac419a006)
2026-10-07 11:38:56.102+00:00 | BftProcessorExecutor-QBFT-0 | INFO  | QbftBesuControllerBuilder | Imported #126 / 1 tx / 5 pending / 153,650 (0.0%) gas / (0x145ae07c1d401cc4828340ce50f03d0b1c3680a9becc3c7e50d7aa82de7532d1)
2026-10-07 11:38:56.102+00:00 | EthScheduler-Workers-0 | INFO  | PersistBlockTask | Block 126 (0x145ae07c1d401cc4828340ce50f03d0b1c3680a9becc3c7e50d7aa82de7532d1) is already imported
2026-10-07 11:38:58.108+00:00 | BftProcessorExecutor-QBFT-0 | INFO  | QbftBesuControllerBuilder | Imported #127 / 1 tx / 4 pending / 153,650 (0.0%) gas / (0x7573e2b5a5e0ac4aa70996eca244941433361bda3d93bbef6a78b03e31c2a37f)
2026-10-07 11:39:00.079+00:00 | BftProcessorExecutor-QBFT-0 | INFO  | QbftBesuControllerBuilder | Imported #128 / 0 tx / 4 pending / 0 (0.0%) gas / (0x667d3edba5bf48a3cd64a9cc2f334249832faee6cca8606d5ed29afc7dc60ba9)
2026-10-07 11:39:02.112+00:00 | EthScheduler-Workers-0 | INFO  | PersistBlockTask | Block 129 (0x17a9f81c059b0ae87ad2d98520d1ae80143f44c26458c729e39b5f2331f1de12) is already imported
2026-10-07 11:39:02.112+00:00 | BftProcessorExecutor-QBFT-0 | INFO  | QbftBesuControllerBuilder | Imported #129 / 0 tx / 4 pending / 0 (0.0%) gas / (0x17a9f81c059b0ae87ad2d98520d1ae80143f44c26458c729e39b5f2331f1de12)
2026-10-07 11:39:04.096+00:00 | BftProcessorExecutor-QBFT-0 | INFO  | QbftBesuControllerBuilder | Imported #130 / 0 tx / 4 pending / 0 (0.0%) gas / (0xdf15853cef6ca2ea741ced95375917e0e3f1f936d88ad4185de2f93fcc6d1163)
2026-10-07 11:39:06.090+00:00 | BftProcessorExecutor-QBFT-0 | INFO  | QbftBesuControllerBuilder | Imported #131 / 0 tx / 4 pending / 0 (0.0%) gas / (0x23754102655d8a61da9d993b8b5e7be06dc984ef930a87b9e89a2eeb341c6521)
2026-10-07 11:39:06.090+00:00 | EthScheduler-Workers-0 | INFO  | PersistBlockTask | Imported #131 / 0 tx / 0 om / 0 (0.0%) gas / (0x23754102655d8a61da9d993b8b5e7be06dc984ef930a87b9e89a2eeb341c6521) in 0.002s. Peers: 14
2026-10-07 11:39:08.093+00:00 | BftProcessorExecutor-QBFT-0 | INFO  | QbftBesuControllerBuilder | Imported #132 / 0 tx / 4 pending / 0 (0.0%) gas / (0x53525d68ae87155fafada0b1286e6e245e500030292011180cd08a97f0d4ed8c)
2026-10-07 11:39:10.079+00:00 | EthScheduler-Workers-0 | INFO  | PersistBlockTask | Block 133 (0x2c23792470f6a94325577f02c597c318aac78d4f871886f4a8c9c7baf6c753ea) is already imported
2026-10-07 11:39:10.079+00:00 | BftProcessorExecutor-QBFT-0 | INFO  | QbftBesuControllerBuilder | Imported #133 / 0 tx / 4 pending / 0 (0.0%) gas / (0x2c23792470f6a94325577f02c597c318aac78d4f871886f4a8c9c7baf6c753ea)
2026-10-07 11:39:12.089+00:00 | BftProcessorExecutor-QBFT-0 | INFO  | QbftBesuControllerBuilder | Imported #134 / 0 tx / 4 pending / 0 (0.0%) gas / (0x023b751732453314faaf483694aa19db84aaea4e4ed4d6347e28219308ef16ab)
2026-10-07 11:39:12.091+00:00 | EthScheduler-Workers-0 | INFO  | PersistBlockTask | Block 134 (0x023b751732453314faaf483694aa19db84aaea4e4ed4d6347e28219308ef16ab) is already imported
2026-10-07 11:39:14.114+00:00 | BftProcessorExecutor-QBFT-0 | INFO  | QbftBesuControllerBuilder | Produced #135 / 1 tx / 3 pending / 153,650 (0.0%) gas / (0x8db9fe0743673b53f9b7f9f1b8cb1f6017f656dfbb2a2d20228f4232e16d8085)
2026-10-07 11:39:14.114+00:00 | EthScheduler-Workers-0 | INFO  | PersistBlockTask | Block 135 (0x8db9fe0743673b53f9b7f9f1b8cb1f6017f656dfbb2a2d20228f4232e16d8085) is already imported
2026-10-07 11:39:16.085+00:00 | BftProcessorExecutor-QBFT-0 | INFO  | QbftBesuControllerBuilder | Imported #136 / 1 tx / 2 pending / 153,630 (0.0%) gas / (0xe14ade2b256dbda748842284d0de340dba51d0e0d4b610f80849fd4b9d40242c)
2026-10-07 11:39:18.082+00:00 | BftProcessorExecutor-QBFT-0 | INFO  | QbftBesuControllerBuilder | Imported #137 / 1 tx / 1 pending / 153,650 (0.0%) gas / (0xf3706f37cf8655e776616483a9b3146104dee9d8061219561927929d42b9d76f)
2026-10-07 11:39:20.103+00:00 | BftProcessorExecutor-QBFT-0 | INFO  | QbftBesuControllerBuilder | Imported #138 / 1 tx / 0 pending / 153,630 (0.0%) gas / (0xeb45c40690ce6b8b435ee8c109fbd4a477a23e46b6e499058193f32a2fc061f2)
2026-10-07 11:39:20.103+00:00 | EthScheduler-Workers-0 | INFO  | PersistBlockTask | Block 138 (0xeb45c40690ce6b8b435ee8c109fbd4a477a23e46b6e499058193f32a2fc061f2) is already imported
2026-10-07 11:39:22.125+00:00 | BftProcessorExecutor-QBFT-0 | INFO  | QbftBesuControllerBuilder | Imported #139 / 1 tx / 29 pending / 241,970 (0.0%) gas / (0x784f334f50eee9199464f609f6168a376dce81aeea51053eb20dab9915f3106f)
2026-10-07 11:39:22.125+00:00 | EthScheduler-Workers-0 | INFO  | PersistBlockTask | Block 139 (0x784f334f50eee9199464f609f6168a376dce81aeea51053eb20dab9915f3106f) is already imported
2026-10-07 11:39:24.350+00:00 | BftProcessorExecutor-QBFT-0 | INFO  | QbftBesuControllerBuilder | Imported #140 / 9 tx / 116 pending / 2,177,730 (0.0%) gas / (0x70c494dd39cae469b5df7d1f01d5f603facc4f47b3e3906ca7036d78c4a78c27)
2026-10-07 11:39:24.350+00:00 | EthScheduler-Workers-0 | INFO  | PersistBlockTask | Block 140 (0x70c494dd39cae469b5df7d1f01d5f603facc4f47b3e3906ca7036d78c4a78c27) is already imported
2026-10-07 11:39:26.287+00:00 | BftProcessorExecutor-QBFT-0 | INFO  | QbftBesuControllerBuilder | Imported #141 / 8 tx / 108 pending / 1,935,760 (0.0%) gas / (0xd18d1ff88b65f5154e773d96e0be83167ec90f1ca20df1864c9c8e7d1ef7ae83)
2026-10-07 11:39:28.278+00:00 | EthScheduler-Workers-0 | INFO  | PersistBlockTask | Block 142 (0xe95a89cfc7595f8685cc8ec0639632cd8eb16dd878f3f1d0c384c1be143f057f) is already imported
2026-10-07 11:39:28.278+00:00 | BftProcessorExecutor-QBFT-0 | INFO  | QbftBesuControllerBuilder | Imported #142 / 9 tx / 99 pending / 2,177,730 (0.0%) gas / (0xe95a89cfc7595f8685cc8ec0639632cd8eb16dd878f3f1d0c384c1be143f057f)
2026-10-07 11:39:30.291+00:00 | EthScheduler-Workers-0 | INFO  | PersistBlockTask | Block 143 (0x8d6b4d0034aa0dad372da3ca4fd1bb54fdb9ee47b2992ecdd66415efe0953c98) is already imported
2026-10-07 11:39:30.293+00:00 | BftProcessorExecutor-QBFT-0 | INFO  | QbftBesuControllerBuilder | Imported #143 / 8 tx / 91 pending / 1,935,760 (0.0%) gas / (0x8d6b4d0034aa0dad372da3ca4fd1bb54fdb9ee47b2992ecdd66415efe0953c98)
2026-10-07 11:39:32.343+00:00 | BftProcessorExecutor-QBFT-0 | INFO  | QbftBesuControllerBuilder | Imported #144 / 8 tx / 83 pending / 1,935,760 (0.0%) gas / (0x63bc9e9ecaddb81f30f65e1fc2aa60b551e89020a221e9d88efef9511ef1f4d4)
2026-10-07 11:39:34.321+00:00 | EthScheduler-Workers-0 | INFO  | PersistBlockTask | Block 145 (0x557c20660a150de020a7b212e667f44b292e790d563a1291d1b954194de53337) is already imported
2026-10-07 11:39:34.321+00:00 | BftProcessorExecutor-QBFT-0 | INFO  | QbftBesuControllerBuilder | Imported #145 / 8 tx / 75 pending / 1,935,760 (0.0%) gas / (0x557c20660a150de020a7b212e667f44b292e790d563a1291d1b954194de53337)
2026-10-07 11:39:36.324+00:00 | BftProcessorExecutor-QBFT-0 | INFO  | QbftBesuControllerBuilder | Imported #146 / 8 tx / 67 pending / 1,935,760 (0.0%) gas / (0x1ef0c7a8e77eb9f643eb119582d8a8321f2e62b3b00aed2e222015f2cb6cc443)
2026-10-07 11:39:36.324+00:00 | EthScheduler-Workers-0 | INFO  | PersistBlockTask | Block 146 (0x1ef0c7a8e77eb9f643eb119582d8a8321f2e62b3b00aed2e222015f2cb6cc443) is already imported
2026-10-07 11:39:38.310+00:00 | EthScheduler-Workers-0 | INFO  | PersistBlockTask | Block 147 (0x789c5336be5daf46cafc8221a0529d7085942380df45f4f0116141e413d8bc42) is already imported
2026-10-07 11:39:38.310+00:00 | BftProcessorExecutor-QBFT-0 | INFO  | QbftBesuControllerBuilder | Imported #147 / 8 tx / 59 pending / 1,935,760 (0.0%) gas / (0x789c5336be5daf46cafc8221a0529d7085942380df45f4f0116141e413d8bc42)
2026-10-07 11:39:40.329+00:00 | BftProcessorExecutor-QBFT-0 | INFO  | QbftBesuControllerBuilder | Imported #148 / 8 tx / 51 pending / 1,935,760 (0.0%) gas / (0xde3feeb444b5f2eac5afbfa3722e9add926a0bdcbd53ee0141ae7e21a3b9c1c4)
2026-10-07 11:39:42.370+00:00 | EthScheduler-Workers-0 | INFO  | PersistBlockTask | Block 149 (0x6de881c0086a2415598b3cb795b776dd958dc9e03590a00786bbec62618d67ba) is already imported
2026-10-07 11:39:42.370+00:00 | BftProcessorExecutor-QBFT-0 | INFO  | QbftBesuControllerBuilder | Imported #149 / 8 tx / 43 pending / 1,935,760 (0.0%) gas / (0x6de881c0086a2415598b3cb795b776dd958dc9e03590a00786bbec62618d67ba)
2026-10-07 11:39:44.388+00:00 | EthScheduler-Workers-0 | INFO  | PersistBlockTask | Block 150 (0x49900b60369b62600056d07c602a853a4f776eb55c69f136242bf7bb1bdad5ee) is already imported
2026-10-07 11:39:44.389+00:00 | BftProcessorExecutor-QBFT-0 | INFO  | QbftBesuControllerBuilder | Produced #150 / 9 tx / 34 pending / 2,177,730 (0.0%) gas / (0x49900b60369b62600056d07c602a853a4f776eb55c69f136242bf7bb1bdad5ee)
2026-10-07 11:39:46.327+00:00 | EthScheduler-Workers-0 | INFO  | PersistBlockTask | Block 151 (0x74991be8b5faa391a0cc51e96bc0264b2044bbb6c978104fd11763ba145b23ab) is already imported
2026-10-07 11:39:46.327+00:00 | BftProcessorExecutor-QBFT-0 | INFO  | QbftBesuControllerBuilder | Imported #151 / 9 tx / 25 pending / 2,177,730 (0.0%) gas / (0x74991be8b5faa391a0cc51e96bc0264b2044bbb6c978104fd11763ba145b23ab)
2026-10-07 11:39:48.349+00:00 | EthScheduler-Workers-0 | INFO  | PersistBlockTask | Block 152 (0xb44ad9c620b2ef66938d6822b1c2ce397bbdb3a2aa88db06ee6e74e11f1c77f6) is already imported
2026-10-07 11:39:48.349+00:00 | BftProcessorExecutor-QBFT-0 | INFO  | QbftBesuControllerBuilder | Imported #152 / 8 tx / 17 pending / 1,935,760 (0.0%) gas / (0xb44ad9c620b2ef66938d6822b1c2ce397bbdb3a2aa88db06ee6e74e11f1c77f6)
2026-10-07 11:39:50.402+00:00 | BftProcessorExecutor-QBFT-0 | INFO  | QbftBesuControllerBuilder | Imported #153 / 9 tx / 8 pending / 2,177,730 (0.0%) gas / (0x4d0233549929b42ae8fc949b881ce63c92ce26e3cfa548474b5e6415d225a241)
2026-10-07 11:39:50.402+00:00 | EthScheduler-Workers-0 | INFO  | PersistBlockTask | Block 153 (0x4d0233549929b42ae8fc949b881ce63c92ce26e3cfa548474b5e6415d225a241) is already imported
2026-10-07 11:39:52.359+00:00 | BftProcessorExecutor-QBFT-0 | INFO  | QbftBesuControllerBuilder | Imported #154 / 8 tx / 0 pending / 1,935,760 (0.0%) gas / (0xd2b98bc00a67f2f8c911ea0f96946fa966d8878da0255b54a9834fa655e3bea4)
2026-10-07 11:39:52.362+00:00 | EthScheduler-Workers-0 | INFO  | PersistBlockTask | Block 154 (0xd2b98bc00a67f2f8c911ea0f96946fa966d8878da0255b54a9834fa655e3bea4) is already imported
2026-10-07 11:39:54.058+00:00 | BftProcessorExecutor-QBFT-0 | INFO  | QbftBesuControllerBuilder | Imported #155 / 0 tx / 0 pending / 0 (0.0%) gas / (0x71a34c549fbe64a4f8245bc622ae9f907aab7d26109fca08463a999829251c6d)
2026-10-07 11:39:56.078+00:00 | EthScheduler-Workers-0 | INFO  | PersistBlockTask | Imported #156 / 0 tx / 0 om / 0 (0.0%) gas / (0x6aa9b7ef9532474fcd709eac76882f58cf59dba36e0a114e2940a3f844c903fe) in 0.001s. Peers: 14
2026-10-07 11:39:56.078+00:00 | BftProcessorExecutor-QBFT-0 | INFO  | QbftBesuControllerBuilder | Imported #156 / 0 tx / 8 pending / 0 (0.0%) gas / (0x6aa9b7ef9532474fcd709eac76882f58cf59dba36e0a114e2940a3f844c903fe)
2026-10-07 11:39:58.095+00:00 | EthScheduler-Workers-0 | INFO  | PersistBlockTask | Block 157 (0x5abf80abbebb12414a010f53c5aad18481fdef6ca439c57b657d460ed39d10d2) is already imported
2026-10-07 11:39:58.095+00:00 | BftProcessorExecutor-QBFT-0 | INFO  | QbftBesuControllerBuilder | Imported #157 / 1 tx / 7 pending / 153,630 (0.0%) gas / (0x5abf80abbebb12414a010f53c5aad18481fdef6ca439c57b657d460ed39d10d2)
2026-10-07 11:40:00.088+00:00 | EthScheduler-Workers-0 | INFO  | PersistBlockTask | Block 158 (0x489d38c6983a5be8f80145a8fbf70e0906059a5ee104bba153179c9c80537c37) is already imported
2026-10-07 11:40:00.089+00:00 | BftProcessorExecutor-QBFT-0 | INFO  | QbftBesuControllerBuilder | Imported #158 / 0 tx / 7 pending / 0 (0.0%) gas / (0x489d38c6983a5be8f80145a8fbf70e0906059a5ee104bba153179c9c80537c37)
2026-10-07 11:40:02.090+00:00 | BftProcessorExecutor-QBFT-0 | INFO  | QbftBesuControllerBuilder | Imported #159 / 0 tx / 7 pending / 0 (0.0%) gas / (0x1928ff36db341c9081b036725a74ab3745cd1abbf993072099c87f526c39bc15)
2026-10-07 11:40:04.116+00:00 | EthScheduler-Workers-0 | INFO  | PersistBlockTask | Block 160 (0xc17ad81e9f051df4df9e3c20982df8c68c89ab319f7a55ea7a567a188b55da8d) is already imported
2026-10-07 11:40:04.116+00:00 | BftProcessorExecutor-QBFT-0 | INFO  | QbftBesuControllerBuilder | Imported #160 / 0 tx / 7 pending / 0 (0.0%) gas / (0xc17ad81e9f051df4df9e3c20982df8c68c89ab319f7a55ea7a567a188b55da8d)
2026-10-07 11:40:06.070+00:00 | BftProcessorExecutor-QBFT-0 | INFO  | QbftBesuControllerBuilder | Imported #161 / 0 tx / 7 pending / 0 (0.0%) gas / (0x93313c198ad889cf9f0b8c20de8a01cf271a502ec6c8be608437329462dcdccf)
2026-10-07 11:40:08.090+00:00 | BftProcessorExecutor-QBFT-0 | INFO  | QbftBesuControllerBuilder | Imported #162 / 0 tx / 7 pending / 0 (0.0%) gas / (0xdecede518422c6ac4367138bbe115280f4db69eb444e96302754c45b988cf73c)
2026-10-07 11:40:10.120+00:00 | BftProcessorExecutor-QBFT-0 | INFO  | QbftBesuControllerBuilder | Imported #163 / 0 tx / 7 pending / 0 (0.0%) gas / (0x058bdc0cd1aea2556b1a21abd6ab67cdec64626aea9ff61597346b7d04c19113)
2026-10-07 11:40:10.120+00:00 | EthScheduler-Workers-0 | INFO  | PersistBlockTask | Block 163 (0x058bdc0cd1aea2556b1a21abd6ab67cdec64626aea9ff61597346b7d04c19113) is already imported
2026-10-07 11:40:12.096+00:00 | BftProcessorExecutor-QBFT-0 | INFO  | QbftBesuControllerBuilder | Imported #164 / 0 tx / 7 pending / 0 (0.0%) gas / (0x8bd3677ca374cd5ee3d8181e02e927f43322bc958a1a31faed3dd1f9be59d577)
2026-10-07 11:40:14.114+00:00 | BftProcessorExecutor-QBFT-0 | INFO  | QbftBesuControllerBuilder | Produced #165 / 1 tx / 6 pending / 153,650 (0.0%) gas / (0x323c28173f44dda86ad55ee0204a3ff99a51a7dcdb5b62fb356cd5c11bbaea4b)
2026-10-07 11:40:16.114+00:00 | EthScheduler-Workers-0 | INFO  | PersistBlockTask | Block 166 (0x5a02ee1fe6f10de5c12d515390551683b67a31a21f9c69cb2b04f162a4de98ee) is already imported
2026-10-07 11:40:16.114+00:00 | BftProcessorExecutor-QBFT-0 | INFO  | QbftBesuControllerBuilder | Imported #166 / 1 tx / 5 pending / 153,650 (0.0%) gas / (0x5a02ee1fe6f10de5c12d515390551683b67a31a21f9c69cb2b04f162a4de98ee)
2026-10-07 11:40:18.100+00:00 | EthScheduler-Workers-0 | INFO  | PersistBlockTask | Block 167 (0x3ebbcf31f8a556d4178bb3016dd3599a3d68a142be437501bb349d3e47ba52e7) is already imported
2026-10-07 11:40:18.100+00:00 | BftProcessorExecutor-QBFT-0 | INFO  | QbftBesuControllerBuilder | Imported #167 / 1 tx / 4 pending / 153,618 (0.0%) gas / (0x3ebbcf31f8a556d4178bb3016dd3599a3d68a142be437501bb349d3e47ba52e7)
2026-10-07 11:40:20.098+00:00 | BftProcessorExecutor-QBFT-0 | INFO  | QbftBesuControllerBuilder | Imported #168 / 1 tx / 3 pending / 153,650 (0.0%) gas / (0xaadb290cceb34b07c45830f83ddfd22af4350414f82c4e74d310dadb64d685e0)
2026-10-07 11:40:22.108+00:00 | BftProcessorExecutor-QBFT-0 | INFO  | QbftBesuControllerBuilder | Imported #169 / 1 tx / 2 pending / 153,638 (0.0%) gas / (0x26821cf4d4f00e2450e8dc34bba5ecd994e690eaaa986bf075216261b56e5a50)
2026-10-07 11:40:24.101+00:00 | BftProcessorExecutor-QBFT-0 | INFO  | QbftBesuControllerBuilder | Imported #170 / 1 tx / 1 pending / 153,650 (0.0%) gas / (0x69617ea36becef75b8fd5724bb09badf27da0fc5636dad5eff96bd0ca3f72a0d)
2026-10-07 11:40:26.076+00:00 | BftProcessorExecutor-QBFT-0 | INFO  | QbftBesuControllerBuilder | Imported #171 / 0 tx / 1 pending / 0 (0.0%) gas / (0xb7560b508d78505790e349474619bae2efc5c57a60868ede3e596f7839c0d737)
2026-10-07 11:40:28.067+00:00 | BftProcessorExecutor-QBFT-0 | INFO  | QbftBesuControllerBuilder | Imported #172 / 0 tx / 1 pending / 0 (0.0%) gas / (0x68256f4c445d3f6443a8f172152165c3cba1ee5e191363efa41de300d22d6c82)
2026-10-07 11:40:30.102+00:00 | BftProcessorExecutor-QBFT-0 | INFO  | QbftBesuControllerBuilder | Imported #173 / 0 tx / 1 pending / 0 (0.0%) gas / (0xf3746e6ae22469da77e0369b55db563096190804fcee2757439bc35bc5c90a34)
2026-10-07 11:40:32.082+00:00 | BftProcessorExecutor-QBFT-0 | INFO  | QbftBesuControllerBuilder | Imported #174 / 0 tx / 1 pending / 0 (0.0%) gas / (0x708788a9be4fa4db4c31c11969d16a6169eb665949a287619b5500518ba803a9)
2026-10-07 11:40:32.085+00:00 | EthScheduler-Workers-0 | INFO  | PersistBlockTask | Block 174 (0x708788a9be4fa4db4c31c11969d16a6169eb665949a287619b5500518ba803a9) is already imported
2026-10-07 11:40:34.082+00:00 | EthScheduler-Workers-0 | INFO  | PersistBlockTask | Block 175 (0xb31db91aa006b03f0cabf4f91ba79e02da24951f0ae5732ba95ebafc5e6fb8d0) is already imported
2026-10-07 11:40:34.082+00:00 | BftProcessorExecutor-QBFT-0 | INFO  | QbftBesuControllerBuilder | Imported #175 / 0 tx / 1 pending / 0 (0.0%) gas / (0xb31db91aa006b03f0cabf4f91ba79e02da24951f0ae5732ba95ebafc5e6fb8d0)
2026-10-07 11:40:36.088+00:00 | BftProcessorExecutor-QBFT-0 | INFO  | QbftBesuControllerBuilder | Imported #176 / 0 tx / 1 pending / 0 (0.0%) gas / (0xb582f2a94e557b034d12eae4af8254f7385b7c03a0a6bac5f34de51239f0d2a0)
2026-10-07 11:40:38.089+00:00 | EthScheduler-Workers-0 | INFO  | PersistBlockTask | Imported #177 / 0 tx / 0 om / 0 (0.0%) gas / (0xdfd3ce5e12b838abd72ca657810ae4fe3a28c6e451678b6ebc9e2645a8d234c1) in 0.002s. Peers: 14
2026-10-07 11:40:38.089+00:00 | BftProcessorExecutor-QBFT-0 | INFO  | QbftBesuControllerBuilder | Imported #177 / 0 tx / 1 pending / 0 (0.0%) gas / (0xdfd3ce5e12b838abd72ca657810ae4fe3a28c6e451678b6ebc9e2645a8d234c1)
2026-10-07 11:40:40.084+00:00 | BftProcessorExecutor-QBFT-0 | INFO  | QbftBesuControllerBuilder | Imported #178 / 0 tx / 1 pending / 0 (0.0%) gas / (0xcc8810bd7560209e7a297b466bd81a46eace5764ead99d957c89f8814ef8f8b5)
2026-10-07 11:40:42.091+00:00 | BftProcessorExecutor-QBFT-0 | INFO  | QbftBesuControllerBuilder | Imported #179 / 0 tx / 1 pending / 0 (0.0%) gas / (0xd0cce6ccba6653ddf6681bef951c52d550117d7837cdabfc3ac5b3dc58b7bf1a)
2026-10-07 11:40:44.106+00:00 | BftProcessorExecutor-QBFT-0 | INFO  | QbftBesuControllerBuilder | Produced #180 / 0 tx / 1 pending / 0 (0.0%) gas / (0x9c5d55497f26df05c5e7b6e31e8f9792656b7b355e35fe52b7e06d3d7f83fe0c)
2026-10-07 11:40:46.087+00:00 | BftProcessorExecutor-QBFT-0 | INFO  | QbftBesuControllerBuilder | Imported #181 / 0 tx / 1 pending / 0 (0.0%) gas / (0xe5006672084384bec645a9ddf8e9dd1d957637b2ed69a08e4819582c2eee7891)
2026-10-07 11:40:48.093+00:00 | EthScheduler-Workers-0 | INFO  | PersistBlockTask | Block 182 (0x38f8e7991dcf9937f8b97d0a7c7de36d1d4a1b3eed3de1a1e3b1a1260531f9b5) is already imported
2026-10-07 11:40:48.094+00:00 | BftProcessorExecutor-QBFT-0 | INFO  | QbftBesuControllerBuilder | Imported #182 / 0 tx / 1 pending / 0 (0.0%) gas / (0x38f8e7991dcf9937f8b97d0a7c7de36d1d4a1b3eed3de1a1e3b1a1260531f9b5)
2026-10-07 11:40:50.089+00:00 | BftProcessorExecutor-QBFT-0 | INFO  | QbftBesuControllerBuilder | Imported #183 / 0 tx / 1 pending / 0 (0.0%) gas / (0x8ad4488fe0e508154da1dab41a89440bd80193d6fbc1a79b273b53e702c29498)
2026-10-07 11:40:50.090+00:00 | EthScheduler-Workers-0 | INFO  | PersistBlockTask | Block 183 (0x8ad4488fe0e508154da1dab41a89440bd80193d6fbc1a79b273b53e702c29498) is already imported
2026-10-07 11:40:52.099+00:00 | EthScheduler-Workers-0 | INFO  | PersistBlockTask | Block 184 (0x603743a1f01014d557163f6b9f2e4940215653a7a63595d13ba98c24cb3272cf) is already imported
2026-10-07 11:40:52.100+00:00 | BftProcessorExecutor-QBFT-0 | INFO  | QbftBesuControllerBuilder | Imported #184 / 0 tx / 1 pending / 0 (0.0%) gas / (0x603743a1f01014d557163f6b9f2e4940215653a7a63595d13ba98c24cb3272cf)
2026-10-07 11:40:54.098+00:00 | BftProcessorExecutor-QBFT-0 | INFO  | QbftBesuControllerBuilder | Imported #185 / 0 tx / 1 pending / 0 (0.0%) gas / (0x10aff2b216db291c22c959c5644701b5632c87f295d135639549eda33f2a5d1e)
2026-10-07 11:40:56.103+00:00 | EthScheduler-Workers-0 | INFO  | PersistBlockTask | Block 186 (0x0a6f095cafc0639b59a9c4ae9dee88d228184ad269f749ad1276f429269a16d9) is already imported
2026-10-07 11:40:56.103+00:00 | BftProcessorExecutor-QBFT-0 | INFO  | QbftBesuControllerBuilder | Imported #186 / 0 tx / 1 pending / 0 (0.0%) gas / (0x0a6f095cafc0639b59a9c4ae9dee88d228184ad269f749ad1276f429269a16d9)
2026-10-07 11:40:58.083+00:00 | BftProcessorExecutor-QBFT-0 | INFO  | QbftBesuControllerBuilder | Imported #187 / 0 tx / 1 pending / 0 (0.0%) gas / (0x50405653a85fac63c34408f385103b840c4470027331e56cc9c40ebc417c837f)
2026-10-07 11:40:58.083+00:00 | EthScheduler-Workers-0 | INFO  | PersistBlockTask | Block 187 (0x50405653a85fac63c34408f385103b840c4470027331e56cc9c40ebc417c837f) is already imported
2026-10-07 11:41:00.090+00:00 | BftProcessorExecutor-QBFT-0 | INFO  | QbftBesuControllerBuilder | Imported #188 / 0 tx / 1 pending / 0 (0.0%) gas / (0xae5aac890411950b39051a45fb636dca91e74ebecdab98fe73352dbd382b8921)
2026-10-07 11:41:02.078+00:00 | BftProcessorExecutor-QBFT-0 | INFO  | QbftBesuControllerBuilder | Imported #189 / 0 tx / 1 pending / 0 (0.0%) gas / (0x3e5a8cbd8a3515eb3482c9d68309bedab3663019115050880005f8173428794d)
2026-10-07 11:41:04.091+00:00 | BftProcessorExecutor-QBFT-0 | INFO  | QbftBesuControllerBuilder | Imported #190 / 0 tx / 1 pending / 0 (0.0%) gas / (0x324b45fb7c945e29129b09b5e37c1a93568d2df0f3cc54a045f8e3f74f914cfd)
2026-10-07 11:41:06.075+00:00 | BftProcessorExecutor-QBFT-0 | INFO  | QbftBesuControllerBuilder | Imported #191 / 0 tx / 1 pending / 0 (0.0%) gas / (0x7c8f58f6d07099c7582c43305a95c4ff1f27aa2dd25148480e2e444a0af6cc0b)
2026-10-07 11:41:08.068+00:00 | BftProcessorExecutor-QBFT-0 | INFO  | QbftBesuControllerBuilder | Imported #192 / 0 tx / 1 pending / 0 (0.0%) gas / (0x01bf2a2fc2a0898724697fc6478baca33e863581459193421e407efd488c62d9)
2026-10-07 11:41:10.090+00:00 | EthScheduler-Workers-0 | INFO  | PersistBlockTask | Imported #193 / 0 tx / 0 om / 0 (0.0%) gas / (0x2858e8700ff6426829c2e6917b5c38d0bb36b5021a0ba3c053bbe958b5c08782) in 0.002s. Peers: 14
2026-10-07 11:41:10.094+00:00 | BftProcessorExecutor-QBFT-0 | INFO  | QbftBesuControllerBuilder | Imported #193 / 0 tx / 1 pending / 0 (0.0%) gas / (0x2858e8700ff6426829c2e6917b5c38d0bb36b5021a0ba3c053bbe958b5c08782)
2026-10-07 11:41:12.070+00:00 | BftProcessorExecutor-QBFT-0 | INFO  | QbftBesuControllerBuilder | Imported #194 / 0 tx / 1 pending / 0 (0.0%) gas / (0x558c69124386d073be0b93c3aca171a5aa95d5881c8b880cb165f862d838f344)
2026-10-07 11:41:14.084+00:00 | BftProcessorExecutor-QBFT-0 | INFO  | QbftBesuControllerBuilder | Produced #195 / 0 tx / 1 pending / 0 (0.0%) gas / (0xa8b1169df46570848f79b15e4d6d013c5cd4056923676de6672a3991caf85216)
2026-10-07 11:41:16.077+00:00 | BftProcessorExecutor-QBFT-0 | INFO  | QbftBesuControllerBuilder | Imported #196 / 0 tx / 1 pending / 0 (0.0%) gas / (0xdecc3b62e90f8d589d116ceab7d0ae61c5c19ed307c185732f89c0af219a9850)
2026-10-07 11:41:18.099+00:00 | BftProcessorExecutor-QBFT-0 | INFO  | QbftBesuControllerBuilder | Imported #197 / 0 tx / 1 pending / 0 (0.0%) gas / (0xd22ec829ae14a5e639831f214c5808a4b6c92f9efc245880637785c2c7c85595)
2026-10-07 11:41:18.103+00:00 | EthScheduler-Workers-0 | INFO  | PersistBlockTask | Block 197 (0xd22ec829ae14a5e639831f214c5808a4b6c92f9efc245880637785c2c7c85595) is already imported
2026-10-07 11:41:20.081+00:00 | BftProcessorExecutor-QBFT-0 | INFO  | QbftBesuControllerBuilder | Imported #198 / 0 tx / 1 pending / 0 (0.0%) gas / (0xf0f2e6c157aa18c981a933c62a0af2bc6cb4ff8e3862b83f47021b21508a828b)
2026-10-07 11:41:22.088+00:00 | BftProcessorExecutor-QBFT-0 | INFO  | QbftBesuControllerBuilder | Imported #199 / 0 tx / 1 pending / 0 (0.0%) gas / (0x44129203af9fb83d7cd0893ce4cc0a71a81e84a9cbbe4c5b63c760b03ddf57f1)
2026-10-07 11:41:24.125+00:00 | EthScheduler-Workers-0 | INFO  | PersistBlockTask | Imported #200 / 0 tx / 0 om / 0 (0.0%) gas / (0xd33a660c96f4c67da8995a0b2c2f895f55d544a30c295ca4022b70189cb9e4f4) in 0.001s. Peers: 14
2026-10-07 11:41:24.125+00:00 | BftProcessorExecutor-QBFT-0 | INFO  | QbftBesuControllerBuilder | Imported #200 / 0 tx / 1 pending / 0 (0.0%) gas / (0xd33a660c96f4c67da8995a0b2c2f895f55d544a30c295ca4022b70189cb9e4f4)
2026-10-07 11:41:26.091+00:00 | BftProcessorExecutor-QBFT-0 | INFO  | QbftBesuControllerBuilder | Imported #201 / 0 tx / 1 pending / 0 (0.0%) gas / (0xd9019fe06fbaec443aa036a70ed3b1b3d4b1bd604d25a5b971a5b406ce5d07b2)
2026-10-07 11:41:28.081+00:00 | BftProcessorExecutor-QBFT-0 | INFO  | QbftBesuControllerBuilder | Imported #202 / 0 tx / 1 pending / 0 (0.0%) gas / (0xb65e930ce5ca64cc2281fb324dbc5f9cc069376eb878b8619f125209a8fbfb5a)
2026-10-07 11:41:30.093+00:00 | BftProcessorExecutor-QBFT-0 | INFO  | QbftBesuControllerBuilder | Imported #203 / 0 tx / 1 pending / 0 (0.0%) gas / (0xef4559695b27916443746d2e3590193420ff5d361b05892a4fb7749dcabea3f4)
2026-10-07 11:41:32.094+00:00 | BftProcessorExecutor-QBFT-0 | INFO  | QbftBesuControllerBuilder | Imported #204 / 0 tx / 1 pending / 0 (0.0%) gas / (0x9efdfe9b24bb2230fb02b68837302ace032f93771719f60e1993c590793533cd)
2026-10-07 11:41:34.088+00:00 | BftProcessorExecutor-QBFT-0 | INFO  | QbftBesuControllerBuilder | Imported #205 / 0 tx / 1 pending / 0 (0.0%) gas / (0xc385234b16164f06c67531dd14e5bb895c1eae437db982b551654bb6d5883126)
2026-10-07 11:41:36.083+00:00 | BftProcessorExecutor-QBFT-0 | INFO  | QbftBesuControllerBuilder | Imported #206 / 0 tx / 1 pending / 0 (0.0%) gas / (0xfe605031ff1d8c20b58fef8336e66958e5d3e5b39384e89e178bae4807cfafc9)
2026-10-07 11:41:38.096+00:00 | BftProcessorExecutor-QBFT-0 | INFO  | QbftBesuControllerBuilder | Imported #207 / 0 tx / 1 pending / 0 (0.0%) gas / (0xc7381ce40d2a4677c5f2b5223cc2b5491f123cc73998303bc6d3d15d7a9b132e)
2026-10-07 11:41:40.096+00:00 | BftProcessorExecutor-QBFT-0 | INFO  | QbftBesuControllerBuilder | Imported #208 / 0 tx / 1 pending / 0 (0.0%) gas / (0x8e90fbd6680664e8011630a78ee31bd52e8d41050f5407b172c8233a38585c0b)
2026-10-07 11:41:42.094+00:00 | BftProcessorExecutor-QBFT-0 | INFO  | QbftBesuControllerBuilder | Imported #209 / 0 tx / 1 pending / 0 (0.0%) gas / (0x6552aa5554c9762fa248b0414b2ba7fb16aea970dc3ea8e784fc400852d7d655)
2026-10-07 11:41:44.068+00:00 | BftProcessorExecutor-QBFT-0 | INFO  | QbftBesuControllerBuilder | Produced #210 / 0 tx / 1 pending / 0 (0.0%) gas / (0xebe6687555da02e2d5756f6f9a71af0a57c72a52819691acb14c5fdc4bfb57c6)
2026-10-07 11:41:46.080+00:00 | BftProcessorExecutor-QBFT-0 | INFO  | QbftBesuControllerBuilder | Imported #211 / 0 tx / 1 pending / 0 (0.0%) gas / (0xbcc2951c9535db20d0d9cf7614b68bebb911d0d66bf5559b81b1532b44205b40)
2026-10-07 11:41:48.098+00:00 | EthScheduler-Workers-0 | INFO  | PersistBlockTask | Block 212 (0x1d0788c9649d759deca946938c0b6a392581f676ee25344ef6af23a52bdb7e6e) is already imported
2026-10-07 11:41:48.098+00:00 | BftProcessorExecutor-QBFT-0 | INFO  | QbftBesuControllerBuilder | Imported #212 / 0 tx / 1 pending / 0 (0.0%) gas / (0x1d0788c9649d759deca946938c0b6a392581f676ee25344ef6af23a52bdb7e6e)
2026-10-07 11:41:50.088+00:00 | BftProcessorExecutor-QBFT-0 | INFO  | QbftBesuControllerBuilder | Imported #213 / 0 tx / 1 pending / 0 (0.0%) gas / (0xc7790bcff049d0d897ba8a92acc4fa1d07f59322436801b76c01ab481cb49d1f)
2026-10-07 11:41:52.110+00:00 | EthScheduler-Workers-0 | INFO  | PersistBlockTask | Imported #214 / 0 tx / 0 om / 0 (0.0%) gas / (0xd7394ce14873195f3a8f4cabeb104b378a3d1992591bec881dcec7bb60cf5e9d) in 0.002s. Peers: 14
2026-10-07 11:41:54.088+00:00 | BftProcessorExecutor-QBFT-0 | INFO  | QbftBesuControllerBuilder | Imported #215 / 0 tx / 1 pending / 0 (0.0%) gas / (0x8ed4e71a6e5bee634c76f3047e0942df256544b5af748a2e77162d64418dfe51)
2026-10-07 11:41:56.092+00:00 | BftProcessorExecutor-QBFT-0 | INFO  | QbftBesuControllerBuilder | Imported #216 / 0 tx / 1 pending / 0 (0.0%) gas / (0xde0dde250505587e580eb7011dd86a41b51a9e1c22ca20d2f8658367a518a567)
2026-10-07 11:41:58.360+00:00 | BftProcessorExecutor-QBFT-0 | INFO  | QbftBesuControllerBuilder | Imported #217 / 8 tx / 115 pending / 1,935,760 (0.0%) gas / (0x16c471af7e12ba4318b9a714545179923bacb1286463ad3e1c664901873c3ebf)
2026-10-07 11:41:58.361+00:00 | EthScheduler-Workers-0 | INFO  | PersistBlockTask | Block 217 (0x16c471af7e12ba4318b9a714545179923bacb1286463ad3e1c664901873c3ebf) is already imported
2026-10-07 11:42:00.462+00:00 | EthScheduler-Workers-0 | INFO  | PersistBlockTask | Block 218 (0x789ac8462afabe93bbc14e4b40f81e9b3354ab269a8b09641791f6e2f6b97c13) is already imported
2026-10-07 11:42:00.462+00:00 | BftProcessorExecutor-QBFT-0 | INFO  | QbftBesuControllerBuilder | Imported #218 / 8 tx / 107 pending / 1,935,760 (0.0%) gas / (0x789ac8462afabe93bbc14e4b40f81e9b3354ab269a8b09641791f6e2f6b97c13)
2026-10-07 11:42:02.298+00:00 | BftProcessorExecutor-QBFT-0 | INFO  | QbftBesuControllerBuilder | Imported #219 / 8 tx / 99 pending / 1,935,760 (0.0%) gas / (0xd56737b05a018bceca064f4acf4bab6a931b19fe7cfe6efd014370e0ef0a8cf6)
2026-10-07 11:42:04.298+00:00 | EthScheduler-Workers-0 | INFO  | PersistBlockTask | Block 220 (0xd5930fe88bbb6912810ad23f7a810c6c34096481d44165f7d566560f695d2a42) is already imported
2026-10-07 11:42:04.298+00:00 | BftProcessorExecutor-QBFT-0 | INFO  | QbftBesuControllerBuilder | Imported #220 / 8 tx / 91 pending / 1,935,760 (0.0%) gas / (0xd5930fe88bbb6912810ad23f7a810c6c34096481d44165f7d566560f695d2a42)
2026-10-07 11:42:06.376+00:00 | BftProcessorExecutor-QBFT-0 | INFO  | QbftBesuControllerBuilder | Imported #221 / 8 tx / 83 pending / 1,935,760 (0.0%) gas / (0xc7c4ba55e1918b332448a46ce1de46595ba90f2cb228a710a4c28ef141a4d6ae)
2026-10-07 11:42:08.365+00:00 | BftProcessorExecutor-QBFT-0 | INFO  | QbftBesuControllerBuilder | Imported #222 / 7 tx / 76 pending / 1,693,790 (0.0%) gas / (0x67fa935d9a97b797a3ed53389c71d2f6bede99a18d3363b54bb481196f1dd3f6)
2026-10-07 11:42:08.366+00:00 | EthScheduler-Workers-0 | INFO  | PersistBlockTask | Block 222 (0x67fa935d9a97b797a3ed53389c71d2f6bede99a18d3363b54bb481196f1dd3f6) is already imported
2026-10-07 11:42:10.395+00:00 | BftProcessorExecutor-QBFT-0 | INFO  | QbftBesuControllerBuilder | Imported #223 / 8 tx / 68 pending / 1,935,760 (0.0%) gas / (0xef1e44a8b59f0442fc6fdedea47ec7fc3c95267a0fe7cd388eb2592893c74abc)
2026-10-07 11:42:10.395+00:00 | EthScheduler-Workers-0 | INFO  | PersistBlockTask | Block 223 (0xef1e44a8b59f0442fc6fdedea47ec7fc3c95267a0fe7cd388eb2592893c74abc) is already imported
2026-10-07 11:42:12.406+00:00 | EthScheduler-Workers-0 | INFO  | PersistBlockTask | Block 224 (0x30bfd7722aec781871f8a86113f5b7695dd3d66c41875246c7f65701f4a56027) is already imported
2026-10-07 11:42:12.407+00:00 | BftProcessorExecutor-QBFT-0 | INFO  | QbftBesuControllerBuilder | Imported #224 / 8 tx / 60 pending / 1,935,760 (0.0%) gas / (0x30bfd7722aec781871f8a86113f5b7695dd3d66c41875246c7f65701f4a56027)
2026-10-07 11:42:14.483+00:00 | EthScheduler-Workers-0 | INFO  | PersistBlockTask | Block 225 (0x054e16c63337e00d3602d7b54d891844fcb4923e8814d86417f9cbc946361bdb) is already imported
2026-10-07 11:42:14.483+00:00 | BftProcessorExecutor-QBFT-0 | INFO  | QbftBesuControllerBuilder | Produced #225 / 9 tx / 51 pending / 2,177,730 (0.0%) gas / (0x054e16c63337e00d3602d7b54d891844fcb4923e8814d86417f9cbc946361bdb)
2026-10-07 11:42:16.406+00:00 | BftProcessorExecutor-QBFT-0 | INFO  | QbftBesuControllerBuilder | Imported #226 / 9 tx / 42 pending / 2,177,730 (0.0%) gas / (0x07c599e48bc74ee7218824f4218928d4b047e504cd82de4b2dc3f825fe7f6fdf)
2026-10-07 11:42:18.466+00:00 | BftProcessorExecutor-QBFT-0 | INFO  | QbftBesuControllerBuilder | Imported #227 / 8 tx / 34 pending / 1,935,760 (0.0%) gas / (0xce2f89ddf5c561e21a5e972c63f17d9c1eb51149e89b10926877ad23c319a354)
2026-10-07 11:42:18.466+00:00 | EthScheduler-Workers-0 | INFO  | PersistBlockTask | Block 227 (0xce2f89ddf5c561e21a5e972c63f17d9c1eb51149e89b10926877ad23c319a354) is already imported
2026-10-07 11:42:20.452+00:00 | BftProcessorExecutor-QBFT-0 | INFO  | QbftBesuControllerBuilder | Imported #228 / 9 tx / 25 pending / 2,177,730 (0.0%) gas / (0x3153915161d46b4baac3875f46b223ee6f4a2c95b8a4f487fe2d2f3fb7740d70)
2026-10-07 11:42:20.452+00:00 | EthScheduler-Workers-0 | INFO  | PersistBlockTask | Block 228 (0x3153915161d46b4baac3875f46b223ee6f4a2c95b8a4f487fe2d2f3fb7740d70) is already imported
2026-10-07 11:42:22.449+00:00 | EthScheduler-Workers-0 | INFO  | PersistBlockTask | Block 229 (0xc53d4c64afd52951c9898642eb742c981401d2747e302ca46a5df04526ac7718) is already imported
2026-10-07 11:42:22.449+00:00 | BftProcessorExecutor-QBFT-0 | INFO  | QbftBesuControllerBuilder | Imported #229 / 9 tx / 16 pending / 2,177,730 (0.0%) gas / (0xc53d4c64afd52951c9898642eb742c981401d2747e302ca46a5df04526ac7718)
2026-10-07 11:42:24.439+00:00 | BftProcessorExecutor-QBFT-0 | INFO  | QbftBesuControllerBuilder | Imported #230 / 9 tx / 7 pending / 2,177,730 (0.0%) gas / (0x461c45018d685e328ed538d94598e799becb40a7d393d00854e06aa5f0d45dc7)
2026-10-07 11:42:26.305+00:00 | BftProcessorExecutor-QBFT-0 | INFO  | QbftBesuControllerBuilder | Imported #231 / 5 tx / 2 pending / 1,209,850 (0.0%) gas / (0x42fd0c3d09184566b9b47637540b89ce369f68a5520ad8bb461505d350af298a)
2026-10-07 11:42:28.085+00:00 | BftProcessorExecutor-QBFT-0 | INFO  | QbftBesuControllerBuilder | Imported #232 / 0 tx / 2 pending / 0 (0.0%) gas / (0xd0e850fd59e9fa54edb349551ff2478bcd68716e89ced8adb59e6e784e004a4b)
2026-10-07 11:42:30.085+00:00 | BftProcessorExecutor-QBFT-0 | INFO  | QbftBesuControllerBuilder | Imported #233 / 0 tx / 2 pending / 0 (0.0%) gas / (0xe817c97eda675c84ef11555d4a33f8e8190af21f50063d3e0064737029f9c02b)
2026-10-07 11:42:32.094+00:00 | BftProcessorExecutor-QBFT-0 | INFO  | QbftBesuControllerBuilder | Imported #234 / 0 tx / 2 pending / 0 (0.0%) gas / (0xc120f60fa21a315e8bd6c3549a324981b16c7fee04e66229430038f1bf648f1c)
2026-10-07 11:42:34.096+00:00 | BftProcessorExecutor-QBFT-0 | INFO  | QbftBesuControllerBuilder | Imported #235 / 0 tx / 2 pending / 0 (0.0%) gas / (0x37e97cd425efdaf4bd06ff714d3d556e38ed7b0956086db1c3ab551e4822cdb1)
2026-10-07 11:42:36.086+00:00 | EthScheduler-Workers-0 | INFO  | PersistBlockTask | Block 236 (0xc09d397ce5fabfb55fbe58b897a290915a71db0ca34ed096c11dedf6badb7eb6) is already imported
2026-10-07 11:42:36.086+00:00 | BftProcessorExecutor-QBFT-0 | INFO  | QbftBesuControllerBuilder | Imported #236 / 0 tx / 2 pending / 0 (0.0%) gas / (0xc09d397ce5fabfb55fbe58b897a290915a71db0ca34ed096c11dedf6badb7eb6)
2026-10-07 11:42:38.090+00:00 | BftProcessorExecutor-QBFT-0 | INFO  | QbftBesuControllerBuilder | Imported #237 / 0 tx / 2 pending / 0 (0.0%) gas / (0xe63cdf8bd7dda7797125dada8a014fceff77e4dc9d18d670279fdcbda209895a)
2026-10-07 11:42:40.090+00:00 | BftProcessorExecutor-QBFT-0 | INFO  | QbftBesuControllerBuilder | Imported #238 / 0 tx / 2 pending / 0 (0.0%) gas / (0x8ca885a6012da6fa98110310e44d0c123de055f2b8e4d3c3b5d8422637581279)
2026-10-07 11:42:42.089+00:00 | BftProcessorExecutor-QBFT-0 | INFO  | QbftBesuControllerBuilder | Imported #239 / 0 tx / 2 pending / 0 (0.0%) gas / (0x696152fb1ca2372413f52f83e72866b09d1ee9c5297cfb7c740c36bffcacbab9)
2026-10-07 11:42:42.089+00:00 | EthScheduler-Workers-0 | INFO  | PersistBlockTask | Block 239 (0x696152fb1ca2372413f52f83e72866b09d1ee9c5297cfb7c740c36bffcacbab9) is already imported
2026-10-07 11:42:44.098+00:00 | BftProcessorExecutor-QBFT-0 | INFO  | QbftBesuControllerBuilder | Produced #240 / 0 tx / 2 pending / 0 (0.0%) gas / (0x740dac4c199ffd9248b5eec5980a391530175132f8852b499d9cee09175ec48c)
2026-10-07 11:42:46.093+00:00 | BftProcessorExecutor-QBFT-0 | INFO  | QbftBesuControllerBuilder | Imported #241 / 0 tx / 2 pending / 0 (0.0%) gas / (0xae2aabe362d7833fa5f1ef186aa2af52653b2f39e6b6c05eb51798ba250c09ae)
2026-10-07 11:42:48.090+00:00 | BftProcessorExecutor-QBFT-0 | INFO  | QbftBesuControllerBuilder | Imported #242 / 0 tx / 2 pending / 0 (0.0%) gas / (0x7ed387009d2d663477cdc7f71b57060ea78f84f84d541317f536dcdae1c29cdd)
2026-10-07 11:42:48.090+00:00 | EthScheduler-Workers-0 | INFO  | PersistBlockTask | Block 242 (0x7ed387009d2d663477cdc7f71b57060ea78f84f84d541317f536dcdae1c29cdd) is already imported
2026-10-07 11:42:50.091+00:00 | BftProcessorExecutor-QBFT-0 | INFO  | QbftBesuControllerBuilder | Imported #243 / 0 tx / 2 pending / 0 (0.0%) gas / (0xc431c8dbdcf4fadd71501a7443287f56ef62740d1ea7354dd3b3fbc7b18c0587)
2026-10-07 11:42:50.091+00:00 | EthScheduler-Workers-0 | INFO  | PersistBlockTask | Block 243 (0xc431c8dbdcf4fadd71501a7443287f56ef62740d1ea7354dd3b3fbc7b18c0587) is already imported
2026-10-07 11:42:52.096+00:00 | BftProcessorExecutor-QBFT-0 | INFO  | QbftBesuControllerBuilder | Imported #244 / 0 tx / 2 pending / 0 (0.0%) gas / (0x5b857652f79f49314b89971839068151ca69db1c239043e5e26c2502e8fa15d6)
2026-10-07 11:42:54.089+00:00 | BftProcessorExecutor-QBFT-0 | INFO  | QbftBesuControllerBuilder | Imported #245 / 0 tx / 2 pending / 0 (0.0%) gas / (0xf051b0830e18ba769d31d8f06df4c985cab844dd1ed8b6bfec74d161d5c98042)
2026-10-07 11:42:56.088+00:00 | BftProcessorExecutor-QBFT-0 | INFO  | QbftBesuControllerBuilder | Imported #246 / 0 tx / 2 pending / 0 (0.0%) gas / (0xd75fbd02f55a62738a68cb4e0d93d2de29cca106c04c628de3b75caab21dc457)
2026-10-07 11:42:58.100+00:00 | EthScheduler-Workers-0 | INFO  | PersistBlockTask | Block 247 (0x449e5741f3c70eb89e8576beaa8ad65fa5c223a7ae617a87e0cb3aab471caec0) is already imported
2026-10-07 11:42:58.100+00:00 | BftProcessorExecutor-QBFT-0 | INFO  | QbftBesuControllerBuilder | Imported #247 / 0 tx / 2 pending / 0 (0.0%) gas / (0x449e5741f3c70eb89e8576beaa8ad65fa5c223a7ae617a87e0cb3aab471caec0)
2026-10-07 11:43:00.090+00:00 | BftProcessorExecutor-QBFT-0 | INFO  | QbftBesuControllerBuilder | Imported #248 / 0 tx / 2 pending / 0 (0.0%) gas / (0x4c7e0cd4c881d259c9cac5ef39eb7367fb936b25628ad5bc29e8a160d11e05ec)
2026-10-07 11:43:02.102+00:00 | BftProcessorExecutor-QBFT-0 | INFO  | QbftBesuControllerBuilder | Imported #249 / 0 tx / 2 pending / 0 (0.0%) gas / (0x66398fb2e891e3e3772322571745fda504e3c7812e038198832ee98e23072bda)
2026-10-07 11:43:04.094+00:00 | BftProcessorExecutor-QBFT-0 | INFO  | QbftBesuControllerBuilder | Imported #250 / 0 tx / 2 pending / 0 (0.0%) gas / (0x1098d080bf3c5869a57d49443def1dc47efaa5ec42ce10a93c7a5e7e361a09c8)
2026-10-07 11:43:06.088+00:00 | BftProcessorExecutor-QBFT-0 | INFO  | QbftBesuControllerBuilder | Imported #251 / 0 tx / 2 pending / 0 (0.0%) gas / (0x7aa8b8b2762ebb3432204f6a128af268e5716ba346e398917293ef2315bf0bc4)
2026-10-07 11:43:08.067+00:00 | BftProcessorExecutor-QBFT-0 | INFO  | QbftBesuControllerBuilder | Imported #252 / 0 tx / 2 pending / 0 (0.0%) gas / (0x544a7169d5c621e5b2b8a2a9bf8e762e8405afbc1e5921d2602cd1e8dade43dd)
2026-10-07 11:43:10.085+00:00 | BftProcessorExecutor-QBFT-0 | INFO  | QbftBesuControllerBuilder | Imported #253 / 0 tx / 2 pending / 0 (0.0%) gas / (0x4ffaecb3c2eb65d67afddf2b3a7ac61f9c5e6972af0913b5e5f175109a33f059)
2026-10-07 11:43:12.094+00:00 | EthScheduler-Workers-0 | INFO  | PersistBlockTask | Block 254 (0x86a804c352c0501bac04b31dfbc324288870c2deba38d8546fae51a275c60ac0) is already imported
2026-10-07 11:43:12.094+00:00 | BftProcessorExecutor-QBFT-0 | INFO  | QbftBesuControllerBuilder | Imported #254 / 0 tx / 2 pending / 0 (0.0%) gas / (0x86a804c352c0501bac04b31dfbc324288870c2deba38d8546fae51a275c60ac0)
2026-10-07 11:43:14.082+00:00 | BftProcessorExecutor-QBFT-0 | INFO  | QbftBesuControllerBuilder | Produced #255 / 0 tx / 2 pending / 0 (0.0%) gas / (0x2203aeba683e1a45747fb43f518205f5357d4a0369b0eb69c3438138b5c4c118)
2026-10-07 11:43:16.075+00:00 | BftProcessorExecutor-QBFT-0 | INFO  | QbftBesuControllerBuilder | Imported #256 / 0 tx / 2 pending / 0 (0.0%) gas / (0xcb1b57c004c97b1cc6c54040438c672de797c2d18635f15df35fba19bcac261f)
2026-10-07 11:43:16.075+00:00 | EthScheduler-Workers-0 | INFO  | PersistBlockTask | Block 256 (0xcb1b57c004c97b1cc6c54040438c672de797c2d18635f15df35fba19bcac261f) is already imported
2026-10-07 11:43:18.091+00:00 | BftProcessorExecutor-QBFT-0 | INFO  | QbftBesuControllerBuilder | Imported #257 / 0 tx / 2 pending / 0 (0.0%) gas / (0xb9520f05e1e889e059ce59655170c0ca25a818dc49f014f1634c56a609cc9fd4)
2026-10-07 11:43:20.087+00:00 | BftProcessorExecutor-QBFT-0 | INFO  | QbftBesuControllerBuilder | Imported #258 / 0 tx / 2 pending / 0 (0.0%) gas / (0x7018c9c1317713786f48b6eada1dde3915e227b86715c837f49c7d4c7227a9c6)
2026-10-07 11:43:22.093+00:00 | BftProcessorExecutor-QBFT-0 | INFO  | QbftBesuControllerBuilder | Imported #259 / 0 tx / 2 pending / 0 (0.0%) gas / (0x51790d605220322bb08ca6df8bfa5de6e72e763cbf2aad238ddcf1c73c4f1785)
2026-10-07 11:43:24.093+00:00 | BftProcessorExecutor-QBFT-0 | INFO  | QbftBesuControllerBuilder | Imported #260 / 0 tx / 2 pending / 0 (0.0%) gas / (0xc2db674caf9ece74db3b558d7a7bb4c718c7269663dcadaddfc61ebd2bbedf10)
2026-10-07 11:43:26.090+00:00 | BftProcessorExecutor-QBFT-0 | INFO  | QbftBesuControllerBuilder | Imported #261 / 0 tx / 2 pending / 0 (0.0%) gas / (0xe087c727ca3b75137f6300a7734b5c7551731b8bb3fc595d6c1bcb5f056bce9d)
2026-10-07 11:43:28.089+00:00 | BftProcessorExecutor-QBFT-0 | INFO  | QbftBesuControllerBuilder | Imported #262 / 0 tx / 2 pending / 0 (0.0%) gas / (0xa5b17cbf32a11ccb870836f3c642d24845e9c72309948b83a361b59d7e7b7eef)
2026-10-07 11:43:30.086+00:00 | BftProcessorExecutor-QBFT-0 | INFO  | QbftBesuControllerBuilder | Imported #263 / 0 tx / 2 pending / 0 (0.0%) gas / (0x9f9d318229e701ead58bbf22f084840a6a12e05d85c0dbce9666a058cba5c7f0)
2026-10-07 11:43:32.102+00:00 | EthScheduler-Workers-0 | INFO  | PersistBlockTask | Block 264 (0xa55c0c24944dd43b88eb1050ae50d89f15e4399f8bb8007587e18499a24a617e) is already imported
2026-10-07 11:43:32.103+00:00 | BftProcessorExecutor-QBFT-0 | INFO  | QbftBesuControllerBuilder | Imported #264 / 0 tx / 2 pending / 0 (0.0%) gas / (0xa55c0c24944dd43b88eb1050ae50d89f15e4399f8bb8007587e18499a24a617e)
2026-10-07 11:43:34.088+00:00 | BftProcessorExecutor-QBFT-0 | INFO  | QbftBesuControllerBuilder | Imported #265 / 0 tx / 2 pending / 0 (0.0%) gas / (0xfc94a356543363259e850f5732f5e42d9e2d321d84d4d9fcbb280a0e04759168)
2026-10-07 11:43:36.096+00:00 | EthScheduler-Workers-0 | INFO  | PersistBlockTask | Block 266 (0x4d93f01b1f0239677db6973b23ae2531153a7b8a80d5c684dfec93af4b083128) is already imported
2026-10-07 11:43:36.096+00:00 | BftProcessorExecutor-QBFT-0 | INFO  | QbftBesuControllerBuilder | Imported #266 / 0 tx / 2 pending / 0 (0.0%) gas / (0x4d93f01b1f0239677db6973b23ae2531153a7b8a80d5c684dfec93af4b083128)
2026-10-07 11:43:38.093+00:00 | BftProcessorExecutor-QBFT-0 | INFO  | QbftBesuControllerBuilder | Imported #267 / 0 tx / 2 pending / 0 (0.0%) gas / (0xc11a773dd929625b28d4dbde772d771db64f29e4697ecc2e03ddd87b92d57bbe)
2026-10-07 11:43:40.093+00:00 | BftProcessorExecutor-QBFT-0 | INFO  | QbftBesuControllerBuilder | Imported #268 / 0 tx / 2 pending / 0 (0.0%) gas / (0x22cc7e8ba8dd886640f3dcc087bf6f115db3116ff88fb0c1194ed9fd4818984c)
2026-10-07 11:43:42.097+00:00 | BftProcessorExecutor-QBFT-0 | INFO  | QbftBesuControllerBuilder | Imported #269 / 0 tx / 2 pending / 0 (0.0%) gas / (0xa61032064c3c6d5b749566a6e4eab90223f30b521ead9d5103922fc1f57b4856)
2026-10-07 11:43:44.091+00:00 | BftProcessorExecutor-QBFT-0 | INFO  | QbftBesuControllerBuilder | Produced #270 / 0 tx / 2 pending / 0 (0.0%) gas / (0x3f2715da2b6d4afe2316e65e1bfe47f9a0a0c7a79520000ad836933d4f5377a1)
2026-10-07 11:43:46.092+00:00 | BftProcessorExecutor-QBFT-0 | INFO  | QbftBesuControllerBuilder | Imported #271 / 0 tx / 2 pending / 0 (0.0%) gas / (0x0fcdaecf41883652b5921227c9ab75545c2604e045abbf3a300515c7c63296a8)
2026-10-07 11:43:48.085+00:00 | BftProcessorExecutor-QBFT-0 | INFO  | QbftBesuControllerBuilder | Imported #272 / 0 tx / 2 pending / 0 (0.0%) gas / (0x7518cc7a4563ce53879b5d331b6d6d4ca510c782662ef16df57baeb4dced6ff2)
2026-10-07 11:43:50.093+00:00 | BftProcessorExecutor-QBFT-0 | INFO  | QbftBesuControllerBuilder | Imported #273 / 0 tx / 2 pending / 0 (0.0%) gas / (0x94fe7610a05df21c08bc03c3642610aa4926dd490553ab1a4d75889dddba0e8f)
2026-10-07 11:43:52.091+00:00 | BftProcessorExecutor-QBFT-0 | INFO  | QbftBesuControllerBuilder | Imported #274 / 0 tx / 2 pending / 0 (0.0%) gas / (0x2bab967ee565cd49f9533768e7bfb0f05528cab04dad0e964e6adb845ec3b747)
2026-10-07 11:43:54.058+00:00 | BftProcessorExecutor-QBFT-0 | INFO  | QbftBesuControllerBuilder | Imported #275 / 0 tx / 2 pending / 0 (0.0%) gas / (0x621bb1a4ea1e3335f78469e095b49f00e7844d8bfd1b3bc1afeab36ad1e34505)
2026-10-07 11:43:56.095+00:00 | BftProcessorExecutor-QBFT-0 | INFO  | QbftBesuControllerBuilder | Imported #276 / 0 tx / 2 pending / 0 (0.0%) gas / (0x0e84b0c25f1ca648f68eb264a7fc907c603c1053f7e4af1e8149ab4933489f89)
2026-10-07 11:43:56.098+00:00 | EthScheduler-Workers-0 | INFO  | PersistBlockTask | Block 276 (0x0e84b0c25f1ca648f68eb264a7fc907c603c1053f7e4af1e8149ab4933489f89) is already imported
2026-10-07 11:43:58.077+00:00 | BftProcessorExecutor-QBFT-0 | INFO  | QbftBesuControllerBuilder | Imported #277 / 0 tx / 2 pending / 0 (0.0%) gas / (0xdb3a54218bac4775bcf6db73fdc77830c201814d2887bca9576cb0785fa9bc10)
2026-10-07 11:44:00.078+00:00 | BftProcessorExecutor-QBFT-0 | INFO  | QbftBesuControllerBuilder | Imported #278 / 0 tx / 2 pending / 0 (0.0%) gas / (0x2d419e66e0615b0c6ede1803c779689f76c8c97c33e6f4ea7d9ea883e2839e17)
2026-10-07 11:44:00.078+00:00 | EthScheduler-Workers-0 | INFO  | PersistBlockTask | Block 278 (0x2d419e66e0615b0c6ede1803c779689f76c8c97c33e6f4ea7d9ea883e2839e17) is already imported
2026-10-07 11:44:02.093+00:00 | BftProcessorExecutor-QBFT-0 | INFO  | QbftBesuControllerBuilder | Imported #279 / 0 tx / 10 pending / 0 (0.0%) gas / (0xc8f2fc7e849144cf29e83ca15d3fed2198b31cdd5c7e7608d2513ac8a6ba5c69)
2026-10-07 11:44:04.090+00:00 | BftProcessorExecutor-QBFT-0 | INFO  | QbftBesuControllerBuilder | Imported #280 / 0 tx / 10 pending / 0 (0.0%) gas / (0x95e52feab190b142b72668b41e1e70b3d2f5d9f1089654d741b3319ab38a65e0)
2026-10-07 11:44:06.090+00:00 | BftProcessorExecutor-QBFT-0 | INFO  | QbftBesuControllerBuilder | Imported #281 / 0 tx / 10 pending / 0 (0.0%) gas / (0x500835d9ff40bc3e4ad747e61ed08b1aed14fcf5a0b3af50c4d199b551610b16)
2026-10-07 11:44:08.091+00:00 | BftProcessorExecutor-QBFT-0 | INFO  | QbftBesuControllerBuilder | Imported #282 / 0 tx / 10 pending / 0 (0.0%) gas / (0x3b3872631975765cae063ef0e67b40ea836522d4c65fd03ed5cc8dac6f6f5885)
2026-10-07 11:44:10.086+00:00 | BftProcessorExecutor-QBFT-0 | INFO  | QbftBesuControllerBuilder | Imported #283 / 0 tx / 10 pending / 0 (0.0%) gas / (0x99868e3a4d956237fc6eb81bf26c03bfbea04d1c07deffa26cc533da891bc107)
2026-10-07 11:44:12.092+00:00 | BftProcessorExecutor-QBFT-0 | INFO  | QbftBesuControllerBuilder | Imported #284 / 0 tx / 10 pending / 0 (0.0%) gas / (0x1a4cc237ff6ef74b8629a4f767b9a574dc258c28e01bae8f416931c13bb148e5)
2026-10-07 11:44:14.098+00:00 | BftProcessorExecutor-QBFT-0 | INFO  | QbftBesuControllerBuilder | Produced #285 / 1 tx / 9 pending / 153,650 (0.0%) gas / (0x39841a9bf3b2af4fd9bca20c98b996f6dddb34f5b9e9fe1d7c5ef2ade20c2b80)
2026-10-07 11:44:16.107+00:00 | BftProcessorExecutor-QBFT-0 | INFO  | QbftBesuControllerBuilder | Imported #286 / 1 tx / 8 pending / 153,630 (0.0%) gas / (0x81dafcdb766d08bf77d24c51f7d1bf5a6380b71bacab592d1c71c80876261c68)
2026-10-07 11:44:18.110+00:00 | BftProcessorExecutor-QBFT-0 | INFO  | QbftBesuControllerBuilder | Imported #287 / 1 tx / 7 pending / 153,650 (0.0%) gas / (0xb97bfe35db9456917d85954859665969e7ca0e9b01397bc5892d5658f9f519e0)
2026-10-07 11:44:20.104+00:00 | EthScheduler-Workers-0 | INFO  | PersistBlockTask | Block 288 (0xaae6b0e8d736b6b34469aac6aca9330b06d7294f14b2e91b0c5700845f05e4c2) is already imported
2026-10-07 11:44:20.105+00:00 | BftProcessorExecutor-QBFT-0 | INFO  | QbftBesuControllerBuilder | Imported #288 / 1 tx / 6 pending / 153,630 (0.0%) gas / (0xaae6b0e8d736b6b34469aac6aca9330b06d7294f14b2e91b0c5700845f05e4c2)
2026-10-07 11:44:22.112+00:00 | EthScheduler-Workers-0 | INFO  | PersistBlockTask | Imported #289 / 1 tx / 0 om / 153,618 (0.0%) gas / (0x96154851476ba6b713c9a7ae7eaba5009bc3e85cd3680f140b2b73a34dab942f) in 0.007s. Peers: 14
2026-10-07 11:44:24.113+00:00 | EthScheduler-Workers-0 | INFO  | PersistBlockTask | Block 290 (0xacfa1c8e6faaa503a43faffaeab56bed4416ad62b208fa124e49bed0e22e8733) is already imported
2026-10-07 11:44:24.113+00:00 | BftProcessorExecutor-QBFT-0 | INFO  | QbftBesuControllerBuilder | Imported #290 / 1 tx / 4 pending / 153,650 (0.0%) gas / (0xacfa1c8e6faaa503a43faffaeab56bed4416ad62b208fa124e49bed0e22e8733)
2026-10-07 11:44:26.095+00:00 | BftProcessorExecutor-QBFT-0 | INFO  | QbftBesuControllerBuilder | Imported #291 / 0 tx / 4 pending / 0 (0.0%) gas / (0xe79472d693602e23019794f4be1156950e5aa88068f54706cdb898e78839b45f)
2026-10-07 11:44:28.115+00:00 | BftProcessorExecutor-QBFT-0 | INFO  | QbftBesuControllerBuilder | Imported #292 / 1 tx / 3 pending / 153,618 (0.0%) gas / (0x9b3dcbc3592ca798dfe9fa2e4caed02b1cdfde85241580442d7b8bd30c86a4cf)
2026-10-07 11:44:28.115+00:00 | EthScheduler-Workers-0 | INFO  | PersistBlockTask | Block 292 (0x9b3dcbc3592ca798dfe9fa2e4caed02b1cdfde85241580442d7b8bd30c86a4cf) is already imported
2026-10-07 11:44:30.092+00:00 | BftProcessorExecutor-QBFT-0 | INFO  | QbftBesuControllerBuilder | Imported #293 / 0 tx / 3 pending / 0 (0.0%) gas / (0x9d8c55b36677ee49b1761b777b0253bf1aa31def00f2744d303615a8a5180b0b)
2026-10-07 11:44:32.094+00:00 | BftProcessorExecutor-QBFT-0 | INFO  | QbftBesuControllerBuilder | Imported #294 / 0 tx / 3 pending / 0 (0.0%) gas / (0x7643af5584149e325846ba1a4aeedfc62a803b7ff14303c307d2175cf5da72e8)
2026-10-07 11:44:34.098+00:00 | BftProcessorExecutor-QBFT-0 | INFO  | QbftBesuControllerBuilder | Imported #295 / 0 tx / 3 pending / 0 (0.0%) gas / (0x147688cd322da9996aafc6e3c8368f30d5486d19efc8965d6e0de7fef9178bda)
2026-10-07 11:44:34.103+00:00 | EthScheduler-Workers-0 | INFO  | PersistBlockTask | Block 295 (0x147688cd322da9996aafc6e3c8368f30d5486d19efc8965d6e0de7fef9178bda) is already imported
2026-10-07 11:44:36.093+00:00 | BftProcessorExecutor-QBFT-0 | INFO  | QbftBesuControllerBuilder | Imported #296 / 0 tx / 3 pending / 0 (0.0%) gas / (0x9b4f1691b57a7647470d1dbb3463b7364ba6eee58da57ed3968ba04e21458fa1)
2026-10-07 11:44:36.095+00:00 | EthScheduler-Workers-0 | INFO  | PersistBlockTask | Block 296 (0x9b4f1691b57a7647470d1dbb3463b7364ba6eee58da57ed3968ba04e21458fa1) is already imported
2026-10-07 11:44:38.085+00:00 | BftProcessorExecutor-QBFT-0 | INFO  | QbftBesuControllerBuilder | Imported #297 / 0 tx / 3 pending / 0 (0.0%) gas / (0x60cf74525217a16953604d02d462b337dd216b342ee2c741317bf6b31d661941)
2026-10-07 11:44:40.085+00:00 | BftProcessorExecutor-QBFT-0 | INFO  | QbftBesuControllerBuilder | Imported #298 / 0 tx / 3 pending / 0 (0.0%) gas / (0x8c5dcca33dd3ad3147906c875d9c521ee8a19227adc1a00895d6b07f815b2b6f)
2026-10-07 11:44:42.099+00:00 | BftProcessorExecutor-QBFT-0 | INFO  | QbftBesuControllerBuilder | Imported #299 / 0 tx / 3 pending / 0 (0.0%) gas / (0x4e1d6deba6ebd3bb845268b65135f190fd49a5d42b1ca636171d9abbedef00cd)
2026-10-07 11:44:44.091+00:00 | BftProcessorExecutor-QBFT-0 | INFO  | QbftBesuControllerBuilder | Produced #300 / 0 tx / 3 pending / 0 (0.0%) gas / (0x122e487908c67ba15c93a9dc0effd3ce2fc1724defc8df964b5aa41ddbcba088)
2026-10-07 11:44:46.091+00:00 | BftProcessorExecutor-QBFT-0 | INFO  | QbftBesuControllerBuilder | Imported #301 / 0 tx / 3 pending / 0 (0.0%) gas / (0xb3793b6d54ccbe10b69b1afb322ee2c477485a2a2ad88f294456c06887272a2f)
2026-10-07 11:44:48.100+00:00 | BftProcessorExecutor-QBFT-0 | INFO  | QbftBesuControllerBuilder | Imported #302 / 0 tx / 3 pending / 0 (0.0%) gas / (0x400d0ceb64cd0fabc64f8037e91a5955af962032ef64aa8656e7606f78ad9a7f)
2026-10-07 11:44:50.105+00:00 | EthScheduler-Workers-0 | INFO  | PersistBlockTask | Imported #303 / 0 tx / 0 om / 0 (0.0%) gas / (0xc552bf24c4543c40b58f60d6fa524c7028286a2f857dfb6f8327e1cb69e30cc0) in 0.004s. Peers: 14
2026-10-07 11:44:52.095+00:00 | BftProcessorExecutor-QBFT-0 | INFO  | QbftBesuControllerBuilder | Imported #304 / 0 tx / 3 pending / 0 (0.0%) gas / (0x9234aa97f0161a0f8be83c288626be4e28ae6a35fc42c2dd24e359812c7f84df)
2026-10-07 11:44:54.099+00:00 | BftProcessorExecutor-QBFT-0 | INFO  | QbftBesuControllerBuilder | Imported #305 / 0 tx / 3 pending / 0 (0.0%) gas / (0x7ce31cd6e7d52bdf8b2fb1a57eabead7a3b9177e2822be962e068ecd44477115)
2026-10-07 11:44:56.094+00:00 | BftProcessorExecutor-QBFT-0 | INFO  | QbftBesuControllerBuilder | Imported #306 / 0 tx / 3 pending / 0 (0.0%) gas / (0xd99a4d1e164e3178ae246aa3b511466dd6d1a9f1f670fd964ccb696240a4f0ce)
2026-10-07 11:44:58.083+00:00 | BftProcessorExecutor-QBFT-0 | INFO  | QbftBesuControllerBuilder | Imported #307 / 0 tx / 3 pending / 0 (0.0%) gas / (0x6354e1d919469e63367e332c293e8362247214eca0581cabda0b850ac8b1d1dd)
2026-10-07 11:44:58.087+00:00 | EthScheduler-Workers-0 | INFO  | PersistBlockTask | Block 307 (0x6354e1d919469e63367e332c293e8362247214eca0581cabda0b850ac8b1d1dd) is already imported
2026-10-07 11:45:00.092+00:00 | BftProcessorExecutor-QBFT-0 | INFO  | QbftBesuControllerBuilder | Imported #308 / 0 tx / 3 pending / 0 (0.0%) gas / (0x39379ae66f4261b4fff26c141d4da4e699e19fefa66b96bbc198181b0208c513)
2026-10-07 11:45:02.089+00:00 | BftProcessorExecutor-QBFT-0 | INFO  | QbftBesuControllerBuilder | Imported #309 / 0 tx / 3 pending / 0 (0.0%) gas / (0xb4236e8dd89821a44b34368d126bcbc529f2761bd721f0b6381a236c61773324)
2026-10-07 11:45:04.094+00:00 | BftProcessorExecutor-QBFT-0 | INFO  | QbftBesuControllerBuilder | Imported #310 / 0 tx / 3 pending / 0 (0.0%) gas / (0xa12998d615ee3f4eafcc2d039348c4c6ab2517f2e6bdea3756bcd23a5a884d7b)
2026-10-07 11:45:06.100+00:00 | BftProcessorExecutor-QBFT-0 | INFO  | QbftBesuControllerBuilder | Imported #311 / 0 tx / 3 pending / 0 (0.0%) gas / (0xd57c6b9bf847065ec2b7637988391e055dba87b6adf7d392a9fb37af9ec916d1)
2026-10-07 11:45:08.085+00:00 | BftProcessorExecutor-QBFT-0 | INFO  | QbftBesuControllerBuilder | Imported #312 / 0 tx / 3 pending / 0 (0.0%) gas / (0x9c99e7882a2952f32abff7cb8b13506e10ed225790121fa52e3fe0a9f40c3d51)
2026-10-07 11:45:10.090+00:00 | BftProcessorExecutor-QBFT-0 | INFO  | QbftBesuControllerBuilder | Imported #313 / 0 tx / 3 pending / 0 (0.0%) gas / (0xeb6009373bcc5191e86b9781321bf6988310e27b41f8c83b99db046aa762efb7)
2026-10-07 11:45:12.086+00:00 | BftProcessorExecutor-QBFT-0 | INFO  | QbftBesuControllerBuilder | Imported #314 / 0 tx / 3 pending / 0 (0.0%) gas / (0x5b2a5a99e6ff438913832f7b18802d29be6b9f9664238ce727a0c18dc534034e)
2026-10-07 11:45:14.077+00:00 | BftProcessorExecutor-QBFT-0 | INFO  | QbftBesuControllerBuilder | Produced #315 / 0 tx / 3 pending / 0 (0.0%) gas / (0x385e2410389836536376d82d24d21f552dd7cdf955ab55959043ae7d41e2e655)
2026-10-07 11:45:16.098+00:00 | BftProcessorExecutor-QBFT-0 | INFO  | QbftBesuControllerBuilder | Imported #316 / 0 tx / 3 pending / 0 (0.0%) gas / (0x69244ca54507e472981f60538293f1aa0caf933c7b67eba30c885f2fc8fa94cb)
2026-10-07 11:45:18.092+00:00 | EthScheduler-Workers-0 | INFO  | PersistBlockTask | Block 317 (0xa1e832c91e3144f5fea09f1854197fc8e9cc6e4ad5ff0ae4ba06037262666d54) is already imported
2026-10-07 11:45:18.092+00:00 | BftProcessorExecutor-QBFT-0 | INFO  | QbftBesuControllerBuilder | Imported #317 / 0 tx / 3 pending / 0 (0.0%) gas / (0xa1e832c91e3144f5fea09f1854197fc8e9cc6e4ad5ff0ae4ba06037262666d54)
2026-10-07 11:45:20.092+00:00 | BftProcessorExecutor-QBFT-0 | INFO  | QbftBesuControllerBuilder | Imported #318 / 0 tx / 3 pending / 0 (0.0%) gas / (0xf3753704f94d4efb089c15c4d08f844c7c6f5b6564fdcf09300583408f74e7d1)
2026-10-07 11:45:22.094+00:00 | BftProcessorExecutor-QBFT-0 | INFO  | QbftBesuControllerBuilder | Imported #319 / 0 tx / 3 pending / 0 (0.0%) gas / (0xb3e39bdba804119a6da3d204978c9cc5eaf3a3c4284fb8ada51662de391601fb)
2026-10-07 11:45:22.095+00:00 | EthScheduler-Workers-0 | INFO  | PersistBlockTask | Block 319 (0xb3e39bdba804119a6da3d204978c9cc5eaf3a3c4284fb8ada51662de391601fb) is already imported
2026-10-07 11:45:24.074+00:00 | BftProcessorExecutor-QBFT-0 | INFO  | QbftBesuControllerBuilder | Imported #320 / 0 tx / 3 pending / 0 (0.0%) gas / (0x7c1da6d886465e7ed3bd384c74e93a0598f4eb43586258f29dc1c10d45de8070)
2026-10-07 11:45:26.097+00:00 | BftProcessorExecutor-QBFT-0 | INFO  | QbftBesuControllerBuilder | Imported #321 / 0 tx / 3 pending / 0 (0.0%) gas / (0x45f91e4bef61d704283e40b0310bec6bff2dde1049c88202fc3dfbba989a0711)
2026-10-07 11:45:28.099+00:00 | EthScheduler-Workers-0 | INFO  | PersistBlockTask | Block 322 (0xaab0acfd32f4258895c708986a25728c69aa96918a602386e9a67fcc2457a8db) is already imported
2026-10-07 11:45:28.099+00:00 | BftProcessorExecutor-QBFT-0 | INFO  | QbftBesuControllerBuilder | Imported #322 / 0 tx / 3 pending / 0 (0.0%) gas / (0xaab0acfd32f4258895c708986a25728c69aa96918a602386e9a67fcc2457a8db)
2026-10-07 11:45:30.093+00:00 | BftProcessorExecutor-QBFT-0 | INFO  | QbftBesuControllerBuilder | Imported #323 / 0 tx / 3 pending / 0 (0.0%) gas / (0x79b538e7f8b4c1769fd08f4337bf04d05880fdb5ed2d95e12623e0adca584c01)
2026-10-07 11:45:32.097+00:00 | BftProcessorExecutor-QBFT-0 | INFO  | QbftBesuControllerBuilder | Imported #324 / 0 tx / 3 pending / 0 (0.0%) gas / (0xa29b4a31403a906ebe12ed13648dcb817a04b7300b2effbad1b65c61e3debe02)
2026-10-07 11:45:34.090+00:00 | BftProcessorExecutor-QBFT-0 | INFO  | QbftBesuControllerBuilder | Imported #325 / 0 tx / 3 pending / 0 (0.0%) gas / (0x46cfe754fc4a34e2c9a5f4ffc923b652966b2068430b22575ea824b7af63c020)
2026-10-07 11:45:36.090+00:00 | BftProcessorExecutor-QBFT-0 | INFO  | QbftBesuControllerBuilder | Imported #326 / 0 tx / 3 pending / 0 (0.0%) gas / (0x194dd8a8583cbbcdc2bb9e1f253e38031e4a33fdca4e213ac51b3763122f87fe)
2026-10-07 11:45:38.097+00:00 | BftProcessorExecutor-QBFT-0 | INFO  | QbftBesuControllerBuilder | Imported #327 / 0 tx / 3 pending / 0 (0.0%) gas / (0xb2f68a797c1640c7abc8971ec65ac1088a19285bea137597a16c210b48bda9b9)
2026-10-07 11:45:40.099+00:00 | BftProcessorExecutor-QBFT-0 | INFO  | QbftBesuControllerBuilder | Imported #328 / 0 tx / 3 pending / 0 (0.0%) gas / (0xa2d00a234009bc80746f8ced7c2bf0796d7210eca45dd9e18aac3eb1d86d5a00)
2026-10-07 11:45:40.099+00:00 | EthScheduler-Workers-0 | INFO  | PersistBlockTask | Block 328 (0xa2d00a234009bc80746f8ced7c2bf0796d7210eca45dd9e18aac3eb1d86d5a00) is already imported
2026-10-07 11:45:42.090+00:00 | BftProcessorExecutor-QBFT-0 | INFO  | QbftBesuControllerBuilder | Imported #329 / 0 tx / 3 pending / 0 (0.0%) gas / (0x0d0daf7da0d11ee7624835edcf1d433c05b769c48773df2d1c98e06e1ec59438)
2026-10-07 11:45:44.079+00:00 | BftProcessorExecutor-QBFT-0 | INFO  | QbftBesuControllerBuilder | Produced #330 / 0 tx / 3 pending / 0 (0.0%) gas / (0x38f71b4cb56d60643125690cfd89c6b927e0469843e0c47ce09df53c546cd2df)
2026-10-07 11:45:46.096+00:00 | EthScheduler-Workers-0 | INFO  | PersistBlockTask | Imported #331 / 0 tx / 0 om / 0 (0.0%) gas / (0xfeb32e0315c33b180b6a6cc140155cf1dd5fb001c0dff98546034f4de54ab105) in 0.003s. Peers: 14
2026-10-07 11:45:48.081+00:00 | EthScheduler-Workers-0 | INFO  | PersistBlockTask | Block 332 (0xf470c5bfbe51391c92be47723f834a30ba36e2bebe5d648b3eeabf7c019898cd) is already imported
2026-10-07 11:45:48.081+00:00 | BftProcessorExecutor-QBFT-0 | INFO  | QbftBesuControllerBuilder | Imported #332 / 0 tx / 3 pending / 0 (0.0%) gas / (0xf470c5bfbe51391c92be47723f834a30ba36e2bebe5d648b3eeabf7c019898cd)
2026-10-07 11:45:50.102+00:00 | BftProcessorExecutor-QBFT-0 | INFO  | QbftBesuControllerBuilder | Imported #333 / 0 tx / 3 pending / 0 (0.0%) gas / (0x8735531cd4b2c6fbd5b696aa0adb9afce0d133021dd91ff71e27a68102c6345f)
2026-10-07 11:45:50.102+00:00 | EthScheduler-Workers-0 | INFO  | PersistBlockTask | Block 333 (0x8735531cd4b2c6fbd5b696aa0adb9afce0d133021dd91ff71e27a68102c6345f) is already imported
2026-10-07 11:45:52.087+00:00 | BftProcessorExecutor-QBFT-0 | INFO  | QbftBesuControllerBuilder | Imported #334 / 0 tx / 3 pending / 0 (0.0%) gas / (0xba1a646abc6a9095693fe393902aec5b8e91c5ad1409244e1b0410e0e7fa7f46)
2026-10-07 11:45:54.085+00:00 | BftProcessorExecutor-QBFT-0 | INFO  | QbftBesuControllerBuilder | Imported #335 / 0 tx / 3 pending / 0 (0.0%) gas / (0xcebd3d6df3eaa08e9066d43be91f673ea75dbbd459bbd2e97f2f9dbbe1d5382b)
2026-10-07 11:45:56.086+00:00 | BftProcessorExecutor-QBFT-0 | INFO  | QbftBesuControllerBuilder | Imported #336 / 0 tx / 3 pending / 0 (0.0%) gas / (0x3c39ab4f34a97744b18d6717c0a08de41ec5f427a71f80d88f36d5cf149dc21f)
2026-10-07 11:45:58.088+00:00 | EthScheduler-Workers-0 | INFO  | PersistBlockTask | Block 337 (0xe45e9e8c76e2e072fd1a9806054fb9a1e9e48b8fd0284855877052cff8c4aa14) is already imported
2026-10-07 11:45:58.090+00:00 | BftProcessorExecutor-QBFT-0 | INFO  | QbftBesuControllerBuilder | Imported #337 / 0 tx / 3 pending / 0 (0.0%) gas / (0xe45e9e8c76e2e072fd1a9806054fb9a1e9e48b8fd0284855877052cff8c4aa14)
2026-10-07 11:46:00.088+00:00 | BftProcessorExecutor-QBFT-0 | INFO  | QbftBesuControllerBuilder | Imported #338 / 0 tx / 3 pending / 0 (0.0%) gas / (0x1d5c9d338cac873ff56490a09f0ab3a8133e1a26ff1f734669a7858cfaef3444)
2026-10-07 11:46:00.088+00:00 | EthScheduler-Workers-0 | INFO  | PersistBlockTask | Block 338 (0x1d5c9d338cac873ff56490a09f0ab3a8133e1a26ff1f734669a7858cfaef3444) is already imported
2026-10-07 11:46:02.091+00:00 | BftProcessorExecutor-QBFT-0 | INFO  | QbftBesuControllerBuilder | Imported #339 / 0 tx / 3 pending / 0 (0.0%) gas / (0x70370072aac8479f898fceafb8c67a135896506e39ecf905ad9af05a340519cc)
2026-10-07 11:46:04.079+00:00 | BftProcessorExecutor-QBFT-0 | INFO  | QbftBesuControllerBuilder | Imported #340 / 0 tx / 3 pending / 0 (0.0%) gas / (0x0d66027c70d05950c11677b6c37cbda0b30f677f27c092dcf8b173e43652211a)
2026-10-07 11:46:04.083+00:00 | EthScheduler-Workers-0 | INFO  | PersistBlockTask | Block 340 (0x0d66027c70d05950c11677b6c37cbda0b30f677f27c092dcf8b173e43652211a) is already imported
2026-10-07 11:46:06.083+00:00 | BftProcessorExecutor-QBFT-0 | INFO  | QbftBesuControllerBuilder | Imported #341 / 0 tx / 3 pending / 0 (0.0%) gas / (0x4630adf69c174994a8f16abf38b8c86d2f8d0484550c84dc7135e57f3c89b3d0)
2026-10-07 11:46:08.078+00:00 | BftProcessorExecutor-QBFT-0 | INFO  | QbftBesuControllerBuilder | Imported #342 / 0 tx / 3 pending / 0 (0.0%) gas / (0x297f5e4c6af7ba867b1867cc02db4de9f3aeac308847c6f771300fa520fde040)
2026-10-07 11:46:10.070+00:00 | BftProcessorExecutor-QBFT-0 | INFO  | QbftBesuControllerBuilder | Imported #343 / 0 tx / 3 pending / 0 (0.0%) gas / (0xc202dcaef79bf5b3107eef34585e7ea1f8a8a04b576330dd027301de4fb211df)
2026-10-07 11:46:12.063+00:00 | BftProcessorExecutor-QBFT-0 | INFO  | QbftBesuControllerBuilder | Imported #344 / 0 tx / 3 pending / 0 (0.0%) gas / (0xd838bc1582d67d2047963794d7153a49d2985d5aa871cfc33eddcc08861b0ed5)
2026-10-07 11:46:14.089+00:00 | BftProcessorExecutor-QBFT-0 | INFO  | QbftBesuControllerBuilder | Produced #345 / 0 tx / 3 pending / 0 (0.0%) gas / (0x626c5d8ab1697af7025e1139144a65eadf786cac87fc4b5808ec79cf29ed0878)
2026-10-07 11:46:16.050+00:00 | BftProcessorExecutor-QBFT-0 | INFO  | QbftBesuControllerBuilder | Imported #346 / 0 tx / 3 pending / 0 (0.0%) gas / (0xd983468dcea7898388e3bbc4f69b5642562754bac0010c6d9039be0e11c9589e)
2026-10-07 11:46:18.077+00:00 | BftProcessorExecutor-QBFT-0 | INFO  | QbftBesuControllerBuilder | Imported #347 / 0 tx / 3 pending / 0 (0.0%) gas / (0x8f4493fe9a0520b849346421ca6bbbb1b50ef59c409193b4c2f34264ea02eee5)
2026-10-07 11:46:20.083+00:00 | EthScheduler-Workers-0 | INFO  | PersistBlockTask | Block 348 (0x95e5066bdb8e279b8364b9786d215fe30bdec461026b4904808b52126f2df7f6) is already imported
2026-10-07 11:46:20.083+00:00 | BftProcessorExecutor-QBFT-0 | INFO  | QbftBesuControllerBuilder | Imported #348 / 0 tx / 3 pending / 0 (0.0%) gas / (0x95e5066bdb8e279b8364b9786d215fe30bdec461026b4904808b52126f2df7f6)
2026-10-07 11:46:22.066+00:00 | EthScheduler-Workers-0 | INFO  | PersistBlockTask | Block 349 (0x5049c23abae6a086220a4eca4b6fe9d26fa5ebc009835df0cec31bd4c66a324b) is already imported
2026-10-07 11:46:22.067+00:00 | BftProcessorExecutor-QBFT-0 | INFO  | QbftBesuControllerBuilder | Imported #349 / 0 tx / 3 pending / 0 (0.0%) gas / (0x5049c23abae6a086220a4eca4b6fe9d26fa5ebc009835df0cec31bd4c66a324b)
2026-10-07 11:46:24.080+00:00 | EthScheduler-Workers-0 | INFO  | PersistBlockTask | Block 350 (0xb7e8349aaf256a4c43f746c489179eb474473e80850ae37faae1b41be218b106) is already imported
2026-10-07 11:46:24.081+00:00 | BftProcessorExecutor-QBFT-0 | INFO  | QbftBesuControllerBuilder | Imported #350 / 0 tx / 3 pending / 0 (0.0%) gas / (0xb7e8349aaf256a4c43f746c489179eb474473e80850ae37faae1b41be218b106)
2026-10-07 11:46:26.071+00:00 | BftProcessorExecutor-QBFT-0 | INFO  | QbftBesuControllerBuilder | Imported #351 / 0 tx / 3 pending / 0 (0.0%) gas / (0x25151bad5b84732ccc5485922120e541992c53cb565c651c70392215978dc4d0)
2026-10-07 11:46:28.056+00:00 | BftProcessorExecutor-QBFT-0 | INFO  | QbftBesuControllerBuilder | Imported #352 / 0 tx / 3 pending / 0 (0.0%) gas / (0x4ec46fdc9ee8bb61643fa321f4c91cbbe0396449809d984994b0de6163a16dcb)
2026-10-07 11:46:30.080+00:00 | EthScheduler-Workers-0 | INFO  | PersistBlockTask | Block 353 (0xc92d3a7872f629e0efec8240618ead542b7ea125a62b8067a5426076f9b87dda) is already imported
2026-10-07 11:46:30.081+00:00 | BftProcessorExecutor-QBFT-0 | INFO  | QbftBesuControllerBuilder | Imported #353 / 0 tx / 3 pending / 0 (0.0%) gas / (0xc92d3a7872f629e0efec8240618ead542b7ea125a62b8067a5426076f9b87dda)
