[node00] network interface=eth0
[node00] region=us-east applying per-destination WAN shaping from /config/tc.rules
[node00] tc rules applied:
qdisc htb 1: root refcnt 257 r2q 10 default 0x1 direct_packets_stat 0 direct_qlen 1000
qdisc netem 120: parent 1:20 limit 1000 delay 32.5ms  1.6ms loss 0.1%
qdisc netem 122: parent 1:22 limit 1000 delay 110ms  5.5ms loss 0.1%
qdisc netem 113: parent 1:13 limit 1000 delay 60ms  3ms loss 0.1%
qdisc netem 111: parent 1:11 limit 1000 delay 40ms  2ms loss 0.1%
qdisc netem 115: parent 1:15 limit 1000 delay 32.5ms  1.6ms loss 0.1%
qdisc netem 117: parent 1:17 limit 1000 delay 110ms  5.5ms loss 0.1%
qdisc netem 119: parent 1:19 limit 1000 delay 1ms  99us
qdisc netem 121: parent 1:21 limit 1000 delay 40ms  2ms loss 0.1%
qdisc netem 123: parent 1:23 limit 1000 delay 60ms  3ms loss 0.1%
qdisc netem 110: parent 1:10 limit 1000 delay 32.5ms  1.6ms loss 0.1%
qdisc netem 112: parent 1:12 limit 1000 delay 110ms  5.5ms loss 0.1%
qdisc netem 114: parent 1:14 limit 1000 delay 1ms  99us
qdisc netem 118: parent 1:18 limit 1000 delay 60ms  3ms loss 0.1%
qdisc netem 116: parent 1:16 limit 1000 delay 40ms  2ms loss 0.1%
Setting logging level to INFO
2026-10-07 17:01:10.401+00:00 | main | INFO  | Besu | Starting Besu
2026-10-07 17:01:10.754+00:00 | main | WARN  | Besu | --graphql-http-host has been ignored because --graphql-http-enabled was not defined on the command line.
2026-10-07 17:01:10.905+00:00 | main | INFO  | Besu | Connecting to 0 static nodes.
2026-10-07 17:01:10.909+00:00 | main | INFO  | Besu | Forcing price bump for transaction replacement to 0, since min-gas-price is set to 0
2026-10-07 17:01:10.909+00:00 | main | WARN  | Besu | Forcing tx-pool-min-gas-price=0, since it cannot be greater than the value of min-gas-price
2026-10-07 17:01:11.352+00:00 | main | INFO  | Besu | 
####################################################################################################
#                                                                                                  #
# Besu version 24.7.0                                                                              #
#                                                                                                  #
# Configuration:                                                                                   #
# Network: Custom genesis file                                                                     #
# /config/genesis.json                                                                             #
# Network Id: 1337                                                                                 #
# Data storage: Bonsai                                                                             #
# Sync mode: Full                                                                                  #
# RPC HTTP APIs: ETH,QBFT,NET,ADMIN,WEB3                                                           #
# RPC HTTP port: 8545                                                                              #
# Using LAYERED transaction pool implementation                                                    #
# Using STACKED worldstate update mode                                                             #
# Limit trie logs enabled: retention: 512; prune window: 30000                                     #
#                                                                                                  #
# Host:                                                                                            #
# Java: openjdk-java-21                                                                            #
# Maximum heap size: 29.50 GB                                                                      #
# OS: linux-x86_64                                                                                 #
# glibc: 2.39                                                                                      #
# jemalloc: 5.3.0-0-g54eaed1d8b56b1aa528be3bdd1877e59c56fa90c                                      #
# Total memory: 1007.68 GB                                                                         #
# CPU cores: 256                                                                                   #
#                                                                                                  #
# Plugin Registration Summary:                                                                     #
# No plugins have been registered.                                                                 #
# TOTAL = 0 of 0 plugins successfully registered.                                                  #
#                                                                                                  #
####################################################################################################
2026-10-07 17:01:11.353+00:00 | main | INFO  | Besu | Security Module: localfile
2026-10-07 17:01:11.355+00:00 | main | INFO  | VersionMetadata | Lookup version metadata file in data directory: /data
2026-10-07 17:01:11.356+00:00 | main | INFO  | VersionMetadata | No version data detected. Writing Besu version 24.7.0 to metadata file
2026-10-07 17:01:11.471+00:00 | main | INFO  | Besu | Using the native implementation of alt bn128
2026-10-07 17:01:11.552+00:00 | main | INFO  | Besu | Using the native implementation of modexp
2026-10-07 17:01:11.552+00:00 | main | INFO  | Besu | Using the native implementation of the signature algorithm
2026-10-07 17:01:11.562+00:00 | main | INFO  | Besu | Using the native implementation of the blake2bf algorithm
2026-10-07 17:01:11.651+00:00 | main | INFO  | Besu | Forcing price bump for transaction replacement to 0, since min-gas-price is set to 0
2026-10-07 17:01:11.652+00:00 | main | WARN  | Besu | Forcing tx-pool-min-gas-price=0, since it cannot be greater than the value of min-gas-price
2026-10-07 17:01:11.654+00:00 | main | INFO  | KeyPairUtil | Attempting to load public key from /data/key.priv
2026-10-07 17:01:11.677+00:00 | main | INFO  | KeyPairUtil | Loaded public key 0x3c36ff2820ac6e6ad1eb23fa72852c2b61a9dad31b80b368639a4bc87192b3239047ca5f02458fd4bbbc8f7cc4b10483b61daf0894630bbc60ad6eda6f94153e from /data/key.priv
2026-10-07 17:01:11.841+00:00 | main | INFO  | ProtocolScheduleBuilder | Protocol schedule created with milestones: [Berlin:0]
2026-10-07 17:01:11.846+00:00 | main | INFO  | RocksDBKeyValueStorageFactory | No existing database at /data. Using default metadata for new db versionedStorageFormat=BaseVersionedStorageFormat{format=BONSAI, version=2}
2026-10-07 17:01:12.128+00:00 | main | INFO  | FlatDbStrategyProvider | Bonsai flat db mode found FULL
2026-10-07 17:01:12.132+00:00 | main | INFO  | FlatDbStrategyProvider | Bonsai db mode with code stored using code hash enabled = true
2026-10-07 17:01:12.143+00:00 | main | INFO  | FlatDbStrategyProvider | Bonsai flat db mode found FULL
2026-10-07 17:01:12.145+00:00 | main | INFO  | FlatDbStrategyProvider | Bonsai db mode with code stored using code hash enabled = true
2026-10-07 17:01:12.570+00:00 | main | INFO  | TransactionPoolFactory | Enabling transaction pool
2026-10-07 17:01:12.590+00:00 | main | INFO  | BesuControllerBuilder | TTD difficulty is not present, creating initial sync phase for PoW
2026-10-07 17:01:12.641+00:00 | main | INFO  | TrieLogPruner | Loading first 30000 trie logs from database...
2026-10-07 17:01:12.643+00:00 | main | INFO  | TrieLogPruner | Loaded 1 trie logs from database
2026-10-07 17:01:12.653+00:00 | main | INFO  | RunnerBuilder | Resolved 5 bootnodes.
2026-10-07 17:01:12.662+00:00 | main | INFO  | RunnerBuilder | Detecting NAT service.
2026-10-07 17:01:12.846+00:00 | main | INFO  | Runner | Starting external services ... 
2026-10-07 17:01:12.847+00:00 | main | INFO  | JsonRpcHttpService | Starting JSON-RPC service on 0.0.0.0:8545
2026-10-07 17:01:12.982+00:00 | vert.x-eventloop-thread-3 | INFO  | JsonRpcHttpService | JSON-RPC service started and listening on 0.0.0.0:8545
2026-10-07 17:01:12.984+00:00 | main | INFO  | WebSocketService | Starting Websocket service on 0.0.0.0:8546
2026-10-07 17:01:12.986+00:00 | vert.x-eventloop-thread-3 | INFO  | WebSocketService | Websocket service started and listening on 0.0.0.0:8546
2026-10-07 17:01:12.989+00:00 | main | INFO  | AutoTransactionLogBloomCachingService | Starting auto transaction log bloom caching service.
2026-10-07 17:01:12.990+00:00 | main | INFO  | LogBloomCacheMetadata | Lookup cache metadata file in data directory: /data/caches
2026-10-07 17:01:13.000+00:00 | main | INFO  | Runner | Starting Ethereum main loop ... 
2026-10-07 17:01:13.000+00:00 | main | INFO  | NatService | No NAT environment detected so no service could be started
2026-10-07 17:01:13.000+00:00 | main | INFO  | NetworkRunner | Starting Network.
2026-10-07 17:01:13.011+00:00 | nioEventLoopGroup-2-1 | INFO  | RlpxAgent | P2P RLPx agent started and listening on /[0:0:0:0:0:0:0:0]:30303.
2026-10-07 17:01:13.011+00:00 | main | INFO  | PeerDiscoveryAgent | Starting peer discovery agent on host=0.0.0.0, port=30303. IPv6 available.
2026-10-07 17:01:13.022+00:00 | vert.x-eventloop-thread-3 | INFO  | VertxPeerDiscoveryAgent | Started peer discovery agent successfully, on effective host=0:0:0:0:0:0:0:0%0 and port=30303
2026-10-07 17:01:13.028+00:00 | vert.x-eventloop-thread-3 | INFO  | PeerDiscoveryAgent | P2P peer discovery agent started and listening on /[0:0:0:0:0:0:0:0%0]:30303
2026-10-07 17:01:13.110+00:00 | vert.x-eventloop-thread-3 | INFO  | PeerDiscoveryAgent | Writing node record to disk. NodeRecord{seq=1, publicKey=0x023c36ff2820ac6e6ad1eb23fa72852c2b61a9dad31b80b368639a4bc87192b323, udpAddress=Optional[/0.0.0.0:30303], tcpAddress=Optional[/0.0.0.0:30303], asBase64=-Je4QPoouPSg8ppV9LrcO58uMqsRf0S0UO9wP8db25xkDt0mNrBfYZu1jKCXHQYuH4vaZeaF96NpUuZ7SGWr16yA89IBg2V0aMfGhEJgX86AgmlkgnY0gmlwhAAAAACJc2VjcDI1NmsxoQI8Nv8oIKxuatHrI_pyhSwrYana0xuAs2hjmkvIcZKzI4N0Y3CCdl-DdWRwgnZf, nodeId=0x08b70884b240c846003aaddf1267170f925eb819468989ad04e35b9da5ff0aa7, customFields={tcp=30303, udp=30303, ip=0x00000000, eth=[[0x42605fce, 0x]], id=V4, secp256k1=0x023c36ff2820ac6e6ad1eb23fa72852c2b61a9dad31b80b368639a4bc87192b323}}
2026-10-07 17:01:13.158+00:00 | main | INFO  | DefaultP2PNetwork | Enode URL enode://3c36ff2820ac6e6ad1eb23fa72852c2b61a9dad31b80b368639a4bc87192b3239047ca5f02458fd4bbbc8f7cc4b10483b61daf0894630bbc60ad6eda6f94153e@0.0.0.0:30303
2026-10-07 17:01:13.158+00:00 | main | INFO  | DefaultP2PNetwork | Node address 0x1267170f925eb819468989ad04e35b9da5ff0aa7
2026-10-07 17:01:13.183+00:00 | main | INFO  | NetworkRunner | Supported capabilities: [eth/62, eth/63, eth/64, eth/65, eth/66, eth/67, eth/68], [istanbul/100], [snap/1]
2026-10-07 17:01:13.183+00:00 | main | INFO  | DefaultSynchronizer | Starting synchronizer.
2026-10-07 17:01:13.184+00:00 | main | INFO  | TransactionPoolFactory | Enabling transaction handling following initial sync
2026-10-07 17:01:13.185+00:00 | main | INFO  | QbftBesuControllerBuilder | Starting QBFT mining coordinator following initial sync
2026-10-07 17:01:13.194+00:00 | main | INFO  | FullSyncDownloader | Starting full sync.
2026-10-07 17:01:13.195+00:00 | main | INFO  | FullSyncTargetManager | Unable to find sync target. Currently checking 0 peers for usefulness
2026-10-07 17:01:13.203+00:00 | main | INFO  | Runner | Ethereum main loop is up.
2026-10-07 17:01:15.976+00:00 | nioEventLoopGroup-3-5 | INFO  | FullSyncTargetManager | Unable to find sync target. Currently checking 1 peers for usefulness
2026-10-07 17:01:17.830+00:00 | nioEventLoopGroup-3-6 | INFO  | FullSyncTargetManager | Unable to find sync target. Currently checking 2 peers for usefulness
2026-10-07 17:01:20.199+00:00 | nioEventLoopGroup-3-7 | INFO  | FullSyncTargetManager | Unable to find sync target. Currently checking 3 peers for usefulness
2026-10-07 17:01:22.081+00:00 | nioEventLoopGroup-3-8 | INFO  | FullSyncTargetManager | Unable to find sync target. Currently checking 4 peers for usefulness
2026-10-07 17:01:23.743+00:00 | nioEventLoopGroup-3-10 | INFO  | FullSyncTargetManager | Unable to find sync target. Currently checking 5 peers for usefulness
2026-10-07 17:01:26.179+00:00 | nioEventLoopGroup-3-1 | INFO  | FullSyncTargetManager | Unable to find sync target. Currently checking 6 peers for usefulness
2026-10-07 17:01:28.358+00:00 | nioEventLoopGroup-3-4 | INFO  | FullSyncTargetManager | Unable to find sync target. Currently checking 7 peers for usefulness
2026-10-07 17:01:30.820+00:00 | nioEventLoopGroup-3-6 | INFO  | FullSyncTargetManager | Unable to find sync target. Currently checking 8 peers for usefulness
2026-10-07 17:01:32.558+00:00 | nioEventLoopGroup-3-8 | INFO  | FullSyncTargetManager | Unable to find sync target. Currently checking 9 peers for usefulness
2026-10-07 17:01:34.531+00:00 | nioEventLoopGroup-3-10 | INFO  | FullSyncTargetManager | Unable to find sync target. Currently checking 10 peers for usefulness
2026-10-07 17:01:36.726+00:00 | nioEventLoopGroup-3-2 | INFO  | FullSyncTargetManager | Unable to find sync target. Currently checking 11 peers for usefulness
2026-10-07 17:01:38.904+00:00 | nioEventLoopGroup-3-4 | INFO  | FullSyncTargetManager | Unable to find sync target. Currently checking 12 peers for usefulness
2026-10-07 17:01:41.670+00:00 | nioEventLoopGroup-3-6 | INFO  | FullSyncTargetManager | Unable to find sync target. Currently checking 13 peers for usefulness
2026-10-07 17:01:42.450+00:00 | BftProcessorExecutor-QBFT-0 | INFO  | QbftRound | Importing proposed block to chain. round=ConsensusRoundIdentifier{Sequence=1, Round=1}, hash=0xcdfcf6817ba4ebadbf308646cfe46731aebe2bc51c04638861744e0f95fff097
2026-10-07 17:01:42.470+00:00 | BftProcessorExecutor-QBFT-0 | INFO  | QbftBesuControllerBuilder | Imported #1 / 0 tx / 0 pending / 0 (0.0%) gas / (0xcdfcf6817ba4ebadbf308646cfe46731aebe2bc51c04638861744e0f95fff097)
2026-10-07 17:01:43.609+00:00 | nioEventLoopGroup-3-8 | INFO  | FullSyncTargetManager | Unable to find sync target. Currently checking 14 peers for usefulness
2026-10-07 17:01:44.292+00:00 | BftProcessorExecutor-QBFT-0 | INFO  | QbftBesuControllerBuilder | Imported #2 / 0 tx / 0 pending / 0 (0.0%) gas / (0x10446e0a05f16702a1ec0f55e3ab3636999851d8645140721b0ec8469e2f9e11)
2026-10-07 17:01:46.329+00:00 | BftProcessorExecutor-QBFT-0 | INFO  | QbftBesuControllerBuilder | Imported #3 / 0 tx / 0 pending / 0 (0.0%) gas / (0xd27ce69a9077a37589fa60512d9f852e14c1b5b6db2c2e0b08516c562f99ed73)
2026-10-07 17:01:48.326+00:00 | BftProcessorExecutor-QBFT-0 | INFO  | QbftBesuControllerBuilder | Imported #4 / 0 tx / 0 pending / 0 (0.0%) gas / (0xf47a39b25a98cfc9f48ad436bf20a063115688c3338b1529a7bbffdfe6f3e547)
2026-10-07 17:01:48.330+00:00 | EthScheduler-Workers-0 | INFO  | PersistBlockTask | Block 4 (0xf47a39b25a98cfc9f48ad436bf20a063115688c3338b1529a7bbffdfe6f3e547) is already imported
2026-10-07 17:01:50.241+00:00 | BftProcessorExecutor-QBFT-0 | INFO  | QbftBesuControllerBuilder | Imported #5 / 0 tx / 1 pending / 0 (0.0%) gas / (0x4afd484c392c09220149234048707fd7dad29905ffe0ce8bdb5f57f2c42c78cb)
2026-10-07 17:01:52.329+00:00 | EthScheduler-Workers-0 | INFO  | PersistBlockTask | Block 6 (0xa1138033bf9087434b614948bdb5dd3dc680362bcc430767e50132d2efa29ce1) is already imported
2026-10-07 17:01:52.329+00:00 | BftProcessorExecutor-QBFT-0 | INFO  | QbftBesuControllerBuilder | Imported #6 / 0 tx / 1 pending / 0 (0.0%) gas / (0xa1138033bf9087434b614948bdb5dd3dc680362bcc430767e50132d2efa29ce1)
2026-10-07 17:01:54.352+00:00 | BftProcessorExecutor-QBFT-0 | INFO  | QbftBesuControllerBuilder | Imported #7 / 0 tx / 1 pending / 0 (0.0%) gas / (0x1afee8479fa96b9a3414343e7c773950a2b8f5646301796bc9568aa67f7fed38)
2026-10-07 17:01:56.364+00:00 | BftProcessorExecutor-QBFT-0 | INFO  | QbftBesuControllerBuilder | Imported #8 / 0 tx / 1 pending / 0 (0.0%) gas / (0x9840e1ad6ae41619036ed34a5f8fc9ea9dae13fdf3719e630e89a8a57b942554)
2026-10-07 17:01:58.317+00:00 | BftProcessorExecutor-QBFT-0 | INFO  | QbftBesuControllerBuilder | Imported #9 / 0 tx / 1 pending / 0 (0.0%) gas / (0xd97a24c1721dc2ee2ad89097b495b1c20725a868c78b801d34a7e342e581f44b)
2026-10-07 17:02:00.352+00:00 | EthScheduler-Workers-0 | INFO  | PersistBlockTask | Block 10 (0x76a09b7be05a91251232273f8565a7f083ca4b4d903dbdc37d60d2d999cf271a) is already imported
2026-10-07 17:02:00.353+00:00 | BftProcessorExecutor-QBFT-0 | INFO  | QbftBesuControllerBuilder | Imported #10 / 0 tx / 1 pending / 0 (0.0%) gas / (0x76a09b7be05a91251232273f8565a7f083ca4b4d903dbdc37d60d2d999cf271a)
2026-10-07 17:02:02.361+00:00 | BftProcessorExecutor-QBFT-0 | INFO  | QbftBesuControllerBuilder | Imported #11 / 0 tx / 1 pending / 0 (0.0%) gas / (0x75ce40583136ff2423130a579d3589be45314b21c8092fcc93eb2bb88600ebc8)
2026-10-07 17:02:04.352+00:00 | BftProcessorExecutor-QBFT-0 | INFO  | QbftBesuControllerBuilder | Imported #12 / 0 tx / 1 pending / 0 (0.0%) gas / (0xbe1287346a5cbfb5a3bed7e7e91fb731be8d06bed293525b20e8f2f140d423ee)
2026-10-07 17:02:06.446+00:00 | BftProcessorExecutor-QBFT-0 | INFO  | QbftBesuControllerBuilder | Imported #13 / 0 tx / 1 pending / 0 (0.0%) gas / (0x362e7b4ebd3a8b47115c0f8ca2ee819a8aa16b96b1647f8fd50c31e7acd6c225)
2026-10-07 17:02:08.374+00:00 | BftProcessorExecutor-QBFT-0 | INFO  | QbftBesuControllerBuilder | Imported #14 / 0 tx / 1 pending / 0 (0.0%) gas / (0xff8ba89ddefa14f60ba78d2a84efcf489f2c924b07869514f8c9a776c0a42d52)
2026-10-07 17:02:10.370+00:00 | BftProcessorExecutor-QBFT-0 | INFO  | QbftBesuControllerBuilder | Produced #15 / 1 tx / 0 pending / 465,218 (0.0%) gas / (0x5a7fe7910559a3f99095ffb6d8cd4fbcbbf3f6142053075ddde917a144ab5a0c)
2026-10-07 17:02:12.247+00:00 | EthScheduler-Workers-0 | INFO  | PersistBlockTask | Block 16 (0x806c080a056bd3ad2bd31117b9783dcad9f6eba501ed928e266f820c3cea0dcf) is already imported
2026-10-07 17:02:12.247+00:00 | BftProcessorExecutor-QBFT-0 | INFO  | QbftBesuControllerBuilder | Imported #16 / 0 tx / 1 pending / 0 (0.0%) gas / (0x806c080a056bd3ad2bd31117b9783dcad9f6eba501ed928e266f820c3cea0dcf)
2026-10-07 17:02:14.259+00:00 | BftProcessorExecutor-QBFT-0 | INFO  | QbftBesuControllerBuilder | Imported #17 / 0 tx / 1 pending / 0 (0.0%) gas / (0x45775bc3ae71dd29f79b1b0f2bb08070f4d16e8d75912578a3991079d8d9c100)
2026-10-07 17:02:16.350+00:00 | BftProcessorExecutor-QBFT-0 | INFO  | QbftBesuControllerBuilder | Imported #18 / 0 tx / 1 pending / 0 (0.0%) gas / (0xccc95e983f565a78512a54550e7eebf441d965bec61c165b0dbb46fd4325b071)
2026-10-07 17:02:18.254+00:00 | BftProcessorExecutor-QBFT-0 | INFO  | QbftBesuControllerBuilder | Imported #19 / 0 tx / 1 pending / 0 (0.0%) gas / (0xac794145a6b097ba5b4ae5cfc168db3282c80a9ad696f52839ebf2153a8a2e4c)
2026-10-07 17:02:20.240+00:00 | EthScheduler-Workers-0 | INFO  | PersistBlockTask | Block 20 (0x2684b592f9119844b33ef025d72d48121662e59e158733a9ca841418f1a865c5) is already imported
2026-10-07 17:02:20.241+00:00 | BftProcessorExecutor-QBFT-0 | INFO  | QbftBesuControllerBuilder | Imported #20 / 0 tx / 1 pending / 0 (0.0%) gas / (0x2684b592f9119844b33ef025d72d48121662e59e158733a9ca841418f1a865c5)
2026-10-07 17:02:22.251+00:00 | BftProcessorExecutor-QBFT-0 | INFO  | QbftBesuControllerBuilder | Imported #21 / 0 tx / 1 pending / 0 (0.0%) gas / (0x10c5e2865f8dcdc005fae1c87576758e8f7ad0f7380323b63506ab0c7bfbb219)
2026-10-07 17:02:24.275+00:00 | EthScheduler-Workers-0 | INFO  | PersistBlockTask | Block 22 (0xbab44f2d89b1ed59365ecd4761f71b1e3e6035410c49842e3f3789cb38d44d30) is already imported
2026-10-07 17:02:24.276+00:00 | BftProcessorExecutor-QBFT-0 | INFO  | QbftBesuControllerBuilder | Imported #22 / 0 tx / 1 pending / 0 (0.0%) gas / (0xbab44f2d89b1ed59365ecd4761f71b1e3e6035410c49842e3f3789cb38d44d30)
2026-10-07 17:02:26.345+00:00 | BftProcessorExecutor-QBFT-0 | INFO  | QbftBesuControllerBuilder | Imported #23 / 0 tx / 1 pending / 0 (0.0%) gas / (0x84bf1dcb6b3f6045d3b916eadeb9bb794c24c7970d647c0f086e16e86549ecc4)
2026-10-07 17:02:26.347+00:00 | EthScheduler-Workers-0 | INFO  | PersistBlockTask | Block 23 (0x84bf1dcb6b3f6045d3b916eadeb9bb794c24c7970d647c0f086e16e86549ecc4) is already imported
2026-10-07 17:02:28.269+00:00 | BftProcessorExecutor-QBFT-0 | INFO  | QbftBesuControllerBuilder | Imported #24 / 0 tx / 1 pending / 0 (0.0%) gas / (0x07866eea04483b068c177a526e6ace5e8ed7f8a00a163df738b10455c1def55b)
2026-10-07 17:02:30.244+00:00 | EthScheduler-Workers-0 | INFO  | PersistBlockTask | Block 25 (0x434c73cfcfb84489c6d722ca2323bf45e41bce58098d5c9b96ea3393f73a325c) is already imported
2026-10-07 17:02:30.245+00:00 | BftProcessorExecutor-QBFT-0 | INFO  | QbftBesuControllerBuilder | Imported #25 / 0 tx / 1 pending / 0 (0.0%) gas / (0x434c73cfcfb84489c6d722ca2323bf45e41bce58098d5c9b96ea3393f73a325c)
2026-10-07 17:02:32.245+00:00 | BftProcessorExecutor-QBFT-0 | INFO  | QbftBesuControllerBuilder | Imported #26 / 0 tx / 1 pending / 0 (0.0%) gas / (0x946253a99f277ae02b85f539bfc518986cf2261701b5229171c4556227462632)
2026-10-07 17:02:34.262+00:00 | BftProcessorExecutor-QBFT-0 | INFO  | QbftBesuControllerBuilder | Imported #27 / 0 tx / 1 pending / 0 (0.0%) gas / (0x3279e744455f43e739d10d2d000282911ad90b195221a0d1fdf12ff7d8ef0732)
2026-10-07 17:02:34.263+00:00 | EthScheduler-Workers-0 | INFO  | PersistBlockTask | Block 27 (0x3279e744455f43e739d10d2d000282911ad90b195221a0d1fdf12ff7d8ef0732) is already imported
2026-10-07 17:02:36.280+00:00 | EthScheduler-Workers-0 | INFO  | PersistBlockTask | Block 28 (0x832d1f8f0244679a79dfd150550e6f4437f252b023e7874636e8658089e055ce) is already imported
2026-10-07 17:02:36.281+00:00 | BftProcessorExecutor-QBFT-0 | INFO  | QbftBesuControllerBuilder | Imported #28 / 0 tx / 1 pending / 0 (0.0%) gas / (0x832d1f8f0244679a79dfd150550e6f4437f252b023e7874636e8658089e055ce)
2026-10-07 17:02:38.278+00:00 | BftProcessorExecutor-QBFT-0 | INFO  | QbftBesuControllerBuilder | Imported #29 / 0 tx / 1 pending / 0 (0.0%) gas / (0x926da23bb323b27e3c7aea5fbf3e2a81dbf98ed867849366ef63c8d7c0987750)
2026-10-07 17:02:38.282+00:00 | EthScheduler-Workers-0 | INFO  | PersistBlockTask | Block 29 (0x926da23bb323b27e3c7aea5fbf3e2a81dbf98ed867849366ef63c8d7c0987750) is already imported
2026-10-07 17:02:40.293+00:00 | BftProcessorExecutor-QBFT-0 | INFO  | QbftBesuControllerBuilder | Produced #30 / 1 tx / 0 pending / 1,832,981 (0.0%) gas / (0x5950cd12ef5eb4b024e9086d8c6f62b56b0001e706b1731980d80d236e42cef4)
2026-10-07 17:02:42.285+00:00 | BftProcessorExecutor-QBFT-0 | INFO  | QbftBesuControllerBuilder | Imported #31 / 0 tx / 0 pending / 0 (0.0%) gas / (0xbc42a3f45e4a687bbb31923181c9955dcdae4ed3fa454979b19d6e5835bd27c0)
2026-10-07 17:02:44.232+00:00 | BftProcessorExecutor-QBFT-0 | INFO  | QbftBesuControllerBuilder | Imported #32 / 0 tx / 0 pending / 0 (0.0%) gas / (0xcf16f379f4e898c2b027ba70e12c679a0148802937321a633a101b2be1c691cc)
2026-10-07 17:02:46.358+00:00 | EthScheduler-Workers-0 | INFO  | PersistBlockTask | Block 33 (0x480e50dab19818ef31e9d24b5a7d98a9c6dfaf6f0cb5887763b389ad35f7eb53) is already imported
2026-10-07 17:02:46.358+00:00 | BftProcessorExecutor-QBFT-0 | INFO  | QbftBesuControllerBuilder | Imported #33 / 0 tx / 0 pending / 0 (0.0%) gas / (0x480e50dab19818ef31e9d24b5a7d98a9c6dfaf6f0cb5887763b389ad35f7eb53)
2026-10-07 17:02:48.272+00:00 | BftProcessorExecutor-QBFT-0 | INFO  | QbftBesuControllerBuilder | Imported #34 / 0 tx / 0 pending / 0 (0.0%) gas / (0x75a43b5907fac60d63f45c6a2f696973cfd73d4ce70a1a570eb4872814e880fa)
2026-10-07 17:02:50.240+00:00 | BftProcessorExecutor-QBFT-0 | INFO  | QbftBesuControllerBuilder | Imported #35 / 0 tx / 0 pending / 0 (0.0%) gas / (0xfcae1e8483cecf6a18b65d720c4faa149708121a6a6a4e13b42556e6dc8cc144)
2026-10-07 17:02:50.241+00:00 | EthScheduler-Workers-0 | INFO  | PersistBlockTask | Block 35 (0xfcae1e8483cecf6a18b65d720c4faa149708121a6a6a4e13b42556e6dc8cc144) is already imported
2026-10-07 17:02:52.273+00:00 | BftProcessorExecutor-QBFT-0 | INFO  | QbftBesuControllerBuilder | Imported #36 / 0 tx / 0 pending / 0 (0.0%) gas / (0xbd40836e24c3234a70140ac68a649b8201c3ae65cadbd9240a33cdd0e549b31a)
2026-10-07 17:02:52.273+00:00 | EthScheduler-Workers-0 | INFO  | PersistBlockTask | Block 36 (0xbd40836e24c3234a70140ac68a649b8201c3ae65cadbd9240a33cdd0e549b31a) is already imported
2026-10-07 17:02:54.245+00:00 | BftProcessorExecutor-QBFT-0 | INFO  | QbftBesuControllerBuilder | Imported #37 / 0 tx / 0 pending / 0 (0.0%) gas / (0xe7d89dc749e83200079578be7e085f768e6fd04a4a48418eaa73003def251ff5)
2026-10-07 17:02:56.267+00:00 | BftProcessorExecutor-QBFT-0 | INFO  | QbftBesuControllerBuilder | Imported #38 / 0 tx / 0 pending / 0 (0.0%) gas / (0xc841ef83eb50be6169a452093572dbcdd223781c9dfbcbeb6cfdb918474486cb)
2026-10-07 17:02:58.264+00:00 | BftProcessorExecutor-QBFT-0 | INFO  | QbftBesuControllerBuilder | Imported #39 / 0 tx / 0 pending / 0 (0.0%) gas / (0x13659c6b7670ad8d57710c50152229d0c31df71045e179df2418f120db679e32)
2026-10-07 17:03:00.223+00:00 | BftProcessorExecutor-QBFT-0 | INFO  | QbftBesuControllerBuilder | Imported #40 / 0 tx / 0 pending / 0 (0.0%) gas / (0xa3726acab414a7ceba5fdca9bd157006e135a288878b5d4d6de4156783b27556)
2026-10-07 17:03:02.257+00:00 | EthScheduler-Workers-0 | INFO  | PersistBlockTask | Block 41 (0x188c1744e7b5f6f945e8c195974490ae498d96ef7dc4097f7e83f40c6c784725) is already imported
2026-10-07 17:03:02.257+00:00 | BftProcessorExecutor-QBFT-0 | INFO  | QbftBesuControllerBuilder | Imported #41 / 0 tx / 0 pending / 0 (0.0%) gas / (0x188c1744e7b5f6f945e8c195974490ae498d96ef7dc4097f7e83f40c6c784725)
2026-10-07 17:03:04.249+00:00 | EthScheduler-Workers-0 | INFO  | PersistBlockTask | Block 42 (0xf09369c15d510576dc2fbcb37cb1c17cbf0538df982e61611fe52af17086dfce) is already imported
2026-10-07 17:03:04.250+00:00 | BftProcessorExecutor-QBFT-0 | INFO  | QbftBesuControllerBuilder | Imported #42 / 0 tx / 0 pending / 0 (0.0%) gas / (0xf09369c15d510576dc2fbcb37cb1c17cbf0538df982e61611fe52af17086dfce)
2026-10-07 17:03:06.317+00:00 | BftProcessorExecutor-QBFT-0 | INFO  | QbftBesuControllerBuilder | Imported #43 / 0 tx / 0 pending / 0 (0.0%) gas / (0xc52d57c6891e5bfc72a0a42b5d848a6f6f02570ee8c3a3baf33689e7ac963c49)
2026-10-07 17:03:08.260+00:00 | BftProcessorExecutor-QBFT-0 | INFO  | QbftBesuControllerBuilder | Imported #44 / 0 tx / 0 pending / 0 (0.0%) gas / (0x98ade7f88d6a95cb7dab6143c69d942fd6708a13b38031845c0d8ce52aab991b)
2026-10-07 17:03:10.231+00:00 | EthScheduler-Workers-0 | INFO  | PersistBlockTask | Block 45 (0x8497d268210eaaf51ac4c5be75eb4090558cf2dcd2755b2c82345c4b41614093) is already imported
2026-10-07 17:03:10.232+00:00 | BftProcessorExecutor-QBFT-0 | INFO  | QbftBesuControllerBuilder | Produced #45 / 0 tx / 0 pending / 0 (0.0%) gas / (0x8497d268210eaaf51ac4c5be75eb4090558cf2dcd2755b2c82345c4b41614093)
2026-10-07 17:03:12.243+00:00 | BftProcessorExecutor-QBFT-0 | INFO  | QbftBesuControllerBuilder | Imported #46 / 0 tx / 0 pending / 0 (0.0%) gas / (0x5092d866baaca1bafaa34056a80b0cbb2da702bae6353b3064919d219851551a)
2026-10-07 17:03:14.684+00:00 | BftProcessorExecutor-QBFT-0 | INFO  | QbftBesuControllerBuilder | Imported #47 / 13 tx / 405 pending / 3,145,610 (0.0%) gas / (0x6657a5ddb168bf82260d478b5031524526e590cd3223d86d7c31d96c132f490f)
2026-10-07 17:03:17.646+00:00 | BftProcessorExecutor-QBFT-0 | INFO  | QbftBesuControllerBuilder | Imported #48 / 64 tx / 1399 pending / 15,486,080 (0.0%) gas / (0xd688f7e7d4f5c23963d39348316c4a0035aa94fd06ac9dfa25bbd0de20246293)
2026-10-07 17:03:20.127+00:00 | EthScheduler-Workers-0 | INFO  | PersistBlockTask | Block 49 (0x2050a5a122c9957f92c63de98e28ede97ad985affcefeb6cb96a262a8a749f2d) is already imported
2026-10-07 17:03:20.145+00:00 | BftProcessorExecutor-QBFT-0 | INFO  | QbftBesuControllerBuilder | Imported #49 / 109 tx / 2170 pending / 26,374,730 (0.0%) gas / (0x2050a5a122c9957f92c63de98e28ede97ad985affcefeb6cb96a262a8a749f2d)
2026-10-07 17:03:22.820+00:00 | EthScheduler-Workers-0 | INFO  | PersistBlockTask | Block 50 (0x1517d9d130fbbb1345ea1e65c3def9e67e0933d8d4c5cc6e2773c5805b395072) is already imported
2026-10-07 17:03:22.828+00:00 | BftProcessorExecutor-QBFT-0 | INFO  | QbftBesuControllerBuilder | Imported #50 / 159 tx / 2895 pending / 38,473,230 (0.0%) gas / (0x1517d9d130fbbb1345ea1e65c3def9e67e0933d8d4c5cc6e2773c5805b395072)
2026-10-07 17:03:26.343+00:00 | EthScheduler-Workers-0 | INFO  | PersistBlockTask | Block 51 (0xfe58f524d2bf95327cc93bb416c158682a546cacfb05329f6c0c4f6c7b9233f9) is already imported
2026-10-07 17:03:26.349+00:00 | BftProcessorExecutor-QBFT-0 | INFO  | QbftBesuControllerBuilder | Imported #51 / 220 tx / 3531 pending / 53,233,400 (0.0%) gas / (0xfe58f524d2bf95327cc93bb416c158682a546cacfb05329f6c0c4f6c7b9233f9)
2026-10-07 17:03:30.562+00:00 | BftProcessorExecutor-QBFT-0 | INFO  | QbftBesuControllerBuilder | Imported #52 / 272 tx / 3259 pending / 65,815,840 (0.0%) gas / (0x5afe29562b40046b76a978b8d44264deadb6f5c9c6ac8eca483c572a6a0a564b)
2026-10-07 17:03:35.073+00:00 | EthScheduler-Workers-0 | INFO  | PersistBlockTask | Block 53 (0xfeef32b3ad4639f383ab47bb0dcda1d8611122d1ab6e2adeb18fd2ae68cac847) is already imported
2026-10-07 17:03:35.076+00:00 | BftProcessorExecutor-QBFT-0 | INFO  | QbftBesuControllerBuilder | Imported #53 / 272 tx / 2987 pending / 65,815,840 (0.0%) gas / (0xfeef32b3ad4639f383ab47bb0dcda1d8611122d1ab6e2adeb18fd2ae68cac847)
2026-10-07 17:03:39.459+00:00 | EthScheduler-Workers-0 | INFO  | PersistBlockTask | Block 54 (0xf661e8d3b7f42571c4aa1f41fd2a0165df31a79641c0a5dd25adc233f9640358) is already imported
2026-10-07 17:03:39.463+00:00 | BftProcessorExecutor-QBFT-0 | INFO  | QbftBesuControllerBuilder | Imported #54 / 272 tx / 2715 pending / 65,815,840 (0.0%) gas / (0xf661e8d3b7f42571c4aa1f41fd2a0165df31a79641c0a5dd25adc233f9640358)
2026-10-07 17:03:43.574+00:00 | BftProcessorExecutor-QBFT-0 | INFO  | QbftBesuControllerBuilder | Imported #55 / 272 tx / 2443 pending / 65,815,840 (0.0%) gas / (0xe03603f9de839642ffca4caa1828404da941fa4a974bce206a6fdea1d904d279)
2026-10-07 17:03:47.797+00:00 | BftProcessorExecutor-QBFT-0 | INFO  | QbftBesuControllerBuilder | Imported #56 / 272 tx / 2171 pending / 65,815,840 (0.0%) gas / (0x265a08238a9447ad07b6c764dac3295e2dc5cfe33580f41ba760f7f27f034653)
2026-10-07 17:03:52.119+00:00 | EthScheduler-Workers-0 | INFO  | PersistBlockTask | Block 57 (0xfe1ace1078e1b5a260d0659e4bb808b720c14818665d59cddf7a8962111a093a) is already imported
2026-10-07 17:03:52.123+00:00 | BftProcessorExecutor-QBFT-0 | INFO  | QbftBesuControllerBuilder | Imported #57 / 272 tx / 1899 pending / 65,815,840 (0.0%) gas / (0xfe1ace1078e1b5a260d0659e4bb808b720c14818665d59cddf7a8962111a093a)
2026-10-07 17:03:56.548+00:00 | EthScheduler-Workers-0 | INFO  | PersistBlockTask | Block 58 (0xe811bb19ab6ef2824f3a7293fa17d85c54ced0ff33869bb768e8e2ad4c7236f4) is already imported
2026-10-07 17:03:56.551+00:00 | BftProcessorExecutor-QBFT-0 | INFO  | QbftBesuControllerBuilder | Imported #58 / 272 tx / 1627 pending / 65,815,840 (0.0%) gas / (0xe811bb19ab6ef2824f3a7293fa17d85c54ced0ff33869bb768e8e2ad4c7236f4)
2026-10-07 17:04:00.744+00:00 | EthScheduler-Workers-0 | INFO  | PersistBlockTask | Block 59 (0xaca81374f757796bcd5efc621b4674230b67ed2268e9ab4db25fb41e0f180f68) is already imported
2026-10-07 17:04:00.746+00:00 | BftProcessorExecutor-QBFT-0 | INFO  | QbftBesuControllerBuilder | Imported #59 / 272 tx / 1355 pending / 65,815,840 (0.0%) gas / (0xaca81374f757796bcd5efc621b4674230b67ed2268e9ab4db25fb41e0f180f68)
2026-10-07 17:04:04.870+00:00 | EthScheduler-Workers-0 | INFO  | PersistBlockTask | Block 60 (0x8d744f13901c76bf5dec2dc3f62d139a2ccd4655b6e181769144ba8ce6583e15) is already imported
2026-10-07 17:04:04.873+00:00 | BftProcessorExecutor-QBFT-0 | INFO  | QbftBesuControllerBuilder | Produced #60 / 275 tx / 1080 pending / 66,541,750 (0.0%) gas / (0x8d744f13901c76bf5dec2dc3f62d139a2ccd4655b6e181769144ba8ce6583e15)
2026-10-07 17:04:09.129+00:00 | EthScheduler-Workers-0 | INFO  | PersistBlockTask | Block 61 (0x3cb1a17e2a27217b84b7a3b5b56d9ef7fb1e3bff97df0495ea377b73dbeaa91c) is already imported
2026-10-07 17:04:09.132+00:00 | BftProcessorExecutor-QBFT-0 | INFO  | QbftBesuControllerBuilder | Imported #61 / 275 tx / 805 pending / 66,541,750 (0.0%) gas / (0x3cb1a17e2a27217b84b7a3b5b56d9ef7fb1e3bff97df0495ea377b73dbeaa91c)
2026-10-07 17:04:13.121+00:00 | EthScheduler-Workers-0 | INFO  | PersistBlockTask | Block 62 (0x0daca641516bf563f84fb04acc619ddd85a5ae69a34e8355b321ff40ac8ebda5) is already imported
2026-10-07 17:04:13.126+00:00 | BftProcessorExecutor-QBFT-0 | INFO  | QbftBesuControllerBuilder | Imported #62 / 262 tx / 543 pending / 63,396,140 (0.0%) gas / (0x0daca641516bf563f84fb04acc619ddd85a5ae69a34e8355b321ff40ac8ebda5)
2026-10-07 17:04:16.475+00:00 | BftProcessorExecutor-QBFT-0 | INFO  | QbftBesuControllerBuilder | Imported #63 / 211 tx / 332 pending / 51,055,670 (0.0%) gas / (0xe3f2d69c85baf5ce186d83fb74c5edf9a09a15e4dd0a7765986fa4397b5c317b)
2026-10-07 17:04:19.049+00:00 | BftProcessorExecutor-QBFT-0 | INFO  | QbftBesuControllerBuilder | Imported #64 / 166 tx / 166 pending / 40,167,020 (0.0%) gas / (0xa584d611aca30cf61c21db878e13790c5173ae758951d3ef3c5872ade6fca998)
2026-10-07 17:04:19.049+00:00 | EthScheduler-Workers-0 | INFO  | PersistBlockTask | Block 64 (0xa584d611aca30cf61c21db878e13790c5173ae758951d3ef3c5872ade6fca998) is already imported
2026-10-07 17:04:20.897+00:00 | EthScheduler-Workers-0 | INFO  | PersistBlockTask | Block 65 (0xc9a38303e8ce8ac70ddc28459990baafc40dc75aedd598418bb0a96e2ba4d90e) is already imported
2026-10-07 17:04:20.897+00:00 | BftProcessorExecutor-QBFT-0 | INFO  | QbftBesuControllerBuilder | Imported #65 / 114 tx / 52 pending / 27,584,580 (0.0%) gas / (0xc9a38303e8ce8ac70ddc28459990baafc40dc75aedd598418bb0a96e2ba4d90e)
2026-10-07 17:04:22.011+00:00 | EthScheduler-Workers-0 | INFO  | PersistBlockTask | Block 66 (0x7bc3e6bac5800b8f7d0a3a35ad18375bc653264fd4a25f338fc6feda01e312c3) is already imported
2026-10-07 17:04:22.012+00:00 | BftProcessorExecutor-QBFT-0 | INFO  | QbftBesuControllerBuilder | Imported #66 / 52 tx / 0 pending / 12,582,440 (0.0%) gas / (0x7bc3e6bac5800b8f7d0a3a35ad18375bc653264fd4a25f338fc6feda01e312c3)
2026-10-07 17:04:23.246+00:00 | BftProcessorExecutor-QBFT-0 | INFO  | QbftBesuControllerBuilder | Imported #67 / 0 tx / 0 pending / 0 (0.0%) gas / (0x9a534080cece6b2e1e4701d2b0e4133aafe2b65db6c51e3950b0d6eb76172f56)
2026-10-07 17:04:25.272+00:00 | BftProcessorExecutor-QBFT-0 | INFO  | QbftBesuControllerBuilder | Imported #68 / 0 tx / 0 pending / 0 (0.0%) gas / (0x7ad8b60beba673190db149ce1599bfdebaa0425bd014adc736518c252d059bd4)
2026-10-07 17:04:25.276+00:00 | EthScheduler-Workers-0 | INFO  | PersistBlockTask | Block 68 (0x7ad8b60beba673190db149ce1599bfdebaa0425bd014adc736518c252d059bd4) is already imported
2026-10-07 17:04:27.276+00:00 | BftProcessorExecutor-QBFT-0 | INFO  | QbftBesuControllerBuilder | Imported #69 / 0 tx / 0 pending / 0 (0.0%) gas / (0x0875af932bb54416d8f4487bad3657458a5b0785c69b5c01e0fb984b6365225f)
2026-10-07 17:04:29.217+00:00 | BftProcessorExecutor-QBFT-0 | INFO  | QbftBesuControllerBuilder | Imported #70 / 0 tx / 0 pending / 0 (0.0%) gas / (0x38a6bd111109b6b25241acc31ba0a2d8efaa7ec294c035384994279c733243b2)
2026-10-07 17:04:31.253+00:00 | BftProcessorExecutor-QBFT-0 | INFO  | QbftBesuControllerBuilder | Imported #71 / 0 tx / 0 pending / 0 (0.0%) gas / (0xd7566856be2fcd9f835b11a755824e6dbc9a8b03d30e9c0221f90aed78ab123b)
2026-10-07 17:04:33.294+00:00 | BftProcessorExecutor-QBFT-0 | INFO  | QbftBesuControllerBuilder | Imported #72 / 0 tx / 0 pending / 0 (0.0%) gas / (0x50cb4130748ce0816b1f6e64219766eb1a2781fa56f3d6fb953a93eaad1ea4e3)
2026-10-07 17:04:35.357+00:00 | EthScheduler-Workers-0 | INFO  | PersistBlockTask | Block 73 (0x9a2875e9590c5f997702609df728109d24a6b581485aeea087112035893462a1) is already imported
2026-10-07 17:04:35.357+00:00 | BftProcessorExecutor-QBFT-0 | INFO  | QbftBesuControllerBuilder | Imported #73 / 0 tx / 0 pending / 0 (0.0%) gas / (0x9a2875e9590c5f997702609df728109d24a6b581485aeea087112035893462a1)
2026-10-07 17:04:37.284+00:00 | BftProcessorExecutor-QBFT-0 | INFO  | QbftBesuControllerBuilder | Imported #74 / 0 tx / 0 pending / 0 (0.0%) gas / (0x14e19094d95d59599de27ab4411c8b699577c978e25340cef87dc55ab34cf2c1)
2026-10-07 17:04:37.286+00:00 | EthScheduler-Workers-0 | INFO  | PersistBlockTask | Block 74 (0x14e19094d95d59599de27ab4411c8b699577c978e25340cef87dc55ab34cf2c1) is already imported
2026-10-07 17:04:39.248+00:00 | EthScheduler-Workers-0 | INFO  | PersistBlockTask | Block 75 (0xe3bd314dc16379848c6fd1f3054d7766f67de1e7d17408bb125a79bcf16e148f) is already imported
2026-10-07 17:04:39.250+00:00 | BftProcessorExecutor-QBFT-0 | INFO  | QbftBesuControllerBuilder | Produced #75 / 0 tx / 0 pending / 0 (0.0%) gas / (0xe3bd314dc16379848c6fd1f3054d7766f67de1e7d17408bb125a79bcf16e148f)
2026-10-07 17:04:41.249+00:00 | BftProcessorExecutor-QBFT-0 | INFO  | QbftBesuControllerBuilder | Imported #76 / 0 tx / 0 pending / 0 (0.0%) gas / (0x92402bec82e70ed1a8ba494fd78153da082b527a064dd14fe016abc6f9034bae)
2026-10-07 17:04:41.253+00:00 | EthScheduler-Workers-0 | INFO  | PersistBlockTask | Block 76 (0x92402bec82e70ed1a8ba494fd78153da082b527a064dd14fe016abc6f9034bae) is already imported
2026-10-07 17:04:43.278+00:00 | EthScheduler-Workers-0 | INFO  | PersistBlockTask | Imported #77 / 0 tx / 0 om / 0 (0.0%) gas / (0xb1b979d1a67d10f3fe62a0dd0b835cec673e1a06c7f96bdecb2445a2f8e2da5f) in 0.009s. Peers: 14
2026-10-07 17:04:43.278+00:00 | BftProcessorExecutor-QBFT-0 | INFO  | QbftBesuControllerBuilder | Imported #77 / 0 tx / 0 pending / 0 (0.0%) gas / (0xb1b979d1a67d10f3fe62a0dd0b835cec673e1a06c7f96bdecb2445a2f8e2da5f)
2026-10-07 17:04:45.352+00:00 | BftProcessorExecutor-QBFT-0 | INFO  | QbftBesuControllerBuilder | Imported #78 / 0 tx / 0 pending / 0 (0.0%) gas / (0x9ef37f5cd2b9a36bcf1e400ac4aa2856c5e523d9963f512856c4628ec59e2edc)
2026-10-07 17:04:47.273+00:00 | BftProcessorExecutor-QBFT-0 | INFO  | QbftBesuControllerBuilder | Imported #79 / 0 tx / 0 pending / 0 (0.0%) gas / (0x783bca8c947aa49eb837d9b2344b5aa5464593f73e191333da1a0350e166182e)
2026-10-07 17:04:49.236+00:00 | EthScheduler-Workers-0 | INFO  | PersistBlockTask | Block 80 (0x16201f8ef758f75de7882c9f868877a366e01df9b363dff8ce8ae59f4a19128e) is already imported
2026-10-07 17:04:49.237+00:00 | BftProcessorExecutor-QBFT-0 | INFO  | QbftBesuControllerBuilder | Imported #80 / 0 tx / 0 pending / 0 (0.0%) gas / (0x16201f8ef758f75de7882c9f868877a366e01df9b363dff8ce8ae59f4a19128e)
2026-10-07 17:04:51.263+00:00 | BftProcessorExecutor-QBFT-0 | INFO  | QbftBesuControllerBuilder | Imported #81 / 0 tx / 0 pending / 0 (0.0%) gas / (0xb0b652aae4c17ad37c9df36ba33cabaf19e84e8e0fc950bee2071bab1f45a746)
2026-10-07 17:04:53.254+00:00 | EthScheduler-Workers-0 | INFO  | PersistBlockTask | Block 82 (0x1f6360866fc985699ea326b61e186cdbdabb19b31914245fab4c10a626f787da) is already imported
2026-10-07 17:04:53.255+00:00 | BftProcessorExecutor-QBFT-0 | INFO  | QbftBesuControllerBuilder | Imported #82 / 0 tx / 0 pending / 0 (0.0%) gas / (0x1f6360866fc985699ea326b61e186cdbdabb19b31914245fab4c10a626f787da)
2026-10-07 17:04:55.353+00:00 | BftProcessorExecutor-QBFT-0 | INFO  | QbftBesuControllerBuilder | Imported #83 / 0 tx / 0 pending / 0 (0.0%) gas / (0x27729ccbb65f46b3f130f6a48e235b9b67b11b0191ae2ae5578e3210ec22de13)
2026-10-07 17:04:55.353+00:00 | EthScheduler-Workers-0 | INFO  | PersistBlockTask | Block 83 (0x27729ccbb65f46b3f130f6a48e235b9b67b11b0191ae2ae5578e3210ec22de13) is already imported
2026-10-07 17:04:57.273+00:00 | BftProcessorExecutor-QBFT-0 | INFO  | QbftBesuControllerBuilder | Imported #84 / 0 tx / 0 pending / 0 (0.0%) gas / (0xb333c33fa0f7064c566389ac97a497c6bdcdd9b852fd4bd95be826f3ecbb91cb)
2026-10-07 17:04:57.275+00:00 | EthScheduler-Workers-0 | INFO  | PersistBlockTask | Block 84 (0xb333c33fa0f7064c566389ac97a497c6bdcdd9b852fd4bd95be826f3ecbb91cb) is already imported
2026-10-07 17:04:59.237+00:00 | BftProcessorExecutor-QBFT-0 | INFO  | QbftBesuControllerBuilder | Imported #85 / 0 tx / 0 pending / 0 (0.0%) gas / (0x5d4e1ad518c0a20e5a4a9c5849435c48eca3dd243c95c9b26b65749e67fc0f10)
2026-10-07 17:05:01.280+00:00 | BftProcessorExecutor-QBFT-0 | INFO  | QbftBesuControllerBuilder | Imported #86 / 0 tx / 0 pending / 0 (0.0%) gas / (0xac034d75fb1249a0f8c08e888d31d9df54aa5a9f63846659e5a9d4a801c99dfa)
2026-10-07 17:05:03.287+00:00 | BftProcessorExecutor-QBFT-0 | INFO  | QbftBesuControllerBuilder | Imported #87 / 0 tx / 0 pending / 0 (0.0%) gas / (0xd2977e24a39f2bf4f8a94df3365a74a3a60532ca13b4678891c1a4a5f9675440)
2026-10-07 17:05:05.350+00:00 | BftProcessorExecutor-QBFT-0 | INFO  | QbftBesuControllerBuilder | Imported #88 / 0 tx / 0 pending / 0 (0.0%) gas / (0x6897963d675f4f8550e563adadb4852c2fb9cbf4d47c894c475ab869fa082fe5)
2026-10-07 17:05:07.269+00:00 | BftProcessorExecutor-QBFT-0 | INFO  | QbftBesuControllerBuilder | Imported #89 / 0 tx / 0 pending / 0 (0.0%) gas / (0xea2949ffed461bf094f212de8fcc850eedc9b21c81b098dffcc1bcebb6e23ed0)
2026-10-07 17:05:09.234+00:00 | EthScheduler-Workers-0 | INFO  | PersistBlockTask | Block 90 (0xc9c7a3305402b4ba3727e436acaa759ed74bbd6d1f2a360fdb95b70eee0edcb1) is already imported
2026-10-07 17:05:09.235+00:00 | BftProcessorExecutor-QBFT-0 | INFO  | QbftBesuControllerBuilder | Produced #90 / 0 tx / 0 pending / 0 (0.0%) gas / (0xc9c7a3305402b4ba3727e436acaa759ed74bbd6d1f2a360fdb95b70eee0edcb1)
2026-10-07 17:05:11.271+00:00 | BftProcessorExecutor-QBFT-0 | INFO  | QbftBesuControllerBuilder | Imported #91 / 0 tx / 0 pending / 0 (0.0%) gas / (0xd4696f3e24a6020f9a2a7bd092a90b2a3a3abd4d05f49a0d4e49c2b18a7ffe39)
2026-10-07 17:05:13.294+00:00 | BftProcessorExecutor-QBFT-0 | INFO  | QbftBesuControllerBuilder | Imported #92 / 0 tx / 0 pending / 0 (0.0%) gas / (0x743199456f91d145b74eb8d4ceac19ef942b449d84a4fc85571a608c364b50d8)
2026-10-07 17:05:15.276+00:00 | EthScheduler-Workers-0 | INFO  | PersistBlockTask | Block 93 (0xf28539fce9c95a99f8ca049f80c7e3a4ffc89d3b1b1ecc3a104d31104ffe04bd) is already imported
2026-10-07 17:05:15.277+00:00 | BftProcessorExecutor-QBFT-0 | INFO  | QbftBesuControllerBuilder | Imported #93 / 0 tx / 0 pending / 0 (0.0%) gas / (0xf28539fce9c95a99f8ca049f80c7e3a4ffc89d3b1b1ecc3a104d31104ffe04bd)
2026-10-07 17:05:17.279+00:00 | EthScheduler-Workers-0 | INFO  | PersistBlockTask | Block 94 (0xeaf328cdc87c264f8e82c88826aa6ba55992a2b49a45bc1d4ca4654975151e4c) is already imported
2026-10-07 17:05:17.279+00:00 | BftProcessorExecutor-QBFT-0 | INFO  | QbftBesuControllerBuilder | Imported #94 / 0 tx / 0 pending / 0 (0.0%) gas / (0xeaf328cdc87c264f8e82c88826aa6ba55992a2b49a45bc1d4ca4654975151e4c)
2026-10-07 17:05:19.234+00:00 | EthScheduler-Workers-0 | INFO  | PersistBlockTask | Block 95 (0x851b32a2289351298ef08ddad57a1440c0056417dfb2c608d24086bfb26376c2) is already imported
2026-10-07 17:05:19.234+00:00 | BftProcessorExecutor-QBFT-0 | INFO  | QbftBesuControllerBuilder | Imported #95 / 0 tx / 0 pending / 0 (0.0%) gas / (0x851b32a2289351298ef08ddad57a1440c0056417dfb2c608d24086bfb26376c2)
2026-10-07 17:05:21.265+00:00 | BftProcessorExecutor-QBFT-0 | INFO  | QbftBesuControllerBuilder | Imported #96 / 0 tx / 0 pending / 0 (0.0%) gas / (0x1d0d7fb9a2792c43bfacf30561b614b5f20649fec6354a3897c921507e988454)
2026-10-07 17:05:23.292+00:00 | BftProcessorExecutor-QBFT-0 | INFO  | QbftBesuControllerBuilder | Imported #97 / 0 tx / 0 pending / 0 (0.0%) gas / (0x9c997436361fd376392609526a079bead220c7279415dd19b7cf244fd87bfa5e)
2026-10-07 17:05:23.294+00:00 | EthScheduler-Workers-0 | INFO  | PersistBlockTask | Block 97 (0x9c997436361fd376392609526a079bead220c7279415dd19b7cf244fd87bfa5e) is already imported
2026-10-07 17:05:25.278+00:00 | EthScheduler-Workers-0 | INFO  | PersistBlockTask | Block 98 (0x105e0b7f4459bb45218919e71ffae1235af9b9653ab4997e945d0fcbf3fc3c32) is already imported
2026-10-07 17:05:25.279+00:00 | BftProcessorExecutor-QBFT-0 | INFO  | QbftBesuControllerBuilder | Imported #98 / 0 tx / 0 pending / 0 (0.0%) gas / (0x105e0b7f4459bb45218919e71ffae1235af9b9653ab4997e945d0fcbf3fc3c32)
2026-10-07 17:05:27.260+00:00 | BftProcessorExecutor-QBFT-0 | INFO  | QbftBesuControllerBuilder | Imported #99 / 0 tx / 0 pending / 0 (0.0%) gas / (0xe5f91917129b52c00917b935efa61749e080e4b6c2a46976b683fb05abcad9bf)
2026-10-07 17:05:29.238+00:00 | EthScheduler-Workers-0 | INFO  | PersistBlockTask | Block 100 (0xc118313704c2deea1d5ab9382b7771b32396617e2f59b8067d360a5ca9c816f2) is already imported
2026-10-07 17:05:29.238+00:00 | BftProcessorExecutor-QBFT-0 | INFO  | QbftBesuControllerBuilder | Imported #100 / 0 tx / 0 pending / 0 (0.0%) gas / (0xc118313704c2deea1d5ab9382b7771b32396617e2f59b8067d360a5ca9c816f2)
2026-10-07 17:05:31.270+00:00 | EthScheduler-Workers-0 | INFO  | PersistBlockTask | Block 101 (0x3533a310b51a46edddc473db00d8eee79303f9f0f43aa9acd245677925e59759) is already imported
2026-10-07 17:05:31.270+00:00 | BftProcessorExecutor-QBFT-0 | INFO  | QbftBesuControllerBuilder | Imported #101 / 0 tx / 0 pending / 0 (0.0%) gas / (0x3533a310b51a46edddc473db00d8eee79303f9f0f43aa9acd245677925e59759)
2026-10-07 17:05:33.247+00:00 | BftProcessorExecutor-QBFT-0 | INFO  | QbftBesuControllerBuilder | Imported #102 / 0 tx / 0 pending / 0 (0.0%) gas / (0xacb435090a7acb7bf5b5c773a052dd5b91a9de893a388bfb08202698b18b7ca4)
2026-10-07 17:05:33.248+00:00 | EthScheduler-Workers-0 | INFO  | PersistBlockTask | Block 102 (0xacb435090a7acb7bf5b5c773a052dd5b91a9de893a388bfb08202698b18b7ca4) is already imported
2026-10-07 17:05:35.339+00:00 | EthScheduler-Workers-0 | INFO  | PersistBlockTask | Block 103 (0xf3a0c7abbc1069dc358ecc4b4c57350d8b8459c0b76f25492b398b0d384cccdd) is already imported
2026-10-07 17:05:35.339+00:00 | BftProcessorExecutor-QBFT-0 | INFO  | QbftBesuControllerBuilder | Imported #103 / 6 tx / 171 pending / 921,840 (0.0%) gas / (0xf3a0c7abbc1069dc358ecc4b4c57350d8b8459c0b76f25492b398b0d384cccdd)
2026-10-07 17:05:37.446+00:00 | BftProcessorExecutor-QBFT-0 | INFO  | QbftBesuControllerBuilder | Imported #104 / 34 tx / 472 pending / 5,223,456 (0.0%) gas / (0xdd6a62167ad3e3ce470c3ae4eccc8969a437d131d7eb1449186860d3f116e7ca)
2026-10-07 17:05:39.395+00:00 | BftProcessorExecutor-QBFT-0 | INFO  | QbftBesuControllerBuilder | Produced #105 / 35 tx / 437 pending / 5,377,198 (0.0%) gas / (0x84d119f89d9913242f94fa3da69be8699932996cb823c2c73072f151a3507556)
2026-10-07 17:05:39.395+00:00 | EthScheduler-Workers-0 | INFO  | PersistBlockTask | Block 105 (0x84d119f89d9913242f94fa3da69be8699932996cb823c2c73072f151a3507556) is already imported
2026-10-07 17:05:41.396+00:00 | EthScheduler-Workers-0 | INFO  | PersistBlockTask | Block 106 (0xc8aef946e9fe0a283a9c23ffe9582b0340e740b4dd0e2cec32970e01ff9c6131) is already imported
2026-10-07 17:05:41.397+00:00 | BftProcessorExecutor-QBFT-0 | INFO  | QbftBesuControllerBuilder | Imported #106 / 35 tx / 402 pending / 5,377,106 (0.0%) gas / (0xc8aef946e9fe0a283a9c23ffe9582b0340e740b4dd0e2cec32970e01ff9c6131)
2026-10-07 17:05:43.424+00:00 | EthScheduler-Workers-0 | INFO  | PersistBlockTask | Block 107 (0x610e0346a3e62935a5f9897aae426f7f251c69fa0370d6ffe70d8fc8d9b3ac43) is already imported
2026-10-07 17:05:43.424+00:00 | BftProcessorExecutor-QBFT-0 | INFO  | QbftBesuControllerBuilder | Imported #107 / 34 tx / 368 pending / 5,223,528 (0.0%) gas / (0x610e0346a3e62935a5f9897aae426f7f251c69fa0370d6ffe70d8fc8d9b3ac43)
2026-10-07 17:05:45.540+00:00 | EthScheduler-Workers-0 | INFO  | PersistBlockTask | Block 108 (0x21d8fd47ef64530a0428b6e6c932bd5e40ba3a54c236eca4309ae14c726ff5a7) is already imported
2026-10-07 17:05:45.541+00:00 | BftProcessorExecutor-QBFT-0 | INFO  | QbftBesuControllerBuilder | Imported #108 / 34 tx / 334 pending / 5,223,392 (0.0%) gas / (0x21d8fd47ef64530a0428b6e6c932bd5e40ba3a54c236eca4309ae14c726ff5a7)
2026-10-07 17:05:47.434+00:00 | EthScheduler-Workers-0 | INFO  | PersistBlockTask | Block 109 (0x0292b46f8e6695bdb486bf7b0eb77d19143cd7d9ff9747eef91525dd9b767ae5) is already imported
2026-10-07 17:05:47.435+00:00 | BftProcessorExecutor-QBFT-0 | INFO  | QbftBesuControllerBuilder | Imported #109 / 34 tx / 300 pending / 5,223,592 (0.0%) gas / (0x0292b46f8e6695bdb486bf7b0eb77d19143cd7d9ff9747eef91525dd9b767ae5)
2026-10-07 17:05:49.402+00:00 | BftProcessorExecutor-QBFT-0 | INFO  | QbftBesuControllerBuilder | Imported #110 / 34 tx / 266 pending / 5,223,528 (0.0%) gas / (0x1a86591716de1f2891188b574cf10cf002d35bc3a1344ec3f9cde75fd9233c64)
2026-10-07 17:05:49.402+00:00 | EthScheduler-Workers-0 | INFO  | PersistBlockTask | Block 110 (0x1a86591716de1f2891188b574cf10cf002d35bc3a1344ec3f9cde75fd9233c64) is already imported
2026-10-07 17:05:51.425+00:00 | BftProcessorExecutor-QBFT-0 | INFO  | QbftBesuControllerBuilder | Imported #111 / 34 tx / 232 pending / 5,223,564 (0.0%) gas / (0x339942ec414fd6f689c963ae985d0f0e7d482ade8d3444d6f598f55566ecd6bf)
2026-10-07 17:05:53.445+00:00 | BftProcessorExecutor-QBFT-0 | INFO  | QbftBesuControllerBuilder | Imported #112 / 34 tx / 198 pending / 5,223,448 (0.0%) gas / (0xc17b0e3972e314b4eb342c881d885670e64e32ce3686226421cacb6863708fae)
2026-10-07 17:05:55.431+00:00 | BftProcessorExecutor-QBFT-0 | INFO  | QbftBesuControllerBuilder | Imported #113 / 34 tx / 164 pending / 5,223,532 (0.0%) gas / (0xfedcec8d9d7df759c2d3d203027f8be6043f94c065fdb0341e9f0044ab5c6b89)
2026-10-07 17:05:57.508+00:00 | EthScheduler-Workers-0 | INFO  | PersistBlockTask | Block 114 (0xf213800adee277eb030eb9c52feff7e67362e6ee824e089567a614377fa0c711) is already imported
2026-10-07 17:05:57.511+00:00 | BftProcessorExecutor-QBFT-0 | INFO  | QbftBesuControllerBuilder | Imported #114 / 34 tx / 130 pending / 5,223,520 (0.0%) gas / (0xf213800adee277eb030eb9c52feff7e67362e6ee824e089567a614377fa0c711)
2026-10-07 17:05:59.400+00:00 | BftProcessorExecutor-QBFT-0 | INFO  | QbftBesuControllerBuilder | Imported #115 / 34 tx / 96 pending / 5,223,504 (0.0%) gas / (0xb41efb1643c7a2cdee9e9a3dc73d50981527f4495b19f2483c95a1e084f76396)
2026-10-07 17:06:01.367+00:00 | BftProcessorExecutor-QBFT-0 | INFO  | QbftBesuControllerBuilder | Imported #116 / 34 tx / 62 pending / 5,223,596 (0.0%) gas / (0x4368838fd0e5d8d67efe6eaf102933a9f09f524aae4aca5676916c8a27aedebf)
2026-10-07 17:06:03.565+00:00 | EthScheduler-Workers-0 | INFO  | PersistBlockTask | Block 117 (0x312ae99e27b3e759aa3610bf130b362f29b375e4f4067f2e9b6f79835f1650b3) is already imported
2026-10-07 17:06:03.565+00:00 | BftProcessorExecutor-QBFT-0 | INFO  | QbftBesuControllerBuilder | Imported #117 / 34 tx / 28 pending / 5,223,500 (0.0%) gas / (0x312ae99e27b3e759aa3610bf130b362f29b375e4f4067f2e9b6f79835f1650b3)
2026-10-07 17:06:05.507+00:00 | BftProcessorExecutor-QBFT-0 | INFO  | QbftBesuControllerBuilder | Imported #118 / 28 tx / 0 pending / 4,301,668 (0.0%) gas / (0x507151bafc0d31be391af3a561e23387c9d499371b033e26aea015829f538dec)
2026-10-07 17:06:07.266+00:00 | BftProcessorExecutor-QBFT-0 | INFO  | QbftBesuControllerBuilder | Imported #119 / 0 tx / 0 pending / 0 (0.0%) gas / (0x37b1b1549dc3daf5254652206e44dfb151c1855513ed92dbfaba0d9f4d356736)
2026-10-07 17:06:09.211+00:00 | BftProcessorExecutor-QBFT-0 | INFO  | QbftBesuControllerBuilder | Produced #120 / 0 tx / 0 pending / 0 (0.0%) gas / (0xd4e1397031f755665b6b03ef0c56458454aee53bba09fa4e6f9bdb616587b24f)
2026-10-07 17:06:11.247+00:00 | BftProcessorExecutor-QBFT-0 | INFO  | QbftBesuControllerBuilder | Imported #121 / 0 tx / 0 pending / 0 (0.0%) gas / (0x449ba73145cc90bc50ea5290065e787eae7d42779caa13750cb8c2f39766e632)
2026-10-07 17:06:11.249+00:00 | EthScheduler-Workers-0 | INFO  | PersistBlockTask | Block 121 (0x449ba73145cc90bc50ea5290065e787eae7d42779caa13750cb8c2f39766e632) is already imported
2026-10-07 17:06:13.244+00:00 | BftProcessorExecutor-QBFT-0 | INFO  | QbftBesuControllerBuilder | Imported #122 / 0 tx / 0 pending / 0 (0.0%) gas / (0x01c66a6c50639bee9b82adb30e8f436740bea2c9a13163fd13a6d39a10d77f66)
2026-10-07 17:06:15.269+00:00 | BftProcessorExecutor-QBFT-0 | INFO  | QbftBesuControllerBuilder | Imported #123 / 0 tx / 0 pending / 0 (0.0%) gas / (0x46ae95d4bd25b570f72cc7ad43eff0b216e2e39d988c76c9571f13abc1f70371)
2026-10-07 17:06:17.263+00:00 | EthScheduler-Workers-0 | INFO  | PersistBlockTask | Block 124 (0x268b124fe833634432b65b0a5b0aca7638e3513ba6a6e69d9241834449bb9521) is already imported
2026-10-07 17:06:17.264+00:00 | BftProcessorExecutor-QBFT-0 | INFO  | QbftBesuControllerBuilder | Imported #124 / 0 tx / 0 pending / 0 (0.0%) gas / (0x268b124fe833634432b65b0a5b0aca7638e3513ba6a6e69d9241834449bb9521)
2026-10-07 17:06:19.220+00:00 | EthScheduler-Workers-0 | INFO  | PersistBlockTask | Block 125 (0xc75d4e367ac3d8772d35e09e50bf2861f314843c9cde9991053d847932d56722) is already imported
2026-10-07 17:06:19.221+00:00 | BftProcessorExecutor-QBFT-0 | INFO  | QbftBesuControllerBuilder | Imported #125 / 0 tx / 0 pending / 0 (0.0%) gas / (0xc75d4e367ac3d8772d35e09e50bf2861f314843c9cde9991053d847932d56722)
2026-10-07 17:06:21.249+00:00 | EthScheduler-Workers-0 | INFO  | PersistBlockTask | Block 126 (0x90e958eefa2234ea33ce65c364d92d221b3cd17307b2e9f186f98f2f8c04cbf9) is already imported
2026-10-07 17:06:21.250+00:00 | BftProcessorExecutor-QBFT-0 | INFO  | QbftBesuControllerBuilder | Imported #126 / 0 tx / 0 pending / 0 (0.0%) gas / (0x90e958eefa2234ea33ce65c364d92d221b3cd17307b2e9f186f98f2f8c04cbf9)
2026-10-07 17:06:23.288+00:00 | EthScheduler-Workers-0 | INFO  | PersistBlockTask | Block 127 (0x325575cdf21a14e51b50e324fdb40c595ecf38b1bd4ac5b906e9e9208fe0022d) is already imported
2026-10-07 17:06:23.288+00:00 | BftProcessorExecutor-QBFT-0 | INFO  | QbftBesuControllerBuilder | Imported #127 / 0 tx / 0 pending / 0 (0.0%) gas / (0x325575cdf21a14e51b50e324fdb40c595ecf38b1bd4ac5b906e9e9208fe0022d)
2026-10-07 17:06:25.336+00:00 | BftProcessorExecutor-QBFT-0 | INFO  | QbftBesuControllerBuilder | Imported #128 / 0 tx / 0 pending / 0 (0.0%) gas / (0x442d004d3bc3ab5b461d7e312138d2f454ad0d12c0ce302e77dc933abcc78bf8)
2026-10-07 17:06:27.253+00:00 | BftProcessorExecutor-QBFT-0 | INFO  | QbftBesuControllerBuilder | Imported #129 / 0 tx / 0 pending / 0 (0.0%) gas / (0x1ac90052e6877c5f7d9098113969ed20d40c55ddfb00329140de2cecc1022928)
2026-10-07 17:06:29.233+00:00 | EthScheduler-Workers-0 | INFO  | PersistBlockTask | Block 130 (0xaab324bc6df4d8b41e33ce0c7839a476cf947ceff52b5cec689fa6583b8ff3c3) is already imported
2026-10-07 17:06:29.233+00:00 | BftProcessorExecutor-QBFT-0 | INFO  | QbftBesuControllerBuilder | Imported #130 / 0 tx / 0 pending / 0 (0.0%) gas / (0xaab324bc6df4d8b41e33ce0c7839a476cf947ceff52b5cec689fa6583b8ff3c3)
2026-10-07 17:06:31.284+00:00 | EthScheduler-Workers-0 | INFO  | PersistBlockTask | Block 131 (0x428991f7832abf70ef0bef3df21d2befa0df63f0c3dd9108e38661d9640b5004) is already imported
2026-10-07 17:06:31.284+00:00 | BftProcessorExecutor-QBFT-0 | INFO  | QbftBesuControllerBuilder | Imported #131 / 0 tx / 0 pending / 0 (0.0%) gas / (0x428991f7832abf70ef0bef3df21d2befa0df63f0c3dd9108e38661d9640b5004)
2026-10-07 17:06:33.684+00:00 | EthScheduler-Workers-0 | INFO  | PersistBlockTask | Block 132 (0xcc0dd1c576eb41b8e8d6550f2201c3878036cbeca2d11b4be2e277558b5ca93d) is already imported
2026-10-07 17:06:33.685+00:00 | BftProcessorExecutor-QBFT-0 | INFO  | QbftBesuControllerBuilder | Imported #132 / 26 tx / 572 pending / 6,291,220 (0.0%) gas / (0xcc0dd1c576eb41b8e8d6550f2201c3878036cbeca2d11b4be2e277558b5ca93d)
2026-10-07 17:06:36.355+00:00 | EthScheduler-Workers-0 | INFO  | PersistBlockTask | Block 133 (0xf4f88a14e4e39aac2231ac244ac028c8a965c9228a48f3942823bdff3e7d8cd5) is already imported
2026-10-07 17:06:36.357+00:00 | BftProcessorExecutor-QBFT-0 | INFO  | QbftBesuControllerBuilder | Imported #133 / 71 tx / 1396 pending / 17,179,870 (0.0%) gas / (0xf4f88a14e4e39aac2231ac244ac028c8a965c9228a48f3942823bdff3e7d8cd5)
2026-10-07 17:06:39.045+00:00 | EthScheduler-Workers-0 | INFO  | PersistBlockTask | Block 134 (0x46c958a7a36aa96fb85a66de11d9b961d149cb35ed9aa78ae37a49aa5f37d3f7) is already imported
2026-10-07 17:06:39.048+00:00 | BftProcessorExecutor-QBFT-0 | INFO  | QbftBesuControllerBuilder | Imported #134 / 116 tx / 2177 pending / 28,068,520 (0.0%) gas / (0x46c958a7a36aa96fb85a66de11d9b961d149cb35ed9aa78ae37a49aa5f37d3f7)
2026-10-07 17:06:41.783+00:00 | BftProcessorExecutor-QBFT-0 | INFO  | QbftBesuControllerBuilder | Produced #135 / 162 tx / 3010 pending / 39,199,140 (0.0%) gas / (0xfafd794fce3b6c054e929701e39ba2d3a75597e48eab78cf6797ccaebb27d9b8)
2026-10-07 17:06:45.361+00:00 | BftProcessorExecutor-QBFT-0 | INFO  | QbftBesuControllerBuilder | Imported #136 / 231 tx / 3490 pending / 55,895,070 (0.0%) gas / (0xe8c68be95dd5765af9b896048efce7a7cf4dc3ddbcf42d03e6e20d12d4df884f)
2026-10-07 17:06:49.604+00:00 | EthScheduler-Workers-0 | INFO  | PersistBlockTask | Block 137 (0x9f9b055c81d148f37fa1db58497616e3c03b7c3eec7298c764364bb42a027881) is already imported
2026-10-07 17:06:49.608+00:00 | BftProcessorExecutor-QBFT-0 | INFO  | QbftBesuControllerBuilder | Imported #137 / 275 tx / 3215 pending / 66,541,750 (0.0%) gas / (0x9f9b055c81d148f37fa1db58497616e3c03b7c3eec7298c764364bb42a027881)
2026-10-07 17:06:53.828+00:00 | BftProcessorExecutor-QBFT-0 | INFO  | QbftBesuControllerBuilder | Imported #138 / 275 tx / 2940 pending / 66,541,750 (0.0%) gas / (0x974330d4fb77a5036594fbfb8f03d19b9e58f7fd31dfedd79683f986650b7e5c)
2026-10-07 17:06:58.155+00:00 | BftProcessorExecutor-QBFT-0 | INFO  | QbftBesuControllerBuilder | Imported #139 / 275 tx / 2665 pending / 66,541,750 (0.0%) gas / (0xa2bde4961f679cc0aa339c54280c3830cdc36091c8be3343eec55256f5590b15)
2026-10-07 17:07:02.285+00:00 | BftProcessorExecutor-QBFT-0 | INFO  | QbftBesuControllerBuilder | Imported #140 / 273 tx / 2392 pending / 66,057,810 (0.0%) gas / (0xc50714cad34dcd700386072d28e9d237c2daafb77d0109c337d3bd654c0f0462)
2026-10-07 17:07:06.690+00:00 | EthScheduler-Workers-0 | INFO  | PersistBlockTask | Block 141 (0xadb721c65eeee537359345e2a676a37c39a6f7b985a908f60301e30b4b070551) is already imported
2026-10-07 17:07:06.695+00:00 | BftProcessorExecutor-QBFT-0 | INFO  | QbftBesuControllerBuilder | Imported #141 / 272 tx / 2120 pending / 65,815,840 (0.0%) gas / (0xadb721c65eeee537359345e2a676a37c39a6f7b985a908f60301e30b4b070551)
2026-10-07 17:07:10.807+00:00 | EthScheduler-Workers-0 | INFO  | PersistBlockTask | Block 142 (0xdb90fb78fb29fa8396b4c2bf280968f10b432098ca444973dbe863b5f2821100) is already imported
2026-10-07 17:07:10.812+00:00 | BftProcessorExecutor-QBFT-0 | INFO  | QbftBesuControllerBuilder | Imported #142 / 272 tx / 1848 pending / 65,815,840 (0.0%) gas / (0xdb90fb78fb29fa8396b4c2bf280968f10b432098ca444973dbe863b5f2821100)
2026-10-07 17:07:15.123+00:00 | BftProcessorExecutor-QBFT-0 | INFO  | QbftBesuControllerBuilder | Imported #143 / 272 tx / 1576 pending / 65,815,840 (0.0%) gas / (0xa5d7b7d38864befb403a19710ffe6222f458c16b72b28d4c865e6dd6be948005)
2026-10-07 17:07:19.394+00:00 | BftProcessorExecutor-QBFT-0 | INFO  | QbftBesuControllerBuilder | Imported #144 / 272 tx / 1304 pending / 65,815,840 (0.0%) gas / (0x6f60439fbe9a23cadb14e30328febc0842d72703f660d4607b5acd892d04089f)
2026-10-07 17:07:23.480+00:00 | EthScheduler-Workers-0 | INFO  | PersistBlockTask | Block 145 (0x5d1f59a7ac352779e065626f89ffc913b593dff7c9ed226c316aaae86e769f60) is already imported
2026-10-07 17:07:23.484+00:00 | BftProcessorExecutor-QBFT-0 | INFO  | QbftBesuControllerBuilder | Imported #145 / 272 tx / 1032 pending / 65,815,840 (0.0%) gas / (0x5d1f59a7ac352779e065626f89ffc913b593dff7c9ed226c316aaae86e769f60)
2026-10-07 17:07:27.713+00:00 | BftProcessorExecutor-QBFT-0 | INFO  | QbftBesuControllerBuilder | Imported #146 / 272 tx / 760 pending / 65,815,840 (0.0%) gas / (0xc475ea6281c987c99bcf1d92e3903bdf6b14eebc82854085909f89b7d21d9748)
2026-10-07 17:07:31.544+00:00 | BftProcessorExecutor-QBFT-0 | INFO  | QbftBesuControllerBuilder | Imported #147 / 246 tx / 514 pending / 59,524,620 (0.0%) gas / (0x6fdedef29d8b1e48c7cf34c85517bb15a368696c10c1ad87fb4c0c67eb87fd43)
2026-10-07 17:07:34.880+00:00 | EthScheduler-Workers-0 | INFO  | PersistBlockTask | Block 148 (0xd4f50ae06cfb74e0f46109214f57d785950568d206a5086185af0338689d436a) is already imported
2026-10-07 17:07:34.881+00:00 | BftProcessorExecutor-QBFT-0 | INFO  | QbftBesuControllerBuilder | Imported #148 / 201 tx / 313 pending / 48,635,970 (0.0%) gas / (0xd4f50ae06cfb74e0f46109214f57d785950568d206a5086185af0338689d436a)
2026-10-07 17:07:37.490+00:00 | EthScheduler-Workers-0 | INFO  | PersistBlockTask | Block 149 (0x625449cf9ea6727ad09e022c8ffa8c7599dbeb912fdebb1f7fcc0021e34bd766) is already imported
2026-10-07 17:07:37.491+00:00 | BftProcessorExecutor-QBFT-0 | INFO  | QbftBesuControllerBuilder | Imported #149 / 156 tx / 157 pending / 37,747,320 (0.0%) gas / (0x625449cf9ea6727ad09e022c8ffa8c7599dbeb912fdebb1f7fcc0021e34bd766)
2026-10-07 17:07:39.357+00:00 | EthScheduler-Workers-0 | INFO  | PersistBlockTask | Block 150 (0x3e019c3cfaee2ddda9d5abec3adde7bf7620f12fd02f221167cbcc5bcd43cc81) is already imported
2026-10-07 17:07:39.358+00:00 | BftProcessorExecutor-QBFT-0 | INFO  | QbftBesuControllerBuilder | Produced #150 / 113 tx / 44 pending / 27,342,610 (0.0%) gas / (0x3e019c3cfaee2ddda9d5abec3adde7bf7620f12fd02f221167cbcc5bcd43cc81)
2026-10-07 17:07:40.266+00:00 | BftProcessorExecutor-QBFT-0 | INFO  | QbftBesuControllerBuilder | Imported #151 / 44 tx / 0 pending / 10,646,680 (0.0%) gas / (0xd7a4e7bfe0b465b7a1c2f8ecb41e212c700a43a95331b06e6a01fe2a23048b70)
2026-10-07 17:07:41.243+00:00 | EthScheduler-Workers-0 | INFO  | PersistBlockTask | Block 152 (0xb65d8093e4b6246684fee27635adb730b29a7eefecc1bf7eb78c6ce63d7f05c8) is already imported
2026-10-07 17:07:41.244+00:00 | BftProcessorExecutor-QBFT-0 | INFO  | QbftBesuControllerBuilder | Imported #152 / 0 tx / 0 pending / 0 (0.0%) gas / (0xb65d8093e4b6246684fee27635adb730b29a7eefecc1bf7eb78c6ce63d7f05c8)
2026-10-07 17:07:43.321+00:00 | BftProcessorExecutor-QBFT-0 | INFO  | QbftBesuControllerBuilder | Imported #153 / 0 tx / 0 pending / 0 (0.0%) gas / (0xf6fb953a4822f42b19c8ce4623942908c61fbeaeff23645eb04a865c85f6186f)
2026-10-07 17:07:45.280+00:00 | BftProcessorExecutor-QBFT-0 | INFO  | QbftBesuControllerBuilder | Imported #154 / 0 tx / 0 pending / 0 (0.0%) gas / (0xaf882cfb88631624c0c0d66747d1de458dc1ad91780ea5134a4d3eaa9e85c7f6)
2026-10-07 17:07:45.284+00:00 | EthScheduler-Workers-0 | INFO  | PersistBlockTask | Block 154 (0xaf882cfb88631624c0c0d66747d1de458dc1ad91780ea5134a4d3eaa9e85c7f6) is already imported
2026-10-07 17:07:47.219+00:00 | BftProcessorExecutor-QBFT-0 | INFO  | QbftBesuControllerBuilder | Imported #155 / 0 tx / 0 pending / 0 (0.0%) gas / (0xfe73b6ed61bf33ee5ed0ee489539135afc69a2e8e1d428672ff0f3f7a05b12ac)
2026-10-07 17:07:47.219+00:00 | EthScheduler-Workers-0 | INFO  | PersistBlockTask | Block 155 (0xfe73b6ed61bf33ee5ed0ee489539135afc69a2e8e1d428672ff0f3f7a05b12ac) is already imported
2026-10-07 17:07:49.279+00:00 | BftProcessorExecutor-QBFT-0 | INFO  | QbftBesuControllerBuilder | Imported #156 / 0 tx / 0 pending / 0 (0.0%) gas / (0x1bc5a8dac2f14dd8fc7e6afcb4b1a14ab9bad66d424d4598ce3268e8987ca3a2)
2026-10-07 17:07:51.245+00:00 | BftProcessorExecutor-QBFT-0 | INFO  | QbftBesuControllerBuilder | Imported #157 / 0 tx / 0 pending / 0 (0.0%) gas / (0xaea7e362f2bd577c547ab316438eb9098fe9ee20db69482bbdfdd9a46519a614)
2026-10-07 17:07:53.348+00:00 | BftProcessorExecutor-QBFT-0 | INFO  | QbftBesuControllerBuilder | Imported #158 / 0 tx / 0 pending / 0 (0.0%) gas / (0x7d52e6d6cc88a323667bc41214059ed102f44c5e0a42bbce4c2248d6d95cdbe4)
2026-10-07 17:07:55.264+00:00 | BftProcessorExecutor-QBFT-0 | INFO  | QbftBesuControllerBuilder | Imported #159 / 0 tx / 0 pending / 0 (0.0%) gas / (0xbd3b87d5558295c72b9bd0c8f83232180586a2d2b87146c66022ca1515d28a11)
2026-10-07 17:07:57.231+00:00 | BftProcessorExecutor-QBFT-0 | INFO  | QbftBesuControllerBuilder | Imported #160 / 0 tx / 0 pending / 0 (0.0%) gas / (0x26b4ddb9a6d14a421ef534db01caf73b8f3a391c4cd6daa8fde188015c3a159f)
2026-10-07 17:07:59.252+00:00 | BftProcessorExecutor-QBFT-0 | INFO  | QbftBesuControllerBuilder | Imported #161 / 0 tx / 0 pending / 0 (0.0%) gas / (0xe05f80e635e39f563de03fed9decb56ef34efdbc98e67a6324da95476ed84540)
2026-10-07 17:07:59.252+00:00 | EthScheduler-Workers-0 | INFO  | PersistBlockTask | Block 161 (0xe05f80e635e39f563de03fed9decb56ef34efdbc98e67a6324da95476ed84540) is already imported
2026-10-07 17:08:01.282+00:00 | BftProcessorExecutor-QBFT-0 | INFO  | QbftBesuControllerBuilder | Imported #162 / 0 tx / 0 pending / 0 (0.0%) gas / (0xe0a79af887fb78edbff1a0dde50130e3ff29dc5452db094101caeed65afb12bc)
2026-10-07 17:08:03.255+00:00 | BftProcessorExecutor-QBFT-0 | INFO  | QbftBesuControllerBuilder | Imported #163 / 0 tx / 0 pending / 0 (0.0%) gas / (0xf74e526edbdbf4f12d6a2382f693741691cf340899f771a37dc75fad98a7bed1)
2026-10-07 17:08:05.268+00:00 | BftProcessorExecutor-QBFT-0 | INFO  | QbftBesuControllerBuilder | Imported #164 / 0 tx / 0 pending / 0 (0.0%) gas / (0x6b7f8ac10eb244db90a77fb554cf5b7e60930ce99b354f008873d19a703a2579)
2026-10-07 17:08:07.222+00:00 | BftProcessorExecutor-QBFT-0 | INFO  | QbftBesuControllerBuilder | Produced #165 / 0 tx / 0 pending / 0 (0.0%) gas / (0x8b106847e1581975a459510cdd5039fdabd71af2875c6dfe4858151818532bd5)
2026-10-07 17:08:09.253+00:00 | BftProcessorExecutor-QBFT-0 | INFO  | QbftBesuControllerBuilder | Imported #166 / 0 tx / 0 pending / 0 (0.0%) gas / (0x8d2c7ab3a40efae0c6e3597e0a5c20e47c99d2d13ec23971c66fb82d0ad3ce5e)
2026-10-07 17:08:09.254+00:00 | EthScheduler-Workers-0 | INFO  | PersistBlockTask | Block 166 (0x8d2c7ab3a40efae0c6e3597e0a5c20e47c99d2d13ec23971c66fb82d0ad3ce5e) is already imported
2026-10-07 17:08:11.239+00:00 | BftProcessorExecutor-QBFT-0 | INFO  | QbftBesuControllerBuilder | Imported #167 / 0 tx / 0 pending / 0 (0.0%) gas / (0xcf2a1035bc5b73add813c9adab574820e2934f95f13c0c20e3fdaa4865cff728)
2026-10-07 17:08:13.251+00:00 | BftProcessorExecutor-QBFT-0 | INFO  | QbftBesuControllerBuilder | Imported #168 / 0 tx / 0 pending / 0 (0.0%) gas / (0x5326e3cc2b9fdef0a11b74e3f8a3f977f2ca0c31cf39ebb1d29311e737a3f5ba)
2026-10-07 17:08:13.255+00:00 | EthScheduler-Workers-0 | INFO  | PersistBlockTask | Block 168 (0x5326e3cc2b9fdef0a11b74e3f8a3f977f2ca0c31cf39ebb1d29311e737a3f5ba) is already imported
2026-10-07 17:08:15.282+00:00 | BftProcessorExecutor-QBFT-0 | INFO  | QbftBesuControllerBuilder | Imported #169 / 0 tx / 0 pending / 0 (0.0%) gas / (0xe86458e7e070899f840e5cf9fd0627807cb4f79dac7bcd988d886957f54b4ca7)
2026-10-07 17:08:15.282+00:00 | EthScheduler-Workers-0 | INFO  | PersistBlockTask | Block 169 (0xe86458e7e070899f840e5cf9fd0627807cb4f79dac7bcd988d886957f54b4ca7) is already imported
2026-10-07 17:08:17.225+00:00 | BftProcessorExecutor-QBFT-0 | INFO  | QbftBesuControllerBuilder | Imported #170 / 0 tx / 0 pending / 0 (0.0%) gas / (0x09028ce47d023650e98223223b86df8bd1863251f5256a252a1d8fbda65b1522)
2026-10-07 17:08:19.253+00:00 | BftProcessorExecutor-QBFT-0 | INFO  | QbftBesuControllerBuilder | Imported #171 / 0 tx / 0 pending / 0 (0.0%) gas / (0x81b6c5c372e5c8bfe959c7450d4e3af2fda72c26c677e5836f1aaf26d096601b)
2026-10-07 17:08:19.253+00:00 | EthScheduler-Workers-0 | INFO  | PersistBlockTask | Block 171 (0x81b6c5c372e5c8bfe959c7450d4e3af2fda72c26c677e5836f1aaf26d096601b) is already imported
2026-10-07 17:08:21.249+00:00 | BftProcessorExecutor-QBFT-0 | INFO  | QbftBesuControllerBuilder | Imported #172 / 0 tx / 0 pending / 0 (0.0%) gas / (0xcc596af6a809e756488d2ac53400c941328ecc90c8f9ba13fdc18e410055aa94)
2026-10-07 17:08:23.346+00:00 | EthScheduler-Workers-0 | INFO  | PersistBlockTask | Block 173 (0x788eaf5eb7f3ca1472828ae8df24aaa7727ef8037cbc47865677a0d866802c4c) is already imported
2026-10-07 17:08:23.347+00:00 | BftProcessorExecutor-QBFT-0 | INFO  | QbftBesuControllerBuilder | Imported #173 / 0 tx / 0 pending / 0 (0.0%) gas / (0x788eaf5eb7f3ca1472828ae8df24aaa7727ef8037cbc47865677a0d866802c4c)
2026-10-07 17:08:25.284+00:00 | EthScheduler-Workers-0 | INFO  | PersistBlockTask | Block 174 (0xbe7d41feb89bdc043ca84b89c5d3235e735272b9d5e350f0254f3b68caa06286) is already imported
2026-10-07 17:08:25.284+00:00 | BftProcessorExecutor-QBFT-0 | INFO  | QbftBesuControllerBuilder | Imported #174 / 0 tx / 0 pending / 0 (0.0%) gas / (0xbe7d41feb89bdc043ca84b89c5d3235e735272b9d5e350f0254f3b68caa06286)
2026-10-07 17:08:27.224+00:00 | EthScheduler-Workers-0 | INFO  | PersistBlockTask | Block 175 (0x97b9a9e646bfe1f14e89c254b0a9456cf1f1e33303afedb3d0cf5a0a43b7761a) is already imported
2026-10-07 17:08:27.225+00:00 | BftProcessorExecutor-QBFT-0 | INFO  | QbftBesuControllerBuilder | Imported #175 / 0 tx / 0 pending / 0 (0.0%) gas / (0x97b9a9e646bfe1f14e89c254b0a9456cf1f1e33303afedb3d0cf5a0a43b7761a)
2026-10-07 17:08:29.269+00:00 | BftProcessorExecutor-QBFT-0 | INFO  | QbftBesuControllerBuilder | Imported #176 / 0 tx / 0 pending / 0 (0.0%) gas / (0x1d820df9a35674c0a368b6586c142f80e19b1e6f9ea80f71e0e5e37322a05501)
2026-10-07 17:08:31.298+00:00 | EthScheduler-Workers-0 | INFO  | PersistBlockTask | Block 177 (0x41b5416438a76897393d62bc4615577a14837b0f1d49e1bd699d2cafc5bb9862) is already imported
2026-10-07 17:08:31.298+00:00 | BftProcessorExecutor-QBFT-0 | INFO  | QbftBesuControllerBuilder | Imported #177 / 0 tx / 0 pending / 0 (0.0%) gas / (0x41b5416438a76897393d62bc4615577a14837b0f1d49e1bd699d2cafc5bb9862)
2026-10-07 17:08:33.273+00:00 | BftProcessorExecutor-QBFT-0 | INFO  | QbftBesuControllerBuilder | Imported #178 / 0 tx / 0 pending / 0 (0.0%) gas / (0x598949609fdf0f9e3b45091a7399a9b043f35bce8b518f7091972703efd22696)
2026-10-07 17:08:35.269+00:00 | BftProcessorExecutor-QBFT-0 | INFO  | QbftBesuControllerBuilder | Imported #179 / 0 tx / 0 pending / 0 (0.0%) gas / (0x444ad6d0d8e2290dab84858c0b9f18b177ee1bc27c8ca5c9fa4e2e0c8d2fd5dc)
2026-10-07 17:08:37.219+00:00 | EthScheduler-Workers-0 | INFO  | PersistBlockTask | Block 180 (0x6aaa4e345f6454e8d411d3ac98ee2020918b0a84aa17beea254467d3c2fb4d2c) is already imported
2026-10-07 17:08:37.219+00:00 | BftProcessorExecutor-QBFT-0 | INFO  | QbftBesuControllerBuilder | Produced #180 / 0 tx / 0 pending / 0 (0.0%) gas / (0x6aaa4e345f6454e8d411d3ac98ee2020918b0a84aa17beea254467d3c2fb4d2c)
2026-10-07 17:08:39.255+00:00 | EthScheduler-Workers-0 | INFO  | PersistBlockTask | Block 181 (0x658ad9376c331e5008fa68b7330cbfe99b1d3aa600bf279a08b9d02d6db230fd) is already imported
2026-10-07 17:08:39.256+00:00 | BftProcessorExecutor-QBFT-0 | INFO  | QbftBesuControllerBuilder | Imported #181 / 0 tx / 0 pending / 0 (0.0%) gas / (0x658ad9376c331e5008fa68b7330cbfe99b1d3aa600bf279a08b9d02d6db230fd)
2026-10-07 17:08:41.342+00:00 | EthScheduler-Workers-0 | INFO  | PersistBlockTask | Block 182 (0x69367fdfefec44daa45ce797d2bd9a39f234075ecded988e6f77b0a6d60bede3) is already imported
2026-10-07 17:08:41.342+00:00 | BftProcessorExecutor-QBFT-0 | INFO  | QbftBesuControllerBuilder | Imported #182 / 32 tx / 480 pending / 4,916,304 (0.0%) gas / (0x69367fdfefec44daa45ce797d2bd9a39f234075ecded988e6f77b0a6d60bede3)
2026-10-07 17:08:43.419+00:00 | BftProcessorExecutor-QBFT-0 | INFO  | QbftBesuControllerBuilder | Imported #183 / 34 tx / 446 pending / 5,223,528 (0.0%) gas / (0xc2df2027ebe08e764567edbaef158b97f29f7f0a6b3e9b921882d5305518c9b4)
2026-10-07 17:08:45.395+00:00 | BftProcessorExecutor-QBFT-0 | INFO  | QbftBesuControllerBuilder | Imported #184 / 34 tx / 412 pending / 5,223,492 (0.0%) gas / (0xec45db2b44d223e88e5284084532e34ae8895bab5292f54d88118c87a2a8a461)
2026-10-07 17:08:47.293+00:00 | BftProcessorExecutor-QBFT-0 | INFO  | QbftBesuControllerBuilder | Imported #185 / 34 tx / 378 pending / 5,223,648 (0.0%) gas / (0x68d9b2a6346044cbe052045487028164dab7f5c98eca0b94a964cd4de7356f1d)
2026-10-07 17:08:49.398+00:00 | BftProcessorExecutor-QBFT-0 | INFO  | QbftBesuControllerBuilder | Imported #186 / 34 tx / 344 pending / 5,223,656 (0.0%) gas / (0x66b001e49015de443a7407e0f1f24ef7fab3ba7f309ee843d53dbf0acb97500c)
2026-10-07 17:08:49.398+00:00 | EthScheduler-Workers-0 | INFO  | PersistBlockTask | Block 186 (0x66b001e49015de443a7407e0f1f24ef7fab3ba7f309ee843d53dbf0acb97500c) is already imported
2026-10-07 17:08:51.426+00:00 | EthScheduler-Workers-0 | INFO  | PersistBlockTask | Block 187 (0xe9a6e2ab42f0557912d271ef20f3c69a5d73db4147ea37d47ca6c3f2f2020463) is already imported
2026-10-07 17:08:51.427+00:00 | BftProcessorExecutor-QBFT-0 | INFO  | QbftBesuControllerBuilder | Imported #187 / 34 tx / 310 pending / 5,223,488 (0.0%) gas / (0xe9a6e2ab42f0557912d271ef20f3c69a5d73db4147ea37d47ca6c3f2f2020463)
2026-10-07 17:08:53.515+00:00 | EthScheduler-Workers-0 | INFO  | PersistBlockTask | Block 188 (0x40d2fc61637b5e11b6e00486ebbe4efa8d2677c4fe516c472748e8bbcc6ca3a3) is already imported
2026-10-07 17:08:53.515+00:00 | BftProcessorExecutor-QBFT-0 | INFO  | QbftBesuControllerBuilder | Imported #188 / 34 tx / 276 pending / 5,223,512 (0.0%) gas / (0x40d2fc61637b5e11b6e00486ebbe4efa8d2677c4fe516c472748e8bbcc6ca3a3)
2026-10-07 17:08:55.477+00:00 | BftProcessorExecutor-QBFT-0 | INFO  | QbftBesuControllerBuilder | Imported #189 / 34 tx / 242 pending / 5,223,632 (0.0%) gas / (0x50c7a9e1ecacbdf96af28d8c88c79a7c47dfacb363a262dfcc84d9316eed69f5)
2026-10-07 17:08:57.399+00:00 | BftProcessorExecutor-QBFT-0 | INFO  | QbftBesuControllerBuilder | Imported #190 / 34 tx / 208 pending / 5,223,644 (0.0%) gas / (0xb17cf8ea703489c63e17181e0b0f3be6d5603ff2e88db2e3832cf0adce0eb938)
2026-10-07 17:08:59.415+00:00 | EthScheduler-Workers-0 | INFO  | PersistBlockTask | Block 191 (0xc942599164806f70701d6eba4b5dbdcd966bc977c946ea6b53f82bd36a2341f6) is already imported
2026-10-07 17:08:59.415+00:00 | BftProcessorExecutor-QBFT-0 | INFO  | QbftBesuControllerBuilder | Imported #191 / 34 tx / 174 pending / 5,223,632 (0.0%) gas / (0xc942599164806f70701d6eba4b5dbdcd966bc977c946ea6b53f82bd36a2341f6)
2026-10-07 17:09:01.440+00:00 | BftProcessorExecutor-QBFT-0 | INFO  | QbftBesuControllerBuilder | Imported #192 / 34 tx / 140 pending / 5,223,500 (0.0%) gas / (0xe275a75714b2923c87b419b77a2399479dc79c713f92d9d0f00f4caa6d58e5ec)
2026-10-07 17:09:03.438+00:00 | BftProcessorExecutor-QBFT-0 | INFO  | QbftBesuControllerBuilder | Imported #193 / 34 tx / 106 pending / 5,223,524 (0.0%) gas / (0xfc16ad39237180299df56376899ada31a923fc73b3189753eb9a6ce14dd2a66e)
2026-10-07 17:09:05.356+00:00 | EthScheduler-Workers-0 | INFO  | PersistBlockTask | Block 194 (0x4755ee5cd8f1fe1e84828cdd41ccd4f64494ba671e61beeff3e4b8804e71e379) is already imported
2026-10-07 17:09:05.356+00:00 | BftProcessorExecutor-QBFT-0 | INFO  | QbftBesuControllerBuilder | Imported #194 / 34 tx / 72 pending / 5,223,632 (0.0%) gas / (0x4755ee5cd8f1fe1e84828cdd41ccd4f64494ba671e61beeff3e4b8804e71e379)
2026-10-07 17:09:07.434+00:00 | EthScheduler-Workers-0 | INFO  | PersistBlockTask | Block 195 (0x4c61129f369cf71586a5761fc8fc14671dfa605c3e03eaab48f66eb3d83c73a5) is already imported
2026-10-07 17:09:07.435+00:00 | BftProcessorExecutor-QBFT-0 | INFO  | QbftBesuControllerBuilder | Produced #195 / 35 tx / 37 pending / 5,377,078 (0.0%) gas / (0x4c61129f369cf71586a5761fc8fc14671dfa605c3e03eaab48f66eb3d83c73a5)
2026-10-07 17:09:09.435+00:00 | BftProcessorExecutor-QBFT-0 | INFO  | QbftBesuControllerBuilder | Imported #196 / 35 tx / 2 pending / 5,377,274 (0.0%) gas / (0x7ad6e773144e18cc52af34e5b3a332c7c979b2c132f2f79977459a36f885b131)
2026-10-07 17:09:11.309+00:00 | EthScheduler-Workers-0 | INFO  | PersistBlockTask | Block 197 (0x2c95db4ae1a143ce7e2da9ab371ddcc4bf82a236a82d89482573c9c2285a73d2) is already imported
2026-10-07 17:09:11.310+00:00 | BftProcessorExecutor-QBFT-0 | INFO  | QbftBesuControllerBuilder | Imported #197 / 2 tx / 0 pending / 307,268 (0.0%) gas / (0x2c95db4ae1a143ce7e2da9ab371ddcc4bf82a236a82d89482573c9c2285a73d2)
2026-10-07 17:09:13.268+00:00 | EthScheduler-Workers-0 | INFO  | PersistBlockTask | Block 198 (0x123515d5ab967e8a9a595d224a980718694e4e9feb1d21fad85118c8e13a438d) is already imported
2026-10-07 17:09:13.269+00:00 | BftProcessorExecutor-QBFT-0 | INFO  | QbftBesuControllerBuilder | Imported #198 / 0 tx / 0 pending / 0 (0.0%) gas / (0x123515d5ab967e8a9a595d224a980718694e4e9feb1d21fad85118c8e13a438d)
2026-10-07 17:09:15.262+00:00 | BftProcessorExecutor-QBFT-0 | INFO  | QbftBesuControllerBuilder | Imported #199 / 0 tx / 0 pending / 0 (0.0%) gas / (0x426932ba8a91cce30354f9759f67b64b7633ce4dc49ec24eef03a10f250aaeee)
2026-10-07 17:09:17.225+00:00 | EthScheduler-Workers-0 | INFO  | PersistBlockTask | Block 200 (0x7181000845c329c4185dd372e34839bb96f69095bfeeab7b83db07ae4a103373) is already imported
2026-10-07 17:09:17.226+00:00 | BftProcessorExecutor-QBFT-0 | INFO  | QbftBesuControllerBuilder | Imported #200 / 0 tx / 0 pending / 0 (0.0%) gas / (0x7181000845c329c4185dd372e34839bb96f69095bfeeab7b83db07ae4a103373)
2026-10-07 17:09:19.253+00:00 | BftProcessorExecutor-QBFT-0 | INFO  | QbftBesuControllerBuilder | Imported #201 / 0 tx / 0 pending / 0 (0.0%) gas / (0xaf75d8fc2bc2abf40a85202a8757e6c46850b901d1d4c21d86e2c549ff14a6ca)
2026-10-07 17:09:21.285+00:00 | BftProcessorExecutor-QBFT-0 | INFO  | QbftBesuControllerBuilder | Imported #202 / 0 tx / 0 pending / 0 (0.0%) gas / (0x665c1659fd70e87c84f9b6727c7835443772d6bce3a7457451fadff50d8f3dfa)
2026-10-07 17:09:23.334+00:00 | BftProcessorExecutor-QBFT-0 | INFO  | QbftBesuControllerBuilder | Imported #203 / 0 tx / 0 pending / 0 (0.0%) gas / (0x018d9750ab5cc5247ee3683427d8aa8b01996eb69ef630fe010b1c2d53f1cc20)
2026-10-07 17:09:25.256+00:00 | BftProcessorExecutor-QBFT-0 | INFO  | QbftBesuControllerBuilder | Imported #204 / 0 tx / 0 pending / 0 (0.0%) gas / (0x2f73adfea192f6a6f1323c4df49891f070769f90d4114a2cc63bf9c30511ba04)
2026-10-07 17:09:27.222+00:00 | BftProcessorExecutor-QBFT-0 | INFO  | QbftBesuControllerBuilder | Imported #205 / 0 tx / 0 pending / 0 (0.0%) gas / (0x0bcc263caf972726b64e712cc8f0ce1b323ec4af75bf80cee4718d8927f196e6)
2026-10-07 17:09:29.262+00:00 | EthScheduler-Workers-0 | INFO  | PersistBlockTask | Block 206 (0x604d49afaa32be28b644da890b6fb87d9b46990a35c032b4383191fb901c2627) is already imported
2026-10-07 17:09:29.262+00:00 | BftProcessorExecutor-QBFT-0 | INFO  | QbftBesuControllerBuilder | Imported #206 / 0 tx / 0 pending / 0 (0.0%) gas / (0x604d49afaa32be28b644da890b6fb87d9b46990a35c032b4383191fb901c2627)
2026-10-07 17:09:31.240+00:00 | BftProcessorExecutor-QBFT-0 | INFO  | QbftBesuControllerBuilder | Imported #207 / 0 tx / 0 pending / 0 (0.0%) gas / (0x5dbba70b9d19f447638249c0e8f7230bb0578ce8a4c86a4fce9382055c9ff4fb)
2026-10-07 17:09:33.254+00:00 | BftProcessorExecutor-QBFT-0 | INFO  | QbftBesuControllerBuilder | Imported #208 / 0 tx / 0 pending / 0 (0.0%) gas / (0x65469a0ff90ef09291aca4cae594af23a35fe9e1e619082cfb1e4989c05dd95b)
2026-10-07 17:09:35.452+00:00 | EthScheduler-Workers-0 | INFO  | PersistBlockTask | Block 209 (0xcd1fb00805e6345918f158b65043820561e983d237828078fa355c3e84490934) is already imported
2026-10-07 17:09:35.453+00:00 | BftProcessorExecutor-QBFT-0 | INFO  | QbftBesuControllerBuilder | Imported #209 / 7 tx / 222 pending / 1,693,790 (0.0%) gas / (0xcd1fb00805e6345918f158b65043820561e983d237828078fa355c3e84490934)
2026-10-07 17:09:38.148+00:00 | BftProcessorExecutor-QBFT-0 | INFO  | QbftBesuControllerBuilder | Produced #210 / 50 tx / 1047 pending / 12,098,500 (0.0%) gas / (0x7faf8f7a441f82ebae4b56b819d9b39dbdde83fb1760b2b3ba21c16947a999c0)
2026-10-07 17:09:40.821+00:00 | BftProcessorExecutor-QBFT-0 | INFO  | QbftBesuControllerBuilder | Imported #211 / 94 tx / 1848 pending / 22,745,180 (0.0%) gas / (0xcad4c192e94930cddb7c0a2e516d14b5082c8e465e1d194102bb352e4d29662b)
2026-10-07 17:09:43.279+00:00 | EthScheduler-Workers-0 | INFO  | PersistBlockTask | Block 212 (0xf6a7529f4165a34f37027aa6d12ee34e99944b3a9700dfb62727db1ca518c8d6) is already imported
2026-10-07 17:09:43.281+00:00 | BftProcessorExecutor-QBFT-0 | INFO  | QbftBesuControllerBuilder | Imported #212 / 141 tx / 2639 pending / 34,117,770 (0.0%) gas / (0xf6a7529f4165a34f37027aa6d12ee34e99944b3a9700dfb62727db1ca518c8d6)
2026-10-07 17:09:46.531+00:00 | BftProcessorExecutor-QBFT-0 | INFO  | QbftBesuControllerBuilder | Imported #213 / 200 tx / 3604 pending / 48,394,000 (0.0%) gas / (0x67b8a988cd01cae09705b0fc743053c402f12ae4548db9492bd5a7277e71de33)
2026-10-07 17:09:50.659+00:00 | EthScheduler-Workers-0 | INFO  | PersistBlockTask | Block 214 (0x6cfce6ec96f5979142c419fd4f04328697f1fac250f199a35ac49926cf62f3d5) is already imported
2026-10-07 17:09:50.662+00:00 | BftProcessorExecutor-QBFT-0 | INFO  | QbftBesuControllerBuilder | Imported #214 / 275 tx / 3329 pending / 66,541,750 (0.0%) gas / (0x6cfce6ec96f5979142c419fd4f04328697f1fac250f199a35ac49926cf62f3d5)
2026-10-07 17:09:54.755+00:00 | BftProcessorExecutor-QBFT-0 | INFO  | QbftBesuControllerBuilder | Imported #215 / 273 tx / 3056 pending / 66,057,810 (0.0%) gas / (0x2b16af8188193b7f1a22ecbe156abe3cfb6485fb3f1e2508c921ca76b7c67032)
2026-10-07 17:09:58.920+00:00 | BftProcessorExecutor-QBFT-0 | INFO  | QbftBesuControllerBuilder | Imported #216 / 272 tx / 2784 pending / 65,815,840 (0.0%) gas / (0xcad628a78c81bb985fa8a3d326ea03c85ed12afa4357297d6ec857d34cd48a46)
2026-10-07 17:10:03.191+00:00 | EthScheduler-Workers-0 | INFO  | PersistBlockTask | Block 217 (0x0f7c5f5aacd9fdb84f55f68ee3a790fcacf4a6611c16b216a5993f1dcb05071e) is already imported
2026-10-07 17:10:03.195+00:00 | BftProcessorExecutor-QBFT-0 | INFO  | QbftBesuControllerBuilder | Imported #217 / 272 tx / 2512 pending / 65,815,840 (0.0%) gas / (0x0f7c5f5aacd9fdb84f55f68ee3a790fcacf4a6611c16b216a5993f1dcb05071e)
2026-10-07 17:10:07.477+00:00 | BftProcessorExecutor-QBFT-0 | INFO  | QbftBesuControllerBuilder | Imported #218 / 272 tx / 2240 pending / 65,815,840 (0.0%) gas / (0xb091c38ef547cdf331659823960fb17ba3ef516e6a0b84da77f70ef5ae85e669)
2026-10-07 17:10:11.608+00:00 | BftProcessorExecutor-QBFT-0 | INFO  | QbftBesuControllerBuilder | Imported #219 / 272 tx / 1968 pending / 65,815,840 (0.0%) gas / (0xf6ce902bd3beb5117253cf5d81d6d041018ba21c9612db6151ea2fe875a8f60a)
2026-10-07 17:10:15.759+00:00 | EthScheduler-Workers-0 | INFO  | PersistBlockTask | Block 220 (0x87de05c196ee32be0e0b6b3e8c01f4352ac629bd6329b90626000e68f233bec6) is already imported
2026-10-07 17:10:15.775+00:00 | BftProcessorExecutor-QBFT-0 | INFO  | QbftBesuControllerBuilder | Imported #220 / 272 tx / 1696 pending / 65,815,840 (0.0%) gas / (0x87de05c196ee32be0e0b6b3e8c01f4352ac629bd6329b90626000e68f233bec6)
2026-10-07 17:10:19.970+00:00 | EthScheduler-Workers-0 | INFO  | PersistBlockTask | Block 221 (0x28f1bc164d3ebb92363547a1ede9bb8a69ed605e1ca71756a7b544e490cff0d2) is already imported
2026-10-07 17:10:19.972+00:00 | BftProcessorExecutor-QBFT-0 | INFO  | QbftBesuControllerBuilder | Imported #221 / 272 tx / 1424 pending / 65,815,840 (0.0%) gas / (0x28f1bc164d3ebb92363547a1ede9bb8a69ed605e1ca71756a7b544e490cff0d2)
2026-10-07 17:10:24.112+00:00 | BftProcessorExecutor-QBFT-0 | INFO  | QbftBesuControllerBuilder | Imported #222 / 272 tx / 1152 pending / 65,815,840 (0.0%) gas / (0x4046cd75235042849cd518dca9f96a7a8ad7f059ec23a03c668a4c1a1393c035)
2026-10-07 17:10:28.467+00:00 | BftProcessorExecutor-QBFT-0 | INFO  | QbftBesuControllerBuilder | Imported #223 / 272 tx / 880 pending / 65,815,840 (0.0%) gas / (0xeef2bfd9616536173c9762f0cece885faf3e4bb8c113abf016fafb5d5589c2d2)
2026-10-07 17:10:32.606+00:00 | EthScheduler-Workers-0 | INFO  | PersistBlockTask | Block 224 (0x79ed7cfa0ba4d29ccc435ec910c10d027246ddc9324c91d85cd8919b933c8ffe) is already imported
2026-10-07 17:10:32.608+00:00 | BftProcessorExecutor-QBFT-0 | INFO  | QbftBesuControllerBuilder | Imported #224 / 265 tx / 615 pending / 64,122,050 (0.0%) gas / (0x79ed7cfa0ba4d29ccc435ec910c10d027246ddc9324c91d85cd8919b933c8ffe)
2026-10-07 17:10:36.110+00:00 | EthScheduler-Workers-0 | INFO  | PersistBlockTask | Block 225 (0xf662bdcf0a0d595b47563d46d19944cd4340235812125133bf61ce8f2c49fe53) is already imported
2026-10-07 17:10:36.111+00:00 | BftProcessorExecutor-QBFT-0 | INFO  | QbftBesuControllerBuilder | Produced #225 / 225 tx / 390 pending / 54,443,250 (0.0%) gas / (0xf662bdcf0a0d595b47563d46d19944cd4340235812125133bf61ce8f2c49fe53)
2026-10-07 17:10:38.846+00:00 | EthScheduler-Workers-0 | INFO  | PersistBlockTask | Block 226 (0x885f6175e00e40414c29bfe551cb38735d31c2e925e8e613338cedeb1521fbe3) is already imported
2026-10-07 17:10:38.847+00:00 | BftProcessorExecutor-QBFT-0 | INFO  | QbftBesuControllerBuilder | Imported #226 / 181 tx / 209 pending / 43,796,570 (0.0%) gas / (0x885f6175e00e40414c29bfe551cb38735d31c2e925e8e613338cedeb1521fbe3)
2026-10-07 17:10:40.956+00:00 | EthScheduler-Workers-0 | INFO  | PersistBlockTask | Block 227 (0xe0ac8b2a5be23006b5f061c8cf96bfc560f30bc6e373778e38951c0afd1fc703) is already imported
2026-10-07 17:10:40.957+00:00 | BftProcessorExecutor-QBFT-0 | INFO  | QbftBesuControllerBuilder | Imported #227 / 134 tx / 75 pending / 32,423,980 (0.0%) gas / (0xe0ac8b2a5be23006b5f061c8cf96bfc560f30bc6e373778e38951c0afd1fc703)
2026-10-07 17:10:42.329+00:00 | EthScheduler-Workers-0 | INFO  | PersistBlockTask | Block 228 (0xa633e74cb4ce60398c0ae608091bc118ea41cf980bcea02d6d1698c38e68e203) is already imported
2026-10-07 17:10:42.330+00:00 | BftProcessorExecutor-QBFT-0 | INFO  | QbftBesuControllerBuilder | Imported #228 / 75 tx / 0 pending / 18,147,750 (0.0%) gas / (0xa633e74cb4ce60398c0ae608091bc118ea41cf980bcea02d6d1698c38e68e203)
2026-10-07 17:10:43.274+00:00 | BftProcessorExecutor-QBFT-0 | INFO  | QbftBesuControllerBuilder | Imported #229 / 0 tx / 0 pending / 0 (0.0%) gas / (0x140bc03154a85ca11e4918fbb7914692eea3c3d83bb072ff38e84ce475f08596)
2026-10-07 17:10:45.236+00:00 | EthScheduler-Workers-0 | INFO  | PersistBlockTask | Block 230 (0x159136c8c34175fd0d4ef392eb3556681e402f1d2dd1606378d63680bd640177) is already imported
2026-10-07 17:10:45.237+00:00 | BftProcessorExecutor-QBFT-0 | INFO  | QbftBesuControllerBuilder | Imported #230 / 0 tx / 0 pending / 0 (0.0%) gas / (0x159136c8c34175fd0d4ef392eb3556681e402f1d2dd1606378d63680bd640177)
2026-10-07 17:10:47.243+00:00 | BftProcessorExecutor-QBFT-0 | INFO  | QbftBesuControllerBuilder | Imported #231 / 0 tx / 0 pending / 0 (0.0%) gas / (0x1147a7abafe3b622ec225ab6f6e4ecce6c848ce6e1c090003c7fec0cddbd0343)
2026-10-07 17:10:49.250+00:00 | BftProcessorExecutor-QBFT-0 | INFO  | QbftBesuControllerBuilder | Imported #232 / 0 tx / 0 pending / 0 (0.0%) gas / (0x558a9acd5a3455f7e7819556abc4e4580ba5b3d63e8c7ce704049e9fb8f800c0)
2026-10-07 17:10:51.339+00:00 | BftProcessorExecutor-QBFT-0 | INFO  | QbftBesuControllerBuilder | Imported #233 / 0 tx / 0 pending / 0 (0.0%) gas / (0xcb04fc2323b707c5fcb188390d16fd89bddefbfc498fb7d16530f91afaee25ff)
2026-10-07 17:10:53.280+00:00 | BftProcessorExecutor-QBFT-0 | INFO  | QbftBesuControllerBuilder | Imported #234 / 0 tx / 0 pending / 0 (0.0%) gas / (0x6c8d8a5f5fc299bdab93fe286434163937e2015660ec623ee724786c1f171682)
2026-10-07 17:10:55.238+00:00 | BftProcessorExecutor-QBFT-0 | INFO  | QbftBesuControllerBuilder | Imported #235 / 0 tx / 0 pending / 0 (0.0%) gas / (0xa57a0bf7452f91214e29eba6f3a5774d9f7e58d27587c0d39163066e3cc2b61e)
2026-10-07 17:10:57.292+00:00 | BftProcessorExecutor-QBFT-0 | INFO  | QbftBesuControllerBuilder | Imported #236 / 0 tx / 0 pending / 0 (0.0%) gas / (0x98f7aa7d6c42766bca91a0dab306f94b77a4bd5e43504db00dda10ba829d18cd)
2026-10-07 17:10:59.248+00:00 | BftProcessorExecutor-QBFT-0 | INFO  | QbftBesuControllerBuilder | Imported #237 / 0 tx / 0 pending / 0 (0.0%) gas / (0x0112e99fab88eabdb5e3ef5802fb5be6ba5b8e9576fcd64d4d3ac229cac4303a)
2026-10-07 17:11:01.339+00:00 | BftProcessorExecutor-QBFT-0 | INFO  | QbftBesuControllerBuilder | Imported #238 / 0 tx / 0 pending / 0 (0.0%) gas / (0x5ad4b6d536487863617cf68be31bc5a82a61f04202d4849e5678f2abab60fd52)
2026-10-07 17:11:03.280+00:00 | BftProcessorExecutor-QBFT-0 | INFO  | QbftBesuControllerBuilder | Imported #239 / 0 tx / 0 pending / 0 (0.0%) gas / (0xa27aa7247ceb902da594e1b6f310fd6ead151502aea30da4a8800c7c519050b0)
2026-10-07 17:11:05.236+00:00 | BftProcessorExecutor-QBFT-0 | INFO  | QbftBesuControllerBuilder | Produced #240 / 0 tx / 0 pending / 0 (0.0%) gas / (0x18e90fea239e2897d1d36dd91e8e770bb0c789797d4e959e05b801339f484862)
2026-10-07 17:11:07.283+00:00 | BftProcessorExecutor-QBFT-0 | INFO  | QbftBesuControllerBuilder | Imported #241 / 0 tx / 0 pending / 0 (0.0%) gas / (0x2dfd4cc3a54141e71758c2b289b1e5c73bf5eeac0a0ed9622ed6b3077e38cd1e)
2026-10-07 17:11:09.293+00:00 | BftProcessorExecutor-QBFT-0 | INFO  | QbftBesuControllerBuilder | Imported #242 / 0 tx / 0 pending / 0 (0.0%) gas / (0xb47031887cdb39ca504d7cb28a06c83692600ee0dd418bd456a404fa79b1f167)
2026-10-07 17:11:11.272+00:00 | BftProcessorExecutor-QBFT-0 | INFO  | QbftBesuControllerBuilder | Imported #243 / 0 tx / 0 pending / 0 (0.0%) gas / (0x9b86b67d7e28e0647188ea59fb26a3fd2fdd958ae0e13ec108083ebc2b7f302a)
2026-10-07 17:11:13.283+00:00 | BftProcessorExecutor-QBFT-0 | INFO  | QbftBesuControllerBuilder | Imported #244 / 0 tx / 0 pending / 0 (0.0%) gas / (0x04c40fd5bc9acea737fc452449b44bda359ac1d20d74ead93a5a7b30faa01489)
2026-10-07 17:11:15.232+00:00 | EthScheduler-Workers-0 | INFO  | PersistBlockTask | Block 245 (0x1b98b7c78d4b7a94fe6f53689c284b1609a8b670b4d94b0ba343c5d266334549) is already imported
2026-10-07 17:11:15.233+00:00 | BftProcessorExecutor-QBFT-0 | INFO  | QbftBesuControllerBuilder | Imported #245 / 0 tx / 0 pending / 0 (0.0%) gas / (0x1b98b7c78d4b7a94fe6f53689c284b1609a8b670b4d94b0ba343c5d266334549)
2026-10-07 17:11:17.273+00:00 | BftProcessorExecutor-QBFT-0 | INFO  | QbftBesuControllerBuilder | Imported #246 / 0 tx / 0 pending / 0 (0.0%) gas / (0x0282aa388787e52bd5a3df43b545bea1eab5b814bc2956f540036ab4979c09e9)
2026-10-07 17:11:19.240+00:00 | BftProcessorExecutor-QBFT-0 | INFO  | QbftBesuControllerBuilder | Imported #247 / 0 tx / 0 pending / 0 (0.0%) gas / (0x50fbb518e0cc6c50b0151606d9c0045701a1dfa609872124f2ddf1d76cfc7ba8)
2026-10-07 17:11:21.270+00:00 | BftProcessorExecutor-QBFT-0 | INFO  | QbftBesuControllerBuilder | Imported #248 / 0 tx / 0 pending / 0 (0.0%) gas / (0xce99952db82e638b13087160e0053cb101350c31555113a4fde8d45b586c349e)
2026-10-07 17:11:23.275+00:00 | EthScheduler-Workers-0 | INFO  | PersistBlockTask | Block 249 (0x79499c514ae6121c45a33ee6422758ade58539e487069eabf9dc92ed2c0b922f) is already imported
2026-10-07 17:11:23.275+00:00 | BftProcessorExecutor-QBFT-0 | INFO  | QbftBesuControllerBuilder | Imported #249 / 0 tx / 0 pending / 0 (0.0%) gas / (0x79499c514ae6121c45a33ee6422758ade58539e487069eabf9dc92ed2c0b922f)
2026-10-07 17:11:25.238+00:00 | BftProcessorExecutor-QBFT-0 | INFO  | QbftBesuControllerBuilder | Imported #250 / 0 tx / 0 pending / 0 (0.0%) gas / (0xa9d959722046596921230ddbef44b3cb1c6e124ae12f0cf71c71fd0949b9c8d2)
2026-10-07 17:11:27.268+00:00 | BftProcessorExecutor-QBFT-0 | INFO  | QbftBesuControllerBuilder | Imported #251 / 0 tx / 0 pending / 0 (0.0%) gas / (0x3d30ad8d2f59391e7e7f4dab3a793e5a6c6e9558246a2873f99a3d52ae7ccf94)
2026-10-07 17:11:29.246+00:00 | EthScheduler-Workers-0 | INFO  | PersistBlockTask | Block 252 (0x0fa3d2652803fa69711fefe5184d288d2e08278615cb58798a8afdea65ee7a1e) is already imported
2026-10-07 17:11:29.246+00:00 | BftProcessorExecutor-QBFT-0 | INFO  | QbftBesuControllerBuilder | Imported #252 / 0 tx / 0 pending / 0 (0.0%) gas / (0x0fa3d2652803fa69711fefe5184d288d2e08278615cb58798a8afdea65ee7a1e)
2026-10-07 17:11:31.353+00:00 | EthScheduler-Workers-0 | INFO  | PersistBlockTask | Block 253 (0x3f4c4c60e6e02ab50668b9ad973c4fcbb1a635ac8cd09ef8c6b5a87641c0c82e) is already imported
2026-10-07 17:11:31.354+00:00 | BftProcessorExecutor-QBFT-0 | INFO  | QbftBesuControllerBuilder | Imported #253 / 0 tx / 0 pending / 0 (0.0%) gas / (0x3f4c4c60e6e02ab50668b9ad973c4fcbb1a635ac8cd09ef8c6b5a87641c0c82e)
2026-10-07 17:11:33.275+00:00 | EthScheduler-Workers-0 | INFO  | PersistBlockTask | Block 254 (0xee25b746a7a53b1813ea25c47a04d8571cfa3170d1eea4c43f7b00a8b6a3376c) is already imported
2026-10-07 17:11:33.275+00:00 | BftProcessorExecutor-QBFT-0 | INFO  | QbftBesuControllerBuilder | Imported #254 / 0 tx / 0 pending / 0 (0.0%) gas / (0xee25b746a7a53b1813ea25c47a04d8571cfa3170d1eea4c43f7b00a8b6a3376c)
2026-10-07 17:11:35.220+00:00 | EthScheduler-Workers-0 | INFO  | PersistBlockTask | Block 255 (0xec4aa841b7b336a664d4a2f19628860632ea1634ff81bf20498f5bc63ea93269) is already imported
2026-10-07 17:11:35.220+00:00 | BftProcessorExecutor-QBFT-0 | INFO  | QbftBesuControllerBuilder | Produced #255 / 0 tx / 0 pending / 0 (0.0%) gas / (0xec4aa841b7b336a664d4a2f19628860632ea1634ff81bf20498f5bc63ea93269)
2026-10-07 17:11:37.274+00:00 | BftProcessorExecutor-QBFT-0 | INFO  | QbftBesuControllerBuilder | Imported #256 / 0 tx / 0 pending / 0 (0.0%) gas / (0xef61d73cb8557c16dd65fc4022409eeb460e001db2d12d58887de6aa1d5d8d85)
2026-10-07 17:11:39.248+00:00 | BftProcessorExecutor-QBFT-0 | INFO  | QbftBesuControllerBuilder | Imported #257 / 0 tx / 0 pending / 0 (0.0%) gas / (0x4866a80867de56fc7c55c00a38070ac40c8b4e75aefd11241d5e1041c697d301)
2026-10-07 17:11:41.245+00:00 | BftProcessorExecutor-QBFT-0 | INFO  | QbftBesuControllerBuilder | Imported #258 / 0 tx / 0 pending / 0 (0.0%) gas / (0x1ac9af1c4db8e597a66d776a20a5bf1ff889a4115923012929b2ee4ece7dec73)
2026-10-07 17:11:41.246+00:00 | EthScheduler-Workers-0 | INFO  | PersistBlockTask | Block 258 (0x1ac9af1c4db8e597a66d776a20a5bf1ff889a4115923012929b2ee4ece7dec73) is already imported
2026-10-07 17:11:43.259+00:00 | BftProcessorExecutor-QBFT-0 | INFO  | QbftBesuControllerBuilder | Imported #259 / 0 tx / 0 pending / 0 (0.0%) gas / (0x70dd9c6352579938c3443126af6cd6cd2c9661e7efb6562ec4001727bee17949)
2026-10-07 17:11:45.230+00:00 | BftProcessorExecutor-QBFT-0 | INFO  | QbftBesuControllerBuilder | Imported #260 / 0 tx / 0 pending / 0 (0.0%) gas / (0xc9a6974e40d507ef66699fe0a095793dcd988cac5dd3a23d4b8372f4742e03a8)
2026-10-07 17:11:47.285+00:00 | BftProcessorExecutor-QBFT-0 | INFO  | QbftBesuControllerBuilder | Imported #261 / 0 tx / 0 pending / 0 (0.0%) gas / (0x28b95f3bf19c8b66b1d7dd894f1c49e43e813f517b84fd42dbc5ad73c7513dce)
2026-10-07 17:11:49.236+00:00 | BftProcessorExecutor-QBFT-0 | INFO  | QbftBesuControllerBuilder | Imported #262 / 0 tx / 0 pending / 0 (0.0%) gas / (0xfd5877956dfa85ad6c8ef528facfb1d585541f6390ebd4226c5e7ad533f93815)
2026-10-07 17:11:51.343+00:00 | BftProcessorExecutor-QBFT-0 | INFO  | QbftBesuControllerBuilder | Imported #263 / 0 tx / 0 pending / 0 (0.0%) gas / (0xed58c154932be32a8ba0eb5a9e4805b21a5a5c155d3883108dd554d2a26011f5)
2026-10-07 17:11:53.273+00:00 | BftProcessorExecutor-QBFT-0 | INFO  | QbftBesuControllerBuilder | Imported #264 / 1 tx / 83 pending / 153,618 (0.0%) gas / (0x639c3ab7d1e84658f79c2c0d84fb95487628342603be6c6eccf145f1a56e4296)
2026-10-07 17:11:53.273+00:00 | EthScheduler-Workers-0 | INFO  | PersistBlockTask | Block 264 (0x639c3ab7d1e84658f79c2c0d84fb95487628342603be6c6eccf145f1a56e4296) is already imported
2026-10-07 17:11:55.339+00:00 | BftProcessorExecutor-QBFT-0 | INFO  | QbftBesuControllerBuilder | Imported #265 / 34 tx / 477 pending / 5,223,660 (0.0%) gas / (0x3a8d61782baeb193d90e855afe111ff34f1703207ccdb64ae7d7ac8e0ad7a8e2)
2026-10-07 17:11:57.408+00:00 | BftProcessorExecutor-QBFT-0 | INFO  | QbftBesuControllerBuilder | Imported #266 / 34 tx / 443 pending / 5,223,628 (0.0%) gas / (0x4583e39a5f1ebc493cb816a71cbc199b1ab4a53bf3253dd054f3e3e4fbf5d6db)
2026-10-07 17:11:59.472+00:00 | EthScheduler-Workers-0 | INFO  | PersistBlockTask | Block 267 (0x7f93f0a643a187d4cac13ee9c5f3ba930e58d13240fa90ae9aaec477ccc3281c) is already imported
2026-10-07 17:11:59.472+00:00 | BftProcessorExecutor-QBFT-0 | INFO  | QbftBesuControllerBuilder | Imported #267 / 34 tx / 409 pending / 5,223,556 (0.0%) gas / (0x7f93f0a643a187d4cac13ee9c5f3ba930e58d13240fa90ae9aaec477ccc3281c)
2026-10-07 17:12:01.532+00:00 | EthScheduler-Workers-0 | INFO  | PersistBlockTask | Block 268 (0xf47868299cf0c4334fc133b6abc5999c69f9c2888a70ca79ad10139d3197df97) is already imported
2026-10-07 17:12:01.533+00:00 | BftProcessorExecutor-QBFT-0 | INFO  | QbftBesuControllerBuilder | Imported #268 / 34 tx / 375 pending / 5,223,660 (0.0%) gas / (0xf47868299cf0c4334fc133b6abc5999c69f9c2888a70ca79ad10139d3197df97)
2026-10-07 17:12:03.486+00:00 | EthScheduler-Workers-0 | INFO  | PersistBlockTask | Block 269 (0xbb77a9cabbd90bf6db5adb87c1c26abe001d2cb642dc7e027e7b004cb92d0e04) is already imported
2026-10-07 17:12:03.486+00:00 | BftProcessorExecutor-QBFT-0 | INFO  | QbftBesuControllerBuilder | Imported #269 / 34 tx / 341 pending / 5,223,520 (0.0%) gas / (0xbb77a9cabbd90bf6db5adb87c1c26abe001d2cb642dc7e027e7b004cb92d0e04)
2026-10-07 17:12:05.507+00:00 | EthScheduler-Workers-0 | INFO  | PersistBlockTask | Block 270 (0xe783d4cbcd08def056bb10ecb3671c17c6a636f94014c28db25cb74d46eed9ce) is already imported
2026-10-07 17:12:05.508+00:00 | BftProcessorExecutor-QBFT-0 | INFO  | QbftBesuControllerBuilder | Produced #270 / 35 tx / 306 pending / 5,377,346 (0.0%) gas / (0xe783d4cbcd08def056bb10ecb3671c17c6a636f94014c28db25cb74d46eed9ce)
2026-10-07 17:12:07.423+00:00 | BftProcessorExecutor-QBFT-0 | INFO  | QbftBesuControllerBuilder | Imported #271 / 35 tx / 271 pending / 5,377,158 (0.0%) gas / (0xf10eeb3b788616c791dd896ecac7e948c20f71a73890aab2551b5dabd2dbf24d)
2026-10-07 17:12:07.422+00:00 | EthScheduler-Workers-0 | INFO  | PersistBlockTask | Block 271 (0xf10eeb3b788616c791dd896ecac7e948c20f71a73890aab2551b5dabd2dbf24d) is already imported
2026-10-07 17:12:09.479+00:00 | EthScheduler-Workers-0 | INFO  | PersistBlockTask | Block 272 (0x5ddfde2281a81e3629cc708f984baebd18495ddd684024b8ccd60a33fa1c6572) is already imported
2026-10-07 17:12:09.479+00:00 | BftProcessorExecutor-QBFT-0 | INFO  | QbftBesuControllerBuilder | Imported #272 / 34 tx / 237 pending / 5,223,544 (0.0%) gas / (0x5ddfde2281a81e3629cc708f984baebd18495ddd684024b8ccd60a33fa1c6572)
2026-10-07 17:12:11.500+00:00 | BftProcessorExecutor-QBFT-0 | INFO  | QbftBesuControllerBuilder | Imported #273 / 34 tx / 203 pending / 5,223,476 (0.0%) gas / (0x3802a65b98894b43a46e75b878f7eb7781f8ccc3b53e1edc63b74141b5d1d5ed)
2026-10-07 17:12:13.460+00:00 | BftProcessorExecutor-QBFT-0 | INFO  | QbftBesuControllerBuilder | Imported #274 / 34 tx / 169 pending / 5,223,572 (0.0%) gas / (0x74e1d6da6e4c9c0b79eecb0878b7ccc00f2f8d58a4d2234c0520eb381c30f862)
2026-10-07 17:12:15.440+00:00 | BftProcessorExecutor-QBFT-0 | INFO  | QbftBesuControllerBuilder | Imported #275 / 34 tx / 135 pending / 5,223,476 (0.0%) gas / (0x88a228c0dd5fc3e6b3469ed5c4210e71d431609a7d573f0ee5fadca071b1ec3d)
2026-10-07 17:12:17.448+00:00 | EthScheduler-Workers-0 | INFO  | PersistBlockTask | Block 276 (0x1f7821b1ca53e993e340f89594b6752d16b3c9bf1a2a56fef0c6ae15f818ab82) is already imported
2026-10-07 17:12:17.448+00:00 | BftProcessorExecutor-QBFT-0 | INFO  | QbftBesuControllerBuilder | Imported #276 / 34 tx / 101 pending / 5,223,468 (0.0%) gas / (0x1f7821b1ca53e993e340f89594b6752d16b3c9bf1a2a56fef0c6ae15f818ab82)
2026-10-07 17:12:19.495+00:00 | EthScheduler-Workers-0 | INFO  | PersistBlockTask | Block 277 (0x31ba5a361fc3d37acd473b9083f0a055de8135af29bc79c4e1ec59e8cde3fbad) is already imported
2026-10-07 17:12:19.495+00:00 | BftProcessorExecutor-QBFT-0 | INFO  | QbftBesuControllerBuilder | Imported #277 / 34 tx / 67 pending / 5,223,528 (0.0%) gas / (0x31ba5a361fc3d37acd473b9083f0a055de8135af29bc79c4e1ec59e8cde3fbad)
2026-10-07 17:12:21.519+00:00 | EthScheduler-Workers-0 | INFO  | PersistBlockTask | Block 278 (0xfaffe4f10499e360d04dccb085b01f9e309c2ae4554c7ee7febd905fc4e4cc81) is already imported
2026-10-07 17:12:21.520+00:00 | BftProcessorExecutor-QBFT-0 | INFO  | QbftBesuControllerBuilder | Imported #278 / 34 tx / 33 pending / 5,223,608 (0.0%) gas / (0xfaffe4f10499e360d04dccb085b01f9e309c2ae4554c7ee7febd905fc4e4cc81)
2026-10-07 17:12:23.493+00:00 | EthScheduler-Workers-0 | INFO  | PersistBlockTask | Block 279 (0xe2a8ad098c49c9b43b09af17d39477461e27d34aab634d1877f0702210b9e3d4) is already imported
2026-10-07 17:12:23.493+00:00 | BftProcessorExecutor-QBFT-0 | INFO  | QbftBesuControllerBuilder | Imported #279 / 33 tx / 0 pending / 5,069,962 (0.0%) gas / (0xe2a8ad098c49c9b43b09af17d39477461e27d34aab634d1877f0702210b9e3d4)
2026-10-07 17:12:25.210+00:00 | BftProcessorExecutor-QBFT-0 | INFO  | QbftBesuControllerBuilder | Imported #280 / 0 tx / 0 pending / 0 (0.0%) gas / (0xf400c08b5b7f94ecac698c65e44b2fdb6249819487c0b395a66550e9c8a57b0e)
2026-10-07 17:12:27.274+00:00 | BftProcessorExecutor-QBFT-0 | INFO  | QbftBesuControllerBuilder | Imported #281 / 0 tx / 0 pending / 0 (0.0%) gas / (0xf1ea3d48bf7e83cfe9a49a0ec5d0e0f0b059b41e41d27df101e451305c98c360)
2026-10-07 17:12:29.284+00:00 | EthScheduler-Workers-0 | INFO  | PersistBlockTask | Block 282 (0xa9b123f12af90aa14697eefb9ee0cd515663258606f405b5c6558a8f4188668b) is already imported
2026-10-07 17:12:29.284+00:00 | BftProcessorExecutor-QBFT-0 | INFO  | QbftBesuControllerBuilder | Imported #282 / 0 tx / 0 pending / 0 (0.0%) gas / (0xa9b123f12af90aa14697eefb9ee0cd515663258606f405b5c6558a8f4188668b)
2026-10-07 17:12:31.345+00:00 | EthScheduler-Workers-0 | INFO  | PersistBlockTask | Block 283 (0x5ebdbe596997514f447e46ed533a6c96d28291d958bcb908580348c497df2550) is already imported
2026-10-07 17:12:31.346+00:00 | BftProcessorExecutor-QBFT-0 | INFO  | QbftBesuControllerBuilder | Imported #283 / 0 tx / 0 pending / 0 (0.0%) gas / (0x5ebdbe596997514f447e46ed533a6c96d28291d958bcb908580348c497df2550)
2026-10-07 17:12:33.259+00:00 | BftProcessorExecutor-QBFT-0 | INFO  | QbftBesuControllerBuilder | Imported #284 / 0 tx / 0 pending / 0 (0.0%) gas / (0x67e8e555befdad128d9e1a83a2646f174a7e13a0226544a56b703c405a9d0f0d)
2026-10-07 17:12:35.209+00:00 | BftProcessorExecutor-QBFT-0 | INFO  | QbftBesuControllerBuilder | Produced #285 / 0 tx / 0 pending / 0 (0.0%) gas / (0xca0f67a865fc260a493bf842c139f1b95d0a1001587229daeb2d440c2bfbbe85)
2026-10-07 17:12:37.251+00:00 | BftProcessorExecutor-QBFT-0 | INFO  | QbftBesuControllerBuilder | Imported #286 / 0 tx / 0 pending / 0 (0.0%) gas / (0x312ae0c2ae0c28ec4da8b70647e44b1d94f01d8e8cacd2bd6e1886cd15e07537)
2026-10-07 17:12:39.244+00:00 | EthScheduler-Workers-0 | INFO  | PersistBlockTask | Block 287 (0x90b281f5a0052ed6301a78c47d1a822b4f2fd0dddbb0a149da83fa747eb7dfd9) is already imported
2026-10-07 17:12:39.244+00:00 | BftProcessorExecutor-QBFT-0 | INFO  | QbftBesuControllerBuilder | Imported #287 / 0 tx / 0 pending / 0 (0.0%) gas / (0x90b281f5a0052ed6301a78c47d1a822b4f2fd0dddbb0a149da83fa747eb7dfd9)
2026-10-07 17:12:41.334+00:00 | BftProcessorExecutor-QBFT-0 | INFO  | QbftBesuControllerBuilder | Imported #288 / 0 tx / 0 pending / 0 (0.0%) gas / (0xe515a9c4e2770d97d1f1262eacb5de1cf2b4a77684c2226cf3a373239ab9c781)
2026-10-07 17:12:43.275+00:00 | BftProcessorExecutor-QBFT-0 | INFO  | QbftBesuControllerBuilder | Imported #289 / 0 tx / 0 pending / 0 (0.0%) gas / (0x3e9277de30c76c9cba33b4285efd4fdefcd7515deff881bd14bca9401f0539b5)
2026-10-07 17:12:45.229+00:00 | EthScheduler-Workers-0 | INFO  | PersistBlockTask | Block 290 (0x80363f76defdf624f3ac9cd486f60a45fa35d1e3efd8bc299153bd55f312c8f8) is already imported
2026-10-07 17:12:45.230+00:00 | BftProcessorExecutor-QBFT-0 | INFO  | QbftBesuControllerBuilder | Imported #290 / 0 tx / 0 pending / 0 (0.0%) gas / (0x80363f76defdf624f3ac9cd486f60a45fa35d1e3efd8bc299153bd55f312c8f8)
2026-10-07 17:12:47.575+00:00 | BftProcessorExecutor-QBFT-0 | INFO  | QbftBesuControllerBuilder | Imported #291 / 18 tx / 398 pending / 4,355,460 (0.0%) gas / (0x41302dccbfc3063ddc1bf27d0303b3ee8ebe8688fa32ae342cea50ea1bb90267)
2026-10-07 17:12:50.248+00:00 | EthScheduler-Workers-0 | INFO  | PersistBlockTask | Block 292 (0xea2290460366b148bfb5ae4204047c9c02a2a94457558d6edd5dce66166adaf6) is already imported
2026-10-07 17:12:50.249+00:00 | BftProcessorExecutor-QBFT-0 | INFO  | QbftBesuControllerBuilder | Imported #292 / 63 tx / 1255 pending / 15,244,110 (0.0%) gas / (0xea2290460366b148bfb5ae4204047c9c02a2a94457558d6edd5dce66166adaf6)
2026-10-07 17:12:52.874+00:00 | BftProcessorExecutor-QBFT-0 | INFO  | QbftBesuControllerBuilder | Imported #293 / 108 tx / 2164 pending / 26,132,760 (0.0%) gas / (0x3853ef977eb809d7a74ad96ac4b1a5cadf01803ba7f6fb7b9f4a6b6b97dae86c)
2026-10-07 17:12:55.563+00:00 | EthScheduler-Workers-0 | INFO  | PersistBlockTask | Block 294 (0xf31452d777eaea79ab585b92d866538c7e4ec14368758e012bed6850e91c7653) is already imported
2026-10-07 17:12:55.566+00:00 | BftProcessorExecutor-QBFT-0 | INFO  | QbftBesuControllerBuilder | Imported #294 / 162 tx / 3040 pending / 39,199,140 (0.0%) gas / (0xf31452d777eaea79ab585b92d866538c7e4ec14368758e012bed6850e91c7653)
2026-10-07 17:12:58.984+00:00 | BftProcessorExecutor-QBFT-0 | INFO  | QbftBesuControllerBuilder | Imported #295 / 228 tx / 3517 pending / 55,169,160 (0.0%) gas / (0xe246c6f086ba9b5fed5b7083b3b4ba73138b62c6e2f37794d9adaada6b928266)
2026-10-07 17:13:03.152+00:00 | BftProcessorExecutor-QBFT-0 | INFO  | QbftBesuControllerBuilder | Imported #296 / 272 tx / 3245 pending / 65,815,840 (0.0%) gas / (0x5b30715aa3ba69d1a2a8b78e28d7022ff2ea4121b2b785da3761190ae60dedeb)
2026-10-07 17:13:07.387+00:00 | BftProcessorExecutor-QBFT-0 | INFO  | QbftBesuControllerBuilder | Imported #297 / 272 tx / 2973 pending / 65,815,840 (0.0%) gas / (0x254e758eaf71d5a664b87d30ac1d956438170c0b3af50c7789d41d9077df07b2)
2026-10-07 17:13:11.698+00:00 | EthScheduler-Workers-0 | INFO  | PersistBlockTask | Block 298 (0x59ce1fde6c0c64557570044ed5282f129a359ea884dfdb042469b6404fba600e) is already imported
2026-10-07 17:13:11.701+00:00 | BftProcessorExecutor-QBFT-0 | INFO  | QbftBesuControllerBuilder | Imported #298 / 272 tx / 2701 pending / 65,815,840 (0.0%) gas / (0x59ce1fde6c0c64557570044ed5282f129a359ea884dfdb042469b6404fba600e)
2026-10-07 17:13:15.968+00:00 | EthScheduler-Workers-0 | INFO  | PersistBlockTask | Block 299 (0x59234b50446fd532e2fbebfae5d52bd45e1a59852ead5f23241f4e9550803144) is already imported
2026-10-07 17:13:15.973+00:00 | BftProcessorExecutor-QBFT-0 | INFO  | QbftBesuControllerBuilder | Imported #299 / 272 tx / 2429 pending / 65,815,840 (0.0%) gas / (0x59234b50446fd532e2fbebfae5d52bd45e1a59852ead5f23241f4e9550803144)
2026-10-07 17:13:20.045+00:00 | EthScheduler-Workers-0 | INFO  | PersistBlockTask | Block 300 (0xf6985fcecbef70c16a731c22ceaaf363bd834d6332a2b763eceaeeac8a9c61f8) is already imported
2026-10-07 17:13:20.047+00:00 | BftProcessorExecutor-QBFT-0 | INFO  | QbftBesuControllerBuilder | Produced #300 / 275 tx / 2154 pending / 66,541,750 (0.0%) gas / (0xf6985fcecbef70c16a731c22ceaaf363bd834d6332a2b763eceaeeac8a9c61f8)
2026-10-07 17:13:24.234+00:00 | BftProcessorExecutor-QBFT-0 | INFO  | QbftBesuControllerBuilder | Imported #301 / 275 tx / 1879 pending / 66,541,750 (0.0%) gas / (0xd4dee6ba33e996f27fe0351df898f3148b66656398bea312e22546889315d0e1)
2026-10-07 17:13:28.490+00:00 | EthScheduler-Workers-0 | INFO  | PersistBlockTask | Block 302 (0xe9a1ba7e1684ff0af00ae6b6aab29087ae3e19f7b41dcdc6bfb77d4e9ff8a95c) is already imported
2026-10-07 17:13:28.493+00:00 | BftProcessorExecutor-QBFT-0 | INFO  | QbftBesuControllerBuilder | Imported #302 / 275 tx / 1604 pending / 66,541,750 (0.0%) gas / (0xe9a1ba7e1684ff0af00ae6b6aab29087ae3e19f7b41dcdc6bfb77d4e9ff8a95c)
2026-10-07 17:13:32.830+00:00 | BftProcessorExecutor-QBFT-0 | INFO  | QbftBesuControllerBuilder | Imported #303 / 275 tx / 1329 pending / 66,541,750 (0.0%) gas / (0x4d1f4f829577f3b9009715a6449c897f8e7e0f8a2772a3f3c389b8ac93fbbf81)
2026-10-07 17:13:36.958+00:00 | BftProcessorExecutor-QBFT-0 | INFO  | QbftBesuControllerBuilder | Imported #304 / 275 tx / 1054 pending / 66,541,750 (0.0%) gas / (0x4eb84962d900101b8680335979dea188df92f0590a29f2b6ecaf70900e6a4747)
2026-10-07 17:13:41.056+00:00 | EthScheduler-Workers-0 | INFO  | PersistBlockTask | Block 305 (0x5b874d2642316e958c59079a1ebff8195bc04b4191c2a07ef5e45622ce95834b) is already imported
2026-10-07 17:13:41.058+00:00 | BftProcessorExecutor-QBFT-0 | INFO  | QbftBesuControllerBuilder | Imported #305 / 273 tx / 781 pending / 66,057,810 (0.0%) gas / (0x5b874d2642316e958c59079a1ebff8195bc04b4191c2a07ef5e45622ce95834b)
2026-10-07 17:13:45.025+00:00 | BftProcessorExecutor-QBFT-0 | INFO  | QbftBesuControllerBuilder | Imported #306 / 254 tx / 527 pending / 61,460,380 (0.0%) gas / (0x35ec1c01e839558558ed97a3670ab9d8013061bba688bd44280b18c14142dd41)
2026-10-07 17:13:48.298+00:00 | BftProcessorExecutor-QBFT-0 | INFO  | QbftBesuControllerBuilder | Imported #307 / 209 tx / 318 pending / 50,571,730 (0.0%) gas / (0x5f4078ad5aa1d59a3647996989eae5f81b97a9976cabc932cef46454df0158e2)
2026-10-07 17:13:50.980+00:00 | EthScheduler-Workers-0 | INFO  | PersistBlockTask | Block 308 (0x6415de967f12dd38e035241a89df51904163c9c2f2174ea4c18a8fcad7cfc451) is already imported
2026-10-07 17:13:50.981+00:00 | BftProcessorExecutor-QBFT-0 | INFO  | QbftBesuControllerBuilder | Imported #308 / 164 tx / 154 pending / 39,683,080 (0.0%) gas / (0x6415de967f12dd38e035241a89df51904163c9c2f2174ea4c18a8fcad7cfc451)
2026-10-07 17:13:52.715+00:00 | BftProcessorExecutor-QBFT-0 | INFO  | QbftBesuControllerBuilder | Imported #309 / 110 tx / 44 pending / 26,616,700 (0.0%) gas / (0xb2efa0aaeda244ab1f212ba6ee2df6d49aa001c87942ff84e5a7e27504bbf4a9)
2026-10-07 17:13:53.845+00:00 | BftProcessorExecutor-QBFT-0 | INFO  | QbftBesuControllerBuilder | Imported #310 / 44 tx / 0 pending / 10,646,680 (0.0%) gas / (0x4c3f8e1d0c578c9223211624baa43b50d25c3dc8b0a649e0349854d165e504fc)
2026-10-07 17:13:55.234+00:00 | BftProcessorExecutor-QBFT-0 | INFO  | QbftBesuControllerBuilder | Imported #311 / 0 tx / 0 pending / 0 (0.0%) gas / (0xb1aec03da4f9f25773efcf156990228a794e8cb65bc9bbcc666b67b53fc82d79)
2026-10-07 17:13:57.240+00:00 | BftProcessorExecutor-QBFT-0 | INFO  | QbftBesuControllerBuilder | Imported #312 / 0 tx / 0 pending / 0 (0.0%) gas / (0x52b08bb6c44635e0dac5d5a7068a2e0a7c47d799e66267b10d08bcb0d6667d1e)
2026-10-07 17:13:57.240+00:00 | EthScheduler-Workers-0 | INFO  | PersistBlockTask | Block 312 (0x52b08bb6c44635e0dac5d5a7068a2e0a7c47d799e66267b10d08bcb0d6667d1e) is already imported
2026-10-07 17:13:59.255+00:00 | BftProcessorExecutor-QBFT-0 | INFO  | QbftBesuControllerBuilder | Imported #313 / 0 tx / 0 pending / 0 (0.0%) gas / (0xfeb1ce165ad165f8198ec837dae193135b8aebfe3e9b339508dfb5c698241489)
2026-10-07 17:13:59.258+00:00 | EthScheduler-Workers-0 | INFO  | PersistBlockTask | Block 313 (0xfeb1ce165ad165f8198ec837dae193135b8aebfe3e9b339508dfb5c698241489) is already imported
2026-10-07 17:14:01.271+00:00 | BftProcessorExecutor-QBFT-0 | INFO  | QbftBesuControllerBuilder | Imported #314 / 0 tx / 0 pending / 0 (0.0%) gas / (0xe6315ae2017575ea17bf23f4a2a2edb7dceed95121c44ad2c229bb514162688c)
2026-10-07 17:14:01.271+00:00 | EthScheduler-Workers-0 | INFO  | PersistBlockTask | Block 314 (0xe6315ae2017575ea17bf23f4a2a2edb7dceed95121c44ad2c229bb514162688c) is already imported
2026-10-07 17:14:03.225+00:00 | BftProcessorExecutor-QBFT-0 | INFO  | QbftBesuControllerBuilder | Produced #315 / 0 tx / 0 pending / 0 (0.0%) gas / (0x2362aab371f114a1830f881d3ecdd8a4c26e1cc587c2ea0a0e2a67af6d34da01)
2026-10-07 17:14:05.285+00:00 | BftProcessorExecutor-QBFT-0 | INFO  | QbftBesuControllerBuilder | Imported #316 / 0 tx / 0 pending / 0 (0.0%) gas / (0xbff7abdec957e53a5aae1da1de0aea479566366a2b4c6d7e1befa96fc6309876)
2026-10-07 17:14:07.279+00:00 | BftProcessorExecutor-QBFT-0 | INFO  | QbftBesuControllerBuilder | Imported #317 / 0 tx / 0 pending / 0 (0.0%) gas / (0xe9a2fb9adb738b94bcf8d0a1d6d0b539a3f55905b697d06d18457fdd7786c153)
2026-10-07 17:14:09.337+00:00 | BftProcessorExecutor-QBFT-0 | INFO  | QbftBesuControllerBuilder | Imported #318 / 0 tx / 0 pending / 0 (0.0%) gas / (0xabb45445a3df8a904a117639769e7b3ebe06e6583b661e61006c699c6b10d432)
2026-10-07 17:14:11.264+00:00 | BftProcessorExecutor-QBFT-0 | INFO  | QbftBesuControllerBuilder | Imported #319 / 0 tx / 0 pending / 0 (0.0%) gas / (0x70940e8debb00235c4bd39e5fc6e82f5cc6297a55c12eafaa83306f8f8599578)
2026-10-07 17:14:13.225+00:00 | BftProcessorExecutor-QBFT-0 | INFO  | QbftBesuControllerBuilder | Imported #320 / 0 tx / 0 pending / 0 (0.0%) gas / (0x68a175294b2e8a1822fb5717f79c662938c432850c379ec84ce883ef44bd9b47)
2026-10-07 17:14:15.256+00:00 | EthScheduler-Workers-0 | INFO  | PersistBlockTask | Block 321 (0x2d09b23d0307e4d38f695613e3d69ba47b5c4cf5ceac05884e5009bb97d9e98b) is already imported
2026-10-07 17:14:15.256+00:00 | BftProcessorExecutor-QBFT-0 | INFO  | QbftBesuControllerBuilder | Imported #321 / 0 tx / 0 pending / 0 (0.0%) gas / (0x2d09b23d0307e4d38f695613e3d69ba47b5c4cf5ceac05884e5009bb97d9e98b)
2026-10-07 17:14:17.283+00:00 | EthScheduler-Workers-0 | INFO  | PersistBlockTask | Block 322 (0x70bfdf5d8bc30e0f185259a3ace1e28cf41be465d4db68e6563ec5fbd2456932) is already imported
2026-10-07 17:14:17.283+00:00 | BftProcessorExecutor-QBFT-0 | INFO  | QbftBesuControllerBuilder | Imported #322 / 0 tx / 0 pending / 0 (0.0%) gas / (0x70bfdf5d8bc30e0f185259a3ace1e28cf41be465d4db68e6563ec5fbd2456932)
2026-10-07 17:14:19.339+00:00 | EthScheduler-Workers-0 | INFO  | PersistBlockTask | Block 323 (0x4d2268fcd82c7260749701e53815960a5262502cf353061c74ae32c251991b9d) is already imported
2026-10-07 17:14:19.339+00:00 | BftProcessorExecutor-QBFT-0 | INFO  | QbftBesuControllerBuilder | Imported #323 / 0 tx / 0 pending / 0 (0.0%) gas / (0x4d2268fcd82c7260749701e53815960a5262502cf353061c74ae32c251991b9d)
2026-10-07 17:14:21.274+00:00 | BftProcessorExecutor-QBFT-0 | INFO  | QbftBesuControllerBuilder | Imported #324 / 0 tx / 0 pending / 0 (0.0%) gas / (0xf96956f51c501dfd157803a566d0a313b6e21fcef94e8298a1322bfa755ea333)
2026-10-07 17:14:21.277+00:00 | EthScheduler-Workers-0 | INFO  | PersistBlockTask | Block 324 (0xf96956f51c501dfd157803a566d0a313b6e21fcef94e8298a1322bfa755ea333) is already imported
2026-10-07 17:14:23.228+00:00 | EthScheduler-Workers-0 | INFO  | PersistBlockTask | Block 325 (0xca7e93a1dee697ddd24b1fa27341ec025e9849d3572b303a49b9a426299efbf4) is already imported
2026-10-07 17:14:23.228+00:00 | BftProcessorExecutor-QBFT-0 | INFO  | QbftBesuControllerBuilder | Imported #325 / 0 tx / 0 pending / 0 (0.0%) gas / (0xca7e93a1dee697ddd24b1fa27341ec025e9849d3572b303a49b9a426299efbf4)
2026-10-07 17:14:25.266+00:00 | BftProcessorExecutor-QBFT-0 | INFO  | QbftBesuControllerBuilder | Imported #326 / 0 tx / 0 pending / 0 (0.0%) gas / (0xa102ab4c08d78cdeacb18f287f13993c58da324becfad940c9c76664cf045588)
2026-10-07 17:14:25.266+00:00 | EthScheduler-Workers-0 | INFO  | PersistBlockTask | Block 326 (0xa102ab4c08d78cdeacb18f287f13993c58da324becfad940c9c76664cf045588) is already imported
2026-10-07 17:14:27.233+00:00 | BftProcessorExecutor-QBFT-0 | INFO  | QbftBesuControllerBuilder | Imported #327 / 0 tx / 0 pending / 0 (0.0%) gas / (0xce0b9803f9c7a968cbd28725b9f999f7b18ea83b30dbd8bd7891fe09239ae9b8)
2026-10-07 17:14:27.236+00:00 | EthScheduler-Workers-0 | INFO  | PersistBlockTask | Block 327 (0xce0b9803f9c7a968cbd28725b9f999f7b18ea83b30dbd8bd7891fe09239ae9b8) is already imported
2026-10-07 17:14:29.339+00:00 | BftProcessorExecutor-QBFT-0 | INFO  | QbftBesuControllerBuilder | Imported #328 / 0 tx / 0 pending / 0 (0.0%) gas / (0x5606d94e005a2bf48eccdacfb22b5e37fb232f6e3a699c4b1ac701f341082750)
2026-10-07 17:14:31.279+00:00 | EthScheduler-Workers-0 | INFO  | PersistBlockTask | Block 329 (0x6e75dcadb647fba2e269d718023725fc80a20e377a74e5438c95b495ba6f0e1f) is already imported
2026-10-07 17:14:31.279+00:00 | BftProcessorExecutor-QBFT-0 | INFO  | QbftBesuControllerBuilder | Imported #329 / 0 tx / 0 pending / 0 (0.0%) gas / (0x6e75dcadb647fba2e269d718023725fc80a20e377a74e5438c95b495ba6f0e1f)
2026-10-07 17:14:33.236+00:00 | BftProcessorExecutor-QBFT-0 | INFO  | QbftBesuControllerBuilder | Produced #330 / 0 tx / 0 pending / 0 (0.0%) gas / (0x68052860272247cef3c6642e4eb3c235ded73f6e8d9cda2464594903d19b02f2)
2026-10-07 17:14:35.245+00:00 | EthScheduler-Workers-0 | INFO  | PersistBlockTask | Block 331 (0x69aca8f63f3db496450d71a782b47ae2ca00d451a01582623032dd69f1a6290a) is already imported
2026-10-07 17:14:35.245+00:00 | BftProcessorExecutor-QBFT-0 | INFO  | QbftBesuControllerBuilder | Imported #331 / 0 tx / 0 pending / 0 (0.0%) gas / (0x69aca8f63f3db496450d71a782b47ae2ca00d451a01582623032dd69f1a6290a)
2026-10-07 17:14:37.247+00:00 | EthScheduler-Workers-0 | INFO  | PersistBlockTask | Block 332 (0xb3d3bb1750c763d6fe98eb3c9e196b1a9d08790d544388c5702513b1f1ec1738) is already imported
2026-10-07 17:14:37.249+00:00 | BftProcessorExecutor-QBFT-0 | INFO  | QbftBesuControllerBuilder | Imported #332 / 0 tx / 0 pending / 0 (0.0%) gas / (0xb3d3bb1750c763d6fe98eb3c9e196b1a9d08790d544388c5702513b1f1ec1738)
2026-10-07 17:14:39.346+00:00 | BftProcessorExecutor-QBFT-0 | INFO  | QbftBesuControllerBuilder | Imported #333 / 0 tx / 0 pending / 0 (0.0%) gas / (0x091ab052887ee405386131905924c52d41a14cc49500e5d4c09f12f4425e23a5)
2026-10-07 17:14:41.257+00:00 | BftProcessorExecutor-QBFT-0 | INFO  | QbftBesuControllerBuilder | Imported #334 / 0 tx / 0 pending / 0 (0.0%) gas / (0x585f725a61a7612881835f6da38227a3c435848b62e743c184b16c3da9bd2618)
2026-10-07 17:14:43.224+00:00 | EthScheduler-Workers-0 | INFO  | PersistBlockTask | Block 335 (0x1a630be9d6a501991022773fdea9f9b6756a4370cfd204965bdcd602346b1818) is already imported
2026-10-07 17:14:43.224+00:00 | BftProcessorExecutor-QBFT-0 | INFO  | QbftBesuControllerBuilder | Imported #335 / 0 tx / 0 pending / 0 (0.0%) gas / (0x1a630be9d6a501991022773fdea9f9b6756a4370cfd204965bdcd602346b1818)
2026-10-07 17:14:45.267+00:00 | BftProcessorExecutor-QBFT-0 | INFO  | QbftBesuControllerBuilder | Imported #336 / 0 tx / 0 pending / 0 (0.0%) gas / (0x77e6c1a42d0dcb2c24ab94ea7880909b74fbc1e671ed0e0585dc86a0d05249a5)
2026-10-07 17:14:47.288+00:00 | BftProcessorExecutor-QBFT-0 | INFO  | QbftBesuControllerBuilder | Imported #337 / 0 tx / 0 pending / 0 (0.0%) gas / (0x005a588ada67dee0937ad9f405607ac719ea7fef62bf82b3067a20b9b464beba)
2026-10-07 17:14:49.280+00:00 | BftProcessorExecutor-QBFT-0 | INFO  | QbftBesuControllerBuilder | Imported #338 / 4 tx / 102 pending / 614,528 (0.0%) gas / (0x0fecba12e81b947ae4058d6f67f7a4c1567a3264b4d82096da52ebe9d6169730)
2026-10-07 17:14:51.370+00:00 | BftProcessorExecutor-QBFT-0 | INFO  | QbftBesuControllerBuilder | Imported #339 / 34 tx / 474 pending / 5,223,484 (0.0%) gas / (0xcbeeb42bc228de1da699b12ec9c943bf38d6f749699e7be07d077584dbb9fd8a)
2026-10-07 17:14:53.470+00:00 | BftProcessorExecutor-QBFT-0 | INFO  | QbftBesuControllerBuilder | Imported #340 / 34 tx / 440 pending / 5,223,488 (0.0%) gas / (0xa0ffe6f78d6683eb6ce409eca65c4dbed0474897cb7234d1470a9160c6f99260)
2026-10-07 17:14:53.470+00:00 | EthScheduler-Workers-0 | INFO  | PersistBlockTask | Block 340 (0xa0ffe6f78d6683eb6ce409eca65c4dbed0474897cb7234d1470a9160c6f99260) is already imported
2026-10-07 17:14:55.415+00:00 | BftProcessorExecutor-QBFT-0 | INFO  | QbftBesuControllerBuilder | Imported #341 / 34 tx / 406 pending / 5,223,564 (0.0%) gas / (0x244a9cef8103ed9a5687c5eca38640a6c26e92f5b536464a878dfd469fdc4364)
2026-10-07 17:14:57.430+00:00 | BftProcessorExecutor-QBFT-0 | INFO  | QbftBesuControllerBuilder | Imported #342 / 34 tx / 372 pending / 5,223,560 (0.0%) gas / (0x618b8e6598016b505030d3ff223354e4632f566a56efdeda0a9ecc66b8d48bff)
2026-10-07 17:14:59.477+00:00 | EthScheduler-Workers-0 | INFO  | PersistBlockTask | Block 343 (0x9bf9845d81c8a8439bba37cc9667398b07e26a8243acc253d447cf277b8e86e9) is already imported
2026-10-07 17:14:59.477+00:00 | BftProcessorExecutor-QBFT-0 | INFO  | QbftBesuControllerBuilder | Imported #343 / 34 tx / 338 pending / 5,223,684 (0.0%) gas / (0x9bf9845d81c8a8439bba37cc9667398b07e26a8243acc253d447cf277b8e86e9)
2026-10-07 17:15:01.508+00:00 | EthScheduler-Workers-0 | INFO  | PersistBlockTask | Block 344 (0x02fec69421628a5fe85ccaa049436d0191b075eb235291a84d64db22ea29aadb) is already imported
2026-10-07 17:15:01.513+00:00 | BftProcessorExecutor-QBFT-0 | INFO  | QbftBesuControllerBuilder | Imported #344 / 34 tx / 304 pending / 5,223,452 (0.0%) gas / (0x02fec69421628a5fe85ccaa049436d0191b075eb235291a84d64db22ea29aadb)
2026-10-07 17:15:03.338+00:00 | BftProcessorExecutor-QBFT-0 | INFO  | QbftBesuControllerBuilder | Produced #345 / 35 tx / 269 pending / 5,377,210 (0.0%) gas / (0x103a2870c7d23ac0f5fedfe7f8ee9a7b7140d5fc6058fc66da7598335be1c8fe)
2026-10-07 17:15:05.444+00:00 | BftProcessorExecutor-QBFT-0 | INFO  | QbftBesuControllerBuilder | Imported #346 / 35 tx / 234 pending / 5,377,202 (0.0%) gas / (0x0140149a4ec1d12b0c9e86ade485f28c0314c5e24bdc254216ecef23752a1828)
2026-10-07 17:15:07.471+00:00 | BftProcessorExecutor-QBFT-0 | INFO  | QbftBesuControllerBuilder | Imported #347 / 34 tx / 200 pending / 5,223,668 (0.0%) gas / (0xd1a6dfd8a757aad3fd5a0c17678158159eab465f424753179adcfeb75c90027c)
2026-10-07 17:15:09.494+00:00 | EthScheduler-Workers-0 | INFO  | PersistBlockTask | Block 348 (0xd4100012e0f6fb8108d4d6d52d77e83d35e7720351f6732a745363807c0c83ad) is already imported
2026-10-07 17:15:09.494+00:00 | BftProcessorExecutor-QBFT-0 | INFO  | QbftBesuControllerBuilder | Imported #348 / 34 tx / 166 pending / 5,223,616 (0.0%) gas / (0xd4100012e0f6fb8108d4d6d52d77e83d35e7720351f6732a745363807c0c83ad)
2026-10-07 17:15:11.384+00:00 | BftProcessorExecutor-QBFT-0 | INFO  | QbftBesuControllerBuilder | Imported #349 / 34 tx / 132 pending / 5,223,488 (0.0%) gas / (0x3ff919b0908194df0da2f4ea5c36339fbded0da05692a7249fab8ed8b7083be9)
2026-10-07 17:15:13.400+00:00 | EthScheduler-Workers-0 | INFO  | PersistBlockTask | Block 350 (0x1be92d5ce41bd436fe25ecb041e5a8fc2577ec90122bff3b68bcaf484be81abb) is already imported
2026-10-07 17:15:13.401+00:00 | BftProcessorExecutor-QBFT-0 | INFO  | QbftBesuControllerBuilder | Imported #350 / 34 tx / 98 pending / 5,223,440 (0.0%) gas / (0x1be92d5ce41bd436fe25ecb041e5a8fc2577ec90122bff3b68bcaf484be81abb)
2026-10-07 17:15:15.390+00:00 | BftProcessorExecutor-QBFT-0 | INFO  | QbftBesuControllerBuilder | Imported #351 / 34 tx / 64 pending / 5,223,628 (0.0%) gas / (0xd712a2b015cb2785ee042a8c8d17abf44e86cf5f6a51a5a3be48c903c58c926d)
2026-10-07 17:15:15.390+00:00 | EthScheduler-Workers-0 | INFO  | PersistBlockTask | Block 351 (0xd712a2b015cb2785ee042a8c8d17abf44e86cf5f6a51a5a3be48c903c58c926d) is already imported
2026-10-07 17:15:17.481+00:00 | EthScheduler-Workers-0 | INFO  | PersistBlockTask | Block 352 (0x1d80120bc233467e99d9e293231d3362d4f83b311463a9997d6b0133c2b4d771) is already imported
2026-10-07 17:15:17.481+00:00 | BftProcessorExecutor-QBFT-0 | INFO  | QbftBesuControllerBuilder | Imported #352 / 34 tx / 30 pending / 5,223,488 (0.0%) gas / (0x1d80120bc233467e99d9e293231d3362d4f83b311463a9997d6b0133c2b4d771)
2026-10-07 17:15:19.498+00:00 | EthScheduler-Workers-0 | INFO  | PersistBlockTask | Block 353 (0x9dc5c55b5dba03d71d784d430c659751c4edb5dc720bb4b7298ed2ac1be56b32) is already imported
2026-10-07 17:15:19.498+00:00 | BftProcessorExecutor-QBFT-0 | INFO  | QbftBesuControllerBuilder | Imported #353 / 30 tx / 0 pending / 4,608,996 (0.0%) gas / (0x9dc5c55b5dba03d71d784d430c659751c4edb5dc720bb4b7298ed2ac1be56b32)
2026-10-07 17:15:21.280+00:00 | EthScheduler-Workers-0 | INFO  | PersistBlockTask | Block 354 (0x216eb75df0ecb9ed5ca32601a3187301e70fb98f40bdb99f41b36b3e8575e74a) is already imported
2026-10-07 17:15:21.280+00:00 | BftProcessorExecutor-QBFT-0 | INFO  | QbftBesuControllerBuilder | Imported #354 / 0 tx / 0 pending / 0 (0.0%) gas / (0x216eb75df0ecb9ed5ca32601a3187301e70fb98f40bdb99f41b36b3e8575e74a)
2026-10-07 17:15:23.225+00:00 | EthScheduler-Workers-0 | INFO  | PersistBlockTask | Block 355 (0x3d8912d25c19f272a9f67521638700c50e2f8c9c07bbcdd48dc5ff20cb752951) is already imported
2026-10-07 17:15:23.226+00:00 | BftProcessorExecutor-QBFT-0 | INFO  | QbftBesuControllerBuilder | Imported #355 / 0 tx / 0 pending / 0 (0.0%) gas / (0x3d8912d25c19f272a9f67521638700c50e2f8c9c07bbcdd48dc5ff20cb752951)
2026-10-07 17:15:25.240+00:00 | BftProcessorExecutor-QBFT-0 | INFO  | QbftBesuControllerBuilder | Imported #356 / 0 tx / 0 pending / 0 (0.0%) gas / (0x357a960c8f6639fcef8e1ee16e6736853621483467d3bee0b2c256e997d24a51)
2026-10-07 17:15:27.231+00:00 | EthScheduler-Workers-0 | INFO  | PersistBlockTask | Block 357 (0x72b38803066a43544f83881bcb7ae1d4c5a2f14f5879eacd1f2baa33a5dc840b) is already imported
2026-10-07 17:15:27.231+00:00 | BftProcessorExecutor-QBFT-0 | INFO  | QbftBesuControllerBuilder | Imported #357 / 0 tx / 0 pending / 0 (0.0%) gas / (0x72b38803066a43544f83881bcb7ae1d4c5a2f14f5879eacd1f2baa33a5dc840b)
2026-10-07 17:15:29.319+00:00 | EthScheduler-Workers-0 | INFO  | PersistBlockTask | Block 358 (0xbd95241f13fe3ae559bd3fd0473dc9a243aaa17dba9974af137b02d301910f2d) is already imported
2026-10-07 17:15:29.320+00:00 | BftProcessorExecutor-QBFT-0 | INFO  | QbftBesuControllerBuilder | Imported #358 / 0 tx / 0 pending / 0 (0.0%) gas / (0xbd95241f13fe3ae559bd3fd0473dc9a243aaa17dba9974af137b02d301910f2d)
2026-10-07 17:15:31.272+00:00 | BftProcessorExecutor-QBFT-0 | INFO  | QbftBesuControllerBuilder | Imported #359 / 0 tx / 0 pending / 0 (0.0%) gas / (0x709b85ea00afafb2e176cca828135f500450691ca2f6f80ada551ca2bbcdc014)
2026-10-07 17:15:33.210+00:00 | BftProcessorExecutor-QBFT-0 | INFO  | QbftBesuControllerBuilder | Produced #360 / 0 tx / 0 pending / 0 (0.0%) gas / (0xd2720b5ec25764b5da49064ffd5968e97e8b1aee9e9d003661af8bc6cdfb7841)
2026-10-07 17:15:35.241+00:00 | EthScheduler-Workers-0 | INFO  | PersistBlockTask | Block 361 (0xd52df1dd8e4f83135b1abbc1ba670e90d2f9b0d48e56da876240e839579a9cd5) is already imported
2026-10-07 17:15:35.242+00:00 | BftProcessorExecutor-QBFT-0 | INFO  | QbftBesuControllerBuilder | Imported #361 / 0 tx / 0 pending / 0 (0.0%) gas / (0xd52df1dd8e4f83135b1abbc1ba670e90d2f9b0d48e56da876240e839579a9cd5)
2026-10-07 17:15:37.235+00:00 | BftProcessorExecutor-QBFT-0 | INFO  | QbftBesuControllerBuilder | Imported #362 / 0 tx / 0 pending / 0 (0.0%) gas / (0x27e5f25929aead9b7d93ebd99d81d97968a0af76648b4fd4af1ce898acd520ff)
2026-10-07 17:15:39.246+00:00 | BftProcessorExecutor-QBFT-0 | INFO  | QbftBesuControllerBuilder | Imported #363 / 0 tx / 0 pending / 0 (0.0%) gas / (0x09f19544c8c8ca5236308df8f3b7370b7666b1ede28b45713feaca86a2cff97d)
2026-10-07 17:15:39.254+00:00 | EthScheduler-Workers-0 | INFO  | PersistBlockTask | Block 363 (0x09f19544c8c8ca5236308df8f3b7370b7666b1ede28b45713feaca86a2cff97d) is already imported
2026-10-07 17:15:41.261+00:00 | BftProcessorExecutor-QBFT-0 | INFO  | QbftBesuControllerBuilder | Imported #364 / 0 tx / 0 pending / 0 (0.0%) gas / (0xc2b844a41c05bad8a8016af4d7c5a534830a35f82f9fd4da28719738fa1aee85)
2026-10-07 17:15:43.589+00:00 | EthScheduler-Workers-0 | INFO  | PersistBlockTask | Block 365 (0x7d447fa3456869184bb1ded9232524bf0e7c812c69d4128d309d960fe162eed3) is already imported
2026-10-07 17:15:43.590+00:00 | BftProcessorExecutor-QBFT-0 | INFO  | QbftBesuControllerBuilder | Imported #365 / 15 tx / 342 pending / 3,629,550 (0.0%) gas / (0x7d447fa3456869184bb1ded9232524bf0e7c812c69d4128d309d960fe162eed3)
2026-10-07 17:15:46.115+00:00 | BftProcessorExecutor-QBFT-0 | INFO  | QbftBesuControllerBuilder | Imported #366 / 55 tx / 1101 pending / 13,308,350 (0.0%) gas / (0x9bfa55cd8b82fbe36a7096f0b1339e21fbb06c7269f6adefe2914242061b69a8)
2026-10-07 17:15:48.746+00:00 | EthScheduler-Workers-0 | INFO  | PersistBlockTask | Block 367 (0xa8b24fd1f39fdbaf93cffa3ebb99454abb12dc864618903d26313e249e22d418) is already imported
2026-10-07 17:15:48.748+00:00 | BftProcessorExecutor-QBFT-0 | INFO  | QbftBesuControllerBuilder | Imported #367 / 98 tx / 1865 pending / 23,713,060 (0.0%) gas / (0xa8b24fd1f39fdbaf93cffa3ebb99454abb12dc864618903d26313e249e22d418)
2026-10-07 17:15:51.333+00:00 | EthScheduler-Workers-0 | INFO  | PersistBlockTask | Block 368 (0xd6d515876e9a23853c0cdc9405f943491b8b062233e334bf5ff297fae8e4942a) is already imported
2026-10-07 17:15:51.335+00:00 | BftProcessorExecutor-QBFT-0 | INFO  | QbftBesuControllerBuilder | Imported #368 / 141 tx / 2615 pending / 34,117,770 (0.0%) gas / (0xd6d515876e9a23853c0cdc9405f943491b8b062233e334bf5ff297fae8e4942a)
2026-10-07 17:15:54.414+00:00 | BftProcessorExecutor-QBFT-0 | INFO  | QbftBesuControllerBuilder | Imported #369 / 196 tx / 3487 pending / 47,426,120 (0.0%) gas / (0x4eacde909bd8a803b319a34cad54b4993f4e56b500b077e12df167fb0636acfb)
2026-10-07 17:15:58.449+00:00 | EthScheduler-Workers-0 | INFO  | PersistBlockTask | Block 370 (0xce5ec50e80a33bb3f4a1e497496429a32ea4aa9105aded01367e1b28fe818cf5) is already imported
2026-10-07 17:15:58.453+00:00 | BftProcessorExecutor-QBFT-0 | INFO  | QbftBesuControllerBuilder | Imported #370 / 268 tx / 3323 pending / 64,847,960 (0.0%) gas / (0xce5ec50e80a33bb3f4a1e497496429a32ea4aa9105aded01367e1b28fe818cf5)
2026-10-07 17:16:02.662+00:00 | EthScheduler-Workers-0 | INFO  | PersistBlockTask | Block 371 (0xbdda17df55ac1235f052297fa2ca13641b2777e01c0fd1d22b5eff93e6e012fd) is already imported
2026-10-07 17:16:02.666+00:00 | BftProcessorExecutor-QBFT-0 | INFO  | QbftBesuControllerBuilder | Imported #371 / 272 tx / 3051 pending / 65,815,840 (0.0%) gas / (0xbdda17df55ac1235f052297fa2ca13641b2777e01c0fd1d22b5eff93e6e012fd)
2026-10-07 17:16:06.776+00:00 | BftProcessorExecutor-QBFT-0 | INFO  | QbftBesuControllerBuilder | Imported #372 / 272 tx / 2779 pending / 65,815,840 (0.0%) gas / (0xbe16ab6da4987964b427eea92d7247f4c9c1b122448c4d02449ff9b658469b74)
2026-10-07 17:16:11.210+00:00 | EthScheduler-Workers-0 | INFO  | PersistBlockTask | Block 373 (0xd2d4bdb3cde1bce3328e9d9b539741eb10d35bca48a5df3f52c6720918d2c855) is already imported
2026-10-07 17:16:11.214+00:00 | BftProcessorExecutor-QBFT-0 | INFO  | QbftBesuControllerBuilder | Imported #373 / 272 tx / 2507 pending / 65,815,840 (0.0%) gas / (0xd2d4bdb3cde1bce3328e9d9b539741eb10d35bca48a5df3f52c6720918d2c855)
2026-10-07 17:16:15.414+00:00 | EthScheduler-Workers-0 | INFO  | PersistBlockTask | Block 374 (0x713a50452369af8b53cde64d07b78149f9ffc5ad53d95a8def46106f0ccf769b) is already imported
2026-10-07 17:16:15.431+00:00 | BftProcessorExecutor-QBFT-0 | INFO  | QbftBesuControllerBuilder | Imported #374 / 272 tx / 2235 pending / 65,815,840 (0.0%) gas / (0x713a50452369af8b53cde64d07b78149f9ffc5ad53d95a8def46106f0ccf769b)
2026-10-07 17:16:19.581+00:00 | BftProcessorExecutor-QBFT-0 | INFO  | QbftBesuControllerBuilder | Produced #375 / 275 tx / 1960 pending / 66,541,750 (0.0%) gas / (0x1a287868c2255da190261444c9543a942bf2ecdfcead223326c545621f5a7d23)
2026-10-07 17:16:23.866+00:00 | BftProcessorExecutor-QBFT-0 | INFO  | QbftBesuControllerBuilder | Imported #376 / 275 tx / 1685 pending / 66,541,750 (0.0%) gas / (0xc79f70f5610b7ba5d71e49bd618610d2c3d4ad041e95afd534b73029e7541927)
2026-10-07 17:16:28.070+00:00 | EthScheduler-Workers-0 | INFO  | PersistBlockTask | Block 377 (0xbae0f45baae9f3003a45f8798f1b14b8b6b1e5cce3f8775f454c3285fe8b9e95) is already imported
2026-10-07 17:16:28.074+00:00 | BftProcessorExecutor-QBFT-0 | INFO  | QbftBesuControllerBuilder | Imported #377 / 275 tx / 1410 pending / 66,541,750 (0.0%) gas / (0xbae0f45baae9f3003a45f8798f1b14b8b6b1e5cce3f8775f454c3285fe8b9e95)
2026-10-07 17:16:32.539+00:00 | EthScheduler-Workers-0 | INFO  | PersistBlockTask | Block 378 (0x3e1ce2b812c55bd7d9a927b0e1ff85e5b63334a90036f5f0b6c73f6f259c0a41) is already imported
2026-10-07 17:16:32.541+00:00 | BftProcessorExecutor-QBFT-0 | INFO  | QbftBesuControllerBuilder | Imported #378 / 275 tx / 1135 pending / 66,541,750 (0.0%) gas / (0x3e1ce2b812c55bd7d9a927b0e1ff85e5b63334a90036f5f0b6c73f6f259c0a41)
2026-10-07 17:16:36.593+00:00 | BftProcessorExecutor-QBFT-0 | INFO  | QbftBesuControllerBuilder | Imported #379 / 275 tx / 860 pending / 66,541,750 (0.0%) gas / (0xf82e3f7e54858b0d380b79188138122b137c4a05ba68eaf543750b75c5eca24b)
2026-10-07 17:16:40.458+00:00 | BftProcessorExecutor-QBFT-0 | INFO  | QbftBesuControllerBuilder | Imported #380 / 258 tx / 602 pending / 62,428,260 (0.0%) gas / (0x407ed558b997a3e91a95b0f5fdcafb50be523f293df1b84c86d90cc56d780359)
2026-10-07 17:16:43.925+00:00 | EthScheduler-Workers-0 | INFO  | PersistBlockTask | Block 381 (0x2fd275188bf0a307142e97ba4f65e0f79a00697f8c6d3d0f1e05400849e0f5ae) is already imported
2026-10-07 17:16:43.936+00:00 | BftProcessorExecutor-QBFT-0 | INFO  | QbftBesuControllerBuilder | Imported #381 / 217 tx / 385 pending / 52,507,490 (0.0%) gas / (0x2fd275188bf0a307142e97ba4f65e0f79a00697f8c6d3d0f1e05400849e0f5ae)
2026-10-07 17:16:46.538+00:00 | BftProcessorExecutor-QBFT-0 | INFO  | QbftBesuControllerBuilder | Imported #382 / 174 tx / 211 pending / 42,102,780 (0.0%) gas / (0x660f3b158cc4becc8b274887b5e32f71e8879b2fa3ae204ffd18b5e33c9c133d)
2026-10-07 17:16:48.719+00:00 | EthScheduler-Workers-0 | INFO  | PersistBlockTask | Block 383 (0x077caded0ef0a1e478f628261e13829f43e5bf03f52384090969ba1695515414) is already imported
2026-10-07 17:16:48.719+00:00 | BftProcessorExecutor-QBFT-0 | INFO  | QbftBesuControllerBuilder | Imported #383 / 131 tx / 80 pending / 31,698,070 (0.0%) gas / (0x077caded0ef0a1e478f628261e13829f43e5bf03f52384090969ba1695515414)
2026-10-07 17:16:50.350+00:00 | EthScheduler-Workers-0 | INFO  | PersistBlockTask | Block 384 (0xb68e6103feb0bd70eac0563a63211a4312fe9a370b6a41d33a71b321dd2b98f3) is already imported
2026-10-07 17:16:50.350+00:00 | BftProcessorExecutor-QBFT-0 | INFO  | QbftBesuControllerBuilder | Imported #384 / 76 tx / 4 pending / 18,389,720 (0.0%) gas / (0xb68e6103feb0bd70eac0563a63211a4312fe9a370b6a41d33a71b321dd2b98f3)
2026-10-07 17:16:51.350+00:00 | EthScheduler-Workers-0 | INFO  | PersistBlockTask | Block 385 (0x7a8beeefdfc5709de0d33ca5bcc632def15fb245f43ba87ebb99ea426c269405) is already imported
2026-10-07 17:16:51.350+00:00 | BftProcessorExecutor-QBFT-0 | INFO  | QbftBesuControllerBuilder | Imported #385 / 4 tx / 0 pending / 967,880 (0.0%) gas / (0x7a8beeefdfc5709de0d33ca5bcc632def15fb245f43ba87ebb99ea426c269405)
2026-10-07 17:16:53.279+00:00 | BftProcessorExecutor-QBFT-0 | INFO  | QbftBesuControllerBuilder | Imported #386 / 0 tx / 0 pending / 0 (0.0%) gas / (0x61d11b51d84c78d125fa9d2990994b55ebde044c3bc2f23452ee0b1b17f6bdca)
2026-10-07 17:16:55.255+00:00 | BftProcessorExecutor-QBFT-0 | INFO  | QbftBesuControllerBuilder | Imported #387 / 0 tx / 0 pending / 0 (0.0%) gas / (0x93b3ba86e279b25276c747e8088de2fa52549b5aec2574767e66f369564337e9)
2026-10-07 17:16:57.338+00:00 | EthScheduler-Workers-0 | INFO  | PersistBlockTask | Block 388 (0xab7ebb91c73813cb4f4b6259c1ff7a580d1cc4d6188b2531905d3f076898909c) is already imported
2026-10-07 17:16:57.338+00:00 | BftProcessorExecutor-QBFT-0 | INFO  | QbftBesuControllerBuilder | Imported #388 / 0 tx / 0 pending / 0 (0.0%) gas / (0xab7ebb91c73813cb4f4b6259c1ff7a580d1cc4d6188b2531905d3f076898909c)
2026-10-07 17:16:59.279+00:00 | BftProcessorExecutor-QBFT-0 | INFO  | QbftBesuControllerBuilder | Imported #389 / 0 tx / 0 pending / 0 (0.0%) gas / (0xf9bb616889ca6424cac00bd7a636e94f8ef34774ba75c4976701c4048510f69d)
2026-10-07 17:16:59.279+00:00 | EthScheduler-Workers-0 | INFO  | PersistBlockTask | Block 389 (0xf9bb616889ca6424cac00bd7a636e94f8ef34774ba75c4976701c4048510f69d) is already imported
2026-10-07 17:17:01.223+00:00 | EthScheduler-Workers-0 | INFO  | PersistBlockTask | Block 390 (0xff7689114f9ce4acb98ec814cbbbe9dec917239ed8c0a019b228be32fd31d0e8) is already imported
2026-10-07 17:17:01.224+00:00 | BftProcessorExecutor-QBFT-0 | INFO  | QbftBesuControllerBuilder | Produced #390 / 0 tx / 0 pending / 0 (0.0%) gas / (0xff7689114f9ce4acb98ec814cbbbe9dec917239ed8c0a019b228be32fd31d0e8)
2026-10-07 17:17:03.274+00:00 | BftProcessorExecutor-QBFT-0 | INFO  | QbftBesuControllerBuilder | Imported #391 / 0 tx / 0 pending / 0 (0.0%) gas / (0x2376dbe6bea5bca2ec89126c42a8a6a40caae6f0ea0be719454c0e0d9668c326)
2026-10-07 17:17:05.289+00:00 | BftProcessorExecutor-QBFT-0 | INFO  | QbftBesuControllerBuilder | Imported #392 / 0 tx / 0 pending / 0 (0.0%) gas / (0xfda7483dc4140cb1a8844de9005c0c3593ca3c8aa7da13e39f45a06f4a315700)
2026-10-07 17:17:07.255+00:00 | BftProcessorExecutor-QBFT-0 | INFO  | QbftBesuControllerBuilder | Imported #393 / 0 tx / 0 pending / 0 (0.0%) gas / (0x728c3bb520ebfde97a6501eaf4e574feb7e55334828d923b69347c220cbb9137)
2026-10-07 17:17:09.262+00:00 | BftProcessorExecutor-QBFT-0 | INFO  | QbftBesuControllerBuilder | Imported #394 / 0 tx / 0 pending / 0 (0.0%) gas / (0x1c22f2851cf03f37a61f6672354ca91e0f853ab1795fc911362445c163a0b39b)
2026-10-07 17:17:11.218+00:00 | BftProcessorExecutor-QBFT-0 | INFO  | QbftBesuControllerBuilder | Imported #395 / 0 tx / 0 pending / 0 (0.0%) gas / (0x5fbd0aa902fc15010d9478fee0af2d16475ba8f8eec406640510a86ef92dbd3b)
2026-10-07 17:17:13.274+00:00 | BftProcessorExecutor-QBFT-0 | INFO  | QbftBesuControllerBuilder | Imported #396 / 0 tx / 0 pending / 0 (0.0%) gas / (0x7b0b93cc8689a998feec1d24bd2b0e62ef2f655207a52d513315940f02418fef)
2026-10-07 17:17:15.286+00:00 | BftProcessorExecutor-QBFT-0 | INFO  | QbftBesuControllerBuilder | Imported #397 / 0 tx / 0 pending / 0 (0.0%) gas / (0x42dd6db6b806ac3646613b1afbe361ff20b051e1376a73d4453336523e506ee2)
2026-10-07 17:17:15.288+00:00 | EthScheduler-Workers-0 | INFO  | PersistBlockTask | Block 397 (0x42dd6db6b806ac3646613b1afbe361ff20b051e1376a73d4453336523e506ee2) is already imported
2026-10-07 17:17:17.257+00:00 | BftProcessorExecutor-QBFT-0 | INFO  | QbftBesuControllerBuilder | Imported #398 / 0 tx / 0 pending / 0 (0.0%) gas / (0xe0c76b746616d5bcda8d52cc782cc202e7f5206d50fbdfa893752f92f96979f7)
2026-10-07 17:17:19.268+00:00 | BftProcessorExecutor-QBFT-0 | INFO  | QbftBesuControllerBuilder | Imported #399 / 0 tx / 0 pending / 0 (0.0%) gas / (0x9f7cf3adefe508865206b80bad1493db8dfaa6f5e5522ac429debff5c878dfb1)
2026-10-07 17:17:21.223+00:00 | EthScheduler-Workers-0 | INFO  | PersistBlockTask | Block 400 (0x3970299811f02cfc49f2ed24ddd9cbf6f70238b5fe60d4f75f1a5dcc9d140863) is already imported
2026-10-07 17:17:21.223+00:00 | BftProcessorExecutor-QBFT-0 | INFO  | QbftBesuControllerBuilder | Imported #400 / 0 tx / 0 pending / 0 (0.0%) gas / (0x3970299811f02cfc49f2ed24ddd9cbf6f70238b5fe60d4f75f1a5dcc9d140863)
2026-10-07 17:17:23.257+00:00 | BftProcessorExecutor-QBFT-0 | INFO  | QbftBesuControllerBuilder | Imported #401 / 0 tx / 0 pending / 0 (0.0%) gas / (0xda827ac85a50868474ab3f93aa803075067ac5cf1218135f92922bc1e6ae12a6)
2026-10-07 17:17:25.278+00:00 | BftProcessorExecutor-QBFT-0 | INFO  | QbftBesuControllerBuilder | Imported #402 / 0 tx / 0 pending / 0 (0.0%) gas / (0xb0fa1ed1bfcdb95097f04a79858f97a506d168a27e1f0e2e019294a8c6b41cfd)
2026-10-07 17:17:27.341+00:00 | BftProcessorExecutor-QBFT-0 | INFO  | QbftBesuControllerBuilder | Imported #403 / 0 tx / 0 pending / 0 (0.0%) gas / (0x835648a1830bf5c571ccfb47b5478509b06413d46c9bc0f4d50c7f5ea7887ae5)
2026-10-07 17:17:29.274+00:00 | BftProcessorExecutor-QBFT-0 | INFO  | QbftBesuControllerBuilder | Imported #404 / 0 tx / 0 pending / 0 (0.0%) gas / (0xf9ec4126e02d7b98801265826f458a4e51aae7b879ac1eb1f47b9e1e0f207026)
2026-10-07 17:17:31.228+00:00 | BftProcessorExecutor-QBFT-0 | INFO  | QbftBesuControllerBuilder | Produced #405 / 0 tx / 0 pending / 0 (0.0%) gas / (0xe2c56b1faa78de12eb2e3e8a8acc3377cef4ee91f8eb71203c934005289a7273)
2026-10-07 17:17:31.230+00:00 | EthScheduler-Workers-0 | INFO  | PersistBlockTask | Block 405 (0xe2c56b1faa78de12eb2e3e8a8acc3377cef4ee91f8eb71203c934005289a7273) is already imported
2026-10-07 17:17:33.279+00:00 | EthScheduler-Workers-0 | INFO  | PersistBlockTask | Block 406 (0xf86001d775da0565d1d174a1c72f9868882827b224b4ba1b25eaa907ec36d811) is already imported
2026-10-07 17:17:33.279+00:00 | BftProcessorExecutor-QBFT-0 | INFO  | QbftBesuControllerBuilder | Imported #406 / 0 tx / 0 pending / 0 (0.0%) gas / (0xf86001d775da0565d1d174a1c72f9868882827b224b4ba1b25eaa907ec36d811)
2026-10-07 17:17:35.292+00:00 | BftProcessorExecutor-QBFT-0 | INFO  | QbftBesuControllerBuilder | Imported #407 / 0 tx / 0 pending / 0 (0.0%) gas / (0x7070384e9466024f0916bb2c88eac73953a09bc032ed9dd1cd60125801bf1ba8)
2026-10-07 17:17:35.294+00:00 | EthScheduler-Workers-0 | INFO  | PersistBlockTask | Block 407 (0x7070384e9466024f0916bb2c88eac73953a09bc032ed9dd1cd60125801bf1ba8) is already imported
2026-10-07 17:17:37.265+00:00 | BftProcessorExecutor-QBFT-0 | INFO  | QbftBesuControllerBuilder | Imported #408 / 0 tx / 0 pending / 0 (0.0%) gas / (0x767f53cb36bd839b2743ca687aec068e1584d95e5bc113557877f5269de2556e)
2026-10-07 17:17:39.267+00:00 | BftProcessorExecutor-QBFT-0 | INFO  | QbftBesuControllerBuilder | Imported #409 / 0 tx / 0 pending / 0 (0.0%) gas / (0xc78c268a0aac9007897136d63aa29911089bddae660312440248961b56434229)
2026-10-07 17:17:41.227+00:00 | EthScheduler-Workers-0 | INFO  | PersistBlockTask | Block 410 (0x377bc45b1237ffdcdf375558edd3d958b5f91b698063b51779d76d9f972d29b0) is already imported
2026-10-07 17:17:41.228+00:00 | BftProcessorExecutor-QBFT-0 | INFO  | QbftBesuControllerBuilder | Imported #410 / 0 tx / 0 pending / 0 (0.0%) gas / (0x377bc45b1237ffdcdf375558edd3d958b5f91b698063b51779d76d9f972d29b0)
2026-10-07 17:17:43.281+00:00 | BftProcessorExecutor-QBFT-0 | INFO  | QbftBesuControllerBuilder | Imported #411 / 0 tx / 0 pending / 0 (0.0%) gas / (0xe78a9d83471bf7398c7b3d68645917f36130b1366cdec187ff15277d2c3a2712)
2026-10-07 17:17:45.265+00:00 | BftProcessorExecutor-QBFT-0 | INFO  | QbftBesuControllerBuilder | Imported #412 / 0 tx / 0 pending / 0 (0.0%) gas / (0xecdadf9d87ea60a8ee7705c2a65cceae966fbdce9740eb0cdf50d98642f40292)
2026-10-07 17:17:47.339+00:00 | EthScheduler-Workers-0 | INFO  | PersistBlockTask | Block 413 (0xedab21c13a89bddeb04ebe149b54432f0b101b437079cf6c9e92bb2ba14646f5) is already imported
2026-10-07 17:17:47.340+00:00 | BftProcessorExecutor-QBFT-0 | INFO  | QbftBesuControllerBuilder | Imported #413 / 0 tx / 0 pending / 0 (0.0%) gas / (0xedab21c13a89bddeb04ebe149b54432f0b101b437079cf6c9e92bb2ba14646f5)
2026-10-07 17:17:49.262+00:00 | BftProcessorExecutor-QBFT-0 | INFO  | QbftBesuControllerBuilder | Imported #414 / 0 tx / 0 pending / 0 (0.0%) gas / (0x3d8250ba8a86bac2d39ad43b58a548fa30bbb0eabb71dd09b6079b53758556b3)
2026-10-07 17:17:51.300+00:00 | EthScheduler-Workers-0 | INFO  | PersistBlockTask | Block 415 (0x2b2761e31dc819cfe56c5c20b5bb8c5c2e9c91520dfcc213ec671675c8b32729) is already imported
2026-10-07 17:17:51.301+00:00 | BftProcessorExecutor-QBFT-0 | INFO  | QbftBesuControllerBuilder | Imported #415 / 21 tx / 372 pending / 3,226,294 (0.0%) gas / (0x2b2761e31dc819cfe56c5c20b5bb8c5c2e9c91520dfcc213ec671675c8b32729)
2026-10-07 17:17:53.503+00:00 | EthScheduler-Workers-0 | INFO  | PersistBlockTask | Block 416 (0xc0602e22c368091e21984d58dfc981fecd22aad7dd6de4710f65b0d30145a32c) is already imported
2026-10-07 17:17:53.503+00:00 | BftProcessorExecutor-QBFT-0 | INFO  | QbftBesuControllerBuilder | Imported #416 / 34 tx / 457 pending / 5,223,492 (0.0%) gas / (0xc0602e22c368091e21984d58dfc981fecd22aad7dd6de4710f65b0d30145a32c)
2026-10-07 17:17:55.490+00:00 | EthScheduler-Workers-0 | INFO  | PersistBlockTask | Block 417 (0x7581454c2c91a7d7addd663288b66c0f0faefb81a54678d6cf7822dcd39883d4) is already imported
2026-10-07 17:17:55.490+00:00 | BftProcessorExecutor-QBFT-0 | INFO  | QbftBesuControllerBuilder | Imported #417 / 34 tx / 423 pending / 5,223,636 (0.0%) gas / (0x7581454c2c91a7d7addd663288b66c0f0faefb81a54678d6cf7822dcd39883d4)
2026-10-07 17:17:57.462+00:00 | BftProcessorExecutor-QBFT-0 | INFO  | QbftBesuControllerBuilder | Imported #418 / 34 tx / 389 pending / 5,223,572 (0.0%) gas / (0x95dc0b9cedf021546df97e4f51a40f69471a6604ebb611c851ac2f12bb687990)
2026-10-07 17:17:59.471+00:00 | EthScheduler-Workers-0 | INFO  | PersistBlockTask | Block 419 (0xf6f5af9c3ba82e3448eddadc6d71806328934b9288f008be581a2e5134083143) is already imported
2026-10-07 17:17:59.473+00:00 | BftProcessorExecutor-QBFT-0 | INFO  | QbftBesuControllerBuilder | Imported #419 / 34 tx / 355 pending / 5,223,296 (0.0%) gas / (0xf6f5af9c3ba82e3448eddadc6d71806328934b9288f008be581a2e5134083143)
2026-10-07 17:18:01.425+00:00 | EthScheduler-Workers-0 | INFO  | PersistBlockTask | Block 420 (0x75e7a5848ad2f445c286d01d78bc38a0386c2457f36c37c6e7209365816ba2cc) is already imported
2026-10-07 17:18:01.425+00:00 | BftProcessorExecutor-QBFT-0 | INFO  | QbftBesuControllerBuilder | Produced #420 / 35 tx / 320 pending / 5,377,198 (0.0%) gas / (0x75e7a5848ad2f445c286d01d78bc38a0386c2457f36c37c6e7209365816ba2cc)
2026-10-07 17:18:03.442+00:00 | EthScheduler-Workers-0 | INFO  | PersistBlockTask | Block 421 (0xe7bec4a76eb12fdcf5a684df2333721094e2a55a2aa45729e8a1591c7245a446) is already imported
2026-10-07 17:18:03.442+00:00 | BftProcessorExecutor-QBFT-0 | INFO  | QbftBesuControllerBuilder | Imported #421 / 35 tx / 285 pending / 5,377,102 (0.0%) gas / (0xe7bec4a76eb12fdcf5a684df2333721094e2a55a2aa45729e8a1591c7245a446)
2026-10-07 17:18:05.492+00:00 | EthScheduler-Workers-0 | INFO  | PersistBlockTask | Block 422 (0x00ccf1b18a46e3c26678d4f4c6ce4cc38490dd0472a39dd90e94cf48f6c0f879) is already imported
2026-10-07 17:18:05.492+00:00 | BftProcessorExecutor-QBFT-0 | INFO  | QbftBesuControllerBuilder | Imported #422 / 34 tx / 251 pending / 5,223,484 (0.0%) gas / (0x00ccf1b18a46e3c26678d4f4c6ce4cc38490dd0472a39dd90e94cf48f6c0f879)
2026-10-07 17:18:07.504+00:00 | BftProcessorExecutor-QBFT-0 | INFO  | QbftBesuControllerBuilder | Imported #423 / 34 tx / 217 pending / 5,223,428 (0.0%) gas / (0x30b210d978862b337176a4535daf6f9c80022f6e36a27e7f2fa176b507c30ac3)
2026-10-07 17:18:09.558+00:00 | EthScheduler-Workers-0 | INFO  | PersistBlockTask | Block 424 (0xd5d756445eae905f3bb50b5fc43a9d547c39fcfbcdb62cbbc1bf206485a147d1) is already imported
2026-10-07 17:18:09.559+00:00 | BftProcessorExecutor-QBFT-0 | INFO  | QbftBesuControllerBuilder | Imported #424 / 34 tx / 183 pending / 5,223,540 (0.0%) gas / (0xd5d756445eae905f3bb50b5fc43a9d547c39fcfbcdb62cbbc1bf206485a147d1)
2026-10-07 17:18:11.415+00:00 | EthScheduler-Workers-0 | INFO  | PersistBlockTask | Block 425 (0x5d11f79d2e4b486b4d4546769080d7927e9ede357f9817a19795ada2ad9ccf2f) is already imported
2026-10-07 17:18:11.415+00:00 | BftProcessorExecutor-QBFT-0 | INFO  | QbftBesuControllerBuilder | Imported #425 / 34 tx / 149 pending / 5,223,568 (0.0%) gas / (0x5d11f79d2e4b486b4d4546769080d7927e9ede357f9817a19795ada2ad9ccf2f)
2026-10-07 17:18:13.411+00:00 | BftProcessorExecutor-QBFT-0 | INFO  | QbftBesuControllerBuilder | Imported #426 / 34 tx / 115 pending / 5,223,660 (0.0%) gas / (0xa3d4eaf8003bb78bda405bc30f633de02cc5cb52436cf0eeee90397cdc5a335f)
2026-10-07 17:18:15.415+00:00 | BftProcessorExecutor-QBFT-0 | INFO  | QbftBesuControllerBuilder | Imported #427 / 34 tx / 81 pending / 5,223,620 (0.0%) gas / (0x22a927a74bc4aa24c57011551a0ffc92a882a7e0b1801c24f6f0577a5d32960d)
2026-10-07 17:18:17.508+00:00 | EthScheduler-Workers-0 | INFO  | PersistBlockTask | Block 428 (0xa7615708efda22c7c4fd519580a647be1382dc9549b580753ba9a335279a8d1f) is already imported
2026-10-07 17:18:17.508+00:00 | BftProcessorExecutor-QBFT-0 | INFO  | QbftBesuControllerBuilder | Imported #428 / 34 tx / 47 pending / 5,223,672 (0.0%) gas / (0xa7615708efda22c7c4fd519580a647be1382dc9549b580753ba9a335279a8d1f)
2026-10-07 17:18:19.418+00:00 | BftProcessorExecutor-QBFT-0 | INFO  | QbftBesuControllerBuilder | Imported #429 / 34 tx / 13 pending / 5,223,584 (0.0%) gas / (0x8f0cce8f06b93fc92e357892756657b1403afbd51a70fbc9db04c57f915d206b)
2026-10-07 17:18:21.369+00:00 | BftProcessorExecutor-QBFT-0 | INFO  | QbftBesuControllerBuilder | Imported #430 / 13 tx / 0 pending / 1,997,266 (0.0%) gas / (0x50c7a6fa0a11e47ac2103028150b5d4b6f3ea72db09d0a02d2bc5b7e39f19175)
2026-10-07 17:18:21.369+00:00 | EthScheduler-Workers-0 | INFO  | PersistBlockTask | Block 430 (0x50c7a6fa0a11e47ac2103028150b5d4b6f3ea72db09d0a02d2bc5b7e39f19175) is already imported
2026-10-07 17:18:23.286+00:00 | BftProcessorExecutor-QBFT-0 | INFO  | QbftBesuControllerBuilder | Imported #431 / 0 tx / 0 pending / 0 (0.0%) gas / (0xd036358c5981388c862918b8005dbc0dbac921ba4cea8ed298868899621bda80)
2026-10-07 17:18:23.286+00:00 | EthScheduler-Workers-0 | INFO  | PersistBlockTask | Block 431 (0xd036358c5981388c862918b8005dbc0dbac921ba4cea8ed298868899621bda80) is already imported
2026-10-07 17:18:25.242+00:00 | BftProcessorExecutor-QBFT-0 | INFO  | QbftBesuControllerBuilder | Imported #432 / 0 tx / 0 pending / 0 (0.0%) gas / (0x147f39f58172ebe8cc8a77aff8ddb8e5a4cadce2ed0f90f9b42526a853971745)
2026-10-07 17:18:27.337+00:00 | BftProcessorExecutor-QBFT-0 | INFO  | QbftBesuControllerBuilder | Imported #433 / 0 tx / 0 pending / 0 (0.0%) gas / (0xcc8eb7a2b417d06bfe7292d78805ca28ea06f2c2b41406e6033a3e529fc183d3)
2026-10-07 17:18:29.270+00:00 | BftProcessorExecutor-QBFT-0 | INFO  | QbftBesuControllerBuilder | Imported #434 / 0 tx / 0 pending / 0 (0.0%) gas / (0x9b6997771573d88378650538950b8d66a13822ad0bb4aa94a80e07834bf51d56)
2026-10-07 17:18:31.233+00:00 | EthScheduler-Workers-0 | INFO  | PersistBlockTask | Block 435 (0x0edcabcca88ade1139c3183a1dc71f31a8a73d36922fb59382caf13459d199a5) is already imported
2026-10-07 17:18:31.233+00:00 | BftProcessorExecutor-QBFT-0 | INFO  | QbftBesuControllerBuilder | Produced #435 / 0 tx / 0 pending / 0 (0.0%) gas / (0x0edcabcca88ade1139c3183a1dc71f31a8a73d36922fb59382caf13459d199a5)
2026-10-07 17:18:33.230+00:00 | BftProcessorExecutor-QBFT-0 | INFO  | QbftBesuControllerBuilder | Imported #436 / 0 tx / 0 pending / 0 (0.0%) gas / (0x26efb4d34317e71f652184e3aae070c8503d7556e23f25c776bb2e1acec405b9)
2026-10-07 17:18:35.274+00:00 | BftProcessorExecutor-QBFT-0 | INFO  | QbftBesuControllerBuilder | Imported #437 / 0 tx / 0 pending / 0 (0.0%) gas / (0xe6532e42650986cc0f12bf91f7f7e92efe5e563d6259bb60ca1978adb48d4140)
2026-10-07 17:18:37.249+00:00 | BftProcessorExecutor-QBFT-0 | INFO  | QbftBesuControllerBuilder | Imported #438 / 0 tx / 0 pending / 0 (0.0%) gas / (0x12f09bf3143b3dfb638cab5335171ceaa8661caa3d1f5873632247213be4219a)
2026-10-07 17:18:39.274+00:00 | BftProcessorExecutor-QBFT-0 | INFO  | QbftBesuControllerBuilder | Imported #439 / 0 tx / 0 pending / 0 (0.0%) gas / (0xb12bbab84b8e68ede246a81a0d4ead2ced4fd3078dd663aa9c148fb1f69e09e0)
2026-10-07 17:18:41.210+00:00 | BftProcessorExecutor-QBFT-0 | INFO  | QbftBesuControllerBuilder | Imported #440 / 0 tx / 0 pending / 0 (0.0%) gas / (0x372fdcda7f4a14382d95e2fb134c330a1c5152ebf73a4db3a873ff68378b6a41)
2026-10-07 17:18:43.236+00:00 | EthScheduler-Workers-0 | INFO  | PersistBlockTask | Block 441 (0x6421a12f6b603b397577819a5478af715c8b307f781ebb1723c1ac50dcaa83f6) is already imported
2026-10-07 17:18:43.236+00:00 | BftProcessorExecutor-QBFT-0 | INFO  | QbftBesuControllerBuilder | Imported #441 / 0 tx / 0 pending / 0 (0.0%) gas / (0x6421a12f6b603b397577819a5478af715c8b307f781ebb1723c1ac50dcaa83f6)
2026-10-07 17:18:45.278+00:00 | BftProcessorExecutor-QBFT-0 | INFO  | QbftBesuControllerBuilder | Imported #442 / 0 tx / 0 pending / 0 (0.0%) gas / (0x9b1171f37f9958c96c151d97b39e8b64836acbad438f5548ec17e4ae6bf737b2)
2026-10-07 17:18:47.311+00:00 | EthScheduler-Workers-0 | INFO  | PersistBlockTask | Block 443 (0xd7ef0548389ccf0ffbc7f5e3f81ed41851fc4b0bcd76aac6b0750304c6e44de9) is already imported
2026-10-07 17:18:47.311+00:00 | BftProcessorExecutor-QBFT-0 | INFO  | QbftBesuControllerBuilder | Imported #443 / 0 tx / 0 pending / 0 (0.0%) gas / (0xd7ef0548389ccf0ffbc7f5e3f81ed41851fc4b0bcd76aac6b0750304c6e44de9)
2026-10-07 17:18:49.258+00:00 | EthScheduler-Workers-0 | INFO  | PersistBlockTask | Block 444 (0x579a6aa9c9ee3e363bfb6e3dec82991dbadbb1c165e6d5f83f02323a01fa9a1a) is already imported
2026-10-07 17:18:49.258+00:00 | BftProcessorExecutor-QBFT-0 | INFO  | QbftBesuControllerBuilder | Imported #444 / 0 tx / 0 pending / 0 (0.0%) gas / (0x579a6aa9c9ee3e363bfb6e3dec82991dbadbb1c165e6d5f83f02323a01fa9a1a)
2026-10-07 17:18:51.211+00:00 | BftProcessorExecutor-QBFT-0 | INFO  | QbftBesuControllerBuilder | Imported #445 / 0 tx / 0 pending / 0 (0.0%) gas / (0xfbcc4a2e9b4239893b2623ee1fb74b2a0aa44aed6cdd9654007bd3da15ebd727)
2026-10-07 17:18:51.212+00:00 | EthScheduler-Workers-0 | INFO  | PersistBlockTask | Block 445 (0xfbcc4a2e9b4239893b2623ee1fb74b2a0aa44aed6cdd9654007bd3da15ebd727) is already imported
2026-10-07 17:18:53.246+00:00 | BftProcessorExecutor-QBFT-0 | INFO  | QbftBesuControllerBuilder | Imported #446 / 0 tx / 0 pending / 0 (0.0%) gas / (0x6757a0479bceb523542f1e8396aea953bfec3d4ec3a17124b9936c85d4187bd6)
