Setting logging level to INFO
2026-10-07 12:14:28.664+00:00 | main | INFO  | Besu | Starting Besu
2026-10-07 12:14:29.045+00:00 | main | WARN  | Besu | --graphql-http-host has been ignored because --graphql-http-enabled was not defined on the command line.
2026-10-07 12:14:29.155+00:00 | main | INFO  | Besu | Connecting to 0 static nodes.
2026-10-07 12:14:29.159+00:00 | main | INFO  | Besu | Forcing price bump for transaction replacement to 0, since min-gas-price is set to 0
2026-10-07 12:14:29.160+00:00 | main | WARN  | Besu | Forcing tx-pool-min-gas-price=0, since it cannot be greater than the value of min-gas-price
2026-10-07 12:14:29.589+00:00 | main | INFO  | Besu | 
####################################################################################################
#                                                                                                  #
# Besu version 24.7.0                                                                              #
#                                                                                                  #
# Configuration:                                                                                   #
# Network: Custom genesis file                                                                     #
# /config/genesis.json                                                                             #
# Network Id: 1337                                                                                 #
# Data storage: Bonsai                                                                             #
# Sync mode: Full                                                                                  #
# RPC HTTP APIs: ETH,QBFT,NET,ADMIN,WEB3                                                           #
# RPC HTTP port: 8545                                                                              #
# Using LAYERED transaction pool implementation                                                    #
# Using STACKED worldstate update mode                                                             #
# Limit trie logs enabled: retention: 512; prune window: 30000                                     #
#                                                                                                  #
# Host:                                                                                            #
# Java: openjdk-java-21                                                                            #
# Maximum heap size: 29.50 GB                                                                      #
# OS: linux-x86_64                                                                                 #
# glibc: 2.39                                                                                      #
# jemalloc: 5.3.0-0-g54eaed1d8b56b1aa528be3bdd1877e59c56fa90c                                      #
# Total memory: 1007.68 GB                                                                         #
# CPU cores: 256                                                                                   #
#                                                                                                  #
# Plugin Registration Summary:                                                                     #
# No plugins have been registered.                                                                 #
# TOTAL = 0 of 0 plugins successfully registered.                                                  #
#                                                                                                  #
####################################################################################################
2026-10-07 12:14:29.590+00:00 | main | INFO  | Besu | Security Module: localfile
2026-10-07 12:14:29.593+00:00 | main | INFO  | VersionMetadata | Lookup version metadata file in data directory: /data
2026-10-07 12:14:29.593+00:00 | main | INFO  | VersionMetadata | No version data detected. Writing Besu version 24.7.0 to metadata file
2026-10-07 12:14:29.709+00:00 | main | INFO  | Besu | Using the native implementation of alt bn128
2026-10-07 12:14:29.793+00:00 | main | INFO  | Besu | Using the native implementation of modexp
2026-10-07 12:14:29.793+00:00 | main | INFO  | Besu | Using the native implementation of the signature algorithm
2026-10-07 12:14:29.801+00:00 | main | INFO  | Besu | Using the native implementation of the blake2bf algorithm
2026-10-07 12:14:29.906+00:00 | main | INFO  | Besu | Forcing price bump for transaction replacement to 0, since min-gas-price is set to 0
2026-10-07 12:14:29.907+00:00 | main | WARN  | Besu | Forcing tx-pool-min-gas-price=0, since it cannot be greater than the value of min-gas-price
2026-10-07 12:14:29.909+00:00 | main | INFO  | KeyPairUtil | Attempting to load public key from /data/key.priv
2026-10-07 12:14:29.939+00:00 | main | INFO  | KeyPairUtil | Loaded public key 0xd98d7f63175e2e4f5d2156a9ae082912ea68cff94630f33e713f5c6162e8bf3f69edc867fa8a4d17e8fd4980330deb5e3e0e74472049e1d8e22f039d42405022 from /data/key.priv
2026-10-07 12:14:30.139+00:00 | main | INFO  | ProtocolScheduleBuilder | Protocol schedule created with milestones: [Berlin:0]
2026-10-07 12:14:30.144+00:00 | main | INFO  | RocksDBKeyValueStorageFactory | No existing database at /data. Using default metadata for new db versionedStorageFormat=BaseVersionedStorageFormat{format=BONSAI, version=2}
2026-10-07 12:14:30.501+00:00 | main | INFO  | FlatDbStrategyProvider | Bonsai flat db mode found FULL
2026-10-07 12:14:30.506+00:00 | main | INFO  | FlatDbStrategyProvider | Bonsai db mode with code stored using code hash enabled = true
2026-10-07 12:14:30.518+00:00 | main | INFO  | FlatDbStrategyProvider | Bonsai flat db mode found FULL
2026-10-07 12:14:30.521+00:00 | main | INFO  | FlatDbStrategyProvider | Bonsai db mode with code stored using code hash enabled = true
2026-10-07 12:14:31.007+00:00 | main | INFO  | TransactionPoolFactory | Enabling transaction pool
2026-10-07 12:14:31.024+00:00 | main | INFO  | BesuControllerBuilder | TTD difficulty is not present, creating initial sync phase for PoW
2026-10-07 12:14:31.062+00:00 | main | INFO  | TrieLogPruner | Loading first 30000 trie logs from database...
2026-10-07 12:14:31.064+00:00 | main | INFO  | TrieLogPruner | Loaded 1 trie logs from database
2026-10-07 12:14:31.071+00:00 | main | INFO  | RunnerBuilder | Resolved 3 bootnodes.
2026-10-07 12:14:31.080+00:00 | main | INFO  | RunnerBuilder | Detecting NAT service.
2026-10-07 12:14:31.284+00:00 | main | INFO  | Runner | Starting external services ... 
2026-10-07 12:14:31.285+00:00 | main | INFO  | JsonRpcHttpService | Starting JSON-RPC service on 0.0.0.0:8545
2026-10-07 12:14:31.408+00:00 | vert.x-eventloop-thread-1 | INFO  | JsonRpcHttpService | JSON-RPC service started and listening on 0.0.0.0:8545
2026-10-07 12:14:31.415+00:00 | main | INFO  | WebSocketService | Starting Websocket service on 0.0.0.0:8546
2026-10-07 12:14:31.418+00:00 | vert.x-eventloop-thread-1 | INFO  | WebSocketService | Websocket service started and listening on 0.0.0.0:8546
2026-10-07 12:14:31.424+00:00 | main | INFO  | AutoTransactionLogBloomCachingService | Starting auto transaction log bloom caching service.
2026-10-07 12:14:31.425+00:00 | main | INFO  | LogBloomCacheMetadata | Lookup cache metadata file in data directory: /data/caches
2026-10-07 12:14:31.434+00:00 | main | INFO  | Runner | Starting Ethereum main loop ... 
2026-10-07 12:14:31.434+00:00 | main | INFO  | NatService | No NAT environment detected so no service could be started
2026-10-07 12:14:31.435+00:00 | main | INFO  | NetworkRunner | Starting Network.
2026-10-07 12:14:31.446+00:00 | nioEventLoopGroup-2-1 | INFO  | RlpxAgent | P2P RLPx agent started and listening on /[0:0:0:0:0:0:0:0]:30303.
2026-10-07 12:14:31.447+00:00 | main | INFO  | PeerDiscoveryAgent | Starting peer discovery agent on host=0.0.0.0, port=30303. IPv6 available.
2026-10-07 12:14:31.458+00:00 | vert.x-eventloop-thread-1 | INFO  | VertxPeerDiscoveryAgent | Started peer discovery agent successfully, on effective host=0:0:0:0:0:0:0:0%0 and port=30303
2026-10-07 12:14:31.459+00:00 | vert.x-eventloop-thread-1 | INFO  | PeerDiscoveryAgent | P2P peer discovery agent started and listening on /[0:0:0:0:0:0:0:0%0]:30303
2026-10-07 12:14:31.506+00:00 | vert.x-eventloop-thread-1 | INFO  | PeerDiscoveryAgent | Writing node record to disk. NodeRecord{seq=1, publicKey=0x02d98d7f63175e2e4f5d2156a9ae082912ea68cff94630f33e713f5c6162e8bf3f, udpAddress=Optional[/0.0.0.0:30303], tcpAddress=Optional[/0.0.0.0:30303], asBase64=-Je4QFU8-buBvx9rvsF8TXmzJiClwxTsxPIoqeFDm4FxvGSBfxqBsCC8u-63CaF4T7-miwoWJTU5JJU54g2KvBQqpksBg2V0aMfGhGmi3DGAgmlkgnY0gmlwhAAAAACJc2VjcDI1NmsxoQLZjX9jF14uT10hVqmuCCkS6mjP-UYw8z5xP1xhYui_P4N0Y3CCdl-DdWRwgnZf, nodeId=0xdd0906be7f52ccafa9f0515f710c516d27fff112534344d03311bbd82d85c642, customFields={tcp=30303, udp=30303, ip=0x00000000, eth=[[0x69a2dc31, 0x]], id=V4, secp256k1=0x02d98d7f63175e2e4f5d2156a9ae082912ea68cff94630f33e713f5c6162e8bf3f}}
2026-10-07 12:14:31.533+00:00 | main | INFO  | DefaultP2PNetwork | Enode URL enode://d98d7f63175e2e4f5d2156a9ae082912ea68cff94630f33e713f5c6162e8bf3f69edc867fa8a4d17e8fd4980330deb5e3e0e74472049e1d8e22f039d42405022@0.0.0.0:30303
2026-10-07 12:14:31.533+00:00 | main | INFO  | DefaultP2PNetwork | Node address 0x710c516d27fff112534344d03311bbd82d85c642
2026-10-07 12:14:31.559+00:00 | main | INFO  | NetworkRunner | Supported capabilities: [eth/62, eth/63, eth/64, eth/65, eth/66, eth/67, eth/68], [istanbul/100], [snap/1]
2026-10-07 12:14:31.559+00:00 | main | INFO  | DefaultSynchronizer | Starting synchronizer.
2026-10-07 12:14:31.561+00:00 | main | INFO  | TransactionPoolFactory | Enabling transaction handling following initial sync
2026-10-07 12:14:31.561+00:00 | main | INFO  | QbftBesuControllerBuilder | Starting QBFT mining coordinator following initial sync
2026-10-07 12:14:31.570+00:00 | main | INFO  | FullSyncDownloader | Starting full sync.
2026-10-07 12:14:31.571+00:00 | main | INFO  | FullSyncTargetManager | Unable to find sync target. Currently checking 0 peers for usefulness
2026-10-07 12:14:31.578+00:00 | main | INFO  | Runner | Ethereum main loop is up.
2026-10-07 12:14:31.807+00:00 | nioEventLoopGroup-3-3 | INFO  | FullSyncTargetManager | Unable to find sync target. Currently checking 6 peers for usefulness
2026-10-07 12:14:35.299+00:00 | nioEventLoopGroup-3-3 | INFO  | FullSyncTargetManager | Unable to find sync target. Currently checking 7 peers for usefulness
2026-10-07 12:14:35.542+00:00 | nioEventLoopGroup-3-5 | INFO  | FullSyncTargetManager | Unable to find sync target. Currently checking 8 peers for usefulness
2026-10-07 12:14:39.322+00:00 | nioEventLoopGroup-3-8 | INFO  | FullSyncTargetManager | Unable to find sync target. Currently checking 9 peers for usefulness
2026-10-07 12:14:39.442+00:00 | nioEventLoopGroup-3-9 | INFO  | FullSyncTargetManager | Unable to find sync target. Currently checking 10 peers for usefulness
2026-10-07 12:14:41.417+00:00 | nioEventLoopGroup-3-1 | INFO  | FullSyncTargetManager | Unable to find sync target. Currently checking 11 peers for usefulness
2026-10-07 12:14:45.040+00:00 | nioEventLoopGroup-3-3 | INFO  | FullSyncTargetManager | Unable to find sync target. Currently checking 12 peers for usefulness
2026-10-07 12:14:47.353+00:00 | BftProcessorExecutor-QBFT-0 | INFO  | QbftRound | Importing proposed block to chain. round=ConsensusRoundIdentifier{Sequence=1, Round=1}, hash=0x71d79fe0c452689c6829d7f664062b78f3cc7c688c7e136706e72efa9011a18e
2026-10-07 12:14:47.376+00:00 | BftProcessorExecutor-QBFT-0 | INFO  | QbftBesuControllerBuilder | Imported #1 / 0 tx / 0 pending / 0 (0.0%) gas / (0x71d79fe0c452689c6829d7f664062b78f3cc7c688c7e136706e72efa9011a18e)
2026-10-07 12:14:47.525+00:00 | nioEventLoopGroup-3-6 | INFO  | FullSyncTargetManager | Unable to find sync target. Currently checking 13 peers for usefulness
2026-10-07 12:14:49.174+00:00 | EthScheduler-Workers-0 | INFO  | PersistBlockTask | Imported #2 / 0 tx / 0 om / 0 (0.0%) gas / (0x546d7dcb5bdd486b347b0c165841ba18aa19e5d60e4fb13700bc551a4413d4d0) in 0.004s. Peers: 14
2026-10-07 12:14:51.201+00:00 | BftProcessorExecutor-QBFT-0 | INFO  | QbftBesuControllerBuilder | Imported #3 / 0 tx / 0 pending / 0 (0.0%) gas / (0xbc8771d6f67b3bf3483f1ae15e872d21aaaa3be1cec604eaf748d9a6b3e90b3b)
2026-10-07 12:14:53.146+00:00 | BftProcessorExecutor-QBFT-0 | INFO  | QbftBesuControllerBuilder | Imported #4 / 0 tx / 0 pending / 0 (0.0%) gas / (0x50c6ff9a900f54697e543a8ad3f33b4e493a56a4736d514238ea8e7f0cd117da)
2026-10-07 12:14:55.181+00:00 | EthScheduler-Workers-0 | INFO  | PersistBlockTask | Imported #5 / 0 tx / 0 om / 0 (0.0%) gas / (0xcbeaca3ea34b8922217bd32790c331c5b7e440024b22b0444ee234bc6434030f) in 0.004s. Peers: 14
2026-10-07 12:14:57.163+00:00 | EthScheduler-Workers-0 | INFO  | PersistBlockTask | Imported #6 / 0 tx / 0 om / 0 (0.0%) gas / (0xab3c831c82f1d353c1db4d41013459c146edc4036b2aa0c47b3e00ce1aa67567) in 0.003s. Peers: 14
2026-10-07 12:14:59.173+00:00 | EthScheduler-Workers-0 | INFO  | PersistBlockTask | Imported #7 / 0 tx / 0 om / 0 (0.0%) gas / (0x9cae1e72575a6159cf082cfeca891a786ddd82241a08c1ec46fdc9c45a1518db) in 0.003s. Peers: 14
2026-10-07 12:15:01.161+00:00 | BftProcessorExecutor-QBFT-0 | INFO  | QbftBesuControllerBuilder | Imported #8 / 0 tx / 1 pending / 0 (0.0%) gas / (0x8eb6f84da88f23746a11ceb9b389ef9796ca4ad2b6d5f0addc6ddea03c4bc367)
2026-10-07 12:15:03.137+00:00 | BftProcessorExecutor-QBFT-0 | INFO  | QbftBesuControllerBuilder | Imported #9 / 0 tx / 1 pending / 0 (0.0%) gas / (0x7866041965db5fbc8d6a245321c5f20b46f5bfc92cb4bcbfb48c9a41818c1a67)
2026-10-07 12:15:03.138+00:00 | EthScheduler-Workers-0 | INFO  | PersistBlockTask | Block 9 (0x7866041965db5fbc8d6a245321c5f20b46f5bfc92cb4bcbfb48c9a41818c1a67) is already imported
2026-10-07 12:15:05.167+00:00 | EthScheduler-Workers-0 | INFO  | PersistBlockTask | Block 10 (0xcd25c5110eee9ecf6217bf78fa6c0963519e68bddd9a642eddf66b1b2b970b9c) is already imported
2026-10-07 12:15:05.168+00:00 | BftProcessorExecutor-QBFT-0 | INFO  | QbftBesuControllerBuilder | Imported #10 / 0 tx / 1 pending / 0 (0.0%) gas / (0xcd25c5110eee9ecf6217bf78fa6c0963519e68bddd9a642eddf66b1b2b970b9c)
2026-10-07 12:15:07.172+00:00 | BftProcessorExecutor-QBFT-0 | INFO  | QbftBesuControllerBuilder | Imported #11 / 0 tx / 1 pending / 0 (0.0%) gas / (0xb586367519d9f3799dab81c711fa7cda14a9af4486ba309869f1729d064c93fd)
2026-10-07 12:15:09.199+00:00 | EthScheduler-Workers-0 | INFO  | PersistBlockTask | Imported #12 / 0 tx / 0 om / 0 (0.0%) gas / (0xd4bbe69258d2b53239a78b665595ad80733115218a8661ea9fb03fb7fb7a41b3) in 0.002s. Peers: 14
2026-10-07 12:15:09.203+00:00 | BftProcessorExecutor-QBFT-0 | INFO  | QbftBesuControllerBuilder | Imported #12 / 0 tx / 1 pending / 0 (0.0%) gas / (0xd4bbe69258d2b53239a78b665595ad80733115218a8661ea9fb03fb7fb7a41b3)
2026-10-07 12:15:11.163+00:00 | BftProcessorExecutor-QBFT-0 | INFO  | QbftBesuControllerBuilder | Imported #13 / 0 tx / 1 pending / 0 (0.0%) gas / (0x08d57f3f50e903c45a3d61721aaff5ef0628c2cf52e5980b753031e5f57fa3b2)
2026-10-07 12:15:13.134+00:00 | BftProcessorExecutor-QBFT-0 | INFO  | QbftBesuControllerBuilder | Imported #14 / 0 tx / 1 pending / 0 (0.0%) gas / (0x1d7f0aea91ac0f4c8243dc628b9375b9d7ca5194f00041e1f240db70495238b3)
2026-10-07 12:15:15.198+00:00 | BftProcessorExecutor-QBFT-0 | INFO  | QbftBesuControllerBuilder | Imported #15 / 1 tx / 0 pending / 465,218 (0.0%) gas / (0x31c9e37d872f93a6f8ff9d08705b874c254b8cf20f760824311a2a16d8ae63f0)
2026-10-07 12:15:17.081+00:00 | BftProcessorExecutor-QBFT-0 | INFO  | QbftBesuControllerBuilder | Imported #16 / 0 tx / 1 pending / 0 (0.0%) gas / (0xda57cee1cc8998f656ee9144e44bc8013fa5dd369d5e72ec16f9705ab6a95ce8)
2026-10-07 12:15:19.093+00:00 | EthScheduler-Workers-0 | INFO  | PersistBlockTask | Block 17 (0xc5d1e556750967181d7c6679b3e3320696e3ac7f6971427d296b267f61b8f7c5) is already imported
2026-10-07 12:15:19.093+00:00 | BftProcessorExecutor-QBFT-0 | INFO  | QbftBesuControllerBuilder | Imported #17 / 0 tx / 1 pending / 0 (0.0%) gas / (0xc5d1e556750967181d7c6679b3e3320696e3ac7f6971427d296b267f61b8f7c5)
2026-10-07 12:15:21.071+00:00 | BftProcessorExecutor-QBFT-0 | INFO  | QbftBesuControllerBuilder | Imported #18 / 0 tx / 1 pending / 0 (0.0%) gas / (0xcd22de920b0c12739d90a84e17cebf6cc1bd2411910de0ba47ff9d1f8e62ecaf)
2026-10-07 12:15:23.101+00:00 | BftProcessorExecutor-QBFT-0 | INFO  | QbftBesuControllerBuilder | Imported #19 / 0 tx / 1 pending / 0 (0.0%) gas / (0x3522a5913f4a236482f8a9cc28f747d86fd13b635e336dfff660e01138f80ed2)
2026-10-07 12:15:25.074+00:00 | BftProcessorExecutor-QBFT-0 | INFO  | QbftBesuControllerBuilder | Imported #20 / 0 tx / 1 pending / 0 (0.0%) gas / (0xeaf7e29969e31aeec411efbb763522af814965425e6615ee0a56b510540cff63)
2026-10-07 12:15:27.092+00:00 | BftProcessorExecutor-QBFT-0 | INFO  | QbftBesuControllerBuilder | Produced #21 / 0 tx / 1 pending / 0 (0.0%) gas / (0xe0c59ee8e3c9b30def05ce1912acf85c8d9a672198eb1d4728ae2e5b415fc92a)
2026-10-07 12:15:27.092+00:00 | EthScheduler-Workers-0 | INFO  | PersistBlockTask | Block 21 (0xe0c59ee8e3c9b30def05ce1912acf85c8d9a672198eb1d4728ae2e5b415fc92a) is already imported
2026-10-07 12:15:29.087+00:00 | BftProcessorExecutor-QBFT-0 | INFO  | QbftBesuControllerBuilder | Imported #22 / 0 tx / 1 pending / 0 (0.0%) gas / (0x0c55ab7e760f52630a551106fca1fee58c4cc3923c687f58e1413808ac06e124)
2026-10-07 12:15:31.109+00:00 | BftProcessorExecutor-QBFT-0 | INFO  | QbftBesuControllerBuilder | Imported #23 / 0 tx / 1 pending / 0 (0.0%) gas / (0xd179f24b60dc72244f5c099b7bd789d90a8d11938192afac16e551f6d78965e9)
2026-10-07 12:15:33.082+00:00 | BftProcessorExecutor-QBFT-0 | INFO  | QbftBesuControllerBuilder | Imported #24 / 0 tx / 1 pending / 0 (0.0%) gas / (0xd5e547a74bf9bdc6acef75df56c9da3c080ae91186e6e1257828230b28bced8c)
2026-10-07 12:15:35.083+00:00 | EthScheduler-Workers-0 | INFO  | PersistBlockTask | Block 25 (0x181a780d59fdb3bc4d176f3995e2abfb19433ba338a141f740acc5fdebea344b) is already imported
2026-10-07 12:15:35.084+00:00 | BftProcessorExecutor-QBFT-0 | INFO  | QbftBesuControllerBuilder | Imported #25 / 0 tx / 1 pending / 0 (0.0%) gas / (0x181a780d59fdb3bc4d176f3995e2abfb19433ba338a141f740acc5fdebea344b)
2026-10-07 12:15:37.086+00:00 | BftProcessorExecutor-QBFT-0 | INFO  | QbftBesuControllerBuilder | Imported #26 / 0 tx / 1 pending / 0 (0.0%) gas / (0x21e79804cb072ca3a0635a18a2ef17158f15c0b5c845c88f9c0daa23c1cf4a12)
2026-10-07 12:15:39.071+00:00 | BftProcessorExecutor-QBFT-0 | INFO  | QbftBesuControllerBuilder | Imported #27 / 0 tx / 1 pending / 0 (0.0%) gas / (0x1826a801a27c78d13eb62c45627d9697c39b629d5b1ab8110f43386e61afee4e)
2026-10-07 12:15:41.076+00:00 | BftProcessorExecutor-QBFT-0 | INFO  | QbftBesuControllerBuilder | Imported #28 / 0 tx / 1 pending / 0 (0.0%) gas / (0x7f74e3f47e42351c00ae42c8d2c0b03372f3144fc6fbf5ae551d5984dd4d4be5)
2026-10-07 12:15:43.082+00:00 | BftProcessorExecutor-QBFT-0 | INFO  | QbftBesuControllerBuilder | Imported #29 / 0 tx / 1 pending / 0 (0.0%) gas / (0x7bf6e5e2e4a7da864dc8560a70f84a68ff4c54369bd2692fc7697925ebdc3823)
2026-10-07 12:15:45.172+00:00 | BftProcessorExecutor-QBFT-0 | INFO  | QbftBesuControllerBuilder | Imported #30 / 1 tx / 0 pending / 1,832,981 (0.0%) gas / (0x7dc60f82d54fe03d105077f2af12af10d004adf7712401569a1dcfa4a9280c84)
2026-10-07 12:15:47.057+00:00 | BftProcessorExecutor-QBFT-0 | INFO  | QbftBesuControllerBuilder | Imported #31 / 0 tx / 0 pending / 0 (0.0%) gas / (0x9909e39812e3bcfc14c6ce7a96c0b54bda69580d7931c4273beb59c803b0cd5b)
2026-10-07 12:15:49.080+00:00 | BftProcessorExecutor-QBFT-0 | INFO  | QbftBesuControllerBuilder | Imported #32 / 0 tx / 0 pending / 0 (0.0%) gas / (0x45cfa38894095fed3e65ef1d5d7183e901807da4ba84e684060e58bafb6c5820)
2026-10-07 12:15:51.115+00:00 | EthScheduler-Workers-0 | INFO  | PersistBlockTask | Block 33 (0xb90a57faa2a6c11fec796a37806f16261773854bfa10c2c1faeb3a7155d6970c) is already imported
2026-10-07 12:15:51.115+00:00 | BftProcessorExecutor-QBFT-0 | INFO  | QbftBesuControllerBuilder | Imported #33 / 0 tx / 0 pending / 0 (0.0%) gas / (0xb90a57faa2a6c11fec796a37806f16261773854bfa10c2c1faeb3a7155d6970c)
2026-10-07 12:15:53.101+00:00 | BftProcessorExecutor-QBFT-0 | INFO  | QbftBesuControllerBuilder | Imported #34 / 0 tx / 0 pending / 0 (0.0%) gas / (0x9aa31eaca33591bbb910146a045c8166bd24f2d7b25af55c44ef1c2646372c2f)
2026-10-07 12:15:55.104+00:00 | BftProcessorExecutor-QBFT-0 | INFO  | QbftBesuControllerBuilder | Imported #35 / 0 tx / 0 pending / 0 (0.0%) gas / (0xc86c1b27e8f9816b950f134ec244be858cfe68a1d8fc61359666fd3b6032eddb)
2026-10-07 12:15:57.102+00:00 | BftProcessorExecutor-QBFT-0 | INFO  | QbftBesuControllerBuilder | Produced #36 / 0 tx / 0 pending / 0 (0.0%) gas / (0xeef074aee7c9bd1f0f159f2ae6096b1f0d2b7fa12dc08fd76c532b27547a45a3)
2026-10-07 12:15:59.112+00:00 | BftProcessorExecutor-QBFT-0 | INFO  | QbftBesuControllerBuilder | Imported #37 / 0 tx / 0 pending / 0 (0.0%) gas / (0x1293a41eea6855c975a26ffe365a9a5b5b88cffafbc9a85deb0893dbb54f1571)
2026-10-07 12:16:01.111+00:00 | BftProcessorExecutor-QBFT-0 | INFO  | QbftBesuControllerBuilder | Imported #38 / 0 tx / 0 pending / 0 (0.0%) gas / (0xa152bfbf46bd3a00cef32c3c4c722ee110116771471b64f4e0e2b7a904912736)
2026-10-07 12:16:03.098+00:00 | BftProcessorExecutor-QBFT-0 | INFO  | QbftBesuControllerBuilder | Imported #39 / 0 tx / 0 pending / 0 (0.0%) gas / (0xc69e3d10869f36ef1b203424e78e1dd976e00d2d6fddc4fade666ca5d0a8fa9e)
2026-10-07 12:16:05.109+00:00 | BftProcessorExecutor-QBFT-0 | INFO  | QbftBesuControllerBuilder | Imported #40 / 0 tx / 0 pending / 0 (0.0%) gas / (0x9925e59eb746b62775bab912ba6034275d0d70d2c14af6e8889bc581d5e9a735)
2026-10-07 12:16:07.100+00:00 | EthScheduler-Workers-0 | INFO  | PersistBlockTask | Block 41 (0x218fc07373fc0da60c72bd9ec1a646ceba4184750b109aff2aeb8d29020a4d5d) is already imported
2026-10-07 12:16:07.100+00:00 | BftProcessorExecutor-QBFT-0 | INFO  | QbftBesuControllerBuilder | Imported #41 / 0 tx / 0 pending / 0 (0.0%) gas / (0x218fc07373fc0da60c72bd9ec1a646ceba4184750b109aff2aeb8d29020a4d5d)
2026-10-07 12:16:09.104+00:00 | BftProcessorExecutor-QBFT-0 | INFO  | QbftBesuControllerBuilder | Imported #42 / 0 tx / 0 pending / 0 (0.0%) gas / (0x4626d42efeef2f79a3151ac75172640d3e60e3c39b7abeb2b4ecd5f66d4bc292)
2026-10-07 12:16:11.097+00:00 | BftProcessorExecutor-QBFT-0 | INFO  | QbftBesuControllerBuilder | Imported #43 / 0 tx / 0 pending / 0 (0.0%) gas / (0x358269c0cc00e0252bfa3f39710c230d885b6aa18370823e3458c06d658aff06)
2026-10-07 12:16:13.095+00:00 | BftProcessorExecutor-QBFT-0 | INFO  | QbftBesuControllerBuilder | Imported #44 / 0 tx / 0 pending / 0 (0.0%) gas / (0xefdeff5720183e61ed70586231abc90811d14f7a3d17305f2ab97814b82f9b7a)
2026-10-07 12:16:15.083+00:00 | BftProcessorExecutor-QBFT-0 | INFO  | QbftBesuControllerBuilder | Imported #45 / 0 tx / 0 pending / 0 (0.0%) gas / (0x7fb19cc4ce4831380ba244cf5b798b890ddcabe8dc152ed8943fa1f0ec87d143)
2026-10-07 12:16:17.076+00:00 | BftProcessorExecutor-QBFT-0 | INFO  | QbftBesuControllerBuilder | Imported #46 / 0 tx / 0 pending / 0 (0.0%) gas / (0xf0c7e88c9a559a1b77943a83a7a38902b0ee82caa7acd89ebb9bc7b97db9de9d)
2026-10-07 12:16:19.096+00:00 | BftProcessorExecutor-QBFT-0 | INFO  | QbftBesuControllerBuilder | Imported #47 / 0 tx / 0 pending / 0 (0.0%) gas / (0x0ceec7b2ea41c0b6f03cb9136e216146847849916071806113d909def6ef2c4d)
2026-10-07 12:16:19.096+00:00 | EthScheduler-Workers-0 | INFO  | PersistBlockTask | Block 47 (0x0ceec7b2ea41c0b6f03cb9136e216146847849916071806113d909def6ef2c4d) is already imported
2026-10-07 12:16:21.094+00:00 | EthScheduler-Workers-0 | INFO  | PersistBlockTask | Block 48 (0x1cca96ea71f22c72bce807878b685ad30b5f646603ad69a7dd994d19ed607e1c) is already imported
2026-10-07 12:16:21.094+00:00 | BftProcessorExecutor-QBFT-0 | INFO  | QbftBesuControllerBuilder | Imported #48 / 0 tx / 0 pending / 0 (0.0%) gas / (0x1cca96ea71f22c72bce807878b685ad30b5f646603ad69a7dd994d19ed607e1c)
2026-10-07 12:16:23.769+00:00 | EthScheduler-Workers-0 | INFO  | PersistBlockTask | Block 49 (0x223f50f72f720737e3e5c9d7ac5c16c1c05e95210ac0a566339b0058bc1a7751) is already imported
2026-10-07 12:16:23.770+00:00 | BftProcessorExecutor-QBFT-0 | INFO  | QbftBesuControllerBuilder | Imported #49 / 24 tx / 587 pending / 5,807,280 (0.0%) gas / (0x223f50f72f720737e3e5c9d7ac5c16c1c05e95210ac0a566339b0058bc1a7751)
2026-10-07 12:16:26.775+00:00 | EthScheduler-Workers-0 | INFO  | PersistBlockTask | Block 50 (0x0c274f403e97d1d0ad92a266be3374952ac4c8204d3cc773b652ab41426a0141) is already imported
2026-10-07 12:16:26.779+00:00 | BftProcessorExecutor-QBFT-0 | INFO  | QbftBesuControllerBuilder | Imported #50 / 69 tx / 1484 pending / 16,695,930 (0.0%) gas / (0x0c274f403e97d1d0ad92a266be3374952ac4c8204d3cc773b652ab41426a0141)
2026-10-07 12:16:28.808+00:00 | EthScheduler-Workers-0 | INFO  | PersistBlockTask | Block 51 (0x565c30eda1d499f8d3231b5173d0872efb7a2607d78fd763c3ba3f4de6e39e39) is already imported
2026-10-07 12:16:28.813+00:00 | BftProcessorExecutor-QBFT-0 | INFO  | QbftBesuControllerBuilder | Produced #51 / 113 tx / 1842 pending / 27,342,610 (0.0%) gas / (0x565c30eda1d499f8d3231b5173d0872efb7a2607d78fd763c3ba3f4de6e39e39)
2026-10-07 12:16:31.070+00:00 | BftProcessorExecutor-QBFT-0 | INFO  | QbftBesuControllerBuilder | Imported #52 / 136 tx / 1706 pending / 32,907,920 (0.0%) gas / (0x7ec2d1c66ff26e2cb9819a53e746bf9c96125d1f20735c2f6aa5ceb970b9a1dc)
2026-10-07 12:16:33.094+00:00 | EthScheduler-Workers-0 | INFO  | PersistBlockTask | Block 53 (0x37088d923279dd8a16293494f66446514ab33ff05bfcd4eb630bf19667131f43) is already imported
2026-10-07 12:16:33.099+00:00 | BftProcessorExecutor-QBFT-0 | INFO  | QbftBesuControllerBuilder | Imported #53 / 136 tx / 1570 pending / 32,907,920 (0.0%) gas / (0x37088d923279dd8a16293494f66446514ab33ff05bfcd4eb630bf19667131f43)
2026-10-07 12:16:35.038+00:00 | BftProcessorExecutor-QBFT-0 | INFO  | QbftBesuControllerBuilder | Imported #54 / 136 tx / 1434 pending / 32,907,920 (0.0%) gas / (0xad5100cff93501f2a10f3376c0fe169308868701618f89547ba83df123b1aba0)
2026-10-07 12:16:37.027+00:00 | BftProcessorExecutor-QBFT-0 | INFO  | QbftBesuControllerBuilder | Imported #55 / 136 tx / 1298 pending / 32,907,920 (0.0%) gas / (0x7a1c1d0c23c7cd65b291b4dcc271633f304810bd397e29b404729501c921e918)
2026-10-07 12:16:39.089+00:00 | BftProcessorExecutor-QBFT-0 | INFO  | QbftBesuControllerBuilder | Imported #56 / 136 tx / 1162 pending / 32,907,920 (0.0%) gas / (0x724e401500eece8daf6aa7846f068c70b5829c8b0a881569ac8fef0f078968bc)
2026-10-07 12:16:41.066+00:00 | BftProcessorExecutor-QBFT-0 | INFO  | QbftBesuControllerBuilder | Imported #57 / 136 tx / 1026 pending / 32,907,920 (0.0%) gas / (0xb46cab68b29298920224976b983486478ce87cbbf486da08ab352db0dafc6d67)
2026-10-07 12:16:42.975+00:00 | BftProcessorExecutor-QBFT-0 | INFO  | QbftBesuControllerBuilder | Imported #58 / 136 tx / 890 pending / 32,907,920 (0.0%) gas / (0xa04a9310ca880237c33c7d04424d843fd1a6a345d912ed11733a1ca25a6f4ba5)
2026-10-07 12:16:44.996+00:00 | BftProcessorExecutor-QBFT-0 | INFO  | QbftBesuControllerBuilder | Imported #59 / 136 tx / 754 pending / 32,907,920 (0.0%) gas / (0x272303892959d97cf7e3019b5f232e25f65631ca3ea40b1aa9f96bcb2de42ed7)
2026-10-07 12:16:46.980+00:00 | BftProcessorExecutor-QBFT-0 | INFO  | QbftBesuControllerBuilder | Imported #60 / 138 tx / 616 pending / 33,391,860 (0.0%) gas / (0x5bf81c86d6223a4762953d500ddf37b20c9cefe54d76fb14a55b1b559fc32f6d)
2026-10-07 12:16:48.994+00:00 | BftProcessorExecutor-QBFT-0 | INFO  | QbftBesuControllerBuilder | Imported #61 / 138 tx / 478 pending / 33,391,860 (0.0%) gas / (0x2069b3d64d365b2cabceac679df2b9463e9d7d3b88e6a4675e01fb550c28b2fe)
2026-10-07 12:16:50.989+00:00 | BftProcessorExecutor-QBFT-0 | INFO  | QbftBesuControllerBuilder | Imported #62 / 138 tx / 340 pending / 33,391,860 (0.0%) gas / (0x59a00d9da4bf5d34492523f61bb7b569f23b21f924a41d07b7273167e4f05acf)
2026-10-07 12:16:52.976+00:00 | BftProcessorExecutor-QBFT-0 | INFO  | QbftBesuControllerBuilder | Imported #63 / 137 tx / 203 pending / 33,149,890 (0.0%) gas / (0x0cd8e3ed2db3ee41cd7719245d967a3ab0feaa121fe3a06caec6ce1eb7246fd7)
2026-10-07 12:16:54.609+00:00 | EthScheduler-Workers-0 | INFO  | PersistBlockTask | Block 64 (0x0a18aa76338d16520484fd0d9d0b3ff171c25ef1ce3da84fd2c3028dbe9d2e95) is already imported
2026-10-07 12:16:54.610+00:00 | BftProcessorExecutor-QBFT-0 | INFO  | QbftBesuControllerBuilder | Imported #64 / 113 tx / 90 pending / 27,342,610 (0.0%) gas / (0x0a18aa76338d16520484fd0d9d0b3ff171c25ef1ce3da84fd2c3028dbe9d2e95)
2026-10-07 12:16:55.992+00:00 | EthScheduler-Workers-0 | INFO  | PersistBlockTask | Block 65 (0x36fc3e29bf691bc2ffe5347eb0b926e65a51630981ed4d6866b87a634255589a) is already imported
2026-10-07 12:16:55.992+00:00 | BftProcessorExecutor-QBFT-0 | INFO  | QbftBesuControllerBuilder | Imported #65 / 67 tx / 23 pending / 16,211,990 (0.0%) gas / (0x36fc3e29bf691bc2ffe5347eb0b926e65a51630981ed4d6866b87a634255589a)
2026-10-07 12:16:57.445+00:00 | EthScheduler-Workers-0 | INFO  | PersistBlockTask | Block 66 (0x313a04793e9948c37f272952c661813d9fd7b1c7d2cd47e68602b24f9bea9528) is already imported
2026-10-07 12:16:57.445+00:00 | BftProcessorExecutor-QBFT-0 | INFO  | QbftBesuControllerBuilder | Produced #66 / 23 tx / 0 pending / 5,565,310 (0.0%) gas / (0x313a04793e9948c37f272952c661813d9fd7b1c7d2cd47e68602b24f9bea9528)
2026-10-07 12:16:59.077+00:00 | BftProcessorExecutor-QBFT-0 | INFO  | QbftBesuControllerBuilder | Imported #67 / 0 tx / 0 pending / 0 (0.0%) gas / (0x97ef82ee6fb39dc3009f37df4cb108d7727ce1063418d9047ade9d320d84d7a9)
2026-10-07 12:17:01.101+00:00 | BftProcessorExecutor-QBFT-0 | INFO  | QbftBesuControllerBuilder | Imported #68 / 0 tx / 0 pending / 0 (0.0%) gas / (0x9fa98f8c56aa22a267d33dee1e3bc07901121915d103c6b6cb2911b7ab04415a)
2026-10-07 12:17:01.104+00:00 | EthScheduler-Workers-0 | INFO  | PersistBlockTask | Block 68 (0x9fa98f8c56aa22a267d33dee1e3bc07901121915d103c6b6cb2911b7ab04415a) is already imported
2026-10-07 12:17:03.091+00:00 | BftProcessorExecutor-QBFT-0 | INFO  | QbftBesuControllerBuilder | Imported #69 / 0 tx / 0 pending / 0 (0.0%) gas / (0x25ada04d0211e037acd3136c953fc5d4c06514bf3cdb9ffa3b2c6af4de792d70)
2026-10-07 12:17:05.091+00:00 | BftProcessorExecutor-QBFT-0 | INFO  | QbftBesuControllerBuilder | Imported #70 / 0 tx / 0 pending / 0 (0.0%) gas / (0x26bf69b2af1534d1aeaca69272bc9bdfb73d1237d7ce7b7e2cf7e41db8df1ef9)
2026-10-07 12:17:07.090+00:00 | EthScheduler-Workers-0 | INFO  | PersistBlockTask | Block 71 (0xd22bd594e2f23e86b721633245ff33cd6cd291da89ef3b0ddd33b7fc9e100210) is already imported
2026-10-07 12:17:07.090+00:00 | BftProcessorExecutor-QBFT-0 | INFO  | QbftBesuControllerBuilder | Imported #71 / 0 tx / 0 pending / 0 (0.0%) gas / (0xd22bd594e2f23e86b721633245ff33cd6cd291da89ef3b0ddd33b7fc9e100210)
2026-10-07 12:17:09.096+00:00 | BftProcessorExecutor-QBFT-0 | INFO  | QbftBesuControllerBuilder | Imported #72 / 0 tx / 0 pending / 0 (0.0%) gas / (0xcf9a715f05de634f74b38861510ad389f3ad9b971879e40fac6c149b417631f2)
2026-10-07 12:17:09.097+00:00 | EthScheduler-Workers-0 | INFO  | PersistBlockTask | Block 72 (0xcf9a715f05de634f74b38861510ad389f3ad9b971879e40fac6c149b417631f2) is already imported
2026-10-07 12:17:11.103+00:00 | BftProcessorExecutor-QBFT-0 | INFO  | QbftBesuControllerBuilder | Imported #73 / 0 tx / 0 pending / 0 (0.0%) gas / (0xce4bee3eba727837cfc0cad6df454c440a179f13608a5cff4482b7101cbcb4df)
2026-10-07 12:17:13.098+00:00 | BftProcessorExecutor-QBFT-0 | INFO  | QbftBesuControllerBuilder | Imported #74 / 0 tx / 0 pending / 0 (0.0%) gas / (0x0add9dda0a2881ea123afc26a0f6ef150489bad0a5b2b1f05417837f2b994ec7)
2026-10-07 12:17:15.090+00:00 | BftProcessorExecutor-QBFT-0 | INFO  | QbftBesuControllerBuilder | Imported #75 / 0 tx / 0 pending / 0 (0.0%) gas / (0x203870a8cb6cf5008575d8f30c595fdf586c9351a464471ad60370580e45102d)
2026-10-07 12:17:15.092+00:00 | EthScheduler-Workers-0 | INFO  | PersistBlockTask | Block 75 (0x203870a8cb6cf5008575d8f30c595fdf586c9351a464471ad60370580e45102d) is already imported
2026-10-07 12:17:17.095+00:00 | BftProcessorExecutor-QBFT-0 | INFO  | QbftBesuControllerBuilder | Imported #76 / 0 tx / 0 pending / 0 (0.0%) gas / (0x80c5802a7bc4195912e9b0b24d08b2f9303ebfc607374e63aae995c20456e97b)
2026-10-07 12:17:19.091+00:00 | BftProcessorExecutor-QBFT-0 | INFO  | QbftBesuControllerBuilder | Imported #77 / 0 tx / 0 pending / 0 (0.0%) gas / (0xe5d78e248382b397d641fd96f360066b0e8311a04160d00bb994d68fc71217d4)
2026-10-07 12:17:21.087+00:00 | BftProcessorExecutor-QBFT-0 | INFO  | QbftBesuControllerBuilder | Imported #78 / 0 tx / 0 pending / 0 (0.0%) gas / (0x0ac9fe9c0025c805631355c00bb9a97894bf848daa938cdc4bfe75daefda86cf)
2026-10-07 12:17:23.091+00:00 | BftProcessorExecutor-QBFT-0 | INFO  | QbftBesuControllerBuilder | Imported #79 / 0 tx / 0 pending / 0 (0.0%) gas / (0x331338bd8d28e40c31031790ee580d16d7e8b5023488e7cc093cce96caf09be1)
2026-10-07 12:17:25.089+00:00 | BftProcessorExecutor-QBFT-0 | INFO  | QbftBesuControllerBuilder | Imported #80 / 0 tx / 0 pending / 0 (0.0%) gas / (0x1d9cd04046acb00987f82762a080e55d289f6e63ac0cf447461de21817106675)
2026-10-07 12:17:27.088+00:00 | BftProcessorExecutor-QBFT-0 | INFO  | QbftBesuControllerBuilder | Produced #81 / 0 tx / 0 pending / 0 (0.0%) gas / (0xbc47445fcd4b2aa44e407159a9d588a22cf1b57f0c35d67d4fb7b657abf758fd)
2026-10-07 12:17:29.098+00:00 | BftProcessorExecutor-QBFT-0 | INFO  | QbftBesuControllerBuilder | Imported #82 / 0 tx / 0 pending / 0 (0.0%) gas / (0x7decfd73f5c4244eeec61cf61de414da99fcb7b2c1738b493a20105f4cd296b8)
2026-10-07 12:17:31.097+00:00 | BftProcessorExecutor-QBFT-0 | INFO  | QbftBesuControllerBuilder | Imported #83 / 0 tx / 0 pending / 0 (0.0%) gas / (0x5d73caefed8138a04c45f8d94bbd7f796d3be4cf339287c79f96e31efe6ef88e)
2026-10-07 12:17:33.097+00:00 | BftProcessorExecutor-QBFT-0 | INFO  | QbftBesuControllerBuilder | Imported #84 / 0 tx / 0 pending / 0 (0.0%) gas / (0x3289ec6ccd6420b9f46b0f8446294c79722b5f4cbe250f35329deed15f557ff8)
2026-10-07 12:17:35.082+00:00 | BftProcessorExecutor-QBFT-0 | INFO  | QbftBesuControllerBuilder | Imported #85 / 0 tx / 0 pending / 0 (0.0%) gas / (0x6ad17d79965cc80a837d361fe53e293d3448ef8f5829c62999f4be4d0449e644)
2026-10-07 12:17:37.075+00:00 | EthScheduler-Workers-0 | INFO  | PersistBlockTask | Block 86 (0x825667ddf2061d78cf4f25962eadb9585f90fa9d6d0091c77787508c15eea404) is already imported
2026-10-07 12:17:37.076+00:00 | BftProcessorExecutor-QBFT-0 | INFO  | QbftBesuControllerBuilder | Imported #86 / 0 tx / 0 pending / 0 (0.0%) gas / (0x825667ddf2061d78cf4f25962eadb9585f90fa9d6d0091c77787508c15eea404)
2026-10-07 12:17:39.093+00:00 | BftProcessorExecutor-QBFT-0 | INFO  | QbftBesuControllerBuilder | Imported #87 / 0 tx / 8 pending / 0 (0.0%) gas / (0x79160bbde9f7c0bbe571f412c71fd5b446eea9500331815405a7733df5bd8f13)
2026-10-07 12:17:41.098+00:00 | EthScheduler-Workers-0 | INFO  | PersistBlockTask | Block 88 (0x1f7a37900865eba5abf214e825d355e4c99d6b15ec7b0df582def50d950d9efd) is already imported
2026-10-07 12:17:41.098+00:00 | BftProcessorExecutor-QBFT-0 | INFO  | QbftBesuControllerBuilder | Imported #88 / 0 tx / 8 pending / 0 (0.0%) gas / (0x1f7a37900865eba5abf214e825d355e4c99d6b15ec7b0df582def50d950d9efd)
2026-10-07 12:17:43.082+00:00 | EthScheduler-Workers-0 | INFO  | PersistBlockTask | Block 89 (0x08b0bc2a43ab02dd2f2905d86cd7a4064c519d3c2c25d1067a44b74cc988cb68) is already imported
2026-10-07 12:17:43.082+00:00 | BftProcessorExecutor-QBFT-0 | INFO  | QbftBesuControllerBuilder | Imported #89 / 0 tx / 8 pending / 0 (0.0%) gas / (0x08b0bc2a43ab02dd2f2905d86cd7a4064c519d3c2c25d1067a44b74cc988cb68)
2026-10-07 12:17:45.124+00:00 | BftProcessorExecutor-QBFT-0 | INFO  | QbftBesuControllerBuilder | Imported #90 / 1 tx / 7 pending / 153,638 (0.0%) gas / (0x7d016cf22c513fb1fa49ac0aefabd4dabb1ed2d24b5b0da18ab85c9789de6dc2)
2026-10-07 12:17:47.092+00:00 | EthScheduler-Workers-0 | INFO  | PersistBlockTask | Block 91 (0x0061b6c108558aaebeec9071000ba90c1722b6c5f97016c7a1bc2a3f415984c3) is already imported
2026-10-07 12:17:47.094+00:00 | BftProcessorExecutor-QBFT-0 | INFO  | QbftBesuControllerBuilder | Imported #91 / 1 tx / 6 pending / 153,630 (0.0%) gas / (0x0061b6c108558aaebeec9071000ba90c1722b6c5f97016c7a1bc2a3f415984c3)
2026-10-07 12:17:49.101+00:00 | BftProcessorExecutor-QBFT-0 | INFO  | QbftBesuControllerBuilder | Imported #92 / 1 tx / 5 pending / 153,630 (0.0%) gas / (0x06616111e439e0520f143001b95b71d53ef7fa3d1451b1cc0e4a3a37f8b9452a)
2026-10-07 12:17:49.102+00:00 | EthScheduler-Workers-0 | INFO  | PersistBlockTask | Block 92 (0x06616111e439e0520f143001b95b71d53ef7fa3d1451b1cc0e4a3a37f8b9452a) is already imported
2026-10-07 12:17:51.092+00:00 | EthScheduler-Workers-0 | INFO  | PersistBlockTask | Block 93 (0x73896537b2ee9535d1cf01a3264b3204f9b80707e19e15e046c55dee3a033166) is already imported
2026-10-07 12:17:51.093+00:00 | BftProcessorExecutor-QBFT-0 | INFO  | QbftBesuControllerBuilder | Imported #93 / 1 tx / 4 pending / 153,650 (0.0%) gas / (0x73896537b2ee9535d1cf01a3264b3204f9b80707e19e15e046c55dee3a033166)
2026-10-07 12:17:53.095+00:00 | BftProcessorExecutor-QBFT-0 | INFO  | QbftBesuControllerBuilder | Imported #94 / 1 tx / 3 pending / 153,630 (0.0%) gas / (0xfa18409ed9469c6f11b0032975fc85bd1f937033f8a7edfd499ea523fa18c029)
2026-10-07 12:17:55.101+00:00 | BftProcessorExecutor-QBFT-0 | INFO  | QbftBesuControllerBuilder | Imported #95 / 1 tx / 2 pending / 153,630 (0.0%) gas / (0x67ea35b42ecf85d673b53642973044c5395ac12d7152899ffa2292fb8c5545f7)
2026-10-07 12:17:57.104+00:00 | BftProcessorExecutor-QBFT-0 | INFO  | QbftBesuControllerBuilder | Produced #96 / 1 tx / 1 pending / 153,630 (0.0%) gas / (0x3a61fe097d793cb0308bc979f27b772eabdfe6e325b3fac818be024c01710010)
2026-10-07 12:17:59.086+00:00 | EthScheduler-Workers-0 | INFO  | PersistBlockTask | Block 97 (0x3e19a43e6dda006c3e65b3379bfc961c0d7f594294e9355bb4bbef2707e6d040) is already imported
2026-10-07 12:17:59.086+00:00 | BftProcessorExecutor-QBFT-0 | INFO  | QbftBesuControllerBuilder | Imported #97 / 1 tx / 0 pending / 153,650 (0.0%) gas / (0x3e19a43e6dda006c3e65b3379bfc961c0d7f594294e9355bb4bbef2707e6d040)
2026-10-07 12:18:01.103+00:00 | BftProcessorExecutor-QBFT-0 | INFO  | QbftBesuControllerBuilder | Imported #98 / 0 tx / 0 pending / 0 (0.0%) gas / (0xaaed24e29f15ee3c94b425ca6fc7d6b6fb9e6deed15bfdb3850a2ae92accdf9d)
2026-10-07 12:18:01.103+00:00 | EthScheduler-Workers-0 | INFO  | PersistBlockTask | Block 98 (0xaaed24e29f15ee3c94b425ca6fc7d6b6fb9e6deed15bfdb3850a2ae92accdf9d) is already imported
2026-10-07 12:18:03.090+00:00 | BftProcessorExecutor-QBFT-0 | INFO  | QbftBesuControllerBuilder | Imported #99 / 0 tx / 0 pending / 0 (0.0%) gas / (0xb6c1e4f41ebb6e49506625c225c93ac666bd73fd3ca05528e0d6513c5d0e05c2)
2026-10-07 12:18:03.093+00:00 | EthScheduler-Workers-0 | INFO  | PersistBlockTask | Block 99 (0xb6c1e4f41ebb6e49506625c225c93ac666bd73fd3ca05528e0d6513c5d0e05c2) is already imported
2026-10-07 12:18:05.069+00:00 | BftProcessorExecutor-QBFT-0 | INFO  | QbftBesuControllerBuilder | Imported #100 / 0 tx / 0 pending / 0 (0.0%) gas / (0xe916abf68102985e465b50db24e22f6b9c77706b1d208e48b31c6699ac54218e)
2026-10-07 12:18:07.089+00:00 | BftProcessorExecutor-QBFT-0 | INFO  | QbftBesuControllerBuilder | Imported #101 / 0 tx / 0 pending / 0 (0.0%) gas / (0xaf9b3d6aa747e6726578f2e32fdf037e111577b7c7813a3bedeb6bc12cb92adf)
2026-10-07 12:18:09.110+00:00 | EthScheduler-Workers-0 | INFO  | PersistBlockTask | Block 102 (0x1aab2ca05376f61a6e31c8c67e9d29f9d8bc3d8b9de62e25027ee66616b45801) is already imported
2026-10-07 12:18:09.110+00:00 | BftProcessorExecutor-QBFT-0 | INFO  | QbftBesuControllerBuilder | Imported #102 / 1 tx / 33 pending / 241,970 (0.0%) gas / (0x1aab2ca05376f61a6e31c8c67e9d29f9d8bc3d8b9de62e25027ee66616b45801)
2026-10-07 12:18:11.618+00:00 | EthScheduler-Workers-0 | INFO  | PersistBlockTask | Block 103 (0x61b5aba43f8e76e2af4a760113ada963c80c08a9f2b68ce75f4907e3a83fd97b) is already imported
2026-10-07 12:18:11.619+00:00 | BftProcessorExecutor-QBFT-0 | INFO  | QbftBesuControllerBuilder | Imported #103 / 32 tx / 595 pending / 7,743,040 (0.0%) gas / (0x61b5aba43f8e76e2af4a760113ada963c80c08a9f2b68ce75f4907e3a83fd97b)
2026-10-07 12:18:14.049+00:00 | BftProcessorExecutor-QBFT-0 | INFO  | QbftBesuControllerBuilder | Imported #104 / 67 tx / 1252 pending / 16,211,990 (0.0%) gas / (0xe9c366ae07433bd39765cb21db1007809a808dbaf120d414f2a3cc323771c71a)
2026-10-07 12:18:16.617+00:00 | EthScheduler-Workers-0 | INFO  | PersistBlockTask | Block 105 (0x341fcad86d76752517b288f88a0c08f2a4c3b73c6c6b2197a593f3f663a0ad93) is already imported
2026-10-07 12:18:16.620+00:00 | BftProcessorExecutor-QBFT-0 | INFO  | QbftBesuControllerBuilder | Imported #105 / 104 tx / 1827 pending / 25,164,880 (0.0%) gas / (0x341fcad86d76752517b288f88a0c08f2a4c3b73c6c6b2197a593f3f663a0ad93)
2026-10-07 12:18:19.005+00:00 | BftProcessorExecutor-QBFT-0 | INFO  | QbftBesuControllerBuilder | Imported #106 / 138 tx / 1706 pending / 33,391,860 (0.0%) gas / (0x60c57b32bf09ffc9e2cbbf0e7a1dbcc01c90074c989762a5443fad4e0ef70ba1)
2026-10-07 12:18:20.988+00:00 | BftProcessorExecutor-QBFT-0 | INFO  | QbftBesuControllerBuilder | Imported #107 / 138 tx / 1568 pending / 33,391,860 (0.0%) gas / (0x57de69edc218816c229d67baa78c02b73f7f21b5c33b450895ce6912d261a07c)
2026-10-07 12:18:22.977+00:00 | BftProcessorExecutor-QBFT-0 | INFO  | QbftBesuControllerBuilder | Imported #108 / 137 tx / 1431 pending / 33,149,890 (0.0%) gas / (0xd19aec22e0c417d5f79dc80cc968462b86a65a149537102b9b7ade699f1be9bc)
2026-10-07 12:18:24.964+00:00 | EthScheduler-Workers-0 | INFO  | PersistBlockTask | Block 109 (0xb41ded51bc5568bef458f5435cf35b050efeaf324cfdfadb69d521cfceae6da8) is already imported
2026-10-07 12:18:24.966+00:00 | BftProcessorExecutor-QBFT-0 | INFO  | QbftBesuControllerBuilder | Imported #109 / 137 tx / 1294 pending / 33,149,890 (0.0%) gas / (0xb41ded51bc5568bef458f5435cf35b050efeaf324cfdfadb69d521cfceae6da8)
2026-10-07 12:18:26.914+00:00 | BftProcessorExecutor-QBFT-0 | INFO  | QbftBesuControllerBuilder | Imported #110 / 136 tx / 1158 pending / 32,907,920 (0.0%) gas / (0xd6586160500b8b9af1aaa66ef6d74c95c4297788579ec79fa9b1504435a4a845)
2026-10-07 12:18:28.994+00:00 | EthScheduler-Workers-0 | INFO  | PersistBlockTask | Block 111 (0x19528aba43688f029cf017f93bdc6876c48b75e0cb77277e48ef0d3f64896d9e) is already imported
2026-10-07 12:18:28.996+00:00 | BftProcessorExecutor-QBFT-0 | INFO  | QbftBesuControllerBuilder | Produced #111 / 136 tx / 1022 pending / 32,907,920 (0.0%) gas / (0x19528aba43688f029cf017f93bdc6876c48b75e0cb77277e48ef0d3f64896d9e)
2026-10-07 12:18:30.930+00:00 | BftProcessorExecutor-QBFT-0 | INFO  | QbftBesuControllerBuilder | Imported #112 / 136 tx / 886 pending / 32,907,920 (0.0%) gas / (0x7c394d6dfd466de4038ae7f66c1f9507fe4255c8e0388851fda4533cca61aa17)
2026-10-07 12:18:32.968+00:00 | EthScheduler-Workers-0 | INFO  | PersistBlockTask | Block 113 (0x8e257ca744de665b963c4949ae020cba7f8b267fecc18a5c6cc51fa453a93bd5) is already imported
2026-10-07 12:18:32.969+00:00 | BftProcessorExecutor-QBFT-0 | INFO  | QbftBesuControllerBuilder | Imported #113 / 136 tx / 750 pending / 32,907,920 (0.0%) gas / (0x8e257ca744de665b963c4949ae020cba7f8b267fecc18a5c6cc51fa453a93bd5)
2026-10-07 12:18:34.946+00:00 | BftProcessorExecutor-QBFT-0 | INFO  | QbftBesuControllerBuilder | Imported #114 / 136 tx / 614 pending / 32,907,920 (0.0%) gas / (0x3aa948d76e766b4cb499db64dcff66ed2cff428343bd4151ce052e2c364c0646)
2026-10-07 12:18:37.025+00:00 | BftProcessorExecutor-QBFT-0 | INFO  | QbftBesuControllerBuilder | Imported #115 / 136 tx / 478 pending / 32,907,920 (0.0%) gas / (0x2a8c8e29b33c738241df9f77c5d550e970e6fc460ccbf1ab2263c3796a7c9b66)
2026-10-07 12:18:38.982+00:00 | BftProcessorExecutor-QBFT-0 | INFO  | QbftBesuControllerBuilder | Imported #116 / 136 tx / 342 pending / 32,907,920 (0.0%) gas / (0xf96011cafeccd79a3edbf4691d1f325c9a4572c6e0c2f8430d631d9735681468)
2026-10-07 12:18:40.917+00:00 | EthScheduler-Workers-0 | INFO  | PersistBlockTask | Block 117 (0xcfc8c3a4ab50ef3604e818383150c783ceb18a9d5b72c0f172c01641e5fa94d2) is already imported
2026-10-07 12:18:40.918+00:00 | BftProcessorExecutor-QBFT-0 | INFO  | QbftBesuControllerBuilder | Imported #117 / 135 tx / 207 pending / 32,665,950 (0.0%) gas / (0xcfc8c3a4ab50ef3604e818383150c783ceb18a9d5b72c0f172c01641e5fa94d2)
2026-10-07 12:18:42.433+00:00 | BftProcessorExecutor-QBFT-0 | INFO  | QbftBesuControllerBuilder | Imported #118 / 104 tx / 103 pending / 25,164,880 (0.0%) gas / (0xd5f1e7e611b51b3d7b4860f3c8468be6c038f7fc4aa7b52899288780fd092af8)
2026-10-07 12:18:44.093+00:00 | EthScheduler-Workers-0 | INFO  | PersistBlockTask | Block 119 (0x16537bc5e41ff204d40c9d857c18a1e713822881046d5fd9c4334662c069b665) is already imported
2026-10-07 12:18:44.093+00:00 | BftProcessorExecutor-QBFT-0 | INFO  | QbftBesuControllerBuilder | Imported #119 / 69 tx / 34 pending / 16,695,930 (0.0%) gas / (0x16537bc5e41ff204d40c9d857c18a1e713822881046d5fd9c4334662c069b665)
2026-10-07 12:18:45.568+00:00 | BftProcessorExecutor-QBFT-0 | INFO  | QbftBesuControllerBuilder | Imported #120 / 34 tx / 0 pending / 8,226,980 (0.0%) gas / (0xf7ffd1dccd5c488a2c603fdc4c7e280a55b51c59b857e4136442226c822842c7)
2026-10-07 12:18:47.073+00:00 | BftProcessorExecutor-QBFT-0 | INFO  | QbftBesuControllerBuilder | Imported #121 / 0 tx / 0 pending / 0 (0.0%) gas / (0xe579766468641d44f8d73e117e7cb01062485fb62ac9d9eddf39533360000acd)
2026-10-07 12:18:49.093+00:00 | BftProcessorExecutor-QBFT-0 | INFO  | QbftBesuControllerBuilder | Imported #122 / 0 tx / 0 pending / 0 (0.0%) gas / (0x8dbf34ad57c5597301a95c163ae76b5269d7a8b8ff6e1e1d1284edee03a3d12e)
2026-10-07 12:18:51.090+00:00 | BftProcessorExecutor-QBFT-0 | INFO  | QbftBesuControllerBuilder | Imported #123 / 0 tx / 0 pending / 0 (0.0%) gas / (0x7a13a664c590dd70a5cf36c0dd1830dd92d42ba93ce2085169a51001139e6202)
2026-10-07 12:18:53.072+00:00 | BftProcessorExecutor-QBFT-0 | INFO  | QbftBesuControllerBuilder | Imported #124 / 0 tx / 0 pending / 0 (0.0%) gas / (0x50acdfd5f2d5fd55b992d4cec3ce1ca0a7de3535ed7c9d3de658520812c15cd5)
2026-10-07 12:18:53.074+00:00 | EthScheduler-Workers-0 | INFO  | PersistBlockTask | Block 124 (0x50acdfd5f2d5fd55b992d4cec3ce1ca0a7de3535ed7c9d3de658520812c15cd5) is already imported
2026-10-07 12:18:55.091+00:00 | BftProcessorExecutor-QBFT-0 | INFO  | QbftBesuControllerBuilder | Imported #125 / 0 tx / 0 pending / 0 (0.0%) gas / (0x0d3ae632b9799dafac43a72835ab843532c171ea8bed44b235d0eb9c2f12418f)
2026-10-07 12:18:57.090+00:00 | EthScheduler-Workers-0 | INFO  | PersistBlockTask | Block 126 (0x431b49991a04b6cd4aa5089dfd30101e045d2d3ab69866587e9c7af20f3dff12) is already imported
2026-10-07 12:18:57.090+00:00 | BftProcessorExecutor-QBFT-0 | INFO  | QbftBesuControllerBuilder | Produced #126 / 0 tx / 0 pending / 0 (0.0%) gas / (0x431b49991a04b6cd4aa5089dfd30101e045d2d3ab69866587e9c7af20f3dff12)
2026-10-07 12:18:59.099+00:00 | BftProcessorExecutor-QBFT-0 | INFO  | QbftBesuControllerBuilder | Imported #127 / 0 tx / 0 pending / 0 (0.0%) gas / (0x4ecfc0ed4eb51101935cd6ad4c60bd0e20994461eea89370123c652a02f1dc7f)
2026-10-07 12:18:59.099+00:00 | EthScheduler-Workers-0 | INFO  | PersistBlockTask | Block 127 (0x4ecfc0ed4eb51101935cd6ad4c60bd0e20994461eea89370123c652a02f1dc7f) is already imported
2026-10-07 12:19:01.081+00:00 | BftProcessorExecutor-QBFT-0 | INFO  | QbftBesuControllerBuilder | Imported #128 / 0 tx / 0 pending / 0 (0.0%) gas / (0xf280bae6738c9837867e2172473e550d0ceb5709991d9679aed6e3de054afb83)
2026-10-07 12:19:03.095+00:00 | BftProcessorExecutor-QBFT-0 | INFO  | QbftBesuControllerBuilder | Imported #129 / 0 tx / 0 pending / 0 (0.0%) gas / (0xd77a6c41f089401aec2ca6fee87f439bb212531a1ddd5a523844b95da9131f62)
2026-10-07 12:19:05.075+00:00 | BftProcessorExecutor-QBFT-0 | INFO  | QbftBesuControllerBuilder | Imported #130 / 0 tx / 0 pending / 0 (0.0%) gas / (0x72b95387abd9c19536e73ad03c9b0e9ff8faeb6752acddc820c39160fa830d1e)
2026-10-07 12:19:07.092+00:00 | BftProcessorExecutor-QBFT-0 | INFO  | QbftBesuControllerBuilder | Imported #131 / 0 tx / 0 pending / 0 (0.0%) gas / (0x224eb2b61be861732d1eef06241cad82e018a775f26cc1a8424345fe90280813)
2026-10-07 12:19:07.093+00:00 | EthScheduler-Workers-0 | INFO  | PersistBlockTask | Block 131 (0x224eb2b61be861732d1eef06241cad82e018a775f26cc1a8424345fe90280813) is already imported
2026-10-07 12:19:09.082+00:00 | BftProcessorExecutor-QBFT-0 | INFO  | QbftBesuControllerBuilder | Imported #132 / 0 tx / 0 pending / 0 (0.0%) gas / (0x279422f4b341201746c59353f5a8d354589d59481c255686eec15edf80e65b59)
2026-10-07 12:19:11.084+00:00 | BftProcessorExecutor-QBFT-0 | INFO  | QbftBesuControllerBuilder | Imported #133 / 0 tx / 0 pending / 0 (0.0%) gas / (0xd2b56da999d216b96e974b318cc6e278708f1adb5da8ee96372a5849189a0c91)
2026-10-07 12:19:13.092+00:00 | BftProcessorExecutor-QBFT-0 | INFO  | QbftBesuControllerBuilder | Imported #134 / 0 tx / 0 pending / 0 (0.0%) gas / (0x34d6a1733747cd6f5ff9080a206596104baf6ffef99a2a9c22f52a7ac475c376)
2026-10-07 12:19:15.096+00:00 | BftProcessorExecutor-QBFT-0 | INFO  | QbftBesuControllerBuilder | Imported #135 / 0 tx / 0 pending / 0 (0.0%) gas / (0xcf04dda2c1a705933d4072de02f173e59d6ca57d95f9e2bab2a70db4cdf9110e)
2026-10-07 12:19:17.078+00:00 | BftProcessorExecutor-QBFT-0 | INFO  | QbftBesuControllerBuilder | Imported #136 / 0 tx / 0 pending / 0 (0.0%) gas / (0xc1e4a18bc865dff9d347ffaefd08b4cff0d3e843eabf493976d97d34fda5a337)
2026-10-07 12:19:19.087+00:00 | BftProcessorExecutor-QBFT-0 | INFO  | QbftBesuControllerBuilder | Imported #137 / 0 tx / 0 pending / 0 (0.0%) gas / (0x821148922a23f4627ee1c760283a554b3bcfe466e01ccb131757aa258a36f65f)
2026-10-07 12:19:19.090+00:00 | EthScheduler-Workers-0 | INFO  | PersistBlockTask | Block 137 (0x821148922a23f4627ee1c760283a554b3bcfe466e01ccb131757aa258a36f65f) is already imported
2026-10-07 12:19:21.088+00:00 | EthScheduler-Workers-0 | INFO  | PersistBlockTask | Block 138 (0xfc441326b60107509bf144740060b96233d58d47ac1649907104c275ec05293e) is already imported
2026-10-07 12:19:21.088+00:00 | BftProcessorExecutor-QBFT-0 | INFO  | QbftBesuControllerBuilder | Imported #138 / 0 tx / 0 pending / 0 (0.0%) gas / (0xfc441326b60107509bf144740060b96233d58d47ac1649907104c275ec05293e)
2026-10-07 12:19:23.108+00:00 | BftProcessorExecutor-QBFT-0 | INFO  | QbftBesuControllerBuilder | Imported #139 / 1 tx / 7 pending / 153,638 (0.0%) gas / (0x1cfec14776da3a02ff3645275c5de55156518d6c4096caa03b0a157d00ae4d76)
2026-10-07 12:19:25.107+00:00 | BftProcessorExecutor-QBFT-0 | INFO  | QbftBesuControllerBuilder | Imported #140 / 1 tx / 6 pending / 153,618 (0.0%) gas / (0xa6e0f33cf81f900b327879323d61657b5bc5b1221d87e77a8559ecbfbb45ba6e)
2026-10-07 12:19:27.114+00:00 | BftProcessorExecutor-QBFT-0 | INFO  | QbftBesuControllerBuilder | Produced #141 / 1 tx / 5 pending / 153,650 (0.0%) gas / (0xd580e9a420ac69a752179502d3e206d94df7e6a1f378f5d1070511b17385d7a4)
2026-10-07 12:19:29.111+00:00 | BftProcessorExecutor-QBFT-0 | INFO  | QbftBesuControllerBuilder | Imported #142 / 1 tx / 4 pending / 153,650 (0.0%) gas / (0x881a9983b8b455df29a6db99b5645aec581af3b867a66228c19c385ab1a30c76)
2026-10-07 12:19:31.093+00:00 | BftProcessorExecutor-QBFT-0 | INFO  | QbftBesuControllerBuilder | Imported #143 / 0 tx / 4 pending / 0 (0.0%) gas / (0x10e016ba24f007b62360615bcbded4e5562c0a0a4b25d95a9f3c3be4867bf13d)
2026-10-07 12:19:33.081+00:00 | BftProcessorExecutor-QBFT-0 | INFO  | QbftBesuControllerBuilder | Imported #144 / 0 tx / 4 pending / 0 (0.0%) gas / (0x006dc81ffec93ba6600446e6ee3b0a4927c4c3ea7af1c1d2aaff6d518b395a69)
2026-10-07 12:19:35.084+00:00 | BftProcessorExecutor-QBFT-0 | INFO  | QbftBesuControllerBuilder | Imported #145 / 0 tx / 4 pending / 0 (0.0%) gas / (0x11671c0f54c5466bdf9cb51d372772be7a75e802ca4bd04557ab8e51624ed60c)
2026-10-07 12:19:37.088+00:00 | BftProcessorExecutor-QBFT-0 | INFO  | QbftBesuControllerBuilder | Imported #146 / 0 tx / 4 pending / 0 (0.0%) gas / (0xd1e7148eeed692718aa1ee79b96e1fac7e2e82a8ada2b033aa52a6f9236e5584)
2026-10-07 12:19:37.091+00:00 | EthScheduler-Workers-0 | INFO  | PersistBlockTask | Block 146 (0xd1e7148eeed692718aa1ee79b96e1fac7e2e82a8ada2b033aa52a6f9236e5584) is already imported
2026-10-07 12:19:39.083+00:00 | BftProcessorExecutor-QBFT-0 | INFO  | QbftBesuControllerBuilder | Imported #147 / 0 tx / 4 pending / 0 (0.0%) gas / (0xd41162f8fca5d7a56a76a2aaf5bc41b6cda1851adaec58f2bb16796f932fa2b6)
2026-10-07 12:19:41.098+00:00 | BftProcessorExecutor-QBFT-0 | INFO  | QbftBesuControllerBuilder | Imported #148 / 0 tx / 4 pending / 0 (0.0%) gas / (0x3499ad775e7604d2959d1643daed3fd0a5981483f84d98a135b366b5208a214a)
2026-10-07 12:19:43.079+00:00 | BftProcessorExecutor-QBFT-0 | INFO  | QbftBesuControllerBuilder | Imported #149 / 0 tx / 4 pending / 0 (0.0%) gas / (0x6f56351f28630d84f28d987777913e55da95b11fca86b783d57e8ac6078c05cc)
2026-10-07 12:19:45.110+00:00 | BftProcessorExecutor-QBFT-0 | INFO  | QbftBesuControllerBuilder | Imported #150 / 1 tx / 3 pending / 153,630 (0.0%) gas / (0xf4a42b88d1a9d828901f95a0c4517d25b15070a32d828d46a1e5a3df822f9184)
2026-10-07 12:19:47.109+00:00 | BftProcessorExecutor-QBFT-0 | INFO  | QbftBesuControllerBuilder | Imported #151 / 1 tx / 2 pending / 153,630 (0.0%) gas / (0x8bdbae35ccd6943cb3fe7de9e4377646ad78127037e63063191e1aa96594dd24)
2026-10-07 12:19:49.103+00:00 | EthScheduler-Workers-0 | INFO  | PersistBlockTask | Block 152 (0x2ffe60f1683c7183440f7c29bf3fde09648c5c24eadac40a537e5f2602e51af8) is already imported
2026-10-07 12:19:49.103+00:00 | BftProcessorExecutor-QBFT-0 | INFO  | QbftBesuControllerBuilder | Imported #152 / 1 tx / 1 pending / 153,650 (0.0%) gas / (0x2ffe60f1683c7183440f7c29bf3fde09648c5c24eadac40a537e5f2602e51af8)
2026-10-07 12:19:51.106+00:00 | BftProcessorExecutor-QBFT-0 | INFO  | QbftBesuControllerBuilder | Imported #153 / 1 tx / 0 pending / 153,630 (0.0%) gas / (0x29a3e8e36f24bb80bfd66140ac5ff09cb6be0dc41375591c7040ff483e23fbcd)
2026-10-07 12:19:51.107+00:00 | EthScheduler-Workers-0 | INFO  | PersistBlockTask | Block 153 (0x29a3e8e36f24bb80bfd66140ac5ff09cb6be0dc41375591c7040ff483e23fbcd) is already imported
2026-10-07 12:19:53.096+00:00 | BftProcessorExecutor-QBFT-0 | INFO  | QbftBesuControllerBuilder | Imported #154 / 0 tx / 0 pending / 0 (0.0%) gas / (0x73f5419d8b23ca19b07cc67865ab1160dea420b64ddb54a5573bf56a0e49091d)
2026-10-07 12:19:53.097+00:00 | EthScheduler-Workers-0 | INFO  | PersistBlockTask | Block 154 (0x73f5419d8b23ca19b07cc67865ab1160dea420b64ddb54a5573bf56a0e49091d) is already imported
2026-10-07 12:19:55.083+00:00 | BftProcessorExecutor-QBFT-0 | INFO  | QbftBesuControllerBuilder | Imported #155 / 0 tx / 0 pending / 0 (0.0%) gas / (0x2cfb0b146f690f5b96a4154ac95cb9c675daaa85a577db3fd109c4a8e57c0c11)
2026-10-07 12:19:57.099+00:00 | BftProcessorExecutor-QBFT-0 | INFO  | QbftBesuControllerBuilder | Produced #156 / 0 tx / 0 pending / 0 (0.0%) gas / (0xc712042cb8bdd06633d1c32184d80ed40257ca7b2779072fbc4eb7fce8e5dd4e)
2026-10-07 12:19:57.099+00:00 | EthScheduler-Workers-0 | INFO  | PersistBlockTask | Block 156 (0xc712042cb8bdd06633d1c32184d80ed40257ca7b2779072fbc4eb7fce8e5dd4e) is already imported
2026-10-07 12:19:59.089+00:00 | BftProcessorExecutor-QBFT-0 | INFO  | QbftBesuControllerBuilder | Imported #157 / 0 tx / 0 pending / 0 (0.0%) gas / (0x151d8cdafee545ddda43660f1e1a1014fdccef6228060481af25692cecbd0c60)
2026-10-07 12:20:01.174+00:00 | EthScheduler-Workers-0 | INFO  | PersistBlockTask | Block 158 (0xaa8ba6f49c9acf13162a1be9b2825e99255bda6e293b956eb105c66c77666769) is already imported
2026-10-07 12:20:01.174+00:00 | BftProcessorExecutor-QBFT-0 | INFO  | QbftBesuControllerBuilder | Imported #158 / 4 tx / 92 pending / 967,880 (0.0%) gas / (0xaa8ba6f49c9acf13162a1be9b2825e99255bda6e293b956eb105c66c77666769)
2026-10-07 12:20:03.550+00:00 | EthScheduler-Workers-0 | INFO  | PersistBlockTask | Block 159 (0x6a8ababdd491863eb2f3ee963c13ce10b99370d82ae28deba7513e69a5d1aed1) is already imported
2026-10-07 12:20:03.551+00:00 | BftProcessorExecutor-QBFT-0 | INFO  | QbftBesuControllerBuilder | Imported #159 / 28 tx / 525 pending / 6,775,160 (0.0%) gas / (0x6a8ababdd491863eb2f3ee963c13ce10b99370d82ae28deba7513e69a5d1aed1)
2026-10-07 12:20:05.779+00:00 | BftProcessorExecutor-QBFT-0 | INFO  | QbftBesuControllerBuilder | Imported #160 / 51 tx / 992 pending / 12,340,470 (0.0%) gas / (0xe32817866a265b9cb44f7d4bdac4b44fdb7b480bc396d7fcc605bb997795d19d)
2026-10-07 12:20:08.384+00:00 | EthScheduler-Workers-0 | INFO  | PersistBlockTask | Block 161 (0x30e67371ec68baba55f6e9aeffa0b3b472acdf24ee686b4e96fb077243f1bf77) is already imported
2026-10-07 12:20:08.386+00:00 | BftProcessorExecutor-QBFT-0 | INFO  | QbftBesuControllerBuilder | Imported #161 / 92 tx / 1649 pending / 22,261,240 (0.0%) gas / (0x30e67371ec68baba55f6e9aeffa0b3b472acdf24ee686b4e96fb077243f1bf77)
2026-10-07 12:20:10.939+00:00 | EthScheduler-Workers-0 | INFO  | PersistBlockTask | Block 162 (0x65a195f2b750b565e902923694d883a10f617338bb0a423e753ad5f2c022b982) is already imported
2026-10-07 12:20:10.941+00:00 | BftProcessorExecutor-QBFT-0 | INFO  | QbftBesuControllerBuilder | Imported #162 / 134 tx / 1739 pending / 32,423,980 (0.0%) gas / (0x65a195f2b750b565e902923694d883a10f617338bb0a423e753ad5f2c022b982)
2026-10-07 12:20:12.928+00:00 | EthScheduler-Workers-0 | INFO  | PersistBlockTask | Block 163 (0x923a9faa2ecb795bad39e5b4e58515662f443cb5c4f4969d9a3f7209278168c5) is already imported
2026-10-07 12:20:12.930+00:00 | BftProcessorExecutor-QBFT-0 | INFO  | QbftBesuControllerBuilder | Imported #163 / 136 tx / 1603 pending / 32,907,920 (0.0%) gas / (0x923a9faa2ecb795bad39e5b4e58515662f443cb5c4f4969d9a3f7209278168c5)
2026-10-07 12:20:14.919+00:00 | BftProcessorExecutor-QBFT-0 | INFO  | QbftBesuControllerBuilder | Imported #164 / 136 tx / 1467 pending / 32,907,920 (0.0%) gas / (0x439a4190972d0815ee23fd5a188d240105f07d2b8265ee7616438b79df18d4d7)
2026-10-07 12:20:16.982+00:00 | BftProcessorExecutor-QBFT-0 | INFO  | QbftBesuControllerBuilder | Imported #165 / 138 tx / 1329 pending / 33,391,860 (0.0%) gas / (0x9debdda62332be29cc99db07484f777bda33d24f29b6c9143b25de479ad5232b)
2026-10-07 12:20:18.993+00:00 | EthScheduler-Workers-0 | INFO  | PersistBlockTask | Block 166 (0x63c92964fd4e6c4b2206a10f817c7a03ec8e5f9df38ef9d40838a2d305ebe74f) is already imported
2026-10-07 12:20:18.995+00:00 | BftProcessorExecutor-QBFT-0 | INFO  | QbftBesuControllerBuilder | Imported #166 / 138 tx / 1191 pending / 33,391,860 (0.0%) gas / (0x63c92964fd4e6c4b2206a10f817c7a03ec8e5f9df38ef9d40838a2d305ebe74f)
2026-10-07 12:20:20.963+00:00 | BftProcessorExecutor-QBFT-0 | INFO  | QbftBesuControllerBuilder | Imported #167 / 138 tx / 1053 pending / 33,391,860 (0.0%) gas / (0x103a34599bb619e55c0afb0428e852352775d177786a9d71da22661cbadee4d7)
2026-10-07 12:20:22.917+00:00 | BftProcessorExecutor-QBFT-0 | INFO  | QbftBesuControllerBuilder | Imported #168 / 137 tx / 916 pending / 33,149,890 (0.0%) gas / (0x12c59bb271266fb4284b43761e7b7e4cf9420fcf32499f66a7ffd4aa908ed688)
2026-10-07 12:20:24.968+00:00 | BftProcessorExecutor-QBFT-0 | INFO  | QbftBesuControllerBuilder | Imported #169 / 137 tx / 779 pending / 33,149,890 (0.0%) gas / (0x0617f86f547db47ef390b22e7fd185948ac6333f7133aabb3e9056f58e5806ac)
2026-10-07 12:20:26.940+00:00 | BftProcessorExecutor-QBFT-0 | INFO  | QbftBesuControllerBuilder | Imported #170 / 136 tx / 643 pending / 32,907,920 (0.0%) gas / (0xc12bbb7b46bb9ddef3779f47bc425c2303e315c16d4d6f3c012cd12d377534b3)
2026-10-07 12:20:28.941+00:00 | BftProcessorExecutor-QBFT-0 | INFO  | QbftBesuControllerBuilder | Produced #171 / 136 tx / 507 pending / 32,907,920 (0.0%) gas / (0xa2b1bacdf92e9c86d656b51e9d7998a3880fcd4cdd1182185c791b785cdabc27)
2026-10-07 12:20:30.998+00:00 | EthScheduler-Workers-0 | INFO  | PersistBlockTask | Block 172 (0x1a133252845ee42bb24ebe5813b614372698e9a6c6dd5f5ea0553ad7c71ad906) is already imported
2026-10-07 12:20:30.999+00:00 | BftProcessorExecutor-QBFT-0 | INFO  | QbftBesuControllerBuilder | Imported #172 / 136 tx / 371 pending / 32,907,920 (0.0%) gas / (0x1a133252845ee42bb24ebe5813b614372698e9a6c6dd5f5ea0553ad7c71ad906)
2026-10-07 12:20:32.884+00:00 | BftProcessorExecutor-QBFT-0 | INFO  | QbftBesuControllerBuilder | Imported #173 / 132 tx / 239 pending / 31,940,040 (0.0%) gas / (0x2cc07e780a28c0bfce1af6b0fbc7cadaf774b252d95ab45988dfc8c8fa42be7d)
2026-10-07 12:20:34.701+00:00 | EthScheduler-Workers-0 | INFO  | PersistBlockTask | Block 174 (0x96bbdd904d11d3bb7430fdc02619fe061d4630f79ba4ca2cabd71f7b0d1cd31f) is already imported
2026-10-07 12:20:34.702+00:00 | BftProcessorExecutor-QBFT-0 | INFO  | QbftBesuControllerBuilder | Imported #174 / 108 tx / 131 pending / 26,132,760 (0.0%) gas / (0x96bbdd904d11d3bb7430fdc02619fe061d4630f79ba4ca2cabd71f7b0d1cd31f)
2026-10-07 12:20:36.232+00:00 | BftProcessorExecutor-QBFT-0 | INFO  | QbftBesuControllerBuilder | Imported #175 / 85 tx / 46 pending / 20,567,450 (0.0%) gas / (0x6f77167e83bd7630401095c6678b12d3aa3b7503787e849fc80d8687a0cc2ace)
2026-10-07 12:20:36.233+00:00 | EthScheduler-Workers-0 | INFO  | PersistBlockTask | Block 175 (0x6f77167e83bd7630401095c6678b12d3aa3b7503787e849fc80d8687a0cc2ace) is already imported
2026-10-07 12:20:37.734+00:00 | BftProcessorExecutor-QBFT-0 | INFO  | QbftBesuControllerBuilder | Imported #176 / 44 tx / 2 pending / 10,646,680 (0.0%) gas / (0x88fe8926c61c4c750be3798fa1138f6eb64c322eddad4194eb82bc47c83503fa)
2026-10-07 12:20:37.734+00:00 | EthScheduler-Workers-0 | INFO  | PersistBlockTask | Block 176 (0x88fe8926c61c4c750be3798fa1138f6eb64c322eddad4194eb82bc47c83503fa) is already imported
2026-10-07 12:20:39.112+00:00 | BftProcessorExecutor-QBFT-0 | INFO  | QbftBesuControllerBuilder | Imported #177 / 2 tx / 0 pending / 483,940 (0.0%) gas / (0xd3de7949d2d469462502b3f45444f71ecfe266f56859c679c234d331d7d2053f)
2026-10-07 12:20:41.083+00:00 | BftProcessorExecutor-QBFT-0 | INFO  | QbftBesuControllerBuilder | Imported #178 / 0 tx / 0 pending / 0 (0.0%) gas / (0x3e30940701fc04454c6c8b18ad5c6171feaf4baf71e0f334a4e1db5b795fd729)
2026-10-07 12:20:41.084+00:00 | EthScheduler-Workers-0 | INFO  | PersistBlockTask | Block 178 (0x3e30940701fc04454c6c8b18ad5c6171feaf4baf71e0f334a4e1db5b795fd729) is already imported
2026-10-07 12:20:43.081+00:00 | BftProcessorExecutor-QBFT-0 | INFO  | QbftBesuControllerBuilder | Imported #179 / 0 tx / 0 pending / 0 (0.0%) gas / (0x125682b73fe8f554b636006513fa0c7a3d0225941a32387a6482ca887e2e7373)
2026-10-07 12:20:43.081+00:00 | EthScheduler-Workers-0 | INFO  | PersistBlockTask | Block 179 (0x125682b73fe8f554b636006513fa0c7a3d0225941a32387a6482ca887e2e7373) is already imported
2026-10-07 12:20:45.088+00:00 | BftProcessorExecutor-QBFT-0 | INFO  | QbftBesuControllerBuilder | Imported #180 / 0 tx / 0 pending / 0 (0.0%) gas / (0x83bc0327cc9fd783fc978b3a076e8472787829f31be4fa6661ba7ec55d820cbf)
2026-10-07 12:20:47.094+00:00 | BftProcessorExecutor-QBFT-0 | INFO  | QbftBesuControllerBuilder | Imported #181 / 0 tx / 0 pending / 0 (0.0%) gas / (0xb57952cb6457c984fd426002eb075c5c09d303015769d4560e5e5fda153af900)
2026-10-07 12:20:49.088+00:00 | BftProcessorExecutor-QBFT-0 | INFO  | QbftBesuControllerBuilder | Imported #182 / 0 tx / 0 pending / 0 (0.0%) gas / (0x84907dd8cc00ddd82db75d50cb5a53caf8cb7888f74553789d07ffb455042d04)
2026-10-07 12:20:51.097+00:00 | BftProcessorExecutor-QBFT-0 | INFO  | QbftBesuControllerBuilder | Imported #183 / 0 tx / 0 pending / 0 (0.0%) gas / (0x983f7a6778fc42ff5135a3161f12f8c26685146de3500e860a340e95ed9d5c91)
2026-10-07 12:20:53.084+00:00 | BftProcessorExecutor-QBFT-0 | INFO  | QbftBesuControllerBuilder | Imported #184 / 0 tx / 0 pending / 0 (0.0%) gas / (0xe37236f6cc0b668da447d2d8dc358825b01912dbb7cb24c318a8d660de9d4870)
2026-10-07 12:20:55.088+00:00 | BftProcessorExecutor-QBFT-0 | INFO  | QbftBesuControllerBuilder | Imported #185 / 0 tx / 0 pending / 0 (0.0%) gas / (0xb4caab0c1927d4d27221c3fa4a8900504579c0c1c0ea70bc2bc205f214eb723b)
2026-10-07 12:20:57.084+00:00 | BftProcessorExecutor-QBFT-0 | INFO  | QbftBesuControllerBuilder | Produced #186 / 0 tx / 0 pending / 0 (0.0%) gas / (0x6271bbba7f2f42f1aaf61ec2721f2fcaa4f8b675b584e8c3680d9a259eef55db)
2026-10-07 12:20:59.080+00:00 | BftProcessorExecutor-QBFT-0 | INFO  | QbftBesuControllerBuilder | Imported #187 / 0 tx / 0 pending / 0 (0.0%) gas / (0xc3f604fc10f92c954b7d19a0a103872b77bb96dea646de3858391d5c4612a6cb)
2026-10-07 12:21:01.081+00:00 | BftProcessorExecutor-QBFT-0 | INFO  | QbftBesuControllerBuilder | Imported #188 / 0 tx / 0 pending / 0 (0.0%) gas / (0xddc7c3ed4ecad4ac0b5ecde556ea6ba35aec4da8d6fbdb45f9eeefe8d0cc5a2b)
2026-10-07 12:21:03.068+00:00 | BftProcessorExecutor-QBFT-0 | INFO  | QbftBesuControllerBuilder | Imported #189 / 0 tx / 0 pending / 0 (0.0%) gas / (0xd54cbc99376881eafdf572180e6496bc40ffb8181f36cf038e8ff9bc67f5d08a)
2026-10-07 12:21:05.074+00:00 | BftProcessorExecutor-QBFT-0 | INFO  | QbftBesuControllerBuilder | Imported #190 / 0 tx / 0 pending / 0 (0.0%) gas / (0xe1330069e419935ad9ce3d6476fe43ac2e0994856baaaf62b124dae7fd5bdc93)
2026-10-07 12:21:07.096+00:00 | BftProcessorExecutor-QBFT-0 | INFO  | QbftBesuControllerBuilder | Imported #191 / 0 tx / 0 pending / 0 (0.0%) gas / (0x7318cd4fd2132de81a3eb4b9b8018864d130ba0089b89ab39afd33a72280f97f)
2026-10-07 12:21:09.076+00:00 | EthScheduler-Workers-0 | INFO  | PersistBlockTask | Block 192 (0x8d4cebe17f9140312ffe60a83e984fb20741517dc94b6a864165e1d063173555) is already imported
2026-10-07 12:21:09.077+00:00 | BftProcessorExecutor-QBFT-0 | INFO  | QbftBesuControllerBuilder | Imported #192 / 0 tx / 0 pending / 0 (0.0%) gas / (0x8d4cebe17f9140312ffe60a83e984fb20741517dc94b6a864165e1d063173555)
2026-10-07 12:21:11.073+00:00 | BftProcessorExecutor-QBFT-0 | INFO  | QbftBesuControllerBuilder | Imported #193 / 0 tx / 0 pending / 0 (0.0%) gas / (0xe6418b0e6fb58901deff9d7607023d4c93af66d036e1356c7ee6a68f03434812)
2026-10-07 12:21:13.077+00:00 | BftProcessorExecutor-QBFT-0 | INFO  | QbftBesuControllerBuilder | Imported #194 / 0 tx / 0 pending / 0 (0.0%) gas / (0x3f3231b8c7f74548254f31f66905ba2684002f9d84693a742c08807e9d3756b5)
2026-10-07 12:21:15.090+00:00 | EthScheduler-Workers-0 | INFO  | PersistBlockTask | Block 195 (0x8fd85e1a85f73086f1707bff41de9698eeafa1ed6d08a1683305ec48d8f2e169) is already imported
2026-10-07 12:21:15.090+00:00 | BftProcessorExecutor-QBFT-0 | INFO  | QbftBesuControllerBuilder | Imported #195 / 0 tx / 0 pending / 0 (0.0%) gas / (0x8fd85e1a85f73086f1707bff41de9698eeafa1ed6d08a1683305ec48d8f2e169)
2026-10-07 12:21:17.105+00:00 | BftProcessorExecutor-QBFT-0 | INFO  | QbftBesuControllerBuilder | Imported #196 / 1 tx / 7 pending / 153,650 (0.0%) gas / (0x9f37461cb5f07841f2d7defe5b0be1975b407dc721f6d258f7a0b72f95de42a3)
2026-10-07 12:21:17.106+00:00 | EthScheduler-Workers-0 | INFO  | PersistBlockTask | Block 196 (0x9f37461cb5f07841f2d7defe5b0be1975b407dc721f6d258f7a0b72f95de42a3) is already imported
2026-10-07 12:21:19.088+00:00 | BftProcessorExecutor-QBFT-0 | INFO  | QbftBesuControllerBuilder | Imported #197 / 1 tx / 6 pending / 153,630 (0.0%) gas / (0xae429aac8e5e5a7000df7b35d98e37f22307ab80f3839f62979755c88ca39d2c)
2026-10-07 12:21:21.101+00:00 | BftProcessorExecutor-QBFT-0 | INFO  | QbftBesuControllerBuilder | Imported #198 / 1 tx / 5 pending / 153,630 (0.0%) gas / (0xab57fcf5e89fcc068cc5ed36e454f80a409bcaa5bc769df022c4b23e9d47ae2c)
2026-10-07 12:21:23.098+00:00 | EthScheduler-Workers-0 | INFO  | PersistBlockTask | Block 199 (0x7a6f6e374b9e2e70d6dd0f6129afef7d9b5c960e8f0c72f6d72ac6b9922a4514) is already imported
2026-10-07 12:21:23.098+00:00 | BftProcessorExecutor-QBFT-0 | INFO  | QbftBesuControllerBuilder | Imported #199 / 1 tx / 4 pending / 153,650 (0.0%) gas / (0x7a6f6e374b9e2e70d6dd0f6129afef7d9b5c960e8f0c72f6d72ac6b9922a4514)
2026-10-07 12:21:25.112+00:00 | BftProcessorExecutor-QBFT-0 | INFO  | QbftBesuControllerBuilder | Imported #200 / 1 tx / 3 pending / 153,618 (0.0%) gas / (0x966b8fd9a135c820fd3feb02813dd51fb1e1ce882963b22298d7b5902fb553b4)
2026-10-07 12:21:25.112+00:00 | EthScheduler-Workers-0 | INFO  | PersistBlockTask | Block 200 (0x966b8fd9a135c820fd3feb02813dd51fb1e1ce882963b22298d7b5902fb553b4) is already imported
2026-10-07 12:21:27.080+00:00 | BftProcessorExecutor-QBFT-0 | INFO  | QbftBesuControllerBuilder | Produced #201 / 1 tx / 2 pending / 153,618 (0.0%) gas / (0xa9e584510cd193e5489a9a5bb24dc2e3c614930c97a6985e1914ce3b24c567c4)
2026-10-07 12:21:29.098+00:00 | BftProcessorExecutor-QBFT-0 | INFO  | QbftBesuControllerBuilder | Imported #202 / 1 tx / 1 pending / 153,630 (0.0%) gas / (0x537ae425a282f41b77fce36f44972c6a4a7dca652b3b0dd13dd67f9d91944e7e)
2026-10-07 12:21:31.080+00:00 | BftProcessorExecutor-QBFT-0 | INFO  | QbftBesuControllerBuilder | Imported #203 / 0 tx / 1 pending / 0 (0.0%) gas / (0x973481fb92e7ae4a3b2bbd97f6ea54902b451701fcde8523c657e3b96f30cebd)
2026-10-07 12:21:33.091+00:00 | BftProcessorExecutor-QBFT-0 | INFO  | QbftBesuControllerBuilder | Imported #204 / 0 tx / 1 pending / 0 (0.0%) gas / (0x84571721f5b5c5ad19113dee389382f49de7518eef60cecec707d51f8acefb75)
2026-10-07 12:21:33.092+00:00 | EthScheduler-Workers-0 | INFO  | PersistBlockTask | Block 204 (0x84571721f5b5c5ad19113dee389382f49de7518eef60cecec707d51f8acefb75) is already imported
2026-10-07 12:21:35.094+00:00 | BftProcessorExecutor-QBFT-0 | INFO  | QbftBesuControllerBuilder | Imported #205 / 0 tx / 1 pending / 0 (0.0%) gas / (0xfa86f2f252009f8f4819a6a122b690878da6bdafa7036013d976b9d7da501da3)
2026-10-07 12:21:37.096+00:00 | BftProcessorExecutor-QBFT-0 | INFO  | QbftBesuControllerBuilder | Imported #206 / 0 tx / 1 pending / 0 (0.0%) gas / (0x6cab1da75fed5cea4c78500bdabd1721c2cc2989150e73a5e583e3eaac5f452a)
2026-10-07 12:21:39.088+00:00 | BftProcessorExecutor-QBFT-0 | INFO  | QbftBesuControllerBuilder | Imported #207 / 0 tx / 1 pending / 0 (0.0%) gas / (0xefad7f09f389932c0d5aaf893148b5322a713120140cf285a50866886d8536fd)
2026-10-07 12:21:39.090+00:00 | EthScheduler-Workers-0 | INFO  | PersistBlockTask | Block 207 (0xefad7f09f389932c0d5aaf893148b5322a713120140cf285a50866886d8536fd) is already imported
2026-10-07 12:21:41.078+00:00 | EthScheduler-Workers-0 | INFO  | PersistBlockTask | Block 208 (0xd97e9884baa8da8e8b068ca488853b2c63b0d5937c5a16df9a5bdd4143d16131) is already imported
2026-10-07 12:21:41.079+00:00 | BftProcessorExecutor-QBFT-0 | INFO  | QbftBesuControllerBuilder | Imported #208 / 0 tx / 1 pending / 0 (0.0%) gas / (0xd97e9884baa8da8e8b068ca488853b2c63b0d5937c5a16df9a5bdd4143d16131)
2026-10-07 12:21:43.098+00:00 | BftProcessorExecutor-QBFT-0 | INFO  | QbftBesuControllerBuilder | Imported #209 / 0 tx / 1 pending / 0 (0.0%) gas / (0xc317055c479483b8c82f6a9b9068bb4d2e2251e7f5a008a1f391a1088b7a0133)
2026-10-07 12:21:45.106+00:00 | BftProcessorExecutor-QBFT-0 | INFO  | QbftBesuControllerBuilder | Imported #210 / 1 tx / 0 pending / 153,638 (0.0%) gas / (0x5066449307e8b1e5adf0dd6f54f599ea88a5718f51d6edd1f805ca38bb591433)
2026-10-07 12:21:47.080+00:00 | BftProcessorExecutor-QBFT-0 | INFO  | QbftBesuControllerBuilder | Imported #211 / 0 tx / 0 pending / 0 (0.0%) gas / (0x15c0f584ecb1f41407f50d2b72b4d964afdacf9306479c96337381089c54b012)
2026-10-07 12:21:49.100+00:00 | BftProcessorExecutor-QBFT-0 | INFO  | QbftBesuControllerBuilder | Imported #212 / 0 tx / 0 pending / 0 (0.0%) gas / (0x109dc6e2eb1b8db136867a7c57b616de0d2be72e316ebbfa743ff81291a84aaf)
2026-10-07 12:21:49.100+00:00 | EthScheduler-Workers-0 | INFO  | PersistBlockTask | Block 212 (0x109dc6e2eb1b8db136867a7c57b616de0d2be72e316ebbfa743ff81291a84aaf) is already imported
2026-10-07 12:21:51.095+00:00 | BftProcessorExecutor-QBFT-0 | INFO  | QbftBesuControllerBuilder | Imported #213 / 0 tx / 0 pending / 0 (0.0%) gas / (0xcfaf9fb6330faa902fc9848bf1c3a9e4e1667639a78bdc93112c77f7ef7ce63e)
2026-10-07 12:21:53.082+00:00 | BftProcessorExecutor-QBFT-0 | INFO  | QbftBesuControllerBuilder | Imported #214 / 0 tx / 0 pending / 0 (0.0%) gas / (0x3c70da414f183e947da07044ad227360bc6fef2bdc3b16314f33007ef07b9120)
2026-10-07 12:21:53.084+00:00 | EthScheduler-Workers-0 | INFO  | PersistBlockTask | Block 214 (0x3c70da414f183e947da07044ad227360bc6fef2bdc3b16314f33007ef07b9120) is already imported
2026-10-07 12:21:55.087+00:00 | BftProcessorExecutor-QBFT-0 | INFO  | QbftBesuControllerBuilder | Imported #215 / 0 tx / 0 pending / 0 (0.0%) gas / (0xb70bdc4970710ab4fbcbfc0327d5eb24779ef3ba206e96f7ce893f589f9ff985)
2026-10-07 12:21:57.540+00:00 | BftProcessorExecutor-QBFT-0 | INFO  | QbftBesuControllerBuilder | Produced #216 / 24 tx / 472 pending / 5,807,280 (0.0%) gas / (0xcce2154a5cf3b4c5ab5d9f1c52a0a9f0f189a637173a26cb5e0fdd9314c35f31)
2026-10-07 12:21:57.540+00:00 | EthScheduler-Workers-0 | INFO  | PersistBlockTask | Block 216 (0xcce2154a5cf3b4c5ab5d9f1c52a0a9f0f189a637173a26cb5e0fdd9314c35f31) is already imported
2026-10-07 12:21:59.859+00:00 | EthScheduler-Workers-0 | INFO  | PersistBlockTask | Block 217 (0xd1b21ccea0ac85ae443d2e04c4eab720ad91b4b4d026520c598dc8591456b9c9) is already imported
2026-10-07 12:21:59.860+00:00 | BftProcessorExecutor-QBFT-0 | INFO  | QbftBesuControllerBuilder | Imported #217 / 45 tx / 821 pending / 10,888,650 (0.0%) gas / (0xd1b21ccea0ac85ae443d2e04c4eab720ad91b4b4d026520c598dc8591456b9c9)
2026-10-07 12:22:02.048+00:00 | BftProcessorExecutor-QBFT-0 | INFO  | QbftBesuControllerBuilder | Imported #218 / 69 tx / 1238 pending / 16,695,930 (0.0%) gas / (0x7b330b4c8ad7b59738a8e7ab09a391408d41f6f218e425c85879ed639168c340)
2026-10-07 12:22:04.477+00:00 | BftProcessorExecutor-QBFT-0 | INFO  | QbftBesuControllerBuilder | Imported #219 / 100 tx / 1741 pending / 24,197,000 (0.0%) gas / (0x480d250fddaf68f19a5a54537a3a38d6acf6ee2f2448aaaa6ef11453156fad9b)
2026-10-07 12:22:06.898+00:00 | BftProcessorExecutor-QBFT-0 | INFO  | QbftBesuControllerBuilder | Imported #220 / 136 tx / 1674 pending / 32,907,920 (0.0%) gas / (0xf46416e723501b9d720366717634bd0f23cdd339aacd04363ec33f2a089a6ae4)
2026-10-07 12:22:08.919+00:00 | BftProcessorExecutor-QBFT-0 | INFO  | QbftBesuControllerBuilder | Imported #221 / 136 tx / 1538 pending / 32,907,920 (0.0%) gas / (0xe7eeb5a45232367b62db8cfd4e1b039553b7bd3bcdd3053bd6db9d373e4f1563)
2026-10-07 12:22:10.990+00:00 | EthScheduler-Workers-0 | INFO  | PersistBlockTask | Block 222 (0xafc3a25561d1ec4a6e877823f0d513c77c8989a85d13363ce5ac48076c57a44a) is already imported
2026-10-07 12:22:10.992+00:00 | BftProcessorExecutor-QBFT-0 | INFO  | QbftBesuControllerBuilder | Imported #222 / 136 tx / 1402 pending / 32,907,920 (0.0%) gas / (0xafc3a25561d1ec4a6e877823f0d513c77c8989a85d13363ce5ac48076c57a44a)
2026-10-07 12:22:12.862+00:00 | BftProcessorExecutor-QBFT-0 | INFO  | QbftBesuControllerBuilder | Imported #223 / 136 tx / 1266 pending / 32,907,920 (0.0%) gas / (0x4c16ef1543af56f3ee23a215bdb3736e400ee7cf48023318578b94e39b9a649c)
2026-10-07 12:22:15.033+00:00 | BftProcessorExecutor-QBFT-0 | INFO  | QbftBesuControllerBuilder | Imported #224 / 136 tx / 1130 pending / 32,907,920 (0.0%) gas / (0x39cb2565ece164e109792a3a3db99f9532304f60729fadf34856885c61e55a5e)
2026-10-07 12:22:16.979+00:00 | BftProcessorExecutor-QBFT-0 | INFO  | QbftBesuControllerBuilder | Imported #225 / 138 tx / 992 pending / 33,391,860 (0.0%) gas / (0x6d788578496cb855c0407a3d44c0a50250f67eb4f4558334e82bc3bbc21372de)
2026-10-07 12:22:18.927+00:00 | BftProcessorExecutor-QBFT-0 | INFO  | QbftBesuControllerBuilder | Imported #226 / 138 tx / 854 pending / 33,391,860 (0.0%) gas / (0xbab245f4e98934b5b15dbf922cf8093adadfd2e373344b57165b1082a7519264)
2026-10-07 12:22:21.011+00:00 | BftProcessorExecutor-QBFT-0 | INFO  | QbftBesuControllerBuilder | Imported #227 / 138 tx / 716 pending / 33,391,860 (0.0%) gas / (0x764a636b3d00d6a05b515131fb88efc3366a76b07ea81ae23d5267e18eb1f54f)
2026-10-07 12:22:22.932+00:00 | BftProcessorExecutor-QBFT-0 | INFO  | QbftBesuControllerBuilder | Imported #228 / 137 tx / 579 pending / 33,149,890 (0.0%) gas / (0xc3417a50bdd0e3b14c2c91bf8e0ee1cd540d4326122d6dc9737ca222706fb8bf)
2026-10-07 12:22:24.943+00:00 | BftProcessorExecutor-QBFT-0 | INFO  | QbftBesuControllerBuilder | Imported #229 / 137 tx / 442 pending / 33,149,890 (0.0%) gas / (0xd5099f1b3419f7ad336571c93e98ddfac9e4d24f4e1c8bdb5c4654be643c1149)
2026-10-07 12:22:26.926+00:00 | BftProcessorExecutor-QBFT-0 | INFO  | QbftBesuControllerBuilder | Imported #230 / 136 tx / 306 pending / 32,907,920 (0.0%) gas / (0xc2e5e26f88129bef579911454f28bacae66611fc6b8d4862758d07990721934c)
2026-10-07 12:22:28.642+00:00 | EthScheduler-Workers-0 | INFO  | PersistBlockTask | Block 231 (0xcb72a6cec94ee736b81d395718a3d05a8a58fa923de0dd00c9044b0d90cbec24) is already imported
2026-10-07 12:22:28.643+00:00 | BftProcessorExecutor-QBFT-0 | INFO  | QbftBesuControllerBuilder | Produced #231 / 112 tx / 194 pending / 27,100,640 (0.0%) gas / (0xcb72a6cec94ee736b81d395718a3d05a8a58fa923de0dd00c9044b0d90cbec24)
2026-10-07 12:22:30.281+00:00 | BftProcessorExecutor-QBFT-0 | INFO  | QbftBesuControllerBuilder | Imported #232 / 91 tx / 103 pending / 22,019,270 (0.0%) gas / (0x9ded2e25fba5eef40e75f8ca3d5bb57d104c56e2109c75df8fa16bceeb81008a)
2026-10-07 12:22:30.281+00:00 | EthScheduler-Workers-0 | INFO  | PersistBlockTask | Block 232 (0x9ded2e25fba5eef40e75f8ca3d5bb57d104c56e2109c75df8fa16bceeb81008a) is already imported
2026-10-07 12:22:32.057+00:00 | BftProcessorExecutor-QBFT-0 | INFO  | QbftBesuControllerBuilder | Imported #233 / 67 tx / 36 pending / 16,211,990 (0.0%) gas / (0x7390e954091caa3346b2ca5a4dad1ceb955d803e55eba79d1298428d148aa533)
2026-10-07 12:22:33.686+00:00 | EthScheduler-Workers-0 | INFO  | PersistBlockTask | Block 234 (0x06d9e74da98e4b8e298ee2efa24cb8f664c8d321a9b6805b27f4e4ca74bf2ae1) is already imported
2026-10-07 12:22:33.686+00:00 | BftProcessorExecutor-QBFT-0 | INFO  | QbftBesuControllerBuilder | Imported #234 / 36 tx / 0 pending / 8,710,920 (0.0%) gas / (0x06d9e74da98e4b8e298ee2efa24cb8f664c8d321a9b6805b27f4e4ca74bf2ae1)
2026-10-07 12:22:35.074+00:00 | BftProcessorExecutor-QBFT-0 | INFO  | QbftBesuControllerBuilder | Imported #235 / 0 tx / 0 pending / 0 (0.0%) gas / (0x2dcd786660aec0c1aac78179f400f4f4a7309b58b86ea99fd3592290a901e4d5)
2026-10-07 12:22:37.093+00:00 | EthScheduler-Workers-0 | INFO  | PersistBlockTask | Block 236 (0x877281f1aad8dcff88604434cadc1603e24b9938ffe5bb3b18c74951bde111a6) is already imported
2026-10-07 12:22:37.094+00:00 | BftProcessorExecutor-QBFT-0 | INFO  | QbftBesuControllerBuilder | Imported #236 / 0 tx / 0 pending / 0 (0.0%) gas / (0x877281f1aad8dcff88604434cadc1603e24b9938ffe5bb3b18c74951bde111a6)
2026-10-07 12:22:39.082+00:00 | BftProcessorExecutor-QBFT-0 | INFO  | QbftBesuControllerBuilder | Imported #237 / 0 tx / 0 pending / 0 (0.0%) gas / (0x29a865ef6f911436f111a3b8b70f88fe24d39f22e3ab5180e8f9e69efd964da7)
2026-10-07 12:22:41.086+00:00 | BftProcessorExecutor-QBFT-0 | INFO  | QbftBesuControllerBuilder | Imported #238 / 0 tx / 0 pending / 0 (0.0%) gas / (0x9d653545a9ecff2809397fd9c0491fd2c4173fd34af20b731bb8d2d15b7f3a2a)
2026-10-07 12:22:43.087+00:00 | BftProcessorExecutor-QBFT-0 | INFO  | QbftBesuControllerBuilder | Imported #239 / 0 tx / 0 pending / 0 (0.0%) gas / (0x8fbfc1b158c44c33ee863043c29ee42cb80cee35000dddf91bb73007235bb9b4)
2026-10-07 12:22:45.089+00:00 | BftProcessorExecutor-QBFT-0 | INFO  | QbftBesuControllerBuilder | Imported #240 / 0 tx / 0 pending / 0 (0.0%) gas / (0x65cb6fe7a29f34b7173caa0732334e2743db8f7f9b14da7be61d2174f6cfff10)
2026-10-07 12:22:47.075+00:00 | BftProcessorExecutor-QBFT-0 | INFO  | QbftBesuControllerBuilder | Imported #241 / 0 tx / 0 pending / 0 (0.0%) gas / (0x80b3bb877d4a27541f5cfc9a4225ff988aeebe2697accf80f435c258f435636d)
2026-10-07 12:22:49.075+00:00 | BftProcessorExecutor-QBFT-0 | INFO  | QbftBesuControllerBuilder | Imported #242 / 0 tx / 0 pending / 0 (0.0%) gas / (0x63c44982f5b2345c1f9ee4292c81bcd9b4c30a222ad1d5341ea5337ecce92f50)
2026-10-07 12:22:51.087+00:00 | BftProcessorExecutor-QBFT-0 | INFO  | QbftBesuControllerBuilder | Imported #243 / 0 tx / 0 pending / 0 (0.0%) gas / (0xcfeb79f78e2518a16c12f4f65a51aeae13cacff4288168fc463c7037cf692300)
2026-10-07 12:22:51.089+00:00 | EthScheduler-Workers-0 | INFO  | PersistBlockTask | Block 243 (0xcfeb79f78e2518a16c12f4f65a51aeae13cacff4288168fc463c7037cf692300) is already imported
2026-10-07 12:22:53.094+00:00 | EthScheduler-Workers-0 | INFO  | PersistBlockTask | Imported #244 / 0 tx / 0 om / 0 (0.0%) gas / (0x89aeeba5d2e79791cbf6936139d46006978c38f0c6220871acab77332a7e8fb2) in 0.005s. Peers: 14
2026-10-07 12:22:53.095+00:00 | BftProcessorExecutor-QBFT-0 | INFO  | QbftBesuControllerBuilder | Imported #244 / 0 tx / 0 pending / 0 (0.0%) gas / (0x89aeeba5d2e79791cbf6936139d46006978c38f0c6220871acab77332a7e8fb2)
2026-10-07 12:22:55.089+00:00 | EthScheduler-Workers-0 | INFO  | PersistBlockTask | Imported #245 / 0 tx / 0 om / 0 (0.0%) gas / (0x67ed8f6b5dd3257ed9f723fe3e000eb31ed3c345944af69b14cb088ed7da796f) in 0.002s. Peers: 14
2026-10-07 12:22:55.089+00:00 | BftProcessorExecutor-QBFT-0 | INFO  | QbftBesuControllerBuilder | Imported #245 / 0 tx / 0 pending / 0 (0.0%) gas / (0x67ed8f6b5dd3257ed9f723fe3e000eb31ed3c345944af69b14cb088ed7da796f)
2026-10-07 12:22:57.084+00:00 | BftProcessorExecutor-QBFT-0 | INFO  | QbftBesuControllerBuilder | Produced #246 / 0 tx / 0 pending / 0 (0.0%) gas / (0x4514c851ff669e4ba7fb7d66cddfecda726f15cfea5847f8258524d0fccac950)
2026-10-07 12:22:59.081+00:00 | BftProcessorExecutor-QBFT-0 | INFO  | QbftBesuControllerBuilder | Imported #247 / 0 tx / 0 pending / 0 (0.0%) gas / (0x99167236efc1150b4e241f574b40ae8f2c8f21d24cc8f2425cdfcbcf1830ad54)
2026-10-07 12:23:01.085+00:00 | BftProcessorExecutor-QBFT-0 | INFO  | QbftBesuControllerBuilder | Imported #248 / 0 tx / 0 pending / 0 (0.0%) gas / (0x364a604b9c6ca97a34e950f9b87516f7bdef68afb3ebd79dcf40f4593d524940)
2026-10-07 12:23:01.086+00:00 | EthScheduler-Workers-0 | INFO  | PersistBlockTask | Block 248 (0x364a604b9c6ca97a34e950f9b87516f7bdef68afb3ebd79dcf40f4593d524940) is already imported
2026-10-07 12:23:03.079+00:00 | BftProcessorExecutor-QBFT-0 | INFO  | QbftBesuControllerBuilder | Imported #249 / 0 tx / 0 pending / 0 (0.0%) gas / (0xadd413413ee8709a1aaf360df0a631ab6e577d7cd7e3402d2a2f20ecb59cf710)
2026-10-07 12:23:05.092+00:00 | BftProcessorExecutor-QBFT-0 | INFO  | QbftBesuControllerBuilder | Imported #250 / 0 tx / 0 pending / 0 (0.0%) gas / (0xdc23c7fc25d811cbbfdbee2ad987370edd1e9bac42559d9f2ad8affa365e53bf)
2026-10-07 12:23:05.093+00:00 | EthScheduler-Workers-0 | INFO  | PersistBlockTask | Block 250 (0xdc23c7fc25d811cbbfdbee2ad987370edd1e9bac42559d9f2ad8affa365e53bf) is already imported
2026-10-07 12:23:07.088+00:00 | EthScheduler-Workers-0 | INFO  | PersistBlockTask | Imported #251 / 0 tx / 0 om / 0 (0.0%) gas / (0x8f3791864820257fc6f0e1c2d85bac14cccc166a9c9f0ead75d21ef8458b6e10) in 0.002s. Peers: 14
2026-10-07 12:23:09.088+00:00 | BftProcessorExecutor-QBFT-0 | INFO  | QbftBesuControllerBuilder | Imported #252 / 0 tx / 8 pending / 0 (0.0%) gas / (0x167a7376430bbada79b6f2fd2f4e4acc4e61370d1a4142304f4469c07f1c7b1c)
2026-10-07 12:23:11.093+00:00 | BftProcessorExecutor-QBFT-0 | INFO  | QbftBesuControllerBuilder | Imported #253 / 0 tx / 8 pending / 0 (0.0%) gas / (0x39159fab88d7f4e1a7e2ee84d289d8c4f4501b7d42b6d5ab2878c5d2481b2089)
2026-10-07 12:23:13.090+00:00 | BftProcessorExecutor-QBFT-0 | INFO  | QbftBesuControllerBuilder | Imported #254 / 0 tx / 8 pending / 0 (0.0%) gas / (0xb5a3e540043fae6f1b0955136ac6f7a85690c5d7835c60060498d219ba6ceafb)
2026-10-07 12:23:13.092+00:00 | EthScheduler-Workers-0 | INFO  | PersistBlockTask | Block 254 (0xb5a3e540043fae6f1b0955136ac6f7a85690c5d7835c60060498d219ba6ceafb) is already imported
2026-10-07 12:23:15.103+00:00 | EthScheduler-Workers-0 | INFO  | PersistBlockTask | Block 255 (0x49c4b269b70ebae9ce924a5d19fc5a92b8f13107b08f58d9c61e67d7605ee316) is already imported
2026-10-07 12:23:15.103+00:00 | BftProcessorExecutor-QBFT-0 | INFO  | QbftBesuControllerBuilder | Imported #255 / 1 tx / 7 pending / 153,630 (0.0%) gas / (0x49c4b269b70ebae9ce924a5d19fc5a92b8f13107b08f58d9c61e67d7605ee316)
2026-10-07 12:23:17.085+00:00 | BftProcessorExecutor-QBFT-0 | INFO  | QbftBesuControllerBuilder | Imported #256 / 1 tx / 6 pending / 153,650 (0.0%) gas / (0xf31014bf4744487b028c8e261a8f6cd7f3ff9dce30388fbf440fe45811c1ba6f)
2026-10-07 12:23:19.113+00:00 | BftProcessorExecutor-QBFT-0 | INFO  | QbftBesuControllerBuilder | Imported #257 / 1 tx / 5 pending / 153,630 (0.0%) gas / (0x89d35f4603e9684841613ad575281256ac597f7815e5e96fc60d30f70edec363)
2026-10-07 12:23:21.106+00:00 | BftProcessorExecutor-QBFT-0 | INFO  | QbftBesuControllerBuilder | Imported #258 / 1 tx / 4 pending / 153,630 (0.0%) gas / (0xe0660fcf4c0da2ec7e659e93367202529e30439df0f52b9145f9d2b242313c91)
2026-10-07 12:23:23.098+00:00 | BftProcessorExecutor-QBFT-0 | INFO  | QbftBesuControllerBuilder | Imported #259 / 1 tx / 3 pending / 153,630 (0.0%) gas / (0x30f1a5eadef3b774d4cdeb0338f612574b48ca0f1e71f6bf0c52040e4ea0585b)
2026-10-07 12:23:25.116+00:00 | BftProcessorExecutor-QBFT-0 | INFO  | QbftBesuControllerBuilder | Imported #260 / 1 tx / 2 pending / 153,650 (0.0%) gas / (0x459b88d9dff15c8975bea9a23aa5707161c89fb6ef9c0a29e6fd46b363c3c0ff)
2026-10-07 12:23:27.104+00:00 | BftProcessorExecutor-QBFT-0 | INFO  | QbftBesuControllerBuilder | Produced #261 / 1 tx / 1 pending / 153,618 (0.0%) gas / (0xfca0bc52480e686c7bbbbac0dfc3b514a2249b19e0c6ec41ae6c3f2479ca96e4)
2026-10-07 12:23:29.111+00:00 | BftProcessorExecutor-QBFT-0 | INFO  | QbftBesuControllerBuilder | Imported #262 / 1 tx / 0 pending / 153,650 (0.0%) gas / (0xa84b7b0ecc5c8c43e1e518c52e22dd7d68981478c1193a96b7b016ac62b4c9b0)
2026-10-07 12:23:31.095+00:00 | EthScheduler-Workers-0 | INFO  | PersistBlockTask | Block 263 (0x5fad784edb4bfd80f6d9f5dec2da8e9d87d1e59f2c27d6024f9459e64fcf718c) is already imported
2026-10-07 12:23:31.095+00:00 | BftProcessorExecutor-QBFT-0 | INFO  | QbftBesuControllerBuilder | Imported #263 / 0 tx / 0 pending / 0 (0.0%) gas / (0x5fad784edb4bfd80f6d9f5dec2da8e9d87d1e59f2c27d6024f9459e64fcf718c)
2026-10-07 12:23:33.091+00:00 | BftProcessorExecutor-QBFT-0 | INFO  | QbftBesuControllerBuilder | Imported #264 / 0 tx / 0 pending / 0 (0.0%) gas / (0xc094f6051ac0a0b498a97bd475d7d8fbbb2d4c5198fa9da06cf98fe9ebf0f75c)
2026-10-07 12:23:35.082+00:00 | BftProcessorExecutor-QBFT-0 | INFO  | QbftBesuControllerBuilder | Imported #265 / 0 tx / 0 pending / 0 (0.0%) gas / (0xfcc3fd84af63e9f54bbdf6b3736e39cf7b8f41059a0cf78cecf2254dd48c04b7)
2026-10-07 12:23:35.082+00:00 | EthScheduler-Workers-0 | INFO  | PersistBlockTask | Block 265 (0xfcc3fd84af63e9f54bbdf6b3736e39cf7b8f41059a0cf78cecf2254dd48c04b7) is already imported
2026-10-07 12:23:37.087+00:00 | BftProcessorExecutor-QBFT-0 | INFO  | QbftBesuControllerBuilder | Imported #266 / 0 tx / 0 pending / 0 (0.0%) gas / (0xbcf50b71530658aad05ac6bb59ded84369ba81f133d83d9b6c9982e940b678a7)
2026-10-07 12:23:39.085+00:00 | BftProcessorExecutor-QBFT-0 | INFO  | QbftBesuControllerBuilder | Imported #267 / 0 tx / 0 pending / 0 (0.0%) gas / (0xc73cb223ef34fa4acbbd6e480e13b90e19d00dc0f8bbef5da2b04f2da6559e8a)
2026-10-07 12:23:39.085+00:00 | EthScheduler-Workers-0 | INFO  | PersistBlockTask | Block 267 (0xc73cb223ef34fa4acbbd6e480e13b90e19d00dc0f8bbef5da2b04f2da6559e8a) is already imported
2026-10-07 12:23:41.479+00:00 | BftProcessorExecutor-QBFT-0 | INFO  | QbftBesuControllerBuilder | Imported #268 / 22 tx / 449 pending / 5,323,340 (0.0%) gas / (0x2e3e4f7e19e4a31615458d662b557fe24abd358ca70c8fbee38a2a6ffcad8b7d)
2026-10-07 12:23:43.761+00:00 | EthScheduler-Workers-0 | INFO  | PersistBlockTask | Block 269 (0xc3730369d1bb0a03a49e44ed41965ef285a95616190e435c3c529ad32ae4604f) is already imported
2026-10-07 12:23:43.762+00:00 | BftProcessorExecutor-QBFT-0 | INFO  | QbftBesuControllerBuilder | Imported #269 / 45 tx / 845 pending / 10,888,650 (0.0%) gas / (0xc3730369d1bb0a03a49e44ed41965ef285a95616190e435c3c529ad32ae4604f)
2026-10-07 12:23:46.186+00:00 | BftProcessorExecutor-QBFT-0 | INFO  | QbftBesuControllerBuilder | Imported #270 / 74 tx / 1311 pending / 17,905,780 (0.0%) gas / (0xcc08b34d30dacef4bb26a0cecf7b58d51a107643c66a8ba33340c55407e64053)
2026-10-07 12:23:48.620+00:00 | BftProcessorExecutor-QBFT-0 | INFO  | QbftBesuControllerBuilder | Imported #271 / 108 tx / 1799 pending / 26,132,760 (0.0%) gas / (0x9f7427204f382e639c63d8f971e38af73a06d68f436d39e5db997b13c1133d18)
2026-10-07 12:23:50.997+00:00 | BftProcessorExecutor-QBFT-0 | INFO  | QbftBesuControllerBuilder | Imported #272 / 138 tx / 1661 pending / 33,391,860 (0.0%) gas / (0x8ce287e4820546291e3055d7c2c65a549addf07c69b546da47c3d0e09c2784a4)
2026-10-07 12:23:52.935+00:00 | BftProcessorExecutor-QBFT-0 | INFO  | QbftBesuControllerBuilder | Imported #273 / 137 tx / 1524 pending / 33,149,890 (0.0%) gas / (0x7d27265c85da9463537501e02d645770b77ac80f0e0dc42b55b3ce374adf7af5)
2026-10-07 12:23:54.941+00:00 | BftProcessorExecutor-QBFT-0 | INFO  | QbftBesuControllerBuilder | Imported #274 / 137 tx / 1387 pending / 33,149,890 (0.0%) gas / (0xc47fde57dbeec4da717e7030a996f9463bdf65d94ecccc34c21f81b4931b46ab)
2026-10-07 12:23:56.953+00:00 | BftProcessorExecutor-QBFT-0 | INFO  | QbftBesuControllerBuilder | Imported #275 / 136 tx / 1251 pending / 32,907,920 (0.0%) gas / (0x839bb37029a41e5ad7a8217cd325a5e18f9359464f3fd4bd47fa4880ab466f01)
2026-10-07 12:23:58.918+00:00 | BftProcessorExecutor-QBFT-0 | INFO  | QbftBesuControllerBuilder | Produced #276 / 136 tx / 1115 pending / 32,907,920 (0.0%) gas / (0xec8db081b3dff774ec745c3b678f2e94892bff4b6f9b720742b51a4d26c47ae4)
2026-10-07 12:24:01.126+00:00 | BftProcessorExecutor-QBFT-0 | INFO  | QbftBesuControllerBuilder | Imported #277 / 136 tx / 979 pending / 32,907,920 (0.0%) gas / (0xc0d95a7468b80091c40f0a56603e4d98ebaa7400275c9c12ba1068c75b722495)
2026-10-07 12:24:03.065+00:00 | BftProcessorExecutor-QBFT-0 | INFO  | QbftBesuControllerBuilder | Imported #278 / 136 tx / 843 pending / 32,907,920 (0.0%) gas / (0x6bba0ed837f3de90645bfd055e02800138a60bb3075ee4a2a6dbbf8793c0bbfb)
2026-10-07 12:24:04.991+00:00 | BftProcessorExecutor-QBFT-0 | INFO  | QbftBesuControllerBuilder | Imported #279 / 136 tx / 707 pending / 32,907,920 (0.0%) gas / (0x2a8e630ebbb4fb1612653792c60785235213ad13eea3dccb00b7deebbf7de18d)
2026-10-07 12:24:06.949+00:00 | BftProcessorExecutor-QBFT-0 | INFO  | QbftBesuControllerBuilder | Imported #280 / 136 tx / 571 pending / 32,907,920 (0.0%) gas / (0x09411436a883de4ef8e17ca88c5c48853df610bb42290cbf4c20d52bd3b3bdf9)
2026-10-07 12:24:08.901+00:00 | BftProcessorExecutor-QBFT-0 | INFO  | QbftBesuControllerBuilder | Imported #281 / 136 tx / 435 pending / 32,907,920 (0.0%) gas / (0x082d99b208d688e12d15ac351a9e6a6613c5d2d78ffa919061051fc6f494c5cb)
2026-10-07 12:24:11.226+00:00 | BftProcessorExecutor-QBFT-0 | INFO  | QbftBesuControllerBuilder | Imported #282 / 136 tx / 299 pending / 32,907,920 (0.0%) gas / (0x92aefd94f1a51c59050d9759a74065e817e688ecbd6f721f052932b08707c8bd)
2026-10-07 12:24:12.775+00:00 | BftProcessorExecutor-QBFT-0 | INFO  | QbftBesuControllerBuilder | Imported #283 / 114 tx / 185 pending / 27,584,580 (0.0%) gas / (0x5d73d3045a832999746909225e0a8f97c3aefd006331de87ec40976163accdec)
2026-10-07 12:24:14.299+00:00 | BftProcessorExecutor-QBFT-0 | INFO  | QbftBesuControllerBuilder | Imported #284 / 91 tx / 94 pending / 22,019,270 (0.0%) gas / (0x827b8eeea795630d74fe545f8d27f029af103827c895e7155846590ab1436adf)
2026-10-07 12:24:15.937+00:00 | BftProcessorExecutor-QBFT-0 | INFO  | QbftBesuControllerBuilder | Imported #285 / 64 tx / 30 pending / 15,486,080 (0.0%) gas / (0xb1afadfd4edc143d3031b8d74a9b997528ea86b444c5a8e64911f437a8a1764a)
2026-10-07 12:24:17.536+00:00 | BftProcessorExecutor-QBFT-0 | INFO  | QbftBesuControllerBuilder | Imported #286 / 30 tx / 0 pending / 7,259,100 (0.0%) gas / (0x98d6388555ccfa28fac3a6aa0f9bfd61d15da4dc73400b017fd082190c225de8)
2026-10-07 12:24:17.536+00:00 | EthScheduler-Workers-0 | INFO  | PersistBlockTask | Block 286 (0x98d6388555ccfa28fac3a6aa0f9bfd61d15da4dc73400b017fd082190c225de8) is already imported
2026-10-07 12:24:19.073+00:00 | BftProcessorExecutor-QBFT-0 | INFO  | QbftBesuControllerBuilder | Imported #287 / 0 tx / 0 pending / 0 (0.0%) gas / (0x2a7177c85e377ac5c7a3932d56990cef3c5798dd31cc8cb5344b150a4a6853e7)
2026-10-07 12:24:21.089+00:00 | BftProcessorExecutor-QBFT-0 | INFO  | QbftBesuControllerBuilder | Imported #288 / 0 tx / 0 pending / 0 (0.0%) gas / (0xd531bdb95509afeb819d79205b572c5fe5368616c172311c4caf66a2119edabe)
2026-10-07 12:24:23.085+00:00 | BftProcessorExecutor-QBFT-0 | INFO  | QbftBesuControllerBuilder | Imported #289 / 0 tx / 0 pending / 0 (0.0%) gas / (0xd8e799635dae2a64c15d5a0122e7c77f7972de05424cf8b8d1756db2766862e2)
2026-10-07 12:24:25.090+00:00 | BftProcessorExecutor-QBFT-0 | INFO  | QbftBesuControllerBuilder | Imported #290 / 0 tx / 0 pending / 0 (0.0%) gas / (0xc3e2840d53a1198338c628ddccb13402476f11edb146f654ea33f6fbb1fe905f)
2026-10-07 12:24:27.088+00:00 | BftProcessorExecutor-QBFT-0 | INFO  | QbftBesuControllerBuilder | Produced #291 / 0 tx / 0 pending / 0 (0.0%) gas / (0x405a20732ccb1e16b4fc6217cffdf6cd1ff3452b53928e621963183a819fb678)
2026-10-07 12:24:29.092+00:00 | BftProcessorExecutor-QBFT-0 | INFO  | QbftBesuControllerBuilder | Imported #292 / 0 tx / 0 pending / 0 (0.0%) gas / (0x9bb9bbe23f27769c77373d27ac9e92ebd01d1031b90ec78d2bbc21a227c582eb)
2026-10-07 12:24:31.088+00:00 | BftProcessorExecutor-QBFT-0 | INFO  | QbftBesuControllerBuilder | Imported #293 / 0 tx / 0 pending / 0 (0.0%) gas / (0x163b22275cd01402e813dd5ce925d3f4161bbd09181f8816e3344640ec166ff9)
2026-10-07 12:24:33.091+00:00 | BftProcessorExecutor-QBFT-0 | INFO  | QbftBesuControllerBuilder | Imported #294 / 0 tx / 0 pending / 0 (0.0%) gas / (0x215d3aebe4e4bd736f749cf4aeb5b2573e84c9c728bb3182f29f4d49384505d7)
2026-10-07 12:24:35.081+00:00 | BftProcessorExecutor-QBFT-0 | INFO  | QbftBesuControllerBuilder | Imported #295 / 0 tx / 0 pending / 0 (0.0%) gas / (0x2108f0767ec7180c5016613d0fc8f550b29ae61eff2abf0addc3c7a3a1647d18)
2026-10-07 12:24:37.097+00:00 | BftProcessorExecutor-QBFT-0 | INFO  | QbftBesuControllerBuilder | Imported #296 / 0 tx / 0 pending / 0 (0.0%) gas / (0x52aad7c21b51d920f4a3cca9bb379a7d5ac87f639769230a75e8a8d82000144d)
2026-10-07 12:24:39.094+00:00 | BftProcessorExecutor-QBFT-0 | INFO  | QbftBesuControllerBuilder | Imported #297 / 0 tx / 0 pending / 0 (0.0%) gas / (0x0c65c4eb62c716c77c1a200b7a11548640a43896f935a18a0c22f5d611a30eee)
2026-10-07 12:24:41.091+00:00 | BftProcessorExecutor-QBFT-0 | INFO  | QbftBesuControllerBuilder | Imported #298 / 0 tx / 0 pending / 0 (0.0%) gas / (0x8d2006b20405d5dcd512b7cfc6673b0e3dd1c1bf88307c3d81fc09659422ed4c)
2026-10-07 12:24:43.088+00:00 | BftProcessorExecutor-QBFT-0 | INFO  | QbftBesuControllerBuilder | Imported #299 / 0 tx / 0 pending / 0 (0.0%) gas / (0xa2a58a1605ffb46b5b3071634858f3a9f73ff0cdf9bd393f3d1cc1e5f3a2b18e)
2026-10-07 12:24:45.092+00:00 | BftProcessorExecutor-QBFT-0 | INFO  | QbftBesuControllerBuilder | Imported #300 / 0 tx / 0 pending / 0 (0.0%) gas / (0x423a28bf00ca1f1a4eda431231df1660bdc3a4db23976d5361f055b636665a32)
2026-10-07 12:24:47.095+00:00 | BftProcessorExecutor-QBFT-0 | INFO  | QbftBesuControllerBuilder | Imported #301 / 0 tx / 0 pending / 0 (0.0%) gas / (0xe5d5ac408b318769dec22f9560c8bbaf2e2ec10e9ba0b87587f1aed6354075fb)
2026-10-07 12:24:49.091+00:00 | BftProcessorExecutor-QBFT-0 | INFO  | QbftBesuControllerBuilder | Imported #302 / 0 tx / 0 pending / 0 (0.0%) gas / (0x598c7e1fa9c0e75c05a9ecd3f7bcb500decaefa4bdefdc8d31856fd81a3cb8a0)
2026-10-07 12:24:51.094+00:00 | BftProcessorExecutor-QBFT-0 | INFO  | QbftBesuControllerBuilder | Imported #303 / 0 tx / 0 pending / 0 (0.0%) gas / (0xa4c934a32d1a8c570dbf267d434f8a91995a9519f0f82332a9717fede33ed890)
2026-10-07 12:24:53.088+00:00 | BftProcessorExecutor-QBFT-0 | INFO  | QbftBesuControllerBuilder | Imported #304 / 0 tx / 0 pending / 0 (0.0%) gas / (0x6e12186e9dac1cd942da07d836c625134d1c4eb0e26e7a053256c7b525e91f2f)
2026-10-07 12:24:55.095+00:00 | BftProcessorExecutor-QBFT-0 | INFO  | QbftBesuControllerBuilder | Imported #305 / 0 tx / 0 pending / 0 (0.0%) gas / (0xcd1ddee5f66a006ba8dc6ae1f1af45b63278efa7b525c14a03386c9fd9bbdff5)
2026-10-07 12:24:57.106+00:00 | BftProcessorExecutor-QBFT-0 | INFO  | QbftBesuControllerBuilder | Produced #306 / 1 tx / 7 pending / 153,630 (0.0%) gas / (0x8dca65e211f529ee7b1e70f95410970a824bb34c772ee9f81b44f6191faa3d2e)
2026-10-07 12:24:59.112+00:00 | BftProcessorExecutor-QBFT-0 | INFO  | QbftBesuControllerBuilder | Imported #307 / 1 tx / 6 pending / 153,638 (0.0%) gas / (0x7902e07ce0f2e5a6d8e404459e6c19df809f2decab909836f688bffce5fd720e)
2026-10-07 12:25:01.091+00:00 | BftProcessorExecutor-QBFT-0 | INFO  | QbftBesuControllerBuilder | Imported #308 / 0 tx / 6 pending / 0 (0.0%) gas / (0x3bfcd74583607ee9a53335417e1291f0c6395907c1985e0290ba2563ebb6f9ac)
2026-10-07 12:25:03.104+00:00 | BftProcessorExecutor-QBFT-0 | INFO  | QbftBesuControllerBuilder | Imported #309 / 0 tx / 6 pending / 0 (0.0%) gas / (0x51be02a088418351324e1049e98cf1ed2d12d8ead86e6757383467f040a3dd70)
2026-10-07 12:25:05.092+00:00 | BftProcessorExecutor-QBFT-0 | INFO  | QbftBesuControllerBuilder | Imported #310 / 0 tx / 6 pending / 0 (0.0%) gas / (0x653c203d1a37e441d4a92e18aa494e801fb68233d5b0dcc625844d708249782f)
2026-10-07 12:25:07.090+00:00 | BftProcessorExecutor-QBFT-0 | INFO  | QbftBesuControllerBuilder | Imported #311 / 0 tx / 6 pending / 0 (0.0%) gas / (0x631f3f2f0fd7d849f25e3306b475de1061bd3ea14878f47280dbca4ec5890d96)
2026-10-07 12:25:09.090+00:00 | BftProcessorExecutor-QBFT-0 | INFO  | QbftBesuControllerBuilder | Imported #312 / 0 tx / 6 pending / 0 (0.0%) gas / (0x9fa8a50d24ddf4852276b27d6ee01412dbceb859063631b5b0f9bda2d306ccad)
2026-10-07 12:25:11.088+00:00 | BftProcessorExecutor-QBFT-0 | INFO  | QbftBesuControllerBuilder | Imported #313 / 0 tx / 6 pending / 0 (0.0%) gas / (0x32f8cf951a168e1740d90befd644697c02e414e643cc072ea81e5ddc938605b9)
2026-10-07 12:25:13.079+00:00 | BftProcessorExecutor-QBFT-0 | INFO  | QbftBesuControllerBuilder | Imported #314 / 0 tx / 6 pending / 0 (0.0%) gas / (0x91623ad7915652ab7e1c6784a3645bf04b76f2da32d901f959ee0ed57a9d270a)
2026-10-07 12:25:15.101+00:00 | BftProcessorExecutor-QBFT-0 | INFO  | QbftBesuControllerBuilder | Imported #315 / 1 tx / 5 pending / 153,618 (0.0%) gas / (0x315c1fd033d648ed736580bd9cbf5ef4f85f8f8f02af1cd491e6d64093c94367)
2026-10-07 12:25:17.103+00:00 | BftProcessorExecutor-QBFT-0 | INFO  | QbftBesuControllerBuilder | Imported #316 / 1 tx / 4 pending / 153,638 (0.0%) gas / (0xd5e00531fdf8749b99a90f93deb0e3ead35cf5823caf5a390edd9557501e94b2)
2026-10-07 12:25:17.103+00:00 | EthScheduler-Workers-0 | INFO  | PersistBlockTask | Block 316 (0xd5e00531fdf8749b99a90f93deb0e3ead35cf5823caf5a390edd9557501e94b2) is already imported
2026-10-07 12:25:19.108+00:00 | BftProcessorExecutor-QBFT-0 | INFO  | QbftBesuControllerBuilder | Imported #317 / 1 tx / 3 pending / 153,650 (0.0%) gas / (0x3e74acd66693e0b8e3b82638c7dbc65e09b5d61485d360ce2fbd7c8cd3f1a3d8)
2026-10-07 12:25:21.107+00:00 | BftProcessorExecutor-QBFT-0 | INFO  | QbftBesuControllerBuilder | Imported #318 / 1 tx / 2 pending / 153,626 (0.0%) gas / (0x744d16dd720cf8274872de992b77e72ae92a73545054d03596dfa1de436484d6)
2026-10-07 12:25:23.113+00:00 | BftProcessorExecutor-QBFT-0 | INFO  | QbftBesuControllerBuilder | Imported #319 / 1 tx / 1 pending / 153,630 (0.0%) gas / (0xe00143bde08d2b29130c29ac3d9656882071f4d8a2370dd35c92bd80e1c2220f)
2026-10-07 12:25:25.096+00:00 | BftProcessorExecutor-QBFT-0 | INFO  | QbftBesuControllerBuilder | Imported #320 / 1 tx / 0 pending / 153,638 (0.0%) gas / (0x5761a018f5c6abd46527e8f0b114999232870f9206d68343d14736a11899e9de)
2026-10-07 12:25:27.093+00:00 | BftProcessorExecutor-QBFT-0 | INFO  | QbftBesuControllerBuilder | Produced #321 / 0 tx / 0 pending / 0 (0.0%) gas / (0xebfb1ad1664959c5dede7c7aa3521c79b220fd0152c0b85f575f1434a8ae72ef)
2026-10-07 12:25:29.092+00:00 | BftProcessorExecutor-QBFT-0 | INFO  | QbftBesuControllerBuilder | Imported #322 / 0 tx / 0 pending / 0 (0.0%) gas / (0x41ae2a3b35bc017bf6c278c504f1bd709356129dfe67b5abf5a9e0a7791afb2f)
2026-10-07 12:25:31.094+00:00 | BftProcessorExecutor-QBFT-0 | INFO  | QbftBesuControllerBuilder | Imported #323 / 0 tx / 0 pending / 0 (0.0%) gas / (0x5f084270f5a24a227ad6d983a5f79ced63b25318930de8fcd4f0f1f4667bb8b4)
2026-10-07 12:25:33.089+00:00 | EthScheduler-Workers-0 | INFO  | PersistBlockTask | Block 324 (0x9cd03dff41974eb4e59a4feb62a1a29c7f503917d34ef6298f9cd2be83dd311b) is already imported
2026-10-07 12:25:33.090+00:00 | BftProcessorExecutor-QBFT-0 | INFO  | QbftBesuControllerBuilder | Imported #324 / 0 tx / 0 pending / 0 (0.0%) gas / (0x9cd03dff41974eb4e59a4feb62a1a29c7f503917d34ef6298f9cd2be83dd311b)
2026-10-07 12:25:35.083+00:00 | BftProcessorExecutor-QBFT-0 | INFO  | QbftBesuControllerBuilder | Imported #325 / 0 tx / 0 pending / 0 (0.0%) gas / (0x95e6aff2a39001e2a67e4484e0e0b363f24df5e0c066179dcf068f438294b0bd)
2026-10-07 12:25:35.083+00:00 | EthScheduler-Workers-0 | INFO  | PersistBlockTask | Imported #325 / 0 tx / 0 om / 0 (0.0%) gas / (0x95e6aff2a39001e2a67e4484e0e0b363f24df5e0c066179dcf068f438294b0bd) in 0.004s. Peers: 14
2026-10-07 12:25:37.074+00:00 | BftProcessorExecutor-QBFT-0 | INFO  | QbftBesuControllerBuilder | Imported #326 / 0 tx / 0 pending / 0 (0.0%) gas / (0x287e8cc7f3a12e56d947ca2942f9a9a4f7ff77d306ca98f7fdb12afa62339d28)
2026-10-07 12:25:37.074+00:00 | EthScheduler-Workers-0 | INFO  | PersistBlockTask | Block 326 (0x287e8cc7f3a12e56d947ca2942f9a9a4f7ff77d306ca98f7fdb12afa62339d28) is already imported
2026-10-07 12:25:39.078+00:00 | EthScheduler-Workers-0 | INFO  | PersistBlockTask | Imported #327 / 0 tx / 0 om / 0 (0.0%) gas / (0x2ddfc0d306fb647effe9b5ccf2dbd59190b21892a3f4568aa40189a382b23e1a) in 0.002s. Peers: 14
2026-10-07 12:25:41.083+00:00 | BftProcessorExecutor-QBFT-0 | INFO  | QbftBesuControllerBuilder | Imported #328 / 0 tx / 0 pending / 0 (0.0%) gas / (0x6d0ad29eb66aa0e9d317cbe84b8fe444fcaec2f59d8c778e68a1928d099994d0)
2026-10-07 12:25:43.085+00:00 | BftProcessorExecutor-QBFT-0 | INFO  | QbftBesuControllerBuilder | Imported #329 / 0 tx / 0 pending / 0 (0.0%) gas / (0xcc244b6adc44a5d57151089cc4b941c2d94a5c1b7cf28fd3ff63ec89daecc03c)
2026-10-07 12:25:45.086+00:00 | BftProcessorExecutor-QBFT-0 | INFO  | QbftBesuControllerBuilder | Imported #330 / 0 tx / 0 pending / 0 (0.0%) gas / (0xe005dee38674da937bd5c3f9fb435099618d78431804ba3d9d2dcaff7475a776)
2026-10-07 12:25:47.056+00:00 | BftProcessorExecutor-QBFT-0 | INFO  | QbftBesuControllerBuilder | Imported #331 / 0 tx / 0 pending / 0 (0.0%) gas / (0x6232fe96fb357ec08152cfa754d57de4eb609b54d8004020181d3227a4e4a529)
2026-10-07 12:25:49.066+00:00 | BftProcessorExecutor-QBFT-0 | INFO  | QbftBesuControllerBuilder | Imported #332 / 0 tx / 0 pending / 0 (0.0%) gas / (0x45d31cadaa7e61fdf865fb496d6c5aa92db023498ffe07f9ada368738eb8b852)
2026-10-07 12:25:49.067+00:00 | EthScheduler-Workers-0 | INFO  | PersistBlockTask | Block 332 (0x45d31cadaa7e61fdf865fb496d6c5aa92db023498ffe07f9ada368738eb8b852) is already imported
2026-10-07 12:25:51.074+00:00 | BftProcessorExecutor-QBFT-0 | INFO  | QbftBesuControllerBuilder | Imported #333 / 0 tx / 0 pending / 0 (0.0%) gas / (0x3a8bdae8cf0969cf0429662cf123d1a3fd0e68ba8a86de4657271e007ad93480)
2026-10-07 12:25:53.084+00:00 | EthScheduler-Workers-0 | INFO  | PersistBlockTask | Block 334 (0x586864cc3d31e0ca3667df06b5c55deded6de411b74a9c8d2989e663dcd2c43c) is already imported
2026-10-07 12:25:53.084+00:00 | BftProcessorExecutor-QBFT-0 | INFO  | QbftBesuControllerBuilder | Imported #334 / 0 tx / 0 pending / 0 (0.0%) gas / (0x586864cc3d31e0ca3667df06b5c55deded6de411b74a9c8d2989e663dcd2c43c)
2026-10-07 12:25:55.077+00:00 | BftProcessorExecutor-QBFT-0 | INFO  | QbftBesuControllerBuilder | Imported #335 / 0 tx / 0 pending / 0 (0.0%) gas / (0x12a1b2ecab36683953556a8212ad1efc71b3978b8ca2ddadc8bfa8d26238d8f4)
2026-10-07 12:25:57.068+00:00 | BftProcessorExecutor-QBFT-0 | INFO  | QbftBesuControllerBuilder | Produced #336 / 0 tx / 0 pending / 0 (0.0%) gas / (0x0d7bf0f66faff9ea00e87724185d6b113003d8a6c8f06f29fe52e386d1b6fd07)
