tx_index,sender,rpc_node,tx_hash,nonce,submit_ts,confirm_ts,latency_s,block_number,gas_used,status,error
0,0x72CE66b35E90eC041604Ca411971c2377CEB2ee6,node00,0a7abfea3818589120eb2ccecd8c238f1d303aa6ace6f1d738303518d4067b3d,6,1791408129.2025642,1791408147.6548223,18.452258110046387,120,241970,confirmed,
1,0x805eC1A007FF088609bF7F5abB08BB6A21cb8cB9,node01,19009498204d2ca8c02a4e9a368a8e0f7af7feeca0897c92adb38626265d8dc9,4,1791408129.2089217,1791408148.7605941,19.55167245864868,121,241970,confirmed,
2,0x2690Ca73631AF868548a4B4a06c19DB54f50Bd9A,node02,a76fadfa0a9b2ee55d207adc7785b9d74664ef264d3d896b77345779b6eca0f0,4,1791408129.2157993,1791408149.831386,20.615586757659912,122,241970,confirmed,
3,0x2dc3644dFA53d88a05B96616234EaF0FcE24700d,node03,12fc64d59fa59d28778378072824efa3f747003df1b191df0c949c9301cde1dd,4,1791408129.2249153,1791408152.127432,22.902516841888428,123,241970,confirmed,
4,0xd366A487c5cb4EC05D1DdfF2D95ca54A7EEbCA66,node04,2e5ec9b7330be76a87462ef763fc5df08a90bf14c124ff135bddd8772b236db5,4,1791408129.2304409,1791408154.84858,25.618139028549194,124,241970,confirmed,
5,0xe00978c05895c1D9440C9A5600e595b1030f8382,node05,8e3460111735de81646996af022fe75e9ab7c9c0344e7c0cd87fc2647d0a49ae,4,1791408129.2371526,1791408156.3764865,27.139333963394165,125,241970,confirmed,
6,0xc862a6B51F13BBd787Caf417940777C191eE3158,node06,906294345697c838960fe44e1a47281d49f6a8690aefb077931a2573700de899,4,1791408129.240701,1791408158.3148112,29.07411026954651,126,241970,confirmed,
7,0x41A38e16FdDA41515c6A568e8122b356B00a797a,node07,2df49d36e8aefe5e04c5874726e3f22caa0f06bb859f20efea092095fe2d12e7,4,1791408129.2431848,1791408159.975671,30.732486248016357,127,241970,confirmed,
8,0x77914E7d1E73eb7e675df02717f52731f0438cbf,node08,3b5960cccdacbe9c9b800fce46d25503a0e335b70d3c71b64e54d28f48c5248e,4,1791408129.2456505,1791408133.2416935,3.9960429668426514,113,241970,confirmed,
9,0x6A8F51D44ceA6dd64454A214B6d362A88DCa243e,node09,ce6c0c007f65be1c6e11b37c57500545bdb11e4b5f905f04195e8535f9dc149f,4,1791408129.2483375,1791408135.3768506,6.1285130977630615,114,241970,confirmed,
10,0xAdDa51459065bd1487d458BDED4b57dA80dE1f29,node10,d57ff8ad3394c1eaa32e4dec65ce4b21fe07c06c86458e0c886266a13bef66d0,4,1791408129.2520912,1791408137.541919,8.289827823638916,115,241970,confirmed,
11,0x183C67eF77077111eEa5840F08627B7c6c41650D,node11,4df4bb6b46a7da5b8b108a8d309cad6a7d80a57d09a883617db0e0142b0d02bb,4,1791408129.256669,1791408139.838546,10.581876993179321,116,241970,confirmed,
12,0xCBf0Db2e24aE176c4dFc023d6A4E627d7A0edF3a,node12,2620012434c9838f299359d0b6f01ef85cc75fcc9ae7db1f6d50a738bc37d80a,4,1791408129.2593083,1791408142.0249128,12.765604496002197,117,241970,confirmed,
13,0xc3C5BE0222635094EAd2E363df246CE1667d5740,node13,8c8b569b30939ad27b9e27b6968c99e053a4a72fe544e73f147a9530cc2609d0,4,1791408129.2625504,1791408144.0979936,14.835443258285522,118,241970,confirmed,
14,0x2959e1051563Dd4bFf9175B3D2eF5F3b262Ac584,node14,6b28235b8ec2fbb7d1aa2f8c650bb46d2da60306b95492ce556b7381fdd0b610,4,1791408129.264743,1791408145.9453847,16.680641651153564,119,241970,confirmed,
15,0x8db9D7322f4ffff4D7D48D2f3585ab95D338C3C6,node00,b73d55746e12ea1631f0dd87716b02f523daf1927a64442a808d913261e76b02,4,1791408129.2769456,1791408147.6848478,18.407902240753174,120,241970,confirmed,
16,0x67205a1d9Bf53F99A4B99B96F63447fB01F68a75,node01,a3ca411002e7b1b15d9a21670f40bf00234df0d92bce3036296597b79e87c4fc,4,1791408129.278877,1791408148.831181,19.55230402946472,121,241970,confirmed,
17,0x3B70E4326BfB184CD37dc4d480851C5484c524b9,node02,6602198dde5d3b355181af228493784493cf10e7fb771e79a951fbffacab8d6b,4,1791408129.2812004,1791408149.845363,20.564162492752075,122,241970,confirmed,
18,0x435F0Ea010D9b4C8054ce97c1d901a2E46eD7850,node03,d60e535c3a4372ce32254ff03aaab8c0ac5039b9d41c7f1220771ad7cdb330f6,4,1791408129.282559,1791408152.1218944,22.839335441589355,123,241970,confirmed,
19,0xd041AC43719E7902c6d7eB135a401bD50Fbc733d,node04,7230cb5d113d4a2635997ed605dd02f0255756d28dfcc404ac7fa73608d13ad1,4,1791408129.2844803,1791408154.8392987,25.554818391799927,124,241970,confirmed,
20,0xeA232db68Aa3CD76Ee0d033bA1273C7a22eFdCc0,node05,f69af3452cc5f83d93d6538be04895beb04fd54f4993853584e12156d256528f,4,1791408129.287577,1791408156.478493,27.190916061401367,125,241970,confirmed,
21,0x3f372ff8b0Eb0aDb4f21628fE5Cd4ddEC5c14fb1,node06,4a1d670977ce244f5f85b0fc2ab796b719a4b427ab60329e21e9964ea666d591,4,1791408129.2883174,1791408158.2699144,28.98159694671631,126,241970,confirmed,
22,0xE89113a5B32e46318461d0353dBB4D50AA6914e5,node07,273d2501399335171ef21b6f1b6e076164f66333a1805c93e13b95d1dd1a200c,4,1791408129.293536,1791408159.9636269,30.670090913772583,127,241970,confirmed,
23,0x99b51EA973cD0037721482b78414b97b2759E7b0,node08,3531eb721cf7d525dbec77f1a7cc0fb13a8ce5d28fd0d6777f80fe0ceeee237c,4,1791408129.2998347,1791408133.5403857,4.240550994873047,113,241970,confirmed,
24,0x2C45D2aF8216A0F6505cBBd18D9CF26Fff8153E3,node09,0e03eacc8fb4a77c34a64a8270ea46db247ba13877e3d55547b86bb4ca32c112,4,1791408129.3037138,1791408135.4261491,6.1224353313446045,114,241970,confirmed,
25,0xdFd6c214F9FF634147F88D7D119861B5a368E791,node10,9588c96d8055fd27e0c3f3e1f8479adb14bf37bedb1944a248d83511b96fb4ca,4,1791408129.315809,1791408137.6486685,8.332859516143799,115,241970,confirmed,
26,0xe14E48371524265265E9e2c2CAd8927263D77d58,node11,9c3682d087f0767881637e22f8e592d7e7812e27396b0e9217168557a29f6fa6,4,1791408129.3176827,1791408139.9085226,10.590839862823486,116,241970,confirmed,
27,0x0C3148C9244E1f510d34f69B4af1D0459C3D768f,node12,d67b26d73699e17a5b898615bd6db14c6f160caf4317a61738fde9e324ba36a7,4,1791408129.318964,1791408142.0512154,12.732251405715942,117,241970,confirmed,
28,0xCC89bC1A422B32f15b139262f3712cF7Bc2F478d,node13,55cf56ab0624970f37dbdcb53cafac334b13e68d40c83588b7d2519e30ef678c,4,1791408129.321457,1791408144.1292956,14.807838678359985,118,241970,confirmed,
29,0x11F50Cf53E2d94A1daB58c001E4ef4bAd4180212,node14,a306e631e26eef07a15461d3210c3ad0b71485c65f5e96148ecb1dfabeeda2a2,4,1791408129.324629,1791408145.949274,16.624644994735718,119,241970,confirmed,
30,0x9ccbcA1390ce3694888C8938dDC126D79D9af581,node00,d26cde8eead3732d7edb7ef85dbab0fad8f0223b8779412b741b1e1e24d34a45,4,1791408129.3256185,1791408147.7051306,18.379512071609497,120,241970,confirmed,
31,0x9b23f1Ad2BedB3071c8B826B48fFE624BE3A1b65,node01,0866685e47baf68efa0ff0406e04ca31a57ae362c02a7e53cc3b3708036cedea,4,1791408129.3282204,1791408148.83477,19.5065495967865,121,241970,confirmed,
32,0xD2de4f33bD65f663ae22D8CEc07fA5893Bb15674,node02,477b0c19754e787adfda0469de48c38d615baa7f2f8a5b580c39cb7366d72f64,4,1791408129.3383856,1791408149.863465,20.525079488754272,122,241970,confirmed,
33,0xF0216C71537C924a1107e51f5054612963692f33,node03,91c0a7b07fb1dbce832014493e813456bfbecb768b699ad037b0d6ed2322e3f0,4,1791408129.3421583,1791408152.4551547,23.112996339797974,123,241970,confirmed,
34,0xF52b2c24C37A6a80EfB70de3AF2d9E696c65b4be,node04,4b8be5b5a248cf9a0a81a9268e1e204f36aa976eaa4b3b28998d68f85a67381e,4,1791408129.3488138,1791408154.9873106,25.63849687576294,124,241970,confirmed,
35,0xedB4A41389C7A81b9259Db7c0ee59c3e2093e7c2,node05,5b4f997164cf74365158791321c3d4e5d283b74f079678e394a23a7e1cb71166,4,1791408129.3513627,1791408156.6206598,27.269297122955322,125,241970,confirmed,
36,0xD122ee4C463cf636b01c83f1161587f25b6E873E,node06,8e4825acfc817ed42f1bb4f4273d94830f362d39164b11f45404f492f308c9fa,4,1791408129.3528223,1791408158.3725278,29.019705533981323,126,241970,confirmed,
37,0xD55AACe9E8D1557E5687677266Ad09054C2657bf,node07,d1cf22645927cf3f2364ab0850cf1623aa2cc584912879684cf6ce1f2a5dfc44,4,1791408129.354939,1791408160.00017,30.645231008529663,127,241970,confirmed,
38,0x2ec2c65fb6D1Fb23E4DA10Be5Cc2eE2259Df9eAd,node08,d90784e14c9915c698257e2f499d1b010cfd597f068b40b69ae92559cdfb893d,4,1791408129.3574305,1791408133.4240875,4.066657066345215,113,241970,confirmed,
39,0x0fC42483540E0f12C4F945af858643C824864e3A,node09,3970f6823f451675ef575588ea039d5e61de0ddfa57064e77b2ecf4d3ed29213,4,1791408129.3597176,1791408135.4189942,6.059276580810547,114,241970,confirmed,
40,0x0f96973d8e69840C6B776EcdB19E9ae032c83c77,node10,2c55919620358b8fe0b1c74dff185e323b1bd41e2db04d295ea6dac7c53aa3b7,4,1791408129.363656,1791408137.660825,8.297168970108032,115,241970,confirmed,
41,0xB0150e80165468E9266a6e96489F611aa51234c0,node11,35b2fb2a11c09e206865e935296c6bdee20ab1682e9378feafc98297c9438b0e,4,1791408129.366024,1791408140.0311916,10.665167570114136,116,241970,confirmed,
42,0xe891a9EA0Bd78106d09171A0cF62E4Ec63372738,node12,519424d38e54752a3d783de4a08ea0115802defb74bdc6dfa91df1ea76f5d03c,4,1791408129.3688555,1791408142.086547,12.717691421508789,117,241970,confirmed,
43,0xE5C999e7970B47Ac71867638f5321808c8C7aEF5,node13,2c303ca2523f3fa08da820b0e806c80d2947a9bf0fd16886c6342c9b3d4968c5,4,1791408129.370624,1791408144.1740122,14.803388118743896,118,241970,confirmed,
44,0x4d32C99978e2b953a4924Aa8988E29EdD111442E,node14,0d2b13adef3470323eda2cfb6ef844cd1010072ce51cb237303e3709bc3ed15d,4,1791408129.379965,1791408145.9552767,16.5753116607666,119,241970,confirmed,
45,0xf4964F9013654E6A8eC4F44B7dF7F218a1398C68,node00,0c20d80a2bddb20b2552c2d65ba389a33d867ec398d7aac72f1f88ad107bbaba,4,1791408129.3836193,1791408147.7840886,18.400469303131104,120,241970,confirmed,
46,0xA4c918d0084ddC00bFA161DE4Ee1148307FBAc03,node01,2396f64a57e5c6bc898e02d6daffb96808ea9454e877b7d487a9a670cbd928b3,4,1791408129.3847961,1791408148.938141,19.55334496498108,121,241970,confirmed,
47,0x6828e2dc62E5c3871273aF6F2cf337acB477DF2b,node02,8818ea8406a1d0592ebea74dce846c310c9525669df43b4ef9c0acd70dbe2ad3,4,1791408129.3886676,1791408149.8819046,20.493237018585205,122,241970,confirmed,
48,0xa6b7e001dDB11F93320E711934ee38a2f737c5af,node03,8339de85db9123f30bf3e4f1541c8530e13395da1df119cc139bfd3444bb0fed,4,1791408129.3961465,1791408152.314924,22.918777465820312,123,241970,confirmed,
49,0x141c83b72Edb030A334459fAAD1b4ffbE57d900A,node04,e86cfce83e5fa2c5a40d796102987ac4745130f6011a6a1879677b2bffdf2954,4,1791408129.3981037,1791408155.0015588,25.603455066680908,124,241970,confirmed,
50,0x1C653f21D963d17BE5d39bc955a4b6748a6E2c81,node05,84da7787186212854666c4d83de598653762135015f823d3e077d255898ed31d,4,1791408129.4009066,1791408156.5502884,27.14938187599182,125,241970,confirmed,
51,0x3c580600410c0df586988C189484Deb0393Ea4db,node06,85b90c3caccd968790af52f6ccdd57cad6b7d4ca2ab7ad9b7b0e626c4f6b7143,4,1791408129.412804,1791408158.2923367,28.87953281402588,126,241970,confirmed,
52,0x95E2110843177Cf114C9d1D1BAE2D308303dA89f,node07,622ad8c8b9dffdd178fcf510123ce4bc9fd8c3c2c6f080649fae27ae79175dc1,4,1791408129.4146242,1791408159.9945683,30.579944133758545,127,241970,confirmed,
53,0x682769950d9FA71A54C47Afc626958E6D8416E57,node08,a2e38c7eb094e95ac3bfaea82cf5fbc0bccc4bc17671da32421edab6eda97512,4,1791408129.4185615,1791408133.507096,4.088534593582153,113,241970,confirmed,
54,0x092956578B296D654143054c9B5264c1C0749E6e,node09,19e8620f2e052fc9dc83d6f544cfc6a28fcc896caa4564107b5c0671bebb9389,4,1791408129.4209907,1791408135.4631748,6.042184114456177,114,241970,confirmed,
55,0x09E90934882720D25f1a42DE53284D1708863B13,node10,dfb3be21a2b37bb21d8a534f4f52312ba02a97baff99d0d03cbffc3d7c185e9a,4,1791408129.4254372,1791408137.702468,8.27703070640564,115,241970,confirmed,
56,0x1081B0233E623f0a7f00B20B11c9b1690b4d3e5E,node11,6e67ce8b50ad4ee92ad59d6b0a20b57170252435082277766e15417c1a51b6fd,4,1791408129.4345472,1791408140.2134254,10.778878211975098,116,241970,confirmed,
57,0x1AF1123dA79775073Ae6c8bF43a86c02AB943B97,node12,ca4007026d2a4c1ac38de6df352e5819a668cd0da1155c401f3e9f75d685a82d,4,1791408129.4369054,1791408142.1033437,12.666438341140747,117,241970,confirmed,
58,0xbAeC1216f6e426D4660EA8ec9f11615427f100b7,node13,104887f181aca9d36f53cbfcaed34436688e5a069d085a60dc2bd0af7e76164a,4,1791408129.4382715,1791408144.2802358,14.84196424484253,118,241970,confirmed,
59,0x081ed7E6402d110EFB4159988424F9Ef0f7BC95A,node14,c3a01d89dc742e3dbf375e9b3965d9e38edad2036246e7280c0dca3479ab7e00,4,1791408129.4415293,1791408146.0090642,16.567534923553467,119,241970,confirmed,
60,0x687FB0bC2Dc1500F5Db394719Ea35e20bB9E10c6,node00,ef21b7ea73b4acdef56da0487ab296020d19c5ad4ad2587c5780bad3debade71,4,1791408129.444649,1791408147.747236,18.302587032318115,120,241970,confirmed,
61,0x2d562f6b08a095c032eb9309d4b7ea90A2a10Ce6,node01,49c2f28f9465468f327152d06712d93f9a1f81ed58dc698ebae338aaeacffd8b,4,1791408129.4458141,1791408148.9220755,19.476261377334595,121,241970,confirmed,
62,0x213E36380123219D09752eF336b7d95860Abb97F,node02,b50e84ac9b29c2c12a0f71c5bfe647a650b669a361e9e53702eceaebd02aac67,4,1791408129.4491913,1791408149.8766122,20.42742085456848,122,241970,confirmed,
63,0x58DEC1E30741DCBB136Bb4Cb5b40F5268D9BafD0,node03,7505e50de4abbdc9ce75aff6436aa55805f4de90d52ccfec0eeac744a49e4d41,4,1791408129.4510148,1791408152.2255306,22.774515867233276,123,241970,confirmed,
64,0xd76aBC38a26F4A4607d9EAA11e23C28caD61F32a,node04,eb94e71bbd8ef2965c853c7973c3400c0043c0360e17725280212ecbabff0992,2,1791408129.4649558,1791408155.1014154,25.636459589004517,124,241970,confirmed,
65,0x82Ac890648A9B1Fe93a279A580AC7636f03b4fa1,node05,41ab33b130d5c2e7971b0c49687284b01a65cc5bd5b734590836fa58b29590ee,2,1791408129.4660442,1791408156.6519754,27.18593120574951,125,241970,confirmed,
66,0x358dfC05317cB65204E78fF6fAaAEc5F8bE22b71,node06,f03403de519edde064a32e05e4863d9036be5727bd1afd220a08ee6b69d00080,2,1791408129.4678452,1791408158.3754828,28.90763759613037,126,241970,confirmed,
67,0x962E982F8aD33bd35933457a8C6fb013a4E3134D,node07,a23222b47e54c0958ca837e5fb02f5a7b343f63b0a1392fbb46e54745985a8e9,2,1791408129.4709907,1791408159.9732237,30.502233028411865,127,241970,confirmed,
68,0x3f237e8b422D016a2020138b59f5A150B9454654,node08,68175159980643f568adde3fd83e523abad8a24d8de85da6982b043ae9f6b225,2,1791408129.4748683,1791408133.526359,4.051490783691406,113,241970,confirmed,
69,0x192b77d23b3E19408263Efd42B700Df894a6bEC9,node09,10de9465ee710671ed91671abaa096a1807ebf02ade486024c6d48d775df0e18,2,1791408129.4775286,1791408135.5179653,6.040436744689941,114,241970,confirmed,
70,0x1B62543efDB780538EFE3202d7d8a3064C0f7c5B,node10,ada336fb1f486af9863ab025fae011b9e6944aec0d5e21a28cd73b5151d799ca,2,1791408129.478187,1791408137.720761,8.242573976516724,115,241970,confirmed,
71,0x4496Ce8240dD284A68D28b57b1B1df3F6faD25F1,node11,48f6a2ab2463abba9469336abf00b07d411f814269983860644d845beeea7981,2,1791408129.4799783,1791408140.1696293,10.689651012420654,116,241970,confirmed,
72,0x8760A85addf03696B07431eA9Ff6c222d58822e1,node12,ef4bef30a5efa93f57fd9a76fc037c53757d1d8f10d793ba3f13952d111dfcad,2,1791408129.4844651,1791408142.1581345,12.673669338226318,117,241970,confirmed,
73,0x59030961c1cF9eF493ABEe5beb610C97B9ccF767,node13,6f00cd9d68f60908a9124b862e76aa501db6229dac9d0bd6f70552d216e405a7,2,1791408129.4887507,1791408144.288785,14.800034284591675,118,241970,confirmed,
74,0x6aDb8D363aaef3eB7572B6c3078632e7198A5bAc,node14,75c1e715269470684471278f9246bc2f70cb01bf8b58759300607051b9e5734e,2,1791408129.4903357,1791408146.0576017,16.56726598739624,119,241970,confirmed,
75,0x6C2D8bA821072fc61bB28BE7826D64C69aDf4EC4,node00,61a301ffb37fd8c6b06274e22777437d32d06fab04d5b41261c144d69612a316,2,1791408129.4933357,1791408147.7875082,18.294172525405884,120,241970,confirmed,
76,0x5e49D8b2BafA599717CBB0F9D41ed606541e9b11,node01,7739cb9273301f0b7d47ac46ccd3ceb6cc8f4b1fa7a8d0b87133eeed4b040b9a,2,1791408129.4948401,1791408149.07278,19.577939748764038,121,241970,confirmed,
77,0x7FA061960AE17598B274Ce6D86A6be262d44c327,node02,1155f3d4d98c3edc5cb3d2f6c9e208bc790e2d070e381a2d5e2f732e6f69f8a2,2,1791408129.4974766,1791408149.943407,20.44593048095703,122,241970,confirmed,
78,0x9beB10B81d6279fB10b4BFcB90f0E760b824C5a8,node03,81b536bed5135772b20ac2da8b56090547203d095947545bcd4a8e89ebd45cbe,2,1791408129.4993303,1791408152.3542645,22.854934215545654,123,241970,confirmed,
79,0x041D224DfA12524E9388c282486C3AA4DeC363eC,node04,ebb8843cbe2b9638154d3e28970933260e869279f3f1a13fcc537c6f8787ae5c,2,1791408129.5007856,1791408155.063485,25.56269931793213,124,241970,confirmed,
80,0x26fbdc1981A93268361C85534921507e7C5C88FA,node05,0bf4a72dc9ead4efff78179df2203722cbda30a39828e4569af4920a5eef4b02,2,1791408129.5110247,1791408156.5440545,27.033029794692993,125,241970,confirmed,
81,0x8197A61Bb10336F81647a46bF2e1113b95124081,node06,f26fc7bcebf5ab8cd15f6c671cdd4e5fadc06ecce379ae4fe6cbe8bb3c167ca1,2,1791408129.514962,1791408158.3805082,28.865546226501465,126,241970,confirmed,
82,0x91B80a75703D16f7670Bd831aaaB00dDeFba96dc,node07,3dc8b6bbf58291d17f8c35bbf987598b9308a4d32e1c274f3b02e2f242146038,2,1791408129.517305,1791408159.9872508,30.469945907592773,127,241970,confirmed,
83,0xd24a8F8bbF42936CA08b3aF62a8c54Ab8AEa3F85,node08,5d93d92ab735ce971196adb510d4e928bcae87904f4e8099da51c5f5bfc21fdb,2,1791408129.5197177,1791408133.610507,4.090789318084717,113,241970,confirmed,
84,0xAA97b3888Ffef141Cae8362Ff8AbCF5Dc267683B,node09,b3c00614a3b05482e70854e6afc7f9dfdf1e493e874b63206f6f0355ad091b1d,2,1791408129.5222669,1791408135.572496,6.050229072570801,114,241970,confirmed,
85,0x98c40a2dc563Df29ecFD40e760FdC2BD498B7139,node10,56ed27424288db1ddacf47fe8e78535bc7b410396d4c1814147410bd2f4ffc6f,2,1791408129.5233254,1791408137.831171,8.30784559249878,115,241970,confirmed,
86,0x84fe578C7a950eacB49e7C4056E220AAF59F017C,node11,78f791d1ead389cdf69c001f78cdaaf6dd5b0d6e5c1b56e54c6de6662bd66de7,2,1791408129.5262618,1791408140.1068087,10.580546855926514,116,241970,confirmed,
87,0x44406a44e6fE84e05d5269B3E0DbA7462178bCBb,node12,4399404ea5898d7231e37caefcb230e9f0414a8d7941698e7b2f904a33b07d68,2,1791408129.527694,1791408142.255802,12.728107929229736,117,241970,confirmed,
88,0x8Df790b916498A62972b0260c38898fde9C44456,node13,4f33fd2be72bfd3e8a9bc4e7b9e05c0613045bcd1149cea264daefcf84f125c0,2,1791408129.5326793,1791408144.256278,14.723598718643188,118,241970,confirmed,
89,0xA0E6E0bf9CeDA9F637A4Ac9e11482ea269d32114,node14,a20bd3c7d991424d7582792e8c9e6e8a0ae26a5337417bce5390fea8e8debe1a,2,1791408129.549615,1791408146.0551121,16.505497217178345,119,241970,confirmed,
90,0x11c06Bede57c5e5746d82DC982f9fCB060b6089d,node00,7d0d0283b5c9920ca926eeb11eccfb3d3f94d39a70d79444bb4237ab9d69e28f,2,1791408129.552408,1791408146.0430112,16.49060320854187,120,241970,confirmed,
91,0x917C4901CEea8019B3145310e2345cD77C15dA34,node01,5e3776cbffd1ed38c573317938aaa7957a8410e0495c2f6fabb88e09114a0458,2,1791408129.5534256,1791408148.9627562,19.40933060646057,121,241970,confirmed,
92,0xCE8Ed53B3309F691ab49813Ba0A62bFAF87652DF,node02,3ccac9f389ee179bf70f8dff593e540d1fb20e96c5cecead75323d36ac94be2f,2,1791408129.5565813,1791408149.9634545,20.40687322616577,122,241970,confirmed,
93,0xc1da12d6633fecf043770Fd32175417523a1FB20,node03,596ece5bff4ede7299dc615ae95e33d5d82a1e726d91b840a191e5b2723610ea,2,1791408129.562307,1791408152.4362867,22.873979806900024,123,241970,confirmed,
94,0x7363a7eF2237B2A93C5FDD664F292122aE5CFc94,node04,4a3aaa743d3f598bf6fd7aa9dc63aa1062e1c6a364fa44e07c9c1dbe3859075f,2,1791408129.5640888,1791408155.030638,25.466549158096313,124,241970,confirmed,
95,0xE2D24404431fFDF36c6942c8BCFC848Be3b99808,node05,837dd27494f5850791f2b24b51cca17ff3b98c3c1190d2e6650ff70c33b66a15,2,1791408129.5652058,1791408156.539433,26.9742271900177,125,241970,confirmed,
96,0x07F94B5dedF80eA0e215D1397c39B4c4ACF67182,node06,e7047caf93282a0c5c94e64d0dc0488d9738ac000b35e794f46df30fc0354713,2,1791408129.5669625,1791408158.6949956,29.12803316116333,126,241970,confirmed,
97,0xE347eF7cD7A30163E64326dE481521A20F9AF18c,node07,50dbf01a5587b60920c42029ba414c960a556527b5bacdbc69d06b68b046be3c,2,1791408129.5697014,1791408159.9768722,30.40717077255249,127,241970,confirmed,
98,0xDc4c883576Ff6CAAA59BeC636D61D0D96ce3542A,node08,67bab805895831433da910640d7141da2b7684f8ed352150e7bd10e4568d6277,2,1791408129.572972,1791408133.5847938,4.011821746826172,113,241970,confirmed,
99,0x471fd63f783ed2aa93D4aDf739be3dbFf793a43D,node09,8c6eeba6eb332ed48445a115258b192f932a1094407c259ce1e3edd9e04ea486,2,1791408129.5754244,1791408135.749653,6.174228668212891,114,241970,confirmed,
100,0x0aBfbC5833Bf997086Df696f4295A06777e14c53,node10,bed5d473a26e9b84d559e6718b5c5e07cd7f040f24b3e1667cbacc46d64525b5,2,1791408129.5776682,1791408137.7916195,8.213951349258423,115,241970,confirmed,
101,0x59CdCC4211Ec7577CD9a7b088b553e9Dfb3b76fD,node11,4494e6dc9748107993db9f7d45017d499aa3fc7121eaf8922345ad2b28e6a9c3,2,1791408129.580243,1791408140.1150715,10.534828424453735,116,241970,confirmed,
102,0x324162E1d72f0BE4e0ae626058eBDFcD44de08c8,node12,01c0381afab05932758d8a2e36d4e8856a564f887e003afee91bde2c64b748cb,2,1791408129.5815861,1791408142.2719007,12.690314531326294,117,241970,confirmed,
103,0xd02293CA04307201aa61C72E7a30d277a200c5E2,node13,4b932ab2198bb31e8028662e08bfa4783d24f39ca249ca08af7bbd596d56870f,2,1791408129.5826628,1791408144.2954426,14.712779760360718,118,241970,confirmed,
104,0x0737d3a666F8FA9629E2A1E96d4135BcA5ddd367,node14,7c1022c762711e6dee747e707dddc36337702f2f41743ad87884c525f34ce730,2,1791408129.5878994,1791408146.1067019,16.518802404403687,119,241970,confirmed,
105,0x6d1A99AC98704975bF94728da7F4B260bAF70BA3,node00,0a53dca94547ae54cf6ba0aa727597c14a3ca95c8bcabaf918034344a65daa8f,2,1791408129.5894141,1791408146.0991547,16.509740591049194,120,241970,confirmed,
106,0x73803D98cBCC5D6A1c80729C0D735842a51716b7,node01,eaacd1e4eabdea39279176b2f03155cd598f0813da71ef9de979f0491ef9aac5,2,1791408129.5936873,1791408149.135788,19.54210066795349,121,241970,confirmed,
107,0x44e6282F79Cf40EA2fB6Ff2Bf8FCA06fD5576a17,node02,c336a941b45d10b92a7e59f47cd01bae7bbeb34335447ad9948ac5f8fa88dd21,2,1791408129.5959737,1791408149.9391012,20.343127489089966,122,241970,confirmed,
108,0x19Ee69f3a5450c1F1e604Dc78E94023A24c96848,node03,3b37fd7a64460dee4cad6ec96e3b1a8451bc684921334007f6ec1681b4a5d163,2,1791408129.5981011,1791408152.3478413,22.74974012374878,123,241970,confirmed,
109,0x223d8bf990dEEF2931689F93Aad2Cd8996d9fb84,node04,2083d5e11121748d1f745656aaa7cf05faaf6bbd2b9fd93fd4f233c12c6abd22,2,1791408129.601554,1791408153.9477215,24.34616756439209,124,241970,confirmed,
110,0x81a932Ff04dcB44C1A4a9FCf01A389bA9c974bBa,node05,3de0c7d80115eeb953dddd0830c7050f5a4fc12e3c237c74aef7221e84b1f2bf,2,1791408129.6053088,1791408156.536504,26.93119525909424,125,241970,confirmed,
111,0x77836056A0569cE3D6566C8e54cB476A935dAd18,node06,b7500a81769e3b9832298eab3146042c8df290e79663781afda82063aaa0beb6,2,1791408129.609469,1791408158.394983,28.78551411628723,126,241970,confirmed,
112,0xF8C531756AFD7AbDa17a05DF451C9cef0a7331DB,node07,5f7ee5c2f63cf752ceec9c6ab3d531ff4ed95372f75d18c91bd59d7627b4e764,2,1791408129.611982,1791408159.9806063,30.368624210357666,127,241970,confirmed,
113,0xd6B44bE172062b439645309ed02865a1B0617415,node08,35a91177d3601e9cd39e143a667dbca22e9507a9718904cbeeb300fc46a5f3b8,2,1791408129.6154346,1791408133.7319608,4.116526126861572,113,241970,confirmed,
114,0x25e7e0b1444C87D9b8f9f9955D96868E08A2e0fE,node09,f8811a829207a1ab0bf2d68be4ab90910bef0d8a7a9983c0808ed47ebf3a5c00,2,1791408129.6166973,1791408135.6866634,6.069966077804565,114,241970,confirmed,
115,0x6F28332AE89893Df6BAf139a902248921D7F046d,node10,dcc370ca80dc992a8523b94f12bd7bf40d6b2881ad4d0b8a3a04a4347cdd5655,2,1791408129.6182146,1791408137.8214126,8.203197956085205,115,241970,confirmed,
116,0xccE8B536c148e26c41133982e872572e1cE1a29B,node11,f5df78165b7f343642e9efb9bda751af1ce4e2ffdb6aaa5f4b955d06a911cf57,2,1791408129.6207108,1791408140.2990716,10.6783607006073,116,241970,confirmed,
117,0x87448e79C8bb41497943A4B69964b1347e60aE27,node12,aa0375fdeeb9dd4a16b50e70b83a35cc876bd31381198cd4c988f337d60df78b,2,1791408129.6231794,1791408142.2199945,12.59681510925293,117,241970,confirmed,
118,0xB75A93e57A94Ca225021Aa5760f67baD8981F406,node13,81906a840064a9a7fe8b8a6241e4013e75efea098276c679b1654831bf29f794,2,1791408129.624915,1791408142.2262735,12.601358652114868,118,241970,confirmed,
119,0xFFEd2671379dF85ba4f68597566b2931B2F0FF16,node14,6aebc65774b7de99011172cf998ba11cf2ac95c8c7034f84f2b17c8e1e7f99ca,2,1791408129.6303055,1791408146.2146556,16.584350109100342,119,241970,confirmed,
120,0x1389962F069C72Ab18313782399721d61DC4A4E8,node00,2fe46903a99a13f7a6f7d138cd3309f5b11ac4f073202387d0a90edd3c6195c4,2,1791408129.6334069,1791408146.2468047,16.61339783668518,120,241970,confirmed,
121,0x0D727aaf9F300182AfC2D05f94c74Fc3cB5ebB6D,node01,0408ec393bef64009bed20061c23c6273ef6e4b39d3bad3f43b629dff8dc4d5f,2,1791408129.6350448,1791408149.0542977,19.41925287246704,121,241970,confirmed,
122,0x0BB47DbF7a77d33D6930Ea39b537D6c8aA4Bb110,node02,c14d7435df58629122a66271929a725fdbefa61a783f81d4d8fde4afabfff68a,2,1791408129.6370099,1791408150.0665417,20.429531812667847,122,241970,confirmed,
123,0xf9075Cc8ea7422C8c5805ea817c4A4A68Eb2f4d6,node03,e9f917f76ff0df1cb5fac171774ed6d7d855df2a2d232c79b014b339622c71ac,2,1791408129.6386683,1791408152.6073515,22.96868324279785,123,241970,confirmed,
124,0x779Ffe561e9c5d9433fE2E81a30Ff5A69A78b50F,node04,312dc2b6b5eda43d60b255c02caf5ebf09b81b2f8b8bde9a0dc5028e9e51de68,2,1791408129.6414213,1791408155.0405426,25.399121284484863,124,241970,confirmed,
125,0x9119DAA90Aa405401263C7F73af4ccfA6e4E9591,node05,af6ff7b98ec146b857c111b9c530371c8e817797cdff60a007634d6cee3085eb,2,1791408129.644882,1791408156.6315064,26.986624479293823,125,241970,confirmed,
126,0x367aC82FD5C47292592ce95762a31a15679Db369,node06,a5c29be6ea9c66a9507c9ab991cbc7cb363858120908255540467658f1d57551,2,1791408129.647649,1791408158.5114427,28.86379361152649,126,241970,confirmed,
127,0x293024Ba145bf30264245Fd09A1D501b395aa3d3,node07,26665fe5e06aecf12e9dd48cc1184d4326db81a77f49463051412bf900bcf483,2,1791408129.648801,1791408159.9676516,30.31885051727295,127,241970,confirmed,
128,0xA029B5C731710A44C7E1975dE92A3C991ABc5755,node08,2ab88ff6632684383650121c31b4de118960642385a09de0192b1ee72574cf39,2,1791408129.6781912,1791408133.6395836,3.961392402648926,113,241970,confirmed,
129,0x92180bf590271d3F06f2C4E0eAA39b36555F3de3,node09,85ddebb78de680322b033ef057bc159d7dc413526be0219271ff9a569933d641,2,1791408129.6791916,1791408135.6962304,6.017038822174072,114,241970,confirmed,
130,0x51B78d50FD83982450beb639f6082e7eBa4b7f0c,node10,61ace64aa07f0b14878804a7372e9c6982e23eede4f2bef68381b844c1d8f2f7,2,1791408129.6826813,1791408137.7794428,8.096761465072632,115,241970,confirmed,
131,0xBEDd85a3305CB3545c50481C9180e525E6c1F860,node11,5fcf31522d4c52cc7d6521ebbc14f6f635ee939f42d9181f426b48054b85a2d1,2,1791408129.6843028,1791408140.222813,10.538510084152222,116,241970,confirmed,
132,0x6027de8cd5F85f5744f26008CD1ACec81cde000E,node12,fcbfef400597ed8333f39c1277dd51804ff042fa22978f275ad8144c7ec82d66,2,1791408129.6867347,1791408140.2834573,10.596722602844238,117,241970,confirmed,
133,0xD6F36cBF63998A78A482540dD867b142F89415ec,node13,7e0b82c80bbbf67cc178f65c64f046a4689a9a1e37b82d78799d2f21a34c23d0,2,1791408129.6920476,1791408142.5806005,12.888552904129028,118,241970,confirmed,
134,0x285A78C69056d346174aAFa9c691D8bCD4CD0493,node14,7ea0583842ef91087cd5e74eab2548654efc7a1058d4b2ab9608c73a946c16cb,2,1791408129.6962726,1791408144.6128912,14.916618585586548,119,241970,confirmed,
135,0xE9fE8669C2d1fd15f43CDbE7845a828CF539050f,node00,995a83de5e107bcd13da292ae852a1452537c98ced0e96ced7f83919a49c2fce,2,1791408129.7026014,1791408146.158331,16.455729484558105,120,241970,confirmed,
136,0xA9055dC2dbc7cD51e58b5Fc0df38a7e82f7307d1,node01,7e4bf9b32b77375f9acc6360b158c8969201632dcf7a04cccef12729514a1b45,2,1791408129.7055748,1791408149.0679955,19.362420797348022,121,241970,confirmed,
137,0xB189b84D5b32f5Ee181448215CA48cD1F0f49FE2,node02,9b726c0c7d0a9934a437b9cc35c38fd5d24fa023434c0d8a56528a869f375c64,2,1791408129.7093441,1791408150.0513945,20.342050313949585,122,241970,confirmed,
138,0xB652A69AC748facf7C3165E90377ab31Ac5d5226,node03,1b573dfc23c2706cabefdb00be0de8a7ca4f5bdc999422eaf368415d46e551e2,2,1791408129.7183466,1791408152.460645,22.742298364639282,123,241970,confirmed,
139,0x508FF1d45531Ea5478b0C16585e52136811B08BB,node04,5fbf803e13a771f6e72fd5187fb1432e47d36dfb4b6b2516f9e71a3e4bd3e4a3,2,1791408129.7197125,1791408155.2971294,25.57741689682007,124,241970,confirmed,
140,0x8571dA15f95E7c4fEcF6FF9C86B37E875a457568,node05,135f4168160cb27b5f3b680552798ff8d20473cf13a51df34a828dfa810f850f,2,1791408129.7220793,1791408156.5534134,26.831334114074707,125,241970,confirmed,
141,0x8Fade9c1E6C33beebC83736E92F8F525e33fDf19,node06,b0f5083756d4bec19e8d6d90cd1fd3249c25b8eecd5e86df1f8bccc0b683e3f3,2,1791408129.7241275,1791408158.4080207,28.68389320373535,126,241970,confirmed,
142,0xaBE13699479B7C990eAe96B7Bb61019074200944,node07,145e300f2c05df33873501fb81a1d1f7da4cf0f9f8130e3168951c7c31500805,2,1791408129.7270088,1791408159.99606,30.26905107498169,127,241970,confirmed,
143,0x967501b1ec696cd45b4DDa29958cA083B4F6B669,node08,576bb184c829a3fa9efc74deb4a125b6c73029ddf1a687d1ae05f414f5331b57,2,1791408129.7291403,1791408133.836608,4.1074676513671875,113,241970,confirmed,
144,0xc3b9449443ea7BEd13ED77173FFD54E6F49981EE,node09,62a4bbd266501bae47c8fe393eaab731e56094efe4e918d22e9cff29705deea5,2,1791408129.7343123,1791408135.666503,5.932190656661987,114,241970,confirmed,
145,0x35b2203A21a47012fF0bb51A0515e24d5c19E5F2,node10,d5cbdb79156f2b51e7b857031056896b1d604dd2f9b923c23c260922df1d3181,2,1791408129.735628,1791408137.8551168,8.119488954544067,115,241970,confirmed,
146,0x8317e8004Fd0f6CD488c5e1c965c77D98Dafb2a9,node11,4c5b49f0098b27a542ca99ed45cfc91e8f86f3d23917c90646a6d987711b7b5e,2,1791408129.7396379,1791408140.2708132,10.531175374984741,116,241970,confirmed,
147,0x36cE05D03eA0aDF8092BaD5c51163B45a24Bb981,node12,27b3ecffbac4656764338342efc0fdf51eb4525e6358ba4e4dd86dd3bcb800ae,2,1791408129.741014,1791408142.324885,12.583870887756348,117,241970,confirmed,
148,0xFaa96cF8F0A226204FF6a9507C19A551Ca5Ac432,node13,cf07425394fb97d95cfc885446a64fe57848a06c8ea4ef033d8d1827db427af5,2,1791408129.7437866,1791408142.3772833,12.633496761322021,118,241970,confirmed,
149,0x7AEeD57D0b0578327A13335A56470bDD012BBE7C,node14,ff4f090641d46cda5bdff07b5091b14534c325a917de5530cf68884eadceb079,2,1791408129.7466946,1791408146.3542962,16.607601642608643,119,241970,confirmed,
150,0xa1b3cB0cc0e77187BDfEC4598CFdB74d7F66BAc6,node00,59712e18751455f25f96fc466c80defaf83f2fadb6064260be63f62bba5055e7,2,1791408129.7480037,1791408146.3166118,16.568608045578003,120,241970,confirmed,
151,0x1dD465aDC248DadE7000F04C8526D7367B1fDd90,node01,10d5dfa3ff512f37eace7111b9d57a988b9e199985f53d098fc0fe21b053162d,2,1791408129.7495153,1791408149.2729614,19.523446083068848,121,241970,confirmed,
152,0x8470C2B25D3C83ff3ED63EE36E655699A8A15cf7,node02,58a7d48a9b89e33f8be44dfbb86b9602ee863fbef5a94e58c947d6844c77fcae,2,1791408129.7517152,1791408150.1130824,20.361367225646973,122,241970,confirmed,
153,0xa859353b8adC997627d6e94D30F14dD8c2274688,node03,5c53711020af9041ff561fa08b1a8ddf353ae8924940468f49d1342b3733761a,2,1791408129.753509,1791408152.514772,22.761262893676758,123,241970,confirmed,
154,0x5f6ec9797d6e67D067e7936209C0B8B451aCC03A,node04,47bc65aa9bb6a793024145a547c835d61f1cda0a5899fb7c7a3548c22c6ac464,2,1791408129.75624,1791408153.990131,24.233891010284424,124,241970,confirmed,
155,0xC70c0bE9307F7d9D7973629a920Ef3Ac706ef9d5,node05,dde513a56738f2c6c323e570597e451afbe692522a5fa73165cd76c2baf49c05,2,1791408129.7586873,1791408155.9374487,26.17876148223877,125,241970,confirmed,
156,0xCae11e22B503CBBd4F6C88aD8F2CB338b5450EA1,node06,5369fdded17fdc0debb170958bc35dbbbc1ceb2937408e1ddec3fc34368dc0c5,2,1791408129.7611341,1791408158.7229457,28.961811542510986,126,241970,confirmed,
157,0xEB99aa30ea0cCbaA4C41c0cE1643e769A7A89e2f,node07,0295eac4294e3ae7e94a329f7adfce36f19bc474fea31c928b0dd89a78068db5,2,1791408129.7630672,1791408160.025403,30.262335777282715,127,241970,confirmed,
158,0x7A8aAC45b296BD59C27657975Fd1Eb970758822F,node08,936fa0ffdda959da00ea71d023f82f94d8768eea0e0f66a92a5dd44064643d4e,2,1791408129.7660441,1791408133.8943472,4.128303050994873,113,241970,confirmed,
159,0xbDe6849022D9d925A08930F07C3C776B23537B67,node09,324cdc2e9ddbc0719467facdbe52edae889829ba17870bd786cd0a417588d4aa,2,1791408129.7681248,1791408135.8069704,6.038845539093018,114,241970,confirmed,
160,0x1376F9b0F93A581f111E0B7cF76e379b7ffCE70C,node10,d0c950642d981627df439129ba2e2dd30d1e62c4365177ccaff3166122e25e82,2,1791408129.771129,1791408137.9099278,8.138798952102661,115,241970,confirmed,
161,0xb63dB025Ab83E921A98D29A74b14ECdD7E8cF20D,node11,73abe80c84cc64a0198be9f58964e879e3299cd0cf879984f177f4956967aa9c,2,1791408129.7727761,1791408140.3616982,10.588922023773193,116,241970,confirmed,
162,0x2Ceb7d1A7989D908FFf624eb0c27fD0548EC59e2,node12,c9551a75b4dfbcaf1016013d7ee91b7d4e73f09761bc8cb02cd996d37967e9b4,2,1791408129.7749448,1791408140.3551402,10.580195426940918,117,241970,confirmed,
163,0x3F9493b09ab0c1779d8b22A500c3Ee4A84674562,node13,ee914ed397f5902c0b373c7487ef7885a13446c4a1c17d0a91f4529602ffd9f8,2,1791408129.776466,1791408142.3586645,12.58219861984253,118,241970,confirmed,
164,0x43576BA7DE73964C47417B41931c49C33Eba2B3b,node14,11e0cd8927304200d1f655b4cb6acc326a166ad7077123f2ecb1528f9b3899c2,2,1791408129.7782776,1791408144.4116592,14.633381605148315,119,241970,confirmed,
165,0xb0636929EAFb1F9db360adC22F0a16d7c3d2Ed01,node00,ec846304e8bbef05bd503615fb45cba335134768bd061f339162951d027e7ea6,2,1791408129.7802055,1791408146.3217356,16.5415301322937,120,241970,confirmed,
166,0xc2D9455F6299eD342eB41031223E4a6c02cfA7a3,node01,ccd9c971882b34ad29b66794a1ab46ea20edc1da78adfe1c790d29b967ae05b3,2,1791408129.7818468,1791408149.1329937,19.351146936416626,121,241970,confirmed,
167,0x842564Fb573Ab81Bd41900D6BD099CeBDF5d73b4,node02,0c068151df575b67f7ce3c2d8d5c3070c2658f2d640190e6ab6b2cef516071e7,2,1791408129.7846236,1791408150.335908,20.551284313201904,122,241970,confirmed,
168,0x9Ac7930DABCB3FA2B1908095596511149aD7bdaa,node03,f64603c61510e3d138cda44dd888d87399262df5d4874eb556f9760def9691fc,2,1791408129.7870932,1791408152.377456,22.590362787246704,123,241970,confirmed,
169,0x719178Cc8decA04C98163fDA1010Fa13AF5585E8,node04,6c02e229b477787ff7bf2d1a1bb7a72dfa92c9d02a6a945267cc25dd2c5ff53f,2,1791408129.791762,1791408153.9842627,24.192500591278076,124,241970,confirmed,
170,0x055ab4EDd66f75eAd267809A8d2D74C66f66f4fe,node05,c56b4aaf3cb5418cde4928d96352d2b72d112505269d4ced98e47aeaeb1473bf,2,1791408129.8001866,1791408156.5655112,26.765324592590332,125,241970,confirmed,
171,0xE3bBCDF4BFD96e6a192e362Ae84FFF38dE52483e,node06,0180a74098a37030fab500fedf9505006cbacaf7950701081ca13236fc9175bf,2,1791408129.8036518,1791408158.444194,28.64054226875305,126,241970,confirmed,
172,0xF4288a6346Ec2D617eFC83C16005AA3dE05F9cBa,node07,1bb194155422536ac72f7641fbe1ff4d9c42e22b2aeac03a07db002d546501f0,2,1791408129.807217,1791408159.9918935,30.18467664718628,127,241970,confirmed,
173,0x67B641195A025924A044EcB14936401240f85405,node08,bf3457baec04cfd310268a1b41cfb9da4faedab85029025a563dff10915d3434,2,1791408129.80867,1791408133.7758336,3.967163562774658,113,241970,confirmed,
174,0x34B02CEa73Ec3Af3b6aa96f1677550Bf5f43091C,node09,468b176f4be58670fdd88134e585593964021bb274245f99b439d1ecf39f40e1,2,1791408129.8118963,1791408135.9119208,6.100024461746216,114,241970,confirmed,
175,0x3C6da250DdacE0275B953BeCAD23c0A45Fb01C67,node10,8bf18eb29a93e8cddd7f4b64f3def5d2319b108d8a1ccbb0f3f6a1ab0a2ef5c3,2,1791408129.8147752,1791408138.0308022,8.216027021408081,115,241970,confirmed,
176,0x53933457DcA840a87264d946f96FE22d8F3f9288,node11,4fc0c5f6fa8dd88ea09e0f7e97fb37b40b57f5a757c6e866e6d824b87d69967e,2,1791408129.8165336,1791408140.8475716,11.031038045883179,116,241970,confirmed,
177,0x9E5953336d6A25445e000258fEF9b0FbD5eb20c4,node12,c5f1b07ab6067985e13a51de4f2dcdea043e5a1b4acfd8776c92bfc9828dbf04,2,1791408129.8200145,1791408140.424262,10.604247570037842,117,241970,confirmed,
178,0x80e4a9F5863b3B3914AE4Fb031027523209A1E95,node13,c76c3619f9a93ddc3160b450e5394520ccc16b7ccf181b67112ede135616fe76,2,1791408129.8217843,1791408142.2998326,12.478048324584961,118,241970,confirmed,
179,0xaAeDdAeA58d0ce43e0CCe1CF23A7ac6C30ACaF4d,node14,084da6ab98a50754c1a3da1eec8f40f4329b0db732346b5edaf0e141f4fc9d25,2,1791408129.8263078,1791408144.514089,14.68778133392334,119,241970,confirmed,
180,0x5c465aC7CCA142078c17c1020BeD3E65C861D5fd,node00,6eaa6b5543742d0422af20fda577f773082a0509e4634e1cb4bb185c837731ef,2,1791408129.8283525,1791408146.3329031,16.50455069541931,120,241970,confirmed,
181,0x22CF7fE36a3503906F87f1699D707B475615F029,node01,11f2a303cf4c2ea611ccc26da8547f8a377562554491b4ac3ccfe5fdf35efcbd,2,1791408129.8306344,1791408149.105827,19.275192737579346,121,241970,confirmed,
182,0xE9a0c481338573b05698AB2ad99F60bc22a6ebDC,node02,bb615daec8b5e7a8895e0ee629c71d5d99bcb81546ec0af2c8447a7133fe4994,2,1791408129.836854,1791408150.1218483,20.28499436378479,122,241970,confirmed,
183,0x844BC54D97Ab9A3B412E157C90ea07592aFBbb1D,node03,cdcd1d908bf709ded4fbe1a3d3f2d2fd0ac07b9eef85ac73e540edc7f154ae90,2,1791408129.847724,1791408152.44945,22.601726055145264,123,241970,confirmed,
184,0xa7522B60AF71884710F8841FeDFA79590E9b274a,node04,1c7a00d38cf224560140c49a4dda7fcb4fe3677f2337e0a5afd92254bcd0b035,2,1791408129.849559,1791408154.0155065,24.165947437286377,124,241970,confirmed,
185,0x762025Ee69F49440F6766205614d59cCf22e5579,node05,c7b6b00db0bae3565f08bc0285034f97de1a07e9167ba6c5f0a077b6cdee8fbc,2,1791408129.8512611,1791408156.638523,26.787261962890625,125,241970,confirmed,
186,0x3f123568ABB5482cBFBaf25D1901384b26D3bd79,node06,9e531858147d6b79624bb54249f072b2996bcaef73a43905ea351ca61c5639cd,2,1791408129.852491,1791408158.4294133,28.57692241668701,126,241970,confirmed,
187,0xb9Ca8E4Dff3a0Fe06a7a74059b8a4470D9BBCEfd,node07,33703012cbafbcb8134ca2175002ad63b1a8b3f795696bce0f9a0582b750131d,2,1791408129.8533087,1791408159.9992237,30.145915031433105,127,241970,confirmed,
188,0x2BD65e9794bA1fc973467b6C251E163530B1724f,node08,3415e9f850b428ca834d730963daf3633ef2c8ebaf0c617929f061b97dbfbd15,2,1791408129.8563428,1791408133.9000533,4.043710470199585,113,241970,confirmed,
189,0x5fe913064C4254860820C541c345Cc3e33F3eb6C,node09,2063856c013c133a943ece0223e2efa8cf824e4d249378c12178db56a7eac604,2,1791408129.8614419,1791408135.8250422,5.963600397109985,114,241970,confirmed,
190,0x7A2a650A14e7d3Cf76eFa13b423D43b3BA90E29B,node10,199ca2409b1c42aa32d9c01a45a166e1350086efe512fdb754eb2cb3d7e7e8f3,2,1791408129.8649745,1791408138.0180979,8.153123378753662,115,241970,confirmed,
191,0xbfEEEd9C5D424a99596a2cA18Ed8a25aFc88714D,node11,ff6ae39ac4e10b3e150f24a905a7a3963cd92e2cf7a4b728245d98f8d4ed09f7,2,1791408129.866902,1791408140.4589288,10.592026710510254,116,241970,confirmed,
192,0x1FAA8D559643F1437521bd05a959c52E26313157,node12,7952435db09fe392975cdba74f70b8790486199846ef7db5d6f7f839d0fa121a,2,1791408129.8688476,1791408140.3883505,10.519502878189087,117,241970,confirmed,
193,0xbC0C79cA54222fF3C17Bb5414A833442Bc342CbD,node13,76010b256b469144d00234b40a94490c9ae4dd6c436fad665e26e301352a9aa1,2,1791408129.870874,1791408142.6310196,12.760145664215088,118,241970,confirmed,
194,0xDE1B31cD02A0f7E5A76957785783866F9Ac364E2,node14,dde81b5409418fb4c5c26e59de6cc5a3a098f37f7e656242a8809ab39b90f526,2,1791408129.8768969,1791408144.4836695,14.606772661209106,119,241970,confirmed,
195,0x668605BCf1F899182482C49CDBd9d9bDb1eedc44,node00,a270af1952685c26252a916f0a0d5b65e71377009d629b05a00de81fdd63bbc2,2,1791408129.87977,1791408146.4533012,16.57353115081787,120,241970,confirmed,
196,0xed8ED4e2FB8d5C73c40f08564833e994EA8D9Cfb,node01,96230c72df5c85cf260e6fdf140387ab883b6816ad815656c2d661a452a34157,2,1791408129.8846421,1791408149.1641626,19.279520511627197,121,241970,confirmed,
197,0xB52e2E7335AdFd74B669AA01E0F6b2B1957DE393,node02,13ed756916c74f749fc9c8d7e4f4e38ac3e60dc89f81f50691ad0d1ec546d49a,2,1791408129.8870564,1791408150.0803976,20.19334125518799,122,241970,confirmed,
198,0xa691cBf4519df5aDAf3B2E9F355448Ac9Da1F8B5,node03,aaee94664599f08090fb34244cd654fb94f72e6b4d58c9ee7d1d820ef1744280,2,1791408129.888254,1791408152.731217,22.842962980270386,123,241970,confirmed,
199,0xf72e4339d573caA5f81fA2594c8d3F5f87088636,node04,867a649684dfa2d2613c56f3a284e6cb7db5117fb8a08006bfadf97ebee86c83,2,1791408129.8941512,1791408154.0143836,24.120232343673706,124,241970,confirmed,
200,0x3D6D0d5994d6Fd866f5e494b588fb949706Cee20,node05,1a159778c76c60d4edbcd8fb95c06d6139779cecd22109c4035d4e3fbb2195fe,2,1791408129.9046876,1791408156.7905009,26.885813236236572,125,241970,confirmed,
201,0xe1C06A8CfEfd800014B9C1ED148F3f15b705f312,node06,538f244f98ce9fb6fea5df9b74b648955ac7e8e3e149986a491c12880d0e7b5c,2,1791408129.9076376,1791408158.5873892,28.67975163459778,126,241970,confirmed,
202,0xeE299f2B4980813a6031434DdD043C7b0aC89087,node07,faacd47781cf1363b2af9c78f5067e4e881677d852e9c46f8ff21afa897386f0,2,1791408129.9139347,1791408160.0072684,30.09333372116089,127,241970,confirmed,
203,0x44F61BaCFaD63366b85580F36f6224bA9e5Ccd4b,node08,c0cbd32a6747fa11ae4345dd772672145eac0526cade83aa345657ee880aed77,2,1791408129.916299,1791408133.9021673,3.985868215560913,113,241970,confirmed,
204,0xdeD8b3Cad5d74906D1Fe44EBDfb77A5752938FF1,node09,3af3f99540171aecabf88006086dc425dd3a3393bc7b88d2600b482912448f74,2,1791408129.9181466,1791408135.842187,5.9240403175354,114,241970,confirmed,
205,0xFbEa4901531dC54B240C5Ac30e120c5198BE504e,node10,e2bf6ea9734716cf37d076bcb11f08393cce435b0580bf1365b3df92c7eef5e7,2,1791408129.921856,1791408136.4494638,6.5276079177856445,115,241970,confirmed,
206,0xD0E70a55C9556A7F1520372474dDFd8e05814732,node11,7003c2bfd9aae7c2686c61468e28b2698156679cffd6ee7ac9eec6b20c9b90da,2,1791408129.9257424,1791408140.8798926,10.954150199890137,116,241970,confirmed,
207,0x67694E1943CAb0CcD360d926a9C91656C78F7338,node12,becae0e5389844c748a09b3ec5053c924bbfa06f8ef1c2dd9378ed56f689b071,2,1791408129.9265575,1791408140.4644186,10.537861108779907,117,241970,confirmed,
208,0x2D535Db02C4C76F79a29DB3D20ED19B6Bb76Cf99,node13,88f06a8be519e425ccfd4c0c527db6efa946ff52f79df94da55c6921eb026917,2,1791408129.9332461,1791408143.1069255,13.17367935180664,118,241970,confirmed,
209,0xd70cd5E811FfD1029265bF1D0c755b52eD6481BB,node14,e2d6f50c4c6c83f3abf9ed13d8a082afa599f11f598c3f4c16d6da36c99a2716,2,1791408129.9376104,1791408144.7422743,14.804663896560669,119,241970,confirmed,
210,0x886Cc74A6506589aEf3B7aB45dF459Dd3F687192,node00,62c7f0f2cd3fd50b90a7709f59e2539765ba264f669d466005a5a94e32683431,2,1791408129.9401088,1791408146.6392546,16.699145793914795,120,241970,confirmed,
211,0xC29d566241408D069f17E7a212E03E15f21b1b26,node01,acf930cf2cb282282b7db3eb1dcc3cb52454b368971c6af2396bd784823fbdf1,2,1791408129.9418352,1791408148.209449,18.267613887786865,121,241970,confirmed,
212,0xAC473075ea61E8d01AA29dc83e5fb7b05D9c19a2,node02,80464c52b35124a807191aa9afbcda5b575ec04b9545576c9fe67d229df7acbb,2,1791408129.9470496,1791408150.3205879,20.37353825569153,122,241970,confirmed,
213,0x5533603C1952ed7F4B3b85470fC2A7054410a43d,node03,aab0fe7a1e94b3970376596d02705ec1a1c20f6ef619af9f5ca7e82c09283381,2,1791408129.9548428,1791408152.5431452,22.58830237388611,123,241970,confirmed,
214,0x5F42Be2B594A8545c52D2920f63256dDc0ad0318,node04,f4b8d05d876301066052564191ebbb6447340e61d68a12f72a864312b2462468,2,1791408129.9559174,1791408153.9718246,24.015907287597656,124,241970,confirmed,
215,0x0082C4037AEDDB7aC975a1c161e68e83738C8B62,node05,12a0b1f7dfcdde78f550b3ed164d0bc5711577212c2fc738fbd1a4c1e2e5dda5,2,1791408129.9609256,1791408156.6192498,26.658324241638184,125,241970,confirmed,
216,0x87f8612D6f73CA9304852F44C8C3ad79D37F6f1B,node06,d94ba72fc8a7709b950b94cb140ba678d271ce9c394058ce01e90b3f8794cfab,2,1791408129.9619744,1791408158.4774354,28.515460968017578,126,241970,confirmed,
217,0x823bCE06c60fbEF95b7B4d2a59c9eFCc7897C3ED,node07,ae6f518a9726965d2b073c4db3ebb1a12369cb11352c106c91bb485a5f3cf51e,2,1791408129.9661589,1791408160.0141716,30.048012733459473,127,241970,confirmed,
218,0x96662bc1C3f47F3fd0aF854F5D182A657cb5460e,node08,0a8ed9303623e79c83c291744c8bef27cb1fffdf24493f10016a1b7c42a1b002,2,1791408129.969658,1791408134.2180903,4.248432397842407,113,241970,confirmed,
219,0x2350C4946Fa75F76e7AD38cc53381588a6E562A1,node09,d98e43c7538e743dbb1831f4e2f29daa799e9f76c3e160c96e6278eb2ca1e6c0,2,1791408129.9727774,1791408135.867463,5.894685745239258,114,241970,confirmed,
220,0xD48D6FC75d6403beD9985F2E3B2b4D9D98184E3A,node10,dd020478b83a64f280ebbe0cf3a47318a21dcc86491925b9cfbb591b382e31b8,2,1791408129.9790382,1791408135.9696865,5.99064826965332,115,241970,confirmed,
221,0x9a50FA56881967fef91F9a8ED184BAfbD03f2151,node11,b6991f392317c1ab926d2394fd2b1dc7e9f23160847f55cc669b8d2a3dcb86e0,2,1791408129.9814363,1791408140.7575948,10.776158571243286,116,241970,confirmed,
222,0x45c56DcE88BBE428b7255d9Fae8D964f434d0E00,node12,3ec8521d5dddc72c52ba6f140737ed07fae04653738058df208b95c1565c64f7,2,1791408129.9830477,1791408140.7868068,10.803759098052979,117,241970,confirmed,
223,0x99419CCf54A9888d35d4a461fcF246205347dBe3,node13,440fc8054815209a4ce41cb8f56d82b5aebda94d1b61cf869df0ae0e901f7977,2,1791408129.9850726,1791408142.5861573,12.60108470916748,118,241970,confirmed,
224,0x3b5676114cf819741aF9D54ee71d87C485B982Ce,node14,845a95a6adc072e9fc6de7ccb4b217fd47af11d02e355c1ff0e6c97d8ba09e78,2,1791408129.986146,1791408144.871941,14.88579511642456,119,241970,confirmed,
225,0x43dD57254f3550BaB863EF1aD69493F834FeaE4f,node00,438eb3e0041fd3ba5e24630f18ec63829cf04cf6307018acf4575b9d2869bbdb,2,1791408129.992187,1791408146.4417965,16.449609518051147,120,241970,confirmed,
226,0xc757d5Dc7762aa653EA0B2f957b1646A63763153,node01,70f7d2736213d51d1020d7593002ab5c12e5c686ba7979b43669d00d79caf4d0,2,1791408129.9952114,1791408149.2458265,19.250615119934082,121,241970,confirmed,
227,0x46eB045116603bCf7eB3Aa912f57fe54034Ddb90,node02,1d369295fed00d687b63f426c3aac2e163740cf71764e3d18e39ca1d12a65531,2,1791408129.997333,1791408150.4994586,20.50212550163269,122,241970,confirmed,
228,0xeF0224667B23D4B60E78D2802a44E2A0C9F2c999,node03,5a1f3e708e9f6c68751a2d01a2dd44e3a1124ca67a099eaeda55e29d8ed440f0,2,1791408130.0006485,1791408152.557119,22.55647039413452,123,241970,confirmed,
229,0x2144537d2606A4951d1f56E5e21dd67382A42408,node04,7e1b3a57097d5c3271fa66f75cec21e7dce733e452f7288348b80e8c70d7854b,2,1791408130.0035803,1791408154.1890428,24.185462474822998,124,241970,confirmed,
230,0x076e75690025C3Cf377Adf75B8693e3c8Ee1a35D,node05,9f3db460d564683d9e2ed6e72e0a2e80afede9214a8ae214e3c68517c9e7f3c7,2,1791408130.0058994,1791408155.916571,25.91067147254944,125,241970,confirmed,
231,0xca2Bb6caBc6c50Cfc7dbC2645a9fD43e3bC6263E,node06,950fd7bd18627a9eeeefb1c0cb893421be3ba4db48e1a992f5ddf9f23370b1fc,2,1791408130.0089834,1791408158.620123,28.61113953590393,126,241970,confirmed,
232,0xC67AB3EC9788bA67136Ff27AFd492e63c8b7085b,node07,ba85b7d10d9db0c30b39eda1bc98aa22eff1e0827e2b3f6193567a488dc37078,2,1791408130.010126,1791408160.0055158,29.995389699935913,127,241970,confirmed,
233,0xB7DD603C75AFE04d5A9176a7Ed582Ac49d75538a,node08,f69c9a954470176003739789632927ccd02fb19f3bbda92d002d91f4d5975e4d,2,1791408130.0253694,1791408133.9918766,3.9665071964263916,113,241970,confirmed,
234,0x9Aee9aD91d24B38AcD9dEBafd5FD6897635f80A0,node09,d8312475c0bad1f3dd90f8211ebe5acc24fe390cad1cb9d83baa6c7535484c07,2,1791408130.0265524,1791408134.137015,4.110462665557861,114,241970,confirmed,
235,0x63D9CE24bbb79A8596382144DC01A1EA154A3C19,node10,7c2773507eea8ff8a8da2d7307e54f3085551b3c33637b076d3b0631ccc6f90b,2,1791408130.032017,1791408136.0297813,5.997764348983765,115,241970,confirmed,
236,0xeAfDFF3E3E9A33B2bF4fAa8538b23d2562188818,node11,f4b54594948086e8e6a5bd341058787644de93ac92fbd66c60f4dfbff7d2e2a2,2,1791408130.0370967,1791408140.448467,10.411370277404785,116,241970,confirmed,
237,0xa9b084332157f11899D147AF8eaDaD62B1976d46,node12,c8770db53780e78e435f452b693bc6209f386429604831a106aa180075ad8b54,2,1791408130.0449212,1791408141.0086071,10.963685989379883,117,241970,confirmed,
238,0x9f4933A0FA03Fd7DcE445AF727363276100919C7,node13,01723ead002d5c97ce505cf3cec23b5b043051039f17679c5c502f66aacbd866,2,1791408130.0461223,1791408142.687131,12.641008615493774,118,241970,confirmed,
239,0x42D6DEC3d946E23338962C88eAa82839BcaDDE4E,node14,07167bba53fefc3bed12faf3469ebd46997e4bc2c81b1a6312ffdb99771e436d,2,1791408130.0492003,1791408144.96045,14.91124963760376,119,241970,confirmed,
240,0x9C90F029DdAbaBAB39e3ad2DEDB1207d39D88c46,node00,0e0fea9654f09427e2eb0d2024745609480a7f7ba4c467679a90c92e2ae4abaf,2,1791408130.0511005,1791408146.799877,16.74877643585205,120,241970,confirmed,
241,0x4d2C24C100Edab021Ed6710940c640F41FFFcdcf,node01,b49db319940008a5fb5820a54eb24adb19c6bf7580cf1f62afdfb3532e28f5ce,2,1791408130.0529118,1791408149.3040438,19.251132011413574,121,241970,confirmed,
242,0x4963b64d860DF4365460Aa9c887490813169b1AF,node02,aaf62c775748f07a1a4c6cd41058bdce2cdc4b5a359ed276c33ac1910f7e57d1,2,1791408130.0541356,1791408150.1553414,20.101205825805664,122,241970,confirmed,
243,0x02DB8c17D1646Dc7a08FAF3e283108AFd28CAfF5,node03,f59510aa22729f0edd9c0b38ded7c60c638b29d2b05f64fa37ae205c4b09fc7b,2,1791408130.0557337,1791408152.5025764,22.446842670440674,123,241970,confirmed,
244,0x3bdD336397ACC3650D42583F4bE1A7B89bb3F38f,node04,e50ffc597be983887ab19f31d8a21d4853116e0006d6bdf0492c7f56794853a0,2,1791408130.0599625,1791408154.0266573,23.966694831848145,124,241970,confirmed,
245,0xafFEE2CfE80854b39C6e106b868Eb9f5FE6bf5bC,node05,c4767a139380970543cee7cbdb922aec215af285c60c44b236449b8530acde41,2,1791408130.0621896,1791408155.8823931,25.82020354270935,125,241970,confirmed,
246,0x981FDf1A0210C2a88d49fb489688f6A2561BbcFD,node06,09ad8b3f569a12a61368e1be12a5ec9a2dcd4e61c56c41d67d8d723bde56b7ce,2,1791408130.063078,1791408158.5504165,28.487338542938232,126,241970,confirmed,
247,0xE72d7870294E81b296ABe9B855946d9dE59b9168,node07,f4eb95ae469fd6183f7329483adf151e3c24e4351bc612ca5be035e322ac59a6,2,1791408130.067281,1791408160.0367293,29.96944832801819,127,241970,confirmed,
248,0xb65FB13049283fB5c0d8488E848bcF0B8E51F0E6,node08,b315f52ab5cc5b9b38201df5f6622621495f5415ae8f97ac47552270184edeba,2,1791408130.0704126,1791408134.160315,4.089902400970459,113,241970,confirmed,
249,0x19c51445E904eaB25C010069E261B14014797658,node09,a20c53cd6249909a76b1af6cd1d522e26848a77732902aa41c7d607ad6f8f954,2,1791408130.0765107,1791408134.0550075,3.978496789932251,114,241970,confirmed,
250,0xac73e2f28C24ef31591D798464299b85D48ec4CC,node10,d67708cef6fa2920c9b256dd122b683ded82a761382d8488c08a4339720e69a8,2,1791408130.0794153,1791408135.9925225,5.91310715675354,115,241970,confirmed,
251,0xbd32383380B39Eb294dB5157266dd9cce38fd314,node11,3c741671d1a48d992003e7414d1062003df4d40965bf58fbdbdfe6ab9177fb1f,2,1791408130.0813656,1791408140.830334,10.748968362808228,116,241970,confirmed,
252,0xc8B196A9bFA21E4cad4642881f41ca2Db9fA248D,node12,7ccdad2c9308085e052ef99cc38eabf539a76a5158f19588093724477308bd15,2,1791408130.088988,1791408141.3744876,11.285499572753906,117,241970,confirmed,
253,0xA4f406b6cd6F604b15eC2f86116ded152e599a99,node13,99ebb4b1ab598d6fe7377a7085c3db988307cfb7f6986c8649233dca14d23146,2,1791408130.0898767,1791408143.192783,13.102906465530396,118,241970,confirmed,
254,0x1a482cFf2484801a0ed3810c9F0fa4b4BC770C59,node14,a9299e81111c29607c39c834c736f399ff792ad2304fb3573fbbb7c017881f5f,2,1791408130.0928123,1791408144.8882084,14.795396089553833,119,241970,confirmed,
255,0x2e0Aa2524b1c5A98DBb0223E2235A5d5EeEe55A8,node00,0b494423fb329b99baa948fd05da8fca6d4c3a0482270d1ac40fa25c0c6785c2,2,1791408130.1030147,1791408147.0264761,16.923461437225342,120,241970,confirmed,
256,0x63eD9c71C3dB485967C9C847457D410486A8BAE5,node01,f46fe68c8c8fc52ca545b16f654a473ffa4b4c3c215c71c17c22d4798183fdf0,2,1791408130.1046011,1791408148.2714803,18.166879177093506,121,241970,confirmed,
257,0x0c26335a44645DC7FD175Ff70A8fE432F3874dC7,node02,9262ca3043f2163ea18bb1a49cf047152427d7b49ba9ec839999b4de7756035d,2,1791408130.1104631,1791408150.2777617,20.167298555374146,122,241970,confirmed,
258,0x7e0A529998ad9bDA7fEc3beeb915215fe8b2837e,node03,3815eb83b202b0429e79748966e637375a410fc3c9f76bba09b01eb7a1f880fd,2,1791408130.1122007,1791408152.6381164,22.52591562271118,123,241970,confirmed,
259,0xd9163039757951A38CE8327bd5A8924BEb84822A,node04,fa0cf918d2db26bf7517a21e921f2f5157cfb4a630386dbf0145c923b63605c3,2,1791408130.1129916,1791408154.2843945,24.17140293121338,124,241970,confirmed,
260,0x43828a7D99403af2F69ADCA683a70C7F19FfA57a,node05,a096cc0d04807c4852c783b2326bf608d7796f890867e2d7bca96afb7dc055b8,2,1791408130.1138475,1791408155.9563255,25.842478036880493,125,241970,confirmed,
261,0x3796E5e2c23d63D0B838FF17B04bBDe588612Ef4,node06,ef6047c09fcac3c3f162a7dd782bb884e50016f4bf5d35b03dc35ba65e39d2fb,2,1791408130.117336,1791408158.7239344,28.606598377227783,126,241970,confirmed,
262,0x4CA7748B326112481fE63535dCD781c9E181160f,node07,4ce553065e654d84a52d2f0f9c4533be6efef32d7c02e9cd462cbbf5853c5f18,2,1791408130.119534,1791408160.050308,29.930773973464966,127,241970,confirmed,
263,0xcFe9C567a93633fBb4985Edde453A05A4AD8B18f,node08,27fad0b5d68e7868185d7e3faa95c6f7bda3ff35c53572fddbaec37aa0353b79,2,1791408130.1216543,1791408134.0170233,3.895369052886963,113,241970,confirmed,
264,0x6B159549ceB71afD831Fb55f5F275D4EA923176E,node09,83f4ff32122f37d94c286b1c79f9c7ae75f141a07f00d03b964c2683410b0c7c,2,1791408130.1247547,1791408134.1378345,4.013079881668091,114,241970,confirmed,
265,0x4A21F87116386CA9eC7959c04ED6b3238b6B8772,node10,c5d172e0bce81a79e761f105efe0bba4a6d96010acc473340512b1821d2d0a6c,2,1791408130.1261055,1791408136.074741,5.9486353397369385,115,241970,confirmed,
266,0xc161B55A42e7bD5ab55739A378A3D2A204db679B,node11,5b293f9d0c164dbdc3d0ae319c940ea9bbfb1701f09db8eb3e353e2f8eedf340,2,1791408130.1282065,1791408138.2197847,8.091578245162964,116,241970,confirmed,
267,0xcCe86F6f89656E7CF594EC57b0EE575b67d800D0,node12,56b013fbb34bd4a40a9cf630d1752002c881fb058c1a204015d6c9983f8f5dc8,2,1791408130.131106,1791408140.4958694,10.364763498306274,117,241970,confirmed,
268,0x6Fbd2fe815a1370a9AAE19c52D308ce6Df60cA65,node13,63c30001591a8b27acb6d6e1fc3b7012bc2546759097df1a27bf7d34ef8d9dd5,2,1791408130.1345441,1791408142.760654,12.626109838485718,118,241970,confirmed,
269,0x0561219d6D12F0FE10eaD13264D01e6B3076AcE4,node14,d62e22876651d6b29be5708ed4c7e49e451dd8bdc74c5402fad870343112dca8,2,1791408130.1364508,1791408145.000956,14.864505290985107,119,241970,confirmed,
270,0x8906878C04d7d4Ce4b9B441E6059A993F2Da204B,node00,9dc8fbdfd57cd032a33ead6c02c1a7d66e8385f3bc14b7b1d50e2c743e65876a,2,1791408130.141716,1791408146.6716845,16.52996850013733,120,241970,confirmed,
271,0xFD34D25259C5643B15be198193c403cEab496041,node01,4ce7e5ff8be0e5f5f9300eef8f0bef4bb7845f158aaef9758d2104ff23414e28,2,1791408130.1433587,1791408148.1469147,18.0035560131073,121,241970,confirmed,
272,0x8E49A1310463D3fbB83d3437F6ABc7317860F9a8,node02,bab758ac6e27366f0aef90075b5021e6418ac5a7f5e4dba31a39a7a6b2cb4ed3,2,1791408130.1470113,1791408150.2868893,20.139878034591675,122,241970,confirmed,
273,0xCbAbaFA048A9DbFa22C611ab3A2B6C546703c2D4,node03,44dafd5c25b7d54816e645f70fb551a51e146345741e27ed06557b7883d0d404,2,1791408130.1496778,1791408152.746808,22.597130298614502,123,241970,confirmed,
274,0xC7458BdFCf4D8f37A480455c373eB3De5D76E5cB,node04,f37bfcf8edb01c3fe71816ff58d928c17f0309c0f773f37396429070ec85b044,2,1791408130.1534612,1791408154.0426664,23.88920521736145,124,241970,confirmed,
275,0xed3e1143E982B353d989D1d67b410ba62c6B82D0,node05,5c0421eb03377cb4727e061e7492f7a98e45dbbfd9c58527e60561cc2c37dcac,2,1791408130.1561375,1791408155.9611402,25.805002689361572,125,241970,confirmed,
276,0x7d8D966e66E4A875f4caC79C77079F6feb0fc041,node06,2fbb954da1951d31c49657fb5de5c83949ba2773bd12e886e2fdb281845bb565,2,1791408130.1566386,1791408158.641264,28.484625339508057,126,241970,confirmed,
277,0xcE36e42840a0F668c02f60d50C81a6416a83a33B,node07,916c24d5c2ba89b0c2352878d011f46e74bdddc172ac17aa308abfd960356c41,2,1791408130.1633356,1791408160.0473514,29.884015798568726,127,241970,confirmed,
278,0xBD3c078332c1E4cefaA38A1ed7c766c51AF126e0,node08,5319c2ed6e191b8ca211a90b5455a5f033a6a8bdd3a2dbedcb45d2427e48bf69,2,1791408130.1669216,1791408132.0164797,1.8495581150054932,113,241970,confirmed,
279,0x3a97aF29c81203FD623E1814c869bbC4743904D4,node09,fd4dd631e39a9f621869014b32eafff3445c188a570f111fc276dd3788016bab,2,1791408130.1692376,1791408134.217094,4.047856330871582,114,241970,confirmed,
280,0x8dF56134C87BbbF003Ad342e46139dC5ed80a727,node10,c72494535d7c1162f9a471d2fcca89e575454bfd9b00a03c81d46b02177573a8,2,1791408130.1784165,1791408136.1801217,6.001705169677734,115,241970,confirmed,
281,0x6238d0dC8B785d0d8785A949F4602De5bCE60114,node11,d1a733d69e58e0fe6f40893ebfe47666f66447c3c9ad0ec19da234a046f89739,2,1791408130.1811976,1791408138.386456,8.2052583694458,116,241970,confirmed,
282,0x53c2602968aa5aC3D8AC31E226a836A8f2f07b93,node12,e44c4c4d8ac780163634929f6c8c502578aa3ff7d63a98a41acea3806b734b9a,2,1791408130.182919,1791408140.5788493,10.395930290222168,117,241970,confirmed,
283,0x212c9fcE3017972276f1aAD048fC0bCE48f64b25,node13,3768ed6a26f90518208f60402b16d60e76aaa56bd410bc033a348631aa11fd23,2,1791408130.1850798,1791408142.718213,12.533133268356323,118,241970,confirmed,
284,0x9Cf8d355636CB578e6815DbcE2e314e5118a7115,node14,7da5a3e8ccb6ac3d67580a329f4fea4e1220b3b891197b1e5092abe7f7c1b06b,2,1791408130.186796,1791408145.2239022,15.037106275558472,119,241970,confirmed,
285,0xAd9063Df0FfE7C259563437956B69D0881633C32,node00,bf89594bc9d3a21e522b8a7e16aef50e2d94b72b8c3473d2423313e64501ce24,2,1791408130.1892815,1791408146.8268278,16.63754630088806,120,241970,confirmed,
286,0x92E89c34B7484B0B2E2e0DDBc545E06d69535C77,node01,d29d9172dff39c9b63eca7cfaf58f84d265eb1eb456b1cf92a3d30feb758200f,2,1791408130.1908631,1791408148.1166484,17.925785303115845,121,241970,confirmed,
287,0x64d28667529b94198B959A6E28C7f752646beE4C,node02,f2d3e82921d3bfd737cd2c5fe408cf633a7b0399ced9dd3a2b506c36b0cf0a0d,2,1791408130.19225,1791408150.4777508,20.2855007648468,122,241970,confirmed,
288,0x77A1418eb1cf730D836869Bf1128459c9E3A5BF2,node03,7ee9d07d9aea136b44a8ca0c16e5cd8c3d4a73bbf94244dc1d8f74f6e14e710a,2,1791408130.1965194,1791408152.6532676,22.456748247146606,123,241970,confirmed,
289,0x726E26681044b75C07388d9917d6CA151dfA9cE9,node04,dc20c63e1083bf3ce686bdbd300e8daa5c4d51981df1d8e87b499069d404b249,2,1791408130.1993527,1791408154.2354312,24.036078453063965,124,241970,confirmed,
290,0xc5560748010E49471646dfFA824b85Ce3A61DfcD,node05,19a876c6c3bd8ee8c4bc7fd650d75e60503b92090867c2b1c3a327d947154085,2,1791408130.201479,1791408156.0212033,25.819724321365356,125,241970,confirmed,
291,0x7952b1AC0EbD137FB0b2f4a042F64012beDBF46f,node06,2d268973c285fc445f4f7471a06e760dbf9162dac6625ae802b8c51126d88295,2,1791408130.2033293,1791408158.5625637,28.35923433303833,126,241970,confirmed,
292,0x2031673457ab0641DCA70663f0Cb5023F648d184,node07,5ffda4e615a684955d56960e02ef3e4bb7aa5c511b72dce6f0d707e35e78a7a0,2,1791408130.2055898,1791408160.0216348,29.81604504585266,127,241970,confirmed,
293,0x34bDb9cD4A98f2cF30d0d7860Cfa3ACf52232670,node08,d4077d78e9a12366c9fd7e1594fefe9e22ded0b788660a872846deb30afd8ecf,2,1791408130.208044,1791408132.0131006,1.8050565719604492,113,241970,confirmed,
294,0x22B6595F393C0cEc373e303944152533B6a68631,node09,04737874ed745171c2da03a97364008b40605d975224591b983026c03a8c37f8,2,1791408130.210368,1791408134.266575,4.056207180023193,114,241970,confirmed,
295,0xFb0758e2A3C7c06b651a8622e49c5a990904C157,node10,2c1b59b596cf5c3ce1a34827e124874ad89315679dda7621bed1ab281744fc4a,2,1791408130.2122176,1791408136.2698212,6.057603597640991,115,241970,confirmed,
296,0x746Df03488553625d1436566d42aF02a9C263672,node11,23235ba56a707e3e4633fa9835acd988f46efe9edb91d67c5c48cfe32451c843,2,1791408130.213872,1791408138.4831035,8.26923155784607,116,241970,confirmed,
297,0x63228100133143c8BE88Bc57187E2c1Ad8860dcc,node12,8f6584fc775f9e64063b8b5b6f7b8c250c74d4b8d98689cb9ac3bf0f3c50b223,2,1791408130.2161653,1791408140.7425866,10.526421308517456,117,241970,confirmed,
298,0xC18DfAbb405b7963E68157476FD6A75E1CF7612B,node13,75d42cd7d03c279e37df115ad952caa1a4ab403270860222b05019e7c101d1ea,2,1791408130.2207136,1791408143.224339,13.003625392913818,118,241970,confirmed,
299,0x4E8a19DfA76CD60cF5525D2EdaF083C37a681942,node14,1f2a7bd0d0d25bfedf67013e1c2b21037eebbfc093dfe503daf4ccddb056eae3,2,1791408130.2226636,1791408144.9006531,14.677989482879639,119,241970,confirmed,
300,0xd5cb73FBb3B062d61bda26c7d10C5827CF1B160a,node00,9b3044ee6fbcfa3a12486e0984515bb4807aa4fb6c789f4bedca2ba0fb508ef4,2,1791408130.225304,1791408146.8335261,16.608222246170044,120,241970,confirmed,
301,0x0058Da7B9d7Ef303048956f6A75b8527eb8c89E5,node01,dfc07bf8dffb71d83bd4b40e58530a9f1dbf16b19b168fdc927a4e2c254b7d9b,2,1791408130.2297266,1791408148.0673974,17.83767080307007,121,241970,confirmed,
302,0xD54E7Ac7077e3a0E5993B2dc2E9c6907D34C1fb3,node02,b5ac3e5088e0c0be5ae4bd8e8d3ea0cb607f6f00de780955c5fe4f86c87d2737,2,1791408130.2330844,1791408150.8572226,20.624138116836548,122,241970,confirmed,
303,0x935B35AA06BE967747308bd8Dc7Ee6a34820e873,node03,6609c97f2de6d1b095e1b2dd46573c58f46bd51651c5410bd8ed78aacfd40a73,2,1791408130.2348907,1791408152.785847,22.55095624923706,123,241970,confirmed,
304,0xAc7Ebf9567294cA0bae4D6ce64C73437167B9bde,node04,77e9a70a37b79b766bccd7f63a9576f9ee70d9a47c8e94d374bdb566d67d5ec3,2,1791408130.2363148,1791408154.4313192,24.1950044631958,124,241970,confirmed,
305,0x19f27813DDf5Ff5e6960A3B125F27a44CA60d111,node05,7d29a9356f02353b900b3d8c637ab446673ed952237f2330cbac710b371af51f,2,1791408130.2395697,1791408155.9098408,25.670271158218384,125,241970,confirmed,
306,0x54f044Ac1Ee6BC235c2F2c8F962473ed02601154,node06,f527bfdaa2cefc165da3b2b9b9a214a98b85f66ca7401c4250f78eb1552367fc,2,1791408130.244393,1791408158.6706765,28.426283359527588,126,241970,confirmed,
307,0x494Fad8509e52c98D32f0A567f8de54C6bbE6D8e,node07,72f5c18e008b815b5448f42e4bebe6bab930344f43138a123bf9c7956842bf39,2,1791408130.2478862,1791408160.0304182,29.78253197669983,127,241970,confirmed,
308,0x8d585890690535974b4A1C35299DE8ce25291C06,node08,b90d5de297b2ba3ffeeb9375f12ecd4f1829c8a1ebf92910d955acf84b48fecd,2,1791408130.2508912,1791408132.0905235,1.839632272720337,113,241970,confirmed,
309,0xCAF36356BB0E0feDCAC525b255A285aE1637008A,node09,cffc283db8e4809a02f2649ffa3df43c1ac689687985b80dd4cfdaaf27d10b11,2,1791408130.2525253,1791408134.5514715,4.298946142196655,114,241970,confirmed,
310,0x932d94070065a5d06893dF0C2892f7CeED45Baec,node10,fc1841721513a8e47396eeb3883dd756dba31939eb09bdc27bf9c548b269c5b5,2,1791408130.2546043,1791408136.655868,6.40126371383667,115,241970,confirmed,
311,0x2475b0DDF0fD09be6Cb26abA97661B949a867F4c,node11,008379f0e5911dd006c16d2359dd5df6cd5db72cc3688694887792f4e3eb663d,2,1791408130.2565064,1791408138.2385833,7.98207688331604,116,241970,confirmed,
312,0x6ef16f43612ec226aA557b9b25045Afe3629AD7a,node12,8b6ba804d88fb74a1195f5bc029e506995f5808f9ed8c634bb395749fdbd65c3,2,1791408130.2586846,1791408140.765934,10.507249355316162,117,241970,confirmed,
313,0x5540b767744A3A73Ae5fF95E2477b9c893638EA0,node13,3a656ca0edf6250532bb03a806288893aa065d922246ea11c557dadb27d99322,2,1791408130.2605746,1791408143.531691,13.271116495132446,118,241970,confirmed,
314,0xeb0fFF6b041368f2b59642E3721f34Ad1aEEA640,node14,32badeebbe0b9a5b3f7aa575fff39926d94ced3acc39a53cf6584559e3f02380,2,1791408130.2634518,1791408145.3505187,15.087066888809204,119,241970,confirmed,
315,0xA03155f4f2D65035B9D6B8620C21aF18b8505Aec,node00,e82a24dc6cb5bbb4373ab7624928672754831bc1300304e772ee67eefb84be2d,2,1791408130.2650104,1791408146.8662512,16.601240873336792,120,241970,confirmed,
316,0x6044D2cA67E09a5fd149C958Be52aca5f654a17f,node01,7d19236ff24e43295d457955e00ddf53730b6e8f53814f092edfef7d63cf6330,2,1791408130.2672093,1791408148.2258487,17.95863938331604,121,241970,confirmed,
317,0x879fEC529c176b547a4AcdB11d82Bf55BB0879E9,node02,f9a1e78ca6cabb0f5d7564b8196213d398afd419549c2eab2a87e4eb436427b4,2,1791408130.2690027,1791408150.7557158,20.48671317100525,122,241970,confirmed,
318,0xc0686cCE3D3340693A0057EE1d2ca3F0f13c3E79,node03,b5440bb791dd72ced023b630a2ee8511de8626db8e12126f65c1a1badbda6b1c,2,1791408130.2713625,1791408152.7531588,22.481796264648438,123,241970,confirmed,
319,0x31E51AAad52D0b0aCB06c9240e17de930f6f43A2,node04,5a24656767ef985968d75c1e6b802e2de706ffb24955517b4d5e2de0166e659d,2,1791408130.2729948,1791408154.3065436,24.033548831939697,124,241970,confirmed,
320,0x5de69a2F07f01118F09d30892955dcDF561f3e81,node05,015b52fe408f8a2327447bff380f29b83dd03c1beedf2130854f04f826a91a82,2,1791408130.276254,1791408155.9478612,25.67160725593567,125,241970,confirmed,
321,0x00F75752f65dFA2FF3AB722f69517683E43DB554,node06,cfee918506fb68897d3cb187f24c5071a5082ea9d87811f4bc1c31d30112b1e2,2,1791408130.2783966,1791408157.9820874,27.703690767288208,126,241970,confirmed,
322,0x8D6C9F30304A41e8b65D22e4dC1ebBb9E9B1DA45,node07,9cbbc5074d86dd199fca72a501d38a81d6d36ccdb9d2f8e61165c69daafa31b5,2,1791408130.279997,1791408160.049059,29.76906180381775,127,241970,confirmed,
323,0xC666936411596814e125Ee9F0A3D97Bf9b42ce8E,node08,e0810fb8a844e4da6442cc92ec3119441cae1b8ad81d390ed0c8d814b8abc260,2,1791408130.2925797,1791408132.2733076,1.9807279109954834,113,241970,confirmed,
324,0x2d8B54030161a71192664006368B9C384eF7e281,node09,9e25a01012b0d4db24c1f640a71ced787845bee0f722dc0138d193dc0dafb29e,2,1791408130.2937434,1791408134.2584577,3.964714288711548,114,241970,confirmed,
325,0x56552160A75011b92Fa595d85d861A22f805d88b,node10,b36b50e0474c90b45617662fea5be486b158596aed9e2258365cd2ad31502abb,2,1791408130.2968168,1791408136.3332918,6.036474943161011,115,241970,confirmed,
326,0xc87f1484517BB92266f8898b6480f5c101C7F361,node11,d46826b9aa8fe80765930f4467cb5c64af00b939d9a5cfadfc8c4127689e7e65,2,1791408130.2997625,1791408138.8218474,8.522084951400757,116,241970,confirmed,
327,0x422F0c81B8A89EF4ff99905f40F9B55d91A16D6E,node12,0f57c44da854cc1ea96315ea38610ee1973835c57f1960a3edb377c995f987bd,2,1791408130.3016782,1791408140.926301,10.624622821807861,117,241970,confirmed,
328,0xf683Ec01133C00b098419bC9fEC00b9b0fbBA6AA,node13,6cb50a11c10e8b338eaf1aeb6b14b52f978c6ab7236a778d95111c2e4c8749e5,2,1791408130.3052135,1791408143.6451674,13.339953899383545,118,241970,confirmed,
329,0xa98e9C48a5DeA0Fc36EEE7261163Ac180d7Fd078,node14,01ea8b55fcfd120b415d48704f7ec72b099ca6f80fae8c67de943f9496af745e,2,1791408130.3082333,1791408145.1138427,14.805609464645386,119,241970,confirmed,
330,0x3e56b0675b7dBdFdc96A57aDb731c4D78B299288,node00,43a413cab8de85ef98bb260196c7eb187f843f1b361ee9ef7ccd86afefcaa3fe,2,1791408130.3094373,1791408147.1368403,16.82740306854248,120,241970,confirmed,
331,0xD3128103BE081334C926E05ab0184a65EA123765,node01,a3e182bcf75767232d4bde617c9a8d676aad16650a98cb5fdd0347c3a0c2d8f1,2,1791408130.3138864,1791408148.342175,18.02828860282898,121,241970,confirmed,
332,0x1E2ef8BC5d33D4eB9D3c9D677f4514d7962F622C,node02,eb385a1b26ff6115d830c355c6294db4ea1b8d9686414919b94bfbd881c60e94,2,1791408130.316046,1791408150.736385,20.420339107513428,122,241970,confirmed,
333,0x877942471b99e8fDD4a8929bA6571f29a46caE5a,node03,dc2db010cb14017e7999d35508ad0a5d6d603f4da3bf0ec39d5959e374fbbcdd,2,1791408130.316929,1791408152.804684,22.487754821777344,123,241970,confirmed,
334,0xCB41400fE62Ae0B42E77eC0D029136aA129B9C76,node04,37df852097625c9c73377abfbb082b63bb8594e9c0dfd75f361f73a7ada6d2da,2,1791408130.321906,1791408154.1245704,23.802664279937744,124,241970,confirmed,
335,0x59EB6cf582e2a3B8EDaeCA94881A3718c234238f,node05,8efa6e6dabb879ba7cdc38b9cc5fa5bf583ab2780d30f0c7b4a872e02c6177d1,2,1791408130.3274624,1791408155.9199696,25.592507123947144,125,241970,confirmed,
336,0xb5A9449cB7a8906a6819aE7A1D0868FDdCc8BbF1,node06,8e9567cd48319cbd713abe8618e5c30d98c881a2b32ff4a529f53820c4633068,2,1791408130.3306205,1791408158.6898901,28.359269618988037,126,241970,confirmed,
337,0xEE23c8c52f9285277ba041E2A92208367D305761,node07,95cf9235f67a69043b7500bc791d61e41a331a8178bbfd25abcf17e06203fad2,2,1791408130.332584,1791408160.050024,29.717440128326416,127,241970,confirmed,
338,0xcb947B00E5894c43953766c77bE59aa4f27Cf8d8,node08,f80613fec9e3ec86542067c65cccd1dc921dd2eadc878d65679033e3e1d34b9a,2,1791408130.3349798,1791408132.3888807,2.053900957107544,113,241970,confirmed,
339,0xfc0CDb8aFbc8346f5C8A5667b5Fe77afE7628405,node09,aa359970700f4e28c5f04f64b292b6431bc87a0ff115e7a6b179ea9f43e5e064,2,1791408130.337683,1791408134.4191291,4.081446170806885,114,241970,confirmed,
340,0x6Eb645bed3c56ba95944537B99FDD0efE1d48190,node10,e2284fdc43d99073238b8c3cfe3f1066f6795b8a07a2b9491586d7d78b526ed7,2,1791408130.33945,1791408136.541256,6.20180606842041,115,241970,confirmed,
341,0x92DAf15bbd1464C00b84846Ed2DF2848D9101135,node11,be1c899cf1c87be3f54bc02822a3b9591f249cd39ff13c8b8ce6276e3f92d703,2,1791408130.3417697,1791408138.3978882,8.056118488311768,116,241970,confirmed,
342,0xa84CeC88B6A6C122F49B3BaFa5e817c32D90f02a,node12,a7343aaf3317dd04a325cbe36b5e717e758d56c5ec1adbc61eea2eb60478f073,2,1791408130.3502305,1791408141.5842166,11.233986139297485,117,241970,confirmed,
343,0x9ACaB29eE3C9a825c204109ECA456D8D1F9f4eCE,node13,bf1c421317e629e8a23da933bc8c1cb9914e4beae0d18fb0f0166936f991ac94,2,1791408130.3530314,1791408143.3173566,12.964325189590454,118,241970,confirmed,
344,0x555f740644841e3363Fd7a6878392a63eC96dd65,node14,4706a55c9bf1d1e5f52177a91b9eab93f4f87b34b5a458ca815ecc2278eac050,2,1791408130.355642,1791408145.2689133,14.913271188735962,119,241970,confirmed,
345,0x8d0Bad057265E867ad43d7fB8574643305Ef1954,node00,dc8a05b1ac93ed7d4aa67d62f68d9d789d7a416bbadfc63ff87d6a501b0f9be0,2,1791408130.3563805,1791408146.9264297,16.570049285888672,120,241970,confirmed,
346,0xcEE4E5c89B62556C6Fb47E585dD51B608848bdf5,node01,0d36d05a76cdb887bc60cf90f8ae85c5ef8390c6a2f8d9e9184931615fd0477c,2,1791408130.359415,1791408148.264977,17.905561923980713,121,241970,confirmed,
347,0x371fFe619A5fE70FF771062315a262588a057D96,node02,e48e55a256337c07061d5cfb4a7c662c3d6e2417de25d6d72f808e918b933669,2,1791408130.3623896,1791408150.639124,20.276734352111816,122,241970,confirmed,
348,0xfd7fbE51103e0ef5D014fB0D0abCbE240354b2CF,node03,f1e76dee1b054c927707d93967bf93bda000558c8c1dbbb451c78297a544112b,2,1791408130.3644683,1791408152.8093781,22.444909811019897,123,241970,confirmed,
349,0x20B0c2A30d972a4295a17B7D803DaCf94a073123,node04,a60f4591bf7c58da17a16371e5cd0570c45de3819ab193b7e5dcfbb6a4a04eca,2,1791408130.3667462,1791408154.2464142,23.87966799736023,124,241970,confirmed,
350,0x8393C52D1534b535EA90F09C360F662A5Da1ef9E,node05,05233429264bb1fe5695e0eb83c91472960c3da4f40dcd8abde907685603eef6,2,1791408130.3698785,1791408156.0270503,25.657171726226807,125,241970,confirmed,
351,0x8f2d11436c54B9e1A67d26C0e95cee84dEa90530,node06,7665b50077178be628431c4c60f6858e9d0ec47b097cb06b3d89ab04be52599f,2,1791408130.375062,1791408157.9653018,27.590239763259888,126,241970,confirmed,
352,0x3d393C24F9E998eF199B5Ef44F67c31E74b23167,node07,101ff0e23e8f4154df28f68dc85e9b57f6457ff82f6499909754800613d95024,2,1791408130.377049,1791408160.0495117,29.672462701797485,127,241970,confirmed,
353,0x02C2cfC162e3A3B5F8a37084C686e9a782897C6D,node08,05072f842bc6e79dfbe27e6d7196f77e53116adbf7331fe1718399b33450824d,2,1791408130.3789291,1791408132.4469182,2.0679891109466553,113,241970,confirmed,
354,0x05dF332354f6a98DaBd6ef05C52064bA0D1F055f,node09,30c7666741b1d3e4d2094e034dc7fb7425b38480679463fc54e351f22e6da1b0,2,1791408130.3837159,1791408134.7640958,4.380379915237427,114,241970,confirmed,
355,0x58055E154a661d4B71ED64d31367B781eC6e5bE7,node10,27f5b5e92393450e91591228acc28b614a1ad5194f2e866650d917d020b4b7a6,2,1791408130.387629,1791408136.5438144,6.1561853885650635,115,241970,confirmed,
356,0x915Dd06797a866e668980E7cD0a432dF690eAc7E,node11,e2389a23c3412fd26b4cefa74ca073907a1a29054028fbc0c25d5887b68e5368,2,1791408130.3897135,1791408138.9854496,8.595736026763916,116,241970,confirmed,
357,0x4335DC7DaB6d560e340f91916F72e5907f0C4808,node12,7a021297da86b3ec34ea4611d2a6d735adc9bef4a56d521b0d34c497c9f2be33,2,1791408130.3914278,1791408141.0586448,10.667217016220093,117,241970,confirmed,
358,0xf476Ff34e98d00cB720ad1Ba9b54F64267EC5074,node13,ad8e80df7cf2a3e5788ff2f527e6f9ff52c66de89527eb31f064431f12d4f424,2,1791408130.396081,1791408143.7179968,13.321915864944458,118,241970,confirmed,
359,0x0D3881029e772d4f1cd6ef6EaC6F5A09E20096Ce,node14,158abf68919c7465424c53adb90c2da81fd234c4f11d4aa66e6eb2990a423b64,2,1791408130.4005089,1791408145.1794949,14.778985977172852,119,241970,confirmed,
360,0x7f5e8b88a82033F7b1f70Bca5E73b40734342e66,node00,92c7cffd90a482d178aeea59a6d79249dc66984076ef9226706d54e604341fb8,2,1791408130.4088058,1791408147.1833189,16.774513006210327,120,241970,confirmed,
361,0x748204efBe7BD5A15eD97990594f779d7c3b5Ae9,node01,6fcce16ade6c9bd632591ae08cbdae96c3679fc92180c431f0199ba261bddffc,2,1791408130.41284,1791408148.1318858,17.719045877456665,121,241970,confirmed,
362,0x80693c8BBcF0E3565e050fcaCBe50eA05A01A967,node02,f0efb9958f82785b0d2c73e0e63334e6045516d1c9eea71219aec2b622338a2e,2,1791408130.4142785,1791408150.9157593,20.5014808177948,122,241970,confirmed,
363,0x3cC700CD03e1AE3D0585F5d6a7a19AA6F4f71b13,node03,5a310bf39312a7aa1bbd40d232be97965a9e7bced2ea6095d3b9bd927d48a4de,2,1791408130.4203224,1791408152.7372968,22.316974401474,123,241970,confirmed,
364,0xA8C5fc92AC2C3208d1A7B767AC51E0248bfD7149,node04,1883d9c51aca4a53a8b2adb86524ad5def9e7d5df18265fdbe7d955d269129c0,2,1791408130.4232414,1791408154.501549,24.078307628631592,124,241970,confirmed,
365,0x79B358A6BE865B9b5b4163C75ee33f0dCf297009,node05,664df26addbc3bd2d394d03e0452c910081d35a9af1602c6d7b8b3977bbc25c6,2,1791408130.427283,1791408155.9415627,25.51427960395813,125,241970,confirmed,
366,0x4eBC1bc197d919717D18f34da1e2a52dC8C99C7A,node06,aa2a11d1ab7e51e57d37d49a0c45087edf2be55bb78822ac967f21358dfd8e00,2,1791408130.429978,1791408158.70885,28.27887201309204,126,241970,confirmed,
367,0x2aC9A5964fBF090FD1a43a558377B653b794218A,node07,bf99ee397de86d6d652ab9bae9daaffef920d44828b05484a139db3bb30de19a,2,1791408130.431804,1791408160.046698,29.614894151687622,127,241970,confirmed,
368,0x6deb9851472bE764eB509EC9160AA20777c0886A,node08,d2512f9c9475b869045ec42ab7c1f31901dd9f7ba95cf8607673ee81e7700630,2,1791408130.4328809,1791408132.271383,1.8385021686553955,113,241970,confirmed,
369,0x9F7c510B2042A0917994b7885197EC68ED7D9B40,node09,f95e3b70f5b84a434004bbbc4e760df3f699c440a884d0524414bec0492aaef8,2,1791408130.4371052,1791408134.385769,3.9486637115478516,114,241970,confirmed,
370,0x0896fED754322a16C120733F4593D45d1508Dfd7,node10,cecfcb0ac3d5f6ce9c371cb1c236d129bdb74fbd8ac640da071671acb683cc0a,2,1791408130.4389358,1791408136.5278466,6.088910818099976,115,241970,confirmed,
371,0x7294d985F5b72bD67873A9a6f5ba68F7f56869FE,node11,eca9f78b42dc2dd6a180cfb611af152df7192f881ca3521127b32e349b70373f,2,1791408130.4403172,1791408138.8461683,8.405851125717163,116,241970,confirmed,
372,0x9F7343466846Af88aD53f0692586B9433A081E6d,node12,31ed9a0bd7ca7baffeaa0e3fe6d7a47c949f974738f17fe268877228b190323c,2,1791408130.4435678,1791408141.6323538,11.188786029815674,117,241970,confirmed,
373,0x8bc0931e3d3E9C657869aADE7a07aC49a2f9D6e6,node13,a8d4fdab41d1ecccade86e1892ebb4a929b6ad5d8a8972ae381b0e5bccec3862,2,1791408130.447001,1791408143.3345482,12.887547254562378,118,241970,confirmed,
374,0x2a3bc7e6ec3E9e6fe97cca7B1EfBd1303ac2b2A7,node14,23714985b1a4ca6122b7ccf19e81ea240050e54c65e5a198498d2fb6d21ca3bd,2,1791408130.4502168,1791408145.4021027,14.95188593864441,119,241970,confirmed,
375,0x2F07232A4DfdD8a8ac14489aee1f4b011186b716,node00,ab308d14e00cd9e7593052f47aa47211540cb21bc025f92e43f3f6b899ed261c,2,1791408130.4533503,1791408147.1760912,16.72274088859558,120,241970,confirmed,
376,0xb6B5385aa31a2c121632C4E99fDd3D0b283078d8,node01,628c13156168892faa39738abaf0b1942263cd16b2bc751714eac46173382707,2,1791408130.4552572,1791408148.1702778,17.715020656585693,121,241970,confirmed,
377,0xdf08F2dCb5Fd6ce52288d60c4DB690c9438AdBC5,node02,05937e4e0542f27a65b8e5f18dfdf59d34b06a7279aaaa9da1c3f92f5b3706fa,2,1791408130.4667907,1791408150.6630323,20.19624161720276,122,241970,confirmed,
378,0x8E49e09c051B3C6387B0f200377D2a7fDe27EF48,node03,4b26f8b7ee19f0b98f121a4cd63bc60844a161c735cb6205b9c492aa52ff1bbd,2,1791408130.4676077,1791408152.7821841,22.314576387405396,123,241970,confirmed,
379,0x48BDa4e3F5445F62c956B732d246B3EFeb2b88B3,node04,b180f90282abba703f82c6ba2e4d1e09927d1e957bdc678fed3e1ffb8e1e8576,2,1791408130.4699514,1791408154.3248985,23.854947090148926,124,241970,confirmed,
380,0x2362876BF4A63331439770812f945a1cB20b4ABc,node05,3566853e74ccac8617c6a7abafc70ba73dec4992732283c72e11f58a3704b4ed,2,1791408130.473936,1791408155.9670181,25.49308204650879,125,241970,confirmed,
381,0xB410B63948762F3589C54623d1d106420f5fAeED,node06,ed22b3d38468ff0a52ee16ffd7079e5847ad06bd235ce745e535245bfd623ef9,2,1791408130.4784043,1791408158.6381018,28.15969753265381,126,241970,confirmed,
382,0xeb21505a887dd9C10Cfbe188684A37F702C19B51,node07,88eca7b4446e3a9cb61d025fa438c9bc8cccfd62f6d2d6c737a5e396332ca4c8,2,1791408130.4815366,1791408160.054109,29.572572469711304,127,241970,confirmed,
383,0x3D87B8EbD56Bf06DB5e585b9d45d7E0abd212548,node08,7fca857132e5102ab4029621713859c473f91f2847f6265e141cd176023753a4,2,1791408130.486637,1791408132.704147,2.2175099849700928,113,241970,confirmed,
384,0x0c381C6167473ff2e5321331431D6CD702ff1179,node09,5dec4d82124409aae8378386bbac1a2f7dca573b3ee370b0654cb26e434d9c58,2,1791408130.488044,1791408134.518723,4.030678987503052,114,241970,confirmed,
385,0xeBb26Dc80D14da4BB332beD4C525E2d724023f1b,node10,72f718930fc9e83ef417a1d888832a49eb935c22a4e77f4a4ba57bdf39db8f3b,2,1791408130.4905415,1791408136.4949555,6.004414081573486,115,241970,confirmed,
386,0x05928f01E5d750fDFC9b1eE72B1543b3862a13A9,node11,3fada0244997675d1e2a58574011676ddfc36b0e115b395dceec4fa3203cc7e5,2,1791408130.4925694,1791408139.353836,8.861266613006592,116,241970,confirmed,
387,0x49E19E428A97a6Af18bE77Ba02BCEbD22c3eE5C6,node12,d092ae64f1c331bc10175d5571917a07d751b0acf6514b7f5a17828e5dfa19a5,2,1791408130.496295,1791408141.116194,10.619899034500122,117,241970,confirmed,
388,0xCAcda8b841C77681d3C49b2964f806b480ca3dfD,node13,a894aa7bef28d76b69f3ee00b9c6823b2af7f2845426b2ba05ba2a36f3c034a9,2,1791408130.4987712,1791408143.624657,13.125885725021362,118,241970,confirmed,
389,0xE969Bf5Db5ba422f73d8511D137363352fc1aa3c,node14,fcc5855f88a8f3c9da4d448b1ac871c92324c569566644a5aca852ffd84658c5,2,1791408130.5014405,1791408145.4079993,14.906558752059937,119,241970,confirmed,
390,0xcd70dCB28B9BF6180cE226992DD9edd0B0bba31e,node00,1dd66563df3e908752b388f2b536ad0d743dfb3adcf0a66a7f482b871a70218f,2,1791408130.509917,1791408146.966433,16.45651602745056,120,241970,confirmed,
391,0xB68776533eC60844b82bC4Bd9b461f82cC513e17,node01,b2820dc0def3385c8cb351fa13c90209a3a88627e73f04b1a940b67e4b3296fa,2,1791408130.5114748,1791408148.4333625,17.921887636184692,121,241970,confirmed,
392,0xa357025e98E3dd431357fB91100b80b959659511,node02,ab0e254577af75b1808b144df7bce1891ab9e408c6c1ad5685ced28ac8323bbd,2,1791408130.5163271,1791408150.9182467,20.40191960334778,122,241970,confirmed,
393,0xAD3207AD19d7A1756c6C95aD8a4b16A8A4D519cC,node03,652222598723875cd0664cb893791378ae759b2e675a7d422d92a054ae0801e3,2,1791408130.5196736,1791408152.8189754,22.299301862716675,123,241970,confirmed,
394,0xf0b88a38e57691dfE7DA49F76771dc0A7cb6D9F3,node04,515b714b089ed89d8823fe74cc3d8e8667312ca9317fe7afa6754d43c3c1286f,2,1791408130.5236757,1791408154.2811558,23.757480144500732,124,241970,confirmed,
395,0x9Ae1D9870435c642618a3AbD3712111E37095fE4,node05,3865c7c41cf803ae71cf810ffb7f8474c509cb4a31f3a5850e31645985d7149d,2,1791408130.5252516,1791408155.951074,25.425822257995605,125,241970,confirmed,
396,0xEc86965F48Cd6E6C74Bb369A3fE6D8Fd67F111D7,node06,86bf783be1da0e6b6e99ae2aa30275ab826cdc40ab235db9104b92d1323644af,2,1791408130.5284457,1791408157.976186,27.44774031639099,126,241970,confirmed,
397,0xf4BCD9D2fce1FD9f952EC40215F9aE807e8367AB,node07,5a418f443e6c997befec6ba2dbdeab6a682e023f74f4282ceb6a0a5d1a449654,2,1791408130.5322406,1791408160.0513062,29.519065618515015,127,241970,confirmed,
398,0xAAecF0Ec7DCE27eF964834146EAFD414097AB55e,node08,59c21cf408f5fa5ef6b4c628e673e600ecf53b5319100dff433e6995a59c07c9,2,1791408130.5348518,1791408132.5552607,2.020408868789673,113,241970,confirmed,
399,0x787461Ee28FaFFF94EBD50bb075cDdE24Edd5Ba9,node09,40645b04fd416d38c5f121495d7c617ca57e485442e2ed3a2f3fe4471f55f3a9,2,1791408130.5428343,1791408134.5144532,3.971618890762329,114,241970,confirmed,
400,0x6B44E6F016A0afD7abb777Ff074a3C8FF5999f12,node10,db7fbfa646269d5d451559c499e8458e812e2521a3cc319b795d9412efb4476f,2,1791408130.5445275,1791408136.6026301,6.058102607727051,115,241970,confirmed,
401,0x4AD6b134cfE77fBAFf59403cC2F71AEb064e3a50,node11,b9216de783ff468d3ea9bf40462e20ef503b4774b31f377044a3d3af686301d1,2,1791408130.5459776,1791408139.4887853,8.942807674407959,116,241970,confirmed,
402,0x84dFfDA34005a4ABf0E51F68337173f431459d93,node12,9fe8b3ca4bef1fb6b94143d2ddacf07d30b4d46b6d6c34d1477d91addb83d3e0,2,1791408130.5483525,1791408141.113251,10.564898490905762,117,241970,confirmed,
403,0x3F71271881d62C7D6a06295c2629A9206B2E6EA4,node13,75bd161eb17b5fa856de38fbd1e63df0ac53302d6618ff2ca37ea337c49020f4,2,1791408130.5518782,1791408143.5279112,12.976032972335815,118,241970,confirmed,
404,0x243dCFb5C2386b1f112046c3b84c8a4EBcda8339,node14,a98d0eab86ac62faba82abd318978d54ab03f855683bf95fa71ca6e3fe2ecbe8,2,1791408130.5561585,1791408145.3969646,14.840806007385254,119,241970,confirmed,
405,0x21fF472dD92a9e7a7515cbf05c243244FaF13d58,node00,2631f4bde11babf3ade2d181a0a1d385ac4302dccf6b4ab26ee4f2c51faca0ec,2,1791408130.5581248,1791408147.296857,16.73873233795166,120,241970,confirmed,
406,0x08AAa323B87c58916493f7625994c9eB10dE684e,node01,b92b9b60981aef41f0e4209083a157dd6c5b6a48f45a533c43cd7005d808fa54,2,1791408130.5609512,1791408148.4655106,17.90455937385559,121,241970,confirmed,
407,0x405BCBeff29aB40364BdBd77239913CC805C2BD3,node02,23c29b0a269acd0cd658782aed7725c69496ec935c6ca000cbbdcc8576bde216,2,1791408130.5669658,1791408150.8327487,20.265782833099365,122,241970,confirmed,
408,0x98A83050C39303eA76Bf54dE534A41C5111F4ecd,node03,b4197313fd05d0d45bcbb435452f4669d9e90799563462a4b23b03e776ec64f2,2,1791408130.5718725,1791408152.769633,22.197760581970215,123,241970,confirmed,
409,0x094aE487a6725C616250a99d568B95745F1a35f9,node04,252080de2cfe16a5d93bc3b1875dc869d736b3a4a1d9a6b62e793793644a43e0,2,1791408130.5747693,1791408154.449667,23.874897718429565,124,241970,confirmed,
410,0x74f1Ce3dEa1889E429060148D879f4D12060AEee,node05,2eb5dcadf1d046c3932f0c8a39faf10736f4f41a7c4ba787a27c5fcda6c44469,2,1791408130.5780206,1791408156.0565565,25.478535890579224,125,241970,confirmed,
411,0x63F8364785392b4DC54D08dF5f139d7E9c4cB768,node06,8c6dc22e626512540cd3921b381871dac32561cfece79474b24208458e71bb3b,2,1791408130.5799873,1791408158.7118256,28.13183832168579,126,241970,confirmed,
412,0x3550c4af38E527eE7e88a3ceA9774167cC019aDb,node07,873a8237276e62fec3947361b6d2c518a2df4064f3cc39b060833f41e7a91598,2,1791408130.5873885,1791408160.0383706,29.450982093811035,127,241970,confirmed,
413,0xCeB95AA357C8E5Fa92633eB72B26F983795d4925,node08,18a9ac79741106ada0eaf447386037ebaaaf5ea6e59b31b23be4855f80d6e3fc,2,1791408130.589763,1791408132.6404266,2.050663709640503,113,241970,confirmed,
414,0x9eD185A9C8faaac7Ea0CaD49ad6893720E7F637e,node09,c72ca613718ceb55c8872573620d869d99e12bd4e623fa1c306ce5a3f4c1bb16,2,1791408130.591625,1791408134.9877312,4.396106243133545,114,241970,confirmed,
415,0x01A89B1223b343f4328e943aABa5d1174DaCc2F0,node10,3ef951ccdeb96cbb5d1535bf0a230946f0b6c1ecead3b5874c4555536bb942cc,2,1791408130.5923944,1791408136.8646955,6.272301197052002,115,241970,confirmed,
416,0xF277b3F3bB13f86904A772d35AA3E20f0B1A7C29,node11,ef260a2bb0d8b297b0f897c4ee823d3d7f30f3fcae4d917f2f4318f39c5be1e8,2,1791408130.595077,1791408139.4958632,8.90078616142273,116,241970,confirmed,
417,0xF11dc9B00BBD8d16F7fd7871aCEa3500586aA8d1,node12,53d792cc0bada4ac89db9d05a7bb31e447c5d1dbafb9bf99958fa96b22092592,2,1791408130.5971556,1791408141.223337,10.626181364059448,117,241970,confirmed,
418,0x1Ba4d8Bcf4A411E920d4643A0cec3581de78bE7F,node13,d33f0ecbede67d033d71950c92f1c63cef134e2094dd66cc65b9f663dd397b80,2,1791408130.6031842,1791408143.674967,13.07178282737732,118,241970,confirmed,
419,0x9d8A737949dc7aE6D7e6d9523ecA3a187B090b79,node14,6d5ca3d6a72d68130c5513010dec49c1f16223100a0dc0372948d75cbde67233,2,1791408130.604606,1791408145.4543474,14.849741458892822,119,241970,confirmed,
420,0x02545f9fe94FeE8F7381f9f03f20098763D22358,node00,30d5782cd8d454d2ea0fa00ccc1a10ee292040dd0762586071940f7a037505d0,2,1791408130.6083388,1791408147.170364,16.56202507019043,120,241970,confirmed,
421,0x4db0647fF5C60a9D477CaCeC3B36d29439B221cf,node01,4aa7f7502deadc180242f18e3fc57dd3e4cfbd7723a73eb8704a2bc37b8a7b43,2,1791408130.6100268,1791408148.4177382,17.807711362838745,121,241970,confirmed,
422,0x0E0A2574aA1D950F144ce4120C72D0Ac49b61436,node02,dcf1705893c6564679930268a749ba4e52334ecf86dbdd106f355735456b6399,2,1791408130.610789,1791408150.904987,20.294198036193848,122,241970,confirmed,
423,0xA36825e27EAc9C830A4DdA16770593fe1e22b15B,node03,85351df52c194216d8a8770e4acea03377881a4f0a6cee056698d622b653bc51,2,1791408130.6120167,1791408152.7865498,22.174533128738403,123,241970,confirmed,
424,0xDe101f2945829bb387cf9295199920bE7c3C2399,node04,ecafc5529764e3d6a18b146e5080f60a9e01c5d52584920dd0f7c963b8d22f70,2,1791408130.6132195,1791408154.4386778,23.82545828819275,124,241970,confirmed,
425,0xCfa5E16b67f9f2C4d57EAedef817eA5dd38D16E9,node05,171f5da6f9c931ea31b9b6af62a81624bafed07e7c0fe05ae933b765cb01955d,2,1791408130.6161005,1791408156.0344534,25.418352842330933,125,241970,confirmed,
426,0xc9DCCa4Ba4c2AfE2C103affE97C21c17befBF159,node06,84347ffbbf929ef7f6a1c60e43fa454bc65fc1854a2a4d5bb520d5e4ec8d8f71,2,1791408130.6184902,1791408157.9659674,27.347477197647095,126,241970,confirmed,
427,0xFC6D418394A3cE750b52cFab0f1C8BdCDef5aD20,node07,ceb03d26994f78f00771b6ba802947eba9843737c4fca9f63a50fb1e69834be7,2,1791408130.6255374,1791408160.0529237,29.42738628387451,127,241970,confirmed,
428,0xa3753c6387bB2483e4D440d08d547D857003f449,node08,82934d24d3a6592f78e6c871b4e50564c132747cc307d9d3f539f69afa04bfba,2,1791408130.6269786,1791408132.6707668,2.043788194656372,113,241970,confirmed,
429,0xc300566Ff3D49d57F9C8E412d843538619aB8eF9,node09,e30fe000a8489e75d5ab19a6f93dc8594126136501a321d0bebfb31668dce611,2,1791408130.6305413,1791408134.87075,4.240208625793457,114,241970,confirmed,
430,0x76a6443F8498AA3efed1CeAa23666b87702204Af,node10,8d68f95e1d29bab51c9d3d2d6a97bf04f80d8583b4ea120b4dda934ac68aa69b,2,1791408130.6321695,1791408137.2140343,6.581864833831787,115,241970,confirmed,
431,0x1640c245F4df443e74EC03718B7a80A28cE29e67,node11,23b7193e30c2381727cb95f34ea126815f8f59eb9d49b355f280f0949317020c,2,1791408130.633944,1791408139.4389207,8.80497670173645,116,241970,confirmed,
432,0x067e7df2668B1A3b17c05A869492904c8F0954d2,node12,8d7bcbfeb73a7a8eadd43435ffaa87b1d2f2c351d3019705655dbab6ff32e441,2,1791408130.636466,1791408141.6444292,11.007963180541992,117,241970,confirmed,
433,0x6097b1bDb648fAe4Ab3067aF4Dee45497Ff8f61F,node13,72a7c3023f04765a94986f40709862d5d0462c85c02fd8481a48c5d5d5f51012,2,1791408130.637643,1791408143.7031715,13.065528392791748,118,241970,confirmed,
434,0xb87b3975751595F90E4bF66B37eaAc215D72e506,node14,367d91ee609fb3a6ba2eb8ad7c2d6186a751e8f4c9a74d7bdb5cbe0345aa5ada,2,1791408130.6414673,1791408145.389938,14.748470783233643,119,241970,confirmed,
435,0x542eE657EF5203be352a92707B0c8BDE0b144b36,node00,4fd557534f34d1327bd40def4fc4d8502c39f7569cd0626131200860193757de,2,1791408130.6451306,1791408147.3094485,16.664317846298218,120,241970,confirmed,
436,0x278c1Dd713B6DAE6842b48474f6074752377e2a9,node01,27ca18e61ab085485512dde1d4a6ab8feb902d59fb996f632dec4b4835573965,2,1791408130.647343,1791408148.26868,17.621337175369263,121,241970,confirmed,
437,0x584B681b0E2bf41D6bde78c5Fe99CDED30f7E85e,node02,a188c579ff3e43566bd1466062601a629f0709a8f2873b5ae28cc88755ebf4f7,2,1791408130.6492467,1791408150.9039905,20.254743814468384,122,241970,confirmed,
438,0x69180160Af5721f7CC3FF8c2104Bb7285251c8c1,node03,609f731a0126903de9a33ebcbec0248d1e9f1c0f80ff34f38387d3f4b5684d22,2,1791408130.6504645,1791408152.8075986,22.15713405609131,123,241970,confirmed,
439,0xdf2eF929543BA16e3eb7091E6E52EFD44c0eb721,node04,5288f100cefd92971052a31e116e6bc4ce5534c5153be34a8f42de5e5ec58531,2,1791408130.654902,1791408154.5124826,23.85758066177368,124,241970,confirmed,
440,0xfa7FaC21047b471282BC3dF2798A70cb4AadA19F,node05,609d0204a2c7e45c0007d05dcd3d8bbad8a5995204ae88abe47ca68e31764dfe,2,1791408130.6562552,1791408156.0339065,25.37765121459961,125,241970,confirmed,
441,0xd9eb1931eC2C8ebe34aef90Dfc1dD09116851560,node06,8cd82c64523255b2570a44ee6239075c1d2a0847f55fb713d439ff0dfac64ea5,2,1791408130.6588118,1791408157.970364,27.31155228614807,126,241970,confirmed,
442,0xF223C95798c9635fFdCe57a29f4D564A6b3B54D3,node07,2fddf0fb90c74e5b9c7ee770c3090de60bd077855a37815dc8e861db2f423020,2,1791408130.6628177,1791408160.048081,29.385263204574585,127,241970,confirmed,
443,0x1D7a6BB4478DB2F78aeE4fC375AF8fbbdB3d26d5,node08,f70c0a742f390d2b9454dc5eb15ff1b457008934a2a238255cc524c613762668,2,1791408130.6648698,1791408132.9135902,2.248720407485962,113,241970,confirmed,
444,0x1fa5f3dd4F688010A88137dFC98544B19BAE182e,node09,85ff4efcbf891a626d9723eccd7f033536f8869f3987a76627b1d6d039570fca,2,1791408130.667301,1791408134.6792254,4.011924505233765,114,241970,confirmed,
445,0xf58A474aD3A617318e45881134E05128CeeA6121,node10,4cc3bf1d4627dc21a6b031748f070d66727a355b4cbc35007cb949ca92e906d3,2,1791408130.6722505,1791408137.1266398,6.454389333724976,115,241970,confirmed,
446,0xf9076830AC3Be38F6350024a6e8B111AF43bc328,node11,383fd6ef391c9de12267ebc8420e0f935ecdf65f3cf308f37149b4ecdf4a37b1,2,1791408130.6750982,1791408139.383794,8.708695888519287,116,241970,confirmed,
447,0x73B22B470ef927E4019634508d85C8DC4C70faAc,node12,c3d8d65c7a18b93e7891cbd5e7053559e6cdada8e703adb66b46ff7295503088,2,1791408130.6770792,1791408141.4012284,10.724149227142334,117,241970,confirmed,
448,0x1036EFBB4E0503b0ab566fC751726743Ab70Cd1a,node13,29e81231d60db19e653e998d18de8d83b4d88a62eb9037e4ab8449c949202948,2,1791408130.6802385,1791408143.7499387,13.069700241088867,118,241970,confirmed,
449,0x7Fb4716Fdd52F459DCD14b1c16A2eaD908F98f33,node14,8f3ca8a29f09339423020bb2cbd7591dcb9f4a610bc4fbd738f3e1b92a92c918,2,1791408130.6817644,1791408145.3750474,14.693283081054688,119,241970,confirmed,
450,0x886806B4c30F6BC534bf7936533Bc48aC9f22705,node00,0820e2ebe7c146d04d68a644fd39566173d0701c446e49089ce3a4dde5c4b276,2,1791408130.6843565,1791408147.1875386,16.50318217277527,120,241970,confirmed,
451,0x0D6142200B640F5B7f8eA851A5326b8CbF42ad40,node01,bde859fbac5578afa894abcdfb9c62cc13da9ad6467ba119ab8b70acfc19a3e2,2,1791408130.6871693,1791408148.4149833,17.727813959121704,121,241970,confirmed,
452,0xaA8B4ad050274aACf53d55C8E973728dc8412c35,node02,4a2e8079e87aea84dd481f43ce5bccc15c08392b85bf145b32105ee55ff05f89,2,1791408130.689337,1791408150.865192,20.175854921340942,122,241970,confirmed,
453,0x1D5D871eD4e62B82A3cd780b7cD26DAe795fB711,node03,bdbaa0ff9bc2f3f5e83d1c6fc8380fb1e6058793c8e3a6048cc228722ad04587,2,1791408130.6944177,1791408152.8082924,22.113874673843384,123,241970,confirmed,
454,0x9D1a3A751879ef651B0d76E79aC7e3Ab70585cec,node04,f68453e32db1d8f1e274cc229183d6c86fa4175d4054a07e9da906fc5b0277e6,2,1791408130.6979504,1791408154.467305,23.769354581832886,124,241970,confirmed,
455,0xdc189eeD0Eb000a2eaf8b22FFC905066387B4F04,node05,6b278c8879c097eeacaa606f46f17531cfa2fa72b3ad8c715e464b1e29a6b7ae,2,1791408130.7017508,1791408156.0071719,25.305421113967896,125,241970,confirmed,
456,0x4bdd14AcF3E932249933d2772Ce79f0Bf1773846,node06,406822ea02b2933e01adb8d72c57b1521ab4b9aa7df167f54c506db8d787038a,2,1791408130.7030647,1791408157.9747534,27.27168869972229,126,241970,confirmed,
457,0x9b5C2631935CccAa662e473d57Dc058B6DDa744B,node07,e76ddccb0838959751b1ac7df1a405a191b4031cee6d807f1f448a719a56c7bf,2,1791408130.7066867,1791408160.0465372,29.339850425720215,127,241970,confirmed,
458,0x5AB245B3AE92Bb24eD7E1eA74680Ed76Dd1C0f59,node08,60ae06f14d6c356aebe0f3f0de76ad756e3198c94e84f3c13a553b2343436fc9,2,1791408130.7079575,1791408132.8583982,2.1504406929016113,113,241970,confirmed,
459,0x5F9eCc861Abba60Bf2B71fcA7ED612263Ffc9472,node09,9718dce0af961b5d4c481a479317ec7a4efe18a6eaad98c67c44e5fcb48aa9b8,2,1791408130.7119293,1791408134.8968298,4.184900522232056,114,241970,confirmed,
460,0x6F7F4Ea3651951BD8AA241Fc85211aA359158291,node10,b97c930da74048bc58d4728cca22a376a4cfe4c4ec492185d1feda97b6ea9aab,2,1791408130.714717,1791408137.2021806,6.487463712692261,115,241970,confirmed,
461,0xc9290C2CA7e7fCD73Fb3E3eb10Be688Ea1848Ed4,node11,b11d3eeabc9c4b15441f1c77c1ee180e773f0dc6afc12496cbb519f7547783f6,2,1791408130.7177498,1791408139.272794,8.555044174194336,116,241970,confirmed,
462,0x733aF76Be89F6812F0C9B866c6CA29287aE19Aba,node12,359bdf8bcc587623fab45a73670345de474e480082581a5729fe4da927ec1fbe,2,1791408130.720385,1791408141.6470191,10.926634073257446,117,241970,confirmed,
463,0x8E71338Cf54cb9cA97D031e7d8CF98B3e67591D1,node13,699d4477706378981842a2ebe4fcd227de2e9e6effe4c94e973ea9b250a13757,2,1791408130.722123,1791408143.7324681,13.010345220565796,118,241970,confirmed,
464,0x7eEea85fC7AC4EE0C976753080805ae5607233ca,node14,45267005dd1da0af3a2261041d4da5dd599afb3eb796dcbb50c685e8a171158c,2,1791408130.7243102,1791408145.3782709,14.653960704803467,119,241970,confirmed,
465,0xC2D0DD6BC2B4De8Ea314311d2413F558a06986A6,node00,9c52fd5ddb9abcf06f57a1590e7ec8895efe11c0c2a5e862ffddd210ae8c0984,2,1791408130.7261307,1791408147.2498145,16.523683786392212,120,241970,confirmed,
466,0x3776F251EA937Ee598D2916e46b4322d1DBd649F,node01,a8a9846c490a55be8310be57a482cf5e1098ccf575ba6ae0e97ac65cb9508057,2,1791408130.7291298,1791408148.4309886,17.70185875892639,121,241970,confirmed,
467,0xFb065893B1FE1CFA494E5E6f2fF8284d4A85d7E1,node02,2925e0979818daebc20df8add11eddaec9ddef0cf2c3b1d2a2edf279275936ae,2,1791408130.7329586,1791408150.811275,20.07831645011902,122,241970,confirmed,
468,0xF3d1419E5B98126A47b6879efcDE69B1031C6D19,node03,904413c348a36c6b2a834780b0eb2aef24bd5fc67fe4a6f13127ffc7e236658e,2,1791408130.735437,1791408152.8141744,22.078737497329712,123,241970,confirmed,
469,0xE2a5B84e3820c622F665304D37008DaD3C12CbD5,node04,98e7dd2dfd7b7f97d9579f05a41088f97e411c23f2b6ac789c1e413120689dc4,2,1791408130.7399802,1791408154.4867,23.74671983718872,124,241970,confirmed,
470,0x4Fd9B62A30826cd7d529811C7cEb11b13b4BE57E,node05,78809b3366c6ff54b922e93fa9cf41e90d449855f2d71f881add82e3231d8790,2,1791408130.754799,1791408156.0383654,25.28356647491455,125,241970,confirmed,
471,0x84109fB74626Cc732918375564e26516Bed8A61e,node06,e465444ebdcb8d23a126b8c213459a900c77479c55d929a5efb292e1c84a37b5,2,1791408130.7580357,1791408157.9801753,27.222139596939087,126,241970,confirmed,
472,0xD7CCe5Ed09392Ffad265cD804D65E8DedfD93BB0,node07,02747c30fc08cdb6fa1ae99811a8dd1f64f123dab1047f06be9f761b28541681,2,1791408130.7599156,1791408160.0527496,29.292834043502808,127,241970,confirmed,
473,0x60537c371684B1C2E1B32A812673ac9c39f9Dc3b,node08,5e66b7a46a036f1db7bad2555de7965ee274cf6978c4aa2b4da4ae18836f2b2b,2,1791408130.7643876,1791408132.8225346,2.0581469535827637,113,241970,confirmed,
474,0x278bb2fD888C56dd9e0eb2ba041454bA385E65e6,node09,525deb035d2632ed89337a5b2d4aabb442c46bf716c90e9cd0dcb4c172d5c9b9,2,1791408130.7657483,1791408134.8437247,4.07797646522522,114,241970,confirmed,
475,0xa40539A64e760eB7e52149607765AAa72E1a175b,node10,89887174de865b321e518eaee99986db383b0d8004a80ee7cfcb8679cbb94d82,2,1791408130.7689483,1791408137.234163,6.465214729309082,115,241970,confirmed,
476,0xf481C8304bAd884a9941B1E6BCcE11c5B93Edc27,node11,5ebd9a078f86e0dd37178b8ddd610e593bd7ed9cddaca3313c28f4b7a154f94c,2,1791408130.7727025,1791408139.5248556,8.752153158187866,116,241970,confirmed,
477,0x9a35524E77E58d1757180F5179911C16976F071f,node12,05cbc49a9892587f92fc43c1b16c1e3d03d20e7a1e013ccd960e6aa59a438abc,2,1791408130.7737637,1791408141.527148,10.753384351730347,117,241970,confirmed,
478,0x566b81f053fe3493E68375df904ba070AB5d3722,node13,328fd47bd91e4c8e34044adbe0248ef025d9b92eead866bb38aab8ab40643ddd,2,1791408130.7800374,1791408143.7467837,12.96674633026123,118,241970,confirmed,
479,0x60E5cCaf38AE0B89025a7073aa3a7c694f045E60,node14,483d9b6fa27f44d3dfa2cfbae6f41043c062af13709e5a73c413f270dcc40486,2,1791408130.7831388,1791408145.4541402,14.671001434326172,119,241970,confirmed,
480,0x1BE7aE7871f0d0eA39Fb81be1998Bce2b4Cc7ee5,node00,12d31194ac8f3a5443ffea102781279c5fbdd23b6d0c669bb195a2a8c94a1799,2,1791408130.7874832,1791408147.2942753,16.506792068481445,120,241970,confirmed,
481,0x5CED0BfADBDF07340022cA835B542cb649769674,node01,0074251e7ca2a2a0aa3fd873567583e13c7ab6e3b39e1aa0668a89ca94b0862d,2,1791408130.7892444,1791408148.450868,17.66162347793579,121,241970,confirmed,
482,0x75014C3516Fa91A36F54CcAF7AB5B7B0D75cCB28,node02,48128330f45d161a2f59464b16d2cdd54852f74af360fd0a2fc4bcfd3d2d15c2,2,1791408130.7924392,1791408150.8803086,20.08786940574646,122,241970,confirmed,
483,0x49100e0C98d194b8F50EB995aD32837350deA20F,node03,d5e35fa0f3b65d8c4de4d3b67f01b091659ed91be79354ca5af6b09683878135,2,1791408130.8004508,1791408152.814907,22.014456272125244,123,241970,confirmed,
484,0xfa0b38fDDFe789475287589901a60E1ECbdEf51F,node04,2cac7b6c68246f2659cae31292c33d25977a3c4c4a7887158ec2e22ae9008aea,2,1791408130.806348,1791408154.5073566,23.701008558273315,124,241970,confirmed,
485,0xc761322158624C9c72A14c96F8A07A8709bC2143,node05,636b1ae0dbd688b2681c07ee2b292b0699ad82f2bc65171233ed501b1b42425c,2,1791408130.8091946,1791408156.0600586,25.250864028930664,125,241970,confirmed,
486,0x0482c9D924c06c21b22b5CA062F67d4eA09f6873,node06,8ae09906ad27aae54c8c07666995ea2410c92ba07b9786c7e51dac05700d5cd6,2,1791408130.8106651,1791408157.9840443,27.17337918281555,126,241970,confirmed,
487,0xD5AE6a254d996A85E356aDc30c3c9ef51f7b0b6c,node07,03a8e18dbdfa9922eb2ba0eaafe7791b60dc0b0e8e7db785750c7a7d51b448b3,2,1791408130.8133328,1791408160.0402544,29.226921558380127,127,241970,confirmed,
488,0xb43705f68b3F50f0a75720bECF268163BC081a63,node08,fad891090f284935927f2a7e9091eb0bbc6e4afce948af2cac1916d2c7740ab6,2,1791408130.8150516,1791408132.859155,2.0441033840179443,113,241970,confirmed,
489,0x891c01eE6c04377263E3F92B3160D772DCd8c559,node09,24ca1b1069087f6684a195c67dfd57c3d6ed7ad2ae94a680daf947801f7532b7,2,1791408130.8165157,1791408134.958997,4.142481327056885,114,241970,confirmed,
490,0x74C2fD5aceCd008f0d4712B1F88E07B8EB165141,node10,3123121582d862a0ad958ce150cfffda9e670fedc15dd5735aa3f7590dcef85d,2,1791408130.8194802,1791408137.2223313,6.402851104736328,115,241970,confirmed,
491,0xfFD08026D187643C2096573892c7d10280E76f28,node11,b4d0841daa34712dbf57059978c5dd21ebcedb17d426fd6a0d801235a7d1bafb,2,1791408130.8217137,1791408139.5205162,8.698802471160889,116,241970,confirmed,
492,0x1A582EB1866F811Fff2aE78d30C34033e19ed794,node12,cb1da380528f02a84fc79eba992d1cf8674c5271ce646998af99f6715734182e,2,1791408130.823571,1791408141.6612952,10.837724208831787,117,241970,confirmed,
493,0xb455e6101aF2Ab34ae448c3297a0635c1C44bcB0,node13,3a67113d7e48629a8213391d2991671e6b0a5115fbf3acae732d9e439549fdd6,2,1791408130.8250816,1791408143.7550926,12.93001103401184,118,241970,confirmed,
494,0x027c52A967B81aFE7f120F6063b2000e25e637a6,node14,4df638606d975fd8e321de1a69c021a4a9cbfa7dbca36429a7eb04b0298f7844,2,1791408130.8294,1791408145.4550211,14.62562108039856,119,241970,confirmed,
495,0x382cD68A70b335c6eae0C27F0210A6986d682a2D,node00,4c2e0b9adba8fa8b0a484860dea7933af9299c7c37c7095b467463e12d47b52c,2,1791408130.8308787,1791408147.3073094,16.476430654525757,120,241970,confirmed,
496,0x7b98830A3f5136A3Cca21D088F2D38b8432a9d78,node01,2d306ba7566abb201be89a8bfdd14773d949ef5263cf0dffce72afa37f5cf6e5,2,1791408130.8333254,1791408148.4233744,17.590049028396606,121,241970,confirmed,
497,0xE045695528894B9c0E28A8244B242Ed74C5d4176,node02,2d58e1edaf734288b4c8629ca0b8f699d664763c3d1cb03df570a7d38a7cdc29,2,1791408130.837274,1791408150.9082854,20.071011304855347,122,241970,confirmed,
498,0xa9cB059d199f0F0A115EAEd6Ade0e0128d0eE5d5,node03,b16b2db4daaf73a11c6dc6e6547760fd63f7aa2a7363fdb4367b33409805726d,2,1791408130.8407636,1791408152.7801824,21.93941879272461,123,241970,confirmed,
499,0x7BeBd64158Fe7A13Fb294deaD93240d0bA60A03A,node04,6654d338443fa6e33cede4a37f9b0a8cda07adf67bbdbc00db39e46a31620460,2,1791408130.8467171,1791408154.4860086,23.639291524887085,124,241970,confirmed,
500,0xa1bb202b634fb8E176392f9341cb14c56A942c06,node05,0720e8874512b0a65073b47a3a310654ef522b96ce531b9f9e304922281e148b,2,1791408130.8525274,1791408156.0559354,25.203408002853394,125,241970,confirmed,
501,0x9EE666fdEd183c7434Bb30dfd37d6BEc18dfDc2f,node06,47afb933e921869e72bdb5dcadd59f78c9bfc171c9c88ffe7330f4f88528d587,2,1791408130.8550596,1791408157.972666,27.11760640144348,126,241970,confirmed,
502,0x6E81ba8BAEB45D1aDbF241C7D74CF65AD085E871,node07,f213e11be554aba35db3b48bae84df38d7003c2ea36aec2ef48b359e64da505d,2,1791408130.8611557,1791408160.0531313,29.191975593566895,127,241970,confirmed,
503,0x94446A7aE03B517f4F9daf1BeaBe9048d70A27EF,node08,524a368f243981edbecdf315231abf0a989ba840580c595d1317281bea3308dd,2,1791408130.864292,1791408132.8982239,2.0339319705963135,113,241970,confirmed,
504,0x4DDb0BC012f3C81087a267547c85b8645bf729f3,node09,54e9407750a3214c7ddff314dab7ac591c1ee0e585521ddf3da90d644bfeb6ec,2,1791408130.8660707,1791408134.9819152,4.115844488143921,114,241970,confirmed,
505,0x970Bc0c91744fD766B862B43A0F4cc1Bf66ce192,node10,a94e43e1d0d3d4cdfbf4adcd26eed4f4eef5b5cbfef02d2499d3bbc457946015,2,1791408130.8708377,1791408137.2453456,6.374507904052734,115,241970,confirmed,
506,0x73527cC04de3A8cd8C1043af6bB99F29DDdC1675,node11,e5af24760f4e006738471e0a5deeb234b0ce7ea75256254e3f381322d74e84c3,2,1791408130.8732502,1791408139.4700418,8.596791505813599,116,241970,confirmed,
507,0xb69392714034064Ae0Ae65708A1DB7FB33005DeB,node12,997f6de48792f0056aabfb1384a138f786f3e571d3e9d75382ce2330daa3729d,2,1791408130.8788812,1791408141.6586742,10.77979302406311,117,241970,confirmed,
508,0x3D46CDe1fDf0C2Fb60464ab1Fd1A1B11fe1975fC,node13,5f9df17f10e81d7a6ac94063c9c1c33d53e3cab2c0aec61c21c65e008b8962a2,2,1791408130.8818552,1791408143.75422,12.87236475944519,118,241970,confirmed,
509,0xC80c1C3310b5aCe39f568B6E4b3ABd7bd67B27A0,node14,2981088ba41851e73270d952c1c1d4fdb959449a47214dd500c93cfee0acfd63,2,1791408130.8842216,1791408145.467674,14.583452463150024,119,241970,confirmed,
510,0xF278286e098762b77e3B24e5c4aE16b2336A6a6A,node00,6efeed024adf95237cd1bfe40100112b86bc2fe68206190e9a14c985b7a4fc65,2,1791408130.8900225,1791408147.3089457,16.418923139572144,120,241970,confirmed,
511,0xd8124a81c5d1b9e7263ab1C83D1382896fd8e379,node01,04a8fcbc838534edbd2f4d04772323e0ef2362ce3837ce63c751fd014e7305fa,2,1791408130.8920112,1791408148.4839675,17.59195637702942,121,241970,confirmed,
