tx_index,sender,rpc_node,tx_hash,nonce,submit_ts,confirm_ts,latency_s,block_number,gas_used,status,error
0,0xcD89a2084D9cEd7429a912416FAC6911e56536Cb,node00,f2430545c52eea28d2cba8eb601089627aa2b4cfed431039c0c1cb254df260a6,8,1791366651.5560076,1791366667.805843,16.24983549118042,165,241970,confirmed,
1,0x714447a24067a74f5b9906e4AA9544Db4DBBf93E,node01,027ceaa0b9f7adfc8c1d0bd66487af1e29ca8e2224d9ab97d31cd1fdc4101329,6,1791366651.5614336,1791366673.1306422,21.56920862197876,166,241970,confirmed,
2,0x24F08BE5bb32047b2CB5a866370a9260dc73b340,node02,4853394de364e79249948fb578bc760264b3daf976edc0467edff8ac867b651d,6,1791366651.5779703,1791366673.1390185,21.56104826927185,167,241970,confirmed,
3,0x51A3AD47077E122a977e54017D08A7aC2E02A6eB,node03,1a8e7760f2945a2cd9352ec6d0755fb6117e969d5ddd8a993f16142117d3d8c1,6,1791366651.5806363,1791366677.3310711,25.75043487548828,168,241970,confirmed,
4,0xff43c0A7B055282F6649835f0c7e3b2Bd20711C5,node04,070c7b24ee2250c36febb820521716b16d68f7196c9118fb7323d1616f3c0726,6,1791366651.5839593,1791366677.333814,25.749854564666748,169,241970,confirmed,
5,0x0478D01323566b0dF323113d468dbE6fA32896e9,node05,cedb744c94cc921e3f0ea4f76a9797a8824a70b2c79a78932f19e3d7ca3ff7bf,6,1791366651.5926464,1791366680.572496,28.979849576950073,170,241970,confirmed,
6,0x6649F5012414833487817F606A313A6235D68196,node06,35e6923ce1d75b8e26128912e671917a3c0b1c5ae0db4b64fc219f575705da74,6,1791366651.5952148,1791366680.6812284,29.086013555526733,171,241970,confirmed,
7,0xEbcB96e5bF2681c29fEE0875487090117eD28D5a,node07,c2c6db18214cbe7be8a203bfe63070983ad0057631d2001c4fb70c9c67f7af6e,6,1791366651.5990427,1791366683.728319,32.129276275634766,172,241970,confirmed,
8,0x952C120AA06C52501A7c235606cC49921c628B60,node08,d5dfe157e2f9c002aabbfde889ea93144f7002ac94ae77193d6c0d9a04f28b8f,4,1791366651.6050873,1791366685.977174,34.37208676338196,173,241970,confirmed,
9,0xba63CFC0CA898AE757054761F6F135b953f607F7,node09,e9e57bf028bdb6dc3dea33169353110a6073767a19fda9f733f83da7a19dc915,4,1791366651.6076913,1791366659.7826586,8.174967288970947,159,241970,confirmed,
10,0xE8F3Ec9C0e20D48151a10b9117279DbB5CC3e481,node10,845f291b75dfa2b83cd70edc35e95c4a87f7129f5e4798cc64c5c8e7f0567710,4,1791366651.6092072,1791366659.7956343,8.186427116394043,160,241970,confirmed,
11,0x50d649d6be589DF71ED0a8fA2Dd28902faBc0A60,node11,ddfdf12fe8d1d9e36b74d988927c39bfad6c35e173d0ad3ba0cd76593aee9532,4,1791366651.6167407,1791366659.7911124,8.174371719360352,161,241970,confirmed,
12,0x22dF4540b12ECE50A2f0136231fFf154AB5Baf44,node12,a0885b8ada25afcff1db709428b7b63a5d22835357c72963cdcdbcc76a1ff337,4,1791366651.6189632,1791366659.7922025,8.17323923110962,162,241970,confirmed,
13,0x5e361686d36f43D0A1110f59867A1A0534C547f8,node13,30661f74d9c7483ea69391cca233ea39a9007df4f0f9ec5437b3623f70fc5fd1,4,1791366651.6221292,1791366667.79114,16.169010877609253,163,241970,confirmed,
14,0xA4a71aDfdF8E930a6A2Ebc906D0908e8240A79d5,node14,f2e512874e52cd3e10e2573df8cbad26745a1bcbe3f14c37853c5c7737b65edc,4,1791366651.626959,1791366667.8238766,16.19691753387451,164,241970,confirmed,
15,0x45F66d945Ca8cfa939CA613B67BF9c55EaC1Be0d,node00,4f0a0b356c72d617d168aa8f487adefa1a1afdd356228ff662613220dc43f6a9,4,1791366651.628779,1791366667.8337033,16.20492434501648,165,241970,confirmed,
16,0x6D6269896F53E8CD21F024de8F34237780B647E1,node01,1d8b538c5bc115a3cd2fc7531f4da45cd38a647f8364f31827fba3aeb8947dbe,4,1791366651.634617,1791366673.1819246,21.54730749130249,166,241970,confirmed,
17,0x0aE4Aef218450749B79eb4CAE066D699bc5D0f2E,node02,710cef657a393910ece37bd78fe2edc345e6d62d5a1f2ebb410a0c7bd13b34f9,4,1791366651.646747,1791366673.178173,21.531425952911377,167,241970,confirmed,
18,0x3Af2dcce9Fb5298D844d4Cb5e4d9521f822c1309,node03,cb4366a1ea6db5a8f483961bc08a40a85ba0d68cca4035cab6db65939d5a5ee3,4,1791366651.6491842,1791366677.4197822,25.7705979347229,168,241970,confirmed,
19,0xD30680b34eD75fDDD51351dacC9c5902E5FA3778,node04,62e8cc1ee74b3e00980670dc33a188bbb83db6795892674d13f4e5b2ccd24e3d,4,1791366651.6546519,1791366677.3659005,25.711248636245728,169,241970,confirmed,
20,0xd10f0545AC797500588dA8b8456419533a5cA591,node05,921409bb118a1d8fc41f7a52118975d78f11afd97ad2ceab3a21d888a934d202,4,1791366651.6603684,1791366680.562623,28.902254581451416,170,241970,confirmed,
21,0x8fe75729699CFBE3c34735f2e862d37686d48fca,node06,204b36f39d969b8df050ab5313a83a17923f77cbe3752d65f4a652b0ad6abbd9,4,1791366651.6630852,1791366680.5986176,28.935532331466675,171,241970,confirmed,
22,0x8867f5D05DE44FDDAFf78C2b785Aa85d3Ece69Eb,node07,7c67f7be88652931ea14764415c14cbc15bed569777cc88916ce87f3679e1f9e,4,1791366651.6768794,1791366683.8146544,32.13777494430542,172,241970,confirmed,
23,0x1BFc93c416722d534F4267BB65e58F075a55123a,node08,0d97a8243200c885657d6c6b0d0d9ede3e02250c99a8e83d57d3b4dd9dfb0527,4,1791366651.6935651,1791366685.9990225,34.30545735359192,173,241970,confirmed,
24,0xe603171ef709e6f27A3E3Cb06c87DE2ab5a1C05F,node09,046885af4b2f64fd4b41b913b19dd3139a1520ccda50c7bd6413a8b44e6187b6,4,1791366651.694876,1791366659.838356,8.143480062484741,159,241970,confirmed,
25,0x2D83c9951c4Bd9F5eb8674Af3D22e9E2e183412c,node10,bf5c1e8f13c4134bf514b8e414c13deb1c0235a719c3a2247eb9db868e4da0ba,4,1791366651.6993992,1791366659.830209,8.130809783935547,160,241970,confirmed,
26,0xA68cF1D52928ADc22e5CE08CfeC923FFb8dC79F9,node11,8ed5371b48a7ddeb9e481d8449175dbcc686b28a796bdea2a3633ebfb1e05668,4,1791366651.7029746,1791366659.8734539,8.17047929763794,161,241970,confirmed,
27,0x3377055895C603658475193A0b6352044702e36d,node12,6682f6423097336fd4db67cdf52d210998735588e9835e2338405ed359ff664d,4,1791366651.7069888,1791366659.8412306,8.134241819381714,162,241970,confirmed,
28,0x0E96219BaA62cC3ad5DeD9aD2b18B82abA96fe87,node13,d85e20f93cf12faa379fdb208b8134dbeed295786e8f161b9bfee9664a3d8277,4,1791366651.710693,1791366667.8305702,16.119877338409424,163,241970,confirmed,
29,0x8f2bA987AfB7A05C2feb023B5641c7137ECa658d,node14,fdda10aaf55a8cce62a287bf57781d2b424390c16c00ad4d739efcf48443040d,4,1791366651.7171128,1791366667.8457873,16.128674507141113,164,241970,confirmed,
30,0x9f1eeA642B138e46E74b0D283cf0a6079DB0bcA8,node00,a41995800ea90df51fa8e56f6ce92c3f7babd8fe296624266f7372a383427537,4,1791366651.7198734,1791366667.9043856,16.1845121383667,165,241970,confirmed,
31,0xc68eDca6E404405b4384B0bDE9C46EbC9a4DF016,node01,1228b88871a271f3c6e76f7388a2dd364700a8339f5c8f2fb3eaf6ce68be66ab,4,1791366651.7227187,1791366673.198029,21.47531032562256,166,241970,confirmed,
32,0x003065feeccf94F2c498E1cA8F07b66407307381,node02,1c3233b619feb7590730f6f0e4c6832297788c6f2fd4794e0589d07ac9cc0549,4,1791366651.7252867,1791366673.1603777,21.435091018676758,167,241970,confirmed,
33,0x65ff7dee3e81fb88A6f7AfdB323382022fCB495f,node03,6796bf5571fd044579219e3c7509005a1dbe3c4d5da3d55c7fee312172072fbe,4,1791366651.726944,1791366677.4507601,25.72381615638733,168,241970,confirmed,
34,0xF0395EC18410a58E05Ec3e8bc8Df543A09424D11,node04,1225941f4c14cc46998885e154cffd78f30c70f38ba558e7530f748120079fdc,4,1791366651.7297866,1791366677.357915,25.62812829017639,169,241970,confirmed,
35,0xCC832AadB9BbeECaf90Fc017Ad05AE4d487fE583,node05,a17a124ed262fec6266b0853fbbe4f6dad31046ab80001a9ef86f34321bbb02b,4,1791366651.7351856,1791366680.9302373,29.195051670074463,170,241970,confirmed,
36,0xb3fB310e30618eed4085DFe56e57Cdd4c5cA79fe,node06,4e5138d8d744047f83d6fb6e57cc2989d54c765765177b9863ef3f89785da38c,4,1791366651.7361133,1791366680.7516744,29.0155611038208,171,241970,confirmed,
37,0xC3a6fD7300FB906065541AD2d7c21793A327744E,node07,d17a791d8145060dc45e0f2bc7f165aae1cb91049c42c52a355f9452ee671f10,4,1791366651.7383034,1791366683.7626872,32.024383783340454,172,241970,confirmed,
38,0xe5475CFDFb547B84749c593E3d9d350df6891d52,node08,1774eba022cb455f0b376f8e57d40a0e635fcb86a394d92ff82cd2158e7047b0,4,1791366651.740273,1791366686.0018482,34.26157522201538,173,241970,confirmed,
39,0x214d7A98bA6B72cd68AB3b79D39eF8fba4275420,node09,e016093eb65a1155e20483263cba14e91c88c1a60b2dfdaa282429ea8f65acbe,4,1791366651.7427735,1791366659.913812,8.171038389205933,159,241970,confirmed,
40,0xeC98D28F143D9dE2e0BFaecf78437b3DEEbaDC7C,node10,920c38459566507cdae3de5ae5fc8809f09f4f470e86bbbf3af6be3734b0dc37,4,1791366651.7462788,1791366659.8928335,8.146554708480835,160,241970,confirmed,
41,0x99f68EdAb56c74D3ce250BeA501B04FC9eEC8051,node11,b8aa571c2e3ea84b9cf73ca28be14cb42975a27ac3d44cb32f9ae1788d75d857,4,1791366651.7514904,1791366659.8920557,8.140565395355225,161,241970,confirmed,
42,0x139b9444f714ACd04592E9DE0deACbEFf9044dD4,node12,65906792359af1798dfb3a7975cc6a663fbce400e6a197fdae5c5a3a67ab0978,4,1791366651.7575479,1791366659.8907542,8.133206367492676,162,241970,confirmed,
43,0x8e3859ee8A379275e2C6191f01b58b08C2A9fac0,node13,f30a410aaea167a8e677fe877d4fe976f3c5f3a03022c38c70b97f7f38369797,4,1791366651.7618785,1791366667.943765,16.181886434555054,163,241970,confirmed,
44,0x5ea1B93Bc77Bc6B63Bd5Be53e2252Af00Ba449eB,node14,ca3370c4e6c0b1b285a2ddf911986e26eb44a5f9d927baac59d3c3e7f948fcf7,4,1791366651.7626572,1791366667.8555455,16.092888355255127,164,241970,confirmed,
45,0xE4CaAbed924Ac6D44D2A95fa7dDbB63bb351509D,node00,0ad7be14e6a8b78997282c47c8be91db6e04c50f6a5c4f9b55ef18c6bba18b18,4,1791366651.7662952,1791366667.864416,16.09812068939209,165,241970,confirmed,
46,0xAC3f805Be0ebdFF4122EB89E4eE40851F0906826,node01,4a4976fdfed0f5c0f91e6f290274e3ac30564a56640d5b5a68a61edce795689c,4,1791366651.7677612,1791366673.2039142,21.436152935028076,166,241970,confirmed,
47,0x33Cc2523F68C25fA20CCdDBf637eA88Fb6Be7718,node02,ef7ab3aafac2f6f40e1414e978d19a9f65f4c682c99e9df48d89de80a4f2c374,4,1791366651.770103,1791366673.2295094,21.45940637588501,167,241970,confirmed,
48,0xADb92dC97a7309ea891DdAd48422df1981942576,node03,ecdd5c123276abf31696dc1dc4b8454407d8c7afd29bbcc33966dbe8865ce4a6,2,1791366651.7812238,1791366677.399481,25.61825728416443,168,241970,confirmed,
49,0x9757828eF97914D7630F1daF637eD40e09da5A72,node04,d1bb6334ed7f388d207d718507bc6924f54594214ba3ecb1def511181f425340,2,1791366651.7826831,1791366677.390295,25.607611894607544,169,241970,confirmed,
50,0x8DB20A39B908742Cb948c64eAc8240CcB4Ff2342,node05,658e5d227e562b1c2f026acea94c197e566b66d9e37af3050c6f9cb9e04d9b5b,2,1791366651.7848868,1791366680.6002276,28.815340757369995,170,241970,confirmed,
51,0x6719D23635e8336d75cd04A35450de66C62AfdEA,node06,c32f114be3e7079275729670805d262839e49cc10acbe09db76bec64d3d1c8ae,2,1791366651.7962854,1791366680.6409605,28.844675064086914,171,241970,confirmed,
52,0x823a76295975217cb64c265BcF6425Ccbd169D3F,node07,5b6d9e4396983a5f216a9d952248be4b728657d9dd8f868bc636ac7451d7bf32,2,1791366651.7996447,1791366683.7496705,31.95002579689026,172,241970,confirmed,
53,0x4A5Ec5796E8B654A8F368975a937D34B3Bb45Cd3,node08,d70938c9598aca0e19b234c49418831f07f99a0de1bdf178b18b198568019758,2,1791366651.8079941,1791366685.9984362,34.19044208526611,173,241970,confirmed,
54,0x4055Eb5F4d32ac2A0dFB2a6CA1860Eb147F9828B,node09,8520739c659571935632fd495ff12830d2153ccd21613ebc2225f0c00bd63cbc,2,1791366651.8171475,1791366660.1995058,8.382358312606812,159,241970,confirmed,
55,0x94429ee79dbD0AB386E25b53c5F8C5f1cBfE30A4,node10,c4bbee1a88f34b59563a9ebbd2e887d87c314b114d0a0c1a5f410b36a02d3b67,2,1791366651.8300953,1791366660.0969343,8.266839027404785,160,241970,confirmed,
56,0xe637B75F21d0ab8B72f8dDeFB70765B1EB115e3f,node11,49a2d7f67564132e6a438fc9d33e94ad7d1386058f1a1745e2a55575ebdbe764,2,1791366651.834438,1791366660.176411,8.341972827911377,161,241970,confirmed,
57,0x0747D0e07a37da7FB109F28813E8e4Ff12F0c454,node12,3f68033d7c6b78367859b98c55b47923d51f512bba5d01043bcd6b4e63904630,2,1791366651.8430736,1791366659.9633012,8.120227575302124,162,241970,confirmed,
58,0x88DD545AfbB4978409015837fACC9bd87ac74803,node13,65bb10d79dc7dd13e878b2ae5daea2aa5d419a622945e2c87c52be9fb6c2cb2c,2,1791366651.8573968,1791366667.8990805,16.041683673858643,163,241970,confirmed,
59,0x90bDb8C9e832a22C5e2BA23b2360995a5765D0d9,node14,96f0a01f221c8a2564363e454d0c1f177c8b4531a6637e88b488b642106007be,2,1791366651.8607678,1791366667.9489949,16.088227033615112,164,241970,confirmed,
60,0xCfDdAaa3488d8f0607B052694C14793f602F7fA6,node00,da8c8ab240dda3b80a7476ec7da4dbe227d0ddc63721b0032c49a2df2c2326c4,2,1791366651.8657835,1791366667.8954809,16.02969741821289,165,241970,confirmed,
61,0x232b106ae4127e45D22A6eCD5fB5DfD75a88bE93,node01,4f06dcf3c61a7778a6c7c912fe93396ca1acf4cb1fad922294d414f90d202b74,2,1791366651.8743653,1791366673.2470033,21.37263798713684,166,241970,confirmed,
62,0x482ab886EB23b4aEaF6e6A2B9a551dD0e8697310,node02,3c2d8697ed23189ccdcc2d39170bcd89daeca61e55edf7620222a3313aa66ffe,2,1791366651.878489,1791366673.2230482,21.34455919265747,167,241970,confirmed,
63,0x9cb87a9b9a3bEA4222A48E1f1A2a8A8108d54f2B,node03,5a99135664bf3c23a050512aeb964916af94c634279c8b4d49a08fdf4a0766be,2,1791366651.8883064,1791366677.407698,25.519391536712646,168,241970,confirmed,
64,0x8c4C16702ba904969bbaadAE349A612E71dcc9Bd,node04,698084a1bdb0deab2b230d715144d0028bab2f7dbd63c338f5fac99b55ac532e,2,1791366651.8969295,1791366677.3833234,25.486393928527832,169,241970,confirmed,
65,0xaB63641fD8E90fd24f73442d645dA4b484e6Eb04,node05,f412c5ffa1426e3924fe014522f7d9b029c948394787f4b4d04a4cecd0def405,2,1791366651.899623,1791366680.7174811,28.81785821914673,170,241970,confirmed,
66,0x106408587DBCd7Ed2db97d8B8042696Ad7dA51A6,node06,8fd1901cb44dfe6f7c5d77c9899fd05d535a3441315a62dfa2cca9f1942f818a,2,1791366651.9049377,1791366680.7284825,28.82354474067688,171,241970,confirmed,
67,0x0FC384cB0908c5908038be7FF0a26c273c1FcBcc,node07,5b6b22f6e7753848071eb0ce629802ea2af93539989f8b384903e181cb42f2fa,2,1791366651.9093838,1791366683.8121748,31.902791023254395,172,241970,confirmed,
68,0x9ED4B5621d6DE1bA232bFA30D239887176cE9674,node08,d25c671aa2d8613da477bf5d85271bbe22052df927af906ce37c2985ecf6abce,2,1791366651.9315605,1791366685.9961557,34.064595222473145,173,241970,confirmed,
69,0xf1E61A52E1a89b3A60b896075c2657d31DC4671c,node09,8f46169d837d9d5e29705c02de088f9a6f89338991ecab1e375844d3331a76e6,2,1791366651.9344578,1791366660.1229062,8.188448429107666,159,241970,confirmed,
70,0xE8c4b46cF7250397bC0AFA44016a2609C6A2cD32,node10,43ec818e4ca3447a6d5a47b19225bbe1938cae9687d7a57eb930955dbd258388,2,1791366651.9407241,1791366660.0948663,8.154142141342163,160,241970,confirmed,
71,0xb8385F059d5e1B8Ae7aa9B4B9C92B504dADe7cAB,node11,67ae397c5d786279839a31693b33cf48590874c8f9478234b8a960cd7ced049f,2,1791366651.9442399,1791366660.0573559,8.113116025924683,161,241970,confirmed,
72,0xf02B77cd50E87383D4887e3a495e8F2dDA27078D,node12,0bde60ed8db9bb742d63edec428d9361b8936d70bc161e3b499c097d7f5bf74e,2,1791366651.9462695,1791366660.1591659,8.212896347045898,162,241970,confirmed,
73,0xFa31d586DD603f8099a56bEDcEEd6140c75e0890,node13,f854c2855c94fd54027c5909381fc10ada22d97fe6806ccc45c30cf5b1bb43cc,2,1791366651.9514627,1791366668.0553203,16.10385751724243,163,241970,confirmed,
74,0x5A5A5A81407E4B7b6A18348637c3d92d9ad703E5,node14,be754ea3663382bc094e32d6befb7568f66956de6edbdf3fe43184d399659f65,2,1791366651.9540222,1791366667.9620724,16.008050203323364,164,241970,confirmed,
75,0x7fd2BCE8d9195A8F1d8B71A37ce5a55C9D1Bee4C,node00,b85e16e1cc5e63b6dc7c5506bac16e507a801e7fb83de7511ee26d343788022b,2,1791366651.9564676,1791366667.9767566,16.020288944244385,165,241970,confirmed,
76,0x84463767E8C6Fa7b51A247D86adcC4982D5A832f,node01,c8023ddd980118d0c7fbf7bce26537762cc62fbd05fe56ce719091becc224368,2,1791366651.9592266,1791366673.2552865,21.29605984687805,166,241970,confirmed,
77,0xB1481bDa2d219eDF2400D6e7cCE0056C41a1A0A7,node02,5e1c4fb1ac94ccf82a97c759bd91df0f6a5ee3defdc2ad2bac877066fce7c5de,2,1791366651.9864836,1791366673.2411084,21.254624843597412,167,241970,confirmed,
78,0x89e2dC67d55B2140f788CcA3d2C8d53e35669fDc,node03,554355371ba6ca60bdf865db8fd716a8983d1dd882a32c97c3cd470bdd1f6982,2,1791366651.988149,1791366677.4281273,25.43997836112976,168,241970,confirmed,
79,0x2B6ea30eB69CC4073960B33803E1c7AAF89001Fd,node04,a13fb13d5395dbd4913ca52591c6595cc466f8e720fba19f8b652990e74ca5f8,2,1791366651.9988117,1791366677.4645095,25.465697765350342,169,241970,confirmed,
80,0xFe74ef07ed65696CFB77912F99Fb738E3b5e748D,node05,896c9f63daf305e7342eb68f089333f508c68cd95d499747c6d20289fa2f5d59,2,1791366652.0042791,1791366680.6502604,28.645981311798096,170,241970,confirmed,
81,0x92Aa6d50978AE0c27f87C3A171BF837a4Bf1e474,node06,e8a30c96d779e0a84694d159e97c9729d8357091bb4db04ecc54542bd37ac36b,2,1791366652.0168579,1791366680.7073855,28.69052767753601,171,241970,confirmed,
82,0x0bdEDbB860a52DCa17dFD269446809044130E39a,node07,875e93a7d1d63511c3b28216b37968a9661b9473b293940f5da72652126d2f1f,2,1791366652.0293872,1791366683.7888663,31.75947904586792,172,241970,confirmed,
83,0xBE04eb2c9F7f61396b6aC7C7f64031D846878428,node08,0e7ce6d4729adbeb00465c718527c75ea4dd8e3817c0e4a40012ec734c66a0ac,2,1791366652.0305648,1791366685.9922936,33.96172881126404,173,241970,confirmed,
84,0xDBc421A9A88D331A8B5C2366a63EDd8C8c976dE0,node09,91f09c79bbde690d4cb228a414de09cb3ff4ef841fa0c6a0ca7260ce8b0d5add,2,1791366652.0364177,1791366687.4905367,35.454118967056274,174,241970,confirmed,
85,0x2923981830E05Bc6c7515c520a6ca66E2d93E3BB,node10,0e0443229da1f75423e9f30ca6882cf7bfd2713ea7f1a066e11f7415abaec14e,2,1791366652.043649,1791366660.1758637,8.132214784622192,160,241970,confirmed,
86,0xeF0A1B756E0D6E73C34E602452700ddf4C0046c9,node11,67b7e3eee78fa4e0cbc3529389922e8b1f7c9f53f2770644b4f2949252ab558f,2,1791366652.0513704,1791366660.2597778,8.208407402038574,161,241970,confirmed,
87,0xF8Eb2d062035a7dE531e967881700d8B760e9b7F,node12,1adf089f9d03d8a54217a74ff50a4614e947d83921ef88e4ed24a2ce7be04227,2,1791366652.0524373,1791366660.1432817,8.09084439277649,162,241970,confirmed,
88,0x4EB4FcA3118b5c8A2e2A930347A84164D1A44E4A,node13,89c83228f9bd5e7cd4bfe111b7de57649de076c1a643c0b17c625f0fb2d96a3f,2,1791366652.0558224,1791366667.9537437,15.897921323776245,163,241970,confirmed,
89,0x434FE43962c14Cd525e11FA4241D758AEd764062,node14,3b0c17da2197c418d2106ad0fe840f7239ddae4db054fb99795cac373e546cf1,2,1791366652.062407,1791366667.9747186,15.912311553955078,164,241970,confirmed,
90,0x1fb5D0ee3f7C38052539FE0D0974F54B4D879adF,node00,84ca2c4351f9d02315a07d010a7cd0141f596938602f4b00964eaebc6b73eae7,2,1791366652.06957,1791366667.9369426,15.867372512817383,165,241970,confirmed,
91,0x4432900737BFc28509D5C0f3AF51565F59c32c58,node01,3ebe4c90a0f7885a91dee43f337ba0c1e9db556c5dc4dd8e1f599b88b746f573,2,1791366652.072209,1791366673.2901003,21.217891454696655,166,241970,confirmed,
92,0x1765212377AD2600FF04F4662961A09DE2F4Fc6A,node02,5b61a9d8d23283b02628e4e360a49cfb8987a4736481666413e296313e626f3d,2,1791366652.07847,1791366673.3242807,21.245810747146606,167,241970,confirmed,
93,0xbF264bb22aEAC9C17A7556730Fc0A3FBA3701Da3,node03,4399417cab7c5b9e1b99745b366fbf2a8ce9ef5befe644fe1a12d4fc533ea8a9,2,1791366652.081239,1791366677.4263086,25.345069646835327,168,241970,confirmed,
94,0x76e45a7EAd9FEf3310513f1f711460F669B67d1d,node04,890cacb104b45a73d23726b6bbd131e5a2b4e1eecf15f0e266da1c454180b8db,2,1791366652.0873659,1791366677.457142,25.369776248931885,169,241970,confirmed,
95,0x477D8C9B0a7f96D74936bce2F299A3eA1f784f19,node05,f2b138818af8aa5e0be2e159ea7c72c20f0df916cc00169651b23eacee6e850b,2,1791366652.0894926,1791366680.622429,28.532936334609985,170,241970,confirmed,
96,0xD56044c7fC11902E172d3891b4FE25f691d15d7A,node06,c992a7362fa3dfdcbd431dcd7750be983d976aa249b61717f907394a48aa030b,2,1791366652.0920048,1791366680.6583452,28.566340446472168,171,241970,confirmed,
97,0xE585484d4be1BBad0CDa2C1f8Eed1726edc96d50,node07,b40d9a35882e5f3376020b81b6ffbabd2c137ccde897265b3c2dd765695470f3,2,1791366652.0951042,1791366683.79793,31.702825784683228,172,241970,confirmed,
98,0x205dB42Ce2a628E3C6c1e2Dcb4FB8ACbe7174cb4,node08,2f839e0b9c27a36654bcf4a9ac4fece3dca2e0b1b5563e3e67943dc8933109d0,2,1791366652.1032057,1791366686.028898,33.925692319869995,173,241970,confirmed,
99,0x92E0830FD54e3ef843b91527f8a1ab8C191ADF73,node09,932bb586a6f3ef0fb3a081393a2d5252e41000b90d8974d8b59f8d7cb25846d8,2,1791366652.1063912,1791366687.5762362,35.46984505653381,174,241970,confirmed,
100,0xF6a95a165dda881334d97EB317F9546881296d99,node10,c58d46f6586021527306f643fcdba7855d9063601436a64d4e28696ecf550761,2,1791366652.1082845,1791366660.2250583,8.116773843765259,160,241970,confirmed,
101,0x7c9211C18ED54804a17e96D91422977AED9Ee3d1,node11,65c0c99db1614bb74b8273d800e1086c8610a4436c615a355374644db5a2172e,2,1791366652.1107295,1791366660.6533363,8.542606830596924,161,241970,confirmed,
102,0xc9b1B3687ee4C808470efE39A66698f6b3Ac86f0,node12,27501aab4b2172abd0c420ddd3ea9749152eabdd050dd10c102af47f3260077d,2,1791366652.118078,1791366660.440637,8.322559118270874,162,241970,confirmed,
103,0xB71c376D6FAF2a8ae323EB944DD4AacEc9C54775,node13,fd8c973865a0852358299e8a88dc1a71e83f82bf5eb15d35b29fe9f3c5c8168a,2,1791366652.12347,1791366668.02317,15.899699926376343,163,241970,confirmed,
104,0xbfe336ce278533194482Cd46c9FAD3F7e5D1CDb0,node14,7613cab730a0e28268d200826532b3c23267402d1b51b51171ad75f5455031ce,2,1791366652.1273365,1791366668.0290377,15.901701211929321,164,241970,confirmed,
105,0xed174dDB350438CbC3128e8d5e0C3ea57D1B997E,node00,a71b898c5c9836d475a15d37bef850a7db5fc55d0d9b19b7ded75244ef8073d1,2,1791366652.1312084,1791366668.0079021,15.876693725585938,165,241970,confirmed,
106,0xcd3e6520f3F7eC91CE132F04243d3a480eFF46a4,node01,d154515f5a2a8da47b4fc54712fe828f6ca11c570c8fac06efe38052b200ef03,2,1791366652.1329565,1791366673.4257114,21.292754888534546,166,241970,confirmed,
107,0x5234CF00a6030B8292A243Fc910D460B66fA7d42,node02,e452d36e68d25b6cf7836e0835e370aa3317bbc582bac6020b0aca5c31931d32,2,1791366652.1368084,1791366673.3557253,21.21891689300537,167,241970,confirmed,
108,0x8cA87b80d383f31E5070b08c97b47f025b2a9901,node03,6e43f327e8cb4cca58d9ca8bafca5d1313d952c5676d4fbcdc28f967d246dbe8,2,1791366652.1377,1791366677.4979162,25.36021614074707,168,241970,confirmed,
109,0x1D5e9Beb9D3c617a7152bdfe1fB911864F00B444,node04,b6241b59e63b8905a60b9d054a17a16332e12b188a29f96d1d1b3222a30144ab,2,1791366652.1410198,1791366677.4846447,25.34362483024597,169,241970,confirmed,
110,0xD4BE1D486e3F177aA485A2042ce3B0d0ff72A490,node05,3f3617ae5f4c47dc28b4000d3e073b3383d479b65657db42ab9a13df23dd8455,2,1791366652.1430469,1791366680.6771853,28.534138441085815,170,241970,confirmed,
111,0xBD78723D05bb8747F7d6411b2E24faBc9918fDea,node06,5d00a81a4f06867417f38a334b1457e57626cb19dd59494e31b39fdea7db02e1,2,1791366652.1485312,1791366680.7204502,28.571918964385986,171,241970,confirmed,
112,0xe2D2F9A3994B345404BD2A51004d968142016731,node07,e52867d2e71554a7a2e96463540e1edea5dfd2b1f0706e8d0e4b4903b31f9a93,2,1791366652.1521657,1791366683.7822104,31.63004469871521,172,241970,confirmed,
113,0xAe90a22BDe3Cd3eDdF1Cc97f9a4B6A9e5C3b69A6,node08,29fdc64e3ef6ab79ba28512fc30b6b468a324e75b64301e0ab3b4c9a8c482eb1,2,1791366652.1540375,1791366686.0145721,33.86053466796875,173,241970,confirmed,
114,0xDD145c7dC15799D52d939599fdB7f5E033BBc84C,node09,a0baf83847db9ea39b0d06ca7cd30174a1ed15eed26167c2f6c56501f973c6c0,2,1791366652.1568336,1791366687.6561549,35.4993212223053,174,241970,confirmed,
115,0x22e3EE0a42374E7784A97dd40b726df4168BE966,node10,65a1ac0ca778de63ddcfafa8fc927b844f7e0c2b474c4d65e23cb67e100dc738,2,1791366652.1669598,1791366660.5746195,8.407659769058228,160,241970,confirmed,
116,0x3233037E431C8f6391Ab8696636b8cBf69B5f9f0,node11,29f54ebb04321223accc125556c6f89c8ed8753cb0dee01c5d98f43dab90720f,2,1791366652.1699326,1791366660.3596575,8.189724922180176,161,241970,confirmed,
117,0x909A73964455c1eceE5D4a7101E79F77E9aA8BBB,node12,861899fd345d941533bc222f546eab64244af33e79fcdd907b5af9304901729d,2,1791366652.1756704,1791366660.38575,8.210079669952393,162,241970,confirmed,
118,0x731FB3F37CDba49aaae280aD046244e94aB400cB,node13,eae3ce85102329407b4c071a4dd9c3eb0fa677bebd221eff685e990b50959a73,2,1791366652.1849828,1791366668.1179729,15.932990074157715,163,241970,confirmed,
119,0x44bBae82B529c23d4674A1D553bAa4eEfcaE6526,node14,83389573b5a452280358455ea4e7b05d756c6c0cd2bbd20314617e0391c60652,2,1791366652.1859937,1791366668.3417637,16.15577006340027,164,241970,confirmed,
120,0x14cdD569Ab444e758842855a3d0C22A90993009c,node00,d9c3dd12543864579b87b8a8c7572a85f5c0ee76fb9972b2fa7de770c9b12449,2,1791366652.1877084,1791366668.0413628,15.853654384613037,165,241970,confirmed,
121,0x09B56Cf60c379036a719153fF48D94D2e4FE8284,node01,7711fcf0b113d8c58d8d9993337b0dd539373fe48c1fbe2d70ad64b369f2d07f,2,1791366652.193788,1791366673.3167593,21.122971296310425,166,241970,confirmed,
122,0xC872e1e3D0cF1B13D46F11D47c0958b4C5B9Be5E,node02,9eea7f63d4e489b6899bb3f26dddb2e89b394a16097df2844ead71f15a47eb5f,2,1791366652.195151,1791366673.3136637,21.118512630462646,167,241970,confirmed,
123,0xD68a912CA318A4eC6da4A320c8d4E0c2B3cDCc37,node03,d2931a930c58427b6dd3fe627990f87725a249083ff766a575b60c3cd916cb30,2,1791366652.1984916,1791366677.5629342,25.364442586898804,168,241970,confirmed,
124,0x8Eb71AFf7bFcc6B9bd9208906E1393F829A27f9a,node04,a4104aa3aab28e6ced881eacc3648d48b2fd41b99950411518ad0cd0e4928a74,2,1791366652.2007263,1791366677.5811198,25.380393505096436,169,241970,confirmed,
125,0x81F6d29e1dadac2Bb8f92c9E080c378a974127C4,node05,cbcf54f24a14e846c4c7101955749d65c56b7b8f5f71ba72fcbaf1eaeb400e29,2,1791366652.2052705,1791366681.0768118,28.871541261672974,170,241970,confirmed,
126,0xA96afEEeFAc5B722f572e7DaB98B1A9d0F802221,node06,78d39f7df8f9ae44e8cc343b61d7c0e93269eaeb0d44a1e336839b750d123879,2,1791366652.2113745,1791366681.2004938,28.989119291305542,171,241970,confirmed,
127,0xaB4a684c2F578f440c4e05168E36185DA2B8ae20,node07,de55df87c50a50f168b3bafa8a10d2d9a31e04c0cb9553e48d379fe323696f58,2,1791366652.2141113,1791366683.8744757,31.660364389419556,172,241970,confirmed,
128,0xc626721454AEDf8CcDcd0EB77Ed02587320B01D1,node08,f4100716c3dbf9884d6d0c63ee6a4e5c98f91f1eb357c230f5c3b29dacd3206f,2,1791366652.2159984,1791366686.0037315,33.78773307800293,173,241970,confirmed,
129,0xb9224595E28B526e3D46134448B32Db63d678419,node09,f4d31ced37e97f4dda24c83d3882663010892023692a1a8d35474896cd069e40,2,1791366652.2174685,1791366687.5841548,35.36668634414673,174,241970,confirmed,
130,0x8849d9248931fEB3C22342caB82791f011D988fe,node10,ac88080474c38706b72b1c5c0c2e4622f8b612a3dc6e984448b2d473639814ad,2,1791366652.219886,1791366660.4530606,8.233174562454224,160,241970,confirmed,
131,0x9f392E3ce25922cE2a3Ad75a3c51595E194828A5,node11,694e47eff220f5d9eefa156389fb78d201298e6464d62b7e6914b13fe4e3cba1,2,1791366652.224479,1791366660.642546,8.41806697845459,161,241970,confirmed,
132,0xdAe33848af1829A0A54f18F93B74DDdb9D1051fc,node12,384bfa553705d27913d9378d0a8e88d7e8ec9333403d665762a484cac4e6e534,2,1791366652.2446935,1791366660.632209,8.387515544891357,162,241970,confirmed,
133,0x195d0D2b19459514D6b9ed7321F85594B2E7a9D9,node13,58f94ff1bc55e3c035d889d0100bf3a37c0d8fed2e0eb434cf3d39bd470546bd,2,1791366652.2473068,1791366668.0804675,15.833160638809204,163,241970,confirmed,
134,0x5c0C3956f80E60c0D3823f5DeaBbFf8bb6DB72F3,node14,20a3fa209b8533b146f5f6117ee0045789954e299901e74ff0b45c1f3267b544,2,1791366652.2493534,1791366668.0361285,15.7867751121521,164,241970,confirmed,
135,0x416F94d8B7B252319b7387db95E80cA2Dd2eef3F,node00,985e4367ff79f72c95b9eacc395ce7ea9db1d68fb39095bbe92e0ebd3455a74e,2,1791366652.2505364,1791366668.0784466,15.82791018486023,165,241970,confirmed,
136,0x84C33fEbc501b2Bd07bEB3dfc8F8D2AbE44ec124,node01,cb8ae27cd39d90fd0ad2fe35104def4dee2b37b40e1a706fe35e518dd7f441ca,2,1791366652.2553625,1791366673.3610115,21.1056489944458,166,241970,confirmed,
137,0x5d7eBC13E18e84f2bBeD375536Bb59fAEF75aA53,node02,42ac4c890368d08ac6f3faad7c2440b6f90302aaf2bdf928a179d6ce854e142a,2,1791366652.259412,1791366673.3300056,21.07059359550476,167,241970,confirmed,
138,0xaA80218f3ce00F13f6615c911F8D638aF25c6501,node03,a8192b55d56be54bccd68de29b38dd399ee6dd6b9c969997148f7978d66f8c40,2,1791366652.26332,1791366677.4875078,25.22418785095215,168,241970,confirmed,
139,0x4dac63751ddB5c9F783E48Abd4bBED4794b95b1b,node04,2eab6f1237939b2c44d1c831bdbafeb363cb725b205fc945d44190732da03c6a,2,1791366652.2660847,1791366677.5241635,25.258078813552856,169,241970,confirmed,
140,0x5910b04bf019EB93926e1E1f4fCb295652ace974,node05,ee2b3046978bea35c7c35c1164129b6cb12187e9a7ed5b09c8143671533beb1b,2,1791366652.2705917,1791366681.0877466,28.81715488433838,170,241970,confirmed,
141,0x52464f9E1a6754Ad0482917b580A39Efb788eD52,node06,ce392c4c80fee464b4d43325bfbb8bd13561c44549f6b9946226ce149441c159,2,1791366652.2728896,1791366680.757756,28.48486638069153,171,241970,confirmed,
142,0xAdFa0583f47b07Fac8c0C7A629538aE899d74a92,node07,eb28c2965de9c843189471a80183e224d2e2e0a4e02c2a78214085b1c94e5488,2,1791366652.2737014,1791366683.852196,31.578494548797607,172,241970,confirmed,
143,0x9Aa6423725c01265B4773CD9AB90d96F38E7131d,node08,67314ee208dc5e10ae5dd5a5e92f1675be977eeda325f5e55087f612775c584d,2,1791366652.2783709,1791366686.0571084,33.77873754501343,173,241970,confirmed,
144,0x3F93c41b181083fCF0bdAEea278bbD9217638b01,node09,73ef3c0d080ae45fbaf8e8c0b40c3bf026c093abf658377961bd83fcaad4b5ca,2,1791366652.2805905,1791366687.6529028,35.37231230735779,174,241970,confirmed,
145,0x32B851a5b395E94adfDeF3846C245c20CFadC061,node10,e0b0c809d3742931d176a559454fd78db486c63a5fc1e45228677d9c02750ffd,2,1791366652.2816665,1791366660.8044963,8.52282977104187,160,241970,confirmed,
146,0x39E8c55A5B96F0570B82DD8EF13abb72f4E5aaC8,node11,ad1aff2f75a3e048a2df7442f4e8551c6f3bdc1e19b2034054b1166f2e029d2c,2,1791366652.28544,1791366660.6359107,8.350470781326294,161,241970,confirmed,
147,0xb60A52881225Bda936b781b9E00ec3f7a6656436,node12,bbca54fdbda8be4f8269002701fb6bdf5c6d884bfdb57ba72819b9ee9b8f5597,2,1791366652.2918448,1791366660.7391293,8.447284460067749,162,241970,confirmed,
148,0x1D7fFd09a12e7f07490af2E6E871D64C5222B030,node13,d618464076333e5e3088bf5958c38e4d7ec22716445fa39e04a7ec3f619e5ca4,2,1791366652.2947261,1791366668.1444762,15.84975004196167,163,241970,confirmed,
149,0xc1BE6b1CFc596FE880562E6dC6aCc605B05562dD,node14,da7cc39a6e7493ef0363635931cd96a8e1148efa2237fb0163aa9e27811a4717,2,1791366652.2963505,1791366668.2173102,15.920959711074829,164,241970,confirmed,
150,0x4ABFE05BcaE0A32e9fdc688d1e4c725475A2f6C8,node00,d60574d570eb0dbe50caa08004bfbdf6df8e19c77f9d9ef9028391885882ff15,2,1791366652.3022802,1791366668.2665179,15.964237689971924,165,241970,confirmed,
151,0x607cB2AE8eF4dFB22347314b453fA9Ced59d92FD,node01,8b11a005ea5be8d10e6981d6903e6a96e3fde04ba5bd8d878272139c0d5eaae7,2,1791366652.3030946,1791366673.3596694,21.056574821472168,166,241970,confirmed,
152,0xc30b3451AC658C05e495240329BB6821cb6FA8EF,node02,02533cd063dc4b37bf66fdbc2263368d399517646854534e3293f7478a98978f,2,1791366652.3105114,1791366673.3263733,21.015861988067627,167,241970,confirmed,
153,0x79Cd7160C51857FbE017648fAB91d14D09fBA78b,node03,49791c03c34479f38d7415eeae589fde9ed0fd76b9ba6e5754d74e9a67e5e52c,2,1791366652.312389,1791366677.6051433,25.292754411697388,168,241970,confirmed,
154,0x86Ea3fF59d52255B228027C59318aC5dfa40D54d,node04,66a679f6a8d5eec4821ddfe1f3b11c56a729af907259e6281fee50bc65ec018f,2,1791366652.315324,1791366677.763902,25.448577880859375,169,241970,confirmed,
155,0x285c39339ED2D283839BB67fc1ff0B98c8F68e82,node05,569359013762edc439905459eef67b88710c0654e7b40a11817c628318cb79eb,2,1791366652.3219945,1791366680.984673,28.662678480148315,170,241970,confirmed,
156,0xdbf0F9915aD656B015d02503C361D88a7FA2711D,node06,ebf4f262bb8ad5814a662f1785152c530c475c0953aea54c07dc84a3b0dd2007,2,1791366652.3251486,1791366680.7305262,28.405377626419067,171,241970,confirmed,
157,0xD303CCF4F4D49fD013D711850A60f0d62c65a76D,node07,35adaebe20a479756b22431a02b0c65547f1d7f6cf166a00bca6f6bdcd7b713f,2,1791366652.3275073,1791366683.9181635,31.590656280517578,172,241970,confirmed,
158,0x12eAA9D8d08505778C1d42704BF28C04E20f6970,node08,0e5f9f5b5a69a64be2b0c5e825c669a2500023a6a0d3d85412b3f921068d627e,2,1791366652.3299813,1791366686.0506656,33.72068428993225,173,241970,confirmed,
159,0x43948304d70e1fA36929042985e55B6c1902Ca95,node09,9c59af95ed812abb473547f1d12343ba1b6d132d61423d8dc050066a8f34ab2b,2,1791366652.3341918,1791366687.5571096,35.222917795181274,174,241970,confirmed,
160,0xaC73E0E896B17f0273250A099624d79507036E2a,node10,8933b7dfe246ac3bc65116bb592542fe90d00de8473810980202824af7011f45,2,1791366652.33955,1791366660.7671928,8.427642822265625,160,241970,confirmed,
161,0xb18cC45d38117783360C5c25e5ca43A24113D764,node11,dbd7330b04eaf807f02a5f9b940bdba2baf7eb4e63a3fd70cd735befa4a613c1,2,1791366652.3437045,1791366660.683221,8.339516639709473,161,241970,confirmed,
162,0xf035455bA41e3Ab45b26E05814917dADdF59E3b8,node12,6abdb73eaea06ff591ffe8181cd4b50e5302662ec6b800cb32b16857b5db3297,2,1791366652.34891,1791366660.773876,8.424965858459473,162,241970,confirmed,
163,0xAdcdF47eBC2d7fe5b83601c9c28E3879Eb4A0922,node13,0f665e10e811191d27c9c0c8699d5a23cfede28f191d7c6babcb467c263ffe4f,2,1791366652.3545816,1791366668.2303867,15.875805139541626,163,241970,confirmed,
164,0x4dd43ec50F12dD158468f7b96a0b06E5c4e61Bc2,node14,f5381797f42fec28559b93d0323e2071bf7cd542d807d13c053ffa2865ce0122,2,1791366652.363235,1791366668.0932407,15.730005741119385,164,241970,confirmed,
165,0x5CD2BD8C1Ea5ac5b263C6c504929324846eBD0AF,node00,ac0d88adae662d3f987b576c80daf1ad76d729439f0242e32a2799561aa331b7,2,1791366652.3677018,1791366668.0654135,15.697711706161499,165,241970,confirmed,
166,0x33E16aAbD317C3D0C02D211924E67c715c2ef678,node01,e4ff96463d17c631eb7904a1d7f7f084a521b7663638ed3267e22708f1cc74d1,2,1791366652.372164,1791366673.3460162,20.973852157592773,166,241970,confirmed,
167,0xa20BDEE61A0A7465C9eE9B741fd602DA11C46814,node02,7ff67f5bd38736ac6f75d4f80705137aadf41a659be8e56ed7f73adbece052c0,2,1791366652.3759925,1791366673.3500893,20.97409677505493,167,241970,confirmed,
168,0xc5c512628ACcdA6f75c9141DBac0e29F49033A38,node03,7dc582edf19571f20c87bb19939ae78ae3aa5390023374a99f566bb09e71715d,2,1791366652.3828142,1791366677.6626198,25.279805660247803,168,241970,confirmed,
169,0x0beaBb240730b998c4292eC65f3100f6dEAAb1B6,node04,8b8348ab7a18d576ce94fe17744a04372c8e328a3113e484700ea900875f6a85,2,1791366652.3905087,1791366677.623647,25.2331383228302,169,241970,confirmed,
170,0x1a120383BCb1D87967a1FCB3A307B13aC9B70A00,node05,931945d1894d3bab6848baaca6b71d4a653db0397e5577a1dde2e678e4c043e1,2,1791366652.3968866,1791366680.7716076,28.37472105026245,170,241970,confirmed,
171,0x9Da9744dc5e327e885568CE8E96F429A2C72376d,node06,c8d873feb33a1bafad119042a3db7f42f8960efed01507c923629b42963f2f29,2,1791366652.3972206,1791366680.8806672,28.48344659805298,171,241970,confirmed,
172,0xB1dBE5978F663F51A984581C1a023294899fD8C8,node07,25184585b109a2b1cc7ddd5161a7063875a7dcad6ffb4f8e8d626d31fd233004,2,1791366652.4017377,1791366683.8633795,31.461641788482666,172,241970,confirmed,
173,0xEc915d6826bF60894e0979eED8ac6Ac62e4Ecf17,node08,b0174cc228bfd27df785eb061219ae700d655a7eec890c1288022f6bba92ecee,2,1791366652.4055896,1791366686.0535042,33.64791464805603,173,241970,confirmed,
174,0x9ebEB4870D3798eF70Dbc0ceA2dA436689520eC9,node09,b7576c7ab18fdfcb841b63f3f8f4ffa1c71c3fa9e076a039205355d9a9e47763,2,1791366652.4116583,1791366687.5266783,35.11502003669739,174,241970,confirmed,
175,0x13f880Cb044781bcf2df92110424f68F9Db2D147,node10,5396228accd14e2bd97da570aa8f419eb2655ba67a72e93dd740039537bd5197,2,1791366652.4134145,1791366660.7803257,8.366911172866821,160,241970,confirmed,
176,0x052f4bbEd846C817280d727B8bf666830830BAf4,node11,2d0c700808659ec0c70cf30012c04c3d76e6cda0806f5e59b482ac2d652b8492,2,1791366652.4158688,1791366660.9059494,8.49008059501648,161,241970,confirmed,
177,0x57ED19c99bfb8dc5F65A03306B39338EA8107a39,node12,4d7c3a37aa0e7a571084d9c113a94bca61a68e8442f9d685388823457e3720d0,2,1791366652.4259553,1791366660.8262308,8.400275468826294,162,241970,confirmed,
178,0x85309Bdd940EEce9E1ca6543FeE311D03C40CdD5,node13,27c6a34a7b545c677dc5c34fbcb4dde661fa4488d019f164c91769ba78d4c99e,2,1791366652.4281733,1791366668.2095282,15.781354904174805,163,241970,confirmed,
179,0xC65b364293CBB641BF177892c61ca691e6d2fA70,node14,450f55c79d28eaeaeafc74c4029d49ee1c83f365b7408de4a1a7928d3c551b80,2,1791366652.4326177,1791366668.1372457,15.704627990722656,164,241970,confirmed,
180,0x293138772e81F37FA72Ea466c694033713728f62,node00,0912aa7f09cd8b1d573015078956929f15f9aa07f8bd90ff180ac3871b91e520,2,1791366652.4358246,1791366668.1009996,15.665174961090088,165,241970,confirmed,
181,0x6009d04B672D7398EAe92F438431719C3B9A9328,node01,676b37c27e6124a36c2aa1d249fc0277856e4ab02b02695d6b34ff042a8df160,2,1791366652.4373097,1791366673.3972092,20.959899425506592,166,241970,confirmed,
182,0xAA88AdedE2200569f3C6f10C11c8d224Ff459885,node02,8f1ad77e5a09b0c4ed369ad8b0793935f41055327d9900f075fe5885c84bec88,2,1791366652.43862,1791366673.492034,21.05341386795044,167,241970,confirmed,
183,0x83b13180b39af538bAC73B5CF64d61CB3eE2AF05,node03,adaf9a655579950b47cec4aaf7853f926484bdd38e3c11de61c2fb129c6761b0,2,1791366652.444788,1791366677.5422506,25.09746265411377,168,241970,confirmed,
184,0x810D8d3962bC4b3e6C91Cb5a9a4cc11607B91CBF,node04,a9217ad5208a9c61203297473c629d3a39f47f82dc180c9505c64d9a671cc732,2,1791366652.4523156,1791366677.8617518,25.409436225891113,169,241970,confirmed,
185,0xB29fA6efc0E9a0047E77d72F4906B521cbA8F34E,node05,0d3fd014d4bcf452d8c58e3a39bd44d98562690d36fcb69de8517500f0c525f8,2,1791366652.4551506,1791366680.8069327,28.351782083511353,170,241970,confirmed,
186,0x630e88943c496273Dd11b901c8Df9cbc4414cdDc,node06,39f68fc42518cf58593cd07db9301f64637a1dc9acf97096a364bddc4666a25d,2,1791366652.4563904,1791366680.8295424,28.373152017593384,171,241970,confirmed,
187,0xf25215fb46528656a768b9989934B499EEC87228,node07,24f6e6d759466ea1455668e9222bef0559f16a87dad2d0f144a375d10d788407,2,1791366652.4581192,1791366683.8400507,31.38193154335022,172,241970,confirmed,
188,0xDb2B99492C9110024e03D839Eb36b85c9a57BBA4,node08,8bb86dd016e47079ed295a355544a5427cc5abf3bc6f3d9b87f04d73a7e27c16,2,1791366652.4603455,1791366686.0983758,33.63803029060364,173,241970,confirmed,
189,0xA3ebE6E70C4EBF22c27990aF188dC6a664a66e47,node09,97a2bac59e3b098167a81a33754cdf806e580728d3375034522020b0d16b62ec,2,1791366652.462427,1791366687.570349,35.107922077178955,174,241970,confirmed,
190,0x0aDc2d15A762e27487A99A851cAA489596a08E59,node10,26a93ca1771d9f4d4c4f4df30cd79e6589fece6da8efc107aa27b13cebc0091b,2,1791366652.4656491,1791366660.828835,8.36318588256836,160,241970,confirmed,
191,0xb4e2729e49F8965D1D7D6e11b80b501DB1e808aB,node11,57597f8c58d3bb5e702a3e79a9b4de73c2663f917cc561635b92fb3916536243,2,1791366652.467436,1791366660.8387344,8.37129831314087,161,241970,confirmed,
192,0x37739C1c50dE084fe618C6DdCbF99Ce8D533839D,node12,152da9d577602bd86b4ec74d213994f2b322b1b05eaf694f0424afda8d56aa28,2,1791366652.4687176,1791366660.8102822,8.341564655303955,162,241970,confirmed,
193,0xD61A851C4835DcB42D6802B4ca89F2d39fBb3c08,node13,7fc3ba993c52e0ec69466b2505863b56ced262b8234f22a60f0c4393db2f2960,2,1791366652.480051,1791366668.2538602,15.77380919456482,163,241970,confirmed,
194,0x612B385B9B8a5628434a7F82EfDD739DFB2c0693,node14,1872bba4f3dec8670c2f872838a718a64b2879a56d694e684f128a1232f4726d,2,1791366652.4845319,1791366668.5367787,16.052246809005737,164,241970,confirmed,
195,0x07D35220B5a1754e6b688B94887548F15e6725Ca,node00,e3a0e65dffe2e6c5b6b4b99d96970eeffb06075866c95e9036061534c07894c6,2,1791366652.4863405,1791366668.282977,15.796636581420898,165,241970,confirmed,
196,0xbDdA85758Ac4b688078012A9cF0C318587E3562B,node01,9f4ed5ef26b9de83226a6ef4de2f1973513039292627eda774de4b287ca6bb2a,2,1791366652.4874108,1791366673.4190035,20.9315927028656,166,241970,confirmed,
197,0x2862Eb530d67bA8A85d0f690aF6F333e760D0c89,node02,ea05169eb624211e83928ecba889166ae5cd6370854e88d89f560b402b90146c,2,1791366652.4912987,1791366673.3774045,20.88610577583313,167,241970,confirmed,
198,0x3aBEd8B0427e6C122364F75eEb9b331CF36EFfD0,node03,a9aec7e0d7df71cc9bbb7d02865ba89fb19d9938b31113a4dad1a39fafbe31ee,2,1791366652.4949698,1791366677.6092978,25.114327907562256,168,241970,confirmed,
199,0x9E21B338A9E12215a3B044907eCE0d12b982AdCc,node04,651a9694165d5fcf04b4fc786608fd2578d4aebe6c65573c6861fb1a11d5b48f,2,1791366652.497657,1791366677.7817922,25.284135103225708,169,241970,confirmed,
200,0xF72E1aaf4bd8940615d17d91807Cf37c14AFdAeE,node05,9a89ee289a445485007b62956757545608ab7888a0be4fb04114aa3800c222bc,2,1791366652.4994435,1791366681.2349374,28.735493898391724,170,241970,confirmed,
201,0x5A8562BcBa8Fce711D2da56fD2A26Ea33d059d96,node06,107088459c7955c3fec497882c752a8ffb7b2864596a5b68327db656411689a4,2,1791366652.5022397,1791366680.877492,28.37525224685669,171,241970,confirmed,
202,0x094AC41569c6A15C9950816466c1F8497243Fd20,node07,a771f71889faea558e2d788066b62317815793286732dceb9add3ae6cf37c84d,2,1791366652.5031385,1791366683.9550529,31.451914310455322,172,241970,confirmed,
203,0x379124b62C771Ab9b6101c6d6455Fd1B2D9871cA,node08,f92ce71d83cb1debf8d5049fe94968637026cd1f4085ec065e22adc96a1c51a4,2,1791366652.5054781,1791366686.0658848,33.56040668487549,173,241970,confirmed,
204,0x0B9D2a4D3715C696edcf6AE990d01B9607a25A0F,node09,20461c2d63d92cd314a8d20da1350bebf63056c9d162d81f9f454b1e9c6833c9,2,1791366652.5110471,1791366687.712682,35.201634883880615,174,241970,confirmed,
205,0xFEE2202ceA8DdC0F8C058eFed458F9cfb2D7f8Af,node10,1b92362b2eead4920100d45538f37ae1a2a9e861e0bbdb87100d969635c0e836,2,1791366652.5164218,1791366660.8949273,8.37850546836853,160,241970,confirmed,
206,0x3b1C8E5f740f6F0EAF0e274e32b804104B99BF8b,node11,390c43fa855deec5cd8f258f6bd539b79a4cde5a7fe8c1328583488b81588b92,2,1791366652.5171783,1791366660.8402433,8.323065042495728,161,241970,confirmed,
207,0xFBE426788461edc594101dB771C0f5F6BA2E53e5,node12,6fbbbb604860654fd49d60ad94066dfa66f631b127c0c97c23d23adb563fd235,2,1791366652.5192945,1791366660.8368008,8.317506313323975,162,241970,confirmed,
208,0xAe0eF6F93F540C86F0e3D84dC2807f9E6719c857,node13,7c7c951a4d8fbf8a23f1ea794666e42ad160006c2756370b8baa8e801cd9e2da,2,1791366652.5223932,1791366668.1757429,15.65334963798523,163,241970,confirmed,
209,0x41868D0A70bC40712bB6FA5BB7178e281F7C5854,node14,731a207fe1b20b144ff275a2266349a6717a016fec81b2de13972cdfd7b4a41e,2,1791366652.523856,1791366668.3269992,15.80314326286316,164,241970,confirmed,
210,0x8433bFF669a2BB53d21eA2B62AD7E15eEf4bf853,node00,4f4b74f4378d969708797dd149ea726e45a8b09cf9cd0558b220760079fe3d33,2,1791366652.5266886,1791366668.2900126,15.76332402229309,165,241970,confirmed,
211,0x4a17Ec9208DFf65dB51631C47c67EC69bD9219eE,node01,d0c426b22f9bec5fdfc17aa5f2714bb77e1284c593158528ea5d055dd301f610,2,1791366652.5290267,1791366673.405121,20.876094341278076,166,241970,confirmed,
212,0x38c3F841f51Bc8a29e5a8C87908C263169e8eFcb,node02,752185ee8a86be1ffbd9eb17c63d5606316e6b8c0b28382db158185181fc4b6e,2,1791366652.5315812,1791366673.5254211,20.993839979171753,167,241970,confirmed,
213,0x174a0153BE7A37855A779F6aBfE9698A020519F4,node03,fb2b23fd3c924cdc28254e9e6a932a9938baddb0eca6829092e0717b946161ad,2,1791366652.5335453,1791366677.6123247,25.078779458999634,168,241970,confirmed,
214,0x07b0510BC8388AAB225bCE3AfFe267C8520A45f4,node04,7c82852d8846b01faf51d15d97da70ad21928f99c4416dbe61b090bb27804ccf,2,1791366652.5359592,1791366677.5925133,25.056554079055786,169,241970,confirmed,
215,0x4cdac338A6b02dcc5b7873031b9A0BC730BbD786,node05,1248c52f101c5a7bf39b568b08fc479c7d5d9d9ad4f772e1b00e99573a5387c3,2,1791366652.5367799,1791366680.9450076,28.408227682113647,170,241970,confirmed,
216,0xeb3261C5B25e2cd1eaEe5e436BF03c02CB3A754e,node06,aa9d8e4435fd3be9f80015bd425deb1a8ad881ca25996c90ebe98534035ddb5e,2,1791366652.5423565,1791366681.2443922,28.702035665512085,171,241970,confirmed,
217,0x47699DaaeFA68342F3E4CCcCFB549bF4FdF4E9aE,node07,d8c603bb946bf4781be2ce0c7831a2082dbc0e3a74c9560788ce7219fe0e724f,2,1791366652.5455885,1791366684.0259678,31.480379343032837,172,241970,confirmed,
218,0x9dB26CDC6b6ff2210009D8873e5cEF98048D88Df,node08,49c42cffc7fe0ab857df2cb1c7280b713777f63669484d968a3975c536b21468,2,1791366652.54862,1791366686.0467288,33.498108863830566,173,241970,confirmed,
219,0xcf8F266100dbB717aED951e36b0Cb6Cf3F047082,node09,e17c9640c84a88540f0ab6e7d2ac742c6011702ad66d6f22a8b1b645687fcfd8,2,1791366652.555421,1791366687.7805,35.22507882118225,174,241970,confirmed,
220,0x4a2f768C5bF48069ea66f726704C1c456D9727Cb,node10,846deff03b92e7794f3f20196afeced9f78f2c8b557237f4830ab69f28eb7dd8,2,1791366652.5601325,1791366660.8807037,8.320571184158325,160,241970,confirmed,
221,0xf0B30732d352177A850fC433254A60429ec228d7,node11,c416bd887a989a1a85a1669e0ecbf1476128fa90e3bfb9b1a04235d3afc62b6f,2,1791366652.56478,1791366660.8741786,8.309398651123047,161,241970,confirmed,
222,0xdfc12d51230a30136f11a405dd26db098A2CA626,node12,6614df81c42e39f4aba7ab93ed20d593e4ea1b31b0a514af1c03f675c35c102c,2,1791366652.5684006,1791366661.0699854,8.501584768295288,162,241970,confirmed,
223,0xaEC4Dd3b9f274e6A28C9EFF153646cB327bE7777,node13,2600dbc5ad29483bb4b9beab1b6fa1ee137eafe737df0de94353472bee6b533b,2,1791366652.5700042,1791366668.3764997,15.806495428085327,163,241970,confirmed,
224,0xCBF4Ae947A1485f1f4B4f44b7F362fBF8F359349,node14,bfb9cfd0d6c58fe672905cbed38d4219f5c6ef97129bba45ca309035f523e5b1,2,1791366652.5750866,1791366668.3337476,15.758661031723022,164,241970,confirmed,
225,0xb136EBAF7B65E47b643281452d74c5FA543839af,node00,38debcaced30db041a46cb232fe7c0aabcd7449b82347389fe08f31668e8256f,2,1791366652.6064517,1791366668.3831458,15.776694059371948,165,241970,confirmed,
226,0x2E881872c734995Db1aA6c712eA3D107F34A1b84,node01,b21ae7f2491394f5cf4c7a71d34329065ff691e9fc7dd3437a1e55a7bb19b0b7,2,1791366652.6084037,1791366673.3958464,20.787442684173584,166,241970,confirmed,
227,0x33e8f645d14337E5b646e8D8F77492b936B72b41,node02,b65a3bb2bdae05fef6a7578f2bb5a189b70edfe2f0578766a10dbe9fb3de5bd6,2,1791366652.6104867,1791366673.4644766,20.853989839553833,167,241970,confirmed,
228,0xd46891B5841EAacdD307056B57Bf6Bb2693b6884,node03,2727bdd46e93d43c6a49ede78d0bc24b44d5bf67c5a38f5d3ee801c6d64f5dd7,2,1791366652.6138592,1791366677.7437322,25.129873037338257,168,241970,confirmed,
229,0x2E2Df36818eB0b6F0577E7305a96B190eC742c2A,node04,1eef5bb1c3e6914b46a13d4fca26e9919fcef881865e808df01c21c67b220fc2,2,1791366652.618502,1791366677.7240477,25.10554575920105,169,241970,confirmed,
230,0xc7cEFd7abC479BB75593af158A791c01d25AFd75,node05,298b9a057789580f5377254d764671fc856e9e52cebb01e4badf1efca1271000,2,1791366652.620674,1791366680.9117844,28.291110515594482,170,241970,confirmed,
231,0x774d98395933bBED3c82339bE17CC0563C11a29F,node06,1e32575cc549556ecd8183a326efb2476cbc1dc56869d800c3e9a4f3a85bf604,2,1791366652.6248405,1791366680.9689503,28.344109773635864,171,241970,confirmed,
232,0x3c50795A3D19FfAe617e89f4C1C331C94fb7F548,node07,3f8600d605c680e57fad774f2bc3fdb59d05035d10b5c40a953056e1027a3125,2,1791366652.6269863,1791366683.8837507,31.25676441192627,172,241970,confirmed,
233,0x1FFdB0d32dA93EE3054bd4EE6c52aBb0d4E94064,node08,d6dac372810031922a249683a8d86824207434139cc8c9f65bd2c05aab98ac3a,2,1791366652.6281912,1791366686.0405524,33.41236114501953,173,241970,confirmed,
234,0x438056ab61039fEe4141a143b5Db7b7C408DFcB3,node09,92b9a207986081ec661bfe461a865b999e625f74dd37895cbcf8ebad376a0361,2,1791366652.6304994,1791366687.5997272,34.96922779083252,174,241970,confirmed,
235,0x4B517cCF23b3487d7c8BE8aF9bE67aCcDCaF38Da,node10,a11f9e5ee2f1f67a0b9f142050f0ac0c8213ee42f0ade8bb5161edaef1b44a6a,2,1791366652.6345894,1791366661.0657835,8.431194067001343,160,241970,confirmed,
236,0xfbCC357E1909bF455Cb029bf53Ca1A98FbE3BE89,node11,2900a301a04f06857ec1207c224a9110d0c887fdc155b78f3cc6103b764ad38f,2,1791366652.638109,1791366660.8882332,8.250124216079712,161,241970,confirmed,
237,0x0D40efEf934AA4C846CF45dC32f5fe8c2a34B5Ca,node12,6b5320c82bb6805d7f65472d1f035b4687fdcaaaf80c89f0fd4bc42d0348d79f,2,1791366652.6418583,1791366661.082286,8.440427541732788,162,241970,confirmed,
238,0x622df7A4Deb5C6f91FADF5DA2718FfEe1b58d90C,node13,98c95eeca7cdabc05e61fbf097e9e5a28ecbcb13f6a748cd1edc6de52a520380,2,1791366652.6432185,1791366668.3590093,15.715790748596191,163,241970,confirmed,
239,0x546181ef3411e3B9e8A30ABE3F6913ACbe3DA6a7,node14,8682845fc228630408ab226b93527ce4fdd21f7d8eaa8c7b0421dcf1c553ef55,2,1791366652.6456518,1791366668.5222447,15.876592874526978,164,241970,confirmed,
240,0xFd0F5Ce13e7A9859A30E3956585449362bA88fb0,node00,fdb480a720b4a6e1f542b0ebd42cb9690842d3d74cb07161c4628d887a8c6431,2,1791366652.6481435,1791366668.4638772,15.815733671188354,165,241970,confirmed,
241,0xa0Bd14F1A005dD18105a0d84368981746A863134,node01,22e4f1508673b9496a724e5d7f01d46d0b035e63f4531c4c7aeb404ed7cfd339,2,1791366652.650453,1791366673.4420347,20.791581630706787,166,241970,confirmed,
242,0x491B986dC42e78C581Aa0D4157C512D566a281D6,node02,2a949d84870dc133fcc327fc979cf0996fc78dbb3292d3af569f732ce101235e,2,1791366652.655577,1791366673.537499,20.881922006607056,167,241970,confirmed,
243,0x3Ac2C1F48a381609274375545e592f7b819b2b03,node03,a36bd6285e1545ed9db1cc8d5eb672331ea8145a99f6ed0b8b0aac04d43b8452,2,1791366652.6582327,1791366677.6955109,25.037278175354004,168,241970,confirmed,
244,0x3EC54097AD4184bc43Fd029190aABc2F576f9524,node04,2b0a35ef531ece9c2b874d700a33857ed92c76c841693fd26114d854455a010c,2,1791366652.6602461,1791366677.8057895,25.145543336868286,169,241970,confirmed,
245,0x38964225764F410382d87C6b9A65dBE0911f6F48,node05,92efdae92c4037d7f3cc9828e92af59dbe60a4b5533d0d37fe100a17f6f53868,2,1791366652.6644623,1791366681.2630656,28.59860324859619,170,241970,confirmed,
246,0x2DfC009E01DB1a56bCd0BB426819c8d18618bEc5,node06,7eb63c795b5cf0070b81fba7a81f4d3bece65dd3fd89893cb9d067435faaeaa7,2,1791366652.6665785,1791366680.9573176,28.290739059448242,171,241970,confirmed,
247,0x3f43324a45673e8505b3600b437e28f05f82c7F0,node07,70aac3e0312a404d344c3a012d2a5af2c537c3becfeaf9bee1f93cb405ef7082,2,1791366652.6694138,1791366683.8856466,31.216232776641846,172,241970,confirmed,
248,0x458Ed45EDe5d3CE7FE8C3BA9e98EA99D52dF4aBd,node08,412c988e17ba0d9d857b7d1fd43a91bc15ce422520dd8d5a9e6371be6c0f248d,2,1791366652.6733212,1791366686.0622997,33.388978481292725,173,241970,confirmed,
249,0x161d5Cf18C752e8DbF29DFF31b1c3f467384007a,node09,4f3d71ed012617163151fc6e51ac5b409b29b52512d757c6404e10c161795049,2,1791366652.6788185,1791366687.5672004,34.88838195800781,174,241970,confirmed,
250,0x3B54F0499BD32A3Ca5ce67dd088d6694aB08bFf1,node10,5383a3d854e351a6c61e51771fd245f546600544a713003bbb503d2d86606759,2,1791366652.6819115,1791366661.1093926,8.427481174468994,160,241970,confirmed,
251,0x0A36FB6a9ac404c483A7E67Bb9977f14C8486515,node11,f565c3f34d1454fa32705d1961ca7c1b8b82d5dd5d4ddfc3b9a609cb1a5b5bec,2,1791366652.6858532,1791366661.0848918,8.399038553237915,161,241970,confirmed,
252,0x088A24088c3757e0A7635124d62eb7bb86665005,node12,f056a22d71bc3c060a8faf4c3f889d46d2ac277e7aebe245e29e239837e59d42,2,1791366652.6899068,1791366661.113906,8.423999071121216,162,241970,confirmed,
253,0xa54A7922D3834C52320Ff4e453AB2cdc1D33Ab12,node13,308d4e1f8cf4dd78809eb6a64cea7b8b0cf1699ae1d32af112bf1e2314eeb513,2,1791366652.6925745,1791366668.4346,15.74202561378479,163,241970,confirmed,
254,0x78Fc9206b9264294C8965F5F99E607Fd372618F1,node14,71f4763d72e93976485854c41f56a80456b4ed673da8377956b564485aa190f1,2,1791366652.697057,1791366668.4436457,15.746588706970215,164,241970,confirmed,
255,0x1bAb40A66398575131cE31A7844E8d72C5979eC8,node00,323f40aaeb0ce0322b2dd99c6be1697c2dc1cfcb28cc38a0d1188985c83c7bbc,2,1791366652.6998625,1791366668.3513985,15.651535987854004,165,241970,confirmed,
256,0xf2Cb488e9D73E8Ef57921Ed941b3d93C2f3f298B,node01,13a6c44045999da51621f6b806d89e1a4842a267b6c8917359c3b1e0a4f2546b,2,1791366652.701517,1791366673.4619105,20.760393381118774,166,241970,confirmed,
257,0x443Fdf51aE0Ef9Ca0669Cdc33236007c2C3b49cF,node02,c0fe02fcdb6d0ffdd51b87170631607e58ba27ac0d8b8465751cc0bb3cbc12a8,2,1791366652.7036574,1791366673.4930112,20.789353847503662,167,241970,confirmed,
258,0x92F2B0cDcfBb35E113b654928Db2e881702f2272,node03,614af8d95802079452255d22c7b69fd253ac2a2e9eddaaaeea685aa58af6e5be,2,1791366652.7103646,1791366677.7662668,25.055902242660522,168,241970,confirmed,
259,0xf66fCe996F5684Fd8D14e0D266FBaD8D6f1e493C,node04,754722e6c0ebd179b98547f5f136cd89f7349d42b425dfeab628bce4998aca54,2,1791366652.7138329,1791366677.6977034,24.98387050628662,169,241970,confirmed,
260,0xBceB4D432b95eD6259D5d7477aA5242c87C7689f,node05,8ecef3030537167967d9577cbd5ee2fd6b49ecdefe9ad892bbf14917cc2ec93b,2,1791366652.7226,1791366681.0104592,28.287859201431274,170,241970,confirmed,
261,0x686247E27ae3b0787747BFb4191893720027D59E,node06,c50027d0e2ae709ca267e1b590ec0d223ec101259853c5943d86ab985380a54a,2,1791366652.73409,1791366681.013515,28.279424905776978,171,241970,confirmed,
262,0xb5C445b432c9D17388e23b6780da389B2ea25645,node07,b887bac0962bc25885376cfa0459b5b16b5c91c10f91736b3216cb860b718362,2,1791366652.7373898,1791366683.880824,31.143434286117554,172,241970,confirmed,
263,0x684aFD02aE635E75eD22596038579deA3A2D8B10,node08,a28dafef2720efd5606422bff7a735b6b1775535ce6892b5744a9f4ca87d24bd,2,1791366652.7394662,1791366686.0837903,33.34432411193848,173,241970,confirmed,
264,0xC7963a2748C4e0286AEe76b141DE6240a5Ac4bb8,node09,70f044771f89d591e8712ba07e854cd0347d97a20da2c0a5cc118db8bc51435e,2,1791366652.744535,1791366687.7409425,34.9964075088501,174,241970,confirmed,
265,0x493993df5d09Ee2e95dB533De2dCBC06a2Bf803f,node10,78ca9a07530635c546d503fb73e42b98c144c5cc52da08535f29dd415eef7b18,2,1791366652.7486093,1791366661.1086829,8.360073566436768,160,241970,confirmed,
266,0xe9561762C2118685601fc3Ba3Cc77A27963a5Ca5,node11,72311c12b363ea153d70a679f23dd44d0ff7c05c05d77906bcc132db1260f253,2,1791366652.7534583,1791366661.1514475,8.397989273071289,161,241970,confirmed,
267,0x03dFc78EC71B0856A71e5b8Ae1665c2C645a0048,node12,0cbf54affd3c0e79f815d97ce1c997ea3f7abc3f6a1c731cb315068edd583d83,2,1791366652.7568257,1791366661.118491,8.36166524887085,162,241970,confirmed,
268,0xf7Ac0d0306BaE0b989Bfe69CB442CeD55cdA22D4,node13,09c6a669f12fb3475ceee6e50c1474edaa835545a933d7d2c56e39a4f619d688,2,1791366652.7643466,1791366668.5111446,15.746798038482666,163,241970,confirmed,
269,0x3048523980d5Db567c6E8b06765550A2B6F37D65,node14,ed77b067c44b29a1a20f264a2b7d282fad1820d996833ce28d8d4032a3e0faec,2,1791366652.7685516,1791366668.5941594,15.825607776641846,164,241970,confirmed,
270,0x11A6F5880a0620d74B2F5bBC331Bf466cc4FEfCF,node00,458f5b21703ec9860fa4302d63ba67f7c67445a5e85f8d9deb27bb0231d9a126,2,1791366652.771103,1791366668.5178246,15.746721744537354,165,241970,confirmed,
271,0xe92D0bC549774d32dDA21E91F8b4330e8d2bde06,node01,4b34c910fb7709634ca2e59af7d98a03aa3d3d0d1f9098379a093c218a625183,2,1791366652.7725456,1791366673.480501,20.707955360412598,166,241970,confirmed,
272,0x88408A28ec53ee067c8a54F4d20B6979D4891319,node02,766cc83c8c13f6d8c6b036502a6e445f7738d89880b5bb0268933099b28ce4b4,2,1791366652.7798443,1791366673.5116305,20.731786251068115,167,241970,confirmed,
273,0xB5d36dfD58Ed69B75f6D8c11FEccb1F30099ef6d,node03,7cfccdc4ec5530820abbda1e1210799ac75403cb562144129bccabfdec9e01bf,2,1791366652.7837377,1791366677.8034286,25.019690990447998,168,241970,confirmed,
274,0x5c1332784abBE6D1887B179f5D66859C7A9E4bBd,node04,d18c4d22313dcf0251c37c1ad4506f0ad6aed5f5e0146c9fbbd8ac95e2c5d2a8,2,1791366652.7950637,1791366677.7789586,24.98389482498169,169,241970,confirmed,
275,0x1C9Be0A6aE5754c03ba91a7E2a771580C438fA42,node05,fc4384f374b30a8e2b106671d0b4916d0aeac73d67ec58fa1f8b2d717487c21e,2,1791366652.7979484,1791366680.9967046,28.198756217956543,170,241970,confirmed,
276,0x726924e14cC25198A88390C7D39DfF156Ce0D30f,node06,d09aa9a107c46d5ef926962ccbb65ef72ba9ddd1136df818408ac5c75af0639f,2,1791366652.801835,1791366681.1473799,28.345544815063477,171,241970,confirmed,
277,0xCa37C1BEEE5D96476CEeEC5b9f785dc3677b73ec,node07,deb76255f50eea203b0dda51d9424e1bf1985bfc8e6a06c0cadf980f4a11c2d5,2,1791366652.80698,1791366684.0530488,31.246068954467773,172,241970,confirmed,
278,0x0Fd3b851D3E588542Dd1CbA7D3f661b7D70181aC,node08,3c86c541f7e7d316cc5e1df6c9a37e28c9abea294859b2345f1754b4c17c4f75,2,1791366652.809341,1791366686.064041,33.25469994544983,173,241970,confirmed,
279,0x762025684fb6a256Ea3E322bB7dAA517D21a50DA,node09,196a58e687801832cfbcff796c363ae02f1bda964508a1d84f511fc318375fd5,2,1791366652.8152602,1791366687.66993,34.85466980934143,174,241970,confirmed,
280,0x6729A8f38A1a80fa38B3F02dC6794434Cbbff1fA,node10,ce6612eb4673c659c5678d72182817a08c85a85dc4bf6538f07a781d41542489,2,1791366652.818573,1791366661.1945088,8.375935792922974,160,241970,confirmed,
281,0x09Da344aA9f76BCB01cF4F1Be30E31Ce750BC5B1,node11,b2f07389274c0bfdb9de1fbf63ba3b74e7ae5d9f7b0169c4def24662a492ec12,2,1791366652.8251135,1791366661.1959288,8.37081527709961,161,241970,confirmed,
282,0xCb1Db50D3cb14c20F2Bf38BaD2a765b3E0e5C6f9,node12,182b1b79bccbbb40634fe428b2172b533eaf8831db54ccd007aa6ec15c6b6486,2,1791366652.827459,1791366661.2249157,8.397456645965576,162,241970,confirmed,
283,0x95831e0DBac2adfDd7081FaA0f522021E410F306,node13,013f7ab7f862a5904fc5738977865e006bef6e663f55d7cd196951735c21cec8,2,1791366652.8302634,1791366668.6722076,15.841944217681885,163,241970,confirmed,
284,0x25087310149377D51e5F60Ebd264842e4BCb7915,node14,006002a5c5e8982bc4e6f42f38fd9bb8cc53e4c91546390284fda86b55c568ef,2,1791366652.8349116,1791366668.4330635,15.598151922225952,164,241970,confirmed,
285,0x45304F13aa27CF04Eadcc746e633Ad96E12194B8,node00,1be9b2540f2c980522e1f36444e2948915db090f2fe1b88dc852bc253db94767,2,1791366652.8414304,1791366668.4595702,15.618139743804932,165,241970,confirmed,
286,0x1077786d958cff27dCd573570A5b2efe30a464F5,node01,73c4a3c1817103acf4e8e3035369e2e1d00102ee92c8fd26403440914aa7f8e9,2,1791366652.8623557,1791366673.4666893,20.604333639144897,166,241970,confirmed,
287,0x94EfA0e46D6A41F4E118ffB1845448aE1a063293,node02,8d82634ef36c883dba0799f4130b3b017903960ffdcda7e46c19f3c6e1c8ae1a,2,1791366652.8649907,1791366673.5203502,20.655359506607056,167,241970,confirmed,
288,0x8523f7C1dee6A30AF80fa8E0f4FFd65386A2f2c1,node03,981099de0516e71fa69687d4f919cc2432ff3fdc42e891508dc1c6dbf270b4d7,2,1791366652.908008,1791366677.7579556,24.849947452545166,168,241970,confirmed,
289,0xD7A34C712C049eD0ccFD31cC4fcdd1c93FeB2938,node04,a96d36fa8003671d8e33e9c27b16adbb16df1522a66c0ff135278da1895ea5e6,2,1791366652.9132066,1791366677.8927746,24.979568004608154,169,241970,confirmed,
290,0x1Abe447005Ac8F3CbD1Efe3cF0a1fbfcD20101Ad,node05,84cdf725583fc81d637289adee23910e1bcac2741c409a8737b254985f8152e6,2,1791366652.9188673,1791366681.2591474,28.340280055999756,170,241970,confirmed,
291,0xd40CB771f1f9f29D59Be912DF4CEDC4AeaCB3C35,node06,8daa6e02ada9eb77f092c6b619c3ab9876c27059aa7760006f3948885e117a91,2,1791366652.9243608,1791366681.2121115,28.287750720977783,171,241970,confirmed,
292,0xf7c45e2C96f00F9FF4bca695cE24Ab4790C1edE3,node07,0cd303498bc5752777b0562d7e06c92dde96e5020747d86ccada9261e836af86,2,1791366652.933639,1791366683.925948,30.992308855056763,172,241970,confirmed,
293,0x818854Ff6ff20559479be9d6f84766f2e5E299D6,node08,34d4a06ddb291c95236032ce7904852ea74a6ebf488c567ca6bf7fc93c366bad,2,1791366652.9486074,1791366686.0522432,33.10363578796387,173,241970,confirmed,
294,0x49e586ABa6f40718F94808D3587a1Ac583cB7C73,node09,6f4c0353c3341003da9ce2f5643494250804d47a8e6af044eb12309944b49e52,2,1791366652.961077,1791366687.5949862,34.63390922546387,174,241970,confirmed,
295,0xE690809C28751aa5bb1d4D920230998D96962a88,node10,c3b6cff04846a380965fb5a9265d74a4d3e7cb2f1adb7dbf855183bf483c7c84,2,1791366652.966721,1791366661.2582042,8.291483163833618,160,241970,confirmed,
296,0xd4DA11160912ae1fe06a64bC4eD0Fe59199619aa,node11,6286b04bd2655a091acec2588c5095997c08a732ad61b9b9b96a87472d48d433,2,1791366652.9758046,1791366661.3060784,8.330273866653442,161,241970,confirmed,
297,0xBa279208d0805036C3301be596A5dc2af8698bDa,node12,bfca236a603f698a1e26dfa3e140957427c94acad24dbace4410c6434e30fc96,2,1791366652.9949906,1791366661.2792222,8.284231662750244,162,241970,confirmed,
298,0x1Df3C85F1B108071937c694fB05F6f800cAa692b,node13,76712a39936cf990448f3fce41071fa0e6819556173b12cd31c8f815f08e8659,2,1791366653.0000262,1791366668.523868,15.523841857910156,163,241970,confirmed,
299,0xF7cEB4611456096773a6B7f70b8131269C4E1C67,node14,0319c3d7b3134c823b2a870cc7f462cd4dbd4be1a9d668f8c9785633b295ad5f,2,1791366653.0061579,1791366668.4105656,15.404407739639282,164,241970,confirmed,
300,0xDe24d23605D85A9587846f02E1e6014c94370959,node00,fdc15f868991479244e4bb0fe0db0e55af974af48accbacabd13fe7c1db6c2ab,2,1791366653.016368,1791366668.5695088,15.553140878677368,165,241970,confirmed,
301,0x1F24f1C5dBF746E9A1c5a4A77F3167A078B1B164,node01,11ef1a48cdf41017f4d79d53587cb013f6c5524990aca446919b2fe988ca23e4,2,1791366653.0207765,1791366673.565522,20.544745445251465,166,241970,confirmed,
302,0xa2FDAE1664fFF5Bc479aDd1bbfc19C75766B22d0,node02,f2e123641da2ee3f57be588ceac16a4a149066b47dbc1d3248d4cb72cb1c450c,2,1791366653.0444565,1791366673.5778358,20.533379316329956,167,241970,confirmed,
303,0x2b73307B6E777CAcadC91524a549C7Ba7c6b298B,node03,8de614c525820f171c3ae77b7b5f1da8ba09328c2ea687298d59064b4f5a3dc3,2,1791366653.0558503,1791366677.8291292,24.773278951644897,168,241970,confirmed,
304,0x5dC333BD77B43BfEEF977d518b52997D2bBa362D,node04,ed7f1ac6b69aeceb0ae6cb47f2b6295da0fa3a188d37554620013b469e966976,2,1791366653.067452,1791366677.8525777,24.785125732421875,169,241970,confirmed,
305,0x42b4fd395Aa83B7A9F3c125331f112268AA084C8,node05,05b34257b1dd6edd3a50430248838860c272e2a4d596928fa1a3f8dd4f6119fb,2,1791366653.0739892,1791366681.1654642,28.091475009918213,170,241970,confirmed,
306,0x489be148d276BA2B3cbE02DE28CbE6830c2e46ab,node06,5918f5e2d62ebc25ffcac4873eeea698723645dce373758e41f5e48848be63e7,2,1791366653.0761511,1791366681.2324636,28.156312465667725,171,241970,confirmed,
307,0x73a5dD842B2dDbb33475535033f63B008c622430,node07,3b8ee26243438ab38e48da1cc7f1e318ffa2d7c999ceeac4fa1c4d884760bef5,2,1791366653.079839,1791366683.9962258,30.91638684272766,172,241970,confirmed,
308,0x9efEd6920B462D9EDda13D9fd226aa95a428c90a,node08,698bb70d8a0b0eaf9ca5745160f49c4c61632717d15df87986e6ceaf74ae9caf,2,1791366653.0813346,1791366686.1296196,33.04828500747681,173,241970,confirmed,
309,0x9201b0e1CA6D85aD17eDFc42efCe9CEA2639E658,node09,a1b3752ef1d81b74d30a3cf67b00ebbf6473a9e5e1bbbf5e3da9772f13f80b61,2,1791366653.099512,1791366687.590318,34.490805864334106,174,241970,confirmed,
310,0xAb1C28C9FCd53c879e3A2DF2384b4BC8b7bD3A8B,node10,b70d04bde3cf76bff3e49b2816d7fa2abcbec5340050ad45cf27220550c20e39,2,1791366653.1097457,1791366661.306947,8.197201251983643,160,241970,confirmed,
311,0x572461B39f47e207699F62D92c98ae614a3AF5cD,node11,9c89d0c3db9fcf78929b9fc55a27115ca12fc4cefa8c17477d1f750dfd36086b,2,1791366653.1114664,1791366661.3613496,8.24988317489624,161,241970,confirmed,
312,0xF8351b1795Ee5E061794D0c835218719A2eD4c32,node12,b9d07330cd216b701a5e6733b7f19b141389ade906d923f9d26c34ad1c6b60a9,2,1791366653.1226459,1791366661.3184536,8.195807695388794,162,241970,confirmed,
313,0xD5DB6687982Daf0d563245783745e641De08D1a7,node13,aa57e2cf005dcd21080cb04dbe37bae689b8dbc1a443279fbed0290bbc29a9bb,2,1791366653.1250083,1791366668.5318482,15.406839847564697,163,241970,confirmed,
314,0xE11D3D9d3f4472341d83002Ac27130C318C6c044,node14,3602804856ce1705413214c6bf5e432965cd1f02a4abea946729db719313533a,2,1791366653.1262784,1791366668.4953754,15.369096994400024,164,241970,confirmed,
315,0x5075eA7aA2271FECC44C4999F376B27E69A238A3,node00,cbdb10418ffcd53b3ca10f51802b813f6c4b074cd9c028f9f9cb5e308ee77442,2,1791366653.1301033,1791366668.686209,15.556105613708496,165,241970,confirmed,
316,0x58FD5e4D0A11F9269acC6833aA8Bc716913DA102,node01,0f0d2ebd6099bcb095e17223af97b49d7f80a24aca60f09402292924b5c83462,2,1791366653.1343524,1791366673.6019666,20.46761417388916,166,241970,confirmed,
317,0xD7161f820a959479cc6072eeAa91f49Aa1D31356,node02,59b520a3604433d74c0b40f93124a034bae2599f52ad42a0c783bfc1fc18aedc,2,1791366653.1438484,1791366673.661984,20.51813554763794,167,241970,confirmed,
318,0x360FE44c792F0D930fc3C7551Ab0919713769D40,node03,98285ace50b400843b2c5e5e325d99b6216e5146f8554f3977e6117a785f9cb9,2,1791366653.147762,1791366673.5554922,20.407730102539062,168,241970,confirmed,
319,0xcd5D0C2ee7FeD4b1e5FEf26EBeFB46216D391796,node04,e45e80575295bfcdece482b17d27ae4792c12fddfa485568a2bca1b3b0ce4625,2,1791366653.1527076,1791366677.755602,24.60289430618286,169,241970,confirmed,
320,0x0864e3F8200517b2AC3eE723E112ca4F88230a8F,node05,78aadf3769344af875cea3e128d471b7863ce33816235cb967c050cdfbe7ef77,2,1791366653.1569753,1791366681.2467413,28.089766025543213,170,241970,confirmed,
321,0x15586e47920De0c38d1f5CB870A9803f9bA7aA9D,node06,31c7d04a20e938ee588530426f42acca749466de9d357befdda59e8ded6da624,2,1791366653.161886,1791366681.2607756,28.098889589309692,171,241970,confirmed,
322,0xF6db7Dd31C96e8589713102b758ede4FdF48b274,node07,0316c30f5300f0661addfbb903ddb7512b14d49220d2903f7d8abe903ed7499f,2,1791366653.1745336,1791366684.160702,30.986168384552002,172,241970,confirmed,
323,0x339cB1D02e9293A287712b48095E356F42B035Ef,node08,5f3335b9cd75f9a1e95fae51f25c3993be97d85a1fd6909d5a678f0e4367dae1,2,1791366653.1786764,1791366686.0726368,32.89396047592163,173,241970,confirmed,
324,0x168D84c375Ffcb182f341FB2f2D2D9Bb80FCAB7f,node09,a67565a998724735aad29e02df44cbaff6248486c8e9d32fe40ea87d75fa9d02,2,1791366653.1911657,1791366687.5872688,34.39610314369202,174,241970,confirmed,
325,0xC5d872Babd9C1D6060D57445D80746cAdddc741C,node10,9f070f096571edce75ae2159ce43b166f6b49a9a8d877c0290463381a68090cd,2,1791366653.1969528,1791366661.3858423,8.188889503479004,160,241970,confirmed,
326,0x7d483f0A4F2B7c4f1355686D965A69B6c13d5a22,node11,2122b14a7f947e7e2b8bdfb69191fafd960994255a1960413f27bd0ea7c8e3a1,2,1791366653.2131152,1791366661.4117594,8.198644161224365,161,241970,confirmed,
327,0xa0CD840433A1Da69D67209071Aa4A86673591cF6,node12,d3cf3e8a411255b58da4100bdada01d5957587c015a34ae8ad87e2aa2acc6e70,2,1791366653.2274225,1791366661.4079456,8.180523157119751,162,241970,confirmed,
328,0xE51625DEcc62B1c13d87874FE2962837114eCd9a,node13,547993a8da34b2620a50019b47623af3f69adc64dcf7321d3405e298d00d84ed,2,1791366653.230459,1791366668.4799922,15.24953317642212,163,241970,confirmed,
329,0x6623c65C275a786332Ff95033D178Ecdf06aF2D2,node14,177a2cb07553f0223a57589f19f02ccb762012a62266266bce28c2a1f463f7d4,2,1791366653.2352817,1791366668.6744306,15.439148902893066,164,241970,confirmed,
330,0x74Eeb42f43C4f0518a30Cb6f8dEe087FCcFa2289,node00,3ff6ce375bc136e1e3ec684b79d1941b362b16824dff8f0e967cd8f29d30874c,2,1791366653.245384,1791366668.6173043,15.371920347213745,165,241970,confirmed,
331,0xA51771B9C480e3fa3Dfc3Cb633C43D4d4Fb82935,node01,152dfad8da828abe096851375e9e9ab1929b1e747e7474065d7d2ddb8a22fba2,2,1791366653.250794,1791366673.5817645,20.330970525741577,166,241970,confirmed,
332,0x3CC35FB19E45bf0B35BF3b33Bb831E4AF4e3D828,node02,29c0d70a1ae4b46d9d727c52a23558306ace1d9425164527b8cc360bf3bc1fb7,2,1791366653.252291,1791366673.6362278,20.383936882019043,167,241970,confirmed,
333,0xfc8E163162B84736A3F95Df6D44d83E494E0fDED,node03,ad1c062b82df56032bc3fbb51bcdad1864d421a4f550b19a76f65bc033688557,2,1791366653.2548773,1791366673.8006997,20.545822381973267,168,241970,confirmed,
334,0x62B3B57743612255BFCA2eaF8820e1d4251ce34b,node04,5902d71d48587d0527acfc8d7a382e1abf6de984c6ad79f7b7460006e66d2239,2,1791366653.2608335,1791366677.7596571,24.498823642730713,169,241970,confirmed,
335,0x707DD0b11A3970d1cE5f911C2C6c51a18ed8416d,node05,b327ff80e8eafbda6684679b52474230d3da1e5bb078e4e47dcb9e30bd88b194,2,1791366653.2665045,1791366681.3519647,28.08546018600464,170,241970,confirmed,
336,0xE29B6efd0C9006Ee20429d291742f04502a5A6C4,node06,d61d8926972f0592c9b22e1eaab19b51e3a40712da2bf05769f0cae928a406e4,2,1791366653.2690165,1791366681.2503984,27.98138189315796,171,241970,confirmed,
337,0xAC01ac0338163259857BB2169d6b10048f08596e,node07,32e23639d2d85f4659c450f1351a73cb89662cc076a141996fa26f4445d0b535,2,1791366653.2753234,1791366684.03297,30.757646560668945,172,241970,confirmed,
338,0x04E5C6273508d8D4E1Af3656C80D0057949CE23C,node08,401ca9b55a95e996fbd0ab282ccf41a091bbfdde209f351597e7b7e6676493f2,2,1791366653.2790756,1791366686.0795467,32.80047106742859,173,241970,confirmed,
339,0x1D76319BA0e460FA979896794a70FF6E113Fd129,node09,98b0318cf2fb5a14ef7debb02b2a183a74d8fed9e4a67ba96f64390e8c8637e1,2,1791366653.2911654,1791366687.6260638,34.334898471832275,174,241970,confirmed,
340,0x717e6a7391e203Eff016994b12BE24B36B9AB6a8,node10,9aa3a083986d7c6e2db55867ddfae5ea912900fa6998b6a285ffd97909c698cf,2,1791366653.3015513,1791366661.4407625,8.139211177825928,160,241970,confirmed,
341,0xeC7C0c4F082812a2228E735e3045E9D0424B78b4,node11,8cc8e14add0c2cb9d2b2bc597a02fc28ffbd239cff69e03c6964cc059e86b7be,2,1791366653.3036263,1791366661.4423847,8.138758420944214,161,241970,confirmed,
342,0x1a265894a18f84C489Ad67Be23325751943BBAb6,node12,1658384bf8eee17d593567706220940ec8dd05c51defce5cdc30eb17a0e56d3b,2,1791366653.3205237,1791366661.4930606,8.172536849975586,162,241970,confirmed,
343,0x426FDcd2c2E6aAc53EEB7BB3B0cdb16397CcBcef,node13,b55beabb7e6fba614e662c5eb6f479975a5e3237928b76fc8ee62c03e7acde72,2,1791366653.3397627,1791366668.6352668,15.295504093170166,163,241970,confirmed,
344,0xaF0eF4b7C3cCA8349EdB4C26eB8f57638E512803,node14,4c515f17aed28dbe8337bb31a234b69a18f9eb49d2d88293d9eaed54ed4f98be,2,1791366653.3426034,1791366668.6017678,15.259164333343506,164,241970,confirmed,
345,0x58AA9eA85e68Da0C4516a6E3d45efC0afD62658A,node00,b3b8efecc5c29e485028d54065abf96d6af925fe6d09ca4828ad02472dbbae75,2,1791366653.3713572,1791366668.6253204,15.253963232040405,165,241970,confirmed,
346,0xaF6c5C5744C8558bEb5e2c0bfF2999Aee27B357d,node01,ac0a602eb092c503f52a904b6b2fbe864bfdd3daf939aff67191195078584343,2,1791366653.3797562,1791366673.626473,20.246716737747192,166,241970,confirmed,
347,0xDa14D245a1A1273b6E69419c9c216528ce9FF8fd,node02,b5adff072d55f3de738571a7023b832893957f12228a39cc4085034024c948b7,2,1791366653.3922842,1791366673.7762794,20.383995294570923,167,241970,confirmed,
348,0x679fe696f3158a4b0c9a851A2b540e25207ef98A,node03,edb758476ae589d5a6c34c0dd67d2d32e93733e065076daf81bfbf6c78293360,2,1791366653.3989809,1791366673.6468198,20.247838973999023,168,241970,confirmed,
349,0xA6d109cD845FF2366848b07667D8a6dc40dA6d15,node04,96f095c38247df592015803bc8dcf17cb4320a13265dc24b76bedaa22497381b,2,1791366653.4031367,1791366677.8748002,24.47166347503662,169,241970,confirmed,
350,0xdCED6A839A944933A14D726D722c6068C705dB76,node05,93a15bad8dc74cca75a147598c38ebd4be9833e5b813ead7562e67ccfbf312d9,2,1791366653.4079514,1791366681.317844,27.909892559051514,170,241970,confirmed,
351,0x4E754Bd90435413eEb63dabAebA1F867EfDADE92,node06,deb22dfbbdc35ad321208986faebf61ad5e3e59541bff63b3fc7d0d834fd6f82,2,1791366653.4372118,1791366681.3271136,27.889901876449585,171,241970,confirmed,
352,0xA9332B69B2C7E16AE9698fa9D9f0cc18E83A7F26,node07,2e3a82ae7218e957d7410ec489207844f01ef1bff8778a6f933b58b8f7208953,2,1791366653.440238,1791366683.9450033,30.504765272140503,172,241970,confirmed,
353,0x0297D6D6CDE9a00c9b8c9902DA3b09d8941251fA,node08,8e34f688f732fbc10cdf6f20243f75c8d89f0c5a2ebb9b004ca31588637e9a20,2,1791366653.4533522,1791366686.1663601,32.71300792694092,173,241970,confirmed,
354,0x5d39050339783091f1736d8f3FD964f8Daf8d260,node09,d4f247f5f8a824a3706b1310c1119e3a0617a2d165293f71dbef21a8709eb447,2,1791366653.4579906,1791366687.6353943,34.177403688430786,174,241970,confirmed,
355,0xB3a08a8aE99aAd4932Ef472c76D855D6Ba4F7E1A,node10,83d88a34b926826775250335de509450582630ba99108dd303a1caa45ad8bd06,2,1791366653.4765701,1791366661.5623045,8.085734367370605,160,241970,confirmed,
356,0xa7234c3D6f89Afe8ef7b422e1c4c2B5313978866,node11,805487e82034af9261cd36049082db811e8d3b563e44eb2cc26041ef210bb727,2,1791366653.4815762,1791366661.5340896,8.052513360977173,161,241970,confirmed,
357,0x6a38aD110ee1DFFFeEEE7f0Ec21Db62a57F54059,node12,668038ab7b3f96428de2365df050d51482c14d59a3fb4401b70be3864b962e61,2,1791366653.4874535,1791366661.5747762,8.08732271194458,162,241970,confirmed,
358,0x02CDdCB14092663551F0d91df7511cD24154bb42,node13,c82a439ebead3bcdd1280aeea858bf77e407a3c66f64ff2069eff282b0227fc2,2,1791366653.499964,1791366668.8055222,15.305558204650879,163,241970,confirmed,
359,0x2Cbc79f31a3027378659382E5B64f50C45AE911F,node14,df71f0513073824b772229ac3694c57d6d3e9c95afddb3a12cdea0195e8eb812,2,1791366653.5059116,1791366668.538046,15.032134294509888,164,241970,confirmed,
360,0x49234222aa55199d4E19Ae2d1b2Ccc86ffAAE277,node00,8b24e5178288ad4437c8d8706ed5550ae1ca8110b378b1e464d88016e5871718,2,1791366653.5140402,1791366668.7189386,15.204898357391357,165,241970,confirmed,
361,0xDB25A837Cd6F4010c6C4Ff0DB6d2219e64487016,node01,cb702174e2082d9c0e18a9b68405c6542802390b00df01a5454f6de93d68cfbe,2,1791366653.5243661,1791366673.641647,20.117280960083008,166,241970,confirmed,
362,0xAae073f14c35963132c6e3A0AEdfddcc4984232E,node02,ea812cb4516c1277e62c97de961ffb1007bc4d67188cddb16eddb84f95918031,2,1791366653.5406697,1791366673.857804,20.317134380340576,167,241970,confirmed,
363,0x5dDd9D50cFf61D42FAe5c08b806fe0DE213e8dcC,node03,1d93a575ff14e634fc07735816a05eb72f9cb2052a68fc81ff51d3cf9d24d179,2,1791366653.5461419,1791366673.6860871,20.13994526863098,168,241970,confirmed,
364,0x3f3298953A5B32A81A697b4E8739E0895c0C11FF,node04,242a3bb3cde278c01ebcebb791a78e6722115edef67e679bb77deb34af2046b0,2,1791366653.5611198,1791366677.9057276,24.344607830047607,169,241970,confirmed,
365,0x991d89609B21dA807f24C6fCc6C48a1713166f6E,node05,f53278cbec7652fbf2fa4cff2ddf526891d66907a7f1d7ec96b3a5c585a8d03a,2,1791366653.565605,1791366681.344706,27.779101133346558,170,241970,confirmed,
366,0xe63d5682eF2ff4b1e18f19159aa9E84405966CeD,node06,91fb496b4b36fce6ed10a3072e74046374f3c1026911ab7c69dd2c9295ac6482,2,1791366653.5811055,1791366681.3033223,27.722216844558716,171,241970,confirmed,
367,0x146737B089F7C61c000eDB58b1275A35990Ce3f3,node07,9afdca5664fee0e374576a4b1fd38fe123a478461177d968ecf3e37a9cc5cecc,2,1791366653.5948255,1791366684.0545166,30.459691047668457,172,241970,confirmed,
368,0xb7503e1029195AbB3c14F18496967f9a6538f6f4,node08,7c453095c3bf5caf329c00404fa40d8fb30af28c3361b2d60cd97ae53b99ae36,2,1791366653.6052752,1791366686.106764,32.50148892402649,173,241970,confirmed,
369,0x995080984B4b4A3295CA30c2e44b1095F74717F4,node09,088ed6ef87dc26530ad81300edece80fdc116f9ffd361a40a3cce28aff718581,2,1791366653.6159217,1791366687.727506,34.111584186553955,174,241970,confirmed,
370,0x052f09EC97EF2f1dA75C0348dB68C2FF024a4892,node10,d7307eec86f1275f2b89b22e6fe34867e62569b43bab31e958e8ff0872424757,2,1791366653.6383874,1791366690.226565,36.58817744255066,175,241970,confirmed,
371,0xC92F898FA5675f62026fCb4B21CE8aD368306F65,node11,e8cfaaa9f18b93bf04e6832de66ca1337f082d4fddf82a2584d668bb37e7179c,2,1791366653.6400967,1791366661.5786386,7.938541889190674,161,241970,confirmed,
372,0xF7D2a03C41D1A325d8c2E609Dd1b86007684A5B1,node12,a2eed13d463f105b2ca03791797c9aae637e0eb7b840ff15c15ffd1e65ec8909,2,1791366653.6421611,1791366661.5784156,7.936254501342773,162,241970,confirmed,
373,0xd602268BF82F57170a95Ded9459b2Cb7F3efbA66,node13,b0f8a18185de97257301e1ded4c39fdd862b55af62e4493c8ad2b0954fd6683f,2,1791366653.646488,1791366668.598206,14.951718091964722,163,241970,confirmed,
374,0x32f74AC5CC7c60Aef5A2Fc7Da3Cbc67B93E9DD58,node14,1b261dafaf52eed387f76621c7d37c4c7e0370ca65d621fb89a2a6a4776129c7,2,1791366653.655501,1791366668.6761546,15.02065372467041,164,241970,confirmed,
375,0xB2d84371419278e4194111C8ebF0F87dB917ba2F,node00,ac365ece090bb0f5cd31d885460b4efed49604340078461f00cc402ba2d615df,2,1791366653.6633108,1791366668.6191335,14.955822706222534,165,241970,confirmed,
376,0x5811755ff5fB17F9274fFB141A79fbf39d9bc835,node01,50720e5ffdf0b53b294627d48211edcd89a4446496202472c5b104d1199b3775,2,1791366653.6690333,1791366673.6145744,19.94554114341736,166,241970,confirmed,
377,0x75CE39eB0f64cf57d292ACea0871ed312e7F2c78,node02,8fa07ba40b66e0713dc5144a5b59a114794c9ac243a814e4713fc8d6431882d7,2,1791366653.673583,1791366673.728243,20.054660081863403,167,241970,confirmed,
378,0xA6B317B88766B7Ddb93C367d5D794FC18A48Cd4D,node03,b5dac8d6e6c10b6a40ac34ed85365028cce111603d819750ddcd9990a381aeb1,2,1791366653.6768563,1791366674.096687,20.419830799102783,168,241970,confirmed,
379,0x65f83436A95c987Cd4daEdc6b8f945D03a6ddEBc,node04,a2bb403e1f983bca0b35dc081ffa12b2286a78adf89280437cd6e80cc8aabcf7,2,1791366653.7116866,1791366677.8300862,24.118399620056152,169,241970,confirmed,
380,0xfd5619F83EB8682b0cF6e94aF0B2Cb7A2F7A23BA,node05,1fe86208083aab348308c7e243b3893fba8ec2dfeecd6ab43fb9030a0420345a,2,1791366653.7249339,1791366681.3430293,27.61809539794922,170,241970,confirmed,
381,0x603fE4695278BBCc1748af30c74e7866C8fdfbB9,node06,f521666b5da8e024dff298394893a5c7f257e333e239317e081595830e597c2b,2,1791366653.7307048,1791366681.3770118,27.64630699157715,171,241970,confirmed,
382,0xd04d09aA42E4d639d0CAb27Afb5beDc68AA69f92,node07,4f80e1c516fbdd974e906659a10dae3ae9f01cf23a78ea372c3e56ac4160b410,2,1791366653.7359726,1791366684.0014958,30.265523195266724,172,241970,confirmed,
383,0xF1EfcAf22556B8589914DeCd03cCa7545050a81A,node08,1dc4185873fb97c482fcc3e5f1e8562b319ba4f0d06dbb2e9175bfe04c3986e8,2,1791366653.7442105,1791366686.0967135,32.352503061294556,173,241970,confirmed,
384,0xBF8B24aeFCaE6C310cE828e795e329305Ef2937F,node09,cd7971e66b9b5393ad504e1c221cac78092f6ef9003952ebe30b0872c93f667a,2,1791366653.756455,1791366687.763507,34.007051944732666,174,241970,confirmed,
385,0x9ac618888e340AcC0Cc72E507E296cD686c6d787,node10,087b98611913e956a922f0a85d66ac9c22469c56386050da4466f8feaad56608,2,1791366653.7585697,1791366690.2203486,36.46177887916565,175,241970,confirmed,
386,0x34e718Fc7D9D2c4d93321F2fEd4565314F265427,node11,9e286ee85d06ebaf94a0fd411b064862724cb73c9fd27ea67d568fa628dcdc4f,2,1791366653.7650208,1791366661.6272192,7.862198352813721,161,241970,confirmed,
387,0x0FfFa11E04A9ff8b54d053c4f7629ed9fB5c70B7,node12,059679c0b9fee352ba206041d538a77f74235ea59e5bf04499b3a8da8ed20d59,2,1791366653.770592,1791366661.6502986,7.879706621170044,162,241970,confirmed,
388,0x990210342C6e3DAeC28b500D695f93cA1BFfbD46,node13,fc5e130ecba7f72ecbeecbc601488f2c395b967b462e52679cade3cb2671b232,2,1791366653.7769766,1791366668.683004,14.90602731704712,163,241970,confirmed,
389,0x17a36e7792E412A92B8AA6E0362d59AB7E04d748,node14,2c273a6bfa71a9d36c5e85adda78c2ee489b44e572abd288e8aed579a549447f,2,1791366653.7792532,1791366668.6598113,14.880558013916016,164,241970,confirmed,
390,0x7fa5a540CCe7Fb6716eb4dD2D5FE11e3B600EBe5,node00,fa4f6781936a3ccb83a6245834562d286cfb5e82ff2d30bf5be809b272d42c75,2,1791366653.785685,1791366668.6800265,14.894341468811035,165,241970,confirmed,
391,0x881c376F3371E9e2737e5948e17662F5102A0F3e,node01,7848d8c4db1dc59cdb4b59170e837f081b156c612c0e13749d807868c24e92f3,2,1791366653.7913713,1791366673.6780019,19.886630535125732,166,241970,confirmed,
392,0x43861c847BD84A2Aa49779556E1412Cc4Bb96b22,node02,4c0d054408820f3c7d9a02a1981a16f1e73f31280fcdbe25835284822d1b302a,2,1791366653.8094664,1791366673.9937692,20.184302806854248,167,241970,confirmed,
393,0x3fe2bf921E31792fa9e903ae5820DF442E2e6746,node03,2b2a29e665c5eaf01e8d83cbceeda9ba824caa1f8e4c7e97448388a79adee082,2,1791366653.8338795,1791366673.6759162,19.842036724090576,168,241970,confirmed,
394,0x2Cf34Bc8520b8436Cb32270514f14c8eD7b9F9B6,node04,544e0901049bcba285af7769d54e2409f0ec2066c22c2d736ac4e14ab94a5351,2,1791366653.8405087,1791366677.8210363,23.980527639389038,169,241970,confirmed,
395,0x02f200F7F5CAc48776b7471Ef66Cc1591DD012D3,node05,a5fab789436be211a6814629096eceaabcee8226cf2bbe19c30f7b2859df7e66,2,1791366653.8450577,1791366681.3656552,27.520597457885742,170,241970,confirmed,
396,0xe3fD725c5181c6D83810Ef574B0F09A0Bc49e77b,node06,683fdf0a4c8839e7847e8f820d1b750c0ae00e82d3ff4f5beeadbbe6601cae10,2,1791366653.849095,1791366681.4423847,27.593289613723755,171,241970,confirmed,
397,0xa46d9681DDfDb287DFD2cfEaea15c47801E2bb81,node07,c02c707d3b21bb82fc2e9541497167632f9d36381b2473e49da9d55fe891cf61,2,1791366653.8616004,1791366684.0381143,30.17651391029358,172,241970,confirmed,
398,0x0553D31A267431816De21BE7E9407Fbadcb89fe5,node08,dce12a63164171a99ff91ead46e909ccd3d2bfaee183a52bad9323bfbe3e9ac3,2,1791366653.8706777,1791366686.1245148,32.25383710861206,173,241970,confirmed,
399,0x2345ae478d6dC9e10b699760d5700ce2d1755125,node09,85b998b873ef47ad8b805bd43abfe7373c1ac60116ccfaa380f12b2133f097cb,2,1791366653.8803113,1791366687.6941428,33.81383156776428,174,241970,confirmed,
400,0x24A159A2a7888554bdf8E3134c726A065140338D,node10,6833144b101c2790ea673d54beb034b85ca48f04fa97049c881bea9a5732636d,2,1791366653.8870385,1791366690.2089062,36.32186770439148,175,241970,confirmed,
401,0x5F0Ae0bF37D84E2d2BDfa92Ee1D22070abE43091,node11,d6128bfab822744c98af6dc28cda08f193e49bc153f72e1a907f976d3e76bfb8,2,1791366653.8919628,1791366661.6754942,7.783531427383423,161,241970,confirmed,
402,0xAB3B6E67a8275DF7658BfC093438936Fd7B14C50,node12,4ab317ed031718bc3cf1414ce23a5846df463bf98de5f5f073ca08a8adbb15da,2,1791366653.8964014,1791366661.6751065,7.77870512008667,162,241970,confirmed,
403,0xc9D1531b6d8905797E36a66E5debbA35d45cA68B,node13,fce3d0d1928df8a683223d84ad31bf6bc92b776230838fceaead2e22308b5aed,2,1791366653.9005427,1791366668.6386797,14.738137006759644,163,241970,confirmed,
404,0x8915942676f6FB72093BD9d93D272E24Ecfe0b30,node14,416c3df1a9e943e3ddd6b456a3dcf6fc6b52e4bf6219dad7412e40c13a8207f3,2,1791366653.9039795,1791366668.8385818,14.9346022605896,164,241970,confirmed,
405,0x2decA12A5B51f6e577db2394AAe0d3Ef920E3906,node00,b3ccfc9b60f28d1f1509a05e7476ecf066b580e29a3a6065e02fb3d19f7afa1d,2,1791366653.9070282,1791366668.8088243,14.901796102523804,165,241970,confirmed,
406,0x455Dd9dB9E087B64a4Ea358ca1e1203B9B96229a,node01,f4cc931a33113aad4077a42425ac1e592dde60fe0339019c0af54cd9ec15bd63,2,1791366653.937178,1791366673.8174884,19.880310535430908,166,241970,confirmed,
407,0xd5FD3E37424c8ba442Ac140145CBDbE932010cb9,node02,ede1683dab25f032bb38d88263d5c363fe09059c7e35baf9a855ba730b39089b,2,1791366653.9528847,1791366674.201821,20.248936414718628,167,241970,confirmed,
408,0x94E0459859CA95eA5843aca936070098dF815bAe,node03,e793bc46f3a4495cd2d81ea522e5acbfac3adee44dd62fb50deeb85056351935,2,1791366653.9588838,1791366673.8395114,19.880627632141113,168,241970,confirmed,
409,0x0A66473Dc33e6Af181b7ab68c30253d5F7fE83aB,node04,abca94d59cb37061d28624ea6ec91817d8089c6814d73a678987e92429da958a,2,1791366653.9773016,1791366677.8845282,23.9072265625,169,241970,confirmed,
410,0x4cD99722dB2a089e525E3066DB1F8C0AD1239BA2,node05,b54e481594abe71f4fb0e762c7e315761f798b1a73dea822376974af3d90c92d,2,1791366653.993801,1791366681.3810835,27.387282371520996,170,241970,confirmed,
411,0x8BC674D30a9C18060A2003abA1531B55De461893,node06,e07fea15bc4ec589f2f50c091887512166d94c084fc9babc0dbefb9806072890,2,1791366654.0221374,1791366681.359888,27.337750673294067,171,241970,confirmed,
412,0x7007Cc6460d0F6058811b4006Aa62fd8313d71Ac,node07,0f5f94f622afc15291f0d813abcaae3309058f5ea3b77205462abde18e5457df,2,1791366654.0294802,1791366684.006205,29.976724863052368,172,241970,confirmed,
413,0x5c720F33deBae12B3B6B7f846F219B5cA948Be25,node08,4bf7130441bacdc48a10cf91e474be140a8df678bc404f3ab252a776a8f4acf6,2,1791366654.0351233,1791366686.177197,32.14207363128662,173,241970,confirmed,
414,0x10C53E0CCe890Ca794e1985A48E4E4aB49dE9Ce8,node09,75c2839ce51ee5cb27032a217f7185afafdb751bfb7a655533cf9623a10c4450,2,1791366654.0414448,1791366687.79525,33.75380516052246,174,241970,confirmed,
415,0x82ecABD80D8Fa350D9e5A65fe0ee8baE3887a5F0,node10,b90bf12f61af4a8ba106917c1c93de9d488fc7d3f453d75c3634b1f585173d88,2,1791366654.060297,1791366690.1817222,36.12142515182495,175,241970,confirmed,
416,0xE28a7d97c0b7D9c4a3bB76e7535353164Fb78B58,node11,7492ef9aa0c4f701d0081be019c05d3c531582c811af5738a4ac0253a6e89472,2,1791366654.0655649,1791366661.6951122,7.629547357559204,161,241970,confirmed,
417,0x2614BB08459588E6C72ac5A023A383e426f9d30D,node12,f237be33de3349560a5044d0ac5cdb27c20398a825e7b68227ae59b7e2d27169,2,1791366654.072715,1791366661.7051,7.632385015487671,162,241970,confirmed,
418,0x4F6a2cA2B98747f94DF3f08936990f83DeCF6CbB,node13,ecc073f46d99e3a76adc97eb56b2c9ef41291c7e4598e6c1f0dd27aabce53431,2,1791366654.0869217,1791366668.752563,14.66564130783081,163,241970,confirmed,
419,0x780c1AA066F774C7D0A0DF7a248c6A09A4765c70,node14,48e9bef22cbcc164e4b718dae7065126a970fd09f439640333e211abce795e14,2,1791366654.0901737,1791366668.840952,14.750778198242188,164,241970,confirmed,
420,0x64d2910ea5888c33b7974Ab2CD16275D74c00B49,node00,f5cd72cca94db8c3a566fa5b45c945c0ed5fefc64cfe99f92636c4c3f625b091,2,1791366654.0941823,1791366668.7700653,14.675883054733276,165,241970,confirmed,
421,0xe788dE61DDa52d067de9697DD4C7d143B2823C08,node01,1dd79f820a0e8e35da3beb87b1821afeadc60cb360a096eac287190790855566,2,1791366654.1083715,1791366673.884614,19.77624249458313,166,241970,confirmed,
422,0x06804a524f75Fc9A379C99b08f02e3c534574619,node02,a894492988d4c0a039b31b2c63d52cf16cc753edab415f1cc0cf719b8ebf35a7,2,1791366654.121002,1791366673.7408412,19.619839191436768,167,241970,confirmed,
423,0xD154375F83Fe458f6Be685ac17EfA098A0C224a7,node03,b67f62fd81087eb5dd0b02b8db43aefb2c03ac2d1527e281bfcc27bfca335198,2,1791366654.1278024,1791366673.7146778,19.586875438690186,168,241970,confirmed,
424,0x6EF2686c350135F03cC13bf1820b91244f4D3746,node04,ca2140aa079ec6ec0f6a78e831f93b1effed4d56737ce12e8eb134829d704176,2,1791366654.1416545,1791366677.9806411,23.83898663520813,169,241970,confirmed,
425,0x668E858783A92C1Eab3317C2fac6E511c7173BBA,node05,75571a2f4885f9a2985ef5c0a42b1c1901a90ad6a47e2652284318ad5a9ea768,2,1791366654.1478467,1791366681.323908,27.176061391830444,170,241970,confirmed,
426,0x124ec435643AE68069583208727075Ed5fC24Da9,node06,72dbb00a6308d30118b062b7f53998ec2820d05d4b39a47c832bd3cbb6fc206a,2,1791366654.170548,1791366681.4801683,27.30962038040161,171,241970,confirmed,
427,0x7D9B9841c8F6D9056167c1Fb048A20aFf2B464e2,node07,d341c4be803ca7b773e41f6af66ea2943963c3dc6977623de5bc06626e1d0d72,2,1791366654.1739376,1791366684.002988,29.829050540924072,172,241970,confirmed,
428,0xB340e7b30BB47bD2CAE0919db331aE26E72a6D33,node08,6964d2e622725770ee30b0b85db9bf2bbf14a861c0d568a004893a70c24e4ee4,2,1791366654.1786447,1791366686.114176,31.93553137779236,173,241970,confirmed,
429,0x3D20Ffa5c11731A75d06248f0A078A46e795d3dF,node09,6b38870ebd93c7c478a146a6af37d45afb04d218b28cbb0bd49cf7009bd3a9ae,2,1791366654.181603,1791366687.8265703,33.64496731758118,174,241970,confirmed,
430,0xb39b70713C8F1920d44Fb70C2c3ac0CD7D1C47A3,node10,eb5b5ca7ca5fae3f4af079418062186411cf4ce138e134f5a454c12de334c755,2,1791366654.2232854,1791366690.229012,36.00572657585144,175,241970,confirmed,
431,0x23f59B6F263adA36DEc47324d9a82494269EDd1e,node11,9c57a780fa95214abde82f53a50cf61adf801357ce2a604f141e25cbf431132a,2,1791366654.2290897,1791366661.7386005,7.50951075553894,161,241970,confirmed,
432,0x696A1c9598EA01925e212d436F6dC34279696E83,node12,8ff766325587743fb0f4946eb97083b44a6a552bef568a3ad5870f189a557e30,2,1791366654.2421248,1791366661.7486098,7.5064849853515625,162,241970,confirmed,
433,0x83fae356aB79a25Cfcb6668fA75aDC5716E0163d,node13,6f3ccb4f71e3a80513650349218127d0e3e95b30555e594130e7970ab3b020f9,2,1791366654.272393,1791366668.7397335,14.467340469360352,163,241970,confirmed,
434,0x25AA08639B4cC8425267ACAedC8Ba72722Bfdb7E,node14,dca050298cc0e4d3036d44f9d140da60847c39ef08d36f341faafd18f5c1df11,2,1791366654.2822115,1791366668.8460672,14.563855648040771,164,241970,confirmed,
435,0xF7de69b52490cbd823EF8320DB77ae9d1A1323fa,node00,49bdd78f659577cdde5eb1db6a0beebe8ae4a3ce7e18d0c95aa54b495ab4067d,2,1791366654.295608,1791366668.852442,14.556833982467651,165,241970,confirmed,
436,0xb7bF9398003Cd17cA9188aC9B2277b45EB9B3171,node01,4a22ccfa5122d9e8e6a2c2ce7646eafb1289b6a02e349cde70b0231f6630e221,2,1791366654.2989442,1791366673.7934365,19.494492292404175,166,241970,confirmed,
437,0x69DccF9376758F365185E997b10277a4FDD7ebB4,node02,d1c8e66548f46a6f8c1d2ebc4471d9dd53824251c40866a1981c17b6690f67dd,2,1791366654.3027453,1791366673.8096445,19.506899118423462,167,241970,confirmed,
438,0xc24E09c8f074cE53a0514Adb1cC16e9976c3a674,node03,1f5d06dbbae0597c1f9b105a5b3ed04da1a462e3c4021ea08d1b60be85acd992,2,1791366654.3116918,1791366674.1121705,19.80047869682312,168,241970,confirmed,
439,0x08c2a0BD4bedF17296f75cA008F6F849CA8e0e2c,node04,ab0a836201d05313ba6a1c3c93665dab10434e84eb788352f1677580db0eec89,2,1791366654.3163009,1791366677.9839761,23.667675256729126,169,241970,confirmed,
440,0x46a8bdFBe283473Ca875Ca2253a509a3de893F5A,node05,78e8de5487d2c113edfc66c7301a515fdd08fccd6f5ea0f23331b4c836f5e8f3,2,1791366654.3254633,1791366681.3342128,27.00874948501587,170,241970,confirmed,
441,0x220199DE3952698c26e951F13b5A5c3Ae271d2e0,node06,0cc92d2d023cedbedec39e4676345cdd236fec2eeec5d13c4f2983ef60a817b8,2,1791366654.3295887,1791366681.3296494,27.00006079673767,171,241970,confirmed,
442,0xA9bb01FCc50ba3FEEE6b4De17BE423BEb21795c7,node07,97fad687491fec6028aad466fa3a2f29f91c4c123d038810965081e9099bd20e,2,1791366654.3339927,1791366684.1263552,29.792362451553345,172,241970,confirmed,
443,0xf5f50B303EfC0F8d19B8835138B02D47E33EA779,node08,43356b0196c828254281a6866198ff1ca972f4ea253ca1e5de9b724c71b6cff6,2,1791366654.3431864,1791366686.1279619,31.784775495529175,173,241970,confirmed,
444,0x59d6246Aae56a35e6c7b5CA6bD0c1f0E5d2627Bc,node09,b546313bc405114c55307948303549dc2a72c15849451667438e1cdc000dd355,2,1791366654.346051,1791366687.761596,33.41554498672485,174,241970,confirmed,
445,0xa937b878A1687A59c869F00c251128cC1C5CcCe3,node10,48664ffed1b29b5b33731f24cdb4f1a414d13e6487d1b271684da50a6882c040,2,1791366654.3483922,1791366690.3329003,35.98450803756714,175,241970,confirmed,
446,0x8BE8d54fac94942ED876b3743B0d4f2c8AF34ab4,node11,80a643488d8aa6d8aaa8de094a02c7296262aaffbce447f61ccbb28ac8e5b1d5,2,1791366654.3520832,1791366661.771713,7.419629812240601,161,241970,confirmed,
447,0xd995b9CFF3522AEe7501388e6ee59B68Cb9A322D,node12,5a2121af5d2de953bd699bf58324f3e6c2b5263194908cce70b2cd3b59909774,2,1791366654.3547492,1791366661.7694952,7.414746046066284,162,241970,confirmed,
448,0x92dfeB16006ad20bc45ccdFD7f82934C3eA4b027,node13,3da775ea65df121b3b92c0b6a365e0ac1c5d7bbd1b05170509d4d185d2f67245,2,1791366654.3586912,1791366668.7886481,14.429956912994385,163,241970,confirmed,
449,0xf1C4ef3242d88c05E805797c3022dB738b450Ae5,node14,1036a26437e5973ddd28a2913b1ed3aa216f987d8bb9b2255b47c4c99029b5ed,2,1791366654.3641732,1791366668.9384637,14.57429051399231,164,241970,confirmed,
450,0xe4124425a27623b696e3531DFECAE3f422d04A0A,node00,a18df8d1fd8cdfdf7b8cbfb8ad5a0b89c52a03072880f6eb181432bff2eb0dc9,2,1791366654.367396,1791366668.8881602,14.520764112472534,165,241970,confirmed,
451,0x93e9154b0E58Dc72554f57f42D3Ee218b91c87b3,node01,53f5efc5d475d613e92512585f229ddfe9c75c66e85b04bf467156f6c70068b6,2,1791366654.3693502,1791366674.2246966,19.85534644126892,166,241970,confirmed,
452,0xb9C44F691379C00684f07AD83e81e0A92820A1Eb,node02,b70b7ac013cdd358c0f0c80aa0c21f073b625c58aa86c38a02c448547603e5e6,2,1791366654.3717213,1791366673.7889016,19.41718029975891,167,241970,confirmed,
453,0xB2E19ef454EA17315Ae5Ed72553fc3f21D7ca6d5,node03,c1ea1bb8b1259252d9f683bf1ee30ab8c4570d880a1371125b479f525586a277,2,1791366654.3742328,1791366673.9141188,19.539885997772217,168,241970,confirmed,
454,0x8ddC29F2bE10754e7Da9174cC2194141e27FcADc,node04,11eaaddde4714c7804443dbb9501c0fd152b2b77651b8aa98a5b59021e7148e1,2,1791366654.3758743,1791366677.9186482,23.542773962020874,169,241970,confirmed,
455,0xfcD511e35504D0049485094785b7fde545519121,node05,6fb08f8365d5c6ebd7b75318f6b6d9f3c5b516e4f4df9a10871d4576e243d41a,2,1791366654.3780484,1791366681.331985,26.95393657684326,170,241970,confirmed,
456,0xe55e44d0146e5Cc3122838C960C117f0FDD071dD,node06,d704e2e2c8f98f04ca658ea81a8123dd6bdc61c8df654602cb8793f2e8da86ab,2,1791366654.3801155,1791366681.4047048,27.02458930015564,171,241970,confirmed,
457,0xbE0579d5A87cAF89F54047d7967fC54b7da0C576,node07,8a56f5da6d8698348d46c7d14e179aeac5f73cfebcc81a3b9aef23c84c332548,2,1791366654.3827276,1791366684.045104,29.662376403808594,172,241970,confirmed,
458,0xD4FBC71154aD22cEF38fdB13e755a27CF070C3ce,node08,4f728fd20debcb693982437be4acb70be7f10d7206819874238a723ef2a04bb6,2,1791366654.3878002,1791366686.1405888,31.752788543701172,173,241970,confirmed,
459,0x7a3ad6D062910de5cC7ff7a980CDDbF3e81c9c9a,node09,11353df489d722da602c8b0b3f0d719a3bb3740944669a31e20d156cd16388bf,2,1791366654.392029,1791366687.7433395,33.35131049156189,174,241970,confirmed,
460,0x0a56aF54D09958BcA1fd6D36cD57c624E8707ACA,node10,a5b7e1490a8bc2076d419e3b28b6a5386d1fcb3273e3931a95e9a96e43625fc9,2,1791366654.3951502,1791366690.2423122,35.84716200828552,175,241970,confirmed,
461,0x3CE5b351DD814731Eb720a80444954ABBBd1943c,node11,be83b1249d834315ee2d04fb294368da988d88f967261afd1f172b1cc2d207b9,2,1791366654.3978553,1791366661.820722,7.4228668212890625,161,241970,confirmed,
462,0xAd4D14cDA332bA167dd810009852ea555cEac264,node12,bad9bdf8552457faace950a4e76407e0911a3328b14cbd4c606e4797dea1ea18,2,1791366654.399643,1791366661.8137193,7.414076328277588,162,241970,confirmed,
463,0x6b394dF9e85800e049F03fD2DaC20D6a72e6EA4a,node13,b5d3491a1c6a17dd52c670f0af747f0a94b3b34ecf5096d67ab0406e02531d3a,2,1791366654.4024522,1791366668.900749,14.498296737670898,163,241970,confirmed,
464,0x4e74d340dbEAB9C2180490dE51B562dB885d8Bd8,node14,28b909f56f28027b77d8e8d2fe7094e96bedcf0aebd7bbcb8d9f092e274c6a4a,2,1791366654.4064171,1791366668.9049559,14.498538732528687,164,241970,confirmed,
465,0xC0bF784E7f9F910679161B442d728809D4d677b1,node00,a7844ac1f1cb606a403c783e348d2471153404ac55df0caad618dfc76b4add88,2,1791366654.4095964,1791366668.984329,14.574732542037964,165,241970,confirmed,
466,0xd3fC663edc07E9b8080EC3ddF569f4bb2b3ea715,node01,3358e6e970ebd8c4fc4da160f650e5c5522344e49543db308ce64b7f26b769ee,2,1791366654.4118211,1791366674.1318767,19.72005558013916,166,241970,confirmed,
467,0x2ea57979FD0B854D1768F8A8b881a93B5A00f3dA,node02,575ec111566fb35dc9b34764ee012e6a5563538866dac7733ad064506da06bcf,2,1791366654.4141126,1791366673.9833803,19.569267749786377,167,241970,confirmed,
468,0x86343329c338bcCcEb979b01a1466968C042dB9B,node03,28d81fcbe8281640f54ff4b0f0ce4d2c88fd6b787007af23f8c9c70b89a7d192,2,1791366654.4154043,1791366673.8771183,19.461714029312134,168,241970,confirmed,
469,0x85334E48A3e86068591aE789a99b434aFcEe582a,node04,d832628e07ef9bbe978031bf2f3ea66d1ef4841a00aa46daee3170d146899972,2,1791366654.4173899,1791366677.8967385,23.47934865951538,169,241970,confirmed,
470,0x5bF84F25668De09526fE0778B244A07dE348543a,node05,3f9ef3e96d5ffb2ad24291675c9bb5ed72e75728ef231d46c69a322a8a5d688d,2,1791366654.4194112,1791366681.3208797,26.901468515396118,170,241970,confirmed,
471,0x0508489e30413fde2e1631Aed1463FF15Ec897fc,node06,c5d3762e2ce2bf8f0f3ebb4c0d7e1b4b0a8e88204ffc547ae62f156a03b8228b,2,1791366654.4227612,1791366681.500487,27.077725887298584,171,241970,confirmed,
472,0xC146BD03e05762e756aa13BfCdf5BDA1323D3DC0,node07,25c436a43f2b9b12303857b02be98a4a2b6db65f52d494ad747e5a75c235537b,2,1791366654.424192,1791366684.0290382,29.604846239089966,172,241970,confirmed,
473,0x9dbf710BF5fb233D582b239E4d60e6324A6B758a,node08,690f7a9b76224632c0ea1554198ff41beae7b902a4ab58a586c21e3154e1d6c6,2,1791366654.426785,1791366686.1737707,31.74698567390442,173,241970,confirmed,
474,0x592C59A783aC542F053e34840DA060920ee34c1B,node09,e03c6355727d1e53bb609bd172fa0633e5dec7295a4382cf094445c6b7c7cc18,2,1791366654.4281242,1791366687.7487235,33.32059931755066,174,241970,confirmed,
475,0xd4313172DbCCA77E3C0EAEf27E0e2b72E0d52Fbe,node10,2bf9d64336b530cee4534b4bc2329c99e569cfcb904a43345818cc2d609dcf34,2,1791366654.4295812,1791366690.2462096,35.81662845611572,175,241970,confirmed,
476,0x0f57b3758470710Ec570b8f267e5F1B885dD0c5E,node11,025b25b394e41ce807ac8b07783a7040b7042c1c9be0744b12551adc2fa0285b,2,1791366654.4353707,1791366661.8522825,7.416911840438843,161,241970,confirmed,
477,0xe3212a1db13EC6C3b091bFdedd9f9E57CA63d93b,node12,b4f7aba37ea01dd9ed76b4055d1725b5e7da928f7b16bf1a82f96af846cbc1f9,2,1791366654.4382195,1791366661.8429854,7.404765844345093,162,241970,confirmed,
478,0xF862f17fcb97700BCD99FEb0215f8B50f39731d7,node13,e88a281ad62ef481e5e0a5348a570b2bd0cf551a9a1e9f6800545ad0eed2ca0d,2,1791366654.4399796,1791366669.2640672,14.824087619781494,163,241970,confirmed,
479,0x1DAD232B3921c7A7a93fefB7E406BE4dABb52FC6,node14,e165bb4a471a187fc300f584d9058001a1e923bacd5a781338940b105025c958,2,1791366654.4412181,1791366668.9438457,14.502627611160278,164,241970,confirmed,
480,0x7D12540EA1ABfC7CB4532715D1ec656AF531F084,node00,57661c81195dac8102c88c44eff679915f89fc7a455f9d70af66b8cfa4a40e8a,2,1791366654.4436378,1791366669.1756637,14.732025861740112,165,241970,confirmed,
481,0xBB50aDbc1ab1949F2157975c1B89973c9325e7Fb,node01,0bb7126f56b575cfef5ac3480b2f68937755c8681297b2cc3a8fe26c41920446,2,1791366654.445081,1791366673.972685,19.52760410308838,166,241970,confirmed,
482,0x832d4D37df51be09FfD827834c91de69F7b26410,node02,ea2d85bcddab063a15719036b1d55b290c4fccd67e226ff755237df3157b81e7,2,1791366654.446816,1791366674.1424863,19.69567036628723,167,241970,confirmed,
483,0x59f53B83772fF08a34715DbA5fFCb374D1F14eb8,node03,db4f18538bc51651f9a8398b39f32c7285966de084ba743b2bb13ea95e0dc444,2,1791366654.4499078,1791366674.1875794,19.737671613693237,168,241970,confirmed,
484,0xf1D5EaD0934BFE5DC517751Bd28259734F63972b,node04,5bb18cb4b59eaa791146498ca227f64d0ea00efcba6f19b18c333dd935bfd2e2,2,1791366654.4519928,1791366677.9378347,23.485841989517212,169,241970,confirmed,
485,0x9f16fdC46070f75beD1fb1d9C8b131dB37739f5B,node05,c83aa8e69bbcd7d69b02c944040560b558b6738ec60dc6681223206b5428a5dd,2,1791366654.4557934,1791366681.4973347,27.04154133796692,170,241970,confirmed,
486,0x247333c122Efc4C6eB9ACBC7A03809C4C0100220,node06,086ab6406eac7c0e597110f055ccafb188ceb60496bd8d8b0d773621a0e2f231,2,1791366654.456964,1791366681.4457755,26.988811492919922,171,241970,confirmed,
487,0x118eE34942154cE0971d2d4706A9C54c994150e0,node07,c1db4138066dd0d7001bda2a22295918bfd9e6116b7ff8661e057749ee5948a5,2,1791366654.4586887,1791366684.1094146,29.650725841522217,172,241970,confirmed,
488,0x99379739c14117A48afb12Ae04cfe7B9A3F61163,node08,5bbd7a2971884248016592aabb752c9bbc66c4fc0c42de609a873d92fba60532,2,1791366654.4634717,1791366686.18006,31.716588258743286,173,241970,confirmed,
489,0xbE0e0e73A1306107A38883A44F6B248afCE83472,node09,c08d72cf96a7e7d673394490ef125754e6bf18a369e69e8f47daaf3c46981e5a,2,1791366654.4646006,1791366687.835807,33.371206521987915,174,241970,confirmed,
490,0x8275f391CB73D62cB827EeC89aA3b81F68019f36,node10,f941ca1fe31cfc5902418be667cd5a0efa17c07669b3f7bcf4e9cc995ccabc5d,2,1791366654.471714,1791366690.2380655,35.76635146141052,175,241970,confirmed,
491,0x99351706449f12aA1D0924Bec4Af5c31ba6D8A14,node11,fd3b9482ea8c92dc7fa5412eadc3eb1b6e6c90477328a2bb71eb706ce4322681,2,1791366654.4743004,1791366661.8652406,7.390940189361572,161,241970,confirmed,
492,0x0D51d38B2E555360F46217a1E50eA247e1C16FA6,node12,3a1be1752b0282e213c58ddffc310c8a0428fd5cf7f96d26cf75d85cbce85aa5,2,1791366654.47676,1791366661.8744326,7.397672653198242,162,241970,confirmed,
493,0xD575A104D30d3929d6d6163aCfD6939c5b798044,node13,9617e0b1be1c1c8fa6a189b0bcede0afbcb9ddad81c9f58f4a61fe9c713087f4,2,1791366654.4795566,1791366668.9469345,14.46737790107727,163,241970,confirmed,
494,0x594F6B373F1aD222e707651a46766f328e52217e,node14,391c995d5cdd5927d4219aafacda68ec9868f140e627a879d55d80fae2b8a328,2,1791366654.481659,1791366668.8814306,14.399771690368652,164,241970,confirmed,
495,0x72B50C81feB365e546b61ec54a81c4d6cfDb0bB3,node00,b44da0faf6fc8ad10e3a2542b168048bd9e678d8aae695dc9b364956947b3710,2,1791366654.485918,1791366669.1196795,14.633761405944824,165,241970,confirmed,
496,0xAa9Ba07747f58806e317FECf87db5505113E2B5D,node01,1c52d30ea681bceb327ce968973442125575d73d0a191330ce56a830cd2f53ae,2,1791366654.4888663,1791366674.0977232,19.608856916427612,166,241970,confirmed,
497,0x2675956142b8b82621C818Bc9AEb3b4b3a25C58E,node02,5943436545508688d267992a8d90dcdfb3630740034c7d5cd49ac622b96ad870,2,1791366654.491134,1791366674.0953612,19.604227304458618,167,241970,confirmed,
498,0x6dA714ED998242273FC0cE0417d28411D48d40C9,node03,02e01fb18f21aba226949b4262c4f63bc49c25c02e852d73fd9253fd7fa02ae9,2,1791366654.4919198,1791366674.1096475,19.617727756500244,168,241970,confirmed,
499,0xf9bE31B2661572e4Af327117c2E320C297cCeBeB,node04,adeeb22db98483749c31ab5957db73d6d408dbb9bd038ccd3ac4d18b36d972d2,2,1791366654.4966989,1791366678.1287735,23.63207459449768,169,241970,confirmed,
500,0xC1B0bc3D7A176CEF505313d8F6D58647D663d7FA,node05,d4b17807b3db2c84d355b977e00b63b4a69ace4aaf99c3d81e7857e082dbc875,2,1791366654.5033762,1791366681.4608696,26.9574933052063,170,241970,confirmed,
501,0xcFA0b7D68B72A677Cf4beDB0be1388AbeF41C25F,node06,7c4188ec38cffb9acc99129e9ec673715ec97fc93faa3738cab2b136320b7a10,2,1791366654.5061212,1791366681.5012844,26.995163202285767,171,241970,confirmed,
502,0xC270eFeA01F15c6AdC9c7fFaEd2a04235c89b048,node07,f6b40d6ee199875b9b25ca88a3b7aa4dd2490ae4dccb21db6c41f71f4654ab4f,2,1791366654.5094333,1791366684.1145208,29.605087518692017,172,241970,confirmed,
503,0xa41A6Aaa63A0c58C8fe21B5063202b0591d948Bd,node08,2818820b7b52d89ca4281e464b5f0cc6c8e12b5d847b68ad62b5dd728fb12b7f,2,1791366654.510852,1791366686.201645,31.69079279899597,173,241970,confirmed,
504,0x89f2369677725a1E7dE1C7ee490A7e5BA9ebEBb6,node09,ff10e71517b315ce876f7c4d5a8ce916a62203bc3464f8dfe4038a3f01d03d18,2,1791366654.5132556,1791366687.8168962,33.303640604019165,174,241970,confirmed,
505,0x706C4596b13C3Ab5c04f96594F5f37794e5f5d68,node10,b3d9f9177a536c084fe689890e81597768a2e0501f7a68155ce9d409f839030d,2,1791366654.5204957,1791366690.2824936,35.76199793815613,175,241970,confirmed,
506,0xE9AF75eE3B7D34E356d0A533212E372763F48362,node11,ca6d8734b72a7238ea88aa6fb9d6a772ae12d5e02eec5d1c67b00a1da575836e,2,1791366654.5235543,1791366661.9176898,7.394135475158691,161,241970,confirmed,
507,0x490bd02f5A68daDFe95214F40346a5Fd49487894,node12,c757fc4b0445c6a0e6520a76436d57baffd85cb20570b1bd5f1bc2ea9e8b7425,2,1791366654.528366,1791366661.9076664,7.379300355911255,162,241970,confirmed,
508,0x5D36879c8485A9E8E87706181aB1f5f0F61F1c35,node13,f8867566935a5f5686b386409e3316a77828221a65e14b47eb8feeaeb01ed6fe,2,1791366654.5322185,1791366669.0463538,14.514135360717773,163,241970,confirmed,
509,0x7706EdA39792DB9439e36FF93E5bf4a3517dc9E7,node14,8767bcba767b69e86e035cacc7ac39bdcab3f2a67aa3ae9cdcae0b2d772f87c6,2,1791366654.5355878,1791366669.0730147,14.537426948547363,164,241970,confirmed,
510,0x473EEC3c0D4397021D58547f39a94C41d328D8a4,node00,222cc28f26ea9eb9e8c5d1a50d21f9d025e2c336f115de78fa2f37225ccc8d0b,2,1791366654.5436294,1791366668.9635718,14.419942378997803,165,241970,confirmed,
511,0x1C370a24015Bf5765854d615aFd5B4777239eBbe,node01,bbc758f401b4dfd0c37285c6ac87d3ed85073b166c76bf6cd2457ad90abcb009,2,1791366654.5512679,1791366674.1450305,19.593762636184692,166,241970,confirmed,
512,0x5bD80b2e2424C775be8e89e577E30FB2d639501D,node02,d9a84ad71b7cc8041bacae61a82c044415e7566d23ef8fd00cef07d72141034c,2,1791366654.5541844,1791366674.2650325,19.710848093032837,167,241970,confirmed,
513,0xE5e58361E41fb2FDa32b1f38EC951440f7aD9548,node03,bff6bbb2781da35869ae618fddfa6bd8847c892464d2340c519a2fcacb4a3b96,2,1791366654.5598445,1791366674.2626958,19.70285129547119,168,241970,confirmed,
514,0xa6B4E5D92109A3F7b74F71f5B8382D0FFF757A49,node04,4daa9f87845aa56950800430977c13614bf760e3a9a212241b4ac1596f6ab054,2,1791366654.5622113,1791366678.0152388,23.453027486801147,169,241970,confirmed,
515,0x252A4102185404C0770A39Ff6Cbaff511831BEE5,node05,4afb505e7a497409fc31fbf4a221386c29204702dd2785a496b0e218c331fcf1,2,1791366654.5662527,1791366681.511033,26.944780349731445,170,241970,confirmed,
516,0x1f0CA776afaAA3d3CA5811a92136C4d7a63593f1,node06,0c77a1f4e6068d6da67846c95f9876bbb9069372599b9d3c00f8c64b0e141a38,2,1791366654.5693908,1791366681.4874523,26.91806149482727,171,241970,confirmed,
517,0x5cD91A39797ADfF47CBa9765E7D3Ae559B05557d,node07,f04b2e5a2470e6a06b3c8791a9090b661f19eb7692bacfe8d465cd6e9aac7604,2,1791366654.5761778,1791366684.0773327,29.501154899597168,172,241970,confirmed,
518,0xBF46A787100613b1910756E13614CC862BffbB1A,node08,36b13292a0b48f71690b761f4dc36e16c04686a076eca9b07a71f02376db73ac,2,1791366654.5796735,1791366686.173054,31.593380451202393,173,241970,confirmed,
519,0x55544A9B530f410823aD4231885Ba4F6a3d6276A,node09,d326909ac68f8388f1ebe78e04a45cf15a45c8714123bd4b715f253ae14afb55,2,1791366654.5818317,1791366687.7922392,33.21040749549866,174,241970,confirmed,
520,0xF2279D4f5660b50518C2c4aCFe66440e67A33dbC,node10,b54040b68225a885c6ce919ea08411dd03705ffa1ed4951abc2598180cda9420,2,1791366654.5866373,1791366690.279616,35.692978858947754,175,241970,confirmed,
521,0x6a80E568e5AbA4a7C82a9C472294Aa36F81776bD,node11,a5b92be40d4340a06b8b4bbd8fde395797c57534b96cc5430695547604f7a96a,2,1791366654.5945346,1791366661.9497242,7.355189561843872,161,241970,confirmed,
522,0xB0B7ee8d5aA8d61846E1FA8C79b462C37A872E6A,node12,0f3d932072f03fd882c9a1f366d959c1099de0b97cef7b5bb460b97f6eb5c517,2,1791366654.6001408,1791366661.949214,7.349073171615601,162,241970,confirmed,
523,0xe41D3462D421cB7E2db53B4Bf2b5F5A9804CD2D6,node13,ad03617976698dfb2699bb2b2f353777acf4120c5efc7d3d76bf69b7260f5afc,2,1791366654.6081815,1791366668.9313848,14.323203325271606,163,241970,confirmed,
524,0xFe7ED008cA0d7788685acb64B596e9aB2ef9850b,node14,3d57c1dbbd0f5d92c870242732cc74d4669fdfebcb147505fbecabe1632a9292,2,1791366654.616395,1791366669.1472487,14.530853748321533,164,241970,confirmed,
525,0x87D2a016C183F43a14bbca62247c531D16F0C89f,node00,976423cfb3aec3c8ab64e0959145834b750685b5a7d125915566c13cc8c34fa1,2,1791366654.6206489,1791366668.924857,14.304208040237427,165,241970,confirmed,
526,0xdBF6886ad269E12E683508a3E376A5b1EEdc4C5a,node01,6ad80af19f07862658fccb0e890c6a30cd3343afe306cb352c4507037c79b7a4,2,1791366654.6289477,1791366674.3081212,19.679173469543457,166,241970,confirmed,
527,0xdDF4425C2D9F81017d1F4BFCE1a93989c176dE94,node02,eefe27e7236c460c1f6a774fca4e0958d82f3fb290b4116e14637863420251c1,2,1791366654.633543,1791366674.073693,19.440150022506714,167,241970,confirmed,
528,0xeaC02E01945E3eb360B013aF2b7b521E1DA82167,node03,228814883d6c024b3810e6639ca4af154a90c867eeef37cb71976757f9e69aa7,2,1791366654.6760051,1791366674.1824355,19.50643038749695,168,241970,confirmed,
529,0xcd0bb7e962D82342817C470440751BabDF8b1634,node04,86cd412b571cdd31e15eeaa2f245c317107323f24e2d3b72911db6acbb1a771c,2,1791366654.6790454,1791366678.019016,23.339970588684082,169,241970,confirmed,
530,0x67636A31A335b60bcf21a8440EA604Daa9C35c25,node05,b86a5f12448d5ac2c851ffdd4e6d1d7f32f17213ceee5db43f561bb2372896f2,2,1791366654.6825309,1791366681.505996,26.82346510887146,170,241970,confirmed,
531,0x58d8F5Bc61C101412ebEEb1abD56BF06d41eAa2e,node06,25d1cee01d906ddedb51448343634368d6a7dc9186af0450a682c8e0b50b7442,2,1791366654.6846004,1791366681.5589964,26.874396085739136,171,241970,confirmed,
532,0x11B069922E4e9D85a75bb3E2CAf928Bd316BDF3e,node07,f3716bb2d6a5ec3c45fc4938113733e72875e018bfa237058cf660d1a9b8ffbf,2,1791366654.6892343,1791366684.1942549,29.50502061843872,172,241970,confirmed,
533,0x4add682A9149636D93Cb24B2BE60d41d55205A9e,node08,fc04de6d3e5bb2b701cb7d3ec18cced229686a84ab4a9c192f8b384a514ac48b,2,1791366654.6907418,1791366686.2090406,31.518298864364624,173,241970,confirmed,
534,0x32793525762882C28027EEFe1D5D9286736b2c81,node09,096989e3deba8a96aa24096239f0ed7ac962421fa7cb6729cfb67343445fa387,2,1791366654.696146,1791366687.7907403,33.0945942401886,174,241970,confirmed,
535,0x4421A8E66e9c9055e81bAC62269Cf3818458bF4c,node10,a1b58bd7876af7cbf61ae49678aeca6c5cd865ca36337eb14ee206cf05a1ad31,2,1791366654.7026036,1791366690.2540085,35.55140495300293,175,241970,confirmed,
536,0x0c520Af803C7Af49A805Ad13746f621402c0E501,node11,65c1da1b37dd7fe93b92283f6f970026e932ae5145c4648fdb95367c7176ed33,2,1791366654.7044673,1791366661.96627,7.261802673339844,161,241970,confirmed,
537,0xA0Fe2f34aC90755Ba4f998b51EF5d36D9bB1b786,node12,206061e130b689288e98fc3e257945134cd6ae29389a17dbdf29d675449fff26,2,1791366654.7083988,1791366661.9788272,7.270428419113159,162,241970,confirmed,
538,0x9d385Ec4a30974f65bB91c98a86a8C644e55c813,node13,93faf96a25322cdf804ebddc605a06e902a65049dbfb99f64cbc99d74912412e,2,1791366654.7114444,1791366669.7156377,15.004193305969238,163,241970,confirmed,
539,0x14FF6A982D286dEC468f69bC27378B2e01Ed0d2a,node14,0d4677d203ccf2f74ac883e6aa55466e4a18f0730d71428b21e22766376355dc,2,1791366654.7152417,1791366669.1977222,14.482480525970459,164,241970,confirmed,
540,0x7fC395037D650E05a2CeDf87c6f9Cdba4bCFAb22,node00,270204b9dd970ac95684b3d6681689e083e5304a78fd8e060218d44923dd2d0a,2,1791366654.7172294,1791366669.298329,14.58109974861145,165,241970,confirmed,
541,0x66D792Ff8B4Bf408Ae7657389f9B1D34A5315574,node01,722c8670b402ce72ae3d84726ca3bc970af2ebdaca8f50d55dba6ed2f4791640,2,1791366654.7212284,1791366669.0244823,14.303253889083862,166,241970,confirmed,
542,0xdFcb1D945d956F9C5E7AFB5507a2888bcf1C02D4,node02,46a29a8c03ce3f20d189127649147acad2c0a16054c1b71382cb3bf9f0b1c145,2,1791366654.7227175,1791366674.3309057,19.608188152313232,167,241970,confirmed,
543,0xB1eCF8A9816d37cF5cA5d3Ab58f23a24945AEcc0,node03,2463a590ea8212514cd0d60671fd6af6be3afd803ed3c2fb1f67ba4a269767ce,2,1791366654.7282937,1791366674.4200633,19.69176959991455,168,241970,confirmed,
544,0x54F6c27A05b5E705EBFF972B37F97eA7Ef929c93,node04,b73d26beced45fea4039c8d29c9f086a672b700e4031a2e8393edacd554151c3,2,1791366654.7309866,1791366677.9936986,23.262712001800537,169,241970,confirmed,
545,0x17fD7f001e5EA879529A5e56Fb0DEcA7DC8c4C0F,node05,43ebdc011f2f95fe5df111bf1848acdc90bcfecd295a1be4102014228df5ae1b,2,1791366654.7318933,1791366681.4857025,26.753809213638306,170,241970,confirmed,
546,0xD0bab3Dd159Aba0362cd50e0191b5d4762f23D32,node06,c30985ab85fcf249c821cd7028672c4f05fc51770065e115258a8b1caee7e5b4,2,1791366654.7370229,1791366681.5076022,26.77057933807373,171,241970,confirmed,
547,0xA0E3F7872004A1a60CadA748Ab36b3aE53eF05a3,node07,e7b758d36dd299b6fca5d4564bf45d9c397e5b30ba4bfcd05a43c2128ba2f5c6,2,1791366654.7379124,1791366684.1111171,29.373204708099365,172,241970,confirmed,
548,0x789A4506ED1bF3533e926672EcF07684d941C062,node08,fc4483f40bfcc3259d521f7ee4f9d273f30fd64ec397985336bf9b2db38d1366,2,1791366654.740914,1791366686.1899347,31.449020624160767,173,241970,confirmed,
549,0xa5e4ef81B0CB881Ea14b0E998985D56D043833B9,node09,8d7dd741a56fc2ec8163024e526da4c542c3ee3afcb7ac65d41599db325e10e4,2,1791366654.7449787,1791366687.8343563,33.089377641677856,174,241970,confirmed,
550,0xd1BFC41fB5483714dfe4b4EBF6190402eC5c8f2d,node10,715d1766839b61a996561d40e58bea35935be1e81fc34702b6bbc544880261f7,2,1791366654.747118,1791366690.3382573,35.59113931655884,175,241970,confirmed,
551,0x83083f6a3e0B44898d718053AF28Eb19b2F1eac4,node11,6c5102bf7d1a5f7923c717535005abe9f22160eef49b36fd940aea8cd3741cee,2,1791366654.7491999,1791366662.0027711,7.253571271896362,161,241970,confirmed,
552,0xCCEbaFf7AD498e4Ee9a4C0DEf3acb4CC2e69BcD2,node12,355189fbd7eeba2c2fc43011a8eef243bfeb6b34bf4f2b979fb4243a7e16b4a2,2,1791366654.7511716,1791366662.0105524,7.25938081741333,162,241970,confirmed,
553,0xe0Ac1BF213890003448fEfaa11ffa1Aa2eF86084,node13,98786cf646999b94ddaaf761461951c29a86295a6dbe588716f12554d4f9a5e0,2,1791366654.7526238,1791366669.0383568,14.285732984542847,163,241970,confirmed,
554,0x699a0cB52444A8D640eA2f32e6e6Cf4f6F118d32,node14,2e65df032129ce8a9e8bd54a3d881537dd496d1bb6cd1cbee2cce97a092bef2a,2,1791366654.7561338,1791366669.0274267,14.271292924880981,164,241970,confirmed,
555,0x01e0d8F920a8A3f688FA608c43f85Db59e7D5102,node00,fbc7e190f4eb22ce6295234aa0ec471182b0db68f012efc1474ec1a7eb8422ba,2,1791366654.7583244,1791366669.3584666,14.600142240524292,165,241970,confirmed,
556,0xCcD47AD5f71dAc86cC6590CeDBa2521286BE4BAa,node01,2d4ac49314a0e7ebfc463e6e06827c1b87801903f7d11281407d233bd2717eab,2,1791366654.761743,1791366669.1147318,14.352988719940186,166,241970,confirmed,
557,0xF065Cc493C19ce1d3B2587dC01d54EFCF21Fc348,node02,b42a0e1c894deb62c1c286e12c74359d525874b06bf4970d77185a7d648a92ae,2,1791366654.7638843,1791366674.4030232,19.63913893699646,167,241970,confirmed,
558,0x7EA22d81dA40089ceb98ec87C1ffa2BA3104f834,node03,0f6fcb33af8f3e98b07847a5d45dc9d8a4500c40e82bf6b18f44feed1dca488a,2,1791366654.765,1791366674.204586,19.43958592414856,168,241970,confirmed,
559,0x9708da3B5Ae452Fe4aF1E9047a84567a957f8d43,node04,59a61dd0af5a12ce3196b1bf52622fbe0fa18d79a4e1737caf2533bda3d8ccd1,2,1791366654.7680862,1791366678.0108385,23.24275231361389,169,241970,confirmed,
560,0x145585667C4B0023a3a36D1D9cb7E74EaD0216e7,node05,4d8094ac22f9415b62cf93cdc973e690ecf374c1b5d9d1713696b20d5530628b,2,1791366654.7713323,1791366681.4271414,26.65580916404724,170,241970,confirmed,
561,0x845EEd1649F26D9920Cf498b008250e7976B539d,node06,2dc4008493790bf1af64b0eff84b36c6dd20dbbccb2e75668aac79bc7e32c245,2,1791366654.7759166,1791366681.5258713,26.74995470046997,171,241970,confirmed,
562,0x0B815B7e046109675b06c5f23aC7f83be7D4eaaA,node07,154fca1618638a3a4c6a8e13b8f09105735c627d4dd66ac33a343d5ca5100225,2,1791366654.777111,1791366684.1681411,29.391030073165894,172,241970,confirmed,
563,0x1bc4988B0Ec10e6D6837B2FB37732AC47854e86A,node08,4172aad1743c7e07a96c4b43abf2488835867db909faab3b25a7fbc373156f0c,2,1791366654.7796092,1791366686.255666,31.476056814193726,173,241970,confirmed,
564,0x55f586A851b6f259DaA49e51Ac3CBe226FA7F963,node09,04c1ed2d7b905de6c7aa1f5064ac4b1855e9c0fd9d5bc79b7d1e5fce121182b1,2,1791366654.7812216,1791366687.8271585,33.045936822891235,174,241970,confirmed,
565,0x6c0240acCB95AA743f03722e5124b408099d40B5,node10,2c81d2e6eecf47bb344a2b6b7023cec0ccc5941cbdcf164460872ddbb827ad24,2,1791366654.7832952,1791366690.290222,35.50692677497864,175,241970,confirmed,
566,0xF39650e97a149cA102D7B288C8Ea14baA9d1F6Cc,node11,9f6821f1d7c5fa6d7afb24f5f48b12d4caef1d20465a69a943e5a938188747c1,2,1791366654.7875185,1791366662.0278249,7.240306377410889,161,241970,confirmed,
567,0x8e3e9A4165EAC44bb083f7e93f84435d22c81257,node12,f222bcc22679058436f33542f06d976257439cfcd94632c7b7a59b40388526a4,2,1791366654.7886994,1791366662.0335598,7.244860410690308,162,241970,confirmed,
568,0x4399a27655Ef1bF3c486AA06a68C23F2d7600F1b,node13,aa9780a29ae2b7876608fa4bcdc1f57d212fa25f0e98e7d912c72ec4bd242f71,2,1791366654.792141,1791366669.1676362,14.375495195388794,163,241970,confirmed,
569,0x58348177d7eEaD55ea117FD128Ae63C9dCE644Be,node14,69014386fc302227839c9bf4b192e32b3273d75f07775df7fba9acc83c20ff81,2,1791366654.7941034,1791366669.1930294,14.398926019668579,164,241970,confirmed,
570,0xAc9c6bFe4B79E8be7feba01ac0a754384550c6ea,node00,e4ce6b1d0ddf38d5d700ab70389b44442150ee669bc2b54f320cdd8d6094b10b,2,1791366654.7952077,1791366669.196457,14.401249170303345,165,241970,confirmed,
571,0x55B046D021A7F7225BDaA34a7c2d5e5840907DAC,node01,3d1898ebf0175d44fdff4b3900c46629c8b0ffe1ff385b541d133116ae83447d,2,1791366654.7970455,1791366669.4664748,14.669429302215576,166,241970,confirmed,
572,0x79E48836Eb28B31e44DD1aad547D3D6439faDB0A,node02,bfac1a07e331d5b54147ad907150839dcccd148f7dc7a29b0c8f3beda71bc4bd,2,1791366654.7985218,1791366674.4126673,19.614145517349243,167,241970,confirmed,
573,0x09fa8bb78Bc50be6E3D8Cc34268D940834593c13,node03,6ae31a71a6d13962543f5a175b745be09393399307e1f485c847be9c8bd96350,2,1791366654.800889,1791366674.4731774,19.672288417816162,168,241970,confirmed,
574,0x06Ced3f9AAaf38844172b0CA1b8DE1AF6d86598D,node04,ac3d2906b5d3820abc402238934236741fc123ff7f141b837716b1ea93b5c25c,2,1791366654.8028316,1791366678.1573014,23.354469776153564,169,241970,confirmed,
575,0x67b5fd116B498Cc9C394c4a16524ddB522F99044,node05,3323b3f191dbf0bf27697bb70cc5ef3d6cca2cb478ce9914a5107836f39d2fc4,2,1791366654.8046834,1791366681.5844402,26.779756784439087,170,241970,confirmed,
576,0xb043B0b3a615BB7666A6dF77E2994e3Cf42a31cD,node06,b33482165eb151ad90ad98233a16b860bd9acc7dd84ff13c4938b83e0ebfa4b1,2,1791366654.8085525,1791366681.431682,26.62312960624695,171,241970,confirmed,
577,0x502139f96B729D89656D20999Ff0969824F673Ce,node07,b5895579c421100e375d9abfd4a896bb9939bd4871934811f77d519756dc0c1c,2,1791366654.8096795,1791366684.2940416,29.48436212539673,172,241970,confirmed,
578,0xE373A423026a5bdb0E5aFe0ee0af1f48B8Fb6a33,node08,4fa8ef61e417c728eb06a66bc531a1c3e454060979ae97f14301394914f3e52c,2,1791366654.8108106,1791366686.221223,31.410412549972534,173,241970,confirmed,
579,0x057108177d255c825699E4F06c831c13f0F8512D,node09,07ea16cf42bb3fc1e4ba4076f679ca47afa8428af1b92eff7ad71b6d2eacaa3c,2,1791366654.8191533,1791366687.831102,33.011948585510254,174,241970,confirmed,
580,0x7529fA1d1D6BA8B1dc460477Cb904B93db56C67A,node10,0c2b6d447029076ffd62c2894387d4fcc82ad3aca6c3072cb76f543aabf29737,2,1791366654.8217328,1791366690.2729611,35.45122838020325,175,241970,confirmed,
581,0x28974DC8A294e77D6fe283930390EaE86448656C,node11,ca00b8407f03b3fc3fd31a2e75230e5d0774425fd520a4f904bd3be8c27dc58b,2,1791366654.8235872,1791366662.060389,7.236801862716675,161,241970,confirmed,
582,0x15c93d546877FbbCac6494fB0880c07514A66fa6,node12,0c99a99b13b43360001c296af33b7537245eb968b48536da0096102d6348c68e,2,1791366654.8256245,1791366662.0608642,7.235239744186401,162,241970,confirmed,
583,0x5048791C88458f01bE0E0C2A8d47d4263D5AC553,node13,8d40afe3cac976178a8684f545b056e514823665e81f63841e91a2be05cc2df0,2,1791366654.8299456,1791366669.370141,14.54019546508789,163,241970,confirmed,
584,0xf1539c4bAFdf72A368d9fC2f17A3AE0681b4aB46,node14,51534870591ad8be2b61a644083c9703f42b52dcc87797cecb723b1cb6e0fe46,2,1791366654.8343506,1791366669.4756336,14.64128303527832,164,241970,confirmed,
585,0x4522b630BBe7cecea5fD76d359C0236dA07a638c,node00,78e8752ded1e6ebfc2b635b1635032abb7bec6c07c3c102b8e71dfb4e9c17818,2,1791366654.8370025,1791366669.1063824,14.26937985420227,165,241970,confirmed,
586,0xe8Eb8C59AB6AEc3cC2782F1D812A1D6DF3945299,node01,656170b92838b3d5492ed2cdf4ad97ef51cbd5cea7b6241002637c86db011b27,2,1791366654.838339,1791366669.420405,14.58206582069397,166,241970,confirmed,
587,0x87bb65673155269c92B3d245874dFD1092F908ff,node02,3843b464c3fbcecb7f2156c5be240279a280c3762085693460fe0856c9c1e959,2,1791366654.8409789,1791366674.4105892,19.569610357284546,167,241970,confirmed,
588,0x30e9B42d8fcE9E08b49a41f7cEdF7F5721f5B84d,node03,93d5d16a9265ecc145556e0ff03b88f93945933b4ba434d29a0dc816add40d96,2,1791366654.8426547,1791366674.3355434,19.492888689041138,168,241970,confirmed,
589,0x13f7038FC5053fCC6297cE6AE20357E4Acb65AA0,node04,295f2c613e6e9a01e047824da1f8698a42f8762b6c31a4ae5df0bbf780272584,2,1791366654.8463726,1791366678.0384924,23.19211983680725,169,241970,confirmed,
590,0x3CBD7c8b708d74B459a16BD5f69c12Cf34F095Db,node05,6211ce90c26d1e36e7164163bf284b584d98f032b1c5b5388d9cd38e3ab2f734,2,1791366654.8489301,1791366681.5343397,26.685409545898438,170,241970,confirmed,
591,0xd7B1f2c210D85C602da58ef8273ca617274C4d64,node06,8a48d9a661fd7e3aabc0f5fb96400c3c05f39f2e20b22ec8fb4bcb819e0c2733,2,1791366654.854612,1791366681.5574572,26.702845096588135,171,241970,confirmed,
592,0xfAad310BBA415e88142e20FeA5e5E0359e138eb4,node07,84488ecf593770f8e2915c5042ab0cd189b2d30171df683128b8d798f56259bb,2,1791366654.8570726,1791366684.186762,29.329689502716064,172,241970,confirmed,
593,0x3a18Ce6f553Ce881130F39b89D2354Be2708B374,node08,4ab81b63e9416931a78efdf68af46e04bdf6331ba08aad887f1278ec341f3bb5,2,1791366654.8586504,1791366686.3353057,31.47665524482727,173,241970,confirmed,
594,0x500Ad607b5031E381C59c0daebEDd621b8Bd55Ab,node09,bf76d73d9e3025e5cb9c8a6cf35e02a2f264d3c7d1ef2c3be3501eb99687b28b,2,1791366654.8610191,1791366687.8505998,32.9895806312561,174,241970,confirmed,
595,0x14E1a855C54355327efdba9E080d7da89ba83B10,node10,a7c85a9b69c7ad59ec3e58546253a5d4d1b8205436be4484cc5f78b8c56d11d6,2,1791366654.8624792,1791366690.293704,35.43122482299805,175,241970,confirmed,
596,0xD3946a0B868DFf349F3CFBd164C85E0CBeEB8E80,node11,eaab96518d25b73efd2044066eb9bde20cd39451d6c998eb4607b3063f937573,2,1791366654.8662443,1791366662.0944004,7.228156089782715,161,241970,confirmed,
597,0x062c765beB3c8BD1e1E1AEB9d8c9df4f0a22ebB8,node12,5799fe4f556ba17b4b8239e3f5cea47ea2c54ed1a64c098ab418d900bc2ab0df,2,1791366654.874015,1791366662.0890007,7.214985609054565,162,241970,confirmed,
598,0xf503F45b8f8954dC83394cC5980c125B623b9115,node13,d34f7b3de86a56bee17a2f8c556d304646f9333a891302c08b8e7353b89cc907,2,1791366654.877977,1791366669.8302336,14.952256679534912,163,241970,confirmed,
599,0x1436B56A80f4f292cAC5F2D258670cA9B3CAB0F6,node14,8ccc90dd50118487e09dcc57de2f9cabcaab3dffc3986dcfa50956e2ec05f673,2,1791366654.882954,1791366669.2584093,14.375455379486084,164,241970,confirmed,
600,0xcdEFCe2beba1C875B81deacFa0bBB18229CEcd4C,node00,2f42978da532d81f76667a874c4acd75ccf16df6f6182c9c931ccb0c667651b5,2,1791366654.886541,1791366669.5983484,14.711807489395142,165,241970,confirmed,
601,0xaa36928a8c197b3Ec9fA512c31dDD179b0248e11,node01,bc7d151334c9deb426aff8592aea61c87d3deeeb6aa3c505e76ab69a5c32ed80,2,1791366654.88865,1791366669.382092,14.493442058563232,166,241970,confirmed,
602,0x43cFA1d94A146Bb8F7d9917cad39C168fC681F52,node02,9c8d3bbe610625bdd43b143bb9a9180df2481418293ab60f463225fab9acad07,2,1791366654.890326,1791366674.2862248,19.395898818969727,167,241970,confirmed,
603,0xe5477f239F159aea470F6dC57cE7AB012F348c7c,node03,2327acfdd9b3632b3ad4411b252b4dc9c492123a6e4bf143f109dd892efe59dd,2,1791366654.8938365,1791366674.406607,19.512770414352417,168,241970,confirmed,
604,0x6c4DCeB333A348F1d341fe6e145Fdaa0f48f32A9,node04,a70d89723ed420871f2862fc2f8c94489c41803c8fc8f8f712567c4b38ab035a,2,1791366654.896162,1791366678.1580591,23.261897087097168,169,241970,confirmed,
605,0x68b8A4e1D7a454F12dc608cE6C51371de9E96F06,node05,aba7f27e8473a9d7d0f9946db33f2e2ae9034f0975fba98c43924f4720d59ea0,2,1791366654.8984525,1791366681.5160656,26.617613077163696,170,241970,confirmed,
606,0xDBc4E2F4b8A620F43311A92C2122C8c064f2a9Cc,node06,6bd8439629c4282f890dde648c4705960f513c31bf4a759b0f1f271838cecf45,2,1791366654.9015658,1791366681.489237,26.587671279907227,171,241970,confirmed,
607,0xb1F96b3e0D6B3297A35294b79267aB16dbAF84D1,node07,0d8e33d7ab60bd0a41e570c54f4254a57a6debf104679778249aae6f9c6854a2,2,1791366654.9040825,1791366684.1504421,29.2463595867157,172,241970,confirmed,
608,0xC6AfF3BB576C287D66E78E936f396f39da4b4D6c,node08,05e0716c09b62ee26ef6d0a52872d53fa9ff2d5a8f7ae55d53a4e4363c495808,2,1791366654.905952,1791366686.1932974,31.28734540939331,173,241970,confirmed,
609,0x5E378070cb760f56847d7E96280b3C60f9Db1822,node09,36b6b771f00401fac58721fca585c2362d61ac12b891fb162d9189938372b9fb,2,1791366654.908909,1791366687.9019046,32.992995500564575,174,241970,confirmed,
610,0x2221DB4C692314f23d4C84D2A1184BFfa8Bf330E,node10,5d6aaa1ac815f79872ddcc526ad52d157ab38621cd8d61f32cb1a98621fb58e1,2,1791366654.9159002,1791366690.2765768,35.360676527023315,175,241970,confirmed,
611,0xA6Bcc15CFb73A6963A56041A9aE65A87025545dE,node11,561724db607097175135481db3bf96a81e122c2809789f7e11c9f9006d571e59,2,1791366654.9225183,1791366662.1146314,7.192113161087036,161,241970,confirmed,
612,0x3658750545bB1329C40658825E66abcB090a1B80,node12,f747fa295a2e0e251bfe5d2b5b937008082f9452b65a726055ae308fb717a706,2,1791366654.9291813,1791366662.1337905,7.204609155654907,162,241970,confirmed,
613,0x130bD1cCB7C1E9de18758fCC20a62F003594a984,node13,2f5c9a9f91a1c8e7ecac787e75016843326cba3784b8fbb805bb097d9abe6020,2,1791366654.934784,1791366669.3952372,14.460453271865845,163,241970,confirmed,
614,0x6c2c37325383DBbAA60D478d9b6723Dec4250201,node14,85251a1b74c702778e2e9b7204c56e123ef49bfab275f18ce6147601bb9a31d0,2,1791366654.9370272,1791366669.199728,14.26270079612732,164,241970,confirmed,
615,0xBAa13e3bCAC3A57e0D53a61cE14defE3e1d50705,node00,caa483185b553fdfe18ac86b5b62877f8360852526b2b61b68adeb850d96188d,2,1791366654.9399478,1791366669.888034,14.948086261749268,165,241970,confirmed,
616,0xB1fb0235c51A612350eC6FC596BB70ab21db9EBB,node01,f443735a822e31fa06918c279b4cdb9e75ac22dcdcac98eb9c1b0997b166a986,2,1791366654.9456375,1791366669.2732186,14.32758116722107,166,241970,confirmed,
617,0x8149cbf90a3FDBFA69F34921fa202F19572E795e,node02,30bc2a564181f690899e03173fcd2a949d9131ee2bb35678e07354842892ea5c,2,1791366654.9532998,1791366674.3436346,19.390334844589233,167,241970,confirmed,
618,0x34EA9e92F1f63e77fef99022892444A23E56752D,node03,c5504fd1299a46f807ca10fc39ff078f4f94e9beaa89a42c77636afacba11fa8,2,1791366654.9550872,1791366674.576116,19.621028900146484,168,241970,confirmed,
619,0x720378Ba5A40857bD32BBe7b2facc5dEcada936f,node04,decc1dc1d0ed8923856bd4474d204388f6f9f5c148bcdc40b996f41dff3b9dfc,2,1791366654.9581056,1791366678.0435686,23.085463047027588,169,241970,confirmed,
620,0xD5a22A4918BBA7324874a64C5d6CAed2537A78FB,node05,9d8449ade43dce5f3410572606d7d3b1b4318c85a200351a263fc9439bf688f8,2,1791366654.9674323,1791366681.6267927,26.65936040878296,170,241970,confirmed,
621,0x92d3ee6B92Ea01cc7B3860Ac6fC1B8be468823Bc,node06,6ce6cf885a44415f5f511b76afdf6b10c975f72193d97b7320de6b3e932345e3,2,1791366654.9769096,1791366681.6892688,26.712359189987183,171,241970,confirmed,
622,0xfEfDa6F1b3c55EE4E67ecEf8C1553e0644053756,node07,6daa827e2868664daa578cb1843336d63ad5810d17e952bd01484a12290c69a6,2,1791366654.9798877,1791366684.1256757,29.145787954330444,172,241970,confirmed,
623,0xe61a39AE7f45288AfDC0487d29B4B648ec677Ab7,node08,61954dfae968296ba886fc8b534250badd92576b5e793fe1fafc330e3e69669e,2,1791366654.9860473,1791366686.2130253,31.226978063583374,173,241970,confirmed,
624,0x985d6969FF731f7927d1FCD553379b869b71aDbd,node09,7fc798bd7ecc9938a5da31f260c850254c87fd562921430985ba05b3ae3acebe,2,1791366654.989408,1791366687.8212776,32.83186960220337,174,241970,confirmed,
625,0x3d6EEF5f92323C9AA4cEAD59eAdb0635fA7798ac,node10,a796ec881552cd97182c17629deab5d35554e8ee1e7f086d295aad1a0b3bf403,2,1791366654.9930623,1791366690.3221295,35.32906723022461,175,241970,confirmed,
626,0x2eA9F059db2b0567D7406a238169e05a4F5bb1a5,node11,6d8d3d40936d809013552f1a2ca0efe496cca6747976e92c63c7811d93f5864d,2,1791366654.9977016,1791366662.1443048,7.146603107452393,161,241970,confirmed,
627,0x3A8796f1D1E1DEF063458A703b4fB467F6F1A96B,node12,3846d17b9d92baaac818c5a30e5bb6ee016f84fe77e136a3bfc648e39efc0981,2,1791366655.001476,1791366662.1533663,7.151890277862549,162,241970,confirmed,
628,0x0ACf0efF39dE28b9943bC30f75D58f3e3176f62e,node13,6ed255b52b21eef72f26638d22006d00c2c0434eddb9a15453319938a35dedc9,2,1791366655.006946,1791366669.5296571,14.522711038589478,163,241970,confirmed,
629,0xD7eBe05AA710cd419C212A0D1C2605fef474aBE5,node14,25a9e6257e2a0c3005b364336f691cf0276eac17e53ac5b5d9f71ccb8af79448,2,1791366655.0115554,1791366669.3997242,14.388168811798096,164,241970,confirmed,
630,0x774afAD01D6E1F67A0797F0D1Daa382f32229Df2,node00,f1a50dc80bd9e2fedd51ff830a7bffca50adad0ce93bc58c1ac747b8d8401932,2,1791366655.019779,1791366669.4242644,14.40448546409607,165,241970,confirmed,
631,0xb82Eb26D3e429c4b73e8d2A730dA55bB7825e779,node01,10843e0bd831132ae55457aa152f05475e1d0daa84a431f581e550f2c6b8165e,2,1791366655.0227587,1791366669.780457,14.75769829750061,166,241970,confirmed,
632,0x7892dc430f00a2e7B8983e58A57C86CFC28F152b,node02,9068400f1da4eef1861153b25dd2aec4b6750f89a7920411b627d19e8c0fc799,2,1791366655.0262072,1791366674.3579988,19.331791639328003,167,241970,confirmed,
633,0xFC2ef0F2CB14dF73129ce3152DD300e8855A1607,node03,e092b0baf336b69da4d9f20189c1cb78e9f57bb354b18ed0756a7886d3a29c87,2,1791366655.036043,1791366674.436989,19.400946140289307,168,241970,confirmed,
634,0x8FBe4034766523DA04367b5882A00B73DA360647,node04,9ce73d7eefd6a0cdff56ba53f97806e2340a12e531d155f8511d6e89fa3bc692,2,1791366655.0401375,1791366678.19031,23.150172472000122,169,241970,confirmed,
635,0x7e573A17ec869f3810Dfcf3C93554FdAf21240F7,node05,5c5fc56a8b4024abba6a89d9abf113ce51e79da70243867e7335422248d28e58,2,1791366655.0458956,1791366681.6157112,26.569815635681152,170,241970,confirmed,
636,0x80dDA5663a411D8161c5858661d948E9B337efEC,node06,3ddb213e64b6a4ad9d4e4d9bab9a728121212a9cccd44f6c2c632d8ebe916752,2,1791366655.0478964,1791366681.538542,26.49064564704895,171,241970,confirmed,
637,0xEaeC41E6e33067e486e19b1a797B515B151bCcbD,node07,cc13de73919c5768a09ca061d7149ae82d70d3583253233cc3eefd099902c539,2,1791366655.0510361,1791366684.2364428,29.18540668487549,172,241970,confirmed,
638,0xF63aed181FAA5b72C84930b09fc69FE45963eC13,node08,409bc8a2c9190d6e64fe9dc4682fbd2b4acf572b8b9b52c2e9c087deb64f89a7,2,1791366655.0556426,1791366686.2358518,31.180209159851074,173,241970,confirmed,
639,0x0b870A9d55A37B45183EDB8abB596647800E6806,node09,b6873ee5018fd604a2baddd38589a413e27cdeebf15066d58083e3c1e3c1668b,2,1791366655.0582318,1791366687.838461,32.78022909164429,174,241970,confirmed,
640,0xC8674699bAf20Bdc0e6f027877C657D13102D81c,node10,422c6a3113340104f83b71992d6b25d2580c183837e6a8213663e9abd13d96b3,2,1791366655.0594268,1791366690.377239,35.31781220436096,175,241970,confirmed,
641,0x1fd22b6d1fc9ee7528d063dE397b234Dfe79067d,node11,ed4ac470ca6de0ddc2e57a4ca492960543442bda250fdd05b37b9b1ccb5a05f7,2,1791366655.065154,1791366662.1962724,7.131118297576904,161,241970,confirmed,
642,0x35D9c004CEE66E0729D20af0e76D7ADe81A6801D,node12,b72068d8644259f5b469408087a1ae78cc3af7f02ad100dc8726f3f6c9da3172,2,1791366655.0719173,1791366662.1921942,7.120276927947998,162,241970,confirmed,
643,0x40c9B488ef703d6Ec9184f54c13F714B9f4B579c,node13,f295c86e6f2c5df493ebb286d70319db225e2dc9a82160ab20c0bbacb9b7d20d,2,1791366655.0798507,1791366662.2033718,7.123521089553833,163,241970,confirmed,
644,0x225f5a41528dD3390a0D2ffE7577235Ea0F568a0,node14,12830fe7f36c988658bf825d082ed1c1260312cd60ea00efcbc0a816370e4bf6,2,1791366655.0836606,1791366669.409712,14.326051473617554,164,241970,confirmed,
645,0xe85d77E08890DD3DAa5E909256D23153a5e63451,node00,fe3b29610ec59401648f45cf37903b826a2039e4dc76816f962716cd1c8782f3,2,1791366655.0894916,1791366669.5768116,14.487319946289062,165,241970,confirmed,
646,0x97C3b41b4BBb8871ed23f3b4b40A52c6A5447Ac5,node01,d1dd400d451769e0fc133f601bf7a9b99fe26bb10770baa15ee1f0b37c67b55d,2,1791366655.0944896,1791366669.7784095,14.683919906616211,166,241970,confirmed,
647,0x38e31D476bB16e50082c02fc7Dbc786002B09055,node02,c2ecf938be7fd977cf6f13c6f5d95d4f77fde48f6e1bedf8bca3f0962fed652c,2,1791366655.0989017,1791366674.39514,19.29623818397522,167,241970,confirmed,
648,0xC651C7Ea0b27Fbe89d7Edf379680b2Fdc3Ee4DEF,node03,f516e3d6a618867c10821a164ce5459509155cf0b935331a15e909c8a0997868,2,1791366655.1006992,1791366674.3979433,19.29724407196045,168,241970,confirmed,
649,0xB980Cf12732E3B7c2A39DF2277262Bb096C48fCB,node04,d5b735ff08ed6f21c75025ccd80840834faa0ccb9bbde0d9a9aa6e6cde31be6c,2,1791366655.103501,1791366678.1626918,23.05919075012207,169,241970,confirmed,
650,0x9D7253e352652f5D7973E19f286229CF8683F26c,node05,2486404881ae0921447358cfa15c029ad6bbe1964a2dc2af0efa47d63b39ce0b,2,1791366655.1052744,1791366681.5977952,26.492520809173584,170,241970,confirmed,
651,0x1ba5308Bc3334F532BA2275fefeB08577c6881A9,node06,0ce41d4e3f868beee9960a43bbfed796862c572cdc9a12b1fa916c345c40aadb,2,1791366655.1068625,1791366681.576396,26.469533443450928,171,241970,confirmed,
652,0x2b3832AEa51a3B2facA3A3762d20f9D3F2823c0B,node07,988f754faf4219fc47010c76ce40eb2fd5d212a0e81b167af334b82f4ee344dd,2,1791366655.109005,1791366684.3383796,29.229374647140503,172,241970,confirmed,
653,0xEeccC7fD265DEd52C9281FC951040FC5D29dDba3,node08,77d247a211fe788ed121c4b3e7bb422fc85ad4d2f314464a6ef1e8271fe6c1d9,2,1791366655.1109855,1791366686.2317085,31.120723009109497,173,241970,confirmed,
654,0x1A07428619e49bD12ce17A71B9aC740724AAEC60,node09,cddb99cd49016f011ef67ee8601ce28220c44235ba315aff6d04546d63f85fb4,2,1791366655.1119716,1791366687.848915,32.73694348335266,174,241970,confirmed,
655,0x401E5f702AdaDd82734dd201196B5e5284295c84,node10,fe202fc2d6b4953f33f16f8c3f3500c862f23b5d474851770066b0abb58141a6,2,1791366655.1128268,1791366690.3452313,35.232404470443726,175,241970,confirmed,
656,0x3e87756E1285cc312732C46f384275d849B1f4fE,node11,d396b007f3f5637b9d67340c0cabcaab663485a672c23dca73b7d60b5c406afa,2,1791366655.1149561,1791366662.2341235,7.119167327880859,161,241970,confirmed,
657,0xbdc3C8598bb1B96839C4B45a17559d0e033aaB68,node12,dc6c3c81cfe33468a30a5fca85b410efa018bf3379daebf258cc433bf9ccb391,2,1791366655.1170385,1791366662.236714,7.119675397872925,162,241970,confirmed,
658,0xf1bB4d96A1BFD19B82E1511646BC8C040d112b47,node13,a063dd8fcf5e63f0567330db95e787ce27ae018899507c9c85a74b5177998e8b,2,1791366655.1195748,1791366662.2390175,7.119442701339722,163,241970,confirmed,
659,0x72bF161d1B1F0B10D61b5966f0a5BFDE0a2b0b72,node14,f6142d6d080e3ec2e82cf92226974d7898e1c8f26943db51cff118030d85c533,2,1791366655.1229472,1791366669.4554124,14.332465171813965,164,241970,confirmed,
660,0x95aB71d09Ada8FaFf722b1181aB43C792044C36b,node00,3ff4a068c3236765d8c353aee66ebe118fd65118b05f510f76577dc96715c213,2,1791366655.1252968,1791366669.615128,14.48983120918274,165,241970,confirmed,
661,0xD605e10654789DF9dF290A44f2F227DC62b896F2,node01,02c70279747621956547f2f7a3cedaf96c06d5f4d1f21672bd1d9047287b12a5,2,1791366655.1280885,1791366669.8514037,14.723315238952637,166,241970,confirmed,
662,0xA509116Ee6f1e5a8290D42C5D969c0947792c86F,node02,f901b1f90e913f1d25a6a1c0dc50dc2d132d7a521767777781085c8fddefab7e,2,1791366655.1333258,1791366674.457667,19.324341297149658,167,241970,confirmed,
663,0xeB476e841C59b197Dd736631DFD8DE383c9E9b6B,node03,68786cfe32efbcb26566a66b345aeb1296175e741267489c5f17f6fb91c25d9f,2,1791366655.1359015,1791366674.5012836,19.365382194519043,168,241970,confirmed,
664,0xCf99817c341eF52dFb3538f2B83E3A6c536CE7e2,node04,19cb854629cbcd4b48083b06f838510fca973cd7beb3911900b06821c2ad7a4f,2,1791366655.1377404,1791366678.0738075,22.9360671043396,169,241970,confirmed,
665,0xB15444C2C2b7e67a62DB64Da7ab4bd0Eb5a7049C,node05,ee43a957cf37c6c39fb47553291cd9fc4dde7489bf53bb0419cc1bfbfa287109,2,1791366655.139966,1791366681.6359687,26.496002674102783,170,241970,confirmed,
666,0x5aA87cC1D3788201d05855d4F6b883Ebd7aD1e7b,node06,63786265cb516b89f077e9f515aa9d57b47564c2b22bf1eb364349bc4002709c,2,1791366655.1435988,1791366681.572257,26.42865824699402,171,241970,confirmed,
667,0x9378e79cD004d379ACF6E8B50DEB3AA3Cd46cECc,node07,329d3389d4874ef3386a917b4ea6338fa29f69a59b213c8d2a09c5f2419db89d,2,1791366655.1480951,1791366684.1919742,29.04387903213501,172,241970,confirmed,
668,0x8D940b40a199EDE22C0F5bD804e39fBDC6BE6beB,node08,3371fb2a2c04e3532f4ebc2c5b8ce52f4fda0bc086b4a14e3005d7a0fe7ee5d6,2,1791366655.155863,1791366686.272389,31.116525888442993,173,241970,confirmed,
669,0x6a311F41938d429C0ae034B3C135c9090d5836e5,node09,4e212838bfadd050b36e6fcbbe531565ac58a4449ec46e51bb6f286c5b32926e,2,1791366655.1582162,1791366688.0313027,32.87308645248413,174,241970,confirmed,
670,0x4341d0dD0f40BCe00C2c22D50D36c7E7Af9bAD41,node10,826c0b4e4ef00362d9204e25395a6d2f13ac560bcd6f2e29f61b4f0f1adec16b,2,1791366655.1624527,1791366690.299099,35.13664627075195,175,241970,confirmed,
671,0x20Ec157Aa6ed42ab01ed08FC697c0D8b88a0d36d,node11,2aad39db405845f762bfaf7cb8ff02cb99fbfd77062df31eb8e6cc134233759b,2,1791366655.1647592,1791366662.268,7.103240728378296,161,241970,confirmed,
672,0x6154231c8502EC468cE7D12524C42261a51AE565,node12,51ea693a6da11ccbb346498cb4e7350d26d3f547a46962632b4eb90d12fa8060,2,1791366655.1666608,1791366662.2829907,7.116329908370972,162,241970,confirmed,
673,0x3Dc1cd8Fe6A7bA38F5df1D81763a7FBa7025106a,node13,59fd57d0949baf0c095db16239cff0bf950d56cccc6ab1c5a5edeb989fef3a80,2,1791366655.1675637,1791366662.2742352,7.106671571731567,163,241970,confirmed,
674,0x48251C9D3A77E44fEe646FCACDf33433382cc889,node14,5fcd486f3bd33f763c296f9a5c0da01943721b41c682081eb00236e02a02dccd,2,1791366655.1707048,1791366669.7319748,14.561269998550415,164,241970,confirmed,
675,0x25D6d3731E83802462540465B13e49eFf13ad2B6,node00,f72a78c0c8270b1712ecd80a741ac0a4bc85dee5d05774ca8cdb120425b39ca8,2,1791366655.178657,1791366669.61827,14.439612865447998,165,241970,confirmed,
676,0x40F30a1A3eF8e372AE3436F7651878AA50D8613e,node01,e989b3bd46b13dec66a06265ba0e8ee0e0ed762e0a97864c8c5af39562e5be5c,2,1791366655.1812549,1791366669.7596555,14.578400611877441,166,241970,confirmed,
677,0x6eEDf476b36eCE2C3Dcf861c8D567ce25DDd0613,node02,690662a01925c9f166dd58216b66ae8e4d16a20411251003622a53dfd718c363,2,1791366655.1841145,1791366674.5240014,19.339886903762817,167,241970,confirmed,
678,0x44a9C1c0028f6a2Ee89CE340c2C0F24eaE10eaAC,node03,e262317ccd3d2e976f6c959c1af94d16e30199e342235cd83d5f6c577d17254c,2,1791366655.1960776,1791366674.4762397,19.28016209602356,168,241970,confirmed,
679,0x00585BdBe9362433d24b52eD32932EE302652537,node04,2b3d1d5bb9344e4c868c4d2a97043ae4e96e2e8ec8a53b3f9c82476961756f4b,2,1791366655.197992,1791366678.174911,22.976918935775757,169,241970,confirmed,
680,0xD913D706AD0a9516bd9BB7cdDCEf0223DB6754CF,node05,8b9a4777fc558f0bcb3b30e6c68a0d892b1f65d914b34bb7b63b22abcb550a25,2,1791366655.204093,1791366681.6488023,26.444709300994873,170,241970,confirmed,
681,0xe9e2394e3F381AbE0ac476a8792FF17a21B26ec9,node06,63684fbf7a585c7371fff29b0f286b1f8217f7aa25673af31bc8367a9898ade7,2,1791366655.2062886,1791366681.5657814,26.359492778778076,171,241970,confirmed,
682,0xD05052236F815A448eeb28E89D0ec6DeeD934acc,node07,71810e38755b5eee411f473095457ada151dadc1cf8d056fc4e3144494a886b5,2,1791366655.2110405,1791366684.2113981,29.000357627868652,172,241970,confirmed,
683,0x8692B0cE9c8e6a9d9f778c6FfAA2f761e6135b54,node08,6a4e06a481f551eba3d5353cec4a67252f3d0ec02185c57d45bee3f7f0388ca2,2,1791366655.2147663,1791366686.2582421,31.04347586631775,173,241970,confirmed,
684,0xbdC22677b697433Dc4c5d96da6517f252dAb68E7,node09,63a1d0577d9c92e1dde939469b8913c37659c92097f60fc55b2e29c3c91c6df9,2,1791366655.2201433,1791366687.862928,32.6427845954895,174,241970,confirmed,
685,0x9Ff30B01DaF67bDA5cB5d814DafF2f75dA19a9dA,node10,52f65b37a294195902eb9f3b0a8545ebfe55782a0acdeccfbf9b3c0a0030f3b2,2,1791366655.225113,1791366689.0346415,33.80952858924866,175,241970,confirmed,
686,0x2d6030d141c34E47d07E6aA9d7f29F914E7e4De2,node11,68688586acaa1449ba89cfb26467aa67dc943615f8a8cfc19997d74aeef4fd81,2,1791366655.2269583,1791366662.3302963,7.103338003158569,161,241970,confirmed,
687,0x25093610b7032A1F82153D2D75a763b3144cC7d2,node12,f3c8314ee659fe6c427ccb668ef3d203cb2ce308be734c5d2d136c2d73c1a31d,2,1791366655.234328,1791366662.3331301,7.098802089691162,162,241970,confirmed,
688,0x18Fc1FD4E76a723B5cb06b25Dd8951761446f3bc,node13,f867a00c3b113d79fd4f59904ad9dd8d3c60ecb4b540cf4dcddacaeb897c691c,2,1791366655.238439,1791366662.3770273,7.138588190078735,163,241970,confirmed,
689,0xd08DC77f18c2F3AFC3817DeE14bfC0F217E57569,node14,321f6018eb3c9f4ec05cf47acf4abb75f2677fd45009219b0cc67571139e0039,2,1791366655.2398965,1791366669.7545605,14.514663934707642,164,241970,confirmed,
690,0x2059564c7e18592c8cCA2e556C15dC8a1bB2A545,node00,2330d7bf9d45bb869cd5ecb7adf99a858b47e4dada50012e9771dea607732c44,2,1791366655.2437508,1791366669.6786492,14.434898376464844,165,241970,confirmed,
691,0xD2FC9Ba8D02fBE8Ca6Bbfd16471407c7deF8439C,node01,238bb96013feec2bafae540d7580b16a6f13bd2e4d4f2cb7a9a6a6c3d7152d1d,2,1791366655.246427,1791366669.880702,14.634274959564209,166,241970,confirmed,
692,0x040e624D388Be0b499119e14eDeAA2717CD229Bf,node02,62816230541a5dafa4adb1f7ac5b2e7316be793c875bb0b285f80a65a2758f3e,2,1791366655.2489493,1791366674.5190556,19.270106315612793,167,241970,confirmed,
693,0x985c4564558A2b91d512A28E839d1dA576934e80,node03,83e18eb7c4576975b8854db4cfbd1e4d1005fb278d3cd7b0f53155b6a00f62c5,2,1791366655.2522383,1791366674.5391116,19.28687334060669,168,241970,confirmed,
694,0x39F1986bF7CBD7F0503F1BEbDE1476aA1F1529de,node04,66904199d6ed1ed032bae0531b2e2902d8d87a3a44892598ec848881b84fe9b4,2,1791366655.2535071,1791366678.169586,22.916078805923462,169,241970,confirmed,
695,0x32973b760CfE80b81727e7981f28a32DcbFA0abe,node05,0b57c0cca4e35136a2e93114cacb254f3ff2aae1724311258d3085e57ef7458f,2,1791366655.2584257,1791366681.6177673,26.359341621398926,170,241970,confirmed,
696,0xBcE1e54A094EC8c9Dc8bDf7bcE8CeC174e7d47b9,node06,b95ad6375698c044a2ffc24e64fe9cbeefa0250e2c29cdfe91337331ea96205f,2,1791366655.261402,1791366681.6192307,26.357828855514526,171,241970,confirmed,
697,0xB57D8d5AECE2D3b3fCf232a823D34a0d4c38D01F,node07,edcd738845550b78d6ad5ee0f548c8f9a768b96c4edd09805369d17094e0f6d1,2,1791366655.2639198,1791366684.240587,28.976667165756226,172,241970,confirmed,
698,0x2B576dDE8B4D23cd19264bD46a052F8c0d49cA91,node08,29d47aba1b599fd13015d35c63fc29168abc4f8365f12b439024e0612a45fa32,2,1791366655.266501,1791366686.2640233,30.997522354125977,173,241970,confirmed,
699,0xE73C4640C4dd75169460a31E32822d2c12392E5D,node09,a2b99219289599a109c2cd553c252efb71a44c404df408c8c1798e29d38f5351,2,1791366655.2716935,1791366687.8593078,32.58761429786682,174,241970,confirmed,
700,0x6eaaf6dA74d80c2e84a62Ae072F7f91CaD50F8C6,node10,fd909ba3dc0f833267cca07a9249f9e5a8e574fd41ff8166746545ce307bc2a0,2,1791366655.2742527,1791366690.3364997,35.06224703788757,175,241970,confirmed,
701,0xa6DC980690C3AF8B940D3C6966ea9635534917a4,node11,d7f4c2d98be1a4ccef7145398608ea2697dc2230babacce2fe2d32917284e5ee,2,1791366655.2770452,1791366662.388322,7.111276865005493,161,241970,confirmed,
702,0x0AC66584C07B7F1052471330C0Be98e325d1486d,node12,b56dc73d7d909ebbdcea64ef25b43d36090ddf4ca0a324d8a03c7938ca1483e9,2,1791366655.285284,1791366662.4693727,7.184088706970215,162,241970,confirmed,
703,0x3b6434812a0De4d7C06D5FBEA1960F8a80e68686,node13,7fa289644486d0a81a58f6c117806efad094bd4f126305394a0d050146efedd3,2,1791366655.2938104,1791366662.4703329,7.176522493362427,163,241970,confirmed,
704,0x7A7C9AdbEc72A85d859Af596f38aEE2a6f12c5a6,node14,096ab196229b57aa08e47f701c9854527bfae6c5993d94635f70fdccbe5a28ab,2,1791366655.2971637,1791366669.7936602,14.496496438980103,164,241970,confirmed,
705,0x8d60F150E4Bf0D2ff23b21b1Ca7ca2b9EF1a8E09,node00,3f8d4b281ef37a66dbb4ee84bd4eb6f2977bac1aecafb1fd906fbf93ca72b5ea,2,1791366655.300155,1791366670.0042408,14.70408582687378,165,241970,confirmed,
706,0xB30323352AE26AB015fB9Dd6283491C6a9AA160E,node01,8a59eb45d72054b76fdfb96e1e8bcbe52f6a39946050561b10841e6c9f964aa3,2,1791366655.3041818,1791366669.8427901,14.538608312606812,166,241970,confirmed,
707,0x2Ce8F6D4a92174263366f0CA34FC6903eE888b36,node02,28184ed1417566287e7a6c937d6ec554b75ec32e94a145d7c130bcabec16e8fc,2,1791366655.3077419,1791366674.6072724,19.299530506134033,167,241970,confirmed,
708,0xaEAe24e774cb759Ab45f5de8390c3FDEBdAb12E8,node03,775cced6013686bee074f83494391bbfd2ae35d383ed50227b2a0a155e88c5ab,2,1791366655.311654,1791366674.6090386,19.29738450050354,168,241970,confirmed,
709,0x688C3344A4CCb7dE65ABa74BECBc33b67773f79F,node04,0bb7e2432435d655d99be8d41180c6bca1a6be509c2d3876b0eb4989d969d5fe,2,1791366655.3178473,1791366678.466296,23.148448705673218,169,241970,confirmed,
710,0x8a84D25B7C899d7B9f55a3e04f0A47861F90D637,node05,aba951faf8e0b2afbb12cf1bc60749bf2c5bce5ab4761ce91c13fec112e60d1c,2,1791366655.3265278,1791366681.6254065,26.29887866973877,170,241970,confirmed,
711,0xf4404A92690b4171848FaF400164aAbFD47596FA,node06,1fd39afe5bb73c84ffee46259267dbec7b1b5fa6e41e7c15815681d59f080275,2,1791366655.3308299,1791366681.695668,26.364838123321533,171,241970,confirmed,
712,0x20c4e0d4Ade48835aF3E09096CfBca097D48e5A4,node07,cd679fc01790696224eb86cbf6efd99abb1d578e60c3dfd065fca8ff519e8ec5,2,1791366655.3325443,1791366684.200828,28.86828374862671,172,241970,confirmed,
713,0xC309413462f107abC724A92F96326A850e9138a7,node08,6748216f144f87b523e1de1b7bc01ad8c33e39ca0a46165787fde59f7c129661,2,1791366655.33665,1791366686.261528,30.924878120422363,173,241970,confirmed,
714,0x86bd4F871Fc8916AA2FbDFF431CB49B9c01adA31,node09,f6900e2efee8e1a4fa88ead15741eb71d2dadaf2c9b9e02afa4a9dc1cc4be558,2,1791366655.3385918,1791366687.8431232,32.504531383514404,174,241970,confirmed,
715,0xA42cbF174b834F35497945F551566Be6Bde130b9,node10,abbcb45850f14f0b35b9b6496ee235dcd0f90e7a639a3008536d3889455120b7,2,1791366655.3421614,1791366690.3187313,34.97656989097595,175,241970,confirmed,
716,0x16dFb5b9c3959B54A33aBbACeaC4377db41CD115,node11,f40397286eb7fd5b795c229440001fd322a785529bc41e082d227c2179ff8794,2,1791366655.3498688,1791366662.5632443,7.213375568389893,161,241970,confirmed,
717,0x433Af719543941C4C19B116A3E01dF5eE4Ce05A3,node12,7a43ab7f736f7e2958044d501edcea9722ae61fce5838f4117c919f044ec526e,2,1791366655.3508344,1791366662.5692863,7.218451976776123,162,241970,confirmed,
718,0xd88574567A18Be14B31233ee4F6527093A4860e6,node13,253bb644f8063f9a6506c13d533de0fe0cdea51be14de74f2b6b2c855722bdc7,2,1791366655.3689864,1791366662.6324396,7.263453245162964,163,241970,confirmed,
719,0xcA92594Fc14252253f4fA945035662dC3f0f9c12,node14,b530005d6babe3b9a82effd562dcdfd1f76b4fb141e052c794b0a054b98e8c08,2,1791366655.375038,1791366669.8314037,14.456365823745728,164,241970,confirmed,
720,0x2162fDd54E052c280b2f8F2CBB66a882961D7c00,node00,c2d89a30371678cb9f81aec8174bfd02c08b0155bee695dc20c04b6084f64751,2,1791366655.377031,1791366669.862992,14.485960960388184,165,241970,confirmed,
721,0x7FFB73160375140BAADcC5C4775c3e46750A8F3a,node01,24b121adc8df899e190ef634974ff479421133213cfd9af466d320a47c8f5dea,2,1791366655.3859448,1791366669.8248239,14.438879013061523,166,241970,confirmed,
722,0xe3BeF8e3264880706a10A871248987955eDFD40d,node02,416c4185444b08fe9ccc738413c27a72e2eb9ea92a49bcf282f52e459680a56d,2,1791366655.3898554,1791366674.5946064,19.204751014709473,167,241970,confirmed,
723,0x30A155d551b8345723CF91f8327F33B5ae5caBba,node03,9188a96c179e2d16960b85a14af9d50c425e9cd4f39c2bba29869b4d49145a6c,2,1791366655.4009871,1791366674.5418327,19.14084553718567,168,241970,confirmed,
724,0x7e95209303335CB94d41cB16B14af07BC374DdB6,node04,d4a005307f7bbf6c6d8346135a40280acf31beb4c07032de1945a5d168a6b9a1,2,1791366655.4024537,1791366678.303077,22.900623321533203,169,241970,confirmed,
725,0x3e145390c2D65C23B6a4DB746eE7c5DB32DA570e,node05,d472fc66e3325ac1c1f3b79e997be4b92cf17821177209932d7013019e2e739c,2,1791366655.404988,1791366681.7270472,26.322059154510498,170,241970,confirmed,
726,0x28D118E6b78D278a48c0514cFAbB21Fad51f45b6,node06,57b543a8128121d2e9238f1ce0cb6da62806cbad8fca8d37f9daec8344089a8f,2,1791366655.40896,1791366681.6922328,26.283272743225098,171,241970,confirmed,
727,0x83be64FCD80826c16C9B8E4391d6FF06611d35Fe,node07,4925dcb7134d78229b7b5c3119679005f4426d8bfcc89001f89e0179cc3cd0ff,2,1791366655.4141958,1791366684.4304512,29.016255378723145,172,241970,confirmed,
728,0xF52f4831a4c2b8Ae264bc91F92F5aa6DE3B2C5CF,node08,ea81dbe5463e686b65dee7e7cc3fcc9a96f51b9b0f4960da244e85afb37fff01,2,1791366655.415574,1791366686.2533622,30.837788105010986,173,241970,confirmed,
729,0xb360C1d3Fb059E7116fb44042538EE38Eb93383c,node09,d44fc2ea1d78ab0a0936113dbe5e6e7e352a3ed0cea02b7139c9b0174a6e1b31,2,1791366655.4205706,1791366687.8655784,32.44500780105591,174,241970,confirmed,
730,0x252d869733Ae0e9bbF19C346F9421cb65B1D5057,node10,f35e8b709647a4cc0cc3a56aa07634956552c59d2d047c953e369c4da756c1d6,2,1791366655.423779,1791366690.3310935,34.90731453895569,175,241970,confirmed,
731,0x270961923251b8999470c6D56e7616fe16A24104,node11,0d6f63e4e8f36df7b40457d46b3145cee5a4708add2d2a0f0f3e07784302cc4b,2,1791366655.4317636,1791366662.7882643,7.356500625610352,161,241970,confirmed,
732,0xc580178210A5B8e7a343E1035898307b9840D00f,node12,5c2cb2276dca874a8f2bdd991c30fec69a1e4eca9dce733dd7694fcbd7c460a4,2,1791366655.4407372,1791366662.7081187,7.267381429672241,162,241970,confirmed,
733,0xf8c0B38cb80cb713ad24D07bC26234e538646b07,node13,a5a009513b00d9aacac2aafc1e652fe1711d38ac9ead90a17a9b0fd6e74f66b9,2,1791366655.4439075,1791366662.706141,7.26223349571228,163,241970,confirmed,
734,0xecaB848eaDCe5C60f71f1Fc0B3B151a223E78dC7,node14,a63f718d8b6440629723f80ce1935a99489140d27cbaaa21a73707326fdea894,2,1791366655.4509132,1791366669.840581,14.389667749404907,164,241970,confirmed,
735,0x48f4dCc719384aB2F509b74f1603C5603171d2D8,node00,da48130f6c9f7c50f400fde9baef6f807ab096a82f97e780e625a7bd2096678c,2,1791366655.456932,1791366669.7879713,14.331039190292358,165,241970,confirmed,
736,0x715ab6a578be354Efb688cEa76B0D2b82Bd6e1Ce,node01,6cb08876d4c57a69cf48fc31afc01e6c064d1227ac307d0cd4f613320066293e,2,1791366655.4612372,1791366669.975887,14.514649868011475,166,241970,confirmed,
737,0xe5655462FE0652EcB5652d985f7dF79c23F6E402,node02,721103339bd7fcb67f3b8c0fe1b7e468e5fbdb94dd98a632c308244ba334161f,2,1791366655.4656396,1791366674.5829408,19.11730122566223,167,241970,confirmed,
738,0x9c2515523E53738c3a4cE828dFd40a251ff31af2,node03,c9d30f12885723109780b0e0c37b83afe11ed28381752f973f14734af64203fe,2,1791366655.4674423,1791366674.5477765,19.080334186553955,168,241970,confirmed,
739,0xb8e6852D3E48C171B41A7179E502Ad9E36F9f525,node04,9bd9645e64714cc2950450e51dca659b6de1dde8c01d64a533b0b17d61aeacf3,2,1791366655.4751823,1791366678.3517401,22.87655782699585,169,241970,confirmed,
740,0x32904Cea818B048d44D0f39D91D351dED5873e16,node05,38017e520de8bb47e5cee2ac9aa15765ad56ace09aec3e76f2c01b50c9d20241,2,1791366655.477964,1791366678.444988,22.967024087905884,170,241970,confirmed,
741,0x063Dad75b91dBA560D177E5f99c5881848ccf56E,node06,57f44635d6540051b9f92aa1b3674db5d08629e2956bedac472e479136e8a25c,2,1791366655.4807234,1791366681.6544,26.17367672920227,171,241970,confirmed,
742,0x1a651032bC6f05479C350Be9aAFEB44D92c4903B,node07,5954bdc100780b2d4e3589d6379301338fa5d0e6932cd4e9063c410db858b50d,2,1791366655.4832213,1791366684.4104416,28.927220344543457,172,241970,confirmed,
743,0xeb2A9541bE8eA48098f964ba2FFF5CAb41E336e7,node08,cba6d24b49175e0402d28ef9c6b31afe370fe829d32d5fb08e341dd7448c1001,2,1791366655.4859095,1791366686.2881875,30.8022780418396,173,241970,confirmed,
744,0x356146D5349584a23f6095E16371017C7FD0F073,node09,a8f185defbceb7d9ba8ab9e4153e86591460b24952a64886af297379fdf0b3b2,2,1791366655.489305,1791366687.8792596,32.389954566955566,174,241970,confirmed,
745,0xc22249E38A16dE197D2e75F9f2c2A6EEd8A2B890,node10,4e3c608082bbf38b952d06e8bcbfc3763ec1eb4619774a8b7b6cb028109dcf64,2,1791366655.502412,1791366690.3281085,34.82569646835327,175,241970,confirmed,
746,0xf2F85c2fF6b4010aA8D44A97Db53A0cF92003699,node11,306bd356b8ebdb80decdf6895a209316e2fa7d478446cc563d85661fcbcb4934,2,1791366655.5063217,1791366662.8427544,7.336432695388794,161,241970,confirmed,
747,0x294A37054f41Ab6056f48Eaf7e5398657e615621,node12,7dc0672f42717f0d958985b20712da9d42fcc264b6b0f47be928045e9ce62cc1,2,1791366655.5093222,1791366662.8617492,7.352427005767822,162,241970,confirmed,
748,0x0d0c483afa17F1D8fDA96CabE2Cd9Cbe12cc835c,node13,66cb510a1465585d1bba02c5775af365694817afb26833c5992dec95581cb743,2,1791366655.5180068,1791366662.8905766,7.372569799423218,163,241970,confirmed,
749,0x5667066a24B4C4306E283567A247B2E332D2B8dA,node14,10db5089877d03ce6d859946c1e569229376bbf1735dd4cc15d7da5001473f20,2,1791366655.5244765,1791366670.0380132,14.51353669166565,164,241970,confirmed,
750,0xea96D43A8f20C0464e6A72Da91E8e49Fc3112D9F,node00,1a9392c5b3962c755583df1a6057bcdb4bf0a825aa22c8f3369753a05a656856,2,1791366655.5315745,1791366669.8715954,14.340020895004272,165,241970,confirmed,
751,0xf4eEFAF926737331d108fdC04256eB6CD54373d1,node01,05f6c224dac6f0c9b588b66dbd0508f93e5a428806be6b6404dcc48d20f2cbfe,2,1791366655.5356224,1791366670.052824,14.517201662063599,166,241970,confirmed,
752,0x0fA28dAB8b96e82Aaa83cE3A68c9b7bF35AE758F,node02,21728670e379ba743f27f8d80c7a62efda875efe26f6b9019b33708c2450a4bc,2,1791366655.5422766,1791366674.7009118,19.158635139465332,167,241970,confirmed,
753,0x6e91d60513842d9DeF8561791b4512Cdd5D3EB90,node03,e0d149630aa69f441b24b1a1f8094cbbfa01f7b248135ef50997b5f0e473e3d8,2,1791366655.548651,1791366674.5493448,19.000693798065186,168,241970,confirmed,
754,0xA83b78454070BB0E32714bE8d6843A8a94F071cF,node04,31a38408014428f9d7e104558c85430428216bfda0b6d63db330877066d24717,2,1791366655.5682209,1791366678.188661,22.620440244674683,169,241970,confirmed,
755,0xA9E5771fF37E4a6c7e5bC908faE47bE8AbF1f5d2,node05,2c8dd4969cb7815af1cca08a5457fcfb9feb03063692bbaeef75c35f17b057ac,2,1791366655.5733445,1791366681.9334126,26.36006808280945,170,241970,confirmed,
756,0xDc9DADC1F3c8AAe4354c90d77FBDF18995a44B62,node06,2563c51bf2de8a76a2b4b56ba2a56941dfad26955b7162c5a04e30db6305164f,2,1791366655.5822353,1791366681.6568546,26.07461929321289,171,241970,confirmed,
757,0x7A512c7cD504516D939e070E7cE87d9aADDC811e,node07,94a5a660491a1ec5b182fd25e0ffc7899de90cab082dca2ede83194792262e27,2,1791366655.5872357,1791366684.247545,28.660309314727783,172,241970,confirmed,
758,0x30B85Acc0F1f723c2b4a4e918f0FDFAD19baa9A0,node08,7addf985b3b00d1b6eef06f48a6dfe13e0eeb8372c493fa92d547300f8d29e48,2,1791366655.5922432,1791366686.5044029,30.91215968132019,173,241970,confirmed,
759,0xe8a04eB02d1F6DCEBf7c44b645dD3C8d478e4381,node09,8e41cbf142557e9385e98e89f18671c6f08f159c85e8e9a36329efbee9ab0d3b,2,1791366655.6094642,1791366687.8855445,32.27608036994934,174,241970,confirmed,
760,0xe804d232989a1E7C1b2A737B049F2ae1E0b133CB,node10,5beeaf46e2212b99e9a7ac10c3faf7ddbca64d0c1a7449f7ada787739670d1dc,2,1791366655.6169908,1791366690.3914335,34.77444267272949,175,241970,confirmed,
761,0xc71ADEb4C79338eeACbDe81e030Ba8b6BfdbC5e6,node11,e5d71b1fb995fe15d0a771799d227facde7d50dbd3ab78b3fc900c55a9925390,2,1791366655.629218,1791366662.9297316,7.300513505935669,161,241970,confirmed,
762,0x289b389e995660eA3133e3672fa9424C46AEA28e,node12,f29c03036351cdaf1b1da2ba9fcfacdfd11ffcff2409d0d2a05782ff95569e42,2,1791366655.633431,1791366662.9565837,7.323152780532837,162,241970,confirmed,
763,0x53E1cF17FDFB90E28eb7f66b80e882d97ff64814,node13,ae37a3ce4d757ec732e2e1d058fae85708df6c1b837b693948c89b5220546336,2,1791366655.6406507,1791366662.9485266,7.307875871658325,163,241970,confirmed,
764,0xfB63f723aAF8e1A1De66E677dD8CCcAE12d899fa,node14,e1c1a38ac4041075461184a8f81c7156d7a9c62349fe18b0cfab29f404e93317,2,1791366655.6458457,1791366669.9967694,14.350923776626587,164,241970,confirmed,
765,0x9e5648B724765eBe9815F07c5db81Aa0b814794b,node00,7a4cfa7cdf94bd852e69a55a93a61e0ff621af860df98d5818e741faf1e53a67,2,1791366655.6528301,1791366669.8853676,14.232537508010864,165,241970,confirmed,
766,0x679217eB75a7752d542FC6e62F92FdED04e7c145,node01,d7d575761438862501a1b191c04d05a172e19fb974b910afb19201605b61b016,2,1791366655.6606207,1791366669.92826,14.267639398574829,166,241970,confirmed,
767,0x5325925bF1bf47ef62E46bB955FBE7DD8c75D5d9,node02,4120282ae3a9ec58506da68c7e644b94cbc711c2e10e00b84f78add906fc966f,2,1791366655.6614823,1791366674.7368014,19.075319051742554,167,241970,confirmed,
768,0x7380f484999e6EaB489C36608b2F9E5E6Afb4842,node03,b4d47dd5a8c2a79afe9491ea59422a5adda8734d84947861deb0747eea290c23,2,1791366655.6650243,1791366674.5213501,18.85632586479187,168,241970,confirmed,
769,0x38C449ba3889b3EF690b04e6Bc6564e4b80D7149,node04,70c6119096380d69a0a7fd2f34f5de4064d5c920adb65255a5fea52012c27252,2,1791366655.6722794,1791366678.3187335,22.646454095840454,169,241970,confirmed,
770,0x669a7561863e1405cb59248427F4a5F52CF76cAa,node05,1dd2d0b61269f06a18b4ab080c70e98311c953c535a80ca927ac4d7f0270b7a7,2,1791366655.6761816,1791366681.7367225,26.060540914535522,170,241970,confirmed,
771,0xB7f96f2C65E534165A335EA01202c73205060cDC,node06,9c7d6478fe5a891cf821291d3e7468c25b00165a650d3e1532c1ec28ded859a0,2,1791366655.6770134,1791366681.7925103,26.11549687385559,171,241970,confirmed,
772,0x665C20b72Cbc76bE08379150CE8443b3eBb1eC96,node07,955afc18fe52ce5becd4f79dade29e7ac7a86e1bce53ffb35c68c57cafd20c33,2,1791366655.6849923,1791366684.3869724,28.701980113983154,172,241970,confirmed,
773,0x706aed27A352118396b913724aD8552Cc5b67740,node08,ca1f6b0a41c2f047328356f83194e24026d945350b5266eaebdd57e46883a5c5,2,1791366655.6942844,1791366686.3198617,30.625577211380005,173,241970,confirmed,
774,0x6DD17FAb804e88728B9A268004C2d0BB74C52A9f,node09,821f5f505b83e43c0fc365c201bbd5b86e8446de2b51f811cb91f1e8c17800c8,2,1791366655.7011604,1791366687.8710203,32.169859886169434,174,241970,confirmed,
775,0xC7fF4aB8C9B3dEde306642E79211D9b53c0418Fd,node10,0fdd0a3a59ae30109296040e7a57ca74b6051b895adb141d880b662a595b3ee4,2,1791366655.7092693,1791366690.3030515,34.59378218650818,175,241970,confirmed,
776,0x7C980789C6410b225FCb86581392cD859466cdA0,node11,47866c63199310ffcd54251c9f0cc588e821c7646ac6538f18570c2ebb42ed84,2,1791366655.7150364,1791366690.9181268,35.20309042930603,176,241970,confirmed,
777,0x45b8ADFd9d30a3f7D0236D5286606C2e91114F2C,node12,63e0165941a08ec4cbe397eef40e32445436f713c8b27738f5d305d98f365dd0,2,1791366655.7198052,1791366663.034585,7.314779758453369,162,241970,confirmed,
778,0x651A0c00eAbf3907f4618F959C415B45357e055A,node13,60f47582913b17738ff068e861390837dbb45cb6143ccc6bae1fbab779b61296,2,1791366655.7299848,1791366663.0337062,7.3037214279174805,163,241970,confirmed,
779,0xd6b6001Cd1cD9Bdc5DB1EC3620e29A1Ac6CF8756,node14,326d1e93a7755a023b2a976319cf50fc4953aaedc0c2921c0e5b37e5e7d291cb,2,1791366655.7335043,1791366670.080554,14.347049713134766,164,241970,confirmed,
780,0x7D8B5c0b66523171687c97224D7291Cc166dF009,node00,037dd8577471fc7b1d8bbd50efe9e89f5218a8810148afeaf5192d85286d5181,2,1791366655.7398162,1791366669.8925612,14.152745008468628,165,241970,confirmed,
781,0xc14c13a47D7Ee881fD08655efEb754DdC7A0547D,node01,39d1c6f3818cc40055913aff983f7ec0c3a4698aa6613c359119768de0577896,2,1791366655.7501316,1791366669.9038444,14.153712749481201,166,241970,confirmed,
782,0xD486E57eFBfD1C2a3caBc14F3274c82a2c7AA2B1,node02,323695ceea96ba6912e2d214fc953a4b87de2d7afae40ac85b1ad8735e7b8dae,2,1791366655.7612767,1791366674.6211534,18.85987663269043,167,241970,confirmed,
783,0x6B70da43b283aF98FF704410C6DFD6401f565aF6,node03,ea5e74ecee91fe11358d522d718a7053e838512ea94bb30aafccbcc1efdf53b8,2,1791366655.785252,1791366674.6917577,18.906505584716797,168,241970,confirmed,
784,0xAC74046EDe7CBFbAB380054b7adfC2Aec7272A5f,node04,a5cdcbea8a5ff87a8791a3c01a64252ab78a585bc30399802416e1a9018e35f5,2,1791366655.7892523,1791366678.4631848,22.673932552337646,169,241970,confirmed,
785,0x4883a1D12E80D7562407128798E425222d8D029A,node05,c1f3a05338f45f9ed885614a4a10c1505e723b305c76a0b561210767f03aa6a7,2,1791366655.793525,1791366678.4744818,22.680956840515137,170,241970,confirmed,
786,0xF6aCD2bd8cD63B2621C094d0DFDFbd50c7baB1f3,node06,cd217729d91e17b9afb1886345613c98080a2bf9d0534a286ff88f1c5ff8d2dc,2,1791366655.8184419,1791366681.668782,25.850340127944946,171,241970,confirmed,
787,0xF2eaAfb226b1941E343325BD64878Fb15ac20C0b,node07,17aa6407860d9171002b09af09b76c2aa80600a7b025870bcac0714d164716f0,2,1791366655.8293264,1791366684.3013034,28.47197699546814,172,241970,confirmed,
788,0xe607d07A70F5C9ecb5a458d6cdf346A8E92136F6,node08,43c6902fa0661e67dbeb0896c196bfe2d70d670a6741680b7eab806407778b4d,2,1791366655.8336804,1791366686.3078282,30.47414779663086,173,241970,confirmed,
789,0xd141326c360f913b30a92D2EB49963dA67a88718,node09,108715ec026f9657ff7d581da4b249ee9d2b73e4b3883c9cec82529b8c43b2cd,2,1791366655.8397074,1791366687.873343,32.03363561630249,174,241970,confirmed,
790,0x4b78900774e747F973b4eE270f66B5bF3b0dA7B8,node10,ec78654bb8d158a20807e4ba86631e57c859566772b5b3bf76eebd1c79fbe801,2,1791366655.8437326,1791366689.1028252,33.259092569351196,175,241970,confirmed,
791,0xAA851ae52C6FbcE098dE421b4D74508a9Ae72742,node11,32cb7009164487a4f330cadc15a8cab5ed4dfb3306916c8605a5029f54bbe5bd,2,1791366655.8509524,1791366663.0595653,7.20861291885376,161,241970,confirmed,
792,0x2cD01063818493ef44e89FDa3fB8A0c558009e61,node12,258c011c2d71f12231d54fbebc941320f07eb2e138915351d294ae32fe7f5506,2,1791366655.8561566,1791366663.064055,7.207898378372192,162,241970,confirmed,
793,0x6CEcdC0D2755f993E9dE204A1FBE72eEe8c6F0F0,node13,554f3dfeeb171804b133052c459c2941a9245e453ba521d3b1165d81ed5b2694,2,1791366655.8715003,1791366663.0718431,7.200342893600464,163,241970,confirmed,
794,0x1aA7485c687704200DB9B3E79c1BE2a68A10A18E,node14,895381f0b87d25c970ede37241000ae11708de28ec51cae7395071d3a012f424,2,1791366655.8839273,1791366669.9560046,14.07207727432251,164,241970,confirmed,
795,0x571D91fDE943262A220b31E97fa776d60d69D49A,node00,40291943f09330020e0dcadf74cd4dde583e5a40b7211714e1ac14cd4be95232,2,1791366655.8857932,1791366670.1249013,14.239108085632324,165,241970,confirmed,
796,0x872Ef822d9cbd48358cc94F1d7FBE94B6F7030B3,node01,754789dbf360bf924a29912978d8a94738e885ea95099267b0598cfd21122c1d,2,1791366655.8881161,1791366670.0798106,14.191694498062134,166,241970,confirmed,
797,0x78836220310e7444496fff8951026013264164E3,node02,8eb1b6ec83388e801feec6b24a99229b275c0c60eac2d72b05990b66776e44c1,2,1791366655.8918438,1791366674.6644936,18.77264976501465,167,241970,confirmed,
798,0xD56D2b33a337a370231Dc88619A0e796e6f062C9,node03,0fb4ee7d3d11cfd3726c6559b99b6d3bf341ffb12a34e0eaf3fcc466f34ea4be,2,1791366655.9083407,1791366674.667122,18.75878119468689,168,241970,confirmed,
799,0xeb9179FFC9660282D155068FD4045f5653aE2e45,node04,0cf9db93d13ed4090025dc9d7abd6e6bc52da1f192a2b6d1286aead4c9dbdee0,2,1791366655.9266467,1791366678.5014648,22.57481813430786,169,241970,confirmed,
800,0xE2c10AD82b6789F54bE515460004abbFF266d72E,node05,f363bb54bf88a9539b40fd5a5e89422c0fb413be85ded8c9bfa863d4a8290b8f,2,1791366655.9318082,1791366678.7052977,22.773489475250244,170,241970,confirmed,
801,0x6C8F89C535Bd20C9a7583CD2793497FAD54964D9,node06,c7a152c601733a4c2f7d76859401a1af630ed2387e180b42a154f8d9671ff037,2,1791366655.9545054,1791366681.7382426,25.783737182617188,171,241970,confirmed,
802,0x78EBa7a3CFD88D61E3C168365520ABC8e66A9855,node07,2a3ca86e41f96d1aae56cdd4b99cf9b45da160f8c3439a332524aae8abc72e65,2,1791366655.9591765,1791366684.4742837,28.51510715484619,172,241970,confirmed,
803,0x2996f3355B108b37eCd14126A6f50E03cFC944c8,node08,ac8d995d2a97a874dc2f29f63d4bfd8fe3d3b2930e64ddb5b27f86e01867559b,2,1791366655.9656112,1791366686.4153593,30.449748039245605,173,241970,confirmed,
804,0xdefA05b3C92646A72CaECC5f65a4cbe9c3Aca37B,node09,71611055d3394754b7d2c1966d5cbc6baa63448131b1d97c39eab524ba3f080b,2,1791366655.9704926,1791366687.9109552,31.940462589263916,174,241970,confirmed,
805,0x8D5f143b4ACB6491b1085E5f9836D3633699d3f5,node10,9e0e397a27bb05a3e58ba64b39143da9fa5a8a37b108dd58c178f48626547b9e,2,1791366655.9765217,1791366689.028034,33.051512241363525,175,241970,confirmed,
806,0xcC06c9BAA7140E71aeD76CC4550914C55b5661b6,node11,2b44855eed3768b87dde67f595caedc12d4cf6b1e4f1ce8d05dca07451d69c77,2,1791366655.9861743,1791366690.913214,34.9270396232605,176,241970,confirmed,
807,0x6cC570cc370C91A40668a5a7D68E3A3Fea9Eb7A8,node12,d0c2b4470761b279cbb363280d5b61a20ad67894885e4d5b90549de5fa101db2,2,1791366655.9922113,1791366663.093219,7.101007699966431,162,241970,confirmed,
808,0xbeBB99141f5DD5873Ba982908424283bE6521243,node13,788f98bdc3b47bc4124e981f030777b670db37968b7e08b57200ea4bdbf8009a,2,1791366656.0031824,1791366663.0882947,7.0851123332977295,163,241970,confirmed,
809,0xad82eEE1D70CEf6b14D9365B6D0DED5532a869c6,node14,2198c94557b376ef8d6dacea580aa666f8f22543fe4bd0c6d61b590074bf2e91,2,1791366656.0073054,1791366669.9937034,13.986397981643677,164,241970,confirmed,
810,0x601ff9D82a26387D8A74e7Cb3B98F9c24121749B,node00,27763350d558c267b551f3f4757743e1264fe2b8f5c85deec4562e72a1f279d7,2,1791366656.0247767,1791366669.9724936,13.94771695137024,165,241970,confirmed,
811,0x80f5a0821DC80fE01Ae4C2db69cE111eBA326916,node01,ab57d34be794905c97a9cba9910f74b319eb93a3dc278fac94898ea9467726ba,2,1791366656.02885,1791366670.0707505,14.041900396347046,166,241970,confirmed,
812,0x9aCcDc93a275C088d8EAaED68FB1aA41544E5078,node02,7a7e2f851926bdf432144204f28024a1fbdfa5dd2c0a93f498ee0ef94492345e,2,1791366656.032727,1791366674.8585048,18.825777769088745,167,241970,confirmed,
813,0x0ECF342586f3b2030111f6CCF9415147703b6993,node03,09bd4904093e38bc9b27a18a869150b5877d3dcad1ab7a504d5e3a4e80a19885,2,1791366656.035299,1791366674.760673,18.72537398338318,168,241970,confirmed,
814,0xddDb08B532Cd1b5c8a500268d530A02fA418C258,node04,e196c7831939794c1a590c9457a0d503118b501277593034cbc57d83476009c1,2,1791366656.0405536,1791366678.2905374,22.24998378753662,169,241970,confirmed,
815,0x1a836Bf4854f1D20B855B2791Af983f4063596B9,node05,8cd227e92d2bb9fd9dfa09e5a20c181ffd4aa2afdba1ddf897af37a547e2f2fd,2,1791366656.0510652,1791366678.611286,22.56022071838379,170,241970,confirmed,
816,0xEcb3eF4450A7A79f93F0D81133040f0A0BCFC5bd,node06,4c7d7f57eb7b46faf2e30c88ab9af40eb3070b9d59fbd006436ee08e40904c6a,2,1791366656.1106675,1791366681.7413383,25.63067078590393,171,241970,confirmed,
817,0xeCe2697cB99B8dBf5617696DBc637b70b128f60A,node07,0b558e899e47a7aac524aaff4427f78a419e92d66947ba9844cad84a61808e00,2,1791366656.1163754,1791366684.3967054,28.280329942703247,172,241970,confirmed,
818,0x30FC70cE26bc04eF5ac66C52317c8812aB2aa9f0,node08,2e645fc88ed3eeb9968faf844dfd581df92e8c2aeff73dedb923e8f7ad65ebfc,2,1791366656.120409,1791366686.3131838,30.192774772644043,173,241970,confirmed,
819,0x7a8E5F268db1a9A25E48e3D238c80075549Cad38,node09,f202f60b82dab6ca136432389adb6eb51879b0334afcba752bd9e01674342699,2,1791366656.1235178,1791366687.9481878,31.82467007637024,174,241970,confirmed,
820,0x306C114Ed2A1Cf48cB734670eeC2D583B3B96050,node10,018636971cc395cc9671dd35d6106cebd9f780543c37fa7877dc66c407b095b6,2,1791366656.126379,1791366690.3900554,34.263676404953,175,241970,confirmed,
821,0x710eBB622C9b7a4183B798bA23A10CDC501a2b17,node11,8c6cd60e5ca97844adaa406e90a5a78d3a3da1cc2e2f1c36d2f87a40b9cae276,2,1791366656.1300278,1791366690.876269,34.746241331100464,176,241970,confirmed,
822,0x81cd92501973F3e5a9040533f59f3ac888531e39,node12,9b8021f79688c99e568adf270d84585b8e455f1714fdde085457ecaf68e471eb,2,1791366656.1318126,1791366663.1244006,6.992588043212891,162,241970,confirmed,
823,0xF217c37625E05877E7255C4C68Cd46aC5835571f,node13,e6777aaa09cb1e6f5275a157b807f328872e5387db0cecafb76e2ced982bca2f,2,1791366656.1439345,1791366663.1687005,7.024765968322754,163,241970,confirmed,
824,0x40e8535F1A08429cD119357Acfb59c1a8342e9C3,node14,a8db02dd4c47eca3d94551f3f4cfa5c2ee65e917d686f51678dfaf5c448d315e,2,1791366656.1560266,1791366670.1230643,13.967037677764893,164,241970,confirmed,
825,0x755ceD3B89eFdF4F90545092Ec338cFA27D2ea27,node00,f10845824e7ebf90c2cd986aa6d0c634e3a6e85b87deca0da94b1c5d8a411e62,2,1791366656.1631618,1791366670.0649505,13.901788711547852,165,241970,confirmed,
826,0xDB2742db7148A46369343F0efF7D1322De250FfD,node01,7ad66900fa175f22be8c285e18f6cc11f6b1b982bc24d5e1eb1506d9438b5ceb,2,1791366656.1658258,1791366670.0733764,13.907550573348999,166,241970,confirmed,
827,0xC6BA2D4dAd5a27a7e32eD23Ed1886296A794344f,node02,d887fcf3c343dc72e7a42f05fe038b57706e63177f666a3bfe0733a257a3119f,2,1791366656.1688697,1791366674.732239,18.563369274139404,167,241970,confirmed,
828,0x9Daf90f13e424C9a308260819787Aa49d205AE29,node03,749e42534f2bb66c62a09020b49b0f0c9540ecb947129ba270b4e3ac7974abfb,2,1791366656.172648,1791366674.7838836,18.61123561859131,168,241970,confirmed,
829,0x98Af55bcC7cb5218ff2e4286172f66e57426540d,node04,d69e6c32d105348d5d771c6af9886e1d78d1f3c26a05e1a13fc50199ccfdc4f1,2,1791366656.1758144,1791366678.376446,22.200631618499756,169,241970,confirmed,
830,0xbc6A75DA367f36885d9fe7961034837e8B059c89,node05,fde80691dfd244e69984737a3ffdf7c107fbd70cb673edd846d6cbba5d223c82,2,1791366656.177983,1791366678.3087656,22.13078260421753,170,241970,confirmed,
831,0xFf67FF94de67dC63E3EEed969d34f3bB1Db6Ce7e,node06,d60d72c97bebf7d73be2aea0a40968ddacc45b416143fb1162b1c148a99da73c,2,1791366656.1804397,1791366681.7855227,25.605082988739014,171,241970,confirmed,
832,0x8A679F1cBBf007cDf596a914CCF7d2a845E67b77,node07,e36f65a802c3a683d1adbb516df1fdbd32dce60fe0b148e50f23cb7bf050897b,2,1791366656.1830146,1791366684.319199,28.136184453964233,172,241970,confirmed,
833,0xcf6D6e48C80eBD37A83Fe139cbd52B0C000C6755,node08,0e26957705ae6d6e0f33e4957fec0ea0c21148e3d239cbc443130e327b934b12,2,1791366656.1843042,1791366686.5820405,30.397736310958862,173,241970,confirmed,
834,0x9a01785d017a1986c5127B29be5355aC6Fc25e0F,node09,2d389c4e945fa1640c6b5281d1b601ad0e48ad6c08785aef8f4c5dec667d14eb,2,1791366656.1865985,1791366687.9656036,31.77900505065918,174,241970,confirmed,
835,0xb39627e7BFE189Fe9c6Fd5256Ba571CB6D65b97E,node10,32be8bbf3c77c7f11d9ca17d920c8eabae5e8ad8c59f53f8b82068aafb2b7220,2,1791366656.1908534,1791366689.0538259,32.86297249794006,175,241970,confirmed,
836,0xAaF4E0642F51319145Ff25D9988De20E0b1FeF86,node11,eef0512ac9eaa7eb9e67b66bd6603d77561d8232e6e1106655b4d46ad29344b7,2,1791366656.193151,1791366691.012433,34.81928205490112,176,241970,confirmed,
837,0xa246615752899f9F5fB38465f7309057f4bc0194,node12,1eedef372d8a14279a0238dd42f6739bd34fde6e0f8fe13feb9725a98c02235f,2,1791366656.1944585,1791366663.181484,6.987025499343872,162,241970,confirmed,
838,0x1Ae8f54fea77078620CF867c6679931F58c1d465,node13,ca8f8ad64e19cd6f310e98090685a4785e5516e535f2bf10b61628c508278c99,2,1791366656.1959808,1791366663.172314,6.976333141326904,163,241970,confirmed,
839,0x5107e881E22266D54E7C99a81Fbfb5dbddCe6F7C,node14,5be9e59df33f019f33a11eb1f7b9530c02463cb2e0d0cca6c4e129fd3c4e9245,2,1791366656.202019,1791366670.1103857,13.908366680145264,164,241970,confirmed,
840,0x4DAc774598c756A7929061ad1197298D30E3db38,node00,82689dc57b86758c8480aea153fedff7b54bced590febb84dd99131bc6a05b77,2,1791366656.2030144,1791366670.0024357,13.799421310424805,165,241970,confirmed,
841,0x137412B4E9008185b1c05353dd6274B16294aCf2,node01,d725d2ee5781a5d4f9a722ad45679ed7f71b8b1a54f47546f05212e0cd259ff5,2,1791366656.2061083,1791366670.0244546,13.81834626197815,166,241970,confirmed,
842,0x1d946BbCAD0d0031C2436892499dC742559A25DB,node02,0152346bc4306ee844f2e9fd1950f33f71bb04876950b504b166690b202d4680,2,1791366656.2090256,1791366674.6405041,18.43147850036621,167,241970,confirmed,
843,0xe4344255C314D036Ca8384AcdAe00d56e58FC979,node03,f4cfa9856bc6eac97ed79e1f59b6b8199905d7cddc15e3724e1a2abd192df109,2,1791366656.2144375,1791366674.6776774,18.463239908218384,168,241970,confirmed,
844,0x20DD4c5B74a7c95289bF3E86345D5FC24E091bE2,node04,7a2713391cb8e02ee1c6406c2ae7f0d9bad86aa4acbd66b17161cba29c205c9c,2,1791366656.2159965,1791366678.3228722,22.10687565803528,169,241970,confirmed,
845,0xF8a704361bA15a7005D057E2a0F5f20F929B121c,node05,186d813e54e3049986745a089ed4c95d944ef2d343d3eeb86e8c0764317b78bf,2,1791366656.2211852,1791366678.5444946,22.323309421539307,170,241970,confirmed,
846,0xdd00fb04D8875dCaF940627BE9500F9EB1b751fa,node06,55b74d1bd2a65d47b4a1372dbcaa22dc64aef5794dba057df5db06aea6f7bbf3,2,1791366656.2232883,1791366681.7406774,25.517389059066772,171,241970,confirmed,
847,0xd4EAB9546132ac5d0506E932A1A76d522BacBC76,node07,df62522fd09c2c47efc863f3ba936d72fca7f0ec1ec0edf68f1a2be60e9cddcd,2,1791366656.226329,1791366684.3769288,28.150599718093872,172,241970,confirmed,
848,0x2812b07f1E795EA293D88dec3ac1398c60D18672,node08,7c34fd530795b829c425843443d1fa8a7c73c9f6757f219f122062675ce8c5c3,2,1791366656.228377,1791366686.3229945,30.09461736679077,173,241970,confirmed,
849,0x4d1f7887E973F3b14871D40f320deef6bF83115b,node09,a754479a9bb13f75e51546c308accb101fb70b68f8d763febca255a2f9c60b61,2,1791366656.229389,1791366688.012604,31.783215045928955,174,241970,confirmed,
850,0xbb6A228fd05dd065a6453B0045137DFc5EFd8442,node10,120fadb75e1fdc7ac29c8cdcf14c688653895a54c658acecb9f08d94b4c1249a,2,1791366656.2360864,1791366689.0697634,32.83367705345154,175,241970,confirmed,
851,0x2C0854fBb0f1A28a48915068a13ce1dE9C3B6EDb,node11,a0bd27211af60fa31485b2d9456a6b3ce83baabed8d2e6b2aa6a4b091a9cd2bf,2,1791366656.237564,1791366691.0714107,34.83384656906128,176,241970,confirmed,
852,0x23D373786514c656A806Dd669FfC0014d1948941,node12,18e2c3905c9821f908f668e3ffc71b18faaa5ce1b4ba8692b39586bdb817da3d,2,1791366656.2453854,1791366663.2129076,6.967522144317627,162,241970,confirmed,
853,0x6125b80aB831eeBAF398a0ADdFBC72e2FAB527F6,node13,6d34abd54bf00331f618c85d6c6e1cfe89d29c4e87749bd26e235b84cde24478,2,1791366656.2492623,1791366663.2186644,6.969402074813843,163,241970,confirmed,
854,0x73695072969423e0544cBa56AaCEe9511F91eA9F,node14,b9e9259732bf0a9568e133210b41130d63a6ad92b4e96e1eb565a1610cf66e19,2,1791366656.253109,1791366670.0169857,13.763876676559448,164,241970,confirmed,
855,0xA477b7793E837E1337B6c6Daf7186E73358a3aCC,node00,94d67df700adb80fd68ba7b6eed5f5905ba8aae8d65988621de06db8d0f95b3e,2,1791366656.2589614,1791366670.000705,13.741743564605713,165,241970,confirmed,
856,0xeb795624FC5Fe897d08FcaB785CA164309DCE833,node01,ae37c03770178e7a7e2bcc65e905ca0b35221e9f62eff6f2beb901af403c09a8,2,1791366656.2634997,1791366670.0287583,13.765258550643921,166,241970,confirmed,
857,0xe37c2F08528B2e867adb3225e3810988A946383b,node02,0a553578aa882fdde0ab25ffc09da5ebd1b767ef66238702eb23aaae1564c111,2,1791366656.2657206,1791366674.873597,18.607876300811768,167,241970,confirmed,
858,0x83Ede993b58EA79BC51828a3cA2e0c910CbF1c6F,node03,0339f11764c1777230a5bd74d54aa9557be4cb8beae68cd93c6cbb22a3a3d84b,2,1791366656.268541,1791366674.7886634,18.520122289657593,168,241970,confirmed,
859,0x098d6d5Fe8dE782A8B97E4c54443938893f7113A,node04,38a4ac5d222617c8f3b1c75a3b5606d94070af3637a8f5af05a6f7901eebe0be,2,1791366656.275052,1791366678.5306976,22.255645513534546,169,241970,confirmed,
860,0xEBc8c74761447e06700368C7d5Bd2583996C8F65,node05,e7e6dc8d09063baa8dcc9f758ec26bacaf58c8f90d69fec26a0cd3ea365660ba,2,1791366656.276253,1791366678.361056,22.084803104400635,170,241970,confirmed,
861,0x3E640e060BfB5B6506BfE3d719c78207EDA9dcB7,node06,3522d5befae6737739922d4a939ab3f86c7b5cebcd7f8a21df543ba0d3063582,2,1791366656.279297,1791366682.0380936,25.758796453475952,171,241970,confirmed,
862,0x27f1F4791db8669E8964E416703AA5012ea71E31,node07,7a413e37f6e510baae9bbe455b4948387d20eca7abaef2620c0041461c8b834c,2,1791366656.282111,1791366684.441701,28.159590005874634,172,241970,confirmed,
863,0xD86D135A04B22825a3C645034290F4E18238be9d,node08,81bbaa44aa48c40f920d7bc7d9a59d28522d72975bb920f84a0b16004bb282fd,2,1791366656.2846613,1791366686.4074123,30.122750997543335,173,241970,confirmed,
864,0x5f5FC7908c8Ec422EE363D054CCEc428714A6beF,node09,98cb068db312e4f3ee20eee4eb60b18ad09402b068d202795a577df4c17f0e28,2,1791366656.2897077,1791366687.9877234,31.698015689849854,174,241970,confirmed,
865,0x5d2bB59C61B9458DEf9A854472E1843FDc0312A2,node10,636d47f780bf187fed2b0823b5579bf02da2dc8c26d08a6a3eaca7fc43ce3114,2,1791366656.2919903,1791366689.0749018,32.78291153907776,175,241970,confirmed,
866,0xf73ebb0C09D45D404A33FAa5816E21C7ef83ab80,node11,eb58d5b2c4790cded232e9cea80d8986893c3143045f0f0fce7eb2ddfc163f1f,2,1791366656.2939868,1791366690.926964,34.63297724723816,176,241970,confirmed,
867,0xD08e57C918e7564F4af803343d4bcCac3414c421,node12,3b167170df9ce0a220931b2499af59ccfcec4879fd98ce74410e7f976b7e23b1,2,1791366656.2971168,1791366663.241969,6.944852352142334,162,241970,confirmed,
868,0x2b3504Cb8bBA8aFDE6506f8e1bdd2cA584a7356a,node13,d5caf5d0e7404ef9dde29f627c2bcf84c65378492ebe8f84c7293eaaa01144a7,2,1791366656.298603,1791366663.2505271,6.951924085617065,163,241970,confirmed,
869,0x277ae1e17B7B7d080394b983148549D8f35EDF9D,node14,686e598b6bfc1bf0e8e8e60bf7111b3bddd28c64514a158de9589f048571b996,2,1791366656.3012495,1791366670.289649,13.988399505615234,164,241970,confirmed,
870,0x1C3654F0a87F3B28CD165F3b8536c0feE89788f0,node00,878292f66fa252fb75023dc12564a1cc00394134aa0c7d4560ef05410ec56891,2,1791366656.303948,1791366670.0993478,13.795399904251099,165,241970,confirmed,
871,0x70b2102e9b20E2C88C3411f06D9579B32915C1A3,node01,c1a05e99223bac520577be5d4b9c01b15cee72ec9007558bf21d81e55323ab04,2,1791366656.307786,1791366670.247665,13.939878940582275,166,241970,confirmed,
872,0xa19af63531b4B7A87BbA9D50ad3Fdd72459EE6A5,node02,1fd2ffd8dc01006508e26960297eddd49a86ae65ab724efc5b99ab052caedfe9,2,1791366656.3085508,1791366674.7745042,18.46595335006714,167,241970,confirmed,
873,0x17E429426E38D52fd8AEE1286A8BDe7831961d2E,node03,717c7d7bfb857325e43b51bc42a2b771a7a95f02df7e80c4ad1466cf9ce04cfe,2,1791366656.3106022,1791366674.7412336,18.430631399154663,168,241970,confirmed,
874,0x0549966848625Ab409B6c1Cf5b0055c75839528d,node04,a1a5c1b306287776a3af8d17e6e77c53056bb63b962a5af773c498a693893977,2,1791366656.3124528,1791366678.330593,22.01814031600952,169,241970,confirmed,
875,0x7E2E11D969057e474cab79b3d05A8361C48D8547,node05,59a94c04dc0a348bae094624c06a74d8a93fdfd035320969245d6156cb6cd1f9,2,1791366656.3161263,1791366678.5146942,22.198567867279053,170,241970,confirmed,
876,0x825078D74003F57F3eBc73a8F39600ac2892F80f,node06,3c7bf7395e856ad6a4d7061ea5d247d36e7371a824fc26df1653a127fb385483,2,1791366656.3175757,1791366681.6992092,25.381633520126343,171,241970,confirmed,
877,0xe0202CcE262a66470da68cB331F598e19f2CC80A,node07,c542e73af3efadb1a858fc109ea3abfa6c46e214e91f2289aa8e867e6a7db3ea,2,1791366656.320382,1791366684.4496298,28.129247665405273,172,241970,confirmed,
878,0x4bBe0049Ad9C92B14CD34971e33822856ae415C7,node08,5fa11eaa0a1dbe4ee0dfd00a1baaaca5a40a46a303415c963cbfd3c22e257272,2,1791366656.323643,1791366686.3935015,30.06985855102539,173,241970,confirmed,
879,0x1121aB8aecF53bdd03E615aD067F6e59f22E1EFE,node09,f0ca69f5c17c2aecdb8d5dd8f946164113a6b84d6035ca9a7bb058d7f2003f1d,2,1791366656.3250043,1791366687.925211,31.60020661354065,174,241970,confirmed,
880,0xf3DCc5Aa893F1903a31a13f396A86952e892eEfe,node10,58ae32fd9b404a0e29fb5f4d5efc239fcf5e6f2d63d751096ad4c42fecc0310e,2,1791366656.327576,1791366689.090552,32.76297616958618,175,241970,confirmed,
881,0xdB9853BCF86Ed97e4D244DabC0509D5d9bf933e8,node11,97778582446abeeb62a383d627eeeb7eef461d23a0d18e3ee9e7b247e4cb2fd0,2,1791366656.3293765,1791366691.0108206,34.68144416809082,176,241970,confirmed,
882,0xb916cEAaA1C1d0BE885d10B6A63653ECe71ceeed,node12,883d47d478f453025038dc3826758b930b61e965defeb1761f4561ccf5641a4f,2,1791366656.330657,1791366663.283554,6.952897071838379,162,241970,confirmed,
883,0x8E308285Fd70226a45229AC7004166d4975B4eee,node13,18e31a7d9d1e7c6049f55affb3fe36d71fd788b0deaa144a920b60d3ebdbbdfe,2,1791366656.3345597,1791366663.273244,6.9386842250823975,163,241970,confirmed,
884,0xb16F3DAF48aFAAB72124b5eFCa9FF440b2F27DD7,node14,556537df5fb72fe0b9d11b8834cb18ed12cc9e1841d00e80d201b57d05492d4d,2,1791366656.3372784,1791366670.1154294,13.778151035308838,164,241970,confirmed,
885,0x7a148205A892C0BBf88b7C4EbD9F0ef97BF3d0A9,node00,9727160b95266ea28a339832d49af6f65e69d6413301b9bb62560d19888b67a5,2,1791366656.3404284,1791366670.1915052,13.85107684135437,165,241970,confirmed,
886,0x00f9dCAE30E39D8158597A39e6D3c5D73CdFa7F5,node01,7e563bed3d3a03a9c298a0afec4f3c68a253ea100885de9ba52703ac4be76cd4,2,1791366656.344582,1791366670.2870429,13.942460775375366,166,241970,confirmed,
887,0xB93C8F42Fb37634791FeA8A0cDaB861eD10E4eda,node02,b068906c723fde949310897dedb47338e15187aedc77fc26d22ccc99e2b83e92,2,1791366656.3474596,1791366674.8517077,18.50424814224243,167,241970,confirmed,
888,0x14C485d05588700380A49C2b387407E066fd6592,node03,07a45a65ad17002b3ce45cb55f8d6bc22a2e25d3e300c438bcac0d065e43de58,2,1791366656.3507285,1791366674.7621982,18.41146969795227,168,241970,confirmed,
889,0x65f6E9FC282F009D63bf0Eb75CAD55eeFc0fccc4,node04,339a53e0a0eea3cec60a76b3cdf19b512660b030d1117ea2f8c721a330332a72,2,1791366656.3528755,1791366678.450094,22.09721851348877,169,241970,confirmed,
890,0xE0484631286BB5311436C8d2443DdFa60e1e361E,node05,bf9ab9e33f0ce1f8706e57450760c3394cfd87dd03639147c799b1bdac95f40a,2,1791366656.3540192,1791366678.9117706,22.557751417160034,170,241970,confirmed,
891,0x77bE0089D48a07D3198F4E800C036e1c9a91CA4a,node06,6b5f9ee628a0103804a0b4dfd494bd517fada2b16b2e642c2edca7444836e31c,2,1791366656.3569353,1791366681.812159,25.45522379875183,171,241970,confirmed,
892,0xdbCcfFc46799131e6Ab436e0F6037735e69C85c5,node07,b64d8dcc2ffa6f5d507c716a354b56d0a064bf309e9918f5c40660884ab8ab06,2,1791366656.365798,1791366684.4264202,28.060622215270996,172,241970,confirmed,
893,0x8905122705D8998fD8eD1D155E831A9F6a31C52d,node08,95f654f3653c90a681bba3e614718376dfc2a77999120987791508c90b190b42,2,1791366656.366937,1791366686.3524663,29.98552942276001,173,241970,confirmed,
894,0x4019Fa90a0ff2D7c8e1e8c28622b46bE9fe52787,node09,e2d9cde945ea4bb61db995b1d1fb50242bfe65c1e99b9a94292da486e1b80fe9,2,1791366656.3702912,1791366687.9579208,31.587629556655884,174,241970,confirmed,
895,0xE4106112E02Ce97Ee252a635A723cB49650917Be,node10,1e7407eda69f00d15798304e1789d92c14f210b50f4f26002ee6cf1d874befb0,2,1791366656.3724747,1791366689.1530354,32.78056073188782,175,241970,confirmed,
896,0xBf4d9bDBDB3e22CDFEBAC4a00589C70EB03457a0,node11,fed3a6a8e914f2bc0cd77feba76eb0d2774cfce8f7686aed0328278c2a04225d,2,1791366656.3760939,1791366690.965756,34.589662075042725,176,241970,confirmed,
897,0xE88Bd471E5757Db72Bdd4eb2e55B1d267E2150bA,node12,50f77d488352987c67393ea0437284d30739b02fab005f2c7b8ab790d7a09703,2,1791366656.3778331,1791366663.319183,6.941349983215332,162,241970,confirmed,
898,0xAAAF3Cd323479c331AD2d0B0B4679db59D714Ae4,node13,8fc8cf9a84c89e6e433874087f8ee0751a1649614aa54a557eb66db4fc0f8c90,2,1791366656.380474,1791366663.3124702,6.93199610710144,163,241970,confirmed,
899,0x35F7b3773296c92Ed0d70583A1b190C6504743b6,node14,cb351d9a70593ccbd951f49677e7c4d0a0f4dc079bda34090887cefd4ca17458,2,1791366656.383694,1791366670.1301713,13.746477365493774,164,241970,confirmed,
900,0xF5bfeeF97e213131a9b0BD6E8669C8865380252c,node00,faaa30e84e05cbefc1fc384301a11db7520cfcf7a505f9152a2566bba5c0523b,2,1791366656.384694,1791366670.2173407,13.832646608352661,165,241970,confirmed,
901,0x05D5eDAAAA74A890120943702a00E13EA0482D9D,node01,8923af464e86bea59c45015a5e51f3b33878048c9169905cf7a67cd2c7679d54,2,1791366656.3858855,1791366670.4485927,14.06270718574524,166,241970,confirmed,
902,0x8A174420033EA46341D6E3EcfCed58623426A675,node02,56d5c3647ee317a2ee017c2c4fc05af398cc8237650cce22e52187bbea908b98,2,1791366656.3870482,1791366674.748826,18.361777782440186,167,241970,confirmed,
903,0xf7FcDFE48C9B46157fED6fb065145fbF442b72Fb,node03,39c0f3392ea6739d537545491bce533056b1e7ff96958208c83d4abd1c65b7d7,2,1791366656.3894677,1791366674.9598527,18.570384979248047,168,241970,confirmed,
904,0x6baFD36a0FE756BBC9028f3F13C3747f54C76134,node04,c953f0deecfdb46961b40cf64f23dc3ced6423c980e2590c62a9dba856fe1644,2,1791366656.391798,1791366678.476052,22.084254026412964,169,241970,confirmed,
905,0x87fed940D4f6e02eD93995A5cBC31E6e71453Da7,node05,e8c67fdb2bf3664ba8498c852ab0ef240bf733b1f47335c4c2c28f3c9e4f0437,2,1791366656.3932326,1791366678.673717,22.280484437942505,170,241970,confirmed,
906,0x938Bf638B08Cf8aD221928209B18401D81d29B1b,node06,e6421d25bf03fe6f48a0c184981a45c6f9ccd4e7d8a99ecf2701e25d2251a8b9,2,1791366656.3943002,1791366681.8081486,25.413848400115967,171,241970,confirmed,
907,0x48a0Ae23D04611DD0093536D21db753a2e65473a,node07,e8aaaf44a89e58dcca8498a54fca440527a9f21794c699fd69f272f7fe8ee790,2,1791366656.3975396,1791366684.6405017,28.2429621219635,172,241970,confirmed,
908,0xE25F2d41f2a0C6f07FAB82190aAAEce079013e52,node08,185459a4df439dc59a065d86417f75615c25f1d98a749d4d9d3368b4f88508b6,2,1791366656.3996649,1791366686.5468931,30.147228240966797,173,241970,confirmed,
909,0xf4c8e25265E6d88F2a6A713796ca543b62319f55,node09,385e5bee47c6288792803d6cb13174b1f0ac2c0899b4bacdbdc4df9e998d7d65,2,1791366656.4006078,1791366687.9415033,31.540895462036133,174,241970,confirmed,
910,0x45AB4059Bd50367c38a3981e969832bb27F5F1C4,node10,8175fe5bb36219cdf1bf091bc86c7037efffae2f826ef6c59841a2c934bf3c79,2,1791366656.4023855,1791366689.2743993,32.87201380729675,175,241970,confirmed,
911,0x53cD3e6d3124dc73CdCB864b9297C692c4Bdc467,node11,ab882ab2150c94afa94ba24dba81d97a3bcc5bb3dde1c5f06d8004d5dc6e959b,2,1791366656.4053912,1791366691.0164406,34.61104941368103,176,241970,confirmed,
912,0x02665B64520ab97699F7e5f1BF4767E1f8c8796A,node12,5f29549c8d8dfb6139215257b515d5e3e6aa3506d01225fb3f0b60aaa8887c76,2,1791366656.412371,1791366663.3449595,6.932588577270508,162,241970,confirmed,
913,0x859B8ce2c1a6099599ADd3900Dcf4d3bc7f6B99c,node13,d910dd900ef8d366b77eb22198c041a931a38560c1871a062c46f5efa7ca86ad,2,1791366656.4139028,1791366663.3486946,6.934791803359985,163,241970,confirmed,
914,0xa4e707ff746dda7Ee5f294732e4f321CD7ff90e9,node14,f3ffa1ba3fd53f95910e7870d2c8da2abb248ab5588c664e267a3281aa3f6c74,2,1791366656.417451,1791366670.280932,13.863481044769287,164,241970,confirmed,
915,0x0C864390a6dC07d575253f45dc61e77F2d3dEA91,node00,6cdd5c6efc22755c9aab96250f3e569bcece7b5ddc54fa835f8ac479ac8c771b,2,1791366656.4262705,1791366670.186097,13.759826421737671,165,241970,confirmed,
916,0xfc6f2D3FE7e654D9CCF07B76bFB7C91b704ed45E,node01,5c71b494512ab00200123c6c6a8aa9bd0c7008efd4639b68e09d767e8046da03,2,1791366656.4329317,1791366670.2668326,13.833900928497314,166,241970,confirmed,
917,0x57289343Ca2739B042252D080975Bbca2Ebed9dB,node02,1965357d8f3c1a6d52f9e821f0eea84de72c739248170470e5631797de73da31,2,1791366656.4381208,1791366674.751921,18.31380009651184,167,241970,confirmed,
918,0xD14fB0889d800402154D8c6696dE4A54eF557711,node03,5fe3d675cd5a02c988b62eeaa09f6c925676a1d48ecd387566390fb8bfe14f44,2,1791366656.441893,1791366674.9011507,18.45925760269165,168,241970,confirmed,
919,0x46D36573Ee3841cF86Da49DC08357521E1733738,node04,0d03dd6fa0c8478e5664ebe34d7c78d29124f049f18e83d73a40daa08fb2a4bf,2,1791366656.4442172,1791366678.5835824,22.139365196228027,169,241970,confirmed,
920,0xDC8e37b7806e7f4d6c1DaC447a963Ce96f8ec335,node05,0a2486f44cf8daf7808a34a6d65eb869a77058a73dca5fc4799464edcc513675,2,1791366656.4486635,1791366678.794402,22.345738410949707,170,241970,confirmed,
921,0xBbf47D6a3fc3Bd03154046c9B1aa01ee6Ae76376,node06,20921f6c5b39c63fdedc951769add5589a83fc295c88514df16df659ce9c500d,2,1791366656.4508865,1791366681.7699766,25.319090127944946,171,241970,confirmed,
922,0xe86dEc94630C00Ec232052A07aD9377308b379F7,node07,7c3454c4de4dd351aa6e7d30702507a9309038ff7ca71be1105027f7d76f80b7,2,1791366656.4535403,1791366684.4251223,27.97158193588257,172,241970,confirmed,
923,0x4272229C38ad5D9fC316bB58Bf90718eB7796FA2,node08,443e29bf543f27c1608100ee239ca2882cf11d24c107980dec62aff9ba44bcd8,2,1791366656.4573445,1791366686.4243767,29.967032194137573,173,241970,confirmed,
924,0xE431364dc119a32816Df8a8a03F886004e6D547b,node09,cd1b369ec4a9dbc4d0ef0dc9ea92ade9f5a18944d5aa72e5cb23d6b861d4bfcb,2,1791366656.4584699,1791366687.9361174,31.47764754295349,174,241970,confirmed,
925,0x5054Fc25103a2707DaD845a06D16D9A341633f39,node10,05894b573aa65771b5035096ecf4ee7789faa01bca98689c82f0745c177c0105,2,1791366656.4598343,1791366689.2580523,32.79821801185608,175,241970,confirmed,
926,0x283697844f39AeBd5354c2f9De6638B1fC06F87E,node11,fca4e64ef7b7935c45e2cf9a2dd37bf5d3c33ca0a0a8c57ee10a3bd5ce92e926,2,1791366656.4629266,1791366691.0483432,34.58541655540466,176,241970,confirmed,
927,0x02Eebcb0660c76fDdc1ca8AA5b7d6421d28E20a7,node12,65996d52b8f834ce802d79e3bb1e8eaa34c98955f12ff7c10ce6181e49bd4010,2,1791366656.4668107,1791366663.3768349,6.910024166107178,162,241970,confirmed,
928,0x17692155537c6EB9abCED7a1340958F7bfe0a212,node13,208633c6e0b8fa06a5b821284c8db1a4794f17530dc71f06a3f39b6eba3b2063,2,1791366656.4692142,1791366663.3991117,6.9298975467681885,163,241970,confirmed,
929,0xf37724b7D7aA634240cdad51C811e2AFbd90e71E,node14,546c91d7a064cf8aa9c547c64a14edecccd25baac558d58c9b184808a19ccdd4,2,1791366656.4705691,1791366670.2635918,13.793022632598877,164,241970,confirmed,
930,0xFB853ba8Ed50a71E4571BC428fdd6dE632310c6b,node00,47504dd507b39fc7a95dbdf2f5f0bc62469b6c111aa29bad977bb6c78969fa4d,2,1791366656.4725523,1791366670.3290193,13.856467008590698,165,241970,confirmed,
931,0xE11C7C3e0B207D9fEEfD94307779Bb3Dbb0700d5,node01,4659b2645ff536e9dd965f7c3a4ca311c3f1696276b8879428c8ef0ad29e54b5,2,1791366656.4746964,1791366670.2117066,13.73701024055481,166,241970,confirmed,
932,0x0F96B303c44dbeD51b7bc64519FBAdCa59dc0e1D,node02,b0fab6c54d9e2e8d2b8d3d302bb1b9ed4c6ef97a09238b780e3c22875e03eaf0,2,1791366656.4763715,1791366674.8124342,18.33606266975403,167,241970,confirmed,
933,0x268269Eebf49fb359B2B49Aa236cD025166C6345,node03,fef93ad1f78f930f091cd42c40b518d9b9cf4f4b909379069314d2ff4ccdbea4,2,1791366656.4789228,1791366674.8545768,18.375653982162476,168,241970,confirmed,
934,0x0D36a8Cc0A349EBF2A2E041Ad72336EB8989bc19,node04,3dc64e56d747395c502f9a5bf5aa9dced87281443b33d2f424e61f9c793b3dee,2,1791366656.480133,1791366679.028299,22.548166036605835,169,241970,confirmed,
935,0x1Bc1D8b7dfcD11C2b782a3189C8a399365CB0F7C,node05,7241221eb7625220ab2683fec87cc196c84ed358cd1ece6f3256643a37bce768,2,1791366656.4826975,1791366678.7453063,22.262608766555786,170,241970,confirmed,
936,0x57751a0F13EC48A1516fF0C43e0b32Fa3177dD33,node06,e950303d669250a8460756f6d6cb1eb0bbd72ec55893a43897d9029fe50fc8ad,2,1791366656.483335,1791366681.801913,25.318578004837036,171,241970,confirmed,
937,0xabE9D141Bbf3D111cD1AFD8E075aFf58F56bb16a,node07,e906cd415cff8473d774c4770bd135e48404d1abbd779a04f0173e73760b73a2,2,1791366656.4879313,1791366684.571713,28.083781719207764,172,241970,confirmed,
938,0xd2a6a47ddB1f0354eC60ae3d1194C44A103DFB52,node08,fda693bf877cb639fba545ea1b093f72dc34d196e8265254d9bf7a6ec28ca252,2,1791366656.4909768,1791366686.3878691,29.896892309188843,173,241970,confirmed,
939,0x2310Aa5A9DC3A22F47f8f753C05e0dA3424Fe897,node09,6eb14b363558521bb2656f708a1d356d936ad398d44cb35522d8ac26a8067b3d,2,1791366656.4922004,1791366688.0071332,31.514932870864868,174,241970,confirmed,
940,0xCe28C952e12FcfBf0834F98C66BfD71cCA4E615c,node10,304050aa7cfbd6eff8ef190a2e4b58904e73fd7979d3c62831716a0804e2d006,2,1791366656.4941535,1791366689.0811453,32.58699178695679,175,241970,confirmed,
941,0xa188CC740B314faFCA771EA97B3FD5eE12223121,node11,a3b5790ee784410d3c1b0b04034a3c20412833fdfab5737fe25929c9361618eb,2,1791366656.4972773,1791366691.05519,34.557912826538086,176,241970,confirmed,
942,0xfA6d5CB021550FF338E21E210CBC301923C12eFd,node12,1694e8e50b8e54d86109035b2c5db2a462289c1b6e8686279b1fe20a4f13160b,2,1791366656.5003676,1791366663.4081242,6.907756567001343,162,241970,confirmed,
943,0x87624ed3ab32B8D7b353dd66b5b6dD23Aed94B24,node13,35262c8520a906f667d06d780ceed87fa96f5dc521043a863dbb70ce5ea75105,2,1791366656.5023649,1791366663.4118323,6.909467458724976,163,241970,confirmed,
944,0xA9B60638f8701f4b0decD963c822EF6072aE474E,node14,242d07214d0beb572f4a800d0c6796babc2db16cd3b0b61742551ba28f478dd0,2,1791366656.509471,1791366670.295276,13.785804986953735,164,241970,confirmed,
945,0xCB71cd72EECafc2459ECfc0c920d1aa636d3E289,node00,b2c29a2cff20ae7157fc80a2fae70f71292e123f0c4edf54639c5052439b6286,2,1791366656.5125659,1791366670.265403,13.752837181091309,165,241970,confirmed,
946,0x314Dd9A143F31ff84b681425CcdA6E41dEF0A75c,node01,2add76bcfb0818382ef448b0e8691be0af41d5f54273f129d970035f09c9cc94,2,1791366656.5151443,1791366670.2260654,13.710921049118042,166,241970,confirmed,
947,0xf6347AD125fa2f7e475B7251244eB57419C16Ed1,node02,8d3a60fd4fda5e17e9343034efc09dec3809734315dfc8cd567690ccffcead26,2,1791366656.5166278,1791366674.8820746,18.36544680595398,167,241970,confirmed,
948,0x830DD2013417D0E25A8910ee2daeeA2B1bbe1013,node03,c57e496001d3c940c3749a464651192c00cc10cfcc0c2306e232e0364efb1616,2,1791366656.5186622,1791366674.7961516,18.27748942375183,168,241970,confirmed,
949,0x21E60B7AE705e3872d253D9e83F5b9dC38C77109,node04,b6ca9949c7ebdee65cbbdab64e56f7b8a95506999c59040ddf7e801afad3a40d,2,1791366656.5210662,1791366678.6389859,22.11791968345642,169,241970,confirmed,
950,0xc303f99Ac20781DC712e776FD28834E4A6ee2CFe,node05,14aeb7e63abe50b40e0bd2c9ff767cf04f235c3bfc5598637a9cc72330e41983,2,1791366656.5249681,1791366678.585514,22.060545921325684,170,241970,confirmed,
951,0x49eC6494B579dB8d0664Ef13a70c009355c45998,node06,5d3c81a4c7e97959b83f4bbaf1b039afc45a0fa3f41099fadff0328539635a85,2,1791366656.5276744,1791366682.1676807,25.64000630378723,171,241970,confirmed,
952,0x85Ad76Cc978510299c3bA65d9357D2A1D85C27d7,node07,322b14f070d6d0b7aea9e2999ff35b12b3367995a8dcefae05b154edac7e69f9,2,1791366656.5309176,1791366684.4343112,27.903393507003784,172,241970,confirmed,
953,0x837dD7257a013631c122c0c3c85A1361F7B04Bb2,node08,3a56e141bff0b5949c535bdde1f192715f9147ca288e60466bfada7e941f95a8,2,1791366656.5344727,1791366686.43263,29.898157358169556,173,241970,confirmed,
954,0xDF6acde52E07a93b1D706Bce119fA44b7B0542F1,node09,01dfbd5ecf6a23db76b935d3b4fe41aa4bbfa94222a2057958cbfc1679e0329b,2,1791366656.5393329,1791366687.9914913,31.452158451080322,174,241970,confirmed,
955,0xCfa7fbb699d73700229BC1017cB312c5DEA898dD,node10,cf083a56410993ae6c253ceb04761d4ca4d90556a35111f7edf062ed38008081,2,1791366656.5403974,1791366689.101303,32.56090569496155,175,241970,confirmed,
956,0x9CE564593e5Ee03150BA1e4A7b6C41b324f33fcd,node11,cb64b4ce26b55101eb647842075b95bb79c22c60031872fca128acfd1ef2d137,2,1791366656.5442965,1791366691.0067198,34.46242332458496,176,241970,confirmed,
957,0x70Dae5F2e4CDB3f4Fc7eA4c8A5C2689207EB6CE3,node12,8caef9963a437b35915aef2fbb61bd976fa09b0d1839b24b042c50e87eb3eef3,2,1791366656.547662,1791366663.45099,6.903327941894531,162,241970,confirmed,
958,0x6D761753385222a17E8a1056b5bDbb70d341552B,node13,0c07e0869bda1e3b4a7f4f0b2d6226e6eddfc1105404a6ee4d34165df01a8051,2,1791366656.5534256,1791366663.4598339,6.906408309936523,163,241970,confirmed,
959,0x6d20E6CaDc8fD20DbAe10AA5365E67950bdCeea7,node14,7b5b36e3539175736de6d92f61f77a745456d3c5aab839883b2e0b09126eb7ca,2,1791366656.5565274,1791366670.3384566,13.78192925453186,164,241970,confirmed,
960,0x504Afe265A9e6B3E550D106625263E13D2bd36f6,node00,298c40a5cbc98ab83d2fa6741b47b7d8015409e1342a1ed9a65b6acc9c5b9665,2,1791366656.5594037,1791366670.276151,13.716747283935547,165,241970,confirmed,
961,0x5622edCaa04696102811a4800B9A1947f9a7ad72,node01,68100eec36351947372160433a44ef8370cafb191c528c0bfe964a0244e68e04,2,1791366656.561497,1791366670.4178944,13.8563973903656,166,241970,confirmed,
962,0xdEE315344153308E8d8D2c60D5cC2393a044125f,node02,1b3449b9ae11fcd3d14eeb0ea1ed02b88833c97f0e491290a58462523f2e363c,2,1791366656.5636208,1791366674.878905,18.315284252166748,167,241970,confirmed,
963,0xf712f1d5DF6A601A942Fb1A3FA9d95D172669d12,node03,67e50aa08e97ccbec42abf19526263f3f145c8538ecb0a2476d02b200eb4feb5,2,1791366656.56661,1791366674.8978565,18.331246376037598,168,241970,confirmed,
964,0x93489A4B08D90e7cCD65969554db51B5d740Ae7E,node04,f2c1b59e2a594bd28bb17ad857b6acd76c6fb7b05b7c776ee37c5585fade2340,2,1791366656.567603,1791366678.989999,22.422395944595337,169,241970,confirmed,
965,0xc026cD51Ea6C417DfA83d514ffC160a3acf3086e,node05,1ee1033ff081777fe2e1ed03d37afd0185c9f7a552bc296c7fde59e3e02154f3,2,1791366656.5700688,1791366678.7602408,22.19017195701599,170,241970,confirmed,
966,0x93EA6Af6A7EC0C4372d0733932133baFd86C7a88,node06,20bd60dfb980b34be2fead74aeb5c5b90c72c6f3cdf51c0b67a8f59bdea71b76,2,1791366656.5710833,1791366682.2519987,25.680915355682373,171,241970,confirmed,
967,0x1181054E362905CcCB032D8E9cd7Fa52Fb1EE5Fb,node07,3f27389f50fbfd549dd7c4d134682eb5bce4884aa4d1b64f11a0baa7dd88fb40,2,1791366656.572299,1791366684.57025,27.9979510307312,172,241970,confirmed,
968,0x52b543bc23bCFa944777CDB78fCEbe59A4B1465F,node08,2112d79ffa9372cc193e0da031ee11af571813e58448676b840ea47da738cf66,2,1791366656.5732515,1791366686.6386547,30.06540322303772,173,241970,confirmed,
969,0x7Ea373d07466653bd5739508644AC185B9288e5e,node09,9162d4e414d732dc1fc534f8d20276d749cf729ba04494b021c1b392a744a650,2,1791366656.5770247,1791366688.0408642,31.463839530944824,174,241970,confirmed,
970,0xD1C51eE60F5bbf353e80C47883ab563b47aefb29,node10,7a992a2f5be595bf4a463bd218f522f4aeb91981adb5cada1bf39429c5ef7ff6,2,1791366656.5827985,1791366689.113892,32.53109359741211,175,241970,confirmed,
971,0xFF2984e14bd08a1BA751dE45621db744A66bc321,node11,6db52497097ae5707bb12680ba46e06aa427fe1401348aa176691b1e5ab8d19b,2,1791366656.5842824,1791366690.9841871,34.39990472793579,176,241970,confirmed,
972,0x2F45324eF900CdDD15B7BAD4c6f90Fa1083a8253,node12,9fb63b9d8c23a11c5e30b8e72547c537ee6127fec4a67d682f6e0ecb7c23bbe6,2,1791366656.585501,1791366663.5004053,6.914904356002808,162,241970,confirmed,
973,0xDC7c030344af24c94D967dc14fcef51BD312e4ce,node13,627d42ac4ff603453c5969a691b7387a674d65b0be98b86c6c860a690d8f03e8,2,1791366656.5895052,1791366663.4811382,6.891633033752441,163,241970,confirmed,
974,0x70DD18BB4b2C637bA891b0B7DdE22ce84Ee78BA6,node14,683a14eff294290c507302eb9dc3d8e34c83b68236a52e1cfc5e9d25ec8bceb0,2,1791366656.5911918,1791366670.3416684,13.750476598739624,164,241970,confirmed,
975,0x02E3e2dCa5c4B099F7fEC21D848D82277d5F028E,node00,c15119cd6429cdcccb3a1bf2201311e0d05768bb28d1f11948b23dd8b044e6b4,2,1791366656.5935678,1791366670.2992551,13.705687284469604,165,241970,confirmed,
976,0xEC79DdBf045c2F17f785B283722403fcd44319Ed,node01,933ab14ac07e7fba9057b8ed794d0b1653f70f61bb8eaea20d4c3252541f52fa,2,1791366656.5954,1791366670.5363047,13.94090461730957,166,241970,confirmed,
977,0x86CF4157D185Fe1bFfEDF046C9fAD439D5dc39Cf,node02,975a3ba3638957c523563bd83725047edb8894c31fd657737a4184c667a21eab,2,1791366656.6008015,1791366674.8321633,18.231361865997314,167,241970,confirmed,
978,0xfD4fD499770604d2234eEB7B25179Dc9ebbc3a09,node03,69773058a1214e6ea29e771af6ecedd20680bb040ad065c643974a328287bc66,2,1791366656.6020482,1791366674.9056969,18.303648710250854,168,241970,confirmed,
979,0x8B6D734B22E9D0EB13F7DE8D2e0c4c860C550E07,node04,85fce38b4bcae618eef6a47fee4db00af04b07973b6a914b20447cf722090cfe,2,1791366656.6046712,1791366678.6579106,22.053239345550537,169,241970,confirmed,
980,0xBbA0303a20A23c34D3fE19cC8edb979cd4B3A62F,node05,4af433b3c6b78affc85cb87749fccc8d775e1d6acaaf1f42488c44d689935e32,2,1791366656.6085923,1791366678.7396853,22.13109302520752,170,241970,confirmed,
981,0xAB52D71BA32f495F0138Ae9a1ec51c19d06E3AfE,node06,ea4a943ca9bc439a0e17c26b650b8c33fb2379e22688a96d25cd2241746fb648,2,1791366656.6117163,1791366681.9536476,25.341931343078613,171,241970,confirmed,
982,0x565d83E5F5B7B26B503fF7e5a167E73a48aCB7F8,node07,bb6b6bf6166f28ab9cd33f0e429eb6b7e249a9be35e698747b16ca8719ffa39e,2,1791366656.6158965,1791366684.5650403,27.949143886566162,172,241970,confirmed,
983,0x28CACaB5F2d79a41e7D826FC35468381ebd2e7a8,node08,f9582f1f4d1c9ae24087dce9f8105b85e3af017746344d13ce29f497b1c33eae,2,1791366656.6190312,1791366686.4924994,29.873468160629272,173,241970,confirmed,
984,0x78116Aa0801be0915883BeBb3F1F32FF98383Bb2,node09,02134bde03a681b1d0d1fc86d97da1bddbf8b57da274c25992c9ece14bdb0ff0,2,1791366656.620443,1791366688.1515813,31.5311381816864,174,241970,confirmed,
985,0x1769cb0A7831fFb9C535EA43639D23A3D42B7Aa1,node10,a3ae05e6f3eac5ea8cc96c493fe6a534cf792af147043453b9b5f953a5949e70,2,1791366656.622987,1791366689.124838,32.501851081848145,175,241970,confirmed,
986,0x97A19001C2Ddf54083C45Ce619f7BF3295FC94b3,node11,7582cc52148801f591408cce3727ce0416d3123103f91bf76757e426b26bc098,2,1791366656.6260011,1791366691.0607982,34.434797048568726,176,241970,confirmed,
987,0x1601207aA6271d70965d4b0Ecf939dF61476f13F,node12,80cf79c40270c886fe0552c0ce78296e7e88f24560fa2a6c3e7e9c01feb1b95b,2,1791366656.6286302,1791366663.5172305,6.8886003494262695,162,241970,confirmed,
988,0xa078288f83B56fB1E9057A104EF87ec472eD07e5,node13,b772dd66b3704a9750eeecc16418b3554bfaa757f94e636d78ef237a9864bcf2,2,1791366656.6313832,1791366663.512087,6.880703926086426,163,241970,confirmed,
989,0x3b12c668f5B2cF5b4722bfFCEd85eDE2434E6F88,node14,fdbfbfa8c30473fd9319a5b6eef05d62f62fed18c9a67b7d79a32a16534abd9e,2,1791366656.634163,1791366670.3168962,13.682733297348022,164,241970,confirmed,
990,0x4C7D9669e4005F9F7fB6AfC37E7F5762132d22B7,node00,da860bae33b2589bab206b74e89d8f78d9bc449223e2dd5590690c2f0556396f,2,1791366656.636715,1791366670.6061916,13.969476699829102,165,241970,confirmed,
991,0x73Da5Ef0B3578d99337757546966aEF11bE9fbb3,node01,e03b2d78bd3bdd3dc8e984db9116ab9c92ae9477a0dbf62a9cd95dc507b064ae,2,1791366656.639833,1791366670.3201191,13.680286169052124,166,241970,confirmed,
992,0x57E7A6d44b0B7520eFD270A37c47022FfE6cc6d6,node02,e6fc2a7aa1d96edc706db29e1b3d9370ba0db06720e49dd3c4db4cf002342dcf,2,1791366656.64099,1791366674.8155932,18.17460322380066,167,241970,confirmed,
993,0x541757c81544c17c51d43074F420762E758Ddd2f,node03,18e06c58b60925cf4bb0ce8743b2fec02d8d5d51d91de75fcbefd2a5c3514153,2,1791366656.643549,1791366675.0771375,18.43358850479126,168,241970,confirmed,
994,0x0733acefA69261134733c4f31432faA739D8F463,node04,1ec2a43a540d5ec7ca512c8cde6db8e401295602fac928066faa5421650a47b6,2,1791366656.6445744,1791366678.8543582,22.209783792495728,169,241970,confirmed,
995,0xee691F88614Ca631b40e4c914166Aeb8b4590209,node05,0c966eb2136f339932663e8a21e3a1419d2fc9b0a52263196fe65b1a45f60ea2,2,1791366656.6482074,1791366678.6799047,22.031697273254395,170,241970,confirmed,
996,0xEA775aaF2aa5E3b9427225a076DE7C17E09316fd,node06,5ef65479f63d1ba2c6054bd21f753d90ca49cec66a6260c6750f2780b1dda4a0,2,1791366656.651753,1791366681.990907,25.33915400505066,171,241970,confirmed,
997,0xC3439bB52a9824Bb2aCdb0E66AE2Fa00100fE5a4,node07,4d5321cd61d07d31a9bb5d947d9bf9c6f869913879c4ba535e6b1724d8289f72,2,1791366656.6537244,1791366684.5335326,27.87980818748474,172,241970,confirmed,
998,0xBcD1d0A1f6F986B240B792C6f477fe383AADfc40,node08,fcfd1e96420f226dc5b78d172a132a8bdef97009cd69498a874b6959c2d8b3b0,2,1791366656.6548207,1791366686.5656328,29.91081213951111,173,241970,confirmed,
999,0x360D048FE9734CAeCC486D8d130B3a0a2E7Ec647,node09,61250e847b8cdbd14feda50aeae4a8d5faa88cc8811214c729a69089abefefd1,2,1791366656.656076,1791366687.997244,31.34116792678833,174,241970,confirmed,
1000,0x6aE25352bc2cBBa9749Bab1bb77e2721617CC1B6,node10,c5182238e340ec121b1e2e284482465eb9c7b810ef909aaa956f3d4fb099bb05,2,1791366656.6604714,1791366689.1187294,32.45825791358948,175,241970,confirmed,
1001,0xDc7eAC3eA408a4D1FD5D6ECdD4C699eD0BBD0d39,node11,b98f2bb97776f17c7802490af6e9a3bba9a7973c5e39abad95f3eebe206f2d59,2,1791366656.6631143,1791366691.0177104,34.35459613800049,176,241970,confirmed,
1002,0x4fD8d011f5f947B7aBE0C820fC83eB36Db48a71e,node12,baba49902d66e33deca66dba37af9c8f2e40cce3ad8995645a3c9652eb6250f7,2,1791366656.6652045,1791366663.5726287,6.907424211502075,162,241970,confirmed,
1003,0x7d22298C660571F4C6A196924a86458eceD1DBA3,node13,1085935d6a323c05d4f3ce62ea22ba148928dcebbf0d714a4e42163d3135a0c9,2,1791366656.6713533,1791366663.5590813,6.887727975845337,163,241970,confirmed,
1004,0x1c13D38420B26a98CeBF454E342f699EEEF9b908,node14,2b13100f07c9529a59f2856c05998f36d48dd511acff97ed75e5336c418074dc,2,1791366656.6722128,1791366670.5931046,13.920891761779785,164,241970,confirmed,
1005,0xBf895d793Cf3Da5696c92fF209aE36ce131CC3ce,node00,dd265535788b3b1aa0a85ecf063d4d9350cc8d4bb6573bb621ca84474ad55ea7,2,1791366656.6737432,1791366670.3632035,13.689460277557373,165,241970,confirmed,
1006,0x2165FC54a79E95F0e8C67B2B20136dFAD3315752,node01,f3598e1d30749c4a813c2eaa7581d86788abe1b825836a98d9d128a19218e7b6,2,1791366656.675332,1791366670.41617,13.740837812423706,166,241970,confirmed,
1007,0x96326F8bf483F8aB1dF3113f2f0A4E36e862E3C7,node02,c102ac393d0e1de45a5e987801512b1ab2d52ea1b3ddb215706a6f8e324bc711,2,1791366656.676339,1791366674.9707823,18.294443368911743,167,241970,confirmed,
1008,0xe923f137583aB8776614abA01409FE2E4C0088F0,node03,b2877e71fcd007c2e5bdaad5535cab4e34eb300db5164ae1adb12f13458a15da,2,1791366656.6788507,1791366674.9630775,18.284226894378662,168,241970,confirmed,
1009,0x8A430B479d8Bf7a31fE3fa5b582F1d0EE3BcBaA6,node04,83abb9a00427012857a6ddbe9aee4b100b9c0876e2b4599fdeb0aea2a3ccb45c,2,1791366656.6810436,1791366678.8493478,22.168304204940796,169,241970,confirmed,
1010,0xBB3de2e4f01BF827ad847031E7c6741a33faEA2A,node05,2850b3a81b4aa1b40fe3c9c1ad04bf99ccf00362f822725f7c95c7880df1937d,2,1791366656.682274,1791366678.7099667,22.027692556381226,170,241970,confirmed,
1011,0x08dc3973222FF09772Db6c3A870e2eDB49117dA6,node06,7433e1abb20cb69afd55b877757735486f0238ca7e879599406d7320d17ddc91,2,1791366656.6862488,1791366681.9103577,25.224108934402466,171,241970,confirmed,
1012,0xa734789e1901A1C0752030ea3F06e72459817B85,node07,292fa7c7a12919ed0f33683bc605b6f1f4d00e13c8c233dac34ec66c3cec4662,2,1791366656.6895468,1791366684.628225,27.93867826461792,172,241970,confirmed,
1013,0xf459567d3f6D240640479950Fdf1649948AFa14b,node08,066208f732b7d13d43f054aa821312fe02edfcec199ac22848481c17fc237ae9,2,1791366656.6979709,1791366686.5103657,29.812394857406616,173,241970,confirmed,
1014,0xea9A26207e5Eff9eE771F16444CBf5D771d02E1C,node09,5c999b0326cebb6ff66014d79d33ad387e9c3461ebffa51582c13738f37fe100,2,1791366656.6993113,1791366688.050335,31.35102367401123,174,241970,confirmed,
1015,0x207eCec508Aa8a785965a87F58A78080642FB07C,node10,a3132f3fc0a6acb4d3ca5b291518c7cfc8e713f638574f50037e89baf9e29053,2,1791366656.7027984,1791366689.1039011,32.401102781295776,175,241970,confirmed,
1016,0x04FC11C9AD485b6338B54e4f4f1375b40030B660,node11,bc8eff32f2869f79459e4902b189a2a7796b2e3c5e454d591bf98a087c56a728,2,1791366656.7053986,1791366691.1233377,34.41793918609619,176,241970,confirmed,
1017,0xEA03eF73892763668Fc9E038f771987013013f22,node12,9310f5abde169ab1058fd7c76d661917009205075e95925e2b5ec8b913afef5b,2,1791366656.7117922,1791366663.6135728,6.901780605316162,162,241970,confirmed,
1018,0xfDdAa438aEaC805fdc9295222f101a5549E304b2,node13,b01cab77876799382044ee4ceb1d36f76576c061489e8a200928a950ac41246c,2,1791366656.715801,1791366663.59752,6.88171911239624,163,241970,confirmed,
1019,0xE2cc5179Bc65bb28d1F132682D49b6f5f74c1788,node14,3f30f794162fdc16667bb6a7a81288314ed36288ee373e350351dba3b29d06bb,2,1791366656.718501,1791366670.4423745,13.723873376846313,164,241970,confirmed,
1020,0x9AD9ec7197f83FCCBA0a32b8525470c3FE08b6bd,node00,16e7d3ca65f719d7eafc457905cc1da2015c2654d4b76667d530153dda28b26c,2,1791366656.7214353,1791366670.4343417,13.71290636062622,165,241970,confirmed,
1021,0x06Cc511D10de8432E834Ae26BB59e69688f1215b,node01,b23d32520de4f4f21857becaab482f726d39aeabc809d6fae4465328e2e54f09,2,1791366656.7256944,1791366670.3611467,13.635452270507812,166,241970,confirmed,
1022,0x7e539b7f9a635E891becDB5dB55825FAaFB484dE,node02,0ecf765785b742db744c479e8531679b471746126d2f09f581730d007d7f350b,2,1791366656.7266445,1791366674.899682,18.1730375289917,167,241970,confirmed,
1023,0x50698b744689a125D80063239d62Bb24EfA58908,node03,2d0b14880798c0bb70bb03a915032ea0a8ca0bf8cca5b5562b4ba1ee5bb8d0ad,2,1791366656.729503,1791366675.024538,18.295035123825073,168,241970,confirmed,
1024,0x05CBA2222A18E586970D8952F081a5d94CAF2A2C,node04,7e6a5cc70a95803745816e21f07abab5a692dc45b29de7c4fa4a67c711cfb0b6,2,1791366656.7304854,1791366678.752224,22.021738529205322,169,241970,confirmed,
1025,0x15b9c1b34F426e63125d9B4fd17fF2281a047FEa,node05,1e224c4c3e89b497e0f437b7ba7d5b85e0fc238d42733c2d277987e1a930c1c2,2,1791366656.733082,1791366678.7296388,21.996556758880615,170,241970,confirmed,
1026,0xaE7EdB76d925B49B1Bd96f261f7a4146829A8659,node06,4cb4b080df54f9c316b3a191aae72ab77b18e4ba5190f71f28995dd177bd6e0a,2,1791366656.7342198,1791366681.9214144,25.18719458580017,171,241970,confirmed,
1027,0x609aC8aD053D8A7944E14A5b6fa690A91E2b6B5f,node07,23d8b6ba2bbc4d6316571ca01e4f01480cd7237fb226111725129714cf201d52,2,1791366656.7388747,1791366684.612009,27.87313437461853,172,241970,confirmed,
1028,0xccfcbCD2FD1F37e3a9267A86cbA304b3351a95e9,node08,03225fad57e6f4e909e5c9da6bb72fc42d139d031783eb52df33460546705fe7,2,1791366656.742745,1791366686.7130125,29.97026753425598,173,241970,confirmed,
1029,0xD140C4a88007a72E7b5E315aDFb14355B9eE307E,node09,f9d6c12fc7f70ee60965ed9ce52ade94c24430a777d9b9155af8cc1650594e37,2,1791366656.7500377,1791366688.0568717,31.30683398246765,174,241970,confirmed,
1030,0xf612474adE51f4fb5a6d495a8A45010D433Dad25,node10,169f9cd66614e590a1ce7ab759266ddd63cf8cf51b37aad1c5dce84861a04d3b,2,1791366656.7526875,1791366689.3722103,32.6195228099823,175,241970,confirmed,
1031,0x75f0A328150bb6F61Bd8826Dd57bFfC62630278b,node11,9529c73016ff1390e5c7c46572ed754195182e2153987f3656916ac6b78c9e45,2,1791366656.7540379,1791366691.126001,34.371963024139404,176,241970,confirmed,
1032,0xFd32CFBC84E9f751b9cb9767e275Ddd2559A1dA9,node12,87a4d4feaeabc4e99df18a9a867ce0b5ba8e0cfc77e01173f2707d0502e80b2e,2,1791366656.7560968,1791366663.6305065,6.8744096755981445,162,241970,confirmed,
1033,0xF2F38D0c6140AF6263e784F85E4bde005301734A,node13,0ef90665f5ed8d2530c8b2b62d69c5ef156f6543b52e59114792bed7d8e2efdd,2,1791366656.7583575,1791366663.645258,6.886900424957275,163,241970,confirmed,
1034,0xd5c3338d1A49c73480d8c4dA1213Fc72F7a7E201,node14,2e81c558759bc68f8bb08b5c324ea3e5e77718ed2c54732052f6f5f2547b1458,2,1791366656.7640383,1791366670.5888052,13.824766874313354,164,241970,confirmed,
1035,0xdFDEfe337e2e3CbA71579d0830cd47e34470ee35,node00,912a2f887229dbd5fbf94e814d5df93043425a98d45c88cfbeccb62b7c62c7dc,2,1791366656.7737346,1791366670.4053774,13.631642818450928,165,241970,confirmed,
1036,0x95Af8A1C5fbc7b874BC96bBdFE21f88c19499248,node01,be420b65725383c42b3030f49d52a9696f30701e2c82c7b332d26c21c3ecbbb4,2,1791366656.775945,1791366670.5663188,13.790373802185059,166,241970,confirmed,
1037,0xB51Eda0b3F10E36a220F04fcE3d3e8CbD0cbf3Ac,node02,7353ad26fde3dee915f40b8d6e75115e898fb5d143afed146a76dac000238695,2,1791366656.779777,1791366675.1257954,18.346018314361572,167,241970,confirmed,
1038,0xD2EF48BcD3278267A440f1D68f91d23e2C7ade4c,node03,3f195faede163690cf0c0c5ee3060dabf15a97f5a223af2f8cec55f54713017c,2,1791366656.7820988,1791366675.1072295,18.325130701065063,168,241970,confirmed,
1039,0x071fFc377e271E2817696f94c7d9aE3aC067B700,node04,252f36789e12e59a32335a8f7e4818c482576e556b05d4b5769d25d2c2371ba5,2,1791366656.7837691,1791366678.8394248,22.05565571784973,169,241970,confirmed,
1040,0x0E130d1a1E865a93ed10525C4b6953093C2d7ecf,node05,c396105087e8a153194f4c5b150c238c5ac5bc672ea521488c4d6ae949b7e1f7,2,1791366656.786766,1791366678.9450593,22.1582932472229,170,241970,confirmed,
1041,0xcd20E5E5888A9eA18C50E49b510B821d58C3f2fc,node06,9a79dd70d69e760d826b9988cef5a6ce48546fd1cf735c99acde76810515d615,2,1791366656.7878032,1791366682.0592654,25.271462202072144,171,241970,confirmed,
1042,0x696Ef30355b294A2E0Cff6F13847Db9b480EEdEF,node07,a70901b84dc66e8f34e0f2d634d9edd67800a5e23b90fe8ee513a5ea5c6a285d,2,1791366656.7900715,1791366684.5015485,27.711477041244507,172,241970,confirmed,
1043,0x447DeC0856123b002eA10308a16119018F735555,node08,158cefe1adbc01c85294a425a5f2b44fe7276cfe1c6e8e8098f2c8b0e155848f,2,1791366656.792991,1791366686.6738172,29.880826234817505,173,241970,confirmed,
1044,0xfaaf669153da0BA6F54085a49E2D95cD1b660185,node09,122fe8992fb280137e74b2efa15b6aadd74495c7209bac809f26c765d66dec4c,2,1791366656.795548,1791366688.0226655,31.22711753845215,174,241970,confirmed,
1045,0xEe96E9Bd50913F9cFDF97Aa1ae44f4BaB8db5d36,node10,014fd7e01833f44c011e32aa1d236b31f69dc3a594d37d1dc7cc5c6c20961c4f,2,1791366656.7974021,1791366689.3304634,32.533061265945435,175,241970,confirmed,
1046,0xaE92077433E2Db411352f5627595ccE823b72aA3,node11,74c2a6754344018053adefc2f8abe5cf4446e837d5bf2f6078a1e6213c153a66,2,1791366656.8006876,1791366691.0667932,34.26610565185547,176,241970,confirmed,
1047,0x8693E6B56F1ecDcAa2f9b8b1CB2032e92326Ca0F,node12,b0e126f0ca57a241487213536d90901a5080d0aff56375f8ae4e6d4ed64e1ebb,2,1791366656.8028805,1791366663.681725,6.878844499588013,162,241970,confirmed,
1048,0x7ed33C2Da02CD642732F2142903AeDB0639882c4,node13,1bdffc8b889494f53b7692070ae76c6fca3d87c5f0f6362613c3e1f059b94258,2,1791366656.8040245,1791366663.7014253,6.897400856018066,163,241970,confirmed,
1049,0x20481C3d0e559458cA42bfBc9c24AA8F0A1bc5c1,node14,0ab82f7f8a2b6c307e01894de14e31a2fb99901ec4872690c87c65f585b17841,2,1791366656.8091073,1791366670.3762376,13.567130327224731,164,241970,confirmed,
1050,0x4B22B268b06140b033c8F512661133c3842e99D2,node00,2aa6371c61b918708b205ee71fe1de3a88f8c4ce5a861f0910c165a1835f6010,2,1791366656.810512,1791366670.5384865,13.72797441482544,165,241970,confirmed,
1051,0x42543a81f01567d19FCc84a786197Ad3ED77e208,node01,d14c8544e84badceeec5a7bd1987b6fa36e7dd7ed28a05ee1b9723fb32f48bec,2,1791366656.813605,1791366670.632954,13.819348812103271,166,241970,confirmed,
1052,0x47834cdEA4EC07c26aDa02B5e2A8b7135FA1A5ec,node02,33fb1c1abe9b29333bf60c18931eb5f7bd91a3cfa6b2638b31c7678937534a9b,2,1791366656.816371,1791366675.0747123,18.258341312408447,167,241970,confirmed,
1053,0x4ca8D808b58371a4d9006a5fc14ADDBe5c199Ab7,node03,8f2c3666ee4dc5ebbd5e3a67240f1953c056adccd31ab64418415a67cc557a9c,2,1791366656.8197463,1791366675.0129745,18.193228244781494,168,241970,confirmed,
1054,0xD514C119FF0cfF936e57328f731D91b62E684f3D,node04,d628bea594d613831bf5343986953f65dd3f95790408644f497207ec6a42dde2,2,1791366656.8216126,1791366679.0409899,22.219377279281616,169,241970,confirmed,
1055,0x933ac650eE921ba2629d9920C70a34DB862dc844,node05,54d9068b6d8532b5c8adcf862ce1b082cb2e726d37cdcc0d208e72e1ae9923a2,2,1791366656.8238628,1791366678.8462365,22.02237367630005,170,241970,confirmed,
1056,0xF7a64D2fa6Aa2a3b823A2C12681CE190fF5886bF,node06,dd45457c1883c9db7c1f96ff1c86987c37ff7ab54a2e62772de0e5714dc3e194,2,1791366656.826607,1791366681.9296756,25.103068590164185,171,241970,confirmed,
1057,0x2FEBD68d4dAd5Cd0e45FAA4A856e858f7158B091,node07,3d3914d29c5c0ce0e8e9eb42c7391e5fedcb7f8f149441c584e12fabfbe57227,2,1791366656.8278868,1791366684.5508995,27.723012685775757,172,241970,confirmed,
1058,0x9dC21dE7d395c22Eb1412edF87CA24c270354Db2,node08,478d5dca26ec3db8a462936f620d423755f5065ac1caa200adb904b4bb303832,2,1791366656.8303053,1791366686.6137145,29.783409118652344,173,241970,confirmed,
1059,0x89592DaE6671f20f0e4b977bDa95c27874C24174,node09,7603b2380bc790042fed91a2aeb9bb1d5a7257cb777bd8209d541dd5482176cc,2,1791366656.8319218,1791366688.0817873,31.249865531921387,174,241970,confirmed,
1060,0x640d887bA898Aeab291D5c3E308F091c53B6F962,node10,1cdbdef706e2950af2ec1a617c7bbf96f2b6478053d1069f70f74b192a5eee7e,2,1791366656.833254,1791366689.2540612,32.420807123184204,175,241970,confirmed,
1061,0x9787683657Fc6e024f594b941Fb5f73F98d9A093,node11,f1d559b0dbe54726474367994da01eeb9fa61f8a77770834fff4b63f7ee13811,2,1791366656.8345277,1791366691.1067395,34.27221179008484,176,241970,confirmed,
1062,0x88Ef8fF48909436422Bfc8ca09266F0D72578FB2,node12,0d58e8381129547229ec139fcf0c38840040b0be999b879c03b3ce24c2625a39,2,1791366656.8388495,1791366663.8163564,6.977506875991821,162,241970,confirmed,
1063,0x304b099610b8604CEBD29D5b1D50C24712f5119b,node13,8d0db062742b9cc3e061166ab4ff41231ff33c8958ea61b697eb83d4889be998,2,1791366656.8412228,1791366663.8001497,6.9589269161224365,163,241970,confirmed,
1064,0x24DD9dd0deaC7193996D09C7e039b21B2bBE5b55,node14,ba670623926e958fdbffdbfef253961f50d63f4ac5d983473ece20a5cb1d4067,2,1791366656.8439941,1791366670.5186086,13.674614429473877,164,241970,confirmed,
1065,0x6b5C578f31dB55A5E4BAfb3e62b2C7B3e1f3E2B6,node00,b954b6031a94d1a4c5580822d10d2d89ef5b640541f9cc5320fc42dce381b4bd,2,1791366656.8481286,1791366670.6180313,13.76990270614624,165,241970,confirmed,
1066,0x69F82DeD4d1b5060733E720aDc61b14106CDfAeD,node01,2d98d20fe0bdb0f3b5fe581abc6d21dff1759856f49f2dbea3abd68fde2f6f4e,2,1791366656.849067,1791366670.7211976,13.872130632400513,166,241970,confirmed,
1067,0x82F16d4AFd2460DA9D35849Ed17D9CDCD9ea593C,node02,2b6ba0d31ac4d2e0319187995956a8c4dec98d56ce99dc1f048a13ece0e0600e,2,1791366656.852229,1791366675.2507887,18.3985595703125,167,241970,confirmed,
1068,0x33885cE51D9b88783c40B792ff1e0548644b4830,node03,e5240a5aa095209f09d6d8490c6162080564df1bc5d710a960f683721e228f35,2,1791366656.8537729,1791366675.2683384,18.414565563201904,168,241970,confirmed,
1069,0xe6c93ffcf148D920403e4C0aBD6C81d84392F5d5,node04,c5daa075612f4ec3c75786dada174c0a112723a40f77f18c746afad48dc146ab,2,1791366656.8558455,1791366679.0750947,22.21924924850464,169,241970,confirmed,
1070,0xeD3bbB5421DaF092994360d978b53D49b067fED2,node05,b127316e1277eb9031355159be5baae2118b428810e2a452f85b05ac68745690,2,1791366656.8587558,1791366678.8649917,22.0062358379364,170,241970,confirmed,
1071,0xFF2980473D14D068e9BabDf8eD105927883A2B62,node06,c669fdb65e9942f146ec4e88e0a836709b88e01cacc548877b573d55b60bc07d,2,1791366656.861078,1791366682.161216,25.300137996673584,171,241970,confirmed,
1072,0x109Dd28e2Bd3b38F445f816861B18d05618d96D7,node07,dd470cbda39d14c42a44087c017f9c629b4537b65f1059bd2956246f303354ac,2,1791366656.8672736,1791366684.5636375,27.696363925933838,172,241970,confirmed,
1073,0xb29d32144fEDEE043A004126Ad742136D14Fd212,node08,f775f57c8616bca88ee4f8c7137dc2cf96cad65e292e3e49ae6277ac94a1b3c3,2,1791366656.8695612,1791366686.5986745,29.729113340377808,173,241970,confirmed,
1074,0x9bF2389A342BD6D9A4f219dAD0D28BaE03b9b673,node09,f7e771515d100ab19de266037316671c41dfeed8cd8b17cfd03b7eb20e398467,2,1791366656.8755503,1791366688.0474176,31.17186737060547,174,241970,confirmed,
1075,0xeEEd04dFCDdc05A289B2839f4772d3C7Cd660154,node10,786f6ae3673a0f3a5947af853b690e16f467ad72e858a535c7a5aa8a2eb4ff26,2,1791366656.8792076,1791366689.530205,32.65099740028381,175,241970,confirmed,
1076,0x97215215b717a07BdF4d86cEbc4257C0F19Da371,node11,d968edebfa6e162c00bfe001ec07a37e1e6c68655ce3106f8caf16df5a746c9b,2,1791366656.8813105,1791366691.1096258,34.228315353393555,176,241970,confirmed,
1077,0xc6D4954Ff2212Ea98E00E81a8D0828336bb743A8,node12,eb63170bc12e57e59640c8d28d14cc800756b77ff42a2038b2ac3f36aa7177b8,2,1791366656.883561,1791366663.8594222,6.975861310958862,162,241970,confirmed,
1078,0xeF48A3073F48Cc495F100300e7a96AC33d757a83,node13,d7abd7f3799a1b777095822fd160ce2826338fc4a9c70a67a13c752f335742ba,2,1791366656.886616,1791366663.8454993,6.958883285522461,163,241970,confirmed,
1079,0xf74Ea3721Ab49A0511Ae8f3BeB6f900329828C65,node14,e2efaa15700e30d0aaa55f6eefa20e85a5797af19f9abd94684c6c0d25542dc6,2,1791366656.8911273,1791366670.6014848,13.710357427597046,164,241970,confirmed,
1080,0xEb2b7257209660EC7D7E3FE98bCd3e1CcF0A3994,node00,c0476a8c206d23b80515cd15d49e66cbd9fe00b79f7548de77e981354ec77afb,2,1791366656.893603,1791366670.6150854,13.721482276916504,165,241970,confirmed,
1081,0x503B2297377e42677B52A54EAA763fA869Deae5B,node01,37a154be243f1fe86eff687033d4b210f9392c79917cb356892b8f46ca75007f,2,1791366656.898956,1791366670.5074086,13.608452558517456,166,241970,confirmed,
1082,0xCd7377F1B5dF89B74A2E2f076a1350323aD34352,node02,7cf632dd136d3e2e65280e9aa98ad31eb7312b9a1bf8ecd16669c0974d66f199,2,1791366656.9001765,1791366675.3019264,18.401749849319458,167,241970,confirmed,
1083,0x22d5Fb2e5Ed137Ae69C2Eb9E3d6d1536c8D1Dd5D,node03,ef3a2678e35a15f81945f45a05f9a1c43280f0a215961aee5d53a81e7335e961,2,1791366656.9014251,1791366675.182824,18.28139877319336,168,241970,confirmed,
1084,0x3e07c61984e75ac0C85b3CD8bbcAA196B92C5754,node04,a396a62848826290d31fbef38096af4c379fb72d82af5842862ecb5c35826313,2,1791366656.9027784,1791366679.0852792,22.1825008392334,169,241970,confirmed,
1085,0x6e2F995e647608378aDde76B2d953Bd3767CCf4A,node05,0022062ef4902eca0e2bedbffe25109771d6b1888e292261156c1f1d62d5a375,2,1791366656.9073431,1791366678.997194,22.089850902557373,170,241970,confirmed,
1086,0xDdb4bA59a37A69B55B98eAfcB694a4e606277624,node06,7c7854546e98330075e9a6c79056dc43415f95267d0d8cfb05cedc55788dd69d,2,1791366656.9100008,1791366682.0176075,25.107606649398804,171,241970,confirmed,
1087,0x6EaF79999a4cC023161F3ce7385bE4bef5EC5126,node07,5d026157c7b0531241f0ea5a8b51557ec8293bd37a60891eac835c0aaadc9d74,2,1791366656.913547,1791366684.646869,27.73332190513611,172,241970,confirmed,
1088,0x36C6A4113e77569563283457833dC72b65E95fd9,node08,15e4a496c832101a5e8e277f84f1b1241c7c743595e4ee477a8765f5dc82939e,2,1791366656.916118,1791366686.563979,29.647861003875732,173,241970,confirmed,
1089,0x0Cd548FA3552799e91E85eA6edD629bd7b59E430,node09,8a2382b0d3681f6d46bc2e2747ee5537bfdfdb6506e1f426f2869a898536e6fe,2,1791366656.917637,1791366688.1846159,31.26697874069214,174,241970,confirmed,
1090,0xBc42C01D9228157156E14eB483dDEB58D1A69785,node10,90a1a35c8ff63e6cc1af567e8efe137a3dc749e7902b9e710e6c22f47e7a7d6f,2,1791366656.9189448,1791366689.141075,32.22213006019592,175,241970,confirmed,
1091,0xB51d309622C93afd326f37C5363063EAa7F7bE0f,node11,c13dbbbb6d566312e191089b9df297c3fb1021bbfe782d3cba63048363b7eb23,2,1791366656.9208703,1791366691.1014497,34.18057942390442,176,241970,confirmed,
1092,0xF17484962a6f16638daa2219c2Fc6C1580A41afc,node12,a0ccaaf5ea1eb4a67ce12392f1dfbfb0ecce045219bafe503a1bf312e9391d53,2,1791366656.9228892,1791366663.9229283,7.000039100646973,162,241970,confirmed,
1093,0x2dEA50a575DD76b161823548785d055981D686b2,node13,1cf1656935e1ee80137afced35359c1b649c32e494dfa05c4490007331306324,2,1791366656.9266603,1791366663.9091098,6.982449531555176,163,241970,confirmed,
1094,0x74fd189a9CD2DAEDa6544dD93e8fF03A6A014Ca9,node14,55b4ee75603ed41d06a8900712bc68615bad31641dc886a31ba80b1055bfb3fc,2,1791366656.930139,1791366670.7106674,13.78052830696106,164,241970,confirmed,
1095,0xB3ba7b3F22A15c1a19D71E7e5baa4531e5581e0C,node00,8efa1471dc873258c2503eab8e5e33a036b15de4b68058a506571fe55c4ab24f,2,1791366656.9328482,1791366670.6576965,13.72484827041626,165,241970,confirmed,
1096,0x699cf05b881d7750e69aaFE3C2B7E16D4095e65a,node01,5073e6de0a1fdbe7fd81643ce29c3e54de235d21ec983b2ca5534be20112f9e9,2,1791366656.934913,1791366670.7233837,13.78847074508667,166,241970,confirmed,
1097,0xb9Bea582673533f1a8F7aE711f8eA74Fa68FD72a,node02,cfe6982d0006289d2a9af7ec355380578ef58ca4fc3ecfe20e4b85fce27d1e0c,2,1791366656.9385602,1791366675.143074,18.204513788223267,167,241970,confirmed,
1098,0xabd59b86242f995B21b77eEE8f926fE9946420D5,node03,47c18b77d49ff97439e0bac5bb4a9cef52e3911685ba3d6ac2f1fb9f52063d20,2,1791366656.9455285,1791366675.161172,18.215643405914307,168,241970,confirmed,
1099,0x5A3485e16a22C7952E1A3cC0990595d29069E611,node04,a9ebbf1f431b41bca2dad919d3063279b9c003f1104222a2d9bc8e13ebce17cd,2,1791366656.9591267,1791366678.9829261,22.023799419403076,169,241970,confirmed,
1100,0x5b25675D00E776B6BDaa235212b07970ad9Eaf6d,node05,ec8a5cbd3f1410c38cf5137e4b6d6ee7217ffc82158b39dcbeec7b1f09f2b39d,2,1791366656.961163,1791366678.889138,21.927974939346313,170,241970,confirmed,
1101,0x154c40c7D23247A8A88C0F943150879EA72809a8,node06,6ef9c95b6004e4bc4e2c35619cb1ddb0fd5192c88a02632e01ddb21bd09ccb69,2,1791366656.9622366,1791366682.1065626,25.144325971603394,171,241970,confirmed,
1102,0x312F58E5760C0CCA94f1FD50fd7388F6c96590c7,node07,4d5cb5f7508d004ebcff3f339f3dede4530bb3911fba172ad29ecbe079846b5c,2,1791366656.9643936,1791366684.6034346,27.63904094696045,172,241970,confirmed,
1103,0x30737e6bC4cD1F420eE44dE62A94D6Aa69df2F09,node08,740436d15b25536380b66345e05ee404ff903a875ebb6d8b70094659c76d8c05,2,1791366656.9666386,1791366686.7726333,29.805994749069214,173,241970,confirmed,
1104,0xd1D47fA9813744529393024624730ef2dfAacE0e,node09,83ce2a90af82dc7e969277284825f7eac8160a340c1b05bdc5938ae9a1878780,2,1791366656.9690425,1791366688.169813,31.200770378112793,174,241970,confirmed,
1105,0x8eea4f5CE5F5cc613aD3bAB81094a420D62f480C,node10,0d68d6fec18201bd3197470e17c073442c1887ae598d45a77d8ed07feb27f064,2,1791366656.972987,1791366689.2008474,32.22786045074463,175,241970,confirmed,
1106,0x3CBd82C8307b795d383a5dE83fDE5AF4B71C21b7,node11,191d82a6005c5006c1776f0a4223f8259bd47cbfa035acf34f1d049aab9c31a1,2,1791366656.977182,1791366691.179494,34.202311992645264,176,241970,confirmed,
1107,0x49CB4Dcd0b406dF386a290f4C17Bb2163120c9de,node12,b890ccc0be12404942a2af3125ad6e228134ef9d6fab67b44880923f1bc60be1,2,1791366656.981806,1791366663.9713147,6.989508628845215,162,241970,confirmed,
1108,0x99B9154d54f607Eb7EEB76Ce9c47C3F464EA592C,node13,3b02924f7019ee246796be0313154f310bc4194864e82011b93544fa94cb96b2,2,1791366656.9830074,1791366663.9813614,6.998353958129883,163,241970,confirmed,
1109,0x1B58C52e16e8EA944d37115bac05cd2b88944358,node14,eddfa5ea3621b42e05158d784ce3143b65c44a18286693ac64c34f86902294b7,2,1791366656.9848514,1791366670.7334576,13.748606204986572,164,241970,confirmed,
1110,0x34007a9E0366D8C68608b14FE304A1901273fF24,node00,c459cf46e4f35fee885d2d512872a9e437fb2a35f40e73f5f09a2e833f7ac358,2,1791366656.9870234,1791366670.712167,13.725143671035767,165,241970,confirmed,
1111,0xc3BbE303F39cbDaD34dd9AFc024b0edB9aDce041,node01,8cffca97159a2b2b3c7fe7a3efc4015165b475ef07f79ffe4301003273de7f7e,2,1791366656.9885843,1791366670.907071,13.918486833572388,166,241970,confirmed,
1112,0xE78e28e559008C4cf1BA24d099fB08dd991F131a,node02,e2fb1b477f71d4da40745aabba88b69e1ea20bb3acfa7f0d2c5b45c24af29b1d,2,1791366656.9903097,1791366675.1410532,18.15074348449707,167,241970,confirmed,
1113,0x5E54B9911F4F535aEcD872964f32DbF8102c136E,node03,bff7260432f3796ef6dd2ff42767058c5c5389a41e45c78621ddad125028b8e6,2,1791366656.9962554,1791366675.4188237,18.422568321228027,168,241970,confirmed,
1114,0xBa57662009e5dDC39ff8f81183f7054e1Edb823c,node04,e49212702c3e78e953673676db62758b30d44a1fb1fb6cd62827ca76b8cf21b4,2,1791366656.9986343,1791366679.0931242,22.094489812850952,169,241970,confirmed,
1115,0x3b5846092Ebf9D95E70832fdF3CA94Bf547A3cC6,node05,353512313ba862e3aadd2e2dec532c843a027b226610eee398fc35ce4a1ff112,2,1791366657.0017521,1791366678.9955752,21.993823051452637,170,241970,confirmed,
1116,0x94ff126A87C89E3AE683F1b8618D815F23937b79,node06,8acef9662cf8f699cbb9e10cad3bb7ef1cd217cc8c59f87157c70dc1c1e4395b,2,1791366657.0056353,1791366682.0470562,25.041420936584473,171,241970,confirmed,
1117,0xc5109d4E5F7163B46Eb760281eA2516da06C27E0,node07,d0354abb71f33c2a74ebaacae50649f178b52a5a1f18868870db573151c87cba,2,1791366657.006885,1791366684.6243246,27.61743950843811,172,241970,confirmed,
1118,0x740Be61C66c73F436B77c03d9e1ce7708D06D96C,node08,002573285cd480a07ad833fc01a863562d251801d75f907911f0dc64dbc277f0,2,1791366657.0102315,1791366686.8066835,29.796452045440674,173,241970,confirmed,
1119,0xF5D3320aA5775FdbD962Ee12A6Ba883fCFFD5312,node09,73f7887ef7dd594effde2770c117bf6adc0e1b3d22882293d11add2c2f62b66c,2,1791366657.01137,1791366688.1640909,31.15272092819214,174,241970,confirmed,
1120,0x7E4034163b0AB918C2D61e6AdbBafacF46ae2C1f,node10,784bb0588b8c4bc6e7d56af22fbb25a69108b72c8c19ea8298d7350e49cbb1ab,2,1791366657.0154932,1791366689.3005939,32.28510069847107,175,241970,confirmed,
1121,0x85738c47002327F2F52670C2CB5C942eF587d017,node11,1ae0c0dfd9ebd47281f0c612fed0dc3550504d67cd4f701af75bd75ba765ad41,2,1791366657.0185947,1791366691.137429,34.118834257125854,176,241970,confirmed,
1122,0x4EB799D3b8d27814CA04444380Ac18c57E3fbE7F,node12,131613a7a92f6d8402c4dcbb2f36797901389f03a39dc36beb85031a79b6498d,2,1791366657.0208445,1791366664.0710173,7.050172805786133,162,241970,confirmed,
1123,0x50b622aab974C4e73F50F9108dc64e4ccd78a7f7,node13,35912d3b045ab7b126e5f5cb6f21136a3b959caf570d8372730d1e9eadf1895a,2,1791366657.0233014,1791366664.0461462,7.0228447914123535,163,241970,confirmed,
1124,0xdE9203cb3a9722064eACaa071381A5842D23293F,node14,5b7c1aa5b459afed03a288728219bc04dc75a96403bd0f2d7750a3c81cbef616,2,1791366657.0247045,1791366670.603877,13.579172611236572,164,241970,confirmed,
1125,0xd1eCDDdbC7078e4cFFD221b00d6DeEAd85E685bA,node00,55063ec243f1fe5abd109b6f94f9270cede3a1c0b7a67abaa61d7e6c93444777,2,1791366657.02729,1791366670.7279375,13.700647354125977,165,241970,confirmed,
1126,0x358e655208FcDd9a60d72832e32CAE562F0473d1,node01,ad3239333ef781a3ad38d3f54a2aa9c1659c908b7d87bdd996a669c7cf715a57,2,1791366657.0281022,1791366670.7417326,13.713630437850952,166,241970,confirmed,
1127,0x9298e3051eD1c88a07199a458833c9939439a886,node02,9eb532b8ba0d57bce127b0ffc8ca45e6d3166f04a5f0376dc673a9e45fa374ed,2,1791366657.0337915,1791366675.412127,18.37833547592163,167,241970,confirmed,
1128,0x7383a4B69Cf8295c5F118F9187ECd44B951d09FC,node03,9e3c9ee7628d8ab42c946c70f24dce0c77af4efa39b382fa888516af6c5c9f16,2,1791366657.0353932,1791366675.1042857,18.06889247894287,168,241970,confirmed,
1129,0x710AD260863624417FF38ee23Ab8b35D15f4E41b,node04,92b357246948d28dda3c07e08c2b644d1cc66c63be8da51a344cd175acf9cb6d,2,1791366657.0371327,1791366679.052945,22.015812158584595,169,241970,confirmed,
1130,0x7163eAc2Ace466E989B9e44619D04dE4ed254f29,node05,f7ac3fb5fbc9ee92a4dd6d4c97661cc870858d7adb84fe139a8b8020d67c8d24,2,1791366657.039585,1791366678.9545548,21.91496968269348,170,241970,confirmed,
1131,0xdb17C4b4df408524bf1fd744e72226ff59a1Db3a,node06,954091b6907e06039dac8e985db4f83a1b0401d170c34ef4dca515ac2aefaf1a,2,1791366657.0443287,1791366682.166947,25.122618198394775,171,241970,confirmed,
1132,0x3EE352AdE8Ef103f6E97C86A49196Da1594622EC,node07,fcebe919cd8732b3ab282fe4e1fcc7df26c5a193eee2a6114640fe716859421c,2,1791366657.0457413,1791366684.6427615,27.597020149230957,172,241970,confirmed,
1133,0x160883f4451Ee202DFA1eCdd17952afE7Dc5cb1c,node08,c768e1ed70f274462e5e69994019a32aa03b83c68b09a505c97c9b411737ce0b,2,1791366657.047421,1791366686.5941274,29.546706438064575,173,241970,confirmed,
1134,0x2af97Ea3ccb056b00B0d939f7656CF26dd20Ca1d,node09,79694fdb82c921eef09854058100f2f25879ff90fbf8353691d059b5fd11e97c,2,1791366657.04941,1791366688.0795505,31.03014039993286,174,241970,confirmed,
1135,0xca8C202de29D9a663200408D1d4df5df0d9f7f8E,node10,01cc5153c63daaf04236cb7d5b503b499d8fa0b71048fb2e329c745d4bed3067,2,1791366657.051694,1791366689.1801007,32.12840676307678,175,241970,confirmed,
1136,0x58e912D8732Dd41abe3C67030bD2f558E35AF7E4,node11,24d60ec22b0bc2765582eed10291831eea755a22db90c05c9afea81a94fe84bd,2,1791366657.0532448,1791366691.1453204,34.09207558631897,176,241970,confirmed,
1137,0x9909BE64A62F3193185cb7c7F3Ce3d4E388d7c1e,node12,50dfa507c3c20bcb7fbae7edee7a9d5b41840a1024d3337b4c3f7181f6774aec,2,1791366657.0587244,1791366664.1109314,7.052206993103027,162,241970,confirmed,
1138,0xf032C4f6eE6bAb3DB965bBA5ce4c97627036Af17,node13,c62be9ae00854ede71ce379c59b88a3e04169c6cca6689b7eb03f7f5849a285f,2,1791366657.0611966,1791366664.1009474,7.039750814437866,163,241970,confirmed,
1139,0x3d66426f74875Ff828229995E460155D68116BdB,node14,8b229c0458f82b3bdea9be3443c7e9fc63cea1fcfa57691f9aaaeef262059a4c,2,1791366657.0630271,1791366670.803288,13.74026083946228,164,241970,confirmed,
1140,0x19e474753FB87d47B56cEe3881f2f18c0d982d79,node00,b6ecffd594836001f9f479c6f7f7ee255dfb9fda8d1ad7cdd82ab811f24c8718,2,1791366657.0658476,1791366670.6712363,13.605388641357422,165,241970,confirmed,
1141,0x9eCb51F565765bC7E88fB776ff125A5BAD1B3E35,node01,f209a23f641589851c2d8b5c920c8cc9861f9d54dda86efd35794d73a91c7dfa,2,1791366657.0668747,1791366670.7254875,13.658612728118896,166,241970,confirmed,
1142,0x98DCfa2Ca8c961Bf935E613D35e4b45b1430c29e,node02,0ad8222b4fa532faf50f1151164beefd014b043ed79977ae9065aed8b90f56cd,2,1791366657.0690804,1791366675.1352456,18.06616520881653,167,241970,confirmed,
1143,0xb2f1aA91B4a1688f4572286eef636759FAdB340e,node03,4e3c098baceefe95ebe42961dea0cf169c2ec4cd6b38344961fa532953e71d2b,2,1791366657.0711682,1791366675.3743637,18.303195476531982,168,241970,confirmed,
1144,0x7EEC9c09B6D992027Fd550bF644E3f1bae9d3410,node04,fcf715c0f65a03b7941ac9b63f33c72fabaabe4af22b5611f87933774455f729,2,1791366657.073115,1791366679.173478,22.10036277770996,169,241970,confirmed,
1145,0xEC713d812e077E0505FC3258E47187930023B235,node05,38608692cf6e5261eb7d04972dbb7debb75cf98f18584e704603b3a70bc750b7,2,1791366657.075876,1791366679.110594,22.03471803665161,170,241970,confirmed,
1146,0xF8fcB6CA0ab50E3bB6b7023FD2dd6881620263b5,node06,a5d38f83c41a5201edc27c019102c70268722206834527a6cf1acb47fe0c391a,2,1791366657.0783105,1791366682.1996827,25.12137222290039,171,241970,confirmed,
1147,0x80C3b0D16C8b173e8339888202e18c2b7FaBfB50,node07,fe87c0238d8744d2cffd770415b58b74501595cd424b3bbb16d9f00b7d8582d8,2,1791366657.0801098,1791366684.6575649,27.577455043792725,172,241970,confirmed,
1148,0xc78Ca3763F708d67e4495F0C646D50564B6cCd9B,node08,9d0de942895b922383e46a4921ad3390c5229680abaafa5b0aa9242557ab42f8,2,1791366657.0829463,1791366686.6530764,29.570130109786987,173,241970,confirmed,
1149,0xf69759E735E64bFfB2eBf7904058C4905b4FbE1D,node09,16fd527bdac7c1a640687940f02070fbaa3f0256a8b42abaceb1f2cbc825ddd6,2,1791366657.0843244,1791366688.0760207,30.99169635772705,174,241970,confirmed,
1150,0xF1c0F7c5fd8a45608207F134db99ce34d6cF7963,node10,b4d8e8533635166deaf5155cc2ce0576f833a279ecfbb184aa1a586a11d56544,2,1791366657.086874,1791366689.1571455,32.070271492004395,175,241970,confirmed,
1151,0x4b38ec41A5c2a55D28cbb9CAc8B0462E33E8AE63,node11,648ed1b6460a5c9b016277d65f4e534d78755e888373745ddd99499f50459da0,2,1791366657.0881312,1791366691.3579965,34.26986527442932,176,241970,confirmed,
1152,0x534b0d01B25F195fD07bE5288D28609a7672f15d,node12,8d6457959a7fd8f2da49755859093d75d2d070bdce779c7a0d4ec81831e54743,2,1791366657.0894873,1791366664.1501954,7.060708045959473,162,241970,confirmed,
1153,0x113C31Ee5997A2dA465Fc479A607fdF69d2EC2f3,node13,7b2ec3811f6c359ea316f44bdf0f128e41268b13573be7d2f4bdaad9bdcc6b7b,2,1791366657.0917156,1791366664.1898062,7.098090648651123,163,241970,confirmed,
1154,0xA0eFFC21f0598D9722d6B93FCFEBD8e8B036C287,node14,f6511e8b0e3c5a80b38fc4a7e335431eb3748ee420fdd563c3dd92f3a574d6b8,2,1791366657.0934432,1791366670.8410199,13.747576713562012,164,241970,confirmed,
1155,0x41dD6FD6f9f3d6C24af6616dd9e5d3D257032dd7,node00,7f24728455e3d4f305171306acc7d97c97ee29967e889e71312cd9ad293f46bf,2,1791366657.0963547,1791366670.8626637,13.766309022903442,165,241970,confirmed,
1156,0xfFaD32Ed08b25e642C67f33925FC838EF27fa987,node01,a42ab572a6076b6eea7a7245c7ead6291fb2be42ccaadd234ea34acb58e49ddd,2,1791366657.097752,1791366670.871316,13.773563861846924,166,241970,confirmed,
1157,0x4F9F960aA31A00Caa7Fb30E698335eda4cE0F8fB,node02,4faabf08808fd663d9933b8ddfb15db021cf711ddcbee568cf5e9271078e196c,2,1791366657.1002662,1791366675.22642,18.126153707504272,167,241970,confirmed,
1158,0x8A4960a4966d5c4773d3B823ff6B1e047e6A621d,node03,bf1babce8061397aa3dbff4af34356fd750879dc0886a67f8f0d2d7a060864fc,2,1791366657.1026688,1791366675.353969,18.25130033493042,168,241970,confirmed,
1159,0xd8C80D2357255d08b1198118f10f9Bbc7121D6f0,node04,fa1c6eef3cb38020ea5b5eb57ad7c9bbedbf83f41acf58ba8a70064b73b75deb,2,1791366657.1065295,1791366679.0061939,21.899664402008057,169,241970,confirmed,
1160,0x56Ac758d29CEf71FEfE3D26456CdbFc1c3cA726E,node05,f8d45394f8cb4d68652b4bb272d106cfc03d214a6b01bdcbbc09304dcfcd95d0,2,1791366657.109157,1791366679.2368314,22.127674341201782,170,241970,confirmed,
1161,0x22d50Da10d4c3964824E56F2589Bcaa46c6Bd124,node06,c92315735ba83cb8d6455543a3d9f93fe366a285ea6ecc226f420440185d741e,2,1791366657.1149507,1791366682.1808138,25.065863132476807,171,241970,confirmed,
1162,0xf013f42fb9A13c485551a71c0e77a5eB45bDFd0A,node07,f86df56b452ec1bc42cdae910557c345362106a2fc4d3afd1fcdff0583e0ee0f,2,1791366657.1172385,1791366684.6104515,27.493212938308716,172,241970,confirmed,
1163,0xE49092be7C7d038D163037b1Fc4020794313B3bA,node08,65892d375c4579b3ca5d0d497db1dd8b2ba474dc5c6e06655bf4a0b0ae22ecf0,2,1791366657.1185186,1791366686.6315877,29.51306915283203,173,241970,confirmed,
1164,0x8d8e89c81080746b3423F236B50aA846d6A33131,node09,ef1b26ed44ee1e3719fa873ccb403eaae0b1e9a9fa8b5fbe7a4488c2943e4288,2,1791366657.120467,1791366688.08888,30.96841311454773,174,241970,confirmed,
1165,0xd411634097a4eFe5655f8264Cd70B193E52D256F,node10,542bc104d8a1bee8de61e3caf32786db61abbfb22038fac3715dc140e3d49b53,2,1791366657.12219,1791366689.2282336,32.106043577194214,175,241970,confirmed,
1166,0x61c11c1767Bf816587E736Bb851b298f5060A276,node11,c103104738aa8bd398d893484e3dee4d484cec7d86bb12f234893a3a4f6e2f78,2,1791366657.1240401,1791366691.3008091,34.17676901817322,176,241970,confirmed,
1167,0xe23C66abA0B0869583bCb95C9E5e65BB53E4811A,node12,8429f62555596942a6bbd162e8b72abf2a7acc49288fbacb68420b4bb318afa3,2,1791366657.1275094,1791366664.1924567,7.0649473667144775,162,241970,confirmed,
1168,0x8eE59c3cE640496E641CC0823087f369C1137C52,node13,c78fc966c3bb082f8a702354500f091f80b73c55c4b66e85b5ef0b8f550e545e,2,1791366657.1300228,1791366664.1943321,7.064309358596802,163,241970,confirmed,
1169,0x619faA6Aa7634e1465c85F96C8F0f7228413f50E,node14,6b5ffbf280a0b3e8fc3308bbb09b657e5b11694f0f5be660eff7df798b10893a,2,1791366657.1320877,1791366670.7888184,13.656730651855469,164,241970,confirmed,
1170,0x8D7E20885AF218066879718625a7640B58eCD73b,node00,8b9b828e11515662e9bbce419edf257e7a56d3827d5b3b4c399b291181e49b77,2,1791366657.134154,1791366670.80136,13.667205810546875,165,241970,confirmed,
1171,0x0B867f9C60c72720142f0ed23FC8A262827622cb,node01,3d67d0bcf792fe5c7378b0f9f5a0ea3e171aa8bce19a068210256029c6e2471d,2,1791366657.1365569,1791366670.8370092,13.700452327728271,166,241970,confirmed,
1172,0xA9397A8B159deFf1CB492B5bA1bb43a772A03Ae4,node02,7007a1ac0863acb0cfe17c9fb7911e4e08663a5b6db172ff4087e0521814d594,2,1791366657.138336,1791366675.4396396,18.30130362510681,167,241970,confirmed,
1173,0x2F5389F08D66BE5b9ed227089eCaa2506707ee2a,node03,bbea24a0fcc844df5f19ab66f03c1fbb8e19f504cd6a574b010ef2c9a27371b3,2,1791366657.1411932,1791366675.2450058,18.10381269454956,168,241970,confirmed,
1174,0xbeb090d4DA3964d758F29D06d033cD72C9af973a,node04,531868a7891bb4c1ab4e46f9903f40c91b3967cc02671d8ab16ae122ccae0d85,2,1791366657.1434655,1791366679.0609121,21.917446613311768,169,241970,confirmed,
1175,0x7CEA8856db60d28a43D1C248Ad26fba95D9B95F8,node05,f8adbcf6eb7348afeacc47b174095c4325d76d71594b7ffdda605303e100b978,2,1791366657.145008,1791366679.1960166,22.051008462905884,170,241970,confirmed,
1176,0xA827d5191f6A6D13290A0a45467d660638b49912,node06,548a31bdeadb7e34c122100ac74611a7ae10d6c67063c254b317498ccd0f6895,2,1791366657.1464474,1791366682.2024794,25.056031942367554,171,241970,confirmed,
1177,0x272485f79C4449Fd6Bc1A5854FBa7fDC0de6cC34,node07,d5f398f88a48d1cad6df43480fe7cdfbd206eb8fedb06e61f7fa931ab28a7d71,2,1791366657.148753,1791366684.696699,27.547945976257324,172,241970,confirmed,
1178,0xC4CA18C69b47E82EDBb0Daaea9B957B3bcEb3219,node08,323b9b4011eabbaa12722e8fb9b8a3ec5a2c45c9045bdca61d7f36122be32ba4,2,1791366657.1540036,1791366686.829592,29.675588369369507,173,241970,confirmed,
1179,0x3245fEAc88ADB0d5b7fd46C2Cd6229E56031f36E,node09,86f118fe7a3e6d9274093c8cc6ab75f375fa0a27c9e08520ea577ff38354e9e2,2,1791366657.1561751,1791366688.1051824,30.949007272720337,174,241970,confirmed,
1180,0x3279D0D7c172d8C63dD86E29D193FBE445061C1C,node10,52196a1faec98a75dc3f13ed720fe537c27aac84c65613e2107e0890e65140b3,2,1791366657.1601918,1791366689.2471092,32.08691740036011,175,241970,confirmed,
1181,0x485eA8c3e7564d75BF581a4F72DDe222d788e7e9,node11,8d9173888ad85d5a6b0f9dd383dc579d155caa0fdcef9b5a9129a633afd019a1,2,1791366657.1626706,1791366691.2006993,34.038028717041016,176,241970,confirmed,
1182,0x3c475692F82f05F7398c5d5aB9012893E4be24b2,node12,569bd67d71b0f124a13bc2cf058b73308cddc96893aff74a12cf14fc7c3b0b6e,2,1791366657.1671293,1791366664.2520406,7.084911346435547,162,241970,confirmed,
1183,0xB00E0A07b5EEaee6EDA9eCE44327E587724cE056,node13,51521f5353c71370351627f87cb2d01bef9eca2d239f840220ba9bbc601cacd7,2,1791366657.1695063,1791366664.2472954,7.077789068222046,163,241970,confirmed,
1184,0x69f9eBe17bCaaABe66C5c64f863c67A888d42f5e,node14,efc3d342d7b4971397827e9bba3e2269624abaf93b9e00aeffd57c90147d3493,2,1791366657.1719158,1791366670.930132,13.758216142654419,164,241970,confirmed,
1185,0xf52b610B2a4620616a1eA1F60710677c259b0f8e,node00,b988db00af014ec2b22f917d954854ee48eeee27adea0d950613d60d5d093a2a,2,1791366657.1735244,1791366670.9844527,13.810928344726562,165,241970,confirmed,
1186,0x6e4123d5DD05e05E2d7C5De1F56392D77eE11E7A,node01,f097ab2587b5638e14c0cb73a31f7a2f971c160317a0507c591d2076953d8288,2,1791366657.177749,1791366670.8698418,13.692092895507812,166,241970,confirmed,
1187,0xEdcaE07400f32082320B6285d812532De2dbe3ed,node02,ab470ee45bdc3bccf50e1bd4c4fad230f204eee9516841513332f00e28217598,2,1791366657.180019,1791366675.3623967,18.182377815246582,167,241970,confirmed,
1188,0xDf9AC5D6F6D8AaA848E16E963D402182452706C8,node03,60212aefb84ccd17cf50a91ccfdabee3596b555145306c9ca833a6392d173f85,2,1791366657.1820498,1791366675.3531394,18.17108964920044,168,241970,confirmed,
1189,0x8f3e7bF2b0C281e3a6E0A614fA5dA7159718e90f,node04,36fb624f3fb71d90a502df012ca35e6e1d19d65fa85fbf9b13736e9964e607e9,2,1791366657.1842015,1791366679.1497386,21.965537071228027,169,241970,confirmed,
1190,0x7d3b24D5B0548A5e16E2fE51439FED416ECD6ceB,node05,3b524f4da932d72dfb6ce7984aec13907dc01f0acf1cc72317de4b4bbe6764fa,2,1791366657.1872432,1791366679.1816165,21.994373321533203,170,241970,confirmed,
1191,0x13845C76aB6c5C7Eb9a9053935fD35913113f999,node06,c2e17bf11d1b69f89c14cbae211b1ec12f2bebe05f90d14441f764fe4b16d960,2,1791366657.189864,1791366682.204563,25.01469898223877,171,241970,confirmed,
1192,0x701e2CE811De69fd6F41177D0eD4D21497aE55eD,node07,f9f4d220a5be124b4d6683dfd3776d6ad9263004f9128ebcc56511572cc3fe75,2,1791366657.1946375,1791366684.7549121,27.560274600982666,172,241970,confirmed,
1193,0xC58eB3E13Ab0b74Eb95FAa4d6B6268787F24bDE5,node08,2ea2eb10d597ed5cd996310d02d4d33d8288ddc460647a6846a285510cde258e,2,1791366657.1968899,1791366686.6186166,29.4217267036438,173,241970,confirmed,
1194,0x9594a693a0f103eA779fC3031F4aA272cB7eaAeD,node09,a8730785fa697c87a9404d6879d4a8c1c8bad53789f99e05a7ea5468c905b936,2,1791366657.199283,1791366688.2276933,31.0284104347229,174,241970,confirmed,
1195,0xFC62a7AE48b79B36F5B4Ac8b86f447c31d7dB7E0,node10,a18749ef71ba27f8406c524b9bba9ea10440e82e03e1b9acae825b1e4b74fd83,2,1791366657.201981,1791366689.6304817,32.42850065231323,175,241970,confirmed,
1196,0x2Fe347EF1A843ec228e891e3Ea5A53b85650Ef83,node11,4967f168565382fccb70f11a88a6e803cb784ef51a88675c7cc93e2ffb7dea0d,2,1791366657.2039378,1791366691.2109058,34.00696802139282,176,241970,confirmed,
1197,0x2B10BE614476540c3Ce2f69D1d79E3F699A78F0C,node12,e33a9543f9713430f852b2926ff8c1293d6e590866b9c164c22d1f38751b57a1,2,1791366657.206845,1791366664.2916293,7.084784269332886,162,241970,confirmed,
1198,0x042E2E9267709B6E587823c60843c7E08C348E14,node13,6bc87b3b7ddbc23903acc48182773c4152798381d84e9e2d04f7fa3cdf91aa4e,2,1791366657.2093976,1791366664.2889392,7.0795416831970215,163,241970,confirmed,
1199,0x0aeFce7e64628b5ba5Cf65C75ABF1D7052EE1885,node14,8202ce245f67fd327b670806bd80371f66baf8cef7316495ff6f8e04bfda2004,2,1791366657.2119167,1791366670.855137,13.6432204246521,164,241970,confirmed,
1200,0xdaa7198Cff6dD7922E31c78eA2bEC8cd2373327a,node00,2075b1515dfed55a6e18b937f20a151052019fdb599de96e555880441517757d,2,1791366657.214587,1791366670.8145006,13.599913597106934,165,241970,confirmed,
1201,0x2d8E5B270bfcb53EA0d85Dea2fF3AA5147FaEdA6,node01,e5241cf6924376c3c4dca8add8dbb66a55130804f51d7b1c916962f1a58e195e,2,1791366657.2164214,1791366670.936777,13.720355749130249,166,241970,confirmed,
1202,0x6ae1d0b4d25b70CE5221E273818f37f9Ee473cea,node02,1f7fb3166318402d43f7fe21c3ce9004740ba21d948cc9a69e84f1ef11c1e0fd,2,1791366657.2215602,1791366675.3668225,18.145262241363525,167,241970,confirmed,
1203,0xEF0C1FE60FF7013022F09995818Ab0AAC71d6e03,node03,77a559d92ac1104e6771b73613585e110d6b3ffbf1973edd5dd07ad572903aeb,2,1791366657.2238624,1791366675.3513787,18.127516269683838,168,241970,confirmed,
1204,0x8199573127eDb655f40789E85bB99632e5819A81,node04,de97e6d4b3eadf4df410fcede994c96618dd552bc341d9d59c81066228429461,2,1791366657.2250118,1791366679.1693213,21.94430947303772,169,241970,confirmed,
1205,0x5af35c8BfeF7F81D743234FF188dB33CBC5cae97,node05,575ffacb73a56ca286f741a7cf5e53e3f67308f31294f545571ba3b48ef1883e,2,1791366657.2278774,1791366679.0954554,21.86757802963257,170,241970,confirmed,
1206,0x8FA23653049C9259b272E51987462b68E89A9B1B,node06,0abed2d1f7687d2050a6af6c083a122af04624ec3effef55dd07bc5400094b4e,2,1791366657.2294319,1791366682.2897456,25.06031370162964,171,241970,confirmed,
1207,0xB008D15b8cdFc2Ed8e6e6942902c2d4D8B600830,node07,5f442e258aa2e4c3fafcfb88af95e5ceb9badff15cae3b0c9e9e823c1980b9ab,2,1791366657.231223,1791366684.6846821,27.45345902442932,172,241970,confirmed,
1208,0x8DECbE691986a5fa04338c408f8355e3e0b086FA,node08,dfa84e7aa242787edbed7332bf871a062858fcb028c328b8c1db541a9936e44e,2,1791366657.2337606,1791366686.7398136,29.50605297088623,173,241970,confirmed,
1209,0x19dD374CdC00D66b0df99910FAAeE7141d160247,node09,0e42824b66561afc53f976c44858cc245dde3727e9815b07520ca7a828036577,2,1791366657.236099,1791366688.311365,31.075265884399414,174,241970,confirmed,
1210,0x117fB2a42BC72aEB9Bd13B5c42AAEcDba2e3c123,node10,29510075d8ca5bc92c40d134a6319f3104c84d33aceb23d9a199781c8dbed199,2,1791366657.2376292,1791366689.1733558,31.935726642608643,175,241970,confirmed,
1211,0x953AAAd075DDA9e2E6bEA16fFD8B76D367C55407,node11,d8b3983298263b1bd556f0b34a2438dea11ef896807ecdba6f42c69360167b97,2,1791366657.239799,1791366691.1181014,33.878302335739136,176,241970,confirmed,
1212,0x4B7aDB2FE473Be6D9d1275f56948A4d2f5aE00f1,node12,74ca9f713988782749f56f811189f5dca83994872bf1182937b046f24d08f448,2,1791366657.2452216,1791366664.3315103,7.086288690567017,162,241970,confirmed,
1213,0xf0B3Ec0Ba977ef9e6f6aC7bD10d145F85E4582f9,node13,ae23b920ecbdd3ab74284daa4d79be580ebfedd74fe7eaf7439cf3de054a565d,2,1791366657.2478986,1791366664.3314126,7.083513975143433,163,241970,confirmed,
1214,0x746e42cd89A757382ad4Ea5D5389bE9daC0614D7,node14,55dc8eacd9558ed41e8bdc5bf77042148fa2111fc694268d6367a77ea8230ee5,2,1791366657.25037,1791366670.9558196,13.70544958114624,164,241970,confirmed,
1215,0x9caa2f54d8d07A4869Cf08619293e6c061AF42C4,node00,4bde22e40e1391c7f9a6a98d014ab8ebab82faacf00b626a2aaf97d184f0e6b0,2,1791366657.252311,1791366670.809591,13.55728006362915,165,241970,confirmed,
1216,0xC811CbBDE0eb660c14Ca9a29dcB3E614A03871a7,node01,2ed46fec130ed6b5dded6ef256f96bf00f13fbdea1c873362fba6d7feb5dec09,2,1791366657.2566173,1791366671.0795546,13.822937250137329,166,241970,confirmed,
1217,0x13Fb0f4FD0022d56bffc9999197429BD89402e58,node02,05c1c9a159ba3c2db5a30a4e6b9c9cbd31fb4841374b324975ca7566d8980633,2,1791366657.2595005,1791366675.454557,18.195056438446045,167,241970,confirmed,
1218,0xFE9690e7c335dd2503EBC48E63931917097Bb29E,node03,9e9704dcc45f8a9180b1063e448e6ea5049ebd5dcc6c351dee79ad99a8a42b5a,2,1791366657.2609048,1791366675.4641218,18.203217029571533,168,241970,confirmed,
1219,0x76dB9bcC71C7829556be6c8eF19D4e0e9002a529,node04,ddb22aaa58c7a480369428e0db4a77912b6d9b9315f710cd4a429f4f15aed24f,2,1791366657.2627096,1791366679.213727,21.951017379760742,169,241970,confirmed,
1220,0x48b83A1aeD3De5d2604bd779eB2521D490a97196,node05,32b3b5c344a5b1a0dde23a9887bdd1909b59cf1865abe3725d6cb5c0bdc0d1ee,2,1791366657.2654073,1791366679.2252696,21.959862232208252,170,241970,confirmed,
1221,0xdE39c67dFEAEBd039a8a5d9e89F3e2C55B916348,node06,563699ed03dde10d541119558c8e9de5c26af9e3aaf1ca2ab45206f7e451a6fa,2,1791366657.2666385,1791366682.2320406,24.965402126312256,171,241970,confirmed,
1222,0xD2ac686d19eeB1d0853501CA227E8450b4B002EA,node07,e50e679f23f5152810e353dbda390c1a0ec535a36fa9be62248813879f866d2b,2,1791366657.2688487,1791366684.760714,27.491865396499634,172,241970,confirmed,
1223,0x7aF04D6f5cD8a174AfeF13023512703ED1B4cBC2,node08,53159bf7265b9d5dbbec0bb2c45c97c5668a447885aaeb714c969b0db0c376e6,2,1791366657.2712448,1791366686.725573,29.454328298568726,173,241970,confirmed,
1224,0x1736348356cc340e9D60cB0217c915145d60e196,node09,178e9b4b4dbb81f1139d48aee3cb63f1fa0f54d66710d73cedc96e3e2f314e54,2,1791366657.2734964,1791366688.2668045,30.993308067321777,174,241970,confirmed,
1225,0x0713296331Ae5489061681131759265cd03F7B74,node10,f2968b319d250be9120b4be9ec577f759b50c9bc7356f652cfae02cf67040c2e,2,1791366657.278117,1791366689.2414396,31.963322639465332,175,241970,confirmed,
1226,0x8Fb01736Ab8B4141433dF21D0FA8C4276a92E67f,node11,cbb78a3972b7ba6dd364f4ecc441a85baf78f1502370c0bd590278fa85dae49e,2,1791366657.2831159,1791366691.2456694,33.96255350112915,176,241970,confirmed,
1227,0x3C5a67f588D3cA4311e6701bce46318ac908D38F,node12,5a0d1745339d77c2f5af8c0a067415bbcb9123a9bd78ecfee996203b61398085,2,1791366657.2846684,1791366664.4151819,7.130513429641724,162,241970,confirmed,
1228,0xd0a3C00D3144176F544684443273ef9c8A6a7396,node13,f27da95d337b89497a8bdbbdba2d0b5855e3361c4c065e7c7da1f3f5fe2b89d1,2,1791366657.2882957,1791366664.4045482,7.116252422332764,163,241970,confirmed,
1229,0x52c749Beb4fBc92dd80BcCD6f56842Bf38e2cc89,node14,7438820bde365fe30bfc93f0a57b6fcec7066b4228c06eeeecac215e1bc2de31,2,1791366657.2925963,1791366664.4255722,7.132975816726685,164,241970,confirmed,
1230,0xdFBB09D1113688082CdA53A44920d850E8ebd399,node00,d5e4d3d0dd8f7c789b40139ad32d5a27c7269b0c2fd3114cb1eddf762c95619b,2,1791366657.2942467,1791366670.819635,13.525388240814209,165,241970,confirmed,
1231,0x161D399CB5722D6760572f5C992ADFE8988476b3,node01,d290f391a26fbcc5947cf3d91a682fe0c209d5e7c0ef19c9aa0d50cbc53c74c5,2,1791366657.3005595,1791366670.972415,13.671855449676514,166,241970,confirmed,
1232,0xBa6574Dd5aF55226deAdc5Ec73a1Bd4BFe591fDe,node02,ce048fcf55e247d6fe9028840d001798857a89191f593c6563cde55fac37ee1b,2,1791366657.30206,1791366675.4304616,18.12840175628662,167,241970,confirmed,
1233,0x5e2D8ec2664098531f5f5Fa38C20De59701f4816,node03,ca8418791f4f917fcd46fc3b62d8ca409fc9d6917cc059de2491f5824e648f74,2,1791366657.3036265,1791366675.4907746,18.187148094177246,168,241970,confirmed,
1234,0x73508967d29cB49DdEe04ec7096fC79950D62D2e,node04,8563a015eeed6666b3d500ab9cd29fdac5df0e32299bfbdb89c87d3bb72ab326,2,1791366657.3045921,1791366679.2862296,21.981637477874756,169,241970,confirmed,
1235,0xc6e056450f75C8Db387f9F2bd526F6a89E15fC44,node05,e148af4397679dc6b1d6145fd40c2fb4a073de25c49905f9a8f153e21b51db22,2,1791366657.3116953,1791366679.24334,21.931644678115845,170,241970,confirmed,
1236,0x289507EA8aaaCfa318229bb6c29cd8850f7AE5B1,node06,51abc419900a330cfdafe3496c33f252a04139f98ee2c25cf9c1e615bef8f5b9,2,1791366657.3191235,1791366682.1400638,24.820940256118774,171,241970,confirmed,
1237,0xFAF4C3F44fC31D0acdE3345725D91A433400DE26,node07,86c735bda213bb44295995a785341f7afa23cdfab2cd49eeca0cefb0f7dd0b30,2,1791366657.3214598,1791366684.6899824,27.36852264404297,172,241970,confirmed,
1238,0x2cdA41DB0f697D4D21e3F64CBf0D9A86A78dDDfA,node08,d526f5d16e868390c72cbf9d38c8b720c4fab8f9b06a62536fbf727b5e167d25,2,1791366657.3228312,1791366686.8004198,29.477588653564453,173,241970,confirmed,
1239,0xf1afA26DBb36C8fc4C60C5805556a46ebc42F430,node09,d81f36c0af98ee6cf4a43043942de22cecbb9735119b034c0830d6942580ff58,2,1791366657.3247273,1791366688.1674936,30.842766284942627,174,241970,confirmed,
1240,0x05c70f4272b4A955dd58b1B1Cce1ef01AbdeEAEb,node10,e4d1d9330e52830e3dff1127c641cefe5d1d1be978795cdfc895592186613a2e,2,1791366657.3283582,1791366689.4660792,32.13772106170654,175,241970,confirmed,
1241,0x0B4c4dF5CA32428F2aDd5A7394e1034aFD561F93,node11,8d3cf69ccb4d7e46a1f36bf920c1450e2ab9a2c92b98eaef4b866ec2516312d0,2,1791366657.3320067,1791366691.2147384,33.882731676101685,176,241970,confirmed,
1242,0x3211346A234980E7c2A58e04D3c066eB38B751f9,node12,5040d81fa260c7746773d588cf9134f3dfb4055f6bb94175cb91a6664d122859,2,1791366657.3358495,1791366664.4393315,7.103482007980347,162,241970,confirmed,
1243,0x539e1de3b4f02e8b22A2A84304C07A71e62ac521,node13,6a251d4ce9da1bd9e816e445fd78b9927133a0d490aa81330f945d17eae044a5,2,1791366657.337845,1791366664.4533684,7.115523338317871,163,241970,confirmed,
1244,0xF6a797A908ba1EAf645DB8EA6a2C6d794d18Be0A,node14,d8a0595de77bb88a2425efc75c998a87953beb92e6c0aa981923293037ddca2d,2,1791366657.339197,1791366664.4753597,7.136162757873535,164,241970,confirmed,
1245,0xb25e5431331d33a2025D086d8Ec13B9D8099C886,node00,c17c929c32f7b09c546afa4cb5df3ae6a8814a6bb4da5d22ac84ce887bc290ec,2,1791366657.3410888,1791366670.9465318,13.605443000793457,165,241970,confirmed,
1246,0x6cb34Dd03B7EF33498705D7D723d584a3C0E776b,node01,4257ef7bd71a7223bed3c08459ec2eb7e0275c7636248983b365eef04cbbfa63,2,1791366657.3429754,1791366670.980178,13.637202739715576,166,241970,confirmed,
1247,0x75556FE2B832163AF4d7B6F7DB138068a0eBFeBB,node02,50c94649dfad29cef41f8ebd87e64380d834743c1eebbc1f964bf5da781f4d6f,2,1791366657.3446493,1791366675.5199788,18.175329446792603,167,241970,confirmed,
1248,0x76E333B0CB5C2B5cEB99B7c2287371683BE9066B,node03,7ae920df59946d329f7e0bde1155a7cd0169e37b9d022abcdc29f470ef85aafe,2,1791366657.352789,1791366675.3798869,18.027097940444946,168,241970,confirmed,
1249,0x5a4Db4f17fA03F1eDAb7839e16BBC264D0d7A910,node04,0074d330b94f1542887f9645785d34b705bb12c187deb768d63f0ba040922843,2,1791366657.356236,1791366679.1259067,21.769670724868774,169,241970,confirmed,
1250,0xc29e73eB3b40FBb98d287D76c8CCE4838Cddae3D,node05,525952b97f199019a4faa2ddbd30077d93264c6a28a3dda4ce4cbcdaf22e44d0,2,1791366657.3591316,1791366679.2684333,21.9093017578125,170,241970,confirmed,
1251,0xDC8840a8D08a1fbd74914acA10d6D99C314d8a5b,node06,49e00f5af0564cc09a093e1ff5fda76b6fdd8e1cb1de9ecb5fc8e6e652b8cb9e,2,1791366657.3602545,1791366682.3128643,24.95260977745056,171,241970,confirmed,
1252,0x4eB030334073D83502f1E80C1c7D0355C10aAf75,node07,d851a23ec3152daec781c5d15d4a9ee95137445afacc436e4d4a689959d4cd0a,2,1791366657.3644557,1791366684.6557178,27.29126214981079,172,241970,confirmed,
1253,0x4EfD182B6207E81C2b66847eED28c677ff93AD2F,node08,5c8b7f0417d4bf1e1f28971f01d58c567533adb46fed9ecb318bd00db9ae6904,2,1791366657.3700602,1791366686.701196,29.331135749816895,173,241970,confirmed,
1254,0xbb2a997b1c32663474cd2f9B63047C4F98B41e93,node09,766c827d8fc2be2eb738b20f9a3bc3ecfa562f1f240d9fc7698b5f71bf821acc,2,1791366657.3718364,1791366688.2558134,30.883976936340332,174,241970,confirmed,
1255,0xd2090C60f925FA494f046D655A58A616D2034b31,node10,40a3a9d647480ba5b2f90ec8dd35bf2436ef995db7f593e8cf064de6fae16f06,2,1791366657.3762171,1791366689.2606175,31.884400367736816,175,241970,confirmed,
1256,0x4355dc8BF7A1027cDD8F31c01D94911D22CE59Aa,node11,d9cfc8a480bdf528b4e8d840a2ff3923a644cdf0adf628e5f6aa82e55036f379,2,1791366657.378127,1791366691.1552756,33.777148485183716,176,241970,confirmed,
1257,0x99a49B7A78d2C8f3d7E78d885ff7866d2718385E,node12,ffcd889725e1831480ef8a62e4d98edc1bc23b9013a951af4950ea4ddf7ae729,2,1791366657.3795934,1791366664.4927328,7.113139390945435,162,241970,confirmed,
1258,0x052365f14f745FB0eE32d06D4e628102eFAeEEee,node13,fe2ad211abb8c447ed40e08021eed16213cedcd225a30179333d4629954a19bc,2,1791366657.3849282,1791366664.5087354,7.123807191848755,163,241970,confirmed,
1259,0x546F64f9A911D3BCEfF198ecc5875f086A570380,node14,d89466d0c864e42271691b320756bec17e43df29f314a38c8d766bab0452ca55,2,1791366657.3865645,1791366664.496217,7.109652519226074,164,241970,confirmed,
1260,0xa02cA06122f44721D4dFEEb1388f9EB730A76745,node00,d6c7c25647eaff3246bc448510b4046ec0178a864e20c658c99e98fca25c7ca3,2,1791366657.388915,1791366671.0496302,13.660715103149414,165,241970,confirmed,
1261,0x636881b2e6156531D06e3164E07DB8dA063D2A58,node01,6f080dcc985eab5a674cb42d5681510eaf6d63471538129f4e6f83b2ef380c5b,2,1791366657.3933809,1791366671.0218537,13.628472805023193,166,241970,confirmed,
1262,0xdfa78cab96F7e448F353854cCbc5c4D2c23Eed19,node02,bcc61229cac11a0d18ae2a8e22bc059e1bc3b6c278266db045ebe8160d2e41b9,2,1791366657.3951683,1791366675.4274938,18.032325506210327,167,241970,confirmed,
1263,0xc379aB4A269E53a064Af820f4b999d3018912071,node03,1eae0261e2e559c4f4bcba71c88d138a9595c31e293fe8be7aaa6a561049f09f,2,1791366657.402378,1791366675.3995402,17.997162103652954,168,241970,confirmed,
1264,0x0E92a06268Eb5338e2c6a13dF43b912CDb1937f9,node04,711cc63df9855c51a59bf8648fbecd20878a6c1fc05b25dbf2497beb66e24e4b,2,1791366657.4052396,1791366679.2303596,21.825119972229004,169,241970,confirmed,
1265,0x380AeB6Ac06A0834753E3a41D38FCF9C4452E40E,node05,67233ff7635f940f9b988e12c2942999700c06922774e2ff0d181d18ae3eaed3,2,1791366657.4083788,1791366679.266626,21.85824704170227,170,241970,confirmed,
1266,0xD0769d3Ff7B1D994C90Eb001AB46687945492271,node06,84306b893d5af59db3d9d3bb643104efcb500ca719b8c10463f18c1c4430dd74,2,1791366657.4124079,1791366682.2812698,24.86886191368103,171,241970,confirmed,
1267,0xA3de3A04954f8F2c46B121AC09a3c60F850c5E1E,node07,08b2dabc82e5f04ffd82459a5fe2c5f2d25f9df93ac69de48fa1ba219c94d75f,2,1791366657.4146826,1791366684.7164915,27.301808834075928,172,241970,confirmed,
1268,0xe7B7CBE68f5762582880aD59C3D345a11F893f74,node08,4180e51f41653be34cf206bb0a7df6ceeb5cf70ca59d5916fad8e0c431e853ad,2,1791366657.4167836,1791366686.7238886,29.30710506439209,173,241970,confirmed,
1269,0xD786970cdB67c9543c6e55efF36c3DC79db137eA,node09,4fc77c99c0392d5a12d846d4dec90d9fb498dcfbfa2ab247123e0109fe1a5a49,2,1791366657.421771,1791366688.2524984,30.830727338790894,174,241970,confirmed,
1270,0xF95EE600a9Fa6F68C4a17eb1d571C25512e2E46f,node10,195db3ac39cb183872e30b31f6fa5e3b996bd5d422bb25f83a156634f26f8711,2,1791366657.427259,1791366689.3202927,31.893033742904663,175,241970,confirmed,
1271,0x17E68510b748A7dCA982D7bc979cB74654bb84db,node11,2973959e386393d671e0a44507b2d8303b9738969bfbbbffa165dca6d226670a,2,1791366657.4301558,1791366691.1519995,33.72184371948242,176,241970,confirmed,
1272,0x109A8d4b0258d712599b7DD293EFD157BF19b4C5,node12,5e2c9e324d17159f7e9a3b3e74c887d9dc0636e177a9b215169b8dd77b79bcff,2,1791366657.4336088,1791366664.5551646,7.121555805206299,162,241970,confirmed,
1273,0x9b34C7b395AB1Db0e59d158D167EF5C43cDc6F3a,node13,5d87ff0c48e3973cb6d2a758d77d87ef2c302ab733f4cf15f039c4c1474563db,2,1791366657.4454346,1791366664.5392885,7.093853950500488,163,241970,confirmed,
1274,0xB2277a1607E85a70D2d888eD98318e6972ed42a9,node14,6c889a5670b6d204a4a13b37441b08795de076fb18186d6850dc4aaeae6b68a8,2,1791366657.449538,1791366664.534603,7.085065126419067,164,241970,confirmed,
1275,0xE205486Efa1661A2E176D530429Dc7661569740a,node00,2bfbff42556db301715a3f2ddc912b26a7c54454188eb17e727a93cfa1f45df7,2,1791366657.453144,1791366670.9929228,13.539778709411621,165,241970,confirmed,
1276,0xcAD5B3C80096F5a76A7D6463A6AfC09b3DaB1500,node01,dc8b3856b7c0facc49dad1acae50972141bc0851e196be9878b45d2a8c844cd0,2,1791366657.457208,1791366670.949281,13.492073059082031,166,241970,confirmed,
1277,0xE15D4d29A1A0BDB5e487F3abB7eb0a4D02E338F5,node02,b69df0e1bb9bcd0b39e6b13ab875b91eced0d33637be0b090eafbe24d49347d6,2,1791366657.4587681,1791366675.5088773,18.050109148025513,167,241970,confirmed,
1278,0x2dB244Df83a7874A0b9c002FD72e88750fDac555,node03,5fed5f83267f020cb084880b8a29eeab474eea5746383887fada60704002c9ef,2,1791366657.461232,1791366675.389546,17.928313970565796,168,241970,confirmed,
1279,0xb2b3c204e14945a94BC0d15873c8Ad9e4DA691Ca,node04,8d1585c47447f2af993fdc21a4f0791166e227e7e144f4ff38d86b23c3350aec,2,1791366657.4633827,1791366679.1913466,21.72796392440796,169,241970,confirmed,
1280,0xD532979623d65924e40a975339efb7F377A77669,node05,f7e26057aaa551618bd34d39947be3c9cc148770d80fa1c3d9b832565a6e0f6f,2,1791366657.4673216,1791366679.2010527,21.733731031417847,170,241970,confirmed,
1281,0xDAA7dFD6C8303f9f59890E869879F82b1c66a862,node06,e5cd4f2e6f5be6352289e5368fdc4f0ed02243c9c60605869586557a3bf3af64,2,1791366657.4705024,1791366682.3112915,24.840789079666138,171,241970,confirmed,
1282,0x5ac04B8b5C54943A05564a4f1Caf39889615a2EE,node07,c46bd3c436b25326391c04e438da1f1bd8524d2633f55c9620fe7d90be5509d6,2,1791366657.4729095,1791366684.734533,27.26162362098694,172,241970,confirmed,
1283,0x291f59B6318EBbca648003d49070e84504cD8FfF,node08,9d00b6e621950b01d2679f02570e0a8e8d9639a28e55b00258b9cf17898616b6,2,1791366657.4749887,1791366686.6927598,29.21777105331421,173,241970,confirmed,
1284,0xf8624e2760934aAD22450A5e7193bD1a05cA6986,node09,3d21f0d344ad745aa2e1ee5190e5eb618e35c65daa419f276cf8ca0d1c27c4b3,2,1791366657.476823,1791366688.1409738,30.664150714874268,174,241970,confirmed,
1285,0x9170B8Ec6289C7c6c42e3E28F67Be5f9f3aFE535,node10,f6012f5d538ed3848e5849b891d9434fe881bd8354216c32bb1308d4d2eabe73,2,1791366657.4788256,1791366689.4478743,31.969048738479614,175,241970,confirmed,
1286,0xc90B0fC866Bed7A8f4F63f907142738909c348B9,node11,0332c706648ef1c0d7dc1c5841f82676b923477effaa7cc0d2d5bf23a11641d3,2,1791366657.4804428,1791366691.184455,33.70401215553284,176,241970,confirmed,
1287,0xF736e7171B0F9f11bb24e04e2EE1a091213F9AdE,node12,85975e5f05a6f0c17e0d99eb2223fd844eee9b53096425a9a817d828dc3e5ae5,2,1791366657.4833238,1791366664.6235602,7.1402363777160645,162,241970,confirmed,
1288,0xc3BE70C3fCE91A76a7748Bd8Ccd203aa7929c6C0,node13,8b93e5627d6879b7290a35af87883817e69a75c07db525200256b5386e59bd1b,2,1791366657.4864435,1791366664.6866083,7.200164794921875,163,241970,confirmed,
1289,0xD913644cF12315f4dbC20D4773C7d6aB71719864,node14,9a16cb6aadf3ffe5739d0bff3f8bb9fa13644363f0cf48781ffb14f999f779d7,2,1791366657.4914212,1791366664.728507,7.237085819244385,164,241970,confirmed,
1290,0x932837ED0621c1bCAEA72f9FB0358c0dB8aAE1ae,node00,26372376053a25625778a249ee5636d0577b8434178015705dfb7f08a5135cd0,2,1791366657.493682,1791366671.0707288,13.577046871185303,165,241970,confirmed,
1291,0x59020b05b87Bc1501Bb2BE88b8f65F2eB9Af167f,node01,a78622a855b28587c978c270d6d3e5942c44f07b5de34522437fe26b83d808ce,2,1791366657.4960856,1791366671.0242608,13.528175115585327,166,241970,confirmed,
1292,0xf6D169067427801427dcfc3968fE8E330F0c9d53,node02,3edbfff4bb8f46e1fdda8db3c71d5cf7bb5daec13d80a12379f23caa9b1c1b6e,2,1791366657.4985528,1791366675.473394,17.974841117858887,167,241970,confirmed,
1293,0xa6b6d1c7931FC8eE6879f3faD844A010b5b8719C,node03,18e90dd94c112be0a0c54db8d3a221969f07b54ca0d9ad575e31a1710d27a044,2,1791366657.5030692,1791366675.5256217,18.022552490234375,168,241970,confirmed,
1294,0x19e7356af9F26468858389F6567eCA86e03F5D2c,node04,bbd866a7cf6b1d940713949bce42aaaeba011aa82af4afa25814e6d1310135f9,2,1791366657.50909,1791366679.2703164,21.761226415634155,169,241970,confirmed,
1295,0x101D1a7a3a74CAB799627777e3D1177c1f115cE2,node05,3558465c76fd9bc6db940fddd9e28a6d8f53bd17e7a7b8354a723b0c6d2da0e6,2,1791366657.5122135,1791366679.2279003,21.715686798095703,170,241970,confirmed,
1296,0xec0756ba6Dcc2ec7F5A900984B80d1fd7A1150e4,node06,9bb212154b01f7babc6997c8a6786de9ac982b07803c95588fc2f9cbd641f16a,2,1791366657.5136182,1791366682.497745,24.984126806259155,171,241970,confirmed,
1297,0x402e61953399034C4e41C512871A77C353eb07E6,node07,6961fbca5edcc725cd5aee2405183d455f0a6c4505cd243b8958f8d0f5f4c068,2,1791366657.5161476,1791366684.732735,27.21658730506897,172,241970,confirmed,
1298,0x7CaC664F8Bd42F79156149c2AecaC44025f7Bb9e,node08,8e74619829b6686a6076b02c6bc831827733bbb6425ac4a14f8a79c7af0c7515,2,1791366657.5183015,1791366686.7672517,29.248950242996216,173,241970,confirmed,
1299,0x53c1905fd66f915934839A16D09c2E3547164feF,node09,8137cbe96c1bed9fe6a6004fb6106e1d948b3078005b9bbe601fb1ffba4b6a15,2,1791366657.521264,1791366688.0858653,30.564601182937622,174,241970,confirmed,
1300,0x80191Ab0325E536c9401cEEAF82B4C65E18983BF,node10,136da17e9fad32b20dd189e2fd517a07c6928abc78618d55ef6e4d1bf4fd12e9,2,1791366657.5224988,1791366689.6657734,32.143274545669556,175,241970,confirmed,
1301,0x5Fe42B07e5Be3F8A8917d447a77A9abC0Fc26e1d,node11,8990adf560c2e584c6254ff7b99b26130a7b610d97044fb27291a598076e8f8e,2,1791366657.5238643,1791366691.1419725,33.61810827255249,176,241970,confirmed,
1302,0x7f182A9A228341E25bb7308665947FB603AD7CfD,node12,1f225201812e87d923cb808d0f18f264910a7f78c64b5f495121f2bcfcd05276,2,1791366657.5255203,1791366664.7388053,7.213284969329834,162,241970,confirmed,
1303,0x8d6f3C0CFD8eD1cA583a789BBD5A1dC020df3154,node13,e2deec1051411794faba2fec0120f6c221fac65a3b85dd1dfd805c1a03f9b825,2,1791366657.5289605,1791366664.7319953,7.2030348777771,163,241970,confirmed,
1304,0x5cfc775D12E549Bb9e398C27008f3aF8E9dC2807,node14,d267e5572ef7625959dfcef42f369b0dd0b540ddb9efc4b75e81b6d08b665022,2,1791366657.530087,1791366664.7301846,7.200097560882568,164,241970,confirmed,
1305,0xf73BE3903633471716965A1e1e3Ec065BdC46E3f,node00,a9aeaf5c57c20b8433fd4ec42d565f21246ddb44cfedb9eec84c6e21e21ef267,2,1791366657.532487,1791366671.1055975,13.573110580444336,165,241970,confirmed,
1306,0xE6c4a26d3A3226F19747BB591DB34Ca00b48CbC6,node01,e79cdf8bc7920ee0863f955dfad4ec4ec4974531ea6e2e92d765cb5d1bbeb12d,2,1791366657.533928,1791366671.1604877,13.626559734344482,166,241970,confirmed,
1307,0x12a451452Ef16d91b960D212E525f8Be46ae01A8,node02,29a393c37d80963ed428cf50ebc17ba63c7fe53e1a01e018d2b134a399af7fff,2,1791366657.5365636,1791366675.5918465,18.055282831192017,167,241970,confirmed,
1308,0xc7F745222232AC1C3CcaF23253a0e4c9748CCe83,node03,5df2e98826ce9620c156c7d23bf3fddf39ae2241977d75b9b16e4173c7e32b87,2,1791366657.5382824,1791366675.6824813,18.144198894500732,168,241970,confirmed,
1309,0x3E7d217091dd4c06e8cF9fDD9Df62A11EeE1169b,node04,94e28e4620fcdf6050414da8865d77896bf36ffcec1efde7340ac41cd93a0fc0,2,1791366657.5422485,1791366679.3658998,21.82365131378174,169,241970,confirmed,
1310,0x171DAeF64647338Be14509320d21c84319aa0b55,node05,63ecc37ba7efc2e49cc29940f03fdfbe6f521f2b0b1d8bc4b7df069210fc5bb9,2,1791366657.5465422,1791366679.3929887,21.84644651412964,170,241970,confirmed,
1311,0x405F4dF5fa4B4FB0FeDb33A4e5cd9754dD615B65,node06,12354c9dc8887c000ba8273f441172ffcb10248fc8b47d2766b9a961241c6058,2,1791366657.5525284,1791366682.3704956,24.817967176437378,171,241970,confirmed,
1312,0x5ceB50ba0F55CcE2B31868e7626d73490ed8EEf8,node07,d4c9d801cf42bbe1355aafaaefe353e1f12e206a415f5cda6d375dd7551b6338,2,1791366657.554899,1791366684.8434072,27.28850817680359,172,241970,confirmed,
1313,0xDCF6ef7dde46FbF498a8525cceec255383DD5596,node08,182da217f3b806259d10ce886b30ae7abd8d136ee2fb183e9529eee379676eee,2,1791366657.5565176,1791366686.7195833,29.163065671920776,173,241970,confirmed,
1314,0x6B230670b468e97A90508E46f8439e415BfAbA31,node09,721ad60d7cc178ea4ad4b100c87538967602de3705ce5cf62911bb2e85a5f5ba,2,1791366657.557575,1791366688.1206703,30.563095331192017,174,241970,confirmed,
1315,0x5Cfc7C1fe1074f233e5CE10Dc7B078Afa8d2D952,node10,60f6b447a96d9c63079784b0af51f17303c2c073c841e133ce38cd8e164a0afc,2,1791366657.5603645,1791366689.5877259,32.02736139297485,175,241970,confirmed,
1316,0x8dEEe6F86Ae704de05F9eeCf3DFCbc7554b16444,node11,01b97bfc16e293ef9d199944ec1840f71f22f2b1ba108f0b553874ad3125652a,2,1791366657.5630963,1791366691.2523863,33.689290046691895,176,241970,confirmed,
1317,0xc15B3BCF3D3fB3E4E60C610cc5b60580baaD9679,node12,66d0f218408e7ff9a0c43442cb13045acfd366a856036739a34d65f001994c34,2,1791366657.5702083,1791366664.8975933,7.327384948730469,162,241970,confirmed,
1318,0xeFa07b858ca40F125d7E346AbaD5c8c7a0cEe107,node13,dcee168d8cba4d2e65dce22e2a775a7271f4c0d586b4d1b80144fa441a683fcc,2,1791366657.5713117,1791366664.8544464,7.283134698867798,163,241970,confirmed,
1319,0x75faF8865202dDDC281a6D6cef23C8F1451e34F1,node14,3635ad716ba660e24dda6ef21a35a5340a56fbf34c765809d4cedcde2a6fccfa,2,1791366657.5748067,1791366664.869072,7.294265270233154,164,241970,confirmed,
1320,0xa33b1b8e4aCB1e29e52a4d9419E4D67285173148,node00,a9efe7cd4efbbd6fb0597f77f7198aece7336a9c9b177608212eff61d23d0fda,2,1791366657.577059,1791366671.0429056,13.465846538543701,165,241970,confirmed,
1321,0x3D0BF833BC3B52A62727a180A03A6cf3c55dd93F,node01,af6716f7e8ad88f72adfd99e2873914f548be434e9fd0d9a7cecd68a0cb2cdd3,2,1791366657.5784945,1791366671.0844555,13.505960941314697,166,241970,confirmed,
1322,0xB0Dc7648Da7C9Af213926b82488EBdB89093F60E,node02,0b23c6622e16a5f9f7847f6b3cfd22e2b783bfdc74e16ca709c2fc615e52a8ec,2,1791366657.581757,1791366675.5038807,17.922123670578003,167,241970,confirmed,
1323,0xc06a12d3159cEF0AF774Bd789533B6b13D184496,node03,e24b0cf6b3d4ca66923d1de4bba79a4fc56f8b5783f8abc7588144b0289ec0d8,2,1791366657.58461,1791366675.633084,18.048474073410034,168,241970,confirmed,
1324,0xeDfd547294799C3E9dbE16a92AE0520c49Ae5c3b,node04,d6c487d91ef116e56b82a7b44c85410f15127c8b92ad1360e1b3724ca9f30ec8,2,1791366657.5874946,1791366679.5170634,21.929568767547607,169,241970,confirmed,
1325,0x12BB4Ad0d5B55fF272A9Fb8B5d9D7998dDa9F359,node05,289939e8afa88b4472ecacfe0bb794b74a0e7028120fd64af9b6b581e06651ed,2,1791366657.592095,1791366679.2846203,21.692525386810303,170,241970,confirmed,
1326,0xBc72fa7acFf1beA0d4231257cB4e4F82788D82dA,node06,72554072cf4aa9a6f4dd921e0b344945c67d8d8e03e3dcdbb3b48ddd8470e732,2,1791366657.5977013,1791366682.5368662,24.939164876937866,171,241970,confirmed,
1327,0xc4cee5478d5ae98d50ad2c170d8Defa0801C472A,node07,3a82e9ab5a176b2b72d437e9b2d560d0412b820bbd42c74dc20931872d374d6d,2,1791366657.6002488,1791366684.8303492,27.230100393295288,172,241970,confirmed,
1328,0xE15cC1FF7E6f837B3Ff9000d219307732b636A9A,node08,1a57487a037ed47af5809288affe18b27e9f14e4282ff5c0fe7871a808248d7b,2,1791366657.6050594,1791366686.7113209,29.106261491775513,173,241970,confirmed,
1329,0xac3AC86391a86047a35DCB4967D3342EC1B02C21,node09,3fcc4d918e13a520d40328dc95beccbeadfb977101ac4d12fe665589e3789edd,2,1791366657.609081,1791366688.2184887,30.609407663345337,174,241970,confirmed,
1330,0x563af14cAc6958f6D15B2Dd920902E0dBcA2c316,node10,065c8383db8c131423f6f07344a0e9f089fd65d24e8009245ac53383b63e82c1,2,1791366657.613532,1791366689.6999824,32.08645033836365,175,241970,confirmed,
1331,0xfc3bD6B7F51D516016732c4c1DdE3E0E317d1086,node11,f743a9d28e8bcbd41edc65f9e9244b2cccd67f85e07b7f829b114218b27efaa5,2,1791366657.6169946,1791366691.167208,33.55021333694458,176,241970,confirmed,
1332,0x84Fa85A753fd937D2d38D8Aab8690c9E7C87f35C,node12,bc48abe94af501b84af7cc2dcfe0dc4ed39107efdaf351d1d1952b86f793e6ac,2,1791366657.618583,1791366665.0098321,7.391249179840088,162,241970,confirmed,
1333,0x645e0961fac83fCc1513aC7A4292a50428618251,node13,b1c75a4e4f9ab44be1ae33bd59364f71d18abb504d4ae92448ddde602363dd0b,2,1791366657.6200995,1791366664.9777155,7.357615947723389,163,241970,confirmed,
1334,0x80ECC9f93bF76a18be6616744845E6646a8d2191,node14,5e3a4aaad4e2001d18d43a8c28984f3631e15745f5b43287f5e9725b87a80e79,2,1791366657.622286,1791366665.0344434,7.412157297134399,164,241970,confirmed,
1335,0x95a80ce7d88FC38FB5e611D659118dAFDe495C3C,node00,2a910bf2a46946de6261133972e3dc91d1b9b33208d149f6e53b6254386c5774,2,1791366657.625516,1791366671.2082832,13.582767248153687,165,241970,confirmed,
1336,0xC9880Fdd169f6af96941351c517e936B2283Dd33,node01,28902fc9ffc059a21f3ca00013533681133d97165b10adabae9d3abc45f84618,2,1791366657.6314163,1791366671.148741,13.517324686050415,166,241970,confirmed,
1337,0x58Fb4E2C9D1Be4603AdD203A49D7f4eeb9effA26,node02,5faf6af24b06d4ae17445bae94fa27194fc5a9e0389dc8768c4ce22c8030c1ee,2,1791366657.6333375,1791366675.631066,17.9977285861969,167,241970,confirmed,
1338,0x5391a1762f3549AbC3BCB907a5A06bb771B0A174,node03,69c13aa0c1480a26d4cef537e18ced3cf7e6b5ad2ea7255f21754d668cd8e7e2,2,1791366657.6355665,1791366675.6155171,17.979950666427612,168,241970,confirmed,
1339,0x10979D8e7494BDdDFe602DD662aA3fBe6FC321DF,node04,d0a78c5c0c2155cd0f0a0d973b4bbe36105bd846b695c0a95da1f251de12e6aa,2,1791366657.6380267,1791366679.3953538,21.75732707977295,169,241970,confirmed,
1340,0x902354Dc267033Cfb01513FD5BFBd34F29911586,node05,8824953ecdd9510ec9c1f3ea483b9fb786780a1b509276f79706a63aa8588cfb,2,1791366657.6412284,1791366679.4229486,21.78172016143799,170,241970,confirmed,
1341,0x6438Ba9EA38f1e13000dE6e4c91A126555EbACA0,node06,b68fa846a7dca25dc7a8050626c371bbfc8b392798bfacc242090c33a86a6b58,2,1791366657.6428447,1791366682.3217285,24.67888379096985,171,241970,confirmed,
1342,0x13d32b009C500c6C65A85a1200b38C3aa878448E,node07,cd90547da4441555dfbdb2c4b98aa57abe3efe2226c8d9ac66abdcdd950c1ad8,2,1791366657.643796,1791366684.8972092,27.253413200378418,172,241970,confirmed,
1343,0xE9E89C3285aEdEb2339e6737deed596c5b55EDb5,node08,1d00469c2f95c7b769df5c03a99e4b997479caa2b3fc4f3da67cd5e68d0b176a,2,1791366657.6461034,1791366687.0252008,29.37909746170044,173,241970,confirmed,
1344,0xE4E11904fc017Df76F8FCB9473549cE8e76272a6,node09,b4988bcbbf493b7f8e7ca1e8f7d6c51da2cd1f978a3167cdea18f7511152fb77,2,1791366657.6481013,1791366688.282337,30.634235620498657,174,241970,confirmed,
1345,0xe955dbfC9DB7DcD2Efce7ab4d57A2b8c99849D87,node10,56cf3d78631680bfb75bac745b4ef230a222278bf4f1bbaae5cd5e445a1ca308,2,1791366657.6507213,1791366689.3578887,31.707167387008667,175,241970,confirmed,
1346,0x63B49bAbdB02AA7A41D6536a52774b5F66345aC2,node11,508c7dcd46dae99605a0e9c07d9a0ecff4599e6b9c5806efddab68a58a5982f3,2,1791366657.6533012,1791366691.2681913,33.61489009857178,176,241970,confirmed,
1347,0xb725B34029C3eDa69F059bCbf629Ca88A0e77EB3,node12,43defcfd23e6a8962d4542627ae0e544b383ab098c9e52b4bea1e3a0de7c6e8e,2,1791366657.6548293,1791366665.1423872,7.487557888031006,162,241970,confirmed,
1348,0xe8D340F668f73db3581f4eF840e2596c8b839C89,node13,d24acfda4b411c8673f330306e5987e0e187025289728246c7c04659cf25f493,2,1791366657.656864,1791366665.1123118,7.4554479122161865,163,241970,confirmed,
1349,0xDBf6F1c0593691F7204cA62d2Be3e2328012639d,node14,b29d4ec8f94be28894a9a28b97141d555576dd8fb9413fca072fdcb9cea28fe0,2,1791366657.6593661,1791366665.128067,7.468700885772705,164,241970,confirmed,
1350,0x0C02B9e2c22915934E688Cb5aC3f3D2d42dd4928,node00,65eba03dccdf128f927dc19da1085cc62577225df5d0232bec3842834a2a75da,2,1791366657.661419,1791366671.0611982,13.399779319763184,165,241970,confirmed,
1351,0xED090CB9423dBcF621c7DB9d3EBcBF46E537c136,node01,4270c26d8f3c6bb3cf4c6e182024efd3fb9f7396fa5ddfe1cd05729d35f848a0,2,1791366657.6651363,1791366671.158096,13.49295973777771,166,241970,confirmed,
1352,0xA9Ada086afE91930E40a97514F6E99D60Fcf5AA1,node02,e0dceea7d81ff9922dc8fdd796d2bddd7dd1202c5ca8bd4d01795d981b259527,2,1791366657.668853,1791366675.6920903,18.023237228393555,167,241970,confirmed,
1353,0xbD6bA4C4626cFA1A4a1C697559e6Ea4FdBFf4794,node03,d266f5ad9d032d7bc3176f4b610d04ba9c6a8ab2b832d86f45b7d758afe57c7c,2,1791366657.670469,1791366675.572612,17.902143001556396,168,241970,confirmed,
1354,0x6F03420573B58bed13D3aB66aaFe674eB670000E,node04,6cd09bdb12f584f1201895fa2cb64a4abd177ae7cf3da9aa97396c99d8beee77,2,1791366657.6727397,1791366679.324786,21.65204620361328,169,241970,confirmed,
1355,0xD5Ec9D8cbC70cBa14eA05378aA725f4D0dbebB94,node05,f9dafecc856cb8b60e6b004dbc3f6e8dcd78e9cefc6f5f5ec79e988616231654,2,1791366657.6756723,1791366679.2554667,21.57979440689087,170,241970,confirmed,
1356,0x9415231e856E975eF388A653156D1e91909e2fb7,node06,335fbbad8a2b716ea259849e5e09d67ca61d700737f8a4126d8d219e6ed008ba,2,1791366657.6798127,1791366682.3101418,24.630329132080078,171,241970,confirmed,
1357,0x39491a2016f6B8f0E5B8c406b183c23F1db1a51B,node07,2ad13ec56470fdc14f382bd96e882f742754bd67cd1a1d199ac98b135c9a109a,2,1791366657.6815276,1791366684.832249,27.150721311569214,172,241970,confirmed,
1358,0x4bA1D3Bc2EE18Abc9736CC4Cf0a2640CFc4A5Db2,node08,59b5a1e308e17a532a3a88bedbbebc8c9209c9d35614149c993eaea1f776875f,2,1791366657.6832545,1791366686.7919698,29.108715295791626,173,241970,confirmed,
1359,0x3Bf7072dF7039D914778573568425dFc76934242,node09,f01c1a91d7227f342590dd67dc4d84e5190a49a230693841ded3b98d52e4c9c7,2,1791366657.6846387,1791366688.1456494,30.461010694503784,174,241970,confirmed,
1360,0x05b49F3ef08ce6102c50A4689D990c77Fc240aa7,node10,2392c5cbbd455569de184f8f0017aae64d002c7987ce167bb8243ca42ddd79da,2,1791366657.68537,1791366689.506414,31.821043968200684,175,241970,confirmed,
1361,0x139119E449BE1279D478751aB4A1A719403c0410,node11,e72a21b9358b9c09433d6f9e95a8e0b7a9c24d10e6c19cca6f574988cd4affc4,2,1791366657.6872373,1791366691.3154697,33.62823247909546,176,241970,confirmed,
1362,0x458f7880680AD13E4e57912F12214051028D3800,node12,2c1778b966780cc3635e2810616b23626f0ab493fad67658fe3588852bdf2d1c,2,1791366657.6896765,1791366665.1981065,7.508430004119873,162,241970,confirmed,
1363,0xDC6D69d0c28dd137541bB893aCBd44B53C108a01,node13,ff3832a8f0f4f517c003e38ac0fcd9edec5e165503ea625d95e52c2ce4df30dc,2,1791366657.6908844,1791366665.228574,7.537689685821533,163,241970,confirmed,
1364,0x2446CBCFd5c2d7Ea82dBafc63005D12e926224a4,node14,2b8cd487acc6593850beb88d9c15a9c7634169ac38058bdfe3b4679f0c47c970,2,1791366657.6942008,1791366665.199698,7.505497217178345,164,241970,confirmed,
1365,0xcEc94B29De0797b71C46fdD5b4951E983fAd2016,node00,5e3e00343dae077b37baf51e88399fe0824490b38fecf10265e456e07dcaa167,2,1791366657.6968112,1791366671.1259935,13.429182291030884,165,241970,confirmed,
1366,0x4EAe3468b3C6E4943a26157B8dcE1Dc06fD3998e,node01,15cf9bfaa685492600061ec7063b0ae3c357f505d3e0f43b47161fe728a0b976,2,1791366657.7028937,1791366671.2103376,13.507443904876709,166,241970,confirmed,
1367,0x234FAE4dE07A107870101c7417811b7dd20C509C,node02,35abf1cac6341906990093c6dfd71aa4dfc687882b13ec5c90f9cc2656ab9dec,2,1791366657.7077243,1791366675.6729474,17.96522307395935,167,241970,confirmed,
1368,0x9580C7714C9152799A4c9b09896024B2FFc9aF3a,node03,dd50b1d70ac42f6a257998fd1da9a9f044ded44e00c7c9e9d493c3d2bd58e157,2,1791366657.7096412,1791366675.7018523,17.99221110343933,168,241970,confirmed,
1369,0xC62d30Bdb2A131F0e1961A2947AFBDF43cAefaDD,node04,3430a7c320523ff9c35a9b200ccffac3dbcd43e6e73d42db76877c0d8c9a5010,2,1791366657.7112749,1791366679.2457423,21.534467458724976,169,241970,confirmed,
1370,0xe6B03af3cE41E3C16A65386bec63e15A96ABfA20,node05,79fb3cc44d8ef4468404b0dd5081be7c0c52415216543980680776da89e2d75a,2,1791366657.7128513,1791366679.442684,21.729832649230957,170,241970,confirmed,
1371,0xb76A1e8ABa8525e7C636fFe01233A7202e9654Eb,node06,30bcc2c6c9aaf358b3156c174ae2ed0bc38e613871ff70090014c81bbf8e7e06,2,1791366657.7147186,1791366682.3439357,24.62921714782715,171,241970,confirmed,
1372,0xFe4EC074733522a1a6f9914805a0E7B837901993,node07,553197b9f1af24fa46934b99c429d947328549bddf86b30cad3484428490e5b5,2,1791366657.7175796,1791366684.8525317,27.134952068328857,172,241970,confirmed,
1373,0xc9342c8Be6C88CCFa84fF68CaEAa60dfD20471c2,node08,71f10a09bc826657fa235b8a8a78f81aa9d8e1ecee0885b580849eb7e34da2a0,2,1791366657.7191749,1791366686.7083206,28.989145755767822,173,241970,confirmed,
1374,0xE0026E4B45a0CaC79879805e94c1680143F51406,node09,e4673e560d0edd8b237a27c30008fde862f96d709521cf20b5fe52a2244690b3,2,1791366657.7237673,1791366688.1784496,30.45468235015869,174,241970,confirmed,
1375,0xe9e22C6D7516E59b0C57FF431aa9c1b836A4eC2F,node10,8fac9ec3686909a5ae3ab38b287e298aac85d22c894e9fce42fb18548d111d42,2,1791366657.7284193,1791366689.4056501,31.677230834960938,175,241970,confirmed,
1376,0x1e326CB2d4cbd0C39C0de0561700fAE14a43a462,node11,ee36f97a3734b1f4f68de363bbd7ae0fbbf3f48fd0e4424b121d27e21f67b673,2,1791366657.7298977,1791366691.284817,33.55491924285889,176,241970,confirmed,
1377,0xA89f2c27c22a9a9651358D7Daa15fd42d0C1a7F0,node12,ad69821b098600b22a88e5846c5623f4663206eda14512df504616738946b393,2,1791366657.7317433,1791366665.2488165,7.517073154449463,162,241970,confirmed,
1378,0x8aAd8405882686e5ef9F75a879C4510711552610,node13,bb620d164ddc3206b56abe02e30cc2e6738ed3befb01e63adc411c9603afb0bf,2,1791366657.7338898,1791366665.254695,7.52080512046814,163,241970,confirmed,
1379,0xF0970966C888742558ff3Cfc0bE5bA9660152Fa7,node14,304f721d92a3d4ae6fec9c22734cdac73c8deab03b08f2807d99cb7b192934f8,2,1791366657.7350478,1791366665.2932823,7.558234453201294,164,241970,confirmed,
1380,0xa47A2Cc46f7C78BE01D97843a43c1Bab0e3e57F8,node00,73175c86e48e2badcc9070e4ace580b99ceac4c5e4c2c55160db99722bd277ee,2,1791366657.7371693,1791366671.140594,13.403424739837646,165,241970,confirmed,
1381,0x8f569027afac91390Fd3479F38743fFc53c16595,node01,593adc93f404b9af2c768fb428dcde17c5d045b8d4cbd97a579a06a50f4ce482,2,1791366657.7408288,1791366671.120725,13.37989616394043,166,241970,confirmed,
1382,0xBbb4bdF2F150Ca73b31b667FFf26aA459D0c0EF2,node02,e1904be737a698d18ba5ef51847296c2c2a21b99aaaab08af9e90f4b9eb90960,2,1791366657.7423053,1791366676.0358994,18.293594121932983,167,241970,confirmed,
1383,0x235474ece79992004aEc314eb7654349851Ab085,node03,bebc1e05e80f8bf3b25e856edfef1672ed5a0ba685f33167a40d00d4c310e7be,2,1791366657.7442658,1791366675.6250134,17.8807475566864,168,241970,confirmed,
1384,0x2134DEF2E676b1DBde2f462d2F7F3a2f2E6a9B9f,node04,28a1dfaf790a17f6c7775feaa8eaf3f5e1d13177aa75c985cc5190c9228d47b7,2,1791366657.7474606,1791366679.4336293,21.686168670654297,169,241970,confirmed,
1385,0x0592F9F08d7b328d5247082CEdA6C60B2d27b2a9,node05,5982ec4e8ecd21df7bb037dbaf3d173f293811b7e782b3e11df99c93068c797e,2,1791366657.7489572,1791366679.2644775,21.515520334243774,170,241970,confirmed,
1386,0x80423f501f7EB520FAE881d769b2181c3eED5B0f,node06,3c3d0912f5339430b48e78be5eb1c10e436891c1f2b16eec454074f15fed43be,2,1791366657.7504284,1791366682.4477262,24.69729781150818,171,241970,confirmed,
1387,0x142cB72B4a4884C3613B9952fF751E3185bD0E85,node07,e84581a1ad8feaf061151a5cab4f7c6d16fafbfe834930bdf20b020b36320ac7,2,1791366657.7548168,1791366684.8803232,27.12550640106201,172,241970,confirmed,
1388,0x76abC2279a2d9a91e14355c5dc424d8eb04F652f,node08,d0ca77c44b1408bc0c969244c060104c07bb663ce0b6c89cee214e9503282b5e,2,1791366657.7558212,1791366686.7517211,28.99589991569519,173,241970,confirmed,
1389,0xEcd6EDA87682B5603203A55240aBeC588aD16787,node09,a3b1808b032b5b2c1a53b656cad87add0fd345d1966b196df6a29c315edec157,2,1791366657.7600548,1791366688.2415144,30.481459617614746,174,241970,confirmed,
1390,0x47a4C8B669aB48e1fC7d5942Ab19563aBa46572e,node10,8a1dd540b5f683f31ea8b951f75efbc97867c32703dbc68130a52f0a3484678d,2,1791366657.763875,1791366689.7339375,31.970062494277954,175,241970,confirmed,
1391,0xcF6556bEe7f8a077C16D0a62a31aF1c141E981C0,node11,aafbc46ec4ef440bef62d7975a59801a3a9cb1c9d233ad4700b1dfb19a0b852e,2,1791366657.7650847,1791366691.2977655,33.53268074989319,176,241970,confirmed,
1392,0xF951fd43C407B993e60403708d6BbF1b3951d51F,node12,752d8a7765c8fed50187187bfc2ba0157ae0c51d85b79739c8754a3350915a35,2,1791366657.7705302,1791366665.2935174,7.522987127304077,162,241970,confirmed,
1393,0x1BE2EFd82284A1cDA76C60bf7af8305fcECFE99f,node13,81df4daf6e9f2ed9670816c37b242baf8ce8734a711498af0ddb75293dcac0fa,2,1791366657.773044,1791366665.294124,7.521079778671265,163,241970,confirmed,
1394,0xe89715da96b06acef892f947a52954C4a5374288,node14,e70242346647e0c1f058832b0c68655b52c1448efa5949c364ba4a6abfc2159d,2,1791366657.7796326,1791366665.3472488,7.56761622428894,164,241970,confirmed,
1395,0x254f04091Fe2464268f04D1fC1703BAe04EB6ab3,node00,61463f2f4235c57cf1922d3d139de9231f716d6165cc7a7149156075de1ed201,2,1791366657.7839093,1791366671.1839762,13.40006685256958,165,241970,confirmed,
1396,0x8DC37b806DA264Fb5685dFE63c9F1be78b4d01f0,node01,f50f9dd643ff66461a037376a69ae2891609a81552f183ba801bbd0017f55c74,2,1791366657.787871,1791366671.2478821,13.46001124382019,166,241970,confirmed,
1397,0x8E63616D3a2CdC89d71dD010d7f5c3a9c0877608,node02,f9eb9f7bcf3956200069d0067ed25c1977a07f2f2f1dada2e689d7c12ee701b4,2,1791366657.7915587,1791366675.7502484,17.95868968963623,167,241970,confirmed,
1398,0x520f600Bd87Ca52CA16A4b09dB8481dfec8AB063,node03,7e1b641c7f6e761025b5f4db0e94fa62d70d8dad8e473575285af6d897c18864,2,1791366657.7960944,1791366675.7307227,17.93462824821472,168,241970,confirmed,
1399,0xe9c352514C1C3dc23eEc6d20FeAd9F7464470757,node04,aa2c6670a3d379562414c9c0951011b2d453517b82a75a09f47f7f2a753c77b9,2,1791366657.7998626,1791366679.4589472,21.65908455848694,169,241970,confirmed,
1400,0xed0B08d09E63dBDb98Bb6f53d526ac210759A09C,node05,3d4408f1ff59a251f8b7625dc1af9888fd05b07f16f58993288b11d58008cd68,2,1791366657.8032844,1791366679.52709,21.72380566596985,170,241970,confirmed,
1401,0xf221ebA5c75F1db01c427181FdD393b979ec5C66,node06,82957ba52f6adf8a820363663e9c5cd736f2d275ab0a80d17857aece9a56523e,2,1791366657.8083475,1791366682.472068,24.66372060775757,171,241970,confirmed,
1402,0xe46CD60a0123f06d877698B69bD29dD9a131976f,node07,1a5d23145edcc0ef46f21e0456a59f6e68f641e02cd27b28fbb8d18eecdc5999,2,1791366657.8113387,1791366684.8815851,27.07024645805359,172,241970,confirmed,
1403,0xd363d143146779d7d643479e9fBaB2d038ea5Eea,node08,4f731d1032425df8620c6cb9ee625b3f20d57af688b84123d1c02567638d637d,2,1791366657.813457,1791366686.76215,28.94869303703308,173,241970,confirmed,
1404,0xb99AbA33C7795ce8DcFf5566490867Acd85099f7,node09,c3ee5f0823c92a01dab7b77700a7b66dd0cbfe7c4eb0000ade9207741629d143,2,1791366657.8147607,1791366688.1892562,30.37449550628662,174,241970,confirmed,
1405,0x63CeBC5dd2C67A2fDCCc955eAe4c8f1023F89e70,node10,7fef59ea2bd2b181ef8c0735f777abb8f7708eb52625c486d600d6323eb032b7,2,1791366657.815727,1791366689.717553,31.90182590484619,175,241970,confirmed,
1406,0x44C1c67381ce4D098FBFaAe9Aaeb8B0572C0803a,node11,f7c2701706640da9832fd4651a899053106eba62cf9e89495c46afe4a07276f4,2,1791366657.8188558,1791366691.3221252,33.50326943397522,176,241970,confirmed,
1407,0x4da90868F2F0F7d193692F6d270A42763ECa73Cc,node12,2ba44808ebac1115827b633cd1b2633997e9decceb4cca9f7672c81405494726,2,1791366657.8251398,1791366665.3449914,7.5198516845703125,162,241970,confirmed,
1408,0xbf231a637f128f59A7D03A3698f53F5D989917a7,node13,542a7d84824ed0dfac2342d55a9eade36be09b9b14c9b0f47bcba5ccb7066ebd,2,1791366657.8282535,1791366665.3441315,7.515877962112427,163,241970,confirmed,
1409,0xC095b88436fA7d28b90D83574B5D04b153C97986,node14,aff7fe309a2e91a84c132a37e33105a915bdd8779771ab1fe3a5044bb63c5d37,2,1791366657.8294332,1791366665.3698287,7.540395498275757,164,241970,confirmed,
1410,0xef99546b5cA30D6695aE0AC8Efba5567C5C576B0,node00,a5ef82c6a1753a76da44a69eda1853810d54075204f8367bf9e8ce682442218a,2,1791366657.8308487,1791366671.1562634,13.325414657592773,165,241970,confirmed,
1411,0x9aC8a8015183415B9533504c52Cf7e088E72E1c0,node01,20584f424ce4411c27c5d9f88623bbd52b011d69a2e7aa2a46bd3bc41dae1d8f,2,1791366657.8333678,1791366671.2329202,13.399552345275879,166,241970,confirmed,
1412,0x483b77e9549F655133860a636cAF2C3Acc1246ea,node02,4df1b1926dec7cfce735f0dab91b7c0dc8e394b5ed8e5e031bdb29bb33ed7e7b,2,1791366657.836002,1791366675.6231878,17.787185668945312,167,241970,confirmed,
1413,0x80502bBa29067Bca8Dd154795D6c1Bbe792bf563,node03,ba9b89c97189892567bfc7152b223770e7c349d5f7e55627d1cf0218706f7ee3,2,1791366657.839954,1791366675.74082,17.90086603164673,168,241970,confirmed,
1414,0xE2A5f1fd540b46296e073C9Dc9E0A04AE66A4042,node04,ad308286d291767af9058d7f6c936fa067d1a6f6da9a9dae3648822f3447d519,2,1791366657.8417594,1791366679.3880062,21.546246767044067,169,241970,confirmed,
1415,0x015c0CE45D30B394B4569146A79041e462d6eb92,node05,ec2a10e88327869713289dd24ee5ee6ae8105eaf95e872544f4af98ec3066e42,2,1791366657.8462467,1791366679.4300003,21.58375358581543,170,241970,confirmed,
1416,0x4D492339485721148e961F3875B92586C7176483,node06,eb2ec2829ca32aea005067271833ed94220a77b0655ea708efc184ebb689eda5,2,1791366657.8477902,1791366682.3508224,24.503032207489014,171,241970,confirmed,
1417,0xE213Ae699bEe3651b8b799317F7aDdCDdaa55213,node07,6c5f07d3510436ce776febb97b119a1ea3c06cae7add511f9bfd06b4044c2b6e,2,1791366657.8491669,1791366684.8875034,27.038336515426636,172,241970,confirmed,
1418,0xDe08C1512bc1c4133d4FB48c82D48931d909Ce25,node08,5fd0bd6a9f466e3aa2a9197d4300d866b42d45ff0e7043539bec51ffdd0c787b,2,1791366657.8516815,1791366686.9180264,29.06634497642517,173,241970,confirmed,
1419,0x8E5a6efca0A51F4745B491aFbEED11190ab7e8B0,node09,c4460bfea0cf4ad9afdfae3299c72943de4db74b10063a15ef3e219bb2c8e70b,2,1791366657.8730042,1791366688.2624812,30.389477014541626,174,241970,confirmed,
1420,0xF641FF5DF1630297d2Be30C7f563Ca99A3F6E59d,node10,8a11ed072a266e0ff3f6ef7164eec0a9d8e8c6828163d427edf2520368e4da49,2,1791366657.8779314,1791366689.4600656,31.582134246826172,175,241970,confirmed,
1421,0xff076e1C1E98fc0A9bA61e69C956338Bb2133630,node11,a367fad0a1ecd998506ec35c01da242624317f2c0eb6cbb3a9c3e8851b50fa77,2,1791366657.8804147,1791366691.2814722,33.40105748176575,176,241970,confirmed,
1422,0x026B95aF87405d8F59C862df3818AC56Eb52057C,node12,133029f9f0dd195b7ebb479f2d30b6a9abf000b70d2361738686724c0bed5d71,2,1791366657.8820405,1791366665.4137838,7.531743288040161,162,241970,confirmed,
1423,0x5B856bD053E4F8DCa5b16DffAdEB91811Dc72436,node13,04f405aac30d03b97330e26a3e69a527817dfc1614302c1ae3ad07d519fcdf10,2,1791366657.886396,1791366665.4052372,7.51884126663208,163,241970,confirmed,
1424,0x8DB2Ff10D3c77DEDBBa4451Dd67C2216eE739197,node14,47ebb452ac313746abd7cf96aefc904f521f056b583bc5a68b3b56da9d74f846,2,1791366657.8905594,1791366665.4205017,7.529942274093628,164,241970,confirmed,
1425,0x292e4eC81DfCEd722628F549657Dac113A0b7C0F,node00,14192dc2f663b32b55c14c3f7a954532bace68c964e874c9048af0a5927d7a29,2,1791366657.892723,1791366671.2779384,13.385215282440186,165,241970,confirmed,
1426,0xED7B1386C933d4df1516b9bAc8dAf5d9b4053d4F,node01,c8507101267761aefc8685a7d9a0750419e771ef82fb4dae9a3ac768afe01667,2,1791366657.89483,1791366671.252763,13.357933044433594,166,241970,confirmed,
1427,0x36751687C013BBa58FF8Cb0Fa64E0Ba50117C088,node02,d032ebffa2f6fdb684dd9d98ec7a654a7c2e399ef849a6f338950490cdfb09a9,2,1791366657.8972657,1791366675.8264008,17.92913508415222,167,241970,confirmed,
1428,0x596797f0dDf8E90a1A20Cd895f3468F70bc03316,node03,903de29c6cff6ca231ec48bb3cd176868dc4222a81d1bcbc4f2e5f717f08c00e,2,1791366657.9030614,1791366675.678464,17.775402545928955,168,241970,confirmed,
1429,0x9B1c8993f46B0600b4e1EE5E81D0b472554cAE17,node04,365c812149409d550b2a8744e4331d7161b4d205c5bcbd660477e9832ea87fd7,2,1791366657.9059114,1791366679.3511527,21.44524121284485,169,241970,confirmed,
1430,0xE2D33BE92F2b75dCe66e5B10c11408e1e34Ebd01,node05,8a7ffb7ee6f33310a36115f2f84527e07a5be8d1d0d6be9d24c6a4d53676528c,2,1791366657.9078553,1791366679.4745317,21.566676378250122,170,241970,confirmed,
1431,0x6eC15a74f619574F7e8f67B664f76Fe95a6B1Bc9,node06,8378afeef16ab4568e96cae15cb1998c12ebb3f58983bcaba3f1a3da5cda071f,2,1791366657.9091303,1791366682.6507862,24.741655826568604,171,241970,confirmed,
1432,0x6d84950806788e0AB545029A30e8d17224d88c27,node07,cbcc5c8507c94f1c00b62cc0c74ac1488ccacc62967b56042dccccbba9f4778a,2,1791366657.9115088,1791366684.9010212,26.98951244354248,172,241970,confirmed,
1433,0x241fb2F40831A6F4587736bCb05786E7A1746b24,node08,4bf6539d85ddff8e6688829de784ee28fd0da58861c2432bd86205ff139fcda5,2,1791366657.9157867,1791366686.8179898,28.90220308303833,173,241970,confirmed,
1434,0x1a067b744D3C1C975E1b0c7D9df31eD2aBA78B6D,node09,6fd27eae7cf523c582714e6b9e11888d1eaec9987b075923bd4ca8110a1d6ef2,2,1791366657.91805,1791366688.1755075,30.257457494735718,174,241970,confirmed,
1435,0x494C3ba3b68bde14f1d0a135eab8a0a353909534,node10,74af099b2fcebae36219b01f09ca361dc0b4c66bd1b8711f7dacb26c19955c37,2,1791366657.9202843,1791366689.6874926,31.767208337783813,175,241970,confirmed,
1436,0x6895a7c44DC268107A10436f4839b251BFcEddDb,node11,cb62d8a2517618a2e2cbb3eaf2ee54ad7e4022979b0f16c63765e8245711cc51,2,1791366657.9217744,1791366691.319981,33.39820671081543,176,241970,confirmed,
1437,0x15C0DF027Cef5f3aeDB19Fb12aaBd2182F773710,node12,9968ad63ba2eff9d808bb9e42846b43ddd0dfe1447ff789472e2038f426ea33b,2,1791366657.9248083,1791366692.1226065,34.19779825210571,177,241970,confirmed,
1438,0x7Bf094199b16E772f27D16c7C0437Fc9c0C60692,node13,b4d97beb83817e3a70e33e563812e3779d2a3e2c8e0e00f6780a349a7bd6783b,2,1791366657.9279957,1791366665.4393861,7.511390447616577,163,241970,confirmed,
1439,0x057fD3ab3d8B6d389AD887430DcD1c258E4983Fb,node14,230e4d6a9f51a4545c85d9288826c3c53c8a90128cd8afa118fd5c2bc51b4e5b,2,1791366657.9319835,1791366665.4569297,7.524946212768555,164,241970,confirmed,
1440,0xfc46D06F4c98050559F85d02746dE834D467dFAD,node00,9c67229dc7dd039f42f903ed86f532f86cf4c487ec80c29efb109167806be9d3,2,1791366657.9407585,1791366671.3262966,13.385538101196289,165,241970,confirmed,
1441,0x851446C70fb19d37421de5427Ef4d3FC25c642eD,node01,c42d17dbb3ab63d3aa30a840b15ec8974babe7e7f595d9c1dc44667bd126d01e,2,1791366657.943017,1791366671.312198,13.369180917739868,166,241970,confirmed,
1442,0x30EB781FD05Eb3a2c92A7dc6c5b3c1e44348bD60,node02,c198928a8d67f39bbef6772948c98467df92d3993b15e9f63c7dfa13505df209,2,1791366657.945225,1791366675.7341151,17.78889012336731,167,241970,confirmed,
1443,0x40f4A3db615e85F3E5aaA99e5E7604073D6b5eac,node03,4b79922a8bfa5f8d84797ddca3af802bb708319eb02379894814c97669459af4,2,1791366657.9490302,1791366675.727618,17.778587818145752,168,241970,confirmed,
1444,0x3B22C6eC94dd798d7509E4e9e6663a8eB70750Cb,node04,408b98e30884824b599ccf821da5008973bdbf27c07f4e497809956eb9fdab48,2,1791366657.9520187,1791366679.4717793,21.519760608673096,169,241970,confirmed,
1445,0xCfAdf7CC07dD9C995A14CCE0F426479F89300061,node05,b8c5df4cadeb35d67504506a5ed63435d9680bb030f6167aee0160a0a454c6eb,2,1791366657.9537165,1791366679.4263475,21.472630977630615,170,241970,confirmed,
1446,0xf33F5AC6b2B5F26854059D13187259074Ba7b8A5,node06,ada72078ae1c3e26b9bebe4d41418ea59cc92499332687ef0e0810835a9b7121,2,1791366657.9571443,1791366682.5124109,24.555266618728638,171,241970,confirmed,
1447,0xEddeCa87F495c5a1985031F61f50d4f448a54197,node07,80a26a89657aaa335b63afcada449cfb453802a34362e5316b04d8c38b380a36,2,1791366657.9595952,1791366684.902978,26.943382740020752,172,241970,confirmed,
1448,0xe8b5915b10F793afeF82c3EdFa6A39871D4c1303,node08,c1d5aa0475eedbba4ccf99abf16cbb7285ef357bf785ac6114c0c17c89fe82a5,2,1791366657.9642208,1791366686.9732668,29.00904607772827,173,241970,confirmed,
1449,0xf49cb0805D6971AE7B1FBB6F52540c9ff8495abe,node09,d1418e475f6d6b5ae81f18a5fdd0ee56ebc09639e9248620df0d1f87cf45759a,2,1791366657.9769516,1791366688.1937516,30.21679997444153,174,241970,confirmed,
1450,0x28EFba923b58E4360501E33e602d936d7C406262,node10,22a8fbb73c755bc395a690c37ad52f0356a7db45e5d576102a8402889c69fb8c,2,1791366657.979393,1791366689.6423728,31.6629798412323,175,241970,confirmed,
1451,0xA3E717C5AE5CB1157147b01937fe60c136Ea0fD4,node11,28303996261891f43bed127d1bef2ba19dfeff28a65d129dacf8e545ea54b351,2,1791366657.9851687,1791366691.3655965,33.380427837371826,176,241970,confirmed,
1452,0xA21fEd64d66D439Fa37B4175057DD7149468e410,node12,793e2c4f04044541f401c0871a26019a5ca02a86c344f5aa6cdbfc18f970bd72,2,1791366657.9894638,1791366692.2051537,34.21568989753723,177,241970,confirmed,
1453,0x965E806d21e6Cc334105874140abfB3CFf5344F4,node13,dc63665805bdf82d555e35956d6ad5fb17e90ad5902cca2b45312f80839ed48d,2,1791366657.992074,1791366665.515916,7.523842096328735,163,241970,confirmed,
1454,0x46D9aeFf7EEe8FD27df65e7797760F35925fbA4E,node14,9d911fe542b02adeb12d9be43164b0b0f1fa86acea277d2e0e63141bad7dc831,2,1791366657.9948168,1791366665.4784522,7.483635425567627,164,241970,confirmed,
1455,0xF330b989Bc027b4B20f5AbE0a6BD5546FE3Bd9e3,node00,9ebd172a7cdff7914ee7aec08820cd8872ac5a3b5e337182de5be48e7c28a63d,2,1791366657.9978004,1791366671.2672782,13.269477844238281,165,241970,confirmed,
1456,0x66db92ead5520E0154D481f00191B896A3078815,node01,f6ad715e6df6dbb6a4a37e88bdefc14450580a1f76c4402ec7457916210ef440,2,1791366657.9993687,1791366671.2837493,13.284380674362183,166,241970,confirmed,
1457,0xFB8610D0e9F521f12E9FDC5a188E10679F118CE0,node02,91f94a2f02c44298fc47716301f2259db6de15fc2099de147e9e227190be1fb6,2,1791366658.0025837,1791366675.8039782,17.80139446258545,167,241970,confirmed,
1458,0x97a43e17D371Ab374Ac1c64D84E204992E2BbBC7,node03,02073315158a8684c1b0144832cb0c71ce8b7b6957052b400a2c45e2209d4be5,2,1791366658.0059423,1791366675.7066453,17.700702905654907,168,241970,confirmed,
1459,0x343Da73237dE36F624F92Bf8068ecB866d5e6Bab,node04,da7084cab611fbd5288af51dfdbaa25d2cc52ba78b2471197ccd27e42b3b0658,2,1791366658.0105686,1791366679.512556,21.50198745727539,169,241970,confirmed,
1460,0xd2E0c0739Ed0300c99d6861b20D84620A0C045df,node05,f67d906879ea70d1e5158342d15ab9e42a76297b3b9d5c79f082670c8e666105,2,1791366658.0145838,1791366679.4764192,21.461835384368896,170,241970,confirmed,
1461,0x63a7bD39e1755aA78a6Cb583150c45a1D6C0cF04,node06,210e8da95b64100ef69eecd0ca7656f7790caa92a326c3178075d8e3c9817b8b,2,1791366658.020974,1791366682.412599,24.39162516593933,171,241970,confirmed,
1462,0xA07F4bAf4Fa211c2fF6cc254B324f77eE1F87DD7,node07,acc95fade9329e283b4b9fcbe3160ae2507ab4b2a1f930900b745c1a2d90abee,2,1791366658.0286627,1791366684.8685436,26.83988094329834,172,241970,confirmed,
1463,0x703184498921e49DE950f7dA49aA4055947e61D0,node08,ec3b10f810bd8df4457c5e2a5616a484eb6b42ee727c7fe9db9061e3e6a6c375,2,1791366658.030387,1791366687.1430383,29.112651348114014,173,241970,confirmed,
1464,0xf254A528ce17822c113F024AFc6613d4d388C16F,node09,18b2089d1fd587d52c02cf681d4efbcddca35e633b244b3027636e4a9494709c,2,1791366658.034622,1791366688.279492,30.24486994743347,174,241970,confirmed,
1465,0xE0F68175C65f6F03F42C20ABe6Df35B136f8C985,node10,b6a9bae3b88be8efd707219ad6cd4217caffb2441141c1072692039532c6eb0c,2,1791366658.036859,1791366689.5765111,31.539652109146118,175,241970,confirmed,
1466,0xDBdb02dB7a26EBbd0DA93A13CF9BBE2093CEE0D9,node11,01c31f88fffae0d5bc21c08e8a806fec1f744bde2348a7472aded5aef9a14b4e,2,1791366658.0446348,1791366691.217332,33.17269706726074,176,241970,confirmed,
1467,0x11585dD4d711aBAfCa754D6a89D5E244C30Bf9EC,node12,3a3d05f3ecd91b3911d15066c22ea32eaa0f1d9aa200ecdcddaa7c37fa7464ec,2,1791366658.0480697,1791366692.1349587,34.086889028549194,177,241970,confirmed,
1468,0x04bb1E5FdCaA20EA8022e033f8e03E0163F2FB4f,node13,1126d5a03da3724b7d9edb9e19fc3a9a9c18da865f2fc66bc71320840d1aaedf,2,1791366658.0499356,1791366665.5335903,7.483654737472534,163,241970,confirmed,
1469,0x5604a18bb2f406b22DC4715b0Cf8c03DC95e6486,node14,54a504190c7151894d73e1fd67dda9ce7689ea070468244b9f012ad4b95d4dff,2,1791366658.0542786,1791366665.5307953,7.4765167236328125,164,241970,confirmed,
1470,0x08c19dc5FaD384ED2430741f1e0acC3467C46809,node00,151d5db5a3c76ebc18fd2a134c2fd9d200d09e2d59a5a8117142dabadef4efc9,2,1791366658.0588,1791366671.3656073,13.306807279586792,165,241970,confirmed,
1471,0xA051D45274Da44B6Fd070CeE9A6f1b17439bfD8E,node01,f51e12e6779b04245390392d8baf40d30c16c0f26a8715dee063e054f5b0dbde,2,1791366658.06086,1791366671.557384,13.496524095535278,166,241970,confirmed,
1472,0x0a4fbBf0996e8f376fB39C83377871FaC0269c41,node02,8461f9c0d4ca5acc72c4dbb8dd7d2b799ee0652de29615419a99c626156b436e,2,1791366658.0643144,1791366675.8133707,17.749056339263916,167,241970,confirmed,
1473,0x8E66b4C8AC58939bB7ed8D23fcCE5468dcD1065E,node03,82a3ce0d69033dd7facd52b362c667824603232e0407d82830de8c70769b5ec9,2,1791366658.0684063,1791366675.8105214,17.742115020751953,168,241970,confirmed,
1474,0x3bB39fD06C9C2cf34fd68f9c8198D5517f356663,node04,2ed56faa6d09db96dfd88dd7327874e29b9bca8e8dc869bf5883bdb83cccd17d,2,1791366658.0739017,1791366679.6788073,21.604905605316162,169,241970,confirmed,
1475,0x45a4e2fbF38B84C7dD9B720cedA2d265A9391c4C,node05,458bd75a8a20cb7cfe11b1c8ae3627ef731d8e5cc46b3d3531d64d7f331a5483,2,1791366658.0823333,1791366679.6740825,21.59174919128418,170,241970,confirmed,
1476,0xA2eB619FAa6651799004EbCD733eda7F73697aD4,node06,155fada3ce43eb899dd296e2d757494c8f73cf6c838e98e55737f7c2ef731707,2,1791366658.0919726,1791366682.5146966,24.42272400856018,171,241970,confirmed,
1477,0x91B086de395884B1532d53139Da235e8Ce8B0Ff7,node07,739bf16c395299ce2bbf2902b1b6f6f5ba56edf2d002e0edd6d8b0b52ec4f49e,2,1791366658.0971627,1791366684.7870402,26.6898775100708,172,241970,confirmed,
1478,0x6b2A2B1472bE061B6857848ED9B09FaF0d469B91,node08,ad3c87884ed06ff30a19f51e5a27e89ec6b2f26499734f588deccfef230c6505,2,1791366658.1007903,1791366687.0403183,28.939527988433838,173,241970,confirmed,
1479,0xA8927Ab924b34784107F736D8AB1Fc24419e1de1,node09,31581592c1573f17d5d3cd25fa220211074f8a3a6b4ce8107f854623888b402e,2,1791366658.1024237,1791366688.2144952,30.11207151412964,174,241970,confirmed,
1480,0x8d000F657e7d57f27a01EA31635f7Ddd0e0329a8,node10,7dd7370548ff2b833519abf41d49f349120ecc8f463c9d944f433b6ab5b4ede8,2,1791366658.10759,1791366689.4964871,31.38889718055725,175,241970,confirmed,
1481,0x5fD1F6B8452Bcc0d24FBD486AaA17e888d0E2261,node11,28e74bef146e5e6f4470f86f4a08a28c03f129d752bed586124ef8b6577205f7,2,1791366658.1181772,1791366691.2554162,33.1372389793396,176,241970,confirmed,
1482,0xAe3CB87f7189054B59E4387586456e9a926c8c62,node12,dc563f02c86cdc633310d166095758b79b6d6b54894c227e5284eca64f6c8d5d,2,1791366658.1239662,1791366692.1410615,34.01709532737732,177,241970,confirmed,
1483,0x61fBD5Dd2566436230E955a35991604e1D0a8591,node13,19de7c5f8b68c5b35e7d75b33181f8dd7261d9fa077b1e0abc2dafe2cc3852fb,2,1791366658.1258087,1791366665.632268,7.5064592361450195,163,241970,confirmed,
1484,0x7D3eCa8048529D9856a571BcA41fAb020B511554,node14,3b90d63de38fa742c69669ff5ebb3a305b5b6ca5066e8b8b1f5aae8c84c93673,2,1791366658.135875,1791366665.6369436,7.501068592071533,164,241970,confirmed,
1485,0x9393c158FE80054E40b63b6a68EC4A5Ab548421E,node00,afdef01758dfd16f903e0868985ac2528706513a6ce9342ad7efa581fcbc1e24,2,1791366658.1377401,1791366671.6577146,13.51997447013855,165,241970,confirmed,
1486,0xB164A659072A92739aB3429c706658b4e3efe055,node01,eb108611f78372951e64f31eda154d133b9d8cfe5f44b3c94aa86ae796827b81,2,1791366658.1419144,1791366671.9707022,13.828787803649902,166,241970,confirmed,
1487,0xF709951c1ED36EBB28c8762b6F52BCB6f9F7b220,node02,9a3edcbbe125ad8d388438a0dbadd87cca38ce8a82db7d14e1d24833472a53a4,2,1791366658.142995,1791366671.8340304,13.691035270690918,167,241970,confirmed,
1488,0x0797D59D655A9860a98A6881F425C49fE05853c0,node03,b4d001eccc409769f2dbf5d0db16669ef788515f8a8d90662a6dabf299ab35d8,2,1791366658.151911,1791366675.8543766,17.702465534210205,168,241970,confirmed,
1489,0xF660C48F07167aEd0427A93A67929c9c632e9e67,node04,91bfa2fd259b95f3a437fd57d200a97d4c8366f753823bfd0f8f230bed01c255,2,1791366658.1537652,1791366679.5988097,21.44504451751709,169,241970,confirmed,
1490,0x78b8F748efbc49a1bF541d6AC7FA27928292b3ef,node05,6d5253a43a5f549b043f7e72717b9806bd7b5adf1fc6d59b7daf3c7942650154,2,1791366658.1561124,1791366679.6135952,21.45748281478882,170,241970,confirmed,
1491,0x1A6A1e675d3859Ca19e3791f707372D9baF50812,node06,3d650268139a305452f10b40ce951abf56b6b5bcec21e74012331a0df4eb944d,2,1791366658.1584792,1791366682.6198242,24.461344957351685,171,241970,confirmed,
1492,0xdb8d41c93e41D4a6497bBBBDB55f15BF251d7969,node07,f77afd6223de2f01931235652611408ef83c07c8207056cc14bcf57b024f6a91,2,1791366658.1594152,1791366684.971564,26.812148809432983,172,241970,confirmed,
1493,0x6c4C0Aa043ed547200fef32aAF3B5D22F9eB61A3,node08,eabf6cd30f89c1501f7866472b90b873ea0d29598d7e70a6d9a1234f63cfbf85,2,1791366658.1695538,1791366686.8691792,28.699625492095947,173,241970,confirmed,
1494,0xdCcd5211f0cAc0F37F7E8828D9283bA4b6DD8BdE,node09,48d55198c7c08184b35404da170e8b13b2850cb2f5b32c552abbb55932cacabb,2,1791366658.1733649,1791366688.1980429,30.024677991867065,174,241970,confirmed,
1495,0x74a5A551a03F90127566C4552bcdE58357CdA561,node10,74c613d58fc617524c916db51addcf29427ebd09a6715699e3db6d5cc99966aa,2,1791366658.1775858,1791366689.5935893,31.416003465652466,175,241970,confirmed,
1496,0xdFfB7BF16aB2c11CFa8fB63fF9a8fBBBeb5c4798,node11,3ce765dbd6bd0ba01dcff280494c4f80432b8cf55ad05fbe2c5fca0db5db678e,2,1791366658.2029061,1791366691.38613,33.18322396278381,176,241970,confirmed,
1497,0x13aDC7a8BCBdD369B4B4da5Df5a9CD0C0296c8b8,node12,8c882a26a8e6ab27dc0a8f0596c4004b6b9206e589aed3259d845ad06ea244de,2,1791366658.2095437,1791366692.1778314,33.96828770637512,177,241970,confirmed,
1498,0x60c0e77802193449075A6c6C3Cb48b5BCBe96764,node13,a76c7f7e253ae457789f39f350677c56e758a45a8ed40440750310336df512d1,2,1791366658.2145321,1791366665.6625688,7.4480366706848145,163,241970,confirmed,
1499,0x290bcD14Da19A11120f7550FCe5dC330313c18B1,node14,8a00f203c3ca17df89af5eea82eda147cbad6b4becc525e4faa49af7ec90e3ae,2,1791366658.2217057,1791366665.6613145,7.439608812332153,164,241970,confirmed,
1500,0x9f532A433586cC59cF4f63821170f7cBfDfb6e1b,node00,e1ee8c6d52f7b4429ce01b1db7a2060a4fa24ec65d5a0077be54a78d4bcfd667,2,1791366658.2246058,1791366671.8031616,13.578555822372437,165,241970,confirmed,
1501,0xe2045e08A09c0264259050052Cf38acc68d56008,node01,2b5947c6a39470e8aa36915c10079a536b135a4353870bbe9c0e113aa12f87bd,2,1791366658.226808,1791366671.4173448,13.190536737442017,166,241970,confirmed,
1502,0x9Eba9509a6cD0115681d8ca904dA1Cc472588c91,node02,05e37b2f6745a6270e04d4a53034fccba9c9bcc206b640a7926b8fa69407787d,2,1791366658.2294812,1791366671.4017274,13.172246217727661,167,241970,confirmed,
1503,0x9763A7b51CC404605870bC0FCc4e7a9Af147db30,node03,4b0aec14cd2d0d6c156e08807eaa433649dfdfc16eb52bf52c05c1e0c0ba07e4,2,1791366658.2431448,1791366675.8214347,17.57828998565674,168,241970,confirmed,
1504,0x20ee19711CE500ff698ee649AbA236f745565f04,node04,a08be072eb74cbec80e8c0084ec2a6bc3c54148ecaec6cdeae0f307f09cb7f8e,2,1791366658.2568188,1791366676.1813395,17.92452073097229,169,241970,confirmed,
1505,0x25A77F532790C07e613B906695D99FB353CB2E31,node05,bc91184268cf3eb5ae525eb4c873ba9ca1bb751f9b7c7363fe4e7576ba17a703,2,1791366658.2586036,1791366679.6724854,21.41388177871704,170,241970,confirmed,
1506,0x8F5a15a217f1C22a6E054b0a07735CAa5535bA82,node06,af311465495d357551dcca31f7d643d54a964698883ad1c1f825c0bd013bfc13,2,1791366658.2605512,1791366682.6563835,24.395832300186157,171,241970,confirmed,
1507,0x3db503F399816CC83aA167937DD76FeA779C441b,node07,7d8b322d13167d56a2d74b750f4c66ec6611876938d38201d1777be7e0acd4fc,2,1791366658.2623847,1791366684.905068,26.642683267593384,172,241970,confirmed,
1508,0x7A2f5316da502EB8Cd1C4b30E92C5aDf1b765A13,node08,05eb18c13e876a4745a23fe344640fb6707350a4e0897cecb345f788ed21d081,2,1791366658.2642357,1791366687.1545537,28.890317916870117,173,241970,confirmed,
1509,0xAd2d83DfF7cF55e105Fb5846a9EA1a29b3A3e7af,node09,a7eb441bbbc804179482f3000f132dcdd4ec03e631700f34c2b9d3c1dc3b3998,2,1791366658.2706947,1791366688.5368087,30.266113996505737,174,241970,confirmed,
1510,0x6600aDFAC55bec3598D877F7237a12702E092f77,node10,8069de8a2eca32a5dfbb29001feb32898ef3e2a22a55faa1578b99f9e42ffd82,2,1791366658.274081,1791366689.6337519,31.359670877456665,175,241970,confirmed,
1511,0xE105407603458559e8f6E72D78F881790057a8C1,node11,7fc15e199069363a9d0d98bcc6ab38df685447de82d91fb42c6bbc985055155f,2,1791366658.2780993,1791366691.350106,33.072006702423096,176,241970,confirmed,
1512,0xC48255E596cb0C212915F3cf490887640B2E7FdE,node12,215ed2a0d1bc1ff2815f25fee35224a28ae570e349a1242bb1802b74706922ea,2,1791366658.284838,1791366692.1695719,33.88473391532898,177,241970,confirmed,
1513,0x2Cf4C4cDB9B25002FDcEe72f4d674b301a88456C,node13,6af952727877bf82ee4c43ef38f4f2c4b8a9e1b73250ba47f6898e1241fae3d2,2,1791366658.2902126,1791366665.7219958,7.431783199310303,163,241970,confirmed,
1514,0x1c7024487dBB403FC238A0B31DE0f22e905879F0,node14,4c4aa8ac0f1dd86b6dc1f65bcba7cf6b4d8dea54e6a37d6eb4e8a1de76432f37,2,1791366658.292411,1791366665.734895,7.442483901977539,164,241970,confirmed,
1515,0x4DC4DBb39F0DD83cc8750CA2aa2ceE7cD430cD32,node00,989992b7455fd183f2a6587ff542a940fb9ce3bc6e62ecf55fca1e74f699128d,2,1791366658.2942069,1791366671.4276628,13.133455991744995,165,241970,confirmed,
1516,0x57B952Dc653c156d8bED0b870BD4fCE9b2756c97,node01,45251ab35a630240333c35d2d151966c38756ccdd6c90be9c6219aa755975014,2,1791366658.2977836,1791366671.5880797,13.290296077728271,166,241970,confirmed,
1517,0x09Da556ee46f65aa9b23c8a03Ce55A45D1a3f360,node02,0ff64c9182e38ad93fabbd4dafe359e88c32da642fae0dd503fd052d4696deb1,2,1791366658.3002465,1791366671.4481947,13.147948265075684,167,241970,confirmed,
1518,0xdEceD6264519331e22b99f0abe7F35590bF3045f,node03,2a30e80ca31120ddbcf8530e585399ea0055630217672feffaddb40d18c754af,2,1791366658.3102138,1791366675.8233342,17.513120412826538,168,241970,confirmed,
1519,0xCB399CB89C95b4c181c95Cb1048d1a2FE29eE1F3,node04,a80572d4790151b23fa12b41566a5ecdc5a200991a331d0f7df150caae1df275,2,1791366658.314447,1791366679.5890052,21.274558305740356,169,241970,confirmed,
1520,0x5DdFE5Ae258C8629883bDd1e557490C4A898e12b,node05,ad39d65080837956ea2d40e6d87695eb90c0fe15ebb9404f65d9767d1ae4d1d1,2,1791366658.3191147,1791366679.5355573,21.216442584991455,170,241970,confirmed,
1521,0x2beD3e81B05369Df615fbC5f31aA68A712128f5f,node06,fbe2bf6736f805bc993b7ef83dc5253088c171b002aebb5ace3434dba02bf9b6,2,1791366658.3257594,1791366682.778177,24.452417612075806,171,241970,confirmed,
1522,0x436B620AB83B50ECba5b98ec4d382e263891Eb81,node07,092d02eb12fafc048307e05b851022365bc3f9c5aa05f97d3cc0d26d5f69c3af,2,1791366658.3286297,1791366684.8268504,26.498220682144165,172,241970,confirmed,
1523,0xf77C6E9A48D0E0037bDd1988fD1d003a05156987,node08,cb42df3d695541665532ee477b1eab23371382e6e3764a895f7bfee0ee9c5ebc,2,1791366658.329906,1791366684.9493923,26.619486331939697,173,241970,confirmed,
1524,0x9e83d1262DB99B826FD910670E732A9D1f2192cf,node09,c5cbc34b2c03091fd9cd86da1a019343dfd60ed7d9e2049c67f07d0888900a70,2,1791366658.3321044,1791366688.2972386,29.965134143829346,174,241970,confirmed,
1525,0x16348d35407A685b6F3Ca387d6Bc5dB04AF6d96D,node10,131c765dc4d25ce813034e6fd1f7e0879e7b95ecedfec86f3655dede49555e35,2,1791366658.3405743,1791366689.5405905,31.200016260147095,175,241970,confirmed,
1526,0x0c15d5e63eD3355381a52bB566537825edeFE9a8,node11,b695be5698b505bcc807c909f9675d6e53411c8270616ef6e993dd0c3c17ace0,2,1791366658.343712,1791366691.272712,32.92899990081787,176,241970,confirmed,
1527,0x71662e86D59f6d270dC4FEdd8aa201860eb8453e,node12,4b8ff73f3057824b5c5e82c45b2c5f25e87330ac9122f9002e23fcc52fd46af5,2,1791366658.3453453,1791366692.1449726,33.79962730407715,177,241970,confirmed,
1528,0x1a18D841dc29AC1C5896aB21542e60598406007f,node13,8414264ea16fb1e09a25bc3ffa180f8328b99e570e0bfe8f85175114fc0b4ce7,2,1791366658.3468761,1791366665.794276,7.447399854660034,163,241970,confirmed,
1529,0x590FF1F3F218f93081Ca59EE7F699C94C516437B,node14,c04c22266c54971973666c7df462f6482c7730747aebc9da01f4ab23050ca977,2,1791366658.3495114,1791366665.8125572,7.463045835494995,164,241970,confirmed,
1530,0x8ABbE1F3f74762E84d6A1a088D74B3CAB195710c,node00,6a0017dd0e672a46ce07ceb029e1372ee00216871f5f9e180e26618bb03651a0,2,1791366658.3510735,1791366671.9150095,13.563935995101929,165,241970,confirmed,
1531,0xdf81FfFD85EFD4f0A7eA4394349C0701AA6E08Ca,node01,5880406ce3c1a383787995ea44f7a5aa7150526fa571d876bbfef9271edabee2,2,1791366658.3525803,1791366671.7037601,13.351179838180542,166,241970,confirmed,
1532,0x90Cf2df268dA829d28F449830b0950347d21008e,node02,829e68e806ff03ee279a0eb452dfb64bfae1957e0663c7cab20037b1fc6c4427,2,1791366658.3547711,1791366671.6562383,13.301467180252075,167,241970,confirmed,
1533,0x92D8cEdd4BB38365E65EC7e8dBE5a73af56Cc263,node03,cad12ad1d5e3d7b391478e386731fcf0c99c3a079c0198da65984911b74f7a92,2,1791366658.3585577,1791366675.8707356,17.51217794418335,168,241970,confirmed,
1534,0xd66459fC0a7D884faF7894d52dBB19fFEFB53B77,node04,686c9b599ca6b6d98491f1db5613304b2125bbbde2f20df6478c761b17298697,2,1791366658.3610957,1791366679.5400484,21.17895269393921,169,241970,confirmed,
1535,0x7b5df6fa50ee0E51603C2dDcF6BA02dd45A55262,node05,cf37f71183ed68bd8d887e834ef480e7a67624608fd8e521a62a320716b14196,2,1791366658.3639183,1791366679.7681453,21.404227018356323,170,241970,confirmed,
1536,0x9Cb5C334aDd0368C0b100881Ca22E0F7Ef0CE7ba,node06,15b39c4694e48d537107c523e99b2fdefd310e1870dd76d6b2960bfd8c0669f7,2,1791366658.3675044,1791366682.5507853,24.18328094482422,171,241970,confirmed,
1537,0x99692C6523cd69b45f4f9ca4141171225B747394,node07,cb50e457d06b97261dbac1e44a98da8ad1284b7d10f062902c26aced3e3b300e,2,1791366658.3687413,1791366684.974554,26.605812788009644,172,241970,confirmed,
1538,0x7aA310F4C8A2dB4288A590e9b37d21547C6fa6e6,node08,47600ed1db51242ca7ff6dbf992b3918b35a67919fcb9097047261e46c8f6bcd,2,1791366658.3711293,1791366686.9161482,28.545018911361694,173,241970,confirmed,
1539,0xd70258BEFBE30017A850a2B10e6B88931AaBF594,node09,e52ca710c4f69f07b09b1e9fe68469e38e3bac6b73a2612fbe9259b929e3b7c3,2,1791366658.3758993,1791366688.291252,29.91535258293152,174,241970,confirmed,
1540,0x28106a66F0cD0f1389098c09E966dAFd88FCF290,node10,3e2896ef3aad5b3b89be7e5719645b5ee34f2c982b289bf7576d931b8321facf,2,1791366658.3781967,1791366689.866088,31.48789119720459,175,241970,confirmed,
1541,0x43d98bD4AFBf98d566B9c78f818597FDd5Ba6257,node11,efc7e93c0a6e59e2d6c814d131d9f8fb0a99b557e5f8db738d7becf1671f303c,2,1791366658.3806145,1791366691.277906,32.89729142189026,176,241970,confirmed,
1542,0x34a9C11dC27f9f93335e7FaC207CE2dF9c78088D,node12,debbb7d5b6389902ce35758aa777c13a44f3c96ae09d239f92c177c72404fbe7,2,1791366658.3844273,1791366692.2682045,33.883777141571045,177,241970,confirmed,
1543,0x6b1adDDb4a1FdB9d0c7E28b19a5e54E2636820F6,node13,0239954e4bea0b8bb95366dce88edd271103904d8266c316a20d9d5fa4b4f158,2,1791366658.3859897,1791366665.856718,7.470728397369385,163,241970,confirmed,
1544,0x3596958F1CaA151c29F600Cf2f8C3b06201C01a1,node14,816fea57e3c7a89f80d9e6457d5a680fc524b5b1bb9d23f80bef1b6e406291f2,2,1791366658.3885705,1791366665.853803,7.4652323722839355,164,241970,confirmed,
1545,0x63dB3151c74e69b3A6a0ac4C85c41883c1d7Edcf,node00,9bf8fa8447c15b8f1c2542e71676e561aba3ed62d354e48c902113acadbe63c2,2,1791366658.3911953,1791366672.0605347,13.669339418411255,165,241970,confirmed,
1546,0xC10B8F458CDd11B1fF6b16F6744941521277c396,node01,ed6084097f04775a465898463700915a1e3cf009d2d2e83f82603cdc95a963d1,2,1791366658.3930478,1791366671.8465195,13.453471660614014,166,241970,confirmed,
1547,0x2cD189bD7AbfB9f271d6a25d11354e0a444a0F14,node02,141b40f3739265fb65ce27c005cab4a7ca349272302b1fa0c915e1790e228f16,2,1791366658.3968527,1791366671.8795795,13.482726812362671,167,241970,confirmed,
1548,0x53f1B6a0E907648C0Bc23C6DAdF0F1Eec1adfc6f,node03,6a982fcc1c31489d2327f10e198f00cbf421e12f0f64f5a4a16eb6a11a675409,2,1791366658.3979337,1791366675.8919866,17.49405288696289,168,241970,confirmed,
1549,0x8abc9429274e659CC7974d9306D6217D687585cb,node04,297efa015ca8fd6c2d84f0a1639ebb95cc87275cd3e462aef9a37a01efa6bde8,2,1791366658.408931,1791366679.6227105,21.21377944946289,169,241970,confirmed,
1550,0xB85518570a8ee0b9DEBbD4605847feb9C2322DBa,node05,e82ae399d905d54a81058614fbb43951d70ca035a861bf66d8751ae25ae236a9,2,1791366658.411149,1791366679.6646597,21.25351071357727,170,241970,confirmed,
1551,0x0bE778494FE22E9D25Fb0df0BEa1c681D3284e2f,node06,fe60aa808b7d1547797829483cd0edc367d7f8a743ea891b07305e6678ac8d90,2,1791366658.413501,1791366682.5062163,24.0927152633667,171,241970,confirmed,
1552,0x36D0C479ADF8A5272936Aebb614B75ebc54cA274,node07,e44858c29021808c7cacf7c8bab12705aeae01ac27a8dedbcb384f0e895557b9,2,1791366658.4153965,1791366684.9037468,26.48835039138794,172,241970,confirmed,
1553,0xBE6c70D1B8aF805D6DdcD5BF16E03dC92E22702D,node08,96159a0999313505c1a2473c63ce7cd7cf05d9af60ffc83d5beb6b01324a3456,2,1791366658.4185367,1791366687.0546196,28.636082887649536,173,241970,confirmed,
1554,0xbD5061fa86203F7971904B3477ba0815dC70c85F,node09,07120aff3dacacda5a989eab7abf8b1ad2e923529aa56ef3b38740f55d357c70,2,1791366658.4205692,1791366688.5837426,30.16317343711853,174,241970,confirmed,
1555,0xA89407AD900CDf3C532CF054EDf8F168c2da247f,node10,87d56b2e16feb7f582afad6c8c171fdd86db08990b84e2f7e323187a5efc1107,2,1791366658.4234521,1791366689.7201414,31.29668927192688,175,241970,confirmed,
1556,0x42A2d1E2bE36B1CC412b4a1115a3C398EA3a854e,node11,703240696879c8fd37d32a24daa2189a0063be759222b4c08fca2b2b908a496f,2,1791366658.4370823,1791366691.3384056,32.901323318481445,176,241970,confirmed,
1557,0x4456b2F5aA4133EA73dF9428E4020382cD1E668B,node12,d5c0ff723706861384bc78610f15af3762251fc9b7233f9b4d3e28f150345c85,2,1791366658.4391117,1791366692.1637704,33.724658727645874,177,241970,confirmed,
1558,0xC0B8cb0FD93FF022b7C7Ea6Cb018DB671c7453DC,node13,10ab47746d67ca3c426a397283af96248ace3336392d826cba1d1937c1be5217,2,1791366658.44373,1791366665.9296222,7.485892057418823,163,241970,confirmed,
1559,0xEb80A3Adc829F2Bd1eA0bbCe6aB12697F8b584D0,node14,0efbe5d550a2fec835f41614de695fc0c88ef25cc138cd1960a06cd797fe610c,2,1791366658.446667,1791366665.8918025,7.445135593414307,164,241970,confirmed,
1560,0x22E0CfaF519259D9E6A0ea6DA392D83E0Eb1394c,node00,16d7a8e1d2ad6eded7b393e09f48c775381880a155c4fb156a439279cc2d750e,2,1791366658.4504383,1791366671.6280181,13.177579879760742,165,241970,confirmed,
1561,0x39A856d97c8b9BFAa6447Ce62C7c5fc673B2bDe5,node01,6f46d098c2590e2f091f66ef00027c603210eba720dfa74fe7d6a9e07c84a1cf,2,1791366658.451771,1791366672.0765486,13.624777555465698,166,241970,confirmed,
1562,0xE8924e3267F3fED3dD30FC08b8Cd9135782Ffb72,node02,d6b19ed158e1deefafd45ae1bc5246e036d609d9554e0b482f536368fffc3542,2,1791366658.4533093,1791366671.8513894,13.398080110549927,167,241970,confirmed,
1563,0xA39a0655e1e90043cF4f0919bAf9771a58C7f4A0,node03,2ff0798ceb6f531e5a48d919569c04f6187e9b36abce640e747d79a61cc2fdc3,2,1791366658.455385,1791366675.9828131,17.527428150177002,168,241970,confirmed,
1564,0xE6C48D6eFA6f4d4BDb781552F508D1CBfF8c5366,node04,3d251f579a79ead9016886e809feeea5100268abb7bb943842d6fc3e40fd5034,2,1791366658.457167,1791366679.660016,21.20284914970398,169,241970,confirmed,
1565,0x96652D678f0A3254B194d2c1B28BeC5f10246B11,node05,6ac493d48ce2f3194ea93afb703eb49e1f6f5d7a4a3235895294165fda4e349a,2,1791366658.4594257,1791366679.7135186,21.254092931747437,170,241970,confirmed,
1566,0x278EF43741f47460A003a8c03c5fE7BC24Eca15A,node06,d5a85bec972948835e856aea384abb2afbc75381a18898a8d6ee0d114dcc024f,2,1791366658.4613986,1791366682.6796477,24.218249082565308,171,241970,confirmed,
1567,0x29B010e6fEDd4ac90465960EEE94453595cf3c1B,node07,b8879cf6c1345d72cc4b5385af0c3a68166abab62ad89e8ce4c617d800cac2fb,2,1791366658.4630318,1791366685.3657038,26.902672052383423,172,241970,confirmed,
1568,0x91C6388D75fA9FC8Af548071848759630eBE90e6,node08,96ec040a0c9b93ac9fe8ef0ffc3daf3a9b900a78218b8c66fadc8c8c200093fc,2,1791366658.463881,1791366686.951493,28.487612009048462,173,241970,confirmed,
1569,0x47634fA5E315BA36341482281e6E76378f9145a5,node09,2abd20c42a3b8f228b717b85583b32f1a5f00a0bc7919ccec66c0ab1221286b1,2,1791366658.4649892,1791366688.2651856,29.800196409225464,174,241970,confirmed,
1570,0x420A98dcF2829787e48E7d6e4AE47605aAB7B1E8,node10,5e72d1ed9e99dcfd3af6da2a162db348351e47756e4610f2b23ec6b388157260,2,1791366658.4679408,1791366689.6144674,31.1465265750885,175,241970,confirmed,
1571,0xA0ba7441Dd91DD15bAc62E2c51bBfC2eeb912773,node11,3601a51a407065548544c56d458af9076460d4d32729e868bb7e9ec6536a8a25,2,1791366658.4699202,1791366691.3702743,32.9003541469574,176,241970,confirmed,
1572,0xdCab45941957b50a1a7456f6BF4892F118770bFb,node12,4e7ea3e0765512be6fd2e2701b5271a44c934a0cf06294221a84e26eb6d1ac69,2,1791366658.478149,1791366692.2190065,33.74085760116577,177,241970,confirmed,
1573,0x54867683dB452A751A57C943E41bD5007323Ed30,node13,fdd1bd11f017a6aa7202f940a1ec4dc48aff9cb8589df264d7136c07e6e0be72,2,1791366658.4806664,1791366665.9936206,7.512954235076904,163,241970,confirmed,
1574,0x8DF84E24231B3d2C1eB3D3d8Ddf2F33e3c0977a8,node14,0f82494b805c838efd91c72076f54948d28122031b7e9ea5fd20dfa95b82337f,2,1791366658.482605,1791366665.9952328,7.512627840042114,164,241970,confirmed,
1575,0x3EAa69Ee454B34d8525ff8A9bc77C1187f21AA56,node00,3eddbce6406ce805c3a81ae80a2328689a66bcd92d5f28d954e72fbf427fa347,2,1791366658.4848223,1791366671.8866773,13.401854991912842,165,241970,confirmed,
1576,0xE0f7B12E3982fd637F4283db6820f785FF7c307d,node01,f5c513d527fdfd593377f3726aacfb622c2a7addbb14dea3a7668c825dd4cfcc,2,1791366658.4860606,1791366671.904674,13.41861343383789,166,241970,confirmed,
1577,0x26176bCCDc4Ad08FcE10C7B7aa7e51Dbf056850e,node02,bbfc7d8b8708a96ecc110cba3dbb83b34f1a05d2e27c5257c45fda95dbcdef86,2,1791366658.4895394,1791366671.7977552,13.308215856552124,167,241970,confirmed,
1578,0xc963Bc7E2080aD373b8C519Ba978fd82ec59144c,node03,5a73305a5657286b3d3980d077dde4e460270b0c30c2c6c8e969d463c536b0f1,2,1791366658.491835,1791366676.0228128,17.530977725982666,168,241970,confirmed,
1579,0x058E0c1C46E5D02E97e605E125Fa968B53BCfDc9,node04,c7095f84fb819d0acd4f2dcae8fe7cef70b459662cbde319202da2345007e15e,2,1791366658.4931688,1791366676.200606,17.70743727684021,169,241970,confirmed,
1580,0xD82695401c72F2939B0b67eBA6088922bF112f41,node05,6395a0ae5618fd739a745947bae68f09bbc01f30045016f8de59df18e5c4f9f2,2,1791366658.4954565,1791366679.6582572,21.162800788879395,170,241970,confirmed,
1581,0xb0ec487e2Cb74D3129337D9fb778f316A063D319,node06,72731823232c50d57ea20302cb3019f4ce7400bb9c15853b7ffbbd47a1e8ee29,2,1791366658.496725,1791366682.6932862,24.196561098098755,171,241970,confirmed,
1582,0xf1d66BD2335d00a9B73eA7b6377c2370F00bF4Bf,node07,201bcb66a943eaa6b9cb545e1d31ffb755914cec4fae15bcc46a6b8fd133080e,2,1791366658.5038676,1791366684.9272845,26.42341685295105,172,241970,confirmed,
1583,0x13bA8A4ca3666Db7D50F309E750a60DbF58fE5E5,node08,e3b0c34a5d6ef00e7283c53e4d16d429009c4693597ac52ed4f6df03699def87,2,1791366658.5049567,1791366687.1023993,28.597442626953125,173,241970,confirmed,
1584,0x89cBAb659228fC536B6de0a0E851AcCa6fD0C9Ae,node09,77dde69671b1fb5efcb50a654d80ba5f917ddd13fbfc6fce092f5a02a9a22b5c,2,1791366658.5236688,1791366688.3402314,29.81656265258789,174,241970,confirmed,
1585,0xbc3B82579683A04204F406A4E24B66f28B0Fb69F,node10,512b59faef0f8ef01df1e2c272aeaae95d677705bef9170be0760df26d239efc,2,1791366658.5296795,1791366689.7544024,31.224722862243652,175,241970,confirmed,
1586,0xcbefE34D47Fd88E783D9f2B4EA30B58934120015,node11,aab998aa754f486ab0b13bcc7042361d28e7bf3535ec017a76d3a0018f9a7f97,2,1791366658.5317862,1791366691.4382768,32.90649056434631,176,241970,confirmed,
1587,0xc5fDF8395c4968649B563e53140d3B8d37396964,node12,e66fd70714026ebcb4022d82639047c2b1610aba508eeb2c69d56636ed73d040,2,1791366658.532956,1791366692.227173,33.69421720504761,177,241970,confirmed,
1588,0x94523e621980e396564419E0f5944a80c5FeFCb6,node13,c49259f148b549500cf84e0e00030c3be9f4b42b62eb766e1af1e060cf590ca5,2,1791366658.5346904,1791366666.0812767,7.546586275100708,163,241970,confirmed,
1589,0xBc91185E00278BeC3991AcF8755Dd4F1E451e347,node14,a06724004d8832a95239aebf5dafbc65704ae96b3a79ebf0b35af8ec859a6cd4,2,1791366658.53891,1791366666.0868006,7.547890663146973,164,241970,confirmed,
1590,0x425905185A9318736d9ddE900917bB0Dc2997c46,node00,c83c8b575408cb989136eb669db938bf25085a4c6d704896d17ec715bb452683,2,1791366658.5407586,1791366671.999364,13.458605289459229,165,241970,confirmed,
1591,0x5730A69fC8af8205fC859331DCd9263bc63b89DD,node01,d2f13020051990bfefb953dad5ebb25e5d3612659bb5769f5b1cdcb01ee366f7,2,1791366658.5428076,1791366672.0998797,13.557072162628174,166,241970,confirmed,
1592,0xaaeD3f3A86BE5A615Fc5a6ef3652A6b5DE20D0af,node02,0c57b03e80c5e5cc88ab8caa3b4f932c84bd3da3acc58732668c56610994982d,2,1791366658.5454798,1791366672.1472569,13.601777076721191,167,241970,confirmed,
1593,0x694B08c9696e0C04d9EcDd40572bf961af1699A5,node03,03d1d2d3f84f1e4e0db5db7c9ea5b5d75e6c05ddcb38a45e1ef31b83dfaaa13a,2,1791366658.5470695,1791366676.1009667,17.55389714241028,168,241970,confirmed,
1594,0xd35658FC28f0AbF2570Fc7054537b36c166358De,node04,67fb00a9addb4b3e8b30fd55d4d659c991bc86973314f890bbe0f4d9bce02362,2,1791366658.5481296,1791366675.9209301,17.372800588607788,169,241970,confirmed,
1595,0xbcb3e95aFCB41E2be279088d657dCA403060f300,node05,c25f1b7a1055ac2f3c4b3c4e729438cbc4464557b6083959f4de5ec36f9511ef,2,1791366658.5493112,1791366679.9733305,21.42401933670044,170,241970,confirmed,
1596,0xF3A0D6c0D1f399E0Ac52297605B2beA08f834e86,node06,a472a4982f5ab157c346929f268f59ac0b18b5519c9f755a5f9b0f5dd9cd5ec3,2,1791366658.5514836,1791366682.6065392,24.055055618286133,171,241970,confirmed,
1597,0xc96b5541a84ED933e640CD581b42520C961E40E5,node07,fb2a06fb2be1a6563fa260e76b0257d19b22f3aaecafd10f7fb9c8596ccd9761,2,1791366658.5524526,1791366685.0048752,26.452422618865967,172,241970,confirmed,
1598,0xFc133e20C2c320CC55506De30aA29fFE72bE57d3,node08,752601fe679220d8d27f7bf0cc1ce20af7d7efd11e74d2bd2a27a6a2871aa778,2,1791366658.5545962,1791366685.2039702,26.64937400817871,173,241970,confirmed,
1599,0xc07fB500907B3bEE8d2D6EdC62E217D23c47F55D,node09,6fd6cd1098af457acc80526cba9c1f7cbd38f91594fc65979fcb26dbee91540d,2,1791366658.5597444,1791366688.363155,29.803410530090332,174,241970,confirmed,
1600,0x6f712e399E1295B30EFe89bb35ab28D4334b0163,node10,8ee6de5b7f55445b7e9b02e770545fbf33c5da92e5a036aa4f14e2809805b39b,2,1791366658.56187,1791366689.7937913,31.231921195983887,175,241970,confirmed,
1601,0x5333bfdBF2240BB762109efdc8A342B24862A704,node11,b82440864b0aa36c3ad49e77b77c15b0ce642e2d4500f23b5caf8f04e7874b7d,2,1791366658.5647485,1791366691.332038,32.76728940010071,176,241970,confirmed,
1602,0x83c42dd0faBa16Fc52657923C40c5CFcD5d96987,node12,3b7fbc84a42e6830dbc6a145a38f0b5f5a4d8c34ec48db423a37d45b8fe96310,2,1791366658.5668008,1791366692.259311,33.69251012802124,177,241970,confirmed,
1603,0xE091BeC5c9C2145936c36577CA2A71711f3945C5,node13,b1fc8e6b0de1b4d6988f8165047a8d4eb14c30cdb8934329f913d11f602d39c1,2,1791366658.5719283,1791366666.0961354,7.52420711517334,163,241970,confirmed,
1604,0x43fc79F8ee45A66ed99c19703D15Da004D824c7C,node14,260448dbf26f16f0ac711bdfc07ab00d8ed1f82e1332f728562c41eef8022214,2,1791366658.573374,1791366666.106017,7.53264307975769,164,241970,confirmed,
1605,0x88BDBd7D85ACBe75D5b4eEf962d6BA37D825D469,node00,c1a00a973bb0e13e134663757c434bb0fb414d0f6364702baa3ed4e98d29d2f7,2,1791366658.5753398,1791366672.1146793,13.539339542388916,165,241970,confirmed,
1606,0x1597CA8f14f7f7edEb6338e7cf8f9988565d811A,node01,2b2f20d1459fe7b146ab7f1b056dcbc5e51f18cdab5787c7b6babac3fd62b667,2,1791366658.57735,1791366671.9099307,13.332580804824829,166,241970,confirmed,
1607,0x4d92C23545Bc31605fb537688cdE6fA12C1a9C56,node02,fb4ac670dfb41bd7fd833990ba3bb0b3b8a7d44d56efcc28bb2628c42524f015,2,1791366658.5799057,1791366672.0121636,13.432257890701294,167,241970,confirmed,
1608,0xAa9637c7354C0E13Ae4FA9D111927e064Da6C805,node03,c6c731c163c118fae6afad795cd5042709a7f7a227b7f92b997545b2de577a3d,2,1791366658.581381,1791366676.3068128,17.72543168067932,168,241970,confirmed,
1609,0x76137B2Df1D4F9B56b73B371f69B838a928898F5,node04,fdcf6efd77fca89614092fa2a6b966e800de51005bb291ba5d51b292324e7e3c,2,1791366658.5837307,1791366675.9975967,17.41386604309082,169,241970,confirmed,
1610,0xE43346EAb2fF94a502061D9Ff90F78b97d09f76d,node05,8a19111119e6ba2ceee778a6ec6c7738306a597f8ff57588c426bc6dd0d95e19,2,1791366658.5875447,1791366679.614682,21.027137279510498,170,241970,confirmed,
1611,0x69ba046265f1A5E9d83fdf60b380b9BE2227EEBC,node06,e023fefafdb34a4f19be277c252c56b34362d7746a45c1fd1c9086fde46e3ed3,2,1791366658.5904768,1791366682.5929437,24.002466917037964,171,241970,confirmed,
1612,0x53C130E1B3f5dbF480b3Bc41dB55862a78a54A23,node07,9bc986f21af6bc613061e6ee70fdb1422471be2e58215b04b6df626f8c2807b1,2,1791366658.5929816,1791366685.2454047,26.65242314338684,172,241970,confirmed,
1613,0x7A536c2771C387ae1F18444D4EF8377aE8AE08A2,node08,df9b63b76888f6d5ebddaed2d0e9497b52bad20b46e31aa823e3a2c02c94f545,2,1791366658.5941641,1791366685.009726,26.41556191444397,173,241970,confirmed,
1614,0x760053A02350029213565deB6A5F34454F5D5Ec3,node09,cfcbf3e878fbe241ffc1903e4d4a1f658508df408009ab74155cda869fbe40a1,2,1791366658.5956244,1791366688.2871394,29.69151496887207,174,241970,confirmed,
1615,0x87D693Dcad76175107801C5776C3E19ac9E8f0Aa,node10,d4990ea40e16e7b3b60d7f6d0ebbfab338fbbb52442ca27de367b15ccac75523,2,1791366658.596781,1791366689.6852891,31.088508129119873,175,241970,confirmed,
1616,0xDE34D62f4FACfEb88D00029D60Ff42ea0f11C4bE,node11,b7a24e6fd9ac2339c996ef5852d3301d17c2eb34add5b89818558a4c65b2488e,2,1791366658.5984604,1791366691.324415,32.72595453262329,176,241970,confirmed,
1617,0x7C33803E25d398971eb7F8d3b7E32341C4A2E739,node12,d61b0bdf3c381a5e51eb930a8687669209f9ee183419281128c92cd53e9a399b,2,1791366658.5996244,1791366692.193953,33.59432864189148,177,241970,confirmed,
1618,0xBC30f801BD51523c42Ca9b78d8956676A4A5a622,node13,d6e6c3aefb710fdb976eec66d7e928f207e060e2cfc26e3fc2bf86fec3123254,2,1791366658.6004882,1791366666.1349657,7.534477472305298,163,241970,confirmed,
1619,0xA6388FFD3Ab444860179943324d964E6025857F1,node14,410ca64e097e2f1671b302b29a4148ccb15676f5b0c944b655c4675bd53309bd,2,1791366658.6024654,1791366666.136079,7.533613681793213,164,241970,confirmed,
1620,0xF7f114F09039D4d7951Ddbc1186c32e06EfFf8F5,node00,011f8ed9bd38ee9cd903a81049e8e0ada6d63ad8e26ba74cb2fe6375f1b709ec,2,1791366658.605781,1791366672.1713543,13.56557321548462,165,241970,confirmed,
1621,0x1678ba3c2EA4D738BE97e5835fFC5479Df30e27d,node01,3a71b18fd3e09323c529038f38466f7aa69d234b6e4e44f4e321b50d632527e7,2,1791366658.6109676,1791366671.9950926,13.384124994277954,166,241970,confirmed,
1622,0x108B594e6561fF15fa57af9cBB8a889590c4aEBF,node02,18fff5c1d16eb62c56203df52cdeac1761f5e38ec8b72102d7ee9f82226635f0,2,1791366658.6134763,1791366672.1175246,13.504048347473145,167,241970,confirmed,
1623,0x53b1172585579851369e993c87573cE86AbD290A,node03,4f9eb8d6e609472f354e1d250fa54e825a28013ab283e0d2153b1996bb1266d0,2,1791366658.6157837,1791366676.2339652,17.618181467056274,168,241970,confirmed,
1624,0xd4fF2f862C0e8a8b095eD1585A9e09Bf7aF2c171,node04,4a52ec85078c4f728942a56d9dbb17773d7762fc4cb184ac64c7b06e228a3287,2,1791366658.618766,1791366676.2658796,17.64711356163025,169,241970,confirmed,
1625,0x28CbF5c34DF4040ebb22dB54ad974A2aEA062052,node05,fb15584079a290b0ddc42f1029d26c73221f4f4aa644635e057001f387954c19,2,1791366658.6207757,1791366679.9991214,21.378345727920532,170,241970,confirmed,
1626,0x4E47179D6E4E53481b131482758EbeFABDf2237C,node06,3bf3829805f4f6cdc634bc535e11506a4770fd3fbc1e8a9dbd6f6e84901e3751,2,1791366658.6248598,1791366682.6304858,24.00562596321106,171,241970,confirmed,
1627,0x4CB7acCf62D8e8bd5b9fCb9F419117Ffe09EFe21,node07,d94c85828ee34810c9710fce61833713a9bbb0c1c123996fbbc5f7ae9240de6d,2,1791366658.627441,1791366684.9968505,26.369409561157227,172,241970,confirmed,
1628,0x7FFBCB561775243b09caDaC8048516023bA1cb69,node08,4f54bd4444873e72d8edd48d756917d814684408df261f7abcd4e43d347026b0,2,1791366658.6295102,1791366685.001721,26.37221074104309,173,241970,confirmed,
1629,0x11BBf0237b14106719DFa4c76fd69213E98e720e,node09,27e5ec2ecbcd260a089f083b40c9cdf0b3fee99371944eb939024cc6d8ac3fcf,2,1791366658.6328063,1791366688.5754688,29.942662477493286,174,241970,confirmed,
1630,0x8679283E67D4d055068491c7b3BD33a90Bb95b68,node10,2ec03984c8940da803c809862fcb880d991e8456913eb418ed203a217b5d4c22,2,1791366658.633777,1791366689.6772048,31.04342794418335,175,241970,confirmed,
1631,0xcCc738866c39e18978CBAd20f91f3072e3Fd38cB,node11,3767746648ab0382b3090458f35c3d0c318ce845ca9ea62b4dbd6377c2031cf5,2,1791366658.6345155,1791366691.3437216,32.709206104278564,176,241970,confirmed,
1632,0x0caDa58646177d0Cc7bA52A3687f7B4c58D6431a,node12,945cc00836201acd1be207a72185cb1019a767ed64a35d7f51c0aabdbe7295a4,2,1791366658.6365485,1791366692.1838002,33.54725170135498,177,241970,confirmed,
1633,0xEedADeB9D9891a450A1C1E4Be0BC265B25A70D1A,node13,924a83e6b57f60c78e7c4d4e6c3598c3cd093cb6de2e641e70a3963229c3d5ed,2,1791366658.6383424,1791366666.1617703,7.523427963256836,163,241970,confirmed,
1634,0xC3De0575a25e0B37e8969e397fF7a8bD3FcC4B69,node14,82a310831750576b5ddca7a97403145296cce325ffbfae0569f7fd0f58609c26,2,1791366658.6401954,1791366666.1649902,7.524794816970825,164,241970,confirmed,
1635,0x8373244048a758CA36717a23769442EDC79538ef,node00,6c3635226825c3b2f9b2a27114c2b9c9bafb23981cfee5d8780bfff0e96b8ffd,2,1791366658.6423898,1791366672.0811613,13.438771486282349,165,241970,confirmed,
1636,0xA15F3D04586CFC624bd3848C7741B58B8951F895,node01,9ca9196dcc202a861973e803e402b79a3ba63f012cd79a31afab6ea5affc8c42,2,1791366658.644001,1791366672.2431097,13.599108695983887,166,241970,confirmed,
1637,0xD59aD1b9997a7b140AA184d83DC0529E124C7b33,node02,85590730905610b2513983124904ca2f6f12fa5a48ee368879975f34cb5f96c0,2,1791366658.6465392,1791366672.1238322,13.477293014526367,167,241970,confirmed,
1638,0x947b3f7F69f392784762Addbe42134BD2eCb3458,node03,ff68e031453395d88c0144d37b46152e0c25594fa133cc663bc298f170045905,2,1791366658.648415,1791366676.0585048,17.41008973121643,168,241970,confirmed,
1639,0xce101652daB5Dbd7b0128b14B4B242B70171c9EF,node04,a1110944d0959a63c3eaec9c82122e7cf456058e90cfc1ca023e2ff3b1df586a,2,1791366658.6500416,1791366676.1557324,17.505690813064575,169,241970,confirmed,
1640,0xE7A0028449709a2cCe691d46dD68900537F20226,node05,34297e3444c9064df7df02bbd19edbbe3b28e269a591d0b8a87ab0c4bf4f0418,2,1791366658.6516416,1791366679.6285741,20.976932525634766,170,241970,confirmed,
1641,0xFAdC3340B2a3E7D68601637cb53856DF2D483bCC,node06,801838f1a54a4636227d9dd9faeac90932b4e615a9bd74053596f7ce90095c75,2,1791366658.6562166,1791366682.7262497,24.070033073425293,171,241970,confirmed,
1642,0xb15eeB0F4Fd3baa279413beb046576a9bc5569C3,node07,bfd9b12005cecabd05d268c2c1c7374367495e0c2c9ac5f2947bfbce3394351e,2,1791366658.6572924,1791366685.4989069,26.841614484786987,172,241970,confirmed,
1643,0xE062da94a9ec29a03f9d1d3e3ee2714ba4150963,node08,42ab10ea40e2f6c71b261dba876a5111b04d64f21df461893752a30152945087,2,1791366658.6591442,1791366685.0448668,26.385722637176514,173,241970,confirmed,
1644,0x29F84b5579f6b7A0722631a4DffF8daC85fe0f24,node09,7c518377a8b9407cbd5193f4729bfb177756bc50baf9dd68239f7dc32cc55b55,2,1791366658.6600683,1791366688.3942153,29.73414707183838,174,241970,confirmed,
1645,0x27063A708163cca23bBCb12aA1cec8215d868D68,node10,131db8ee4873d1c54ff2474992f9b78a94712ae50a271199763eb94e3a59381d,2,1791366658.6618035,1791366689.8000429,31.13823938369751,175,241970,confirmed,
1646,0x93405804DEe7528C868e26e81915eec30086aa7f,node11,9b2af9b48fbfca43e255c9f57f67e4a546911360efac8725b5203e45e453c710,2,1791366658.6635816,1791366691.4331257,32.76954412460327,176,241970,confirmed,
1647,0x6661DaC5ce736A68AF4490b1FE087517C9867560,node12,d09e21d2e915d676bd36f56080311d7f0ae769b79e3fecb145abbc4cd5f056b1,2,1791366658.669686,1791366692.2382247,33.568538665771484,177,241970,confirmed,
1648,0xeadF1E60C53294E7091B80a98ECe8A7c4C014Ec8,node13,0523529d973ee0b881a7a4b1c95bc67e2a716269bf1268c55e18e539c64f3270,2,1791366658.6722074,1791366666.233452,7.56124472618103,163,241970,confirmed,
1649,0x7AAE37ea296804Ca363812c3EA70E2e6B3d8CA03,node14,e3fb2b3a656f02a89fbbb4ea11a69fbeef969dd9e0bf5be91d71753d30d0333c,2,1791366658.673204,1791366666.2353203,7.562116384506226,164,241970,confirmed,
1650,0x6570195a9e9a8880FA16750625f41591eE0e3887,node00,c12f5e2a86865943785ed565e9603da64ba1a9f4afaa918a31d00fcb72c171d8,2,1791366658.675894,1791366672.0863748,13.410480737686157,165,241970,confirmed,
1651,0x6b48d8a09ADB705Ab84E77D110B320FD14FaDffd,node01,27c49c62981ad6acebdcbe93bbdb7081fd7549cbdc0cacd892c6390517dbca21,2,1791366658.6788094,1791366672.1347663,13.455956935882568,166,241970,confirmed,
1652,0x85e49c7301322a3b71649115fB47938972B7f67c,node02,83f62568d11d070305271b564a5eecfd5ae288ded49d2ae5e83eae56fbd95247,2,1791366658.6808987,1791366672.1808994,13.500000715255737,167,241970,confirmed,
1653,0xF97fFCe3808D280aBC74239105884493d83ce9Fa,node03,55a90ab43f45f5e7374175164e9ae4d890d5cfba75e81546d2b5d9f5b305328c,2,1791366658.6827896,1791366676.21093,17.528140544891357,168,241970,confirmed,
1654,0x835610c4A5062185E288ac5e6f25C604CDD07dD6,node04,60d6d910132013cd56eea74550a500e67267e5125a08efba82642679d124d3f0,2,1791366658.687673,1791366676.3485653,17.660892248153687,169,241970,confirmed,
1655,0x3C2169169f2351a779Cb05F16FF5cD82d3077Bf7,node05,4bdd4de2f04239cf325f66a0a5ef1960b2852c9356de31708bce1d1f57cf8510,2,1791366658.6895223,1791366679.6836555,20.994133234024048,170,241970,confirmed,
1656,0x579DE4A27054588F8Efe1ee245048BaFffc1CD7f,node06,6e80cbd5c967b77ecf198dccc3813f81e7de85c6e6d0517f3118e7abdef384fd,2,1791366658.691159,1791366682.8820174,24.190858364105225,171,241970,confirmed,
1657,0x3D8F84B17dAC5d346A9B5f0dd0E14fC107aBeC5B,node07,4e6107a61b70edaa7716470e70f0681ddcb8a1cf813cd54ed628deec963abe73,2,1791366658.693847,1791366685.0751493,26.38130235671997,172,241970,confirmed,
1658,0x6F1E34D48FC58dcC9a5eE03617a3Ae21EB33A5f1,node08,dcb86eff347c39109e7c5ed1a34950eef80ad658f5a387725b88d342a24ae804,2,1791366658.6956763,1791366684.9772794,26.28160309791565,173,241970,confirmed,
1659,0x7E12d49d55ce19be4d90c81666F83375b965957a,node09,974e8501b6652bf3f49db74376a69ae524f71bbbe5f5c60e6be1509200d5297f,2,1791366658.6972437,1791366688.4486775,29.751433849334717,174,241970,confirmed,
1660,0xF736e176dAdb195Df26FFE1d386Adc60dce2738e,node10,c35ef19dfe402af3e5a702498f25e95c94f39347e36e28e692a3a2d7a526fc81,2,1791366658.7000043,1791366689.6963,30.9962956905365,175,241970,confirmed,
1661,0x3b060796387e9d38335f6dEB1A9Ce59771bc1499,node11,62540de8aa4b601ba318cac632f6309e115d1096449a64c78714c6f53cb01630,2,1791366658.7021978,1791366691.3923254,32.69012761116028,176,241970,confirmed,
1662,0xaa91dF572912dA482eD18e66a949Aa5d5ed69245,node12,b1adb243e4fad061e60145818fc95b6942352d13c0b0e29b04dae66b765dc110,2,1791366658.705659,1791366692.3591967,33.65353775024414,177,241970,confirmed,
1663,0x1652B5f386e78dC41bf835543feA2F729bB0C048,node13,0d9a655fc3d6d28da794a969249900ba035eaffe5ce7d6ab469a03a33240c75c,2,1791366658.7086945,1791366666.3086145,7.599920034408569,163,241970,confirmed,
1664,0x4905dB20bb646B6d9F7413e60f56996d0Af2dB00,node14,5d812d790c86137004bc17fee86041f9c8be22c27b8f1c9456c5d4d4a12e990e,2,1791366658.7132542,1791366666.2791193,7.5658650398254395,164,241970,confirmed,
1665,0xD05380D3a093D53B573B82d2F7ae44f3568bFf53,node00,186028ccb3d6312988b36e750ae4cac8662aad8613a32f48eb71fa9757989967,2,1791366658.7151132,1791366672.1365511,13.421437978744507,165,241970,confirmed,
1666,0x789ff5Ab797ca2703d4dd61baf63660d9aa78194,node01,4db554065f0a5a5fbd757376884ae4a598a789480c9d804f179d8a8fa862b653,2,1791366658.719664,1791366672.2187743,13.499110221862793,166,241970,confirmed,
1667,0x935Eb338e991751dd85b3B0eEc4164D24bfab25c,node02,6806692eb3cd68494ef2b182e91530dc3eeb25172897fc8183c5fefc97b64e04,2,1791366658.7208803,1791366672.26209,13.541209697723389,167,241970,confirmed,
1668,0x27691AC189A6dC742878adc412Fa81d68782ea14,node03,80342c25363cb51f0eefc246410825111f8ce61ce7ebc4f2bd3e05e0a78a26bd,2,1791366658.7230945,1791366676.2919238,17.56882929801941,168,241970,confirmed,
1669,0x269B6166F862b46eAe0b3bdd2687775d12FC26bF,node04,2b92017755dc696a8688ae5128b88a7f3c75df29d595010f6234809a0e23b68a,2,1791366658.727143,1791366676.206138,17.478994846343994,169,241970,confirmed,
1670,0x7962BB04cBE75E2ebfEBB32B5f9e58e776b4b33B,node05,b3a6b579400255f4a869306af138f666c8122b15d240a8acfcdd8c9bc37d7b69,2,1791366658.7296712,1791366679.7872317,21.057560443878174,170,241970,confirmed,
1671,0xb2997F80AEFbf18FAaDe45d545f0B33Ce51DFb38,node06,3f3187ecc23ccb85b34daddd2816cfbe1f7ff01ed947baf67049f61e2c4e970d,2,1791366658.7331052,1791366682.9845371,24.251431941986084,171,241970,confirmed,
1672,0x2Bb4df2b5c9f13116137F46F32711BA7BFAb1033,node07,68276186a656b98daea4b7ccfb0c2fd234dc819c626a62805af97cbeb41d50c1,2,1791366658.7352848,1791366685.077114,26.341829299926758,172,241970,confirmed,
1673,0x1b2C2b90b036F06413eC8D97B58AA25958813bdD,node08,f142533e310a3a92866baad6fe1f6e3125a666748f2dd63fae4ccd4f23b46ed7,2,1791366658.7360811,1791366684.9563692,26.220288038253784,173,241970,confirmed,
1674,0xc41582e284595450232Bbf9e97Fe5F208563eC3D,node09,a58482588e31340570a9c59d4d85f8181ca74907492bedb3cf37556fefa7a56f,2,1791366658.7371466,1791366688.4000928,29.662946224212646,174,241970,confirmed,
1675,0xCE9eC7c8515be3a6B6Eb2B4b602415478953d731,node10,4fe15b3ac68311665cd967743e3b145396b577b2fa4127d36ff389dc2dab3913,2,1791366658.7406263,1791366689.7653098,31.024683475494385,175,241970,confirmed,
1676,0x60CCf9536B9ED11309f4b89467fccE6FA973020D,node11,06cb76d41601e3b899ccc61b81d8c52e8c63fe9d4fc0103a2efb9d22da7c13c0,2,1791366658.7435083,1791366691.3770196,32.63351130485535,176,241970,confirmed,
1677,0x0058E947092b39D2937DFa87e510d7723e47e424,node12,74835f3177f400d520adcea5f70bb62db0f3e446e2f4676aa31999e31b14199f,2,1791366658.7444193,1791366692.2993965,33.55497717857361,177,241970,confirmed,
1678,0xB93C4db18332663f11B22DCbB36d79D54718b14f,node13,c13a39f4325d5a4d187ebb436d6c93769037a4dd876d42feed5acf1e1a2eb889,2,1791366658.7457778,1791366666.3822868,7.636508941650391,163,241970,confirmed,
1679,0x98E07cb3eee41EdB2bde832e8136A5656aD251cb,node14,b44a1e5ef25a7108150348775bd8211211401a6f3ce17dda7c78af5b3c458e22,2,1791366658.7473936,1791366666.5324311,7.785037517547607,164,241970,confirmed,
1680,0x38ab3fF11f7112740Be1a58FE121ee27392d0485,node00,714e89c0ff36e12997158bb0c1c145520971e03d7597c464ffec27036ba4dcf9,2,1791366658.7820542,1791366672.1727242,13.39067006111145,165,241970,confirmed,
1681,0x5Fa760937D4C123aFa597c13E331AF05F2deaa6d,node01,32af8977f74b95f5e7c87fc0e5490764cede4104104eb87441b4091fc248d3dd,2,1791366658.7829595,1791366672.1899476,13.406988143920898,166,241970,confirmed,
1682,0xEA50d8f365dcD8Ab91A766D20276e7ad602a5a0d,node02,b5bfd5c7262e45a33b25a60b24d7877c89ec407272eb526e0445fbfeac3768b8,2,1791366658.7854562,1791366672.2900538,13.504597663879395,167,241970,confirmed,
1683,0xED9b09d844E15F405a0bc8c678d4f10899733bdF,node03,caf1ec33bca956c867300b1abeb107f4568a837ba63467707a8b117941523b18,2,1791366658.7878866,1791366676.095063,17.30717635154724,168,241970,confirmed,
1684,0xC753CEB44d8c51Db7e6Aa6a0eE7FD0a76265BAeD,node04,e6fd02930be559d9e89425cd8f8ea872ffbeb87a3b2eb0a00778ace218c6174b,2,1791366658.7917078,1791366676.5947905,17.803082704544067,169,241970,confirmed,
1685,0xec136989A6bbDFCc0fefD7Cf00aef8DBD456D038,node05,d0771e74e1ca2fa7e1fe45efddb62013824fc574e7603d61f0ada0145692dca7,2,1791366658.7950037,1791366679.694054,20.89905023574829,170,241970,confirmed,
1686,0xe16fc6C5af4F1C3f92c3c4A28e77E8e0D62F31ba,node06,20cd5f427c5e686562134b781b937910ef9681dc6dc04dd07756010d9743919e,2,1791366658.7983155,1791366682.72801,23.929694414138794,171,241970,confirmed,
1687,0x2069e9Ef197a442C66819463f6E7945dD604cfB5,node07,a55f25c11e8c20f42c4eb26fb65e9ba18727bc864189bea700cdf0d25c057fb5,2,1791366658.7997491,1791366684.9951024,26.195353269577026,172,241970,confirmed,
1688,0xbd9Ab0A1d4b1549539df1709a0f30C5157707461,node08,8acb0ced7c4831e13dba18e362c381b5b8d5eb7c3851b8bfb92d065fced2b031,2,1791366658.8013568,1791366685.6728148,26.871458053588867,173,241970,confirmed,
1689,0x374E5760E2F5CF0f483a3A564D5983c943037b5D,node09,370e0c8b381a293f2e0934a16040235273407e9066f5bc3eb828640b4bb9cbb3,2,1791366658.80308,1791366688.3335392,29.53045916557312,174,241970,confirmed,
1690,0xa6AaB51ec58946E244bD6A1E468f4c40A5b182e7,node10,12abdc4881f42783de70e7db8d72c0b5f3e72eba7d64fd3742f369816c6a2fe2,2,1791366658.8058348,1791366689.7622359,30.956401109695435,175,241970,confirmed,
1691,0x92f5f04Ba672Bf0B53C6c8Cc137D4e773063f0B8,node11,70432eefd230e2f9b8eff871e1c8b64854f7865633bdc47eddf2e5e9f99a0fa8,2,1791366658.808454,1791366691.3543167,32.545862674713135,176,241970,confirmed,
1692,0x934D182A1e4AaD16D59f26EfF5008ccF0dEd7d06,node12,5c3c1254127aa06c38dff71c12662245b96945657b6963d690a4f52f10aa6b79,2,1791366658.8106625,1791366692.3587987,33.54813623428345,177,241970,confirmed,
1693,0x63A22C4F3325a7a915a203407AADd5E781a4A678,node13,61ac05ae797a799e80beda14cfd3d8b1bd2a6c59efec8e77a1dd0319d7337b71,2,1791366658.812253,1791366666.3674495,7.555196523666382,163,241970,confirmed,
1694,0xC7aCc9e97736a7698b87095C35a65CA59d1dEd08,node14,e4e9971f44865e0011484309c6f571c1842707ed7191b1c4f873b0ec9ceb8c2a,2,1791366658.8137205,1791366666.368869,7.555148601531982,164,241970,confirmed,
1695,0x49196c673EFdF1E6a4b2B47CF3f1BE32B6566a22,node00,295ad2e7c4a858dfa2ef0bc799f8b1cf88e6a67ac3c00e1eb4b9065af1decba9,2,1791366658.8174427,1791366672.1983109,13.380868196487427,165,241970,confirmed,
1696,0x27d27104e8C6b899C5e039832f584f983E2a3aaB,node01,b4a65903819f9a4d246d28dd9f12df6a3a289b6f9a96059ac55061f9a5d8056c,2,1791366658.8186874,1791366672.3074963,13.488808870315552,166,241970,confirmed,
1697,0x27A4f19529F0803D460d4a973c1b5eD1823668A0,node02,f2d71c8317838bcdbdf6c36e2b46e189e83ac83cec425111a33f2509135a5305,2,1791366658.8224561,1791366672.3057382,13.483282089233398,167,241970,confirmed,
1698,0xb0a3B53F17fD7bDbc749eDFe260961Eea75b4877,node03,a74a8e274d393b133e500ee521d40a49eeddbcf05f3af83ba263555d2d441786,2,1791366658.8242953,1791366676.236101,17.411805629730225,168,241970,confirmed,
1699,0xff52299276f8A982f47562215cfdEB0D3175E0cF,node04,18a7b14335547324b258e3e234c19423edaccee15352d27a00330b16e70f7fc2,2,1791366658.8271508,1791366676.535038,17.707887172698975,169,241970,confirmed,
1700,0xDA2fFc8F461b47Ff5ad13F05C3430E230dE71b1E,node05,b946011c3c9333a022247bfd32362773d11a33e1509895bc3247f8d4e76a2c35,2,1791366658.8298092,1791366679.9233627,21.09355354309082,170,241970,confirmed,
1701,0xB3742fee281d213dcf715923664856514FBaFBa1,node06,ecd2f93d088c771dcc3708a9ca41fe6aff581ec62f5af12086bd110925aeb159,2,1791366658.8320384,1791366682.7739604,23.941921949386597,171,241970,confirmed,
1702,0xbeA493354960b1E96F93378B8a816C85749ecca0,node07,5d1d8196fcd4b5481653800cfc02c20a261f51fbb4304f2220c4530a01009990,2,1791366658.8345413,1791366685.5891867,26.754645347595215,172,241970,confirmed,
1703,0x71c8638ce652A3406baF9bC236308d73b0B7d4CA,node08,770cae8eccfe4534515965ab90b20a247672ffec48a42652c563f39aced589e5,2,1791366658.8442798,1791366685.71109,26.86681032180786,173,241970,confirmed,
1704,0xA951840716Bf9Dd8703b0EEE87a6B9980e214A86,node09,d16f164c5496a65f2c78f351d86036cdb01561c85f6b3f0bb11d6f96dbbe738b,2,1791366658.8479462,1791366688.6738012,29.825855016708374,174,241970,confirmed,
1705,0xA10d285e0e805A221Fe20A9a0c9fE46E606f7575,node10,9abf87ffced6bff421deab02d97f4f8a3c559a4fb4a237a35d3537a04cd57498,2,1791366658.8488832,1791366689.772235,30.923351764678955,175,241970,confirmed,
1706,0xBa624fD6572eb42646017c693697268993103906,node11,eb2b7efb16d3bbfee54deddf6435efda2709896707ec83c169604e04abf9458d,2,1791366658.8508246,1791366691.367203,32.51637840270996,176,241970,confirmed,
1707,0xdFd58F60B4891a923FAe5628AAEe19b0930e20B6,node12,875837ab561597ff5a3c445230b49e7619fb522661fb0b375e5889f5c535f7a3,2,1791366658.853759,1791366692.209182,33.35542297363281,177,241970,confirmed,
1708,0xCBbcAcfDbFfA95E27409eDE96e88396d3D865770,node13,150ccbaecc93fee746dfa415900edff226b2422052749a60b8c759e42f4aac71,2,1791366658.8543327,1791366666.3884864,7.534153699874878,163,241970,confirmed,
1709,0x818c238e57E743F7243138279B882EDa13EA1929,node14,8bea0f34be6625118971d595a532d8b313039985ad7546f833f56cd9cbf4ec6f,2,1791366658.856402,1791366666.4760194,7.619617462158203,164,241970,confirmed,
1710,0xCe6e9BB95038762Df8Ec653BA9fDc75e958d1195,node00,174bfee78ec0173cc92ef9397c16441fdae65a4314b07e864e124acffd8410c5,2,1791366658.8583462,1791366672.2448304,13.386484146118164,165,241970,confirmed,
1711,0xC20D4Fa2e97b928624dECb9EC0ed2E4EB71E15Cd,node01,6881c7f8297b4ac6201697dd6510d4d0deb804f8d8d2ecee7ca2c03cf0691a24,2,1791366658.8612454,1791366672.222277,13.361031532287598,166,241970,confirmed,
1712,0x50df6fF3C038002c69420B2b307b482c864F5Ad5,node02,f33a96cbc1fbb4f705a2beddc479e1ee34d8b1d98b27d6e42848a03f81914b10,2,1791366658.8656912,1791366672.36073,13.495038747787476,167,241970,confirmed,
1713,0xeEccaBD7529C3D8641Ed2A61bA3aCf2b73224406,node03,32053fe8168e550411167bd17155d723ff2a0a7898fe98cccefed0d9593981b8,2,1791366658.8673525,1791366676.5112727,17.643920183181763,168,241970,confirmed,
1714,0x73E7C84D36fCC55AA5064B748bd4B5C2212881fA,node04,23114a518325d29c8b3f7b004ab6936062b94a384c969c2f1e35b630a3af8082,2,1791366658.8686776,1791366676.6033185,17.7346408367157,169,241970,confirmed,
1715,0xE584494cB77eB4A1Ef87c39789CdB7119fCD4a5F,node05,70e6b605f8e08afe7c21ed33e6d3f9d7d27075f515fc2845a24a9345c0f11b46,2,1791366658.8729007,1791366679.7963097,20.92340898513794,170,241970,confirmed,
1716,0xdA412844Da945FC97f3e3E2c0e0B151AC6aAD250,node06,e762d1d7914a3a8431cb1daaeab0d5fee4c105e476852d364eeb0a3a3b9dcc69,2,1791366658.8765833,1791366683.0004368,24.1238534450531,171,241970,confirmed,
1717,0x8c676574d1E32B6D4e7F3Ad42E06972928C8A0bD,node07,48165c3965317f14da8d06e3121d895dfceeb57d4aa00c2ef0a23de9cd0bc5d5,2,1791366658.8777063,1791366685.5020626,26.624356269836426,172,241970,confirmed,
1718,0xFBB64181eF4DbFa91Af4f09866Fe737E64c3B88B,node08,29735699c3960c9566efefdbc464e21e7d500fe0be8f6391a8e050c0f0864aed,2,1791366658.8804882,1791366685.2981548,26.41766667366028,173,241970,confirmed,
1719,0x2b20912272f4F72F033B88DA5cdb22777968f8C0,node09,c04791951c73cb3d58a6313c62d6efd2e699ff76d9d77699a52112bb369041ce,2,1791366658.8829105,1791366688.462199,29.579288482666016,174,241970,confirmed,
1720,0x23F50006f9857968D6eF438f8A414E0DfE5f0401,node10,6fb4758f095ea78402506924044f996e2449efa413f3dbe634765fb73c976046,2,1791366658.8848882,1791366689.8332736,30.94838547706604,175,241970,confirmed,
1721,0xdaBE566f380dEdcb7edA649194Aaf58F20559240,node11,f0a49629e809239bd08b1467c4a54e5a18f9d4b754a0990fbcea2eef12639cf2,2,1791366658.8885205,1791366691.4401002,32.55157971382141,176,241970,confirmed,
1722,0xc5160F37EEa213460bD1d3CDE55a5B8FA5F8662e,node12,499a7e5b4e31c6d39cf6f575530225bb628bf901a1e2a5adfc6174fd110366a6,2,1791366658.8916252,1791366692.2361028,33.34447765350342,177,241970,confirmed,
1723,0xd3871cCd29539995bD608D1A0f13ED27bfdAE324,node13,aba320a6d10ba58c3d7bccbfc2a6f6089675d7b257c60b565cc96d3a813df394,2,1791366658.893717,1791366666.4372923,7.543575286865234,163,241970,confirmed,
1724,0x06335888735297086462B621E0641FdF0F89C410,node14,981b8f4194d989c22e4268f775416e393adbb39eb58f88ad7a684b5792c1de23,2,1791366658.895831,1791366666.481494,7.585662841796875,164,241970,confirmed,
1725,0xC8EBf2846e000a18465785a97041530c3D84E167,node00,493debc54afe8c86c698bfc624f20f3cc99c423818f4ecea9ebb67d077a28133,2,1791366658.8974845,1791366672.2554853,13.358000755310059,165,241970,confirmed,
1726,0x094467c6f42a88E79FE2E3eFf9984fb5665bdB94,node01,f4d4c8c12856a4236980abd308a08d1e7474b3633b720269af63c06445489831,2,1791366658.899233,1791366672.3197534,13.420520305633545,166,241970,confirmed,
1727,0xa7480699C4812ba6bdD01bE9C202ef11612490aB,node02,325faabd9d12f46c640f25e7519bf22d3bff8b793003703fb4c5f44eb14a7a47,2,1791366658.9009798,1791366672.260896,13.35991621017456,167,241970,confirmed,
1728,0xc67435F0c844bdb52d3EB3B8aB09170bA67c58BE,node03,622af90b4c4abd697ac99c534699c60d9d99da677fc058c14a8cd343db017a82,2,1791366658.9026046,1791366676.3913045,17.488699913024902,168,241970,confirmed,
1729,0xa4d3726D0C8306724eE92EdD9Eb1fFd2477f9b28,node04,1085e93d87b6f4fd5fcf60c441ed452aa4ce31dc269f5bd8f54feb96275cc85f,2,1791366658.9046295,1791366676.4807992,17.576169729232788,169,241970,confirmed,
1730,0x54Dceca0393813317f1bf615c65F0178d3b510b4,node05,b11163dab02a20c85c71dc345beeed4de7b6a52805d607d1d8b20c71ff0bd660,2,1791366658.9064045,1791366679.8949294,20.988524913787842,170,241970,confirmed,
1731,0x25c8363d48140d3493Bb03e3EaD7C609c3045968,node06,f1505fccd903c14d5aabbad2b8b6ee5cdc8914bd6712c85a994879661f7abeb3,2,1791366658.9083397,1791366683.3563905,24.44805073738098,171,241970,confirmed,
1732,0x86d87563359DFB953D26DE2A24b120D4850C0FC1,node07,0b9edadf668e0fd4a77aa2d5dd9cfbe14fb598784bc5aafc9a1ce01d93f00a26,2,1791366658.9097545,1791366685.3377595,26.42800498008728,172,241970,confirmed,
1733,0xdFd30907099EDc8325d888366Ddc37f00C5C98eC,node08,0b6709c2af62964cde121eef1097698eb06a897ed107e1a5e1548da04780f668,2,1791366658.9117353,1791366685.091358,26.179622650146484,173,241970,confirmed,
1734,0x75cDB71217F4CB2Ab81F1D6c6870870606174b09,node09,ccc7268c537b87a60a2e7b4e834d5b54a532d079b45edb356b24354fa8b971d2,2,1791366658.9145677,1791366688.5713296,29.65676188468933,174,241970,confirmed,
1735,0x3c160730f55644442b26E57D45348EB1AcD1dCD2,node10,18b160e12b40767615418ce05f5b97766185bde021a1a4e4d0ece95dfb079036,2,1791366658.9165454,1791366689.7152193,30.79867386817932,175,241970,confirmed,
1736,0x32d619A4872D603eAbED6a955d5352B659C3c440,node11,2a3d37f967e40fa76c94d13a9716f5f40a23da1d102893af465745e7bd09cc61,2,1791366658.9182074,1791366691.4309013,32.512693881988525,176,241970,confirmed,
1737,0x99caAa3495d713A490cC3f71fB9B1a3390D26F7E,node12,d98a5514b7523bbe2391de2d19abc1e67fad29bf439ad69b193b0c829d419ac7,2,1791366658.9200733,1791366692.3519764,33.43190312385559,177,241970,confirmed,
1738,0x2a74Ec3b8E86D06EC65AB9751dDDDbe600a1b6b9,node13,052d34fa9a3c417f8d2d12a0d50f5d326632dc27ee085fdae3c1505403bce64e,2,1791366658.9222822,1791366666.6228244,7.700542211532593,163,241970,confirmed,
1739,0xfF21C9F144016ca5217754426d43d23f8C7ffBD7,node14,0589460178d5094bcc363911660e51924e0e75671ed7dfd3d10f0a99f4c62873,2,1791366658.9264727,1791366666.4834695,7.556996822357178,164,241970,confirmed,
1740,0x57eD8C0C8B4e8718Fec30f8aee0f2357A6d86E36,node00,dd559c19ab542d84899fc8c7c868dc5cada5e208b3d38b02631067a91c6cf01e,2,1791366658.92856,1791366672.4084146,13.479854583740234,165,241970,confirmed,
1741,0x6fdf103BB2537942984F1dc6c7DCE9710d023448,node01,2de1c56cbe7e2f95428b9224a2fc970004ae4c109c754441eab7ed3299a60e18,2,1791366658.9305563,1791366672.365279,13.434722661972046,166,241970,confirmed,
1742,0xdC789D57E4BBA41A15D902D5648024AcD1192336,node02,fef21852a7b3c6f7825c12da9010c8d157deba579af189d049bfc42545da0db6,2,1791366658.9323428,1791366672.2785542,13.346211433410645,167,241970,confirmed,
1743,0x7596bb56034CFf1619d111094e0e4B5d6C699668,node03,5186bd7f8f612c501389eaad1dbab202b6286a34793b1e7def113e18cad19a71,2,1791366658.9344153,1791366676.5876598,17.653244495391846,168,241970,confirmed,
1744,0xBaD8deC2af2B1580aB237381c468Ac4929c2A8Cb,node04,a95379bf81b416103c341dc7210745947b88bf0e3c22c04bb3b9a1220d7afb4a,2,1791366658.936286,1791366676.512845,17.57655906677246,169,241970,confirmed,
1745,0x12B2E208cB58d3f62f5A41c71d81a335b984079f,node05,d5f1a5bb20824d9a2e1cb4608be7b3e11d9056f675a7ee68b127b9e194d5acfb,2,1791366658.938019,1791366679.8590147,20.920995712280273,170,241970,confirmed,
1746,0x7659522656fa7fDF2D304C49fCF80820297978a7,node06,7e72f96de74ccaa166d08f2a1faf8030e7e22de6984fee29b253df47c30d237c,2,1791366658.9399397,1791366682.780959,23.84101915359497,171,241970,confirmed,
1747,0x57fAd02D080012D54e7c522278DaDD6EA6a7b482,node07,83205fe047289e79d01be3b6879f49d6e4c5e83611f2e7cd96270e69be197f91,2,1791366658.9432771,1791366685.2091403,26.265863180160522,172,241970,confirmed,
1748,0xDd130FD28dB6eC78401c8F7F209AD2171243C2B8,node08,e3ffb4e1461316ac43da1f2e10c86f887e638dc1a9805b674193e9ade5426a10,2,1791366658.9448912,1791366685.3506043,26.405713081359863,173,241970,confirmed,
1749,0x77AeF4e8Fd14e538861AA291954f3e7bd68FF2B2,node09,567e5fd491f70cbaf3f21bc74fbd45a32fadb8f031ab82372590059365af87b2,2,1791366658.9468074,1791366688.5219097,29.57510232925415,174,241970,confirmed,
1750,0x6BCBCde544F7308d3f0f93190B51B99bc754E18a,node10,dca2ffb30fc9981fd1d56da6668cffc2f539683e6eac2b434a67c15f9eb518b9,2,1791366658.9487145,1791366689.841699,30.89298439025879,175,241970,confirmed,
1751,0x864c9550957894F1fD52703cC4d3DA4E81034529,node11,2d9bc0947278c49af201ed79e531d11929084cbdd75cea5a503033b79623b66f,2,1791366658.9504337,1791366691.4030104,32.452576637268066,176,241970,confirmed,
1752,0xE44f65Bc1B553442dCF527c82F6bC2744681c657,node12,24a57d102552be0cf3c8ae1d4a37fd6e071f09bde04b3eb0c010892de6484574,2,1791366658.9516869,1791366692.2520335,33.3003466129303,177,241970,confirmed,
1753,0x58f26f590E1f60d7a4921Cf33d2b8E56e23b8f11,node13,fdd0e455d475dfca8772329453fbd8684f71d3a8a87da78e0b1146e487d9b830,2,1791366658.954283,1791366666.5196493,7.565366268157959,163,241970,confirmed,
1754,0xD15d1D9F950b4B69531A969fC21cE1e5A4d6b155,node14,6ee1f8fda5cd9510ed80b49582499ed308893e2c105068f3949146d9d9e825e7,2,1791366658.9560442,1791366666.6210768,7.665032625198364,164,241970,confirmed,
1755,0xc19449c8B0B7f171Fba06E7f8e9f6E627af0f39e,node00,b9af85e3ad73064133e2ead6944b4698511f69335a87317b39e503710f362c19,2,1791366658.9577594,1791366672.4301934,13.472434043884277,165,241970,confirmed,
1756,0x70Ab9E837d5efA8b8c0CFff36bAcfcF3Af5Fb3Ee,node01,eb06a2ca7ab7782fcf9843b7d6c6f9c47111610ab53f93169bedd5f345d9a331,2,1791366658.9595542,1791366672.480233,13.520678758621216,166,241970,confirmed,
1757,0x5789F1bE5809aEeB9DB8A3e20960D5647f741c24,node02,7b59e5a5538674e8382bc39b42035f20f3dc19bae53b808e368324a8e8cbfaaa,2,1791366658.9607823,1791366672.3126497,13.351867437362671,167,241970,confirmed,
1758,0x14135E6ddFfb28BC56adC3871C030c185810Fc43,node03,95403ba8f176704131081b615bc4c7fb18bbd8ab9ad9808f007f2961d84f4fb2,2,1791366658.9617932,1791366676.5670938,17.605300664901733,168,241970,confirmed,
1759,0x7E4589925fD79C37558079B5A827489FA59A697c,node04,1acb011bc551a2f2789d37683d0d860aa4187147a61422506c7300dd3c437e42,2,1791366658.9649816,1791366676.7269778,17.761996269226074,169,241970,confirmed,
1760,0xA2Ae1494Dc68C96ef0a9022b0B13763acb633Af5,node05,a049d3f3fd697c5537ff5abfbcbc072185acc3f798347205c8d130280bb6fe16,2,1791366658.9673746,1791366680.111017,21.14364242553711,170,241970,confirmed,
1761,0xE2520C18d56a67246eB42f8eF3870DEc60008c26,node06,0bf370fb6644050ead2cd5d4ef376360257a058f2b74eab4a77b6de34954b79b,2,1791366658.9689534,1791366683.2636585,24.294705152511597,171,241970,confirmed,
1762,0xE65d1e1D0b8e470444480AD2B7F1cCF3e623eF85,node07,8ff656316de7023a469401c0322c0273397803f46dd8fd084dcc4eea8ccac614,2,1791366658.9716856,1791366685.2210073,26.249321699142456,172,241970,confirmed,
1763,0xCfA4Dfe8bf31d7bCDF321DC02486F52Aa9D88757,node08,e05f5fa9403115b282b0f376162029711850bdc8c831f25ed2f41f13be68f867,2,1791366658.9738116,1791366685.4127073,26.43889570236206,173,241970,confirmed,
1764,0x37DC5614d85d113f4afdb8EE1AD1e6A8dE28a119,node09,6e3ca429cdff8f5e94b9dbcf325f6d00e08d7be855d005610c94e406606c3b5d,2,1791366658.975504,1791366688.6542764,29.678772449493408,174,241970,confirmed,
1765,0x30AC4b64a8B95d59d136AaEc0E6D4232b611D4aF,node10,a18b8be146a096d655e68cb4f4b4efa346f485ab7f091184b3989de0a2c828d4,2,1791366658.9773102,1791366689.758001,30.780690908432007,175,241970,confirmed,
1766,0xd9C74d0C737BF968054bC42f0Ea34a47d2A28aA3,node11,7438575f8341beab26c8db3ee1cb26028549c06e6b9294e16c0e71cbabe6d173,2,1791366658.979237,1791366691.3823235,32.4030864238739,176,241970,confirmed,
1767,0x7dDAE35216967085D1fd1378A31BAF40D9B40643,node12,e85458c300463ccc352b904cf2b94553f1c10a6400c3719d13eff564e4216dfd,2,1791366658.9847887,1791366692.2833018,33.29851317405701,177,241970,confirmed,
1768,0xa8ecC25A843d9E30fB92878Ab0DD726b657F0321,node13,c8d3872df6e935f0eacd277d8c58dd07fbb2849fe16cf195668fa844d15691fc,2,1791366658.9860847,1791366666.720792,7.734707355499268,163,241970,confirmed,
1769,0x4c0796D2056C7D3faBEf43B99eE664A16Fb1bDac,node14,626db0d15ba4d0fc66f5492793982cdb9d3223b418876a0c75e3404784e02f19,2,1791366658.9878612,1791366666.5695376,7.581676483154297,164,241970,confirmed,
1770,0xEa60A5681B589119e00D00a6EdC871188a32b054,node00,01eda66aae938afc8caa130927dd0e9fc28f6d96a0142d90cd00f3ed881e2a19,2,1791366658.988469,1791366672.391356,13.402887105941772,165,241970,confirmed,
1771,0xa57bFda4abAf798596703ef1335969c31e284aA5,node01,9acb8a164896277c7db4e2f323d41379423d3437669f6cad582368703a38f8e2,2,1791366658.9905329,1791366672.604604,13.614071130752563,166,241970,confirmed,
1772,0x81F558520Bb74a35eaC3a142f475399E0a4b0399,node02,9299e61f33ccd2a8bfba753501bb20bcd13c2ca74d54ef97f7e2c8b89647341e,2,1791366658.9930766,1791366672.4388351,13.445758581161499,167,241970,confirmed,
1773,0xe2226D9801148c14A6255Bf912b7cE678e156003,node03,ad9185e264bd24752c694268348dfe74cdc068678aeb672d8cf7027ba990380c,2,1791366658.9945884,1791366676.824463,17.829874515533447,168,241970,confirmed,
1774,0xc33b6465c0d073D35990c4951573b89119be0946,node04,ce0deddb39a40917d1ea25295a22ed8c856a87f9f04cee3b5a50e44e9a2ef874,2,1791366658.9964795,1791366676.88139,17.884910583496094,169,241970,confirmed,
1775,0xd5Db3f9769012cfD4E1b131e68B351e01a942d4D,node05,e6603e5fe612677d05d3e748561aac7aff24bfce0389a9d7599b82012809a06b,2,1791366658.9995773,1791366679.878519,20.878941774368286,170,241970,confirmed,
1776,0x6fb527226BCaCbFDB45A7bD144fb98803d57b919,node06,1da0f649d1bc1a606b6a94dc291ef1ab90737c4204214e178ad74c5371cc0e40,2,1791366659.0017006,1791366683.0451198,24.043419122695923,171,241970,confirmed,
1777,0x3869abEF4dF643617772417C39dC2dFf28326b86,node07,da632e36ab7a38ac5ab24b7a51acf8d425eccafdd36c2b8591a6aab862411cc5,2,1791366659.0035162,1791366683.3913014,24.38778519630432,172,241970,confirmed,
1778,0xAdbb18EBbbDF4859397a75eF06Be778544B50B2E,node08,d08bd2bb5f3c7a6a7c5e61a2f2b6eea8039c2167c0849d5528e74e598c08550c,2,1791366659.0053368,1791366685.170742,26.1654052734375,173,241970,confirmed,
1779,0x29F3193874E2E07eBFc52295fE38F2ba81754d36,node09,5caf23d2ccda264d7a3216d42ef819146f5cc5317216c654ec3af8cdf6a144ed,2,1791366659.008224,1791366688.6167235,29.60849952697754,174,241970,confirmed,
1780,0x1f91F99fD348489e4eC7cD4a80f9B2d99916060A,node10,f6b30d53ccd6f4dc70397b72a6cea0b025ae59e193f6bf125b84115a463ccb26,2,1791366659.0094545,1791366689.8654742,30.856019735336304,175,241970,confirmed,
1781,0x143370C379078add2624f8e1089b6E4b31a24e84,node11,ae131af1dd5dae2c74a539b72df9ea5024b39e8e28a1e4fa2f5045a75367c6c9,2,1791366659.011498,1791366691.4590015,32.44750356674194,176,241970,confirmed,
1782,0x85DD354D7f8DF9D008592620D92C0E90fA0B1dCb,node12,4ee0d634aaf2ceadeb680363fb4c672b385db47f962aaab204b69959710d5962,2,1791366659.0143702,1791366692.2848377,33.27046751976013,177,241970,confirmed,
1783,0x7B9A251d3918B2367aA78D56dD025A0a29C9995F,node13,9a8dfd2875b7b3138c05d8f45388b50182f35ae310cb5fb52b6bc9a06e57b166,2,1791366659.0188398,1791366666.5456276,7.526787757873535,163,241970,confirmed,
1784,0x6827D708cf5445D37cfe7Eb3cF22fb4C484DD9AF,node14,dd5edf39890e96af46e70f082742247afc0d63792f59657791d6b551fc3f8337,2,1791366659.0203888,1791366666.6184037,7.598014831542969,164,241970,confirmed,
1785,0x1127DFd5720dfAecb4B018F592A516B4E82FbA8e,node00,6aa6a64f3dad3a88d5f945db4bb67cc847f23292503f00e4f6d0748cbc1b16d7,2,1791366659.0232465,1791366672.3933644,13.370117902755737,165,241970,confirmed,
1786,0x46F484d5C773792523E258d3f68ca3dF91B9533C,node01,b005db9d22f83df5c124ba36917a78a9485b9add6d1feb21bc4d5c5d4cd3dea1,2,1791366659.0266016,1791366672.38848,13.361878395080566,166,241970,confirmed,
1787,0xb66bd5e4bd3BBF9f864ac65D883F9C91f0d0596f,node02,6928b63c3d1199df171509ec2f9d3646f5469a17bbb0384e56e9ebedfff41f65,2,1791366659.0271933,1791366672.413655,13.386461734771729,167,241970,confirmed,
1788,0xF8B6b3B6E087d54f727c06e4546b71aC7D3b365B,node03,51eb6da5d4eaf0665a5ac4e4a5ea8bd7c04753edd87f46eeb71b8c0d2ff1d7e3,2,1791366659.0284746,1791366676.870719,17.842244386672974,168,241970,confirmed,
1789,0xfF620a16a8ADAd0AD54b9Bb5c73bEC07b4554557,node04,af8f65fb0e1c300768353c77abdc6c917f866a28a1c389eb50808ff7d70635b5,2,1791366659.029374,1791366676.501523,17.47214913368225,169,241970,confirmed,
1790,0xbBEfc0b63861e4ADE6e0e4442354f61c730A1Eb9,node05,a72be4c25f32a1a4e13de4fb20c6a83af3d6a1495e2c24e1daa1d1b30771db0a,2,1791366659.0323975,1791366680.1067307,21.07433319091797,170,241970,confirmed,
1791,0xFe14d5084CFA3de568877BC4a6e71Ffba1AE3484,node06,94816761d77ad46d19c5802068649d566c360e65822a7dd1f7c2f36302f5d5d0,2,1791366659.035437,1791366682.9903896,23.954952478408813,171,241970,confirmed,
1792,0x5dd0c542E3Cb63cE7E86b15Ec2FB8a4853b0DbE7,node07,9f3278d3f166d757cb641d2b7849b521b876e23e31a2eb3793ab59300dc3a43e,2,1791366659.0371938,1791366682.8012831,23.764089345932007,172,241970,confirmed,
1793,0xE48B3494869e9040c8Db4c0c9083f15fe6F02e1E,node08,bf67e0c330b2aa66e0ad8e645dc9a309166061f65de70b6e3e5af65c1c8fa62b,2,1791366659.0387669,1791366685.1615095,26.122742652893066,173,241970,confirmed,
1794,0x1DE42A12F655ca449D1df32A5bAA11e629372406,node09,8fa36ea95cca6cacbee087b9a9eea51c9c205a195175026baaedb0bbebff79db,2,1791366659.0391746,1791366688.6763024,29.63712787628174,174,241970,confirmed,
1795,0x481236E92DcB958Ca35742dA21188c92f3e1B3AB,node10,defdbd03553689a38b9048175a7c9cdee03bbdde11751371cfa25d1f2fec1593,2,1791366659.0402102,1791366689.8841608,30.843950510025024,175,241970,confirmed,
1796,0x9a05a59Fc6d645716D44656Bf8c6C5a3fc30372f,node11,4c2ea3e0fb9d06ade9e3ed3127ec25980eed3cd5e2982fb412fdb384439ed6d4,2,1791366659.0430398,1791366691.4224486,32.379408836364746,176,241970,confirmed,
1797,0xF06f96E0Dc8597a488Ea26189721735e802E620E,node12,7f8542d02f13e690a03dc2ee21f72a4557c0b981490ada6ca37d515a43fbb136,2,1791366659.0451767,1791366692.2927203,33.24754357337952,177,241970,confirmed,
1798,0x754957Affe7EB35463fA9C19ea27985B5Dd24C39,node13,523f916f61764f51a7f0937725f42ad6a3545255bae8df3f3724d16c5bb3e6f2,2,1791366659.0462458,1791366666.7352757,7.689029932022095,163,241970,confirmed,
1799,0xE0A13408edf760803A7A3CD8421F8BAe62cdecAc,node14,37edcfe70706ad4978e6c5bce0d5965bd56f6fa8efc3eed0f5b7dd408b144c91,2,1791366659.0501258,1791366666.581234,7.531108140945435,164,241970,confirmed,
1800,0x4c546c7BE46Fe94dA79C759eF5C8e85647FF288E,node00,b779a6884084c0e5036ae259d4e637dd3d4ac30c1b0f95c46c2e7dcb95a08573,2,1791366659.0510328,1791366672.425118,13.374085187911987,165,241970,confirmed,
1801,0xEf0BaFC9cA20fE656f8D8297886b56989f64d8cA,node01,5f0e4e33d6d73052107baede4b28ad91f2535848155f76224a01e3b27b7d58a5,2,1791366659.0531995,1791366672.4427924,13.38959288597107,166,241970,confirmed,
1802,0xBb41c3a56D9b0b27643C2B92Ff86C91837Ce5944,node02,84688c950040c569db0cb4179071895f18de2005317cf0d2928cea8e4b64e01c,2,1791366659.0549257,1791366672.4474847,13.392559051513672,167,241970,confirmed,
1803,0x7F723C9D70C7883a1b00379ED2b5Eb7d966Ab18E,node03,658f0b14a723595e31ce108f4cfaf779a1cf5c9dec37083fc4f59f2bc58919eb,2,1791366659.0566678,1791366676.7629764,17.706308603286743,168,241970,confirmed,
1804,0x67b2308A505776F7a7B96b5319270316E5B69074,node04,0aec5e60d760c5cf80829fbc43b5f2f7fc8b2704b3cc2903778fbbb15e08d741,2,1791366659.0605083,1791366676.878203,17.817694664001465,169,241970,confirmed,
1805,0x85E37b14eDdfDEaA8069C898e274f878Cfa1839d,node05,02c487e3158e99f2577911f23a67bc14d4d65ad7d07d88ae6e6bcffe88337638,2,1791366659.0699594,1791366679.9851542,20.915194749832153,170,241970,confirmed,
1806,0x9C9284e936efd919b7b1CaEeAEEc0Bc2aB8c3123,node06,bc53fb32c05684ff36c5db8bd8ce72edcd66eb90ceec566947a5f659d2f4e6ad,2,1791366659.0730722,1791366682.8725834,23.799511194229126,171,241970,confirmed,
1807,0xC459E9dB6FDA99A7a61d27550ca4601BC1612e1f,node07,60585b4dd3b366d964a0654d705beb89ed5f150f7033ec2c0228609555204aaa,2,1791366659.074987,1791366683.0571787,23.982191801071167,172,241970,confirmed,
1808,0x783f2d435161766e7b627E1c03F173776d443C52,node08,3d4354aa0c011a6b4c8d3d9702e397c98b643d6b2789caf0827676194ca766bc,2,1791366659.0765426,1791366685.4345214,26.35797882080078,173,241970,confirmed,
1809,0x7f7A4E3d5F2cFb52EFE185762B619e4348D8794B,node09,a6b3449bd1084f7daf464bc5c3a1d1a452134867d7d79919c222f92191d3e4d3,2,1791366659.0801134,1791366688.633602,29.5534884929657,174,241970,confirmed,
1810,0x2Cd86CA27f47085ABC9527352093Ed52Add55109,node10,0d52c96c24c9769ad22e3eca2b4615295c484f66111b75b8d2773570cd261dc7,2,1791366659.080999,1791366689.8153555,30.73435664176941,175,241970,confirmed,
1811,0x5EefA0Eb2D1A86cbC891489c1cd03Cb742ED4174,node11,ead59300c612d2795eb8a69165d252d8e6e3f9de6b8c6f2cf24507f34ec74809,2,1791366659.0838883,1791366691.4486868,32.3647985458374,176,241970,confirmed,
1812,0x2A467bCF6fAbdadBED6d3470620f0aD895AfB7f5,node12,378b90d871dc42bdf36bd74b1f9c6982af8dfe081838b54be3e0aa5e7aee9fd4,2,1791366659.0854933,1791366692.2468543,33.1613609790802,177,241970,confirmed,
1813,0xCC59829d2859737194b5C56799c86330f04B4466,node13,e9c236833cdb83faa4e125583987026ce1d13613defaf0d648e0363c1ccc029e,2,1791366659.0893028,1791366666.599918,7.510615110397339,163,241970,confirmed,
1814,0x0a7fbFc4c6c3520bdFb2C75b1C901b766574A23f,node14,c7a0eef4e5341ec1a7e41706506ab11946b5b28c6e5b0b2196781c8e0a2253ed,2,1791366659.09196,1791366666.6156828,7.523722887039185,164,241970,confirmed,
1815,0x257A7C06569c8F4b4EE928051e350bF74F595650,node00,a9df8b9d0ea2d479dca7fab66a74ceee17ce554839df24dfaa98be0cb70c59c4,2,1791366659.0949986,1791366672.4000301,13.305031538009644,165,241970,confirmed,
1816,0x806bc3F4bDC4BFdCbC7dAb4C416A55e534a68bc0,node01,4f61995ec0067054469190279a25ca158975b504a505b08e18f5e61b1146a9f5,2,1791366659.0967457,1791366672.4767652,13.380019426345825,166,241970,confirmed,
1817,0x8FAeEd9716B5F89F174B66B1F6147Ffb1cf3c244,node02,04d4b9707aa4620fb5fd307f0d6e06864fca675357f10a66b1a36ca997ff6edc,2,1791366659.0984893,1791366672.4215536,13.32306432723999,167,241970,confirmed,
1818,0x5C2E542753a78B3376fcBA867bd8c336DD9E7900,node03,dd8d996dd375d5dfeaa2975fb48b3569e1a52f7ba4f3df05c3cb3b47d698136e,2,1791366659.1000485,1791366676.6840546,17.5840060710907,168,241970,confirmed,
1819,0xECf6A6F3743B67A130a31a9aD47bFBFCb95d2Ce1,node04,17206e141c3e003c6210ef65fa46ee24e89e0cc1f54460c56e2384f3408feddf,2,1791366659.101831,1791366676.9085405,17.80670952796936,169,241970,confirmed,
1820,0xCB04e92c0b6F2f80a087D0b560fA653D5D4640AB,node05,f723800f3a2938c6ccb6f6f393e39a89f1f9c4df32fb2c1cf24e880a56c34992,2,1791366659.103688,1791366680.00956,20.905872106552124,170,241970,confirmed,
1821,0x4685376745d118CA510aF74bEE9bFE8E882b0CDa,node06,a5833a3d4d524a04ef8dcc14d36ee5550a04d8e1499ef3411b91280b94960fc2,2,1791366659.1055298,1791366683.1433249,24.037795066833496,171,241970,confirmed,
1822,0x44bf40Ee54b9F2EF0310002AB701553C3e871Ef8,node07,0962fccb0da8bd18ad37e4d542a21617ec0e1c737aa91c238426c0568a2a5c39,2,1791366659.1073768,1791366683.3548586,24.24748182296753,172,241970,confirmed,
1823,0xCFA2d85fda228b132a04F05afAF5De4a0A3372B1,node08,5516b8fc42582cf63c19cdbdf47c28711ea1556ed7e2201089692682c89f9279,2,1791366659.1085865,1791366685.6691046,26.56051802635193,173,241970,confirmed,
1824,0x7490c64713355753Acb154B4FbB942760750DFaA,node09,78b5df2c8458b4970c8da1379b3191de231765309c1662563b5387df0b3fdde8,2,1791366659.1108153,1791366688.4386365,29.327821254730225,174,241970,confirmed,
1825,0xB15f54AC02fa94e96c5B01966b753b9fE3dFdB70,node10,ff8fff47bf5e5f760c7122a30eeceb4ca07db9a0428a528b691086035e974764,2,1791366659.112109,1791366689.8768044,30.764695405960083,175,241970,confirmed,
1826,0x6b34Aca8126F73B9b706eB498443C1B992719574,node11,097a01cd250367d3c73b0bafc0fa77c521815fcd61dfc88ebf26813162cf27d5,2,1791366659.1140566,1791366691.4278815,32.31382489204407,176,241970,confirmed,
1827,0x0313f25C8288Cf7b57d85429F73D0E44153A76d6,node12,811dc4581fca191a4baea7e6ef41e3d239db6851940449fd06000888359fab63,2,1791366659.1172774,1791366692.3208208,33.20354342460632,177,241970,confirmed,
1828,0xe4Bce322eF26fD3B71cd37DA6670bD25aE0FDe6A,node13,a59c087c12841685807aaf0073e06db9ad5f25b55e01278a247499829943e308,2,1791366659.1198723,1791366666.663538,7.543665647506714,163,241970,confirmed,
1829,0xd9c7Ec0c2472464F43803F1bf8aF9261351378c3,node14,f105cb46f3146202c71763302eb46cbedf61700cd80476cb953d70810e50aebc,2,1791366659.1232145,1791366666.6689584,7.545743942260742,164,241970,confirmed,
1830,0xE916B4d8FF238119c71c68600b34B95bae15EBEc,node00,bc34eef13163c42a631704a37fafb873172f67c3a4f300f777cbb1dc02344a55,2,1791366659.1243334,1791366666.7144911,7.590157747268677,165,241970,confirmed,
1831,0x8B061E07627a92d16582355d7bf9B80df3b29896,node01,b03989ac27b6b222f7c901b83a1905867b19ee7515953d409232800599ff5b71,2,1791366659.1274488,1791366672.5099251,13.382476329803467,166,241970,confirmed,
1832,0xE60f9cc7c388eC984d71FF980f626dD92dD6dBb3,node02,575a8de0d2d3a1a98a51ab8d3893f4cbb3846e21789e9d588bacc3fff1bfe550,2,1791366659.1309886,1791366672.5079498,13.37696123123169,167,241970,confirmed,
1833,0xe3E4d5a161AE19cfb6F2f0444bcD450f56491153,node03,5e81fa18a8d58535558f65ade6ed2975dd54bbbe9a0da15765766d0768c181c1,2,1791366659.1323347,1791366676.785341,17.653006315231323,168,241970,confirmed,
1834,0x6Dd5054c4f55E104c9f89a0aE5EFA0c1F69ba9Bb,node04,d4b6072bf46ff2252b4cd18584449cbc75e93290763c0a2d908721414bd0f8af,2,1791366659.1345892,1791366676.8357003,17.70111107826233,169,241970,confirmed,
1835,0x2322508058115434f494815321A4d85beCF3A9cF,node05,d0392f27a994e150396c9e76ac30bdb756cacfba632b97bb510123fc5a42434b,2,1791366659.1367335,1791366679.9650161,20.828282594680786,170,241970,confirmed,
1836,0x3a449147680e0FC7e2B4bf0658219EFB2E50cBb8,node06,2211a34ac8453ba239b34c7d67b728214c238d0e3f8e0b5ddcb31550b7c53aad,2,1791366659.1407368,1791366682.865792,23.72505521774292,171,241970,confirmed,
1837,0x208224b2c0b6b66EF80dFa07bDCed89aBD682dEf,node07,c85c3c22bd3eb198f6cfba9bb95f2f422d55ee6957021d1e900b456207a99dbb,2,1791366659.142965,1791366683.1325724,23.989607334136963,172,241970,confirmed,
1838,0x82883862938687ACcEb1F1452B7479adC7bed175,node08,5aaf155cf6549125281972e6fa3cca55a0add65c618b3d12b30f19ba83bb07ca,2,1791366659.1447647,1791366685.6702366,26.525471925735474,173,241970,confirmed,
1839,0xBD85D6A98c7719339623Fd4a61A4fAb4Ca3214cA,node09,ad60404c601a97e7bc22545a657dc4a410f1ee1c773ed1c53e6dad27efa62ee8,2,1791366659.147623,1791366688.5574803,29.409857273101807,174,241970,confirmed,
1840,0xB2184237580c18943BeCc334047d42343Cb947fE,node10,3617b5e2abecda8e255310866fb9f5960f692de9fc5a75b22efc6965b4aab590,2,1791366659.150391,1791366689.7894979,30.63910675048828,175,241970,confirmed,
1841,0xb62cdea97A6B10fa7dd0908DD1CD93819f8287a7,node11,d5f72aa956f5479ee2a64fd05b6a72f6b514efbb2f03c2766dd6ea9c3a7d1a56,2,1791366659.1531365,1791366691.4495013,32.29636478424072,176,241970,confirmed,
1842,0x4FEB8ed9A2658297E19bf8360a6a3d7C3278284B,node12,1d91ec6814f91bad06a43cd308b927169f274403fc9eaadce83df478060787c1,2,1791366659.1568005,1791366692.2905602,33.13375973701477,177,241970,confirmed,
1843,0xF2985a75228DDB5829BD2FF5522EBCF80379cF59,node13,9554f0ebb56ca48a6be1712cbc29641b7d863ab241a0b8f9db32ea362fec9115,2,1791366659.1585371,1791366666.6651216,7.506584405899048,163,241970,confirmed,
1844,0x6f6110cE755a835F9B5f25E9EDd15EB86DD6d2a5,node14,99fdd5c646b5931b6debc462aa3cdedea638f294685f0cabfaa32a203a98ee9c,2,1791366659.1645725,1791366666.7105193,7.545946836471558,164,241970,confirmed,
1845,0x102118053B1bF978e7801D04184720756C8e86e6,node00,a80824f07973e041a04afee5dd666b345717dd0ee1688d9e434f9ec746e6dd84,2,1791366659.1702814,1791366666.7021332,7.531851768493652,165,241970,confirmed,
1846,0x7d9E6eAF53c3FEC1072694B7e69117e54985B2bb,node01,a440c344fcb6850dd18e10820ecda5a315d077250a9570bd292c447cb7e36432,2,1791366659.1724088,1791366672.5641422,13.391733407974243,166,241970,confirmed,
1847,0x35768d952bA54D9780322E50E90FF34418746AF9,node02,20fcc2f319fbc911130a3f2fd9e51fcaa93fbf504fc37eb3574d6c034673b686,2,1791366659.1746178,1791366672.5964217,13.421803951263428,167,241970,confirmed,
1848,0x8eD0492e9Aa80BD44b01950367036331c06CefBc,node03,21cc77204a7fd129ba47f8ac921254a01073801487020b98eafea185cc46cd88,2,1791366659.176209,1791366676.7156546,17.539445638656616,168,241970,confirmed,
1849,0x60f1f652B1358006609B9C46240825a898AA63bE,node04,ebc48d55a2d741c781bef571bbde7f5895bdbd9ad467ffb3bbd59a9e8b992500,2,1791366659.1798992,1791366676.7479396,17.568040370941162,169,241970,confirmed,
1850,0xc496E7fB52100b5EaaeF3B0B43d992445c4Ca5E3,node05,5884849279facd1585534e3dcf9fedfcd8f65f3e3e31c0853c8eabfe7314e411,2,1791366659.181368,1791366680.0661454,20.884777307510376,170,241970,confirmed,
1851,0x43696986295CF0e3957F7714cedA6E022965dfcB,node06,b0692bd659a424d879e8a98fb7bd47275edef8741894125e5d5879dc769e8400,2,1791366659.1913626,1791366683.2423546,24.050992012023926,171,241970,confirmed,
1852,0xA3958b9591B915Fdf1eF2e46a3F6D679E0C539c1,node07,4f8803e6f29d4ecf3fdf82c26bef4de07dee6f7250de514689472a12615e6510,2,1791366659.1947348,1791366682.893534,23.69879913330078,172,241970,confirmed,
1853,0xbcbcff37976Cf0714aCB59c79e98f31d8d0d6659,node08,66cf020eb7ff7a464c8bcc53cef456b7089fed1ae366bfcc61a7624939a1dce4,2,1791366659.1972976,1791366685.462893,26.26559543609619,173,241970,confirmed,
1854,0x1b7f2eD71Aa2A9F4f9AD21711Ca031C47DAc8889,node09,42349fc1c9139bb3c123bd7f2872ef00625b938210ae6990b64f36c663c04023,2,1791366659.2025485,1791366688.5975907,29.395042181015015,174,241970,confirmed,
1855,0xE35Eb255086B2a4ad30D39BDD4E69b76c53fEF93,node10,ea0ef643f3117caff8a7506e35408154b8cee07a091ce5dbb63f0f3095241800,2,1791366659.206656,1791366689.84276,30.636104106903076,175,241970,confirmed,
1856,0x94D95983c3857EEB634D0633ca45C0DdFAaD7A56,node11,ecee87309cb8229c1356164220001c0eecc4bfc32bd7c211fab6303613d07e98,2,1791366659.2092297,1791366691.4593382,32.25010848045349,176,241970,confirmed,
1857,0xf4b8F75a2206D8cB4d20E5320F246A811bC1D1fe,node12,e799e2b4e019fd25fcb1a9f916d7f07c49730b7bdbfbc9bb316a5ab143f8b3df,2,1791366659.210407,1791366692.31262,33.10221290588379,177,241970,confirmed,
1858,0x2572386161208882F4798200524f67a2f3ca198B,node13,dfce576a565bc7982a73a18be8893eed2677a74e653bef36aa521da5d9692604,2,1791366659.2146082,1791366666.9283872,7.713778972625732,163,241970,confirmed,
1859,0x3C007352152bC534DC8A7F24327d68e8751489b8,node14,f617b155bdf0e6e7cd537cf57f88028980361a4ac2b8d1cbd7a593a38f2686f6,2,1791366659.2194202,1791366666.743004,7.523583889007568,164,241970,confirmed,
1860,0x4a2fC1D030948013A9b1D09D4a1cAB891548abF9,node00,eec0ef4e2e6a686e961f5fe2924b19a558b75e16c10d65b911ac44e4b8fb783d,2,1791366659.2225132,1791366666.7179008,7.495387554168701,165,241970,confirmed,
1861,0xb2C5AB35F3dAed76d704cad53DFfF689bBA631b8,node01,dd4f25985d8d1471c58f1a0cb7d64d84ec969bfdf9b55eab30fccd196ec07f47,2,1791366659.224493,1791366672.5505342,13.326041221618652,166,241970,confirmed,
1862,0x09721011EDBb04F8ecbf30802276F5Fa2A6D75De,node02,9a6ca757926c92defa8c7ca8dee865ca4290b909989deb12e159bb41433ae485,2,1791366659.2266603,1791366672.5362527,13.309592485427856,167,241970,confirmed,
1863,0x0B5C16443a0994Ac08763aB65A28D61Bc1367c53,node03,4529f698d936f393b928237c2fb719c05f96512dda903d9a569c38ea92cc617b,2,1791366659.2315757,1791366677.03044,17.798864364624023,168,241970,confirmed,
1864,0x227C0E622529918030AC98811FFcdA768C42664b,node04,a6dcbaf6af182e76fcda14a9b52df7c39a08eeede2d78fc3e704472f68d87271,2,1791366659.2344918,1791366676.8265321,17.592040300369263,169,241970,confirmed,
1865,0x99ffA46038A2CE64B2901bAF83a8337Cfa213d4e,node05,cba85b100d54d690a0c379001864369f7c260125c6a69279ee0fa5da54b8fdd4,2,1791366659.2358592,1791366680.0287833,20.792924165725708,170,241970,confirmed,
1866,0x52B457cf0aF86F06ff3FF649961Be6Ad6055309f,node06,0228b906975a5e9d112cf1247670a0deb85fe015cdae0c872e33621c2793edc5,2,1791366659.2394385,1791366682.8969963,23.657557725906372,171,241970,confirmed,
1867,0x0CA3E1fa3A17C39241811bc365CA15026fE8b620,node07,120458d7d81c3fe09fb17b3db0f2976ca9444bd6783dd1e4af1c51dd1d4feff1,2,1791366659.24146,1791366683.2663672,24.024907112121582,172,241970,confirmed,
1868,0xF5636d2416959cdf51d0Cf0b75aeFCE7d7DA6045,node08,5e63b6559716e8ac7bd5ecd3c1e35085471ccae23de7e4ba83908ffd3b3bf43b,2,1791366659.2436194,1791366685.5137856,26.270166158676147,173,241970,confirmed,
1869,0x8340db4E295900ff8B35E0899E4363DE822b0EA2,node09,69bf3f1182c3871be13f6cf87d0f5b9eb54053916ad8b2a0c25772272d571d9a,2,1791366659.2479682,1791366688.5523784,29.304410219192505,174,241970,confirmed,
1870,0x010b4D254e20A5D6833bDc1ae9B4887E4b5e9D7d,node10,738ede9dac3cdf4af3b436ff2a409ed44730490d66f1f7033f8483e42347ec9b,2,1791366659.2514594,1791366689.868363,30.61690354347229,175,241970,confirmed,
1871,0xF09cA4589DCfa75011626Ebb89f7efb8db8B456e,node11,d02bc2a2d6d8a0f6be386b6198bfb8559126b48207f429696a19170cf6d19a4f,2,1791366659.2539997,1791366691.439563,32.18556332588196,176,241970,confirmed,
1872,0x64AEC3f63df02a8ccBB84ac36BFc4b3568484Eb0,node12,9008e61f1033461847edc645f60fe0e2e0e7bc263f9a80e4fa0ab585ebd18925,2,1791366659.257893,1791366692.3498464,33.09195327758789,177,241970,confirmed,
1873,0x422d77fC204e8EB43d8bEB2557DE45cE9778eF55,node13,e0f611da06746b9a3311c9017bf09b143c2cdcfec7b5112775ab9a961b8dec8b,2,1791366659.264641,1791366666.9426935,7.6780524253845215,163,241970,confirmed,
1874,0xacA4B060b81CF0b0E70Dd4655c28D9b23a89C0d5,node14,30ddd2adcdd0e3a3e28c442ee2ed422fc5ba36aa37e5bd9d62d325e971027109,2,1791366659.2661312,1791366666.757763,7.491631746292114,164,241970,confirmed,
1875,0xbDD89F0E2050A9c75680d4B7295fa523c297BEA0,node00,7b6f41cebce4403611809b363f00a7f0f46339477bf2906aa847bcc1c8eae8bc,2,1791366659.268746,1791366666.8360252,7.56727933883667,165,241970,confirmed,
1876,0xDEb9FB6d6933B5A9d43F7ef902D8886aD42c595d,node01,d5f2b5bcad6c6033c5f1a4abcbabba9a9042219811f89d6369cbe3f069c04b9b,2,1791366659.2714233,1791366672.5455015,13.274078130722046,166,241970,confirmed,
1877,0x85Ca7f3E16f2de06c57FbF2D6d429A5eb8C67C07,node02,4eaa79ede06c8395c122e122291e127381ee6916f819807491ebf58e8e2f1172,2,1791366659.273793,1791366672.546893,13.273099899291992,167,241970,confirmed,
1878,0xdcD0cDf262E2154C738c08B4576c2E7b1483e427,node03,1ab575ba3b9522b73e7c72dedaba0a6561341262a956d686efe395133850a3e2,2,1791366659.2755997,1791366676.834225,17.55862522125244,168,241970,confirmed,
1879,0x630592CddCbe531f811b3Fda9F3677fC79Ce2D86,node04,e506e9897a46805c105c11b14d7a47ecd7efe807537d1cd05d3fbb7c84437072,2,1791366659.2783966,1791366676.929701,17.651304483413696,169,241970,confirmed,
1880,0xB0531A80A81a6bF2Be96fFf822828a3cB372236A,node05,efe82ca2a7887706ad4076160e40434cf2841bba97ee88793aac025a62692f08,2,1791366659.2857985,1791366680.0233335,20.737534999847412,170,241970,confirmed,
1881,0x968D2C4cB5cfF4EC4c7Fa5Bc954f19f1BfeBf1b2,node06,a60dc3832c65dde2e447cae449119cf7cb288a607475b505334f7eb4f72aacb5,2,1791366659.2869205,1791366683.4468074,24.159886837005615,171,241970,confirmed,
1882,0xd193f2AB9c3031bd04431DF3a78341c1Ff285375,node07,fcdd6bda8e58f2476882dcffc87ca0a177c5597b037e999d63f2c811ca24eed5,2,1791366659.2940137,1791366683.410935,24.116921186447144,172,241970,confirmed,
1883,0x75590BeF190Addaf4bfFe0C364EF3CaF157E2892,node08,8baa14fd57c94823c19ebb1d3c0b992ccc2a2e66f7042517a85485d4307952cc,2,1791366659.2968843,1791366685.6547875,26.357903242111206,173,241970,confirmed,
1884,0x42EA686b39C1366C6B4B2a2523a1C57551207A01,node09,0d9f6128e05be1d034d2b792281841bc191589d75c97010144d061fd7bc80028,2,1791366659.3000927,1791366688.6725743,29.37248158454895,174,241970,confirmed,
1885,0x93a837924358582f0f0986b9235E9CC6D8968694,node10,54eccbef8d5a93e88f74851a4af840fa229f9bdda1952e1a5c3361d39391fbd4,2,1791366659.301308,1791366689.85486,30.55355215072632,175,241970,confirmed,
1886,0x14cD98fC622AfdF40d6Cc14e0272493B26C18f57,node11,2a8fb3ef708d2f05f4009e95c332a07a8ec9e3d71328c883844a3a69cd96640e,2,1791366659.306644,1791366691.4493754,32.14273142814636,176,241970,confirmed,
1887,0x767746C47C639Ea90Aa6879a87e2eA99356f329f,node12,241074e4fe66faf3d5e71b7e98be17d30de28673a9267e699a2f6c8059215aaa,2,1791366659.3120487,1791366692.338065,33.02601623535156,177,241970,confirmed,
1888,0x2917E28fa90c3E1d3D52d9848E5fFf375a228965,node13,861875d8a153085e4ab823f57b7eaee1cd17a5f660c79c7c56522308a26deaa6,2,1791366659.3135204,1791366667.134803,7.821282625198364,163,241970,confirmed,
1889,0x43269211DE9238e5DaBda4aeA78C7A6779CDa5C3,node14,c7ddb18006fc3988575013c66d2b30d3212599b7fb34ac7450a2aaffeeb0b8ef,2,1791366659.3164072,1791366666.787007,7.470599889755249,164,241970,confirmed,
1890,0xbfE26360E62C87266a2c19EA164E759eCB607278,node00,8b1bc87346418acf01086d69eac0d670df988d95d55fb5b1dff06eedced051c3,2,1791366659.3209321,1791366666.7904637,7.469531536102295,165,241970,confirmed,
1891,0x2C7dBa4ed2be685F14A1CE4a1903F427B8c62727,node01,cb3bc3314c2b083af07b256f5944a3509e1a35b06f7793e0650bb3dd7d839675,2,1791366659.32274,1791366672.5789027,13.256162643432617,166,241970,confirmed,
1892,0xeAc601054888abC96d296711B8C8e3915764Da55,node02,3f5e06a287bb983d82a0a6522c6203bb49f1ac43f72f97f6ade6c02793e5cd7c,2,1791366659.3244917,1791366672.8223732,13.497881412506104,167,241970,confirmed,
1893,0x284A62BDF9F854EF23652018b8054E45AEA6Dcc6,node03,f38513397fcbd276273f2445da27e1467b234805d50457a452dc1a2d2eb8ea25,2,1791366659.3262522,1791366676.960408,17.634155750274658,168,241970,confirmed,
1894,0x971184Cf82E256c8A3d4EA54A03A0b927cbB7A98,node04,19353712b8e80a20097425fe25173549368599d1e1edc3d5a51f7a4ea29cb473,2,1791366659.3289375,1791366677.0522084,17.723270893096924,169,241970,confirmed,
1895,0xbD3Ff752725A5a062c26e40f03861bDb3d5560C3,node05,280cb08c88e585c7b6038c929bffa6f8a5f512023c5da08db3cd0188cdb574ac,2,1791366659.3323305,1791366680.0252895,20.69295907020569,170,241970,confirmed,
1896,0x64175044150C7708620bf5dfBEe2C4130c8Ae454,node06,62c089a871846e78a21283bf5247b2474a5000b6d15871cdf30441006e219423,2,1791366659.336461,1791366683.1693997,23.83293867111206,171,241970,confirmed,
1897,0x0A05eB877eBe43e7Dc21ff40a5b54EA286f78b5E,node07,8453c2f49a043d6a1ddb8fff6c9c6468e628865a0c80393ea642adaef779b7e6,2,1791366659.3395896,1791366683.3367052,23.99711561203003,172,241970,confirmed,
1898,0xB5bC56b9BB40b45d23f44C57F3b8Ec6a1CB01De2,node08,7a365dd91b7b1f62aa9b8f6879b2ab6da7fb5ad0c3dc0b472c04f8c7313f4fd5,2,1791366659.3463178,1791366685.3072748,25.960957050323486,173,241970,confirmed,
1899,0xeF8f6c2B6DFCbDa69683eDA6d5137EAD9B10520F,node09,c98fc783b61291492554866801cc2c167cea68104c0f2e877dfc850542a16849,2,1791366659.349733,1791366688.6766644,29.32693123817444,174,241970,confirmed,
1900,0x4506724Fd39D1332Fc4b28A9857505fa89C50613,node10,192fa1e52b2249f1fb6bd74a323a310f1241b2e80828b9df62f79407f0628d9c,2,1791366659.3506982,1791366689.8261828,30.475484609603882,175,241970,confirmed,
1901,0x3F9E931375B8447B8410d55fC4B7cf4339485c92,node11,d62cc07aa322dd33fc0009daa1178fa757de95060f600e5eb74383bb78fb28f4,2,1791366659.3537955,1791366691.4577234,32.10392785072327,176,241970,confirmed,
1902,0x042fb4082E5Df1bf601d60F326b50018b4eFc158,node12,01d39ad4793ee266e457a56dce855f55dbefa0d8615dd3446b500e4a8e918295,2,1791366659.3556917,1791366692.3415089,32.985817193984985,177,241970,confirmed,
1903,0xfded29295CD034D01F5625177d5bA414b1376918,node13,44cec59b77c08ec73036617169d01d6dc96e96ee22c32e3bd86441bc61dc7bfc,2,1791366659.3582788,1791366667.12986,7.771581172943115,163,241970,confirmed,
1904,0x058D70b97A89AE3D8bfA4F63bA29018c52fEfB79,node14,d9dec8114651ac617115bf8807dab18dccbcfb5c6fe3a1461e5312f70d53d8ea,2,1791366659.3600223,1791366667.1512253,7.791203022003174,164,241970,confirmed,
1905,0x2FB69fAd49197FAB407232d138e0EfcF2a4cCa97,node00,19fcf84b1b8d9bfc40fa8021fec969e5502d27fa0bfe2ee924d5d21862a4111b,2,1791366659.3625731,1791366667.0670843,7.7045111656188965,165,241970,confirmed,
1906,0x7c4503B99B3F7f576aE881F339183F876831BF37,node01,b69d1cd2bb6347209d97595757f6b2aa7b83dd3d57e2fca75be128a2b6b6b96d,2,1791366659.3641014,1791366672.7688591,13.404757738113403,166,241970,confirmed,
1907,0x9d376B113ec08bC06f1Cb217Ba21D1cAA0d1f035,node02,92a64e16c20808294647b43a535f9c1d948d9ef82ce70cf1a6ce7f23f6036044,2,1791366659.3676443,1791366672.748508,13.380863666534424,167,241970,confirmed,
1908,0xb2036D8e2E306e72Abbd58E1B27d40D7e88B8DdB,node03,4ae9ff79ee039830e84ef7ad161f9c176031f45abc85b71e79ae69eec791534e,2,1791366659.3684113,1791366676.928476,17.560064792633057,168,241970,confirmed,
1909,0x9A1Dbe3369AA0e9A8B6cA77591F7e563fd21bcc8,node04,8c2df6b85034da0e196464accfa19838dba7d2c3c19063755d326c6369db76c7,2,1791366659.3717623,1791366676.964212,17.59244966506958,169,241970,confirmed,
1910,0xfBde3CC0d30A09b2cedae487151D45632a2E2d02,node05,950fcb2371bbf182f2ff43038eb22f52dab0a45cd0a1b0e48cb175bf6ad7d660,2,1791366659.373191,1791366680.1277015,20.754510402679443,170,241970,confirmed,
1911,0x8b6421AfE8De7254B857F6E685eE5Cd2C2F26CB0,node06,ed244e09f6c6796b06b106172eb8df6005cbf1ee8910240db003f26aba783ec5,2,1791366659.3749368,1791366683.2497623,23.874825477600098,171,241970,confirmed,
1912,0x56C6F29CcB4420F600B782A7756d474Efd5FaD3B,node07,6d38dd20c1cfc1659c668f3df956ae431b2faa3b3b8ab98435eb40f67b2073c9,2,1791366659.3765314,1791366683.2250214,23.848489999771118,172,241970,confirmed,
1913,0x857E2DA4DD859Bda8EE39Cc80F6435b0D3220E4e,node08,d9d8eda6bcd7a678a178791d42063a4c221d4f0dc3459f5c17f5892eeecf977c,2,1791366659.3780954,1791366685.6808674,26.302772045135498,173,241970,confirmed,
1914,0xe7862770B0c8B40fC27f5323311e44aC20cE8381,node09,cce6a154447cf1ce72c607465fc664cf4d88a79ad9465d9c14d4742c9b0efcf8,2,1791366659.380146,1791366688.6448936,29.264747619628906,174,241970,confirmed,
1915,0x5f9aBb20B3676C11a36b91Abce0508FD2E7e8393,node10,4e669a995bc5219dd1970ff2d66902c025df306ff336e15de9cb760f3eb72e8f,2,1791366659.3817675,1791366689.8076563,30.425888776779175,175,241970,confirmed,
1916,0xED1193967B93813B81FCFe87919CF30Ae1db17eC,node11,6ccf48be21661f4785571a3c2eaa7fbddddc1821f3787c0ebc24b74bbaaa753e,2,1791366659.3833475,1791366691.4455297,32.06218218803406,176,241970,confirmed,
1917,0x02296C632D332c6129265eB58787796FdB300091,node12,85f83a5ccf998aea9b34e6db0869d60ddc6510ba7a3ddcaf4bb0bbceb0a1eb10,2,1791366659.386013,1791366692.378656,32.992642879486084,177,241970,confirmed,
1918,0x839B0bb2D813890eD7B3aE6aAe63110A562d99Af,node13,02b50bfbde36e44c2f322e28629bc2ec03374068afa70fcd55d410f9bf8bc10d,2,1791366659.3883755,1791366667.1811426,7.79276704788208,163,241970,confirmed,
1919,0xaD20Fc0fE835A8e1a15C7E2Df6Daf251d37bE288,node14,d0ac32bb177d8ea18647009e10d0de20d4272bbff118019ce704c4a50bf9931a,2,1791366659.3899486,1791366667.1946778,7.804729223251343,164,241970,confirmed,
1920,0x0ef49A474D3D879f139660b7990f03BEB2Aa8C84,node00,21ab32a780cc68672edebe158d6845b78ed955eb1a7b2b821e496ba2ae531f9c,2,1791366659.3921866,1791366667.235776,7.8435893058776855,165,241970,confirmed,
1921,0x9B7cAD22E4c186b3C706dfBf1407A262C26269c0,node01,081166e7a7f4a0449a2d50a6b17c062acf903be957e501bb5ed4298db4522ff6,2,1791366659.394329,1791366672.7191556,13.32482647895813,166,241970,confirmed,
1922,0xa74684D5DbADd0EF00Fbbd73B2AdF0a774761043,node02,584f5eaad0b41d67dbbe150cd896f7aecc31c503618fd5cab1646e03b0b5a152,2,1791366659.3957798,1791366672.787683,13.391903162002563,167,241970,confirmed,
1923,0x10863b2975108159E066F5A9962AdDDD972649B1,node03,3fc069e16723e73cfe53ece09db92c643a1a4e9190a414fb706f7051e9ba2cc2,2,1791366659.3976307,1791366676.9955451,17.597914457321167,168,241970,confirmed,
1924,0x51182A8c944FEd3c063D330b315a27a7c588a70d,node04,722e683853cb25e1227e8455af8e5f19dc0d65530b19a99464b8c4e70efb970e,2,1791366659.4010704,1791366677.0009944,17.599924087524414,169,241970,confirmed,
1925,0xDbb6b0e49dec777A782f4b3cB32D7b319e00e07B,node05,bff59c09c0e7a19c18358e42904690020f3496d436c971a2f943a49f1821c8fb,2,1791366659.4080486,1791366680.1509929,20.74294424057007,170,241970,confirmed,
1926,0x1bAfED9Ee72824509a81FAb8d79EBaa1DeA51494,node06,9570e0b71269acb4f5626e5b1945b621dce721e49fa849405d430611e1724b00,2,1791366659.4093854,1791366683.193323,23.783937454223633,171,241970,confirmed,
1927,0x5A1ebf3Ba6279Fe164BdB403Fa156407a61D5A33,node07,aad0fa70fde3ac0890db45d64a1588c4ff8f30447e362d02ca22832de91f4694,2,1791366659.4101613,1791366683.4132128,24.00305151939392,172,241970,confirmed,
1928,0x334DfD06c9a8d9F0Bb1A4b29b1Bc7CaC493734AB,node08,f7db94718336695a16bf9716ab076d92daed8c73a21b2d7582320743ef2ce513,2,1791366659.4133406,1791366685.6835508,26.27021026611328,173,241970,confirmed,
1929,0x1c768C405413e0550F966CfE7b6E2b6DE05127f1,node09,14d95f28d6b0ffe2c90a406043ffe14ea254fc1a8892f768be66f1ae87f0d944,2,1791366659.414781,1791366688.6701396,29.255358457565308,174,241970,confirmed,
1930,0x477862D255aD7036F43Df5139A82B65D13703f49,node10,1b95a87decbf563ad14a674cb8f08691451ec884588e0567f8d4d5c42ae5f222,2,1791366659.416332,1791366689.7973735,30.381041526794434,175,241970,confirmed,
1931,0xc3f947899C76df80a615145b3489648648Aa4E27,node11,046d74fe1e4ddd9b0ae478ecbb0fc56341cff36bfa7f2f58f30174d68ba46b8d,2,1791366659.417319,1791366691.4561625,32.038843393325806,176,241970,confirmed,
1932,0xaF389d3733829128cc64CB3217f7Ae992cBC917B,node12,502ac8c3ccd03075bd0b30d3b834ae607fcfab525b623cb662ce969e00981ece,2,1791366659.419322,1791366692.3239787,32.904656648635864,177,241970,confirmed,
1933,0xBc0137C1bea19F311A442Aa23C45d5D2bEf35Aac,node13,33602bac13dd7844af3d5eea98dcc46d29256b30b4c8974ce938fcf2d711202a,2,1791366659.422399,1791366667.0202887,7.59788966178894,163,241970,confirmed,
1934,0x58a5E9849A9a2d2FCFd7492c814d3fcABEE2B53d,node14,f46fc268c7c80a6a997059612a045ca33341420e891135003c2b503d276c4152,2,1791366659.4250965,1791366667.10301,7.677913427352905,164,241970,confirmed,
1935,0x6001628f47a1E62174C82063a91929D56f36a6aE,node00,9260974317f1ca2698db8e91ef6e1a9f06edc5961d4519a78d246688fbcfdc65,2,1791366659.4264944,1791366667.1327121,7.7062177658081055,165,241970,confirmed,
1936,0x97cc03e12e04df9e1636E66cAB8a6C234c36C5a6,node01,4441001f7ddd8652f1d61cd19cceeea9ed06014d61e32c2a204a585b01a12d2b,2,1791366659.4283664,1791366672.8146446,13.38627815246582,166,241970,confirmed,
1937,0x85D4cB839c060E7358Ca0BF1f30b6b4d9dAD9d46,node02,37a72df39b736b603c6c0289d367e05fa64776ece7397509c57dc32130e1f50e,2,1791366659.4301803,1791366672.7052922,13.27511191368103,167,241970,confirmed,
1938,0x8309bDabaf6F4a614608B4bc0AAC89aF950AA5E6,node03,8e294a0890925dba7375b79e13ae271daa86ae235c02b501f8e89e7cef9b3617,2,1791366659.4324021,1791366677.0152376,17.58283543586731,168,241970,confirmed,
1939,0xD1930283fc0D2b2069fb548810Bc2cFe448a7DB7,node04,1aee392dcb083a571cace9d193086a5317d04c058c90189a34f74454242e0e7d,2,1791366659.4349322,1791366677.0469244,17.611992120742798,169,241970,confirmed,
1940,0xD157EabA963959a9Dd8ea4d7AC07Db21F379C764,node05,abc57e59ef5d76f4e96a36a440182ff7676943c396398f367786f58e0cdf2408,2,1791366659.4366937,1791366680.1923912,20.75569748878479,170,241970,confirmed,
1941,0xfEC53D60e639DD837b2cbDF06BB72216f38d4068,node06,166d126b900809d2340df28b12394f15467865d4ced9a9ac7a85b9b3e206c08d,2,1791366659.4384735,1791366683.273955,23.835481643676758,171,241970,confirmed,
1942,0x84F1f60717E5f0BD3ec0269BbBBD703B2C821723,node07,09c15bf48a25e52790d3e9729df83692ebca99e7ecfaa4a3384908af204d294e,2,1791366659.4395337,1791366683.3889432,23.94940948486328,172,241970,confirmed,
1943,0x0DAFca66D372d22C1c6FD742884938A3787569A0,node08,fcec6647d2a24629c88b1f08fa9e8912b7802523c831bede8138e538905b9fb2,2,1791366659.4403963,1791366685.7126744,26.27227807044983,173,241970,confirmed,
1944,0x89c0C0420FAaA71E818DfA02E77f57a8aC4428e1,node09,473ef7b2309fae94b70ee494f8e3460254d9cdf79d04d168ce64d0a8c573211e,2,1791366659.442345,1791366688.685129,29.242784023284912,174,241970,confirmed,
1945,0x2f9D6cEad3d06cE989BAd39Dd39bE8feC4d4F543,node10,6ed8860384062e39d0e490f6a73a5d4cfcbbae36adba406d3ecc9cbccbc9b71b,2,1791366659.4436848,1791366689.8190396,30.375354766845703,175,241970,confirmed,
1946,0x1BDF93076bA64843A5D90585c8C49875f14c80Aa,node11,829d736739bfcbf180ca0a7e8f6b45556e6c9278ad7d1001f0bdbbc31d5644d3,2,1791366659.4454832,1791366691.4403193,31.99483609199524,176,241970,confirmed,
1947,0x6aD9AC0E4a20845988B04fAa89a8A076ea05765D,node12,e2a041c6560f0af7df60930c7822664f904bda6530b86fe23d4f72a370b288d0,2,1791366659.4471698,1791366692.3728464,32.925676584243774,177,241970,confirmed,
1948,0x18324A7d1bc2b0802Aa1e857df8FB7284BEc2666,node13,96bd6a8502f4a19147d2a2aa9c664ee93ae51972b9714f1b19811cb40c6b1d97,2,1791366659.4489317,1791366667.165703,7.716771364212036,163,241970,confirmed,
1949,0x51A9b845d3413046b752c21EDc929e873E936a85,node14,7113c4a89f3d9d511e61b5f8d392045d17aa0a32c33a72f43e12d10cf6978152,2,1791366659.4506094,1791366667.462989,8.01237964630127,164,241970,confirmed,
1950,0x67B3ad7fB2564e61aF080a426a91d8aaf1947470,node00,9ad7db891ba4f9a8eaa0db480670aa70ccf7ecb71a320d5b26a22ccb0788697e,2,1791366659.452354,1791366667.35346,7.901106119155884,165,241970,confirmed,
1951,0xAF5c2d09BC6a795d4b2811fa13AE4b83ae0021c0,node01,f94755ae966a16d333c5bc02f9569ae9f7df1748c413344d2bd2bd7501fd2ad1,2,1791366659.456431,1791366672.774086,13.317655086517334,166,241970,confirmed,
1952,0x300096711e40C2e775577185F61899a4E2d9713E,node02,e4d390de240abd3700defce061dfb1de42d9060810088344f5f17305b45957d1,2,1791366659.4593806,1791366672.6401658,13.180785179138184,167,241970,confirmed,
1953,0xF662E0EDA91AcCa8E6f67d21CD0d9c797e0F278C,node03,dc01464690c1009cf60bd310546f35a8f690e866eb2f3dd82a684d7f98846f2e,2,1791366659.461648,1791366677.049662,17.588014125823975,168,241970,confirmed,
1954,0xA7AA86D7aADcFBD8F4E2c1E52A36782D5Bf1ad3F,node04,2b8755eebda864c1e1a6fa3435b055769d0e307b1ba94a2486f9eca08a1e93b3,2,1791366659.4658444,1791366677.0446806,17.57883620262146,169,241970,confirmed,
1955,0x25552e7B364b512Bb8A7446c6bE5F57Cb84a0B32,node05,e3d6da937772c946d12dec8792f9e39c552d176305594e0ca047b779b6cdc6bb,2,1791366659.4681206,1791366680.1800985,20.7119779586792,170,241970,confirmed,
1956,0x24eA6CE342Fb477f3834d4ac55aAf5F5b6e03Da8,node06,2cda146ef23178d66d0b14dad98b41080f34d97efe7a66efeeef57542d3a038f,2,1791366659.4714105,1791366683.3780625,23.906651973724365,171,241970,confirmed,
1957,0x49f195D6aE11EFd7bEC37b964717eb6218964e82,node07,291cbc56a2be2af5dea315c5cced577955846fdd4faf9b7c24b33d8c6a818044,2,1791366659.4731088,1791366683.377503,23.904394149780273,172,241970,confirmed,
1958,0xef6DB48794CfEDF9905Ac1E2a32500422F39fb91,node08,ba55c3a1fa2fd4c542a24e132e13b39983f2af9056d27f840250b9e9f54675a6,2,1791366659.4758785,1791366685.7019424,26.2260639667511,173,241970,confirmed,
1959,0x1795D78915eef280cC836e68E7EFFcEc192a3731,node09,ce96461f3933eef8a4ce925b9b01ed495825c56515229c3170f4c213982c3c16,2,1791366659.4780393,1791366688.675443,29.1974036693573,174,241970,confirmed,
1960,0xc7EC95a64F694B5Ae0B59F347aac93b8CF959a24,node10,7452be771b24d42f6ad6c9127e8f14ce083cb41255f4a1faf975f16717a2f939,2,1791366659.4808655,1791366689.873242,30.39237642288208,175,241970,confirmed,
1961,0x03A9456cd20CFB54A2EE4235F7ef99ffa161f95e,node11,83e15b2534a4d7415a8dbad0f76204869f85d896d83662966ec4c90e18b5b3a6,2,1791366659.4846058,1791366691.457623,31.97301721572876,176,241970,confirmed,
1962,0x9FAbA67f2f8C77998fc40BEAa2980c1Fa9E8520a,node12,ea838db955c87e7b406de11f23a1c3c49c7675e36705ba281ba7dc3f264cc1a8,2,1791366659.4882178,1791366692.3534334,32.86521553993225,177,241970,confirmed,
1963,0xf23F2e6b883eBF7F4496269D15bC9C0c5E5Ae7A1,node13,836461f4aa9ba61ad26a332ce0c7838fddbd57cc0b986eafa44d03ec9cee6de8,2,1791366659.4897773,1791366667.3646176,7.874840259552002,163,241970,confirmed,
1964,0xB70353D571312C17Ba412e29f5cb9e0AE356A00c,node14,b362265e4159eee85275fe08266a937f15f05f747a69aa2099e17edaf7f6aa89,2,1791366659.4925816,1791366667.2566695,7.764087915420532,164,241970,confirmed,
1965,0xa0Cb20F10995Ba01552E22ee077D0c3B1a8EB2ef,node00,5bb77ec186e8c95322f8d52070827452fa494d6287392928134fe3c8c411cc41,2,1791366659.4943845,1791366667.1753342,7.680949687957764,165,241970,confirmed,
1966,0x74e34c1b5F4AE2605Cf10593E97DE64e348c43aB,node01,f090bd10574fecca3d5086e132dd6bf42956a1ec6360f2bc224f4ae43954988c,2,1791366659.497379,1791366672.779496,13.282116889953613,166,241970,confirmed,
1967,0xcCD60EE4B48a5f89053709Cf7c851Da04eA2Df1a,node02,bad1be5a73b3e926ba802f64869789b7619dac921c4063fffe99508f6e59248a,2,1791366659.5009005,1791366672.7463963,13.245495796203613,167,241970,confirmed,
1968,0x62C08A0d5c7adD003ceD3304c71fe3de20B7E108,node03,2fbdf24719329675c27b81616b7238b60156eb2dfe356ac5bef7dfa814f201b4,2,1791366659.5089397,1791366677.0393865,17.530446767807007,168,241970,confirmed,
1969,0x93B6E8195e8b26D20392D0A11CBC758f66ED6622,node04,e9babcf6235fd8e2098a62b8e37e37f9a10e5a116bb800452f00f8e1dca87848,2,1791366659.5119653,1791366677.0311017,17.519136428833008,169,241970,confirmed,
1970,0x25325720650B0Ba4aB430985a42A1dAb880f383F,node05,1cfc058cfc6bad684b55f7182f990acb718fc26c267468bfbeb4854715719e0e,2,1791366659.5140772,1791366680.152593,20.63851571083069,170,241970,confirmed,
1971,0x6aCe4c0709182422718d607ba838252D344dA20f,node06,a25e63c4500cc74d960ddd086e5a3392f3937f6b43fa21c5e6e4144a8e990d60,2,1791366659.51857,1791366683.449799,23.93122911453247,171,241970,confirmed,
1972,0x67e54e061652FCB52Da6a01eaDc345FADC170Ac2,node07,4f608a2cf28f353da824438c8b564f23f381ec88cefe579139b7899031ed9bc6,2,1791366659.5218766,1791366683.3343782,23.812501668930054,172,241970,confirmed,
1973,0x692c520988e249210dB3866bEC514b646b6Ff2F4,node08,b1c73fc601b1835a6cec8a56803c26c839922757cb20bb53c9bccc67849f5ee8,2,1791366659.5236335,1791366685.6254625,26.101829051971436,173,241970,confirmed,
1974,0x74E3eD37553001C1Eb828A7BcCb6FcB6f0152a67,node09,f587167d0c67518ca2490243154226282f7ccdc55bf232474575c382acbf97f5,2,1791366659.5294344,1791366688.6531968,29.123762369155884,174,241970,confirmed,
1975,0xFe8d7C473D8129dc963a95E5AF895Ac9933BaC7d,node10,cc3c9f2cc441f7ef8982787133a8eecd5eeb4bf12ad3fa0bd2187865e9249188,2,1791366659.5310385,1791366689.8705657,30.339527130126953,175,241970,confirmed,
1976,0x48b4B0F0BEd0cbbd4EC8ea06151aec92aC8B856B,node11,259279ea393ffae0d98f5bd81b0f30f6468141fa783d91cda1fdaf6bbfddf5ca,2,1791366659.5334148,1791366691.4563425,31.922927618026733,176,241970,confirmed,
1977,0x0EA883b74fC3Af98c2543A1b8974c73D5D867A84,node12,e200f4c8b59a6736e5afc1ad896fa3723bf8766372dd11379871f3f069653468,2,1791366659.534072,1791366692.3495414,32.81546950340271,177,241970,confirmed,
1978,0x79F9A20C13f9E5372fb83FE30497D12945EdAa36,node13,969852152727f46bdaac5db63fd030d4b7db4c5dec41df55267017b9042a2ecb,2,1791366659.5347905,1791366667.292415,7.757624387741089,163,241970,confirmed,
1979,0xd0837Cc729ea529d0D5e31597820E46311696983,node14,d9f6af071be1842322450615893345d155a8de53a18464aa2b704b4c7a8e3004,2,1791366659.5364368,1791366667.4033387,7.866901874542236,164,241970,confirmed,
1980,0xdD20fdE0d892E43e976c7EFef648a968f856b6dD,node00,c8a2715aae1c89026a74a89257fe02a39f32aa9de00547e419934c352cde4216,2,1791366659.5384784,1791366667.469014,7.930535554885864,165,241970,confirmed,
1981,0x9171c1CD82c3534c453AfF0A1Dc04337710B36af,node01,51f8cb2f9d273b3eabaacc03e485123b7ac99e9664bf83ec870f32014f5be3ad,2,1791366659.5418057,1791366672.8394468,13.297641038894653,166,241970,confirmed,
1982,0xda40F98151d6a3B222173e8e26e29974C9677ec7,node02,8c729e0a7042015a545e6383c5afc03042f1a863c96fd3340b984ca9c6fd9476,2,1791366659.5426064,1791366672.803503,13.260896682739258,167,241970,confirmed,
1983,0x13848eCeb5AE8f1889041B5095F7f8eCF08C5b8d,node03,9464d0f03ab5e8bc866f4b607fc9fd6d87618a4b2d5f3126f92e5909b7709e75,2,1791366659.5445862,1791366677.0531633,17.50857710838318,168,241970,confirmed,
1984,0x9423635D3a1D04D28b0018b0eA76F85631B3dd0B,node04,807e2712deddf82d201b037ad996e7786f5c8d92e5d859901a9d6f8285793620,2,1791366659.547387,1791366677.0172377,17.469850778579712,169,241970,confirmed,
1985,0x167117218D2be5aEaeD8F38c76464abA181CFcf3,node05,39a4d1f6cf0d6b5aaf1eb75403cc4df1d216e87e4dec7fcd24f881c4f8d7f91f,2,1791366659.5501487,1791366680.1844614,20.634312629699707,170,241970,confirmed,
1986,0xA934f9254c208b51ADfBE27D5AA9Ff6B7B2b33d7,node06,2635a7306a06e59fb1b7f17517ce9005a3892a010bfe33ad3e561db773b878e9,2,1791366659.5547428,1791366683.3452058,23.790462970733643,171,241970,confirmed,
1987,0xcCD0f4B952c4D4d39ce1e2886906D2E08f65e9Bf,node07,412bcfb1f36208a61ed6bf7ab4c94f455e5c774589807552d696c8cd3f1049b5,2,1791366659.5558052,1791366683.4028952,23.847090005874634,172,241970,confirmed,
1988,0x87fda208827b7E8435d64d3e8f309848084ee08F,node08,a170afb1045ff780e8a8df4ace44dbad8cacd0936430159439346ee9358a3834,2,1791366659.5571184,1791366685.703445,26.146326541900635,173,241970,confirmed,
1989,0x3534CFC321B656C82F955E10510dBfCfb3d85F51,node09,c8ded16fb26fd0fbf7e44704f21643a3a53412d523c75720b5aa9969b12ef22f,2,1791366659.5592306,1791366688.671549,29.112318515777588,174,241970,confirmed,
1990,0xeF9A7588301222dFC0cd4A1f248b405b323CE733,node10,4f5d9cee2079ec2508c539fa3cd55808871528c316ac1b32d1de9df57b6928a1,2,1791366659.5616398,1791366689.890786,30.329146146774292,175,241970,confirmed,
1991,0xEDc96e19444B810ceb7fC99fb66d5b970E852F5f,node11,ffda7dfce1623b21b4ad23b5771271442e8b1c7ed53eb2dfc0355e7d7132f4f8,2,1791366659.5643063,1791366691.4568844,31.892578125,176,241970,confirmed,
1992,0xcBb1E5DaC5FE64AE4025dF2dd6B76d0dfAEcc963,node12,aecc500ee2c97bf62112bb16265a9f2454123d7ac403ae8334a87e3cbd5052e4,2,1791366659.5704753,1791366692.361796,32.79132056236267,177,241970,confirmed,
1993,0x49CF8d6cEFf24EF8b165Ee919c781Ed1A604C578,node13,1877e3ff7fdc304a7c5d29bd921b49dc42bfd9108c4ce1ddc3509100ac020f36,2,1791366659.573933,1791366667.2747655,7.7008326053619385,163,241970,confirmed,
1994,0x68d6BEE7F5bb274462a808f7446B852345152322,node14,07602a957e718b04f02ece2b0b7831c1fd7aeb58d1803df6607959f537e98d03,2,1791366659.5759969,1791366667.267017,7.6910200119018555,164,241970,confirmed,
1995,0xd933Ae97985D0F1E7F707e274D8b8a38b45dfD41,node00,9f9e814756a437ac3a479d9fb52a95aec6b9b5e0615f4c7e42f9390881d52859,2,1791366659.5783544,1791366667.4434614,7.86510705947876,165,241970,confirmed,
1996,0x59A6D421E3E29ACF8b9e2640a37851F764b90EBB,node01,183f41cb99deb58600bfd807247955630c180657df5e76c9834d6846f6f261ab,2,1791366659.5804641,1791366672.8436017,13.263137578964233,166,241970,confirmed,
1997,0x6c82e8CeAB67E23DaE8cF0dA9A08EF6Df6d34B67,node02,79b3cb73af59f9b796ad26e64f6653cd5d40956ef79ac2e55cdaebc2d7d0cc1a,2,1791366659.5832117,1791366672.833127,13.249915361404419,167,241970,confirmed,
1998,0x5d35960150e3Ac147508E3F4b7e6ef7BdFb21609,node03,627c90154d4c8971b6c95742419a863c83616cb7ae982938377364f335b71272,2,1791366659.5861328,1791366677.0424268,17.456294059753418,168,241970,confirmed,
1999,0xaEF9032884D3cF7c4DB899F381a29E2EB90Cd9CF,node04,b395a5b7014e9ce8e3250d93f636036ea685f6d9aaf21a9883fa0f14b3614c2f,2,1791366659.5887644,1791366677.0253348,17.436570405960083,169,241970,confirmed,
2000,0xcD89a2084D9cEd7429a912416FAC6911e56536Cb,node00,68d9bf14727ed003249070726fa987f8f2cf6f384178e927882be62748bb5a29,9,1791366659.5908115,1791366667.4263022,7.835490703582764,165,241970,confirmed,
2001,0x714447a24067a74f5b9906e4AA9544Db4DBBf93E,node01,7c3d666c91810187b2a6bcf5a7876c5712a1ef4847aa43bea129698a9a7f6ced,7,1791366659.597534,1791366672.818649,13.221115112304688,166,241970,confirmed,
2002,0x24F08BE5bb32047b2CB5a866370a9260dc73b340,node02,27c2fd4d5d6947a2b24a6799ee9cf9798c187434ed19d66e19c8fd6a4a2e2f09,7,1791366659.5996354,1791366672.839221,13.239585638046265,167,241970,confirmed,
2003,0x51A3AD47077E122a977e54017D08A7aC2E02A6eB,node03,beb93df2bbb561b74550e6acf63a5c0160ad09c29be70af84b9c5112dacdb6f3,7,1791366659.6016808,1791366676.996702,17.395021200180054,168,241970,confirmed,
2004,0xff43c0A7B055282F6649835f0c7e3b2Bd20711C5,node04,947c1a75df8b5a7080f6e9078946152d30c67e258b058722a6e964d5c5715fe3,7,1791366659.6032472,1791366677.021545,17.41829776763916,169,241970,confirmed,
2005,0x0478D01323566b0dF323113d468dbE6fA32896e9,node05,865fb40761a314aa3e75801fd09f333d990a715c3dd9d7905f3b37f3c3de13a3,7,1791366659.6050823,1791366680.1865058,20.58142352104187,170,241970,confirmed,
2006,0x6649F5012414833487817F606A313A6235D68196,node06,0909d359b89f621cb2cfc93255567dfab9d69b1a2c871c17204654df1f430b40,7,1791366659.607362,1791366683.4185078,23.811145782470703,171,241970,confirmed,
2007,0xEbcB96e5bF2681c29fEE0875487090117eD28D5a,node07,9d6267d6a4bce68f3959cd6077470caf5e4e58149446113b817ac53a649ab463,7,1791366659.609525,1791366683.421335,23.81181001663208,172,241970,confirmed,
2008,0x952C120AA06C52501A7c235606cC49921c628B60,node08,0c25ed0dbaaddffcf81cc431d17b67767e59b56af8e93fbed09732dc16bc4065,5,1791366659.6108904,1791366685.5495415,25.938651084899902,173,241970,confirmed,
2009,0xba63CFC0CA898AE757054761F6F135b953f607F7,node09,1d6c824fe6e6bca2cb14e10e0dd5b1736223159df6df2a61e389a4f1daf2d772,5,1791366659.6126668,1791366688.66996,29.057293176651,174,241970,confirmed,
2010,0xE8F3Ec9C0e20D48151a10b9117279DbB5CC3e481,node10,c1e22f83e6c1a36c43c98b7bbd6d51540d31518e0fe193d687cc583ac71de5de,5,1791366659.6146095,1791366689.8617635,30.247153997421265,175,241970,confirmed,
2011,0x50d649d6be589DF71ED0a8fA2Dd28902faBc0A60,node11,d2493dadb4e0ed97276c9bd85354a8e17aa0cd4a9b9dc530bbec53bdfabcaadd,5,1791366659.6188424,1791366691.4466205,31.827778100967407,176,241970,confirmed,
2012,0x22dF4540b12ECE50A2f0136231fFf154AB5Baf44,node12,4a47a2e4b8f09e47c53fc63b711e44d95b51208549f703077781a10b6e01c0ce,5,1791366659.6220422,1791366692.3754966,32.7534544467926,177,241970,confirmed,
2013,0x5e361686d36f43D0A1110f59867A1A0534C547f8,node13,1ca4684febfabae841b6526e55d8f7b6870d4dbdb17ef8de511791823c3e735e,5,1791366659.6239054,1791366667.3927977,7.768892288208008,163,241970,confirmed,
2014,0xA4a71aDfdF8E930a6A2Ebc906D0908e8240A79d5,node14,b0e716881253d41444b06543d12d2a0af73f6483d61ac4dda3131ad8f0d07e0d,5,1791366659.626011,1791366667.4773562,7.8513453006744385,164,241970,confirmed,
2015,0x45F66d945Ca8cfa939CA613B67BF9c55EaC1Be0d,node00,a47ce2e1934952649618151e48343dfffe699002b37800e0ae89ad216d6a558a,5,1791366659.627856,1791366667.4762444,7.848388433456421,165,241970,confirmed,
2016,0x6D6269896F53E8CD21F024de8F34237780B647E1,node01,2d44220dd7cfd2deb9f92d9811ff98c7e989eddf74743ab9ff5a50d03e55d679,5,1791366659.629652,1791366672.805777,13.176125049591064,166,241970,confirmed,
2017,0x0aE4Aef218450749B79eb4CAE066D699bc5D0f2E,node02,8a97cdc77e9c031012f9368b0fdf0021c77da0a9371ef49832f8e19186b33576,5,1791366659.631113,1791366672.8154826,13.184369564056396,167,241970,confirmed,
2018,0x3Af2dcce9Fb5298D844d4Cb5e4d9521f822c1309,node03,e54f7fa9c2cdc7bc281bb5332fcb888ce73739fff0be2c45644b91ab25cb5083,5,1791366659.632809,1791366677.049528,17.41671895980835,168,241970,confirmed,
2019,0xD30680b34eD75fDDD51351dacC9c5902E5FA3778,node04,992bb98fe0a3a0e60e0b4fb68b7551b7551af045950bd8a09bd22af74688bf5a,5,1791366659.6344779,1791366677.0549183,17.420440435409546,169,241970,confirmed,
2020,0xd10f0545AC797500588dA8b8456419533a5cA591,node05,d77dd5d0c4617b15cc8de1bd315142d0ca839e9f56a5d10e46701f3c4be47772,5,1791366659.635802,1791366680.1863637,20.550561666488647,170,241970,confirmed,
2021,0x8fe75729699CFBE3c34735f2e862d37686d48fca,node06,388b07b872980f2d9739f9713f01c293956944033be1de5c9e9669617f66ab3a,5,1791366659.6372664,1791366683.3591685,23.7219021320343,171,241970,confirmed,
2022,0x8867f5D05DE44FDDAFf78C2b785Aa85d3Ece69Eb,node07,81c6139f444a17fa37136efd79873512cf769722b602acb061dbae9f0d50bf5d,5,1791366659.6387143,1791366683.3294532,23.690738916397095,172,241970,confirmed,
2023,0x1BFc93c416722d534F4267BB65e58F075a55123a,node08,1715cfb208f32c1cd20e21fb8f635399c71b2d8b6f03796ab402fe473ec56353,5,1791366659.6405528,1791366685.680073,26.039520263671875,173,241970,confirmed,
2024,0xe603171ef709e6f27A3E3Cb06c87DE2ab5a1C05F,node09,581f2851b6e827bfff832b03cbb4de03920f280eea540952c63ca266abb09cfa,5,1791366659.6425655,1791366688.6824176,29.039852142333984,174,241970,confirmed,
2025,0x2D83c9951c4Bd9F5eb8674Af3D22e9E2e183412c,node10,98323fadce9eaf235b24c9367a62a21f3461d3b2b73198319d761589de950ab8,5,1791366659.6444561,1791366689.8715062,30.227050065994263,175,241970,confirmed,
2026,0xA68cF1D52928ADc22e5CE08CfeC923FFb8dC79F9,node11,9c5cde4ee7ef43847798bb30529930c0244bb7a1ca5561ccd9716381ddf71b80,5,1791366659.6464128,1791366691.454382,31.807969093322754,176,241970,confirmed,
2027,0x3377055895C603658475193A0b6352044702e36d,node12,664a2cd143f200e7d14076bbb516b7b07ec1fc5c886291d305e992a447ac8ca3,5,1791366659.6506178,1791366692.3811774,32.73055958747864,177,241970,confirmed,
2028,0x0E96219BaA62cC3ad5DeD9aD2b18B82abA96fe87,node13,342fb54fa2c32459c4996d564ac270a80a8c7e99cb4d1ab6b354a267365640e6,5,1791366659.6524465,1791366667.4306529,7.7782063484191895,163,241970,confirmed,
2029,0x8f2bA987AfB7A05C2feb023B5641c7137ECa658d,node14,5e4d432061e6ab213cb26c292bc8fe097be52b553a4cc795bd6dd9d0d2a5e8bf,5,1791366659.6541731,1791366667.464297,7.810123920440674,164,241970,confirmed,
2030,0x9f1eeA642B138e46E74b0D283cf0a6079DB0bcA8,node00,033fcbfcc24a6a4e0f0d83ea55c2a1b165b8c5c1082171895baaf5afeb8c14a1,5,1791366659.6558433,1791366667.4655576,7.809714317321777,165,241970,confirmed,
2031,0xc68eDca6E404405b4384B0bDE9C46EbC9a4DF016,node01,0c9e1bcf5e67c2ebf5bcf768c4835279a84be34af9cdb7e4b68bb4174ce4c129,5,1791366659.6579142,1791366672.8095005,13.151586294174194,166,241970,confirmed,
2032,0x003065feeccf94F2c498E1cA8F07b66407307381,node02,db31a5c1ab315c49024f7cdd4adc91c877b81dcd6ebdbb58ffd75acff66565f7,5,1791366659.659697,1791366672.8320022,13.1723051071167,167,241970,confirmed,
2033,0x65ff7dee3e81fb88A6f7AfdB323382022fCB495f,node03,1791eb631f391ec1495ad32cb5c3e0baf329977951efe141279542c2bde15dba,5,1791366659.6609497,1791366677.0552914,17.394341707229614,168,241970,confirmed,
2034,0xF0395EC18410a58E05Ec3e8bc8Df543A09424D11,node04,8fbb5ac07f51fb704b0662b7ffe63089c433cc085adfb10ba9be0e7bc0865d72,5,1791366659.663319,1791366677.0503988,17.38707971572876,169,241970,confirmed,
2035,0xCC832AadB9BbeECaf90Fc017Ad05AE4d487fE583,node05,c37955c49ff404173d0d785cbfb3a79f10e96043aecd57ab3c88cd6e58ba9d43,5,1791366659.6650813,1791366680.1929827,20.52790141105652,170,241970,confirmed,
2036,0xb3fB310e30618eed4085DFe56e57Cdd4c5cA79fe,node06,fe20846f7c8eb1a0b9c4aeb3334f0b278cf5236150d6b0dd46dec6c5670703d1,5,1791366659.6659403,1791366683.4040728,23.73813247680664,171,241970,confirmed,
2037,0xC3a6fD7300FB906065541AD2d7c21793A327744E,node07,fedefa36c40fbff90f541786339e4414e1436618d2bc65b5ab080ea4daa06ca0,5,1791366659.6678157,1791366683.4256654,23.75784969329834,172,241970,confirmed,
2038,0xe5475CFDFb547B84749c593E3d9d350df6891d52,node08,e5b6621e222cca81722e385626ae453e42a46a12c1be76052ce0b653acedd175,5,1791366659.6757774,1791366685.6967206,26.02094316482544,173,241970,confirmed,
2039,0x214d7A98bA6B72cd68AB3b79D39eF8fba4275420,node09,77a7957da2156fc94acfba44fe53dd6055e73b8fa7377c4f264771403cbbe5fc,5,1791366659.6768107,1791366688.6826909,29.005880117416382,174,241970,confirmed,
2040,0xeC98D28F143D9dE2e0BFaecf78437b3DEEbaDC7C,node10,ded3b66e0421cbeece3f3c915100c17c2e0a4d0b734bd8eed67e6e29dcda8d64,5,1791366659.6799872,1791366689.8673313,30.187344074249268,175,241970,confirmed,
2041,0x99f68EdAb56c74D3ce250BeA501B04FC9eEC8051,node11,3fc98a845f3b4a4a710845b24cd83d3029fbbec80d7b7c2c2056dc78d8994c01,5,1791366659.682633,1791366691.4530034,31.770370483398438,176,241970,confirmed,
2042,0x139b9444f714ACd04592E9DE0deACbEFf9044dD4,node12,01d0bdaf06381c0cd3594727e0337cf318bb66259927524583d9f9d5179ade9a,5,1791366659.6843536,1791366692.3710656,32.68671202659607,177,241970,confirmed,
2043,0x8e3859ee8A379275e2C6191f01b58b08C2A9fac0,node13,46f938a3f2b19028aa7f59591566d3b7d2b5090f509de6ee0021928b32b14f04,5,1791366659.6882098,1791366667.46282,7.774610280990601,163,241970,confirmed,
2044,0x5ea1B93Bc77Bc6B63Bd5Be53e2252Af00Ba449eB,node14,8fa82ee365ad278860c89af4d3e6154c3c5b6b5a60e346960c53dda96731cea7,5,1791366659.6940536,1791366667.4770062,7.782952547073364,164,241970,confirmed,
2045,0xE4CaAbed924Ac6D44D2A95fa7dDbB63bb351509D,node00,7fe32d416ae009ac0782718cfb00197b6d990ca8a3ecc107fad2369bd797d683,5,1791366659.6953876,1791366667.4508297,7.755442142486572,165,241970,confirmed,
2046,0xAC3f805Be0ebdFF4122EB89E4eE40851F0906826,node01,f0f71ff79667119552f30a1aa8413d834bc02daae891a1e010790d8415f9eb11,5,1791366659.6984074,1791366672.7902706,13.09186315536499,166,241970,confirmed,
2047,0x33Cc2523F68C25fA20CCdDBf637eA88Fb6Be7718,node02,3e793423615c6f81ec3fd2e037db4aefb28f18af788ed3a6952bb283d78caf18,5,1791366659.7001262,1791366672.8450274,13.144901275634766,167,241970,confirmed,
