tx_index,sender,rpc_node,tx_hash,nonce,submit_ts,confirm_ts,latency_s,block_number,gas_used,status,error
0,0xcD89a2084D9cEd7429a912416FAC6911e56536Cb,node00,85b064c41423f3dc7826774f863abc665c5a42101a56bf5715a494c1cbabd11d,2,1791366423.2336302,1791366453.8211303,30.58750009536743,60,241970,confirmed,
1,0x714447a24067a74f5b9906e4AA9544Db4DBBf93E,node01,a63bb7b372e6a1385614649d97edc55abc18beaee4f7ae6b062c3a5ed6e735a6,0,1791366423.2385046,1791366455.5702498,32.33174514770508,61,241970,confirmed,
2,0x24F08BE5bb32047b2CB5a866370a9260dc73b340,node02,e4942b48bc910a731c04d59ea48c0eef259df4627d89a0b3410dfead6ce03a89,0,1791366423.2436907,1791366458.595122,35.351431369781494,62,241970,confirmed,
3,0x51A3AD47077E122a977e54017D08A7aC2E02A6eB,node03,777e59e1914c4ffc7e0da4d6cf283a25ec63621e318988a267ad1505fac2f438,0,1791366423.2519639,1791366428.8272295,5.575265645980835,48,241970,confirmed,
4,0xff43c0A7B055282F6649835f0c7e3b2Bd20711C5,node04,42dbae91df4e512fb7e93ca536edbe841dbf7acdf887a1ba8012e005b7e11a91,0,1791366423.2613838,1791366428.8362248,5.574841022491455,49,241970,confirmed,
5,0x0478D01323566b0dF323113d468dbE6fA32896e9,node05,9a7ba3c22dd4c8e7012caf820a64720f39cc89f27025ec8abb582719633b4f07,0,1791366423.2640026,1791366435.2703066,12.006304025650024,50,241970,confirmed,
6,0x6649F5012414833487817F606A313A6235D68196,node06,ac012afd59ee07d15c759bbda65f428d723f4a9c31206f30991792ec6f571859,0,1791366423.2681499,1791366435.246186,11.978036165237427,51,241970,confirmed,
7,0xEbcB96e5bF2681c29fEE0875487090117eD28D5a,node07,98b65bd91f8796e593c01b5cf4cee18c42a182143ae7c2eb179994436d294b68,0,1791366423.2709656,1791366435.2379084,11.96694278717041,52,241970,confirmed,
8,0x952C120AA06C52501A7c235606cC49921c628B60,node08,53789130fcd9e8c9fc0e38846178609fcbbe589b28de450975d52eca74c55b4c,0,1791366423.2758067,1791366440.8641882,17.58838152885437,53,241970,confirmed,
9,0xba63CFC0CA898AE757054761F6F135b953f607F7,node09,c53a350a76f4cd2655b32fe7bff55e28d81471277168723937c97bb728249f57,0,1791366423.2780266,1791366440.9068286,17.628802061080933,54,241970,confirmed,
10,0xE8F3Ec9C0e20D48151a10b9117279DbB5CC3e481,node10,78aeceb09856d7f845124a342a581b065c92ac85a8d92d7fedf323ad6999808d,0,1791366423.2836196,1791366445.3286471,22.045027494430542,55,241970,confirmed,
11,0x50d649d6be589DF71ED0a8fA2Dd28902faBc0A60,node11,63957600930ea29da2705f5e85c548801dd82e25cb50b91c9227304a9955d2c3,0,1791366423.2894785,1791366445.3424072,22.052928686141968,56,241970,confirmed,
12,0x22dF4540b12ECE50A2f0136231fFf154AB5Baf44,node12,f82ebb2f765143cdecac96db59ccfbbfec6426892172c41b93958ad66bb02d34,0,1791366423.2911081,1791366448.8258784,25.534770250320435,57,241970,confirmed,
13,0x5e361686d36f43D0A1110f59867A1A0534C547f8,node13,0356938b2669aa5395f4d3fb169520bf54da9ce67809e9a4cc8d0710fa982787,0,1791366423.29325,1791366448.8307886,25.537538528442383,58,241970,confirmed,
14,0xA4a71aDfdF8E930a6A2Ebc906D0908e8240A79d5,node14,dd4c6f083754fc98f7336881e5a024639802f90f8b25f9c249d44365a2aaffd9,0,1791366423.2958763,1791366451.4715185,28.175642251968384,59,241970,confirmed,
15,0x45F66d945Ca8cfa939CA613B67BF9c55EaC1Be0d,node00,7205c917637a52a1b9c249d675c1bedeb2f96bf86f279b48163f4a320a31f8b8,0,1791366423.2984917,1791366453.8368645,30.53837275505066,60,241970,confirmed,
16,0x6D6269896F53E8CD21F024de8F34237780B647E1,node01,c1ee5353167ed17dd7bdfd5d8565eefd9885cc536591d21a4289975cfa54240d,0,1791366423.2990634,1791366455.5865471,32.28748369216919,61,241970,confirmed,
17,0x0aE4Aef218450749B79eb4CAE066D699bc5D0f2E,node02,f5184e1688ecdb568db1a60d77e185160647d2c51ce5112bfcde86f1c0f01ba9,0,1791366423.3024292,1791366458.5899353,35.287506103515625,62,241970,confirmed,
18,0x3Af2dcce9Fb5298D844d4Cb5e4d9521f822c1309,node03,0ed94b8fee126ff48f1bd52ac1bb978185f28eea682ea1bb0904739093ea5f5c,0,1791366423.3154302,1791366428.8816888,5.566258668899536,48,241970,confirmed,
19,0xD30680b34eD75fDDD51351dacC9c5902E5FA3778,node04,a83f19f4bca6e00801a72f9b52c41369d34ad8c4b648a85bc31e2e5cf124a29f,0,1791366423.31693,1791366428.9119473,5.595017194747925,49,241970,confirmed,
20,0xd10f0545AC797500588dA8b8456419533a5cA591,node05,5cfaad2cc36fc9ec1819bc5150b030ba26768f566fed2530ca9d532eab188c00,0,1791366423.3191576,1791366435.3703084,12.051150798797607,50,241970,confirmed,
21,0x8fe75729699CFBE3c34735f2e862d37686d48fca,node06,1cb09d7faae9b065cc97eaa4ae12ca1e72287c30493db6c56ed2912df8a0857d,0,1791366423.3237555,1791366435.3304272,12.006671667098999,51,241970,confirmed,
22,0x8867f5D05DE44FDDAFf78C2b785Aa85d3Ece69Eb,node07,841eba4864b0ce21a032a82d7dadcb207454ce4b50e763e26b740428aae08b28,0,1791366423.328464,1791366435.384253,12.05578899383545,52,241970,confirmed,
23,0x1BFc93c416722d534F4267BB65e58F075a55123a,node08,4f2ca631f944c068e31a6a0adb3b6596ada23c9553df18d0070d4b5eac20cc5f,0,1791366423.3299987,1791366440.8929908,17.562992095947266,53,241970,confirmed,
24,0xe603171ef709e6f27A3E3Cb06c87DE2ab5a1C05F,node09,40201eb443a0d794cabccbca9736bdb787e623feb6a9b407cbbd0333d987da6e,0,1791366423.331387,1791366440.8704119,17.539024829864502,54,241970,confirmed,
25,0x2D83c9951c4Bd9F5eb8674Af3D22e9E2e183412c,node10,369c430e8a4599595775bd90f115f54abdd32331c0a818003c31ee941be4e7ed,0,1791366423.335194,1791366445.4030526,22.067858457565308,55,241970,confirmed,
26,0xA68cF1D52928ADc22e5CE08CfeC923FFb8dC79F9,node11,5f080590ba04fe323cdba92cbab8dde84f3d03ae1448e9fd4152ba0073a4e5c9,0,1791366423.336829,1791366445.3743677,22.037538766860962,56,241970,confirmed,
27,0x3377055895C603658475193A0b6352044702e36d,node12,3e0efd8914aaa8a5660c9c8a97433f0c0fec4c7f28a38b56dd173f0bc0373853,0,1791366423.3397415,1791366448.8369777,25.497236251831055,57,241970,confirmed,
28,0x0E96219BaA62cC3ad5DeD9aD2b18B82abA96fe87,node13,72db84442969dcd762de1b711dad1f753dd064206509b5cb503d683aa2012a7b,0,1791366423.343357,1791366448.8244026,25.481045484542847,58,241970,confirmed,
29,0x8f2bA987AfB7A05C2feb023B5641c7137ECa658d,node14,7e89f7306a6ec6e36850f7873f14a77830800f9818d0628c80e35e7c735e3cbc,0,1791366423.3472779,1791366451.4858027,28.138524770736694,59,241970,confirmed,
30,0x9f1eeA642B138e46E74b0D283cf0a6079DB0bcA8,node00,142ec76574d872dcc46b12df641bd6af7146530e5336a6ddd53ef38f4f6ac302,0,1791366423.3613465,1791366453.845099,30.483752489089966,60,241970,confirmed,
31,0xc68eDca6E404405b4384B0bDE9C46EbC9a4DF016,node01,df3ad2205376db9c8fbd630bf95cca7e786216ec9fac723ebf1669c3514984ec,0,1791366423.3624322,1791366455.7005606,32.338128328323364,61,241970,confirmed,
32,0x003065feeccf94F2c498E1cA8F07b66407307381,node02,f0620e5d0e3d02254f7755d605fe100cc3d6b393ac951b386096613a9579cc79,0,1791366423.3664808,1791366458.5936062,35.22712540626526,62,241970,confirmed,
33,0x65ff7dee3e81fb88A6f7AfdB323382022fCB495f,node03,995793a6db619ad1f3aecf124311627103cfb4dbf64869db04e232cd69b7889f,0,1791366423.3683798,1791366428.9831913,5.614811420440674,48,241970,confirmed,
34,0xF0395EC18410a58E05Ec3e8bc8Df543A09424D11,node04,c0bec88e899a76e3a1a45ac75dad804e95247124ad0efe2655cd7be53139791b,0,1791366423.3724673,1791366428.9221952,5.549727916717529,49,241970,confirmed,
35,0xCC832AadB9BbeECaf90Fc017Ad05AE4d487fE583,node05,607b4e2ba7d2d4cd94c0b5a03abadd1abbd3d7c2de66ade513dbe77c65d1c527,0,1791366423.3739285,1791366435.3797433,12.005814790725708,50,241970,confirmed,
36,0xb3fB310e30618eed4085DFe56e57Cdd4c5cA79fe,node06,336ec3de138edfd7b71ff58cfe7004e2af21a2d5a13f94cddf5204d40e0770f8,0,1791366423.3855035,1791366435.4828818,12.097378253936768,51,241970,confirmed,
37,0xC3a6fD7300FB906065541AD2d7c21793A327744E,node07,2170a48f66bca61ac70dbf3c85e3f7fb0f1eb92ee739b6576d5cd5fd40b51ec7,0,1791366423.3878233,1791366435.3931894,12.005366086959839,52,241970,confirmed,
38,0xe5475CFDFb547B84749c593E3d9d350df6891d52,node08,e24049796c1fd44e9cd7a8438113b40f8a7e86a625bd4728693f50694808c6f6,0,1791366423.3902323,1791366440.9323146,17.5420823097229,53,241970,confirmed,
39,0x214d7A98bA6B72cd68AB3b79D39eF8fba4275420,node09,e8c53c94cb4947fcb62c489b68cf3ad8f6a79f5b3d025ab16746c69a81c0d6a0,0,1791366423.3924422,1791366440.9754283,17.5829861164093,54,241970,confirmed,
40,0xeC98D28F143D9dE2e0BFaecf78437b3DEEbaDC7C,node10,9f1ffeca4b15731dcd9bc7a579a1e2f10849f530f4c0affbd3ee7b29fab34ea7,0,1791366423.3931906,1791366445.4178228,22.024632215499878,55,241970,confirmed,
41,0x99f68EdAb56c74D3ce250BeA501B04FC9eEC8051,node11,5987fd99c7cf0b29255987bd533ccbaf91cff896ce3c1e6b07ed18f8201169d9,0,1791366423.3960428,1791366445.427331,22.031288146972656,56,241970,confirmed,
42,0x139b9444f714ACd04592E9DE0deACbEFf9044dD4,node12,49e2365f8d3419c69bd9cad98c630921a7b35256cfeec2ebd42a4dfd8bcdd79d,0,1791366423.3985944,1791366448.8992152,25.50062084197998,57,241970,confirmed,
43,0x8e3859ee8A379275e2C6191f01b58b08C2A9fac0,node13,5d5287c0d029c5f2657837ee5ebb2088e49f70f9cdba7ae37fb8fbb0b8e008e8,0,1791366423.4011428,1791366448.8382902,25.43714737892151,58,241970,confirmed,
44,0x5ea1B93Bc77Bc6B63Bd5Be53e2252Af00Ba449eB,node14,1dd15c5b996c712e5e782b6a3ccf4695fdcaec5398065f2edf46b614ad6bc161,0,1791366423.4036186,1791366451.4985707,28.09495210647583,59,241970,confirmed,
45,0xE4CaAbed924Ac6D44D2A95fa7dDbB63bb351509D,node00,ae601f413ad2abed4d7b1c30af224772c53577517cb345e54d9e035d962eb946,0,1791366423.4051166,1791366453.8247516,30.41963505744934,60,241970,confirmed,
46,0xAC3f805Be0ebdFF4122EB89E4eE40851F0906826,node01,5e132c9e2150052dbdbe7c6352517ada722af4b783c1dd792da9a90fd176ee51,0,1791366423.4064262,1791366455.644889,32.238462924957275,61,241970,confirmed,
47,0x33Cc2523F68C25fA20CCdDBf637eA88Fb6Be7718,node02,89cf119ad936aba850289a4951575aa2513304226c59a38c65765b15d3153a66,0,1791366423.4078395,1791366458.6140077,35.20616817474365,62,241970,confirmed,
48,0xADb92dC97a7309ea891DdAd48422df1981942576,node03,db132f01f789d8b28953542f8dacc018d05e88ce0219b2e52b19ec7e89eef3da,0,1791366423.4117873,1791366428.9625132,5.550725936889648,48,241970,confirmed,
49,0x9757828eF97914D7630F1daF637eD40e09da5A72,node04,28b2c7800249527e19afffa3f4510a809f14367d0cd8fa81bc617123f5d3a3b4,0,1791366423.4146075,1791366428.978408,5.563800573348999,49,241970,confirmed,
50,0x8DB20A39B908742Cb948c64eAc8240CcB4Ff2342,node05,8ecc6eb8697b269b1de75efda12d3917a6766043709dce28f073678a4d5baa75,0,1791366423.4163244,1791366435.4969687,12.080644369125366,50,241970,confirmed,
51,0x6719D23635e8336d75cd04A35450de66C62AfdEA,node06,4f13473aeac4415101b4751bd7ab0b68a806cdb3fdf27be3310e6ad6a21b4b1f,0,1791366423.4174335,1791366435.4151733,11.997739791870117,51,241970,confirmed,
52,0x823a76295975217cb64c265BcF6425Ccbd169D3F,node07,f0ae19501cc07fb929f51d42e09c09f0cb56f1dad33b81f3886eb69d1ae9d2d5,0,1791366423.4217434,1791366435.466367,12.044623613357544,52,241970,confirmed,
53,0x4A5Ec5796E8B654A8F368975a937D34B3Bb45Cd3,node08,3dfc8132be4a1a5b90d660ea683e2cea64745ebcda78f4e84ff6265528ca0044,0,1791366423.4231236,1791366441.0034318,17.580308198928833,53,241970,confirmed,
54,0x4055Eb5F4d32ac2A0dFB2a6CA1860Eb147F9828B,node09,9ea5a21185b0f0ababde8b5d3b906f6097cec320cade1c81a7b58f2386dd7e38,0,1791366423.4252505,1791366441.0941565,17.66890597343445,54,241970,confirmed,
55,0x94429ee79dbD0AB386E25b53c5F8C5f1cBfE30A4,node10,4d71345b275cffa154c6aee8258d552e35de7f12286a978d8d0a3479813e9d19,0,1791366423.4281769,1791366445.486309,22.05813217163086,55,241970,confirmed,
56,0xe637B75F21d0ab8B72f8dDeFB70765B1EB115e3f,node11,4006dcc6f534d56f966df3a24b1a07a4d0b25fe5cae76120127c689a9bcdb1be,0,1791366423.4297445,1791366445.4779706,22.04822611808777,56,241970,confirmed,
57,0x0747D0e07a37da7FB109F28813E8e4Ff12F0c454,node12,f69cc0a89f64c1fb095447f09ea27acc11de0b7dc278da91784231025c6ad278,0,1791366423.4311013,1791366449.093863,25.662761688232422,57,241970,confirmed,
58,0x88DD545AfbB4978409015837fACC9bd87ac74803,node13,39c26e9a2231ed9183b422aa135d96fb8a869230786aba3831c2da846d75b983,0,1791366423.4320812,1791366448.889504,25.457422733306885,58,241970,confirmed,
59,0x90bDb8C9e832a22C5e2BA23b2360995a5765D0d9,node14,cd1aec59d6c1fdfceb31ec72273bf24b28dc7bed7eb71ee7f0c6724225a0c2d0,0,1791366423.434458,1791366451.500489,28.066030979156494,59,241970,confirmed,
60,0xCfDdAaa3488d8f0607B052694C14793f602F7fA6,node00,8187fc6158e66bf6f7927a2b283bd5744ebbf9fa1f243a601dc73a8b8fbe4fb6,0,1791366423.4356508,1791366453.8305407,30.39488983154297,60,241970,confirmed,
61,0x232b106ae4127e45D22A6eCD5fB5DfD75a88bE93,node01,0a3167c297b003bfc42e7f33b782bccd09c463e4a8a997a55ef69451242e3d95,0,1791366423.4362757,1791366455.7502286,32.313952922821045,61,241970,confirmed,
62,0x482ab886EB23b4aEaF6e6A2B9a551dD0e8697310,node02,ac5160d19f60577d1e1f4bf51692ddf9ef5d88688898557b186917bb0527c575,0,1791366423.4383407,1791366458.634831,35.19649028778076,62,241970,confirmed,
63,0x9cb87a9b9a3bEA4222A48E1f1A2a8A8108d54f2B,node03,69e6ff6a64a4213264fb54647dd76ef02518451d46f7a3a2539981feafce07bf,0,1791366423.4402714,1791366429.0004818,5.560210466384888,48,241970,confirmed,
64,0x8c4C16702ba904969bbaadAE349A612E71dcc9Bd,node04,ed2c478c833492527b40cc4f1f4d36b0df066c261602eb50a2972cef9c09e8a5,0,1791366423.4425032,1791366429.0469725,5.604469299316406,49,241970,confirmed,
65,0xaB63641fD8E90fd24f73442d645dA4b484e6Eb04,node05,aae0775a5d15a3ee65bf3c5078a598c4a168abeb9dd93ed7cc61b82e4ab227e5,0,1791366423.447291,1791366435.5394616,12.092170715332031,50,241970,confirmed,
66,0x106408587DBCd7Ed2db97d8B8042696Ad7dA51A6,node06,6a6aed076d0e1472cd6fb296fb7169e92ba5a63a8381961fba4c005220e61889,0,1791366423.4494598,1791366435.4683325,12.018872737884521,51,241970,confirmed,
67,0x0FC384cB0908c5908038be7FF0a26c273c1FcBcc,node07,16813664005039460688450b56c681e9659f2fdf059c16a33a859250def0aaa6,0,1791366423.4513733,1791366435.449864,11.998490571975708,52,241970,confirmed,
68,0x9ED4B5621d6DE1bA232bFA30D239887176cE9674,node08,8c5de763f048964db9c7edc779506c8cfec6237cb37829da6df6ae6693267125,0,1791366423.4567578,1791366440.9826934,17.525935649871826,53,241970,confirmed,
69,0xf1E61A52E1a89b3A60b896075c2657d31DC4671c,node09,b72639c104aa6f3527691f6e8785d0f9e48fc3c256b5ffdad31c581dee275430,0,1791366423.464952,1791366441.0089812,17.544029235839844,54,241970,confirmed,
70,0xE8c4b46cF7250397bC0AFA44016a2609C6A2cD32,node10,1c5212152247cb75f951053d1e3c6c83c2fff1e590f7ff9b37f22f526ca273c1,0,1791366423.4671426,1791366445.563849,22.09670639038086,55,241970,confirmed,
71,0xb8385F059d5e1B8Ae7aa9B4B9C92B504dADe7cAB,node11,560a45e7273d72bc384f56bf74d42f0f86583b5c057a0419809e6af194dcac15,0,1791366423.4689872,1791366445.511743,22.042755842208862,56,241970,confirmed,
72,0xf02B77cd50E87383D4887e3a495e8F2dDA27078D,node12,3e8e69ecd40c82c1388a436edf8de10d67d3b9de686ea04ce40a9a6bbe70e7da,0,1791366423.4709525,1791366448.869881,25.39892840385437,57,241970,confirmed,
73,0xFa31d586DD603f8099a56bEDcEEd6140c75e0890,node13,f4c6605bae0ce15ecc4449ffb08d2e27ba9840c7472d69cc24755a3be6e3c03c,0,1791366423.4730933,1791366448.9390824,25.465989112854004,58,241970,confirmed,
74,0x5A5A5A81407E4B7b6A18348637c3d92d9ad703E5,node14,11d815ca871e683e7b8fef3be4f0d84c9e7d74c6f88c88562d5e3e348b345d2f,0,1791366423.4804065,1791366451.5133517,28.032945156097412,59,241970,confirmed,
75,0x7fd2BCE8d9195A8F1d8B71A37ce5a55C9D1Bee4C,node00,4dfdb4f89e3c13d563f440c29e41c3eb8facb783c32d60a40194dce140e18e30,0,1791366423.482183,1791366453.8741186,30.39193558692932,60,241970,confirmed,
76,0x84463767E8C6Fa7b51A247D86adcC4982D5A832f,node01,c063d305ae53b3e0c71967bc31a134cb151173a18fa6910241fd5e3e3ca97827,0,1791366423.4830217,1791366455.9083178,32.42529606819153,61,241970,confirmed,
77,0xB1481bDa2d219eDF2400D6e7cCE0056C41a1A0A7,node02,3322c950a6ce945beffbe305db4d1cbdc25427220c5d6860ba7d6f639ad8f4ff,0,1791366423.4843376,1791366458.6294441,35.14510655403137,62,241970,confirmed,
78,0x89e2dC67d55B2140f788CcA3d2C8d53e35669fDc,node03,d215019f2a8f276b2afdf18b353f52e6eaeefad0c40592d75637c84b407a83a0,0,1791366423.485018,1791366429.0220606,5.537042617797852,48,241970,confirmed,
79,0x2B6ea30eB69CC4073960B33803E1c7AAF89001Fd,node04,446164728562705bd4df52bfffbc8419ff37cc3d05f4d05dc21e8fc308ec4bc8,0,1791366423.4862182,1791366429.1054564,5.6192381381988525,49,241970,confirmed,
80,0xFe74ef07ed65696CFB77912F99Fb738E3b5e748D,node05,6c3d73d6e63cf4240fc4329ff8a0c600c15fc3d3db0ae5b7ca19ea90517da176,0,1791366423.488332,1791366435.4792788,11.990946769714355,50,241970,confirmed,
81,0x92Aa6d50978AE0c27f87C3A171BF837a4Bf1e474,node06,135d80257b27388890d856e224c11d97433b4e8aea81b0283d7974dfc5066b3a,0,1791366423.4888394,1791366435.5315497,12.042710304260254,51,241970,confirmed,
82,0x0bdEDbB860a52DCa17dFD269446809044130E39a,node07,f45b15a1f2b5655653eb3f20f3d5123dc10986c58a9a13f43ba9ae71685ae782,0,1791366423.4911118,1791366435.5362906,12.045178890228271,52,241970,confirmed,
83,0xBE04eb2c9F7f61396b6aC7C7f64031D846878428,node08,bb15079067014ca03047a6cf7621ef9392fa4f0022d3f69a97e7cc6bdb34788e,0,1791366423.4919763,1791366441.132743,17.640766620635986,53,241970,confirmed,
84,0xDBc421A9A88D331A8B5C2366a63EDd8C8c976dE0,node09,8c94901abd0b853567a8074ccde0c0cf7b99b4d61211e38a3cb0b0a5110a8b3a,0,1791366423.4952495,1791366441.1056159,17.610366344451904,54,241970,confirmed,
85,0x2923981830E05Bc6c7515c520a6ca66E2d93E3BB,node10,bcd588856aab8c0550f5c4c5fdb9fa242d28fe63ce817613a374e10ff190cc4e,0,1791366423.4977527,1791366445.5073934,22.00964069366455,55,241970,confirmed,
86,0xeF0A1B756E0D6E73C34E602452700ddf4C0046c9,node11,bc23bcf457a298df6cbb0bb6a3ce60a255bdbf86a34174c283c4f2df278bbb97,0,1791366423.5001645,1791366445.475962,21.975797414779663,56,241970,confirmed,
87,0xF8Eb2d062035a7dE531e967881700d8B760e9b7F,node12,b798c3c39692ae385afb6a5618580225eb9bb337fe005b722e17444f4af04f60,0,1791366423.5012488,1791366448.947492,25.446243047714233,57,241970,confirmed,
88,0x4EB4FcA3118b5c8A2e2A930347A84164D1A44E4A,node13,9986500868acee3f68f3d5f5c2b8edecbed6e39bbf950c96987553177837e09b,0,1791366423.5033922,1791366448.9433968,25.440004587173462,58,241970,confirmed,
89,0x434FE43962c14Cd525e11FA4241D758AEd764062,node14,0ea55fc7ebfccb003cf93037da7bee2abd305a4aa2d3bda5d7fd76bd31a5e5be,0,1791366423.5061579,1791366451.567467,28.061309099197388,59,241970,confirmed,
90,0x1fb5D0ee3f7C38052539FE0D0974F54B4D879adF,node00,0e9550cfd475e3abfe0a65daec0285e48c060f1e199135bf452dfa937eabd64d,0,1791366423.5127594,1791366453.85776,30.345000505447388,60,241970,confirmed,
91,0x4432900737BFc28509D5C0f3AF51565F59c32c58,node01,81977d12e58e5f5d35aff71c88f24130209058af7a6ee320fb4eb701a4ebd924,0,1791366423.5146384,1791366455.7115157,32.196877241134644,61,241970,confirmed,
92,0x1765212377AD2600FF04F4662961A09DE2F4Fc6A,node02,4061152e4cb02159d5c9d26a5e98e1c4c6191f9dc8d43d87e98a2e53ac056f31,0,1791366423.5167508,1791366458.602753,35.08600211143494,62,241970,confirmed,
93,0xbF264bb22aEAC9C17A7556730Fc0A3FBA3701Da3,node03,ec6af28bb1602c9352761b458523cdeff046ba59b0f1c03a36f398396475b621,0,1791366423.5204687,1791366429.0890632,5.568594455718994,48,241970,confirmed,
94,0x76e45a7EAd9FEf3310513f1f711460F669B67d1d,node04,58074544ebc0c3612438d90443d9cb655c2f5c69ddf9ed9264f13c0c6947e8b9,0,1791366423.5233219,1791366429.137343,5.614021062850952,49,241970,confirmed,
95,0x477D8C9B0a7f96D74936bce2F299A3eA1f784f19,node05,6cae6525f0538d23c402acbed72b381330e6d274f111177c688653e9c9be22d8,0,1791366423.5244524,1791366435.6643786,12.139926195144653,50,241970,confirmed,
96,0xD56044c7fC11902E172d3891b4FE25f691d15d7A,node06,5e7afa86d20c9eedf78434762f9fd4f46de9708fc56fec9dc4c771925d5c4e99,0,1791366423.5262938,1791366435.5298245,12.003530740737915,51,241970,confirmed,
97,0xE585484d4be1BBad0CDa2C1f8Eed1726edc96d50,node07,50f4f5a8df7f98a36eb61af9c2873dc9746c3ce441d8c709dcab6dd3045eeda8,0,1791366423.5290956,1791366435.6523392,12.123243570327759,52,241970,confirmed,
98,0x205dB42Ce2a628E3C6c1e2Dcb4FB8ACbe7174cb4,node08,bb1413a43f76687da26840ab002d749e2046bb6f2e624f973edc32bb64a7f159,0,1791366423.5298986,1791366441.0397177,17.50981903076172,53,241970,confirmed,
99,0x92E0830FD54e3ef843b91527f8a1ab8C191ADF73,node09,07ef10fc66ff74f3b6de77e81b0e078f7dd2723b437d14cd2acd5f563cb64c16,0,1791366423.5330548,1791366441.0861402,17.553085327148438,54,241970,confirmed,
100,0xF6a95a165dda881334d97EB317F9546881296d99,node10,5133bdb13dcd672a747f57cb40af874e6b177d398cce2c6b32323708c3697b56,0,1791366423.536373,1791366445.5297287,21.993355751037598,55,241970,confirmed,
101,0x7c9211C18ED54804a17e96D91422977AED9Ee3d1,node11,f571f2576f0f131e857a29c6a9bea34759dfebb3b2753a4edb1062db7390899a,0,1791366423.537841,1791366445.5699728,22.032131671905518,56,241970,confirmed,
102,0xc9b1B3687ee4C808470efE39A66698f6b3Ac86f0,node12,ebd334cecc8fee8048fd82dffdcbcccc7ec823e5ca7e2b4c7167b3be03033e2f,0,1791366423.538777,1791366448.9445014,25.40572428703308,57,241970,confirmed,
103,0xB71c376D6FAF2a8ae323EB944DD4AacEc9C54775,node13,6c0546562ef1488e7555e343621cd8f287591017a6335785abd89942f873277c,0,1791366423.5408647,1791366449.1384728,25.59760808944702,58,241970,confirmed,
104,0xbfe336ce278533194482Cd46c9FAD3F7e5D1CDb0,node14,1bf9a4dcfb0e8e0960845fd99819d261d5d00eec6b9e7d767221185ea53e4f04,0,1791366423.5415905,1791366451.5322244,27.990633964538574,59,241970,confirmed,
105,0xed174dDB350438CbC3128e8d5e0C3ea57D1B997E,node00,f1d5c290f154667f80bf5213df0c8102a10031159aa98c88ac651dd23ef314d9,0,1791366423.544048,1791366453.8606203,30.316572189331055,60,241970,confirmed,
106,0xcd3e6520f3F7eC91CE132F04243d3a480eFF46a4,node01,a29c4d6a89fb2a64b70497abafa33cd5df7db8c316747d5488e7246dada5de00,0,1791366423.5455925,1791366455.668335,32.12274241447449,61,241970,confirmed,
107,0x5234CF00a6030B8292A243Fc910D460B66fA7d42,node02,f4b4aebcb2dab20dc21ac1c60ebb044c929cf9cd210d4cc3143e9e9c641f07fc,0,1791366423.5484893,1791366458.6106641,35.062174797058105,62,241970,confirmed,
108,0x8cA87b80d383f31E5070b08c97b47f025b2a9901,node03,8e2d673ed25f36bc32f2d68403e9bdd4f983faa2671b080ab368deb30f08f158,0,1791366423.5502582,1791366429.152588,5.602329730987549,48,241970,confirmed,
109,0x1D5e9Beb9D3c617a7152bdfe1fB911864F00B444,node04,50cc17d0c05a8242952ac43e93a09755a04d31dc8bf2d564e2b9aebe7d7aed8d,0,1791366423.5513828,1791366429.1236744,5.572291612625122,49,241970,confirmed,
110,0xD4BE1D486e3F177aA485A2042ce3B0d0ff72A490,node05,ce572db2cc4010999d62d6c5cf5a83ffa33509bdde1e9a1106b6c0dd72fc3e9e,0,1791366423.553635,1791366435.6754851,12.12185025215149,50,241970,confirmed,
111,0xBD78723D05bb8747F7d6411b2E24faBc9918fDea,node06,0c9b0e458edc22d058483ec473a0af2769115dea259155b62fabb6b7cde499f3,0,1791366423.5588317,1791366435.6027052,12.04387354850769,51,241970,confirmed,
112,0xe2D2F9A3994B345404BD2A51004d968142016731,node07,e7d77e2dfb6c1c79b43739eed9fcf6eef8109d829284f33a8d67d4019be96d93,0,1791366423.561061,1791366435.5771284,12.016067504882812,52,241970,confirmed,
113,0xAe90a22BDe3Cd3eDdF1Cc97f9a4B6A9e5C3b69A6,node08,2d967397e278b083ff5f1bf4803b2303c4a2df6ac9dacc158f04208e50da1e48,0,1791366423.562656,1791366441.1783495,17.61569356918335,53,241970,confirmed,
114,0xDD145c7dC15799D52d939599fdB7f5E033BBc84C,node09,d8e6962a47b454dd60832f5178565471873d4e66ef3c902184dbdf6183e96cb4,0,1791366423.569696,1791366441.1574624,17.587766408920288,54,241970,confirmed,
115,0x22e3EE0a42374E7784A97dd40b726df4168BE966,node10,ed8910ab8b7779a6b690b99526b7c0ead3636dbfb8c6f9c6a5cc2dae8cd92e60,0,1791366423.571777,1791366445.6007965,22.029019355773926,55,241970,confirmed,
116,0x3233037E431C8f6391Ab8696636b8cBf69B5f9f0,node11,f978d156eaf3ba3de7fb78007bc242ab48c806767bca0b0fda9582d88b39a6e1,0,1791366423.5743575,1791366445.736771,22.162413597106934,56,241970,confirmed,
117,0x909A73964455c1eceE5D4a7101E79F77E9aA8BBB,node12,7b39b657e18b52698a0a7054616aac0e3294010bc1cc11898924f99528a3f23d,0,1791366423.5759408,1791366449.0285313,25.452590465545654,57,241970,confirmed,
118,0x731FB3F37CDba49aaae280aD046244e94aB400cB,node13,83767791503769bfd9b6f343585d7572d0b322924ff6fe78c50fb9f348b64328,0,1791366423.5774543,1791366449.023996,25.446541786193848,58,241970,confirmed,
119,0x44bBae82B529c23d4674A1D553bAa4eEfcaE6526,node14,e1e32ec5fe73af9dc7fc7fa21339c3ac7eda3d2f72022aa525d79ba902d047ec,0,1791366423.578815,1791366451.5800128,28.001197814941406,59,241970,confirmed,
120,0x14cdD569Ab444e758842855a3d0C22A90993009c,node00,04d2977fcfe1b95ce67f61b48f83e8871637fc3a545662f9a194787efdbe33d6,0,1791366423.580322,1791366453.8471963,30.266874313354492,60,241970,confirmed,
121,0x09B56Cf60c379036a719153fF48D94D2e4FE8284,node01,c72c96d2a9b2ec38bc6dd7ba6071e2a13049123a3998d03c42bed410f9e2b0d5,0,1791366423.5814188,1791366455.7194898,32.138071060180664,61,241970,confirmed,
122,0xC872e1e3D0cF1B13D46F11D47c0958b4C5B9Be5E,node02,95b914035d516246c6eca4368ab5e39f45fe8e73cffa2265b3f3b8a302efcb2c,0,1791366423.583303,1791366458.6366212,35.05331826210022,62,241970,confirmed,
123,0xD68a912CA318A4eC6da4A320c8d4E0c2B3cDCc37,node03,2d546c6bc5b81e887825446b147a3889e1f03523b91a27c280e87cf41244066d,0,1791366423.5846536,1791366429.1433694,5.5587158203125,48,241970,confirmed,
124,0x8Eb71AFf7bFcc6B9bd9208906E1393F829A27f9a,node04,986c4efbfd3b4c2a7512f5ad296e25d3b88f7698bd48b5905db37574caaf597c,0,1791366423.5868163,1791366429.1669297,5.580113410949707,49,241970,confirmed,
125,0x81F6d29e1dadac2Bb8f92c9E080c378a974127C4,node05,0d20900e74435dc6f092c1fc7af7bda92f04c3452493417635b56f0392ca67f3,0,1791366423.5917308,1791366435.634361,12.042630195617676,50,241970,confirmed,
126,0xA96afEEeFAc5B722f572e7DaB98B1A9d0F802221,node06,3ea00290acf09052913af07ed013cfed43efed7ee2f95daa421eb8ab4db75c82,0,1791366423.5931304,1791366435.6418967,12.048766374588013,51,241970,confirmed,
127,0xaB4a684c2F578f440c4e05168E36185DA2B8ae20,node07,fdd8d0dcf6d26098a825878169fb11af8817cd5bb039236b462e9d74f91c4070,0,1791366423.5944207,1791366435.6397507,12.045330047607422,52,241970,confirmed,
128,0xc626721454AEDf8CcDcd0EB77Ed02587320B01D1,node08,15fd74f5332bad129098b41a4360a65d5928bbb83e01a1ad11603d1bd070f5a0,0,1791366423.5961335,1791366441.06727,17.471136569976807,53,241970,confirmed,
129,0xb9224595E28B526e3D46134448B32Db63d678419,node09,9848771c491338c4fde6f036e920dcdd8baaeb986ed14b7e3639042016e9016e,0,1791366423.597927,1791366441.1666634,17.56873631477356,54,241970,confirmed,
130,0x8849d9248931fEB3C22342caB82791f011D988fe,node10,380bef9fe54ecf398dc8434614e99a8610ee437fc534c7a91a82caf2d0ef71b0,0,1791366423.5992427,1791366445.5976574,21.998414754867554,55,241970,confirmed,
131,0x9f392E3ce25922cE2a3Ad75a3c51595E194828A5,node11,b26ec0601b1ad270ba849630939db03a39e137a1d690c8fdee13fce57d384c7f,0,1791366423.6017358,1791366445.7815893,22.179853439331055,56,241970,confirmed,
132,0xdAe33848af1829A0A54f18F93B74DDdb9D1051fc,node12,e0800db0c332f1659fc84490578856597af7174477103f82762d7b956946f8a1,0,1791366423.6034756,1791366448.9804032,25.376927614212036,57,241970,confirmed,
133,0x195d0D2b19459514D6b9ed7321F85594B2E7a9D9,node13,b7dd0d032f2d5342faa6e63f8ad180a96c61b8d19f5d15e3a3c272a834457cea,0,1791366423.604796,1791366449.0863867,25.481590747833252,58,241970,confirmed,
134,0x5c0C3956f80E60c0D3823f5DeaBbFf8bb6DB72F3,node14,9642be38c89976848f2abbbb27cd2ede02172fda9ffa76212b71b0355e463cd2,0,1791366423.605928,1791366451.5646107,27.958682775497437,59,241970,confirmed,
135,0x416F94d8B7B252319b7387db95E80cA2Dd2eef3F,node00,c7b6b7e85d7d5827b73794c9383504e33aa8206b14ca645825f095d484e1f14d,0,1791366423.6077611,1791366453.8704698,30.26270866394043,60,241970,confirmed,
136,0x84C33fEbc501b2Bd07bEB3dfc8F8D2AbE44ec124,node01,062fbf24f24f9143074516f223abf9c54ea2ec4ec26d1a228345cce05f18336b,0,1791366423.6092274,1791366455.7648494,32.15562200546265,61,241970,confirmed,
137,0x5d7eBC13E18e84f2bBeD375536Bb59fAEF75aA53,node02,b37e06327a84a9ffcf5d8e5fee78a28627101bf5491397dae8d6783880141aff,0,1791366423.6109073,1791366458.6089654,34.99805808067322,62,241970,confirmed,
138,0xaA80218f3ce00F13f6615c911F8D638aF25c6501,node03,519693d4d96f7742815e632754f0d858843b7c8b8ff3bb71058de8c99b51c03f,0,1791366423.6133473,1791366429.1688073,5.555459976196289,48,241970,confirmed,
139,0x4dac63751ddB5c9F783E48Abd4bBED4794b95b1b,node04,013a10d91116585d21d3d6ed0d96a5529a27789ac39325e5e810bf67bacf1502,0,1791366423.6153579,1791366429.1844728,5.569114923477173,49,241970,confirmed,
140,0x5910b04bf019EB93926e1E1f4fCb295652ace974,node05,8903197e6de19d72a3dca0eee753bd374f5989ad1740c8e4733b3307e41ee39a,0,1791366423.6169384,1791366435.6593564,12.042418003082275,50,241970,confirmed,
141,0x52464f9E1a6754Ad0482917b580A39Efb788eD52,node06,2680380709ef4f89437320628eaa443cbb2100efaa7f4ac8a3e7048d2b319f48,0,1791366423.6192496,1791366435.6361318,12.016882181167603,51,241970,confirmed,
142,0xAdFa0583f47b07Fac8c0C7A629538aE899d74a92,node07,28a9eca9ff03840280f4b415978b6863e5a0da98215f283b2450dac7ef2e82c1,0,1791366423.621398,1791366435.6007416,11.97934365272522,52,241970,confirmed,
143,0x9Aa6423725c01265B4773CD9AB90d96F38E7131d,node08,e0bb776a57138b8ac40fc66a2fc3c74493123a14b7e97b822706027b0f712318,0,1791366423.622582,1791366441.214819,17.59223699569702,53,241970,confirmed,
144,0x3F93c41b181083fCF0bdAEea278bbD9217638b01,node09,2161260fa9d303841af5a4e427726b67978c784a74831e7c8dd5d3e9d148e5ef,0,1791366423.6248295,1791366441.2008593,17.576029777526855,54,241970,confirmed,
145,0x32B851a5b395E94adfDeF3846C245c20CFadC061,node10,c743a12cb4b26a8f011dc1903ff7139753a218ceeefebbcd2cbbb7113bbcb54f,0,1791366423.6273816,1791366445.6030178,21.97563624382019,55,241970,confirmed,
146,0x39E8c55A5B96F0570B82DD8EF13abb72f4E5aaC8,node11,225da48fb46e1812f059aee21a3eb255d208de31b5fcc9fb310829f0b5e75a4d,0,1791366423.6354349,1791366445.6696317,22.034196853637695,56,241970,confirmed,
147,0xb60A52881225Bda936b781b9E00ec3f7a6656436,node12,53ee8495bfba504a2ffae4c51094a4e1590a64d64012791f3a1fc582abc3d1b5,0,1791366423.6375678,1791366448.9936652,25.35609745979309,57,241970,confirmed,
148,0x1D7fFd09a12e7f07490af2E6E871D64C5222B030,node13,91ffa611a3312ed5a820f619b2cf8a1cd29b5b50c62cd9a7606bb31c3480c7f5,0,1791366423.6387923,1791366449.048601,25.40980863571167,58,241970,confirmed,
149,0xc1BE6b1CFc596FE880562E6dC6aCc605B05562dD,node14,3fd664333172c21e5a8927acf5f5f03489ad299193056c857aef8867239ede73,0,1791366423.6420214,1791366451.5556056,27.913584232330322,59,241970,confirmed,
150,0x4ABFE05BcaE0A32e9fdc688d1e4c725475A2f6C8,node00,c5bd7fb5205296101fbec9d9da9f2f54727c40a14666405113f26ec0cda27595,0,1791366423.6442778,1791366453.8775258,30.233247995376587,60,241970,confirmed,
151,0x607cB2AE8eF4dFB22347314b453fA9Ced59d92FD,node01,256aece0fe24760f6c150d38eb371938349a1c1d6ab2eddb897b998324e45dc3,0,1791366423.6454616,1791366455.7874043,32.141942739486694,61,241970,confirmed,
152,0xc30b3451AC658C05e495240329BB6821cb6FA8EF,node02,3ac38ceef57f05d844facf183dd0af888d0181b4f4551dedd2e62ce843092546,0,1791366423.6461349,1791366458.624793,34.9786581993103,62,241970,confirmed,
153,0x79Cd7160C51857FbE017648fAB91d14D09fBA78b,node03,1e11a1c808efe67729a7bbd9f827b08830894818dbfa4f4b4859e1b3051a57ba,0,1791366423.648198,1791366429.2414825,5.593284606933594,48,241970,confirmed,
154,0x86Ea3fF59d52255B228027C59318aC5dfa40D54d,node04,e3cc599c55fabce22e824a9ffdbdfc2c69bf10d0a76207f87ea54061a42039e1,0,1791366423.6506956,1791366429.2476797,5.596984148025513,49,241970,confirmed,
155,0x285c39339ED2D283839BB67fc1ff0B98c8F68e82,node05,60cbed22d22fcff0cf7e8fdfd8cad130f9e893de261757e73f6fb787a0a870a9,0,1791366423.6519368,1791366435.686836,12.034899234771729,50,241970,confirmed,
156,0xdbf0F9915aD656B015d02503C361D88a7FA2711D,node06,3f4ebe64c68ed01530bb18ff9412a020ce3599b33bf6fe2b61c0a1474764ab92,0,1791366423.653307,1791366435.7223065,12.068999528884888,51,241970,confirmed,
157,0xD303CCF4F4D49fD013D711850A60f0d62c65a76D,node07,21f398118aa3e7227d2d7f1b3fa4cafdf6ca12dc58c79f45277fbd3b4e6c7904,0,1791366423.655753,1791366435.8016112,12.14585828781128,52,241970,confirmed,
158,0x12eAA9D8d08505778C1d42704BF28C04E20f6970,node08,aa74a69ee3253e187f57a232eedbd4029bcdb62973967ac2af3bc4c8773684ca,0,1791366423.6564453,1791366441.1871462,17.53070092201233,53,241970,confirmed,
159,0x43948304d70e1fA36929042985e55B6c1902Ca95,node09,a934b4cb085935d6e9d6bb06c376abc63ff526e6b9eb793b6340bd10f509d02d,0,1791366423.6594136,1791366441.1496427,17.49022912979126,54,241970,confirmed,
160,0xaC73E0E896B17f0273250A099624d79507036E2a,node10,b834466bbd560e013359dfd0bda8bd40983fd80610e5a2100fbd8f52a1c5839c,0,1791366423.6617093,1791366445.6363783,21.974668979644775,55,241970,confirmed,
161,0xb18cC45d38117783360C5c25e5ca43A24113D764,node11,542017ddf16374fd3441d644a3672333bc8a69f6cc261e39bd4afc63543daeda,0,1791366423.6641748,1791366445.8127022,22.14852738380432,56,241970,confirmed,
162,0xf035455bA41e3Ab45b26E05814917dADdF59E3b8,node12,95e4071f7a51405f06e3019adeb476813dcfc13e745f5f8697163ab6415767ff,0,1791366423.6722372,1791366449.135826,25.46358895301819,57,241970,confirmed,
163,0xAdcdF47eBC2d7fe5b83601c9c28E3879Eb4A0922,node13,f87eba8f581a4a2afba71bf31de626ce59eb0df7e5c4a8602206766c14f96156,0,1791366423.6759388,1791366449.2101738,25.53423500061035,58,241970,confirmed,
164,0x4dd43ec50F12dD158468f7b96a0b06E5c4e61Bc2,node14,d61819592c548246d2a2ecd1ec969f1035ee01acd4fc10595f43a6597de448b3,0,1791366423.6779299,1791366451.5998855,27.921955585479736,59,241970,confirmed,
165,0x5CD2BD8C1Ea5ac5b263C6c504929324846eBD0AF,node00,9b9c710566e8bf68295fdbb90d93ecc2e71c9922c45e1ec1f31fca14710f543b,0,1791366423.6796944,1791366453.8872745,30.207580089569092,60,241970,confirmed,
166,0x33E16aAbD317C3D0C02D211924E67c715c2ef678,node01,561a90c9931c02da0634d336f6084d369842c95567a9be85513c7188a3b29f9d,0,1791366423.6813812,1791366455.8142745,32.132893323898315,61,241970,confirmed,
167,0xa20BDEE61A0A7465C9eE9B741fd602DA11C46814,node02,6d309f45c5fa38fcfdbf796548e232436634be519453f8c6404ea9a5ae0be8ac,0,1791366423.6828413,1791366458.6570315,34.97419023513794,62,241970,confirmed,
168,0xc5c512628ACcdA6f75c9141DBac0e29F49033A38,node03,6ead6e0866cd7b34756b3b8575be34f03c70ec7b1643e4d8cc787b5d4a7d9fc0,0,1791366423.6842647,1791366429.2918217,5.607557058334351,48,241970,confirmed,
169,0x0beaBb240730b998c4292eC65f3100f6dEAAb1B6,node04,40de252494dba65122b0addcfe661bba373626f4d773e3699130bea9a0a6a817,0,1791366423.6859617,1791366429.299513,5.613551378250122,49,241970,confirmed,
170,0x1a120383BCb1D87967a1FCB3A307B13aC9B70A00,node05,fd328ddbfdc8f8dfd239369f5e7870fbc52cc87fde4372cbde147b7fddbd3a9d,0,1791366423.6882398,1791366435.7300272,12.041787385940552,50,241970,confirmed,
171,0x9Da9744dc5e327e885568CE8E96F429A2C72376d,node06,b3c440a56f72af7e9f7f29472448b506cdfa0e8e233580ece3bc1e82292b6c12,0,1791366423.690437,1791366435.690896,12.00045895576477,51,241970,confirmed,
172,0xB1dBE5978F663F51A984581C1a023294899fD8C8,node07,5c146a4029f555cca391529f11d957863b50df2f26f9420678ae07cc829ed49b,0,1791366423.6917305,1791366435.7913878,12.0996572971344,52,241970,confirmed,
173,0xEc915d6826bF60894e0979eED8ac6Ac62e4Ecf17,node08,9387f7900f234aa568aeec3a951556640da8f0aec1055a2afe9d2c63b2efa405,0,1791366423.693422,1791366441.192257,17.49883484840393,53,241970,confirmed,
174,0x9ebEB4870D3798eF70Dbc0ceA2dA436689520eC9,node09,b3947ff5212bc3dc82e793f98c8d14697f38ef0ab048a7f6570e2eb4d5be8ccb,0,1791366423.6953335,1791366441.3667994,17.67146587371826,54,241970,confirmed,
175,0x13f880Cb044781bcf2df92110424f68F9Db2D147,node10,d3390e5018a073dbbaa197ffd969670aa13ceeb5058c6aae4ce339fcad020225,0,1791366423.6974907,1791366445.728387,22.030896425247192,55,241970,confirmed,
176,0x052f4bbEd846C817280d727B8bf666830830BAf4,node11,3b3985f82abdc8dac35b6789d2eaa8bacc17d49d9ae7935a493069ac98b4a17e,0,1791366423.7005258,1791366445.6599011,21.959375381469727,56,241970,confirmed,
177,0x57ED19c99bfb8dc5F65A03306B39338EA8107a39,node12,fca8eb5f032779e6efe35e55f299b06a8970794c3c8f6b154e2151038b31ecc7,0,1791366423.702829,1791366449.1642716,25.461442708969116,57,241970,confirmed,
178,0x85309Bdd940EEce9E1ca6543FeE311D03C40CdD5,node13,20e075d189fca1c5bfa9089ae275ae06fc0decffbcf8d230e341887ac244c18b,0,1791366423.7052698,1791366449.2369306,25.531660795211792,58,241970,confirmed,
179,0xC65b364293CBB641BF177892c61ca691e6d2fA70,node14,65c20b46579518f6d90f8f18957df1cf5bd2a1489e2ee06d4167079617428bb2,0,1791366423.7149513,1791366451.582899,27.867947816848755,59,241970,confirmed,
180,0x293138772e81F37FA72Ea466c694033713728f62,node00,809a59a84aa12bb8ba16b5efe686262e97bc759da29d90efd32f3b0f77753569,0,1791366423.7163885,1791366453.9061346,30.189746141433716,60,241970,confirmed,
181,0x6009d04B672D7398EAe92F438431719C3B9A9328,node01,e835d6280c35345e042a7e71dac6695b746793bf1713d2153565f2f9a35fcaa0,0,1791366423.7170813,1791366455.8663545,32.14927315711975,61,241970,confirmed,
182,0xAA88AdedE2200569f3C6f10C11c8d224Ff459885,node02,e641a20f2ee261f65b5be408349048f98ee64a0536f91d553d827958eaab04af,0,1791366423.718217,1791366458.633009,34.91479206085205,62,241970,confirmed,
183,0x83b13180b39af538bAC73B5CF64d61CB3eE2AF05,node03,c06c22ee8e43aba9ec7c58319eabcdebbc62ac8467b141186d629d77bfbbd004,0,1791366423.719083,1791366429.3706286,5.651545524597168,48,241970,confirmed,
184,0x810D8d3962bC4b3e6C91Cb5a9a4cc11607B91CBF,node04,a5bfb636fca5e9d01cab6c0b93bbb2192d3ba4a10a939b3f34cdbccc9d30e1ab,0,1791366423.720962,1791366429.2763648,5.555402755737305,49,241970,confirmed,
185,0xB29fA6efc0E9a0047E77d72F4906B521cbA8F34E,node05,6a563553303c8f6766b6e31f114f8c00977af1fb97bc0f53c70f5124367e5abb,0,1791366423.721823,1791366435.757474,12.035650968551636,50,241970,confirmed,
186,0x630e88943c496273Dd11b901c8Df9cbc4414cdDc,node06,1801312c86eef845d22ce29b278ad6359a4084b6d88286035ce9a4a85fe0f933,0,1791366423.7247639,1791366435.776977,12.052213191986084,51,241970,confirmed,
187,0xf25215fb46528656a768b9989934B499EEC87228,node07,319d0792a627acb41ccbefd143286db8623182936a3c7a44110e660daeee64a1,0,1791366423.7258334,1791366435.8491807,12.123347282409668,52,241970,confirmed,
188,0xDb2B99492C9110024e03D839Eb36b85c9a57BBA4,node08,324eb4aa6b0c84d65a520a4287ce5788ea88f020f3b1968f1f65151cb1deafd8,0,1791366423.7272873,1791366441.2157958,17.488508462905884,53,241970,confirmed,
189,0xA3ebE6E70C4EBF22c27990aF188dC6a664a66e47,node09,48de8bd5fa7824a554a163deb0269ad3e71cff65b3467f1db43abe87e96d27f2,0,1791366423.7307365,1791366441.2357662,17.505029678344727,54,241970,confirmed,
190,0x0aDc2d15A762e27487A99A851cAA489596a08E59,node10,f8543614d020ed80777d785747d8fc1960b997f4453027387e84fdd91693ddc9,0,1791366423.7325757,1791366445.7067726,21.974196910858154,55,241970,confirmed,
191,0xb4e2729e49F8965D1D7D6e11b80b501DB1e808aB,node11,5327b71197420889f3bd9bafef5cdb454c42ae556972d9b42a07f011ac7822c3,0,1791366423.7348266,1791366445.7299602,21.995133638381958,56,241970,confirmed,
192,0x37739C1c50dE084fe618C6DdCbF99Ce8D533839D,node12,ed0c82851be9ac805940df95db6e9611950cbf20ec725f5fcb3b666d818dd702,0,1791366423.7353656,1791366449.14186,25.40649437904358,57,241970,confirmed,
193,0xD61A851C4835DcB42D6802B4ca89F2d39fBb3c08,node13,d0a5c9f213b643a91a49691256bf3fb3dd993c12d21943524ecfbfc59424c498,0,1791366423.7361581,1791366449.2186317,25.482473611831665,58,241970,confirmed,
194,0x612B385B9B8a5628434a7F82EfDD739DFB2c0693,node14,1741f1c1c134c4dc2f8eed6a88cdb89a3e3042ddc3c41a37ce09058559ddd6bf,0,1791366423.7400475,1791366451.5745924,27.834544897079468,59,241970,confirmed,
195,0x07D35220B5a1754e6b688B94887548F15e6725Ca,node00,2706a7b74a2ac37b5d0f490311d4f90dca11d5cd5ac49c02db1a1e45f39feef4,0,1791366423.746685,1791366453.918867,30.172182083129883,60,241970,confirmed,
196,0xbDdA85758Ac4b688078012A9cF0C318587E3562B,node01,eb500ea1dffb4396a4370983ce2f3d307929a4e6cbfe5c01199b1b6f25c1db7d,0,1791366423.7485793,1791366455.8367217,32.08814239501953,61,241970,confirmed,
197,0x2862Eb530d67bA8A85d0f690aF6F333e760D0c89,node02,6a10522911336fd1f24c673d9c5b9ddc858a9d18b74f02111e816127d9cccc5a,0,1791366423.7502797,1791366458.622442,34.87216234207153,62,241970,confirmed,
198,0x3aBEd8B0427e6C122364F75eEb9b331CF36EFfD0,node03,e0ddc40c13297f1709f09254e76cdaafdef77316ddf23f68038f8c85aa3fe244,0,1791366423.7528822,1791366429.3336565,5.580774307250977,48,241970,confirmed,
199,0x9E21B338A9E12215a3B044907eCE0d12b982AdCc,node04,5fff7a8597e5a7215fad45a353745fe5f7e0ac49de578eaa72e8a2002254ed89,0,1791366423.7548232,1791366429.3302047,5.575381517410278,49,241970,confirmed,
200,0xF72E1aaf4bd8940615d17d91807Cf37c14AFdAeE,node05,bab26c2527ecaddad29b6a8254282dd87909ccb8957416d4ffbfab2847e45f33,0,1791366423.7558548,1791366435.771862,12.0160071849823,50,241970,confirmed,
201,0x5A8562BcBa8Fce711D2da56fD2A26Ea33d059d96,node06,276c0663be11a4987e113f69c9b8a1f50ed00c1a2fb187f16480298769bf7b84,0,1791366423.7571342,1791366435.7549386,11.997804403305054,51,241970,confirmed,
202,0x094AC41569c6A15C9950816466c1F8497243Fd20,node07,12c91deae7c33b7eee64d48ab9070531b57cab503547aa7cc45d5117033cb20c,0,1791366423.7595077,1791366435.7928386,12.033330917358398,52,241970,confirmed,
203,0x379124b62C771Ab9b6101c6d6455Fd1B2D9871cA,node08,277865ccfd42f9db242e8aa8421008c34503372426f3300ce6a1599a9051f58a,0,1791366423.7621865,1791366441.3172758,17.555089235305786,53,241970,confirmed,
204,0x0B9D2a4D3715C696edcf6AE990d01B9607a25A0F,node09,e8e5db81240572f984f9cafc34da2962b9eab38c168c460d962828b42f23307b,0,1791366423.7635882,1791366441.190609,17.42702078819275,54,241970,confirmed,
205,0xFEE2202ceA8DdC0F8C058eFed458F9cfb2D7f8Af,node10,d756b1a7c678d6611fe1564e91fd95d6cb24f9de08419a238d2eca2000e270c1,0,1791366423.7665389,1791366445.7874105,22.02087163925171,55,241970,confirmed,
206,0x3b1C8E5f740f6F0EAF0e274e32b804104B99BF8b,node11,1be4c2e88eed35af02904980470d4f432e7cf4c6612546630c099441bb1466d0,0,1791366423.7673168,1791366445.8016524,22.034335613250732,56,241970,confirmed,
207,0xFBE426788461edc594101dB771C0f5F6BA2E53e5,node12,30a7ea2a36bbc2cc0253f2e8479b64cedd013091c1ab2609367f20a37c626dac,0,1791366423.7736237,1791366449.1790044,25.405380725860596,57,241970,confirmed,
208,0xAe0eF6F93F540C86F0e3D84dC2807f9E6719c857,node13,ce9269d138f62fbb363514fb7a808afba4d158668b48d3c1b80397ab44b8fdee,0,1791366423.7769725,1791366449.2338312,25.45685863494873,58,241970,confirmed,
209,0x41868D0A70bC40712bB6FA5BB7178e281F7C5854,node14,83e7ccbdbea43aeab996e769d0383bfcb312b80e749341e5e1794cf9d3750e9d,0,1791366423.7801766,1791366451.5865717,27.806395053863525,59,241970,confirmed,
210,0x8433bFF669a2BB53d21eA2B62AD7E15eEf4bf853,node00,cf107d134eff2a037b9cd4b0223b40188ffb252f3ed99921320d04cb85f9e24a,0,1791366423.7813368,1791366453.9431732,30.16183638572693,60,241970,confirmed,
211,0x4a17Ec9208DFf65dB51631C47c67EC69bD9219eE,node01,6d93953e21a8aca99e9f56ed095ee09f0e313703ea4e1d8509c94f34669c49b1,0,1791366423.782961,1791366455.9500113,32.1670503616333,61,241970,confirmed,
212,0x38c3F841f51Bc8a29e5a8C87908C263169e8eFcb,node02,df10b3a466fcb3cc0fd63fea37477ac8d76366a4d373d81520be9ce904998f3a,0,1791366423.7844408,1791366458.6315355,34.847094774246216,62,241970,confirmed,
213,0x174a0153BE7A37855A779F6aBfE9698A020519F4,node03,67f12232b334c3522d711cb50abe9f002e48d5362d3da97d10b80236607c3c6b,0,1791366423.7871096,1791366429.423549,5.636439323425293,48,241970,confirmed,
214,0x07b0510BC8388AAB225bCE3AfFe267C8520A45f4,node04,c0abcdba52b29bbb57898fcec3d019d14586f9a533acc8b01cc7e4f8d02e7d13,0,1791366423.7878478,1791366429.3953385,5.60749077796936,49,241970,confirmed,
215,0x4cdac338A6b02dcc5b7873031b9A0BC730BbD786,node05,bf6374cdf58bf61cc3196c0ae0dfe99dd3affe938c44f6405455e2b83bc82f67,0,1791366423.7893665,1791366435.7842705,11.994904041290283,50,241970,confirmed,
216,0xeb3261C5B25e2cd1eaEe5e436BF03c02CB3A754e,node06,2dd6a29111ac351d9d5460475d69c3bf54c792a3b936b2a49aeacc3e2b18a645,0,1791366423.7940743,1791366435.7962937,12.002219438552856,51,241970,confirmed,
217,0x47699DaaeFA68342F3E4CCcCFB549bF4FdF4E9aE,node07,64a5d32f64e24af9a6fa4ebf85b94022afd16f6401e90d4c2d5715226f1e8f8e,0,1791366423.7976696,1791366435.8082664,12.010596752166748,52,241970,confirmed,
218,0x9dB26CDC6b6ff2210009D8873e5cEF98048D88Df,node08,d5712ba6ec814bc69a9bcc892dc42a3c59412f98c0602d640277c77cc485b55a,0,1791366423.8003783,1791366441.3293917,17.52901339530945,53,241970,confirmed,
219,0xcf8F266100dbB717aED951e36b0Cb6Cf3F047082,node09,1b800df6ba71fbf0b4ed5926717ca10de19b0776cd2f262768f4c9e4ad75ac56,0,1791366423.8042583,1791366441.2793458,17.4750874042511,54,241970,confirmed,
220,0x4a2f768C5bF48069ea66f726704C1c456D9727Cb,node10,bf8c1ad1b0927e908a34bb3c6123a20fb0c5ee5e5c5c8c95432e2c29130336c9,0,1791366423.810888,1791366445.755038,21.9441499710083,55,241970,confirmed,
221,0xf0B30732d352177A850fC433254A60429ec228d7,node11,906af98d8edca43e87c3c7d0cf0c382e4a4b0452369e7f27341345f2dca92d7a,0,1791366423.814595,1791366445.7801523,21.96555733680725,56,241970,confirmed,
222,0xdfc12d51230a30136f11a405dd26db098A2CA626,node12,76a92a88978b7bde8e07689e682160d108a74a4841134389511838ee053526e9,0,1791366423.816711,1791366449.158815,25.342103958129883,57,241970,confirmed,
223,0xaEC4Dd3b9f274e6A28C9EFF153646cB327bE7777,node13,5954cde327329931b177ce534fe665d0c014ec35ee6f2bd738ad39c144cf0af3,0,1791366423.8189478,1791366449.1749957,25.356047868728638,58,241970,confirmed,
224,0xCBF4Ae947A1485f1f4B4f44b7F362fBF8F359349,node14,97efef9f73ac8674cdfa22c8769586ecefb7cbf05b7e3b92a36c6171d05e9325,0,1791366423.822549,1791366451.6106954,27.788146257400513,59,241970,confirmed,
225,0xb136EBAF7B65E47b643281452d74c5FA543839af,node00,2dfe263f384cacd9125229ce2f4f20715c1729d4afc25c14c76b4b36ba7a73dd,0,1791366423.8248475,1791366453.9276938,30.102846384048462,60,241970,confirmed,
226,0x2E881872c734995Db1aA6c712eA3D107F34A1b84,node01,38b3abc4a5a6a8418d723268f6e742b5dddc098720989151ea97606effc6173b,0,1791366423.8270652,1791366455.8699958,32.042930603027344,61,241970,confirmed,
227,0x33e8f645d14337E5b646e8D8F77492b936B72b41,node02,9cbd4619a2670fe907d873437e204da83950e8ef9cd2097f5caca9381214fdab,0,1791366423.829206,1791366458.6640277,34.834821701049805,62,241970,confirmed,
228,0xd46891B5841EAacdD307056B57Bf6Bb2693b6884,node03,7837c0b0d2fca90c01be401eaf4b8ecac353d05098167138ebf6ed88ad324e57,0,1791366423.833858,1791366429.422389,5.588531017303467,48,241970,confirmed,
229,0x2E2Df36818eB0b6F0577E7305a96B190eC742c2A,node04,25c1d136cd27318f60d12e9aee3be06e4e514e449ec7113e0061d9cb932f2087,0,1791366423.8374116,1791366429.4377453,5.6003336906433105,49,241970,confirmed,
230,0xc7cEFd7abC479BB75593af158A791c01d25AFd75,node05,6d57681f0747caaa828fb7eb62b865040418227b0bf3883fb4de949c98fd576b,0,1791366423.8386338,1791366435.8004172,11.961783409118652,50,241970,confirmed,
231,0x774d98395933bBED3c82339bE17CC0563C11a29F,node06,58380241fab3833586bd311a16e09e6fbc734d73a0acf23171913f5300069ab5,0,1791366423.8413413,1791366435.8051422,11.96380090713501,51,241970,confirmed,
232,0x3c50795A3D19FfAe617e89f4C1C331C94fb7F548,node07,1cbf4444f9ff4e4970fb8d56a538bb55de21bab3149484f86e80c911368fe9fa,0,1791366423.8438427,1791366435.8279018,11.98405909538269,52,241970,confirmed,
233,0x1FFdB0d32dA93EE3054bd4EE6c52aBb0d4E94064,node08,772140095a74e6b34f45b4e309e618fec5a312d10980ab1e478e7856a8155fcd,0,1791366423.8457098,1791366441.3814518,17.535742044448853,53,241970,confirmed,
234,0x438056ab61039fEe4141a143b5Db7b7C408DFcB3,node09,2adca56abf5b02ccc64f042bc891fd79b940baccdca012c3b1ef84c77426c05c,0,1791366423.8471842,1791366441.4138355,17.566651344299316,54,241970,confirmed,
235,0x4B517cCF23b3487d7c8BE8aF9bE67aCcDCaF38Da,node10,28fc5047a24a74470386837f04b5891e818e00d40d1cb426a8fea5fbf581a1e3,0,1791366423.8476217,1791366445.7710192,21.923397541046143,55,241970,confirmed,
236,0xfbCC357E1909bF455Cb029bf53Ca1A98FbE3BE89,node11,ed65fe1ea38011c5c9fdc4ea6fd6ae43ee9fe86e7a1a45d68b1db9df710e454e,0,1791366423.8510504,1791366445.785151,21.93410062789917,56,241970,confirmed,
237,0x0D40efEf934AA4C846CF45dC32f5fe8c2a34B5Ca,node12,e21c14e6796177032de23c27aa506098120ce331a1b1436f10e729c9e95270ca,0,1791366423.8540168,1791366449.2161188,25.362102031707764,57,241970,confirmed,
238,0x622df7A4Deb5C6f91FADF5DA2718FfEe1b58d90C,node13,945fb42691b5995c559c856a11a62c7f0007a10fa4d84f8e6d37ad44124d23a8,0,1791366423.8560367,1791366449.2536795,25.397642850875854,58,241970,confirmed,
239,0x546181ef3411e3B9e8A30ABE3F6913ACbe3DA6a7,node14,6c211515b0e39db1ca9a4575db8099119d05a7834dfc921b75e8a2a598ab365b,0,1791366423.8575108,1791366451.634339,27.776828289031982,59,241970,confirmed,
240,0xFd0F5Ce13e7A9859A30E3956585449362bA88fb0,node00,040a3ba5e8093f868fe5349f289096776b0734784ab9612a4b55c3cae00fc3cf,0,1791366423.8587356,1791366453.9204555,30.06171989440918,60,241970,confirmed,
241,0xa0Bd14F1A005dD18105a0d84368981746A863134,node01,039d554cb30bf4c107ed8ced4de51256334abcec2742c47177e9003857e82652,0,1791366423.861228,1791366455.8861396,32.024911642074585,61,241970,confirmed,
242,0x491B986dC42e78C581Aa0D4157C512D566a281D6,node02,7c7a51666b1dd836a6d7447e379919b79d0e3a525ca5f234c78e7fe421f03972,0,1791366423.8621373,1791366458.6614914,34.7993540763855,62,241970,confirmed,
243,0x3Ac2C1F48a381609274375545e592f7b819b2b03,node03,d8d9306424888785f2ad61b872b4461be7fc3742425e7dd432c93cfe525ed152,0,1791366423.86394,1791366429.5112574,5.647317409515381,48,241970,confirmed,
244,0x3EC54097AD4184bc43Fd029190aABc2F576f9524,node04,9d51dafa3d125a8342d1d62afbd8a831b873f66a4cc62e7effe56736e49f2db9,0,1791366423.8679228,1791366429.5425441,5.674621343612671,49,241970,confirmed,
245,0x38964225764F410382d87C6b9A65dBE0911f6F48,node05,7e114a3782c20f9da59713fb3bca0040790deec613ec770edc5d676e6dc296ca,0,1791366423.8693473,1791366435.8639777,11.994630336761475,50,241970,confirmed,
246,0x2DfC009E01DB1a56bCd0BB426819c8d18618bEc5,node06,97a123259b288697c16b87b5256e137e886c5909c9f90189f18277cc28bfd88f,0,1791366423.8703346,1791366435.882504,12.012169361114502,51,241970,confirmed,
247,0x3f43324a45673e8505b3600b437e28f05f82c7F0,node07,96b3bcb2371853574e7873cd7d5f96ac6290c0c65a5e7e4a27862f0437bc7c52,0,1791366423.8723483,1791366435.9914794,12.119131088256836,52,241970,confirmed,
248,0x458Ed45EDe5d3CE7FE8C3BA9e98EA99D52dF4aBd,node08,253fce984ce6a76320b8759827eca47d5f038cb809adc660a063369dd25b1f13,0,1791366423.8743403,1791366441.2974477,17.423107385635376,53,241970,confirmed,
249,0x161d5Cf18C752e8DbF29DFF31b1c3f467384007a,node09,d4a8e5ebe4544aaf990f67e8dcd96fa13ab1a3fd4de8286b2614992d3b3383fa,0,1791366423.876964,1791366441.2487383,17.371774196624756,54,241970,confirmed,
250,0x3B54F0499BD32A3Ca5ce67dd088d6694aB08bFf1,node10,ebacaebde76a95d9b704c71a69663acc5dac5afdb7f315830e714c4d3625165f,0,1791366423.8789177,1791366445.767298,21.88838028907776,55,241970,confirmed,
251,0x0A36FB6a9ac404c483A7E67Bb9977f14C8486515,node11,5745f2061dde1d528a0c39099e022d1ec2f00cf9e48d0eddd27f61c26d4d4a73,0,1791366423.8832335,1791366445.891804,22.008570432662964,56,241970,confirmed,
252,0x088A24088c3757e0A7635124d62eb7bb86665005,node12,decec901ed0a589c44ba9577486b40b608e6b9167762d1b8bc94e59f1a2ec386,0,1791366423.887913,1791366449.227486,25.33957290649414,57,241970,confirmed,
253,0xa54A7922D3834C52320Ff4e453AB2cdc1D33Ab12,node13,f46fc851f0b8705e1f6171d647910565b21e5510ba214b11efe214136bea3aea,0,1791366423.8908267,1791366449.1712887,25.28046202659607,58,241970,confirmed,
254,0x78Fc9206b9264294C8965F5F99E607Fd372618F1,node14,28ac75f9c57adf98fcee60b2621c7f5e609fb06b83bac58e2eb8b049624426b6,0,1791366423.8938537,1791366451.6739433,27.780089616775513,59,241970,confirmed,
255,0x1bAb40A66398575131cE31A7844E8d72C5979eC8,node00,7cc9ae7c4f25d1ea0fca8a88a82489d8ed349d69ee1c88435dcee1f4b828aabe,0,1791366423.8951004,1791366453.9290974,30.033997058868408,60,241970,confirmed,
256,0xf2Cb488e9D73E8Ef57921Ed941b3d93C2f3f298B,node01,b01f14ec1770051b72f8d62f7c46151bc0a3c16c8adcf7e42a55ae1343a93971,0,1791366423.895981,1791366455.8582845,31.962303400039673,61,241970,confirmed,
257,0x443Fdf51aE0Ef9Ca0669Cdc33236007c2C3b49cF,node02,51a82484b1d01181db8ccbc0d96cd60fe0bdb6342a16ff0c812f272e1935fb93,0,1791366423.9091394,1791366458.6681116,34.75897216796875,62,241970,confirmed,
258,0x92F2B0cDcfBb35E113b654928Db2e881702f2272,node03,725b59b465bc223454ba463dd09444aeb2fec87a4072ebb33eb494d9f31f7dcd,0,1791366423.9103038,1791366429.579238,5.668934106826782,48,241970,confirmed,
259,0xf66fCe996F5684Fd8D14e0D266FBaD8D6f1e493C,node04,339e632e7d78afdcc1aac7e8715e64aa7488668f371d032f05e144e06804963f,0,1791366423.9125056,1791366429.4979537,5.5854480266571045,49,241970,confirmed,
260,0xBceB4D432b95eD6259D5d7477aA5242c87C7689f,node05,b8ea468528c8732ceacec3aefa32e856be2bcbfe8e4d4bf3491b210c0357ac96,0,1791366423.9132512,1791366435.9018574,11.988606214523315,50,241970,confirmed,
261,0x686247E27ae3b0787747BFb4191893720027D59E,node06,16ca0599fa95bcc1e781e366b6759daf4ef88c710cce4b3b055b1ff76f7fc540,0,1791366423.915843,1791366435.8713043,11.955461263656616,51,241970,confirmed,
262,0xb5C445b432c9D17388e23b6780da389B2ea25645,node07,b71a7ebc13ccc927d1641322e796be96a3a7284f58050b7633d72c75c9702b01,0,1791366423.918128,1791366435.8250775,11.906949520111084,52,241970,confirmed,
263,0x684aFD02aE635E75eD22596038579deA3A2D8B10,node08,1a17d56996396678bcc3e2b7f47f0b0039be24cd0d11c85237de3607bc7ef6b3,0,1791366423.9214418,1791366441.5011737,17.579731941223145,53,241970,confirmed,
264,0xC7963a2748C4e0286AEe76b141DE6240a5Ac4bb8,node09,65342f1abcd2f36001ea788f4c46ddc062c82261d57bb58bf190b88dcf6dc2c4,0,1791366423.9238048,1791366441.478221,17.554416179656982,54,241970,confirmed,
265,0x493993df5d09Ee2e95dB533De2dCBC06a2Bf803f,node10,350aa80ed51719f78f020dfab9e3742d5abd32f8b9db6261e6bbe1034ba49a4e,0,1791366423.9246533,1791366445.9856074,22.060954093933105,55,241970,confirmed,
266,0xe9561762C2118685601fc3Ba3Cc77A27963a5Ca5,node11,3b8c5231e31dc02e45595b113553249d3161748af08dfdfbb1cdac06f235c05d,0,1791366423.9284956,1791366446.0216627,22.093167066574097,56,241970,confirmed,
267,0x03dFc78EC71B0856A71e5b8Ae1665c2C645a0048,node12,8d769ef104896047578270f5dd0e60a95b85e50206ab02ce8df242d84114e5ab,0,1791366423.9300337,1791366449.2719493,25.341915607452393,57,241970,confirmed,
268,0xf7Ac0d0306BaE0b989Bfe69CB442CeD55cdA22D4,node13,2dd371994e50d1e890da323182d72617d53df4accfc6c4fcf15fa80fda8fe841,0,1791366423.9316127,1791366449.274328,25.3427152633667,58,241970,confirmed,
269,0x3048523980d5Db567c6E8b06765550A2B6F37D65,node14,3dc66e9d7001aa5bf4126778f2fdc25d870491c1d10db40c4cad9048e8de0147,0,1791366423.9329834,1791366451.6406069,27.70762348175049,59,241970,confirmed,
270,0x11A6F5880a0620d74B2F5bBC331Bf466cc4FEfCF,node00,300fa0fdb3db90ee6924fe92adc736da2ab5f9f14d8cf3bad94d75602282afb9,0,1791366423.935653,1791366453.9643564,30.028703451156616,60,241970,confirmed,
271,0xe92D0bC549774d32dDA21E91F8b4330e8d2bde06,node01,92bc661fbdceb7345a47c657cfc4b38625726ed706988d646ee7d1de9c5d6084,0,1791366423.9387972,1791366455.8746107,31.935813426971436,61,241970,confirmed,
272,0x88408A28ec53ee067c8a54F4d20B6979D4891319,node02,39c80fe89159a422c0ccb804c505db914332f94a78a6df9e0b789adb2ca1e260,0,1791366423.942561,1791366458.6396582,34.697097301483154,62,241970,confirmed,
273,0xB5d36dfD58Ed69B75f6D8c11FEccb1F30099ef6d,node03,8b5b8a50f551490e0fb212ce3ca3d8287a01a289fb2f0e93ddcb849fb4738045,0,1791366423.9441812,1791366429.5262806,5.582099437713623,48,241970,confirmed,
274,0x5c1332784abBE6D1887B179f5D66859C7A9E4bBd,node04,d06ad04783ba098c20add61ecba8e89486d02d2f09707dd7cce35e93c3825fbc,0,1791366423.9461246,1791366429.5646074,5.618482828140259,49,241970,confirmed,
275,0x1C9Be0A6aE5754c03ba91a7E2a771580C438fA42,node05,76304cd4434e6fdda8b96df920f3dab2777d031e958ae735849263be76748117,0,1791366423.9514756,1791366435.8910754,11.939599752426147,50,241970,confirmed,
276,0x726924e14cC25198A88390C7D39DfF156Ce0D30f,node06,65099c4385b2d32f003503369518cdf504dd9dd518f7cc06baeb4226ee6177a3,0,1791366423.9532924,1791366435.9203286,11.967036247253418,51,241970,confirmed,
277,0xCa37C1BEEE5D96476CEeEC5b9f785dc3677b73ec,node07,7edede2b53d812dc5e99b238a1aeb0d464d8fd6a91c9affa408dd6e50e16a950,0,1791366423.9583488,1791366436.2059946,12.247645854949951,52,241970,confirmed,
278,0x0Fd3b851D3E588542Dd1CbA7D3f661b7D70181aC,node08,de41602effda06081fa9b17fed95d2419b781b72dfd2006cd8b6d939ba063e8e,0,1791366423.9603279,1791366441.2949321,17.334604263305664,53,241970,confirmed,
279,0x762025684fb6a256Ea3E322bB7dAA517D21a50DA,node09,e7470c3684014d3bd371e57f264e7e36cfe57a22e89cc17715a4a2a313754612,0,1791366423.9618952,1791366441.313643,17.351747751235962,54,241970,confirmed,
280,0x6729A8f38A1a80fa38B3F02dC6794434Cbbff1fA,node10,ba6b3101cce3180da60e782022b3435a213d26862f7298e5e1c789d43eec935e,0,1791366423.963595,1791366445.8091028,21.845507860183716,55,241970,confirmed,
281,0x09Da344aA9f76BCB01cF4F1Be30E31Ce750BC5B1,node11,4037396233e65f0daf5815d75e9f100a0811568aa6fb084f71047f47be0b4882,0,1791366423.96504,1791366445.8873487,21.922308683395386,56,241970,confirmed,
282,0xCb1Db50D3cb14c20F2Bf38BaD2a765b3E0e5C6f9,node12,be469f3eb6928cc001c528aac6e8485d76d93921be36a240e4935bd8db3321f9,0,1791366423.967413,1791366449.2057796,25.23836660385132,57,241970,confirmed,
283,0x95831e0DBac2adfDd7081FaA0f522021E410F306,node13,332917ebef15aa67cde5f7360aaff7fb8b117e95e03a9319df7bfd35931b84ad,0,1791366423.9710407,1791366449.2410724,25.270031690597534,58,241970,confirmed,
284,0x25087310149377D51e5F60Ebd264842e4BCb7915,node14,b413208a4ac5481a66e18b5c50abe6cd0329ec831619826acf15a73245576872,0,1791366423.9732747,1791366451.6524405,27.679165840148926,59,241970,confirmed,
285,0x45304F13aa27CF04Eadcc746e633Ad96E12194B8,node00,56a7b98de7dccabeef9a0e6990ffe5481ad18f940ffb64ff0ecb44d8855147bf,0,1791366423.9749746,1791366453.9414365,29.966461896896362,60,241970,confirmed,
286,0x1077786d958cff27dCd573570A5b2efe30a464F5,node01,64442352039b62214f5c2f770b3c524b7af3a803aea623fe2d079d9eafcbb563,0,1791366423.9817388,1791366455.8316438,31.849905014038086,61,241970,confirmed,
287,0x94EfA0e46D6A41F4E118ffB1845448aE1a063293,node02,fcf9f83e5aed39141882fc9742c26a7236c68b1f3697beb04c44aeaec01f4421,0,1791366423.982693,1791366458.6414487,34.65875577926636,62,241970,confirmed,
288,0x8523f7C1dee6A30AF80fa8E0f4FFd65386A2f2c1,node03,70e8088fd8809b73ccc43ed642b4226cacd6dd735efc333011d791adcb5ee238,0,1791366423.984249,1791366429.561463,5.577214002609253,48,241970,confirmed,
289,0xD7A34C712C049eD0ccFD31cC4fcdd1c93FeB2938,node04,8eac2788ba1254d1b6373f3964396b9cb578aade3242282989cc4acad80f6bdd,0,1791366423.9858902,1791366429.5465844,5.560694217681885,49,241970,confirmed,
290,0x1Abe447005Ac8F3CbD1Efe3cF0a1fbfcD20101Ad,node05,d2f2c21c9659ace6517cd2b83e63efeb177e9d1e0c58f30c62b96759495c23fe,0,1791366423.9873857,1791366435.9857342,11.998348474502563,50,241970,confirmed,
291,0xd40CB771f1f9f29D59Be912DF4CEDC4AeaCB3C35,node06,a49fb57c81c09ffd496d516006501051065633c753427c4c93a518ccf1cacb56,0,1791366423.9894755,1791366435.9637368,11.974261283874512,51,241970,confirmed,
292,0xf7c45e2C96f00F9FF4bca695cE24Ab4790C1edE3,node07,26b6bd0cd682d14400a2d277daa3b385a58c220bdae8a3db35ee566eab410ba9,0,1791366423.9914887,1791366435.9795525,11.98806381225586,52,241970,confirmed,
293,0x818854Ff6ff20559479be9d6f84766f2e5E299D6,node08,cf3580f8b84526dcfd44fef33ccf6705c4c2f4cd6a6aa25f090c60af7e23eb20,0,1791366423.9925635,1791366441.451928,17.459364414215088,53,241970,confirmed,
294,0x49e586ABa6f40718F94808D3587a1Ac583cB7C73,node09,19fff551cc8e6bad7ffcfcfd7747ecd7478282a450e26ae752aa2fb07fd17044,0,1791366423.9950101,1791366441.5611706,17.566160440444946,54,241970,confirmed,
295,0xE690809C28751aa5bb1d4D920230998D96962a88,node10,2210cfbf4baacb683241a848f789cf92b4ef0ac4d582138e70808340826aba0f,0,1791366423.9976141,1791366445.8409986,21.843384504318237,55,241970,confirmed,
296,0xd4DA11160912ae1fe06a64bC4eD0Fe59199619aa,node11,eb90995a27881b3c704432583e24211109eea1deabe3ab4b47f51e2229def225,0,1791366423.998976,1791366446.0156443,22.01666831970215,56,241970,confirmed,
297,0xBa279208d0805036C3301be596A5dc2af8698bDa,node12,d28fcf6e9cee7648f6c2eb36cbb78252842239bcdc2232b5afa88395a5c8f047,0,1791366424.0015824,1791366449.3518825,25.350300073623657,57,241970,confirmed,
298,0x1Df3C85F1B108071937c694fB05F6f800cAa692b,node13,a3872e86d27f9286ec931123dcbfb03f68497fe4589e0cb95b4aaca2be4e1e77,0,1791366424.0055757,1791366449.2937784,25.28820276260376,58,241970,confirmed,
299,0xF7cEB4611456096773a6B7f70b8131269C4E1C67,node14,97caed46f9a98493a195b7a7b2e1dddb70d61c4d6d78fbd6d2ba237f8730de57,0,1791366424.0080903,1791366451.650327,27.642236709594727,59,241970,confirmed,
300,0xDe24d23605D85A9587846f02E1e6014c94370959,node00,68fc8fa37543b30a854db93bbef24f954d18eef6ee3901d70a825572d32bc2c9,0,1791366424.0104337,1791366453.9364872,29.926053524017334,60,241970,confirmed,
301,0x1F24f1C5dBF746E9A1c5a4A77F3167A078B1B164,node01,31f3b120a9e80679c99420885bd870e535f720c2b341935d2d45041ec667fc80,0,1791366424.0133286,1791366455.8871794,31.87385082244873,61,241970,confirmed,
302,0xa2FDAE1664fFF5Bc479aDd1bbfc19C75766B22d0,node02,deb94a4ae63ced219221c8ab6a146c1da720f8618a5b722ea5b7037a3d8bf755,0,1791366424.0158932,1791366458.6868567,34.670963525772095,62,241970,confirmed,
303,0x2b73307B6E777CAcadC91524a549C7Ba7c6b298B,node03,3126fada37ac453f5c6e386cbb76e9cc84661b5020425e2d02d063756f2053c3,0,1791366424.0181592,1791366459.5224602,35.50430107116699,63,241970,confirmed,
304,0x5dC333BD77B43BfEEF977d518b52997D2bBa362D,node04,882d6054ef230508276a45daee3569d4cff58fbf795f1f09b683ee1418c45e75,0,1791366424.0265691,1791366429.676456,5.649886846542358,49,241970,confirmed,
305,0x42b4fd395Aa83B7A9F3c125331f112268AA084C8,node05,bb0185c0cf13e2dc7dc7613c8e837301471968ea17bff704d0b7c38f61f1bdaf,0,1791366424.027858,1791366436.092252,12.064393997192383,50,241970,confirmed,
306,0x489be148d276BA2B3cbE02DE28CbE6830c2e46ab,node06,311b88b0f40d2e506f10cc7de9447f54ed5415c7c61dca5fc96b627f95a7ea23,0,1791366424.0288613,1791366436.2540245,12.225163221359253,51,241970,confirmed,
307,0x73a5dD842B2dDbb33475535033f63B008c622430,node07,80f2419ab9ea7a5708695e054bfc96c314b8c81b8e51ba626ef70f1c1060ae2a,0,1791366424.029506,1791366436.1055949,12.076088905334473,52,241970,confirmed,
308,0x9efEd6920B462D9EDda13D9fd226aa95a428c90a,node08,4357e148f913ed088d604cdd3991423f937c85b53cdf1d2dbac8b698a01befeb,0,1791366424.0313613,1791366441.516652,17.48529076576233,53,241970,confirmed,
309,0x9201b0e1CA6D85aD17eDFc42efCe9CEA2639E658,node09,bd258f12a86bc87a561f4101723ad724d62bc35b4182c7724e35c6c4c49236cd,0,1791366424.0337033,1791366441.5440807,17.510377407073975,54,241970,confirmed,
310,0xAb1C28C9FCd53c879e3A2DF2384b4BC8b7bD3A8B,node10,3c5b5ed0d6274702b50da0a1a30de76c8db2ec882af68360e8e9244ca978809b,0,1791366424.0358438,1791366445.918625,21.882781267166138,55,241970,confirmed,
311,0x572461B39f47e207699F62D92c98ae614a3AF5cD,node11,5c013a935974d7f074f8a2a303ee008c574113c517e3bff6e83a9523e8ad13ca,0,1791366424.0373847,1791366445.9277449,21.890360116958618,56,241970,confirmed,
312,0xF8351b1795Ee5E061794D0c835218719A2eD4c32,node12,94f04cc199516699a84cc82897e2396e919882dcb314bd6d9e54251d2d534fdb,0,1791366424.039385,1791366449.3279037,25.28851866722107,57,241970,confirmed,
313,0xD5DB6687982Daf0d563245783745e641De08D1a7,node13,b1cbac315249c226f4e3e4811bd0cd572b4e99b3bdf94e803050e0c9329706e5,0,1791366424.041952,1791366449.326245,25.284293174743652,58,241970,confirmed,
314,0xE11D3D9d3f4472341d83002Ac27130C318C6c044,node14,a1a0d060f4f65b93c31f24730690c988b182833932e590aa0113881a460b1547,0,1791366424.0441906,1791366451.7376626,27.693471908569336,59,241970,confirmed,
315,0x5075eA7aA2271FECC44C4999F376B27E69A238A3,node00,eaffc5da3f88c49237bd1aa527f51d01566a7ded62079471bb003766a6b5a04d,0,1791366424.0473583,1791366453.9328518,29.885493516921997,60,241970,confirmed,
316,0x58FD5e4D0A11F9269acC6833aA8Bc716913DA102,node01,95c2576a1ea474a00bebf92403f4ddf3478fe695d75f8bda0b4a520a68041842,0,1791366424.0518847,1791366455.9015298,31.849645137786865,61,241970,confirmed,
317,0xD7161f820a959479cc6072eeAa91f49Aa1D31356,node02,ef1ee9b0b5bfdffda26ef3a5d97e3b8084015d6048b9a962980c6eb9a28342ac,0,1791366424.0538316,1791366458.6487565,34.59492492675781,62,241970,confirmed,
318,0x360FE44c792F0D930fc3C7551Ab0919713769D40,node03,c1efffc8d65b2e60030b05808370d1b4cee398d914c3894757beddb5bd25638d,0,1791366424.0548205,1791366459.528834,35.474013566970825,63,241970,confirmed,
319,0xcd5D0C2ee7FeD4b1e5FEf26EBeFB46216D391796,node04,c0feff59d6cd6ccde4bf9d53d3b0e69d55669fabb4c9ed72b7527e4762c4d060,0,1791366424.0569541,1791366429.747826,5.690871953964233,49,241970,confirmed,
320,0x0864e3F8200517b2AC3eE723E112ca4F88230a8F,node05,c92ad880d65a42b0db086022b816a4b70a644f75dbee436c489276fa64e6321c,0,1791366424.0581481,1791366436.080045,12.021896839141846,50,241970,confirmed,
321,0x15586e47920De0c38d1f5CB870A9803f9bA7aA9D,node06,1495ec4e787b033d1e88dbdfbaa4a0152d7cf2407b7575b685b504fdff8735fc,0,1791366424.06,1791366436.1014385,12.041438579559326,51,241970,confirmed,
322,0xF6db7Dd31C96e8589713102b758ede4FdF48b274,node07,f0110724d5182383094bb8423a6f64084e6f2a72d009766ef7e1430b455672e2,0,1791366424.06276,1791366436.138309,12.075548887252808,52,241970,confirmed,
323,0x339cB1D02e9293A287712b48095E356F42B035Ef,node08,815685e11c53f2fa477be4ac712203b64c6cf2305291f3f708f14db21089af6d,0,1791366424.0711305,1791366441.804478,17.733347415924072,53,241970,confirmed,
324,0x168D84c375Ffcb182f341FB2f2D2D9Bb80FCAB7f,node09,16d38542ce429dc0d6df3966346409d55a4054defa33e893ed3aeaef4e46b33f,0,1791366424.0734963,1791366441.480695,17.407198667526245,54,241970,confirmed,
325,0xC5d872Babd9C1D6060D57445D80746cAdddc741C,node10,e03cb6f405fce4fa107258d05edcf4afba4968fc9e4f8f2aa1b021af65f932e1,0,1791366424.074601,1791366446.0115762,21.936975240707397,55,241970,confirmed,
326,0x7d483f0A4F2B7c4f1355686D965A69B6c13d5a22,node11,0427c83ca8652dee6cd010462abbd0e10b3b6633766b513a1b27e059e8c1d6cc,0,1791366424.0774913,1791366445.9145868,21.837095499038696,56,241970,confirmed,
327,0xa0CD840433A1Da69D67209071Aa4A86673591cF6,node12,8f1e948c8267e819a117df999a99af05078567d7ec1d784163279abce667dfc6,0,1791366424.082878,1791366449.3334455,25.25056743621826,57,241970,confirmed,
328,0xE51625DEcc62B1c13d87874FE2962837114eCd9a,node13,417e71df74a03405cd8849573229d6229bc189cb1599d96a50f20b6e89c7be85,0,1791366424.086766,1791366449.3190744,25.232308387756348,58,241970,confirmed,
329,0x6623c65C275a786332Ff95033D178Ecdf06aF2D2,node14,10018b077b85405e5e3a23d3afaf1a1b0f6205c418fa6c72141d4ac70cd75731,0,1791366424.0884898,1791366451.6606793,27.572189569473267,59,241970,confirmed,
330,0x74Eeb42f43C4f0518a30Cb6f8dEe087FCcFa2289,node00,5446eee43b26eed5b1118b42fe308c8cc59f8be8841681ae4cab7e95205f9c7d,0,1791366424.0891838,1791366454.0071416,29.91795778274536,60,241970,confirmed,
331,0xA51771B9C480e3fa3Dfc3Cb633C43D4d4Fb82935,node01,9c6936ae2b7f85cf5858282c56fe29431d71356e879f9aec54bf858bd9973988,0,1791366424.0914524,1791366455.9315064,31.840054035186768,61,241970,confirmed,
332,0x3CC35FB19E45bf0B35BF3b33Bb831E4AF4e3D828,node02,a7ac441154ed64be987e01cdfdbceb0dc0ed6efc00ee3c1c34af37855bf25e51,0,1791366424.092368,1791366458.6665878,34.574219942092896,62,241970,confirmed,
333,0xfc8E163162B84736A3F95Df6D44d83E494E0fDED,node03,7ba283611ebec2a521d5e61e6231b432b119d37a3d991260464cc6b379050693,0,1791366424.0939708,1791366459.526147,35.43217611312866,63,241970,confirmed,
334,0x62B3B57743612255BFCA2eaF8820e1d4251ce34b,node04,b2448dd549d9259089ff22dffa5e1e473ec87b8b41092a6ccffab8a61eab05de,0,1791366424.0954247,1791366429.6716278,5.576203107833862,49,241970,confirmed,
335,0x707DD0b11A3970d1cE5f911C2C6c51a18ed8416d,node05,0256b1e12ee48d181bc52d9ac09e34220bc9f5582e011bd3cf5cee4c392e550f,0,1791366424.0970848,1791366436.246874,12.149789333343506,50,241970,confirmed,
336,0xE29B6efd0C9006Ee20429d291742f04502a5A6C4,node06,7cc550ca177965b7b28858747fad24d68956e9fa3bb3e5227f083a5ce5f1ab27,0,1791366424.1013649,1791366436.361008,12.259643077850342,51,241970,confirmed,
337,0xAC01ac0338163259857BB2169d6b10048f08596e,node07,2693ef0179f78013530f47bd618b9517330f66e2bbbd983ebbd09af450726995,0,1791366424.102537,1791366436.1341975,12.031660556793213,52,241970,confirmed,
338,0x04E5C6273508d8D4E1Af3656C80D0057949CE23C,node08,147e073a2db7d77f5c06e25cf833b077ec4f9521f9e0691a1b349d98af091d8b,0,1791366424.1043565,1791366441.4946148,17.390258312225342,53,241970,confirmed,
339,0x1D76319BA0e460FA979896794a70FF6E113Fd129,node09,1b7d6d0a00831cc054a00a93eb49f5f14845bec3d98004d796ab2b162e91c142,0,1791366424.1059759,1791366441.5236363,17.41766047477722,54,241970,confirmed,
340,0x717e6a7391e203Eff016994b12BE24B36B9AB6a8,node10,90c48dca607c193c69fb4421df6d308283969a7bc823ab57cbea3cefa01bdc32,0,1791366424.1170225,1791366445.9874501,21.87042760848999,55,241970,confirmed,
341,0xeC7C0c4F082812a2228E735e3045E9D0424B78b4,node11,ab7801f6aa774a06cdced68c0cf3618c4e0b64d0939d593c879b7f04f6b03b6c,0,1791366424.11912,1791366445.983702,21.864582061767578,56,241970,confirmed,
342,0x1a265894a18f84C489Ad67Be23325751943BBAb6,node12,e7378fe9abffa0875ff1672c5cbb851e2fe318f86921a4ce126be3a687e94717,0,1791366424.1200771,1791366449.2909498,25.170872688293457,57,241970,confirmed,
343,0x426FDcd2c2E6aAc53EEB7BB3B0cdb16397CcBcef,node13,7e30f1c2a38c7ee233b3b5aa2089039b99b959e528b568f40542179422e6f41f,0,1791366424.1209445,1791366449.3385358,25.217591285705566,58,241970,confirmed,
344,0xaF0eF4b7C3cCA8349EdB4C26eB8f57638E512803,node14,0fe20c351ff1a88e993f88ac4d9aa1a463135f1ea8c5c3a96ac49ddcaabfadff,0,1791366424.1222098,1791366451.7161915,27.593981742858887,59,241970,confirmed,
345,0x58AA9eA85e68Da0C4516a6E3d45efC0afD62658A,node00,4517c34f755cb4c8902d39ec5d44e93f6d415c946f966ced2a4e8b48a9ddf840,0,1791366424.123769,1791366453.963383,29.839613914489746,60,241970,confirmed,
346,0xaF6c5C5744C8558bEb5e2c0bfF2999Aee27B357d,node01,6c065ddd37c76a3c6b45bbc5065dad6f0f1399562ad5ef0106f784980869e43b,0,1791366424.1254637,1791366455.9122317,31.786767959594727,61,241970,confirmed,
347,0xDa14D245a1A1273b6E69419c9c216528ce9FF8fd,node02,41a0fa9b0b4b06030c99fc50b644f319d9c98a7ae84fb198ee296db235562ea0,0,1791366424.1283133,1791366458.654991,34.52667760848999,62,241970,confirmed,
348,0x679fe696f3158a4b0c9a851A2b540e25207ef98A,node03,f81a74bcb90d5f0a5a223e80df6304c8148723069ec8a496a965dbc434d64823,0,1791366424.1295629,1791366459.8071325,35.67756962776184,63,241970,confirmed,
349,0xA6d109cD845FF2366848b07667D8a6dc40dA6d15,node04,e83b91a54eb707f924ad4933ea8a06f61b1ab7f811c4594cadb80ecb942e035b,0,1791366424.1324549,1791366429.7900286,5.657573699951172,49,241970,confirmed,
350,0xdCED6A839A944933A14D726D722c6068C705dB76,node05,a109b4fd4ae85f24d1590a118ce288151b99c19d53a3d56053e1ab85101f0853,0,1791366424.1353915,1791366436.0783706,11.942979097366333,50,241970,confirmed,
351,0x4E754Bd90435413eEb63dabAebA1F867EfDADE92,node06,1be441843b06cb715854233a08b2d1ef379bb1a2c75808890c2e38c5cee83cf4,0,1791366424.138173,1791366436.1919959,12.053822755813599,51,241970,confirmed,
352,0xA9332B69B2C7E16AE9698fa9D9f0cc18E83A7F26,node07,9edde75f622a6dc0a40d6c975ceed4a34cd62280fdcf6ca835196a96ddaa2688,0,1791366424.1403615,1791366436.103127,11.962765455245972,52,241970,confirmed,
353,0x0297D6D6CDE9a00c9b8c9902DA3b09d8941251fA,node08,82baa49b507f736481b53374c7ac6af9a8b7a2057179de761797af3e7e73c2dd,0,1791366424.141112,1791366441.6182477,17.47713565826416,53,241970,confirmed,
354,0x5d39050339783091f1736d8f3FD964f8Daf8d260,node09,f746882206cdaf3c3e832cd48c931325f242b4f8edd146da9fc31954d1a55966,0,1791366424.1437516,1791366441.5467134,17.40296173095703,54,241970,confirmed,
355,0xB3a08a8aE99aAd4932Ef472c76D855D6Ba4F7E1A,node10,08b98f0fb01dcdebd2af153e51ceca524d455a0ba4daa39103253a6983b15dd6,0,1791366424.1459792,1791366441.9754064,17.829427242279053,55,241970,confirmed,
356,0xa7234c3D6f89Afe8ef7b422e1c4c2B5313978866,node11,8936680e9b544d6e319c82d99880a924838ab2ad2b5e278cc5cd050a8a743abd,0,1791366424.148435,1791366445.9933295,21.844894409179688,56,241970,confirmed,
357,0x6a38aD110ee1DFFFeEEE7f0Ec21Db62a57F54059,node12,c9e11f8872a74c23c01dcdff28c2cdb77f04381829102108100f52f499828e7c,0,1791366424.1494095,1791366445.9898746,21.84046506881714,57,241970,confirmed,
358,0x02CDdCB14092663551F0d91df7511cD24154bb42,node13,1c8fc856fae3a39083bcdb9414d16ea6da24c59dc4c3dd1d4c06bffba7a0ce44,0,1791366424.1504512,1791366449.3943624,25.243911266326904,58,241970,confirmed,
359,0x2Cbc79f31a3027378659382E5B64f50C45AE911F,node14,13ca24f66f3cdf8e56ee3d90e3ca3d4be8bc2dd7a8ed5f905381fb32f7745b22,0,1791366424.1511338,1791366451.7014334,27.550299644470215,59,241970,confirmed,
360,0x49234222aa55199d4E19Ae2d1b2Ccc86ffAAE277,node00,3927c8888b723498314621f859497ca66bd430a2544ca149b362c4601851fbc3,0,1791366424.1543837,1791366454.0478907,29.89350700378418,60,241970,confirmed,
361,0xDB25A837Cd6F4010c6C4Ff0DB6d2219e64487016,node01,534c04b14af38cd980994277ad2b1d8e0c91147ebe053c294951cb351c53139c,0,1791366424.156356,1791366455.9273477,31.770991563796997,61,241970,confirmed,
362,0xAae073f14c35963132c6e3A0AEdfddcc4984232E,node02,98baef24f745f4a3365bf8bbd18e5c60d0d333365701a56b49070b8530226bb1,0,1791366424.1584036,1791366457.4505546,33.29215097427368,62,241970,confirmed,
363,0x5dDd9D50cFf61D42FAe5c08b806fe0DE213e8dcC,node03,1ce4e864b7bee604d23f8dfa5fab10110b701472688770fe6d16fbe93189c72c,0,1791366424.1623511,1791366459.5591023,35.396751165390015,63,241970,confirmed,
364,0x3f3298953A5B32A81A697b4E8739E0895c0C11FF,node04,b5eaf9e7f6c51f739c88e785ca8223277ddfbe7ecbcb31dffe439acd1a7d6549,0,1791366424.1636562,1791366429.7323072,5.568650960922241,49,241970,confirmed,
365,0x991d89609B21dA807f24C6fCc6C48a1713166f6E,node05,c576460b2aab6bed656486bf435d78007c011a4ea638247026e84b06670d827d,0,1791366424.169171,1791366436.0574257,11.888254642486572,50,241970,confirmed,
366,0xe63d5682eF2ff4b1e18f19159aa9E84405966CeD,node06,cc2c51c6b2258cd825e1c3e19087963f9a444e2549dd12ea43f5cddebb4613dd,0,1791366424.1711082,1791366436.144136,11.97302770614624,51,241970,confirmed,
367,0x146737B089F7C61c000eDB58b1275A35990Ce3f3,node07,5ba61b2fa14728868ed51a1d1fe001541978b52580bd571984d4398b1149fb71,0,1791366424.173504,1791366436.4188714,12.245367288589478,52,241970,confirmed,
368,0xb7503e1029195AbB3c14F18496967f9a6538f6f4,node08,27808891cc61eeecb58794a06fa9aff197b5912b1940428c0e9eaff3bb12616b,0,1791366424.178375,1791366441.4915395,17.313164472579956,53,241970,confirmed,
369,0x995080984B4b4A3295CA30c2e44b1095F74717F4,node09,7a89fa31cf6298923c8555d6fc9f2b88f7553257794c4c60d8aca07b0abec248,0,1791366424.1810143,1791366441.5884924,17.407478094100952,54,241970,confirmed,
370,0x052f09EC97EF2f1dA75C0348dB68C2FF024a4892,node10,1eae9700a3b0d93478d8e39d5e6e4ece1db18116fa63d9af7555cfa5811676c1,0,1791366424.1837249,1791366445.9913535,21.807628631591797,55,241970,confirmed,
371,0xC92F898FA5675f62026fCb4B21CE8aD368306F65,node11,f8f5232d8337ad8733470591ef0cc9d4b31f5092124a0fa05ca1108cdaa3a423,0,1791366424.1847641,1791366445.9817688,21.79700469970703,56,241970,confirmed,
372,0xF7D2a03C41D1A325d8c2E609Dd1b86007684A5B1,node12,f57f95323b4af633b58b74f162b88d42c2134b5037f433c188cc310ed9ecbc1d,0,1791366424.1855524,1791366445.984622,21.79906964302063,57,241970,confirmed,
373,0xd602268BF82F57170a95Ded9459b2Cb7F3efbA66,node13,c620030c68ba79536db08ab99e0f7ebc9335e6c7123b1c7acc6b87aa734ade9e,0,1791366424.1882064,1791366449.466755,25.2785484790802,58,241970,confirmed,
374,0x32f74AC5CC7c60Aef5A2Fc7Da3Cbc67B93E9DD58,node14,aef234cf3afcfe603aa65d5d59652f2979cdc481db43f9345c4068fe6fbcd683,0,1791366424.1920707,1791366451.6817465,27.489675760269165,59,241970,confirmed,
375,0xB2d84371419278e4194111C8ebF0F87dB917ba2F,node00,a640f0cb6887833da2e5face4da1f9901c83278ebc78eb85c9e0ab263bf397fb,0,1791366424.1932635,1791366454.0372574,29.84399390220642,60,241970,confirmed,
376,0x5811755ff5fB17F9274fFB141A79fbf39d9bc835,node01,34524129eb43fa65dda8a16111b4b27c065d6074ae21c914c04273679a866b09,0,1791366424.1944795,1791366455.9800842,31.78560471534729,61,241970,confirmed,
377,0x75CE39eB0f64cf57d292ACea0871ed312e7F2c78,node02,f053ea726fc5e30becc12cb87a43a87521320461884ce4995fb9ee7e95d3dcf3,0,1791366424.1956925,1791366458.669879,34.474186420440674,62,241970,confirmed,
378,0xA6B317B88766B7Ddb93C367d5D794FC18A48Cd4D,node03,9a564a073e389994101424bae2c07a3c0d0f6836d16ecaa54fa19ab2c6c96672,0,1791366424.1977506,1791366459.6146615,35.416910886764526,63,241970,confirmed,
379,0x65f83436A95c987Cd4daEdc6b8f945D03a6ddEBc,node04,83e480e2a71050d32d8fd50e319cd4387c4b54da91a2a2900657d92698113924,0,1791366424.2017198,1791366429.852808,5.651088237762451,49,241970,confirmed,
380,0xfd5619F83EB8682b0cF6e94aF0B2Cb7A2F7A23BA,node05,fec58c8774070ebe73b4d2894e7c70791da01d0a2ac6484d4d5c7cfc459fdbfb,0,1791366424.20523,1791366436.379799,12.174568891525269,50,241970,confirmed,
381,0x603fE4695278BBCc1748af30c74e7866C8fdfbB9,node06,5f785f0610a0a3fab7589d4d4b84001fafb285a2dd808a230630fe0dacea75b7,0,1791366424.206184,1791366436.1625276,11.956343650817871,51,241970,confirmed,
382,0xd04d09aA42E4d639d0CAb27Afb5beDc68AA69f92,node07,2e03c8af5b66b9ad3a05093386a33278d6149144aa0c36c9b634c9a3381d512d,0,1791366424.208404,1791366436.2208655,12.012461423873901,52,241970,confirmed,
383,0xF1EfcAf22556B8589914DeCd03cCa7545050a81A,node08,39a22d09f830e7180063945fd1da1215b517359ab5734b65d83a2672021e20ed,0,1791366424.2119017,1791366441.665116,17.453214406967163,53,241970,confirmed,
384,0xBF8B24aeFCaE6C310cE828e795e329305Ef2937F,node09,3d98b0257db6990d5f0362c116db5e102bf5bac6182d2c92e66e7a0d68220b8d,0,1791366424.217677,1791366441.7408907,17.523213624954224,54,241970,confirmed,
385,0x9ac618888e340AcC0Cc72E507E296cD686c6d787,node10,936143d0eb8ef23c73f0b800bf5b6aa1b1fe6b45a2269d6d17eab364eef38dc4,0,1791366424.220058,1791366441.602443,17.38238501548767,55,241970,confirmed,
386,0x34e718Fc7D9D2c4d93321F2fEd4565314F265427,node11,0798d915e3fc085154b426704406d988f2e67652a674227f96fd014148eecc40,0,1791366424.22261,1791366445.9731019,21.750491857528687,56,241970,confirmed,
387,0x0FfFa11E04A9ff8b54d053c4f7629ed9fB5c70B7,node12,2f264e9d7cc5e47bc64298e59b99a289ec514132e690af429230bf17277d7909,0,1791366424.2237117,1791366446.0812707,21.857558965682983,57,241970,confirmed,
388,0x990210342C6e3DAeC28b500D695f93cA1BFfbD46,node13,293e333e4af981a3a8f654367e89fac52b148a38ebc891b2238ebb72dd25bc22,0,1791366424.2243938,1791366449.4475088,25.22311496734619,58,241970,confirmed,
389,0x17a36e7792E412A92B8AA6E0362d59AB7E04d748,node14,2f841b88c08f34bc97649d3151a8e97572949827243e2ece8c9d5a878f1e0066,0,1791366424.226571,1791366451.7442183,27.51764726638794,59,241970,confirmed,
390,0x7fa5a540CCe7Fb6716eb4dD2D5FE11e3B600EBe5,node00,cb92c12b3c010ccfbf67165ac754b22a21f5c793fe4f04ce86702e44d837505d,0,1791366424.2283392,1791366454.0651395,29.83680033683777,60,241970,confirmed,
391,0x881c376F3371E9e2737e5948e17662F5102A0F3e,node01,8095c349886c58a3a7beb71511d899604eea5c84ea5dc639edfc1cd4e6731259,0,1791366424.2308495,1791366455.9883032,31.757453680038452,61,241970,confirmed,
392,0x43861c847BD84A2Aa49779556E1412Cc4Bb96b22,node02,14b98935316e86dfc608c66a68536d1cc259cfe08eebedc8c616178ddf0ea6ae,0,1791366424.2317162,1791366458.7095773,34.477861166000366,62,241970,confirmed,
393,0x3fe2bf921E31792fa9e903ae5820DF442E2e6746,node03,81a836bd1e4cd997a7b82aa4a1468287d87d0fc3ff4735e7b885575f5e21f217,0,1791366424.2344463,1791366459.5405195,35.30607318878174,63,241970,confirmed,
394,0x2Cf34Bc8520b8436Cb32270514f14c8eD7b9F9B6,node04,c1268b6898aec429e9df81231b00fd1561e49fe4bda4ca60c835a89846c651f8,0,1791366424.2359564,1791366429.877964,5.64200758934021,49,241970,confirmed,
395,0x02f200F7F5CAc48776b7471Ef66Cc1591DD012D3,node05,c5e83dc285ec5d4428d67a4af0c23298bf64212b6d2ca61f4ef1113dbd3d8aa4,0,1791366424.238521,1791366436.327058,12.088536977767944,50,241970,confirmed,
396,0xe3fD725c5181c6D83810Ef574B0F09A0Bc49e77b,node06,eab4c4d134f55d92d1420e4976753e7de389e8e2592ce78310691357d7cda921,0,1791366424.2414482,1791366436.2804315,12.038983345031738,51,241970,confirmed,
397,0xa46d9681DDfDb287DFD2cfEaea15c47801E2bb81,node07,2be2fed67b907e21739c89eabf08f35e51599e0c093f499f7e92e9e35385f94b,0,1791366424.244993,1791366436.1811361,11.936143159866333,52,241970,confirmed,
398,0x0553D31A267431816De21BE7E9407Fbadcb89fe5,node08,554001a29a6fdb4d3e35563ad5cfbc4679e32809ba36d7dd1af0b2dedf4e9a56,0,1791366424.2467403,1791366441.5459745,17.29923415184021,53,241970,confirmed,
399,0x2345ae478d6dC9e10b699760d5700ce2d1755125,node09,ea83c75261a3ff2a9f6a8b3695ff9e761dd3dca576eee5ea3c5ece05498a10c7,0,1791366424.2529063,1791366441.7353275,17.482421159744263,54,241970,confirmed,
400,0x24A159A2a7888554bdf8E3134c726A065140338D,node10,32448830809d0a8d7e17eb8a7c50ac816351aad5d9bdad8b8c2b53f19b0c262d,0,1791366424.253951,1791366446.2258577,21.971906661987305,55,241970,confirmed,
401,0x5F0Ae0bF37D84E2d2BDfa92Ee1D22070abE43091,node11,a6734f888bf93615514c8fcc0ee18138d14e262fa74a5ff86590bd671509b96a,0,1791366424.2583988,1791366446.1698895,21.91149067878723,56,241970,confirmed,
402,0xAB3B6E67a8275DF7658BfC093438936Fd7B14C50,node12,dd6686ad93b1d86d79f4854e2ef9cf30d269a03332c0666d1079da2c9bf5fb98,0,1791366424.2604933,1791366446.0199118,21.759418487548828,57,241970,confirmed,
403,0xc9D1531b6d8905797E36a66E5debbA35d45cA68B,node13,99f64fb3f03c68a91530a2695629b40d7aa8d077136284e1ad7275fee145a05e,0,1791366424.2619772,1791366449.4498482,25.187870979309082,58,241970,confirmed,
404,0x8915942676f6FB72093BD9d93D272E24Ecfe0b30,node14,05cf2861ed891629291cd67e116f48c76ced26b2290da729808ce418c9aeb01e,0,1791366424.2629564,1791366451.7066445,27.44368815422058,59,241970,confirmed,
405,0x2decA12A5B51f6e577db2394AAe0d3Ef920E3906,node00,568ea8af13236e96cd40ae1515a0613514fc820d5bcd38a6fcf88c2fbf29bc82,0,1791366424.265126,1791366454.0053957,29.740269660949707,60,241970,confirmed,
406,0x455Dd9dB9E087B64a4Ea358ca1e1203B9B96229a,node01,6359bba4ff8de2107f5f4481be9fc0ce5d170b35c48aba2da6cb05492331880b,0,1791366424.2664006,1791366455.9464593,31.68005871772766,61,241970,confirmed,
407,0xd5FD3E37424c8ba442Ac140145CBDbE932010cb9,node02,d86c83b3cbfa5b23c2952c5bbadd74ffded4fcd3d7874ee31a688f5bab387b7c,0,1791366424.2679567,1791366458.7065809,34.438624143600464,62,241970,confirmed,
408,0x94E0459859CA95eA5843aca936070098dF815bAe,node03,e702c1d40cc67acf1cf5406cb93c91a37d3cb7e3ca1826266414e17f51289999,0,1791366424.269386,1791366459.554308,35.28492188453674,63,241970,confirmed,
409,0x0A66473Dc33e6Af181b7ab68c30253d5F7fE83aB,node04,9f0045628f1a64145cd48b9378e60265bcc26e7f483b21d056e6549838cb3e36,0,1791366424.2737427,1791366429.900028,5.6262853145599365,49,241970,confirmed,
410,0x4cD99722dB2a089e525E3066DB1F8C0AD1239BA2,node05,296ce9aaf68ce05bfac8da840e284000d4d3afcccd698d94b7a8c59db2689780,0,1791366424.2748818,1791366436.3302367,12.055354833602905,50,241970,confirmed,
411,0x8BC674D30a9C18060A2003abA1531B55De461893,node06,0276391dfbd1ceee35d0d615b33479fcbe2152cbac5b2c126c3576f6712aa9bd,0,1791366424.2768376,1791366436.4488142,12.171976566314697,51,241970,confirmed,
412,0x7007Cc6460d0F6058811b4006Aa62fd8313d71Ac,node07,f0a3c140aa45df17da6a8039db11c5b6f91208a25b96b4285916cc1289a1d981,0,1791366424.2830958,1791366436.4372652,12.15416932106018,52,241970,confirmed,
413,0x5c720F33deBae12B3B6B7f846F219B5cA948Be25,node08,7b410fd2adf5f14e38e2822ed4a790d464c4a552fcec1974f88c62dfb73ed284,0,1791366424.2840369,1791366441.8214219,17.53738498687744,53,241970,confirmed,
414,0x10C53E0CCe890Ca794e1985A48E4E4aB49dE9Ce8,node09,8414d31734d70057645a79658983db032c479b46437f6474d0227776ecc86159,0,1791366424.286341,1791366441.687253,17.400912046432495,54,241970,confirmed,
415,0x82ecABD80D8Fa350D9e5A65fe0ee8baE3887a5F0,node10,dc66d50cbadd55475b0d057fa93e3ceb97abd9e31439520d8e4932d5cb19d915,0,1791366424.2870634,1791366441.563761,17.276697635650635,55,241970,confirmed,
416,0xE28a7d97c0b7D9c4a3bB76e7535353164Fb78B58,node11,b8c9f003d4060e1b4b7a2111aab1afd6001411c4aa8267e29b37d4bb41704669,0,1791366424.2910693,1791366446.1662917,21.8752224445343,56,241970,confirmed,
417,0x2614BB08459588E6C72ac5A023A383e426f9d30D,node12,2d8f6dd6a15699dac3154e68886c50105d210c12a90c4f9a514a43c8da6e2233,0,1791366424.2947617,1791366446.0604792,21.76571750640869,57,241970,confirmed,
418,0x4F6a2cA2B98747f94DF3f08936990f83DeCF6CbB,node13,c37a4a205f3735bbd42ac7d15d688bfc970dd5e10310fa336652cf15e222fc6e,0,1791366424.2981634,1791366449.4563975,25.158234119415283,58,241970,confirmed,
419,0x780c1AA066F774C7D0A0DF7a248c6A09A4765c70,node14,a8bf2e5606eba8549805a64c1dd74026f594919a4608262fc8d901a42a7cd042,0,1791366424.3019433,1791366451.7806127,27.47866940498352,59,241970,confirmed,
420,0x64d2910ea5888c33b7974Ab2CD16275D74c00B49,node00,25d79ba77bab27f0ab35025d23ac1e13841bb6690bd2aeb3bc582a3d17f74ae9,0,1791366424.304257,1791366453.9918516,29.687594652175903,60,241970,confirmed,
421,0xe788dE61DDa52d067de9697DD4C7d143B2823C08,node01,d0dd0f8c4159e5e7b88f3d1e0b5c7274e708132ffd05691e0106c57ef20c306e,0,1791366424.3059146,1791366455.9974053,31.691490650177002,61,241970,confirmed,
422,0x06804a524f75Fc9A379C99b08f02e3c534574619,node02,55492d5087a6209a961cb22c8057e6fd2c85580e19e7f4a22dc1a97a6aa39ec6,0,1791366424.3111348,1791366458.7028031,34.39166831970215,62,241970,confirmed,
423,0xD154375F83Fe458f6Be685ac17EfA098A0C224a7,node03,9c84a28d58b12babe141261e1e75954eeea7115efc15f712c33aaae39b1cbe20,0,1791366424.3125243,1791366459.5526745,35.24015021324158,63,241970,confirmed,
424,0x6EF2686c350135F03cC13bf1820b91244f4D3746,node04,32bb9fe44b05ab6a3520ebfda16aedfb89f66fe450a8f30cf3486a3d831a17f3,0,1791366424.3146608,1791366429.9260619,5.611401081085205,49,241970,confirmed,
425,0x668E858783A92C1Eab3317C2fac6E511c7173BBA,node05,64c12158c20abbde49e2fbac4d69373522777f628a376607e03f7f159e1e4960,0,1791366424.3168304,1791366436.408457,12.091626644134521,50,241970,confirmed,
426,0x124ec435643AE68069583208727075Ed5fC24Da9,node06,0ed2671e6211d18564a306f3b5a6f20ed020afbcd4ed9ff721657f7368033109,0,1791366424.3194861,1791366436.2570662,11.937580108642578,51,241970,confirmed,
427,0x7D9B9841c8F6D9056167c1Fb048A20aFf2B464e2,node07,a7ed775864b8cf11eef05ba9c90718dd6872d717efc82a8474f260e3ad4e4e98,0,1791366424.3222845,1791366436.325245,12.002960443496704,52,241970,confirmed,
428,0xB340e7b30BB47bD2CAE0919db331aE26E72a6D33,node08,71a0f95078cedfda0db3acde6997baeb3459b59e1f0f5eded4f9c55d86df56ff,0,1791366424.3239217,1791366441.728955,17.405033349990845,53,241970,confirmed,
429,0x3D20Ffa5c11731A75d06248f0A078A46e795d3dF,node09,f03c5d2314f7d4cb1838cc169af059b1ddd58e714eded6de1fa0d39d38e9137e,0,1791366424.3253937,1791366441.5902421,17.264848470687866,54,241970,confirmed,
430,0xb39b70713C8F1920d44Fb70C2c3ac0CD7D1C47A3,node10,76d7173ef1a46432cdb317232701529c28f63571c064466e417102fee329dc4b,0,1791366424.3274548,1791366441.6487381,17.3212833404541,55,241970,confirmed,
431,0x23f59B6F263adA36DEc47324d9a82494269EDd1e,node11,79db5a495e1c44cee9d6366c03c3d0b32fc0ab4f1b5800455b1b7440ab64e679,0,1791366424.3292122,1791366446.0618987,21.732686519622803,56,241970,confirmed,
432,0x696A1c9598EA01925e212d436F6dC34279696E83,node12,ba62e261c84b05203381e87a9a38f92c30fdadc7129b6c8389d771447b29d9d1,0,1791366424.3318396,1791366446.2538252,21.921985626220703,57,241970,confirmed,
433,0x83fae356aB79a25Cfcb6668fA75aDC5716E0163d,node13,66df42230b58611c6ba9b9eaa74d539221418d454e193dbb2a0582e95389de3f,0,1791366424.3330112,1791366449.4124236,25.07941246032715,58,241970,confirmed,
434,0x25AA08639B4cC8425267ACAedC8Ba72722Bfdb7E,node14,c9ce7bcc5a12d442c7ba70741d0210894e39573646d13115e8321a10ab77714a,0,1791366424.3358982,1791366451.7734306,27.437532424926758,59,241970,confirmed,
435,0xF7de69b52490cbd823EF8320DB77ae9d1A1323fa,node00,431e9ef90f0dc85042c0a2e6023d869fd2a83134cd9635034682cb80e58c685c,0,1791366424.3384562,1791366454.0404267,29.70197057723999,60,241970,confirmed,
436,0xb7bF9398003Cd17cA9188aC9B2277b45EB9B3171,node01,66a2162159ce53b413f4775d6456174bd70af17d922621f974e81c2c0d9563ab,0,1791366424.3404307,1791366456.0412228,31.70079207420349,61,241970,confirmed,
437,0x69DccF9376758F365185E997b10277a4FDD7ebB4,node02,f02243dbd574de444c3e092d44c3bddab39d853b30b47b582278c3b32ca8b4f3,0,1791366424.3433797,1791366458.6838837,34.34050393104553,62,241970,confirmed,
438,0xc24E09c8f074cE53a0514Adb1cC16e9976c3a674,node03,e3af00ad8304f33b4fb14f75bb02cb2cc1f82c70c1a70d59b3e5640ba9ecfcc6,0,1791366424.345554,1791366459.627178,35.28162384033203,63,241970,confirmed,
439,0x08c2a0BD4bedF17296f75cA008F6F849CA8e0e2c,node04,246dd9a45de831a3e46ba2066258e1895482691967a3bc670593eedd36fa3292,0,1791366424.347595,1791366429.975828,5.628232955932617,49,241970,confirmed,
440,0x46a8bdFBe283473Ca875Ca2253a509a3de893F5A,node05,005727ea9fbf67dc129c87cea681ac53c5df063e0e39a2a63ef92bc9fd2df5f1,0,1791366424.3493066,1791366436.3711371,12.021830558776855,50,241970,confirmed,
441,0x220199DE3952698c26e951F13b5A5c3Ae271d2e0,node06,713f02daddf3233c43f91f2d62b8dae0120f0bb1a81940486b70d6d078150154,0,1791366424.3525023,1791366436.4159005,12.063398122787476,51,241970,confirmed,
442,0xA9bb01FCc50ba3FEEE6b4De17BE423BEb21795c7,node07,4dcf2c8ea26886131cae7238c140956783281387bc7d6dbc67219e69a26b413d,0,1791366424.3538342,1791366436.3683214,12.014487266540527,52,241970,confirmed,
443,0xf5f50B303EfC0F8d19B8835138B02D47E33EA779,node08,7f89ba000517e3a1aa2b4a88e786f3d6ede9e590122343f9b1ce40309e2e9272,0,1791366424.3565261,1791366441.6797068,17.323180675506592,53,241970,confirmed,
444,0x59d6246Aae56a35e6c7b5CA6bD0c1f0E5d2627Bc,node09,72fd8bec424facf34641ea5b5ab8d960c0a2005075a4ef72579da1ca9abd4ca1,0,1791366424.3601596,1791366441.6561515,17.295991897583008,54,241970,confirmed,
445,0xa937b878A1687A59c869F00c251128cC1C5CcCe3,node10,9155271bc0e14b020dc9463dc34f0e441e4225a51097db9d0f82129c0e05eb71,0,1791366424.3614864,1791366441.6133974,17.2519109249115,55,241970,confirmed,
446,0x8BE8d54fac94942ED876b3743B0d4f2c8AF34ab4,node11,76a7ae28fdbb976dfbf721dce8bbdfc03f90331f71e1bfb099aafdac3c21f26b,0,1791366424.3643517,1791366446.2833538,21.919002056121826,56,241970,confirmed,
447,0xd995b9CFF3522AEe7501388e6ee59B68Cb9A322D,node12,94a4be644b5598d8f4be79a8ca7dde5b4a6bb88b7e1ae1a722fb03e4c024b8f2,0,1791366424.3667626,1791366446.0441961,21.677433490753174,57,241970,confirmed,
448,0x92dfeB16006ad20bc45ccdFD7f82934C3eA4b027,node13,266914df0fdffdd87801102e8c749642e63541012f068c33ee7140fd977f0a34,0,1791366424.370235,1791366449.6326892,25.26245427131653,58,241970,confirmed,
449,0xf1C4ef3242d88c05E805797c3022dB738b450Ae5,node14,45c234d3d383ee8cfd47403a4d758148fef87c6e1b592a73b171810362d31c5f,0,1791366424.3737612,1791366451.7549083,27.381147146224976,59,241970,confirmed,
450,0xe4124425a27623b696e3531DFECAE3f422d04A0A,node00,7107eb639ba2c7e5d7f5c1a62f84a5a273d2f3e4081def1e987b2bc7899d6c28,0,1791366424.3794773,1791366454.025361,29.645883798599243,60,241970,confirmed,
451,0x93e9154b0E58Dc72554f57f42D3Ee218b91c87b3,node01,7ec9f0773136c55d2354a3efbb7ae8724dabc05a5550b787b074bb4fd0abae31,0,1791366424.38198,1791366455.9548724,31.572892427444458,61,241970,confirmed,
452,0xb9C44F691379C00684f07AD83e81e0A92820A1Eb,node02,80cafc4a31db9b0e205ab05a4b3228069b00e860d62e749e2ac9582cf705530d,0,1791366424.3860075,1791366458.7142947,34.32828712463379,62,241970,confirmed,
453,0xB2E19ef454EA17315Ae5Ed72553fc3f21D7ca6d5,node03,33a13e3485dabb67a5320209f18e0faf0df5fe0f0fb9044e1b1d1cd6ace9faab,0,1791366424.3876252,1791366459.5509899,35.16336464881897,63,241970,confirmed,
454,0x8ddC29F2bE10754e7Da9174cC2194141e27FcADc,node04,a434734c1ec2fc88668158864af384170304680cb86cead2c47784b5b6603aad,0,1791366424.3886695,1791366430.0024915,5.613821983337402,49,241970,confirmed,
455,0xfcD511e35504D0049485094785b7fde545519121,node05,5ead301f23af12ce21bfae3b5119360b0c61e662f4e15b4a499f47de93bcd165,0,1791366424.3894858,1791366436.3690987,11.979612827301025,50,241970,confirmed,
456,0xe55e44d0146e5Cc3122838C960C117f0FDD071dD,node06,4d59a2716ca7bf522111fa2e4510c2c19fa68da7bd1001fe87bf40b0ed4bbfbd,0,1791366424.3905866,1791366436.3143718,11.923785209655762,51,241970,confirmed,
457,0xbE0579d5A87cAF89F54047d7967fC54b7da0C576,node07,9224136db4b20fde6ff48ea407e02c078c204ac7f93045247faa2e906ab9f971,0,1791366424.3971615,1791366436.310193,11.913031578063965,52,241970,confirmed,
458,0xD4FBC71154aD22cEF38fdB13e755a27CF070C3ce,node08,2de951ff23d07da64bad85a7d5758aa34f3e8a926f49aa5db36c49447d12957b,0,1791366424.3998797,1791366441.6635802,17.263700485229492,53,241970,confirmed,
459,0x7a3ad6D062910de5cC7ff7a980CDDbF3e81c9c9a,node09,21e9f3fe94b9cbf9ba40d82d7e5aabf99637369c251ad06fea2c97d879f7d397,0,1791366424.4022396,1791366441.863623,17.46138334274292,54,241970,confirmed,
460,0x0a56aF54D09958BcA1fd6D36cD57c624E8707ACA,node10,2ceb57baa9e9dfa66441e1a228e2d1b1282966a3ff85116fe76e6dba6b33128f,0,1791366424.405649,1791366441.7847693,17.379120349884033,55,241970,confirmed,
461,0x3CE5b351DD814731Eb720a80444954ABBBd1943c,node11,d6a5c7a24b0d42e327055f56bbc738c81cd51922ab4ff2d4658cc6062571d829,0,1791366424.40694,1791366446.3732324,21.96629238128662,56,241970,confirmed,
462,0xAd4D14cDA332bA167dd810009852ea555cEac264,node12,5af5397875adcd230ded1f23ad8e16baf01c50c3bfafbdc6cead99e85b72713a,0,1791366424.4082015,1791366446.3770459,21.968844413757324,57,241970,confirmed,
463,0x6b394dF9e85800e049F03fD2DaC20D6a72e6EA4a,node13,5ec54467307412fe3074bc13d57c568a7f330337bbb6db2b2865597e37b07348,0,1791366424.4104357,1791366449.4350853,25.024649620056152,58,241970,confirmed,
464,0x4e74d340dbEAB9C2180490dE51B562dB885d8Bd8,node14,99449e2a0f313c919887f75d3edb1fbfc14904adfb3dcbfe151231f9fc3a083f,0,1791366424.4126773,1791366451.8296268,27.41694951057434,59,241970,confirmed,
465,0xC0bF784E7f9F910679161B442d728809D4d677b1,node00,a2a9ec56c304a1e4429796e8b21ad821d771ad3c1d7fa209b0792f258c4512af,0,1791366424.416478,1791366454.061146,29.644668102264404,60,241970,confirmed,
466,0xd3fC663edc07E9b8080EC3ddF569f4bb2b3ea715,node01,9a9a786e49e2bf65bed7be98d960b09ef4a223f7c92ee649167b9e73837953a4,0,1791366424.4188757,1791366456.1550813,31.736205577850342,61,241970,confirmed,
467,0x2ea57979FD0B854D1768F8A8b881a93B5A00f3dA,node02,07b4c5e55c8354434ecb58e60c03c08cdf2e706d57cac37671c3d4cd4fe833b1,0,1791366424.4195652,1791366458.7389977,34.319432497024536,62,241970,confirmed,
468,0x86343329c338bcCcEb979b01a1466968C042dB9B,node03,17620ca08277a6ef1e0dc2802d3ed0548941b642c9f2d6df805fb6d36435d41d,0,1791366424.422496,1791366459.5757318,35.15323567390442,63,241970,confirmed,
469,0x85334E48A3e86068591aE789a99b434aFcEe582a,node04,bec37c703348826cee165042265d2d75cc9a3b59eee3ba7eccb64c83809693a3,0,1791366424.424193,1791366430.0387251,5.614532232284546,49,241970,confirmed,
470,0x5bF84F25668De09526fE0778B244A07dE348543a,node05,5fcdfac4e7c153861cc9a03540b33894309cbad7b4200bf002afca2bb794a223,0,1791366424.4252384,1791366430.0516472,5.626408815383911,50,241970,confirmed,
471,0x0508489e30413fde2e1631Aed1463FF15Ec897fc,node06,cae23ca1789b73d3ee513c05510a43cb441a706bf3492090dd0556d522ed4161,0,1791366424.4274206,1791366436.403994,11.976573467254639,51,241970,confirmed,
472,0xC146BD03e05762e756aa13BfCdf5BDA1323D3DC0,node07,2adbb65f8450b2ea46bf0159c32e5afce8795b255318d7d7e1d2fffaea4fa068,0,1791366424.4290187,1791366436.546696,12.117677211761475,52,241970,confirmed,
473,0x9dbf710BF5fb233D582b239E4d60e6324A6B758a,node08,de74ce2ef61d007aa97f76213c4335b5fdf48bdbd6bf0731fd305ae429f409de,0,1791366424.4303749,1791366442.2349544,17.804579496383667,53,241970,confirmed,
474,0x592C59A783aC542F053e34840DA060920ee34c1B,node09,0c08f7540705cdd868ef72b4bc683a88a5eafdd85d231e1cd15f83ac178bcf53,0,1791366424.433929,1791366441.7932491,17.359320163726807,54,241970,confirmed,
475,0xd4313172DbCCA77E3C0EAEf27E0e2b72E0d52Fbe,node10,93d5abfec3a6c4043bdb33d6e7f09799c0a792a2532552d07d89a83a35026745,0,1791366424.4364417,1791366441.9356658,17.499224185943604,55,241970,confirmed,
476,0x0f57b3758470710Ec570b8f267e5F1B885dD0c5E,node11,711af72251f2e88b944520bf254d53037d09edf3bd83129787d174d2088ec94a,0,1791366424.4393315,1791366446.3993657,21.960034132003784,56,241970,confirmed,
477,0xe3212a1db13EC6C3b091bFdedd9f9E57CA63d93b,node12,fa4f07f72f6aba6ac7c424678c77dbf4f6e66549b656fd0469f348f6530d5e9c,0,1791366424.4424613,1791366446.560515,22.118053674697876,57,241970,confirmed,
478,0xF862f17fcb97700BCD99FEb0215f8B50f39731d7,node13,d01fe36d5d17354f2e5c496b77acbe0a9d2cabe1fab513dadb15702a2ed462d2,0,1791366424.443418,1791366449.4613912,25.01797318458557,58,241970,confirmed,
479,0x1DAD232B3921c7A7a93fefB7E406BE4dABb52FC6,node14,0de5fb541aa6c0d87a5aa6e2cd58715a3dac2bf0e0538ec4aa4d43d3078ce67c,0,1791366424.4474778,1791366451.8591244,27.411646604537964,59,241970,confirmed,
480,0x7D12540EA1ABfC7CB4532715D1ec656AF531F084,node00,60b9aafafbbbd09f9cf932e688b47533e8074d06688a4b983147d0729239f0f1,0,1791366424.4495194,1791366454.0867965,29.637277126312256,60,241970,confirmed,
481,0xBB50aDbc1ab1949F2157975c1B89973c9325e7Fb,node01,91fdec4364436f4d31b9a723bd807eb148b66eff75cb977f900554974ae487c2,0,1791366424.4509015,1791366456.09125,31.640348434448242,61,241970,confirmed,
482,0x832d4D37df51be09FfD827834c91de69F7b26410,node02,df54598764900b4663e8df7d514bf64d8dbb14862d4bd73293dbc1e6caaea2bb,0,1791366424.4537401,1791366458.8397553,34.38601517677307,62,241970,confirmed,
483,0x59f53B83772fF08a34715DbA5fFCb374D1F14eb8,node03,64116c7eb2aa275b2dcb14edc7ad88fa1ac7faef485334e96fbc0b8e71675e71,0,1791366424.4554012,1791366459.5637128,35.10831165313721,63,241970,confirmed,
484,0xf1D5EaD0934BFE5DC517751Bd28259734F63972b,node04,c7d199de21cb907867c9372cb646dca5047e1c5f5d30919ef84bd526d313dd02,0,1791366424.4572968,1791366430.0761275,5.618830680847168,49,241970,confirmed,
485,0x9f16fdC46070f75beD1fb1d9C8b131dB37739f5B,node05,97afa8eb1cf52ed896fcff47bd3d8e0e3457fae87bba21e34587a40cdcb7c3d1,0,1791366424.4589498,1791366430.0815313,5.622581481933594,50,241970,confirmed,
486,0x247333c122Efc4C6eB9ACBC7A03809C4C0100220,node06,7ad745021ff5e48ce7ca7930c09515da54a8dd4768fb0c6fbee1095e4aeed788,0,1791366424.46201,1791366436.4467273,11.98471736907959,51,241970,confirmed,
487,0x118eE34942154cE0971d2d4706A9C54c994150e0,node07,9e29eb46735c7994f867c01e8aa2a8d7a19869114e3d78c53dbe5b2f51c4963d,0,1791366424.4643042,1791366436.4261117,11.961807489395142,52,241970,confirmed,
488,0x99379739c14117A48afb12Ae04cfe7B9A3F61163,node08,51a17ed278c19929e6badcf8546097b03a30f610bfdb31567c41b42c842e7182,0,1791366424.466904,1791366441.8809092,17.414005279541016,53,241970,confirmed,
489,0xbE0e0e73A1306107A38883A44F6B248afCE83472,node09,2f1f38db527cb1862b990efc650f5578288d74f76e48ce99f3f497e1247a041a,0,1791366424.468663,1791366442.1921425,17.723479509353638,54,241970,confirmed,
490,0x8275f391CB73D62cB827EeC89aA3b81F68019f36,node10,31290776e85bb86b1ccf001052ad8970bd13598316e93b0729127cafa6146308,0,1791366424.4761043,1791366441.8469546,17.370850324630737,55,241970,confirmed,
491,0x99351706449f12aA1D0924Bec4Af5c31ba6D8A14,node11,14339115e45528026de814291a72a89eeb0bd0bd4b113448441034d4ac0d7b7f,0,1791366424.4801085,1791366446.4622228,21.98211431503296,56,241970,confirmed,
492,0x0D51d38B2E555360F46217a1E50eA247e1C16FA6,node12,376c665722644850f0342fdb4cf55c1175f7bbd52bcc45c5355f298e563fd4bf,0,1791366424.480628,1791366446.5857992,22.10517120361328,57,241970,confirmed,
493,0xD575A104D30d3929d6d6163aCfD6939c5b798044,node13,9aa7115b48a9435046d08343acb53a773f47e1a4c1ed9b8c663e9ff2bb644a34,0,1791366424.4823687,1791366449.4730167,24.99064803123474,58,241970,confirmed,
494,0x594F6B373F1aD222e707651a46766f328e52217e,node14,70dd23245421a626fc1c043d7468a1d937e46604eaf29e3adcab87125f510fd0,0,1791366424.483426,1791366451.8277912,27.344365119934082,59,241970,confirmed,
495,0x72B50C81feB365e546b61ec54a81c4d6cfDb0bB3,node00,56c1fefab80df3c41d7bb9cee6a6276aa13ba73d3a3c6254e9feb1fcb9179205,0,1791366424.4843156,1791366454.1116142,29.627298593521118,60,241970,confirmed,
496,0xAa9Ba07747f58806e317FECf87db5505113E2B5D,node01,1cf0bcd5e163f74b82057312c7db9e973d01236d66aa1087ec8c475241fa290a,0,1791366424.4903603,1791366456.0858757,31.595515489578247,61,241970,confirmed,
497,0x2675956142b8b82621C818Bc9AEb3b4b3a25C58E,node02,efdb3d08f0aac17ca7f78c3024565108c05b816fd03b1f70a43ff449f1af4204,0,1791366424.491692,1791366458.842472,34.35078001022339,62,241970,confirmed,
498,0x6dA714ED998242273FC0cE0417d28411D48d40C9,node03,3f6043e9801ec3434c8505b22c56830981fbd223946bd3372d4ec3f171ab35fb,0,1791366424.4924977,1791366459.5560687,35.063570976257324,63,241970,confirmed,
499,0xf9bE31B2661572e4Af327117c2E320C297cCeBeB,node04,e9504f39228262bfea2a5fba3316fbee6ad9aabd6700bd16b9a4e70d7c88b7b3,0,1791366424.4980536,1791366430.11446,5.616406440734863,49,241970,confirmed,
500,0xC1B0bc3D7A176CEF505313d8F6D58647D663d7FA,node05,5a38be1b09ba53d4052a482d06e1323af4bbe25ad37854fc8316e67ea2b15933,0,1791366424.501372,1791366430.1298432,5.62847113609314,50,241970,confirmed,
501,0xcFA0b7D68B72A677Cf4beDB0be1388AbeF41C25F,node06,c8e8ed8b990b4a3d2ccb9c895f619b4401115ce1b92dfc5c50e65730ed8a8dac,0,1791366424.5036998,1791366436.5282423,12.024542570114136,51,241970,confirmed,
502,0xC270eFeA01F15c6AdC9c7fFaEd2a04235c89b048,node07,8d00ed5224aef38d94b4ad558e7229dfc257e4d03af67ed2aef9354f2458e8b7,0,1791366424.5056098,1791366436.6751869,12.16957712173462,52,241970,confirmed,
503,0xa41A6Aaa63A0c58C8fe21B5063202b0591d948Bd,node08,4e3527e6dde9cab0d3de648074c5d05ad2fd29476ab5f56a3659ed0e8fa5a226,0,1791366424.5084233,1791366441.900845,17.39242172241211,53,241970,confirmed,
504,0x89f2369677725a1E7dE1C7ee490A7e5BA9ebEBb6,node09,1c7f72415008910b3fd5e9ad88b6c89c9883cddb6ab64ad89a7877409bf3ef6e,0,1791366424.5122144,1791366441.899366,17.38715147972107,54,241970,confirmed,
505,0x706C4596b13C3Ab5c04f96594F5f37794e5f5d68,node10,a0ca3b807bb068d7114ffe486ea46cb0b2b4903b16ca3bbc58d94926f1dbbfc6,0,1791366424.5150013,1791366442.016985,17.501983642578125,55,241970,confirmed,
506,0xE9AF75eE3B7D34E356d0A533212E372763F48362,node11,d1ce09612d6fd8a1fa34d1b54248ba5e03612b24fc6d481ebd71898d4166624f,0,1791366424.5163102,1791366446.328892,21.812581777572632,56,241970,confirmed,
507,0x490bd02f5A68daDFe95214F40346a5Fd49487894,node12,9e76ece7f05cbca4558b604036fab3cbc2758e05f4d5e818ce761282f82d8774,0,1791366424.5173125,1791366446.3602462,21.842933654785156,57,241970,confirmed,
508,0x5D36879c8485A9E8E87706181aB1f5f0F61F1c35,node13,f07c4c1ee19ebfd0fa87f228924ded15e61386c098ad53fe119ea4485397be82,0,1791366424.5190077,1791366449.4757905,24.956782817840576,58,241970,confirmed,
509,0x7706EdA39792DB9439e36FF93E5bf4a3517dc9E7,node14,a3e19c8459ab1e55628d70e9dc5679eb511f7d0849ec9387a6d0162e3b518379,0,1791366424.5208538,1791366451.801307,27.280453205108643,59,241970,confirmed,
510,0x473EEC3c0D4397021D58547f39a94C41d328D8a4,node00,127a58a1734ef6b7581d3764264c987137c6b6b65913d55f8e3765a61a05f823,0,1791366424.5242362,1791366454.1146257,29.590389490127563,60,241970,confirmed,
511,0x1C370a24015Bf5765854d615aFd5B4777239eBbe,node01,5ea2f9460d0aec555c133627074f9cec136192deb2cd5c6b786ef8be689e3211,0,1791366424.5270793,1791366455.953017,31.42593765258789,61,241970,confirmed,
512,0x5bD80b2e2424C775be8e89e577E30FB2d639501D,node02,55f2e11fe82482ac4ed0aad2bd37b966bf6de654f2a9c465632ef603cbf1a1ab,0,1791366424.5306253,1791366458.849679,34.319053649902344,62,241970,confirmed,
513,0xE5e58361E41fb2FDa32b1f38EC951440f7aD9548,node03,a0bc5e293277c87d59dbca9023a686b53ad27fef7bceaf5f759d756a7cdb7dbd,0,1791366424.5315857,1791366459.5713508,35.03976511955261,63,241970,confirmed,
514,0xa6B4E5D92109A3F7b74F71f5B8382D0FFF757A49,node04,61cbcf21cdfe2902979e1e73b2dde04742f13299726995e408728f6488224c1a,0,1791366424.5337658,1791366430.146383,5.612617254257202,49,241970,confirmed,
515,0x252A4102185404C0770A39Ff6Cbaff511831BEE5,node05,0ab1a97010d938f563f2b8b58d9889f4bc011ae3494fa3053a3d88d096ef82ca,0,1791366424.536952,1791366430.1503038,5.613351821899414,50,241970,confirmed,
516,0x1f0CA776afaAA3d3CA5811a92136C4d7a63593f1,node06,eecbf09ab84f17307da1625c6b5918198fdf06b089a20c178766eb07a4901cc0,0,1791366424.5395987,1791366436.52513,11.985531330108643,51,241970,confirmed,
517,0x5cD91A39797ADfF47CBa9765E7D3Ae559B05557d,node07,2055a419c63c8b409d95b06c2cce21474782d32e9c30c8def755b8246d0ee95d,0,1791366424.541677,1791366436.4786956,11.937018632888794,52,241970,confirmed,
518,0xBF46A787100613b1910756E13614CC862BffbB1A,node08,d4ea62f6918429743b9295497eeb45f30556fe263e470d23d65935b9d22cb2dd,0,1791366424.5423079,1791366441.8190303,17.27672243118286,53,241970,confirmed,
519,0x55544A9B530f410823aD4231885Ba4F6a3d6276A,node09,48aa77f878a0424fba03b9cc4de8948e425812fec5b5e9b7307b930b8a536c97,0,1791366424.5444975,1791366442.465385,17.92088747024536,54,241970,confirmed,
520,0xF2279D4f5660b50518C2c4aCFe66440e67A33dbC,node10,ffba40077494bcaab047f81fa1d640078350c2920dc9a7692e0fc67090ca5b9f,0,1791366424.5465949,1791366442.0300188,17.483423948287964,55,241970,confirmed,
521,0x6a80E568e5AbA4a7C82a9C472294Aa36F81776bD,node11,b0ce3f0902297a68475efa3546d41125954482e1813c0115a742f3b994f5a0cc,0,1791366424.5493648,1791366446.201131,21.651766300201416,56,241970,confirmed,
522,0xB0B7ee8d5aA8d61846E1FA8C79b462C37A872E6A,node12,939754976410144dec8a5a52b8719506d92159c2d51e0a4afef1db9f385f820e,0,1791366424.5504289,1791366446.2904437,21.740014791488647,57,241970,confirmed,
523,0xe41D3462D421cB7E2db53B4Bf2b5F5A9804CD2D6,node13,e2c1869509d7ce9638680fd4ce330db304b9c4824b55b5386c0493836a7b2b85,0,1791366424.5525434,1791366449.5534945,25.000951051712036,58,241970,confirmed,
524,0xFe7ED008cA0d7788685acb64B596e9aB2ef9850b,node14,9348d235e195bc765fa6af3c6242d2ebe5658ed39c55ab599fb246a1ea43a16c,0,1791366424.5541935,1791366451.7588072,27.20461368560791,59,241970,confirmed,
525,0x87D2a016C183F43a14bbca62247c531D16F0C89f,node00,65c5e279766d34f68d2e504f9532423579696fa112b12458980d33f05ce312bd,0,1791366424.5549366,1791366454.1019762,29.54703950881958,60,241970,confirmed,
526,0xdBF6886ad269E12E683508a3E376A5b1EEdc4C5a,node01,e932f849e6712e7d1c290a01f603d380753fc4304c67baddce837837f42a5f50,0,1791366424.5575473,1791366456.0178459,31.460298538208008,61,241970,confirmed,
527,0xdDF4425C2D9F81017d1F4BFCE1a93989c176dE94,node02,a21e2550696a31be20ca46f23ebf8ca5367cee76c2fdc55dc416cb36fa64277d,0,1791366424.5602818,1791366458.7512789,34.19099712371826,62,241970,confirmed,
528,0xeaC02E01945E3eb360B013aF2b7b521E1DA82167,node03,34096060699992f16a299e0da0144531a911c25cfb2acc53259ed171d818deab,0,1791366424.5622141,1791366459.5677373,35.00552320480347,63,241970,confirmed,
529,0xcd0bb7e962D82342817C470440751BabDF8b1634,node04,14f5559bb433b4ef00f494e0e97ad37e24ee0148260cc5aecda3c815a8b15579,0,1791366424.5628583,1791366430.1956534,5.632795095443726,49,241970,confirmed,
530,0x67636A31A335b60bcf21a8440EA604Daa9C35c25,node05,a0c95cf0fc7d5b3caf203222006dc307e9b26a704a8609911e4cd2bd9e360e74,0,1791366424.564741,1791366430.213386,5.6486451625823975,50,241970,confirmed,
531,0x58d8F5Bc61C101412ebEEb1abD56BF06d41eAa2e,node06,a3df1ea55633188f2931def0a8e1e5e7c9af562cff5ded899815c07dd12c3bc2,0,1791366424.5672662,1791366436.5950115,12.027745246887207,51,241970,confirmed,
532,0x11B069922E4e9D85a75bb3E2CAf928Bd316BDF3e,node07,872e959cb7dcef1c768e94b464fd14b26f5a9915528efb158cea786c996dfe72,0,1791366424.5691593,1791366436.739469,12.170309782028198,52,241970,confirmed,
533,0x4add682A9149636D93Cb24B2BE60d41d55205A9e,node08,2b32f377421a867262cd0feb35a2cc7f44f380701962dbb1a930889a59faacc5,0,1791366424.5705707,1791366441.8173811,17.24681043624878,53,241970,confirmed,
534,0x32793525762882C28027EEFe1D5D9286736b2c81,node09,848d22091256bc53f6e28e5b117610bdb7b773337d812d992065495daa84422b,0,1791366424.5729282,1791366441.9818068,17.408878564834595,54,241970,confirmed,
535,0x4421A8E66e9c9055e81bAC62269Cf3818458bF4c,node10,5a4652ba9e9c0c4ae69e10a8ec1d0238069721ad40af3d28fe4295a4edf91bb1,0,1791366424.575296,1791366441.9991226,17.423826694488525,55,241970,confirmed,
536,0x0c520Af803C7Af49A805Ad13746f621402c0E501,node11,f2d2c730844e65941a7f1a05de90c9a806a4f28039455be85cc7b07e88dce469,0,1791366424.578852,1791366446.2580857,21.67923378944397,56,241970,confirmed,
537,0xA0Fe2f34aC90755Ba4f998b51EF5d36D9bB1b786,node12,d582b3257855f1f98c8d308a1efc816b3c3b111a5ca6ff8e24351c7f9903fdf3,0,1791366424.5803025,1791366446.7827094,22.202406883239746,57,241970,confirmed,
538,0x9d385Ec4a30974f65bB91c98a86a8C644e55c813,node13,d672616285cb46fde5848dc0e8b5cd028ceacd129874136f9815a800dfd9707a,0,1791366424.5820253,1791366449.4682174,24.886192083358765,58,241970,confirmed,
539,0x14FF6A982D286dEC468f69bC27378B2e01Ed0d2a,node14,95bb84ddb303ee12dc31cb018de1102b10033f13cf40b3e044b8acd11f28278a,0,1791366424.5832968,1791366451.8161573,27.232860565185547,59,241970,confirmed,
540,0x7fC395037D650E05a2CeDf87c6f9Cdba4bCFAb22,node00,a84c04b00f550e58ec6c7e1de8a7d893de30387c97e01cc48d906c434fb0c9ca,0,1791366424.58496,1791366454.1630647,29.578104734420776,60,241970,confirmed,
541,0x66D792Ff8B4Bf408Ae7657389f9B1D34A5315574,node01,4bbed4f18cdd791b68be5af71355963345a0cb67c0daa9a537b587a28f96f66d,0,1791366424.5870728,1791366456.0198464,31.43277359008789,61,241970,confirmed,
542,0xdFcb1D945d956F9C5E7AFB5507a2888bcf1C02D4,node02,4a9a93b468ce27501e3557038e3e5585862cb39cc352dcbb6e4ed2d54b7e9144,0,1791366424.5888684,1791366458.790025,34.20115661621094,62,241970,confirmed,
543,0xB1eCF8A9816d37cF5cA5d3Ab58f23a24945AEcc0,node03,f60eb0d2867dfddd7d0275ff56ce6f689a7235c3cb6439352ea4bde6eb8e9360,0,1791366424.5898395,1791366459.6110163,35.02117681503296,63,241970,confirmed,
544,0x54F6c27A05b5E705EBFF972B37F97eA7Ef929c93,node04,c63f019e649c96f98f6ab65f5952a9480ffa7f01ebbc66e8fe2ea26dcb4e50b4,0,1791366424.5924802,1791366430.3205721,5.7280919551849365,49,241970,confirmed,
545,0x17fD7f001e5EA879529A5e56Fb0DEcA7DC8c4C0F,node05,2af1b1a088ee3071a4e7a2cf63f80571d736c1edbdf7dd021438f0b86387418b,0,1791366424.594289,1791366430.2991009,5.7048118114471436,50,241970,confirmed,
546,0xD0bab3Dd159Aba0362cd50e0191b5d4762f23D32,node06,1497e8ea9347a38d0aac57bd5d2efb14a17bda530ef6b03a27795a441953d556,0,1791366424.5959399,1791366436.544582,11.948642015457153,51,241970,confirmed,
547,0xA0E3F7872004A1a60CadA748Ab36b3aE53eF05a3,node07,170f39c5fcaface0856766ae10e94f7da3fb4dc61ac4108e37a76e39f9f2115c,0,1791366424.604248,1791366436.6207972,12.016549110412598,52,241970,confirmed,
548,0x789A4506ED1bF3533e926672EcF07684d941C062,node08,630470330ec92161c5bd914b8a0ead7beca6ec5bf0b68b37af31735b1a91e214,0,1791366424.6062171,1791366441.9126337,17.306416511535645,53,241970,confirmed,
549,0xa5e4ef81B0CB881Ea14b0E998985D56D043833B9,node09,c38e732f36b2de9f5b44ec506daa65d34cbd6d6e372395b1cc74fc225b33356c,0,1791366424.6070275,1791366441.9693055,17.36227798461914,54,241970,confirmed,
550,0xd1BFC41fB5483714dfe4b4EBF6190402eC5c8f2d,node10,47a39b9ef3a32deeae104b1900e199210242f279d5f867463bf8a571dd0196f0,0,1791366424.6086736,1791366441.909533,17.300859451293945,55,241970,confirmed,
551,0x83083f6a3e0B44898d718053AF28Eb19b2F1eac4,node11,fe481aba7ebaab3176fec8785b209790a6acd29cfb9a31dfff1ae8bafb663ac9,0,1791366424.6102366,1791366446.531651,21.921414375305176,56,241970,confirmed,
552,0xCCEbaFf7AD498e4Ee9a4C0DEf3acb4CC2e69BcD2,node12,9fd15fe3606619ad2ea834e5793c042762a7cf2b87d09c6ac3fe89f3402a160b,0,1791366424.6115665,1791366446.3902555,21.77868890762329,57,241970,confirmed,
553,0xe0Ac1BF213890003448fEfaa11ffa1Aa2eF86084,node13,a4820a5b5b95b3327139a6e30d5c076959e19ead236691696baea6382beeb170,0,1791366424.613601,1791366449.5036168,24.890015840530396,58,241970,confirmed,
554,0x699a0cB52444A8D640eA2f32e6e6Cf4f6F118d32,node14,d943782ba07b9c62cac84e100c12b8f9a28155f55915a4f48f00a5732c7834a9,0,1791366424.615029,1791366451.9484162,27.33338713645935,59,241970,confirmed,
555,0x01e0d8F920a8A3f688FA608c43f85Db59e7D5102,node00,4ea128f6e868299147452f09b1ace3a417c24cded69713ecae06dee3f34b8223,0,1791366424.61731,1791366454.18626,29.568949937820435,60,241970,confirmed,
556,0xCcD47AD5f71dAc86cC6590CeDBa2521286BE4BAa,node01,5189ee6fd1bfbb991d19364911fccc3ea7f6a97a1e84bc8c8696889f5bd90e80,0,1791366424.6215708,1791366456.0345862,31.413015365600586,61,241970,confirmed,
557,0xF065Cc493C19ce1d3B2587dC01d54EFCF21Fc348,node02,52427ae1b0db02dd4054816c81507b10809ca42414f05ae080a4b595b2a5783f,0,1791366424.6232526,1791366458.786925,34.16367244720459,62,241970,confirmed,
558,0x7EA22d81dA40089ceb98ec87C1ffa2BA3104f834,node03,5226b2f8feebd73a8e05a8b252def6031514ec71e5f511a3fe6012f4271bd121,0,1791366424.6247206,1791366459.7023227,35.07760214805603,63,241970,confirmed,
559,0x9708da3B5Ae452Fe4aF1E9047a84567a957f8d43,node04,a6436fc2a9a8ba869c602bc65c755b02e27f99fc2c31d5946f945de913095008,0,1791366424.6263459,1791366430.3682537,5.741907835006714,49,241970,confirmed,
560,0x145585667C4B0023a3a36D1D9cb7E74EaD0216e7,node05,0f2b47be864e6b3362389fb2951376d218e0accf2d0dafea57350410276b7132,0,1791366424.6284442,1791366430.4379523,5.8095080852508545,50,241970,confirmed,
561,0x845EEd1649F26D9920Cf498b008250e7976B539d,node06,5de53c528de515d7927d5969105fa683a099c40f2266b3393a3cae331c317d63,0,1791366424.6305475,1791366436.5772195,11.946671962738037,51,241970,confirmed,
562,0x0B815B7e046109675b06c5f23aC7f83be7D4eaaA,node07,0b9bda0260b50c9c4f56465138c160a07e4f1bc1728e1436f4e3f1333451a091,0,1791366424.632474,1791366436.5869613,11.954487323760986,52,241970,confirmed,
563,0x1bc4988B0Ec10e6D6837B2FB37732AC47854e86A,node08,794bb0c0ac4b8b5c41cb08a1a78066ab660992d5a6448655b6eca82565e39111,0,1791366424.6344483,1791366441.9612875,17.326839208602905,53,241970,confirmed,
564,0x55f586A851b6f259DaA49e51Ac3CBe226FA7F963,node09,d7f6fcc674b05a7bdc3d0bb2fed9304d05b76dfbf65d939e113a0f1c80ff3f91,0,1791366424.6424952,1791366442.0241132,17.3816180229187,54,241970,confirmed,
565,0x6c0240acCB95AA743f03722e5124b408099d40B5,node10,c7d8b8c7b928c9deba98fea4b12f3bac13fb6cf149f20632fc17dce300a2e6d8,0,1791366424.6435869,1791366442.0127227,17.369135856628418,55,241970,confirmed,
566,0xF39650e97a149cA102D7B288C8Ea14baA9d1F6Cc,node11,68a2da5138ebee50cd661d0db78e8bd509f1f2638899c89227e8f1e41eea98b9,0,1791366424.645704,1791366446.3830903,21.737386226654053,56,241970,confirmed,
567,0x8e3e9A4165EAC44bb083f7e93f84435d22c81257,node12,cf4fd7a273cbfc457101b294b544794aec99e3cc7c871085832d0223a5941ffd,0,1791366424.6464572,1791366446.3261364,21.67967915534973,57,241970,confirmed,
568,0x4399a27655Ef1bF3c486AA06a68C23F2d7600F1b,node13,abd0412b272fd978e144e30ad27552b23a3ebb782e108d657d858331712aaed2,0,1791366424.6481488,1791366449.5857735,24.93762469291687,58,241970,confirmed,
569,0x58348177d7eEaD55ea117FD128Ae63C9dCE644Be,node14,19013705f8a376b3406f5801f9d248e8cd618acdc31668393d4a323c5c0b758a,0,1791366424.6496053,1791366451.8716116,27.22200632095337,59,241970,confirmed,
570,0xAc9c6bFe4B79E8be7feba01ac0a754384550c6ea,node00,a0bef2a9fb7873029d7cb49e4e66234bfa5a8d23b709395e3a9ac8c1460ba2bf,0,1791366424.6517117,1791366454.2055004,29.553788661956787,60,241970,confirmed,
571,0x55B046D021A7F7225BDaA34a7c2d5e5840907DAC,node01,ab54f2104b8dd1b1012b4a2ec072c742216540230bec31495f82a3fa59bb27ed,0,1791366424.6541839,1791366456.0229278,31.368743896484375,61,241970,confirmed,
572,0x79E48836Eb28B31e44DD1aad547D3D6439faDB0A,node02,4a5c4460f54f0d80703c86181b02c94c3cbbfb0a71def78e2bb0e3d932a560bc,0,1791366424.654763,1791366457.444352,32.789588928222656,62,241970,confirmed,
573,0x09fa8bb78Bc50be6E3D8Cc34268D940834593c13,node03,ed33e5f98b3c1e65c11c7b9d3031848d68df5b173f70ba8ca554ffd3fa223cab,0,1791366424.6571138,1791366459.5881627,34.93104887008667,63,241970,confirmed,
574,0x06Ced3f9AAaf38844172b0CA1b8DE1AF6d86598D,node04,5d10638de94cd1caf93b754093c9b2e438301b7cb59eb56c8d8ad3f893eda55e,0,1791366424.660416,1791366430.5327902,5.8723742961883545,49,241970,confirmed,
575,0x67b5fd116B498Cc9C394c4a16524ddB522F99044,node05,78c562967b0c77ee13b225d473a97f205b34dd838fe4bcf0b8f823428abc5d5a,0,1791366424.6617844,1791366430.5776722,5.915887832641602,50,241970,confirmed,
576,0xb043B0b3a615BB7666A6dF77E2994e3Cf42a31cD,node06,8e0472e51f0df7cc518e93802dfa22f2eb13666567711852bcfa89af165148bd,0,1791366424.6643186,1791366436.732995,12.068676471710205,51,241970,confirmed,
577,0x502139f96B729D89656D20999Ff0969824F673Ce,node07,3fe032e28397555c31792f1e25b0fd350165fcd076530f447774ae7245667619,0,1791366424.6672072,1791366436.6715171,12.004309892654419,52,241970,confirmed,
578,0xE373A423026a5bdb0E5aFe0ee0af1f48B8Fb6a33,node08,33eb3cfe526056cc5cd0c03b6e2a9874b154a7027aadda28d151e22499b07e6c,0,1791366424.6683116,1791366441.991452,17.323140382766724,53,241970,confirmed,
579,0x057108177d255c825699E4F06c831c13f0F8512D,node09,7b30b36a237ff2e744c6a6ce5652d46187dc9b156ffa49b9d1f32fe3cc60a919,0,1791366424.672651,1791366442.1030908,17.430439710617065,54,241970,confirmed,
580,0x7529fA1d1D6BA8B1dc460477Cb904B93db56C67A,node10,5ad78c781849dc62c371e95cb67916d9cd5f5f43d6be67a8ae2a93d3682b5562,0,1791366424.6814654,1791366442.2503324,17.568866968154907,55,241970,confirmed,
581,0x28974DC8A294e77D6fe283930390EaE86448656C,node11,da84950e9712e37443a0db9154230bed4b0b8086f41299c31ff9282afbe674ea,0,1791366424.6829007,1791366446.4583225,21.775421857833862,56,241970,confirmed,
582,0x15c93d546877FbbCac6494fB0880c07514A66fa6,node12,8ddf1d29be2f4bf70d363137cb590c058614e36fa40b7dbafe42f1d4f5d4656f,0,1791366424.6857584,1791366446.3793132,21.693554878234863,57,241970,confirmed,
583,0x5048791C88458f01bE0E0C2A8d47d4263D5AC553,node13,8bd4c3471b3ae49df17bbbc332dd408d8ab6a027bfc1f16a209998d12bcb54aa,0,1791366424.689076,1791366449.4823377,24.793261766433716,58,241970,confirmed,
584,0xf1539c4bAFdf72A368d9fC2f17A3AE0681b4aB46,node14,fe96430712301046e32f2cadf06e65a251f5ebbf5e3ee5dca9b38bba9586ac92,0,1791366424.690812,1791366451.8879595,27.197147369384766,59,241970,confirmed,
585,0x4522b630BBe7cecea5fD76d359C0236dA07a638c,node00,6400b9968ae7f50281f5717676e0d04cce13a72a91cf5bbe5f83af8cdff8a7e0,0,1791366424.6925313,1791366454.2233024,29.530771017074585,60,241970,confirmed,
586,0xe8Eb8C59AB6AEc3cC2782F1D812A1D6DF3945299,node01,375f5aeb75577f74576a10a8d0884382e6e237af84d2a843bbaf5915ab63d967,0,1791366424.6959772,1791366456.0691144,31.37313723564148,61,241970,confirmed,
587,0x87bb65673155269c92B3d245874dFD1092F908ff,node02,825dc2d4ec5fcf185cd5dbd03ca4d67afadf092dae3dbcacff787261feed2299,0,1791366424.7018242,1791366457.4425552,32.74073100090027,62,241970,confirmed,
588,0x30e9B42d8fcE9E08b49a41f7cEdF7F5721f5B84d,node03,100a87b1a923b135796a122131596ddf04d751afb1d990829d797505c7a619e9,0,1791366424.7040858,1791366459.7244914,35.020405530929565,63,241970,confirmed,
589,0x13f7038FC5053fCC6297cE6AE20357E4Acb65AA0,node04,20c970c2f9567eea42153352a506389466484dae38fefe2ef48a3c6b654eb9b9,0,1791366424.706483,1791366430.6860204,5.979537487030029,49,241970,confirmed,
590,0x3CBD7c8b708d74B459a16BD5f69c12Cf34F095Db,node05,80e0b6a5023d66685361283632523356358e02a8accec2029212faa29a8544f1,0,1791366424.715012,1791366430.6322293,5.917217254638672,50,241970,confirmed,
591,0xd7B1f2c210D85C602da58ef8273ca617274C4d64,node06,7d13fcdc4df30639070f16327b345276e9843cf60d040c729321c65c65b7f5d3,0,1791366424.7175584,1791366436.6085284,11.89096999168396,51,241970,confirmed,
592,0xfAad310BBA415e88142e20FeA5e5E0359e138eb4,node07,6a446f3b4cabffce62f777324b27a577e96c387a62c48f6c06c2f1356e62395e,0,1791366424.721615,1791366436.7169452,11.995330095291138,52,241970,confirmed,
593,0x3a18Ce6f553Ce881130F39b89D2354Be2708B374,node08,b17ba8552f3a0a03d18286452b7deb3a1470c03e65d93c8928a22af855d54087,0,1791366424.7269168,1791366442.086509,17.35959219932556,53,241970,confirmed,
594,0x500Ad607b5031E381C59c0daebEDd621b8Bd55Ab,node09,0fd374899241fbe3c7450bd0653b40bbf6616522e022bd8624dff0b811a3ff8c,0,1791366424.7286315,1791366442.1241503,17.39551877975464,54,241970,confirmed,
595,0x14E1a855C54355327efdba9E080d7da89ba83B10,node10,f181a972021044094e086eda97e97f25cf9562c7de91dcdc73b9cc27781c18a7,0,1791366424.7314196,1791366442.2649095,17.53348994255066,55,241970,confirmed,
596,0xD3946a0B868DFf349F3CFBd164C85E0CBeEB8E80,node11,2e11097aaf038cbe9247f5ee02928fc17dcfdfbc90e70c9d66a0d27409e15db3,0,1791366424.7358158,1791366446.5454082,21.809592485427856,56,241970,confirmed,
597,0x062c765beB3c8BD1e1E1AEB9d8c9df4f0a22ebB8,node12,cf99594cfc67d5bb543c356a2c161f1e5485546e0ea499daabf54211eb03ce21,0,1791366424.7374866,1791366446.4640305,21.72654390335083,57,241970,confirmed,
598,0xf503F45b8f8954dC83394cC5980c125B623b9115,node13,061c34664a256d2bf530cb1db6719bdd07983cf8aec704d789549c15c38f17b4,0,1791366424.7390244,1791366449.737053,24.99802851676941,58,241970,confirmed,
599,0x1436B56A80f4f292cAC5F2D258670cA9B3CAB0F6,node14,f4a85b7f31630afd8e7f51ddb525ca2e145aa628df1a1f42500a3116c5ebb656,0,1791366424.7411833,1791366451.941878,27.200694799423218,59,241970,confirmed,
600,0xcdEFCe2beba1C875B81deacFa0bBB18229CEcd4C,node00,538d7f3a04d250e50821afd047bb2ccfe048fb9e5d1768d54cbc9757ba29ff08,0,1791366424.7440522,1791366454.103248,29.359195709228516,60,241970,confirmed,
601,0xaa36928a8c197b3Ec9fA512c31dDD179b0248e11,node01,ca14130c50926956b069b40c3ddfb27252e1b2ac9c5d548cf0827a5306e4cf6d,0,1791366424.7485216,1791366456.1179035,31.36938190460205,61,241970,confirmed,
602,0x43cFA1d94A146Bb8F7d9917cad39C168fC681F52,node02,377c398d8ab540da628efedd0703eb455ad32c29857d0fa11d3c9d98add51cef,0,1791366424.7497277,1791366457.4782703,32.72854256629944,62,241970,confirmed,
603,0xe5477f239F159aea470F6dC57cE7AB012F348c7c,node03,cd7249de290dd9b770c82214a45e46facdb00e5cc63563cf22971510444d0d19,0,1791366424.7509713,1791366459.5970082,34.84603691101074,63,241970,confirmed,
604,0x6c4DCeB333A348F1d341fe6e145Fdaa0f48f32A9,node04,cbcc5cc3ae8137af37c5763f7588bc740a4664abc80ae54b30f94c094bab9c23,0,1791366424.7532837,1791366430.7810419,6.0277581214904785,49,241970,confirmed,
605,0x68b8A4e1D7a454F12dc608cE6C51371de9E96F06,node05,54a9ab994f33b83cc5e89847aa662d5fe782a11da92c9eec66018b0df8a3757a,0,1791366424.7569103,1791366430.8079298,6.0510194301605225,50,241970,confirmed,
606,0xDBc4E2F4b8A620F43311A92C2122C8c064f2a9Cc,node06,f1611f5564c5acafd3ebfc92f938245ab46630228af3b2b650b86231ce2c5458,0,1791366424.7657561,1791366436.756247,11.990490913391113,51,241970,confirmed,
607,0xb1F96b3e0D6B3297A35294b79267aB16dbAF84D1,node07,d4084dd098e4e0b5d008805b7092b712233e6cedf838a323464fa6d3c992b88e,0,1791366424.769902,1791366436.697319,11.927417039871216,52,241970,confirmed,
608,0xC6AfF3BB576C287D66E78E936f396f39da4b4D6c,node08,61a806ce396fbce730776cc121704418c57e0bf18d0df75d0d156bb80a538439,0,1791366424.7722442,1791366442.0909536,17.31870937347412,53,241970,confirmed,
609,0x5E378070cb760f56847d7E96280b3C60f9Db1822,node09,66a9f2106afb3c8966c0a10dfc9efb551a1203abcbfca7f09863c5e729dbc1e1,0,1791366424.7743,1791366442.376856,17.602555990219116,54,241970,confirmed,
610,0x2221DB4C692314f23d4C84D2A1184BFfa8Bf330E,node10,d5e4416f4392d57009ecd6f16480c1ccd81297d241c45675892ce7db64421124,0,1791366424.7773123,1791366442.0716345,17.29432225227356,55,241970,confirmed,
611,0xA6Bcc15CFb73A6963A56041A9aE65A87025545dE,node11,eb40674b9d55bc8179e3e6805a7e26511e578fabd18416b9aab55c9db3dd24e5,0,1791366424.7804904,1791366446.5404553,21.75996494293213,56,241970,confirmed,
612,0x3658750545bB1329C40658825E66abcB090a1B80,node12,ff2f2f623b3835eff0b3948947b508ce1ba63f369632c1df2122f34ea2c538fb,0,1791366424.784333,1791366446.543269,21.758935928344727,57,241970,confirmed,
613,0x130bD1cCB7C1E9de18758fCC20a62F003594a984,node13,1578930ce80e07cc0c41e9c8e3aa690f24452e174bb1179fd37fa7e86eaa25a9,0,1791366424.7883358,1791366449.5836205,24.795284748077393,58,241970,confirmed,
614,0x6c2c37325383DBbAA60D478d9b6723Dec4250201,node14,e8213e33fa87300058be465da55cbb30a71dc3671add640c45180f8f886bcb2e,0,1791366424.7893405,1791366451.9533827,27.164042234420776,59,241970,confirmed,
615,0xBAa13e3bCAC3A57e0D53a61cE14defE3e1d50705,node00,a8cbb7b06efa16428dbe4916a997309cfdbaf7da7b40da407ca9c78e26e6c367,0,1791366424.7914522,1791366454.160859,29.369406938552856,60,241970,confirmed,
616,0xB1fb0235c51A612350eC6FC596BB70ab21db9EBB,node01,7b9437aa4fe2ebba89796eabba870f06fef08c4b9e56e9fb18fa46f1dd972b4e,0,1791366424.7936246,1791366456.0289645,31.235339879989624,61,241970,confirmed,
617,0x8149cbf90a3FDBFA69F34921fa202F19572E795e,node02,0b95d8d9d89bffe32aae8b0b5d931a03adf1d7bb5e177421f09c43364785e4da,0,1791366424.796177,1791366457.5503893,32.754212379455566,62,241970,confirmed,
618,0x34EA9e92F1f63e77fef99022892444A23E56752D,node03,d350e2f8daee5d62e4d11ad7dc5099d1dd8aede6a371aee8da0875ff885b3739,0,1791366424.797888,1791366459.7567356,34.958847522735596,63,241970,confirmed,
619,0x720378Ba5A40857bD32BBe7b2facc5dEcada936f,node04,b6d016b4b6e8519e276eb783b4a252cf7ce2b86a42f72874b4ee7db57d7294b1,0,1791366424.7993243,1791366430.86396,6.064635753631592,49,241970,confirmed,
620,0xD5a22A4918BBA7324874a64C5d6CAed2537A78FB,node05,6abe485f3c2c011c832375895539a1ab8a35a30f7d8bdd70880c80cb57f9c5e3,0,1791366424.80219,1791366430.8662374,6.064047336578369,50,241970,confirmed,
621,0x92d3ee6B92Ea01cc7B3860Ac6fC1B8be468823Bc,node06,470630f5a15620a907c65a2378fe4c2308daf3baa5e25d4de8986b35ed3ec6c1,0,1791366424.8051052,1791366436.8277097,12.02260446548462,51,241970,confirmed,
622,0xfEfDa6F1b3c55EE4E67ecEf8C1553e0644053756,node07,543f2694302ab30593b51c23a66c122fb92f40e5ed570bb0ee434bed91d64d2d,0,1791366424.8067398,1791366436.7951021,11.988362312316895,52,241970,confirmed,
623,0xe61a39AE7f45288AfDC0487d29B4B648ec677Ab7,node08,420945ab45c5ac5811f1bb0a20e09ff47656b9cfddf680cc16f6f42a698e617f,0,1791366424.8089151,1791366442.2725432,17.46362805366516,53,241970,confirmed,
624,0x985d6969FF731f7927d1FCD553379b869b71aDbd,node09,e65c7113a470455007f8be27e74a4d9361b7076f52100c4fa1fd934990322b22,0,1791366424.8106594,1791366442.1989577,17.388298273086548,54,241970,confirmed,
625,0x3d6EEF5f92323C9AA4cEAD59eAdb0635fA7798ac,node10,f1b185609589cc89be9a01949b7eab68b62a358b973dbee4d8bd8d7db5f2b256,0,1791366424.81473,1791366442.0734892,17.258759260177612,55,241970,confirmed,
626,0x2eA9F059db2b0567D7406a238169e05a4F5bb1a5,node11,46ee60472838e0203e0386afe810b37822788709397cecbeafc61938e68a6e10,0,1791366424.8159502,1791366446.4886444,21.672694206237793,56,241970,confirmed,
627,0x3A8796f1D1E1DEF063458A703b4fB467F6F1A96B,node12,72f40e19b793d2342777db2c22c739261a3d68e876330cba898a7cc08a7088d6,0,1791366424.816633,1791366446.563846,21.747213125228882,57,241970,confirmed,
628,0x0ACf0efF39dE28b9943bC30f75D58f3e3176f62e,node13,94d3b8bd1eff8e8f56bd825cee2ea42d072ce7de6e29028ce8bdffc81f419055,0,1791366424.8188157,1791366449.5089397,24.690124034881592,58,241970,confirmed,
629,0xD7eBe05AA710cd419C212A0D1C2605fef474aBE5,node14,ae68e2016af8b4fceaa0fb77d2ed9080b763c097270b0aab61d58f2a9f71d0de,0,1791366424.8204541,1791366451.9637604,27.143306255340576,59,241970,confirmed,
630,0x774afAD01D6E1F67A0797F0D1Daa382f32229Df2,node00,b323b6eeb8862f71a497d551cdca399d614b61319e9eebad39a67da8a8b712f4,0,1791366424.82246,1791366454.1796546,29.357194662094116,60,241970,confirmed,
631,0xb82Eb26D3e429c4b73e8d2A730dA55bB7825e779,node01,b039041827718a2e3d00bc01ad1095bccfaf63c6ff9557280f19bbd4c32b796f,0,1791366424.8237376,1791366456.062802,31.23906445503235,61,241970,confirmed,
632,0x7892dc430f00a2e7B8983e58A57C86CFC28F152b,node02,59c708c3108bb435924cde3ffba92fa518f377dad52cfcde7266e2fd3831adc0,0,1791366424.8263497,1791366457.4288666,32.602516889572144,62,241970,confirmed,
633,0xFC2ef0F2CB14dF73129ce3152DD300e8855A1607,node03,b15d2169d016ea6b97e486c3875f4807485a7a3c3ceffb6731fb05cb70e8e36c,0,1791366424.8269503,1791366459.687923,34.86097264289856,63,241970,confirmed,
634,0x8FBe4034766523DA04367b5882A00B73DA360647,node04,cc8be302fd85f78e3ca6a090d984f5f9c8b365b63352d10aa61fb605a7c0f928,0,1791366424.8285286,1791366430.9095507,6.081022024154663,49,241970,confirmed,
635,0x7e573A17ec869f3810Dfcf3C93554FdAf21240F7,node05,1c56c8194f619e324f0145acc8b498c8817557e45bbf5d4cdb3689b8194f4c63,0,1791366424.8293872,1791366430.9461396,6.11675238609314,50,241970,confirmed,
636,0x80dDA5663a411D8161c5858661d948E9B337efEC,node06,9e2fa31760c6fe2c09fca852fe282d77d20acd15bafb0d9c5fb3cb8e268ad7fa,0,1791366424.8313406,1791366436.6649303,11.833589792251587,51,241970,confirmed,
637,0xEaeC41E6e33067e486e19b1a797B515B151bCcbD,node07,747fc237e9afedfee60b36b5948f20abab88b5a76d810e6202c5d30b3fc606dc,0,1791366424.834344,1791366436.7581007,11.923756837844849,52,241970,confirmed,
638,0xF63aed181FAA5b72C84930b09fc69FE45963eC13,node08,088a2528298bdb8f3b60875332e769d615a2bf50258a180bc30a6e87d3afd4cd,0,1791366424.8366094,1791366442.1461575,17.309548139572144,53,241970,confirmed,
639,0x0b870A9d55A37B45183EDB8abB596647800E6806,node09,089920e353490846ca02c6d77127b9411e8f0b45722a3fd67d5e024f9811dfff,0,1791366424.8396106,1791366442.1443076,17.304697036743164,54,241970,confirmed,
640,0xC8674699bAf20Bdc0e6f027877C657D13102D81c,node10,6ce147cff3776866826618e925fb2ec61dff748ce2066243f6185f9bcf0e4058,0,1791366424.8430562,1791366442.2164178,17.373361587524414,55,241970,confirmed,
641,0x1fd22b6d1fc9ee7528d063dE397b234Dfe79067d,node11,6751849e958514902fe748b3b3296b3abb4f31ba45892b34785da9aa5ceb1140,0,1791366424.8443778,1791366446.5681722,21.72379446029663,56,241970,confirmed,
642,0x35D9c004CEE66E0729D20af0e76D7ADe81A6801D,node12,8603c5758674c020502f6336adee7f1b27101d81befff28338f6fcaf356f8ac0,0,1791366424.8474112,1791366446.6186242,21.771213054656982,57,241970,confirmed,
643,0x40c9B488ef703d6Ec9184f54c13F714B9f4B579c,node13,8e510ea3343886fe87708df85c32649900a8a26932bb91ef634f403e37eb813e,0,1791366424.849238,1791366449.5231917,24.673953771591187,58,241970,confirmed,
644,0x225f5a41528dD3390a0D2ffE7577235Ea0F568a0,node14,c71d62d5cb80d535f813f4525a22ad96cf481fce060e3d4452f43e37da7dbea5,0,1791366424.854031,1791366452.0117106,27.157679557800293,59,241970,confirmed,
645,0xe85d77E08890DD3DAa5E909256D23153a5e63451,node00,c3ae588776f56dc0a896cd415b1a9463f6724df4771a0fd4704adab389c1bfe5,0,1791366424.856212,1791366454.2536006,29.397388696670532,60,241970,confirmed,
646,0x97C3b41b4BBb8871ed23f3b4b40A52c6A5447Ac5,node01,6b5f5114a0096cd898d33fabdcbc00a532604b68d4059aaf28d1eccb38250b69,0,1791366424.857585,1791366456.078949,31.22136402130127,61,241970,confirmed,
647,0x38e31D476bB16e50082c02fc7Dbc786002B09055,node02,7d36895a3cbebdffd58690d1efb48cdf244fec64515283279c1c0d8b1cb90a32,0,1791366424.858418,1791366457.4753673,32.61694931983948,62,241970,confirmed,
648,0xC651C7Ea0b27Fbe89d7Edf379680b2Fdc3Ee4DEF,node03,61ee4ab23a1688c4eec4eb7dce06255af27a0f7469f8db7fa7a88af3f963b16d,0,1791366424.8604321,1791366459.6256924,34.765260219573975,63,241970,confirmed,
649,0xB980Cf12732E3B7c2A39DF2277262Bb096C48fCB,node04,b01b432a6a07e4e1e19df7da114490ce90b40c381599f492678a71f8787450f2,0,1791366424.8680005,1791366431.039667,6.171666383743286,49,241970,confirmed,
650,0x9D7253e352652f5D7973E19f286229CF8683F26c,node05,c8b47b9e638b5a4b785cd44edd704fdbfb1fdad2dd555eeadfc35773179aada2,0,1791366424.8714552,1791366431.0597105,6.188255310058594,50,241970,confirmed,
651,0x1ba5308Bc3334F532BA2275fefeB08577c6881A9,node06,046a510b45e14874d4190bd07c22beeed8745e06d67435a9f73ac99bb262def1,0,1791366424.8733838,1791366436.8472054,11.973821640014648,51,241970,confirmed,
652,0x2b3832AEa51a3B2facA3A3762d20f9D3F2823c0B,node07,26749debc4cd914899cf3686907ae9afb59c04757dc5e64f3267c0e116017ca8,0,1791366424.8745856,1791366436.771957,11.897371292114258,52,241970,confirmed,
653,0xEeccC7fD265DEd52C9281FC951040FC5D29dDba3,node08,c982cab0f5cce7f533549f861e58d0508f5f7f464adc0abfe2f64ef04ff325cf,0,1791366424.8768752,1791366442.1618192,17.2849440574646,53,241970,confirmed,
654,0x1A07428619e49bD12ce17A71B9aC740724AAEC60,node09,f93012513ebdb69f6da7708b277b39a3c96e2e17ef7d3dcad448e9bbdc41c726,0,1791366424.8774815,1791366442.170467,17.292985439300537,54,241970,confirmed,
655,0x401E5f702AdaDd82734dd201196B5e5284295c84,node10,56cea7977a1275d18b69ac93112eb1d544407d9561cf249b319d7c1bce7baedb,0,1791366424.8793561,1791366442.268524,17.38916778564453,55,241970,confirmed,
656,0x3e87756E1285cc312732C46f384275d849B1f4fE,node11,944e35a321e09518458a0c4983d44a9224dacc0784a3c8d287b04323f37e0fdc,0,1791366424.880064,1791366447.0127957,22.132731676101685,56,241970,confirmed,
657,0xbdc3C8598bb1B96839C4B45a17559d0e033aaB68,node12,86323937e5fa33393153e2a000b6fad505ca69f683089db1e50782b76074c0c1,0,1791366424.8866992,1791366446.5888586,21.70215940475464,57,241970,confirmed,
658,0xf1bB4d96A1BFD19B82E1511646BC8C040d112b47,node13,b0439c67936ab54afe58e3ba68a9a5585d3857103cb8c8e5b3f385c07175e3a0,0,1791366424.888446,1791366449.6633956,24.774949550628662,58,241970,confirmed,
659,0x72bF161d1B1F0B10D61b5966f0a5BFDE0a2b0b72,node14,2412b78652faa13fef26e5e2b52f12a9385762acafae463598ee5cd891b73c47,0,1791366424.890863,1791366451.8892844,26.99842143058777,59,241970,confirmed,
660,0x95aB71d09Ada8FaFf722b1181aB43C792044C36b,node00,7aa47bd9904f0aa6233a0a2316e36e484450003332c2d3c4990e33dcae4d4fa9,0,1791366424.8926342,1791366454.152542,29.259907960891724,60,241970,confirmed,
661,0xD605e10654789DF9dF290A44f2F227DC62b896F2,node01,d89aea1a2f2da2ed59ce047163f662a059ae75b128b958655731613e76bb63af,0,1791366424.8960252,1791366456.050612,31.154586791992188,61,241970,confirmed,
662,0xA509116Ee6f1e5a8290D42C5D969c0947792c86F,node02,208a8f15eb5498f86f634b72d94a706ac12fd3289755cb24a6bbe93ff18cbcc6,0,1791366424.897318,1791366457.5047977,32.60747981071472,62,241970,confirmed,
663,0xeB476e841C59b197Dd736631DFD8DE383c9E9b6B,node03,340106bfb624f9823b2796a25118219eb55a73adea9dd322ef337442140346b7,0,1791366424.8998728,1791366459.6126602,34.71278738975525,63,241970,confirmed,
664,0xCf99817c341eF52dFb3538f2B83E3A6c536CE7e2,node04,de0d0850d3847e3a99a1aa646dc0bd454652255038f0e3609d3c7a4ee716f386,0,1791366424.9004571,1791366431.1007614,6.200304269790649,49,241970,confirmed,
665,0xB15444C2C2b7e67a62DB64Da7ab4bd0Eb5a7049C,node05,ee95f302a4100ffc9c8245195b8ac30191b8e980763e7473cea1db0b6b133c66,0,1791366424.903931,1791366431.1006293,6.196698427200317,50,241970,confirmed,
666,0x5aA87cC1D3788201d05855d4F6b883Ebd7aD1e7b,node06,dd46ce4098bdf389da25d92f682ad5c59fc6a32dd779d110365ececeff80aeab,0,1791366424.905062,1791366436.902665,11.997602939605713,51,241970,confirmed,
667,0x9378e79cD004d379ACF6E8B50DEB3AA3Cd46cECc,node07,93484bffee4e5f9b47c638e6f83b844cce0de811eaedfbab2e5335d0d1c9c939,0,1791366424.9059353,1791366436.8257053,11.919770002365112,52,241970,confirmed,
668,0x8D940b40a199EDE22C0F5bD804e39fBDC6BE6beB,node08,da88e708e83eaf64bbb86436630e81ca679ec53b3d54b9c482389c603755c126,0,1791366424.90841,1791366442.180264,17.271853923797607,53,241970,confirmed,
669,0x6a311F41938d429C0ae034B3C135c9090d5836e5,node09,bab86d1c1c3cfbf53f311c87e0443edbab2ecd85d1cae4b78f3fcadc050244cd,0,1791366424.9129927,1791366442.2067943,17.2938015460968,54,241970,confirmed,
670,0x4341d0dD0f40BCe00C2c22D50D36c7E7Af9bAD41,node10,d7cf4822b971e9cbdf5776a9aec27a8b9ff5e46e6fef9561da89017eaff327b8,0,1791366424.9169154,1791366442.222499,17.305583477020264,55,241970,confirmed,
671,0x20Ec157Aa6ed42ab01ed08FC697c0D8b88a0d36d,node11,5abe0129eca0f4d463e552326b4e34e33113b014655e08f6b38bcfb9b1f120d4,0,1791366424.9191327,1791366446.615677,21.696544408798218,56,241970,confirmed,
672,0x6154231c8502EC468cE7D12524C42261a51AE565,node12,68f0ae3c9bc9bcd1b6914db48edf358d44955902ee345ff2f031feff078931ad,0,1791366424.9202807,1791366446.7225926,21.802311897277832,57,241970,confirmed,
673,0x3Dc1cd8Fe6A7bA38F5df1D81763a7FBa7025106a,node13,f7abaa138ceaf90099d7c66b0f659eeb262d1141adf0cd6d99c0705453c6540c,0,1791366424.9218862,1791366449.5910327,24.66914653778076,58,241970,confirmed,
674,0x48251C9D3A77E44fEe646FCACDf33433382cc889,node14,77bf74603ef14f385763712d699d4d873c789ca1327e417c4cdc8fc9fb485c86,0,1791366424.9236686,1791366452.0493288,27.125660181045532,59,241970,confirmed,
675,0x25D6d3731E83802462540465B13e49eFf13ad2B6,node00,83080de29ac3a19562c988b27902768825df5bf850c22c56db3978452dcc016c,0,1791366424.924515,1791366454.220735,29.296220064163208,60,241970,confirmed,
676,0x40F30a1A3eF8e372AE3436F7651878AA50D8613e,node01,db6a5740d2c64a85abc61e80fa2957c2be44139921862604f22caf19400247eb,0,1791366424.9252648,1791366456.074515,31.149250268936157,61,241970,confirmed,
677,0x6eEDf476b36eCE2C3Dcf861c8D567ce25DDd0613,node02,a2c2192e41847b7b746660c560bfeed9052027bd1c30a858dcd2d507322a3232,0,1791366424.930991,1791366457.4625523,32.53156137466431,62,241970,confirmed,
678,0x44a9C1c0028f6a2Ee89CE340c2C0F24eaE10eaAC,node03,5ddcd7a885f7410dc75816094bb14892df5a24abc1efbb424c7e7a324829fba9,0,1791366424.9326115,1791366459.639327,34.70671558380127,63,241970,confirmed,
679,0x00585BdBe9362433d24b52eD32932EE302652537,node04,ac149a2e355806197572a38df69ecb2af3eecb2642725502806509a647f5feca,0,1791366424.9335568,1791366431.1739953,6.240438461303711,49,241970,confirmed,
680,0xD913D706AD0a9516bd9BB7cdDCEf0223DB6754CF,node05,b74abc434982f5de7a43dc19465f67068cfd03d5badb6bbb2a092c83c7c9f164,0,1791366424.9352,1791366431.194515,6.259315013885498,50,241970,confirmed,
681,0xe9e2394e3F381AbE0ac476a8792FF17a21B26ec9,node06,48f6eae646c3ce0433042a35e2e19012a223087c60b0e906a68db85b3e1bcadb,0,1791366424.9392438,1791366436.7929773,11.853733539581299,51,241970,confirmed,
682,0xD05052236F815A448eeb28E89D0ec6DeeD934acc,node07,9eee2b58afaee0fdeee4efef5664bd928295a4203f387f33794f673493616447,0,1791366424.9402184,1791366436.9216816,11.981463193893433,52,241970,confirmed,
683,0x8692B0cE9c8e6a9d9f778c6FfAA2f761e6135b54,node08,ddf259c36c6749795c14e98ea224ba810eb236079b40bc75d06b32fa0c14e03e,0,1791366424.9417448,1791366442.2521257,17.310380935668945,53,241970,confirmed,
684,0xbdC22677b697433Dc4c5d96da6517f252dAb68E7,node09,634871694a085dba646542e97939a6c1dd89a2939e79b9931119ee0d0ce1bd2e,0,1791366424.9448352,1791366442.2295616,17.28472638130188,54,241970,confirmed,
685,0x9Ff30B01DaF67bDA5cB5d814DafF2f75dA19a9dA,node10,9d5350afaf3d1b19c51e9e21f4b9879f9ab97a6edb51387063dca85dabd0099d,0,1791366424.9456024,1791366442.2206724,17.27506995201111,55,241970,confirmed,
686,0x2d6030d141c34E47d07E6aA9d7f29F914E7e4De2,node11,f01364e3fb802f1aae4fa3c0b434216ad41fd98e7c713ea7fff5c15ec52b67a0,0,1791366424.9483018,1791366446.5970962,21.648794412612915,56,241970,confirmed,
687,0x25093610b7032A1F82153D2D75a763b3144cC7d2,node12,227e587d77eff27715e9517eef01818419e702459899b6357b67263e268cc316,0,1791366424.9498394,1791366446.7055247,21.755685329437256,57,241970,confirmed,
688,0x18Fc1FD4E76a723B5cb06b25Dd8951761446f3bc,node13,b4552c7cceb1261ca6c8fa12c92ee24188692b08989931b0900615b5cc3e655f,0,1791366424.9526494,1791366449.6861935,24.73354411125183,58,241970,confirmed,
689,0xd08DC77f18c2F3AFC3817DeE14bfC0F217E57569,node14,a10890d88c895ed4067022f46f95c41421711b4a38c53e979a1ba016fa533f0f,0,1791366424.9534676,1791366451.9252398,26.97177219390869,59,241970,confirmed,
690,0x2059564c7e18592c8cCA2e556C15dC8a1bB2A545,node00,88603a5960e3670776d2aedcd74bee97fe7a77dedb9d1577ef46e9f33b9c5ede,0,1791366424.9550924,1791366454.2014377,29.246345281600952,60,241970,confirmed,
691,0xD2FC9Ba8D02fBE8Ca6Bbfd16471407c7deF8439C,node01,76de0cf38006daabd2f9d8801cb7b32093b688816d81428a245b2291608ebb98,0,1791366424.9567711,1791366456.1128352,31.1560640335083,61,241970,confirmed,
692,0x040e624D388Be0b499119e14eDeAA2717CD229Bf,node02,8fa8704cc539a8aea9b4da4a4c23292f771e0f126eba219c3ec21a288be76c57,0,1791366424.9589212,1791366457.5155046,32.556583404541016,62,241970,confirmed,
693,0x985c4564558A2b91d512A28E839d1dA576934e80,node03,eeb1ed19123c331b43b585a9b3123355a9febf7dec32e972c890679d2937af96,0,1791366424.9602585,1791366459.6187522,34.658493757247925,63,241970,confirmed,
694,0x39F1986bF7CBD7F0503F1BEbDE1476aA1F1529de,node04,f9918247607c5f2b5111c4a07be99dfbda9e7babf09f84766d8abcec53e1f519,0,1791366424.9622064,1791366431.228181,6.265974521636963,49,241970,confirmed,
695,0x32973b760CfE80b81727e7981f28a32DcbFA0abe,node05,b1b284bb88a627e1166d25d954ac569d0648af8696c9f5e2440e4a31bea101cc,0,1791366424.9648886,1791366431.227752,6.262863397598267,50,241970,confirmed,
696,0xBcE1e54A094EC8c9Dc8bDf7bcE8CeC174e7d47b9,node06,25f8d380acae338a8a968fa949b326e7c998ebec74481906e3d17c9a8f708736,0,1791366424.967162,1791366436.7967353,11.829573392868042,51,241970,confirmed,
697,0xB57D8d5AECE2D3b3fCf232a823D34a0d4c38D01F,node07,716b957e47f62f11031bba743333f56e84a1eafb3131be7b793ebcf637e305f2,0,1791366424.9686792,1791366436.800034,11.831354856491089,52,241970,confirmed,
698,0x2B576dDE8B4D23cd19264bD46a052F8c0d49cA91,node08,10019e72badc45b22db2313dce5997c08100c6dccdaa16f09be92e20e7577055,0,1791366424.971145,1791366442.2618828,17.290737867355347,53,241970,confirmed,
699,0xE73C4640C4dd75169460a31E32822d2c12392E5D,node09,47dbaff023f71e153cb924563a0f61d8371736933a884a64ec5b10bb8bb080b1,0,1791366424.9768019,1791366442.4192405,17.44243860244751,54,241970,confirmed,
700,0x6eaaf6dA74d80c2e84a62Ae072F7f91CaD50F8C6,node10,be3971c42f46b1eb647eb3e0325c0d5d018e65cf10962a7640160bd048de8509,0,1791366424.97788,1791366442.501523,17.523643016815186,55,241970,confirmed,
701,0xa6DC980690C3AF8B940D3C6966ea9635534917a4,node11,e202f6da3261854705533e88210a6ffd7979766f045f9a5345c9ddc0b0697a68,0,1791366424.9802418,1791366446.8226225,21.84238076210022,56,241970,confirmed,
702,0x0AC66584C07B7F1052471330C0Be98e325d1486d,node12,26c7dd3333be11d156fa71fd4c60a7090bc300ff2166e3cf7a4fc09dbaf0d2c5,0,1791366424.9813848,1791366446.8088527,21.827467918395996,57,241970,confirmed,
703,0x3b6434812a0De4d7C06D5FBEA1960F8a80e68686,node13,b15692f025838a07a8d040a9d33364dc905e068bc8db32ae126f76797aca3dd3,0,1791366424.9823625,1791366449.603036,24.620673418045044,58,241970,confirmed,
704,0x7A7C9AdbEc72A85d859Af596f38aEE2a6f12c5a6,node14,6f2a757be009f24d6eb9a76bade5fe4f4195a55870228120611902dc6ad292bb,0,1791366424.9874127,1791366451.952003,26.964590311050415,59,241970,confirmed,
705,0x8d60F150E4Bf0D2ff23b21b1Ca7ca2b9EF1a8E09,node00,7fe644085130180f5070b4152e0acf7831f0d6b10764f5c75342f464f8f57519,0,1791366424.9885042,1791366454.2118514,29.223347187042236,60,241970,confirmed,
706,0xB30323352AE26AB015fB9Dd6283491C6a9AA160E,node01,f390ec9a86d5c4ec4860419c892d9b50a0a8a305da48a6932f0b0ce84020fefd,0,1791366424.9912138,1791366456.084126,31.092912197113037,61,241970,confirmed,
707,0x2Ce8F6D4a92174263366f0CA34FC6903eE888b36,node02,3139e6210b328c863a731bb7d903c44acdd6182fcf03c10077a7708531a789fa,0,1791366424.9938438,1791366457.5239186,32.53007483482361,62,241970,confirmed,
708,0xaEAe24e774cb759Ab45f5de8390c3FDEBdAb12E8,node03,7b6d96b3da78d40be6c351a7234cb05cc25b85ba9ec947519688021dfde7f072,0,1791366424.9967058,1791366459.7434378,34.746731996536255,63,241970,confirmed,
709,0x688C3344A4CCb7dE65ABa74BECBc33b67773f79F,node04,46b3b19f4141d7d659a203952433c78d4ae0ee7424b6db82d7686e6d8b773c7f,0,1791366425.0016148,1791366431.249012,6.247397184371948,49,241970,confirmed,
710,0x8a84D25B7C899d7B9f55a3e04f0A47861F90D637,node05,aa1e153249814bcf3fa7d268c9b0c6ad9da273d9bee181fa3ebcb0cbecf6c2f0,0,1791366425.0044417,1791366431.2587698,6.254328012466431,50,241970,confirmed,
711,0xf4404A92690b4171848FaF400164aAbFD47596FA,node06,8f2a11799929919478b87b4d33d207ed4ea898dc658e42c35d0ffd5215565071,0,1791366425.005611,1791366437.327143,12.321532011032104,51,241970,confirmed,
712,0x20c4e0d4Ade48835aF3E09096CfBca097D48e5A4,node07,258d30a55744c130cbbb54ead98d990991ab1c0ce686867218f5c3ef2b671cf3,0,1791366425.0084007,1791366436.933536,11.925135374069214,52,241970,confirmed,
713,0xC309413462f107abC724A92F96326A850e9138a7,node08,16fc47b67e331b8700cade3793f3c83630caf5bd7d40ef2ab1b9ddb011adc7b7,0,1791366425.010263,1791366442.6848974,17.67463445663452,53,241970,confirmed,
714,0x86bd4F871Fc8916AA2FbDFF431CB49B9c01adA31,node09,801a4f8ae1bbf23dd80363fa921cdc25aec84a655fe27d20cd76dd081c15f338,0,1791366425.0112655,1791366442.3061519,17.294886350631714,54,241970,confirmed,
715,0xA42cbF174b834F35497945F551566Be6Bde130b9,node10,7fa56df056cd74c5db19b6dcc008f793aab9352d99958a8c4cce932f0a0ac218,0,1791366425.0142825,1791366442.4062653,17.391982793807983,55,241970,confirmed,
716,0x16dFb5b9c3959B54A33aBbACeaC4377db41CD115,node11,904a5de705fc4901ad5a071a418b772b5f81036c0a9f69b037365620c6d235b0,0,1791366425.0192437,1791366446.9158945,21.896650791168213,56,241970,confirmed,
717,0x433Af719543941C4C19B116A3E01dF5eE4Ce05A3,node12,1288e9b78096a14f49c0b74de9bb02125376d975ffdb694fa5392a76598996ed,0,1791366425.0233033,1791366446.8171632,21.79385995864868,57,241970,confirmed,
718,0xd88574567A18Be14B31233ee4F6527093A4860e6,node13,a335a9140392301bf73280cdae9cc354f2a1bc7d61c055897f5d4dfa2c363a2c,0,1791366425.0261145,1791366449.684671,24.65855646133423,58,241970,confirmed,
719,0xcA92594Fc14252253f4fA945035662dC3f0f9c12,node14,76de36f294de941a2e9be6f1a22f87d3cb24673bc9f2a5a1622df2187e440289,0,1791366425.0302386,1791366452.0550382,27.024799585342407,59,241970,confirmed,
720,0x2162fDd54E052c280b2f8F2CBB66a882961D7c00,node00,ac28999f1d102b9b4f4cf64ee19e21a6aa4e4d71226a7254c3c1fa2d0a412af2,0,1791366425.0770607,1791366454.2836797,29.206619024276733,60,241970,confirmed,
721,0x7FFB73160375140BAADcC5C4775c3e46750A8F3a,node01,1b903cfc3f942413fb60ccb3770a2ea54156437afb515e4ed8beb09f1bcff337,0,1791366425.079309,1791366456.0574315,30.97812247276306,61,241970,confirmed,
722,0xe3BeF8e3264880706a10A871248987955eDFD40d,node02,78fab7c8def4470aee44c231f4e19eea51514aba74d3e0b4220165fa246a25c6,0,1791366425.0809712,1791366457.5864897,32.505518436431885,62,241970,confirmed,
723,0x30A155d551b8345723CF91f8327F33B5ae5caBba,node03,ce380e4847598f086decffcc8875ba288e64f965b57ac59d4f80e12ff699671e,0,1791366425.083313,1791366459.6366847,34.55337166786194,63,241970,confirmed,
724,0x7e95209303335CB94d41cB16B14af07BC374DdB6,node04,66e6c143fd62d4f213aad3dbbe647eb47c6ec4b7ca31df3cad7baf7b486c6a05,0,1791366425.0853145,1791366431.2876327,6.20231819152832,49,241970,confirmed,
725,0x3e145390c2D65C23B6a4DB746eE7c5DB32DA570e,node05,076f722bbce96977089e37566d1a44eec5484947df90b7df7f4ddb6927902b7d,0,1791366425.0896056,1791366431.2997215,6.210115909576416,50,241970,confirmed,
726,0x28D118E6b78D278a48c0514cFAbB21Fad51f45b6,node06,c01334da6628465ae8871a82bd1c583b41e1e30fd700cbf793545313fa24cf85,0,1791366425.092367,1791366436.8870788,11.794711828231812,51,241970,confirmed,
727,0x83be64FCD80826c16C9B8E4391d6FF06611d35Fe,node07,7e1fae3a5384d467dc38246300b7fb8f9916323518f23874a9b1cfcbd7560923,0,1791366425.09391,1791366437.264879,12.170969009399414,52,241970,confirmed,
728,0xF52f4831a4c2b8Ae264bc91F92F5aa6DE3B2C5CF,node08,5ec34e9175ddfc0037e679b251b59617f53b4bea80cb5e6e6a72bedad60c0860,0,1791366425.096781,1791366437.3237371,12.226956129074097,53,241970,confirmed,
729,0xb360C1d3Fb059E7116fb44042538EE38Eb93383c,node09,895bd89a696e20148126f2c026d610a02244154ddb1f684b3e7ed15179b7ba3f,0,1791366425.0985682,1791366442.301857,17.203288793563843,54,241970,confirmed,
730,0x252d869733Ae0e9bbF19C346F9421cb65B1D5057,node10,e3bb919d19008b01fb58a1e0a848980eab739d83ff12f92fc2585be423bd38e8,0,1791366425.103006,1791366442.2952924,17.192286491394043,55,241970,confirmed,
731,0x270961923251b8999470c6D56e7616fe16A24104,node11,04dfa375939bb37124a9043f6fcd15daa171fb960004e92871d8c2dabe1a00d7,0,1791366425.1049426,1791366446.943337,21.83839440345764,56,241970,confirmed,
732,0xc580178210A5B8e7a343E1035898307b9840D00f,node12,4da61cd44d9390557569291142ac7d1a5f3f06d3ab57331ef45af37e301a078f,0,1791366425.1067133,1791366446.8912137,21.78450036048889,57,241970,confirmed,
733,0xf8c0B38cb80cb713ad24D07bC26234e538646b07,node13,c1df136b93b1e080991b483d2d519ac604b27ae2c9ceb02c096c66d933c21747,0,1791366425.108335,1791366449.7297497,24.62141466140747,58,241970,confirmed,
734,0xecaB848eaDCe5C60f71f1Fc0B3B151a223E78dC7,node14,2576befd6d9e50954bdf3752a49f8e85ec8a76169adf0873bc5c80d36966adaf,0,1791366425.1087573,1791366451.9544284,26.8456711769104,59,241970,confirmed,
735,0x48f4dCc719384aB2F509b74f1603C5603171d2D8,node00,c36b7445f9d84e1e2963fdf3714650382f55f943f966cd198c6167e3a2543085,0,1791366425.1112578,1791366454.2342062,29.12294840812683,60,241970,confirmed,
736,0x715ab6a578be354Efb688cEa76B0D2b82Bd6e1Ce,node01,6e51a622a7773e4c2ba743dfbe378fa109a5db2363fc7ec8aa1cd91acd6c9126,0,1791366425.1159687,1791366456.1208525,31.004883766174316,61,241970,confirmed,
737,0xe5655462FE0652EcB5652d985f7dF79c23F6E402,node02,6123d21fdfd710aba9cca033cb829f6ffdc2b3ed799f9487659936eadff56261,0,1791366425.119717,1791366457.4881685,32.3684515953064,62,241970,confirmed,
738,0x9c2515523E53738c3a4cE828dFd40a251ff31af2,node03,0bba1b55911d9154c1736b9441fea50a56c609d2288332d5479f906df750a396,0,1791366425.1218,1791366459.645695,34.523895025253296,63,241970,confirmed,
739,0xb8e6852D3E48C171B41A7179E502Ad9E36F9f525,node04,001a662e239ea77b67b0e15f901c5a092fa0762ff7f6dd678235a09916580756,0,1791366425.1247323,1791366431.3210611,6.19632887840271,49,241970,confirmed,
740,0x32904Cea818B048d44D0f39D91D351dED5873e16,node05,ffb875282684c70743c9825c4864828740f2c5f3f54a2e63d57a7f7a7a10a34a,0,1791366425.1273472,1791366431.3366256,6.209278345108032,50,241970,confirmed,
741,0x063Dad75b91dBA560D177E5f99c5881848ccf56E,node06,1c91edb45d36f58eabe4e4955998e1f16065aa1d6e3279467651494dfd6c8b6f,0,1791366425.1281133,1791366437.262078,12.133964776992798,51,241970,confirmed,
742,0x1a651032bC6f05479C350Be9aAFEB44D92c4903B,node07,af4f91bed7cd0c069e08c64b09e4150a6623243ef2b76566f35af41fc3e04559,0,1791366425.1307697,1791366437.4158142,12.285044431686401,52,241970,confirmed,
743,0xeb2A9541bE8eA48098f964ba2FFF5CAb41E336e7,node08,fbb68476b7d134cc0971a30f267fa70d5f9af8fc1fddace0e10edbb4811dd8f7,0,1791366425.1355045,1791366437.089855,11.954350471496582,53,241970,confirmed,
744,0x356146D5349584a23f6095E16371017C7FD0F073,node09,a59fece42c1b46a0f1b64054ea6d1d968677abe2501f29acad08684bcf0806df,0,1791366425.1397026,1791366442.535456,17.395753383636475,54,241970,confirmed,
745,0xc22249E38A16dE197D2e75F9f2c2A6EEd8A2B890,node10,a2ad48b513fadaec3b7352c636743a459d16580b00739e9fa75438f2399dc1de,0,1791366425.1417692,1791366442.5721266,17.430357456207275,55,241970,confirmed,
746,0xf2F85c2fF6b4010aA8D44A97Db53A0cF92003699,node11,8862d1ddf2f32db1ddfacad0132f9614cef8c3d05fb8ed905f36877fcbd87a81,0,1791366425.1429102,1791366446.815863,21.67295265197754,56,241970,confirmed,
747,0x294A37054f41Ab6056f48Eaf7e5398657e615621,node12,259b79a23418836124e363ea9b09c3b4976024c2f3a27511d62218f6593fde6c,0,1791366425.1453679,1791366446.8972068,21.75183892250061,57,241970,confirmed,
748,0x0d0c483afa17F1D8fDA96CabE2Cd9Cbe12cc835c,node13,80bca8e2c2cf55c3353f5b90380639c498bdec3f7ce54fac343512bb8fb8a99e,0,1791366425.1474123,1791366449.6599758,24.512563467025757,58,241970,confirmed,
749,0x5667066a24B4C4306E283567A247B2E332D2B8dA,node14,1f49b0365e5078bf02b3eeb168ba712a93162375aa23a646c6df5d2493f9422a,0,1791366425.1495,1791366452.065656,26.91615605354309,59,241970,confirmed,
750,0xea96D43A8f20C0464e6A72Da91E8e49Fc3112D9F,node00,d1d00ebc879acc181a2706506544d0bd9f722f32039ef45db417bc278daf09d7,0,1791366425.1502051,1791366454.3529186,29.20271348953247,60,241970,confirmed,
751,0xf4eEFAF926737331d108fdC04256eB6CD54373d1,node01,d0c1c4062564046394ffcad7f2cd90bf3cf280619e0ae89b5a6cb489ad3f8d66,0,1791366425.151509,1791366456.1853266,31.033817529678345,61,241970,confirmed,
752,0x0fA28dAB8b96e82Aaa83cE3A68c9b7bF35AE758F,node02,d712925eec7e6be290175a962f4a42209a17dbd63aeded8b65fea3864bdc87b7,0,1791366425.1532128,1791366457.531142,32.37792921066284,62,241970,confirmed,
753,0x6e91d60513842d9DeF8561791b4512Cdd5D3EB90,node03,80ccaba27d934c2bab25465d3e933e272b805596607f2204a3708f5532645131,0,1791366425.157113,1791366459.6604588,34.50334572792053,63,241970,confirmed,
754,0xA83b78454070BB0E32714bE8d6843A8a94F071cF,node04,eeec05fc8723346cc2fa388686a9af8b2db24d1cb30b64c874606a275b0a8ac5,0,1791366425.1576023,1791366431.354419,6.196816682815552,49,241970,confirmed,
755,0xA9E5771fF37E4a6c7e5bC908faE47bE8AbF1f5d2,node05,a227dac3815a826b75eb11ae42045b7f5573dd5d017c391b955d149f4bb2373e,0,1791366425.1592858,1791366431.3628762,6.203590393066406,50,241970,confirmed,
756,0xDc9DADC1F3c8AAe4354c90d77FBDF18995a44B62,node06,1517d4780f4d4b3edc1d5e96b071cd7e2108abca8847693eac44ce9767871459,0,1791366425.1621513,1791366437.024152,11.862000703811646,51,241970,confirmed,
757,0x7A512c7cD504516D939e070E7cE87d9aADDC811e,node07,abae8f18fde63cd6da93f8fa40e235de199a7b0467af379dc741cd905bbcea26,0,1791366425.1635594,1791366436.9490538,11.785494327545166,52,241970,confirmed,
758,0x30B85Acc0F1f723c2b4a4e918f0FDFAD19baa9A0,node08,b81b0bb41a1d18625b88a32979e13346e7b81e0e8dfc379c9883ceceefd92a1c,0,1791366425.1661763,1791366437.6820853,12.51590895652771,53,241970,confirmed,
759,0xe8a04eB02d1F6DCEBf7c44b645dD3C8d478e4381,node09,7d8bd91f3386e69da754fdd7347c7148a0b06c09197d3959b233b7c914eeb91f,0,1791366425.1680913,1791366442.3493,17.181208610534668,54,241970,confirmed,
760,0xe804d232989a1E7C1b2A737B049F2ae1E0b133CB,node10,1b34a38300b79a7f199f6139f2149b296ddacf5cc0442590b6532d5f31191ea5,0,1791366425.170216,1791366442.4900005,17.31978440284729,55,241970,confirmed,
761,0xc71ADEb4C79338eeACbDe81e030Ba8b6BfdbC5e6,node11,438e022eca6a38b13347d53c03fc719b7976989dcd636033e7448045e36c3ddc,0,1791366425.1714494,1791366447.0890112,21.917561769485474,56,241970,confirmed,
762,0x289b389e995660eA3133e3672fa9424C46AEA28e,node12,a167e35ab8c8b941c97f6a40887bce71eff759b443ad61a4628357d955d59f36,0,1791366425.1733413,1791366446.7468188,21.573477506637573,57,241970,confirmed,
763,0x53E1cF17FDFB90E28eb7f66b80e882d97ff64814,node13,5d24e24f3577600b329d580f4cb4e17ebba0ea7fe4cbdc937ca358f35984a3c7,0,1791366425.1767237,1791366449.7995107,24.62278699874878,58,241970,confirmed,
764,0xfB63f723aAF8e1A1De66E677dD8CCcAE12d899fa,node14,bf23086885b6a5918bb6b83b74862d417b519a8cbba49fe90da4e8f9a666e30e,0,1791366425.1800387,1791366451.9992998,26.819261074066162,59,241970,confirmed,
765,0x9e5648B724765eBe9815F07c5db81Aa0b814794b,node00,2509af5e274b3e73f6bb7a01d1e41e231c42d58d33291864a7d6c78f7ebebc10,0,1791366425.1823826,1791366454.2045324,29.022149801254272,60,241970,confirmed,
766,0x679217eB75a7752d542FC6e62F92FdED04e7c145,node01,5ded003edbe75aa085551147c3048ba2606d022cffd16c526be7e93937b754d6,0,1791366425.1840463,1791366456.1648288,30.980782508850098,61,241970,confirmed,
767,0x5325925bF1bf47ef62E46bB955FBE7DD8c75D5d9,node02,2fc5e68de76a1d836dee4f9602283b977867e350b099aee91e9729d028790754,0,1791366425.1856956,1791366457.496266,32.31057024002075,62,241970,confirmed,
768,0x7380f484999e6EaB489C36608b2F9E5E6Afb4842,node03,914e85a53ebd8526a98f2e0032f76396c346ed72a1099eaee1b4304a6b2b5fd8,0,1791366425.1872008,1791366459.6693292,34.482128381729126,63,241970,confirmed,
769,0x38C449ba3889b3EF690b04e6Bc6564e4b80D7149,node04,b4e0395abe25e0418a878392339a85bf8796da15eae80ec30987c2ab3eafe0f3,0,1791366425.1885574,1791366431.39503,6.206472635269165,49,241970,confirmed,
770,0x669a7561863e1405cb59248427F4a5F52CF76cAa,node05,a7024f1cbedaa8501b9ddaef8853d2436083bdd15f7174097769d2e6ac7c36f7,0,1791366425.1899583,1791366431.400046,6.210087776184082,50,241970,confirmed,
771,0xB7f96f2C65E534165A335EA01202c73205060cDC,node06,536dc2da05644d4c87c4a5c524182485985715eaa82f460703a7f09327e06999,0,1791366425.1918051,1791366437.3691528,12.177347660064697,51,241970,confirmed,
772,0x665C20b72Cbc76bE08379150CE8443b3eBb1eC96,node07,1098d1dbecd184f745353e69655c488995902726a25b34919a88b983746a0fc7,0,1791366425.1931274,1791366437.070916,11.877788543701172,52,241970,confirmed,
773,0x706aed27A352118396b913724aD8552Cc5b67740,node08,d31e186c2755b2cf59ec88cea50e749adc7f8a5c689d6786b6b48a6846a1b46a,0,1791366425.1944745,1791366437.5714047,12.376930236816406,53,241970,confirmed,
774,0x6DD17FAb804e88728B9A268004C2d0BB74C52A9f,node09,acfecaee832067c10ba5d645fcbcc1f7779badc4f2dc462ae4e92e7d447bfeda,0,1791366425.195852,1791366442.5037675,17.307915449142456,54,241970,confirmed,
775,0xC7fF4aB8C9B3dEde306642E79211D9b53c0418Fd,node10,f6b034a85ca86caece5fbd48d202aeeeb62de93c652a867ad28c2aec0f59728c,0,1791366425.201831,1791366442.371729,17.16989779472351,55,241970,confirmed,
776,0x7C980789C6410b225FCb86581392cD859466cdA0,node11,44db9f31fd7eabcbfb7176a5c7d4e63717ee250f649a409b1aa9133206f00758,0,1791366425.2038815,1791366446.8479583,21.644076824188232,56,241970,confirmed,
777,0x45b8ADFd9d30a3f7D0236D5286606C2e91114F2C,node12,54f4cd06fd80ae04120b2a0f1b92118115f16684555d4c64682a797722f7d58e,0,1791366425.2049477,1791366447.0389812,21.834033489227295,57,241970,confirmed,
778,0x651A0c00eAbf3907f4618F959C415B45357e055A,node13,8d94d882adb8aa125885b084e09a27b0057a5209b69d3a195378bb7ef7efe037,0,1791366425.206028,1791366449.7243717,24.518343687057495,58,241970,confirmed,
779,0xd6b6001Cd1cD9Bdc5DB1EC3620e29A1Ac6CF8756,node14,62353a7b8349991ef243c8eab44a599a94cd0fbab191a4c97b1638be08cd4451,0,1791366425.2087982,1791366451.970468,26.761669874191284,59,241970,confirmed,
780,0x7D8B5c0b66523171687c97224D7291Cc166dF009,node00,5d18b9de6588f1c68364366faa24758e39a89b731ef975a5c1087d4da65616cb,0,1791366425.2100263,1791366454.248849,29.038822650909424,60,241970,confirmed,
781,0xc14c13a47D7Ee881fD08655efEb754DdC7A0547D,node01,c32908ae65f451ca8b1bded764f7e2dd247d99130f7a6df8b14037b17ad1c2a2,0,1791366425.2123477,1791366456.1257164,30.913368701934814,61,241970,confirmed,
782,0xD486E57eFBfD1C2a3caBc14F3274c82a2c7AA2B1,node02,42bd5772cad889de864a2e76b95394c92641a6a2694089c7ae1030eac523aaa3,0,1791366425.214477,1791366457.5092027,32.2947256565094,62,241970,confirmed,
783,0x6B70da43b283aF98FF704410C6DFD6401f565aF6,node03,c3337061ce1d7669476d3d6cf07e30dd8b1ef4723a0558cd2641183963e96c85,0,1791366425.215692,1791366459.765644,34.549952030181885,63,241970,confirmed,
784,0xAC74046EDe7CBFbAB380054b7adfC2Aec7272A5f,node04,cd93d30866d45d341dde7720e0081c2a88f5d8a48913ba98f0ddb1b4469bb7c1,0,1791366425.2171214,1791366431.4244869,6.2073655128479,49,241970,confirmed,
785,0x4883a1D12E80D7562407128798E425222d8D029A,node05,b0139d30512cb1f0906772ffed8e0bbaf6e5d9e7a85090ec359f36cc5f9fab2a,0,1791366425.219119,1791366431.4218624,6.202743291854858,50,241970,confirmed,
786,0xF6aCD2bd8cD63B2621C094d0DFDFbd50c7baB1f3,node06,ff8f047540d436cfd4ed5abab70ccdc5d743fdb319a14245f6abfc8783b28312,0,1791366425.2202096,1791366437.469653,12.249443292617798,51,241970,confirmed,
787,0xF2eaAfb226b1941E343325BD64878Fb15ac20C0b,node07,62bc9ac24b7014afaa029b4f98753730bf0197adbec0313e4e9cee4d699a7d75,0,1791366425.221482,1791366437.7430964,12.52161431312561,52,241970,confirmed,
788,0xe607d07A70F5C9ecb5a458d6cdf346A8E92136F6,node08,113c8d4035d4793a7d5945a513f298d58097c352ed3b80ed466ea0b223b27c28,0,1791366425.2229302,1791366437.0423324,11.81940221786499,53,241970,confirmed,
789,0xd141326c360f913b30a92D2EB49963dA67a88718,node09,5a9e1f22833fb3f11836c91ba22bab36347b325f120bd1cd0582ae13c9ffe2bc,0,1791366425.2258315,1791366442.6063542,17.38052272796631,54,241970,confirmed,
790,0x4b78900774e747F973b4eE270f66B5bF3b0dA7B8,node10,321c6cd78eb95065f1941b2d12e257bd6a3feb32790734d712bdff299375e063,0,1791366425.2290423,1791366442.5192957,17.290253400802612,55,241970,confirmed,
791,0xAA851ae52C6FbcE098dE421b4D74508a9Ae72742,node11,89df143afdc3f756bcc6a1c71896bc251e4b4baac958fb34188e8d6217d41558,0,1791366425.234854,1791366446.8557904,21.620936393737793,56,241970,confirmed,
792,0x2cD01063818493ef44e89FDa3fB8A0c558009e61,node12,55602076f3a5b528168b881ee6a44df0b7a3bd5a11388b9a7f613bdbe925bd2f,0,1791366425.237563,1791366446.9079506,21.670387744903564,57,241970,confirmed,
793,0x6CEcdC0D2755f993E9dE204A1FBE72eEe8c6F0F0,node13,4a17452bc31bc84e0f7bfcd79dba5d6138fe1da32bf0a7d87efe9855584e2a35,0,1791366425.2401004,1791366449.7186694,24.47856903076172,58,241970,confirmed,
794,0x1aA7485c687704200DB9B3E79c1BE2a68A10A18E,node14,08a2eefabb635073d0fae31d801bab4271aae4c76b00321c7a6a674465b790b5,0,1791366425.243327,1791366452.067574,26.824247121810913,59,241970,confirmed,
795,0x571D91fDE943262A220b31E97fa776d60d69D49A,node00,222a426b4af92ee51f30f7c62098e3a69c2ca516a9c34a25c456db54e3a98c15,0,1791366425.2450345,1791366454.258664,29.01362943649292,60,241970,confirmed,
796,0x872Ef822d9cbd48358cc94F1d7FBE94B6F7030B3,node01,e441c5b763ce66b44d248b86ac8f6e6dc62fc223315ce2e670e02701c30dffa3,0,1791366425.2470522,1791366456.1388655,30.891813278198242,61,241970,confirmed,
797,0x78836220310e7444496fff8951026013264164E3,node02,c208dcf41a41dfe02937e3334dbd2e247c69f8a9d6c801ee96f6453b1cd278e6,0,1791366425.2506273,1791366457.6643565,32.413729190826416,62,241970,confirmed,
798,0xD56D2b33a337a370231Dc88619A0e796e6f062C9,node03,d6568f7c2829b895f35a21605316753e1b42be329132b3336a87c227f4e88392,0,1791366425.257633,1791366459.746972,34.489339113235474,63,241970,confirmed,
799,0xeb9179FFC9660282D155068FD4045f5653aE2e45,node04,8caf97d93f8a13cfb034ec12aae801fbfb0e2c503b43d31f71f072984542b4d3,0,1791366425.2588332,1791366431.45493,6.196096897125244,49,241970,confirmed,
800,0xE2c10AD82b6789F54bE515460004abbFF266d72E,node05,479e08d905e2c85f0cf21bfc4cfec83f4ee2d06e3d3b7d8b56b76888721ef5b9,0,1791366425.2645679,1791366431.4615917,6.197023868560791,50,241970,confirmed,
801,0x6C8F89C535Bd20C9a7583CD2793497FAD54964D9,node06,7cb73c4946d25c75979450d85ab2b5bfa3a24aba691d9986ec7b26443dd5df47,0,1791366425.2665112,1791366437.3670907,12.100579500198364,51,241970,confirmed,
802,0x78EBa7a3CFD88D61E3C168365520ABC8e66A9855,node07,40f0adef0d91854778b0b6f2377204190a71a2f421de52196bcdeec9f7c9628d,0,1791366425.268982,1791366437.4878218,12.218839883804321,52,241970,confirmed,
803,0x2996f3355B108b37eCd14126A6f50E03cFC944c8,node08,0b7ef3b33f87137c633cbf6e9a3b60cac852ab2c68fcd081976fa4fcb5237186,0,1791366425.2699482,1791366437.1500404,11.880092144012451,53,241970,confirmed,
804,0xdefA05b3C92646A72CaECC5f65a4cbe9c3Aca37B,node09,07f1b562fbb28234736ad0513318a87a872a403256940f903c4dfc2c8cfcbf9f,0,1791366425.2724671,1791366442.4699428,17.19747567176819,54,241970,confirmed,
805,0x8D5f143b4ACB6491b1085E5f9836D3633699d3f5,node10,acf625adf88d49a6aac02303e4d30881289a0fa226648dc47ceb031951280fa3,0,1791366425.275416,1791366442.7134695,17.438053607940674,55,241970,confirmed,
806,0xcC06c9BAA7140E71aeD76CC4550914C55b5661b6,node11,5ba00867c35bb5917289b8fe5e119ece264faf84f80cc5ded224e4370311182d,0,1791366425.2776272,1791366446.838906,21.561278820037842,56,241970,confirmed,
807,0x6cC570cc370C91A40668a5a7D68E3A3Fea9Eb7A8,node12,fa7a71e5b2287bb16c15649da9bf67454e60d647cbfa73d7edbd4525a3b6b3e4,0,1791366425.27923,1791366446.899029,21.6197988986969,57,241970,confirmed,
808,0xbeBB99141f5DD5873Ba982908424283bE6521243,node13,9c5106db1565f4d80b03f5779c43f5c72b95b8cd51d826389687e7ea0f1338ba,0,1791366425.2811549,1791366449.6734834,24.39232850074768,58,241970,confirmed,
809,0xad82eEE1D70CEf6b14D9365B6D0DED5532a869c6,node14,95fe0ca5de2d285a16d05d1d77eb8303f1885e8cc74f47f80505f9c005f8d5bf,0,1791366425.283024,1791366452.0210114,26.737987279891968,59,241970,confirmed,
810,0x601ff9D82a26387D8A74e7Cb3B98F9c24121749B,node00,c293d3de95181aaeae4712851d772184626d04c2d08adc29fbed0de71e9b9e0a,0,1791366425.2852824,1791366454.21918,28.933897733688354,60,241970,confirmed,
811,0x80f5a0821DC80fE01Ae4C2db69cE111eBA326916,node01,a47779b6ca9bd710bc54c85713619cf4b5d612ad4c0b2c0b33957dd122d07b53,0,1791366425.287829,1791366456.1768615,30.88903260231018,61,241970,confirmed,
812,0x9aCcDc93a275C088d8EAaED68FB1aA41544E5078,node02,b69634a1a65561c2ce764193364169cac0ef3ae27c31d3025d81f310d67f29b6,0,1791366425.2917182,1791366457.5522838,32.260565519332886,62,241970,confirmed,
813,0x0ECF342586f3b2030111f6CCF9415147703b6993,node03,c0545d5b5a680e28fbd1ca182c43e78847451c9a787c5120adab9824c97eebc8,0,1791366425.2934139,1791366459.7743456,34.480931758880615,63,241970,confirmed,
814,0xddDb08B532Cd1b5c8a500268d530A02fA418C258,node04,205dcdabca56e8bb0dbeb6795186a7ac362bd446e88074779648c4592949cdf2,0,1791366425.2948682,1791366431.498257,6.203388690948486,49,241970,confirmed,
815,0x1a836Bf4854f1D20B855B2791Af983f4063596B9,node05,4b4d5a991bff42e6c56f951bffc147178235e7e538aa735557b9d44d0fce7023,0,1791366425.2968388,1791366431.5177126,6.220873832702637,50,241970,confirmed,
816,0xEcb3eF4450A7A79f93F0D81133040f0A0BCFC5bd,node06,937acc1dfac4ffad11fb3393899fb1fff7690f9cd1448bc115eced897d50b2e3,0,1791366425.2985113,1791366437.4472246,12.14871335029602,51,241970,confirmed,
817,0xeCe2697cB99B8dBf5617696DBc637b70b128f60A,node07,71a62c945919bd137eba237e7687f2a235de98f1121dc58d49078c3d745008a6,0,1791366425.3016202,1791366437.382611,12.0809907913208,52,241970,confirmed,
818,0x30FC70cE26bc04eF5ac66C52317c8812aB2aa9f0,node08,9aa3748f3325d09b60410dc65eb58e6fa02c6960a43e823afd80deadcac63588,0,1791366425.305834,1791366437.4612684,12.155434370040894,53,241970,confirmed,
819,0x7a8E5F268db1a9A25E48e3D238c80075549Cad38,node09,d0d0fdef01f56296cd30aa52b7f08c70fcd5a85645019a71dd6a5bebd48fc33a,0,1791366425.3070574,1791366442.4225235,17.115466117858887,54,241970,confirmed,
820,0x306C114Ed2A1Cf48cB734670eeC2D583B3B96050,node10,780127f5213995183f12717cd3d9d457525a8414c32d5ea7f3b57a094509edb0,0,1791366425.308837,1791366442.5258074,17.216970443725586,55,241970,confirmed,
821,0x710eBB622C9b7a4183B798bA23A10CDC501a2b17,node11,5c03a6412f1d592e1ac4396606c8c7fe57ae03170b296d353413157b2856e89f,0,1791366425.3129702,1791366447.016046,21.703075885772705,56,241970,confirmed,
822,0x81cd92501973F3e5a9040533f59f3ac888531e39,node12,bf41943ef416e9870baeb0efeeb7b8043965e1f095198c2d7ff4c8a5c3e53ab4,0,1791366425.3138237,1791366446.8926578,21.578834056854248,57,241970,confirmed,
823,0xF217c37625E05877E7255C4C68Cd46aC5835571f,node13,76058a8ed85bfbc713cef4aec6448642b26f1776a1e5e45477a42efb06322cdd,0,1791366425.3159158,1791366449.7958755,24.479959726333618,58,241970,confirmed,
824,0x40e8535F1A08429cD119357Acfb59c1a8342e9C3,node14,37a24a212a9e22d01f2c76847c5d37f6321bddc8b029fa19251f944817f6ef2d,0,1791366425.3175278,1791366452.0961645,26.778636693954468,59,241970,confirmed,
825,0x755ceD3B89eFdF4F90545092Ec338cFA27D2ea27,node00,5c31902f15a3ba02b760a38028cbd8af1776a374d115fe05027c6777903a1629,0,1791366425.320036,1791366454.3340068,29.013970851898193,60,241970,confirmed,
826,0xDB2742db7148A46369343F0efF7D1322De250FfD,node01,00026a7b9a246c9c44501e8c569048dff08742c9cb5a3c1cc84f918065d19561,0,1791366425.3254213,1791366456.1783066,30.852885246276855,61,241970,confirmed,
827,0xC6BA2D4dAd5a27a7e32eD23Ed1886296A794344f,node02,5b2f285b70190a3660f310f8465514040a72e072a62268b8ce8f5c7fa715e04d,0,1791366425.332423,1791366457.5690522,32.236629247665405,62,241970,confirmed,
828,0x9Daf90f13e424C9a308260819787Aa49d205AE29,node03,00b8ac01850796a7d7e314992159f8c6eb263a45fb1b415bdf30e20495ab1492,0,1791366425.3361473,1791366459.7223527,34.386205434799194,63,241970,confirmed,
829,0x98Af55bcC7cb5218ff2e4286172f66e57426540d,node04,4ccdaa9f6c92330af029a23cf9178009b29bfb2e5214507c91ac714224a86d2a,0,1791366425.3372838,1791366431.5455337,6.208249807357788,49,241970,confirmed,
830,0xbc6A75DA367f36885d9fe7961034837e8B059c89,node05,df3716e093fa56cceecfa558402317d675041d88bcb9c8dfe3c889800231444f,0,1791366425.3382843,1791366431.548728,6.210443735122681,50,241970,confirmed,
831,0xFf67FF94de67dC63E3EEed969d34f3bB1Db6Ce7e,node06,6c5a4c70f7ba865593e1c36820c75116b121babd3636ecb8a0fea6e6236b5562,0,1791366425.3403583,1791366437.304273,11.963914632797241,51,241970,confirmed,
832,0x8A679F1cBBf007cDf596a914CCF7d2a845E67b77,node07,8d1250115495804a0cdb5ae946073eb8645724f869a087b711d648ee324f6b57,0,1791366425.3418202,1791366437.4030917,12.06127142906189,52,241970,confirmed,
833,0xcf6D6e48C80eBD37A83Fe139cbd52B0C000C6755,node08,832c5e51c8dd221449b6b8d8f7ae774821bf640c0f25c7c6e915d7cc6ab9d5f1,0,1791366425.3437288,1791366437.2884462,11.944717407226562,53,241970,confirmed,
834,0x9a01785d017a1986c5127B29be5355aC6Fc25e0F,node09,a126ac3b0a37b1ff2cefc0c5a9cfc176851253473f6c837a42815973bc91bd5e,0,1791366425.3474905,1791366442.5785532,17.231062650680542,54,241970,confirmed,
835,0xb39627e7BFE189Fe9c6Fd5256Ba571CB6D65b97E,node10,b970535ca75bb0b5829279dea221dae9483d91b68be1e5e3e8e4744e143b1990,0,1791366425.3509247,1791366442.5794199,17.228495121002197,55,241970,confirmed,
836,0xAaF4E0642F51319145Ff25D9988De20E0b1FeF86,node11,d09833e089b9c872d153d18f2658e3b609174c27ce6f67a28fe3542e404bef0e,0,1791366425.3531415,1791366446.9416955,21.58855390548706,56,241970,confirmed,
837,0xa246615752899f9F5fB38465f7309057f4bc0194,node12,3adb205a0b28dd4c3207b6f8caf9413529f4f7ec1a19a29c6aef477479742aa2,0,1791366425.3547935,1791366446.8853638,21.53057026863098,57,241970,confirmed,
838,0x1Ae8f54fea77078620CF867c6679931F58c1d465,node13,dff9f750c84851f1f45d881cd3d3522f9fdc5eef9dcccdea45ce7d2edf5b9186,0,1791366425.3564956,1791366449.7707505,24.414254903793335,58,241970,confirmed,
839,0x5107e881E22266D54E7C99a81Fbfb5dbddCe6F7C,node14,9cd2e79cb5cd241410d45a97f625bea55ecf5a4657337d316edca51a9a3d16e1,0,1791366425.3580182,1791366452.1179056,26.75988745689392,59,241970,confirmed,
840,0x4DAc774598c756A7929061ad1197298D30E3db38,node00,31432eca5475cc0679ccbafdd208e6c5067f5e74e48902900bcff1e723e5ef05,0,1791366425.3607323,1791366454.4826128,29.121880531311035,60,241970,confirmed,
841,0x137412B4E9008185b1c05353dd6274B16294aCf2,node01,815e9a8226b2a0e6c71237405fcd66bca9ba9f86787911047ca1c65a4258b260,0,1791366425.3612454,1791366456.3064487,30.94520330429077,61,241970,confirmed,
842,0x1d946BbCAD0d0031C2436892499dC742559A25DB,node02,7f2ae3469dde4e0559042a6d90f4c826325c95270474df410a530046a3387a9d,0,1791366425.3627605,1791366457.5329902,32.17022967338562,62,241970,confirmed,
843,0xe4344255C314D036Ca8384AcdAe00d56e58FC979,node03,3e37f7f8ae40dc130e50211c25fa62e029f8d1597751608fe053e165943b65af,0,1791366425.3637319,1791366459.86454,34.500808238983154,63,241970,confirmed,
844,0x20DD4c5B74a7c95289bF3E86345D5FC24E091bE2,node04,ed8abf21ff45e2f150aa4cde462e9bdfc8499dd9acb149de51e85b9ef1404dd4,0,1791366425.365811,1791366431.578218,6.212406873703003,49,241970,confirmed,
845,0xF8a704361bA15a7005D057E2a0F5f20F929B121c,node05,de9e464105cf754bbc6d0e0f1c59e334d4655393eda0ed6168e7a5f59d7c0c49,0,1791366425.3665836,1791366431.574882,6.208298444747925,50,241970,confirmed,
846,0xdd00fb04D8875dCaF940627BE9500F9EB1b751fa,node06,e16cc1c6f4f09476173ab4041d8355b1451d51c11233c51f2d60561f421c7114,0,1791366425.3686855,1791366437.6695468,12.300861358642578,51,241970,confirmed,
847,0xd4EAB9546132ac5d0506E932A1A76d522BacBC76,node07,7d9a85bd78b02bbda2cd968984a06368a5a6a00d4a9d80c7e08707fe775ef25c,0,1791366425.3718767,1791366437.6161427,12.244266033172607,52,241970,confirmed,
848,0x2812b07f1E795EA293D88dec3ac1398c60D18672,node08,8763e470cc871fc3c6f33a46fffd78f4511a824a97daa4663036f607e1bd0851,0,1791366425.3749318,1791366437.8148396,12.439907789230347,53,241970,confirmed,
849,0x4d1f7887E973F3b14871D40f320deef6bF83115b,node09,9291528e9185b649e889b0c1a4b8b6671b8189bd3fe3178d22f383d5d46f1919,0,1791366425.3758922,1791366442.5060198,17.130127668380737,54,241970,confirmed,
850,0xbb6A228fd05dd065a6453B0045137DFc5EFd8442,node10,53ef5b81da1a3bcb4363a6e4a6e00c51f6c9a3f1547b2a26072a6f59ef938e69,0,1791366425.376883,1791366442.500133,17.123250007629395,55,241970,confirmed,
851,0x2C0854fBb0f1A28a48915068a13ce1dE9C3B6EDb,node11,e07a53802a20d5939dde3e39a020caa4d037a1ac2ee570e8a5f725e3c1f1493a,0,1791366425.378409,1791366446.9490767,21.57066774368286,56,241970,confirmed,
852,0x23D373786514c656A806Dd669FfC0014d1948941,node12,0d2efa5e46ee318be991170805b0a59b53a7ee946055f424fe69e1c29d844c7f,0,1791366425.3798122,1791366446.967439,21.587626695632935,57,241970,confirmed,
853,0x6125b80aB831eeBAF398a0ADdFBC72e2FAB527F6,node13,8e07e9f6334d9bc522e62f98935311b988f791fde1b48544a6feceab1a3c2c72,0,1791366425.3830872,1791366449.868088,24.48500084877014,58,241970,confirmed,
854,0x73695072969423e0544cBa56AaCEe9511F91eA9F,node14,aa67fa483aa43b8622c35df35386b03e27839e49f6377d5958d965c8323ca84e,0,1791366425.3841553,1791366452.394633,27.010477781295776,59,241970,confirmed,
855,0xA477b7793E837E1337B6c6Daf7186E73358a3aCC,node00,1f1c76c2ca63e8fb9e387098412e0bf59e7c9f659b1979fb867691d245465182,0,1791366425.3862646,1791366454.2764428,28.890178203582764,60,241970,confirmed,
856,0xeb795624FC5Fe897d08FcaB785CA164309DCE833,node01,985b661eb4662e3b6e8d7bad0c89d5d7a54730cb4c5bbcdb2e807b41ecb220e2,0,1791366425.3913114,1791366456.1724453,30.781133890151978,61,241970,confirmed,
857,0xe37c2F08528B2e867adb3225e3810988A946383b,node02,04c9bae6ee6264787a722461ba82b2e3d2a0e99e680097bc6e531718451fa648,0,1791366425.3955116,1791366457.5253286,32.12981700897217,62,241970,confirmed,
858,0x83Ede993b58EA79BC51828a3cA2e0c910CbF1c6F,node03,c5347d0020afbc7c40feaf15e632b9891ab75ede2f5d999155e25bd4d594307e,0,1791366425.3974268,1791366459.7805884,34.383161544799805,63,241970,confirmed,
859,0x098d6d5Fe8dE782A8B97E4c54443938893f7113A,node04,028f4cc53e07dc585e101e53e37610a0fb7c192ccd023bd5124abb434ed73365,0,1791366425.399721,1791366431.6361895,6.236468553543091,49,241970,confirmed,
860,0xEBc8c74761447e06700368C7d5Bd2583996C8F65,node05,676d77060a19bb95378059edb8e692a30044a45f62f447764fdbb715772ff009,0,1791366425.4005127,1791366431.6455603,6.245047569274902,50,241970,confirmed,
861,0x3E640e060BfB5B6506BfE3d719c78207EDA9dcB7,node06,9a08ff2e88d2e0bb214e32f10f5dccca4d71c7c7777ff1e207f5ecc8239f3004,0,1791366425.401587,1791366437.5656717,12.164084672927856,51,241970,confirmed,
862,0x27f1F4791db8669E8964E416703AA5012ea71E31,node07,ca64e06694e64ada41136c5b4ba0449b295baceaa2b0c1f6ca1e984ec39bfee0,0,1791366425.4055932,1791366437.7672453,12.361652135848999,52,241970,confirmed,
863,0xD86D135A04B22825a3C645034290F4E18238be9d,node08,c1d14d92ded0966632897ea9a69c542c9dbf3cc109040b1858024fb2bc5bebc3,0,1791366425.407464,1791366438.0495362,12.642072200775146,53,241970,confirmed,
864,0x5f5FC7908c8Ec422EE363D054CCEc428714A6beF,node09,eb9147f2a9bbb3fc759548cc7db8d76d6f50b433420425ec20c7c0ca0121951b,0,1791366425.4132318,1791366442.664438,17.251206159591675,54,241970,confirmed,
865,0x5d2bB59C61B9458DEf9A854472E1843FDc0312A2,node10,34a1a68bd4c5a2b02b3ff3bfb986b1c6c8e8fbb9bafd7bee44335aa615a48230,0,1791366425.414377,1791366442.6184354,17.204058408737183,55,241970,confirmed,
866,0xf73ebb0C09D45D404A33FAa5816E21C7ef83ab80,node11,ee63a0b5407e4ac4cb4f09d6f3129a87c1a9b717e7387f6f98f9512938a4a9f6,0,1791366425.4164994,1791366446.9802713,21.563771963119507,56,241970,confirmed,
867,0xD08e57C918e7564F4af803343d4bcCac3414c421,node12,dcd8e9f6b20a970f00870a39771e56513cba5a5429851eb14963dc7d1b35f852,0,1791366425.4214776,1791366446.9704437,21.5489661693573,57,241970,confirmed,
868,0x2b3504Cb8bBA8aFDE6506f8e1bdd2cA584a7356a,node13,f5fe1ef3c0afdb1c57db9276904877580847a95237205fc42da28fb2cbd71b8e,0,1791366425.4234216,1791366449.9378312,24.51440954208374,58,241970,confirmed,
869,0x277ae1e17B7B7d080394b983148549D8f35EDF9D,node14,5ffe5812d902e2dbe1ce84315289fd78eebe096205a96396fd983adac93d7501,0,1791366425.4266005,1791366452.0908804,26.66427993774414,59,241970,confirmed,
870,0x1C3654F0a87F3B28CD165F3b8536c0feE89788f0,node00,b4bc41ce38f242096bc8a6c38914de7c877002bc05389633f0d1d0c0fef341fb,0,1791366425.4289763,1791366454.3783596,28.94938325881958,60,241970,confirmed,
871,0x70b2102e9b20E2C88C3411f06D9579B32915C1A3,node01,4afa416d103cbf09aaab9e3c7adb04f2e7a01a093b2f1260568331573daf384f,0,1791366425.4315908,1791366456.1449785,30.713387727737427,61,241970,confirmed,
872,0xa19af63531b4B7A87BbA9D50ad3Fdd72459EE6A5,node02,25f6cd7735a8ef62a2fe1a60c128387d11d40b08ce93251b1737b424f236c3bd,0,1791366425.4339073,1791366457.582657,32.14874982833862,62,241970,confirmed,
873,0x17E429426E38D52fd8AEE1286A8BDe7831961d2E,node03,bfe760143328ff0b3dce8f65fc212657aee63034816817253273d297c77442be,0,1791366425.4347303,1791366459.7764168,34.341686487197876,63,241970,confirmed,
874,0x0549966848625Ab409B6c1Cf5b0055c75839528d,node04,3678c9ef5bb643f553a72d747961f2f5d362d356e9e1b0d35ba53d0a4383677e,0,1791366425.4365757,1791366431.6877463,6.251170635223389,49,241970,confirmed,
875,0x7E2E11D969057e474cab79b3d05A8361C48D8547,node05,c25bd96b2b5233372c82e601817c21859670c0fa5a83bf72e91039cf88b6494b,0,1791366425.4390216,1791366431.6971595,6.258137941360474,50,241970,confirmed,
876,0x825078D74003F57F3eBc73a8F39600ac2892F80f,node06,f6bc6b2ebe05e9ab80727f94de042c8580447742b1bf30d833e53c1b586bbbc6,0,1791366425.4411736,1791366437.546619,12.105445384979248,51,241970,confirmed,
877,0xe0202CcE262a66470da68cB331F598e19f2CC80A,node07,671e75460e252c0d608c56964ea9f0b7782b9a04fb07da8f3005b34a3b4c256a,0,1791366425.4424949,1791366437.9024265,12.45993161201477,52,241970,confirmed,
878,0x4bBe0049Ad9C92B14CD34971e33822856ae415C7,node08,17de989b05b3dc51b37131ea0a8e18c4f8f1b7d014b53897b42dca94a05c36b5,0,1791366425.4433782,1791366437.6758444,12.232466220855713,53,241970,confirmed,
879,0x1121aB8aecF53bdd03E615aD067F6e59f22E1EFE,node09,6613c9736ec3cfc0f191fe4dc3e7a0da480e4fc11aff84cf76481647ae2869eb,0,1791366425.446214,1791366442.515538,17.069324016571045,54,241970,confirmed,
880,0xf3DCc5Aa893F1903a31a13f396A86952e892eEfe,node10,1de225d2a735bd73e03b430760c189d363a08c50b1cf4ba307acafdf7d10db04,0,1791366425.4485645,1791366442.6168807,17.16831612586975,55,241970,confirmed,
881,0xdB9853BCF86Ed97e4D244DabC0509D5d9bf933e8,node11,a9abdec3f2fdcf455de5cceb7e4433d59426e2e8feadf9eadfdb2fd444ad7036,0,1791366425.450215,1791366447.0111163,21.560901165008545,56,241970,confirmed,
882,0xb916cEAaA1C1d0BE885d10B6A63653ECe71ceeed,node12,b874e24869b11c18f1e8a09f7831ebfd97f810e74c8c800a887499d45d717a7c,0,1791366425.4526684,1791366447.0480297,21.59536123275757,57,241970,confirmed,
883,0x8E308285Fd70226a45229AC7004166d4975B4eee,node13,f8f201695684241095f9ca2ce3a7da1ea39858c218724221d4477c4cdce3588e,0,1791366425.4543905,1791366449.843897,24.389506578445435,58,241970,confirmed,
884,0xb16F3DAF48aFAAB72124b5eFCa9FF440b2F27DD7,node14,a6d1cabc4bd5e27b49860c8ae0c5610631a043d266cdc700dd35a6a44116ef7b,0,1791366425.45633,1791366452.164807,26.708477020263672,59,241970,confirmed,
885,0x7a148205A892C0BBf88b7C4EbD9F0ef97BF3d0A9,node00,cdec9c33457b92bd8fedba8821238e38d91244883eeea14a277d186d0caa9712,0,1791366425.4582572,1791366454.3414645,28.883207321166992,60,241970,confirmed,
886,0x00f9dCAE30E39D8158597A39e6D3c5D73CdFa7F5,node01,b193da6a3d0b3a95453a5e4f0de9322d340e6861957eb40bc7b333e80e7d6d57,0,1791366425.4609103,1791366456.13126,30.670349597930908,61,241970,confirmed,
887,0xB93C8F42Fb37634791FeA8A0cDaB861eD10E4eda,node02,d6818ee452441a42657da80a5a3e153e90617a41310286cae67f6647c21aa46d,0,1791366425.4633372,1791366457.6136134,32.15027618408203,62,241970,confirmed,
888,0x14C485d05588700380A49C2b387407E066fd6592,node03,2219686b89764334653d2799bfd8f2d121aebcae25f833f37bbfba6543121170,0,1791366425.4655492,1791366459.7641969,34.29864764213562,63,241970,confirmed,
889,0x65f6E9FC282F009D63bf0Eb75CAD55eeFc0fccc4,node04,ece4df4f4e705c698c7aa39d0324bd50c71fd771b0c1a0b2428fa9e004a001cf,0,1791366425.4717515,1791366431.732855,6.261103630065918,49,241970,confirmed,
890,0xE0484631286BB5311436C8d2443DdFa60e1e361E,node05,a6322c8c0a62c719c6870cfc44947da7340600a56e6707fb1da1383eb0dfac2e,0,1791366425.4731727,1791366431.7228866,6.249713897705078,50,241970,confirmed,
891,0x77bE0089D48a07D3198F4E800C036e1c9a91CA4a,node06,f569616eb320c94c9538dfa662dd60c89b44f8b529d01738d71d61338a4e472a,0,1791366425.4774277,1791366437.756659,12.279231309890747,51,241970,confirmed,
892,0xdbCcfFc46799131e6Ab436e0F6037735e69C85c5,node07,f48ad8511823590e8c803588fef1beacac5f11ce934f8f9e92f29bf97eab6bbf,0,1791366425.4788334,1791366437.988803,12.509969472885132,52,241970,confirmed,
893,0x8905122705D8998fD8eD1D155E831A9F6a31C52d,node08,86a48cc8bd88723207f4f8781c75880dceeff52c30db5612b58b28743a928e57,0,1791366425.4808578,1791366437.6851943,12.204336404800415,53,241970,confirmed,
894,0x4019Fa90a0ff2D7c8e1e8c28622b46bE9fe52787,node09,c7584b1eac3f8d30470ae4398dea07f4563795d6c1085838f717d80e9ef384fb,0,1791366425.4843218,1791366442.6777709,17.193449020385742,54,241970,confirmed,
895,0xE4106112E02Ce97Ee252a635A723cB49650917Be,node10,e3b8e09fcc30885669ee11b9efc5205d5c56956ec4f7b896ca477dbcc9be3533,0,1791366425.4863052,1791366442.6047735,17.118468284606934,55,241970,confirmed,
896,0xBf4d9bDBDB3e22CDFEBAC4a00589C70EB03457a0,node11,d60a3076bdbbd090803bfdeea8e8dbcb771f5b01597aa7f97379dbb343b6b834,0,1791366425.4878492,1791366446.9644792,21.476629972457886,56,241970,confirmed,
897,0xE88Bd471E5757Db72Bdd4eb2e55B1d267E2150bA,node12,6e47255ea93a5be91f1d6bb2cf8ca2501b689491931b5849721eddf2f79689f7,0,1791366425.4895275,1791366446.9995997,21.510072231292725,57,241970,confirmed,
898,0xAAAF3Cd323479c331AD2d0B0B4679db59D714Ae4,node13,9fcea7983ae84bf9c82af39393c16bfd3db670e203c78dcc88023fa591aaed5d,0,1791366425.5000458,1791366449.8475108,24.34746503829956,58,241970,confirmed,
899,0x35F7b3773296c92Ed0d70583A1b190C6504743b6,node14,1690f7072425de13c52858c310268b0b56991c1cee7708b8ab5f4f550e395a5c,0,1791366425.5006564,1791366452.4444578,26.943801403045654,59,241970,confirmed,
900,0xF5bfeeF97e213131a9b0BD6E8669C8865380252c,node00,00f45b9aea11e66823fde8737b4fd436621a044f8704e05f84e71eaefc7dad8b,0,1791366425.502482,1791366454.413224,28.910742044448853,60,241970,confirmed,
901,0x05D5eDAAAA74A890120943702a00E13EA0482D9D,node01,ff9ce508e6534eb54a3a6c2aa580f95fc198ce1344c85fe1c841b6c14b1c1fbe,0,1791366425.5045164,1791366456.2314565,30.726940155029297,61,241970,confirmed,
902,0x8A174420033EA46341D6E3EcfCed58623426A675,node02,609082ed478b78fdaea1dbce02012dea06b886dff27bc423bfb6153294401721,0,1791366425.5093932,1791366457.6009743,32.09158110618591,62,241970,confirmed,
903,0xf7FcDFE48C9B46157fED6fb065145fbF442b72Fb,node03,2eeb1c52f31fb735e385a448d5ea11742c7a9e1eabc2593e73a658c6632455cb,0,1791366425.511283,1791366459.8168063,34.30552339553833,63,241970,confirmed,
904,0x6baFD36a0FE756BBC9028f3F13C3747f54C76134,node04,faeabcdde05ee597bdfd04335d3949f30e3e82aaed339f63c912cc4dbd5b221a,0,1791366425.5144792,1791366431.766457,6.251977920532227,49,241970,confirmed,
905,0x87fed940D4f6e02eD93995A5cBC31E6e71453Da7,node05,5d344873700a0f2cd9c71d44987c29a4ab191ed210b8d8a3570a3f926028616d,0,1791366425.5163846,1791366431.7733397,6.256955146789551,50,241970,confirmed,
906,0x938Bf638B08Cf8aD221928209B18401D81d29B1b,node06,3b0684cdf1dfa92985692a02b7c9d2043f226b230b09f1ad8383d5a7e43ef05e,0,1791366425.5172987,1791366437.8970761,12.379777431488037,51,241970,confirmed,
907,0x48a0Ae23D04611DD0093536D21db753a2e65473a,node07,365c49fe620b3d4ec4fe75f38ada7c708ae80e3ba6ce6947b60a8ede5743b9b5,0,1791366425.518384,1791366438.032423,12.514039039611816,52,241970,confirmed,
908,0xE25F2d41f2a0C6f07FAB82190aAAEce079013e52,node08,46591d3d88f4b87292b4c4ceb65141a7b89df635fd3f311156490abed249de4f,0,1791366425.51996,1791366437.765236,12.245275974273682,53,241970,confirmed,
909,0xf4c8e25265E6d88F2a6A713796ca543b62319f55,node09,824eeae1a78b60ae5c8f174c4d28ca587c86d4b8b26f140cdbe16bbb4bcbbec9,0,1791366425.5226667,1791366442.7076352,17.1849684715271,54,241970,confirmed,
910,0x45AB4059Bd50367c38a3981e969832bb27F5F1C4,node10,010ca274844d55855c86ac600f84c690bd94de3528a73735838b88f74a723445,0,1791366425.5247433,1791366442.788769,17.264025688171387,55,241970,confirmed,
911,0x53cD3e6d3124dc73CdCB864b9297C692c4Bdc467,node11,83a92780708ce5cf2336f96d638bbcbcab28f6d12d5a46a4dc25bdd48c3f9ad3,0,1791366425.5282626,1791366446.9554076,21.42714500427246,56,241970,confirmed,
912,0x02665B64520ab97699F7e5f1BF4767E1f8c8796A,node12,9d0a868695a3cae83ad4f11be115d7d79ec30a9794f32977d0f2ae6d30b549d8,0,1791366425.52973,1791366446.9450655,21.415335416793823,57,241970,confirmed,
913,0x859B8ce2c1a6099599ADd3900Dcf4d3bc7f6B99c,node13,67f145173afc797ae981ede4505a0f8a6923530fcf6330cc3075da46e4dd6d30,0,1791366425.5315707,1791366449.7660816,24.234510898590088,58,241970,confirmed,
914,0xa4e707ff746dda7Ee5f294732e4f321CD7ff90e9,node14,d2c18baae32dea55a1c3afac70296a37fda65ffe168e25e37d3ab971ccfdfbd2,0,1791366425.5330281,1791366452.2694435,26.73641538619995,59,241970,confirmed,
915,0x0C864390a6dC07d575253f45dc61e77F2d3dEA91,node00,da77e57bf4c3d357259dc96fa0ca4f3fa5b0f3a9a470d0f2900bc61d4e45d454,0,1791366425.5351262,1791366454.3565166,28.821390390396118,60,241970,confirmed,
916,0xfc6f2D3FE7e654D9CCF07B76bFB7C91b704ed45E,node01,915241fc67c578c9ab3da259ab91c264ebb6c025718e8c854240ab4b0932b17e,0,1791366425.5372488,1791366456.2195637,30.6823148727417,61,241970,confirmed,
917,0x57289343Ca2739B042252D080975Bbca2Ebed9dB,node02,4118ab63e52d7eb990c92bc06aab54afb913e9d84c8be65b1837912da9189c11,0,1791366425.5395856,1791366457.548329,32.00874352455139,62,241970,confirmed,
918,0xD14fB0889d800402154D8c6696dE4A54eF557711,node03,73ab251afbf689da1f9bd3814ff5ecd2e22982156a0316c9e36fe13599f1a157,0,1791366425.5415034,1791366459.7488,34.20729660987854,63,241970,confirmed,
919,0x46D36573Ee3841cF86Da49DC08357521E1733738,node04,1dad9e61da450a56fa5c846ea1816014453c1403a20487532341a857f1b9d44e,0,1791366425.5426023,1791366431.8433232,6.300720930099487,49,241970,confirmed,
920,0xDC8e37b7806e7f4d6c1DaC447a963Ce96f8ec335,node05,929903631e7bae89d919b88e703300b16338fdcb04ff0c1e01cd9a78ba779a14,0,1791366425.550861,1791366431.8422773,6.29141640663147,50,241970,confirmed,
921,0xBbf47D6a3fc3Bd03154046c9B1aa01ee6Ae76376,node06,5c2af572e174fbe2cce0a66bdc1ec1ebe649a30fc3133d48e2c75068bcb6f40d,0,1791366425.5553129,1791366437.8492167,12.293903827667236,51,241970,confirmed,
922,0xe86dEc94630C00Ec232052A07aD9377308b379F7,node07,4f600d3b5ee135802c4cb40f7e7b38d2e0b3b958429feab7a3ab6749509db474,0,1791366425.560123,1791366437.8951092,12.334986209869385,52,241970,confirmed,
923,0x4272229C38ad5D9fC316bB58Bf90718eB7796FA2,node08,0f32291f368c262fbac5e2b2b409747032a2460d2c3cd1a0aeaf14e7b673de5a,0,1791366425.5629666,1791366437.8708675,12.30790090560913,53,241970,confirmed,
924,0xE431364dc119a32816Df8a8a03F886004e6D547b,node09,cbb9e56f383ca7f08500fce9e78dd728dcb049abc3713c6cc2fc6fcea1edc0a8,0,1791366425.5669022,1791366442.662247,17.09534478187561,54,241970,confirmed,
925,0x5054Fc25103a2707DaD845a06D16D9A341633f39,node10,92343cb7a1480efdc694a86d6114a5da8e4316be467c102b29ee812a0a65532f,0,1791366425.5678756,1791366442.603441,17.03556537628174,55,241970,confirmed,
926,0x283697844f39AeBd5354c2f9De6638B1fC06F87E,node11,9d36890e2ec2781217b6b368aa81a9da17282e8b3e28f4f0ca4c532d88863aa0,0,1791366425.5689878,1791366447.1378791,21.568891286849976,56,241970,confirmed,
927,0x02Eebcb0660c76fDdc1ca8AA5b7d6421d28E20a7,node12,8235430bc5889ba8e1c41d4462b51dad10f166f87913d5bea4c10f221d46c737,0,1791366425.570074,1791366446.9898283,21.41975426673889,57,241970,confirmed,
928,0x17692155537c6EB9abCED7a1340958F7bfe0a212,node13,314f1f473834b30ca702ee92a66e9b3b80c3a06af308fdbec83515f139e8e100,0,1791366425.5739868,1791366449.8764808,24.302494049072266,58,241970,confirmed,
929,0xf37724b7D7aA634240cdad51C811e2AFbd90e71E,node14,200ca765d880c84baa7f2f05dc298e2088ad4aff450d97c67505d053448bdc30,0,1791366425.5746896,1791366452.1525638,26.577874183654785,59,241970,confirmed,
930,0xFB853ba8Ed50a71E4571BC428fdd6dE632310c6b,node00,070b25fdaacffe1c45f9f06615806bec9cc444af8d4706d76016246b80e5ba42,0,1791366425.5774271,1791366454.3112113,28.733784198760986,60,241970,confirmed,
931,0xE11C7C3e0B207D9fEEfD94307779Bb3Dbb0700d5,node01,3f1bf0eaebee5a11e59714ead73f55adc70dc28b76e947b971543def6dd4cb05,0,1791366425.578241,1791366456.2180223,30.63978123664856,61,241970,confirmed,
932,0x0F96B303c44dbeD51b7bc64519FBAdCa59dc0e1D,node02,5acb269524396de834a25ecef2147a0c02595422cc96ae9fbec17247f6b90221,0,1791366425.5792103,1791366457.6547098,32.075499534606934,62,241970,confirmed,
933,0x268269Eebf49fb359B2B49Aa236cD025166C6345,node03,7015d2f3882c706509d479342628094e17b9b9d5903fbf058d337e8413e70f1c,0,1791366425.5815368,1791366459.83451,34.252973318099976,63,241970,confirmed,
934,0x0D36a8Cc0A349EBF2A2E041Ad72336EB8989bc19,node04,de0322bc85f5bea2d3a39bcd6330e063a8da3ed6b73175d82a06cd7b9938a41e,0,1791366425.583541,1791366431.898023,6.314481973648071,49,241970,confirmed,
935,0x1Bc1D8b7dfcD11C2b782a3189C8a399365CB0F7C,node05,dc073f0200fa8e72248d6022cccb295783252cabd80bffaecbb2885c08f0f6e2,0,1791366425.5879104,1791366431.9366188,6.348708391189575,50,241970,confirmed,
936,0x57751a0F13EC48A1516fF0C43e0b32Fa3177dD33,node06,e0294552ebb9de82ae0c4ecd29ba48d34860be2ac197aa61bf9f514e53c083ec,0,1791366425.5891724,1791366437.9955766,12.406404256820679,51,241970,confirmed,
937,0xabE9D141Bbf3D111cD1AFD8E075aFf58F56bb16a,node07,701c93e97030bcf18f795ab97222458d74509a6014cc959518ed6312d330b843,0,1791366425.590305,1791366437.794801,12.204495906829834,52,241970,confirmed,
938,0xd2a6a47ddB1f0354eC60ae3d1194C44A103DFB52,node08,3f9eeb3c029318c9bff0e019d1d70b77236171cef9387a41ceaedb601d7fefec,0,1791366425.5950167,1791366437.807629,12.212612390518188,53,241970,confirmed,
939,0x2310Aa5A9DC3A22F47f8f753C05e0dA3424Fe897,node09,606736a7dd956365d39a6a8a59aec940eab11394b4c66a75c8d1f5c296e012d1,0,1791366425.5983024,1791366442.765659,17.167356729507446,54,241970,confirmed,
940,0xCe28C952e12FcfBf0834F98C66BfD71cCA4E615c,node10,d409b54946b9ad0f3925f48daa356bc882b18fc5313b8114ad43f101a2ae9fdb,0,1791366425.5997748,1791366442.6966007,17.09682583808899,55,241970,confirmed,
941,0xa188CC740B314faFCA771EA97B3FD5eE12223121,node11,122e865ba7a930c605cc078e08e3b224221ef864a6d46408227cf67b59537b56,0,1791366425.6058714,1791366447.2115507,21.605679273605347,56,241970,confirmed,
942,0xfA6d5CB021550FF338E21E210CBC301923C12eFd,node12,74f3179e5c669bc5ec8bf8195066a6d1309c2471c22e43b3feb79fc962cd3e92,0,1791366425.6067019,1791366447.1737309,21.567028999328613,57,241970,confirmed,
943,0x87624ed3ab32B8D7b353dd66b5b6dD23Aed94B24,node13,8a8c1b019f72ae70be9614e4d50b140d0941f292aa5b8e87cc23f5e9d93affdd,0,1791366425.608326,1791366449.946075,24.337749004364014,58,241970,confirmed,
944,0xA9B60638f8701f4b0decD963c822EF6072aE474E,node14,53ccfd7c8cf08b6d4880b5cab22de872fcdc0ecd0e61f21fc0ec59cf22565609,0,1791366425.6102471,1791366452.3519719,26.741724729537964,59,241970,confirmed,
945,0xCB71cd72EECafc2459ECfc0c920d1aa636d3E289,node00,b463d387e36c159584b4161db360a0579331bd304b47ba71e3214790e2d2259e,0,1791366425.6116483,1791366454.3257415,28.71409320831299,60,241970,confirmed,
946,0x314Dd9A143F31ff84b681425CcdA6E41dEF0A75c,node01,33720b20958469dd34981ea7d2c2074e3daafb59ab6fcb276060ec87221250ba,0,1791366425.6158338,1791366456.1929722,30.577138423919678,61,241970,confirmed,
947,0xf6347AD125fa2f7e475B7251244eB57419C16Ed1,node02,c5da96594a114a42cc518df7f0c3e5792d17c04b0b77e024726afe7b90051869,0,1791366425.6170695,1791366457.6362834,32.019213914871216,62,241970,confirmed,
948,0x830DD2013417D0E25A8910ee2daeeA2B1bbe1013,node03,610eb5204d30ae5e25f7aaed7a87588c1616186d665799f0d0080e15e0b3c3cc,0,1791366425.6200101,1791366459.7822108,34.162200689315796,63,241970,confirmed,
949,0x21E60B7AE705e3872d253D9e83F5b9dC38C77109,node04,5b15928a94d5b6e15fe7d4b82d790f5cb9fb1b3e5971f39795039c46c4952641,0,1791366425.63031,1791366431.956271,6.325960874557495,49,241970,confirmed,
950,0xc303f99Ac20781DC712e776FD28834E4A6ee2CFe,node05,dedbb19196cd146ee277c787fde255a670d6e5837b8b33eaf6d60fc38754f2e8,0,1791366425.6324813,1791366431.922096,6.289614677429199,50,241970,confirmed,
951,0x49eC6494B579dB8d0664Ef13a70c009355c45998,node06,697ae89ebaa367ba7b84951d173edab14f74c07f090c2caf14cb8aaf594bc61a,0,1791366425.6338298,1791366437.862718,12.228888273239136,51,241970,confirmed,
952,0x85Ad76Cc978510299c3bA65d9357D2A1D85C27d7,node07,4f2fc0f704c8b28d873b05797c0df7284797f6aee98262ac98a93acd057e898a,0,1791366425.6344476,1791366437.99873,12.364282369613647,52,241970,confirmed,
953,0x837dD7257a013631c122c0c3c85A1361F7B04Bb2,node08,84355a54949bc8912bfbc02e8081dfb2f7e3e6d8a75b75962a933c91e9ad2564,0,1791366425.6367772,1791366438.0777147,12.440937519073486,53,241970,confirmed,
954,0xDF6acde52E07a93b1D706Bce119fA44b7B0542F1,node09,32e446d611fd37a22c4a126ed9f601dfe768b74b609e19b2cb1eb10864dbe486,0,1791366425.640443,1791366442.859182,17.218738794326782,54,241970,confirmed,
955,0xCfa7fbb699d73700229BC1017cB312c5DEA898dD,node10,27d4bfdf8fb78645ee847b4e8748827fe41ba909d28e0933e50482f3ad2d97e9,0,1791366425.6428518,1791366442.88981,17.246958255767822,55,241970,confirmed,
956,0x9CE564593e5Ee03150BA1e4A7b6C41b324f33fcd,node11,7f97fbc1a2a972d3f6efdd60004c1a5fe4949376a12aab7b7c870799c5250f68,0,1791366425.6435113,1791366447.1293743,21.485862970352173,56,241970,confirmed,
957,0x70Dae5F2e4CDB3f4Fc7eA4c8A5C2689207EB6CE3,node12,ee8abddff3359c3c0e768ab1d73889567ef720f503adbfb4791331053bf0b661,0,1791366425.645595,1791366447.0218828,21.376287698745728,57,241970,confirmed,
958,0x6D761753385222a17E8a1056b5bDbb70d341552B,node13,ab4e8fea565049090bf7522f7ae5068197bf2bb87ac7bade8c6fd71af0e912bd,0,1791366425.6475382,1791366449.874505,24.226966857910156,58,241970,confirmed,
959,0x6d20E6CaDc8fD20DbAe10AA5365E67950bdCeea7,node14,084bdf427a77f843fb2003de0260a60679924178ad058f368da2dad641fbb249,0,1791366425.6494455,1791366452.2444468,26.595001220703125,59,241970,confirmed,
960,0x504Afe265A9e6B3E550D106625263E13D2bd36f6,node00,8938ae5ec94054951b4dcd8a0523ec2c415f7d787386ec29eefbdad4878c819f,0,1791366425.652623,1791366454.359068,28.70644497871399,60,241970,confirmed,
961,0x5622edCaa04696102811a4800B9A1947f9a7ad72,node01,80338d197ccdf9eceb120dc7c1c3b0deb61df3a5dd48acaf6a4a25ffc3cc3b10,0,1791366425.653416,1791366456.2436688,30.59025287628174,61,241970,confirmed,
962,0xdEE315344153308E8d8D2c60D5cC2393a044125f,node02,f1cc8e5d32de2611df29b7c1d70a14bcf5c03594c0642f75923810710c75e46e,0,1791366425.6558652,1791366457.6282709,31.972405672073364,62,241970,confirmed,
963,0xf712f1d5DF6A601A942Fb1A3FA9d95D172669d12,node03,099c0ff13a9803a8c0f60cd0f0d3f7369744db75c079f64862a082598d61691f,0,1791366425.6575878,1791366459.736265,34.0786771774292,63,241970,confirmed,
964,0x93489A4B08D90e7cCD65969554db51B5d740Ae7E,node04,bfe66c44dc9a226930dd9a3a565beecfa7b4ae8e1682594228f92e1c018530af,0,1791366425.659861,1791366432.0381193,6.378258228302002,49,241970,confirmed,
965,0xc026cD51Ea6C417DfA83d514ffC160a3acf3086e,node05,e99c4c6ece30ac5b94578ab3cf8dd61b7e5f019c99497938a985e4cf88a8d3ba,0,1791366425.6622937,1791366432.0097313,6.347437620162964,50,241970,confirmed,
966,0x93EA6Af6A7EC0C4372d0733932133baFd86C7a88,node06,8cd84ec6ba6d06bc5ee4441ededa4879fd87814dda1b36a719f7a7344b559beb,0,1791366425.6647654,1791366438.2190552,12.554289817810059,51,241970,confirmed,
967,0x1181054E362905CcCB032D8E9cd7Fa52Fb1EE5Fb,node07,61d2378c2e29959c906e96a4833877ec1ef3ae1ab85d318522268bffcd1c9012,0,1791366425.6666796,1791366437.9371636,12.27048397064209,52,241970,confirmed,
968,0x52b543bc23bCFa944777CDB78fCEbe59A4B1465F,node08,8b6ab5401cad1939b606607129e3ebbd0289f25d9fa8f74e97453cf5c6e560e3,0,1791366425.6675901,1791366438.0527341,12.385143995285034,53,241970,confirmed,
969,0x7Ea373d07466653bd5739508644AC185B9288e5e,node09,ab3628ef65db1b0d897d8e3c4510154a0e0c23f2c7e264b69db369dea374cfce,0,1791366425.669628,1791366442.8363185,17.166690587997437,54,241970,confirmed,
970,0xD1C51eE60F5bbf353e80C47883ab563b47aefb29,node10,9ddab2f738feab8ab7ef5396ed8023b584e96900ed03fbc624e27c4e0a7ede09,0,1791366425.6718078,1791366442.8648436,17.19303584098816,55,241970,confirmed,
971,0xFF2984e14bd08a1BA751dE45621db744A66bc321,node11,4f59ac8465e97b3ae9397c1bd3cb995c7b1c2f262d47b58eecdf31ab8d85bcb8,0,1791366425.6728032,1791366447.115163,21.442359924316406,56,241970,confirmed,
972,0x2F45324eF900CdDD15B7BAD4c6f90Fa1083a8253,node12,127777c0640b80b21f9d6a0a1c51b6f1f749ba90b31bb28feda3d08673f7ae56,0,1791366425.6742272,1791366447.2148066,21.540579319000244,57,241970,confirmed,
973,0xDC7c030344af24c94D967dc14fcef51BD312e4ce,node13,d1d4b57424f5fa0ff21e1640b05efb514e2edb070286f3c1dc69756abc09a98c,0,1791366425.6772346,1791366450.2266142,24.549379587173462,58,241970,confirmed,
974,0x70DD18BB4b2C637bA891b0B7DdE22ce84Ee78BA6,node14,80aec34411dcc634c88e003e7932a67b5c767189dea4da7c8c3f15569606c978,0,1791366425.6784465,1791366452.1071637,26.428717136383057,59,241970,confirmed,
975,0x02E3e2dCa5c4B099F7fEC21D848D82277d5F028E,node00,b4bcccebf847d871731e26ce78dde3a44cf8d59086e969141d86ecf50ca60517,0,1791366425.680237,1791366454.3598304,28.679593324661255,60,241970,confirmed,
976,0xEC79DdBf045c2F17f785B283722403fcd44319Ed,node01,ecb6f52e38d24c907ce2a7eac62e8ff79496db92a10f9c64f27c7cfd54d02460,0,1791366425.683481,1791366456.2721379,30.588656902313232,61,241970,confirmed,
977,0x86CF4157D185Fe1bFfEDF046C9fAD439D5dc39Cf,node02,b978cbfda81e56f5157a6337f572846d0e1ac7767237602c70660acbad786555,0,1791366425.6855211,1791366457.62114,31.93561887741089,62,241970,confirmed,
978,0xfD4fD499770604d2234eEB7B25179Dc9ebbc3a09,node03,8a62631a07066263d57c6d2eefabae450ddf39a87488efee662aa403a7fcc7f4,0,1791366425.6882577,1791366459.7315552,34.04329752922058,63,241970,confirmed,
979,0x8B6D734B22E9D0EB13F7DE8D2e0c4c860C550E07,node04,e99cc95387b204c77e54e6671267060884e06f7f8344d646ad6cf0b619e38f5f,0,1791366425.6901612,1791366432.0441635,6.354002237319946,49,241970,confirmed,
980,0xBbA0303a20A23c34D3fE19cC8edb979cd4B3A62F,node05,679c8434c47f529749c0719d09103e0ba4b455bc2f647e6e0b8aa7ce7cb730c2,0,1791366425.6919913,1791366432.0239172,6.331925868988037,50,241970,confirmed,
981,0xAB52D71BA32f495F0138Ae9a1ec51c19d06E3AfE,node06,7e7db402724209286c852791c9264e0207568d46ead9e7e42f7fb7d922fa9b82,0,1791366425.6935444,1791366437.9298532,12.236308813095093,51,241970,confirmed,
982,0x565d83E5F5B7B26B503fF7e5a167E73a48aCB7F8,node07,f8d0a8f63e6baff2a6ded4fea0083876c614d2315dd679328e9532579d7c8130,0,1791366425.6957803,1791366438.215375,12.519594669342041,52,241970,confirmed,
983,0x28CACaB5F2d79a41e7D826FC35468381ebd2e7a8,node08,27278275b03be48659a9e009900dcea7678ecf549c9568f4036201e2c4ed2e65,0,1791366425.6977713,1791366438.0553913,12.357620000839233,53,241970,confirmed,
984,0x78116Aa0801be0915883BeBb3F1F32FF98383Bb2,node09,17395d7e11828413a7b136da69a6728fd93cc1996a321e87abe0ec05f33d3e85,0,1791366425.7001011,1791366442.9551322,17.2550311088562,54,241970,confirmed,
985,0x1769cb0A7831fFb9C535EA43639D23A3D42B7Aa1,node10,f240aecfba9f34c57f3712c87b24a02fe8026294ebf7d96f748711940eb9be62,0,1791366425.7020447,1791366442.8281436,17.12609887123108,55,241970,confirmed,
986,0x97A19001C2Ddf54083C45Ce619f7BF3295FC94b3,node11,623547b1ca2f4337b6dda4f087681e46180857bc4b7deaa6934cdfeeee7b3f36,0,1791366425.7035918,1791366447.058805,21.355213165283203,56,241970,confirmed,
987,0x1601207aA6271d70965d4b0Ecf939dF61476f13F,node12,5e8d27ea9b06447feaca3b9fd3b49f10380e37d0473b1afaf365fde16ddf0320,0,1791366425.7047555,1791366447.2563136,21.551558017730713,57,241970,confirmed,
988,0xa078288f83B56fB1E9057A104EF87ec472eD07e5,node13,ad1a341bdc0d08e9ff86aaa39bf8ee1fdf1c3228179558e13ae42d6d69a7d0b9,0,1791366425.7064779,1791366449.9132407,24.20676279067993,58,241970,confirmed,
989,0x3b12c668f5B2cF5b4722bfFCEd85eDE2434E6F88,node14,0af5fa0b21a89d065b639aa7c4f6f1e27d2bb8a44c39c5c2a7375de33670406d,0,1791366425.7088385,1791366452.1225681,26.413729667663574,59,241970,confirmed,
990,0x4C7D9669e4005F9F7fB6AfC37E7F5762132d22B7,node00,a0ef9c347338533119587886589a8da3d7f984822524c82aac59d1236ce3f571,0,1791366425.71066,1791366454.343275,28.632615089416504,60,241970,confirmed,
991,0x73Da5Ef0B3578d99337757546966aEF11bE9fbb3,node01,42a5b8b57dcd090648ac95b8f0dbad000d7ea838742836840ddce74dc399925a,0,1791366425.7126026,1791366456.226991,30.5143883228302,61,241970,confirmed,
992,0x57E7A6d44b0B7520eFD270A37c47022FfE6cc6d6,node02,3055c9595acfb7894c65a73be3a0ce992a8f9741819aba252ae7446ffd6ad308,0,1791366425.7144508,1791366457.6318898,31.917438983917236,62,241970,confirmed,
993,0x541757c81544c17c51d43074F420762E758Ddd2f,node03,edd854c2cf49691151526a982a1880789b2efd48bfb5c58112466af0186494dd,0,1791366425.715973,1791366459.76742,34.05144715309143,63,241970,confirmed,
994,0x0733acefA69261134733c4f31432faA739D8F463,node04,ef9235b73d4403481d1bf06625a3d5c2e5e806fd4841064a7eea97afe7e0e196,0,1791366425.717823,1791366432.097854,6.380030870437622,49,241970,confirmed,
995,0xee691F88614Ca631b40e4c914166Aeb8b4590209,node05,366f4f173d412ada46f0aafd9d3503e1ea2b53f63f6b8326185f05c7ef90da38,0,1791366425.7208056,1791366432.0411859,6.320380210876465,50,241970,confirmed,
996,0xEA775aaF2aa5E3b9427225a076DE7C17E09316fd,node06,4eba3cca63faa9c695eab7bc7451e4c1a28287a20e48a9a6a62825cfc19c03d4,0,1791366425.723835,1791366437.9578724,12.234037399291992,51,241970,confirmed,
997,0xC3439bB52a9824Bb2aCdb0E66AE2Fa00100fE5a4,node07,78e05bcda484f58b1f168de6707429513290fe460fa57ca40171a163bd43ee52,0,1791366425.7250981,1791366438.0316963,12.30659818649292,52,241970,confirmed,
998,0xBcD1d0A1f6F986B240B792C6f477fe383AADfc40,node08,467d40436749b9f4f5c44f1d494c78dfe360f0a34929d2a9718d603f525515b2,0,1791366425.7283359,1791366438.054533,12.326197147369385,53,241970,confirmed,
999,0x360D048FE9734CAeCC486D8d130B3a0a2E7Ec647,node09,96a4b10ef8ca358b22bc6d9b8955ceb000d70e2a4c3565f89a41136df3d811bf,0,1791366425.7302513,1791366442.7627165,17.03246521949768,54,241970,confirmed,
1000,0x6aE25352bc2cBBa9749Bab1bb77e2721617CC1B6,node10,0533bc61b3e533c4a096a0201e7156363f8e4846915e12e48f1ed996668d5c59,0,1791366425.734922,1791366442.8156645,17.080742597579956,55,241970,confirmed,
1001,0xDc7eAC3eA408a4D1FD5D6ECdD4C699eD0BBD0d39,node11,7795a636178dba2f395539206a4bc76f1da3ad36c08eb267241e4c5a1d583d60,0,1791366425.7370498,1791366447.2342002,21.497150421142578,56,241970,confirmed,
1002,0x4fD8d011f5f947B7aBE0C820fC83eB36Db48a71e,node12,ae2203e8fda99b79598ed1d956fdeca10fd27e79ed569bb0576da0b737a67f92,0,1791366425.7402072,1791366447.0774214,21.33721423149109,57,241970,confirmed,
1003,0x7d22298C660571F4C6A196924a86458eceD1DBA3,node13,eec58b864f5c19243277c8a0f5374aa382662838a39bf737d5c271f4696f67ce,0,1791366425.7424262,1791366449.9394636,24.1970374584198,58,241970,confirmed,
1004,0x1c13D38420B26a98CeBF454E342f699EEEF9b908,node14,91ef91ad2771b5b619c54b628683cf83ac1a0e50851af8a6a966c92dff114325,0,1791366425.7489908,1791366452.1270707,26.378079891204834,59,241970,confirmed,
1005,0xBf895d793Cf3Da5696c92fF209aE36ce131CC3ce,node00,575b51072af65e4844621fd7e436aeb959ceab4f2ab29d93b6888ff8ea9028c2,0,1791366425.7511957,1791366454.3813653,28.63016963005066,60,241970,confirmed,
1006,0x2165FC54a79E95F0e8C67B2B20136dFAD3315752,node01,c5cb8e160129e0841346c5ad5d0cad0f2d7ec0c1fb4030722c37adc4d20c2c2c,0,1791366425.753964,1791366456.3201637,30.566199779510498,61,241970,confirmed,
1007,0x96326F8bf483F8aB1dF3113f2f0A4E36e862E3C7,node02,d32bdb69e7ef138c09c0f4c36c726a428af9128881e75489555fcf2a01fe4e1a,0,1791366425.755739,1791366457.6405094,31.884770393371582,62,241970,confirmed,
1008,0xe923f137583aB8776614abA01409FE2E4C0088F0,node03,fd6666238e88a88f7c22e17740d2b578cd7cef7ca72b2243134f95f101304ca4,0,1791366425.7567546,1791366459.769146,34.012391328811646,63,241970,confirmed,
1009,0x8A430B479d8Bf7a31fE3fa5b582F1d0EE3BcBaA6,node04,a32c88b412118099b84e1afa40e42662f3e78b979a54dc1764c9204e0de1f745,0,1791366425.757448,1791366432.2041976,6.446749687194824,49,241970,confirmed,
1010,0xBB3de2e4f01BF827ad847031E7c6741a33faEA2A,node05,2f85ddc2137148b8cb7b35dc757eca74e34e0e5ec7f0443a5639772bbf4588ec,0,1791366425.7594001,1791366432.0825539,6.323153734207153,50,241970,confirmed,
1011,0x08dc3973222FF09772Db6c3A870e2eDB49117dA6,node06,642d4707ae1ebd348d262a1efd34da25b9364f2bdc28e0be00b908ce72653e4e,0,1791366425.7602096,1791366438.0619364,12.301726818084717,51,241970,confirmed,
1012,0xa734789e1901A1C0752030ea3F06e72459817B85,node07,29f9b49ce56a0ec85b44741e6e00e4f4e6d2a15c1b584f71384423689cd64526,0,1791366425.7620902,1791366437.9650288,12.202938556671143,52,241970,confirmed,
1013,0xf459567d3f6D240640479950Fdf1649948AFa14b,node08,21d20f183df85c101baa5aac294d4c76171dee27140e8939d577777abacfadd7,0,1791366425.7638698,1791366438.035234,12.271364212036133,53,241970,confirmed,
1014,0xea9A26207e5Eff9eE771F16444CBf5D771d02E1C,node09,77acfcaa85a05a5cf12d18c56ff40e3c1e903817a3f464fc1fd09d71a2b9f75a,0,1791366425.7655244,1791366442.7805696,17.015045166015625,54,241970,confirmed,
1015,0x207eCec508Aa8a785965a87F58A78080642FB07C,node10,877742f4f369515e751c885296587b9d0d3463bffda11c53c68b08b729372205,0,1791366425.7672937,1791366442.794203,17.026909351348877,55,241970,confirmed,
1016,0x04FC11C9AD485b6338B54e4f4f1375b40030B660,node11,2d299ba6e58e87827ea9d3b6d692d49af4cf01ccda8ab9b00912f6cc5ddb0608,0,1791366425.7696347,1791366447.153024,21.383389234542847,56,241970,confirmed,
1017,0xEA03eF73892763668Fc9E038f771987013013f22,node12,5eafe2fd568c89b7181fc24f693af8d6aef7bedd667a01a42121a4e86525e372,0,1791366425.770931,1791366447.0837092,21.31277823448181,57,241970,confirmed,
1018,0xfDdAa438aEaC805fdc9295222f101a5549E304b2,node13,dfff9cb9ff791ca70abdf93f64ec6426858fa1e195fc7f90906509ecd3fd0c3b,0,1791366425.7757463,1791366449.8823483,24.10660195350647,58,241970,confirmed,
1019,0xE2cc5179Bc65bb28d1F132682D49b6f5f74c1788,node14,e7c902fca4334ec5048f379aed29d64c699e8e89227d6ea4d66804d00b995e27,0,1791366425.778754,1791366452.5766928,26.79793882369995,59,241970,confirmed,
1020,0x9AD9ec7197f83FCCBA0a32b8525470c3FE08b6bd,node00,a7cd76f23a2eaa73a27f58b8fa360d2e35e7435cbe862a9b0abf1c17e5287656,0,1791366425.7802985,1791366454.3767433,28.596444845199585,60,241970,confirmed,
1021,0x06Cc511D10de8432E834Ae26BB59e69688f1215b,node01,5647102d61d628624965f2125b4e1209c218aed4330c6e3da24162bd738fc113,0,1791366425.7817447,1791366456.2509584,30.469213724136353,61,241970,confirmed,
1022,0x7e539b7f9a635E891becDB5dB55825FAaFB484dE,node02,4a574ae8ff15f20cb7c3e3dc3c4ffd659b94e5881800291654a727bff4bcdef7,0,1791366425.7831786,1791366457.5440404,31.76086187362671,62,241970,confirmed,
1023,0x50698b744689a125D80063239d62Bb24EfA58908,node03,ada60d4d7e3f78414028b5fed07ec68ca666abbbc0155939fa645a41e370518b,0,1791366425.78695,1791366459.740247,33.95329689979553,63,241970,confirmed,
1024,0x05CBA2222A18E586970D8952F081a5d94CAF2A2C,node04,c13ab217b38a939f68bdc66e23d89234a8adaafb993ace5ea4313ee8fc0076ec,0,1791366425.7888026,1791366432.0675588,6.278756141662598,49,241970,confirmed,
1025,0x15b9c1b34F426e63125d9B4fd17fF2281a047FEa,node05,7abe475991c3591d69ea05479e73eddc8cf9785d9cb3f8a0879dee0051c26a28,0,1791366425.7896984,1791366432.1870387,6.397340297698975,50,241970,confirmed,
1026,0xaE7EdB76d925B49B1Bd96f261f7a4146829A8659,node06,f4a1232fa6ae2b0aeb46d8f2d445934051bb37a7047d59910cd258d4a66608ef,0,1791366425.7916071,1791366438.1199057,12.328298568725586,51,241970,confirmed,
1027,0x609aC8aD053D8A7944E14A5b6fa690A91E2b6B5f,node07,ff54a3ad39d0585139a874ebd26a430220ab847d67c5175e5701af81b62c6e5d,0,1791366425.793627,1791366438.0383894,12.244762420654297,52,241970,confirmed,
1028,0xccfcbCD2FD1F37e3a9267A86cbA304b3351a95e9,node08,744337a065b9291468a73379889f9a0f3b96c6b2b2cdb0a6c1dd05a490812886,0,1791366425.7974122,1791366438.1566808,12.35926866531372,53,241970,confirmed,
1029,0xD140C4a88007a72E7b5E315aDFb14355B9eE307E,node09,eb8337827c6613b89eedfdbc0459ad091af15c6fa6bc8ff359d954c1c010fc59,0,1791366425.8000941,1791366442.7594628,16.95936870574951,54,241970,confirmed,
1030,0xf612474adE51f4fb5a6d495a8A45010D433Dad25,node10,36b853d88b5138d65f9f0c05f0cd3ade60bfcf6575f99e61a393ded17a10c6bf,0,1791366425.8015006,1791366442.9495933,17.14809274673462,55,241970,confirmed,
1031,0x75f0A328150bb6F61Bd8826Dd57bFfC62630278b,node11,d422fba8d7f7e364afcb93ad2049e9816e8f90e086bb1a1485ea4d6266eaa7a2,0,1791366425.806742,1791366447.2180557,21.411313772201538,56,241970,confirmed,
1032,0xFd32CFBC84E9f751b9cb9767e275Ddd2559A1dA9,node12,92cd4da39a85927a5fe3836cbcb4e78acc5a2bc5f20dfc6029aa78cd46916522,0,1791366425.8081925,1791366447.1060476,21.297855138778687,57,241970,confirmed,
1033,0xF2F38D0c6140AF6263e784F85E4bde005301734A,node13,30b656741cb34b4492f03e2d0d8241fed7730e94fbdfc1e04979854c81115dad,0,1791366425.8095338,1791366449.8958113,24.0862774848938,58,241970,confirmed,
1034,0xd5c3338d1A49c73480d8c4dA1213Fc72F7a7E201,node14,4e7558c5f43160263f0ff83fb5d4acbcc9dba28aee9705d6b1ebf877f826cf88,0,1791366425.810741,1791366452.2094765,26.398735523223877,59,241970,confirmed,
1035,0xdFDEfe337e2e3CbA71579d0830cd47e34470ee35,node00,cb2fad653f15c83947718d07f441ffb33e32df2f4862d6ae5af0ac1bcc688053,0,1791366425.8114767,1791366454.5158396,28.704362869262695,60,241970,confirmed,
1036,0x95Af8A1C5fbc7b874BC96bBdFE21f88c19499248,node01,940a6848fc339736230d0892d76e0f7e502d9f6a33fe571b842c4c2ac94924a8,0,1791366425.8151758,1791366456.2064018,30.391226053237915,61,241970,confirmed,
1037,0xB51Eda0b3F10E36a220F04fcE3d3e8CbD0cbf3Ac,node02,a8bfb08c0714fd70f965c0601f9143b378ca3d0aa589df95ece642b4d866d444,0,1791366425.818504,1791366457.6523507,31.83384656906128,62,241970,confirmed,
1038,0xD2EF48BcD3278267A440f1D68f91d23e2C7ade4c,node03,1067213067c9db37c55d5bc3c53967754cd3bb772333499494d3269fc90c5b5a,0,1791366425.8197005,1791366459.9001758,34.08047533035278,63,241970,confirmed,
1039,0x071fFc377e271E2817696f94c7d9aE3aC067B700,node04,d76cf6be3ebe306e7f391c774e26016e81b191c70b1ade38648223929f4d6360,0,1791366425.825312,1791366432.1366222,6.311310291290283,49,241970,confirmed,
1040,0x0E130d1a1E865a93ed10525C4b6953093C2d7ecf,node05,0de735ea8f8431028762c977fb05f5af22f574fccf472045256a3cf099e77ded,0,1791366425.8280532,1791366432.1267672,6.29871392250061,50,241970,confirmed,
1041,0xcd20E5E5888A9eA18C50E49b510B821d58C3f2fc,node06,730bde7752af34f501f55a0df8c013ae7c1fc2ca7b314d263ba178ae4a0d07a7,0,1791366425.8292434,1791366438.1940742,12.364830732345581,51,241970,confirmed,
1042,0x696Ef30355b294A2E0Cff6F13847Db9b480EEdEF,node07,265ba47d2d7497a8ed384e67916366d3ac3dfd428629601ed10218ba53d60093,0,1791366425.831413,1791366438.0653417,12.233928680419922,52,241970,confirmed,
1043,0x447DeC0856123b002eA10308a16119018F735555,node08,d07a761ec858e53c93d95a7a572f32e17a74e4a8f6328e684abbb020ed12d9b8,0,1791366425.8346708,1791366438.0798674,12.24519658088684,53,241970,confirmed,
1044,0xfaaf669153da0BA6F54085a49E2D95cD1b660185,node09,c108190e318baf4c227cf387cf569e97e67bdce165637f03ce467e7c7d35f7d5,0,1791366425.8372703,1791366442.8529074,17.015637159347534,54,241970,confirmed,
1045,0xEe96E9Bd50913F9cFDF97Aa1ae44f4BaB8db5d36,node10,9f7f432ca40305b135167ddc285b107023c9d7545dd4d66507b52562516fbe80,0,1791366425.8387303,1791366442.801519,16.962788581848145,55,241970,confirmed,
1046,0xaE92077433E2Db411352f5627595ccE823b72aA3,node11,596e59d50a001452c280dbcf8050a5cb276c738430d988ab130f2b031f451509,0,1791366425.840883,1791366447.2449563,21.404073238372803,56,241970,confirmed,
1047,0x8693E6B56F1ecDcAa2f9b8b1CB2032e92326Ca0F,node12,3350ead99c7bf12397da0b2215ef516530bc3cd2d5ef0804d945e368b22dc7e0,0,1791366425.8418899,1791366447.1686432,21.32675337791443,57,241970,confirmed,
1048,0x7ed33C2Da02CD642732F2142903AeDB0639882c4,node13,05533d8f592941625891b849779bd5eccc8bc1fe7541d4da2b3d57b5a9564fc8,0,1791366425.8467803,1791366450.08081,24.23402976989746,58,241970,confirmed,
1049,0x20481C3d0e559458cA42bfBc9c24AA8F0A1bc5c1,node14,da85bcbc72ec3f01e41c950ef3f68c6c2b8c06cfdca6649e7a0f17a48f157a8e,0,1791366425.848601,1791366452.4513059,26.602704763412476,59,241970,confirmed,
1050,0x4B22B268b06140b033c8F512661133c3842e99D2,node00,add317042ab847dd7cd8dc9771359dfea5caf0d860de91badce1e5cf1ec1d253,0,1791366425.8495946,1791366454.5205128,28.670918226242065,60,241970,confirmed,
1051,0x42543a81f01567d19FCc84a786197Ad3ED77e208,node01,049de1f0c453b63a7906ca798dc0496706a57d8d065b9a7a8307d7c10516a8b3,0,1791366425.8512871,1791366456.2091658,30.35787868499756,61,241970,confirmed,
1052,0x47834cdEA4EC07c26aDa02B5e2A8b7135FA1A5ec,node02,287b751ed647090a47e59c626cc426b646d6f556ebb6d56a5ed2b40cf45ed743,0,1791366425.8530147,1791366457.5916576,31.738642930984497,62,241970,confirmed,
1053,0x4ca8D808b58371a4d9006a5fc14ADDBe5c199Ab7,node03,c10ea37aea320e84c01daefb2eddacfc731c2b98e27520cc814f0bdd80c5307e,0,1791366425.8554654,1791366459.7581916,33.90272617340088,63,241970,confirmed,
1054,0xD514C119FF0cfF936e57328f731D91b62E684f3D,node04,5ce1b46c2321dec8b5be13519729416666cfd91a6a9628aa10583b1096c8ec27,0,1791366425.8633633,1791366432.1737354,6.3103721141815186,49,241970,confirmed,
1055,0x933ac650eE921ba2629d9920C70a34DB862dc844,node05,c451ee9b7d6dfea48cae88b88a46e521969dbeac941b1620e79938952167c681,0,1791366425.8664982,1791366432.2313876,6.36488938331604,50,241970,confirmed,
1056,0xF7a64D2fa6Aa2a3b823A2C12681CE190fF5886bF,node06,f169d9f4416239ca8d516bf80b4ab430a7b57c72921591dd04821909b71d9086,0,1791366425.8680086,1791366438.1069884,12.238979816436768,51,241970,confirmed,
1057,0x2FEBD68d4dAd5Cd0e45FAA4A856e858f7158B091,node07,ce2c7f9c9a9e492eafefc3adb88706ad7a676b4421196367c9f453c9a9eccfcf,0,1791366425.870508,1791366438.1286085,12.258100509643555,52,241970,confirmed,
1058,0x9dC21dE7d395c22Eb1412edF87CA24c270354Db2,node08,dd5e065016d46f5ee9b344095466122fefd369d78d6f87eafdfc8c29a60bb0df,0,1791366425.8734167,1791366438.1113918,12.237975120544434,53,241970,confirmed,
1059,0x89592DaE6671f20f0e4b977bDa95c27874C24174,node09,e0b6b3528b333252fb5316357050a0d4e08dfce58e4106fe9054b7b6d817bcff,0,1791366425.875024,1791366442.8196287,16.944604635238647,54,241970,confirmed,
1060,0x640d887bA898Aeab291D5c3E308F091c53B6F962,node10,627cdf03ead16971cbdd11db8c3cad670bd6bb0db897a9a5ed575d18f72d4aa4,0,1791366425.8757782,1791366442.9867806,17.111002445220947,55,241970,confirmed,
1061,0x9787683657Fc6e024f594b941Fb5f73F98d9A093,node11,8968bae5716b14a42502e7e98f91958a444b6023082e490fd88f346a59a90076,0,1791366425.8778453,1791366447.1873667,21.309521436691284,56,241970,confirmed,
1062,0x88Ef8fF48909436422Bfc8ca09266F0D72578FB2,node12,1031b7d99218299c7188c7766c03be992624a2a47d71109a0f093d73ac4a965f,0,1791366425.8796315,1791366447.128008,21.24837636947632,57,241970,confirmed,
1063,0x304b099610b8604CEBD29D5b1D50C24712f5119b,node13,ee61670190e7fbffb3eae19e17dce182ff2b12929cb9b4d830f0fb04dc930fc2,0,1791366425.8817818,1791366449.9564025,24.074620723724365,58,241970,confirmed,
1064,0x24DD9dd0deaC7193996D09C7e039b21B2bBE5b55,node14,085a6cd4dff3aa6893d18a93fbd298eb5ac987662b48b9b2076af7138332046b,0,1791366425.8840628,1791366452.3191252,26.435062408447266,59,241970,confirmed,
1065,0x6b5C578f31dB55A5E4BAfb3e62b2C7B3e1f3E2B6,node00,ae361f0af991723494a74652d3f689fb69733216874dd24ddc74ad79ed0bee88,0,1791366425.8861868,1791366454.354759,28.46857213973999,60,241970,confirmed,
1066,0x69F82DeD4d1b5060733E720aDc61b14106CDfAeD,node01,2ce1c7c12499929aa66b37215952c8fb39eb81527fb5e1a5c1e51c4727f4d8e3,0,1791366425.8876982,1791366456.2874403,30.399742126464844,61,241970,confirmed,
1067,0x82F16d4AFd2460DA9D35849Ed17D9CDCD9ea593C,node02,300ea2a68fdbca433e2d1c54e9fe6e262111cc4e30d2469664ee90d60ec3d801,0,1791366425.8903735,1791366457.7420313,31.85165786743164,62,241970,confirmed,
1068,0x33885cE51D9b88783c40B792ff1e0548644b4830,node03,45f31686ad3fa3e71cc0d39693c25b1225a4e3535914cdd0f4bc66db8a3cd67c,0,1791366425.8916245,1791366459.8034425,33.91181802749634,63,241970,confirmed,
1069,0xe6c93ffcf148D920403e4C0aBD6C81d84392F5d5,node04,0dd05a27eb1358ca57c4cda6c89e21f38880cd2c7aa82f6506857e9223a548ed,0,1791366425.8963141,1791366432.2681642,6.37185001373291,49,241970,confirmed,
1070,0xeD3bbB5421DaF092994360d978b53D49b067fED2,node05,4675fef57439c64237ada733910f020b779dd5b58e115f8da16530d20c844d28,0,1791366425.8988822,1791366432.2070053,6.3081231117248535,50,241970,confirmed,
1071,0xFF2980473D14D068e9BabDf8eD105927883A2B62,node06,b5cc91b16aa2b969ae3dedd26265256462ef6bb72de65f272aa934a659c6c7d3,0,1791366425.9023318,1791366438.1789653,12.276633501052856,51,241970,confirmed,
1072,0x109Dd28e2Bd3b38F445f816861B18d05618d96D7,node07,46fd5a34d18997d7d6ecabd0c204f029fffe7acbbfc5073909e48b3be614d278,0,1791366425.90402,1791366438.173045,12.269024848937988,52,241970,confirmed,
1073,0xb29d32144fEDEE043A004126Ad742136D14Fd212,node08,091262cca0bfc6afbdce9a1fdad19c303b04fe4630f277aca402eab07ef334a9,0,1791366425.9062562,1791366438.2567568,12.350500583648682,53,241970,confirmed,
1074,0x9bF2389A342BD6D9A4f219dAD0D28BaE03b9b673,node09,097ca365813fbf8a87c451c7eeebfe1d21ed44326d316841d35b7093d9b0cc3a,0,1791366425.916899,1791366442.8398716,16.922972679138184,54,241970,confirmed,
1075,0xeEEd04dFCDdc05A289B2839f4772d3C7Cd660154,node10,bb5ebcee19bfe1c7174ee7114dc8d64ed584a0b9772f732ca38ff9ae6f59c042,0,1791366425.9200869,1791366442.8690314,16.948944568634033,55,241970,confirmed,
1076,0x97215215b717a07BdF4d86cEbc4257C0F19Da371,node11,1b5112a948759d477079e6398048fdf8c0ebb2a7e2d68a64f47185c1c3cc9881,0,1791366425.9224322,1791366447.389292,21.466859817504883,56,241970,confirmed,
1077,0xc6D4954Ff2212Ea98E00E81a8D0828336bb743A8,node12,2e002781489359aad76c8cc899321764f4e2958b88da2fd09884c69b9d72aec6,0,1791366425.9249153,1791366447.1669507,21.242035388946533,57,241970,confirmed,
1078,0xeF48A3073F48Cc495F100300e7a96AC33d757a83,node13,a8138e465a625ddd4b15f26dd9ff1c568f110ac8cf7b7089cdfd09afd009753b,0,1791366425.9267588,1791366450.114631,24.187872171401978,58,241970,confirmed,
1079,0xf74Ea3721Ab49A0511Ae8f3BeB6f900329828C65,node14,c3a997aef0f7a3f702c8019e5bb90f41664026ebe1d8b10b10a68cebc2173508,0,1791366425.9286735,1791366452.2838383,26.355164766311646,59,241970,confirmed,
1080,0xEb2b7257209660EC7D7E3FE98bCd3e1CcF0A3994,node00,089fb447af7486fa7b32aa10b422bb1af066d1c09c67ab51371626fb1e523596,0,1791366425.9308968,1791366454.3655975,28.43470072746277,60,241970,confirmed,
1081,0x503B2297377e42677B52A54EAA763fA869Deae5B,node01,4ee6bd4a6aa0b772e5ed0c71f5db681e7bf92f55913b81b06c1091eaed100e9c,0,1791366425.934674,1791366456.2775493,30.342875242233276,61,241970,confirmed,
1082,0xCd7377F1B5dF89B74A2E2f076a1350323aD34352,node02,5b2f814874412a2e71804189f2d398a254c875bb456fed0bbb54531105e50177,0,1791366425.9373593,1791366457.6902034,31.752844095230103,62,241970,confirmed,
1083,0x22d5Fb2e5Ed137Ae69C2Eb9E3d6d1536c8D1Dd5D,node03,7e3e3cc5da316c6c024edcb618d3c84ddcb862e93905d2d6b839398c07e8ab8d,0,1791366425.9404275,1791366459.793583,33.85315537452698,63,241970,confirmed,
1084,0x3e07c61984e75ac0C85b3CD8bbcAA196B92C5754,node04,7d967a5db8acdc99fc6ae20750caa797f4aa897db4df498803dddc234ba6fdac,0,1791366425.9508257,1791366432.2237546,6.272928953170776,49,241970,confirmed,
1085,0x6e2F995e647608378aDde76B2d953Bd3767CCf4A,node05,91cb01b3186352349a35a1860c9299af6cb761567ba8df83426bb948777f35e7,0,1791366425.9548619,1791366432.2521596,6.297297716140747,50,241970,confirmed,
1086,0xDdb4bA59a37A69B55B98eAfcB694a4e606277624,node06,6cc5d753c0a02061cc9808577c397311d63efc02b8ea2977bdef261e00c6b451,0,1791366425.956963,1791366438.326051,12.369087934494019,51,241970,confirmed,
1087,0x6EaF79999a4cC023161F3ce7385bE4bef5EC5126,node07,9ba25741bc3d39c11ac651a2dcdc77cc0b15472753dfa24e9f3170036f9e69fc,0,1791366425.957965,1791366438.2037375,12.24577260017395,52,241970,confirmed,
1088,0x36C6A4113e77569563283457833dC72b65E95fd9,node08,167dfe0e1a787e9a9b9009926554a14fabfc18126ee6ab8e940074e2f44c8661,0,1791366425.9604025,1791366438.1773589,12.216956377029419,53,241970,confirmed,
1089,0x0Cd548FA3552799e91E85eA6edD629bd7b59E430,node09,149e81741d5a35730e217502325eb277d85882db3a312650643a88f3b04695d7,0,1791366425.961931,1791366442.8565328,16.894601821899414,54,241970,confirmed,
1090,0xBc42C01D9228157156E14eB483dDEB58D1A69785,node10,6360614a51f9a0e822f3d33fcf89ecbeebbc673616dca7433c9581feeb204465,0,1791366425.9659226,1791366442.925815,16.959892511367798,55,241970,confirmed,
1091,0xB51d309622C93afd326f37C5363063EAa7F7bE0f,node11,de1ee199927289f872fa611fd54914f4c8699fa9229c930845723eec9feab26e,0,1791366425.9689643,1791366447.289663,21.320698738098145,56,241970,confirmed,
1092,0xF17484962a6f16638daa2219c2Fc6C1580A41afc,node12,22a3d56b71f3e62bbdc8535d4514bee1fbf75daa212711656911310233815aa1,0,1791366425.9744651,1791366447.1970959,21.222630739212036,57,241970,confirmed,
1093,0x2dEA50a575DD76b161823548785d055981D686b2,node13,f4467ec369785273fc35e81f62e673ab2137cd96afb073605d12e8d727d1fa69,0,1791366425.9762578,1791366449.910437,23.934179306030273,58,241970,confirmed,
1094,0x74fd189a9CD2DAEDa6544dD93e8fF03A6A014Ca9,node14,1bad79a7d2c071b8b59d0e993a111c0d4f772dcd8342e90be581bfdb882e0ef3,0,1791366425.9815335,1791366452.3162367,26.33470320701599,59,241970,confirmed,
1095,0xB3ba7b3F22A15c1a19D71E7e5baa4531e5581e0C,node00,8e7a22b88884817fa28b2903814dc67dbeb9dccf5365a9c68a3ad61902217abe,0,1791366425.9843767,1791366454.6117816,28.627404928207397,60,241970,confirmed,
1096,0x699cf05b881d7750e69aaFE3C2B7E16D4095e65a,node01,d3714f6253071b22b65cdbde1e1073fb4acdf1f7c9a1a10a2225e01b725e8481,0,1791366425.9863892,1791366456.327124,30.34073495864868,61,241970,confirmed,
1097,0xb9Bea582673533f1a8F7aE711f8eA74Fa68FD72a,node02,dbc3a58aa289ca16aea37a86f67b6be179963a0dd6419406e4285bcc947191a4,0,1791366425.9904559,1791366457.7960591,31.80560326576233,62,241970,confirmed,
1098,0xabd59b86242f995B21b77eEE8f926fE9946420D5,node03,ca3222c8a875590d5ece6fc166ed1e91c25084fbb2acb43c246c749a7d17a8d5,0,1791366425.9917042,1791366459.854667,33.86296272277832,63,241970,confirmed,
1099,0x5A3485e16a22C7952E1A3cC0990595d29069E611,node04,4fe1277114e4e2a7db659fece87026163378b4c8da0421a41822b019428da749,0,1791366425.99469,1791366461.0135758,35.01888585090637,64,241970,confirmed,
1100,0x5b25675D00E776B6BDaa235212b07970ad9Eaf6d,node05,2c3c3ccbef800c48bcd689168528ba3627b9fb53c374f8e2e3e1be9f6e4c9e4d,0,1791366425.9973419,1791366432.3458636,6.348521709442139,50,241970,confirmed,
1101,0x154c40c7D23247A8A88C0F943150879EA72809a8,node06,11d81743b1023a761398c5c3b714d586ba1df70290f4da4be35c1c50feb374e2,0,1791366425.9985847,1791366438.3281915,12.329606771469116,51,241970,confirmed,
1102,0x312F58E5760C0CCA94f1FD50fd7388F6c96590c7,node07,c4b1331dc01b230abb15bd65672ede45e482ff0e950e66baad5b210c2b0c997f,0,1791366426.0089538,1791366438.306731,12.29777717590332,52,241970,confirmed,
1103,0x30737e6bC4cD1F420eE44dE62A94D6Aa69df2F09,node08,6a2efe9dcaab50ea48a60ef4b538ed329bbf264ea35013cd116f06e79da59417,0,1791366426.0118933,1791366438.3783894,12.366496086120605,53,241970,confirmed,
1104,0xd1D47fA9813744529393024624730ef2dfAacE0e,node09,003262265305a028226500d5a84836cd51ce72a9d0b8dae2866a88c1c7365986,0,1791366426.039073,1791366442.9702258,16.931152820587158,54,241970,confirmed,
1105,0x8eea4f5CE5F5cc613aD3bAB81094a420D62f480C,node10,667c03a4b9c1a22ab5be26ec733d459b3a67ff14539e7a23703309743f983102,0,1791366426.0409503,1791366443.230582,17.189631700515747,55,241970,confirmed,
1106,0x3CBd82C8307b795d383a5dE83fDE5AF4B71C21b7,node11,e6ee11e9519c709086c86c48c033f5094cacd175a37c98586f92373d88c7ec25,0,1791366426.0429394,1791366447.2038248,21.160885334014893,56,241970,confirmed,
1107,0x49CB4Dcd0b406dF386a290f4C17Bb2163120c9de,node12,418ee657f2d33eae2bb8e42983e4a12a2fe6da75e8a07a123729357fdf8ffee9,0,1791366426.051614,1791366447.1924446,21.140830516815186,57,241970,confirmed,
1108,0x99B9154d54f607Eb7EEB76Ce9c47C3F464EA592C,node13,8dde0ef2eee504ae9c0b2ced80b8f29722798f12a6f8e5c32af4bfdbdf9250d5,0,1791366426.0529418,1791366450.110086,24.057144165039062,58,241970,confirmed,
1109,0x1B58C52e16e8EA944d37115bac05cd2b88944358,node14,3b3396d47600cab94e76fe93bcd71dc823bd8d3d86b53c0c65cae5410651e949,0,1791366426.0560005,1791366452.3399887,26.28398823738098,59,241970,confirmed,
1110,0x34007a9E0366D8C68608b14FE304A1901273fF24,node00,bc4e06118d1572ce978c54150f66fe4b8d456214f2f0e6a8ceba84b8df8664cf,0,1791366426.0615976,1791366454.6688046,28.60720705986023,60,241970,confirmed,
1111,0xc3BbE303F39cbDaD34dd9AFc024b0edB9aDce041,node01,477560235af1b38f58b1abc7b0b57a9f5a4a86b09d7e0253cba02a674b78c486,0,1791366426.067702,1791366456.3293943,30.26169228553772,61,241970,confirmed,
1112,0xE78e28e559008C4cf1BA24d099fB08dd991F131a,node02,dbd9c5d2ea16ca70817e7b0d88a93eae000036e6d2da40b83191917d8bc7f573,0,1791366426.0737762,1791366458.0064232,31.932646989822388,62,241970,confirmed,
1113,0x5E54B9911F4F535aEcD872964f32DbF8102c136E,node03,08b454936be8b71fff9e455bf8652277fc8d4f483fe4f1d04f1372ecfc4571b3,0,1791366426.0761476,1791366459.8887887,33.81264114379883,63,241970,confirmed,
1114,0xBa57662009e5dDC39ff8f81183f7054e1Edb823c,node04,26c8e2d1b51739f3f94b35d431f3ac4fb3e252d74ab53b084b52996a2774ce51,0,1791366426.0812895,1791366460.8715012,34.79021167755127,64,241970,confirmed,
1115,0x3b5846092Ebf9D95E70832fdF3CA94Bf547A3cC6,node05,2a0cbc19471b765afe2d2514c0e0bba49446982bcc97c88cdbd6831465d438f8,0,1791366426.0881543,1791366432.3771732,6.289018869400024,50,241970,confirmed,
1116,0x94ff126A87C89E3AE683F1b8618D815F23937b79,node06,13e7ebace05b475084603f6cc8b534ff391dfd2f845a2c7c743595d80d1d0317,0,1791366426.0904036,1791366438.364742,12.274338483810425,51,241970,confirmed,
1117,0xc5109d4E5F7163B46Eb760281eA2516da06C27E0,node07,3ddd83ea84e05d4169ce3281b4a992af5c0660aa844bc5031f25b60660b82c5c,0,1791366426.0934246,1791366438.3609452,12.267520666122437,52,241970,confirmed,
1118,0x740Be61C66c73F436B77c03d9e1ce7708D06D96C,node08,1afbdcd5dd3f66a0c6f585b0ecf2a336e6c3a1c7932e57a08b380e7fc714b963,0,1791366426.0958152,1791366438.3445232,12.248708009719849,53,241970,confirmed,
1119,0xF5D3320aA5775FdbD962Ee12A6Ba883fCFFD5312,node09,a6beb1ac5884bfc19167012ad7fbeda1c7bfdf24b67d8ad0f6ce3ac6966062c9,0,1791366426.0992844,1791366443.1058834,17.006598949432373,54,241970,confirmed,
1120,0x7E4034163b0AB918C2D61e6AdbBafacF46ae2C1f,node10,0b067336c24082178d863ad3179b57e1f413bfc683711520978dc5accbed9964,0,1791366426.105128,1791366443.252048,17.14691996574402,55,241970,confirmed,
1121,0x85738c47002327F2F52670C2CB5C942eF587d017,node11,bb32e7810486907f9a49d1db2e89e1940dc7db4216b519d83f47a545ec32be9b,0,1791366426.107719,1791366447.3670878,21.259368896484375,56,241970,confirmed,
1122,0x4EB799D3b8d27814CA04444380Ac18c57E3fbE7F,node12,79b2d8200ba6c97bd3c4f4922ba6b2b567b2cd1fc297bd4c03a16acd365c3703,0,1791366426.1144314,1791366447.489071,21.3746395111084,57,241970,confirmed,
1123,0x50b622aab974C4e73F50F9108dc64e4ccd78a7f7,node13,ae14c89e5dd566aa1e6b63879b57a65311dd81ec760484520f9191655ff3e661,0,1791366426.1160622,1791366450.006661,23.8905987739563,58,241970,confirmed,
1124,0xdE9203cb3a9722064eACaa071381A5842D23293F,node14,99ecc59209e0f8bc23bdc63af6b4248d004c8fefdf39f4d40c42aaab829e9050,0,1791366426.1260018,1791366452.2521183,26.126116514205933,59,241970,confirmed,
1125,0xd1eCDDdbC7078e4cFFD221b00d6DeEAd85E685bA,node00,c2512784510699c953d18e42d5bd720b612a22dcbbd09d51eeccef53ebd0115d,0,1791366426.1285315,1791366454.4470732,28.318541765213013,60,241970,confirmed,
1126,0x358e655208FcDd9a60d72832e32CAE562F0473d1,node01,72b83267f17ce545d8233a6b3d248624a573b20e8c21647b2ecc52071e3d6f05,0,1791366426.1306396,1791366456.303944,30.173304557800293,61,241970,confirmed,
1127,0x9298e3051eD1c88a07199a458833c9939439a886,node02,9ad1d1ead73939082cc80548f5a79157983ef47212b244910beea112820b1bfc,0,1791366426.1325107,1791366457.7009895,31.56847882270813,62,241970,confirmed,
1128,0x7383a4B69Cf8295c5F118F9187ECd44B951d09FC,node03,99e9b5bab983a46af0e2316ba93b0a83f417a0fbb9cbf1524ee97b93a4d82cdf,0,1791366426.1372204,1791366459.7792068,33.64198637008667,63,241970,confirmed,
1129,0x710AD260863624417FF38ee23Ab8b35D15f4E41b,node04,dd34f4382578ae7ae2eae157ace6e1366010b85ec0fa9b25dc0902626799e534,0,1791366426.141852,1791366461.011393,34.86954116821289,64,241970,confirmed,
1130,0x7163eAc2Ace466E989B9e44619D04dE4ed254f29,node05,729bf29f866ccb16234e6536fde1b17b039cc80a6eab59fac9f8128eb6ac3119,0,1791366426.1441708,1791366432.3694925,6.2253217697143555,50,241970,confirmed,
1131,0xdb17C4b4df408524bf1fd744e72226ff59a1Db3a,node06,332621f3cbc8332a04374157c8c4f5dd1966f60985c8f0976f45ac710aa9fef4,0,1791366426.1493113,1791366438.2595136,12.110202312469482,51,241970,confirmed,
1132,0x3EE352AdE8Ef103f6E97C86A49196Da1594622EC,node07,4fbbe557a9c0ca53b894817110333c1a62c52c33335c551c5cdcfffa6982065b,0,1791366426.1521823,1791366438.2853634,12.133181095123291,52,241970,confirmed,
1133,0x160883f4451Ee202DFA1eCdd17952afE7Dc5cb1c,node08,bcb145dee70bb329ae8f1355897d20b133cfd074964741f00ad7f48d0c3674e0,0,1791366426.1573036,1791366438.311659,12.154355525970459,53,241970,confirmed,
1134,0x2af97Ea3ccb056b00B0d939f7656CF26dd20Ca1d,node09,03b74878e41fb41a5e475e731c287e129475a045fe829ae21a1290bbf6ae2d3a,0,1791366426.160942,1791366443.1221864,16.961244344711304,54,241970,confirmed,
1135,0xca8C202de29D9a663200408D1d4df5df0d9f7f8E,node10,e96b3923518c3bbea0c3c7b25781d329b636328ddfeb43cd8caa93c8742f619e,0,1791366426.1641753,1791366443.039685,16.87550973892212,55,241970,confirmed,
1136,0x58e912D8732Dd41abe3C67030bD2f558E35AF7E4,node11,2561deaeba7453d381a1a26021ad666ee3591653f7025249676f351f6e7225d5,0,1791366426.165907,1791366447.257049,21.091142177581787,56,241970,confirmed,
1137,0x9909BE64A62F3193185cb7c7F3Ce3d4E388d7c1e,node12,07eb79f70499a9f1212745db5f89ed1a9becf180c2c418c62940fdcccaa793ad,0,1791366426.170783,1791366447.3678405,21.197057485580444,57,241970,confirmed,
1138,0xf032C4f6eE6bAb3DB965bBA5ce4c97627036Af17,node13,81ee332da54310dd4809da314ae0403e14e9750daac29ebea9f211b5d8d2c06f,0,1791366426.1724567,1791366450.1580048,23.98554801940918,58,241970,confirmed,
1139,0x3d66426f74875Ff828229995E460155D68116BdB,node14,b75bd89c1513e4bca8bd7a885b6d9f74083a10843b8fc1be1ae55b15569fa0f7,0,1791366426.1787012,1791366452.297749,26.11904788017273,59,241970,confirmed,
1140,0x19e474753FB87d47B56cEe3881f2f18c0d982d79,node00,2312c9c20524793fad359ab31a5891956e671b5828a14d1a2401ec094d0b4247,0,1791366426.1806455,1791366454.6792076,28.49856209754944,60,241970,confirmed,
1141,0x9eCb51F565765bC7E88fB776ff125A5BAD1B3E35,node01,f31fcd7aceb2c4f6520b9959f9d290da0766acfe050fb2dd49b604c5a1e15bee,0,1791366426.1894772,1791366456.3081264,30.11864924430847,61,241970,confirmed,
1142,0x98DCfa2Ca8c961Bf935E613D35e4b45b1430c29e,node02,6e65851bffa06abddee837b4fe86a428ee441ec537010dac0437370dde7b91ad,0,1791366426.194476,1791366457.6394622,31.44498634338379,62,241970,confirmed,
1143,0xb2f1aA91B4a1688f4572286eef636759FAdB340e,node03,0ffa49490ed875879d3b917931ab40d9bb00fa1ebcb67e66b4afe2f38a6325ae,0,1791366426.1969523,1791366459.9197776,33.72282528877258,63,241970,confirmed,
1144,0x7EEC9c09B6D992027Fd550bF644E3f1bae9d3410,node04,251d3a76cc485a8c7af48a0ac27c142d407aa848d2812c2668a017717d3be36c,0,1791366426.1988838,1791366461.0163078,34.817424058914185,64,241970,confirmed,
1145,0xEC713d812e077E0505FC3258E47187930023B235,node05,7f1e419a30853d0ce635d9e8e0bd99476bacc9a747fdc2fa8b2e3d3a3cfe5488,0,1791366426.2065823,1791366432.5800092,6.373426914215088,50,241970,confirmed,
1146,0xF8fcB6CA0ab50E3bB6b7023FD2dd6881620263b5,node06,69c0d5798a85ca1ad9bfb0512ac77afe884a29e1a57e56a9e54719b0fb653e20,0,1791366426.2093632,1791366438.2897964,12.080433130264282,51,241970,confirmed,
1147,0x80C3b0D16C8b173e8339888202e18c2b7FaBfB50,node07,5a70c9f3d84901b8e56b3e6e15fab0755b4b5953b7ba6f045c190ceee1a8963c,0,1791366426.212822,1791366438.3213122,12.108490228652954,52,241970,confirmed,
1148,0xc78Ca3763F708d67e4495F0C646D50564B6cCd9B,node08,98da7856c18df0287a68b8285578ae08ff02db724b8042c4b43e4178bddae335,0,1791366426.2152753,1791366438.4766412,12.26136589050293,53,241970,confirmed,
1149,0xf69759E735E64bFfB2eBf7904058C4905b4FbE1D,node09,841194741dd174672a0f2dce38d32eb1aa72e898d4d8c053283aea36747e1a20,0,1791366426.2181058,1791366443.051988,16.833882093429565,54,241970,confirmed,
1150,0xF1c0F7c5fd8a45608207F134db99ce34d6cF7963,node10,784c55701669576f9009c76c509e73d2c1f2c12a39b046aee5e953d651aebd5d,0,1791366426.2213674,1791366443.095229,16.87386155128479,55,241970,confirmed,
1151,0x4b38ec41A5c2a55D28cbb9CAc8B0462E33E8AE63,node11,7f616d968bd287989f746ea3e11f07c9caa3b3a64c48744407d56cb95c4c7b62,0,1791366426.2256808,1791366447.462922,21.23724126815796,56,241970,confirmed,
1152,0x534b0d01B25F195fD07bE5288D28609a7672f15d,node12,158be64a4c5e3f6e1f0c3e1ca877ae4a864ce0cadde11eaa5a91c2089aa303f6,0,1791366426.2310457,1791366447.2466762,21.01563048362732,57,241970,confirmed,
1153,0x113C31Ee5997A2dA465Fc479A607fdF69d2EC2f3,node13,0fcac6248bbc99acd87c80e90e5225d729d5a63da96961aef03a16fd38b50103,0,1791366426.237226,1791366450.1220644,23.884838342666626,58,241970,confirmed,
1154,0xA0eFFC21f0598D9722d6B93FCFEBD8e8B036C287,node14,ea65524b8711c9f721d6d5a873dc6a2b8db462bf756673b2ea1b9d0c7431f9cd,0,1791366426.2505057,1791366452.6065054,26.35599970817566,59,241970,confirmed,
1155,0x41dD6FD6f9f3d6C24af6616dd9e5d3D257032dd7,node00,7c7e14a5c126c6b6cefd4110db4c4b0d9a867fdc3e9ea41c97341f06899fd27d,0,1791366426.2594175,1791366454.4798913,28.220473766326904,60,241970,confirmed,
1156,0xfFaD32Ed08b25e642C67f33925FC838EF27fa987,node01,6cfa5d70ba7091b872dd9ad8f6c3556b27ac1a09354aedbf18562796fc051463,0,1791366426.2636735,1791366456.2695215,30.005847930908203,61,241970,confirmed,
1157,0x4F9F960aA31A00Caa7Fb30E698335eda4cE0F8fB,node02,6b5f9772c70e6d74ff44e6df8edcbd68656d9da35926412d2f589c9d10fb3476,0,1791366426.2676,1791366457.8840842,31.61648416519165,62,241970,confirmed,
1158,0x8A4960a4966d5c4773d3B823ff6B1e047e6A621d,node03,4508d96e829a0273d2a8bd71ca0fa9cb8a44e61382f6717e9f78c347f350e250,0,1791366426.2725601,1791366459.7993476,33.526787519454956,63,241970,confirmed,
1159,0xd8C80D2357255d08b1198118f10f9Bbc7121D6f0,node04,bd76934e6f54c4cf9c13567c2af98251130d8f0fa95ad7b4350cf9ecede16b64,0,1791366426.279565,1791366460.9193342,34.639769077301025,64,241970,confirmed,
1160,0x56Ac758d29CEf71FEfE3D26456CdbFc1c3cA726E,node05,0ed44d083422afba5e35488f18342d087e1fd8a4b0984c9c7e4c32fd2e7fe9fc,0,1791366426.282426,1791366432.5654933,6.283067226409912,50,241970,confirmed,
1161,0x22d50Da10d4c3964824E56F2589Bcaa46c6Bd124,node06,c629b2ed0f4e5b4e765363f3b9d8d4074756b4043e2adf7587c7ad5f4d4e74ca,0,1791366426.2872095,1791366432.4738207,6.186611175537109,51,241970,confirmed,
1162,0xf013f42fb9A13c485551a71c0e77a5eB45bDFd0A,node07,7cb42fff5446b2b5cff0ae3dc1ec97ada4eaedb1a1dbe9d7aaafc51057ed0a11,0,1791366426.2891998,1791366438.4013011,12.112101316452026,52,241970,confirmed,
1163,0xE49092be7C7d038D163037b1Fc4020794313B3bA,node08,85fcbfbe5ebc9c597a5eb6f7ccef4b3ca9fa536373fe674a3b13d5bac21063ac,0,1791366426.2922893,1791366438.5879517,12.29566240310669,53,241970,confirmed,
1164,0x8d8e89c81080746b3423F236B50aA846d6A33131,node09,3e23e851c98ca9218aa144d5b17bd60289b94bb38a59f0e1fc727c398707cf74,0,1791366426.296292,1791366443.259582,16.963289976119995,54,241970,confirmed,
1165,0xd411634097a4eFe5655f8264Cd70B193E52D256F,node10,857608f137c61a2a30d33b069f3b1741f5fdc42ccf8f755b064270d3a59ebfe3,0,1791366426.301795,1791366443.196902,16.89510703086853,55,241970,confirmed,
1166,0x61c11c1767Bf816587E736Bb851b298f5060A276,node11,dac67629662107e36fccb5a317e8462d15339a5a77ff534fb41878242db27f9b,0,1791366426.302934,1791366447.2741723,20.971238374710083,56,241970,confirmed,
1167,0xe23C66abA0B0869583bCb95C9E5e65BB53E4811A,node12,fd585a4740854b274f4d1315e53bdcd01f602e771cab6fcca8561d3587072b70,0,1791366426.3070273,1791366447.3546243,21.04759693145752,57,241970,confirmed,
1168,0x8eE59c3cE640496E641CC0823087f369C1137C52,node13,7f552a9c09d3a099c27af41eb7684d085b1fbd30f3250c5c6c9b14548f1492fe,0,1791366426.3151677,1791366450.198718,23.88355040550232,58,241970,confirmed,
1169,0x619faA6Aa7634e1465c85F96C8F0f7228413f50E,node14,f66945e6cc72277f1a9bdc7a5a608a4a5d84db399307a88d4038550b143285b1,0,1791366426.3173265,1791366452.3237884,26.00646185874939,59,241970,confirmed,
1170,0x8D7E20885AF218066879718625a7640B58eCD73b,node00,4b07adedf06ef48cc23a1a656926f730e43ad3fa8c8beb45fce62a944c1a8e92,0,1791366426.3210742,1791366454.5758374,28.25476312637329,60,241970,confirmed,
1171,0x0B867f9C60c72720142f0ed23FC8A262827622cb,node01,ace1f72a85f27cf8a5344193fcc65e37da34597bfb91e3c0d3d30c020e627dea,0,1791366426.3226652,1791366456.3605702,30.037904977798462,61,241970,confirmed,
1172,0xA9397A8B159deFf1CB492B5bA1bb43a772A03Ae4,node02,22ad7cd02dd9d0e8c3202d94d196ebdbc060670e20dff3f6b34b6d65c01c591a,0,1791366426.325189,1791366457.7845619,31.459372758865356,62,241970,confirmed,
1173,0x2F5389F08D66BE5b9ed227089eCaa2506707ee2a,node03,061f21691f0479f900b3ade6cbed94402fe3ee113081f0ad3e109b50f12add67,0,1791366426.328574,1791366459.8410213,33.512447357177734,63,241970,confirmed,
1174,0xbeb090d4DA3964d758F29D06d033cD72C9af973a,node04,e9d3a0d98448f78db36c394a89ade3b7864660d119b5bafda4cd7af30779368c,0,1791366426.3361697,1791366460.9548242,34.61865448951721,64,241970,confirmed,
1175,0x7CEA8856db60d28a43D1C248Ad26fba95D9B95F8,node05,14efe9b1996bf3d7f0106ac759706c8ddd8ae18413602a6ae8a835bb8dc8ad71,0,1791366426.33742,1791366432.508291,6.170871019363403,50,241970,confirmed,
1176,0xA827d5191f6A6D13290A0a45467d660638b49912,node06,1d23a46e862ff5aad2901107f4fb3cfd10bdb0e90a648231aa568730b3afb4c4,0,1791366426.3394578,1791366432.8610568,6.521599054336548,51,241970,confirmed,
1177,0x272485f79C4449Fd6Bc1A5854FBa7fDC0de6cC34,node07,2e30b3f6b2683b227a171f564cc71c204ba8b75d18af3c231daa8529951a3d5d,0,1791366426.3412688,1791366438.4236844,12.082415580749512,52,241970,confirmed,
1178,0xC4CA18C69b47E82EDBb0Daaea9B957B3bcEb3219,node08,7a5e9e4366ca48a1ff2437f79eed3ed18187f5f87a8ba263f40dbe697abd827f,0,1791366426.3463328,1791366438.4356618,12.08932900428772,53,241970,confirmed,
1179,0x3245fEAc88ADB0d5b7fd46C2Cd6229E56031f36E,node09,04c30ce8bc2071344672b7ca6ffc515f2c3f817b9234ee02254e1685d92bfc62,0,1791366426.3523679,1791366443.2269742,16.874606370925903,54,241970,confirmed,
1180,0x3279D0D7c172d8C63dD86E29D193FBE445061C1C,node10,c432178177d4261e513be6f891ec57a50e40923ac0122d2f58a30cf3b14d5d87,0,1791366426.3544197,1791366443.118071,16.763651371002197,55,241970,confirmed,
1181,0x485eA8c3e7564d75BF581a4F72DDe222d788e7e9,node11,b491c6531994bdaef48cd4288419e47ba34595368568c83d3ed98a5d891f8740,0,1791366426.3557088,1791366447.2807472,20.92503833770752,56,241970,confirmed,
1182,0x3c475692F82f05F7398c5d5aB9012893E4be24b2,node12,0af0d22dc132fced667684f2ac1033220f106fdf3817e0aa6c31f7ab75064660,0,1791366426.3586493,1791366447.296813,20.93816375732422,57,241970,confirmed,
1183,0xB00E0A07b5EEaee6EDA9eCE44327E587724cE056,node13,6f0aa3aada2f44e89e2259dc5c3ab03b307a9ebd715cd9c7dec2a629d72fabac,0,1791366426.362929,1791366450.1931593,23.830230236053467,58,241970,confirmed,
1184,0x69f9eBe17bCaaABe66C5c64f863c67A888d42f5e,node14,e3cfb467b655e959fd061de239c255a45cb9fb606cc53f264e94d53ced02d49c,0,1791366426.3796573,1791366452.422723,26.043065786361694,59,241970,confirmed,
1185,0xf52b610B2a4620616a1eA1F60710677c259b0f8e,node00,c6e2bf7c8416af7a9738a6ff43a80f86ac9d010360b006456cc61ab1a12dc620,0,1791366426.3816829,1791366454.5730314,28.191348552703857,60,241970,confirmed,
1186,0x6e4123d5DD05e05E2d7C5De1F56392D77eE11E7A,node01,d78be06d06589e2928e7c159fd1420bed594400e535f8e46e0c27c17ef3c9dd0,0,1791366426.3837776,1791366456.3115723,29.927794694900513,61,241970,confirmed,
1187,0xEdcaE07400f32082320B6285d812532De2dbe3ed,node02,402c52a44e3e54f4bbe9fe1fe673237d80e5e748b1d30696d8edca0180f5ef27,0,1791366426.3872657,1791366457.7369895,31.34972381591797,62,241970,confirmed,
1188,0xDf9AC5D6F6D8AaA848E16E963D402182452706C8,node03,43c4792456871d6cedf5814737d68f2029390887438affe3dd1e1f61a4e0a411,0,1791366426.391729,1791366459.9648802,33.57315111160278,63,241970,confirmed,
1189,0x8f3e7bF2b0C281e3a6E0A614fA5dA7159718e90f,node04,4ad1427518a692fd37e929904b92c227e2233cae3a2c8e58a7838652ffbdb016,0,1791366426.3940878,1791366460.9996717,34.605583906173706,64,241970,confirmed,
1190,0x7d3b24D5B0548A5e16E2fE51439FED416ECD6ceB,node05,2a8c8a104ecb113d576d2b602cac5710375ce346fc3571caaf1eac9ff5628c62,0,1791366426.3966103,1791366432.4340014,6.037391185760498,50,241970,confirmed,
1191,0x13845C76aB6c5C7Eb9a9053935fD35913113f999,node06,8d73e27f188e47777e8311553751c0f872bf5c1cad322d18f9038cece84aeb10,0,1791366426.4002507,1791366432.4863687,6.08611798286438,51,241970,confirmed,
1192,0x701e2CE811De69fd6F41177D0eD4D21497aE55eD,node07,d9f67f86861ca5bd526ee4b53580fe870a8c08d34c758ebe3967c0fae2ee1ad5,0,1791366426.407014,1791366438.4097342,12.002720355987549,52,241970,confirmed,
1193,0xC58eB3E13Ab0b74Eb95FAa4d6B6268787F24bDE5,node08,73b2e5c09c944f775e428eea626d621a2c842928110d3f6261e3bdab4ae2db80,0,1791366426.4100049,1791366438.4910164,12.081011533737183,53,241970,confirmed,
1194,0x9594a693a0f103eA779fC3031F4aA272cB7eaAeD,node09,0516b23d50f2944ad1a67b884a951e789156083682c20cb7e10db569f2969eab,0,1791366426.4129303,1791366443.1923783,16.77944803237915,54,241970,confirmed,
1195,0xFC62a7AE48b79B36F5B4Ac8b86f447c31d7dB7E0,node10,ef7c70e68ee7257ba85966717a9ec65124c595c2921cb1207155ea816866cbb5,0,1791366426.4176583,1791366443.1489816,16.7313232421875,55,241970,confirmed,
1196,0x2Fe347EF1A843ec228e891e3Ea5A53b85650Ef83,node11,3fb71b849755f28324b830f3593ea515a160cb2022964b4f2e30318874a64ae7,0,1791366426.4188874,1791366447.494646,21.075758695602417,56,241970,confirmed,
1197,0x2B10BE614476540c3Ce2f69D1d79E3F699A78F0C,node12,d27dabbafc924571e5ea25d00af1c1bbe52c75bd05012a76cc995740ae3aaec2,0,1791366426.4207714,1791366447.4575822,21.036810874938965,57,241970,confirmed,
1198,0x042E2E9267709B6E587823c60843c7E08C348E14,node13,5c5ac490fa110c7c3bb3fdd8e2d8ba3f00d0b24cdd06b4f5ab78ead6becb39e3,0,1791366426.4242024,1791366450.1500635,23.725861072540283,58,241970,confirmed,
1199,0x0aeFce7e64628b5ba5Cf65C75ABF1D7052EE1885,node14,5a015ddafd974ad4219e348800211e17e705d0c7f46c5eeb9053f92a807f30f6,0,1791366426.4259765,1791366452.3924084,25.966431856155396,59,241970,confirmed,
1200,0xdaa7198Cff6dD7922E31c78eA2bEC8cd2373327a,node00,bf163c5f9cb44cf3b46e9a6fe3f98fa30d66a6ee79baa54764beb5054862d50b,0,1791366426.4291427,1791366454.7533553,28.324212551116943,60,241970,confirmed,
1201,0x2d8E5B270bfcb53EA0d85Dea2fF3AA5147FaEdA6,node01,bd2ce5839015aad1e39bbfd39396b2640e17e6a0c1ebc7fa7fdde26422664dc8,0,1791366426.4314792,1791366456.300701,29.869221687316895,61,241970,confirmed,
1202,0x6ae1d0b4d25b70CE5221E273818f37f9Ee473cea,node02,f2929efbc0b2631a94bf3aa88ca49846d9971a47785edfdcc38824cebbfcfdef,0,1791366426.4334025,1791366457.8737488,31.440346240997314,62,241970,confirmed,
1203,0xEF0C1FE60FF7013022F09995818Ab0AAC71d6e03,node03,440f743d490fc7ab1885bf3384f69af465440ddfade76806d933ea654ec885fd,0,1791366426.4349415,1791366459.8938859,33.45894432067871,63,241970,confirmed,
1204,0x8199573127eDb655f40789E85bB99632e5819A81,node04,b2ff1a29f09b61036344974a770c81975f7f48a1a241e0aac53b0ea238910761,0,1791366426.436559,1791366461.0066445,34.570085525512695,64,241970,confirmed,
1205,0x5af35c8BfeF7F81D743234FF188dB33CBC5cae97,node05,6199b8c09a0b98c80a65f43cb3b6ff4a997b9ad3154bf60c94bf9bf628a115ec,0,1791366426.4403574,1791366432.5909636,6.150606155395508,50,241970,confirmed,
1206,0x8FA23653049C9259b272E51987462b68E89A9B1B,node06,8e4a3731ac30bced78aa79a76d48abf1cf4af0dc8e89eefaace228f3d9394201,0,1791366426.4427245,1791366432.6819854,6.239260911941528,51,241970,confirmed,
1207,0xB008D15b8cdFc2Ed8e6e6942902c2d4D8B600830,node07,aa73ac760f7d949478a659ffe987d6cc7c224840a9d5bbae033cf2600b15f825,0,1791366426.4462256,1791366438.4474175,12.001191854476929,52,241970,confirmed,
1208,0x8DECbE691986a5fa04338c408f8355e3e0b086FA,node08,d04b6fcd6fec481b35bbb6dca5703afb56e1e607292efe895e1be62d5d9dc839,0,1791366426.4480596,1791366438.5847762,12.136716604232788,53,241970,confirmed,
1209,0x19dD374CdC00D66b0df99910FAAeE7141d160247,node09,f3df6e308e20cc36a37daea8409265b73c87ba3ee78105913646424290dc9e7c,0,1791366426.4496748,1791366443.3012247,16.851549863815308,54,241970,confirmed,
1210,0x117fB2a42BC72aEB9Bd13B5c42AAEcDba2e3c123,node10,f380d6d09c5d53e8386805dbc09cc28b372da4867950abe31a5ed85e2cf0a47c,0,1791366426.4517386,1791366443.368596,16.916857481002808,55,241970,confirmed,
1211,0x953AAAd075DDA9e2E6bEA16fFD8B76D367C55407,node11,0456b27becfb09d25554c162a9734cb2a1fefcc33e809f1c70ea9479de69607e,0,1791366426.4535725,1791366447.3044295,20.85085701942444,56,241970,confirmed,
1212,0x4B7aDB2FE473Be6D9d1275f56948A4d2f5aE00f1,node12,e3ecdad4f645ef188a4d8e2a22d9ac37199a5239e1bdb0b4d624df0c6c65744c,0,1791366426.4553313,1791366447.5174136,21.062082290649414,57,241970,confirmed,
1213,0xf0B3Ec0Ba977ef9e6f6aC7bD10d145F85E4582f9,node13,874928101f577783dde7574a0e0c76cfd670f7f4396ec26d3e7fdf74042f4a9d,0,1791366426.457059,1791366450.1737688,23.716709852218628,58,241970,confirmed,
1214,0x746e42cd89A757382ad4Ea5D5389bE9daC0614D7,node14,d43bd631d1e8d510a4e6108c299dbdccee98666ba671dd42d7cd619e54dc6173,0,1791366426.4599707,1791366452.4541106,25.994139909744263,59,241970,confirmed,
1215,0x9caa2f54d8d07A4869Cf08619293e6c061AF42C4,node00,54bd500cbd268e8e9b9b377bc80714a85dfb8ac3d9c8b3ed81acad47347e3466,0,1791366426.4633908,1791366454.566101,28.102710247039795,60,241970,confirmed,
1216,0xC811CbBDE0eb660c14Ca9a29dcB3E614A03871a7,node01,6691f658c7283cd3ad9f4c3b782746369bef5c9cce15c46165041eb971fde10e,0,1791366426.466207,1791366456.3701158,29.903908729553223,61,241970,confirmed,
1217,0x13Fb0f4FD0022d56bffc9999197429BD89402e58,node02,5fe7e7be0a61c5da00f8db3596ec50701f4299d17f46e65db9ba52cc239d54b9,0,1791366426.4701273,1791366458.0104463,31.540318965911865,62,241970,confirmed,
1218,0xFE9690e7c335dd2503EBC48E63931917097Bb29E,node03,fff3c4cf2aba07d37d433238c609d6006f228eb97ffb82cbe1baf07225769a64,0,1791366426.4745784,1791366459.9178355,33.443257093429565,63,241970,confirmed,
1219,0x76dB9bcC71C7829556be6c8eF19D4e0e9002a529,node04,e6bac597042ac9195f28c7c434d4d86cadb111c9c02c2f91ede116825d54e862,0,1791366426.475432,1791366460.9471982,34.471766233444214,64,241970,confirmed,
1220,0x48b83A1aeD3De5d2604bd779eB2521D490a97196,node05,dfe7d6cb82a22b7c6027bed50995d8363b08898dd52bd73d2c01772e99341325,0,1791366426.4765172,1791366432.7067485,6.230231285095215,50,241970,confirmed,
1221,0xdE39c67dFEAEBd039a8a5d9e89F3e2C55B916348,node06,4e2baf128f08b70abc0247a039f3bd591cbbd86c45f2bb4d7c0e1e7de8620b5f,0,1791366426.4788318,1791366432.919007,6.440175294876099,51,241970,confirmed,
1222,0xD2ac686d19eeB1d0853501CA227E8450b4B002EA,node07,a8c710b59ad7150cf2422264fefa9a94a15b41e03bdbc6f67b004a7b0bdd7a64,0,1791366426.4818156,1791366438.7854836,12.303668022155762,52,241970,confirmed,
1223,0x7aF04D6f5cD8a174AfeF13023512703ED1B4cBC2,node08,af5229a80dfc59ab84a2ed5db01e9720e8c11fd9a84df1f8706eff8f3cccf31c,0,1791366426.4860868,1791366438.6196504,12.13356351852417,53,241970,confirmed,
1224,0x1736348356cc340e9D60cB0217c915145d60e196,node09,399841d5c58500a51f84c7d19ebb6de7db456a20d7d5e4050970f30c5bcc59bc,0,1791366426.4893346,1791366443.255298,16.765963315963745,54,241970,confirmed,
1225,0x0713296331Ae5489061681131759265cd03F7B74,node10,17f5cae201afad7110cf2c5f0e07bbb10762c4ca71a5233fe4da1b664078be16,0,1791366426.4905581,1791366443.3387141,16.848155975341797,55,241970,confirmed,
1226,0x8Fb01736Ab8B4141433dF21D0FA8C4276a92E67f,node11,bc31274e5daa60479f72d45a7ce2a63d48ddeebffe3b4b5231b0e5e0020111d5,0,1791366426.491657,1791366447.4027772,20.911120176315308,56,241970,confirmed,
1227,0x3C5a67f588D3cA4311e6701bce46318ac908D38F,node12,9bae165013ff35e9d3a15238e4810b659dde858952ab89bb70afe3b284ef3ea9,0,1791366426.4936638,1791366447.353954,20.86029028892517,57,241970,confirmed,
1228,0xd0a3C00D3144176F544684443273ef9c8A6a7396,node13,f5251271f204e17e3b576c4edc3ae16c9abc76f13c080a534e927bcb57119875,0,1791366426.497303,1791366450.2967012,23.799398183822632,58,241970,confirmed,
1229,0x52c749Beb4fBc92dd80BcCD6f56842Bf38e2cc89,node14,92e56605d6d37c2f4a0dceb0bcfcf1c14d756819ebdb44943be2927306acb282,0,1791366426.5000792,1791366452.5881813,26.088102102279663,59,241970,confirmed,
1230,0xdFBB09D1113688082CdA53A44920d850E8ebd399,node00,e3391682eb339d5e6a1db10042b2f995bd57488bc184d3512396a010304b1887,0,1791366426.5011673,1791366454.7512877,28.250120401382446,60,241970,confirmed,
1231,0x161D399CB5722D6760572f5C992ADFE8988476b3,node01,c7fa9d8b80e26089545260eb636439e9a849fb79e1db90f19668ed878cb574b1,0,1791366426.5029929,1791366456.686901,30.183908224105835,61,241970,confirmed,
1232,0xBa6574Dd5aF55226deAdc5Ec73a1Bd4BFe591fDe,node02,4af0b8f1d78abaff8733e426b2a6ea5c5814ffc1589e3a0199b801341bcac5fa,0,1791366426.5052443,1791366457.8378808,31.33263659477234,62,241970,confirmed,
1233,0x5e2D8ec2664098531f5f5Fa38C20De59701f4816,node03,23ef3b6298d53f9ce6f767ecb460d967a4b53a83d7028982feadbcc3b8fd68de,0,1791366426.507598,1791366459.838689,33.3310911655426,63,241970,confirmed,
1234,0x73508967d29cB49DdEe04ec7096fC79950D62D2e,node04,334da7bc69b795884c6bdcc5a1373599de88f763d9323d082dc19ec018fc39a6,0,1791366426.50855,1791366461.0042512,34.4957013130188,64,241970,confirmed,
1235,0xc6e056450f75C8Db387f9F2bd526F6a89E15fC44,node05,e5ed591f5405a82d67ed36f1bb0f923551a74660c344575300d3c84d512515a5,0,1791366426.5121443,1791366433.0472121,6.535067796707153,50,241970,confirmed,
1236,0x289507EA8aaaCfa318229bb6c29cd8850f7AE5B1,node06,2d953a47222aed6d6344c880740d36f0007e678f2012cb5814960afbda8164f0,0,1791366426.5170484,1791366432.667954,6.150905609130859,51,241970,confirmed,
1237,0xFAF4C3F44fC31D0acdE3345725D91A433400DE26,node07,b7cf2abf1b9f5de88ec3ab4cd41a04b5b988d6d52714a51f11060a1d65ad3f68,0,1791366426.5189085,1791366438.8516157,12.332707166671753,52,241970,confirmed,
1238,0x2cdA41DB0f697D4D21e3F64CBf0D9A86A78dDDfA,node08,7218163a5c7bf2c7b307928530e59716a6126da55153da61c55f6a2f68f0c135,0,1791366426.5217516,1791366438.6386952,12.116943597793579,53,241970,confirmed,
1239,0xf1afA26DBb36C8fc4C60C5805556a46ebc42F430,node09,2944ce849d83825a3d7a839ab8e7b9bec3a0c03fef9a2b04507078533d17188c,0,1791366426.524138,1791366443.3840797,16.859941720962524,54,241970,confirmed,
1240,0x05c70f4272b4A955dd58b1B1Cce1ef01AbdeEAEb,node10,c5e9b888edc35f25d099a19feb3a4cd98b8fd48837e7c08831d140f8adf31d9b,0,1791366426.5255325,1791366443.2172794,16.691746950149536,55,241970,confirmed,
1241,0x0B4c4dF5CA32428F2aDd5A7394e1034aFD561F93,node11,0e56c9991c557274f3084d076b25b6d271cd6c8f1fff2f67ef99836008e33b59,0,1791366426.5268219,1791366447.452957,20.926135063171387,56,241970,confirmed,
1242,0x3211346A234980E7c2A58e04D3c066eB38B751f9,node12,1f668f458c5dbb04ecee747c2e00ee3f85bf5405a1e60555919c8161505919b8,0,1791366426.5282266,1791366447.3066459,20.778419256210327,57,241970,confirmed,
1243,0x539e1de3b4f02e8b22A2A84304C07A71e62ac521,node13,093194c8242a944b8fe829153f9ce2bd1c44fcb2368af503fb361f75a69dd3b1,0,1791366426.5292628,1791366450.1816986,23.652435779571533,58,241970,confirmed,
1244,0xF6a797A908ba1EAf645DB8EA6a2C6d794d18Be0A,node14,89db5d1d5095153cbe5e8c24f87c89170b66bae67eacd26070fd715cb5941bfd,0,1791366426.53201,1791366452.5296605,25.997650384902954,59,241970,confirmed,
1245,0xb25e5431331d33a2025D086d8Ec13B9D8099C886,node00,f55a2af73aacd4b38880de018fa257dbdf0a0f166e4b91c55044ec23746489a5,0,1791366426.5347052,1791366454.7211518,28.18644666671753,60,241970,confirmed,
1246,0x6cb34Dd03B7EF33498705D7D723d584a3C0E776b,node01,632b433a574a2974639ffcf9b77857bcb693c968da7afe24f34a0da639e17f38,0,1791366426.5375748,1791366456.470431,29.93285632133484,61,241970,confirmed,
1247,0x75556FE2B832163AF4d7B6F7DB138068a0eBFeBB,node02,b6b44745fae43a67528c6fb3d98ba5fdc5f6cbc75240b1e13511439bca816119,0,1791366426.5398445,1791366457.7266755,31.18683099746704,62,241970,confirmed,
1248,0x76E333B0CB5C2B5cEB99B7c2287371683BE9066B,node03,a4611101795d4845219355f90f709abd3217dcafe0536d2fd66488ab192d819f,0,1791366426.5418699,1791366459.831301,33.28943109512329,63,241970,confirmed,
1249,0x5a4Db4f17fA03F1eDAb7839e16BBC264D0d7A910,node04,26b40d91892bef1b6340373e2ee9d2214a52647ccbfc64c170ce8f7143e0ecc5,0,1791366426.5430143,1791366460.9720817,34.42906737327576,64,241970,confirmed,
1250,0xc29e73eB3b40FBb98d287D76c8CCE4838Cddae3D,node05,7a50254c08dc1ad4a4515610e1079ea8be8133c6df941c3dda53e4627475db45,0,1791366426.54516,1791366432.9032552,6.358095169067383,50,241970,confirmed,
1251,0xDC8840a8D08a1fbd74914acA10d6D99C314d8a5b,node06,e7bb27074d8c2385f5b565fef18c2a83fa4a66b330caa7dacd97dd49cc5ce66c,0,1791366426.551844,1791366433.0697773,6.517933368682861,51,241970,confirmed,
1252,0x4eB030334073D83502f1E80C1c7D0355C10aAf75,node07,2695b6d7f4e659759919653113a41273ca375677ea579e92784303474feefb28,0,1791366426.5545335,1791366438.4875708,11.933037281036377,52,241970,confirmed,
1253,0x4EfD182B6207E81C2b66847eED28c677ff93AD2F,node08,71343298c5605270d5e05a626f4d0e0f3e7aaa500b5a4ca64380c112b73674f6,0,1791366426.5577564,1791366438.5143924,11.95663595199585,53,241970,confirmed,
1254,0xbb2a997b1c32663474cd2f9B63047C4F98B41e93,node09,c4d7ad0f9ec7f5f1dafd3b692329d56fbc416d55797b0a4d33bc0f02565df27f,0,1791366426.5594265,1791366443.5086863,16.949259757995605,54,241970,confirmed,
1255,0xd2090C60f925FA494f046D655A58A616D2034b31,node10,01479c68326af52c8c57d67fbb154aa3630a5c0dc236f02fe8570803d491edbb,0,1791366426.5625453,1791366443.4438844,16.881339073181152,55,241970,confirmed,
1256,0x4355dc8BF7A1027cDD8F31c01D94911D22CE59Aa,node11,f6ada460c4e87ee057685d632eb4d105fff01371229b34f81d333bf219780ef1,0,1791366426.570143,1791366447.45072,20.880577087402344,56,241970,confirmed,
1257,0x99a49B7A78d2C8f3d7E78d885ff7866d2718385E,node12,2db13d21e08bfcd7f230c45e9e36fb0d4f6315198071adf45785632eb136f88c,0,1791366426.572757,1791366447.477466,20.904709100723267,57,241970,confirmed,
1258,0x052365f14f745FB0eE32d06D4e628102eFAeEEee,node13,28be46da707b8f6e1b95633c73667b674d23f42da7757724f241b181758a9c9b,0,1791366426.5785158,1791366450.3282018,23.749686002731323,58,241970,confirmed,
1259,0x546F64f9A911D3BCEfF198ecc5875f086A570380,node14,3184fcd088d05f3292c5b7d09e6bb16dbfca35a6c40b290cdf84ed95d2486bfd,0,1791366426.5800478,1791366452.5673485,25.987300634384155,59,241970,confirmed,
1260,0xa02cA06122f44721D4dFEEb1388f9EB730A76745,node00,cecf4464e44633bea62e84a99a788b1445d00f3fd01a0574ea33154f2cb569ff,0,1791366426.5852206,1791366454.710315,28.125094413757324,60,241970,confirmed,
1261,0x636881b2e6156531D06e3164E07DB8dA063D2A58,node01,46ff2881c579342643b073863c8b3114a87794c06722b43d38355d7d3b9d62b2,0,1791366426.59149,1791366456.390696,29.799206018447876,61,241970,confirmed,
1262,0xdfa78cab96F7e448F353854cCbc5c4D2c23Eed19,node02,b28d2ce87d1c3941eabd6ad9f4242e67c2753d30021465db7c57a9fe44d7393b,0,1791366426.593461,1791366457.676169,31.08270788192749,62,241970,confirmed,
1263,0xc379aB4A269E53a064Af820f4b999d3018912071,node03,3fa09a35cd9821896f7440329f5cd0cce46ccf6de53bea42d7b59d11cf803de3,0,1791366426.5996356,1791366459.9121246,33.31248903274536,63,241970,confirmed,
1264,0x0E92a06268Eb5338e2c6a13dF43b912CDb1937f9,node04,222679784167451b3882bb38d440f417fc69fa88851753292e6904f3bc71e9d0,0,1791366426.6009197,1791366461.0943732,34.49345350265503,64,241970,confirmed,
1265,0x380AeB6Ac06A0834753E3a41D38FCF9C4452E40E,node05,c425433a07b4762e9f5d80735fb2847a848fb8592595a1e436d7a9ff30637282,0,1791366426.6042826,1791366432.733071,6.128788471221924,50,241970,confirmed,
1266,0xD0769d3Ff7B1D994C90Eb001AB46687945492271,node06,a73d6f051dc1db911496360a4a11b38bd798e4fee450880f08ef6fbf6c248801,0,1791366426.6071222,1791366433.0116248,6.404502630233765,51,241970,confirmed,
1267,0xA3de3A04954f8F2c46B121AC09a3c60F850c5E1E,node07,a94c3fc1e3dc8f16f3e06574c3ec61674465b9d0f3a1e2857bd06f03a3140cab,0,1791366426.6106162,1791366438.5324655,11.921849250793457,52,241970,confirmed,
1268,0xe7B7CBE68f5762582880aD59C3D345a11F893f74,node08,778ca88d4e29340d7c90faa24f00f53f7d5f23acbf1bf15789403bea70947f6c,0,1791366426.6118884,1791366438.7069998,12.09511137008667,53,241970,confirmed,
1269,0xD786970cdB67c9543c6e55efF36c3DC79db137eA,node09,c4d6608e878e4ed813bd2ab5467d207fb4f0177487ccf88e60dfcd56baef7ac7,0,1791366426.6145785,1791366443.386794,16.772215604782104,54,241970,confirmed,
1270,0xF95EE600a9Fa6F68C4a17eb1d571C25512e2E46f,node10,1fd7d1c7599eedca0a31d146ffd044275c36b5fdffb504dfcc63a964bfe07b83,0,1791366426.6160154,1791366443.3192525,16.703237056732178,55,241970,confirmed,
1271,0x17E68510b748A7dCA982D7bc979cB74654bb84db,node11,042c011cc240a958c86e1c21d2412a4f4a18805c8c7ba7e09ad3f3520580a1ea,0,1791366426.6174664,1791366447.5624146,20.944948196411133,56,241970,confirmed,
1272,0x109A8d4b0258d712599b7DD293EFD157BF19b4C5,node12,82cf5e8c2191e4e12e9b03b904c2f40b36ae0f6ade5507cd758fe960091a014d,0,1791366426.6192758,1791366447.4857502,20.866474390029907,57,241970,confirmed,
1273,0x9b34C7b395AB1Db0e59d158D167EF5C43cDc6F3a,node13,a23c208e2859ef2517c60ee7f80b3dada75386e81dcba197f50f1001eb133c51,0,1791366426.623142,1791366450.3741987,23.751056671142578,58,241970,confirmed,
1274,0xB2277a1607E85a70D2d888eD98318e6972ed42a9,node14,85fbaf84eeffb0a82061dce728b0a526bf7957dc4ce0b305b6af9f09df8d89cc,0,1791366426.6242864,1791366452.4691336,25.844847202301025,59,241970,confirmed,
1275,0xE205486Efa1661A2E176D530429Dc7661569740a,node00,0471c9f5be7903c52ded48989717f749a216291d0458e2ebb7da6a0189731784,0,1791366426.628026,1791366454.7030594,28.07503342628479,60,241970,confirmed,
1276,0xcAD5B3C80096F5a76A7D6463A6AfC09b3DaB1500,node01,8681bd9e46b33f6e01707401eb6eca35c7175c192694687cfcdc7a80f30f81ed,0,1791366426.629188,1791366456.426751,29.797562837600708,61,241970,confirmed,
1277,0xE15D4d29A1A0BDB5e487F3abB7eb0a4D02E338F5,node02,56ea8e5633fdbd4c7b5c36c4b756eaf9706a088b38343869b5b42b2c523e2a41,0,1791366426.6323903,1791366457.804211,31.171820640563965,62,241970,confirmed,
1278,0x2dB244Df83a7874A0b9c002FD72e88750fDac555,node03,91c31550be609e5a3c8febf9400f057617fe1bad6413e5e01b4482a67f3e6769,0,1791366426.634397,1791366459.8808246,33.24642753601074,63,241970,confirmed,
1279,0xb2b3c204e14945a94BC0d15873c8Ad9e4DA691Ca,node04,e21b3525c54af337ef9860c9614a4e09c9618affff4d62fec53bebb6f40b57bd,0,1791366426.6369545,1791366461.1481297,34.51117515563965,64,241970,confirmed,
1280,0xD532979623d65924e40a975339efb7F377A77669,node05,ab54f1e48601a873a480fb95cb56dcb9ea89ed7a18a0cb11c133b75d90e2b23f,0,1791366426.6398444,1791366433.163112,6.523267507553101,50,241970,confirmed,
1281,0xDAA7dFD6C8303f9f59890E869879F82b1c66a862,node06,b25b292a3f7724cd457ecdb086f4f991d2adf54376c60b4ed2c2d58e8a376797,0,1791366426.6432817,1791366433.0004177,6.357136011123657,51,241970,confirmed,
1282,0x5ac04B8b5C54943A05564a4f1Caf39889615a2EE,node07,1874a0ce09d77a637a6b4d1d9650af45c614a5c8aa5245354c92a9dbc1beea58,0,1791366426.6489882,1791366438.7807822,12.131793975830078,52,241970,confirmed,
1283,0x291f59B6318EBbca648003d49070e84504cD8FfF,node08,db59ec298556ca24e2e3964dabb3a22471317d849052875c6806a8b0a61fe5ab,0,1791366426.6497114,1791366438.7793586,12.129647254943848,53,241970,confirmed,
1284,0xf8624e2760934aAD22450A5e7193bD1a05cA6986,node09,5b06fca9965dc87450d14a06800ecc2f0729937e0256a7772acbf9a81cdd6d08,0,1791366426.650921,1791366443.3307104,16.679789304733276,54,241970,confirmed,
1285,0x9170B8Ec6289C7c6c42e3E28F67Be5f9f3aFE535,node10,54cae67f717cb0294e0299c3cc7bb1a0c7c5d67abb42b59a300a83a6f374dc8a,0,1791366426.6535408,1791366443.3571455,16.703604698181152,55,241970,confirmed,
1286,0xc90B0fC866Bed7A8f4F63f907142738909c348B9,node11,e88136159d9f84c4596c1396ff8e89cf4b2d8292120d2d0b23be505131092654,0,1791366426.6562903,1791366447.604001,20.947710752487183,56,241970,confirmed,
1287,0xF736e7171B0F9f11bb24e04e2EE1a091213F9AdE,node12,6b103d0c0807a8c2843a0db04120b8d20167698dc069105e3aebd957141b3569,0,1791366426.658494,1791366447.5407567,20.882262706756592,57,241970,confirmed,
1288,0xc3BE70C3fCE91A76a7748Bd8Ccd203aa7929c6C0,node13,f23e8e755b789149ed5562e1e650cfe6cc8162fa99fba521ddbb573e4b6e7399,0,1791366426.6610332,1791366450.423565,23.762531757354736,58,241970,confirmed,
1289,0xD913644cF12315f4dbC20D4773C7d6aB71719864,node14,c6a9f88f10a856a0466ca6cfff4e96fbd832d314fdfec4bda90fbd864fe7dce0,0,1791366426.663226,1791366452.731222,26.06799602508545,59,241970,confirmed,
1290,0x932837ED0621c1bCAEA72f9FB0358c0dB8aAE1ae,node00,4ec6e51f49ebdbabe4c8dd13c26b1fb0194ec71c1fbcd59d521e1abd21b0c79d,0,1791366426.6673925,1791366454.8162096,28.14881706237793,60,241970,confirmed,
1291,0x59020b05b87Bc1501Bb2BE88b8f65F2eB9Af167f,node01,ea876b0d195f1143d3d9fc0102e1bf9c6efdc8ccd55e36129527bb6b081023a6,0,1791366426.670268,1791366456.4730256,29.802757501602173,61,241970,confirmed,
1292,0xf6D169067427801427dcfc3968fE8E330F0c9d53,node02,91ecd44f616c089cb49d5890d512a022e51740a587597cd54dfc92c64ddb9bf9,0,1791366426.6746266,1791366458.104355,31.429728507995605,62,241970,confirmed,
1293,0xa6b6d1c7931FC8eE6879f3faD844A010b5b8719C,node03,052ddbd49e1c814cc53863e2e99690faecea9170daff734f06bf7daa9ca09e72,0,1791366426.679947,1791366459.9046032,33.22465634346008,63,241970,confirmed,
1294,0x19e7356af9F26468858389F6567eCA86e03F5D2c,node04,f8c16b5253a277444fec3d19ab21fe31a503876c0b653285e50ad99dc5af4654,0,1791366426.683199,1791366461.0291548,34.34595584869385,64,241970,confirmed,
1295,0x101D1a7a3a74CAB799627777e3D1177c1f115cE2,node05,35b130e8186503b66bb2413867044eafcb11e3947a72c1e4e6dc9c5436497b0b,0,1791366426.6857789,1791366433.2398982,6.554119348526001,50,241970,confirmed,
1296,0xec0756ba6Dcc2ec7F5A900984B80d1fd7A1150e4,node06,5ba3e9b30c1210ca083a05421599e38f45e9104785ae8b142e04750cd1a4f74c,0,1791366426.7076516,1791366433.0341172,6.326465606689453,51,241970,confirmed,
1297,0x402e61953399034C4e41C512871A77C353eb07E6,node07,0b4fef2c8108d66c14d0dd070acb6efe3f9aad6f5fd6f8b91522dd7642f09b33,0,1791366426.7099266,1791366438.764189,12.054262399673462,52,241970,confirmed,
1298,0x7CaC664F8Bd42F79156149c2AecaC44025f7Bb9e,node08,882a8ed0f24364a930663c2b7dd23b8a65aaf9ae8adc3f3c8004da371ef65c3c,0,1791366426.7121654,1791366438.8211367,12.108971357345581,53,241970,confirmed,
1299,0x53c1905fd66f915934839A16D09c2E3547164feF,node09,f7d2f1d7da7e94e17b6b9af1a03a786373fa5c5564a558210196bf61bbe667c2,0,1791366426.7149734,1791366443.5178914,16.802917957305908,54,241970,confirmed,
1300,0x80191Ab0325E536c9401cEEAF82B4C65E18983BF,node10,a73264a2982eb16af7c75504f1f1aac28f51aedcfb997d6ff9bc340fcaca76b8,0,1791366426.7175515,1791366443.4963927,16.778841257095337,55,241970,confirmed,
1301,0x5Fe42B07e5Be3F8A8917d447a77A9abC0Fc26e1d,node11,e6b838d22fff19aebc099347ccc220f94d230f08465fe6d6132213925bdb755f,0,1791366426.7193305,1791366447.4277961,20.708465576171875,56,241970,confirmed,
1302,0x7f182A9A228341E25bb7308665947FB603AD7CfD,node12,ee79b40bbe9d99ecbc8af0a3ec33fd048926274b33503f66e3d769604d670aab,0,1791366426.7237747,1791366447.426239,20.70246434211731,57,241970,confirmed,
1303,0x8d6f3C0CFD8eD1cA583a789BBD5A1dC020df3154,node13,3a81ac68ba1a18bde481ef07388a0fcc950bae299c3606d8f3548a5ff186098f,0,1791366426.7259538,1791366450.4146924,23.688738584518433,58,241970,confirmed,
1304,0x5cfc775D12E549Bb9e398C27008f3aF8E9dC2807,node14,fd70c4eaebf903c4941b99154177d976549e2da876e16f9fc7a5d6f747d067b7,0,1791366426.727468,1791366452.4984825,25.77101445198059,59,241970,confirmed,
1305,0xf73BE3903633471716965A1e1e3Ec065BdC46E3f,node00,15df82f95ce73b55fcde1cf04f15ad3ced9c233b89cb823f9c032e1569ee2df8,0,1791366426.7286263,1791366454.8263357,28.09770941734314,60,241970,confirmed,
1306,0xE6c4a26d3A3226F19747BB591DB34Ca00b48CbC6,node01,d92d532a729f8092afdf625da13084822d78603af53797a9b703e93f12ecd5de,0,1791366426.7305791,1791366456.5180905,29.787511348724365,61,241970,confirmed,
1307,0x12a451452Ef16d91b960D212E525f8Be46ae01A8,node02,18078e6fbff12e1427ec5709277564ce98bf8da281fff69ac8d053f7ce8676d5,0,1791366426.7328265,1791366458.0772727,31.344446182250977,62,241970,confirmed,
1308,0xc7F745222232AC1C3CcaF23253a0e4c9748CCe83,node03,a24dcfcff35d746ce5f17e88873fc1793652fd7012d71e6e44ad4e703318a21e,0,1791366426.7363193,1791366459.8664997,33.13018035888672,63,241970,confirmed,
1309,0x3E7d217091dd4c06e8cF9fDD9Df62A11EeE1169b,node04,83775b912ca4f2559afc83d908239f7e413dd97d3ca64396403047bb9f942c20,0,1791366426.7382994,1791366461.1267323,34.38843297958374,64,241970,confirmed,
1310,0x171DAeF64647338Be14509320d21c84319aa0b55,node05,8030872a829ba7f3426c7f1851e967e8357a6e5fee22261ab13183249ab95716,0,1791366426.7405374,1791366433.0639088,6.323371410369873,50,241970,confirmed,
1311,0x405F4dF5fa4B4FB0FeDb33A4e5cd9754dD615B65,node06,b17646021fe213e4afca0649a15127973bf018eaec1684f8bb9ed3031f5fd406,0,1791366426.7422714,1791366433.256378,6.514106512069702,51,241970,confirmed,
1312,0x5ceB50ba0F55CcE2B31868e7626d73490ed8EEf8,node07,5c194a5da80898341daecf456dd26aea31025648f42d00bba03f338f0154eaf1,0,1791366426.7434886,1791366438.9480553,12.204566717147827,52,241970,confirmed,
1313,0xDCF6ef7dde46FbF498a8525cceec255383DD5596,node08,ba6979cc97ba2b3b5f1ff2a0b0e423d8baccd2201818ab277d284ed42c5f4110,0,1791366426.7457762,1791366438.8572395,12.11146330833435,53,241970,confirmed,
1314,0x6B230670b468e97A90508E46f8439e415BfAbA31,node09,e0b6422821bdd6a8da5961c6d7b984ee4b3dfabe0844a788e6be60ff176a54b6,0,1791366426.7479835,1791366443.3522887,16.604305267333984,54,241970,confirmed,
1315,0x5Cfc7C1fe1074f233e5CE10Dc7B078Afa8d2D952,node10,956b70ba10194f20b092b5034764782c7f57d1e81c3e38452a5dea16522d1b8b,0,1791366426.7503905,1791366443.4693573,16.718966722488403,55,241970,confirmed,
1316,0x8dEEe6F86Ae704de05F9eeCf3DFCbc7554b16444,node11,d4de8a2cc5d511033fac8d648f8c2560311461ab0d2013c7af4fe189a710665e,0,1791366426.7585733,1791366447.6300983,20.871525049209595,56,241970,confirmed,
1317,0xc15B3BCF3D3fB3E4E60C610cc5b60580baaD9679,node12,dd989fcd6c6597ce99c67455683e107ac992f59fb24d347f133298b75fe63802,0,1791366426.7602668,1791366447.6396213,20.87935447692871,57,241970,confirmed,
1318,0xeFa07b858ca40F125d7E346AbaD5c8c7a0cEe107,node13,2d3b6cb55713b7e8aa7d7e9029b9fe10f04c7097bf8948e8f608e1427a662416,0,1791366426.7633512,1791366450.274824,23.511472702026367,58,241970,confirmed,
1319,0x75faF8865202dDDC281a6D6cef23C8F1451e34F1,node14,4a70078e536fdaa85c337eb3c1db883a2ff86f37f822d93bff451cb49ceebf5a,0,1791366426.7649746,1791366452.5324638,25.767489194869995,59,241970,confirmed,
1320,0xa33b1b8e4aCB1e29e52a4d9419E4D67285173148,node00,8d599ee54f4d23751a0359833fa8ffb154b4aef9330ba41949e4eb51693ecebb,0,1791366426.77094,1791366454.9988673,28.227927207946777,60,241970,confirmed,
1321,0x3D0BF833BC3B52A62727a180A03A6cf3c55dd93F,node01,e72eca81129dbeb7c612472cbabbd1d904b3522fd1e81b26d509267d34274f2c,0,1791366426.7754385,1791366456.6492538,29.873815298080444,61,241970,confirmed,
1322,0xB0Dc7648Da7C9Af213926b82488EBdB89093F60E,node02,e407089d9032610a470282f95534df47cd5e00d18d5cddcbf02e3b94bfe1c160,0,1791366426.7798963,1791366457.7662303,30.986334085464478,62,241970,confirmed,
1323,0xc06a12d3159cEF0AF774Bd789533B6b13D184496,node03,94c68a44ddfcf209dce1815f9dbf2fb8fe45f41788fd80e8def19e950dae4ba6,0,1791366426.7827535,1791366459.845147,33.06239342689514,63,241970,confirmed,
1324,0xeDfd547294799C3E9dbE16a92AE0520c49Ae5c3b,node04,8ef30c3af588e8ba95c4784cd55693e19ddaa7ead8a2f19b3e5a9d3012752d41,0,1791366426.7861116,1791366461.1082215,34.32210993766785,64,241970,confirmed,
1325,0x12BB4Ad0d5B55fF272A9Fb8B5d9D7998dDa9F359,node05,431db837a10ef853f56e9edf0e8d979a5ef8fa44a4b93cf8b800728328103791,0,1791366426.7891223,1791366433.130081,6.340958595275879,50,241970,confirmed,
1326,0xBc72fa7acFf1beA0d4231257cB4e4F82788D82dA,node06,6296102cbd420da911d141b5516a64b4434775a39cbcb8676d19452d543063f5,0,1791366426.7906058,1791366433.0407248,6.250118970870972,51,241970,confirmed,
1327,0xc4cee5478d5ae98d50ad2c170d8Defa0801C472A,node07,1a353bae7da907ec655262a764fd340b7446c46757f3393f2198e80e5fa040b8,0,1791366426.7948797,1791366438.8705842,12.075704574584961,52,241970,confirmed,
1328,0xE15cC1FF7E6f837B3Ff9000d219307732b636A9A,node08,c0944c92c1d6fa4149b88c93db9faf25c710a00996ec94e4a3e2ee8dcb15d2b9,0,1791366426.7973256,1791366438.8052058,12.007880210876465,53,241970,confirmed,
1329,0xac3AC86391a86047a35DCB4967D3342EC1B02C21,node09,79aa9ec859b20a99616063f10942c3334d00e66eaa042064fb5f3a38ca763a77,0,1791366426.7997677,1791366443.5164578,16.716690063476562,54,241970,confirmed,
1330,0x563af14cAc6958f6D15B2Dd920902E0dBcA2c316,node10,0f5d4419024a470abbe9d77ee9fbc14114d1a91e04ec5d20cebded621aed33cb,0,1791366426.8010325,1791366443.5740924,16.773059844970703,55,241970,confirmed,
1331,0xfc3bD6B7F51D516016732c4c1DdE3E0E317d1086,node11,dc34e6e53ba842ffd1adad717a321a7361d1fe68789a5e9e1382b328f78887d3,0,1791366426.803696,1791366447.633725,20.830029010772705,56,241970,confirmed,
1332,0x84Fa85A753fd937D2d38D8Aab8690c9E7C87f35C,node12,268b95035ba404c2556c1eaec76358af58dd29ff0ffbdb700b051da3232ad3ed,0,1791366426.805776,1791366447.4469552,20.64117932319641,57,241970,confirmed,
1333,0x645e0961fac83fCc1513aC7A4292a50428618251,node13,1625868bb9c6d90d76cf436f5e5803a5869430331e0f01beeff51c9e7e98d60e,0,1791366426.8080094,1791366450.3657413,23.557731866836548,58,241970,confirmed,
1334,0x80ECC9f93bF76a18be6616744845E6646a8d2191,node14,fd37b6320f7c7116df879fce447a6f4bff7a7298f4b68799821f28547156d4c4,0,1791366426.8087935,1791366452.540298,25.731504440307617,59,241970,confirmed,
1335,0x95a80ce7d88FC38FB5e611D659118dAFDe495C3C,node00,6cb7e5ae59fa2ca1fb02816606793549ac99919f0359f8ebe094d2e1f2e22bf9,0,1791366426.8127754,1791366454.853392,28.040616512298584,60,241970,confirmed,
1336,0xC9880Fdd169f6af96941351c517e936B2283Dd33,node01,dfafebb19ab0d8d02d93502f354713b0d0aa42a5fefe786f0bc5746a8b605c57,0,1791366426.8156433,1791366456.4538004,29.63815712928772,61,241970,confirmed,
1337,0x58Fb4E2C9D1Be4603AdD203A49D7f4eeb9effA26,node02,b0ee91494785c2be5576b5f8b6fbb223fd391a89d888c75acd07334c15a429e9,0,1791366426.8200247,1791366457.9838834,31.163858652114868,62,241970,confirmed,
1338,0x5391a1762f3549AbC3BCB907a5A06bb771B0A174,node03,bc0a5b18a99f30ee42ff561fa743473ef42f57ca80edfad73a3d9cb39648cc86,0,1791366426.8227856,1791366459.9264555,33.10366988182068,63,241970,confirmed,
1339,0x10979D8e7494BDdDFe602DD662aA3fBe6FC321DF,node04,74c4b8daab0c3bcb57d000f198f18c3fc3df0739598d9dd9c85b3d324d81758e,0,1791366426.8252041,1791366461.0629292,34.237725019454956,64,241970,confirmed,
1340,0x902354Dc267033Cfb01513FD5BFBd34F29911586,node05,d96b8a65a62b149146a037ac87610905eedd260ce91ebcf4e05ce4a79236f406,0,1791366426.828462,1791366433.1358047,6.307342767715454,50,241970,confirmed,
1341,0x6438Ba9EA38f1e13000dE6e4c91A126555EbACA0,node06,1ce201f4ee7d3d2f5419a810e5fd1eeb1dd70755b31a9c1c9de78580d68d0628,0,1791366426.8312652,1791366433.2860062,6.45474100112915,51,241970,confirmed,
1342,0x13d32b009C500c6C65A85a1200b38C3aa878448E,node07,5fb23d56ce20f9b7569d74abc66bbd59c9677712734d844e663be9e564d9d734,0,1791366426.8333626,1791366439.0797188,12.24635624885559,52,241970,confirmed,
1343,0xE9E89C3285aEdEb2339e6737deed596c5b55EDb5,node08,76ca232b67c559b9bb11e9608bc2b0c93e5b6cdcb5153cdbf4d4b6ae854044b6,0,1791366426.8343005,1791366438.9613323,12.127031803131104,53,241970,confirmed,
1344,0xE4E11904fc017Df76F8FCB9473549cE8e76272a6,node09,a976d9c2b5cc52c9f67ab7c02be7b66eb083740b3a3e7f2807a00ca94dcc074f,0,1791366426.8361337,1791366443.684655,16.84852123260498,54,241970,confirmed,
1345,0xe955dbfC9DB7DcD2Efce7ab4d57A2b8c99849D87,node10,29e9d5dbfa483d37f6e9bf34b637371f1ba093e6b2061d634c8098e3c790ba7f,0,1791366426.839689,1791366443.5113323,16.671643257141113,55,241970,confirmed,
1346,0x63B49bAbdB02AA7A41D6536a52774b5F66345aC2,node11,848baaf3b9e7a4ff89d75e884aa4f3e49a28af0641fd728ecf8e4f88ab389162,0,1791366426.8436427,1791366447.6146255,20.77098274230957,56,241970,confirmed,
1347,0xb725B34029C3eDa69F059bCbf629Ca88A0e77EB3,node12,bc3c7823905872549fdac717580acf67b40a86a8635183ff78e9d7a0ec0d3b0f,0,1791366426.8459501,1791366447.5652964,20.719346284866333,57,241970,confirmed,
1348,0xe8D340F668f73db3581f4eF840e2596c8b839C89,node13,41c6b9c97750ccc53efc31bd780627178ccfebc75ba76023a2e483e7082d87e3,0,1791366426.8492203,1791366450.466872,23.61765170097351,58,241970,confirmed,
1349,0xDBf6F1c0593691F7204cA62d2Be3e2328012639d,node14,b54007ea08403ee903f53f4e9a21a1b98d9825f73fb64a0ab9da38ee1d75cb70,0,1791366426.8514864,1791366452.7722328,25.920746326446533,59,241970,confirmed,
1350,0x0C02B9e2c22915934E688Cb5aC3f3D2d42dd4928,node00,4c323b195e27c1438bb34854098e13590ee0e9fbbe565d5aae391f63715a8c72,0,1791366426.8557527,1791366454.8762045,28.02045178413391,60,241970,confirmed,
1351,0xED090CB9423dBcF621c7DB9d3EBcBF46E537c136,node01,ba6db379431ad6204fb54f14a6d22c3cd5622be07fccd5631117da48d55711d6,0,1791366426.8602695,1791366456.404366,29.54409646987915,61,241970,confirmed,
1352,0xA9Ada086afE91930E40a97514F6E99D60Fcf5AA1,node02,e7523bf4fb0c1557c0b3565e8cd3da1212f5fe90b1e328d6a3533527cfbca645,0,1791366426.864225,1791366458.1394517,31.275226831436157,62,241970,confirmed,
1353,0xbD6bA4C4626cFA1A4a1C697559e6Ea4FdBFf4794,node03,0b3dda626380580259160182faf6f65c28500f54c00eedaa5ddb613fc2e84b60,0,1791366426.8668406,1791366459.9953225,33.1284818649292,63,241970,confirmed,
1354,0x6F03420573B58bed13D3aB66aaFe674eB670000E,node04,72039fa0afed48f6909a22281c33a316610541168f2edf5cdabf7f3cd5ccde77,0,1791366426.8687432,1791366461.1413777,34.272634506225586,64,241970,confirmed,
1355,0xD5Ec9D8cbC70cBa14eA05378aA725f4D0dbebB94,node05,89e899610491411c77584a1a9e4dd4c0848489fa4fc12e1cbf902afc156f0bc2,0,1791366426.8704412,1791366433.186059,6.315617799758911,50,241970,confirmed,
1356,0x9415231e856E975eF388A653156D1e91909e2fb7,node06,126d0b12bf3f930941490b90d792b1cb72626dc668350b1bc3616d81949d6b7d,0,1791366426.8716571,1791366433.3571713,6.485514163970947,51,241970,confirmed,
1357,0x39491a2016f6B8f0E5B8c406b183c23F1db1a51B,node07,f4e417d12ab3b98b2f4c2866b18be4fd608b1d4e87726e102bf0aeef85183e41,0,1791366426.8741446,1791366438.8766918,12.002547264099121,52,241970,confirmed,
1358,0x4bA1D3Bc2EE18Abc9736CC4Cf0a2640CFc4A5Db2,node08,8f0bcc67b8e9debe41ce0572c928015290410144a8b11407b402bc83c9ee890f,0,1791366426.8760793,1791366438.9983656,12.122286319732666,53,241970,confirmed,
1359,0x3Bf7072dF7039D914778573568425dFc76934242,node09,83f5aed41265da94971a06a8c4a4cdcbf6f5c5908484c35043e96fe0f7160112,0,1791366426.8792424,1791366443.5528297,16.673587322235107,54,241970,confirmed,
1360,0x05b49F3ef08ce6102c50A4689D990c77Fc240aa7,node10,4b41c573109b18d4d66d01a070e8fbdbbdb101d6a5f8a77ce9ea40d2286ce131,0,1791366426.8813665,1791366443.6460197,16.764653205871582,55,241970,confirmed,
1361,0x139119E449BE1279D478751aB4A1A719403c0410,node11,96f4e7fd7fb381fe12aaac25cdaa0db6aa156bfb9279bd5b8056e954964a12f2,0,1791366426.884432,1791366447.6498168,20.765384674072266,56,241970,confirmed,
1362,0x458f7880680AD13E4e57912F12214051028D3800,node12,49264891add00728e9f26859aa51475b682a2358b9c0a55501ad6a09d49578ee,0,1791366426.8849235,1791366447.66718,20.782256603240967,57,241970,confirmed,
1363,0xDC6D69d0c28dd137541bB893aCBd44B53C108a01,node13,b0d4bc5cff5b703fb5e5e47c5a5eb76f56925302280566335b2ff3e0147083d2,0,1791366426.886617,1791366450.3890803,23.502463340759277,58,241970,confirmed,
1364,0x2446CBCFd5c2d7Ea82dBafc63005D12e926224a4,node14,e5adf00ac7679fcc34e7d5b004600ab8a09425ddead6746dcc508f326d72ece4,0,1791366426.8887284,1791366452.6731281,25.78439974784851,59,241970,confirmed,
1365,0xcEc94B29De0797b71C46fdD5b4951E983fAd2016,node00,0de050b247c5e5e303b5a3757a46ab52531fb10cb3bb45dbb95b5595425cfc8b,0,1791366426.891257,1791366454.8653343,27.974077224731445,60,241970,confirmed,
1366,0x4EAe3468b3C6E4943a26157B8dcE1Dc06fD3998e,node01,304260776108e494a4b3f56bb4668f91901707710894c653f025a5665423f2fa,0,1791366426.8935719,1791366456.4641736,29.57060170173645,61,241970,confirmed,
1367,0x234FAE4dE07A107870101c7417811b7dd20C509C,node02,005f83134c4a829abe31d9c812784e8778ae2f295ecfa6ed766ce9d7c720767c,0,1791366426.8950572,1791366458.095159,31.200101852416992,62,241970,confirmed,
1368,0x9580C7714C9152799A4c9b09896024B2FFc9aF3a,node03,c5aa39dd17c82529745375fec7680ce5c035aaaf4cb95589e1ba422539b6c57b,0,1791366426.8981063,1791366459.8757849,32.977678537368774,63,241970,confirmed,
1369,0xC62d30Bdb2A131F0e1961A2947AFBDF43cAefaDD,node04,6b90c257a2e7b1762c83d1bb713cfaea7a06cd7ec875612fd14d7b3e51e151e4,0,1791366426.899645,1791366461.0477102,34.14806509017944,64,241970,confirmed,
1370,0xe6B03af3cE41E3C16A65386bec63e15A96ABfA20,node05,bb089b1e486df485f3361a132c04aa70df084c0faadd77e7149567b832d95771,0,1791366426.9011056,1791366433.2080312,6.306925535202026,50,241970,confirmed,
1371,0xb76A1e8ABa8525e7C636fFe01233A7202e9654Eb,node06,10e9cac5032b132383f6c5fe5686bc80a20f5fb32a15b3a71fc6ba6b319fdf11,0,1791366426.902537,1791366433.28985,6.387312889099121,51,241970,confirmed,
1372,0xFe4EC074733522a1a6f9914805a0E7B837901993,node07,7e6e0ce13e0018d2a97263138945f031704832b1781482dedb0f63a779c55c46,0,1791366426.9039428,1791366438.9159658,12.012022972106934,52,241970,confirmed,
1373,0xc9342c8Be6C88CCFa84fF68CaEAa60dfD20471c2,node08,97d0207435145b1096fd5189718d2f5e4ed16ca8d35592fb3535b7fc3b690928,0,1791366426.9056392,1791366439.056145,12.150505781173706,53,241970,confirmed,
1374,0xE0026E4B45a0CaC79879805e94c1680143F51406,node09,30f4aea9f9622316521a1615297a4efc51b7b4c2a267f485f832a96807dd807a,0,1791366426.907126,1791366443.5665092,16.659383296966553,54,241970,confirmed,
1375,0xe9e22C6D7516E59b0C57FF431aa9c1b836A4eC2F,node10,07ff3630acdc3568ac4bafb557dc0203e52bb8e314f38b5b01ccf1519252be2d,0,1791366426.908833,1791366443.5141706,16.605337619781494,55,241970,confirmed,
1376,0x1e326CB2d4cbd0C39C0de0561700fAE14a43a462,node11,b99cc6445e60217c242812408476a6781bfa64dbfedef72d017c9a63d077237b,0,1791366426.9150114,1791366447.8331695,20.918158054351807,56,241970,confirmed,
1377,0xA89f2c27c22a9a9651358D7Daa15fd42d0C1a7F0,node12,37814e9df4b04545ec49ed8de2c7ce0614a8e6c65f52229e5e511e36bb43e2ed,0,1791366426.9173121,1791366447.5453396,20.62802743911743,57,241970,confirmed,
1378,0x8aAd8405882686e5ef9F75a879C4510711552610,node13,b1a32ee56f9b321ea0ad30f513597e61c7ec396e5a14a774d2f254532f829e16,0,1791366427.0205212,1791366450.4620926,23.441571474075317,58,241970,confirmed,
1379,0xF0970966C888742558ff3Cfc0bE5bA9660152Fa7,node14,a0683633acd199cba6cc12618ad0d68d06c32e577dcbdb4a762ae39b2b7fbed7,0,1791366427.023417,1791366452.5807226,25.557305574417114,59,241970,confirmed,
1380,0xa47A2Cc46f7C78BE01D97843a43c1Bab0e3e57F8,node00,f44af0432a2a3f054703455bb26fe62527ced550d6ad08be0724d5a11a7a0c13,0,1791366427.0243983,1791366455.0564137,28.032015323638916,60,241970,confirmed,
1381,0x8f569027afac91390Fd3479F38743fFc53c16595,node01,8e6c73665c8291b95a361cccda1bcbc6b4ce8b8324287245304f15ad2aad93ce,0,1791366427.027496,1791366456.4544437,29.426947593688965,61,241970,confirmed,
1382,0xBbb4bdF2F150Ca73b31b667FFf26aA459D0c0EF2,node02,0613658cadc29fa48310867f90e8f969ed2249abb22bb767043ff88619a0459c,0,1791366427.0300033,1791366457.9996088,30.969605445861816,62,241970,confirmed,
1383,0x235474ece79992004aEc314eb7654349851Ab085,node03,688d16fd08bb3f6b70bf0ffd204516130e24e2701cc5ce32104725f8dd5b5483,0,1791366427.0382333,1791366459.9611893,32.92295598983765,63,241970,confirmed,
1384,0x2134DEF2E676b1DBde2f462d2F7F3a2f2E6a9B9f,node04,a0bc842cc969820fe398a673d63484140e77d30395461c840659627a37d9473c,0,1791366427.0429456,1791366461.0428205,33.99987483024597,64,241970,confirmed,
1385,0x0592F9F08d7b328d5247082CEdA6C60B2d27b2a9,node05,68294dad2fc6172b9893c1334842f56208ae3d32941bc2377f76720bfbb63e3c,0,1791366427.0439546,1791366433.2712238,6.227269172668457,50,241970,confirmed,
1386,0x80423f501f7EB520FAE881d769b2181c3eED5B0f,node06,d4f4ea5530ecec348e82818632b4a56e0436a5dbb679ddab21fb1a390d579a13,0,1791366427.0461526,1791366433.2038968,6.1577441692352295,51,241970,confirmed,
1387,0x142cB72B4a4884C3613B9952fF751E3185bD0E85,node07,1e4a9a31daa9775e57513fe60023dfd582bf4a2be6bf8e3cd6563018801932d5,0,1791366427.0483098,1791366439.1387975,12.090487718582153,52,241970,confirmed,
1388,0x76abC2279a2d9a91e14355c5dc424d8eb04F652f,node08,7413438afbf615d9455ff28b2729de91d63226fb3430613197724a14fb9350b5,0,1791366427.0500634,1791366438.9353664,11.885303020477295,53,241970,confirmed,
1389,0xEcd6EDA87682B5603203A55240aBeC588aD16787,node09,10756a87bd89f24436f5ee4ca2b0b214e9ccd4a06971182e055a8245855c8f8e,0,1791366427.0509968,1791366443.6064467,16.555449962615967,54,241970,confirmed,
1390,0x47a4C8B669aB48e1fC7d5942Ab19563aBa46572e,node10,3213167d9186494eaca186af17ff7bc2cd540264ca898ae3dfbdd013d5d926f7,0,1791366427.0528004,1791366443.590199,16.53739857673645,55,241970,confirmed,
1391,0xcF6556bEe7f8a077C16D0a62a31aF1c141E981C0,node11,c19dd62ec2602d952d84ff6ebbd7d625940be2213086d54b83978668153e26c7,0,1791366427.053783,1791366447.8183699,20.764586925506592,56,241970,confirmed,
1392,0xF951fd43C407B993e60403708d6BbF1b3951d51F,node12,8d9a5a7fce530f39c2a03db8e802dda97a07cd823c20b87f7db9e036cdb77620,0,1791366427.055603,1791366447.605271,20.549668073654175,57,241970,confirmed,
1393,0x1BE2EFd82284A1cDA76C60bf7af8305fcECFE99f,node13,c10349fbf233af0e5e56a5d732a1ae52d2d240fa340538769204db5aa11db388,0,1791366427.0570202,1791366450.495657,23.438636779785156,58,241970,confirmed,
1394,0xe89715da96b06acef892f947a52954C4a5374288,node14,7dde132687adee528c6d6d501d2a752476ed48048bcd8f1ae1643511c29b0845,0,1791366427.0599306,1791366452.7012346,25.64130401611328,59,241970,confirmed,
1395,0x254f04091Fe2464268f04D1fC1703BAe04EB6ab3,node00,273000b4119134dcae07f98bbc51e84d8e67cc62416c6eee0a4f68a763d13916,0,1791366427.061746,1791366455.084822,28.023076057434082,60,241970,confirmed,
1396,0x8DC37b806DA264Fb5685dFE63c9F1be78b4d01f0,node01,30ba95fb7ed5bb49ae13302ef66e809ccf764468729e59f871bd6eed4a39906b,0,1791366427.063463,1791366456.484401,29.42093801498413,61,241970,confirmed,
1397,0x8E63616D3a2CdC89d71dD010d7f5c3a9c0877608,node02,6f8315059fc9283d5a69f8f12a9e033b366bef20fbd8f668e390383e505c6a49,0,1791366427.0653586,1791366457.9514666,30.886107921600342,62,241970,confirmed,
1398,0x520f600Bd87Ca52CA16A4b09dB8481dfec8AB063,node03,67d55e252fed7a38d2357402f9e4b79a54872afd6fd47c1e136bc8b03316b68d,0,1791366427.0674887,1791366459.9304812,32.86299252510071,63,241970,confirmed,
1399,0xe9c352514C1C3dc23eEc6d20FeAd9F7464470757,node04,b734b007e129bec5eb9d11d90fb0d3307b3100dbef47325802ae966d5f116cec,0,1791366427.0698106,1791366461.1932847,34.12347412109375,64,241970,confirmed,
1400,0xed0B08d09E63dBDb98Bb6f53d526ac210759A09C,node05,5c77b804047e71d447e2e4c8a511b7796416fa7a5026d0f58e6403835b64f589,0,1791366427.0714915,1791366433.3644433,6.292951822280884,50,241970,confirmed,
1401,0xf221ebA5c75F1db01c427181FdD393b979ec5C66,node06,ae6fe0ee482f8a6315bb7170cba9f7cc6eb90f15dc140f65cb04a71306b78b4d,0,1791366427.0735326,1791366433.2949405,6.221407890319824,51,241970,confirmed,
1402,0xe46CD60a0123f06d877698B69bD29dD9a131976f,node07,ca4f2da61df6fb8d8de2f0a9f0eb2d0ebad2d749c749794afb1bb2e944127db5,0,1791366427.0753808,1791366439.1046417,12.029260873794556,52,241970,confirmed,
1403,0xd363d143146779d7d643479e9fBaB2d038ea5Eea,node08,e16ba0ed92fc065fb30113c32293004d473e0e959f929b04ac56d91b398716fc,0,1791366427.0777678,1791366439.0426614,11.964893579483032,53,241970,confirmed,
1404,0xb99AbA33C7795ce8DcFf5566490867Acd85099f7,node09,f910fcf9c3a438bb625949ac58afd58579fb6cfd65f441d4ec5c02cf5915de6c,0,1791366427.0786035,1791366443.751542,16.672938585281372,54,241970,confirmed,
1405,0x63CeBC5dd2C67A2fDCCc955eAe4c8f1023F89e70,node10,9e55e50a1b93064426c6358826e3e9614dc23267a7a58fcc47f5eefddc1625c7,0,1791366427.0816,1791366443.5968745,16.51527452468872,55,241970,confirmed,
1406,0x44C1c67381ce4D098FBFaAe9Aaeb8B0572C0803a,node11,c7fdff3583871c8fb0ebabc6cf070b4b92c8c2da36d68f4035465397485637c1,0,1791366427.0825472,1791366447.831277,20.748729705810547,56,241970,confirmed,
1407,0x4da90868F2F0F7d193692F6d270A42763ECa73Cc,node12,a02ee6990bd6c15e56bd9cc58ded57e1a9d43c928287fff7c65c00b10aeb6a4f,0,1791366427.0850422,1791366447.7907052,20.705662965774536,57,241970,confirmed,
1408,0xbf231a637f128f59A7D03A3698f53F5D989917a7,node13,76ab9ca5f96142e7c871dbc4eaee9caeacceca515da10e9684ac478c30f21359,0,1791366427.0867045,1791366450.4406276,23.353923082351685,58,241970,confirmed,
1409,0xC095b88436fA7d28b90D83574B5D04b153C97986,node14,69fae61f0167b1c7a71111b94aec380868ee2ea18c2b33d81ed88a8f9d457611,0,1791366427.0877097,1791366452.7210345,25.63332486152649,59,241970,confirmed,
1410,0xef99546b5cA30D6695aE0AC8Efba5567C5C576B0,node00,36a346b4599a083777d45952c929b4bd5475ffdcf4cb3c36e43eb4eaf2774eb3,0,1791366427.0893953,1791366454.8723295,27.782934188842773,60,241970,confirmed,
1411,0x9aC8a8015183415B9533504c52Cf7e088E72E1c0,node01,a49a30f80cf9b993e0a53141ec3e418385878e4b5dc7915f90dbc8958ccd6c74,0,1791366427.0911407,1791366456.640516,29.549375295639038,61,241970,confirmed,
1412,0x483b77e9549F655133860a636cAF2C3Acc1246ea,node02,d7685ab9661450702b1fa36c92ff1b4010c0075d81f4fc5a32898456ccfc3b66,0,1791366427.0929422,1791366458.076268,30.983325719833374,62,241970,confirmed,
1413,0x80502bBa29067Bca8Dd154795D6c1Bbe792bf563,node03,f276ea2d92664fda4e9ed4885135d508ab12d3ffe5e81f55c0b30eb7977659cf,0,1791366427.0953743,1791366459.9800742,32.88469982147217,63,241970,confirmed,
1414,0xE2A5f1fd540b46296e073C9Dc9E0A04AE66A4042,node04,a6d10a858aac8a4ef6cd93a903102122cff021844543bf12e49f1c400757bd30,0,1791366427.0968938,1791366461.1050625,34.00816869735718,64,241970,confirmed,
1415,0x015c0CE45D30B394B4569146A79041e462d6eb92,node05,e823d0b60e13053fe99e0e91ad2983ccf8cbe8cb67c278ace21b2607d748f017,0,1791366427.0991461,1791366433.3331134,6.233967304229736,50,241970,confirmed,
1416,0x4D492339485721148e961F3875B92586C7176483,node06,f2e62b6f6c59239730a95518e29e9635d52bc19c0690a42284254ce36d586353,0,1791366427.1015387,1791366433.318279,6.216740369796753,51,241970,confirmed,
1417,0xE213Ae699bEe3651b8b799317F7aDdCDdaa55213,node07,281e90f6c0acb0070de6ea6268ecb14b12291fcb456c7639e3a9ac8b6acfb891,0,1791366427.1037621,1791366439.08117,11.977407932281494,52,241970,confirmed,
1418,0xDe08C1512bc1c4133d4FB48c82D48931d909Ce25,node08,6ab7e58f0433a3dba1482e0c23411a00ed4bf8d509dfca8db0187c4276ae4804,0,1791366427.1055658,1791366439.272538,12.166972160339355,53,241970,confirmed,
1419,0x8E5a6efca0A51F4745B491aFbEED11190ab7e8B0,node09,57e09114ea039f721437ab7f39935b28ed1ba5c3f857499b5762430be8384d8e,0,1791366427.1070907,1791366443.7117708,16.604680061340332,54,241970,confirmed,
1420,0xF641FF5DF1630297d2Be30C7f563Ca99A3F6E59d,node10,a863541331337b8adaeb12118c7f5e83dda2b36163118e0c748c1fbf1a621cb4,0,1791366427.1096401,1791366443.6253135,16.515673398971558,55,241970,confirmed,
1421,0xff076e1C1E98fc0A9bA61e69C956338Bb2133630,node11,534059c3fbe62ce923e5ef02a7ecdd883987514151d4524be221e8ca3a1f41ca,0,1791366427.1105425,1791366447.769832,20.659289360046387,56,241970,confirmed,
1422,0x026B95aF87405d8F59C862df3818AC56Eb52057C,node12,ed8bad474edebb8eb94354d8f700d8f023c3b5342299ab7a023fa302b762d0a4,0,1791366427.111402,1791366447.7533739,20.641971826553345,57,241970,confirmed,
1423,0x5B856bD053E4F8DCa5b16DffAdEB91811Dc72436,node13,4fed5c032defdde2e28c694b42224704e755c7294fa5509b228350b3bd4b1466,0,1791366427.1128922,1791366450.4822419,23.369349718093872,58,241970,confirmed,
1424,0x8DB2Ff10D3c77DEDBBa4451Dd67C2216eE739197,node14,d0bef757414ff60bf08ee146db76602b7caf5aefa17cbe9ecf249cbf9fc49595,0,1791366427.1146402,1791366452.8344724,25.719832181930542,59,241970,confirmed,
1425,0x292e4eC81DfCEd722628F549657Dac113A0b7C0F,node00,9403040090a61dd931b3a4c30fc1b2ae9ce5eafb3a29583e201144f1ed0ab028,0,1791366427.1170497,1791366454.8200955,27.70304584503174,60,241970,confirmed,
1426,0xED7B1386C933d4df1516b9bAc8dAf5d9b4053d4F,node01,c604a1c15f7058f1648cfbb67f34aa5c7ca53477868414005afafc05e1d41813,0,1791366427.1191876,1791366456.4772756,29.35808801651001,61,241970,confirmed,
1427,0x36751687C013BBa58FF8Cb0Fa64E0Ba50117C088,node02,1d86226d68c7fe25365d783af4cfc3cb4b9f8e3e249bc3221c1a3ba60e974229,0,1791366427.122163,1791366458.320478,31.198314905166626,62,241970,confirmed,
1428,0x596797f0dDf8E90a1A20Cd895f3468F70bc03316,node03,32c75fe01c3a1e3fa29cff599622be178116f8917fe7360587cd48f30caafcf0,0,1791366427.1270623,1791366459.963057,32.835994720458984,63,241970,confirmed,
1429,0x9B1c8993f46B0600b4e1EE5E81D0b472554cAE17,node04,6bdb3613485ee4f96674e898e2f3b43e5d1bfa70c6fea1cdf063eecb627cd1ca,0,1791366427.1280546,1791366461.0761898,33.94813513755798,64,241970,confirmed,
1430,0xE2D33BE92F2b75dCe66e5B10c11408e1e34Ebd01,node05,4813a4f54ab742f01a2d12d61023f8cb07ebdbb5b62af6184fdf48bb622ff587,0,1791366427.1319695,1791366433.3443482,6.212378740310669,50,241970,confirmed,
1431,0x6eC15a74f619574F7e8f67B664f76Fe95a6B1Bc9,node06,22a5dd43714f4fc107c8c33eacf1880cb6b75158a102b30f61f487eb4dceadc1,0,1791366427.1341717,1791366433.375361,6.241189241409302,51,241970,confirmed,
1432,0x6d84950806788e0AB545029A30e8d17224d88c27,node07,835758aba539cfa02b4e626dd2085faa2449df444f3aa8e84f8b68c9291680b2,0,1791366427.1356761,1791366439.076401,11.940724849700928,52,241970,confirmed,
1433,0x241fb2F40831A6F4587736bCb05786E7A1746b24,node08,1151371f346cf6bee2ac0e5b97f98791549c9003b93db2399096999bf5716df0,0,1791366427.1373796,1791366439.0371282,11.89974856376648,53,241970,confirmed,
1434,0x1a067b744D3C1C975E1b0c7D9df31eD2aBA78B6D,node09,44c1e5458573dff0c85e19d2afd59114cddf024e2c3e87bdce2aa4549d51e467,0,1791366427.1398098,1791366443.6909962,16.551186323165894,54,241970,confirmed,
1435,0x494C3ba3b68bde14f1d0a135eab8a0a353909534,node10,f1f13c522cb633a5e3d6479bce5f8e833bc24172acf53e261bce67f7fd847622,0,1791366427.1412954,1791366443.6647587,16.523463249206543,55,241970,confirmed,
1436,0x6895a7c44DC268107A10436f4839b251BFcEddDb,node11,d8ab8355e94e48c382f3c92f542d9809710dcc657e8ec8c6b76d0878c5b993db,0,1791366427.1430368,1791366447.7471044,20.60406756401062,56,241970,confirmed,
1437,0x15C0DF027Cef5f3aeDB19Fb12aaBd2182F773710,node12,12f8c79bdbaf3c77547543d0505335d606da5ac9e5cbde97a0690c8b134ab49e,0,1791366427.145131,1791366447.8804154,20.735284328460693,57,241970,confirmed,
1438,0x7Bf094199b16E772f27D16c7C0437Fc9c0C60692,node13,5453ca19481902ba4672bd5269151be7537d381bdf7c46969c48c77cb59a6fdd,0,1791366427.1468403,1791366450.5794232,23.43258285522461,58,241970,confirmed,
1439,0x057fD3ab3d8B6d389AD887430DcD1c258E4983Fb,node14,dd118b1761e681e5ed99d0c584ff0b83ee71c29c32bb419e5a4abbc205225d1d,0,1791366427.1487012,1791366452.7030294,25.554328203201294,59,241970,confirmed,
1440,0xfc46D06F4c98050559F85d02746dE834D467dFAD,node00,f9993e42deafe82a66b2e6703cca4172a3defa012e6bcb123d94b717908f2c26,0,1791366427.1612394,1791366454.9108737,27.749634265899658,60,241970,confirmed,
1441,0x851446C70fb19d37421de5427Ef4d3FC25c642eD,node01,417d05262d95791c0d4afe36e104bcb1d717010337b2a00b64f4bb19ed27223b,0,1791366427.1621885,1791366456.4883401,29.326151609420776,61,241970,confirmed,
1442,0x30EB781FD05Eb3a2c92A7dc6c5b3c1e44348bD60,node02,226974bd610810a67aeab3506c463f01f9708a204fa7cfb231a38b1d0e0531d2,0,1791366427.1648407,1791366457.8656483,30.700807571411133,62,241970,confirmed,
1443,0x40f4A3db615e85F3E5aaA99e5E7604073D6b5eac,node03,e983e0ee5b3ffa9275d204cb0d151a48ad4b576bca812824d8e82a506344190b,0,1791366427.166553,1791366460.0127003,32.846147298812866,63,241970,confirmed,
1444,0x3B22C6eC94dd798d7509E4e9e6663a8eB70750Cb,node04,97fc377eb5cd6b4568488bd4877506127ff9f2ac3edebddddf5e4c01b1b1458c,0,1791366427.167945,1791366461.1516683,33.983723402023315,64,241970,confirmed,
1445,0xCfAdf7CC07dD9C995A14CCE0F426479F89300061,node05,46ee5c097a8b40de7eab0eb4c436014cb1a45216c48c719c0cbe359db51cbd0b,0,1791366427.1696298,1791366433.4016876,6.232057809829712,50,241970,confirmed,
1446,0xf33F5AC6b2B5F26854059D13187259074Ba7b8A5,node06,69051d4b57f9830544b8c1d7e9976b470b86229296aa7f5d2af4e9959f96f9d8,0,1791366427.1704667,1791366433.4197254,6.249258756637573,51,241970,confirmed,
1447,0xEddeCa87F495c5a1985031F61f50d4f448a54197,node07,593714bac75f27ad24b4bada7dcd55abb904ba4d452f13f042410fe785ecbb59,0,1791366427.1720905,1791366439.1493971,11.977306604385376,52,241970,confirmed,
1448,0xe8b5915b10F793afeF82c3EdFa6A39871D4c1303,node08,1b21bebe68eaaea6c77c53795eeba7fa82945cabf365f6231dbac67d1f5cd930,0,1791366427.1737049,1791366439.2548075,12.0811026096344,53,241970,confirmed,
1449,0xf49cb0805D6971AE7B1FBB6F52540c9ff8495abe,node09,acc4d537a346371beeb04b32a8e6e4ac6c0e8283dc678f0584f7d219c2749444,0,1791366427.1753943,1791366443.6361477,16.460753440856934,54,241970,confirmed,
1450,0x28EFba923b58E4360501E33e602d936d7C406262,node10,9ed5c41cf732d2dc4c9485483be6d7317f871d616c5f7d67240055c6ce41e6cc,0,1791366427.177045,1791366443.594599,16.417553901672363,55,241970,confirmed,
1451,0xA3E717C5AE5CB1157147b01937fe60c136Ea0fD4,node11,ef0f778fd72cc28d3dcb4a1259046c6525e563d7e544d4264e59a6171ef01f1c,0,1791366427.1774478,1791366447.683308,20.505860090255737,56,241970,confirmed,
1452,0xA21fEd64d66D439Fa37B4175057DD7149468e410,node12,d3eac8260d2df17ff6a2bbecca031bf557ff05eafd47418ff32a832b390b4b89,0,1791366427.178879,1791366447.7274342,20.54855513572693,57,241970,confirmed,
1453,0x965E806d21e6Cc334105874140abfB3CFf5344F4,node13,824a4eab4d5d44d438ec37dc13fe2817ad22c88e7b29bafa6fbb00c905ffb443,0,1791366427.1807399,1791366450.6615763,23.480836391448975,58,241970,confirmed,
1454,0x46D9aeFf7EEe8FD27df65e7797760F35925fbA4E,node14,52f7b7e596bb2c6b7f393a40681e6f8d7834d6061413b0a3173734db0a222069,0,1791366427.1819928,1791366452.796052,25.61405920982361,59,241970,confirmed,
1455,0xF330b989Bc027b4B20f5AbE0a6BD5546FE3Bd9e3,node00,455b22519a99df10afbe1acfd157760d6544c410f0b8d56c227af4625e493f0f,0,1791366427.183455,1791366454.8105862,27.62713122367859,60,241970,confirmed,
1456,0x66db92ead5520E0154D481f00191B896A3078815,node01,c45c1268c2c0a24623c7cce891d521745dee9f00cdd2a3762894013e1fbd1b11,0,1791366427.1864924,1791366456.7301722,29.54367971420288,61,241970,confirmed,
1457,0xFB8610D0e9F521f12E9FDC5a188E10679F118CE0,node02,dfe3e69779cf32e56e3127f56d981971b1bbd2b4ad5e61d06fc1e34281845446,0,1791366427.186941,1791366457.972449,30.785508155822754,62,241970,confirmed,
1458,0x97a43e17D371Ab374Ac1c64D84E204992E2BbBC7,node03,e2154515e4a65a06522a97e13cde16180dbf55bb2920be0bf3ef87df9d5db3f4,0,1791366427.189426,1791366460.0041096,32.81468367576599,63,241970,confirmed,
1459,0x343Da73237dE36F624F92Bf8068ecB866d5e6Bab,node04,a728a1092a6dfbdaf4537b1ebb3439ad9b2ad7f0f36875eba42bfeeb1b5f292b,0,1791366427.1914535,1791366461.040297,33.848843574523926,64,241970,confirmed,
1460,0xd2E0c0739Ed0300c99d6861b20D84620A0C045df,node05,b427f31d1dc9641c8d7f5af7c254b92f56124ada52a326a18d0cf771e069146d,0,1791366427.1931663,1791366433.4565964,6.263430118560791,50,241970,confirmed,
1461,0x63a7bD39e1755aA78a6Cb583150c45a1D6C0cF04,node06,1a434980ff1accc07c7d761c061b0f50980b959593b636245469ea3103776199,0,1791366427.1952217,1791366433.5461183,6.350896596908569,51,241970,confirmed,
1462,0xA07F4bAf4Fa211c2fF6cc254B324f77eE1F87DD7,node07,5e43c31cf5258bdf854bc980711546cd7473f8efa8a5fcd42e43104588bc1709,0,1791366427.1965017,1791366439.0951998,11.898698091506958,52,241970,confirmed,
1463,0x703184498921e49DE950f7dA49aA4055947e61D0,node08,bfa976113347bfea3d2d06c6cf31d8717c45547b86d9d703b9413a48402c95c1,0,1791366427.1978667,1791366439.1251974,11.927330732345581,53,241970,confirmed,
1464,0xf254A528ce17822c113F024AFc6613d4d388C16F,node09,3721a5ee935ecb5496a2251e7d50d94d677741629a3e47a3513b11b414c805d5,0,1791366427.1993978,1791366443.8903947,16.690996885299683,54,241970,confirmed,
1465,0xE0F68175C65f6F03F42C20ABe6Df35B136f8C985,node10,59c29b08dcec6b01e0a4548c70d31d11bc481b258c7f82ec958af7d6cbb4da94,0,1791366427.2010596,1791366443.7336605,16.53260087966919,55,241970,confirmed,
1466,0xDBdb02dB7a26EBbd0DA93A13CF9BBE2093CEE0D9,node11,346bcafe9c903c3ebd2960b11906da97c56e45ec1ea20c3ffcc179df9fae5504,0,1791366427.203143,1791366447.8092577,20.606114864349365,56,241970,confirmed,
1467,0x11585dD4d711aBAfCa754D6a89D5E244C30Bf9EC,node12,fc8892101270e37a5e59621ad3f161fb6b29bfede855a18a07d40c88af44de5c,0,1791366427.20763,1791366447.7832525,20.57562255859375,57,241970,confirmed,
1468,0x04bb1E5FdCaA20EA8022e033f8e03E0163F2FB4f,node13,2563e42502cbab4815f3d489bbd46a73f48ae557499080e53fe969f3e463d3cd,0,1791366427.2099967,1791366450.4485598,23.238563060760498,58,241970,confirmed,
1469,0x5604a18bb2f406b22DC4715b0Cf8c03DC95e6486,node14,7827d109d7e66602a0cad0b5d44d7b748978d2db3c0cf014e5b628bcc4934fcc,0,1791366427.2128272,1791366452.7904387,25.577611446380615,59,241970,confirmed,
1470,0x08c19dc5FaD384ED2430741f1e0acC3467C46809,node00,47e69cc266d583e9562c6713154d84764b470f52b899148e82adc2e96deb4fe7,0,1791366427.2240372,1791366455.066656,27.842618942260742,60,241970,confirmed,
1471,0xA051D45274Da44B6Fd070CeE9A6f1b17439bfD8E,node01,1d92438e6497deff6197a2924780bbb40a02277ff6132cd8cf5abd51d74566d3,0,1791366427.225185,1791366456.5920742,29.366889238357544,61,241970,confirmed,
1472,0x0a4fbBf0996e8f376fB39C83377871FaC0269c41,node02,7b20d9f2ffb460041a7151f148d6fd0b29de544a89be2641d859710acbe8f5f3,0,1791366427.2269917,1791366457.934583,30.70759129524231,62,241970,confirmed,
1473,0x8E66b4C8AC58939bB7ed8D23fcCE5468dcD1065E,node03,a877a923e3ead48d899f291d7fe2a8fdbc6380521f8597cb619b938f181249bb,0,1791366427.2290418,1791366459.8859568,32.656914949417114,63,241970,confirmed,
1474,0x3bB39fD06C9C2cf34fd68f9c8198D5517f356663,node04,5118466da5076242a0dc46506bcbb2251c527c435ed1beed6341b6ad7307db13,0,1791366427.231254,1791366461.153794,33.922539949417114,64,241970,confirmed,
1475,0x45a4e2fbF38B84C7dD9B720cedA2d265A9391c4C,node05,da7d141f257bb3a040126a6e926593f3c7d14ca4c2f9958f91f1c23f4dc31a92,0,1791366427.2327223,1791366433.6713278,6.438605546951294,50,241970,confirmed,
1476,0xA2eB619FAa6651799004EbCD733eda7F73697aD4,node06,c08741899549eba1f89546d1b3c3501b5ae31359a0ae2dfd56a33a63e79f15e5,0,1791366427.2346117,1791366433.4594576,6.224845886230469,51,241970,confirmed,
1477,0x91B086de395884B1532d53139Da235e8Ce8B0Ff7,node07,64fe767f166f1c765fb758e57e7d8968105b3a8afdbd51aa212c6a107ff169dd,0,1791366427.2371771,1791366439.1804526,11.943275451660156,52,241970,confirmed,
1478,0x6b2A2B1472bE061B6857848ED9B09FaF0d469B91,node08,70b88a0d96edbd7b196629633b63bbde84127d6cff3ffc0b9789f19d6922faba,0,1791366427.2391665,1791366439.3417304,12.102563858032227,53,241970,confirmed,
1479,0xA8927Ab924b34784107F736D8AB1Fc24419e1de1,node09,d1d748682f7d8ac8518dcab2a3631d9fdfd7b8f8a7badb5fbdd83c9b91830551,0,1791366427.2422552,1791366443.8001308,16.557875633239746,54,241970,confirmed,
1480,0x8d000F657e7d57f27a01EA31635f7Ddd0e0329a8,node10,d86fa8fa9e7fd25df07934b7cb5b6ebc7a17fd412407dc89e15920a2d4a48b03,0,1791366427.2448,1791366443.6972375,16.45243740081787,55,241970,confirmed,
1481,0x5fD1F6B8452Bcc0d24FBD486AaA17e888d0E2261,node11,eef17fecae13d03293f97c7adf10cd1206b727487633eb6e9d00d2b217fa9d62,0,1791366427.2464986,1791366447.7448397,20.49834108352661,56,241970,confirmed,
1482,0xAe3CB87f7189054B59E4387586456e9a926c8c62,node12,0008be0f05ed462ed9044aa11b018eca8d14990fbbd51154146098271211c41f,0,1791366427.248249,1791366447.8503082,20.60205912590027,57,241970,confirmed,
1483,0x61fBD5Dd2566436230E955a35991604e1D0a8591,node13,47fe46e5ee6f18d18b2f30f35126582a7cac2b376e1f9e5badf9a71cbbb88f45,0,1791366427.2501762,1791366450.5676444,23.31746816635132,58,241970,confirmed,
1484,0x7D3eCa8048529D9856a571BcA41fAb020B511554,node14,2d2629de7e3dc785e2f80ac1dee294eaf30e1eeaab247dd3afe1d45b9b9501e6,0,1791366427.2535243,1791366452.7296295,25.476105213165283,59,241970,confirmed,
1485,0x9393c158FE80054E40b63b6a68EC4A5Ab548421E,node00,8adf36898be6aaa6bdedde5a7834550ab4ea5830d8c895687f6d5296baaacc0d,0,1791366427.2546823,1791366455.0651705,27.81048822402954,60,241970,confirmed,
1486,0xB164A659072A92739aB3429c706658b4e3efe055,node01,94325919860aa9b091be8960aaafdab7abc6735d2e815f052148ecb29e612ef4,0,1791366427.2570016,1791366456.742049,29.485047340393066,61,241970,confirmed,
1487,0xF709951c1ED36EBB28c8762b6F52BCB6f9F7b220,node02,90427d8330e88cf1f24345b41e49d63b8caae7778bfc8455b1ea29e3917f67e2,0,1791366427.2593338,1791366458.0879884,30.828654527664185,62,241970,confirmed,
1488,0x0797D59D655A9860a98A6881F425C49fE05853c0,node03,65808e6f3861027b1611f9c137f80b126192166947b87459e524483b32ad89f7,0,1791366427.2612422,1791366459.9416385,32.68039631843567,63,241970,confirmed,
1489,0xF660C48F07167aEd0427A93A67929c9c632e9e67,node04,565e0b20136c47490430bf19df4ecbb4def1dd370af40a8330c70c199aeb376f,0,1791366427.263588,1791366461.2238672,33.9602792263031,64,241970,confirmed,
1490,0x78b8F748efbc49a1bF541d6AC7FA27928292b3ef,node05,4fdee3053cb31ab8e5910323349f58917d96d0c46ebe888c1eaebde70a2a70c7,0,1791366427.267645,1791366433.554673,6.287028074264526,50,241970,confirmed,
1491,0x1A6A1e675d3859Ca19e3791f707372D9baF50812,node06,da84e5a56a5bf6470572b249a9147ecdf153098f35a1e2393b4abf5f4bf4b8bb,0,1791366427.2684505,1791366433.586037,6.317586421966553,51,241970,confirmed,
1492,0xdb8d41c93e41D4a6497bBBBDB55f15BF251d7969,node07,5b11b233577250852a6da5b29870cf107c0dd743e24e7b58fdb1e3ad8786532a,0,1791366427.2702608,1791366439.322307,12.052046298980713,52,241970,confirmed,
1493,0x6c4C0Aa043ed547200fef32aAF3B5D22F9eB61A3,node08,52c0e3dfe0ee0c3ddb68ce558253b515cb87ed5a80af1ee502afa437e152a9d4,0,1791366427.2721095,1791366439.241542,11.969432592391968,53,241970,confirmed,
1494,0xdCcd5211f0cAc0F37F7E8828D9283bA4b6DD8BdE,node09,6b1bad2a81a582c8d04dba9243ec4e1f5c30f0d0d48414bfeec7aceb4232dffd,0,1791366427.2740052,1791366443.9438217,16.669816493988037,54,241970,confirmed,
1495,0x74a5A551a03F90127566C4552bcdE58357CdA561,node10,70a0b0069c0bdb09636a489a3dbf223488b730f71a97777e36b7d35c9260a226,0,1791366427.2764606,1791366444.1084666,16.832005977630615,55,241970,confirmed,
1496,0xdFfB7BF16aB2c11CFa8fB63fF9a8fBBBeb5c4798,node11,e6250bbec26f79d3a260870907590e64ccf52a1e671e1706e5f212e92fed34bd,0,1791366427.2783487,1791366443.7539942,16.475645542144775,56,241970,confirmed,
1497,0x13aDC7a8BCBdD369B4B4da5Df5a9CD0C0296c8b8,node12,6babc644427b52de468195b31bc2f729c6a3fac7f5697b9894913d372a7415e8,0,1791366427.2799003,1791366447.85327,20.57336974143982,57,241970,confirmed,
1498,0x60c0e77802193449075A6c6C3Cb48b5BCBe96764,node13,c52982e3828819d58f0154a8c8612843b800e2a7d0abd28d935009b38156422d,0,1791366427.2832658,1791366450.4614959,23.178230047225952,58,241970,confirmed,
1499,0x290bcD14Da19A11120f7550FCe5dC330313c18B1,node14,c6029ed3facf18b4cb7e5c83f377f2802daf9f05d74a860592d7d01e6ff706f2,0,1791366427.284406,1791366452.7920246,25.50761866569519,59,241970,confirmed,
1500,0x9f532A433586cC59cF4f63821170f7cBfDfb6e1b,node00,358492ee20ae033e2bef28e86ac68c0a982af4b52edcb579aee783bca8c23d3c,0,1791366427.2866838,1791366455.1725311,27.885847330093384,60,241970,confirmed,
1501,0xe2045e08A09c0264259050052Cf38acc68d56008,node01,ff2acbd8e95bd50ab8e44945e67ea08f369ee468582b8fd84145cbced06af7a6,0,1791366427.2886407,1791366456.6687796,29.380138874053955,61,241970,confirmed,
1502,0x9Eba9509a6cD0115681d8ca904dA1Cc472588c91,node02,aa384ca9ea4859764bd438f65b10f0ba5571b689a5262dd8ebdbfa4b6ddfd1fa,0,1791366427.2902567,1791366458.1434412,30.853184461593628,62,241970,confirmed,
1503,0x9763A7b51CC404605870bC0FCc4e7a9Af147db30,node03,2fcb2906a984596bb6590167d059395af0508a3368fd16f04be6b844e611196a,0,1791366427.292041,1791366459.9172876,32.62524652481079,63,241970,confirmed,
1504,0x20ee19711CE500ff698ee649AbA236f745565f04,node04,e2ff02879fb4bfd52d01822d38b787485137f37469a053bb11dde3b745f66f51,0,1791366427.2955797,1791366461.0714781,33.775898456573486,64,241970,confirmed,
1505,0x25A77F532790C07e613B906695D99FB353CB2E31,node05,d10489f0e4fa92c717753fb478c1ece9ebd96645244df0cfba07233d6b480c25,0,1791366427.297658,1791366433.6567256,6.359067678451538,50,241970,confirmed,
1506,0x8F5a15a217f1C22a6E054b0a07735CAa5535bA82,node06,fe0179ab78e934d6803812f009772c1c38b937b2ca2919fab654945844d0445d,0,1791366427.299377,1791366433.6399205,6.340543508529663,51,241970,confirmed,
1507,0x3db503F399816CC83aA167937DD76FeA779C441b,node07,ebfe1c9e1ec51d87f9ae9fa02d3c3a8322884da394463addd96bb660767df55d,0,1791366427.3016026,1791366439.3576348,12.056032180786133,52,241970,confirmed,
1508,0x7A2f5316da502EB8Cd1C4b30E92C5aDf1b765A13,node08,0b2203ae7a2f6bfa12fef98d604b8b44a2ed4f10e235ab66e3c959099d6e0f69,0,1791366427.303416,1791366439.2513318,11.94791579246521,53,241970,confirmed,
1509,0xAd2d83DfF7cF55e105Fb5846a9EA1a29b3A3e7af,node09,f6520df2bd9c17e65870e367581830c35a60cc5f8356a107f479986f8123d172,0,1791366427.3045957,1791366443.7302656,16.42566990852356,54,241970,confirmed,
1510,0x6600aDFAC55bec3598D877F7237a12702E092f77,node10,e0678691593768ed11623892227d3e63811ed53d7638cf60108a8e75b17830a4,0,1791366427.3063865,1791366443.8674865,16.561100006103516,55,241970,confirmed,
1511,0xE105407603458559e8f6E72D78F881790057a8C1,node11,5bd64a7c4ee841317d5a570ff29e00ca448c6d5f8d753b4f8ee7b76ea04120a4,0,1791366427.3085523,1791366443.9009411,16.59238886833191,56,241970,confirmed,
1512,0xC48255E596cb0C212915F3cf490887640B2E7FdE,node12,656e2573db87c78b76dca1bdce06770d114864c5d1275fa54d51f80dbe26c43f,0,1791366427.3097832,1791366447.7998505,20.49006724357605,57,241970,confirmed,
1513,0x2Cf4C4cDB9B25002FDcEe72f4d674b301a88456C,node13,9963f5628b2149adb85bfeb5eff69095fe58063a0addf6f00b53a4425b45abf7,0,1791366427.3111959,1791366450.5429626,23.23176670074463,58,241970,confirmed,
1514,0x1c7024487dBB403FC238A0B31DE0f22e905879F0,node14,6667e5e954fc0396d005e98c291b1d9e9a705eba1f03c35008c20452d0adace1,0,1791366427.312915,1791366452.8374705,25.524555444717407,59,241970,confirmed,
1515,0x4DC4DBb39F0DD83cc8750CA2aa2ceE7cD430cD32,node00,e2a1c75da699735b621073dcaf79ba49f2b58132d08026b8da4d091872e1b5af,0,1791366427.313402,1791366455.1008897,27.787487745285034,60,241970,confirmed,
1516,0x57B952Dc653c156d8bED0b870BD4fCE9b2756c97,node01,d42bba1ad24123b4a8504a4fc07d0057e2a61ad5d372430c2b79cad1fb9e33bd,0,1791366427.3148515,1791366456.548854,29.234002590179443,61,241970,confirmed,
1517,0x09Da556ee46f65aa9b23c8a03Ce55A45D1a3f360,node02,368cc9daa564e7ad8ab5e4ab6bbe25a0bf9e52df18b6c6944bb1001a1a0415e8,0,1791366427.3209178,1791366458.184586,30.863668203353882,62,241970,confirmed,
1518,0xdEceD6264519331e22b99f0abe7F35590bF3045f,node03,10907e0417028908d3a719d55e3c8b4986fb813df64bf2d948800dbd64fa3141,0,1791366427.3220956,1791366459.947821,32.62572526931763,63,241970,confirmed,
1519,0xCB399CB89C95b4c181c95Cb1048d1a2FE29eE1F3,node04,195c87699c6719d9735793aeb9d66b49fb0600f5e6bd78ca774557dd7ed6a47f,0,1791366427.3260615,1791366461.242106,33.91604447364807,64,241970,confirmed,
1520,0x5DdFE5Ae258C8629883bDd1e557490C4A898e12b,node05,033af10ce8f695ca3c39e06f9d11fb9f3429ce40dccb2e0f2920799e356e1eb9,0,1791366427.3278704,1791366433.8007553,6.472884893417358,50,241970,confirmed,
1521,0x2beD3e81B05369Df615fbC5f31aA68A712128f5f,node06,bfd503d43c90c8ff867a07220a9ea3acdb95ec6460694cca90d49a915e4633f9,0,1791366427.330086,1791366433.6072402,6.277154207229614,51,241970,confirmed,
1522,0x436B620AB83B50ECba5b98ec4d382e263891Eb81,node07,dc08ce7eca09bd21cfa926e5a6b47c81da4910e5a29df0a194947354448f1529,0,1791366427.3356967,1791366439.2433765,11.907679796218872,52,241970,confirmed,
1523,0xf77C6E9A48D0E0037bDd1988fD1d003a05156987,node08,5a11bcf2a0f5eb54dd9d05f6f3b6151c25b215f1f6209efdee89c9e61c182410,0,1791366427.3376682,1791366439.2368453,11.899177074432373,53,241970,confirmed,
1524,0x9e83d1262DB99B826FD910670E732A9D1f2192cf,node09,be56c660a6832676b68db9a4b75883ea9de15fac754877ad5cf83765240d6969,0,1791366427.3390484,1791366443.7494886,16.41044020652771,54,241970,confirmed,
1525,0x16348d35407A685b6F3Ca387d6Bc5dB04AF6d96D,node10,3921cd4e3f8e23fe844af165409a4fa294c7beabc44308a64cf654540d1cc127,0,1791366427.3397608,1791366444.070135,16.730374336242676,55,241970,confirmed,
1526,0x0c15d5e63eD3355381a52bB566537825edeFE9a8,node11,a1d817313f04646b756e010fe08718d4b656ecbdd43232ab5c47b0cc730e45b9,0,1791366427.3410187,1791366443.864144,16.523125410079956,56,241970,confirmed,
1527,0x71662e86D59f6d270dC4FEdd8aa201860eb8453e,node12,9336cc1f6fc4938c5093a531f88a1dff26ca27437bc906ed3da8907f6e00db22,0,1791366427.3419156,1791366447.8768413,20.53492569923401,57,241970,confirmed,
1528,0x1a18D841dc29AC1C5896aB21542e60598406007f,node13,7b1dc65d506e9114142427fe72382b8fb43c0ce8b76f7abc3d3fb760ea985d9d,0,1791366427.344683,1791366450.5616913,23.217008352279663,58,241970,confirmed,
1529,0x590FF1F3F218f93081Ca59EE7F699C94C516437B,node14,7cc4e289233f9c6a1afc8ac690f954aad44a6433f5e21453dad01bb542e57fed,0,1791366427.346346,1791366452.674949,25.3286030292511,59,241970,confirmed,
1530,0x8ABbE1F3f74762E84d6A1a088D74B3CAB195710c,node00,2c70de637382b77f7fc617746f709a522534af8f33cf5ea27e4df2fd5a4fb012,0,1791366427.352049,1791366454.994127,27.642077922821045,60,241970,confirmed,
1531,0xdf81FfFD85EFD4f0A7eA4394349C0701AA6E08Ca,node01,96d838bca62fa9b59b856a03669b568573171a55500493cf45419b21dfab32ce,0,1791366427.3540478,1791366456.4909499,29.13690209388733,61,241970,confirmed,
1532,0x90Cf2df268dA829d28F449830b0950347d21008e,node02,6bbabcd15ff68270d26ef4527f82572f08019d311e36c08fb7d28a7063c6c53d,0,1791366427.3558617,1791366458.0338655,30.678003787994385,62,241970,confirmed,
1533,0x92D8cEdd4BB38365E65EC7e8dBE5a73af56Cc263,node03,6fb83688cdb9ac9b6c385b0699c71df2782e52f31da53c6a10d43b37adab9f9b,0,1791366427.3607757,1791366459.9158852,32.55510950088501,63,241970,confirmed,
1534,0xd66459fC0a7D884faF7894d52dBB19fFEFB53B77,node04,d9f4c39f3d773cdc756dea66f6888d82d64e24aea3dd1861afb54b0dfbc3ecf0,0,1791366427.3630357,1791366461.0835807,33.720545053482056,64,241970,confirmed,
1535,0x7b5df6fa50ee0E51603C2dDcF6BA02dd45A55262,node05,b1ed4d85714055c6bf1781ab284e962bef86e2bcbd668c9565b5f3c18aa92da8,0,1791366427.3673494,1791366433.7103872,6.343037843704224,50,241970,confirmed,
1536,0x9Cb5C334aDd0368C0b100881Ca22E0F7Ef0CE7ba,node06,3efc3faa59743c724064b868ab51d2e58d4b84b7b1e1fe1472fd2098b13c8f7b,0,1791366427.3702455,1791366433.6297367,6.259491205215454,51,241970,confirmed,
1537,0x99692C6523cd69b45f4f9ca4141171225B747394,node07,aa39c28d2cb5b4daee140bd1146bacb238103bbe5c1af7fe66dc34c7077493e0,0,1791366427.372517,1791366439.2180328,11.845515727996826,52,241970,confirmed,
1538,0x7aA310F4C8A2dB4288A590e9b37d21547C6fa6e6,node08,a146d56b83c4446e362a385ee96ed459f0ec55a6309a3134cfab2f68ca586551,0,1791366427.3762383,1791366439.3454797,11.969241380691528,53,241970,confirmed,
1539,0xd70258BEFBE30017A850a2B10e6B88931AaBF594,node09,e8b203e6ad54a5acc63668b250768692635388ff2e2e113872e2854a73cb5cf8,0,1791366427.3780973,1791366443.905494,16.52739667892456,54,241970,confirmed,
1540,0x28106a66F0cD0f1389098c09E966dAFd88FCF290,node10,62703dcedf6bee6bfaef4bab25820a05fbfb9531bcb8c04a8e8a6168e298b4af,0,1791366427.3808532,1791366444.1746006,16.793747425079346,55,241970,confirmed,
1541,0x43d98bD4AFBf98d566B9c78f818597FDd5Ba6257,node11,972a3337b691b202f00b1b820e843c8c2e71af1ed530b405bae99e9d1458b2d2,0,1791366427.383812,1791366443.758289,16.37447714805603,56,241970,confirmed,
1542,0x34a9C11dC27f9f93335e7FaC207CE2dF9c78088D,node12,f3fa6e473b17b71651bc47980d0be71202761098025f13ac64b6786fbe89ae15,0,1791366427.3845003,1791366447.7963402,20.411839962005615,57,241970,confirmed,
1543,0x6b1adDDb4a1FdB9d0c7E28b19a5e54E2636820F6,node13,d38d2fbe249a2f2fd7b4d6766d98ca36ff08f479b62a53a4b844c2ddd1646de6,0,1791366427.3875935,1791366450.4992256,23.111632108688354,58,241970,confirmed,
1544,0x3596958F1CaA151c29F600Cf2f8C3b06201C01a1,node14,7ed9b6418e1f89343f3ea4fdaf0e4da46b58f34c4d496df2e0b4584741298b5b,0,1791366427.3895898,1791366452.7850745,25.395484685897827,59,241970,confirmed,
1545,0x63dB3151c74e69b3A6a0ac4C85c41883c1d7Edcf,node00,7ca66fc718888dae143b93dccd9704bd1eeda519ec787da3ea7e6c38015b50f7,0,1791366427.392975,1791366455.0080652,27.615090131759644,60,241970,confirmed,
1546,0xC10B8F458CDd11B1fF6b16F6744941521277c396,node01,c33d7ec72346849a9355a2376eed05321f9eea51bfefb0a1745aec573ba6ed03,0,1791366427.3953798,1791366456.746402,29.351022243499756,61,241970,confirmed,
1547,0x2cD189bD7AbfB9f271d6a25d11354e0a444a0F14,node02,883d5c493bbb7aefe157f5700a2abb055603f0bec3408e76cca4a26f3cbf7f11,0,1791366427.398387,1791366458.1574275,30.759040594100952,62,241970,confirmed,
1548,0x53f1B6a0E907648C0Bc23C6DAdF0F1Eec1adfc6f,node03,34e137d2b87799e888294366f7dc1d2cf49e7dd638147026538530a93a1a8a33,0,1791366427.4031181,1791366459.9913583,32.58824014663696,63,241970,confirmed,
1549,0x8abc9429274e659CC7974d9306D6217D687585cb,node04,347933750434b340f1e534123f54eacc70d5e3864964469cb806a48de629d2c5,0,1791366427.4088507,1791366461.172515,33.76366424560547,64,241970,confirmed,
1550,0xB85518570a8ee0b9DEBbD4605847feb9C2322DBa,node05,93232937ff9ff16b467073afe93b82843495059c34173891e999cf18815c5892,0,1791366427.4112575,1791366433.7196417,6.30838418006897,50,241970,confirmed,
1551,0x0bE778494FE22E9D25Fb0df0BEa1c681D3284e2f,node06,d032d81d19f80eb8113810bb2963f3f17c9786f6c5da727a24b35a6c728f8a1d,0,1791366427.412573,1791366433.7457912,6.333218097686768,51,241970,confirmed,
1552,0x36D0C479ADF8A5272936Aebb614B75ebc54cA274,node07,d2bcd7a400e27b63553823857314798519c4b664525552559a646fb6a012dd02,0,1791366427.413229,1791366439.3253944,11.912165403366089,52,241970,confirmed,
1553,0xBE6c70D1B8aF805D6DdcD5BF16E03dC92E22702D,node08,005bb640904ac934cce4eca041b3f194982b9feb266f0a5439aeabe7ae40fd27,0,1791366427.4156165,1791366439.5544782,12.138861656188965,53,241970,confirmed,
1554,0xbD5061fa86203F7971904B3477ba0815dC70c85F,node09,3f9e23582826193f91057c2e8b79d9d63d487ad4114ef143cd2c4b55a51564ec,0,1791366427.4181812,1791366443.802214,16.384032726287842,54,241970,confirmed,
1555,0xA89407AD900CDf3C532CF054EDf8F168c2da247f,node10,16b3b659afb40ab94160718514cdf345602a7e1e77701863c0855f91ca819637,0,1791366427.419157,1791366444.1048226,16.685665607452393,55,241970,confirmed,
1556,0x42A2d1E2bE36B1CC412b4a1115a3C398EA3a854e,node11,d6795705ff3b5dc988f156e5d89aad828bda0fdeb5d4c9d76414634ce9109c08,0,1791366427.4198048,1791366443.9330204,16.5132155418396,56,241970,confirmed,
1557,0x4456b2F5aA4133EA73dF9428E4020382cD1E668B,node12,9d848b79c6c29d65ed75d88634efe34885aa9520a99a24af1d6652bb81df8e54,0,1791366427.4226696,1791366448.0380275,20.615357875823975,57,241970,confirmed,
1558,0xC0B8cb0FD93FF022b7C7Ea6Cb018DB671c7453DC,node13,3e046ef42da81737a969de8cd20fe37357fd71f8c6fd5a38cb74f876a7441d32,0,1791366427.4254827,1791366450.5509896,23.12550687789917,58,241970,confirmed,
1559,0xEb80A3Adc829F2Bd1eA0bbCe6aB12697F8b584D0,node14,5d9d6c41526d1a1db33265284abd636be4d89a0211ede457dc39bac5085af1f8,0,1791366427.4274237,1791366452.8416967,25.414273023605347,59,241970,confirmed,
1560,0x22E0CfaF519259D9E6A0ea6DA392D83E0Eb1394c,node00,4a61285bda5d09670e445e172d9bec108205c08bf109716de906b2f6d3d9f597,0,1791366427.42984,1791366454.9267733,27.496933221817017,60,241970,confirmed,
1561,0x39A856d97c8b9BFAa6447Ce62C7c5fc673B2bDe5,node01,093bddd25c1e6a71a663c2d107bd1272625ae87ea3a5d61dc8f3ad5db1c0178c,0,1791366427.4307165,1791366456.7763114,29.345594882965088,61,241970,confirmed,
1562,0xE8924e3267F3fED3dD30FC08b8Cd9135782Ffb72,node02,7e6d84d49235cd8fea28d03ae3039eaa5edaa56052953a24f51cab13f87c2087,0,1791366427.432324,1791366458.0713732,30.639049291610718,62,241970,confirmed,
1563,0xA39a0655e1e90043cF4f0919bAf9771a58C7f4A0,node03,faec76ea21c42c00e5780c8a1edd9b983934826bbc9f0a9bb3555b6e09977735,0,1791366427.4343524,1791366459.9431553,32.50880289077759,63,241970,confirmed,
1564,0xE6C48D6eFA6f4d4BDb781552F508D1CBfF8c5366,node04,fe19a3343887e8c851c43855fdb5ec234a80d1404ca41f091fece71b76551362,0,1791366427.4435685,1791366461.2521527,33.808584213256836,64,241970,confirmed,
1565,0x96652D678f0A3254B194d2c1B28BeC5f10246B11,node05,b1b9b22c41331e320810eeecd03a164e21cad1caf027c22c9a532a72226e5826,0,1791366427.4457905,1791366433.7217903,6.2759997844696045,50,241970,confirmed,
1566,0x278EF43741f47460A003a8c03c5fE7BC24Eca15A,node06,1bdccbcdaa91781823a38fbaf003b387f64b7c0b405ac51aa53e97cefb59bf2c,0,1791366427.4469926,1791366433.6926432,6.24565052986145,51,241970,confirmed,
1567,0x29B010e6fEDd4ac90465960EEE94453595cf3c1B,node07,d6ffe55dba7e2002b1c3c6613e0c286a6b20d4ec18f71284faf3c8f1ff77c342,0,1791366427.450339,1791366439.3360026,11.885663509368896,52,241970,confirmed,
1568,0x91C6388D75fA9FC8Af548071848759630eBE90e6,node08,4efe1e719ef7fb17660ce977a81265168a590e2fb4660a977c292f372dc1b835,0,1791366427.4525392,1791366439.3120036,11.859464406967163,53,241970,confirmed,
1569,0x47634fA5E315BA36341482281e6E76378f9145a5,node09,d49ea15a95332141edb91536a7799435272ecc89e1df0546860ba2ea7a2770bb,0,1791366427.454348,1791366444.5656464,17.111298322677612,54,241970,confirmed,
1570,0x420A98dcF2829787e48E7d6e4AE47605aAB7B1E8,node10,4852ecc4b923c4ff5a952f21f5f44a89d4032b3640e3dfe466868d6b9cec5a20,0,1791366427.4561698,1791366444.0338902,16.577720403671265,55,241970,confirmed,
1571,0xA0ba7441Dd91DD15bAc62E2c51bBfC2eeb912773,node11,658acd434adfcd1c659aa5955de472afa5a6cb7452a55cd1bff7a52557c2792b,0,1791366427.4583025,1791366443.9753356,16.517033100128174,56,241970,confirmed,
1572,0xdCab45941957b50a1a7456f6BF4892F118770bFb,node12,36dae03aa11540fb169c2c47fc9d96f9b4908172fba735b2c20b4ee5ea02b03f,0,1791366427.4626048,1791366448.0645692,20.601964473724365,57,241970,confirmed,
1573,0x54867683dB452A751A57C943E41bD5007323Ed30,node13,c1eb8268d2af2b7b2b1b625cd93027cbc2d2dbc13b70526a7c1d972390ecf969,0,1791366427.463566,1791366450.5313365,23.06777048110962,58,241970,confirmed,
1574,0x8DF84E24231B3d2C1eB3D3d8Ddf2F33e3c0977a8,node14,b24d60879bd1131494aee80cfa5496e5ea54094c0882654f758eb5b3529d230d,0,1791366427.4684067,1791366452.7930248,25.324618101119995,59,241970,confirmed,
1575,0x3EAa69Ee454B34d8525ff8A9bc77C1187f21AA56,node00,cd0ca650bac7bbc7690437e33606170491f8820dd595fd303d1d03ce3762388b,0,1791366427.4712992,1791366454.977132,27.50583291053772,60,241970,confirmed,
1576,0xE0f7B12E3982fd637F4283db6820f785FF7c307d,node01,755e6e0ed163ce8278bda8c7ecdf95461c850a1b118aaddb48ee71a4c296447e,0,1791366427.473881,1791366456.561588,29.087707042694092,61,241970,confirmed,
1577,0x26176bCCDc4Ad08FcE10C7B7aa7e51Dbf056850e,node02,736b668c0732e71d9624e1b4816e742f882380105fc54f0c8eadd011dd112da5,0,1791366427.4761245,1791366458.187671,30.711546421051025,62,241970,confirmed,
1578,0xc963Bc7E2080aD373b8C519Ba978fd82ec59144c,node03,fc937c26f929f0e9e861f4923ca8caa338da5013b6cc2b77a88f800cfc794a6e,0,1791366427.478391,1791366459.9582725,32.47988152503967,63,241970,confirmed,
1579,0x058E0c1C46E5D02E97e605E125Fa968B53BCfDc9,node04,3dcbebb8d4790560cf9bfeab7683c27ef6ff77866443e0b7fce1f9400cb416a7,0,1791366427.480715,1791366461.1218624,33.64114737510681,64,241970,confirmed,
1580,0xD82695401c72F2939B0b67eBA6088922bF112f41,node05,03888d0b659caae5f05e9f35cd99c27d447a9202a930e2ebd851228a26d5268e,0,1791366427.4826236,1791366433.702326,6.219702482223511,50,241970,confirmed,
1581,0xb0ec487e2Cb74D3129337D9fb778f316A063D319,node06,bb3320a119a7a22c5f44daa6ff79cfeb546612a7804fdd37b3fe6a0cd35b0841,0,1791366427.4862673,1791366433.833767,6.34749960899353,51,241970,confirmed,
1582,0xf1d66BD2335d00a9B73eA7b6377c2370F00bF4Bf,node07,1c6777bb7d8d1a212d581a48ba1b30a4eebff5b14164efe5692deb60066e71dc,0,1791366427.4888706,1791366439.5987573,12.109886646270752,52,241970,confirmed,
1583,0x13bA8A4ca3666Db7D50F309E750a60DbF58fE5E5,node08,e412a25e200bba2753758df1d1dec01fea1f9c4f305dd63b132a6c30abe2721c,0,1791366427.4913306,1791366439.4497395,11.958408832550049,53,241970,confirmed,
1584,0x89cBAb659228fC536B6de0a0E851AcCa6fD0C9Ae,node09,6179a0999a499b48e5513bf1544debcd821e5a86b99c0d2062385648ed30b521,0,1791366427.493564,1791366444.392513,16.898949146270752,54,241970,confirmed,
1585,0xbc3B82579683A04204F406A4E24B66f28B0Fb69F,node10,d5c2f073e56b6371575422718e9db69297edf648468781b1e3083d7cdbfe9a8f,0,1791366427.4965594,1791366443.8534758,16.356916427612305,55,241970,confirmed,
1586,0xcbefE34D47Fd88E783D9f2B4EA30B58934120015,node11,eb2280460b2cf5fbf77d4486977703ff703d7274a5b7400f2b152761623f5da4,0,1791366427.4981556,1791366443.873428,16.375272512435913,56,241970,confirmed,
1587,0xc5fDF8395c4968649B563e53140d3B8d37396964,node12,d0920b9a0da4c0ab6a7e44aa6e8815a3322ee426c5870113dbd136998958117f,0,1791366427.5017152,1791366447.9767728,20.47505760192871,57,241970,confirmed,
1588,0x94523e621980e396564419E0f5944a80c5FeFCb6,node13,6c6d2c2691f931e22e8edafd049c2f5415ca4efd098b8c63b819ba114288b7c5,0,1791366427.503002,1791366450.6596978,23.15669584274292,58,241970,confirmed,
1589,0xBc91185E00278BeC3991AcF8755Dd4F1E451e347,node14,9260173e4f918a4f8edc36e23fbec6c2d6d56342a272c1c62355820b0cd3e8b4,0,1791366427.5070884,1791366452.8975947,25.390506267547607,59,241970,confirmed,
1590,0x425905185A9318736d9ddE900917bB0Dc2997c46,node00,ea6d1a41622ce7a37dd80de64295796fa4cc5512c666f6d4b2fd5e2f0cd929d8,0,1791366427.5108345,1791366455.1583486,27.64751410484314,60,241970,confirmed,
1591,0x5730A69fC8af8205fC859331DCd9263bc63b89DD,node01,d3298f34dcdb14a7ff8658c257560a0dee3ad760e2aa4ebdb00e369d1d4e7cc0,0,1791366427.514812,1791366456.660686,29.1458740234375,61,241970,confirmed,
1592,0xaaeD3f3A86BE5A615Fc5a6ef3652A6b5DE20D0af,node02,982ca65dea8eaeee5285a11de1831c7e9b95f161eb081ad547229083e99be3b6,0,1791366427.5171094,1791366458.130529,30.61341953277588,62,241970,confirmed,
1593,0x694B08c9696e0C04d9EcDd40572bf961af1699A5,node03,907abc5e33090059a4c0071f8472808e236ddec45f2fa012100d0783809ea74d,0,1791366427.519015,1791366459.9505103,32.43149518966675,63,241970,confirmed,
1594,0xd35658FC28f0AbF2570Fc7054537b36c166358De,node04,adfb5181136c77074f18e0b58b9504c3f6ddb42bb159865269ee5f409423a5d3,0,1791366427.5227659,1791366461.1497264,33.62696051597595,64,241970,confirmed,
1595,0xbcb3e95aFCB41E2be279088d657dCA403060f300,node05,b5f1b0a8cf6952ef762c526902f75adbcd9ea1024d05dea0afcd401fcd7e6df9,0,1791366427.5264788,1791366433.72281,6.196331262588501,50,241970,confirmed,
1596,0xF3A0D6c0D1f399E0Ac52297605B2beA08f834e86,node06,d9050ea20ed75badc3d182dc47d350689bc32fe9f18495b15a073b90f96f9353,0,1791366427.5299053,1791366434.0276802,6.497774839401245,51,241970,confirmed,
1597,0xc96b5541a84ED933e640CD581b42520C961E40E5,node07,b597482a7e4a983c0d18a97fb96155138b9dd9bb031ff83235b394425ded87dd,0,1791366427.5309541,1791366439.4014013,11.870447158813477,52,241970,confirmed,
1598,0xFc133e20C2c320CC55506De30aA29fFE72bE57d3,node08,b6c4926a29bab31fb270007fdf4899af24cfbd41c6b33f9292bad542da181a25,0,1791366427.5329304,1791366439.3651297,11.832199335098267,53,241970,confirmed,
1599,0xc07fB500907B3bEE8d2D6EdC62E217D23c47F55D,node09,63aee09127358fcbdf531bc03c36f1adba69b4ba0c340013e956975e152e70c5,0,1791366427.5336006,1791366444.0371597,16.503559112548828,54,241970,confirmed,
1600,0x6f712e399E1295B30EFe89bb35ab28D4334b0163,node10,89491ef23d5d073ebd88c20dd1d169ec0ed528ec6ca0940689f5b8706b815242,0,1791366427.53672,1791366444.257192,16.72047185897827,55,241970,confirmed,
1601,0x5333bfdBF2240BB762109efdc8A342B24862A704,node11,39533fcd1536f51a72177d85fb0f1e3c955779ae83037f7c24b79d15ab4fee13,0,1791366427.5403292,1791366444.3578115,16.817482233047485,56,241970,confirmed,
1602,0x83c42dd0faBa16Fc52657923C40c5CFcD5d96987,node12,2f184f11ea2da84a0dff69258918baa6bf09ac32700bf95de331f035bb2e2fe3,0,1791366427.5436945,1791366448.0278046,20.484110116958618,57,241970,confirmed,
1603,0xE091BeC5c9C2145936c36577CA2A71711f3945C5,node13,3d8ca28137e6a15e04d9d3dbff1dcf9b9cf6dea8996d13be95e3204d58498236,0,1791366427.545655,1791366450.6170535,23.071398496627808,58,241970,confirmed,
1604,0x43fc79F8ee45A66ed99c19703D15Da004D824c7C,node14,7b4facdf18d8c8f0febae411a4e4124848aca714ba5f7fff17d9748cf18cbd89,0,1791366427.5521362,1791366451.1178055,23.565669298171997,59,241970,confirmed,
1605,0x88BDBd7D85ACBe75D5b4eEf962d6BA37D825D469,node00,8e9092a7ac8d2e22f188c555a869d49bb8524dcd15fca03e159bd86b1af21a71,0,1791366427.5553095,1791366455.0439017,27.48859214782715,60,241970,confirmed,
1606,0x1597CA8f14f7f7edEb6338e7cf8f9988565d811A,node01,5a1b1962b31cdd78df1307980e48836291ba949f4ba105a4ac0c7006cb360521,0,1791366427.5571628,1791366456.6195824,29.062419652938843,61,241970,confirmed,
1607,0x4d92C23545Bc31605fb537688cdE6fA12C1a9C56,node02,f9cb9d77e01f9ddc552dc2d230650db75490aac281788a750cd72d22d56869c0,0,1791366427.558142,1791366458.1485193,30.59037733078003,62,241970,confirmed,
1608,0xAa9637c7354C0E13Ae4FA9D111927e064Da6C805,node03,d32107f50aeea942d079d7faddd49cbdbe179c32fbc56eb1f8feddaa5176eda5,0,1791366427.5627666,1791366460.002558,32.439791440963745,63,241970,confirmed,
1609,0x76137B2Df1D4F9B56b73B371f69B838a928898F5,node04,57c33a3e70207fbbd2388120792e99e74de8da4976220f565663bc4669484208,0,1791366427.5641634,1791366461.111704,33.54754066467285,64,241970,confirmed,
1610,0xE43346EAb2fF94a502061D9Ff90F78b97d09f76d,node05,ae89c58d590b322ab37486235d36bc32d5748d20dda428f41b9378c9a2c71279,0,1791366427.567104,1791366433.7351995,6.168095350265503,50,241970,confirmed,
1611,0x69ba046265f1A5E9d83fdf60b380b9BE2227EEBC,node06,f1d6715082161497ecaf505887824e8c947cf460adab21bf4d2c281b0775ca60,0,1791366427.5694768,1791366433.8931575,6.323680639266968,51,241970,confirmed,
1612,0x53C130E1B3f5dbF480b3Bc41dB55862a78a54A23,node07,f44ba7f6e782054cb868f20c957ba6a7da7873590cbc1e20da6f280a966d1a13,0,1791366427.5707583,1791366439.6357565,12.064998149871826,52,241970,confirmed,
1613,0x7A536c2771C387ae1F18444D4EF8377aE8AE08A2,node08,25bf11daa6ed7752b9ce3caa4111e817bcd27d0efba8d1c82536cbed8d1484bf,0,1791366427.5760875,1791366439.6533027,12.077215194702148,53,241970,confirmed,
1614,0x760053A02350029213565deB6A5F34454F5D5Ec3,node09,5c1626c3dbbb28d1c55510e4221fd162630dda391f94aeebf742490fbf69218c,0,1791366427.5783582,1791366444.2203405,16.641982316970825,54,241970,confirmed,
1615,0x87D693Dcad76175107801C5776C3E19ac9E8f0Aa,node10,0cb79c6556e0b7cb876d3cd3c1ed98f7c5cb09afa7bf2481ab02ee0975b56903,0,1791366427.5815892,1791366444.0586393,16.477050065994263,55,241970,confirmed,
1616,0xDE34D62f4FACfEb88D00029D60Ff42ea0f11C4bE,node11,c57d1aa04f7defa33f1b9b60576ed37246218443f309086f76928a5667632859,0,1791366427.5849576,1791366443.9369159,16.35195827484131,56,241970,confirmed,
1617,0x7C33803E25d398971eb7F8d3b7E32341C4A2E739,node12,b42f318e0333daa7e4332c118f3a7ced0b5e69d60664c4aa6ef441d7daf99cc9,0,1791366427.58916,1791366447.8844273,20.295267343521118,57,241970,confirmed,
1618,0xBC30f801BD51523c42Ca9b78d8956676A4A5a622,node13,785781d38d5d81b9835cf23d52c745a28e5036c904f094d1a287623b4744591e,0,1791366427.5912309,1791366450.6658323,23.074601411819458,58,241970,confirmed,
1619,0xA6388FFD3Ab444860179943324d964E6025857F1,node14,03b46250928a183236ca9a398835761237679fcb4d7ab8110e7442d7e25f66af,0,1791366427.5972865,1791366452.8720505,25.27476406097412,59,241970,confirmed,
1620,0xF7f114F09039D4d7951Ddbc1186c32e06EfFf8F5,node00,145f6041c88c6d76457d7253d1e1ca650b7aae89e8bdbe34ee352cb29a18ffe2,0,1791366427.598641,1791366454.997388,27.398746967315674,60,241970,confirmed,
1621,0x1678ba3c2EA4D738BE97e5835fFC5479Df30e27d,node01,085617b13b861563a2e27f047f66f7e6af664baff0440d378adc07c1a195e790,0,1791366427.5999415,1791366456.658368,29.05842661857605,61,241970,confirmed,
1622,0x108B594e6561fF15fa57af9cBB8a889590c4aEBF,node02,91bff267ad587ca1df8eed86a7b2fa56415aa5f9b19f299750893a138c8b26ad,0,1791366427.6033509,1791366458.1540072,30.55065631866455,62,241970,confirmed,
1623,0x53b1172585579851369e993c87573cE86AbD290A,node03,004116bdcc57f96ddf98e1053d535ab4fef5fc57b5985555529a6f4f121f1f74,0,1791366427.607299,1791366459.9836226,32.37632346153259,63,241970,confirmed,
1624,0xd4fF2f862C0e8a8b095eD1585A9e09Bf7aF2c171,node04,c5a6a00e49b3fe04dd4c64257e45f067f99f733cd997d56ca95cc067f94f0315,0,1791366427.6101482,1791366461.2519135,33.64176535606384,64,241970,confirmed,
1625,0x28CbF5c34DF4040ebb22dB54ad974A2aEA062052,node05,b938983bb678306536c97a385e4787752c2c6f2de6080fb7b37b4d958fb30424,0,1791366427.6128204,1791366433.8301067,6.2172863483428955,50,241970,confirmed,
1626,0x4E47179D6E4E53481b131482758EbeFABDf2237C,node06,3aafb5c3f90bf5c1012101d0899cabca626ae9f55ef8c41e638a7420f8f7d453,0,1791366427.615142,1791366433.827471,6.212328910827637,51,241970,confirmed,
1627,0x4CB7acCf62D8e8bd5b9fCb9F419117Ffe09EFe21,node07,43eb2aa74f6194a33a74f2715e945cea98e696a17b9e03db9d4b52f9c831dde3,0,1791366427.616246,1791366439.5787506,11.962504625320435,52,241970,confirmed,
1628,0x7FFBCB561775243b09caDaC8048516023bA1cb69,node08,af307bd547ec143f891eeb6dca61f54d9f6513e4157b5eb587dd7e3b2fe6e9fd,0,1791366427.6184564,1791366439.4947228,11.876266479492188,53,241970,confirmed,
1629,0x11BBf0237b14106719DFa4c76fd69213E98e720e,node09,1c07517b33f1cfbcad995da9ecd28f8b16d273e40d9cc29c222523d232abf4cf,0,1791366427.6229007,1791366439.4916854,11.868784666061401,54,241970,confirmed,
1630,0x8679283E67D4d055068491c7b3BD33a90Bb95b68,node10,d69e39594175c2715008f6845b1f8bf2ae729e1d9714631d4b84b12672265fcf,0,1791366427.6253033,1791366444.1124513,16.48714804649353,55,241970,confirmed,
1631,0xcCc738866c39e18978CBAd20f91f3072e3Fd38cB,node11,c407dae8bdd83d05096ddcc2ba52c9a52a1dbfdf24d8830a447460f37088d07a,0,1791366427.6274724,1791366444.4243972,16.796924829483032,56,241970,confirmed,
1632,0x0caDa58646177d0Cc7bA52A3687f7B4c58D6431a,node12,9ef7e9f8e2e2de8cd87d23dda7e353f0efb45e63c6341b5247f147b1dd2c0c36,0,1791366427.6304653,1791366447.9436276,20.313162326812744,57,241970,confirmed,
1633,0xEedADeB9D9891a450A1C1E4Be0BC265B25A70D1A,node13,e6d8bfb441841a35007de3ee21c3bab51c8d634ee32717741abb281001e41648,0,1791366427.631292,1791366450.5969172,22.965625047683716,58,241970,confirmed,
1634,0xC3De0575a25e0B37e8969e397fF7a8bD3FcC4B69,node14,e46401085ce894863d7ac5617d0b4ca771c34c6cc231e5d853229c86960b189c,0,1791366427.6379526,1791366453.168526,25.53057336807251,59,241970,confirmed,
1635,0x8373244048a758CA36717a23769442EDC79538ef,node00,fa34ace15c04d26a676a8e4e13e06ab1ef43023118d39b9d75b92262cb4d1cbe,0,1791366427.6401882,1791366455.002186,27.361997842788696,60,241970,confirmed,
1636,0xA15F3D04586CFC624bd3848C7741B58B8951F895,node01,34204f33aa52eef3ea5724baae6e6abf2407785ea8120f4b42d76173ce899467,0,1791366427.6437016,1791366456.5851746,28.94147300720215,61,241970,confirmed,
1637,0xD59aD1b9997a7b140AA184d83DC0529E124C7b33,node02,958c678d41a8a4e30d59a4e179c5824195cbcaa2cffb98c6920bb32605715914,0,1791366427.6462245,1791366458.2306752,30.584450721740723,62,241970,confirmed,
1638,0x947b3f7F69f392784762Addbe42134BD2eCb3458,node03,243bcc9cfff791904d1384b416a18e43122b5b237e5ec85efdb1466a7575e92b,0,1791366427.6489918,1791366459.975315,32.32632327079773,63,241970,confirmed,
1639,0xce101652daB5Dbd7b0128b14B4B242B70171c9EF,node04,061b1e7995f51ba896d1549bab1bddafc424584aac743f64b5f82fc50fcbb46b,0,1791366427.6530192,1791366461.2073953,33.55437612533569,64,241970,confirmed,
1640,0xE7A0028449709a2cCe691d46dD68900537F20226,node05,52f591918bcf652d60a0f6ef4a26e5be4b93c4dc460ddf80bb87f849c9beb268,0,1791366427.6562736,1791366433.8778203,6.221546649932861,50,241970,confirmed,
1641,0xFAdC3340B2a3E7D68601637cb53856DF2D483bCC,node06,37b0ccfe71e5b138ec6da1bf3a91bf8589bc1c6a8c937354f72abf1d993a3e11,0,1791366427.657656,1791366434.011791,6.354135036468506,51,241970,confirmed,
1642,0xb15eeB0F4Fd3baa279413beb046576a9bc5569C3,node07,284e7e1b9e442eb8e46f00b455efe329a09874d935c35d68213e20badc38e119,0,1791366427.661622,1791366439.7517376,12.090115547180176,52,241970,confirmed,
1643,0xE062da94a9ec29a03f9d1d3e3ee2714ba4150963,node08,96aff0a87e458d7b8ddc58f94df7886af846dfb17b9991a7b5279f9a06e20125,0,1791366427.6672628,1791366439.631242,11.963979244232178,53,241970,confirmed,
1644,0x29F84b5579f6b7A0722631a4DffF8daC85fe0f24,node09,50068dbbb60e5a41cf346b787b0c86d0aa5ab41b148407ab04c952eda4a6c8fb,0,1791366427.6712897,1791366439.4139254,11.742635726928711,54,241970,confirmed,
1645,0x27063A708163cca23bBCb12aA1cec8215d868D68,node10,f7931a6ef9cc6937b129ac4ea7d43d150e84de85e8638be19874fa61c116c3e5,0,1791366427.674526,1791366444.0537848,16.37925887107849,55,241970,confirmed,
1646,0x93405804DEe7528C868e26e81915eec30086aa7f,node11,d1e4e3edf1d0d17c7c8188aab7a2c7de0bb91d230ec449a5d079c6602cbeb694,0,1791366427.6785207,1791366444.473537,16.795016288757324,56,241970,confirmed,
1647,0x6661DaC5ce736A68AF4490b1FE087517C9867560,node12,bcd4d6ef6a1a023a7adea9cdf33075036f8de85f5daf95aaa9da020bde961735,0,1791366427.6800256,1791366448.1014779,20.421452283859253,57,241970,confirmed,
1648,0xeadF1E60C53294E7091B80a98ECe8A7c4C014Ec8,node13,679fe934e3bdd6a20972ba5b947b77cf486b5248eeb3bab1c5fb7beed2d8b64c,0,1791366427.6823478,1791366450.8165076,23.134159803390503,58,241970,confirmed,
1649,0x7AAE37ea296804Ca363812c3EA70E2e6B3d8CA03,node14,bc307f07c03c1ae7344ab7031ea27084cd0f8b0b4f300738bd81f3a55aaa6893,0,1791366427.6853101,1791366450.7677493,23.082439184188843,59,241970,confirmed,
1650,0x6570195a9e9a8880FA16750625f41591eE0e3887,node00,3d29193ad87784ddb7ba5f2a6457c28a3ff0ae7c098d5bfab0c64072d0976745,0,1791366427.6879294,1791366454.9817472,27.29381775856018,60,241970,confirmed,
1651,0x6b48d8a09ADB705Ab84E77D110B320FD14FaDffd,node01,28887524bf308f104bcc035ded6de41c36d984656126099d58aa6beb8d730573,0,1791366427.690951,1791366456.6112533,28.920302152633667,61,241970,confirmed,
1652,0x85e49c7301322a3b71649115fB47938972B7f67c,node02,60ff5eafbb436c20bcba9a26d19f1fdc6637c0573f226d669723bdb819ddfaae,0,1791366427.6931815,1791366458.2758408,30.582659244537354,62,241970,confirmed,
1653,0xF97fFCe3808D280aBC74239105884493d83ce9Fa,node03,b233e9e2cc3ec731d36cc4af0aa8c9d9bba0c4ccf46a6e883963c33d7436ea11,0,1791366427.6941838,1791366460.0378006,32.34361672401428,63,241970,confirmed,
1654,0x835610c4A5062185E288ac5e6f25C604CDD07dD6,node04,f272172bc25e9667c427447bdb597f305f4aebeccb722a01279857536b0bd1ce,0,1791366427.6965601,1791366461.1235328,33.42697262763977,64,241970,confirmed,
1655,0x3C2169169f2351a779Cb05F16FF5cD82d3077Bf7,node05,b498ca2ef12a595c0b254adba049f448ae38b65e34ba543f205848ad949e6a07,0,1791366427.6994996,1791366433.9819875,6.282487869262695,50,241970,confirmed,
1656,0x579DE4A27054588F8Efe1ee245048BaFffc1CD7f,node06,41e7f5a7611c484b5661a105ff5e9b3be12bd5d3ad8fa5e46e81a43058b9d127,0,1791366427.7008061,1791366434.0168085,6.316002368927002,51,241970,confirmed,
1657,0x3D8F84B17dAC5d346A9B5f0dd0E14fC107aBeC5B,node07,830f27bc341651de2cedd2d2b681a9d5b3263377de3a693815bf269820c8b925,0,1791366427.7041728,1791366439.8158474,12.111674547195435,52,241970,confirmed,
1658,0x6F1E34D48FC58dcC9a5eE03617a3Ae21EB33A5f1,node08,6ae891980b14d7cc3e4cb080afcbf4024b273fd9e226615bacaf1d9c7c0bf101,0,1791366427.7078989,1791366439.5616524,11.853753566741943,53,241970,confirmed,
1659,0x7E12d49d55ce19be4d90c81666F83375b965957a,node09,640f5938da38627cd569050f7d7d5064a5e219facb69ae3b985c605f0224db06,0,1791366427.7090657,1791366439.611917,11.902851343154907,54,241970,confirmed,
1660,0xF736e176dAdb195Df26FFE1d386Adc60dce2738e,node10,8d6caeefa57d97463b324a527a19b7303173e462c1e331136200786293fb0b60,0,1791366427.7105336,1791366444.5333157,16.822782039642334,55,241970,confirmed,
1661,0x3b060796387e9d38335f6dEB1A9Ce59771bc1499,node11,f8719b73f61d525a5686bd164fb2ee4f6d8d372b454942aefc2b1a4f26f93c4d,0,1791366427.712904,1791366444.3039272,16.591023206710815,56,241970,confirmed,
1662,0xaa91dF572912dA482eD18e66a949Aa5d5ed69245,node12,d7abe4d5658df4b7ea332ebf5b1f67ee29e1650f2ab8d0263119bb6be3f64fe2,0,1791366427.716558,1791366448.098848,20.38229012489319,57,241970,confirmed,
1663,0x1652B5f386e78dC41bf835543feA2F729bB0C048,node13,5dfc5a9921bf0c74a11b8dbbfa2183a8bd7c795299e3f4a3f26ec9c98a989b69,0,1791366427.7171707,1791366450.5855079,22.868337154388428,58,241970,confirmed,
1664,0x4905dB20bb646B6d9F7413e60f56996d0Af2dB00,node14,9d035038c8941e7c322d231035a3f2b663c0755c96929e1c8cf0155d9d8e9f69,0,1791366427.7216175,1791366452.9300976,25.2084801197052,59,241970,confirmed,
1665,0xD05380D3a093D53B573B82d2F7ae44f3568bFf53,node00,89628ce422bdcca37d3d07e7b5f2ba649101e0af06f27d585b658c0bd377571f,0,1791366427.72416,1791366455.1144319,27.39027190208435,60,241970,confirmed,
1666,0x789ff5Ab797ca2703d4dd61baf63660d9aa78194,node01,10bb5b1f31c3a222e76c4149141d8da15f112f256bee3f05c82fb3880ef7a236,0,1791366427.729219,1791366456.8401923,29.110973358154297,61,241970,confirmed,
1667,0x935Eb338e991751dd85b3B0eEc4164D24bfab25c,node02,4cc8d452208bf826944625e2eeab5fc3329363fd588b5cb2304fe39b51db5fa8,0,1791366427.7324643,1791366458.1285725,30.396108150482178,62,241970,confirmed,
1668,0x27691AC189A6dC742878adc412Fa81d68782ea14,node03,c1c59fdfd1e01b932150be04d44f28e6ac93e454f80f557615ccc1f5a5ec98e9,0,1791366427.7346196,1791366459.9969523,32.26233267784119,63,241970,confirmed,
1669,0x269B6166F862b46eAe0b3bdd2687775d12FC26bF,node04,d551ed10585948f4b96f840a7d62e1b3940b6b9b8cd1a00936beaed1181ca2b6,0,1791366427.7382653,1791366461.1839378,33.44567251205444,64,241970,confirmed,
1670,0x7962BB04cBE75E2ebfEBB32B5f9e58e776b4b33B,node05,d1098616248450e9640f489a7636a0e09c390b4b52621f5dd0e8b09b037eab0d,0,1791366427.7402577,1791366433.8973398,6.1570820808410645,50,241970,confirmed,
1671,0xb2997F80AEFbf18FAaDe45d545f0B33Ce51DFb38,node06,2fab1f9ccb9118e297ac4df6483bad9fe5f25831ad7527624bbe1593b74430bc,0,1791366427.7418742,1791366433.985544,6.243669748306274,51,241970,confirmed,
1672,0x2Bb4df2b5c9f13116137F46F32711BA7BFAb1033,node07,ea818963784c5e7ed08d5ee89daf16c05f08f645ad483a956fb66a14ba0314d1,0,1791366427.7439609,1791366439.662928,11.918967247009277,52,241970,confirmed,
1673,0x1b2C2b90b036F06413eC8D97B58AA25958813bdD,node08,b9e9843cd56a9d0fe83388f626c88633a2220e85ca5f6a3980a9d7d3f82cac5f,0,1791366427.7451284,1791366439.8183925,12.073264122009277,53,241970,confirmed,
1674,0xc41582e284595450232Bbf9e97Fe5F208563eC3D,node09,7651f496ab9926935b008a68a93160e5695f53f563d4c151d7ba5a7d01d400a6,0,1791366427.7471292,1791366439.6023834,11.855254173278809,54,241970,confirmed,
1675,0xCE9eC7c8515be3a6B6Eb2B4b602415478953d731,node10,308d2af0935d5fc67db813b81ee15366ea848d13c8dea7f901394fc9d60df2e4,0,1791366427.7499778,1791366444.524765,16.774787187576294,55,241970,confirmed,
1676,0x60CCf9536B9ED11309f4b89467fccE6FA973020D,node11,fb0ddd2d8cac00590e86888005a490f97f8a4a3875c08185a89790130c6752c9,0,1791366427.753619,1791366444.272788,16.519169092178345,56,241970,confirmed,
1677,0x0058E947092b39D2937DFa87e510d7723e47e424,node12,bbf08f8179de5796faf6d9c4db3c4ddd2591340e54b720843c102b71cbc59895,0,1791366427.757348,1791366447.9988024,20.241454362869263,57,241970,confirmed,
1678,0xB93C4db18332663f11B22DCbB36d79D54718b14f,node13,857b3fd3bf83000d9b3b80bfcb311d1ba6235d237f6df31cf356e4f301e126c2,0,1791366427.7597716,1791366450.7764657,23.01669406890869,58,241970,confirmed,
1679,0x98E07cb3eee41EdB2bde832e8136A5656aD251cb,node14,2de5cbf4b6ccb5e9715f71d0ed970dd9c07c0a6146b3957bf9eee5c24932b612,0,1791366427.761671,1791366453.0156305,25.25395941734314,59,241970,confirmed,
1680,0x38ab3fF11f7112740Be1a58FE121ee27392d0485,node00,ff53862f682cd233c7ee9d43c3a8b5c36864f84948432b8856990f391f950ddd,0,1791366427.8062196,1791366455.1059835,27.299763917922974,60,241970,confirmed,
1681,0x5Fa760937D4C123aFa597c13E331AF05F2deaa6d,node01,3b07061373b6eba89db7ddf74671e6f368f02882b69e4b6a038791de1453d0a2,0,1791366427.8096619,1791366456.5977998,28.788137912750244,61,241970,confirmed,
1682,0xEA50d8f365dcD8Ab91A766D20276e7ad602a5a0d,node02,3125f453e68075d5470721d85959a10b67ad1468ae0a5a3986ee43f32556e572,0,1791366427.8133738,1791366458.21571,30.40233612060547,62,241970,confirmed,
1683,0xED9b09d844E15F405a0bc8c678d4f10899733bdF,node03,617d0349268e034df8100159796c195a528df2492d055cdb5829096b1d74376a,0,1791366427.8157957,1791366460.0924678,32.27667212486267,63,241970,confirmed,
1684,0xC753CEB44d8c51Db7e6Aa6a0eE7FD0a76265BAeD,node04,b1227ddc3a544d682e618f65cfe529380de2629c3493a4d37dd86c2d2bf1e898,0,1791366427.8173828,1791366461.130363,33.31298017501831,64,241970,confirmed,
1685,0xec136989A6bbDFCc0fefD7Cf00aef8DBD456D038,node05,3abd02caeca357a705c4e6d0b844ef0e9cfb93d3f3a983f6190e6f37a6bbe357,0,1791366427.8190787,1791366433.9677584,6.148679733276367,50,241970,confirmed,
1686,0xe16fc6C5af4F1C3f92c3c4A28e77E8e0D62F31ba,node06,0982d04935ef03cee40e9b0623e1e47582110b5169b05fe2e2f25737bdb25f5a,0,1791366427.8224928,1791366434.2507038,6.428210973739624,51,241970,confirmed,
1687,0x2069e9Ef197a442C66819463f6E7945dD604cfB5,node07,200de869d0f311194b8dfe8581156c259d93ecd293c38cc220cf15f9dd3128a7,0,1791366427.8240066,1791366439.7664263,11.94241976737976,52,241970,confirmed,
1688,0xbd9Ab0A1d4b1549539df1709a0f30C5157707461,node08,4748057793cd482974aaabec7903d2fe0ac2cce6ccd6915aba6f436ce45aaa31,0,1791366427.826405,1791366439.860436,12.03403091430664,53,241970,confirmed,
1689,0x374E5760E2F5CF0f483a3A564D5983c943037b5D,node09,59a0d48cc8b73f82e19ffcaec8b1bab86306313a69197940cf7a212053d18fe8,0,1791366427.8279314,1791366439.7861571,11.958225727081299,54,241970,confirmed,
1690,0xa6AaB51ec58946E244bD6A1E468f4c40A5b182e7,node10,c707a27067b71e855f178d18057994bbd8f0ab71d8c3197dc5cebd0b77d5af85,0,1791366427.8293583,1791366444.459051,16.629692554473877,55,241970,confirmed,
1691,0x92f5f04Ba672Bf0B53C6c8Cc137D4e773063f0B8,node11,2befe2a19300b60fddcf556fb8b958b08a56d29e3c48488da8ceb5171c3d3b23,0,1791366427.8312624,1791366444.5122325,16.680970191955566,56,241970,confirmed,
1692,0x934D182A1e4AaD16D59f26EfF5008ccF0dEd7d06,node12,726e9eb56a5db81996a5956a966213503b1f09e77fb1accfd5a16d385e79fc00,0,1791366427.8359516,1791366448.046951,20.210999488830566,57,241970,confirmed,
1693,0x63A22C4F3325a7a915a203407AADd5E781a4A678,node13,4b3c5fb8cea5e8aadf625642829cce75e91f8f05ed565871d2b8d32a709f3952,0,1791366427.8379478,1791366450.7835038,22.945555925369263,58,241970,confirmed,
1694,0xC7aCc9e97736a7698b87095C35a65CA59d1dEd08,node14,88a0a3a1ceb7947466131fdfa1e8a792857ebe169e414ee725857b6ef799d482,0,1791366427.8439217,1791366452.9461358,25.102214097976685,59,241970,confirmed,
1695,0x49196c673EFdF1E6a4b2B47CF3f1BE32B6566a22,node00,73d6b0bff1ec91f2fb02f9059df24eb677cf3454243e8324ef06a7fb3ce7a2f8,0,1791366427.846168,1791366455.0520175,27.205849409103394,60,241970,confirmed,
1696,0x27d27104e8C6b899C5e039832f584f983E2a3aaB,node01,b86ea1621e3dcca2cdfda398a47005dbabdab1be1a63adaf6541ab84e041d8f6,0,1791366427.8480775,1791366456.7181983,28.870120763778687,61,241970,confirmed,
1697,0x27A4f19529F0803D460d4a973c1b5eD1823668A0,node02,96d68e76977f676f38685307632ee0707dd2acef7cca170a6154bad7996598e8,0,1791366427.8500767,1791366458.1471279,30.297051191329956,62,241970,confirmed,
1698,0xb0a3B53F17fD7bDbc749eDFe260961Eea75b4877,node03,f83c77e019841d14b160fef7509842d46cc2c8e42d05119e21e9226ce755ce36,0,1791366427.8520103,1791366459.9880486,32.136038303375244,63,241970,confirmed,
1699,0xff52299276f8A982f47562215cfdEB0D3175E0cF,node04,15b8eb269f02e5a557ec1e7ad88d519742bd63c407612551e2289f72924a96d5,0,1791366427.8541121,1791366461.1912978,33.3371856212616,64,241970,confirmed,
1700,0xDA2fFc8F461b47Ff5ad13F05C3430E230dE71b1E,node05,94eed399be026276d205a0f9a48ba7889d6c5bd7d541c68153f67a12ced82019,0,1791366427.85674,1791366434.0090132,6.152273178100586,50,241970,confirmed,
1701,0xB3742fee281d213dcf715923664856514FBaFBa1,node06,d693384ee9dac4c4219c6104778475f2da828617673feab79134f76d7089bb91,0,1791366427.8592794,1791366434.1271951,6.267915725708008,51,241970,confirmed,
1702,0xbeA493354960b1E96F93378B8a816C85749ecca0,node07,c68cdbacb0058909a7caa7c962a20e0c35fe87bb1f0bac685c0516623f35727f,0,1791366427.8608723,1791366439.9047081,12.043835878372192,52,241970,confirmed,
1703,0x71c8638ce652A3406baF9bC236308d73b0B7d4CA,node08,4e20038214ff6f2c7212f03e71a1b7308c8e0f60678a6c86d96029ff1bc92abb,0,1791366427.8634477,1791366439.6573682,11.793920516967773,53,241970,confirmed,
1704,0xA951840716Bf9Dd8703b0EEE87a6B9980e214A86,node09,4aea96371e5234ce1534caea63b7edbba92c995854e06aa3b3fdc2946074f0bf,0,1791366427.8654833,1791366439.7868066,11.921323299407959,54,241970,confirmed,
1705,0xA10d285e0e805A221Fe20A9a0c9fE46E606f7575,node10,508824358aea2a765ec9477d3d586a48c8d6bbdaba0930066deb059af8f83b87,0,1791366427.8678572,1791366444.3133512,16.445493936538696,55,241970,confirmed,
1706,0xBa624fD6572eb42646017c693697268993103906,node11,3c8531573efaf69b584abc14869c1a55d31d2d57f5fb779603f72879eef9c4a9,0,1791366427.8698504,1791366444.186856,16.31700563430786,56,241970,confirmed,
1707,0xdFd58F60B4891a923FAe5628AAEe19b0930e20B6,node12,778c0e39e832201d07ad70d68d4155a28d9053b6eec47cc53e25b787e3f0a128,0,1791366427.8708985,1791366448.1309888,20.260090351104736,57,241970,confirmed,
1708,0xCBbcAcfDbFfA95E27409eDE96e88396d3D865770,node13,7cb3d38b8fc44af96297ee7dabb81ebcd55fc360594f2e8bfe888df70bb92fd0,0,1791366427.873042,1791366450.7349205,22.861878395080566,58,241970,confirmed,
1709,0x818c238e57E743F7243138279B882EDa13EA1929,node14,b1615137e4bcfb25e109f5c2d6f106d1ccbc363466b119659f03d60de6d774ba,0,1791366427.874489,1791366452.874363,24.999873876571655,59,241970,confirmed,
1710,0xCe6e9BB95038762Df8Ec653BA9fDc75e958d1195,node00,1668bb55e7169ae74132e398e6823219f754bbd593a106350ecea93fffcf27d5,0,1791366427.8783426,1791366455.0272381,27.148895502090454,60,241970,confirmed,
1711,0xC20D4Fa2e97b928624dECb9EC0ed2E4EB71E15Cd,node01,612a494d70ef48196d559767e6d7e0d5dcccd6d0271fcde563dc1371213247a8,0,1791366427.8795993,1791366456.655357,28.775757551193237,61,241970,confirmed,
1712,0x50df6fF3C038002c69420B2b307b482c864F5Ad5,node02,24c23fa485eb77abf1066f80f466faeaded1cc9fd473273f7ac5d222f9b6e41b,0,1791366427.8807626,1791366458.1623347,30.281572103500366,62,241970,confirmed,
1713,0xeEccaBD7529C3D8641Ed2A61bA3aCf2b73224406,node03,919f7235ea48d2c9fca5f74f5c30d99e4947e79af87782443ca423d8d784e413,0,1791366427.8833468,1791366460.027011,32.14366412162781,63,241970,confirmed,
1714,0x73E7C84D36fCC55AA5064B748bd4B5C2212881fA,node04,3beaa7921c340797bda1dad81ac38881d666694debea142539e061c6f979c301,0,1791366427.8847349,1791366461.219266,33.33453106880188,64,241970,confirmed,
1715,0xE584494cB77eB4A1Ef87c39789CdB7119fCD4a5F,node05,f72bd8499c10e731469b75952af1512b3d5c6abcfc9c5aae93b213964bd8bfdd,0,1791366427.8870142,1791366434.0612051,6.174190998077393,50,241970,confirmed,
1716,0xdA412844Da945FC97f3e3E2c0e0B151AC6aAD250,node06,486b205b05996d02d0d8b34e6f67c361db471dbf82e6967aac8f66c9832e4e9f,0,1791366427.8879502,1791366434.169828,6.281877756118774,51,241970,confirmed,
1717,0x8c676574d1E32B6D4e7F3Ad42E06972928C8A0bD,node07,bebce6e5ccf9e23266ca6c7d1016d3e54e31bc33e3805d9281e677591e4efba5,0,1791366427.8904183,1791366440.0503783,12.1599600315094,52,241970,confirmed,
1718,0xFBB64181eF4DbFa91Af4f09866Fe737E64c3B88B,node08,988b2f2447904b5de1fcc6396a4398650fb4334b80f2933ac57a6d61a3ee7e36,0,1791366427.8924253,1791366439.6878176,11.795392274856567,53,241970,confirmed,
1719,0x2b20912272f4F72F033B88DA5cdb22777968f8C0,node09,9a7426b377d8c7f6e671871d3b5cff4e6d6d01c4f4a3d6ff2d6362cd5933850f,0,1791366427.8937953,1791366439.7946734,11.900878190994263,54,241970,confirmed,
1720,0x23F50006f9857968D6eF438f8A414E0DfE5f0401,node10,a3d1fe44b95137a2afee785e6c9e6f86cdc0d48b9f765e0b4b222d3aa64bcfd4,0,1791366427.89466,1791366444.4703538,16.5756938457489,55,241970,confirmed,
1721,0xdaBE566f380dEdcb7edA649194Aaf58F20559240,node11,1faa0e149d034c88594fb95182641e42e36d16e912b208a36eebf7e90b49d375,0,1791366427.8963509,1791366444.6722388,16.775887966156006,56,241970,confirmed,
1722,0xc5160F37EEa213460bD1d3CDE55a5B8FA5F8662e,node12,6be4e1937421d4c4ae49f48d64057e18d27964f1f36cdd8cf076670e35b41ef9,0,1791366427.89808,1791366447.9785235,20.080443382263184,57,241970,confirmed,
1723,0xd3871cCd29539995bD608D1A0f13ED27bfdAE324,node13,a8aa01b89c87a71e0408f1bd20f45a3c8212a094fe1a8be97d2256bcb33a0195,0,1791366427.9002817,1791366450.6722476,22.771965980529785,58,241970,confirmed,
1724,0x06335888735297086462B621E0641FdF0F89C410,node14,7360a6d40f9dcd63bd0c61c53eacc99ad36366cfa379eda402a52d82f6b6990e,0,1791366427.9033191,1791366450.7199621,22.816642999649048,59,241970,confirmed,
1725,0xC8EBf2846e000a18465785a97041530c3D84E167,node00,f7c4253741646ca6f51cc5e509ce7aadf1d9fb5a27e2d247dc2569a6f523ea60,0,1791366427.9059243,1791366455.1024718,27.196547508239746,60,241970,confirmed,
1726,0x094467c6f42a88E79FE2E3eFf9984fb5665bdB94,node01,8d65481df66f84355689e3189d7f3f21f344753ddea5d3a2db0e5ae79e94162a,0,1791366427.9122183,1791366456.7890556,28.876837253570557,61,241970,confirmed,
1727,0xa7480699C4812ba6bdD01bE9C202ef11612490aB,node02,787a2a65df5d686b561d73851b59cc11975f746bb1a682e3d9b1c262320eda20,0,1791366427.9131238,1791366458.192801,30.279677152633667,62,241970,confirmed,
1728,0xc67435F0c844bdb52d3EB3B8aB09170bA67c58BE,node03,a07802a618efbf08f6da9ba0347de5ec9d8e29ebdb5cc6f1dbe290b94d86c840,0,1791366427.914623,1791366460.0303402,32.11571717262268,63,241970,confirmed,
1729,0xa4d3726D0C8306724eE92EdD9Eb1fFd2477f9b28,node04,e56fbb4697e14a425820141327edc4da7341b80014d076977f079e6d85676025,0,1791366427.9191973,1791366461.2493384,33.33014106750488,64,241970,confirmed,
1730,0x54Dceca0393813317f1bf615c65F0178d3b510b4,node05,e868dd37f07e08e8cca32f95bf61bd800379f1fa3e9d585f3f5f503f56599e40,0,1791366427.9198723,1791366434.115981,6.196108818054199,50,241970,confirmed,
1731,0x25c8363d48140d3493Bb03e3EaD7C609c3045968,node06,6ac64c026fe76c9c32290c6323e435ec1427c86a2371edaaaee3970e71e43d9a,0,1791366427.9219897,1791366434.0827591,6.160769462585449,51,241970,confirmed,
1732,0x86d87563359DFB953D26DE2A24b120D4850C0FC1,node07,71390798013e979849a45d1b4cbc1b84f12faf9cf8def13e73052f5c58359c64,0,1791366427.9240549,1791366439.7649283,11.84087347984314,52,241970,confirmed,
1733,0xdFd30907099EDc8325d888366Ddc37f00C5C98eC,node08,04e021f6fc5d16f2f31019f0458e0d3c92bed1cfb53c256f47717c2bc93b4207,0,1791366427.9270573,1791366439.811994,11.884936809539795,53,241970,confirmed,
1734,0x75cDB71217F4CB2Ab81F1D6c6870870606174b09,node09,5fc5a695529e7afe4d234574285959ffe0a5ee92fe43d1bd66d411f1c665429a,0,1791366427.93106,1791366439.906859,11.975798845291138,54,241970,confirmed,
1735,0x3c160730f55644442b26E57D45348EB1AcD1dCD2,node10,9a8e2066a26cf47f3bcf65e15cfa61c0a516d66534ef8b16c2e648ba13515b1d,0,1791366427.9322588,1791366444.4285316,16.496272802352905,55,241970,confirmed,
1736,0x32d619A4872D603eAbED6a955d5352B659C3c440,node11,79640d7ff942025ee7a45c16db2c15ed5085c57febd51db2d02b28f178a72e10,0,1791366427.9339254,1791366444.5735164,16.639590978622437,56,241970,confirmed,
1737,0x99caAa3495d713A490cC3f71fB9B1a3390D26F7E,node12,0af9bf9a01665e8476616f84028a5a43ba243c189a83564106e0c1800858e0cb,0,1791366427.9347575,1791366447.993469,20.058711528778076,57,241970,confirmed,
1738,0x2a74Ec3b8E86D06EC65AB9751dDDDbe600a1b6b9,node13,fc30f8e6c47d791edda351ac54a92abed7466ef1d21091c614a36bba906fee5b,0,1791366427.9359436,1791366451.0548403,23.11889672279358,58,241970,confirmed,
1739,0xfF21C9F144016ca5217754426d43d23f8C7ffBD7,node14,c7ae46d0e54af2fe6f169185ba4a84bba852ed7b91d65a2fdb19da2d20f4727f,0,1791366427.9378753,1791366450.6679025,22.730027198791504,59,241970,confirmed,
1740,0x57eD8C0C8B4e8718Fec30f8aee0f2357A6d86E36,node00,fe231e02c7da5490b1cc7ca7f27743da11f4e1f81b9793d83d1aa6095d41979d,0,1791366427.94008,1791366455.0909407,27.15086078643799,60,241970,confirmed,
1741,0x6fdf103BB2537942984F1dc6c7DCE9710d023448,node01,8b13abb3d82f3d6b42da7c81ba5cbdec14ca771b8c9d1ff980450f8310322f15,0,1791366427.942847,1791366456.90469,28.961843013763428,61,241970,confirmed,
1742,0xdC789D57E4BBA41A15D902D5648024AcD1192336,node02,08581e1ac76ad0b5af4ff81fb5976447b11c92b74404843eb43866a812147556,0,1791366427.9448693,1791366458.3190632,30.374193906784058,62,241970,confirmed,
1743,0x7596bb56034CFf1619d111094e0e4B5d6C699668,node03,54b01318b028cdc0ba77ed2ed811c1bcd4e374987a89f4140426d61618724e5a,0,1791366427.946614,1791366460.0361943,32.08958029747009,63,241970,confirmed,
1744,0xBaD8deC2af2B1580aB237381c468Ac4929c2A8Cb,node04,7a83cc402000ed89750b0a9486e7b108fbc09a74f3133417e20a9cf80f887687,0,1791366427.9483855,1791366461.1466703,33.19828486442566,64,241970,confirmed,
1745,0x12B2E208cB58d3f62f5A41c71d81a335b984079f,node05,1ed7e11afc369405d15ab1e73a68249781ad18a872235a15db833a3dba1b2294,0,1791366427.9500523,1791366434.132926,6.182873725891113,50,241970,confirmed,
1746,0x7659522656fa7fDF2D304C49fCF80820297978a7,node06,7e30b06c8b326ab6047134bb0d2e854e542921bd268a8d82d992cc90c4900826,0,1791366427.951448,1791366434.0716074,6.120159387588501,51,241970,confirmed,
1747,0x57fAd02D080012D54e7c522278DaDD6EA6a7b482,node07,87534bebfb12ce65f3de932a824d95c728a15653c6304ac072f77db1abbb76da,0,1791366427.9542775,1791366439.874163,11.919885396957397,52,241970,confirmed,
1748,0xDd130FD28dB6eC78401c8F7F209AD2171243C2B8,node08,72e503759f8bbbe25636e8b253888b72387b0dc975094d5c3ec3426c1006714f,0,1791366427.9560888,1791366440.085277,12.129188299179077,53,241970,confirmed,
1749,0x77AeF4e8Fd14e538861AA291954f3e7bd68FF2B2,node09,d2a5c2f067dd5a913cce66e727dca978ec489931b134c6b4a2b65fedff1de97e,0,1791366427.958247,1791366439.8828185,11.924571514129639,54,241970,confirmed,
1750,0x6BCBCde544F7308d3f0f93190B51B99bc754E18a,node10,96fe03be552618cb0a0ba8ea8b306eee938776cbcace2d54991b4444575d3a68,0,1791366427.9600859,1791366444.581798,16.62171220779419,55,241970,confirmed,
1751,0x864c9550957894F1fD52703cC4d3DA4E81034529,node11,6b2d1c91167e950246fc81accf72b31bcd4389478b7339040a924b643e3d9bf4,0,1791366427.9629152,1791366444.5581696,16.59525442123413,56,241970,confirmed,
1752,0xE44f65Bc1B553442dCF527c82F6bC2744681c657,node12,cd8bb15160c8f591cc18318e658bdcbbf0bf86e6a1349eabf6dbf5092210bf14,0,1791366427.9651768,1791366448.333064,20.367887258529663,57,241970,confirmed,
1753,0x58f26f590E1f60d7a4921Cf33d2b8E56e23b8f11,node13,2578fe101222b909d329b2bb9202c405353dfb0d7a3ce48ed30c32a575702406,0,1791366427.966233,1791366450.798003,22.831769943237305,58,241970,confirmed,
1754,0xD15d1D9F950b4B69531A969fC21cE1e5A4d6b155,node14,908c0df09aee0f3327f261d969f280ce4d83c25f6fb1e87b5f2044101cdc5838,0,1791366427.9671345,1791366450.781489,22.814354419708252,59,241970,confirmed,
1755,0xc19449c8B0B7f171Fba06E7f8e9f6E627af0f39e,node00,d7dec5f89de8711094c7d219ecc52f4ec3de78ba0e6e8acdd82d1663352d8e41,0,1791366427.9689376,1791366455.1336076,27.16466999053955,60,241970,confirmed,
1756,0x70Ab9E837d5efA8b8c0CFff36bAcfcF3Af5Fb3Ee,node01,901ea6a6698e207ca1b90a3d0a2c3877c078c6cb0b0f5350a0699924dd3c4f8d,0,1791366427.9707935,1791366456.6630154,28.692221879959106,61,241970,confirmed,
1757,0x5789F1bE5809aEeB9DB8A3e20960D5647f741c24,node02,94c90946ada623f2da07fac216e742f6c53e69727a3171c7b8df7ae3f3c46029,0,1791366427.9751408,1791366458.325084,30.349943161010742,62,241970,confirmed,
1758,0x14135E6ddFfb28BC56adC3871C030c185810Fc43,node03,00e4197a50250cd66d8e9fdd7f2c4b0ef047324bda053f991a567c28511f9663,0,1791366427.977685,1791366460.0176637,32.03997874259949,63,241970,confirmed,
1759,0x7E4589925fD79C37558079B5A827489FA59A697c,node04,d65f330dff7dd077d61bf7b434383c11ef8f7ba86349174d69027a4a5972c6c7,0,1791366427.9821723,1791366461.1984754,33.21630311012268,64,241970,confirmed,
1760,0xA2Ae1494Dc68C96ef0a9022b0B13763acb633Af5,node05,273e3d281d7e298b7565f130d03123e6a000379f402965a615a222f21c79bb21,0,1791366427.9845288,1791366461.9182434,33.933714628219604,65,241970,confirmed,
1761,0xE2520C18d56a67246eB42f8eF3870DEc60008c26,node06,bf0d1d28956962acb3544cc4332cdbeddd57f89e6131a5a94736ba3ad548f2cb,0,1791366427.9857183,1791366434.158161,6.172442674636841,51,241970,confirmed,
1762,0xE65d1e1D0b8e470444480AD2B7F1cCF3e623eF85,node07,c9ffca48b66f05943d32b7b2130ff7e3044beca49909f6d415d0d9b6a561b772,0,1791366427.9884188,1791366439.9429674,11.954548597335815,52,241970,confirmed,
1763,0xCfA4Dfe8bf31d7bCDF321DC02486F52Aa9D88757,node08,bb9301c5d64b439c98067f13d62f1ab55756213a2fcb2b123442af0bf9e5cfac,0,1791366427.9894638,1791366439.912436,11.922972202301025,53,241970,confirmed,
1764,0x37DC5614d85d113f4afdb8EE1AD1e6A8dE28a119,node09,75435b54f8714fcdeb75025fed45dd33f1a811e09a7bbbfce25f2478e0a9b991,0,1791366427.9920983,1791366439.8950703,11.902971982955933,54,241970,confirmed,
1765,0x30AC4b64a8B95d59d136AaEc0E6D4232b611D4aF,node10,d2c527579b262e09686306736ef9e17f8f126546aaac691936b26acd1941aa7a,0,1791366427.9939365,1791366444.541846,16.54790949821472,55,241970,confirmed,
1766,0xd9C74d0C737BF968054bC42f0Ea34a47d2A28aA3,node11,1d7c42f414f8eb8414d6dea69f15d9fc32c9dc0233ab365bbe340470fc52e95c,0,1791366427.9956748,1791366444.6457958,16.650120973587036,56,241970,confirmed,
1767,0x7dDAE35216967085D1fd1378A31BAF40D9B40643,node12,4a0557fbc2b83571c9576a13aa6cb616a0d6c135d7b193aaea3a085013cc4a4d,0,1791366428.0010498,1791366448.202097,20.20104718208313,57,241970,confirmed,
1768,0xa8ecC25A843d9E30fB92878Ab0DD726b657F0321,node13,5d3ef00bb72f9e484e7d2727fe651065db34869995be6ef332311c4e4fec517b,0,1791366428.002614,1791366450.8284094,22.8257954120636,58,241970,confirmed,
1769,0x4c0796D2056C7D3faBEf43B99eE664A16Fb1bDac,node14,2704a85a3f731cb403a46d43a6d8d0002fafe20f34a76b9955f1c501989641f8,0,1791366428.0035467,1791366450.7003849,22.69683814048767,59,241970,confirmed,
1770,0xEa60A5681B589119e00D00a6EdC871188a32b054,node00,2b68344dad05caa43f7c5b3e9f0c3f2d9da8438553a0030dc61f91d7dcf59750,0,1791366428.0064542,1791366455.1114051,27.10495090484619,60,241970,confirmed,
1771,0xa57bFda4abAf798596703ef1335969c31e284aA5,node01,2698e54d6deb41f0cd78d9eee0f0bee7ca9015a0644b46b34707951716b9cf98,0,1791366428.0077014,1791366456.8738058,28.86610436439514,61,241970,confirmed,
1772,0x81F558520Bb74a35eaC3a142f475399E0a4b0399,node02,23ef20b5498cbb6c83179212bb65e745a0ea1494eb2db2a30ff7a974320b7a03,0,1791366428.0103061,1791366458.319194,30.30888795852661,62,241970,confirmed,
1773,0xe2226D9801148c14A6255Bf912b7cE678e156003,node03,205ce9dea266c832b72e98c2fcc95d542f5eef1e2bf46a7a6dde67a101f02929,0,1791366428.0112038,1791366460.0340936,32.022889852523804,63,241970,confirmed,
1774,0xc33b6465c0d073D35990c4951573b89119be0946,node04,f4cedde434093bb1c2548432c7bc60e97ec9b28f8250866590cb1e5551324006,0,1791366428.0144193,1791366461.221479,33.20705962181091,64,241970,confirmed,
1775,0xd5Db3f9769012cfD4E1b131e68B351e01a942d4D,node05,c7fad58533d34fc3ab9985539b09c4a4d469b091a151c75065f8b1bbfb135b29,0,1791366428.019743,1791366461.9295242,33.90978121757507,65,241970,confirmed,
1776,0x6fb527226BCaCbFDB45A7bD144fb98803d57b919,node06,253b25f0d2dd39d7b75ac5c7927dafc35adf451f37f109ede973d377ebae72d7,0,1791366428.0216005,1791366434.2302198,6.2086193561553955,51,241970,confirmed,
1777,0x3869abEF4dF643617772417C39dC2dFf28326b86,node07,57f8b1df0672c0bd10f226dc2934dda925946a155736263a0e700c909e0331f7,0,1791366428.0246768,1791366439.9253566,11.90067982673645,52,241970,confirmed,
1778,0xAdbb18EBbbDF4859397a75eF06Be778544B50B2E,node08,79972d8dc46fcf226907601131660bf1b595ff53339448cca9f7b2659927c80e,0,1791366428.0261242,1791366440.0708063,12.044682025909424,53,241970,confirmed,
1779,0x29F3193874E2E07eBFc52295fE38F2ba81754d36,node09,a2bc45416b7506ca6e17d79925d5d1adcacf26aa5d0c07c11cadc814ab796ee1,0,1791366428.0283842,1791366440.0385592,12.010174989700317,54,241970,confirmed,
1780,0x1f91F99fD348489e4eC7cD4a80f9B2d99916060A,node10,43377bd6ab554d221fd99f1d1c146d2d3c6b0b551c174c96942338f5c8ed2101,0,1791366428.0298076,1791366444.5443559,16.514548301696777,55,241970,confirmed,
1781,0x143370C379078add2624f8e1089b6E4b31a24e84,node11,8e6bdaf1bb967b3365fa3a46f8b6a7149c03466dcdbed76ba97641725dd59a4a,0,1791366428.0324776,1791366444.535101,16.502623319625854,56,241970,confirmed,
1782,0x85DD354D7f8DF9D008592620D92C0E90fA0B1dCb,node12,1cd0f6323b0d24ffc609c23879532d6e49c31cad5ce631c0c88e224a158a44be,0,1791366428.0339465,1791366448.2241647,20.190218210220337,57,241970,confirmed,
1783,0x7B9A251d3918B2367aA78D56dD025A0a29C9995F,node13,5a2e6081676cab48464efa27cf642f4065618af2bad10abf1021b69f94a7f787,0,1791366428.0379121,1791366450.8109114,22.77299928665161,58,241970,confirmed,
1784,0x6827D708cf5445D37cfe7Eb3cF22fb4C484DD9AF,node14,13520e1a6a8f2162c7736a752fb9e9dd527ec05de1e1326917454db193132cbf,0,1791366428.0388587,1791366451.016728,22.977869272232056,59,241970,confirmed,
1785,0x1127DFd5720dfAecb4B018F592A516B4E82FbA8e,node00,b3ad38433319eb96d13bd0e42b209f13a01917a049eb1ea879a21b05e3207fb5,0,1791366428.0419672,1791366453.1751652,25.133198022842407,60,241970,confirmed,
1786,0x46F484d5C773792523E258d3f68ca3dF91B9533C,node01,8fc3d3b26947574615d99e3fc028105bae39a2868a136fc21e49bb4574f88b9a,0,1791366428.0433424,1791366456.7618139,28.71847152709961,61,241970,confirmed,
1787,0xb66bd5e4bd3BBF9f864ac65D883F9C91f0d0596f,node02,52bc80fa8cd3aefc51dfd85dab290cc86d2325f357706a6c4c70e20670a1919b,0,1791366428.0454433,1791366458.3214839,30.27604055404663,62,241970,confirmed,
1788,0xF8B6b3B6E087d54f727c06e4546b71aC7D3b365B,node03,1a6da6213328d57334b2e75bb3ce59a363a2aa05d23449eee73e51384c094d49,0,1791366428.0469193,1791366460.073299,32.02637958526611,63,241970,confirmed,
1789,0xfF620a16a8ADAd0AD54b9Bb5c73bEC07b4554557,node04,3cb0d0c2f0499832fddbda168046c45b3fa49e18679ec381bcf00edfc49a1317,0,1791366428.0493033,1791366461.2308342,33.18153095245361,64,241970,confirmed,
1790,0xbBEfc0b63861e4ADE6e0e4442354f61c730A1Eb9,node05,c75e6d22602189ef4d2c5cc1bc1ffc2b0b198c107db18b9c4c7530f3f34a14c7,0,1791366428.0513783,1791366461.9824784,33.93110013008118,65,241970,confirmed,
1791,0xFe14d5084CFA3de568877BC4a6e71Ffba1AE3484,node06,26d0849bd25c55ac4c3357b742d5f60eb946f998e41f6eeb090fde867dfb075a,0,1791366428.05593,1791366434.2720509,6.216120958328247,51,241970,confirmed,
1792,0x5dd0c542E3Cb63cE7E86b15Ec2FB8a4853b0DbE7,node07,9e5c6b3eb0f1fd7f629221360eb04c899635e3649b8ef729d0ab458bb90eed3e,0,1791366428.0584292,1791366440.2319455,12.173516273498535,52,241970,confirmed,
1793,0xE48B3494869e9040c8Db4c0c9083f15fe6F02e1E,node08,a8191ceacc0a551d7231e8080fc1cb39ce524485378229b7641106ce6ee834bb,0,1791366428.0603807,1791366440.0085182,11.948137521743774,53,241970,confirmed,
1794,0x1DE42A12F655ca449D1df32A5bAA11e629372406,node09,fcd9f2d0638cb5c421f0ec7b24962c21e04c79470f1d75793babbed7530744f6,0,1791366428.0646973,1791366439.9101305,11.845433235168457,54,241970,confirmed,
1795,0x481236E92DcB958Ca35742dA21188c92f3e1B3AB,node10,a0d9fd3c711c73a763fd4e34747bfee3ec1bace5ae05ee83b2aaddf9ae98aa97,0,1791366428.0656996,1791366444.634481,16.56878137588501,55,241970,confirmed,
1796,0x9a05a59Fc6d645716D44656Bf8c6C5a3fc30372f,node11,b9dc13a98dcf1b05666a8b90e966be7c168fb863d90a4d1186cbd89c5de6d552,0,1791366428.066869,1791366444.630477,16.563607931137085,56,241970,confirmed,
1797,0xF06f96E0Dc8597a488Ea26189721735e802E620E,node12,b579ec9c1562fb69778aefcfe8f08a5b0a5d88bcfbeba849de65fd1dc7785296,0,1791366428.0681794,1791366448.242513,20.174333572387695,57,241970,confirmed,
1798,0x754957Affe7EB35463fA9C19ea27985B5Dd24C39,node13,3efb69b26111a6945c2e9430f30b62118e747eaad04fa56776ddc1016163deff,0,1791366428.069009,1791366450.7724779,22.703468799591064,58,241970,confirmed,
1799,0xE0A13408edf760803A7A3CD8421F8BAe62cdecAc,node14,2c46c29f87f40bddb24840db09c0ea5addb74480253e062ed90fe8cc6256b8f6,0,1791366428.074609,1791366450.8809624,22.806353330612183,59,241970,confirmed,
1800,0x4c546c7BE46Fe94dA79C759eF5C8e85647FF288E,node00,0d3cecd001f94abab814533d4d74ab6fc1ec2fa5cc48b96f817816c1df58d3ad,0,1791366428.0793798,1791366453.0245044,24.945124626159668,60,241970,confirmed,
1801,0xEf0BaFC9cA20fE656f8D8297886b56989f64d8cA,node01,d67de3b5039be2e8faaba4cfd01dcab16c3112c994d3da7e2c1fa31bf86d890d,0,1791366428.0817802,1791366456.8239608,28.742180585861206,61,241970,confirmed,
1802,0xBb41c3a56D9b0b27643C2B92Ff86C91837Ce5944,node02,4e88a864fbc846f087d33df6deb03c68d794c2963609843c5b1c293250a00c9e,0,1791366428.084191,1791366458.2934701,30.20927906036377,62,241970,confirmed,
1803,0x7F723C9D70C7883a1b00379ED2b5Eb7d966Ab18E,node03,cca975e01ebee24885db36706018a4c0b1c9d6e172c7ba33c022b4966da4ad07,0,1791366428.0855684,1791366460.0770385,31.991470098495483,63,241970,confirmed,
1804,0x67b2308A505776F7a7B96b5319270316E5B69074,node04,7727365e1aa7a34a4dfa78b126685c22833e627bb6f4edd5f3e9adce75b11f8c,0,1791366428.08698,1791366461.1804433,33.09346318244934,64,241970,confirmed,
1805,0x85E37b14eDdfDEaA8069C898e274f878Cfa1839d,node05,f5c2319b1a3534485da468b38f21fe91aff1dd0fad893704f4c68d7b5b6f8411,0,1791366428.090822,1791366461.8873537,33.796531677246094,65,241970,confirmed,
1806,0x9C9284e936efd919b7b1CaEeAEEc0Bc2aB8c3123,node06,70f7b834d5b456dd2ff83ab366527b95bdde713e9deb46e3484dc461f330bb4e,0,1791366428.0942326,1791366434.3326628,6.2384302616119385,51,241970,confirmed,
1807,0xC459E9dB6FDA99A7a61d27550ca4601BC1612e1f,node07,e587aba2c921ec1bb9bb1355e2975b95c1ff39b618ab242c6e423c2985561b0b,0,1791366428.0969849,1791366440.0942483,11.997263431549072,52,241970,confirmed,
1808,0x783f2d435161766e7b627E1c03F173776d443C52,node08,35042bec86aff312ab4ddd9040beab74d0efff7ffc21fd5b1f600bb2afbb45b5,0,1791366428.098624,1791366440.1265225,12.02789855003357,53,241970,confirmed,
1809,0x7f7A4E3d5F2cFb52EFE185762B619e4348D8794B,node09,796ccede718bdcdf622e52ea1fa17229ee9b98c5dab9414c3d4c84a8c221e958,0,1791366428.0996578,1791366440.0076065,11.907948732376099,54,241970,confirmed,
1810,0x2Cd86CA27f47085ABC9527352093Ed52Add55109,node10,f7cd0fe3c6f9d78ed282e338d1d79eed35ea18dc57bb42bb782cbde8e9dd97ac,0,1791366428.100687,1791366444.6434247,16.54273772239685,55,241970,confirmed,
1811,0x5EefA0Eb2D1A86cbC891489c1cd03Cb742ED4174,node11,c2b4700850bd0f2c6cb202a8d09c9e619b8a9d8774817b203816dd660c7bcebc,0,1791366428.102228,1791366444.6672559,16.565027952194214,56,241970,confirmed,
1812,0x2A467bCF6fAbdadBED6d3470620f0aD895AfB7f5,node12,1c7364e873d4dc816637fec4bee5a9cdcc1263636fdbb385d51b9cc9c62d8bf8,0,1791366428.1037865,1791366448.2257652,20.121978759765625,57,241970,confirmed,
1813,0xCC59829d2859737194b5C56799c86330f04B4466,node13,0b52c3484906a3b5309c4b2ad5a87bab575f659626b48941643bcbc0c9efbab5,0,1791366428.1050172,1791366450.7957902,22.690773010253906,58,241970,confirmed,
1814,0x0a7fbFc4c6c3520bdFb2C75b1C901b766574A23f,node14,c2c9d36916233ed9dca030d07196f9c0884cbef8968df4d2a124da17ce248c77,0,1791366428.1090853,1791366450.72989,22.62080478668213,59,241970,confirmed,
1815,0x257A7C06569c8F4b4EE928051e350bF74F595650,node00,15a0bdd8004aae7c5585fc41347cc918d1b6cedcf2e1d4f42cc55eeeeb537960,0,1791366428.1113422,1791366453.2187955,25.10745334625244,60,241970,confirmed,
1816,0x806bc3F4bDC4BFdCbC7dAb4C416A55e534a68bc0,node01,fd066daefe11340e67426dd7c50a9e593ca10b2466846f8d0cea27a5972d0896,0,1791366428.1136658,1791366456.8135269,28.6998610496521,61,241970,confirmed,
1817,0x8FAeEd9716B5F89F174B66B1F6147Ffb1cf3c244,node02,66c3503fb62aa09587861b863485d4deb36faceca289f8dada032358eb369d46,0,1791366428.115728,1791366458.2969296,30.181201696395874,62,241970,confirmed,
1818,0x5C2E542753a78B3376fcBA867bd8c336DD9E7900,node03,7f700868c14918873984ee32fd4edf428b003f6fd12803a2b7e3888458b16597,0,1791366428.1183403,1791366460.0970907,31.978750467300415,63,241970,confirmed,
1819,0xECf6A6F3743B67A130a31a9aD47bFBFCb95d2Ce1,node04,20e778d2b46bc0abbb7e38c63ab04f43d6c0bd24d0c047489ee8bb8744462c87,0,1791366428.1207736,1791366461.2596428,33.138869285583496,64,241970,confirmed,
1820,0xCB04e92c0b6F2f80a087D0b560fA653D5D4640AB,node05,048ad923571ee85355ebf446e9e8bd4783919e15fb36c9276af4872e8bc13c27,0,1791366428.1233683,1791366462.0320516,33.90868330001831,65,241970,confirmed,
1821,0x4685376745d118CA510aF74bEE9bFE8E882b0CDa,node06,94ac966e1db8bd1289eaec13aaa3cb52620b4efa67d3bf9357af49521e58bb2a,0,1791366428.130297,1791366434.363204,6.232907056808472,51,241970,confirmed,
1822,0x44bf40Ee54b9F2EF0310002AB701553C3e871Ef8,node07,5d3b3f65532a2418a7915f9fc7d067b02aae41988d428256758dac909de8fe56,0,1791366428.1320977,1791366440.0437841,11.911686420440674,52,241970,confirmed,
1823,0xCFA2d85fda228b132a04F05afAF5De4a0A3372B1,node08,4de0935ba48d12f085a10248e769d9a7d3fc679340baa0ac3fc45c147dd4a587,0,1791366428.1334996,1791366440.3011856,12.167685985565186,53,241970,confirmed,
1824,0x7490c64713355753Acb154B4FbB942760750DFaA,node09,b929ce180080a87577adcc167c8adac107530a9907fb312ead31c804e8a3f0eb,0,1791366428.1354628,1791366440.137185,12.00172233581543,54,241970,confirmed,
1825,0xB15f54AC02fa94e96c5B01966b753b9fE3dFdB70,node10,e2c4afc06131ef4fe4a44ed4060f04775024d493c0f7d3086814935df128fd81,0,1791366428.1359482,1791366444.5863125,16.450364351272583,55,241970,confirmed,
1826,0x6b34Aca8126F73B9b706eB498443C1B992719574,node11,086d59ac4f43ed03d7e09fc9580e4d8eaed075190a92e2fadd99846b01716617,0,1791366428.1387763,1791366444.7354136,16.59663724899292,56,241970,confirmed,
1827,0x0313f25C8288Cf7b57d85429F73D0E44153A76d6,node12,cf9329deb0229ff059c622e7ead567b901c8f86fb59c9bd1b821ebcbd27789de,0,1791366428.1397738,1791366448.1560543,20.01628041267395,57,241970,confirmed,
1828,0xe4Bce322eF26fD3B71cd37DA6670bD25aE0FDe6A,node13,a54758bedaa6e117fbb674d1041c6ecc5ee2d3418311d8c4c11880751c6184f7,0,1791366428.1417067,1791366450.916798,22.775091409683228,58,241970,confirmed,
1829,0xd9c7Ec0c2472464F43803F1bf8aF9261351378c3,node14,573c83709cca3ab73827aa76a514eafe46fab4ee0f247bd3f3b6ca48b756e0c1,0,1791366428.1434386,1791366450.7742085,22.630769968032837,59,241970,confirmed,
1830,0xE916B4d8FF238119c71c68600b34B95bae15EBEc,node00,276bc0b52911ab2b5f6ba753146fde5648d9b86d403e55a72ed59f23add06fd4,0,1791366428.1447082,1791366453.1833205,25.038612365722656,60,241970,confirmed,
1831,0x8B061E07627a92d16582355d7bf9B80df3b29896,node01,d70e60ab127564a68402fd247961fb86bebdf9946e5b7bd11c9cb4c8feb4be2e,0,1791366428.147585,1791366456.8165371,28.668952226638794,61,241970,confirmed,
1832,0xE60f9cc7c388eC984d71FF980f626dD92dD6dBb3,node02,5ec0bbbd1274d927bfc6911b2db03254839d797340cfeeff77108c2401e1b95f,0,1791366428.149232,1791366458.3187852,30.16955327987671,62,241970,confirmed,
1833,0xe3E4d5a161AE19cfb6F2f0444bcD450f56491153,node03,6923a966646d84607158c98adf7e00919e4f2a2fee694f0b85a3f0ca9d8de7fe,0,1791366428.151103,1791366460.101203,31.95009994506836,63,241970,confirmed,
1834,0x6Dd5054c4f55E104c9f89a0aE5EFA0c1F69ba9Bb,node04,01031e850c1a696b3b424b25cf773988f36ce8474c753209e821817504c5daad,0,1791366428.1529052,1791366461.2150278,33.06212258338928,64,241970,confirmed,
1835,0x2322508058115434f494815321A4d85beCF3A9cF,node05,0a346661fc8073c6db0d431730da08d1f24c7e2756773edfd55cc438e78ae316,0,1791366428.1543536,1791366461.9383857,33.784032106399536,65,241970,confirmed,
1836,0x3a449147680e0FC7e2B4bf0658219EFB2E50cBb8,node06,ca780e1461d236a79e790f8a304949f0983ec49b0cfc2bcc704dd2c60b380678,0,1791366428.155221,1791366434.4484522,6.293231248855591,51,241970,confirmed,
1837,0x208224b2c0b6b66EF80dFa07bDCed89aBD682dEf,node07,85b219f20420c8cfefadc3abdb2546dd6c1e616c4bc3656b5c743e1993b384bd,0,1791366428.158745,1791366440.117478,11.958732843399048,52,241970,confirmed,
1838,0x82883862938687ACcEb1F1452B7479adC7bed175,node08,690b917c6f6158b29c427c6612a3903b3aeb486dbaf2bdc22dd65ab49c566564,0,1791366428.1603277,1791366440.1838653,12.023537635803223,53,241970,confirmed,
1839,0xBD85D6A98c7719339623Fd4a61A4fAb4Ca3214cA,node09,17545d03528c7005a93a4b87871e8b202acdba931e644d9cc6b7ce745637e05d,0,1791366428.1618538,1791366440.0587194,11.896865606307983,54,241970,confirmed,
1840,0xB2184237580c18943BeCc334047d42343Cb947fE,node10,106df328d092dda435dea88f31ee43b00869fa29f2200d27cec0c7a9e1465cfc,0,1791366428.166277,1791366444.7441635,16.5778865814209,55,241970,confirmed,
1841,0xb62cdea97A6B10fa7dd0908DD1CD93819f8287a7,node11,bc48681541c6f417b039ca2355c51802cdd7bb7889651c6af002f79138c65aea,0,1791366428.1699824,1791366444.7918136,16.62183117866516,56,241970,confirmed,
1842,0x4FEB8ed9A2658297E19bf8360a6a3d7C3278284B,node12,e4093dc77af5e40e3be72a660d00849acbd890864e7270685cdce315ee790b8a,0,1791366428.1709223,1791366448.253056,20.082133769989014,57,241970,confirmed,
1843,0xF2985a75228DDB5829BD2FF5522EBCF80379cF59,node13,8aaaf0e4a7c0d9803d5c75768cbea9c38cc5d48a1edd534a558f50ff8e36463f,0,1791366428.175717,1791366450.8629813,22.68726420402527,58,241970,confirmed,
1844,0x6f6110cE755a835F9B5f25E9EDd15EB86DD6d2a5,node14,0ce707d385988908730e6f3d9323dbeb4db092e40982bbf67f4f1b4f6631fa87,0,1791366428.1785638,1791366451.173229,22.994665145874023,59,241970,confirmed,
1845,0x102118053B1bF978e7801D04184720756C8e86e6,node00,296ab00cb75f6dff3527d5da605ab155c27503d25feb3cf816c806cdce031640,0,1791366428.1806858,1791366453.4215608,25.240875005722046,60,241970,confirmed,
1846,0x7d9E6eAF53c3FEC1072694B7e69117e54985B2bb,node01,f94fb7494a3d754c5665144490df6da6d48af63e2fd0138a4b24ef4db89e0cd2,0,1791366428.1831317,1791366456.8970695,28.713937759399414,61,241970,confirmed,
1847,0x35768d952bA54D9780322E50E90FF34418746AF9,node02,6841512f35aa380fc440a185ca4b568fb98e57bca674e086e6c0baf2330fb89a,0,1791366428.186562,1791366458.2418025,30.055240392684937,62,241970,confirmed,
1848,0x8eD0492e9Aa80BD44b01950367036331c06CefBc,node03,5e5a0aaeb4ab54cbd65a7faa08b45a0fb850e3ed1fbe9b501945e6eb6d47e3a4,0,1791366428.187995,1791366460.090097,31.90210199356079,63,241970,confirmed,
1849,0x60f1f652B1358006609B9C46240825a898AA63bE,node04,7d27d00f45421783b44075e0769f8b5f1095e078185b22209dab449ae0dd381c,0,1791366428.1893034,1791366461.2613184,33.072015047073364,64,241970,confirmed,
1850,0xc496E7fB52100b5EaaeF3B0B43d992445c4Ca5E3,node05,0b548119b89f1d3b33598ff09ceb701c7b5231a55672447841593bfea22b788e,0,1791366428.1937072,1791366461.9977863,33.80407905578613,65,241970,confirmed,
1851,0x43696986295CF0e3957F7714cedA6E022965dfcB,node06,c4eec274e361b73b07aa68b05a14dfc2953329543edc31a99962a2afb9bb492e,0,1791366428.1974287,1791366434.4639413,6.266512632369995,51,241970,confirmed,
1852,0xA3958b9591B915Fdf1eF2e46a3F6D679E0C539c1,node07,70a3583f848da91227459492040c08ddd6ec89791cbb9efaace3ab67ebc61e09,0,1791366428.1990697,1791366440.310066,12.11099624633789,52,241970,confirmed,
1853,0xbcbcff37976Cf0714aCB59c79e98f31d8d0d6659,node08,b5bab139d242b8efc8a2479252d6479bcf4934406ddc81bdf844508f6b9de012,0,1791366428.2029214,1791366440.1034071,11.900485754013062,53,241970,confirmed,
1854,0x1b7f2eD71Aa2A9F4f9AD21711Ca031C47DAc8889,node09,fe4c4ecbd7e8c141c6107db848348aee110f782fa5d2e71927155de437a80043,0,1791366428.2041423,1791366440.3084936,12.104351282119751,54,241970,confirmed,
1855,0xE35Eb255086B2a4ad30D39BDD4E69b76c53fEF93,node10,48df7cf587ea4722b4bcd9082d03337a9961224388f9f0adab24e2dcff606092,0,1791366428.206513,1791366444.821444,16.614931106567383,55,241970,confirmed,
1856,0x94D95983c3857EEB634D0633ca45C0DdFAaD7A56,node11,b18fe949fc128172203b729761fc8d58d25ece7feef9d711d237abe5f9afcd4c,0,1791366428.2082798,1791366444.68451,16.476230144500732,56,241970,confirmed,
1857,0xf4b8F75a2206D8cB4d20E5320F246A811bC1D1fe,node12,1b84e192cef6a9286fbd9127ac3b5f1d44e62d5526a1f5fb997ab2945be4aad1,0,1791366428.2105742,1791366448.2486567,20.038082599639893,57,241970,confirmed,
1858,0x2572386161208882F4798200524f67a2f3ca198B,node13,20c325ab4e307c92577aa8321eafb42b3df9a5dacb6765f6aa1af74cab4ae63b,0,1791366428.2127156,1791366448.450734,20.23801827430725,58,241970,confirmed,
1859,0x3C007352152bC534DC8A7F24327d68e8751489b8,node14,30c4e8687b5d05cb633fe94c914acdec2dee06e91dfa2958495b29025d1a652b,0,1791366428.2151942,1791366450.9271715,22.711977243423462,59,241970,confirmed,
1860,0x4a2fC1D030948013A9b1D09D4a1cAB891548abF9,node00,7f03df20dfe0b5506e815ddf4cbaf85b4930a311ad5e0e13bff8795ac3a1f8c6,0,1791366428.2167523,1791366453.3318315,25.115079164505005,60,241970,confirmed,
1861,0xb2C5AB35F3dAed76d704cad53DFfF689bBA631b8,node01,37499dbbeb855d3eef482ae68228530a7bce5b32938d4694d8b0a62efdb7aaee,0,1791366428.2206206,1791366456.790605,28.569984436035156,61,241970,confirmed,
1862,0x09721011EDBb04F8ecbf30802276F5Fa2A6D75De,node02,40a5841104a9a87364c9f99235723c4d927cede5a95b4da64b88231d65c5ae29,0,1791366428.221618,1791366458.3040342,30.08241629600525,62,241970,confirmed,
1863,0x0B5C16443a0994Ac08763aB65A28D61Bc1367c53,node03,dfceb9dcc1e43c36816a379966650f7fb6bf8119ab75ff6993baee6a0d42036d,0,1791366428.2249336,1791366460.0925775,31.8676438331604,63,241970,confirmed,
1864,0x227C0E622529918030AC98811FFcdA768C42664b,node04,6ca484e1f6e1204d7be743c5823d7b15a58158730bd97e516eaa9d6502d220ba,0,1791366428.2305374,1791366461.2509594,33.02042198181152,64,241970,confirmed,
1865,0x99ffA46038A2CE64B2901bAF83a8337Cfa213d4e,node05,d6966cc05e99794ae719ffae0b851a44a9e4191e8bc58b945b1addfdca8460cf,0,1791366428.232124,1791366462.0362868,33.8041627407074,65,241970,confirmed,
1866,0x52B457cf0aF86F06ff3FF649961Be6Ad6055309f,node06,05237b33d5355c835ad218363d96d32b9de15ea210e197871e500988ff5be586,0,1791366428.2345502,1791366434.7481687,6.513618469238281,51,241970,confirmed,
1867,0x0CA3E1fa3A17C39241811bc365CA15026fE8b620,node07,06c0263e382d7128006916d28f1b4197a8651933153720453e8e582993b52ef8,0,1791366428.2382996,1791366440.131202,11.892902374267578,52,241970,confirmed,
1868,0xF5636d2416959cdf51d0Cf0b75aeFCE7d7DA6045,node08,9c85c45484a1334a83762bd4aface981e2b163e735102c17e97f8ee265f2cca0,0,1791366428.245778,1791366440.2748961,12.029118061065674,53,241970,confirmed,
1869,0x8340db4E295900ff8B35E0899E4363DE822b0EA2,node09,a3163fd9d0156430fb77eb8e5913504a5a0cfeec85a91e191c3f5756258ca4d3,0,1791366428.247985,1791366440.422706,12.174721002578735,54,241970,confirmed,
1870,0x010b4D254e20A5D6833bDc1ae9B4887E4b5e9D7d,node10,50336344de9e2166359c0be435cb374839a5ca5c5ddec5e99c29f146b154ef57,0,1791366428.2488046,1791366444.7780118,16.529207229614258,55,241970,confirmed,
1871,0xF09cA4589DCfa75011626Ebb89f7efb8db8B456e,node11,865e8804cf1d1d78ec85ebf4972fb0c5ee3ff3c7469353c01fc28d653c6f3f52,0,1791366428.2508788,1791366444.6879938,16.43711495399475,56,241970,confirmed,
1872,0x64AEC3f63df02a8ccBB84ac36BFc4b3568484Eb0,node12,3d052b58e7ad23a18a25ee3a202f8c9c758a8701344966642492e31957a14bbc,0,1791366428.2529228,1791366448.2672164,20.014293670654297,57,241970,confirmed,
1873,0x422d77fC204e8EB43d8bEB2557DE45cE9778eF55,node13,9a921cb927de609a74e5bafd97661d58fe16a9db97fed68099594f7baf458d87,0,1791366428.255879,1791366450.8458116,22.589932680130005,58,241970,confirmed,
1874,0xacA4B060b81CF0b0E70Dd4655c28D9b23a89C0d5,node14,c5a704d9b695f254fabe985c97ef4242a1160e458bdc40e4aa7522a2ce64e6a1,0,1791366428.2569995,1791366451.0474331,22.790433645248413,59,241970,confirmed,
1875,0xbDD89F0E2050A9c75680d4B7295fa523c297BEA0,node00,ef191aa12e8d8158999bd917ea24a8668a6941129f99dc79c0966a6e7071c268,0,1791366428.2590666,1791366453.408744,25.149677515029907,60,241970,confirmed,
1876,0xDEb9FB6d6933B5A9d43F7ef902D8886aD42c595d,node01,c0f8b849e6c6d84d35e0fc0ba428fed536c038297c68fef9b7416725cdcf48ea,0,1791366428.262246,1791366456.810952,28.5487060546875,61,241970,confirmed,
1877,0x85Ca7f3E16f2de06c57FbF2D6d429A5eb8C67C07,node02,5a012c9f71687ef85fc21f860d4c4b07199b26ff0c8bddc15e3063c5a8a5fa15,0,1791366428.264683,1791366458.3012803,30.03659725189209,62,241970,confirmed,
1878,0xdcD0cDf262E2154C738c08B4576c2E7b1483e427,node03,2d2ce69551f8745041a173cc5037cfe66ca2c8e6e87d990df1358312f69bb2eb,0,1791366428.266331,1791366460.1091769,31.842845916748047,63,241970,confirmed,
1879,0x630592CddCbe531f811b3Fda9F3677fC79Ce2D86,node04,435b120e44c942299d141b6f5d008b0aaebc6cbb78f990c2c68a9fc1573fb424,0,1791366428.2683787,1791366461.2390425,32.97066378593445,64,241970,confirmed,
1880,0xB0531A80A81a6bF2Be96fFf822828a3cB372236A,node05,7f03158f83b019aa2b326629ec204949faf878acd18d870c6c0e1b24901912e5,0,1791366428.2715442,1791366461.978663,33.70711874961853,65,241970,confirmed,
1881,0x968D2C4cB5cfF4EC4c7Fa5Bc954f19f1BfeBf1b2,node06,ac23a41c6658ed8b9ed119313cd3d02fba234680df73f1cbac6e03b6228cc6be,0,1791366428.2726984,1791366434.4121852,6.139486789703369,51,241970,confirmed,
1882,0xd193f2AB9c3031bd04431DF3a78341c1Ff285375,node07,ff5383a7f39118973a6ff14d1682b9e6baa2d2fca5598e9682d24220a76f770d,0,1791366428.2746773,1791366440.3219123,12.047235012054443,52,241970,confirmed,
1883,0x75590BeF190Addaf4bfFe0C364EF3CaF157E2892,node08,ed8e45cd260d655a40ce26d4dbccdf90ea3455af546889897cf60551812a615c,0,1791366428.2763197,1791366440.169491,11.893171310424805,53,241970,confirmed,
1884,0x42EA686b39C1366C6B4B2a2523a1C57551207A01,node09,fe7b293b55b200bf86ad0b9b736b5e9870734acb13acde515a580bf08c3d7f21,0,1791366428.2785983,1791366440.240621,11.96202278137207,54,241970,confirmed,
1885,0x93a837924358582f0f0986b9235E9CC6D8968694,node10,252ae21d381f3d96517ef091a1b2073cfe46a0809cbc07f7f1cd917ffc5538fc,0,1791366428.2807355,1791366444.725557,16.44482159614563,55,241970,confirmed,
1886,0x14cD98fC622AfdF40d6Cc14e0272493B26C18f57,node11,903c1e1be7fdc2171480a718ea698a2306b277350b9705a0eb7e82e383d53e1b,0,1791366428.2813785,1791366444.8664024,16.585023880004883,56,241970,confirmed,
1887,0x767746C47C639Ea90Aa6879a87e2eA99356f329f,node12,9af3258839733e748f5498f0fcccfcb5b8f032c680c2a30a34530f137aa22441,0,1791366428.2828677,1791366448.4395053,20.15663766860962,57,241970,confirmed,
1888,0x2917E28fa90c3E1d3D52d9848E5fFf375a228965,node13,4037f488395e1c173cd373c5ec2211bfbf33341da4b7fa34c195b93a9bdab15a,0,1791366428.2860568,1791366451.0756323,22.789575576782227,58,241970,confirmed,
1889,0x43269211DE9238e5DaBda4aeA78C7A6779CDa5C3,node14,a03d8c7663b8e606e1ff8381f0818ba1ae25391af297b79cdff527d49c030e76,0,1791366428.2882657,1791366451.143048,22.854782342910767,59,241970,confirmed,
1890,0xbfE26360E62C87266a2c19EA164E759eCB607278,node00,4a178edb192d0347c282aabec177d430d94cb5c644630790a3bc7ac5c8a4ff9b,0,1791366428.2912621,1791366453.4572027,25.165940523147583,60,241970,confirmed,
1891,0x2C7dBa4ed2be685F14A1CE4a1903F427B8c62727,node01,1eb6ec9c1efbfd45c2f7901bebe4686851f7b17f78066b9dccdad5fbe0d43cd2,0,1791366428.298814,1791366456.9117076,28.61289358139038,61,241970,confirmed,
1892,0xeAc601054888abC96d296711B8C8e3915764Da55,node02,4a7a1370047609e52c99f1c625df059334dd1fdbf29f64e500a3bd3c040ecd63,0,1791366428.301684,1791366458.2799342,29.97825026512146,62,241970,confirmed,
1893,0x284A62BDF9F854EF23652018b8054E45AEA6Dcc6,node03,2c5c07a20f571e420e759f614c2dded490328041a3cbb89f4bc21ca810fe121b,0,1791366428.3034441,1791366460.1134753,31.810031175613403,63,241970,confirmed,
1894,0x971184Cf82E256c8A3d4EA54A03A0b927cbB7A98,node04,f934c968554aa03cf5a4c36e852d384887c6c05a6f435f423535d0ad13676758,0,1791366428.3050916,1791366461.2599041,32.95481252670288,64,241970,confirmed,
1895,0xbD3Ff752725A5a062c26e40f03861bDb3d5560C3,node05,f6b10dd6159cb86cd6de6886446e042f6868bb35f35165dbfa1c0d60b80cdd77,0,1791366428.3076541,1791366461.968669,33.661014795303345,65,241970,confirmed,
1896,0x64175044150C7708620bf5dfBEe2C4130c8Ae454,node06,ecc7c94151de13a90deb3aa495ae5202b36d96b1035fd30f9c6f57b398a5695f,0,1791366428.3089828,1791366434.528711,6.219728231430054,51,241970,confirmed,
1897,0x0A05eB877eBe43e7Dc21ff40a5b54EA286f78b5E,node07,3588c15cbc3c77a7c5451751dd00259e410b75f710fb3be0c24e031873695478,0,1791366428.3107345,1791366440.3476758,12.036941289901733,52,241970,confirmed,
1898,0xB5bC56b9BB40b45d23f44C57F3b8Ec6a1CB01De2,node08,b7e7485bff9b503b6142997330d3671a189d2f5c75aa25ed8c40dc5b1766017c,0,1791366428.3121269,1791366440.3733506,12.06122374534607,53,241970,confirmed,
1899,0xeF8f6c2B6DFCbDa69683eDA6d5137EAD9B10520F,node09,0223afb3e8c4135184666f390a590a34a073155d2d4d84e91f353176a2c955d3,0,1791366428.3150096,1791366440.3291125,12.014102935791016,54,241970,confirmed,
1900,0x4506724Fd39D1332Fc4b28A9857505fa89C50613,node10,d140489d6430610e96747a0e39fc253644a0dc57545b5280d4fb03a508b17107,0,1791366428.3170292,1791366444.7760043,16.458975076675415,55,241970,confirmed,
1901,0x3F9E931375B8447B8410d55fC4B7cf4339485c92,node11,5b3c1116a29ac15e7baf957a7bc9d30e8c93d32eafa19102fa43bcb996b8afd9,0,1791366428.3184865,1791366444.8732128,16.554726362228394,56,241970,confirmed,
1902,0x042fb4082E5Df1bf601d60F326b50018b4eFc158,node12,226c09e9857be144e2acb17c93a7ddd51434f78365a8d98fbffb8d7beff86c94,0,1791366428.3200262,1791366448.4201772,20.10015106201172,57,241970,confirmed,
1903,0xfded29295CD034D01F5625177d5bA414b1376918,node13,e4314f55946729422fd2b32b3f75754078df4087565f4b5e049f1dfeb35d3aa8,0,1791366428.3213325,1791366451.0586169,22.737284421920776,58,241970,confirmed,
1904,0x058D70b97A89AE3D8bfA4F63bA29018c52fEfB79,node14,f2feaf1d67c49e51c3becbc83efdec393570826168304ab0a16dfd5b1740a318,0,1791366428.3232272,1791366450.9990354,22.67580819129944,59,241970,confirmed,
1905,0x2FB69fAd49197FAB407232d138e0EfcF2a4cCa97,node00,2208aada280cac035e4ead9bcdce2e8f92cb2a3b42a0d7d3232ffb3a159db8c2,0,1791366428.3250766,1791366453.398128,25.07305145263672,60,241970,confirmed,
1906,0x7c4503B99B3F7f576aE881F339183F876831BF37,node01,a58efb5158aa64466e9b293a39f8e0f336a2c0184abfd9b82a915fc1ac15bf38,0,1791366428.326556,1791366456.9149554,28.588399410247803,61,241970,confirmed,
1907,0x9d376B113ec08bC06f1Cb217Ba21D1cAA0d1f035,node02,60cbcba622de93d3a04119716aa809cc7d9b2e59d1681051d96a19f9bb752e0b,0,1791366428.3285236,1791366458.237421,29.908897399902344,62,241970,confirmed,
1908,0xb2036D8e2E306e72Abbd58E1B27d40D7e88B8DdB,node03,301db6c0ca63f9be4fa275f8d33308ae26d9aaffbbdd19f518047cdbda3d5902,0,1791366428.3295543,1791366460.0411098,31.71155548095703,63,241970,confirmed,
1909,0x9A1Dbe3369AA0e9A8B6cA77591F7e563fd21bcc8,node04,485350d38316b5b71e2b7f9d64a0083d4d5989a5a186026c1b6d70b9f1b83fd8,0,1791366428.3316128,1791366461.2571616,32.925548791885376,64,241970,confirmed,
1910,0xfBde3CC0d30A09b2cedae487151D45632a2E2d02,node05,bd4673e8e5bff0adf92e77cd076cc4a42c85229cd8bf10552cadab002d0cf30f,0,1791366428.3340106,1791366462.0026946,33.668684005737305,65,241970,confirmed,
1911,0x8b6421AfE8De7254B857F6E685eE5Cd2C2F26CB0,node06,ab704f6f5ad8fba140baf5e28be7b79e63660fa0213473abb76a1cc3d88d0575,0,1791366428.335789,1791366434.509531,6.173742055892944,51,241970,confirmed,
1912,0x56C6F29CcB4420F600B782A7756d474Efd5FaD3B,node07,2d45123e13784bd24f4720d6597e7ce1c0101ade6178936017932d8252d579ea,0,1791366428.3384635,1791366440.3158612,11.977397680282593,52,241970,confirmed,
1913,0x857E2DA4DD859Bda8EE39Cc80F6435b0D3220E4e,node08,f9dc3f8aaf0157ca48903a8193f79fe010f9432b90fd8f87cce8497c36db331e,0,1791366428.3393428,1791366440.4934988,12.154155969619751,53,241970,confirmed,
1914,0xe7862770B0c8B40fC27f5323311e44aC20cE8381,node09,4f94cb9e0cd6c15f8389137250e25f6766d266411e4b7dd9058a76886aff61b2,0,1791366428.3425736,1791366440.4058619,12.06328821182251,54,241970,confirmed,
1915,0x5f9aBb20B3676C11a36b91Abce0508FD2E7e8393,node10,158ae85bd898387d307e6afda70efb08db42c62438277240418070a67d4ca036,0,1791366428.3434172,1791366444.783049,16.439631938934326,55,241970,confirmed,
1916,0xED1193967B93813B81FCFe87919CF30Ae1db17eC,node11,a450a36e2368538f0b6e4d8f25f90897c1c8df679e830cb9977d97c0c371c91f,0,1791366428.345293,1791366444.7194896,16.374196529388428,56,241970,confirmed,
1917,0x02296C632D332c6129265eB58787796FdB300091,node12,7e0bb9536ee622fd457b203bb5a1dd60ecefd17589815ac1bb16037a684b08da,0,1791366428.351753,1791366448.459114,20.10736107826233,57,241970,confirmed,
1918,0x839B0bb2D813890eD7B3aE6aAe63110A562d99Af,node13,8d45be59901e4310d19c52d78d7e2dc24cc31405333756a72b2a439f736f1ddc,0,1791366428.3531628,1791366450.9291484,22.57598567008972,58,241970,confirmed,
1919,0xaD20Fc0fE835A8e1a15C7E2Df6Daf251d37bE288,node14,95e267c4822fb136c66eb8f32bd6cc55fd37745c4c4c1c319de6684569d454f3,0,1791366428.357336,1791366451.183442,22.826106071472168,59,241970,confirmed,
1920,0x0ef49A474D3D879f139660b7990f03BEB2Aa8C84,node00,1f591c3b939420ece8827d4dd50ebe304b7de9d8ee9c1db19237d011c00c20e9,0,1791366428.3597095,1791366453.441182,25.081472396850586,60,241970,confirmed,
1921,0x9B7cAD22E4c186b3C706dfBf1407A262C26269c0,node01,e1f7f27a623c57c1d04d7e4263d5d248c8d320202ab4f87f232b6b781c8deca5,0,1791366428.3632424,1791366456.8429658,28.47972345352173,61,241970,confirmed,
1922,0xa74684D5DbADd0EF00Fbbd73B2AdF0a774761043,node02,38754d9ba2a1af328f85e339cfe6025995e6c8c39229b55ed1449cdc2785717e,0,1791366428.3673398,1791366458.28701,29.91967010498047,62,241970,confirmed,
1923,0x10863b2975108159E066F5A9962AdDDD972649B1,node03,5e985675bb789f90d6f8727f59098e1a9595ebb5e0af4569de49ed5abcd43493,0,1791366428.370761,1791366460.108229,31.737468004226685,63,241970,confirmed,
1924,0x51182A8c944FEd3c063D330b315a27a7c588a70d,node04,63f8ca266859a913847890aa757a02dbc00f14f07c85035aa0f67445d8eaa49b,0,1791366428.3753269,1791366461.2614691,32.88614225387573,64,241970,confirmed,
1925,0xDbb6b0e49dec777A782f4b3cB32D7b319e00e07B,node05,265e625aaf02e7913237d797edeb59ee7e80df5e20ffa975582fcd509d9bde72,0,1791366428.3816712,1791366461.987155,33.60548377037048,65,241970,confirmed,
1926,0x1bAfED9Ee72824509a81FAb8d79EBaa1DeA51494,node06,2ea128bec4124bb3185f6afa426b61ed9f30fb9265340f7040fea270b16a723d,0,1791366428.3832755,1791366434.5599132,6.176637649536133,51,241970,confirmed,
1927,0x5A1ebf3Ba6279Fe164BdB403Fa156407a61D5A33,node07,7712733844788a4308b92dce0488245c1b70297f2e4350aa261f867ee9757334,0,1791366428.3858092,1791366440.3791058,11.99329662322998,52,241970,confirmed,
1928,0x334DfD06c9a8d9F0Bb1A4b29b1Bc7CaC493734AB,node08,6b8b1d608a07411eca9345a5e8e853f89196a2e90997d42b003011b85a2c8261,0,1791366428.388176,1791366440.3565133,11.968337297439575,53,241970,confirmed,
1929,0x1c768C405413e0550F966CfE7b6E2b6DE05127f1,node09,449fceace5018aec7df31afef8e1f74f6e73919873755fba064e4fd300703c69,0,1791366428.3917837,1791366440.330057,11.938273191452026,54,241970,confirmed,
1930,0x477862D255aD7036F43Df5139A82B65D13703f49,node10,2c4605f4463e87b1566f0381a225d989cb9746e73e24d27c71a070218219b75d,0,1791366428.393873,1791366444.933682,16.539808988571167,55,241970,confirmed,
1931,0xc3f947899C76df80a615145b3489648648Aa4E27,node11,62a4b485e54702ad62e4d06e47c03a9d259ac07872452d9af62bbe029da46f10,0,1791366428.3961525,1791366444.806586,16.410433530807495,56,241970,confirmed,
1932,0xaF389d3733829128cc64CB3217f7Ae992cBC917B,node12,ed47b5c746edfcb7e76e322065134444474615f6e0af93f76ddf8aab0285212c,0,1791366428.3978996,1791366448.339437,19.941537380218506,57,241970,confirmed,
1933,0xBc0137C1bea19F311A442Aa23C45d5D2bEf35Aac,node13,a38c01537d2921f58f2de32911e2daca4cedc0c2a04a95e0d2ec2de928fe2e45,0,1791366428.4004261,1791366451.1141706,22.713744401931763,58,241970,confirmed,
1934,0x58a5E9849A9a2d2FCFd7492c814d3fcABEE2B53d,node14,a2a4ebbb295c08079268e01ce337b5dcc155793fdaf1e7c790d1648f5e579450,0,1791366428.4033453,1791366451.0385118,22.63516640663147,59,241970,confirmed,
1935,0x6001628f47a1E62174C82063a91929D56f36a6aE,node00,475b828479734370c062cbf08da4c44c7192cdf66802db2581506f1cce83ea6f,0,1791366428.4065967,1791366453.5160034,25.10940670967102,60,241970,confirmed,
1936,0x97cc03e12e04df9e1636E66cAB8a6C234c36C5a6,node01,3dd3f46db243a90193afbf561ca4d8c385c0381af483c8a50ccebd3d875fe612,0,1791366428.4106455,1791366456.9054406,28.494795083999634,61,241970,confirmed,
1937,0x85D4cB839c060E7358Ca0BF1f30b6b4d9dAD9d46,node02,0a46d5fd95fcfac2083202138b1f7ae991f903e46fb443fc88a1f8a325e99da5,0,1791366428.4133162,1791366458.3260155,29.912699222564697,62,241970,confirmed,
1938,0x8309bDabaf6F4a614608B4bc0AAC89aF950AA5E6,node03,c6b99c414427f902de017c16056e553b1d75199e7aea8f2eacf2471e4835c1fd,0,1791366428.4155657,1791366460.1004941,31.68492841720581,63,241970,confirmed,
1939,0xD1930283fc0D2b2069fb548810Bc2cFe448a7DB7,node04,5d343e1975a89a612cb7961838d8bbb601c0c232d82638a2eeb073322e98090e,0,1791366428.417704,1791366461.2567375,32.839033365249634,64,241970,confirmed,
1940,0xD157EabA963959a9Dd8ea4d7AC07Db21F379C764,node05,6e54a01467fabe5fc73244da25e48ca1575f40a8f53999ab66f36dc5bec12d39,0,1791366428.4192953,1791366461.9903626,33.571067333221436,65,241970,confirmed,
1941,0xfEC53D60e639DD837b2cbDF06BB72216f38d4068,node06,912e483b12f8690cd35f01ceaf2d62a617432df182fed4f37ad4f7a7ac73d314,0,1791366428.4233258,1791366434.7228389,6.299513101577759,51,241970,confirmed,
1942,0x84F1f60717E5f0BD3ec0269BbBBD703B2C821723,node07,0f47a0985a1db5c2646e5022ccbba693dbc2ccb8c91b6f0744d5ff47213f51aa,0,1791366428.424734,1791366440.39673,11.971995830535889,52,241970,confirmed,
1943,0x0DAFca66D372d22C1c6FD742884938A3787569A0,node08,25fe19f39bd030fd9b43acfd0f89320e7d62eee8dc10c9195fa728344af5de89,0,1791366428.4269238,1791366440.4127421,11.98581838607788,53,241970,confirmed,
1944,0x89c0C0420FAaA71E818DfA02E77f57a8aC4428e1,node09,1c5fb5555d5f5556f964f8c34111b7179b513455343c773ffead8871a7fdde0a,0,1791366428.4294682,1791366440.4091804,11.97971224784851,54,241970,confirmed,
1945,0x2f9D6cEad3d06cE989BAd39Dd39bE8feC4d4F543,node10,822f41c84ec9eec1e523520ed40150a28c1c2e35bbe1aaedc21d515bcc898170,0,1791366428.4319725,1791366444.9332526,16.501280069351196,55,241970,confirmed,
1946,0x1BDF93076bA64843A5D90585c8C49875f14c80Aa,node11,f3d28edc1f977ff8cdde5f9e561b4753ed875f99655704c509784e0865d37a15,0,1791366428.434872,1791366444.9258466,16.49097466468811,56,241970,confirmed,
1947,0x6aD9AC0E4a20845988B04fAa89a8A076ea05765D,node12,41ab7ee03b3e4cf39cadbead96a1891a2f7053aae395621eff3e4948b295800f,0,1791366428.4407992,1791366448.4493144,20.008515119552612,57,241970,confirmed,
1948,0x18324A7d1bc2b0802Aa1e857df8FB7284BEc2666,node13,26422fc32f13939fb5bd9fff42032045280bba75f28e56f1769db2b9993e94ce,0,1791366428.4422874,1791366448.3782785,19.935991048812866,58,241970,confirmed,
1949,0x51A9b845d3413046b752c21EDc929e873E936a85,node14,2df95422908f360af619630004e2aaebbe2a3d52f4c3273208a6882709493710,0,1791366428.4458153,1791366451.1850126,22.739197254180908,59,241970,confirmed,
1950,0x67B3ad7fB2564e61aF080a426a91d8aaf1947470,node00,cf135f6d88db2ba8be41bbdb6fb7c23094c50007f4c8bcc9836f46e6e9fdb5a8,0,1791366428.447977,1791366453.1790462,24.731069087982178,60,241970,confirmed,
1951,0xAF5c2d09BC6a795d4b2811fa13AE4b83ae0021c0,node01,dc573c56669e7db885134cba76dbada07d8ad1623aa409eb38f95bb1052178bf,0,1791366428.4493275,1791366456.8830051,28.433677673339844,61,241970,confirmed,
1952,0x300096711e40C2e775577185F61899a4E2d9713E,node02,568336ab5ec0a24f1895a36c8f87a1df40ea5cdb023cd8cc73fa04a97ffc7e2f,0,1791366428.4510365,1791366458.2998314,29.84879493713379,62,241970,confirmed,
1953,0xF662E0EDA91AcCa8E6f67d21CD0d9c797e0F278C,node03,7d83c3c2e14732ec757da771293a77c2a30e77fe733db9810c2b765804fbaa08,0,1791366428.4575744,1791366460.1064813,31.64890694618225,63,241970,confirmed,
1954,0xA7AA86D7aADcFBD8F4E2c1E52A36782D5Bf1ad3F,node04,206f375bba0726c7b89d5dd23ba2b2ad96b2b06423b17bf210c05e738b65b407,0,1791366428.460514,1791366461.2340999,32.7735857963562,64,241970,confirmed,
1955,0x25552e7B364b512Bb8A7446c6bE5F57Cb84a0B32,node05,b3a9da4dc582937f9e85816d33b114e6c5bf6636c30464b733a9b789450aa6eb,0,1791366428.4629657,1791366461.998401,33.53543519973755,65,241970,confirmed,
1956,0x24eA6CE342Fb477f3834d4ac55aAf5F5b6e03Da8,node06,2379984effcbada2bf61ac1860256828f047fd185555fa05f1867594c6386765,0,1791366428.4644852,1791366434.8102553,6.3457701206207275,51,241970,confirmed,
1957,0x49f195D6aE11EFd7bEC37b964717eb6218964e82,node07,49ae525da6cb59daee1f2732bbc1e9a128cbca2b932fc453ea37a53908f16a3f,0,1791366428.466649,1791366434.88364,6.4169909954071045,52,241970,confirmed,
1958,0xef6DB48794CfEDF9905Ac1E2a32500422F39fb91,node08,0895e76543d9fe3f3ed5e5daf91fc084820e8a659f64029d7cd84cece2c15aee,0,1791366428.4687057,1791366440.4799666,12.011260986328125,53,241970,confirmed,
1959,0x1795D78915eef280cC836e68E7EFFcEc192a3731,node09,aace1ca3ecaa612377290f288844fff8020765c198ca43bd296e36b5266a9b19,0,1791366428.4704375,1791366440.4768484,12.006410837173462,54,241970,confirmed,
1960,0xc7EC95a64F694B5Ae0B59F347aac93b8CF959a24,node10,2edfd52ed7b502e66a90b6ace2a6d289168a180d8a66e2b13a090633c5695bdc,0,1791366428.4731197,1791366444.940225,16.46710515022278,55,241970,confirmed,
1961,0x03A9456cd20CFB54A2EE4235F7ef99ffa161f95e,node11,5e7660db284b44a2c00e5b4661e671603d592546964adca9e2afe52ca0378a89,0,1791366428.4771485,1791366444.8324807,16.355332136154175,56,241970,confirmed,
1962,0x9FAbA67f2f8C77998fc40BEAa2980c1Fa9E8520a,node12,3079d5b95b48a441b89de7bfd5c1dd5340a16dd6ee941674081bc5b64e5faff8,0,1791366428.4788969,1791366448.4218137,19.942916870117188,57,241970,confirmed,
1963,0xf23F2e6b883eBF7F4496269D15bC9C0c5E5Ae7A1,node13,43a726432ec04bc3133a5ed9d1117bffa4265a043f7487d1dea40debb83c2cb9,0,1791366428.4815288,1791366451.0852456,22.60371685028076,58,241970,confirmed,
1964,0xB70353D571312C17Ba412e29f5cb9e0AE356A00c,node14,c475f8514c5099fb9edc3a2e10ad10d9eda05fe8326d6d11772e48a7b24c38ca,0,1791366428.4838204,1791366451.1389048,22.655084371566772,59,241970,confirmed,
1965,0xa0Cb20F10995Ba01552E22ee077D0c3B1a8EB2ef,node00,575f2ad2086f1849e2a1622132f3f1e8abbcf757cfe4a175d8229599e4acbbc3,0,1791366428.4851868,1791366453.4701362,24.984949350357056,60,241970,confirmed,
1966,0x74e34c1b5F4AE2605Cf10593E97DE64e348c43aB,node01,5086916874d67b2db4aff2f2ac298809860a8308f859fa32d8754d1793e9041e,0,1791366428.4869912,1791366456.88093,28.393938779830933,61,241970,confirmed,
1967,0xcCD60EE4B48a5f89053709Cf7c851Da04eA2Df1a,node02,244936b13165ca7acaf2290fec168f12c3ba63080f84248b84961c1bfd5b6207,0,1791366428.4892645,1791366458.320755,29.831490516662598,62,241970,confirmed,
1968,0x62C08A0d5c7adD003ceD3304c71fe3de20B7E108,node03,3b2782155a2311b71bd01eddeedb9a527cfdc631b1defb5c131209cc4f2c93c6,0,1791366428.4944086,1791366460.113219,31.618810415267944,63,241970,confirmed,
1969,0x93B6E8195e8b26D20392D0A11CBC758f66ED6622,node04,572f470104dd1bddb0bd7e0e8d7e3f6c901b40ed97e2d5396119d5e9f3b6419b,0,1791366428.4959626,1791366461.2540727,32.75811004638672,64,241970,confirmed,
1970,0x25325720650B0Ba4aB430985a42A1dAb880f383F,node05,89f3d9c3d513f19c020afa2e411f7724d28f158b715ae088dd63c59e6015a875,0,1791366428.4979756,1791366462.0107431,33.51276755332947,65,241970,confirmed,
1971,0x6aCe4c0709182422718d607ba838252D344dA20f,node06,cffcfc3a675d939e3e30b17df10197ee96156881c4876f90ea1084f810462ca4,0,1791366428.50003,1791366434.6281145,6.128084421157837,51,241970,confirmed,
1972,0x67e54e061652FCB52Da6a01eaDc345FADC170Ac2,node07,2f0d7302b81f7deb4a4a197f383fde47603d4eda9478b9f7c11a09a1bb474a64,0,1791366428.505304,1791366434.808321,6.303016901016235,52,241970,confirmed,
1973,0x692c520988e249210dB3866bEC514b646b6Ff2F4,node08,7e04e407fd04929055d4afe17f708f2cbe0f7a5c82c25f0ceef225010f481dad,0,1791366428.5080333,1791366440.4980145,11.989981174468994,53,241970,confirmed,
1974,0x74E3eD37553001C1Eb828A7BcCb6FcB6f0152a67,node09,e46fc5a0276c339df089140e307644659a5809887ce5a1103fd1460e14c94bbf,0,1791366428.5106626,1791366440.4502048,11.939542293548584,54,241970,confirmed,
1975,0xFe8d7C473D8129dc963a95E5AF895Ac9933BaC7d,node10,eb7fdb446fea6c1d0cb56191f46ac95e1c5a97cecab126dd439f4539b787803f,0,1791366428.5113907,1791366444.8857586,16.3743679523468,55,241970,confirmed,
1976,0x48b4B0F0BEd0cbbd4EC8ea06151aec92aC8B856B,node11,830910e532a9c536e586375b83d517b1f3195a4dd9df222c56b60dff52c4d567,0,1791366428.513143,1791366444.9106464,16.39750337600708,56,241970,confirmed,
1977,0x0EA883b74fC3Af98c2543A1b8974c73D5D867A84,node12,615752cf51be9696c98073e3b09bb9120fe802f04037f2239c9266fb96d9fb16,0,1791366428.515498,1791366448.433486,19.917988061904907,57,241970,confirmed,
1978,0x79F9A20C13f9E5372fb83FE30497D12945EdAa36,node13,5147190e39d38b595707bebb63f88b2cd7ad076aaf903332e235be3b0d3db451,0,1791366428.5196657,1791366448.423768,19.904102325439453,58,241970,confirmed,
1979,0xd0837Cc729ea529d0D5e31597820E46311696983,node14,55984ba7c7c98dfa2a7de21ddd9279b999815d27617b0a80e6f87c6ded00a43a,0,1791366428.5244062,1791366451.0109565,22.486550331115723,59,241970,confirmed,
1980,0xdD20fdE0d892E43e976c7EFef648a968f856b6dD,node00,96908bf4a1b6d37e4614119b08d6a6440b1ca76ce255bd6aafaf62ab590b3f2a,0,1791366428.5258827,1791366453.5092494,24.98336672782898,60,241970,confirmed,
1981,0x9171c1CD82c3534c453AfF0A1Dc04337710B36af,node01,2b80962fdd86a863339ac658283bd58746a92f36d56cde6d93413b0cda3c4e36,0,1791366428.5341587,1791366456.890725,28.356566190719604,61,241970,confirmed,
1982,0xda40F98151d6a3B222173e8e26e29974C9677ec7,node02,4534fa61bd99c38b2e0211bdaf42ebfa92a403eb21d9d775fa0e3575f96c790d,0,1791366428.5364792,1791366458.3208678,29.784388542175293,62,241970,confirmed,
1983,0x13848eCeb5AE8f1889041B5095F7f8eCF08C5b8d,node03,b44273beba3443cdc8135d79d8d90caaf07dcd1e42deffb8897954ecb8467f4b,0,1791366428.5426514,1791366460.1041949,31.561543464660645,63,241970,confirmed,
1984,0x9423635D3a1D04D28b0018b0eA76F85631B3dd0B,node04,21c9dca491ff81a5945276a7222054f7a081d1590473dbe57cdab124c542decd,0,1791366428.5445151,1791366461.256298,32.711782932281494,64,241970,confirmed,
1985,0x167117218D2be5aEaeD8F38c76464abA181CFcf3,node05,c875e51a49bde38eed992cab7497b86a1c2f4da470f6717a77dfaacfa882fcfb,0,1791366428.5465508,1791366462.0406096,33.49405884742737,65,241970,confirmed,
1986,0xA934f9254c208b51ADfBE27D5AA9Ff6B7B2b33d7,node06,1431ffa8b520ebc2e14b4890457012af591f7f4969872fa50eb51db7a36f1e3c,0,1791366428.5480182,1791366434.7654686,6.217450380325317,51,241970,confirmed,
1987,0xcCD0f4B952c4D4d39ce1e2886906D2E08f65e9Bf,node07,114b8f69452bce89296dbb7e81b846d6f81480abfafaab041746919661fdecb4,0,1791366428.551443,1791366434.8195472,6.268104076385498,52,241970,confirmed,
1988,0x87fda208827b7E8435d64d3e8f309848084ee08F,node08,eca3325346498b36e00da35c941ead7d45b30aed357e7e710fb8a88fe753c816,0,1791366428.5540814,1791366440.4902158,11.936134338378906,53,241970,confirmed,
1989,0x3534CFC321B656C82F955E10510dBfCfb3d85F51,node09,8b50c1ad6077abedd36da11ed8bbfe6a9509c7ff32aeb9a2dd455c515cfb93c8,0,1791366428.556558,1791366440.3994155,11.842857599258423,54,241970,confirmed,
1990,0xeF9A7588301222dFC0cd4A1f248b405b323CE733,node10,7d200ff3f7f04e537c6894f532c1dada443942e8a84ae00fcbaf656cc7a4ac0a,0,1791366428.5582948,1791366444.9063933,16.348098516464233,55,241970,confirmed,
1991,0xEDc96e19444B810ceb7fC99fb66d5b970E852F5f,node11,b1c34079d07086082dd1a1ceb429851d47dd67885a91cdb2276750e57b0d3c48,0,1791366428.5630121,1791366444.9339104,16.370898246765137,56,241970,confirmed,
1992,0xcBb1E5DaC5FE64AE4025dF2dd6B76d0dfAEcc963,node12,cb46567f7d7d93f36e03c8648b8ca4253f2e833f0298c2b8c92c11f4acc69a58,0,1791366428.564238,1791366448.3628857,19.79864764213562,57,241970,confirmed,
1993,0x49CF8d6cEFf24EF8b165Ee919c781Ed1A604C578,node13,a2ece456b945ef0bf6d84e0037265215e933ce215c8366a8fe2927ff76c138f8,0,1791366428.5660985,1791366448.4295654,19.86346697807312,58,241970,confirmed,
1994,0x68d6BEE7F5bb274462a808f7446B852345152322,node14,2f67007ce94f58f237753846d362ed2b6215cfc4ab4fb23b1945ab0277d3b4d0,0,1791366428.5700617,1791366451.0912545,22.52119278907776,59,241970,confirmed,
1995,0xd933Ae97985D0F1E7F707e274D8b8a38b45dfD41,node00,6bf036c2a47814b6d865ae0339774834dc94d47657a1ccb810a31bcfcdc2f5b1,0,1791366428.571952,1791366453.4408154,24.868863344192505,60,241970,confirmed,
1996,0x59A6D421E3E29ACF8b9e2640a37851F764b90EBB,node01,f37aca922dc322059c1ee9b6b3f32cda0dfd9c73fb3583b82f55d7090b939e25,0,1791366428.5756092,1791366456.9136307,28.338021516799927,61,241970,confirmed,
1997,0x6c82e8CeAB67E23DaE8cF0dA9A08EF6Df6d34B67,node02,5c4d9e487b2b914ab172c20ce8d093ceb01d294203360d1a1d7a7cf56234f6ee,0,1791366428.5824647,1791366458.3217957,29.739331007003784,62,241970,confirmed,
1998,0x5d35960150e3Ac147508E3F4b7e6ef7BdFb21609,node03,c2b616bdc0563bfefb7d4ae87b21e96964ddc8c779c646e5c73519a374c2c5de,0,1791366428.586764,1791366460.1160197,31.529255628585815,63,241970,confirmed,
1999,0xaEF9032884D3cF7c4DB899F381a29E2EB90Cd9CF,node04,f84cf532884ff96e1dffaf5bd3f82323b8ebd3b2113fa91ff57407bcfd4290d6,0,1791366428.5897703,1791366461.2618842,32.67211389541626,64,241970,confirmed,
2000,0xcD89a2084D9cEd7429a912416FAC6911e56536Cb,node00,65ea2e1b0cdf3069675225234981187804526d4d2a4d5e12757f5a804d4dad6a,3,1791366428.590656,1791366453.367948,24.777292013168335,60,241970,confirmed,
2001,0x714447a24067a74f5b9906e4AA9544Db4DBBf93E,node01,376e9800ea96ca979a26c113a8e68eff74e586d413524327dae3ebc303614596,1,1791366428.5943747,1791366456.9006789,28.306304216384888,61,241970,confirmed,
2002,0x24F08BE5bb32047b2CB5a866370a9260dc73b340,node02,3672ad4375de1cd4a03879a4d437a14a59db5578258a3609d2eef98f08259b69,1,1791366428.59545,1791366458.3105938,29.71514391899109,62,241970,confirmed,
2003,0x51A3AD47077E122a977e54017D08A7aC2E02A6eB,node03,47f6fe50f376a1f5922ccba230268e349adf38c8e421e15ca8e48694375d16ef,1,1791366428.6009047,1791366460.1026385,31.501733779907227,63,241970,confirmed,
2004,0xff43c0A7B055282F6649835f0c7e3b2Bd20711C5,node04,2d2c9db94f8cf12ca81bfdc15b40a94e84ed29733e0102db063bd3416025fb2d,1,1791366428.6032698,1791366461.2593973,32.65612745285034,64,241970,confirmed,
2005,0x0478D01323566b0dF323113d468dbE6fA32896e9,node05,65212761319f940158bc856ab58c2829bc2d880dcc56b233b566d8ff2303d146,1,1791366428.6048684,1791366462.0245314,33.419662952423096,65,241970,confirmed,
2006,0x6649F5012414833487817F606A313A6235D68196,node06,56a0f43f3e4dbe06a63f87bc90a11ea74972cabcd66a8dad67290078705f0f40,1,1791366428.6060848,1791366434.9096463,6.303561449050903,51,241970,confirmed,
2007,0xEbcB96e5bF2681c29fEE0875487090117eD28D5a,node07,d9bb057bf040fd02b2af6ce2fa653acbb5c27e7f14f831c7c77528ff004c5896,1,1791366428.6068234,1791366434.801907,6.1950836181640625,52,241970,confirmed,
2008,0x952C120AA06C52501A7c235606cC49921c628B60,node08,2eb0ff0a35ccddcd59a5df2c56917dd940525ebb1bd37e5571b54000eee0e170,1,1791366428.6090624,1791366440.4807782,11.871715784072876,53,241970,confirmed,
2009,0xba63CFC0CA898AE757054761F6F135b953f607F7,node09,0acaff78b8d1d019686009eb4c1482e88ce2c807a84d2070754efdb4557976ab,1,1791366428.6110883,1791366440.5072415,11.896153211593628,54,241970,confirmed,
2010,0xE8F3Ec9C0e20D48151a10b9117279DbB5CC3e481,node10,692707ef3e67a72eb380822edfd2ffcf211e40336e791aaf62f1c810b716d226,1,1791366428.6144712,1791366444.9203293,16.30585813522339,55,241970,confirmed,
2011,0x50d649d6be589DF71ED0a8fA2Dd28902faBc0A60,node11,c629c0b923b5deb77e45f8121aa6ba51f65ed9ff442c237063c504b61c611e6a,1,1791366428.6159241,1791366444.9413188,16.32539463043213,56,241970,confirmed,
2012,0x22dF4540b12ECE50A2f0136231fFf154AB5Baf44,node12,fea9ffc811fbc08212cb3639958ea3f98ed85935d59cfaf13648a311887e3af0,1,1791366428.618554,1791366448.4666028,19.8480486869812,57,241970,confirmed,
2013,0x5e361686d36f43D0A1110f59867A1A0534C547f8,node13,5169d8f091f68642bfa997e71b3340aabafd0a26b6fd39f1a204134689606140,1,1791366428.6217315,1791366448.471213,19.8494815826416,58,241970,confirmed,
2014,0xA4a71aDfdF8E930a6A2Ebc906D0908e8240A79d5,node14,e33880499697cf13bdbd3e85257d40dc2d6976cd2e7e77af3124dd3a1a6a8da4,1,1791366428.6243384,1791366451.1112459,22.486907482147217,59,241970,confirmed,
2015,0x45F66d945Ca8cfa939CA613B67BF9c55EaC1Be0d,node00,2de2bc0ae572b594c15f8018990f729620f38af6ea69a72dd59f5043db239cc8,1,1791366428.6278608,1791366453.4197698,24.791908979415894,60,241970,confirmed,
2016,0x6D6269896F53E8CD21F024de8F34237780B647E1,node01,658f4e08ea53159bad8af554aa14dccaddf0e4f652b642014a353f6cb737fcac,1,1791366428.6299276,1791366456.8857286,28.25580096244812,61,241970,confirmed,
2017,0x0aE4Aef218450749B79eb4CAE066D699bc5D0f2E,node02,9ad8517b7d71746d6b955f1a43951c7288426478461b9f497d8ab8db18634700,1,1791366428.634218,1791366458.304805,29.670587062835693,62,241970,confirmed,
2018,0x3Af2dcce9Fb5298D844d4Cb5e4d9521f822c1309,node03,0790c8c9a8fdf79ee71d8b7ffa8d1517493954498a87cf0af2cb1c9475d8137b,1,1791366428.6374507,1791366460.1123552,31.474904537200928,63,241970,confirmed,
2019,0xD30680b34eD75fDDD51351dacC9c5902E5FA3778,node04,2065d54fea45faa30d2c31478c7214ea42e81b42e99cf982cdc13037a583f4a0,1,1791366428.6407492,1791366461.253229,32.61247968673706,64,241970,confirmed,
2020,0xd10f0545AC797500588dA8b8456419533a5cA591,node05,d9a964746e2f327e883813309ceb369abe347ed92e344ab6431c7f76e04bf21e,1,1791366428.641825,1791366462.0294287,33.387603759765625,65,241970,confirmed,
2021,0x8fe75729699CFBE3c34735f2e862d37686d48fca,node06,41fa428177f374c1b8ab3f0daae3e62a4986b9f0154dd3fd264f730932b4d84c,1,1791366428.6446877,1791366434.8342311,6.1895434856414795,51,241970,confirmed,
2022,0x8867f5D05DE44FDDAFf78C2b785Aa85d3Ece69Eb,node07,984498d4ba324f4ed541d050c13fef676d7e1d73431efc32ab2955976fc8837d,1,1791366428.6467483,1791366434.8483167,6.201568365097046,52,241970,confirmed,
2023,0x1BFc93c416722d534F4267BB65e58F075a55123a,node08,267c5e79e5c116b76cadd45261c2489c03706b48311bc43ca3bf847487a75a93,1,1791366428.6527898,1791366440.5008194,11.848029613494873,53,241970,confirmed,
2024,0xe603171ef709e6f27A3E3Cb06c87DE2ab5a1C05F,node09,4715e5b118abdf35498be1aee4e287a2c8c37e06548a0859ee112e7376b017f7,1,1791366428.65582,1791366440.4762225,11.8204026222229,54,241970,confirmed,
2025,0x2D83c9951c4Bd9F5eb8674Af3D22e9E2e183412c,node10,ec76bbba7799200fc3fec1b9a14fb3a6244f27e84ebd6688a4f8923939bbaeec,1,1791366428.6568322,1791366444.9439251,16.287092924118042,55,241970,confirmed,
2026,0xA68cF1D52928ADc22e5CE08CfeC923FFb8dC79F9,node11,d55f082a8048103b778aeb83481771144b88224d18ab03419777712789cc5b07,1,1791366428.6593602,1791366444.919296,16.25993585586548,56,241970,confirmed,
2027,0x3377055895C603658475193A0b6352044702e36d,node12,64f2b2fef800e19b5e8e580ca79e4290add81a5e9a435b63beadc25bf5e47abc,1,1791366428.663131,1791366448.4721634,19.809032440185547,57,241970,confirmed,
2028,0x0E96219BaA62cC3ad5DeD9aD2b18B82abA96fe87,node13,e22319a9e1529bfd3c2f9b2b37ea1a157cf9aee0d4d0240751b1cf316688f3b6,1,1791366428.664331,1791366448.4169126,19.75258159637451,58,241970,confirmed,
2029,0x8f2bA987AfB7A05C2feb023B5641c7137ECa658d,node14,cd56d4cff6ceb2e0e7c9ef16ac9e1d9be42405c71e6f781706635c6346c49f34,1,1791366428.6669328,1791366451.192543,22.525610208511353,59,241970,confirmed,
2030,0x9f1eeA642B138e46E74b0D283cf0a6079DB0bcA8,node00,f2f5ade54210e80f593ebd6b2fe2f7051174ad223db56c216b3128df0e402e96,1,1791366428.6724887,1791366453.5119991,24.839510440826416,60,241970,confirmed,
2031,0xc68eDca6E404405b4384B0bDE9C46EbC9a4DF016,node01,9dec1ac9644f3ce23f813ca0541d843270e298dea1f04ab97b202fbe5a503ac9,1,1791366428.6831043,1791366456.900338,28.217233657836914,61,241970,confirmed,
2032,0x003065feeccf94F2c498E1cA8F07b66407307381,node02,812032e4cb9f5c5ea119414c33092ce0e38a4d5149d316a3363bba3c45349bc9,1,1791366428.6871722,1791366458.318948,29.631775856018066,62,241970,confirmed,
2033,0x65ff7dee3e81fb88A6f7AfdB323382022fCB495f,node03,aca4e57344c8f4d9c5bb8e3c3b6b14891ff4fec4e8855566bbdf0e589ebb0bff,1,1791366428.6904328,1791366460.1081083,31.417675495147705,63,241970,confirmed,
2034,0xF0395EC18410a58E05Ec3e8bc8Df543A09424D11,node04,1844d4b6f9cfee1db624cbccb00005e7b762ed59be684e76219c9a743e460fd9,1,1791366428.6955018,1791366461.2626965,32.56719470024109,64,241970,confirmed,
2035,0xCC832AadB9BbeECaf90Fc017Ad05AE4d487fE583,node05,b6d33f2647213b52880a55c2ed7432caf7c68ab7d46e7089dd8c373d8ecb0420,1,1791366428.6967008,1791366462.0170026,33.32030177116394,65,241970,confirmed,
2036,0xb3fB310e30618eed4085DFe56e57Cdd4c5cA79fe,node06,0515689e73df55173df030d3a4b9d3b228d4cb7ea6436a5c09ca646fa90d540d,1,1791366428.7016473,1791366434.9012864,6.199639081954956,51,241970,confirmed,
2037,0xC3a6fD7300FB906065541AD2d7c21793A327744E,node07,36e56ffc4125ca43e4985f7bc2d0c7c06797dfd630777897b4903a9c0fe2f2b2,1,1791366428.7042387,1791366434.849453,6.145214319229126,52,241970,confirmed,
2038,0xe5475CFDFb547B84749c593E3d9d350df6891d52,node08,203f60747346d9894851d2394a0d33f9106ed21104e659bce8e60eb5f6448a79,1,1791366428.708338,1791366440.5132878,11.804949760437012,53,241970,confirmed,
2039,0x214d7A98bA6B72cd68AB3b79D39eF8fba4275420,node09,7562503d6ca1cba23f0c05a3383e61181e6fef37ea8489ca93d887c1ff8ac2b7,1,1791366428.7118595,1791366440.5100434,11.798183917999268,54,241970,confirmed,
2040,0xeC98D28F143D9dE2e0BFaecf78437b3DEEbaDC7C,node10,c6c833cf68fadaee760ae8b5653b71668ea9842d31da445bb0c4d99ba6256aaf,1,1791366428.7130811,1791366444.9411678,16.228086709976196,55,241970,confirmed,
2041,0x99f68EdAb56c74D3ce250BeA501B04FC9eEC8051,node11,a5ec4b443defeffea9d4fec61e3d9f274c4c0cdd637eba359740234570192ff1,1,1791366428.7169092,1791366444.9407272,16.223818063735962,56,241970,confirmed,
2042,0x139b9444f714ACd04592E9DE0deACbEFf9044dD4,node12,1a0906f27e8ab5030edf0a17aad31e73daccbd67873a150c40455b76235fd235,1,1791366428.7190635,1791366448.441416,19.722352504730225,57,241970,confirmed,
2043,0x8e3859ee8A379275e2C6191f01b58b08C2A9fac0,node13,74fc7b3f4641fce49cba2480ac391f5c02026d19387d6bd00d86b03e59757ba0,1,1791366428.722144,1791366448.4598696,19.737725734710693,58,241970,confirmed,
2044,0x5ea1B93Bc77Bc6B63Bd5Be53e2252Af00Ba449eB,node14,12f13679e88a090e54e242f7ffd9218b8b6bd28254eba88567ea91826be03c69,1,1791366428.7239816,1791366451.1680474,22.444065809249878,59,241970,confirmed,
2045,0xE4CaAbed924Ac6D44D2A95fa7dDbB63bb351509D,node00,5e1d8acee3ee05dd036be8d4626ab04a72374fcaab1d3e4a1d41e3e22148362d,1,1791366428.7266772,1791366453.5088007,24.782123565673828,60,241970,confirmed,
2046,0xAC3f805Be0ebdFF4122EB89E4eE40851F0906826,node01,d11f11b73eb3656e231afdf2727b4abbfb26bde1e7db568573c6e7f9e572652a,1,1791366428.7278912,1791366456.8936117,28.165720462799072,61,241970,confirmed,
2047,0x33Cc2523F68C25fA20CCdDBf637eA88Fb6Be7718,node02,31272722f281ca88a3eba6059a3dca75ad22d70d70a4016bb81c0630c6b576c8,1,1791366428.7353907,1791366458.321904,29.58651328086853,62,241970,confirmed,
