Setting logging level to INFO
2026-10-07 20:14:56.355+00:00 | main | INFO  | Besu | Starting Besu
2026-10-07 20:14:56.782+00:00 | main | WARN  | Besu | --graphql-http-host has been ignored because --graphql-http-enabled was not defined on the command line.
2026-10-07 20:14:56.894+00:00 | main | INFO  | Besu | Connecting to 0 static nodes.
2026-10-07 20:14:56.898+00:00 | main | INFO  | Besu | Forcing price bump for transaction replacement to 0, since min-gas-price is set to 0
2026-10-07 20:14:56.898+00:00 | main | WARN  | Besu | Forcing tx-pool-min-gas-price=0, since it cannot be greater than the value of min-gas-price
2026-10-07 20:14:57.293+00:00 | main | INFO  | Besu | 
####################################################################################################
#                                                                                                  #
# Besu version 24.7.0                                                                              #
#                                                                                                  #
# Configuration:                                                                                   #
# Network: Custom genesis file                                                                     #
# /config/genesis.json                                                                             #
# Network Id: 1337                                                                                 #
# Data storage: Bonsai                                                                             #
# Sync mode: Full                                                                                  #
# RPC HTTP APIs: ETH,QBFT,NET,ADMIN,WEB3                                                           #
# RPC HTTP port: 8545                                                                              #
# Using LAYERED transaction pool implementation                                                    #
# Using STACKED worldstate update mode                                                             #
# Limit trie logs enabled: retention: 512; prune window: 30000                                     #
#                                                                                                  #
# Host:                                                                                            #
# Java: openjdk-java-21                                                                            #
# Maximum heap size: 29.50 GB                                                                      #
# OS: linux-x86_64                                                                                 #
# glibc: 2.39                                                                                      #
# jemalloc: 5.3.0-0-g54eaed1d8b56b1aa528be3bdd1877e59c56fa90c                                      #
# Total memory: 1007.68 GB                                                                         #
# CPU cores: 256                                                                                   #
#                                                                                                  #
# Plugin Registration Summary:                                                                     #
# No plugins have been registered.                                                                 #
# TOTAL = 0 of 0 plugins successfully registered.                                                  #
#                                                                                                  #
####################################################################################################
2026-10-07 20:14:57.294+00:00 | main | INFO  | Besu | Security Module: localfile
2026-10-07 20:14:57.296+00:00 | main | INFO  | VersionMetadata | Lookup version metadata file in data directory: /data
2026-10-07 20:14:57.296+00:00 | main | INFO  | VersionMetadata | No version data detected. Writing Besu version 24.7.0 to metadata file
2026-10-07 20:14:57.406+00:00 | main | INFO  | Besu | Using the native implementation of alt bn128
2026-10-07 20:14:57.488+00:00 | main | INFO  | Besu | Using the native implementation of modexp
2026-10-07 20:14:57.488+00:00 | main | INFO  | Besu | Using the native implementation of the signature algorithm
2026-10-07 20:14:57.495+00:00 | main | INFO  | Besu | Using the native implementation of the blake2bf algorithm
2026-10-07 20:14:57.595+00:00 | main | INFO  | Besu | Forcing price bump for transaction replacement to 0, since min-gas-price is set to 0
2026-10-07 20:14:57.595+00:00 | main | WARN  | Besu | Forcing tx-pool-min-gas-price=0, since it cannot be greater than the value of min-gas-price
2026-10-07 20:14:57.597+00:00 | main | INFO  | KeyPairUtil | Attempting to load public key from /data/key.priv
2026-10-07 20:14:57.620+00:00 | main | INFO  | KeyPairUtil | Loaded public key 0x746cdba0ab59b4df5d342abeabef38a319b2938862e47720e30a9915cc53a7e277550020072ccc3f2589a49cbcb1322a3138fe4fd2e733a3873a344b1ec16cab from /data/key.priv
2026-10-07 20:14:57.788+00:00 | main | INFO  | ProtocolScheduleBuilder | Protocol schedule created with milestones: [Berlin:0]
2026-10-07 20:14:57.793+00:00 | main | INFO  | RocksDBKeyValueStorageFactory | No existing database at /data. Using default metadata for new db versionedStorageFormat=BaseVersionedStorageFormat{format=BONSAI, version=2}
2026-10-07 20:14:58.103+00:00 | main | INFO  | FlatDbStrategyProvider | Bonsai flat db mode found FULL
2026-10-07 20:14:58.107+00:00 | main | INFO  | FlatDbStrategyProvider | Bonsai db mode with code stored using code hash enabled = true
2026-10-07 20:14:58.117+00:00 | main | INFO  | FlatDbStrategyProvider | Bonsai flat db mode found FULL
2026-10-07 20:14:58.120+00:00 | main | INFO  | FlatDbStrategyProvider | Bonsai db mode with code stored using code hash enabled = true
2026-10-07 20:14:58.605+00:00 | main | INFO  | TransactionPoolFactory | Enabling transaction pool
2026-10-07 20:14:58.624+00:00 | main | INFO  | BesuControllerBuilder | TTD difficulty is not present, creating initial sync phase for PoW
2026-10-07 20:14:58.666+00:00 | main | INFO  | TrieLogPruner | Loading first 30000 trie logs from database...
2026-10-07 20:14:58.667+00:00 | main | INFO  | TrieLogPruner | Loaded 1 trie logs from database
2026-10-07 20:14:58.675+00:00 | main | INFO  | RunnerBuilder | Resolved 3 bootnodes.
2026-10-07 20:14:58.681+00:00 | main | INFO  | RunnerBuilder | Detecting NAT service.
2026-10-07 20:14:58.896+00:00 | main | INFO  | Runner | Starting external services ... 
2026-10-07 20:14:58.897+00:00 | main | INFO  | JsonRpcHttpService | Starting JSON-RPC service on 0.0.0.0:8545
2026-10-07 20:14:59.057+00:00 | vert.x-eventloop-thread-1 | INFO  | JsonRpcHttpService | JSON-RPC service started and listening on 0.0.0.0:8545
2026-10-07 20:14:59.060+00:00 | main | INFO  | WebSocketService | Starting Websocket service on 0.0.0.0:8546
2026-10-07 20:14:59.063+00:00 | vert.x-eventloop-thread-1 | INFO  | WebSocketService | Websocket service started and listening on 0.0.0.0:8546
2026-10-07 20:14:59.068+00:00 | main | INFO  | AutoTransactionLogBloomCachingService | Starting auto transaction log bloom caching service.
2026-10-07 20:14:59.069+00:00 | main | INFO  | LogBloomCacheMetadata | Lookup cache metadata file in data directory: /data/caches
2026-10-07 20:14:59.079+00:00 | main | INFO  | Runner | Starting Ethereum main loop ... 
2026-10-07 20:14:59.079+00:00 | main | INFO  | NatService | No NAT environment detected so no service could be started
2026-10-07 20:14:59.079+00:00 | main | INFO  | NetworkRunner | Starting Network.
2026-10-07 20:14:59.090+00:00 | nioEventLoopGroup-2-1 | INFO  | RlpxAgent | P2P RLPx agent started and listening on /[0:0:0:0:0:0:0:0]:30303.
2026-10-07 20:14:59.090+00:00 | main | INFO  | PeerDiscoveryAgent | Starting peer discovery agent on host=0.0.0.0, port=30303. IPv6 available.
2026-10-07 20:14:59.102+00:00 | vert.x-eventloop-thread-1 | INFO  | VertxPeerDiscoveryAgent | Started peer discovery agent successfully, on effective host=0:0:0:0:0:0:0:0%0 and port=30303
2026-10-07 20:14:59.103+00:00 | vert.x-eventloop-thread-1 | INFO  | PeerDiscoveryAgent | P2P peer discovery agent started and listening on /[0:0:0:0:0:0:0:0%0]:30303
2026-10-07 20:14:59.140+00:00 | vert.x-eventloop-thread-1 | INFO  | PeerDiscoveryAgent | Writing node record to disk. NodeRecord{seq=1, publicKey=0x03746cdba0ab59b4df5d342abeabef38a319b2938862e47720e30a9915cc53a7e2, udpAddress=Optional[/0.0.0.0:30303], tcpAddress=Optional[/0.0.0.0:30303], asBase64=-Je4QBjDrOwvB69kBZkodsRKwcDgK5llT9QQG1KyDCPXDrHpEVME1PDq5TwlkHYjmAdMs2bhzdJI2TZGtbF6m-42AwIBg2V0aMfGhKWUBbCAgmlkgnY0gmlwhAAAAACJc2VjcDI1NmsxoQN0bNugq1m03100Kr6r7zijGbKTiGLkdyDjCpkVzFOn4oN0Y3CCdl-DdWRwgnZf, nodeId=0x510e0b064311c8a90587627c528c50e886e1bf253604dc209f5f5e6167e3103a, customFields={tcp=30303, udp=30303, ip=0x00000000, eth=[[0xa59405b0, 0x]], id=V4, secp256k1=0x03746cdba0ab59b4df5d342abeabef38a319b2938862e47720e30a9915cc53a7e2}}
2026-10-07 20:14:59.177+00:00 | main | INFO  | DefaultP2PNetwork | Enode URL enode://746cdba0ab59b4df5d342abeabef38a319b2938862e47720e30a9915cc53a7e277550020072ccc3f2589a49cbcb1322a3138fe4fd2e733a3873a344b1ec16cab@0.0.0.0:30303
2026-10-07 20:14:59.177+00:00 | main | INFO  | DefaultP2PNetwork | Node address 0x528c50e886e1bf253604dc209f5f5e6167e3103a
2026-10-07 20:14:59.210+00:00 | main | INFO  | NetworkRunner | Supported capabilities: [eth/62, eth/63, eth/64, eth/65, eth/66, eth/67, eth/68], [istanbul/100], [snap/1]
2026-10-07 20:14:59.210+00:00 | main | INFO  | DefaultSynchronizer | Starting synchronizer.
2026-10-07 20:14:59.211+00:00 | main | INFO  | TransactionPoolFactory | Enabling transaction handling following initial sync
2026-10-07 20:14:59.212+00:00 | main | INFO  | QbftBesuControllerBuilder | Starting QBFT mining coordinator following initial sync
2026-10-07 20:14:59.225+00:00 | main | INFO  | FullSyncDownloader | Starting full sync.
2026-10-07 20:14:59.230+00:00 | main | INFO  | FullSyncTargetManager | Unable to find sync target. Currently checking 0 peers for usefulness
2026-10-07 20:14:59.240+00:00 | main | INFO  | Runner | Ethereum main loop is up.
2026-10-07 20:14:59.467+00:00 | nioEventLoopGroup-3-7 | INFO  | FullSyncTargetManager | Unable to find sync target. Currently checking 6 peers for usefulness
2026-10-07 20:15:03.343+00:00 | nioEventLoopGroup-3-4 | INFO  | FullSyncTargetManager | Unable to find sync target. Currently checking 7 peers for usefulness
2026-10-07 20:15:03.546+00:00 | nioEventLoopGroup-3-6 | INFO  | FullSyncTargetManager | Unable to find sync target. Currently checking 8 peers for usefulness
2026-10-07 20:15:05.827+00:00 | nioEventLoopGroup-3-7 | INFO  | FullSyncTargetManager | Unable to find sync target. Currently checking 9 peers for usefulness
2026-10-07 20:15:09.930+00:00 | nioEventLoopGroup-3-10 | INFO  | FullSyncTargetManager | Unable to find sync target. Currently checking 10 peers for usefulness
2026-10-07 20:15:10.288+00:00 | nioEventLoopGroup-3-1 | INFO  | FullSyncTargetManager | Unable to find sync target. Currently checking 11 peers for usefulness
2026-10-07 20:15:14.469+00:00 | nioEventLoopGroup-3-3 | INFO  | FullSyncTargetManager | Unable to find sync target. Currently checking 12 peers for usefulness
2026-10-07 20:15:15.751+00:00 | BftProcessorExecutor-QBFT-0 | INFO  | QbftRound | Importing proposed block to chain. round=ConsensusRoundIdentifier{Sequence=1, Round=1}, hash=0xa50fbd312e8e9509fb1111cd08608403ec8b3d2d91e2a4e9dbaeaf5aa3614e25
2026-10-07 20:15:15.775+00:00 | BftProcessorExecutor-QBFT-0 | INFO  | QbftBesuControllerBuilder | Imported #1 / 0 tx / 0 pending / 0 (0.0%) gas / (0xa50fbd312e8e9509fb1111cd08608403ec8b3d2d91e2a4e9dbaeaf5aa3614e25)
2026-10-07 20:15:16.713+00:00 | nioEventLoopGroup-3-6 | INFO  | FullSyncTargetManager | Unable to find sync target. Currently checking 13 peers for usefulness
2026-10-07 20:15:17.166+00:00 | BftProcessorExecutor-QBFT-0 | INFO  | QbftBesuControllerBuilder | Imported #2 / 0 tx / 0 pending / 0 (0.0%) gas / (0x59c1ed2ac385728e2beb9c796f8ad37a34c2e0addf51ca546075c008ffd7703b)
2026-10-07 20:15:17.166+00:00 | EthScheduler-Workers-0 | INFO  | PersistBlockTask | Block 2 (0x59c1ed2ac385728e2beb9c796f8ad37a34c2e0addf51ca546075c008ffd7703b) is already imported
2026-10-07 20:15:19.196+00:00 | BftProcessorExecutor-QBFT-0 | INFO  | QbftBesuControllerBuilder | Imported #3 / 0 tx / 0 pending / 0 (0.0%) gas / (0x03021017d691fea4ae4fbcc4685d7099164c7247a22c8dd3aca17ff2f8f81e33)
2026-10-07 20:15:21.176+00:00 | EthScheduler-Workers-0 | INFO  | PersistBlockTask | Block 4 (0x195959174d3dc69bd9e3e95b41b393583b929ccf373d59808fa6743b68eedfa2) is already imported
2026-10-07 20:15:21.176+00:00 | BftProcessorExecutor-QBFT-0 | INFO  | QbftBesuControllerBuilder | Imported #4 / 0 tx / 0 pending / 0 (0.0%) gas / (0x195959174d3dc69bd9e3e95b41b393583b929ccf373d59808fa6743b68eedfa2)
2026-10-07 20:15:23.131+00:00 | EthScheduler-Workers-0 | INFO  | PersistBlockTask | Imported #5 / 0 tx / 0 om / 0 (0.0%) gas / (0x3826fd0321eb0e10ee5c4090d84464c93b829f904d9bf7cdda65286811f06deb) in 0.005s. Peers: 14
2026-10-07 20:15:23.132+00:00 | BftProcessorExecutor-QBFT-0 | INFO  | QbftBesuControllerBuilder | Imported #5 / 0 tx / 1 pending / 0 (0.0%) gas / (0x3826fd0321eb0e10ee5c4090d84464c93b829f904d9bf7cdda65286811f06deb)
2026-10-07 20:15:25.090+00:00 | BftProcessorExecutor-QBFT-0 | INFO  | QbftBesuControllerBuilder | Produced #6 / 0 tx / 1 pending / 0 (0.0%) gas / (0xc4208506126cd0329a58fd4c56d52ebdd753d1c8e74425a754b4f1f07e605431)
2026-10-07 20:15:27.126+00:00 | EthScheduler-Workers-0 | INFO  | PersistBlockTask | Block 7 (0x5aaa46fd069389c8de2d14e0f9c80b56042dc697f4f7d9ae84149f9c2b5be019) is already imported
2026-10-07 20:15:27.127+00:00 | BftProcessorExecutor-QBFT-0 | INFO  | QbftBesuControllerBuilder | Imported #7 / 0 tx / 1 pending / 0 (0.0%) gas / (0x5aaa46fd069389c8de2d14e0f9c80b56042dc697f4f7d9ae84149f9c2b5be019)
2026-10-07 20:15:29.176+00:00 | BftProcessorExecutor-QBFT-0 | INFO  | QbftBesuControllerBuilder | Imported #8 / 0 tx / 1 pending / 0 (0.0%) gas / (0xe80a29a42eef56110f8cb45663cf105d886cd3cc1766a32852b181ce370108c5)
2026-10-07 20:15:31.175+00:00 | EthScheduler-Workers-0 | INFO  | PersistBlockTask | Block 9 (0xd50ba845bf3b89c7638ce6a0ac6bcb7631ce78c07c70558cfce16ae21e7c153c) is already imported
2026-10-07 20:15:31.175+00:00 | BftProcessorExecutor-QBFT-0 | INFO  | QbftBesuControllerBuilder | Imported #9 / 0 tx / 1 pending / 0 (0.0%) gas / (0xd50ba845bf3b89c7638ce6a0ac6bcb7631ce78c07c70558cfce16ae21e7c153c)
2026-10-07 20:15:33.112+00:00 | BftProcessorExecutor-QBFT-0 | INFO  | QbftBesuControllerBuilder | Imported #10 / 0 tx / 1 pending / 0 (0.0%) gas / (0x37544308c80520b94f378431a79dc27e7106d5043d4cf52fac642e5e6391e6ba)
2026-10-07 20:15:35.170+00:00 | BftProcessorExecutor-QBFT-0 | INFO  | QbftBesuControllerBuilder | Imported #11 / 0 tx / 1 pending / 0 (0.0%) gas / (0x5906a37be83106854a16d783c1658dced73426b0f38cb39279e2670b49103400)
2026-10-07 20:15:37.167+00:00 | BftProcessorExecutor-QBFT-0 | INFO  | QbftBesuControllerBuilder | Imported #12 / 0 tx / 1 pending / 0 (0.0%) gas / (0x82b4754d75932a2fcdc93c6e378696851137818ca697096477927590f76b1548)
2026-10-07 20:15:39.184+00:00 | BftProcessorExecutor-QBFT-0 | INFO  | QbftBesuControllerBuilder | Imported #13 / 0 tx / 1 pending / 0 (0.0%) gas / (0x3eafd21901527245b655bde5a0668aafff26f9e1dcce46441a4214e27adeba39)
2026-10-07 20:15:41.185+00:00 | EthScheduler-Workers-0 | INFO  | PersistBlockTask | Block 14 (0x543a8f9027a0d688c7b928f92a6d012c53046bfc0cbc2f3856bfc28fe04706e9) is already imported
2026-10-07 20:15:41.188+00:00 | BftProcessorExecutor-QBFT-0 | INFO  | QbftBesuControllerBuilder | Imported #14 / 0 tx / 1 pending / 0 (0.0%) gas / (0x543a8f9027a0d688c7b928f92a6d012c53046bfc0cbc2f3856bfc28fe04706e9)
2026-10-07 20:15:43.204+00:00 | BftProcessorExecutor-QBFT-0 | INFO  | QbftBesuControllerBuilder | Imported #15 / 1 tx / 0 pending / 465,218 (0.0%) gas / (0xf985efe5f6a642c41a682a7bd0b920b7342ebc497e1fd7e6418f2d833649e2cb)
2026-10-07 20:15:45.096+00:00 | BftProcessorExecutor-QBFT-0 | INFO  | QbftBesuControllerBuilder | Imported #16 / 0 tx / 1 pending / 0 (0.0%) gas / (0xaff201f6a64e4b41e809d93ac6b4f42e0c0f3d251288423bb779f3f299b8bbf3)
2026-10-07 20:15:47.077+00:00 | BftProcessorExecutor-QBFT-0 | INFO  | QbftBesuControllerBuilder | Imported #17 / 0 tx / 1 pending / 0 (0.0%) gas / (0x431d20f4389429fb1784acb1d6da15100d15445ffacc1fbea301f73d4bad7a41)
2026-10-07 20:15:49.079+00:00 | BftProcessorExecutor-QBFT-0 | INFO  | QbftBesuControllerBuilder | Imported #18 / 0 tx / 1 pending / 0 (0.0%) gas / (0xccdee7118d5aeea8e4b9b58799de5faa0ca484bbcf107a14cea89ef587def2fa)
2026-10-07 20:15:51.071+00:00 | BftProcessorExecutor-QBFT-0 | INFO  | QbftBesuControllerBuilder | Imported #19 / 0 tx / 1 pending / 0 (0.0%) gas / (0xa279ff60f1ef0b1b16e48808756a3ca9b452f0f98ff1b9b82b2a9678449bdab7)
2026-10-07 20:15:53.085+00:00 | BftProcessorExecutor-QBFT-0 | INFO  | QbftBesuControllerBuilder | Imported #20 / 0 tx / 1 pending / 0 (0.0%) gas / (0x37be075c4b0bd683e535fed790c991e4f36e326d607f094f34840642377db3b5)
2026-10-07 20:15:55.067+00:00 | BftProcessorExecutor-QBFT-0 | INFO  | QbftBesuControllerBuilder | Produced #21 / 0 tx / 1 pending / 0 (0.0%) gas / (0x32543eba7fefadde8cae4c2d6236ebc00c57ed55341c25f5056cbb75f5f7ea9c)
2026-10-07 20:15:57.065+00:00 | BftProcessorExecutor-QBFT-0 | INFO  | QbftBesuControllerBuilder | Imported #22 / 0 tx / 1 pending / 0 (0.0%) gas / (0xed9bce3b857f4248ef3cb8b0ef54319d215ae22869517cba81ce892eed8bacae)
2026-10-07 20:15:59.092+00:00 | BftProcessorExecutor-QBFT-0 | INFO  | QbftBesuControllerBuilder | Imported #23 / 0 tx / 1 pending / 0 (0.0%) gas / (0x37844be93145b39c3aaf4f7562b6ca87393d01487276a3573347b44f4fcf1fa4)
2026-10-07 20:16:01.087+00:00 | EthScheduler-Workers-0 | INFO  | PersistBlockTask | Imported #24 / 0 tx / 0 om / 0 (0.0%) gas / (0xad3e532e04e0d300179e8924cb8c3eec9df389ee30d6b1c3babf90c6b1be3e22) in 0.007s. Peers: 14
2026-10-07 20:16:03.087+00:00 | BftProcessorExecutor-QBFT-0 | INFO  | QbftBesuControllerBuilder | Imported #25 / 0 tx / 1 pending / 0 (0.0%) gas / (0x8342aa885e95f97bf36ed5cca2ea003a62a1c953cc7e33d848d8e9a59939c8c8)
2026-10-07 20:16:03.087+00:00 | EthScheduler-Workers-0 | INFO  | PersistBlockTask | Block 25 (0x8342aa885e95f97bf36ed5cca2ea003a62a1c953cc7e33d848d8e9a59939c8c8) is already imported
2026-10-07 20:16:05.087+00:00 | BftProcessorExecutor-QBFT-0 | INFO  | QbftBesuControllerBuilder | Imported #26 / 0 tx / 1 pending / 0 (0.0%) gas / (0xab7c2ad8299cefe04a52a3f78099db4bf61d7a826e54aee1c158502971f973cd)
2026-10-07 20:16:07.084+00:00 | EthScheduler-Workers-0 | INFO  | PersistBlockTask | Imported #27 / 0 tx / 0 om / 0 (0.0%) gas / (0x7eb6f6c9cbc2290ef7b1248912ef640ea6fd3758549ee8b9544e8a456b04b90f) in 0.002s. Peers: 14
2026-10-07 20:16:07.084+00:00 | BftProcessorExecutor-QBFT-0 | INFO  | QbftBesuControllerBuilder | Imported #27 / 0 tx / 1 pending / 0 (0.0%) gas / (0x7eb6f6c9cbc2290ef7b1248912ef640ea6fd3758549ee8b9544e8a456b04b90f)
2026-10-07 20:16:09.089+00:00 | BftProcessorExecutor-QBFT-0 | INFO  | QbftBesuControllerBuilder | Imported #28 / 0 tx / 1 pending / 0 (0.0%) gas / (0xc7669aa11d9c6ba1206b2889c00b081d0057a7659cc808ac5244d7b051869a88)
2026-10-07 20:16:11.093+00:00 | EthScheduler-Workers-0 | INFO  | PersistBlockTask | Imported #29 / 0 tx / 0 om / 0 (0.0%) gas / (0x264a705b400045017af8262c9b1c707c6d45eb8a2e002e99d53a6ff714a59d7d) in 0.002s. Peers: 14
2026-10-07 20:16:11.093+00:00 | BftProcessorExecutor-QBFT-0 | INFO  | QbftBesuControllerBuilder | Imported #29 / 0 tx / 1 pending / 0 (0.0%) gas / (0x264a705b400045017af8262c9b1c707c6d45eb8a2e002e99d53a6ff714a59d7d)
2026-10-07 20:16:13.182+00:00 | EthScheduler-Workers-0 | INFO  | PersistBlockTask | Block 30 (0x51e463d58dc891daeb270442fad0a9e7d9032a7eb9cd75c6fd4a1ca2f3cd7097) is already imported
2026-10-07 20:16:13.182+00:00 | BftProcessorExecutor-QBFT-0 | INFO  | QbftBesuControllerBuilder | Imported #30 / 1 tx / 0 pending / 1,832,981 (0.0%) gas / (0x51e463d58dc891daeb270442fad0a9e7d9032a7eb9cd75c6fd4a1ca2f3cd7097)
2026-10-07 20:16:15.081+00:00 | BftProcessorExecutor-QBFT-0 | INFO  | QbftBesuControllerBuilder | Imported #31 / 0 tx / 0 pending / 0 (0.0%) gas / (0xef113afa082e142659868710c59dac3e6acbbbef5e3e78777e42d1004475c41c)
2026-10-07 20:16:17.072+00:00 | BftProcessorExecutor-QBFT-0 | INFO  | QbftBesuControllerBuilder | Imported #32 / 0 tx / 0 pending / 0 (0.0%) gas / (0x0cb8c998be94c39e02eeb7c2743ee617c0be060c01fac47b61e422052a2aed8b)
2026-10-07 20:16:19.084+00:00 | BftProcessorExecutor-QBFT-0 | INFO  | QbftBesuControllerBuilder | Imported #33 / 0 tx / 0 pending / 0 (0.0%) gas / (0x57796119bd78c639c0ba4fe74277c6ff7a291a82b3f3c7bb876482a80b759ca1)
2026-10-07 20:16:21.094+00:00 | BftProcessorExecutor-QBFT-0 | INFO  | QbftBesuControllerBuilder | Imported #34 / 0 tx / 0 pending / 0 (0.0%) gas / (0x778136cff9cb170abe5301520e10cc7cec878c4873e41cd98d8eb48a79d7af26)
2026-10-07 20:16:23.092+00:00 | BftProcessorExecutor-QBFT-0 | INFO  | QbftBesuControllerBuilder | Imported #35 / 0 tx / 0 pending / 0 (0.0%) gas / (0x43b0634f8c470418401697d47377ac28ef4e0ef6019f110978cf5107d374fa99)
2026-10-07 20:16:25.093+00:00 | EthScheduler-Workers-0 | INFO  | PersistBlockTask | Block 36 (0xcf4739c5cddbf1a55f5b9a439fd583590181399cdddc2272c0f4060b02576cc7) is already imported
2026-10-07 20:16:25.093+00:00 | BftProcessorExecutor-QBFT-0 | INFO  | QbftBesuControllerBuilder | Produced #36 / 0 tx / 0 pending / 0 (0.0%) gas / (0xcf4739c5cddbf1a55f5b9a439fd583590181399cdddc2272c0f4060b02576cc7)
2026-10-07 20:16:27.081+00:00 | EthScheduler-Workers-0 | INFO  | PersistBlockTask | Imported #37 / 0 tx / 0 om / 0 (0.0%) gas / (0xdfcb6a6bda4bec8519785978d7a83b5a1c41222b77c497fd72b0ca1be8e86bb8) in 0.002s. Peers: 14
2026-10-07 20:16:27.082+00:00 | BftProcessorExecutor-QBFT-0 | INFO  | QbftBesuControllerBuilder | Imported #37 / 0 tx / 0 pending / 0 (0.0%) gas / (0xdfcb6a6bda4bec8519785978d7a83b5a1c41222b77c497fd72b0ca1be8e86bb8)
2026-10-07 20:16:29.105+00:00 | BftProcessorExecutor-QBFT-0 | INFO  | QbftBesuControllerBuilder | Imported #38 / 0 tx / 0 pending / 0 (0.0%) gas / (0x82139b50a94d7334b852b28582dceabccee36af277bbfd1bcd296eed0f47cb4d)
2026-10-07 20:16:29.105+00:00 | EthScheduler-Workers-0 | INFO  | PersistBlockTask | Block 38 (0x82139b50a94d7334b852b28582dceabccee36af277bbfd1bcd296eed0f47cb4d) is already imported
2026-10-07 20:16:31.081+00:00 | BftProcessorExecutor-QBFT-0 | INFO  | QbftBesuControllerBuilder | Imported #39 / 0 tx / 0 pending / 0 (0.0%) gas / (0x0ce14896ff04a4479baa81d70a2beb9c54882eff4dbe3f3f950e72d42732f03a)
2026-10-07 20:16:33.081+00:00 | BftProcessorExecutor-QBFT-0 | INFO  | QbftBesuControllerBuilder | Imported #40 / 0 tx / 0 pending / 0 (0.0%) gas / (0xd136c6944b6fac3b611a27985d0589ea81621fe1b535c1fef2fad01985c506dc)
2026-10-07 20:16:35.084+00:00 | BftProcessorExecutor-QBFT-0 | INFO  | QbftBesuControllerBuilder | Imported #41 / 0 tx / 0 pending / 0 (0.0%) gas / (0xef3daaf4e89d7a999acfa39e7ee1a5332955c3a095678951d34719129c6dbc2e)
2026-10-07 20:16:37.081+00:00 | BftProcessorExecutor-QBFT-0 | INFO  | QbftBesuControllerBuilder | Imported #42 / 0 tx / 0 pending / 0 (0.0%) gas / (0x75cda0f68e39cf868148060048e466c0eddefb0861a6cbdbb9b74e00e3d22158)
2026-10-07 20:16:37.084+00:00 | EthScheduler-Workers-0 | INFO  | PersistBlockTask | Block 42 (0x75cda0f68e39cf868148060048e466c0eddefb0861a6cbdbb9b74e00e3d22158) is already imported
2026-10-07 20:16:39.082+00:00 | EthScheduler-Workers-0 | INFO  | PersistBlockTask | Block 43 (0xbe312adccf7716416b070db7bf26ab9b00ec9181424fb0c5c53fe09de9ed39d7) is already imported
2026-10-07 20:16:39.083+00:00 | BftProcessorExecutor-QBFT-0 | INFO  | QbftBesuControllerBuilder | Imported #43 / 0 tx / 0 pending / 0 (0.0%) gas / (0xbe312adccf7716416b070db7bf26ab9b00ec9181424fb0c5c53fe09de9ed39d7)
2026-10-07 20:16:41.084+00:00 | EthScheduler-Workers-0 | INFO  | PersistBlockTask | Block 44 (0x4614aa3e12a901b8f736534bd91d501681dfd6a8cf474179b7c1b9a740adbbcd) is already imported
2026-10-07 20:16:41.084+00:00 | BftProcessorExecutor-QBFT-0 | INFO  | QbftBesuControllerBuilder | Imported #44 / 0 tx / 0 pending / 0 (0.0%) gas / (0x4614aa3e12a901b8f736534bd91d501681dfd6a8cf474179b7c1b9a740adbbcd)
2026-10-07 20:16:43.087+00:00 | BftProcessorExecutor-QBFT-0 | INFO  | QbftBesuControllerBuilder | Imported #45 / 0 tx / 0 pending / 0 (0.0%) gas / (0x79a7b950f170fa23dc93b794593b6a28429f15db268095e8583988b8aec91521)
2026-10-07 20:16:43.087+00:00 | EthScheduler-Workers-0 | INFO  | PersistBlockTask | Block 45 (0x79a7b950f170fa23dc93b794593b6a28429f15db268095e8583988b8aec91521) is already imported
2026-10-07 20:16:45.074+00:00 | BftProcessorExecutor-QBFT-0 | INFO  | QbftBesuControllerBuilder | Imported #46 / 0 tx / 0 pending / 0 (0.0%) gas / (0x50a30ecb5b6d185ca69db3af2bc392566476f965940176c24745be4b2c68163e)
2026-10-07 20:16:47.080+00:00 | EthScheduler-Workers-0 | INFO  | PersistBlockTask | Block 47 (0x50a8cbf653bfe83b86b91708d669b969f9e491dadf7a7e02fe6fad3af3652837) is already imported
2026-10-07 20:16:47.081+00:00 | BftProcessorExecutor-QBFT-0 | INFO  | QbftBesuControllerBuilder | Imported #47 / 0 tx / 0 pending / 0 (0.0%) gas / (0x50a8cbf653bfe83b86b91708d669b969f9e491dadf7a7e02fe6fad3af3652837)
2026-10-07 20:16:49.081+00:00 | BftProcessorExecutor-QBFT-0 | INFO  | QbftBesuControllerBuilder | Imported #48 / 0 tx / 0 pending / 0 (0.0%) gas / (0x81d1acaf57c4aa858683fb169fd54b3bde6885f7f88089f627326ab615324e3c)
2026-10-07 20:16:51.072+00:00 | BftProcessorExecutor-QBFT-0 | INFO  | QbftBesuControllerBuilder | Imported #49 / 0 tx / 0 pending / 0 (0.0%) gas / (0x6d0c96d39640f9b080ebebfb53e50a267a82d2c49890ad46cab982a7a9e7b048)
2026-10-07 20:16:53.063+00:00 | BftProcessorExecutor-QBFT-0 | INFO  | QbftBesuControllerBuilder | Imported #50 / 0 tx / 0 pending / 0 (0.0%) gas / (0x8c53ece8594a1d9c337bba8ba4d9c844529c61d6a9ed30be788495113f5f1b83)
2026-10-07 20:16:55.069+00:00 | BftProcessorExecutor-QBFT-0 | INFO  | QbftBesuControllerBuilder | Produced #51 / 0 tx / 0 pending / 0 (0.0%) gas / (0x645ee41bb4aafa8813744f171195cbaa31379139757d0bd58cc6ffd1027be3cc)
2026-10-07 20:16:57.084+00:00 | EthScheduler-Workers-0 | INFO  | PersistBlockTask | Block 52 (0xd9a2259b8c8933dfcc0af77b5942f427d0411599f90b1aa4d27135c4dc6401c5) is already imported
2026-10-07 20:16:57.086+00:00 | BftProcessorExecutor-QBFT-0 | INFO  | QbftBesuControllerBuilder | Imported #52 / 0 tx / 0 pending / 0 (0.0%) gas / (0xd9a2259b8c8933dfcc0af77b5942f427d0411599f90b1aa4d27135c4dc6401c5)
2026-10-07 20:16:59.077+00:00 | BftProcessorExecutor-QBFT-0 | INFO  | QbftBesuControllerBuilder | Imported #53 / 0 tx / 0 pending / 0 (0.0%) gas / (0x045843de39c5b8392da6e9913fc3804ed1e9438122dce40417b100fd6ae4f9bf)
2026-10-07 20:17:01.084+00:00 | EthScheduler-Workers-0 | INFO  | PersistBlockTask | Block 54 (0x5db060fbab9db8056bf802429365ccc69ef0e7a5b40688ce1ec7d91bd864d134) is already imported
2026-10-07 20:17:01.084+00:00 | BftProcessorExecutor-QBFT-0 | INFO  | QbftBesuControllerBuilder | Imported #54 / 0 tx / 0 pending / 0 (0.0%) gas / (0x5db060fbab9db8056bf802429365ccc69ef0e7a5b40688ce1ec7d91bd864d134)
2026-10-07 20:17:03.080+00:00 | BftProcessorExecutor-QBFT-0 | INFO  | QbftBesuControllerBuilder | Imported #55 / 0 tx / 0 pending / 0 (0.0%) gas / (0x1440dd96a420e6ecfa6d0cf354c8c6759613cbe674550837a98d73bdf730d922)
2026-10-07 20:17:05.083+00:00 | BftProcessorExecutor-QBFT-0 | INFO  | QbftBesuControllerBuilder | Imported #56 / 0 tx / 0 pending / 0 (0.0%) gas / (0x510f2f5241e7cf62acea25c0a12d94f0d5df2ce1e9d68f16be36167ea4e3b768)
2026-10-07 20:17:07.077+00:00 | BftProcessorExecutor-QBFT-0 | INFO  | QbftBesuControllerBuilder | Imported #57 / 0 tx / 0 pending / 0 (0.0%) gas / (0x490a5a3f9ffb819301bb7439d87f0d9af6ed91849c6e0d2f603e8dd000ae2ae3)
2026-10-07 20:17:09.065+00:00 | BftProcessorExecutor-QBFT-0 | INFO  | QbftBesuControllerBuilder | Imported #58 / 0 tx / 0 pending / 0 (0.0%) gas / (0x89b4e9be17507c4ea8f26b925c98df5b17cd4783cd03ec44a7590609cea4265b)
2026-10-07 20:17:11.081+00:00 | EthScheduler-Workers-0 | INFO  | PersistBlockTask | Block 59 (0xd92e77d8cb19f674fbbdca3e00476f459e6e1de75e99f7bc0758330884a0133f) is already imported
2026-10-07 20:17:11.082+00:00 | BftProcessorExecutor-QBFT-0 | INFO  | QbftBesuControllerBuilder | Imported #59 / 0 tx / 0 pending / 0 (0.0%) gas / (0xd92e77d8cb19f674fbbdca3e00476f459e6e1de75e99f7bc0758330884a0133f)
2026-10-07 20:17:13.097+00:00 | EthScheduler-Workers-0 | INFO  | PersistBlockTask | Block 60 (0xf77268a726d65575c3385670c9e8ed9c08497510596359164c0da1a6e0289ef1) is already imported
2026-10-07 20:17:13.097+00:00 | BftProcessorExecutor-QBFT-0 | INFO  | QbftBesuControllerBuilder | Imported #60 / 0 tx / 0 pending / 0 (0.0%) gas / (0xf77268a726d65575c3385670c9e8ed9c08497510596359164c0da1a6e0289ef1)
2026-10-07 20:17:15.092+00:00 | EthScheduler-Workers-0 | INFO  | PersistBlockTask | Block 61 (0x622d7c9136e6f2a66b2a776bdf9fbe46045855039bff252977a6ca86883f22d5) is already imported
2026-10-07 20:17:15.092+00:00 | BftProcessorExecutor-QBFT-0 | INFO  | QbftBesuControllerBuilder | Imported #61 / 0 tx / 0 pending / 0 (0.0%) gas / (0x622d7c9136e6f2a66b2a776bdf9fbe46045855039bff252977a6ca86883f22d5)
2026-10-07 20:17:17.079+00:00 | BftProcessorExecutor-QBFT-0 | INFO  | QbftBesuControllerBuilder | Imported #62 / 0 tx / 0 pending / 0 (0.0%) gas / (0x2a69216cbd397f6be8c90a215d2ac0825ee6a1880097828b5aaab9f985b91b2f)
2026-10-07 20:17:19.067+00:00 | BftProcessorExecutor-QBFT-0 | INFO  | QbftBesuControllerBuilder | Imported #63 / 0 tx / 0 pending / 0 (0.0%) gas / (0x46724eaad64819692e1702a01f33ddb28d542eda961e9ee5fd27e3416c13b951)
2026-10-07 20:17:21.080+00:00 | BftProcessorExecutor-QBFT-0 | INFO  | QbftBesuControllerBuilder | Imported #64 / 0 tx / 0 pending / 0 (0.0%) gas / (0x5075dcf0d783a2e0f083ba90c2a04eff57a040aa5c0e92ba08544eb21fd473ea)
2026-10-07 20:17:23.082+00:00 | EthScheduler-Workers-0 | INFO  | PersistBlockTask | Block 65 (0x8a34127ca6d8b233b84ab4180dd89c4fba65f69af28c7e30956dcc3844f73946) is already imported
2026-10-07 20:17:23.082+00:00 | BftProcessorExecutor-QBFT-0 | INFO  | QbftBesuControllerBuilder | Imported #65 / 0 tx / 0 pending / 0 (0.0%) gas / (0x8a34127ca6d8b233b84ab4180dd89c4fba65f69af28c7e30956dcc3844f73946)
2026-10-07 20:17:25.084+00:00 | EthScheduler-Workers-0 | INFO  | PersistBlockTask | Block 66 (0x9200e0f1f99427e6f59ff2bff625dc82441f0c2ba2b91551d4658626b9f14ed3) is already imported
2026-10-07 20:17:25.085+00:00 | BftProcessorExecutor-QBFT-0 | INFO  | QbftBesuControllerBuilder | Produced #66 / 0 tx / 0 pending / 0 (0.0%) gas / (0x9200e0f1f99427e6f59ff2bff625dc82441f0c2ba2b91551d4658626b9f14ed3)
2026-10-07 20:17:27.079+00:00 | BftProcessorExecutor-QBFT-0 | INFO  | QbftBesuControllerBuilder | Imported #67 / 0 tx / 0 pending / 0 (0.0%) gas / (0x6f458f51d17a4c17789da6a728534a079d2136c7f85ae80a3e7410d07c33c988)
2026-10-07 20:17:29.080+00:00 | BftProcessorExecutor-QBFT-0 | INFO  | QbftBesuControllerBuilder | Imported #68 / 0 tx / 0 pending / 0 (0.0%) gas / (0xab269bf3bdb181e9002e89b000faff8944581d91ce9e3405c218e75bdc879202)
2026-10-07 20:17:29.083+00:00 | EthScheduler-Workers-0 | INFO  | PersistBlockTask | Block 68 (0xab269bf3bdb181e9002e89b000faff8944581d91ce9e3405c218e75bdc879202) is already imported
2026-10-07 20:17:31.093+00:00 | EthScheduler-Workers-0 | INFO  | PersistBlockTask | Block 69 (0x5fef8f7ed31fc1998834b283fbc05da6cf80289191b35f1451d9526aeca11366) is already imported
2026-10-07 20:17:31.093+00:00 | BftProcessorExecutor-QBFT-0 | INFO  | QbftBesuControllerBuilder | Imported #69 / 0 tx / 0 pending / 0 (0.0%) gas / (0x5fef8f7ed31fc1998834b283fbc05da6cf80289191b35f1451d9526aeca11366)
2026-10-07 20:17:33.077+00:00 | EthScheduler-Workers-0 | INFO  | PersistBlockTask | Block 70 (0x7288d0209bf4c542eee91f16b1ec5ee881b4696c3e6ff90a661ffcab246aaa34) is already imported
2026-10-07 20:17:33.078+00:00 | BftProcessorExecutor-QBFT-0 | INFO  | QbftBesuControllerBuilder | Imported #70 / 0 tx / 0 pending / 0 (0.0%) gas / (0x7288d0209bf4c542eee91f16b1ec5ee881b4696c3e6ff90a661ffcab246aaa34)
2026-10-07 20:17:35.557+00:00 | EthScheduler-Workers-0 | INFO  | PersistBlockTask | Block 71 (0xb2656c74b7ac3a194d3b925780cf351b125eb90e1c4f1aab07a6843d279c435e) is already imported
2026-10-07 20:17:35.558+00:00 | BftProcessorExecutor-QBFT-0 | INFO  | QbftBesuControllerBuilder | Imported #71 / 12 tx / 382 pending / 2,903,640 (0.0%) gas / (0xb2656c74b7ac3a194d3b925780cf351b125eb90e1c4f1aab07a6843d279c435e)
2026-10-07 20:17:38.543+00:00 | EthScheduler-Workers-0 | INFO  | PersistBlockTask | Block 72 (0x1baf2b5768bf6703d03a80cac974803bdc4d11cd430337f87bc2fee2ab245b9a) is already imported
2026-10-07 20:17:38.548+00:00 | BftProcessorExecutor-QBFT-0 | INFO  | QbftBesuControllerBuilder | Imported #72 / 63 tx / 1311 pending / 15,244,110 (0.0%) gas / (0x1baf2b5768bf6703d03a80cac974803bdc4d11cd430337f87bc2fee2ab245b9a)
2026-10-07 20:17:40.835+00:00 | BftProcessorExecutor-QBFT-0 | INFO  | QbftBesuControllerBuilder | Imported #73 / 104 tx / 2022 pending / 25,164,880 (0.0%) gas / (0x444812796f1d2c878a25dc23e38dad0d089fedf1b5af6bde56664332efb91b3c)
2026-10-07 20:17:43.449+00:00 | EthScheduler-Workers-0 | INFO  | PersistBlockTask | Block 74 (0x06eca25a1ecdaebfb40db781d4deca050decf04f3bd2fc6227e36a23328bbd32) is already imported
2026-10-07 20:17:43.453+00:00 | BftProcessorExecutor-QBFT-0 | INFO  | QbftBesuControllerBuilder | Imported #74 / 152 tx / 2751 pending / 36,779,440 (0.0%) gas / (0x06eca25a1ecdaebfb40db781d4deca050decf04f3bd2fc6227e36a23328bbd32)
2026-10-07 20:17:46.567+00:00 | EthScheduler-Workers-0 | INFO  | PersistBlockTask | Block 75 (0x6a67d97a7eec86ab561c614748cb10d355a3841ad93faee7021dfdc10885b852) is already imported
2026-10-07 20:17:46.573+00:00 | BftProcessorExecutor-QBFT-0 | INFO  | QbftBesuControllerBuilder | Imported #75 / 207 tx / 3602 pending / 50,087,790 (0.0%) gas / (0x6a67d97a7eec86ab561c614748cb10d355a3841ad93faee7021dfdc10885b852)
2026-10-07 20:17:50.639+00:00 | EthScheduler-Workers-0 | INFO  | PersistBlockTask | Block 76 (0x1283d034e14ab4ac59fcfcc0174368f8a9e164c457d02950e2d53a2057ffbe4a) is already imported
2026-10-07 20:17:50.644+00:00 | BftProcessorExecutor-QBFT-0 | INFO  | QbftBesuControllerBuilder | Imported #76 / 278 tx / 4663 pending / 67,267,660 (0.0%) gas / (0x1283d034e14ab4ac59fcfcc0174368f8a9e164c457d02950e2d53a2057ffbe4a)
2026-10-07 20:17:54.951+00:00 | EthScheduler-Workers-0 | INFO  | PersistBlockTask | Block 77 (0x9f0ef583f1b8d0ad575d5ca7800b1eb1c8017b0bd22eb1420730762596e17bb0) is already imported
2026-10-07 20:17:54.957+00:00 | BftProcessorExecutor-QBFT-0 | INFO  | QbftBesuControllerBuilder | Imported #77 / 286 tx / 5852 pending / 69,203,420 (0.0%) gas / (0x9f0ef583f1b8d0ad575d5ca7800b1eb1c8017b0bd22eb1420730762596e17bb0)
2026-10-07 20:17:59.534+00:00 | EthScheduler-Workers-0 | INFO  | PersistBlockTask | Block 78 (0x94f82854b38ff9d9686bb0fb333801ea43e106de2872c8024cfe6490a1ed2268) is already imported
2026-10-07 20:17:59.540+00:00 | BftProcessorExecutor-QBFT-0 | INFO  | QbftBesuControllerBuilder | Imported #78 / 324 tx / 7235 pending / 78,398,280 (0.0%) gas / (0x94f82854b38ff9d9686bb0fb333801ea43e106de2872c8024cfe6490a1ed2268)
2026-10-07 20:18:04.053+00:00 | EthScheduler-Workers-0 | INFO  | PersistBlockTask | Block 79 (0x0006b4233d493cebabbe8839e600ce6684d2e60e415f9451a797730de562c3d3) is already imported
2026-10-07 20:18:04.060+00:00 | BftProcessorExecutor-QBFT-0 | INFO  | QbftBesuControllerBuilder | Imported #79 / 309 tx / 8593 pending / 74,768,730 (0.0%) gas / (0x0006b4233d493cebabbe8839e600ce6684d2e60e415f9451a797730de562c3d3)
2026-10-07 20:18:08.701+00:00 | EthScheduler-Workers-0 | INFO  | PersistBlockTask | Block 80 (0x28a13192fe53349c107697ee63c14dd59f3141bdd2fe38022c77decaf5de45c6) is already imported
2026-10-07 20:18:08.706+00:00 | BftProcessorExecutor-QBFT-0 | INFO  | QbftBesuControllerBuilder | Imported #80 / 325 tx / 9904 pending / 78,640,250 (0.0%) gas / (0x28a13192fe53349c107697ee63c14dd59f3141bdd2fe38022c77decaf5de45c6)
2026-10-07 20:18:10.210+00:00 | BftProcessorExecutor-QBFT-0 | WARN  | BlockTransactionSelector | Interrupting the selection of transactions for block inclusion as it exceeds the maximum configured duration of 1500ms
java.util.concurrent.TimeoutException
	at java.base/java.util.concurrent.CompletableFuture.timedGet(CompletableFuture.java:1960)
	at java.base/java.util.concurrent.CompletableFuture.get(CompletableFuture.java:2095)
	at org.hyperledger.besu.ethereum.blockcreation.txselection.BlockTransactionSelector.timeLimitedSelection(BlockTransactionSelector.java:186)
	at org.hyperledger.besu.ethereum.blockcreation.txselection.BlockTransactionSelector.buildTransactionListForBlock(BlockTransactionSelector.java:169)
	at org.hyperledger.besu.ethereum.blockcreation.AbstractBlockCreator.selectTransactions(AbstractBlockCreator.java:376)
	at org.hyperledger.besu.ethereum.blockcreation.AbstractBlockCreator.createBlock(AbstractBlockCreator.java:218)
	at org.hyperledger.besu.ethereum.blockcreation.AbstractBlockCreator.createBlock(AbstractBlockCreator.java:146)
	at org.hyperledger.besu.consensus.common.bft.blockcreation.BftBlockCreator.createBlock(BftBlockCreator.java:92)
	at org.hyperledger.besu.consensus.qbft.statemachine.QbftRound.createAndSendProposalMessage(QbftRound.java:137)
	at org.hyperledger.besu.consensus.qbft.statemachine.QbftBlockHeightManager.handleBlockTimerExpiry(QbftBlockHeightManager.java:140)
	at org.hyperledger.besu.consensus.common.bft.statemachine.BaseBftController.handleBlockTimerExpiry(BaseBftController.java:167)
	at org.hyperledger.besu.consensus.common.bft.EventMultiplexer.handleBftEvent(EventMultiplexer.java:65)
	at java.base/java.util.Optional.ifPresent(Optional.java:178)
	at org.hyperledger.besu.consensus.common.bft.BftProcessor.run(BftProcessor.java:65)
	at java.base/java.util.concurrent.ThreadPoolExecutor.runWorker(ThreadPoolExecutor.java:1144)
	at java.base/java.util.concurrent.ThreadPoolExecutor$Worker.run(ThreadPoolExecutor.java:642)
	at java.base/java.lang.Thread.run(Thread.java:1583)
2026-10-07 20:18:13.322+00:00 | EthScheduler-Workers-0 | INFO  | PersistBlockTask | Block 81 (0x9db1360d19d60aa78467b28946f8a241003434d0157a9cb7bfda10cb4c6d83c7) is already imported
2026-10-07 20:18:13.325+00:00 | BftProcessorExecutor-QBFT-0 | INFO  | QbftBesuControllerBuilder | Produced #81 / 330 tx / 11317 pending / 79,850,100 (0.0%) gas / (0x9db1360d19d60aa78467b28946f8a241003434d0157a9cb7bfda10cb4c6d83c7)
2026-10-07 20:18:17.961+00:00 | BftProcessorExecutor-QBFT-0 | INFO  | QbftBesuControllerBuilder | Imported #82 / 328 tx / 12720 pending / 79,366,160 (0.0%) gas / (0x33fa24290eb1414dec5de1632119f4c7e7281df85607ef58df30c97b9098656d)
2026-10-07 20:18:22.395+00:00 | BftProcessorExecutor-QBFT-0 | INFO  | QbftBesuControllerBuilder | Imported #83 / 313 tx / 13353 pending / 75,736,610 (0.0%) gas / (0xf6d47f191f8f9e16c0c0d2aa72c9145f8ea158d1aa70da9dc1e9bcd2875f05e0)
2026-10-07 20:18:26.985+00:00 | BftProcessorExecutor-QBFT-0 | INFO  | QbftBesuControllerBuilder | Imported #84 / 335 tx / 13018 pending / 81,059,950 (0.0%) gas / (0xbeae720959f35fe0ac68ddb1466ab7b3ac15955776ed6b71ebe3e4711a9335f9)
2026-10-07 20:18:31.654+00:00 | EthScheduler-Workers-0 | INFO  | PersistBlockTask | Block 85 (0xa30890c45e23f969b46af1daf8f5959dbdc5fd87d60a99263218c29bb00d6adb) is already imported
2026-10-07 20:18:31.659+00:00 | BftProcessorExecutor-QBFT-0 | INFO  | QbftBesuControllerBuilder | Imported #85 / 339 tx / 12679 pending / 82,027,830 (0.0%) gas / (0xa30890c45e23f969b46af1daf8f5959dbdc5fd87d60a99263218c29bb00d6adb)
2026-10-07 20:18:36.227+00:00 | BftProcessorExecutor-QBFT-0 | INFO  | QbftBesuControllerBuilder | Imported #86 / 335 tx / 12344 pending / 81,059,950 (0.0%) gas / (0xb1bbecf07b410555316af21f3ebdd150ca0edf86b85b2026d62c13f5bf0bc716)
2026-10-07 20:18:40.802+00:00 | BftProcessorExecutor-QBFT-0 | INFO  | QbftBesuControllerBuilder | Imported #87 / 332 tx / 12012 pending / 80,334,040 (0.0%) gas / (0xe5b0a8e5c0648571f518a12ae20d24067eba3c7c9c30df4e1899925bd330c937)
2026-10-07 20:18:45.551+00:00 | EthScheduler-Workers-0 | INFO  | PersistBlockTask | Block 88 (0xcaa4ec99908662a73b7d8ce094dbc42eb951ceec7a37b23983948f95a4f8657e) is already imported
2026-10-07 20:18:45.565+00:00 | BftProcessorExecutor-QBFT-0 | INFO  | QbftBesuControllerBuilder | Imported #88 / 347 tx / 11665 pending / 83,963,590 (0.0%) gas / (0xcaa4ec99908662a73b7d8ce094dbc42eb951ceec7a37b23983948f95a4f8657e)
2026-10-07 20:18:50.019+00:00 | BftProcessorExecutor-QBFT-0 | INFO  | QbftBesuControllerBuilder | Imported #89 / 322 tx / 11343 pending / 77,914,340 (0.0%) gas / (0xfcbb3bf0b1ae64f57514b217424a563b2a677c72583e05e4de0adc8e0addebfc)
2026-10-07 20:18:54.689+00:00 | BftProcessorExecutor-QBFT-0 | INFO  | QbftBesuControllerBuilder | Imported #90 / 345 tx / 10998 pending / 83,479,650 (0.0%) gas / (0x84d7823bdf6347a95773386114283fb53b16cfd5e785672a48f0a1ee2aab379c)
2026-10-07 20:18:59.407+00:00 | EthScheduler-Workers-0 | INFO  | PersistBlockTask | Block 91 (0x95cb60c3f155b18e9778bd8b849ce5652efe7dc17751c9756d5d1a24a207c136) is already imported
2026-10-07 20:18:59.415+00:00 | BftProcessorExecutor-QBFT-0 | INFO  | QbftBesuControllerBuilder | Imported #91 / 341 tx / 10657 pending / 82,511,770 (0.0%) gas / (0x95cb60c3f155b18e9778bd8b849ce5652efe7dc17751c9756d5d1a24a207c136)
2026-10-07 20:19:04.118+00:00 | EthScheduler-Workers-0 | INFO  | PersistBlockTask | Block 92 (0xd2560297acf8310f45d728d137bdc17fc3fa733146917f6b65517eb8ce9d6b1f) is already imported
2026-10-07 20:19:04.123+00:00 | BftProcessorExecutor-QBFT-0 | INFO  | QbftBesuControllerBuilder | Imported #92 / 343 tx / 10314 pending / 82,995,710 (0.0%) gas / (0xd2560297acf8310f45d728d137bdc17fc3fa733146917f6b65517eb8ce9d6b1f)
2026-10-07 20:19:08.808+00:00 | BftProcessorExecutor-QBFT-0 | INFO  | QbftBesuControllerBuilder | Imported #93 / 345 tx / 9969 pending / 83,479,650 (0.0%) gas / (0xab4aa907d26907bc25c686ccd1c37109fe32c772babb00b1a8de03d371b22a6c)
2026-10-07 20:19:13.559+00:00 | EthScheduler-Workers-0 | INFO  | PersistBlockTask | Block 94 (0x2610412bcf624d0ae33e56e28dcbdca1678dd1c3d50d324c63c9f278b184eb11) is already imported
2026-10-07 20:19:13.565+00:00 | BftProcessorExecutor-QBFT-0 | INFO  | QbftBesuControllerBuilder | Imported #94 / 340 tx / 9629 pending / 82,269,800 (0.0%) gas / (0x2610412bcf624d0ae33e56e28dcbdca1678dd1c3d50d324c63c9f278b184eb11)
2026-10-07 20:19:18.153+00:00 | BftProcessorExecutor-QBFT-0 | INFO  | QbftBesuControllerBuilder | Imported #95 / 326 tx / 9303 pending / 78,882,220 (0.0%) gas / (0x607316e2ade2acc81f2dfcbcd31f4c3dccddf8789f1e713e49a65a54fc9b1893)
2026-10-07 20:19:19.661+00:00 | BftProcessorExecutor-QBFT-0 | WARN  | BlockTransactionSelector | Interrupting the selection of transactions for block inclusion as it exceeds the maximum configured duration of 1500ms
java.util.concurrent.TimeoutException
	at java.base/java.util.concurrent.CompletableFuture.timedGet(CompletableFuture.java:1960)
	at java.base/java.util.concurrent.CompletableFuture.get(CompletableFuture.java:2095)
	at org.hyperledger.besu.ethereum.blockcreation.txselection.BlockTransactionSelector.timeLimitedSelection(BlockTransactionSelector.java:186)
	at org.hyperledger.besu.ethereum.blockcreation.txselection.BlockTransactionSelector.buildTransactionListForBlock(BlockTransactionSelector.java:169)
	at org.hyperledger.besu.ethereum.blockcreation.AbstractBlockCreator.selectTransactions(AbstractBlockCreator.java:376)
	at org.hyperledger.besu.ethereum.blockcreation.AbstractBlockCreator.createBlock(AbstractBlockCreator.java:218)
	at org.hyperledger.besu.ethereum.blockcreation.AbstractBlockCreator.createBlock(AbstractBlockCreator.java:146)
	at org.hyperledger.besu.consensus.common.bft.blockcreation.BftBlockCreator.createBlock(BftBlockCreator.java:92)
	at org.hyperledger.besu.consensus.qbft.statemachine.QbftRound.createAndSendProposalMessage(QbftRound.java:137)
	at org.hyperledger.besu.consensus.qbft.statemachine.QbftBlockHeightManager.handleBlockTimerExpiry(QbftBlockHeightManager.java:140)
	at org.hyperledger.besu.consensus.common.bft.statemachine.BaseBftController.handleBlockTimerExpiry(BaseBftController.java:167)
	at org.hyperledger.besu.consensus.common.bft.EventMultiplexer.handleBftEvent(EventMultiplexer.java:65)
	at java.base/java.util.Optional.ifPresent(Optional.java:178)
	at org.hyperledger.besu.consensus.common.bft.BftProcessor.run(BftProcessor.java:65)
	at java.base/java.util.concurrent.ThreadPoolExecutor.runWorker(ThreadPoolExecutor.java:1144)
	at java.base/java.util.concurrent.ThreadPoolExecutor$Worker.run(ThreadPoolExecutor.java:642)
	at java.base/java.lang.Thread.run(Thread.java:1583)
2026-10-07 20:19:22.814+00:00 | BftProcessorExecutor-QBFT-0 | INFO  | QbftBesuControllerBuilder | Produced #96 / 338 tx / 8965 pending / 81,785,860 (0.0%) gas / (0x0168e7a0b768c56a72268b94645ac5d529c7377cc3cc48474ee70f7dbd2775d2)
2026-10-07 20:19:27.455+00:00 | EthScheduler-Workers-0 | INFO  | PersistBlockTask | Block 97 (0x36130353128f53b9f68860d9e1f8211ee382ff1fb6f2f613e16a1c9f62fa57f1) is already imported
2026-10-07 20:19:27.460+00:00 | BftProcessorExecutor-QBFT-0 | INFO  | QbftBesuControllerBuilder | Imported #97 / 334 tx / 8631 pending / 80,817,980 (0.0%) gas / (0x36130353128f53b9f68860d9e1f8211ee382ff1fb6f2f613e16a1c9f62fa57f1)
2026-10-07 20:19:32.098+00:00 | BftProcessorExecutor-QBFT-0 | INFO  | QbftBesuControllerBuilder | Imported #98 / 341 tx / 8290 pending / 82,511,770 (0.0%) gas / (0x90fbdfff3359418a77fbb49b859fd39a4a8d3ea0d4dc975fd07c7d6414e5d7eb)
2026-10-07 20:19:36.816+00:00 | BftProcessorExecutor-QBFT-0 | INFO  | QbftBesuControllerBuilder | Imported #99 / 345 tx / 7945 pending / 83,479,650 (0.0%) gas / (0xc35f1fc006e2a884603baa6979f9334065d2c254d29e80173d88e077a72d01ec)
2026-10-07 20:19:41.535+00:00 | BftProcessorExecutor-QBFT-0 | INFO  | QbftBesuControllerBuilder | Imported #100 / 344 tx / 7601 pending / 83,237,680 (0.0%) gas / (0x75d4570bebec3426ddd05356d4ff829e7eaa75c96a865cb97cb071ccccacd263)
2026-10-07 20:19:46.221+00:00 | BftProcessorExecutor-QBFT-0 | INFO  | QbftBesuControllerBuilder | Imported #101 / 341 tx / 7260 pending / 82,511,770 (0.0%) gas / (0x5f44d94964a7d5ea23dec1ba243a30774a58c776d82e5450bfecaa3b12ef1365)
2026-10-07 20:19:50.779+00:00 | BftProcessorExecutor-QBFT-0 | INFO  | QbftBesuControllerBuilder | Imported #102 / 329 tx / 6931 pending / 79,608,130 (0.0%) gas / (0x70865ea02fb7a2daf6e06b558c6bf0b5c28bc760cd9dc05efcea5cb4b8a70e55)
2026-10-07 20:19:55.560+00:00 | EthScheduler-Workers-0 | INFO  | PersistBlockTask | Block 103 (0x6a09909d151f84cec055eeb07760e14fc9c3c5206edaf06c212406f40d6c4ffb) is already imported
2026-10-07 20:19:55.564+00:00 | BftProcessorExecutor-QBFT-0 | INFO  | QbftBesuControllerBuilder | Imported #103 / 349 tx / 6582 pending / 84,447,530 (0.0%) gas / (0x6a09909d151f84cec055eeb07760e14fc9c3c5206edaf06c212406f40d6c4ffb)
2026-10-07 20:20:00.187+00:00 | BftProcessorExecutor-QBFT-0 | INFO  | QbftBesuControllerBuilder | Imported #104 / 339 tx / 6243 pending / 82,027,830 (0.0%) gas / (0x2b24fdf5fe1dd71074e37484b33fb9a90f31d87ff77f28d96ffdaf90cd4e709c)
2026-10-07 20:20:04.944+00:00 | BftProcessorExecutor-QBFT-0 | INFO  | QbftBesuControllerBuilder | Imported #105 / 346 tx / 5897 pending / 83,721,620 (0.0%) gas / (0x8bac358c17e97a1bab6bf91992f3fe054a53a70663b4b194797da8a701801254)
2026-10-07 20:20:09.620+00:00 | BftProcessorExecutor-QBFT-0 | INFO  | QbftBesuControllerBuilder | Imported #106 / 342 tx / 5555 pending / 82,753,740 (0.0%) gas / (0xbd41a03488b9dc6cb857aebe586502b8e4c1296f91393502c95cb00e4303cdd2)
2026-10-07 20:20:14.264+00:00 | EthScheduler-Workers-0 | INFO  | PersistBlockTask | Block 107 (0xa5024d8ca2e30d0d83372cf0f0600ac8a215f9c57fb378f4457d48db539930b3) is already imported
2026-10-07 20:20:14.268+00:00 | BftProcessorExecutor-QBFT-0 | INFO  | QbftBesuControllerBuilder | Imported #107 / 334 tx / 5221 pending / 80,817,980 (0.0%) gas / (0xa5024d8ca2e30d0d83372cf0f0600ac8a215f9c57fb378f4457d48db539930b3)
2026-10-07 20:20:18.913+00:00 | BftProcessorExecutor-QBFT-0 | INFO  | QbftBesuControllerBuilder | Imported #108 / 342 tx / 4879 pending / 82,753,740 (0.0%) gas / (0x8c009c9545bdc36e18623ff6bfb4280330e1bb9e7dfd774d7b29f9810c9729b1)
2026-10-07 20:20:23.625+00:00 | BftProcessorExecutor-QBFT-0 | INFO  | QbftBesuControllerBuilder | Imported #109 / 341 tx / 4538 pending / 82,511,770 (0.0%) gas / (0x99226a967986c90417f141457aa9dda4fc0d5824d5173c920d1fd78985252afe)
2026-10-07 20:20:28.383+00:00 | BftProcessorExecutor-QBFT-0 | INFO  | QbftBesuControllerBuilder | Imported #110 / 340 tx / 4198 pending / 82,269,800 (0.0%) gas / (0xd9af6c6d0f97aad6a2f8e416b1c6c1741aedebac407d69000251ebe64b3ddfb4)
2026-10-07 20:20:29.886+00:00 | BftProcessorExecutor-QBFT-0 | WARN  | BlockTransactionSelector | Interrupting the selection of transactions for block inclusion as it exceeds the maximum configured duration of 1500ms
java.util.concurrent.TimeoutException
	at java.base/java.util.concurrent.CompletableFuture.timedGet(CompletableFuture.java:1960)
	at java.base/java.util.concurrent.CompletableFuture.get(CompletableFuture.java:2095)
	at org.hyperledger.besu.ethereum.blockcreation.txselection.BlockTransactionSelector.timeLimitedSelection(BlockTransactionSelector.java:186)
	at org.hyperledger.besu.ethereum.blockcreation.txselection.BlockTransactionSelector.buildTransactionListForBlock(BlockTransactionSelector.java:169)
	at org.hyperledger.besu.ethereum.blockcreation.AbstractBlockCreator.selectTransactions(AbstractBlockCreator.java:376)
	at org.hyperledger.besu.ethereum.blockcreation.AbstractBlockCreator.createBlock(AbstractBlockCreator.java:218)
	at org.hyperledger.besu.ethereum.blockcreation.AbstractBlockCreator.createBlock(AbstractBlockCreator.java:146)
	at org.hyperledger.besu.consensus.common.bft.blockcreation.BftBlockCreator.createBlock(BftBlockCreator.java:92)
	at org.hyperledger.besu.consensus.qbft.statemachine.QbftRound.createAndSendProposalMessage(QbftRound.java:137)
	at org.hyperledger.besu.consensus.qbft.statemachine.QbftBlockHeightManager.handleBlockTimerExpiry(QbftBlockHeightManager.java:140)
	at org.hyperledger.besu.consensus.common.bft.statemachine.BaseBftController.handleBlockTimerExpiry(BaseBftController.java:167)
	at org.hyperledger.besu.consensus.common.bft.EventMultiplexer.handleBftEvent(EventMultiplexer.java:65)
	at java.base/java.util.Optional.ifPresent(Optional.java:178)
	at org.hyperledger.besu.consensus.common.bft.BftProcessor.run(BftProcessor.java:65)
	at java.base/java.util.concurrent.ThreadPoolExecutor.runWorker(ThreadPoolExecutor.java:1144)
	at java.base/java.util.concurrent.ThreadPoolExecutor$Worker.run(ThreadPoolExecutor.java:642)
	at java.base/java.lang.Thread.run(Thread.java:1583)
2026-10-07 20:20:32.954+00:00 | BftProcessorExecutor-QBFT-0 | INFO  | QbftBesuControllerBuilder | Produced #111 / 328 tx / 3870 pending / 79,366,160 (0.0%) gas / (0xacfb4c31584db347994bac5acf9f3f3d937054bfc808cd79604983108de659e2)
2026-10-07 20:20:37.752+00:00 | BftProcessorExecutor-QBFT-0 | INFO  | QbftBesuControllerBuilder | Imported #112 / 341 tx / 3529 pending / 82,511,770 (0.0%) gas / (0xc012f02cc3ebd9a868d9f3171de65678c82b265a7e6951b453075b4ebd71d6f3)
2026-10-07 20:20:42.497+00:00 | EthScheduler-Workers-0 | INFO  | PersistBlockTask | Block 113 (0x9c03c38765cb6479a6f0ca960a92638326552a7bd2017a0010adda0ecbc7a1f0) is already imported
2026-10-07 20:20:42.505+00:00 | BftProcessorExecutor-QBFT-0 | INFO  | QbftBesuControllerBuilder | Imported #113 / 348 tx / 3181 pending / 84,205,560 (0.0%) gas / (0x9c03c38765cb6479a6f0ca960a92638326552a7bd2017a0010adda0ecbc7a1f0)
2026-10-07 20:20:47.237+00:00 | BftProcessorExecutor-QBFT-0 | INFO  | QbftBesuControllerBuilder | Imported #114 / 346 tx / 2835 pending / 83,721,620 (0.0%) gas / (0x5660dccdfe80baed38ab66d32d27a7e6fdeca0e76ac7fe988a1ff1816b6cfd92)
2026-10-07 20:20:51.999+00:00 | BftProcessorExecutor-QBFT-0 | INFO  | QbftBesuControllerBuilder | Imported #115 / 352 tx / 2483 pending / 85,173,440 (0.0%) gas / (0x481bb8efc6fe92b4ea91d51dc29b2cb0a1c54a8a5fc849fe1f08fe3e90870a76)
2026-10-07 20:20:56.592+00:00 | EthScheduler-Workers-0 | INFO  | PersistBlockTask | Block 116 (0x29cb28b5aa0cdc59c1d642b0af6b22bf2169e32e7ddd05e033c63b631c66e6da) is already imported
2026-10-07 20:20:56.598+00:00 | BftProcessorExecutor-QBFT-0 | INFO  | QbftBesuControllerBuilder | Imported #116 / 332 tx / 2151 pending / 80,334,040 (0.0%) gas / (0x29cb28b5aa0cdc59c1d642b0af6b22bf2169e32e7ddd05e033c63b631c66e6da)
2026-10-07 20:21:01.343+00:00 | EthScheduler-Workers-0 | INFO  | PersistBlockTask | Block 117 (0xe4648b3edf7585c9d9e0dae37023623ae0b9d80fb46c02e8bbda17186c4dfab4) is already imported
2026-10-07 20:21:01.346+00:00 | BftProcessorExecutor-QBFT-0 | INFO  | QbftBesuControllerBuilder | Imported #117 / 350 tx / 1801 pending / 84,689,500 (0.0%) gas / (0xe4648b3edf7585c9d9e0dae37023623ae0b9d80fb46c02e8bbda17186c4dfab4)
2026-10-07 20:21:05.268+00:00 | BftProcessorExecutor-QBFT-0 | INFO  | QbftBesuControllerBuilder | Imported #118 / 289 tx / 1512 pending / 69,929,330 (0.0%) gas / (0x10e835e1cfdb9b69827d491eba3ddb9b55c03e602f21a3dd268c0be4af83ca31)
2026-10-07 20:21:09.108+00:00 | BftProcessorExecutor-QBFT-0 | INFO  | QbftBesuControllerBuilder | Imported #119 / 276 tx / 1236 pending / 66,783,720 (0.0%) gas / (0x939c1f358abc714ad635474696a8013d06710408471841bc08916c0fbafe35fb)
2026-10-07 20:21:11.786+00:00 | BftProcessorExecutor-QBFT-0 | INFO  | QbftBesuControllerBuilder | Imported #120 / 200 tx / 1036 pending / 48,394,000 (0.0%) gas / (0xe11f81ef39f4d65394eed788c2869b6ef3a53d212232cb7a27d8d8aed035f447)
2026-10-07 20:21:13.678+00:00 | BftProcessorExecutor-QBFT-0 | INFO  | QbftBesuControllerBuilder | Imported #121 / 137 tx / 899 pending / 33,149,890 (0.0%) gas / (0x567c54c0519dd00609daec5e2c0e0401b7f9506747a5b3bd483d307c9043bfa4)
2026-10-07 20:21:15.884+00:00 | BftProcessorExecutor-QBFT-0 | INFO  | QbftBesuControllerBuilder | Imported #122 / 135 tx / 764 pending / 32,665,950 (0.0%) gas / (0x908b4477c5cc9cb1bf18c9c7b1f87153a5d31bdcc50172e52cb6071be8b14af0)
2026-10-07 20:21:17.238+00:00 | BftProcessorExecutor-QBFT-0 | INFO  | QbftBesuControllerBuilder | Imported #123 / 87 tx / 677 pending / 21,051,390 (0.0%) gas / (0xe753c29a30892720b36509fadd5c76d76c60edbfc15f4042c417cc3d67d03a72)
2026-10-07 20:21:19.543+00:00 | EthScheduler-Workers-0 | INFO  | PersistBlockTask | Block 124 (0x9dec0baff7585ece8e9d581deb5656f25497be1626d39c20f9bc8d0cf70d6a5e) is already imported
2026-10-07 20:21:19.544+00:00 | BftProcessorExecutor-QBFT-0 | INFO  | QbftBesuControllerBuilder | Imported #124 / 108 tx / 569 pending / 26,132,760 (0.0%) gas / (0x9dec0baff7585ece8e9d581deb5656f25497be1626d39c20f9bc8d0cf70d6a5e)
2026-10-07 20:21:21.368+00:00 | BftProcessorExecutor-QBFT-0 | INFO  | QbftBesuControllerBuilder | Imported #125 / 99 tx / 470 pending / 23,955,030 (0.0%) gas / (0x1bf73a041bb163e01ce50aabdec83455e917f096e8c1d5d2be1abbf25a8b7b14)
2026-10-07 20:21:23.333+00:00 | BftProcessorExecutor-QBFT-0 | INFO  | QbftBesuControllerBuilder | Produced #126 / 94 tx / 376 pending / 22,745,180 (0.0%) gas / (0x0af88ab7eb99b5924dba0297c86d9628eb4bdbb4c43decb8f2b016b461542bf3)
2026-10-07 20:21:25.242+00:00 | BftProcessorExecutor-QBFT-0 | INFO  | QbftBesuControllerBuilder | Imported #127 / 87 tx / 289 pending / 21,051,390 (0.0%) gas / (0xc2b931d836ed963f7c2dbcc2e8e596d750fd2060750a5e98faee2d2648c96fbf)
2026-10-07 20:21:27.309+00:00 | EthScheduler-Workers-0 | INFO  | PersistBlockTask | Block 128 (0x53ca28931c64e557082c706ba8ed91e27216d2809f1eab23a9c076dd8cc3722b) is already imported
2026-10-07 20:21:27.310+00:00 | BftProcessorExecutor-QBFT-0 | INFO  | QbftBesuControllerBuilder | Imported #128 / 88 tx / 201 pending / 21,293,360 (0.0%) gas / (0x53ca28931c64e557082c706ba8ed91e27216d2809f1eab23a9c076dd8cc3722b)
2026-10-07 20:21:28.998+00:00 | BftProcessorExecutor-QBFT-0 | INFO  | QbftBesuControllerBuilder | Imported #129 / 63 tx / 138 pending / 15,244,110 (0.0%) gas / (0x4c95fae188234bf69ee211f063d0f9c3b0c55cae342b5a696de64b523b2a837a)
2026-10-07 20:21:30.817+00:00 | BftProcessorExecutor-QBFT-0 | INFO  | QbftBesuControllerBuilder | Imported #130 / 54 tx / 84 pending / 13,066,380 (0.0%) gas / (0xeb11d3045344d22c9e1ebcabcc3989a40bb9d681b9fb64b1ee040c7e6cd2a9c8)
2026-10-07 20:21:33.043+00:00 | BftProcessorExecutor-QBFT-0 | INFO  | QbftBesuControllerBuilder | Imported #131 / 69 tx / 15 pending / 16,695,930 (0.0%) gas / (0xffaff512619d2c10d72847285382fb16def14633e96c72913cf2863196d228ee)
2026-10-07 20:21:34.344+00:00 | BftProcessorExecutor-QBFT-0 | INFO  | QbftBesuControllerBuilder | Imported #132 / 15 tx / 0 pending / 3,629,550 (0.0%) gas / (0xaa86393fb48a94c439da4297fc7a2c99a9fcccfd820421fecb8140d6400cc123)
2026-10-07 20:21:36.074+00:00 | BftProcessorExecutor-QBFT-0 | INFO  | QbftBesuControllerBuilder | Imported #133 / 0 tx / 0 pending / 0 (0.0%) gas / (0xc4ce336a1edc6c114ac924b3621aa0e640cd154c47250d665f9b5b67134639b5)
2026-10-07 20:21:36.075+00:00 | EthScheduler-Workers-0 | INFO  | PersistBlockTask | Block 133 (0xc4ce336a1edc6c114ac924b3621aa0e640cd154c47250d665f9b5b67134639b5) is already imported
2026-10-07 20:21:38.089+00:00 | BftProcessorExecutor-QBFT-0 | INFO  | QbftBesuControllerBuilder | Imported #134 / 0 tx / 0 pending / 0 (0.0%) gas / (0xd5ea526eb340116a4bc739e822e69064d94712666d4b5617f7bf390056e6f986)
2026-10-07 20:21:38.089+00:00 | EthScheduler-Workers-0 | INFO  | PersistBlockTask | Block 134 (0xd5ea526eb340116a4bc739e822e69064d94712666d4b5617f7bf390056e6f986) is already imported
2026-10-07 20:21:40.079+00:00 | EthScheduler-Workers-0 | INFO  | PersistBlockTask | Block 135 (0xa1788999ac325011a31d7ae90d02a76acacea13874e7ad4ea7648c71be0c5b8f) is already imported
2026-10-07 20:21:40.079+00:00 | BftProcessorExecutor-QBFT-0 | INFO  | QbftBesuControllerBuilder | Imported #135 / 0 tx / 0 pending / 0 (0.0%) gas / (0xa1788999ac325011a31d7ae90d02a76acacea13874e7ad4ea7648c71be0c5b8f)
2026-10-07 20:21:42.091+00:00 | EthScheduler-Workers-0 | INFO  | PersistBlockTask | Block 136 (0x4918468bdaef4b0fc5afca69c0b57a09c1d0f9d76bf2f17b4dc1946b18aa90c1) is already imported
2026-10-07 20:21:42.091+00:00 | BftProcessorExecutor-QBFT-0 | INFO  | QbftBesuControllerBuilder | Imported #136 / 0 tx / 0 pending / 0 (0.0%) gas / (0x4918468bdaef4b0fc5afca69c0b57a09c1d0f9d76bf2f17b4dc1946b18aa90c1)
2026-10-07 20:21:44.089+00:00 | EthScheduler-Workers-0 | INFO  | PersistBlockTask | Block 137 (0xe9678c23696cdaecdf6404c141c0552973097bd7bece57ad7c8d177ddda0b23f) is already imported
2026-10-07 20:21:44.089+00:00 | BftProcessorExecutor-QBFT-0 | INFO  | QbftBesuControllerBuilder | Imported #137 / 0 tx / 0 pending / 0 (0.0%) gas / (0xe9678c23696cdaecdf6404c141c0552973097bd7bece57ad7c8d177ddda0b23f)
2026-10-07 20:21:46.072+00:00 | BftProcessorExecutor-QBFT-0 | INFO  | QbftBesuControllerBuilder | Imported #138 / 0 tx / 0 pending / 0 (0.0%) gas / (0xfe9e99501806855895f61be56fd03f75dd5a0ada13429a115979276495be7ecf)
2026-10-07 20:21:48.077+00:00 | BftProcessorExecutor-QBFT-0 | INFO  | QbftBesuControllerBuilder | Imported #139 / 0 tx / 0 pending / 0 (0.0%) gas / (0xf449d8ece13bfcbca6b16da236b6a3848ea45c0779dae81fa5ba7d3da363e9b8)
2026-10-07 20:21:50.076+00:00 | BftProcessorExecutor-QBFT-0 | INFO  | QbftBesuControllerBuilder | Imported #140 / 0 tx / 0 pending / 0 (0.0%) gas / (0xcacea1d94ffe9a26433a9faee3672e78a5db160485523b72ef595679c7b8967d)
2026-10-07 20:21:50.077+00:00 | EthScheduler-Workers-0 | INFO  | PersistBlockTask | Block 140 (0xcacea1d94ffe9a26433a9faee3672e78a5db160485523b72ef595679c7b8967d) is already imported
2026-10-07 20:21:52.088+00:00 | BftProcessorExecutor-QBFT-0 | INFO  | QbftBesuControllerBuilder | Produced #141 / 0 tx / 0 pending / 0 (0.0%) gas / (0x8edcc4ade258d0f3c2ed4ac7d6497cb577c596114eaa65c62ce9f3f9f4fbf7e5)
2026-10-07 20:21:52.089+00:00 | EthScheduler-Workers-0 | INFO  | PersistBlockTask | Block 141 (0x8edcc4ade258d0f3c2ed4ac7d6497cb577c596114eaa65c62ce9f3f9f4fbf7e5) is already imported
2026-10-07 20:21:54.080+00:00 | BftProcessorExecutor-QBFT-0 | INFO  | QbftBesuControllerBuilder | Imported #142 / 0 tx / 0 pending / 0 (0.0%) gas / (0x0cbccd2cbed417915afb8f4cc44a5bb6c62cf357ec20a47ae425e22c58072df6)
2026-10-07 20:21:56.094+00:00 | EthScheduler-Workers-0 | INFO  | PersistBlockTask | Block 143 (0x35992649d42fb95b523368ca8e3a0dc576104bdb0633596c002767b209b89368) is already imported
2026-10-07 20:21:56.094+00:00 | BftProcessorExecutor-QBFT-0 | INFO  | QbftBesuControllerBuilder | Imported #143 / 0 tx / 0 pending / 0 (0.0%) gas / (0x35992649d42fb95b523368ca8e3a0dc576104bdb0633596c002767b209b89368)
2026-10-07 20:21:58.090+00:00 | EthScheduler-Workers-0 | INFO  | PersistBlockTask | Block 144 (0x0015de96d21e030a9364da3a95092bbe3c88f12242fb4fd0b4565fc237a86060) is already imported
2026-10-07 20:21:58.090+00:00 | BftProcessorExecutor-QBFT-0 | INFO  | QbftBesuControllerBuilder | Imported #144 / 0 tx / 0 pending / 0 (0.0%) gas / (0x0015de96d21e030a9364da3a95092bbe3c88f12242fb4fd0b4565fc237a86060)
2026-10-07 20:22:00.075+00:00 | BftProcessorExecutor-QBFT-0 | INFO  | QbftBesuControllerBuilder | Imported #145 / 0 tx / 0 pending / 0 (0.0%) gas / (0x1822514db87ca50a83be21ccbd88937fe5fe8f5d3816f869f4f6b697614d30d6)
2026-10-07 20:22:00.076+00:00 | EthScheduler-Workers-0 | INFO  | PersistBlockTask | Block 145 (0x1822514db87ca50a83be21ccbd88937fe5fe8f5d3816f869f4f6b697614d30d6) is already imported
2026-10-07 20:22:02.082+00:00 | BftProcessorExecutor-QBFT-0 | INFO  | QbftBesuControllerBuilder | Imported #146 / 0 tx / 0 pending / 0 (0.0%) gas / (0x6548116fa3ec11d4645b774162e45dd9d31358ea73bdbdaa7f7b0ccede335666)
2026-10-07 20:22:04.087+00:00 | BftProcessorExecutor-QBFT-0 | INFO  | QbftBesuControllerBuilder | Imported #147 / 0 tx / 0 pending / 0 (0.0%) gas / (0xd2de33c5be1211be4afc21f3fd048af9482f5d16cb2b744508adf91c915098b2)
2026-10-07 20:22:04.087+00:00 | EthScheduler-Workers-0 | INFO  | PersistBlockTask | Block 147 (0xd2de33c5be1211be4afc21f3fd048af9482f5d16cb2b744508adf91c915098b2) is already imported
2026-10-07 20:22:06.088+00:00 | BftProcessorExecutor-QBFT-0 | INFO  | QbftBesuControllerBuilder | Imported #148 / 0 tx / 0 pending / 0 (0.0%) gas / (0x3a4a8ab4f56b786d0f19bd3a7d87fd9d9624f7de4b0096fb3c4cedff404a7e71)
2026-10-07 20:22:06.090+00:00 | EthScheduler-Workers-0 | INFO  | PersistBlockTask | Block 148 (0x3a4a8ab4f56b786d0f19bd3a7d87fd9d9624f7de4b0096fb3c4cedff404a7e71) is already imported
2026-10-07 20:22:08.101+00:00 | EthScheduler-Workers-0 | INFO  | PersistBlockTask | Block 149 (0xd06064777d8893ecf99d91919b2965cfe6faa9309efbae467349b423f593c5c4) is already imported
2026-10-07 20:22:08.102+00:00 | BftProcessorExecutor-QBFT-0 | INFO  | QbftBesuControllerBuilder | Imported #149 / 0 tx / 0 pending / 0 (0.0%) gas / (0xd06064777d8893ecf99d91919b2965cfe6faa9309efbae467349b423f593c5c4)
2026-10-07 20:22:10.094+00:00 | EthScheduler-Workers-0 | INFO  | PersistBlockTask | Block 150 (0x03aa25703fc4aa91a3f9057dfbffb0b5eb23d87242fd51e77ec77404504e802c) is already imported
2026-10-07 20:22:10.094+00:00 | BftProcessorExecutor-QBFT-0 | INFO  | QbftBesuControllerBuilder | Imported #150 / 0 tx / 0 pending / 0 (0.0%) gas / (0x03aa25703fc4aa91a3f9057dfbffb0b5eb23d87242fd51e77ec77404504e802c)
2026-10-07 20:22:12.080+00:00 | EthScheduler-Workers-0 | INFO  | PersistBlockTask | Block 151 (0xf00c5d7d1bf972a95057a5291dec9c2f2edfdf16287d4b25fc1730cde183c925) is already imported
2026-10-07 20:22:12.080+00:00 | BftProcessorExecutor-QBFT-0 | INFO  | QbftBesuControllerBuilder | Imported #151 / 0 tx / 0 pending / 0 (0.0%) gas / (0xf00c5d7d1bf972a95057a5291dec9c2f2edfdf16287d4b25fc1730cde183c925)
2026-10-07 20:22:14.097+00:00 | EthScheduler-Workers-0 | INFO  | PersistBlockTask | Block 152 (0x400946b189d0d215ce99e7dd7eb65d65e0f71586165dec3b5424794feef8d803) is already imported
2026-10-07 20:22:14.097+00:00 | BftProcessorExecutor-QBFT-0 | INFO  | QbftBesuControllerBuilder | Imported #152 / 0 tx / 0 pending / 0 (0.0%) gas / (0x400946b189d0d215ce99e7dd7eb65d65e0f71586165dec3b5424794feef8d803)
2026-10-07 20:22:16.076+00:00 | EthScheduler-Workers-0 | INFO  | PersistBlockTask | Block 153 (0x6bd6a7f860905b799363c7b09624a1a107644a03a367c0777a8663a2d1bf85d6) is already imported
2026-10-07 20:22:16.076+00:00 | BftProcessorExecutor-QBFT-0 | INFO  | QbftBesuControllerBuilder | Imported #153 / 0 tx / 0 pending / 0 (0.0%) gas / (0x6bd6a7f860905b799363c7b09624a1a107644a03a367c0777a8663a2d1bf85d6)
2026-10-07 20:22:18.078+00:00 | BftProcessorExecutor-QBFT-0 | INFO  | QbftBesuControllerBuilder | Imported #154 / 0 tx / 0 pending / 0 (0.0%) gas / (0x330d1d7c3e1107a55c2ec236c52f9afd1713926a527e39f98c717f81400e0a5c)
2026-10-07 20:22:20.086+00:00 | EthScheduler-Workers-0 | INFO  | PersistBlockTask | Block 155 (0x60ff890189a6ce329c0d6fcf96a38b729de94fefbc404b83da5c531548cb70c6) is already imported
2026-10-07 20:22:20.086+00:00 | BftProcessorExecutor-QBFT-0 | INFO  | QbftBesuControllerBuilder | Imported #155 / 0 tx / 0 pending / 0 (0.0%) gas / (0x60ff890189a6ce329c0d6fcf96a38b729de94fefbc404b83da5c531548cb70c6)
2026-10-07 20:22:22.083+00:00 | BftProcessorExecutor-QBFT-0 | INFO  | QbftBesuControllerBuilder | Produced #156 / 0 tx / 0 pending / 0 (0.0%) gas / (0x1e16f94c9fdc6b7da19fd18a7705d596990ef2a521b3ad3156e59a7dd6471522)
2026-10-07 20:22:22.086+00:00 | EthScheduler-Workers-0 | INFO  | PersistBlockTask | Block 156 (0x1e16f94c9fdc6b7da19fd18a7705d596990ef2a521b3ad3156e59a7dd6471522) is already imported
2026-10-07 20:22:24.077+00:00 | EthScheduler-Workers-0 | INFO  | PersistBlockTask | Block 157 (0x7da9859a4ee80a61944e8164507fdb5d0c346395b45ac604c9ea1ac7cd0cf4b2) is already imported
2026-10-07 20:22:24.077+00:00 | BftProcessorExecutor-QBFT-0 | INFO  | QbftBesuControllerBuilder | Imported #157 / 0 tx / 0 pending / 0 (0.0%) gas / (0x7da9859a4ee80a61944e8164507fdb5d0c346395b45ac604c9ea1ac7cd0cf4b2)
2026-10-07 20:22:26.078+00:00 | BftProcessorExecutor-QBFT-0 | INFO  | QbftBesuControllerBuilder | Imported #158 / 0 tx / 0 pending / 0 (0.0%) gas / (0x508df6ef0a21cb53403c88303237e37287f917aa14c463ee2fe6211550de0ab3)
2026-10-07 20:22:28.082+00:00 | EthScheduler-Workers-0 | INFO  | PersistBlockTask | Block 159 (0xab9813298769175903352c4296b2090a400e12030433ed89ed2b9e44f22c962c) is already imported
2026-10-07 20:22:28.082+00:00 | BftProcessorExecutor-QBFT-0 | INFO  | QbftBesuControllerBuilder | Imported #159 / 0 tx / 0 pending / 0 (0.0%) gas / (0xab9813298769175903352c4296b2090a400e12030433ed89ed2b9e44f22c962c)
2026-10-07 20:22:30.082+00:00 | EthScheduler-Workers-0 | INFO  | PersistBlockTask | Block 160 (0x0acfd3d1277c4c935e4d531a7c710e1f77c43b3e42a921a32d6d9db2676759ff) is already imported
2026-10-07 20:22:30.082+00:00 | BftProcessorExecutor-QBFT-0 | INFO  | QbftBesuControllerBuilder | Imported #160 / 0 tx / 0 pending / 0 (0.0%) gas / (0x0acfd3d1277c4c935e4d531a7c710e1f77c43b3e42a921a32d6d9db2676759ff)
2026-10-07 20:22:32.077+00:00 | EthScheduler-Workers-0 | INFO  | PersistBlockTask | Imported #161 / 0 tx / 0 om / 0 (0.0%) gas / (0xfce244b347dd40d0b5557f3e639468b88339eee1ef0fe78ab9fb4ab3d105db6e) in 0.002s. Peers: 14
2026-10-07 20:22:32.078+00:00 | BftProcessorExecutor-QBFT-0 | INFO  | QbftBesuControllerBuilder | Imported #161 / 0 tx / 0 pending / 0 (0.0%) gas / (0xfce244b347dd40d0b5557f3e639468b88339eee1ef0fe78ab9fb4ab3d105db6e)
2026-10-07 20:22:34.078+00:00 | EthScheduler-Workers-0 | INFO  | PersistBlockTask | Block 162 (0xb4ad59fa87b3a8a1a788f0252c613ebb04ba76b7d28e0c07748c741ef955a33c) is already imported
2026-10-07 20:22:34.079+00:00 | BftProcessorExecutor-QBFT-0 | INFO  | QbftBesuControllerBuilder | Imported #162 / 0 tx / 0 pending / 0 (0.0%) gas / (0xb4ad59fa87b3a8a1a788f0252c613ebb04ba76b7d28e0c07748c741ef955a33c)
2026-10-07 20:22:36.088+00:00 | EthScheduler-Workers-0 | INFO  | PersistBlockTask | Imported #163 / 0 tx / 0 om / 0 (0.0%) gas / (0xc351b5ebbe1637a0d77364ab288871dc99b31af0e165692b2e5be3f92abc1c2b) in 0.004s. Peers: 14
2026-10-07 20:22:36.088+00:00 | BftProcessorExecutor-QBFT-0 | INFO  | QbftBesuControllerBuilder | Imported #163 / 0 tx / 0 pending / 0 (0.0%) gas / (0xc351b5ebbe1637a0d77364ab288871dc99b31af0e165692b2e5be3f92abc1c2b)
2026-10-07 20:22:38.079+00:00 | BftProcessorExecutor-QBFT-0 | INFO  | QbftBesuControllerBuilder | Imported #164 / 0 tx / 0 pending / 0 (0.0%) gas / (0xca005c5aa4c5a5dd391a04c2e50e68ad6536d316878bbad809470a6658b60840)
2026-10-07 20:22:38.081+00:00 | EthScheduler-Workers-0 | INFO  | PersistBlockTask | Block 164 (0xca005c5aa4c5a5dd391a04c2e50e68ad6536d316878bbad809470a6658b60840) is already imported
2026-10-07 20:22:40.077+00:00 | BftProcessorExecutor-QBFT-0 | INFO  | QbftBesuControllerBuilder | Imported #165 / 0 tx / 0 pending / 0 (0.0%) gas / (0xd834a4d126c1a6085d8d84a24751b0ae497fac7394af74b63dcccbe2b2632761)
2026-10-07 20:22:42.082+00:00 | EthScheduler-Workers-0 | INFO  | PersistBlockTask | Block 166 (0x6310569ca1d4dcc89f4268fae8264b4ebbf1bcab6bd984c67f31f7c8711f93bd) is already imported
2026-10-07 20:22:42.082+00:00 | BftProcessorExecutor-QBFT-0 | INFO  | QbftBesuControllerBuilder | Imported #166 / 0 tx / 0 pending / 0 (0.0%) gas / (0x6310569ca1d4dcc89f4268fae8264b4ebbf1bcab6bd984c67f31f7c8711f93bd)
2026-10-07 20:22:44.081+00:00 | BftProcessorExecutor-QBFT-0 | INFO  | QbftBesuControllerBuilder | Imported #167 / 0 tx / 0 pending / 0 (0.0%) gas / (0xc4eccce8903cfdd40afd0fb7b2b8af5a71e007c1dd7e59f1239e1f1f8517e3aa)
2026-10-07 20:22:44.081+00:00 | EthScheduler-Workers-0 | INFO  | PersistBlockTask | Block 167 (0xc4eccce8903cfdd40afd0fb7b2b8af5a71e007c1dd7e59f1239e1f1f8517e3aa) is already imported
2026-10-07 20:22:46.071+00:00 | BftProcessorExecutor-QBFT-0 | INFO  | QbftBesuControllerBuilder | Imported #168 / 0 tx / 0 pending / 0 (0.0%) gas / (0xee0f120927c3eae440ee934e65a8a937ed2b243b50f1c6f37e1df69c8f94b340)
2026-10-07 20:22:48.087+00:00 | BftProcessorExecutor-QBFT-0 | INFO  | QbftBesuControllerBuilder | Imported #169 / 0 tx / 0 pending / 0 (0.0%) gas / (0xea66ce2337ecbcc865104479fe5f72b595807bfcc24870502a3b51c700d79e3c)
2026-10-07 20:22:48.090+00:00 | EthScheduler-Workers-0 | INFO  | PersistBlockTask | Block 169 (0xea66ce2337ecbcc865104479fe5f72b595807bfcc24870502a3b51c700d79e3c) is already imported
2026-10-07 20:22:50.090+00:00 | EthScheduler-Workers-0 | INFO  | PersistBlockTask | Imported #170 / 0 tx / 0 om / 0 (0.0%) gas / (0x28d665ef99bea6f00ed743c02ec3fa9b9ea36986483f95fad946454825653a7a) in 0.001s. Peers: 14
2026-10-07 20:22:50.090+00:00 | BftProcessorExecutor-QBFT-0 | INFO  | QbftBesuControllerBuilder | Imported #170 / 0 tx / 0 pending / 0 (0.0%) gas / (0x28d665ef99bea6f00ed743c02ec3fa9b9ea36986483f95fad946454825653a7a)
2026-10-07 20:22:52.087+00:00 | EthScheduler-Workers-0 | INFO  | PersistBlockTask | Block 171 (0x0856fddf57ed93f86961e307eb47169a67d34a4d6c1a1d50ba2996e2c3b23564) is already imported
2026-10-07 20:22:52.087+00:00 | BftProcessorExecutor-QBFT-0 | INFO  | QbftBesuControllerBuilder | Produced #171 / 0 tx / 0 pending / 0 (0.0%) gas / (0x0856fddf57ed93f86961e307eb47169a67d34a4d6c1a1d50ba2996e2c3b23564)
2026-10-07 20:22:54.078+00:00 | BftProcessorExecutor-QBFT-0 | INFO  | QbftBesuControllerBuilder | Imported #172 / 0 tx / 0 pending / 0 (0.0%) gas / (0x6628b0bc136ef6e0c11efb25fa14f6175674f83cda1bc5eeb11f0f320a3997e2)
2026-10-07 20:22:54.079+00:00 | EthScheduler-Workers-0 | INFO  | PersistBlockTask | Block 172 (0x6628b0bc136ef6e0c11efb25fa14f6175674f83cda1bc5eeb11f0f320a3997e2) is already imported
2026-10-07 20:22:56.079+00:00 | BftProcessorExecutor-QBFT-0 | INFO  | QbftBesuControllerBuilder | Imported #173 / 0 tx / 0 pending / 0 (0.0%) gas / (0x3b0f537eb8c3a9e01df38ae5e7977211575509e95292bfda3ca34e023bf73641)
2026-10-07 20:22:56.081+00:00 | EthScheduler-Workers-0 | INFO  | PersistBlockTask | Block 173 (0x3b0f537eb8c3a9e01df38ae5e7977211575509e95292bfda3ca34e023bf73641) is already imported
2026-10-07 20:22:58.083+00:00 | BftProcessorExecutor-QBFT-0 | INFO  | QbftBesuControllerBuilder | Imported #174 / 0 tx / 0 pending / 0 (0.0%) gas / (0x941eb26d43aa4882a4ef7ca70797c79aca5c8a06c4d5ead664aeb23cb28230fb)
2026-10-07 20:22:58.083+00:00 | EthScheduler-Workers-0 | INFO  | PersistBlockTask | Block 174 (0x941eb26d43aa4882a4ef7ca70797c79aca5c8a06c4d5ead664aeb23cb28230fb) is already imported
2026-10-07 20:23:00.077+00:00 | EthScheduler-Workers-0 | INFO  | PersistBlockTask | Block 175 (0xeef616ab971d73c137559b1a748d66c396c0c6d88eaee32e13f99d447b064067) is already imported
2026-10-07 20:23:00.077+00:00 | BftProcessorExecutor-QBFT-0 | INFO  | QbftBesuControllerBuilder | Imported #175 / 0 tx / 0 pending / 0 (0.0%) gas / (0xeef616ab971d73c137559b1a748d66c396c0c6d88eaee32e13f99d447b064067)
2026-10-07 20:23:02.072+00:00 | EthScheduler-Workers-0 | INFO  | PersistBlockTask | Block 176 (0xb923981624d8fa0a004ee0e590915a30d899656406c609a6896db0c8d66c974c) is already imported
2026-10-07 20:23:02.072+00:00 | BftProcessorExecutor-QBFT-0 | INFO  | QbftBesuControllerBuilder | Imported #176 / 0 tx / 0 pending / 0 (0.0%) gas / (0xb923981624d8fa0a004ee0e590915a30d899656406c609a6896db0c8d66c974c)
2026-10-07 20:23:04.073+00:00 | BftProcessorExecutor-QBFT-0 | INFO  | QbftBesuControllerBuilder | Imported #177 / 0 tx / 0 pending / 0 (0.0%) gas / (0x2cfabde41acf0f9630e9960b649e7ce033696ffba9109db569964f4b170ba309)
2026-10-07 20:23:04.078+00:00 | EthScheduler-Workers-0 | INFO  | PersistBlockTask | Block 177 (0x2cfabde41acf0f9630e9960b649e7ce033696ffba9109db569964f4b170ba309) is already imported
2026-10-07 20:23:06.140+00:00 | BftProcessorExecutor-QBFT-0 | INFO  | QbftBesuControllerBuilder | Imported #178 / 5 tx / 132 pending / 768,142 (0.0%) gas / (0xc61b4c0da84d9c1b43ae13dd02cb418d7f7bef064d22cd115406148239832a8d)
2026-10-07 20:23:08.330+00:00 | BftProcessorExecutor-QBFT-0 | INFO  | QbftBesuControllerBuilder | Imported #179 / 48 tx / 777 pending / 7,374,488 (0.0%) gas / (0xa00a7582c54b8de11c8e154602d80aed06912f9d31dc97213e74cb4a16b4bbd7)
2026-10-07 20:23:10.475+00:00 | EthScheduler-Workers-0 | INFO  | PersistBlockTask | Block 180 (0x5b979c11e8517aed630f3a62896c06179ae5be379fc9ef78d7d90a11520a8f78) is already imported
2026-10-07 20:23:10.477+00:00 | BftProcessorExecutor-QBFT-0 | INFO  | QbftBesuControllerBuilder | Imported #180 / 91 tx / 1369 pending / 13,980,714 (0.0%) gas / (0x5b979c11e8517aed630f3a62896c06179ae5be379fc9ef78d7d90a11520a8f78)
2026-10-07 20:23:12.477+00:00 | BftProcessorExecutor-QBFT-0 | INFO  | QbftBesuControllerBuilder | Imported #181 / 133 tx / 1771 pending / 20,433,494 (0.0%) gas / (0x6cd906a1eaad7ce0eab634b3d8337a2fb9f5b8f9fa744cc4fd7baf8167886802)
2026-10-07 20:23:14.526+00:00 | BftProcessorExecutor-QBFT-0 | INFO  | QbftBesuControllerBuilder | Imported #182 / 138 tx / 1633 pending / 21,201,384 (0.0%) gas / (0x87685da5bfe83b4a975a857ae2e01822042ae114cb6416c767034397f6bfcff4)
2026-10-07 20:23:16.602+00:00 | BftProcessorExecutor-QBFT-0 | INFO  | QbftBesuControllerBuilder | Imported #183 / 137 tx / 1496 pending / 21,047,890 (0.0%) gas / (0xd3dc91a1376c4d1bf55c0503f06571b3f52cffdbcdabd0b34da45a25e736075a)
2026-10-07 20:23:18.610+00:00 | BftProcessorExecutor-QBFT-0 | INFO  | QbftBesuControllerBuilder | Imported #184 / 137 tx / 1359 pending / 21,047,826 (0.0%) gas / (0xe86bc7f1daf879d4fe5160365e0397d8913680f231a70013ac536deafaea683c)
2026-10-07 20:23:20.573+00:00 | BftProcessorExecutor-QBFT-0 | INFO  | QbftBesuControllerBuilder | Imported #185 / 136 tx / 1223 pending / 20,894,420 (0.0%) gas / (0x63a00a061e7a933084c88b20161b708e108cacc89790a451ab5f1eeb02a2f5ce)
2026-10-07 20:23:22.556+00:00 | BftProcessorExecutor-QBFT-0 | INFO  | QbftBesuControllerBuilder | Produced #186 / 136 tx / 1087 pending / 20,894,060 (0.0%) gas / (0x9f38253237fa192a673a5d3a39e130201d759b0fda7a395ab034c23c27949ea8)
2026-10-07 20:23:24.633+00:00 | BftProcessorExecutor-QBFT-0 | INFO  | QbftBesuControllerBuilder | Imported #187 / 136 tx / 951 pending / 20,893,968 (0.0%) gas / (0xcb9a33a21b89d07e295ae2f161dc622e78a5423aa950bceef5229bc31aa0a820)
2026-10-07 20:23:26.546+00:00 | BftProcessorExecutor-QBFT-0 | INFO  | QbftBesuControllerBuilder | Imported #188 / 136 tx / 815 pending / 20,894,528 (0.0%) gas / (0xc7b8a19ae9eda8ccb14a675a284cb274877e9efc73436eab2421da997d8afd81)
2026-10-07 20:23:28.516+00:00 | BftProcessorExecutor-QBFT-0 | INFO  | QbftBesuControllerBuilder | Imported #189 / 136 tx / 679 pending / 20,894,180 (0.0%) gas / (0x7e25acbe91f41e3a0c6f9a573136d9e8acaef9dfbcb13f001ae2eda6c12243f5)
2026-10-07 20:23:30.548+00:00 | BftProcessorExecutor-QBFT-0 | INFO  | QbftBesuControllerBuilder | Imported #190 / 136 tx / 543 pending / 20,894,408 (0.0%) gas / (0xadd537c4cf2d17cb1feaf91d7167e6b178fdc6f4d8a02a4e5b506896f1aeee85)
2026-10-07 20:23:32.516+00:00 | BftProcessorExecutor-QBFT-0 | INFO  | QbftBesuControllerBuilder | Imported #191 / 136 tx / 407 pending / 20,893,956 (0.0%) gas / (0x0b4a1886fe69dfa7ddbfe21f59ca0e458f638302bb3990a9f5846e9940b2852e)
2026-10-07 20:23:34.585+00:00 | BftProcessorExecutor-QBFT-0 | INFO  | QbftBesuControllerBuilder | Imported #192 / 136 tx / 271 pending / 20,894,328 (0.0%) gas / (0x98690eee272ac522f934c64152fee905f373d652d3bb0b576fb94553843db5d4)
2026-10-07 20:23:36.570+00:00 | BftProcessorExecutor-QBFT-0 | INFO  | QbftBesuControllerBuilder | Imported #193 / 131 tx / 140 pending / 20,125,878 (0.0%) gas / (0xfe722f94a8e0ec80e5a78c866ad7d0cd07a599f79af9eddd1f68ca23df11f81a)
2026-10-07 20:23:38.337+00:00 | BftProcessorExecutor-QBFT-0 | INFO  | QbftBesuControllerBuilder | Imported #194 / 88 tx / 52 pending / 13,519,512 (0.0%) gas / (0x378331190728daae5b6323330939fd71aba6434a7fa892f31483315cb866e587)
2026-10-07 20:23:40.316+00:00 | BftProcessorExecutor-QBFT-0 | INFO  | QbftBesuControllerBuilder | Imported #195 / 47 tx / 5 pending / 7,220,718 (0.0%) gas / (0xaf2812882acc78b0803387d4c6adcdcfa519523a3060c7c78e06558e65144728)
2026-10-07 20:23:40.316+00:00 | EthScheduler-Workers-0 | INFO  | PersistBlockTask | Block 195 (0xaf2812882acc78b0803387d4c6adcdcfa519523a3060c7c78e06558e65144728) is already imported
2026-10-07 20:23:42.109+00:00 | EthScheduler-Workers-0 | INFO  | PersistBlockTask | Block 196 (0x4bbd1f8fb7ab925fcb1e0e5a3810b77c2b493e239165febcf5f3b4ec73586c13) is already imported
2026-10-07 20:23:42.109+00:00 | BftProcessorExecutor-QBFT-0 | INFO  | QbftBesuControllerBuilder | Imported #196 / 5 tx / 0 pending / 768,174 (0.0%) gas / (0x4bbd1f8fb7ab925fcb1e0e5a3810b77c2b493e239165febcf5f3b4ec73586c13)
2026-10-07 20:23:44.074+00:00 | BftProcessorExecutor-QBFT-0 | INFO  | QbftBesuControllerBuilder | Imported #197 / 0 tx / 0 pending / 0 (0.0%) gas / (0xca1f76e5c0967801a57efe45f41fe8cc9d763f6271aac4c6816fc47a4d6fd4cc)
2026-10-07 20:23:44.074+00:00 | EthScheduler-Workers-0 | INFO  | PersistBlockTask | Block 197 (0xca1f76e5c0967801a57efe45f41fe8cc9d763f6271aac4c6816fc47a4d6fd4cc) is already imported
2026-10-07 20:23:46.070+00:00 | BftProcessorExecutor-QBFT-0 | INFO  | QbftBesuControllerBuilder | Imported #198 / 0 tx / 0 pending / 0 (0.0%) gas / (0x845481f575d2cf164739b2f41e249156f90530021ed442fe0bbda01a1f9dbca7)
2026-10-07 20:23:48.068+00:00 | BftProcessorExecutor-QBFT-0 | INFO  | QbftBesuControllerBuilder | Imported #199 / 0 tx / 0 pending / 0 (0.0%) gas / (0xf26ab7dc093c4cee6f4906dbab3994407a53f2935f9fdf3f1840d90c88f22315)
2026-10-07 20:23:50.085+00:00 | BftProcessorExecutor-QBFT-0 | INFO  | QbftBesuControllerBuilder | Imported #200 / 0 tx / 0 pending / 0 (0.0%) gas / (0x943e4ad1f9cdc4220178ae348c47d978ba38081227f6528bd0d8de7615f582d7)
2026-10-07 20:23:50.085+00:00 | EthScheduler-Workers-0 | INFO  | PersistBlockTask | Block 200 (0x943e4ad1f9cdc4220178ae348c47d978ba38081227f6528bd0d8de7615f582d7) is already imported
2026-10-07 20:23:52.073+00:00 | EthScheduler-Workers-0 | INFO  | PersistBlockTask | Block 201 (0x196c4aeae67562e71ad1e90438689c36749acaa73c7359bf317dcef13d54e849) is already imported
2026-10-07 20:23:52.073+00:00 | BftProcessorExecutor-QBFT-0 | INFO  | QbftBesuControllerBuilder | Produced #201 / 0 tx / 0 pending / 0 (0.0%) gas / (0x196c4aeae67562e71ad1e90438689c36749acaa73c7359bf317dcef13d54e849)
2026-10-07 20:23:54.081+00:00 | EthScheduler-Workers-0 | INFO  | PersistBlockTask | Block 202 (0x61b22c444cb23e64459ab3165a1016a3f806fd46051a451d7b9dca1a6b459d9c) is already imported
2026-10-07 20:23:54.082+00:00 | BftProcessorExecutor-QBFT-0 | INFO  | QbftBesuControllerBuilder | Imported #202 / 0 tx / 0 pending / 0 (0.0%) gas / (0x61b22c444cb23e64459ab3165a1016a3f806fd46051a451d7b9dca1a6b459d9c)
2026-10-07 20:23:56.078+00:00 | BftProcessorExecutor-QBFT-0 | INFO  | QbftBesuControllerBuilder | Imported #203 / 0 tx / 0 pending / 0 (0.0%) gas / (0x4c5e4fe4724446e4ac08d08e9bd0f4cadc1c4df6ad46609b92584f5a90cf590f)
2026-10-07 20:23:58.088+00:00 | BftProcessorExecutor-QBFT-0 | INFO  | QbftBesuControllerBuilder | Imported #204 / 0 tx / 0 pending / 0 (0.0%) gas / (0x7642b6f8a6d1df36131ad6443858c4039ca87591e5a776c401f948edc9cbac00)
2026-10-07 20:23:58.088+00:00 | EthScheduler-Workers-0 | INFO  | PersistBlockTask | Block 204 (0x7642b6f8a6d1df36131ad6443858c4039ca87591e5a776c401f948edc9cbac00) is already imported
2026-10-07 20:24:00.067+00:00 | BftProcessorExecutor-QBFT-0 | INFO  | QbftBesuControllerBuilder | Imported #205 / 0 tx / 0 pending / 0 (0.0%) gas / (0x964b50b4c98200ea1cac564ef8037fa1571f68ae65f2d48623b39573b13fed5a)
2026-10-07 20:24:02.072+00:00 | BftProcessorExecutor-QBFT-0 | INFO  | QbftBesuControllerBuilder | Imported #206 / 0 tx / 0 pending / 0 (0.0%) gas / (0x15ffe57b23b2bbe637a39f5c3b6d67edecb6310f9d38dbcfd26992e524135872)
2026-10-07 20:24:04.077+00:00 | BftProcessorExecutor-QBFT-0 | INFO  | QbftBesuControllerBuilder | Imported #207 / 0 tx / 0 pending / 0 (0.0%) gas / (0x96ae3bbaba58d240d850c1ff4e6a26a32bbe781b562aca0d7e35b2b26bc7e62e)
2026-10-07 20:24:06.083+00:00 | BftProcessorExecutor-QBFT-0 | INFO  | QbftBesuControllerBuilder | Imported #208 / 0 tx / 0 pending / 0 (0.0%) gas / (0xe43a91459c020c4539bb5c6cf5a5fc5aae1b8258d0d95f0a01a87a6d1ac6ae38)
2026-10-07 20:24:08.081+00:00 | BftProcessorExecutor-QBFT-0 | INFO  | QbftBesuControllerBuilder | Imported #209 / 0 tx / 0 pending / 0 (0.0%) gas / (0x55c8f75486f61190c37a5fcb2d7badd9eb5b672eeb07d375f02216e3759490cc)
2026-10-07 20:24:08.083+00:00 | EthScheduler-Workers-0 | INFO  | PersistBlockTask | Block 209 (0x55c8f75486f61190c37a5fcb2d7badd9eb5b672eeb07d375f02216e3759490cc) is already imported
2026-10-07 20:24:10.073+00:00 | BftProcessorExecutor-QBFT-0 | INFO  | QbftBesuControllerBuilder | Imported #210 / 0 tx / 0 pending / 0 (0.0%) gas / (0xb95424d757eba124bdb2850166134b41beeb7f5bdc32bd82ea83e8bf37e7be1b)
2026-10-07 20:24:12.077+00:00 | BftProcessorExecutor-QBFT-0 | INFO  | QbftBesuControllerBuilder | Imported #211 / 0 tx / 0 pending / 0 (0.0%) gas / (0xd408506a64b70e875db42fd8209108aa79d3af3cf5c5e214f1b38ba3ff5a2c0c)
2026-10-07 20:24:14.089+00:00 | BftProcessorExecutor-QBFT-0 | INFO  | QbftBesuControllerBuilder | Imported #212 / 0 tx / 0 pending / 0 (0.0%) gas / (0x505afe3de7f8e6ab478849be32c64bde5b04e89a1c11ea9b28051267163c5c02)
2026-10-07 20:24:16.076+00:00 | BftProcessorExecutor-QBFT-0 | INFO  | QbftBesuControllerBuilder | Imported #213 / 0 tx / 0 pending / 0 (0.0%) gas / (0x9b11cc5389a0c1f89bb46c1bb74595f3fc9724dfe10eef705ef1ff9cb462d748)
2026-10-07 20:24:16.078+00:00 | EthScheduler-Workers-0 | INFO  | PersistBlockTask | Block 213 (0x9b11cc5389a0c1f89bb46c1bb74595f3fc9724dfe10eef705ef1ff9cb462d748) is already imported
2026-10-07 20:24:18.066+00:00 | BftProcessorExecutor-QBFT-0 | INFO  | QbftBesuControllerBuilder | Imported #214 / 0 tx / 0 pending / 0 (0.0%) gas / (0x9a6d3a964a099ad9232113c5b9c8eeba517a9081f3fdd46833536b7c068f1eee)
2026-10-07 20:24:20.070+00:00 | BftProcessorExecutor-QBFT-0 | INFO  | QbftBesuControllerBuilder | Imported #215 / 0 tx / 0 pending / 0 (0.0%) gas / (0x103eef2ac83ec2119984df44b0fe78c86336900f65098843102a65b4b118cfc8)
2026-10-07 20:24:20.073+00:00 | EthScheduler-Workers-0 | INFO  | PersistBlockTask | Block 215 (0x103eef2ac83ec2119984df44b0fe78c86336900f65098843102a65b4b118cfc8) is already imported
2026-10-07 20:24:22.066+00:00 | BftProcessorExecutor-QBFT-0 | INFO  | QbftBesuControllerBuilder | Produced #216 / 0 tx / 0 pending / 0 (0.0%) gas / (0xac5e5d0a9537b819da4bc60e27d828604693b8c7d2ac97b12acbee8d10672aea)
2026-10-07 20:24:24.067+00:00 | BftProcessorExecutor-QBFT-0 | INFO  | QbftBesuControllerBuilder | Imported #217 / 0 tx / 0 pending / 0 (0.0%) gas / (0x56308ca66141abcbd1ef4d605cbd10de13b9c0c9db927a87adf9679498a63df3)
2026-10-07 20:24:26.079+00:00 | EthScheduler-Workers-0 | INFO  | PersistBlockTask | Imported #218 / 0 tx / 0 om / 0 (0.0%) gas / (0x0b0fdd166706036c3c2811bfc386b374fe6d41e2c330e432f58690eb5e0e5816) in 0.002s. Peers: 14
2026-10-07 20:24:28.080+00:00 | EthScheduler-Workers-0 | INFO  | PersistBlockTask | Block 219 (0xd1d2b503b3376fcc37dc180a036d047582bea48c840b8f94f06cc8636c965344) is already imported
2026-10-07 20:24:28.081+00:00 | BftProcessorExecutor-QBFT-0 | INFO  | QbftBesuControllerBuilder | Imported #219 / 0 tx / 0 pending / 0 (0.0%) gas / (0xd1d2b503b3376fcc37dc180a036d047582bea48c840b8f94f06cc8636c965344)
2026-10-07 20:24:30.079+00:00 | BftProcessorExecutor-QBFT-0 | INFO  | QbftBesuControllerBuilder | Imported #220 / 0 tx / 0 pending / 0 (0.0%) gas / (0x94aad4fa8f5b85b78d3ec93c0333fa2092f6b117b8a3398848ec4304892d815d)
2026-10-07 20:24:30.079+00:00 | EthScheduler-Workers-0 | INFO  | PersistBlockTask | Imported #220 / 0 tx / 0 om / 0 (0.0%) gas / (0x94aad4fa8f5b85b78d3ec93c0333fa2092f6b117b8a3398848ec4304892d815d) in 0.004s. Peers: 14
2026-10-07 20:24:32.072+00:00 | BftProcessorExecutor-QBFT-0 | INFO  | QbftBesuControllerBuilder | Imported #221 / 0 tx / 0 pending / 0 (0.0%) gas / (0x59d50181b82ab552875381c06bda5c553410c225a213d6ac1f4da0399f174e75)
2026-10-07 20:24:32.075+00:00 | EthScheduler-Workers-0 | INFO  | PersistBlockTask | Block 221 (0x59d50181b82ab552875381c06bda5c553410c225a213d6ac1f4da0399f174e75) is already imported
2026-10-07 20:24:34.072+00:00 | BftProcessorExecutor-QBFT-0 | INFO  | QbftBesuControllerBuilder | Imported #222 / 0 tx / 0 pending / 0 (0.0%) gas / (0x8d4cb09cecedf2f0db9787602a7105495ad9b0792903557d48c29416e073de25)
2026-10-07 20:24:36.069+00:00 | EthScheduler-Workers-0 | INFO  | PersistBlockTask | Block 223 (0x73814af607628bbd3ee9699c2db6df765369fddcf9a2b1bdd3e11c6be0940a76) is already imported
2026-10-07 20:24:36.069+00:00 | BftProcessorExecutor-QBFT-0 | INFO  | QbftBesuControllerBuilder | Imported #223 / 0 tx / 0 pending / 0 (0.0%) gas / (0x73814af607628bbd3ee9699c2db6df765369fddcf9a2b1bdd3e11c6be0940a76)
2026-10-07 20:24:38.063+00:00 | BftProcessorExecutor-QBFT-0 | INFO  | QbftBesuControllerBuilder | Imported #224 / 0 tx / 0 pending / 0 (0.0%) gas / (0xcaab0e1a81846f6597508f56f6ad4ca3d5913a0a1fabbd5fdc3b9de1bc9db147)
2026-10-07 20:24:40.083+00:00 | EthScheduler-Workers-0 | INFO  | PersistBlockTask | Imported #225 / 0 tx / 0 om / 0 (0.0%) gas / (0xaa9467da5cbe3a2b59e96c87a3a15cd172dabbc78e799527d7640f7c1194ce19) in 0.003s. Peers: 14
2026-10-07 20:24:42.081+00:00 | EthScheduler-Workers-0 | INFO  | PersistBlockTask | Block 226 (0xe8044b4055049f21fc6d9544ace6de2037591f31403dac4613927ab31ba55e76) is already imported
2026-10-07 20:24:42.081+00:00 | BftProcessorExecutor-QBFT-0 | INFO  | QbftBesuControllerBuilder | Imported #226 / 0 tx / 0 pending / 0 (0.0%) gas / (0xe8044b4055049f21fc6d9544ace6de2037591f31403dac4613927ab31ba55e76)
2026-10-07 20:24:44.072+00:00 | BftProcessorExecutor-QBFT-0 | INFO  | QbftBesuControllerBuilder | Imported #227 / 0 tx / 0 pending / 0 (0.0%) gas / (0x6e20671ba18d3bd79d6c7c96a261f3872b51b712179d32d50fc3dbbe02d89cfb)
2026-10-07 20:24:46.085+00:00 | EthScheduler-Workers-0 | INFO  | PersistBlockTask | Block 228 (0x38a109cc6d6feca5e7d537b998e3b1a36ca46eb122badcdd23fcba6f4a5c64fd) is already imported
2026-10-07 20:24:46.086+00:00 | BftProcessorExecutor-QBFT-0 | INFO  | QbftBesuControllerBuilder | Imported #228 / 0 tx / 0 pending / 0 (0.0%) gas / (0x38a109cc6d6feca5e7d537b998e3b1a36ca46eb122badcdd23fcba6f4a5c64fd)
2026-10-07 20:24:48.081+00:00 | BftProcessorExecutor-QBFT-0 | INFO  | QbftBesuControllerBuilder | Imported #229 / 0 tx / 0 pending / 0 (0.0%) gas / (0x2a3d28d394dff03bd6c045652b53aa55016cafefb9e378ca9f2b1e27fd21950f)
2026-10-07 20:24:48.084+00:00 | EthScheduler-Workers-0 | INFO  | PersistBlockTask | Block 229 (0x2a3d28d394dff03bd6c045652b53aa55016cafefb9e378ca9f2b1e27fd21950f) is already imported
2026-10-07 20:24:50.075+00:00 | EthScheduler-Workers-0 | INFO  | PersistBlockTask | Block 230 (0xbeb230f9beef962023557f56fb93290d0ed807802274d606819999c6ae0c1cb6) is already imported
2026-10-07 20:24:50.076+00:00 | BftProcessorExecutor-QBFT-0 | INFO  | QbftBesuControllerBuilder | Imported #230 / 0 tx / 0 pending / 0 (0.0%) gas / (0xbeb230f9beef962023557f56fb93290d0ed807802274d606819999c6ae0c1cb6)
2026-10-07 20:24:52.066+00:00 | BftProcessorExecutor-QBFT-0 | INFO  | QbftBesuControllerBuilder | Produced #231 / 0 tx / 0 pending / 0 (0.0%) gas / (0xf70522087c8345cb91e5955c9ff224c3718a5b8d5d8da92b6ae22565434da49a)
2026-10-07 20:24:54.081+00:00 | BftProcessorExecutor-QBFT-0 | INFO  | QbftBesuControllerBuilder | Imported #232 / 0 tx / 0 pending / 0 (0.0%) gas / (0x03622082a44030a610204b5f36afb19614b8e5e9cc5cd326d249fbfad61e2c3f)
2026-10-07 20:24:56.072+00:00 | BftProcessorExecutor-QBFT-0 | INFO  | QbftBesuControllerBuilder | Imported #233 / 0 tx / 0 pending / 0 (0.0%) gas / (0x61e4903b2a90569f3730209349ba92b327842308388281df81a89e6d87acb31c)
2026-10-07 20:24:58.072+00:00 | BftProcessorExecutor-QBFT-0 | INFO  | QbftBesuControllerBuilder | Imported #234 / 0 tx / 0 pending / 0 (0.0%) gas / (0x6b2f09cd1f7beb235835bd63f1c1655ae2b47f5dd934576b5cc4ddad5ce0c739)
2026-10-07 20:25:00.080+00:00 | EthScheduler-Workers-0 | INFO  | PersistBlockTask | Block 235 (0x6f695c83d97d8cf51133fcd6806e662d2942c304beeee81e01631bb9d94dc5ef) is already imported
2026-10-07 20:25:00.080+00:00 | BftProcessorExecutor-QBFT-0 | INFO  | QbftBesuControllerBuilder | Imported #235 / 0 tx / 0 pending / 0 (0.0%) gas / (0x6f695c83d97d8cf51133fcd6806e662d2942c304beeee81e01631bb9d94dc5ef)
2026-10-07 20:25:02.056+00:00 | BftProcessorExecutor-QBFT-0 | INFO  | QbftBesuControllerBuilder | Imported #236 / 0 tx / 0 pending / 0 (0.0%) gas / (0xed0fffe0f89c02fcdbc10defb8d87ae81c2f32cb829281fc5ae701069e1717d1)
2026-10-07 20:25:04.072+00:00 | EthScheduler-Workers-0 | INFO  | PersistBlockTask | Block 237 (0xc6d47b9183da5d507765a500f4eceb7d1063ea9dfc2f49eb04e5de3c3eccce34) is already imported
2026-10-07 20:25:04.072+00:00 | BftProcessorExecutor-QBFT-0 | INFO  | QbftBesuControllerBuilder | Imported #237 / 0 tx / 0 pending / 0 (0.0%) gas / (0xc6d47b9183da5d507765a500f4eceb7d1063ea9dfc2f49eb04e5de3c3eccce34)
2026-10-07 20:25:06.078+00:00 | BftProcessorExecutor-QBFT-0 | INFO  | QbftBesuControllerBuilder | Imported #238 / 0 tx / 0 pending / 0 (0.0%) gas / (0x118f3c995dac34ba7d835ab88a72a0e561a6fbf259cc382e24c7e5e74d74333a)
2026-10-07 20:25:06.078+00:00 | EthScheduler-Workers-0 | INFO  | PersistBlockTask | Block 238 (0x118f3c995dac34ba7d835ab88a72a0e561a6fbf259cc382e24c7e5e74d74333a) is already imported
2026-10-07 20:25:08.080+00:00 | BftProcessorExecutor-QBFT-0 | INFO  | QbftBesuControllerBuilder | Imported #239 / 0 tx / 0 pending / 0 (0.0%) gas / (0x3873f65d8ebc86b9e11add63162ebf5e05d7c45c54f7cc448914692643c40f78)
2026-10-07 20:25:08.081+00:00 | EthScheduler-Workers-0 | INFO  | PersistBlockTask | Block 239 (0x3873f65d8ebc86b9e11add63162ebf5e05d7c45c54f7cc448914692643c40f78) is already imported
2026-10-07 20:25:10.093+00:00 | EthScheduler-Workers-0 | INFO  | PersistBlockTask | Block 240 (0xbb46dea50ef69b7ddf7e0e395dc47ab1dbad1e622f07c8e1b03d1cb74f0d0abf) is already imported
2026-10-07 20:25:10.093+00:00 | BftProcessorExecutor-QBFT-0 | INFO  | QbftBesuControllerBuilder | Imported #240 / 0 tx / 0 pending / 0 (0.0%) gas / (0xbb46dea50ef69b7ddf7e0e395dc47ab1dbad1e622f07c8e1b03d1cb74f0d0abf)
2026-10-07 20:25:12.075+00:00 | EthScheduler-Workers-0 | INFO  | PersistBlockTask | Block 241 (0x7aec826c78f63cbf68b1bb541350a06cae68bcb1d2332e9ef1a6768c4c9d4f9c) is already imported
2026-10-07 20:25:12.075+00:00 | BftProcessorExecutor-QBFT-0 | INFO  | QbftBesuControllerBuilder | Imported #241 / 0 tx / 0 pending / 0 (0.0%) gas / (0x7aec826c78f63cbf68b1bb541350a06cae68bcb1d2332e9ef1a6768c4c9d4f9c)
2026-10-07 20:25:14.688+00:00 | EthScheduler-Workers-0 | INFO  | PersistBlockTask | Block 242 (0xbdd979c4135a2478a4a376a7c90a0f1f6630c9ddbc201c58b4abad4a7f6c459e) is already imported
2026-10-07 20:25:14.689+00:00 | BftProcessorExecutor-QBFT-0 | INFO  | QbftBesuControllerBuilder | Imported #242 / 40 tx / 790 pending / 9,678,800 (0.0%) gas / (0xbdd979c4135a2478a4a376a7c90a0f1f6630c9ddbc201c58b4abad4a7f6c459e)
2026-10-07 20:25:17.413+00:00 | BftProcessorExecutor-QBFT-0 | INFO  | QbftBesuControllerBuilder | Imported #243 / 91 tx / 1748 pending / 22,019,270 (0.0%) gas / (0x62c652a828c10dc0a13bb3b00dda3f266cb182dbd27e8d501270432ade0aa58b)
2026-10-07 20:25:20.124+00:00 | BftProcessorExecutor-QBFT-0 | INFO  | QbftBesuControllerBuilder | Imported #244 / 145 tx / 2754 pending / 35,085,650 (0.0%) gas / (0x750f7c5cf4ce458e8d07896b2a402083d7b14f204a9c9224154553a2c90f0160)
2026-10-07 20:25:23.076+00:00 | BftProcessorExecutor-QBFT-0 | INFO  | QbftBesuControllerBuilder | Imported #245 / 203 tx / 3600 pending / 49,119,910 (0.0%) gas / (0x6ae35a69de6f62c33781824143c3bd460d51d466667be869dc310fa04e0e23da)
2026-10-07 20:25:26.950+00:00 | EthScheduler-Workers-0 | INFO  | PersistBlockTask | Block 246 (0x168287498a1665d9f2f38c90201b4f14dd7dba7a36a03176756084a80d2d9df4) is already imported
2026-10-07 20:25:26.953+00:00 | BftProcessorExecutor-QBFT-0 | INFO  | QbftBesuControllerBuilder | Produced #246 / 271 tx / 4800 pending / 65,573,870 (0.0%) gas / (0x168287498a1665d9f2f38c90201b4f14dd7dba7a36a03176756084a80d2d9df4)
2026-10-07 20:25:31.593+00:00 | EthScheduler-Workers-0 | INFO  | PersistBlockTask | Block 247 (0x4997ce5ff6cb8864baf8e14041fb5b802bd69c5d26f3f070c510f1efe1458d1a) is already imported
2026-10-07 20:25:31.599+00:00 | BftProcessorExecutor-QBFT-0 | INFO  | QbftBesuControllerBuilder | Imported #247 / 330 tx / 6228 pending / 79,850,100 (0.0%) gas / (0x4997ce5ff6cb8864baf8e14041fb5b802bd69c5d26f3f070c510f1efe1458d1a)
2026-10-07 20:25:36.208+00:00 | EthScheduler-Workers-0 | INFO  | PersistBlockTask | Block 248 (0xc478e59857992885a921a19e234e10d8a59bebfcf244a61ba61988f0be5b3891) is already imported
2026-10-07 20:25:36.213+00:00 | BftProcessorExecutor-QBFT-0 | INFO  | QbftBesuControllerBuilder | Imported #248 / 329 tx / 7623 pending / 79,608,130 (0.0%) gas / (0xc478e59857992885a921a19e234e10d8a59bebfcf244a61ba61988f0be5b3891)
2026-10-07 20:25:40.784+00:00 | EthScheduler-Workers-0 | INFO  | PersistBlockTask | Block 249 (0xc58207bf63136fe3b6d3901f537b454cb9d3ee762659adba8138d57dd5bc39f3) is already imported
2026-10-07 20:25:40.786+00:00 | BftProcessorExecutor-QBFT-0 | INFO  | QbftBesuControllerBuilder | Imported #249 / 336 tx / 9023 pending / 81,301,920 (0.0%) gas / (0xc58207bf63136fe3b6d3901f537b454cb9d3ee762659adba8138d57dd5bc39f3)
2026-10-07 20:25:45.386+00:00 | EthScheduler-Workers-0 | INFO  | PersistBlockTask | Block 250 (0x20fdbf68cc85ae54b3c90996eaed9b747e4acac62512701c85d1a2c163ef7581) is already imported
2026-10-07 20:25:45.389+00:00 | BftProcessorExecutor-QBFT-0 | INFO  | QbftBesuControllerBuilder | Imported #250 / 330 tx / 10275 pending / 79,850,100 (0.0%) gas / (0x20fdbf68cc85ae54b3c90996eaed9b747e4acac62512701c85d1a2c163ef7581)
2026-10-07 20:25:49.961+00:00 | EthScheduler-Workers-0 | INFO  | PersistBlockTask | Block 251 (0x5c486b02702a06964407cadc446461f44fbed90ccbc60aacb37fed7c002189f4) is already imported
2026-10-07 20:25:49.965+00:00 | BftProcessorExecutor-QBFT-0 | INFO  | QbftBesuControllerBuilder | Imported #251 / 323 tx / 11550 pending / 78,156,310 (0.0%) gas / (0x5c486b02702a06964407cadc446461f44fbed90ccbc60aacb37fed7c002189f4)
2026-10-07 20:25:54.769+00:00 | EthScheduler-Workers-0 | INFO  | PersistBlockTask | Block 252 (0x20179442c8b87ebf3656dc4b7a096b031eafed384c287a978a13e85f332bb148) is already imported
2026-10-07 20:25:54.776+00:00 | BftProcessorExecutor-QBFT-0 | INFO  | QbftBesuControllerBuilder | Imported #252 / 346 tx / 12970 pending / 83,721,620 (0.0%) gas / (0x20179442c8b87ebf3656dc4b7a096b031eafed384c287a978a13e85f332bb148)
2026-10-07 20:25:59.311+00:00 | BftProcessorExecutor-QBFT-0 | INFO  | QbftBesuControllerBuilder | Imported #253 / 337 tx / 13303 pending / 81,543,890 (0.0%) gas / (0xf6992466c3e8b4171d3d61a058487feea25c71806bc640c86448807f82ff0cca)
2026-10-07 20:26:03.971+00:00 | BftProcessorExecutor-QBFT-0 | INFO  | QbftBesuControllerBuilder | Imported #254 / 341 tx / 12962 pending / 82,511,770 (0.0%) gas / (0x0db84580b49d45334bf6c0a3289a1130cf097420b09a0d5e6bedf11ad181a4a7)
2026-10-07 20:26:08.572+00:00 | BftProcessorExecutor-QBFT-0 | INFO  | QbftBesuControllerBuilder | Imported #255 / 334 tx / 12628 pending / 80,817,980 (0.0%) gas / (0xc8eabba2c54e055a1c8ddecc6dc9d50e41048692eba025be58ae87fe2d61879f)
2026-10-07 20:26:13.303+00:00 | EthScheduler-Workers-0 | INFO  | PersistBlockTask | Block 256 (0x525d8778c994ae6bfe5729b07a15da426abf0af903cfdd705a4f212fb79a3e0f) is already imported
2026-10-07 20:26:13.307+00:00 | BftProcessorExecutor-QBFT-0 | INFO  | QbftBesuControllerBuilder | Imported #256 / 348 tx / 12280 pending / 84,205,560 (0.0%) gas / (0x525d8778c994ae6bfe5729b07a15da426abf0af903cfdd705a4f212fb79a3e0f)
2026-10-07 20:26:17.864+00:00 | BftProcessorExecutor-QBFT-0 | INFO  | QbftBesuControllerBuilder | Imported #257 / 331 tx / 11949 pending / 80,092,070 (0.0%) gas / (0xc057ebb045cad9facb64051d5032a2c4144605376a96d702f2f172e4af8d6b29)
2026-10-07 20:26:22.734+00:00 | EthScheduler-Workers-0 | INFO  | PersistBlockTask | Block 258 (0xa4d5ca106b9f1b5da933395e7bf45d8ea09ceb136c04d385958ab7f4e10ee91d) is already imported
2026-10-07 20:26:22.740+00:00 | BftProcessorExecutor-QBFT-0 | INFO  | QbftBesuControllerBuilder | Imported #258 / 348 tx / 11601 pending / 84,205,560 (0.0%) gas / (0xa4d5ca106b9f1b5da933395e7bf45d8ea09ceb136c04d385958ab7f4e10ee91d)
2026-10-07 20:26:27.432+00:00 | BftProcessorExecutor-QBFT-0 | INFO  | QbftBesuControllerBuilder | Imported #259 / 346 tx / 11255 pending / 83,721,620 (0.0%) gas / (0x4bc0c494a009793d6ec816061ec5062c36fd81af1f8f6ee5fc0af9629ffa74a4)
2026-10-07 20:26:32.108+00:00 | BftProcessorExecutor-QBFT-0 | INFO  | QbftBesuControllerBuilder | Imported #260 / 339 tx / 10916 pending / 82,027,830 (0.0%) gas / (0x2b24ad328409db2434aad17c429c90be61b9105cb461f471d3a834bed33fd52f)
2026-10-07 20:26:33.612+00:00 | BftProcessorExecutor-QBFT-0 | WARN  | BlockTransactionSelector | Interrupting the selection of transactions for block inclusion as it exceeds the maximum configured duration of 1500ms
java.util.concurrent.TimeoutException
	at java.base/java.util.concurrent.CompletableFuture.timedGet(CompletableFuture.java:1960)
	at java.base/java.util.concurrent.CompletableFuture.get(CompletableFuture.java:2095)
	at org.hyperledger.besu.ethereum.blockcreation.txselection.BlockTransactionSelector.timeLimitedSelection(BlockTransactionSelector.java:186)
	at org.hyperledger.besu.ethereum.blockcreation.txselection.BlockTransactionSelector.buildTransactionListForBlock(BlockTransactionSelector.java:169)
	at org.hyperledger.besu.ethereum.blockcreation.AbstractBlockCreator.selectTransactions(AbstractBlockCreator.java:376)
	at org.hyperledger.besu.ethereum.blockcreation.AbstractBlockCreator.createBlock(AbstractBlockCreator.java:218)
	at org.hyperledger.besu.ethereum.blockcreation.AbstractBlockCreator.createBlock(AbstractBlockCreator.java:146)
	at org.hyperledger.besu.consensus.common.bft.blockcreation.BftBlockCreator.createBlock(BftBlockCreator.java:92)
	at org.hyperledger.besu.consensus.qbft.statemachine.QbftRound.createAndSendProposalMessage(QbftRound.java:137)
	at org.hyperledger.besu.consensus.qbft.statemachine.QbftBlockHeightManager.handleBlockTimerExpiry(QbftBlockHeightManager.java:140)
	at org.hyperledger.besu.consensus.common.bft.statemachine.BaseBftController.handleBlockTimerExpiry(BaseBftController.java:167)
	at org.hyperledger.besu.consensus.common.bft.EventMultiplexer.handleBftEvent(EventMultiplexer.java:65)
	at java.base/java.util.Optional.ifPresent(Optional.java:178)
	at org.hyperledger.besu.consensus.common.bft.BftProcessor.run(BftProcessor.java:65)
	at java.base/java.util.concurrent.ThreadPoolExecutor.runWorker(ThreadPoolExecutor.java:1144)
	at java.base/java.util.concurrent.ThreadPoolExecutor$Worker.run(ThreadPoolExecutor.java:642)
	at java.base/java.lang.Thread.run(Thread.java:1583)
2026-10-07 20:26:36.829+00:00 | EthScheduler-Workers-0 | INFO  | PersistBlockTask | Block 261 (0xe7ce891fb4fa6a97b9f68cac705072a4d4b6cce0708ddda76589fa4003393c5f) is already imported
2026-10-07 20:26:36.832+00:00 | BftProcessorExecutor-QBFT-0 | INFO  | QbftBesuControllerBuilder | Produced #261 / 336 tx / 10580 pending / 81,301,920 (0.0%) gas / (0xe7ce891fb4fa6a97b9f68cac705072a4d4b6cce0708ddda76589fa4003393c5f)
2026-10-07 20:26:41.413+00:00 | BftProcessorExecutor-QBFT-0 | INFO  | QbftBesuControllerBuilder | Imported #262 / 336 tx / 10244 pending / 81,301,920 (0.0%) gas / (0x3813e080440fc070b5ae27f4459fe6d6c1bd75278b9c553a59e86895066f5050)
2026-10-07 20:26:46.022+00:00 | BftProcessorExecutor-QBFT-0 | INFO  | QbftBesuControllerBuilder | Imported #263 / 336 tx / 9908 pending / 81,301,920 (0.0%) gas / (0xdf7260fa20f355c9c3be0448dc61faab487af855948a6027a6588e1d291a085f)
2026-10-07 20:26:50.459+00:00 | BftProcessorExecutor-QBFT-0 | INFO  | QbftBesuControllerBuilder | Imported #264 / 314 tx / 9594 pending / 75,978,580 (0.0%) gas / (0x08572012676266fd00e4ffe54e6895b8183ffd7fc1211a8af5a8274815981973)
2026-10-07 20:26:55.174+00:00 | EthScheduler-Workers-0 | INFO  | PersistBlockTask | Block 265 (0x9029f7acbfe552c75a91637aa96f0ffb318b95b7db3350502a2c33690bd64b72) is already imported
2026-10-07 20:26:55.179+00:00 | BftProcessorExecutor-QBFT-0 | INFO  | QbftBesuControllerBuilder | Imported #265 / 346 tx / 9248 pending / 83,721,620 (0.0%) gas / (0x9029f7acbfe552c75a91637aa96f0ffb318b95b7db3350502a2c33690bd64b72)
2026-10-07 20:26:59.896+00:00 | BftProcessorExecutor-QBFT-0 | INFO  | QbftBesuControllerBuilder | Imported #266 / 340 tx / 8908 pending / 82,269,800 (0.0%) gas / (0x1a1241b223f7ffbd57367f201717ec0c222ddda9bb14051befc065fe9703daf4)
2026-10-07 20:27:04.649+00:00 | EthScheduler-Workers-0 | INFO  | PersistBlockTask | Block 267 (0xd8b180cbbbf1221da16d5e66433c5283652c5c217b11864956b56ffa638d5229) is already imported
2026-10-07 20:27:04.654+00:00 | BftProcessorExecutor-QBFT-0 | INFO  | QbftBesuControllerBuilder | Imported #267 / 347 tx / 8561 pending / 83,963,590 (0.0%) gas / (0xd8b180cbbbf1221da16d5e66433c5283652c5c217b11864956b56ffa638d5229)
2026-10-07 20:27:09.370+00:00 | EthScheduler-Workers-0 | INFO  | PersistBlockTask | Block 268 (0x493383619dce734fe62089b81008eef8a3eaa5c3d5ba425122b04e3a76d0aed3) is already imported
2026-10-07 20:27:09.374+00:00 | BftProcessorExecutor-QBFT-0 | INFO  | QbftBesuControllerBuilder | Imported #268 / 348 tx / 8213 pending / 84,205,560 (0.0%) gas / (0x493383619dce734fe62089b81008eef8a3eaa5c3d5ba425122b04e3a76d0aed3)
2026-10-07 20:27:14.059+00:00 | EthScheduler-Workers-0 | INFO  | PersistBlockTask | Block 269 (0xf48e62251a3eebb3470c563502c32a82c7d64d9796e5dae7dcdc07786f228c49) is already imported
2026-10-07 20:27:14.063+00:00 | BftProcessorExecutor-QBFT-0 | INFO  | QbftBesuControllerBuilder | Imported #269 / 343 tx / 7870 pending / 82,995,710 (0.0%) gas / (0xf48e62251a3eebb3470c563502c32a82c7d64d9796e5dae7dcdc07786f228c49)
2026-10-07 20:27:18.737+00:00 | BftProcessorExecutor-QBFT-0 | INFO  | QbftBesuControllerBuilder | Imported #270 / 344 tx / 7526 pending / 83,237,680 (0.0%) gas / (0x36c15075d2e374fb15b8f5a00fb59c10b7a55e670b5b753e385ce9ca2aed294c)
2026-10-07 20:27:23.401+00:00 | BftProcessorExecutor-QBFT-0 | INFO  | QbftBesuControllerBuilder | Imported #271 / 344 tx / 7182 pending / 83,237,680 (0.0%) gas / (0xaf19af5a77d5864b27b12f89463dd955b06919978d80a3c109b80e527900540a)
2026-10-07 20:27:28.169+00:00 | EthScheduler-Workers-0 | INFO  | PersistBlockTask | Block 272 (0x4ef3cce2f44611e4724c870f8857ae5d7cb26c5bb32b895bb7632eab167589b7) is already imported
2026-10-07 20:27:28.171+00:00 | BftProcessorExecutor-QBFT-0 | INFO  | QbftBesuControllerBuilder | Imported #272 / 349 tx / 6833 pending / 84,447,530 (0.0%) gas / (0x4ef3cce2f44611e4724c870f8857ae5d7cb26c5bb32b895bb7632eab167589b7)
2026-10-07 20:27:32.891+00:00 | EthScheduler-Workers-0 | INFO  | PersistBlockTask | Block 273 (0xb72f636cfd0274c0a20a6f8e6cdfb657169976424ec0900bb728b16418df5040) is already imported
2026-10-07 20:27:32.900+00:00 | BftProcessorExecutor-QBFT-0 | INFO  | QbftBesuControllerBuilder | Imported #273 / 346 tx / 6487 pending / 83,721,620 (0.0%) gas / (0xb72f636cfd0274c0a20a6f8e6cdfb657169976424ec0900bb728b16418df5040)
2026-10-07 20:27:37.574+00:00 | EthScheduler-Workers-0 | INFO  | PersistBlockTask | Block 274 (0x6766143323505d328896dc9898bc48971502846c9a2e1c7bf6e943db7960932f) is already imported
2026-10-07 20:27:37.577+00:00 | BftProcessorExecutor-QBFT-0 | INFO  | QbftBesuControllerBuilder | Imported #274 / 339 tx / 6148 pending / 82,027,830 (0.0%) gas / (0x6766143323505d328896dc9898bc48971502846c9a2e1c7bf6e943db7960932f)
2026-10-07 20:27:42.246+00:00 | BftProcessorExecutor-QBFT-0 | INFO  | QbftBesuControllerBuilder | Imported #275 / 338 tx / 5810 pending / 81,785,860 (0.0%) gas / (0x6a01ea6a9d633633412562dce07a7d662aec3f9bc4902587a32df0265dee932a)
2026-10-07 20:27:43.749+00:00 | BftProcessorExecutor-QBFT-0 | WARN  | BlockTransactionSelector | Interrupting the selection of transactions for block inclusion as it exceeds the maximum configured duration of 1500ms
java.util.concurrent.TimeoutException
	at java.base/java.util.concurrent.CompletableFuture.timedGet(CompletableFuture.java:1960)
	at java.base/java.util.concurrent.CompletableFuture.get(CompletableFuture.java:2095)
	at org.hyperledger.besu.ethereum.blockcreation.txselection.BlockTransactionSelector.timeLimitedSelection(BlockTransactionSelector.java:186)
	at org.hyperledger.besu.ethereum.blockcreation.txselection.BlockTransactionSelector.buildTransactionListForBlock(BlockTransactionSelector.java:169)
	at org.hyperledger.besu.ethereum.blockcreation.AbstractBlockCreator.selectTransactions(AbstractBlockCreator.java:376)
	at org.hyperledger.besu.ethereum.blockcreation.AbstractBlockCreator.createBlock(AbstractBlockCreator.java:218)
	at org.hyperledger.besu.ethereum.blockcreation.AbstractBlockCreator.createBlock(AbstractBlockCreator.java:146)
	at org.hyperledger.besu.consensus.common.bft.blockcreation.BftBlockCreator.createBlock(BftBlockCreator.java:92)
	at org.hyperledger.besu.consensus.qbft.statemachine.QbftRound.createAndSendProposalMessage(QbftRound.java:137)
	at org.hyperledger.besu.consensus.qbft.statemachine.QbftBlockHeightManager.handleBlockTimerExpiry(QbftBlockHeightManager.java:140)
	at org.hyperledger.besu.consensus.common.bft.statemachine.BaseBftController.handleBlockTimerExpiry(BaseBftController.java:167)
	at org.hyperledger.besu.consensus.common.bft.EventMultiplexer.handleBftEvent(EventMultiplexer.java:65)
	at java.base/java.util.Optional.ifPresent(Optional.java:178)
	at org.hyperledger.besu.consensus.common.bft.BftProcessor.run(BftProcessor.java:65)
	at java.base/java.util.concurrent.ThreadPoolExecutor.runWorker(ThreadPoolExecutor.java:1144)
	at java.base/java.util.concurrent.ThreadPoolExecutor$Worker.run(ThreadPoolExecutor.java:642)
	at java.base/java.lang.Thread.run(Thread.java:1583)
2026-10-07 20:27:46.951+00:00 | EthScheduler-Workers-0 | INFO  | PersistBlockTask | Block 276 (0x06379dbaf55855fbdd53c7220a6e4e94fbe26abc0d31a2b6cdec8596cf1009bf) is already imported
2026-10-07 20:27:46.953+00:00 | BftProcessorExecutor-QBFT-0 | INFO  | QbftBesuControllerBuilder | Produced #276 / 341 tx / 5469 pending / 82,511,770 (0.0%) gas / (0x06379dbaf55855fbdd53c7220a6e4e94fbe26abc0d31a2b6cdec8596cf1009bf)
2026-10-07 20:27:51.610+00:00 | EthScheduler-Workers-0 | INFO  | PersistBlockTask | Block 277 (0x6b04cbbc1826388d94a7bb204b9a14c4efa50c1d8c6dfe7b6c769f78303c776f) is already imported
2026-10-07 20:27:51.614+00:00 | BftProcessorExecutor-QBFT-0 | INFO  | QbftBesuControllerBuilder | Imported #277 / 341 tx / 5128 pending / 82,511,770 (0.0%) gas / (0x6b04cbbc1826388d94a7bb204b9a14c4efa50c1d8c6dfe7b6c769f78303c776f)
2026-10-07 20:27:56.199+00:00 | BftProcessorExecutor-QBFT-0 | INFO  | QbftBesuControllerBuilder | Imported #278 / 333 tx / 4795 pending / 80,576,010 (0.0%) gas / (0xc921e540398fe7685ea13fe58754aa56acad82de35d1da9a0daaf1324554b2e9)
2026-10-07 20:28:00.971+00:00 | EthScheduler-Workers-0 | INFO  | PersistBlockTask | Block 279 (0x1d8695531e93d7118ec71879b3a894d0cfa080fe5744f560724019aa266de458) is already imported
2026-10-07 20:28:00.973+00:00 | BftProcessorExecutor-QBFT-0 | INFO  | QbftBesuControllerBuilder | Imported #279 / 346 tx / 4449 pending / 83,721,620 (0.0%) gas / (0x1d8695531e93d7118ec71879b3a894d0cfa080fe5744f560724019aa266de458)
2026-10-07 20:28:05.649+00:00 | BftProcessorExecutor-QBFT-0 | INFO  | QbftBesuControllerBuilder | Imported #280 / 346 tx / 4103 pending / 83,721,620 (0.0%) gas / (0x978f90483de139bff928d801dbd23ac232facab2d4dfdddacd1df80aa4d84f42)
2026-10-07 20:28:10.242+00:00 | EthScheduler-Workers-0 | INFO  | PersistBlockTask | Block 281 (0xe4d113e3997cb20a6f5d1bc250a3c3dec5254c6b7431e0897b6289bd42f99f9b) is already imported
2026-10-07 20:28:10.245+00:00 | BftProcessorExecutor-QBFT-0 | INFO  | QbftBesuControllerBuilder | Imported #281 / 333 tx / 3770 pending / 80,576,010 (0.0%) gas / (0xe4d113e3997cb20a6f5d1bc250a3c3dec5254c6b7431e0897b6289bd42f99f9b)
2026-10-07 20:28:14.784+00:00 | BftProcessorExecutor-QBFT-0 | INFO  | QbftBesuControllerBuilder | Imported #282 / 330 tx / 3440 pending / 79,850,100 (0.0%) gas / (0x7538ade131965d0238a92343e2b588c7cce7f460e846c4b9377b159558be06d1)
2026-10-07 20:28:19.473+00:00 | BftProcessorExecutor-QBFT-0 | INFO  | QbftBesuControllerBuilder | Imported #283 / 344 tx / 3096 pending / 83,237,680 (0.0%) gas / (0xcbbe51f8d8f6c6fbeafe3fd70e1d014836946b650fe7cb4f968bf55c2820a6af)
2026-10-07 20:28:24.164+00:00 | EthScheduler-Workers-0 | INFO  | PersistBlockTask | Block 284 (0xf95b187a1d79d206baf45c8a1007faa4d1b3b0f1c55f20c533c85acc767adecd) is already imported
2026-10-07 20:28:24.177+00:00 | BftProcessorExecutor-QBFT-0 | INFO  | QbftBesuControllerBuilder | Imported #284 / 340 tx / 2756 pending / 82,269,800 (0.0%) gas / (0xf95b187a1d79d206baf45c8a1007faa4d1b3b0f1c55f20c533c85acc767adecd)
2026-10-07 20:28:28.865+00:00 | BftProcessorExecutor-QBFT-0 | INFO  | QbftBesuControllerBuilder | Imported #285 / 349 tx / 2407 pending / 84,447,530 (0.0%) gas / (0x4273c81c4f16ec4ab2424ebeb3e6edc90f17fe5d8f40884b682a8287f9ad9fdd)
2026-10-07 20:28:33.579+00:00 | EthScheduler-Workers-0 | INFO  | PersistBlockTask | Block 286 (0xe2b182e5ce6968440d941d257eb3eba8f8a7d3a8e2e0f5128d1103abdff08208) is already imported
2026-10-07 20:28:33.582+00:00 | BftProcessorExecutor-QBFT-0 | INFO  | QbftBesuControllerBuilder | Imported #286 / 348 tx / 2059 pending / 84,205,560 (0.0%) gas / (0xe2b182e5ce6968440d941d257eb3eba8f8a7d3a8e2e0f5128d1103abdff08208)
2026-10-07 20:28:38.315+00:00 | EthScheduler-Workers-0 | INFO  | PersistBlockTask | Block 287 (0xf538728c6e68fb02a59f3a30dfb1cca8f7313fb2845c5cd2c5e8412a8aac2224) is already imported
2026-10-07 20:28:38.318+00:00 | BftProcessorExecutor-QBFT-0 | INFO  | QbftBesuControllerBuilder | Imported #287 / 348 tx / 1711 pending / 84,205,560 (0.0%) gas / (0xf538728c6e68fb02a59f3a30dfb1cca8f7313fb2845c5cd2c5e8412a8aac2224)
2026-10-07 20:28:42.553+00:00 | BftProcessorExecutor-QBFT-0 | INFO  | QbftBesuControllerBuilder | Imported #288 / 313 tx / 1398 pending / 75,736,610 (0.0%) gas / (0x0b7b70cf5dbc64e6764bc0af821b4564f1e7e15b08cdf9e47a623b509e31a7f2)
2026-10-07 20:28:46.268+00:00 | BftProcessorExecutor-QBFT-0 | INFO  | QbftBesuControllerBuilder | Imported #289 / 268 tx / 1130 pending / 64,847,960 (0.0%) gas / (0x8b81250d983ae98d4ef0a51e2c0243b49b3bdd2136678737f6116d78b0852c96)
2026-10-07 20:28:49.161+00:00 | BftProcessorExecutor-QBFT-0 | INFO  | QbftBesuControllerBuilder | Imported #290 / 210 tx / 920 pending / 50,813,700 (0.0%) gas / (0xcf4bd0c77358a4bce78823d1ea438beaecc7ce32c149ec8e5b46b0cc65a0cbdf)
2026-10-07 20:28:51.140+00:00 | BftProcessorExecutor-QBFT-0 | INFO  | QbftBesuControllerBuilder | Produced #291 / 142 tx / 778 pending / 34,359,740 (0.0%) gas / (0xec35f9578c8d914277fd4472a490d1f7ca58d9fddc13eedb36c7f292e1542bcd)
2026-10-07 20:28:52.282+00:00 | BftProcessorExecutor-QBFT-0 | INFO  | QbftBesuControllerBuilder | Imported #292 / 83 tx / 695 pending / 20,083,510 (0.0%) gas / (0x3cbdeaf90dd5bcdc2ccd5ad1f496578e1f1a80d6366b253e096784784c358cdf)
2026-10-07 20:28:54.316+00:00 | EthScheduler-Workers-0 | INFO  | PersistBlockTask | Block 293 (0xfa78373f4fed0f061397b3fad1cb460fad341cee2771c5add338f827b4747484) is already imported
2026-10-07 20:28:54.317+00:00 | BftProcessorExecutor-QBFT-0 | INFO  | QbftBesuControllerBuilder | Imported #293 / 92 tx / 603 pending / 22,261,240 (0.0%) gas / (0xfa78373f4fed0f061397b3fad1cb460fad341cee2771c5add338f827b4747484)
2026-10-07 20:28:56.322+00:00 | BftProcessorExecutor-QBFT-0 | INFO  | QbftBesuControllerBuilder | Imported #294 / 93 tx / 510 pending / 22,503,210 (0.0%) gas / (0x0684aab0ee7fc52417d73d4e4feab7c2a64702458b265a41719240a7d2849c6c)
2026-10-07 20:28:58.058+00:00 | BftProcessorExecutor-QBFT-0 | INFO  | QbftBesuControllerBuilder | Imported #295 / 67 tx / 443 pending / 16,211,990 (0.0%) gas / (0x9833d2900979da755419a7b6ee89700c494cbfb36feb78f03224b8a89cab0fd4)
2026-10-07 20:29:00.334+00:00 | BftProcessorExecutor-QBFT-0 | INFO  | QbftBesuControllerBuilder | Imported #296 / 93 tx / 350 pending / 22,503,210 (0.0%) gas / (0x8028d6cba08e62475ff612462790b764c507b55d9f8c43f5b3208e999918f5c7)
2026-10-07 20:29:01.955+00:00 | BftProcessorExecutor-QBFT-0 | INFO  | QbftBesuControllerBuilder | Imported #297 / 66 tx / 284 pending / 15,970,020 (0.0%) gas / (0xe93f68ff1b42c3f5c63f067c926306a1cac3ff8c403b7de9934b36f39e59b2d8)
2026-10-07 20:29:03.889+00:00 | BftProcessorExecutor-QBFT-0 | INFO  | QbftBesuControllerBuilder | Imported #298 / 60 tx / 224 pending / 14,518,200 (0.0%) gas / (0x4093c13ce0551d37124dd1b2590dd27dbf60837385cd4191ea45a7ffcb8a87d9)
2026-10-07 20:29:05.961+00:00 | BftProcessorExecutor-QBFT-0 | INFO  | QbftBesuControllerBuilder | Imported #299 / 65 tx / 159 pending / 15,728,050 (0.0%) gas / (0xdeffe6fe561258e886c16737d50c6d41a9b7c85eef74591451d14047f5862cc3)
2026-10-07 20:29:08.031+00:00 | BftProcessorExecutor-QBFT-0 | INFO  | QbftBesuControllerBuilder | Imported #300 / 71 tx / 88 pending / 17,179,870 (0.0%) gas / (0x71b7a12f6afc99a6644285fcaf5cfc2294cf3001337ef726036552fc7910b92d)
2026-10-07 20:29:09.841+00:00 | BftProcessorExecutor-QBFT-0 | INFO  | QbftBesuControllerBuilder | Imported #301 / 58 tx / 30 pending / 14,034,260 (0.0%) gas / (0x1bdd83e30ab06b3da7853ffd73d5e87adafa308de1c8bb9fc1619626039d8f14)
2026-10-07 20:29:11.499+00:00 | BftProcessorExecutor-QBFT-0 | INFO  | QbftBesuControllerBuilder | Imported #302 / 30 tx / 0 pending / 7,259,100 (0.0%) gas / (0xf522ff91cafb114bda8edf6bf6bc70b8f23db48ed5ba458b49c8e875b56215c3)
2026-10-07 20:29:13.067+00:00 | BftProcessorExecutor-QBFT-0 | INFO  | QbftBesuControllerBuilder | Imported #303 / 0 tx / 0 pending / 0 (0.0%) gas / (0x86dcbc80eff4c84cdcd28a6fe86ae9ffc3aa6d5dae91a1d317c934d636af5f84)
2026-10-07 20:29:15.080+00:00 | BftProcessorExecutor-QBFT-0 | INFO  | QbftBesuControllerBuilder | Imported #304 / 0 tx / 0 pending / 0 (0.0%) gas / (0xe45c4fe1e0b7fd88b99f8969dbe0cc9f0b508de14dcf3216c394cd88c21c3603)
2026-10-07 20:29:17.080+00:00 | BftProcessorExecutor-QBFT-0 | INFO  | QbftBesuControllerBuilder | Imported #305 / 0 tx / 0 pending / 0 (0.0%) gas / (0x2e945027d19b04ef660ab2d01cc2266bdba37b2b03fc91db480fa9eb20aad17b)
2026-10-07 20:29:19.082+00:00 | BftProcessorExecutor-QBFT-0 | INFO  | QbftBesuControllerBuilder | Produced #306 / 0 tx / 0 pending / 0 (0.0%) gas / (0x0de30556b9a8a71fbc3559a817f9e379ac473bd8dd7c91bcf85bdd85aaece188)
2026-10-07 20:29:21.070+00:00 | BftProcessorExecutor-QBFT-0 | INFO  | QbftBesuControllerBuilder | Imported #307 / 0 tx / 0 pending / 0 (0.0%) gas / (0xad3a99a9ca0e0095c85e034d930bef34f3a75a25572c591d67b357f8f8e2bd1b)
2026-10-07 20:29:23.092+00:00 | BftProcessorExecutor-QBFT-0 | INFO  | QbftBesuControllerBuilder | Imported #308 / 0 tx / 0 pending / 0 (0.0%) gas / (0x04ccbf91815406f8a2afdc9513ac55c73c58864263af6606145958dad2662073)
2026-10-07 20:29:25.074+00:00 | EthScheduler-Workers-0 | INFO  | PersistBlockTask | Block 309 (0x96acd74d6a2b31b8f2ade5b1ec7eb67466645491eb6784b7492488249864cab1) is already imported
2026-10-07 20:29:25.074+00:00 | BftProcessorExecutor-QBFT-0 | INFO  | QbftBesuControllerBuilder | Imported #309 / 0 tx / 0 pending / 0 (0.0%) gas / (0x96acd74d6a2b31b8f2ade5b1ec7eb67466645491eb6784b7492488249864cab1)
2026-10-07 20:29:27.086+00:00 | BftProcessorExecutor-QBFT-0 | INFO  | QbftBesuControllerBuilder | Imported #310 / 0 tx / 0 pending / 0 (0.0%) gas / (0x14d67b344aaa35a669250f60f543ffe2fe1d1be50e6b0dcb3647ddb2e81bcc23)
2026-10-07 20:29:27.087+00:00 | EthScheduler-Workers-0 | INFO  | PersistBlockTask | Block 310 (0x14d67b344aaa35a669250f60f543ffe2fe1d1be50e6b0dcb3647ddb2e81bcc23) is already imported
2026-10-07 20:29:29.085+00:00 | EthScheduler-Workers-0 | INFO  | PersistBlockTask | Block 311 (0x37fefe6a7551ebe719dbfaf69e057dd59a5b4157f348f0b43357c804bc34fda0) is already imported
2026-10-07 20:29:29.085+00:00 | BftProcessorExecutor-QBFT-0 | INFO  | QbftBesuControllerBuilder | Imported #311 / 0 tx / 0 pending / 0 (0.0%) gas / (0x37fefe6a7551ebe719dbfaf69e057dd59a5b4157f348f0b43357c804bc34fda0)
2026-10-07 20:29:31.080+00:00 | EthScheduler-Workers-0 | INFO  | PersistBlockTask | Block 312 (0x5b43e3e74cbedd4e7f83eef3a470fe7fdd2f1764b25b7c700207f8b830dc795b) is already imported
2026-10-07 20:29:31.081+00:00 | BftProcessorExecutor-QBFT-0 | INFO  | QbftBesuControllerBuilder | Imported #312 / 0 tx / 0 pending / 0 (0.0%) gas / (0x5b43e3e74cbedd4e7f83eef3a470fe7fdd2f1764b25b7c700207f8b830dc795b)
2026-10-07 20:29:33.075+00:00 | BftProcessorExecutor-QBFT-0 | INFO  | QbftBesuControllerBuilder | Imported #313 / 0 tx / 0 pending / 0 (0.0%) gas / (0x15c23050d40b3e3d1ed9c80f08c5cfff3c8ceeec16f536b897ac504a6c95d092)
2026-10-07 20:29:33.075+00:00 | EthScheduler-Workers-0 | INFO  | PersistBlockTask | Block 313 (0x15c23050d40b3e3d1ed9c80f08c5cfff3c8ceeec16f536b897ac504a6c95d092) is already imported
2026-10-07 20:29:35.078+00:00 | BftProcessorExecutor-QBFT-0 | INFO  | QbftBesuControllerBuilder | Imported #314 / 0 tx / 0 pending / 0 (0.0%) gas / (0x4d9e3dd165ff15a16a355f5bd7dd42b0a3f76d53550fdd01e5d53ec402933b6c)
2026-10-07 20:29:35.078+00:00 | EthScheduler-Workers-0 | INFO  | PersistBlockTask | Block 314 (0x4d9e3dd165ff15a16a355f5bd7dd42b0a3f76d53550fdd01e5d53ec402933b6c) is already imported
2026-10-07 20:29:37.085+00:00 | BftProcessorExecutor-QBFT-0 | INFO  | QbftBesuControllerBuilder | Imported #315 / 0 tx / 0 pending / 0 (0.0%) gas / (0x5b06150b12b23266d6c5d0a1beff4479b2358a30e73383152e1933bd51a75a16)
2026-10-07 20:29:39.081+00:00 | BftProcessorExecutor-QBFT-0 | INFO  | QbftBesuControllerBuilder | Imported #316 / 0 tx / 0 pending / 0 (0.0%) gas / (0x36e8fb74b9080628d30e79d20a8dad22526c5ee788279906c3b69e83b20720fb)
2026-10-07 20:29:41.080+00:00 | BftProcessorExecutor-QBFT-0 | INFO  | QbftBesuControllerBuilder | Imported #317 / 0 tx / 0 pending / 0 (0.0%) gas / (0x59ab652d9da0c25ff8a8beffedc5bb9582dd29ad0cbc8c2cbfaf6cf77bf9e8ba)
2026-10-07 20:29:43.078+00:00 | BftProcessorExecutor-QBFT-0 | INFO  | QbftBesuControllerBuilder | Imported #318 / 0 tx / 0 pending / 0 (0.0%) gas / (0x3b7aa14341a95afc3ca4237d770daf0a5f0e5a3efb1d7d0af47c04fd0efadaca)
2026-10-07 20:29:43.083+00:00 | EthScheduler-Workers-0 | INFO  | PersistBlockTask | Block 318 (0x3b7aa14341a95afc3ca4237d770daf0a5f0e5a3efb1d7d0af47c04fd0efadaca) is already imported
2026-10-07 20:29:45.069+00:00 | BftProcessorExecutor-QBFT-0 | INFO  | QbftBesuControllerBuilder | Imported #319 / 0 tx / 0 pending / 0 (0.0%) gas / (0x32343c8a303577a9e2574867a8a38c382cba9940c5506c398101cd5761e06b0d)
2026-10-07 20:29:47.080+00:00 | BftProcessorExecutor-QBFT-0 | INFO  | QbftBesuControllerBuilder | Imported #320 / 0 tx / 0 pending / 0 (0.0%) gas / (0xfd25ed3215db3ce48729c562a7cecd2c1411b71874664a824aef19985eb7fc48)
2026-10-07 20:29:49.086+00:00 | BftProcessorExecutor-QBFT-0 | INFO  | QbftBesuControllerBuilder | Produced #321 / 0 tx / 0 pending / 0 (0.0%) gas / (0xdd8b2cc6519108baa2af35c45cf4a7ed123a5d1666b93721f76866b9f3bc0bf2)
2026-10-07 20:29:51.061+00:00 | BftProcessorExecutor-QBFT-0 | INFO  | QbftBesuControllerBuilder | Imported #322 / 0 tx / 0 pending / 0 (0.0%) gas / (0x1a338cc75183b3d14394bc4e2bb2d8fd2ba914dee50633c9e5186daa9b9a398a)
2026-10-07 20:29:53.080+00:00 | EthScheduler-Workers-0 | INFO  | PersistBlockTask | Imported #323 / 0 tx / 0 om / 0 (0.0%) gas / (0x756dd70b1e98f55288ff4ca2042c6a70dfd776c6fd1e1e1db29334244131d991) in 0.001s. Peers: 14
2026-10-07 20:29:53.082+00:00 | BftProcessorExecutor-QBFT-0 | INFO  | QbftBesuControllerBuilder | Imported #323 / 0 tx / 0 pending / 0 (0.0%) gas / (0x756dd70b1e98f55288ff4ca2042c6a70dfd776c6fd1e1e1db29334244131d991)
2026-10-07 20:29:55.072+00:00 | BftProcessorExecutor-QBFT-0 | INFO  | QbftBesuControllerBuilder | Imported #324 / 0 tx / 0 pending / 0 (0.0%) gas / (0x266740c1e8e30eab05629bd408554e5bd8c9f1baf3e8e1dbc189811777426c8f)
2026-10-07 20:29:57.061+00:00 | BftProcessorExecutor-QBFT-0 | INFO  | QbftBesuControllerBuilder | Imported #325 / 0 tx / 0 pending / 0 (0.0%) gas / (0x7e796816c27e96167e1921a32fd0b0ae6803c82cbb461062986abfcfbb1332a4)
2026-10-07 20:29:59.087+00:00 | BftProcessorExecutor-QBFT-0 | INFO  | QbftBesuControllerBuilder | Imported #326 / 0 tx / 0 pending / 0 (0.0%) gas / (0x38aff5f0de834e8b30176ffaafb2f77dac6cf02c9be6333e340842cfb9555f23)
2026-10-07 20:29:59.087+00:00 | EthScheduler-Workers-0 | INFO  | PersistBlockTask | Block 326 (0x38aff5f0de834e8b30176ffaafb2f77dac6cf02c9be6333e340842cfb9555f23) is already imported
2026-10-07 20:30:01.071+00:00 | EthScheduler-Workers-0 | INFO  | PersistBlockTask | Imported #327 / 0 tx / 0 om / 0 (0.0%) gas / (0x98f2c1286eaa587ab2a1565cdeb94001ca6c0a9872f37642de026e06e159016a) in 0.001s. Peers: 14
2026-10-07 20:30:01.072+00:00 | BftProcessorExecutor-QBFT-0 | INFO  | QbftBesuControllerBuilder | Imported #327 / 0 tx / 0 pending / 0 (0.0%) gas / (0x98f2c1286eaa587ab2a1565cdeb94001ca6c0a9872f37642de026e06e159016a)
2026-10-07 20:30:03.074+00:00 | EthScheduler-Workers-0 | INFO  | PersistBlockTask | Block 328 (0x56ab4e8fef0140dfc9ab73d35579e0b2bf3eea6950ece7498b5be5f87b5aea8c) is already imported
2026-10-07 20:30:03.075+00:00 | BftProcessorExecutor-QBFT-0 | INFO  | QbftBesuControllerBuilder | Imported #328 / 0 tx / 0 pending / 0 (0.0%) gas / (0x56ab4e8fef0140dfc9ab73d35579e0b2bf3eea6950ece7498b5be5f87b5aea8c)
2026-10-07 20:30:05.070+00:00 | BftProcessorExecutor-QBFT-0 | INFO  | QbftBesuControllerBuilder | Imported #329 / 0 tx / 0 pending / 0 (0.0%) gas / (0x1259729b6896cb5a2f91fad0e2fb50f51ba63374d68db3d473f4430a99aeeac9)
2026-10-07 20:30:07.071+00:00 | BftProcessorExecutor-QBFT-0 | INFO  | QbftBesuControllerBuilder | Imported #330 / 0 tx / 0 pending / 0 (0.0%) gas / (0x17034f873c29a25135ba68cc11f3ef9239036de88672e15ca7fc392bc26f79b4)
2026-10-07 20:30:09.099+00:00 | BftProcessorExecutor-QBFT-0 | INFO  | QbftBesuControllerBuilder | Imported #331 / 14 tx / 225 pending / 2,150,872 (0.0%) gas / (0x43ad2c8c35452f5c76ab2fd9c93a22341e47a0a6bf16e8f479b27b972aba50f0)
2026-10-07 20:30:11.286+00:00 | BftProcessorExecutor-QBFT-0 | INFO  | QbftBesuControllerBuilder | Imported #332 / 69 tx / 1024 pending / 10,600,538 (0.0%) gas / (0x0c6a626c8962e78dd8b1d5fc33814c6a6e279b08cc880cc941716ec5141d80f6)
2026-10-07 20:30:13.371+00:00 | BftProcessorExecutor-QBFT-0 | INFO  | QbftBesuControllerBuilder | Imported #333 / 123 tx / 1768 pending / 18,897,030 (0.0%) gas / (0x7470ee1fdb84d0691ad26f7f826f96e6c214965b681f99613eff82e14d6808fa)
2026-10-07 20:30:15.537+00:00 | EthScheduler-Workers-0 | INFO  | PersistBlockTask | Block 334 (0x27741bb30c72455323da1b310bd8dda08d5f69496ae734c49f81e0d13b84bc86) is already imported
2026-10-07 20:30:15.539+00:00 | BftProcessorExecutor-QBFT-0 | INFO  | QbftBesuControllerBuilder | Imported #334 / 137 tx / 1705 pending / 21,047,810 (0.0%) gas / (0x27741bb30c72455323da1b310bd8dda08d5f69496ae734c49f81e0d13b84bc86)
2026-10-07 20:30:17.513+00:00 | BftProcessorExecutor-QBFT-0 | INFO  | QbftBesuControllerBuilder | Imported #335 / 136 tx / 1569 pending / 20,894,188 (0.0%) gas / (0xed53f60d04b3f50ab43e3d9475bb74c36909512f8636d0c13fa15d4189595a72)
2026-10-07 20:30:19.629+00:00 | BftProcessorExecutor-QBFT-0 | INFO  | QbftBesuControllerBuilder | Produced #336 / 136 tx / 1433 pending / 20,894,380 (0.0%) gas / (0x0c1500cf805a57d51742b9143d03bc669aee45fe082ce382b22ed59e6364bfb6)
2026-10-07 20:30:21.506+00:00 | BftProcessorExecutor-QBFT-0 | INFO  | QbftBesuControllerBuilder | Imported #337 / 136 tx / 1297 pending / 20,893,980 (0.0%) gas / (0x81663289dc0bc9d8380a2a3823909f391fd1f874dce839c99e5bdc3bb9fa4500)
2026-10-07 20:30:23.629+00:00 | EthScheduler-Workers-0 | INFO  | PersistBlockTask | Block 338 (0x8692f44d659727c63abcb33f2ef29ff4de3aeb8837bfb18b0284d6706aab2d1d) is already imported
2026-10-07 20:30:23.630+00:00 | BftProcessorExecutor-QBFT-0 | INFO  | QbftBesuControllerBuilder | Imported #338 / 136 tx / 1161 pending / 20,893,936 (0.0%) gas / (0x8692f44d659727c63abcb33f2ef29ff4de3aeb8837bfb18b0284d6706aab2d1d)
2026-10-07 20:30:25.578+00:00 | BftProcessorExecutor-QBFT-0 | INFO  | QbftBesuControllerBuilder | Imported #339 / 136 tx / 1025 pending / 20,894,652 (0.0%) gas / (0xc276ac86e2ab76761b043e1c40c292705efda85474afc656c2cbf59c127e64d5)
2026-10-07 20:30:27.625+00:00 | EthScheduler-Workers-0 | INFO  | PersistBlockTask | Block 340 (0x737ae572ad3b738e941062523e508c9cf5c2d4e7a84e9ae68a4353e066c21380) is already imported
2026-10-07 20:30:27.626+00:00 | BftProcessorExecutor-QBFT-0 | INFO  | QbftBesuControllerBuilder | Imported #340 / 136 tx / 889 pending / 20,894,276 (0.0%) gas / (0x737ae572ad3b738e941062523e508c9cf5c2d4e7a84e9ae68a4353e066c21380)
2026-10-07 20:30:29.542+00:00 | BftProcessorExecutor-QBFT-0 | INFO  | QbftBesuControllerBuilder | Imported #341 / 136 tx / 753 pending / 20,894,264 (0.0%) gas / (0x4d8571578c51f2afc7738e6fb4d52c2d38c07ad089351a5c42f92abb0667d834)
2026-10-07 20:30:31.670+00:00 | EthScheduler-Workers-0 | INFO  | PersistBlockTask | Block 342 (0x092135c949f80ad8315fb25172176c19b2d7cb5a8c51b701683d61ba6bb92fc0) is already imported
2026-10-07 20:30:31.672+00:00 | BftProcessorExecutor-QBFT-0 | INFO  | QbftBesuControllerBuilder | Imported #342 / 136 tx / 617 pending / 20,894,216 (0.0%) gas / (0x092135c949f80ad8315fb25172176c19b2d7cb5a8c51b701683d61ba6bb92fc0)
2026-10-07 20:30:33.610+00:00 | BftProcessorExecutor-QBFT-0 | INFO  | QbftBesuControllerBuilder | Imported #343 / 136 tx / 481 pending / 20,894,536 (0.0%) gas / (0x78ec71bb7d9fae057930af881912bde2febe2498af1b482ad2fb1752e0a36004)
2026-10-07 20:30:35.696+00:00 | EthScheduler-Workers-0 | INFO  | PersistBlockTask | Block 344 (0x93904e123d672ae2b77b7877b9a64080585fdad3b912dd8bb470f65db7be9040) is already imported
2026-10-07 20:30:35.697+00:00 | BftProcessorExecutor-QBFT-0 | INFO  | QbftBesuControllerBuilder | Imported #344 / 136 tx / 345 pending / 20,894,368 (0.0%) gas / (0x93904e123d672ae2b77b7877b9a64080585fdad3b912dd8bb470f65db7be9040)
2026-10-07 20:30:37.711+00:00 | EthScheduler-Workers-0 | INFO  | PersistBlockTask | Block 345 (0x7004224d9740b771caa098cedeab173be8c7e3586aa61e441e380abe1af5ce02) is already imported
2026-10-07 20:30:37.712+00:00 | BftProcessorExecutor-QBFT-0 | INFO  | QbftBesuControllerBuilder | Imported #345 / 138 tx / 207 pending / 21,201,388 (0.0%) gas / (0x7004224d9740b771caa098cedeab173be8c7e3586aa61e441e380abe1af5ce02)
2026-10-07 20:30:39.707+00:00 | EthScheduler-Workers-0 | INFO  | PersistBlockTask | Block 346 (0xd9cf7e1dc6f10cf93c1a7d9349da14f8f483364a91422c4d388f537208de436e) is already imported
2026-10-07 20:30:39.707+00:00 | BftProcessorExecutor-QBFT-0 | INFO  | QbftBesuControllerBuilder | Imported #346 / 124 tx / 83 pending / 19,050,608 (0.0%) gas / (0xd9cf7e1dc6f10cf93c1a7d9349da14f8f483364a91422c4d388f537208de436e)
2026-10-07 20:30:41.402+00:00 | BftProcessorExecutor-QBFT-0 | INFO  | QbftBesuControllerBuilder | Imported #347 / 69 tx / 14 pending / 10,600,710 (0.0%) gas / (0xd4c7aec1e181626b1fcab495989cf43e22ff2e27f4760acbbbafba9a74b6383c)
2026-10-07 20:30:43.125+00:00 | BftProcessorExecutor-QBFT-0 | INFO  | QbftBesuControllerBuilder | Imported #348 / 14 tx / 0 pending / 2,150,944 (0.0%) gas / (0xf34ea97033dc7e882ce2e70dab6474719d80ab29808e66a54f70477551d910f4)
2026-10-07 20:30:45.064+00:00 | BftProcessorExecutor-QBFT-0 | INFO  | QbftBesuControllerBuilder | Imported #349 / 0 tx / 0 pending / 0 (0.0%) gas / (0xe360f3c5841593234e20863e5fbf33a5115fec7c7631b67248ae784d84317b2d)
2026-10-07 20:30:47.063+00:00 | BftProcessorExecutor-QBFT-0 | INFO  | QbftBesuControllerBuilder | Imported #350 / 0 tx / 0 pending / 0 (0.0%) gas / (0x564a2b3ac42d03b74f4fceefc2683eae118048e94fdf42474d0d2377dcc51621)
2026-10-07 20:30:49.057+00:00 | BftProcessorExecutor-QBFT-0 | INFO  | QbftBesuControllerBuilder | Produced #351 / 0 tx / 0 pending / 0 (0.0%) gas / (0xe3a4f46f58c305a90218af4719fcf9f0ab5323f879a6700b4d595e35e55021fb)
2026-10-07 20:30:51.072+00:00 | EthScheduler-Workers-0 | INFO  | PersistBlockTask | Block 352 (0x9e2d0a774ab0adfe2ce0ffbb3edf7ac960359b67a46f8b86ad3da4f46361cb97) is already imported
2026-10-07 20:30:51.072+00:00 | BftProcessorExecutor-QBFT-0 | INFO  | QbftBesuControllerBuilder | Imported #352 / 0 tx / 0 pending / 0 (0.0%) gas / (0x9e2d0a774ab0adfe2ce0ffbb3edf7ac960359b67a46f8b86ad3da4f46361cb97)
2026-10-07 20:30:53.060+00:00 | BftProcessorExecutor-QBFT-0 | INFO  | QbftBesuControllerBuilder | Imported #353 / 0 tx / 0 pending / 0 (0.0%) gas / (0x1f963807273d1d9a49a39495509642d4410954730ef7736392de682c31485421)
2026-10-07 20:30:55.076+00:00 | EthScheduler-Workers-0 | INFO  | PersistBlockTask | Block 354 (0xbd108438250bd6d2d20e961c41b4d249d3144e8dc8660f4cb93877b64b828cb4) is already imported
2026-10-07 20:30:55.076+00:00 | BftProcessorExecutor-QBFT-0 | INFO  | QbftBesuControllerBuilder | Imported #354 / 0 tx / 0 pending / 0 (0.0%) gas / (0xbd108438250bd6d2d20e961c41b4d249d3144e8dc8660f4cb93877b64b828cb4)
2026-10-07 20:30:57.076+00:00 | EthScheduler-Workers-0 | INFO  | PersistBlockTask | Imported #355 / 0 tx / 0 om / 0 (0.0%) gas / (0x5a7e58292e573f218cc5cc904bca18cd4e68e06edc5564db4c6a8c64f3afb1da) in 0.001s. Peers: 14
2026-10-07 20:30:57.077+00:00 | BftProcessorExecutor-QBFT-0 | INFO  | QbftBesuControllerBuilder | Imported #355 / 0 tx / 0 pending / 0 (0.0%) gas / (0x5a7e58292e573f218cc5cc904bca18cd4e68e06edc5564db4c6a8c64f3afb1da)
2026-10-07 20:30:59.066+00:00 | BftProcessorExecutor-QBFT-0 | INFO  | QbftBesuControllerBuilder | Imported #356 / 0 tx / 0 pending / 0 (0.0%) gas / (0xa2b87b3ed90d1e909ec9492d9475c6de9fede578a6a62d63ca72f1b7edfb399b)
2026-10-07 20:31:01.072+00:00 | BftProcessorExecutor-QBFT-0 | INFO  | QbftBesuControllerBuilder | Imported #357 / 0 tx / 0 pending / 0 (0.0%) gas / (0xeb210e161f3d81a205325f88e78f223b77a6e85c71f10a8ca8247cee023ab088)
2026-10-07 20:31:03.083+00:00 | EthScheduler-Workers-0 | INFO  | PersistBlockTask | Block 358 (0xa6f1197e4e647385f1db966caa53bc93203a20a8e113584bd4dea6709aafde3d) is already imported
2026-10-07 20:31:03.084+00:00 | BftProcessorExecutor-QBFT-0 | INFO  | QbftBesuControllerBuilder | Imported #358 / 0 tx / 0 pending / 0 (0.0%) gas / (0xa6f1197e4e647385f1db966caa53bc93203a20a8e113584bd4dea6709aafde3d)
2026-10-07 20:31:05.082+00:00 | EthScheduler-Workers-0 | INFO  | PersistBlockTask | Block 359 (0xb3d6fa7f89f63d35738f66f273225faa09f4aa6ff1895ed7c2aa7bbca080ec73) is already imported
2026-10-07 20:31:05.082+00:00 | BftProcessorExecutor-QBFT-0 | INFO  | QbftBesuControllerBuilder | Imported #359 / 0 tx / 0 pending / 0 (0.0%) gas / (0xb3d6fa7f89f63d35738f66f273225faa09f4aa6ff1895ed7c2aa7bbca080ec73)
2026-10-07 20:31:07.083+00:00 | BftProcessorExecutor-QBFT-0 | INFO  | QbftBesuControllerBuilder | Imported #360 / 0 tx / 0 pending / 0 (0.0%) gas / (0x0291a2a1d85880b968bc396b861d125c0ba849fc546adbc47c385bb07a15d15b)
2026-10-07 20:31:07.084+00:00 | EthScheduler-Workers-0 | INFO  | PersistBlockTask | Block 360 (0x0291a2a1d85880b968bc396b861d125c0ba849fc546adbc47c385bb07a15d15b) is already imported
2026-10-07 20:31:09.084+00:00 | EthScheduler-Workers-0 | INFO  | PersistBlockTask | Block 361 (0xb6c9d52f8672406a4320b2bc95ff21acec2bcc129bd8e1482e3bdca0588e6604) is already imported
2026-10-07 20:31:09.084+00:00 | BftProcessorExecutor-QBFT-0 | INFO  | QbftBesuControllerBuilder | Imported #361 / 0 tx / 0 pending / 0 (0.0%) gas / (0xb6c9d52f8672406a4320b2bc95ff21acec2bcc129bd8e1482e3bdca0588e6604)
2026-10-07 20:31:11.079+00:00 | EthScheduler-Workers-0 | INFO  | PersistBlockTask | Block 362 (0xcaa309ab11ad7eaa37652126e5130b0b6e0be1aabfb81a905897566db545982b) is already imported
2026-10-07 20:31:11.079+00:00 | BftProcessorExecutor-QBFT-0 | INFO  | QbftBesuControllerBuilder | Imported #362 / 0 tx / 0 pending / 0 (0.0%) gas / (0xcaa309ab11ad7eaa37652126e5130b0b6e0be1aabfb81a905897566db545982b)
2026-10-07 20:31:13.078+00:00 | EthScheduler-Workers-0 | INFO  | PersistBlockTask | Block 363 (0x34685a909951a8e3fb2a820681e8f233cb7c2d64b897b33f146f8709b7432d03) is already imported
2026-10-07 20:31:13.078+00:00 | BftProcessorExecutor-QBFT-0 | INFO  | QbftBesuControllerBuilder | Imported #363 / 0 tx / 0 pending / 0 (0.0%) gas / (0x34685a909951a8e3fb2a820681e8f233cb7c2d64b897b33f146f8709b7432d03)
2026-10-07 20:31:15.073+00:00 | EthScheduler-Workers-0 | INFO  | PersistBlockTask | Imported #364 / 0 tx / 0 om / 0 (0.0%) gas / (0x411a29508b0f25f2cd2ee93620c7281e7b2943082e49e524c09952e56c540415) in 0.001s. Peers: 14
2026-10-07 20:31:17.079+00:00 | EthScheduler-Workers-0 | INFO  | PersistBlockTask | Imported #365 / 0 tx / 0 om / 0 (0.0%) gas / (0x34b58e5ff5bf4be03c72b3853d374e6a19fa0f60d1bb89b95ea3c89102ea22e2) in 0.001s. Peers: 14
2026-10-07 20:31:17.079+00:00 | BftProcessorExecutor-QBFT-0 | INFO  | QbftBesuControllerBuilder | Imported #365 / 0 tx / 0 pending / 0 (0.0%) gas / (0x34b58e5ff5bf4be03c72b3853d374e6a19fa0f60d1bb89b95ea3c89102ea22e2)
2026-10-07 20:31:19.077+00:00 | BftProcessorExecutor-QBFT-0 | INFO  | QbftBesuControllerBuilder | Produced #366 / 0 tx / 0 pending / 0 (0.0%) gas / (0xd2a2747b4aa1e4f741cfd9ce7be67e84ef3bdc584f554d412043724e4a47a015)
2026-10-07 20:31:19.079+00:00 | EthScheduler-Workers-0 | INFO  | PersistBlockTask | Block 366 (0xd2a2747b4aa1e4f741cfd9ce7be67e84ef3bdc584f554d412043724e4a47a015) is already imported
2026-10-07 20:31:21.085+00:00 | BftProcessorExecutor-QBFT-0 | INFO  | QbftBesuControllerBuilder | Imported #367 / 0 tx / 0 pending / 0 (0.0%) gas / (0xfd8fa681cea0f6d429c63245e6228228662888862e2d92115d115112cea44e81)
2026-10-07 20:31:21.086+00:00 | EthScheduler-Workers-0 | INFO  | PersistBlockTask | Block 367 (0xfd8fa681cea0f6d429c63245e6228228662888862e2d92115d115112cea44e81) is already imported
2026-10-07 20:31:23.080+00:00 | EthScheduler-Workers-0 | INFO  | PersistBlockTask | Block 368 (0x2e72daad88828aed414d10ee6d56fd0350dee06835858eabf69e336c9e56f055) is already imported
2026-10-07 20:31:23.080+00:00 | BftProcessorExecutor-QBFT-0 | INFO  | QbftBesuControllerBuilder | Imported #368 / 0 tx / 0 pending / 0 (0.0%) gas / (0x2e72daad88828aed414d10ee6d56fd0350dee06835858eabf69e336c9e56f055)
2026-10-07 20:31:25.074+00:00 | BftProcessorExecutor-QBFT-0 | INFO  | QbftBesuControllerBuilder | Imported #369 / 0 tx / 0 pending / 0 (0.0%) gas / (0xf387a769d409179151a92c26c9c256422b647f14346e260c6167f75a73547c58)
2026-10-07 20:31:27.082+00:00 | EthScheduler-Workers-0 | INFO  | PersistBlockTask | Block 370 (0xd3fe7f82155a6c0872509c386c5c9d3e3e6e6f2529845468541d1bb9b57390b4) is already imported
2026-10-07 20:31:27.083+00:00 | BftProcessorExecutor-QBFT-0 | INFO  | QbftBesuControllerBuilder | Imported #370 / 0 tx / 0 pending / 0 (0.0%) gas / (0xd3fe7f82155a6c0872509c386c5c9d3e3e6e6f2529845468541d1bb9b57390b4)
2026-10-07 20:31:29.080+00:00 | EthScheduler-Workers-0 | INFO  | PersistBlockTask | Imported #371 / 0 tx / 0 om / 0 (0.0%) gas / (0x998a67ceb4c8d98030b62892708e349a4a533c30893c844bfc7afdee6a312c74) in 0.001s. Peers: 14
2026-10-07 20:31:31.087+00:00 | EthScheduler-Workers-0 | INFO  | PersistBlockTask | Block 372 (0x94811890dd49783515913059c79f65a4db94f27dc91827556db5535a60f12d1f) is already imported
2026-10-07 20:31:31.087+00:00 | BftProcessorExecutor-QBFT-0 | INFO  | QbftBesuControllerBuilder | Imported #372 / 0 tx / 0 pending / 0 (0.0%) gas / (0x94811890dd49783515913059c79f65a4db94f27dc91827556db5535a60f12d1f)
2026-10-07 20:31:33.073+00:00 | BftProcessorExecutor-QBFT-0 | INFO  | QbftBesuControllerBuilder | Imported #373 / 0 tx / 0 pending / 0 (0.0%) gas / (0x1b968195f6026aa42aa44a3be78b961f5920c6ffff3aabe583c3ce878ba22968)
2026-10-07 20:31:35.079+00:00 | EthScheduler-Workers-0 | INFO  | PersistBlockTask | Block 374 (0xab3e42a7a95b9975b40a495487dffa5879fc502f5f5f033bce6d6002ceb33858) is already imported
2026-10-07 20:31:35.079+00:00 | BftProcessorExecutor-QBFT-0 | INFO  | QbftBesuControllerBuilder | Imported #374 / 0 tx / 0 pending / 0 (0.0%) gas / (0xab3e42a7a95b9975b40a495487dffa5879fc502f5f5f033bce6d6002ceb33858)
2026-10-07 20:31:37.077+00:00 | EthScheduler-Workers-0 | INFO  | PersistBlockTask | Block 375 (0x31e91b48e87ff8b3cd40e96f206f45a4d3ce93b89f4cd7473599314c58670fe6) is already imported
2026-10-07 20:31:37.078+00:00 | BftProcessorExecutor-QBFT-0 | INFO  | QbftBesuControllerBuilder | Imported #375 / 0 tx / 0 pending / 0 (0.0%) gas / (0x31e91b48e87ff8b3cd40e96f206f45a4d3ce93b89f4cd7473599314c58670fe6)
2026-10-07 20:31:39.083+00:00 | EthScheduler-Workers-0 | INFO  | PersistBlockTask | Block 376 (0x2539168c7428205fdeaf8a8b4a522a327ff566e3a3f836ff51cae205ff726d36) is already imported
2026-10-07 20:31:39.084+00:00 | BftProcessorExecutor-QBFT-0 | INFO  | QbftBesuControllerBuilder | Imported #376 / 0 tx / 0 pending / 0 (0.0%) gas / (0x2539168c7428205fdeaf8a8b4a522a327ff566e3a3f836ff51cae205ff726d36)
2026-10-07 20:31:41.076+00:00 | BftProcessorExecutor-QBFT-0 | INFO  | QbftBesuControllerBuilder | Imported #377 / 0 tx / 0 pending / 0 (0.0%) gas / (0xb17dbee95f47d8f59a7371ae0dd3f5571cab9b1132bd176cf5bbcaabcf83526a)
2026-10-07 20:31:43.081+00:00 | BftProcessorExecutor-QBFT-0 | INFO  | QbftBesuControllerBuilder | Imported #378 / 0 tx / 0 pending / 0 (0.0%) gas / (0xddf959789a7c39aaa9a1b4ed5689b8356a36736f2953c954189251df1e0f981c)
2026-10-07 20:31:45.079+00:00 | EthScheduler-Workers-0 | INFO  | PersistBlockTask | Block 379 (0x663ea604bc841c2d67ca19724210eab98b98d3ec8834794e38719f252c0758db) is already imported
2026-10-07 20:31:45.079+00:00 | BftProcessorExecutor-QBFT-0 | INFO  | QbftBesuControllerBuilder | Imported #379 / 0 tx / 0 pending / 0 (0.0%) gas / (0x663ea604bc841c2d67ca19724210eab98b98d3ec8834794e38719f252c0758db)
2026-10-07 20:31:47.079+00:00 | EthScheduler-Workers-0 | INFO  | PersistBlockTask | Block 380 (0x0abcf80e10fdb50a34c20d94e462c529ab9b2e600ce896b481c492c55f52954b) is already imported
2026-10-07 20:31:47.080+00:00 | BftProcessorExecutor-QBFT-0 | INFO  | QbftBesuControllerBuilder | Imported #380 / 0 tx / 0 pending / 0 (0.0%) gas / (0x0abcf80e10fdb50a34c20d94e462c529ab9b2e600ce896b481c492c55f52954b)
2026-10-07 20:31:49.079+00:00 | EthScheduler-Workers-0 | INFO  | PersistBlockTask | Imported #381 / 0 tx / 0 om / 0 (0.0%) gas / (0x4d83b7bf96986f3e28adcd8b638ef5e041603f1e2e5b7d23172168e2f04ea1d9) in 0.001s. Peers: 14
2026-10-07 20:31:49.080+00:00 | BftProcessorExecutor-QBFT-0 | INFO  | QbftBesuControllerBuilder | Produced #381 / 0 tx / 0 pending / 0 (0.0%) gas / (0x4d83b7bf96986f3e28adcd8b638ef5e041603f1e2e5b7d23172168e2f04ea1d9)
2026-10-07 20:31:51.075+00:00 | EthScheduler-Workers-0 | INFO  | PersistBlockTask | Block 382 (0x341a33c26043f8ac8e0340719ed1802117ecc99b45ef6ff19a6a4512498cd7c1) is already imported
2026-10-07 20:31:51.075+00:00 | BftProcessorExecutor-QBFT-0 | INFO  | QbftBesuControllerBuilder | Imported #382 / 0 tx / 0 pending / 0 (0.0%) gas / (0x341a33c26043f8ac8e0340719ed1802117ecc99b45ef6ff19a6a4512498cd7c1)
2026-10-07 20:31:53.057+00:00 | BftProcessorExecutor-QBFT-0 | INFO  | QbftBesuControllerBuilder | Imported #383 / 0 tx / 0 pending / 0 (0.0%) gas / (0x9fee317b8dbd33ca4b00c91c0d8fe93fd4df315746a379ad8d92f67fdac9b768)
2026-10-07 20:31:55.067+00:00 | BftProcessorExecutor-QBFT-0 | INFO  | QbftBesuControllerBuilder | Imported #384 / 0 tx / 0 pending / 0 (0.0%) gas / (0x2e6b754cd984cb67bd0d5e114fa815cc16beec6d94e198d6dd402e1aade6cc56)
2026-10-07 20:31:57.078+00:00 | BftProcessorExecutor-QBFT-0 | INFO  | QbftBesuControllerBuilder | Imported #385 / 0 tx / 0 pending / 0 (0.0%) gas / (0x8ff6c944eb78c0220d5c19bf7a87d1d79dd51068ac94701585dd35b4c2a78eb6)
2026-10-07 20:31:59.072+00:00 | EthScheduler-Workers-0 | INFO  | PersistBlockTask | Block 386 (0x6d20de833b1ed9275093574a879f492d2b7d488c08947096dcc1d3ed1fd989ab) is already imported
2026-10-07 20:31:59.073+00:00 | BftProcessorExecutor-QBFT-0 | INFO  | QbftBesuControllerBuilder | Imported #386 / 0 tx / 0 pending / 0 (0.0%) gas / (0x6d20de833b1ed9275093574a879f492d2b7d488c08947096dcc1d3ed1fd989ab)
2026-10-07 20:32:01.063+00:00 | BftProcessorExecutor-QBFT-0 | INFO  | QbftBesuControllerBuilder | Imported #387 / 0 tx / 0 pending / 0 (0.0%) gas / (0x13aa0c9ebb8a53fe00b922c88cc9fc3224007f71c77cdc8010474a0f188412fc)
2026-10-07 20:32:03.077+00:00 | EthScheduler-Workers-0 | INFO  | PersistBlockTask | Imported #388 / 0 tx / 0 om / 0 (0.0%) gas / (0xcceedf0d702fe751332b1ed601fe60eb5aa7879101e0de2bad552c390a76f26e) in 0.003s. Peers: 14
2026-10-07 20:32:03.078+00:00 | BftProcessorExecutor-QBFT-0 | INFO  | QbftBesuControllerBuilder | Imported #388 / 0 tx / 0 pending / 0 (0.0%) gas / (0xcceedf0d702fe751332b1ed601fe60eb5aa7879101e0de2bad552c390a76f26e)
2026-10-07 20:32:05.082+00:00 | EthScheduler-Workers-0 | INFO  | PersistBlockTask | Block 389 (0x39599e193f7e54ff3fca6f26701438c5d27dac039d2ddc2708b74a0cbf1c66aa) is already imported
2026-10-07 20:32:05.082+00:00 | BftProcessorExecutor-QBFT-0 | INFO  | QbftBesuControllerBuilder | Imported #389 / 0 tx / 0 pending / 0 (0.0%) gas / (0x39599e193f7e54ff3fca6f26701438c5d27dac039d2ddc2708b74a0cbf1c66aa)
2026-10-07 20:32:07.072+00:00 | BftProcessorExecutor-QBFT-0 | INFO  | QbftBesuControllerBuilder | Imported #390 / 0 tx / 0 pending / 0 (0.0%) gas / (0xf84e495f0ced9ae161668d68962649167027ad9e11cf6a174a2862c1958233ab)
2026-10-07 20:32:09.067+00:00 | BftProcessorExecutor-QBFT-0 | INFO  | QbftBesuControllerBuilder | Imported #391 / 0 tx / 0 pending / 0 (0.0%) gas / (0xc83684972e1323bc8142727353d874ab9a4cdc6755d201db6eb19717f8e9186c)
2026-10-07 20:32:11.084+00:00 | BftProcessorExecutor-QBFT-0 | INFO  | QbftBesuControllerBuilder | Imported #392 / 0 tx / 0 pending / 0 (0.0%) gas / (0x5a48d184be12e3f10db709d562442a354639ea814e4a932315f5dfba2471a413)
2026-10-07 20:32:11.084+00:00 | EthScheduler-Workers-0 | INFO  | PersistBlockTask | Block 392 (0x5a48d184be12e3f10db709d562442a354639ea814e4a932315f5dfba2471a413) is already imported
2026-10-07 20:32:13.078+00:00 | EthScheduler-Workers-0 | INFO  | PersistBlockTask | Block 393 (0x45912578b173f1abde69fa836ae752cf6bcb609fa316a85f1e38f484c5f5e395) is already imported
2026-10-07 20:32:13.078+00:00 | BftProcessorExecutor-QBFT-0 | INFO  | QbftBesuControllerBuilder | Imported #393 / 0 tx / 0 pending / 0 (0.0%) gas / (0x45912578b173f1abde69fa836ae752cf6bcb609fa316a85f1e38f484c5f5e395)
2026-10-07 20:32:15.139+00:00 | EthScheduler-Workers-0 | INFO  | PersistBlockTask | Block 394 (0x5db3bfcd621e01996ce7a490d52309fe6cb87f3eea44458704390a48657b0ffd) is already imported
2026-10-07 20:32:15.139+00:00 | BftProcessorExecutor-QBFT-0 | INFO  | QbftBesuControllerBuilder | Imported #394 / 2 tx / 53 pending / 483,940 (0.0%) gas / (0x5db3bfcd621e01996ce7a490d52309fe6cb87f3eea44458704390a48657b0ffd)
2026-10-07 20:32:17.791+00:00 | EthScheduler-Workers-0 | INFO  | PersistBlockTask | Block 395 (0x19b66bebbb47ba28e120c75011ce8eabb35aafa612e56c276337da1597d77730) is already imported
2026-10-07 20:32:17.791+00:00 | BftProcessorExecutor-QBFT-0 | INFO  | QbftBesuControllerBuilder | Imported #395 / 43 tx / 828 pending / 10,404,710 (0.0%) gas / (0x19b66bebbb47ba28e120c75011ce8eabb35aafa612e56c276337da1597d77730)
2026-10-07 20:32:20.310+00:00 | EthScheduler-Workers-0 | INFO  | PersistBlockTask | Block 396 (0xb0f9c4fcbe758191b9892099f42d5ae1a22957c13b10bbcb0b76c174154a16a9) is already imported
2026-10-07 20:32:20.313+00:00 | BftProcessorExecutor-QBFT-0 | INFO  | QbftBesuControllerBuilder | Produced #396 / 86 tx / 1630 pending / 20,809,420 (0.0%) gas / (0xb0f9c4fcbe758191b9892099f42d5ae1a22957c13b10bbcb0b76c174154a16a9)
2026-10-07 20:32:23.007+00:00 | EthScheduler-Workers-0 | INFO  | PersistBlockTask | Block 397 (0xfdd16d0dbd57de1293de89c616256c6100f8dc5f662836ccaf725effd1418897) is already imported
2026-10-07 20:32:23.008+00:00 | BftProcessorExecutor-QBFT-0 | INFO  | QbftBesuControllerBuilder | Imported #397 / 135 tx / 2467 pending / 32,665,950 (0.0%) gas / (0xfdd16d0dbd57de1293de89c616256c6100f8dc5f662836ccaf725effd1418897)
2026-10-07 20:32:25.588+00:00 | EthScheduler-Workers-0 | INFO  | PersistBlockTask | Block 398 (0x78e3015b6696637e4e6cad12ecaa77242629044d2bc95bf0093efec6479019b3) is already imported
2026-10-07 20:32:25.591+00:00 | BftProcessorExecutor-QBFT-0 | INFO  | QbftBesuControllerBuilder | Imported #398 / 183 tx / 3217 pending / 44,280,510 (0.0%) gas / (0x78e3015b6696637e4e6cad12ecaa77242629044d2bc95bf0093efec6479019b3)
2026-10-07 20:32:29.110+00:00 | EthScheduler-Workers-0 | INFO  | PersistBlockTask | Block 399 (0x1b4ed5b7eb8ae7ee89c188b0c496eefd1f004331a21f7ff14bd778d91658848f) is already imported
2026-10-07 20:32:29.114+00:00 | BftProcessorExecutor-QBFT-0 | INFO  | QbftBesuControllerBuilder | Imported #399 / 245 tx / 4324 pending / 59,282,650 (0.0%) gas / (0x1b4ed5b7eb8ae7ee89c188b0c496eefd1f004331a21f7ff14bd778d91658848f)
2026-10-07 20:32:33.664+00:00 | EthScheduler-Workers-0 | INFO  | PersistBlockTask | Block 400 (0x34e7610cbe6939b4b05ddf546c64ac5f330ffc31943bb27d86779bb43f0f3d43) is already imported
2026-10-07 20:32:33.670+00:00 | BftProcessorExecutor-QBFT-0 | INFO  | QbftBesuControllerBuilder | Imported #400 / 324 tx / 5699 pending / 78,398,280 (0.0%) gas / (0x34e7610cbe6939b4b05ddf546c64ac5f330ffc31943bb27d86779bb43f0f3d43)
2026-10-07 20:32:38.369+00:00 | EthScheduler-Workers-0 | INFO  | PersistBlockTask | Block 401 (0x2c4b57862bb4c09270559ef5620aaaab343a5b1a37b0330e5786e180c2e5a8b0) is already imported
2026-10-07 20:32:38.374+00:00 | BftProcessorExecutor-QBFT-0 | INFO  | QbftBesuControllerBuilder | Imported #401 / 328 tx / 6942 pending / 79,366,160 (0.0%) gas / (0x2c4b57862bb4c09270559ef5620aaaab343a5b1a37b0330e5786e180c2e5a8b0)
2026-10-07 20:32:42.963+00:00 | EthScheduler-Workers-0 | INFO  | PersistBlockTask | Block 402 (0x1a501dc19b8513cf97e4493c8892a31c101c2c1a521b8ba8d25faf3556c44032) is already imported
2026-10-07 20:32:42.969+00:00 | BftProcessorExecutor-QBFT-0 | INFO  | QbftBesuControllerBuilder | Imported #402 / 330 tx / 8298 pending / 79,850,100 (0.0%) gas / (0x1a501dc19b8513cf97e4493c8892a31c101c2c1a521b8ba8d25faf3556c44032)
2026-10-07 20:32:47.583+00:00 | BftProcessorExecutor-QBFT-0 | INFO  | QbftBesuControllerBuilder | Imported #403 / 335 tx / 9695 pending / 81,059,950 (0.0%) gas / (0xd5a2e47022afe6f664ee6e9412f46c47210f1cfb470e688b042d413fd63409be)
2026-10-07 20:32:52.227+00:00 | EthScheduler-Workers-0 | INFO  | PersistBlockTask | Block 404 (0x9ec1d1706b840c549d5054c14fdf184732e306250405076727d33cb7a1479205) is already imported
2026-10-07 20:32:52.234+00:00 | BftProcessorExecutor-QBFT-0 | INFO  | QbftBesuControllerBuilder | Imported #404 / 328 tx / 11281 pending / 79,366,160 (0.0%) gas / (0x9ec1d1706b840c549d5054c14fdf184732e306250405076727d33cb7a1479205)
2026-10-07 20:32:56.856+00:00 | EthScheduler-Workers-0 | INFO  | PersistBlockTask | Block 405 (0xf7e25cfdd785bbdd9ee545e3c3c9f367279907390f67e6cda4ee97fb63526087) is already imported
2026-10-07 20:32:56.862+00:00 | BftProcessorExecutor-QBFT-0 | INFO  | QbftBesuControllerBuilder | Imported #405 / 335 tx / 12769 pending / 81,059,950 (0.0%) gas / (0xf7e25cfdd785bbdd9ee545e3c3c9f367279907390f67e6cda4ee97fb63526087)
2026-10-07 20:33:01.497+00:00 | EthScheduler-Workers-0 | INFO  | PersistBlockTask | Block 406 (0xb2612e84f207ebbc5d93d9c5b841632a49af86fc6d01c5156673a5bb93451a70) is already imported
2026-10-07 20:33:01.523+00:00 | BftProcessorExecutor-QBFT-0 | INFO  | QbftBesuControllerBuilder | Imported #406 / 343 tx / 13367 pending / 82,995,710 (0.0%) gas / (0xb2612e84f207ebbc5d93d9c5b841632a49af86fc6d01c5156673a5bb93451a70)
2026-10-07 20:33:05.928+00:00 | BftProcessorExecutor-QBFT-0 | INFO  | QbftBesuControllerBuilder | Imported #407 / 319 tx / 13048 pending / 77,188,430 (0.0%) gas / (0x7918bd4e8eb00e968c03d84829704438d00f1fb6f4175e22b86fddf4b6289afe)
2026-10-07 20:33:10.515+00:00 | BftProcessorExecutor-QBFT-0 | INFO  | QbftBesuControllerBuilder | Imported #408 / 336 tx / 12712 pending / 81,301,920 (0.0%) gas / (0x1e8adbb2dfc3429b1d7419f5b9fb651cef651620945f176f2c5e7fd5a122d6b8)
2026-10-07 20:33:15.212+00:00 | BftProcessorExecutor-QBFT-0 | INFO  | QbftBesuControllerBuilder | Imported #409 / 344 tx / 12368 pending / 83,237,680 (0.0%) gas / (0xcb43b69084d71145bbdc72c90bb82d4bdf3dff5dc8eed3abf17e2f5f2c9582a8)
2026-10-07 20:33:19.740+00:00 | EthScheduler-Workers-0 | INFO  | PersistBlockTask | Block 410 (0x91cb848d2a938a6549e108c7f302ecda283fc523bbf886073bf10ef7893ccdff) is already imported
2026-10-07 20:33:19.746+00:00 | BftProcessorExecutor-QBFT-0 | INFO  | QbftBesuControllerBuilder | Imported #410 / 324 tx / 12044 pending / 78,398,280 (0.0%) gas / (0x91cb848d2a938a6549e108c7f302ecda283fc523bbf886073bf10ef7893ccdff)
2026-10-07 20:33:21.252+00:00 | BftProcessorExecutor-QBFT-0 | WARN  | BlockTransactionSelector | Interrupting the selection of transactions for block inclusion as it exceeds the maximum configured duration of 1500ms
java.util.concurrent.TimeoutException
	at java.base/java.util.concurrent.CompletableFuture.timedGet(CompletableFuture.java:1960)
	at java.base/java.util.concurrent.CompletableFuture.get(CompletableFuture.java:2095)
	at org.hyperledger.besu.ethereum.blockcreation.txselection.BlockTransactionSelector.timeLimitedSelection(BlockTransactionSelector.java:186)
	at org.hyperledger.besu.ethereum.blockcreation.txselection.BlockTransactionSelector.buildTransactionListForBlock(BlockTransactionSelector.java:169)
	at org.hyperledger.besu.ethereum.blockcreation.AbstractBlockCreator.selectTransactions(AbstractBlockCreator.java:376)
	at org.hyperledger.besu.ethereum.blockcreation.AbstractBlockCreator.createBlock(AbstractBlockCreator.java:218)
	at org.hyperledger.besu.ethereum.blockcreation.AbstractBlockCreator.createBlock(AbstractBlockCreator.java:146)
	at org.hyperledger.besu.consensus.common.bft.blockcreation.BftBlockCreator.createBlock(BftBlockCreator.java:92)
	at org.hyperledger.besu.consensus.qbft.statemachine.QbftRound.createAndSendProposalMessage(QbftRound.java:137)
	at org.hyperledger.besu.consensus.qbft.statemachine.QbftBlockHeightManager.handleBlockTimerExpiry(QbftBlockHeightManager.java:140)
	at org.hyperledger.besu.consensus.common.bft.statemachine.BaseBftController.handleBlockTimerExpiry(BaseBftController.java:167)
	at org.hyperledger.besu.consensus.common.bft.EventMultiplexer.handleBftEvent(EventMultiplexer.java:65)
	at java.base/java.util.Optional.ifPresent(Optional.java:178)
	at org.hyperledger.besu.consensus.common.bft.BftProcessor.run(BftProcessor.java:65)
	at java.base/java.util.concurrent.ThreadPoolExecutor.runWorker(ThreadPoolExecutor.java:1144)
	at java.base/java.util.concurrent.ThreadPoolExecutor$Worker.run(ThreadPoolExecutor.java:642)
	at java.base/java.lang.Thread.run(Thread.java:1583)
2026-10-07 20:33:24.381+00:00 | BftProcessorExecutor-QBFT-0 | INFO  | QbftBesuControllerBuilder | Produced #411 / 337 tx / 11707 pending / 81,543,890 (0.0%) gas / (0x1acd242f1ccde04f137fbae5440397e4c61aa4dad9e5d2a16d9a524fda8b34aa)
2026-10-07 20:33:29.116+00:00 | BftProcessorExecutor-QBFT-0 | INFO  | QbftBesuControllerBuilder | Imported #412 / 346 tx / 11361 pending / 83,721,620 (0.0%) gas / (0x0a04f60c01a27947e5029fc4001ee2ad731970020e7a18b012ea31a3f5cb1315)
2026-10-07 20:33:33.900+00:00 | EthScheduler-Workers-0 | INFO  | PersistBlockTask | Block 413 (0x8ab86c6d25e76cb6b22420d2a28d76e206bd217d5ae0a827a3fa65b3cc70ef26) is already imported
2026-10-07 20:33:33.907+00:00 | BftProcessorExecutor-QBFT-0 | INFO  | QbftBesuControllerBuilder | Imported #413 / 346 tx / 11015 pending / 83,721,620 (0.0%) gas / (0x8ab86c6d25e76cb6b22420d2a28d76e206bd217d5ae0a827a3fa65b3cc70ef26)
2026-10-07 20:33:38.557+00:00 | BftProcessorExecutor-QBFT-0 | INFO  | QbftBesuControllerBuilder | Imported #414 / 341 tx / 10674 pending / 82,511,770 (0.0%) gas / (0xb316c41b033ffa1c1e552baa39646ddc10b8fe05d8627485ad8e9430d9ff0354)
2026-10-07 20:33:43.301+00:00 | BftProcessorExecutor-QBFT-0 | INFO  | QbftBesuControllerBuilder | Imported #415 / 346 tx / 10328 pending / 83,721,620 (0.0%) gas / (0xd92aa84cc7fa4f20f3e2ec8278f0391a11ea77e4b3823ed7a5173efa20b82469)
2026-10-07 20:33:48.028+00:00 | EthScheduler-Workers-0 | INFO  | PersistBlockTask | Block 416 (0x6eac9a6ca9aec42a8691c310d2fa5dac1517966154feab4b4a9e3e628cb6c268) is already imported
2026-10-07 20:33:48.033+00:00 | BftProcessorExecutor-QBFT-0 | INFO  | QbftBesuControllerBuilder | Imported #416 / 346 tx / 9982 pending / 83,721,620 (0.0%) gas / (0x6eac9a6ca9aec42a8691c310d2fa5dac1517966154feab4b4a9e3e628cb6c268)
2026-10-07 20:33:52.759+00:00 | EthScheduler-Workers-0 | INFO  | PersistBlockTask | Block 417 (0xcecc34a91078783ee7152a08ffee54c00d2ffeb87f2bef0f2d5226632c355c97) is already imported
2026-10-07 20:33:52.764+00:00 | BftProcessorExecutor-QBFT-0 | INFO  | QbftBesuControllerBuilder | Imported #417 / 346 tx / 9636 pending / 83,721,620 (0.0%) gas / (0xcecc34a91078783ee7152a08ffee54c00d2ffeb87f2bef0f2d5226632c355c97)
2026-10-07 20:33:57.494+00:00 | BftProcessorExecutor-QBFT-0 | INFO  | QbftBesuControllerBuilder | Imported #418 / 348 tx / 9288 pending / 84,205,560 (0.0%) gas / (0x4e6f93fa72b2f665cdf96b31a81095c9fde52a44fa2af55b7055a6fbd2a69325)
2026-10-07 20:34:02.205+00:00 | BftProcessorExecutor-QBFT-0 | INFO  | QbftBesuControllerBuilder | Imported #419 / 342 tx / 8946 pending / 82,753,740 (0.0%) gas / (0x309b452a3999b86259afc7d6388e53c08d9dde8525db4e687f4c45f9cf01aad4)
2026-10-07 20:34:06.933+00:00 | BftProcessorExecutor-QBFT-0 | INFO  | QbftBesuControllerBuilder | Imported #420 / 347 tx / 8599 pending / 83,963,590 (0.0%) gas / (0xd79721b2ce91b966ac956321402a0f950cc3bdb9accd6cd28ddfd4aafa154f26)
2026-10-07 20:34:11.641+00:00 | BftProcessorExecutor-QBFT-0 | INFO  | QbftBesuControllerBuilder | Imported #421 / 347 tx / 8252 pending / 83,963,590 (0.0%) gas / (0x86cf205fff46d9e4a43cbf22ee56a55224f8f4c7867a894a5d01f3aae70f0f48)
2026-10-07 20:34:16.394+00:00 | BftProcessorExecutor-QBFT-0 | INFO  | QbftBesuControllerBuilder | Imported #422 / 348 tx / 7904 pending / 84,205,560 (0.0%) gas / (0x01b557ed26f5adf018a69c8f5b1872e6626538f82ce18eeeb75a2fb669dd4db0)
2026-10-07 20:34:21.153+00:00 | BftProcessorExecutor-QBFT-0 | INFO  | QbftBesuControllerBuilder | Imported #423 / 351 tx / 7553 pending / 84,931,470 (0.0%) gas / (0x6ea0e012829f8b499a70e768e430a340246ad7e662504bb182c61708cb515cd1)
2026-10-07 20:34:25.723+00:00 | BftProcessorExecutor-QBFT-0 | INFO  | QbftBesuControllerBuilder | Imported #424 / 330 tx / 7223 pending / 79,850,100 (0.0%) gas / (0xbfdb168c74349a6b14785353c0eb4a3d037eb8cef461bfbf8c17fb1889e98149)
2026-10-07 20:34:30.473+00:00 | BftProcessorExecutor-QBFT-0 | INFO  | QbftBesuControllerBuilder | Imported #425 / 337 tx / 6886 pending / 81,543,890 (0.0%) gas / (0x3db7d13b3a7012cbd935a002f9ea7a4869bb6770fe3a83832c55b3301e3071bd)
2026-10-07 20:34:31.977+00:00 | BftProcessorExecutor-QBFT-0 | WARN  | BlockTransactionSelector | Interrupting the selection of transactions for block inclusion as it exceeds the maximum configured duration of 1500ms
java.util.concurrent.TimeoutException
	at java.base/java.util.concurrent.CompletableFuture.timedGet(CompletableFuture.java:1960)
	at java.base/java.util.concurrent.CompletableFuture.get(CompletableFuture.java:2095)
	at org.hyperledger.besu.ethereum.blockcreation.txselection.BlockTransactionSelector.timeLimitedSelection(BlockTransactionSelector.java:186)
	at org.hyperledger.besu.ethereum.blockcreation.txselection.BlockTransactionSelector.buildTransactionListForBlock(BlockTransactionSelector.java:169)
	at org.hyperledger.besu.ethereum.blockcreation.AbstractBlockCreator.selectTransactions(AbstractBlockCreator.java:376)
	at org.hyperledger.besu.ethereum.blockcreation.AbstractBlockCreator.createBlock(AbstractBlockCreator.java:218)
	at org.hyperledger.besu.ethereum.blockcreation.AbstractBlockCreator.createBlock(AbstractBlockCreator.java:146)
	at org.hyperledger.besu.consensus.common.bft.blockcreation.BftBlockCreator.createBlock(BftBlockCreator.java:92)
	at org.hyperledger.besu.consensus.qbft.statemachine.QbftRound.createAndSendProposalMessage(QbftRound.java:137)
	at org.hyperledger.besu.consensus.qbft.statemachine.QbftBlockHeightManager.handleBlockTimerExpiry(QbftBlockHeightManager.java:140)
	at org.hyperledger.besu.consensus.common.bft.statemachine.BaseBftController.handleBlockTimerExpiry(BaseBftController.java:167)
	at org.hyperledger.besu.consensus.common.bft.EventMultiplexer.handleBftEvent(EventMultiplexer.java:65)
	at java.base/java.util.Optional.ifPresent(Optional.java:178)
	at org.hyperledger.besu.consensus.common.bft.BftProcessor.run(BftProcessor.java:65)
	at java.base/java.util.concurrent.ThreadPoolExecutor.runWorker(ThreadPoolExecutor.java:1144)
	at java.base/java.util.concurrent.ThreadPoolExecutor$Worker.run(ThreadPoolExecutor.java:642)
	at java.base/java.lang.Thread.run(Thread.java:1583)
2026-10-07 20:34:34.961+00:00 | EthScheduler-Workers-0 | INFO  | PersistBlockTask | Block 426 (0x15f1d0e52e881a16ac673158a47fd377be49afe4d051d735c2f5576d9ac22e8c) is already imported
2026-10-07 20:34:34.964+00:00 | BftProcessorExecutor-QBFT-0 | INFO  | QbftBesuControllerBuilder | Produced #426 / 319 tx / 6567 pending / 77,188,430 (0.0%) gas / (0x15f1d0e52e881a16ac673158a47fd377be49afe4d051d735c2f5576d9ac22e8c)
2026-10-07 20:34:39.526+00:00 | BftProcessorExecutor-QBFT-0 | INFO  | QbftBesuControllerBuilder | Imported #427 / 331 tx / 6236 pending / 80,092,070 (0.0%) gas / (0x779faf2604e10a5a5e1290e21f760566e1cce58edaea767e0d222c75828a0e88)
2026-10-07 20:34:44.190+00:00 | BftProcessorExecutor-QBFT-0 | INFO  | QbftBesuControllerBuilder | Imported #428 / 343 tx / 5893 pending / 82,995,710 (0.0%) gas / (0xcb8263603d38472cf4fa38085af8b8acbfc7840b6766f787522a800ed098361a)
2026-10-07 20:34:48.899+00:00 | BftProcessorExecutor-QBFT-0 | INFO  | QbftBesuControllerBuilder | Imported #429 / 343 tx / 5893 pending / 82,995,710 (0.0%) gas / (0xe4da95cffdddb4f79625fc3696aedad30b140ce4dc34070f9d65cf6f2af7c442)
2026-10-07 20:34:53.619+00:00 | BftProcessorExecutor-QBFT-0 | INFO  | QbftBesuControllerBuilder | Imported #430 / 344 tx / 5206 pending / 83,237,680 (0.0%) gas / (0xf9da6c0eeefd15b541d4708c643e5221cf2a54b1235c260e580c903fc02ddbf7)
2026-10-07 20:34:58.334+00:00 | EthScheduler-Workers-0 | INFO  | PersistBlockTask | Block 431 (0x17a0349e1a96bdfd6b2998074b80a50866ad0b650a4d7d9c671ce1b3bbdd5f89) is already imported
2026-10-07 20:34:58.338+00:00 | BftProcessorExecutor-QBFT-0 | INFO  | QbftBesuControllerBuilder | Imported #431 / 332 tx / 4874 pending / 80,334,040 (0.0%) gas / (0x17a0349e1a96bdfd6b2998074b80a50866ad0b650a4d7d9c671ce1b3bbdd5f89)
2026-10-07 20:35:03.011+00:00 | BftProcessorExecutor-QBFT-0 | INFO  | QbftBesuControllerBuilder | Imported #432 / 344 tx / 4530 pending / 83,237,680 (0.0%) gas / (0x9672c32469973cabede3421e09518d586d42e539f4d653d32367b5afeddcef6e)
2026-10-07 20:35:07.696+00:00 | BftProcessorExecutor-QBFT-0 | INFO  | QbftBesuControllerBuilder | Imported #433 / 345 tx / 4185 pending / 83,479,650 (0.0%) gas / (0x4cc56d29b8ee232eb1b20b46806450b8e9b523482dbc220c96948f7f0738ff13)
2026-10-07 20:35:12.390+00:00 | EthScheduler-Workers-0 | INFO  | PersistBlockTask | Block 434 (0x6d00aa55842a9d3cb4b33d14b2a21002f258077958e338130fb8665864cf6748) is already imported
2026-10-07 20:35:12.393+00:00 | BftProcessorExecutor-QBFT-0 | INFO  | QbftBesuControllerBuilder | Imported #434 / 338 tx / 3847 pending / 81,785,860 (0.0%) gas / (0x6d00aa55842a9d3cb4b33d14b2a21002f258077958e338130fb8665864cf6748)
2026-10-07 20:35:16.965+00:00 | BftProcessorExecutor-QBFT-0 | INFO  | QbftBesuControllerBuilder | Imported #435 / 328 tx / 3519 pending / 79,366,160 (0.0%) gas / (0x7e92006c8c0b706d822001ac640e8f07cb98c514816387483f4b66cab3744d4e)
2026-10-07 20:35:21.649+00:00 | BftProcessorExecutor-QBFT-0 | INFO  | QbftBesuControllerBuilder | Imported #436 / 345 tx / 3174 pending / 83,479,650 (0.0%) gas / (0xf2cbc28b7960c48f5974500a02bb4e8a319ab6413fed3430914f8ced878eb388)
2026-10-07 20:35:26.388+00:00 | EthScheduler-Workers-0 | INFO  | PersistBlockTask | Block 437 (0x7558e8b7b203987eaf19fd6545e5a7a50045a7c6bdd6d8c062ec7e35c57c2bb7) is already imported
2026-10-07 20:35:26.391+00:00 | BftProcessorExecutor-QBFT-0 | INFO  | QbftBesuControllerBuilder | Imported #437 / 345 tx / 2829 pending / 83,479,650 (0.0%) gas / (0x7558e8b7b203987eaf19fd6545e5a7a50045a7c6bdd6d8c062ec7e35c57c2bb7)
2026-10-07 20:35:30.942+00:00 | BftProcessorExecutor-QBFT-0 | INFO  | QbftBesuControllerBuilder | Imported #438 / 340 tx / 2489 pending / 82,269,800 (0.0%) gas / (0x0cedde5df6f3a994d5fa2a2a6f8ab5ecd29a9f3046853cd479bc7cead3970f65)
2026-10-07 20:35:35.630+00:00 | BftProcessorExecutor-QBFT-0 | INFO  | QbftBesuControllerBuilder | Imported #439 / 344 tx / 2145 pending / 83,237,680 (0.0%) gas / (0x69c398aece73229de4a9c6b5078c1dcece2e3c7479dfa31e25afb4fcbac24fe8)
2026-10-07 20:35:40.309+00:00 | EthScheduler-Workers-0 | INFO  | PersistBlockTask | Block 440 (0x90e4735718e9fc63063a0a60a02bafafe939cef090e47edd8e4a22407da9f679) is already imported
2026-10-07 20:35:40.311+00:00 | BftProcessorExecutor-QBFT-0 | INFO  | QbftBesuControllerBuilder | Imported #440 / 338 tx / 1807 pending / 81,785,860 (0.0%) gas / (0x90e4735718e9fc63063a0a60a02bafafe939cef090e47edd8e4a22407da9f679)
2026-10-07 20:35:41.814+00:00 | BftProcessorExecutor-QBFT-0 | WARN  | BlockTransactionSelector | Interrupting the selection of transactions for block inclusion as it exceeds the maximum configured duration of 1500ms
java.util.concurrent.TimeoutException
	at java.base/java.util.concurrent.CompletableFuture.timedGet(CompletableFuture.java:1960)
	at java.base/java.util.concurrent.CompletableFuture.get(CompletableFuture.java:2095)
	at org.hyperledger.besu.ethereum.blockcreation.txselection.BlockTransactionSelector.timeLimitedSelection(BlockTransactionSelector.java:186)
	at org.hyperledger.besu.ethereum.blockcreation.txselection.BlockTransactionSelector.buildTransactionListForBlock(BlockTransactionSelector.java:169)
	at org.hyperledger.besu.ethereum.blockcreation.AbstractBlockCreator.selectTransactions(AbstractBlockCreator.java:376)
	at org.hyperledger.besu.ethereum.blockcreation.AbstractBlockCreator.createBlock(AbstractBlockCreator.java:218)
	at org.hyperledger.besu.ethereum.blockcreation.AbstractBlockCreator.createBlock(AbstractBlockCreator.java:146)
	at org.hyperledger.besu.consensus.common.bft.blockcreation.BftBlockCreator.createBlock(BftBlockCreator.java:92)
	at org.hyperledger.besu.consensus.qbft.statemachine.QbftRound.createAndSendProposalMessage(QbftRound.java:137)
	at org.hyperledger.besu.consensus.qbft.statemachine.QbftBlockHeightManager.handleBlockTimerExpiry(QbftBlockHeightManager.java:140)
	at org.hyperledger.besu.consensus.common.bft.statemachine.BaseBftController.handleBlockTimerExpiry(BaseBftController.java:167)
	at org.hyperledger.besu.consensus.common.bft.EventMultiplexer.handleBftEvent(EventMultiplexer.java:65)
	at java.base/java.util.Optional.ifPresent(Optional.java:178)
	at org.hyperledger.besu.consensus.common.bft.BftProcessor.run(BftProcessor.java:65)
	at java.base/java.util.concurrent.ThreadPoolExecutor.runWorker(ThreadPoolExecutor.java:1144)
	at java.base/java.util.concurrent.ThreadPoolExecutor$Worker.run(ThreadPoolExecutor.java:642)
	at java.base/java.lang.Thread.run(Thread.java:1583)
2026-10-07 20:35:44.990+00:00 | BftProcessorExecutor-QBFT-0 | INFO  | QbftBesuControllerBuilder | Produced #441 / 341 tx / 1466 pending / 82,511,770 (0.0%) gas / (0xaf4a9785525ef138e3e5257b4e1fb3065f909435d03c8a88fce7fa0e45757cdb)
2026-10-07 20:35:48.752+00:00 | BftProcessorExecutor-QBFT-0 | INFO  | QbftBesuControllerBuilder | Imported #442 / 278 tx / 1188 pending / 67,267,660 (0.0%) gas / (0xc8d70568a215f7bb5ee157149ae34fef8ae3f3debaad0ea831eb6ce2b3ea93ec)
2026-10-07 20:35:51.863+00:00 | EthScheduler-Workers-0 | INFO  | PersistBlockTask | Block 443 (0x891fced606355422d36c49690dc0e41b0982e822dbad8bfc6646bcf7daee4e47) is already imported
2026-10-07 20:35:51.865+00:00 | BftProcessorExecutor-QBFT-0 | INFO  | QbftBesuControllerBuilder | Imported #443 / 218 tx / 970 pending / 52,749,460 (0.0%) gas / (0x891fced606355422d36c49690dc0e41b0982e822dbad8bfc6646bcf7daee4e47)
2026-10-07 20:35:54.037+00:00 | BftProcessorExecutor-QBFT-0 | INFO  | QbftBesuControllerBuilder | Imported #444 / 160 tx / 810 pending / 38,715,200 (0.0%) gas / (0xb19014f877001ed162c5028313b54594f551796178a4f1f90c546ec01882738c)
2026-10-07 20:35:55.077+00:00 | BftProcessorExecutor-QBFT-0 | INFO  | QbftBesuControllerBuilder | Imported #445 / 75 tx / 735 pending / 18,147,750 (0.0%) gas / (0xc4ebf7d153390eaa5de74b2a8eb6c4f0396410689f5a3458e9a0c7fe12825ad5)
2026-10-07 20:35:57.203+00:00 | BftProcessorExecutor-QBFT-0 | INFO  | QbftBesuControllerBuilder | Imported #446 / 83 tx / 652 pending / 20,083,510 (0.0%) gas / (0x933fa1aee46315c8757bcc7d59a1611d5e98ad28ae7386ab18d74620c4e8adb7)
2026-10-07 20:35:59.003+00:00 | BftProcessorExecutor-QBFT-0 | INFO  | QbftBesuControllerBuilder | Imported #447 / 69 tx / 583 pending / 16,695,930 (0.0%) gas / (0x139b873a4a7015584b98385aa8f9fa69b530faa7ac9428bddbcfc19890a84581)
2026-10-07 20:36:00.898+00:00 | BftProcessorExecutor-QBFT-0 | INFO  | QbftBesuControllerBuilder | Imported #448 / 61 tx / 522 pending / 14,760,170 (0.0%) gas / (0xf2e23c7a6f5f445900d76fe501e90c58a23b2ed183e25d4b3b17fb215a3b3a3f)
2026-10-07 20:36:03.196+00:00 | BftProcessorExecutor-QBFT-0 | INFO  | QbftBesuControllerBuilder | Imported #449 / 81 tx / 441 pending / 19,599,570 (0.0%) gas / (0x725f0589bb2e5f19fb7b3ab44646b07edbd3dc9debfef1bad2cbf9400bb46e78)
2026-10-07 20:36:03.197+00:00 | EthScheduler-Workers-0 | INFO  | PersistBlockTask | Block 449 (0x725f0589bb2e5f19fb7b3ab44646b07edbd3dc9debfef1bad2cbf9400bb46e78) is already imported
2026-10-07 20:36:05.253+00:00 | EthScheduler-Workers-0 | INFO  | PersistBlockTask | Block 450 (0x1ecf447aeef22f6d074aa83793c8dd457367e406da737699761f641572e99730) is already imported
2026-10-07 20:36:05.253+00:00 | BftProcessorExecutor-QBFT-0 | INFO  | QbftBesuControllerBuilder | Imported #450 / 88 tx / 353 pending / 21,293,360 (0.0%) gas / (0x1ecf447aeef22f6d074aa83793c8dd457367e406da737699761f641572e99730)
2026-10-07 20:36:06.920+00:00 | EthScheduler-Workers-0 | INFO  | PersistBlockTask | Block 451 (0x314581c83b566d129ba9502ca11fd7237c058cb53464c56d6158bda042e3106a) is already imported
2026-10-07 20:36:06.920+00:00 | BftProcessorExecutor-QBFT-0 | INFO  | QbftBesuControllerBuilder | Imported #451 / 63 tx / 290 pending / 15,244,110 (0.0%) gas / (0x314581c83b566d129ba9502ca11fd7237c058cb53464c56d6158bda042e3106a)
2026-10-07 20:36:09.259+00:00 | BftProcessorExecutor-QBFT-0 | INFO  | QbftBesuControllerBuilder | Imported #452 / 86 tx / 204 pending / 20,809,420 (0.0%) gas / (0x9c46fb22444a6bd5c30a05c041ca60b85f7a1ce359945396394be261b2b40cd1)
2026-10-07 20:36:11.028+00:00 | BftProcessorExecutor-QBFT-0 | INFO  | QbftBesuControllerBuilder | Imported #453 / 71 tx / 133 pending / 17,179,870 (0.0%) gas / (0xbce625877276c9b7d1e02076bf4f8320f6137361c7c6b5f68232367bc79bc152)
2026-10-07 20:36:13.129+00:00 | BftProcessorExecutor-QBFT-0 | INFO  | QbftBesuControllerBuilder | Imported #454 / 78 tx / 55 pending / 18,873,660 (0.0%) gas / (0x5ddc9b9c38963df995d396d2be038a599ff4ce907991826d0cc8e1af6d1a615c)
2026-10-07 20:36:14.724+00:00 | BftProcessorExecutor-QBFT-0 | INFO  | QbftBesuControllerBuilder | Imported #455 / 48 tx / 7 pending / 11,614,560 (0.0%) gas / (0x5c510f74288dd3ae3c29c4e4192b9b555d6a9fae1d994112fa9defe15abc6fbe)
2026-10-07 20:36:16.201+00:00 | BftProcessorExecutor-QBFT-0 | INFO  | QbftBesuControllerBuilder | Produced #456 / 7 tx / 0 pending / 1,693,790 (0.0%) gas / (0x810b811e9a19de582fb95a21ad66bf94ad4eff35c2e1c8fa2e183a01529639a1)
2026-10-07 20:36:16.201+00:00 | EthScheduler-Workers-0 | INFO  | PersistBlockTask | Block 456 (0x810b811e9a19de582fb95a21ad66bf94ad4eff35c2e1c8fa2e183a01529639a1) is already imported
2026-10-07 20:36:18.066+00:00 | BftProcessorExecutor-QBFT-0 | INFO  | QbftBesuControllerBuilder | Imported #457 / 0 tx / 0 pending / 0 (0.0%) gas / (0x887a47eb9deb6177edd5d955ad6ac96d1eb125c3358ece4cb47f73b0ed093409)
2026-10-07 20:36:20.092+00:00 | EthScheduler-Workers-0 | INFO  | PersistBlockTask | Block 458 (0x7dbc5e3400bac4c26f977642cc49f79ed44c257d31bce542834d6b0b1ecddc03) is already imported
2026-10-07 20:36:20.092+00:00 | BftProcessorExecutor-QBFT-0 | INFO  | QbftBesuControllerBuilder | Imported #458 / 0 tx / 0 pending / 0 (0.0%) gas / (0x7dbc5e3400bac4c26f977642cc49f79ed44c257d31bce542834d6b0b1ecddc03)
2026-10-07 20:36:22.077+00:00 | BftProcessorExecutor-QBFT-0 | INFO  | QbftBesuControllerBuilder | Imported #459 / 0 tx / 0 pending / 0 (0.0%) gas / (0x2b8859862a5ef55cb5a62a66e46e646b1334469868c229afea2c9dcf2781284e)
2026-10-07 20:36:24.082+00:00 | BftProcessorExecutor-QBFT-0 | INFO  | QbftBesuControllerBuilder | Imported #460 / 0 tx / 0 pending / 0 (0.0%) gas / (0x7b082788479e0cb08122ff365a43460c507130a0b0a28406c5897b3f7d442bbc)
2026-10-07 20:36:24.082+00:00 | EthScheduler-Workers-0 | INFO  | PersistBlockTask | Block 460 (0x7b082788479e0cb08122ff365a43460c507130a0b0a28406c5897b3f7d442bbc) is already imported
2026-10-07 20:36:26.081+00:00 | EthScheduler-Workers-0 | INFO  | PersistBlockTask | Block 461 (0x0c6b6fbeb4996e37f2354a5a86f893fb97e35906f051d150f3be8a3ea1ad9585) is already imported
2026-10-07 20:36:26.081+00:00 | BftProcessorExecutor-QBFT-0 | INFO  | QbftBesuControllerBuilder | Imported #461 / 0 tx / 0 pending / 0 (0.0%) gas / (0x0c6b6fbeb4996e37f2354a5a86f893fb97e35906f051d150f3be8a3ea1ad9585)
2026-10-07 20:36:28.072+00:00 | BftProcessorExecutor-QBFT-0 | INFO  | QbftBesuControllerBuilder | Imported #462 / 0 tx / 0 pending / 0 (0.0%) gas / (0x215825ab66b31853a77ce19619a826c6e11b7ed3c8b844bb22ccf9cbd97f2aa6)
2026-10-07 20:36:28.072+00:00 | EthScheduler-Workers-0 | INFO  | PersistBlockTask | Block 462 (0x215825ab66b31853a77ce19619a826c6e11b7ed3c8b844bb22ccf9cbd97f2aa6) is already imported
2026-10-07 20:36:30.070+00:00 | BftProcessorExecutor-QBFT-0 | INFO  | QbftBesuControllerBuilder | Imported #463 / 0 tx / 0 pending / 0 (0.0%) gas / (0x55eeb90bffe3a7ff0992984eb94c2816f78310866c1290ed73cf644ce6705ea3)
2026-10-07 20:36:32.075+00:00 | BftProcessorExecutor-QBFT-0 | INFO  | QbftBesuControllerBuilder | Imported #464 / 0 tx / 0 pending / 0 (0.0%) gas / (0x87abf46ed94b7e7027bda2568a3b7f64c5baba9732e56093da4c7b798ce765ee)
2026-10-07 20:36:32.076+00:00 | EthScheduler-Workers-0 | INFO  | PersistBlockTask | Block 464 (0x87abf46ed94b7e7027bda2568a3b7f64c5baba9732e56093da4c7b798ce765ee) is already imported
2026-10-07 20:36:34.077+00:00 | BftProcessorExecutor-QBFT-0 | INFO  | QbftBesuControllerBuilder | Imported #465 / 0 tx / 0 pending / 0 (0.0%) gas / (0xbe7ae63c5099422f23d37bad0b5d44fa962576189b9df03f1ea31fb885045dcb)
2026-10-07 20:36:34.080+00:00 | EthScheduler-Workers-0 | INFO  | PersistBlockTask | Block 465 (0xbe7ae63c5099422f23d37bad0b5d44fa962576189b9df03f1ea31fb885045dcb) is already imported
2026-10-07 20:36:36.067+00:00 | BftProcessorExecutor-QBFT-0 | INFO  | QbftBesuControllerBuilder | Imported #466 / 0 tx / 0 pending / 0 (0.0%) gas / (0x404db8d9acdb53a002fe971c5d92c251f8d740e649ccde3339aae55e302592cc)
2026-10-07 20:36:38.075+00:00 | EthScheduler-Workers-0 | INFO  | PersistBlockTask | Block 467 (0x18fc98932eb8ed02886d70d1e2aa33100c806713b26956943b2d7e596d860a70) is already imported
2026-10-07 20:36:38.075+00:00 | BftProcessorExecutor-QBFT-0 | INFO  | QbftBesuControllerBuilder | Imported #467 / 0 tx / 0 pending / 0 (0.0%) gas / (0x18fc98932eb8ed02886d70d1e2aa33100c806713b26956943b2d7e596d860a70)
2026-10-07 20:36:40.067+00:00 | BftProcessorExecutor-QBFT-0 | INFO  | QbftBesuControllerBuilder | Imported #468 / 0 tx / 0 pending / 0 (0.0%) gas / (0x20ec6685c478a1c5f58f106999cbd5e440e834edf2c0560f35e86ea8979af2c8)
2026-10-07 20:36:40.068+00:00 | EthScheduler-Workers-0 | INFO  | PersistBlockTask | Block 468 (0x20ec6685c478a1c5f58f106999cbd5e440e834edf2c0560f35e86ea8979af2c8) is already imported
2026-10-07 20:36:42.074+00:00 | EthScheduler-Workers-0 | INFO  | PersistBlockTask | Imported #469 / 0 tx / 0 om / 0 (0.0%) gas / (0xa00a2ae4f43785fca57e846d88b58537a2a4a8e1415a0ef547a4c94b88eed220) in 0.001s. Peers: 14
2026-10-07 20:36:44.075+00:00 | BftProcessorExecutor-QBFT-0 | INFO  | QbftBesuControllerBuilder | Imported #470 / 0 tx / 0 pending / 0 (0.0%) gas / (0x40ccaed3283b0f204c9b50c8996da3d71f819b12f7f7b3dd0487494754703261)
2026-10-07 20:36:44.075+00:00 | EthScheduler-Workers-0 | INFO  | PersistBlockTask | Block 470 (0x40ccaed3283b0f204c9b50c8996da3d71f819b12f7f7b3dd0487494754703261) is already imported
2026-10-07 20:36:46.060+00:00 | BftProcessorExecutor-QBFT-0 | INFO  | QbftBesuControllerBuilder | Produced #471 / 0 tx / 0 pending / 0 (0.0%) gas / (0x18a4a3b238f73b729c06ea391ff786deabb39b1ce31c866eceaeefdb09be800a)
2026-10-07 20:36:48.068+00:00 | EthScheduler-Workers-0 | INFO  | PersistBlockTask | Imported #472 / 0 tx / 0 om / 0 (0.0%) gas / (0xad8dddd49d94fb108016ace4b4d80b437dfae9c27dfd394acf38ba8a7bff3cdf) in 0.001s. Peers: 14
2026-10-07 20:36:48.068+00:00 | BftProcessorExecutor-QBFT-0 | INFO  | QbftBesuControllerBuilder | Imported #472 / 0 tx / 0 pending / 0 (0.0%) gas / (0xad8dddd49d94fb108016ace4b4d80b437dfae9c27dfd394acf38ba8a7bff3cdf)
2026-10-07 20:36:50.071+00:00 | BftProcessorExecutor-QBFT-0 | INFO  | QbftBesuControllerBuilder | Imported #473 / 0 tx / 0 pending / 0 (0.0%) gas / (0x3126914ac62163c25f116ce9cbdd7fa5d662c672ce38c1084ee9e5d12c8b54eb)
2026-10-07 20:36:52.070+00:00 | BftProcessorExecutor-QBFT-0 | INFO  | QbftBesuControllerBuilder | Imported #474 / 0 tx / 0 pending / 0 (0.0%) gas / (0x3c196f25323c78d482a5a3a4752d9b8a1b5c45e3170abf738aa324bb3b855a34)
2026-10-07 20:36:54.160+00:00 | BftProcessorExecutor-QBFT-0 | INFO  | QbftBesuControllerBuilder | Imported #475 / 32 tx / 477 pending / 4,916,292 (0.0%) gas / (0x79df038053408e457fae9dc2c3f03371f316cba44c0465797853fab534e8f677)
2026-10-07 20:36:56.328+00:00 | BftProcessorExecutor-QBFT-0 | INFO  | QbftBesuControllerBuilder | Imported #476 / 87 tx / 1308 pending / 13,366,138 (0.0%) gas / (0x92750f818edbf855ee05ba57cde0b85325065d56b0ffd4bc68714d689ed4554e)
2026-10-07 20:36:58.593+00:00 | BftProcessorExecutor-QBFT-0 | INFO  | QbftBesuControllerBuilder | Imported #477 / 136 tx / 1793 pending / 20,893,984 (0.0%) gas / (0xe85c533be1aac154660941d189d01a063f55884c702186c47da70948279c3218)
2026-10-07 20:37:00.601+00:00 | BftProcessorExecutor-QBFT-0 | INFO  | QbftBesuControllerBuilder | Imported #478 / 136 tx / 1657 pending / 20,894,376 (0.0%) gas / (0xb0d6c99d00ae5ff7bebfc17aa8cb1446064c4089051417d4eb1e02346131c533)
2026-10-07 20:37:02.525+00:00 | BftProcessorExecutor-QBFT-0 | INFO  | QbftBesuControllerBuilder | Imported #479 / 136 tx / 1521 pending / 20,894,296 (0.0%) gas / (0x3619b658cfba64bd7d4e0af64c681b45f4da06b62f01424436b273d42d7ea7a3)
2026-10-07 20:37:04.666+00:00 | EthScheduler-Workers-0 | INFO  | PersistBlockTask | Block 480 (0xb60da20295df0da649fc3a4aee1ca2d5ded619d0dcccdea9f4251dc78da12b94) is already imported
2026-10-07 20:37:04.667+00:00 | BftProcessorExecutor-QBFT-0 | INFO  | QbftBesuControllerBuilder | Imported #480 / 138 tx / 1383 pending / 21,201,388 (0.0%) gas / (0xb60da20295df0da649fc3a4aee1ca2d5ded619d0dcccdea9f4251dc78da12b94)
2026-10-07 20:37:06.619+00:00 | EthScheduler-Workers-0 | INFO  | PersistBlockTask | Block 481 (0x30da5e07d6ad422dad280641a24ea0f51280d81eb7674b7ea82dbf8f6624c479) is already imported
2026-10-07 20:37:06.620+00:00 | BftProcessorExecutor-QBFT-0 | INFO  | QbftBesuControllerBuilder | Imported #481 / 138 tx / 1245 pending / 21,201,348 (0.0%) gas / (0x30da5e07d6ad422dad280641a24ea0f51280d81eb7674b7ea82dbf8f6624c479)
2026-10-07 20:37:08.571+00:00 | BftProcessorExecutor-QBFT-0 | INFO  | QbftBesuControllerBuilder | Imported #482 / 138 tx / 1107 pending / 21,201,428 (0.0%) gas / (0xb190596caa8e28476da8d63b9d47e82d16c8c1416279577fa935c5d53fe63aab)
2026-10-07 20:37:10.601+00:00 | BftProcessorExecutor-QBFT-0 | INFO  | QbftBesuControllerBuilder | Imported #483 / 137 tx / 970 pending / 21,047,898 (0.0%) gas / (0x82bece0d27efd09ce60e71ce96f419f65ba344e908d4746065e1eb74900cc86b)
2026-10-07 20:37:12.559+00:00 | BftProcessorExecutor-QBFT-0 | INFO  | QbftBesuControllerBuilder | Imported #484 / 137 tx / 833 pending / 21,047,978 (0.0%) gas / (0xae18ff62765ce3744717dc44dec4e2c40ee6cb3a6ee41329d9d0f7e64c8c5e3b)
2026-10-07 20:37:14.462+00:00 | EthScheduler-Workers-0 | INFO  | PersistBlockTask | Block 485 (0x735607e34cd6e05f5f09b795ca7df4ec5ade7a2a630ac5628dc308db7e267a9c) is already imported
2026-10-07 20:37:14.464+00:00 | BftProcessorExecutor-QBFT-0 | INFO  | QbftBesuControllerBuilder | Imported #485 / 136 tx / 697 pending / 20,894,152 (0.0%) gas / (0x735607e34cd6e05f5f09b795ca7df4ec5ade7a2a630ac5628dc308db7e267a9c)
2026-10-07 20:37:16.654+00:00 | BftProcessorExecutor-QBFT-0 | INFO  | QbftBesuControllerBuilder | Produced #486 / 136 tx / 561 pending / 20,894,352 (0.0%) gas / (0x8782fc0a3229d0fc9860a71674837ec810247c49c5a8a373139dbbe5e41d8bb0)
2026-10-07 20:37:18.591+00:00 | BftProcessorExecutor-QBFT-0 | INFO  | QbftBesuControllerBuilder | Imported #487 / 136 tx / 425 pending / 20,894,216 (0.0%) gas / (0xaa229af3e0b158e71ce81e75a39fce2ac54ef54c70f5bbe6d5ef8b81e52e23ea)
2026-10-07 20:37:20.658+00:00 | BftProcessorExecutor-QBFT-0 | INFO  | QbftBesuControllerBuilder | Imported #488 / 136 tx / 289 pending / 20,894,108 (0.0%) gas / (0x2418ee12da31a25aed4bdbe40de6a7a563420061acfcff417840d1a616ef6382)
2026-10-07 20:37:22.511+00:00 | BftProcessorExecutor-QBFT-0 | INFO  | QbftBesuControllerBuilder | Imported #489 / 136 tx / 153 pending / 20,894,324 (0.0%) gas / (0xe271846896261a747a6eaf68dad2d84a69bde568b7627cb77863dc26d0ca6664)
2026-10-07 20:37:24.444+00:00 | EthScheduler-Workers-0 | INFO  | PersistBlockTask | Block 490 (0x1c81c10860fe52665a5dd176ff7b6bd844db0a2b67cd52955c9fbf2930821d9c) is already imported
2026-10-07 20:37:24.444+00:00 | BftProcessorExecutor-QBFT-0 | INFO  | QbftBesuControllerBuilder | Imported #490 / 104 tx / 49 pending / 15,977,976 (0.0%) gas / (0x1c81c10860fe52665a5dd176ff7b6bd844db0a2b67cd52955c9fbf2930821d9c)
2026-10-07 20:37:26.374+00:00 | EthScheduler-Workers-0 | INFO  | PersistBlockTask | Block 491 (0x33d0e24cfd0ccf522613f5aec9674b300058db1af3b3ecbc11afa32c4d802bd1) is already imported
2026-10-07 20:37:26.374+00:00 | BftProcessorExecutor-QBFT-0 | INFO  | QbftBesuControllerBuilder | Imported #491 / 49 tx / 0 pending / 7,527,926 (0.0%) gas / (0x33d0e24cfd0ccf522613f5aec9674b300058db1af3b3ecbc11afa32c4d802bd1)
2026-10-07 20:37:28.075+00:00 | EthScheduler-Workers-0 | INFO  | PersistBlockTask | Block 492 (0x4f858376987251d9a9b2732030e4480f061c80f17715d37327b7c7d3443763da) is already imported
2026-10-07 20:37:28.075+00:00 | BftProcessorExecutor-QBFT-0 | INFO  | QbftBesuControllerBuilder | Imported #492 / 0 tx / 0 pending / 0 (0.0%) gas / (0x4f858376987251d9a9b2732030e4480f061c80f17715d37327b7c7d3443763da)
2026-10-07 20:37:30.084+00:00 | EthScheduler-Workers-0 | INFO  | PersistBlockTask | Block 493 (0x1a76d2f75534535aa0bbc67170a6e9ebd70d2cb9e0541cada5a54839ea2af360) is already imported
2026-10-07 20:37:30.084+00:00 | BftProcessorExecutor-QBFT-0 | INFO  | QbftBesuControllerBuilder | Imported #493 / 0 tx / 0 pending / 0 (0.0%) gas / (0x1a76d2f75534535aa0bbc67170a6e9ebd70d2cb9e0541cada5a54839ea2af360)
2026-10-07 20:37:32.073+00:00 | EthScheduler-Workers-0 | INFO  | PersistBlockTask | Block 494 (0x315b6af34347885d6b576f38d28176cd290647d74fe3efc70199c177125616da) is already imported
2026-10-07 20:37:32.073+00:00 | BftProcessorExecutor-QBFT-0 | INFO  | QbftBesuControllerBuilder | Imported #494 / 0 tx / 0 pending / 0 (0.0%) gas / (0x315b6af34347885d6b576f38d28176cd290647d74fe3efc70199c177125616da)
2026-10-07 20:37:34.074+00:00 | BftProcessorExecutor-QBFT-0 | INFO  | QbftBesuControllerBuilder | Imported #495 / 0 tx / 0 pending / 0 (0.0%) gas / (0x14abe2d6189bf9cddf199a3a2aa7b475ae484f1898015e8e32d8a17b14fb10dd)
2026-10-07 20:37:36.059+00:00 | BftProcessorExecutor-QBFT-0 | INFO  | QbftBesuControllerBuilder | Imported #496 / 0 tx / 0 pending / 0 (0.0%) gas / (0xe42707372db75bf14ee5ee94256d09bdd1b307ba4e006dc8666cc046c8456ff3)
2026-10-07 20:37:38.081+00:00 | EthScheduler-Workers-0 | INFO  | PersistBlockTask | Block 497 (0x0903484ab547a18d1382068770da79e1305a959ac7f33e5844488b9ec7971d18) is already imported
2026-10-07 20:37:38.081+00:00 | BftProcessorExecutor-QBFT-0 | INFO  | QbftBesuControllerBuilder | Imported #497 / 0 tx / 0 pending / 0 (0.0%) gas / (0x0903484ab547a18d1382068770da79e1305a959ac7f33e5844488b9ec7971d18)
2026-10-07 20:37:40.079+00:00 | EthScheduler-Workers-0 | INFO  | PersistBlockTask | Block 498 (0xb0e551bd00490be5bba8985bbcbe846b5ed98182c70968665019c79121fa812b) is already imported
2026-10-07 20:37:40.079+00:00 | BftProcessorExecutor-QBFT-0 | INFO  | QbftBesuControllerBuilder | Imported #498 / 0 tx / 0 pending / 0 (0.0%) gas / (0xb0e551bd00490be5bba8985bbcbe846b5ed98182c70968665019c79121fa812b)
2026-10-07 20:37:42.081+00:00 | EthScheduler-Workers-0 | INFO  | PersistBlockTask | Block 499 (0x8f5462cf95c3c7a0f75230ea61b5f8794b6d6b2bb2f4e3994d29e099c96b6786) is already imported
2026-10-07 20:37:42.081+00:00 | BftProcessorExecutor-QBFT-0 | INFO  | QbftBesuControllerBuilder | Imported #499 / 0 tx / 0 pending / 0 (0.0%) gas / (0x8f5462cf95c3c7a0f75230ea61b5f8794b6d6b2bb2f4e3994d29e099c96b6786)
2026-10-07 20:37:44.073+00:00 | BftProcessorExecutor-QBFT-0 | INFO  | QbftBesuControllerBuilder | Imported #500 / 0 tx / 0 pending / 0 (0.0%) gas / (0x70a9261b78d7fc9b30ca83e29404d2e67e76284c6be6a4991a5ba47182bb5111)
2026-10-07 20:37:44.073+00:00 | EthScheduler-Workers-0 | INFO  | PersistBlockTask | Block 500 (0x70a9261b78d7fc9b30ca83e29404d2e67e76284c6be6a4991a5ba47182bb5111) is already imported
2026-10-07 20:37:46.086+00:00 | BftProcessorExecutor-QBFT-0 | INFO  | QbftBesuControllerBuilder | Produced #501 / 0 tx / 0 pending / 0 (0.0%) gas / (0xd543b0d1f964086e3e1690eacc7b5e0fbca603d847b8b1f6be4db38208ff2cc6)
2026-10-07 20:37:46.086+00:00 | EthScheduler-Workers-0 | INFO  | PersistBlockTask | Block 501 (0xd543b0d1f964086e3e1690eacc7b5e0fbca603d847b8b1f6be4db38208ff2cc6) is already imported
2026-10-07 20:37:48.074+00:00 | BftProcessorExecutor-QBFT-0 | INFO  | QbftBesuControllerBuilder | Imported #502 / 0 tx / 0 pending / 0 (0.0%) gas / (0xeefd6ef09f6d107ed25476f63165318b26001191c7db39ddbbcb88fe5fb1ebac)
2026-10-07 20:37:50.079+00:00 | EthScheduler-Workers-0 | INFO  | PersistBlockTask | Block 503 (0x16bc46c79c7d046e3e8e87e3cf38666c219f61001cd322778b5ca74b3247b06f) is already imported
2026-10-07 20:37:50.079+00:00 | BftProcessorExecutor-QBFT-0 | INFO  | QbftBesuControllerBuilder | Imported #503 / 0 tx / 0 pending / 0 (0.0%) gas / (0x16bc46c79c7d046e3e8e87e3cf38666c219f61001cd322778b5ca74b3247b06f)
2026-10-07 20:37:52.087+00:00 | BftProcessorExecutor-QBFT-0 | INFO  | QbftBesuControllerBuilder | Imported #504 / 0 tx / 0 pending / 0 (0.0%) gas / (0xa9f9e8df49f6de407705596fb40ae1a3d191b4d4153f297f50405a53ca5d889e)
2026-10-07 20:37:54.074+00:00 | EthScheduler-Workers-0 | INFO  | PersistBlockTask | Block 505 (0xb2bf21c7e558a38cae42c1b021c58b29ee9685a1e6730371803c61670dfedca2) is already imported
2026-10-07 20:37:54.074+00:00 | BftProcessorExecutor-QBFT-0 | INFO  | QbftBesuControllerBuilder | Imported #505 / 0 tx / 0 pending / 0 (0.0%) gas / (0xb2bf21c7e558a38cae42c1b021c58b29ee9685a1e6730371803c61670dfedca2)
2026-10-07 20:37:56.068+00:00 | EthScheduler-Workers-0 | INFO  | PersistBlockTask | Imported #506 / 0 tx / 0 om / 0 (0.0%) gas / (0x71fb3055669ef7214509c6b0eef4b8bb7a9307f83d93cb9b41f3627aab537571) in 0.000s. Peers: 14
2026-10-07 20:37:58.075+00:00 | EthScheduler-Workers-0 | INFO  | PersistBlockTask | Block 507 (0x11be119d5d48e26e5f1f291ada4b68dbcf7edc7e65f5a87b348e364d9d89a3d4) is already imported
2026-10-07 20:37:58.076+00:00 | BftProcessorExecutor-QBFT-0 | INFO  | QbftBesuControllerBuilder | Imported #507 / 0 tx / 0 pending / 0 (0.0%) gas / (0x11be119d5d48e26e5f1f291ada4b68dbcf7edc7e65f5a87b348e364d9d89a3d4)
2026-10-07 20:38:00.056+00:00 | BftProcessorExecutor-QBFT-0 | INFO  | QbftBesuControllerBuilder | Imported #508 / 0 tx / 0 pending / 0 (0.0%) gas / (0x1936a5212f7653021e4e230c62e88b7f31e1cc1bcebdfab43314584d6a69163b)
2026-10-07 20:38:02.077+00:00 | EthScheduler-Workers-0 | INFO  | PersistBlockTask | Block 509 (0x0bd4101c0d105b727829de8e31cd6852bbab74887da0cf0838e0d7a9a53e68b7) is already imported
2026-10-07 20:38:02.077+00:00 | BftProcessorExecutor-QBFT-0 | INFO  | QbftBesuControllerBuilder | Imported #509 / 0 tx / 0 pending / 0 (0.0%) gas / (0x0bd4101c0d105b727829de8e31cd6852bbab74887da0cf0838e0d7a9a53e68b7)
2026-10-07 20:38:04.060+00:00 | BftProcessorExecutor-QBFT-0 | INFO  | QbftBesuControllerBuilder | Imported #510 / 0 tx / 0 pending / 0 (0.0%) gas / (0x0238b8a00bf36bd2c7bf5fd8df2e713e4b64650955c4e9f2162301ceac08a845)
2026-10-07 20:38:06.077+00:00 | EthScheduler-Workers-0 | INFO  | PersistBlockTask | Block 511 (0xd0037057eee7d772a1db29fa8675193c8e8d604a79ab484f14ba6d83f677002b) is already imported
2026-10-07 20:38:06.077+00:00 | BftProcessorExecutor-QBFT-0 | INFO  | QbftBesuControllerBuilder | Imported #511 / 0 tx / 0 pending / 0 (0.0%) gas / (0xd0037057eee7d772a1db29fa8675193c8e8d604a79ab484f14ba6d83f677002b)
2026-10-07 20:38:08.081+00:00 | EthScheduler-Workers-0 | INFO  | PersistBlockTask | Block 512 (0x7e9a99b45a6cc86bc265adea00c3d924519e667041bc8848ed70c499aab7111a) is already imported
2026-10-07 20:38:08.081+00:00 | BftProcessorExecutor-QBFT-0 | INFO  | QbftBesuControllerBuilder | Imported #512 / 0 tx / 0 pending / 0 (0.0%) gas / (0x7e9a99b45a6cc86bc265adea00c3d924519e667041bc8848ed70c499aab7111a)
2026-10-07 20:38:10.053+00:00 | BftProcessorExecutor-QBFT-0 | INFO  | QbftBesuControllerBuilder | Imported #513 / 0 tx / 0 pending / 0 (0.0%) gas / (0x64d48fcf4ed2862eb819c10eec9f7589bee462a5aa560bfbe0ea53f25f799189)
2026-10-07 20:38:12.071+00:00 | EthScheduler-Workers-0 | INFO  | PersistBlockTask | Block 514 (0x739ef1beab9a8a1f4518e19109d907b743878699fa9568163a792eed478c958c) is already imported
2026-10-07 20:38:12.072+00:00 | BftProcessorExecutor-QBFT-0 | INFO  | QbftBesuControllerBuilder | Imported #514 / 0 tx / 0 pending / 0 (0.0%) gas / (0x739ef1beab9a8a1f4518e19109d907b743878699fa9568163a792eed478c958c)
2026-10-07 20:38:14.056+00:00 | BftProcessorExecutor-QBFT-0 | INFO  | QbftBesuControllerBuilder | Imported #515 / 0 tx / 0 pending / 0 (0.0%) gas / (0x93c8700aed3459d7abe6bd11255e830a5f7d4532efce7e737e5771b7a34e0dd1)
2026-10-07 20:38:16.061+00:00 | BftProcessorExecutor-QBFT-0 | INFO  | QbftBesuControllerBuilder | Produced #516 / 0 tx / 0 pending / 0 (0.0%) gas / (0x901186ba30b90c7c9de8f9864fb71dced7762ec8d520bcaf5e986c68d7a4dbf9)
2026-10-07 20:38:18.052+00:00 | BftProcessorExecutor-QBFT-0 | INFO  | QbftBesuControllerBuilder | Imported #517 / 0 tx / 0 pending / 0 (0.0%) gas / (0xb7e1d35a7c52bb569b07fb424215d06a59d82800c1ee6f3d10fc05dccfaff501)
2026-10-07 20:38:20.074+00:00 | BftProcessorExecutor-QBFT-0 | INFO  | QbftBesuControllerBuilder | Imported #518 / 0 tx / 0 pending / 0 (0.0%) gas / (0xa6c66d182460d27a6b07ffa5ffe53eeee42895c7b72006ce1720e29319f2744d)
2026-10-07 20:38:20.074+00:00 | EthScheduler-Workers-0 | INFO  | PersistBlockTask | Block 518 (0xa6c66d182460d27a6b07ffa5ffe53eeee42895c7b72006ce1720e29319f2744d) is already imported
2026-10-07 20:38:22.082+00:00 | EthScheduler-Workers-0 | INFO  | PersistBlockTask | Block 519 (0x302d5118dcffe4c102330171fd480eb6601375c9101898e17365f110e9a42f68) is already imported
2026-10-07 20:38:22.082+00:00 | BftProcessorExecutor-QBFT-0 | INFO  | QbftBesuControllerBuilder | Imported #519 / 0 tx / 0 pending / 0 (0.0%) gas / (0x302d5118dcffe4c102330171fd480eb6601375c9101898e17365f110e9a42f68)
2026-10-07 20:38:24.056+00:00 | BftProcessorExecutor-QBFT-0 | INFO  | QbftBesuControllerBuilder | Imported #520 / 0 tx / 0 pending / 0 (0.0%) gas / (0x88b1558876699a3b2e951c7fa556571e4d3a914813d557e0b27a6718793c912f)
2026-10-07 20:38:26.072+00:00 | EthScheduler-Workers-0 | INFO  | PersistBlockTask | Imported #521 / 0 tx / 0 om / 0 (0.0%) gas / (0x4072a006e9cede1b597f237cdba73d3c3913f59988960ec1677360718ea7f0e1) in 0.002s. Peers: 14
2026-10-07 20:38:26.073+00:00 | BftProcessorExecutor-QBFT-0 | INFO  | QbftBesuControllerBuilder | Imported #521 / 0 tx / 0 pending / 0 (0.0%) gas / (0x4072a006e9cede1b597f237cdba73d3c3913f59988960ec1677360718ea7f0e1)
2026-10-07 20:38:28.077+00:00 | BftProcessorExecutor-QBFT-0 | INFO  | QbftBesuControllerBuilder | Imported #522 / 0 tx / 0 pending / 0 (0.0%) gas / (0x170ab9b1d1428eb76facf044327c25734de38e5a61a4f88b9c2dd377b827234e)
2026-10-07 20:38:28.077+00:00 | EthScheduler-Workers-0 | INFO  | PersistBlockTask | Block 522 (0x170ab9b1d1428eb76facf044327c25734de38e5a61a4f88b9c2dd377b827234e) is already imported
2026-10-07 20:38:30.072+00:00 | BftProcessorExecutor-QBFT-0 | INFO  | QbftBesuControllerBuilder | Imported #523 / 0 tx / 0 pending / 0 (0.0%) gas / (0x15ac5aa57781bebdac16686c9ca2258952d45ba270ddddadd3b11bbbe052a871)
2026-10-07 20:38:30.072+00:00 | EthScheduler-Workers-0 | INFO  | PersistBlockTask | Block 523 (0x15ac5aa57781bebdac16686c9ca2258952d45ba270ddddadd3b11bbbe052a871) is already imported
2026-10-07 20:38:32.083+00:00 | BftProcessorExecutor-QBFT-0 | INFO  | QbftBesuControllerBuilder | Imported #524 / 0 tx / 0 pending / 0 (0.0%) gas / (0x23d7aa7e32de807a9386e164dfdda31fff8632004b1f2b54fb61f02d704570db)
2026-10-07 20:38:32.083+00:00 | EthScheduler-Workers-0 | INFO  | PersistBlockTask | Block 524 (0x23d7aa7e32de807a9386e164dfdda31fff8632004b1f2b54fb61f02d704570db) is already imported
2026-10-07 20:38:34.081+00:00 | BftProcessorExecutor-QBFT-0 | INFO  | QbftBesuControllerBuilder | Imported #525 / 0 tx / 0 pending / 0 (0.0%) gas / (0x64c124f2dd118764d2cf37d78f94ff3760e67413525b748634f501fa2aa86747)
2026-10-07 20:38:34.081+00:00 | EthScheduler-Workers-0 | INFO  | PersistBlockTask | Block 525 (0x64c124f2dd118764d2cf37d78f94ff3760e67413525b748634f501fa2aa86747) is already imported
2026-10-07 20:38:36.066+00:00 | BftProcessorExecutor-QBFT-0 | INFO  | QbftBesuControllerBuilder | Imported #526 / 0 tx / 0 pending / 0 (0.0%) gas / (0x477a13e33d83e3643c8da77068c01fd88b374b98ef314c81d6a98a6bf10a099a)
2026-10-07 20:38:38.074+00:00 | EthScheduler-Workers-0 | INFO  | PersistBlockTask | Block 527 (0xcf61b6e51675cef68e9ba551d2f0f70d905e702560b84ac509c9f05d544d316d) is already imported
2026-10-07 20:38:38.074+00:00 | BftProcessorExecutor-QBFT-0 | INFO  | QbftBesuControllerBuilder | Imported #527 / 0 tx / 0 pending / 0 (0.0%) gas / (0xcf61b6e51675cef68e9ba551d2f0f70d905e702560b84ac509c9f05d544d316d)
2026-10-07 20:38:40.077+00:00 | EthScheduler-Workers-0 | INFO  | PersistBlockTask | Block 528 (0xe2ec5b6756803cc11fcb5a76120c5be2131c912615db051eb8a71b1742d88261) is already imported
2026-10-07 20:38:40.077+00:00 | BftProcessorExecutor-QBFT-0 | INFO  | QbftBesuControllerBuilder | Imported #528 / 0 tx / 0 pending / 0 (0.0%) gas / (0xe2ec5b6756803cc11fcb5a76120c5be2131c912615db051eb8a71b1742d88261)
2026-10-07 20:38:42.081+00:00 | BftProcessorExecutor-QBFT-0 | INFO  | QbftBesuControllerBuilder | Imported #529 / 0 tx / 0 pending / 0 (0.0%) gas / (0xe5a64c7d420f7d31d366fce279c1337b7e8cf0923ae7c3ed2cc18977ea937efd)
2026-10-07 20:38:42.082+00:00 | EthScheduler-Workers-0 | INFO  | PersistBlockTask | Block 529 (0xe5a64c7d420f7d31d366fce279c1337b7e8cf0923ae7c3ed2cc18977ea937efd) is already imported
2026-10-07 20:38:44.072+00:00 | BftProcessorExecutor-QBFT-0 | INFO  | QbftBesuControllerBuilder | Imported #530 / 0 tx / 0 pending / 0 (0.0%) gas / (0x6f610de66fb64f3bf26184cc987d368e27afacfb827ddd6bb2b40602874079b0)
2026-10-07 20:38:44.074+00:00 | EthScheduler-Workers-0 | INFO  | PersistBlockTask | Block 530 (0x6f610de66fb64f3bf26184cc987d368e27afacfb827ddd6bb2b40602874079b0) is already imported
2026-10-07 20:38:46.080+00:00 | EthScheduler-Workers-0 | INFO  | PersistBlockTask | Block 531 (0xe3bbe54b67cfaa239640df74e0a22ab9287feb7dbee5063be976a5752a7d0176) is already imported
2026-10-07 20:38:46.081+00:00 | BftProcessorExecutor-QBFT-0 | INFO  | QbftBesuControllerBuilder | Produced #531 / 0 tx / 0 pending / 0 (0.0%) gas / (0xe3bbe54b67cfaa239640df74e0a22ab9287feb7dbee5063be976a5752a7d0176)
2026-10-07 20:38:48.075+00:00 | EthScheduler-Workers-0 | INFO  | PersistBlockTask | Block 532 (0x2b2d287f1430331da7b6ab90d04c1714f953ef0eff5ca83ec85b99b3ca10a778) is already imported
2026-10-07 20:38:48.075+00:00 | BftProcessorExecutor-QBFT-0 | INFO  | QbftBesuControllerBuilder | Imported #532 / 0 tx / 0 pending / 0 (0.0%) gas / (0x2b2d287f1430331da7b6ab90d04c1714f953ef0eff5ca83ec85b99b3ca10a778)
2026-10-07 20:38:50.084+00:00 | EthScheduler-Workers-0 | INFO  | PersistBlockTask | Block 533 (0x52f8a7fc642ccb1a88ef28330626000ed93181f2e8b12da24d898f1cf1c60ba3) is already imported
2026-10-07 20:38:50.084+00:00 | BftProcessorExecutor-QBFT-0 | INFO  | QbftBesuControllerBuilder | Imported #533 / 0 tx / 0 pending / 0 (0.0%) gas / (0x52f8a7fc642ccb1a88ef28330626000ed93181f2e8b12da24d898f1cf1c60ba3)
2026-10-07 20:38:52.075+00:00 | EthScheduler-Workers-0 | INFO  | PersistBlockTask | Block 534 (0x31c754b2a9b65e5664ad395cfa6f8ed3c92c2bcd3ef814c8851ed48223b19379) is already imported
2026-10-07 20:38:52.075+00:00 | BftProcessorExecutor-QBFT-0 | INFO  | QbftBesuControllerBuilder | Imported #534 / 0 tx / 0 pending / 0 (0.0%) gas / (0x31c754b2a9b65e5664ad395cfa6f8ed3c92c2bcd3ef814c8851ed48223b19379)
2026-10-07 20:38:54.076+00:00 | EthScheduler-Workers-0 | INFO  | PersistBlockTask | Block 535 (0x709a14525560ef1ac490196a6c5d52923c358ef69ffa8c60af38af967273f86e) is already imported
2026-10-07 20:38:54.077+00:00 | BftProcessorExecutor-QBFT-0 | INFO  | QbftBesuControllerBuilder | Imported #535 / 0 tx / 0 pending / 0 (0.0%) gas / (0x709a14525560ef1ac490196a6c5d52923c358ef69ffa8c60af38af967273f86e)
2026-10-07 20:38:56.075+00:00 | EthScheduler-Workers-0 | INFO  | PersistBlockTask | Block 536 (0x238fc777c1b5d9719bf835a37694f76c3a9132a323b9f993948cc90a74754150) is already imported
2026-10-07 20:38:56.075+00:00 | BftProcessorExecutor-QBFT-0 | INFO  | QbftBesuControllerBuilder | Imported #536 / 0 tx / 0 pending / 0 (0.0%) gas / (0x238fc777c1b5d9719bf835a37694f76c3a9132a323b9f993948cc90a74754150)
2026-10-07 20:38:58.626+00:00 | BftProcessorExecutor-QBFT-0 | INFO  | QbftBesuControllerBuilder | Imported #537 / 36 tx / 731 pending / 8,710,920 (0.0%) gas / (0x639053cd0d05b5e07d118358e62f989bbd54f89d0a2091296d15b0f98b6b11e6)
2026-10-07 20:39:01.373+00:00 | EthScheduler-Workers-0 | INFO  | PersistBlockTask | Block 538 (0x8660b69ffc7b73d5ab49dba41c60756bb516e710ea4cf47f04df1d80e5abe9ee) is already imported
2026-10-07 20:39:01.375+00:00 | BftProcessorExecutor-QBFT-0 | INFO  | QbftBesuControllerBuilder | Imported #538 / 88 tx / 1748 pending / 21,293,360 (0.0%) gas / (0x8660b69ffc7b73d5ab49dba41c60756bb516e710ea4cf47f04df1d80e5abe9ee)
2026-10-07 20:39:04.091+00:00 | EthScheduler-Workers-0 | INFO  | PersistBlockTask | Block 539 (0x55153b79b7e8b51d53d5d7e45e7db6dbc21b81fc5df42989e9eae4cab816209e) is already imported
2026-10-07 20:39:04.093+00:00 | BftProcessorExecutor-QBFT-0 | INFO  | QbftBesuControllerBuilder | Imported #539 / 138 tx / 2634 pending / 33,391,860 (0.0%) gas / (0x55153b79b7e8b51d53d5d7e45e7db6dbc21b81fc5df42989e9eae4cab816209e)
2026-10-07 20:39:06.938+00:00 | EthScheduler-Workers-0 | INFO  | PersistBlockTask | Block 540 (0x8a852c1280c384a7b9c22c22a09c1281ca18dfecced8e5bd49de9b3c95be0486) is already imported
2026-10-07 20:39:06.941+00:00 | BftProcessorExecutor-QBFT-0 | INFO  | QbftBesuControllerBuilder | Imported #540 / 196 tx / 3611 pending / 47,426,120 (0.0%) gas / (0x8a852c1280c384a7b9c22c22a09c1281ca18dfecced8e5bd49de9b3c95be0486)
2026-10-07 20:39:10.729+00:00 | EthScheduler-Workers-0 | INFO  | PersistBlockTask | Block 541 (0x1bc78cc904350a26402bf97f85c263c79ea2159e4aad911dad3ba4f69d0fed9d) is already imported
2026-10-07 20:39:10.736+00:00 | BftProcessorExecutor-QBFT-0 | INFO  | QbftBesuControllerBuilder | Imported #541 / 272 tx / 4850 pending / 65,815,840 (0.0%) gas / (0x1bc78cc904350a26402bf97f85c263c79ea2159e4aad911dad3ba4f69d0fed9d)
2026-10-07 20:39:15.382+00:00 | EthScheduler-Workers-0 | INFO  | PersistBlockTask | Block 542 (0x8a95e2c8f02f83065df7e81aed87a4ac4351bdcdfc56c374b99e3f22ab580edc) is already imported
2026-10-07 20:39:15.388+00:00 | BftProcessorExecutor-QBFT-0 | INFO  | QbftBesuControllerBuilder | Imported #542 / 330 tx / 6428 pending / 79,850,100 (0.0%) gas / (0x8a95e2c8f02f83065df7e81aed87a4ac4351bdcdfc56c374b99e3f22ab580edc)
2026-10-07 20:39:20.026+00:00 | EthScheduler-Workers-0 | INFO  | PersistBlockTask | Block 543 (0x5711bc8809cc3cc514f6f754a8c250b0682b5bb161e9d6da1d4242b1f6db0d52) is already imported
2026-10-07 20:39:20.031+00:00 | BftProcessorExecutor-QBFT-0 | INFO  | QbftBesuControllerBuilder | Imported #543 / 332 tx / 8003 pending / 80,334,040 (0.0%) gas / (0x5711bc8809cc3cc514f6f754a8c250b0682b5bb161e9d6da1d4242b1f6db0d52)
2026-10-07 20:39:24.611+00:00 | EthScheduler-Workers-0 | INFO  | PersistBlockTask | Block 544 (0xff7e4558d376ff03096cf5726bdb2a39f8d52f9b395babea11a9b2c179592496) is already imported
2026-10-07 20:39:24.618+00:00 | BftProcessorExecutor-QBFT-0 | INFO  | QbftBesuControllerBuilder | Imported #544 / 327 tx / 9574 pending / 79,124,190 (0.0%) gas / (0xff7e4558d376ff03096cf5726bdb2a39f8d52f9b395babea11a9b2c179592496)
2026-10-07 20:39:29.139+00:00 | EthScheduler-Workers-0 | INFO  | PersistBlockTask | Block 545 (0xee09dc30a96bef9760a52dff9015e58af6b8134e6115559ce14748429d760460) is already imported
2026-10-07 20:39:29.157+00:00 | BftProcessorExecutor-QBFT-0 | INFO  | QbftBesuControllerBuilder | Imported #545 / 324 tx / 10994 pending / 78,398,280 (0.0%) gas / (0xee09dc30a96bef9760a52dff9015e58af6b8134e6115559ce14748429d760460)
2026-10-07 20:39:30.660+00:00 | BftProcessorExecutor-QBFT-0 | WARN  | BlockTransactionSelector | Interrupting the selection of transactions for block inclusion as it exceeds the maximum configured duration of 1500ms
java.util.concurrent.TimeoutException
	at java.base/java.util.concurrent.CompletableFuture.timedGet(CompletableFuture.java:1960)
	at java.base/java.util.concurrent.CompletableFuture.get(CompletableFuture.java:2095)
	at org.hyperledger.besu.ethereum.blockcreation.txselection.BlockTransactionSelector.timeLimitedSelection(BlockTransactionSelector.java:186)
	at org.hyperledger.besu.ethereum.blockcreation.txselection.BlockTransactionSelector.buildTransactionListForBlock(BlockTransactionSelector.java:169)
	at org.hyperledger.besu.ethereum.blockcreation.AbstractBlockCreator.selectTransactions(AbstractBlockCreator.java:376)
	at org.hyperledger.besu.ethereum.blockcreation.AbstractBlockCreator.createBlock(AbstractBlockCreator.java:218)
	at org.hyperledger.besu.ethereum.blockcreation.AbstractBlockCreator.createBlock(AbstractBlockCreator.java:146)
	at org.hyperledger.besu.consensus.common.bft.blockcreation.BftBlockCreator.createBlock(BftBlockCreator.java:92)
	at org.hyperledger.besu.consensus.qbft.statemachine.QbftRound.createAndSendProposalMessage(QbftRound.java:137)
	at org.hyperledger.besu.consensus.qbft.statemachine.QbftBlockHeightManager.handleBlockTimerExpiry(QbftBlockHeightManager.java:140)
	at org.hyperledger.besu.consensus.common.bft.statemachine.BaseBftController.handleBlockTimerExpiry(BaseBftController.java:167)
	at org.hyperledger.besu.consensus.common.bft.EventMultiplexer.handleBftEvent(EventMultiplexer.java:65)
	at java.base/java.util.Optional.ifPresent(Optional.java:178)
	at org.hyperledger.besu.consensus.common.bft.BftProcessor.run(BftProcessor.java:65)
	at java.base/java.util.concurrent.ThreadPoolExecutor.runWorker(ThreadPoolExecutor.java:1144)
	at java.base/java.util.concurrent.ThreadPoolExecutor$Worker.run(ThreadPoolExecutor.java:642)
	at java.base/java.lang.Thread.run(Thread.java:1583)
2026-10-07 20:39:33.837+00:00 | EthScheduler-Workers-0 | INFO  | PersistBlockTask | Block 546 (0x53895c891687eef75811fc2d8e7e15c3606dc36f417e38bc0dc2b7649d48c710) is already imported
2026-10-07 20:39:33.840+00:00 | BftProcessorExecutor-QBFT-0 | INFO  | QbftBesuControllerBuilder | Produced #546 / 338 tx / 12525 pending / 81,785,860 (0.0%) gas / (0x53895c891687eef75811fc2d8e7e15c3606dc36f417e38bc0dc2b7649d48c710)
2026-10-07 20:39:38.487+00:00 | EthScheduler-Workers-0 | INFO  | PersistBlockTask | Block 547 (0x45488cfb8bf7e8d01f29009865a438da1491e4664adc8da1c97eb467d5306587) is already imported
2026-10-07 20:39:38.489+00:00 | BftProcessorExecutor-QBFT-0 | INFO  | QbftBesuControllerBuilder | Imported #547 / 345 tx / 13658 pending / 83,479,650 (0.0%) gas / (0x45488cfb8bf7e8d01f29009865a438da1491e4664adc8da1c97eb467d5306587)
2026-10-07 20:39:43.137+00:00 | BftProcessorExecutor-QBFT-0 | INFO  | QbftBesuControllerBuilder | Imported #548 / 345 tx / 13313 pending / 83,479,650 (0.0%) gas / (0xb90a1b6eac59ee170332b23383f913ab53c0d60878c169df968a7b9a01421215)
2026-10-07 20:39:47.895+00:00 | EthScheduler-Workers-0 | INFO  | PersistBlockTask | Block 549 (0xf4f403ccfabc480455ae3494c97e157d671da24c422cf834d5afef937840916d) is already imported
2026-10-07 20:39:47.900+00:00 | BftProcessorExecutor-QBFT-0 | INFO  | QbftBesuControllerBuilder | Imported #549 / 347 tx / 12966 pending / 83,963,590 (0.0%) gas / (0xf4f403ccfabc480455ae3494c97e157d671da24c422cf834d5afef937840916d)
2026-10-07 20:39:52.556+00:00 | BftProcessorExecutor-QBFT-0 | INFO  | QbftBesuControllerBuilder | Imported #550 / 348 tx / 12618 pending / 84,205,560 (0.0%) gas / (0x699ae1667d8c7f43add4cebdd490b9808410da0e4aca9ca9aaa3d3d733007790)
2026-10-07 20:39:57.217+00:00 | BftProcessorExecutor-QBFT-0 | INFO  | QbftBesuControllerBuilder | Imported #551 / 343 tx / 12275 pending / 82,995,710 (0.0%) gas / (0xe70dcf3d2df0a771d9b11e62754dd11aac8b3ae408e7a47cd042876f2ea0dd25)
2026-10-07 20:40:01.986+00:00 | EthScheduler-Workers-0 | INFO  | PersistBlockTask | Block 552 (0x8513d699a3c1c3a5e33ae8f17a9aea74a1a49587ba8b81ccb07ed762b5325f2f) is already imported
2026-10-07 20:40:01.991+00:00 | BftProcessorExecutor-QBFT-0 | INFO  | QbftBesuControllerBuilder | Imported #552 / 348 tx / 11927 pending / 84,205,560 (0.0%) gas / (0x8513d699a3c1c3a5e33ae8f17a9aea74a1a49587ba8b81ccb07ed762b5325f2f)
2026-10-07 20:40:06.700+00:00 | BftProcessorExecutor-QBFT-0 | INFO  | QbftBesuControllerBuilder | Imported #553 / 347 tx / 11580 pending / 83,963,590 (0.0%) gas / (0x9943f2277f84bf2c5fd86ea337184fd46a00d409a73baeab42078646944aa454)
2026-10-07 20:40:11.274+00:00 | BftProcessorExecutor-QBFT-0 | INFO  | QbftBesuControllerBuilder | Imported #554 / 330 tx / 11250 pending / 79,850,100 (0.0%) gas / (0xf7b0ecdab7d299cddbc93d47f79b88ef7334fb99c5c0eacb25b0974bb268b00b)
2026-10-07 20:40:15.985+00:00 | BftProcessorExecutor-QBFT-0 | INFO  | QbftBesuControllerBuilder | Imported #555 / 341 tx / 10909 pending / 82,511,770 (0.0%) gas / (0xf6591b8fde5b4c127807a6037147504836efd12a8e3935a9421e57fcf859e842)
2026-10-07 20:40:20.740+00:00 | EthScheduler-Workers-0 | INFO  | PersistBlockTask | Block 556 (0xce2d80030d5d96cdc79fe779826a246f9c9bc68b32ff9778a95e8867e1a5b33a) is already imported
2026-10-07 20:40:20.747+00:00 | BftProcessorExecutor-QBFT-0 | INFO  | QbftBesuControllerBuilder | Imported #556 / 347 tx / 10562 pending / 83,963,590 (0.0%) gas / (0xce2d80030d5d96cdc79fe779826a246f9c9bc68b32ff9778a95e8867e1a5b33a)
2026-10-07 20:40:25.461+00:00 | BftProcessorExecutor-QBFT-0 | INFO  | QbftBesuControllerBuilder | Imported #557 / 344 tx / 10218 pending / 83,237,680 (0.0%) gas / (0x34d4deaa2c333a3e87e542037a4fe3962a3ca0a6688fbd1303be46ee7686b4bd)
2026-10-07 20:40:30.196+00:00 | EthScheduler-Workers-0 | INFO  | PersistBlockTask | Block 558 (0xb25b2484eaeb13cc316813465da151e1148231fedfac79bd47357492ed5e2c5c) is already imported
2026-10-07 20:40:30.201+00:00 | BftProcessorExecutor-QBFT-0 | INFO  | QbftBesuControllerBuilder | Imported #558 / 346 tx / 9872 pending / 83,721,620 (0.0%) gas / (0xb25b2484eaeb13cc316813465da151e1148231fedfac79bd47357492ed5e2c5c)
2026-10-07 20:40:34.876+00:00 | EthScheduler-Workers-0 | INFO  | PersistBlockTask | Block 559 (0x6bb671559178d7080cd4dcc93ea057462fe63fd86c1d00ecdeacdf7b283f3f1b) is already imported
2026-10-07 20:40:34.881+00:00 | BftProcessorExecutor-QBFT-0 | INFO  | QbftBesuControllerBuilder | Imported #559 / 343 tx / 9529 pending / 82,995,710 (0.0%) gas / (0x6bb671559178d7080cd4dcc93ea057462fe63fd86c1d00ecdeacdf7b283f3f1b)
2026-10-07 20:40:39.594+00:00 | BftProcessorExecutor-QBFT-0 | INFO  | QbftBesuControllerBuilder | Imported #560 / 345 tx / 9184 pending / 83,479,650 (0.0%) gas / (0x568e26e2d03eca7e1cdc85c54fb704723e7fd1f9b3a288ea1e77658951e1f4df)
2026-10-07 20:40:41.101+00:00 | BftProcessorExecutor-QBFT-0 | WARN  | BlockTransactionSelector | Interrupting the selection of transactions for block inclusion as it exceeds the maximum configured duration of 1500ms
java.util.concurrent.TimeoutException
	at java.base/java.util.concurrent.CompletableFuture.timedGet(CompletableFuture.java:1960)
	at java.base/java.util.concurrent.CompletableFuture.get(CompletableFuture.java:2095)
	at org.hyperledger.besu.ethereum.blockcreation.txselection.BlockTransactionSelector.timeLimitedSelection(BlockTransactionSelector.java:186)
	at org.hyperledger.besu.ethereum.blockcreation.txselection.BlockTransactionSelector.buildTransactionListForBlock(BlockTransactionSelector.java:169)
	at org.hyperledger.besu.ethereum.blockcreation.AbstractBlockCreator.selectTransactions(AbstractBlockCreator.java:376)
	at org.hyperledger.besu.ethereum.blockcreation.AbstractBlockCreator.createBlock(AbstractBlockCreator.java:218)
	at org.hyperledger.besu.ethereum.blockcreation.AbstractBlockCreator.createBlock(AbstractBlockCreator.java:146)
	at org.hyperledger.besu.consensus.common.bft.blockcreation.BftBlockCreator.createBlock(BftBlockCreator.java:92)
	at org.hyperledger.besu.consensus.qbft.statemachine.QbftRound.createAndSendProposalMessage(QbftRound.java:137)
	at org.hyperledger.besu.consensus.qbft.statemachine.QbftBlockHeightManager.handleBlockTimerExpiry(QbftBlockHeightManager.java:140)
	at org.hyperledger.besu.consensus.common.bft.statemachine.BaseBftController.handleBlockTimerExpiry(BaseBftController.java:167)
	at org.hyperledger.besu.consensus.common.bft.EventMultiplexer.handleBftEvent(EventMultiplexer.java:65)
	at java.base/java.util.Optional.ifPresent(Optional.java:178)
	at org.hyperledger.besu.consensus.common.bft.BftProcessor.run(BftProcessor.java:65)
	at java.base/java.util.concurrent.ThreadPoolExecutor.runWorker(ThreadPoolExecutor.java:1144)
	at java.base/java.util.concurrent.ThreadPoolExecutor$Worker.run(ThreadPoolExecutor.java:642)
	at java.base/java.lang.Thread.run(Thread.java:1583)
2026-10-07 20:40:44.361+00:00 | EthScheduler-Workers-0 | INFO  | PersistBlockTask | Block 561 (0x6cfb8010d72558b715ae5b96abfde0a993dea8700e282e1b45009946531f8ee3) is already imported
2026-10-07 20:40:44.364+00:00 | BftProcessorExecutor-QBFT-0 | INFO  | QbftBesuControllerBuilder | Produced #561 / 346 tx / 8838 pending / 83,721,620 (0.0%) gas / (0x6cfb8010d72558b715ae5b96abfde0a993dea8700e282e1b45009946531f8ee3)
2026-10-07 20:40:49.035+00:00 | BftProcessorExecutor-QBFT-0 | INFO  | QbftBesuControllerBuilder | Imported #562 / 347 tx / 8491 pending / 83,963,590 (0.0%) gas / (0xc61720a951cb59a7fcb79e4a5bbc58cb924329049e2808b93362b485e9f2711a)
2026-10-07 20:40:53.734+00:00 | BftProcessorExecutor-QBFT-0 | INFO  | QbftBesuControllerBuilder | Imported #563 / 348 tx / 8143 pending / 84,205,560 (0.0%) gas / (0xbd87a3b9385e722aced121d3f34f4411af8193d5e87b96582b4b4dff72ae3d08)
2026-10-07 20:40:58.489+00:00 | BftProcessorExecutor-QBFT-0 | INFO  | QbftBesuControllerBuilder | Imported #564 / 349 tx / 7794 pending / 84,447,530 (0.0%) gas / (0xe9d99bd5d9487618a1daa0ee70c17aeb2bad53269c8cf2b8a9a897ec8d2376b6)
2026-10-07 20:41:03.212+00:00 | BftProcessorExecutor-QBFT-0 | INFO  | QbftBesuControllerBuilder | Imported #565 / 349 tx / 7445 pending / 84,447,530 (0.0%) gas / (0x940a2d1184063da2a6b5506751e1d1905b89da2e855c410a88e69aa3f8909c1a)
2026-10-07 20:41:07.883+00:00 | BftProcessorExecutor-QBFT-0 | INFO  | QbftBesuControllerBuilder | Imported #566 / 340 tx / 7105 pending / 82,269,800 (0.0%) gas / (0xe936d8531e80b5479c41d6d0162c4b42526bcb0cb47a6ad6c04a3ecf6a880521)
2026-10-07 20:41:12.629+00:00 | EthScheduler-Workers-0 | INFO  | PersistBlockTask | Block 567 (0x015d9b1e8759019a95b7090372429a40aa5835fab79a4d581190ceb33b5289c8) is already imported
2026-10-07 20:41:12.649+00:00 | BftProcessorExecutor-QBFT-0 | INFO  | QbftBesuControllerBuilder | Imported #567 / 348 tx / 6757 pending / 84,205,560 (0.0%) gas / (0x015d9b1e8759019a95b7090372429a40aa5835fab79a4d581190ceb33b5289c8)
2026-10-07 20:41:17.327+00:00 | EthScheduler-Workers-0 | INFO  | PersistBlockTask | Block 568 (0x0824ec166b8e3becc7229d0fa4ddd40599191b6c648a37194be6e3febe12e5cf) is already imported
2026-10-07 20:41:17.340+00:00 | BftProcessorExecutor-QBFT-0 | INFO  | QbftBesuControllerBuilder | Imported #568 / 347 tx / 6410 pending / 83,963,590 (0.0%) gas / (0x0824ec166b8e3becc7229d0fa4ddd40599191b6c648a37194be6e3febe12e5cf)
2026-10-07 20:41:21.932+00:00 | BftProcessorExecutor-QBFT-0 | INFO  | QbftBesuControllerBuilder | Imported #569 / 326 tx / 6084 pending / 78,882,220 (0.0%) gas / (0x288b7c23490ca04af5402194ca6da0de765428ba2aa0e09518f364fe3cacbf91)
2026-10-07 20:41:26.698+00:00 | EthScheduler-Workers-0 | INFO  | PersistBlockTask | Block 570 (0x4d0cb312748b3d46530f059601607ef9ec7cdd1e86badce331aebca694a43c79) is already imported
2026-10-07 20:41:26.702+00:00 | BftProcessorExecutor-QBFT-0 | INFO  | QbftBesuControllerBuilder | Imported #570 / 348 tx / 5736 pending / 84,205,560 (0.0%) gas / (0x4d0cb312748b3d46530f059601607ef9ec7cdd1e86badce331aebca694a43c79)
2026-10-07 20:41:31.383+00:00 | BftProcessorExecutor-QBFT-0 | INFO  | QbftBesuControllerBuilder | Imported #571 / 345 tx / 5391 pending / 83,479,650 (0.0%) gas / (0xc0a96016494229e5e24003346517928d9bafd2391d79be52a2cae2975a0cb3fa)
2026-10-07 20:41:36.171+00:00 | BftProcessorExecutor-QBFT-0 | INFO  | QbftBesuControllerBuilder | Imported #572 / 346 tx / 5045 pending / 83,721,620 (0.0%) gas / (0xfca1c0a4c3302c2392c317264e275377c94b99c0ad39043a0e5fb7ab18a47d75)
2026-10-07 20:41:40.903+00:00 | BftProcessorExecutor-QBFT-0 | INFO  | QbftBesuControllerBuilder | Imported #573 / 347 tx / 4698 pending / 83,963,590 (0.0%) gas / (0x30afe55ea8f27918a56a847c1a040b1b0c7ab6e3c54e4ba793635b5c2902d975)
2026-10-07 20:41:45.680+00:00 | EthScheduler-Workers-0 | INFO  | PersistBlockTask | Block 574 (0x3eaa3b0dda0838253b6d1356bc038cc50dd47d640212d09646ee3dff5f8c9883) is already imported
2026-10-07 20:41:45.684+00:00 | BftProcessorExecutor-QBFT-0 | INFO  | QbftBesuControllerBuilder | Imported #574 / 345 tx / 4353 pending / 83,479,650 (0.0%) gas / (0x3eaa3b0dda0838253b6d1356bc038cc50dd47d640212d09646ee3dff5f8c9883)
2026-10-07 20:41:50.358+00:00 | BftProcessorExecutor-QBFT-0 | INFO  | QbftBesuControllerBuilder | Imported #575 / 340 tx / 4013 pending / 82,269,800 (0.0%) gas / (0xeb95ccdcfa8a33c499c8e748c0e8cb8a632d56a6e37a5b2f0fa12a679c3f53ab)
2026-10-07 20:41:51.861+00:00 | BftProcessorExecutor-QBFT-0 | WARN  | BlockTransactionSelector | Interrupting the selection of transactions for block inclusion as it exceeds the maximum configured duration of 1500ms
java.util.concurrent.TimeoutException
	at java.base/java.util.concurrent.CompletableFuture.timedGet(CompletableFuture.java:1960)
	at java.base/java.util.concurrent.CompletableFuture.get(CompletableFuture.java:2095)
	at org.hyperledger.besu.ethereum.blockcreation.txselection.BlockTransactionSelector.timeLimitedSelection(BlockTransactionSelector.java:186)
	at org.hyperledger.besu.ethereum.blockcreation.txselection.BlockTransactionSelector.buildTransactionListForBlock(BlockTransactionSelector.java:169)
	at org.hyperledger.besu.ethereum.blockcreation.AbstractBlockCreator.selectTransactions(AbstractBlockCreator.java:376)
	at org.hyperledger.besu.ethereum.blockcreation.AbstractBlockCreator.createBlock(AbstractBlockCreator.java:218)
	at org.hyperledger.besu.ethereum.blockcreation.AbstractBlockCreator.createBlock(AbstractBlockCreator.java:146)
	at org.hyperledger.besu.consensus.common.bft.blockcreation.BftBlockCreator.createBlock(BftBlockCreator.java:92)
	at org.hyperledger.besu.consensus.qbft.statemachine.QbftRound.createAndSendProposalMessage(QbftRound.java:137)
	at org.hyperledger.besu.consensus.qbft.statemachine.QbftBlockHeightManager.handleBlockTimerExpiry(QbftBlockHeightManager.java:140)
	at org.hyperledger.besu.consensus.common.bft.statemachine.BaseBftController.handleBlockTimerExpiry(BaseBftController.java:167)
	at org.hyperledger.besu.consensus.common.bft.EventMultiplexer.handleBftEvent(EventMultiplexer.java:65)
	at java.base/java.util.Optional.ifPresent(Optional.java:178)
	at org.hyperledger.besu.consensus.common.bft.BftProcessor.run(BftProcessor.java:65)
	at java.base/java.util.concurrent.ThreadPoolExecutor.runWorker(ThreadPoolExecutor.java:1144)
	at java.base/java.util.concurrent.ThreadPoolExecutor$Worker.run(ThreadPoolExecutor.java:642)
	at java.base/java.lang.Thread.run(Thread.java:1583)
2026-10-07 20:41:55.057+00:00 | EthScheduler-Workers-0 | INFO  | PersistBlockTask | Block 576 (0x017b8c451ce80660224f079ae073d21e99d3ff62b69c9bfe5f4d69ddd4ad5e85) is already imported
2026-10-07 20:41:55.058+00:00 | BftProcessorExecutor-QBFT-0 | INFO  | QbftBesuControllerBuilder | Produced #576 / 340 tx / 3673 pending / 82,269,800 (0.0%) gas / (0x017b8c451ce80660224f079ae073d21e99d3ff62b69c9bfe5f4d69ddd4ad5e85)
2026-10-07 20:41:59.839+00:00 | EthScheduler-Workers-0 | INFO  | PersistBlockTask | Block 577 (0xe048d3a31be5e9189d313109cca8b7820d0bc9209397838638d61f70b7103128) is already imported
2026-10-07 20:41:59.842+00:00 | BftProcessorExecutor-QBFT-0 | INFO  | QbftBesuControllerBuilder | Imported #577 / 349 tx / 3324 pending / 84,447,530 (0.0%) gas / (0xe048d3a31be5e9189d313109cca8b7820d0bc9209397838638d61f70b7103128)
2026-10-07 20:42:04.536+00:00 | BftProcessorExecutor-QBFT-0 | INFO  | QbftBesuControllerBuilder | Imported #578 / 348 tx / 2976 pending / 84,205,560 (0.0%) gas / (0xb40e6e481d4e0ad9b865da7a8cc146a8cabbe76ba85cc11a58861b3404c3872e)
2026-10-07 20:42:09.225+00:00 | BftProcessorExecutor-QBFT-0 | INFO  | QbftBesuControllerBuilder | Imported #579 / 346 tx / 2630 pending / 83,721,620 (0.0%) gas / (0x7d17e74eb0db19421d2c6903d1e33459995e6434115262a55a693259fcdfea96)
2026-10-07 20:42:13.978+00:00 | EthScheduler-Workers-0 | INFO  | PersistBlockTask | Block 580 (0x7b80228b37e666dcb9025695b8b4f46a0fe9dc26eec7c50f675acf40fbc1aedd) is already imported
2026-10-07 20:42:13.982+00:00 | BftProcessorExecutor-QBFT-0 | INFO  | QbftBesuControllerBuilder | Imported #580 / 348 tx / 2282 pending / 84,205,560 (0.0%) gas / (0x7b80228b37e666dcb9025695b8b4f46a0fe9dc26eec7c50f675acf40fbc1aedd)
2026-10-07 20:42:18.724+00:00 | BftProcessorExecutor-QBFT-0 | INFO  | QbftBesuControllerBuilder | Imported #581 / 347 tx / 1935 pending / 83,963,590 (0.0%) gas / (0x27b3f701c569548de2eb678dd0a1d82a6b57ec59a0b6795eb18d2a4b3cb48d50)
2026-10-07 20:42:23.434+00:00 | BftProcessorExecutor-QBFT-0 | INFO  | QbftBesuControllerBuilder | Imported #582 / 348 tx / 1587 pending / 84,205,560 (0.0%) gas / (0x35e4e9ce7d7ef3b7062f2bc17f98b5b5cec439a2c5ce2bd30fdeb0fe972e48fe)
2026-10-07 20:42:27.650+00:00 | EthScheduler-Workers-0 | INFO  | PersistBlockTask | Block 583 (0x555a637386e22916752c1e0a7206289dc92a45dbd3cc565e971f164c1f3248dd) is already imported
2026-10-07 20:42:27.653+00:00 | BftProcessorExecutor-QBFT-0 | INFO  | QbftBesuControllerBuilder | Imported #583 / 307 tx / 1280 pending / 74,284,790 (0.0%) gas / (0x555a637386e22916752c1e0a7206289dc92a45dbd3cc565e971f164c1f3248dd)
2026-10-07 20:42:31.683+00:00 | BftProcessorExecutor-QBFT-0 | INFO  | QbftBesuControllerBuilder | Imported #584 / 295 tx / 985 pending / 71,381,150 (0.0%) gas / (0xf9dea729bcd2cc6066f6a9cf79215f7bc7bb68b2d62580fe9dbfe02f35f84dfa)
2026-10-07 20:42:34.572+00:00 | BftProcessorExecutor-QBFT-0 | INFO  | QbftBesuControllerBuilder | Imported #585 / 213 tx / 772 pending / 51,539,610 (0.0%) gas / (0x73b6cf0e60e97698ac80f4da5101ead128e8ce405570fd68f196dba0f29c7b0c)
2026-10-07 20:42:36.420+00:00 | BftProcessorExecutor-QBFT-0 | INFO  | QbftBesuControllerBuilder | Imported #586 / 134 tx / 638 pending / 32,423,980 (0.0%) gas / (0xec41a96be20ac847b27bea49cfbd81a12ec49648831a0808fa5b19cfc5c3f5ee)
2026-10-07 20:42:38.125+00:00 | BftProcessorExecutor-QBFT-0 | INFO  | QbftBesuControllerBuilder | Imported #587 / 78 tx / 560 pending / 18,873,660 (0.0%) gas / (0x47397f9d1b0f3da9949e0182f20df12b36b262a88a59c9511ab3a706dd806ae1)
2026-10-07 20:42:40.076+00:00 | EthScheduler-Workers-0 | INFO  | PersistBlockTask | Block 588 (0x446217020308c9550388e2827215c87789b2b9a0afcd837e9d5b89d53339d297) is already imported
2026-10-07 20:42:40.076+00:00 | BftProcessorExecutor-QBFT-0 | INFO  | QbftBesuControllerBuilder | Imported #588 / 73 tx / 487 pending / 17,663,810 (0.0%) gas / (0x446217020308c9550388e2827215c87789b2b9a0afcd837e9d5b89d53339d297)
2026-10-07 20:42:42.180+00:00 | BftProcessorExecutor-QBFT-0 | INFO  | QbftBesuControllerBuilder | Imported #589 / 83 tx / 404 pending / 20,083,510 (0.0%) gas / (0x94bc2e8a0649592193c0af58a81e8ffbe8160e82f86e9013cf3edb104214bb9d)
2026-10-07 20:42:44.169+00:00 | BftProcessorExecutor-QBFT-0 | INFO  | QbftBesuControllerBuilder | Imported #590 / 81 tx / 323 pending / 19,599,570 (0.0%) gas / (0xcae55a4b68d27498a2d8f03caa8e8e86c2422d4179cbd59e8cd29d1881e1dfff)
2026-10-07 20:42:45.981+00:00 | EthScheduler-Workers-0 | INFO  | PersistBlockTask | Block 591 (0xc324f6bd8f30de585177688e2babdc9e3cf861f312639951d03916ead38c26fe) is already imported
2026-10-07 20:42:45.981+00:00 | BftProcessorExecutor-QBFT-0 | INFO  | QbftBesuControllerBuilder | Produced #591 / 66 tx / 257 pending / 15,970,020 (0.0%) gas / (0xc324f6bd8f30de585177688e2babdc9e3cf861f312639951d03916ead38c26fe)
2026-10-07 20:42:47.745+00:00 | BftProcessorExecutor-QBFT-0 | INFO  | QbftBesuControllerBuilder | Imported #592 / 49 tx / 208 pending / 11,856,530 (0.0%) gas / (0x335dde74211c6ba38a415c54f7937e90fbab38ff024afea3f8562bb12a659d87)
2026-10-07 20:42:49.754+00:00 | BftProcessorExecutor-QBFT-0 | INFO  | QbftBesuControllerBuilder | Imported #593 / 49 tx / 159 pending / 11,856,530 (0.0%) gas / (0x2225c76af792e0320a925bc89211c5c22c3d61c255a8190f258392fe237ebffd)
2026-10-07 20:42:51.715+00:00 | EthScheduler-Workers-0 | INFO  | PersistBlockTask | Block 594 (0x91781d939344d02468682cfb9234763d38ae3f11ac022651615deb56e591895c) is already imported
2026-10-07 20:42:51.715+00:00 | BftProcessorExecutor-QBFT-0 | INFO  | QbftBesuControllerBuilder | Imported #594 / 47 tx / 112 pending / 11,372,590 (0.0%) gas / (0x91781d939344d02468682cfb9234763d38ae3f11ac022651615deb56e591895c)
2026-10-07 20:42:53.692+00:00 | BftProcessorExecutor-QBFT-0 | INFO  | QbftBesuControllerBuilder | Imported #595 / 44 tx / 68 pending / 10,646,680 (0.0%) gas / (0x6b0e660c269a6a1ad96213b5a3365003920a9bb4de217367ca60eff5fa755d3a)
2026-10-07 20:42:55.896+00:00 | EthScheduler-Workers-0 | INFO  | PersistBlockTask | Block 596 (0x3517e12d2f80b5dc7cc6e894aab546814c6f73ec96e08e90133bdce49d846709) is already imported
2026-10-07 20:42:55.896+00:00 | BftProcessorExecutor-QBFT-0 | INFO  | QbftBesuControllerBuilder | Imported #596 / 59 tx / 9 pending / 14,276,230 (0.0%) gas / (0x3517e12d2f80b5dc7cc6e894aab546814c6f73ec96e08e90133bdce49d846709)
2026-10-07 20:42:57.237+00:00 | EthScheduler-Workers-0 | INFO  | PersistBlockTask | Block 597 (0xe4b51bc0646e92490d27e982314d75ed33e018c2dbf2b921a9cf58e7cff04592) is already imported
2026-10-07 20:42:57.237+00:00 | BftProcessorExecutor-QBFT-0 | INFO  | QbftBesuControllerBuilder | Imported #597 / 9 tx / 0 pending / 2,177,730 (0.0%) gas / (0xe4b51bc0646e92490d27e982314d75ed33e018c2dbf2b921a9cf58e7cff04592)
2026-10-07 20:42:59.072+00:00 | BftProcessorExecutor-QBFT-0 | INFO  | QbftBesuControllerBuilder | Imported #598 / 0 tx / 0 pending / 0 (0.0%) gas / (0x7eed6fc57fb8af1850e0015eb282f2252463f0003e714d89f8dc84d41bc1af8c)
2026-10-07 20:43:01.069+00:00 | BftProcessorExecutor-QBFT-0 | INFO  | QbftBesuControllerBuilder | Imported #599 / 0 tx / 0 pending / 0 (0.0%) gas / (0x771e9391fa83e0c396ec9c6ed314a12e43561148532cf1ee63e7f9fa51bbc13c)
2026-10-07 20:43:03.085+00:00 | BftProcessorExecutor-QBFT-0 | INFO  | QbftBesuControllerBuilder | Imported #600 / 0 tx / 0 pending / 0 (0.0%) gas / (0x3e65b1d7ef23a2519737abe37cdd071d4e3d56b71825425ca10f81fc5d8e604e)
2026-10-07 20:43:03.085+00:00 | EthScheduler-Workers-0 | INFO  | PersistBlockTask | Block 600 (0x3e65b1d7ef23a2519737abe37cdd071d4e3d56b71825425ca10f81fc5d8e604e) is already imported
2026-10-07 20:43:05.071+00:00 | BftProcessorExecutor-QBFT-0 | INFO  | QbftBesuControllerBuilder | Imported #601 / 0 tx / 0 pending / 0 (0.0%) gas / (0x228261e2ed39cc0e48a98a223894d736c6b3e740de5870345bc54b2a5acc8baf)
2026-10-07 20:43:07.077+00:00 | BftProcessorExecutor-QBFT-0 | INFO  | QbftBesuControllerBuilder | Imported #602 / 0 tx / 0 pending / 0 (0.0%) gas / (0xa66202315009bb21965016734df7eab33f9ad15a8474d5d91f757b8a6dd198df)
2026-10-07 20:43:09.080+00:00 | BftProcessorExecutor-QBFT-0 | INFO  | QbftBesuControllerBuilder | Imported #603 / 0 tx / 0 pending / 0 (0.0%) gas / (0x76390143620ba68adc828f395476a9bf35dacc52588c725ee424572144933428)
2026-10-07 20:43:09.082+00:00 | EthScheduler-Workers-0 | INFO  | PersistBlockTask | Block 603 (0x76390143620ba68adc828f395476a9bf35dacc52588c725ee424572144933428) is already imported
2026-10-07 20:43:11.082+00:00 | BftProcessorExecutor-QBFT-0 | INFO  | QbftBesuControllerBuilder | Imported #604 / 0 tx / 0 pending / 0 (0.0%) gas / (0xd8b80292aa7c83dbd9042e4169abd52da456cb87528d8427f7814b3668229727)
2026-10-07 20:43:13.085+00:00 | EthScheduler-Workers-0 | INFO  | PersistBlockTask | Block 605 (0x1e2bb1259e6c3525dd6c1b7391a6aa2839870c68b81d4d6e5c0677c14b39bc0c) is already imported
2026-10-07 20:43:13.085+00:00 | BftProcessorExecutor-QBFT-0 | INFO  | QbftBesuControllerBuilder | Imported #605 / 0 tx / 0 pending / 0 (0.0%) gas / (0x1e2bb1259e6c3525dd6c1b7391a6aa2839870c68b81d4d6e5c0677c14b39bc0c)
2026-10-07 20:43:15.087+00:00 | BftProcessorExecutor-QBFT-0 | INFO  | QbftBesuControllerBuilder | Produced #606 / 0 tx / 0 pending / 0 (0.0%) gas / (0x4fdb9c9c5323e891ce8494a4070c7b72622617b2b34963637fced5abc751da8d)
2026-10-07 20:43:15.087+00:00 | EthScheduler-Workers-0 | INFO  | PersistBlockTask | Block 606 (0x4fdb9c9c5323e891ce8494a4070c7b72622617b2b34963637fced5abc751da8d) is already imported
2026-10-07 20:43:17.093+00:00 | EthScheduler-Workers-0 | INFO  | PersistBlockTask | Block 607 (0x51bcfb155fc61efe5d9652c02cab6d5ac49ac7345181512b6c4c904838a8a385) is already imported
2026-10-07 20:43:17.093+00:00 | BftProcessorExecutor-QBFT-0 | INFO  | QbftBesuControllerBuilder | Imported #607 / 0 tx / 0 pending / 0 (0.0%) gas / (0x51bcfb155fc61efe5d9652c02cab6d5ac49ac7345181512b6c4c904838a8a385)
2026-10-07 20:43:19.084+00:00 | BftProcessorExecutor-QBFT-0 | INFO  | QbftBesuControllerBuilder | Imported #608 / 0 tx / 0 pending / 0 (0.0%) gas / (0x93406d8348bd6dabbc02ac6f72fbbb9c932310e02560e39b82e913f4908116ec)
2026-10-07 20:43:19.089+00:00 | EthScheduler-Workers-0 | INFO  | PersistBlockTask | Block 608 (0x93406d8348bd6dabbc02ac6f72fbbb9c932310e02560e39b82e913f4908116ec) is already imported
2026-10-07 20:43:21.071+00:00 | BftProcessorExecutor-QBFT-0 | INFO  | QbftBesuControllerBuilder | Imported #609 / 0 tx / 0 pending / 0 (0.0%) gas / (0x7f9a25b43eb47e56476363406501b656ee6b0e506f0cf149dda78f87c69e649f)
2026-10-07 20:43:23.080+00:00 | BftProcessorExecutor-QBFT-0 | INFO  | QbftBesuControllerBuilder | Imported #610 / 0 tx / 0 pending / 0 (0.0%) gas / (0x913b535c45aaf8d5b2288699214405f6e2608c36cce21f798a9b9cc5fdfada17)
2026-10-07 20:43:25.073+00:00 | BftProcessorExecutor-QBFT-0 | INFO  | QbftBesuControllerBuilder | Imported #611 / 0 tx / 0 pending / 0 (0.0%) gas / (0x47ae924effc31d40df32d2b1f19556e5c5c755a547a8564f0d180d0a74b3e5e7)
2026-10-07 20:43:27.084+00:00 | BftProcessorExecutor-QBFT-0 | INFO  | QbftBesuControllerBuilder | Imported #612 / 0 tx / 0 pending / 0 (0.0%) gas / (0x9ce7ab813b5d6e34a1f2ea883e73e9dde91d2e452de18c1675eeff0786e9d0d3)
2026-10-07 20:43:29.088+00:00 | BftProcessorExecutor-QBFT-0 | INFO  | QbftBesuControllerBuilder | Imported #613 / 0 tx / 0 pending / 0 (0.0%) gas / (0x5e4cfbd6071c66ec147c480da741ff8395f59bf5510bd2e2524fa5e3ca9ee2b1)
2026-10-07 20:43:31.087+00:00 | BftProcessorExecutor-QBFT-0 | INFO  | QbftBesuControllerBuilder | Imported #614 / 0 tx / 0 pending / 0 (0.0%) gas / (0x2112b62983fb60a06ca3594de371cd73d11915d8d27276f94d203114391075aa)
2026-10-07 20:43:33.083+00:00 | EthScheduler-Workers-0 | INFO  | PersistBlockTask | Block 615 (0x6fd1a88793b7525d240b90a5cd12749238527e3854d4850d95722a22bbdfd6b0) is already imported
2026-10-07 20:43:33.083+00:00 | BftProcessorExecutor-QBFT-0 | INFO  | QbftBesuControllerBuilder | Imported #615 / 0 tx / 0 pending / 0 (0.0%) gas / (0x6fd1a88793b7525d240b90a5cd12749238527e3854d4850d95722a22bbdfd6b0)
2026-10-07 20:43:35.084+00:00 | BftProcessorExecutor-QBFT-0 | INFO  | QbftBesuControllerBuilder | Imported #616 / 0 tx / 0 pending / 0 (0.0%) gas / (0xc279d71f99b6ab52bd2bfd2ad3e25512902b175f449185500cdc56658ad78748)
2026-10-07 20:43:37.088+00:00 | BftProcessorExecutor-QBFT-0 | INFO  | QbftBesuControllerBuilder | Imported #617 / 0 tx / 0 pending / 0 (0.0%) gas / (0x29756f9372f6dc170e3d454dc45b41bac86a3b25ba23cafd9284344837b95428)
2026-10-07 20:43:39.083+00:00 | EthScheduler-Workers-0 | INFO  | PersistBlockTask | Block 618 (0x39c3fa91a2daaeae09b48684ffd68dd57249fed779e1ef50430382c48c242d91) is already imported
2026-10-07 20:43:39.083+00:00 | BftProcessorExecutor-QBFT-0 | INFO  | QbftBesuControllerBuilder | Imported #618 / 0 tx / 0 pending / 0 (0.0%) gas / (0x39c3fa91a2daaeae09b48684ffd68dd57249fed779e1ef50430382c48c242d91)
2026-10-07 20:43:41.067+00:00 | BftProcessorExecutor-QBFT-0 | INFO  | QbftBesuControllerBuilder | Imported #619 / 0 tx / 0 pending / 0 (0.0%) gas / (0xe183c39bc3ba5b3fa7927479518ef6f1a02f38380e57674dbf5d03767468f202)
2026-10-07 20:43:43.090+00:00 | BftProcessorExecutor-QBFT-0 | INFO  | QbftBesuControllerBuilder | Imported #620 / 0 tx / 0 pending / 0 (0.0%) gas / (0x78aa8702fdb83fadbbf56755ce86a3a4b3153dbc80ea4eda4b0b80cdb554ba05)
2026-10-07 20:43:45.078+00:00 | BftProcessorExecutor-QBFT-0 | INFO  | QbftBesuControllerBuilder | Produced #621 / 0 tx / 0 pending / 0 (0.0%) gas / (0xeb6ec4f9007913613ce30cefcd31cd954d0d3355d5eb7cfa2fd7c3e0512024c8)
2026-10-07 20:43:47.073+00:00 | EthScheduler-Workers-0 | INFO  | PersistBlockTask | Block 622 (0x41df024db455cf6c10e8ec969f1dca10dac38ab3f40b19c0474c624204f5d313) is already imported
2026-10-07 20:43:47.074+00:00 | BftProcessorExecutor-QBFT-0 | INFO  | QbftBesuControllerBuilder | Imported #622 / 0 tx / 0 pending / 0 (0.0%) gas / (0x41df024db455cf6c10e8ec969f1dca10dac38ab3f40b19c0474c624204f5d313)
2026-10-07 20:43:49.086+00:00 | EthScheduler-Workers-0 | INFO  | PersistBlockTask | Block 623 (0xc572e05eda97b28b6e9abf1912d498efc35e848637abad249193082b43b2c7d8) is already imported
2026-10-07 20:43:49.087+00:00 | BftProcessorExecutor-QBFT-0 | INFO  | QbftBesuControllerBuilder | Imported #623 / 0 tx / 0 pending / 0 (0.0%) gas / (0xc572e05eda97b28b6e9abf1912d498efc35e848637abad249193082b43b2c7d8)
2026-10-07 20:43:51.083+00:00 | BftProcessorExecutor-QBFT-0 | INFO  | QbftBesuControllerBuilder | Imported #624 / 0 tx / 0 pending / 0 (0.0%) gas / (0x508f15dfa009a551f37dc683495fb55fed72ff4dd2cf8a27ce0d1fb93a8681fa)
2026-10-07 20:43:53.085+00:00 | EthScheduler-Workers-0 | INFO  | PersistBlockTask | Block 625 (0x8323546764fb38b6b433785be54db97863e341498ea5ba34208bc509bda95bfc) is already imported
2026-10-07 20:43:53.086+00:00 | BftProcessorExecutor-QBFT-0 | INFO  | QbftBesuControllerBuilder | Imported #625 / 0 tx / 0 pending / 0 (0.0%) gas / (0x8323546764fb38b6b433785be54db97863e341498ea5ba34208bc509bda95bfc)
2026-10-07 20:43:55.080+00:00 | BftProcessorExecutor-QBFT-0 | INFO  | QbftBesuControllerBuilder | Imported #626 / 0 tx / 0 pending / 0 (0.0%) gas / (0x57d9679ecd7189d2f38599fafc3720d6eb78f79779b87105eb03b020b247225f)
2026-10-07 20:43:55.080+00:00 | EthScheduler-Workers-0 | INFO  | PersistBlockTask | Block 626 (0x57d9679ecd7189d2f38599fafc3720d6eb78f79779b87105eb03b020b247225f) is already imported
2026-10-07 20:43:57.080+00:00 | BftProcessorExecutor-QBFT-0 | INFO  | QbftBesuControllerBuilder | Imported #627 / 0 tx / 0 pending / 0 (0.0%) gas / (0xa05f724dab2970930ddfcec63e16a0f1bc092ef58dff9e58e405a408b6bee653)
2026-10-07 20:43:57.080+00:00 | EthScheduler-Workers-0 | INFO  | PersistBlockTask | Block 627 (0xa05f724dab2970930ddfcec63e16a0f1bc092ef58dff9e58e405a408b6bee653) is already imported
2026-10-07 20:43:59.096+00:00 | BftProcessorExecutor-QBFT-0 | INFO  | QbftBesuControllerBuilder | Imported #628 / 0 tx / 0 pending / 0 (0.0%) gas / (0xf1093519d15dc0aaf5affb2e5b98dd837a001b92d1aee2bf4b6171203743bd15)
2026-10-07 20:44:01.085+00:00 | BftProcessorExecutor-QBFT-0 | INFO  | QbftBesuControllerBuilder | Imported #629 / 0 tx / 0 pending / 0 (0.0%) gas / (0x83a7fd93fb53f8a68f150620580f60328fddf4e69ed90147d40377614e630c49)
2026-10-07 20:44:03.071+00:00 | BftProcessorExecutor-QBFT-0 | INFO  | QbftBesuControllerBuilder | Imported #630 / 0 tx / 0 pending / 0 (0.0%) gas / (0x613cfbf2be04e4f5ecf46cebeb9e5824b582717060d9c9055759810472e9f1e4)
2026-10-07 20:44:05.072+00:00 | EthScheduler-Workers-0 | INFO  | PersistBlockTask | Imported #631 / 0 tx / 0 om / 0 (0.0%) gas / (0xdf79116cae11ef10106b8bddf9f832cd9da046117ebe122ad6c23f86a149ce06) in 0.001s. Peers: 14
2026-10-07 20:44:07.073+00:00 | BftProcessorExecutor-QBFT-0 | INFO  | QbftBesuControllerBuilder | Imported #632 / 0 tx / 0 pending / 0 (0.0%) gas / (0x66496ce734a17e5a0d4bccaac9328e12e20e94cc014c9672d8de9e18c0e99383)
2026-10-07 20:44:09.076+00:00 | EthScheduler-Workers-0 | INFO  | PersistBlockTask | Imported #633 / 0 tx / 0 om / 0 (0.0%) gas / (0xd000a0a8a284dd9581275aa878883dcd02b84d067e83c09499d5a2cff3a5158b) in 0.001s. Peers: 14
2026-10-07 20:44:11.075+00:00 | EthScheduler-Workers-0 | INFO  | PersistBlockTask | Imported #634 / 0 tx / 0 om / 0 (0.0%) gas / (0x31175fe8affae752fd059947dec2b8012bd758d77ba7e8dea35e6a03f1c803b9) in 0.001s. Peers: 14
2026-10-07 20:44:11.075+00:00 | BftProcessorExecutor-QBFT-0 | INFO  | QbftBesuControllerBuilder | Imported #634 / 0 tx / 0 pending / 0 (0.0%) gas / (0x31175fe8affae752fd059947dec2b8012bd758d77ba7e8dea35e6a03f1c803b9)
2026-10-07 20:44:13.069+00:00 | BftProcessorExecutor-QBFT-0 | INFO  | QbftBesuControllerBuilder | Imported #635 / 0 tx / 0 pending / 0 (0.0%) gas / (0x00dda30a9cd69c2591a3e4a2d60cd58bce1f0dfc5fc98f8e22d411a5ec3f5d15)
2026-10-07 20:44:15.070+00:00 | BftProcessorExecutor-QBFT-0 | INFO  | QbftBesuControllerBuilder | Produced #636 / 0 tx / 0 pending / 0 (0.0%) gas / (0xf5ceb2a1ee85301088b9fdfdc019b8893571e0710468bcc3e285ed29ffdc63bc)
2026-10-07 20:44:15.070+00:00 | EthScheduler-Workers-0 | INFO  | PersistBlockTask | Block 636 (0xf5ceb2a1ee85301088b9fdfdc019b8893571e0710468bcc3e285ed29ffdc63bc) is already imported
2026-10-07 20:44:17.081+00:00 | BftProcessorExecutor-QBFT-0 | INFO  | QbftBesuControllerBuilder | Imported #637 / 0 tx / 0 pending / 0 (0.0%) gas / (0xb0400bbf3e706e4b1c0049cf5f50d430d7d85e538c74de81b07f13c60581f596)
2026-10-07 20:44:19.064+00:00 | BftProcessorExecutor-QBFT-0 | INFO  | QbftBesuControllerBuilder | Imported #638 / 0 tx / 0 pending / 0 (0.0%) gas / (0x5604a9e7c3253d4d79a3fa6e44c5c092727d9aeaf2c8db1c67c29403e18c8f9b)
2026-10-07 20:44:21.070+00:00 | BftProcessorExecutor-QBFT-0 | INFO  | QbftBesuControllerBuilder | Imported #639 / 0 tx / 0 pending / 0 (0.0%) gas / (0x8c33d424409893baace1cb4382035de48bf8510435d5e4319635b60d2e32ad7e)
2026-10-07 20:44:21.071+00:00 | EthScheduler-Workers-0 | INFO  | PersistBlockTask | Block 639 (0x8c33d424409893baace1cb4382035de48bf8510435d5e4319635b60d2e32ad7e) is already imported
2026-10-07 20:44:23.056+00:00 | BftProcessorExecutor-QBFT-0 | INFO  | QbftBesuControllerBuilder | Imported #640 / 0 tx / 0 pending / 0 (0.0%) gas / (0xa6d39d152a439864e9d5c83a87efabba94a515e34be2bda0b82fd8f7f11623b3)
2026-10-07 20:44:25.075+00:00 | BftProcessorExecutor-QBFT-0 | INFO  | QbftBesuControllerBuilder | Imported #641 / 0 tx / 0 pending / 0 (0.0%) gas / (0xf1f0ed5a00ba043369b96e1ca32142826a911af69e1d656b16c75f5e97381f11)
2026-10-07 20:44:27.136+00:00 | BftProcessorExecutor-QBFT-0 | INFO  | QbftBesuControllerBuilder | Imported #642 / 22 tx / 356 pending / 3,379,968 (0.0%) gas / (0x97b3df4fa8add50fd00cf5fd93dead794ca932b2463287d7e2547d5707ef75f7)
2026-10-07 20:44:29.345+00:00 | BftProcessorExecutor-QBFT-0 | INFO  | QbftBesuControllerBuilder | Imported #643 / 78 tx / 1176 pending / 11,983,460 (0.0%) gas / (0xe8c4716f5198fe21b1b810454016812f73943efa5daaf57092aebaef3c34ded1)
2026-10-07 20:44:31.408+00:00 | BftProcessorExecutor-QBFT-0 | INFO  | QbftBesuControllerBuilder | Imported #644 / 122 tx / 1746 pending / 18,743,596 (0.0%) gas / (0x2ce8bc206954774612d425e85d7844dc6b88f3c1d231ec7041127ecd060bcb45)
2026-10-07 20:44:33.577+00:00 | BftProcessorExecutor-QBFT-0 | INFO  | QbftBesuControllerBuilder | Imported #645 / 138 tx / 1688 pending / 21,201,376 (0.0%) gas / (0x5e1cbbd635bbbf10795e8b83280a4b9ea9f0b578324f5cb3553aebebae535d9b)
2026-10-07 20:44:35.633+00:00 | BftProcessorExecutor-QBFT-0 | INFO  | QbftBesuControllerBuilder | Imported #646 / 138 tx / 1550 pending / 21,201,752 (0.0%) gas / (0x35ee0d052287dd3bd3096133a3e0874b80bf3e0d390797ed9c9e39ddc9919958)
2026-10-07 20:44:37.623+00:00 | BftProcessorExecutor-QBFT-0 | INFO  | QbftBesuControllerBuilder | Imported #647 / 138 tx / 1412 pending / 21,201,380 (0.0%) gas / (0xbf2acc2bfa90b3e70aef97985f82fa3231c89b691cc27a787ee49cb763136140)
2026-10-07 20:44:39.598+00:00 | BftProcessorExecutor-QBFT-0 | INFO  | QbftBesuControllerBuilder | Imported #648 / 137 tx / 1275 pending / 21,047,646 (0.0%) gas / (0x27515736b8e1863f748cfc76c13a1787ca35cfd7d881da938fac82eef2747b5e)
2026-10-07 20:44:41.580+00:00 | BftProcessorExecutor-QBFT-0 | INFO  | QbftBesuControllerBuilder | Imported #649 / 137 tx / 1138 pending / 21,048,034 (0.0%) gas / (0xa7d691761b6e4f3006014ffad7184872cbbdc0587393ccc9df30d86442fcab51)
2026-10-07 20:44:43.608+00:00 | BftProcessorExecutor-QBFT-0 | INFO  | QbftBesuControllerBuilder | Imported #650 / 136 tx / 1002 pending / 20,894,188 (0.0%) gas / (0xdc953430e246152d32d0b7a307ceef85945deaa119fce467d10cf7bd8030a83e)
2026-10-07 20:44:45.751+00:00 | BftProcessorExecutor-QBFT-0 | INFO  | QbftBesuControllerBuilder | Produced #651 / 136 tx / 866 pending / 20,894,260 (0.0%) gas / (0x6ba1d2bd451390e3f5c3400f37ad96985b5b53e88809a3e2d26545cd5df6493c)
2026-10-07 20:44:47.564+00:00 | EthScheduler-Workers-0 | INFO  | PersistBlockTask | Block 652 (0x62269f9bb88fe2f2f4941d228cf4ce7358e27b6f90b55e6d52439d0dd03ffbc2) is already imported
2026-10-07 20:44:47.564+00:00 | BftProcessorExecutor-QBFT-0 | INFO  | QbftBesuControllerBuilder | Imported #652 / 136 tx / 730 pending / 20,894,256 (0.0%) gas / (0x62269f9bb88fe2f2f4941d228cf4ce7358e27b6f90b55e6d52439d0dd03ffbc2)
2026-10-07 20:44:49.585+00:00 | BftProcessorExecutor-QBFT-0 | INFO  | QbftBesuControllerBuilder | Imported #653 / 136 tx / 594 pending / 20,894,320 (0.0%) gas / (0x36faecbc3107145c0414599337b96b86909574241a56c6eca81cc8b7f6e1f410)
2026-10-07 20:44:51.610+00:00 | EthScheduler-Workers-0 | INFO  | PersistBlockTask | Block 654 (0xa33255bc2f5031ab66335e97fac4d2b69ce1e2790e377079b265192faf68c28f) is already imported
2026-10-07 20:44:51.611+00:00 | BftProcessorExecutor-QBFT-0 | INFO  | QbftBesuControllerBuilder | Imported #654 / 136 tx / 458 pending / 20,894,448 (0.0%) gas / (0xa33255bc2f5031ab66335e97fac4d2b69ce1e2790e377079b265192faf68c28f)
2026-10-07 20:44:53.558+00:00 | BftProcessorExecutor-QBFT-0 | INFO  | QbftBesuControllerBuilder | Imported #655 / 136 tx / 322 pending / 20,894,240 (0.0%) gas / (0xee97d3590ae6b30a5795c20d352067ef435b8e694ddd078d26ed0e86ac49995b)
2026-10-07 20:44:55.518+00:00 | BftProcessorExecutor-QBFT-0 | INFO  | QbftBesuControllerBuilder | Imported #656 / 136 tx / 186 pending / 20,894,184 (0.0%) gas / (0xc4d0f3c16548e68dd5c6e5c5677ea88e78256bfca3535e205f03f48cf4de7e34)
2026-10-07 20:44:57.435+00:00 | BftProcessorExecutor-QBFT-0 | INFO  | QbftBesuControllerBuilder | Imported #657 / 114 tx / 72 pending / 17,514,348 (0.0%) gas / (0x7793bc4d76e03e34b45125eef59607f2b75e0e933f955c1d4ed87af6c91ebb6b)
2026-10-07 20:44:59.363+00:00 | BftProcessorExecutor-QBFT-0 | INFO  | QbftBesuControllerBuilder | Imported #658 / 58 tx / 14 pending / 8,910,752 (0.0%) gas / (0x2b29304cbd2ab8a003214241d7769bc58816a838d067c953bb1b8c04aec2fa85)
2026-10-07 20:45:01.118+00:00 | BftProcessorExecutor-QBFT-0 | INFO  | QbftBesuControllerBuilder | Imported #659 / 14 tx / 0 pending / 2,150,836 (0.0%) gas / (0xec7cce038e70014c7137777fe32ee8656f60b9d88e84fb5f6da450a8b82b10dc)
2026-10-07 20:45:03.081+00:00 | BftProcessorExecutor-QBFT-0 | INFO  | QbftBesuControllerBuilder | Imported #660 / 0 tx / 0 pending / 0 (0.0%) gas / (0x20b262b48562ca214b901e974ac88cbbd4e5ac5358545be01dc4578c4d64b1a1)
2026-10-07 20:45:03.081+00:00 | EthScheduler-Workers-0 | INFO  | PersistBlockTask | Block 660 (0x20b262b48562ca214b901e974ac88cbbd4e5ac5358545be01dc4578c4d64b1a1) is already imported
2026-10-07 20:45:05.070+00:00 | BftProcessorExecutor-QBFT-0 | INFO  | QbftBesuControllerBuilder | Imported #661 / 0 tx / 0 pending / 0 (0.0%) gas / (0xf42754425836033c131b84983ef91448bae836a409d5071dd063df04d55f8b12)
2026-10-07 20:45:07.065+00:00 | BftProcessorExecutor-QBFT-0 | INFO  | QbftBesuControllerBuilder | Imported #662 / 0 tx / 0 pending / 0 (0.0%) gas / (0x6d6d1dbd6695283d45ccea8f12c0d9a50d1131dfceb6dff3b381a5e3066232c5)
2026-10-07 20:45:09.078+00:00 | BftProcessorExecutor-QBFT-0 | INFO  | QbftBesuControllerBuilder | Imported #663 / 0 tx / 0 pending / 0 (0.0%) gas / (0x796d32ebb3a85cf86f083f58b5125c6d2c6d5b1dc2d6a4e035eb39a99e88029f)
2026-10-07 20:45:09.078+00:00 | EthScheduler-Workers-0 | INFO  | PersistBlockTask | Block 663 (0x796d32ebb3a85cf86f083f58b5125c6d2c6d5b1dc2d6a4e035eb39a99e88029f) is already imported
2026-10-07 20:45:11.074+00:00 | EthScheduler-Workers-0 | INFO  | PersistBlockTask | Block 664 (0x8e844ad9c81c8a258f11590d3e47189a3d011ab8f93f2151d1697ae42fe0d986) is already imported
2026-10-07 20:45:11.074+00:00 | BftProcessorExecutor-QBFT-0 | INFO  | QbftBesuControllerBuilder | Imported #664 / 0 tx / 0 pending / 0 (0.0%) gas / (0x8e844ad9c81c8a258f11590d3e47189a3d011ab8f93f2151d1697ae42fe0d986)
2026-10-07 20:45:13.075+00:00 | EthScheduler-Workers-0 | INFO  | PersistBlockTask | Block 665 (0x8cf41ed28300fd2cc9fb9ae3e536f3e062a3a85028f6589b12a2c36081f07418) is already imported
2026-10-07 20:45:13.075+00:00 | BftProcessorExecutor-QBFT-0 | INFO  | QbftBesuControllerBuilder | Imported #665 / 0 tx / 0 pending / 0 (0.0%) gas / (0x8cf41ed28300fd2cc9fb9ae3e536f3e062a3a85028f6589b12a2c36081f07418)
2026-10-07 20:45:15.071+00:00 | BftProcessorExecutor-QBFT-0 | INFO  | QbftBesuControllerBuilder | Produced #666 / 0 tx / 0 pending / 0 (0.0%) gas / (0x4eb7280108eaf44209cbdc3f964b37e7a99d4f63bec255553549bbeb064011a4)
2026-10-07 20:45:17.072+00:00 | BftProcessorExecutor-QBFT-0 | INFO  | QbftBesuControllerBuilder | Imported #667 / 0 tx / 0 pending / 0 (0.0%) gas / (0x3ac6dce0739d315cc0b9b94f27055284c20e63f323b0b762d15348c5c48eba51)
2026-10-07 20:45:19.073+00:00 | BftProcessorExecutor-QBFT-0 | INFO  | QbftBesuControllerBuilder | Imported #668 / 0 tx / 0 pending / 0 (0.0%) gas / (0x3c71dc79ac95097b89062178fc6576ebc63eba4d5e0a9ced12d0665282d38450)
2026-10-07 20:45:21.079+00:00 | EthScheduler-Workers-0 | INFO  | PersistBlockTask | Block 669 (0xb74ca11f949cfb568d48ed1f874996cbd5e14634e46f5345175b991fa285b51c) is already imported
2026-10-07 20:45:21.079+00:00 | BftProcessorExecutor-QBFT-0 | INFO  | QbftBesuControllerBuilder | Imported #669 / 0 tx / 0 pending / 0 (0.0%) gas / (0xb74ca11f949cfb568d48ed1f874996cbd5e14634e46f5345175b991fa285b51c)
2026-10-07 20:45:23.082+00:00 | BftProcessorExecutor-QBFT-0 | INFO  | QbftBesuControllerBuilder | Imported #670 / 0 tx / 0 pending / 0 (0.0%) gas / (0x28c4a75ea026ece2b11281a3b5f8e840a53101c3266ae465686527a7bb1901bc)
2026-10-07 20:45:25.059+00:00 | BftProcessorExecutor-QBFT-0 | INFO  | QbftBesuControllerBuilder | Imported #671 / 0 tx / 0 pending / 0 (0.0%) gas / (0xc5d3caad53e800f7802d2d0872ce9f76113fc937c26a839d50ef95ec4e4e1878)
2026-10-07 20:45:27.081+00:00 | EthScheduler-Workers-0 | INFO  | PersistBlockTask | Block 672 (0xf7d5e9cdd804bb0cb984b905a06bf72f21c4d3f8d0bbb46709b8846abe2fbcb8) is already imported
2026-10-07 20:45:27.081+00:00 | BftProcessorExecutor-QBFT-0 | INFO  | QbftBesuControllerBuilder | Imported #672 / 0 tx / 0 pending / 0 (0.0%) gas / (0xf7d5e9cdd804bb0cb984b905a06bf72f21c4d3f8d0bbb46709b8846abe2fbcb8)
2026-10-07 20:45:29.063+00:00 | BftProcessorExecutor-QBFT-0 | INFO  | QbftBesuControllerBuilder | Imported #673 / 0 tx / 0 pending / 0 (0.0%) gas / (0x213c5985b110601e86c5fc5f5e9a5e2ded233617aa0dc3d01bdd00df53dbd3bb)
2026-10-07 20:45:31.069+00:00 | BftProcessorExecutor-QBFT-0 | INFO  | QbftBesuControllerBuilder | Imported #674 / 0 tx / 0 pending / 0 (0.0%) gas / (0xde3381c12114942679591c8eec80a28b778ddb20de5f9ff0fc1271a3425af6c6)
2026-10-07 20:45:33.085+00:00 | EthScheduler-Workers-0 | INFO  | PersistBlockTask | Block 675 (0x4e302cc3b9ae68532ad6ddbe7b45b3e06ae6d759cde9bc2d99a6d15322419095) is already imported
2026-10-07 20:45:33.087+00:00 | BftProcessorExecutor-QBFT-0 | INFO  | QbftBesuControllerBuilder | Imported #675 / 0 tx / 0 pending / 0 (0.0%) gas / (0x4e302cc3b9ae68532ad6ddbe7b45b3e06ae6d759cde9bc2d99a6d15322419095)
2026-10-07 20:45:35.078+00:00 | EthScheduler-Workers-0 | INFO  | PersistBlockTask | Imported #676 / 0 tx / 0 om / 0 (0.0%) gas / (0x4ecfb09c167c52fb7b8f516c3fe2164fc318cb9c4a847d5ef1f182eea98d7ce3) in 0.001s. Peers: 14
2026-10-07 20:45:37.070+00:00 | EthScheduler-Workers-0 | INFO  | PersistBlockTask | Imported #677 / 0 tx / 0 om / 0 (0.0%) gas / (0x9bd45c2263acc58d274e38e8a75742afd08fa8c22f55e65041813c7b44ae5a46) in 0.001s. Peers: 14
2026-10-07 20:45:39.074+00:00 | BftProcessorExecutor-QBFT-0 | INFO  | QbftBesuControllerBuilder | Imported #678 / 0 tx / 0 pending / 0 (0.0%) gas / (0x6e5a09d6b57ab7ea3d04902266eb68bc1ee0086c749bb7b56fb78ac13e3edbdf)
2026-10-07 20:45:41.063+00:00 | BftProcessorExecutor-QBFT-0 | INFO  | QbftBesuControllerBuilder | Imported #679 / 0 tx / 0 pending / 0 (0.0%) gas / (0xde2547a7947de2903e5bed254d3ffde7c8b74a6bf283c2f9da1845be6bf57e43)
2026-10-07 20:45:43.069+00:00 | BftProcessorExecutor-QBFT-0 | INFO  | QbftBesuControllerBuilder | Imported #680 / 0 tx / 0 pending / 0 (0.0%) gas / (0x7c4cbcc77ef04dce9873eb07b9b334d085a6ee6d8fe13ed313852ac67905c5bd)
2026-10-07 20:45:45.081+00:00 | EthScheduler-Workers-0 | INFO  | PersistBlockTask | Imported #681 / 0 tx / 0 om / 0 (0.0%) gas / (0xd5b38101aa0036a514a0073dc2500ad595fab2120899961d7f6fcd7f3e601b4e) in 0.002s. Peers: 14
2026-10-07 20:45:45.082+00:00 | BftProcessorExecutor-QBFT-0 | INFO  | QbftBesuControllerBuilder | Produced #681 / 0 tx / 0 pending / 0 (0.0%) gas / (0xd5b38101aa0036a514a0073dc2500ad595fab2120899961d7f6fcd7f3e601b4e)
2026-10-07 20:45:47.078+00:00 | EthScheduler-Workers-0 | INFO  | PersistBlockTask | Block 682 (0xe8bfacc320ec8371d0a4d971a665c62652417d8520ecd18267a596f14610414d) is already imported
2026-10-07 20:45:47.078+00:00 | BftProcessorExecutor-QBFT-0 | INFO  | QbftBesuControllerBuilder | Imported #682 / 0 tx / 0 pending / 0 (0.0%) gas / (0xe8bfacc320ec8371d0a4d971a665c62652417d8520ecd18267a596f14610414d)
2026-10-07 20:45:49.077+00:00 | BftProcessorExecutor-QBFT-0 | INFO  | QbftBesuControllerBuilder | Imported #683 / 0 tx / 0 pending / 0 (0.0%) gas / (0x7dc003b94b9f3279480b7aa688977b110e050d674658a24be716653ccf45ea46)
2026-10-07 20:45:51.084+00:00 | BftProcessorExecutor-QBFT-0 | INFO  | QbftBesuControllerBuilder | Imported #684 / 0 tx / 0 pending / 0 (0.0%) gas / (0x3e4fc73201353744cc65e55b2d034059bd33193f8b67defc425eb98690aa0720)
2026-10-07 20:45:51.084+00:00 | EthScheduler-Workers-0 | INFO  | PersistBlockTask | Block 684 (0x3e4fc73201353744cc65e55b2d034059bd33193f8b67defc425eb98690aa0720) is already imported
2026-10-07 20:45:53.077+00:00 | BftProcessorExecutor-QBFT-0 | INFO  | QbftBesuControllerBuilder | Imported #685 / 0 tx / 0 pending / 0 (0.0%) gas / (0xf5516c78650aa9a5854f9a977d80c7042d3c281ef395f9882888eb979c220b8f)
2026-10-07 20:45:55.061+00:00 | BftProcessorExecutor-QBFT-0 | INFO  | QbftBesuControllerBuilder | Imported #686 / 0 tx / 0 pending / 0 (0.0%) gas / (0xc2e6d12536491e1ef95195386781354d3764546d3dfe0fb0d93195aad54a9a34)
2026-10-07 20:45:57.071+00:00 | BftProcessorExecutor-QBFT-0 | INFO  | QbftBesuControllerBuilder | Imported #687 / 0 tx / 0 pending / 0 (0.0%) gas / (0x87700c25f6991c8c5487800562cfd38bb3cc34bed8429dfc53185d8ead1b5557)
2026-10-07 20:45:57.071+00:00 | EthScheduler-Workers-0 | INFO  | PersistBlockTask | Block 687 (0x87700c25f6991c8c5487800562cfd38bb3cc34bed8429dfc53185d8ead1b5557) is already imported
2026-10-07 20:45:59.069+00:00 | EthScheduler-Workers-0 | INFO  | PersistBlockTask | Imported #688 / 0 tx / 0 om / 0 (0.0%) gas / (0x231fffa1c15b8c09020aa1614e2f034cd1dbae6b137375677a71e962cd657570) in 0.002s. Peers: 14
2026-10-07 20:46:01.074+00:00 | EthScheduler-Workers-0 | INFO  | PersistBlockTask | Block 689 (0x5346dea85a85235cd366a917c1175c927d1f8de3e7fb8254123e32e71ee2b8e1) is already imported
2026-10-07 20:46:01.074+00:00 | BftProcessorExecutor-QBFT-0 | INFO  | QbftBesuControllerBuilder | Imported #689 / 0 tx / 0 pending / 0 (0.0%) gas / (0x5346dea85a85235cd366a917c1175c927d1f8de3e7fb8254123e32e71ee2b8e1)
2026-10-07 20:46:03.073+00:00 | EthScheduler-Workers-0 | INFO  | PersistBlockTask | Block 690 (0x9bd26f9ddb88850fe83cec2be6288544937b311c2da7334a48910a047d7fe103) is already imported
2026-10-07 20:46:03.074+00:00 | BftProcessorExecutor-QBFT-0 | INFO  | QbftBesuControllerBuilder | Imported #690 / 0 tx / 0 pending / 0 (0.0%) gas / (0x9bd26f9ddb88850fe83cec2be6288544937b311c2da7334a48910a047d7fe103)
2026-10-07 20:46:05.075+00:00 | EthScheduler-Workers-0 | INFO  | PersistBlockTask | Block 691 (0x3695181614b66b2527d825ba481f7f58844bca6c94ccf134715f704451905d47) is already imported
2026-10-07 20:46:05.075+00:00 | BftProcessorExecutor-QBFT-0 | INFO  | QbftBesuControllerBuilder | Imported #691 / 0 tx / 0 pending / 0 (0.0%) gas / (0x3695181614b66b2527d825ba481f7f58844bca6c94ccf134715f704451905d47)
2026-10-07 20:46:07.076+00:00 | BftProcessorExecutor-QBFT-0 | INFO  | QbftBesuControllerBuilder | Imported #692 / 0 tx / 0 pending / 0 (0.0%) gas / (0x9fb2e28a637345b81d2f180ad32bf4a14d93d1dff2c1ad9bf5c9146a15a293e8)
2026-10-07 20:46:07.076+00:00 | EthScheduler-Workers-0 | INFO  | PersistBlockTask | Block 692 (0x9fb2e28a637345b81d2f180ad32bf4a14d93d1dff2c1ad9bf5c9146a15a293e8) is already imported
2026-10-07 20:46:09.078+00:00 | EthScheduler-Workers-0 | INFO  | PersistBlockTask | Imported #693 / 0 tx / 0 om / 0 (0.0%) gas / (0xe82bfe459aa484b72f015f52e42c56226220a67a36ee797b7f677293d7c8b069) in 0.002s. Peers: 14
2026-10-07 20:46:09.078+00:00 | BftProcessorExecutor-QBFT-0 | INFO  | QbftBesuControllerBuilder | Imported #693 / 0 tx / 0 pending / 0 (0.0%) gas / (0xe82bfe459aa484b72f015f52e42c56226220a67a36ee797b7f677293d7c8b069)
2026-10-07 20:46:11.072+00:00 | BftProcessorExecutor-QBFT-0 | INFO  | QbftBesuControllerBuilder | Imported #694 / 0 tx / 0 pending / 0 (0.0%) gas / (0xbf24602b5c2e12e07578d0033e5717fe7021648877e1bdda6b86970e260fa641)
2026-10-07 20:46:13.078+00:00 | BftProcessorExecutor-QBFT-0 | INFO  | QbftBesuControllerBuilder | Imported #695 / 0 tx / 0 pending / 0 (0.0%) gas / (0x8cfb9c63d802f49e814028c432d9c98bf7caf2f877d19e62a8417ff962994caa)
2026-10-07 20:46:13.078+00:00 | EthScheduler-Workers-0 | INFO  | PersistBlockTask | Block 695 (0x8cfb9c63d802f49e814028c432d9c98bf7caf2f877d19e62a8417ff962994caa) is already imported
2026-10-07 20:46:15.083+00:00 | BftProcessorExecutor-QBFT-0 | INFO  | QbftBesuControllerBuilder | Produced #696 / 0 tx / 0 pending / 0 (0.0%) gas / (0x117b78b32e071a7246641830dcc832f5cf7a15ed58609799ae93a46b2e47c1a7)
2026-10-07 20:46:15.085+00:00 | EthScheduler-Workers-0 | INFO  | PersistBlockTask | Block 696 (0x117b78b32e071a7246641830dcc832f5cf7a15ed58609799ae93a46b2e47c1a7) is already imported
2026-10-07 20:46:17.072+00:00 | BftProcessorExecutor-QBFT-0 | INFO  | QbftBesuControllerBuilder | Imported #697 / 0 tx / 0 pending / 0 (0.0%) gas / (0x60633608fa15536f35c35ed518b6e5d29297dbbcd5c0ca22524e41d70bed96df)
2026-10-07 20:46:19.079+00:00 | EthScheduler-Workers-0 | INFO  | PersistBlockTask | Block 698 (0x5acde0d16555f0e298f7b7eec43a42d3120c595e1a2b95c850723b609164308a) is already imported
2026-10-07 20:46:19.079+00:00 | BftProcessorExecutor-QBFT-0 | INFO  | QbftBesuControllerBuilder | Imported #698 / 0 tx / 0 pending / 0 (0.0%) gas / (0x5acde0d16555f0e298f7b7eec43a42d3120c595e1a2b95c850723b609164308a)
2026-10-07 20:46:21.071+00:00 | BftProcessorExecutor-QBFT-0 | INFO  | QbftBesuControllerBuilder | Imported #699 / 0 tx / 0 pending / 0 (0.0%) gas / (0x1006011b26a9dec9f7daaac20b925aa9624b4496e7f66728344077308c46439f)
2026-10-07 20:46:23.078+00:00 | BftProcessorExecutor-QBFT-0 | INFO  | QbftBesuControllerBuilder | Imported #700 / 0 tx / 0 pending / 0 (0.0%) gas / (0x89100486e9cc85a2b8dd7943f21f0ca7d8a8ad24b7b603e68a7fdb58b67cdd79)
2026-10-07 20:46:23.079+00:00 | EthScheduler-Workers-0 | INFO  | PersistBlockTask | Block 700 (0x89100486e9cc85a2b8dd7943f21f0ca7d8a8ad24b7b603e68a7fdb58b67cdd79) is already imported
2026-10-07 20:46:25.074+00:00 | BftProcessorExecutor-QBFT-0 | INFO  | QbftBesuControllerBuilder | Imported #701 / 0 tx / 0 pending / 0 (0.0%) gas / (0x6a547488389e076ed552a6f469c30dde779ee4ee6786210baf3608e10b78fdd0)
2026-10-07 20:46:25.077+00:00 | EthScheduler-Workers-0 | INFO  | PersistBlockTask | Block 701 (0x6a547488389e076ed552a6f469c30dde779ee4ee6786210baf3608e10b78fdd0) is already imported
2026-10-07 20:46:27.078+00:00 | EthScheduler-Workers-0 | INFO  | PersistBlockTask | Block 702 (0xa68a25d0bb7cb66ee5d99f0092fe749db591b69c8aa991f6dfe9e1a2187fb244) is already imported
2026-10-07 20:46:27.078+00:00 | BftProcessorExecutor-QBFT-0 | INFO  | QbftBesuControllerBuilder | Imported #702 / 0 tx / 0 pending / 0 (0.0%) gas / (0xa68a25d0bb7cb66ee5d99f0092fe749db591b69c8aa991f6dfe9e1a2187fb244)
2026-10-07 20:46:29.067+00:00 | BftProcessorExecutor-QBFT-0 | INFO  | QbftBesuControllerBuilder | Imported #703 / 0 tx / 0 pending / 0 (0.0%) gas / (0x1bf810bc858aa7a97fa512f5507ca4bef6d11d89390ac5a2217dba4f185b623d)
2026-10-07 20:46:31.450+00:00 | EthScheduler-Workers-0 | INFO  | PersistBlockTask | Block 704 (0x481876ad2aaf3a4a47ade4e225a3371168cb930dd0aebf6e6bfe36c7490bfc6e) is already imported
2026-10-07 20:46:31.450+00:00 | BftProcessorExecutor-QBFT-0 | INFO  | QbftBesuControllerBuilder | Imported #704 / 20 tx / 430 pending / 4,839,400 (0.0%) gas / (0x481876ad2aaf3a4a47ade4e225a3371168cb930dd0aebf6e6bfe36c7490bfc6e)
2026-10-07 20:46:34.140+00:00 | EthScheduler-Workers-0 | INFO  | PersistBlockTask | Block 705 (0x21329f0bd4ce4aa355b7b36088a6912810cdfe876049240b3da6b63bc60c2bf4) is already imported
2026-10-07 20:46:34.142+00:00 | BftProcessorExecutor-QBFT-0 | INFO  | QbftBesuControllerBuilder | Imported #705 / 68 tx / 1323 pending / 16,453,960 (0.0%) gas / (0x21329f0bd4ce4aa355b7b36088a6912810cdfe876049240b3da6b63bc60c2bf4)
2026-10-07 20:46:36.736+00:00 | EthScheduler-Workers-0 | INFO  | PersistBlockTask | Block 706 (0xe46544d1c877fa2cbd924cc3b0bd13f3e0704dd7c890ed60767f6021d6744845) is already imported
2026-10-07 20:46:36.737+00:00 | BftProcessorExecutor-QBFT-0 | INFO  | QbftBesuControllerBuilder | Imported #706 / 114 tx / 2157 pending / 27,584,580 (0.0%) gas / (0xe46544d1c877fa2cbd924cc3b0bd13f3e0704dd7c890ed60767f6021d6744845)
2026-10-07 20:46:39.426+00:00 | BftProcessorExecutor-QBFT-0 | INFO  | QbftBesuControllerBuilder | Imported #707 / 165 tx / 3019 pending / 39,925,050 (0.0%) gas / (0x04ef65e7631f494cc7a331f95fe1b7955b9f654de52e747902e3e34dcd0675d4)
2026-10-07 20:46:42.606+00:00 | EthScheduler-Workers-0 | INFO  | PersistBlockTask | Block 708 (0x3f8aff2bdf299a5b144fda6053e431beceb245ce73945f2fd9f53cfee64e0a2d) is already imported
2026-10-07 20:46:42.608+00:00 | BftProcessorExecutor-QBFT-0 | INFO  | QbftBesuControllerBuilder | Imported #708 / 227 tx / 4023 pending / 54,927,190 (0.0%) gas / (0x3f8aff2bdf299a5b144fda6053e431beceb245ce73945f2fd9f53cfee64e0a2d)
2026-10-07 20:46:46.988+00:00 | BftProcessorExecutor-QBFT-0 | INFO  | QbftBesuControllerBuilder | Imported #709 / 310 tx / 5386 pending / 75,010,700 (0.0%) gas / (0x176183fc8775a727dfec709e60850b279770b6fcf7eadd772cda2aef258f39f6)
2026-10-07 20:46:51.532+00:00 | EthScheduler-Workers-0 | INFO  | PersistBlockTask | Block 710 (0x8889711f903d4ba3473aa66d2e05949d8345d5f3a3784b0a24ebaaccb48eceeb) is already imported
2026-10-07 20:46:51.543+00:00 | BftProcessorExecutor-QBFT-0 | INFO  | QbftBesuControllerBuilder | Imported #710 / 315 tx / 6858 pending / 76,220,550 (0.0%) gas / (0x8889711f903d4ba3473aa66d2e05949d8345d5f3a3784b0a24ebaaccb48eceeb)
2026-10-07 20:46:53.045+00:00 | BftProcessorExecutor-QBFT-0 | WARN  | BlockTransactionSelector | Interrupting the selection of transactions for block inclusion as it exceeds the maximum configured duration of 1500ms
java.util.concurrent.TimeoutException
	at java.base/java.util.concurrent.CompletableFuture.timedGet(CompletableFuture.java:1960)
	at java.base/java.util.concurrent.CompletableFuture.get(CompletableFuture.java:2095)
	at org.hyperledger.besu.ethereum.blockcreation.txselection.BlockTransactionSelector.timeLimitedSelection(BlockTransactionSelector.java:186)
	at org.hyperledger.besu.ethereum.blockcreation.txselection.BlockTransactionSelector.buildTransactionListForBlock(BlockTransactionSelector.java:169)
	at org.hyperledger.besu.ethereum.blockcreation.AbstractBlockCreator.selectTransactions(AbstractBlockCreator.java:376)
	at org.hyperledger.besu.ethereum.blockcreation.AbstractBlockCreator.createBlock(AbstractBlockCreator.java:218)
	at org.hyperledger.besu.ethereum.blockcreation.AbstractBlockCreator.createBlock(AbstractBlockCreator.java:146)
	at org.hyperledger.besu.consensus.common.bft.blockcreation.BftBlockCreator.createBlock(BftBlockCreator.java:92)
	at org.hyperledger.besu.consensus.qbft.statemachine.QbftRound.createAndSendProposalMessage(QbftRound.java:137)
	at org.hyperledger.besu.consensus.qbft.statemachine.QbftBlockHeightManager.handleBlockTimerExpiry(QbftBlockHeightManager.java:140)
	at org.hyperledger.besu.consensus.common.bft.statemachine.BaseBftController.handleBlockTimerExpiry(BaseBftController.java:167)
	at org.hyperledger.besu.consensus.common.bft.EventMultiplexer.handleBftEvent(EventMultiplexer.java:65)
	at java.base/java.util.Optional.ifPresent(Optional.java:178)
	at org.hyperledger.besu.consensus.common.bft.BftProcessor.run(BftProcessor.java:65)
	at java.base/java.util.concurrent.ThreadPoolExecutor.runWorker(ThreadPoolExecutor.java:1144)
	at java.base/java.util.concurrent.ThreadPoolExecutor$Worker.run(ThreadPoolExecutor.java:642)
	at java.base/java.lang.Thread.run(Thread.java:1583)
2026-10-07 20:46:56.109+00:00 | EthScheduler-Workers-0 | INFO  | PersistBlockTask | Block 711 (0xc9938f80eabf3380d0feecd7521bac7aeee49afc410138486b84679cd50d4d79) is already imported
2026-10-07 20:46:56.112+00:00 | BftProcessorExecutor-QBFT-0 | INFO  | QbftBesuControllerBuilder | Produced #711 / 322 tx / 8452 pending / 77,914,340 (0.0%) gas / (0xc9938f80eabf3380d0feecd7521bac7aeee49afc410138486b84679cd50d4d79)
2026-10-07 20:47:00.735+00:00 | BftProcessorExecutor-QBFT-0 | INFO  | QbftBesuControllerBuilder | Imported #712 / 336 tx / 9913 pending / 81,301,920 (0.0%) gas / (0xbfd605bbde1aa143bf858e5e2f1336b9d5cbd388459ca5308dc80b2a7e2a12ab)
2026-10-07 20:47:05.465+00:00 | EthScheduler-Workers-0 | INFO  | PersistBlockTask | Block 713 (0x458a62ffe2cc8d2bc67c8aaa815b068ab07c2c650f6e83d99aaf5c21b4333ed9) is already imported
2026-10-07 20:47:05.477+00:00 | BftProcessorExecutor-QBFT-0 | INFO  | QbftBesuControllerBuilder | Imported #713 / 343 tx / 11347 pending / 82,995,710 (0.0%) gas / (0x458a62ffe2cc8d2bc67c8aaa815b068ab07c2c650f6e83d99aaf5c21b4333ed9)
2026-10-07 20:47:10.031+00:00 | EthScheduler-Workers-0 | INFO  | PersistBlockTask | Block 714 (0x95e9c47986f7dc19c035e1113d95926b001c9c7e95ef05bbbb85633277abf8d9) is already imported
2026-10-07 20:47:10.036+00:00 | BftProcessorExecutor-QBFT-0 | INFO  | QbftBesuControllerBuilder | Imported #714 / 327 tx / 12803 pending / 79,124,190 (0.0%) gas / (0x95e9c47986f7dc19c035e1113d95926b001c9c7e95ef05bbbb85633277abf8d9)
2026-10-07 20:47:14.596+00:00 | BftProcessorExecutor-QBFT-0 | INFO  | QbftBesuControllerBuilder | Imported #715 / 330 tx / 13507 pending / 79,850,100 (0.0%) gas / (0xab05d5709ee36d5d356e5a7de9553bbf66f0cd7bdc9756d446ff68aabba87785)
2026-10-07 20:47:19.265+00:00 | BftProcessorExecutor-QBFT-0 | INFO  | QbftBesuControllerBuilder | Imported #716 / 343 tx / 13164 pending / 82,995,710 (0.0%) gas / (0x07a1bd4235a43d29e092943dda27fca8715bf3dcecb6ecc009623fb9b9b0c240)
2026-10-07 20:47:23.945+00:00 | BftProcessorExecutor-QBFT-0 | INFO  | QbftBesuControllerBuilder | Imported #717 / 344 tx / 12820 pending / 83,237,680 (0.0%) gas / (0x7e3c0d108ee6ec83c80b259c90fadce9756b90b1aa16a03676414327fdfe459d)
2026-10-07 20:47:28.641+00:00 | BftProcessorExecutor-QBFT-0 | INFO  | QbftBesuControllerBuilder | Imported #718 / 337 tx / 12483 pending / 81,543,890 (0.0%) gas / (0x46cd798518c16bfdb052e42c370e8bfdb90eceded8515ff4c0a0c25376fe7c4d)
2026-10-07 20:47:33.142+00:00 | BftProcessorExecutor-QBFT-0 | INFO  | QbftBesuControllerBuilder | Imported #719 / 326 tx / 12157 pending / 78,882,220 (0.0%) gas / (0xd589989e5c21b6e8da531231157a7da4b52763c1490942570cc4eb705c8a3521)
2026-10-07 20:47:37.872+00:00 | BftProcessorExecutor-QBFT-0 | INFO  | QbftBesuControllerBuilder | Imported #720 / 349 tx / 11808 pending / 84,447,530 (0.0%) gas / (0x2aa82e30030179be19cbb8211074130d3bc04989d6e4a515212bd9bc85b1bc54)
2026-10-07 20:47:42.650+00:00 | EthScheduler-Workers-0 | INFO  | PersistBlockTask | Block 721 (0xe77e81ba76fd31e024e60d7089ab323e002c06d34780a8018103d5623595ba84) is already imported
2026-10-07 20:47:42.676+00:00 | BftProcessorExecutor-QBFT-0 | INFO  | QbftBesuControllerBuilder | Imported #721 / 347 tx / 11461 pending / 83,963,590 (0.0%) gas / (0xe77e81ba76fd31e024e60d7089ab323e002c06d34780a8018103d5623595ba84)
2026-10-07 20:47:47.281+00:00 | BftProcessorExecutor-QBFT-0 | INFO  | QbftBesuControllerBuilder | Imported #722 / 344 tx / 11117 pending / 83,237,680 (0.0%) gas / (0x944ebca010ad0c0e8df63752ddb5d061bea3e723deb71a943fb282071c9e1401)
2026-10-07 20:47:52.051+00:00 | BftProcessorExecutor-QBFT-0 | INFO  | QbftBesuControllerBuilder | Imported #723 / 348 tx / 10769 pending / 84,205,560 (0.0%) gas / (0x400ca164192599470e05053967b10bee78e2d19c7323466cacf0cfdf5582c7ef)
2026-10-07 20:47:56.767+00:00 | BftProcessorExecutor-QBFT-0 | INFO  | QbftBesuControllerBuilder | Imported #724 / 342 tx / 10427 pending / 82,753,740 (0.0%) gas / (0xaadff349f0adee2ed5de2e0f1424b0b7c0d2d27b32318be40f331f13e4da45d3)
2026-10-07 20:48:01.440+00:00 | BftProcessorExecutor-QBFT-0 | INFO  | QbftBesuControllerBuilder | Imported #725 / 330 tx / 10097 pending / 79,850,100 (0.0%) gas / (0xde10223e32253d323f7e543a0601059b89f8544bb426629a6ee792639ec6888e)
2026-10-07 20:48:02.942+00:00 | BftProcessorExecutor-QBFT-0 | WARN  | BlockTransactionSelector | Interrupting the selection of transactions for block inclusion as it exceeds the maximum configured duration of 1500ms
java.util.concurrent.TimeoutException
	at java.base/java.util.concurrent.CompletableFuture.timedGet(CompletableFuture.java:1960)
	at java.base/java.util.concurrent.CompletableFuture.get(CompletableFuture.java:2095)
	at org.hyperledger.besu.ethereum.blockcreation.txselection.BlockTransactionSelector.timeLimitedSelection(BlockTransactionSelector.java:186)
	at org.hyperledger.besu.ethereum.blockcreation.txselection.BlockTransactionSelector.buildTransactionListForBlock(BlockTransactionSelector.java:169)
	at org.hyperledger.besu.ethereum.blockcreation.AbstractBlockCreator.selectTransactions(AbstractBlockCreator.java:376)
	at org.hyperledger.besu.ethereum.blockcreation.AbstractBlockCreator.createBlock(AbstractBlockCreator.java:218)
	at org.hyperledger.besu.ethereum.blockcreation.AbstractBlockCreator.createBlock(AbstractBlockCreator.java:146)
	at org.hyperledger.besu.consensus.common.bft.blockcreation.BftBlockCreator.createBlock(BftBlockCreator.java:92)
	at org.hyperledger.besu.consensus.qbft.statemachine.QbftRound.createAndSendProposalMessage(QbftRound.java:137)
	at org.hyperledger.besu.consensus.qbft.statemachine.QbftBlockHeightManager.handleBlockTimerExpiry(QbftBlockHeightManager.java:140)
	at org.hyperledger.besu.consensus.common.bft.statemachine.BaseBftController.handleBlockTimerExpiry(BaseBftController.java:167)
	at org.hyperledger.besu.consensus.common.bft.EventMultiplexer.handleBftEvent(EventMultiplexer.java:65)
	at java.base/java.util.Optional.ifPresent(Optional.java:178)
	at org.hyperledger.besu.consensus.common.bft.BftProcessor.run(BftProcessor.java:65)
	at java.base/java.util.concurrent.ThreadPoolExecutor.runWorker(ThreadPoolExecutor.java:1144)
	at java.base/java.util.concurrent.ThreadPoolExecutor$Worker.run(ThreadPoolExecutor.java:642)
	at java.base/java.lang.Thread.run(Thread.java:1583)
2026-10-07 20:48:06.147+00:00 | EthScheduler-Workers-0 | INFO  | PersistBlockTask | Block 726 (0x38cbe42de6050b1698ea803d0b193fa5d2194e3565fc219acffdc4cf9bf3c391) is already imported
2026-10-07 20:48:06.149+00:00 | BftProcessorExecutor-QBFT-0 | INFO  | QbftBesuControllerBuilder | Produced #726 / 342 tx / 9755 pending / 82,753,740 (0.0%) gas / (0x38cbe42de6050b1698ea803d0b193fa5d2194e3565fc219acffdc4cf9bf3c391)
2026-10-07 20:48:10.733+00:00 | BftProcessorExecutor-QBFT-0 | INFO  | QbftBesuControllerBuilder | Imported #727 / 337 tx / 9418 pending / 81,543,890 (0.0%) gas / (0xdd139bb632f556c42ce0eb9bf755fbd49b6d3c4266d9ece0a452bcf1cf0fcb46)
2026-10-07 20:48:15.424+00:00 | BftProcessorExecutor-QBFT-0 | INFO  | QbftBesuControllerBuilder | Imported #728 / 347 tx / 9071 pending / 83,963,590 (0.0%) gas / (0xf5e294b1e184f4be7c0913ceec8757c676632abff587761c3acee10d3033e57c)
2026-10-07 20:48:20.135+00:00 | BftProcessorExecutor-QBFT-0 | INFO  | QbftBesuControllerBuilder | Imported #729 / 342 tx / 8729 pending / 82,753,740 (0.0%) gas / (0xf2820dee6ede7b356621603d07fdccbcd7ac300dc7de1bc40c316afb3c921014)
2026-10-07 20:48:24.816+00:00 | BftProcessorExecutor-QBFT-0 | INFO  | QbftBesuControllerBuilder | Imported #730 / 348 tx / 8381 pending / 84,205,560 (0.0%) gas / (0xc49544ce328639c52ab7452ea6fc7cef8c062eb016bf5bde608100b8ae56d3a5)
2026-10-07 20:48:29.674+00:00 | EthScheduler-Workers-0 | INFO  | PersistBlockTask | Block 731 (0x45f64fd542d604d7956cf88d1c114b62090bd8f15c96eb1b71f4be7eae2fb259) is already imported
2026-10-07 20:48:29.678+00:00 | BftProcessorExecutor-QBFT-0 | INFO  | QbftBesuControllerBuilder | Imported #731 / 346 tx / 8035 pending / 83,721,620 (0.0%) gas / (0x45f64fd542d604d7956cf88d1c114b62090bd8f15c96eb1b71f4be7eae2fb259)
2026-10-07 20:48:34.256+00:00 | BftProcessorExecutor-QBFT-0 | INFO  | QbftBesuControllerBuilder | Imported #732 / 347 tx / 7688 pending / 83,963,590 (0.0%) gas / (0xb79cfa147ce7fd89aea411d5edfcbfbf28bfde5496e59c1831692559e20ff8fa)
2026-10-07 20:48:38.986+00:00 | BftProcessorExecutor-QBFT-0 | INFO  | QbftBesuControllerBuilder | Imported #733 / 349 tx / 7339 pending / 84,447,530 (0.0%) gas / (0x9ac37f1cd37f88c295012bb8b47211fc2927e2d1c66aa909834513f34598a793)
2026-10-07 20:48:43.546+00:00 | BftProcessorExecutor-QBFT-0 | INFO  | QbftBesuControllerBuilder | Imported #734 / 322 tx / 7017 pending / 77,914,340 (0.0%) gas / (0x99739349d19ab9c6e8bd5680e5ba732c540a687fe0ed1755e6e85c12fc576d07)
2026-10-07 20:48:48.334+00:00 | EthScheduler-Workers-0 | INFO  | PersistBlockTask | Block 735 (0x8e98cd65d362ba027c14c15c672910393c488f16969ad6c6603208abb2898421) is already imported
2026-10-07 20:48:48.338+00:00 | BftProcessorExecutor-QBFT-0 | INFO  | QbftBesuControllerBuilder | Imported #735 / 349 tx / 6668 pending / 84,447,530 (0.0%) gas / (0x8e98cd65d362ba027c14c15c672910393c488f16969ad6c6603208abb2898421)
2026-10-07 20:48:53.083+00:00 | BftProcessorExecutor-QBFT-0 | INFO  | QbftBesuControllerBuilder | Imported #736 / 346 tx / 6322 pending / 83,721,620 (0.0%) gas / (0xe707427ca060138f8f31e40a1e0e463c90747738234b902eeb4cb1c9ef9b63b4)
2026-10-07 20:48:57.878+00:00 | EthScheduler-Workers-0 | INFO  | PersistBlockTask | Block 737 (0x50d5d437c2cdb629149ba2155dcedee3a82e288359f2858025752302e5e2374a) is already imported
2026-10-07 20:48:57.882+00:00 | BftProcessorExecutor-QBFT-0 | INFO  | QbftBesuControllerBuilder | Imported #737 / 350 tx / 5972 pending / 84,689,500 (0.0%) gas / (0x50d5d437c2cdb629149ba2155dcedee3a82e288359f2858025752302e5e2374a)
2026-10-07 20:49:02.570+00:00 | BftProcessorExecutor-QBFT-0 | INFO  | QbftBesuControllerBuilder | Imported #738 / 345 tx / 5627 pending / 83,479,650 (0.0%) gas / (0xdf0a985fc34ab088909d967977ba8e763e4ca02e9be9e3961f4e240db5989e19)
2026-10-07 20:49:07.259+00:00 | EthScheduler-Workers-0 | INFO  | PersistBlockTask | Block 739 (0x6c4e55f10f95adaaea733bee16193ba85084c1517189e798eb01d32c436fcd07) is already imported
2026-10-07 20:49:07.263+00:00 | BftProcessorExecutor-QBFT-0 | INFO  | QbftBesuControllerBuilder | Imported #739 / 340 tx / 5287 pending / 82,269,800 (0.0%) gas / (0x6c4e55f10f95adaaea733bee16193ba85084c1517189e798eb01d32c436fcd07)
2026-10-07 20:49:11.883+00:00 | BftProcessorExecutor-QBFT-0 | INFO  | QbftBesuControllerBuilder | Imported #740 / 331 tx / 4956 pending / 80,092,070 (0.0%) gas / (0x25e05b8a866f3ae2ec1ffd027b652123932e8bc1b291bc74e7ee9045807b2be8)
2026-10-07 20:49:13.386+00:00 | BftProcessorExecutor-QBFT-0 | WARN  | BlockTransactionSelector | Interrupting the selection of transactions for block inclusion as it exceeds the maximum configured duration of 1500ms
java.util.concurrent.TimeoutException
	at java.base/java.util.concurrent.CompletableFuture.timedGet(CompletableFuture.java:1960)
	at java.base/java.util.concurrent.CompletableFuture.get(CompletableFuture.java:2095)
	at org.hyperledger.besu.ethereum.blockcreation.txselection.BlockTransactionSelector.timeLimitedSelection(BlockTransactionSelector.java:186)
	at org.hyperledger.besu.ethereum.blockcreation.txselection.BlockTransactionSelector.buildTransactionListForBlock(BlockTransactionSelector.java:169)
	at org.hyperledger.besu.ethereum.blockcreation.AbstractBlockCreator.selectTransactions(AbstractBlockCreator.java:376)
	at org.hyperledger.besu.ethereum.blockcreation.AbstractBlockCreator.createBlock(AbstractBlockCreator.java:218)
	at org.hyperledger.besu.ethereum.blockcreation.AbstractBlockCreator.createBlock(AbstractBlockCreator.java:146)
	at org.hyperledger.besu.consensus.common.bft.blockcreation.BftBlockCreator.createBlock(BftBlockCreator.java:92)
	at org.hyperledger.besu.consensus.qbft.statemachine.QbftRound.createAndSendProposalMessage(QbftRound.java:137)
	at org.hyperledger.besu.consensus.qbft.statemachine.QbftBlockHeightManager.handleBlockTimerExpiry(QbftBlockHeightManager.java:140)
	at org.hyperledger.besu.consensus.common.bft.statemachine.BaseBftController.handleBlockTimerExpiry(BaseBftController.java:167)
	at org.hyperledger.besu.consensus.common.bft.EventMultiplexer.handleBftEvent(EventMultiplexer.java:65)
	at java.base/java.util.Optional.ifPresent(Optional.java:178)
	at org.hyperledger.besu.consensus.common.bft.BftProcessor.run(BftProcessor.java:65)
	at java.base/java.util.concurrent.ThreadPoolExecutor.runWorker(ThreadPoolExecutor.java:1144)
	at java.base/java.util.concurrent.ThreadPoolExecutor$Worker.run(ThreadPoolExecutor.java:642)
	at java.base/java.lang.Thread.run(Thread.java:1583)
2026-10-07 20:49:16.499+00:00 | EthScheduler-Workers-0 | INFO  | PersistBlockTask | Block 741 (0x5c5bd1c33e997007da13b026a7c6f8fc4df3577955dd7b0b64d0fc792d8d7cfa) is already imported
2026-10-07 20:49:16.502+00:00 | BftProcessorExecutor-QBFT-0 | INFO  | QbftBesuControllerBuilder | Produced #741 / 333 tx / 4623 pending / 80,576,010 (0.0%) gas / (0x5c5bd1c33e997007da13b026a7c6f8fc4df3577955dd7b0b64d0fc792d8d7cfa)
2026-10-07 20:49:21.182+00:00 | BftProcessorExecutor-QBFT-0 | INFO  | QbftBesuControllerBuilder | Imported #742 / 344 tx / 4279 pending / 83,237,680 (0.0%) gas / (0xc1d39fa641fce6da00d2c924757cae1e5b260b87896a93c5413d41fe256ca8cb)
2026-10-07 20:49:25.874+00:00 | BftProcessorExecutor-QBFT-0 | INFO  | QbftBesuControllerBuilder | Imported #743 / 339 tx / 3940 pending / 82,027,830 (0.0%) gas / (0x472952cbc85abbdaf39bda657fbc39cc3af6853c928db77f0334eef541f9c5a3)
2026-10-07 20:49:30.580+00:00 | BftProcessorExecutor-QBFT-0 | INFO  | QbftBesuControllerBuilder | Imported #744 / 348 tx / 3592 pending / 84,205,560 (0.0%) gas / (0x0d9907fc4942fe8d96dbf2fa5aae419b82a7857317dca2b1a72356e418e27b68)
2026-10-07 20:49:35.305+00:00 | BftProcessorExecutor-QBFT-0 | INFO  | QbftBesuControllerBuilder | Imported #745 / 349 tx / 3243 pending / 84,447,530 (0.0%) gas / (0x15bd7513f7efad3f03c4041cb4999841cc156c32c33f3935f1b5c5933a4ea5f5)
2026-10-07 20:49:39.974+00:00 | BftProcessorExecutor-QBFT-0 | INFO  | QbftBesuControllerBuilder | Imported #746 / 346 tx / 2897 pending / 83,721,620 (0.0%) gas / (0x82044c230f865b48fcb9ff642d75a9f574d831d857fa1eae2b762575757e157f)
2026-10-07 20:49:44.712+00:00 | EthScheduler-Workers-0 | INFO  | PersistBlockTask | Block 747 (0x099dfdd94b74f33c6f961bb9ada92dad1fdf19381822baaa4f3481bd9a83b4e3) is already imported
2026-10-07 20:49:44.715+00:00 | BftProcessorExecutor-QBFT-0 | INFO  | QbftBesuControllerBuilder | Imported #747 / 350 tx / 2547 pending / 84,689,500 (0.0%) gas / (0x099dfdd94b74f33c6f961bb9ada92dad1fdf19381822baaa4f3481bd9a83b4e3)
2026-10-07 20:49:49.412+00:00 | EthScheduler-Workers-0 | INFO  | PersistBlockTask | Block 748 (0xd154fdb2293875753516aa79763bfde9c843cb2a6a1b20870afedd761e1c0ddb) is already imported
2026-10-07 20:49:49.417+00:00 | BftProcessorExecutor-QBFT-0 | INFO  | QbftBesuControllerBuilder | Imported #748 / 348 tx / 2199 pending / 84,205,560 (0.0%) gas / (0xd154fdb2293875753516aa79763bfde9c843cb2a6a1b20870afedd761e1c0ddb)
2026-10-07 20:49:54.118+00:00 | BftProcessorExecutor-QBFT-0 | INFO  | QbftBesuControllerBuilder | Imported #749 / 340 tx / 1859 pending / 82,269,800 (0.0%) gas / (0xccc65f2e1c71dd91a00cf9fe06dd149e1a4f048a3b67896a2068f5d4b2de1e2a)
2026-10-07 20:49:58.657+00:00 | BftProcessorExecutor-QBFT-0 | INFO  | QbftBesuControllerBuilder | Imported #750 / 332 tx / 1527 pending / 80,334,040 (0.0%) gas / (0x92b58ceecebb97965e5ec0ddb909f8323d7c1098db62c06e77edfc3277bb49d0)
2026-10-07 20:50:02.658+00:00 | EthScheduler-Workers-0 | INFO  | PersistBlockTask | Block 751 (0x67d6cd1dd68e7d951cef9cd670131928400ffda4141e4b82208da5dff5a26ccd) is already imported
2026-10-07 20:50:02.662+00:00 | BftProcessorExecutor-QBFT-0 | INFO  | QbftBesuControllerBuilder | Imported #751 / 291 tx / 1236 pending / 70,413,270 (0.0%) gas / (0x67d6cd1dd68e7d951cef9cd670131928400ffda4141e4b82208da5dff5a26ccd)
2026-10-07 20:50:05.864+00:00 | BftProcessorExecutor-QBFT-0 | INFO  | QbftBesuControllerBuilder | Imported #752 / 239 tx / 997 pending / 57,830,830 (0.0%) gas / (0xad1f5896a32da46ada7b960f20ed2d2a3d437b8d260dbf5b2bf49861b55cbda4)
2026-10-07 20:50:08.317+00:00 | BftProcessorExecutor-QBFT-0 | INFO  | QbftBesuControllerBuilder | Imported #753 / 178 tx / 819 pending / 43,070,660 (0.0%) gas / (0xd917dcec9159b1a635260ce20ea8b232dc6cf652fe0160ffed9e3c266d23ddeb)
2026-10-07 20:50:09.861+00:00 | BftProcessorExecutor-QBFT-0 | INFO  | QbftBesuControllerBuilder | Imported #754 / 106 tx / 713 pending / 25,648,820 (0.0%) gas / (0xdab0469458defedf4689740b30981e7396aba110fe01ba49197d5c8c31aed333)
2026-10-07 20:50:11.601+00:00 | BftProcessorExecutor-QBFT-0 | INFO  | QbftBesuControllerBuilder | Imported #755 / 114 tx / 599 pending / 27,584,580 (0.0%) gas / (0x731c5cec85315edf07e07ee5c1c62feb5b2fabc9f78c16456701273efd982eb4)
2026-10-07 20:50:13.311+00:00 | EthScheduler-Workers-0 | INFO  | PersistBlockTask | Block 756 (0x09a8d1addec8395da1afd3eae81b12d6b169ceb712bf8c989362e9583637ce52) is already imported
2026-10-07 20:50:13.311+00:00 | BftProcessorExecutor-QBFT-0 | INFO  | QbftBesuControllerBuilder | Produced #756 / 93 tx / 506 pending / 22,503,210 (0.0%) gas / (0x09a8d1addec8395da1afd3eae81b12d6b169ceb712bf8c989362e9583637ce52)
2026-10-07 20:50:15.038+00:00 | BftProcessorExecutor-QBFT-0 | INFO  | QbftBesuControllerBuilder | Imported #757 / 73 tx / 433 pending / 17,663,810 (0.0%) gas / (0x4eac4c895fa3957d904d58bf4f2172de38f85423068844f93023c322a7aa9f9a)
2026-10-07 20:50:16.953+00:00 | BftProcessorExecutor-QBFT-0 | INFO  | QbftBesuControllerBuilder | Imported #758 / 61 tx / 372 pending / 14,760,170 (0.0%) gas / (0x3303957941844d4366e8d339ffbe2152fbbc24ab0fed16e4978da235340cf02f)
2026-10-07 20:50:19.048+00:00 | BftProcessorExecutor-QBFT-0 | INFO  | QbftBesuControllerBuilder | Imported #759 / 72 tx / 300 pending / 17,421,840 (0.0%) gas / (0x2d4264e4d6c55ae2447019966cd9c2b35939f006732a799586270ca7eee3e0ff)
2026-10-07 20:50:20.911+00:00 | BftProcessorExecutor-QBFT-0 | INFO  | QbftBesuControllerBuilder | Imported #760 / 62 tx / 238 pending / 15,002,140 (0.0%) gas / (0x4c5351e1e17bbc69a8a6b9913e77f248fecf2215b0b063e4251c89d33d90f6cc)
2026-10-07 20:50:22.808+00:00 | BftProcessorExecutor-QBFT-0 | INFO  | QbftBesuControllerBuilder | Imported #761 / 54 tx / 184 pending / 13,066,380 (0.0%) gas / (0xd46f612bdc0516114a8a421d5580fa1befc12cbf566e44d9241b9b9f662bfbef)
2026-10-07 20:50:24.734+00:00 | BftProcessorExecutor-QBFT-0 | INFO  | QbftBesuControllerBuilder | Imported #762 / 48 tx / 136 pending / 11,614,560 (0.0%) gas / (0xef1f49bc0164007d27823f81d8ccb5e6e7a323f67175c4f634ddd886ec00244c)
2026-10-07 20:50:24.734+00:00 | EthScheduler-Workers-0 | INFO  | PersistBlockTask | Block 762 (0xef1f49bc0164007d27823f81d8ccb5e6e7a323f67175c4f634ddd886ec00244c) is already imported
2026-10-07 20:50:26.816+00:00 | BftProcessorExecutor-QBFT-0 | INFO  | QbftBesuControllerBuilder | Imported #763 / 55 tx / 81 pending / 13,308,350 (0.0%) gas / (0xca6df1f368e0c9d3185539e1dd9ad7c93cd45f96311cdacdc83354711ce538de)
2026-10-07 20:50:29.176+00:00 | BftProcessorExecutor-QBFT-0 | INFO  | QbftBesuControllerBuilder | Imported #764 / 81 tx / 0 pending / 19,599,570 (0.0%) gas / (0x01e1f95ac69fbab7c1e829970fa0fc2b58910f4514328d119d87fea878f25265)
2026-10-07 20:50:30.075+00:00 | BftProcessorExecutor-QBFT-0 | INFO  | QbftBesuControllerBuilder | Imported #765 / 0 tx / 0 pending / 0 (0.0%) gas / (0xb260022d8ebe12ced0beb9809589da41aeafb37b7210817eeb061d310a82292a)
2026-10-07 20:50:32.079+00:00 | BftProcessorExecutor-QBFT-0 | INFO  | QbftBesuControllerBuilder | Imported #766 / 0 tx / 0 pending / 0 (0.0%) gas / (0x77af4c052873bada9baf3c3e468a1319fc455bdf956967f9c82e55c8c61b9bba)
2026-10-07 20:50:34.076+00:00 | BftProcessorExecutor-QBFT-0 | INFO  | QbftBesuControllerBuilder | Imported #767 / 0 tx / 0 pending / 0 (0.0%) gas / (0xff19867504fbd0141f292135b819d2a424f949ed4317b27595cd37edbc5dc110)
2026-10-07 20:50:36.059+00:00 | BftProcessorExecutor-QBFT-0 | INFO  | QbftBesuControllerBuilder | Imported #768 / 0 tx / 0 pending / 0 (0.0%) gas / (0x78045fffb51808deb14afbb6c3dc8f95046b416a8d7c729d0a097098f9fe1c7b)
2026-10-07 20:50:38.076+00:00 | BftProcessorExecutor-QBFT-0 | INFO  | QbftBesuControllerBuilder | Imported #769 / 0 tx / 0 pending / 0 (0.0%) gas / (0x08767fd345a4f3feeed49f5ed263bb97da41b8f1e19da325b73d5c330c8a4442)
2026-10-07 20:50:38.077+00:00 | EthScheduler-Workers-0 | INFO  | PersistBlockTask | Block 769 (0x08767fd345a4f3feeed49f5ed263bb97da41b8f1e19da325b73d5c330c8a4442) is already imported
2026-10-07 20:50:40.080+00:00 | BftProcessorExecutor-QBFT-0 | INFO  | QbftBesuControllerBuilder | Imported #770 / 0 tx / 0 pending / 0 (0.0%) gas / (0x2fa776a4b9f3a3ba1875f3187c2774158b63dd24bdf669b4b39d40e3b73b54e7)
2026-10-07 20:50:42.071+00:00 | BftProcessorExecutor-QBFT-0 | INFO  | QbftBesuControllerBuilder | Produced #771 / 0 tx / 0 pending / 0 (0.0%) gas / (0x97ac583f2495fa1b8b85c7ec4a793f380a66483dfb7c341ea324454d78cc2787)
2026-10-07 20:50:44.073+00:00 | BftProcessorExecutor-QBFT-0 | INFO  | QbftBesuControllerBuilder | Imported #772 / 0 tx / 0 pending / 0 (0.0%) gas / (0xa43ce162e911f1860953342b0948aff0d2ea319901aed8609334afa04ebb6d8e)
2026-10-07 20:50:46.083+00:00 | BftProcessorExecutor-QBFT-0 | INFO  | QbftBesuControllerBuilder | Imported #773 / 0 tx / 0 pending / 0 (0.0%) gas / (0xcd40079babeadd0cb4ffae68bcd06b17bb419c5154f8d28acbb643f284401a46)
2026-10-07 20:50:48.058+00:00 | BftProcessorExecutor-QBFT-0 | INFO  | QbftBesuControllerBuilder | Imported #774 / 0 tx / 0 pending / 0 (0.0%) gas / (0x5d23aa3ab08304e188d66a4a3097c166938d14f9d1225a6fe22271aea06ab55f)
2026-10-07 20:50:50.073+00:00 | BftProcessorExecutor-QBFT-0 | INFO  | QbftBesuControllerBuilder | Imported #775 / 0 tx / 0 pending / 0 (0.0%) gas / (0x83e143170e0ac52854304942c886897315eecd66557139920f394cb951070d6a)
2026-10-07 20:50:52.086+00:00 | BftProcessorExecutor-QBFT-0 | INFO  | QbftBesuControllerBuilder | Imported #776 / 0 tx / 0 pending / 0 (0.0%) gas / (0xc50047e4c8792ad61b7a8695a95c216bcdea3673082758cfe43449299d44020c)
2026-10-07 20:50:54.062+00:00 | BftProcessorExecutor-QBFT-0 | INFO  | QbftBesuControllerBuilder | Imported #777 / 0 tx / 0 pending / 0 (0.0%) gas / (0xf9097a387499bc6a02d1b90e43f72efc7a8b629e6ce11ed9d7e808b7a61a2c3f)
2026-10-07 20:50:56.079+00:00 | BftProcessorExecutor-QBFT-0 | INFO  | QbftBesuControllerBuilder | Imported #778 / 0 tx / 0 pending / 0 (0.0%) gas / (0x14be375fd66b47dc1e1b35220e9adb7e887d66d9aa8b4cf172e7ab86871a003b)
2026-10-07 20:50:56.080+00:00 | EthScheduler-Workers-0 | INFO  | PersistBlockTask | Block 778 (0x14be375fd66b47dc1e1b35220e9adb7e887d66d9aa8b4cf172e7ab86871a003b) is already imported
2026-10-07 20:50:58.077+00:00 | BftProcessorExecutor-QBFT-0 | INFO  | QbftBesuControllerBuilder | Imported #779 / 0 tx / 0 pending / 0 (0.0%) gas / (0x5b586c053c0232bae3ee1b6321c2de7c143ad9fc8eb0657754c1f6a4aa133b0f)
2026-10-07 20:50:58.078+00:00 | EthScheduler-Workers-0 | INFO  | PersistBlockTask | Block 779 (0x5b586c053c0232bae3ee1b6321c2de7c143ad9fc8eb0657754c1f6a4aa133b0f) is already imported
2026-10-07 20:51:00.071+00:00 | BftProcessorExecutor-QBFT-0 | INFO  | QbftBesuControllerBuilder | Imported #780 / 0 tx / 0 pending / 0 (0.0%) gas / (0xa29b995ea5b6e761f4aedd667624b88bd2f5d68bff7d5347a09847c2f8aa9fd2)
2026-10-07 20:51:02.064+00:00 | BftProcessorExecutor-QBFT-0 | INFO  | QbftBesuControllerBuilder | Imported #781 / 0 tx / 0 pending / 0 (0.0%) gas / (0x869d52448eaea6f71b110a7849ffdeef2782d3eadac7d3d6b46fb49f33466247)
2026-10-07 20:51:04.077+00:00 | BftProcessorExecutor-QBFT-0 | INFO  | QbftBesuControllerBuilder | Imported #782 / 0 tx / 0 pending / 0 (0.0%) gas / (0xb51b2ef76862b58894415fbbde114368e5acb5b54770a37ec3f76995b38997c6)
2026-10-07 20:51:04.081+00:00 | EthScheduler-Workers-0 | INFO  | PersistBlockTask | Block 782 (0xb51b2ef76862b58894415fbbde114368e5acb5b54770a37ec3f76995b38997c6) is already imported
2026-10-07 20:51:06.074+00:00 | BftProcessorExecutor-QBFT-0 | INFO  | QbftBesuControllerBuilder | Imported #783 / 0 tx / 0 pending / 0 (0.0%) gas / (0xf4516f4f3d1dc423e2dde8d8ecca3ce8787e1312618d6fc14c4702ad1378a5de)
2026-10-07 20:51:06.076+00:00 | EthScheduler-Workers-0 | INFO  | PersistBlockTask | Block 783 (0xf4516f4f3d1dc423e2dde8d8ecca3ce8787e1312618d6fc14c4702ad1378a5de) is already imported
2026-10-07 20:51:08.083+00:00 | EthScheduler-Workers-0 | INFO  | PersistBlockTask | Block 784 (0x1bf4658a92aadd09b342a25224a05a66d82ad132541d43d74afc1a3a91a0b80f) is already imported
2026-10-07 20:51:08.084+00:00 | BftProcessorExecutor-QBFT-0 | INFO  | QbftBesuControllerBuilder | Imported #784 / 0 tx / 0 pending / 0 (0.0%) gas / (0x1bf4658a92aadd09b342a25224a05a66d82ad132541d43d74afc1a3a91a0b80f)
2026-10-07 20:51:10.082+00:00 | BftProcessorExecutor-QBFT-0 | INFO  | QbftBesuControllerBuilder | Imported #785 / 0 tx / 0 pending / 0 (0.0%) gas / (0x7e4457137e0e27abcce2600ab902d4ec5321c0d9ea156f637aa26799ee2c3b41)
2026-10-07 20:51:12.085+00:00 | EthScheduler-Workers-0 | INFO  | PersistBlockTask | Block 786 (0x9c3d79e6536e5574e1e621207456d33c375cf698577bebb1dc070035e494a3bb) is already imported
2026-10-07 20:51:12.085+00:00 | BftProcessorExecutor-QBFT-0 | INFO  | QbftBesuControllerBuilder | Produced #786 / 0 tx / 0 pending / 0 (0.0%) gas / (0x9c3d79e6536e5574e1e621207456d33c375cf698577bebb1dc070035e494a3bb)
2026-10-07 20:51:14.075+00:00 | BftProcessorExecutor-QBFT-0 | INFO  | QbftBesuControllerBuilder | Imported #787 / 0 tx / 0 pending / 0 (0.0%) gas / (0x0b4e74c235b39356e3f71a7f2831e9e1594598d64b170d0d65cf1503330d5a97)
2026-10-07 20:51:14.077+00:00 | EthScheduler-Workers-0 | INFO  | PersistBlockTask | Block 787 (0x0b4e74c235b39356e3f71a7f2831e9e1594598d64b170d0d65cf1503330d5a97) is already imported
2026-10-07 20:51:16.075+00:00 | EthScheduler-Workers-0 | INFO  | PersistBlockTask | Block 788 (0xc972759567903d71c65b1650127985d3f5fe8653de3246784935095e2e26e28f) is already imported
2026-10-07 20:51:16.075+00:00 | BftProcessorExecutor-QBFT-0 | INFO  | QbftBesuControllerBuilder | Imported #788 / 0 tx / 0 pending / 0 (0.0%) gas / (0xc972759567903d71c65b1650127985d3f5fe8653de3246784935095e2e26e28f)
2026-10-07 20:51:18.076+00:00 | EthScheduler-Workers-0 | INFO  | PersistBlockTask | Block 789 (0x85177d12d39b8a7f36cf586f57ecd431438b2efbb599b4824ecba8c1096a0259) is already imported
2026-10-07 20:51:18.076+00:00 | BftProcessorExecutor-QBFT-0 | INFO  | QbftBesuControllerBuilder | Imported #789 / 0 tx / 0 pending / 0 (0.0%) gas / (0x85177d12d39b8a7f36cf586f57ecd431438b2efbb599b4824ecba8c1096a0259)
2026-10-07 20:51:20.075+00:00 | EthScheduler-Workers-0 | INFO  | PersistBlockTask | Block 790 (0xedc1ac403c74f9a7ece3ef56b317d5ebf4648daf058b3dd4f472480b92e2a596) is already imported
2026-10-07 20:51:20.075+00:00 | BftProcessorExecutor-QBFT-0 | INFO  | QbftBesuControllerBuilder | Imported #790 / 0 tx / 0 pending / 0 (0.0%) gas / (0xedc1ac403c74f9a7ece3ef56b317d5ebf4648daf058b3dd4f472480b92e2a596)
2026-10-07 20:51:22.059+00:00 | BftProcessorExecutor-QBFT-0 | INFO  | QbftBesuControllerBuilder | Imported #791 / 0 tx / 0 pending / 0 (0.0%) gas / (0x213c9f5586e050c8e5549f56fb3bd8ffb0958905e5f8ecab7b2465c8243fc4de)
2026-10-07 20:51:24.074+00:00 | BftProcessorExecutor-QBFT-0 | INFO  | QbftBesuControllerBuilder | Imported #792 / 0 tx / 0 pending / 0 (0.0%) gas / (0xf0124a4c25fe7cb3e4985c893d9231e98f896e95b7e0a252a7e463ac50ee45db)
2026-10-07 20:51:24.074+00:00 | EthScheduler-Workers-0 | INFO  | PersistBlockTask | Block 792 (0xf0124a4c25fe7cb3e4985c893d9231e98f896e95b7e0a252a7e463ac50ee45db) is already imported
2026-10-07 20:51:26.149+00:00 | EthScheduler-Workers-0 | INFO  | PersistBlockTask | Block 793 (0xdae2221c998217f608df4b871f6f7e0053b08fb6db833babaf36ed3bc39d2811) is already imported
2026-10-07 20:51:26.150+00:00 | BftProcessorExecutor-QBFT-0 | INFO  | QbftBesuControllerBuilder | Imported #793 / 16 tx / 264 pending / 2,458,208 (0.0%) gas / (0xdae2221c998217f608df4b871f6f7e0053b08fb6db833babaf36ed3bc39d2811)
2026-10-07 20:51:28.230+00:00 | BftProcessorExecutor-QBFT-0 | INFO  | QbftBesuControllerBuilder | Imported #794 / 59 tx / 903 pending / 9,064,530 (0.0%) gas / (0xc2f7ebe7b5f3f0bead3c2e5b466fbc0c6bc0c517f5a626e48751e5dadf5c4b6a)
2026-10-07 20:51:30.464+00:00 | EthScheduler-Workers-0 | INFO  | PersistBlockTask | Block 795 (0x489dd563fce627e956568228fbbe843dba0500a0c7a441fadb072dd162673991) is already imported
2026-10-07 20:51:30.465+00:00 | BftProcessorExecutor-QBFT-0 | INFO  | QbftBesuControllerBuilder | Imported #795 / 98 tx / 1450 pending / 15,056,032 (0.0%) gas / (0x489dd563fce627e956568228fbbe843dba0500a0c7a441fadb072dd162673991)
2026-10-07 20:51:32.506+00:00 | BftProcessorExecutor-QBFT-0 | INFO  | QbftBesuControllerBuilder | Imported #796 / 138 tx / 1737 pending / 21,201,512 (0.0%) gas / (0x047e5d7b7d3ccb2318d409722d536a9b0a6bbdd8b1147e5fa7d90b39b6325996)
2026-10-07 20:51:34.582+00:00 | BftProcessorExecutor-QBFT-0 | INFO  | QbftBesuControllerBuilder | Imported #797 / 138 tx / 1599 pending / 21,201,348 (0.0%) gas / (0x9264ddb04fc7d0ed5494c08e1c519e91be82bf1aa32ca4e0de7b4079776d1cfb)
2026-10-07 20:51:36.555+00:00 | BftProcessorExecutor-QBFT-0 | INFO  | QbftBesuControllerBuilder | Imported #798 / 137 tx / 1462 pending / 21,047,882 (0.0%) gas / (0xf784502e1f093ae39558a7680d1d5b2878b715aac3b9181ccb811a2b518d5de0)
2026-10-07 20:51:38.540+00:00 | BftProcessorExecutor-QBFT-0 | INFO  | QbftBesuControllerBuilder | Imported #799 / 137 tx / 1325 pending / 21,048,002 (0.0%) gas / (0xbf7285589ac644e626927309522fb3c5875fc5c147403079bd2536f324851185)
2026-10-07 20:51:40.644+00:00 | BftProcessorExecutor-QBFT-0 | INFO  | QbftBesuControllerBuilder | Imported #800 / 136 tx / 1189 pending / 20,894,228 (0.0%) gas / (0x99c67c7d53aa49d804df0428e70972e4f8a5e67599e58e388d2f94b6e880d34d)
2026-10-07 20:51:42.640+00:00 | BftProcessorExecutor-QBFT-0 | INFO  | QbftBesuControllerBuilder | Produced #801 / 136 tx / 1053 pending / 20,894,284 (0.0%) gas / (0xd11b58c20942936717c98ca34bf0ca22f57f2b0307685d9c532b1681ba176be4)
2026-10-07 20:51:44.638+00:00 | BftProcessorExecutor-QBFT-0 | INFO  | QbftBesuControllerBuilder | Imported #802 / 136 tx / 917 pending / 20,894,212 (0.0%) gas / (0x5c98107fb82fa445bf90406d8c3567b55a548146738eda7259e661a65a7deef3)
2026-10-07 20:51:46.720+00:00 | BftProcessorExecutor-QBFT-0 | INFO  | QbftBesuControllerBuilder | Imported #803 / 136 tx / 781 pending / 20,894,132 (0.0%) gas / (0xd5d3b16b9f03e1c6b6baf2ecfb3fd4c878657da4ef9962ac845754ffed0a1b75)
2026-10-07 20:51:48.510+00:00 | BftProcessorExecutor-QBFT-0 | INFO  | QbftBesuControllerBuilder | Imported #804 / 136 tx / 645 pending / 20,894,240 (0.0%) gas / (0xff7df8f08833bfc08ecaf3f9d3a240593f86745f67edd8185f9fae9658e89abc)
2026-10-07 20:51:50.545+00:00 | BftProcessorExecutor-QBFT-0 | INFO  | QbftBesuControllerBuilder | Imported #805 / 136 tx / 509 pending / 20,894,092 (0.0%) gas / (0x61a0fbe972553c4468c7d3c4bd9c285553775403c54f5a61bd02712f5806b388)
2026-10-07 20:51:52.518+00:00 | BftProcessorExecutor-QBFT-0 | INFO  | QbftBesuControllerBuilder | Imported #806 / 136 tx / 373 pending / 20,894,160 (0.0%) gas / (0x678cfd9289a523d06f9d7ebd43026170ed80622b911afc823a7ea711beaa4feb)
2026-10-07 20:51:54.545+00:00 | BftProcessorExecutor-QBFT-0 | INFO  | QbftBesuControllerBuilder | Imported #807 / 136 tx / 237 pending / 20,894,408 (0.0%) gas / (0x4cada94dedb8a68de26bce1a63d2be45472bf043692be0441e05e53cdfa5d049)
2026-10-07 20:51:56.559+00:00 | BftProcessorExecutor-QBFT-0 | INFO  | QbftBesuControllerBuilder | Imported #808 / 120 tx / 117 pending / 18,435,908 (0.0%) gas / (0x0fc7ad402484fe42126441fc6eafc52442cca204d3af72397e8f22f699504cb6)
2026-10-07 20:51:58.380+00:00 | BftProcessorExecutor-QBFT-0 | INFO  | QbftBesuControllerBuilder | Imported #809 / 77 tx / 40 pending / 11,829,806 (0.0%) gas / (0x2e56cc28f4c9b2f04fb065cf5a80b021d1573eba233ac5f2ec4ab7921626b6eb)
2026-10-07 20:52:00.308+00:00 | EthScheduler-Workers-0 | INFO  | PersistBlockTask | Block 810 (0x7432063e8f2a650ac38e5b11dd10cb8d903beb77e6df9a61ca37e682899545f3) is already imported
2026-10-07 20:52:00.308+00:00 | BftProcessorExecutor-QBFT-0 | INFO  | QbftBesuControllerBuilder | Imported #810 / 40 tx / 0 pending / 6,145,304 (0.0%) gas / (0x7432063e8f2a650ac38e5b11dd10cb8d903beb77e6df9a61ca37e682899545f3)
2026-10-07 20:52:02.072+00:00 | EthScheduler-Workers-0 | INFO  | PersistBlockTask | Block 811 (0x3545338fa69f293571df860b76664ebf433963a1190612e7dfc9358d5acbc418) is already imported
2026-10-07 20:52:02.072+00:00 | BftProcessorExecutor-QBFT-0 | INFO  | QbftBesuControllerBuilder | Imported #811 / 0 tx / 0 pending / 0 (0.0%) gas / (0x3545338fa69f293571df860b76664ebf433963a1190612e7dfc9358d5acbc418)
2026-10-07 20:52:04.067+00:00 | BftProcessorExecutor-QBFT-0 | INFO  | QbftBesuControllerBuilder | Imported #812 / 0 tx / 0 pending / 0 (0.0%) gas / (0x3f77aaf670c6ce9b65ece473810144b8f5f90ab96ccc579b70e9d277df90cf36)
2026-10-07 20:52:04.069+00:00 | EthScheduler-Workers-0 | INFO  | PersistBlockTask | Block 812 (0x3f77aaf670c6ce9b65ece473810144b8f5f90ab96ccc579b70e9d277df90cf36) is already imported
2026-10-07 20:52:06.081+00:00 | EthScheduler-Workers-0 | INFO  | PersistBlockTask | Imported #813 / 0 tx / 0 om / 0 (0.0%) gas / (0xfb91cf9f095c54be7cd046e52bfc490385dace45729b330cced7adfd87f8711f) in 0.002s. Peers: 14
2026-10-07 20:52:08.068+00:00 | BftProcessorExecutor-QBFT-0 | INFO  | QbftBesuControllerBuilder | Imported #814 / 0 tx / 0 pending / 0 (0.0%) gas / (0x2ce6d3404cf10bcba5f33f61bca42080a3c8b42fe6e23769dcb18556a60e3fbe)
2026-10-07 20:52:10.075+00:00 | BftProcessorExecutor-QBFT-0 | INFO  | QbftBesuControllerBuilder | Imported #815 / 0 tx / 0 pending / 0 (0.0%) gas / (0xee874ff839f682e0301034cccc88b3ea054c369e996ce904b5da657f9bdbbeee)
2026-10-07 20:52:10.076+00:00 | EthScheduler-Workers-0 | INFO  | PersistBlockTask | Block 815 (0xee874ff839f682e0301034cccc88b3ea054c369e996ce904b5da657f9bdbbeee) is already imported
2026-10-07 20:52:12.061+00:00 | BftProcessorExecutor-QBFT-0 | INFO  | QbftBesuControllerBuilder | Produced #816 / 0 tx / 0 pending / 0 (0.0%) gas / (0x2b4b17f5b0c6eb728003b9e27e04298295581dcdb334b42cc63c65608c246918)
2026-10-07 20:52:14.080+00:00 | EthScheduler-Workers-0 | INFO  | PersistBlockTask | Block 817 (0x9f0fa24f4b3717aea511204e857528425b15f526281b69791f9169f6a4805a4b) is already imported
2026-10-07 20:52:14.083+00:00 | BftProcessorExecutor-QBFT-0 | INFO  | QbftBesuControllerBuilder | Imported #817 / 0 tx / 0 pending / 0 (0.0%) gas / (0x9f0fa24f4b3717aea511204e857528425b15f526281b69791f9169f6a4805a4b)
2026-10-07 20:52:16.085+00:00 | EthScheduler-Workers-0 | INFO  | PersistBlockTask | Block 818 (0xb5dddb30b494755ee340ac6c190260e7c139b5ef68a8071c5fe952927afbbe9b) is already imported
2026-10-07 20:52:16.085+00:00 | BftProcessorExecutor-QBFT-0 | INFO  | QbftBesuControllerBuilder | Imported #818 / 0 tx / 0 pending / 0 (0.0%) gas / (0xb5dddb30b494755ee340ac6c190260e7c139b5ef68a8071c5fe952927afbbe9b)
2026-10-07 20:52:18.070+00:00 | BftProcessorExecutor-QBFT-0 | INFO  | QbftBesuControllerBuilder | Imported #819 / 0 tx / 0 pending / 0 (0.0%) gas / (0x59f79c1b5de03d099261b565ebb0d700a44f06982bbfcfcdb678278fa725308b)
2026-10-07 20:52:20.062+00:00 | BftProcessorExecutor-QBFT-0 | INFO  | QbftBesuControllerBuilder | Imported #820 / 0 tx / 0 pending / 0 (0.0%) gas / (0x0d5e07405f348011c486b9cdf029e9989cff0d07a1969998f49585cd30238fb2)
2026-10-07 20:52:22.060+00:00 | BftProcessorExecutor-QBFT-0 | INFO  | QbftBesuControllerBuilder | Imported #821 / 0 tx / 0 pending / 0 (0.0%) gas / (0x162c1190cf7e8a89df252a03d09009fd41e6dd94890a7421d1236571b27b77f5)
2026-10-07 20:52:24.075+00:00 | BftProcessorExecutor-QBFT-0 | INFO  | QbftBesuControllerBuilder | Imported #822 / 0 tx / 0 pending / 0 (0.0%) gas / (0x7ca6e76b8ae44d8ef2576a6a791875d8f882262ee7c7a6841eda8810455f1ce3)
2026-10-07 20:52:26.073+00:00 | BftProcessorExecutor-QBFT-0 | INFO  | QbftBesuControllerBuilder | Imported #823 / 0 tx / 0 pending / 0 (0.0%) gas / (0x9c25974d73ea7b73c84ba11d4edbef63fb135b0ea38f19d571ebbef93057f75e)
2026-10-07 20:52:28.079+00:00 | EthScheduler-Workers-0 | INFO  | PersistBlockTask | Block 824 (0x83ac20037fdaeee8a318cff2c212c99b8e16b95d7b520120e7eb3b2dd2455108) is already imported
2026-10-07 20:52:28.080+00:00 | BftProcessorExecutor-QBFT-0 | INFO  | QbftBesuControllerBuilder | Imported #824 / 0 tx / 0 pending / 0 (0.0%) gas / (0x83ac20037fdaeee8a318cff2c212c99b8e16b95d7b520120e7eb3b2dd2455108)
2026-10-07 20:52:30.062+00:00 | BftProcessorExecutor-QBFT-0 | INFO  | QbftBesuControllerBuilder | Imported #825 / 0 tx / 0 pending / 0 (0.0%) gas / (0xb791315f43b7150553a41b12979bcd5ab9b32e914bda9047d290e6d3c3da18d4)
2026-10-07 20:52:32.071+00:00 | BftProcessorExecutor-QBFT-0 | INFO  | QbftBesuControllerBuilder | Imported #826 / 0 tx / 0 pending / 0 (0.0%) gas / (0x4507c1795001caf03d5e15a585265edd3ed977d7e1728ea83626a64601d5a293)
2026-10-07 20:52:34.079+00:00 | BftProcessorExecutor-QBFT-0 | INFO  | QbftBesuControllerBuilder | Imported #827 / 0 tx / 0 pending / 0 (0.0%) gas / (0x0f6cb5547d435d4733063fe19833585f8cbc63aa4369e68a3a76b1ee5b5a0dee)
2026-10-07 20:52:34.083+00:00 | EthScheduler-Workers-0 | INFO  | PersistBlockTask | Block 827 (0x0f6cb5547d435d4733063fe19833585f8cbc63aa4369e68a3a76b1ee5b5a0dee) is already imported
2026-10-07 20:52:36.083+00:00 | BftProcessorExecutor-QBFT-0 | INFO  | QbftBesuControllerBuilder | Imported #828 / 0 tx / 0 pending / 0 (0.0%) gas / (0x4e23c69df7dac5df26966fbd06ddbd37d3f5bd634972e2bf4504f348c52949bc)
2026-10-07 20:52:36.083+00:00 | EthScheduler-Workers-0 | INFO  | PersistBlockTask | Block 828 (0x4e23c69df7dac5df26966fbd06ddbd37d3f5bd634972e2bf4504f348c52949bc) is already imported
2026-10-07 20:52:38.071+00:00 | BftProcessorExecutor-QBFT-0 | INFO  | QbftBesuControllerBuilder | Imported #829 / 0 tx / 0 pending / 0 (0.0%) gas / (0xc95909368c972ce0c32ee66167e1e57ef1de78343932fcd33436d5faa46e600b)
2026-10-07 20:52:40.073+00:00 | BftProcessorExecutor-QBFT-0 | INFO  | QbftBesuControllerBuilder | Imported #830 / 0 tx / 0 pending / 0 (0.0%) gas / (0xaae7175a09f332929964cec1e28325c92a9fec3f6b32f432f79ff5f88d872bba)
2026-10-07 20:52:42.072+00:00 | EthScheduler-Workers-0 | INFO  | PersistBlockTask | Imported #831 / 0 tx / 0 om / 0 (0.0%) gas / (0xa0b1ae690cd68626e7529db7d5ed374d638c266d25b6b3933df3e8e9ce385c6a) in 0.003s. Peers: 14
2026-10-07 20:52:44.076+00:00 | BftProcessorExecutor-QBFT-0 | INFO  | QbftBesuControllerBuilder | Imported #832 / 0 tx / 0 pending / 0 (0.0%) gas / (0x3c3509b8a4ba3a01e5a24665dc6479c8944cf859de728345b9bbfc76b9b99ef4)
2026-10-07 20:52:46.070+00:00 | EthScheduler-Workers-0 | INFO  | PersistBlockTask | Block 833 (0xaeb0bd03e2cf896a1d3ad94409987851cb5dbb71add2498970dffb924bde1670) is already imported
2026-10-07 20:52:46.071+00:00 | BftProcessorExecutor-QBFT-0 | INFO  | QbftBesuControllerBuilder | Imported #833 / 0 tx / 0 pending / 0 (0.0%) gas / (0xaeb0bd03e2cf896a1d3ad94409987851cb5dbb71add2498970dffb924bde1670)
2026-10-07 20:52:48.065+00:00 | EthScheduler-Workers-0 | INFO  | PersistBlockTask | Block 834 (0x6647c5c5e9bf89371d071c55627bdda04eb09cee0e8b244453728f07f1ad5f16) is already imported
2026-10-07 20:52:48.065+00:00 | BftProcessorExecutor-QBFT-0 | INFO  | QbftBesuControllerBuilder | Imported #834 / 0 tx / 0 pending / 0 (0.0%) gas / (0x6647c5c5e9bf89371d071c55627bdda04eb09cee0e8b244453728f07f1ad5f16)
2026-10-07 20:52:50.055+00:00 | BftProcessorExecutor-QBFT-0 | INFO  | QbftBesuControllerBuilder | Imported #835 / 0 tx / 0 pending / 0 (0.0%) gas / (0x439b448fd68b686cb14732aeffa2577035bd5121d2f9b9e694ecdfa13179fbc3)
2026-10-07 20:52:52.049+00:00 | BftProcessorExecutor-QBFT-0 | INFO  | QbftBesuControllerBuilder | Imported #836 / 0 tx / 0 pending / 0 (0.0%) gas / (0x0728607bb4286a0c49057f26e87c2b5bc51749c9a5cc7232e45105e4fdf5b4aa)
2026-10-07 20:52:54.066+00:00 | EthScheduler-Workers-0 | INFO  | PersistBlockTask | Block 837 (0x2a93c2f0e44955554e169f75c813f90ff4f9c01ce07c50b972accfd329eef411) is already imported
2026-10-07 20:52:54.066+00:00 | BftProcessorExecutor-QBFT-0 | INFO  | QbftBesuControllerBuilder | Imported #837 / 0 tx / 0 pending / 0 (0.0%) gas / (0x2a93c2f0e44955554e169f75c813f90ff4f9c01ce07c50b972accfd329eef411)
2026-10-07 20:52:56.056+00:00 | BftProcessorExecutor-QBFT-0 | INFO  | QbftBesuControllerBuilder | Imported #838 / 0 tx / 0 pending / 0 (0.0%) gas / (0x3a123dccb465c767e643cdfcf7162f27aaf5a9fd4f02af0659f8fb949105654c)
2026-10-07 20:52:58.060+00:00 | EthScheduler-Workers-0 | INFO  | PersistBlockTask | Block 839 (0x21483d6043ffab2aaf20c0c77ee88daee931127c658da6d6cc57d6792fed9206) is already imported
2026-10-07 20:52:58.061+00:00 | BftProcessorExecutor-QBFT-0 | INFO  | QbftBesuControllerBuilder | Imported #839 / 0 tx / 0 pending / 0 (0.0%) gas / (0x21483d6043ffab2aaf20c0c77ee88daee931127c658da6d6cc57d6792fed9206)
2026-10-07 20:53:00.074+00:00 | BftProcessorExecutor-QBFT-0 | INFO  | QbftBesuControllerBuilder | Imported #840 / 0 tx / 0 pending / 0 (0.0%) gas / (0x851fc4fb436e3b8a39a2a5a449d94238cddd28300c2b3ce9946f114beeb65693)
2026-10-07 20:53:02.064+00:00 | EthScheduler-Workers-0 | INFO  | PersistBlockTask | Imported #841 / 0 tx / 0 om / 0 (0.0%) gas / (0xeb6481c4dc5391c333aae691e295fcac6b6b82a0514080b2dc753285cde4f1ea) in 0.001s. Peers: 14
2026-10-07 20:53:02.065+00:00 | BftProcessorExecutor-QBFT-0 | INFO  | QbftBesuControllerBuilder | Imported #841 / 0 tx / 0 pending / 0 (0.0%) gas / (0xeb6481c4dc5391c333aae691e295fcac6b6b82a0514080b2dc753285cde4f1ea)
