[node07] network interface=eth0
[node07] tier=core applying P2P-only tc netem:  delay=10ms(+/-0ms) rate=100mbit loss=0%
[node07] tc rules applied:
qdisc htb 1: root refcnt 257 r2q 10 default 0x1 direct_packets_stat 0 direct_qlen 1000
qdisc netem 110: parent 1:10 limit 1000 delay 10ms
Setting logging level to INFO
2026-10-07 13:16:49.834+00:00 | main | INFO  | Besu | Starting Besu
2026-10-07 13:16:50.300+00:00 | main | WARN  | Besu | --graphql-http-host has been ignored because --graphql-http-enabled was not defined on the command line.
2026-10-07 13:16:50.416+00:00 | main | INFO  | Besu | Connecting to 0 static nodes.
2026-10-07 13:16:50.420+00:00 | main | INFO  | Besu | Forcing price bump for transaction replacement to 0, since min-gas-price is set to 0
2026-10-07 13:16:50.421+00:00 | main | WARN  | Besu | Forcing tx-pool-min-gas-price=0, since it cannot be greater than the value of min-gas-price
2026-10-07 13:16:50.826+00:00 | main | INFO  | Besu | 
####################################################################################################
#                                                                                                  #
# Besu version 24.7.0                                                                              #
#                                                                                                  #
# Configuration:                                                                                   #
# Network: Custom genesis file                                                                     #
# /config/genesis.json                                                                             #
# Network Id: 1337                                                                                 #
# Data storage: Bonsai                                                                             #
# Sync mode: Full                                                                                  #
# RPC HTTP APIs: ETH,QBFT,NET,ADMIN,WEB3                                                           #
# RPC HTTP port: 8545                                                                              #
# Using LAYERED transaction pool implementation                                                    #
# Using STACKED worldstate update mode                                                             #
# Limit trie logs enabled: retention: 512; prune window: 30000                                     #
#                                                                                                  #
# Host:                                                                                            #
# Java: openjdk-java-21                                                                            #
# Maximum heap size: 29.50 GB                                                                      #
# OS: linux-x86_64                                                                                 #
# glibc: 2.39                                                                                      #
# jemalloc: 5.3.0-0-g54eaed1d8b56b1aa528be3bdd1877e59c56fa90c                                      #
# Total memory: 1007.68 GB                                                                         #
# CPU cores: 256                                                                                   #
#                                                                                                  #
# Plugin Registration Summary:                                                                     #
# No plugins have been registered.                                                                 #
# TOTAL = 0 of 0 plugins successfully registered.                                                  #
#                                                                                                  #
####################################################################################################
2026-10-07 13:16:50.827+00:00 | main | INFO  | Besu | Security Module: localfile
2026-10-07 13:16:50.829+00:00 | main | INFO  | VersionMetadata | Lookup version metadata file in data directory: /data
2026-10-07 13:16:50.829+00:00 | main | INFO  | VersionMetadata | No version data detected. Writing Besu version 24.7.0 to metadata file
2026-10-07 13:16:50.943+00:00 | main | INFO  | Besu | Using the native implementation of alt bn128
2026-10-07 13:16:51.023+00:00 | main | INFO  | Besu | Using the native implementation of modexp
2026-10-07 13:16:51.023+00:00 | main | INFO  | Besu | Using the native implementation of the signature algorithm
2026-10-07 13:16:51.030+00:00 | main | INFO  | Besu | Using the native implementation of the blake2bf algorithm
2026-10-07 13:16:51.129+00:00 | main | INFO  | Besu | Forcing price bump for transaction replacement to 0, since min-gas-price is set to 0
2026-10-07 13:16:51.130+00:00 | main | WARN  | Besu | Forcing tx-pool-min-gas-price=0, since it cannot be greater than the value of min-gas-price
2026-10-07 13:16:51.132+00:00 | main | INFO  | KeyPairUtil | Attempting to load public key from /data/key.priv
2026-10-07 13:16:51.168+00:00 | main | INFO  | KeyPairUtil | Loaded public key 0xd31cb7916b83d6478d048a3fd061041263b011f7de33d95ccd50fa304dab75d3cf1139aa7f73f615003ca98fd47ac0feaeec9fe84e9ee132566b9bcb8998dc7d from /data/key.priv
2026-10-07 13:16:51.341+00:00 | main | INFO  | ProtocolScheduleBuilder | Protocol schedule created with milestones: [Berlin:0]
2026-10-07 13:16:51.348+00:00 | main | INFO  | RocksDBKeyValueStorageFactory | No existing database at /data. Using default metadata for new db versionedStorageFormat=BaseVersionedStorageFormat{format=BONSAI, version=2}
2026-10-07 13:16:51.659+00:00 | main | INFO  | FlatDbStrategyProvider | Bonsai flat db mode found FULL
2026-10-07 13:16:51.663+00:00 | main | INFO  | FlatDbStrategyProvider | Bonsai db mode with code stored using code hash enabled = true
2026-10-07 13:16:51.673+00:00 | main | INFO  | FlatDbStrategyProvider | Bonsai flat db mode found FULL
2026-10-07 13:16:51.676+00:00 | main | INFO  | FlatDbStrategyProvider | Bonsai db mode with code stored using code hash enabled = true
2026-10-07 13:16:52.131+00:00 | main | INFO  | TransactionPoolFactory | Enabling transaction pool
2026-10-07 13:16:52.150+00:00 | main | INFO  | BesuControllerBuilder | TTD difficulty is not present, creating initial sync phase for PoW
2026-10-07 13:16:52.192+00:00 | main | INFO  | TrieLogPruner | Loading first 30000 trie logs from database...
2026-10-07 13:16:52.193+00:00 | main | INFO  | TrieLogPruner | Loaded 1 trie logs from database
2026-10-07 13:16:52.200+00:00 | main | INFO  | RunnerBuilder | Resolved 3 bootnodes.
2026-10-07 13:16:52.206+00:00 | main | INFO  | RunnerBuilder | Detecting NAT service.
2026-10-07 13:16:52.383+00:00 | main | INFO  | Runner | Starting external services ... 
2026-10-07 13:16:52.383+00:00 | main | INFO  | JsonRpcHttpService | Starting JSON-RPC service on 0.0.0.0:8545
2026-10-07 13:16:52.521+00:00 | main | INFO  | WebSocketService | Starting Websocket service on 0.0.0.0:8546
2026-10-07 13:16:52.521+00:00 | vert.x-eventloop-thread-1 | INFO  | JsonRpcHttpService | JSON-RPC service started and listening on 0.0.0.0:8545
2026-10-07 13:16:52.524+00:00 | vert.x-eventloop-thread-1 | INFO  | WebSocketService | Websocket service started and listening on 0.0.0.0:8546
2026-10-07 13:16:52.527+00:00 | main | INFO  | AutoTransactionLogBloomCachingService | Starting auto transaction log bloom caching service.
2026-10-07 13:16:52.527+00:00 | main | INFO  | LogBloomCacheMetadata | Lookup cache metadata file in data directory: /data/caches
2026-10-07 13:16:52.541+00:00 | main | INFO  | Runner | Starting Ethereum main loop ... 
2026-10-07 13:16:52.541+00:00 | main | INFO  | NatService | No NAT environment detected so no service could be started
2026-10-07 13:16:52.541+00:00 | main | INFO  | NetworkRunner | Starting Network.
2026-10-07 13:16:52.553+00:00 | nioEventLoopGroup-2-1 | INFO  | RlpxAgent | P2P RLPx agent started and listening on /[0:0:0:0:0:0:0:0]:30303.
2026-10-07 13:16:52.554+00:00 | main | INFO  | PeerDiscoveryAgent | Starting peer discovery agent on host=0.0.0.0, port=30303. IPv6 available.
2026-10-07 13:16:52.565+00:00 | vert.x-eventloop-thread-1 | INFO  | VertxPeerDiscoveryAgent | Started peer discovery agent successfully, on effective host=0:0:0:0:0:0:0:0%0 and port=30303
2026-10-07 13:16:52.570+00:00 | vert.x-eventloop-thread-1 | INFO  | PeerDiscoveryAgent | P2P peer discovery agent started and listening on /[0:0:0:0:0:0:0:0%0]:30303
2026-10-07 13:16:52.657+00:00 | vert.x-eventloop-thread-1 | INFO  | PeerDiscoveryAgent | Writing node record to disk. NodeRecord{seq=1, publicKey=0x03d31cb7916b83d6478d048a3fd061041263b011f7de33d95ccd50fa304dab75d3, udpAddress=Optional[/0.0.0.0:30303], tcpAddress=Optional[/0.0.0.0:30303], asBase64=-Je4QB-ywTcBuKrcFqP6wzVItlPniv7UUpHFtryUz7pTj1TbbRKIjCOYBQcx2-ohkdI6vqH0Sz82GpGtKeOj2dJ9MIcBg2V0aMfGhOs54RmAgmlkgnY0gmlwhAAAAACJc2VjcDI1NmsxoQPTHLeRa4PWR40Eij_QYQQSY7AR994z2VzNUPowTat104N0Y3CCdl-DdWRwgnZf, nodeId=0x765b5edbc52b1467acd6460a58790205bb49629382a234549fa421ff77fc54f7, customFields={tcp=30303, udp=30303, ip=0x00000000, eth=[[0xeb39e119, 0x]], id=V4, secp256k1=0x03d31cb7916b83d6478d048a3fd061041263b011f7de33d95ccd50fa304dab75d3}}
2026-10-07 13:16:52.702+00:00 | main | INFO  | DefaultP2PNetwork | Enode URL enode://d31cb7916b83d6478d048a3fd061041263b011f7de33d95ccd50fa304dab75d3cf1139aa7f73f615003ca98fd47ac0feaeec9fe84e9ee132566b9bcb8998dc7d@0.0.0.0:30303
2026-10-07 13:16:52.702+00:00 | main | INFO  | DefaultP2PNetwork | Node address 0x58790205bb49629382a234549fa421ff77fc54f7
2026-10-07 13:16:52.733+00:00 | main | INFO  | NetworkRunner | Supported capabilities: [eth/62, eth/63, eth/64, eth/65, eth/66, eth/67, eth/68], [istanbul/100], [snap/1]
2026-10-07 13:16:52.733+00:00 | main | INFO  | DefaultSynchronizer | Starting synchronizer.
2026-10-07 13:16:52.734+00:00 | main | INFO  | TransactionPoolFactory | Enabling transaction handling following initial sync
2026-10-07 13:16:52.737+00:00 | main | INFO  | QbftBesuControllerBuilder | Starting QBFT mining coordinator following initial sync
2026-10-07 13:16:52.749+00:00 | main | INFO  | FullSyncDownloader | Starting full sync.
2026-10-07 13:16:52.750+00:00 | main | INFO  | FullSyncTargetManager | Unable to find sync target. Currently checking 0 peers for usefulness
2026-10-07 13:16:52.758+00:00 | main | INFO  | Runner | Ethereum main loop is up.
2026-10-07 13:16:52.981+00:00 | nioEventLoopGroup-3-8 | INFO  | FullSyncTargetManager | Unable to find sync target. Currently checking 7 peers for usefulness
2026-10-07 13:16:54.851+00:00 | nioEventLoopGroup-3-6 | INFO  | FullSyncTargetManager | Unable to find sync target. Currently checking 8 peers for usefulness
2026-10-07 13:16:56.750+00:00 | nioEventLoopGroup-3-8 | INFO  | FullSyncTargetManager | Unable to find sync target. Currently checking 9 peers for usefulness
2026-10-07 13:17:00.667+00:00 | nioEventLoopGroup-3-9 | INFO  | FullSyncTargetManager | Unable to find sync target. Currently checking 10 peers for usefulness
2026-10-07 13:17:00.794+00:00 | nioEventLoopGroup-3-1 | INFO  | FullSyncTargetManager | Unable to find sync target. Currently checking 11 peers for usefulness
2026-10-07 13:17:02.846+00:00 | nioEventLoopGroup-3-3 | INFO  | FullSyncTargetManager | Unable to find sync target. Currently checking 12 peers for usefulness
2026-10-07 13:17:05.124+00:00 | nioEventLoopGroup-3-5 | INFO  | FullSyncTargetManager | Unable to find sync target. Currently checking 13 peers for usefulness
2026-10-07 13:17:06.829+00:00 | BftProcessorExecutor-QBFT-0 | INFO  | QbftRound | Importing proposed block to chain. round=ConsensusRoundIdentifier{Sequence=1, Round=1}, hash=0xc8bbee7ab8cf593f65de5039d76551166d4174b96c2a19386da7e53ae413282f
2026-10-07 13:17:06.845+00:00 | EthScheduler-Workers-0 | INFO  | PersistBlockTask | Block 1 (0xc8bbee7ab8cf593f65de5039d76551166d4174b96c2a19386da7e53ae413282f) is already imported
2026-10-07 13:17:06.848+00:00 | BftProcessorExecutor-QBFT-0 | INFO  | QbftBesuControllerBuilder | Imported #1 / 0 tx / 0 pending / 0 (0.0%) gas / (0xc8bbee7ab8cf593f65de5039d76551166d4174b96c2a19386da7e53ae413282f)
2026-10-07 13:17:07.218+00:00 | nioEventLoopGroup-3-7 | INFO  | FullSyncTargetManager | Unable to find sync target. Currently checking 14 peers for usefulness
2026-10-07 13:17:08.149+00:00 | EthScheduler-Workers-0 | INFO  | PersistBlockTask | Imported #2 / 0 tx / 0 om / 0 (0.0%) gas / (0x318ce9b9d03b4bedb818c3bf062b6288ea0b03de30d8b3fc494902cd78376862) in 0.004s. Peers: 14
2026-10-07 13:17:10.173+00:00 | BftProcessorExecutor-QBFT-0 | INFO  | QbftBesuControllerBuilder | Imported #3 / 0 tx / 0 pending / 0 (0.0%) gas / (0x32675771bc11fdefe43f08cc9dfdf6f3bd2e8af9ad93791a6b885177e4463e01)
2026-10-07 13:17:12.155+00:00 | EthScheduler-Workers-0 | INFO  | PersistBlockTask | Imported #4 / 0 tx / 0 om / 0 (0.0%) gas / (0x785f748c119692865449201fd33a4307764d94cfb1a18bd648e95aa17dc00d8b) in 0.003s. Peers: 14
2026-10-07 13:17:12.156+00:00 | BftProcessorExecutor-QBFT-0 | INFO  | QbftBesuControllerBuilder | Imported #4 / 0 tx / 0 pending / 0 (0.0%) gas / (0x785f748c119692865449201fd33a4307764d94cfb1a18bd648e95aa17dc00d8b)
2026-10-07 13:17:14.175+00:00 | BftProcessorExecutor-QBFT-0 | INFO  | QbftBesuControllerBuilder | Imported #5 / 0 tx / 1 pending / 0 (0.0%) gas / (0xf776a2e3b785486c136ddae32226fc104b791f07d6864a5e6b5e292602719981)
2026-10-07 13:17:16.183+00:00 | EthScheduler-Workers-0 | INFO  | PersistBlockTask | Block 6 (0x2e590c15443b8cec08c8b51a3f913b9aa479cb3dddbe50b708000f39a75d20e3) is already imported
2026-10-07 13:17:16.185+00:00 | BftProcessorExecutor-QBFT-0 | INFO  | QbftBesuControllerBuilder | Imported #6 / 0 tx / 1 pending / 0 (0.0%) gas / (0x2e590c15443b8cec08c8b51a3f913b9aa479cb3dddbe50b708000f39a75d20e3)
2026-10-07 13:17:18.187+00:00 | EthScheduler-Workers-0 | INFO  | PersistBlockTask | Block 7 (0x286ed3407c7a339c4889ad90c662c46421d5479d0375c8280fcaf37846a74c6f) is already imported
2026-10-07 13:17:18.188+00:00 | BftProcessorExecutor-QBFT-0 | INFO  | QbftBesuControllerBuilder | Produced #7 / 0 tx / 1 pending / 0 (0.0%) gas / (0x286ed3407c7a339c4889ad90c662c46421d5479d0375c8280fcaf37846a74c6f)
2026-10-07 13:17:20.154+00:00 | BftProcessorExecutor-QBFT-0 | INFO  | QbftBesuControllerBuilder | Imported #8 / 0 tx / 1 pending / 0 (0.0%) gas / (0x3bb82f04877b5540f916619eacda357c905e8cc501816046b4b3c71558c0b969)
2026-10-07 13:17:22.189+00:00 | EthScheduler-Workers-0 | INFO  | PersistBlockTask | Imported #9 / 0 tx / 0 om / 0 (0.0%) gas / (0xe882359b41ea6a5b79fd2fbddef2d3cf1b389fa130dcaead79a882952c289b4d) in 0.003s. Peers: 14
2026-10-07 13:17:24.188+00:00 | BftProcessorExecutor-QBFT-0 | INFO  | QbftBesuControllerBuilder | Imported #10 / 0 tx / 1 pending / 0 (0.0%) gas / (0xd9c865bebc205d7e164a03654ab728ff51c12182c6bfc15d260dfcdd9dbb1e01)
2026-10-07 13:17:26.206+00:00 | BftProcessorExecutor-QBFT-0 | INFO  | QbftBesuControllerBuilder | Imported #11 / 0 tx / 1 pending / 0 (0.0%) gas / (0x47093cc28cbb597a20ef7cba19830d982f27ab2088cc7e6703b364e91fe2a26a)
2026-10-07 13:17:28.158+00:00 | BftProcessorExecutor-QBFT-0 | INFO  | QbftBesuControllerBuilder | Imported #12 / 0 tx / 1 pending / 0 (0.0%) gas / (0x4e9a793be18e02d58b755a01c3c50cc3f19a248a4e8e77bff59a89c078800fe3)
2026-10-07 13:17:30.227+00:00 | EthScheduler-Workers-0 | INFO  | PersistBlockTask | Block 13 (0x54d774e3d59187876f8bb789428f8285c90c1e410fa175e5cab2e458ecd7d87d) is already imported
2026-10-07 13:17:30.228+00:00 | BftProcessorExecutor-QBFT-0 | INFO  | QbftBesuControllerBuilder | Imported #13 / 0 tx / 1 pending / 0 (0.0%) gas / (0x54d774e3d59187876f8bb789428f8285c90c1e410fa175e5cab2e458ecd7d87d)
2026-10-07 13:17:32.132+00:00 | EthScheduler-Workers-0 | INFO  | PersistBlockTask | Imported #14 / 0 tx / 0 om / 0 (0.0%) gas / (0x00a5d5229150b5b4c20eb96f883fb02a7779c8c664777b25e09140afd0d5fcf6) in 0.002s. Peers: 14
2026-10-07 13:17:34.230+00:00 | BftProcessorExecutor-QBFT-0 | INFO  | QbftBesuControllerBuilder | Imported #15 / 1 tx / 0 pending / 465,218 (0.0%) gas / (0xc7962853bd397645dbbac0f38510cc347b668016e881f3b868089ab100caf7be)
2026-10-07 13:17:36.077+00:00 | BftProcessorExecutor-QBFT-0 | INFO  | QbftBesuControllerBuilder | Imported #16 / 0 tx / 1 pending / 0 (0.0%) gas / (0xd731e36d63cedec63ed009619c5401a55d8336e7192b88ee3be9b2a984621adc)
2026-10-07 13:17:38.100+00:00 | BftProcessorExecutor-QBFT-0 | INFO  | QbftBesuControllerBuilder | Imported #17 / 0 tx / 1 pending / 0 (0.0%) gas / (0x7fab530da8ff95030486eefbd89c7d5cf57d718efeb32fb5b3053fe1687f3fd2)
2026-10-07 13:17:40.088+00:00 | BftProcessorExecutor-QBFT-0 | INFO  | QbftBesuControllerBuilder | Imported #18 / 0 tx / 1 pending / 0 (0.0%) gas / (0x27db2191a311f9c300b8d1fd9d126c2b96cb57fc5e092e1283c1c135526adfdf)
2026-10-07 13:17:42.094+00:00 | EthScheduler-Workers-0 | INFO  | PersistBlockTask | Block 19 (0xbd3c0c07dd53913a4eee44f05daeb0580907a1e144fb65f4f7637c057e5b7716) is already imported
2026-10-07 13:17:42.094+00:00 | BftProcessorExecutor-QBFT-0 | INFO  | QbftBesuControllerBuilder | Imported #19 / 0 tx / 1 pending / 0 (0.0%) gas / (0xbd3c0c07dd53913a4eee44f05daeb0580907a1e144fb65f4f7637c057e5b7716)
2026-10-07 13:17:44.090+00:00 | BftProcessorExecutor-QBFT-0 | INFO  | QbftBesuControllerBuilder | Imported #20 / 0 tx / 1 pending / 0 (0.0%) gas / (0xc9bde33e3a688dcb40dfe939784f355135d350a9542c5daf207b39620d2d9d4d)
2026-10-07 13:17:46.109+00:00 | BftProcessorExecutor-QBFT-0 | INFO  | QbftBesuControllerBuilder | Imported #21 / 0 tx / 1 pending / 0 (0.0%) gas / (0xf7ac31940316dd7793260beb99ce6d6eac4b4ddb751800ced5aa0b46082c454c)
2026-10-07 13:17:48.076+00:00 | BftProcessorExecutor-QBFT-0 | INFO  | QbftBesuControllerBuilder | Produced #22 / 0 tx / 1 pending / 0 (0.0%) gas / (0xb103ebe7167d482a531971570c0001941399431831d3b8ca8e5ec1c562de2bf0)
2026-10-07 13:17:50.076+00:00 | BftProcessorExecutor-QBFT-0 | INFO  | QbftBesuControllerBuilder | Imported #23 / 0 tx / 1 pending / 0 (0.0%) gas / (0xf3a4d343171bb0f2d38f8b7bb5b74b97de423950082408fd8efb9385a251ac02)
2026-10-07 13:17:52.088+00:00 | BftProcessorExecutor-QBFT-0 | INFO  | QbftBesuControllerBuilder | Imported #24 / 0 tx / 1 pending / 0 (0.0%) gas / (0x62abbc9dedb1cdc23b5624915f7f3d13d7753757f7804223f0b5b5ecfbaf8ae0)
2026-10-07 13:17:54.105+00:00 | BftProcessorExecutor-QBFT-0 | INFO  | QbftBesuControllerBuilder | Imported #25 / 0 tx / 1 pending / 0 (0.0%) gas / (0xf2d3ca586b165963881490747e71f87d3e91dc7bfdeb2bd7f6e4ee64ef701141)
2026-10-07 13:17:56.108+00:00 | EthScheduler-Workers-0 | INFO  | PersistBlockTask | Block 26 (0x82fdfa91a70b2de1655845b4b2a734f39eafdac2ca5488b97b7b8d6762490c28) is already imported
2026-10-07 13:17:56.108+00:00 | BftProcessorExecutor-QBFT-0 | INFO  | QbftBesuControllerBuilder | Imported #26 / 0 tx / 1 pending / 0 (0.0%) gas / (0x82fdfa91a70b2de1655845b4b2a734f39eafdac2ca5488b97b7b8d6762490c28)
2026-10-07 13:17:58.086+00:00 | BftProcessorExecutor-QBFT-0 | INFO  | QbftBesuControllerBuilder | Imported #27 / 0 tx / 1 pending / 0 (0.0%) gas / (0x8f26f7da727bdbcdf569cd8fbfa32a96f3378219a10c232e27e9c22c7706692b)
2026-10-07 13:18:00.086+00:00 | BftProcessorExecutor-QBFT-0 | INFO  | QbftBesuControllerBuilder | Imported #28 / 0 tx / 1 pending / 0 (0.0%) gas / (0x189d29ecfdb3a4d2895da9a95db779ec9fadc3f706d0a75dee6d547922680549)
2026-10-07 13:18:02.089+00:00 | BftProcessorExecutor-QBFT-0 | INFO  | QbftBesuControllerBuilder | Imported #29 / 0 tx / 1 pending / 0 (0.0%) gas / (0xbfa62349402bb7b0d374cf77b6f8cf2cae6ef156f4397c27de6b05a422681c39)
2026-10-07 13:18:04.188+00:00 | EthScheduler-Workers-0 | INFO  | PersistBlockTask | Block 30 (0x699d20afb0a26178ebb8ee5f6589d2186844171931634b6e343701e2ea8bba3c) is already imported
2026-10-07 13:18:04.188+00:00 | BftProcessorExecutor-QBFT-0 | INFO  | QbftBesuControllerBuilder | Imported #30 / 1 tx / 0 pending / 1,832,981 (0.0%) gas / (0x699d20afb0a26178ebb8ee5f6589d2186844171931634b6e343701e2ea8bba3c)
2026-10-07 13:18:06.073+00:00 | BftProcessorExecutor-QBFT-0 | INFO  | QbftBesuControllerBuilder | Imported #31 / 0 tx / 0 pending / 0 (0.0%) gas / (0x26e77609c54a2e879c315a8e6d36ca7379818e34b7c3cca90f882b170193b7b2)
2026-10-07 13:18:08.074+00:00 | BftProcessorExecutor-QBFT-0 | INFO  | QbftBesuControllerBuilder | Imported #32 / 0 tx / 0 pending / 0 (0.0%) gas / (0x74764464876dd422d84eb7dcd2723ccc43ee48a56b886ba99e0e54b4c2907c3f)
2026-10-07 13:18:10.100+00:00 | BftProcessorExecutor-QBFT-0 | INFO  | QbftBesuControllerBuilder | Imported #33 / 0 tx / 0 pending / 0 (0.0%) gas / (0x376d49a4d34f2c9f1bc6f6877420face8164885f15d348cb6459a92f229457fd)
2026-10-07 13:18:12.109+00:00 | BftProcessorExecutor-QBFT-0 | INFO  | QbftBesuControllerBuilder | Imported #34 / 0 tx / 0 pending / 0 (0.0%) gas / (0x12fb9b913162b718380cd0cb91f954d2ddae943c5f872254b13bf66fc0b24eaf)
2026-10-07 13:18:14.104+00:00 | BftProcessorExecutor-QBFT-0 | INFO  | QbftBesuControllerBuilder | Imported #35 / 0 tx / 0 pending / 0 (0.0%) gas / (0xe837a3b6be2cfa260f616967a5ed01cb11dfb5aaf610e18db87890848f8ba604)
2026-10-07 13:18:16.091+00:00 | BftProcessorExecutor-QBFT-0 | INFO  | QbftBesuControllerBuilder | Imported #36 / 0 tx / 0 pending / 0 (0.0%) gas / (0xa3141fee3a20163114684b1c57ca5ecae246179a137273742e5ee596eaa76755)
2026-10-07 13:18:18.104+00:00 | BftProcessorExecutor-QBFT-0 | INFO  | QbftBesuControllerBuilder | Produced #37 / 0 tx / 0 pending / 0 (0.0%) gas / (0xe31608d89626888b07bf116380f534d3df043d1a3c7bf08a856307add7643a59)
2026-10-07 13:18:20.104+00:00 | BftProcessorExecutor-QBFT-0 | INFO  | QbftBesuControllerBuilder | Imported #38 / 0 tx / 0 pending / 0 (0.0%) gas / (0x26fd21e2b8a08da6bb0f5da77fe3c541cf0db8747dc7d3948ee9fd5fe0d5abe1)
2026-10-07 13:18:22.092+00:00 | BftProcessorExecutor-QBFT-0 | INFO  | QbftBesuControllerBuilder | Imported #39 / 0 tx / 0 pending / 0 (0.0%) gas / (0xbca8b0520664aded8a15b144fbb7efad2d991b70bf34edf3cc07cde6f373a234)
2026-10-07 13:18:24.095+00:00 | BftProcessorExecutor-QBFT-0 | INFO  | QbftBesuControllerBuilder | Imported #40 / 0 tx / 0 pending / 0 (0.0%) gas / (0x1b22efed127a8f88bb0705eef76353b14cd1796a627996e3c3ae51d2f3d3fc71)
2026-10-07 13:18:26.100+00:00 | BftProcessorExecutor-QBFT-0 | INFO  | QbftBesuControllerBuilder | Imported #41 / 0 tx / 0 pending / 0 (0.0%) gas / (0x30803582e49bc683044849889f075c391853c883471bfae422222c6e4f5cb07d)
2026-10-07 13:18:28.100+00:00 | BftProcessorExecutor-QBFT-0 | INFO  | QbftBesuControllerBuilder | Imported #42 / 0 tx / 0 pending / 0 (0.0%) gas / (0x9761c498b167071de9fe97574036a74e62f7be9fa0f5d30a86661ac98ded92aa)
2026-10-07 13:18:30.102+00:00 | BftProcessorExecutor-QBFT-0 | INFO  | QbftBesuControllerBuilder | Imported #43 / 0 tx / 0 pending / 0 (0.0%) gas / (0x79ea4426a016a7f5c6f70b2cfaa8d01f3fd925fa18d1c4b16dc715421aa4323f)
2026-10-07 13:18:32.105+00:00 | BftProcessorExecutor-QBFT-0 | INFO  | QbftBesuControllerBuilder | Imported #44 / 0 tx / 0 pending / 0 (0.0%) gas / (0x69825c4d6e2d3fb104b8bf290ec2a055ecb05514db93baffa7ac09c76a05f469)
2026-10-07 13:18:34.101+00:00 | BftProcessorExecutor-QBFT-0 | INFO  | QbftBesuControllerBuilder | Imported #45 / 0 tx / 0 pending / 0 (0.0%) gas / (0x708e8dbf77f80b0e35a296b9838e98855d403adc12e0777687f03c31a5d43348)
2026-10-07 13:18:36.088+00:00 | BftProcessorExecutor-QBFT-0 | INFO  | QbftBesuControllerBuilder | Imported #46 / 0 tx / 0 pending / 0 (0.0%) gas / (0x4e65c588073460436f05c019967cfca80d639b712c4a980702b81d215c0a4d74)
2026-10-07 13:18:38.092+00:00 | EthScheduler-Workers-0 | INFO  | PersistBlockTask | Block 47 (0x4269cfc2ac5308f60c5db29b3d0c060fcad85b4e9afe32302d6100d047e197ac) is already imported
2026-10-07 13:18:38.093+00:00 | BftProcessorExecutor-QBFT-0 | INFO  | QbftBesuControllerBuilder | Imported #47 / 0 tx / 0 pending / 0 (0.0%) gas / (0x4269cfc2ac5308f60c5db29b3d0c060fcad85b4e9afe32302d6100d047e197ac)
2026-10-07 13:18:40.105+00:00 | BftProcessorExecutor-QBFT-0 | INFO  | QbftBesuControllerBuilder | Imported #48 / 0 tx / 0 pending / 0 (0.0%) gas / (0x6660f9c307f3707e60c59357f4116bff0d7a91b6875458a86964ae76c58b163b)
2026-10-07 13:18:42.086+00:00 | EthScheduler-Workers-0 | INFO  | PersistBlockTask | Block 49 (0xa9d9e8eacc38736e3d206de773b616b80fc0c3a0f09320578e5071ea44d74634) is already imported
2026-10-07 13:18:42.086+00:00 | BftProcessorExecutor-QBFT-0 | INFO  | QbftBesuControllerBuilder | Imported #49 / 0 tx / 0 pending / 0 (0.0%) gas / (0xa9d9e8eacc38736e3d206de773b616b80fc0c3a0f09320578e5071ea44d74634)
2026-10-07 13:18:44.089+00:00 | BftProcessorExecutor-QBFT-0 | INFO  | QbftBesuControllerBuilder | Imported #50 / 0 tx / 0 pending / 0 (0.0%) gas / (0x778c13a32ca708bb65dfb528468a088cce263bc9d0c7f1d0a48a4af6e7d6ceab)
2026-10-07 13:18:46.091+00:00 | EthScheduler-Workers-0 | INFO  | PersistBlockTask | Block 51 (0xf75c16aea419ab5ee74151278d6e5415d7b4bdb505214af21db7e50db2a19be1) is already imported
2026-10-07 13:18:46.093+00:00 | BftProcessorExecutor-QBFT-0 | INFO  | QbftBesuControllerBuilder | Imported #51 / 0 tx / 0 pending / 0 (0.0%) gas / (0xf75c16aea419ab5ee74151278d6e5415d7b4bdb505214af21db7e50db2a19be1)
2026-10-07 13:18:48.097+00:00 | BftProcessorExecutor-QBFT-0 | INFO  | QbftBesuControllerBuilder | Produced #52 / 0 tx / 0 pending / 0 (0.0%) gas / (0x630a1c6c7fb5df74228e57702b6ada8aef4ff6ac745c69acc9d7b8ec8bb7dd1f)
2026-10-07 13:18:48.097+00:00 | EthScheduler-Workers-0 | INFO  | PersistBlockTask | Block 52 (0x630a1c6c7fb5df74228e57702b6ada8aef4ff6ac745c69acc9d7b8ec8bb7dd1f) is already imported
2026-10-07 13:18:50.091+00:00 | EthScheduler-Workers-0 | INFO  | PersistBlockTask | Imported #53 / 0 tx / 0 om / 0 (0.0%) gas / (0xce0844681af6a96d06fe95bc50fe581fd15af2c11f9c4e920e7cc229ab055ff3) in 0.002s. Peers: 14
2026-10-07 13:18:50.091+00:00 | BftProcessorExecutor-QBFT-0 | INFO  | QbftBesuControllerBuilder | Imported #53 / 0 tx / 0 pending / 0 (0.0%) gas / (0xce0844681af6a96d06fe95bc50fe581fd15af2c11f9c4e920e7cc229ab055ff3)
2026-10-07 13:18:52.090+00:00 | BftProcessorExecutor-QBFT-0 | INFO  | QbftBesuControllerBuilder | Imported #54 / 0 tx / 0 pending / 0 (0.0%) gas / (0xf5ffecf2dc4a538a0e498308f7afca91632307638d83341b1cd361a9a2af00cd)
2026-10-07 13:18:54.092+00:00 | EthScheduler-Workers-0 | INFO  | PersistBlockTask | Block 55 (0x0cd79a845b89569b3222b1113b22f5f19893d234a33f88ebd27c9f9115f44e8d) is already imported
2026-10-07 13:18:54.092+00:00 | BftProcessorExecutor-QBFT-0 | INFO  | QbftBesuControllerBuilder | Imported #55 / 0 tx / 0 pending / 0 (0.0%) gas / (0x0cd79a845b89569b3222b1113b22f5f19893d234a33f88ebd27c9f9115f44e8d)
2026-10-07 13:18:56.097+00:00 | EthScheduler-Workers-0 | INFO  | PersistBlockTask | Block 56 (0x9fd0ed98fa8d7c91fc3eaedf200c41bccc189375406dd0faa9b435eb2dbf2ebd) is already imported
2026-10-07 13:18:56.097+00:00 | BftProcessorExecutor-QBFT-0 | INFO  | QbftBesuControllerBuilder | Imported #56 / 0 tx / 0 pending / 0 (0.0%) gas / (0x9fd0ed98fa8d7c91fc3eaedf200c41bccc189375406dd0faa9b435eb2dbf2ebd)
2026-10-07 13:18:58.076+00:00 | BftProcessorExecutor-QBFT-0 | INFO  | QbftBesuControllerBuilder | Imported #57 / 0 tx / 0 pending / 0 (0.0%) gas / (0xd7c4e1e125b40871b6a1141919ad2d78c077b03e4e8159bf828977c1dbd16c3b)
2026-10-07 13:19:00.094+00:00 | BftProcessorExecutor-QBFT-0 | INFO  | QbftBesuControllerBuilder | Imported #58 / 0 tx / 0 pending / 0 (0.0%) gas / (0x08ae1fa11e2df31f1ae3ce182276010e1c96e5bc64d3af8768dfd70a73d8af42)
2026-10-07 13:19:02.096+00:00 | EthScheduler-Workers-0 | INFO  | PersistBlockTask | Imported #59 / 0 tx / 0 om / 0 (0.0%) gas / (0xc329e2a0430a82be6c534cf4165229327675374d961200da8a2739d90acca88a) in 0.003s. Peers: 14
2026-10-07 13:19:04.104+00:00 | EthScheduler-Workers-0 | INFO  | PersistBlockTask | Block 60 (0x967cc22fbe63d6b69c18a9552f4f72ec20d6a779f9241b1559163ab5a4b502c1) is already imported
2026-10-07 13:19:04.104+00:00 | BftProcessorExecutor-QBFT-0 | INFO  | QbftBesuControllerBuilder | Imported #60 / 0 tx / 0 pending / 0 (0.0%) gas / (0x967cc22fbe63d6b69c18a9552f4f72ec20d6a779f9241b1559163ab5a4b502c1)
2026-10-07 13:19:06.091+00:00 | EthScheduler-Workers-0 | INFO  | PersistBlockTask | Block 61 (0x233f459f90061872f94c9fd3ecb87352784427752ca82082fede4bde42d74369) is already imported
2026-10-07 13:19:06.092+00:00 | BftProcessorExecutor-QBFT-0 | INFO  | QbftBesuControllerBuilder | Imported #61 / 0 tx / 0 pending / 0 (0.0%) gas / (0x233f459f90061872f94c9fd3ecb87352784427752ca82082fede4bde42d74369)
2026-10-07 13:19:08.062+00:00 | BftProcessorExecutor-QBFT-0 | INFO  | QbftBesuControllerBuilder | Imported #62 / 0 tx / 0 pending / 0 (0.0%) gas / (0xcfbc55ed0c31fa737e85fe3a0e5d4cdabb36f6e2323d200fb7f33a6b9124b394)
2026-10-07 13:19:10.087+00:00 | BftProcessorExecutor-QBFT-0 | INFO  | QbftBesuControllerBuilder | Imported #63 / 0 tx / 0 pending / 0 (0.0%) gas / (0x329aa1a4408209c09b53d74685984fef4c3386470213fc810168e2057b1b9c08)
2026-10-07 13:19:12.086+00:00 | BftProcessorExecutor-QBFT-0 | INFO  | QbftBesuControllerBuilder | Imported #64 / 0 tx / 0 pending / 0 (0.0%) gas / (0x15f73fdba0b01c96d3e4814109032c45d1ebdc115bbd9c65068bd247e1f99249)
2026-10-07 13:19:14.089+00:00 | BftProcessorExecutor-QBFT-0 | INFO  | QbftBesuControllerBuilder | Imported #65 / 0 tx / 0 pending / 0 (0.0%) gas / (0x19fbbaec695645360a9eb820979fe7664c5969d0ef7ac4f113c9739e526ac0fa)
2026-10-07 13:19:16.100+00:00 | BftProcessorExecutor-QBFT-0 | INFO  | QbftBesuControllerBuilder | Imported #66 / 0 tx / 0 pending / 0 (0.0%) gas / (0x060645b280b29d86cacbe91b7026623bcc7b1771d8b8f4301b055c1e801371dd)
2026-10-07 13:19:16.100+00:00 | EthScheduler-Workers-0 | INFO  | PersistBlockTask | Block 66 (0x060645b280b29d86cacbe91b7026623bcc7b1771d8b8f4301b055c1e801371dd) is already imported
2026-10-07 13:19:18.072+00:00 | BftProcessorExecutor-QBFT-0 | INFO  | QbftBesuControllerBuilder | Produced #67 / 0 tx / 0 pending / 0 (0.0%) gas / (0xa3ab9e6d5c027cbfdb8e614098dee0ae103b7e10a04fa23294a2d6e36c6f15d8)
2026-10-07 13:19:20.093+00:00 | BftProcessorExecutor-QBFT-0 | INFO  | QbftBesuControllerBuilder | Imported #68 / 0 tx / 0 pending / 0 (0.0%) gas / (0x1ccf1b7899b26a039c03edcd118ab7ee35d8897b03e3c94c58b5da6708e65624)
2026-10-07 13:19:20.095+00:00 | EthScheduler-Workers-0 | INFO  | PersistBlockTask | Block 68 (0x1ccf1b7899b26a039c03edcd118ab7ee35d8897b03e3c94c58b5da6708e65624) is already imported
2026-10-07 13:19:22.083+00:00 | BftProcessorExecutor-QBFT-0 | INFO  | QbftBesuControllerBuilder | Imported #69 / 0 tx / 0 pending / 0 (0.0%) gas / (0xbc62b1670feec04fcc94f70adc137e05fed9fb7ee50285be0b8a6f93088d6196)
2026-10-07 13:19:24.095+00:00 | BftProcessorExecutor-QBFT-0 | INFO  | QbftBesuControllerBuilder | Imported #70 / 0 tx / 0 pending / 0 (0.0%) gas / (0x6c95d415f9b5c1a00a97afac4e612d5c8809b269ac50bb9d1f2950894dea9840)
2026-10-07 13:19:24.096+00:00 | EthScheduler-Workers-0 | INFO  | PersistBlockTask | Block 70 (0x6c95d415f9b5c1a00a97afac4e612d5c8809b269ac50bb9d1f2950894dea9840) is already imported
2026-10-07 13:19:26.073+00:00 | BftProcessorExecutor-QBFT-0 | INFO  | QbftBesuControllerBuilder | Imported #71 / 0 tx / 0 pending / 0 (0.0%) gas / (0xae763e89a545db0a092ee3112a7a163f4077535d084d68067344a05d5fc8fbeb)
2026-10-07 13:19:28.094+00:00 | BftProcessorExecutor-QBFT-0 | INFO  | QbftBesuControllerBuilder | Imported #72 / 0 tx / 0 pending / 0 (0.0%) gas / (0xa043a4d04c639f48ad36eede7c1a5df6e67dd90c240654e7dc47b84354f980d9)
2026-10-07 13:19:30.092+00:00 | EthScheduler-Workers-0 | INFO  | PersistBlockTask | Block 73 (0xfd9f4d82c61653b0b4cdf3fe4cdb494034b7ecf23d639d26506211814b99bab0) is already imported
2026-10-07 13:19:30.092+00:00 | BftProcessorExecutor-QBFT-0 | INFO  | QbftBesuControllerBuilder | Imported #73 / 0 tx / 0 pending / 0 (0.0%) gas / (0xfd9f4d82c61653b0b4cdf3fe4cdb494034b7ecf23d639d26506211814b99bab0)
2026-10-07 13:19:32.108+00:00 | EthScheduler-Workers-0 | INFO  | PersistBlockTask | Block 74 (0x8b741c9bbeade8d39c9be6d74e9e7d637b2fad5444288c46b911ea0f3aea6fb2) is already imported
2026-10-07 13:19:32.109+00:00 | BftProcessorExecutor-QBFT-0 | INFO  | QbftBesuControllerBuilder | Imported #74 / 0 tx / 0 pending / 0 (0.0%) gas / (0x8b741c9bbeade8d39c9be6d74e9e7d637b2fad5444288c46b911ea0f3aea6fb2)
2026-10-07 13:19:34.089+00:00 | BftProcessorExecutor-QBFT-0 | INFO  | QbftBesuControllerBuilder | Imported #75 / 0 tx / 0 pending / 0 (0.0%) gas / (0xfd3fa64a2e803c5c8d85d5cd733fdbeb54d71e8912394244d155c45dab03855e)
2026-10-07 13:19:36.734+00:00 | EthScheduler-Workers-0 | INFO  | PersistBlockTask | Block 76 (0x0bfb47c32fffd942753f413b2596ed25b561499e7a7f9e5182ae6d34e76a3b12) is already imported
2026-10-07 13:19:36.736+00:00 | BftProcessorExecutor-QBFT-0 | INFO  | QbftBesuControllerBuilder | Imported #76 / 20 tx / 573 pending / 4,839,400 (0.0%) gas / (0x0bfb47c32fffd942753f413b2596ed25b561499e7a7f9e5182ae6d34e76a3b12)
2026-10-07 13:19:39.487+00:00 | BftProcessorExecutor-QBFT-0 | INFO  | QbftBesuControllerBuilder | Imported #77 / 64 tx / 1337 pending / 15,486,080 (0.0%) gas / (0xbca14c2445b705cd1e588869321f5a25c1206332344953db3f3ffc9d7dcb4e3d)
2026-10-07 13:19:41.842+00:00 | EthScheduler-Workers-0 | INFO  | PersistBlockTask | Block 78 (0x34c2c83652088101febf02f69836f4b346dbffafdd6a6478d02876043fc35998) is already imported
2026-10-07 13:19:41.846+00:00 | BftProcessorExecutor-QBFT-0 | INFO  | QbftBesuControllerBuilder | Imported #78 / 110 tx / 2135 pending / 26,616,700 (0.0%) gas / (0x34c2c83652088101febf02f69836f4b346dbffafdd6a6478d02876043fc35998)
2026-10-07 13:19:44.527+00:00 | BftProcessorExecutor-QBFT-0 | INFO  | QbftBesuControllerBuilder | Imported #79 / 161 tx / 2900 pending / 38,957,170 (0.0%) gas / (0x43556a3998f44981b4a1a10fc44af084f30f1accb414a145f11ea57707359915)
2026-10-07 13:19:47.812+00:00 | BftProcessorExecutor-QBFT-0 | INFO  | QbftBesuControllerBuilder | Imported #80 / 219 tx / 3874 pending / 52,991,430 (0.0%) gas / (0x2e52b94e7ef24f4366b34fa27210d09604d343cfaf89f5f97b212be3cf46f409)
2026-10-07 13:19:52.146+00:00 | BftProcessorExecutor-QBFT-0 | INFO  | QbftBesuControllerBuilder | Imported #81 / 297 tx / 5127 pending / 71,865,090 (0.0%) gas / (0x4049820a30f92b27851367b24457a201f8ce689ee150e3e8934721a40f9a416d)
2026-10-07 13:19:53.654+00:00 | BftProcessorExecutor-QBFT-0 | WARN  | BlockTransactionSelector | Interrupting the selection of transactions for block inclusion as it exceeds the maximum configured duration of 1500ms
java.util.concurrent.TimeoutException
	at java.base/java.util.concurrent.CompletableFuture.timedGet(CompletableFuture.java:1960)
	at java.base/java.util.concurrent.CompletableFuture.get(CompletableFuture.java:2095)
	at org.hyperledger.besu.ethereum.blockcreation.txselection.BlockTransactionSelector.timeLimitedSelection(BlockTransactionSelector.java:186)
	at org.hyperledger.besu.ethereum.blockcreation.txselection.BlockTransactionSelector.buildTransactionListForBlock(BlockTransactionSelector.java:169)
	at org.hyperledger.besu.ethereum.blockcreation.AbstractBlockCreator.selectTransactions(AbstractBlockCreator.java:376)
	at org.hyperledger.besu.ethereum.blockcreation.AbstractBlockCreator.createBlock(AbstractBlockCreator.java:218)
	at org.hyperledger.besu.ethereum.blockcreation.AbstractBlockCreator.createBlock(AbstractBlockCreator.java:146)
	at org.hyperledger.besu.consensus.common.bft.blockcreation.BftBlockCreator.createBlock(BftBlockCreator.java:92)
	at org.hyperledger.besu.consensus.qbft.statemachine.QbftRound.createAndSendProposalMessage(QbftRound.java:137)
	at org.hyperledger.besu.consensus.qbft.statemachine.QbftBlockHeightManager.handleBlockTimerExpiry(QbftBlockHeightManager.java:140)
	at org.hyperledger.besu.consensus.common.bft.statemachine.BaseBftController.handleBlockTimerExpiry(BaseBftController.java:167)
	at org.hyperledger.besu.consensus.common.bft.EventMultiplexer.handleBftEvent(EventMultiplexer.java:65)
	at java.base/java.util.Optional.ifPresent(Optional.java:178)
	at org.hyperledger.besu.consensus.common.bft.BftProcessor.run(BftProcessor.java:65)
	at java.base/java.util.concurrent.ThreadPoolExecutor.runWorker(ThreadPoolExecutor.java:1144)
	at java.base/java.util.concurrent.ThreadPoolExecutor$Worker.run(ThreadPoolExecutor.java:642)
	at java.base/java.lang.Thread.run(Thread.java:1583)
2026-10-07 13:19:56.542+00:00 | EthScheduler-Workers-0 | INFO  | PersistBlockTask | Block 82 (0xfed1a1dced1815d6dc4fa5a77c6a61b5694fffae01929ecd6179d5dfe907a7ec) is already imported
2026-10-07 13:19:56.547+00:00 | BftProcessorExecutor-QBFT-0 | INFO  | QbftBesuControllerBuilder | Produced #82 / 297 tx / 6404 pending / 71,865,090 (0.0%) gas / (0xfed1a1dced1815d6dc4fa5a77c6a61b5694fffae01929ecd6179d5dfe907a7ec)
2026-10-07 13:20:01.081+00:00 | EthScheduler-Workers-0 | INFO  | PersistBlockTask | Block 83 (0xbd04212964e305ebc96e01416c1b10bde85c4417b1f4d63b7e72faac7c0dc066) is already imported
2026-10-07 13:20:01.085+00:00 | BftProcessorExecutor-QBFT-0 | INFO  | QbftBesuControllerBuilder | Imported #83 / 318 tx / 7728 pending / 76,946,460 (0.0%) gas / (0xbd04212964e305ebc96e01416c1b10bde85c4417b1f4d63b7e72faac7c0dc066)
2026-10-07 13:20:05.767+00:00 | EthScheduler-Workers-0 | INFO  | PersistBlockTask | Block 84 (0x7bd8a8a082e11fc2561272e7671857999c9d6b43d514bcadc484bec47cbb4ad8) is already imported
2026-10-07 13:20:05.778+00:00 | BftProcessorExecutor-QBFT-0 | INFO  | QbftBesuControllerBuilder | Imported #84 / 336 tx / 9099 pending / 81,301,920 (0.0%) gas / (0x7bd8a8a082e11fc2561272e7671857999c9d6b43d514bcadc484bec47cbb4ad8)
2026-10-07 13:20:10.302+00:00 | EthScheduler-Workers-0 | INFO  | PersistBlockTask | Block 85 (0x20daeeaa54ce59b4459e1066434d1ce24a61d79cfcb3bd24702c87a6bcbd4873) is already imported
2026-10-07 13:20:10.306+00:00 | BftProcessorExecutor-QBFT-0 | INFO  | QbftBesuControllerBuilder | Imported #85 / 318 tx / 10331 pending / 76,946,460 (0.0%) gas / (0x20daeeaa54ce59b4459e1066434d1ce24a61d79cfcb3bd24702c87a6bcbd4873)
2026-10-07 13:20:15.017+00:00 | EthScheduler-Workers-0 | INFO  | PersistBlockTask | Block 86 (0xcb98bc76ba5e11023c3aea6b4538de1faaf17d9e852ccf4754361424203e1f15) is already imported
2026-10-07 13:20:15.021+00:00 | BftProcessorExecutor-QBFT-0 | INFO  | QbftBesuControllerBuilder | Imported #86 / 347 tx / 11785 pending / 83,963,590 (0.0%) gas / (0xcb98bc76ba5e11023c3aea6b4538de1faaf17d9e852ccf4754361424203e1f15)
2026-10-07 13:20:19.670+00:00 | EthScheduler-Workers-0 | INFO  | PersistBlockTask | Block 87 (0x960096a23f4dec482add113cd2df223c4b28af84f91aa0f80fb18d89c7e405f2) is already imported
2026-10-07 13:20:19.675+00:00 | BftProcessorExecutor-QBFT-0 | INFO  | QbftBesuControllerBuilder | Imported #87 / 333 tx / 13243 pending / 80,576,010 (0.0%) gas / (0x960096a23f4dec482add113cd2df223c4b28af84f91aa0f80fb18d89c7e405f2)
2026-10-07 13:20:24.346+00:00 | EthScheduler-Workers-0 | INFO  | PersistBlockTask | Block 88 (0x8838d680ca38b609f08d1acd3f9aef5938856eb48a7e61d8d77b97b134b8788d) is already imported
2026-10-07 13:20:24.352+00:00 | BftProcessorExecutor-QBFT-0 | INFO  | QbftBesuControllerBuilder | Imported #88 / 355 tx / 13209 pending / 85,899,350 (0.0%) gas / (0x8838d680ca38b609f08d1acd3f9aef5938856eb48a7e61d8d77b97b134b8788d)
2026-10-07 13:20:29.018+00:00 | EthScheduler-Workers-0 | INFO  | PersistBlockTask | Block 89 (0x62d73fdbb2e8b3a8aaf34ca10ca513417ffc99ecf62ca5ea078c53d372c29fee) is already imported
2026-10-07 13:20:29.022+00:00 | BftProcessorExecutor-QBFT-0 | INFO  | QbftBesuControllerBuilder | Imported #89 / 340 tx / 12869 pending / 82,269,800 (0.0%) gas / (0x62d73fdbb2e8b3a8aaf34ca10ca513417ffc99ecf62ca5ea078c53d372c29fee)
2026-10-07 13:20:33.633+00:00 | BftProcessorExecutor-QBFT-0 | INFO  | QbftBesuControllerBuilder | Imported #90 / 341 tx / 12528 pending / 82,511,770 (0.0%) gas / (0x166ecec48ce98c8cc2e78319fd1507792eca4519e9a8cb854dd320e6ac87d842)
2026-10-07 13:20:38.285+00:00 | BftProcessorExecutor-QBFT-0 | INFO  | QbftBesuControllerBuilder | Imported #91 / 342 tx / 12186 pending / 82,753,740 (0.0%) gas / (0xe6f2c3f3f97749fb929919503e81ea1a1c944b431efb01a2eb6fab18c5208021)
2026-10-07 13:20:42.843+00:00 | EthScheduler-Workers-0 | INFO  | PersistBlockTask | Block 92 (0xd1556cc977e03bec461a9bee6d66d68ed18ad12ad4862f28dbee1fb8f70f4c1f) is already imported
2026-10-07 13:20:42.861+00:00 | BftProcessorExecutor-QBFT-0 | INFO  | QbftBesuControllerBuilder | Imported #92 / 331 tx / 11855 pending / 80,092,070 (0.0%) gas / (0xd1556cc977e03bec461a9bee6d66d68ed18ad12ad4862f28dbee1fb8f70f4c1f)
2026-10-07 13:20:47.523+00:00 | EthScheduler-Workers-0 | INFO  | PersistBlockTask | Block 93 (0x738c8b9d69497cd6598998d04bf5bb8269024b3dde34e1b5295829806e2f5ee8) is already imported
2026-10-07 13:20:47.530+00:00 | BftProcessorExecutor-QBFT-0 | INFO  | QbftBesuControllerBuilder | Imported #93 / 344 tx / 11511 pending / 83,237,680 (0.0%) gas / (0x738c8b9d69497cd6598998d04bf5bb8269024b3dde34e1b5295829806e2f5ee8)
2026-10-07 13:20:52.261+00:00 | BftProcessorExecutor-QBFT-0 | INFO  | QbftBesuControllerBuilder | Imported #94 / 347 tx / 11164 pending / 83,963,590 (0.0%) gas / (0xdaa309357d52d8a1b1eec4132d48afa7d6f87f97cc10694134644c3545125cd5)
2026-10-07 13:20:57.051+00:00 | EthScheduler-Workers-0 | INFO  | PersistBlockTask | Block 95 (0x808912c462e95599ce6ffbc18630862f3f75c23142d31dad3f1fbad106e9dceb) is already imported
2026-10-07 13:20:57.058+00:00 | BftProcessorExecutor-QBFT-0 | INFO  | QbftBesuControllerBuilder | Imported #95 / 350 tx / 10814 pending / 84,689,500 (0.0%) gas / (0x808912c462e95599ce6ffbc18630862f3f75c23142d31dad3f1fbad106e9dceb)
2026-10-07 13:21:01.644+00:00 | EthScheduler-Workers-0 | INFO  | PersistBlockTask | Block 96 (0x9e81942322e6ee89e706862d8276724409ec2cd4297b78395affa0dd58c91707) is already imported
2026-10-07 13:21:01.649+00:00 | BftProcessorExecutor-QBFT-0 | INFO  | QbftBesuControllerBuilder | Imported #96 / 340 tx / 10474 pending / 82,269,800 (0.0%) gas / (0x9e81942322e6ee89e706862d8276724409ec2cd4297b78395affa0dd58c91707)
2026-10-07 13:21:03.154+00:00 | BftProcessorExecutor-QBFT-0 | WARN  | BlockTransactionSelector | Interrupting the selection of transactions for block inclusion as it exceeds the maximum configured duration of 1500ms
java.util.concurrent.TimeoutException
	at java.base/java.util.concurrent.CompletableFuture.timedGet(CompletableFuture.java:1960)
	at java.base/java.util.concurrent.CompletableFuture.get(CompletableFuture.java:2095)
	at org.hyperledger.besu.ethereum.blockcreation.txselection.BlockTransactionSelector.timeLimitedSelection(BlockTransactionSelector.java:186)
	at org.hyperledger.besu.ethereum.blockcreation.txselection.BlockTransactionSelector.buildTransactionListForBlock(BlockTransactionSelector.java:169)
	at org.hyperledger.besu.ethereum.blockcreation.AbstractBlockCreator.selectTransactions(AbstractBlockCreator.java:376)
	at org.hyperledger.besu.ethereum.blockcreation.AbstractBlockCreator.createBlock(AbstractBlockCreator.java:218)
	at org.hyperledger.besu.ethereum.blockcreation.AbstractBlockCreator.createBlock(AbstractBlockCreator.java:146)
	at org.hyperledger.besu.consensus.common.bft.blockcreation.BftBlockCreator.createBlock(BftBlockCreator.java:92)
	at org.hyperledger.besu.consensus.qbft.statemachine.QbftRound.createAndSendProposalMessage(QbftRound.java:137)
	at org.hyperledger.besu.consensus.qbft.statemachine.QbftBlockHeightManager.handleBlockTimerExpiry(QbftBlockHeightManager.java:140)
	at org.hyperledger.besu.consensus.common.bft.statemachine.BaseBftController.handleBlockTimerExpiry(BaseBftController.java:167)
	at org.hyperledger.besu.consensus.common.bft.EventMultiplexer.handleBftEvent(EventMultiplexer.java:65)
	at java.base/java.util.Optional.ifPresent(Optional.java:178)
	at org.hyperledger.besu.consensus.common.bft.BftProcessor.run(BftProcessor.java:65)
	at java.base/java.util.concurrent.ThreadPoolExecutor.runWorker(ThreadPoolExecutor.java:1144)
	at java.base/java.util.concurrent.ThreadPoolExecutor$Worker.run(ThreadPoolExecutor.java:642)
	at java.base/java.lang.Thread.run(Thread.java:1583)
2026-10-07 13:21:06.381+00:00 | EthScheduler-Workers-0 | INFO  | PersistBlockTask | Block 97 (0x88e53ceb395639265131c5cfafc3316deac028afe280743b80cfe0df1ec8f0fc) is already imported
2026-10-07 13:21:06.386+00:00 | BftProcessorExecutor-QBFT-0 | INFO  | QbftBesuControllerBuilder | Produced #97 / 345 tx / 10129 pending / 83,479,650 (0.0%) gas / (0x88e53ceb395639265131c5cfafc3316deac028afe280743b80cfe0df1ec8f0fc)
2026-10-07 13:21:10.915+00:00 | BftProcessorExecutor-QBFT-0 | INFO  | QbftBesuControllerBuilder | Imported #98 / 334 tx / 9795 pending / 80,817,980 (0.0%) gas / (0xd2fa28604a5256da5af97a0d1d5c575de2d4c253012d05c34bdc282a604bdb81)
2026-10-07 13:21:15.472+00:00 | EthScheduler-Workers-0 | INFO  | PersistBlockTask | Block 99 (0xcba055e0799cfa05cdd8df9d2695fbcfdf76f11db73fc7489a1a8de980b48ee4) is already imported
2026-10-07 13:21:15.477+00:00 | BftProcessorExecutor-QBFT-0 | INFO  | QbftBesuControllerBuilder | Imported #99 / 333 tx / 9462 pending / 80,576,010 (0.0%) gas / (0xcba055e0799cfa05cdd8df9d2695fbcfdf76f11db73fc7489a1a8de980b48ee4)
2026-10-07 13:21:20.184+00:00 | EthScheduler-Workers-0 | INFO  | PersistBlockTask | Block 100 (0x681b3ebffb8f5d5fff814d0723c9053638236c54b21cc8a64495474ed5fed4fc) is already imported
2026-10-07 13:21:20.194+00:00 | BftProcessorExecutor-QBFT-0 | INFO  | QbftBesuControllerBuilder | Imported #100 / 343 tx / 9119 pending / 82,995,710 (0.0%) gas / (0x681b3ebffb8f5d5fff814d0723c9053638236c54b21cc8a64495474ed5fed4fc)
2026-10-07 13:21:24.906+00:00 | EthScheduler-Workers-0 | INFO  | PersistBlockTask | Block 101 (0x2274aa77b4551ad26ec70f56f46e1fc09d1fdb3d7dc7bdc75aa8c512c609e5c5) is already imported
2026-10-07 13:21:24.912+00:00 | BftProcessorExecutor-QBFT-0 | INFO  | QbftBesuControllerBuilder | Imported #101 / 346 tx / 8773 pending / 83,721,620 (0.0%) gas / (0x2274aa77b4551ad26ec70f56f46e1fc09d1fdb3d7dc7bdc75aa8c512c609e5c5)
2026-10-07 13:21:29.612+00:00 | BftProcessorExecutor-QBFT-0 | INFO  | QbftBesuControllerBuilder | Imported #102 / 345 tx / 8428 pending / 83,479,650 (0.0%) gas / (0x17934925c10b8863e396e191cf0347abe30f0bcf4d79ffbc058eb37a00491fb6)
2026-10-07 13:21:34.553+00:00 | EthScheduler-Workers-0 | INFO  | PersistBlockTask | Block 103 (0xe06521b22228648dbb1b5885db64be10cc1dd3b7d5790214b434c9b56e69860d) is already imported
2026-10-07 13:21:34.558+00:00 | BftProcessorExecutor-QBFT-0 | INFO  | QbftBesuControllerBuilder | Imported #103 / 374 tx / 8054 pending / 90,496,780 (0.0%) gas / (0xe06521b22228648dbb1b5885db64be10cc1dd3b7d5790214b434c9b56e69860d)
2026-10-07 13:21:39.236+00:00 | EthScheduler-Workers-0 | INFO  | PersistBlockTask | Block 104 (0xdecedf8f64a331ca74331f6419946c33226e2fbf862110b43c898a34d036765f) is already imported
2026-10-07 13:21:39.236+00:00 | BftProcessorExecutor-QBFT-0 | INFO  | QbftBesuControllerBuilder | Imported #104 / 346 tx / 8054 pending / 83,721,620 (0.0%) gas / (0xdecedf8f64a331ca74331f6419946c33226e2fbf862110b43c898a34d036765f)
2026-10-07 13:21:44.138+00:00 | EthScheduler-Workers-0 | INFO  | PersistBlockTask | Block 105 (0x526f40cf71e41ae2fa55e8eaf3adf0a05d40023639c20b97c724a60fc31d2fbd) is already imported
2026-10-07 13:21:44.142+00:00 | BftProcessorExecutor-QBFT-0 | INFO  | QbftBesuControllerBuilder | Imported #105 / 370 tx / 7338 pending / 89,528,900 (0.0%) gas / (0x526f40cf71e41ae2fa55e8eaf3adf0a05d40023639c20b97c724a60fc31d2fbd)
2026-10-07 13:21:49.028+00:00 | EthScheduler-Workers-0 | INFO  | PersistBlockTask | Block 106 (0x93baa3eeb655b66a387d54eda164250dfa69d555aea5406f3fa4673bc447f162) is already imported
2026-10-07 13:21:49.033+00:00 | BftProcessorExecutor-QBFT-0 | INFO  | QbftBesuControllerBuilder | Imported #106 / 368 tx / 6970 pending / 89,044,960 (0.0%) gas / (0x93baa3eeb655b66a387d54eda164250dfa69d555aea5406f3fa4673bc447f162)
2026-10-07 13:21:53.526+00:00 | EthScheduler-Workers-0 | INFO  | PersistBlockTask | Block 107 (0x6d4277c3f1a19e045cc45781c82d87c34d52181cbe7ba5e922384c00abfbe083) is already imported
2026-10-07 13:21:53.547+00:00 | BftProcessorExecutor-QBFT-0 | INFO  | QbftBesuControllerBuilder | Imported #107 / 328 tx / 6642 pending / 79,366,160 (0.0%) gas / (0x6d4277c3f1a19e045cc45781c82d87c34d52181cbe7ba5e922384c00abfbe083)
2026-10-07 13:21:58.227+00:00 | EthScheduler-Workers-0 | INFO  | PersistBlockTask | Block 108 (0xebbfd97bdab78c7c966ade028e14e23c909ae71c9be6150dd411270b0045d65c) is already imported
2026-10-07 13:21:58.231+00:00 | BftProcessorExecutor-QBFT-0 | INFO  | QbftBesuControllerBuilder | Imported #108 / 346 tx / 6296 pending / 83,721,620 (0.0%) gas / (0xebbfd97bdab78c7c966ade028e14e23c909ae71c9be6150dd411270b0045d65c)
2026-10-07 13:22:03.080+00:00 | EthScheduler-Workers-0 | INFO  | PersistBlockTask | Block 109 (0x5146d83742a140c513ddc8b1a121858a3dff436a12d17693ef781281e31e9013) is already imported
2026-10-07 13:22:03.084+00:00 | BftProcessorExecutor-QBFT-0 | INFO  | QbftBesuControllerBuilder | Imported #109 / 371 tx / 5925 pending / 89,770,870 (0.0%) gas / (0x5146d83742a140c513ddc8b1a121858a3dff436a12d17693ef781281e31e9013)
2026-10-07 13:22:07.615+00:00 | EthScheduler-Workers-0 | INFO  | PersistBlockTask | Block 110 (0x6cd81387e59f930a5bac2553888b72987a27daa636ca999958a4e3394f9757a9) is already imported
2026-10-07 13:22:07.617+00:00 | BftProcessorExecutor-QBFT-0 | INFO  | QbftBesuControllerBuilder | Imported #110 / 324 tx / 5601 pending / 78,398,280 (0.0%) gas / (0x6cd81387e59f930a5bac2553888b72987a27daa636ca999958a4e3394f9757a9)
2026-10-07 13:22:12.215+00:00 | EthScheduler-Workers-0 | INFO  | PersistBlockTask | Block 111 (0xbbec4f1c8797a2b9ff493b234c7d852fec9a5cfd2830e52675799ea335210181) is already imported
2026-10-07 13:22:12.220+00:00 | BftProcessorExecutor-QBFT-0 | INFO  | QbftBesuControllerBuilder | Imported #111 / 344 tx / 5257 pending / 83,237,680 (0.0%) gas / (0xbbec4f1c8797a2b9ff493b234c7d852fec9a5cfd2830e52675799ea335210181)
2026-10-07 13:22:13.724+00:00 | BftProcessorExecutor-QBFT-0 | WARN  | BlockTransactionSelector | Interrupting the selection of transactions for block inclusion as it exceeds the maximum configured duration of 1500ms
java.util.concurrent.TimeoutException
	at java.base/java.util.concurrent.CompletableFuture.timedGet(CompletableFuture.java:1960)
	at java.base/java.util.concurrent.CompletableFuture.get(CompletableFuture.java:2095)
	at org.hyperledger.besu.ethereum.blockcreation.txselection.BlockTransactionSelector.timeLimitedSelection(BlockTransactionSelector.java:186)
	at org.hyperledger.besu.ethereum.blockcreation.txselection.BlockTransactionSelector.buildTransactionListForBlock(BlockTransactionSelector.java:169)
	at org.hyperledger.besu.ethereum.blockcreation.AbstractBlockCreator.selectTransactions(AbstractBlockCreator.java:376)
	at org.hyperledger.besu.ethereum.blockcreation.AbstractBlockCreator.createBlock(AbstractBlockCreator.java:218)
	at org.hyperledger.besu.ethereum.blockcreation.AbstractBlockCreator.createBlock(AbstractBlockCreator.java:146)
	at org.hyperledger.besu.consensus.common.bft.blockcreation.BftBlockCreator.createBlock(BftBlockCreator.java:92)
	at org.hyperledger.besu.consensus.qbft.statemachine.QbftRound.createAndSendProposalMessage(QbftRound.java:137)
	at org.hyperledger.besu.consensus.qbft.statemachine.QbftBlockHeightManager.handleBlockTimerExpiry(QbftBlockHeightManager.java:140)
	at org.hyperledger.besu.consensus.common.bft.statemachine.BaseBftController.handleBlockTimerExpiry(BaseBftController.java:167)
	at org.hyperledger.besu.consensus.common.bft.EventMultiplexer.handleBftEvent(EventMultiplexer.java:65)
	at java.base/java.util.Optional.ifPresent(Optional.java:178)
	at org.hyperledger.besu.consensus.common.bft.BftProcessor.run(BftProcessor.java:65)
	at java.base/java.util.concurrent.ThreadPoolExecutor.runWorker(ThreadPoolExecutor.java:1144)
	at java.base/java.util.concurrent.ThreadPoolExecutor$Worker.run(ThreadPoolExecutor.java:642)
	at java.base/java.lang.Thread.run(Thread.java:1583)
2026-10-07 13:22:17.159+00:00 | EthScheduler-Workers-0 | INFO  | PersistBlockTask | Block 112 (0xad57a246e94668d5d095c3d2d2d676963d38a54e46f27a09899bd5c36129772b) is already imported
2026-10-07 13:22:17.161+00:00 | BftProcessorExecutor-QBFT-0 | INFO  | QbftBesuControllerBuilder | Produced #112 / 372 tx / 4885 pending / 90,012,840 (0.0%) gas / (0xad57a246e94668d5d095c3d2d2d676963d38a54e46f27a09899bd5c36129772b)
2026-10-07 13:22:21.899+00:00 | EthScheduler-Workers-0 | INFO  | PersistBlockTask | Block 113 (0x1ea0cefd061016564908382ca736b1268c1049de14690abccfd6cd57e3dc1f3b) is already imported
2026-10-07 13:22:21.905+00:00 | BftProcessorExecutor-QBFT-0 | INFO  | QbftBesuControllerBuilder | Imported #113 / 345 tx / 4540 pending / 83,479,650 (0.0%) gas / (0x1ea0cefd061016564908382ca736b1268c1049de14690abccfd6cd57e3dc1f3b)
2026-10-07 13:22:26.845+00:00 | EthScheduler-Workers-0 | INFO  | PersistBlockTask | Block 114 (0xbf632c99e564cc207746fb8b3cbe768b60a260dfb35a4279b38266ed6c540183) is already imported
2026-10-07 13:22:26.849+00:00 | BftProcessorExecutor-QBFT-0 | INFO  | QbftBesuControllerBuilder | Imported #114 / 375 tx / 4165 pending / 90,738,750 (0.0%) gas / (0xbf632c99e564cc207746fb8b3cbe768b60a260dfb35a4279b38266ed6c540183)
2026-10-07 13:22:31.593+00:00 | EthScheduler-Workers-0 | INFO  | PersistBlockTask | Block 115 (0x235f58b6d3e3ef3449b738c52476c7c1585a6f3a8fa6ebc34643087b7846a1a7) is already imported
2026-10-07 13:22:31.596+00:00 | BftProcessorExecutor-QBFT-0 | INFO  | QbftBesuControllerBuilder | Imported #115 / 348 tx / 3817 pending / 84,205,560 (0.0%) gas / (0x235f58b6d3e3ef3449b738c52476c7c1585a6f3a8fa6ebc34643087b7846a1a7)
2026-10-07 13:22:36.108+00:00 | EthScheduler-Workers-0 | INFO  | PersistBlockTask | Block 116 (0x1c3d808ec2894c39c9524c1261b11c1b2b5fdbab8539ecd5a9bfa8d8bf7d125b) is already imported
2026-10-07 13:22:36.110+00:00 | BftProcessorExecutor-QBFT-0 | INFO  | QbftBesuControllerBuilder | Imported #116 / 329 tx / 3488 pending / 79,608,130 (0.0%) gas / (0x1c3d808ec2894c39c9524c1261b11c1b2b5fdbab8539ecd5a9bfa8d8bf7d125b)
2026-10-07 13:22:40.769+00:00 | BftProcessorExecutor-QBFT-0 | INFO  | QbftBesuControllerBuilder | Imported #117 / 344 tx / 3144 pending / 83,237,680 (0.0%) gas / (0xa7f202d15bb899d40bae7acf491e8a37e6409d92dbb2839eaef02960e29e3093)
2026-10-07 13:22:45.478+00:00 | EthScheduler-Workers-0 | INFO  | PersistBlockTask | Block 118 (0xd61088255918ef3cd2abdddc694093a7ab633ccac667835813243c10af69fa67) is already imported
2026-10-07 13:22:45.482+00:00 | BftProcessorExecutor-QBFT-0 | INFO  | QbftBesuControllerBuilder | Imported #118 / 360 tx / 2784 pending / 87,109,200 (0.0%) gas / (0xd61088255918ef3cd2abdddc694093a7ab633ccac667835813243c10af69fa67)
2026-10-07 13:22:50.124+00:00 | EthScheduler-Workers-0 | INFO  | PersistBlockTask | Block 119 (0x8b0fd2b5eeaf3fd5c2a5272b4dd3437b494efcb33a5e184ba49d6eac7a8fa738) is already imported
2026-10-07 13:22:50.129+00:00 | BftProcessorExecutor-QBFT-0 | INFO  | QbftBesuControllerBuilder | Imported #119 / 348 tx / 2436 pending / 84,205,560 (0.0%) gas / (0x8b0fd2b5eeaf3fd5c2a5272b4dd3437b494efcb33a5e184ba49d6eac7a8fa738)
2026-10-07 13:22:54.823+00:00 | EthScheduler-Workers-0 | INFO  | PersistBlockTask | Block 120 (0xf06652aadbfe66b6e5c82bbef8db87fef9711a288adaf9a3bc5ef7f86f0d8882) is already imported
2026-10-07 13:22:54.825+00:00 | BftProcessorExecutor-QBFT-0 | INFO  | QbftBesuControllerBuilder | Imported #120 / 348 tx / 2088 pending / 84,205,560 (0.0%) gas / (0xf06652aadbfe66b6e5c82bbef8db87fef9711a288adaf9a3bc5ef7f86f0d8882)
2026-10-07 13:22:59.586+00:00 | EthScheduler-Workers-0 | INFO  | PersistBlockTask | Block 121 (0x53438b0d92020a83e0982a8f2aa5ddbe9086516b014f674fdf989a431584a20a) is already imported
2026-10-07 13:22:59.590+00:00 | BftProcessorExecutor-QBFT-0 | INFO  | QbftBesuControllerBuilder | Imported #121 / 368 tx / 1720 pending / 89,044,960 (0.0%) gas / (0x53438b0d92020a83e0982a8f2aa5ddbe9086516b014f674fdf989a431584a20a)
2026-10-07 13:23:04.302+00:00 | EthScheduler-Workers-0 | INFO  | PersistBlockTask | Block 122 (0x0815008c74be1e616e178e6c4e6d7dd3bff11aaf04259b307b3fdd6fa498f9f6) is already imported
2026-10-07 13:23:04.305+00:00 | BftProcessorExecutor-QBFT-0 | INFO  | QbftBesuControllerBuilder | Imported #122 / 349 tx / 1371 pending / 84,447,530 (0.0%) gas / (0x0815008c74be1e616e178e6c4e6d7dd3bff11aaf04259b307b3fdd6fa498f9f6)
2026-10-07 13:23:08.301+00:00 | BftProcessorExecutor-QBFT-0 | INFO  | QbftBesuControllerBuilder | Imported #123 / 298 tx / 1073 pending / 72,107,060 (0.0%) gas / (0x1737224477ba0d628fe0b0e31f14e74b6b0a87aaf1a7df8f0c978d2bcaeb78a2)
2026-10-07 13:23:11.211+00:00 | EthScheduler-Workers-0 | INFO  | PersistBlockTask | Block 124 (0x6f23b899bffad1eb9c5a0c8a3e1f336daaf58adc2dd8eadec41e7ae6fdef98af) is already imported
2026-10-07 13:23:11.215+00:00 | BftProcessorExecutor-QBFT-0 | INFO  | QbftBesuControllerBuilder | Imported #124 / 219 tx / 854 pending / 52,991,430 (0.0%) gas / (0x6f23b899bffad1eb9c5a0c8a3e1f336daaf58adc2dd8eadec41e7ae6fdef98af)
2026-10-07 13:23:13.825+00:00 | BftProcessorExecutor-QBFT-0 | INFO  | QbftBesuControllerBuilder | Imported #125 / 197 tx / 657 pending / 47,668,090 (0.0%) gas / (0x442db6affa0cde59b0835b52143496d6c677a6c47b65fa09a165a01016da7e3a)
2026-10-07 13:23:15.310+00:00 | EthScheduler-Workers-0 | INFO  | PersistBlockTask | Block 126 (0xb7ba4517fe003fbcf2700d15b891ad2a2a235b589ceb1285b74158b61abceadc) is already imported
2026-10-07 13:23:15.316+00:00 | BftProcessorExecutor-QBFT-0 | INFO  | QbftBesuControllerBuilder | Imported #126 / 109 tx / 548 pending / 26,374,730 (0.0%) gas / (0xb7ba4517fe003fbcf2700d15b891ad2a2a235b589ceb1285b74158b61abceadc)
2026-10-07 13:23:17.126+00:00 | EthScheduler-Workers-0 | INFO  | PersistBlockTask | Block 127 (0x5fa48055132b6a9e612459c985d3c923d1896274d8c56dc4d3c85886b808f7e4) is already imported
2026-10-07 13:23:17.126+00:00 | BftProcessorExecutor-QBFT-0 | INFO  | QbftBesuControllerBuilder | Produced #127 / 76 tx / 472 pending / 18,389,720 (0.0%) gas / (0x5fa48055132b6a9e612459c985d3c923d1896274d8c56dc4d3c85886b808f7e4)
2026-10-07 13:23:19.333+00:00 | BftProcessorExecutor-QBFT-0 | INFO  | QbftBesuControllerBuilder | Imported #128 / 93 tx / 379 pending / 22,503,210 (0.0%) gas / (0x7757e13b32639d6de6f50687e2362b8155a054fa5ec9906a655d82acd9b2bc22)
2026-10-07 13:23:19.332+00:00 | EthScheduler-Workers-0 | INFO  | PersistBlockTask | Block 128 (0x7757e13b32639d6de6f50687e2362b8155a054fa5ec9906a655d82acd9b2bc22) is already imported
2026-10-07 13:23:20.675+00:00 | BftProcessorExecutor-QBFT-0 | INFO  | QbftBesuControllerBuilder | Imported #129 / 45 tx / 334 pending / 10,888,650 (0.0%) gas / (0xf16e9c9965e07d8c1e07e0de433f2433bf9a9b9d2ea810dbc0372ae7ed7a6a58)
2026-10-07 13:23:23.165+00:00 | BftProcessorExecutor-QBFT-0 | INFO  | QbftBesuControllerBuilder | Imported #130 / 80 tx / 254 pending / 19,357,600 (0.0%) gas / (0x2abb0aeba7e3fd6c348d177978f60023487c54780b73e08340d50630694ab1b4)
2026-10-07 13:23:24.959+00:00 | BftProcessorExecutor-QBFT-0 | INFO  | QbftBesuControllerBuilder | Imported #131 / 67 tx / 187 pending / 16,211,990 (0.0%) gas / (0x50193bcb3424ac0a269fde653ad2a9c630f4443e0d0c6f089f6e1ca6d2ab6289)
2026-10-07 13:23:26.985+00:00 | BftProcessorExecutor-QBFT-0 | INFO  | QbftBesuControllerBuilder | Imported #132 / 67 tx / 120 pending / 16,211,990 (0.0%) gas / (0x2c7323e16da752b8b2e604c2835f6773fd290a9c6d52bb5203850a53c49f34d4)
2026-10-07 13:23:28.080+00:00 | BftProcessorExecutor-QBFT-0 | INFO  | QbftBesuControllerBuilder | Imported #133 / 0 tx / 120 pending / 0 (0.0%) gas / (0xf1bc9537289c19491236adcbc539be1d815ad7d3176e2263f76a960efa6cb82d)
2026-10-07 13:23:28.081+00:00 | EthScheduler-Workers-0 | INFO  | PersistBlockTask | Block 133 (0xf1bc9537289c19491236adcbc539be1d815ad7d3176e2263f76a960efa6cb82d) is already imported
2026-10-07 13:23:30.916+00:00 | BftProcessorExecutor-QBFT-0 | INFO  | QbftBesuControllerBuilder | Imported #134 / 55 tx / 65 pending / 13,308,350 (0.0%) gas / (0xc6d9ac2065249209bf17dcf7c709a692279b2283ad5d600fbdddce4d9ba37089)
2026-10-07 13:23:32.635+00:00 | EthScheduler-Workers-0 | INFO  | PersistBlockTask | Block 135 (0x297bb982c9517da7b1f052bf7a6772b56b42a38af4182671ea1df52a4ca8867c) is already imported
2026-10-07 13:23:32.635+00:00 | BftProcessorExecutor-QBFT-0 | INFO  | QbftBesuControllerBuilder | Imported #135 / 39 tx / 26 pending / 9,436,830 (0.0%) gas / (0x297bb982c9517da7b1f052bf7a6772b56b42a38af4182671ea1df52a4ca8867c)
2026-10-07 13:23:34.073+00:00 | BftProcessorExecutor-QBFT-0 | INFO  | QbftBesuControllerBuilder | Imported #136 / 0 tx / 26 pending / 0 (0.0%) gas / (0x9802cd9a85f2c992e9288c764620768b4d6e04eb12e6945eb2c193a631577c06)
2026-10-07 13:23:36.521+00:00 | BftProcessorExecutor-QBFT-0 | INFO  | QbftBesuControllerBuilder | Imported #137 / 26 tx / 0 pending / 6,291,220 (0.0%) gas / (0xa67806e8ae3aec1f012429e6550666568795a90b8cadb65bde583919a5465f61)
2026-10-07 13:23:38.083+00:00 | BftProcessorExecutor-QBFT-0 | INFO  | QbftBesuControllerBuilder | Imported #138 / 0 tx / 0 pending / 0 (0.0%) gas / (0x8462a4912cac71d43fa221ce4a13ef90ed396d4ed612a8f847d776f90ba261e1)
2026-10-07 13:23:40.090+00:00 | BftProcessorExecutor-QBFT-0 | INFO  | QbftBesuControllerBuilder | Imported #139 / 0 tx / 0 pending / 0 (0.0%) gas / (0x0e0de8ea073ca453fea933fcf3c83e6d30682fcf902b4594da6a00745eeb7c30)
2026-10-07 13:23:40.092+00:00 | EthScheduler-Workers-0 | INFO  | PersistBlockTask | Block 139 (0x0e0de8ea073ca453fea933fcf3c83e6d30682fcf902b4594da6a00745eeb7c30) is already imported
2026-10-07 13:23:42.094+00:00 | BftProcessorExecutor-QBFT-0 | INFO  | QbftBesuControllerBuilder | Imported #140 / 0 tx / 0 pending / 0 (0.0%) gas / (0x50c4f6229edd55b8ad527fc7397a2fd3d8da0e73afee838b8b08d079f40bdf3d)
2026-10-07 13:23:44.095+00:00 | BftProcessorExecutor-QBFT-0 | INFO  | QbftBesuControllerBuilder | Imported #141 / 0 tx / 0 pending / 0 (0.0%) gas / (0xc566eb60aa52fb7e2810c6a5e4d5c6553daaf6064728e93ff0356cff9755c82a)
2026-10-07 13:23:46.076+00:00 | BftProcessorExecutor-QBFT-0 | INFO  | QbftBesuControllerBuilder | Produced #142 / 0 tx / 0 pending / 0 (0.0%) gas / (0x513dedf330d1291eed8098e4bcc436381a621f5a591dab22c06a5124a70e93aa)
2026-10-07 13:23:48.091+00:00 | BftProcessorExecutor-QBFT-0 | INFO  | QbftBesuControllerBuilder | Imported #143 / 0 tx / 0 pending / 0 (0.0%) gas / (0x5f09fcfb603addb3469adde07f7c18204ef003b8c6dc4bc5186ac38902303901)
2026-10-07 13:23:50.096+00:00 | BftProcessorExecutor-QBFT-0 | INFO  | QbftBesuControllerBuilder | Imported #144 / 0 tx / 0 pending / 0 (0.0%) gas / (0x476b22d4f1f8778d6d7c1cb2a229944fdf20153138e5fcec95e611287c21448a)
2026-10-07 13:23:50.098+00:00 | EthScheduler-Workers-0 | INFO  | PersistBlockTask | Block 144 (0x476b22d4f1f8778d6d7c1cb2a229944fdf20153138e5fcec95e611287c21448a) is already imported
2026-10-07 13:23:52.090+00:00 | BftProcessorExecutor-QBFT-0 | INFO  | QbftBesuControllerBuilder | Imported #145 / 0 tx / 0 pending / 0 (0.0%) gas / (0x2c888d8bafea641138c1c57f796b8058c9aa378d165a5764f27de1b7dcabe412)
2026-10-07 13:23:54.093+00:00 | BftProcessorExecutor-QBFT-0 | INFO  | QbftBesuControllerBuilder | Imported #146 / 0 tx / 0 pending / 0 (0.0%) gas / (0x18b0779a2af312d043a3d2f2b6bfa488d353c61084239dbbba25d5e7395e263a)
2026-10-07 13:23:56.092+00:00 | BftProcessorExecutor-QBFT-0 | INFO  | QbftBesuControllerBuilder | Imported #147 / 0 tx / 0 pending / 0 (0.0%) gas / (0xb3fcd0760753cb4ee033b242c9ba2b28b46f386b5dea4bc9b2363f618db3848e)
2026-10-07 13:23:58.093+00:00 | EthScheduler-Workers-0 | INFO  | PersistBlockTask | Block 148 (0x53b87572997edc1d62d00807790b52d4dfe536e4383ad5e25fdb1f944e51da7a) is already imported
2026-10-07 13:23:58.094+00:00 | BftProcessorExecutor-QBFT-0 | INFO  | QbftBesuControllerBuilder | Imported #148 / 0 tx / 0 pending / 0 (0.0%) gas / (0x53b87572997edc1d62d00807790b52d4dfe536e4383ad5e25fdb1f944e51da7a)
2026-10-07 13:24:00.091+00:00 | BftProcessorExecutor-QBFT-0 | INFO  | QbftBesuControllerBuilder | Imported #149 / 0 tx / 0 pending / 0 (0.0%) gas / (0x5f9eee0e6875f48271a9d9734264ba5cca24c3a05face5348291487cd3f1c59e)
2026-10-07 13:24:02.108+00:00 | BftProcessorExecutor-QBFT-0 | INFO  | QbftBesuControllerBuilder | Imported #150 / 0 tx / 0 pending / 0 (0.0%) gas / (0xc4dccb05677cc236e7c8533c0ec53df6d2daac2ee7bb6bc8a067384e4191cb96)
2026-10-07 13:24:04.093+00:00 | BftProcessorExecutor-QBFT-0 | INFO  | QbftBesuControllerBuilder | Imported #151 / 0 tx / 0 pending / 0 (0.0%) gas / (0x1d6b62716c15fa27bb8dfe4713fd331e88d8b7eb7d5b73c648a596d52127baf6)
2026-10-07 13:24:06.091+00:00 | BftProcessorExecutor-QBFT-0 | INFO  | QbftBesuControllerBuilder | Imported #152 / 0 tx / 0 pending / 0 (0.0%) gas / (0x5a272008ca64c65a56bcf5d6c405fdd282b8f1688bf4c4f4119311cf8abe6b8e)
2026-10-07 13:24:08.090+00:00 | BftProcessorExecutor-QBFT-0 | INFO  | QbftBesuControllerBuilder | Imported #153 / 0 tx / 0 pending / 0 (0.0%) gas / (0xd6074ad11433b42f0dabb68fcbe36d64d0e9a4da4aaae212c0981e56e4dfd04e)
2026-10-07 13:24:10.094+00:00 | BftProcessorExecutor-QBFT-0 | INFO  | QbftBesuControllerBuilder | Imported #154 / 0 tx / 0 pending / 0 (0.0%) gas / (0x016ec7f1fec3e3e92eb4d5870f637680028a45627d0576e4287982aadfdf8752)
2026-10-07 13:24:12.078+00:00 | BftProcessorExecutor-QBFT-0 | INFO  | QbftBesuControllerBuilder | Imported #155 / 0 tx / 0 pending / 0 (0.0%) gas / (0xa522a20dfffb2c9cb9337e90e091c5738d1a96da98d945c16c99ff29a9ebdd6e)
2026-10-07 13:24:14.090+00:00 | BftProcessorExecutor-QBFT-0 | INFO  | QbftBesuControllerBuilder | Imported #156 / 0 tx / 0 pending / 0 (0.0%) gas / (0x3c268c9f5dabcd76301d4cb6e728f5283eed9dc6862c7a90c40b2df99286dfae)
2026-10-07 13:24:16.098+00:00 | BftProcessorExecutor-QBFT-0 | INFO  | QbftBesuControllerBuilder | Produced #157 / 0 tx / 0 pending / 0 (0.0%) gas / (0x28ed32e5de5061e1ba4f9be992def8dfad38ec05d340345ba702a38ea6722ea0)
2026-10-07 13:24:18.094+00:00 | BftProcessorExecutor-QBFT-0 | INFO  | QbftBesuControllerBuilder | Imported #158 / 0 tx / 0 pending / 0 (0.0%) gas / (0xab0baa39526b1d4724a025745fd4b6a9a22e3dccc70aa71e1285ffa7901f8358)
2026-10-07 13:24:20.106+00:00 | BftProcessorExecutor-QBFT-0 | INFO  | QbftBesuControllerBuilder | Imported #159 / 0 tx / 0 pending / 0 (0.0%) gas / (0xbb82d8a36453a8d1a934baaaf2fd85bdf7fc1f074335d3c0d2fa95c02c020fb3)
2026-10-07 13:24:22.096+00:00 | BftProcessorExecutor-QBFT-0 | INFO  | QbftBesuControllerBuilder | Imported #160 / 0 tx / 0 pending / 0 (0.0%) gas / (0x37cf1979b2bae69109b2e644187ab9c200372b177b72d1a84cdc628da97aad12)
2026-10-07 13:24:24.095+00:00 | BftProcessorExecutor-QBFT-0 | INFO  | QbftBesuControllerBuilder | Imported #161 / 0 tx / 0 pending / 0 (0.0%) gas / (0x96cf3a0f57751211d51cb2736b6daa36f6e05d9f86ddd7d7dc259a565693323f)
2026-10-07 13:24:26.096+00:00 | BftProcessorExecutor-QBFT-0 | INFO  | QbftBesuControllerBuilder | Imported #162 / 0 tx / 0 pending / 0 (0.0%) gas / (0x917800aec387da36818623305d84bbf6cb179cc5182ade26d09bdfe5d31e1663)
2026-10-07 13:24:28.098+00:00 | BftProcessorExecutor-QBFT-0 | INFO  | QbftBesuControllerBuilder | Imported #163 / 0 tx / 0 pending / 0 (0.0%) gas / (0xa66cbcbe1fa95704295c5bfdafbaae70f05f72ddfd79ecee0e7de860961eddf5)
2026-10-07 13:24:30.095+00:00 | BftProcessorExecutor-QBFT-0 | INFO  | QbftBesuControllerBuilder | Imported #164 / 0 tx / 0 pending / 0 (0.0%) gas / (0x507cf6894682e59ff08996aa5d1a8dbc88fae9cc1bcc8dfc991def2512b657b3)
2026-10-07 13:24:32.087+00:00 | BftProcessorExecutor-QBFT-0 | INFO  | QbftBesuControllerBuilder | Imported #165 / 0 tx / 0 pending / 0 (0.0%) gas / (0x3facdcc301ceca90a233a8c2dcf96447e629eed07cc313613e27928766555a29)
2026-10-07 13:24:34.097+00:00 | BftProcessorExecutor-QBFT-0 | INFO  | QbftBesuControllerBuilder | Imported #166 / 0 tx / 0 pending / 0 (0.0%) gas / (0x95ef8d16eced41a4ff5386f3c84d587e8ee68fcc3288dca6e13be45261702b13)
2026-10-07 13:24:36.100+00:00 | BftProcessorExecutor-QBFT-0 | INFO  | QbftBesuControllerBuilder | Imported #167 / 0 tx / 0 pending / 0 (0.0%) gas / (0xd80b3dca31b28ffffe73586e55cbda5d9630820e06f941735be188c0df4c200f)
2026-10-07 13:24:38.080+00:00 | BftProcessorExecutor-QBFT-0 | INFO  | QbftBesuControllerBuilder | Imported #168 / 0 tx / 0 pending / 0 (0.0%) gas / (0x45453e287dd1c830704ced6cdfd2dde5e5f0856bb3d6b840f7ad5aca01b2c480)
2026-10-07 13:24:40.097+00:00 | BftProcessorExecutor-QBFT-0 | INFO  | QbftBesuControllerBuilder | Imported #169 / 0 tx / 0 pending / 0 (0.0%) gas / (0x6560d22b7279d508668da97a21c123694db60100bcab5ff486d5e38d2669d84e)
2026-10-07 13:24:42.099+00:00 | BftProcessorExecutor-QBFT-0 | INFO  | QbftBesuControllerBuilder | Imported #170 / 0 tx / 0 pending / 0 (0.0%) gas / (0x979e9c90707fd5e1756b190d4a3c17461a1b868664f08964789cf53d6ebdbb80)
2026-10-07 13:24:44.096+00:00 | BftProcessorExecutor-QBFT-0 | INFO  | QbftBesuControllerBuilder | Imported #171 / 0 tx / 0 pending / 0 (0.0%) gas / (0x02aea5e1292a6171d74d6f05c875f289dae2b54c6a9442119fd54cbf75c42baa)
2026-10-07 13:24:46.091+00:00 | BftProcessorExecutor-QBFT-0 | INFO  | QbftBesuControllerBuilder | Produced #172 / 0 tx / 0 pending / 0 (0.0%) gas / (0x8493331f7779bc4c1f647ec3de992e3b2dbc715e725a82cb27e7418f3cb7eb2f)
2026-10-07 13:24:48.089+00:00 | BftProcessorExecutor-QBFT-0 | INFO  | QbftBesuControllerBuilder | Imported #173 / 0 tx / 0 pending / 0 (0.0%) gas / (0x60557f84e7ad164fd0459c0a4807225e0145dd42bc8b127a544d3e3c97e41c95)
2026-10-07 13:24:50.088+00:00 | BftProcessorExecutor-QBFT-0 | INFO  | QbftBesuControllerBuilder | Imported #174 / 0 tx / 0 pending / 0 (0.0%) gas / (0x50fd1e363b3e451c830b3fc62ff433a4b01c97715d078708770d37cd793cf73f)
2026-10-07 13:24:52.073+00:00 | BftProcessorExecutor-QBFT-0 | INFO  | QbftBesuControllerBuilder | Imported #175 / 0 tx / 0 pending / 0 (0.0%) gas / (0x19ae222d54747603e82ca2adc12efd855fde00ef47624274a28ce84d783b8336)
2026-10-07 13:24:54.097+00:00 | EthScheduler-Workers-0 | INFO  | PersistBlockTask | Block 176 (0x9ad37f249b839d377931f9f865b7db9a593eaf7635395674a20aba2fed703790) is already imported
2026-10-07 13:24:54.097+00:00 | BftProcessorExecutor-QBFT-0 | INFO  | QbftBesuControllerBuilder | Imported #176 / 0 tx / 0 pending / 0 (0.0%) gas / (0x9ad37f249b839d377931f9f865b7db9a593eaf7635395674a20aba2fed703790)
2026-10-07 13:24:56.095+00:00 | BftProcessorExecutor-QBFT-0 | INFO  | QbftBesuControllerBuilder | Imported #177 / 0 tx / 8 pending / 0 (0.0%) gas / (0xd854408be4724e1b3b05e0dd0a25eaa7c74ff21ee4b267ef171deeaffc4dd26a)
2026-10-07 13:24:58.096+00:00 | BftProcessorExecutor-QBFT-0 | INFO  | QbftBesuControllerBuilder | Imported #178 / 0 tx / 8 pending / 0 (0.0%) gas / (0x2bc70c52e5cf4721e205f742aef86aa199c9d4a11fbb3327ea918566b40abe03)
2026-10-07 13:25:00.083+00:00 | BftProcessorExecutor-QBFT-0 | INFO  | QbftBesuControllerBuilder | Imported #179 / 0 tx / 8 pending / 0 (0.0%) gas / (0x674518943ff59c8c155bd5ed86faa0d68e5b96f2b959978254b700f39da868c6)
2026-10-07 13:25:02.097+00:00 | BftProcessorExecutor-QBFT-0 | INFO  | QbftBesuControllerBuilder | Imported #180 / 1 tx / 7 pending / 153,618 (0.0%) gas / (0x3fb803e5a9d5524bd934c86bc4cb3b0a6b6eeaab743d04a443b59349d8f79581)
2026-10-07 13:25:04.077+00:00 | BftProcessorExecutor-QBFT-0 | INFO  | QbftBesuControllerBuilder | Imported #181 / 1 tx / 6 pending / 153,630 (0.0%) gas / (0x22d11f1fabafe2b155e35ff657e86936558d1b89528365539027e6a8522b9f34)
2026-10-07 13:25:06.087+00:00 | BftProcessorExecutor-QBFT-0 | INFO  | QbftBesuControllerBuilder | Imported #182 / 1 tx / 6 pending / 153,630 (0.0%) gas / (0x498b1681fb7b1427eef8c0b9518572f01f6c1297b683264bbcb9130183acb069)
2026-10-07 13:25:08.072+00:00 | BftProcessorExecutor-QBFT-0 | INFO  | QbftBesuControllerBuilder | Imported #183 / 1 tx / 4 pending / 153,650 (0.0%) gas / (0x53489333e0d263c68eb7577a8d14f1a13ec7f0be7f33b8cf999b724137671229)
2026-10-07 13:25:10.115+00:00 | EthScheduler-Workers-0 | INFO  | PersistBlockTask | Block 184 (0x57c80fda9232cfe7740ff20f6ebc26ca62d4132e3226a1b6b5680c7777e1730b) is already imported
2026-10-07 13:25:10.116+00:00 | BftProcessorExecutor-QBFT-0 | INFO  | QbftBesuControllerBuilder | Imported #184 / 1 tx / 3 pending / 153,630 (0.0%) gas / (0x57c80fda9232cfe7740ff20f6ebc26ca62d4132e3226a1b6b5680c7777e1730b)
2026-10-07 13:25:12.106+00:00 | EthScheduler-Workers-0 | INFO  | PersistBlockTask | Block 185 (0x6bf10a4f80544d96916b24a6596133e77fb41fd6486e9852f2a94a788c2d59db) is already imported
2026-10-07 13:25:12.107+00:00 | BftProcessorExecutor-QBFT-0 | INFO  | QbftBesuControllerBuilder | Imported #185 / 1 tx / 2 pending / 153,650 (0.0%) gas / (0x6bf10a4f80544d96916b24a6596133e77fb41fd6486e9852f2a94a788c2d59db)
2026-10-07 13:25:14.104+00:00 | BftProcessorExecutor-QBFT-0 | INFO  | QbftBesuControllerBuilder | Imported #186 / 1 tx / 1 pending / 153,626 (0.0%) gas / (0x8e437d8079c4fdf02f860417d8842b335a89478feb12cb7e937688a324d1caf5)
2026-10-07 13:25:16.102+00:00 | BftProcessorExecutor-QBFT-0 | INFO  | QbftBesuControllerBuilder | Produced #187 / 1 tx / 0 pending / 153,650 (0.0%) gas / (0x53b0f1b2cb85d5345e5747a46b32e36199c9021704b7c8aaf3b7e5040bdc76a2)
2026-10-07 13:25:16.103+00:00 | EthScheduler-Workers-0 | INFO  | PersistBlockTask | Block 187 (0x53b0f1b2cb85d5345e5747a46b32e36199c9021704b7c8aaf3b7e5040bdc76a2) is already imported
2026-10-07 13:25:18.101+00:00 | EthScheduler-Workers-0 | INFO  | PersistBlockTask | Block 188 (0xeefc7f6d0ad6d5dada21360b7cc5d85913e3366fc3f1a38ddc62e88d4bae4bcc) is already imported
2026-10-07 13:25:18.101+00:00 | BftProcessorExecutor-QBFT-0 | INFO  | QbftBesuControllerBuilder | Imported #188 / 0 tx / 0 pending / 0 (0.0%) gas / (0xeefc7f6d0ad6d5dada21360b7cc5d85913e3366fc3f1a38ddc62e88d4bae4bcc)
2026-10-07 13:25:20.089+00:00 | BftProcessorExecutor-QBFT-0 | INFO  | QbftBesuControllerBuilder | Imported #189 / 0 tx / 0 pending / 0 (0.0%) gas / (0x44d58916c5375b8b42902d4a5769e5532287ab012bcbc2aedfc32e45248c0a6c)
2026-10-07 13:25:22.085+00:00 | BftProcessorExecutor-QBFT-0 | INFO  | QbftBesuControllerBuilder | Imported #190 / 0 tx / 0 pending / 0 (0.0%) gas / (0x8d68c1a0f8db7dcaa959b2b7825c06ca3eaf3c3447295cc3017c7e99224087bd)
2026-10-07 13:25:22.089+00:00 | EthScheduler-Workers-0 | INFO  | PersistBlockTask | Block 190 (0x8d68c1a0f8db7dcaa959b2b7825c06ca3eaf3c3447295cc3017c7e99224087bd) is already imported
2026-10-07 13:25:24.086+00:00 | BftProcessorExecutor-QBFT-0 | INFO  | QbftBesuControllerBuilder | Imported #191 / 0 tx / 0 pending / 0 (0.0%) gas / (0x6d731f6eac5ca82d019f1e96321e558408cc4e1e4c959d07207e0ef0c6181f13)
2026-10-07 13:25:26.081+00:00 | EthScheduler-Workers-0 | INFO  | PersistBlockTask | Imported #192 / 0 tx / 0 om / 0 (0.0%) gas / (0x2683d37621a8e9e3c23eae477c896758519c82a3144f433e9e4936beb671ea07) in 0.001s. Peers: 14
2026-10-07 13:25:26.082+00:00 | BftProcessorExecutor-QBFT-0 | INFO  | QbftBesuControllerBuilder | Imported #192 / 0 tx / 0 pending / 0 (0.0%) gas / (0x2683d37621a8e9e3c23eae477c896758519c82a3144f433e9e4936beb671ea07)
2026-10-07 13:25:28.079+00:00 | BftProcessorExecutor-QBFT-0 | INFO  | QbftBesuControllerBuilder | Imported #193 / 0 tx / 0 pending / 0 (0.0%) gas / (0x9efc16e20911bdac239a927e091677a4d472eeb26ef45e58c8341765507d2ae4)
2026-10-07 13:25:30.071+00:00 | BftProcessorExecutor-QBFT-0 | INFO  | QbftBesuControllerBuilder | Imported #194 / 0 tx / 0 pending / 0 (0.0%) gas / (0x2a7beea5e98e722c88fee3c3a0235015d3c1c7096c5d1a3c8a28054d5dee197d)
2026-10-07 13:25:32.077+00:00 | BftProcessorExecutor-QBFT-0 | INFO  | QbftBesuControllerBuilder | Imported #195 / 0 tx / 0 pending / 0 (0.0%) gas / (0x2ad70ef1cffc7c09daf53bc143b7c14ae0efa0025ab9689510d101d27c000b68)
2026-10-07 13:25:34.083+00:00 | EthScheduler-Workers-0 | INFO  | PersistBlockTask | Block 196 (0x7b5ef0f792390e197f5e0a80ac61a86fc1309d49ac913bf687f4b0c060804aa2) is already imported
2026-10-07 13:25:34.083+00:00 | BftProcessorExecutor-QBFT-0 | INFO  | QbftBesuControllerBuilder | Imported #196 / 0 tx / 0 pending / 0 (0.0%) gas / (0x7b5ef0f792390e197f5e0a80ac61a86fc1309d49ac913bf687f4b0c060804aa2)
2026-10-07 13:25:36.082+00:00 | EthScheduler-Workers-0 | INFO  | PersistBlockTask | Block 197 (0x3bf255779094cb732be0b7b85b5f0cb88e9b1613ef51786b5d3ddc7bbae6b575) is already imported
2026-10-07 13:25:36.082+00:00 | BftProcessorExecutor-QBFT-0 | INFO  | QbftBesuControllerBuilder | Imported #197 / 0 tx / 0 pending / 0 (0.0%) gas / (0x3bf255779094cb732be0b7b85b5f0cb88e9b1613ef51786b5d3ddc7bbae6b575)
2026-10-07 13:25:38.078+00:00 | EthScheduler-Workers-0 | INFO  | PersistBlockTask | Block 198 (0x7d71cb52e92dd1c589ec9f88352a7d2e1f303c6402a22500b67f0c1c0771dbfe) is already imported
2026-10-07 13:25:38.078+00:00 | BftProcessorExecutor-QBFT-0 | INFO  | QbftBesuControllerBuilder | Imported #198 / 0 tx / 0 pending / 0 (0.0%) gas / (0x7d71cb52e92dd1c589ec9f88352a7d2e1f303c6402a22500b67f0c1c0771dbfe)
2026-10-07 13:25:40.095+00:00 | EthScheduler-Workers-0 | INFO  | PersistBlockTask | Block 199 (0x851c37211915125a9e206223c07c4a5616708b39ed00eee0c5004a4354ef721a) is already imported
2026-10-07 13:25:40.095+00:00 | BftProcessorExecutor-QBFT-0 | INFO  | QbftBesuControllerBuilder | Imported #199 / 0 tx / 0 pending / 0 (0.0%) gas / (0x851c37211915125a9e206223c07c4a5616708b39ed00eee0c5004a4354ef721a)
2026-10-07 13:25:42.067+00:00 | BftProcessorExecutor-QBFT-0 | INFO  | QbftBesuControllerBuilder | Imported #200 / 0 tx / 0 pending / 0 (0.0%) gas / (0xc5ea9526a13172dab0ec93a02779b827ca6d543438a479b867fa483aa54d28b2)
2026-10-07 13:25:44.086+00:00 | EthScheduler-Workers-0 | INFO  | PersistBlockTask | Block 201 (0xae9a2e59f4b33f4776eedc13f39c6fe3ed75c30027528e93be7e6b42441956c6) is already imported
2026-10-07 13:25:44.086+00:00 | BftProcessorExecutor-QBFT-0 | INFO  | QbftBesuControllerBuilder | Imported #201 / 0 tx / 0 pending / 0 (0.0%) gas / (0xae9a2e59f4b33f4776eedc13f39c6fe3ed75c30027528e93be7e6b42441956c6)
2026-10-07 13:25:46.079+00:00 | BftProcessorExecutor-QBFT-0 | INFO  | QbftBesuControllerBuilder | Produced #202 / 0 tx / 0 pending / 0 (0.0%) gas / (0xc5337dd20abdddff558494b5ee484fa8fba104d40cf958e0dde00e2e3901db04)
2026-10-07 13:25:48.096+00:00 | EthScheduler-Workers-0 | INFO  | PersistBlockTask | Block 203 (0x7c8f208eb8816e59a752272c9ba6647ba021dbda851c48d6c2d4480e4e08d953) is already imported
2026-10-07 13:25:48.096+00:00 | BftProcessorExecutor-QBFT-0 | INFO  | QbftBesuControllerBuilder | Imported #203 / 0 tx / 0 pending / 0 (0.0%) gas / (0x7c8f208eb8816e59a752272c9ba6647ba021dbda851c48d6c2d4480e4e08d953)
2026-10-07 13:25:50.086+00:00 | EthScheduler-Workers-0 | INFO  | PersistBlockTask | Imported #204 / 0 tx / 0 om / 0 (0.0%) gas / (0x37e35e1588e3645581afc68fbaab9786e7a0779dc934ff69440d4308e75ffa89) in 0.001s. Peers: 14
2026-10-07 13:25:52.083+00:00 | BftProcessorExecutor-QBFT-0 | INFO  | QbftBesuControllerBuilder | Imported #205 / 0 tx / 0 pending / 0 (0.0%) gas / (0x380eeabe805ce9d2b872650e99d9b2c343f0b2b03bc3a41724eb0699ca9c6e88)
2026-10-07 13:25:54.092+00:00 | BftProcessorExecutor-QBFT-0 | INFO  | QbftBesuControllerBuilder | Imported #206 / 0 tx / 0 pending / 0 (0.0%) gas / (0x93b8bdd3dfaa95be966fa64735fbfae7618c7e3a73d8214b36858467522d2d0a)
2026-10-07 13:25:56.087+00:00 | BftProcessorExecutor-QBFT-0 | INFO  | QbftBesuControllerBuilder | Imported #207 / 0 tx / 0 pending / 0 (0.0%) gas / (0x04155a76cd1527ce118a4b08e094a294f39652e2e8689fb385461c85ff9433be)
2026-10-07 13:25:58.079+00:00 | BftProcessorExecutor-QBFT-0 | INFO  | QbftBesuControllerBuilder | Imported #208 / 0 tx / 0 pending / 0 (0.0%) gas / (0xbc1a973d6d7d72758912c33cccbc50f9b7f68a69f26ccbe0d6f7dacfd630d542)
2026-10-07 13:26:00.085+00:00 | EthScheduler-Workers-0 | INFO  | PersistBlockTask | Block 209 (0x4b26ff18e875ce94443347601fa804e0f61b08e82c5b223257ac327d3d6589fb) is already imported
2026-10-07 13:26:00.085+00:00 | BftProcessorExecutor-QBFT-0 | INFO  | QbftBesuControllerBuilder | Imported #209 / 0 tx / 0 pending / 0 (0.0%) gas / (0x4b26ff18e875ce94443347601fa804e0f61b08e82c5b223257ac327d3d6589fb)
2026-10-07 13:26:02.093+00:00 | BftProcessorExecutor-QBFT-0 | INFO  | QbftBesuControllerBuilder | Imported #210 / 0 tx / 0 pending / 0 (0.0%) gas / (0x4cefd25c1b4e510a52a4a88900be464f5b08904f5f9bd7c556cca3007f468570)
2026-10-07 13:26:04.086+00:00 | BftProcessorExecutor-QBFT-0 | INFO  | QbftBesuControllerBuilder | Imported #211 / 0 tx / 0 pending / 0 (0.0%) gas / (0x2b95d80a3ca5f2c078e02ddaa6280c45e2aa2012d56f2bc1b499e5cc222c8c65)
2026-10-07 13:26:06.098+00:00 | BftProcessorExecutor-QBFT-0 | INFO  | QbftBesuControllerBuilder | Imported #212 / 0 tx / 0 pending / 0 (0.0%) gas / (0xbced190424bd79ee635566b187a241b1f000abdecd7f0ceca0d6bc871d116ff9)
2026-10-07 13:26:06.098+00:00 | EthScheduler-Workers-0 | INFO  | PersistBlockTask | Block 212 (0xbced190424bd79ee635566b187a241b1f000abdecd7f0ceca0d6bc871d116ff9) is already imported
2026-10-07 13:26:08.088+00:00 | EthScheduler-Workers-0 | INFO  | PersistBlockTask | Block 213 (0x247d79c80b4984a7ce61f9946b261ca14d665ed5de41b32a2669617b42ffc288) is already imported
2026-10-07 13:26:08.088+00:00 | BftProcessorExecutor-QBFT-0 | INFO  | QbftBesuControllerBuilder | Imported #213 / 0 tx / 0 pending / 0 (0.0%) gas / (0x247d79c80b4984a7ce61f9946b261ca14d665ed5de41b32a2669617b42ffc288)
2026-10-07 13:26:10.086+00:00 | BftProcessorExecutor-QBFT-0 | INFO  | QbftBesuControllerBuilder | Imported #214 / 0 tx / 0 pending / 0 (0.0%) gas / (0x6a2e22841846c47912e9ac698c965e869e4aa8e9cba482947fe76011b577612a)
2026-10-07 13:26:12.090+00:00 | BftProcessorExecutor-QBFT-0 | INFO  | QbftBesuControllerBuilder | Imported #215 / 0 tx / 0 pending / 0 (0.0%) gas / (0x1c24cc3a3c74ffe1854b219e2a60060591b04ed968dcfb41cd9c8b5c1f3def8a)
2026-10-07 13:26:12.093+00:00 | EthScheduler-Workers-0 | INFO  | PersistBlockTask | Block 215 (0x1c24cc3a3c74ffe1854b219e2a60060591b04ed968dcfb41cd9c8b5c1f3def8a) is already imported
2026-10-07 13:26:14.093+00:00 | EthScheduler-Workers-0 | INFO  | PersistBlockTask | Block 216 (0xe1e0cdb412fc100f3421d3281506a49fdc98e83059e288b380c3a1b22aa9997c) is already imported
2026-10-07 13:26:14.093+00:00 | BftProcessorExecutor-QBFT-0 | INFO  | QbftBesuControllerBuilder | Imported #216 / 0 tx / 0 pending / 0 (0.0%) gas / (0xe1e0cdb412fc100f3421d3281506a49fdc98e83059e288b380c3a1b22aa9997c)
2026-10-07 13:26:16.084+00:00 | BftProcessorExecutor-QBFT-0 | INFO  | QbftBesuControllerBuilder | Produced #217 / 0 tx / 0 pending / 0 (0.0%) gas / (0x95096a9566c54ed57143067bb20413cb61e03d8c55d96824c47925eb37d4370f)
2026-10-07 13:26:18.090+00:00 | BftProcessorExecutor-QBFT-0 | INFO  | QbftBesuControllerBuilder | Imported #218 / 0 tx / 0 pending / 0 (0.0%) gas / (0x86e640e820e7831bfa29f6583041819970d92aac49b49d21dbc9fdacaf62a06f)
2026-10-07 13:26:20.073+00:00 | BftProcessorExecutor-QBFT-0 | INFO  | QbftBesuControllerBuilder | Imported #219 / 0 tx / 0 pending / 0 (0.0%) gas / (0xa5426df3f2fe1a95f58e0ff84fbd7bb0fcb12001e37e2191a3cb330b5b5bb739)
2026-10-07 13:26:22.299+00:00 | BftProcessorExecutor-QBFT-0 | INFO  | QbftBesuControllerBuilder | Imported #220 / 7 tx / 148 pending / 1,693,790 (0.0%) gas / (0xe1b55351781d889635b457a931fd71da268153e3bf424a383f90f5b69881c280)
2026-10-07 13:26:24.578+00:00 | BftProcessorExecutor-QBFT-0 | INFO  | QbftBesuControllerBuilder | Imported #221 / 27 tx / 518 pending / 6,533,190 (0.0%) gas / (0xd0fc0710891d1cc54a43c7378ffead76980c7abd8ea6ebfc4a18cae67d62bce9)
2026-10-07 13:26:26.969+00:00 | EthScheduler-Workers-0 | INFO  | PersistBlockTask | Block 222 (0xfd8435e4f01f7bc2a61ff123b4cf45ba01a0760172e7c024e1780772c33dbe8c) is already imported
2026-10-07 13:26:26.970+00:00 | BftProcessorExecutor-QBFT-0 | INFO  | QbftBesuControllerBuilder | Imported #222 / 50 tx / 978 pending / 12,098,500 (0.0%) gas / (0xfd8435e4f01f7bc2a61ff123b4cf45ba01a0760172e7c024e1780772c33dbe8c)
2026-10-07 13:26:29.290+00:00 | EthScheduler-Workers-0 | INFO  | PersistBlockTask | Block 223 (0x8ed7ccc805821fb81ca6df1fe0021ac7c7a022b007147b1372ef4ac819c46004) is already imported
2026-10-07 13:26:29.292+00:00 | BftProcessorExecutor-QBFT-0 | INFO  | QbftBesuControllerBuilder | Imported #223 / 80 tx / 1449 pending / 19,357,600 (0.0%) gas / (0x8ed7ccc805821fb81ca6df1fe0021ac7c7a022b007147b1372ef4ac819c46004)
2026-10-07 13:26:31.724+00:00 | BftProcessorExecutor-QBFT-0 | INFO  | QbftBesuControllerBuilder | Imported #224 / 115 tx / 2039 pending / 27,826,550 (0.0%) gas / (0xa4a0707ce3c6c29b906ab923dc50145cdb3485cd97c25f310abd039920a704db)
2026-10-07 13:26:34.378+00:00 | EthScheduler-Workers-0 | INFO  | PersistBlockTask | Block 225 (0xf2e74c8f8309e020d63ee9c2c1577eadd196efe6b2c521d26d7704d831e22eaa) is already imported
2026-10-07 13:26:34.381+00:00 | BftProcessorExecutor-QBFT-0 | INFO  | QbftBesuControllerBuilder | Imported #225 / 161 tx / 2908 pending / 38,957,170 (0.0%) gas / (0xf2e74c8f8309e020d63ee9c2c1577eadd196efe6b2c521d26d7704d831e22eaa)
2026-10-07 13:26:37.422+00:00 | BftProcessorExecutor-QBFT-0 | INFO  | QbftBesuControllerBuilder | Imported #226 / 225 tx / 3765 pending / 54,443,250 (0.0%) gas / (0xd35199ada964a0bafbba2da34d0913f29a3e35d40ed423cefa640fca80141f99)
2026-10-07 13:26:41.647+00:00 | EthScheduler-Workers-0 | INFO  | PersistBlockTask | Block 227 (0x5eb11ebd27429541a3932dbeabcf57317f87984cc68ee132ec84113979bc5cc2) is already imported
2026-10-07 13:26:41.651+00:00 | BftProcessorExecutor-QBFT-0 | INFO  | QbftBesuControllerBuilder | Imported #227 / 300 tx / 5279 pending / 72,591,000 (0.0%) gas / (0x5eb11ebd27429541a3932dbeabcf57317f87984cc68ee132ec84113979bc5cc2)
2026-10-07 13:26:46.374+00:00 | EthScheduler-Workers-0 | INFO  | PersistBlockTask | Block 228 (0x3dd29d03588128aef5f43a83ee4678a188b48d441666170a44f8c3e0ff98bc10) is already imported
2026-10-07 13:26:46.380+00:00 | BftProcessorExecutor-QBFT-0 | INFO  | QbftBesuControllerBuilder | Imported #228 / 339 tx / 6657 pending / 82,027,830 (0.0%) gas / (0x3dd29d03588128aef5f43a83ee4678a188b48d441666170a44f8c3e0ff98bc10)
2026-10-07 13:26:51.178+00:00 | EthScheduler-Workers-0 | INFO  | PersistBlockTask | Block 229 (0xcd09faa353358be735b701eaee4912ca7c958e3bc62744ac817ea29355711ffb) is already imported
2026-10-07 13:26:51.187+00:00 | BftProcessorExecutor-QBFT-0 | INFO  | QbftBesuControllerBuilder | Imported #229 / 361 tx / 8031 pending / 87,351,170 (0.0%) gas / (0xcd09faa353358be735b701eaee4912ca7c958e3bc62744ac817ea29355711ffb)
2026-10-07 13:26:55.875+00:00 | EthScheduler-Workers-0 | INFO  | PersistBlockTask | Block 230 (0x72716c10afa560e4c0f096ca38ea179d715d20d1545cb683b710d3eef4f6e06e) is already imported
2026-10-07 13:26:55.882+00:00 | BftProcessorExecutor-QBFT-0 | INFO  | QbftBesuControllerBuilder | Imported #230 / 343 tx / 9468 pending / 82,995,710 (0.0%) gas / (0x72716c10afa560e4c0f096ca38ea179d715d20d1545cb683b710d3eef4f6e06e)
2026-10-07 13:27:00.545+00:00 | EthScheduler-Workers-0 | INFO  | PersistBlockTask | Block 231 (0x256a78bd7245062c8e59e9fa04a366d6ab694e9f4a9c5441f3eb2d4ec90ea2ab) is already imported
2026-10-07 13:27:00.551+00:00 | BftProcessorExecutor-QBFT-0 | INFO  | QbftBesuControllerBuilder | Imported #231 / 345 tx / 11018 pending / 83,479,650 (0.0%) gas / (0x256a78bd7245062c8e59e9fa04a366d6ab694e9f4a9c5441f3eb2d4ec90ea2ab)
2026-10-07 13:27:02.053+00:00 | BftProcessorExecutor-QBFT-0 | WARN  | BlockTransactionSelector | Interrupting the selection of transactions for block inclusion as it exceeds the maximum configured duration of 1500ms
java.util.concurrent.TimeoutException
	at java.base/java.util.concurrent.CompletableFuture.timedGet(CompletableFuture.java:1960)
	at java.base/java.util.concurrent.CompletableFuture.get(CompletableFuture.java:2095)
	at org.hyperledger.besu.ethereum.blockcreation.txselection.BlockTransactionSelector.timeLimitedSelection(BlockTransactionSelector.java:186)
	at org.hyperledger.besu.ethereum.blockcreation.txselection.BlockTransactionSelector.buildTransactionListForBlock(BlockTransactionSelector.java:169)
	at org.hyperledger.besu.ethereum.blockcreation.AbstractBlockCreator.selectTransactions(AbstractBlockCreator.java:376)
	at org.hyperledger.besu.ethereum.blockcreation.AbstractBlockCreator.createBlock(AbstractBlockCreator.java:218)
	at org.hyperledger.besu.ethereum.blockcreation.AbstractBlockCreator.createBlock(AbstractBlockCreator.java:146)
	at org.hyperledger.besu.consensus.common.bft.blockcreation.BftBlockCreator.createBlock(BftBlockCreator.java:92)
	at org.hyperledger.besu.consensus.qbft.statemachine.QbftRound.createAndSendProposalMessage(QbftRound.java:137)
	at org.hyperledger.besu.consensus.qbft.statemachine.QbftBlockHeightManager.handleBlockTimerExpiry(QbftBlockHeightManager.java:140)
	at org.hyperledger.besu.consensus.common.bft.statemachine.BaseBftController.handleBlockTimerExpiry(BaseBftController.java:167)
	at org.hyperledger.besu.consensus.common.bft.EventMultiplexer.handleBftEvent(EventMultiplexer.java:65)
	at java.base/java.util.Optional.ifPresent(Optional.java:178)
	at org.hyperledger.besu.consensus.common.bft.BftProcessor.run(BftProcessor.java:65)
	at java.base/java.util.concurrent.ThreadPoolExecutor.runWorker(ThreadPoolExecutor.java:1144)
	at java.base/java.util.concurrent.ThreadPoolExecutor$Worker.run(ThreadPoolExecutor.java:642)
	at java.base/java.lang.Thread.run(Thread.java:1583)
2026-10-07 13:27:05.212+00:00 | EthScheduler-Workers-0 | INFO  | PersistBlockTask | Block 232 (0x47b5384613a4d25b468db87eb458a62ac6fd63fbbee2f7a45bf5f9067a563b54) is already imported
2026-10-07 13:27:05.215+00:00 | BftProcessorExecutor-QBFT-0 | INFO  | QbftBesuControllerBuilder | Produced #232 / 344 tx / 12541 pending / 83,237,680 (0.0%) gas / (0x47b5384613a4d25b468db87eb458a62ac6fd63fbbee2f7a45bf5f9067a563b54)
2026-10-07 13:27:09.747+00:00 | EthScheduler-Workers-0 | INFO  | PersistBlockTask | Block 233 (0x25b734f0169bc727710be125b642d5dfd2cf9bdc1cff1e789ba815fb197f6c51) is already imported
2026-10-07 13:27:09.757+00:00 | BftProcessorExecutor-QBFT-0 | INFO  | QbftBesuControllerBuilder | Imported #233 / 316 tx / 13371 pending / 76,462,520 (0.0%) gas / (0x25b734f0169bc727710be125b642d5dfd2cf9bdc1cff1e789ba815fb197f6c51)
2026-10-07 13:27:14.415+00:00 | EthScheduler-Workers-0 | INFO  | PersistBlockTask | Block 234 (0x9dd395f547ac38b34cca057debed9399f268cc6435d5245d3e6a3d290e3fa8d3) is already imported
2026-10-07 13:27:14.417+00:00 | BftProcessorExecutor-QBFT-0 | INFO  | QbftBesuControllerBuilder | Imported #234 / 347 tx / 13024 pending / 83,963,590 (0.0%) gas / (0x9dd395f547ac38b34cca057debed9399f268cc6435d5245d3e6a3d290e3fa8d3)
2026-10-07 13:27:19.111+00:00 | EthScheduler-Workers-0 | INFO  | PersistBlockTask | Block 235 (0x2503abaa2c2ffb7adab1de83845e1d962dfb59ee6d3df56092e6a98e0905ae63) is already imported
2026-10-07 13:27:19.115+00:00 | BftProcessorExecutor-QBFT-0 | INFO  | QbftBesuControllerBuilder | Imported #235 / 343 tx / 12681 pending / 82,995,710 (0.0%) gas / (0x2503abaa2c2ffb7adab1de83845e1d962dfb59ee6d3df56092e6a98e0905ae63)
2026-10-07 13:27:23.838+00:00 | EthScheduler-Workers-0 | INFO  | PersistBlockTask | Block 236 (0xa3774924b0793d7711c406744497b8b22213529f1276d5cf824d3996826c47a8) is already imported
2026-10-07 13:27:23.844+00:00 | BftProcessorExecutor-QBFT-0 | INFO  | QbftBesuControllerBuilder | Imported #236 / 350 tx / 12331 pending / 84,689,500 (0.0%) gas / (0xa3774924b0793d7711c406744497b8b22213529f1276d5cf824d3996826c47a8)
2026-10-07 13:27:28.607+00:00 | EthScheduler-Workers-0 | INFO  | PersistBlockTask | Block 237 (0x696b6b5cef8fd08072a2baa737eaa23f4fc4ac74f8b28f852c1624bf89d71329) is already imported
2026-10-07 13:27:28.631+00:00 | BftProcessorExecutor-QBFT-0 | INFO  | QbftBesuControllerBuilder | Imported #237 / 351 tx / 11980 pending / 84,931,470 (0.0%) gas / (0x696b6b5cef8fd08072a2baa737eaa23f4fc4ac74f8b28f852c1624bf89d71329)
2026-10-07 13:27:33.205+00:00 | EthScheduler-Workers-0 | INFO  | PersistBlockTask | Block 238 (0xbf07a4c5fb107c3cd8dae1b80efb7c9b6d4e44f52e03bf49892453fa39b923c2) is already imported
2026-10-07 13:27:33.211+00:00 | BftProcessorExecutor-QBFT-0 | INFO  | QbftBesuControllerBuilder | Imported #238 / 340 tx / 11640 pending / 82,269,800 (0.0%) gas / (0xbf07a4c5fb107c3cd8dae1b80efb7c9b6d4e44f52e03bf49892453fa39b923c2)
2026-10-07 13:27:37.945+00:00 | BftProcessorExecutor-QBFT-0 | INFO  | QbftBesuControllerBuilder | Imported #239 / 348 tx / 11292 pending / 84,205,560 (0.0%) gas / (0x392363c689c216ffa1b086767bd9aeb532448336a89107ab4919299dece7f54a)
2026-10-07 13:27:43.004+00:00 | EthScheduler-Workers-0 | INFO  | PersistBlockTask | Block 240 (0xa90fe068caed2d22032cf1254d00372fcc8a403736f0dc4638059007b7593bfa) is already imported
2026-10-07 13:27:43.010+00:00 | BftProcessorExecutor-QBFT-0 | INFO  | QbftBesuControllerBuilder | Imported #240 / 346 tx / 10946 pending / 83,721,620 (0.0%) gas / (0xa90fe068caed2d22032cf1254d00372fcc8a403736f0dc4638059007b7593bfa)
2026-10-07 13:27:47.694+00:00 | BftProcessorExecutor-QBFT-0 | INFO  | QbftBesuControllerBuilder | Imported #241 / 356 tx / 10590 pending / 86,141,320 (0.0%) gas / (0xabd4df1caa0a0a67b4289c69ed8b2e8749e120de49bbd8e47a8ee54d6917050b)
2026-10-07 13:27:52.438+00:00 | EthScheduler-Workers-0 | INFO  | PersistBlockTask | Block 242 (0x750e739e2f2c63d291bc802e0132a5e0230036b3f436c2d277ebb1b79022c001) is already imported
2026-10-07 13:27:52.452+00:00 | BftProcessorExecutor-QBFT-0 | INFO  | QbftBesuControllerBuilder | Imported #242 / 350 tx / 10240 pending / 84,689,500 (0.0%) gas / (0x750e739e2f2c63d291bc802e0132a5e0230036b3f436c2d277ebb1b79022c001)
2026-10-07 13:27:57.234+00:00 | EthScheduler-Workers-0 | INFO  | PersistBlockTask | Block 243 (0x12ec1ec6860251e00a475ca36e2d86a2d424571f53b27b5b767a5aa17b13da0e) is already imported
2026-10-07 13:27:57.241+00:00 | BftProcessorExecutor-QBFT-0 | INFO  | QbftBesuControllerBuilder | Imported #243 / 349 tx / 9891 pending / 84,447,530 (0.0%) gas / (0x12ec1ec6860251e00a475ca36e2d86a2d424571f53b27b5b767a5aa17b13da0e)
2026-10-07 13:28:01.890+00:00 | EthScheduler-Workers-0 | INFO  | PersistBlockTask | Block 244 (0x1587383ff309373200f7a9355c3a17fe00da00eda5037a557b43757c15833a5e) is already imported
2026-10-07 13:28:01.895+00:00 | BftProcessorExecutor-QBFT-0 | INFO  | QbftBesuControllerBuilder | Imported #244 / 346 tx / 9545 pending / 83,721,620 (0.0%) gas / (0x1587383ff309373200f7a9355c3a17fe00da00eda5037a557b43757c15833a5e)
2026-10-07 13:28:06.678+00:00 | EthScheduler-Workers-0 | INFO  | PersistBlockTask | Block 245 (0x12f89ff1a78735e2668395bd5720f7b05b31445abb2f1edcd16c5f72997de1de) is already imported
2026-10-07 13:28:06.685+00:00 | BftProcessorExecutor-QBFT-0 | INFO  | QbftBesuControllerBuilder | Imported #245 / 353 tx / 9192 pending / 85,415,410 (0.0%) gas / (0x12f89ff1a78735e2668395bd5720f7b05b31445abb2f1edcd16c5f72997de1de)
2026-10-07 13:28:11.474+00:00 | EthScheduler-Workers-0 | INFO  | PersistBlockTask | Block 246 (0xb861799621137aebef0bde688fdb633b75461e77ec823136ca5d3d745148f047) is already imported
2026-10-07 13:28:11.480+00:00 | BftProcessorExecutor-QBFT-0 | INFO  | QbftBesuControllerBuilder | Imported #246 / 347 tx / 8845 pending / 83,963,590 (0.0%) gas / (0xb861799621137aebef0bde688fdb633b75461e77ec823136ca5d3d745148f047)
2026-10-07 13:28:12.984+00:00 | BftProcessorExecutor-QBFT-0 | WARN  | BlockTransactionSelector | Interrupting the selection of transactions for block inclusion as it exceeds the maximum configured duration of 1500ms
java.util.concurrent.TimeoutException
	at java.base/java.util.concurrent.CompletableFuture.timedGet(CompletableFuture.java:1960)
	at java.base/java.util.concurrent.CompletableFuture.get(CompletableFuture.java:2095)
	at org.hyperledger.besu.ethereum.blockcreation.txselection.BlockTransactionSelector.timeLimitedSelection(BlockTransactionSelector.java:186)
	at org.hyperledger.besu.ethereum.blockcreation.txselection.BlockTransactionSelector.buildTransactionListForBlock(BlockTransactionSelector.java:169)
	at org.hyperledger.besu.ethereum.blockcreation.AbstractBlockCreator.selectTransactions(AbstractBlockCreator.java:376)
	at org.hyperledger.besu.ethereum.blockcreation.AbstractBlockCreator.createBlock(AbstractBlockCreator.java:218)
	at org.hyperledger.besu.ethereum.blockcreation.AbstractBlockCreator.createBlock(AbstractBlockCreator.java:146)
	at org.hyperledger.besu.consensus.common.bft.blockcreation.BftBlockCreator.createBlock(BftBlockCreator.java:92)
	at org.hyperledger.besu.consensus.qbft.statemachine.QbftRound.createAndSendProposalMessage(QbftRound.java:137)
	at org.hyperledger.besu.consensus.qbft.statemachine.QbftBlockHeightManager.handleBlockTimerExpiry(QbftBlockHeightManager.java:140)
	at org.hyperledger.besu.consensus.common.bft.statemachine.BaseBftController.handleBlockTimerExpiry(BaseBftController.java:167)
	at org.hyperledger.besu.consensus.common.bft.EventMultiplexer.handleBftEvent(EventMultiplexer.java:65)
	at java.base/java.util.Optional.ifPresent(Optional.java:178)
	at org.hyperledger.besu.consensus.common.bft.BftProcessor.run(BftProcessor.java:65)
	at java.base/java.util.concurrent.ThreadPoolExecutor.runWorker(ThreadPoolExecutor.java:1144)
	at java.base/java.util.concurrent.ThreadPoolExecutor$Worker.run(ThreadPoolExecutor.java:642)
	at java.base/java.lang.Thread.run(Thread.java:1583)
2026-10-07 13:28:16.222+00:00 | EthScheduler-Workers-0 | INFO  | PersistBlockTask | Block 247 (0x0d47fcc575368c959fd28bb37a314fa9405965b7b81e9d79a22c7d6307a45c31) is already imported
2026-10-07 13:28:16.224+00:00 | BftProcessorExecutor-QBFT-0 | INFO  | QbftBesuControllerBuilder | Produced #247 / 351 tx / 8494 pending / 84,931,470 (0.0%) gas / (0x0d47fcc575368c959fd28bb37a314fa9405965b7b81e9d79a22c7d6307a45c31)
2026-10-07 13:28:20.953+00:00 | EthScheduler-Workers-0 | INFO  | PersistBlockTask | Block 248 (0x51da14f780c21698cd242e41f03f250e40664b04cbf3507f4e59dfcc78759fc6) is already imported
2026-10-07 13:28:20.964+00:00 | BftProcessorExecutor-QBFT-0 | INFO  | QbftBesuControllerBuilder | Imported #248 / 349 tx / 8145 pending / 84,447,530 (0.0%) gas / (0x51da14f780c21698cd242e41f03f250e40664b04cbf3507f4e59dfcc78759fc6)
2026-10-07 13:28:25.689+00:00 | EthScheduler-Workers-0 | INFO  | PersistBlockTask | Block 249 (0x1ebdcd8060cb738114aafae912c6da299c0b8ec3cce37c55b2d31e44094713db) is already imported
2026-10-07 13:28:25.694+00:00 | BftProcessorExecutor-QBFT-0 | INFO  | QbftBesuControllerBuilder | Imported #249 / 349 tx / 7796 pending / 84,447,530 (0.0%) gas / (0x1ebdcd8060cb738114aafae912c6da299c0b8ec3cce37c55b2d31e44094713db)
2026-10-07 13:28:30.609+00:00 | BftProcessorExecutor-QBFT-0 | INFO  | QbftBesuControllerBuilder | Imported #250 / 374 tx / 7422 pending / 90,496,780 (0.0%) gas / (0xb4f739f8398a88270ca9d273f1fbd58ff3d7dc0a4bf2b7a3cd4e0528e3947d78)
2026-10-07 13:28:35.607+00:00 | EthScheduler-Workers-0 | INFO  | PersistBlockTask | Block 251 (0x03842547ac9e039030165ca772145cbffa7a4b0dd720d2474292fbef1d158511) is already imported
2026-10-07 13:28:35.612+00:00 | BftProcessorExecutor-QBFT-0 | INFO  | QbftBesuControllerBuilder | Imported #251 / 375 tx / 7047 pending / 90,738,750 (0.0%) gas / (0x03842547ac9e039030165ca772145cbffa7a4b0dd720d2474292fbef1d158511)
2026-10-07 13:28:40.472+00:00 | BftProcessorExecutor-QBFT-0 | INFO  | QbftBesuControllerBuilder | Imported #252 / 371 tx / 6676 pending / 89,770,870 (0.0%) gas / (0xc55a1fb496905d389623a193058d6874d7c4ae0fb0e1aa60bfd2c48b66f59efb)
2026-10-07 13:28:45.157+00:00 | EthScheduler-Workers-0 | INFO  | PersistBlockTask | Block 253 (0x2cb2889d6772e32c407cebbfa8b30b8bd37230d6a78dec8bd3e45aa6759f44ea) is already imported
2026-10-07 13:28:45.161+00:00 | BftProcessorExecutor-QBFT-0 | INFO  | QbftBesuControllerBuilder | Imported #253 / 344 tx / 6332 pending / 83,237,680 (0.0%) gas / (0x2cb2889d6772e32c407cebbfa8b30b8bd37230d6a78dec8bd3e45aa6759f44ea)
2026-10-07 13:28:49.997+00:00 | EthScheduler-Workers-0 | INFO  | PersistBlockTask | Block 254 (0xc3ebbced29b3c48a42307c1ecd7d7b238429905b48e64f2b20a05c71b6ba4a41) is already imported
2026-10-07 13:28:50.000+00:00 | BftProcessorExecutor-QBFT-0 | INFO  | QbftBesuControllerBuilder | Imported #254 / 348 tx / 5984 pending / 84,205,560 (0.0%) gas / (0xc3ebbced29b3c48a42307c1ecd7d7b238429905b48e64f2b20a05c71b6ba4a41)
2026-10-07 13:28:54.560+00:00 | BftProcessorExecutor-QBFT-0 | INFO  | QbftBesuControllerBuilder | Imported #255 / 327 tx / 5657 pending / 79,124,190 (0.0%) gas / (0x765650bf3e1bd1d5d46007a037ea372e1ea9881df744d304f509142d7ff38117)
2026-10-07 13:28:59.507+00:00 | EthScheduler-Workers-0 | INFO  | PersistBlockTask | Block 256 (0x2a141ca4d7bcd50ef65d6f7050fd4ddb821b5b8dd16f3df5dab34143172ab33a) is already imported
2026-10-07 13:28:59.511+00:00 | BftProcessorExecutor-QBFT-0 | INFO  | QbftBesuControllerBuilder | Imported #256 / 375 tx / 5282 pending / 90,738,750 (0.0%) gas / (0x2a141ca4d7bcd50ef65d6f7050fd4ddb821b5b8dd16f3df5dab34143172ab33a)
2026-10-07 13:29:04.271+00:00 | EthScheduler-Workers-0 | INFO  | PersistBlockTask | Block 257 (0x4fe7fa0f5a8b208787d4eeccb13408b281f427149dfc48d2dd84c7921b21a86a) is already imported
2026-10-07 13:29:04.275+00:00 | BftProcessorExecutor-QBFT-0 | INFO  | QbftBesuControllerBuilder | Imported #257 / 348 tx / 4934 pending / 84,205,560 (0.0%) gas / (0x4fe7fa0f5a8b208787d4eeccb13408b281f427149dfc48d2dd84c7921b21a86a)
2026-10-07 13:29:08.890+00:00 | BftProcessorExecutor-QBFT-0 | INFO  | QbftBesuControllerBuilder | Imported #258 / 345 tx / 4589 pending / 83,479,650 (0.0%) gas / (0x6e30c486a05332efb7a25cc08524f3a65bab93d85e5bacc68f1534b71fb62394)
2026-10-07 13:29:13.704+00:00 | BftProcessorExecutor-QBFT-0 | INFO  | QbftBesuControllerBuilder | Imported #259 / 357 tx / 4232 pending / 86,383,290 (0.0%) gas / (0x0a8f9363075e7299c2f67d55f24945a5a8712d54d8efbd6761cf55348292ca09)
2026-10-07 13:29:18.421+00:00 | EthScheduler-Workers-0 | INFO  | PersistBlockTask | Block 260 (0x8fc410f9696dbda0a573610344d40a7f73440e855140c7fd0859623421b45ffa) is already imported
2026-10-07 13:29:18.425+00:00 | BftProcessorExecutor-QBFT-0 | INFO  | QbftBesuControllerBuilder | Imported #260 / 346 tx / 3886 pending / 83,721,620 (0.0%) gas / (0x8fc410f9696dbda0a573610344d40a7f73440e855140c7fd0859623421b45ffa)
2026-10-07 13:29:23.378+00:00 | BftProcessorExecutor-QBFT-0 | INFO  | QbftBesuControllerBuilder | Imported #261 / 376 tx / 3510 pending / 90,980,720 (0.0%) gas / (0x7880688e82da91cb13e4aa2c08a29252bdbc328e94e00c60c029beefd2fcc3ba)
2026-10-07 13:29:24.884+00:00 | BftProcessorExecutor-QBFT-0 | WARN  | BlockTransactionSelector | Interrupting the selection of transactions for block inclusion as it exceeds the maximum configured duration of 1500ms
java.util.concurrent.TimeoutException
	at java.base/java.util.concurrent.CompletableFuture.timedGet(CompletableFuture.java:1960)
	at java.base/java.util.concurrent.CompletableFuture.get(CompletableFuture.java:2095)
	at org.hyperledger.besu.ethereum.blockcreation.txselection.BlockTransactionSelector.timeLimitedSelection(BlockTransactionSelector.java:186)
	at org.hyperledger.besu.ethereum.blockcreation.txselection.BlockTransactionSelector.buildTransactionListForBlock(BlockTransactionSelector.java:169)
	at org.hyperledger.besu.ethereum.blockcreation.AbstractBlockCreator.selectTransactions(AbstractBlockCreator.java:376)
	at org.hyperledger.besu.ethereum.blockcreation.AbstractBlockCreator.createBlock(AbstractBlockCreator.java:218)
	at org.hyperledger.besu.ethereum.blockcreation.AbstractBlockCreator.createBlock(AbstractBlockCreator.java:146)
	at org.hyperledger.besu.consensus.common.bft.blockcreation.BftBlockCreator.createBlock(BftBlockCreator.java:92)
	at org.hyperledger.besu.consensus.qbft.statemachine.QbftRound.createAndSendProposalMessage(QbftRound.java:137)
	at org.hyperledger.besu.consensus.qbft.statemachine.QbftBlockHeightManager.handleBlockTimerExpiry(QbftBlockHeightManager.java:140)
	at org.hyperledger.besu.consensus.common.bft.statemachine.BaseBftController.handleBlockTimerExpiry(BaseBftController.java:167)
	at org.hyperledger.besu.consensus.common.bft.EventMultiplexer.handleBftEvent(EventMultiplexer.java:65)
	at java.base/java.util.Optional.ifPresent(Optional.java:178)
	at org.hyperledger.besu.consensus.common.bft.BftProcessor.run(BftProcessor.java:65)
	at java.base/java.util.concurrent.ThreadPoolExecutor.runWorker(ThreadPoolExecutor.java:1144)
	at java.base/java.util.concurrent.ThreadPoolExecutor$Worker.run(ThreadPoolExecutor.java:642)
	at java.base/java.lang.Thread.run(Thread.java:1583)
2026-10-07 13:29:28.108+00:00 | EthScheduler-Workers-0 | INFO  | PersistBlockTask | Block 262 (0x82b60dde52ba930dcefd06266bf3a8de15db72b4fd568029f789069ed80cf361) is already imported
2026-10-07 13:29:28.112+00:00 | BftProcessorExecutor-QBFT-0 | INFO  | QbftBesuControllerBuilder | Produced #262 / 349 tx / 3161 pending / 84,447,530 (0.0%) gas / (0x82b60dde52ba930dcefd06266bf3a8de15db72b4fd568029f789069ed80cf361)
2026-10-07 13:29:32.879+00:00 | EthScheduler-Workers-0 | INFO  | PersistBlockTask | Block 263 (0xa4dd27067f619f5d0617209f20863b3254ccb12d03746007c3000506abc2f311) is already imported
2026-10-07 13:29:32.882+00:00 | BftProcessorExecutor-QBFT-0 | INFO  | QbftBesuControllerBuilder | Imported #263 / 349 tx / 2812 pending / 84,447,530 (0.0%) gas / (0xa4dd27067f619f5d0617209f20863b3254ccb12d03746007c3000506abc2f311)
2026-10-07 13:29:37.552+00:00 | BftProcessorExecutor-QBFT-0 | INFO  | QbftBesuControllerBuilder | Imported #264 / 351 tx / 2461 pending / 84,931,470 (0.0%) gas / (0xd8e59be70aa6dc29096eb297e2058c7fd42a7916cef472f0f90247c4ceba23af)
2026-10-07 13:29:42.421+00:00 | EthScheduler-Workers-0 | INFO  | PersistBlockTask | Block 265 (0xda1183b5676b4d3a4a611e56e988525552a130366f3fcc9ba40f2afbf4777bbd) is already imported
2026-10-07 13:29:42.428+00:00 | BftProcessorExecutor-QBFT-0 | INFO  | QbftBesuControllerBuilder | Imported #265 / 365 tx / 2096 pending / 88,319,050 (0.0%) gas / (0xda1183b5676b4d3a4a611e56e988525552a130366f3fcc9ba40f2afbf4777bbd)
2026-10-07 13:29:46.937+00:00 | BftProcessorExecutor-QBFT-0 | INFO  | QbftBesuControllerBuilder | Imported #266 / 337 tx / 1759 pending / 81,543,890 (0.0%) gas / (0x69ec3f501c0c5919cbd4305dbe499c3199fb9fdb0b5f95cbc484ea9e071135fe)
2026-10-07 13:29:51.207+00:00 | BftProcessorExecutor-QBFT-0 | INFO  | QbftBesuControllerBuilder | Imported #267 / 317 tx / 1442 pending / 76,704,490 (0.0%) gas / (0x5e36a261ca1ba10cf3653860456788e2bde80a6efd4d31199f57583f74dbc93f)
2026-10-07 13:29:55.498+00:00 | EthScheduler-Workers-0 | INFO  | PersistBlockTask | Block 268 (0xeb2d6bfa1f74383fba8c52696378a5ced0eff3d9786023abc0f878e45bdd097c) is already imported
2026-10-07 13:29:55.500+00:00 | BftProcessorExecutor-QBFT-0 | INFO  | QbftBesuControllerBuilder | Imported #268 / 325 tx / 1117 pending / 78,640,250 (0.0%) gas / (0xeb2d6bfa1f74383fba8c52696378a5ced0eff3d9786023abc0f878e45bdd097c)
2026-10-07 13:29:59.246+00:00 | EthScheduler-Workers-0 | INFO  | PersistBlockTask | Block 269 (0x9653d02d075526f5b807a81ebb15f24d2be403f45ed96a5f89475c54c219193b) is already imported
2026-10-07 13:29:59.248+00:00 | BftProcessorExecutor-QBFT-0 | INFO  | QbftBesuControllerBuilder | Imported #269 / 278 tx / 839 pending / 67,267,660 (0.0%) gas / (0x9653d02d075526f5b807a81ebb15f24d2be403f45ed96a5f89475c54c219193b)
2026-10-07 13:30:02.796+00:00 | EthScheduler-Workers-0 | INFO  | PersistBlockTask | Block 270 (0x5c4a7fd6881b0ac0ef7f3fc477f38f1c98917e6bb0a58e873b96b5e1a5079a49) is already imported
2026-10-07 13:30:02.801+00:00 | BftProcessorExecutor-QBFT-0 | INFO  | QbftBesuControllerBuilder | Imported #270 / 264 tx / 575 pending / 63,880,080 (0.0%) gas / (0x5c4a7fd6881b0ac0ef7f3fc477f38f1c98917e6bb0a58e873b96b5e1a5079a49)
2026-10-07 13:30:04.667+00:00 | BftProcessorExecutor-QBFT-0 | INFO  | QbftBesuControllerBuilder | Imported #271 / 142 tx / 433 pending / 34,359,740 (0.0%) gas / (0x271f161409f3cc6fdad262dc73e37ed61151d3efe1e1642fb3efc4e87912a163)
2026-10-07 13:30:06.464+00:00 | BftProcessorExecutor-QBFT-0 | INFO  | QbftBesuControllerBuilder | Imported #272 / 100 tx / 333 pending / 24,197,000 (0.0%) gas / (0x0cece6cb96dad51962ebdd417e1b5456d454cdce66834a9c4c1e3fbf4a913fef)
2026-10-07 13:30:07.980+00:00 | BftProcessorExecutor-QBFT-0 | INFO  | QbftBesuControllerBuilder | Imported #273 / 65 tx / 268 pending / 15,728,050 (0.0%) gas / (0xc83929424fc995f57d4e23fe8e3ec621bb433e58ceaedfdc4864d7bedc69dfad)
2026-10-07 13:30:09.551+00:00 | BftProcessorExecutor-QBFT-0 | INFO  | QbftBesuControllerBuilder | Imported #274 / 34 tx / 234 pending / 8,226,980 (0.0%) gas / (0x3c28d2c4ee22c719f1365b2a32563753007af9e35b22a4ca788a13afbcabaed3)
2026-10-07 13:30:11.737+00:00 | BftProcessorExecutor-QBFT-0 | INFO  | QbftBesuControllerBuilder | Imported #275 / 48 tx / 186 pending / 11,614,560 (0.0%) gas / (0xe0289984d9640580b492ae4f33b6126a7841bb3f5d879a56c1a8393391d50c77)
2026-10-07 13:30:13.397+00:00 | BftProcessorExecutor-QBFT-0 | INFO  | QbftBesuControllerBuilder | Imported #276 / 22 tx / 164 pending / 5,323,340 (0.0%) gas / (0x66a9133eecb38e51b8893255cb86d55451f28d8e562f4260ac3f51d88aa7ae73)
2026-10-07 13:30:15.755+00:00 | BftProcessorExecutor-QBFT-0 | INFO  | QbftBesuControllerBuilder | Produced #277 / 46 tx / 118 pending / 11,130,620 (0.0%) gas / (0x744ae4d5a474e182892c7bdc00c284df3bd571e232e24864e8768a992a0519ab)
2026-10-07 13:30:15.755+00:00 | EthScheduler-Workers-0 | INFO  | PersistBlockTask | Block 277 (0x744ae4d5a474e182892c7bdc00c284df3bd571e232e24864e8768a992a0519ab) is already imported
2026-10-07 13:30:18.260+00:00 | EthScheduler-Workers-0 | INFO  | PersistBlockTask | Block 278 (0xc1542e1278b0933d0aab6c31bd5a16906f7c2a5ceebefd99c272812610c5868d) is already imported
2026-10-07 13:30:18.260+00:00 | BftProcessorExecutor-QBFT-0 | INFO  | QbftBesuControllerBuilder | Imported #278 / 76 tx / 42 pending / 18,389,720 (0.0%) gas / (0xc1542e1278b0933d0aab6c31bd5a16906f7c2a5ceebefd99c272812610c5868d)
2026-10-07 13:30:19.663+00:00 | EthScheduler-Workers-0 | INFO  | PersistBlockTask | Block 279 (0x5825bbe6e67230c4d8106d83e67e438327e42c4db4d0a28f643548e2d547b16e) is already imported
2026-10-07 13:30:19.664+00:00 | BftProcessorExecutor-QBFT-0 | INFO  | QbftBesuControllerBuilder | Imported #279 / 42 tx / 0 pending / 10,162,740 (0.0%) gas / (0x5825bbe6e67230c4d8106d83e67e438327e42c4db4d0a28f643548e2d547b16e)
2026-10-07 13:30:21.072+00:00 | BftProcessorExecutor-QBFT-0 | INFO  | QbftBesuControllerBuilder | Imported #280 / 0 tx / 0 pending / 0 (0.0%) gas / (0xb8dc2df3a7ecedb1d9ae8fb539df299d6c760abd3c25b008252e0e71298dc588)
2026-10-07 13:30:23.089+00:00 | BftProcessorExecutor-QBFT-0 | INFO  | QbftBesuControllerBuilder | Imported #281 / 0 tx / 0 pending / 0 (0.0%) gas / (0x96388d1154aa1d464666d657e9992c29df0a14a8438d6aaa3dbd4c49e730c20b)
2026-10-07 13:30:25.093+00:00 | BftProcessorExecutor-QBFT-0 | INFO  | QbftBesuControllerBuilder | Imported #282 / 0 tx / 0 pending / 0 (0.0%) gas / (0xa272ff26fc625eb01f000d63e37e2771b40bd165b9f62cd3cd003f781bdf3c60)
2026-10-07 13:30:27.090+00:00 | BftProcessorExecutor-QBFT-0 | INFO  | QbftBesuControllerBuilder | Imported #283 / 0 tx / 0 pending / 0 (0.0%) gas / (0xb2d05ecb548dd645121fdcd6092a665907dd1dbb73f9ffb0a9fa86f85aeb16e7)
2026-10-07 13:30:29.093+00:00 | BftProcessorExecutor-QBFT-0 | INFO  | QbftBesuControllerBuilder | Imported #284 / 0 tx / 0 pending / 0 (0.0%) gas / (0xc846681b9a516e361776f0fdcb8fbe9b7c8cef086ca3712e2bb40a4177078ec9)
2026-10-07 13:30:31.092+00:00 | BftProcessorExecutor-QBFT-0 | INFO  | QbftBesuControllerBuilder | Imported #285 / 0 tx / 0 pending / 0 (0.0%) gas / (0x9e47c7f9316900181ee469136525b9e3e746eaa9e2d30294d2e64a82cc4529d1)
2026-10-07 13:30:31.092+00:00 | EthScheduler-Workers-0 | INFO  | PersistBlockTask | Block 285 (0x9e47c7f9316900181ee469136525b9e3e746eaa9e2d30294d2e64a82cc4529d1) is already imported
2026-10-07 13:30:33.095+00:00 | BftProcessorExecutor-QBFT-0 | INFO  | QbftBesuControllerBuilder | Imported #286 / 0 tx / 0 pending / 0 (0.0%) gas / (0xe66bc5e63408a1da49f291541c30d7b67d8ca6f8b74ad66c28fc9f97c6e0a7dc)
2026-10-07 13:30:35.092+00:00 | BftProcessorExecutor-QBFT-0 | INFO  | QbftBesuControllerBuilder | Imported #287 / 0 tx / 0 pending / 0 (0.0%) gas / (0x0804b6147d65bc4b0f4684c20e06a3cf4355883af1fc5cc303e69578693e0e83)
2026-10-07 13:30:37.090+00:00 | BftProcessorExecutor-QBFT-0 | INFO  | QbftBesuControllerBuilder | Imported #288 / 0 tx / 0 pending / 0 (0.0%) gas / (0xe874dcc60faa851c0a4af5386309badf964b237ea5d4f21d9ee2b69145dd83c1)
2026-10-07 13:30:39.089+00:00 | EthScheduler-Workers-0 | INFO  | PersistBlockTask | Block 289 (0x95a546548b70fec94ad8a38e3efdf35c413b45802ad1b4c15a8fce3fe515987f) is already imported
2026-10-07 13:30:39.090+00:00 | BftProcessorExecutor-QBFT-0 | INFO  | QbftBesuControllerBuilder | Imported #289 / 0 tx / 0 pending / 0 (0.0%) gas / (0x95a546548b70fec94ad8a38e3efdf35c413b45802ad1b4c15a8fce3fe515987f)
2026-10-07 13:30:41.094+00:00 | BftProcessorExecutor-QBFT-0 | INFO  | QbftBesuControllerBuilder | Imported #290 / 0 tx / 0 pending / 0 (0.0%) gas / (0x912bd33a8a40026177aa409b5cd985697ef0fa55061783ab564fdb71fa520831)
2026-10-07 13:30:43.089+00:00 | BftProcessorExecutor-QBFT-0 | INFO  | QbftBesuControllerBuilder | Imported #291 / 0 tx / 0 pending / 0 (0.0%) gas / (0xc2ff2bccccf4849e2e270e8820447e931321b321203d83b346c103e43db79240)
2026-10-07 13:30:45.082+00:00 | BftProcessorExecutor-QBFT-0 | INFO  | QbftBesuControllerBuilder | Produced #292 / 0 tx / 0 pending / 0 (0.0%) gas / (0x655d41f72c0f220fbcd2e559020164d901006df2e4a5760a5345cbb72eaa3e97)
2026-10-07 13:30:47.096+00:00 | BftProcessorExecutor-QBFT-0 | INFO  | QbftBesuControllerBuilder | Imported #293 / 0 tx / 0 pending / 0 (0.0%) gas / (0xdec399f47d9d468bc539dee253032730cd98f282541cb44cd02f752cd5b0fa95)
2026-10-07 13:30:49.092+00:00 | BftProcessorExecutor-QBFT-0 | INFO  | QbftBesuControllerBuilder | Imported #294 / 0 tx / 0 pending / 0 (0.0%) gas / (0xdb55e044634ab55bc40dfa81e1878defe1695f9bcaa17645647c2b4e0296f21a)
2026-10-07 13:30:51.088+00:00 | BftProcessorExecutor-QBFT-0 | INFO  | QbftBesuControllerBuilder | Imported #295 / 0 tx / 0 pending / 0 (0.0%) gas / (0x8d2bce1ac1071663d5e4f008a624f91a7bf7852b02129692a60c76b41f90c3b8)
2026-10-07 13:30:53.088+00:00 | BftProcessorExecutor-QBFT-0 | INFO  | QbftBesuControllerBuilder | Imported #296 / 0 tx / 0 pending / 0 (0.0%) gas / (0x25329e99df15f59daa9ae4a86f873e47fbb68ddda9a0d305e3dedb9d4a44cfc6)
2026-10-07 13:30:55.096+00:00 | BftProcessorExecutor-QBFT-0 | INFO  | QbftBesuControllerBuilder | Imported #297 / 0 tx / 0 pending / 0 (0.0%) gas / (0x60599d78325ede53b6aca18a87417328c770934a25ec791dbf0425baeae5fb91)
2026-10-07 13:30:57.108+00:00 | BftProcessorExecutor-QBFT-0 | INFO  | QbftBesuControllerBuilder | Imported #298 / 0 tx / 0 pending / 0 (0.0%) gas / (0x3cb4004588cf766981435fa21004f2c678b7053b7365a12993778742ed7178ae)
2026-10-07 13:30:57.111+00:00 | EthScheduler-Workers-0 | INFO  | PersistBlockTask | Block 298 (0x3cb4004588cf766981435fa21004f2c678b7053b7365a12993778742ed7178ae) is already imported
2026-10-07 13:30:59.084+00:00 | BftProcessorExecutor-QBFT-0 | INFO  | QbftBesuControllerBuilder | Imported #299 / 0 tx / 0 pending / 0 (0.0%) gas / (0xf8d2c5d693afb20f76c6bf9343b577d88e625f29c105a4894fb2c57c45a4a802)
2026-10-07 13:31:01.088+00:00 | BftProcessorExecutor-QBFT-0 | INFO  | QbftBesuControllerBuilder | Imported #300 / 0 tx / 0 pending / 0 (0.0%) gas / (0xf634a65556303af5495ffe6c944390c5b2150fbeaa88beaecaa215041bde4214)
2026-10-07 13:31:03.095+00:00 | EthScheduler-Workers-0 | INFO  | PersistBlockTask | Block 301 (0x12aae03bf7903d66f59ec00ecd006fc16a71afc248ccbcc151bd80ceb1f7f9ff) is already imported
2026-10-07 13:31:03.095+00:00 | BftProcessorExecutor-QBFT-0 | INFO  | QbftBesuControllerBuilder | Imported #301 / 0 tx / 0 pending / 0 (0.0%) gas / (0x12aae03bf7903d66f59ec00ecd006fc16a71afc248ccbcc151bd80ceb1f7f9ff)
2026-10-07 13:31:05.084+00:00 | BftProcessorExecutor-QBFT-0 | INFO  | QbftBesuControllerBuilder | Imported #302 / 0 tx / 0 pending / 0 (0.0%) gas / (0x59172d19c1a811b76b79b1cdc4b0b04e8db7a1f297c7d336235208019b8f7349)
2026-10-07 13:31:07.083+00:00 | BftProcessorExecutor-QBFT-0 | INFO  | QbftBesuControllerBuilder | Imported #303 / 0 tx / 0 pending / 0 (0.0%) gas / (0x1561938a7b5ece241350841be7de65d659a78da503e2f90dc25e2147e9034c45)
2026-10-07 13:31:09.086+00:00 | BftProcessorExecutor-QBFT-0 | INFO  | QbftBesuControllerBuilder | Imported #304 / 1 tx / 7 pending / 153,630 (0.0%) gas / (0x5010197ba833c3beff3e468202cecefa40f9ba53801f4b76cc0d0b4e7a08e5d7)
2026-10-07 13:31:11.104+00:00 | BftProcessorExecutor-QBFT-0 | INFO  | QbftBesuControllerBuilder | Imported #305 / 1 tx / 6 pending / 153,638 (0.0%) gas / (0xc9bdee9983973a0cf356de125bcb1ba7aa647694e58582cc55e03d42642f946e)
2026-10-07 13:31:13.104+00:00 | BftProcessorExecutor-QBFT-0 | INFO  | QbftBesuControllerBuilder | Imported #306 / 1 tx / 5 pending / 153,606 (0.0%) gas / (0x69284dacda4cecc65e689b73ab4b8e0b2b852a020c90bd59a29bb5ffd654567b)
2026-10-07 13:31:13.104+00:00 | EthScheduler-Workers-0 | INFO  | PersistBlockTask | Block 306 (0x69284dacda4cecc65e689b73ab4b8e0b2b852a020c90bd59a29bb5ffd654567b) is already imported
2026-10-07 13:31:15.104+00:00 | BftProcessorExecutor-QBFT-0 | INFO  | QbftBesuControllerBuilder | Produced #307 / 1 tx / 4 pending / 153,638 (0.0%) gas / (0x5460baccb6556b350dc700279837348f7fb6e25b6c6173ddb20f58500a4b4efc)
2026-10-07 13:31:17.089+00:00 | EthScheduler-Workers-0 | INFO  | PersistBlockTask | Block 308 (0x2284444762f8819cd785a1da35c97c719166de9f38b4a4a5671b7f0907320ad2) is already imported
2026-10-07 13:31:17.090+00:00 | BftProcessorExecutor-QBFT-0 | INFO  | QbftBesuControllerBuilder | Imported #308 / 0 tx / 4 pending / 0 (0.0%) gas / (0x2284444762f8819cd785a1da35c97c719166de9f38b4a4a5671b7f0907320ad2)
2026-10-07 13:31:19.089+00:00 | BftProcessorExecutor-QBFT-0 | INFO  | QbftBesuControllerBuilder | Imported #309 / 0 tx / 4 pending / 0 (0.0%) gas / (0x6b1bec7f4988878f51a301d6d4874a0c13e9cbdba2739204b4156efbc9fb49b4)
2026-10-07 13:31:21.097+00:00 | BftProcessorExecutor-QBFT-0 | INFO  | QbftBesuControllerBuilder | Imported #310 / 0 tx / 4 pending / 0 (0.0%) gas / (0x62203535b7db478523989a2dcf3c13b7b1f830e23e6bbbe2ad6a309b68a6e8fc)
2026-10-07 13:31:23.094+00:00 | BftProcessorExecutor-QBFT-0 | INFO  | QbftBesuControllerBuilder | Imported #311 / 0 tx / 4 pending / 0 (0.0%) gas / (0x270d5d52d3274976e4a6f5d4b44140810e56d9d7943e7c56812b8ab15408d6e3)
2026-10-07 13:31:25.084+00:00 | BftProcessorExecutor-QBFT-0 | INFO  | QbftBesuControllerBuilder | Imported #312 / 0 tx / 4 pending / 0 (0.0%) gas / (0xc50685c54a23b2ede886208781354ce3f2efa3acf9991553cf95a63d573eb54f)
2026-10-07 13:31:25.087+00:00 | EthScheduler-Workers-0 | INFO  | PersistBlockTask | Block 312 (0xc50685c54a23b2ede886208781354ce3f2efa3acf9991553cf95a63d573eb54f) is already imported
2026-10-07 13:31:27.090+00:00 | BftProcessorExecutor-QBFT-0 | INFO  | QbftBesuControllerBuilder | Imported #313 / 0 tx / 4 pending / 0 (0.0%) gas / (0x546e2e3974c4c75c2294791b54567f2dfa5ce8b6df2a197d053888e6f3eff2f2)
2026-10-07 13:31:29.089+00:00 | BftProcessorExecutor-QBFT-0 | INFO  | QbftBesuControllerBuilder | Imported #314 / 0 tx / 4 pending / 0 (0.0%) gas / (0x1093f938618e2c4399bfb62845cdf260d3b38faa311d3c5ae0dc794b33c52b17)
2026-10-07 13:31:31.111+00:00 | BftProcessorExecutor-QBFT-0 | INFO  | QbftBesuControllerBuilder | Imported #315 / 1 tx / 3 pending / 153,650 (0.0%) gas / (0xb58df56b94ea4fe0eeba7d400e55a77922cfe45d489dbf9d3d438b2debf26993)
2026-10-07 13:31:33.112+00:00 | BftProcessorExecutor-QBFT-0 | INFO  | QbftBesuControllerBuilder | Imported #316 / 1 tx / 2 pending / 153,618 (0.0%) gas / (0x2b85cd4eff05c9676ff5937e2b0b6b1560972db17badeb6258923de6260ec6d4)
2026-10-07 13:31:35.106+00:00 | BftProcessorExecutor-QBFT-0 | INFO  | QbftBesuControllerBuilder | Imported #317 / 1 tx / 1 pending / 153,650 (0.0%) gas / (0x20abb7f0a374f7675d5687dcd68cf3f1c2376a51f6b3e7ad3c0dee9d0e8ce6bc)
2026-10-07 13:31:37.102+00:00 | BftProcessorExecutor-QBFT-0 | INFO  | QbftBesuControllerBuilder | Imported #318 / 1 tx / 0 pending / 153,630 (0.0%) gas / (0xe44a3084358a4f3618c063ed56e9ed6556dc6ba86d926e061f61ddc40b106da2)
2026-10-07 13:31:39.084+00:00 | BftProcessorExecutor-QBFT-0 | INFO  | QbftBesuControllerBuilder | Imported #319 / 0 tx / 0 pending / 0 (0.0%) gas / (0xc9ab810841add6d4310720ccaadbe5090b3e2bb6e88db2eee829b295ec6b8e13)
2026-10-07 13:31:41.087+00:00 | BftProcessorExecutor-QBFT-0 | INFO  | QbftBesuControllerBuilder | Imported #320 / 0 tx / 0 pending / 0 (0.0%) gas / (0xf0a74140b57e7f0f710bc7a736107bd882cd006119576bee7710f37de7bfea77)
2026-10-07 13:31:43.096+00:00 | BftProcessorExecutor-QBFT-0 | INFO  | QbftBesuControllerBuilder | Imported #321 / 0 tx / 0 pending / 0 (0.0%) gas / (0x4cf08f4f73ab1a12148f4f91bec43e9bf821d511d5851cff8159c7be945de156)
2026-10-07 13:31:45.083+00:00 | BftProcessorExecutor-QBFT-0 | INFO  | QbftBesuControllerBuilder | Produced #322 / 0 tx / 0 pending / 0 (0.0%) gas / (0x08ff9f38ce50c33a88d289d6cd648099a53dab619f5dc0409e6a47d12cb21305)
2026-10-07 13:31:47.084+00:00 | BftProcessorExecutor-QBFT-0 | INFO  | QbftBesuControllerBuilder | Imported #323 / 0 tx / 0 pending / 0 (0.0%) gas / (0x78daa1e52a7c07d458538cf5cca716cde49dbd0f1a17debfdb6841d2831b3293)
2026-10-07 13:31:47.084+00:00 | EthScheduler-Workers-0 | INFO  | PersistBlockTask | Block 323 (0x78daa1e52a7c07d458538cf5cca716cde49dbd0f1a17debfdb6841d2831b3293) is already imported
2026-10-07 13:31:49.087+00:00 | BftProcessorExecutor-QBFT-0 | INFO  | QbftBesuControllerBuilder | Imported #324 / 0 tx / 0 pending / 0 (0.0%) gas / (0x7a9af2bd76e803c50e442bea6b59c2c09c2ce9b1a6f6c5c99e699240f16f69bb)
2026-10-07 13:31:51.093+00:00 | EthScheduler-Workers-0 | INFO  | PersistBlockTask | Block 325 (0xfd828a1dde58150c6272159ae3f13bec8faefc1e281edec2952336c79b0a69bf) is already imported
2026-10-07 13:31:51.093+00:00 | BftProcessorExecutor-QBFT-0 | INFO  | QbftBesuControllerBuilder | Imported #325 / 0 tx / 0 pending / 0 (0.0%) gas / (0xfd828a1dde58150c6272159ae3f13bec8faefc1e281edec2952336c79b0a69bf)
2026-10-07 13:31:53.080+00:00 | BftProcessorExecutor-QBFT-0 | INFO  | QbftBesuControllerBuilder | Imported #326 / 0 tx / 0 pending / 0 (0.0%) gas / (0x0d425ef45b38ae6b370026eb5460f1a871896fba2272e00ba0599fe57a8cf531)
2026-10-07 13:31:55.078+00:00 | BftProcessorExecutor-QBFT-0 | INFO  | QbftBesuControllerBuilder | Imported #327 / 0 tx / 0 pending / 0 (0.0%) gas / (0xe0a868f4875a148652e61e83825434996404ef4e69e3921021e2ee1f8a9e31c2)
2026-10-07 13:31:57.083+00:00 | BftProcessorExecutor-QBFT-0 | INFO  | QbftBesuControllerBuilder | Imported #328 / 0 tx / 0 pending / 0 (0.0%) gas / (0x17746cbad636fef5e1097069b28529f5d1b910664495df8a3beeefe459a875da)
2026-10-07 13:31:59.087+00:00 | BftProcessorExecutor-QBFT-0 | INFO  | QbftBesuControllerBuilder | Imported #329 / 0 tx / 0 pending / 0 (0.0%) gas / (0x8b0c9c6cf17ded0616269dd5f9a892c49407ae51369304d555e1d348d4ad9330)
2026-10-07 13:32:01.085+00:00 | BftProcessorExecutor-QBFT-0 | INFO  | QbftBesuControllerBuilder | Imported #330 / 0 tx / 0 pending / 0 (0.0%) gas / (0xb7b83e255244fb1c502e07cae1c5473f77fdd36200e49827b5cb2389c0c08184)
2026-10-07 13:32:03.083+00:00 | BftProcessorExecutor-QBFT-0 | INFO  | QbftBesuControllerBuilder | Imported #331 / 0 tx / 0 pending / 0 (0.0%) gas / (0x67c5db54f7c32b9a9e8f92679636916d6890159887822175db8170a1a26ba64c)
2026-10-07 13:32:03.082+00:00 | EthScheduler-Workers-0 | INFO  | PersistBlockTask | Block 331 (0x67c5db54f7c32b9a9e8f92679636916d6890159887822175db8170a1a26ba64c) is already imported
2026-10-07 13:32:05.089+00:00 | BftProcessorExecutor-QBFT-0 | INFO  | QbftBesuControllerBuilder | Imported #332 / 0 tx / 0 pending / 0 (0.0%) gas / (0x648d4ee8f1820f94ab15ae6c0962d0f91ff27fc8d4bdba9e5ef586d7c28419a0)
2026-10-07 13:32:07.083+00:00 | BftProcessorExecutor-QBFT-0 | INFO  | QbftBesuControllerBuilder | Imported #333 / 0 tx / 0 pending / 0 (0.0%) gas / (0x1b911ed6659f4a3d78d99e0a9af581fe2d12aec5e8eb114439ae635ec75b6c69)
2026-10-07 13:32:09.065+00:00 | BftProcessorExecutor-QBFT-0 | INFO  | QbftBesuControllerBuilder | Imported #334 / 0 tx / 0 pending / 0 (0.0%) gas / (0x08c3f030661eb087d2c1a838553eec1599e59a0933c932677ac040062b53b244)
2026-10-07 13:32:11.086+00:00 | BftProcessorExecutor-QBFT-0 | INFO  | QbftBesuControllerBuilder | Imported #335 / 0 tx / 0 pending / 0 (0.0%) gas / (0x147381dac5b68d2f912ee5d93778a5476cda519b97e9d18873044ae3c0e8cd88)
2026-10-07 13:32:13.084+00:00 | BftProcessorExecutor-QBFT-0 | INFO  | QbftBesuControllerBuilder | Imported #336 / 0 tx / 0 pending / 0 (0.0%) gas / (0xdadd6c2d564433023b32cf83ef13f327ecb075a52ae2db279177547c6050ab15)
2026-10-07 13:32:15.071+00:00 | BftProcessorExecutor-QBFT-0 | INFO  | QbftBesuControllerBuilder | Produced #337 / 0 tx / 0 pending / 0 (0.0%) gas / (0x0db8534235dd465e55d23356dfdd0201e2e8ecb1db73e7d2bc817dc69fa25c64)
2026-10-07 13:32:17.080+00:00 | BftProcessorExecutor-QBFT-0 | INFO  | QbftBesuControllerBuilder | Imported #338 / 0 tx / 0 pending / 0 (0.0%) gas / (0x0c72489f30de4229bb0f56770bc7c56d811ed48e3a221cc22722fecf9a69cf07)
2026-10-07 13:32:19.087+00:00 | BftProcessorExecutor-QBFT-0 | INFO  | QbftBesuControllerBuilder | Imported #339 / 0 tx / 0 pending / 0 (0.0%) gas / (0xb6311b2601df4491c9b77b736b81199f086b461c7d4684d7c94d048fd1d39b3d)
2026-10-07 13:32:21.084+00:00 | BftProcessorExecutor-QBFT-0 | INFO  | QbftBesuControllerBuilder | Imported #340 / 0 tx / 0 pending / 0 (0.0%) gas / (0x8fc5ecba8e156f6dadc3ce9d7cef3d5248372bf2459a85967b88853a58ac8226)
2026-10-07 13:32:23.090+00:00 | EthScheduler-Workers-0 | INFO  | PersistBlockTask | Block 341 (0x64e3e733e653383202af9d0184af2606b136b976410773a8a3de707932d1c52a) is already imported
2026-10-07 13:32:23.090+00:00 | BftProcessorExecutor-QBFT-0 | INFO  | QbftBesuControllerBuilder | Imported #341 / 0 tx / 0 pending / 0 (0.0%) gas / (0x64e3e733e653383202af9d0184af2606b136b976410773a8a3de707932d1c52a)
2026-10-07 13:32:25.067+00:00 | BftProcessorExecutor-QBFT-0 | INFO  | QbftBesuControllerBuilder | Imported #342 / 0 tx / 0 pending / 0 (0.0%) gas / (0xde66352e43d60c6806eac24d1f7bed69fbffb33707d817dc5fb982ae3de4a5f7)
2026-10-07 13:32:27.087+00:00 | EthScheduler-Workers-0 | INFO  | PersistBlockTask | Block 343 (0xf2a29e418c8a6d2d16f819262afb3594c1beef8d4d4672b6c9c31a49c3bb031d) is already imported
2026-10-07 13:32:27.088+00:00 | BftProcessorExecutor-QBFT-0 | INFO  | QbftBesuControllerBuilder | Imported #343 / 0 tx / 0 pending / 0 (0.0%) gas / (0xf2a29e418c8a6d2d16f819262afb3594c1beef8d4d4672b6c9c31a49c3bb031d)
2026-10-07 13:32:29.092+00:00 | EthScheduler-Workers-0 | INFO  | PersistBlockTask | Block 344 (0x160ce56c5622a7f82373d8ef97990f9189efd2e9592355590b5d7601005485ee) is already imported
2026-10-07 13:32:29.092+00:00 | BftProcessorExecutor-QBFT-0 | INFO  | QbftBesuControllerBuilder | Imported #344 / 0 tx / 0 pending / 0 (0.0%) gas / (0x160ce56c5622a7f82373d8ef97990f9189efd2e9592355590b5d7601005485ee)
2026-10-07 13:32:31.083+00:00 | EthScheduler-Workers-0 | INFO  | PersistBlockTask | Block 345 (0x5fcadcbf41c729d88dac9da41814484200c8dadb483dd3a18946b8869c381b2e) is already imported
2026-10-07 13:32:31.084+00:00 | BftProcessorExecutor-QBFT-0 | INFO  | QbftBesuControllerBuilder | Imported #345 / 0 tx / 0 pending / 0 (0.0%) gas / (0x5fcadcbf41c729d88dac9da41814484200c8dadb483dd3a18946b8869c381b2e)
2026-10-07 13:32:33.088+00:00 | BftProcessorExecutor-QBFT-0 | INFO  | QbftBesuControllerBuilder | Imported #346 / 0 tx / 0 pending / 0 (0.0%) gas / (0x73ee160638a55e9bc3f79def146ca1e799dc0564db82972c82d87ec9e2dfafc5)
2026-10-07 13:32:35.089+00:00 | BftProcessorExecutor-QBFT-0 | INFO  | QbftBesuControllerBuilder | Imported #347 / 0 tx / 0 pending / 0 (0.0%) gas / (0x2f094a759a4e92802ef6bc27f16b841491ca145ae972ef38d0ade8d209a10f51)
2026-10-07 13:32:37.091+00:00 | BftProcessorExecutor-QBFT-0 | INFO  | QbftBesuControllerBuilder | Imported #348 / 0 tx / 0 pending / 0 (0.0%) gas / (0xce321aba5796eb076c15e8ec5f091a03fb07d97422260d460e427fc5b14c4907)
2026-10-07 13:32:39.081+00:00 | EthScheduler-Workers-0 | INFO  | PersistBlockTask | Imported #349 / 0 tx / 0 om / 0 (0.0%) gas / (0xa51ac327ca27b8e90b7b3cf653e91ee08f70434c907665afac026bbed60e8c10) in 0.002s. Peers: 14
2026-10-07 13:32:41.081+00:00 | BftProcessorExecutor-QBFT-0 | INFO  | QbftBesuControllerBuilder | Imported #350 / 0 tx / 0 pending / 0 (0.0%) gas / (0x97719d0041f7de92b9271629e5818df928e5caee09348d2e3da3d1fb7acd9e31)
2026-10-07 13:32:41.081+00:00 | EthScheduler-Workers-0 | INFO  | PersistBlockTask | Block 350 (0x97719d0041f7de92b9271629e5818df928e5caee09348d2e3da3d1fb7acd9e31) is already imported
2026-10-07 13:32:43.543+00:00 | BftProcessorExecutor-QBFT-0 | INFO  | QbftBesuControllerBuilder | Imported #351 / 22 tx / 431 pending / 5,323,340 (0.0%) gas / (0x312a78cd7421a2b5ab1a5bb0bfaed597fa574418c18ddeebeca24d9ef16dcf4e)
2026-10-07 13:32:45.751+00:00 | BftProcessorExecutor-QBFT-0 | INFO  | QbftBesuControllerBuilder | Produced #352 / 42 tx / 777 pending / 10,162,740 (0.0%) gas / (0x90ff4eed437d2f7024e2982fd29316defb192722f229e2d34b2d5b072b7d54e0)
2026-10-07 13:32:48.049+00:00 | BftProcessorExecutor-QBFT-0 | INFO  | QbftBesuControllerBuilder | Imported #353 / 67 tx / 1206 pending / 16,211,990 (0.0%) gas / (0x40ba079a1802a0c9c79e7f07d3ecfab06af39f3659383a234b7db3c48eafd65a)
2026-10-07 13:32:50.456+00:00 | EthScheduler-Workers-0 | INFO  | PersistBlockTask | Block 354 (0x3d96227409643b3094c7adfc8299a8fc05098931678e2412a78c52ccad927ada) is already imported
2026-10-07 13:32:50.458+00:00 | BftProcessorExecutor-QBFT-0 | INFO  | QbftBesuControllerBuilder | Imported #354 / 99 tx / 1706 pending / 23,955,030 (0.0%) gas / (0x3d96227409643b3094c7adfc8299a8fc05098931678e2412a78c52ccad927ada)
2026-10-07 13:32:53.041+00:00 | BftProcessorExecutor-QBFT-0 | INFO  | QbftBesuControllerBuilder | Imported #355 / 136 tx / 2419 pending / 32,907,920 (0.0%) gas / (0xf5e6071b2631d39d5199b14e72f328f97790874331252fc1fb628203745f6759)
2026-10-07 13:32:55.698+00:00 | EthScheduler-Workers-0 | INFO  | PersistBlockTask | Block 356 (0xec6f31c2a515fd1a417c17a7c7229943dc67e3293979e94a58580f309cdd82d3) is already imported
2026-10-07 13:32:55.701+00:00 | BftProcessorExecutor-QBFT-0 | INFO  | QbftBesuControllerBuilder | Imported #356 / 187 tx / 3232 pending / 45,248,390 (0.0%) gas / (0xec6f31c2a515fd1a417c17a7c7229943dc67e3293979e94a58580f309cdd82d3)
2026-10-07 13:32:59.296+00:00 | EthScheduler-Workers-0 | INFO  | PersistBlockTask | Block 357 (0x4553c954d57406fb80fa7ed0d946a565e9c63998f09845044f4657e58e6c64da) is already imported
2026-10-07 13:32:59.300+00:00 | BftProcessorExecutor-QBFT-0 | INFO  | QbftBesuControllerBuilder | Imported #357 / 254 tx / 4506 pending / 61,460,380 (0.0%) gas / (0x4553c954d57406fb80fa7ed0d946a565e9c63998f09845044f4657e58e6c64da)
2026-10-07 13:33:04.104+00:00 | EthScheduler-Workers-0 | INFO  | PersistBlockTask | Block 358 (0xd9457ed50eacfd71cdf1d707af363a5f59c71453830c455afb4775b3660f3a96) is already imported
2026-10-07 13:33:04.111+00:00 | BftProcessorExecutor-QBFT-0 | INFO  | QbftBesuControllerBuilder | Imported #358 / 351 tx / 6012 pending / 84,931,470 (0.0%) gas / (0xd9457ed50eacfd71cdf1d707af363a5f59c71453830c455afb4775b3660f3a96)
2026-10-07 13:33:08.738+00:00 | EthScheduler-Workers-0 | INFO  | PersistBlockTask | Block 359 (0xfe413855009b2a38ad8f5cc5dd41593d96752c6a65457a756ac75bf2832b54a9) is already imported
2026-10-07 13:33:08.743+00:00 | BftProcessorExecutor-QBFT-0 | INFO  | QbftBesuControllerBuilder | Imported #359 / 342 tx / 7345 pending / 82,753,740 (0.0%) gas / (0xfe413855009b2a38ad8f5cc5dd41593d96752c6a65457a756ac75bf2832b54a9)
2026-10-07 13:33:13.417+00:00 | EthScheduler-Workers-0 | INFO  | PersistBlockTask | Block 360 (0x3e5121bfd5e859b04ccdadc08e3b2645083a89f4207b7778c53213613af1a427) is already imported
2026-10-07 13:33:13.423+00:00 | BftProcessorExecutor-QBFT-0 | INFO  | QbftBesuControllerBuilder | Imported #360 / 344 tx / 8950 pending / 83,237,680 (0.0%) gas / (0x3e5121bfd5e859b04ccdadc08e3b2645083a89f4207b7778c53213613af1a427)
2026-10-07 13:33:18.198+00:00 | BftProcessorExecutor-QBFT-0 | INFO  | QbftBesuControllerBuilder | Imported #361 / 361 tx / 10384 pending / 87,351,170 (0.0%) gas / (0x0e0b80c95e1a36c982062cd6d75fccf1875d81b811a38b5cb2c34edfceacaf8a)
2026-10-07 13:33:22.833+00:00 | EthScheduler-Workers-0 | INFO  | PersistBlockTask | Block 362 (0x7b93ebec7499591f9ec9244fdece666a8e1aec8a03319a993e551ebd46de7523) is already imported
2026-10-07 13:33:22.835+00:00 | BftProcessorExecutor-QBFT-0 | INFO  | QbftBesuControllerBuilder | Imported #362 / 338 tx / 11746 pending / 81,785,860 (0.0%) gas / (0x7b93ebec7499591f9ec9244fdece666a8e1aec8a03319a993e551ebd46de7523)
2026-10-07 13:33:27.479+00:00 | BftProcessorExecutor-QBFT-0 | INFO  | QbftBesuControllerBuilder | Imported #363 / 337 tx / 13137 pending / 81,543,890 (0.0%) gas / (0xf1881bdd3aecb59ab012a79e3f4bbcb7fe4d743177d1038f7d4fd903098aa1f9)
2026-10-07 13:33:32.129+00:00 | EthScheduler-Workers-0 | INFO  | PersistBlockTask | Block 364 (0x2803d37d1a142e2a87a0b4d179a490f57d1a7f262466532c604afd7998374ce9) is already imported
2026-10-07 13:33:32.133+00:00 | BftProcessorExecutor-QBFT-0 | INFO  | QbftBesuControllerBuilder | Imported #364 / 348 tx / 13156 pending / 84,205,560 (0.0%) gas / (0x2803d37d1a142e2a87a0b4d179a490f57d1a7f262466532c604afd7998374ce9)
2026-10-07 13:33:36.787+00:00 | BftProcessorExecutor-QBFT-0 | INFO  | QbftBesuControllerBuilder | Imported #365 / 347 tx / 12809 pending / 83,963,590 (0.0%) gas / (0xb86233845382f4bd932ca137e2f78ac94120295d4e983e2415600e56538660c9)
2026-10-07 13:33:41.509+00:00 | EthScheduler-Workers-0 | INFO  | PersistBlockTask | Block 366 (0xb2001eecba06e867fb5e5e9bcf40ae6cd6082661e443ee11cb5f0c6a357bce07) is already imported
2026-10-07 13:33:41.514+00:00 | BftProcessorExecutor-QBFT-0 | INFO  | QbftBesuControllerBuilder | Imported #366 / 347 tx / 12462 pending / 83,963,590 (0.0%) gas / (0xb2001eecba06e867fb5e5e9bcf40ae6cd6082661e443ee11cb5f0c6a357bce07)
2026-10-07 13:33:43.016+00:00 | BftProcessorExecutor-QBFT-0 | WARN  | BlockTransactionSelector | Interrupting the selection of transactions for block inclusion as it exceeds the maximum configured duration of 1500ms
java.util.concurrent.TimeoutException
	at java.base/java.util.concurrent.CompletableFuture.timedGet(CompletableFuture.java:1960)
	at java.base/java.util.concurrent.CompletableFuture.get(CompletableFuture.java:2095)
	at org.hyperledger.besu.ethereum.blockcreation.txselection.BlockTransactionSelector.timeLimitedSelection(BlockTransactionSelector.java:186)
	at org.hyperledger.besu.ethereum.blockcreation.txselection.BlockTransactionSelector.buildTransactionListForBlock(BlockTransactionSelector.java:169)
	at org.hyperledger.besu.ethereum.blockcreation.AbstractBlockCreator.selectTransactions(AbstractBlockCreator.java:376)
	at org.hyperledger.besu.ethereum.blockcreation.AbstractBlockCreator.createBlock(AbstractBlockCreator.java:218)
	at org.hyperledger.besu.ethereum.blockcreation.AbstractBlockCreator.createBlock(AbstractBlockCreator.java:146)
	at org.hyperledger.besu.consensus.common.bft.blockcreation.BftBlockCreator.createBlock(BftBlockCreator.java:92)
	at org.hyperledger.besu.consensus.qbft.statemachine.QbftRound.createAndSendProposalMessage(QbftRound.java:137)
	at org.hyperledger.besu.consensus.qbft.statemachine.QbftBlockHeightManager.handleBlockTimerExpiry(QbftBlockHeightManager.java:140)
	at org.hyperledger.besu.consensus.common.bft.statemachine.BaseBftController.handleBlockTimerExpiry(BaseBftController.java:167)
	at org.hyperledger.besu.consensus.common.bft.EventMultiplexer.handleBftEvent(EventMultiplexer.java:65)
	at java.base/java.util.Optional.ifPresent(Optional.java:178)
	at org.hyperledger.besu.consensus.common.bft.BftProcessor.run(BftProcessor.java:65)
	at java.base/java.util.concurrent.ThreadPoolExecutor.runWorker(ThreadPoolExecutor.java:1144)
	at java.base/java.util.concurrent.ThreadPoolExecutor$Worker.run(ThreadPoolExecutor.java:642)
	at java.base/java.lang.Thread.run(Thread.java:1583)
2026-10-07 13:33:46.255+00:00 | EthScheduler-Workers-0 | INFO  | PersistBlockTask | Block 367 (0x777d7964ecda00481a281f519cc42235b93f48d53785c92ede5d24c626ae8603) is already imported
2026-10-07 13:33:46.258+00:00 | BftProcessorExecutor-QBFT-0 | INFO  | QbftBesuControllerBuilder | Produced #367 / 351 tx / 12111 pending / 84,931,470 (0.0%) gas / (0x777d7964ecda00481a281f519cc42235b93f48d53785c92ede5d24c626ae8603)
2026-10-07 13:33:50.992+00:00 | BftProcessorExecutor-QBFT-0 | INFO  | QbftBesuControllerBuilder | Imported #368 / 349 tx / 11762 pending / 84,447,530 (0.0%) gas / (0x642477c63c5c31a4c1ecc4dc9b1a623eb8c6844bdf14dded7cf0138ef9a1e605)
2026-10-07 13:33:55.689+00:00 | EthScheduler-Workers-0 | INFO  | PersistBlockTask | Block 369 (0xd86b732b432fc6df91d805608f6a237b62498d586405a8d754054d0af784119b) is already imported
2026-10-07 13:33:55.699+00:00 | BftProcessorExecutor-QBFT-0 | INFO  | QbftBesuControllerBuilder | Imported #369 / 348 tx / 11414 pending / 84,205,560 (0.0%) gas / (0xd86b732b432fc6df91d805608f6a237b62498d586405a8d754054d0af784119b)
2026-10-07 13:34:00.570+00:00 | BftProcessorExecutor-QBFT-0 | INFO  | QbftBesuControllerBuilder | Imported #370 / 372 tx / 11042 pending / 90,012,840 (0.0%) gas / (0x45024441a09b879af3ae977554189f09b6c3ae38a0ce7a7d0379bc255b456a5f)
2026-10-07 13:34:05.291+00:00 | EthScheduler-Workers-0 | INFO  | PersistBlockTask | Block 371 (0x9d8ad4d2a32c387a1455e338dac375636bb44b48417a1d21cae6dc07e6f7c413) is already imported
2026-10-07 13:34:05.297+00:00 | BftProcessorExecutor-QBFT-0 | INFO  | QbftBesuControllerBuilder | Imported #371 / 348 tx / 10694 pending / 84,205,560 (0.0%) gas / (0x9d8ad4d2a32c387a1455e338dac375636bb44b48417a1d21cae6dc07e6f7c413)
2026-10-07 13:34:10.060+00:00 | EthScheduler-Workers-0 | INFO  | PersistBlockTask | Block 372 (0x55ee3e200d7ba54df708180d256b22d15370766a8879675a2bc0722ba306dcf5) is already imported
2026-10-07 13:34:10.066+00:00 | BftProcessorExecutor-QBFT-0 | INFO  | QbftBesuControllerBuilder | Imported #372 / 350 tx / 10344 pending / 84,689,500 (0.0%) gas / (0x55ee3e200d7ba54df708180d256b22d15370766a8879675a2bc0722ba306dcf5)
2026-10-07 13:34:14.904+00:00 | EthScheduler-Workers-0 | INFO  | PersistBlockTask | Block 373 (0xabb7c6788e398a096f94579e65d9325f86b051640fc0c10826efac249c37b238) is already imported
2026-10-07 13:34:14.910+00:00 | BftProcessorExecutor-QBFT-0 | INFO  | QbftBesuControllerBuilder | Imported #373 / 372 tx / 9972 pending / 90,012,840 (0.0%) gas / (0xabb7c6788e398a096f94579e65d9325f86b051640fc0c10826efac249c37b238)
2026-10-07 13:34:19.661+00:00 | EthScheduler-Workers-0 | INFO  | PersistBlockTask | Block 374 (0x16e6cdf1af9b96b72f18b3f938ebf55bb335a6d794cc234f0b9b527b3269d769) is already imported
2026-10-07 13:34:19.666+00:00 | BftProcessorExecutor-QBFT-0 | INFO  | QbftBesuControllerBuilder | Imported #374 / 350 tx / 9622 pending / 84,689,500 (0.0%) gas / (0x16e6cdf1af9b96b72f18b3f938ebf55bb335a6d794cc234f0b9b527b3269d769)
2026-10-07 13:34:24.469+00:00 | EthScheduler-Workers-0 | INFO  | PersistBlockTask | Block 375 (0xbc1ddcb070419fb7f42a1aaa49e5aa1a90d3e287628e626ba19b893c3609f501) is already imported
2026-10-07 13:34:24.474+00:00 | BftProcessorExecutor-QBFT-0 | INFO  | QbftBesuControllerBuilder | Imported #375 / 347 tx / 9275 pending / 83,963,590 (0.0%) gas / (0xbc1ddcb070419fb7f42a1aaa49e5aa1a90d3e287628e626ba19b893c3609f501)
2026-10-07 13:34:29.343+00:00 | BftProcessorExecutor-QBFT-0 | INFO  | QbftBesuControllerBuilder | Imported #376 / 374 tx / 8901 pending / 90,496,780 (0.0%) gas / (0xc5ac858b740cf8d78ce2c71aa4a794ece65d1dfe1b98ba3bb7af14f34d212c3c)
2026-10-07 13:34:34.068+00:00 | EthScheduler-Workers-0 | INFO  | PersistBlockTask | Block 377 (0xde510ffe3a316f121e27bf19a6950784cfb45705390e46cbe74e7d7d0c4d8f23) is already imported
2026-10-07 13:34:34.090+00:00 | BftProcessorExecutor-QBFT-0 | INFO  | QbftBesuControllerBuilder | Imported #377 / 348 tx / 8553 pending / 84,205,560 (0.0%) gas / (0xde510ffe3a316f121e27bf19a6950784cfb45705390e46cbe74e7d7d0c4d8f23)
2026-10-07 13:34:38.848+00:00 | EthScheduler-Workers-0 | INFO  | PersistBlockTask | Block 378 (0x570898a1d455ecd98a747786e6c4dc5fcdee125ab46c872633a84902ae3d2f33) is already imported
2026-10-07 13:34:38.851+00:00 | BftProcessorExecutor-QBFT-0 | INFO  | QbftBesuControllerBuilder | Imported #378 / 351 tx / 8202 pending / 84,931,470 (0.0%) gas / (0x570898a1d455ecd98a747786e6c4dc5fcdee125ab46c872633a84902ae3d2f33)
2026-10-07 13:34:43.764+00:00 | EthScheduler-Workers-0 | INFO  | PersistBlockTask | Block 379 (0xf949ba50016735c62a04d6c561627f434ffbb399974b3ccc6e813ed3ccdc8b44) is already imported
2026-10-07 13:34:43.768+00:00 | BftProcessorExecutor-QBFT-0 | INFO  | QbftBesuControllerBuilder | Imported #379 / 372 tx / 7830 pending / 90,012,840 (0.0%) gas / (0xf949ba50016735c62a04d6c561627f434ffbb399974b3ccc6e813ed3ccdc8b44)
2026-10-07 13:34:48.457+00:00 | EthScheduler-Workers-0 | INFO  | PersistBlockTask | Block 380 (0x7cf46beb2780f407752bad31c259746ec74ce85299bc860a501ced8980346337) is already imported
2026-10-07 13:34:48.463+00:00 | BftProcessorExecutor-QBFT-0 | INFO  | QbftBesuControllerBuilder | Imported #380 / 348 tx / 7482 pending / 84,205,560 (0.0%) gas / (0x7cf46beb2780f407752bad31c259746ec74ce85299bc860a501ced8980346337)
2026-10-07 13:34:53.182+00:00 | EthScheduler-Workers-0 | INFO  | PersistBlockTask | Block 381 (0x09c2adf41629eb8317e9aea157968670252361ae1f6dd6601c11a4356f69dc56) is already imported
2026-10-07 13:34:53.186+00:00 | BftProcessorExecutor-QBFT-0 | INFO  | QbftBesuControllerBuilder | Imported #381 / 350 tx / 7132 pending / 84,689,500 (0.0%) gas / (0x09c2adf41629eb8317e9aea157968670252361ae1f6dd6601c11a4356f69dc56)
2026-10-07 13:34:54.689+00:00 | BftProcessorExecutor-QBFT-0 | WARN  | BlockTransactionSelector | Interrupting the selection of transactions for block inclusion as it exceeds the maximum configured duration of 1500ms
java.util.concurrent.TimeoutException
	at java.base/java.util.concurrent.CompletableFuture.timedGet(CompletableFuture.java:1960)
	at java.base/java.util.concurrent.CompletableFuture.get(CompletableFuture.java:2095)
	at org.hyperledger.besu.ethereum.blockcreation.txselection.BlockTransactionSelector.timeLimitedSelection(BlockTransactionSelector.java:186)
	at org.hyperledger.besu.ethereum.blockcreation.txselection.BlockTransactionSelector.buildTransactionListForBlock(BlockTransactionSelector.java:169)
	at org.hyperledger.besu.ethereum.blockcreation.AbstractBlockCreator.selectTransactions(AbstractBlockCreator.java:376)
	at org.hyperledger.besu.ethereum.blockcreation.AbstractBlockCreator.createBlock(AbstractBlockCreator.java:218)
	at org.hyperledger.besu.ethereum.blockcreation.AbstractBlockCreator.createBlock(AbstractBlockCreator.java:146)
	at org.hyperledger.besu.consensus.common.bft.blockcreation.BftBlockCreator.createBlock(BftBlockCreator.java:92)
	at org.hyperledger.besu.consensus.qbft.statemachine.QbftRound.createAndSendProposalMessage(QbftRound.java:137)
	at org.hyperledger.besu.consensus.qbft.statemachine.QbftBlockHeightManager.handleBlockTimerExpiry(QbftBlockHeightManager.java:140)
	at org.hyperledger.besu.consensus.common.bft.statemachine.BaseBftController.handleBlockTimerExpiry(BaseBftController.java:167)
	at org.hyperledger.besu.consensus.common.bft.EventMultiplexer.handleBftEvent(EventMultiplexer.java:65)
	at java.base/java.util.Optional.ifPresent(Optional.java:178)
	at org.hyperledger.besu.consensus.common.bft.BftProcessor.run(BftProcessor.java:65)
	at java.base/java.util.concurrent.ThreadPoolExecutor.runWorker(ThreadPoolExecutor.java:1144)
	at java.base/java.util.concurrent.ThreadPoolExecutor$Worker.run(ThreadPoolExecutor.java:642)
	at java.base/java.lang.Thread.run(Thread.java:1583)
2026-10-07 13:34:57.893+00:00 | EthScheduler-Workers-0 | INFO  | PersistBlockTask | Block 382 (0x7a53039194638116f19778b25bd6db006d86139b227362bbeecdaeec49bb356b) is already imported
2026-10-07 13:34:57.896+00:00 | BftProcessorExecutor-QBFT-0 | INFO  | QbftBesuControllerBuilder | Produced #382 / 347 tx / 6785 pending / 83,963,590 (0.0%) gas / (0x7a53039194638116f19778b25bd6db006d86139b227362bbeecdaeec49bb356b)
2026-10-07 13:35:02.612+00:00 | EthScheduler-Workers-0 | INFO  | PersistBlockTask | Block 383 (0xbae8318905d8a8d2fd5a7a3271631459b37fb6d8dd60eb47589e526b9c3c9c54) is already imported
2026-10-07 13:35:02.616+00:00 | BftProcessorExecutor-QBFT-0 | INFO  | QbftBesuControllerBuilder | Imported #383 / 346 tx / 6439 pending / 83,721,620 (0.0%) gas / (0xbae8318905d8a8d2fd5a7a3271631459b37fb6d8dd60eb47589e526b9c3c9c54)
2026-10-07 13:35:07.293+00:00 | EthScheduler-Workers-0 | INFO  | PersistBlockTask | Block 384 (0xd221b7723d13f3b9d29dad11601d31a4c68d00b7bba701324c70a91ff773f556) is already imported
2026-10-07 13:35:07.301+00:00 | BftProcessorExecutor-QBFT-0 | INFO  | QbftBesuControllerBuilder | Imported #384 / 348 tx / 6091 pending / 84,205,560 (0.0%) gas / (0xd221b7723d13f3b9d29dad11601d31a4c68d00b7bba701324c70a91ff773f556)
2026-10-07 13:35:11.924+00:00 | EthScheduler-Workers-0 | INFO  | PersistBlockTask | Block 385 (0x1c5fc8840b7a787d7d6b12a2f42d6629a52155a2d960358570366b5a873920dd) is already imported
2026-10-07 13:35:11.928+00:00 | BftProcessorExecutor-QBFT-0 | INFO  | QbftBesuControllerBuilder | Imported #385 / 344 tx / 5747 pending / 83,237,680 (0.0%) gas / (0x1c5fc8840b7a787d7d6b12a2f42d6629a52155a2d960358570366b5a873920dd)
2026-10-07 13:35:16.658+00:00 | EthScheduler-Workers-0 | INFO  | PersistBlockTask | Block 386 (0x3a2e5a102a28113084112f6069a931d83cea6c010a2277bf215e22213388c096) is already imported
2026-10-07 13:35:16.662+00:00 | BftProcessorExecutor-QBFT-0 | INFO  | QbftBesuControllerBuilder | Imported #386 / 349 tx / 5398 pending / 84,447,530 (0.0%) gas / (0x3a2e5a102a28113084112f6069a931d83cea6c010a2277bf215e22213388c096)
2026-10-07 13:35:21.193+00:00 | EthScheduler-Workers-0 | INFO  | PersistBlockTask | Block 387 (0xf393dedcb4e62d113c93cdee4da983283315b5098b7c7a6d7587df87c1dfb933) is already imported
2026-10-07 13:35:21.196+00:00 | BftProcessorExecutor-QBFT-0 | INFO  | QbftBesuControllerBuilder | Imported #387 / 328 tx / 5070 pending / 79,366,160 (0.0%) gas / (0xf393dedcb4e62d113c93cdee4da983283315b5098b7c7a6d7587df87c1dfb933)
2026-10-07 13:35:25.969+00:00 | BftProcessorExecutor-QBFT-0 | INFO  | QbftBesuControllerBuilder | Imported #388 / 366 tx / 4704 pending / 88,561,020 (0.0%) gas / (0x8a374ef860f411c15162a9e6db222e0d0e2707b1d4f421010b28f02add1f44a1)
2026-10-07 13:35:30.619+00:00 | EthScheduler-Workers-0 | INFO  | PersistBlockTask | Block 389 (0x35c436cc5e65caf7d964da90e10f163aa8b324d18ceaeb59c0e25fe06149b281) is already imported
2026-10-07 13:35:30.622+00:00 | BftProcessorExecutor-QBFT-0 | INFO  | QbftBesuControllerBuilder | Imported #389 / 342 tx / 4362 pending / 82,753,740 (0.0%) gas / (0x35c436cc5e65caf7d964da90e10f163aa8b324d18ceaeb59c0e25fe06149b281)
2026-10-07 13:35:35.295+00:00 | EthScheduler-Workers-0 | INFO  | PersistBlockTask | Block 390 (0xf3bca45ddec132ae653854a5930923315aed35d2a2d0b15103b5131e9d7f08c7) is already imported
2026-10-07 13:35:35.298+00:00 | BftProcessorExecutor-QBFT-0 | INFO  | QbftBesuControllerBuilder | Imported #390 / 348 tx / 4014 pending / 84,205,560 (0.0%) gas / (0xf3bca45ddec132ae653854a5930923315aed35d2a2d0b15103b5131e9d7f08c7)
2026-10-07 13:35:39.843+00:00 | BftProcessorExecutor-QBFT-0 | INFO  | QbftBesuControllerBuilder | Imported #391 / 338 tx / 3676 pending / 81,785,860 (0.0%) gas / (0x3f7d65ab1d134495b9cda12cdf498b6a0dca1a3a8c574b14e19b77ab48c56d13)
2026-10-07 13:35:44.544+00:00 | EthScheduler-Workers-0 | INFO  | PersistBlockTask | Block 392 (0x9eb12d539c86a159978a5387d96344633e616cd1375241ea562191e908ccf2b4) is already imported
2026-10-07 13:35:44.547+00:00 | BftProcessorExecutor-QBFT-0 | INFO  | QbftBesuControllerBuilder | Imported #392 / 346 tx / 3330 pending / 83,721,620 (0.0%) gas / (0x9eb12d539c86a159978a5387d96344633e616cd1375241ea562191e908ccf2b4)
2026-10-07 13:35:49.166+00:00 | BftProcessorExecutor-QBFT-0 | INFO  | QbftBesuControllerBuilder | Imported #393 / 342 tx / 2988 pending / 82,753,740 (0.0%) gas / (0x4773cad3aab429678e6517025efc864dcd6f252f8d0230b8efc05d7ca6e27f8a)
2026-10-07 13:35:54.051+00:00 | BftProcessorExecutor-QBFT-0 | INFO  | QbftBesuControllerBuilder | Imported #394 / 373 tx / 2615 pending / 90,254,810 (0.0%) gas / (0x67e931e06a47728a1f60a61cbd913a87b6b22c26f041a92b42c536fd612eae4a)
2026-10-07 13:35:58.771+00:00 | EthScheduler-Workers-0 | INFO  | PersistBlockTask | Block 395 (0x02ecc21487dcd38024032733a9604d9545fa19817e93eadf0e0f4e7374ccea22) is already imported
2026-10-07 13:35:58.774+00:00 | BftProcessorExecutor-QBFT-0 | INFO  | QbftBesuControllerBuilder | Imported #395 / 349 tx / 2266 pending / 84,447,530 (0.0%) gas / (0x02ecc21487dcd38024032733a9604d9545fa19817e93eadf0e0f4e7374ccea22)
2026-10-07 13:36:03.444+00:00 | EthScheduler-Workers-0 | INFO  | PersistBlockTask | Block 396 (0x06b91c019cd8e8cb94501bd0ed84fa214792dca52b7da2f4370c679af0581ddf) is already imported
2026-10-07 13:36:03.446+00:00 | BftProcessorExecutor-QBFT-0 | INFO  | QbftBesuControllerBuilder | Imported #396 / 350 tx / 1916 pending / 84,689,500 (0.0%) gas / (0x06b91c019cd8e8cb94501bd0ed84fa214792dca52b7da2f4370c679af0581ddf)
2026-10-07 13:36:08.198+00:00 | EthScheduler-Workers-0 | INFO  | PersistBlockTask | Block 397 (0x5a672dc69025f812a0495dd07438ec10d667e7acd45537d8ffdea9696515e982) is already imported
2026-10-07 13:36:08.200+00:00 | BftProcessorExecutor-QBFT-0 | INFO  | QbftBesuControllerBuilder | Produced #397 / 350 tx / 1566 pending / 84,689,500 (0.0%) gas / (0x5a672dc69025f812a0495dd07438ec10d667e7acd45537d8ffdea9696515e982)
2026-10-07 13:36:12.572+00:00 | BftProcessorExecutor-QBFT-0 | INFO  | QbftBesuControllerBuilder | Imported #398 / 328 tx / 1238 pending / 79,366,160 (0.0%) gas / (0x38d1032ceff86067a6de1e35085b60e1d8d26695d598cbb320b0e53687ea66b8)
2026-10-07 13:36:16.508+00:00 | BftProcessorExecutor-QBFT-0 | INFO  | QbftBesuControllerBuilder | Imported #399 / 294 tx / 944 pending / 71,139,180 (0.0%) gas / (0x01e6a03c8269f19b23daf5db0436fda2dd1a4cdb101f4f3e5bf2f7abdec254e3)
2026-10-07 13:36:19.710+00:00 | BftProcessorExecutor-QBFT-0 | INFO  | QbftBesuControllerBuilder | Imported #400 / 237 tx / 707 pending / 57,346,890 (0.0%) gas / (0x7cc9a766726baf35f63a745df016e33cce0e81f6ecced6052ecf970e7cd6a7eb)
2026-10-07 13:36:22.512+00:00 | EthScheduler-Workers-0 | INFO  | PersistBlockTask | Block 401 (0x6ba87ba7078982d4f3fa3ab3fafd54ce8c646ae39085d710612f9edb18c762c6) is already imported
2026-10-07 13:36:22.514+00:00 | BftProcessorExecutor-QBFT-0 | INFO  | QbftBesuControllerBuilder | Imported #401 / 205 tx / 502 pending / 49,603,850 (0.0%) gas / (0x6ba87ba7078982d4f3fa3ab3fafd54ce8c646ae39085d710612f9edb18c762c6)
2026-10-07 13:36:24.666+00:00 | BftProcessorExecutor-QBFT-0 | INFO  | QbftBesuControllerBuilder | Imported #402 / 157 tx / 345 pending / 37,989,290 (0.0%) gas / (0xafedbb18784044784c613bf815f8b9ccc60c2f72983e09ebd453904c5fc98d32)
2026-10-07 13:36:25.067+00:00 | BftProcessorExecutor-QBFT-0 | INFO  | QbftBesuControllerBuilder | Imported #403 / 0 tx / 345 pending / 0 (0.0%) gas / (0x09b4ae81f6318594169d57ac971f2f2f24a4ac61241e510f627e242af976eaf9)
2026-10-07 13:36:27.941+00:00 | BftProcessorExecutor-QBFT-0 | INFO  | QbftBesuControllerBuilder | Imported #404 / 55 tx / 290 pending / 13,308,350 (0.0%) gas / (0x0330a1707c7e29e52a76e11bff21e00c407121ef9afc8e0a7c0756050726647f)
2026-10-07 13:36:29.883+00:00 | BftProcessorExecutor-QBFT-0 | INFO  | QbftBesuControllerBuilder | Imported #405 / 59 tx / 231 pending / 14,276,230 (0.0%) gas / (0xc879698e7a3fd6468f64fb27950e125c2d624d3ba6780b423ebe1a8a1d3356bf)
2026-10-07 13:36:31.448+00:00 | BftProcessorExecutor-QBFT-0 | INFO  | QbftBesuControllerBuilder | Imported #406 / 25 tx / 206 pending / 6,049,250 (0.0%) gas / (0x83219a9b1daeedbe3401cbd9c9a5f8d0c66f32285dd2cf6e7e59352c92e1b4b2)
2026-10-07 13:36:33.987+00:00 | EthScheduler-Workers-0 | INFO  | PersistBlockTask | Block 407 (0x3706daf554cccb9e9584ef6404d9421838a015ebbf1c4d73833128982041eccb) is already imported
2026-10-07 13:36:33.987+00:00 | BftProcessorExecutor-QBFT-0 | INFO  | QbftBesuControllerBuilder | Imported #407 / 66 tx / 140 pending / 15,970,020 (0.0%) gas / (0x3706daf554cccb9e9584ef6404d9421838a015ebbf1c4d73833128982041eccb)
2026-10-07 13:36:35.991+00:00 | BftProcessorExecutor-QBFT-0 | INFO  | QbftBesuControllerBuilder | Imported #408 / 68 tx / 72 pending / 16,453,960 (0.0%) gas / (0x7eef36808620e9c39d14ce27dfeaa5bd5c904c75e4d441290a8109f8b286ba8a)
2026-10-07 13:36:37.161+00:00 | BftProcessorExecutor-QBFT-0 | INFO  | QbftBesuControllerBuilder | Imported #409 / 5 tx / 67 pending / 1,209,850 (0.0%) gas / (0xd42e6667574acbb9cf271dc411b21514d5745320b5b56098a52843623ce6a1d1)
2026-10-07 13:36:39.758+00:00 | BftProcessorExecutor-QBFT-0 | INFO  | QbftBesuControllerBuilder | Imported #410 / 46 tx / 21 pending / 11,130,620 (0.0%) gas / (0xa1fea523b056da03ab60caa00d9b0ed08844e8961763c6613d9310ae80c9b8f5)
2026-10-07 13:36:39.759+00:00 | EthScheduler-Workers-0 | INFO  | PersistBlockTask | Block 410 (0xa1fea523b056da03ab60caa00d9b0ed08844e8961763c6613d9310ae80c9b8f5) is already imported
2026-10-07 13:36:41.398+00:00 | BftProcessorExecutor-QBFT-0 | INFO  | QbftBesuControllerBuilder | Imported #411 / 21 tx / 0 pending / 5,081,370 (0.0%) gas / (0x95c9f6a2c0f69a63ae8e00871deb6d9cbd5e924254bcfb1b2a0c58d322f4b2e5)
2026-10-07 13:36:43.075+00:00 | BftProcessorExecutor-QBFT-0 | INFO  | QbftBesuControllerBuilder | Produced #412 / 0 tx / 0 pending / 0 (0.0%) gas / (0x120b5b8871a57e80db2b2cb95312ef3b2ed49bf030bfdf10800be45eb950a943)
2026-10-07 13:36:45.092+00:00 | BftProcessorExecutor-QBFT-0 | INFO  | QbftBesuControllerBuilder | Imported #413 / 0 tx / 0 pending / 0 (0.0%) gas / (0xac572a1a687c8692494e450c6daec677a0da62457a690389d0389be78d249303)
2026-10-07 13:36:47.100+00:00 | BftProcessorExecutor-QBFT-0 | INFO  | QbftBesuControllerBuilder | Imported #414 / 0 tx / 0 pending / 0 (0.0%) gas / (0x51d170fabc2c2c6d49264760ddd799fc18acee0944ca5777326286318703db8b)
2026-10-07 13:36:49.082+00:00 | BftProcessorExecutor-QBFT-0 | INFO  | QbftBesuControllerBuilder | Imported #415 / 0 tx / 0 pending / 0 (0.0%) gas / (0x418d0292dfdde19ce6b07b2937ed9ca7e81850e7bd9d18acc76aa1f14c8862c3)
2026-10-07 13:36:51.090+00:00 | BftProcessorExecutor-QBFT-0 | INFO  | QbftBesuControllerBuilder | Imported #416 / 0 tx / 0 pending / 0 (0.0%) gas / (0xcb049592afb33ddba0febd400700458fec3f27f7bb2e0fc6dd95510de40cba57)
2026-10-07 13:36:53.095+00:00 | BftProcessorExecutor-QBFT-0 | INFO  | QbftBesuControllerBuilder | Imported #417 / 0 tx / 0 pending / 0 (0.0%) gas / (0x99d57301f12b1486b4f57eb05d1a09943abf89c7f7973f553fe75826fbd646ba)
2026-10-07 13:36:55.095+00:00 | BftProcessorExecutor-QBFT-0 | INFO  | QbftBesuControllerBuilder | Imported #418 / 0 tx / 0 pending / 0 (0.0%) gas / (0x77b89715a8472696426bfb8c06741e4d7533be4ab00b518d1ea4def4c000f513)
2026-10-07 13:36:57.094+00:00 | BftProcessorExecutor-QBFT-0 | INFO  | QbftBesuControllerBuilder | Imported #419 / 0 tx / 0 pending / 0 (0.0%) gas / (0x33bb7026a33038268b76b0607354446ba1f4c014781f438345a6984d2653b415)
2026-10-07 13:36:59.096+00:00 | BftProcessorExecutor-QBFT-0 | INFO  | QbftBesuControllerBuilder | Imported #420 / 0 tx / 0 pending / 0 (0.0%) gas / (0xdf5e9f68c223bffadb034eb63939afeb71240cfa063b9852a7868189d3beda11)
2026-10-07 13:37:01.087+00:00 | BftProcessorExecutor-QBFT-0 | INFO  | QbftBesuControllerBuilder | Imported #421 / 0 tx / 0 pending / 0 (0.0%) gas / (0x11fa46519c63dcc731e2e99d399d7fc66eae6cb44b71e895080676df676206a0)
2026-10-07 13:37:03.095+00:00 | BftProcessorExecutor-QBFT-0 | INFO  | QbftBesuControllerBuilder | Imported #422 / 0 tx / 0 pending / 0 (0.0%) gas / (0x27238ad6f9714c02f51f2ab068821a0878a7f334d1ca2790a66392794216721a)
2026-10-07 13:37:05.069+00:00 | BftProcessorExecutor-QBFT-0 | INFO  | QbftBesuControllerBuilder | Imported #423 / 0 tx / 0 pending / 0 (0.0%) gas / (0xa58e4be754ebdcbb1b9334ff62dab6e1aa7d4bdca3e0fc0350be4632b542dbd8)
2026-10-07 13:37:07.092+00:00 | BftProcessorExecutor-QBFT-0 | INFO  | QbftBesuControllerBuilder | Imported #424 / 0 tx / 0 pending / 0 (0.0%) gas / (0xa1ce632a847ad750f73e2998606a56170a4c0057726517a2ea9b04e75dc37dd8)
2026-10-07 13:37:09.089+00:00 | BftProcessorExecutor-QBFT-0 | INFO  | QbftBesuControllerBuilder | Imported #425 / 0 tx / 0 pending / 0 (0.0%) gas / (0xb133442f4c5e7f824ce1f79548612328bf5e215e0c33520105637fa417276c8f)
2026-10-07 13:37:11.081+00:00 | BftProcessorExecutor-QBFT-0 | INFO  | QbftBesuControllerBuilder | Imported #426 / 0 tx / 0 pending / 0 (0.0%) gas / (0xbaa3082a73519259884215b995946a41eadee09d19c4a88a3203dc362a0d1b92)
2026-10-07 13:37:11.081+00:00 | EthScheduler-Workers-0 | INFO  | PersistBlockTask | Block 426 (0xbaa3082a73519259884215b995946a41eadee09d19c4a88a3203dc362a0d1b92) is already imported
2026-10-07 13:37:13.093+00:00 | BftProcessorExecutor-QBFT-0 | INFO  | QbftBesuControllerBuilder | Produced #427 / 0 tx / 0 pending / 0 (0.0%) gas / (0x1a98a905df900d2cb85f9a1371e3eb5d034c2d16311106c60feb8d6bfe14c858)
2026-10-07 13:37:15.090+00:00 | BftProcessorExecutor-QBFT-0 | INFO  | QbftBesuControllerBuilder | Imported #428 / 0 tx / 0 pending / 0 (0.0%) gas / (0x77b9e4f206f24af01998c4f949c9f8bffacb95721f3a15c6512032ed7c85242e)
2026-10-07 13:37:17.058+00:00 | BftProcessorExecutor-QBFT-0 | INFO  | QbftBesuControllerBuilder | Imported #429 / 0 tx / 0 pending / 0 (0.0%) gas / (0xe8e5df7295ad650aa499c8a5e998fb668f7d0b0b6bf6141342ec1d8fce242a79)
2026-10-07 13:37:19.097+00:00 | BftProcessorExecutor-QBFT-0 | INFO  | QbftBesuControllerBuilder | Imported #430 / 0 tx / 0 pending / 0 (0.0%) gas / (0xbeb7042bde38e133e0400e9f5c55011c3a38c27752f0b4ca9f2b8ae66c013da9)
2026-10-07 13:37:21.087+00:00 | BftProcessorExecutor-QBFT-0 | INFO  | QbftBesuControllerBuilder | Imported #431 / 0 tx / 0 pending / 0 (0.0%) gas / (0xb98b7c9d0df4bc2f4de2548db71307ed5a41c2ab8fc55e59b735be43c7d50d4d)
2026-10-07 13:37:23.095+00:00 | BftProcessorExecutor-QBFT-0 | INFO  | QbftBesuControllerBuilder | Imported #432 / 0 tx / 0 pending / 0 (0.0%) gas / (0x98948c8559f0fc345d802fef553bbf256713bdfbd5a79bd14893c730c3c21b2f)
2026-10-07 13:37:25.085+00:00 | BftProcessorExecutor-QBFT-0 | INFO  | QbftBesuControllerBuilder | Imported #433 / 0 tx / 0 pending / 0 (0.0%) gas / (0xb5e760da2905cecbb56667d9560541410849ccfb61c7aadb31140361f75fdeef)
2026-10-07 13:37:27.084+00:00 | BftProcessorExecutor-QBFT-0 | INFO  | QbftBesuControllerBuilder | Imported #434 / 0 tx / 0 pending / 0 (0.0%) gas / (0xce5fd09150587ae1bf7515ceb9d8487ca3ace452aab4f14ac8abe509731277de)
2026-10-07 13:37:29.094+00:00 | BftProcessorExecutor-QBFT-0 | INFO  | QbftBesuControllerBuilder | Imported #435 / 0 tx / 0 pending / 0 (0.0%) gas / (0x3e87f3e166341c39435665e8bfd899079b4ee0d3e1ca07311ca3d6644944f063)
2026-10-07 13:37:31.090+00:00 | BftProcessorExecutor-QBFT-0 | INFO  | QbftBesuControllerBuilder | Imported #436 / 0 tx / 0 pending / 0 (0.0%) gas / (0x8b04245cc2fd860902bc4bbdbb456b2cc7aa56606a4bc098ce56ecd35d20a57c)
2026-10-07 13:37:33.093+00:00 | BftProcessorExecutor-QBFT-0 | INFO  | QbftBesuControllerBuilder | Imported #437 / 0 tx / 0 pending / 0 (0.0%) gas / (0x7e813258d6a1c7d5c37c1395971b02e670081a462d6199867376038ea23b01f3)
2026-10-07 13:37:35.082+00:00 | BftProcessorExecutor-QBFT-0 | INFO  | QbftBesuControllerBuilder | Imported #438 / 0 tx / 0 pending / 0 (0.0%) gas / (0xed31ce07ec09ab8c207ff317f6afdac5b4ac18a2d6d0d3cc57fa6bb8f55d1b51)
2026-10-07 13:37:37.096+00:00 | BftProcessorExecutor-QBFT-0 | INFO  | QbftBesuControllerBuilder | Imported #439 / 0 tx / 0 pending / 0 (0.0%) gas / (0x1a9c9808dcd0b70b6a109f27776aa4e06248cab85fac0cb0917faeec7c9a4395)
2026-10-07 13:37:39.092+00:00 | BftProcessorExecutor-QBFT-0 | INFO  | QbftBesuControllerBuilder | Imported #440 / 0 tx / 0 pending / 0 (0.0%) gas / (0xd1b806754c513dbe9464b1ffa639f7af25e38dc7f262dcab2a9da6c50fbf6bd7)
2026-10-07 13:37:41.101+00:00 | BftProcessorExecutor-QBFT-0 | INFO  | QbftBesuControllerBuilder | Imported #441 / 0 tx / 0 pending / 0 (0.0%) gas / (0xbf65c2db6a9174e030b2ffa031a07b26941e74f88d4582d9d37a5fedae030ae8)
2026-10-07 13:37:43.083+00:00 | BftProcessorExecutor-QBFT-0 | INFO  | QbftBesuControllerBuilder | Produced #442 / 0 tx / 0 pending / 0 (0.0%) gas / (0x3016404e97197be165e1d1845584db55ffff2bb9f7f6719fee22c2f3099ff52d)
2026-10-07 13:37:45.090+00:00 | BftProcessorExecutor-QBFT-0 | INFO  | QbftBesuControllerBuilder | Imported #443 / 0 tx / 0 pending / 0 (0.0%) gas / (0xca1f7c69583c2f8f08ca689575db487d53903ef2dc5a27a6be8646fd1ab56200)
2026-10-07 13:37:47.093+00:00 | BftProcessorExecutor-QBFT-0 | INFO  | QbftBesuControllerBuilder | Imported #444 / 0 tx / 0 pending / 0 (0.0%) gas / (0xdaebcf2622af40ec7cfe8005d4fee16f2bee475ca5421261ab358ea703716c5b)
2026-10-07 13:37:49.087+00:00 | BftProcessorExecutor-QBFT-0 | INFO  | QbftBesuControllerBuilder | Imported #445 / 0 tx / 0 pending / 0 (0.0%) gas / (0xe2f853173c304637c625c81653e791e242298884b38c891b91cabf68ae13a9da)
2026-10-07 13:37:51.093+00:00 | BftProcessorExecutor-QBFT-0 | INFO  | QbftBesuControllerBuilder | Imported #446 / 0 tx / 0 pending / 0 (0.0%) gas / (0xf1bc1922fefe8765bf3d5f006d3a62a23261dec600e0177fb389d6c061efbc33)
2026-10-07 13:37:53.089+00:00 | BftProcessorExecutor-QBFT-0 | INFO  | QbftBesuControllerBuilder | Imported #447 / 0 tx / 0 pending / 0 (0.0%) gas / (0x764bb62b4817b927ea866922794eb4aa54c88e929d554ef672a52f4d7ba53d5d)
2026-10-07 13:37:55.073+00:00 | BftProcessorExecutor-QBFT-0 | INFO  | QbftBesuControllerBuilder | Imported #448 / 0 tx / 3 pending / 0 (0.0%) gas / (0x71e7b2eed18402f611d8a99e0b7b756e307dd05c1e608992a32fd3c331067816)
2026-10-07 13:37:57.094+00:00 | BftProcessorExecutor-QBFT-0 | INFO  | QbftBesuControllerBuilder | Imported #449 / 0 tx / 8 pending / 0 (0.0%) gas / (0x3729a3e37c7db3699a43d80f1177fe622905e57688c2de3b49d7441a5ff03b10)
2026-10-07 13:37:59.106+00:00 | BftProcessorExecutor-QBFT-0 | INFO  | QbftBesuControllerBuilder | Imported #450 / 1 tx / 7 pending / 153,650 (0.0%) gas / (0xdf04eba50985a14a999b7f3f7493aaac2ff7d4d9442bcd8047da82ec9368e993)
2026-10-07 13:38:01.105+00:00 | EthScheduler-Workers-0 | INFO  | PersistBlockTask | Block 451 (0xcf087fbe2c71c1027396fb70b895609ac298b58502f509adc2acb3c2c96928f7) is already imported
2026-10-07 13:38:01.105+00:00 | BftProcessorExecutor-QBFT-0 | INFO  | QbftBesuControllerBuilder | Imported #451 / 1 tx / 6 pending / 153,638 (0.0%) gas / (0xcf087fbe2c71c1027396fb70b895609ac298b58502f509adc2acb3c2c96928f7)
2026-10-07 13:38:03.111+00:00 | BftProcessorExecutor-QBFT-0 | INFO  | QbftBesuControllerBuilder | Imported #452 / 1 tx / 5 pending / 153,606 (0.0%) gas / (0xdb1359b34074a3d0184d3f275808960c2eb9b709fa352c47204be305d5865d3e)
2026-10-07 13:38:05.118+00:00 | BftProcessorExecutor-QBFT-0 | INFO  | QbftBesuControllerBuilder | Imported #453 / 1 tx / 4 pending / 153,650 (0.0%) gas / (0xdac4e156e729dad4a9df0f44edea5d33ddb95024ef5183d99e4cd245cb507147)
2026-10-07 13:38:05.122+00:00 | EthScheduler-Workers-0 | INFO  | PersistBlockTask | Block 453 (0xdac4e156e729dad4a9df0f44edea5d33ddb95024ef5183d99e4cd245cb507147) is already imported
2026-10-07 13:38:07.083+00:00 | EthScheduler-Workers-0 | INFO  | PersistBlockTask | Block 454 (0xb2e72bb27a590f5d1368e84a7a583f645458b5ad81ae6d8a01bc110740f2ed9c) is already imported
2026-10-07 13:38:07.083+00:00 | BftProcessorExecutor-QBFT-0 | INFO  | QbftBesuControllerBuilder | Imported #454 / 1 tx / 3 pending / 153,650 (0.0%) gas / (0xb2e72bb27a590f5d1368e84a7a583f645458b5ad81ae6d8a01bc110740f2ed9c)
2026-10-07 13:38:09.106+00:00 | BftProcessorExecutor-QBFT-0 | INFO  | QbftBesuControllerBuilder | Imported #455 / 1 tx / 2 pending / 153,638 (0.0%) gas / (0x9a14bce19127b1009cab6bab7c34d6ef27a50d7ebc41625a1ed79bd2e13d4e7d)
2026-10-07 13:38:11.100+00:00 | BftProcessorExecutor-QBFT-0 | INFO  | QbftBesuControllerBuilder | Imported #456 / 1 tx / 1 pending / 153,626 (0.0%) gas / (0x9b50c7f36f43bb5afcea917a1627c40b592a01c44f6d51c4356f0a42b8b7d13a)
2026-10-07 13:38:13.100+00:00 | BftProcessorExecutor-QBFT-0 | INFO  | QbftBesuControllerBuilder | Produced #457 / 1 tx / 0 pending / 153,630 (0.0%) gas / (0x9bc83e7241f638cb38ec3e7eda37cb912f13351c4c887b169aa772f98595cc9a)
2026-10-07 13:38:15.084+00:00 | BftProcessorExecutor-QBFT-0 | INFO  | QbftBesuControllerBuilder | Imported #458 / 0 tx / 0 pending / 0 (0.0%) gas / (0xbe3d2ecd7bc002608cc06260833e743790fd433c94ceec55b1ecac696a2338ac)
2026-10-07 13:38:17.081+00:00 | BftProcessorExecutor-QBFT-0 | INFO  | QbftBesuControllerBuilder | Imported #459 / 0 tx / 0 pending / 0 (0.0%) gas / (0x059c2aa5bdbb8357b3c406b13f2097a456565bf93b945666ada8f3a0a5f2320c)
2026-10-07 13:38:19.089+00:00 | BftProcessorExecutor-QBFT-0 | INFO  | QbftBesuControllerBuilder | Imported #460 / 0 tx / 0 pending / 0 (0.0%) gas / (0x84d556b0ebef6dc32b3a40d2f7835ec3ab59ba89ccf5ab2fe28a54a75136a4cd)
2026-10-07 13:38:21.083+00:00 | BftProcessorExecutor-QBFT-0 | INFO  | QbftBesuControllerBuilder | Imported #461 / 0 tx / 0 pending / 0 (0.0%) gas / (0x1537f49ac8019079cd40e2805621148aed50886d799e9ab81e344bffba5312f4)
2026-10-07 13:38:23.086+00:00 | EthScheduler-Workers-0 | INFO  | PersistBlockTask | Block 462 (0x3632a84f9c98951b32efe7b38511b91935b639b625a8ccd64e782b9b58b96e94) is already imported
2026-10-07 13:38:23.086+00:00 | BftProcessorExecutor-QBFT-0 | INFO  | QbftBesuControllerBuilder | Imported #462 / 0 tx / 0 pending / 0 (0.0%) gas / (0x3632a84f9c98951b32efe7b38511b91935b639b625a8ccd64e782b9b58b96e94)
2026-10-07 13:38:25.081+00:00 | BftProcessorExecutor-QBFT-0 | INFO  | QbftBesuControllerBuilder | Imported #463 / 0 tx / 0 pending / 0 (0.0%) gas / (0xaeedec869c5f7a466ff6cdf2134ed7a2ce770446b252fdc45ad2ed50941bf595)
2026-10-07 13:38:27.097+00:00 | BftProcessorExecutor-QBFT-0 | INFO  | QbftBesuControllerBuilder | Imported #464 / 0 tx / 0 pending / 0 (0.0%) gas / (0x9a2f4c522de2c678593f239e6edf1c4a81e110a02580c430feaef696d5ccc9cf)
2026-10-07 13:38:29.076+00:00 | BftProcessorExecutor-QBFT-0 | INFO  | QbftBesuControllerBuilder | Imported #465 / 0 tx / 0 pending / 0 (0.0%) gas / (0x330a7130ff196f61f3d147e8f804a9f86a818534b6180e73c85ff45bfd6d1324)
2026-10-07 13:38:31.089+00:00 | BftProcessorExecutor-QBFT-0 | INFO  | QbftBesuControllerBuilder | Imported #466 / 0 tx / 0 pending / 0 (0.0%) gas / (0xf0478e89f96690e37a2f849ec964249504828fc77822174dac25c801c5d9d1ba)
2026-10-07 13:38:33.096+00:00 | BftProcessorExecutor-QBFT-0 | INFO  | QbftBesuControllerBuilder | Imported #467 / 0 tx / 0 pending / 0 (0.0%) gas / (0x4d58c60f53ce3fb10667d965b0054e56980681bc97e4ec9cea4ca5cb3f9c7722)
2026-10-07 13:38:33.096+00:00 | EthScheduler-Workers-0 | INFO  | PersistBlockTask | Block 467 (0x4d58c60f53ce3fb10667d965b0054e56980681bc97e4ec9cea4ca5cb3f9c7722) is already imported
2026-10-07 13:38:35.086+00:00 | BftProcessorExecutor-QBFT-0 | INFO  | QbftBesuControllerBuilder | Imported #468 / 0 tx / 0 pending / 0 (0.0%) gas / (0xa46bba31731e4905bfe979a2f3b334a22cf07a23782e25bf32f66d941ce08587)
2026-10-07 13:38:37.099+00:00 | BftProcessorExecutor-QBFT-0 | INFO  | QbftBesuControllerBuilder | Imported #469 / 0 tx / 0 pending / 0 (0.0%) gas / (0x1a01d21025246f3e175132683d818bef4768123d2ae846382c1322b067a59f5c)
2026-10-07 13:38:39.094+00:00 | BftProcessorExecutor-QBFT-0 | INFO  | QbftBesuControllerBuilder | Imported #470 / 0 tx / 0 pending / 0 (0.0%) gas / (0x481a2e921acfe789a7ee2132f8f8fc6ff19740657249c2202f37a77764916931)
2026-10-07 13:38:41.091+00:00 | BftProcessorExecutor-QBFT-0 | INFO  | QbftBesuControllerBuilder | Imported #471 / 0 tx / 0 pending / 0 (0.0%) gas / (0x05b8ab5bcaf716b8ad80952d572cd67020d44a263b77eb5bfea1055dcd45e468)
2026-10-07 13:38:43.098+00:00 | BftProcessorExecutor-QBFT-0 | INFO  | QbftBesuControllerBuilder | Produced #472 / 0 tx / 0 pending / 0 (0.0%) gas / (0xeac975c3631c2834f755f5f8ef549322505ba9450518c6737938bee7a8487718)
2026-10-07 13:38:45.092+00:00 | BftProcessorExecutor-QBFT-0 | INFO  | QbftBesuControllerBuilder | Imported #473 / 0 tx / 0 pending / 0 (0.0%) gas / (0x3be88fc471f419461034f4ab1ea1fa5a8fc528ba3cca2d975857ac2c4bffa533)
2026-10-07 13:38:47.086+00:00 | BftProcessorExecutor-QBFT-0 | INFO  | QbftBesuControllerBuilder | Imported #474 / 0 tx / 0 pending / 0 (0.0%) gas / (0x5c32259326c150e96dca3bec16850ebfcb81e91097cce6bcb869a892363b53be)
2026-10-07 13:38:47.086+00:00 | EthScheduler-Workers-0 | INFO  | PersistBlockTask | Block 474 (0x5c32259326c150e96dca3bec16850ebfcb81e91097cce6bcb869a892363b53be) is already imported
2026-10-07 13:38:49.088+00:00 | BftProcessorExecutor-QBFT-0 | INFO  | QbftBesuControllerBuilder | Imported #475 / 0 tx / 0 pending / 0 (0.0%) gas / (0x3df6f6268bd9048da1a5fbb49b5aa56c75eeb82455f233d1406c4d91dc78c8b6)
2026-10-07 13:38:51.094+00:00 | BftProcessorExecutor-QBFT-0 | INFO  | QbftBesuControllerBuilder | Imported #476 / 0 tx / 0 pending / 0 (0.0%) gas / (0xd1ab094d3948e8335c12969f01571fcf23b88297b15a7da375d57340eabfc10e)
2026-10-07 13:38:53.086+00:00 | BftProcessorExecutor-QBFT-0 | INFO  | QbftBesuControllerBuilder | Imported #477 / 0 tx / 0 pending / 0 (0.0%) gas / (0xfff0f98d86a077b0218cf9fce0c714b4b5be53a61e30a87d14babaaa6671eb65)
2026-10-07 13:38:55.085+00:00 | BftProcessorExecutor-QBFT-0 | INFO  | QbftBesuControllerBuilder | Imported #478 / 0 tx / 0 pending / 0 (0.0%) gas / (0xf7c8e5977e1b129cc93fc1441fd67628eb15290495e28eb588a46cee9c77d5f5)
2026-10-07 13:38:57.087+00:00 | BftProcessorExecutor-QBFT-0 | INFO  | QbftBesuControllerBuilder | Imported #479 / 0 tx / 0 pending / 0 (0.0%) gas / (0xd55aa83881274c61e440322cf9229221e3a8c76913fba2d81dc053e6c8279ebe)
2026-10-07 13:38:59.083+00:00 | BftProcessorExecutor-QBFT-0 | INFO  | QbftBesuControllerBuilder | Imported #480 / 0 tx / 0 pending / 0 (0.0%) gas / (0x27b176303e122a0d663f15c943d5d0ae21083b331fd46aa168376f8fc39f0fdd)
2026-10-07 13:39:01.089+00:00 | BftProcessorExecutor-QBFT-0 | INFO  | QbftBesuControllerBuilder | Imported #481 / 0 tx / 0 pending / 0 (0.0%) gas / (0x7f79f900b8886bdae55cc3ec0a4bc54f963ad6ed3e06e671d909dea0f3f4fe91)
2026-10-07 13:39:03.096+00:00 | EthScheduler-Workers-0 | INFO  | PersistBlockTask | Block 482 (0x90bb7c9aae9d41ff543601f1b72af97a45cdbe2efbf25ddf430f87324806b523) is already imported
2026-10-07 13:39:03.096+00:00 | BftProcessorExecutor-QBFT-0 | INFO  | QbftBesuControllerBuilder | Imported #482 / 0 tx / 0 pending / 0 (0.0%) gas / (0x90bb7c9aae9d41ff543601f1b72af97a45cdbe2efbf25ddf430f87324806b523)
2026-10-07 13:39:05.095+00:00 | BftProcessorExecutor-QBFT-0 | INFO  | QbftBesuControllerBuilder | Imported #483 / 0 tx / 0 pending / 0 (0.0%) gas / (0x15311f6a4c3e3653e627c4bbab6d0f717b8f1b8e8949a4f4b07de8c43dfe20e3)
2026-10-07 13:39:05.096+00:00 | EthScheduler-Workers-0 | INFO  | PersistBlockTask | Block 483 (0x15311f6a4c3e3653e627c4bbab6d0f717b8f1b8e8949a4f4b07de8c43dfe20e3) is already imported
2026-10-07 13:39:07.080+00:00 | BftProcessorExecutor-QBFT-0 | INFO  | QbftBesuControllerBuilder | Imported #484 / 0 tx / 0 pending / 0 (0.0%) gas / (0x9c998c03bc83dd2985ad23b4061ed3208160aaefbb4e5940efe820401cba9b29)
2026-10-07 13:39:09.090+00:00 | BftProcessorExecutor-QBFT-0 | INFO  | QbftBesuControllerBuilder | Imported #485 / 0 tx / 0 pending / 0 (0.0%) gas / (0x07cfb7cbf59aaa7319692e1e6ac894f6ab52f33fd0f3332c2fb10a6d30da4e97)
2026-10-07 13:39:11.088+00:00 | BftProcessorExecutor-QBFT-0 | INFO  | QbftBesuControllerBuilder | Imported #486 / 0 tx / 0 pending / 0 (0.0%) gas / (0xb62707ae902fd5783b4dfba2ebe7db7907a1330422b52c7ccc54317660829ce9)
2026-10-07 13:39:13.089+00:00 | EthScheduler-Workers-0 | INFO  | PersistBlockTask | Block 487 (0x91eebff419f1225f97c11cd49ec5483210fd87e76cf6ecba8df39271c7d62661) is already imported
2026-10-07 13:39:13.089+00:00 | BftProcessorExecutor-QBFT-0 | INFO  | QbftBesuControllerBuilder | Produced #487 / 0 tx / 0 pending / 0 (0.0%) gas / (0x91eebff419f1225f97c11cd49ec5483210fd87e76cf6ecba8df39271c7d62661)
2026-10-07 13:39:15.083+00:00 | EthScheduler-Workers-0 | INFO  | PersistBlockTask | Block 488 (0xaa95806dc1c13143b160d5e0b3ef07f609dc5bdb8435ab7314771d058e7893ca) is already imported
2026-10-07 13:39:15.083+00:00 | BftProcessorExecutor-QBFT-0 | INFO  | QbftBesuControllerBuilder | Imported #488 / 0 tx / 0 pending / 0 (0.0%) gas / (0xaa95806dc1c13143b160d5e0b3ef07f609dc5bdb8435ab7314771d058e7893ca)
2026-10-07 13:39:17.085+00:00 | BftProcessorExecutor-QBFT-0 | INFO  | QbftBesuControllerBuilder | Imported #489 / 0 tx / 0 pending / 0 (0.0%) gas / (0x0e37dbc88449f703b792d6cf50a5ba6c3f389099c751b7ace50d134405544a7d)
2026-10-07 13:39:19.170+00:00 | BftProcessorExecutor-QBFT-0 | INFO  | QbftBesuControllerBuilder | Imported #490 / 7 tx / 166 pending / 1,693,790 (0.0%) gas / (0x8cdb6fb875e187cb4bab62fcb7dd5c47c88fd0e7bc2ff68c66b9c39294cf2417)
2026-10-07 13:39:21.586+00:00 | BftProcessorExecutor-QBFT-0 | INFO  | QbftBesuControllerBuilder | Imported #491 / 28 tx / 540 pending / 6,775,160 (0.0%) gas / (0xac63922d79c4444f9e2f4de79649fc4f985c5ef2a23f017c8ab5ccfb94551107)
2026-10-07 13:39:23.845+00:00 | BftProcessorExecutor-QBFT-0 | INFO  | QbftBesuControllerBuilder | Imported #492 / 49 tx / 875 pending / 11,856,530 (0.0%) gas / (0x318f2718b74544d848a2c41c26730b7eabea1a700e3e7a8307c4f33b6b868db3)
2026-10-07 13:39:26.186+00:00 | EthScheduler-Workers-0 | INFO  | PersistBlockTask | Block 493 (0x386e00bb1807ea36e618ba78f2c64757d6dbfac090650c9af03bdde6a4e031d9) is already imported
2026-10-07 13:39:26.189+00:00 | BftProcessorExecutor-QBFT-0 | INFO  | QbftBesuControllerBuilder | Imported #493 / 75 tx / 1366 pending / 18,147,750 (0.0%) gas / (0x386e00bb1807ea36e618ba78f2c64757d6dbfac090650c9af03bdde6a4e031d9)
2026-10-07 13:39:28.639+00:00 | EthScheduler-Workers-0 | INFO  | PersistBlockTask | Block 494 (0x953a5a257ec347e04ddb61ea4406d6ec9f36a4493465376a6f698d632203f3a9) is already imported
2026-10-07 13:39:28.641+00:00 | BftProcessorExecutor-QBFT-0 | INFO  | QbftBesuControllerBuilder | Imported #494 / 109 tx / 1916 pending / 26,374,730 (0.0%) gas / (0x953a5a257ec347e04ddb61ea4406d6ec9f36a4493465376a6f698d632203f3a9)
2026-10-07 13:39:31.285+00:00 | BftProcessorExecutor-QBFT-0 | INFO  | QbftBesuControllerBuilder | Imported #495 / 153 tx / 2583 pending / 37,021,410 (0.0%) gas / (0xb493417deac494f8bb4d968c71313c725bc349f1475fd6ce0911b7d9693d4ba8)
2026-10-07 13:39:34.019+00:00 | BftProcessorExecutor-QBFT-0 | INFO  | QbftBesuControllerBuilder | Imported #496 / 202 tx / 3372 pending / 48,877,940 (0.0%) gas / (0x2b9c17f6e7eadae418656de1cc8ada9e8dcc134f578cb7ec46e62753a45786ed)
2026-10-07 13:39:37.774+00:00 | EthScheduler-Workers-0 | INFO  | PersistBlockTask | Block 497 (0x26f5aef6365c13d53528e285e63734dc5f8d16d4900d7e09828c3857d9a309bf) is already imported
2026-10-07 13:39:37.779+00:00 | BftProcessorExecutor-QBFT-0 | INFO  | QbftBesuControllerBuilder | Imported #497 / 268 tx / 4411 pending / 64,847,960 (0.0%) gas / (0x26f5aef6365c13d53528e285e63734dc5f8d16d4900d7e09828c3857d9a309bf)
2026-10-07 13:39:42.364+00:00 | EthScheduler-Workers-0 | INFO  | PersistBlockTask | Block 498 (0xfc926889eb2721a86c366e7dc81a69ae9c38c26dbef17c81d508800e14789ef7) is already imported
2026-10-07 13:39:42.369+00:00 | BftProcessorExecutor-QBFT-0 | INFO  | QbftBesuControllerBuilder | Imported #498 / 329 tx / 5693 pending / 79,608,130 (0.0%) gas / (0xfc926889eb2721a86c366e7dc81a69ae9c38c26dbef17c81d508800e14789ef7)
2026-10-07 13:39:46.978+00:00 | EthScheduler-Workers-0 | INFO  | PersistBlockTask | Block 499 (0x9d492b4a40899bf22a1b5e04ed3cb7291efda3f00354446d06c77261d4b20450) is already imported
2026-10-07 13:39:46.983+00:00 | BftProcessorExecutor-QBFT-0 | INFO  | QbftBesuControllerBuilder | Imported #499 / 335 tx / 7019 pending / 81,059,950 (0.0%) gas / (0x9d492b4a40899bf22a1b5e04ed3cb7291efda3f00354446d06c77261d4b20450)
2026-10-07 13:39:51.762+00:00 | EthScheduler-Workers-0 | INFO  | PersistBlockTask | Block 500 (0xf84667edd244e3d27b48659242f8cded273f860d1e24138603bbf3951b683ea3) is already imported
2026-10-07 13:39:51.771+00:00 | BftProcessorExecutor-QBFT-0 | INFO  | QbftBesuControllerBuilder | Imported #500 / 347 tx / 8302 pending / 83,963,590 (0.0%) gas / (0xf84667edd244e3d27b48659242f8cded273f860d1e24138603bbf3951b683ea3)
2026-10-07 13:39:56.471+00:00 | EthScheduler-Workers-0 | INFO  | PersistBlockTask | Block 501 (0xeb110eff360db16d3567d2a609bc6bf44fb81818237255c6e576fc11eef6522f) is already imported
2026-10-07 13:39:56.475+00:00 | BftProcessorExecutor-QBFT-0 | INFO  | QbftBesuControllerBuilder | Imported #501 / 341 tx / 9665 pending / 82,511,770 (0.0%) gas / (0xeb110eff360db16d3567d2a609bc6bf44fb81818237255c6e576fc11eef6522f)
2026-10-07 13:39:57.977+00:00 | BftProcessorExecutor-QBFT-0 | WARN  | BlockTransactionSelector | Interrupting the selection of transactions for block inclusion as it exceeds the maximum configured duration of 1500ms
java.util.concurrent.TimeoutException
	at java.base/java.util.concurrent.CompletableFuture.timedGet(CompletableFuture.java:1960)
	at java.base/java.util.concurrent.CompletableFuture.get(CompletableFuture.java:2095)
	at org.hyperledger.besu.ethereum.blockcreation.txselection.BlockTransactionSelector.timeLimitedSelection(BlockTransactionSelector.java:186)
	at org.hyperledger.besu.ethereum.blockcreation.txselection.BlockTransactionSelector.buildTransactionListForBlock(BlockTransactionSelector.java:169)
	at org.hyperledger.besu.ethereum.blockcreation.AbstractBlockCreator.selectTransactions(AbstractBlockCreator.java:376)
	at org.hyperledger.besu.ethereum.blockcreation.AbstractBlockCreator.createBlock(AbstractBlockCreator.java:218)
	at org.hyperledger.besu.ethereum.blockcreation.AbstractBlockCreator.createBlock(AbstractBlockCreator.java:146)
	at org.hyperledger.besu.consensus.common.bft.blockcreation.BftBlockCreator.createBlock(BftBlockCreator.java:92)
	at org.hyperledger.besu.consensus.qbft.statemachine.QbftRound.createAndSendProposalMessage(QbftRound.java:137)
	at org.hyperledger.besu.consensus.qbft.statemachine.QbftBlockHeightManager.handleBlockTimerExpiry(QbftBlockHeightManager.java:140)
	at org.hyperledger.besu.consensus.common.bft.statemachine.BaseBftController.handleBlockTimerExpiry(BaseBftController.java:167)
	at org.hyperledger.besu.consensus.common.bft.EventMultiplexer.handleBftEvent(EventMultiplexer.java:65)
	at java.base/java.util.Optional.ifPresent(Optional.java:178)
	at org.hyperledger.besu.consensus.common.bft.BftProcessor.run(BftProcessor.java:65)
	at java.base/java.util.concurrent.ThreadPoolExecutor.runWorker(ThreadPoolExecutor.java:1144)
	at java.base/java.util.concurrent.ThreadPoolExecutor$Worker.run(ThreadPoolExecutor.java:642)
	at java.base/java.lang.Thread.run(Thread.java:1583)
2026-10-07 13:40:01.207+00:00 | EthScheduler-Workers-0 | INFO  | PersistBlockTask | Block 502 (0x5bfac99eb04e12927ccd6e8bed25d55e2b67674a56a389638985aa3f9921312d) is already imported
2026-10-07 13:40:01.210+00:00 | BftProcessorExecutor-QBFT-0 | INFO  | QbftBesuControllerBuilder | Produced #502 / 347 tx / 11192 pending / 83,963,590 (0.0%) gas / (0x5bfac99eb04e12927ccd6e8bed25d55e2b67674a56a389638985aa3f9921312d)
2026-10-07 13:40:05.759+00:00 | EthScheduler-Workers-0 | INFO  | PersistBlockTask | Block 503 (0xa5cbdd411391b8fa785fe9bcd98f1d15ff2c082f018089343153cfbea5307a2b) is already imported
2026-10-07 13:40:05.763+00:00 | BftProcessorExecutor-QBFT-0 | INFO  | QbftBesuControllerBuilder | Imported #503 / 336 tx / 12647 pending / 81,301,920 (0.0%) gas / (0xa5cbdd411391b8fa785fe9bcd98f1d15ff2c082f018089343153cfbea5307a2b)
2026-10-07 13:40:10.407+00:00 | EthScheduler-Workers-0 | INFO  | PersistBlockTask | Block 504 (0x8320f4ea9c37e1df12c079e55853a0e98f325c731dbeb9b93b63b41311d82152) is already imported
2026-10-07 13:40:10.414+00:00 | BftProcessorExecutor-QBFT-0 | INFO  | QbftBesuControllerBuilder | Imported #504 / 340 tx / 13118 pending / 82,269,800 (0.0%) gas / (0x8320f4ea9c37e1df12c079e55853a0e98f325c731dbeb9b93b63b41311d82152)
2026-10-07 13:40:15.116+00:00 | EthScheduler-Workers-0 | INFO  | PersistBlockTask | Block 505 (0x261e9f3a68204cbc97eefdfcc575c79a859c53ce384fc3a42940f67b59cf8898) is already imported
2026-10-07 13:40:15.120+00:00 | BftProcessorExecutor-QBFT-0 | INFO  | QbftBesuControllerBuilder | Imported #505 / 344 tx / 12774 pending / 83,237,680 (0.0%) gas / (0x261e9f3a68204cbc97eefdfcc575c79a859c53ce384fc3a42940f67b59cf8898)
2026-10-07 13:40:19.905+00:00 | EthScheduler-Workers-0 | INFO  | PersistBlockTask | Block 506 (0x5659b9faeb4d014ca0536600fcc63647f184cc535e208426c8ad7de9d71f2bfc) is already imported
2026-10-07 13:40:19.911+00:00 | BftProcessorExecutor-QBFT-0 | INFO  | QbftBesuControllerBuilder | Imported #506 / 352 tx / 12422 pending / 85,173,440 (0.0%) gas / (0x5659b9faeb4d014ca0536600fcc63647f184cc535e208426c8ad7de9d71f2bfc)
2026-10-07 13:40:24.613+00:00 | EthScheduler-Workers-0 | INFO  | PersistBlockTask | Block 507 (0xea392215a875a41cd7b7743cf191814f6d4c60f6273b5812e9b64c0558a3bc72) is already imported
2026-10-07 13:40:24.648+00:00 | BftProcessorExecutor-QBFT-0 | INFO  | QbftBesuControllerBuilder | Imported #507 / 352 tx / 12070 pending / 85,173,440 (0.0%) gas / (0xea392215a875a41cd7b7743cf191814f6d4c60f6273b5812e9b64c0558a3bc72)
2026-10-07 13:40:29.534+00:00 | BftProcessorExecutor-QBFT-0 | INFO  | QbftBesuControllerBuilder | Imported #508 / 360 tx / 11710 pending / 87,109,200 (0.0%) gas / (0x3fca78c2a8fabb65fb10096b85bfcfd946c88a2f4561928e39c2036f32b5576f)
2026-10-07 13:40:34.240+00:00 | EthScheduler-Workers-0 | INFO  | PersistBlockTask | Block 509 (0xcd2b26584d84105b165491c06a0deba7b7ad2b3fa32d5d16b33abad91fbf656c) is already imported
2026-10-07 13:40:34.246+00:00 | BftProcessorExecutor-QBFT-0 | INFO  | QbftBesuControllerBuilder | Imported #509 / 345 tx / 11365 pending / 83,479,650 (0.0%) gas / (0xcd2b26584d84105b165491c06a0deba7b7ad2b3fa32d5d16b33abad91fbf656c)
2026-10-07 13:40:38.918+00:00 | EthScheduler-Workers-0 | INFO  | PersistBlockTask | Block 510 (0x8fea73f6f1f10d32585c7115fbb744e7346c30db74fb075a7a62ec892b5d3bd5) is already imported
2026-10-07 13:40:38.926+00:00 | BftProcessorExecutor-QBFT-0 | INFO  | QbftBesuControllerBuilder | Imported #510 / 348 tx / 11017 pending / 84,205,560 (0.0%) gas / (0x8fea73f6f1f10d32585c7115fbb744e7346c30db74fb075a7a62ec892b5d3bd5)
2026-10-07 13:40:43.759+00:00 | BftProcessorExecutor-QBFT-0 | INFO  | QbftBesuControllerBuilder | Imported #511 / 371 tx / 10646 pending / 89,770,870 (0.0%) gas / (0xc9e3d722a434dec0f37d147708eb2b27d6078d56194adef76c3a2fe411d6091a)
2026-10-07 13:40:48.559+00:00 | EthScheduler-Workers-0 | INFO  | PersistBlockTask | Block 512 (0xec43bed4a6eabaa0baf8612101ab04f5d8563343d4a96da64d112cdf2449f2ed) is already imported
2026-10-07 13:40:48.564+00:00 | BftProcessorExecutor-QBFT-0 | INFO  | QbftBesuControllerBuilder | Imported #512 / 349 tx / 10297 pending / 84,447,530 (0.0%) gas / (0xec43bed4a6eabaa0baf8612101ab04f5d8563343d4a96da64d112cdf2449f2ed)
2026-10-07 13:40:53.248+00:00 | BftProcessorExecutor-QBFT-0 | INFO  | QbftBesuControllerBuilder | Imported #513 / 347 tx / 9950 pending / 83,963,590 (0.0%) gas / (0xf9737cc32d97875445af49577fd59dc7f426fb305cd1ce64341cccd4bc9adf1e)
2026-10-07 13:40:58.168+00:00 | BftProcessorExecutor-QBFT-0 | INFO  | QbftBesuControllerBuilder | Imported #514 / 361 tx / 9589 pending / 87,351,170 (0.0%) gas / (0x6da9ed3a094637bbaf2e6dbd446ce1f7d6520120d2d9ddc540110de072dd4d00)
2026-10-07 13:41:02.883+00:00 | EthScheduler-Workers-0 | INFO  | PersistBlockTask | Block 515 (0x72fcdb9a8a621a79c120be087601707a4ee9c1eda8d4f1b42c66671270e44c2f) is already imported
2026-10-07 13:41:02.889+00:00 | BftProcessorExecutor-QBFT-0 | INFO  | QbftBesuControllerBuilder | Imported #515 / 347 tx / 9242 pending / 83,963,590 (0.0%) gas / (0x72fcdb9a8a621a79c120be087601707a4ee9c1eda8d4f1b42c66671270e44c2f)
2026-10-07 13:41:07.487+00:00 | BftProcessorExecutor-QBFT-0 | INFO  | QbftBesuControllerBuilder | Imported #516 / 331 tx / 8911 pending / 80,092,070 (0.0%) gas / (0x299ea29318da62dea1221d7c41baed8f1aec3484cb43684153d59f4b7ceeabc9)
2026-10-07 13:41:08.990+00:00 | BftProcessorExecutor-QBFT-0 | WARN  | BlockTransactionSelector | Interrupting the selection of transactions for block inclusion as it exceeds the maximum configured duration of 1500ms
java.util.concurrent.TimeoutException
	at java.base/java.util.concurrent.CompletableFuture.timedGet(CompletableFuture.java:1960)
	at java.base/java.util.concurrent.CompletableFuture.get(CompletableFuture.java:2095)
	at org.hyperledger.besu.ethereum.blockcreation.txselection.BlockTransactionSelector.timeLimitedSelection(BlockTransactionSelector.java:186)
	at org.hyperledger.besu.ethereum.blockcreation.txselection.BlockTransactionSelector.buildTransactionListForBlock(BlockTransactionSelector.java:169)
	at org.hyperledger.besu.ethereum.blockcreation.AbstractBlockCreator.selectTransactions(AbstractBlockCreator.java:376)
	at org.hyperledger.besu.ethereum.blockcreation.AbstractBlockCreator.createBlock(AbstractBlockCreator.java:218)
	at org.hyperledger.besu.ethereum.blockcreation.AbstractBlockCreator.createBlock(AbstractBlockCreator.java:146)
	at org.hyperledger.besu.consensus.common.bft.blockcreation.BftBlockCreator.createBlock(BftBlockCreator.java:92)
	at org.hyperledger.besu.consensus.qbft.statemachine.QbftRound.createAndSendProposalMessage(QbftRound.java:137)
	at org.hyperledger.besu.consensus.qbft.statemachine.QbftBlockHeightManager.handleBlockTimerExpiry(QbftBlockHeightManager.java:140)
	at org.hyperledger.besu.consensus.common.bft.statemachine.BaseBftController.handleBlockTimerExpiry(BaseBftController.java:167)
	at org.hyperledger.besu.consensus.common.bft.EventMultiplexer.handleBftEvent(EventMultiplexer.java:65)
	at java.base/java.util.Optional.ifPresent(Optional.java:178)
	at org.hyperledger.besu.consensus.common.bft.BftProcessor.run(BftProcessor.java:65)
	at java.base/java.util.concurrent.ThreadPoolExecutor.runWorker(ThreadPoolExecutor.java:1144)
	at java.base/java.util.concurrent.ThreadPoolExecutor$Worker.run(ThreadPoolExecutor.java:642)
	at java.base/java.lang.Thread.run(Thread.java:1583)
2026-10-07 13:41:12.202+00:00 | EthScheduler-Workers-0 | INFO  | PersistBlockTask | Block 517 (0x96f34cf726a59e6b9c104aa7bbb4ef9b26d71ac6e02ada0e7cb2ff7933fb49e8) is already imported
2026-10-07 13:41:12.205+00:00 | BftProcessorExecutor-QBFT-0 | INFO  | QbftBesuControllerBuilder | Produced #517 / 348 tx / 8563 pending / 84,205,560 (0.0%) gas / (0x96f34cf726a59e6b9c104aa7bbb4ef9b26d71ac6e02ada0e7cb2ff7933fb49e8)
2026-10-07 13:41:16.994+00:00 | EthScheduler-Workers-0 | INFO  | PersistBlockTask | Block 518 (0xcb0a811a068bb030f35cc03dec2f6546eeaa39c11e61dc2a73b4e925ed8c7efe) is already imported
2026-10-07 13:41:17.000+00:00 | BftProcessorExecutor-QBFT-0 | INFO  | QbftBesuControllerBuilder | Imported #518 / 349 tx / 8214 pending / 84,447,530 (0.0%) gas / (0xcb0a811a068bb030f35cc03dec2f6546eeaa39c11e61dc2a73b4e925ed8c7efe)
2026-10-07 13:41:21.609+00:00 | EthScheduler-Workers-0 | INFO  | PersistBlockTask | Block 519 (0xa1b461676e64a70ce8c12354443a8936577d8f3d87f0a88b923c4c410eb78ea6) is already imported
2026-10-07 13:41:21.621+00:00 | BftProcessorExecutor-QBFT-0 | INFO  | QbftBesuControllerBuilder | Imported #519 / 345 tx / 7869 pending / 83,479,650 (0.0%) gas / (0xa1b461676e64a70ce8c12354443a8936577d8f3d87f0a88b923c4c410eb78ea6)
2026-10-07 13:41:26.325+00:00 | BftProcessorExecutor-QBFT-0 | INFO  | QbftBesuControllerBuilder | Imported #520 / 346 tx / 7523 pending / 83,721,620 (0.0%) gas / (0xa40644a4a453a0988b46cf160a6fbc9d4357155fa3f6dbedc7918793e981b7d3)
2026-10-07 13:41:31.011+00:00 | EthScheduler-Workers-0 | INFO  | PersistBlockTask | Block 521 (0x6f04cafab053ba38a4afa81ddccb9b78ef2fa6fbcf64b9521063bbceb2af9fde) is already imported
2026-10-07 13:41:31.015+00:00 | BftProcessorExecutor-QBFT-0 | INFO  | QbftBesuControllerBuilder | Imported #521 / 348 tx / 7175 pending / 84,205,560 (0.0%) gas / (0x6f04cafab053ba38a4afa81ddccb9b78ef2fa6fbcf64b9521063bbceb2af9fde)
2026-10-07 13:41:35.753+00:00 | EthScheduler-Workers-0 | INFO  | PersistBlockTask | Block 522 (0x96ae27a8c8aebee1abc25d0dcfe316e926bcca8968d4580fb660f1828f4c8587) is already imported
2026-10-07 13:41:35.757+00:00 | BftProcessorExecutor-QBFT-0 | INFO  | QbftBesuControllerBuilder | Imported #522 / 349 tx / 6826 pending / 84,447,530 (0.0%) gas / (0x96ae27a8c8aebee1abc25d0dcfe316e926bcca8968d4580fb660f1828f4c8587)
2026-10-07 13:41:40.667+00:00 | EthScheduler-Workers-0 | INFO  | PersistBlockTask | Block 523 (0x9ff4f7303e950ab3013b84203ce2aee80992461345cc772db37f36c4ecdd9c39) is already imported
2026-10-07 13:41:40.671+00:00 | BftProcessorExecutor-QBFT-0 | INFO  | QbftBesuControllerBuilder | Imported #523 / 371 tx / 6455 pending / 89,770,870 (0.0%) gas / (0x9ff4f7303e950ab3013b84203ce2aee80992461345cc772db37f36c4ecdd9c39)
2026-10-07 13:41:45.342+00:00 | BftProcessorExecutor-QBFT-0 | INFO  | QbftBesuControllerBuilder | Imported #524 / 348 tx / 6107 pending / 84,205,560 (0.0%) gas / (0x1c95b5e2863dfd347fee8ed8c24956570e9d58396f9ff6492691baaf4438e27e)
2026-10-07 13:41:50.346+00:00 | EthScheduler-Workers-0 | INFO  | PersistBlockTask | Block 525 (0x5325a1e660785b2649944a0a8d7f5d1a09a45635ec444c718c5f10a44b2411e2) is already imported
2026-10-07 13:41:50.350+00:00 | BftProcessorExecutor-QBFT-0 | INFO  | QbftBesuControllerBuilder | Imported #525 / 375 tx / 5732 pending / 90,738,750 (0.0%) gas / (0x5325a1e660785b2649944a0a8d7f5d1a09a45635ec444c718c5f10a44b2411e2)
2026-10-07 13:41:55.286+00:00 | EthScheduler-Workers-0 | INFO  | PersistBlockTask | Block 526 (0xa2f90a4442a480378f864fd6614fe3e3798cbd56b481ec20710884464bcda24c) is already imported
2026-10-07 13:41:55.308+00:00 | BftProcessorExecutor-QBFT-0 | INFO  | QbftBesuControllerBuilder | Imported #526 / 374 tx / 5358 pending / 90,496,780 (0.0%) gas / (0xa2f90a4442a480378f864fd6614fe3e3798cbd56b481ec20710884464bcda24c)
2026-10-07 13:42:00.007+00:00 | EthScheduler-Workers-0 | INFO  | PersistBlockTask | Block 527 (0x28b2ca4573057fcb8f455caf75795e6571b2cd8ca6aa518896c1e1f661f21ae2) is already imported
2026-10-07 13:42:00.010+00:00 | BftProcessorExecutor-QBFT-0 | INFO  | QbftBesuControllerBuilder | Imported #527 / 348 tx / 5010 pending / 84,205,560 (0.0%) gas / (0x28b2ca4573057fcb8f455caf75795e6571b2cd8ca6aa518896c1e1f661f21ae2)
2026-10-07 13:42:04.706+00:00 | EthScheduler-Workers-0 | INFO  | PersistBlockTask | Block 528 (0x234b6541c80c4dd0fac6a39fa0d3c75a8f5822189b715300c6a2030ce1c7f711) is already imported
2026-10-07 13:42:04.709+00:00 | BftProcessorExecutor-QBFT-0 | INFO  | QbftBesuControllerBuilder | Imported #528 / 345 tx / 4665 pending / 83,479,650 (0.0%) gas / (0x234b6541c80c4dd0fac6a39fa0d3c75a8f5822189b715300c6a2030ce1c7f711)
2026-10-07 13:42:09.569+00:00 | BftProcessorExecutor-QBFT-0 | INFO  | QbftBesuControllerBuilder | Imported #529 / 370 tx / 4295 pending / 89,528,900 (0.0%) gas / (0x6aa6138f103ed506de08bfbd41ad6b9906dcda1330704f344c741b57a0079feb)
2026-10-07 13:42:14.299+00:00 | EthScheduler-Workers-0 | INFO  | PersistBlockTask | Block 530 (0x9117f5bf87770d169b5553920e59b7cde816e5036ef1573e5bfda92f110ac1c1) is already imported
2026-10-07 13:42:14.303+00:00 | BftProcessorExecutor-QBFT-0 | INFO  | QbftBesuControllerBuilder | Imported #530 / 349 tx / 3946 pending / 84,447,530 (0.0%) gas / (0x9117f5bf87770d169b5553920e59b7cde816e5036ef1573e5bfda92f110ac1c1)
2026-10-07 13:42:19.017+00:00 | BftProcessorExecutor-QBFT-0 | INFO  | QbftBesuControllerBuilder | Imported #531 / 348 tx / 3598 pending / 84,205,560 (0.0%) gas / (0xf42592eba67df6011a9d2800672c3a9820636727dcad455b03147b7adfe53d25)
2026-10-07 13:42:20.520+00:00 | BftProcessorExecutor-QBFT-0 | WARN  | BlockTransactionSelector | Interrupting the selection of transactions for block inclusion as it exceeds the maximum configured duration of 1500ms
java.util.concurrent.TimeoutException
	at java.base/java.util.concurrent.CompletableFuture.timedGet(CompletableFuture.java:1960)
	at java.base/java.util.concurrent.CompletableFuture.get(CompletableFuture.java:2095)
	at org.hyperledger.besu.ethereum.blockcreation.txselection.BlockTransactionSelector.timeLimitedSelection(BlockTransactionSelector.java:186)
	at org.hyperledger.besu.ethereum.blockcreation.txselection.BlockTransactionSelector.buildTransactionListForBlock(BlockTransactionSelector.java:169)
	at org.hyperledger.besu.ethereum.blockcreation.AbstractBlockCreator.selectTransactions(AbstractBlockCreator.java:376)
	at org.hyperledger.besu.ethereum.blockcreation.AbstractBlockCreator.createBlock(AbstractBlockCreator.java:218)
	at org.hyperledger.besu.ethereum.blockcreation.AbstractBlockCreator.createBlock(AbstractBlockCreator.java:146)
	at org.hyperledger.besu.consensus.common.bft.blockcreation.BftBlockCreator.createBlock(BftBlockCreator.java:92)
	at org.hyperledger.besu.consensus.qbft.statemachine.QbftRound.createAndSendProposalMessage(QbftRound.java:137)
	at org.hyperledger.besu.consensus.qbft.statemachine.QbftBlockHeightManager.handleBlockTimerExpiry(QbftBlockHeightManager.java:140)
	at org.hyperledger.besu.consensus.common.bft.statemachine.BaseBftController.handleBlockTimerExpiry(BaseBftController.java:167)
	at org.hyperledger.besu.consensus.common.bft.EventMultiplexer.handleBftEvent(EventMultiplexer.java:65)
	at java.base/java.util.Optional.ifPresent(Optional.java:178)
	at org.hyperledger.besu.consensus.common.bft.BftProcessor.run(BftProcessor.java:65)
	at java.base/java.util.concurrent.ThreadPoolExecutor.runWorker(ThreadPoolExecutor.java:1144)
	at java.base/java.util.concurrent.ThreadPoolExecutor$Worker.run(ThreadPoolExecutor.java:642)
	at java.base/java.lang.Thread.run(Thread.java:1583)
2026-10-07 13:42:23.738+00:00 | EthScheduler-Workers-0 | INFO  | PersistBlockTask | Block 532 (0x9d87032a0fc27780221b7749d913c9c8f2d0e0b487564cdc81fa44e84fdc99ae) is already imported
2026-10-07 13:42:23.739+00:00 | BftProcessorExecutor-QBFT-0 | INFO  | QbftBesuControllerBuilder | Produced #532 / 350 tx / 3248 pending / 84,689,500 (0.0%) gas / (0x9d87032a0fc27780221b7749d913c9c8f2d0e0b487564cdc81fa44e84fdc99ae)
2026-10-07 13:42:28.457+00:00 | EthScheduler-Workers-0 | INFO  | PersistBlockTask | Block 533 (0xdd04a2944b8111a0f3067bb82467a7281ce4efbeac4d8ee42b9915d9bd99a03a) is already imported
2026-10-07 13:42:28.461+00:00 | BftProcessorExecutor-QBFT-0 | INFO  | QbftBesuControllerBuilder | Imported #533 / 347 tx / 2901 pending / 83,963,590 (0.0%) gas / (0xdd04a2944b8111a0f3067bb82467a7281ce4efbeac4d8ee42b9915d9bd99a03a)
2026-10-07 13:42:33.118+00:00 | EthScheduler-Workers-0 | INFO  | PersistBlockTask | Block 534 (0x6e7d568cbedd51336dc9e0e058908296d309255440b5f3fe1ce693cd9d1081bd) is already imported
2026-10-07 13:42:33.121+00:00 | BftProcessorExecutor-QBFT-0 | INFO  | QbftBesuControllerBuilder | Imported #534 / 349 tx / 2552 pending / 84,447,530 (0.0%) gas / (0x6e7d568cbedd51336dc9e0e058908296d309255440b5f3fe1ce693cd9d1081bd)
2026-10-07 13:42:37.856+00:00 | EthScheduler-Workers-0 | INFO  | PersistBlockTask | Block 535 (0x97b836fa678fea10ae6836850d1db54382bb833f98e20a71c3b4eb4740521c3f) is already imported
2026-10-07 13:42:37.860+00:00 | BftProcessorExecutor-QBFT-0 | INFO  | QbftBesuControllerBuilder | Imported #535 / 347 tx / 2205 pending / 83,963,590 (0.0%) gas / (0x97b836fa678fea10ae6836850d1db54382bb833f98e20a71c3b4eb4740521c3f)
2026-10-07 13:42:42.590+00:00 | BftProcessorExecutor-QBFT-0 | INFO  | QbftBesuControllerBuilder | Imported #536 / 361 tx / 1844 pending / 87,351,170 (0.0%) gas / (0xbb2445d6efb42d32d646fdbfc4e7d73b00a683891953f0f256bf8a296aef4374)
2026-10-07 13:42:47.120+00:00 | EthScheduler-Workers-0 | INFO  | PersistBlockTask | Block 537 (0xb3ee7bf0943d182d35af0e90f9f171eb3cc82f3928d88d35b67ef415e38feaef) is already imported
2026-10-07 13:42:47.123+00:00 | BftProcessorExecutor-QBFT-0 | INFO  | QbftBesuControllerBuilder | Imported #537 / 339 tx / 1505 pending / 82,027,830 (0.0%) gas / (0xb3ee7bf0943d182d35af0e90f9f171eb3cc82f3928d88d35b67ef415e38feaef)
2026-10-07 13:42:50.846+00:00 | EthScheduler-Workers-0 | INFO  | PersistBlockTask | Block 538 (0xd172570aca4dd729397a374c8aca59f2c2d65dc2bff58638637dc36e71a14ebe) is already imported
2026-10-07 13:42:50.848+00:00 | BftProcessorExecutor-QBFT-0 | INFO  | QbftBesuControllerBuilder | Imported #538 / 283 tx / 1222 pending / 68,477,510 (0.0%) gas / (0xd172570aca4dd729397a374c8aca59f2c2d65dc2bff58638637dc36e71a14ebe)
2026-10-07 13:42:54.665+00:00 | BftProcessorExecutor-QBFT-0 | INFO  | QbftBesuControllerBuilder | Imported #539 / 287 tx / 935 pending / 69,445,390 (0.0%) gas / (0xe595868a29fb8f833c853ffc6fa4e255221ac618bf4bc225ae78db47775fb918)
2026-10-07 13:42:57.668+00:00 | BftProcessorExecutor-QBFT-0 | INFO  | QbftBesuControllerBuilder | Imported #540 / 222 tx / 713 pending / 53,717,340 (0.0%) gas / (0xe577877670796ebaa4ca2092a4b149ed5a1087a8b480aa94a291147d2e02b57b)
2026-10-07 13:42:59.740+00:00 | BftProcessorExecutor-QBFT-0 | INFO  | QbftBesuControllerBuilder | Imported #541 / 151 tx / 562 pending / 36,537,470 (0.0%) gas / (0x599128936f4a90f0e8bda39bce5ddcf86ac9d3f6ef07faafb1d78a223b30e5eb)
2026-10-07 13:43:01.841+00:00 | BftProcessorExecutor-QBFT-0 | INFO  | QbftBesuControllerBuilder | Imported #542 / 133 tx / 429 pending / 32,182,010 (0.0%) gas / (0xc059fd057ad3d9d8f898983247f8449352670567e3c8f8ac7e5f7294b6a44891)
2026-10-07 13:43:03.106+00:00 | BftProcessorExecutor-QBFT-0 | INFO  | QbftBesuControllerBuilder | Imported #543 / 77 tx / 352 pending / 18,631,690 (0.0%) gas / (0x17450c15e1c3335e49710f36abff648b0f24250558d99baacd10a8d902460b58)
2026-10-07 13:43:04.513+00:00 | BftProcessorExecutor-QBFT-0 | INFO  | QbftBesuControllerBuilder | Imported #544 / 32 tx / 320 pending / 7,743,040 (0.0%) gas / (0xd9cfa78733a906711d03090fcc57ee11d0ffe7a74543ef8ea1cb66848a75fb25)
2026-10-07 13:43:06.768+00:00 | EthScheduler-Workers-0 | INFO  | PersistBlockTask | Block 545 (0x0a0afa3440fc945257c2fdaf7ffb5d7744ecdfcd729c9ea90557f14e93276128) is already imported
2026-10-07 13:43:06.768+00:00 | BftProcessorExecutor-QBFT-0 | INFO  | QbftBesuControllerBuilder | Imported #545 / 47 tx / 273 pending / 11,372,590 (0.0%) gas / (0x0a0afa3440fc945257c2fdaf7ffb5d7744ecdfcd729c9ea90557f14e93276128)
2026-10-07 13:43:09.001+00:00 | EthScheduler-Workers-0 | INFO  | PersistBlockTask | Block 546 (0xeaa8838f5f80dc74e4e476cf40db7e6c553c1786ce3d07b9c22a7e4c55d3b1ba) is already imported
2026-10-07 13:43:09.003+00:00 | BftProcessorExecutor-QBFT-0 | INFO  | QbftBesuControllerBuilder | Imported #546 / 70 tx / 203 pending / 16,937,900 (0.0%) gas / (0xeaa8838f5f80dc74e4e476cf40db7e6c553c1786ce3d07b9c22a7e4c55d3b1ba)
2026-10-07 13:43:10.700+00:00 | BftProcessorExecutor-QBFT-0 | INFO  | QbftBesuControllerBuilder | Produced #547 / 45 tx / 158 pending / 10,888,650 (0.0%) gas / (0x9461e2e75745d03a8634b11ae16f43778a01a0de19a93285d8f5b6c4d7d27266)
2026-10-07 13:43:12.867+00:00 | BftProcessorExecutor-QBFT-0 | INFO  | QbftBesuControllerBuilder | Imported #548 / 58 tx / 100 pending / 14,034,260 (0.0%) gas / (0x970929c81d022e28c93c7c6f5b0461f46e412d081d208c2e5a317a281f582b81)
2026-10-07 13:43:14.817+00:00 | EthScheduler-Workers-0 | INFO  | PersistBlockTask | Block 549 (0x0339b0c2a0649b8a4b325350e28191156303939d32035120d2600426fbebc6ef) is already imported
2026-10-07 13:43:14.817+00:00 | BftProcessorExecutor-QBFT-0 | INFO  | QbftBesuControllerBuilder | Imported #549 / 55 tx / 45 pending / 13,308,350 (0.0%) gas / (0x0339b0c2a0649b8a4b325350e28191156303939d32035120d2600426fbebc6ef)
2026-10-07 13:43:16.721+00:00 | BftProcessorExecutor-QBFT-0 | INFO  | QbftBesuControllerBuilder | Imported #550 / 45 tx / 0 pending / 10,888,650 (0.0%) gas / (0xb3143dfbf548fe5ba989426b3890d57825a2e104051d5fcafaf1d8285653ccd2)
2026-10-07 13:43:16.720+00:00 | EthScheduler-Workers-0 | INFO  | PersistBlockTask | Block 550 (0xb3143dfbf548fe5ba989426b3890d57825a2e104051d5fcafaf1d8285653ccd2) is already imported
2026-10-07 13:43:18.075+00:00 | BftProcessorExecutor-QBFT-0 | INFO  | QbftBesuControllerBuilder | Imported #551 / 0 tx / 0 pending / 0 (0.0%) gas / (0xc92cf3ed503c407d7d59ce25ab6b1bb6e29219b286c5866870ee257102254faf)
2026-10-07 13:43:20.097+00:00 | BftProcessorExecutor-QBFT-0 | INFO  | QbftBesuControllerBuilder | Imported #552 / 0 tx / 0 pending / 0 (0.0%) gas / (0xe30edb3a5df7714ab932f56eaaa25ef9a9cdbaa0edc50a8c1b45d6a5d1b50b21)
2026-10-07 13:43:22.092+00:00 | BftProcessorExecutor-QBFT-0 | INFO  | QbftBesuControllerBuilder | Imported #553 / 0 tx / 0 pending / 0 (0.0%) gas / (0x0812f812640ab22e7e4f067f8c3fb75722fe659871fc2295236493a4626a41ef)
2026-10-07 13:43:24.088+00:00 | BftProcessorExecutor-QBFT-0 | INFO  | QbftBesuControllerBuilder | Imported #554 / 0 tx / 0 pending / 0 (0.0%) gas / (0x4abba7fd5862eb7bdbfc7bc9cd038b78f6f0d4434fc42fde69ee005583563fd7)
2026-10-07 13:43:26.094+00:00 | BftProcessorExecutor-QBFT-0 | INFO  | QbftBesuControllerBuilder | Imported #555 / 0 tx / 0 pending / 0 (0.0%) gas / (0xa3874aa03b53b1e7d66333deb5d4acbca7ee843bec92feedc39d48694abb13c2)
2026-10-07 13:43:28.098+00:00 | BftProcessorExecutor-QBFT-0 | INFO  | QbftBesuControllerBuilder | Imported #556 / 0 tx / 0 pending / 0 (0.0%) gas / (0x62744bfc1f330a7cf57e01477bda9ccce0c9170b652df6d520dab62f949971f5)
2026-10-07 13:43:30.092+00:00 | BftProcessorExecutor-QBFT-0 | INFO  | QbftBesuControllerBuilder | Imported #557 / 0 tx / 0 pending / 0 (0.0%) gas / (0xe8dca94c18e20c614819775c78aa291e297ed3ce8cf3ed9bb672ef095a6a9ed6)
2026-10-07 13:43:32.091+00:00 | BftProcessorExecutor-QBFT-0 | INFO  | QbftBesuControllerBuilder | Imported #558 / 0 tx / 0 pending / 0 (0.0%) gas / (0x8c7037fe5fa020ac99eee4421ce2642152554f6bfe9207aafbfd545866a253f4)
2026-10-07 13:43:34.092+00:00 | BftProcessorExecutor-QBFT-0 | INFO  | QbftBesuControllerBuilder | Imported #559 / 0 tx / 0 pending / 0 (0.0%) gas / (0x6e394ed23f67c8ce81edf6a9525aac69a71f8721bc5e2d8bf8ffc2809b3cf2c2)
2026-10-07 13:43:36.091+00:00 | BftProcessorExecutor-QBFT-0 | INFO  | QbftBesuControllerBuilder | Imported #560 / 0 tx / 0 pending / 0 (0.0%) gas / (0x5923a8162899b6fb24a7179cc49ede20638886a90afe3582cd5ba44223dda20a)
2026-10-07 13:43:38.093+00:00 | BftProcessorExecutor-QBFT-0 | INFO  | QbftBesuControllerBuilder | Imported #561 / 0 tx / 0 pending / 0 (0.0%) gas / (0x58f58fce3fe52d5d30ddefe74bba0dc8df65b2704263c60dbdbe3543db73698a)
2026-10-07 13:43:40.083+00:00 | BftProcessorExecutor-QBFT-0 | INFO  | QbftBesuControllerBuilder | Produced #562 / 0 tx / 0 pending / 0 (0.0%) gas / (0x37a2a092e7171a90408c593b966e15b7e6d43d884452eb3005df4762c435bb67)
2026-10-07 13:43:42.094+00:00 | BftProcessorExecutor-QBFT-0 | INFO  | QbftBesuControllerBuilder | Imported #563 / 0 tx / 0 pending / 0 (0.0%) gas / (0x0181d642b0716c24237511183b6ab7854d1215cfcb27fea45a4f1f79870f22d5)
2026-10-07 13:43:44.092+00:00 | BftProcessorExecutor-QBFT-0 | INFO  | QbftBesuControllerBuilder | Imported #564 / 0 tx / 0 pending / 0 (0.0%) gas / (0xc9fabc1f5ddc80efa13202a41cb95c2dbb18982480f88f41d91a7fbef6e3b8c6)
2026-10-07 13:43:46.097+00:00 | BftProcessorExecutor-QBFT-0 | INFO  | QbftBesuControllerBuilder | Imported #565 / 0 tx / 0 pending / 0 (0.0%) gas / (0x7751322f80e28dbbf1e8a25b066b1eb899966de93cac4f00a1af979accb99767)
2026-10-07 13:43:48.091+00:00 | BftProcessorExecutor-QBFT-0 | INFO  | QbftBesuControllerBuilder | Imported #566 / 0 tx / 0 pending / 0 (0.0%) gas / (0x20d9d2b5a59073c3ee509bb6a30e3d1f6a3b12713a7ea5af4ddea1f7bd03f318)
2026-10-07 13:43:50.084+00:00 | BftProcessorExecutor-QBFT-0 | INFO  | QbftBesuControllerBuilder | Imported #567 / 0 tx / 0 pending / 0 (0.0%) gas / (0xdc8fc8631de657dda9da3e8b1d08a796a4fd9f0cd81376d977449c9ca46cc977)
2026-10-07 13:43:52.089+00:00 | EthScheduler-Workers-0 | INFO  | PersistBlockTask | Block 568 (0xf954ff49c4d76a335d7c7dad38a4c46baa30ab667bd5cf71ba5d90bd1ababe9b) is already imported
2026-10-07 13:43:52.089+00:00 | BftProcessorExecutor-QBFT-0 | INFO  | QbftBesuControllerBuilder | Imported #568 / 0 tx / 0 pending / 0 (0.0%) gas / (0xf954ff49c4d76a335d7c7dad38a4c46baa30ab667bd5cf71ba5d90bd1ababe9b)
2026-10-07 13:43:54.084+00:00 | BftProcessorExecutor-QBFT-0 | INFO  | QbftBesuControllerBuilder | Imported #569 / 0 tx / 0 pending / 0 (0.0%) gas / (0xe37d249c6114d232b9c9ba24de7b25b7d134b155d65c34abad4632a9a832c049)
2026-10-07 13:43:56.092+00:00 | BftProcessorExecutor-QBFT-0 | INFO  | QbftBesuControllerBuilder | Imported #570 / 0 tx / 0 pending / 0 (0.0%) gas / (0x5c28d7abe1db3b2d264cb2d886686d3ea0c8bcfb10c5fe2ae4c4defb24563445)
2026-10-07 13:43:58.088+00:00 | BftProcessorExecutor-QBFT-0 | INFO  | QbftBesuControllerBuilder | Imported #571 / 0 tx / 0 pending / 0 (0.0%) gas / (0xad2eaef9137c63aa5e52895125566f55551eb68f2306cd6a7717191fe090fc50)
2026-10-07 13:44:00.088+00:00 | BftProcessorExecutor-QBFT-0 | INFO  | QbftBesuControllerBuilder | Imported #572 / 0 tx / 0 pending / 0 (0.0%) gas / (0xf3f7d725cd0e9b34f5ada15a0e497ecb02f00669fe619815cc94689ff8045c4b)
2026-10-07 13:44:02.094+00:00 | BftProcessorExecutor-QBFT-0 | INFO  | QbftBesuControllerBuilder | Imported #573 / 0 tx / 0 pending / 0 (0.0%) gas / (0x66534471febf402bd1aaaab1f306b3a6558ed393fac0cc405452a37a9aff94fd)
2026-10-07 13:44:02.095+00:00 | EthScheduler-Workers-0 | INFO  | PersistBlockTask | Block 573 (0x66534471febf402bd1aaaab1f306b3a6558ed393fac0cc405452a37a9aff94fd) is already imported
2026-10-07 13:44:04.090+00:00 | BftProcessorExecutor-QBFT-0 | INFO  | QbftBesuControllerBuilder | Imported #574 / 0 tx / 0 pending / 0 (0.0%) gas / (0x521b9a342a898c83b12ec4e674630207c8dc22c9af464bd6c6947947e7ac5e1a)
2026-10-07 13:44:06.096+00:00 | BftProcessorExecutor-QBFT-0 | INFO  | QbftBesuControllerBuilder | Imported #575 / 0 tx / 0 pending / 0 (0.0%) gas / (0x73fdbc361c558ffda1f6be7236530838a765e67e66ba8806f65090aa5a48633b)
2026-10-07 13:44:08.089+00:00 | BftProcessorExecutor-QBFT-0 | INFO  | QbftBesuControllerBuilder | Imported #576 / 0 tx / 0 pending / 0 (0.0%) gas / (0x84af0b0f716962aa6f2bb7dcb99fd9f1c68e035cc1a51063496107913f323b35)
2026-10-07 13:44:10.088+00:00 | BftProcessorExecutor-QBFT-0 | INFO  | QbftBesuControllerBuilder | Produced #577 / 0 tx / 0 pending / 0 (0.0%) gas / (0x67d2c75f17463dc320252dca650e67153720663abddc46bfe46b4103c9a2a5f4)
2026-10-07 13:44:12.083+00:00 | BftProcessorExecutor-QBFT-0 | INFO  | QbftBesuControllerBuilder | Imported #578 / 0 tx / 0 pending / 0 (0.0%) gas / (0xbf13cc10922c210305c72d4b72ac9fcfa31250f63cf42cfc6251ad3502fcbfcd)
2026-10-07 13:44:14.095+00:00 | BftProcessorExecutor-QBFT-0 | INFO  | QbftBesuControllerBuilder | Imported #579 / 0 tx / 0 pending / 0 (0.0%) gas / (0x0722d51dc6854d5c746c04fdeef0cae63cc53ae921c356f9b8bf7027c5e5266f)
2026-10-07 13:44:14.097+00:00 | EthScheduler-Workers-0 | INFO  | PersistBlockTask | Block 579 (0x0722d51dc6854d5c746c04fdeef0cae63cc53ae921c356f9b8bf7027c5e5266f) is already imported
2026-10-07 13:44:16.090+00:00 | BftProcessorExecutor-QBFT-0 | INFO  | QbftBesuControllerBuilder | Imported #580 / 0 tx / 8 pending / 0 (0.0%) gas / (0x106c49006a24650cc3faecb927beabacddd3d30082122fe07c1ba247cc9565b9)
2026-10-07 13:44:18.091+00:00 | BftProcessorExecutor-QBFT-0 | INFO  | QbftBesuControllerBuilder | Imported #581 / 0 tx / 8 pending / 0 (0.0%) gas / (0x2bfbb85f1ae035974ca69c4a2896d46e1e9936a6b77447d49cb63aad79750b25)
2026-10-07 13:44:20.089+00:00 | BftProcessorExecutor-QBFT-0 | INFO  | QbftBesuControllerBuilder | Imported #582 / 0 tx / 8 pending / 0 (0.0%) gas / (0x8506da853d8a4bc7e9a7f0a8de3f565d1adf91b57a5171af57c603c921dfa3f3)
2026-10-07 13:44:22.091+00:00 | EthScheduler-Workers-0 | INFO  | PersistBlockTask | Block 583 (0xcbf60190b66bfd10709f79fa9bf4a5d975f3f534d56609f586d59254c71d9715) is already imported
2026-10-07 13:44:22.091+00:00 | BftProcessorExecutor-QBFT-0 | INFO  | QbftBesuControllerBuilder | Imported #583 / 0 tx / 8 pending / 0 (0.0%) gas / (0xcbf60190b66bfd10709f79fa9bf4a5d975f3f534d56609f586d59254c71d9715)
2026-10-07 13:44:24.090+00:00 | BftProcessorExecutor-QBFT-0 | INFO  | QbftBesuControllerBuilder | Imported #584 / 0 tx / 8 pending / 0 (0.0%) gas / (0x0edbc053cfdc1e6d58154505c02c0e0b1030099bf5f85e47c4dfc1dde6d9ba9f)
2026-10-07 13:44:26.111+00:00 | BftProcessorExecutor-QBFT-0 | INFO  | QbftBesuControllerBuilder | Imported #585 / 1 tx / 7 pending / 153,630 (0.0%) gas / (0xc3a4dff15304967bd47e035ec74bb63d6a7cdcce91d29c350cccb04c31aece9e)
2026-10-07 13:44:28.100+00:00 | BftProcessorExecutor-QBFT-0 | INFO  | QbftBesuControllerBuilder | Imported #586 / 1 tx / 6 pending / 153,650 (0.0%) gas / (0x18a2d201307467724f2f6b5c3180df82e7d7ca5cbb1b7365b1465c16c8c9adfe)
2026-10-07 13:44:30.108+00:00 | EthScheduler-Workers-0 | INFO  | PersistBlockTask | Block 587 (0x6677dfe256161c32f9724c541a8a75fcf1b65e1f1f723a0bb81246fd1f5a6866) is already imported
2026-10-07 13:44:30.108+00:00 | BftProcessorExecutor-QBFT-0 | INFO  | QbftBesuControllerBuilder | Imported #587 / 1 tx / 5 pending / 153,630 (0.0%) gas / (0x6677dfe256161c32f9724c541a8a75fcf1b65e1f1f723a0bb81246fd1f5a6866)
2026-10-07 13:44:32.108+00:00 | BftProcessorExecutor-QBFT-0 | INFO  | QbftBesuControllerBuilder | Imported #588 / 1 tx / 4 pending / 153,606 (0.0%) gas / (0x6d6ff241069dd4eb76a19629db01f915687db395f1e742a549249c8a3cc2bf13)
2026-10-07 13:44:34.122+00:00 | BftProcessorExecutor-QBFT-0 | INFO  | QbftBesuControllerBuilder | Imported #589 / 1 tx / 3 pending / 153,638 (0.0%) gas / (0x41a38827d4c0d1872f7e493a9278eb39b5fea6d4cb7eb9411bf622282c4a74c5)
2026-10-07 13:44:34.127+00:00 | EthScheduler-Workers-0 | INFO  | PersistBlockTask | Block 589 (0x41a38827d4c0d1872f7e493a9278eb39b5fea6d4cb7eb9411bf622282c4a74c5) is already imported
2026-10-07 13:44:36.101+00:00 | BftProcessorExecutor-QBFT-0 | INFO  | QbftBesuControllerBuilder | Imported #590 / 1 tx / 2 pending / 153,638 (0.0%) gas / (0xe527de1f27f59a383878c2011127a0a3e1589772ad433e8dae6f4ec55136e4a2)
2026-10-07 13:44:38.104+00:00 | BftProcessorExecutor-QBFT-0 | INFO  | QbftBesuControllerBuilder | Imported #591 / 1 tx / 1 pending / 153,630 (0.0%) gas / (0x41d62c490b28c2da89ddbb5d0d324687baf3a9df191b328f2f2eaf58923d30d7)
2026-10-07 13:44:40.109+00:00 | BftProcessorExecutor-QBFT-0 | INFO  | QbftBesuControllerBuilder | Produced #592 / 1 tx / 0 pending / 153,638 (0.0%) gas / (0xe0dc45249e7c6bd0f9b10c51e6887f5a3f5b17f41ad6c99b3a639a09aec3a6c3)
2026-10-07 13:44:42.084+00:00 | BftProcessorExecutor-QBFT-0 | INFO  | QbftBesuControllerBuilder | Imported #593 / 0 tx / 0 pending / 0 (0.0%) gas / (0xf79b0fb64a042f585e8655d47ca08ebf629fb87fdccdd053988c22a5092c4a57)
2026-10-07 13:44:44.088+00:00 | BftProcessorExecutor-QBFT-0 | INFO  | QbftBesuControllerBuilder | Imported #594 / 0 tx / 0 pending / 0 (0.0%) gas / (0x4df5941fb233057ba5cf55863b278d332954d911ec323f309576090fd6f6833d)
2026-10-07 13:44:46.091+00:00 | EthScheduler-Workers-0 | INFO  | PersistBlockTask | Block 595 (0x49353fb39032d0568a1a6680db7716b2e5376e95b6cf5c5c779556d511cd754b) is already imported
2026-10-07 13:44:46.091+00:00 | BftProcessorExecutor-QBFT-0 | INFO  | QbftBesuControllerBuilder | Imported #595 / 0 tx / 0 pending / 0 (0.0%) gas / (0x49353fb39032d0568a1a6680db7716b2e5376e95b6cf5c5c779556d511cd754b)
2026-10-07 13:44:48.083+00:00 | BftProcessorExecutor-QBFT-0 | INFO  | QbftBesuControllerBuilder | Imported #596 / 0 tx / 0 pending / 0 (0.0%) gas / (0x0f58d711b4d177afee1aaecaa9952b48ec6444175ef26883183e76c14d367211)
2026-10-07 13:44:50.091+00:00 | BftProcessorExecutor-QBFT-0 | INFO  | QbftBesuControllerBuilder | Imported #597 / 0 tx / 0 pending / 0 (0.0%) gas / (0xd3ac56bc90aab356b578324a856d2993d45796e4a83c60da6708092d8aeeab08)
2026-10-07 13:44:50.092+00:00 | EthScheduler-Workers-0 | INFO  | PersistBlockTask | Block 597 (0xd3ac56bc90aab356b578324a856d2993d45796e4a83c60da6708092d8aeeab08) is already imported
2026-10-07 13:44:52.091+00:00 | BftProcessorExecutor-QBFT-0 | INFO  | QbftBesuControllerBuilder | Imported #598 / 0 tx / 0 pending / 0 (0.0%) gas / (0x1b4c818159ce53260864b6b8db3aa827b3f44112648603915ad97aa9843fc2ab)
2026-10-07 13:44:54.085+00:00 | BftProcessorExecutor-QBFT-0 | INFO  | QbftBesuControllerBuilder | Imported #599 / 0 tx / 0 pending / 0 (0.0%) gas / (0x7eabfb728eaee2e926a0b7a93e260f620fa38bb1109759a5b9fefa15f7e9d475)
2026-10-07 13:44:56.072+00:00 | BftProcessorExecutor-QBFT-0 | INFO  | QbftBesuControllerBuilder | Imported #600 / 0 tx / 0 pending / 0 (0.0%) gas / (0xad331e1b6a5e7df496c8042dd4a30bd39c80fdbd4bec9a941633787ca7eaf307)
2026-10-07 13:44:58.105+00:00 | EthScheduler-Workers-0 | INFO  | PersistBlockTask | Imported #601 / 0 tx / 0 om / 0 (0.0%) gas / (0x9b5eb8d75081ae05950926e2e62565417c2f68bdde5b7af97832e300cc2ae7c4) in 0.003s. Peers: 14
2026-10-07 13:45:00.099+00:00 | BftProcessorExecutor-QBFT-0 | INFO  | QbftBesuControllerBuilder | Imported #602 / 0 tx / 0 pending / 0 (0.0%) gas / (0x9e8120d5bb734bfd040d1206131307149ed96c500d25d7eaacb9f85258217d24)
2026-10-07 13:45:02.079+00:00 | BftProcessorExecutor-QBFT-0 | INFO  | QbftBesuControllerBuilder | Imported #603 / 0 tx / 0 pending / 0 (0.0%) gas / (0xf34a795de696918e4964ee1e866b661d9fdf5008f0243f35feb51122f1aa19fb)
2026-10-07 13:45:04.096+00:00 | EthScheduler-Workers-0 | INFO  | PersistBlockTask | Block 604 (0x10bac1ca46b8c32837b20eec0288507a4ed9e370d6fe7d1f12eac97831201350) is already imported
2026-10-07 13:45:04.096+00:00 | BftProcessorExecutor-QBFT-0 | INFO  | QbftBesuControllerBuilder | Imported #604 / 0 tx / 0 pending / 0 (0.0%) gas / (0x10bac1ca46b8c32837b20eec0288507a4ed9e370d6fe7d1f12eac97831201350)
2026-10-07 13:45:06.093+00:00 | EthScheduler-Workers-0 | INFO  | PersistBlockTask | Block 605 (0x95384473ab81eb40a64a65af0987e2339b4394ae53247c6122cec0cfcd1b657a) is already imported
2026-10-07 13:45:06.093+00:00 | BftProcessorExecutor-QBFT-0 | INFO  | QbftBesuControllerBuilder | Imported #605 / 0 tx / 0 pending / 0 (0.0%) gas / (0x95384473ab81eb40a64a65af0987e2339b4394ae53247c6122cec0cfcd1b657a)
2026-10-07 13:45:08.092+00:00 | BftProcessorExecutor-QBFT-0 | INFO  | QbftBesuControllerBuilder | Imported #606 / 0 tx / 0 pending / 0 (0.0%) gas / (0x2a3fb3e66f11fd7545ca7481fb0133f172afd08dd1f3b87e676aea00c0aa825c)
2026-10-07 13:45:10.080+00:00 | EthScheduler-Workers-0 | INFO  | PersistBlockTask | Imported #607 / 0 tx / 0 om / 0 (0.0%) gas / (0xbc25bdff5edd8fdccb7b70dc56a684a1fde2ba68508a6f44b2297e10ef16ede4) in 0.001s. Peers: 14
2026-10-07 13:45:12.086+00:00 | BftProcessorExecutor-QBFT-0 | INFO  | QbftBesuControllerBuilder | Imported #608 / 0 tx / 0 pending / 0 (0.0%) gas / (0xfd08cd1f03326c3c2ffeb794506ee32b8b8ce8f93454498ada29bea1cc2d5862)
2026-10-07 13:45:14.078+00:00 | EthScheduler-Workers-0 | INFO  | PersistBlockTask | Imported #609 / 0 tx / 0 om / 0 (0.0%) gas / (0x608f2518c38fd864e8181dd83343780934ede892526ce2ca16dd5287cc34ebe9) in 0.001s. Peers: 14
2026-10-07 13:45:16.073+00:00 | BftProcessorExecutor-QBFT-0 | INFO  | QbftBesuControllerBuilder | Imported #610 / 0 tx / 0 pending / 0 (0.0%) gas / (0x875c6c11bd36c5d8baf46ab7fff43e4d712db815d52e0bbdd5371b1efec7b71f)
2026-10-07 13:45:18.088+00:00 | EthScheduler-Workers-0 | INFO  | PersistBlockTask | Block 611 (0xd6373731b83a48f67fb7e2ebb52c97c92fe0fed2bc6baaa35629f854841c2720) is already imported
2026-10-07 13:45:18.088+00:00 | BftProcessorExecutor-QBFT-0 | INFO  | QbftBesuControllerBuilder | Imported #611 / 0 tx / 0 pending / 0 (0.0%) gas / (0xd6373731b83a48f67fb7e2ebb52c97c92fe0fed2bc6baaa35629f854841c2720)
2026-10-07 13:45:20.064+00:00 | BftProcessorExecutor-QBFT-0 | INFO  | QbftBesuControllerBuilder | Imported #612 / 0 tx / 0 pending / 0 (0.0%) gas / (0x31a8b248c9e80b75f1d698266ff6172851dc2cea3c11d73e21dfcc7c1f4c64b0)
2026-10-07 13:45:22.091+00:00 | BftProcessorExecutor-QBFT-0 | INFO  | QbftBesuControllerBuilder | Imported #613 / 0 tx / 0 pending / 0 (0.0%) gas / (0x2d32c7a7a50040e18e79083e92a9f0e0efbedf80404a17da40ccbefa04854867)
2026-10-07 13:45:24.081+00:00 | BftProcessorExecutor-QBFT-0 | INFO  | QbftBesuControllerBuilder | Imported #614 / 0 tx / 0 pending / 0 (0.0%) gas / (0xa7f1e5ec8a00a0a3096782b224c0b235b5537e887f243976112f1f1b7b9ff58f)
2026-10-07 13:45:26.089+00:00 | EthScheduler-Workers-0 | INFO  | PersistBlockTask | Block 615 (0xedf9139f02895c710ad4246818adc21cf2e95a8a3ac0e82296b3e101c9291ee5) is already imported
2026-10-07 13:45:26.089+00:00 | BftProcessorExecutor-QBFT-0 | INFO  | QbftBesuControllerBuilder | Imported #615 / 0 tx / 0 pending / 0 (0.0%) gas / (0xedf9139f02895c710ad4246818adc21cf2e95a8a3ac0e82296b3e101c9291ee5)
2026-10-07 13:45:28.093+00:00 | EthScheduler-Workers-0 | INFO  | PersistBlockTask | Block 616 (0x295845098688d396063d3d0e80efc08b9c954a3ab34ac4f8e4b92ba349d4764d) is already imported
2026-10-07 13:45:28.093+00:00 | BftProcessorExecutor-QBFT-0 | INFO  | QbftBesuControllerBuilder | Imported #616 / 0 tx / 0 pending / 0 (0.0%) gas / (0x295845098688d396063d3d0e80efc08b9c954a3ab34ac4f8e4b92ba349d4764d)
2026-10-07 13:45:30.073+00:00 | BftProcessorExecutor-QBFT-0 | INFO  | QbftBesuControllerBuilder | Imported #617 / 0 tx / 0 pending / 0 (0.0%) gas / (0xe81cea34dd1818ebeb791dc4256da017b48df0c4c860e40168ad6a1ab9b0a9d3)
2026-10-07 13:45:32.085+00:00 | BftProcessorExecutor-QBFT-0 | INFO  | QbftBesuControllerBuilder | Imported #618 / 0 tx / 0 pending / 0 (0.0%) gas / (0xb940100dc6c0302145d29eb21f365441d2094d6164067f1424abfcfbf4ebdead)
2026-10-07 13:45:34.098+00:00 | BftProcessorExecutor-QBFT-0 | INFO  | QbftBesuControllerBuilder | Imported #619 / 0 tx / 0 pending / 0 (0.0%) gas / (0x86cbfea4613fe32a335cfd261b7387d5a8195da30c2920e03f6f144820224551)
2026-10-07 13:45:36.083+00:00 | BftProcessorExecutor-QBFT-0 | INFO  | QbftBesuControllerBuilder | Imported #620 / 0 tx / 0 pending / 0 (0.0%) gas / (0x07d114745f4f05516a5ac41cdb8fc0eaabbd4c2d87e0bd6ebecd6a34ad2fe861)
2026-10-07 13:45:36.083+00:00 | EthScheduler-Workers-0 | INFO  | PersistBlockTask | Block 620 (0x07d114745f4f05516a5ac41cdb8fc0eaabbd4c2d87e0bd6ebecd6a34ad2fe861) is already imported
2026-10-07 13:45:38.087+00:00 | EthScheduler-Workers-0 | INFO  | PersistBlockTask | Block 621 (0x5f39ee4f798b46416916b97e82785d9d992f6b052df0d844808404df2ff59eee) is already imported
2026-10-07 13:45:38.087+00:00 | BftProcessorExecutor-QBFT-0 | INFO  | QbftBesuControllerBuilder | Imported #621 / 0 tx / 0 pending / 0 (0.0%) gas / (0x5f39ee4f798b46416916b97e82785d9d992f6b052df0d844808404df2ff59eee)
2026-10-07 13:45:40.085+00:00 | BftProcessorExecutor-QBFT-0 | INFO  | QbftBesuControllerBuilder | Produced #622 / 0 tx / 0 pending / 0 (0.0%) gas / (0xbd6f550ae7e963ccd695a378f7ecfeb7924555f06d55abb169333afb5bd90db5)
2026-10-07 13:45:42.085+00:00 | BftProcessorExecutor-QBFT-0 | INFO  | QbftBesuControllerBuilder | Imported #623 / 0 tx / 0 pending / 0 (0.0%) gas / (0xc03b211d626a3b6ecab4eeccf302d8e8d3e1610fb6b40dde3d084cd01edfdd56)
2026-10-07 13:45:44.098+00:00 | BftProcessorExecutor-QBFT-0 | INFO  | QbftBesuControllerBuilder | Imported #624 / 0 tx / 0 pending / 0 (0.0%) gas / (0xbaa72fa30e8dd8a64b639b94a4578c6da7077dd5933ca66693e0edb0925e0490)
2026-10-07 13:45:46.366+00:00 | EthScheduler-Workers-0 | INFO  | PersistBlockTask | Block 625 (0xb895cefe8ab7d44d2fb3fdec06bddc77bb518e9efac708b9ad9702633ea5c30c) is already imported
2026-10-07 13:45:46.366+00:00 | BftProcessorExecutor-QBFT-0 | INFO  | QbftBesuControllerBuilder | Imported #625 / 12 tx / 240 pending / 2,903,640 (0.0%) gas / (0xb895cefe8ab7d44d2fb3fdec06bddc77bb518e9efac708b9ad9702633ea5c30c)
2026-10-07 13:45:48.567+00:00 | BftProcessorExecutor-QBFT-0 | INFO  | QbftBesuControllerBuilder | Imported #626 / 28 tx / 532 pending / 6,775,160 (0.0%) gas / (0x814e9c5dfe48f6a4d93dd3cac7826729c74b0782e711d16462802318497f312a)
2026-10-07 13:45:50.841+00:00 | BftProcessorExecutor-QBFT-0 | INFO  | QbftBesuControllerBuilder | Imported #627 / 50 tx / 899 pending / 12,098,500 (0.0%) gas / (0xe093e90455e3bf3f8f31577da7295214709723a73098389c33c106b9d56929e1)
2026-10-07 13:45:53.226+00:00 | BftProcessorExecutor-QBFT-0 | INFO  | QbftBesuControllerBuilder | Imported #628 / 77 tx / 1440 pending / 18,631,690 (0.0%) gas / (0xcd565864b24caf05ca1049965ab0135c6321d234dae70e76d451acd36059bcd2)
2026-10-07 13:45:55.726+00:00 | BftProcessorExecutor-QBFT-0 | INFO  | QbftBesuControllerBuilder | Imported #629 / 116 tx / 2007 pending / 28,068,520 (0.0%) gas / (0xf8a94ff1a5b6d268f5f75eb11a2ca658d044b1feebd9fb1186e41e10cf8207ce)
2026-10-07 13:45:58.299+00:00 | EthScheduler-Workers-0 | INFO  | PersistBlockTask | Block 630 (0x2ddb89a2c7e9e31670a288ef92dfac0ab3a7a0bdceb9777fd5257c18456022a2) is already imported
2026-10-07 13:45:58.301+00:00 | BftProcessorExecutor-QBFT-0 | INFO  | QbftBesuControllerBuilder | Imported #630 / 160 tx / 2712 pending / 38,715,200 (0.0%) gas / (0x2ddb89a2c7e9e31670a288ef92dfac0ab3a7a0bdceb9777fd5257c18456022a2)
2026-10-07 13:46:01.104+00:00 | BftProcessorExecutor-QBFT-0 | INFO  | QbftBesuControllerBuilder | Imported #631 / 211 tx / 3708 pending / 51,055,670 (0.0%) gas / (0x15f4db801a579d4e5a5249f863d1d0f4f3fa37e8b72a3595449d6fc8d847997c)
2026-10-07 13:46:05.221+00:00 | EthScheduler-Workers-0 | INFO  | PersistBlockTask | Block 632 (0x678409bf951576ccc37a970a1768229cc2906e15fa4a9cae89cf62970f7f63d2) is already imported
2026-10-07 13:46:05.225+00:00 | BftProcessorExecutor-QBFT-0 | INFO  | QbftBesuControllerBuilder | Imported #632 / 295 tx / 4742 pending / 71,381,150 (0.0%) gas / (0x678409bf951576ccc37a970a1768229cc2906e15fa4a9cae89cf62970f7f63d2)
2026-10-07 13:46:09.858+00:00 | EthScheduler-Workers-0 | INFO  | PersistBlockTask | Block 633 (0xf95bbd679de52a1b2befb3f70d7760f4dd1f210514c35dadc4f3c3d7e72b9daf) is already imported
2026-10-07 13:46:09.863+00:00 | BftProcessorExecutor-QBFT-0 | INFO  | QbftBesuControllerBuilder | Imported #633 / 335 tx / 6179 pending / 81,059,950 (0.0%) gas / (0xf95bbd679de52a1b2befb3f70d7760f4dd1f210514c35dadc4f3c3d7e72b9daf)
2026-10-07 13:46:14.388+00:00 | EthScheduler-Workers-0 | INFO  | PersistBlockTask | Block 634 (0x58fb5d14a3ad94c5f393eecb917d6e4238daed613ec5313ef7f9d8a906e9a68f) is already imported
2026-10-07 13:46:14.394+00:00 | BftProcessorExecutor-QBFT-0 | INFO  | QbftBesuControllerBuilder | Imported #634 / 322 tx / 7614 pending / 77,914,340 (0.0%) gas / (0x58fb5d14a3ad94c5f393eecb917d6e4238daed613ec5313ef7f9d8a906e9a68f)
2026-10-07 13:46:19.070+00:00 | EthScheduler-Workers-0 | INFO  | PersistBlockTask | Block 635 (0x873a2e9a7c96984c1cbd63a9023ade296261244428179be6e5cc281e7ce9de85) is already imported
2026-10-07 13:46:19.075+00:00 | BftProcessorExecutor-QBFT-0 | INFO  | QbftBesuControllerBuilder | Imported #635 / 341 tx / 9291 pending / 82,511,770 (0.0%) gas / (0x873a2e9a7c96984c1cbd63a9023ade296261244428179be6e5cc281e7ce9de85)
2026-10-07 13:46:23.772+00:00 | EthScheduler-Workers-0 | INFO  | PersistBlockTask | Block 636 (0xb76f16f2fa5edf46226aab4f9e4458a59c8d8c882813d93e40473234dd837971) is already imported
2026-10-07 13:46:23.775+00:00 | BftProcessorExecutor-QBFT-0 | INFO  | QbftBesuControllerBuilder | Imported #636 / 343 tx / 11045 pending / 82,995,710 (0.0%) gas / (0xb76f16f2fa5edf46226aab4f9e4458a59c8d8c882813d93e40473234dd837971)
2026-10-07 13:46:25.277+00:00 | BftProcessorExecutor-QBFT-0 | WARN  | BlockTransactionSelector | Interrupting the selection of transactions for block inclusion as it exceeds the maximum configured duration of 1500ms
java.util.concurrent.TimeoutException
	at java.base/java.util.concurrent.CompletableFuture.timedGet(CompletableFuture.java:1960)
	at java.base/java.util.concurrent.CompletableFuture.get(CompletableFuture.java:2095)
	at org.hyperledger.besu.ethereum.blockcreation.txselection.BlockTransactionSelector.timeLimitedSelection(BlockTransactionSelector.java:186)
	at org.hyperledger.besu.ethereum.blockcreation.txselection.BlockTransactionSelector.buildTransactionListForBlock(BlockTransactionSelector.java:169)
	at org.hyperledger.besu.ethereum.blockcreation.AbstractBlockCreator.selectTransactions(AbstractBlockCreator.java:376)
	at org.hyperledger.besu.ethereum.blockcreation.AbstractBlockCreator.createBlock(AbstractBlockCreator.java:218)
	at org.hyperledger.besu.ethereum.blockcreation.AbstractBlockCreator.createBlock(AbstractBlockCreator.java:146)
	at org.hyperledger.besu.consensus.common.bft.blockcreation.BftBlockCreator.createBlock(BftBlockCreator.java:92)
	at org.hyperledger.besu.consensus.qbft.statemachine.QbftRound.createAndSendProposalMessage(QbftRound.java:137)
	at org.hyperledger.besu.consensus.qbft.statemachine.QbftBlockHeightManager.handleBlockTimerExpiry(QbftBlockHeightManager.java:140)
	at org.hyperledger.besu.consensus.common.bft.statemachine.BaseBftController.handleBlockTimerExpiry(BaseBftController.java:167)
	at org.hyperledger.besu.consensus.common.bft.EventMultiplexer.handleBftEvent(EventMultiplexer.java:65)
	at java.base/java.util.Optional.ifPresent(Optional.java:178)
	at org.hyperledger.besu.consensus.common.bft.BftProcessor.run(BftProcessor.java:65)
	at java.base/java.util.concurrent.ThreadPoolExecutor.runWorker(ThreadPoolExecutor.java:1144)
	at java.base/java.util.concurrent.ThreadPoolExecutor$Worker.run(ThreadPoolExecutor.java:642)
	at java.base/java.lang.Thread.run(Thread.java:1583)
2026-10-07 13:46:28.476+00:00 | EthScheduler-Workers-0 | INFO  | PersistBlockTask | Block 637 (0x4bc4d1ac278de0eb1f4766c21f017458b8c884c958c18aeccc2d098c0f5eacb9) is already imported
2026-10-07 13:46:28.479+00:00 | BftProcessorExecutor-QBFT-0 | INFO  | QbftBesuControllerBuilder | Produced #637 / 346 tx / 12474 pending / 83,721,620 (0.0%) gas / (0x4bc4d1ac278de0eb1f4766c21f017458b8c884c958c18aeccc2d098c0f5eacb9)
2026-10-07 13:46:33.105+00:00 | EthScheduler-Workers-0 | INFO  | PersistBlockTask | Block 638 (0x75980fa8d28c2731dd53469c7756ff561811d96ed22c401b1963f41c39852e67) is already imported
2026-10-07 13:46:33.106+00:00 | BftProcessorExecutor-QBFT-0 | INFO  | QbftBesuControllerBuilder | Imported #638 / 338 tx / 13410 pending / 81,785,860 (0.0%) gas / (0x75980fa8d28c2731dd53469c7756ff561811d96ed22c401b1963f41c39852e67)
2026-10-07 13:46:37.724+00:00 | EthScheduler-Workers-0 | INFO  | PersistBlockTask | Block 639 (0x4a88b66a088de375184054f34da31b795216dedf33c2e62e58854cdfd0316bad) is already imported
2026-10-07 13:46:37.726+00:00 | BftProcessorExecutor-QBFT-0 | INFO  | QbftBesuControllerBuilder | Imported #639 / 339 tx / 13071 pending / 82,027,830 (0.0%) gas / (0x4a88b66a088de375184054f34da31b795216dedf33c2e62e58854cdfd0316bad)
2026-10-07 13:46:42.327+00:00 | EthScheduler-Workers-0 | INFO  | PersistBlockTask | Block 640 (0x9de33be337e083683640af2f2fb80cbcf952e1d3cbc90456d20ea862691b3fd8) is already imported
2026-10-07 13:46:42.331+00:00 | BftProcessorExecutor-QBFT-0 | INFO  | QbftBesuControllerBuilder | Imported #640 / 344 tx / 12727 pending / 83,237,680 (0.0%) gas / (0x9de33be337e083683640af2f2fb80cbcf952e1d3cbc90456d20ea862691b3fd8)
2026-10-07 13:46:47.025+00:00 | EthScheduler-Workers-0 | INFO  | PersistBlockTask | Block 641 (0x73598c553b9f14018494b3849490c16a6c87521a515334f09865aa5c2a32f5ab) is already imported
2026-10-07 13:46:47.031+00:00 | BftProcessorExecutor-QBFT-0 | INFO  | QbftBesuControllerBuilder | Imported #641 / 352 tx / 12375 pending / 85,173,440 (0.0%) gas / (0x73598c553b9f14018494b3849490c16a6c87521a515334f09865aa5c2a32f5ab)
2026-10-07 13:46:51.756+00:00 | EthScheduler-Workers-0 | INFO  | PersistBlockTask | Block 642 (0xc8bfddc5de68d39e06deffe469d753bffd0437bbff6518e0f7f785ef58cf2f9e) is already imported
2026-10-07 13:46:51.762+00:00 | BftProcessorExecutor-QBFT-0 | INFO  | QbftBesuControllerBuilder | Imported #642 / 351 tx / 12024 pending / 84,931,470 (0.0%) gas / (0xc8bfddc5de68d39e06deffe469d753bffd0437bbff6518e0f7f785ef58cf2f9e)
2026-10-07 13:46:56.695+00:00 | EthScheduler-Workers-0 | INFO  | PersistBlockTask | Block 643 (0x5910b3e4d7806ec09c935f27b842883bff7f7da58546d1f95c01814e13ab10b3) is already imported
2026-10-07 13:46:56.732+00:00 | BftProcessorExecutor-QBFT-0 | INFO  | QbftBesuControllerBuilder | Imported #643 / 378 tx / 11646 pending / 91,464,660 (0.0%) gas / (0x5910b3e4d7806ec09c935f27b842883bff7f7da58546d1f95c01814e13ab10b3)
2026-10-07 13:47:01.203+00:00 | EthScheduler-Workers-0 | INFO  | PersistBlockTask | Block 644 (0x1ee4a5f7ad3a8adfa4594d872f5672ac8d87fa70f889dd56b84aeb83c91e460f) is already imported
2026-10-07 13:47:01.208+00:00 | BftProcessorExecutor-QBFT-0 | INFO  | QbftBesuControllerBuilder | Imported #644 / 329 tx / 11317 pending / 79,608,130 (0.0%) gas / (0x1ee4a5f7ad3a8adfa4594d872f5672ac8d87fa70f889dd56b84aeb83c91e460f)
2026-10-07 13:47:05.919+00:00 | EthScheduler-Workers-0 | INFO  | PersistBlockTask | Block 645 (0xff654b0672d51ebf5d5b5cfd1a2260c28fce2f87471dec10bdf88960d9f518f5) is already imported
2026-10-07 13:47:05.925+00:00 | BftProcessorExecutor-QBFT-0 | INFO  | QbftBesuControllerBuilder | Imported #645 / 349 tx / 10968 pending / 84,447,530 (0.0%) gas / (0xff654b0672d51ebf5d5b5cfd1a2260c28fce2f87471dec10bdf88960d9f518f5)
2026-10-07 13:47:10.859+00:00 | EthScheduler-Workers-0 | INFO  | PersistBlockTask | Block 646 (0x047c5dc0dc349ca9a8f8e6a9c119910cf092f43da2fde0b5142abc3d312df681) is already imported
2026-10-07 13:47:10.864+00:00 | BftProcessorExecutor-QBFT-0 | INFO  | QbftBesuControllerBuilder | Imported #646 / 374 tx / 10594 pending / 90,496,780 (0.0%) gas / (0x047c5dc0dc349ca9a8f8e6a9c119910cf092f43da2fde0b5142abc3d312df681)
2026-10-07 13:47:15.604+00:00 | EthScheduler-Workers-0 | INFO  | PersistBlockTask | Block 647 (0xc128c128d47f1d89bc79d3ced083e47c36fd315516fd063c1aeb53cbe1a2c568) is already imported
2026-10-07 13:47:15.611+00:00 | BftProcessorExecutor-QBFT-0 | INFO  | QbftBesuControllerBuilder | Imported #647 / 349 tx / 10245 pending / 84,447,530 (0.0%) gas / (0xc128c128d47f1d89bc79d3ced083e47c36fd315516fd063c1aeb53cbe1a2c568)
2026-10-07 13:47:20.381+00:00 | EthScheduler-Workers-0 | INFO  | PersistBlockTask | Block 648 (0xc6a42a08ffe893b0c1625f143836a39fefd699d5373cc124353a31255111dbae) is already imported
2026-10-07 13:47:20.415+00:00 | BftProcessorExecutor-QBFT-0 | INFO  | QbftBesuControllerBuilder | Imported #648 / 356 tx / 9889 pending / 86,141,320 (0.0%) gas / (0xc6a42a08ffe893b0c1625f143836a39fefd699d5373cc124353a31255111dbae)
2026-10-07 13:47:25.137+00:00 | EthScheduler-Workers-0 | INFO  | PersistBlockTask | Block 649 (0x5b77887bed87653aee4d6b2bf485aec89513fdce9aee81a6a894c8656e6b6cfc) is already imported
2026-10-07 13:47:25.143+00:00 | BftProcessorExecutor-QBFT-0 | INFO  | QbftBesuControllerBuilder | Imported #649 / 352 tx / 9537 pending / 85,173,440 (0.0%) gas / (0x5b77887bed87653aee4d6b2bf485aec89513fdce9aee81a6a894c8656e6b6cfc)
2026-10-07 13:47:29.838+00:00 | EthScheduler-Workers-0 | INFO  | PersistBlockTask | Block 650 (0xc07f4528240336423f059cc5e89f87e8490510d1479a990e44f42c911cb857c0) is already imported
2026-10-07 13:47:29.843+00:00 | BftProcessorExecutor-QBFT-0 | INFO  | QbftBesuControllerBuilder | Imported #650 / 350 tx / 9187 pending / 84,689,500 (0.0%) gas / (0xc07f4528240336423f059cc5e89f87e8490510d1479a990e44f42c911cb857c0)
2026-10-07 13:47:34.698+00:00 | EthScheduler-Workers-0 | INFO  | PersistBlockTask | Block 651 (0xc7d0bd82926949fd0437b2a5e983f932cdc321ef8c26bfebaa490a546cf910c5) is already imported
2026-10-07 13:47:34.703+00:00 | BftProcessorExecutor-QBFT-0 | INFO  | QbftBesuControllerBuilder | Imported #651 / 373 tx / 8814 pending / 90,254,810 (0.0%) gas / (0xc7d0bd82926949fd0437b2a5e983f932cdc321ef8c26bfebaa490a546cf910c5)
2026-10-07 13:47:36.210+00:00 | BftProcessorExecutor-QBFT-0 | WARN  | BlockTransactionSelector | Interrupting the selection of transactions for block inclusion as it exceeds the maximum configured duration of 1500ms
java.util.concurrent.TimeoutException
	at java.base/java.util.concurrent.CompletableFuture.timedGet(CompletableFuture.java:1960)
	at java.base/java.util.concurrent.CompletableFuture.get(CompletableFuture.java:2095)
	at org.hyperledger.besu.ethereum.blockcreation.txselection.BlockTransactionSelector.timeLimitedSelection(BlockTransactionSelector.java:186)
	at org.hyperledger.besu.ethereum.blockcreation.txselection.BlockTransactionSelector.buildTransactionListForBlock(BlockTransactionSelector.java:169)
	at org.hyperledger.besu.ethereum.blockcreation.AbstractBlockCreator.selectTransactions(AbstractBlockCreator.java:376)
	at org.hyperledger.besu.ethereum.blockcreation.AbstractBlockCreator.createBlock(AbstractBlockCreator.java:218)
	at org.hyperledger.besu.ethereum.blockcreation.AbstractBlockCreator.createBlock(AbstractBlockCreator.java:146)
	at org.hyperledger.besu.consensus.common.bft.blockcreation.BftBlockCreator.createBlock(BftBlockCreator.java:92)
	at org.hyperledger.besu.consensus.qbft.statemachine.QbftRound.createAndSendProposalMessage(QbftRound.java:137)
	at org.hyperledger.besu.consensus.qbft.statemachine.QbftBlockHeightManager.handleBlockTimerExpiry(QbftBlockHeightManager.java:140)
	at org.hyperledger.besu.consensus.common.bft.statemachine.BaseBftController.handleBlockTimerExpiry(BaseBftController.java:167)
	at org.hyperledger.besu.consensus.common.bft.EventMultiplexer.handleBftEvent(EventMultiplexer.java:65)
	at java.base/java.util.Optional.ifPresent(Optional.java:178)
	at org.hyperledger.besu.consensus.common.bft.BftProcessor.run(BftProcessor.java:65)
	at java.base/java.util.concurrent.ThreadPoolExecutor.runWorker(ThreadPoolExecutor.java:1144)
	at java.base/java.util.concurrent.ThreadPoolExecutor$Worker.run(ThreadPoolExecutor.java:642)
	at java.base/java.lang.Thread.run(Thread.java:1583)
2026-10-07 13:47:39.452+00:00 | EthScheduler-Workers-0 | INFO  | PersistBlockTask | Block 652 (0xa710cc855173041b55fb6b47d25c476a09a0748b32f38147c092a62eea3c643c) is already imported
2026-10-07 13:47:39.454+00:00 | BftProcessorExecutor-QBFT-0 | INFO  | QbftBesuControllerBuilder | Produced #652 / 348 tx / 8466 pending / 84,205,560 (0.0%) gas / (0xa710cc855173041b55fb6b47d25c476a09a0748b32f38147c092a62eea3c643c)
2026-10-07 13:47:44.122+00:00 | EthScheduler-Workers-0 | INFO  | PersistBlockTask | Block 653 (0x0948ece8888277a5995ed048d8bda5ef0d79982576dbe199417bea3113bfcb19) is already imported
2026-10-07 13:47:44.127+00:00 | BftProcessorExecutor-QBFT-0 | INFO  | QbftBesuControllerBuilder | Imported #653 / 349 tx / 8117 pending / 84,447,530 (0.0%) gas / (0x0948ece8888277a5995ed048d8bda5ef0d79982576dbe199417bea3113bfcb19)
2026-10-07 13:47:48.892+00:00 | EthScheduler-Workers-0 | INFO  | PersistBlockTask | Block 654 (0xbe4b3ab6bf1ea9fa59f24bd7c2172e212274c1dba1b500f5b9c27b3ba1af66ef) is already imported
2026-10-07 13:47:48.896+00:00 | BftProcessorExecutor-QBFT-0 | INFO  | QbftBesuControllerBuilder | Imported #654 / 351 tx / 7766 pending / 84,931,470 (0.0%) gas / (0xbe4b3ab6bf1ea9fa59f24bd7c2172e212274c1dba1b500f5b9c27b3ba1af66ef)
2026-10-07 13:47:53.360+00:00 | EthScheduler-Workers-0 | INFO  | PersistBlockTask | Block 655 (0x7009c464ba557540f432b4affbc10cffcab6143690dddb4a3555885313bad7dc) is already imported
2026-10-07 13:47:53.365+00:00 | BftProcessorExecutor-QBFT-0 | INFO  | QbftBesuControllerBuilder | Imported #655 / 338 tx / 7428 pending / 81,785,860 (0.0%) gas / (0x7009c464ba557540f432b4affbc10cffcab6143690dddb4a3555885313bad7dc)
2026-10-07 13:47:57.926+00:00 | EthScheduler-Workers-0 | INFO  | PersistBlockTask | Block 656 (0xf7ce667cbed8847351c00995da0f0c0eadd39d8b229eef5a06369dff1570aaff) is already imported
2026-10-07 13:47:57.930+00:00 | BftProcessorExecutor-QBFT-0 | INFO  | QbftBesuControllerBuilder | Imported #656 / 331 tx / 7097 pending / 80,092,070 (0.0%) gas / (0xf7ce667cbed8847351c00995da0f0c0eadd39d8b229eef5a06369dff1570aaff)
2026-10-07 13:48:02.857+00:00 | EthScheduler-Workers-0 | INFO  | PersistBlockTask | Block 657 (0x376f47eddcfc9d96feaa1180352abd92bbed895361766bb610ab1878c8c54967) is already imported
2026-10-07 13:48:02.862+00:00 | BftProcessorExecutor-QBFT-0 | INFO  | QbftBesuControllerBuilder | Imported #657 / 368 tx / 6729 pending / 89,044,960 (0.0%) gas / (0x376f47eddcfc9d96feaa1180352abd92bbed895361766bb610ab1878c8c54967)
2026-10-07 13:48:07.619+00:00 | EthScheduler-Workers-0 | INFO  | PersistBlockTask | Block 658 (0x4fdd6324e0bf987af6c2f1364a351d385f6d60efcacb0659d95378b1acac4df8) is already imported
2026-10-07 13:48:07.624+00:00 | BftProcessorExecutor-QBFT-0 | INFO  | QbftBesuControllerBuilder | Imported #658 / 372 tx / 6357 pending / 90,012,840 (0.0%) gas / (0x4fdd6324e0bf987af6c2f1364a351d385f6d60efcacb0659d95378b1acac4df8)
2026-10-07 13:48:12.367+00:00 | BftProcessorExecutor-QBFT-0 | INFO  | QbftBesuControllerBuilder | Imported #659 / 351 tx / 6006 pending / 84,931,470 (0.0%) gas / (0xbafc668371b9a0b6f4e3e315e82a6dc3c227b58d538d136f8881d150631bdbb3)
2026-10-07 13:48:17.138+00:00 | EthScheduler-Workers-0 | INFO  | PersistBlockTask | Block 660 (0x187b4ed051ccf3f81472ea7a753c3af4539bfd093635469fa1bb6c123a065d7f) is already imported
2026-10-07 13:48:17.143+00:00 | BftProcessorExecutor-QBFT-0 | INFO  | QbftBesuControllerBuilder | Imported #660 / 348 tx / 5658 pending / 84,205,560 (0.0%) gas / (0x187b4ed051ccf3f81472ea7a753c3af4539bfd093635469fa1bb6c123a065d7f)
2026-10-07 13:48:21.872+00:00 | EthScheduler-Workers-0 | INFO  | PersistBlockTask | Block 661 (0x7824856a09da90378779c9a00216deffdac88e2afc23099ce8390394da5c8c17) is already imported
2026-10-07 13:48:21.889+00:00 | BftProcessorExecutor-QBFT-0 | INFO  | QbftBesuControllerBuilder | Imported #661 / 370 tx / 5288 pending / 89,528,900 (0.0%) gas / (0x7824856a09da90378779c9a00216deffdac88e2afc23099ce8390394da5c8c17)
2026-10-07 13:48:26.606+00:00 | BftProcessorExecutor-QBFT-0 | INFO  | QbftBesuControllerBuilder | Imported #662 / 348 tx / 4940 pending / 84,205,560 (0.0%) gas / (0x5db77bc0884579140485c04dbe56424495c12cd81009e799f53d541e9e2414c2)
2026-10-07 13:48:31.377+00:00 | EthScheduler-Workers-0 | INFO  | PersistBlockTask | Block 663 (0xcc5af8963e2b68f07d9c1cbe9360d2fcbb128d76392b3f28e217eade98c8b1b8) is already imported
2026-10-07 13:48:31.380+00:00 | BftProcessorExecutor-QBFT-0 | INFO  | QbftBesuControllerBuilder | Imported #663 / 350 tx / 4590 pending / 84,689,500 (0.0%) gas / (0xcc5af8963e2b68f07d9c1cbe9360d2fcbb128d76392b3f28e217eade98c8b1b8)
2026-10-07 13:48:36.153+00:00 | EthScheduler-Workers-0 | INFO  | PersistBlockTask | Block 664 (0x7c18e80edb4bb1b073071058fb7f1869a78ffcf1ff8c9a07aa65ec329fdc8d1e) is already imported
2026-10-07 13:48:36.157+00:00 | BftProcessorExecutor-QBFT-0 | INFO  | QbftBesuControllerBuilder | Imported #664 / 361 tx / 4229 pending / 87,351,170 (0.0%) gas / (0x7c18e80edb4bb1b073071058fb7f1869a78ffcf1ff8c9a07aa65ec329fdc8d1e)
2026-10-07 13:48:40.867+00:00 | EthScheduler-Workers-0 | INFO  | PersistBlockTask | Block 665 (0x1fbb484b4300a17dd5b59e7a0d4d309bd3fbee08f06bc5e367c35eaa56527e7e) is already imported
2026-10-07 13:48:40.870+00:00 | BftProcessorExecutor-QBFT-0 | INFO  | QbftBesuControllerBuilder | Imported #665 / 347 tx / 3882 pending / 83,963,590 (0.0%) gas / (0x1fbb484b4300a17dd5b59e7a0d4d309bd3fbee08f06bc5e367c35eaa56527e7e)
2026-10-07 13:48:45.608+00:00 | EthScheduler-Workers-0 | INFO  | PersistBlockTask | Block 666 (0x1b392ae98027fc248a139f89ced1c177ac8dc3078f02227c6e19665af5ad5631) is already imported
2026-10-07 13:48:45.610+00:00 | BftProcessorExecutor-QBFT-0 | INFO  | QbftBesuControllerBuilder | Imported #666 / 350 tx / 3532 pending / 84,689,500 (0.0%) gas / (0x1b392ae98027fc248a139f89ced1c177ac8dc3078f02227c6e19665af5ad5631)
2026-10-07 13:48:47.115+00:00 | BftProcessorExecutor-QBFT-0 | WARN  | BlockTransactionSelector | Interrupting the selection of transactions for block inclusion as it exceeds the maximum configured duration of 1500ms
java.util.concurrent.TimeoutException
	at java.base/java.util.concurrent.CompletableFuture.timedGet(CompletableFuture.java:1960)
	at java.base/java.util.concurrent.CompletableFuture.get(CompletableFuture.java:2095)
	at org.hyperledger.besu.ethereum.blockcreation.txselection.BlockTransactionSelector.timeLimitedSelection(BlockTransactionSelector.java:186)
	at org.hyperledger.besu.ethereum.blockcreation.txselection.BlockTransactionSelector.buildTransactionListForBlock(BlockTransactionSelector.java:169)
	at org.hyperledger.besu.ethereum.blockcreation.AbstractBlockCreator.selectTransactions(AbstractBlockCreator.java:376)
	at org.hyperledger.besu.ethereum.blockcreation.AbstractBlockCreator.createBlock(AbstractBlockCreator.java:218)
	at org.hyperledger.besu.ethereum.blockcreation.AbstractBlockCreator.createBlock(AbstractBlockCreator.java:146)
	at org.hyperledger.besu.consensus.common.bft.blockcreation.BftBlockCreator.createBlock(BftBlockCreator.java:92)
	at org.hyperledger.besu.consensus.qbft.statemachine.QbftRound.createAndSendProposalMessage(QbftRound.java:137)
	at org.hyperledger.besu.consensus.qbft.statemachine.QbftBlockHeightManager.handleBlockTimerExpiry(QbftBlockHeightManager.java:140)
	at org.hyperledger.besu.consensus.common.bft.statemachine.BaseBftController.handleBlockTimerExpiry(BaseBftController.java:167)
	at org.hyperledger.besu.consensus.common.bft.EventMultiplexer.handleBftEvent(EventMultiplexer.java:65)
	at java.base/java.util.Optional.ifPresent(Optional.java:178)
	at org.hyperledger.besu.consensus.common.bft.BftProcessor.run(BftProcessor.java:65)
	at java.base/java.util.concurrent.ThreadPoolExecutor.runWorker(ThreadPoolExecutor.java:1144)
	at java.base/java.util.concurrent.ThreadPoolExecutor$Worker.run(ThreadPoolExecutor.java:642)
	at java.base/java.lang.Thread.run(Thread.java:1583)
2026-10-07 13:48:50.194+00:00 | BftProcessorExecutor-QBFT-0 | INFO  | QbftBesuControllerBuilder | Produced #667 / 332 tx / 3200 pending / 80,334,040 (0.0%) gas / (0x2374a8ba9e0aebed812d59aa0d6b70fd2922011b4f7b5264457b6fecdae0fb54)
2026-10-07 13:48:55.190+00:00 | EthScheduler-Workers-0 | INFO  | PersistBlockTask | Block 668 (0x7d950d24682c11859c558a348648b506238d6befaf4b53449f75006989564478) is already imported
2026-10-07 13:48:55.208+00:00 | BftProcessorExecutor-QBFT-0 | INFO  | QbftBesuControllerBuilder | Imported #668 / 374 tx / 2826 pending / 90,496,780 (0.0%) gas / (0x7d950d24682c11859c558a348648b506238d6befaf4b53449f75006989564478)
2026-10-07 13:48:59.970+00:00 | EthScheduler-Workers-0 | INFO  | PersistBlockTask | Block 669 (0xb4c0f7fc4fb16795b8289b252da9acbc168d3b3495953505bb60dabbeba671b9) is already imported
2026-10-07 13:48:59.973+00:00 | BftProcessorExecutor-QBFT-0 | INFO  | QbftBesuControllerBuilder | Imported #669 / 350 tx / 2476 pending / 84,689,500 (0.0%) gas / (0xb4c0f7fc4fb16795b8289b252da9acbc168d3b3495953505bb60dabbeba671b9)
2026-10-07 13:49:04.620+00:00 | EthScheduler-Workers-0 | INFO  | PersistBlockTask | Block 670 (0x10060b7480684594deb9515bd819a293841e57b3b24638cbe3a154e54bd8230e) is already imported
2026-10-07 13:49:04.623+00:00 | BftProcessorExecutor-QBFT-0 | INFO  | QbftBesuControllerBuilder | Imported #670 / 343 tx / 2133 pending / 82,995,710 (0.0%) gas / (0x10060b7480684594deb9515bd819a293841e57b3b24638cbe3a154e54bd8230e)
2026-10-07 13:49:09.369+00:00 | EthScheduler-Workers-0 | INFO  | PersistBlockTask | Block 671 (0xad2e64d99a073be66cdd75bf6d20267a51a1aec01144958ad8636930075f93aa) is already imported
2026-10-07 13:49:09.372+00:00 | BftProcessorExecutor-QBFT-0 | INFO  | QbftBesuControllerBuilder | Imported #671 / 350 tx / 1783 pending / 84,689,500 (0.0%) gas / (0xad2e64d99a073be66cdd75bf6d20267a51a1aec01144958ad8636930075f93aa)
2026-10-07 13:49:13.733+00:00 | BftProcessorExecutor-QBFT-0 | INFO  | QbftBesuControllerBuilder | Imported #672 / 320 tx / 1463 pending / 77,430,400 (0.0%) gas / (0x55e4ee49191ac00e9bd00cd918226133901416f6f2922ecb14c887b645f97726)
2026-10-07 13:49:17.149+00:00 | EthScheduler-Workers-0 | INFO  | PersistBlockTask | Block 673 (0xa4646e3d4921f44814384d5d0131df4577b85fd64ed4920e36757fed7cd3dac7) is already imported
2026-10-07 13:49:17.159+00:00 | BftProcessorExecutor-QBFT-0 | INFO  | QbftBesuControllerBuilder | Imported #673 / 262 tx / 1201 pending / 63,396,140 (0.0%) gas / (0xa4646e3d4921f44814384d5d0131df4577b85fd64ed4920e36757fed7cd3dac7)
2026-10-07 13:49:21.174+00:00 | BftProcessorExecutor-QBFT-0 | INFO  | QbftBesuControllerBuilder | Imported #674 / 293 tx / 908 pending / 70,897,210 (0.0%) gas / (0x7a35b6029758e14fe262fbfe7196c9a138ffc61b5390e394fcaf3e57f506012a)
2026-10-07 13:49:24.431+00:00 | BftProcessorExecutor-QBFT-0 | INFO  | QbftBesuControllerBuilder | Imported #675 / 241 tx / 667 pending / 58,314,770 (0.0%) gas / (0xd442e833310022bd0334b133e9c3abf5b39bf48a7abd148dccb1dbe4e5aaf796)
2026-10-07 13:49:26.363+00:00 | BftProcessorExecutor-QBFT-0 | INFO  | QbftBesuControllerBuilder | Imported #676 / 143 tx / 524 pending / 34,601,710 (0.0%) gas / (0xb701f27ba92d09151c578e385182e7eb43899137054955b8e922d899a63d9ca7)
2026-10-07 13:49:27.846+00:00 | EthScheduler-Workers-0 | INFO  | PersistBlockTask | Block 677 (0x7b2b8c02c9eabb62da74c49022da48380f5226f7861e7a36bcd8deabe96e0edc) is already imported
2026-10-07 13:49:27.851+00:00 | BftProcessorExecutor-QBFT-0 | INFO  | QbftBesuControllerBuilder | Imported #677 / 106 tx / 418 pending / 25,648,820 (0.0%) gas / (0x7b2b8c02c9eabb62da74c49022da48380f5226f7861e7a36bcd8deabe96e0edc)
2026-10-07 13:49:28.808+00:00 | BftProcessorExecutor-QBFT-0 | INFO  | QbftBesuControllerBuilder | Imported #678 / 57 tx / 361 pending / 13,792,290 (0.0%) gas / (0x1d137e4d44da71fe1e7a823b45dca0c83279b64e61b1ab10b609e955ea89bd46)
2026-10-07 13:49:30.977+00:00 | BftProcessorExecutor-QBFT-0 | INFO  | QbftBesuControllerBuilder | Imported #679 / 63 tx / 298 pending / 15,244,110 (0.0%) gas / (0xcaf6065fe7362cc1f5f914215cec6017f30f6d5faecd3fa22f5b3485c6c1e81b)
2026-10-07 13:49:32.798+00:00 | BftProcessorExecutor-QBFT-0 | INFO  | QbftBesuControllerBuilder | Imported #680 / 52 tx / 246 pending / 12,582,440 (0.0%) gas / (0x58f7f260c769e570584c7bf738a5bdee960992258cbfe263116cac25e05e669c)
2026-10-07 13:49:34.446+00:00 | BftProcessorExecutor-QBFT-0 | INFO  | QbftBesuControllerBuilder | Imported #681 / 24 tx / 222 pending / 5,807,280 (0.0%) gas / (0xd257676d55a4b2a81036bbd0b61fefee6143e4a90dd9308fb70539351a137ab5)
2026-10-07 13:49:34.446+00:00 | EthScheduler-Workers-0 | INFO  | PersistBlockTask | Block 681 (0xd257676d55a4b2a81036bbd0b61fefee6143e4a90dd9308fb70539351a137ab5) is already imported
2026-10-07 13:49:36.949+00:00 | BftProcessorExecutor-QBFT-0 | INFO  | QbftBesuControllerBuilder | Produced #682 / 64 tx / 158 pending / 15,486,080 (0.0%) gas / (0x3d25abdc371b201828e14065c72ec9898b96c8bbd3b673a2912b50f69d6506f7)
2026-10-07 13:49:38.507+00:00 | EthScheduler-Workers-0 | INFO  | PersistBlockTask | Block 683 (0x9e61da415f4514fa15f90f6fdf957467cb9e7c6fe008556b87f9927ee3dfd60b) is already imported
2026-10-07 13:49:38.507+00:00 | BftProcessorExecutor-QBFT-0 | INFO  | QbftBesuControllerBuilder | Imported #683 / 29 tx / 129 pending / 7,017,130 (0.0%) gas / (0x9e61da415f4514fa15f90f6fdf957467cb9e7c6fe008556b87f9927ee3dfd60b)
2026-10-07 13:49:40.892+00:00 | BftProcessorExecutor-QBFT-0 | INFO  | QbftBesuControllerBuilder | Imported #684 / 49 tx / 80 pending / 11,856,530 (0.0%) gas / (0x77dd7dd1108829e3453e99910ac2cf5f7506f293f31c29bfe6a9d7226889d9df)
2026-10-07 13:49:42.798+00:00 | EthScheduler-Workers-0 | INFO  | PersistBlockTask | Block 685 (0xd5d54312d912d6670a4ec4d3b9140b54945d7f2a848c11ee6fdb573edfadd433) is already imported
2026-10-07 13:49:42.798+00:00 | BftProcessorExecutor-QBFT-0 | INFO  | QbftBesuControllerBuilder | Imported #685 / 52 tx / 28 pending / 12,582,440 (0.0%) gas / (0xd5d54312d912d6670a4ec4d3b9140b54945d7f2a848c11ee6fdb573edfadd433)
2026-10-07 13:49:44.505+00:00 | EthScheduler-Workers-0 | INFO  | PersistBlockTask | Block 686 (0xba5aceaaf6bad432d5f7844a804d61149f0e53aa560b003dd2bbb208f209209c) is already imported
2026-10-07 13:49:44.506+00:00 | BftProcessorExecutor-QBFT-0 | INFO  | QbftBesuControllerBuilder | Imported #686 / 28 tx / 0 pending / 6,775,160 (0.0%) gas / (0xba5aceaaf6bad432d5f7844a804d61149f0e53aa560b003dd2bbb208f209209c)
2026-10-07 13:49:46.065+00:00 | BftProcessorExecutor-QBFT-0 | INFO  | QbftBesuControllerBuilder | Imported #687 / 0 tx / 0 pending / 0 (0.0%) gas / (0x94c83a4bdc8dfcf69d636be37c8a7e5c28f48211de454d76821c0c49dd755629)
2026-10-07 13:49:48.080+00:00 | BftProcessorExecutor-QBFT-0 | INFO  | QbftBesuControllerBuilder | Imported #688 / 0 tx / 0 pending / 0 (0.0%) gas / (0x0c734eff11b1a0355e5d8856a5df202e29bcf16f490bc177283796c16ac2355b)
2026-10-07 13:49:50.087+00:00 | BftProcessorExecutor-QBFT-0 | INFO  | QbftBesuControllerBuilder | Imported #689 / 0 tx / 0 pending / 0 (0.0%) gas / (0xa463b167bf77290d6a24c733ab04aa6ccb5bae32f687816c07c70735b7148034)
2026-10-07 13:49:52.089+00:00 | BftProcessorExecutor-QBFT-0 | INFO  | QbftBesuControllerBuilder | Imported #690 / 0 tx / 0 pending / 0 (0.0%) gas / (0x17a3f33e4ba9580c9a7b6015d756d1b4e1462c1bc39899a04598055b8f406f3f)
2026-10-07 13:49:54.084+00:00 | BftProcessorExecutor-QBFT-0 | INFO  | QbftBesuControllerBuilder | Imported #691 / 0 tx / 0 pending / 0 (0.0%) gas / (0x98697624987342f0831d1ea88571f28d7af225cb858653fe0be034f1e5ba8d3a)
2026-10-07 13:49:56.085+00:00 | BftProcessorExecutor-QBFT-0 | INFO  | QbftBesuControllerBuilder | Imported #692 / 0 tx / 0 pending / 0 (0.0%) gas / (0xff3016673f6c56658db0e7c285f30e1ca84471c4366396056bcfc37256449c25)
2026-10-07 13:49:58.090+00:00 | BftProcessorExecutor-QBFT-0 | INFO  | QbftBesuControllerBuilder | Imported #693 / 0 tx / 0 pending / 0 (0.0%) gas / (0x0b9382bfd6989a3cbab17c1d17893a12852c67ab911a28f2500cea94f7adb5e3)
2026-10-07 13:50:00.080+00:00 | BftProcessorExecutor-QBFT-0 | INFO  | QbftBesuControllerBuilder | Imported #694 / 0 tx / 0 pending / 0 (0.0%) gas / (0xbe9bea8b45857d66306cfcc40f65c6dfa3f685600acffcc2030988c40d95abd0)
2026-10-07 13:50:02.096+00:00 | BftProcessorExecutor-QBFT-0 | INFO  | QbftBesuControllerBuilder | Imported #695 / 0 tx / 0 pending / 0 (0.0%) gas / (0x24333fc797b02d0fd3f2d82d3625a9d198e3a055fb6216f172bf0d08f960f0bc)
2026-10-07 13:50:04.096+00:00 | BftProcessorExecutor-QBFT-0 | INFO  | QbftBesuControllerBuilder | Imported #696 / 0 tx / 0 pending / 0 (0.0%) gas / (0x4653f7bbb5f60c95229d47192f88b81f29e624ed50e23fbb8fb4756c8f678336)
2026-10-07 13:50:06.090+00:00 | BftProcessorExecutor-QBFT-0 | INFO  | QbftBesuControllerBuilder | Produced #697 / 0 tx / 0 pending / 0 (0.0%) gas / (0x7d09db40e22b817fe4635c3970781966fced1a293b52f44250ba5bd3453b0dbd)
2026-10-07 13:50:08.087+00:00 | BftProcessorExecutor-QBFT-0 | INFO  | QbftBesuControllerBuilder | Imported #698 / 0 tx / 0 pending / 0 (0.0%) gas / (0xe3f800b30eab33417866641f26f96cd6f817eaec665cfed312dc4e1e6eb97d1f)
2026-10-07 13:50:10.090+00:00 | BftProcessorExecutor-QBFT-0 | INFO  | QbftBesuControllerBuilder | Imported #699 / 0 tx / 0 pending / 0 (0.0%) gas / (0x851bb8e4601093ad440c21020b57f9c0a1cec1d0e9d7e23d419188f24723f3ae)
2026-10-07 13:50:12.089+00:00 | BftProcessorExecutor-QBFT-0 | INFO  | QbftBesuControllerBuilder | Imported #700 / 0 tx / 0 pending / 0 (0.0%) gas / (0x80649e7ebb8cd58bf089df7a1ead79aaf99a26e1f9ea576678f332db79313a4e)
2026-10-07 13:50:14.083+00:00 | BftProcessorExecutor-QBFT-0 | INFO  | QbftBesuControllerBuilder | Imported #701 / 0 tx / 0 pending / 0 (0.0%) gas / (0xc39fd54dd1a720b58d14471ed8399f64f25e047d520a0310e1cf47ea75054075)
2026-10-07 13:50:16.089+00:00 | BftProcessorExecutor-QBFT-0 | INFO  | QbftBesuControllerBuilder | Imported #702 / 0 tx / 0 pending / 0 (0.0%) gas / (0xb54a4c6cf5ceea165ff12c1cbd130c4db3c60770fa5b6af8867cfb02ca55d88a)
2026-10-07 13:50:18.092+00:00 | BftProcessorExecutor-QBFT-0 | INFO  | QbftBesuControllerBuilder | Imported #703 / 0 tx / 0 pending / 0 (0.0%) gas / (0xd898cf1fbdcdc46fc7e2b52bd2bb8038e9a2dcc7daba4232deaaad10b799c74e)
2026-10-07 13:50:20.085+00:00 | BftProcessorExecutor-QBFT-0 | INFO  | QbftBesuControllerBuilder | Imported #704 / 0 tx / 0 pending / 0 (0.0%) gas / (0xb95ac4f7e144e4f9449e9d686014901260fc35e38c6ad23eb68f0c1ec8c5e081)
2026-10-07 13:50:22.081+00:00 | BftProcessorExecutor-QBFT-0 | INFO  | QbftBesuControllerBuilder | Imported #705 / 0 tx / 0 pending / 0 (0.0%) gas / (0x5cb2301e0849885615d4795ffe7fc2e65d3cdda260100d0d10e6edf01e8ad15d)
2026-10-07 13:50:24.090+00:00 | BftProcessorExecutor-QBFT-0 | INFO  | QbftBesuControllerBuilder | Imported #706 / 0 tx / 0 pending / 0 (0.0%) gas / (0x6f8a135962254670dbd1cbd3c744ff95c3ac5efe0935969585e27fe42c0fccae)
2026-10-07 13:50:26.089+00:00 | BftProcessorExecutor-QBFT-0 | INFO  | QbftBesuControllerBuilder | Imported #707 / 0 tx / 0 pending / 0 (0.0%) gas / (0x21cb8940f3f9e95b6a9c0a78b961edae6fbce8428e56d648663e26c2815d7e53)
2026-10-07 13:50:28.088+00:00 | BftProcessorExecutor-QBFT-0 | INFO  | QbftBesuControllerBuilder | Imported #708 / 0 tx / 0 pending / 0 (0.0%) gas / (0x2ff7488afc5186c19500175361301abda4b0b4aa7e4a15bc2003b30953f496a7)
2026-10-07 13:50:30.088+00:00 | BftProcessorExecutor-QBFT-0 | INFO  | QbftBesuControllerBuilder | Imported #709 / 0 tx / 0 pending / 0 (0.0%) gas / (0x94678fcb7dcf397d0106c0c44b358757ffbbff905193c25e4fe782efb2cc8a72)
2026-10-07 13:50:32.095+00:00 | BftProcessorExecutor-QBFT-0 | INFO  | QbftBesuControllerBuilder | Imported #710 / 0 tx / 0 pending / 0 (0.0%) gas / (0xe5ebb9382aeef3d8063fbf2048e18ea08ad0e387d6c56e43c42ccd40c5ccabf8)
2026-10-07 13:50:34.094+00:00 | BftProcessorExecutor-QBFT-0 | INFO  | QbftBesuControllerBuilder | Imported #711 / 0 tx / 0 pending / 0 (0.0%) gas / (0x0b21b46d7ac05775328204ea7a9fd9ed751c98f99c0483c35319b89956eb8758)
2026-10-07 13:50:36.085+00:00 | BftProcessorExecutor-QBFT-0 | INFO  | QbftBesuControllerBuilder | Produced #712 / 0 tx / 0 pending / 0 (0.0%) gas / (0x3eea5ef369b4bcd3722f3790294962d14870064a9bfdf932198423a306cbbe40)
2026-10-07 13:50:38.087+00:00 | BftProcessorExecutor-QBFT-0 | INFO  | QbftBesuControllerBuilder | Imported #713 / 0 tx / 0 pending / 0 (0.0%) gas / (0x7fb282e69754f7c668eb292ee5543499ecd9dc71c7e66c104032615f4220de55)
2026-10-07 13:50:40.089+00:00 | BftProcessorExecutor-QBFT-0 | INFO  | QbftBesuControllerBuilder | Imported #714 / 0 tx / 0 pending / 0 (0.0%) gas / (0x9a01523c6038d894b0d8079404c10d134141ee233949b10a15b46c7872895c53)
2026-10-07 13:50:40.092+00:00 | EthScheduler-Workers-0 | INFO  | PersistBlockTask | Block 714 (0x9a01523c6038d894b0d8079404c10d134141ee233949b10a15b46c7872895c53) is already imported
2026-10-07 13:50:42.088+00:00 | BftProcessorExecutor-QBFT-0 | INFO  | QbftBesuControllerBuilder | Imported #715 / 0 tx / 0 pending / 0 (0.0%) gas / (0xbd2f0487e385f394a38ccd7b326b4953530a5546a89cf40ab7142750f2912a42)
2026-10-07 13:50:44.093+00:00 | BftProcessorExecutor-QBFT-0 | INFO  | QbftBesuControllerBuilder | Imported #716 / 0 tx / 0 pending / 0 (0.0%) gas / (0xabb83d06bb2054898754d99e4de52d5ee2079c53daf8c1326f905d9bb6a51e9c)
2026-10-07 13:50:46.095+00:00 | BftProcessorExecutor-QBFT-0 | INFO  | QbftBesuControllerBuilder | Imported #717 / 0 tx / 0 pending / 0 (0.0%) gas / (0x379e142bc4544da22c95745b61020efcf2a856ed3ad63608f5c6eb465368bc8b)
2026-10-07 13:50:48.086+00:00 | BftProcessorExecutor-QBFT-0 | INFO  | QbftBesuControllerBuilder | Imported #718 / 0 tx / 0 pending / 0 (0.0%) gas / (0xc46fb7539277b747dd41b515b2c80b1f035e9962b395a4e0ee8d8ba8d53126a2)
2026-10-07 13:50:50.095+00:00 | BftProcessorExecutor-QBFT-0 | INFO  | QbftBesuControllerBuilder | Imported #719 / 0 tx / 0 pending / 0 (0.0%) gas / (0xe2a2f6c5b4b201c857a35f9de04e3476a4a9265f5e08c4f781ec4145aceb5592)
2026-10-07 13:50:52.093+00:00 | BftProcessorExecutor-QBFT-0 | INFO  | QbftBesuControllerBuilder | Imported #720 / 0 tx / 0 pending / 0 (0.0%) gas / (0x366d61b5afe69c0d63a396b6f07931a34663c936664eb0a7da567a016cefe411)
2026-10-07 13:50:54.080+00:00 | BftProcessorExecutor-QBFT-0 | INFO  | QbftBesuControllerBuilder | Imported #721 / 0 tx / 0 pending / 0 (0.0%) gas / (0xa58866b60119f80bb3190184cf0bccda965203dded7b12c5df2370986b3878df)
2026-10-07 13:50:56.094+00:00 | BftProcessorExecutor-QBFT-0 | INFO  | QbftBesuControllerBuilder | Imported #722 / 0 tx / 0 pending / 0 (0.0%) gas / (0xb4aecd73a5d157b3994dc5a7220dde0058a90a590f6c3ea48830fc196ca00775)
2026-10-07 13:50:58.095+00:00 | BftProcessorExecutor-QBFT-0 | INFO  | QbftBesuControllerBuilder | Imported #723 / 0 tx / 0 pending / 0 (0.0%) gas / (0x573a9221ebdea801f2ed8295826dbbf68b2e4d149b2ff68ec5096be798dac711)
2026-10-07 13:51:00.095+00:00 | BftProcessorExecutor-QBFT-0 | INFO  | QbftBesuControllerBuilder | Imported #724 / 0 tx / 0 pending / 0 (0.0%) gas / (0x0f00d0791a62bca7cd97e285bbc7cc10586c45841d12c89bd80abe36d74d0a42)
2026-10-07 13:51:02.092+00:00 | BftProcessorExecutor-QBFT-0 | INFO  | QbftBesuControllerBuilder | Imported #725 / 0 tx / 0 pending / 0 (0.0%) gas / (0x28c112c43e43beeceaa2229a0937d50f80f79320e167e7ac74597e7669799697)
2026-10-07 13:51:04.102+00:00 | BftProcessorExecutor-QBFT-0 | INFO  | QbftBesuControllerBuilder | Imported #726 / 0 tx / 0 pending / 0 (0.0%) gas / (0xb38047fc14801a58bc3a681cdd685e31be57281a21534cf41ba870067099053f)
2026-10-07 13:51:06.095+00:00 | BftProcessorExecutor-QBFT-0 | INFO  | QbftBesuControllerBuilder | Produced #727 / 0 tx / 0 pending / 0 (0.0%) gas / (0x0ee34ff0865d36014ffbe8652db454e6e154abdf84adba455475f0bab2169942)
2026-10-07 13:51:08.090+00:00 | BftProcessorExecutor-QBFT-0 | INFO  | QbftBesuControllerBuilder | Imported #728 / 0 tx / 0 pending / 0 (0.0%) gas / (0x107464d3a0819203d30622b2cddb9ca1a07127770979e71232951f8c02b0c561)
2026-10-07 13:51:10.085+00:00 | BftProcessorExecutor-QBFT-0 | INFO  | QbftBesuControllerBuilder | Imported #729 / 0 tx / 0 pending / 0 (0.0%) gas / (0x7c2569e90914ceeda34b0625b080836dc1bf5d48d8d58d60345f7718e68e78fc)
2026-10-07 13:51:12.089+00:00 | BftProcessorExecutor-QBFT-0 | INFO  | QbftBesuControllerBuilder | Imported #730 / 0 tx / 0 pending / 0 (0.0%) gas / (0xf9c2a3f5f57a42cfab63003dd6c77786f38e04b17eff69b69103855aae44d918)
2026-10-07 13:51:14.086+00:00 | BftProcessorExecutor-QBFT-0 | INFO  | QbftBesuControllerBuilder | Imported #731 / 0 tx / 0 pending / 0 (0.0%) gas / (0x1b32a7913ce89a3d261cf5852729c36ce265bf28e2f75b4d5febd32aa977fbd6)
2026-10-07 13:51:16.076+00:00 | BftProcessorExecutor-QBFT-0 | INFO  | QbftBesuControllerBuilder | Imported #732 / 0 tx / 0 pending / 0 (0.0%) gas / (0x85b910f4814f156dfad57afe1d97a24602a2f6a8f5a6bb4d514a54ef938a1ee8)
2026-10-07 13:51:18.094+00:00 | BftProcessorExecutor-QBFT-0 | INFO  | QbftBesuControllerBuilder | Imported #733 / 0 tx / 0 pending / 0 (0.0%) gas / (0xb3af7da65f9f504d64e7f8f1c22173e6b34edc80d7d1bf9ae196b57974cd128b)
2026-10-07 13:51:20.086+00:00 | BftProcessorExecutor-QBFT-0 | INFO  | QbftBesuControllerBuilder | Imported #734 / 0 tx / 0 pending / 0 (0.0%) gas / (0x0bba66e850235b699ce1bb973ccee42b1d1ab369efe54617d13a916af41870d1)
2026-10-07 13:51:22.088+00:00 | BftProcessorExecutor-QBFT-0 | INFO  | QbftBesuControllerBuilder | Imported #735 / 0 tx / 0 pending / 0 (0.0%) gas / (0xa9ee5f4bad1fe89d8e454bc567d3e14497ca72d4034d5dc27df3fabc3f381d38)
2026-10-07 13:51:24.091+00:00 | BftProcessorExecutor-QBFT-0 | INFO  | QbftBesuControllerBuilder | Imported #736 / 0 tx / 0 pending / 0 (0.0%) gas / (0x7c5f5d3736ad5ef8393d924b5fb8650106def5db95f4eb4601cf351ae72d54f1)
2026-10-07 13:51:26.068+00:00 | BftProcessorExecutor-QBFT-0 | INFO  | QbftBesuControllerBuilder | Imported #737 / 0 tx / 0 pending / 0 (0.0%) gas / (0xbd4c263fd5c9cccc6a9ffff93c594bfae933581dc48d1d99f6a37584acce2bbc)
2026-10-07 13:51:28.088+00:00 | BftProcessorExecutor-QBFT-0 | INFO  | QbftBesuControllerBuilder | Imported #738 / 0 tx / 0 pending / 0 (0.0%) gas / (0x5d96b893082f2170ffe17348fed09d71e13b4b492ab875bbbe4c5335fd702a79)
2026-10-07 13:51:30.092+00:00 | BftProcessorExecutor-QBFT-0 | INFO  | QbftBesuControllerBuilder | Imported #739 / 0 tx / 0 pending / 0 (0.0%) gas / (0xe3c18c9f092675525845054a12c46eec9a5673e26cf558c5e51f3be1dfe7d838)
2026-10-07 13:51:32.097+00:00 | BftProcessorExecutor-QBFT-0 | INFO  | QbftBesuControllerBuilder | Imported #740 / 0 tx / 0 pending / 0 (0.0%) gas / (0x3e03763427b544c0cfcdc28db41688ba28b5a5aef9d0c0f010e236173a6ec5ee)
2026-10-07 13:51:34.089+00:00 | BftProcessorExecutor-QBFT-0 | INFO  | QbftBesuControllerBuilder | Imported #741 / 0 tx / 0 pending / 0 (0.0%) gas / (0xf2575a21acf241f0e01b966890383866406ecee4221145b537cd5c7b21fdb92d)
2026-10-07 13:51:36.087+00:00 | BftProcessorExecutor-QBFT-0 | INFO  | QbftBesuControllerBuilder | Produced #742 / 0 tx / 0 pending / 0 (0.0%) gas / (0xfacb6abe15caadbf1520fe7e03fffebeb8e7fe7730aff497faad109138a3c5b1)
2026-10-07 13:51:38.093+00:00 | BftProcessorExecutor-QBFT-0 | INFO  | QbftBesuControllerBuilder | Imported #743 / 0 tx / 0 pending / 0 (0.0%) gas / (0x27c28d0eae6131066c6cc5a51b783a6ca733a1988f6bb8b80d78e3b5573eb0c2)
2026-10-07 13:51:40.093+00:00 | BftProcessorExecutor-QBFT-0 | INFO  | QbftBesuControllerBuilder | Imported #744 / 0 tx / 0 pending / 0 (0.0%) gas / (0xa2de6db1138e34439c81893ac94453f16aab2c538f39a4d8dc0fedd2d87358b2)
2026-10-07 13:51:42.088+00:00 | BftProcessorExecutor-QBFT-0 | INFO  | QbftBesuControllerBuilder | Imported #745 / 0 tx / 0 pending / 0 (0.0%) gas / (0x6ade6048b18b4aecdeb691dab1240dad97daf7b9a840a3bfe8c04616a5a48fd7)
2026-10-07 13:51:44.088+00:00 | BftProcessorExecutor-QBFT-0 | INFO  | QbftBesuControllerBuilder | Imported #746 / 0 tx / 0 pending / 0 (0.0%) gas / (0x8169d049cc508f3cb3e98ffc6cc3c3ac9adf8c734498b4d42b299834884c8e97)
2026-10-07 13:51:46.090+00:00 | BftProcessorExecutor-QBFT-0 | INFO  | QbftBesuControllerBuilder | Imported #747 / 0 tx / 0 pending / 0 (0.0%) gas / (0x8eabe0e43494e462cdce47b548a49c1847d1f7883410c2715fb8081935fc3ca4)
2026-10-07 13:51:48.087+00:00 | BftProcessorExecutor-QBFT-0 | INFO  | QbftBesuControllerBuilder | Imported #748 / 0 tx / 0 pending / 0 (0.0%) gas / (0xc9f7fc541fc600246e1752a21c4940278ae2261b09284e34db89f9377ae5ce1e)
2026-10-07 13:51:50.086+00:00 | BftProcessorExecutor-QBFT-0 | INFO  | QbftBesuControllerBuilder | Imported #749 / 0 tx / 0 pending / 0 (0.0%) gas / (0xe47b2d0bd14f6d0c03575a562582421fecf12fd0df85e9dea311593a6bf482c0)
2026-10-07 13:51:52.089+00:00 | BftProcessorExecutor-QBFT-0 | INFO  | QbftBesuControllerBuilder | Imported #750 / 0 tx / 0 pending / 0 (0.0%) gas / (0x57c324d44282a0e59a57aec04fa19c88b09b2157ec73dcb787a624ccbe41d045)
2026-10-07 13:51:54.081+00:00 | BftProcessorExecutor-QBFT-0 | INFO  | QbftBesuControllerBuilder | Imported #751 / 0 tx / 0 pending / 0 (0.0%) gas / (0xe253dc29ea7dc02173ccd62eb32a4e2a14bf9cad1d4aa308b58b8a421a1c769e)
2026-10-07 13:51:56.088+00:00 | BftProcessorExecutor-QBFT-0 | INFO  | QbftBesuControllerBuilder | Imported #752 / 0 tx / 0 pending / 0 (0.0%) gas / (0x3809882dd2e99200255886187b9472de843cc8d693673daa72cd62df963b1c5c)
2026-10-07 13:51:58.111+00:00 | BftProcessorExecutor-QBFT-0 | INFO  | QbftBesuControllerBuilder | Imported #753 / 1 tx / 7 pending / 153,630 (0.0%) gas / (0x6b42707ac919fa463027d5ee15f1cbe9a5cb9e03050541db485fde8da14a0b46)
2026-10-07 13:52:00.100+00:00 | BftProcessorExecutor-QBFT-0 | INFO  | QbftBesuControllerBuilder | Imported #754 / 1 tx / 6 pending / 153,630 (0.0%) gas / (0x27af1a4237c84ba7952e71f1dd69ecbb72ebff766bab058a8ba9174747ffcdcf)
2026-10-07 13:52:02.115+00:00 | BftProcessorExecutor-QBFT-0 | INFO  | QbftBesuControllerBuilder | Imported #755 / 1 tx / 5 pending / 153,650 (0.0%) gas / (0x99e611a38e017a37612017e75e69795dfb6a7a2ef91a7239414a8480080f5aec)
2026-10-07 13:52:04.100+00:00 | BftProcessorExecutor-QBFT-0 | INFO  | QbftBesuControllerBuilder | Imported #756 / 1 tx / 4 pending / 153,618 (0.0%) gas / (0x610bf9989bc48aafac8583241eb96c242af66b87bf0d6d39276b7a54b43dce06)
2026-10-07 13:52:04.101+00:00 | EthScheduler-Workers-0 | INFO  | PersistBlockTask | Block 756 (0x610bf9989bc48aafac8583241eb96c242af66b87bf0d6d39276b7a54b43dce06) is already imported
2026-10-07 13:52:06.108+00:00 | BftProcessorExecutor-QBFT-0 | INFO  | QbftBesuControllerBuilder | Produced #757 / 1 tx / 3 pending / 153,650 (0.0%) gas / (0x1d3d4ac327189cf037a9612058e67ec02da210f57ca14f192d868dc659a91e4a)
2026-10-07 13:52:06.108+00:00 | EthScheduler-Workers-0 | INFO  | PersistBlockTask | Block 757 (0x1d3d4ac327189cf037a9612058e67ec02da210f57ca14f192d868dc659a91e4a) is already imported
2026-10-07 13:52:08.091+00:00 | BftProcessorExecutor-QBFT-0 | INFO  | QbftBesuControllerBuilder | Imported #758 / 0 tx / 3 pending / 0 (0.0%) gas / (0xd0a68223a35ba3c87d36843b042aacc6c8083c0713b47c6283b23307a49a148f)
2026-10-07 13:52:10.094+00:00 | BftProcessorExecutor-QBFT-0 | INFO  | QbftBesuControllerBuilder | Imported #759 / 0 tx / 3 pending / 0 (0.0%) gas / (0xe649595ddd9604da18b42c1857381954900aaf05db9d93f0794f6e1d87d9fbe8)
2026-10-07 13:52:12.094+00:00 | BftProcessorExecutor-QBFT-0 | INFO  | QbftBesuControllerBuilder | Imported #760 / 0 tx / 3 pending / 0 (0.0%) gas / (0xcf6a731e28f2c219e415cef72949507d50db70484293a7e444bd38af524ab326)
2026-10-07 13:52:14.087+00:00 | BftProcessorExecutor-QBFT-0 | INFO  | QbftBesuControllerBuilder | Imported #761 / 0 tx / 3 pending / 0 (0.0%) gas / (0x7fe3b9123887994433a6b4b34a16338eb5afb13e7915a9858a9710415c102979)
2026-10-07 13:52:14.086+00:00 | EthScheduler-Workers-0 | INFO  | PersistBlockTask | Block 761 (0x7fe3b9123887994433a6b4b34a16338eb5afb13e7915a9858a9710415c102979) is already imported
2026-10-07 13:52:16.092+00:00 | BftProcessorExecutor-QBFT-0 | INFO  | QbftBesuControllerBuilder | Imported #762 / 0 tx / 3 pending / 0 (0.0%) gas / (0x0539580a611bd0deb4bd879c9d8f31a40428e46e23f1eaca9ef0e18a16bee124)
2026-10-07 13:52:18.093+00:00 | BftProcessorExecutor-QBFT-0 | INFO  | QbftBesuControllerBuilder | Imported #763 / 0 tx / 3 pending / 0 (0.0%) gas / (0x4b09fa451bd501ed7f7e8ef7ec06393df051394aed5d439c33bcea7eec151bfe)
2026-10-07 13:52:20.092+00:00 | BftProcessorExecutor-QBFT-0 | INFO  | QbftBesuControllerBuilder | Imported #764 / 0 tx / 3 pending / 0 (0.0%) gas / (0xdcb062416ad7a515fc8ccdba77a93e343120a17b9eabaa92cbf3dc3f02d92d2c)
2026-10-07 13:52:20.093+00:00 | EthScheduler-Workers-0 | INFO  | PersistBlockTask | Block 764 (0xdcb062416ad7a515fc8ccdba77a93e343120a17b9eabaa92cbf3dc3f02d92d2c) is already imported
2026-10-07 13:52:22.108+00:00 | BftProcessorExecutor-QBFT-0 | INFO  | QbftBesuControllerBuilder | Imported #765 / 1 tx / 2 pending / 153,650 (0.0%) gas / (0x4868911f3912202fd5180a5ec91359c1ddfe6c71ecb07390ad5ce63f9f006c13)
2026-10-07 13:52:24.114+00:00 | BftProcessorExecutor-QBFT-0 | INFO  | QbftBesuControllerBuilder | Imported #766 / 1 tx / 1 pending / 153,618 (0.0%) gas / (0xe15b04aa61e610c207357e267cfd11450b8dc140527c178d655466f85b7e1d74)
2026-10-07 13:52:26.107+00:00 | BftProcessorExecutor-QBFT-0 | INFO  | QbftBesuControllerBuilder | Imported #767 / 1 tx / 0 pending / 153,630 (0.0%) gas / (0x58ad20281ce9b5fea8b4f66e12be1e1f210f1731e5a17dc4410b3ccaaaf8b553)
2026-10-07 13:52:28.057+00:00 | BftProcessorExecutor-QBFT-0 | INFO  | QbftBesuControllerBuilder | Imported #768 / 0 tx / 0 pending / 0 (0.0%) gas / (0xc9e7f557757653cdafcd28ea740f920d040757c01ad45ef566feb7aa92e6327d)
2026-10-07 13:52:30.088+00:00 | BftProcessorExecutor-QBFT-0 | INFO  | QbftBesuControllerBuilder | Imported #769 / 0 tx / 0 pending / 0 (0.0%) gas / (0x18134c0bf6fbb8f1f1381e2fcc4665c6a5b1045016f270865ab258de25b34b75)
2026-10-07 13:52:32.087+00:00 | BftProcessorExecutor-QBFT-0 | INFO  | QbftBesuControllerBuilder | Imported #770 / 0 tx / 0 pending / 0 (0.0%) gas / (0x0532b642eb66b5e863b501eaccfe06615f1bfac07b3b38c8f25995164694c94a)
2026-10-07 13:52:34.085+00:00 | BftProcessorExecutor-QBFT-0 | INFO  | QbftBesuControllerBuilder | Imported #771 / 0 tx / 0 pending / 0 (0.0%) gas / (0xdf4d8e06aae973838223fa3543a5320d5b21d39d4ff4cf5a1000252d39cfe71a)
2026-10-07 13:52:36.082+00:00 | EthScheduler-Workers-0 | INFO  | PersistBlockTask | Imported #772 / 0 tx / 0 om / 0 (0.0%) gas / (0x7c4833fa0e2d15fcaba1eb704901b85a6aad0fe337f19a300b4708c86014860a) in 0.001s. Peers: 14
2026-10-07 13:52:38.088+00:00 | BftProcessorExecutor-QBFT-0 | INFO  | QbftBesuControllerBuilder | Imported #773 / 0 tx / 0 pending / 0 (0.0%) gas / (0xd6f1a52f8bd8b707f92494162ed16bd2ad2ec08bcc5abd8ca0e3386ba90f492f)
2026-10-07 13:52:40.093+00:00 | BftProcessorExecutor-QBFT-0 | INFO  | QbftBesuControllerBuilder | Imported #774 / 0 tx / 0 pending / 0 (0.0%) gas / (0x5bac50dbd1428233eabd8c960a79181f968688812f35baa52044e3e63d20f05f)
2026-10-07 13:52:42.090+00:00 | BftProcessorExecutor-QBFT-0 | INFO  | QbftBesuControllerBuilder | Imported #775 / 0 tx / 0 pending / 0 (0.0%) gas / (0xe5584d7dea46be95092d152025e1f03f8b75a0f5941a653473081e95a0160a85)
2026-10-07 13:52:44.081+00:00 | BftProcessorExecutor-QBFT-0 | INFO  | QbftBesuControllerBuilder | Imported #776 / 0 tx / 0 pending / 0 (0.0%) gas / (0xebfffd45d1b9f24d5243c46b1574ba45a6aeb0f48bf1d2f9c3c2fa3a529e8736)
2026-10-07 13:52:46.082+00:00 | BftProcessorExecutor-QBFT-0 | INFO  | QbftBesuControllerBuilder | Imported #777 / 0 tx / 0 pending / 0 (0.0%) gas / (0x403974f97059bad8340a3594e11d7af074ff797d5953fd989ee277425e840d05)
2026-10-07 13:52:48.076+00:00 | BftProcessorExecutor-QBFT-0 | INFO  | QbftBesuControllerBuilder | Imported #778 / 0 tx / 0 pending / 0 (0.0%) gas / (0xe9c45e4c8f6b9ae5c9d27f7f17b658ed02f7e50fdfd8026bc55ee991363fff56)
2026-10-07 13:52:48.076+00:00 | EthScheduler-Workers-0 | INFO  | PersistBlockTask | Block 778 (0xe9c45e4c8f6b9ae5c9d27f7f17b658ed02f7e50fdfd8026bc55ee991363fff56) is already imported
2026-10-07 13:52:50.085+00:00 | BftProcessorExecutor-QBFT-0 | INFO  | QbftBesuControllerBuilder | Imported #779 / 0 tx / 0 pending / 0 (0.0%) gas / (0x815b0da4b6cbe0fe08cd6bef8b042e6a415ee380e31cf244a60e8ef9ff7e4e30)
2026-10-07 13:52:52.083+00:00 | BftProcessorExecutor-QBFT-0 | INFO  | QbftBesuControllerBuilder | Imported #780 / 0 tx / 0 pending / 0 (0.0%) gas / (0x4a1ee848cf91530dc523c13d7314dd005c69d652a13a6dbf4e7450fc8c9400cd)
2026-10-07 13:52:54.054+00:00 | BftProcessorExecutor-QBFT-0 | INFO  | QbftBesuControllerBuilder | Imported #781 / 0 tx / 0 pending / 0 (0.0%) gas / (0x37b1c3361f85a5336a5280dd48d505f15fb76f782490ef522e80d6661af6e9f6)
2026-10-07 13:52:56.088+00:00 | BftProcessorExecutor-QBFT-0 | INFO  | QbftBesuControllerBuilder | Imported #782 / 0 tx / 0 pending / 0 (0.0%) gas / (0x06a907c23de4cc4f5b593c919a245fe9cd202e11378afdaade69b9fd0aa645c7)
2026-10-07 13:52:58.081+00:00 | BftProcessorExecutor-QBFT-0 | INFO  | QbftBesuControllerBuilder | Imported #783 / 0 tx / 0 pending / 0 (0.0%) gas / (0x13c3e7aa3148f6b66406d1a1435f18fdd83fde5789b0f96c505c2424dd70d5af)
2026-10-07 13:53:00.060+00:00 | BftProcessorExecutor-QBFT-0 | INFO  | QbftBesuControllerBuilder | Imported #784 / 0 tx / 0 pending / 0 (0.0%) gas / (0x5abd0ec318a7cdf03f7048bc76c73965ec7113e02412acd151a4137c6b18fd02)
2026-10-07 13:53:02.093+00:00 | BftProcessorExecutor-QBFT-0 | INFO  | QbftBesuControllerBuilder | Imported #785 / 0 tx / 0 pending / 0 (0.0%) gas / (0x0af82daee4c3b68cccf439e0cb4e90aef91766fb1faf5c0d9cdae6e7d4c7012f)
2026-10-07 13:53:04.073+00:00 | EthScheduler-Workers-0 | INFO  | PersistBlockTask | Block 786 (0x20f751a2d019facf26286289314b4c950031d2e5fc8095e7d486eb385269597e) is already imported
2026-10-07 13:53:04.073+00:00 | BftProcessorExecutor-QBFT-0 | INFO  | QbftBesuControllerBuilder | Imported #786 / 0 tx / 0 pending / 0 (0.0%) gas / (0x20f751a2d019facf26286289314b4c950031d2e5fc8095e7d486eb385269597e)
2026-10-07 13:53:06.052+00:00 | BftProcessorExecutor-QBFT-0 | INFO  | QbftBesuControllerBuilder | Produced #787 / 0 tx / 0 pending / 0 (0.0%) gas / (0xe00217a845605e5cb018f76df4e25146fed8d1b19ce37fcb8e051492485cd764)
2026-10-07 13:53:08.078+00:00 | BftProcessorExecutor-QBFT-0 | INFO  | QbftBesuControllerBuilder | Imported #788 / 0 tx / 0 pending / 0 (0.0%) gas / (0xd6e49d2c6a6568a6dc21896ad1c1a48453d961a44fc98f5dc81022a8a244a85f)
2026-10-07 13:53:10.079+00:00 | BftProcessorExecutor-QBFT-0 | INFO  | QbftBesuControllerBuilder | Imported #789 / 0 tx / 0 pending / 0 (0.0%) gas / (0x1a655dc07228831fc6a47f2f1023dde46c96213afdd2b93b08c486662aeef46a)
2026-10-07 13:53:12.056+00:00 | BftProcessorExecutor-QBFT-0 | INFO  | QbftBesuControllerBuilder | Imported #790 / 0 tx / 0 pending / 0 (0.0%) gas / (0x1d2fcc448fdbab6e46c0a6a61a7fce52b54aa07739c76861c667e4caede800d1)
